<?xml version="1.0" encoding="iso-8859-1" ?>
<newsitem itemid="718291" id="root" date="1997-07-10" xml:lang="en">
<title>USA: TABLE - MuniMae Q2 shr $0.36.</title>
<headline>TABLE - MuniMae Q2 shr $0.36.</headline>
<dateline>BALTIMORE 1997-07-10</dateline>
<text>
<p>MUNICIPAL MORTGAGE AND EQUITY, L.L.C.</p>
<p>		   CONDENSED CONSOLIDATED STATEMENTS OF INCOME</p>
<p>					(Unaudited)</p>
<p>		  (in thousands, except share and per share data)</p>
<p>				For the three		  For the six</p>
<p>			     months ended		   months ended</p>
<p>				   June 30,			 June 30,</p>
<p>			   1997	1996		 1997	1996</p>
<p>			   ---------------		--------------</p>
<p>INCOME:</p>
<p>Interest on mortgage revenue bonds and other bond related</p>
<p> investments     $ 4,124    $ 3,463	    $ 8,143   $ 6,526</p>
<p>Interest on parity working capital loans demand notes and</p>
<p> other loans	   751	   54		1,556	 107</p>
<p>Interest on short-term investments</p>
<p>			   200	   80		  470	 154</p>
<p>Equity in MLP II	--	  929		   --     1,808</p>
<p>Other income	   251	   --		  501	  --</p>
<p>		   ----------  ----------	---------  --------</p>
<p>   TOTAL INCOME    5,326	4,526	     10,670     8,595</p>
<p>		   ----------  ----------	---------  --------</p>
<p>EXPENSES:</p>
<p>Operating expenses   739	  951		1,551     1,793</p>
<p>Minority interest     --	    5		   --	  10</p>
<p>Other-than-temporary impairments related o investments in</p>
<p>mortgage revenue bonds</p>
<p>			    --	3,990		   --     3,990</p>
<p>		   ----------  ----------	---------  --------</p>
<p>   TOTAL EXPENSES    739	4,946		1,551     5,793</p>
<p>		   ----------  ----------	---------  --------</p>
<p>NET INCOME	 $ 4,587    $  (420)	   $ 9,119   $ 2,802</p>
<p>		   ----------  ----------	---------  --------</p>
<p>LESS:</p>
<p>Net income allocable to partners prior to the merger on</p>
<p> Aug. 1, 1996	   --	 (420)		 --	2,802</p>
<p>Net income allocable to preferred shares and term growth</p>
<p>shares subsequent to the merger on</p>
<p>  Aug. 1, 1996	 587	   --		1,170	  --</p>
<p>		   ----------  ----------	---------  --------</p>
<p>NET INCOME ALLOCATED</p>
<p>TO GROWTH SHARES</p>
<p>		     $ 4,000    $    --	    $ 7,949   $    --</p>
<p>		   ----------  ----------	---------  --------</p>
<p>EARNINGS PER GROWTH</p>
<p> SHARE	     $  0.36			   $  0.72</p>
<p>		   ----------			---------</p>
<p>Weighted average</p>
<p> shares outstanding  11,104,142			11,099,631</p>
</text>
<copyright>(c) Reuters Limited 1997</copyright>
<metadata>
<codes class="bip:countries:1.0">
  <code code="USA">
    <editdetail attribution="Reuters BIP Coding Group" action="confirmed" date="1997-07-10"/>
  </code>
</codes>
<codes class="bip:topics:1.0">
  <code code="C15">
    <editdetail attribution="Reuters BIP Coding Group" action="confirmed" date="1997-07-10"/>
  </code>
  <code code="C151">
    <editdetail attribution="Reuters BIP Coding Group" action="confirmed" date="1997-07-10"/>
  </code>
  <code code="CCAT">
    <editdetail attribution="Reuters BIP Coding Group" action="confirmed" date="1997-07-10"/>
  </code>
</codes>
<dc element="dc.date.created" value="1997-07-10"/>
<dc element="dc.publisher" value="Reuters Holdings Plc"/>
<dc element="dc.date.published" value="1997-07-10"/>
<dc element="dc.source" value="Reuters"/>
<dc element="dc.creator.location" value="BALTIMORE"/>
<dc element="dc.creator.location.country.name" value="USA"/>
<dc element="dc.source" value="Reuters"/>
</metadata>
</newsitem>
