<?xml version="1.0" encoding="iso-8859-1" ?>
<newsitem itemid="718211" id="root" date="1997-07-10" xml:lang="en">
<title>CANADA: Toronto stocks open higher on stronger golds.</title>
<headline>Toronto stocks open higher on stronger golds.</headline>
<dateline>TORONTO 1997-07-10</dateline>
<text>
<p>CHANGE				     CHANGE</p>
<p>TSE	 6583.91   +9.30   HI 6583.91	    LO  6583.91</p>
<p>DJI	 7865.27  +24.84   GOLD (LONDON)   US$319.65  +2.35</p>
<p>FTSE	4747.70  -14.70   GOLD (COMEX)    US$320.70  +1.80</p>
<p>NIKKEI   19754.78  +57.61   LME CASH NICKEL US$6751	  0</p>
<p>CANDLR     1.3729	     LME CASH ALUM   US$1551.0  +23.0</p>
<p>CAN 30-YR  118.33   -0.17   BRENT CRUDE     US$17.95   -0.26</p>
<p>---------------------MARKET COMMENT--------------------------</p>
<p>* Toronto stocks opened higher as expected on Thursday, as stronger bullion prices boosted the shares of gold producers. * 6.69 million shares changed hands, worth C$88.29 million.  </p>
<p>Toronto stocks opened higher as expected on Thursday as a rise in bullion helped strengthen shares of gold producers.</p>
<p>&quot;Gold's up a couple of bucks so there are a lot of guys hoping it's bottomed out here. So you're just seeing some buying, bottom-fishing, whatever you want to call it,&quot; one Toronto-based trader said.</p>
<p>The Toronto Stock Exchange's key 300 Composite Index opened higher, rising 9.30 points to 6583.91 on turnover of 6.69 million shares worth C$88.29 million. There were 226 advancing stocks, 168 decliners and 215 unchanged.  </p>
<p>Eleven of the TSE's 14 subgroups rose in early trade. Shares of gold producers recorded the strongest gains, rising 119.88 points or 1.59 percent.</p>
<p>Comex gold rose US$1.80 on Thursday to US$320.70, after earlier this week touching 12-year lows.</p>
<p>Shares of oil producers weighed heavily on the market, falling 0.88 percent. Among the worst performing oil stocks was Renaissance Energy Ltd. The Calgary-based company tumbled 2.90 to 36.40 with more than 580,000 shares changing hands.</p>
<p>--- HOT STOCKS ---</p>
<p>* Barrick Gold Corp, the world's second largest gold producer, helped lead the market higher, rising 0.70 to 29.65 with more than 130,000 shares changings hands.</p>
<p>* Alcan Aluminium Ltd rose 0.20 to 48.55 in thin trade. The world largest aluminum producer is expected to report second-quarter earnings later in the session.</p>
<p>((Jeffrey Hodgson (416) 941-8105, e-mail: jeffrey.hodgson@reuters.com))</p>
</text>
<copyright>(c) Reuters Limited 1997</copyright>
<metadata>
<codes class="bip:countries:1.0">
  <code code="CANA">
    <editdetail attribution="Reuters BIP Coding Group" action="confirmed" date="1997-07-10"/>
  </code>
</codes>
<codes class="bip:topics:1.0">
  <code code="M11">
    <editdetail attribution="Reuters BIP Coding Group" action="confirmed" date="1997-07-10"/>
  </code>
  <code code="MCAT">
    <editdetail attribution="Reuters BIP Coding Group" action="confirmed" date="1997-07-10"/>
  </code>
</codes>
<dc element="dc.date.created" value="1997-07-10"/>
<dc element="dc.publisher" value="Reuters Holdings Plc"/>
<dc element="dc.date.published" value="1997-07-10"/>
<dc element="dc.source" value="Reuters"/>
<dc element="dc.creator.location" value="TORONTO"/>
<dc element="dc.creator.location.country.name" value="CANADA"/>
<dc element="dc.source" value="Reuters"/>
</metadata>
</newsitem>
