<?xml version="1.0" encoding="iso-8859-1" ?>
<newsitem itemid="718243" id="root" date="1997-07-10" xml:lang="en">
<title>USA: TABLE-Tubby's Inc Q2 net profit vs loss.</title>
<headline>TABLE-Tubby's Inc Q2 net profit vs loss.</headline>
<dateline>STERLING HEIGHTS, Mich. 1997-07-10</dateline>
<text>
<p>1997			1996</p>
<p> Shr			    $NA			$NA</p>
<p> Net	profit		2     loss	    13</p>
<p> Revs			   879			657</p>
<p> Avg shrs			NA			 NA</p>
<p>(All Data Above 000s Except Per Share Numbers)</p>
</text>
<copyright>(c) Reuters Limited 1997</copyright>
<metadata>
<codes class="bip:countries:1.0">
  <code code="USA">
    <editdetail attribution="Reuters BIP Coding Group" action="confirmed" date="1997-07-10"/>
  </code>
</codes>
<codes class="bip:industries:1.0">
  <code code="I66100">
    <editdetail attribution="Reuters BIP Coding Group" action="confirmed" date="1997-07-10"/>
  </code>
</codes>
<codes class="bip:topics:1.0">
  <code code="C15">
    <editdetail attribution="Reuters BIP Coding Group" action="confirmed" date="1997-07-10"/>
  </code>
  <code code="C151">
    <editdetail attribution="Reuters BIP Coding Group" action="confirmed" date="1997-07-10"/>
  </code>
  <code code="CCAT">
    <editdetail attribution="Reuters BIP Coding Group" action="confirmed" date="1997-07-10"/>
  </code>
</codes>
<dc element="dc.date.created" value="1997-07-10"/>
<dc element="dc.publisher" value="Reuters Holdings Plc"/>
<dc element="dc.date.published" value="1997-07-10"/>
<dc element="dc.source" value="Reuters"/>
<dc element="dc.creator.location" value="STERLING HEIGHTS, Mich."/>
<dc element="dc.creator.location.country.name" value="USA"/>
<dc element="dc.source" value="Reuters"/>
</metadata>
</newsitem>
