<?xml version="1.0" encoding="iso-8859-1" ?>
<newsitem itemid="718285" id="root" date="1997-07-10" xml:lang="en">
<title>USA: Nasdaq delists Holly Holdings stock.</title>
<headline>Nasdaq delists Holly Holdings stock.</headline>
<dateline>NEW YORK 1997-07-10</dateline>
<text>
<p>The Nasdaq Stock Market said on Thursday that it delisted Holly Holdings Inc from its Smallcap Market.</p>
<p>A Nasdaq spokesman said Holly Holdings was delisted &quot;for reasons concerning the public interest and voting rights.&quot; The spokesman refused to comment further, citing Nasdaq's policy not to discuss the specifics of its rulings.</p>
<p>Holly Holdings waved its opportunity for an appeal hearing scheduled for today, according to a company attorney.</p>
<p>&quot;We had no shot at winning an appeal,&quot; the lawyer said.</p>
<p>In an earlier press release, Holly said it is requesting that its market-makers file Securities and Exchange Commission Form 211 with the National Association of Securities Dealers (NASD) immediately in order for the common stock to resume trading on the OTC Bulletin Board.  Market makers submit the form on behalf of a stock they want quoted on the OTC Bulliten Board.</p>
<p>&quot;This is the fastest way to get it back on the board,&quot; the lawyer said. The company hopes the stock will resume trading sometime next week.</p>
<p>According to the Holly Holdings lawyer, the Nasdaq was concerned because, &quot;of the dilution of shares through some regulation S offerings, and the company's past history of losses.&quot;</p>
<p>Commenting on the delisting, Holly president William Patrowicz told Reuters, &quot;There's no problem with us.  We just got $65 million in financing to build the largest casino in the state of Colorado.&quot;</p>
<p>Country World Casino, which is controlled by Holly, signed a financing agreement to build the casino in Black Hawk, Colo., Thursday.</p>
<p>In March, Holly brought Country World out of Chapter 11 bankruptcy. The company said it has paid Country World's creditors in full.</p>
</text>
<copyright>(c) Reuters Limited 1997</copyright>
<metadata>
<codes class="bip:countries:1.0">
  <code code="USA">
    <editdetail attribution="Reuters BIP Coding Group" action="confirmed" date="1997-07-10"/>
  </code>
</codes>
<codes class="bip:industries:1.0">
  <code code="I46000">
    <editdetail attribution="Reuters BIP Coding Group" action="confirmed" date="1997-07-10"/>
  </code>
</codes>
<codes class="bip:topics:1.0">
  <code code="C14">
    <editdetail attribution="Reuters BIP Coding Group" action="confirmed" date="1997-07-10"/>
  </code>
  <code code="CCAT">
    <editdetail attribution="Reuters BIP Coding Group" action="confirmed" date="1997-07-10"/>
  </code>
</codes>
<dc element="dc.date.created" value="1997-07-10"/>
<dc element="dc.publisher" value="Reuters Holdings Plc"/>
<dc element="dc.date.published" value="1997-07-10"/>
<dc element="dc.source" value="Reuters"/>
<dc element="dc.creator.location" value="NEW YORK"/>
<dc element="dc.creator.location.country.name" value="USA"/>
<dc element="dc.source" value="Reuters"/>
</metadata>
</newsitem>
