<?xml version="1.0" encoding="iso-8859-1" ?>
<newsitem itemid="718216" id="root" date="1997-07-10" xml:lang="en">
<title>CANADA: Nortel to invest $125 mln in Brazil plant.</title>
<headline>Nortel to invest $125 mln in Brazil plant.</headline>
<dateline>TORONTO 1997-07-10</dateline>
<text>
<p>Northern Telecom Ltd said it was chosen to provide telecommunications equipment and services worth $300 million in Brazil and plans to invest $125 million in a Sao Paulo plant.</p>
<p>A consortium led by U.S.-based BellSouth Corp granted Nortel, Canada's largest telecommunications firm, part of a $2.45 billion contract to provide the city of Sao Paulo with a cellular telephone network, Nortel said in a conference call.</p>
<p>The company estimated the contract was one of the largest such deals awarded outside the United States.  </p>
<p>Last year Nortel had a $1 billion deal with Sprint.</p>
<p>Nortel will design, build and commission a digital cellular network to serve the greater Sao Paulo metropolitan area starting in 1998.</p>
<p>&quot;Over the next ten years, as network capacity is expanded and more customers are served, the value of the contract could increase,&quot; Nortel said in a statement.</p>
<p>The consortium, which includes Banco Safra, media group O Estado de Sao Paulo and telecommunications equipment maker Splice, all of Brazil, beat out six other groups for the 20-year concession from the Communications Ministry on Wednesday.</p>
<p>Also, Nortel will make digital wireless telecommunications systems starting in 1997's fourth quarter at a Campinas, Sao Paulo State plant in concert with Brazilian engineering firm Promon Eletronica. Its initial investment will total more than $25 million in manufacturing and $100 million in other operations such as training, research and development.</p>
<p>((Reuters Toronto Bureau (416) 941-8100))</p>
</text>
<copyright>(c) Reuters Limited 1997</copyright>
<metadata>
<codes class="bip:countries:1.0">
  <code code="BRAZ">
    <editdetail attribution="Reuters BIP Coding Group" action="confirmed" date="1997-07-10"/>
  </code>
  <code code="CANA">
    <editdetail attribution="Reuters BIP Coding Group" action="confirmed" date="1997-07-10"/>
  </code>
</codes>
<codes class="bip:industries:1.0">
  <code code="I34410">
    <editdetail attribution="Reuters BIP Coding Group" action="confirmed" date="1997-07-10"/>
  </code>
  <code code="I79020">
    <editdetail attribution="Reuters BIP Coding Group" action="confirmed" date="1997-07-10"/>
  </code>
</codes>
<codes class="bip:topics:1.0">
  <code code="C11">
    <editdetail attribution="Reuters BIP Coding Group" action="confirmed" date="1997-07-10"/>
  </code>
  <code code="C24">
    <editdetail attribution="Reuters BIP Coding Group" action="confirmed" date="1997-07-10"/>
  </code>
  <code code="CCAT">
    <editdetail attribution="Reuters BIP Coding Group" action="confirmed" date="1997-07-10"/>
  </code>
</codes>
<dc element="dc.date.created" value="1997-07-10"/>
<dc element="dc.publisher" value="Reuters Holdings Plc"/>
<dc element="dc.date.published" value="1997-07-10"/>
<dc element="dc.source" value="Reuters"/>
<dc element="dc.creator.location" value="TORONTO"/>
<dc element="dc.creator.location.country.name" value="CANADA"/>
<dc element="dc.source" value="Reuters"/>
</metadata>
</newsitem>
