<?xml version="1.0" encoding="iso-8859-1" ?>
<newsitem itemid="718343" id="root" date="1997-07-10" xml:lang="en">
<title>USA: Integrated Packaging names Verderico CEO.</title>
<headline>Integrated Packaging names Verderico CEO.</headline>
<dateline>SAN JOSE, Calif. 1997-07-10</dateline>
<text>
<p>Integrated Packaging Assembly Corp said Thursday it named Patrick Verderico, currently executive vice president and chief operating officer, to the posts of chief executive officer and president.</p>
<p>He succeeds Victor Batinovich, who resigned to pursue other interests.</p>
<p>The comany said it has not yet found a successor for the office of chairman, which had also been held by Batinovich.</p>
</text>
<copyright>(c) Reuters Limited 1997</copyright>
<metadata>
<codes class="bip:countries:1.0">
  <code code="USA">
    <editdetail attribution="Reuters BIP Coding Group" action="confirmed" date="1997-07-10"/>
  </code>
</codes>
<codes class="bip:topics:1.0">
  <code code="C41">
    <editdetail attribution="Reuters BIP Coding Group" action="confirmed" date="1997-07-10"/>
  </code>
  <code code="C411">
    <editdetail attribution="Reuters BIP Coding Group" action="confirmed" date="1997-07-10"/>
  </code>
  <code code="CCAT">
    <editdetail attribution="Reuters BIP Coding Group" action="confirmed" date="1997-07-10"/>
  </code>
</codes>
<dc element="dc.date.created" value="1997-07-10"/>
<dc element="dc.publisher" value="Reuters Holdings Plc"/>
<dc element="dc.date.published" value="1997-07-10"/>
<dc element="dc.source" value="Reuters"/>
<dc element="dc.creator.location" value="SAN JOSE, Calif."/>
<dc element="dc.creator.location.country.name" value="USA"/>
<dc element="dc.source" value="Reuters"/>
</metadata>
</newsitem>
