<?xml version="1.0" encoding="iso-8859-1" ?>
<newsitem itemid="718314" id="root" date="1997-07-10" xml:lang="en">
<title>USA: US banks free reserves $596 mln/day rvsd July 2 two wks.</title>
<headline>US banks free reserves $596 mln/day rvsd July 2 two wks.</headline>
<dateline>NEW YORK 1997-07-10</dateline>
<text>
<p>U.S. commercial banks had revised free reserves of $596 million per day in the two weeks ended July 2, versus revised free reserves of $1,061 million in the previous two-week period, the Federal Reserve said.</p>
<p>Seasonal borrowings were $300 million versus $205 million a day. Extended credits were nil.</p>
<p>(( -- N.A. Treasury Desk, 212-859-1660 ))</p>
</text>
<copyright>(c) Reuters Limited 1997</copyright>
<metadata>
<codes class="bip:countries:1.0">
  <code code="USA">
    <editdetail attribution="Reuters BIP Coding Group" action="confirmed" date="1997-07-10"/>
  </code>
</codes>
<codes class="bip:industries:1.0">
  <code code="I81402">
    <editdetail attribution="Reuters BIP Coding Group" action="confirmed" date="1997-07-10"/>
  </code>
</codes>
<codes class="bip:topics:1.0">
  <code code="C13">
    <editdetail attribution="Reuters BIP Coding Group" action="confirmed" date="1997-07-10"/>
  </code>
  <code code="CCAT">
    <editdetail attribution="Reuters BIP Coding Group" action="confirmed" date="1997-07-10"/>
  </code>
  <code code="ECAT">
    <editdetail attribution="Reuters BIP Coding Group" action="confirmed" date="1997-07-10"/>
  </code>
</codes>
<dc element="dc.date.created" value="1997-07-10"/>
<dc element="dc.publisher" value="Reuters Holdings Plc"/>
<dc element="dc.date.published" value="1997-07-10"/>
<dc element="dc.source" value="Reuters"/>
<dc element="dc.creator.location" value="NEW YORK"/>
<dc element="dc.creator.location.country.name" value="USA"/>
<dc element="dc.source" value="Reuters"/>
</metadata>
</newsitem>
