<?xml version="1.0" encoding="iso-8859-1" ?>
<newsitem itemid="718377" id="root" date="1997-07-10" xml:lang="en">
<title>USA: SkyWest June load factor down 0.9 pct.</title>
<headline>SkyWest June load factor down 0.9 pct.</headline>
<dateline>ST. GEORGE, Utah 1997-07-10</dateline>
<text>
<p>June traffic</p>
<p>				   1997		  1996</p>
<p> Load factor - percent     53.6		54.5</p>
<p> Revenue passenger miles   $64.9	     $62.6</p>
<p> Available seat miles	121.3	     115.0</p>
<p>						   Year-to-date</p>
<p> Load factor - percent     50.0		51.9</p>
<p> Revenue passenger miles   366.3	     342.9</p>
<p> Available seat miles	732.1	     660.6</p>
<p>(Revenue passenger and available seat miles in 000,000s)</p>
<p>NOTES: Year-to-date is six months.</p>
</text>
<copyright>(c) Reuters Limited 1997</copyright>
<metadata>
<codes class="bip:countries:1.0">
  <code code="USA">
    <editdetail attribution="Reuters BIP Coding Group" action="confirmed" date="1997-07-10"/>
  </code>
</codes>
<codes class="bip:industries:1.0">
  <code code="I75000">
    <editdetail attribution="Reuters BIP Coding Group" action="confirmed" date="1997-07-10"/>
  </code>
</codes>
<codes class="bip:topics:1.0">
  <code code="C31">
    <editdetail attribution="Reuters BIP Coding Group" action="confirmed" date="1997-07-10"/>
  </code>
  <code code="CCAT">
    <editdetail attribution="Reuters BIP Coding Group" action="confirmed" date="1997-07-10"/>
  </code>
</codes>
<dc element="dc.date.created" value="1997-07-10"/>
<dc element="dc.publisher" value="Reuters Holdings Plc"/>
<dc element="dc.date.published" value="1997-07-10"/>
<dc element="dc.source" value="Reuters"/>
<dc element="dc.creator.location" value="ST. GEORGE, Utah"/>
<dc element="dc.creator.location.country.name" value="USA"/>
<dc element="dc.source" value="Reuters"/>
</metadata>
</newsitem>
