<?xml version="1.0" encoding="iso-8859-1" ?>
<newsitem itemid="718326" id="root" date="1997-07-10" xml:lang="en">
<title>USA: TABLE-Empi Inc Q2 net rises.</title>
<headline>TABLE-Empi Inc Q2 net rises.</headline>
<dateline>ST. PAUL, Minn. 1997-07-10</dateline>
<text>
<p>(In thousands, except per share amounts)</p>
<p>		Three Months Ended	     Six Months Ended</p>
<p>		     June 30			    June 30</p>
<p>					     %				%</p>
<p>		1997	 1996  Change   1997	 1996  Change</p>
<p>		 (unaudited)(unaudited) (unaudited)(unaudited)</p>
<p> Net sales   $18,444   $16,937     9  $36,469    $33,829    8</p>
<p>Cost of</p>
<p>  goods sold   4,707     4,418     7    9,430	8,806    7</p>
<p>GROSS PROFIT</p>
<p>		  13,737    12,519    10   27,039     25,023    8</p>
<p>Operating</p>
<p>expenses:</p>
<p>Selling,</p>
<p>general and</p>
<p>administrative</p>
<p>		   8,918     8,345     7   17,567     16,934    4</p>
<p>Research and</p>
<p>  development    979	 882    11    1,947	1,674   16</p>
<p>Total operating</p>
<p>  expenses     9,897     9,227     7   19,514     18,608    5</p>
<p>INCOME FROM</p>
<p> OPERATIONS    3,840     3,292    17    7,525	6,415   17</p>
<p>Other income/</p>
<p> (expense), net  246	 242		475	  756</p>
<p>INCOME BEFORE</p>
<p> INCOME TAXES  4,086     3,534    16    8,000	7,171   12</p>
<p>Income tax</p>
<p> expense	 1,573     1,361	    3,080	2,761</p>
<p> NET INCOME    2,513     2,173    16    4,920	4,410   12</p>
<p>NET INCOME PER</p>
<p>COMMON AND</p>
<p>COMMON</p>
<p>EQUIVALENT</p>
<p> SHARE	     .30	 .25    20	.59	  .50   18</p>
<p>Weighted average</p>
<p>common and common</p>
<p>equivalent shares</p>
<p>outstanding during</p>
<p> the period    8,272     8,754	    8,329	8,863</p>
<p>((Chicago newsdesk, 312-408-8787))</p>
</text>
<copyright>(c) Reuters Limited 1997</copyright>
<metadata>
<codes class="bip:countries:1.0">
  <code code="USA">
    <editdetail attribution="Reuters BIP Coding Group" action="confirmed" date="1997-07-10"/>
  </code>
</codes>
<codes class="bip:industries:1.0">
  <code code="I37200">
    <editdetail attribution="Reuters BIP Coding Group" action="confirmed" date="1997-07-10"/>
  </code>
</codes>
<codes class="bip:topics:1.0">
  <code code="C15">
    <editdetail attribution="Reuters BIP Coding Group" action="confirmed" date="1997-07-10"/>
  </code>
  <code code="C151">
    <editdetail attribution="Reuters BIP Coding Group" action="confirmed" date="1997-07-10"/>
  </code>
  <code code="CCAT">
    <editdetail attribution="Reuters BIP Coding Group" action="confirmed" date="1997-07-10"/>
  </code>
</codes>
<dc element="dc.date.created" value="1997-07-10"/>
<dc element="dc.publisher" value="Reuters Holdings Plc"/>
<dc element="dc.date.published" value="1997-07-10"/>
<dc element="dc.source" value="Reuters"/>
<dc element="dc.creator.location" value="ST. PAUL, Minn."/>
<dc element="dc.creator.location.country.name" value="USA"/>
<dc element="dc.source" value="Reuters"/>
</metadata>
</newsitem>
