<?xml version="1.0" encoding="iso-8859-1" ?>
<newsitem itemid="718396" id="root" date="1997-07-10" xml:lang="en">
<title>USA: Doe Run Co to sell $175 mln junk bonds-prospectus.</title>
<headline>Doe Run Co to sell $175 mln junk bonds-prospectus.</headline>
<dateline>NEW YORK 1997-07-10</dateline>
<text>
<p>Doe Run Co plans to sell $175 million in seven-year senior notes in a 144a private placement via Donaldson Lufkin &amp; Jenrette, according to a confidential prospectus obtained by Reuters.</p>
<p>Doe Run is the largest fully-integrated lead producer in North America, according to the document.  </p>
<p>Net proceeds of approximately $168.2 million will be used in part to repay debt assumed when the company was purchased from Fluor Corporation in 1994, according to the prospectus.</p>
<p>As a result of the acquisition, all of Doe Runs' stock is owned by a company controlled by Ira Leon Rennert, the chairman of Doe Run.</p>
<p>Calls to DLJ were not immediately returned.</p>
<p>((-Douglas Brown, U.S. Corporate Bond Unit, 212-859-1662))</p>
</text>
<copyright>(c) Reuters Limited 1997</copyright>
<metadata>
<codes class="bip:countries:1.0">
  <code code="USA">
    <editdetail attribution="Reuters BIP Coding Group" action="confirmed" date="1997-07-10"/>
  </code>
</codes>
<codes class="bip:industries:1.0">
  <code code="I50200">
    <editdetail attribution="Reuters BIP Coding Group" action="confirmed" date="1997-07-10"/>
  </code>
</codes>
<codes class="bip:topics:1.0">
  <code code="C17">
    <editdetail attribution="Reuters BIP Coding Group" action="confirmed" date="1997-07-10"/>
  </code>
  <code code="C172">
    <editdetail attribution="Reuters BIP Coding Group" action="confirmed" date="1997-07-10"/>
  </code>
  <code code="CCAT">
    <editdetail attribution="Reuters BIP Coding Group" action="confirmed" date="1997-07-10"/>
  </code>
</codes>
<dc element="dc.date.created" value="1997-07-10"/>
<dc element="dc.publisher" value="Reuters Holdings Plc"/>
<dc element="dc.date.published" value="1997-07-10"/>
<dc element="dc.source" value="Reuters"/>
<dc element="dc.creator.location" value="NEW YORK"/>
<dc element="dc.creator.location.country.name" value="USA"/>
<dc element="dc.source" value="Reuters"/>
</metadata>
</newsitem>
