<?xml version="1.0" encoding="iso-8859-1" ?>
<newsitem itemid="718381" id="root" date="1997-07-10" xml:lang="en">
<title>USA: American General to take $350 mln Q2 charge.</title>
<headline>American General to take $350 mln Q2 charge.</headline>
<dateline>NEW YORK 1997-07-10</dateline>
<text>
<p>American General Corp said Thursday it will take a second-quarter after-tax charge of about $350 million in connection with several strategic initiatives.</p>
<p>The charge includes $193 million of previously disclosed charges and the settlement of certain litigation against a subsidiary, American General said.</p>
<p>The company, which completed its $1.8 billion acquisition of USLIFE in June, said it plans to divest certain non-strategic assets.  </p>
<p>The company said it completed negotiations in the second quarter for the sale of its land development business to Westbrook Real Estate Fund II LP, a New York-based real estate investment operation.</p>
<p>American General declined to discuss the terms of the agreement.</p>
<p>It said these assets include master-planned residential communities in Tennessee, North Carolina, South Carolina, Florida, Texas and California and had an aggregate book value of $349 million as of May 31, 1997.  </p>
<p>The transaction is expected to be completed in the third quarter.</p>
<p>In addition, the company is engaged in a process for the sale of its small Canadian life insurance subsidiary. It said the unit lacks synergy with its other life insurance operations.</p>
<p>As previously announced, American General's consumer finance operation sold receivables consisting of satellite dish loans, bank credit card loans and certain revolving credit home improvement loans with an aggregate book value of $752 million as of May 31, 1997.  </p>
<p>In connection with the disposition of non-strategic assets, the company will take an after-tax charge of about $70 million in the second quarter, which includes the previously announced $26 million charge on the sale of the bank credit card loan portfolio.</p>
<p>The aggregate after-tax charge relating to the company's integration of USLIFE will be about $250 million, which includes the $167 million of previously disclosed acquisition-related expenses.</p>
<p>&quot;These initiatives will enable American General to take advantage of our greatly expanded marketing and distribution network, build a platform for future acquisitions, and achieve significant operating efficiences in our life insurance operation,&quot; American General Chief Executive Robert Devlin said in a statement.</p>
<p>American General said it will record an after-tax charge of $30 million in the second quarter to resolve litigation brought against a real estate subsidiary by Avia Development Group.</p>
<p>The case was on appeal from a judgment of $176 million in actual and punitive damages, plus additional post-judgment interest, entered by a state district court in 1993.</p>
</text>
<copyright>(c) Reuters Limited 1997</copyright>
<metadata>
<codes class="bip:countries:1.0">
  <code code="USA">
    <editdetail attribution="Reuters BIP Coding Group" action="confirmed" date="1997-07-10"/>
  </code>
</codes>
<codes class="bip:industries:1.0">
  <code code="I82001">
    <editdetail attribution="Reuters BIP Coding Group" action="confirmed" date="1997-07-10"/>
  </code>
</codes>
<codes class="bip:topics:1.0">
  <code code="C15">
    <editdetail attribution="Reuters BIP Coding Group" action="confirmed" date="1997-07-10"/>
  </code>
  <code code="C152">
    <editdetail attribution="Reuters BIP Coding Group" action="confirmed" date="1997-07-10"/>
  </code>
  <code code="CCAT">
    <editdetail attribution="Reuters BIP Coding Group" action="confirmed" date="1997-07-10"/>
  </code>
</codes>
<dc element="dc.date.created" value="1997-07-10"/>
<dc element="dc.publisher" value="Reuters Holdings Plc"/>
<dc element="dc.date.published" value="1997-07-10"/>
<dc element="dc.source" value="Reuters"/>
<dc element="dc.creator.location" value="NEW YORK"/>
<dc element="dc.creator.location.country.name" value="USA"/>
<dc element="dc.source" value="Reuters"/>
</metadata>
</newsitem>
