<?xml version="1.0" encoding="iso-8859-1" ?>
<newsitem itemid="718319" id="root" date="1997-07-10" xml:lang="en">
<title>USA: Halliburton says Amoco suit without merit.</title>
<headline>Halliburton says Amoco suit without merit.</headline>
<text>
<p>HOUSTON, Halliburton Co's subsidiary Landmark Graphics Corp said the patent infringement suit Amoco Corp filed against it in federal court July 8 is without merit.</p>
<p>The company said it intends to defend its contractual right to sell its Continuity Cube software to its customers.</p>
<p>Landmark said July 8 the suit seeks damages and a court order to prevent Landmark from distributing the software, which Amoco claims violates its patent.  </p>
<p>The company said it has a contractual right to distribute the software under a 1991 agreement between Amoco and Advance Geophysical Corp, which Landmark bought in 1994.</p>
<p>Landmark also said another defendant named in the suit, CAEX Services Inc, is not owned or controlled by Landmark or its parent Halliburton. The company said the Amoco suit wrongly identified CAEX as a wholly-owned subsidiary of Landmark.</p>
<p>Landmark said the suit was filed in the U.S. District Court for the Eastern District of Oklahoma.</p>
</text>
<copyright>(c) Reuters Limited 1997</copyright>
<metadata>
<codes class="bip:countries:1.0">
  <code code="USA">
    <editdetail attribution="Reuters BIP Coding Group" action="confirmed" date="1997-07-10"/>
  </code>
</codes>
<codes class="bip:industries:1.0">
  <code code="I13000">
    <editdetail attribution="Reuters BIP Coding Group" action="confirmed" date="1997-07-10"/>
  </code>
  <code code="I14000">
    <editdetail attribution="Reuters BIP Coding Group" action="confirmed" date="1997-07-10"/>
  </code>
</codes>
<codes class="bip:topics:1.0">
  <code code="C12">
    <editdetail attribution="Reuters BIP Coding Group" action="confirmed" date="1997-07-10"/>
  </code>
  <code code="C13">
    <editdetail attribution="Reuters BIP Coding Group" action="confirmed" date="1997-07-10"/>
  </code>
  <code code="C21">
    <editdetail attribution="Reuters BIP Coding Group" action="confirmed" date="1997-07-10"/>
  </code>
  <code code="CCAT">
    <editdetail attribution="Reuters BIP Coding Group" action="confirmed" date="1997-07-10"/>
  </code>
  <code code="GCAT">
    <editdetail attribution="Reuters BIP Coding Group" action="confirmed" date="1997-07-10"/>
  </code>
  <code code="GCRIM">
    <editdetail attribution="Reuters BIP Coding Group" action="confirmed" date="1997-07-10"/>
  </code>
</codes>
<dc element="dc.publisher" value="Reuters Holdings Plc"/>
<dc element="dc.date.published" value="1997-07-10"/>
<dc element="dc.source" value="Reuters"/>
<dc element="dc.creator.location.country.name" value="USA"/>
<dc element="dc.source" value="Reuters"/>
</metadata>
</newsitem>
