<?xml version="1.0" encoding="iso-8859-1" ?>
<newsitem itemid="718322" id="root" date="1997-07-10" xml:lang="en">
<title>USA: First Financial Caribbean says sets split.</title>
<headline>First Financial Caribbean says sets split.</headline>
<dateline>NEW YORK 1997-07-10</dateline>
<text>
<p>First Financial Carribean Corp said Thursday it declared a two-for-one split on its common stock.</p>
<p>The split will be effected in the form of a stock dividend of one additional share of common stock to be issued on August 28, for each share of common stock held of record as of August 18.</p>
<p>Before the declaration of the split, the company had 9,682,158 fully diluted shares outstanding.</p>
<p>Following distribution of the additional shares, the company will have 19,364,316 fully diluted shares outstanding.</p>
<p>The split will not be dilutive to voting rights or shareholders' proportionate interest in the company.</p>
</text>
<copyright>(c) Reuters Limited 1997</copyright>
<metadata>
<codes class="bip:countries:1.0">
  <code code="USA">
    <editdetail attribution="Reuters BIP Coding Group" action="confirmed" date="1997-07-10"/>
  </code>
</codes>
<codes class="bip:industries:1.0">
  <code code="I81501">
    <editdetail attribution="Reuters BIP Coding Group" action="confirmed" date="1997-07-10"/>
  </code>
  <code code="I8150103">
    <editdetail attribution="Reuters BIP Coding Group" action="confirmed" date="1997-07-10"/>
  </code>
</codes>
<codes class="bip:topics:1.0">
  <code code="C17">
    <editdetail attribution="Reuters BIP Coding Group" action="confirmed" date="1997-07-10"/>
  </code>
  <code code="C171">
    <editdetail attribution="Reuters BIP Coding Group" action="confirmed" date="1997-07-10"/>
  </code>
  <code code="CCAT">
    <editdetail attribution="Reuters BIP Coding Group" action="confirmed" date="1997-07-10"/>
  </code>
</codes>
<dc element="dc.date.created" value="1997-07-10"/>
<dc element="dc.publisher" value="Reuters Holdings Plc"/>
<dc element="dc.date.published" value="1997-07-10"/>
<dc element="dc.source" value="Reuters"/>
<dc element="dc.creator.location" value="NEW YORK"/>
<dc element="dc.creator.location.country.name" value="USA"/>
<dc element="dc.source" value="Reuters"/>
</metadata>
</newsitem>
