<?xml version="1.0" encoding="iso-8859-1" ?>
<newsitem itemid="718346" id="root" date="1997-07-10" xml:lang="en">
<title>USA: US OPTIONS FOCUS/Trading mixed ahead of earnings.</title>
<headline>US OPTIONS FOCUS/Trading mixed ahead of earnings.</headline>
<dateline>CHICAGO 1997-07-10</dateline>
<text>
<p>Trading in individual equity options was mixed, with investors largely sidelined ahead of the onslaught of second quarter earnings, traders said Thursday.</p>
<p>&quot;We were kind of busy at the beginning but things just died,&quot; one trader at a U.S. brokerage firm said. &quot;I guess people are waiting for earnings.&quot;</p>
<p>He said most orders were blocks of less than 100 options.</p>
<p>The head of another brokerage's options department said his options trading desk was relatively quiet also.  </p>
<p>Technology stock options were the feature, led by such names as 3Com Corp, Intel Corp and Gateway 2000 Inc.</p>
<p>On the Pacific Exchange, the 3Com July 50 and 55 calls and August 55 calls were fairly active as the stock rose 13/16 to 53-7/16 in heavy trading.</p>
<p>The stock rose sharply on Wednesday.</p>
<p>Also on the PCX, options on Compaq Computer Corp shares remained busy, led by the July 120 calls, which traded more than 3,400 contracts.  </p>
<p>Compaq shares fell 1-1/4 to 119-3/4 after the computer maker reported second quarter earnings of $1.48 a share, better than analysts' consensus forecast of $1.39 but below some so-called &quot;whisper&quot; numbers, or unpublished estimates circulating on Wall Street.</p>
<p>At the American Stock Exchange (AMEX), perennial favorite Intel was active, particularly in the out-of-the-money July calls.</p>
<p>Intel shares fell 2-7/8 to 149-3/4 after a Salomon Brothers analyst said she was concerned the company's second quarter earnings may fall short of expectations.  </p>
<p>The Intel July 150 call traded 5,645 contracts, the July 155 call traded nearly 4,000 and the July 160 call traded about 2,600.</p>
<p>Among Intel puts, the July 150 was most active with turnover of more than 3,400 contracts. The July 145 put traded 2,800.</p>
<p>Elsewhere, a couple of Gateway 2000 options were active at the Chicago Board Options Exchange (CBOE) in what a market maker said was a reverse conversion.</p>
<p>The Gateway August 40 put traded 7,030 contracts and the August 40 call traded 6,685.  </p>
<p>The market maker explained the trading crowd was short underlying shares.</p>
<p>A reverse conversion, also known as a reversal, is a short underlying position combined with a synthetic long position. A synthetic long position is formed by selling puts and buying calls at the same strike price.</p>
<p>((Gregory Crawford, 312 408 8750))</p>
<p>E-mail: derivatives@reuters.com</p>
</text>
<copyright>(c) Reuters Limited 1997</copyright>
<metadata>
<codes class="bip:countries:1.0">
  <code code="USA">
    <editdetail attribution="Reuters BIP Coding Group" action="confirmed" date="1997-07-10"/>
  </code>
</codes>
<codes class="bip:industries:1.0">
  <code code="I33020">
    <editdetail attribution="Reuters BIP Coding Group" action="confirmed" date="1997-07-10"/>
  </code>
  <code code="I3302003">
    <editdetail attribution="Reuters BIP Coding Group" action="confirmed" date="1997-07-10"/>
  </code>
  <code code="I34531">
    <editdetail attribution="Reuters BIP Coding Group" action="confirmed" date="1997-07-10"/>
  </code>
</codes>
<codes class="bip:topics:1.0">
  <code code="C15">
    <editdetail attribution="Reuters BIP Coding Group" action="confirmed" date="1997-07-10"/>
  </code>
  <code code="C152">
    <editdetail attribution="Reuters BIP Coding Group" action="confirmed" date="1997-07-10"/>
  </code>
  <code code="CCAT">
    <editdetail attribution="Reuters BIP Coding Group" action="confirmed" date="1997-07-10"/>
  </code>
</codes>
<dc element="dc.date.created" value="1997-07-10"/>
<dc element="dc.publisher" value="Reuters Holdings Plc"/>
<dc element="dc.date.published" value="1997-07-10"/>
<dc element="dc.source" value="Reuters"/>
<dc element="dc.creator.location" value="CHICAGO"/>
<dc element="dc.creator.location.country.name" value="USA"/>
<dc element="dc.source" value="Reuters"/>
</metadata>
</newsitem>
