<?xml version="1.0" encoding="iso-8859-1" ?>
<newsitem itemid="718345" id="root" date="1997-07-10" xml:lang="en">
<title>USA: RESEARCH ALERT - Kmart buy reiterated.</title>
<headline>RESEARCH ALERT - Kmart buy reiterated.</headline>
<dateline>NEW YORK 1997-07-10</dateline>
<text>
<p>Gruntal &amp; Co said Thursday it reiterated its buy recommendation on retailer Kmart Corp.</p>
<p>-- Kmart on Wednesday reported a 5.3 percent rise in same store sales for the five-weeks ended July 2, which Gruntal said was in line with expectations.</p>
<p>-- Kmart also said it expects second quarter net income will be below a year ago, although it will post a profit.</p>
<p>-- &quot;We still believe that there are good long term prospects for Kmart which should have a stronger second half with the help of back-to-school, Christmas, the contined Big Kmart conversions and a greater number of 'Pantry' stores,&quot; Gruntal said.</p>
<p>-- Kmart shares were off 1/2 at 11.</p>
<p>((Reuters Chicago Newsdesk (312) 408-8787))</p>
</text>
<copyright>(c) Reuters Limited 1997</copyright>
<metadata>
<codes class="bip:countries:1.0">
  <code code="USA">
    <editdetail attribution="Reuters BIP Coding Group" action="confirmed" date="1997-07-10"/>
  </code>
</codes>
<codes class="bip:industries:1.0">
  <code code="I65600">
    <editdetail attribution="Reuters BIP Coding Group" action="confirmed" date="1997-07-10"/>
  </code>
</codes>
<codes class="bip:topics:1.0">
  <code code="C15">
    <editdetail attribution="Reuters BIP Coding Group" action="confirmed" date="1997-07-10"/>
  </code>
  <code code="C152">
    <editdetail attribution="Reuters BIP Coding Group" action="confirmed" date="1997-07-10"/>
  </code>
  <code code="CCAT">
    <editdetail attribution="Reuters BIP Coding Group" action="confirmed" date="1997-07-10"/>
  </code>
</codes>
<dc element="dc.date.created" value="1997-07-10"/>
<dc element="dc.publisher" value="Reuters Holdings Plc"/>
<dc element="dc.date.published" value="1997-07-10"/>
<dc element="dc.source" value="Reuters"/>
<dc element="dc.creator.location" value="NEW YORK"/>
<dc element="dc.creator.location.country.name" value="USA"/>
<dc element="dc.source" value="Reuters"/>
</metadata>
</newsitem>
