<?xml version="1.0" encoding="iso-8859-1" ?>
<newsitem itemid="718353" id="root" date="1997-07-10" xml:lang="en">
<title>USA: COMEX copper ends firmer after modest rebound.</title>
<headline>COMEX copper ends firmer after modest rebound.</headline>
<dateline>NEW YORK 1997-07-10</dateline>
<text>
<p>COMEX copper ended firmer as a modest rebound reversed the sharp declines of the previous two sessions although LME stocks continue to rise.</p>
<p>Analyst Jim Steel of Refco said further upside correction was expected Friday.</p>
<p>&quot;This is a little bit more than a dead cat bounce, and I am looking for it to move up to 105.00 to 108.00 cents (in September contract),&quot; Steel said. Any advance above this would be sold into, he added.</p>
<p>Most-active September settled 1.85 cents higher at 104.35 cents a lb, traded 104.90 to 103.40 cents. Spot July rose the same to 106.90 cents.</p>
<p>Volume was estimated at 9,000 lots.</p>
<p>Despite the expected, though modest, rebound from heavily oversold levels, September copper is still almost seven cents lower than a week ago.</p>
<p>LME stocks continue to rise, up 2,000 tonnes Thursday to 136,325 tonnes. The steady increases would cap the market during the current seasonal slowdown in the U.S. and Europe, dealers said.</p>
<p>The LME cash to three months backwardation was stable at $110/$120 a tonne.</p>
<p>((New York Commodity Desk 212-859-1646))</p>
</text>
<copyright>(c) Reuters Limited 1997</copyright>
<metadata>
<codes class="bip:countries:1.0">
  <code code="USA">
    <editdetail attribution="Reuters BIP Coding Group" action="confirmed" date="1997-07-10"/>
  </code>
</codes>
<codes class="bip:topics:1.0">
  <code code="M14">
    <editdetail attribution="Reuters BIP Coding Group" action="confirmed" date="1997-07-10"/>
  </code>
  <code code="M142">
    <editdetail attribution="Reuters BIP Coding Group" action="confirmed" date="1997-07-10"/>
  </code>
  <code code="MCAT">
    <editdetail attribution="Reuters BIP Coding Group" action="confirmed" date="1997-07-10"/>
  </code>
</codes>
<dc element="dc.date.created" value="1997-07-10"/>
<dc element="dc.publisher" value="Reuters Holdings Plc"/>
<dc element="dc.date.published" value="1997-07-10"/>
<dc element="dc.source" value="Reuters"/>
<dc element="dc.creator.location" value="NEW YORK"/>
<dc element="dc.creator.location.country.name" value="USA"/>
<dc element="dc.source" value="Reuters"/>
</metadata>
</newsitem>
