<?xml version="1.0" encoding="iso-8859-1" ?>
<newsitem itemid="718372" id="root" date="1997-07-10" xml:lang="en">
<title>USA: Doe Run says interested in La Oroya takeover talks.</title>
<headline>Doe Run says interested in La Oroya takeover talks.</headline>
<dateline>NEW YORK 1997-07-10</dateline>
<text>
<p>Doe Run Co would be interested in holding fresh talks with Peru's state-owned Centromin on the takeover of La Oroya if Mexico's Penoles has indeed decided to scrap its own takeover plans for the Peruvian smelter complex, said Doe Run President Jeffrey Zelms.</p>
<p>&quot;We have received no official correspondence from Centromin about anything,&quot; Zelms told Reuters. &quot;If they (Penoles) have truly pulled out, we are certainly interested in negotiations.&quot;</p>
<p>Penoles said Thursday it decided to withdraw its bid for 60 percent of La Oroya because &quot;the requirements that Penoles has set to guarantee adequate profitability did not come together&quot;.</p>
<p>Centromin later said Doe Run, which was runner up to Penoles in the April 18 auction, now had to option to buy a 60 percent stake in La Oroya.  </p>
<p>&quot;We made a bid that was pursuant to negotiations with Centromin, and we would still be interested in that fashion,&quot; Zelms said.</p>
<p>Separately, Doe Run plans to sell $175 million in seven-year senior notes in a 144a private placement via Donaldson Lufkin &amp; Jenrette, according to a prospectus obtained by Reuters.</p>
<p>&quot;We are just refinancing debt,&quot; Zelms said of the bond issue.</p>
<p>Doe Run, the largest integrated lead producer in the U.S., is owned by privately held Renco Group of New York.</p>
<p>((Huw Jones, New York Commodity Desk 212-859-1646))</p>
</text>
<copyright>(c) Reuters Limited 1997</copyright>
<metadata>
<codes class="bip:countries:1.0">
  <code code="MEX">
    <editdetail attribution="Reuters BIP Coding Group" action="confirmed" date="1997-07-10"/>
  </code>
  <code code="PERU">
    <editdetail attribution="Reuters BIP Coding Group" action="confirmed" date="1997-07-10"/>
  </code>
  <code code="USA">
    <editdetail attribution="Reuters BIP Coding Group" action="confirmed" date="1997-07-10"/>
  </code>
</codes>
<codes class="bip:industries:1.0">
  <code code="I21000">
    <editdetail attribution="Reuters BIP Coding Group" action="confirmed" date="1997-07-10"/>
  </code>
</codes>
<codes class="bip:topics:1.0">
  <code code="C18">
    <editdetail attribution="Reuters BIP Coding Group" action="confirmed" date="1997-07-10"/>
  </code>
  <code code="C181">
    <editdetail attribution="Reuters BIP Coding Group" action="confirmed" date="1997-07-10"/>
  </code>
  <code code="CCAT">
    <editdetail attribution="Reuters BIP Coding Group" action="confirmed" date="1997-07-10"/>
  </code>
</codes>
<dc element="dc.date.created" value="1997-07-10"/>
<dc element="dc.publisher" value="Reuters Holdings Plc"/>
<dc element="dc.date.published" value="1997-07-10"/>
<dc element="dc.source" value="Reuters"/>
<dc element="dc.creator.location" value="NEW YORK"/>
<dc element="dc.creator.location.country.name" value="USA"/>
<dc element="dc.source" value="Reuters"/>
</metadata>
</newsitem>
