<?xml version="1.0" encoding="iso-8859-1" ?>
<newsitem itemid="718301" id="root" date="1997-07-10" xml:lang="en">
<title>USA: CSCE cocoa ends firmer, but volume remains light.</title>
<headline>CSCE cocoa ends firmer, but volume remains light.</headline>
<dateline>NEW YORK 1997-07-10</dateline>
<text>
<p>CSCE cocoa futures ended modestly higher on Thursday, as a combination of commercial and speculative buying wiped away morning losses, traders said.</p>
<p>Traders said buying by locals and small speculators as well as scale-down industry buying pushed prices to their highest levels this week, but stopped just short of filling a key chart gap up to $1,610 a tonne basis September.</p>
<p>Benchmark September futures rose to a session high of $1,609, but its inability to fill the gap sparked a round of local long liquidation, traders said.</p>
<p>At the close, September stood at $1,599, up $5 on the day. Spot July gained $8, to settle at $1,580, while the remaining months finished $4 to $5 firmer.</p>
<p>Speculators sold the market from the opening bell after weakness in London overnight. The benchmark September slid to a low of $1,575 a tonne -- down $19 -- before industry-related buying emerged to reverse momentum.</p>
<p>Traders said New York cocoa was helped by a late burst of strength in London, where the benchmark LIFFE September contract closed at 1,054 stg, down three stg, but well off the intraday low of 1,042 stg.</p>
<p>Technically, traders said today's firmer finish was viewed as constructive. The $1,610 mark was still an upside target for September, they said, with the next level of resistance seen at $1,625. On the downside, strong support was noted near the day's low at $1,575.</p>
<p>Although no fresh fundamentals were in the market, Refco Inc. analyst Ann Prendergast said concerns an El Nino weather pattern could adversely impact many cocoa-growing regions would continue to underpin the market.</p>
<p>&quot;I think we're in for a static period where cocoa will be pushed around by exaggerated El Nino fears,&quot; Prendergast said. She added that ample world stocks and the prospect of another sizable crop in top-producer Ivory Coast in 1997/98 may temper any upswing.</p>
<p>The day's volume was fairly light, at an estimated 5,827 lots.</p>
<p>((--Patricia Avidan, New York Commodity Desk +1 212 859 1640))</p>
</text>
<copyright>(c) Reuters Limited 1997</copyright>
<metadata>
<codes class="bip:countries:1.0">
  <code code="USA">
    <editdetail attribution="Reuters BIP Coding Group" action="confirmed" date="1997-07-10"/>
  </code>
</codes>
<codes class="bip:topics:1.0">
  <code code="M14">
    <editdetail attribution="Reuters BIP Coding Group" action="confirmed" date="1997-07-10"/>
  </code>
  <code code="M141">
    <editdetail attribution="Reuters BIP Coding Group" action="confirmed" date="1997-07-10"/>
  </code>
  <code code="MCAT">
    <editdetail attribution="Reuters BIP Coding Group" action="confirmed" date="1997-07-10"/>
  </code>
</codes>
<dc element="dc.date.created" value="1997-07-10"/>
<dc element="dc.publisher" value="Reuters Holdings Plc"/>
<dc element="dc.date.published" value="1997-07-10"/>
<dc element="dc.source" value="Reuters"/>
<dc element="dc.creator.location" value="NEW YORK"/>
<dc element="dc.creator.location.country.name" value="USA"/>
<dc element="dc.source" value="Reuters"/>
</metadata>
</newsitem>
