<?xml version="1.0" encoding="iso-8859-1" ?>
<newsitem itemid="718355" id="root" date="1997-07-10" xml:lang="en">
<title>USA: TABLE - Independent Bank Q2 shr rises.</title>
<headline>TABLE - Independent Bank Q2 shr rises.</headline>
<dateline>ROCKLAND, Mass. 1997-07-10</dateline>
<text>
<p>Period ended June 30,</p>
<p>		     1997			1996</p>
<p> Shr		 $0.24		    $0.19</p>
<p> Net		 3,585		    2,755</p>
<p> Revs		22,151		   18,999</p>
<p> Avg shrs	  14,900		   N/A</p>
<p>	  SIX MONTHS</p>
<p> Shr		 $0.44		    $0.36</p>
<p> Net		 6,582		    5,332</p>
<p> Revs		42,777		   37,563</p>
<p> Avg shrs	  14,900		   N/A</p>
<p>(All data above 000s except per share numbers)</p>
<p>NOTE: Assets totaled $1.26 billion as compared with $1.01 billion at December 31, 1996.</p>
</text>
<copyright>(c) Reuters Limited 1997</copyright>
<metadata>
<codes class="bip:countries:1.0">
  <code code="USA">
    <editdetail attribution="Reuters BIP Coding Group" action="confirmed" date="1997-07-10"/>
  </code>
</codes>
<codes class="bip:industries:1.0">
  <code code="I81402">
    <editdetail attribution="Reuters BIP Coding Group" action="confirmed" date="1997-07-10"/>
  </code>
</codes>
<codes class="bip:topics:1.0">
  <code code="C15">
    <editdetail attribution="Reuters BIP Coding Group" action="confirmed" date="1997-07-10"/>
  </code>
  <code code="C151">
    <editdetail attribution="Reuters BIP Coding Group" action="confirmed" date="1997-07-10"/>
  </code>
  <code code="CCAT">
    <editdetail attribution="Reuters BIP Coding Group" action="confirmed" date="1997-07-10"/>
  </code>
</codes>
<dc element="dc.date.created" value="1997-07-10"/>
<dc element="dc.publisher" value="Reuters Holdings Plc"/>
<dc element="dc.date.published" value="1997-07-10"/>
<dc element="dc.source" value="Reuters"/>
<dc element="dc.creator.location" value="ROCKLAND, Mass."/>
<dc element="dc.creator.location.country.name" value="USA"/>
<dc element="dc.source" value="Reuters"/>
</metadata>
</newsitem>
