<?xml version="1.0" encoding="iso-8859-1" ?>
<newsitem itemid="718337" id="root" date="1997-07-10" xml:lang="en">
<title>USA: TABLE - Eclipse Surgical Q2 results.</title>
<headline>TABLE - Eclipse Surgical Q2 results.</headline>
<dateline>SUNNYVALE, Calif. 1997-07-10</dateline>
<text>
<p>ECLIPSE SURGICAL TECHNOLOGIES, INC.</p>
<p>			   SELECTED FINANCIAL INFORMATION</p>
<p>Statements of Operations</p>
<p> (in thousands)	    Three Months Ended  Six Months Ended</p>
<p>					 June 30,	     June 30,</p>
<p>				    1997     1996	1997     1996</p>
<p>					(unaudited)	 (unaudited)</p>
<p> Net revenues	     $  1,254   $  2,209 $  2,462 $  3,962</p>
<p> Cost of revenues		634	  853    1,264    1,355</p>
<p>  Gross profit		   620	1,356    1,198    2,607</p>
<p>Operating expenses:</p>
<p>Research and development</p>
<p>				   2,917	1,392    5,644    1,909</p>
<p>  Sales and marketing	1,466	  479    2,877	882</p>
<p>General and</p>
<p>   administrative	    1,462	  322    2,257	531</p>
<p>Total operating expenses</p>
<p>				   5,845	2,193   10,778    3,322</p>
<p>  Loss from operations   (5,225)	(837)  (9,580)    (715)</p>
<p> Interest expense		 --	(130)	(6)    (176)</p>
<p> Interest income		 583	  237    1,087	237</p>
<p>  Net loss		   (4,642)	(730)  (8,499)    (654)</p>
<p> Net loss per share	 (0.28)     (0.05)   (0.52)   (0.05)</p>
<p>Shares used in per share</p>
<p>  computation		 16,284     13,328   16,233   13,046</p>
</text>
<copyright>(c) Reuters Limited 1997</copyright>
<metadata>
<codes class="bip:countries:1.0">
  <code code="USA">
    <editdetail attribution="Reuters BIP Coding Group" action="confirmed" date="1997-07-10"/>
  </code>
</codes>
<codes class="bip:industries:1.0">
  <code code="I37200">
    <editdetail attribution="Reuters BIP Coding Group" action="confirmed" date="1997-07-10"/>
  </code>
</codes>
<codes class="bip:topics:1.0">
  <code code="C15">
    <editdetail attribution="Reuters BIP Coding Group" action="confirmed" date="1997-07-10"/>
  </code>
  <code code="C151">
    <editdetail attribution="Reuters BIP Coding Group" action="confirmed" date="1997-07-10"/>
  </code>
  <code code="CCAT">
    <editdetail attribution="Reuters BIP Coding Group" action="confirmed" date="1997-07-10"/>
  </code>
</codes>
<dc element="dc.date.created" value="1997-07-10"/>
<dc element="dc.publisher" value="Reuters Holdings Plc"/>
<dc element="dc.date.published" value="1997-07-10"/>
<dc element="dc.source" value="Reuters"/>
<dc element="dc.creator.location" value="SUNNYVALE, Calif."/>
<dc element="dc.creator.location.country.name" value="USA"/>
<dc element="dc.source" value="Reuters"/>
</metadata>
</newsitem>
