<?xml version="1.0" encoding="iso-8859-1" ?>
<newsitem itemid="718428" id="root" date="1997-07-10" xml:lang="en">
<title>USA: Ticketmaster in Central and South America deal.</title>
<headline>Ticketmaster in Central and South America deal.</headline>
<dateline>LOS ANGELES 1997-07-10</dateline>
<text>
<p>Ticketmaster Group Inc said Thursday it agreed to jointly develop automated ticketing in Central and South America with CIE International SA de CV.</p>
<p>CIE is an affiliate of its 27 percent-owned Mexican licensee, Venta de Boletos por Computadora SA de CV.</p>
<p>Ticketmaster will manage and control the venture with a 51 percent majority interest.</p>
<p>The company said the venture will initially focus on developing the Argentine and Brazilian markets, and it expects the first operation to be launched this fall.</p>
<p>Under the terms of the agreement, Ticketmaster will also receive an additional 22.9 percent ownership stake in Venta de Boletos por Computadora SA de CV upon the beginning of the first business operation, giving Ticketmaster a 49.9 percent interest in its Mexican licensee.</p>
</text>
<copyright>(c) Reuters Limited 1997</copyright>
<metadata>
<codes class="bip:countries:1.0">
  <code code="ARG">
    <editdetail attribution="Reuters BIP Coding Group" action="confirmed" date="1997-07-10"/>
  </code>
  <code code="BRAZ">
    <editdetail attribution="Reuters BIP Coding Group" action="confirmed" date="1997-07-10"/>
  </code>
  <code code="MEX">
    <editdetail attribution="Reuters BIP Coding Group" action="confirmed" date="1997-07-10"/>
  </code>
  <code code="USA">
    <editdetail attribution="Reuters BIP Coding Group" action="confirmed" date="1997-07-10"/>
  </code>
</codes>
<codes class="bip:industries:1.0">
  <code code="I65400">
    <editdetail attribution="Reuters BIP Coding Group" action="confirmed" date="1997-07-10"/>
  </code>
</codes>
<codes class="bip:topics:1.0">
  <code code="C11">
    <editdetail attribution="Reuters BIP Coding Group" action="confirmed" date="1997-07-10"/>
  </code>
  <code code="CCAT">
    <editdetail attribution="Reuters BIP Coding Group" action="confirmed" date="1997-07-10"/>
  </code>
</codes>
<dc element="dc.date.created" value="1997-07-10"/>
<dc element="dc.publisher" value="Reuters Holdings Plc"/>
<dc element="dc.date.published" value="1997-07-10"/>
<dc element="dc.source" value="Reuters"/>
<dc element="dc.creator.location" value="LOS ANGELES"/>
<dc element="dc.creator.location.country.name" value="USA"/>
<dc element="dc.source" value="Reuters"/>
</metadata>
</newsitem>
