<?xml version="1.0" encoding="iso-8859-1" ?>
<newsitem itemid="718411" id="root" date="1997-07-10" xml:lang="en">
<title>USA: Obie Media Corp Q2 net eases.</title>
<headline>Obie Media Corp Q2 net eases.</headline>
<dateline>EUGENE, Ore 1997-07-10</dateline>
<text>
<p>Three Months Ended  Six Months Ended</p>
<p>			   May 31,    May 31,    May 31,    May 31,</p>
<p>			     1997	 1996	 1997	 1996</p>
<p>				    (Unaudited)	 (Unaudited)</p>
<p>Revenues:</p>
<p>Outdoor advertising</p>
<p>			$1,285,159 $1,149,377 $2,549,773 $2,293,419</p>
<p>Transit advertising</p>
<p>			 1,759,425  1,330,627  3,232,316  2,506,260</p>
<p>Less agency</p>
<p>    commissions    (262,355)  (204,986)  (474,506)  (364,549)</p>
<p>Net revenues  2,782,229  2,275,018  5,307,583  4,435,130 Operating expenses:</p>
<p>Direct advertising</p>
<p>    expenses	 1,510,463  1,346,272  3,067,611  2,642,458</p>
<p>General and</p>
<p>    administrative   509,215    326,200    948,952    651,811</p>
<p>   Start up costs    116,841	   --    153,677	   --</p>
<p>Depreciation and</p>
<p>    amortization     160,185    141,234    318,464    281,968</p>
<p>Operating income</p>
<p>			   485,525    461,312    818,879    858,893</p>
<p> Other income	 (40,492)  (199,577)   (40,492)  (199,577)</p>
<p> Interest expense    136,733    367,684    290,600    710,462</p>
<p>Minority interest in   subsidiary	     5,161     13,349     12,674     22,516</p>
<p>Income before</p>
<p>	income taxes   384,123    279,856    556,097    325,492</p>
<p>Provision for income   taxes		(149,893)    (8,318)  (215,676)   (10,600)</p>
<p>     Net income	234,230    271,538    340,421    314,892</p>
<p>Net earnings per share</p>
<p>				0.07	 0.11	 0.10	 0.13</p>
<p>Weighted average number of common shares   outstanding	3,505,825  2,500,000  3,503,813  2,500,000</p>
</text>
<copyright>(c) Reuters Limited 1997</copyright>
<metadata>
<codes class="bip:countries:1.0">
  <code code="USA">
    <editdetail attribution="Reuters BIP Coding Group" action="confirmed" date="1997-07-10"/>
  </code>
</codes>
<codes class="bip:topics:1.0">
  <code code="C15">
    <editdetail attribution="Reuters BIP Coding Group" action="confirmed" date="1997-07-10"/>
  </code>
  <code code="C151">
    <editdetail attribution="Reuters BIP Coding Group" action="confirmed" date="1997-07-10"/>
  </code>
  <code code="CCAT">
    <editdetail attribution="Reuters BIP Coding Group" action="confirmed" date="1997-07-10"/>
  </code>
</codes>
<dc element="dc.date.created" value="1997-07-10"/>
<dc element="dc.publisher" value="Reuters Holdings Plc"/>
<dc element="dc.date.published" value="1997-07-10"/>
<dc element="dc.source" value="Reuters"/>
<dc element="dc.creator.location" value="EUGENE, Ore"/>
<dc element="dc.creator.location.country.name" value="USA"/>
<dc element="dc.source" value="Reuters"/>
</metadata>
</newsitem>
