<?xml version="1.0" encoding="iso-8859-1" ?>
<newsitem itemid="718430" id="root" date="1997-07-10" xml:lang="en">
<title>USA: TABLE-Medford Bank Q2 shr rises.</title>
<headline>TABLE-Medford Bank Q2 shr rises.</headline>
<dateline>MEDFORD, Mass. 1997-07-10</dateline>
<text>
<p>MEDFORD BANK</p>
<p>			   CONSOLIDATED INCOME STATEMENT</p>
<p>			SELECTED FINANCIAL RATIOS AND DATA</p>
<p>		     (In thousands, except per share data)</p>
<p>							     (Unaudited)</p>
<p>							 Three Months Ended</p>
<p>						    Jun 30,	 Jun 30,</p>
<p>							1997	    1996</p>
<p>     Total Interest Income		   18,586	  16,992</p>
<p>     Total Interest Expense		  10,133	   8,979</p>
<p> Net Income					 3,092	   2,536</p>
<p> Cash Dividends Declared per Share	   0.18	    0.17</p>
<p>Weighted Average Shares Outstanding</p>
<p>   Primary				    4,752,688     4,716,429</p>
<p>   Fully-diluted			    4,764,222     4,727,013</p>
<p>Earnings per Common Share</p>
<p>   Primary					   0.65	    0.54</p>
<p>   Fully-diluted				   0.65	    0.54</p>
<p>							     (Unaudited)</p>
<p>							  Six Months Ended</p>
<p>							 Jun 30,    Jun 30,</p>
<p>							   1997	 1996</p>
<p>     Total Interest Income			36,755     33,808</p>
<p>     Total Interest Expense		     19,880     17,774</p>
<p> Net Income					    5,923	5,233</p>
<p> Cash Dividends Declared per Share		0.36	 0.34</p>
<p>Weighted Average Shares Outstanding</p>
<p>   Primary					 4,754,384  4,713,404</p>
<p>   Fully-diluted				 4,763,757  4,722,333</p>
<p>Earnings per Common Share</p>
<p>   Primary						1.25	 1.11</p>
<p>   Fully-diluted					1.24	 1.11</p>
<p>				     MEDFORD BANK</p>
<p>			    CONSOLIDATED BALANCE SHEET</p>
<p>				    (In thousands)</p>
<p>						 (Unaudited)  (Unaudited)</p>
<p>							 Jun 30,    Jun 30,</p>
<p>							    1997	1996</p>
<p>							     Assets</p>
<p>     Total Loans, Net			    565,336    537,703</p>
<p> Total Assets				    1,072,557    993,467</p>
<p>     Total Deposits				824,611    805,168</p>
<p>(( -- New York Newsdesk 212 603-3310 ))</p>
</text>
<copyright>(c) Reuters Limited 1997</copyright>
<metadata>
<codes class="bip:countries:1.0">
  <code code="USA">
    <editdetail attribution="Reuters BIP Coding Group" action="confirmed" date="1997-07-10"/>
  </code>
</codes>
<codes class="bip:industries:1.0">
  <code code="I83100">
    <editdetail attribution="Reuters BIP Coding Group" action="confirmed" date="1997-07-10"/>
  </code>
</codes>
<codes class="bip:topics:1.0">
  <code code="C15">
    <editdetail attribution="Reuters BIP Coding Group" action="confirmed" date="1997-07-10"/>
  </code>
  <code code="C151">
    <editdetail attribution="Reuters BIP Coding Group" action="confirmed" date="1997-07-10"/>
  </code>
  <code code="CCAT">
    <editdetail attribution="Reuters BIP Coding Group" action="confirmed" date="1997-07-10"/>
  </code>
</codes>
<dc element="dc.date.created" value="1997-07-10"/>
<dc element="dc.publisher" value="Reuters Holdings Plc"/>
<dc element="dc.date.published" value="1997-07-10"/>
<dc element="dc.source" value="Reuters"/>
<dc element="dc.creator.location" value="MEDFORD, Mass."/>
<dc element="dc.creator.location.country.name" value="USA"/>
<dc element="dc.source" value="Reuters"/>
</metadata>
</newsitem>
