<?xml version="1.0" encoding="iso-8859-1" ?>
<newsitem itemid="718497" id="root" date="1997-07-10" xml:lang="en">
<title>CHINA: WEIGHTLIFTING-CHINA SETS TWO MORE WORLD RECORDS.</title>
<headline>WEIGHTLIFTING-CHINA SETS TWO MORE WORLD RECORDS.</headline>
<dateline>BEIJING 1997-07-10</dateline>
<text>
<p>China's Yang Xia set two world records when she snatched 93.5 kg and totalled 207.5 kg in the women's 54 kg division of the Asian weightlifting championships on Wednesday, the Xinhua news agency said on Thursday.</p>
<p>Liu Xiuhua, also of China, set a clean and jerk world record for the women's 54 kg class with a lift of 115.5 kg.</p>
<p>Earlier, China's Wan Jianhui broke the men's 70 kg-category snatch world record at the championships in Yangzhou.</p>
<p>Wan, 24, snatched 163 kg at his third attempt, bettering the existing record of 162.5 kg set by compatriot Zhang Xugang at the Atlanta Olympics in July last year.</p>
<p>China's Xing Fen broke the clean and jerk world mark with a lift of 105.5 kg in the women's 46 kg division on Tuesday. She broke the previous world record of 105 kg held by her compatriot Guan Hong.</p>
</text>
<copyright>(c) Reuters Limited 1997</copyright>
<metadata>
<codes class="bip:countries:1.0">
  <code code="CHINA">
    <editdetail attribution="Reuters BIP Coding Group" action="confirmed" date="1997-07-10"/>
  </code>
</codes>
<codes class="bip:topics:1.0">
  <code code="GCAT">
    <editdetail attribution="Reuters BIP Coding Group" action="confirmed" date="1997-07-10"/>
  </code>
  <code code="GSPO">
    <editdetail attribution="Reuters BIP Coding Group" action="confirmed" date="1997-07-10"/>
  </code>
</codes>
<dc element="dc.date.created" value="1997-07-10"/>
<dc element="dc.publisher" value="Reuters Holdings Plc"/>
<dc element="dc.date.published" value="1997-07-10"/>
<dc element="dc.source" value="Reuters"/>
<dc element="dc.creator.location" value="BEIJING"/>
<dc element="dc.creator.location.country.name" value="CHINA"/>
<dc element="dc.source" value="Reuters"/>
</metadata>
</newsitem>
