<?xml version="1.0" encoding="iso-8859-1" ?>
<newsitem itemid="718413" id="root" date="1997-07-10" xml:lang="en">
<title>USA: A.M. Best downgrades four Signature Group members.</title>
<headline>A.M. Best downgrades four Signature Group members.</headline>
<dateline>OLDWICK, N.J. 1997-07-10</dateline>
<text>
<p>Insurance rating agency A.M. Best Co said Thursday it downgraded four Signature Group members to B (fair) from B++ (vey good) following parent Montgomery Ward Holding Corp's filing for bankruptcy July 7.</p>
<p>The downgrade to B, A.M. Best's highest &quot;vulnerable&quot; rating, reflects the uncertainty surrounding the financial impact on the Signature group and its future ownership, the rating agency said.</p>
<p>A.M. Best said the downgrade affects Forum Insurance Co, Montgomery Ward Insurance Co, Montgomery Ward Life Insurance Co and Signature Life Insurance Co of America.  </p>
<p>Montgomery Ward filed for Chapter 11 bankruptcy protection July 7 after talks with lenders aimed at rescuing the 125-year old department store failed.</p>
<p>A.M. Best said the Signature group was not part of the bankruptcy filing because it is a seperate entity that remains solvent.  Its liabilities have not been frozen and will continue to be paid on a regular basis, the agency added.</p>
</text>
<copyright>(c) Reuters Limited 1997</copyright>
<metadata>
<codes class="bip:countries:1.0">
  <code code="USA">
    <editdetail attribution="Reuters BIP Coding Group" action="confirmed" date="1997-07-10"/>
  </code>
</codes>
<codes class="bip:industries:1.0">
  <code code="I65600">
    <editdetail attribution="Reuters BIP Coding Group" action="confirmed" date="1997-07-10"/>
  </code>
</codes>
<codes class="bip:topics:1.0">
  <code code="C17">
    <editdetail attribution="Reuters BIP Coding Group" action="confirmed" date="1997-07-10"/>
  </code>
  <code code="C174">
    <editdetail attribution="Reuters BIP Coding Group" action="confirmed" date="1997-07-10"/>
  </code>
  <code code="CCAT">
    <editdetail attribution="Reuters BIP Coding Group" action="confirmed" date="1997-07-10"/>
  </code>
</codes>
<dc element="dc.date.created" value="1997-07-10"/>
<dc element="dc.publisher" value="Reuters Holdings Plc"/>
<dc element="dc.date.published" value="1997-07-10"/>
<dc element="dc.source" value="Reuters"/>
<dc element="dc.creator.location" value="OLDWICK, N.J."/>
<dc element="dc.creator.location.country.name" value="USA"/>
<dc element="dc.source" value="Reuters"/>
</metadata>
</newsitem>
