<?xml version="1.0" encoding="iso-8859-1" ?>
<newsitem itemid="718495" id="root" date="1997-07-10" xml:lang="en">
<title>CHINA: ATHLETICS-MA DEFENDS HIMSELF AGAINST ACCUSATIONS OF STEALING.</title>
<headline>ATHLETICS-MA DEFENDS HIMSELF AGAINST ACCUSATIONS OF STEALING.</headline>
<dateline>BEIJING 1997-07-10</dateline>
<text>
<p>Chinese track coach Ma Junren, whose women runners shattered three world records in 1993, has defended himself against accusations of stealing athletes' prizes saying he was entitled to half their winnings.</p>
<p>The coach said he had an agreement signed by five directors of China's State Physical Culture and Sports Commission promising him 50 percent of all winnings at the World Championships in Stuttgart in 1993, the Beijing Youth Daily reported on Wednesday.</p>
<p>The Commission refused on Thursday to comment on any agreement with Ma over the distribution of prizes while Ma could not be contacted for comment.</p>
<p>Long distance runners Wang Junxia, Qu Yunxia and Liu Dong were each awarded a new Mercedes-Benz car for winning gold medals in Stuttgart but never received their prizes.</p>
<p>Ma's team of runners, dubbed &quot;Ma's Family Army&quot;, broke up in 1994 after double world champion Wang Junxia led a mutiny in protest against training methods and accusing the coach of pocketing athletes' prizes.</p>
<p>The newspaper said Ma kept one of the $30,000 cars for himself and handed over the others to the Sports Commission in northeastern Liaoning province where his training camp is based after his athletes walked out.</p>
<p>It said he now planned to give two of the cars and cash to the runners.</p>
<p>Within a month of his team's collapse Ma crashed one of the cars, putting himself and his wife in hospital with serious injuries.</p>
<p>Wang Junxia went on to win the 5,000 metre gold medal at last year's Atlanta Olympics while none of Ma's new army of women athletes qualified for the Olympic team.</p>
</text>
<copyright>(c) Reuters Limited 1997</copyright>
<metadata>
<codes class="bip:countries:1.0">
  <code code="CHINA">
    <editdetail attribution="Reuters BIP Coding Group" action="confirmed" date="1997-07-10"/>
  </code>
</codes>
<codes class="bip:topics:1.0">
  <code code="GCAT">
    <editdetail attribution="Reuters BIP Coding Group" action="confirmed" date="1997-07-10"/>
  </code>
  <code code="GSPO">
    <editdetail attribution="Reuters BIP Coding Group" action="confirmed" date="1997-07-10"/>
  </code>
</codes>
<dc element="dc.date.created" value="1997-07-10"/>
<dc element="dc.publisher" value="Reuters Holdings Plc"/>
<dc element="dc.date.published" value="1997-07-10"/>
<dc element="dc.source" value="Reuters"/>
<dc element="dc.creator.location" value="BEIJING"/>
<dc element="dc.creator.location.country.name" value="CHINA"/>
<dc element="dc.source" value="Reuters"/>
</metadata>
</newsitem>
