<?xml version="1.0" encoding="iso-8859-1" ?>
<newsitem itemid="718458" id="root" date="1997-07-10" xml:lang="en">
<title>UK: GOLF-WORLD INVITATIONAL HALTED AGAIN.</title>
<headline>GOLF-WORLD INVITATIONAL HALTED AGAIN.</headline>
<dateline>LUSS, Scotland 1997-07-10</dateline>
<text>
<p>Thunderstorms and lightning twice forced a suspension of play midway during the second round of the Loch Lomond World Invitational on Thursday.</p>
<p>Play was first suspended with thunder and lightning in the area at 1515 local (1415GMT) and heavy rain prevented a resumption for 2-3/4 hours.</p>
<p>But the players had barely returned to the course when more lightning triggered the siren and forced the them to head for shelter again without playing any further shots.</p>
<p>It was not clear if play would recommence on Thursday though several hours of daylight remained.</p>
<p>One player, Welshman Paul Affleck, was disqualified after continuing to play after the first klaxon sounded to cease play immediately.</p>
<p>Just under half the 153-man field had completed their rounds and three groups had still to begin.</p>
<p>British Open champion Tom Lehman headed the scoreboard on 10 under par when he was forced off the course after 11 holes of his round.</p>
<p>He was one shot ahead of joint first-round leader Joakim Haeggman of Sweden, who had moved to nine under through 14 holes after sharing the first round lead with Paul Curry of England on 63, eight under par.</p>
<p>Steve Jones, the 1996 U.S. Open champion, was the leader in the clubhouse on eight under par after a second round of 65. Curry was also eight under with two holes to complete.</p>
<p>Tournament director Mike Stewart said the event could still be completed on Saturday as scheduled if there was good weather the next two days.</p>
<p>He said there was no  option to complete the event on Sunday because so many players were involved in final qualifying on Sunday and Monday for next week's British Open at Royal Troon.</p>
</text>
<copyright>(c) Reuters Limited 1997</copyright>
<metadata>
<codes class="bip:countries:1.0">
  <code code="UK">
    <editdetail attribution="Reuters BIP Coding Group" action="confirmed" date="1997-07-10"/>
  </code>
  <code code="USA">
    <editdetail attribution="Reuters BIP Coding Group" action="confirmed" date="1997-07-10"/>
  </code>
</codes>
<codes class="bip:topics:1.0">
  <code code="GCAT">
    <editdetail attribution="Reuters BIP Coding Group" action="confirmed" date="1997-07-10"/>
  </code>
  <code code="GSPO">
    <editdetail attribution="Reuters BIP Coding Group" action="confirmed" date="1997-07-10"/>
  </code>
</codes>
<dc element="dc.date.created" value="1997-07-10"/>
<dc element="dc.publisher" value="Reuters Holdings Plc"/>
<dc element="dc.date.published" value="1997-07-10"/>
<dc element="dc.source" value="Reuters"/>
<dc element="dc.creator.location" value="LUSS, Scotland"/>
<dc element="dc.creator.location.country.name" value="UK"/>
<dc element="dc.source" value="Reuters"/>
</metadata>
</newsitem>
