<?xml version="1.0" encoding="iso-8859-1" ?>
<newsitem itemid="718530" id="root" date="1997-07-10" xml:lang="en">
<title>RUSSIA: PRESS DIGEST - RUSSIA - JULY 10.</title>
<headline>PRESS DIGEST - RUSSIA - JULY 10.</headline>
<dateline>MOSCOW 1997-07-10</dateline>
<text>
<p>The following are some of the leading stories in the July 11 edition of several Russian newspapers. Reuters has not verified these stories and does not vouch for their accuracy.</p>
<p>IZVESTIA</p>
<p>- Systematic shortages of food and fuel are bringing Russia's north to the edge of catastrophe.</p>
<p>- NATO'a eastwards expansion will give a powerful impulse to the struggle for new arms markets.</p>
<p>- President Yeltsin has signed two decrees which are to change the system of state control of the oil business in Russia.</p>
<p>- On a Far Eastern island Russian youth are enthusiastically training to join criminal groups in the region.</p>
<p>ROSSIISKAYA GAZETA</p>
<p>- Social benefits paid to various groups of Russian citizens are an enormous burden for the budget.</p>
<p>ROSSIISKIYE VESTI</p>
<p>- Most of the bills vetoed by President Boris Yeltsin either contradict existing laws or represent the interests of narrow lobbying groups, says the president's administration paper.</p>
<p>-- Svetlana Kovaleva, Moscow Newsroom, +7095 941 8520</p>
</text>
<copyright>(c) Reuters Limited 1997</copyright>
<metadata>
<codes class="bip:countries:1.0">
  <code code="RUSS">
    <editdetail attribution="Reuters BIP Coding Group" action="confirmed" date="1997-07-10"/>
  </code>
</codes>
<codes class="bip:topics:1.0">
  <code code="GCAT">
    <editdetail attribution="Reuters BIP Coding Group" action="confirmed" date="1997-07-10"/>
  </code>
</codes>
<dc element="dc.date.created" value="1997-07-10"/>
<dc element="dc.publisher" value="Reuters Holdings Plc"/>
<dc element="dc.date.published" value="1997-07-10"/>
<dc element="dc.source" value="Reuters"/>
<dc element="dc.creator.location" value="MOSCOW"/>
<dc element="dc.creator.location.country.name" value="RUSSIA"/>
<dc element="dc.source" value="Reuters"/>
</metadata>
</newsitem>
