<?xml version="1.0" encoding="iso-8859-1" ?>
<newsitem itemid="718506" id="root" date="1997-07-10" xml:lang="en">
<title>SPAIN: SOCCER-JUNINHO GETS FIRST FEEL OF VICENTE CALDERON.</title>
<headline>SOCCER-JUNINHO GETS FIRST FEEL OF VICENTE CALDERON.</headline>
<byline>Phil Minshull</byline>
<dateline>MADRID 1997-07-10</dateline>
<text>
<p>Brazilian midfielder Juninho laced up his football boots and got his first feel of the pitch at Atletico Madrid's Vicente Calderon stadium on Thursday.</p>
<p>&quot;It feels goods,&quot; said the $20.2 million signing from English club Middlesbrough.</p>
<p>It was a promising start. After all, the stadium will be his home for the next five years.</p>
<p>Hardly anyone was at Madrid's Barajas Airport to greet the 24-year-old on Wednesday.</p>
<p>Perhaps because after two months of speculation in the Spanish media about whether he would be coming to the roji blancos -- the red and whites -- as Atletico are known locally, no one could believe he was finally going to arrive.</p>
<p>However when he was formally presented to the fans and media, the reception could not have been more different.</p>
<p>More than a thousand members of Atletico supporters' club turned out to celebrate the arrival of the club's new star attraction.</p>
<p>A huge cheer echoed around the ground when Juninho walked out in full club strip and raised a club scarf above his heard.</p>
<p>There is little doubt Atletico fans have already taken Juninho to their hearts in a similar fashion to the way Middlesbrough supporters adored him.</p>
<p>Equally clear is that there will not be much discussion with manager Radomir Antic about the role he will play on the pitch.</p>
<p>&quot;I will play the same way I did in Brazil and in England,&quot; said Juninho.</p>
<p>&quot;I hope to be given free rein around the pitch.&quot;</p>
<p>One thing Antic will have to do is give Juninho some protection from the notoriously brutal tackling in Spanish league football.</p>
<p>At just 1.67 metres tall he is one of the smallest players in the league.</p>
<p>&quot;I expect the tackling to be hard but I hope players will be fair,&quot; he said.</p>
<p>An English football magazine recently said that Juninho completed 69 per cent of his 271 attempts to dribble balls past opponents last season.</p>
</text>
<copyright>(c) Reuters Limited 1997</copyright>
<metadata>
<codes class="bip:countries:1.0">
  <code code="BRAZ">
    <editdetail attribution="Reuters BIP Coding Group" action="confirmed" date="1997-07-10"/>
  </code>
  <code code="SPAIN">
    <editdetail attribution="Reuters BIP Coding Group" action="confirmed" date="1997-07-10"/>
  </code>
</codes>
<codes class="bip:topics:1.0">
  <code code="GCAT">
    <editdetail attribution="Reuters BIP Coding Group" action="confirmed" date="1997-07-10"/>
  </code>
  <code code="GSPO">
    <editdetail attribution="Reuters BIP Coding Group" action="confirmed" date="1997-07-10"/>
  </code>
</codes>
<dc element="dc.date.created" value="1997-07-10"/>
<dc element="dc.publisher" value="Reuters Holdings Plc"/>
<dc element="dc.date.published" value="1997-07-10"/>
<dc element="dc.source" value="Reuters"/>
<dc element="dc.creator.location" value="MADRID"/>
<dc element="dc.creator.location.country.name" value="SPAIN"/>
<dc element="dc.source" value="Reuters"/>
</metadata>
</newsitem>
