<?xml version="1.0" encoding="iso-8859-1" ?>
<newsitem itemid="718586" id="root" date="1997-07-10" xml:lang="en">
<title>UK: BA faces new strike threat from ground staff.</title>
<headline>BA faces new strike threat from ground staff.</headline>
<byline>Paul Keller</byline>
<dateline>LONDON 1997-07-10</dateline>
<text>
<p>British Airways, strike-bound by an acrimonious dispute with cabin crew, faced a fresh threat of industrial action on Thursday when ground staff voted to reject a company proposal to sell its Heathrow airport catering unit.</p>
<p>Ground staff will meet on Monday to decide how the dispute will progress.</p>
<p>The decision by the BA catering staff union -- who voted by a majority of 551 to 178 to reject the proposals -- means BA must now fight a two-pronged assault by its employees who are unhappy over the airline imposing a plan to save one billion pounds ($1.7 billion) in costs by 2000.</p>
<p>The rejection came at the end of the second day of a strike by cabin crew against newly-imposed pay structures and conditions which has grounded hundreds of flights and stranded thousands of passengers since Wednesday morning.</p>
<p>Earlier, reconciliation appeared to inch forward as both management and a union body speaking for the cabin crew agreed the need for talks to end their dispute, the first major strike under Britain's new Labour government.</p>
<p>The Trades Union Congress (TUC), the main umbrella body for British unions, called on BA non-executive directors to use their influence to find a solution.</p>
<p>TUC general secretary John Monks, a moderate unionist, however expressed concern about the &quot;unacceptable way&quot; British Airways had handled the dispute&quot; which, he said, was more about 'union-busting' than about an airline becoming more competitive.</p>
<p>BA's chief executive Bob Ayling, a friend of British Prime Minister Tony Blair, responded immediately by saying he strongly rejected the TUC charge that BA had tried to intimidate its staff.</p>
<p>&quot;My managers have rightly pointed out to our employees the consequences of taking strike action,&quot; he said.</p>
<p>BA has warned its employees they face loss of travel perks and opportunities of promotion if they went on strike. It has also threatened to sack or even sue individual strikers -- tactics which the unions have termed &quot;intimidatory&quot; and &quot;macho&quot;.</p>
<p>The airline, one of the world's most successful, urged striking cabin crew to reopen talks, but continued to threaten the main transport union with legal action over the legality of its strike ballot.</p>
<p>BA said it expected to see continued improvement in services operating on Friday after it increased its services by 25 percent on Thursday from Wednesday.</p>
<p>However the airline expected disruption to spill over into the weekend before services got back to normal, with only 75 percent of all its longhaul flights likely to operate and 50 percent of shorthaul on Saturday.</p>
<p>As BA turned up the heat on strikers with threats of legal action and of bringing in newly-recruited replacements, it said it had chartered six or seven aircraft and was offering cabin crew free taxis and hotel accommodation to ensure they turned up for work.</p>
<p>George Ryde, the Transport &amp; General Workers Union (T&amp;G) union's senior official, said chartering aircraft would make little difference to the impact of the strike, which he said received &quot;solid support&quot;.</p>
<p>The T&amp;G says it will call another 72-hour strike unless agreement is reached with management.</p>
<p>The industrial action is part of a war BA is fighting on several fronts. The carrier is striving to get clearance for a massive alliance with American Airlines, while also fighting off a legal challenge from Laker Airway Inc in Florida.</p>
</text>
<copyright>(c) Reuters Limited 1997</copyright>
<metadata>
<codes class="bip:countries:1.0">
  <code code="UK">
    <editdetail attribution="Reuters BIP Coding Group" action="confirmed" date="1997-07-10"/>
  </code>
</codes>
<codes class="bip:industries:1.0">
  <code code="I75000">
    <editdetail attribution="Reuters BIP Coding Group" action="confirmed" date="1997-07-10"/>
  </code>
</codes>
<codes class="bip:topics:1.0">
  <code code="C42">
    <editdetail attribution="Reuters BIP Coding Group" action="confirmed" date="1997-07-10"/>
  </code>
  <code code="CCAT">
    <editdetail attribution="Reuters BIP Coding Group" action="confirmed" date="1997-07-10"/>
  </code>
  <code code="E41">
    <editdetail attribution="Reuters BIP Coding Group" action="confirmed" date="1997-07-10"/>
  </code>
  <code code="ECAT">
    <editdetail attribution="Reuters BIP Coding Group" action="confirmed" date="1997-07-10"/>
  </code>
  <code code="GCAT">
    <editdetail attribution="Reuters BIP Coding Group" action="confirmed" date="1997-07-10"/>
  </code>
  <code code="GJOB">
    <editdetail attribution="Reuters BIP Coding Group" action="confirmed" date="1997-07-10"/>
  </code>
</codes>
<dc element="dc.date.created" value="1997-07-10"/>
<dc element="dc.publisher" value="Reuters Holdings Plc"/>
<dc element="dc.date.published" value="1997-07-10"/>
<dc element="dc.source" value="Reuters"/>
<dc element="dc.creator.location" value="LONDON"/>
<dc element="dc.creator.location.country.name" value="UK"/>
<dc element="dc.source" value="Reuters"/>
</metadata>
</newsitem>
