<?xml version="1.0" encoding="iso-8859-1" ?>
<newsitem itemid="718552" id="root" date="1997-07-10" xml:lang="en">
<title>HUNGARY: LAWMAKERS IN HUNGARY FINED FOR ABSENTEEISM.</title>
<headline>LAWMAKERS IN HUNGARY FINED FOR ABSENTEEISM.</headline>
<dateline>BUDAPEST 1997-07-10</dateline>
<text>
<p>Six members of Hungary's ruling Socialist Party will receive smaller paycheques next month for skipping parliamentary sessions, a Socialist official said on Thursday.</p>
<p>&quot;The system has been in effect for a year and a half and the number of penalised (Socialist) MPs is usually very small,&quot; Peter Szeredi, head of the Socialist caucus's office told Reuters.</p>
<p>Lawmakers who cannot justify their absence from more than one third of the votes in any given month are fined a proportional part of their salary.</p>
<p>National daily Nepszabadsag reported on Thursday that Socialist MP and affluent businessman Laszlo Mate will only receive 39 percent of next month's salary for skipping sessions.</p>
<p>The monthly gross wage of Hungary's MPs -- allowances not included -- amounts to 114,000 forints compared with a national average of 51,510 forints.</p>
<p>$=189.38 Hungarian forints</p>
<p>-- Budapest newsroom +36 1 327 4040</p>
</text>
<copyright>(c) Reuters Limited 1997</copyright>
<metadata>
<codes class="bip:countries:1.0">
  <code code="HUNG">
    <editdetail attribution="Reuters BIP Coding Group" action="confirmed" date="1997-07-10"/>
  </code>
</codes>
<codes class="bip:topics:1.0">
  <code code="GCAT">
    <editdetail attribution="Reuters BIP Coding Group" action="confirmed" date="1997-07-10"/>
  </code>
  <code code="GPOL">
    <editdetail attribution="Reuters BIP Coding Group" action="confirmed" date="1997-07-10"/>
  </code>
</codes>
<dc element="dc.date.created" value="1997-07-10"/>
<dc element="dc.publisher" value="Reuters Holdings Plc"/>
<dc element="dc.date.published" value="1997-07-10"/>
<dc element="dc.source" value="Reuters"/>
<dc element="dc.creator.location" value="BUDAPEST"/>
<dc element="dc.creator.location.country.name" value="HUNGARY"/>
<dc element="dc.source" value="Reuters"/>
</metadata>
</newsitem>
