<?xml version="1.0" encoding="iso-8859-1" ?>
<newsitem itemid="718594" id="root" date="1997-07-10" xml:lang="en">
<title>UK: FOCUS-Sterling rally falters on modest rate rise.</title>
<headline>FOCUS-Sterling rally falters on modest rate rise.</headline>
<byline>Anthony Williams</byline>
<dateline>LONDON 1997-07-10</dateline>
<text>
<p>A modest 1/4-point rise in British interest rates on Thursday took the steam out of sterling's rally, but analysts said the pound's rise to three German marks may only have been interrupted briefly.</p>
<p>In shares, retailers rallied on a belief that the consumer boom would continue at least for the time being and the overall market ended slightly higher on the day.</p>
<p>Government bond prices shrugged off the increase in the cost of credit, ending the day virtually unchanged.</p>
<p>The Bank of England's monetary tightening led to a roller-coaster session in foreign exchange dealing rooms.</p>
<p>The pound initially dropped a pfennig on disappointment that the newly-independent Bank's monetary policy committee had not plumped for a tougher 1/2-point increase in base rates to seven percent.</p>
<p>Prospects of further interest-rate increases sent the pound back up to near six-year highs on the mark but it ended the European session close to its lows for the day of 2.95 marks.</p>
<p>Earlier this week sterling hit a six-year high of 2.9760 marks after last week's budget, which was not seen as being enough to rein in a booming consumer sector.</p>
<p>While some in the market saw sterling topping out for a while, one trader at a U.S. bank said, &quot;The market is still mainly bullish for a rise above three marks and dealers are keen to buy it back at lower levels.&quot;</p>
<p>Citibank's chief economist Neil MacKinnon added, &quot;Sterling is well supported by the interest-rate rise and investors are looking for further gains.&quot;</p>
<p>&quot;Nothing has happened that could take the shine off sterling,&quot; said David Bloom, currency strategist at HSBC James Capel. &quot;It will contiue to be driven higher by favourable interest rate differentials.&quot;</p>
<p>The FTSE 100 index of blue-chip shares ended 5.4 points higher at 4,767.8, near the day's best level. However, expectations of further rate rises capped gains.</p>
<p>&quot;The perception is that (a 25 basis point rise) is not enough and therefore we have more rate rises to look forward to,&quot; said Nomura stock strategist Nick Knight.</p>
<p>There was a sense or relief on the market that the Bank of England had held back at least for now.</p>
<p>An immediate 1/2-point hammer blow from the monetary policy committee could have sent sterling shooting up even more strongly, putting further pressure on exporters already reeling from an 18 percent rise in the pound in just under one year.</p>
<p>Retailers benefited most in Thursday's market, with stores group Kingfisher initially leading the rally. At one stage Kingfisher was up nearly seven percent at 739, before it settled at 703-1/2, up 11 pence on the day.</p>
<p>Electrical retailer Dixons, already on a roll on the back of strong trading figures out on Wednesday, closed 17-1/2 pence higher at 554.</p>
<p>On the government bond market there was a mixed reaction. The September gilts future initially jumped on the so-called relief factor, but the market then backtracked on prospects of further rate rises.</p>
<p>The September gilt future settled just 2/32 lower at 114-07/32.</p>
</text>
<copyright>(c) Reuters Limited 1997</copyright>
<metadata>
<codes class="bip:countries:1.0">
  <code code="UK">
    <editdetail attribution="Reuters BIP Coding Group" action="confirmed" date="1997-07-10"/>
  </code>
</codes>
<codes class="bip:topics:1.0">
  <code code="M13">
    <editdetail attribution="Reuters BIP Coding Group" action="confirmed" date="1997-07-10"/>
  </code>
  <code code="M132">
    <editdetail attribution="Reuters BIP Coding Group" action="confirmed" date="1997-07-10"/>
  </code>
  <code code="MCAT">
    <editdetail attribution="Reuters BIP Coding Group" action="confirmed" date="1997-07-10"/>
  </code>
</codes>
<dc element="dc.date.created" value="1997-07-10"/>
<dc element="dc.publisher" value="Reuters Holdings Plc"/>
<dc element="dc.date.published" value="1997-07-10"/>
<dc element="dc.source" value="Reuters"/>
<dc element="dc.creator.location" value="LONDON"/>
<dc element="dc.creator.location.country.name" value="UK"/>
<dc element="dc.source" value="Reuters"/>
</metadata>
</newsitem>
