<?xml version="1.0" encoding="iso-8859-1" ?>
<newsitem itemid="718581" id="root" date="1997-07-10" xml:lang="en">
<title>LITHUANIA: LITHUANIAN CABINET SETS AGRICULTURAL BANK ISSUE PRICE.</title>
<headline>LITHUANIAN CABINET SETS AGRICULTURAL BANK ISSUE PRICE.</headline>
<dateline>VILNIUS 1997-07-10</dateline>
<text>
<p>The Lithuanian government said on Thursday that the price for the upcoming share issue of the state-run Agricultural Bank will be no less than 175 litas per share, which is the face value of its current shares. </p>
<p>&quot;The cabinet approved the decision that the share issue price of the Agricultural Bank should be no less than 175 litas,&quot; the government's press office said in a statement.</p>
<p>The bank decided last month to boost its share capital by 42.875 million litas to meet the minimum capital adequacy ratio requirement of ten percent set by the country's central bank.</p>
<p>The current share capital of the bank stands at 128 million litas.</p>
<p>The bank said on Wednesday that its unaudited net profit for the first half of the year was 13.233 million litas. Its net profit for 1996 was over 25 million litas.</p>
<p>The bank, the country's second largest in terms of assets, has been slated for privatisation.</p>
<p>-- Andrius Vilkancas, Vilnius newsroom +370 2 22 35 17</p>
</text>
<copyright>(c) Reuters Limited 1997</copyright>
<metadata>
<codes class="bip:countries:1.0">
  <code code="LITH">
    <editdetail attribution="Reuters BIP Coding Group" action="confirmed" date="1997-07-10"/>
  </code>
</codes>
<codes class="bip:industries:1.0">
  <code code="I81000">
    <editdetail attribution="Reuters BIP Coding Group" action="confirmed" date="1997-07-10"/>
  </code>
  <code code="I81402">
    <editdetail attribution="Reuters BIP Coding Group" action="confirmed" date="1997-07-10"/>
  </code>
</codes>
<codes class="bip:topics:1.0">
  <code code="C17">
    <editdetail attribution="Reuters BIP Coding Group" action="confirmed" date="1997-07-10"/>
  </code>
  <code code="C171">
    <editdetail attribution="Reuters BIP Coding Group" action="confirmed" date="1997-07-10"/>
  </code>
  <code code="C18">
    <editdetail attribution="Reuters BIP Coding Group" action="confirmed" date="1997-07-10"/>
  </code>
  <code code="C183">
    <editdetail attribution="Reuters BIP Coding Group" action="confirmed" date="1997-07-10"/>
  </code>
  <code code="CCAT">
    <editdetail attribution="Reuters BIP Coding Group" action="confirmed" date="1997-07-10"/>
  </code>
</codes>
<dc element="dc.date.created" value="1997-07-10"/>
<dc element="dc.publisher" value="Reuters Holdings Plc"/>
<dc element="dc.date.published" value="1997-07-10"/>
<dc element="dc.source" value="Reuters"/>
<dc element="dc.creator.location" value="VILNIUS"/>
<dc element="dc.creator.location.country.name" value="LITHUANIA"/>
<dc element="dc.source" value="Reuters"/>
</metadata>
</newsitem>
