<?xml version="1.0" encoding="iso-8859-1" ?>
<newsitem itemid="718585" id="root" date="1997-07-10" xml:lang="en">
<title>UK: Orange Order calls off N.Ireland parade - BBC.</title>
<headline>Orange Order calls off N.Ireland parade - BBC.</headline>
<dateline>BELFAST 1997-07-10</dateline>
<text>
<p>The BBC said on Thursday that the Protestant Orange Order had called off a planned parade through the Lower Ormeau Road in Northern Ireland's capital Belfast on Saturday to avoid violence.</p>
<p>Catholic residents had called on thousands of its supporters to descend on the area to block the march, which is staged on the anniversary of a victory more than 300 years ago of Protestant over Catholic forces.</p>
<p>The BBC's report was broadcast as the Protestant group called a a news conference in Belfast.</p>
<p>The BBC quoted an Orange Order statement as saying that it had taken a &quot;serious decision&quot; not to parade down the Lower Ormeau Road, where it faces opposition from Catholic residents.</p>
<p>A packed news conference at an Orange Order lodge at one end of the Lower Ormeau Road awaited confirmation of the report.</p>
<p>The BBC said it had learned of the decision and had a document confirming that such a move had been made.</p>
<p>Earlier on Thursday Orange leaders held talks with police chiefs and a veteran Orange offical, James Molyneaux, a former head of the Ulster Unionist party, the province's biggest pro-British organisation.</p>
<p>The parade is staged annually on the &quot;Glorious 12th&quot;, the most hallowed date in the Orange Order's calendar.</p>
<p>It marks a 1690 victory by a Protestant king over an invading Catholic monarch which ensured that a Protestant sat on the British throne.</p>
<p>Last Sunday Northern Ireland erupted into the worst violence for years after an Orange Order parade down the Catholic Garvaghy Road area of Portadown.</p>
<p>The Order, which is founded on its Protestant faith and British loyalty has been under intense political pressure to call off Saturday's Belfast parade to avoid further violence.</p>
</text>
<copyright>(c) Reuters Limited 1997</copyright>
<metadata>
<codes class="bip:countries:1.0">
  <code code="UK">
    <editdetail attribution="Reuters BIP Coding Group" action="confirmed" date="1997-07-10"/>
  </code>
</codes>
<codes class="bip:topics:1.0">
  <code code="GCAT">
    <editdetail attribution="Reuters BIP Coding Group" action="confirmed" date="1997-07-10"/>
  </code>
  <code code="GCRIM">
    <editdetail attribution="Reuters BIP Coding Group" action="confirmed" date="1997-07-10"/>
  </code>
  <code code="GPOL">
    <editdetail attribution="Reuters BIP Coding Group" action="confirmed" date="1997-07-10"/>
  </code>
  <code code="GVIO">
    <editdetail attribution="Reuters BIP Coding Group" action="confirmed" date="1997-07-10"/>
  </code>
</codes>
<dc element="dc.date.created" value="1997-07-10"/>
<dc element="dc.publisher" value="Reuters Holdings Plc"/>
<dc element="dc.date.published" value="1997-07-10"/>
<dc element="dc.source" value="Reuters"/>
<dc element="dc.creator.location" value="BELFAST"/>
<dc element="dc.creator.location.country.name" value="UK"/>
<dc element="dc.source" value="Reuters"/>
</metadata>
</newsitem>
