<?xml version="1.0" encoding="iso-8859-1" ?>
<newsitem itemid="718607" id="root" date="1997-07-10" xml:lang="en">
<title>UK: DNA proves we are not descended from Neanderthals.</title>
<headline>DNA proves we are not descended from Neanderthals.</headline>
<byline>Maggie Fox</byline>
<dateline>LONDON 1996-07-11</dateline>
<text>
<p>They looked a lot like us and acted a lot like us but Neanderthals were not our ancestors, ground-breaking genetic evidence published on Friday indicates.</p>
<p>An international team of scientists said they had, for the first time, extracted DNA from the bones of a Neanderthal and proved he was too distant genetically to have been an ancestor of modern humans.</p>
<p>The finding will help tip the balance in the bitter dispute about how humans evolved.</p>
<p>&quot;This is equivalent to landing the Pathfinder on Mars and getting it to work,&quot; said Chris Stringer, an expert in early humans at London's Natural History Museum. &quot;It's marvellous that someone has achieved it.&quot;</p>
<p>Svante Paabo of the University of Munich and a team of experts from Germany and from Pennsylvania State University managed to extract and analyse the DNA from the bones of a Neanderthal more than 30,000 years old.</p>
<p>Using techniques that help scientists determine how closely living beings are related genetically, they determined that the ancestors of Neanderthals branched off the human family tree 600,000 years ago.</p>
<p>&quot;It is extremely difficult to do, particularly since the techniques we use are so sensitive, so they tend to pick up (outside) DNA contamination,&quot; Paabo told a news conference in London. The findings are published in the journal Cell.</p>
<p>Paabo said his team ran four separate tests for authenticity -- checking to see whether other amino acids had survived, making sure the DNA sequences they found did not exist in modern humans, making sure the DNA could be replicated in their own lab and then getting other labs to duplicate their results.</p>
<p>&quot;I have not encountered anyone in the scientific world who doubts that they have recovered Neanderthal DNA,&quot; Stringer said.</p>
<p>Paabo said the DNA came from the first skeleton of a Neanderthal ever found, in Germany's Neander valley in 1856.</p>
<p>&quot;The fossil we have worked with is not just any Neanderthal...it is the Neanderthal that has given the name to the species,&quot; he said.</p>
<p>&quot;We know if anything is a Neanderthal, this is a Neanderthal,&quot; Stringer added. &quot;One couldn't have hoped for a better specimen.&quot;</p>
<p>Comparisons with the DNA of modern humans and of apes showed the Neanderthal was about halfway between a modern human and a chimpanzee.</p>
<p>Stringer said the evidence firmly supported the so-called &quot;Out of Africa&quot; theory of human origins. He and others who subscribe to this theory say modern humans evolved in Africa and spread across the world about 100,000 years ago.</p>
<p>The other, competing theory is that Homo Erectus -- an early ancestor of humans -- moved out of Africa and across the world and that modern humans evolved separately but in parallel in several different regions.</p>
<p>Both theories were reached by examining fossils. &quot;Now we have a completely different approach,&quot; Stringer said. &quot;About 100,000 years ago our real ancestors emerged from Africa.&quot;</p>
<p>Friday's announcement should help settle a &quot;heated&quot; and &quot;sometimes unpleasant&quot; debate, he said.</p>
<p>There is much evidence that Cro-Magnon people, who became modern humans, lived side-by-side with and interacted with Neanderthals, which died out about 30,000 years ago. Some ancient tools and jewellery indicate they may have traded.</p>
<p>But Stringer said the genetic evidence showed that was it. &quot;It does not look like they interbred with our ancestors,&quot; he said.</p>
<p>But, he stressed: &quot;They weren't ape-men...They were like us in many ways. They had big brains. They walked upright.&quot;</p>
<p>Thomas Lindahl, a DNA expert for Britain's Imperial Cancer Research Fund, said it was remarkable the DNA had survived. It degraded very easily. &quot;It's a real tour de force and probably the most important work that has been done so far on ancient DNA,&quot; he said.</p>
<p>Paabo said perhaps the DNA had survived because the fossil came from the cold north of Germany. Efforts to get DNA from fossils from the Middle East had so far failed, he said.</p>
<p>He also said the bones had been shellacked, which could have preserved the DNA and protected them from contamination by modern DNA.</p>
</text>
<copyright>(c) Reuters Limited 1997</copyright>
<metadata>
<codes class="bip:countries:1.0">
  <code code="GFR">
    <editdetail attribution="Reuters BIP Coding Group" action="confirmed" date="1997-07-10"/>
  </code>
  <code code="UK">
    <editdetail attribution="Reuters BIP Coding Group" action="confirmed" date="1997-07-10"/>
  </code>
  <code code="USA">
    <editdetail attribution="Reuters BIP Coding Group" action="confirmed" date="1997-07-10"/>
  </code>
</codes>
<codes class="bip:topics:1.0">
  <code code="GCAT">
    <editdetail attribution="Reuters BIP Coding Group" action="confirmed" date="1997-07-10"/>
  </code>
  <code code="GODD">
    <editdetail attribution="Reuters BIP Coding Group" action="confirmed" date="1997-07-10"/>
  </code>
  <code code="GSCI">
    <editdetail attribution="Reuters BIP Coding Group" action="confirmed" date="1997-07-10"/>
  </code>
</codes>
<dc element="dc.date.created" value="1996-07-11"/>
<dc element="dc.publisher" value="Reuters Holdings Plc"/>
<dc element="dc.date.published" value="1997-07-10"/>
<dc element="dc.source" value="Reuters"/>
<dc element="dc.creator.location" value="LONDON"/>
<dc element="dc.creator.location.country.name" value="UK"/>
<dc element="dc.source" value="Reuters"/>
</metadata>
</newsitem>
