<?xml version="1.0" encoding="iso-8859-1" ?>
<newsitem itemid="718644" id="root" date="1997-07-10" xml:lang="en">
<title>UK: NWE gas oil prices slightly weaker, premiums firm.</title>
<headline>NWE gas oil prices slightly weaker, premiums firm.</headline>
<dateline>LONDON 1997-07-10</dateline>
<text>
<p>NWE spot gas oil prices were slightly weaker on Thursday but the underlying tone remained firm with tight ARA supplies firming barge and cargo premiums to counter some of the losses on IPE gas oil futures, traders said.</p>
<p>After making gains of around $2 in line with futures in early trade, heating oil and diesel prices were pegged around 50 cents to $1 per tonne lower in late business with the benchmark IPE August contract last done $1.50 lower at $161.75 tonne.</p>
<p>Brokers said the futures volatility kept most physical buyers out of the market though the 75 cents to $1 contango July to August on futures and tight spot market avails saw sellers keeping offers high.</p>
<p>Diesel barge premiums held firm around August IPE +$4/+$5 a tonne with inland refiners reporting good demand for diesel though they said heating oil demand remained sluggish.</p>
<p>Prompt heating oil liftings were offered at August IPE +$2 fob Rotterdam, 50 cents higher than on Wednesday but best bids were around $1 per tonne lower. Second half July contracts talked August IPE + 50 cents to +$2 a tonne fob ARA.</p>
<p>The tight ARA supplies were not swelled by a high delivery from the expiring July gas oil futures contract which amounted to 122,300 tonnes most of it from one major refiner.</p>
<p>0.2 sulphur cargoes were pegged around August IPE +$2 after trade into Germany either side of the level on Wednesday.</p>
<p>Diesel cargoes talked August IPE +$3.50/$4.50 cif NWE.</p>
<p>-- Colin Wooster, London Newsroom, +44 171 542 7456</p>
</text>
<copyright>(c) Reuters Limited 1997</copyright>
<metadata>
<codes class="bip:countries:1.0">
  <code code="UK">
    <editdetail attribution="Reuters BIP Coding Group" action="confirmed" date="1997-07-10"/>
  </code>
</codes>
<codes class="bip:topics:1.0">
  <code code="M14">
    <editdetail attribution="Reuters BIP Coding Group" action="confirmed" date="1997-07-10"/>
  </code>
  <code code="M143">
    <editdetail attribution="Reuters BIP Coding Group" action="confirmed" date="1997-07-10"/>
  </code>
  <code code="MCAT">
    <editdetail attribution="Reuters BIP Coding Group" action="confirmed" date="1997-07-10"/>
  </code>
</codes>
<dc element="dc.date.created" value="1997-07-10"/>
<dc element="dc.publisher" value="Reuters Holdings Plc"/>
<dc element="dc.date.published" value="1997-07-10"/>
<dc element="dc.source" value="Reuters"/>
<dc element="dc.creator.location" value="LONDON"/>
<dc element="dc.creator.location.country.name" value="UK"/>
<dc element="dc.source" value="Reuters"/>
</metadata>
</newsitem>
