<?xml version="1.0" encoding="iso-8859-1" ?>
<newsitem itemid="718684" id="root" date="1997-07-10" xml:lang="en">
<title>UK: UK govt to propose timetabling of finance bill.</title>
<headline>UK govt to propose timetabling of finance bill.</headline>
<dateline>LONDON 1997-07-10</dateline>
<text>
<p>The government will propose to parliament on Monday that discussion of the finance bill implementing Chancellor Gordon Brown's budget should be subject to a parliamentary timetable, or &quot;guillotine&quot;, Leader of the Commons Ann Taylor said on Thursday.</p>
<p>The announcement was bitterly denounced by her Conservative opposite number, Gillian Shephard, who accused the government of trying to stifle debate.</p>
<p>Contrasting the announcement with government promises of more open, consultative government, Shephard told Taylor: &quot;You have put yourself in a ludicrous position.&quot;</p>
<p>Taylor did not immediately give full details of the government's so-called &quot;guillotine motion&quot;.</p>
<p>She said that provided business in the Commons proceeds smoothly, she expects the House to rise for the summer recess on July 31. -- London Newsroom +44 171 5427767</p>
</text>
<copyright>(c) Reuters Limited 1997</copyright>
<metadata>
<codes class="bip:countries:1.0">
  <code code="UK">
    <editdetail attribution="Reuters BIP Coding Group" action="confirmed" date="1997-07-10"/>
  </code>
</codes>
<codes class="bip:topics:1.0">
  <code code="E21">
    <editdetail attribution="Reuters BIP Coding Group" action="confirmed" date="1997-07-10"/>
  </code>
  <code code="E211">
    <editdetail attribution="Reuters BIP Coding Group" action="confirmed" date="1997-07-10"/>
  </code>
  <code code="ECAT">
    <editdetail attribution="Reuters BIP Coding Group" action="confirmed" date="1997-07-10"/>
  </code>
  <code code="GCAT">
    <editdetail attribution="Reuters BIP Coding Group" action="confirmed" date="1997-07-10"/>
  </code>
  <code code="GPOL">
    <editdetail attribution="Reuters BIP Coding Group" action="confirmed" date="1997-07-10"/>
  </code>
</codes>
<dc element="dc.date.created" value="1997-07-10"/>
<dc element="dc.publisher" value="Reuters Holdings Plc"/>
<dc element="dc.date.published" value="1997-07-10"/>
<dc element="dc.source" value="Reuters"/>
<dc element="dc.creator.location" value="LONDON"/>
<dc element="dc.creator.location.country.name" value="UK"/>
<dc element="dc.source" value="Reuters"/>
</metadata>
</newsitem>
