<?xml version="1.0" encoding="iso-8859-1" ?>
<newsitem itemid="718666" id="root" date="1997-07-10" xml:lang="en">
<title>UK: Britannic shares slip after sales halt.</title>
<headline>Britannic shares slip after sales halt.</headline>
<dateline>LONDON 1997-07-10</dateline>
<text>
<p>Shares in Britannic Assurance slipped on Thursday after it admitted it had halted sales for a week amid concerns over staff competence.</p>
<p>The company, which is involved in the ongoing industry review of pension misselling in the late 1980s and early 1990s, said the move was intended to ensure that employees complied with new industry standards which came into force at the beginning of July.</p>
<p>By the close, Britannic shares were down 22-1/2 pence at 812 pence.</p>
<p>&quot;We are making sure that our training, competence and information is appropriate and making sure that everyone is fully qualified,&quot; a spokesman for Britannic said.</p>
<p>But he emphasised that the stoppage had not been forced on the company by pensions watchdog the Personal Investments Authority.</p>
<p>-- Simon Cowell, London Newsroom +44 171 542 7721</p>
</text>
<copyright>(c) Reuters Limited 1997</copyright>
<metadata>
<codes class="bip:countries:1.0">
  <code code="UK">
    <editdetail attribution="Reuters BIP Coding Group" action="confirmed" date="1997-07-10"/>
  </code>
</codes>
<codes class="bip:industries:1.0">
  <code code="I82002">
    <editdetail attribution="Reuters BIP Coding Group" action="confirmed" date="1997-07-10"/>
  </code>
</codes>
<codes class="bip:topics:1.0">
  <code code="C15">
    <editdetail attribution="Reuters BIP Coding Group" action="confirmed" date="1997-07-10"/>
  </code>
  <code code="C152">
    <editdetail attribution="Reuters BIP Coding Group" action="confirmed" date="1997-07-10"/>
  </code>
  <code code="CCAT">
    <editdetail attribution="Reuters BIP Coding Group" action="confirmed" date="1997-07-10"/>
  </code>
</codes>
<dc element="dc.date.created" value="1997-07-10"/>
<dc element="dc.publisher" value="Reuters Holdings Plc"/>
<dc element="dc.date.published" value="1997-07-10"/>
<dc element="dc.source" value="Reuters"/>
<dc element="dc.creator.location" value="LONDON"/>
<dc element="dc.creator.location.country.name" value="UK"/>
<dc element="dc.source" value="Reuters"/>
</metadata>
</newsitem>
