<?xml version="1.0" encoding="iso-8859-1" ?>
<newsitem itemid="718681" id="root" date="1997-07-10" xml:lang="en">
<title>UK: Japanese Stocks in London steady, blue chips gain.</title>
<headline>Japanese Stocks in London steady, blue chips gain.</headline>
<dateline>LONDON 1997-07-10</dateline>
<text>
<p>Japanese stocks in London were steady to firmer on Thursday with bargain-hunting in high-tech blue chip stocks the feature of the day, dealers said.</p>
<p>Shares in Sony Corporation rose 60 yen to close at 9820 yen, lifted by a solid performance by high-tech stocks on NASDAQ on Wednesday and by investors taking advantage of recent falls among exporters. Sharp Corporation gained 12.5 yen 1522.5 yen.</p>
<p>Elsewhere, dealers said volumes were thin, with the recent narrow trading range of the Tokyo market failing to provide an incentive for investors to open new positions in London.</p>
<p>The Nikkei/ISE 50 index in London nudged up 5.42 points to close at 1,597.3 after the Nikkei 225 rose 57.61 points to finish at 19,754.78.</p>
<p>--Andrew Langlands, London Newsroom +44 171 542 3496</p>
</text>
<copyright>(c) Reuters Limited 1997</copyright>
<metadata>
<codes class="bip:countries:1.0">
  <code code="JAP">
    <editdetail attribution="Reuters BIP Coding Group" action="confirmed" date="1997-07-10"/>
  </code>
  <code code="UK">
    <editdetail attribution="Reuters BIP Coding Group" action="confirmed" date="1997-07-10"/>
  </code>
</codes>
<codes class="bip:topics:1.0">
  <code code="M11">
    <editdetail attribution="Reuters BIP Coding Group" action="confirmed" date="1997-07-10"/>
  </code>
  <code code="MCAT">
    <editdetail attribution="Reuters BIP Coding Group" action="confirmed" date="1997-07-10"/>
  </code>
</codes>
<dc element="dc.date.created" value="1997-07-10"/>
<dc element="dc.publisher" value="Reuters Holdings Plc"/>
<dc element="dc.date.published" value="1997-07-10"/>
<dc element="dc.source" value="Reuters"/>
<dc element="dc.creator.location" value="LONDON"/>
<dc element="dc.creator.location.country.name" value="UK"/>
<dc element="dc.source" value="Reuters"/>
</metadata>
</newsitem>
