<?xml version="1.0" encoding="iso-8859-1" ?>
<newsitem itemid="718699" id="root" date="1997-07-10" xml:lang="en">
<title>INDONESIA: Donetsk takes lead in World Cities Chess.</title>
<headline>Donetsk takes lead in World Cities Chess.</headline>
<byline>Ian Rogers</byline>
<dateline>JAKARTA 1997-07-10</dateline>
<text>
<p>The Ukrainian team Donetsk took a clear lead at the half-way point in the inaugural World Cities Chess Championship by outclassing the previous tournament leader Oslo on Thursday in Jakarta.</p>
<p>The all-Grandmaster Donetsk team defeated the Norwegians by a comfortable 3-1 margin and would have done even better had not Stanislav Savchenko allowed his opponent Jonathan Tisdall to escape with a remarkable draw in a desperate rook and pawn endgame.</p>
<p>With only a few minutes remaining in the four hour playing session, Savchenko missed the opportunity to play a simple winning move, noticed by all the spectators but not by either player.</p>
<p>&quot;I can't believe he missed that!&quot; exclaimed Tisdall's teammate Einar Gausel after Savchenko had let the win slip. &quot;It's nice to see that even an endgame expert can screw up sometimes,&quot; Gausel added.</p>
<p>&quot;What can you do?&quot; said a relieved Tisdall after the game. &quot;I just had to struggle on. At least that makes up for my miss in this morning's game.&quot;</p>
<p>Donetsk's nearest rivals are the top seeded Moscow who enjoyed a similar 3-1 winning margin over Bandung.</p>
<p>The Russians missed out on a clean sweep and the outright tournament lead when Alexander Onischuk was tricked by low rated Salor Sitanggang.</p>
<p>&quot;I blundered - it was horrible,&quot; said Onischuk, who has yet to win a ame, after his defeat. &quot;I am playing very badly,&quot; admitted the world-class Grandmaster. Donetsk and Moscow will meet in the sixth round on Friday in a match-up which is likely to decide the tournament victor. The World Cities Championship concludes on July 14.</p>
<p>Gunadarma World Cities Championship, Jakarta Results of Round 5:</p>
<p>Donetsk (UKR) def Oslo (NOR) 3-1</p>
<p>Moscow (RUS) def Bandung (INA) 3-1</p>
<p>Mandaluyung (PHI) def Jakarta A (INA) 2.5-1.5</p>
<p>Ho Chi Minh (VIE) def Depok Margonda(INA) 3-1</p>
<p>Tashkent (UZB) def Rangoon (BRM) 3-1</p>
<p>Jakarta (INA) def Ambon (INA) 3-1</p>
<p>Depok Beji (INA) drew with Palu (INA) 2-2</p>
<p>Yogyakarta (INA) def Sydney (AUS) 2.5-1.5</p>
<p>Depok Kelapa (INA) drew with Medan (INA) 2-2</p>
<p>Bontang (INA) def Kuala Lumpur (MAS) 3-1</p>
<p>Raffles City (SIP) def Mandalay (BRM) 3-1</p>
<p>Jakarta B (INA) def Jakarta Women (INA) 2.5-1.5</p>
<p>Sentosa (SIP) def Hong Kong (CHN) 3.5-0.5</p>
<p>Kuching (MAS) def Victoria (SEY) 3.5-0.5</p>
<p>Bogor (INA) def Noumea (NCL) 3-1</p>
<p>Leading scores after four rounds:</p>
<p>1. Donetsk 15;</p>
<p>2. Moscow 14.5;</p>
<p>3. Mandaluyung 14;</p>
<p>4eq. Oslo, Ho Chi Minh 13;</p>
<p>6eq. Jakarta A, Tashkent 12.5</p>
<p>8. Bandung 12;</p>
<p>9. Jakarta 11.5;</p>
<p>10eq. Rangoon, Depok Margonda 11;</p>
<p>12eq. Yogyakarta, Palu, Dpok Beji 10.5;</p>
<p>15eq. Bontang, Ambon 10;</p>
<p>17. Medan 9.5;</p>
<p>18eq. Sydney, Raffles City, Sentosa, Depok Kelapa 9</p>
<p>22eq. Kuching, Jakarta B 8;</p>
<p>24eq. Mandalay, Kuala Lumpur 7.5;</p>
<p>26eq. Bogor, Jakarta Women 7;</p>
<p>28. Victoria 5.5;</p>
<p>29. Hong Kong 5</p>
<p>30. Noumea 3.5.</p>
</text>
<copyright>(c) Reuters Limited 1997</copyright>
<metadata>
<codes class="bip:countries:1.0">
  <code code="INDON">
    <editdetail attribution="Reuters BIP Coding Group" action="confirmed" date="1997-07-10"/>
  </code>
  <code code="NORW">
    <editdetail attribution="Reuters BIP Coding Group" action="confirmed" date="1997-07-10"/>
  </code>
  <code code="UKRN">
    <editdetail attribution="Reuters BIP Coding Group" action="confirmed" date="1997-07-10"/>
  </code>
</codes>
<codes class="bip:topics:1.0">
  <code code="GCAT">
    <editdetail attribution="Reuters BIP Coding Group" action="confirmed" date="1997-07-10"/>
  </code>
  <code code="GSPO">
    <editdetail attribution="Reuters BIP Coding Group" action="confirmed" date="1997-07-10"/>
  </code>
</codes>
<dc element="dc.date.created" value="1997-07-10"/>
<dc element="dc.publisher" value="Reuters Holdings Plc"/>
<dc element="dc.date.published" value="1997-07-10"/>
<dc element="dc.source" value="Reuters"/>
<dc element="dc.creator.location" value="JAKARTA"/>
<dc element="dc.creator.location.country.name" value="INDONESIA"/>
<dc element="dc.source" value="Reuters"/>
</metadata>
</newsitem>
