<?xml version="1.0" encoding="iso-8859-1" ?>
<newsitem itemid="718670" id="root" date="1997-07-10" xml:lang="en">
<title>UK: Palm oil under further pressure at European close.</title>
<headline>Palm oil under further pressure at European close.</headline>
<dateline>LONDON 1997-07-10</dateline>
<text>
<p>Lower Chicago futures put further pressure on an already weak palm oil sector of the European vegetable oil market on Thursday afternoon.</p>
<p>However, trading was subdued in all sectors following the unexpected lower opening on the U.S. market.</p>
<p>&quot;Chicago was called to open higher, but when it opened sharply lower, most people decided to call it a day,&quot; said one trader.</p>
<p>Palm oil has been taking a battering since Wednesday evening on the European market with selling pressure come from origin and consumers.</p>
<p>&quot;Fundamentally palm oil is looking very sick with increasing production and stocks, but no major export business,&quot; said one trader.</p>
<p>The new Indonesia export tax structure was also seen as beginning to take its toll on the market.</p>
<p>&quot;The new export tax was seen as bearish, but only in the long term, because high demand in Indonesia was expected to slow the impact, but it now seems people are taking more notice of it,&quot; said another trader.</p>
<p>On Monday Indonesia announced a revision of its palm oil export tax structure.</p>
<p>Under the new structure, crude palm oil would be subject to a tax of five percent, RBD palm oil four percent, RBD palm olein two percent and crude olein four percent.</p>
<p>Buying by one major refiner in on the Malaysian market is still puzzling traders.</p>
<p>&quot;People don't know quite what the refiner is up to, whether he is trying to support the market or cover business,&quot; said one trader.</p>
<p>Crude palm oil cif Europe closed with sellers $7.50 to $5 lower while products were $7.50 to $2.50 down with no further business reported during the afternoon.</p>
<p>Coconut oil closed mixed at $2.50 down to $5 up after Jul/Aug traded at $607.50 a tonne cif in a switch with Sep/Oct at even money.</p>
<p>Palmkernel oil was neglected and finished $2.50 to $5 lower.</p>
<p>Dutch soy oil closed 0.50 to one guilder down while rape oil was 0.75 to 1.50 guilders lower.</p>
<p>Trading was light and took place before the Chicago market opened.</p>
<p>Nov/Jan soy oil fetched 102 guilders while Aug rape oil traded at 102.50 and 102 and Nov/Jan at 102 guilders a 100 kilos fob ex-mill.</p>
<p>--Jim Ballantyne, London Newsroom, +44 171 542 8062</p>
</text>
<copyright>(c) Reuters Limited 1997</copyright>
<metadata>
<codes class="bip:countries:1.0">
  <code code="UK">
    <editdetail attribution="Reuters BIP Coding Group" action="confirmed" date="1997-07-10"/>
  </code>
</codes>
<codes class="bip:topics:1.0">
  <code code="M14">
    <editdetail attribution="Reuters BIP Coding Group" action="confirmed" date="1997-07-10"/>
  </code>
  <code code="M141">
    <editdetail attribution="Reuters BIP Coding Group" action="confirmed" date="1997-07-10"/>
  </code>
  <code code="MCAT">
    <editdetail attribution="Reuters BIP Coding Group" action="confirmed" date="1997-07-10"/>
  </code>
</codes>
<dc element="dc.date.created" value="1997-07-10"/>
<dc element="dc.publisher" value="Reuters Holdings Plc"/>
<dc element="dc.date.published" value="1997-07-10"/>
<dc element="dc.source" value="Reuters"/>
<dc element="dc.creator.location" value="LONDON"/>
<dc element="dc.creator.location.country.name" value="UK"/>
<dc element="dc.source" value="Reuters"/>
</metadata>
</newsitem>
