<?xml version="1.0" encoding="iso-8859-1" ?>
<newsitem itemid="718633" id="root" date="1997-07-10" xml:lang="en">
<title>UK: NWE straight-run fuel offers soften on crude fall.</title>
<headline>NWE straight-run fuel offers soften on crude fall.</headline>
<dateline>LONDON 1997-07-10</dateline>
<text>
<p>European low sulphur straight-run was quiet on Thursday but offers fell a little on the back of a plunge in crude oil futures, traders said.</p>
<p>Two refiners offering early in the day at $103/$104 for 0.5 to 0.7 pct sulphur material moved down a little after crude came off.</p>
<p>One said he may hold making a deal until Friday to see if crude futures would reverse their downward trend.</p>
<p>&quot;If it holds at $17.90 then we may do something at that level and if it falls further then we'll be below $103,&quot; a refinery trader said, adding that a second refiner will come down from his offer at $103.</p>
<p>&quot;Generally offers were on the higher side earlier in the day with lack of supplies and good buying interest but then crude came down. But if crude picks back up overnight, it (low sulphur straight-run) will go back up,&quot; the trader added.</p>
<p>A third seller was sticking to $105 fob for better quality material.</p>
<p>High sulphur straight-run continued to be offered on the high side for E-4 which was reported very scarce.</p>
<p>M-100 continued to be offered at a premium of two means plus $4/$5, steady to a bit weaker than a day earlier. But traders said buying interest was still coming into the market.</p>
<p>--Haitham Haddadin, London newsroom, +44 171 542 8145</p>
</text>
<copyright>(c) Reuters Limited 1997</copyright>
<metadata>
<codes class="bip:countries:1.0">
  <code code="UK">
    <editdetail attribution="Reuters BIP Coding Group" action="confirmed" date="1997-07-10"/>
  </code>
</codes>
<codes class="bip:topics:1.0">
  <code code="M14">
    <editdetail attribution="Reuters BIP Coding Group" action="confirmed" date="1997-07-10"/>
  </code>
  <code code="M143">
    <editdetail attribution="Reuters BIP Coding Group" action="confirmed" date="1997-07-10"/>
  </code>
  <code code="MCAT">
    <editdetail attribution="Reuters BIP Coding Group" action="confirmed" date="1997-07-10"/>
  </code>
</codes>
<dc element="dc.date.created" value="1997-07-10"/>
<dc element="dc.publisher" value="Reuters Holdings Plc"/>
<dc element="dc.date.published" value="1997-07-10"/>
<dc element="dc.source" value="Reuters"/>
<dc element="dc.creator.location" value="LONDON"/>
<dc element="dc.creator.location.country.name" value="UK"/>
<dc element="dc.source" value="Reuters"/>
</metadata>
</newsitem>
