<?xml version="1.0" encoding="iso-8859-1" ?>
<newsitem itemid="718675" id="root" date="1997-07-10" xml:lang="en">
<title>UK: Lloyd's details syndicate capacity auction result.</title>
<headline>Lloyd's details syndicate capacity auction result.</headline>
<dateline>LONDON 1997-07-10</dateline>
<text>
<p>Lloyd's of London on Thursday announced the result of the first auction of underwriting capacity for the 1998 underwriting year.</p>
<p>A total of 46.8 million stg of market capacity involving 102 syndicates underwriting this year was successfully auctioned at a total value of 2.4 million stg.</p>
<p>Subscription offers - offers to buy - totalled 417.7 million stg and tenders - offers to sell - totalled 115.5 million stg during the auction held 8-9 July.</p>
<p>The auction was the first held by Lloyd's using a fully electronic system.</p>
<p>Lloyd's said the system had brought many advantages including collecting and processing bids in an efficient and cost-effective way.</p>
<p>The auction is the first in a series of eight auctions being held from July to September. The second auction will be held 22-23 July.</p>
<p>-- Simon Cowell, London Newsroom +44 171 542 7721</p>
</text>
<copyright>(c) Reuters Limited 1997</copyright>
<metadata>
<codes class="bip:countries:1.0">
  <code code="UK">
    <editdetail attribution="Reuters BIP Coding Group" action="confirmed" date="1997-07-10"/>
  </code>
</codes>
<codes class="bip:industries:1.0">
  <code code="I82003">
    <editdetail attribution="Reuters BIP Coding Group" action="confirmed" date="1997-07-10"/>
  </code>
</codes>
<codes class="bip:topics:1.0">
  <code code="C31">
    <editdetail attribution="Reuters BIP Coding Group" action="confirmed" date="1997-07-10"/>
  </code>
  <code code="CCAT">
    <editdetail attribution="Reuters BIP Coding Group" action="confirmed" date="1997-07-10"/>
  </code>
</codes>
<dc element="dc.date.created" value="1997-07-10"/>
<dc element="dc.publisher" value="Reuters Holdings Plc"/>
<dc element="dc.date.published" value="1997-07-10"/>
<dc element="dc.source" value="Reuters"/>
<dc element="dc.creator.location" value="LONDON"/>
<dc element="dc.creator.location.country.name" value="UK"/>
<dc element="dc.source" value="Reuters"/>
</metadata>
</newsitem>
