<?xml version="1.0" encoding="iso-8859-1" ?>
<newsitem itemid="718621" id="root" date="1997-07-10" xml:lang="en">
<title>UK: East Timor's Horta welcomes new British attitude.</title>
<headline>East Timor's Horta welcomes new British attitude.</headline>
<byline>Alan Wheatley</byline>
<dateline>LONDON 1997-07-10</dateline>
<text>
<p>East Timorese independence leader and Nobel peace prize winner Jose Ramos Horta on Thursday hailed what he said was a sea change in Britain's attitude towards human rights in the former Portuguese colony.</p>
<p>But Horta, speaking after talks with Foreign Secretary Robin Cook, said he was under no illusions that a total ban by the new Labour government was likely soon on arms sales to Indonesia, which annexed East Timor in 1975.</p>
<p>&quot;We understand the dilemmas facing the British government. We don't expect them overnight to stop all arms deliveries to Indonesia,&quot; Horta told Reuters.</p>
<p>However, he was hopeful that Britain would block the export of certain types of weapons that he said were used by Indonesian troops in East Timor, including Land Rovers with mounted machine guns, armoured vehicles and water cannons.</p>
<p>Indonesia is shaping up as a litmus test of Cook's vow to put human rights at the heart of British foreign policy, and although he won no assurances Horta said he was heartened by what he heard.</p>
<p>He said the meeting was the first time a British foreign secretary had agreed to see independence leaders since East Timor was annexed in 1975. The international community does not recognise the annexation.</p>
<p>The previous Conservative British government, which was swept from power in the May 1 election after 18 years of office, regularly blocked initiatives by Portugal over East Timor, Horta said.</p>
<p>&quot;That is gone, so that is an enormous change,&quot; he said. &quot;You can say that an adversary has disappeared.&quot;</p>
<p>Horta said he believed Cook, by contrast, would offer more active diplomatic support for U.N.-sponsored talks between Portugal and talks on Timor, which have dragged on since 1983.</p>
<p>&quot;On that front he seemed to be genuinely committed and has the ability to lead the rest of the European Union,&quot; he said.</p>
<p>The Foreign Office said Cook told Horta he would continue to raise Britain's concerns about human rights, as he did with Indonesian Foreign Minister Ali Alatas in Hong Kong last month.</p>
<p>&quot;The Foreign Secretary reiterated his concern about the recent armed attacks, kidnappings and deaths in East Timor, all of which could only harm the prospects for political progress,&quot; the ministry said in a statement.</p>
<p>Horta said he hoped Britain would withdraw an invitation to the commander in chief of Indonesia's armed forces, General Feisal Tanjung, to attend a big arms show in September.</p>
<p>He said it would be especially inappropriate to invite Tanjung given the lead Britain took in Thursday's operation by NATO forces in Bosnia against two wanted war crimes suspects.</p>
<p>&quot;Be it in Bosnia or Rwanda or Cambodia or elsewhere, the time comes when certain decisive forceful actions have to be taken for the international community to be credible,&quot; he said.</p>
</text>
<copyright>(c) Reuters Limited 1997</copyright>
<metadata>
<codes class="bip:countries:1.0">
  <code code="INDON">
    <editdetail attribution="Reuters BIP Coding Group" action="confirmed" date="1997-07-10"/>
  </code>
  <code code="TIMOR">
    <editdetail attribution="Reuters BIP Coding Group" action="confirmed" date="1997-07-10"/>
  </code>
  <code code="UK">
    <editdetail attribution="Reuters BIP Coding Group" action="confirmed" date="1997-07-10"/>
  </code>
</codes>
<codes class="bip:topics:1.0">
  <code code="GCAT">
    <editdetail attribution="Reuters BIP Coding Group" action="confirmed" date="1997-07-10"/>
  </code>
  <code code="GDIP">
    <editdetail attribution="Reuters BIP Coding Group" action="confirmed" date="1997-07-10"/>
  </code>
  <code code="GPOL">
    <editdetail attribution="Reuters BIP Coding Group" action="confirmed" date="1997-07-10"/>
  </code>
</codes>
<dc element="dc.date.created" value="1997-07-10"/>
<dc element="dc.publisher" value="Reuters Holdings Plc"/>
<dc element="dc.date.published" value="1997-07-10"/>
<dc element="dc.source" value="Reuters"/>
<dc element="dc.creator.location" value="LONDON"/>
<dc element="dc.creator.location.country.name" value="UK"/>
<dc element="dc.source" value="Reuters"/>
</metadata>
</newsitem>
