<?xml version="1.0" encoding="iso-8859-1" ?>
<newsitem itemid="718634" id="root" date="1997-07-10" xml:lang="en">
<title>UK: LIFFE white sugar steady at close.</title>
<headline>LIFFE white sugar steady at close.</headline>
<dateline>LONDON 1997-07-10</dateline>
<text>
<p>LIFFE white sugar futures ended a fairly busy day with prices holding steady at slightly higher levels.</p>
<p>Most of the activity stemmed from switching out of the near August position ahead of its expiry but traders said that some trade buying also helped the overall tone.</p>
<p>At the close prices were between $1.80 and $0.30 a tonne higher and turnover totalled 5,076 lots.</p>
<p>In Paris August 45 ICUMSA ended at $321.50 a tonne, up $2.50 while October 100 ICUMSA was down $1.10 at $287.90 a tonne.</p>
<p>London Newsroom, +44 171 542 7771</p>
</text>
<copyright>(c) Reuters Limited 1997</copyright>
<metadata>
<codes class="bip:countries:1.0">
  <code code="UK">
    <editdetail attribution="Reuters BIP Coding Group" action="confirmed" date="1997-07-10"/>
  </code>
</codes>
<codes class="bip:topics:1.0">
  <code code="M14">
    <editdetail attribution="Reuters BIP Coding Group" action="confirmed" date="1997-07-10"/>
  </code>
  <code code="M141">
    <editdetail attribution="Reuters BIP Coding Group" action="confirmed" date="1997-07-10"/>
  </code>
  <code code="MCAT">
    <editdetail attribution="Reuters BIP Coding Group" action="confirmed" date="1997-07-10"/>
  </code>
</codes>
<dc element="dc.date.created" value="1997-07-10"/>
<dc element="dc.publisher" value="Reuters Holdings Plc"/>
<dc element="dc.date.published" value="1997-07-10"/>
<dc element="dc.source" value="Reuters"/>
<dc element="dc.creator.location" value="LONDON"/>
<dc element="dc.creator.location.country.name" value="UK"/>
<dc element="dc.source" value="Reuters"/>
</metadata>
</newsitem>
