<?xml version="1.0" encoding="iso-8859-1" ?>
<newsitem itemid="718702" id="root" date="1997-07-10" xml:lang="en">
<title>JAPAN: Soccer-Results of J-League matches.</title>
<headline>Soccer-Results of J-League matches.</headline>
<dateline>TOKYO 1997-07-10</dateline>
<text>
<p>Results of J-League matches</p>
<p>played on Wednesday night:</p>
<p>Nagoya 0 Yokohama M 1</p>
<p>Kashiwa 3 Kyoto 2Kobe 0 Hiroshima 1Iwata 4 Ichihara 1</p>
<p>Kashima 0 Shimizu 1</p>
<p>Osaka C 2 Fukuoka 0</p>
<p>Urawa 2 Kawasaki 0</p>
<p>Yokohama F 2 Hiratsuka 1</p>
</text>
<copyright>(c) Reuters Limited 1997</copyright>
<metadata>
<codes class="bip:countries:1.0">
  <code code="JAP">
    <editdetail attribution="Reuters BIP Coding Group" action="confirmed" date="1997-07-10"/>
  </code>
</codes>
<codes class="bip:topics:1.0">
  <code code="GCAT">
    <editdetail attribution="Reuters BIP Coding Group" action="confirmed" date="1997-07-10"/>
  </code>
  <code code="GSPO">
    <editdetail attribution="Reuters BIP Coding Group" action="confirmed" date="1997-07-10"/>
  </code>
</codes>
<dc element="dc.date.created" value="1997-07-10"/>
<dc element="dc.publisher" value="Reuters Holdings Plc"/>
<dc element="dc.date.published" value="1997-07-10"/>
<dc element="dc.source" value="Reuters"/>
<dc element="dc.creator.location" value="TOKYO"/>
<dc element="dc.creator.location.country.name" value="JAPAN"/>
<dc element="dc.source" value="Reuters"/>
</metadata>
</newsitem>
