<?xml version="1.0" encoding="iso-8859-1" ?>
<newsitem itemid="477897" id="root" date="1997-04-01" xml:lang="en">
<title>CANADA: Yogen Fruz Q2 Feb 28 shr net rises.</title>
<headline>Yogen Fruz Q2 Feb 28 shr net rises.</headline>
<dateline>TORONTO 1997-04-01</dateline>
<text>
<p>1997			    1996</p>
<p> Shr			 C$0.05		   C$0.03</p>
<p> Net			  1,349			510</p>
<p> Revs			 7,027		    4,102</p>
<p>	    6 MONTHS</p>
<p> Shr			 C$0.09		   C$0.05</p>
<p> Net			  2,451		    1,068</p>
<p> Revs			14,757		    7,824</p>
<p> Avg shrs		  28,603		   19,014</p>
<p>(All data above 000s except per share numbers)</p>
<p>Note: Full name is Yogen Fruz World-Wide Inc.</p>
<p>((Reuters Toronto Bureau (416) 941-8100))</p>
</text>
<copyright>(c) Reuters Limited 1997</copyright>
<metadata>
<codes class="bip:countries:1.0">
  <code code="CANA">
    <editdetail attribution="Reuters BIP Coding Group" action="confirmed" date="1997-04-01"/>
  </code>
</codes>
<codes class="bip:topics:1.0">
  <code code="C15">
    <editdetail attribution="Reuters BIP Coding Group" action="confirmed" date="1997-04-01"/>
  </code>
  <code code="C151">
    <editdetail attribution="Reuters BIP Coding Group" action="confirmed" date="1997-04-01"/>
  </code>
  <code code="CCAT">
    <editdetail attribution="Reuters BIP Coding Group" action="confirmed" date="1997-04-01"/>
  </code>
</codes>
<dc element="dc.date.created" value="1997-04-01"/>
<dc element="dc.publisher" value="Reuters Holdings Plc"/>
<dc element="dc.date.published" value="1997-04-01"/>
<dc element="dc.source" value="Reuters"/>
<dc element="dc.creator.location" value="TORONTO"/>
<dc element="dc.creator.location.country.name" value="CANADA"/>
<dc element="dc.source" value="Reuters"/>
</metadata>
</newsitem>
