<?xml version="1.0" encoding="iso-8859-1" ?>
<newsitem itemid="477891" id="root" date="1997-04-01" xml:lang="en">
<title>CANADA: Tiny Canada consultant aims to solve Busang mystery.</title>
<headline>Tiny Canada consultant aims to solve Busang mystery.</headline>
<byline>Darren Schuettler</byline>
<dateline>TORONTO 1997-04-01</dateline>
<text>
<p>While the Busang gold controversy panics investors and crashes trading computers, a tiny Canadian consulting firm is quietly working to answer a crucial question -- Is the gold there?</p>
<p>Strathcona Mineral Services Ltd. is maintaining a strict silence as it performs a critical audit of Bre-X Minerals Ltd's gold project in the jungles of Indonesia.</p>
<p>The company is shunning interview requests, but analysts and industry rivals said Strathcona had a solid reputation and was expected to provide at least some answers that may help resolve some of the confusion around Busang.</p>
<p>&quot;We wouldn't touch it (Bre-X) until we have more information from Strathcona. Strathcona are the referee here. We would want to see something from Strathcona before we change our opinion,&quot; Yorkton Securities analyst Doug Leishman told Reuters on Tuesday.</p>
<p>Bre-X hired Strathcona two weeks ago as rumors swirled around the Busang discovery, heralded as the richest gold find of the century.</p>
<p>The story broke on March 26 when Bre-X said it was advised by Strathcona that &quot;there appears to be a strong possibility that the potential gold resources on the Busang project...have been overstated because of invalid samples and assaying of those samples.&quot;</p>
<p>Busang partner Freeport-McMoRan Copper &amp; Gold Ltd. has said its initial tests found insignificant amounts of gold and visual differences between its own drilling samples and Bre-X's samples.</p>
<p>Strathcona is currently performing a detailed audit of drilling, sampling and assaying of the Busang project, which is expected to take four weeks.</p>
<p>&quot;Their engineers are very conservative and in our opinion ...they will determine the accurate gold content of the samples that they find. They have a very good reputation within the industry,&quot; Leishman said.</p>
<p>Privately owned Strathcona was founded by President Graham Farquharson, a veteran mining engineer who is currently in Indonesia. The company's six employees work out of a small office on a side street in Toronto's financial district.</p>
<p>Aside from consulting, Strathcona has managed mining projects, including a zinc/silver project on Canada's Baffin Island in the Northwest Territories.</p>
<p>&quot;They are tough, but fair competitors. I know Farquharson reasonably well,&quot; said Stan Bharti, president of William Resources Inc, which owns a competing mining consulting company, BLM Service Group.</p>
<p>Meanwhile, Bre-X Minerals said on Tuesday it needed more time to study a detailed report from engineering firm Kilborn SNC Lavalin on a check assay program at the Busang site.</p>
<p>&quot;This report is an extensive document which requires a more thorough review by Bre-X's technical team than initially anticipated,&quot; Bre-X said in a statement.</p>
<p>The Canadian exploration firm said it intended to conduct a detailed analysis of this report and correlate the relevant data&quot; with Strathcona's findings. It did not say when the Kilborn report would be released to the public.</p>
<p>Kilborn has said its latest resources calculations showed the Busang project contained 70.95 million ounces of gold. But its conclusions depended on the validity of samples and assays provided to the company by Bre-X.</p>
<p>Bre-X has denied any tampering with the samples and said that its claims for Busang would be vindicated.</p>
</text>
<copyright>(c) Reuters Limited 1997</copyright>
<metadata>
<codes class="bip:countries:1.0">
  <code code="CANA">
    <editdetail attribution="Reuters BIP Coding Group" action="confirmed" date="1997-04-01"/>
  </code>
  <code code="INDON">
    <editdetail attribution="Reuters BIP Coding Group" action="confirmed" date="1997-04-01"/>
  </code>
</codes>
<codes class="bip:industries:1.0">
  <code code="I21000">
    <editdetail attribution="Reuters BIP Coding Group" action="confirmed" date="1997-04-01"/>
  </code>
</codes>
<codes class="bip:topics:1.0">
  <code code="C24">
    <editdetail attribution="Reuters BIP Coding Group" action="confirmed" date="1997-04-01"/>
  </code>
  <code code="C33">
    <editdetail attribution="Reuters BIP Coding Group" action="confirmed" date="1997-04-01"/>
  </code>
  <code code="CCAT">
    <editdetail attribution="Reuters BIP Coding Group" action="confirmed" date="1997-04-01"/>
  </code>
</codes>
<dc element="dc.date.created" value="1997-04-01"/>
<dc element="dc.publisher" value="Reuters Holdings Plc"/>
<dc element="dc.date.published" value="1997-04-01"/>
<dc element="dc.source" value="Reuters"/>
<dc element="dc.creator.location" value="TORONTO"/>
<dc element="dc.creator.location.country.name" value="CANADA"/>
<dc element="dc.source" value="Reuters"/>
</metadata>
</newsitem>
