<?xml version="1.0" encoding="iso-8859-1" ?>
<newsitem itemid="477886" id="root" date="1997-04-01" xml:lang="en">
<title>EU:  REUTER EC REPORT LONG-TERM DIARY FOR APR 7 - DEC 31, 1997.</title>
<headline>REUTER EC REPORT LONG-TERM DIARY FOR APR 7 - DEC 31, 1997.</headline>
<text>
<p>****</p>
<p>HIGHLIGHTS</p>
<p>****</p>
<p>AMSTERDAM - The Netherlands hosts summit of European Union leaders (June 16-17).</p>
<p>MADRID - NATO holds summit to set the course for enlargement (July 8 and 9).</p>
<p>LUXEMBOURG - Luxembourg hosts summit of European Union leaders (December 12-13).</p>
<p>APRIL</p>
<p>BRUSSELS (MODIFIED ITEM) - Conference of Bosnian donor countries originally scheduled for April has been POSTPONED to an unspecified date before June.</p>
<p>MONDAY, APRIL 7</p>
<p>NOORDWIJK, Netherlands (NEW ITEM) - EU foreign ministers hold conclave on the inter-governmental conference (second of two days).</p>
<p>NOORDWIJK, Netherlands (EXPANDED ITEM) - EU-Rio Group meeting involving South American countries and Mexico, Panama, Trinidad, Tobago and Costa Rica (To April 8). Honduras, Guyana and chairmen of the Organisation of American States, the InterAmerican Development Bank, Latin American Parliament, the Institute for European-Latin American Relations, the European Investment Bank also attend. Discussions focus on political developments in the western hemisphere and Europe; political, economic, social and environmental aspects of sustainable development; international fight against drugs and associated crime. European Commission holds bilateral talks with Mercosur countries (Argentina, Brazil, Uruguay and Paraguay). EU Troika holds talks with Mexican and Chilean foreign affairs ministers. Venue: Huis ter Duin.</p>
<p>MAASTRICHT, Netherlands - Informal Culture Council (to April 8). Discussions focus on transfrontier fixed book prices, public broadcasting in Europe and proposed cultural paragraph in the EC Treaty.</p>
<p>BONN (EXPANDED ITEM) - European Commission hosts G7 global marketplace for SMEs conference (To April 9). Topics include electronic commerce policy; electronic commerce business issues; impact of electronic commerce on individual companies. Internal Market Commissioner Mario Monti attends. Contact: Sandra Helms, Empirica GmbH (49) 228 985 3888.</p>
<p>STRASBOURG (EXPANDED ITEM) - European Parliament holds plenary session (to Friday).</p>
<p>Provisional agenda includes:</p>
<p>- (1700/1500 GMT) Announcement of the list of subjects for the debate on topical and urgent subjects of major importance.</p>
<p>- Roth-Behrendt report on alternatives to animal testing.</p>
<p>- Breyer, Lannoye, des Places, Pasty, Gonzalez, Alvarez questions on genetically modified maize.</p>
<p>- Ojala report on health and safety at work - Cancer dangers.</p>
<p>SALZBURG - ACI Europe holds conference on airport development and evironment issues (To April 9). Contact: Yevgeny Pogorelov (322) 552 0982.</p>
<p>BERLIN - International European Training Centre holds seminar on &quot;Building Europe: EU enlargement and deepening&quot;. Contact: International European Training Centre (33) 4 92 15 2121.</p>
<p>TUESDAY, APRIL 8</p>
<p>NOORDWIJK, Netherlands (NEW ITEM) - EU-Rio Group meeting involving South American countries and Mexico, Panama, Trinidad, Tobago and Costa Rica (second of two days). European Commission and the five Andes Community countries (Bolivia, Colombia, Ecuador, Peru and Venezuela) hold bilateral talks.</p>
<p>STRASBOURG (NEW ITEM) - European Parliament holds plenary session (second of five days).</p>
<p>Provisional agenda includes:</p>
<p>- (0900/0700 GMT) Announcement of the list of subjects for the debate on topical and urgent subjects of major importance.</p>
<p>- Vote on any request for the urgent procedure.</p>
<p>- (0915/0715 GMT) Roth report on human rights in the EU: the right to live and die in dignity - no to euthanasia; the right to freedom from torture and the rights of people in detection; freedom of movement; abortion in Ireland; legal rights; immigrant rights; combatting racism; social security and poverty; right to privacy; right to non-discrimination; children's rights - no to Scandinavian porn; right to a healthy environment.</p>
<p>- Randzio-Plath report on Commission report on jobs, the road to EMU and the 1997 annual economic report.</p>
<p>- Metten report on Commission communication on EMU and balance of payments problems.</p>
<p>- Garcia-Margallo y Marfil report on Commission communication on competitiveness and improving Europe's industry or benchmarking.</p>
<p>- Farassino report on a common driving licence and a Euro ban.</p>
<p>- Lehne report on banking collapses and consumer protection.</p>
<p>- Crowley report on Commission communication on simplifying the single market - SLIM.</p>
<p>- Oddy report on investment services and capital adequacy - committee power clash.</p>
<p>- Palacio Vallelersundi report on artists' rights and royalties - a concern for salesrooms.</p>
<p>- Barton report on motor vehicle dimensions.</p>
<p>- Barton report on pressure vessels.</p>
<p>- Barton report on motorcycles - agreement on tyres and tampering.</p>
<p>- (1730/1530 GMT) Question time to the Commission.</p>
<p>- (1900/1700 GMT) Political group meetings.</p>
<p>WEDNESDAY, APRIL 9</p>
<p>STRASBOURG (NEW ITEM) - European Commission holds regular weekly meeting.</p>
<p>Provisional agenda includes:</p>
<p>- Commissioners Monti and Bangemann communication on electronic commerce.</p>
<p>STRASBOURG (NEW ITEM) - European Parliament holds plenary session (third of five days).</p>
<p>Provisional agenda includes:</p>
<p>- (0900/0700 GMT) Votes on any objections concerning the debate on topical and urgent subjects of major importance.</p>
<p>- Wynn, Dankert, Blak, Boesch, Kellet-Bowman joint report on clearing the accounts.</p>
<p>- Alavanos report on trade with the new Palestininan authority.</p>
<p>- Council and Commission joint statement on Hong Kong.</p>
<p>- Mamere, Lange, Eisma, Gonzalez Alvarez reports on motor vehicles and reducing air pollution - call for mandatory controls.</p>
<p>- Ghilardotti report on sex discrimination, the burden of proof and the UK opt out.</p>
<p>- Terron I Cusi report on free movement, Schengen and computer checks (European Information System Convention).</p>
<p>- Schulz report on pornography, content checks and new technology.</p>
<p>- (1200/1000 GMT) Votes on reports under the cooperation, codecision and assent procedures; motions for resolutions on which the debate is closed.</p>
<p>- (1730/1530 GMT) Question time to the Council.</p>
<p>- (1900/1700 GMT) Political group meetings.</p>
<p>THE HAGUE - Dutch EU presidency hosts ministerial conference on social integration (To April 11). Reuter EC Report Long-Term Diary (page 2/9 - Apr 10-16)</p>
<p>THURSDAY, APRIL 10</p>
<p>LUXEMBOURG - Consumers Council.</p>
<p>Provisional agenda includes:</p>
<p>- Voluntary agreements as important instruments for consumer policy - Council resolution.</p>
<p>- Proposal for an EP and Council directive on injunctions for the protection of consumer interests.</p>
<p>- Proposal for an EP and Council directive amending directive 87/102/EEC (as amended by Directive 90/88/EEC) for the approximation of the laws, regulations and administrative provisions of the Member States concerning consumer credit.</p>
<p>- (possibly) Report of the Commission on the application of directive 87/012/EEC concerning consumer credit.</p>
<p>- Proposal for an EP and Council directive on the sale of consumer goods and associated guarantees.</p>
<p>STRASBOURG (NEW ITEM) - European Parliament holds plenary session (fourth of five days).</p>
<p>Provisional agenda includes:</p>
<p>- (until 1000/0800 GMT) Political group meetings.</p>
<p>- (1000/0800 GMT) Mosiek-Urbahn report on banking controls.</p>
<p>- Adam report on fisheries conservation again.</p>
<p>- Baldarelli report on helping Italian fishermen.</p>
<p>- Kinderman report on fishing on the Baltic.</p>
<p>- Fontaine report on mutual recognition of diplomas.</p>
<p>- (1200/1000 GMT) Votes on reports under the cooperation. codecision and assent procedures; motions for resolutions on which the debate has closed.</p>
<p>- (1500/1300 GMT) Items in the news: topical and urgent subjects of major importance.</p>
<p>BRUSSELS (NEW ITEM) - European farm organisations COPA and COGECA hold joint news conference to introduce COPA newly elected President Luc Guyau (1730/1530 GMT). Venue: Intercontinental Europa Hotel. Contact: COPA-COGECA (322) 287 2711.</p>
<p>BRUSSELS - British Chamber of Commerce in Belgium holds annual banquet (1900/1700 GMT). European Commissioner Kinnock attends. Venue: Hilton Hotel. Contact: British Chamber of Commerce (322) 540 9030.</p>
<p>STRASBOURG (NEW ITEM) - Centre of the European Bureau for Lesser Used Languages holds news conference at 1100/0900 GMT. Venue: Palais de l'Europe. Contact: Ivana Suhadolc (322) 218 2590.</p>
<p>FRIDAY, APRIL 11</p>
<p>STRASBOURG (NEW ITEM) - European Parliament holds plenary session (last of five days).</p>
<p>Provisional agenda includes:</p>
<p>- (from 0900/0700 GMT) Votes on procedures without report; reports without debate.</p>
<p>- Nassauer report on legal and commercial documents.</p>
<p>- Crowley report on the homeless - the EU should help.</p>
<p>- Schmidbauer report on disability and equality - a role for the EU.</p>
<p>- Needle report on the third world and regional integration.</p>
<p>- Fraga, Estevez, Colino, Salamanca, Fantuzzy, Filippi, Happart, Ebner, Jove Peres, Lambraki, Campos, Arias Canete, Redondo Jiminez, Rosada Fernandes, Vallve joint question on rice crisis.</p>
<p>- Bennasar Tous, Provan, Sarlis joint question on tourism.</p>
<p>- Cornelissen question on alpine traffic.</p>
<p>VENICE, Italy - First scientific congress to review measures taken by the EU to restore consumer confidence in beef after the mad cow crisis (To April 12).</p>
<p>LONDON - The Royal Institute of International Affairs holds conference on &quot;Trade and environment: conflict or compatibility?&quot;. Sessions include: trade and environment after Singapore; trade versus environment - the evidence; industry concerns; resolving trade and environment disputes; the future. Speakers include: European Commissioner Brittan. Venue: Chatham House, 10 St James Square. Contact: Sharon Moore (44) 171 957 5700.</p>
<p>SATURDAY, APRIL 12</p>
<p>PALERMO, Italy (NEW ITEM) - European Cofederation of Worker's Cooperatives, Social Cooperatives and Participative Enterprises (CECOP) holds Mediterranean conference on &quot;Mediterranean network of European cities and regions of the social economy&quot; (0900/0700 GMT) (To April 15). Venue: Castello Utveggio. Contact: CECOP (322) 537 5740.</p>
<p>MONDAY, APRIL 14</p>
<p>LUXEMBOURG - Fisheries Council (To April 15).</p>
<p>Provisional agenda includes:</p>
<p>- Council decision on Multiannual Guidance Programmes (Structural arrangements for 1997-1999).</p>
<p>- (possibly) Proposal for a Council regulation laying down certain technical measures for the conservation of fisheries resources.</p>
<p>- Proposal for a Council decision on a specific measure to encourage Italian fishermen to diversify out of certain fishing activities.</p>
<p>- (possibly) Communication from the Commission to Council and EP on fisheries agreements (Present situation and future prospects).</p>
<p>- (possibly) Proposal for a Council regulation allocating among Member States, for 1997, Community fish quotas of Atlanto-Scandian herring and horse mackerel.</p>
<p>- (possibly) Accession of Community to General Fisheries Council for the Mediterranean.</p>
<p>- (possibly) Consultations with Norway on a new management regime for North Sea herring.</p>
<p>- (possibly) Consultations with Norway on a new management regime for mackerel.</p>
<p>- Proposal for a Council regulation providing for the opening and management of autonomous Community tariff quotas for certain fisheries products (1997).</p>
<p>LEIDEN, Netherlands - The Philip Morris Institute (PMI) holds conference on &quot;How much popular support is there for he EU?&quot;. Contact: PMI (322) 732 1156.</p>
<p>TUESDAY, APRIL 15</p>
<p>BRUSSELS (NEW ITEM) - Inuit Circumpolar Conference holds conference on &quot;Wildlife management, indigenous peoples and the world of politics&quot; (1000/0800 GMT). Topics discussed are the objectives of import bans and international trading obligations: the case of EU import prohibitions; indigenous peoples' concerns with animal welfare and trade restrictions; the objectives of animal welfare groups and the realities of wildlife management; sustainability and the realities of life. Venue: EP, Belliard room 53. Contact: Inuit Circumpolar Conference, Greenland (299) 2 36 32.</p>
<p>BRUSSELS - Centre for European Policy Studies (CEPS) holds workshop on &quot;Identifying the priorities for energy conservation&quot; (1000/0800 GMT). Agenda includes: myths and realities in energy conservation: what is really needed; energy conservation in business: potentials and obstacles; the impacts of liberalisation on energy efficiency and renewables; integration of climate change objectives; how the necessary long-term consensus on climate change policy can be established. Venue: CEPS. Contact: CEPS (322) 229 3911.</p>
<p>BRUSSELS - The European Energy Foundation holds dinner debate on &quot;Medium and long term security of supply of oil and gas in Europe&quot; (1900/1700 GMT). Venue: Hotel Europa. Contact: The European Energy Foundation (322) 773 9522.</p>
<p>VALETTA, Malta - EU and Mediterranean ministers attend Euro-Med conference in a follow-up to the 1995 Barcelona conference (To April 16).</p>
<p>WEDNESDAY, APRIL 16</p>
<p>BRUSSELS (NEW ITEM) - EP and Council Conciliation Committee meets on &quot;TV without frontiers directive&quot;.</p>
<p>MAASTRICHT - The National Committee for International Cooperation and Sustainable Development and the Dutch foreign affairs ministry host conference on &quot;Public support for international cooperation&quot; (To April 17).</p>
<p>BRUSSELS - Schleswig-Holstein Economics, Technology and Transport Minister Peer Steinbrueck addresses the fourth maritime dialogue conference on &quot;Short sea shipping in the Baltic Sea - Importance and development of transport chains&quot; (1800/1600 GMT). Venue: House of the new German Laender, 80 Blvd Saint Michel. Contact: House of the new German Laender (322) 285 4657.</p>
<p>BRUSSELS - Aeronautica holds &quot;European air transport conference&quot; (To April 17). Venue: Sheraton Towers. Contact: Aeronautica (44) 181 893 3795. Reuter EC Report Long-Term Diary (page 3/9 - Apr 17-May 10)</p>
<p>THURSDAY, APRIL 17</p>
<p>LUXEMBOURG - Social Affairs Council.</p>
<p>Provisional agenda includes:</p>
<p>- Employment and Labour Market Committee.</p>
<p>- Modified proposal for a directive on &quot;Chemical Agents&quot;.</p>
<p>- Worker information and consultation.</p>
<p>- (possibly) Commission activities on analysis, research, cooperation and action in the field of employment.</p>
<p>- (possibly) Directive modifying directive 90/394/CEE concerning the protection of workers from the risks related to exposure to carcinogens at work.</p>
<p>- (possibly) New communication on the future of social protection.</p>
<p>- (possibly) White Paper on working time in excluded sectors.</p>
<p>- Proposal for a directive: &quot;Burden of proof in cases of discrimination based on sex&quot;.</p>
<p>- Proposal for a directive amending directive 76/207/EEC on the implementation of the principle of equal treatment for men and women as regards access to employment, vocational training and promotion, and working conditions (Kalanke Ruling).</p>
<p>- Collective redundancies (Codification).</p>
<p>- Council Recommendation on home working.</p>
<p>MAASTRICHT - Dutch EU presidency hosts post-Lome ministerial meeting (April 18).</p>
<p>BRUSSELS - Katholieke Universiteit Brussel (KU) holds international relations lecture on &quot;Mixed signals: Central bank independence, wage bargaining&quot;. Speaker is Harvard University Government Professor Peter Hall. Venue: KU Brussels. Contact: KU (322) 412 4211.</p>
<p>FRIDAY, APRIL 18</p>
<p>AMSTERDAM - Informal Environment Council (To April 20). No agenda yet available.</p>
<p>MAASTRICHT - Dutch Development Cooperation Minister Jan Pronk hosts meeting on the future of the Lome convention, which lays down the political, trade and aid relations between the EU and the 70 African, Caribbean and Pacific states (To April 19).</p>
<p>MONDAY, APRIL 21</p>
<p>LUXEMBOURG - Farm Council (To April 22). No agenda yet available.</p>
<p>MALTA - European Documentation and Research Centre (EDRC) and University of Malta hold conference on &quot;The State of the European Union Conference 1997&quot;. Discussions focus on the development of EU policies especially with regard to the EU citizens' ombudsman; the evolution of cooperation on justice and home affairs in Europe; EU social policy; EU initiatives for employment and growth and the EU's SME policy. Contact: Monica Cauchi, EDRC (356) 32 90 20 01.</p>
<p>TUESDAY, APRIL 22</p>
<p>BRUSSELS - EU Monetary Committee meets (1000/0800 GMT).</p>
<p>WEDNESDAY, APRIL 23</p>
<p>BRUSSELS - Economic and Social Committee (ECOSOC) holds plenary session (To April 24).</p>
<p>BRUSSELS - European Parliament holds mini session (To April 24).</p>
<p>THURSDAY, APRIL 24</p>
<p>LUXEMBOURG - Industry Council.</p>
<p>Provisional agenda includes:</p>
<p>- Shipbuilding:</p>
<p>a) (possibly) Individual cases of state aid;</p>
<p>b) Future of Community policy on state aid in connection with the situation regarding ratifications of the OECD Aereement.</p>
<p>- Competitiveness of the European industry - Report by the Commission.</p>
<p>- State Aid:</p>
<p>- 5th Survey report on state aid by the Commission;</p>
<p>- State of affairs regarding proposals related to art. 94 of the Treaty.</p>
<p>- (possibly) Action programme in the field of the Information Society.</p>
<p>LUXEMBOURG - EU-ACP (African, Caribbean and Pacific countries) Council (To April 25). No agenda yet available.</p>
<p>THE HAGUE - Dutch EU presidency hosts conference on &quot;Innovative research and appropriate health care for the people of Europe&quot; (To April 25).</p>
<p>THE HAGUE - Dutch EU presidency hosts conference on &quot;Trafficking in women&quot; (To April 26).</p>
<p>TUESDAY, APRIL 29</p>
<p>LUXEMBOURG - General Affairs Council.</p>
<p>Provisional agenda includes:</p>
<p>- Association Council with Poland: determination of the Union's position.</p>
<p>- Association Council with Hungary: determination of the Union's position.</p>
<p>- Former Yugoslavia.</p>
<p>- Middle East peace process.</p>
<p>- Mediterranean policy:</p>
<p>- Malta: Commission communication;</p>
<p>- State of negotiations with Egypt, Lebanon and Jordan;</p>
<p>- follow up to 2nd Ministerial meeting (Barcelona process).</p>
<p>- (possibly) Association Council with Turkey: determination of the Union's position.</p>
<p>- Relations with Switzerland.</p>
<p>- (possibly) Burma/Myanmar: extension of the common position.</p>
<p>- Zaire: support for the electoral process.</p>
<p>- Anti-personnel landmines.</p>
<p>- Transatlantic relations.</p>
<p>- Trade questions - OECD negotiations on a Multilateral Agreement on Investment: state of play.</p>
<p>- In the margins of the Council:</p>
<p>- Association Council with Poland;</p>
<p>- Association Council with Hungary;</p>
<p>- (possibly) Association Council with Turkey.</p>
<p>BRUSSELS (NEW ITEM) - Centre for Economic Policy Research and ECARE hold joint lunchtime meeting on &quot;EMU: getting the end-game right&quot; (1330/1130 GMT). Venue: ECARE, 39 avenue Franklin Roosevelt. Contact: Nancy De Munck, ECARE (322) 650 3075.</p>
<p>BRUSSELS - The Philip Morris Institute (PMI) holds conference on &quot;World trade policy for the 21st century - Delivering the goods after Singapore&quot;. Contact: PMI (322) 732 1156.</p>
<p>THURSDAY, MAY 1</p>
<p>- EU institutions closed for Labour Day.</p>
<p>- British elections.</p>
<p>THURSDAY, MAY 8</p>
<p>- EU institutions closed for Ascension holiday.</p>
<p>FRIDAY, MAY 9</p>
<p>- EU institutions closed for &quot;Robert Schuman&quot; remembrance day.</p>
<p>SATURDAY, MAY 10</p>
<p>BRUSSELS (NEW ITEM) - European Association of Lawyers for Democracy and World Human Rights (EALDH) holds conference on &quot;Environmental law in Europe&quot; (1300/1100 GMT). Venue: German Land Hessen Representation to the EU. Reuter EC Report Long-Term Diary (page 4/9 - May 12-24)</p>
<p>MONDAY, MAY 12</p>
<p>BRUSSELS - ECOFIN Council.</p>
<p>Provisional agenda includes:</p>
<p>- Preparation of stage 3 of EMU.</p>
<p>- Excessive deficit procedure:</p>
<p>- Assessment of excessive deficits (Article 104 c, paragraph 6);</p>
<p>- Abrogation of excessive deficits (Article 104 c, paragraph 12);</p>
<p>- Assessment of recommendations (Article 104 c, paragraph 7).</p>
<p>- (possibly) Follow-up to the informal meeting of ECOFIN Ministers (Noordwijk, 4-6 April 1997).</p>
<p>- (possibly) Employment.</p>
<p>- Taxation.</p>
<p>- Fight against fraud: transit sector.</p>
<p>BRUSSELS - Farm Council (To May 13). No agenda yet available.</p>
<p>STRASBOURG - European Parliament holds plenary session (To May 16).</p>
<p>WEDNESDAY, MAY 14</p>
<p>BRUSSELS - Research Council (To May 15).</p>
<p>Provisional agenda includes:</p>
<p>- Preparation for meeting with Central and Eastern European Ministers (Structured dialogue).</p>
<p>- (possibly) Financial supplement to the Fourth RTD Framework Programme.</p>
<p>- 5th RTD Framework Programme.</p>
<p>- First Action Programme on Innovation.</p>
<p>- International cooperation in the RTD field:</p>
<p>- Science and technology cooperation strategy with Mediterranean/Central and Eastern European Countries/emerging economies;</p>
<p>- Bilateral science and technology agreements with certain third countries.</p>
<p>- Evaluation and monitoring of Community RTD activities.</p>
<p>- High Flux Reactor.</p>
<p>- Research and development cooperation.</p>
<p>- (possibly) Fusion Programme and ITER.</p>
<p>- (possibly) SPACE.</p>
<p>FLORENCE, Italy - European Natural Gas Vehicle Association (ENGVA) holds conference on &quot;Creating the climate for NGVs&quot; (To May 16). Contact: ENGVA (31) 20 597 3100.</p>
<p>THURSDAY, MAY 15</p>
<p>AMSTERDAM - Committee of the Regions holds first summit of the regions and cities (1600/1400 GMT) (To May 16). Discussions focus on structural funds, enlargement, employment, inter-governmental conference (IGC). Speakers include: Dutch Prime Minister Wim Kok, European Commission President Santer, EP President Jose Maria Gil-Robles, Committee of the Regions President Pasqual Maragall. Opening news conference at 1530/1330 GMT; closing news conference on Friday at 1800/1600 GMT. Contact: Committee of the Regions (322) 282 2155.</p>
<p>SATURDAY, MAY 17</p>
<p>GENEVA - The International Telecommunications Union celebrates World Telecommunications Day - &quot;Telecommunications and humanitarian assistance&quot;, commemorating its founding in Paris 132 years ago. Contact: International Telecommunications Union (41) 22 730 5111.</p>
<p>MONDAY, MAY 19</p>
<p>- EU institutions closed for Whit Monday holiday.</p>
<p>TUESDAY, MAY 20</p>
<p>BRUSSELS - Internal Market Council.</p>
<p>Provisional agenda includes:</p>
<p>- Impact and effectiveness of the internal market.</p>
<p>- Legislative simplification.</p>
<p>- Amended proposal for a directive of the EP and of the Council on the legal protection of designs.</p>
<p>- (possibly) Proposal for a regulation on the Community design.</p>
<p>- Amended proposal for a directive of the EP and Council amending for the 15th time directive 76/769/EEC on the approximation of laws, regulations and administrative provisions of the member states relating to restrictions on the marketing and use of certain dangerous substances and preparations.</p>
<p>- (possibly) Amended proposal for an EP and Council directive amending for the 16th time directive 76/769/EEC on the approximation of laws, regulations and administrative provisions of the Member States relating to restrictions on the marketing and use of certain dangerous substances and preparations.</p>
<p>- Proposal for a directive of the EP and Council on precious metals.</p>
<p>- Proposal for a directive of the EP and Council on in vitro diagnostic.</p>
<p>- (possibly) Proposal for a directive of the EP and Council on the masses and dimensions of certain categories of motor vehicles.</p>
<p>- Proposal for an EP and Council decision establishing an action programme to improve awareness of Community law for the legal professions (Robert Schuman Project).</p>
<p>- Proposal for a directive of the EP and of the Council on the supplementary supervision of insurance undertakings in an insurance group.</p>
<p>- Proposal for a directive of the EP and of the Council to facilitate practice of the profession of lawyer on a permanent basis in a Member State other than that in which the qualification was obtained.</p>
<p>- (possibly) Amended proposal for an EP and Council directive on the approximation of the laws of the Member States concerning foods and food ingredients treated with ionizing radiation.</p>
<p>- (possibly) Proposal on the amendment of directives 95/20, 93/36, 93/37 and 93/38 on public purchasing.</p>
<p>- Accession to the Protocol of Madrid and amendment of regulation relating to the accession to the Protocol of Madrid.</p>
<p>- (possibly) Proposal for an EP and Council directive amending directive 83/189/EEC.</p>
<p>- Proposal for a directive on safety standards of buses and coaches.</p>
<p>- (possibly) Proposal for an EP and Council directive on the approximation of the laws, regulations and administrative provisions of the Member States relating to pressure equipment.</p>
<p>- (possibly) Proposal for an EP and Council directive on certain components and characteristics of two or three-wheel motor vehicles.</p>
<p>- (possibly) Proposal for a directive amending directive 93/16 facilitating the free movement of doctors and the mutual recognition of their diplomas, certificates and other evidence of formal qualifications.</p>
<p>- Proposal for a Council directive relating to certain sugars intended for human consumption.</p>
<p>- Proposal for a Council directive relating to honey.</p>
<p>- Proposal for a Council directive relating to fruit juices and certain similar products intended for human consumption.</p>
<p>- Proposal for an EP and Council directive relating to coffee extracts and chicory extracts.</p>
<p>- Proposal for an EP and Council directive relating to cocoa and chocolate products intended for human consumption.</p>
<p>- Proposal for a Council directive relating to certain partly or wholly dehydrated preserved milk for human consumption.</p>
<p>- Proposal for a Council directive relating to fruit jams, jellies and marmalades and chestnut puree intended for human consumption.</p>
<p>BRUSSELS - World Fuels Conferences holds conference on &quot;Fuel quality and vehicle technology&quot; (To May 22). Venue: Conrad Hotel. Contact: World Fuels Conferences (1) 703 812 0902.</p>
<p>FRIDAY, MAY 24</p>
<p>BRUSSELS - European Institute of Public Affairs and Lobbying (EIPAL) holds conference on &quot;Practice and legal restrictions on lobbying the European institutions&quot; (1400/1200 GMT). Venue: EP. Contact: Glacomo Scuart, EIPAL (322) 481 7325. Reuter EC Report Long-Term Diary (page 6/9 - June 2-12)</p>
<p>MONDAY, JUNE 2</p>
<p>LUXEMBOURG - General Affairs Council (To June 3).</p>
<p>Provisional agenda includes:</p>
<p>- Preparation for the Amsterdam European Council.</p>
<p>- Former Yugoslavia.</p>
<p>- Middle East peace process.</p>
<p>- Mediterranean policy:</p>
<p>- Article 16 of the MEDA Regulation;</p>
<p>- Decisions to sign agreements with Egypt, Lebanon and Jordan;</p>
<p>- Algeria: state of negotiations on an association agreement.</p>
<p>- Ukraine: decision to conclude the partnership and cooperation agreement.</p>
<p>- Nigeria extension of the common position.</p>
<p>- Transatlantic relations.</p>
<p>- In the margins of the Council:</p>
<p>- Signature of the agreements with Egypt, Lebanon and Jordan.</p>
<p>THURSDAY, JUNE 5</p>
<p>LUXEMBOURG - Health Council.</p>
<p>Provisional agenda includes:</p>
<p>- Draft EP and Council decision adopting a programme of Community action on health monitoring within the framework for action in the field of public health.</p>
<p>- Proposal for an EP and Council decision creating a network for the epidemiological surveillance and control of communicable diseases in the European Community.</p>
<p>- (possibly ) Proposal for an EP and Council decision adopting a programme concerning pollution-related diseases.</p>
<p>- (possibly) Proposal for an EP and Council decision adopting a programme concerning injuries.</p>
<p>- (possibly) Proposal for an EP and Council decision adopting a programme concerning rare diseases.</p>
<p>- Reduction of smoking:</p>
<p>- Commission communication;</p>
<p>- Report by the Commission on the follow-up given to the Council resolution and health ministers of the Member States meeting in the Council concerning the interdiction of smoking in public places.</p>
<p>- Organ transplant.</p>
<p>- Health questions related to free movement of doctors.</p>
<p>- Drug/Drug dependence:</p>
<p>- Report from the European Monitoring Centre for Drugs;</p>
<p>- Report from experts.</p>
<p>- Action Group EU-US Task Force to establish a global early-warning system and response network for communicable diseases.</p>
<p>- Transmissible spongiform encephalopathies (BSE/TSEs - MCJ).</p>
<p>LUXEMBOURG - Development Council.</p>
<p>Provisional agenda includes:</p>
<p>- Future EU relations with ACP countries (Green paper).</p>
<p>- Coherence between the different Community policies: specific issues.</p>
<p>- Human rights/good governance.</p>
<p>- Evaluation.</p>
<p>- Forestry policies in developing countries.</p>
<p>- Research policies in developing countries.</p>
<p>- Report on ALA cooperation from 1991 to 1995.</p>
<p>- Legal basis concerning some development budget lines:</p>
<p>- NG0s</p>
<p>- Decentralised co-operation</p>
<p>- AIDS</p>
<p>- Refugees ALA</p>
<p>- Environment</p>
<p>- Population policies</p>
<p>- Drugs.</p>
<p>THE HAGUE - Dutch EU presidency hosts K4 Committee (consisting of officials from interior ministeries of EU member states) meeting (To June 6).</p>
<p>SUNDAY, JUNE 8</p>
<p>NOORDWIJK, The Netherlands - Dutch EU presidency hosts conference on &quot;Regional planning and regional policy&quot; (To June 10).</p>
<p>MONDAY, JUNE 9</p>
<p>LUXEMBOURG - Farm Council (To June 10). No agenda yet available.</p>
<p>LUXEMBOURG - ECOFIN Council.</p>
<p>Provisional agenda includes:</p>
<p>- Preparation of the European Council in Amsterdam.</p>
<p>- Preparation for stage 3 of EMU;</p>
<p>- Implementation of the 1996 broad economic policy guidelines;</p>
<p>- Draft 1997 broad economic policy guidelines;</p>
<p>- Employment.</p>
<p>- SEM 2000.</p>
<p>- Fight against fraud;</p>
<p>- 1996 annual report;</p>
<p>- Programme for 1997-1998.</p>
<p>STRASBOURG - European Parliament holds plenary session (To June 13).</p>
<p>TUESDAY, JUNE 10</p>
<p>BRUSSELS - EU Monetary Committee meets (1000/0800 GMT).</p>
<p>LONDON (NEW ITEM) - Agra Europe holds first European cheese conference (To June 11). Venue: The Waldorf Meridien Hotel. Contact: Agra Europe (44) 1892 511807.</p>
<p>WEDNESDAY, JUNE 11</p>
<p>BRUSSELS - Committee of the Regions holds plenary session (To June 12).</p>
<p>THURSDAY, JUNE 12</p>
<p>LUXEMBOURG - Social Affairs Council.</p>
<p>Provisional agenda includes:</p>
<p>- Interim report on employment.</p>
<p>- Directive modifying directive 90/394/CEE on the protection of workers from the risks related to exposure to carcinogens at work.</p>
<p>- (possibly) Proposal for a directive concerning the minimum requirements for improving the health, safety and health protection of workers potentially at risk from explosive atmospheres.</p>
<p>- Proposal for a directive &quot;Burden of proof in cases of discrimination based on sex&quot;.</p>
<p>- Proposal for a directive amending directive 76/207/EEC on the implementation of the principle of equal treatment for men and women as regards access to employment, vocational training and promotion, and working conditions (Kalanke Ruling).</p>
<p>- Report on the conclusions of the Fourth World Conference on Women (Beijing, September 1995).</p>
<p>- Proposal for a regulation concerning the extension of the application of regulations (EEC) 1408/71 and 574/72 to all insured persons - particularly civil servants, non active persons and students (follow-up to the Vougioukas case).</p>
<p>- Communication from the Commission on the development of Social Dialogue at the Community level.</p>
<p>- (possibly) Proposal for a directive concerning the approximation of legislation between Member States on collective redundancies (Codified version).</p>
<p>- Commission proposal on atypical work.</p>
<p>- Green paper on work organisation.</p>
<p>- Commission recommendation on home working.</p>
<p>- Worker information and consultation.</p>
<p>- Modified directive on transfers of undertakings.</p>
<p>ITALY - Euromanagement holds conference on &quot;Managing the future growth of cogeneration in Europe&quot; (To June 13). Contact: Euromanagement (31) 40 2974 944. Reuter EC Report Long-Term Diary (page 7/9 - June 16-25)</p>
<p>MONDAY, JUNE 16</p>
<p>AMSTERDAM - Dutch presidency hosts European Council of heads of state or government (To June 17).</p>
<p>Provisional agenda includes:</p>
<p>- Commission action plan and a timetable covering all measures that must be taken to ensure that the full benefit of the Internal Market is achieved before the beginning of Stage 3 of EMU.</p>
<p>- Completion of the inter-governmental conference (IGC).</p>
<p>TUESDAY, JUNE 17</p>
<p>LUXEMBOURG - Transport Council (To June 18).</p>
<p>Provisional agenda includes:</p>
<p>- Air Transport:</p>
<p>- (possibly) Proposal for a Council directive on the limitation of the impact of noise from air transport.</p>
<p>- Negotiations between the European Community and the United States.</p>
<p>- Negotiations between the European Community and Central and Eastern European Countries.</p>
<p>- Draft recommendation for a Council decision authorising the Commission to start negotiations with a view to establishing Community membership of the European Organisation for the Safety of Air Navigation (Eurocontrol).</p>
<p>- Draft recommendation for a Council decision authorising the Commission to start negotiations with a view </p>
<p>to establish a European organisation responsible for civil aviation safety.</p>
<p>- Inland Transport:</p>
<p>- (possibly) Proposal for a Council directive on the charging of heavy goods vehicles for the use of certain infrastructures.</p>
<p>- (possibly) Proposal for a Council regulation amending Council regulation (EEC) No 3821/85 and Council directive 88/599/EEC on recording equipment in road transport.</p>
<p>- (possibly) Proposal for a Council directive on a registration certificate for motor vehicles.</p>
<p>- Negotiations between the European Community and the Central and Eastern European Countries.</p>
<p>- Maritime Transport:</p>
<p>- Proposal for a Council directive amending directive 94/58/EC on the minimum level of training of seafarers.</p>
<p>- Proposal for a Council directive on the registration of persons sailing on board of passenger ships.</p>
<p>- (possibly) Short sea shipping.</p>
<p>- External relations.</p>
<p>- Other measures:</p>
<p>- Negotiations between the European Community and Switzerland.</p>
<p>- Road safety and Community database on road accidents.</p>
<p>- (possibly) Report on global navigation satellite system (GNSS) in bilateral agreements.</p>
<p>- (possibly) Proposal for a Council decision on the promotion of sustainable and safe mobility (legal base).</p>
<p>THURSDAY, JUNE 19</p>
<p>LUXEMBOURG - Environment Council (To June 20).</p>
<p>Provisional agenda includes:</p>
<p>- Community strategy on climate change.</p>
<p>- Future strategy for the control of atmospheric emissions from road transport, taking into account the results of the auto-oil programme:</p>
<p>- Proposal for an EP and Council directive on the quality of petrol and diesel fuels and amending Council directive 93/12/EEC;</p>
<p>- Proposal for an EP and Council directive on measures to be taken against air pollution by emissions from motor vehicles and amending Council Directives 70/156/EEC and 70/220/EEC.</p>
<p>- Proposal for a Council directive concerning the quality of water intended for human consumption.</p>
<p>- Community strategy to combat acidification.</p>
<p>- Community strategy on biological diversity.</p>
<p>- Communication from the Commission to the Council and to the EP on agreements in the environmental field.</p>
<p>- Proposal for a Council directive on landfill of wastes.</p>
<p>- Proposal for a Council regulation establishing common rules and procedures to apply to shipments to certain non-OECD countries of certain types of waste.</p>
<p>- (possibly) Proposal for a Council framework directive on water.</p>
<p>FRIDAY, JUNE 20</p>
<p>DENVER, United States - Group of Seven (Britain, U.S., Canada, France, Germany, Italy and Japan) hold summit (To June 22).</p>
<p>MONDAY, JUNE 23</p>
<p>LUXEMBOURG - Fisheries Council.</p>
<p>Provisional agenda includes:</p>
<p>- (possibly) MAGPs IV, Council decision on Multiannual Guidance Programmes (structural arrangements for 1997-1999).</p>
<p>- Proposal for a Council regulation laying down certain technical measures for the conservation of fisheries resources.</p>
<p>- Proposal for a Council regulation introducing arrangements for the management of fishing effort in the Baltic Sea.</p>
<p>- (possibly) Proposal for a Council regulation fixing management objectives and strategies for certain fisheries or groups of fisheries for the period 1994-1997.</p>
<p>- (possibly) Proposal for a Council regulation amending Council regulation (EEC) No 2115/77 prohibiting fishing for herring for purposes other than human consumption.</p>
<p>- Ratification of UK agreement on straddling stocks.</p>
<p>- Proposal for a Council regulation establishing a list of species to be entered in the logbooks and in the landing declaration.</p>
<p>- Proposal for a Council regulation amending regulation (EEC) No 2847/93 establishing a control system applicable to the Common Fisheries Policy (integrated computer network).</p>
<p>- (possibly) Proposal for a Council regulation on the financing of collection of scientific data.</p>
<p>- (possibly) Commission report on the progress of MAGPs for the fishing fleets (1993-1996).</p>
<p>- (possibly) Proposal for a Council regulation amending Council regulation 2930/986 defining the characteristics of fishing vessels.</p>
<p>LUXEMBOURG - ECOFIN Council.</p>
<p>Provisional agenda includes:</p>
<p>- Follow-up to the European Council in Amsterdam - preparation of stage 3 of EMU.</p>
<p>- Adoption of the 1997 broad economic policy guidelines.</p>
<p>- (possibly) Financial services.</p>
<p>- (possibly) Taxation.</p>
<p>- Preparation of the Luxembourg EU presidency.</p>
<p>HELSINKI - International Union of Railways hold third Pan-European transport conference (To March 25). Contact: International Union of Railways (33) 1 44 49 20 50.</p>
<p>WEDNESDAY, JUNE 25</p>
<p>BRUSSELS - European Parliament holds mini session (To June 26).</p>
<p>AMSTERDAM - The Netherlands Industrial and Agricultural Biotechnology (NIAB) Foundation holds &quot;EuropaBio '97&quot; (To June 27). Speakers include: European Commissioner Brittan, Dutch Economic Affairs Minister Hans Wijers. Venue: RAI Congress Centre. Contact: Lidy Groot Congress Events (31) 20 679 3218. Reuter EC Report Long-Term Diary (page 8/9 - June 26-Oct 14)</p>
<p>THURSDAY, JUNE 26</p>
<p>LUXEMBOURG - General Affairs Council.</p>
<p>Provisional agenda include:</p>
<p>- Follow-up to the Amsterdam European Council.</p>
<p>- Former Yugoslavia.</p>
<p>- Middle East peace process.</p>
<p>- Relations with Andorra: decision to sign the cooperation agreement.</p>
<p>- Mediterranean policy: report on follow-up to Barcelona Conference.</p>
<p>- Relations with Albania: decision to sign the cooperation agreement.</p>
<p>- Relations with Yemen: decision to sign the cooperation agreement.</p>
<p>- Relations with Turkmenistan: decision to sign the partnership and cooperation agreement.</p>
<p>- Relations with Switzerland: conclusion of negotiations.</p>
<p>- EEA Council session: preparation of the Union's position.</p>
<p>- In the margins of the Council:</p>
<p>- EEA Council;</p>
<p>- Signature of the cooperation agreement with Albania;</p>
<p>- Signature of the partnership and cooperation agreement with Turkmenistan;</p>
<p>- Signature of the cooperation agreement with Yemen;</p>
<p>- Signature of the cooperation agreement with Andorra;</p>
<p>- Conference of the Representatives of the Governments of the Member States: appointment of judges and advocates-general to the Court of Justice (period in office begins 7 October 1997).</p>
<p>LUXEMBOURG - Education Council.</p>
<p>Provisional agenda includes:</p>
<p>- White paper on education and training.</p>
<p>- Proposal for a decision concerning the SOCRATES budget.</p>
<p>- Green paper on obstacles to mobility in higher education.</p>
<p>- Commission communication: &quot;Learning in the Information Society&quot;.</p>
<p>- Council recommendation on quality in higher education.</p>
<p>- Commission communication on safety at school.</p>
<p>- (possibly) Voluntary service for young people.</p>
<p>MONDAY, JUNE 30</p>
<p>LUXEMBOURG - Culture Council.</p>
<p>Provisional agenda includes:</p>
<p>- Directive &quot;Television without frontiers&quot;.</p>
<p>- Cooperation between public broadcast corporations.</p>
<p>- Proposal for a decision on an European Guarantee Fund (audiovisual).</p>
<p>- Proposal for a decision on European Cultural Cities.</p>
<p>- The cultural dimension of the European unification.</p>
<p>- A different set-up of EU cultural programmes.</p>
<p>- (Possibly) Book pricing.</p>
<p>* Dutch EU presidency ends. Luxembourg takes over to December 31, 1997.</p>
<p>TUESDAY, JULY 8</p>
<p>MADRID - NATO holds summit to chart course for enlargement and invite a number of former communist foes to begin membership talks (To July 9).</p>
<p>WEDNESDAY, JULY 9</p>
<p>BRUSSELS - Economic and Social Committee (ECOSOC) holds plenary session (To July 10).</p>
<p>SATURDAY, JULY 12</p>
<p>LUXEMBOURG - Informal Social Affairs Council (To July 13). No agenda yet available.</p>
<p>MONDAY, JULY 14</p>
<p>STRASBOURG - European Parliament holds plenary session (to July 18).</p>
<p>WEDNESDAY, JULY 16 - (possibly) European Commission gives opinions on EU membership applications of Eastern European countries.</p>
<p>MONDAY, JULY 21</p>
<p>- EU institutions closed for Belgian Independence Day holiday.</p>
<p>TUESDAY, JULY 22</p>
<p>BRUSSELS - General Affairs Council (To July 23). No agenda yet available.</p>
<p>BRUSSELS - Farm Council. No agenda yet available.</p>
<p>THURSDAY, JULY 24</p>
<p>BRUSSELS - Budget Council. No agenda yet available.</p>
<p>AUGUST</p>
<p>- EU institutions closed for summer holidays.</p>
<p>SUNDAY, SEPTEMBER 7</p>
<p>LUXEMBOURG - Informal Farm Council (To September 9). No agenda yet available.</p>
<p>FRIDAY, SEPTEMBER 12</p>
<p>LUXEMBOURG - Informal ECOFIN Council (To September 14). No agenda yet available.</p>
<p>MONDAY, SEPTEMBER 15</p>
<p>BRUSSELS - General Affairs Council (September 16). No agenda yet available.</p>
<p>STRASBOURG - European Parliament holds plenary session (To September 19).</p>
<p>WEDNESDAY, SEPTEMBER 17</p>
<p>BRUSSELS - Committee of the Regions holds plenary session (To September 18).</p>
<p>MONDAY, SEPTEMBER 22</p>
<p>BRUSSELS - Justice and Home Affairs Council (To September 23). No agenda yet available.</p>
<p>BRUSSELS - Farm Council (To September 23). No agenda yet available.</p>
<p>OCTOBER</p>
<p>LUXEMBOURG - Luxembourg EU Presidency hosts high-level meeting in the framework of preparations for the second Asia-Europe Meeting summit to be held in London in April 1998.</p>
<p>WEDNESDAY, OCTOBER 1</p>
<p>BRUSSELS - European Parliament holds mini session (To October 2).</p>
<p>BRUSSELS - Economic and Social Committee (ECOSOC) holds plenary session (To October 2).</p>
<p>THURSDAY, OCTOBER 2</p>
<p>LUXEMBOURG - Telecoms Council. No agenda yet available.</p>
<p>FRIDAY, OCTOBER 3</p>
<p>LUXEMBOURG - Informal Internal Market Council (To October 4). No agenda yet available.</p>
<p>MONDAY, OCTOBER 6</p>
<p>LUXEMBOURG - General Affairs Council (To October 7). No agenda yet available.</p>
<p>THURSDAY, OCTOBER 9</p>
<p>LUXEMBOURG - Transport Council. No agenda yet available.</p>
<p>MONDAY, OCTOBER 13</p>
<p>LUXEMBOURG - ECOFIN Council. No agenda yet available.</p>
<p>TUESDAY, OCTOBER 14</p>
<p>LUXEMBOURG - Social Affairs Council. No agenda yet available. Reuter EC Report Long-Term Diary (page 9/9 - Oct 17-Dec 31)</p>
<p>FRIDAY, OCTOBER 17</p>
<p>LUXEMBOURG - Informal Justice and Home Affairs Council (To October 18). No agenda yet available.</p>
<p>MONDAY, OCTOBER 20</p>
<p>LUXEMBOURG - Farm Council (To OCtober 21). No agenda yet available.</p>
<p>STRASBOURG - European Parliament holds plenary session (To October 24).</p>
<p>THURSDAY, OCTOBER 23</p>
<p>LUXEMBOURG - Environment Council. No agenda yet available.</p>
<p>WEDNESDAY, OCTOBER 29</p>
<p>BRUSSELS - Economic and Social Committee (ECOSOC) holds plenary session (To October 30).</p>
<p>THURSDAY, OCTOBER 30</p>
<p>LUXEMBOURG - Fisheries Council. No agenda yet available.</p>
<p>MONDAY, NOVEMBER 3</p>
<p>BRUSSELS - Consumers Council. No agenda yet available.</p>
<p>WEDNESDAY, NOVEMBER 5</p>
<p>BRUSSELS - European Parliament holds mini session (To November 6).</p>
<p>MONDAY, NOVEMBER 10</p>
<p>BRUSSELS - Research Council. No agenda yet available.</p>
<p>THURSDAY, NOVEMBER 6</p>
<p>LIBREVILLE, Gabon - African, Caribbean, Pacific heads of state and government hold summit (To November 7).</p>
<p>WEDNESDAY, NOVEMBER 12</p>
<p>TOULOUSE, France - European People's Party (EPP) holds congress on &quot;Europe and globalisation&quot; (To November 14). Contact: EPP (322) 285 41 57.</p>
<p>THURSDAY, NOVEMBER 13</p>
<p>BRUSSELS - Industry Council. No agenda yet available.</p>
<p>MONDAY, NOVEMBER 17</p>
<p>BRUSSELS - ECOFIN Council. No agenda yet available.</p>
<p>BRUSSELS - Farm Council (To November 18). No agenda yet available.</p>
<p>STRASBOURG - European Parliament holds plenary session (To November 21).</p>
<p>WEDNESDAY, NOVEMBER 19</p>
<p>BRUSSELS - (possibly) Fisheries Council. No agenda yet available.</p>
<p>BRUSSELS - Committee of the Regions holds plenary session (To November 20).</p>
<p>THURSDAY, NOVEMBER 20</p>
<p>BRUSSELS - Education Council. No agenda yet available.</p>
<p>MILAN - Third European conference for craft/trade and small businesses (To November 22). Contact: UEAPME (322) 230 7599.</p>
<p>FRIDAY, NOVEMBER 21</p>
<p>BRUSSELS - Development Council. No agenda yet available.</p>
<p>MONDAY, NOVEMBER 24</p>
<p>BRUSSELS - General Affairs Council (To November 25). No agenda yet available.</p>
<p>BRUSSELS - Culture Council. No agenda yet available.</p>
<p>LUXEMBOURG - The European Finance Convention and the Euro Week hold 11th annual convention (To November 28). Main topics discussed are the euro's impact on financial markets; European payment systems and implications for bank profitability; an overview of the enlargement programme - benefits and disadvantages of the first wave of entries. Speakers include: European Commission President Santer; Belgian Finance Minister Philippe Maystadt; European Commissioners de Silguy, Monti, Wulf-Mathies, Bonino and van den Broek; MEP Karl Von Wogau; Bank of England Governor Eddie George; Spanish Foreign Minister Abel Matutes; Spanish Economy Minister Rodrigo de Rato; WTO Director General Renato Ruggiero; French Economy Minister Jean Arthuis; EIB President Brian Unwin.</p>
<p>THURSDAY, NOVEMBER 27</p>
<p>BRUSSELS - Internal Market Council. No agenda yet available.</p>
<p>BRUSSELS - Budget Council. No agenda yet available.</p>
<p>MONDAY, DECEMBER 1</p>
<p>BRUSSELS - ECOFIN Council. No agenda yet available.</p>
<p>BRUSSELS - (possibly) Telecoms Council. No agenda yet available.</p>
<p>TUESDAY, DECEMBER 2</p>
<p>BRUSSELS - Social Affairs Council. No agenda yet available.</p>
<p>WEDNESDAY, DECEMBER 3</p>
<p>BRUSSELS - European Parliament holds mini session (To December 4).</p>
<p>THURSDAY, DECEMBER 4</p>
<p>BRUSSELS - Health Council. No agenda yet available.</p>
<p>BRUSSELS - Justice and Home Affairs Council. No agenda yet available.</p>
<p>MONDAY, DECEMBER 8</p>
<p>BRUSSELS - General Affairs Council (To December 9). No agenda yet available.</p>
<p>BRUSSELS - Energy Council. No agenda yet available.</p>
<p>WEDNESDAY, DECEMBER 10</p>
<p>BRUSSELS - Transport Council (To December 11). No agenda yet available.</p>
<p>BRUSSELS - Economic and Social Committee (ECOSOC) holds plenary session (To December 11).</p>
<p>FRIDAY, DECEMBER 12</p>
<p>LUXEMBOURG - Luxembourg presidency hosts European Council of heads of state and government (To December 13).</p>
<p>MONDAY, DECEMBER 15</p>
<p>BRUSSELS - Farm Council (To December 16). No agenda yet available.</p>
<p>BRUSSELS - Environment Council (To December 16). No agenda yet available.</p>
<p>STRASBOURG - European Parliament holds plenary session (To December 19).</p>
<p>THURSDAY, DECEMBER 18</p>
<p>BRUSSELS - Fisheries Council (To December 19). No agenda yet available.</p>
<p>MONDAY, DECEMBER 22</p>
<p>BRUSSELS - (possibly) ECOFIN Council. No agenda yet available.</p>
<p>WEDNESDAY, DECEMBER 24</p>
<p>- EU institutions closed for Christmas holidays until Sunday, January 4 inclusive.</p>
<p>1998</p>
<p>BIRMINGHAM, United Kingdom - Group of Seven (G7) - Britain, U.S., Canada, France, Germany, Italy and Japan - hold summit.</p>
<p>If you have items for inclusion in the Reuter European</p>
<p>Community diary, please contact:</p>
<p>Telephone: Cynthia Simpson (322) 287 6851</p>
<p>Fax: (322) 230 5573</p>
<p>For technical queries regarding</p>
<p>the service, please call (322) 287 6666</p>
<p>- - - - - - - - - - - - - - - - - - - - - - -</p>
<p>EC Report (C)opyright Reuters Limited.</p>
</text>
<copyright>(c) Reuters Limited 1997</copyright>
<metadata>
<codes class="bip:countries:1.0">
  <code code="EEC">
    <editdetail attribution="Reuters BIP Coding Group" action="confirmed" date="1997-04-01"/>
  </code>
</codes>
<codes class="bip:topics:1.0">
  <code code="G15">
    <editdetail attribution="Reuters BIP Coding Group" action="confirmed" date="1997-04-01"/>
  </code>
  <code code="GCAT">
    <editdetail attribution="Reuters BIP Coding Group" action="confirmed" date="1997-04-01"/>
  </code>
</codes>
<dc element="dc.publisher" value="Reuters Holdings Plc"/>
<dc element="dc.date.published" value="1997-04-01"/>
<dc element="dc.source" value="Reuters"/>
<dc element="dc.creator.location.country.name" value="EU"/>
<dc element="dc.source" value="Reuters"/>
</metadata>
</newsitem>
