<?xml version="1.0" encoding="iso-8859-1" ?>
<newsitem itemid="477964" id="root" date="1997-04-01" xml:lang="en">
<title>USA: Clinton may name OMB official Social Security head.</title>
<headline>Clinton may name OMB official Social Security head.</headline>
<dateline>WASHINGTON 1997-04-01</dateline>
<text>
<p>President Bill Clinton is leaning toward naming Office of Management and Budget (OMB) official Kenneth Apfel as Social Security commissioner, an administration official said on Tuesday.</p>
<p>&quot;Everything is leaning that way,&quot; said the official, adding that Apfel, now OMB's associate director for human resources, still had to go through the vetting process.</p>
<p>The official, who asked not to be named, was confirming a report published on Tuesday in the Baltimore Sun newspaper.</p>
</text>
<copyright>(c) Reuters Limited 1997</copyright>
<metadata>
<codes class="bip:countries:1.0">
  <code code="USA">
    <editdetail attribution="Reuters BIP Coding Group" action="confirmed" date="1997-04-01"/>
  </code>
</codes>
<codes class="bip:topics:1.0">
  <code code="GCAT">
    <editdetail attribution="Reuters BIP Coding Group" action="confirmed" date="1997-04-01"/>
  </code>
  <code code="GPOL">
    <editdetail attribution="Reuters BIP Coding Group" action="confirmed" date="1997-04-01"/>
  </code>
  <code code="GWELF">
    <editdetail attribution="Reuters BIP Coding Group" action="confirmed" date="1997-04-01"/>
  </code>
</codes>
<dc element="dc.date.created" value="1997-04-01"/>
<dc element="dc.publisher" value="Reuters Holdings Plc"/>
<dc element="dc.date.published" value="1997-04-01"/>
<dc element="dc.source" value="Reuters"/>
<dc element="dc.creator.location" value="WASHINGTON"/>
<dc element="dc.creator.location.country.name" value="USA"/>
<dc element="dc.source" value="Reuters"/>
</metadata>
</newsitem>
