<?xml version="1.0" encoding="iso-8859-1" ?>
<newsitem itemid="477992" id="root" date="1997-04-01" xml:lang="en">
<title>USA: Bentley Pharmaceuticals Q4 full results.</title>
<headline>Bentley Pharmaceuticals Q4 full results.</headline>
<dateline>TAMPA, Fla. 1997-03-31</dateline>
<text>
<p>Commission,</p>
<p>Bentley Pharmaceuticals Inc</p>
<p>Financial Highlights (Unaudited)</p>
<p>	     For the Three Months Ended   For the Year Ended</p>
<p>		  12/31/96    12/31/95	12/31/96     12/31/95</p>
<p> Sales	 $4,708,000 $7,069,000    $23,133,000 $31,437,000</p>
<p>Cost of sales</p>
<p>		  2,759,000  5,601,000     15,638,000  25,586,000</p>
<p>Gross margin</p>
<p>		  1,949,000  1,468,000	7,495,000   5,851,000</p>
<p>Recurring</p>
<p>operating</p>
<p>  expenses    2,169,000  1,933,000	8,454,000   8,198,000</p>
<p>Provision for</p>
<p>goodwill</p>
<p>  impairment    340,000	   --	  340,000	    --</p>
<p>Total</p>
<p>operating</p>
<p>    expenses  2,509,000  1,933,000	8,794,000   8,198,000</p>
<p>Loss from</p>
<p>  operations (560,000)  (465,000)    (1,299,000)  (2,347,000)</p>
<p>Interest</p>
<p>   expense	330,000    348,000	1,227,000     563,000</p>
<p>Other (income) expense, net</p>
<p>		   (56,000)    (6,000)	 (53,000)   (584,000)</p>
<p>Loss before extraordinary</p>
<p>  item	 (834,000)  (807,000)    (2,473,000)  (2,326,000)</p>
<p>Extraordinary item-</p>
<p>Extinguishment</p>
<p>  of debt		--	   --	  446,000	    --</p>
<p>Net loss  ( 834,000)  ( 807,000)  ( 2,919,000)  ( 2,326,000) Loss per common</p>
<p>share before</p>
<p>extraordinary</p>
<p>   item	    ( .26)     ( .27)	   ( .79)	( .83)</p>
<p>Extraordinary item</p>
<p>- extinguishment of</p>
<p>  debt		   --	   --	    (.13)	    --</p>
<p>Net loss per</p>
<p>  common share   ( .26)     ( .27)	   ( .92)	( .83)</p>
<p>Loss from</p>
<p>operations</p>
<p>per common</p>
<p>share excluding</p>
<p>provision for</p>
<p>goodwill</p>
<p>  impairment     ( .07)     ( .15)	   ( .29)	( .78)</p>
<p>Weighted average</p>
<p>common shares</p>
<p>outstanding</p>
<p>		  3,345,000  3,060,000	3,334,000   2,999,000</p>
<p>-- New York Newsdesk 212 859-1610</p>
</text>
<copyright>(c) Reuters Limited 1997</copyright>
<metadata>
<codes class="bip:countries:1.0">
  <code code="USA">
    <editdetail attribution="Reuters BIP Coding Group" action="confirmed" date="1997-04-01"/>
  </code>
</codes>
<codes class="bip:industries:1.0">
  <code code="I25700">
    <editdetail attribution="Reuters BIP Coding Group" action="confirmed" date="1997-04-01"/>
  </code>
</codes>
<codes class="bip:topics:1.0">
  <code code="C15">
    <editdetail attribution="Reuters BIP Coding Group" action="confirmed" date="1997-04-01"/>
  </code>
  <code code="C151">
    <editdetail attribution="Reuters BIP Coding Group" action="confirmed" date="1997-04-01"/>
  </code>
  <code code="C1511">
    <editdetail attribution="Reuters BIP Coding Group" action="confirmed" date="1997-04-01"/>
  </code>
  <code code="CCAT">
    <editdetail attribution="Reuters BIP Coding Group" action="confirmed" date="1997-04-01"/>
  </code>
</codes>
<dc element="dc.date.created" value="1997-03-31"/>
<dc element="dc.publisher" value="Reuters Holdings Plc"/>
<dc element="dc.date.published" value="1997-04-01"/>
<dc element="dc.source" value="Reuters"/>
<dc element="dc.creator.location" value="TAMPA, Fla."/>
<dc element="dc.creator.location.country.name" value="USA"/>
<dc element="dc.source" value="Reuters"/>
</metadata>
</newsitem>
