<?xml version="1.0" encoding="iso-8859-1" ?>
<newsitem itemid="477945" id="root" date="1997-04-01" xml:lang="en">
<title>USA: Judge won't block debut of AMD chip.</title>
<headline>Judge won't block debut of AMD chip.</headline>
<dateline>WILMINGTON, Del. 1997-04-01</dateline>
<text>
<p>A federal judge Tuesday declined Intel Corp's request for a restraining order that would have blocked Advance Micro Devices Corp's promotional materials introducing the AMD K6 computer chip.</p>
<p>In a ruling after an emergency hearing, Judge Joseph Longobardi of the U.S. District Court of Delaware said that based on the limited record, Intel failed to show a likelihood of success on the merits of its trademark infringement case.  </p>
<p>The ruling enables Advanced Micro Devices to proceed with the introduction of the new computer chip, which is compatible with Intel's MMX multimedia technology, on April 2, 1997.</p>
<p>In his decision, Longobardi said Advanced Micro had made a strong case that the MMX created a &quot;new genus&quot; of product.</p>
<p>Moreover, Advanced Micro had produced substantial evidence, including surveys and media articles, indicating that the public considers the MMX a type of product rather than a brand associated only with Intel, the judge ruled.</p>
<p>A preliminary injunction hearing is set for April 28 and Longobardi indicated the evidence developed by that time could yield a different result.</p>
<p>In asking for a restraining order, Intel wanted Advanced Micro Devices promotional materials to say the AMD K6 was not an &quot;MMX processor&quot;, but an &quot;MMX compatible processor.&quot;</p>
<p>Intel also wanted Advanced Micro to acknowledge that MMX was a product of Intel.</p>
</text>
<copyright>(c) Reuters Limited 1997</copyright>
<metadata>
<codes class="bip:countries:1.0">
  <code code="USA">
    <editdetail attribution="Reuters BIP Coding Group" action="confirmed" date="1997-04-01"/>
  </code>
</codes>
<codes class="bip:industries:1.0">
  <code code="I34531">
    <editdetail attribution="Reuters BIP Coding Group" action="confirmed" date="1997-04-01"/>
  </code>
</codes>
<codes class="bip:topics:1.0">
  <code code="C12">
    <editdetail attribution="Reuters BIP Coding Group" action="confirmed" date="1997-04-01"/>
  </code>
  <code code="C22">
    <editdetail attribution="Reuters BIP Coding Group" action="confirmed" date="1997-04-01"/>
  </code>
  <code code="C31">
    <editdetail attribution="Reuters BIP Coding Group" action="confirmed" date="1997-04-01"/>
  </code>
  <code code="CCAT">
    <editdetail attribution="Reuters BIP Coding Group" action="confirmed" date="1997-04-01"/>
  </code>
  <code code="GCAT">
    <editdetail attribution="Reuters BIP Coding Group" action="confirmed" date="1997-04-01"/>
  </code>
  <code code="GCRIM">
    <editdetail attribution="Reuters BIP Coding Group" action="confirmed" date="1997-04-01"/>
  </code>
</codes>
<dc element="dc.date.created" value="1997-04-01"/>
<dc element="dc.publisher" value="Reuters Holdings Plc"/>
<dc element="dc.date.published" value="1997-04-01"/>
<dc element="dc.source" value="Reuters"/>
<dc element="dc.creator.location" value="WILMINGTON, Del."/>
<dc element="dc.creator.location.country.name" value="USA"/>
<dc element="dc.source" value="Reuters"/>
</metadata>
</newsitem>
