<?xml version="1.0" encoding="iso-8859-1" ?>
<newsitem itemid="477976" id="root" date="1997-04-01" xml:lang="en">
<title>USA: Monaco Finance Inc Q4 full results.</title>
<headline>Monaco Finance Inc Q4 full results.</headline>
<dateline>DENVER, CO 1997-04-01</dateline>
<text>
<p>Monaco Finance, Inc.</p>
<p>				  Financial Highlights</p>
<p>				     (unaudited)</p>
<p>			   Consolidated Statements of Operations</p>
<p>(dollars in thousands, except per share amounts)</p>
<p>		Three months ended		 Twelve months ended</p>
<p>		     December 31,		    December 31,</p>
<p>		  1996	   1995		 1996	   1995</p>
<p>Total revs   3,514	   3,323	     13,501	 12,642</p>
<p>Net (loss) (5,808)	( 1,816)	   ( 7,686)     ( 1,341)</p>
<p>Net earnings (loss) per share</p>
<p>Net earnings (loss) per</p>
<p>common and common equivalent</p>
<p>  share    ( 0.83)	 ( 0.29)	    ( 1.10)	( 0.24)</p>
<p>Weighted average</p>
<p>shares outstanding</p>
<p>	   6,972,094     6,368,990	  6,965,485    5,603,689</p>
</text>
<copyright>(c) Reuters Limited 1997</copyright>
<metadata>
<codes class="bip:countries:1.0">
  <code code="USA">
    <editdetail attribution="Reuters BIP Coding Group" action="confirmed" date="1997-04-01"/>
  </code>
</codes>
<codes class="bip:industries:1.0">
  <code code="I65100">
    <editdetail attribution="Reuters BIP Coding Group" action="confirmed" date="1997-04-01"/>
  </code>
</codes>
<codes class="bip:topics:1.0">
  <code code="C15">
    <editdetail attribution="Reuters BIP Coding Group" action="confirmed" date="1997-04-01"/>
  </code>
  <code code="C151">
    <editdetail attribution="Reuters BIP Coding Group" action="confirmed" date="1997-04-01"/>
  </code>
  <code code="C1511">
    <editdetail attribution="Reuters BIP Coding Group" action="confirmed" date="1997-04-01"/>
  </code>
  <code code="CCAT">
    <editdetail attribution="Reuters BIP Coding Group" action="confirmed" date="1997-04-01"/>
  </code>
</codes>
<dc element="dc.date.created" value="1997-04-01"/>
<dc element="dc.publisher" value="Reuters Holdings Plc"/>
<dc element="dc.date.published" value="1997-04-01"/>
<dc element="dc.source" value="Reuters"/>
<dc element="dc.creator.location" value="DENVER, CO"/>
<dc element="dc.creator.location.country.name" value="USA"/>
<dc element="dc.source" value="Reuters"/>
</metadata>
</newsitem>
