<?xml version="1.0" encoding="iso-8859-1" ?>
<newsitem itemid="477916" id="root" date="1997-04-01" xml:lang="en">
<title>USA: RESEARCH ALERT - Stryker raised to buy.</title>
<headline>RESEARCH ALERT - Stryker raised to buy.</headline>
<text>
<p>-- Jefferies &amp; Co Inc said its analyst Carol Winslow raised her rating on shares of Stryker Corp to buy from accumulate.</p>
<p>-- In a statement, Winslow noted Stryker's accelerating growth rate that has been masked by the loss of low margin original equipment manufacturer products in Japan and a recent, market-related sell-off of shares that has created a buying opportunity.</p>
<p>-- Styker is a medical device company.</p>
<p>-- Its shares were off 1/4 at 24-5/8 at mid-afternoon.</p>
</text>
<copyright>(c) Reuters Limited 1997</copyright>
<metadata>
<codes class="bip:countries:1.0">
  <code code="USA">
    <editdetail attribution="Reuters BIP Coding Group" action="confirmed" date="1997-04-01"/>
  </code>
</codes>
<codes class="bip:industries:1.0">
  <code code="I95100">
    <editdetail attribution="Reuters BIP Coding Group" action="confirmed" date="1997-04-01"/>
  </code>
</codes>
<codes class="bip:topics:1.0">
  <code code="C15">
    <editdetail attribution="Reuters BIP Coding Group" action="confirmed" date="1997-04-01"/>
  </code>
  <code code="C152">
    <editdetail attribution="Reuters BIP Coding Group" action="confirmed" date="1997-04-01"/>
  </code>
  <code code="CCAT">
    <editdetail attribution="Reuters BIP Coding Group" action="confirmed" date="1997-04-01"/>
  </code>
</codes>
<dc element="dc.publisher" value="Reuters Holdings Plc"/>
<dc element="dc.date.published" value="1997-04-01"/>
<dc element="dc.source" value="Reuters"/>
<dc element="dc.creator.location.country.name" value="USA"/>
<dc element="dc.source" value="Reuters"/>
</metadata>
</newsitem>
