<?xml version="1.0" encoding="iso-8859-1" ?>
<newsitem itemid="478006" id="root" date="1997-04-01" xml:lang="en">
<title>USA: Hi-Rise Recycling 1996 shr loss narrows.</title>
<headline>Hi-Rise Recycling 1996 shr loss narrows.</headline>
<dateline>MIAMI 1997-04-01</dateline>
<text>
<p>HI-RISE RECYCLING SYSTEMS INC.</p>
<p>			     STATEMENTS OF OPERATIONS</p>
<p>		 for the years ended Dec. 31, 1996 and 1995</p>
<p>						    Years Ended</p>
<p>						    1996		1995</p>
<p> Revenues				$ 3,207,309	$ 3,062,301</p>
<p> Operating Expenses		    6,031,909	  5,611,720</p>
<p> Operating loss			(2,824,600)	(2,549,419)</p>
<p> Other Income (expenses)		 185,449	    230,354</p>
<p> Net loss				(2,639,151)	(2,319,065)</p>
<p> Net loss per common share		 (.47)		(.70)</p>
<p>Weighted average common</p>
<p>stock and common stock</p>
<p>  equivalents outstanding	    5,578,333	  3,326,093</p>
</text>
<copyright>(c) Reuters Limited 1997</copyright>
<metadata>
<codes class="bip:countries:1.0">
  <code code="USA">
    <editdetail attribution="Reuters BIP Coding Group" action="confirmed" date="1997-04-01"/>
  </code>
</codes>
<codes class="bip:industries:1.0">
  <code code="I92110">
    <editdetail attribution="Reuters BIP Coding Group" action="confirmed" date="1997-04-01"/>
  </code>
</codes>
<codes class="bip:topics:1.0">
  <code code="C15">
    <editdetail attribution="Reuters BIP Coding Group" action="confirmed" date="1997-04-01"/>
  </code>
  <code code="C151">
    <editdetail attribution="Reuters BIP Coding Group" action="confirmed" date="1997-04-01"/>
  </code>
  <code code="C1511">
    <editdetail attribution="Reuters BIP Coding Group" action="confirmed" date="1997-04-01"/>
  </code>
  <code code="CCAT">
    <editdetail attribution="Reuters BIP Coding Group" action="confirmed" date="1997-04-01"/>
  </code>
</codes>
<dc element="dc.date.created" value="1997-04-01"/>
<dc element="dc.publisher" value="Reuters Holdings Plc"/>
<dc element="dc.date.published" value="1997-04-01"/>
<dc element="dc.source" value="Reuters"/>
<dc element="dc.creator.location" value="MIAMI"/>
<dc element="dc.creator.location.country.name" value="USA"/>
<dc element="dc.source" value="Reuters"/>
</metadata>
</newsitem>
