<?xml version="1.0" encoding="iso-8859-1" ?>
<newsitem itemid="478082" id="root" date="1997-04-01" xml:lang="en">
<title>USA: Merck to file for 6 new drugs within 2 yrs.</title>
<headline>Merck to file for 6 new drugs within 2 yrs.</headline>
<dateline>NEW YORK 1997-03-27</dateline>
<text>
<p>Merck and Co Inc plans to seek regulatory clearance in the U.S. for six new drugs within two years, a company spokeswoman told Reuters.</p>
<p>The spokesman was commenting on the company's annual report which said that Merck plans to seek regulatory clearance for eight new drugs and 12 supplemental claims for existing Merck products.</p>
<p>Merck has already filed for one of those eight drugs, Propecia for male baldness, she said.</p>
<p>Propecia is a lower-dose form of Proscar, a Merck drug used for treating enlarged prostates.</p>
<p>She said that Merck has changed its time horizon for filing for another of the eight drugs. She said the company plans to file for MK-966 for arthritis and pain by the year 2000.</p>
<p>Merck plans to file for clearance for Copost for glaucoma, Maxalt for migraines, Singulair for asthma and Aggrastat for unstable angina within two years.</p>
<p>The company also plans to file for high dose and sustained release versions of its Zocor drug for elevated cholesterol.</p>
</text>
<copyright>(c) Reuters Limited 1997</copyright>
<metadata>
<codes class="bip:countries:1.0">
  <code code="USA">
    <editdetail attribution="Reuters BIP Coding Group" action="confirmed" date="1997-04-01"/>
  </code>
</codes>
<codes class="bip:industries:1.0">
  <code code="I25700">
    <editdetail attribution="Reuters BIP Coding Group" action="confirmed" date="1997-04-01"/>
  </code>
</codes>
<codes class="bip:topics:1.0">
  <code code="C13">
    <editdetail attribution="Reuters BIP Coding Group" action="confirmed" date="1997-04-01"/>
  </code>
  <code code="C22">
    <editdetail attribution="Reuters BIP Coding Group" action="confirmed" date="1997-04-01"/>
  </code>
  <code code="CCAT">
    <editdetail attribution="Reuters BIP Coding Group" action="confirmed" date="1997-04-01"/>
  </code>
</codes>
<dc element="dc.date.created" value="1997-03-27"/>
<dc element="dc.publisher" value="Reuters Holdings Plc"/>
<dc element="dc.date.published" value="1997-04-01"/>
<dc element="dc.source" value="Reuters"/>
<dc element="dc.creator.location" value="NEW YORK"/>
<dc element="dc.creator.location.country.name" value="USA"/>
<dc element="dc.source" value="Reuters"/>
</metadata>
</newsitem>
