<?xml version="1.0" encoding="iso-8859-1" ?>
<newsitem itemid="478031" id="root" date="1997-04-01" xml:lang="en">
<title>USA: Exxon Baton Rouge, La. 68,000 bpd reformer shut.</title>
<headline>Exxon Baton Rouge, La. 68,000 bpd reformer shut.</headline>
<dateline>NEW YORK 1997-04-01</dateline>
<text>
<p>Exxon Corp said it shut a 68,000 barrel per day reforming unit at its Baton Rouge, Louisiana refinery after a small fire there on Monday.</p>
<p>&quot;The unit is down today and we're looking around to determine the cause,&quot; said company spokesman Bruce Tackett.  </p>
<p>The fire, which occurred around 6 p.m. CST Monday (0000 GMT), caused no injuries and did not affect any of the other units at the 432,000 bpd refinery, Tackett said.</p>
<p>&quot;The balance of the refinery was not affected,&quot; he said. It was not yet known how long the unit would be down for repairs.</p>
<p>-- Matt Daily, New York Energy Desk +1 212 859 1620</p>
</text>
<copyright>(c) Reuters Limited 1997</copyright>
<metadata>
<codes class="bip:countries:1.0">
  <code code="USA">
    <editdetail attribution="Reuters BIP Coding Group" action="confirmed" date="1997-04-01"/>
  </code>
</codes>
<codes class="bip:industries:1.0">
  <code code="I13000">
    <editdetail attribution="Reuters BIP Coding Group" action="confirmed" date="1997-04-01"/>
  </code>
  <code code="I1300003">
    <editdetail attribution="Reuters BIP Coding Group" action="confirmed" date="1997-04-01"/>
  </code>
  <code code="I14000">
    <editdetail attribution="Reuters BIP Coding Group" action="confirmed" date="1997-04-01"/>
  </code>
</codes>
<codes class="bip:topics:1.0">
  <code code="C24">
    <editdetail attribution="Reuters BIP Coding Group" action="confirmed" date="1997-04-01"/>
  </code>
  <code code="CCAT">
    <editdetail attribution="Reuters BIP Coding Group" action="confirmed" date="1997-04-01"/>
  </code>
</codes>
<dc element="dc.date.created" value="1997-04-01"/>
<dc element="dc.publisher" value="Reuters Holdings Plc"/>
<dc element="dc.date.published" value="1997-04-01"/>
<dc element="dc.source" value="Reuters"/>
<dc element="dc.creator.location" value="NEW YORK"/>
<dc element="dc.creator.location.country.name" value="USA"/>
<dc element="dc.source" value="Reuters"/>
</metadata>
</newsitem>
