<?xml version="1.0" encoding="iso-8859-1" ?>
<newsitem itemid="478066" id="root" date="1997-04-01" xml:lang="en">
<title>USA: Isuzu March US truck sales rise.</title>
<headline>Isuzu March US truck sales rise.</headline>
<dateline>DETROIT 1997-04-01</dateline>
<text>
<p>Isuzu Motors Ltd</p>
<p>			Mar 1-31, 1997     Mar 1-31, 1996 *Pct Chng</p>
<p> Domestic Car		   0		   0	     N.A.</p>
<p> Domestic Truck	   6,348	     5,709	    +11.2</p>
<p> Import Car		     0		   0	     N.A.</p>
<p> Import Truck	     1,040	     1,879	    -44.7</p>
<p>		  Jan 1-Mar 31, 1997 Jan 1-Mar 31, 1996 *Pct Chng</p>
<p> Domestic Car		   0		   0	     N.A.</p>
<p> Domestic Truck	  15,849	    17,843	    -10.0</p>
<p> Import Car		     0		   0	     N.A.</p>
<p> Import Truck	     3,520	     5,572	    -36.0</p>
<p>* Pct change based on daily selling rate. Sale days 26 in latest month vs 26, 76 for year to date vs 77 in year ago.</p>
</text>
<copyright>(c) Reuters Limited 1997</copyright>
<metadata>
<codes class="bip:countries:1.0">
  <code code="USA">
    <editdetail attribution="Reuters BIP Coding Group" action="confirmed" date="1997-04-01"/>
  </code>
</codes>
<codes class="bip:industries:1.0">
  <code code="I35101">
    <editdetail attribution="Reuters BIP Coding Group" action="confirmed" date="1997-04-01"/>
  </code>
  <code code="I35102">
    <editdetail attribution="Reuters BIP Coding Group" action="confirmed" date="1997-04-01"/>
  </code>
</codes>
<codes class="bip:topics:1.0">
  <code code="C31">
    <editdetail attribution="Reuters BIP Coding Group" action="confirmed" date="1997-04-01"/>
  </code>
  <code code="CCAT">
    <editdetail attribution="Reuters BIP Coding Group" action="confirmed" date="1997-04-01"/>
  </code>
</codes>
<dc element="dc.date.created" value="1997-04-01"/>
<dc element="dc.publisher" value="Reuters Holdings Plc"/>
<dc element="dc.date.published" value="1997-04-01"/>
<dc element="dc.source" value="Reuters"/>
<dc element="dc.creator.location" value="DETROIT"/>
<dc element="dc.creator.location.country.name" value="USA"/>
<dc element="dc.source" value="Reuters"/>
</metadata>
</newsitem>
