<?xml version="1.0" encoding="iso-8859-1" ?>
<newsitem itemid="478091" id="root" date="1997-04-01" xml:lang="en">
<title>USA: Cyberonics issues shares for $6.8 million.</title>
<headline>Cyberonics issues shares for $6.8 million.</headline>
<dateline>WEBSTER, Texas 1997-04-01</dateline>
<text>
<p>Cyberonics Inc said on Tuesday it completed a round of private equity financing, raising $6.8 million in cash for newly issued non-registered common shares.</p>
<p>The company said it sold 1,534,374 shares for $4.4375 apiece in a self-managed private offering. Cyberonics shares were trading on the Nasdaq market Tuesday down 3/8 to 4-3/4.</p>
<p>Cyberonics said it now has adequate capital resources to begin developing its domestic sales and marketing infrastructure for its implantable NeuroCybernetic prosthesis product for the treatment of refractory epilepsy.</p>
</text>
<copyright>(c) Reuters Limited 1997</copyright>
<metadata>
<codes class="bip:countries:1.0">
  <code code="USA">
    <editdetail attribution="Reuters BIP Coding Group" action="confirmed" date="1997-04-01"/>
  </code>
</codes>
<codes class="bip:topics:1.0">
  <code code="C17">
    <editdetail attribution="Reuters BIP Coding Group" action="confirmed" date="1997-04-01"/>
  </code>
  <code code="C171">
    <editdetail attribution="Reuters BIP Coding Group" action="confirmed" date="1997-04-01"/>
  </code>
  <code code="CCAT">
    <editdetail attribution="Reuters BIP Coding Group" action="confirmed" date="1997-04-01"/>
  </code>
</codes>
<dc element="dc.date.created" value="1997-04-01"/>
<dc element="dc.publisher" value="Reuters Holdings Plc"/>
<dc element="dc.date.published" value="1997-04-01"/>
<dc element="dc.source" value="Reuters"/>
<dc element="dc.creator.location" value="WEBSTER, Texas"/>
<dc element="dc.creator.location.country.name" value="USA"/>
<dc element="dc.source" value="Reuters"/>
</metadata>
</newsitem>
