<?xml version="1.0" encoding="iso-8859-1" ?>
<newsitem itemid="478083" id="root" date="1997-04-01" xml:lang="en">
<title>USA: Novavax gets FDA OK for ESTRASORB study.</title>
<headline>Novavax gets FDA OK for ESTRASORB study.</headline>
<dateline>COLUMBIA, Md. 1997-04-01</dateline>
<text>
<p>Novavax Inc said Tuesday it received permission from the U.S. Food and Drug Administration to proceed with pharmacokinetic-dose response studies of ESTRASORB.</p>
<p>ESTRASORB is a proprietary topical micellar nanoparticle cream containing encapsulated natural human estrogen, in symptomatic, menopausal women, the company said.</p>
<p>ESTRASORB is the first in a series of encapsulated topical drug product candidates using Novavax's proprietary delivery technology to enter pharmacokinetic-dose response studies, the company said.</p>
<p>In the study approved today, the company said an initial group of 10 women will receive 7.5 mg of estrogen daily for two weeks.</p>
<p>Novavax said it also received permission to dose additional patient groups at higher or lower doses in this study.</p>
</text>
<copyright>(c) Reuters Limited 1997</copyright>
<metadata>
<codes class="bip:countries:1.0">
  <code code="USA">
    <editdetail attribution="Reuters BIP Coding Group" action="confirmed" date="1997-04-01"/>
  </code>
</codes>
<codes class="bip:industries:1.0">
  <code code="I25700">
    <editdetail attribution="Reuters BIP Coding Group" action="confirmed" date="1997-04-01"/>
  </code>
</codes>
<codes class="bip:topics:1.0">
  <code code="C13">
    <editdetail attribution="Reuters BIP Coding Group" action="confirmed" date="1997-04-01"/>
  </code>
  <code code="C23">
    <editdetail attribution="Reuters BIP Coding Group" action="confirmed" date="1997-04-01"/>
  </code>
  <code code="CCAT">
    <editdetail attribution="Reuters BIP Coding Group" action="confirmed" date="1997-04-01"/>
  </code>
</codes>
<dc element="dc.date.created" value="1997-04-01"/>
<dc element="dc.publisher" value="Reuters Holdings Plc"/>
<dc element="dc.date.published" value="1997-04-01"/>
<dc element="dc.source" value="Reuters"/>
<dc element="dc.creator.location" value="COLUMBIA, Md."/>
<dc element="dc.creator.location.country.name" value="USA"/>
<dc element="dc.source" value="Reuters"/>
</metadata>
</newsitem>
