<?xml version="1.0" encoding="iso-8859-1" ?>
<newsitem itemid="478179" id="root" date="1997-04-01" xml:lang="en">
<title>USA: Accelr8 gets contract with Colorado city.</title>
<headline>Accelr8 gets contract with Colorado city.</headline>
<dateline>DENVER 1997-04-01</dateline>
<text>
<p>Accelr8 Technology Corp has been awarded a contract by the City of Fort Collins, Colorado to identify and fix its software programs that have a Year 2000 or Millenium problem, the firms said on Monday.</p>
<p>Many older computers and software programs, unable to process two-digit dates correctly after December 31, 1999, could crash on January 1, 2000, while many other will think the date is Jauary 1, 1900.</p>
<p>The services will be delivered in several phases with a total contract value expected to be in excess of $500,000 over several quarters, the company said.</p>
</text>
<copyright>(c) Reuters Limited 1997</copyright>
<metadata>
<codes class="bip:countries:1.0">
  <code code="USA">
    <editdetail attribution="Reuters BIP Coding Group" action="confirmed" date="1997-04-01"/>
  </code>
</codes>
<codes class="bip:topics:1.0">
  <code code="C33">
    <editdetail attribution="Reuters BIP Coding Group" action="confirmed" date="1997-04-01"/>
  </code>
  <code code="CCAT">
    <editdetail attribution="Reuters BIP Coding Group" action="confirmed" date="1997-04-01"/>
  </code>
</codes>
<dc element="dc.date.created" value="1997-04-01"/>
<dc element="dc.publisher" value="Reuters Holdings Plc"/>
<dc element="dc.date.published" value="1997-04-01"/>
<dc element="dc.source" value="Reuters"/>
<dc element="dc.creator.location" value="DENVER"/>
<dc element="dc.creator.location.country.name" value="USA"/>
<dc element="dc.source" value="Reuters"/>
</metadata>
</newsitem>
