<?xml version="1.0" encoding="iso-8859-1" ?>
<newsitem itemid="478120" id="root" date="1997-04-01" xml:lang="en">
<title>USA: Amgen Inc seen issuing century bond. [CORRECTED 20:45 GMT]</title>
<headline>Amgen Inc seen issuing century bond. [CORRECTED 20:45 GMT]</headline>
<dateline>NEW YORK 1997-04-01</dateline>
<text>
<p>Amgen Inc (corrects name from American General Corp ) is expected to tap the corporate bond primary market with a $100 million century bond offering, syndicate sources said on Tuesday.</p>
<p>The A2/A rated 100-year issue is expected to be underwritten jointly by Morgan Stanley &amp; Co Inc and Merrill Lynch &amp; Co, sources said.</p>
<p>The offering is expected to price as early as Tuesday, they added.</p>
<p>Amgen Inc develops therapeutics based on cellular and molecular biology.</p>
<p>(( --Nancy Leinfuss, 212-859-1675 ))</p>
</text>
<copyright>(c) Reuters Limited 1997</copyright>
<metadata>
<codes class="bip:countries:1.0">
  <code code="USA">
    <editdetail attribution="Reuters BIP Coding Group" action="confirmed" date="1997-04-01"/>
  </code>
</codes>
<codes class="bip:industries:1.0">
  <code code="I25700">
    <editdetail attribution="Reuters BIP Coding Group" action="confirmed" date="1997-04-01"/>
  </code>
</codes>
<codes class="bip:topics:1.0">
  <code code="C17">
    <editdetail attribution="Reuters BIP Coding Group" action="confirmed" date="1997-04-01"/>
  </code>
  <code code="C172">
    <editdetail attribution="Reuters BIP Coding Group" action="confirmed" date="1997-04-01"/>
  </code>
  <code code="CCAT">
    <editdetail attribution="Reuters BIP Coding Group" action="confirmed" date="1997-04-01"/>
  </code>
</codes>
<dc element="dc.date.created" value="1997-04-01"/>
<dc element="dc.publisher" value="Reuters Holdings Plc"/>
<dc element="dc.date.published" value="1997-04-01"/>
<dc element="dc.source" value="Reuters"/>
<dc element="dc.creator.location" value="NEW YORK"/>
<dc element="dc.creator.location.country.name" value="USA"/>
<dc element="dc.source" value="Reuters"/>
</metadata>
</newsitem>
