<?xml version="1.0" encoding="iso-8859-1" ?>
<newsitem itemid="478166" id="root" date="1997-04-01" xml:lang="en">
<title>USA: Court orders TNP to pay bondholders $2 mln.</title>
<headline>Court orders TNP to pay bondholders $2 mln.</headline>
<dateline>NEW YORK 1997-04-01</dateline>
<text>
<p>A U.S. District Court has ordered TNP Enterprises Inc's Texas-New Mexico Power Co to pay $2 million in damages to holders of bonds it redeemed prior to their due date, according court records.</p>
<p>The U.S. District Court for the Northern District of Texas in Fort Worth issued the judgement against Texas-New Mexico Power on Monday.</p>
<p>The court decided for the bondholders despite Texas-New Mexico Power's attempt to invoke a clause in its bond indenture which states the debt may be called if cash is made available to the company through eminent domain proceedings.  </p>
<p>Lawsuits followed when bonds totaling $29.2 million of a $130 million 11-1/4 percent first mortgage bond issue were redeemed on October 15, 1995 with proceeds from the sale of properties under the threat of condemnation by a local municipality. The company was first to sue as a preemptive move to support the early call, PPM said.</p>
<p>The court found the properties were not subjected to eminent domain proceedings, however, and said &quot;TNP unintentionally breached the terms&quot; of the bond.</p>
</text>
<copyright>(c) Reuters Limited 1997</copyright>
<metadata>
<codes class="bip:countries:1.0">
  <code code="USA">
    <editdetail attribution="Reuters BIP Coding Group" action="confirmed" date="1997-04-01"/>
  </code>
</codes>
<codes class="bip:industries:1.0">
  <code code="I16100">
    <editdetail attribution="Reuters BIP Coding Group" action="confirmed" date="1997-04-01"/>
  </code>
</codes>
<codes class="bip:topics:1.0">
  <code code="C12">
    <editdetail attribution="Reuters BIP Coding Group" action="confirmed" date="1997-04-01"/>
  </code>
  <code code="C17">
    <editdetail attribution="Reuters BIP Coding Group" action="confirmed" date="1997-04-01"/>
  </code>
  <code code="C172">
    <editdetail attribution="Reuters BIP Coding Group" action="confirmed" date="1997-04-01"/>
  </code>
  <code code="CCAT">
    <editdetail attribution="Reuters BIP Coding Group" action="confirmed" date="1997-04-01"/>
  </code>
  <code code="GCAT">
    <editdetail attribution="Reuters BIP Coding Group" action="confirmed" date="1997-04-01"/>
  </code>
  <code code="GCRIM">
    <editdetail attribution="Reuters BIP Coding Group" action="confirmed" date="1997-04-01"/>
  </code>
</codes>
<dc element="dc.date.created" value="1997-04-01"/>
<dc element="dc.publisher" value="Reuters Holdings Plc"/>
<dc element="dc.date.published" value="1997-04-01"/>
<dc element="dc.source" value="Reuters"/>
<dc element="dc.creator.location" value="NEW YORK"/>
<dc element="dc.creator.location.country.name" value="USA"/>
<dc element="dc.source" value="Reuters"/>
</metadata>
</newsitem>
