<?xml version="1.0" encoding="iso-8859-1" ?>
<newsitem itemid="478132" id="root" date="1997-04-01" xml:lang="en">
<title>USA: Westinghouse Air in 10 mln shr deal w Scandinavia.</title>
<headline>Westinghouse Air in 10 mln shr deal w Scandinavia.</headline>
<dateline>WILMERDING, Pa. 1997-04-01</dateline>
<text>
<p>Westinghouse Air Brake Co said Tuesday that it on March 31 closed on the previously announced purchase of 10 million of its shares from a major shareholder, Scandinavian Incentive Holdings BV.</p>
<p>The stock was sold to WABCO and an investor group led by Vestar Equity Partners LP.  The transaction was conditioned upon approval from its creditors, said the company, and approval has been obtained.</p>
<p>In conjunction with this transaction, WABCO said it obtained a $15 million increase to an existing line of credit under its bank credit agreement.</p>
<p>Westinghouse Air Brake Company is North America's largest manufacturer of value added equipment for locomotives, railway freight cars and passenger transit vehicles.</p>
</text>
<copyright>(c) Reuters Limited 1997</copyright>
<metadata>
<codes class="bip:countries:1.0">
  <code code="SCAND">
    <editdetail attribution="Reuters BIP Coding Group" action="confirmed" date="1997-04-01"/>
  </code>
  <code code="USA">
    <editdetail attribution="Reuters BIP Coding Group" action="confirmed" date="1997-04-01"/>
  </code>
</codes>
<codes class="bip:industries:1.0">
  <code code="I36200">
    <editdetail attribution="Reuters BIP Coding Group" action="confirmed" date="1997-04-01"/>
  </code>
</codes>
<codes class="bip:topics:1.0">
  <code code="C18">
    <editdetail attribution="Reuters BIP Coding Group" action="confirmed" date="1997-04-01"/>
  </code>
  <code code="C181">
    <editdetail attribution="Reuters BIP Coding Group" action="confirmed" date="1997-04-01"/>
  </code>
  <code code="CCAT">
    <editdetail attribution="Reuters BIP Coding Group" action="confirmed" date="1997-04-01"/>
  </code>
</codes>
<dc element="dc.date.created" value="1997-04-01"/>
<dc element="dc.publisher" value="Reuters Holdings Plc"/>
<dc element="dc.date.published" value="1997-04-01"/>
<dc element="dc.source" value="Reuters"/>
<dc element="dc.creator.location" value="WILMERDING, Pa."/>
<dc element="dc.creator.location.country.name" value="USA"/>
<dc element="dc.source" value="Reuters"/>
</metadata>
</newsitem>
