<?xml version="1.0" encoding="iso-8859-1" ?>
<newsitem itemid="478184" id="root" date="1997-04-01" xml:lang="en">
<title>USA: Persoft signs Tech Data distribution pact.</title>
<headline>Persoft signs Tech Data distribution pact.</headline>
<dateline>MADISON, Wis. 1997-04-01</dateline>
<text>
<p>Persoft Inc, a provider of PC-to-host connectivity products, said Tuesday it signed a distribution agreement with Tech Data Corp.</p>
<p>Under the agreement Tech Data will distribute Persoft's SmarTerm products to federal, state and local governments and to education markets.</p>
<p>SmarTerm products provide personal computer users with advanced connectivity for access to corporate information on host systems. Tech Data distributes personal computer products serving more than 50,000 resellers and retail dealers.</p>
<p>((Reuters Chicago Newsdesk (312) 408-8787))</p>
</text>
<copyright>(c) Reuters Limited 1997</copyright>
<metadata>
<codes class="bip:countries:1.0">
  <code code="USA">
    <editdetail attribution="Reuters BIP Coding Group" action="confirmed" date="1997-04-01"/>
  </code>
</codes>
<codes class="bip:industries:1.0">
  <code code="I61000">
    <editdetail attribution="Reuters BIP Coding Group" action="confirmed" date="1997-04-01"/>
  </code>
</codes>
<codes class="bip:topics:1.0">
  <code code="C31">
    <editdetail attribution="Reuters BIP Coding Group" action="confirmed" date="1997-04-01"/>
  </code>
  <code code="C33">
    <editdetail attribution="Reuters BIP Coding Group" action="confirmed" date="1997-04-01"/>
  </code>
  <code code="CCAT">
    <editdetail attribution="Reuters BIP Coding Group" action="confirmed" date="1997-04-01"/>
  </code>
</codes>
<dc element="dc.date.created" value="1997-04-01"/>
<dc element="dc.publisher" value="Reuters Holdings Plc"/>
<dc element="dc.date.published" value="1997-04-01"/>
<dc element="dc.source" value="Reuters"/>
<dc element="dc.creator.location" value="MADISON, Wis."/>
<dc element="dc.creator.location.country.name" value="USA"/>
<dc element="dc.source" value="Reuters"/>
</metadata>
</newsitem>
