<?xml version="1.0" encoding="iso-8859-1" ?>
<newsitem itemid="478141" id="root" date="1997-04-01" xml:lang="en">
<title>USA: Greenland Corp Q4 shr loss narrows.</title>
<headline>Greenland Corp Q4 shr loss narrows.</headline>
<dateline>LA JOLLA, Calif. 1997-04-01</dateline>
<text>
<p>Greenland Corp.</p>
<p>			  Selected Financial Data</p>
<p>						  Year ended Dec. 31,</p>
<p>						     1996	    1995</p>
<p>Operations:</p>
<p> Revenues				    $542,534	 $452,315</p>
<p> (Loss) on operations		   (886,162)	(344,163)</p>
<p> Net (loss)				 (886,162)	(587,153)</p>
<p> Net (loss) per common share		(.13)	    (.15)</p>
<p>Balance Sheet:</p>
<p> Total assets			     8,054,316	8,794,112</p>
<p> Total liabilities			4,287,318	4,493,402</p>
<p> Shareholders' equity		   3,766,316	4,300,710</p>
</text>
<copyright>(c) Reuters Limited 1997</copyright>
<metadata>
<codes class="bip:countries:1.0">
  <code code="USA">
    <editdetail attribution="Reuters BIP Coding Group" action="confirmed" date="1997-04-01"/>
  </code>
</codes>
<codes class="bip:topics:1.0">
  <code code="C15">
    <editdetail attribution="Reuters BIP Coding Group" action="confirmed" date="1997-04-01"/>
  </code>
  <code code="C151">
    <editdetail attribution="Reuters BIP Coding Group" action="confirmed" date="1997-04-01"/>
  </code>
  <code code="C1511">
    <editdetail attribution="Reuters BIP Coding Group" action="confirmed" date="1997-04-01"/>
  </code>
  <code code="CCAT">
    <editdetail attribution="Reuters BIP Coding Group" action="confirmed" date="1997-04-01"/>
  </code>
</codes>
<dc element="dc.date.created" value="1997-04-01"/>
<dc element="dc.publisher" value="Reuters Holdings Plc"/>
<dc element="dc.date.published" value="1997-04-01"/>
<dc element="dc.source" value="Reuters"/>
<dc element="dc.creator.location" value="LA JOLLA, Calif."/>
<dc element="dc.creator.location.country.name" value="USA"/>
<dc element="dc.source" value="Reuters"/>
</metadata>
</newsitem>
