<?xml version="1.0" encoding="iso-8859-1" ?>
<newsitem itemid="478224" id="root" date="1997-04-01" xml:lang="en">
<title>USA: GTE may set $500 mln in debt -- sources.</title>
<headline>GTE may set $500 mln in debt -- sources.</headline>
<dateline>NEW YORK 1997-04-01</dateline>
<text>
<p>GTE Corp is expected to set a $500 million corporate debt offering, syndicate sources said Tuesday.</p>
<p>The A3/A-rated deal is expected to consist of a 12-year issue, with Salomon Brothers acting as lead underwriter, the sources said.</p>
<p>No further details were available.</p>
<p>((--Nancy Leinfuss, 212-859-1675 ))</p>
</text>
<copyright>(c) Reuters Limited 1997</copyright>
<metadata>
<codes class="bip:countries:1.0">
  <code code="USA">
    <editdetail attribution="Reuters BIP Coding Group" action="confirmed" date="1997-04-01"/>
  </code>
</codes>
<codes class="bip:industries:1.0">
  <code code="I79020">
    <editdetail attribution="Reuters BIP Coding Group" action="confirmed" date="1997-04-01"/>
  </code>
</codes>
<codes class="bip:topics:1.0">
  <code code="C17">
    <editdetail attribution="Reuters BIP Coding Group" action="confirmed" date="1997-04-01"/>
  </code>
  <code code="C172">
    <editdetail attribution="Reuters BIP Coding Group" action="confirmed" date="1997-04-01"/>
  </code>
  <code code="CCAT">
    <editdetail attribution="Reuters BIP Coding Group" action="confirmed" date="1997-04-01"/>
  </code>
</codes>
<dc element="dc.date.created" value="1997-04-01"/>
<dc element="dc.publisher" value="Reuters Holdings Plc"/>
<dc element="dc.date.published" value="1997-04-01"/>
<dc element="dc.source" value="Reuters"/>
<dc element="dc.creator.location" value="NEW YORK"/>
<dc element="dc.creator.location.country.name" value="USA"/>
<dc element="dc.source" value="Reuters"/>
</metadata>
</newsitem>
