<?xml version="1.0" encoding="iso-8859-1" ?>
<newsitem itemid="478233" id="root" date="1997-04-01" xml:lang="en">
<title>USA: Noble Affiliates to set $350 mln in debt.</title>
<headline>Noble Affiliates to set $350 mln in debt.</headline>
<dateline>NEW YORK 1997-04-01</dateline>
<text>
<p>Noble Affiliates Inc is expected to tap the corporate bond primary market with a $350 million two-part debt offering on Tuesday, syndicate sources said.</p>
<p>The Baa2/BBB rated deal is expected to consist of $100 million in 100-year bonds and $250 million ln 30-year bonds, sources said.</p>
<p>Price talk is seen in the low 100 basis points over Treasuries area for the century bond and in the low 90's area for the 30-year bond, they said.</p>
<p>The offering, which will be underwritten by joint managers Morgan Stanley &amp; Co Inc and UBS Securities, is expected to price later this morning after an 1100 EST/1600 GMT conference call, sources added.</p>
<p>(( --Nancy Leinfuss, 212-859-1675 ))</p>
</text>
<copyright>(c) Reuters Limited 1997</copyright>
<metadata>
<codes class="bip:countries:1.0">
  <code code="USA">
    <editdetail attribution="Reuters BIP Coding Group" action="confirmed" date="1997-04-01"/>
  </code>
</codes>
<codes class="bip:industries:1.0">
  <code code="I13000">
    <editdetail attribution="Reuters BIP Coding Group" action="confirmed" date="1997-04-01"/>
  </code>
</codes>
<codes class="bip:topics:1.0">
  <code code="C17">
    <editdetail attribution="Reuters BIP Coding Group" action="confirmed" date="1997-04-01"/>
  </code>
  <code code="C172">
    <editdetail attribution="Reuters BIP Coding Group" action="confirmed" date="1997-04-01"/>
  </code>
  <code code="CCAT">
    <editdetail attribution="Reuters BIP Coding Group" action="confirmed" date="1997-04-01"/>
  </code>
</codes>
<dc element="dc.date.created" value="1997-04-01"/>
<dc element="dc.publisher" value="Reuters Holdings Plc"/>
<dc element="dc.date.published" value="1997-04-01"/>
<dc element="dc.source" value="Reuters"/>
<dc element="dc.creator.location" value="NEW YORK"/>
<dc element="dc.creator.location.country.name" value="USA"/>
<dc element="dc.source" value="Reuters"/>
</metadata>
</newsitem>
