<?xml version="1.0" encoding="iso-8859-1" ?>
<newsitem itemid="478212" id="root" date="1997-04-01" xml:lang="en">
<title>USA: Terra Nitrogen preference units converted.</title>
<headline>Terra Nitrogen preference units converted.</headline>
<dateline>SIOUX CITY, Iowa 1997-04-01</dateline>
<text>
<p>Terra Nitrogen LP said Tuesday that about 13.3 million of the 13.6 million previously issued and outstanding senior preference units have converted into common units.</p>
<p>The units converted on a one-for-one basis. These common units began trading Tuesday on the New York Stock Exchange under the &quot;TNH&quot; symbol.</p>
<p>Outstanding non-converting senior units will trade under the symbol &quot;TNH.PR.&quot; As previously reported, these non-converting units will be redeemed on May 27 for $21.50 per unit exclusive of any cash distribution.</p>
<p>		((Reuters Chicago Newsdesk (312) 408-8787))</p>
</text>
<copyright>(c) Reuters Limited 1997</copyright>
<metadata>
<codes class="bip:countries:1.0">
  <code code="USA">
    <editdetail attribution="Reuters BIP Coding Group" action="confirmed" date="1997-04-01"/>
  </code>
</codes>
<codes class="bip:topics:1.0">
  <code code="C17">
    <editdetail attribution="Reuters BIP Coding Group" action="confirmed" date="1997-04-01"/>
  </code>
  <code code="C171">
    <editdetail attribution="Reuters BIP Coding Group" action="confirmed" date="1997-04-01"/>
  </code>
  <code code="C172">
    <editdetail attribution="Reuters BIP Coding Group" action="confirmed" date="1997-04-01"/>
  </code>
  <code code="CCAT">
    <editdetail attribution="Reuters BIP Coding Group" action="confirmed" date="1997-04-01"/>
  </code>
</codes>
<dc element="dc.date.created" value="1997-04-01"/>
<dc element="dc.publisher" value="Reuters Holdings Plc"/>
<dc element="dc.date.published" value="1997-04-01"/>
<dc element="dc.source" value="Reuters"/>
<dc element="dc.creator.location" value="SIOUX CITY, Iowa"/>
<dc element="dc.creator.location.country.name" value="USA"/>
<dc element="dc.source" value="Reuters"/>
</metadata>
</newsitem>
