<?xml version="1.0" encoding="iso-8859-1" ?>
<newsitem itemid="478226" id="root" date="1997-04-01" xml:lang="en">
<title>USA: HEARTLAND Community to become stock savings bank.</title>
<headline>HEARTLAND Community to become stock savings bank.</headline>
<dateline>CAMDEN, Ark. 1997-04-01</dateline>
<text>
<p>HEARTLAND Community Bank FSB said Tuesday it has has received approval from the Office of Thrift Supervision to convert from a federally chartered mutual savings bank to a federally chartered stock savings bank, and will sell two million shares of common stock in connection with the conversion.</p>
<p>The bank said it has formed a holding company, HCB Bancshares Inc, to hold its outstanding capital stock.</p>
<p>HCB said that certain account holders and borrowers of HEARTLAND Community Bank will have an opportunity to by the stock, at $10 per share, through a subscription offering closing April 23.</p>
<p>Shares that are not subscribed for during the subscription, said the bank,  may be offered to the general public in a community offering, with first preference given to certain Arkansas residents.</p>
</text>
<copyright>(c) Reuters Limited 1997</copyright>
<metadata>
<codes class="bip:countries:1.0">
  <code code="USA">
    <editdetail attribution="Reuters BIP Coding Group" action="confirmed" date="1997-04-01"/>
  </code>
</codes>
<codes class="bip:industries:1.0">
  <code code="I81402">
    <editdetail attribution="Reuters BIP Coding Group" action="confirmed" date="1997-04-01"/>
  </code>
</codes>
<codes class="bip:topics:1.0">
  <code code="C11">
    <editdetail attribution="Reuters BIP Coding Group" action="confirmed" date="1997-04-01"/>
  </code>
  <code code="C17">
    <editdetail attribution="Reuters BIP Coding Group" action="confirmed" date="1997-04-01"/>
  </code>
  <code code="C171">
    <editdetail attribution="Reuters BIP Coding Group" action="confirmed" date="1997-04-01"/>
  </code>
  <code code="CCAT">
    <editdetail attribution="Reuters BIP Coding Group" action="confirmed" date="1997-04-01"/>
  </code>
</codes>
<dc element="dc.date.created" value="1997-04-01"/>
<dc element="dc.publisher" value="Reuters Holdings Plc"/>
<dc element="dc.date.published" value="1997-04-01"/>
<dc element="dc.source" value="Reuters"/>
<dc element="dc.creator.location" value="CAMDEN, Ark."/>
<dc element="dc.creator.location.country.name" value="USA"/>
<dc element="dc.source" value="Reuters"/>
</metadata>
</newsitem>
