<?xml version="1.0" encoding="iso-8859-1" ?>
<newsitem itemid="478214" id="root" date="1997-04-01" xml:lang="en">
<title>USA: TMCI Electronics Inc FY1996 results.</title>
<headline>TMCI Electronics Inc FY1996 results.</headline>
<dateline>SAN JOSE, Calif. 1997-04-01</dateline>
<text>
<p>TMCI ELECTRONICS, INC.</p>
<p>				Statement of Operations</p>
<p>			   For the year ended December 31,</p>
<p>						    1996		1995</p>
<p>					   Consolidated	  Combined</p>
<p> Sales, Net			     $26,139,828     $28,098,919</p>
<p> Cost of Goods Sold		    17,092,231	19,991,649</p>
<p> Gross Profit			     9,047,597	 8,107,270</p>
<p> Operating Expenses		     8,522,647	 6,384,948</p>
<p> Income from operations		   524,950	 1,722,324</p>
<p>Other Income  Expense :</p>
<p>   Other Income			     189,704	    40,394</p>
<p>   Interest Income			   69,742	     9,726</p>
<p>   Interest Income - Related Party     29,276	    29,276</p>
<p>   Interest expense		     (323,679)	 (615,881)</p>
<p>   Non-Cash Finance Charge	    (462,122)	 (287,878)</p>
<p>   Gain on Sale of Equipment	    139,465	   109,655</p>
<p> Total other Income (expense)	 (357,614)	 (714,708)</p>
<p>Income Before Provision for</p>
<p>  Income Taxes				167,336	 1,007,616</p>
<p> Provision for Income Taxes		18,999	   534,200</p>
<p> Net Income				   148,337	   473,416</p>
<p> Net income (loss) per Common share	0.05		0.25</p>
<p>Pro Forma Net income</p>
<p>Income before provision for</p>
<p>    income taxes			    167,337	 1,007,616</p>
<p>   Pro forma income taxes		   6,000	   509,100</p>
<p> Pro forma net income		     161,337	   498,516</p>
<p>Pro forma net Income per common share</p>
<p>Income before provision for</p>
<p>    income taxes				 0.06		0.53</p>
<p>   Pro forma Income taxes		    0.00		0.27</p>
<p> Pro forma net Income per common share   0.06		0.26</p>
<p>Average number of common shares</p>
<p>and common share equivalents</p>
<p>  outstanding			     2,865,445	 1,893,600</p>
</text>
<copyright>(c) Reuters Limited 1997</copyright>
<metadata>
<codes class="bip:countries:1.0">
  <code code="USA">
    <editdetail attribution="Reuters BIP Coding Group" action="confirmed" date="1997-04-01"/>
  </code>
</codes>
<codes class="bip:industries:1.0">
  <code code="I34000">
    <editdetail attribution="Reuters BIP Coding Group" action="confirmed" date="1997-04-01"/>
  </code>
</codes>
<codes class="bip:topics:1.0">
  <code code="C15">
    <editdetail attribution="Reuters BIP Coding Group" action="confirmed" date="1997-04-01"/>
  </code>
  <code code="C151">
    <editdetail attribution="Reuters BIP Coding Group" action="confirmed" date="1997-04-01"/>
  </code>
  <code code="C1511">
    <editdetail attribution="Reuters BIP Coding Group" action="confirmed" date="1997-04-01"/>
  </code>
  <code code="CCAT">
    <editdetail attribution="Reuters BIP Coding Group" action="confirmed" date="1997-04-01"/>
  </code>
</codes>
<dc element="dc.date.created" value="1997-04-01"/>
<dc element="dc.publisher" value="Reuters Holdings Plc"/>
<dc element="dc.date.published" value="1997-04-01"/>
<dc element="dc.source" value="Reuters"/>
<dc element="dc.creator.location" value="SAN JOSE, Calif."/>
<dc element="dc.creator.location.country.name" value="USA"/>
<dc element="dc.source" value="Reuters"/>
</metadata>
</newsitem>
