<?xml version="1.0" encoding="iso-8859-1" ?>
<newsitem itemid="478234" id="root" date="1997-04-01" xml:lang="en">
<title>USA: Manhattan Bagel Q4 loss vs profit.</title>
<headline>Manhattan Bagel Q4 loss vs profit.</headline>
<dateline>EATONTOWN, N.J. 1997-04-01</dateline>
<text>
<p>Manhattan Bagel Company, Inc., And Subsidiaries</p>
<p>			  Three Months Ended Dec. 31</p>
<p>				     (Unaudited)</p>
<p>			    1996	     1995	 % Change</p>
<p> Revenues(A)	   $8,779,951     $6,406,760	+37.2</p>
<p>Net Income</p>
<p> (loss)(A)	   ( 5,947,807)	  710,606	--</p>
<p>Income (loss)</p>
<p> Per Share		   (0.80)	     0.11	--</p>
<p>Weighted average</p>
</text>
<copyright>(c) Reuters Limited 1997</copyright>
<metadata>
<codes class="bip:countries:1.0">
  <code code="USA">
    <editdetail attribution="Reuters BIP Coding Group" action="confirmed" date="1997-04-01"/>
  </code>
</codes>
<codes class="bip:industries:1.0">
  <code code="I41900">
    <editdetail attribution="Reuters BIP Coding Group" action="confirmed" date="1997-04-01"/>
  </code>
</codes>
<codes class="bip:topics:1.0">
  <code code="C15">
    <editdetail attribution="Reuters BIP Coding Group" action="confirmed" date="1997-04-01"/>
  </code>
  <code code="C151">
    <editdetail attribution="Reuters BIP Coding Group" action="confirmed" date="1997-04-01"/>
  </code>
  <code code="C1511">
    <editdetail attribution="Reuters BIP Coding Group" action="confirmed" date="1997-04-01"/>
  </code>
  <code code="CCAT">
    <editdetail attribution="Reuters BIP Coding Group" action="confirmed" date="1997-04-01"/>
  </code>
</codes>
<dc element="dc.date.created" value="1997-04-01"/>
<dc element="dc.publisher" value="Reuters Holdings Plc"/>
<dc element="dc.date.published" value="1997-04-01"/>
<dc element="dc.source" value="Reuters"/>
<dc element="dc.creator.location" value="EATONTOWN, N.J."/>
<dc element="dc.creator.location.country.name" value="USA"/>
<dc element="dc.source" value="Reuters"/>
</metadata>
</newsitem>
