<?xml version="1.0" encoding="iso-8859-1" ?>
<newsitem itemid="478259" id="root" date="1997-04-01" xml:lang="en">
<title>spain: SOCCER-GERMANY BEAT ALBANIA 4-0 IN UNDER-21 INTERNATIONAL.</title>
<headline>SOCCER-GERMANY BEAT ALBANIA 4-0 IN UNDER-21 INTERNATIONAL.</headline>
<dateline>GUADIX, Spain 1997-04-01</dateline>
<text>
<p>Result in the European</p>
<p>group nine Under 21 soccer championship on Tuesday:</p>
<p>Albania 0 Germany 4 (halftime 0-0)</p>
<p>Scorers: Dogan 70, Vallack 72, Cichon 86, Ricken pen 87.</p>
<p>Attendance: 2,000.</p>
<p>Standings</p>
<p> Portugal	     5  3  0  2  10  8  9</p>
<p> Germany		3  3  0  0   7  1  9</p>
<p> Ukraine		3  2  0  1   4  1  6</p>
<p> Albania		4  1  0  3   5  13 3</p>
<p> Armenia		3  0  0  3   5  8  0</p>
<p>Remaining matches:</p>
<p>Apr 29  Germany v Ukraine</p>
<p> May 6   Ukraine v Armenia</p>
<p>June 6  Portugal v Albania</p>
<p>June 6  Ukraine v Germany</p>
<p>Aug 19  Portugal v Armenia</p>
<p>Aug 19  Ukraine v Albania</p>
<p>Sept 5  Germany v Portugal</p>
<p>Sept 6  Armenia v Albania</p>
<p>Sept 9  Germany v Armenia</p>
<p>Oct 10  Germany v Albania</p>
<p>Oct 10  Armenia v Ukraine</p>
</text>
<copyright>(c) Reuters Limited 1997</copyright>
<metadata>
<codes class="bip:countries:1.0">
  <code code="ALB">
    <editdetail attribution="Reuters BIP Coding Group" action="confirmed" date="1997-04-01"/>
  </code>
  <code code="GFR">
    <editdetail attribution="Reuters BIP Coding Group" action="confirmed" date="1997-04-01"/>
  </code>
  <code code="SPAIN">
    <editdetail attribution="Reuters BIP Coding Group" action="confirmed" date="1997-04-01"/>
  </code>
</codes>
<codes class="bip:topics:1.0">
  <code code="GCAT">
    <editdetail attribution="Reuters BIP Coding Group" action="confirmed" date="1997-04-01"/>
  </code>
  <code code="GSPO">
    <editdetail attribution="Reuters BIP Coding Group" action="confirmed" date="1997-04-01"/>
  </code>
</codes>
<dc element="dc.date.created" value="1997-04-01"/>
<dc element="dc.publisher" value="Reuters Holdings Plc"/>
<dc element="dc.date.published" value="1997-04-01"/>
<dc element="dc.source" value="Reuters"/>
<dc element="dc.creator.location" value="GUADIX, Spain"/>
<dc element="dc.creator.location.country.name" value="SPAIN"/>
<dc element="dc.source" value="Reuters"/>
</metadata>
</newsitem>
