<?xml version="1.0" encoding="iso-8859-1" ?>
<newsitem itemid="478283" id="root" date="1997-04-01" xml:lang="en">
<title>UK: SOCCER-WATSON NAMED EVERTON CARETAKER MANAGER.</title>
<headline>SOCCER-WATSON NAMED EVERTON CARETAKER MANAGER.</headline>
<dateline>LONDON 1997-04-01</dateline>
<text>
<p>English premier league club Everton on Tuesday named Dave Watson as caretaker player-manager until the end of the season.</p>
<p>Watson, a centre-back, was hot favourite to be handed the reins until a big-name coach is appointed in the close-season. Joe Royle shocked the club by resigning last Thursday.</p>
<p>The move will increase speculation that Barcelona coach Bobby Robson may move to Merseyside at the end of the Spanish season.</p>
<p>Liverpool-born Watson joined Everton in 1986 and has helped the club lift the league title and the FA Cup. He has also won 12 England caps.</p>
</text>
<copyright>(c) Reuters Limited 1997</copyright>
<metadata>
<codes class="bip:countries:1.0">
  <code code="UK">
    <editdetail attribution="Reuters BIP Coding Group" action="confirmed" date="1997-04-01"/>
  </code>
</codes>
<codes class="bip:topics:1.0">
  <code code="GCAT">
    <editdetail attribution="Reuters BIP Coding Group" action="confirmed" date="1997-04-01"/>
  </code>
  <code code="GSPO">
    <editdetail attribution="Reuters BIP Coding Group" action="confirmed" date="1997-04-01"/>
  </code>
</codes>
<dc element="dc.date.created" value="1997-04-01"/>
<dc element="dc.publisher" value="Reuters Holdings Plc"/>
<dc element="dc.date.published" value="1997-04-01"/>
<dc element="dc.source" value="Reuters"/>
<dc element="dc.creator.location" value="LONDON"/>
<dc element="dc.creator.location.country.name" value="UK"/>
<dc element="dc.source" value="Reuters"/>
</metadata>
</newsitem>
