<?xml version="1.0" encoding="iso-8859-1" ?>
<newsitem itemid="478200" id="root" date="1997-04-01" xml:lang="en">
<title>USA: Dynamics Corp stake cut by Gabelli.</title>
<headline>Dynamics Corp stake cut by Gabelli.</headline>
<dateline>WASHINGTON 1997-04-01</dateline>
<text>
<p>A group led by New York investment manager Mario Gabelli said Tuesday it reduced its stake in Dynamics Corp of America to 781,900 common shares or 20.48 percent.</p>
<p>In a filing with the Securities and Exchange Commission, the group said its latest transactions include a net 31,000 common shares sold between January 28 and March 27 at prices ranging from $26.4967 to $33.50 per share.</p>
<p>Dynamics of Greenwich, Conn., designs, manufactures and markets a variety of electrical appliances and electronic devices, fabricated metal products and equipment, and power and controlled environmental devices.</p>
</text>
<copyright>(c) Reuters Limited 1997</copyright>
<metadata>
<codes class="bip:countries:1.0">
  <code code="USA">
    <editdetail attribution="Reuters BIP Coding Group" action="confirmed" date="1997-04-01"/>
  </code>
</codes>
<codes class="bip:industries:1.0">
  <code code="I34000">
    <editdetail attribution="Reuters BIP Coding Group" action="confirmed" date="1997-04-01"/>
  </code>
  <code code="I81502">
    <editdetail attribution="Reuters BIP Coding Group" action="confirmed" date="1997-04-01"/>
  </code>
</codes>
<codes class="bip:topics:1.0">
  <code code="C18">
    <editdetail attribution="Reuters BIP Coding Group" action="confirmed" date="1997-04-01"/>
  </code>
  <code code="C181">
    <editdetail attribution="Reuters BIP Coding Group" action="confirmed" date="1997-04-01"/>
  </code>
  <code code="CCAT">
    <editdetail attribution="Reuters BIP Coding Group" action="confirmed" date="1997-04-01"/>
  </code>
</codes>
<dc element="dc.date.created" value="1997-04-01"/>
<dc element="dc.publisher" value="Reuters Holdings Plc"/>
<dc element="dc.date.published" value="1997-04-01"/>
<dc element="dc.source" value="Reuters"/>
<dc element="dc.creator.location" value="WASHINGTON"/>
<dc element="dc.creator.location.country.name" value="USA"/>
<dc element="dc.source" value="Reuters"/>
</metadata>
</newsitem>
