<?xml version="1.0" encoding="iso-8859-1" ?>
<newsitem itemid="478231" id="root" date="1997-04-01" xml:lang="en">
<title>USA: Conseco to buy back up to five mln shares.</title>
<headline>Conseco to buy back up to five mln shares.</headline>
<dateline>CARMEL, Ind. 1997-04-01</dateline>
<text>
<p>Conseco Inc said Tuesday it instituted a new program to repurchase up to five million common shares in open-market or negotiated transactions.</p>
<p>It said the timing and terms of the purchases will be determined by management based on market conditions.</p>
<p>Conseco is a financial services organization.</p>
<p>((Reuters Chicago Newsdesk (312) 408-8787))</p>
</text>
<copyright>(c) Reuters Limited 1997</copyright>
<metadata>
<codes class="bip:countries:1.0">
  <code code="USA">
    <editdetail attribution="Reuters BIP Coding Group" action="confirmed" date="1997-04-01"/>
  </code>
</codes>
<codes class="bip:industries:1.0">
  <code code="I82002">
    <editdetail attribution="Reuters BIP Coding Group" action="confirmed" date="1997-04-01"/>
  </code>
</codes>
<codes class="bip:topics:1.0">
  <code code="C17">
    <editdetail attribution="Reuters BIP Coding Group" action="confirmed" date="1997-04-01"/>
  </code>
  <code code="C171">
    <editdetail attribution="Reuters BIP Coding Group" action="confirmed" date="1997-04-01"/>
  </code>
  <code code="C18">
    <editdetail attribution="Reuters BIP Coding Group" action="confirmed" date="1997-04-01"/>
  </code>
  <code code="C181">
    <editdetail attribution="Reuters BIP Coding Group" action="confirmed" date="1997-04-01"/>
  </code>
  <code code="CCAT">
    <editdetail attribution="Reuters BIP Coding Group" action="confirmed" date="1997-04-01"/>
  </code>
</codes>
<dc element="dc.date.created" value="1997-04-01"/>
<dc element="dc.publisher" value="Reuters Holdings Plc"/>
<dc element="dc.date.published" value="1997-04-01"/>
<dc element="dc.source" value="Reuters"/>
<dc element="dc.creator.location" value="CARMEL, Ind."/>
<dc element="dc.creator.location.country.name" value="USA"/>
<dc element="dc.source" value="Reuters"/>
</metadata>
</newsitem>
