<?xml version="1.0" encoding="iso-8859-1" ?>
<newsitem itemid="478250" id="root" date="1997-04-01" xml:lang="en">
<title>USA: Dimensional may spin off 10 pct of unit.</title>
<headline>Dimensional may spin off 10 pct of unit.</headline>
<dateline>PHOENIX 1997-04-01</dateline>
<text>
<p>Dimensional Visions Group Ltd said Tuesday it was considering spinning off to shareholders 10 percent of its InfoPak Inc subsidiary.</p>
<p>The company said the spin-off would be in the form of a non-taxable stock dividend. Should the board approve such a dividend, the company said it would retain a majority interest in InfoPak.</p>
<p>It said it had retained the services of Millennium Holdings Group Inc to consult on this matter.</p>
</text>
<copyright>(c) Reuters Limited 1997</copyright>
<metadata>
<codes class="bip:countries:1.0">
  <code code="USA">
    <editdetail attribution="Reuters BIP Coding Group" action="confirmed" date="1997-04-01"/>
  </code>
</codes>
<codes class="bip:industries:1.0">
  <code code="I49300">
    <editdetail attribution="Reuters BIP Coding Group" action="confirmed" date="1997-04-01"/>
  </code>
</codes>
<codes class="bip:topics:1.0">
  <code code="C11">
    <editdetail attribution="Reuters BIP Coding Group" action="confirmed" date="1997-04-01"/>
  </code>
  <code code="C18">
    <editdetail attribution="Reuters BIP Coding Group" action="confirmed" date="1997-04-01"/>
  </code>
  <code code="C181">
    <editdetail attribution="Reuters BIP Coding Group" action="confirmed" date="1997-04-01"/>
  </code>
  <code code="CCAT">
    <editdetail attribution="Reuters BIP Coding Group" action="confirmed" date="1997-04-01"/>
  </code>
</codes>
<dc element="dc.date.created" value="1997-04-01"/>
<dc element="dc.publisher" value="Reuters Holdings Plc"/>
<dc element="dc.date.published" value="1997-04-01"/>
<dc element="dc.source" value="Reuters"/>
<dc element="dc.creator.location" value="PHOENIX"/>
<dc element="dc.creator.location.country.name" value="USA"/>
<dc element="dc.source" value="Reuters"/>
</metadata>
</newsitem>
