<?xml version="1.0" encoding="iso-8859-1" ?>
<newsitem itemid="478370" id="root" date="1997-04-01" xml:lang="en">
<title>LITHUANIA: KLAIPEDOS DUONA TO PAY NO DIVIDENDS FOR 96.</title>
<headline>KLAIPEDOS DUONA TO PAY NO DIVIDENDS FOR 96.</headline>
<dateline>VILNIUS 1997-04-01</dateline>
<text>
<p>Lithuania's bread and bread products producer Klaipedos Duona (Klaipeda Bread) said on Tuesday it will pay no dividends from 1996 profit.</p>
<p>The company reported earlier its net profit dropped to 1.66 million litas in 1996 versus 2.13 million litas a year before. The company is listed on the group A list of Vilnius bourse.</p>
<p>&quot;The shareholders' meeting on Thursday decided to pay 10 percent dividends to the owners of privilege shares only,&quot; the director of Klaipedos Bread, Jonas Brozhaitis, told Reuters.</p>
<p>&quot;The sum to be paid is around 50,000 litas and the rest of the profit will remain in the company to pay our credits,&quot; Brozhaitis added.</p>
<p>The company has taken a long-term 3.5 million litas credit from the European Bank for Reconstruction and Development (EBRD) in 1996 to upgrade the bakery and now has to repay annually around 500,000 litas until 2000, Brozhaitis said.</p>
<p>The company also leased 30 cars for bread transporting this year.</p>
<p>&quot;Our company plans to boost its share capital in the second half of 1997 by 500,000 litas,&quot; Brozhaitis said.</p>
<p>The present share capital of the company is 3.7 million litas and assets at the end of 1996 were 13.05 million litas.</p>
<p>The state owns 20 percent of Klaipedos Duona and the rest is owned by the employees of the company, Brozhaitis said.</p>
<p>&quot;The company has around eleven percent of the country's bread and its products market,&quot; he added.</p>
<p>-- Andrius Vilkancas, Vilnius newroom +370 2 22 35 17</p>
</text>
<copyright>(c) Reuters Limited 1997</copyright>
<metadata>
<codes class="bip:countries:1.0">
  <code code="LITH">
    <editdetail attribution="Reuters BIP Coding Group" action="confirmed" date="1997-04-01"/>
  </code>
</codes>
<codes class="bip:industries:1.0">
  <code code="I41900">
    <editdetail attribution="Reuters BIP Coding Group" action="confirmed" date="1997-04-01"/>
  </code>
</codes>
<codes class="bip:topics:1.0">
  <code code="C15">
    <editdetail attribution="Reuters BIP Coding Group" action="confirmed" date="1997-04-01"/>
  </code>
  <code code="C151">
    <editdetail attribution="Reuters BIP Coding Group" action="confirmed" date="1997-04-01"/>
  </code>
  <code code="CCAT">
    <editdetail attribution="Reuters BIP Coding Group" action="confirmed" date="1997-04-01"/>
  </code>
</codes>
<dc element="dc.date.created" value="1997-04-01"/>
<dc element="dc.publisher" value="Reuters Holdings Plc"/>
<dc element="dc.date.published" value="1997-04-01"/>
<dc element="dc.source" value="Reuters"/>
<dc element="dc.creator.location" value="VILNIUS"/>
<dc element="dc.creator.location.country.name" value="LITHUANIA"/>
<dc element="dc.source" value="Reuters"/>
</metadata>
</newsitem>
