<?xml version="1.0" encoding="iso-8859-1" ?>
<newsitem itemid="478376" id="root" date="1997-04-01" xml:lang="en">
<title>CZECH REPUBLIC: VETERAN CZECH RADIO LONDON CORRESPONDENT DIES.</title>
<headline>VETERAN CZECH RADIO LONDON CORRESPONDENT DIES.</headline>
<dateline>PRAGUE 1997-04-01</dateline>
<text>
<p>Karel Kyncl, a veteran Czech Radio foreign correspondent and author who received political asylum in Britain in 1983, died on Tuesday after a long battle against cancer, aged 70, an official in the radio's head office told Reuters.</p>
<p>Kyncl began his radio career during World War Two and then reported for the communist-era Ceskoslovensky Rozhlas (Czechoslovak Radio) from the United States and Asia.</p>
<p>He is widely remembered for telling Czechs and Slovaks of President John F. Kennedy's assassination in 1963.</p>
<p>Kyncl was posted in New York throughout much of the 1950s and 1960s until he was recalled in the purges of journalists after the Soviet-led invasion of Czechoslovakia in 1968.</p>
<p>In the 1970s, like many professionals discharged in communist purges, Kyncl worked odd jobs in Prague such as a filing clerk in a hospital and as an ice cream vendor.</p>
<p>After emigrating to London, he reported at various times for BBC Radio, Voice of America, and for British publications including a magazine called &quot;Index on Censorship&quot;.</p>
<p>After the fall of Prague Communists in 1989, Kyncl returned to Czechoslovak Radio as London correspondent and remained with Czech Radio after the split of the federation in 1993 until his death.</p>
<p>His books included &quot;63 Days to Dallas&quot; about the Kennedy assassination, &quot;News of a Czech Citizen of Texas&quot;, &quot;My Britain&quot;, and a study of the Prague pro-democracy movement, &quot;On Charter 77&quot;.</p>
</text>
<copyright>(c) Reuters Limited 1997</copyright>
<metadata>
<codes class="bip:countries:1.0">
  <code code="CZREP">
    <editdetail attribution="Reuters BIP Coding Group" action="confirmed" date="1997-04-01"/>
  </code>
  <code code="UK">
    <editdetail attribution="Reuters BIP Coding Group" action="confirmed" date="1997-04-01"/>
  </code>
</codes>
<codes class="bip:industries:1.0">
  <code code="I9741105">
    <editdetail attribution="Reuters BIP Coding Group" action="confirmed" date="1997-04-01"/>
  </code>
</codes>
<codes class="bip:topics:1.0">
  <code code="CCAT">
    <editdetail attribution="Reuters BIP Coding Group" action="confirmed" date="1997-04-01"/>
  </code>
  <code code="GCAT">
    <editdetail attribution="Reuters BIP Coding Group" action="confirmed" date="1997-04-01"/>
  </code>
  <code code="GOBIT">
    <editdetail attribution="Reuters BIP Coding Group" action="confirmed" date="1997-04-01"/>
  </code>
  <code code="GPRO">
    <editdetail attribution="Reuters BIP Coding Group" action="confirmed" date="1997-04-01"/>
  </code>
</codes>
<dc element="dc.date.created" value="1997-04-01"/>
<dc element="dc.publisher" value="Reuters Holdings Plc"/>
<dc element="dc.date.published" value="1997-04-01"/>
<dc element="dc.source" value="Reuters"/>
<dc element="dc.creator.location" value="PRAGUE"/>
<dc element="dc.creator.location.country.name" value="CZECH REPUBLIC"/>
<dc element="dc.source" value="Reuters"/>
</metadata>
</newsitem>
