<?xml version="1.0" encoding="iso-8859-1" ?>
<newsitem itemid="478319" id="root" date="1997-04-01" xml:lang="en">
<title>DENMARK: SOCCER-DANISH SUPER LEAGUE RESULTS/STANDINGS.</title>
<headline>SOCCER-DANISH SUPER LEAGUE RESULTS/STANDINGS.</headline>
<dateline>COPENHAGEN 1997-04-01</dateline>
<text>
<p>Result of a Danish Super</p>
<p>league soccer match on Tuesday:</p>
<p>Silkeborg  1  Vejle  1</p>
<p>    Standings    Pl  W  D  L  F A  Pts</p>
<p> Brondby	   20 12  4  4 35 24 40</p>
<p> Aalborg	   20 10  5  5 36 26 35</p>
<p> Aarhus	    20  9  5  6 48 30 32</p>
<p> Herfoelge	 20  9  3  8 22 24 30</p>
<p> Odense	    19  8  5  6 37 30 29</p>
<p> Lyngby	    20  8  3  9 31 37 27</p>
<p> Vejle	     20  6  8  6 34 27 26</p>
<p> FC Copenhagen   20  4  8  8 22 30 20</p>
<p> Silkeborg	 20  3 12  5 25 35 21</p>
<p> Viborg	    19  4  8  7 20 30 20</p>
<p> Hvidovre	  20  4  7  9 22 29 19</p>
<p> AB		  20  3 10  7 27 37 19</p>
</text>
<copyright>(c) Reuters Limited 1997</copyright>
<metadata>
<codes class="bip:countries:1.0">
  <code code="DEN">
    <editdetail attribution="Reuters BIP Coding Group" action="confirmed" date="1997-04-01"/>
  </code>
</codes>
<codes class="bip:topics:1.0">
  <code code="GCAT">
    <editdetail attribution="Reuters BIP Coding Group" action="confirmed" date="1997-04-01"/>
  </code>
  <code code="GSPO">
    <editdetail attribution="Reuters BIP Coding Group" action="confirmed" date="1997-04-01"/>
  </code>
</codes>
<dc element="dc.date.created" value="1997-04-01"/>
<dc element="dc.publisher" value="Reuters Holdings Plc"/>
<dc element="dc.date.published" value="1997-04-01"/>
<dc element="dc.source" value="Reuters"/>
<dc element="dc.creator.location" value="COPENHAGEN"/>
<dc element="dc.creator.location.country.name" value="DENMARK"/>
<dc element="dc.source" value="Reuters"/>
</metadata>
</newsitem>
