<?xml version="1.0" encoding="iso-8859-1" ?>
<newsitem itemid="478326" id="root" date="1997-04-01" xml:lang="en">
<title>ITALY: SOCCER-LAZIO DEFENDER NESTA OUT FOR SIX WEEKS.</title>
<headline>SOCCER-LAZIO DEFENDER NESTA OUT FOR SIX WEEKS.</headline>
<dateline>ROME 1997-04-01</dateline>
<text>
<p>Lazio's Italian international Alessandro Nesta will be out for six weeks after suffering a leg injury in a World Cup qualifier at the weekend, the club said on Tuesday.</p>
<p>Claudio Bartolini, the Rome side's doctor, said the defender had pulled muscles in his right thigh in the game against Moldova on Saturday. He needed 15 days complete rest and would not be fully match fit until mid-May.</p>
<p>Bartolini said Nesta would miss all but the final four matches of the serie A season. Lazio are sixth in the league and fighting for a UEFA Cup place next season.</p>
</text>
<copyright>(c) Reuters Limited 1997</copyright>
<metadata>
<codes class="bip:countries:1.0">
  <code code="ITALY">
    <editdetail attribution="Reuters BIP Coding Group" action="confirmed" date="1997-04-01"/>
  </code>
  <code code="MOLDV">
    <editdetail attribution="Reuters BIP Coding Group" action="confirmed" date="1997-04-01"/>
  </code>
</codes>
<codes class="bip:topics:1.0">
  <code code="GCAT">
    <editdetail attribution="Reuters BIP Coding Group" action="confirmed" date="1997-04-01"/>
  </code>
  <code code="GSPO">
    <editdetail attribution="Reuters BIP Coding Group" action="confirmed" date="1997-04-01"/>
  </code>
</codes>
<dc element="dc.date.created" value="1997-04-01"/>
<dc element="dc.publisher" value="Reuters Holdings Plc"/>
<dc element="dc.date.published" value="1997-04-01"/>
<dc element="dc.source" value="Reuters"/>
<dc element="dc.creator.location" value="ROME"/>
<dc element="dc.creator.location.country.name" value="ITALY"/>
<dc element="dc.source" value="Reuters"/>
</metadata>
</newsitem>
