<?xml version="1.0" encoding="iso-8859-1" ?>
<newsitem itemid="478365" id="root" date="1997-04-01" xml:lang="en">
<title>BULGARIA: BULGARIA LEV CLOSES UNCHANGED AT 1,601-1,605 TO DLR.</title>
<headline>BULGARIA LEV CLOSES UNCHANGED AT 1,601-1,605 TO DLR.</headline>
<dateline>SOFIA 1997-04-01</dateline>
<text>
<p>The Bulgarian lev closed around 1,601-1,606 per dollar, in a narrower spread from the morning's 1,595-1,605 but softer from Monday's close at 1,595-1,600 after active interbank forex trade, dealers said.</p>
<p>&quot;Trade was lively amid balance between dollar demand and supply. It was rangebound between 1,600-1,606 levs per dollar,&quot; one dealer said.</p>
<p>Dealers said they were aiming at higher dollar levels amid the current large spread between interest rates on lev- and dollar-denominated deposits.</p>
<p>The Bulgarian National Bank's main interest rate is now set at a monthly 18 percent or 216 percent per year.</p>
<p>Under the current exchange rate the spread between interest rates allows for an up to 10 lev per dollar daily depreciation.</p>
<p>But traders said they did not expect a daily lev fall due to a low foreign currency demand from final clients.</p>
<p>Due to high interest rates on lev-denominated investments banks are willing to sell dollars and channel funds to the higher-yielding lev instruments, traders said.</p>
<p>-- Anastas Petrov, Sofia Newsroom, (++359-2) 981 8569; 981 4145</p>
</text>
<copyright>(c) Reuters Limited 1997</copyright>
<metadata>
<codes class="bip:countries:1.0">
  <code code="BUL">
    <editdetail attribution="Reuters BIP Coding Group" action="confirmed" date="1997-04-01"/>
  </code>
</codes>
<codes class="bip:topics:1.0">
  <code code="M13">
    <editdetail attribution="Reuters BIP Coding Group" action="confirmed" date="1997-04-01"/>
  </code>
  <code code="M132">
    <editdetail attribution="Reuters BIP Coding Group" action="confirmed" date="1997-04-01"/>
  </code>
  <code code="MCAT">
    <editdetail attribution="Reuters BIP Coding Group" action="confirmed" date="1997-04-01"/>
  </code>
</codes>
<dc element="dc.date.created" value="1997-04-01"/>
<dc element="dc.publisher" value="Reuters Holdings Plc"/>
<dc element="dc.date.published" value="1997-04-01"/>
<dc element="dc.source" value="Reuters"/>
<dc element="dc.creator.location" value="SOFIA"/>
<dc element="dc.creator.location.country.name" value="BULGARIA"/>
<dc element="dc.source" value="Reuters"/>
</metadata>
</newsitem>
