<?xml version="1.0" encoding="iso-8859-1" ?>
<newsitem itemid="478375" id="root" date="1997-04-01" xml:lang="en">
<title>ESTONIA: HANSAPANK LOWERS BASE INTEREST RATE.</title>
<headline>HANSAPANK LOWERS BASE INTEREST RATE.</headline>
<dateline>TALLINN 1997-04-01</dateline>
<text>
<p>Hansapank lowered its base rate on Estonian kroon loans by one percent to 13 percent on Tuesday, the bank said.</p>
<p>Hansapank has improved its liquidity by taking a 100 million mark syndicated loan last month, Hansapank interest rate products and financial risks head Erkki Raasuke told Reuters, explaining the decision to cut the base rate.</p>
<p>Hansapank also brought the interest rate marginal between kroon and mark loans closer as there is confidence on the Estonian kroon exchange rate, he added.</p>
<p>-- Eva Palu, Tallinn Newsroom +372 630 8400, reuters@reuters.ee</p>
</text>
<copyright>(c) Reuters Limited 1997</copyright>
<metadata>
<codes class="bip:countries:1.0">
  <code code="ESTNIA">
    <editdetail attribution="Reuters BIP Coding Group" action="confirmed" date="1997-04-01"/>
  </code>
</codes>
<codes class="bip:industries:1.0">
  <code code="I81402">
    <editdetail attribution="Reuters BIP Coding Group" action="confirmed" date="1997-04-01"/>
  </code>
</codes>
<codes class="bip:topics:1.0">
  <code code="C31">
    <editdetail attribution="Reuters BIP Coding Group" action="confirmed" date="1997-04-01"/>
  </code>
  <code code="CCAT">
    <editdetail attribution="Reuters BIP Coding Group" action="confirmed" date="1997-04-01"/>
  </code>
</codes>
<dc element="dc.date.created" value="1997-04-01"/>
<dc element="dc.publisher" value="Reuters Holdings Plc"/>
<dc element="dc.date.published" value="1997-04-01"/>
<dc element="dc.source" value="Reuters"/>
<dc element="dc.creator.location" value="TALLINN"/>
<dc element="dc.creator.location.country.name" value="ESTONIA"/>
<dc element="dc.source" value="Reuters"/>
</metadata>
</newsitem>
