<?xml version="1.0" encoding="iso-8859-1" ?>
<newsitem itemid="612594" id="root" date="1997-05-25" xml:lang="en">
<title>BELARUS: SOCCER-LATE DOUBLE HANDS BELSHYNA BELARUSSIAN CUP.</title>
<headline>SOCCER-LATE DOUBLE HANDS BELSHYNA BELARUSSIAN CUP.</headline>
<dateline>MINSK 1997-05-25</dateline>
<text>
<p>Two goals in the last eight minutes secured the Belarussian Cup for Belshyna Bobruisk over Dinamo-93 Minsk on Sunday.</p>
<p>Belshyna have risen from obscurity in Soviet times to become a considerable force in Belarussian soccer thanks to generous sponsorship from Bobruisk's giant chemical plant. Cup winners in 1995, they currently lead the league.</p>
<p>Five thousand spectators were treated to a lacklustre final until the 82nd minute when a Vasily Smirnykh header converted a cross into a 1-0 lead. Dmitry Balashov made sure four minutes later, beating three Dynamo 93 defenders before burying a powerful shot.</p>
<p>The omens had always been in Belshyna's favour -- Belarus was celebrating Chemical Workers Day on Sunday.</p>
</text>
<copyright>(c) Reuters Limited 1997</copyright>
<metadata>
<codes class="bip:countries:1.0">
  <code code="BYELRS">
    <editdetail attribution="Reuters BIP Coding Group" action="confirmed" date="1997-05-25"/>
  </code>
  <code code="USSR">
    <editdetail attribution="Reuters BIP Coding Group" action="confirmed" date="1997-05-25"/>
  </code>
</codes>
<codes class="bip:topics:1.0">
  <code code="GCAT">
    <editdetail attribution="Reuters BIP Coding Group" action="confirmed" date="1997-05-25"/>
  </code>
  <code code="GSPO">
    <editdetail attribution="Reuters BIP Coding Group" action="confirmed" date="1997-05-25"/>
  </code>
</codes>
<dc element="dc.date.created" value="1997-05-25"/>
<dc element="dc.publisher" value="Reuters Holdings Plc"/>
<dc element="dc.date.published" value="1997-05-25"/>
<dc element="dc.source" value="Reuters"/>
<dc element="dc.creator.location" value="MINSK"/>
<dc element="dc.creator.location.country.name" value="BELARUS"/>
<dc element="dc.source" value="Reuters"/>
</metadata>
</newsitem>
