<?xml version="1.0" encoding="iso-8859-1" ?>
<newsitem itemid="612589" id="root" date="1997-05-25" xml:lang="en">
<title>UK: GOLF-ELS AND WESTNER TO DEFEND WORLD CUP.</title>
<headline>GOLF-ELS AND WESTNER TO DEFEND WORLD CUP.</headline>
<dateline>LONDON 1997-05-25</dateline>
<text>
<p>South Africans Ernie Els and Wayne Westner have agreed to defend the World Cup team title they won last year by a record 18 strokes, the organisers announced on Sunday.</p>
<p>The pair, playing before a home crowd at the Erinvale Golf Club last November, ended the domination of the annual event by the United States, for whom Fred Couples and Davis Love won four successive times from 1992 to 1995.</p>
<p>Els also won the individual title with a 16-under-par total of 272.</p>
<p>This year's event will be held from November 20-23 at Kiawah Island, South Carolina, on the Ocean Course where the 1991 Ryder Cup was played.</p>
<p>The organisers said other teams would be announced later and that Masters champion Tiger Woods would be invited to be part of the U.S. team.</p>
</text>
<copyright>(c) Reuters Limited 1997</copyright>
<metadata>
<codes class="bip:countries:1.0">
  <code code="SAFR">
    <editdetail attribution="Reuters BIP Coding Group" action="confirmed" date="1997-05-25"/>
  </code>
  <code code="UK">
    <editdetail attribution="Reuters BIP Coding Group" action="confirmed" date="1997-05-25"/>
  </code>
  <code code="USA">
    <editdetail attribution="Reuters BIP Coding Group" action="confirmed" date="1997-05-25"/>
  </code>
</codes>
<codes class="bip:topics:1.0">
  <code code="GCAT">
    <editdetail attribution="Reuters BIP Coding Group" action="confirmed" date="1997-05-25"/>
  </code>
  <code code="GSPO">
    <editdetail attribution="Reuters BIP Coding Group" action="confirmed" date="1997-05-25"/>
  </code>
</codes>
<dc element="dc.date.created" value="1997-05-25"/>
<dc element="dc.publisher" value="Reuters Holdings Plc"/>
<dc element="dc.date.published" value="1997-05-25"/>
<dc element="dc.source" value="Reuters"/>
<dc element="dc.creator.location" value="LONDON"/>
<dc element="dc.creator.location.country.name" value="UK"/>
<dc element="dc.source" value="Reuters"/>
</metadata>
</newsitem>
