<?xml version="1.0" encoding="iso-8859-1" ?>
<newsitem itemid="612586" id="root" date="1997-05-25" xml:lang="en">
<title>UK: CRICKET-AUSTRALIA 269 ALL OUT IN 49.2 OVERS V ENGLAND.</title>
<headline>CRICKET-AUSTRALIA 269 ALL OUT IN 49.2 OVERS V ENGLAND.</headline>
<dateline>LONDON 1997-05-25</dateline>
<text>
<p>Australia were all out for 269 off 49.2 overs in the third and final one-day international against England at Lord's on Sunday.</p>
</text>
<copyright>(c) Reuters Limited 1997</copyright>
<metadata>
<codes class="bip:countries:1.0">
  <code code="AUSTR">
    <editdetail attribution="Reuters BIP Coding Group" action="confirmed" date="1997-05-25"/>
  </code>
  <code code="UK">
    <editdetail attribution="Reuters BIP Coding Group" action="confirmed" date="1997-05-25"/>
  </code>
</codes>
<codes class="bip:topics:1.0">
  <code code="GCAT">
    <editdetail attribution="Reuters BIP Coding Group" action="confirmed" date="1997-05-25"/>
  </code>
  <code code="GSPO">
    <editdetail attribution="Reuters BIP Coding Group" action="confirmed" date="1997-05-25"/>
  </code>
</codes>
<dc element="dc.date.created" value="1997-05-25"/>
<dc element="dc.publisher" value="Reuters Holdings Plc"/>
<dc element="dc.date.published" value="1997-05-25"/>
<dc element="dc.source" value="Reuters"/>
<dc element="dc.creator.location" value="LONDON"/>
<dc element="dc.creator.location.country.name" value="UK"/>
<dc element="dc.source" value="Reuters"/>
</metadata>
</newsitem>
