<?xml version="1.0" encoding="iso-8859-1" ?>
<newsitem itemid="612612" id="root" date="1997-05-25" xml:lang="en">
<title>USA: NBA-SUNDAY'S PLAYOFF RESULT.</title>
<headline>NBA-SUNDAY'S PLAYOFF RESULT.</headline>
<dateline>NEW YORK 1997-05-25</dateline>
<text>
<p>Result of National Basketball</p>
<p>Association playoff game on Sunday (home team in CAPS):</p>
<p>Western Conference finals</p>
<p> HOUSTON	    95  Utah		 92</p>
<p>(Best-of-seven series tied 2-2)</p>
</text>
<copyright>(c) Reuters Limited 1997</copyright>
<metadata>
<codes class="bip:countries:1.0">
  <code code="USA">
    <editdetail attribution="Reuters BIP Coding Group" action="confirmed" date="1997-05-25"/>
  </code>
</codes>
<codes class="bip:topics:1.0">
  <code code="GCAT">
    <editdetail attribution="Reuters BIP Coding Group" action="confirmed" date="1997-05-25"/>
  </code>
  <code code="GSPO">
    <editdetail attribution="Reuters BIP Coding Group" action="confirmed" date="1997-05-25"/>
  </code>
</codes>
<dc element="dc.date.created" value="1997-05-25"/>
<dc element="dc.publisher" value="Reuters Holdings Plc"/>
<dc element="dc.date.published" value="1997-05-25"/>
<dc element="dc.source" value="Reuters"/>
<dc element="dc.creator.location" value="NEW YORK"/>
<dc element="dc.creator.location.country.name" value="USA"/>
<dc element="dc.source" value="Reuters"/>
</metadata>
</newsitem>
