<?xml version="1.0" encoding="iso-8859-1" ?>
<newsitem itemid="612676" id="root" date="1997-05-25" xml:lang="en">
<title>UK: UK electric companies seek windfall tax instalment.</title>
<headline>UK electric companies seek windfall tax instalment.</headline>
<dateline>LONDON 1997-05-25</dateline>
<text>
<p>Britain's electricity companies have made a last ditch effort to avert the impact of the windfall tax with a letter to Chancellor Gordon Brown, Sunday Business said.</p>
<p>The Electricity Association, which represents Britain's suppliers and generators, has pleaded for electricity companies to be allowed to pay their share of the windfall tax, which could be as high as 10 billion stg, in instalments, the newspaper said.</p>
<p>The power businesses want a staggered payment schedule so that they could manage their case effectively over the tax period, it said.</p>
<p>((--London Newsroom +44 171 542 5106))</p>
</text>
<copyright>(c) Reuters Limited 1997</copyright>
<metadata>
<codes class="bip:countries:1.0">
  <code code="UK">
    <editdetail attribution="Reuters BIP Coding Group" action="confirmed" date="1997-05-25"/>
  </code>
</codes>
<codes class="bip:industries:1.0">
  <code code="I16100">
    <editdetail attribution="Reuters BIP Coding Group" action="confirmed" date="1997-05-25"/>
  </code>
</codes>
<codes class="bip:topics:1.0">
  <code code="C13">
    <editdetail attribution="Reuters BIP Coding Group" action="confirmed" date="1997-05-25"/>
  </code>
  <code code="CCAT">
    <editdetail attribution="Reuters BIP Coding Group" action="confirmed" date="1997-05-25"/>
  </code>
  <code code="E21">
    <editdetail attribution="Reuters BIP Coding Group" action="confirmed" date="1997-05-25"/>
  </code>
  <code code="E211">
    <editdetail attribution="Reuters BIP Coding Group" action="confirmed" date="1997-05-25"/>
  </code>
  <code code="ECAT">
    <editdetail attribution="Reuters BIP Coding Group" action="confirmed" date="1997-05-25"/>
  </code>
  <code code="GCAT">
    <editdetail attribution="Reuters BIP Coding Group" action="confirmed" date="1997-05-25"/>
  </code>
  <code code="GPOL">
    <editdetail attribution="Reuters BIP Coding Group" action="confirmed" date="1997-05-25"/>
  </code>
</codes>
<dc element="dc.date.created" value="1997-05-25"/>
<dc element="dc.publisher" value="Reuters Holdings Plc"/>
<dc element="dc.date.published" value="1997-05-25"/>
<dc element="dc.source" value="Reuters"/>
<dc element="dc.creator.location" value="LONDON"/>
<dc element="dc.creator.location.country.name" value="UK"/>
<dc element="dc.source" value="Reuters"/>
</metadata>
</newsitem>
