<?xml version="1.0" encoding="iso-8859-1" ?>
<newsitem itemid="612642" id="root" date="1997-05-25" xml:lang="en">
<title>ITALY: SOCCER-INTER STAY IN HUNT FOR EUROPEAN CUP SPOT.</title>
<headline>SOCCER-INTER STAY IN HUNT FOR EUROPEAN CUP SPOT.</headline>
<dateline>ROME 1997-05-25</dateline>
<text>
<p>Internazionale recovered from losing the UEFA Cup final and English manager Roy Hodgson in less than a week to defeat Napoli 3-2 on Sunday and keep alive their faint hopes of a place in the European Cup.</p>
<p>But relief came only after England midfielder Paul Ince had threatened to add to Inter's woes with an own goal 31 minutes into the first half.</p>
<p>Ince made amends with a 50th minute equaliser before Chile's Ivan Zamorano and France's Youri Djorkaeff scored the goals that clinched a morale-boosting victory.</p>
<p>The three points keep Inter just two points behind second-placed Parma, who defeated Bologna with a goal from Enrico Chiesa.</p>
<p>With Juventus crowned champions on Friday, both clubs are competing for the runners-up spot that guarantees qualification to the new-look European Champions' League.</p>
<p>Lazio made sure of a UEFA Cup place with a 4-1 home win over relegated Verona, courtesy of two goals from Giuseppe Signori and one each from Igor Protti and Roberto Rambaudi.</p>
<p>Sampdoria and Udinese looked like claiming the two remaining UEFA berths after victories over relegation-threatened Cagliari and Piacenza respectively.</p>
<p>Perugia's third successive victory  2-0 against Roma  lifted them out of the relegation zone.</p>
</text>
<copyright>(c) Reuters Limited 1997</copyright>
<metadata>
<codes class="bip:countries:1.0">
  <code code="ITALY">
    <editdetail attribution="Reuters BIP Coding Group" action="confirmed" date="1997-05-25"/>
  </code>
  <code code="UK">
    <editdetail attribution="Reuters BIP Coding Group" action="confirmed" date="1997-05-25"/>
  </code>
</codes>
<codes class="bip:topics:1.0">
  <code code="GCAT">
    <editdetail attribution="Reuters BIP Coding Group" action="confirmed" date="1997-05-25"/>
  </code>
  <code code="GSPO">
    <editdetail attribution="Reuters BIP Coding Group" action="confirmed" date="1997-05-25"/>
  </code>
</codes>
<dc element="dc.date.created" value="1997-05-25"/>
<dc element="dc.publisher" value="Reuters Holdings Plc"/>
<dc element="dc.date.published" value="1997-05-25"/>
<dc element="dc.source" value="Reuters"/>
<dc element="dc.creator.location" value="ROME"/>
<dc element="dc.creator.location.country.name" value="ITALY"/>
<dc element="dc.source" value="Reuters"/>
</metadata>
</newsitem>
