<?xml version="1.0" encoding="iso-8859-1" ?>
<newsitem itemid="612631" id="root" date="1997-05-25" xml:lang="en">
<title>AUSTRIA: SOCCER-AUSTRIAN CHAMPIONSHIP RESULTS/STANDINGS.</title>
<headline>SOCCER-AUSTRIAN CHAMPIONSHIP RESULTS/STANDINGS.</headline>
<dateline>VIENNA 1997-05-25</dateline>
<text>
<p>Result of an Austrian league</p>
<p>championship soccer match played on Sunday:</p>
<p>Austria Vienna  1  FC Tirol Innsbruck  0</p>
<p>Played on Saturday:</p>
<p> SV Salzburg     2  Rapid Vienna	  0</p>
<p> Casino Graz     1  FC Linz		 1</p>
<p> SV Ried	   1  Strum Graz	    0</p>
<p> Linzer ASK	2  SCN Admira/Wacker   2</p>
<p>    Standings			P   W   D   L   F  A   Pts</p>
<p>  1. SV Salzburg		  34  19  11   4  53  22   68</p>
<p>  2. Rapid Vienna		 34  17  12   5  62  33   63</p>
<p>  3. FC Tirol Innsbruck	 34  15   7  12  44  36   52</p>
<p>  4. Sturm Graz		   34  13  12   9  47  31   51</p>
<p>  5. Linzer ASK		   34   9  17   8  38  40   44</p>
<p>  6. Casino Graz		  34  10  13  11  35  41   43</p>
<p>  7. Austria Vienna	     34  11   9  14  38  50   42</p>
<p>  8. SV Ried			34  11   6  17  41  55   39</p>
<p>  9. FC Linz			34   5  13  16  26  45   28</p>
<p> 10. SCN Admira/Wacker	  34   5  10  19  32  63   25</p>
</text>
<copyright>(c) Reuters Limited 1997</copyright>
<metadata>
<codes class="bip:countries:1.0">
  <code code="AUST">
    <editdetail attribution="Reuters BIP Coding Group" action="confirmed" date="1997-05-25"/>
  </code>
</codes>
<codes class="bip:topics:1.0">
  <code code="GCAT">
    <editdetail attribution="Reuters BIP Coding Group" action="confirmed" date="1997-05-25"/>
  </code>
  <code code="GSPO">
    <editdetail attribution="Reuters BIP Coding Group" action="confirmed" date="1997-05-25"/>
  </code>
</codes>
<dc element="dc.date.created" value="1997-05-25"/>
<dc element="dc.publisher" value="Reuters Holdings Plc"/>
<dc element="dc.date.published" value="1997-05-25"/>
<dc element="dc.source" value="Reuters"/>
<dc element="dc.creator.location" value="VIENNA"/>
<dc element="dc.creator.location.country.name" value="AUSTRIA"/>
<dc element="dc.source" value="Reuters"/>
</metadata>
</newsitem>
