<?xml version="1.0" encoding="iso-8859-1" ?>
<newsitem itemid="612677" id="root" date="1997-05-25" xml:lang="en">
<title>UK: Co-op turnover rises in 1996, profits fall.</title>
<headline>Co-op turnover rises in 1996, profits fall.</headline>
<dateline>LONDON 1997-05-25</dateline>
<text>
<p>The Co-operative Movement's national retail turnover rose to almost eight billion stg during 1996, but aggregate trading profits slipped for the first time in seven years, the Co-operative Congress said on Sunday.</p>
<p>Sales rose by more than two percent to 7.95 billion stg from 7.78 billion stg, while profits fell to 136 million stg from 160 million stg, reflecting intense competition, the group said.</p>
<p>The Co-operative Union, the Movement's organising and advisory body, said consumer confidence was showing some signs of recovery although it was patchy, with wide regional variations.</p>
<p>((--London Newsroom +44 171 542 5106))</p>
</text>
<copyright>(c) Reuters Limited 1997</copyright>
<metadata>
<codes class="bip:countries:1.0">
  <code code="UK">
    <editdetail attribution="Reuters BIP Coding Group" action="confirmed" date="1997-05-25"/>
  </code>
</codes>
<codes class="bip:industries:1.0">
  <code code="I64100">
    <editdetail attribution="Reuters BIP Coding Group" action="confirmed" date="1997-05-25"/>
  </code>
</codes>
<codes class="bip:topics:1.0">
  <code code="C15">
    <editdetail attribution="Reuters BIP Coding Group" action="confirmed" date="1997-05-25"/>
  </code>
  <code code="C151">
    <editdetail attribution="Reuters BIP Coding Group" action="confirmed" date="1997-05-25"/>
  </code>
  <code code="C1511">
    <editdetail attribution="Reuters BIP Coding Group" action="confirmed" date="1997-05-25"/>
  </code>
  <code code="CCAT">
    <editdetail attribution="Reuters BIP Coding Group" action="confirmed" date="1997-05-25"/>
  </code>
</codes>
<dc element="dc.date.created" value="1997-05-25"/>
<dc element="dc.publisher" value="Reuters Holdings Plc"/>
<dc element="dc.date.published" value="1997-05-25"/>
<dc element="dc.source" value="Reuters"/>
<dc element="dc.creator.location" value="LONDON"/>
<dc element="dc.creator.location.country.name" value="UK"/>
<dc element="dc.source" value="Reuters"/>
</metadata>
</newsitem>
