<?xml version="1.0" encoding="iso-8859-1" ?>
<newsitem itemid="612611" id="root" date="1997-05-25" xml:lang="en">
<title>USA: NBA BASKETBALL-ROCKETS EVEN SERIES WITH JAZZ ON JOHNSON BUZZER BEATER.</title>
<headline>NBA BASKETBALL-ROCKETS EVEN SERIES WITH JAZZ ON JOHNSON BUZZER BEATER.</headline>
<dateline>HOUSTON 1997-05-25</dateline>
<text>
<p>Eddie Johnson came off the bench to save the Houston Rockets for a second straight game Sunday, hitting a 3-pointer at the buzzer in a 95-92 victory over the Utah Jazz that evened the Western Conference finals at two games apiece.</p>
<p>&quot;I'm 38 years old,&quot; said Johnson, who was mobbed by his teammates and near tears after hitting the game-winner. &quot;Just to experience this -- not many 38-year-olds get to experience this.&quot;</p>
<p>Utah had four shots to take the lead on its final possession but Houston finally grabbed the rebound with 6.7 seconds remaining. After a timeout, the Rockets inbounded to Clyde Drexler, who was double-teamed and forced to pass.</p>
<p>Johnson got the ball five feet behind the 3-point arc with under a second left. He launched a shot that swished through as the buzzer sounded.</p>
<p>&quot;In that situation, it's a no-pressure shot,&quot; said Johnson, who scored 31 points in a Game 3 win. &quot;If I miss, we go to overtime.&quot;</p>
<p>Johnson scored seven points. Hakeem Olajuwon had 27 points and Charles Barkley added 20 and 16 rebounds for the Rockets, who have erased a 2-0 series deficit. En route to NBA titles in 1994 and 1995, Houston also overcame 2-0 deficits in the conference semifinals.</p>
<p>Game 5 is Thursday at Utah, where the Jazz are 7-0 in the postseason. They have never been to the NBA Finals.</p>
<p>&quot;The pressure is on them now,&quot; said Olajuwon.</p>
<p>Barkley had criticised his teammates who had already won two championships for not playing with enough intensity. But he said that they showed plenty of fire this time.</p>
<p>&quot;We're two games away from being done or we're two games away from the Finals,&quot; said Barkley. &quot;They say it's not life and death and I say they're right, it's a lot more important than that.&quot;</p>
<p>Karl Malone had 22 points and 10 rebounds and John Stockton also had 22 points for the Jazz, who scored just 16 points in the fourth quarter.</p>
<p>Drexler scored 16 points and Mario Elie added 11 for the Rockets, who shot 46 percent (33-of-72) from the field and held a 43-40 rebounding edge. Houston made 6-of-19 3-pointers.</p>
<p>Jeff Hornacek scored 14 points for the Jazz, who shot 42 percent (35-of-83) and committed just nine turnovers. However, Utah made just 2-of-8 3-pointers.</p>
</text>
<copyright>(c) Reuters Limited 1997</copyright>
<metadata>
<codes class="bip:countries:1.0">
  <code code="USA">
    <editdetail attribution="Reuters BIP Coding Group" action="confirmed" date="1997-05-25"/>
  </code>
</codes>
<codes class="bip:topics:1.0">
  <code code="GCAT">
    <editdetail attribution="Reuters BIP Coding Group" action="confirmed" date="1997-05-25"/>
  </code>
  <code code="GSPO">
    <editdetail attribution="Reuters BIP Coding Group" action="confirmed" date="1997-05-25"/>
  </code>
</codes>
<dc element="dc.date.created" value="1997-05-25"/>
<dc element="dc.publisher" value="Reuters Holdings Plc"/>
<dc element="dc.date.published" value="1997-05-25"/>
<dc element="dc.source" value="Reuters"/>
<dc element="dc.creator.location" value="HOUSTON"/>
<dc element="dc.creator.location.country.name" value="USA"/>
<dc element="dc.source" value="Reuters"/>
</metadata>
</newsitem>
