<?xml version="1.0" encoding="iso-8859-1" ?>
<newsitem itemid="612634" id="root" date="1997-05-25" xml:lang="en">
<title>PORTUGAL: SOCCER-PORTUGAL FIRST DIVISION RESULTS/STANDINGS.</title>
<headline>SOCCER-PORTUGAL FIRST DIVISION RESULTS/STANDINGS.</headline>
<dateline>LISBON 1997-05-25</dateline>
<text>
<p>Portuguese first division results on Sunday:</p>
<p> Boavista  5 Salgueiros   0</p>
<p> Espinho   1 Chaves	 1</p>
<p> Farense   4 Uniao Leiria 0</p>
<p> Rio Ave   1 Setubal	0</p>
<p> Maritimo  6 Gil Vicente  0</p>
<p> Leca	0 Braga	  0</p>
<p> Guimaraes 1 Belenenses   0</p>
<p>Played on Saturday:</p>
<p> Porto     3 Benfica	1</p>
<p>Playing on Monday:</p>
<p>Sporting v Estrela Amadora</p>
<p>    Standings	 Pl    W    D    L     F    A    Pts</p>
<p> 1. Porto	     32   26    4    2    76   22    82</p>
<p> 2. Sporting	  31   21    5    5    51   16    68</p>
<p> 3. Benfica	   32   17    7    8    49   27    58</p>
<p> 4. Braga	     32   14    9    9    37   39    51</p>
<p> 5. Guimaraes	 32   14    7   11    49   46    49</p>
<p> 6. Salgueiros	32   13    9   10    43   47    48</p>
<p> 7. Estrela Amadora 31   12   10    9    36   31    46</p>
<p> 8. Chaves	    32   12    7   13    38   44    44</p>
<p> 9. Boavista	  32   10   13    9    55   36    43</p>
<p> 10.Maritimo	  32   12    7   13    37   38    43</p>
<p> 11.Farense	   32   10   10   12    32   32    40</p>
<p> 12.Belenenses	32    9   10   13    35   47    37</p>
<p> 13.Setubal	   32    9    9   14    36   42    36</p>
<p> 14.Leca		32    9    9   14    33   39    36</p>
<p> 15.Rio Ave	   32    8   10   14    35   41    34</p>
<p> 16.Espinho	   32    8    6   18    25   50    30</p>
<p> 17.Uniao Leiria    32    7    6   19    24   51    27</p>
<p> 18.Gil Vicente     32    3    7   22    28   71    16</p>
</text>
<copyright>(c) Reuters Limited 1997</copyright>
<metadata>
<codes class="bip:countries:1.0">
  <code code="PORL">
    <editdetail attribution="Reuters BIP Coding Group" action="confirmed" date="1997-05-25"/>
  </code>
</codes>
<codes class="bip:topics:1.0">
  <code code="GCAT">
    <editdetail attribution="Reuters BIP Coding Group" action="confirmed" date="1997-05-25"/>
  </code>
  <code code="GSPO">
    <editdetail attribution="Reuters BIP Coding Group" action="confirmed" date="1997-05-25"/>
  </code>
</codes>
<dc element="dc.date.created" value="1997-05-25"/>
<dc element="dc.publisher" value="Reuters Holdings Plc"/>
<dc element="dc.date.published" value="1997-05-25"/>
<dc element="dc.source" value="Reuters"/>
<dc element="dc.creator.location" value="LISBON"/>
<dc element="dc.creator.location.country.name" value="PORTUGAL"/>
<dc element="dc.source" value="Reuters"/>
</metadata>
</newsitem>
