<?xml version="1.0" encoding="iso-8859-1" ?>
<newsitem itemid="612640" id="root" date="1997-05-25" xml:lang="en">
<title>FRANCE: HORSE RACING-PRIX D'ISPAHAN RESULT.</title>
<headline>HORSE RACING-PRIX D'ISPAHAN RESULT.</headline>
<dateline>PARIS 1997-05-25</dateline>
<text>
<p>Result of the Prix d'Ispahan for</p>
<p>four-year-olds and upwards colts and fillies run over 1.85 kms</p>
<p>at Longchamp on Sunday:</p>
<p>1. Sasuru (ridden by Michael Hills)</p>
<p>2. Wixim (Thierry Jarnet)</p>
<p>3. Simon du Desert (Christian Hanotel)</p>
<p>6 ran.</p>
<p>Distances: Short neck, three lengths.</p>
<p>Winner owned by Anthony Oppenheimer, trained by Geoff Wragg</p>
<p>in England.</p>
<p>Value to the winner: $94,276.</p>
<p>Pari-Mutuel (to a one franc stake): Win 2.20; places 1.40</p>
<p>1.60. Straight Forecast 5.50.</p>
</text>
<copyright>(c) Reuters Limited 1997</copyright>
<metadata>
<codes class="bip:countries:1.0">
  <code code="FRA">
    <editdetail attribution="Reuters BIP Coding Group" action="confirmed" date="1997-05-25"/>
  </code>
</codes>
<codes class="bip:topics:1.0">
  <code code="GCAT">
    <editdetail attribution="Reuters BIP Coding Group" action="confirmed" date="1997-05-25"/>
  </code>
  <code code="GSPO">
    <editdetail attribution="Reuters BIP Coding Group" action="confirmed" date="1997-05-25"/>
  </code>
</codes>
<dc element="dc.date.created" value="1997-05-25"/>
<dc element="dc.publisher" value="Reuters Holdings Plc"/>
<dc element="dc.date.published" value="1997-05-25"/>
<dc element="dc.source" value="Reuters"/>
<dc element="dc.creator.location" value="PARIS"/>
<dc element="dc.creator.location.country.name" value="FRANCE"/>
<dc element="dc.source" value="Reuters"/>
</metadata>
</newsitem>
