<?xml version="1.0" encoding="iso-8859-1" ?>
<newsitem itemid="612722" id="root" date="1997-05-25" xml:lang="en">
<title>ZAIRE: Congo university in disarray after Mobutu years.</title>
<headline>Congo university in disarray after Mobutu years.</headline>
<byline>Jonathan Wright</byline>
<dateline>LUBUMBASHI, Zaire 1997-05-25</dateline>
<text>
<p>The cocks crowed and the chickens pecked for food in the red dust of Africa by the door of the hall where economist Laby Piana of Lubumbashi University gave his first lecture of the post-Mobutu era.</p>
<p>Several hundred sophomore students, packed like sardines onto benches under the tin roof of the bungalow, took notes in the half-light as he explained his view of the dispute that has brought most of the university to a standstill.</p>
<p>The new rulers of the country, renamed the Democratic Republic of the Congo after 26 years as Zaire, have cut tuition fees to $60 a year from $100. In response most of the professors and lecturers have come out on strike over reduced salaries.</p>
<p>The dispute illustrates the decline of state institutions under deposed president Mobutu Sese Seko and the massive task of reconstruction which faces the ruling Alliance of Democratic Forces for the Liberation of the Congo (AFDL).</p>
<p>&quot;Most of the students have parents who haven't been paid for two or three years and then the university asks them to pay tuition fees. It's just not fair,&quot; said Prosper Ngoy Nday, one of the first-year economics students.</p>
<p>&quot;It's not the time to go on strike...We have to make sacrifices too,&quot; agreed Piana, one of the few faculty members willing to keep working on the lower salaries.</p>
<p>YEARS OF NEGLECT</p>
<p>This latest hitch in higher education in this southeastern mining city is just the tip of the iceberg at a university which has seen little investment since it opened in the 1960s.</p>
<p>More then 10,000 students squeeze into facilities built for 1,000. The entire campus has four computers, hidden away in one of the science faculties, and the library would hardly do justice to a small-town secondary school in Europe or North America.</p>
<p>&quot;Just look at this room. This isn't an auditorium, it's a hangar,&quot; said Tshungu Muganza, pointing to the shabby room where Piana has been lecturing.</p>
<p>But the students, fluent in French and highly politicised, have other concerns beyond the mere material.</p>
<p>They say that the political culture of the Mobutu government brought corruption, croneyism, repression and incompetence onto the university campus.</p>
<p>They recall a massacre of students at Lubumbashi University in 1991, when Mobutu's soldiers took revenge for an incident in which students beat up a prominent general's daughter because she argued against their decision to stage a protest.</p>
<p>&quot;The children of big people spent all year in (the capital) Kinshasa and at the end of the year they passed their exams without even sitting them. That was the system,&quot; said Nday.</p>
<p>&quot;Throughout the education system they taught us Mobutu and Mobutuism. We used to sing and dance for Mobutu. If you refused, they would cut off your head,&quot; he added.</p>
<p>UNCERTAINTY ABOUT THE FUTURE</p>
<p>Hopes are high that a new government under former rebel leader Laurent Kabila will put things right but they do not expect instant solutions and even at this early stage they are on the alert for signs that the AFDL will betray their trust.</p>
<p>&quot;There's great hope that the university will change for the better and I'm optimistic,&quot; said student Daddy Kasungo. &quot;But it won't be immediate. We'll have to wait two or three years.&quot;</p>
<p>&quot;We're watching the AFDL and we will see how they work. We have a certain trust,&quot; he added.</p>
<p>But Mubiayi Kankunku, another student, already has reservations about the new authorities, less than two months after the rebels took control of Lubumbashi.</p>
<p>&quot;We've noticed that what you need to succeed is an AFDL diploma, not a university degree. We're worried we will have to attend political courses and we don't need that,&quot; he said.</p>
<p>The AFDL, following a pattern set by Uganda's National Resistance Movement in the 1980s, believes that after decades of bad government the people need radical reeducation through seminars on subjects such as democracy and human rights.</p>
<p>&quot;That kind of thing may be okay for the people in the villages or in the market place but not for us,&quot; said Mubiayi.</p>
<p>Patrick Kalume has another concern, shared by many others in the southern province of Katanga -- the high proportion of people of Rwandan Tutsi origin in Kabila's entourage.</p>
<p>&quot;Kabila has brought many Rwandans with him and we don't want to work with them. We want to work with Zaireans and we want these Rwandans to all go home,&quot; he said.</p>
</text>
<copyright>(c) Reuters Limited 1997</copyright>
<metadata>
<codes class="bip:countries:1.0">
  <code code="ZAIRE">
    <editdetail attribution="Reuters BIP Coding Group" action="confirmed" date="1997-05-25"/>
  </code>
</codes>
<codes class="bip:topics:1.0">
  <code code="GCAT">
    <editdetail attribution="Reuters BIP Coding Group" action="confirmed" date="1997-05-25"/>
  </code>
  <code code="GPOL">
    <editdetail attribution="Reuters BIP Coding Group" action="confirmed" date="1997-05-25"/>
  </code>
</codes>
<dc element="dc.date.created" value="1997-05-25"/>
<dc element="dc.publisher" value="Reuters Holdings Plc"/>
<dc element="dc.date.published" value="1997-05-25"/>
<dc element="dc.source" value="Reuters"/>
<dc element="dc.creator.location" value="LUBUMBASHI, Zaire"/>
<dc element="dc.creator.location.country.name" value="ZAIRE"/>
<dc element="dc.source" value="Reuters"/>
</metadata>
</newsitem>
