<?xml version="1.0" encoding="iso-8859-1" ?>
<newsitem itemid="612798" id="root" date="1997-05-25" xml:lang="en">
<title>AUSTRALIA: WEEK AHEAD-Australia data overshadowed by rate cut.</title>
<headline>WEEK AHEAD-Australia data overshadowed by rate cut.</headline>
<dateline>SYDNEY 1996-05-26</dateline>
<text>
<p>This week is a busy period for data but the figures have been overshadowed by last week's surprise cut in interest rates by the Reserve Bank of Australia.</p>
<p>Data for capital expenditure, stocks, international trade, retail spending, car registrations and the current account deficit are due this week. But while the figures should give a broad perspective of how the economy is travelling, they are not likely to have much market impact.</p>
<p>&quot;The May 23 rate cut takes the wind out of the sails of this week's statistics,&quot; Hans Kunnen group economist at Colonial State Bank said in a commentary.</p>
<p>The RBA cut official cash interest rates by 0.5 percentage points to 5.5 percent, the fourth rate cut in the current cycle.</p>
<p>Rates were last cut in December 1996 by 0.5 percentage points to 6.0 percent.</p>
<p>Kunnen said the capex, stocks and current account data will all point to a strong March quarter GDP result on June 4. Colonial forecasts a 1.5 percent rise in the March quarter GDP.</p>
<p>The Commowealth Bank said in a commentary that the surprise cut may leave the markets in a more cautious state. It said this week's data should be broadly neutral for the markets.</p>
<p>Announcing the rate cut, RBA governor Ian Macfarlane said that 1997 looked like being stronger than 1996, and also said wages growth was not &quot;yet optimal&quot; for a low inflation economy.</p>
<p>AUSTRALIAN BONDS (Friday: 10-year bond yield 7.57 pct)</p>
<p>Australian bonds will be sensitive to the raft of data this week, but will also be concerned about how the offshore markets reacted to last Friday's unexpected cut in official interest rates to 5.5 percent over the next few days. Australian official interest rates now stand at parity with U.S. rates.</p>
<p>Local yields struck their lowest level since January on the rate cut news on Friday and spreads to the U.S. went to their lowest level in some three-years.</p>
<p>In New York on Friday, U.S. Treasuries prices closed slightly higher ahead of a three-day weekend on Friday with no economic data to trade on.</p>
<p>U.S. bond traders headed out of work early in an abbreviated pre-holiday session. The market closed at 1400 EDT/1800 GMT ahead of the three-day Memorial Day weekend in the U.S.</p>
<p>The yield on the 30-year bond ended steady at 6.99 percent.</p>
<p>AUSTRALIAN DOLLAR (Fri: US$0.7661/66, New York US$0.7670)</p>
<p>The dollar ended last week out of favour and at three month lows after the rate cut. The cut took the official cash rate to a 34-month low at 5.5 percent which is the same level of the U.S. Federal funds rate.</p>
<p>The sudden removal of the dollar's rate prop saw it sink a cent on Friday, with some dealers fearing worse to come.</p>
<p>Colonial's Kunnen said the local dollar can recover from this level on the back of higher commodity prices underpinned by U.S. economic growth.</p>
<p>However, Commonwealth Bank economists said the AUD was not in unchartered territory.</p>
<p>&quot;The possibility of Fed funds gonig 25 points above the Australian cash rate at the beginning of July suggests that the Aussie may have a bit of testing to do on the downside,&quot; they said. &quot;That said, given the favourable commodity price story remains in place, anything below the 'fair value' floor of US$0.76 would be excessive and likelty to be short lived.&quot;</p>
<p>AUSTRALIAN STOCKS (Fri All Ords Index 2,563.9, +16.0)</p>
<p>The major corporate event this week is the release of the half year results by Australia and New Zealand Banking Group Ltd, released on Wednesday. Analysts expect ANZ to report a net profit of between A$580 million and A$640 million.</p>
<p>The bank reported a net profit of A$520 million in the 1995/96 first half.</p>
<p>The result should show continued evidence of a tough Australian banking environment, as reported by rival banks recently, analysts said.</p>
<p>However, interest rate sensitive stocks like banks, insurers and retailers are expected to benefit in the short term from the recent RBA rate cut.</p>
<p>The resource sector is expected to continue its current upward run, as sentiment on commodities remains positive.</p>
<p>The market will get a boost early from the Dow's 87.78 point rise on Friday.</p>
<p>-- Sydney Newsroom 61-2 9373-1800</p>
</text>
<copyright>(c) Reuters Limited 1997</copyright>
<metadata>
<codes class="bip:countries:1.0">
  <code code="AUSTR">
    <editdetail attribution="Reuters BIP Coding Group" action="confirmed" date="1997-05-25"/>
  </code>
</codes>
<codes class="bip:topics:1.0">
  <code code="M11">
    <editdetail attribution="Reuters BIP Coding Group" action="confirmed" date="1997-05-25"/>
  </code>
  <code code="M12">
    <editdetail attribution="Reuters BIP Coding Group" action="confirmed" date="1997-05-25"/>
  </code>
  <code code="M13">
    <editdetail attribution="Reuters BIP Coding Group" action="confirmed" date="1997-05-25"/>
  </code>
  <code code="M132">
    <editdetail attribution="Reuters BIP Coding Group" action="confirmed" date="1997-05-25"/>
  </code>
  <code code="MCAT">
    <editdetail attribution="Reuters BIP Coding Group" action="confirmed" date="1997-05-25"/>
  </code>
</codes>
<dc element="dc.date.created" value="1996-05-26"/>
<dc element="dc.publisher" value="Reuters Holdings Plc"/>
<dc element="dc.date.published" value="1997-05-25"/>
<dc element="dc.source" value="Reuters"/>
<dc element="dc.creator.location" value="SYDNEY"/>
<dc element="dc.creator.location.country.name" value="AUSTRALIA"/>
<dc element="dc.source" value="Reuters"/>
</metadata>
</newsitem>
