<?xml version="1.0" encoding="iso-8859-1" ?>
<newsitem itemid="612751" id="root" date="1997-05-25" xml:lang="en">
<title>ROMANIA: FEATURE -Soccer violence rising in post-communist Romania.</title>
<headline>FEATURE -Soccer violence rising in post-communist Romania.</headline>
<byline>Radu Timofte</byline>
<dateline>BUCHAREST 1997-05-25</dateline>
<text>
<p>Violence among armed gangs of soccer supporters is on the rise in Romania and commentators blame it on a general moral deterioration in the Balkan country in the seven years since the fall of communism.</p>
<p>Nearly all major Romanian teams are followed by groups of unruly supporters bearing a wide variety of primitive weapons. Some sport exotic names.</p>
<p>&quot;You cannot dissociate the violence at a soccer stadium from Romania's social violence,&quot; junior Sports Minister Emeric Ienei, a former Romanian national team coach, told Reuters.</p>
<p>&quot;If soccer is considered important, Romania's entire social fabric is in danger because violence in the stadiums is getting worse and worse.&quot;</p>
<p>This month supporters of Dinamo Bucharest started fires at the stadium of their main rival, Steaua Bucharest. They destroyed 700 seats before police herded them into a parking lot and pinpointed the troublemakers.</p>
<p>FANS SMUGGLE INCENDIARY BOMBS INTO STADIUM</p>
<p>Initial enquiries show the crowds were highly organised. Hundreds of fans sneaked primitive incendiary bombs past guards at the stadium -- in soft drink cans hidden in big base drums.</p>
<p>&quot;We filled the cans with furniture varnish, which is inflamable and produces dense smoke,&quot; a Dinamo supporter told a local television channel.</p>
<p>Leaflets pasted on buildings before the game urged Dinamo fans: &quot;Whoever is with us is against Steaua. Let's blow up Steaua stadium!&quot;</p>
<p>Soccer authorities took quick action, ordering Dinamo to pay $20,000 for repairs. The club also got a $1,500 fine and was told to play its next two home games behind closed doors.</p>
<p>The courts may go even further. Fifty-nine fans remain in custody and could face up to 10 years in jail if convicted of arson. About 1,000 others got off with fines of up to $17, in a country where average monthly wages are less than $80.</p>
<p>On Romania's increasingly crime-ridden streets, soccer gangs roam before and after matches, smashing shop windows and car windscreens and sometimes hijacking buses.</p>
<p>Some adopt names like &quot;Red Brigades&quot;, &quot;Dracula Commando&quot; or &quot;New Ultra Army&quot;.</p>
<p>They seem little driven by the politics which used to motivate some Romanians to use soccer as a cloak to shout slogans against communist authority.</p>
<p>But plenty of &quot;class consciousness&quot; remains.</p>
<p>OLD RIVALRIES, HATREDS REMAIN</p>
<p>Fans of Steaua, traditionally representing the army, denounce supporters from Dinamo, long linked with the Interior Ministry, as &quot;red dogs&quot;, the same taunt they used against the pervasive Securitate police under dictator Nicolae Ceausescu.</p>
<p>Rapid Bucharest, the &quot;working class&quot; team associated with railway employees and the Transport Ministry, despises both its rivals in the capital as defenders of the &quot;ruling classes&quot;.</p>
<p>Outside Bucharest, Universitatea Craiova, has the most feared fans. The club was ordered to play four consecutive home matches at a neutral stadium after their supporters smashed cars and buses in the southwestern city.</p>
<p>In the most violent incident of recent years, Rapid fans hurled stones at a train carrying supporters back to Pitesti two years ago. One person was killed and three carriages destroyed. A 16 year-old Steaua supporter was killed the same year in a knife fight with Rapid fans.</p>
<p>Soccer officials say part of the explanation for the increased violence may lie with the general decline in the national game. Dozens of talented players have been lured abroad by clubs paying top salaries and average attendance at matches has plunged to 3,000 from 16,000 in 1989.</p>
<p>&quot;Romanians were frustrated for so long by communist oppression and are now following their instincts when they enter a stadium,&quot; the Romanian Soccer Federation's General Secretary, Adalbert Kassai, told Reuters.</p>
<p>He said fans were abetted by coaches, trainers and even bad refereeing.</p>
<p>&quot;Team officials have often incited supporters by showing complete disregard for officiating decisions,&quot; he said. &quot;The Federation has tried to act by banning referees after bad calls, sometimes for up to 12 matches. But these did not produce the right results.&quot;</p>
<p>This has even had international repercussions. No Romanian referee has been asked by FIFA or UEFA to officiate European or World Cup finals since the 1990 World Cup in Italy.</p>
</text>
<copyright>(c) Reuters Limited 1997</copyright>
<metadata>
<codes class="bip:countries:1.0">
  <code code="ROM">
    <editdetail attribution="Reuters BIP Coding Group" action="confirmed" date="1997-05-25"/>
  </code>
</codes>
<codes class="bip:topics:1.0">
  <code code="GCAT">
    <editdetail attribution="Reuters BIP Coding Group" action="confirmed" date="1997-05-25"/>
  </code>
  <code code="GCRIM">
    <editdetail attribution="Reuters BIP Coding Group" action="confirmed" date="1997-05-25"/>
  </code>
</codes>
<dc element="dc.date.created" value="1997-05-25"/>
<dc element="dc.publisher" value="Reuters Holdings Plc"/>
<dc element="dc.date.published" value="1997-05-25"/>
<dc element="dc.source" value="Reuters"/>
<dc element="dc.creator.location" value="BUCHAREST"/>
<dc element="dc.creator.location.country.name" value="ROMANIA"/>
<dc element="dc.source" value="Reuters"/>
</metadata>
</newsitem>
