<?xml version="1.0" encoding="iso-8859-1" ?>
<newsitem itemid="612757" id="root" date="1997-05-25" xml:lang="en">
<title>MEXICO: Ex-president Salinas plans return to Mexico.</title>
<headline>Ex-president Salinas plans return to Mexico.</headline>
<dateline>MEXICO CITY 1997-05-25</dateline>
<text>
<p>Mexico's former president Carlos Salinas De Gortari has said he plans to return to Mexico soon from self-imposed exile in Ireland.</p>
<p>&quot;Shortly I will be in Mexico,&quot; Salinas said in a interview with Processo magazine, published on Sunday. &quot;I don't want nor have any other destination.&quot;</p>
<p>Salinas left the president's office in December 1994 at the peak of his popularity, but an economic crisis and the arrest of his brother on various criminal charges helped tarnish his image.</p>
<p>The ex-president became a lightening rod for much of the discontent over the recession and political uncertainty that has bothered Mexico recently.</p>
</text>
<copyright>(c) Reuters Limited 1997</copyright>
<metadata>
<codes class="bip:countries:1.0">
  <code code="MEX">
    <editdetail attribution="Reuters BIP Coding Group" action="confirmed" date="1997-05-25"/>
  </code>
</codes>
<codes class="bip:topics:1.0">
  <code code="GCAT">
    <editdetail attribution="Reuters BIP Coding Group" action="confirmed" date="1997-05-25"/>
  </code>
  <code code="GPOL">
    <editdetail attribution="Reuters BIP Coding Group" action="confirmed" date="1997-05-25"/>
  </code>
</codes>
<dc element="dc.date.created" value="1997-05-25"/>
<dc element="dc.publisher" value="Reuters Holdings Plc"/>
<dc element="dc.date.published" value="1997-05-25"/>
<dc element="dc.source" value="Reuters"/>
<dc element="dc.creator.location" value="MEXICO CITY"/>
<dc element="dc.creator.location.country.name" value="MEXICO"/>
<dc element="dc.source" value="Reuters"/>
</metadata>
</newsitem>
