<?xml version="1.0" encoding="iso-8859-1" ?>
<newsitem itemid="612744" id="root" date="1997-05-25" xml:lang="en">
<title>SLOVAKIA: Slovak premier says referendum foiled, turnout low.</title>
<headline>Slovak premier says referendum foiled, turnout low.</headline>
<dateline>BRATISLAVA 1997-05-25</dateline>
<text>
<p>Prime Minister Vladimir Meciar on Sunday blamed his opponents for &quot;chaos&quot; in a referendum on NATO membership and said Slovakia had missed an important opportunity to show it wanted to join the alliance.</p>
<p>&quot;The referendum was important to show who was in favour of NATO and who was trying to prevent this. It was possible to reach a decision which would be favourable to the Slovak Republic but this was foiled,&quot; Meciar told a news conference, adding turnout in the vote was less than 10 percent.  </p>
<p>Two days of voting ended in confusion on Saturday after a separate question on whether the president should be directly elected was struck off the ballot at the last minute. Results have yet to be announced but a referendum requires a turnout of more than 50 percent to be valid.</p>
<p>Meciar said that of those who did vote, some 147,000 had voted for NATO membership and 170,000 against. Slovakia has 3.8 million eligible voters.</p>
<p>Meciar, who opposed amending the way the president is elected, defended Interior Minister Gustav Krajci's decision to remove the question.</p>
<p>&quot;The chaos began when...political parties and the president wrote to the mayors telling them to ignore the government,&quot; Meciar said. President Michal Kovac had urged voters not to accept ballot papers without the presidential election question.</p>
</text>
<copyright>(c) Reuters Limited 1997</copyright>
<metadata>
<codes class="bip:countries:1.0">
  <code code="NATO">
    <editdetail attribution="Reuters BIP Coding Group" action="confirmed" date="1997-05-25"/>
  </code>
  <code code="SLVAK">
    <editdetail attribution="Reuters BIP Coding Group" action="confirmed" date="1997-05-25"/>
  </code>
</codes>
<codes class="bip:topics:1.0">
  <code code="GCAT">
    <editdetail attribution="Reuters BIP Coding Group" action="confirmed" date="1997-05-25"/>
  </code>
  <code code="GPOL">
    <editdetail attribution="Reuters BIP Coding Group" action="confirmed" date="1997-05-25"/>
  </code>
  <code code="GVOTE">
    <editdetail attribution="Reuters BIP Coding Group" action="confirmed" date="1997-05-25"/>
  </code>
</codes>
<dc element="dc.date.created" value="1997-05-25"/>
<dc element="dc.publisher" value="Reuters Holdings Plc"/>
<dc element="dc.date.published" value="1997-05-25"/>
<dc element="dc.source" value="Reuters"/>
<dc element="dc.creator.location" value="BRATISLAVA"/>
<dc element="dc.creator.location.country.name" value="SLOVAKIA"/>
<dc element="dc.source" value="Reuters"/>
</metadata>
</newsitem>
