<?xml version="1.0" encoding="iso-8859-1" ?>
<newsitem itemid="612752" id="root" date="1997-05-25" xml:lang="en">
<title>MEXICO: Four killed in clash between rebels, Mexican troops.</title>
<headline>Four killed in clash between rebels, Mexican troops.</headline>
<byline>Heriberto Ochoa</byline>
<dateline>ACAPULCO, Mexico 1997-05-25</dateline>
<text>
<p>Four people were killed and three wounded on Saturday when left-wing guerrillas ambushed Mexican troops in a mountainous area of the southwestern state of Guerrero, the government said.</p>
<p>A Defence Ministry statement said the clash took place just after 3 p.m. local time (2000 GMT) when rebels from the Popular Revolutionary Army (EPR) attacked troops near the town of Tepozonalco.</p>
<p>The statement said two army sergeants and two guerrillas carrying AK-47 assault rifles died in the clash, which took place about 62 miles (100 km) east of the state capital Chilpancingo.</p>
<p>Three army doctors were also injured in the ambush, which the statement said came as the army patrol returned from helping victims of a heavy hailstorm in the region.</p>
<p>Passengers on a bus who witnessed the clash, however, said the incident was not an ambush but an attack by troops who surprised EPR rebels handing out propaganda leaflets to drivers on the road.</p>
<p>One official told Reuters that 10 troops were wounded in the attack, four of them seriously, but the higher number could not immediately be confirmed.</p>
<p>The news became public when a taxi driver picked up a police radio transmission reporting the attack and confirming that the guerrillas had been distributing propaganda along the road.</p>
<p>A state police officer said the authorities had started an intensive ground and helicopter search for the guerrillas.</p>
<p>The clash was the first reported this year between the military and the EPR, which sprang up in late June 1996 calling for a Marxist popular uprising to overthrow the federal government.</p>
<p>After a series of attacks at the end of August and sporadic shootings thereafter, the group lapsed into relative inactivity this year, saying it would concentrate on &quot;armed propaganda&quot; instead.</p>
<p>But a few weeks ago, EPR leaders warned reporters that armed conflict was &quot;imminent&quot; because of what they termed continuing hostilities by the government of President Ernesto Zedillo.</p>
</text>
<copyright>(c) Reuters Limited 1997</copyright>
<metadata>
<codes class="bip:countries:1.0">
  <code code="MEX">
    <editdetail attribution="Reuters BIP Coding Group" action="confirmed" date="1997-05-25"/>
  </code>
</codes>
<codes class="bip:topics:1.0">
  <code code="GCAT">
    <editdetail attribution="Reuters BIP Coding Group" action="confirmed" date="1997-05-25"/>
  </code>
  <code code="GVIO">
    <editdetail attribution="Reuters BIP Coding Group" action="confirmed" date="1997-05-25"/>
  </code>
</codes>
<dc element="dc.date.created" value="1997-05-25"/>
<dc element="dc.publisher" value="Reuters Holdings Plc"/>
<dc element="dc.date.published" value="1997-05-25"/>
<dc element="dc.source" value="Reuters"/>
<dc element="dc.creator.location" value="ACAPULCO, Mexico"/>
<dc element="dc.creator.location.country.name" value="MEXICO"/>
<dc element="dc.source" value="Reuters"/>
</metadata>
</newsitem>
