<?xml version="1.0" encoding="iso-8859-1" ?>
<newsitem itemid="612857" id="root" date="1997-05-25" xml:lang="en">
<title>THAILAND: Thai finmin says two-tier baht market temporary.</title>
<headline>Thai finmin says two-tier baht market temporary.</headline>
<dateline>PATTAYA, Thailand 1997-05-25</dateline>
<text>
<p>Thailand's Finance Minister Amnuay Viravan said on Sunday that the current two-tier market for baht trading was temporary and aimed at protecting national interest.</p>
<p>Under the current informal two-tier system for baht trading which came about after the central bank cut off baht supply to offshore players 10 days ago following a speculative attack, there are effectively two rates quoted for the baht/dollar.</p>
<p>One rate is quoted locally while the other is quoted offshore and foreign players have to pay higher rates.  </p>
<p>&quot;We need an effective monetary system to facilitate our business. Currently there is a two-tier market because the Bank of Thailand is exercising measures to protect the country from outside threat,&quot; Amnuay told reporters.</p>
<p>&quot;This measure should be temporary, while more long term and effective measures are being formulated. But we have no idea of creating multiple systems,&quot; he added.</p>
<p>The two-tier system came about after the last speculative attack on the baht.</p>
<p>Amnuay's statement contrasted sharply with that made earlier on Sunday by the head of the Thai Bankers Association, Olarn Chaiprawat who believed a formal two-tier market was likely for baht trading in the future.</p>
<p>Olarn said that the central bank was expected to come up with new measures to formally separate the offshore and onshore foreign exchange markets and he downplayed concerns that such a system could affect capital inflows needed to finance Thailand's current account deficit.</p>
<p>The Bank of Thailand is due to hold a press conference on Monday to announced unspecified monetary measures and guidelines for new consolidations in the financial sector after the collapse of the planned mega-merger between finance company Finance One Plc and Thai Danu Bank Plc.</p>
</text>
<copyright>(c) Reuters Limited 1997</copyright>
<metadata>
<codes class="bip:countries:1.0">
  <code code="THAIL">
    <editdetail attribution="Reuters BIP Coding Group" action="confirmed" date="1997-05-25"/>
  </code>
</codes>
<codes class="bip:industries:1.0">
  <code code="I81402">
    <editdetail attribution="Reuters BIP Coding Group" action="confirmed" date="1997-05-25"/>
  </code>
  <code code="I83100">
    <editdetail attribution="Reuters BIP Coding Group" action="confirmed" date="1997-05-25"/>
  </code>
</codes>
<codes class="bip:topics:1.0">
  <code code="C13">
    <editdetail attribution="Reuters BIP Coding Group" action="confirmed" date="1997-05-25"/>
  </code>
  <code code="C18">
    <editdetail attribution="Reuters BIP Coding Group" action="confirmed" date="1997-05-25"/>
  </code>
  <code code="C181">
    <editdetail attribution="Reuters BIP Coding Group" action="confirmed" date="1997-05-25"/>
  </code>
  <code code="CCAT">
    <editdetail attribution="Reuters BIP Coding Group" action="confirmed" date="1997-05-25"/>
  </code>
  <code code="E12">
    <editdetail attribution="Reuters BIP Coding Group" action="confirmed" date="1997-05-25"/>
  </code>
  <code code="ECAT">
    <editdetail attribution="Reuters BIP Coding Group" action="confirmed" date="1997-05-25"/>
  </code>
  <code code="M13">
    <editdetail attribution="Reuters BIP Coding Group" action="confirmed" date="1997-05-25"/>
  </code>
  <code code="M132">
    <editdetail attribution="Reuters BIP Coding Group" action="confirmed" date="1997-05-25"/>
  </code>
  <code code="MCAT">
    <editdetail attribution="Reuters BIP Coding Group" action="confirmed" date="1997-05-25"/>
  </code>
</codes>
<dc element="dc.date.created" value="1997-05-25"/>
<dc element="dc.publisher" value="Reuters Holdings Plc"/>
<dc element="dc.date.published" value="1997-05-25"/>
<dc element="dc.source" value="Reuters"/>
<dc element="dc.creator.location" value="PATTAYA, Thailand"/>
<dc element="dc.creator.location.country.name" value="THAILAND"/>
<dc element="dc.source" value="Reuters"/>
</metadata>
</newsitem>
