<?xml version="1.0" encoding="iso-8859-1" ?>
<newsitem itemid="612805" id="root" date="1997-05-25" xml:lang="en">
<title>NEW ZEALAND: Blue Star has 10 pct of McCollam.</title>
<headline>Blue Star has 10 pct of McCollam.</headline>
<dateline>WELLINGTON 1996-05-26</dateline>
<text>
<p>Blue Star Office Technology, part of the U.S. Office Products Co vehicle bidding for New Zealand's McCollam Printers Ltd, had a voting stake equivalent to 9.99 percent as of Friday, the firms said in a stock exchange statement published on Monday.</p>
<p>Blue Star announced 10 days ago it planned to set a takeover bid for McCollam to be based on a public offer at NZ$2.75 per share, with separate arrangements for a family-held 38 percent stake.  </p>
<p>The statement said Blue Star had bought 2.37 million shares on the market at $2.73 last Friday to raise its stake to the new level.</p>
<p>--Wellington newsroom +64 4 471 4273</p>
</text>
<copyright>(c) Reuters Limited 1997</copyright>
<metadata>
<codes class="bip:countries:1.0">
  <code code="NZ">
    <editdetail attribution="Reuters BIP Coding Group" action="confirmed" date="1997-05-25"/>
  </code>
</codes>
<codes class="bip:industries:1.0">
  <code code="I47500">
    <editdetail attribution="Reuters BIP Coding Group" action="confirmed" date="1997-05-25"/>
  </code>
  <code code="I49540">
    <editdetail attribution="Reuters BIP Coding Group" action="confirmed" date="1997-05-25"/>
  </code>
</codes>
<codes class="bip:topics:1.0">
  <code code="C18">
    <editdetail attribution="Reuters BIP Coding Group" action="confirmed" date="1997-05-25"/>
  </code>
  <code code="C181">
    <editdetail attribution="Reuters BIP Coding Group" action="confirmed" date="1997-05-25"/>
  </code>
  <code code="CCAT">
    <editdetail attribution="Reuters BIP Coding Group" action="confirmed" date="1997-05-25"/>
  </code>
</codes>
<dc element="dc.date.created" value="1996-05-26"/>
<dc element="dc.publisher" value="Reuters Holdings Plc"/>
<dc element="dc.date.published" value="1997-05-25"/>
<dc element="dc.source" value="Reuters"/>
<dc element="dc.creator.location" value="WELLINGTON"/>
<dc element="dc.creator.location.country.name" value="NEW ZEALAND"/>
<dc element="dc.source" value="Reuters"/>
</metadata>
</newsitem>
