<?xml version="1.0" encoding="iso-8859-1" ?>
<newsitem itemid="612865" id="root" date="1997-05-25" xml:lang="en">
<title>THAILAND: Thai 1997 rice exports seen at 5.0 mln tonnes.</title>
<headline>Thai 1997 rice exports seen at 5.0 mln tonnes.</headline>
<dateline>PATTAYA, Thailand 1997-05-25</dateline>
<text>
<p>Thailand projected that rice exports this year will fall short of the target of 5.5 million tonnes, reaching only 5.0 million tonnes, a senior commerce ministry official said on Sunday.  </p>
<p>Pracha Charutrakulchai, the commerce ministry's director general of foreign trade department, attributed the slowdown of rice export to lower global demand for rice.</p>
<p>&quot;According to world foods organisation's estimate, the world rice trade this year will fall to 17 million tonnes from 19 million tonnes last year,&quot; Pracha said.</p>
<p>He said Thailand has no problem with the high-quality rice, but is facing more competition from lower-cost producers in lower quality markets.</p>
<p>Pracha said China remains Thailand's major market for top quality rice, while there are more buying interest from the Middle East and Africa.</p>
<p>The government is ecouraging the industry to produce good-quality rice and at the same time will look for more low-quality rice markets for exporters, he said.</p>
<p>-- Anchalee Kertsawang (662) 652-0642</p>
</text>
<copyright>(c) Reuters Limited 1997</copyright>
<metadata>
<codes class="bip:countries:1.0">
  <code code="THAIL">
    <editdetail attribution="Reuters BIP Coding Group" action="confirmed" date="1997-05-25"/>
  </code>
</codes>
<codes class="bip:industries:1.0">
  <code code="I01001">
    <editdetail attribution="Reuters BIP Coding Group" action="confirmed" date="1997-05-25"/>
  </code>
  <code code="I0100132">
    <editdetail attribution="Reuters BIP Coding Group" action="confirmed" date="1997-05-25"/>
  </code>
</codes>
<codes class="bip:topics:1.0">
  <code code="C31">
    <editdetail attribution="Reuters BIP Coding Group" action="confirmed" date="1997-05-25"/>
  </code>
  <code code="C312">
    <editdetail attribution="Reuters BIP Coding Group" action="confirmed" date="1997-05-25"/>
  </code>
  <code code="CCAT">
    <editdetail attribution="Reuters BIP Coding Group" action="confirmed" date="1997-05-25"/>
  </code>
  <code code="M14">
    <editdetail attribution="Reuters BIP Coding Group" action="confirmed" date="1997-05-25"/>
  </code>
  <code code="M141">
    <editdetail attribution="Reuters BIP Coding Group" action="confirmed" date="1997-05-25"/>
  </code>
  <code code="MCAT">
    <editdetail attribution="Reuters BIP Coding Group" action="confirmed" date="1997-05-25"/>
  </code>
</codes>
<dc element="dc.date.created" value="1997-05-25"/>
<dc element="dc.publisher" value="Reuters Holdings Plc"/>
<dc element="dc.date.published" value="1997-05-25"/>
<dc element="dc.source" value="Reuters"/>
<dc element="dc.creator.location" value="PATTAYA, Thailand"/>
<dc element="dc.creator.location.country.name" value="THAILAND"/>
<dc element="dc.source" value="Reuters"/>
</metadata>
</newsitem>
