<?xml version="1.0" encoding="iso-8859-1" ?>
<newsitem itemid="612823" id="root" date="1997-05-25" xml:lang="en">
<title>USA: New Era of Networks amends IPO registration.</title>
<headline>New Era of Networks amends IPO registration.</headline>
<dateline>ENGLEWOOD, Colo. 1997-05-25</dateline>
<text>
<p>New Era of Networks Inc said it filed an amendment to its registration statement with the Securities and Exchange Commission regarding a proposed 2.3 million share initial public offering.</p>
<p>The offering price of the stock was expected to be between $10 and $12 per share, with UBS Securities and Cowen &amp; Co as managing underwriters.</p>
<p>On January 22, New Era filed an initial public offering for 3.3 million shares.</p>
<p>All shares would be offered by the company and proceeds would be used to repay debt and for general corporate purposes, including working capital.</p>
<p>New Era develops, markets and supports application integration software and provides application integration services. The company was not immediately available for further comment.</p>
<p>((--New York newsdesk 212-859-1610))</p>
</text>
<copyright>(c) Reuters Limited 1997</copyright>
<metadata>
<codes class="bip:countries:1.0">
  <code code="USA">
    <editdetail attribution="Reuters BIP Coding Group" action="confirmed" date="1997-05-25"/>
  </code>
</codes>
<codes class="bip:industries:1.0">
  <code code="I33020">
    <editdetail attribution="Reuters BIP Coding Group" action="confirmed" date="1997-05-25"/>
  </code>
</codes>
<codes class="bip:topics:1.0">
  <code code="C17">
    <editdetail attribution="Reuters BIP Coding Group" action="confirmed" date="1997-05-25"/>
  </code>
  <code code="C171">
    <editdetail attribution="Reuters BIP Coding Group" action="confirmed" date="1997-05-25"/>
  </code>
  <code code="CCAT">
    <editdetail attribution="Reuters BIP Coding Group" action="confirmed" date="1997-05-25"/>
  </code>
</codes>
<dc element="dc.date.created" value="1997-05-25"/>
<dc element="dc.publisher" value="Reuters Holdings Plc"/>
<dc element="dc.date.published" value="1997-05-25"/>
<dc element="dc.source" value="Reuters"/>
<dc element="dc.creator.location" value="ENGLEWOOD, Colo."/>
<dc element="dc.creator.location.country.name" value="USA"/>
<dc element="dc.source" value="Reuters"/>
</metadata>
</newsitem>
