<?xml version="1.0" encoding="iso-8859-1" ?>
<newsitem itemid="612816" id="root" date="1997-05-25" xml:lang="en">
<title>USA: Founders Asset Management seeks buyer - Barron's.</title>
<headline>Founders Asset Management seeks buyer - Barron's.</headline>
<dateline>NEW YORK 1997-05-25</dateline>
<text>
<p>Founders Asset Management in Denver, Colo. has hired investment banking firm Putman Lovell &amp; Thornton to find a buyer, Barron's investor weekly newspaper reported in its May 26 edition.</p>
<p>Accoring to people familiar with the situation, it could sell for as much as $150 million to $200 million, the newspaper said.</p>
<p>A Founders spokesman was quoted in the newspaper as saying: &quot;It's not hard to imagine people would be interested in the company.&quot; But he was quoted as declining to comment on the plans of Founders' chairman and largest shareholder Bjorn Erik Borgen.</p>
<p>Barron's also said Portland-based Crabbe Huson Group hired Goldman Sachs to sell off part of its mutual fund operations, which could fetch over $10 million.</p>
<p>James Crabbe, president of the group, was quoted as saying: &quot;We've asked Goldman Sachs what kind of distribution alternatives are available for our mutual funds.&quot;</p>
<p>Barron's said Crabbe was considering selling part of the fund's operation but did not plan to surrender control of the company.</p>
<p>((New York newsdesk 212-859-1610))</p>
</text>
<copyright>(c) Reuters Limited 1997</copyright>
<metadata>
<codes class="bip:countries:1.0">
  <code code="USA">
    <editdetail attribution="Reuters BIP Coding Group" action="confirmed" date="1997-05-25"/>
  </code>
</codes>
<codes class="bip:industries:1.0">
  <code code="I81402">
    <editdetail attribution="Reuters BIP Coding Group" action="confirmed" date="1997-05-25"/>
  </code>
  <code code="I81502">
    <editdetail attribution="Reuters BIP Coding Group" action="confirmed" date="1997-05-25"/>
  </code>
</codes>
<codes class="bip:topics:1.0">
  <code code="C11">
    <editdetail attribution="Reuters BIP Coding Group" action="confirmed" date="1997-05-25"/>
  </code>
  <code code="C18">
    <editdetail attribution="Reuters BIP Coding Group" action="confirmed" date="1997-05-25"/>
  </code>
  <code code="C181">
    <editdetail attribution="Reuters BIP Coding Group" action="confirmed" date="1997-05-25"/>
  </code>
  <code code="C33">
    <editdetail attribution="Reuters BIP Coding Group" action="confirmed" date="1997-05-25"/>
  </code>
  <code code="CCAT">
    <editdetail attribution="Reuters BIP Coding Group" action="confirmed" date="1997-05-25"/>
  </code>
</codes>
<dc element="dc.date.created" value="1997-05-25"/>
<dc element="dc.publisher" value="Reuters Holdings Plc"/>
<dc element="dc.date.published" value="1997-05-25"/>
<dc element="dc.source" value="Reuters"/>
<dc element="dc.creator.location" value="NEW YORK"/>
<dc element="dc.creator.location.country.name" value="USA"/>
<dc element="dc.source" value="Reuters"/>
</metadata>
</newsitem>
