<?xml version="1.0" encoding="iso-8859-1" ?>
<newsitem itemid="612898" id="root" date="1997-05-25" xml:lang="en">
<title>THAILAND: Thailand's Tuntex sees turnaround in 1997.</title>
<headline>Thailand's Tuntex sees turnaround in 1997.</headline>
<byline>Anuchit Nguyen</byline>
<dateline>BANGKOK 1997-05-25</dateline>
<text>
<p>Loss-making Thai polyester fibre maker, Tuntex (Thailand) Plc, sees its operation raking in profits this year on rising polyester prices and its planned expansion of production capacity.</p>
<p>Tuntex (Thailand), an affiliate of Taiwan's Tuntex Distinct group, last week announced a net profit of 26 million baht ($1 million) in the first quarter of 1997 compared with a loss of 258 million baht in the same quarter in 1996.</p>
<p>&quot;The company will have a profit this year. Our first quarter is okay, but the second half (earnings) will be better,&quot; Vicha Trakulmungkicharan, senior manager of the administration division of the Tuntex group, told Reuters in an interview.</p>
<p>In 1996, Tuntex reported a substantial loss of 787.7 million baht against a profit of 289 million in the previous year.</p>
<p>Vicha said the loss incurred in 1996 was due to slumping world prices of polyester but this year prices had picked up.</p>
<p>&quot;The polyester price has steadily risen by 20-30 percent since the fourth quarter last year and is likely to rise even further,&quot; he said.</p>
<p>Tuntex would expand its production capacity to 660 tonnes per day from the existing 300 tonnes. The expansion is scheduled to be completed in October this year, he added.</p>
<p>Of Tuntex's total production, Vicha said 60-70 percent would be sold in the local market, in which Tuntex has about 30 percent share, while the remainder would be exported.</p>
<p>&quot;Polyester is quite in oversupply (in Thailand) as most local producers have increased their production capacity. We have to look for new export markets,&quot; Vicha said.</p>
<p>The new potential export markets included Indochinese countries and the United States, he said.</p>
<p>Tuntex now exports mainly to India and Pakistan, he said.</p>
<p>Tuntex's unit, Tuntex Petrochemical (Thailand) Co Ltd, is investing $2.8 billion to build two plants to make raw materials for polyester production.</p>
<p>A total of $2 billion will be invested in building a paraxylene plant and $800 million in building a pure terephthalic acid (PTA) plant.</p>
<p>Tuntex plans to start building the two plants by the end of this year, with completion seen in 2000.</p>
<p>PTA is a raw material for producing polyester fibre, while paraxylene is a raw material for making PTA.</p>
<p>The paraxylene plant will have an annual production capacity of 800,000 tonnes, while the PTA plant would have an annual capacity of 900,000 tonnes.</p>
<p>Vicha said Tuntex plans to list Tuntex Petrochemical on the stock exchange by offering 87.5 million shares to the public. The proceeds from the initial public offering will be used to refinance its high-interest debts borrowed for the construction of its new plants.</p>
<p>Tuntex currently holds a 52 percent stake in Tuntex Petrochemical but that would be reduced to about 40 percent after the IPO, he added.</p>
<p>&quot;But Tuntex Petrochemical's IPO plan remains uncertain. We have to wait and see (what) the market conditions (are),&quot; Vicha said.</p>
<p>The bearish mood in the bourse, which has plummeted to a near eight-year low, has marred the company's flotation, he said.</p>
<p>Analysts said the outlook for Tuntex's shares was attractive following the rise in polyester prices.</p>
<p>&quot;Polyester prices are picking up. That's why Tuntex had a good profit in the first quarter,&quot; said Visit Ongpipattanakul, an analyst at HSBC James Capel.</p>
<p>But analysts added the entry of new PTA producers in the future would have some adverse effect on its affiliate, Tuntex Petrochemical, as intensifying competition would lead to an expected decline in PTA prices.</p>
<p>Tuntex Petrochemical is the only PTA producer in Thailand.</p>
<p>($1 = 26 baht)</p>
<p>-- Bangkok newsroom (662) 652-0642</p>
</text>
<copyright>(c) Reuters Limited 1997</copyright>
<metadata>
<codes class="bip:countries:1.0">
  <code code="THAIL">
    <editdetail attribution="Reuters BIP Coding Group" action="confirmed" date="1997-05-25"/>
  </code>
</codes>
<codes class="bip:industries:1.0">
  <code code="I26000">
    <editdetail attribution="Reuters BIP Coding Group" action="confirmed" date="1997-05-25"/>
  </code>
</codes>
<codes class="bip:topics:1.0">
  <code code="C11">
    <editdetail attribution="Reuters BIP Coding Group" action="confirmed" date="1997-05-25"/>
  </code>
  <code code="C15">
    <editdetail attribution="Reuters BIP Coding Group" action="confirmed" date="1997-05-25"/>
  </code>
  <code code="C152">
    <editdetail attribution="Reuters BIP Coding Group" action="confirmed" date="1997-05-25"/>
  </code>
  <code code="C24">
    <editdetail attribution="Reuters BIP Coding Group" action="confirmed" date="1997-05-25"/>
  </code>
  <code code="CCAT">
    <editdetail attribution="Reuters BIP Coding Group" action="confirmed" date="1997-05-25"/>
  </code>
</codes>
<dc element="dc.date.created" value="1997-05-25"/>
<dc element="dc.publisher" value="Reuters Holdings Plc"/>
<dc element="dc.date.published" value="1997-05-25"/>
<dc element="dc.source" value="Reuters"/>
<dc element="dc.creator.location" value="BANGKOK"/>
<dc element="dc.creator.location.country.name" value="THAILAND"/>
<dc element="dc.source" value="Reuters"/>
</metadata>
</newsitem>
