<?xml version="1.0" encoding="iso-8859-1" ?>
<newsitem itemid="612973" id="root" date="1997-05-25" xml:lang="en">
<title>EGYPT: Moslem cleric - Death to Palestinian land sellers.</title>
<headline>Moslem cleric - Death to Palestinian land sellers.</headline>
<dateline>CAIRO 1997-05-25</dateline>
<text>
<p>The head of Islam's most prestigious seat of learning said in remarks published on Sunday that Palestinians who sold their land to Israel were committing &quot;grand treason&quot; and should be executed.</p>
<p>Mohammed Sayed Tantawi, Grand Sheikh of the Cairo-based al-Azhar, was quoted by the official al-Ahram daily as saying he supported &quot;the death penalty for Palestinians who sold their land to Jews&quot;.</p>
<p>The Palestinian Authority, concerned by an Israeli government drive to expand Jewish settlements in the West Bank, this month banned land sales to Jews and its justice minister said a Jordanian law which provides for the death penalty would be applied against offenders.</p>
<p>Israel said last Wednesday it would complain to the U.N. commission on human rights over the land sale ban and death penalty, saying they &quot;reeked of anti-Semitism&quot;.</p>
<p>Palestinians say the purchase of land by Jews and Israeli settlement building in Jerusalem, the rest of the West Bank, and Gaza pre-empts final peace talks on the fate of the occupied areas where they hope to establish an independent state.</p>
<p>Tantawi, considered a liberal among Egyptian Moslem clerics, earlier this month advocated taking Jerusalem by force if peace talks with the Jewish state failed. Those killed in the fighting would be martyrs, he added.</p>
</text>
<copyright>(c) Reuters Limited 1997</copyright>
<metadata>
<codes class="bip:countries:1.0">
  <code code="EGYPT">
    <editdetail attribution="Reuters BIP Coding Group" action="confirmed" date="1997-05-25"/>
  </code>
  <code code="ISRAEL">
    <editdetail attribution="Reuters BIP Coding Group" action="confirmed" date="1997-05-25"/>
  </code>
</codes>
<codes class="bip:topics:1.0">
  <code code="GCAT">
    <editdetail attribution="Reuters BIP Coding Group" action="confirmed" date="1997-05-25"/>
  </code>
  <code code="GREL">
    <editdetail attribution="Reuters BIP Coding Group" action="confirmed" date="1997-05-25"/>
  </code>
  <code code="GVIO">
    <editdetail attribution="Reuters BIP Coding Group" action="confirmed" date="1997-05-25"/>
  </code>
</codes>
<dc element="dc.date.created" value="1997-05-25"/>
<dc element="dc.publisher" value="Reuters Holdings Plc"/>
<dc element="dc.date.published" value="1997-05-25"/>
<dc element="dc.source" value="Reuters"/>
<dc element="dc.creator.location" value="CAIRO"/>
<dc element="dc.creator.location.country.name" value="EGYPT"/>
<dc element="dc.source" value="Reuters"/>
</metadata>
</newsitem>
