<?xml version="1.0" encoding="iso-8859-1" ?>
<newsitem itemid="612906" id="root" date="1997-05-25" xml:lang="en">
<title>THAILAND: Bank of Thailand seen signalling rate cut Monday.</title>
<headline>Bank of Thailand seen signalling rate cut Monday.</headline>
<dateline>PATTAYA, Thailand 1997-05-25</dateline>
<text>
<p>Thai Bankers Association President Olarn Chaiprawat said he expects the Bank of Thailand on Monday to signal an interest rate cut was ahead.</p>
<p>&quot;The Bank of Thailand is expected to make an unequivocal statement on the direction of interest rates, which will go downward,&quot; Olarn told reporters on Sunday, but declined to elaborate.</p>
<p>Bank of Thailand deputy governor Chaiyawat Wibulswasdi said on Friday the central bank would call a press conference at 11.00 am (0400 GMT) on Monday to announce new monetary measures.</p>
<p>He did not elaborate on what measures were planned.  </p>
<p>Olarn who is also the president of Siam Commercial Bank Plc said the central bank is also expected to come up with new measures to formally separate the offshore and onshore foreign exchange markets.</p>
<p>He downplayed concern that such a system could affect capital inflows needed to finance Thailand's current account deficit.</p>
<p>Olarn said Thailand could subscribe to the same forex system as Singapore.</p>
<p>&quot;We encourage non-volatile long-term capital inflow,&quot; Olarn said.  </p>
<p>Olarn said a stable forex market would provide more flexibility in Thailand's interest rate policy in future.</p>
<p>He added that commercial banks were likely to cut their lending rates a few days after the central bank made its statement on Monday.</p>
<p>&quot;But it won't go down as much as 50 basis points in one cut as speculated,&quot; Olarn said.</p>
<p>Olarn said he wants to see the lending rates come down by 100 to 200 basis points this year.</p>
<p>Thailand's minimum lending rate stands at around 12.75-13.00 percent, among the highest in the region. The central bank keeps rates high to encourage capital inflows and to defend the baht against speculative attacks.</p>
<p>&quot;This rate cut will not revive the economy, but at least it can hold the economy,&quot; he said.</p>
<p>&quot;It also depends on a lot of other factors. If you asked me whether I want to see the rates come down. I would say I fight for it everyday. But I'm only one of the horses in the race.&quot;</p>
<p>-- Anchalee Koetsawang (662) 652-0642</p>
</text>
<copyright>(c) Reuters Limited 1997</copyright>
<metadata>
<codes class="bip:countries:1.0">
  <code code="THAIL">
    <editdetail attribution="Reuters BIP Coding Group" action="confirmed" date="1997-05-25"/>
  </code>
</codes>
<codes class="bip:topics:1.0">
  <code code="E12">
    <editdetail attribution="Reuters BIP Coding Group" action="confirmed" date="1997-05-25"/>
  </code>
  <code code="ECAT">
    <editdetail attribution="Reuters BIP Coding Group" action="confirmed" date="1997-05-25"/>
  </code>
</codes>
<dc element="dc.date.created" value="1997-05-25"/>
<dc element="dc.publisher" value="Reuters Holdings Plc"/>
<dc element="dc.date.published" value="1997-05-25"/>
<dc element="dc.source" value="Reuters"/>
<dc element="dc.creator.location" value="PATTAYA, Thailand"/>
<dc element="dc.creator.location.country.name" value="THAILAND"/>
<dc element="dc.source" value="Reuters"/>
</metadata>
</newsitem>
