<?xml version="1.0" encoding="iso-8859-1" ?>
<newsitem itemid="612935" id="root" date="1997-05-25" xml:lang="en">
<title>IRAN: Iran says island dispute with UAE belongs to past.</title>
<headline>Iran says island dispute with UAE belongs to past.</headline>
<dateline>TEHRAN 1997-05-25</dateline>
<text>
<p>Iranian President Akbar Hashemi Rafsanjani on Sunday dismissed the issue of three Gulf islands disputed by the United Arab Emirates as belonging to the past.</p>
<p>But he said Tehran was ready to hold talks with the UAE to clear up any misunderstandings.</p>
<p>&quot;This goes back to 1971 when Iran had some claims over Bahrain and the British were the power bullying in the region and they created these differences,&quot; Rafsanjani told a Tehran news conference.</p>
<p>Britain withdrew its military protection from the Arab side of the Gulf in December 1971, giving rise to the creation of the UAE and other Gulf Arab states.</p>
<p>Tehran and Abu Dhabi dispute ownership of the islands of Abu Musa and Greater and Lesser Tunbs, now held by Iran. Gulf Arab states have long demanded an end to Iranian &quot;occupation&quot; of the islands located near oil tanker routes at the entrance to the Gulf.</p>
<p>&quot;We do not find it expedient to have a revival of problems which existed before the (1979) revolution,&quot; Rafsanjani said.</p>
<p>&quot;But we are ready to have negotiations and whenever they (the UAE) are ready we could continue doing so.&quot;</p>
<p>Rafsanjani said &quot;some prejudices and instigations by the United States and Britain served as an impediment to solving the problem&quot;.</p>
</text>
<copyright>(c) Reuters Limited 1997</copyright>
<metadata>
<codes class="bip:countries:1.0">
  <code code="IRAN">
    <editdetail attribution="Reuters BIP Coding Group" action="confirmed" date="1997-05-25"/>
  </code>
  <code code="UAE">
    <editdetail attribution="Reuters BIP Coding Group" action="confirmed" date="1997-05-25"/>
  </code>
</codes>
<codes class="bip:topics:1.0">
  <code code="GCAT">
    <editdetail attribution="Reuters BIP Coding Group" action="confirmed" date="1997-05-25"/>
  </code>
  <code code="GDIP">
    <editdetail attribution="Reuters BIP Coding Group" action="confirmed" date="1997-05-25"/>
  </code>
</codes>
<dc element="dc.date.created" value="1997-05-25"/>
<dc element="dc.publisher" value="Reuters Holdings Plc"/>
<dc element="dc.date.published" value="1997-05-25"/>
<dc element="dc.source" value="Reuters"/>
<dc element="dc.creator.location" value="TEHRAN"/>
<dc element="dc.creator.location.country.name" value="IRAN"/>
<dc element="dc.source" value="Reuters"/>
</metadata>
</newsitem>
