<?xml version="1.0" encoding="iso-8859-1" ?>
<newsitem itemid="612912" id="root" date="1997-05-25" xml:lang="en">
<title>TURKEY: Afghan warlord Dostum vows to continue struggle.</title>
<headline>Afghan warlord Dostum vows to continue struggle.</headline>
<byline>Daren Butler</byline>
<dateline>ANKARA 1997-05-25</dateline>
<text>
<p>General Abdul Rashid Dostum, ousted from his fiefdom in northern Afghanistan by Islamic Taleban fighters, vowed on Sunday in the Turkish capital to continue the struggle for control of Afghanistan.</p>
<p>&quot;I have been struggling for Afghanistan for 20 years and this struggle will continue,&quot; Dostum, dressed in khaki military fatigues, told reporters in Ankara where he arrived on Sunday morning.</p>
<p>Dostum, accompanied by an entourage of 16, said he had come to Ankara for health reasons and would remain there for some time. But he said he was not planning to seek political asylum in Turkey.</p>
<p>&quot;Our only request from Turkey is that it takes the lead to bring war to an end in Afghanistan,&quot; he said from the lobby of the four-star hotel where he was staying in central Ankara.</p>
<p>Dostum flew to Turkey overnight by private plane from his headquarters in the northern Afghanistan town of Mazar-i-Sharif, from where he was toppled at the weekend in a mutiny led by opposition military leader General Abdul Malik.</p>
<p>Malik was Dostum's deputy until he staged his revolt last Monday in favour of the purist Islamic Taleban movement, which captured the Afghanistan capital last September and went on to take control of most of the war-shattered country.</p>
<p>National Islamic Movement leader Dostum said Malik had staged an &quot;uprising&quot; with financial assistance from Pakistan.</p>
<p>Pakistan on Sunday became the first country to recognise the Taleban movement's government in neighbouring Afghanistan and urged other countries and organisations to do the same.</p>
<p>Afghanistan's seat at the United Nations has been kept by the ousted government of President Burhanuddin Rabbani since the Taleban takeover of Kabul, but its seat in the 54-nation Organisation of Islamic Conference (OIC) has been left vacant.</p>
<p>Turkish State Minister Abdullah Gul, a close aide of Islamist Prime Minister Necmettin Erbakan, held talks with Dostum at his hotel and called for peace in Afghanistan.</p>
<p>&quot;Our wish is that peace be achieved as soon as possible and an end brought to the shedding of blood and tears in Afghanistan,&quot; Gul told reporters.</p>
<p>Turkey was widely reported to have supported the ethnic Uzbek leader Dostum, along with Uzbekistan. Turks and Uzbeks share common ethnic and linguistic links. The secular Turkish establishment has previously expressed concern about the purist Islamist nature of the Taleban movement.</p>
<p>At a news conference in Mazar-i-Sharif at the weekend, Malik promised a new Islamic order in the north and said an Islamic Afghanistan would not threaten Russia or Central Asian republics on its northern frontier.</p>
<p>Malik, speaking a day after his troops entered the northern capital, said his forces were not under Taleban command but there was no difference between them and the Taleban forces.</p>
</text>
<copyright>(c) Reuters Limited 1997</copyright>
<metadata>
<codes class="bip:countries:1.0">
  <code code="AFGH">
    <editdetail attribution="Reuters BIP Coding Group" action="confirmed" date="1997-05-25"/>
  </code>
  <code code="TURK">
    <editdetail attribution="Reuters BIP Coding Group" action="confirmed" date="1997-05-25"/>
  </code>
</codes>
<codes class="bip:topics:1.0">
  <code code="GCAT">
    <editdetail attribution="Reuters BIP Coding Group" action="confirmed" date="1997-05-25"/>
  </code>
  <code code="GVIO">
    <editdetail attribution="Reuters BIP Coding Group" action="confirmed" date="1997-05-25"/>
  </code>
</codes>
<dc element="dc.date.created" value="1997-05-25"/>
<dc element="dc.publisher" value="Reuters Holdings Plc"/>
<dc element="dc.date.published" value="1997-05-25"/>
<dc element="dc.source" value="Reuters"/>
<dc element="dc.creator.location" value="ANKARA"/>
<dc element="dc.creator.location.country.name" value="TURKEY"/>
<dc element="dc.source" value="Reuters"/>
</metadata>
</newsitem>
