<?xml version="1.0" encoding="iso-8859-1" ?>
<newsitem itemid="612948" id="root" date="1997-05-25" xml:lang="en">
<title>ABU DHABI: British Aerospace may invest in UAE leasing firm.</title>
<headline>British Aerospace may invest in UAE leasing firm.</headline>
<dateline>ABU DHABI 1997-05-25</dateline>
<text>
<p>British Aerospace Plc's asset management arm is expected to take a 15 percent stake in a new leasing company with nominal capital of $136 million, based in the United Arab Emirates, industry executives said on Sunday.</p>
<p>UAE member Abu Dhabi on Sunday issued a decree setting up al-Waha International Leasing Co, which will seek leasing deals in the oil-rich Gulf region for a variety of high-ticket items such as commercial aircraft, ships, machinery and power plants.</p>
<p>British Aerospace &quot;is expected to take a 15 percent stake as a strategic partner&quot; in the company, providing wide expertise to the region's infant industry, one executive close to the new firm told Reuters.</p>
<p>The company will issue 50 million shares with a nominal value of 10 dirhams ($2.72) each.</p>
<p>Abu Dhabi state institutions, UAE founders and other Gulf institutions will have a 30 percent share. The founders are led by the UAE Offset Group and Abu Dhabi Investment Company (ADIC).</p>
<p>The remaining 55 percent of the company will be open to an initial public offering next month, said the executives, adding the board of directors would include two senior British Aerospace managers.</p>
<p>The emirate's Abu Dhabi Investment Authority (ADIA) owns about 2.8 percent of British Aerospace, the sources said.</p>
<p>Abu Dhabi &quot;feels that British Aerospace has a good and strong track record in asset management&quot;, one source said.</p>
<p>The founders had earlier this year shortlisted two global leasing firms as potential partners and also studied the possibility of hiring experts in the field to launch the new company on their own.</p>
<p>Abu Dhabi officials have said they expect the leasing concept to appeal to regional states which are trying to cut capital expenditure as their economies gradually recover from the high costs of the 1991 Gulf War and low oil prices.</p>
<p>($1=3.67 dirhams)</p>
</text>
<copyright>(c) Reuters Limited 1997</copyright>
<metadata>
<codes class="bip:countries:1.0">
  <code code="UAE">
    <editdetail attribution="Reuters BIP Coding Group" action="confirmed" date="1997-05-25"/>
  </code>
</codes>
<codes class="bip:industries:1.0">
  <code code="I36400">
    <editdetail attribution="Reuters BIP Coding Group" action="confirmed" date="1997-05-25"/>
  </code>
  <code code="I81502">
    <editdetail attribution="Reuters BIP Coding Group" action="confirmed" date="1997-05-25"/>
  </code>
</codes>
<codes class="bip:topics:1.0">
  <code code="C18">
    <editdetail attribution="Reuters BIP Coding Group" action="confirmed" date="1997-05-25"/>
  </code>
  <code code="C181">
    <editdetail attribution="Reuters BIP Coding Group" action="confirmed" date="1997-05-25"/>
  </code>
  <code code="CCAT">
    <editdetail attribution="Reuters BIP Coding Group" action="confirmed" date="1997-05-25"/>
  </code>
</codes>
<dc element="dc.date.created" value="1997-05-25"/>
<dc element="dc.publisher" value="Reuters Holdings Plc"/>
<dc element="dc.date.published" value="1997-05-25"/>
<dc element="dc.source" value="Reuters"/>
<dc element="dc.creator.location" value="ABU DHABI"/>
<dc element="dc.creator.location.country.name" value="ABU DHABI"/>
<dc element="dc.source" value="Reuters"/>
</metadata>
</newsitem>
