<?xml version="1.0" encoding="iso-8859-1" ?>
<newsitem itemid="612939" id="root" date="1997-05-25" xml:lang="en">
<title>IRAQ: Iraq's Aziz meets Kalmykian republic president.</title>
<headline>Iraq's Aziz meets Kalmykian republic president.</headline>
<dateline>BAGHDAD 1997-05-25</dateline>
<text>
<p>Iraqi Deputy Prime Minister Tareq Aziz met the president of Russia's ethnic republic of Kalmykia, Kirsan Ilyumzhinov, Iraqi newspapers reported on Sunday.</p>
<p>&quot;Aziz appreciates Russia and its Duma's (parliament) efforts to lift the unjust embargo,&quot; al-Thawra, the newspaper of the ruling Baath party, said, adding that Ilyumzhinov called for an end to U.N. sanctions imposed for Iraq's 1990 invasion of Kuwait.</p>
<p>Aziz was in Moscow earlier this month to seek Russia's help in having the curbs removed.</p>
<p>Moscow wants an immediate lifting of the sanctions to revive its once lucrative trade with Baghdad.</p>
<p>Iraq signed an oil deal with Russia in March allowing Russian firms to develop seven to eight billion barrels of reserves in Iraq's southern Qurana oilfield.</p>
<p>The U.N. sanctions ban oil investments but Russian officials said the contract would not start before the end of the curbs.</p>
<p>A team of Russian politicians and businessmen is in Baghdad seeking better ties and business links under Iraq's oil-for-food deal with the United Nations.</p>
<p>The deal, which went into effect in December, allows Iraq to sell $2 billion worth of oil over six months to buy urgent needs for Iraqis.</p>
</text>
<copyright>(c) Reuters Limited 1997</copyright>
<metadata>
<codes class="bip:countries:1.0">
  <code code="IRAQ">
    <editdetail attribution="Reuters BIP Coding Group" action="confirmed" date="1997-05-25"/>
  </code>
  <code code="KUWAIT">
    <editdetail attribution="Reuters BIP Coding Group" action="confirmed" date="1997-05-25"/>
  </code>
  <code code="RUSS">
    <editdetail attribution="Reuters BIP Coding Group" action="confirmed" date="1997-05-25"/>
  </code>
  <code code="UN">
    <editdetail attribution="Reuters BIP Coding Group" action="confirmed" date="1997-05-25"/>
  </code>
</codes>
<codes class="bip:topics:1.0">
  <code code="GCAT">
    <editdetail attribution="Reuters BIP Coding Group" action="confirmed" date="1997-05-25"/>
  </code>
  <code code="GDIP">
    <editdetail attribution="Reuters BIP Coding Group" action="confirmed" date="1997-05-25"/>
  </code>
</codes>
<dc element="dc.date.created" value="1997-05-25"/>
<dc element="dc.publisher" value="Reuters Holdings Plc"/>
<dc element="dc.date.published" value="1997-05-25"/>
<dc element="dc.source" value="Reuters"/>
<dc element="dc.creator.location" value="BAGHDAD"/>
<dc element="dc.creator.location.country.name" value="IRAQ"/>
<dc element="dc.source" value="Reuters"/>
</metadata>
</newsitem>
