<?xml version="1.0" encoding="iso-8859-1" ?>
<newsitem itemid="612997" id="root" date="1997-05-25" xml:lang="en">
<title>USA: Arkansas anteater celebrates record birthday.</title>
<headline>Arkansas anteater celebrates record birthday.</headline>
<byline>Steve Barnes</byline>
<dateline>LITTLE ROCK, Ark. 1997-05-25</dateline>
<text>
<p>Elmer, a five-foot (1.5 metre) black-and-gray Myrmecophaga tridactyla, turned 25 years old on Sunday, becoming the world's oldest anteater in captivity and perhaps the oldest anywhere.</p>
<p>&quot;The life expectancy of an anteater is only about 25 years, and records indicate no other zoo anywhere in the world has one even close to Elmer's age,&quot; said David Westbrook, director of the Little Rock municipal zoo.</p>
<p>The Little Rock zoo, where Elmer has spent virtually his entire life, celebrated his quarter-century on Sunday with a day in his honour. Scores of children and adults surrounded the spacious walled garden that Elmer and six other anteaters call home, and zoo attendants led an impromptu chorus of a rousing rendition of &quot;Happy Birthday.&quot;</p>
<p>But some of the crowd's enthusiasm waned when Elmer was presented a special birthday &quot;cake&quot; -- an oatmeal-coloured concoction of bananas, peanut butter, avocados and meal worms.</p>
<p>&quot;Yecch!&quot; opined Kyle Willis, 5, of Fort Riley, Kansas.</p>
<p>&quot;Gross!&quot; exclaimed Matthew Freeman, 8, of Russellville, Arkansas.</p>
<p>When a zoo employee explained that the anteater's favourite food was actually termites, Jenny Holland, 6, of Little Rock, blurted, &quot;I'd rather have Spam!&quot;</p>
<p>But all present watched in something akin to awe as Elmer enthusiastically slathered the goo into his tiny mouth with his 10-inch (25.4 cm) tongue.</p>
<p>&quot;It looks like a snake!&quot; gasped Adisyn Watson, 8, of Maumelle, Arkansas.</p>
<p>Anteaters are not an endangered species, but their numbers are diminishing, Westbrook said. Only 50 are in captivity in the United States, eight of which are in the Little Rock zoo.</p>
<p>&quot;He looks really young,&quot; said Lynna Smith, 25, of Little Rock.</p>
<p>Elmer acts young as well. Only 10 days ago his late-life virility was demonsrated for the ninth time when his mate, Juanita, gave birth.</p>
</text>
<copyright>(c) Reuters Limited 1997</copyright>
<metadata>
<codes class="bip:countries:1.0">
  <code code="USA">
    <editdetail attribution="Reuters BIP Coding Group" action="confirmed" date="1997-05-25"/>
  </code>
</codes>
<codes class="bip:topics:1.0">
  <code code="GCAT">
    <editdetail attribution="Reuters BIP Coding Group" action="confirmed" date="1997-05-25"/>
  </code>
  <code code="GENV">
    <editdetail attribution="Reuters BIP Coding Group" action="confirmed" date="1997-05-25"/>
  </code>
  <code code="GODD">
    <editdetail attribution="Reuters BIP Coding Group" action="confirmed" date="1997-05-25"/>
  </code>
</codes>
<dc element="dc.date.created" value="1997-05-25"/>
<dc element="dc.publisher" value="Reuters Holdings Plc"/>
<dc element="dc.date.published" value="1997-05-25"/>
<dc element="dc.source" value="Reuters"/>
<dc element="dc.creator.location" value="LITTLE ROCK, Ark."/>
<dc element="dc.creator.location.country.name" value="USA"/>
<dc element="dc.source" value="Reuters"/>
</metadata>
</newsitem>
