<?xml version="1.0" encoding="iso-8859-1" ?>
<newsitem itemid="612944" id="root" date="1997-05-25" xml:lang="en">
<title>ISRAEL: Palestinians think U.S. favours Israel - poll.</title>
<headline>Palestinians think U.S. favours Israel - poll.</headline>
<dateline>JERUSALEM 1997-05-25</dateline>
<text>
<p>An overwhelming number of Palestinians in the West Bank and Gaza Strip think the United States favours Israel in its Middle East East peace mediation, according to a poll published on Sunday.</p>
<p>The poll by the Palestinian Jerusalem Media and Communication Centre (JMCC) showed a drop in support for the peace process with Israel since last month and a decline in the number of Palestinians who felt President Yasser Arafat was doing a good job.</p>
<p>About 91 percent of those polled said they felt the United States, main sponsor of Middle East peace moves, was &quot;biased towards Israel&quot; while 4.1 percent said Washington was neutral.</p>
<p>Under one percent said the United States was siding with the Palestinians.</p>
<p>Members of Arafat's self-rule administration have criticised the United States for failing to put pressure on Israel to halt settlement building in occupied Arab lands.</p>
<p>Information Minister Yasser Abed Rabbo said on Sunday Washington was &quot;disgraceful&quot; for letting Israel go ahead with construction of a 6,500-home settlement in East Jerusalem launched in March which has plunged peacemaking into crisis.</p>
<p>The United States has said both sides must make tough decisions to revive the peacemaking.</p>
<p>Support for the peace process among Palestinians has declined from 73 percent to 69 percent since April, according to the JMCC poll.</p>
<p>Around 26 percent of those questioned said they still backed the peace process which launched limited self-rule in the West Bank and Gaza Strip in 1994.</p>
<p>Asked to assess Arafat's performance as head of the Palestinian Authority, 53.7 percent said it was &quot;good&quot; compared with 67.8 percent last month. Just over 30 percent of those polled described his performance as &quot;average&quot; and 11.6 said it was &quot;bad&quot;.</p>
<p>Nearly 1,200 people were interviewed for the poll, which had a margin of error of three percent, the JMCC said.</p>
</text>
<copyright>(c) Reuters Limited 1997</copyright>
<metadata>
<codes class="bip:countries:1.0">
  <code code="ISRAEL">
    <editdetail attribution="Reuters BIP Coding Group" action="confirmed" date="1997-05-25"/>
  </code>
  <code code="USA">
    <editdetail attribution="Reuters BIP Coding Group" action="confirmed" date="1997-05-25"/>
  </code>
</codes>
<codes class="bip:topics:1.0">
  <code code="GCAT">
    <editdetail attribution="Reuters BIP Coding Group" action="confirmed" date="1997-05-25"/>
  </code>
  <code code="GDIP">
    <editdetail attribution="Reuters BIP Coding Group" action="confirmed" date="1997-05-25"/>
  </code>
  <code code="GPOL">
    <editdetail attribution="Reuters BIP Coding Group" action="confirmed" date="1997-05-25"/>
  </code>
</codes>
<dc element="dc.date.created" value="1997-05-25"/>
<dc element="dc.publisher" value="Reuters Holdings Plc"/>
<dc element="dc.date.published" value="1997-05-25"/>
<dc element="dc.source" value="Reuters"/>
<dc element="dc.creator.location" value="JERUSALEM"/>
<dc element="dc.creator.location.country.name" value="ISRAEL"/>
<dc element="dc.source" value="Reuters"/>
</metadata>
</newsitem>
