<?xml version="1.0" encoding="iso-8859-1" ?>
<newsitem itemid="612917" id="root" date="1997-05-25" xml:lang="en">
<title>TURKEY: Afghan warlord Dostum arrives in Turkish capital.</title>
<headline>Afghan warlord Dostum arrives in Turkish capital.</headline>
<dateline>ANKARA 1997-05-25</dateline>
<text>
<p>General Abdul Rashid Dostum, ousted from his fiefdom in northern Afghanistan by Islamic Taleban fighters, arrived on Sunday in the Turkish capital Ankara, the Turkish Foreign Ministry said.</p>
<p>&quot;General Abdul Rashid Dostum, leader of the National Islamic Movement who left Afghanistan in the wake of the latest developments in northern Afghanistan, arrived in Ankara aboard a civilian plane early this morning,&quot; it said in statement carried by state-run Anatolian news agency.</p>
<p>Witnesses said Dostum arrived with his wife and family.</p>
<p>They said he and his entourage of 16 checked into an Ankara hotel after travelling from the airport in a limousine.</p>
<p>Turkey was widely reported to have supported the ethnic Uzbek leader Dostum, along with Uzbekistan. Turks and Uzbeks share common ethnic and linguistic links.</p>
</text>
<copyright>(c) Reuters Limited 1997</copyright>
<metadata>
<codes class="bip:countries:1.0">
  <code code="AFGH">
    <editdetail attribution="Reuters BIP Coding Group" action="confirmed" date="1997-05-25"/>
  </code>
  <code code="TURK">
    <editdetail attribution="Reuters BIP Coding Group" action="confirmed" date="1997-05-25"/>
  </code>
</codes>
<codes class="bip:topics:1.0">
  <code code="GCAT">
    <editdetail attribution="Reuters BIP Coding Group" action="confirmed" date="1997-05-25"/>
  </code>
  <code code="GDIP">
    <editdetail attribution="Reuters BIP Coding Group" action="confirmed" date="1997-05-25"/>
  </code>
</codes>
<dc element="dc.date.created" value="1997-05-25"/>
<dc element="dc.publisher" value="Reuters Holdings Plc"/>
<dc element="dc.date.published" value="1997-05-25"/>
<dc element="dc.source" value="Reuters"/>
<dc element="dc.creator.location" value="ANKARA"/>
<dc element="dc.creator.location.country.name" value="TURKEY"/>
<dc element="dc.source" value="Reuters"/>
</metadata>
</newsitem>
