<?xml version="1.0" encoding="iso-8859-1" ?>
<newsitem itemid="612932" id="root" date="1997-05-25" xml:lang="en">
<title>ISRAEL: Israeli bonds end up as unlinked yields near low.</title>
<headline>Israeli bonds end up as unlinked yields near low.</headline>
<dateline>TEL AVIV 1997-05-25</dateline>
<text>
<p>Israeli bonds closed higher across the board on Sunday bringing yields on unlinked bonds close to a two-year low, traders said.</p>
<p>Indices:</p>
<p>* Government bonds general: +0.1 pct to 106.51</p>
<p>* CPI-linked government bonds: +0.09 pct to 106.51</p>
<p>* Unlinked government bonds: +0.11 pct to 107.05</p>
<p>* Dollar-linked government bonds: +0.12 pct to 105.27</p>
<p>* Bank of Israel short-term Makam bills: +0.11 pct to 105.63</p>
<p>Volume including Makams was a low 106 million shekels.</p>
<p>&quot;There was surplus demand of 430 million shekels for unlinked bonds including Makams,&quot; said Gidi Halpern of Meitav Investments and Securities. &quot;Yields are at nearly a two-year low. Yields of the Makams are at 13.58 percent and yields for the unlinked bonds are at 13.85 percent.&quot;</p>
<p>Halpern attributed the low yields to expectations of lower interest rates and of a tighter supply of bonds in coming months. The government has been under less pressure to issue bonds because of slimmer budget deficit and a surge in privatisation revenues.</p>
<p>CPI-linked bonds, which also rose on Sunday, are already feeling the impact of tight supply Halpern said. He said prices also rose on fears that after the summer inflation could accelerate again.</p>
<p>April's consumer price index was a low 0.7 percent, and most analysts are expecting continued low inflation at least for the coming three months.</p>
<p>The Bank of Israel will publish its key lending rate for June on Monday. Analysts said on Sunday that interest rates could fall as much as 0.5 percentage point from the current 13.9 percent but warned that the central bank might still decide to hold rates for another month.</p>
<p>Prices of dollar-linked bonds were higher because of a strengthening of the dollar worldwide, said a trader at IBI Investment House.</p>
<p>Note: Makams are zero-coupon unlinked certificates with durations of three months to one year. The Bank of Israel issues Makams to absorb liquidity.</p>
<p>($1 = 3.40 shekels)</p>
<p>- Shoshanna Solomon, Tel Aviv newsroom, 972-3-537-2211 x233</p>
</text>
<copyright>(c) Reuters Limited 1997</copyright>
<metadata>
<codes class="bip:countries:1.0">
  <code code="ISRAEL">
    <editdetail attribution="Reuters BIP Coding Group" action="confirmed" date="1997-05-25"/>
  </code>
</codes>
<codes class="bip:topics:1.0">
  <code code="M12">
    <editdetail attribution="Reuters BIP Coding Group" action="confirmed" date="1997-05-25"/>
  </code>
  <code code="MCAT">
    <editdetail attribution="Reuters BIP Coding Group" action="confirmed" date="1997-05-25"/>
  </code>
</codes>
<dc element="dc.date.created" value="1997-05-25"/>
<dc element="dc.publisher" value="Reuters Holdings Plc"/>
<dc element="dc.date.published" value="1997-05-25"/>
<dc element="dc.source" value="Reuters"/>
<dc element="dc.creator.location" value="TEL AVIV"/>
<dc element="dc.creator.location.country.name" value="ISRAEL"/>
<dc element="dc.source" value="Reuters"/>
</metadata>
</newsitem>
