<?xml version="1.0" encoding="iso-8859-1" ?>
<newsitem itemid="612916" id="root" date="1997-05-25" xml:lang="en">
<title>ISRAEL: Egyptian envoy in Israel ahead of summit.</title>
<headline>Egyptian envoy in Israel ahead of summit.</headline>
<byline>Colleen Siegel</byline>
<dateline>JERUSALEM 1997-05-25</dateline>
<text>
<p>Egyptian President Hosni Mubarak's envoy returned to Israel on Sunday to pave the way for a summit in Egypt with Israeli Prime Minister Benjamin Netanyahu on the crisis in Middle East peacemaking.</p>
<p>Egypt's embassy in Israel said envoy Osama el-Baz was in the country to meet President Ezer Weizman and Netanyahu's advisers. Israeli radio stations said he might also meet Netanyahu.</p>
<p>On Saturday, Israel reaffirmed it would keep building a Jewish settlement in East Jerusalem, cementing its stand ahead of the summit between Netanyahu and Mubarak set for Tuesday at Egypt's Sharm el-Sheikh Red Sea resort.</p>
<p>Israel's Yedioth Ahronoth daily said on Sunday the summit was in danger of being cancelled because of Israel's refusal to agree ahead of time to stop building the settlement which plunged Palestinian-Israeli peacemaking into deep crisis.</p>
<p>A Netanyahu aide denied the report.</p>
<p>&quot;We expect the summit to take place at exactly the time to which it was assigned on Tuesday, and we hope it will conclude successfully,&quot; aide David Bar-Illan told Reuters.</p>
<p>Netanyahu's office refused to comment on a report by Britain's Sunday Times that Netanyahu sought the summit with Mubarak after Israeli intelligence warned him of a danger of war with Arab states if settlement building continued.</p>
<p>Palestinians were pessimistic that Egypt, which became the first Arab state to make peace with Israel in a 1979 treaty, would succeed in reviving peace negotiations.</p>
<p>&quot;We are not optimistic...because of Israel's refusal to halt settlement activities,&quot; Palestinian Information Minister Yasser Abed Rabbo told Reuters.</p>
<p>&quot;Egypt understands our position very well and it will not fall victim to Israel's tricks of promising to slow down settlement activities while on the ground it would continue to build the infrastructure of Jabal Abu Ghneim,&quot; Abed Rabbo said, referring to the settlement building in East Jerusalem.</p>
<p>Abed Rabbo slammed the U.S. approach to getting peace talks back on track. Palestinians want Washington to pressure Israel to stop settlement. Washington has said the sides have to make tough decisions to revive negotiations.</p>
<p>&quot;As far as the U.S. is concerned, its position is disgraceful,&quot; Abed Rabbo said.</p>
<p>Palestinian President Yasser Arafat later told reporters in Gaza he hoped the summit would succeed, calling the peace process a vital Palestinian interest.</p>
<p>&quot;Despite all the obstacles (the) peace process is our strategic target and we have to do all our best to save it and to protect it,&quot; Arafat said.</p>
<p>On Saturday Netanyahu aide Danny Naveh said Israel would not stop building the East Jerusalem settlement. He was reacting to an Israel Television report that Israel would offer to suspend work once basic infrastructure was completed and press ahead with building homes for Arabs in East Jerusalem.</p>
<p>Israel captured East Jerusalem in the 1967 Middle East war and annexed it. It says it will never cede any part of the city.</p>
<p>Palestinians want East Jerusalem as capital of a future state. They view settlement building as pre-empting final peace talks at which the city's fate is to be negotiated. They refuse to resume talks as long as construction continues.</p>
<p>Bar-Illan said the goal of the summit was to revive peacemaking but he emphasised that Israel would not stop settlement building and would stick to its demand the Palestinian Authority do more to curb &quot;terrorism&quot;.</p>
<p>&quot;The real message is that we want to resume talks with the Palestinians...but it is quite clear that our insistence on action against terrorism and violence must be the first item on the agenda,&quot; Bar-Illan said.</p>
</text>
<copyright>(c) Reuters Limited 1997</copyright>
<metadata>
<codes class="bip:countries:1.0">
  <code code="EGYPT">
    <editdetail attribution="Reuters BIP Coding Group" action="confirmed" date="1997-05-25"/>
  </code>
  <code code="ISRAEL">
    <editdetail attribution="Reuters BIP Coding Group" action="confirmed" date="1997-05-25"/>
  </code>
</codes>
<codes class="bip:topics:1.0">
  <code code="GCAT">
    <editdetail attribution="Reuters BIP Coding Group" action="confirmed" date="1997-05-25"/>
  </code>
  <code code="GDIP">
    <editdetail attribution="Reuters BIP Coding Group" action="confirmed" date="1997-05-25"/>
  </code>
</codes>
<dc element="dc.date.created" value="1997-05-25"/>
<dc element="dc.publisher" value="Reuters Holdings Plc"/>
<dc element="dc.date.published" value="1997-05-25"/>
<dc element="dc.source" value="Reuters"/>
<dc element="dc.creator.location" value="JERUSALEM"/>
<dc element="dc.creator.location.country.name" value="ISRAEL"/>
<dc element="dc.source" value="Reuters"/>
</metadata>
</newsitem>
