<?xml version="1.0" encoding="iso-8859-1" ?>
<newsitem itemid="612925" id="root" date="1997-05-25" xml:lang="en">
<title>ISRAEL: Israel says summit with Egypt will go ahead.</title>
<headline>Israel says summit with Egypt will go ahead.</headline>
<dateline>JERUSALEM 1997-05-25</dateline>
<text>
<p>Israel said on Sunday a summit between Prime Minister Benjamin Netanyahu and Egyptian President Hosni Mubarak would go ahead as planned.</p>
<p>&quot;The summit will take place on Tuesday,&quot; Cabinet Secretary Danny Naveh told Israel Television after talks in Jerusalem with an Egyptian envoy sent to prepare the ground for the summit at Egypt's Red Sea resort of Sharm el-Sheikh.  </p>
<p>&quot;It will be a first step towards narrowing the gap between the sides, between us and the Palestinians,&quot; Naveh said.</p>
<p>Israel's Yedioth Ahronoth daily had said the summit was in danger of being cancelled because of Israel's refusal to agree ahead of time to stop building a Jewish settlement in East Jerusalem.</p>
<p>The PLO has demanded Israel scrap the project as a condition for resuming peace talks suspended since the Netanyahu government broke ground at the site on March 18.</p>
<p>Before Naveh's announcement, Netanyahu told Israel Army Radio that stopping work at the hilltop Israel calls Har Homa and Palestinians refer to as Jabal Abu Ghneim would not be on his agenda for the summit. Naveh gave no indication the position had changed.</p>
</text>
<copyright>(c) Reuters Limited 1997</copyright>
<metadata>
<codes class="bip:countries:1.0">
  <code code="EGYPT">
    <editdetail attribution="Reuters BIP Coding Group" action="confirmed" date="1997-05-25"/>
  </code>
  <code code="ISRAEL">
    <editdetail attribution="Reuters BIP Coding Group" action="confirmed" date="1997-05-25"/>
  </code>
</codes>
<codes class="bip:topics:1.0">
  <code code="GCAT">
    <editdetail attribution="Reuters BIP Coding Group" action="confirmed" date="1997-05-25"/>
  </code>
  <code code="GDIP">
    <editdetail attribution="Reuters BIP Coding Group" action="confirmed" date="1997-05-25"/>
  </code>
</codes>
<dc element="dc.date.created" value="1997-05-25"/>
<dc element="dc.publisher" value="Reuters Holdings Plc"/>
<dc element="dc.date.published" value="1997-05-25"/>
<dc element="dc.source" value="Reuters"/>
<dc element="dc.creator.location" value="JERUSALEM"/>
<dc element="dc.creator.location.country.name" value="ISRAEL"/>
<dc element="dc.source" value="Reuters"/>
</metadata>
</newsitem>
