<?xml version="1.0" encoding="iso-8859-1" ?>
<newsitem itemid="612920" id="root" date="1997-05-25" xml:lang="en">
<title>IRAN: Iran MPs swing behind moderate president-elect.</title>
<headline>Iran MPs swing behind moderate president-elect.</headline>
<byline>Barry May</byline>
<dateline>TEHRAN 1997-05-25</dateline>
<text>
<p>Iran's conservative Islamic clergy-dominated parliament swung behind the country's moderate president-elect on Sunday in a dramatic political about-face after his huge election victory.</p>
<p>The Islamic republic's outgoing president Akbar Hashemi Rafsanjani also offered to help his successor Mohammad Khatami carry out his programmes and plans.</p>
<p>The handover is due to take place in August.</p>
<p>More than 200 members of the 270-seat Majlis sent a message to Khatami pledging to cooperate fully. The assembly reopened on Sunday after a two-week recess for what turned out to be Iran's fiercest election campaign since the 1979 revolution led by the late Ayatollah Ruhollah Khomeini.</p>
<p>&quot;No doubt this great epic is a reinforcement of the ideals of the late Imam Khomeini and a renewal of allegiance with the supreme leader of the Islamic revolution, Ayatollah Ali Khamenei,&quot; deputies said in a statement read in open session.</p>
<p>Nearly 200 deputies had supported Khatami's conservative rival, parliament speaker Ali Akbar Nateq-Nouri, in the campaign for Friday's election and only 70 backed Khatami.</p>
<p>But Khatami won by a landslide -- 69 percent of a huge turnout of more than 29 million of Iran's 33 million electorate -- and trounced the speaker, who had to settle for 25 percent.</p>
<p>Khatami, in his first comment since the election, said in a statement on Tehran radio he hoped he could prove he deserved such popular support. All groups should participate in making a prosperous, free and independent Iran, he said, stressing the rule of law.</p>
<p>The defeated Nateq-Nouri told the Majlis the massive turnout had surprised Western analysts. Henceforth, the Majlis would be an ally to Khatami and his government, he said.</p>
<p>Rafsanjani, who must step down after serving the maximum two consecutive four-year terms permitted by law, will continue to exercise powerful influence as head of a council of advisers which mediates any dispute between parliament and another body of clerics and lawyers.</p>
<p>At a two-hour news conference Rafsanjani said his government's success in reconstructing the country and reducing dependence on foreigners had been his sweetest achievement.</p>
<p>The bitterest points included &quot;not having the desired programme with littoral states of the Persian Gulf or a solution in Palestine&quot;.</p>
<p>Rafsanjani said he did not think his reconstruction programme would be slowed under Khatami's presidency but rather would be expedited.</p>
<p>He said the election had shown that the Iranian people were more politicised and aware. The growth of understanding among people spoke of good news of social development.</p>
<p>In editorials assessing the surprise outcome of the polls Iranian newspapers said the people had sent a message which must not go unheeded.</p>
<p>&quot;There was once a time when it was popularly believed that the sky would fall on the day the Leader of the Islamic Revolution, the late Imam Khomeini, ceased to live,&quot; said the English daily Iran News.</p>
<p>But he had died and one of his closest disciples, Khamenei, had filled the gap. It said the election confirmed that a philosophy, not a person, was the basis of the Islamic system.</p>
<p>Tehran Times said with the majority in the Majlis belonging to Nateq-Nouri's camp the new president may face some problems with the legislature.</p>
</text>
<copyright>(c) Reuters Limited 1997</copyright>
<metadata>
<codes class="bip:countries:1.0">
  <code code="IRAN">
    <editdetail attribution="Reuters BIP Coding Group" action="confirmed" date="1997-05-25"/>
  </code>
</codes>
<codes class="bip:topics:1.0">
  <code code="GCAT">
    <editdetail attribution="Reuters BIP Coding Group" action="confirmed" date="1997-05-25"/>
  </code>
  <code code="GPOL">
    <editdetail attribution="Reuters BIP Coding Group" action="confirmed" date="1997-05-25"/>
  </code>
  <code code="GVOTE">
    <editdetail attribution="Reuters BIP Coding Group" action="confirmed" date="1997-05-25"/>
  </code>
</codes>
<dc element="dc.date.created" value="1997-05-25"/>
<dc element="dc.publisher" value="Reuters Holdings Plc"/>
<dc element="dc.date.published" value="1997-05-25"/>
<dc element="dc.source" value="Reuters"/>
<dc element="dc.creator.location" value="TEHRAN"/>
<dc element="dc.creator.location.country.name" value="IRAN"/>
<dc element="dc.source" value="Reuters"/>
</metadata>
</newsitem>
