<?xml version="1.0" encoding="iso-8859-1" ?>
<newsitem itemid="613000" id="root" date="1997-05-25" xml:lang="en">
<title>USA: Oakmark manager eyes Australia stocks-Barron's.</title>
<headline>Oakmark manager eyes Australia stocks-Barron's.</headline>
<dateline>NEW YORK 1997-05-25</dateline>
<text>
<p>International fund manager David Herro, who runs the $1.6 billion Oakmark International Fund and the Oakmark International Small Cap, said his investment team looked for foreign companies rather than markets which would outperform, Barron's said.</p>
<p>Right now, Herro was focused on Australia, Great Britain, New Zealand, Hong Kong and Sweden, Barron's said.</p>
<p>But even when using a set of stock selection criteria, certain geographical biases appeared, the investor weekly newspaper said in its May 26 edition.</p>
<p>Herro said he continued to have a light weighting in Japan and did not have a strongly bullish outlook on the market, Barron's reported.</p>
<p>&quot;The point about Japan is that I believe it is out of sync in terms of value to us as owners of business,&quot; Herro was quoted as saying.</p>
<p>Herro looked for companies selling at a cheap price relative to cash flow and for management whose aim was to build shareholder value, Barron's said.</p>
<p>Sweden merited a higher weighting, he said.</p>
<p>&quot;In that country, you have a number of high-quality multinational companies that are extremely well-run and, for the most part, run with shareholder interest in mind,&quot; he said, pointing to AB Volvo as an example.</p>
<p>Leading his list of favorites is Malaysian cellular phone company Technology Resources Industries Bhd. In Britain, he liked Cordiant plc, Sedwick Group and sugar refiner Tate and Lyle, Barron's said.</p>
<p>His investment team eliminated countries deemed unsafe or which lacked proper investor regulations, like Russia. They avoided direct investment in Chinese companies, Barron's said.</p>
<p>((New York newsdesk 212-859-1610))</p>
</text>
<copyright>(c) Reuters Limited 1997</copyright>
<metadata>
<codes class="bip:countries:1.0">
  <code code="AUSTR">
    <editdetail attribution="Reuters BIP Coding Group" action="confirmed" date="1997-05-25"/>
  </code>
  <code code="CHINA">
    <editdetail attribution="Reuters BIP Coding Group" action="confirmed" date="1997-05-25"/>
  </code>
  <code code="HKONG">
    <editdetail attribution="Reuters BIP Coding Group" action="confirmed" date="1997-05-25"/>
  </code>
  <code code="NZ">
    <editdetail attribution="Reuters BIP Coding Group" action="confirmed" date="1997-05-25"/>
  </code>
  <code code="SWED">
    <editdetail attribution="Reuters BIP Coding Group" action="confirmed" date="1997-05-25"/>
  </code>
  <code code="UK">
    <editdetail attribution="Reuters BIP Coding Group" action="confirmed" date="1997-05-25"/>
  </code>
  <code code="USA">
    <editdetail attribution="Reuters BIP Coding Group" action="confirmed" date="1997-05-25"/>
  </code>
</codes>
<codes class="bip:industries:1.0">
  <code code="I35000">
    <editdetail attribution="Reuters BIP Coding Group" action="confirmed" date="1997-05-25"/>
  </code>
  <code code="I42000">
    <editdetail attribution="Reuters BIP Coding Group" action="confirmed" date="1997-05-25"/>
  </code>
  <code code="I79020">
    <editdetail attribution="Reuters BIP Coding Group" action="confirmed" date="1997-05-25"/>
  </code>
  <code code="I81502">
    <editdetail attribution="Reuters BIP Coding Group" action="confirmed" date="1997-05-25"/>
  </code>
  <code code="I8150206">
    <editdetail attribution="Reuters BIP Coding Group" action="confirmed" date="1997-05-25"/>
  </code>
  <code code="I83800">
    <editdetail attribution="Reuters BIP Coding Group" action="confirmed" date="1997-05-25"/>
  </code>
</codes>
<codes class="bip:topics:1.0">
  <code code="C11">
    <editdetail attribution="Reuters BIP Coding Group" action="confirmed" date="1997-05-25"/>
  </code>
  <code code="C21">
    <editdetail attribution="Reuters BIP Coding Group" action="confirmed" date="1997-05-25"/>
  </code>
  <code code="CCAT">
    <editdetail attribution="Reuters BIP Coding Group" action="confirmed" date="1997-05-25"/>
  </code>
</codes>
<dc element="dc.date.created" value="1997-05-25"/>
<dc element="dc.publisher" value="Reuters Holdings Plc"/>
<dc element="dc.date.published" value="1997-05-25"/>
<dc element="dc.source" value="Reuters"/>
<dc element="dc.creator.location" value="NEW YORK"/>
<dc element="dc.creator.location.country.name" value="USA"/>
<dc element="dc.source" value="Reuters"/>
</metadata>
</newsitem>
