<?xml version="1.0" encoding="iso-8859-1" ?>
<newsitem itemid="801497" id="root" date="1997-08-15" xml:lang="en">
<title>SPAIN: SWIMMING-LEADING RESULTS FROM SYNCHRONISED SWIMMING.</title>
<headline>SWIMMING-LEADING RESULTS FROM SYNCHRONISED SWIMMING.</headline>
<dateline>SEVILLE 1997-08-15</dateline>
<text>
<p>Results from the third day of the</p>
<p>European Swimming Championships in Seville on Friday:</p>
<p>Synchronised swimming, solo, preliminary round, free</p>
<p>programme:</p>
<p>1.  Olga Sedakova (Russia)  96.68 points</p>
<p>2. Virginie Dedieu (France) 97.00</p>
<p>3. Giovanna Burlando (Italy) 95.48</p>
<p>4. Christina Thalassinidou (Greece) 94.76</p>
<p>5. Gemma Mengual (Spain) 94.40</p>
<p>6. Rahel Hobi (Switzerland) 92.36</p>
<p>7. Sylvia Donker (Netherlands) 90.84</p>
<p>8. Anna Martyniuk (Ukraine) 89.20</p>
<p>9. Angela Horwath (Austria) 89.16</p>
<p>10. Gayle  Adamson (Britain) 88.64</p>
<p>Solo standings at the end of the preliminary round after</p>
<p>technical and free programme. (Top eight go forward to final on</p>
<p>Friday starting at 1300 GMT.):</p>
<p>1. Sedakova 98.372 points </p>
<p>2. Dedieu 96.608</p>
<p>3. Burlando 94.892</p>
<p>4. Thalassinidou 94.228</p>
<p>5. Mengual 93.952</p>
<p>6. Hobi 91.730 </p>
<p>7. Donker 90.014</p>
<p>8. Martyniuk 88.668</p>
<p>9. Adamson 88.402</p>
<p>10. Horwath 88.334</p>
<p>Solo synchronised final:</p>
<p>1. Olga Sedakova (Russia)  99.24 points</p>
<p>2. Virginie Dedieu (France) 97.44</p>
<p>3. Giovanna Burlando (Italy) 95.96</p>
<p>4. Christina Thalassinidou (Greece) 95.24</p>
<p>5. Gemma Mengual (Spain) 94.24</p>
<p>6. Rahel Hobi (Switzerland) 92.88</p>
<p>7. Sylvia Donker (Netherlands) 91.28</p>
<p>8. Anna Martyniuk (Ukraine) 90.76</p>
<p>9. Angela Horwath (Austria) 89.44</p>
<p>10. Gayle Adamson  (Britain) 88.96</p>
<p>11. Lucie Svrcinova (Czech Republic) 88.24</p>
<p>12. Sara Lindholm (Sweden) 87.52</p>
</text>
<copyright>(c) Reuters Limited 1997</copyright>
<metadata>
<codes class="bip:countries:1.0">
  <code code="RUSS">
    <editdetail attribution="Reuters BIP Coding Group" action="confirmed" date="1997-08-15"/>
  </code>
  <code code="SPAIN">
    <editdetail attribution="Reuters BIP Coding Group" action="confirmed" date="1997-08-15"/>
  </code>
</codes>
<codes class="bip:topics:1.0">
  <code code="GCAT">
    <editdetail attribution="Reuters BIP Coding Group" action="confirmed" date="1997-08-15"/>
  </code>
  <code code="GSPO">
    <editdetail attribution="Reuters BIP Coding Group" action="confirmed" date="1997-08-15"/>
  </code>
</codes>
<dc element="dc.date.created" value="1997-08-15"/>
<dc element="dc.publisher" value="Reuters Holdings Plc"/>
<dc element="dc.date.published" value="1997-08-15"/>
<dc element="dc.source" value="Reuters"/>
<dc element="dc.creator.location" value="SEVILLE"/>
<dc element="dc.creator.location.country.name" value="SPAIN"/>
<dc element="dc.source" value="Reuters"/>
</metadata>
</newsitem>
