<?xml version="1.0" encoding="iso-8859-1" ?>
<newsitem itemid="801437" id="root" date="1997-08-15" xml:lang="en">
<title>USA: TENNIS-KAFELNIKOV REACHES QUARTERS IN NEW HAVEN.</title>
<headline>TENNIS-KAFELNIKOV REACHES QUARTERS IN NEW HAVEN.</headline>
<dateline>NEW HAVEN, Connecticut 1997-08-14</dateline>
<text>
<p>Top-seeded Yevgeny Kavelnikov easily gained the quarter-finals of the Pilot Pen tennis tournament Thursday, while American David Wheaton produced the big surprise with a three-set upset of third-seeded Australian Marc Philippoussis.</p>
<p>Kafelnikov, a Russian ranked sixth in the world, needed only 56 minutes to defeat Slava Dosedel of the Czech Republic 6-2 6-3 at the Connecticut Tennis Center.</p>
<p>&quot;My game plan is simple, I just try to hit as many balls as I can,&quot; said the 23-year-old former French Open champion.</p>
<p>&quot;I feel pretty confident right now and I'm saving my energy for the last.&quot;</p>
<p>In Friday's quarter-finals, Kafelnikov will face seventh-seeded Tim Henman of Britain, a 6-4 6-4 winner over Brett Steven of New Zealand.</p>
<p>Wheaton stunned Philippoussis 6-7 (2-7) 6-3 6-4 in the second round, and he followed with a 7-6 (8-6) 6-4 victory over Germany's Marc Goellner to gain the quarter-finals.</p>
<p>Wheaton, playing his big serve-and-volley game, recovered effectively after losing the tiebreaker against Philippoussis. Philippoussis, known for one of the hardest serves in the game, enjoyed a narrow 11-9 edge in aces but Wheaton made a higher percentage of first serves and broke his opponent's service five times.</p>
<p>At 4-4 in the third set, Wheaton took the last two games at love. &quot;I lost eight points on unforced effors and that's all it takes,&quot; said Philippoussis.</p>
<p>Wheaton, who was out of action for seven months due to foot surgery, saw his ranking sink to 142 going into this tournament. &quot;This was a great day for me...very satisfying,&quot; he said. &quot;I was eager to play.&quot;</p>
<p>Second-seeded Sergi Bruguera of Spain, yet to lose a set in this tournament, gained a 6-4 7-6 (7-4) decision over countryman Francisco Clavet.</p>
<p>Fourth seed Richard Krajicek of the Netherlands, fifth seed Petr Korda of the Czech Republic and 11th seed Greg Rusedski of Britain also moved into the round of eight with straight-set victories.</p>
<p>Krajicek beat Kenneth Carlsen of Denmark 7-6 (7-1) 6-2, Korda defeated Javier Sanchez of Spain 6-2 6-4 and Rusedski upset sixth-seeded Albert Costa of Spain 6-3 7-6 (7-5).</p>
<p>American Alex O'Brien, seeded only 14th although he was the defending champion, was eliminated by Marc-Kevin Goellner of Germany 7-5 6-3.</p>
<p>&quot;I played very poorly,&quot; O'Brien said. &quot;I felt a little slow and lethargic. Maybe I should use my brain a little more.&quot;</p>
<p>He added: &quot;Goellner played a very good match. He really took it to me. I had beaten him the last two times and he wanted some revenge.&quot;</p>
<p>Eighth-seeded Patrick Rafter of Australia survived a two-hour battle with Ukraine's Andrei Medvedev 6-3 2-6 6-4.</p>
</text>
<copyright>(c) Reuters Limited 1997</copyright>
<metadata>
<codes class="bip:countries:1.0">
  <code code="AUSTR">
    <editdetail attribution="Reuters BIP Coding Group" action="confirmed" date="1997-08-15"/>
  </code>
  <code code="CZREP">
    <editdetail attribution="Reuters BIP Coding Group" action="confirmed" date="1997-08-15"/>
  </code>
  <code code="RUSS">
    <editdetail attribution="Reuters BIP Coding Group" action="confirmed" date="1997-08-15"/>
  </code>
  <code code="USA">
    <editdetail attribution="Reuters BIP Coding Group" action="confirmed" date="1997-08-15"/>
  </code>
</codes>
<codes class="bip:topics:1.0">
  <code code="GCAT">
    <editdetail attribution="Reuters BIP Coding Group" action="confirmed" date="1997-08-15"/>
  </code>
  <code code="GSPO">
    <editdetail attribution="Reuters BIP Coding Group" action="confirmed" date="1997-08-15"/>
  </code>
</codes>
<dc element="dc.date.created" value="1997-08-14"/>
<dc element="dc.publisher" value="Reuters Holdings Plc"/>
<dc element="dc.date.published" value="1997-08-15"/>
<dc element="dc.source" value="Reuters"/>
<dc element="dc.creator.location" value="NEW HAVEN, Connecticut"/>
<dc element="dc.creator.location.country.name" value="USA"/>
<dc element="dc.source" value="Reuters"/>
</metadata>
</newsitem>
