<?xml version="1.0" encoding="iso-8859-1" ?>
<newsitem itemid="801450" id="root" date="1997-08-15" xml:lang="en">
<title>CANADA: NHL ICE HOCKEY-FLYERS' OFFER TO GRATTON RULED VALID, NULLIFYING TRADE.</title>
<headline>NHL ICE HOCKEY-FLYERS' OFFER TO GRATTON RULED VALID, NULLIFYING TRADE.</headline>
<dateline>TORONTO 1997-08-15</dateline>
<text>
<p>An arbitrator ruled Friday that the Philadelphia Flyers made a valid offer sheet to Tampa Bay Lightning center Chris Gratton, nullifying a trade between the Chicago Blackhawks and Lightning.</p>
<p>As a result of the ruling from National Hockey League arbitrator John Sands, the Lightning will have seven days to match the five-year, $16.5 million offer sheet tendered to Gratton by the Flyers.</p>
<p>The Flyers had claimed they signed Gratton, a Group II restricted free agent, to an offer sheet before the Lightning and Blackhawks completed a deal that would send him to Chicago on Tuesday. Neither team would disclose the other principals in the trade.</p>
<p>The 22-year-old Gratton led the Lightning in scoring in 1996-97, establishing career highs with 30 goals, 32 assists and 62 points. He also had 201 penalty minutes and was one of only two Tampa Bay players to appear in all 82 games.</p>
<p>Tampa Bay was pursuing a trade for the promising Gratton out of fear the club would be unable to match an offer sheet. If Tampa Bay does not match the offer, they will receive five first-round picks as compensation.</p>
<p>Lighning general manager Phil Esposito had claimed a fax of the Flyers' offer was smudged and illegible so he was free to make the deal.</p>
</text>
<copyright>(c) Reuters Limited 1997</copyright>
<metadata>
<codes class="bip:countries:1.0">
  <code code="CANA">
    <editdetail attribution="Reuters BIP Coding Group" action="confirmed" date="1997-08-15"/>
  </code>
  <code code="USA">
    <editdetail attribution="Reuters BIP Coding Group" action="confirmed" date="1997-08-15"/>
  </code>
</codes>
<codes class="bip:topics:1.0">
  <code code="GCAT">
    <editdetail attribution="Reuters BIP Coding Group" action="confirmed" date="1997-08-15"/>
  </code>
  <code code="GSPO">
    <editdetail attribution="Reuters BIP Coding Group" action="confirmed" date="1997-08-15"/>
  </code>
</codes>
<dc element="dc.date.created" value="1997-08-15"/>
<dc element="dc.publisher" value="Reuters Holdings Plc"/>
<dc element="dc.date.published" value="1997-08-15"/>
<dc element="dc.source" value="Reuters"/>
<dc element="dc.creator.location" value="TORONTO"/>
<dc element="dc.creator.location.country.name" value="CANADA"/>
<dc element="dc.source" value="Reuters"/>
</metadata>
</newsitem>
