<?xml version="1.0" encoding="iso-8859-1" ?>
<newsitem itemid="801464" id="root" date="1997-08-15" xml:lang="en">
<title>USA: NHL ICE HOCKEY-BLACKHAWKS' STEVE SMITH RETIRES.</title>
<headline>NHL ICE HOCKEY-BLACKHAWKS' STEVE SMITH RETIRES.</headline>
<dateline>CHICAGO 1997-08-15</dateline>
<text>
<p>Defenseman Steve Smith, a three-time Stanley Cup winner with the Edmonton Oilers, announced his retirement from the Chicago Blackhawks Friday.</p>
<p>Smith was a mainstay on the Oilers' defense from 1985 until his trade to Chicago for Dave Manson in 1991. He played for the Blackhawks until this past season, though he was limited to 58 games in the last two seasons.</p>
<p>&quot;I appreciate what Smitty added to our club over the last few seasons,&quot; Blackhawks coach Craig Hartsburg said. &quot;His leadership will be missed in the locker room, and his presence will be missed on the ice.&quot;</p>
<p>In his 13-year career, Smith played 702 regular-season games and 134 playoff contests. In the regular season, he had 71 goals, 283 assists and 354 points with exactly 2,000 penalty minutes. He scored 11 playoff goals and added 41 assists for 52 points while tacking on 288 minutes.</p>
<p>Smith was a rugged performer and paid the price. With the exception of the lockout-shortened 1994-95 campaign, he never played every game in a season.</p>
<p>Despite a standout career as a leader, Smith might best be remembered for shooting the puck off the skate of his own goaltender, Grant Fuhr, to give the Calgary Flames a 3-2 victory over Edmonton in the seventh game of their 1986 playoff series.</p>
<p>The game was headed for overtime, but instead the Oilers went home without the Stanley Cup for the only time in a span of five-years.</p>
</text>
<copyright>(c) Reuters Limited 1997</copyright>
<metadata>
<codes class="bip:countries:1.0">
  <code code="CANA">
    <editdetail attribution="Reuters BIP Coding Group" action="confirmed" date="1997-08-15"/>
  </code>
  <code code="USA">
    <editdetail attribution="Reuters BIP Coding Group" action="confirmed" date="1997-08-15"/>
  </code>
</codes>
<codes class="bip:topics:1.0">
  <code code="GCAT">
    <editdetail attribution="Reuters BIP Coding Group" action="confirmed" date="1997-08-15"/>
  </code>
  <code code="GSPO">
    <editdetail attribution="Reuters BIP Coding Group" action="confirmed" date="1997-08-15"/>
  </code>
</codes>
<dc element="dc.date.created" value="1997-08-15"/>
<dc element="dc.publisher" value="Reuters Holdings Plc"/>
<dc element="dc.date.published" value="1997-08-15"/>
<dc element="dc.source" value="Reuters"/>
<dc element="dc.creator.location" value="CHICAGO"/>
<dc element="dc.creator.location.country.name" value="USA"/>
<dc element="dc.source" value="Reuters"/>
</metadata>
</newsitem>
