<?xml version="1.0" encoding="iso-8859-1" ?>
<newsitem itemid="801454" id="root" date="1997-08-15" xml:lang="en">
<title>SOUTH AFRICA: OLYMPICS-MANDELA ARGUES IN FAVOUR OF CAPE TOWN OLYMPIC BID.</title>
<headline>OLYMPICS-MANDELA ARGUES IN FAVOUR OF CAPE TOWN OLYMPIC BID.</headline>
<byline>Andy Capostagno</byline>
<dateline>JOHANNESBURG 1997-08-15</dateline>
<text>
<p>South African President Nelson Mandela said on Friday the success of the Rugby World Cup and the African Nations Cup proved Cape Town could stage the 2004 Olympics.</p>
<p>&quot;The argument being put forward in Europe that South Africa should wait until 2008 to host the Olympics reminds me of the argument of the apartheid regime which was that we were not ready to run this country,&quot; Mandela told a news conference.</p>
<p>&quot;Three years down the line we can see how wrong that argument was. During that time we have already successfully staged world events such as the Rugby World Cup in 1995 and the African Nations Cup the following year.</p>
<p>&quot;We have a clean record of being able to rise to expectations.&quot;</p>
<p>The International Olympic Committee will choose the host city in Lausanne on September 5. Rome, Athens, Stockholm and Buenos Aires are the other candidates.</p>
<p>Mandela, who was hosting a group of celebrities and business people, has strongly endorsed the Cape Town bid, saying the Olympic movement owes Africa the opportunity of staging the Games for the first time.</p>
<p>Sports Minister Steve Tshwete went further than Mandela in criticising the lack of confidence in Cape Town.</p>
<p>&quot;This propaganda is being spread by the European media because they know that if Rome, Athens or Stockholm does not stage the Olympics in 2004 it will be a long time before the games return to Europe,&quot; he said.</p>
</text>
<copyright>(c) Reuters Limited 1997</copyright>
<metadata>
<codes class="bip:countries:1.0">
  <code code="SAFR">
    <editdetail attribution="Reuters BIP Coding Group" action="confirmed" date="1997-08-15"/>
  </code>
</codes>
<codes class="bip:topics:1.0">
  <code code="GCAT">
    <editdetail attribution="Reuters BIP Coding Group" action="confirmed" date="1997-08-15"/>
  </code>
  <code code="GSPO">
    <editdetail attribution="Reuters BIP Coding Group" action="confirmed" date="1997-08-15"/>
  </code>
</codes>
<dc element="dc.date.created" value="1997-08-15"/>
<dc element="dc.publisher" value="Reuters Holdings Plc"/>
<dc element="dc.date.published" value="1997-08-15"/>
<dc element="dc.source" value="Reuters"/>
<dc element="dc.creator.location" value="JOHANNESBURG"/>
<dc element="dc.creator.location.country.name" value="SOUTH AFRICA"/>
<dc element="dc.source" value="Reuters"/>
</metadata>
</newsitem>
