<?xml version="1.0" encoding="iso-8859-1" ?>
<newsitem itemid="801426" id="root" date="1997-08-15" xml:lang="en">
<title>UK: GOLF-WOMEN'S BRITISH OPEN SECOND ROUND SCORES.</title>
<headline>GOLF-WOMEN'S BRITISH OPEN SECOND ROUND SCORES.</headline>
<dateline>SUNNINGDALE, England 1997-08-15</dateline>
<text>
<p>Leading second round</p>
<p>scores in the British Open golf tournament on Friday:</p>
<p>135 - Karrie Webb (Australia) 65 70</p>
<p>138 - Trish Johnson (Britain) 68 70, Kathryn Marshall</p>
<p>(Britain) 70 68</p>
<p>139 - Barb Mucha (U.S.) 72 67</p>
<p>140 - Juli Inkster (U.S.) 69 71, Rosie Jones (U.S.)</p>
<p>	 70 70, Catriona Matthew (Britain) 70 70</p>
<p>141 - Charlotta Sorenstam (Sweden) 71 70, Mayumi Hirase</p>
<p>(Japan) 76 65</p>
<p>142 - Tina Barrett (U.S.) 70,72, Annika Sorenstam</p>
<p>	 (Sweden) 72 70, Helen Dobson (Britain) 73 69,</p>
<p>	 Brandie Burton (U.S.) 73 69, Chris Johnson (U.S.)</p>
<p>	 71 71.</p>
</text>
<copyright>(c) Reuters Limited 1997</copyright>
<metadata>
<codes class="bip:countries:1.0">
  <code code="AUSTR">
    <editdetail attribution="Reuters BIP Coding Group" action="confirmed" date="1997-08-15"/>
  </code>
  <code code="UK">
    <editdetail attribution="Reuters BIP Coding Group" action="confirmed" date="1997-08-15"/>
  </code>
</codes>
<codes class="bip:topics:1.0">
  <code code="GCAT">
    <editdetail attribution="Reuters BIP Coding Group" action="confirmed" date="1997-08-15"/>
  </code>
  <code code="GSPO">
    <editdetail attribution="Reuters BIP Coding Group" action="confirmed" date="1997-08-15"/>
  </code>
</codes>
<dc element="dc.date.created" value="1997-08-15"/>
<dc element="dc.publisher" value="Reuters Holdings Plc"/>
<dc element="dc.date.published" value="1997-08-15"/>
<dc element="dc.source" value="Reuters"/>
<dc element="dc.creator.location" value="SUNNINGDALE, England"/>
<dc element="dc.creator.location.country.name" value="UK"/>
<dc element="dc.source" value="Reuters"/>
</metadata>
</newsitem>
