<?xml version="1.0" encoding="iso-8859-1" ?>
<newsitem itemid="801469" id="root" date="1997-08-15" xml:lang="en">
<title>USA: NBA BASKETBALL-JAZZ RE-SIGN BACKUP POINT GUARD HOWARD EISLEY.</title>
<headline>NBA BASKETBALL-JAZZ RE-SIGN BACKUP POINT GUARD HOWARD EISLEY.</headline>
<dateline>SALT LAKE CITY, Utah 1997-08-14</dateline>
<text>
<p>Backup point guard Howard Eisley, who improved his stock with his performance in the playoffs, was re-signed Thursday by the Utah Jazz. Terms were not disclosed.</p>
<p>Eisley averaged 4.5 points and 2.4 assists in 82 regular-season games while backing up All-Star John Stockton. He boosted his scoring average to 5.6 per game in the postseason and presented matchup problems with his quickness and ability to create his own shot as Utah went to the Finals against the Chicago Bulls.</p>
<p>&quot;I feel this is the place I want to be,&quot; Eisley said. &quot;Everything here is suited to my game.&quot;</p>
<p>The free-agent signing was the fourth of the off-season by the Jazz, who have kept intact the nucleus of a team that won 64 games last season. They already have re-signed forwards Bryon Russell, Shandon Anderson and Antoine Carr.</p>
<p>Starting guard Jeff Hornacek remains unsigned but is not expected to sign elsewhere.</p>
<p>Eisley was thought to be expendable when the Jazz drafted guard Jacque Vaughn in the first round. He received offers from other teams where he might have been able to start but chose to stay with the Jazz.</p>
<p>&quot;My agent mentioned other deals to me about other teams offering money and situations like that but, in my mind, I always wanted to come back here,&quot; Eisley said. &quot;John Stockton has been around here and he understands the game and there's no better person to learn from than John.&quot;</p>
<p>A high school teammate of current NBA players Voshon Lenard and Jalen Rose, Eisley went on to play at Boston College. He was a 1994 second-round pick of the Minnesota Timberwolves and also played for the San Antonio Spurs before the Jazz signed him in October 1995.</p>
</text>
<copyright>(c) Reuters Limited 1997</copyright>
<metadata>
<codes class="bip:countries:1.0">
  <code code="USA">
    <editdetail attribution="Reuters BIP Coding Group" action="confirmed" date="1997-08-15"/>
  </code>
</codes>
<codes class="bip:topics:1.0">
  <code code="GCAT">
    <editdetail attribution="Reuters BIP Coding Group" action="confirmed" date="1997-08-15"/>
  </code>
  <code code="GSPO">
    <editdetail attribution="Reuters BIP Coding Group" action="confirmed" date="1997-08-15"/>
  </code>
</codes>
<dc element="dc.date.created" value="1997-08-14"/>
<dc element="dc.publisher" value="Reuters Holdings Plc"/>
<dc element="dc.date.published" value="1997-08-15"/>
<dc element="dc.source" value="Reuters"/>
<dc element="dc.creator.location" value="SALT LAKE CITY, Utah"/>
<dc element="dc.creator.location.country.name" value="USA"/>
<dc element="dc.source" value="Reuters"/>
</metadata>
</newsitem>
