<?xml version="1.0" encoding="iso-8859-1" ?>
<newsitem itemid="801422" id="root" date="1997-08-15" xml:lang="en">
<title>USA: GOLF-DALY GIVES A FEW BACK TO WINGED FOOT IN PGA.</title>
<headline>GOLF-DALY GIVES A FEW BACK TO WINGED FOOT IN PGA.</headline>
<byline>Walter Bagley</byline>
<dateline>MAMARONECK, New York 1997-08-15</dateline>
<text>
<p>John Daly gave a little back to Winged Foot on Friday but he still thinks he has a good chance to win his second PGA Chmpionship.</p>
<p>Daly, who opened the championship on Thursday with a record-tying four-under-par 66 and a share of the lead, slipped to a three-over 73 in the second round as Winged Foot's notorious greens got the better of him.</p>
<p>But the 31-year-old Daly, who burst onto the golf scene with a stunning victory in the 1991 PGA, was still one under par for the championship and he was neither disappointed nor discouraged.</p>
<p>&quot;If anyone told me I would be one under after two days, I would have taken it,&quot; said Daly, a recovering alcoholic who walked off the course after 27 holes in the U.S. Open in June suffering from the effects of withdrawal.</p>
<p>Daly, who putted superbly in the opening round, said he found Winged Foot's slippery, sloping greens much more difficult to fathom on Friday.</p>
<p>&quot;I hit a lot of good shots but I didn't make any putts,&quot; Daly said. &quot;I missed a lot of four- and five-footers.&quot;</p>
<p>Daly, who had only two bogeys in his record-matching opening round, had six bogeys on Friday -- five on the back nine, which he said was playing much harder.</p>
<p>A comparision of how he played the last three holes -- each 448 yards or more -- each day probably tells the whole story.</p>
<p>The long-hitting Daly, who also won the 1995 British Open, birdied all three on Friday -- hitting two 9-irons and a wedge to the greens and leaving himself birdie putts of five and four feet on 16 and 17 -- and a tap-in at the difficult last.</p>
<p>Friday was a different story. With a breeze blowing against the players on the final three holes, Daly needed 6-iron, 7-iron and 5-iron to reach the greens -- and he could not get any very close.</p>
<p>&quot;Those last three holes -- what a difference,&quot; Daly said. &quot;They played like they're supposed to.&quot;</p>
<p>He bogeyed both the 16th and 18th, where he three-putted from about 60 feet.</p>
<p>&quot;These greens have small breaks that you just don't see,&quot; Daly said after the second round. After the first round he said: &quot;Every time I got on the green I just saw the line and putts started going in.&quot;</p>
<p>Daly said one reason his putts did not fall as frequently on Friday was that many holes were cut in more difficult positions, making approach shots more challenging and putts harder to read.</p>
<p>&quot;The pins were very tough today,&quot; he said.</p>
<p>Still, Daly, who missed this year's Masters and British Open after undergoing alcohol rehabilitation, liked his position halfway through the last major championship of the year.</p>
<p>&quot;Any time you're three or four shots out of the lead in a major, you have a chance,&quot; he said.</p>
</text>
<copyright>(c) Reuters Limited 1997</copyright>
<metadata>
<codes class="bip:countries:1.0">
  <code code="USA">
    <editdetail attribution="Reuters BIP Coding Group" action="confirmed" date="1997-08-15"/>
  </code>
</codes>
<codes class="bip:topics:1.0">
  <code code="GCAT">
    <editdetail attribution="Reuters BIP Coding Group" action="confirmed" date="1997-08-15"/>
  </code>
  <code code="GSPO">
    <editdetail attribution="Reuters BIP Coding Group" action="confirmed" date="1997-08-15"/>
  </code>
</codes>
<dc element="dc.date.created" value="1997-08-15"/>
<dc element="dc.publisher" value="Reuters Holdings Plc"/>
<dc element="dc.date.published" value="1997-08-15"/>
<dc element="dc.source" value="Reuters"/>
<dc element="dc.creator.location" value="MAMARONECK, New York"/>
<dc element="dc.creator.location.country.name" value="USA"/>
<dc element="dc.source" value="Reuters"/>
</metadata>
</newsitem>
