<?xml version="1.0" encoding="iso-8859-1" ?>
<newsitem itemid="801417" id="root" date="1997-08-15" xml:lang="en">
<title>EU: Weekly EU Diary for Monday, Aug 18 - Sunday, Aug 24.</title>
<headline>Weekly EU Diary for Monday, Aug 18 - Sunday, Aug 24.</headline>
<text>
<p>MONDAY, AUGUST 18</p>
<p>No events scheduled</p>
<p>TUESDAY, AUGUST 19</p>
<p>No events scheduled</p>
<p>WEDNESDAY, AUGUST 20</p>
<p>No events scheduled</p>
<p>THURSDAY, AUGUST 21</p>
<p>No events scheduled</p>
<p>FRIDAY, AUGUST 22</p>
<p>No events scheduled</p>
<p>SATURDAY, AUGUST 23</p>
<p>No events scheduled</p>
<p>SUNDAY, AUGUST 24</p>
<p>No events scheduled</p>
<p>If you have items for inclusion in the Reuter European</p>
<p>Community diary, please contact:</p>
<p>Telephone: Cynthia Simpson (322) 287 6851</p>
<p>Fax: (322) 230 5573</p>
<p>For technical queries regarding</p>
<p>the service, please call (322) 287 6666</p>
<p>Reuters 61, rue de Treves 1040 BRUSSELS</p>
<p>- - - - - - - - - - - - - - - - - - - - - - -</p>
<p>EC Report (C)opyright Reuters Limited</p>
<p>Unauthorised copying prohibited.</p>
</text>
<copyright>(c) Reuters Limited 1997</copyright>
<metadata>
<codes class="bip:countries:1.0">
  <code code="EEC">
    <editdetail attribution="Reuters BIP Coding Group" action="confirmed" date="1997-08-15"/>
  </code>
</codes>
<codes class="bip:topics:1.0">
  <code code="G15">
    <editdetail attribution="Reuters BIP Coding Group" action="confirmed" date="1997-08-15"/>
  </code>
  <code code="GCAT">
    <editdetail attribution="Reuters BIP Coding Group" action="confirmed" date="1997-08-15"/>
  </code>
</codes>
<dc element="dc.publisher" value="Reuters Holdings Plc"/>
<dc element="dc.date.published" value="1997-08-15"/>
<dc element="dc.source" value="Reuters"/>
<dc element="dc.creator.location.country.name" value="EU"/>
<dc element="dc.source" value="Reuters"/>
</metadata>
</newsitem>
