<?xml version="1.0" encoding="iso-8859-1" ?>
<newsitem itemid="801439" id="root" date="1997-08-15" xml:lang="en">
<title>USA: GOLF-COLLATED FIRST-ROUND SCORES AT PGA CHAMPIONSHIP.</title>
<headline>GOLF-COLLATED FIRST-ROUND SCORES AT PGA CHAMPIONSHIP.</headline>
<dateline>MAMARONECK, New York 1997-08-14</dateline>
<text>
<p>Collated scores</p>
<p>after the first round of the PGA Championship at Winged Foot</p>
<p>Golf Club on Thursday (players U.S. unless stated):</p>
<p>66 John Daly, Davis Love</p>
<p>67 Robert Allenby (Australia)</p>
<p>68 Justin Leonard, Bob Tway, Paul Azinger, Tom Kite, Chris</p>
<p>Perry, Paul Stankowski, Greg Norman (Australia), Shigeki</p>
<p>Maruyama (Japan)</p>
<p>69 Doug Martin, Phil Mickelson, Lee Janzen, Tom Byrum, Mark</p>
<p>O'Meara, Costantino Rocca (Italy), Jim Furyk, Jeff Maggert,</p>
<p>Steve Jones, Tom Lehman, Carlos Franco (Paraguay)</p>
<p>70 Ignacio Garrido, Paul Goydos, Payne Stewart, Tiger Woods,</p>
<p>Ernie Els (South Africa), David Duval, Olin Browne, Lee</p>
<p>Rinker, Phil Blackmar, Mark Brooks</p>
<p>71 Tom Watson, Larry Mize, Jay Haas, Andrew Magee, Fred</p>
<p>Couples, John Mazza, Bob Boyd, Fred Funk, Yoshinori Kaneko</p>
<p>(Japan), Eduardo Romero (Argentina), Mark Calcavecchia, Taylor</p>
<p>Smith, Scott Hoch, John Cook</p>
<p>72 Tom Herron, Len Mattiace, Craig Stadler, Frank Nobilo (New</p>
<p>Zealand), Nick Price (Zimbabwe), Steve Elkington (Australia),</p>
<p>Ron Philo, Lanny Wadkins, Russ Cochran, Don Pooley, Billy</p>
<p>Andrade, Joey Sindelar, Rick Fehr, Steve Lowery, Retief Goosen</p>
<p>(South Africa), Thomas Bjorn (Denmark), Jeffrey Lankford,</p>
<p>Yoshinori Kaneko (Japan)</p>
<p>73 Kevin Sutherland, Per-Ulrik Johansson (Sweden), Brad</p>
<p>Faxon, Kirk Triplett, Vijay Singh (Fiji), Jim Carter, Jay Don</p>
<p>Blake, Michael Bradley, Hale Irwin, Fuzzy Zoeller, Bernhard</p>
<p>Langer (Germany), Steve Stricker, David Toms, Kenny Perry</p>
<p>74 Darren Clarke (Britain), Duffy Waldorf, Clarence Rose,</p>
<p>Dudley Hart, Lee Westwood (Britain), Jeff Sluman, Brian</p>
<p>Henninger, Sam Torrance (Britain), Guy Boros, Craig Parry</p>
<p>(Australia), Peter Jacobsen, Jack Nicklaus, Scott McCarron,</p>
<p>Colin Montgomerie (Britain), Paul Broadhurst (Britain), David</p>
<p>Ogrin, Robert Gamez, Bob Ford, John Lee, Bob Sowards</p>
<p>75 Steve Brisky, Nick Faldo (Britain), Stuart Appleby</p>
<p>(Australia), Joe Ozaki (Japan), Tommy Tolles, Mike Hulbert,</p>
<p>Steve Schneiter, Christopher Toulson, John Stone, Billy</p>
<p>Mayfair, Peter Lonard (Australia)</p>
<p>76 Jasper Parnevik (Sweden), Ed Fiori, Curtis Strange, John</p>
<p>Hickson, Mike Standly, Robert Damron, Kelly Gibson, Glen Day,</p>
<p>Bruce Zabriski, Larry Nelson, Loren Roberts, Billy Ray Brown,</p>
<p>David Frost (South Africa), Stewart Cink, Shawn Kelly, Chris</p>
<p>Tucker</p>
<p>77 Brandel Chamblee, Ben Crenshaw, Ian Woosnam (Britain),</p>
<p>Michael Burke Jr, Jay Overton, Mark Wiebe, Ronnie Black, Peter</p>
<p>Jordan, Padraig Harrington (Britain)</p>
<p>78 Rob Wilkin, Hal Sutton, John Mahaffey, James Mason, Pete</p>
<p>Oakley, Brian Watts</p>
<p>79 Wayne Grady (Australia), Mark Fuller, Jose-Maria Olazabal</p>
<p>(Spain), John Paesani, Bob Makoski</p>
<p>80 Darrell Kestner, Frank Dobbs, Frankie Minoza (Philippines)</p>
<p>81 Jerry Kelly</p>
<p>82 Bret Taylor, Jim White</p>
</text>
<copyright>(c) Reuters Limited 1997</copyright>
<metadata>
<codes class="bip:countries:1.0">
  <code code="USA">
    <editdetail attribution="Reuters BIP Coding Group" action="confirmed" date="1997-08-15"/>
  </code>
</codes>
<codes class="bip:topics:1.0">
  <code code="GCAT">
    <editdetail attribution="Reuters BIP Coding Group" action="confirmed" date="1997-08-15"/>
  </code>
  <code code="GSPO">
    <editdetail attribution="Reuters BIP Coding Group" action="confirmed" date="1997-08-15"/>
  </code>
</codes>
<dc element="dc.date.created" value="1997-08-14"/>
<dc element="dc.publisher" value="Reuters Holdings Plc"/>
<dc element="dc.date.published" value="1997-08-15"/>
<dc element="dc.source" value="Reuters"/>
<dc element="dc.creator.location" value="MAMARONECK, New York"/>
<dc element="dc.creator.location.country.name" value="USA"/>
<dc element="dc.source" value="Reuters"/>
</metadata>
</newsitem>
