<?xml version="1.0" encoding="iso-8859-1" ?>
<newsitem itemid="801561" id="root" date="1997-08-15" xml:lang="en">
<title>UK: UK's FTSE 100 posts biggest percent drop since '92.</title>
<headline>UK's FTSE 100 posts biggest percent drop since '92.</headline>
<byline>John Hanley</byline>
<dateline>LONDON 1997-08-15</dateline>
<text>
<p>Britain's leading share index on Friday posted its largest percentage drop since October 1992, falling 2.5 percent as investors locked in their profits after a record-run this month.</p>
<p>A steep early selloff on Wall Street and share declines in banking powerhouse HSBC Holdings, down seven percent, and oil companies, also left the FTSE 100 index with a loss of 165.5 points on the week.</p>
<p>The FTSE 100 finished 125.5 points lower at 4,865.8, down from its all-time best of 5,095.3 hit last week which is 24 percent higher than it was at the end of 1996.</p>
<p>But volume was light on Friday at around 745 million shares though decliners led advancers by 89 to 11.</p>
<p>The Dow was down 124 points in early action, then trimmed those losses by the London close, to trade 78.28 points lower at 7,863.75 by 1607 GMT.</p>
<p>The London sell-off was exacerbated by the thin summer activity, with holidays across Europe, and the expiry of index options, market sources said.</p>
<p>Yet the broader index was higher as investors continued to buy the second-tier industrial firms that underperformed this year when sterling was at higher levels.</p>
<p>The strong currency raised fears that their overseas earnings would be hit when profits are translated back into sterling.</p>
<p>The FTSE 250 index gained 8.3 points or 0.18 percent to 4,698.2, a gain of nearly 50 points on the week.</p>
<p>&quot;People are looking to switch out of the main line and into the second line stocks,&quot; said Brian O'Donnell, sales trader at Schroders.</p>
<p>&quot;I think the local options traders, with the index option expiry and with people away, are taking the opportunity to bang the market up,&quot; he said.</p>
<p>Shares in HSBC, Asia's biggest bank, tumbled 165p to 21.69 pounds in London, tracking a selloff in Hong Kong.</p>
<p>Investors fretted over Asian currency woes and fears that speculators would build up positions against the Hong Kong dollar, potentially hurting profits of banks in that market.</p>
<p>Standard Chartered Plc, another bank with a big Asia-Pacific franchise, lost 37-1/2p to 10.15 stg.</p>
<p>&quot;Looking around it seems as if people are playing the currency card,&quot; one analyst said.</p>
<p>&quot;If it is profit taking on top of that, then there will be more taken out of HSBC than Standard Chartered because it has recently outperformed more,&quot; he said.</p>
<p>British Petroleum shares were also heavy losers, tracking a selloff in their American Depository Receipts, where they were among the most actively traded on the New York Stock Exchange overnight and on Friday morning.</p>
<p>A sharp sell-off in the futures market also weighed on the cash index, traders said, with the September contract valued at a discount to the cash market.</p>
<p>&quot;Volumes are very thin and the futures are very weak,&quot; one trader said.</p>
<p>&quot;It's just a case of us drifting down from 5,100 and the buyers are waiting,&quot; he said. &quot;If you look at the volume it's not great, which suggests to me it's just a buyers' strike.&quot;</p>
</text>
<copyright>(c) Reuters Limited 1997</copyright>
<metadata>
<codes class="bip:countries:1.0">
  <code code="UK">
    <editdetail attribution="Reuters BIP Coding Group" action="confirmed" date="1997-08-15"/>
  </code>
</codes>
<codes class="bip:topics:1.0">
  <code code="M11">
    <editdetail attribution="Reuters BIP Coding Group" action="confirmed" date="1997-08-15"/>
  </code>
  <code code="MCAT">
    <editdetail attribution="Reuters BIP Coding Group" action="confirmed" date="1997-08-15"/>
  </code>
</codes>
<dc element="dc.date.created" value="1997-08-15"/>
<dc element="dc.publisher" value="Reuters Holdings Plc"/>
<dc element="dc.date.published" value="1997-08-15"/>
<dc element="dc.source" value="Reuters"/>
<dc element="dc.creator.location" value="LONDON"/>
<dc element="dc.creator.location.country.name" value="UK"/>
<dc element="dc.source" value="Reuters"/>
</metadata>
</newsitem>
