<?xml version="1.0" encoding="iso-8859-1" ?>
<newsitem itemid="801577" id="root" date="1997-08-15" xml:lang="en">
<title>UK: UK stock outlook-Focus on UK data for rate clues.</title>
<headline>UK stock outlook-Focus on UK data for rate clues.</headline>
<byline>Debra Sherman</byline>
<dateline>LONDON 1997-08-15</dateline>
<text>
<p>Britain's FTSE 100 share index could see a bounce next week if investors get clear evidence the economy has begun to cool, strategists and dealers said on Friday.</p>
<p>The blue chip index, which had climbed to an all-time high at 5,095.3 on August 7, lost 3.3 percent on the week to end at 4,865.8.</p>
<p>&quot;At 5,100, cash was looking a safer bet, but at these levels, I'll pick up the phone and advise clients to get back into stocks,&quot; said Robert Buckland, UK stock strategist with HSBC James Capel.</p>
<p>But any sign of economic strength will bring fears of an interest rate hike back into the fore and could pressure stocks further, strategists and dealers said.</p>
<p>&quot;If growth is too strong year on year, it will raise the question again about whether rates have to go up,&quot; said Richard Jeffrey, head of research at Charterhouse Tilney.</p>
<p>With few companies due to report corporate results next week, next week's UK retail sales data for July and the Federal Open Market Committee meeting in the U.S. will likely be the focus.</p>
<p>&quot;There are lingering worries that (UK) rates will have to go up again and (the BoE) left that door open,&quot; said one dealer.</p>
<p>The average estimate of economists surveyed by Reuters was a 5.4-percent rise in July retail sales on the year. Jeffrey said he was forecasting an increase closer to six-percent rise.</p>
<p>A higher-than-expected increase would likely drive shares lower and sterling higher, they said. A rebound in sterling could put pressure back on shares in companies with high overseas earnings.</p>
<p>Next week's Federal Open Market Committee meeting is expected to result in no change in policy after a week's worth of data pointing to low inflation.</p>
<p>Other British economic reports due next week include July public sector borrowing requirement, second-quarter gross domestic product data, July money supply figures and the Confederation of British Industry survey.</p>
<p>The only FTSE 100 company scheduled to release results next week is Halifax.</p>
<p>Among second-liners, Argos, Weir Group and Bodycote International Plc are due to report earnings.</p>
<p>-- London Newsroom +44 171 542 5106</p>
</text>
<copyright>(c) Reuters Limited 1997</copyright>
<metadata>
<codes class="bip:countries:1.0">
  <code code="UK">
    <editdetail attribution="Reuters BIP Coding Group" action="confirmed" date="1997-08-15"/>
  </code>
</codes>
<codes class="bip:topics:1.0">
  <code code="M11">
    <editdetail attribution="Reuters BIP Coding Group" action="confirmed" date="1997-08-15"/>
  </code>
  <code code="MCAT">
    <editdetail attribution="Reuters BIP Coding Group" action="confirmed" date="1997-08-15"/>
  </code>
</codes>
<dc element="dc.date.created" value="1997-08-15"/>
<dc element="dc.publisher" value="Reuters Holdings Plc"/>
<dc element="dc.date.published" value="1997-08-15"/>
<dc element="dc.source" value="Reuters"/>
<dc element="dc.creator.location" value="LONDON"/>
<dc element="dc.creator.location.country.name" value="UK"/>
<dc element="dc.source" value="Reuters"/>
</metadata>
</newsitem>
