<?xml version="1.0" encoding="iso-8859-1" ?>
<newsitem itemid="801586" id="root" date="1997-08-15" xml:lang="en">
<title>UK: LME copper ends weak, near six-month low.</title>
<headline>LME copper ends weak, near six-month low.</headline>
<dateline>LONDON 1997-08-15</dateline>
<text>
<p>Copper prices tumbled during Friday afternoon LME kerb trading to hit their lowest for six months before closing weak.</p>
<p>Traders said the market was unable to stave off a much-expected speculative sell-off as sell-stops that have been lowered were eventually flushed out.</p>
<p>Also, the benchmark cash/threes spread moved into contango on Friday for the first time since last September, further underscoring ample metal availability.</p>
<p>&quot;It was marked down, found the stops, and then got very heated. But it was all straightforward business on the kerb - there were no spreads mentioned,&quot; one trader said.</p>
<p>Prices had spent most of the session ranging around $2,260, which was near the lower end of the current jobbing range.</p>
<p>But when the spread backwardation gave way, a mark-down under $2,250 unleashed speculative selling, fund sales, as well as some merchant liquidation.</p>
<p>The market hit a low of $2,208 before climbing groggily off the floor to end the kerb at $2,213 a tonne, a $58 loss from Thursday.</p>
<p>Traders said a grim chart picture suggests that $2,200 will be tested soon, precipitating further steep declines.</p>
<p>The cash/threes spread was at level/$2 contango at the close, having been at $7/11 backwardation on Thursday. At the start of the week the backwardation was at $30, but rising stocks, slow summer conditions and the overall supply/demand picture now thought to be in surplus has wiped out the vestiges of immediate tightness.</p>
<p>However, some traders cautioned against writing off copper. Much of the lending is longs rolling forward, while stocks are still comparatively low, thus the market is susceptible to supply disruptions.</p>
<p>Elsewhere, the other LME markets proved to be resilient to copper's woes, with aluminium and zinc, supported by technical tightness.</p>
<p>Aluminium managed to stay above $1,700, as August date tightness increased ahead of next Monday's &quot;third Wednesday&quot; pricing.</p>
<p>Aug/one day was at $9/10 backwardation, while Aug/Sept was at $33 backwardation. The cash/threes spread moved out to $30/40 backwardation, having been level earlier this week. Last three months business was at $1,702, up $1.</p>
<p>Zinc also found support from tightness, which in this metal is located in September. In late business Sept/Oct moved out to $75 backwardation, pulling cash/threes out to $165/175. At one stage this week cash/threes was near $100.</p>
<p>Three months prices reached a high of $1,540 before backtracking to end the kerb at $1,525, still up $6.</p>
<p>Lead was also fairly immune to the copper decline, and continued to trade routinely at steadier levels. Prices closed the kerb at $615, up $5.</p>
<p>Nickel crumbled, however, against the background of the copper sell-off, and closed at $6,630, down $85 from yesterday.</p>
<p>Tin also buckled on the kerb, dropping under the $5,400 level the market had held throughout the session. Last trade was at $5,380, down $40.</p>
<p>Alloy was quiet still, finishing at a little-changed $1,505/15 a tonne.</p>
<p>--Martin Hayes, London Newsroom 44 171 542 8080</p>
</text>
<copyright>(c) Reuters Limited 1997</copyright>
<metadata>
<codes class="bip:countries:1.0">
  <code code="UK">
    <editdetail attribution="Reuters BIP Coding Group" action="confirmed" date="1997-08-15"/>
  </code>
</codes>
<codes class="bip:topics:1.0">
  <code code="M14">
    <editdetail attribution="Reuters BIP Coding Group" action="confirmed" date="1997-08-15"/>
  </code>
  <code code="M142">
    <editdetail attribution="Reuters BIP Coding Group" action="confirmed" date="1997-08-15"/>
  </code>
  <code code="MCAT">
    <editdetail attribution="Reuters BIP Coding Group" action="confirmed" date="1997-08-15"/>
  </code>
</codes>
<dc element="dc.date.created" value="1997-08-15"/>
<dc element="dc.publisher" value="Reuters Holdings Plc"/>
<dc element="dc.date.published" value="1997-08-15"/>
<dc element="dc.source" value="Reuters"/>
<dc element="dc.creator.location" value="LONDON"/>
<dc element="dc.creator.location.country.name" value="UK"/>
<dc element="dc.source" value="Reuters"/>
</metadata>
</newsitem>
