<?xml version="1.0" encoding="iso-8859-1" ?>
<newsitem itemid="801578" id="root" date="1997-08-15" xml:lang="en">
<title>UK: NWE fuel oil barges end week lower, cargoes steady.</title>
<headline>NWE fuel oil barges end week lower, cargoes steady.</headline>
<dateline>LONDON 1997-08-15</dateline>
<text>
<p>European high sulphur fuel barges ended lower on Friday with some traders saying it was tracking lower swaps, but others saw it a temporary price cut to find buyers in a market idled by holiday.</p>
<p>High sulphur barges traded at $95 and $94.50 fob a tonne -- or $2/$2.50 a tonne lower than Thursday's highest trades -- after offers started higher at about $97/$97.50 early in the day.</p>
<p>Late talk was $94/$94.75 for material loading after August 21 and $95/$95.50 for prompter barrels, traders said.</p>
<p>Overall volume was very thin and some traders said that with many players absent from the market due to Assumption Day holiday sellers cut their price to find an outlet for some of their barrels.</p>
<p>&quot;I think with return to normal business on Monday we will see a move to the upside,&quot; one trader said.</p>
<p>Others, however, saw the downside linked to lower swaps, with one trader saying: &quot;Physical barges moved lower as swaps for September came down.&quot;</p>
<p>Many traders have said high sulphur barges have moved to levels unseen in months on the back of a shortage of prompt barrels but others said the oil was there but simply in storage.</p>
</text>
<copyright>(c) Reuters Limited 1997</copyright>
<metadata>
<codes class="bip:countries:1.0">
  <code code="UK">
    <editdetail attribution="Reuters BIP Coding Group" action="confirmed" date="1997-08-15"/>
  </code>
</codes>
<codes class="bip:topics:1.0">
  <code code="M14">
    <editdetail attribution="Reuters BIP Coding Group" action="confirmed" date="1997-08-15"/>
  </code>
  <code code="M143">
    <editdetail attribution="Reuters BIP Coding Group" action="confirmed" date="1997-08-15"/>
  </code>
  <code code="MCAT">
    <editdetail attribution="Reuters BIP Coding Group" action="confirmed" date="1997-08-15"/>
  </code>
</codes>
<dc element="dc.date.created" value="1997-08-15"/>
<dc element="dc.publisher" value="Reuters Holdings Plc"/>
<dc element="dc.date.published" value="1997-08-15"/>
<dc element="dc.source" value="Reuters"/>
<dc element="dc.creator.location" value="LONDON"/>
<dc element="dc.creator.location.country.name" value="UK"/>
<dc element="dc.source" value="Reuters"/>
</metadata>
</newsitem>
