<?xml version="1.0" encoding="iso-8859-1" ?>
<newsitem itemid="801522" id="root" date="1997-08-15" xml:lang="en">
<title>RUSSIA: PRESS DIGEST - RUSSIA - AUG 15.</title>
<headline>PRESS DIGEST - RUSSIA - AUG 15.</headline>
<dateline>MOSCOW 1997-08-15</dateline>
<text>
<p>Following are some of the leading stories in the Aug 16 editions of Russian newspapers. Reuters has not verified these stories and does not vouch for their accuracy.</p>
<p>IZVESTIA</p>
<p>- Georgian President Eduard Shevardnadze and separatist Abkhaz leader Vladislav Ardzinba have signed an agreement banishing use of military force in settling disputes</p>
<p>- Pentagon is exerting pressure on Sofia to make it part with a secret Russian-made air-defence system deployed in Bulgaria in 1984.</p>
<p>- Rebel Tajik military commander Makhmud Khudoyberdyev has refused to give up his arms to government troops.</p>
<p>- The appointment of director general of Russian Interfax news agency Mikhail Komissar to the post of deputy head of President Yeltsin's administration indicates the Russian leadership is willing to pay more attention to public relations.</p>
<p>- The Interior Ministry and the Justice Ministry continue their tug-of-war over who will control Russian penitentiary system.</p>
<p>- Russian civil aviation security standards are in sharp decline.</p>
<p>- Two Russian cosmonauts who returned to Earth on Thursday will now come under close scrutiny of a special commission investigating the hitches and mishaps which dogged the 186-day mission.</p>
<p>- Tokyo is working to improve its political relations with Moscow in order not to be outdone by other countries at the share-up of Russia's economic pie.</p>
<p>ROSSIISKAYA GAZETA</p>
<p>- The appointment of Maxim Boiko head of the State Property Committee does not mean the fundamentals of privatisation will change, says First Deputy Prime Minister Anatoly Chubais.</p>
<p>- The crew of the Mir station just returned from space will have to give account of all the accidents that happened aboard the run-down spacecraft during their mission.</p>
<p>- Commercial banks in charge of handling budget funds most often carry out their duties with care and the decision to transfer state funds to the central bank appears to be mainly of political nature, says Deputy Chairman of the Bank of Russia Alexander Khandruyev.</p>
<p>MOSKOVSKY KOMSOMOLETS</p>
<p>- Prime Minister Viktor Chernomyrdin has praised his government on having worked out a viable 1998 draft budget.</p>
<p>- Rebel Tajik commander Khudoyberdyev seems to be alienated by all major political forces in the troubled republic.</p>
<p>--Andrei Shukshin, Moscow Newsroom, +7095 941 8520</p>
</text>
<copyright>(c) Reuters Limited 1997</copyright>
<metadata>
<codes class="bip:countries:1.0">
  <code code="RUSS">
    <editdetail attribution="Reuters BIP Coding Group" action="confirmed" date="1997-08-15"/>
  </code>
</codes>
<codes class="bip:topics:1.0">
  <code code="GCAT">
    <editdetail attribution="Reuters BIP Coding Group" action="confirmed" date="1997-08-15"/>
  </code>
</codes>
<dc element="dc.date.created" value="1997-08-15"/>
<dc element="dc.publisher" value="Reuters Holdings Plc"/>
<dc element="dc.date.published" value="1997-08-15"/>
<dc element="dc.source" value="Reuters"/>
<dc element="dc.creator.location" value="MOSCOW"/>
<dc element="dc.creator.location.country.name" value="RUSSIA"/>
<dc element="dc.source" value="Reuters"/>
</metadata>
</newsitem>
