<?xml version="1.0" encoding="iso-8859-1" ?>
<newsitem itemid="801581" id="root" date="1997-08-15" xml:lang="en">
<title>UK: NWE heating oil inactive, diesel cargoes steady.</title>
<headline>NWE heating oil inactive, diesel cargoes steady.</headline>
<dateline>LONDON 1997-08-15</dateline>
<text>
<p>European physical gas oil eased in line with weaker futures on Friday but most differentials were assessed at steady numbers in very slow talk, traders said.</p>
<p>A flexi cargo of low sulphur diesel traded at a steady differential of $5.25 over September IPE cif Le Havre for the second half of August, they said.</p>
<p>It was the only physical trade completed in a quiet market stalled by the Ascension Day holiday in much of the continent.</p>
<p>September IPE settled down $2.50 to $171.50 a tonne, following easier Brent and catching up with crude's late losses on Thursday. October closed at $173.00, also down $2.50.</p>
<p>Heating oil was discussed sporadically but no firm agreement to exchange product was heard. German DIN quality was assessed at premiums of around 75 cents bid and $1.25 offered.</p>
<p>&quot;There does seem to be a certain amount of buying -- the contango is almost as good as it is going to get,&quot; another trader said. &quot;But not much looks like getting done.&quot;</p>
<p>Rotterdam refinery barges were hardly discussed at all in a very slack afternoon. Levels were notionally at September IPE -$0.50/$0.00, around unchanged. Low sulphur diesel remained notionally at around $4 over the September screen.</p>
<p>-- London newsroom +44 171 542 7646</p>
</text>
<copyright>(c) Reuters Limited 1997</copyright>
<metadata>
<codes class="bip:countries:1.0">
  <code code="UK">
    <editdetail attribution="Reuters BIP Coding Group" action="confirmed" date="1997-08-15"/>
  </code>
</codes>
<codes class="bip:topics:1.0">
  <code code="M14">
    <editdetail attribution="Reuters BIP Coding Group" action="confirmed" date="1997-08-15"/>
  </code>
  <code code="M143">
    <editdetail attribution="Reuters BIP Coding Group" action="confirmed" date="1997-08-15"/>
  </code>
  <code code="MCAT">
    <editdetail attribution="Reuters BIP Coding Group" action="confirmed" date="1997-08-15"/>
  </code>
</codes>
<dc element="dc.date.created" value="1997-08-15"/>
<dc element="dc.publisher" value="Reuters Holdings Plc"/>
<dc element="dc.date.published" value="1997-08-15"/>
<dc element="dc.source" value="Reuters"/>
<dc element="dc.creator.location" value="LONDON"/>
<dc element="dc.creator.location.country.name" value="UK"/>
<dc element="dc.source" value="Reuters"/>
</metadata>
</newsitem>
