<?xml version="1.0" encoding="iso-8859-1" ?>
<newsitem itemid="801519" id="root" date="1997-08-15" xml:lang="en">
<title>HUNGARY: HUNGARY NOON RADIO HEADLINES - AUG 15.</title>
<headline>HUNGARY NOON RADIO HEADLINES - AUG 15.</headline>
<dateline>BUDAPEST 1997-08-15</dateline>
<text>
<p>These are the main headlines on Hungary's Kossuth Radio midday news. Reuters cannot vouch for their accuracy:</p>
<p>- The Prime Ministers of Hungary and Slovakia have begun talks in Gyor, north Hungary.</p>
<p>- Police caught car thieves who stole luxury cars during the Formula One race last weekend.</p>
<p>- The Budapest city council granted four billion forints for the refurbishment of 10 homes for the aged.</p>
<p>- The Hungarian Chamber for Industry and Trade disapproves the government's taxation plans.</p>
<p>- The Budapest bourse reflects the improvement of the Hungarian economy.</p>
<p>-- Budapest newsroom +36 1 327 4040</p>
</text>
<copyright>(c) Reuters Limited 1997</copyright>
<metadata>
<codes class="bip:countries:1.0">
  <code code="HUNG">
    <editdetail attribution="Reuters BIP Coding Group" action="confirmed" date="1997-08-15"/>
  </code>
</codes>
<codes class="bip:topics:1.0">
  <code code="GCAT">
    <editdetail attribution="Reuters BIP Coding Group" action="confirmed" date="1997-08-15"/>
  </code>
</codes>
<dc element="dc.date.created" value="1997-08-15"/>
<dc element="dc.publisher" value="Reuters Holdings Plc"/>
<dc element="dc.date.published" value="1997-08-15"/>
<dc element="dc.source" value="Reuters"/>
<dc element="dc.creator.location" value="BUDAPEST"/>
<dc element="dc.creator.location.country.name" value="HUNGARY"/>
<dc element="dc.source" value="Reuters"/>
</metadata>
</newsitem>
