<?xml version="1.0" encoding="iso-8859-1" ?>
<newsitem itemid="801546" id="root" date="1997-08-15" xml:lang="en">
<title>ESTONIA: PRESS DIGEST - ESTONIA - AUG 15.</title>
<headline>PRESS DIGEST - ESTONIA - AUG 15.</headline>
<dateline>TALLINN 1997-08-15</dateline>
<text>
<p>The following are the reports carried by Estonia's newspapers on Friday. Reuters has not verified these reports and does not vouch for their accuracy:</p>
<p>SENUMILEHT</p>
<p>- The energy monopoly in Viru county is breaking up as several large users are planning to build their own gas-fired power stations.</p>
<p>- Estonia's political situation is strangely right-wing, where proposed protective tariffs and progressive income tax have been described as a return to socialism, Foreign Minister Toomas Hendrik Ilves said at a conference on ideology.</p>
<p>- The Rural People's Party will not give up the idea of protective tariffs, faction chairman Tiit Tammsaar declared yesterday.</p>
<p>EESTI PAEVALEHT</p>
<p>- Illegal residents refrain from registration as they fear repressions and see no use in signing up. Their number is estimated at 20,000 - 50,000.</p>
<p>POSTIMEES</p>
<p>- The 100 km/h top speed limit will fall to 90 on Saturday.</p>
<p>- Patrick Broe, owner of the US firm OmniTRAX and potential buyer of Estonian railway cargo traffic, called for the company's privatisation to be speeded up.</p>
<p>- Korea banned an Estonian animated cartoon film &quot;1895&quot; and three more cartoons, but has not explained the reasons why.</p>
<p>ARIPAEV</p>
<p>- The premier has demanded that all ministry chancellors and vice-chancellors resign from administrative boards of state-owned enterprises by September 1.</p>
<p>- The Russian firm Orenburgneft will not build an oil terminal in the Bekker Port in Tallinn because of a political row over the issue.</p>
<p>-- Riga newsroom +371 721 52 40</p>
</text>
<copyright>(c) Reuters Limited 1997</copyright>
<metadata>
<codes class="bip:countries:1.0">
  <code code="ESTNIA">
    <editdetail attribution="Reuters BIP Coding Group" action="confirmed" date="1997-08-15"/>
  </code>
</codes>
<codes class="bip:topics:1.0">
  <code code="GCAT">
    <editdetail attribution="Reuters BIP Coding Group" action="confirmed" date="1997-08-15"/>
  </code>
</codes>
<dc element="dc.date.created" value="1997-08-15"/>
<dc element="dc.publisher" value="Reuters Holdings Plc"/>
<dc element="dc.date.published" value="1997-08-15"/>
<dc element="dc.source" value="Reuters"/>
<dc element="dc.creator.location" value="TALLINN"/>
<dc element="dc.creator.location.country.name" value="ESTONIA"/>
<dc element="dc.source" value="Reuters"/>
</metadata>
</newsitem>
