<?xml version="1.0" encoding="iso-8859-1" ?>
<newsitem itemid="801659" id="root" date="1997-08-15" xml:lang="en">
<title>SOUTH AFRICA: White S.African assassin calls for forgiveness.</title>
<headline>White S.African assassin calls for forgiveness.</headline>
<byline>Juliette Saunders</byline>
<dateline>PRETORIA 1997-08-15</dateline>
<text>
<p>The white rightist who targeted Communist leader Chris Hani for assassination urged forgiveness across the political spectrum, saying on Friday that South Africans on both sides of the apartheid divide were victims of the past.</p>
<p>&quot;There can be no fingers pointed, only deep sympathy for those bereaved of loved ones and hopefully forgiveness all round,&quot; Clive Derby-Lewis, 61, a far-right Conservative Party politician, told the Truth and Reconciliation Commission.</p>
<p>&quot;The war is over and it is time we turned to peaceful methods for the resolution of our problems and differences. Let us learn from the lessons of the past rather than to cause that those who have died did so in vain.&quot;</p>
<p>In earlier testimony on Friday, he solicited the help of the truth commission to speak to Hani's widow, Limpho, adding that he had also asked his lawyers to try to set up a meeting.</p>
<p>&quot;I requested permission to meet Mrs Hani in the spirit of reconciliation...I would like to place that on record as an official request, when I will personally express my sympathy to Mrs Hani and her children,&quot; he said.</p>
<p>Limpho Hani shrugged off the request, telling reporters: &quot;The statement he made was not for me. It was for the press.&quot;</p>
<p>Asked why she had not reacted visibly to his testimony, she said: &quot;What do you expect from someone whose husband was killed in cold blood by the man?&quot;</p>
<p>Derby-Lewis, who provided the gun that killed Hani, and communist-hating Polish immigrant Janusz Walus, who carried out the assassination, were sentenced to death for the slaying on Easter weekend of 1993. Their sentences were later commuted to life in jail.</p>
<p>The pair now hope to convince the truth commission, which is probing human rights abuses perpetrated under white rule, that they had a political motive for the crime, that they have confessed in full and that they deserve amnesty.</p>
<p>But the family of Hani, who was second only to President Nelson Mandela as a popular hero, fiercely opposes freedom for his killers.</p>
<p>Derby-Lewis, dapper and upright in a grey suit, testified on Friday that his detention prior to his trial was his worst experience yet and harsher even than the military training he had once undergone.</p>
<p>&quot;It was the worse experience of my life,&quot; he said. &quot;I have never felt as insecure in my life before as I was then. I was constantly nervous because I never knew what was coming next.&quot;</p>
<p>Hani's murder was the most prominent in modern South African history and sent the country to the edge of the abyss, as the plotters had hoped. But Mandela and then president F.W. de Klerk scuppered their hopes by keeping the peace talks on track. Historic elections brought majority rule a year later.</p>
</text>
<copyright>(c) Reuters Limited 1997</copyright>
<metadata>
<codes class="bip:countries:1.0">
  <code code="SAFR">
    <editdetail attribution="Reuters BIP Coding Group" action="confirmed" date="1997-08-15"/>
  </code>
</codes>
<codes class="bip:topics:1.0">
  <code code="GCAT">
    <editdetail attribution="Reuters BIP Coding Group" action="confirmed" date="1997-08-15"/>
  </code>
  <code code="GCRIM">
    <editdetail attribution="Reuters BIP Coding Group" action="confirmed" date="1997-08-15"/>
  </code>
</codes>
<dc element="dc.date.created" value="1997-08-15"/>
<dc element="dc.publisher" value="Reuters Holdings Plc"/>
<dc element="dc.date.published" value="1997-08-15"/>
<dc element="dc.source" value="Reuters"/>
<dc element="dc.creator.location" value="PRETORIA"/>
<dc element="dc.creator.location.country.name" value="SOUTH AFRICA"/>
<dc element="dc.source" value="Reuters"/>
</metadata>
</newsitem>
