<?xml version="1.0" encoding="iso-8859-1" ?>
<newsitem itemid="801651" id="root" date="1997-08-15" xml:lang="en">
<title>CANADA: Canada posts healthy budget surplus in June.</title>
<headline>Canada posts healthy budget surplus in June.</headline>
<byline>Heather Scoffield</byline>
<dateline>OTTAWA 1997-08-15</dateline>
<text>
<p>Canada on Friday reported its second straight monthly budget surplus, signalling that the country is well ahead of schedule in its fight to balance its books, economists said.</p>
<p>The Finance Department said the country recorded a  surplus of C$1.50 billion ($1.08 billion) in June, compared with a C$653 million ($469 million) deficit a year earlier.</p>
<p>In May, the budget surplus was C$1.37 billion ($986 million), compared with a year earlier deficit of C$582 million ($419 million).</p>
<p>It was the first time since the late 1970s that budget surpluses were posted for two straight months, the Finance Department said.</p>
<p>&quot;There was no question that the budget numbers were improving rapidly, but this puts things into perspective how fast the improvement is,&quot; Doug Porter, senior economist at brokerage Nesbitt Burns, told Reuters.</p>
<p>&quot;We thought we had been somewhat on the optimistic side calling for a full-year deficit of this (fiscal) year of C$5 billion ($3.6 billion), and it looks like Ottawa may do better than that.&quot;</p>
<p>The government's year-to-date deficit for fiscal 1998 ending March 31 plunged to C$533 million ($384 million) from year ago C$5.30 billion ($3.6 bln).</p>
<p>Canada's Finance Minister Paul Martin has projected a budget deficit of C$17 billion ($12.2 billion) for this fiscal year.</p>
<p>Martin has said the deficit for the fiscal year that ended March 31, 1997 would be under C$16 billion ($11.5 billion), but the final numbers will not be available until this autumn.</p>
<p>The government said the latest monthly surplus was linked to lower spending, coupled with rising revenues from taxes.</p>
<p>&quot;It's the best of both worlds right now,&quot; said Bank of Nova Scotia economist Aron Gampel, citing recent strong economic growth along with sharp cutbacks in government spending.</p>
<p>&quot;These numbers illustrate that the government is winning on all sides of the deficit battle.&quot;</p>
<p>He said the surplus would likely prompt calls from Canadians for the government to loosen its purse strings after years of spending cuts.</p>
<p>Martin has slashed the budget deficit steadily since his Liberal government took office in 1993. The deficit then was about C$43 billion ($31 billion).</p>
<p>The Liberals, who were re-elected last June, have said they would eliminate the deficit within two years. Martin has said he would update the government's deficit projections this autumn.</p>
</text>
<copyright>(c) Reuters Limited 1997</copyright>
<metadata>
<codes class="bip:countries:1.0">
  <code code="CANA">
    <editdetail attribution="Reuters BIP Coding Group" action="confirmed" date="1997-08-15"/>
  </code>
</codes>
<codes class="bip:topics:1.0">
  <code code="E21">
    <editdetail attribution="Reuters BIP Coding Group" action="confirmed" date="1997-08-15"/>
  </code>
  <code code="E211">
    <editdetail attribution="Reuters BIP Coding Group" action="confirmed" date="1997-08-15"/>
  </code>
  <code code="ECAT">
    <editdetail attribution="Reuters BIP Coding Group" action="confirmed" date="1997-08-15"/>
  </code>
</codes>
<dc element="dc.date.created" value="1997-08-15"/>
<dc element="dc.publisher" value="Reuters Holdings Plc"/>
<dc element="dc.date.published" value="1997-08-15"/>
<dc element="dc.source" value="Reuters"/>
<dc element="dc.creator.location" value="OTTAWA"/>
<dc element="dc.creator.location.country.name" value="CANADA"/>
<dc element="dc.source" value="Reuters"/>
</metadata>
</newsitem>
