<?xml version="1.0" encoding="iso-8859-1" ?>
<newsitem itemid="801641" id="root" date="1997-08-15" xml:lang="en">
<title>CANADA: Sask Wheat Pool to build elevator.</title>
<headline>Sask Wheat Pool to build elevator.</headline>
<dateline>LEADER, Saskatchewan 1997-08-15</dateline>
<text>
<p>Saskatchewan Wheat Pool, Canada's largest grain handler, said on Friday that it and 429 farmer-investors plan to begin construction of a 20,000-tonne high through-put elevator in this southwestern Saskatchewan town.</p>
<p>SWP will own 48 percent of the facility, which will also have 10,000 tonnes of condominium storage, with the Great Sandhills Terminal farmers' group owning the rest.</p>
<p>The concrete elevator will have the capacity to load 56 hopper cars on two loading tracks. The investment is part of SWP's three-year plan to spend C$235 million on new elevator facilities. Such elevators usually take a year to build.</p>
<p>((Gilbert Le Gras, Winnipeg Reuters bureau 204 947 3548))</p>
</text>
<copyright>(c) Reuters Limited 1997</copyright>
<metadata>
<codes class="bip:countries:1.0">
  <code code="CANA">
    <editdetail attribution="Reuters BIP Coding Group" action="confirmed" date="1997-08-15"/>
  </code>
</codes>
<codes class="bip:industries:1.0">
  <code code="I01001">
    <editdetail attribution="Reuters BIP Coding Group" action="confirmed" date="1997-08-15"/>
  </code>
  <code code="I0100132">
    <editdetail attribution="Reuters BIP Coding Group" action="confirmed" date="1997-08-15"/>
  </code>
</codes>
<codes class="bip:topics:1.0">
  <code code="C24">
    <editdetail attribution="Reuters BIP Coding Group" action="confirmed" date="1997-08-15"/>
  </code>
  <code code="CCAT">
    <editdetail attribution="Reuters BIP Coding Group" action="confirmed" date="1997-08-15"/>
  </code>
</codes>
<dc element="dc.date.created" value="1997-08-15"/>
<dc element="dc.publisher" value="Reuters Holdings Plc"/>
<dc element="dc.date.published" value="1997-08-15"/>
<dc element="dc.source" value="Reuters"/>
<dc element="dc.creator.location" value="LEADER, Saskatchewan"/>
<dc element="dc.creator.location.country.name" value="CANADA"/>
<dc element="dc.source" value="Reuters"/>
</metadata>
</newsitem>
