<?xml version="1.0" encoding="iso-8859-1" ?>
<newsitem itemid="801656" id="root" date="1997-08-15" xml:lang="en">
<title>CANADA: TABLE - Canlan Investment has Q2 shr loss.</title>
<headline>TABLE - Canlan Investment has Q2 shr loss.</headline>
<dateline>VANCOUVER 1997-08-15</dateline>
<text>
<p>1997			    1996</p>
<p> Shr	   Loss	C$0.90   Profit	C$0.03</p>
<p> Net	   Loss	   800   Profit	   502</p>
<p> Revs			18,000		   12,100</p>
<p>	   6 MONTHS</p>
<p> Shr	   Loss	C$0.08     Loss	C$0.08</p>
<p> Net	   Loss	   458   Profit	 1,189</p>
<p> Revs			31,960		   22,470</p>
<p>		 (All data above 000s except per share numbers)</p>
<p>Note: Full name is Canlan investment Corp</p>
<p>((Reuters Toronto Bureau (416) 941-8100))</p>
</text>
<copyright>(c) Reuters Limited 1997</copyright>
<metadata>
<codes class="bip:countries:1.0">
  <code code="CANA">
    <editdetail attribution="Reuters BIP Coding Group" action="confirmed" date="1997-08-15"/>
  </code>
</codes>
<codes class="bip:industries:1.0">
  <code code="I81502">
    <editdetail attribution="Reuters BIP Coding Group" action="confirmed" date="1997-08-15"/>
  </code>
</codes>
<codes class="bip:topics:1.0">
  <code code="C15">
    <editdetail attribution="Reuters BIP Coding Group" action="confirmed" date="1997-08-15"/>
  </code>
  <code code="C151">
    <editdetail attribution="Reuters BIP Coding Group" action="confirmed" date="1997-08-15"/>
  </code>
  <code code="CCAT">
    <editdetail attribution="Reuters BIP Coding Group" action="confirmed" date="1997-08-15"/>
  </code>
</codes>
<dc element="dc.date.created" value="1997-08-15"/>
<dc element="dc.publisher" value="Reuters Holdings Plc"/>
<dc element="dc.date.published" value="1997-08-15"/>
<dc element="dc.source" value="Reuters"/>
<dc element="dc.creator.location" value="VANCOUVER"/>
<dc element="dc.creator.location.country.name" value="CANADA"/>
<dc element="dc.source" value="Reuters"/>
</metadata>
</newsitem>
