<?xml version="1.0" encoding="iso-8859-1" ?>
<newsitem itemid="801681" id="root" date="1997-08-15" xml:lang="en">
<title>SOUTH AFRICA: S.Africa renames notorious police HQ.</title>
<headline>S.Africa renames notorious police HQ.</headline>
<dateline>JOHANNESBURG 1997-08-15</dateline>
<text>
<p>South Africa's most notorious police station, John Vorster Square, has been renamed to eradicate the memory of one of apartheid's hardline leaders, officials said on Friday.</p>
<p>The bust of the 1970s prime minister will also be removed from the police station, now to be known as Johannesburg Central, where anti-apartheid activists were tortured and some &quot;fell&quot; to their death from upper-storey windows.</p>
<p>John Vorster Square, police headquarters of the country's biggest city, was for many South Africans a symbol of police brutality and a name to be feared.</p>
</text>
<copyright>(c) Reuters Limited 1997</copyright>
<metadata>
<codes class="bip:countries:1.0">
  <code code="SAFR">
    <editdetail attribution="Reuters BIP Coding Group" action="confirmed" date="1997-08-15"/>
  </code>
</codes>
<codes class="bip:topics:1.0">
  <code code="GCAT">
    <editdetail attribution="Reuters BIP Coding Group" action="confirmed" date="1997-08-15"/>
  </code>
  <code code="GCRIM">
    <editdetail attribution="Reuters BIP Coding Group" action="confirmed" date="1997-08-15"/>
  </code>
  <code code="GPOL">
    <editdetail attribution="Reuters BIP Coding Group" action="confirmed" date="1997-08-15"/>
  </code>
</codes>
<dc element="dc.date.created" value="1997-08-15"/>
<dc element="dc.publisher" value="Reuters Holdings Plc"/>
<dc element="dc.date.published" value="1997-08-15"/>
<dc element="dc.source" value="Reuters"/>
<dc element="dc.creator.location" value="JOHANNESBURG"/>
<dc element="dc.creator.location.country.name" value="SOUTH AFRICA"/>
<dc element="dc.source" value="Reuters"/>
</metadata>
</newsitem>
