<?xml version="1.0" encoding="iso-8859-1" ?>
<newsitem itemid="801602" id="root" date="1997-08-15" xml:lang="en">
<title>UK: Tucuman Province $200 mln bond pricing details.</title>
<headline>Tucuman Province $200 mln bond pricing details.</headline>
<dateline>LONDON 1997-08-15</dateline>
<text>
<p>The following bond was priced by lead manager</p>
<p>Bear Stearns.</p>
<p> BORROWER   PROVINCE OF TUCUMAN</p>
<p> AMT    $200 MLN	COUPON     9.45 PCT  MATURITY   *01.AUG.04</p>
<p> TYPE    STRAIGHT     ISS PRICE  PAR	 PAY DATE   S22.AUG.97</p>
<p> FULL FEES  0.75	REOFFER    PAR	 SPREAD	+345 BP</p>
<p> MOODY	=	   LISTING    LUX/BA    PAY FREQ    QUARTERLY</p>
<p> S&amp;P	  =	   DENOMS (K) 1-100     SALE LIMITS =</p>
<p> NEG PLG    YES	 CRS DEFLT  YES	 FORCE MAJ   YES</p>
<p> GOV LAW    NEW YORK  HOME CTRY  ARGENTINA TAX PROVS   STANDARD</p>
<p> MGT/UND    30 BP     SELL CONC  45 BP     PRAECIPUUM  =</p>
<p>UNDERLYING GOVT BOND 6.375 PCT MARCH 2001 U.S. TREASURY NOTE  NOTES    * AVERAGE LIFE 3.6 YEARS</p>
<p> NOTES	SECURED BY TAX RECEIVABLES</p>
<p>	    S SHORT FIRST COUPON</p>
<p>-- London Newsroom +44 171 542 7658</p>
</text>
<copyright>(c) Reuters Limited 1997</copyright>
<metadata>
<codes class="bip:countries:1.0">
  <code code="ARG">
    <editdetail attribution="Reuters BIP Coding Group" action="confirmed" date="1997-08-15"/>
  </code>
  <code code="UK">
    <editdetail attribution="Reuters BIP Coding Group" action="confirmed" date="1997-08-15"/>
  </code>
</codes>
<codes class="bip:topics:1.0">
  <code code="E21">
    <editdetail attribution="Reuters BIP Coding Group" action="confirmed" date="1997-08-15"/>
  </code>
  <code code="E212">
    <editdetail attribution="Reuters BIP Coding Group" action="confirmed" date="1997-08-15"/>
  </code>
  <code code="ECAT">
    <editdetail attribution="Reuters BIP Coding Group" action="confirmed" date="1997-08-15"/>
  </code>
</codes>
<dc element="dc.date.created" value="1997-08-15"/>
<dc element="dc.publisher" value="Reuters Holdings Plc"/>
<dc element="dc.date.published" value="1997-08-15"/>
<dc element="dc.source" value="Reuters"/>
<dc element="dc.creator.location" value="LONDON"/>
<dc element="dc.creator.location.country.name" value="UK"/>
<dc element="dc.source" value="Reuters"/>
</metadata>
</newsitem>
