<?xml version="1.0" encoding="iso-8859-1" ?>
<newsitem itemid="801626" id="root" date="1997-08-15" xml:lang="en">
<title>BRAZIL: GOVERNMENT LIST.</title>
<headline>GOVERNMENT LIST.</headline>
<text>
<p>BRAZIL GOVERNMENT LIST (970815)</p>
<p> President (Sworn in 1 Jan 95).......Fernando Henrique CARDOSO</p>
<p> Vice-President...................................Marco MACIEL</p>
<p>				 - - - - - - -</p>
<p>CABINET: (Sworn in 1 Jan 95, reshuffled 25 Apr 96)</p>
<p>MINISTERS:</p>
<p> Agrarian Reform.................................Raul JUNGMANN</p>
<p> Agriculture.....................................Arlindo PORTO</p>
<p> Air Force....................................Lelio Viana LOBO</p>
<p> Army..............................Zenildo ZOROASTRO de Lucena</p>
<p> Communications.........................Sergio VIEIRA da Motta</p>
<p> Culture..............................Francisco CORREA Weffort</p>
<p> Education...............................Paulo Renato DE SOUZA</p>
<p> Environment....................................Gustavo KRAUSE</p>
<p> Finance...................................Pedro Sampaio MALAN</p>
<p> Foreign Relations........................Luiz Felipe LAMPREIA</p>
<p> Health.....................................Carlos ALBUQUERQUE</p>
<p> Industry &amp; Commerce.......................Francisco DORNELLES</p>
<p> Justice......................................... Iris RESENDE</p>
<p> Labour............................................Paulo PAIVA</p>
<p> Mining &amp; Energy...............................Raimundo BRITTO</p>
<p> Navy............................Mauro Cesar RODRIGUES Pereira</p>
<p> Parliamentary Affairs......................Luiz Carlos SANTOS</p>
<p> Planning.......................................Antonio KANDIR</p>
<p> Science &amp; Technology.......................Jose Israel VARGAS</p>
<p> Social Security...........................Reinholds STEPHANES</p>
<p> Sports...................Edson ARANTES do Nascimento ('PELE')</p>
<p> Transport......................................Eliseu PADILHA</p>
<p>				 - - - - - - -</p>
<p>Joint Chief of Staff of the</p>
<p>    Armed Forces.......................Benedito BEZERRA Leonel</p>
<p>Head of the Civil Office of the</p>
<p>    Presidency.......................Clovis DE BARROS Carvalho</p>
<p>Head of the Military Office of the Presidency.Alberto CARDOSO</p>
<p> National Secretary of Communications.........Roberto MUYLAERT</p>
<p>Secretary of State of the</p>
<p>    Federal Administration.........Luiz Carlos BRESSER Pereira</p>
<p>Secretary of State for</p>
<p>    Strategic Affairs..................Ronaldo MOTA Sardenberg</p>
<p>Secretary-General of the</p>
<p>    Presidency.....................Eduardo Jose CALDAS Pereira</p>
<p>				 - - - - - - -</p>
<p> Central Bank President.........................Gustavo FRANCO</p>
<p>				 - - - - - - -</p>
<p>	 NOTE: Any comments/queries on the content of this</p>
<p>		 government list, please contact the Reuter</p>
<p>		 Editorial Reference Unit, London, on (171) 542</p>
<p>		 7968.</p>
<p>			  (End Government List)</p>
</text>
<copyright>(c) Reuters Limited 1997</copyright>
<metadata>
<codes class="bip:countries:1.0">
  <code code="BRAZ">
    <editdetail attribution="Reuters BIP Coding Group" action="confirmed" date="1997-08-15"/>
  </code>
</codes>
<codes class="bip:topics:1.0">
  <code code="GCAT">
    <editdetail attribution="Reuters BIP Coding Group" action="confirmed" date="1997-08-15"/>
  </code>
  <code code="GPOL">
    <editdetail attribution="Reuters BIP Coding Group" action="confirmed" date="1997-08-15"/>
  </code>
</codes>
<dc element="dc.publisher" value="Reuters Holdings Plc"/>
<dc element="dc.date.published" value="1997-08-15"/>
<dc element="dc.source" value="Reuters"/>
<dc element="dc.creator.location.country.name" value="BRAZIL"/>
<dc element="dc.source" value="Reuters"/>
</metadata>
</newsitem>
