<?xml version="1.0" encoding="iso-8859-1" ?>
<newsitem itemid="801657" id="root" date="1997-08-15" xml:lang="en">
<title>KENYA: Kenya security forces hunt killers of policemen.</title>
<headline>Kenya security forces hunt killers of policemen.</headline>
<byline>Manoah Esipisu</byline>
<dateline>MATUGA, Kenya 1997-08-15</dateline>
<text>
<p>Kenyan security forces hunted killers of seven policemen south of the Indian Ocean city of Mombasa on Friday and a security officer said the toll since Wednesday was at least 21 dead.</p>
<p>The officer, who declined to be identified, told Reuters the 21 people were killed in a raid on Wednesday night and attacks since then and seven police including three women were missing.</p>
<p>National Police Spokesman Peter Kimanthi said earlier six police and seven civilians including five attackers were killed in Wednesday's attack on police posts at Likoni just south of Mombasa.</p>
<p>Speaking in Nairobi, he said a seventh policeman had died on Thursday and one more civilian had died in the area on Friday.</p>
<p>&quot;Those are the bodies we have in the mortuary. If there are other bodies in the bush we don't know about them,&quot; said Kimanthi, denying reports that any police had been abducted.</p>
<p>But the security officer told Reuters four dead civilians were found on Thursday night and two more were found in a pit near Likoni on Friday, taking the toll to at least 21 dead.</p>
<p>He said the policeman who died on Friday had a heart attack on operations and seven police including three women were missing. Nairobi newspapers said the policewomen were abducted.</p>
<p>Kimanthi said nine people were arrested on Friday in Kwale area near Matuga, taking the arrests since Wednesday to 43.</p>
<p>Men from Kenya's police, paramilitary General Service Unit (GSU), army and navy joined the manhunt backed by helicopters focusing on thick bush near Matuga village, 25 km (15 miles) south of Mombasa. Nearly all the village's residents had fled.</p>
<p>The area is hilly and also features some caves.</p>
<p>Mombasa police chief Francis Gichuki on Friday said four people were slashed to death by men armed with machetes in attacks on Thursday night and on Friday and one policeman was missing in action during clashes. He gave no Asked later about the numbers of dead and missing, he declined to comment and only said police were investigating.</p>
<p>Police and GSU stopped traffic on the main road from Mombasa to Tanzania for an hour after suspected gunmen were spotted.</p>
<p>The search operation involving hundreds of men stretched through a tourist haven from Mombasa to the Tanzanian border and was led by intelligence officers flown from the capital Nairobi.</p>
<p>Villagers said they saw youths armed with police issue G-3 rifles which were apparently stolen in Wednesday's raid when scores of attackers seized 28 G-3s and two sub-machineguns.</p>
<p>The Mombasa and Coast Tourist Association told hotels south of the port city on Friday to suspend their bus shuttles and tourists to stay on hotel property until security was restored.</p>
<p>The well-organised assailants on Wednesday burned down two police posts at Likoni in Mombasa and freed Kenyan prisoners.</p>
<p>Kenyan newspapers reflected confusion among officials and witnesses over the precise identity of the attackers who were described as &quot;gangsters&quot; on a night-long well-planned rampage.</p>
<p>But several slogans painted on walls near Matuga pointed to a political motive exacerabated by tribal and land tensions.</p>
<p>&quot;These are not criminals. These are not thugs. Federalism,&quot; said one. &quot;Federalism. Mainlanders should go to their homes,&quot; said another. &quot;Federalism. Justice and Land,&quot; said a third.</p>
<p>Several hundred frightened local residents trekked on Friday to a Roman Catholic church compound at Likoni, carrying a few belongings on their heads. Many said they were too scared to talk to journalists because of the police and army presence.</p>
<p>Wednesday's attack was launched at a time of high political tension in Kenya ahead of a general election later this year.</p>
</text>
<copyright>(c) Reuters Limited 1997</copyright>
<metadata>
<codes class="bip:countries:1.0">
  <code code="KENYA">
    <editdetail attribution="Reuters BIP Coding Group" action="confirmed" date="1997-08-15"/>
  </code>
</codes>
<codes class="bip:topics:1.0">
  <code code="GCAT">
    <editdetail attribution="Reuters BIP Coding Group" action="confirmed" date="1997-08-15"/>
  </code>
  <code code="GCRIM">
    <editdetail attribution="Reuters BIP Coding Group" action="confirmed" date="1997-08-15"/>
  </code>
  <code code="GVIO">
    <editdetail attribution="Reuters BIP Coding Group" action="confirmed" date="1997-08-15"/>
  </code>
</codes>
<dc element="dc.date.created" value="1997-08-15"/>
<dc element="dc.publisher" value="Reuters Holdings Plc"/>
<dc element="dc.date.published" value="1997-08-15"/>
<dc element="dc.source" value="Reuters"/>
<dc element="dc.creator.location" value="MATUGA, Kenya"/>
<dc element="dc.creator.location.country.name" value="KENYA"/>
<dc element="dc.source" value="Reuters"/>
</metadata>
</newsitem>
