<?xml version="1.0" encoding="iso-8859-1" ?>
<newsitem itemid="801649" id="root" date="1997-08-15" xml:lang="en">
<title>CANADA: Canada dollar ends flat after quiet session.</title>
<headline>Canada dollar ends flat after quiet session.</headline>
<text>
<p>FORECAST RANGE   1.3860/1.3915	   ASIAN CLOSE     1.3906</p>
<p>RESISTANCE 1.3922   SUPPORT 1.3850     HI 1.3921   LO  1.3898</p>
<p>CANADA OPEN  1.3893/98   HI 1.3901     EUROPE OPEN     1.3892</p>
<p>PREV CLOSE   1.3903/08   LO 1.3893     HI 1.3912   LO  1.3892</p>
<p>----------------------MARKET COMMENT-------------------------</p>
<p>* Canada's dollar ended around C$1.3903 (US$0.7192) on Friday, softer from opening levels, but unchanged from Thursday's close * Traders said Canada unit has positive bias, trading between C$1.3860 and C$1.3910 heading into Monday's session * Little market reaction to 0.8 pct rise in Canada composite leading indicator for July  </p>
<p>Analysts said low U.S. inflation data released earlier have dampened expectations for a U.S. interest rate hike and a corresponding move by the Bank of Canada.</p>
<p>But interest rate concerns are expected to weigh on financial markets in the months ahead.</p>
<p>&quot;The (U.S. Federal Reserve) may ultimately stay the course, but look for market worries over a fall rate hike to build in the next two months,&quot; CIBC Wood Gundy said in a report. &quot;That may be the push the (Canadian dollar) needs to take aim at C$1.40, forcing the Bank of Canada into a defensive rate hike,&quot; the report said.  </p>
<p>On the crosses, the Canadian dollar rose to 84.36 Japanese yen from 83.03 yen on Thursday and fell to 1.3059 marks from Thursday's 1.3173 marks.</p>
</text>
<copyright>(c) Reuters Limited 1997</copyright>
<metadata>
<codes class="bip:countries:1.0">
  <code code="CANA">
    <editdetail attribution="Reuters BIP Coding Group" action="confirmed" date="1997-08-15"/>
  </code>
</codes>
<codes class="bip:topics:1.0">
  <code code="M13">
    <editdetail attribution="Reuters BIP Coding Group" action="confirmed" date="1997-08-15"/>
  </code>
  <code code="M132">
    <editdetail attribution="Reuters BIP Coding Group" action="confirmed" date="1997-08-15"/>
  </code>
  <code code="MCAT">
    <editdetail attribution="Reuters BIP Coding Group" action="confirmed" date="1997-08-15"/>
  </code>
</codes>
<dc element="dc.publisher" value="Reuters Holdings Plc"/>
<dc element="dc.date.published" value="1997-08-15"/>
<dc element="dc.source" value="Reuters"/>
<dc element="dc.creator.location.country.name" value="CANADA"/>
<dc element="dc.source" value="Reuters"/>
</metadata>
</newsitem>
