<?xml version="1.0" encoding="iso-8859-1" ?>
<newsitem itemid="801603" id="root" date="1997-08-15" xml:lang="en">
<title>UK: LIFFE grains up as buyers ignore sterling.</title>
<headline>LIFFE grains up as buyers ignore sterling.</headline>
<dateline>LONDON 1997-08-15</dateline>
<text>
<p>LIFFE grains ended higher but off highs, after a flurry of mixed interest pushed prices up, and got the market out of the grip of currency, traders said.</p>
<p>Shipper buying in the afternoon, was followed by consumer and merchant interest and created a bandwagon which pushed wheat prices up, one trader said.</p>
<p>Most positions eased just back from highs in the final stages of trade.</p>
<p>&quot;It wasn't following currency,&quot; the trader said.</p>
<p>On wheat, active November last traded 1.40 stg up at 87.50 stg, on volume of 214 lots, of the total 390.</p>
<p>September was most active on barley, with 35 of the total 75 lots. It last traded 0.45 stg higher at 78.25 stg.</p>
<p>A lack of farmer selling limited activity, physical market brokers said. One reckoned the market could soon start to get squeezed by a shortage of grain.</p>
<p>--Christopher Lyddon, London Newsroom +44 171 542 7928</p>
</text>
<copyright>(c) Reuters Limited 1997</copyright>
<metadata>
<codes class="bip:countries:1.0">
  <code code="UK">
    <editdetail attribution="Reuters BIP Coding Group" action="confirmed" date="1997-08-15"/>
  </code>
</codes>
<codes class="bip:topics:1.0">
  <code code="M14">
    <editdetail attribution="Reuters BIP Coding Group" action="confirmed" date="1997-08-15"/>
  </code>
  <code code="M141">
    <editdetail attribution="Reuters BIP Coding Group" action="confirmed" date="1997-08-15"/>
  </code>
  <code code="MCAT">
    <editdetail attribution="Reuters BIP Coding Group" action="confirmed" date="1997-08-15"/>
  </code>
</codes>
<dc element="dc.date.created" value="1997-08-15"/>
<dc element="dc.publisher" value="Reuters Holdings Plc"/>
<dc element="dc.date.published" value="1997-08-15"/>
<dc element="dc.source" value="Reuters"/>
<dc element="dc.creator.location" value="LONDON"/>
<dc element="dc.creator.location.country.name" value="UK"/>
<dc element="dc.source" value="Reuters"/>
</metadata>
</newsitem>
