<?xml version="1.0" encoding="iso-8859-1" ?>
<newsitem itemid="801640" id="root" date="1997-08-15" xml:lang="en">
<title>CANADA: WCE canola ends up on crusher demand, short cover.</title>
<headline>WCE canola ends up on crusher demand, short cover.</headline>
<dateline>WINNIPEG 1997-08-15</dateline>
<text>
<p>Winnipeg Commodity Exchange canola closed higher on local short covering and crusher demand, traders said.</p>
<p>&quot;Crushers bought 300 November. UGG and RBC-DS bought at the close, there were hedges at the high end of the trade,&quot; a trader said.</p>
<p>November WCE canola crush profit margin fell to -18.06 Friday from -17.38 Thursday. Sep-Nov spread $2-$1.50.</p>
<p>November canola rose $2.10 to close at $361.80 and January was up $1.80 at $365.30. November flax rose $3.90 to $302.20 on local and commercial demand.</p>
<p>November canola spread to November flax from $61 to $60.</p>
<p>Commercials bought October peas down US$0.60 at US$167.50.</p>
<p>Commission houses sold October western barley down $1.40 at $133.10 and December fell $1.40 to $135.20 as locals sold. About 100 Oct-Dec spread at $2. Volume was 775 lots.</p>
<p>October feed wheat fell $1.90 to $157.60, December down $2 at $157.50 with UGG the best seller, a trader said. Volume was 340 lots. Oats did not trade.</p>
<p>(All values in Canadian dollars per tonne except oats, feed peas.)</p>
<p>((Gilbert Le Gras, Winnipeg Reuters bureau 204 947 3548))</p>
</text>
<copyright>(c) Reuters Limited 1997</copyright>
<metadata>
<codes class="bip:countries:1.0">
  <code code="CANA">
    <editdetail attribution="Reuters BIP Coding Group" action="confirmed" date="1997-08-15"/>
  </code>
</codes>
<codes class="bip:topics:1.0">
  <code code="M14">
    <editdetail attribution="Reuters BIP Coding Group" action="confirmed" date="1997-08-15"/>
  </code>
  <code code="M141">
    <editdetail attribution="Reuters BIP Coding Group" action="confirmed" date="1997-08-15"/>
  </code>
  <code code="MCAT">
    <editdetail attribution="Reuters BIP Coding Group" action="confirmed" date="1997-08-15"/>
  </code>
</codes>
<dc element="dc.date.created" value="1997-08-15"/>
<dc element="dc.publisher" value="Reuters Holdings Plc"/>
<dc element="dc.date.published" value="1997-08-15"/>
<dc element="dc.source" value="Reuters"/>
<dc element="dc.creator.location" value="WINNIPEG"/>
<dc element="dc.creator.location.country.name" value="CANADA"/>
<dc element="dc.source" value="Reuters"/>
</metadata>
</newsitem>
