<?xml version="1.0" encoding="iso-8859-1" ?>
<newsitem itemid="801617" id="root" date="1997-08-15" xml:lang="en">
<title>UK: Frontline says encouraged by bond market.</title>
<headline>Frontline says encouraged by bond market.</headline>
<dateline>LONDON 1997-08-15</dateline>
<text>
<p>A buoyant market for tanker company bond issues has encouraged Frontline Ltd to consider its own issue to finance four VLCCs, the tanker company said on Friday.</p>
<p>Frontline director Tor Olav Troim told Reuters: &quot;We have seen what has been going on in the bond market over the past two months, and believe it may be a good way to finance these new ships.&quot;</p>
<p>He cited the recent bond issues launched by Global Ocean Carriers Ltd,  Golden Ocean Group Ltd and Equimar Shipholdings Ltd, a subsidiary of B&amp;H Ocean Carriers Ltd.</p>
<p>&quot;We have seen what those tanker firms have done,&quot; said Troim. &quot;If investors continue to look for a 10 percent annual return, then we have to use the bond market.&quot;</p>
<p>He reaffirmed Frontline's intention to seek a secondary listing in the US later this year. The firm is already listed in Oslo.</p>
<p>But Troim refused to comment on the progress of negotiations for the possible acquisition of London &amp; Overseas Freighters Plc.</p>
<p>&quot;You will have to get an answer out of LOFs on that one,&quot; he said.</p>
<p>The Bermuda-based tanker owner said earlier it was looking at a bond issue to finance the construction of four VLCCs, set to be built at South Korea's Hyundai Heavy Industries. -Reuters Shipping News +44 171 542 4087/4012 Fax 542 5017</p>
</text>
<copyright>(c) Reuters Limited 1997</copyright>
<metadata>
<codes class="bip:countries:1.0">
  <code code="UK">
    <editdetail attribution="Reuters BIP Coding Group" action="confirmed" date="1997-08-15"/>
  </code>
</codes>
<codes class="bip:industries:1.0">
  <code code="I74000">
    <editdetail attribution="Reuters BIP Coding Group" action="confirmed" date="1997-08-15"/>
  </code>
</codes>
<codes class="bip:topics:1.0">
  <code code="C17">
    <editdetail attribution="Reuters BIP Coding Group" action="confirmed" date="1997-08-15"/>
  </code>
  <code code="C172">
    <editdetail attribution="Reuters BIP Coding Group" action="confirmed" date="1997-08-15"/>
  </code>
  <code code="CCAT">
    <editdetail attribution="Reuters BIP Coding Group" action="confirmed" date="1997-08-15"/>
  </code>
</codes>
<dc element="dc.date.created" value="1997-08-15"/>
<dc element="dc.publisher" value="Reuters Holdings Plc"/>
<dc element="dc.date.published" value="1997-08-15"/>
<dc element="dc.source" value="Reuters"/>
<dc element="dc.creator.location" value="LONDON"/>
<dc element="dc.creator.location.country.name" value="UK"/>
<dc element="dc.source" value="Reuters"/>
</metadata>
</newsitem>
