<?xml version="1.0" encoding="iso-8859-1" ?>
<newsitem itemid="801759" id="root" date="1997-08-15" xml:lang="en">
<title>USA: Amylin cites results from Phase III study.</title>
<headline>Amylin cites results from Phase III study.</headline>
<dateline>SAN DIEGO 1997-08-15</dateline>
<text>
<p>Amylin Pharmaceuticals Inc said an initial Phase III study showed its diabetes drug candidate, pramlintide, improved metabolic control in people with Type 1 diabetes.</p>
<p>Metabolic benefits included improved glucose control without increased risk of hypoglycemia and improved weight control and cholesterol profiles.  Pramlintide is a synthetic analog of the human hormone amylin which is deficient in patients with diabetes who use insulin.</p>
</text>
<copyright>(c) Reuters Limited 1997</copyright>
<metadata>
<codes class="bip:countries:1.0">
  <code code="USA">
    <editdetail attribution="Reuters BIP Coding Group" action="confirmed" date="1997-08-15"/>
  </code>
</codes>
<codes class="bip:industries:1.0">
  <code code="I25700">
    <editdetail attribution="Reuters BIP Coding Group" action="confirmed" date="1997-08-15"/>
  </code>
</codes>
<codes class="bip:topics:1.0">
  <code code="C23">
    <editdetail attribution="Reuters BIP Coding Group" action="confirmed" date="1997-08-15"/>
  </code>
  <code code="CCAT">
    <editdetail attribution="Reuters BIP Coding Group" action="confirmed" date="1997-08-15"/>
  </code>
  <code code="GCAT">
    <editdetail attribution="Reuters BIP Coding Group" action="confirmed" date="1997-08-15"/>
  </code>
  <code code="GHEA">
    <editdetail attribution="Reuters BIP Coding Group" action="confirmed" date="1997-08-15"/>
  </code>
</codes>
<dc element="dc.date.created" value="1997-08-15"/>
<dc element="dc.publisher" value="Reuters Holdings Plc"/>
<dc element="dc.date.published" value="1997-08-15"/>
<dc element="dc.source" value="Reuters"/>
<dc element="dc.creator.location" value="SAN DIEGO"/>
<dc element="dc.creator.location.country.name" value="USA"/>
<dc element="dc.source" value="Reuters"/>
</metadata>
</newsitem>
