<?xml version="1.0" encoding="iso-8859-1" ?>
<newsitem itemid="801750" id="root" date="1997-08-15" xml:lang="en">
<title>USA: Bell Atlantic to invest $5 billion in wireline network.</title>
<headline>Bell Atlantic to invest $5 billion in wireline network.</headline>
<byline>Eric Auchard</byline>
<dateline>NEW YORK</dateline>
<text>
<p>Bell Atlantic Corp., whose $25.6 billion merger with Nynex Corp. was approved Thursday, said Friday it plans to invest $5 billion to upgrade its telephone network as it prepares for a push into the long-distance market.</p>
<p>The company said it aims to capture at least 25 percent of the long-distance market in its region in the next five years.</p>
<p>In a statement marking completion of the merger, Bell Atlantic said it will offer in-region long-distance service &quot;as soon as possible,&quot; adding that this could provide $20 billion in sales for the merged company.</p>
<p>The Federal Communications Commission on Thursday approved the merger of Bell Atlantic Corp. and Nynex, which forms the largest local carrier and No. 2 phone company after AT&amp;T Corp. The company's combined sales will be close to $30 billion.</p>
<p>At a news conference in New York, Bell Atlantic executives said they believe the company has a head start on other Baby Bells to win regulatory approval to offer long-distance phone service in its 12-state local service region.</p>
<p>Bell Atlantic Chairman Raymond Smith said the merged company was &quot;more uniquely positioned to get into long-distance than any of the other companies.&quot;</p>
<p>He and other officials said the conditions agreed to with the FCC for approval of the merger gave the company a lead in long-distance. The commitments are meant to lower barriers to competition in Bell Atlantic's local service region stretching from Maine to Virginia. Regulators want such barriers to drop before allowing Baby Bells to offer long-distance services.</p>
<p>&quot;We think they would look favorably&quot; on a regulatory application to enter the long-distance market, one Bell Atlantic executive said, referring to the FCC.</p>
<p>The officials said the company has no plans to use the courts to win entry to the long-distance market, a tactic that SBC Communications Inc. and Ameritech Corp. have pursued.</p>
<p>&quot;We think we will be in long-distance very soon,&quot; Smith said.</p>
<p>&quot;The next issues for us (are) to move slowly into video and aggressively into long-distance,&quot; said Bell Atlantic Vice President Ivan Seidenberg.</p>
<p>Discussing the executive succession plans for the company, Smith disputed a report that he might have hesitations about carrying through on making Seidenberg his successor.</p>
<p>&quot;I think that there was a misunderstanding,&quot; Smith said, referring to a recent Wall Street Journal article. &quot;What I am saying is that there are no guarantees in life.&quot;</p>
<p>But he quickly stressed that &quot;Ivan is my candidate. He is the person the board has accepted,&quot; Smith said, adding that the Seidenberg's employment agreement was &quot;pretty air-tight.&quot;</p>
<p>Smith is scheduled to remain chairman and CEO for a year after the merger is completed. Seidenberg would become CEO by August 1998 and take on the post of chairman after Smith retires.</p>
<p>Bell Atlantic stock fell 25 cents to $75.69 in late trading on the New York Stock Exchange.</p>
</text>
<copyright>(c) Reuters Limited 1997</copyright>
<metadata>
<codes class="bip:countries:1.0">
  <code code="USA">
    <editdetail attribution="Reuters BIP Coding Group" action="confirmed" date="1997-08-15"/>
  </code>
</codes>
<codes class="bip:industries:1.0">
  <code code="I79020">
    <editdetail attribution="Reuters BIP Coding Group" action="confirmed" date="1997-08-15"/>
  </code>
</codes>
<codes class="bip:topics:1.0">
  <code code="C24">
    <editdetail attribution="Reuters BIP Coding Group" action="confirmed" date="1997-08-15"/>
  </code>
  <code code="C31">
    <editdetail attribution="Reuters BIP Coding Group" action="confirmed" date="1997-08-15"/>
  </code>
  <code code="C313">
    <editdetail attribution="Reuters BIP Coding Group" action="confirmed" date="1997-08-15"/>
  </code>
  <code code="CCAT">
    <editdetail attribution="Reuters BIP Coding Group" action="confirmed" date="1997-08-15"/>
  </code>
</codes>
<dc element="dc.publisher" value="Reuters Holdings Plc"/>
<dc element="dc.date.published" value="1997-08-15"/>
<dc element="dc.source" value="Reuters"/>
<dc element="dc.creator.location" value="NEW YORK"/>
<dc element="dc.creator.location.country.name" value="USA"/>
<dc element="dc.source" value="Reuters"/>
</metadata>
</newsitem>
