<?xml version="1.0" encoding="iso-8859-1" ?>
<newsitem itemid="801757" id="root" date="1997-08-15" xml:lang="en">
<title>USA: Florida judge's ruling strengthens tobacco's defense.</title>
<headline>Florida judge's ruling strengthens tobacco's defense.</headline>
<byline>Stephen Rothman</byline>
<dateline>WEST PALM BEACH, Fla. 1997-08-15</dateline>
<text>
<p>A Florida judge presiding over the state's $1 billion lawsuit against the tobacco industry said on Friday that cigarette makers will be allowed to present evidence that their advertising did not mislead the public about the dangers of smoking.</p>
<p>Palm Beach Circuit Judge Harold Cohen also said the tobacco companies may introduce documents or direct testimony from corporate executives to show there never was any intent to mislead anyone about the hazards of smoking.</p>
<p>&quot;I am going to allow relevent evidence that the defendants believe (showed) the public was aware of the risks of smoking because the information was in the public domain,&quot; he ruled.</p>
<p>However, Cohen made it clear that the only documents the tobacco companies could use to rebut the state's charges of fraudulent advertising and racketeering were those that company officials relied on in making their decision.</p>
<p>The ruling pertained only with the racketeering and fraud counts of Florida's landmark lawsuit against the industry, which seeks to recover the costs of treating Medicaid recipients with smoking-related illnesses.</p>
<p>It did not affect a prior ruling by Cohen, in which he said the industry could not use public knowledge about the dangers of smoking as a defense against the state's Medicaid allegations.</p>
<p>In that ruling, Cohen said the only defenses the tobacco companies could use were that their cigarettes were not defective, that they did not cause the harm claimed by the defendants and consequently were not responsible for the expense the state incurred in caring for Medicaid patients.</p>
<p>David Bernick, who represents the British American Tobacco Co., said defense attorneys were &quot;grateful that the court recognized ... we had the right to demonstrate that we had no criminal intent.&quot;</p>
<p>Michael Maher, one of Florida's attorneys, said the ruling was &quot;a strong decision in the state's favor&quot; because it could bring tobacco company executives to the witness stand.</p>
<p>&quot;It forces the defendants to bring their executives who made the decision to court to explain why and how they made their decisions,&quot; he said.</p>
<p>Attorneys for the two sides will begin individual questioning of jury candidates on Monday. During two weeks of pre-screening, Cohen winnowed a jury pool of more than 300 to 124, from which six jurors and nine alternates will be chosen.</p>
<p>Opening arguments are expected to take place soon after Labor Day with the trial lasting until January.</p>
<p>Cohen also said he would hold a hearing before the end of August on whether Florida could use any of the widely published Brown &amp; Williamson Tobacco Corp. documents at trial.</p>
<p>The tobacco companies claim the documents were stolen and cannot be used. If the documents were stolen, Cohen said, they may not be used during the trial any more than attorneys could use evidence obtained illegally in a criminal trial.</p>
<p>&quot;We look forward to showing just how these document were obtained,&quot; said Stephen Kriegbaum, a Philip Morris attorney.</p>
<p>J. Anderson Berly, one of Florida's attorneys, said the documents may have been originally stolen but Florida obtained them legally through a court order in a Mississppi case.</p>
</text>
<copyright>(c) Reuters Limited 1997</copyright>
<metadata>
<codes class="bip:countries:1.0">
  <code code="USA">
    <editdetail attribution="Reuters BIP Coding Group" action="confirmed" date="1997-08-15"/>
  </code>
</codes>
<codes class="bip:industries:1.0">
  <code code="I42900">
    <editdetail attribution="Reuters BIP Coding Group" action="confirmed" date="1997-08-15"/>
  </code>
  <code code="I83960">
    <editdetail attribution="Reuters BIP Coding Group" action="confirmed" date="1997-08-15"/>
  </code>
</codes>
<codes class="bip:topics:1.0">
  <code code="C12">
    <editdetail attribution="Reuters BIP Coding Group" action="confirmed" date="1997-08-15"/>
  </code>
  <code code="CCAT">
    <editdetail attribution="Reuters BIP Coding Group" action="confirmed" date="1997-08-15"/>
  </code>
  <code code="GCAT">
    <editdetail attribution="Reuters BIP Coding Group" action="confirmed" date="1997-08-15"/>
  </code>
  <code code="GCRIM">
    <editdetail attribution="Reuters BIP Coding Group" action="confirmed" date="1997-08-15"/>
  </code>
</codes>
<dc element="dc.date.created" value="1997-08-15"/>
<dc element="dc.publisher" value="Reuters Holdings Plc"/>
<dc element="dc.date.published" value="1997-08-15"/>
<dc element="dc.source" value="Reuters"/>
<dc element="dc.creator.location" value="WEST PALM BEACH, Fla."/>
<dc element="dc.creator.location.country.name" value="USA"/>
<dc element="dc.source" value="Reuters"/>
</metadata>
</newsitem>
