<?xml version="1.0" encoding="iso-8859-1" ?>
<newsitem itemid="801733" id="root" date="1997-08-15" xml:lang="en">
<title>SOUTH AFRICA: TABLE - New Wits yr headline shr eases.</title>
<headline>TABLE - New Wits yr headline shr eases.</headline>
<dateline>JOHANNESBURG 1997-08-15</dateline>
<text>
<p>Year ended June 30</p>
<p>			(million rand unless stated)</p>
<p>Shr, (cts)</p>
<p>    - headline		 68	   vs   69</p>
<p>    - attrib		   11	   vs   69</p>
<p>    Div (cts)		  52	   vs   52</p>
<p>    Pre-tax		     3.39	vs   21.16</p>
<p>    Tax			   nil	 vs    nil</p>
<p>    Interest received	 0.75	vs    0.27</p>
<p>    Investment income	22.37	vs   18.97</p>
<p>Div payable: October 1</p>
<p>On register: August 29</p>
<p>Full name: New Wits Ltd</p>
<p>NOTE - The company said headline earnings were stated after the exclusion of the amounts attributable to members in respect of surpluses on the realisation of strategic investments and amounts written off investments.</p>
<p>-- Johannesburg newsroom +27 11 482 1003</p>
<p>	 e-mail: johannesburg.newsroom@reuters.com</p>
</text>
<copyright>(c) Reuters Limited 1997</copyright>
<metadata>
<codes class="bip:countries:1.0">
  <code code="SAFR">
    <editdetail attribution="Reuters BIP Coding Group" action="confirmed" date="1997-08-15"/>
  </code>
</codes>
<codes class="bip:industries:1.0">
  <code code="I21000">
    <editdetail attribution="Reuters BIP Coding Group" action="confirmed" date="1997-08-15"/>
  </code>
</codes>
<codes class="bip:topics:1.0">
  <code code="C15">
    <editdetail attribution="Reuters BIP Coding Group" action="confirmed" date="1997-08-15"/>
  </code>
  <code code="C151">
    <editdetail attribution="Reuters BIP Coding Group" action="confirmed" date="1997-08-15"/>
  </code>
  <code code="C1511">
    <editdetail attribution="Reuters BIP Coding Group" action="confirmed" date="1997-08-15"/>
  </code>
  <code code="CCAT">
    <editdetail attribution="Reuters BIP Coding Group" action="confirmed" date="1997-08-15"/>
  </code>
</codes>
<dc element="dc.date.created" value="1997-08-15"/>
<dc element="dc.publisher" value="Reuters Holdings Plc"/>
<dc element="dc.date.published" value="1997-08-15"/>
<dc element="dc.source" value="Reuters"/>
<dc element="dc.creator.location" value="JOHANNESBURG"/>
<dc element="dc.creator.location.country.name" value="SOUTH AFRICA"/>
<dc element="dc.source" value="Reuters"/>
</metadata>
</newsitem>
