<?xml version="1.0" encoding="iso-8859-1" ?>
<newsitem itemid="801778" id="root" date="1997-08-15" xml:lang="en">
<title>USA: Standard Funding Q2 net slightly higher.</title>
<headline>Standard Funding Q2 net slightly higher.</headline>
<dateline>WOODBURY, N.Y. 1997-08-15</dateline>
<text>
<p>Standard Funding Corp</p>
<p>		     6 Mos ended 6/30	    3 Mos ended 6/30</p>
<p>Revenue	$3,195,346  $2,714,973   $1,605,845  $1,395,949</p>
<p>Net income     $298,544    $280,273     $153,527    $141,439</p>
<p>Net EPS	     $0.11	 $0.10	  $0.06	 $0.05</p>
<p>Avg shrs	2,760,000   2,760,000    2,760,000   2,760,000</p>
</text>
<copyright>(c) Reuters Limited 1997</copyright>
<metadata>
<codes class="bip:countries:1.0">
  <code code="USA">
    <editdetail attribution="Reuters BIP Coding Group" action="confirmed" date="1997-08-15"/>
  </code>
</codes>
<codes class="bip:topics:1.0">
  <code code="C15">
    <editdetail attribution="Reuters BIP Coding Group" action="confirmed" date="1997-08-15"/>
  </code>
  <code code="C151">
    <editdetail attribution="Reuters BIP Coding Group" action="confirmed" date="1997-08-15"/>
  </code>
  <code code="CCAT">
    <editdetail attribution="Reuters BIP Coding Group" action="confirmed" date="1997-08-15"/>
  </code>
</codes>
<dc element="dc.date.created" value="1997-08-15"/>
<dc element="dc.publisher" value="Reuters Holdings Plc"/>
<dc element="dc.date.published" value="1997-08-15"/>
<dc element="dc.source" value="Reuters"/>
<dc element="dc.creator.location" value="WOODBURY, N.Y."/>
<dc element="dc.creator.location.country.name" value="USA"/>
<dc element="dc.source" value="Reuters"/>
</metadata>
</newsitem>
