<?xml version="1.0" encoding="iso-8859-1" ?>
<newsitem itemid="801783" id="root" date="1997-08-15" xml:lang="en">
<title>USA: TABLE - Strategic Solutions Q2 loss narrows.</title>
<headline>TABLE - Strategic Solutions Q2 loss narrows.</headline>
<dateline>ANNAPOLIS, Md. 1997-08-15</dateline>
<text>
<p>STRATEGIC SOLUTIONS GROUP, INC.</p>
<p>			   Three Months Ended  Six Months Ended</p>
<p>				  June 30,	     June 30,</p>
<p>			   1997	 1996	 1997	   1996</p>
<p> Revenues	$1,758,402    $154,854 $3,496,131     $401,825</p>
<p> Net Loss	 (466,286)   (587,433)  (955,296)  (1,349,636)</p>
<p>Net Loss Per</p>
<p>   Share	     (0.27)	(0.40)     (0.58)	 (0.93)</p>
<p>Weighted Average</p>
<p>of Common Shares</p>
<p>  Outstanding   1,733,839   1,459,922  1,659,152    1,450,473</p>
<p>((-- New York Newsdesk 212 859-1610))</p>
</text>
<copyright>(c) Reuters Limited 1997</copyright>
<metadata>
<codes class="bip:countries:1.0">
  <code code="USA">
    <editdetail attribution="Reuters BIP Coding Group" action="confirmed" date="1997-08-15"/>
  </code>
</codes>
<codes class="bip:industries:1.0">
  <code code="I33020">
    <editdetail attribution="Reuters BIP Coding Group" action="confirmed" date="1997-08-15"/>
  </code>
  <code code="I3302021">
    <editdetail attribution="Reuters BIP Coding Group" action="confirmed" date="1997-08-15"/>
  </code>
</codes>
<codes class="bip:topics:1.0">
  <code code="C15">
    <editdetail attribution="Reuters BIP Coding Group" action="confirmed" date="1997-08-15"/>
  </code>
  <code code="C151">
    <editdetail attribution="Reuters BIP Coding Group" action="confirmed" date="1997-08-15"/>
  </code>
  <code code="CCAT">
    <editdetail attribution="Reuters BIP Coding Group" action="confirmed" date="1997-08-15"/>
  </code>
</codes>
<dc element="dc.date.created" value="1997-08-15"/>
<dc element="dc.publisher" value="Reuters Holdings Plc"/>
<dc element="dc.date.published" value="1997-08-15"/>
<dc element="dc.source" value="Reuters"/>
<dc element="dc.creator.location" value="ANNAPOLIS, Md."/>
<dc element="dc.creator.location.country.name" value="USA"/>
<dc element="dc.source" value="Reuters"/>
</metadata>
</newsitem>
