<?xml version="1.0" encoding="iso-8859-1" ?>
<newsitem itemid="801722" id="root" date="1997-08-15" xml:lang="en">
<title>KENYA: PRESS DIGEST - Kenya - Aug 15.</title>
<headline>PRESS DIGEST - Kenya - Aug 15.</headline>
<dateline>NAIROBI 1997-08-15</dateline>
<text>
<p>These are the leading stories in the Kenyan press on Friday. Reuters has not verified these stories and does not vouch for their accuracy.</p>
<p>DAILY NATION</p>
<p>- Thirteen people including six policemen are killed in Likoni, Mombasa in a raid by gangsters in which 30 guns are stolen and property destroyed.</p>
<p>- U.S. Ambassador Prudence Bushnell says the United States will not dictate to Kenyans what kind of constitution or political system they should have.</p>
<p>- A special general meeting of the Kenya Planters Cooperative Union removes three directors and recommends the sacking of Managing Director James Nyagah.</p>
<p>EAST AFRICAN STANDARD</p>
<p>- Thirteen people including six policemen are massacred when about 500 raiders unleash a night of terror at Likoni in Mombasa.</p>
<p>- The European Union urges Kenyan political parties to engage in serious dialogue on the reform process.</p>
<p>- Finance magazine is warned by the high court to stop defaming businessman Kamlesh Pattni.</p>
<p>KENYA TIMES</p>
<p>- Minister in charge of Internal Security Jackson Kalweo vows tough government action against the Likoni killers.</p>
<p>- Kenya and Jordan sign a memorandum of understanding to promote business between the two countries.</p>
<p>- Nairobi Mayor Dick Waweru vows to hold his own annual general meeting despite being voted out of the chairmanship of a powerful committee.</p>
<p>THE PEOPLE</p>
<p>- Finance Minister Musalia Mudavadi and Central Bank Governor Micah Cheserem come under pressure from senior ministers to resign of be sacked.</p>
<p>- Employees of Eldoret-based Rift Valley textiles say 75 million shillings are missing from their staff retirement scheme. ($1=60.97 Kenyan Shillings)</p>
</text>
<copyright>(c) Reuters Limited 1997</copyright>
<metadata>
<codes class="bip:countries:1.0">
  <code code="KENYA">
    <editdetail attribution="Reuters BIP Coding Group" action="confirmed" date="1997-08-15"/>
  </code>
</codes>
<codes class="bip:topics:1.0">
  <code code="GCAT">
    <editdetail attribution="Reuters BIP Coding Group" action="confirmed" date="1997-08-15"/>
  </code>
</codes>
<dc element="dc.date.created" value="1997-08-15"/>
<dc element="dc.publisher" value="Reuters Holdings Plc"/>
<dc element="dc.date.published" value="1997-08-15"/>
<dc element="dc.source" value="Reuters"/>
<dc element="dc.creator.location" value="NAIROBI"/>
<dc element="dc.creator.location.country.name" value="KENYA"/>
<dc element="dc.source" value="Reuters"/>
</metadata>
</newsitem>
