<?xml version="1.0" encoding="iso-8859-1" ?>
<newsitem itemid="801744" id="root" date="1997-08-15" xml:lang="en">
<title>SOUTH AFRICA: TABLE - Scharrighuisen raises half yr shr.</title>
<headline>TABLE - Scharrighuisen raises half yr shr.</headline>
<dateline>JOHANNESBURG 1997-08-15</dateline>
<text>
<p>Half year ended June 30</p>
<p>			(million rand unless stated)</p>
<p>Shr, (cts)</p>
<p>    - attrib		   39	   vs   29</p>
<p>    Attrib income	    12.81	vs    9.61</p>
<p>    Pre-tax		    24.47	vs   15.59</p>
<p>    Tax			   3.41	vs    0.65</p>
<p>    Finance charges	   9.36	vs    3.26</p>
<p>    Turnover		  226.72	vs  178.48</p>
<p>Full name: Scharrighuisen Holdings Ltd</p>
<p>-- Johannesburg newsroom +27 11 482 1003</p>
<p>e-mail: johannesburg.newsroom@reuters.com</p>
</text>
<copyright>(c) Reuters Limited 1997</copyright>
<metadata>
<codes class="bip:countries:1.0">
  <code code="SAFR">
    <editdetail attribution="Reuters BIP Coding Group" action="confirmed" date="1997-08-15"/>
  </code>
</codes>
<codes class="bip:topics:1.0">
  <code code="C15">
    <editdetail attribution="Reuters BIP Coding Group" action="confirmed" date="1997-08-15"/>
  </code>
  <code code="C151">
    <editdetail attribution="Reuters BIP Coding Group" action="confirmed" date="1997-08-15"/>
  </code>
  <code code="CCAT">
    <editdetail attribution="Reuters BIP Coding Group" action="confirmed" date="1997-08-15"/>
  </code>
</codes>
<dc element="dc.date.created" value="1997-08-15"/>
<dc element="dc.publisher" value="Reuters Holdings Plc"/>
<dc element="dc.date.published" value="1997-08-15"/>
<dc element="dc.source" value="Reuters"/>
<dc element="dc.creator.location" value="JOHANNESBURG"/>
<dc element="dc.creator.location.country.name" value="SOUTH AFRICA"/>
<dc element="dc.source" value="Reuters"/>
</metadata>
</newsitem>
