<?xml version="1.0" encoding="iso-8859-1" ?>
<newsitem itemid="801720" id="root" date="1997-08-15" xml:lang="en">
<title>SOUTH AFRICA: Interleisure surges after strong yr results.</title>
<headline>Interleisure surges after strong yr results.</headline>
<dateline>JOHANNESBURG 1997-08-14</dateline>
<text>
<p>Shares in South African entertainment group Interleisure Ltd surged to a new 12-month high on Friday after the firm raised its attributable earnings to 41.5 cents from 25.4 cents in the year ended June 30, dealers said.</p>
<p>By about 0815 GMT Interleisure was up 20 cents at 910 cents with volumes just over 116,000 rand.</p>
<p>&quot;I think this rise is mainly on the back of their results. They had very good results,&quot; one dealer at the Johannesburg Stock Exchange said.  </p>
<p>Interleisure's earnings per share, before exceptional items were up at 31.6 from 27.2 cents when it reported on Thursday.</p>
<p>The dividend was held slightly down at 6.75 cents versus 12.5 cent in the last period.</p>
<p>The firm said, however, it would not be paying out the final dividends due to its unbundling moves after it agreed to sell the majority of its businesses to Primedia Ltd for 1.5 billion rand last month.</p>
<p>-- Ellis Mnyandu, Johannesburg newsroom +27 11 482 1003</p>
<p>	 E-mail: johannesburg.newsroom@reuters.com</p>
</text>
<copyright>(c) Reuters Limited 1997</copyright>
<metadata>
<codes class="bip:countries:1.0">
  <code code="SAFR">
    <editdetail attribution="Reuters BIP Coding Group" action="confirmed" date="1997-08-15"/>
  </code>
</codes>
<codes class="bip:industries:1.0">
  <code code="I81502">
    <editdetail attribution="Reuters BIP Coding Group" action="confirmed" date="1997-08-15"/>
  </code>
  <code code="I97412">
    <editdetail attribution="Reuters BIP Coding Group" action="confirmed" date="1997-08-15"/>
  </code>
</codes>
<codes class="bip:topics:1.0">
  <code code="C15">
    <editdetail attribution="Reuters BIP Coding Group" action="confirmed" date="1997-08-15"/>
  </code>
  <code code="C152">
    <editdetail attribution="Reuters BIP Coding Group" action="confirmed" date="1997-08-15"/>
  </code>
  <code code="CCAT">
    <editdetail attribution="Reuters BIP Coding Group" action="confirmed" date="1997-08-15"/>
  </code>
</codes>
<dc element="dc.date.created" value="1997-08-14"/>
<dc element="dc.publisher" value="Reuters Holdings Plc"/>
<dc element="dc.date.published" value="1997-08-15"/>
<dc element="dc.source" value="Reuters"/>
<dc element="dc.creator.location" value="JOHANNESBURG"/>
<dc element="dc.creator.location.country.name" value="SOUTH AFRICA"/>
<dc element="dc.source" value="Reuters"/>
</metadata>
</newsitem>
