<?xml version="1.0" encoding="iso-8859-1" ?>
<newsitem itemid="801798" id="root" date="1997-08-15" xml:lang="en">
<title>USA: Hartford Life assumes $100 mln in policies.</title>
<headline>Hartford Life assumes $100 mln in policies.</headline>
<dateline>SIMSBURY, Conn 1997-08-14</dateline>
<text>
<p>Hartford Life and Accident Insurance Co said Friday it will assume a block of predominantly group life and disability insurance business from Confederation Life Insurance Co U.S. in Rehabilitation.</p>
<p>Hartford Life, a group disability insurance company and member of The Hartford Financial Services Group Inc, said in a statement it will assume more than $100 million in policy reserves, affecting about 6,000 policyholders, claimants and beneficiaries.</p>
<p>Hartford Life has been involved in the assumption of more than $5 billion worth of insurance business over the past five years, representing more than 250,000 policyholders, it said.</p>
<p>((-- New York Newsdesk 212 859 1610))</p>
</text>
<copyright>(c) Reuters Limited 1997</copyright>
<metadata>
<codes class="bip:countries:1.0">
  <code code="USA">
    <editdetail attribution="Reuters BIP Coding Group" action="confirmed" date="1997-08-15"/>
  </code>
</codes>
<codes class="bip:industries:1.0">
  <code code="I82000">
    <editdetail attribution="Reuters BIP Coding Group" action="confirmed" date="1997-08-15"/>
  </code>
  <code code="I82002">
    <editdetail attribution="Reuters BIP Coding Group" action="confirmed" date="1997-08-15"/>
  </code>
</codes>
<codes class="bip:topics:1.0">
  <code code="C18">
    <editdetail attribution="Reuters BIP Coding Group" action="confirmed" date="1997-08-15"/>
  </code>
  <code code="C182">
    <editdetail attribution="Reuters BIP Coding Group" action="confirmed" date="1997-08-15"/>
  </code>
  <code code="CCAT">
    <editdetail attribution="Reuters BIP Coding Group" action="confirmed" date="1997-08-15"/>
  </code>
</codes>
<dc element="dc.date.created" value="1997-08-14"/>
<dc element="dc.publisher" value="Reuters Holdings Plc"/>
<dc element="dc.date.published" value="1997-08-15"/>
<dc element="dc.source" value="Reuters"/>
<dc element="dc.creator.location" value="SIMSBURY, Conn"/>
<dc element="dc.creator.location.country.name" value="USA"/>
<dc element="dc.source" value="Reuters"/>
</metadata>
</newsitem>
