<?xml version="1.0" encoding="iso-8859-1" ?>
<newsitem itemid="801725" id="root" date="1997-08-15" xml:lang="en">
<title>ZIMBABWE: PRESS DIGEST - Zimbabwe - August 15.</title>
<headline>PRESS DIGEST - Zimbabwe - August 15.</headline>
<dateline>HARARE 1997-08-15</dateline>
<text>
<p>These are the leading stories in the Zimbabwe press on Friday. Reuters has not verified these stories and does not vouch for their accuracy.</p>
<p>- - - -</p>
<p>FINANCIAL GAZETTE</p>
<p>- Serious divisions have emerged among senior government officials on whether or not to invite international tenders for the implementation of multi-million-dollar plans to develop domestic airports, sources told the Financial Gazette this week.</p>
<p>- Zimbabwe's office of the comptroller and auditor-general has questioned the circumstances under which a former War Victims Compensation Fund commissioner, who was dismissed by the government in May, was paid over Z$100,000 from the fund.</p>
<p>- A group of black Zimbabwean pilots have locked horns with the transport and energy ministry over their plans to start an aviation school for blacks, to reverse the current white domination of the industry.</p>
<p>- - - -</p>
<p>ZIMBABWE INDEPENDENT</p>
<p>- Zimbabwe's black economic empowerment pressure group, the Affirmative Action Group, has called for meaningful black empowerment in the operations of companies like Coca Cola, Bata Shoe Company, Rothmans and BP Shell.</p>
<p>- IBM Zimbabwe, which was under pressure from the government to localise 30 percent of its equity or risk having its licence to operate in the country revoked, has opted to establish an Employee Trust to take up the 30 percent, rather than sell the shares to local black businesses.</p>
<p>- - - -</p>
<p>THE HERALD</p>
<p>- British investors could pour over Z$8 billion worth of fresh investments over the next five years into Zimbabwe, creating thousands of new jobs in various sectors of industry and commerce.</p>
<p>- The World Bank on Thursday said it had formally advised the Zimbabwean government of an approval to release Z$720 million in balance of payment support for the southern African country's economic reform programme.</p>
<p>-- Harare Newsroom: +263-4 72 52 27/8/9</p>
</text>
<copyright>(c) Reuters Limited 1997</copyright>
<metadata>
<codes class="bip:countries:1.0">
  <code code="ZIMBAB">
    <editdetail attribution="Reuters BIP Coding Group" action="confirmed" date="1997-08-15"/>
  </code>
</codes>
<codes class="bip:topics:1.0">
  <code code="GCAT">
    <editdetail attribution="Reuters BIP Coding Group" action="confirmed" date="1997-08-15"/>
  </code>
</codes>
<dc element="dc.date.created" value="1997-08-15"/>
<dc element="dc.publisher" value="Reuters Holdings Plc"/>
<dc element="dc.date.published" value="1997-08-15"/>
<dc element="dc.source" value="Reuters"/>
<dc element="dc.creator.location" value="HARARE"/>
<dc element="dc.creator.location.country.name" value="ZIMBABWE"/>
<dc element="dc.source" value="Reuters"/>
</metadata>
</newsitem>
