<?xml version="1.0" encoding="iso-8859-1" ?>
<newsitem itemid="801834" id="root" date="1997-08-15" xml:lang="en">
<title>USA: No suspect Hudson hamburger bought by U.S. - USDA.</title>
<headline>No suspect Hudson hamburger bought by U.S. - USDA.</headline>
<dateline>WASHINGTON 1997-08-15</dateline>
<text>
<p>None of the hamburger being recalled by Hudson Foods Co was purchased for export or for federal food programs, U.S. Agriculture Department officials said Friday.</p>
<p>Earlier in the day, USDA announced that 1.2 million lbs of hamburger produced by Hudson Foods, based in Rogers, Ark., was being recalled. It was a huge increase in the recall total.</p>
<p>Three USDA officials said none of the hamburger had been purchased for export, for the school lunch program or for the military.</p>
</text>
<copyright>(c) Reuters Limited 1997</copyright>
<metadata>
<codes class="bip:countries:1.0">
  <code code="USA">
    <editdetail attribution="Reuters BIP Coding Group" action="confirmed" date="1997-08-15"/>
  </code>
</codes>
<codes class="bip:industries:1.0">
  <code code="I61000">
    <editdetail attribution="Reuters BIP Coding Group" action="confirmed" date="1997-08-15"/>
  </code>
</codes>
<codes class="bip:topics:1.0">
  <code code="C21">
    <editdetail attribution="Reuters BIP Coding Group" action="confirmed" date="1997-08-15"/>
  </code>
  <code code="CCAT">
    <editdetail attribution="Reuters BIP Coding Group" action="confirmed" date="1997-08-15"/>
  </code>
  <code code="GCAT">
    <editdetail attribution="Reuters BIP Coding Group" action="confirmed" date="1997-08-15"/>
  </code>
  <code code="GHEA">
    <editdetail attribution="Reuters BIP Coding Group" action="confirmed" date="1997-08-15"/>
  </code>
</codes>
<dc element="dc.date.created" value="1997-08-15"/>
<dc element="dc.publisher" value="Reuters Holdings Plc"/>
<dc element="dc.date.published" value="1997-08-15"/>
<dc element="dc.source" value="Reuters"/>
<dc element="dc.creator.location" value="WASHINGTON"/>
<dc element="dc.creator.location.country.name" value="USA"/>
<dc element="dc.source" value="Reuters"/>
</metadata>
</newsitem>
