<?xml version="1.0" encoding="iso-8859-1" ?>
<newsitem itemid="801830" id="root" date="1997-08-15" xml:lang="en">
<title>USA: NYSE pre-opening order imbalances for August 15.</title>
<headline>NYSE pre-opening order imbalances for August 15.</headline>
<dateline>NEW YORK 1997-08-15</dateline>
<text>
<p>The New York Stock Exchange reported the following pre-opening order imbalances:</p>
<p>GE   BUY  246,000</p>
<p>BMY  BUY  81,900</p>
<p>PEP  BUY  74,000</p>
<p>IBM  BUY  100,500</p>
<p>F    BUY  65,500</p>
<p>XDN  BUY  198,000</p>
<p>PFE  BUY  104,000</p>
<p>G    BUY  51,700</p>
<p>ABT  BUY  74,100</p>
</text>
<copyright>(c) Reuters Limited 1997</copyright>
<metadata>
<codes class="bip:countries:1.0">
  <code code="USA">
    <editdetail attribution="Reuters BIP Coding Group" action="confirmed" date="1997-08-15"/>
  </code>
</codes>
<codes class="bip:topics:1.0">
  <code code="M11">
    <editdetail attribution="Reuters BIP Coding Group" action="confirmed" date="1997-08-15"/>
  </code>
  <code code="MCAT">
    <editdetail attribution="Reuters BIP Coding Group" action="confirmed" date="1997-08-15"/>
  </code>
</codes>
<dc element="dc.date.created" value="1997-08-15"/>
<dc element="dc.publisher" value="Reuters Holdings Plc"/>
<dc element="dc.date.published" value="1997-08-15"/>
<dc element="dc.source" value="Reuters"/>
<dc element="dc.creator.location" value="NEW YORK"/>
<dc element="dc.creator.location.country.name" value="USA"/>
<dc element="dc.source" value="Reuters"/>
</metadata>
</newsitem>
