<?xml version="1.0" encoding="iso-8859-1" ?>
<newsitem itemid="801883" id="root" date="1997-08-15" xml:lang="en">
<title>USA: TABLE-Hydron Q2 shr nil vs $0.01.</title>
<headline>TABLE-Hydron Q2 shr nil vs $0.01.</headline>
<dateline>BOCA RATON, Fla. 1997-08-15</dateline>
<text>
<p>Hydron Technologies, Inc.</p>
<p>	     2nd Quarter Financial Summary Table</p>
<p>			   Three Months Ended  Six Months Ended</p>
<p>			6/30/97     6/30/96     6/30/97     6/30/96</p>
<p> Net Sales     $2,640,501  $2,001,660  $5,048,705  $5,033,641</p>
<p> Net Income	  36,251     267,197     125,937   1,082,869</p>
<p>Net Income Share (Fully</p>
<p>   Diluted)	     .00	   .01	   .01	   .05</p>
<p>Weighted Avg. Common Shares</p>
<p>Outstanding</p>
<p>(Fully Diluted)</p>
<p>		   24,105,907  22,896,753  24,165,354  22,973,845</p>
<p>Full name of company is Hydron Technologies Inc</p>
<p>((--New York Newsdesk 212 859-1610))</p>
</text>
<copyright>(c) Reuters Limited 1997</copyright>
<metadata>
<codes class="bip:countries:1.0">
  <code code="USA">
    <editdetail attribution="Reuters BIP Coding Group" action="confirmed" date="1997-08-15"/>
  </code>
</codes>
<codes class="bip:industries:1.0">
  <code code="I25800">
    <editdetail attribution="Reuters BIP Coding Group" action="confirmed" date="1997-08-15"/>
  </code>
</codes>
<codes class="bip:topics:1.0">
  <code code="C15">
    <editdetail attribution="Reuters BIP Coding Group" action="confirmed" date="1997-08-15"/>
  </code>
  <code code="C151">
    <editdetail attribution="Reuters BIP Coding Group" action="confirmed" date="1997-08-15"/>
  </code>
  <code code="CCAT">
    <editdetail attribution="Reuters BIP Coding Group" action="confirmed" date="1997-08-15"/>
  </code>
</codes>
<dc element="dc.date.created" value="1997-08-15"/>
<dc element="dc.publisher" value="Reuters Holdings Plc"/>
<dc element="dc.date.published" value="1997-08-15"/>
<dc element="dc.source" value="Reuters"/>
<dc element="dc.creator.location" value="BOCA RATON, Fla."/>
<dc element="dc.creator.location.country.name" value="USA"/>
<dc element="dc.source" value="Reuters"/>
</metadata>
</newsitem>
