<?xml version="1.0" encoding="iso-8859-1" ?>
<newsitem itemid="801845" id="root" date="1997-08-15" xml:lang="en">
<title>USA: OPTIONS- T-bond vols soften as bonds drift back up.</title>
<headline>OPTIONS- T-bond vols soften as bonds drift back up.</headline>
<dateline>CHICAGO 1997-08-15</dateline>
<text>
<p>Implied volatilities for U.S. Treasury bond options softened as the underlying market drifted back up in the afternoon after tumbling earlier from overnight highs, traders said.</p>
<p>In addition to the weekend time-decay pressure, bids were dampened by perception that the bond market could be in a more consolidative range-trading for a while after its selloff from early August highs.</p>
<p>But prevailing nervousness, reflected in the market's wild roller-coaster ride in recent sessions, underpinned volatilities on the whole, traders noted.  </p>
<p>&quot;I've never seen this market whip around so much,&quot; said a brokerage firm trader at the Chicago Board of Trade.</p>
<p>September T-bond futures fell to a low of 112-27/32 in early trade after climbing to a high of 113-27/32 overnight. They subsequently clawed their way back up to settle at 113-20/32, unchanged from Thursday.</p>
<p>The market had shown similar erratic behavior in the previous few days. Hangover from last week's Treasury refunding and caution ahead of next Tuesday's Federal Open Market Committee meeting were seen to be the main destabilization factor.  </p>
<p>Implied volatility for October T-bond futures options stood at around 8.0 percent in late trade, off more than a quarter point on the day. December was little changed at around 8.5 percent.</p>
<p>Implied volatility for September options, which expire next Friday, fluctuated wildly and pricing levels were difficult to assess, particularly when the bond market was moving around, traders said.</p>
<p>For instance, an investment bank was seen buying 3,000 contracts of September 113 puts when futures were about to dip below 113 and implied volatility was pumped up.  </p>
<p>&quot;They paid 34 up to 45 (34/64 to 45/64 points in premium), which were the highs,&quot; the brokerage trader said. &quot;They paid way too much and the market came right back.&quot;</p>
<p>Among other big trades of the day, a German house was seen buying 2,000 contracts of September 115 calls early in the day and a further 2,000 contracts in the afternoon after the bond market began edging back up.</p>
<p>At the shorter end, Eurodollar volatilities were mostly steady. Volatilities for December and March Eurodollar futures options were flat to 0.1 point easier at 8.4 and 10.6 percent respectively.  </p>
<p>A brokerage Eurodollar trader said Eurodollar futures appeared to have put in a bottom and there was little fear that the Fed would raise rates next week.</p>
<p>&quot;We're not really seeing people build up positions for FOMC,&quot; he said.</p>
<p>December Eurodollar futures ended 4.5 basis points higher at 94.140.</p>
<p>Chicago Derivatives Desk ((312-408-8750))</p>
<p>E-mail: chicago.derivatives.newsroom@reuters.com</p>
</text>
<copyright>(c) Reuters Limited 1997</copyright>
<metadata>
<codes class="bip:countries:1.0">
  <code code="USA">
    <editdetail attribution="Reuters BIP Coding Group" action="confirmed" date="1997-08-15"/>
  </code>
</codes>
<codes class="bip:topics:1.0">
  <code code="M12">
    <editdetail attribution="Reuters BIP Coding Group" action="confirmed" date="1997-08-15"/>
  </code>
  <code code="MCAT">
    <editdetail attribution="Reuters BIP Coding Group" action="confirmed" date="1997-08-15"/>
  </code>
</codes>
<dc element="dc.date.created" value="1997-08-15"/>
<dc element="dc.publisher" value="Reuters Holdings Plc"/>
<dc element="dc.date.published" value="1997-08-15"/>
<dc element="dc.source" value="Reuters"/>
<dc element="dc.creator.location" value="CHICAGO"/>
<dc element="dc.creator.location.country.name" value="USA"/>
<dc element="dc.source" value="Reuters"/>
</metadata>
</newsitem>
