<?xml version="1.0" encoding="iso-8859-1" ?>
<newsitem itemid="801802" id="root" date="1997-08-15" xml:lang="en">
<title>USA: TABLE - Avitar Inc Q3 shr loss vs profit.</title>
<headline>TABLE - Avitar Inc Q3 shr loss vs profit.</headline>
<dateline>CANTON, Mass. 1997-08-15</dateline>
<text>
<p>(in thousands, except per share amounts)</p>
<p>			  Three Months Ended   Nine Months Ended</p>
<p>				     June 30,	     June 30,</p>
<p>				 1997     1996	  1997	1996</p>
<p> Revenue		     $563    $1,592	$1,615    $3,591</p>
<p>Operating Income (Loss)</p>
<p>				(891)	  82     (2,632)     (602)</p>
<p> Net Income (Loss)	(926)	  41     (2,715)     (709)</p>
<p>Net Income</p>
<p>	(Loss) Per Share ( .07)	 .01	( .27)    ( .13)</p>
<p>Net Income (Loss)</p>
<p>-Exclusive of Amortization of</p>
<p>     Goodwill	    ( 751)	 181    ( 2,295)    ( 290)</p>
<p>Net Income (Loss) Per Share</p>
<p>-Exclusive of Amortization of</p>
<p>	Goodwill	   ( .06)	 .03	( .23)    ( .05)</p>
<p>Weighted Average Number of</p>
<p>Common and Common</p>
<p>Equivalent Shares</p>
<p>   Outstanding     12,523,910  5,785,495  9,936,191 5,379,828</p>
<p>((-- New York Newsdesk 212-859-1610))</p>
</text>
<copyright>(c) Reuters Limited 1997</copyright>
<metadata>
<codes class="bip:countries:1.0">
  <code code="USA">
    <editdetail attribution="Reuters BIP Coding Group" action="confirmed" date="1997-08-15"/>
  </code>
</codes>
<codes class="bip:industries:1.0">
  <code code="I83600">
    <editdetail attribution="Reuters BIP Coding Group" action="confirmed" date="1997-08-15"/>
  </code>
</codes>
<codes class="bip:topics:1.0">
  <code code="C15">
    <editdetail attribution="Reuters BIP Coding Group" action="confirmed" date="1997-08-15"/>
  </code>
  <code code="C151">
    <editdetail attribution="Reuters BIP Coding Group" action="confirmed" date="1997-08-15"/>
  </code>
  <code code="CCAT">
    <editdetail attribution="Reuters BIP Coding Group" action="confirmed" date="1997-08-15"/>
  </code>
</codes>
<dc element="dc.date.created" value="1997-08-15"/>
<dc element="dc.publisher" value="Reuters Holdings Plc"/>
<dc element="dc.date.published" value="1997-08-15"/>
<dc element="dc.source" value="Reuters"/>
<dc element="dc.creator.location" value="CANTON, Mass."/>
<dc element="dc.creator.location.country.name" value="USA"/>
<dc element="dc.source" value="Reuters"/>
</metadata>
</newsitem>
