<?xml version="1.0" encoding="iso-8859-1" ?>
<newsitem itemid="801832" id="root" date="1997-08-15" xml:lang="en">
<title>USA: N.Y. Times in pact with Newspaper Guild.</title>
<headline>N.Y. Times in pact with Newspaper Guild.</headline>
<dateline>NEW YORK 1997-08-15</dateline>
<text>
<p>The New York Times said Friday it reached a tentative agreement on a labor contract extension through 2003 that includes a two percent annual salary increase beginning 1997.</p>
<p>The agreement was reached after extensive negotiations with the the guild, which represents clerical, business, news and editorial employees of the newspaper, the Times said.  </p>
<p>The contract is subject to ratification by the Newspaper Guild's 1,500 members at the Times and a ratification meeting is planned for September, the newspaper said.</p>
<p>The contract includes a one-time, three percent bonus for 1996 and a ban on all layoffs for the entire term of the extended agreement for regular fulll-time and part-time employees currently on the Times' payroll, it said.  </p>
<p>Arthur Sulzberger Jr., publisher of The Times, said the newspaper was delighted to have reached this agreement.</p>
<p>&quot;Now we can turn all of our attention to the exciting launch next month of The Times's new six-section, color daily newspaper for the next generation of readers and advertisers,&quot; he said.</p>
<p>Barry Lipton, president of the guild, said the contract was &quot;a superior agreement&quot;, which addresses the concerns of the guild's members.</p>
<p>The Newspaper Guild of New York represents 3,700 workers at more than 20 media organizations in the metropolitan area.</p>
</text>
<copyright>(c) Reuters Limited 1997</copyright>
<metadata>
<codes class="bip:countries:1.0">
  <code code="USA">
    <editdetail attribution="Reuters BIP Coding Group" action="confirmed" date="1997-08-15"/>
  </code>
</codes>
<codes class="bip:industries:1.0">
  <code code="I47510">
    <editdetail attribution="Reuters BIP Coding Group" action="confirmed" date="1997-08-15"/>
  </code>
</codes>
<codes class="bip:topics:1.0">
  <code code="C42">
    <editdetail attribution="Reuters BIP Coding Group" action="confirmed" date="1997-08-15"/>
  </code>
  <code code="CCAT">
    <editdetail attribution="Reuters BIP Coding Group" action="confirmed" date="1997-08-15"/>
  </code>
  <code code="E41">
    <editdetail attribution="Reuters BIP Coding Group" action="confirmed" date="1997-08-15"/>
  </code>
  <code code="ECAT">
    <editdetail attribution="Reuters BIP Coding Group" action="confirmed" date="1997-08-15"/>
  </code>
  <code code="GCAT">
    <editdetail attribution="Reuters BIP Coding Group" action="confirmed" date="1997-08-15"/>
  </code>
  <code code="GJOB">
    <editdetail attribution="Reuters BIP Coding Group" action="confirmed" date="1997-08-15"/>
  </code>
</codes>
<dc element="dc.date.created" value="1997-08-15"/>
<dc element="dc.publisher" value="Reuters Holdings Plc"/>
<dc element="dc.date.published" value="1997-08-15"/>
<dc element="dc.source" value="Reuters"/>
<dc element="dc.creator.location" value="NEW YORK"/>
<dc element="dc.creator.location.country.name" value="USA"/>
<dc element="dc.source" value="Reuters"/>
</metadata>
</newsitem>
