<?xml version="1.0" encoding="iso-8859-1" ?>
<newsitem itemid="801904" id="root" date="1997-08-15" xml:lang="en">
<title>USA: TABLE - Medical Technology Q1 shr loss.</title>
<headline>TABLE - Medical Technology Q1 shr loss.</headline>
<dateline>CLEARWATER, Fla. 1997-08-15</dateline>
<text>
<p>Three Months Ended</p>
<p>							   June 30,</p>
<p>						  in 000's</p>
<p>							1997	     1996</p>
<p>Revenues:</p>
<p>   Net Sales and Services	     $    5,147     $    4,882</p>
<p>Costs and Expenses:</p>
<p>   Cost of Sales				 2,886	    2,846</p>
<p>   Selling, General and Administrative   2,000	    1,334</p>
<p>   Depreciation and Amortization	     358		339</p>
<p>   Interest, Net				   273		-0-</p>
<p>		 Total Costs and Expenses    5,517	    4,519</p>
<p> Net Income (Loss)			     (370)		363</p>
<p>Earnings (Loss) Per Common Share</p>
<p>   Outstanding				   (.06)		.07</p>
<p>Weighted Average Common Share</p>
<p>   Outstanding				   5,917	    5,445</p>
<p>Full co name is MEDICAL TECHNOLOGY SYSTEMS Inc.</p>
<p>-- New York Newsdesk 212 859-1610</p>
</text>
<copyright>(c) Reuters Limited 1997</copyright>
<metadata>
<codes class="bip:countries:1.0">
  <code code="USA">
    <editdetail attribution="Reuters BIP Coding Group" action="confirmed" date="1997-08-15"/>
  </code>
</codes>
<codes class="bip:industries:1.0">
  <code code="I37200">
    <editdetail attribution="Reuters BIP Coding Group" action="confirmed" date="1997-08-15"/>
  </code>
</codes>
<codes class="bip:topics:1.0">
  <code code="C15">
    <editdetail attribution="Reuters BIP Coding Group" action="confirmed" date="1997-08-15"/>
  </code>
  <code code="C151">
    <editdetail attribution="Reuters BIP Coding Group" action="confirmed" date="1997-08-15"/>
  </code>
  <code code="CCAT">
    <editdetail attribution="Reuters BIP Coding Group" action="confirmed" date="1997-08-15"/>
  </code>
</codes>
<dc element="dc.date.created" value="1997-08-15"/>
<dc element="dc.publisher" value="Reuters Holdings Plc"/>
<dc element="dc.date.published" value="1997-08-15"/>
<dc element="dc.source" value="Reuters"/>
<dc element="dc.creator.location" value="CLEARWATER, Fla."/>
<dc element="dc.creator.location.country.name" value="USA"/>
<dc element="dc.source" value="Reuters"/>
</metadata>
</newsitem>
