<?xml version="1.0" encoding="iso-8859-1" ?>
<newsitem itemid="801901" id="root" date="1997-08-15" xml:lang="en">
<title>USA: TABLE - Ceramics Q2 net profit vs loss.</title>
<headline>TABLE - Ceramics Q2 net profit vs loss.</headline>
<dateline>CHARTLEY, Mass. 1997-08-15</dateline>
<text>
<p>1997			1996</p>
<p> Shr profit		 $0.04     loss	 $0.01</p>
<p> Net profit		   323     loss	   113</p>
<p> Revs			   985			411</p>
<p> Avg shrs		   8,088		    7,758</p>
<p>	   6 MONTHS</p>
<p> Shr profit		 $0.05     loss	 $0.04</p>
<p> Net profit		   431     loss	   311</p>
<p> Revs			 1,922			798</p>
<p> Avg shrs		   8,088		    7,758</p>
<p>(All data above 000s except per share numbers)</p>
<p>NOTE - Full name of company is Ceramics Process Systems Corp.</p>
</text>
<copyright>(c) Reuters Limited 1997</copyright>
<metadata>
<codes class="bip:countries:1.0">
  <code code="USA">
    <editdetail attribution="Reuters BIP Coding Group" action="confirmed" date="1997-08-15"/>
  </code>
</codes>
<codes class="bip:industries:1.0">
  <code code="I24800">
    <editdetail attribution="Reuters BIP Coding Group" action="confirmed" date="1997-08-15"/>
  </code>
</codes>
<codes class="bip:topics:1.0">
  <code code="C15">
    <editdetail attribution="Reuters BIP Coding Group" action="confirmed" date="1997-08-15"/>
  </code>
  <code code="C151">
    <editdetail attribution="Reuters BIP Coding Group" action="confirmed" date="1997-08-15"/>
  </code>
  <code code="CCAT">
    <editdetail attribution="Reuters BIP Coding Group" action="confirmed" date="1997-08-15"/>
  </code>
</codes>
<dc element="dc.date.created" value="1997-08-15"/>
<dc element="dc.publisher" value="Reuters Holdings Plc"/>
<dc element="dc.date.published" value="1997-08-15"/>
<dc element="dc.source" value="Reuters"/>
<dc element="dc.creator.location" value="CHARTLEY, Mass."/>
<dc element="dc.creator.location.country.name" value="USA"/>
<dc element="dc.source" value="Reuters"/>
</metadata>
</newsitem>
