<?xml version="1.0" encoding="iso-8859-1" ?>
<newsitem itemid="801914" id="root" date="1997-08-15" xml:lang="en">
<title>USA: RESEARCH ALERT - Oppenheimer Capital upped.</title>
<headline>RESEARCH ALERT - Oppenheimer Capital upped.</headline>
<dateline>NEW YORK 1997-08-15</dateline>
<text>
<p>Smith Barney said on Friday it raised its rating on the shares of Oppenheimer Capital to buy from neutral, with a 12-month price target of $55 per share.</p>
<p>-- Analyst Dean Eberling said he raised the rating after the company said it voted to remain a publicly-traded partnership, due to a new tax law that keeps it from paying corporate corporate income taxes.</p>
<p>-- The stock gained three to 45-3/4.</p>
<p>((Wall Street desk 212-859-1730))</p>
</text>
<copyright>(c) Reuters Limited 1997</copyright>
<metadata>
<codes class="bip:countries:1.0">
  <code code="USA">
    <editdetail attribution="Reuters BIP Coding Group" action="confirmed" date="1997-08-15"/>
  </code>
</codes>
<codes class="bip:industries:1.0">
  <code code="I83100">
    <editdetail attribution="Reuters BIP Coding Group" action="confirmed" date="1997-08-15"/>
  </code>
</codes>
<codes class="bip:topics:1.0">
  <code code="C15">
    <editdetail attribution="Reuters BIP Coding Group" action="confirmed" date="1997-08-15"/>
  </code>
  <code code="C152">
    <editdetail attribution="Reuters BIP Coding Group" action="confirmed" date="1997-08-15"/>
  </code>
  <code code="CCAT">
    <editdetail attribution="Reuters BIP Coding Group" action="confirmed" date="1997-08-15"/>
  </code>
</codes>
<dc element="dc.date.created" value="1997-08-15"/>
<dc element="dc.publisher" value="Reuters Holdings Plc"/>
<dc element="dc.date.published" value="1997-08-15"/>
<dc element="dc.source" value="Reuters"/>
<dc element="dc.creator.location" value="NEW YORK"/>
<dc element="dc.creator.location.country.name" value="USA"/>
<dc element="dc.source" value="Reuters"/>
</metadata>
</newsitem>
