<?xml version="1.0" encoding="iso-8859-1" ?>
<newsitem itemid="801907" id="root" date="1997-08-15" xml:lang="en">
<title>USA: TABLE - Puro Water Group Inc Q2 shr drops.</title>
<headline>TABLE - Puro Water Group Inc Q2 shr drops.</headline>
<dateline>MASPETH, N.Y. 1997-08-15</dateline>
<text>
<p>1997			1996</p>
<p> Shr			  $0.05		    $0.10</p>
<p> Net			    188			229</p>
<p> Revs			 3,083		    2,765</p>
<p> Avg shrs		   3,588		    2,238</p>
<p>	  6  MONTHS</p>
<p> Shr			  $0.09		    $0.11</p>
<p> Net			    300			236</p>
<p> Revs			 5,907		    5,063</p>
<p> Avg shrs		   3,289		    2,238</p>
<p>(All data above 000s except per share numbers)</p>
<p>((-- New York Newsdesk 212-859-1610))</p>
</text>
<copyright>(c) Reuters Limited 1997</copyright>
<metadata>
<codes class="bip:countries:1.0">
  <code code="USA">
    <editdetail attribution="Reuters BIP Coding Group" action="confirmed" date="1997-08-15"/>
  </code>
</codes>
<codes class="bip:topics:1.0">
  <code code="C15">
    <editdetail attribution="Reuters BIP Coding Group" action="confirmed" date="1997-08-15"/>
  </code>
  <code code="C151">
    <editdetail attribution="Reuters BIP Coding Group" action="confirmed" date="1997-08-15"/>
  </code>
  <code code="CCAT">
    <editdetail attribution="Reuters BIP Coding Group" action="confirmed" date="1997-08-15"/>
  </code>
</codes>
<dc element="dc.date.created" value="1997-08-15"/>
<dc element="dc.publisher" value="Reuters Holdings Plc"/>
<dc element="dc.date.published" value="1997-08-15"/>
<dc element="dc.source" value="Reuters"/>
<dc element="dc.creator.location" value="MASPETH, N.Y."/>
<dc element="dc.creator.location.country.name" value="USA"/>
<dc element="dc.source" value="Reuters"/>
</metadata>
</newsitem>
