<?xml version="1.0" encoding="iso-8859-1" ?>
<newsitem itemid="564984" id="root" date="1997-05-07" xml:lang="en">
<title>USA: Intel unveils new Pentium processors.</title>
<headline>Intel unveils new Pentium processors.</headline>
<byline>Therese Poletti</byline>
<dateline>NEW YORK 1997-05-07</dateline>
<text>
<p>Intel Corp. Wednesday launched its much-anticipated line of Pentium II computer chips that break its microprocessor speed record and pack more advanced multimedia capabilities, but a possible flaw took some zip out of the day.</p>
<p>The world's largest semiconductor maker said it has already shipped 100,000 of the chips to its computer manufacturing partners, and more than 100 computer makers anounced shipments of PCs designed around the new microprocessors.</p>
<p>Intel, which suffered financial and public relations headaches about two years ago from a glitch that turned up in its original Pentium processor, said it continued to look into the report earlier this week of a flaw in the Pentium II, as well as its older Pentium Pro chip.</p>
<p>The three new Pentium II microprocessors, the heart of a personal computer, run at speeds ranging from 233 megahertz to 300 megahertz, the fastest yet for Intel. The old Intel speed record was held by the Pentium with MMX multimedia technology and a Pentium Pro processor, both running at 200 megahertz.</p>
<p>&quot;With this product, we are literally changing the shape of computing,&quot; said Paul Otellini, an Intel executive vice president. &quot;It allows us to drive costs down and allows us to scale up over the life cycle of this product.&quot;</p>
<p>Otellini said initially the Pentium II chips will be used in PCs and workstations aimed at corporate users because of the high level of computing power, which includes the ability to turn raw data into three-dimensional models. Business software can combine video, graphics and audio.</p>
<p>Intel and some PC makers said they expect consumer systems based on the Pentium II to be launched in the fall.</p>
<p>But Gateway 2000 Inc., one of the top mail-order marketers of PCs, said it started selling PCs at midnight to consumers, at prices beginning at $2,499 for a 233-megahertz model with 32 megabytes of memory and a 3.2-gigabyte hard disk drive. It has sold more than 1,200 PCs with Pentium II processors.</p>
<p>&quot;We are taking a very bullish stance on the Pentium II,&quot; said Dave Berger, Gateway's director of product marketing.</p>
<p>The North Sioux City, S.D., company said it hired 50 students to dress up in bull costumes and wander around Wall Street's canyons Wednesday, passing out computer chip-shaped chocolate candies, to celebrate the Pentium II.</p>
<p>Other computer makers who said they are shipping systems using the Pentium II include Acer America, AST Research Inc., Compaq Computer Corp., Dell Computer Corp., Digital Equipment Corp., Hewlett-Packard Co., International Business Machines Corp., Micron Electronics Inc., and the NEC Computer Systems Division of Packard Bell NEC Inc.</p>
<p>&quot;It's an integral part of both of our product lines,&quot; said Rodney Adkins, a vice president at IBM's PC Company. IBM introduced desktop PCs and workstations based on the Pentium II. Consumer models are expected to come later this year.</p>
<p>Intel, based in Santa Clara, Calif., said it continued to look into reports earlier this week that the Pentium II and Pentium Pro chips could contain a bug that causes the chips to make computational errors in some rare cases.</p>
<p>The problem was disclosed Monday by Robert Collins, a Silicon Valley engineer with a Web site called Intel Secrets.</p>
<p>Otellini said Intel was testing the Pentium Pro and Pentium II to find the problem. He said Intel may have an announcement later this week, adding it was too early to tell how serious the reported flaw may be.</p>
<p>In late 1994, a flaw was found in the Pentium processor, which led to a $475 million charge against earnings as Intel had to recall chips and ship out replacements.</p>
<p>Asked if the possible flaw could be as serious, Otellini said it was &quot;premature to hazard a guess.&quot; But he added that Intel learned its lesson in 1994. The company now works with the industry and publishes findings of &quot;errata&quot; on its chips on the Web.</p>
<p>One industry analyst, who has been running tests in a his laboratory, said he still cannot get the Pentium Pro nor the Pentium II to make an error in calculation.</p>
<p>&quot;The flaw is so rare that you can't trigger it with a Microsoft Excel spreadsheet,&quot; said Richard Doherty, director of Envisioneering, a newsletter and technology test lab based in Seaford, N.Y.</p>
<p>&quot;We are still looking for it,&quot; Doherty said. &quot;It's somewhere between searching for Elvis and being a potential business problem.&quot;</p>
</text>
<copyright>(c) Reuters Limited 1997</copyright>
<metadata>
<codes class="bip:countries:1.0">
  <code code="USA">
    <editdetail attribution="Reuters BIP Coding Group" action="confirmed" date="1997-05-07"/>
  </code>
</codes>
<codes class="bip:industries:1.0">
  <code code="I34531">
    <editdetail attribution="Reuters BIP Coding Group" action="confirmed" date="1997-05-07"/>
  </code>
</codes>
<codes class="bip:topics:1.0">
  <code code="C22">
    <editdetail attribution="Reuters BIP Coding Group" action="confirmed" date="1997-05-07"/>
  </code>
  <code code="CCAT">
    <editdetail attribution="Reuters BIP Coding Group" action="confirmed" date="1997-05-07"/>
  </code>
</codes>
<dc element="dc.date.created" value="1997-05-07"/>
<dc element="dc.publisher" value="Reuters Holdings Plc"/>
<dc element="dc.date.published" value="1997-05-07"/>
<dc element="dc.source" value="Reuters"/>
<dc element="dc.creator.location" value="NEW YORK"/>
<dc element="dc.creator.location.country.name" value="USA"/>
<dc element="dc.source" value="Reuters"/>
</metadata>
</newsitem>
