<?xml version="1.0" encoding="iso-8859-1" ?>
<newsitem itemid="564960" id="root" date="1997-05-07" xml:lang="en">
<title>EU:  EP RESEARCH AND ENERGY COMMITTEE AGENDA - MAY 12.</title>
<headline>EP RESEARCH AND ENERGY COMMITTEE AGENDA - MAY 12.</headline>
<text>
<p>Committee on Research, Technological Development and Energy</p>
<p>[[ Monday 12 May 1997 ]]</p>
<p>EXTRAORDINARY MEETING</p>
<p>===] Monday, 12 May 1997, 7 pm</p>
<p>1. Adoption of draft agenda</p>
<p>===] In the presence of the Council and Commission</p>
<p>2. Energy for the future: renewable sources of energy - Green Paper for a community strategy (T05331) COS0492 COM(96)0576 C4-0623/96 + ENER Fond R ROTHE Mechtild. (PSE) (PE221.398 )</p>
<p>- Further consideration of draft report - Consideration of amendments - Vote on and adoption of draft report</p>
<p>3. The implications of the information society for European Union policies - preparing the next steps (T05013) COS0464 COM(96)0607 C4-0648/96 + ENER Avis A HAARDER Bertel. (ELD) (PE222.111 ) F ECON Fond R BOOGERD-QUAAK Johann (ELD) (PE221.848)</p>
<p>- Further consideration of draft opinion - Consideration of amendments - Vote on and adoption of draft opinion</p>
<p>4. Future noise policy - Commission Green Paper (T04483) COS0478 COM(96)0540 C4-0587/96 + ENER Avis A ESTEVAN BOLEA M. (PPE) (PE221.402 ) F ENVI Fond R DIEZ DE R. (PSE) (PE221.530 )</p>
<p>- Further consideration of draft opinion - Consideration of amendments - Vote on and adoption of draft opinion</p>
<p>5. Learning in the information society: an action plan for a European education initiative (1996-1998) (T05018) COS0469 COM(96)0471 C4-0528/96 COS0494 SEC(96)1426 C4-0625/96 + ENER Avis A HOLM Ulf. (V ) (PE221.395 ) + ENER Avis S F JEUN Fond R AHLQVIST Birgitta. (PSE) (PE220.556 ) F JEUN Fond AHLQVIST Birgitta. (PSE) (PE220.556 )</p>
<p>- Further consideration of draft opinion - Consideration of amendments - Vote on and adoption of draft opinion</p>
<p>6. Community policy on research and sustainable development (T04003) INI0404 INI0404 A4-0382/96 + ENER Fond R MARSET CAMPOS P. (GUE) (PE221.396/COR)</p>
<p>- Consideration of amendments - Vote on and adoption of draft report</p>
<p>7. Chairman's announcements</p>
<p>8. Any other business</p>
<p>9. Date of next meeting - Monday, 26 May 1997, 3-6.30 pm, and Tuesday, 27 May 1997, 9 am - 12.30 pm and 3-6.30 pm END OF DOCUMENT.</p>
</text>
<copyright>(c) Reuters Limited 1997</copyright>
<metadata>
<codes class="bip:countries:1.0">
  <code code="EEC">
    <editdetail attribution="Reuters BIP Coding Group" action="confirmed" date="1997-05-07"/>
  </code>
</codes>
<codes class="bip:topics:1.0">
  <code code="G15">
    <editdetail attribution="Reuters BIP Coding Group" action="confirmed" date="1997-05-07"/>
  </code>
  <code code="GCAT">
    <editdetail attribution="Reuters BIP Coding Group" action="confirmed" date="1997-05-07"/>
  </code>
  <code code="GSCI">
    <editdetail attribution="Reuters BIP Coding Group" action="confirmed" date="1997-05-07"/>
  </code>
</codes>
<dc element="dc.publisher" value="Reuters Holdings Plc"/>
<dc element="dc.date.published" value="1997-05-07"/>
<dc element="dc.source" value="Reuters"/>
<dc element="dc.creator.location.country.name" value="EU"/>
<dc element="dc.source" value="Reuters"/>
</metadata>
</newsitem>
