<?xml version="1.0" encoding="iso-8859-1" ?>
<newsitem itemid="564993" id="root" date="1997-05-07" xml:lang="en">
<title>USA: RESEARCH ALERT-Burnham Pacific upgraded.</title>
<headline>RESEARCH ALERT-Burnham Pacific upgraded.</headline>
<text>
<p>-EVEREN Securities Inc said Wednesday it upgraded its rating on Burnham Pacific Properties Inc to a long-term outperform from a market perform. It maintained its medium-term rating of outperform.</p>
<p>-The upgrade was based on Burnham's accelerated growth rate on funds from operations and its improved business plan, EVEREN said.  </p>
<p>-EVEREN said it has a near-term price target of $15.50 and a long-term of $16.00 for the stock.</p>
<p>-The company on Monday reported first quarter funds from operations of $0.29 a share versus $0.32 a share last year, in line with expectations.</p>
<p>-During the quarter, Burnham acquired six properties, and EVEREN said the &quot;pipeline for acquisitions continues to be strong for BPP in the West Coast markets they have targeted&quot;.</p>
<p>-Shares of Burnham traded 1/8 higher at 12-3/4.</p>
<p>((--Chicago newsdesk, 312-408-8787))</p>
</text>
<copyright>(c) Reuters Limited 1997</copyright>
<metadata>
<codes class="bip:countries:1.0">
  <code code="USA">
    <editdetail attribution="Reuters BIP Coding Group" action="confirmed" date="1997-05-07"/>
  </code>
</codes>
<codes class="bip:industries:1.0">
  <code code="I85000">
    <editdetail attribution="Reuters BIP Coding Group" action="confirmed" date="1997-05-07"/>
  </code>
</codes>
<codes class="bip:topics:1.0">
  <code code="C15">
    <editdetail attribution="Reuters BIP Coding Group" action="confirmed" date="1997-05-07"/>
  </code>
  <code code="C152">
    <editdetail attribution="Reuters BIP Coding Group" action="confirmed" date="1997-05-07"/>
  </code>
  <code code="CCAT">
    <editdetail attribution="Reuters BIP Coding Group" action="confirmed" date="1997-05-07"/>
  </code>
</codes>
<dc element="dc.publisher" value="Reuters Holdings Plc"/>
<dc element="dc.date.published" value="1997-05-07"/>
<dc element="dc.source" value="Reuters"/>
<dc element="dc.creator.location.country.name" value="USA"/>
<dc element="dc.source" value="Reuters"/>
</metadata>
</newsitem>
