<?xml version="1.0" encoding="iso-8859-1" ?>
<newsitem itemid="564966" id="root" date="1997-05-07" xml:lang="en">
<title>EU:  OFFICIAL JOURNAL CONTENTS - OJ L 116 OF MAY 6, 1997.</title>
<headline>OFFICIAL JOURNAL CONTENTS - OJ L 116 OF MAY 6, 1997.</headline>
<text>
<p>*</p>
<p>Commission Decision No 813/97/ECSC of 5 May 1997 derogating from High Authority recommendation No 1/64 concerning an increase in the protective duty on iron and steel products at the external frontiers of the Community (164th derogation) END OF DOCUMENT.</p>
</text>
<copyright>(c) Reuters Limited 1997</copyright>
<metadata>
<codes class="bip:countries:1.0">
  <code code="EEC">
    <editdetail attribution="Reuters BIP Coding Group" action="confirmed" date="1997-05-07"/>
  </code>
</codes>
<codes class="bip:topics:1.0">
  <code code="G15">
    <editdetail attribution="Reuters BIP Coding Group" action="confirmed" date="1997-05-07"/>
  </code>
  <code code="GCAT">
    <editdetail attribution="Reuters BIP Coding Group" action="confirmed" date="1997-05-07"/>
  </code>
</codes>
<dc element="dc.publisher" value="Reuters Holdings Plc"/>
<dc element="dc.date.published" value="1997-05-07"/>
<dc element="dc.source" value="Reuters"/>
<dc element="dc.creator.location.country.name" value="EU"/>
<dc element="dc.source" value="Reuters"/>
</metadata>
</newsitem>
