<?xml version="1.0" encoding="iso-8859-1" ?>
<newsitem itemid="565043" id="root" date="1997-05-07" xml:lang="en">
<title>USA: Pride says buys jackup rigs from Noble.</title>
<headline>Pride says buys jackup rigs from Noble.</headline>
<dateline>HOUSTON 1997-05-07</dateline>
<text>
<p>Pride Petroleum Services Inc said Wednesday it has concluded the purchase of 13 mat-supported jackup rigs from Noble Drilling Corp for $269 million in cash.</p>
<p>The company said the purchase was financed through the sale of senior notes and common stock.</p>
<p>The company said it issued $325 million of 9-3/8 percent senior notes due May 1, 2007.</p>
<p>The company said it also sold 4.3 million shares of common stock to the public at $17 per share.</p>
<p>The company said proceeds of the combined offerings totaled about $387 million.</p>
</text>
<copyright>(c) Reuters Limited 1997</copyright>
<metadata>
<codes class="bip:countries:1.0">
  <code code="USA">
    <editdetail attribution="Reuters BIP Coding Group" action="confirmed" date="1997-05-07"/>
  </code>
</codes>
<codes class="bip:industries:1.0">
  <code code="I13000">
    <editdetail attribution="Reuters BIP Coding Group" action="confirmed" date="1997-05-07"/>
  </code>
  <code code="I1300003">
    <editdetail attribution="Reuters BIP Coding Group" action="confirmed" date="1997-05-07"/>
  </code>
  <code code="I83700">
    <editdetail attribution="Reuters BIP Coding Group" action="confirmed" date="1997-05-07"/>
  </code>
</codes>
<codes class="bip:topics:1.0">
  <code code="C18">
    <editdetail attribution="Reuters BIP Coding Group" action="confirmed" date="1997-05-07"/>
  </code>
  <code code="C182">
    <editdetail attribution="Reuters BIP Coding Group" action="confirmed" date="1997-05-07"/>
  </code>
  <code code="CCAT">
    <editdetail attribution="Reuters BIP Coding Group" action="confirmed" date="1997-05-07"/>
  </code>
</codes>
<dc element="dc.date.created" value="1997-05-07"/>
<dc element="dc.publisher" value="Reuters Holdings Plc"/>
<dc element="dc.date.published" value="1997-05-07"/>
<dc element="dc.source" value="Reuters"/>
<dc element="dc.creator.location" value="HOUSTON"/>
<dc element="dc.creator.location.country.name" value="USA"/>
<dc element="dc.source" value="Reuters"/>
</metadata>
</newsitem>
