<?xml version="1.0" encoding="iso-8859-1" ?>
<newsitem itemid="565089" id="root" date="1997-05-07" xml:lang="en">
<title>USA: US corp bonds mixed amid Treasury, stock weakness.</title>
<headline>US corp bonds mixed amid Treasury, stock weakness.</headline>
<dateline>NEW YORK 1997-05-07</dateline>
<text>
<p>Weakness in the Treasury and stock markets on Thursday had a mixed effect on the U.S. corporate bond market on Wednesday, traders said.</p>
<p>Junk bond trading activity picked up on Wednesday from earlier in the week. Prices opened firmer but eventually followed the Treasury and stock markets lower in the afternoon, traders said. Junk bonds ended the day 1/8 to 1/4 point weaker.</p>
<p>But Treasury volatility dampened trading in the high-grade market. Nevertheless, traders said the market was firm thoughout the day, with prices ending unchanged to slightly better.  </p>
<p>&quot;The market in triple-B's continues to be better,&quot; said one trader. &quot;People are still looking for yield and positive credit stories.&quot;</p>
<p>Traders said Tele-Communications Inc is benefitting from such sentiment. The cable company's 30-year bonds tightened to 169 basis points over Treasuries from a 175 bid spread on Wednesday. Spreads have tightened 25-30 basis points since TCI released strong earnings last week, traders said.</p>
<p>Returning to the junk bond market, Grand Union Co 12 percent senior notes dropped two points on news Joseph McCaig, the company's chief executive officer, resigned.</p>
</text>
<copyright>(c) Reuters Limited 1997</copyright>
<metadata>
<codes class="bip:countries:1.0">
  <code code="USA">
    <editdetail attribution="Reuters BIP Coding Group" action="confirmed" date="1997-05-07"/>
  </code>
</codes>
<codes class="bip:topics:1.0">
  <code code="M12">
    <editdetail attribution="Reuters BIP Coding Group" action="confirmed" date="1997-05-07"/>
  </code>
  <code code="MCAT">
    <editdetail attribution="Reuters BIP Coding Group" action="confirmed" date="1997-05-07"/>
  </code>
</codes>
<dc element="dc.date.created" value="1997-05-07"/>
<dc element="dc.publisher" value="Reuters Holdings Plc"/>
<dc element="dc.date.published" value="1997-05-07"/>
<dc element="dc.source" value="Reuters"/>
<dc element="dc.creator.location" value="NEW YORK"/>
<dc element="dc.creator.location.country.name" value="USA"/>
<dc element="dc.source" value="Reuters"/>
</metadata>
</newsitem>
