<?xml version="1.0" encoding="iso-8859-1" ?>
<newsitem itemid="565055" id="root" date="1997-05-07" xml:lang="en">
<title>USA: Walsh International Inc Q3 net rises.</title>
<headline>Walsh International Inc Q3 net rises.</headline>
<dateline>NEWTOWN, Pa. 1997-05-07</dateline>
<text>
<p>1997			1996</p>
<p> Shr profit		 $0.12   profit	 $0.01</p>
<p> Net profit		 1,301   profit	    89</p>
<p> Revs			13,704		   12,108</p>
<p> Avg shrs		  10,634		    7,539</p>
<p>	  NINE MONTHS</p>
<p> Shr profit		 $0.30     loss	 $0.09</p>
<p> Net profit		 3,226     loss	   695</p>
<p> Revs			39,815		   34,181</p>
<p> Avg shrs		  10,596		    7,570</p>
<p>(All data above 000s except per share numbers)</p>
</text>
<copyright>(c) Reuters Limited 1997</copyright>
<metadata>
<codes class="bip:countries:1.0">
  <code code="USA">
    <editdetail attribution="Reuters BIP Coding Group" action="confirmed" date="1997-05-07"/>
  </code>
</codes>
<codes class="bip:topics:1.0">
  <code code="C15">
    <editdetail attribution="Reuters BIP Coding Group" action="confirmed" date="1997-05-07"/>
  </code>
  <code code="C151">
    <editdetail attribution="Reuters BIP Coding Group" action="confirmed" date="1997-05-07"/>
  </code>
  <code code="CCAT">
    <editdetail attribution="Reuters BIP Coding Group" action="confirmed" date="1997-05-07"/>
  </code>
</codes>
<dc element="dc.date.created" value="1997-05-07"/>
<dc element="dc.publisher" value="Reuters Holdings Plc"/>
<dc element="dc.date.published" value="1997-05-07"/>
<dc element="dc.source" value="Reuters"/>
<dc element="dc.creator.location" value="NEWTOWN, Pa."/>
<dc element="dc.creator.location.country.name" value="USA"/>
<dc element="dc.source" value="Reuters"/>
</metadata>
</newsitem>
