<?xml version="1.0" encoding="iso-8859-1" ?>
<newsitem itemid="565030" id="root" date="1997-05-07" xml:lang="en">
<title>USA: AmeriQuest Q2 loss widens after charges.</title>
<headline>AmeriQuest Q2 loss widens after charges.</headline>
<dateline>HOLLYWOOD, Fla. 1997-05-07</dateline>
<text>
<p>(Dollars in thousands)</p>
<p>				     Three months ended March 31,</p>
<p>					   1997	   1996</p>
<p> Net sales			  $75,295	$108,499</p>
<p> Net income (loss)	     (33,101)	 (5,714)</p>
<p> Earnings (loss) per share     (0.49)	  (0.20)</p>
<p> Avg # shares		  66,881,906    28,124,369</p>
<p>NOTES: Six-month data were not given.</p>
<p>Loss for 1997 Q2 includes restructuring charges and provisions relating to the restructuring of $25 million and $2 million of restructuring costs and provisions recorded earlier in operating results.</p>
<p>Full company name is AmeriQuest Technologies Inc.</p>
<p>((-- New York Newsdesk 212 859-1610 ))</p>
</text>
<copyright>(c) Reuters Limited 1997</copyright>
<metadata>
<codes class="bip:countries:1.0">
  <code code="USA">
    <editdetail attribution="Reuters BIP Coding Group" action="confirmed" date="1997-05-07"/>
  </code>
</codes>
<codes class="bip:industries:1.0">
  <code code="I33020">
    <editdetail attribution="Reuters BIP Coding Group" action="confirmed" date="1997-05-07"/>
  </code>
  <code code="I3302019">
    <editdetail attribution="Reuters BIP Coding Group" action="confirmed" date="1997-05-07"/>
  </code>
</codes>
<codes class="bip:topics:1.0">
  <code code="C15">
    <editdetail attribution="Reuters BIP Coding Group" action="confirmed" date="1997-05-07"/>
  </code>
  <code code="C151">
    <editdetail attribution="Reuters BIP Coding Group" action="confirmed" date="1997-05-07"/>
  </code>
  <code code="CCAT">
    <editdetail attribution="Reuters BIP Coding Group" action="confirmed" date="1997-05-07"/>
  </code>
</codes>
<dc element="dc.date.created" value="1997-05-07"/>
<dc element="dc.publisher" value="Reuters Holdings Plc"/>
<dc element="dc.date.published" value="1997-05-07"/>
<dc element="dc.source" value="Reuters"/>
<dc element="dc.creator.location" value="HOLLYWOOD, Fla."/>
<dc element="dc.creator.location.country.name" value="USA"/>
<dc element="dc.source" value="Reuters"/>
</metadata>
</newsitem>
