<?xml version="1.0" encoding="iso-8859-1" ?>
<newsitem itemid="565061" id="root" date="1997-05-07" xml:lang="en">
<title>USA: Leap Group says CEO buys 1 mln shrs.</title>
<headline>Leap Group says CEO buys 1 mln shrs.</headline>
<dateline>CHICAGO 1997-05-07</dateline>
<text>
<p>Leap Group Inc said on Wednesday that chairman and chief executive officer R. Steven Lutterbach bought one million shares of the company's common stock from executive vice president and co-founder Joseph Sciarrotta.</p>
<p>Lutterbach's holdings now total 3.4 million shares or 25 percent of the company, Leap said.</p>
<p>Sciarrotta continues to hold 1.34 million shares of Leap Group and will continue as executive vice president and chief creative officer, Leap said.</p>
</text>
<copyright>(c) Reuters Limited 1997</copyright>
<metadata>
<codes class="bip:countries:1.0">
  <code code="USA">
    <editdetail attribution="Reuters BIP Coding Group" action="confirmed" date="1997-05-07"/>
  </code>
</codes>
<codes class="bip:industries:1.0">
  <code code="I83800">
    <editdetail attribution="Reuters BIP Coding Group" action="confirmed" date="1997-05-07"/>
  </code>
</codes>
<codes class="bip:topics:1.0">
  <code code="C17">
    <editdetail attribution="Reuters BIP Coding Group" action="confirmed" date="1997-05-07"/>
  </code>
  <code code="C171">
    <editdetail attribution="Reuters BIP Coding Group" action="confirmed" date="1997-05-07"/>
  </code>
  <code code="C18">
    <editdetail attribution="Reuters BIP Coding Group" action="confirmed" date="1997-05-07"/>
  </code>
  <code code="C181">
    <editdetail attribution="Reuters BIP Coding Group" action="confirmed" date="1997-05-07"/>
  </code>
  <code code="CCAT">
    <editdetail attribution="Reuters BIP Coding Group" action="confirmed" date="1997-05-07"/>
  </code>
</codes>
<dc element="dc.date.created" value="1997-05-07"/>
<dc element="dc.publisher" value="Reuters Holdings Plc"/>
<dc element="dc.date.published" value="1997-05-07"/>
<dc element="dc.source" value="Reuters"/>
<dc element="dc.creator.location" value="CHICAGO"/>
<dc element="dc.creator.location.country.name" value="USA"/>
<dc element="dc.source" value="Reuters"/>
</metadata>
</newsitem>
