<?xml version="1.0" encoding="iso-8859-1" ?>
<newsitem itemid="565058" id="root" date="1997-05-07" xml:lang="en">
<title>USA: Massimo sees profit for 1997.</title>
<headline>Massimo sees profit for 1997.</headline>
<dateline>DALLAS 1997-05-07</dateline>
<text>
<p>Massimo da Milano Inc said Wednesday it plans to emerge from Chapter 11 bankruptcy within 60 days, and should turn a profit for 1997.</p>
<p>As part of its reorganization plan, Massimo's closed its unprofitable locations and as a result is expecting a profit for 1997. It also has paid in excess of $150,000 of its $350,000 debt owed to the Internal Revenue Service, and has paid $125,000 owed to the state of Texas for unpaid taxes.</p>
<p>Massimo said it also has brought in new restaurant management and has entered into agreements with two large bakery customers which should substantially increase revenues.</p>
<p>Prior to its bankruptcy filing, the company had losses in excess of $1 million. In a statement, the company attributed those losses to &quot;an overly aggressive expansion program and mismanagement.&quot;</p>
</text>
<copyright>(c) Reuters Limited 1997</copyright>
<metadata>
<codes class="bip:countries:1.0">
  <code code="USA">
    <editdetail attribution="Reuters BIP Coding Group" action="confirmed" date="1997-05-07"/>
  </code>
</codes>
<codes class="bip:topics:1.0">
  <code code="C15">
    <editdetail attribution="Reuters BIP Coding Group" action="confirmed" date="1997-05-07"/>
  </code>
  <code code="C152">
    <editdetail attribution="Reuters BIP Coding Group" action="confirmed" date="1997-05-07"/>
  </code>
  <code code="C16">
    <editdetail attribution="Reuters BIP Coding Group" action="confirmed" date="1997-05-07"/>
  </code>
  <code code="CCAT">
    <editdetail attribution="Reuters BIP Coding Group" action="confirmed" date="1997-05-07"/>
  </code>
</codes>
<dc element="dc.date.created" value="1997-05-07"/>
<dc element="dc.publisher" value="Reuters Holdings Plc"/>
<dc element="dc.date.published" value="1997-05-07"/>
<dc element="dc.source" value="Reuters"/>
<dc element="dc.creator.location" value="DALLAS"/>
<dc element="dc.creator.location.country.name" value="USA"/>
<dc element="dc.source" value="Reuters"/>
</metadata>
</newsitem>
