<?xml version="1.0" encoding="iso-8859-1" ?>
<newsitem itemid="565060" id="root" date="1997-05-07" xml:lang="en">
<title>USA: Thai Capital Fund Inc Q1 net decreases.</title>
<headline>Thai Capital Fund Inc Q1 net decreases.</headline>
<dateline>JERSEY CITY, N.J. 1997-05-07</dateline>
<text>
<p>1997			1996</p>
<p> Shr			  $0.01		    $0.04</p>
<p>Realized and unrealized income per shr</p>
<p>				 1.55		     0.58</p>
<p> Net			     61			241</p>
<p>Realized and unrealized income</p>
<p>				9,696		    3,614</p>
<p> Avg shrs		   6,279		    6,260</p>
<p>(All data above 000s except per share numbers)</p>
</text>
<copyright>(c) Reuters Limited 1997</copyright>
<metadata>
<codes class="bip:countries:1.0">
  <code code="USA">
    <editdetail attribution="Reuters BIP Coding Group" action="confirmed" date="1997-05-07"/>
  </code>
</codes>
<codes class="bip:industries:1.0">
  <code code="I81502">
    <editdetail attribution="Reuters BIP Coding Group" action="confirmed" date="1997-05-07"/>
  </code>
  <code code="I8150206">
    <editdetail attribution="Reuters BIP Coding Group" action="confirmed" date="1997-05-07"/>
  </code>
</codes>
<codes class="bip:topics:1.0">
  <code code="C15">
    <editdetail attribution="Reuters BIP Coding Group" action="confirmed" date="1997-05-07"/>
  </code>
  <code code="C151">
    <editdetail attribution="Reuters BIP Coding Group" action="confirmed" date="1997-05-07"/>
  </code>
  <code code="CCAT">
    <editdetail attribution="Reuters BIP Coding Group" action="confirmed" date="1997-05-07"/>
  </code>
</codes>
<dc element="dc.date.created" value="1997-05-07"/>
<dc element="dc.publisher" value="Reuters Holdings Plc"/>
<dc element="dc.date.published" value="1997-05-07"/>
<dc element="dc.source" value="Reuters"/>
<dc element="dc.creator.location" value="JERSEY CITY, N.J."/>
<dc element="dc.creator.location.country.name" value="USA"/>
<dc element="dc.source" value="Reuters"/>
</metadata>
</newsitem>
