<?xml version="1.0" encoding="iso-8859-1" ?>
<newsitem itemid="565042" id="root" date="1997-05-07" xml:lang="en">
<title>USA: Community Medical Q1 net falls.</title>
<headline>Community Medical Q1 net falls.</headline>
<dateline>YONKERS, N.Y. 1997-05-07</dateline>
<text>
<p>Three Months Ended</p>
<p>							 March 31,</p>
<p>							  1997	  1996</p>
<p> Revenues				     $6,001,000   $2,557,000</p>
<p>Earnings before interest, taxes</p>
<p>depreciation and amortization (EBITDA)</p>
<p>						     689,000	419,000</p>
<p>    EBITDA per share				 .14	    .12</p>
<p> Net income					112,000	158,000</p>
<p>Net income available to common</p>
<p>   stockholders				   90,000	158,000</p>
<p>Shares used in computing net</p>
<p>  income per share			   4,891,500    3,468,500</p>
<p>NOTE: The company said its increase in shares outstanding for Q1 1997 reflect the conversion of convertible preferred stock to common stock in July and August 1996.</p>
<p>Full name is Community Medical Transport Inc.</p>
</text>
<copyright>(c) Reuters Limited 1997</copyright>
<metadata>
<codes class="bip:countries:1.0">
  <code code="USA">
    <editdetail attribution="Reuters BIP Coding Group" action="confirmed" date="1997-05-07"/>
  </code>
</codes>
<codes class="bip:industries:1.0">
  <code code="I95100">
    <editdetail attribution="Reuters BIP Coding Group" action="confirmed" date="1997-05-07"/>
  </code>
</codes>
<codes class="bip:topics:1.0">
  <code code="C15">
    <editdetail attribution="Reuters BIP Coding Group" action="confirmed" date="1997-05-07"/>
  </code>
  <code code="C151">
    <editdetail attribution="Reuters BIP Coding Group" action="confirmed" date="1997-05-07"/>
  </code>
  <code code="CCAT">
    <editdetail attribution="Reuters BIP Coding Group" action="confirmed" date="1997-05-07"/>
  </code>
</codes>
<dc element="dc.date.created" value="1997-05-07"/>
<dc element="dc.publisher" value="Reuters Holdings Plc"/>
<dc element="dc.date.published" value="1997-05-07"/>
<dc element="dc.source" value="Reuters"/>
<dc element="dc.creator.location" value="YONKERS, N.Y."/>
<dc element="dc.creator.location.country.name" value="USA"/>
<dc element="dc.source" value="Reuters"/>
</metadata>
</newsitem>
