<?xml version="1.0" encoding="iso-8859-1" ?>
<newsitem itemid="565079" id="root" date="1997-05-07" xml:lang="en">
<title>USA: Omnipoint Q1 shr loss $1.02 vs loss $0.39.</title>
<headline>Omnipoint Q1 shr loss $1.02 vs loss $0.39.</headline>
<dateline>BETHESDA, Md. 1997-05-07</dateline>
<text>
<p>OMNIPOINT CORPORATION</p>
<p>		  CONDENSED CONSOLIDATED STATEMENTS OF OPERATIONS</p>
<p>			 (in Thousands, except per share data)</p>
<p>					   Three Months Ended March 31,</p>
<p>						     1997	     1996</p>
<p>					    (unaudited)     (unaudited)</p>
<p>Revenues:</p>
<p> License fees				   $4,500		$--</p>
<p> Handset end service revenues		3,087		 --</p>
<p> Total revenues				  7,587		 --</p>
<p>Operating expenses:</p>
<p> Research and development		    7,707	    4,759</p>
<p> Sales, general, and administrative     27,890	    5,172</p>
<p> Depreciation and amortization	    10,419	    3,501</p>
<p>   Total operating expenses		 46,016	   13,432</p>
<p>   Loss from operations		   (38,429)	 (13,432)</p>
<p> Net interest expense			 13,934	    2,471</p>
<p>   Net loss				   (52,363)	 (15,903)</p>
<p>   Loss per share			     (1.02)	   (0.39)</p>
<p>Weighted average common shares outstanding</p>
<p>						    51,278	   40,469</p>
</text>
<copyright>(c) Reuters Limited 1997</copyright>
<metadata>
<codes class="bip:countries:1.0">
  <code code="USA">
    <editdetail attribution="Reuters BIP Coding Group" action="confirmed" date="1997-05-07"/>
  </code>
</codes>
<codes class="bip:industries:1.0">
  <code code="I34400">
    <editdetail attribution="Reuters BIP Coding Group" action="confirmed" date="1997-05-07"/>
  </code>
</codes>
<codes class="bip:topics:1.0">
  <code code="C15">
    <editdetail attribution="Reuters BIP Coding Group" action="confirmed" date="1997-05-07"/>
  </code>
  <code code="C151">
    <editdetail attribution="Reuters BIP Coding Group" action="confirmed" date="1997-05-07"/>
  </code>
  <code code="CCAT">
    <editdetail attribution="Reuters BIP Coding Group" action="confirmed" date="1997-05-07"/>
  </code>
</codes>
<dc element="dc.date.created" value="1997-05-07"/>
<dc element="dc.publisher" value="Reuters Holdings Plc"/>
<dc element="dc.date.published" value="1997-05-07"/>
<dc element="dc.source" value="Reuters"/>
<dc element="dc.creator.location" value="BETHESDA, Md."/>
<dc element="dc.creator.location.country.name" value="USA"/>
<dc element="dc.source" value="Reuters"/>
</metadata>
</newsitem>
