<?xml version="1.0" encoding="iso-8859-1" ?>
<newsitem itemid="565046" id="root" date="1997-05-07" xml:lang="en">
<title>USA: ACM Managed Dollar to begin tender offer.</title>
<headline>ACM Managed Dollar to begin tender offer.</headline>
<dateline>NEW YORK 1997-05-07</dateline>
<text>
<p>ACM Managed Dollar Income Fund said on Wednesday that it will begin a tender offer on May 8 for 7,081,253 shares of its common stock.</p>
<p>The offer, representing about 25 percent of the fund's outstanding shares, is for cash, and will expire on June 5 at 12:00 midnight local time in New York, the company said.</p>
<p>Assuming the expiration date is not extended, the offer will be for a price equal to the net asset value per share determined at the close of the regular trading session of the NYSE the following day, June 6.</p>
<p>ACM is a a non-diversified management investment company with current net assets of about $396 million, the company said.</p>
</text>
<copyright>(c) Reuters Limited 1997</copyright>
<metadata>
<codes class="bip:countries:1.0">
  <code code="USA">
    <editdetail attribution="Reuters BIP Coding Group" action="confirmed" date="1997-05-07"/>
  </code>
</codes>
<codes class="bip:industries:1.0">
  <code code="I81502">
    <editdetail attribution="Reuters BIP Coding Group" action="confirmed" date="1997-05-07"/>
  </code>
  <code code="I8150211">
    <editdetail attribution="Reuters BIP Coding Group" action="confirmed" date="1997-05-07"/>
  </code>
</codes>
<codes class="bip:topics:1.0">
  <code code="C17">
    <editdetail attribution="Reuters BIP Coding Group" action="confirmed" date="1997-05-07"/>
  </code>
  <code code="C171">
    <editdetail attribution="Reuters BIP Coding Group" action="confirmed" date="1997-05-07"/>
  </code>
  <code code="CCAT">
    <editdetail attribution="Reuters BIP Coding Group" action="confirmed" date="1997-05-07"/>
  </code>
</codes>
<dc element="dc.date.created" value="1997-05-07"/>
<dc element="dc.publisher" value="Reuters Holdings Plc"/>
<dc element="dc.date.published" value="1997-05-07"/>
<dc element="dc.source" value="Reuters"/>
<dc element="dc.creator.location" value="NEW YORK"/>
<dc element="dc.creator.location.country.name" value="USA"/>
<dc element="dc.source" value="Reuters"/>
</metadata>
</newsitem>
