<?xml version="1.0" encoding="iso-8859-1" ?>
<newsitem itemid="565125" id="root" date="1997-05-07" xml:lang="en">
<title>USA: U.S. Treasury balances at Fed rose on May 6.</title>
<headline>U.S. Treasury balances at Fed rose on May 6.</headline>
<dateline>WASHINGTON 1997-05-07</dateline>
<text>
<p>U.S. Treasury balances at Federal Reserve based on Treasury Department's latest budget statement.</p>
<p>			  (BILLIONS OF DLRS)</p>
<p>				   May 6		  May 5</p>
<p>Fed acct			23.232		 21.927</p>
<p>Tax/loan note acct	  33.269		 36.533</p>
<p>Cash balance		  56.501		 58.459</p>
<p>---</p>
<p>Total public debt,</p>
<p> subject to limit	5,250.539	     5,245.873</p>
<p>---</p>
<p>Treasury said individual income tax refunds valued at $7 million were issued and $117 million of corporate refunds were issued.</p>
</text>
<copyright>(c) Reuters Limited 1997</copyright>
<metadata>
<codes class="bip:countries:1.0">
  <code code="USA">
    <editdetail attribution="Reuters BIP Coding Group" action="confirmed" date="1997-05-07"/>
  </code>
</codes>
<codes class="bip:topics:1.0">
  <code code="E51">
    <editdetail attribution="Reuters BIP Coding Group" action="confirmed" date="1997-05-07"/>
  </code>
  <code code="E513">
    <editdetail attribution="Reuters BIP Coding Group" action="confirmed" date="1997-05-07"/>
  </code>
  <code code="ECAT">
    <editdetail attribution="Reuters BIP Coding Group" action="confirmed" date="1997-05-07"/>
  </code>
</codes>
<dc element="dc.date.created" value="1997-05-07"/>
<dc element="dc.publisher" value="Reuters Holdings Plc"/>
<dc element="dc.date.published" value="1997-05-07"/>
<dc element="dc.source" value="Reuters"/>
<dc element="dc.creator.location" value="WASHINGTON"/>
<dc element="dc.creator.location.country.name" value="USA"/>
<dc element="dc.source" value="Reuters"/>
</metadata>
</newsitem>
