<?xml version="1.0" encoding="iso-8859-1" ?>
<newsitem itemid="565135" id="root" date="1997-05-07" xml:lang="en">
<title>USA: U.S. mortgage-backeds sag, spreads widen modestly.</title>
<headline>U.S. mortgage-backeds sag, spreads widen modestly.</headline>
<dateline>NEW YORK 1997-05-07</dateline>
<text>
<p>U.S. mortgage-backed securities continued their slide in late-afternoon trade on Wednesday.</p>
<p>Pass-through yield spreads to Treasuries were stuck on the wide side following the Treasury's afternoon auction of $12 billion of 10-year securities, the second and last part of its quarterly refunding effort.</p>
<p>The 10-year averaged a yield of 6.740 percent and a high yield of 6.759 percent.</p>
<p>In its Beige Book summary of national economic activity, the Federal Reserve bank said the economy &quot;generally continued to expand at a moderate rate through March and April.&quot;  </p>
<p>Specifically, the labor markets remained tight and employers throughout the country reported shortages of qualified help, the central bank said.</p>
<p>&quot;Tight labor markets and shortages of qualified help persisted throughout much of the nation in March and April,&quot; it said.</p>
<p>Mortgage trading activity picked up slightly as the Mortgage Bankers Association concluded its National Secondary Market conference in San Francisco, traders said.  </p>
<p>&quot;A lot of the (players) that haven't been selling for the last couple of days have come back (and) started selling so volume is up a little bit,&quot; one trader said.</p>
<p>In key coupons, Ginnie Mae 30-year 7.5-percent paper was off 11/32 at 99-04/32, yielding 102 basis points over the five-year Treasury note.</p>
<p>Comparable Fannie Mae issues were off 14/32 at 99-05/32 and Freddie Mac paper was off 9/32 at 99-13/32.</p>
<p>Five-year Treasuries were off 10/32 at 6.63 percent, and 10-year notes were down 20/32 at 6.76 percent.</p>
<p>(( -- Jeff Coelho, 212-859-1660 ))</p>
</text>
<copyright>(c) Reuters Limited 1997</copyright>
<metadata>
<codes class="bip:countries:1.0">
  <code code="USA">
    <editdetail attribution="Reuters BIP Coding Group" action="confirmed" date="1997-05-07"/>
  </code>
</codes>
<codes class="bip:topics:1.0">
  <code code="M12">
    <editdetail attribution="Reuters BIP Coding Group" action="confirmed" date="1997-05-07"/>
  </code>
  <code code="MCAT">
    <editdetail attribution="Reuters BIP Coding Group" action="confirmed" date="1997-05-07"/>
  </code>
</codes>
<dc element="dc.date.created" value="1997-05-07"/>
<dc element="dc.publisher" value="Reuters Holdings Plc"/>
<dc element="dc.date.published" value="1997-05-07"/>
<dc element="dc.source" value="Reuters"/>
<dc element="dc.creator.location" value="NEW YORK"/>
<dc element="dc.creator.location.country.name" value="USA"/>
<dc element="dc.source" value="Reuters"/>
</metadata>
</newsitem>
