<?xml version="1.0" encoding="iso-8859-1" ?>
<newsitem itemid="565114" id="root" date="1997-05-07" xml:lang="en">
<title>USA: US Airways cuts some summer fares up to 45pct.</title>
<headline>US Airways cuts some summer fares up to 45pct.</headline>
<dateline>ARLINGTON, Va. 1997-05-07</dateline>
<text>
<p>US Airways said Wednesday it has lowered U.S., Canadian and San Juan round-trip fares today by as much as 45 percent.</p>
<p>Under the fare sale, said the company, tickets must be purchased at least seven-days prior to departure and no later than May 20, and travel must be completed by Oct. 8. Sale fares are nonrefundable and require at least one Saturday night stay.</p>
<p>The company added that the lowest fares are available when traveling Tuesday, Wednesday or Saturday.  When traveling to Florida, the lowest fares are available Monday through Thursday and from Florida, Tuesday through Friday.  For San Juan travel, the lowest fares apply Monday through Thursday.</p>
<p>Examples of the lowest round-trip fares are:</p>
<p>    Philadelphia-Denver			$308</p>
<p>    Pittsburgh-Houston			 $308</p>
<p>    Charlotte-San Juan			 $302</p>
<p>    Washington-Toronto			 $217</p>
<p>    New York-Kansas City		     $198</p>
<p>    Boston-Indianapolis			$198</p>
<p>    Pittsburgh-Orlando			 $178</p>
<p>    Rochester-Tampa			    $178</p>
</text>
<copyright>(c) Reuters Limited 1997</copyright>
<metadata>
<codes class="bip:countries:1.0">
  <code code="USA">
    <editdetail attribution="Reuters BIP Coding Group" action="confirmed" date="1997-05-07"/>
  </code>
</codes>
<codes class="bip:industries:1.0">
  <code code="I75000">
    <editdetail attribution="Reuters BIP Coding Group" action="confirmed" date="1997-05-07"/>
  </code>
</codes>
<codes class="bip:topics:1.0">
  <code code="C31">
    <editdetail attribution="Reuters BIP Coding Group" action="confirmed" date="1997-05-07"/>
  </code>
  <code code="CCAT">
    <editdetail attribution="Reuters BIP Coding Group" action="confirmed" date="1997-05-07"/>
  </code>
</codes>
<dc element="dc.date.created" value="1997-05-07"/>
<dc element="dc.publisher" value="Reuters Holdings Plc"/>
<dc element="dc.date.published" value="1997-05-07"/>
<dc element="dc.source" value="Reuters"/>
<dc element="dc.creator.location" value="ARLINGTON, Va."/>
<dc element="dc.creator.location.country.name" value="USA"/>
<dc element="dc.source" value="Reuters"/>
</metadata>
</newsitem>
