<?xml version="1.0" encoding="iso-8859-1" ?>
<newsitem itemid="565150" id="root" date="1997-05-07" xml:lang="en">
<title>USA: Hess in talks with several about refinery.</title>
<headline>Hess in talks with several about refinery.</headline>
<dateline>WOODBRIDGE, N.J. 1997-05-07</dateline>
<text>
<p>Amerada Hess Corp is in discussions with several Latin American government oil companies about joint venture ownership of the company's St. Croix refinery in the U.S. Virgin Islands, Chief Executive John Hess said Wednesday.</p>
<p>Speaking with reporters after the annual meeting, he said the company is also still interested in finding a venture partner for its East Coast gasoline marketing operations. However, the emphasis is in seeking a partner for the St. Croix refinery because that's where the company's major investment is, Hess said.  </p>
<p>Hess told the annual meeting &quot;Our marketing plan is to be the leading retail gasoline station and convenience store operator in the markets we serve.&quot;  Its major marketing operations are in the metropolitan New York area and Florida, where it recently agreed to acquire 66 Pick Quick retail gasoline stations and convenience stores.</p>
<p>Hess said the company will start construction on 15 new gasoline stations and convenience stores in Florida this year. Later he told reporters three of these will be opened in early July and the company plans to build larger numbers of new stations in future years.</p>
</text>
<copyright>(c) Reuters Limited 1997</copyright>
<metadata>
<codes class="bip:countries:1.0">
  <code code="USA">
    <editdetail attribution="Reuters BIP Coding Group" action="confirmed" date="1997-05-07"/>
  </code>
</codes>
<codes class="bip:industries:1.0">
  <code code="I14000">
    <editdetail attribution="Reuters BIP Coding Group" action="confirmed" date="1997-05-07"/>
  </code>
</codes>
<codes class="bip:topics:1.0">
  <code code="C11">
    <editdetail attribution="Reuters BIP Coding Group" action="confirmed" date="1997-05-07"/>
  </code>
  <code code="C24">
    <editdetail attribution="Reuters BIP Coding Group" action="confirmed" date="1997-05-07"/>
  </code>
  <code code="CCAT">
    <editdetail attribution="Reuters BIP Coding Group" action="confirmed" date="1997-05-07"/>
  </code>
</codes>
<dc element="dc.date.created" value="1997-05-07"/>
<dc element="dc.publisher" value="Reuters Holdings Plc"/>
<dc element="dc.date.published" value="1997-05-07"/>
<dc element="dc.source" value="Reuters"/>
<dc element="dc.creator.location" value="WOODBRIDGE, N.J."/>
<dc element="dc.creator.location.country.name" value="USA"/>
<dc element="dc.source" value="Reuters"/>
</metadata>
</newsitem>
