<?xml version="1.0" encoding="iso-8859-1" ?>
<newsitem itemid="565167" id="root" date="1997-05-07" xml:lang="en">
<title>USA: Snyder Oil Q1 shr $0.59 vs $0.01.</title>
<headline>Snyder Oil Q1 shr $0.59 vs $0.01.</headline>
<dateline>FORT WORTH, Texas 1997-05-07</dateline>
<text>
<p>SNYDER OIL CORPORATION</p>
<p>				STATEMENTS OF OPERATIONS</p>
<p>		     (In thousands, except per share data)</p>
<p>						  Quarter Ended March 31,</p>
<p>					     %</p>
<p>					Change	     1997	1996</p>
<p>Revenues</p>
<p>					  113%	   88,755    41,719</p>
<p>Expenses</p>
<p>							    4,191     3,696</p>
<p> Net income			  1021%	   19,926     1,777</p>
<p> Preferred dividends				  1,550     1,553</p>
<p>Net income available to common</p>
<p>					 8104%	   18,376	 224</p>
<p> Net income per common share			 0.59	0.01</p>
<p>Weighted average shares outstanding</p>
<p>							   31,030    31,302</p>
</text>
<copyright>(c) Reuters Limited 1997</copyright>
<metadata>
<codes class="bip:countries:1.0">
  <code code="USA">
    <editdetail attribution="Reuters BIP Coding Group" action="confirmed" date="1997-05-07"/>
  </code>
</codes>
<codes class="bip:industries:1.0">
  <code code="I13000">
    <editdetail attribution="Reuters BIP Coding Group" action="confirmed" date="1997-05-07"/>
  </code>
</codes>
<codes class="bip:topics:1.0">
  <code code="C15">
    <editdetail attribution="Reuters BIP Coding Group" action="confirmed" date="1997-05-07"/>
  </code>
  <code code="C151">
    <editdetail attribution="Reuters BIP Coding Group" action="confirmed" date="1997-05-07"/>
  </code>
  <code code="CCAT">
    <editdetail attribution="Reuters BIP Coding Group" action="confirmed" date="1997-05-07"/>
  </code>
</codes>
<dc element="dc.date.created" value="1997-05-07"/>
<dc element="dc.publisher" value="Reuters Holdings Plc"/>
<dc element="dc.date.published" value="1997-05-07"/>
<dc element="dc.source" value="Reuters"/>
<dc element="dc.creator.location" value="FORT WORTH, Texas"/>
<dc element="dc.creator.location.country.name" value="USA"/>
<dc element="dc.source" value="Reuters"/>
</metadata>
</newsitem>
