<?xml version="1.0" encoding="iso-8859-1" ?>
<newsitem itemid="565194" id="root" date="1997-05-07" xml:lang="en">
<title>USA: Loews Q1 shr $2.08 vs $3.13.</title>
<headline>Loews Q1 shr $2.08 vs $3.13.</headline>
<dateline>NEW YORK 1997-05-07</dateline>
<text>
<p>(In millions, except per share data)</p>
<p>				     Three months ended March 31,</p>
<p>					 1997		   1996</p>
<p>Revenues</p>
<p>Insurnace premiums and net</p>
<p>  investment income (a)     $ 3,989.8	    $ 4,232.5</p>
<p> Manufactured products (b)	541.1		  520.8</p>
<p> Other				  408.2		  291.2</p>
<p>  Total			     4,939.1		5.004.5</p>
<p>Expenses</p>
<p>Insurance claims and</p>
<p>  policyholders' benefits     2,892.4		2,786.9</p>
<p>Cost of manufactured</p>
<p>  products sold (b)		 237.2		  230.7</p>
<p> Other				1,386.4		1,380.4</p>
<p>  Total			     4,516.0		4,398.0</p>
<p>					  423.1		  646.5</p>
<p> Income taxes			 126.4		  218.7</p>
<p> Minority interest		   57.4		   59.0</p>
<p>  Total				 183.8		  277.7</p>
<p>Net income			   239.3		   368.8</p>
<p>Net income per share		2.08		    3.13</p>
<p>Net book value per share	 74.91		   68.15</p>
<p>Weighted number of shares</p>
<p> outstanding			 115.0		   117.8</p>
<p>(a) Includes investment gains of $28.9 million and $311.7</p>
<p>million for the respective periods.</p>
<p>(b) Includes excise taxes of $110.1 million and $109.3</p>
<p>million on sales of manufactured products for the respective periods.</p>
<p>Full company name is Loews Corp.</p>
<p>--((New York Newsdesk 212 859-1610))</p>
</text>
<copyright>(c) Reuters Limited 1997</copyright>
<metadata>
<codes class="bip:countries:1.0">
  <code code="USA">
    <editdetail attribution="Reuters BIP Coding Group" action="confirmed" date="1997-05-07"/>
  </code>
</codes>
<codes class="bip:industries:1.0">
  <code code="I83960">
    <editdetail attribution="Reuters BIP Coding Group" action="confirmed" date="1997-05-07"/>
  </code>
</codes>
<codes class="bip:topics:1.0">
  <code code="C15">
    <editdetail attribution="Reuters BIP Coding Group" action="confirmed" date="1997-05-07"/>
  </code>
  <code code="C151">
    <editdetail attribution="Reuters BIP Coding Group" action="confirmed" date="1997-05-07"/>
  </code>
  <code code="CCAT">
    <editdetail attribution="Reuters BIP Coding Group" action="confirmed" date="1997-05-07"/>
  </code>
</codes>
<dc element="dc.date.created" value="1997-05-07"/>
<dc element="dc.publisher" value="Reuters Holdings Plc"/>
<dc element="dc.date.published" value="1997-05-07"/>
<dc element="dc.source" value="Reuters"/>
<dc element="dc.creator.location" value="NEW YORK"/>
<dc element="dc.creator.location.country.name" value="USA"/>
<dc element="dc.source" value="Reuters"/>
</metadata>
</newsitem>
