<?xml version="1.0" encoding="iso-8859-1" ?>
<newsitem itemid="565123" id="root" date="1997-05-07" xml:lang="en">
<title>USA: U.S. labor force growth to peak eventually -Guynn.</title>
<headline>U.S. labor force growth to peak eventually -Guynn.</headline>
<byline>Isabelle Clary</byline>
<dateline>BOCA RATON, Fla. 1997-05-07</dateline>
<text>
<p>The growth in the U.S. labor force, which may account for the good behavior of inflation amid tight labor markets, is one factor that will eventually run its course, Federal Reserve Bank of Atlanta President Jack Guynn said on Wednesday.</p>
<p>&quot;At one point, that (rapid labor force growth) will come to an end, too,&quot; Guynn told Reuters, in response to a question about the unexpectedly high number of discouraged workers who have recently returned to the labor force.  </p>
<p>Guynn spoke to Reuters after addressing a conference of the Bankers' Association for Foreign Trade on the issue of regulation and supervision of international banking.</p>
<p>According to the latest data, the U.S. labor force is growing at about twice its expected rate of 1.1 percent, which may explain why wages are not rising faster despite an unemployment rate at a 30-year low of 4.9 percent.</p>
<p>Private economists have said this may raise the non-inflationary trend rate of economic expansion -- which is based on the growth rate in the labor force and productivity -- above its previously estimated 2.0- to 2.5-percent range.  </p>
<p>Guynn said labor force growth and productivity -- reported on Wednesday at up 2.0 percent in the first quarter -- were among many developements the Fed examines to chart a monetary policy that will ensure inflation does not inch back up.</p>
<p>The Atlanta Fed president said the possibility that productivity in the services-heavy U.S. economy was understated as well as the likely transitory nature of factors keeping inflation low were currently important considerations for monetary policy.  </p>
<p>&quot;Companies are keeping inventories low. But that also means that when there is a shortage, prices go up much faster,&quot; Guynn also said, stressing the need for caution about inflation.</p>
<p>Guynn also noted the improved management of inventories means &quot;big business cycles swings are less likely,&quot; increasing the odds for long-term sustainable growth.</p>
<p>Talking to reporters earlier, Guynn said it was &quot;absolutely critical&quot; to prevent inflation from rising and that he was not prepared to call &quot;inflation dead,&quot; mainly due to the level of resource utilization, notably labor.  </p>
<p>&quot;Labor markets are tight. Labor markets have been tight for a year or more,&quot; Guynn said.</p>
<p>The unemployment rate has been below 5.5 percent since June 1996, averaging 5.2 percent.</p>
<p>Such a low unemployment rate is clearly below the level experts have previously associated with wage-driven inflation.</p>
<p>&quot;The historical relationship between the unemployment rate and inflation has not held, at least not so far, over the most recent period of time,&quot; said Guynn, adding that this relationship was an important factor &quot;in the stance in policy.&quot;  </p>
<p>But Guynn declined to say whether the Fed was behind the inflation curve.</p>
<p>In his speech before the banking forum, Guynn defended the role of the Fed as a banking regulator and emphasized how critical a credible monetary policy was for banking.</p>
<p>&quot;You can't jump-start economic growth, or at least not sustainable growth, with excessively stimulative fiscal or monetary policy,&quot; the Atlanta Fed president told bankers.</p>
<p>&quot;Since we use the banking system to put our monetary policy in place, we have a strong, vested interest in the safety and efficiency of that industry,&quot; Guynn also said. &quot;The Federal Reserve, as the central bank, also is the lender of last resort. As such, we find it necessary to know the operations of the system first hand.&quot;</p>
<p>(( -- 212-859-1666 ))</p>
</text>
<copyright>(c) Reuters Limited 1997</copyright>
<metadata>
<codes class="bip:countries:1.0">
  <code code="USA">
    <editdetail attribution="Reuters BIP Coding Group" action="confirmed" date="1997-05-07"/>
  </code>
</codes>
<codes class="bip:topics:1.0">
  <code code="E41">
    <editdetail attribution="Reuters BIP Coding Group" action="confirmed" date="1997-05-07"/>
  </code>
  <code code="ECAT">
    <editdetail attribution="Reuters BIP Coding Group" action="confirmed" date="1997-05-07"/>
  </code>
  <code code="GCAT">
    <editdetail attribution="Reuters BIP Coding Group" action="confirmed" date="1997-05-07"/>
  </code>
  <code code="GJOB">
    <editdetail attribution="Reuters BIP Coding Group" action="confirmed" date="1997-05-07"/>
  </code>
</codes>
<dc element="dc.date.created" value="1997-05-07"/>
<dc element="dc.publisher" value="Reuters Holdings Plc"/>
<dc element="dc.date.published" value="1997-05-07"/>
<dc element="dc.source" value="Reuters"/>
<dc element="dc.creator.location" value="BOCA RATON, Fla."/>
<dc element="dc.creator.location.country.name" value="USA"/>
<dc element="dc.source" value="Reuters"/>
</metadata>
</newsitem>
