<?xml version="1.0" encoding="iso-8859-1" ?>
<newsitem itemid="565169" id="root" date="1997-05-07" xml:lang="en">
<title>USA: U.S. 10-year note auction average 6.740 pct.</title>
<headline>U.S. 10-year note auction average 6.740 pct.</headline>
<dateline>WASHINGTON 1997-05-07</dateline>
<text>
<p>The U.S. Treasury said its auction of 10-year notes produced these results:</p>
<p>			10-YEAR NOTES DUE MAY 15, 2007</p>
<p>			     $12.001 BILLION AUCTION</p>
<p>	     YIELD			  PRICE	COUPON</p>
<p> LOW	 6.716    Awarded At	99.345	6-5/8</p>
<p> HIGH	6.759    High Yield	99.037     Percent</p>
<p> AVERAGE   6.740    50 Percent	99.173</p>
<p>	   Cover - (Bids Over Amount Sold)    =  1.86 Times</p>
<p>	   Tail -- (High Minus Average Yield) =  1.9 Basis Pts</p>
<p> U.S. TREASURY (GOVERNMENT DEBT)		 MATURITY 15.May.07</p>
<p> MATURITY/TYPE    10-YEAR NOTES		  PAY DATE 15.May.97</p>
<p> TYPE OF DEBT     STRAIGHT			 LAUNCHED 07.May.97</p>
<p> ISSUED/ACCEPTED  12.001 BLN USD		 CUSIP    9128272U5</p>
<p> BIDS SUBMITTED   22.308			   COUNTRY	  USA</p>
<p> NONCOMPETITIVE   383.00 MLN			AUCTION AVERAGES</p>
<p> NY FED DISTRICT    N.A.			   COUPON	 6.625</p>
<p> FOREIGN INSTITN  200.00 MLN		     PRICE	 99.173</p>
<p> BIDDING RANGE    6.759-6.716 PCT		YIELD	  6.740</p>
<p>AVERAGE YIELD UP FROM 6.374 PCT AT AUCTION ON 12.FEB.97</p>
<p>AVG YIELD HIGHEST SINCE 7.016 PCT AT AUCTION ON 09.JUL.96</p>
</text>
<copyright>(c) Reuters Limited 1997</copyright>
<metadata>
<codes class="bip:countries:1.0">
  <code code="USA">
    <editdetail attribution="Reuters BIP Coding Group" action="confirmed" date="1997-05-07"/>
  </code>
</codes>
<codes class="bip:topics:1.0">
  <code code="M12">
    <editdetail attribution="Reuters BIP Coding Group" action="confirmed" date="1997-05-07"/>
  </code>
  <code code="MCAT">
    <editdetail attribution="Reuters BIP Coding Group" action="confirmed" date="1997-05-07"/>
  </code>
</codes>
<dc element="dc.date.created" value="1997-05-07"/>
<dc element="dc.publisher" value="Reuters Holdings Plc"/>
<dc element="dc.date.published" value="1997-05-07"/>
<dc element="dc.source" value="Reuters"/>
<dc element="dc.creator.location" value="WASHINGTON"/>
<dc element="dc.creator.location.country.name" value="USA"/>
<dc element="dc.source" value="Reuters"/>
</metadata>
</newsitem>
