<?xml version="1.0" encoding="iso-8859-1" ?>
<newsitem itemid="565248" id="root" date="1997-05-07" xml:lang="en">
<title>USA: Liteglow says it sues Russo Securities.</title>
<headline>Liteglow says it sues Russo Securities.</headline>
<dateline>POMPANO BEACH, Fla. 1997-05-07</dateline>
<text>
<p>Liteglow Industries Inc said Wednesday it has filed a civil suit against Russo Securities Inc of New York City and several related individuals.</p>
<p>The company said the suit is for the alleged failure to carry out investment banking arrangements, and the recovery of its stock.</p>
<p>Liteglow said it filed on April 24th in the circuit court of Broward County, Fla.</p>
<p>The company said the circuit court judge ordered the two million shares of stock remaining in Russo's and the named individuals possession should be &quot;locked-up&quot;, and no further sales by these parties should be allowed without further notice or court order.</p>
</text>
<copyright>(c) Reuters Limited 1997</copyright>
<metadata>
<codes class="bip:countries:1.0">
  <code code="USA">
    <editdetail attribution="Reuters BIP Coding Group" action="confirmed" date="1997-05-07"/>
  </code>
</codes>
<codes class="bip:topics:1.0">
  <code code="C12">
    <editdetail attribution="Reuters BIP Coding Group" action="confirmed" date="1997-05-07"/>
  </code>
  <code code="CCAT">
    <editdetail attribution="Reuters BIP Coding Group" action="confirmed" date="1997-05-07"/>
  </code>
  <code code="GCAT">
    <editdetail attribution="Reuters BIP Coding Group" action="confirmed" date="1997-05-07"/>
  </code>
  <code code="GCRIM">
    <editdetail attribution="Reuters BIP Coding Group" action="confirmed" date="1997-05-07"/>
  </code>
</codes>
<dc element="dc.date.created" value="1997-05-07"/>
<dc element="dc.publisher" value="Reuters Holdings Plc"/>
<dc element="dc.date.published" value="1997-05-07"/>
<dc element="dc.source" value="Reuters"/>
<dc element="dc.creator.location" value="POMPANO BEACH, Fla."/>
<dc element="dc.creator.location.country.name" value="USA"/>
<dc element="dc.source" value="Reuters"/>
</metadata>
</newsitem>
