<?xml version="1.0" encoding="iso-8859-1" ?>
<newsitem itemid="565272" id="root" date="1997-05-07" xml:lang="en">
<title>USA: Callon Petroleum Co Q1 net up sharply.</title>
<headline>Callon Petroleum Co Q1 net up sharply.</headline>
<dateline>NATCHEZ, Miss. 1997-05-07</dateline>
<text>
<p>(In thousands, except per share amounts)</p>
<p>							   1997	 1996</p>
<p> Revenues					   $12,781    $ 6,480</p>
<p> Net income					   3,682	1,371</p>
<p> Preferred stock dividends			  699	  699</p>
<p>Net income per common share:</p>
<p>  Primary						0.47	 0.12</p>
<p>  Assuming full dilution			   0.39	 0.12</p>
<p>Weighted average shares:</p>
<p>  Primary					     6,342	5,755</p>
<p>  Assuming full dilution			  9,332	5,755</p>
<p>-- New York Newsdesk 212 859-1610</p>
</text>
<copyright>(c) Reuters Limited 1997</copyright>
<metadata>
<codes class="bip:countries:1.0">
  <code code="USA">
    <editdetail attribution="Reuters BIP Coding Group" action="confirmed" date="1997-05-07"/>
  </code>
</codes>
<codes class="bip:industries:1.0">
  <code code="I13000">
    <editdetail attribution="Reuters BIP Coding Group" action="confirmed" date="1997-05-07"/>
  </code>
  <code code="I1300003">
    <editdetail attribution="Reuters BIP Coding Group" action="confirmed" date="1997-05-07"/>
  </code>
</codes>
<codes class="bip:topics:1.0">
  <code code="C15">
    <editdetail attribution="Reuters BIP Coding Group" action="confirmed" date="1997-05-07"/>
  </code>
  <code code="C151">
    <editdetail attribution="Reuters BIP Coding Group" action="confirmed" date="1997-05-07"/>
  </code>
  <code code="CCAT">
    <editdetail attribution="Reuters BIP Coding Group" action="confirmed" date="1997-05-07"/>
  </code>
</codes>
<dc element="dc.date.created" value="1997-05-07"/>
<dc element="dc.publisher" value="Reuters Holdings Plc"/>
<dc element="dc.date.published" value="1997-05-07"/>
<dc element="dc.source" value="Reuters"/>
<dc element="dc.creator.location" value="NATCHEZ, Miss."/>
<dc element="dc.creator.location.country.name" value="USA"/>
<dc element="dc.source" value="Reuters"/>
</metadata>
</newsitem>
