<?xml version="1.0" encoding="iso-8859-1" ?>
<newsitem itemid="565242" id="root" date="1997-05-07" xml:lang="en">
<title>USA: Thermo Remediation Inc Q4 loss vs profit.</title>
<headline>Thermo Remediation Inc Q4 loss vs profit.</headline>
<dateline>WALTHAM, Mass. 1997-05-07</dateline>
<text>
<p>Three Months Ended	   Twelve Months Ended</p>
<p>		  March 29,    March 30,   March 29,     March 30,</p>
<p>		    1997	    1996	    1997	    1996</p>
<p> Revs	$29,164,000  $23,002,000  $114,849,000  $66,957,000</p>
<p>Restructuring</p>
<p>     Costs   7,800,000	    ---     7,800,000	    ---</p>
<p>Net Income</p>
<p>    (Loss) (5,303,000)    1,401,000   (2,681,000)    5,444,000</p>
<p> Share	     (.42)	    .11	   (.21)	    .44</p>
<p> Avg Shrs   12,633,000   13,164,000    12,821,000   12,394,000</p>
<p>NOTE: Q4 1997 net includes $7.8 million writedown associated with soil-recycling business.</p>
</text>
<copyright>(c) Reuters Limited 1997</copyright>
<metadata>
<codes class="bip:countries:1.0">
  <code code="USA">
    <editdetail attribution="Reuters BIP Coding Group" action="confirmed" date="1997-05-07"/>
  </code>
</codes>
<codes class="bip:industries:1.0">
  <code code="I37200">
    <editdetail attribution="Reuters BIP Coding Group" action="confirmed" date="1997-05-07"/>
  </code>
</codes>
<codes class="bip:topics:1.0">
  <code code="C15">
    <editdetail attribution="Reuters BIP Coding Group" action="confirmed" date="1997-05-07"/>
  </code>
  <code code="C151">
    <editdetail attribution="Reuters BIP Coding Group" action="confirmed" date="1997-05-07"/>
  </code>
  <code code="C1511">
    <editdetail attribution="Reuters BIP Coding Group" action="confirmed" date="1997-05-07"/>
  </code>
  <code code="CCAT">
    <editdetail attribution="Reuters BIP Coding Group" action="confirmed" date="1997-05-07"/>
  </code>
</codes>
<dc element="dc.date.created" value="1997-05-07"/>
<dc element="dc.publisher" value="Reuters Holdings Plc"/>
<dc element="dc.date.published" value="1997-05-07"/>
<dc element="dc.source" value="Reuters"/>
<dc element="dc.creator.location" value="WALTHAM, Mass."/>
<dc element="dc.creator.location.country.name" value="USA"/>
<dc element="dc.source" value="Reuters"/>
</metadata>
</newsitem>
