<?xml version="1.0" encoding="iso-8859-1" ?>
<newsitem itemid="565227" id="root" date="1997-05-07" xml:lang="en">
<title>USA: Thermo Terratech Q4 shr March 29 loss $0.22.</title>
<headline>Thermo Terratech Q4 shr March 29 loss $0.22.</headline>
<dateline>WALTHAM, Mass. 1997-05-07</dateline>
<text>
<p>1997			1996</p>
<p> Shr  loss	 $0.22	  profit  $0.10</p>
<p> Net  loss	 3,972	  profit  1,923</p>
<p> Revs		67,918		   59,680</p>
<p> Avg shrs	  18,023		   18,461</p>
<p>	  12 MONTHS</p>
<p> Shr  loss	 $0.01	  profit  $0.19</p>
<p> Net  loss	 162	    profit  3,447</p>
<p> Revs		278,503		  220,484</p>
<p> Avg shrs	  18,708		   18,237</p>
<p>(All data above 000s except per share numbers)</p>
<p>Note: The company reported operating income loss for the quarter of $4.823 million compared to a operating profit of $2.061 million.</p>
</text>
<copyright>(c) Reuters Limited 1997</copyright>
<metadata>
<codes class="bip:countries:1.0">
  <code code="USA">
    <editdetail attribution="Reuters BIP Coding Group" action="confirmed" date="1997-05-07"/>
  </code>
</codes>
<codes class="bip:topics:1.0">
  <code code="C15">
    <editdetail attribution="Reuters BIP Coding Group" action="confirmed" date="1997-05-07"/>
  </code>
  <code code="C151">
    <editdetail attribution="Reuters BIP Coding Group" action="confirmed" date="1997-05-07"/>
  </code>
  <code code="C1511">
    <editdetail attribution="Reuters BIP Coding Group" action="confirmed" date="1997-05-07"/>
  </code>
  <code code="CCAT">
    <editdetail attribution="Reuters BIP Coding Group" action="confirmed" date="1997-05-07"/>
  </code>
</codes>
<dc element="dc.date.created" value="1997-05-07"/>
<dc element="dc.publisher" value="Reuters Holdings Plc"/>
<dc element="dc.date.published" value="1997-05-07"/>
<dc element="dc.source" value="Reuters"/>
<dc element="dc.creator.location" value="WALTHAM, Mass."/>
<dc element="dc.creator.location.country.name" value="USA"/>
<dc element="dc.source" value="Reuters"/>
</metadata>
</newsitem>
