<?xml version="1.0" encoding="iso-8859-1" ?>
<newsitem itemid="565237" id="root" date="1997-05-07" xml:lang="en">
<title>USA: CV Therapeutics Inc Q1 loss narrows.</title>
<headline>CV Therapeutics Inc Q1 loss narrows.</headline>
<dateline>PALO ALTO, Calif. 1997-05-07</dateline>
<text>
<p>(in thousands, except share and per share amounts)</p>
<p>						   Three Months Ended</p>
<p>							 March 31,</p>
<p>					  1997			   1996</p>
<p>				  (unaudited)		 (unaudited)</p>
<p> Total revenue:			$820			   $--</p>
<p>Operating expenses:</p>
<p> Research and development	 1,790			 2,524</p>
<p> General and administrative     1,021			   691</p>
<p> Total operating expenses	 2,811			 3,215</p>
<p> Loss from operations	   (1,991)		     (3,215)</p>
<p>Net interest, and other</p>
<p>  expenses				106			 (164)</p>
<p> Net loss			   (1,885)		     (3,379)</p>
<p> Net loss per share*	     (0.30)			(0.80)</p>
<p>Shares used in computing</p>
<p>  net loss per share*	     6,346			 4,248</p>
<p>* First quarter 1996 net loss per share is calculated on</p>
<p>a pro forma basis.</p>
</text>
<copyright>(c) Reuters Limited 1997</copyright>
<metadata>
<codes class="bip:countries:1.0">
  <code code="USA">
    <editdetail attribution="Reuters BIP Coding Group" action="confirmed" date="1997-05-07"/>
  </code>
</codes>
<codes class="bip:industries:1.0">
  <code code="I25700">
    <editdetail attribution="Reuters BIP Coding Group" action="confirmed" date="1997-05-07"/>
  </code>
</codes>
<codes class="bip:topics:1.0">
  <code code="C15">
    <editdetail attribution="Reuters BIP Coding Group" action="confirmed" date="1997-05-07"/>
  </code>
  <code code="C151">
    <editdetail attribution="Reuters BIP Coding Group" action="confirmed" date="1997-05-07"/>
  </code>
  <code code="CCAT">
    <editdetail attribution="Reuters BIP Coding Group" action="confirmed" date="1997-05-07"/>
  </code>
</codes>
<dc element="dc.date.created" value="1997-05-07"/>
<dc element="dc.publisher" value="Reuters Holdings Plc"/>
<dc element="dc.date.published" value="1997-05-07"/>
<dc element="dc.source" value="Reuters"/>
<dc element="dc.creator.location" value="PALO ALTO, Calif."/>
<dc element="dc.creator.location.country.name" value="USA"/>
<dc element="dc.source" value="Reuters"/>
</metadata>
</newsitem>
