<?xml version="1.0" encoding="iso-8859-1" ?>
<newsitem itemid="565239" id="root" date="1997-05-07" xml:lang="en">
<title>USA: Axsys says Gildea holds 5 pct stake.</title>
<headline>Axsys says Gildea holds 5 pct stake.</headline>
<dateline>NEW YORK 1997-05-07</dateline>
<text>
<p>Axsys Technologies Inc said on Wednesday that it had learned that the chief executive officer of Gildea Management Co, John Gildea, and a related entity, owned 154,500 shares of Axsys common stock.</p>
<p>Axsys learned of the stock acquisition through a Securities and Exchange Commission Schedule 13D filing.</p>
<p>Axsys said the filing persons acquired their shares at prices between $11.92 and $12.38 per share. The company also said they stated in the filing that they currently intend to hold the shares for investment.</p>
<p>Axsys designs and manufactures optical and positioning components and subsystems for high-performance markets such as commercial satellites, defense digital imaging and semiconductor capital equipment.</p>
</text>
<copyright>(c) Reuters Limited 1997</copyright>
<metadata>
<codes class="bip:countries:1.0">
  <code code="USA">
    <editdetail attribution="Reuters BIP Coding Group" action="confirmed" date="1997-05-07"/>
  </code>
</codes>
<codes class="bip:topics:1.0">
  <code code="C18">
    <editdetail attribution="Reuters BIP Coding Group" action="confirmed" date="1997-05-07"/>
  </code>
  <code code="C181">
    <editdetail attribution="Reuters BIP Coding Group" action="confirmed" date="1997-05-07"/>
  </code>
  <code code="CCAT">
    <editdetail attribution="Reuters BIP Coding Group" action="confirmed" date="1997-05-07"/>
  </code>
</codes>
<dc element="dc.date.created" value="1997-05-07"/>
<dc element="dc.publisher" value="Reuters Holdings Plc"/>
<dc element="dc.date.published" value="1997-05-07"/>
<dc element="dc.source" value="Reuters"/>
<dc element="dc.creator.location" value="NEW YORK"/>
<dc element="dc.creator.location.country.name" value="USA"/>
<dc element="dc.source" value="Reuters"/>
</metadata>
</newsitem>
