<?xml version="1.0" encoding="iso-8859-1" ?>
<newsitem itemid="565208" id="root" date="1997-05-07" xml:lang="en">
<title>USA: Multimedia Games Inc Q2 March 31 net up.</title>
<headline>Multimedia Games Inc Q2 March 31 net up.</headline>
<dateline>TULSA, Okla. 1997-05-07</dateline>
<text>
<p>1997			1996</p>
<p> Shr    profit	    $0.04   profit	 $0.01</p>
<p> Net    profit		227   profit	    59</p>
<p> Revs			 9,040		    6,810</p>
<p> Avg shrs			NA			 NA</p>
<p>(All Data Above 000s Except Per Share Numbers)</p>
<p>NOTE: Six-month results not given by company. Q1 1997 loss $190,000 or $0.07 a share.</p>
<p>((Reuters Chicago Newsdesk (312) 408-8787))</p>
</text>
<copyright>(c) Reuters Limited 1997</copyright>
<metadata>
<codes class="bip:countries:1.0">
  <code code="USA">
    <editdetail attribution="Reuters BIP Coding Group" action="confirmed" date="1997-05-07"/>
  </code>
</codes>
<codes class="bip:industries:1.0">
  <code code="I9741102">
    <editdetail attribution="Reuters BIP Coding Group" action="confirmed" date="1997-05-07"/>
  </code>
</codes>
<codes class="bip:topics:1.0">
  <code code="C15">
    <editdetail attribution="Reuters BIP Coding Group" action="confirmed" date="1997-05-07"/>
  </code>
  <code code="C151">
    <editdetail attribution="Reuters BIP Coding Group" action="confirmed" date="1997-05-07"/>
  </code>
  <code code="CCAT">
    <editdetail attribution="Reuters BIP Coding Group" action="confirmed" date="1997-05-07"/>
  </code>
</codes>
<dc element="dc.date.created" value="1997-05-07"/>
<dc element="dc.publisher" value="Reuters Holdings Plc"/>
<dc element="dc.date.published" value="1997-05-07"/>
<dc element="dc.source" value="Reuters"/>
<dc element="dc.creator.location" value="TULSA, Okla."/>
<dc element="dc.creator.location.country.name" value="USA"/>
<dc element="dc.source" value="Reuters"/>
</metadata>
</newsitem>
