<?xml version="1.0" encoding="iso-8859-1" ?>
<newsitem itemid="565298" id="root" date="1997-05-07" xml:lang="en">
<title>USA: Most stock index futures begin weaker with T-bonds.</title>
<headline>Most stock index futures begin weaker with T-bonds.</headline>
<dateline>CHICAGO 1997-05-07</dateline>
<text>
<p>Most U.S. stock index futures began the session weak, in line with losses in U.S. Treasury bond futures.</p>
<p>Traders said a weak T-bond tone and worries of profit taking to recent sharp gains kept buyers nervous.</p>
<p>&quot;With bonds weak, I think we could see a little pullback today,&quot; an S&amp;P 500 futures trader said.</p>
<p>As June T-bonds slipped to a new session low, so did June S&amp;Ps, eroding through support at 829.80 and 829.30. Tuesday's session low of 827.70 was considered minor support, with major support was pegged at 823.75 to 824.00.  </p>
<p>Preliminary 1997 first-quarter productivity data ushered June T-bonds to their session low. Unit labor costs rose 2.7 percent while productivity was up 2.0 percent for the biggest gain since fourth-quarter 1993.</p>
<p>June S&amp;P 500 futures slipped as low as 827.00, the lowest price since Friday. But traders and analysts said the market has rallied again to record highs rather quickly, and was due to consolidate.</p>
<p>&quot;We're going to give back some of what we picked up,&quot; one S&amp;P 500 futures trader said. He put support at 823.30, a launching point on Monday's rally.  </p>
<p>Some technicians said the overall S&amp;P 500 tone was firm. Monday, the contract set a new record high of 838.00 on brisk volume and a rise in open interest. In overnight trade Tuesday, June set another high at 838.40.</p>
<p>Since June S&amp;Ps bottomed April 14 at 738.25, the contract has gained more than 100 points from that low to the record high.</p>
<p>At 0932 CDT/1432 GMT, June S&amp;P 500s were down 6.25 points at 828.60, Value Lines lost 3.20 to 729.30, Nikkei fell 170.0 to 19,955.0, Russell lost 0.80 to 363.10, and NASDAQ rose 2.00 to 926.50. ((DerivativesDesk(312)408-8750)) E-mail:derivatives@reuters.com</p>
</text>
<copyright>(c) Reuters Limited 1997</copyright>
<metadata>
<codes class="bip:countries:1.0">
  <code code="USA">
    <editdetail attribution="Reuters BIP Coding Group" action="confirmed" date="1997-05-07"/>
  </code>
</codes>
<codes class="bip:topics:1.0">
  <code code="M11">
    <editdetail attribution="Reuters BIP Coding Group" action="confirmed" date="1997-05-07"/>
  </code>
  <code code="MCAT">
    <editdetail attribution="Reuters BIP Coding Group" action="confirmed" date="1997-05-07"/>
  </code>
</codes>
<dc element="dc.date.created" value="1997-05-07"/>
<dc element="dc.publisher" value="Reuters Holdings Plc"/>
<dc element="dc.date.published" value="1997-05-07"/>
<dc element="dc.source" value="Reuters"/>
<dc element="dc.creator.location" value="CHICAGO"/>
<dc element="dc.creator.location.country.name" value="USA"/>
<dc element="dc.source" value="Reuters"/>
</metadata>
</newsitem>
