<?xml version="1.0" encoding="iso-8859-1" ?>
<newsitem itemid="565286" id="root" date="1997-05-07" xml:lang="en">
<title>USA: Elbit Medical Q1 shr $0.01, with charge.</title>
<headline>Elbit Medical Q1 shr $0.01, with charge.</headline>
<dateline>NEW YORK 1997-05-07</dateline>
<text>
<p>(U.S.$ in millions, except per share information)</p>
<p>					   Three Months Ended</p>
<p>						  March 31,</p>
<p>					   1997	     1996</p>
<p>Revenues:</p>
<p>  Elscint			$     70.4	$    71.4</p>
<p>  Elscint Ultrasound		 38.6	     46.1</p>
<p>  Elbit Medical Systems	     2.1		2.4</p>
<p> Total revenues		     111.1	    119.9</p>
<p>Gross Profit:</p>
<p>  Elscint				25.1	     28.1</p>
<p>  Elbit Ultrasound		   17.8	     16.8</p>
<p>  Elbit Medical Systems	     0.9		0.8</p>
<p> Total Gross Profit		  43.8	     45.7</p>
<p> Research and development	   8.6		9.1</p>
<p>Selling general</p>
<p> and administrative		  32.0	     34.7</p>
<p> Operating income		     3.2		1.8</p>
<p> Net Income			     0.2		1.0</p>
<p> Net Income per share		0.01	     0.05</p>
<p>Weighted average number</p>
<p> of shares Outstanding	   21,386	   21,386</p>
<p>Note: Elbit Medical Imaging Ltd is based in Haifa, Israel. First quarter 1997 net income includes a one-time charge of $900,000 primarily due to the reorganization and consolidation of operations at Elbit Ultrasound subsidiary that was completed in the quarter. Net income for the same period last year included a one-time $2.0 million gain, resulting from reducing the company's holdings in the Hungarian company OMKER. --((New York Newsdesk 212 859-1610))</p>
</text>
<copyright>(c) Reuters Limited 1997</copyright>
<metadata>
<codes class="bip:countries:1.0">
  <code code="USA">
    <editdetail attribution="Reuters BIP Coding Group" action="confirmed" date="1997-05-07"/>
  </code>
</codes>
<codes class="bip:topics:1.0">
  <code code="C15">
    <editdetail attribution="Reuters BIP Coding Group" action="confirmed" date="1997-05-07"/>
  </code>
  <code code="C151">
    <editdetail attribution="Reuters BIP Coding Group" action="confirmed" date="1997-05-07"/>
  </code>
  <code code="CCAT">
    <editdetail attribution="Reuters BIP Coding Group" action="confirmed" date="1997-05-07"/>
  </code>
</codes>
<dc element="dc.date.created" value="1997-05-07"/>
<dc element="dc.publisher" value="Reuters Holdings Plc"/>
<dc element="dc.date.published" value="1997-05-07"/>
<dc element="dc.source" value="Reuters"/>
<dc element="dc.creator.location" value="NEW YORK"/>
<dc element="dc.creator.location.country.name" value="USA"/>
<dc element="dc.source" value="Reuters"/>
</metadata>
</newsitem>
