<?xml version="1.0" encoding="iso-8859-1" ?>
<newsitem itemid="565295" id="root" date="1997-05-07" xml:lang="en">
<title>USA: NYCE cotton called to open 0.20 cent higher.</title>
<headline>NYCE cotton called to open 0.20 cent higher.</headline>
<dateline>NEW YORK 1997-05-07</dateline>
<text>
<p>NYCE cotton futures were called to open 0.20 cent higher Wednesday, based on market orders at 1017 EDT, dealers said.</p>
<p>They expect prices to consolidate from Tuesday, when the market slid to fresh contract lows but climbed off the lows by the close.</p>
<p>July ended 0.12 cent firmer at 72.02 cents a lb yesterday after trading from 72.10 to 71.00 cents, a new life-of-contract low. December finished down 0.19 cent at 74.63 cents after setting a contract low of 73.85 cents. The rest of the board ended 0.45 to 0.17 lower.</p>
<p>Volume was estimated at 16,000 lots.</p>
<p>On the fundamental front, Uzbekistan, the world's fifth largest cotton producer, said output could climb in 1997 due to favorable weather. The government said the country would grow four million tonnes of raw cotton, up from 3.35 million tonnes produced in 1996.</p>
<p>Planting continues to run behind normal throughout the Delta, the U.S. Southeast and parts of Texas due to cool, wet weather, Weather Services Corp said.</p>
<p>A total of 726 notices have been issued to date, NYCE said.</p>
<p>((Suzanne Rostler, New York Commodity Desk, 212-859-1640))</p>
</text>
<copyright>(c) Reuters Limited 1997</copyright>
<metadata>
<codes class="bip:countries:1.0">
  <code code="USA">
    <editdetail attribution="Reuters BIP Coding Group" action="confirmed" date="1997-05-07"/>
  </code>
</codes>
<codes class="bip:topics:1.0">
  <code code="M14">
    <editdetail attribution="Reuters BIP Coding Group" action="confirmed" date="1997-05-07"/>
  </code>
  <code code="M141">
    <editdetail attribution="Reuters BIP Coding Group" action="confirmed" date="1997-05-07"/>
  </code>
  <code code="MCAT">
    <editdetail attribution="Reuters BIP Coding Group" action="confirmed" date="1997-05-07"/>
  </code>
</codes>
<dc element="dc.date.created" value="1997-05-07"/>
<dc element="dc.publisher" value="Reuters Holdings Plc"/>
<dc element="dc.date.published" value="1997-05-07"/>
<dc element="dc.source" value="Reuters"/>
<dc element="dc.creator.location" value="NEW YORK"/>
<dc element="dc.creator.location.country.name" value="USA"/>
<dc element="dc.source" value="Reuters"/>
</metadata>
</newsitem>
