<?xml version="1.0" encoding="iso-8859-1" ?>
<newsitem itemid="565269" id="root" date="1997-05-07" xml:lang="en">
<title>USA: UICI Q1 net shr $0.45 vs $0.40.</title>
<headline>UICI Q1 net shr $0.45 vs $0.40.</headline>
<dateline>DALLAS 1997-05-07</dateline>
<text>
<p>(In thousands, except per share data)</p>
<p>					    Three Months Ended</p>
<p>						    March 31,</p>
<p>					    1997		1996</p>
<p>REVENUES</p>
<p>  Health premiums		   $137,036	  $121,671</p>
<p>Life premiums and other</p>
<p>   considerations		     11,667	    11,489</p>
<p>  Net investment income	     20,326	    16,019</p>
<p>  Fees and other income	     30,435	    21,545</p>
<p>  Gains on sale of investments	 838		 892</p>
<p>  Total				  200,302	   171,616</p>
<p>BENEFITS AND EXPENSES</p>
<p>Benefits, claims, and</p>
<p>   settlement expenses		93,705	    84,076</p>
<p>Underwriting, acquisition,</p>
<p>   and insurance expenses	   74,318	    61,814</p>
<p>  Interest expense			 680		 668</p>
<p>  Total				  168,703	   146,558</p>
<p>INCOME BEFORE FEDERAL INCOME TAXES</p>
<p>   AND MINORITY INTERESTS	   31,599	    25,058</p>
<p> Federal income taxes		 10,125	     8,231</p>
<p>   INCOME BEFORE MINORITY INTERESTS21,474	   16,827</p>
<p> Minority interest		     1,182	     1,605</p>
<p>   NET INCOME			   20,292	    15,222</p>
<p>   Pretax Earnings		   $31,599	   $25,058</p>
<p>   Operating Earnings		 19,721	    14,653</p>
<p>   Net Income			   20,292	    15,222</p>
<p>Per Share:</p>
<p>   Operating Earnings		   0.44		0.39</p>
<p>   Net Income			     0.45		0.40</p>
<p>   Avg. Shares  (in thousands)    45,172	    38,320</p>
<p>--((New York Newsdesk 212 859-1610))</p>
</text>
<copyright>(c) Reuters Limited 1997</copyright>
<metadata>
<codes class="bip:countries:1.0">
  <code code="USA">
    <editdetail attribution="Reuters BIP Coding Group" action="confirmed" date="1997-05-07"/>
  </code>
</codes>
<codes class="bip:industries:1.0">
  <code code="I82002">
    <editdetail attribution="Reuters BIP Coding Group" action="confirmed" date="1997-05-07"/>
  </code>
</codes>
<codes class="bip:topics:1.0">
  <code code="C15">
    <editdetail attribution="Reuters BIP Coding Group" action="confirmed" date="1997-05-07"/>
  </code>
  <code code="C151">
    <editdetail attribution="Reuters BIP Coding Group" action="confirmed" date="1997-05-07"/>
  </code>
  <code code="CCAT">
    <editdetail attribution="Reuters BIP Coding Group" action="confirmed" date="1997-05-07"/>
  </code>
</codes>
<dc element="dc.date.created" value="1997-05-07"/>
<dc element="dc.publisher" value="Reuters Holdings Plc"/>
<dc element="dc.date.published" value="1997-05-07"/>
<dc element="dc.source" value="Reuters"/>
<dc element="dc.creator.location" value="DALLAS"/>
<dc element="dc.creator.location.country.name" value="USA"/>
<dc element="dc.source" value="Reuters"/>
</metadata>
</newsitem>
