<?xml version="1.0" encoding="iso-8859-1" ?>
<newsitem itemid="565290" id="root" date="1997-05-07" xml:lang="en">
<title>USA: Chrysler, UAW continue marathon talks.</title>
<headline>Chrysler, UAW continue marathon talks.</headline>
<dateline>DETROIT 1997-05-07</dateline>
<text>
<p>Bargainers for Chrysler Corp and the United Auto Workers continued to talk Wednesday morning after an all-night negotiating session, according to company and union officals.</p>
<p>&quot;They're still at the table, and that's a good sign,&quot; said Chrysler spokesman Tony Cervone.</p>
<p>Union officials, who declined to be named, confirmed published reports that a broad understanding on the key outsourcing issue had been reached by senior negotiators at the company and UAW.  More than 1,800 union members struck Chrysler's Mound Road Engine plant April 9.  </p>
<p>But officials on both sides cautioned numerous issues and details remain to be worked out.</p>
<p>&quot;If there was a real hard and fast agreement, you would have seen it settled,&quot; said one person familiar with the talks.</p>
<p>Local talks resumed about 1630 EDT/2030 GMT Tuesday, the first time serious local bargaining occurred since the strike began.</p>
<p>UAW members have demanded that Chrysler drop plans to shift production of drive shafts to an outside supplier, a practice known as outsourcing.  The move would cost UAW Local 51 an estimated 300 jobs, union members have said.</p>
<p>The strike has forced the U.S. No. 3 automaker to suspend production of high-profit pickup truck and sport/utilty vehicles.  The walkout has idled a total of 18,916 workers.</p>
<p>Analysts have said Chrysler is losing between $15 million and $20 million a day in lost profits from the strike. Analysts said last week the strike had already cost the company more than $300 million.</p>
</text>
<copyright>(c) Reuters Limited 1997</copyright>
<metadata>
<codes class="bip:countries:1.0">
  <code code="USA">
    <editdetail attribution="Reuters BIP Coding Group" action="confirmed" date="1997-05-07"/>
  </code>
</codes>
<codes class="bip:industries:1.0">
  <code code="I35101">
    <editdetail attribution="Reuters BIP Coding Group" action="confirmed" date="1997-05-07"/>
  </code>
</codes>
<codes class="bip:topics:1.0">
  <code code="C42">
    <editdetail attribution="Reuters BIP Coding Group" action="confirmed" date="1997-05-07"/>
  </code>
  <code code="CCAT">
    <editdetail attribution="Reuters BIP Coding Group" action="confirmed" date="1997-05-07"/>
  </code>
  <code code="E41">
    <editdetail attribution="Reuters BIP Coding Group" action="confirmed" date="1997-05-07"/>
  </code>
  <code code="ECAT">
    <editdetail attribution="Reuters BIP Coding Group" action="confirmed" date="1997-05-07"/>
  </code>
  <code code="GCAT">
    <editdetail attribution="Reuters BIP Coding Group" action="confirmed" date="1997-05-07"/>
  </code>
  <code code="GJOB">
    <editdetail attribution="Reuters BIP Coding Group" action="confirmed" date="1997-05-07"/>
  </code>
</codes>
<dc element="dc.date.created" value="1997-05-07"/>
<dc element="dc.publisher" value="Reuters Holdings Plc"/>
<dc element="dc.date.published" value="1997-05-07"/>
<dc element="dc.source" value="Reuters"/>
<dc element="dc.creator.location" value="DETROIT"/>
<dc element="dc.creator.location.country.name" value="USA"/>
<dc element="dc.source" value="Reuters"/>
</metadata>
</newsitem>
