<?xml version="1.0" encoding="iso-8859-1" ?>
<newsitem itemid="565240" id="root" date="1997-05-07" xml:lang="en">
<title>USA: U.S. FCC adopts overhaul of phone charges.</title>
<headline>U.S. FCC adopts overhaul of phone charges.</headline>
<dateline>WASHINGTON 1997-05-07</dateline>
<text>
<p>Regulators Wednesday adopted an historic overhaul of the nation's complex web of telephone charges aimed at fostering fiercer competition and lower prices in the $200 billion per year phone industry.</p>
<p>The new rules, approved at a public meeting, stem from last year's communications law. Federal Communications Commission officials predicted the overhall will deliver $25 billion in lower phone costs to residential and business phone customers over the next five years.  </p>
<p>&quot;This is the single best day that business and residential customers have had since the (1984) breakup of AT&amp;T,&quot; FCC Chairman Reed Hundt said.</p>
<p>Basic residential phone rates are intended to stay at current levels.</p>
<p>Businesses and residences who make lots of long-distance calls will see their monthly phone bill drop the most.</p>
<p>But residential and business customers with more than one phone line and who make few or no long-distance calls are expected to see their costs rise.  </p>
<p>In particular, the rules:</p>
<p>-- Reduce in July by $1.7 billion the $23 billion in annual charges long-distance carriers pay local companies to access their networks.</p>
<p>-- Reduce access charges by a total of $18.5 billion over the next five years.</p>
<p>-- Lower the permanent access charge of 5.4 cents a minute by one cent a minute in 1998 and reduce it over time to one cent on either end of a call.</p>
<p>-- Keep the monthly &quot;subscriber line charge&quot; customers pay to the local phone company at $3.50.</p>
<p>-- Boost the charge for residential customers with more than one line to $5 a month from $3.50, and to roughly $7 from $6 for multi-line businesses.</p>
</text>
<copyright>(c) Reuters Limited 1997</copyright>
<metadata>
<codes class="bip:countries:1.0">
  <code code="USA">
    <editdetail attribution="Reuters BIP Coding Group" action="confirmed" date="1997-05-07"/>
  </code>
</codes>
<codes class="bip:industries:1.0">
  <code code="I79020">
    <editdetail attribution="Reuters BIP Coding Group" action="confirmed" date="1997-05-07"/>
  </code>
</codes>
<codes class="bip:topics:1.0">
  <code code="C13">
    <editdetail attribution="Reuters BIP Coding Group" action="confirmed" date="1997-05-07"/>
  </code>
  <code code="C31">
    <editdetail attribution="Reuters BIP Coding Group" action="confirmed" date="1997-05-07"/>
  </code>
  <code code="CCAT">
    <editdetail attribution="Reuters BIP Coding Group" action="confirmed" date="1997-05-07"/>
  </code>
</codes>
<dc element="dc.date.created" value="1997-05-07"/>
<dc element="dc.publisher" value="Reuters Holdings Plc"/>
<dc element="dc.date.published" value="1997-05-07"/>
<dc element="dc.source" value="Reuters"/>
<dc element="dc.creator.location" value="WASHINGTON"/>
<dc element="dc.creator.location.country.name" value="USA"/>
<dc element="dc.source" value="Reuters"/>
</metadata>
</newsitem>
