<?xml version="1.0" encoding="iso-8859-1" ?>
<newsitem itemid="565331" id="root" date="1997-05-07" xml:lang="en">
<title>INDIA: CRICKET - SRI LANKA HAVE BEST CREDENTIALS IN INDEPENDENCE CUP.</title>
<headline>CRICKET - SRI LANKA HAVE BEST CREDENTIALS IN INDEPENDENCE CUP.</headline>
<dateline>NEW DELHI 1997-05-07</dateline>
<text>
<p>World champions Sri Lanka, who defeated a full-strength Pakistan side to win the Sharjah Cup, appear the team with the best credentials in the four-nation Independence Cup starting on Friday.</p>
<p>India are in transition, Pakistan's three leading strike bowlers -- Wasim Akram, Waqar Younis and Mushtaq Ahmed -- are contracted to county cricket while New Zealand will be playing out of season in tropical weather.</p>
<p>Sri Lanka have dropped newscomers Russell Arnold, Nuwan Zoysa and Jayantha Silva from the team who defeated Pakistan. Fast-medium bowler Dulip Liyange plus all-rounders Ruwan Kalpage and Upul Chandana have been named in a squad of 14.</p>
<p>The tournament commemorating 50 years of Indian independence will mark the extension of the subcontinent's cricket season into summer, besides reviving an exchange of tours between India and Pakistan, suspended for political reasons since 1989.</p>
<p>India last toured Pakistan under Krishnamachari Srikkanth in 1989 but a return visit has been cancelled three times since, except for a one-off quarter-final that Pakistan lost at Bangalore during the World Cup last year.</p>
<p>The Independence Cup, which runs from May 9 to 28, will have a round-robin league with the top two teams qualifying for a best-of-three finals. All matches will be day-night ties.</p>
<p>The home side, responding to dismal performances on tours to South Africa and the West Indies, have dropped former captain Mohammed Azharuddin.</p>
<p>Left-hander Vinod Kambli, left out of last year's English tour on disciplinary grounds, has been recalled but paceman Javagal Srinath is unfit while opener Navjot Singh Sidhu has pulled out with a hamstring injury.</p>
</text>
<copyright>(c) Reuters Limited 1997</copyright>
<metadata>
<codes class="bip:countries:1.0">
  <code code="INDIA">
    <editdetail attribution="Reuters BIP Coding Group" action="confirmed" date="1997-05-07"/>
  </code>
  <code code="NZ">
    <editdetail attribution="Reuters BIP Coding Group" action="confirmed" date="1997-05-07"/>
  </code>
  <code code="PAKIS">
    <editdetail attribution="Reuters BIP Coding Group" action="confirmed" date="1997-05-07"/>
  </code>
  <code code="SRILAN">
    <editdetail attribution="Reuters BIP Coding Group" action="confirmed" date="1997-05-07"/>
  </code>
</codes>
<codes class="bip:topics:1.0">
  <code code="GCAT">
    <editdetail attribution="Reuters BIP Coding Group" action="confirmed" date="1997-05-07"/>
  </code>
  <code code="GSPO">
    <editdetail attribution="Reuters BIP Coding Group" action="confirmed" date="1997-05-07"/>
  </code>
</codes>
<dc element="dc.date.created" value="1997-05-07"/>
<dc element="dc.publisher" value="Reuters Holdings Plc"/>
<dc element="dc.date.published" value="1997-05-07"/>
<dc element="dc.source" value="Reuters"/>
<dc element="dc.creator.location" value="NEW DELHI"/>
<dc element="dc.creator.location.country.name" value="INDIA"/>
<dc element="dc.source" value="Reuters"/>
</metadata>
</newsitem>
