<?xml version="1.0" encoding="iso-8859-1" ?>
<newsitem itemid="565346" id="root" date="1997-05-07" xml:lang="en">
<title>UK: SOCCER-SCOTTISH LEAGUE TITLE WINNERS SINCE 1947.</title>
<headline>SOCCER-SCOTTISH LEAGUE TITLE WINNERS SINCE 1947.</headline>
<dateline>GLASGOW 1997-05-07</dateline>
<text>
<p>Rangers equalled Celtic's record</p>
<p>of nine successive titles (1966-1974) when they won the Scottish</p>
<p>League title on Wednesday.</p>
<p>Title winners and runners-up since the Scottish League</p>
<p>re-started in 1946-47 after World War Two:</p>
<p>	    Champions	   Runners-Up</p>
<p> 1946-47  Rangers	     Hibernian</p>
<p> 1947-48  Hibernian	   Rangers</p>
<p> 1948-49  Rangers	     Dundee</p>
<p> 1949-50  Rangers	     Hibernian</p>
<p> 1950-51  Hibernian	   Rangers</p>
<p> 1951-52  Hibernian	   Rangers</p>
<p> 1952-53  Rangers	     Hibernian</p>
<p> 1953-54  Celtic		Hearts</p>
<p> 1954-55  Aberdeen	    Celtic</p>
<p> 1955-56  Rangers	     Aberdeen</p>
<p> 1956-57  Rangers	     Hearts</p>
<p> 1957-58  Hearts		Rangers</p>
<p> 1958-59  Rangers	     Hearts</p>
<p> 1959-60  Hearts		Kilmarnock</p>
<p> 1960-61  Rangers	     Kilmarnock</p>
<p> 1961-62  Dundee		Rangers</p>
<p> 1962-63  Rangers	     Kilmarnock</p>
<p> 1963-64  Rangers	     Kilmarnock</p>
<p> 1964-65  Kilmarnock	  Hearts</p>
<p> 1965-66  Celtic		Rangers</p>
<p> 1966-67  Celtic		Rangers</p>
<p> 1967-68  Celtic		Rangers</p>
<p> 1968-69  Celtic		Rangers</p>
<p> 1969-70  Celtic		Rangers</p>
<p> 1970-71  Celtic		Aberdeen</p>
<p> 1971-72  Celtic		Aberdeen</p>
<p> 1972-73  Celtic		Rangers</p>
<p> 1973-74  Celtic		Hibernian</p>
<p> 1974-75  Rangers	     Hibernian</p>
<p> 1975-76  Rangers	     Celtic</p>
<p> 1976-77  Celtic		Rangers</p>
<p> 1977-78  Rangers	     Aberdeen</p>
<p> 1978-79  Celtic		Rangers</p>
<p> 1979-80  Aberdeen	    Celtic</p>
<p> 1980-81  Celtic		Aberdeen</p>
<p> 1981-82  Celtic		Aberdeen</p>
<p> 1982-83  Dundee United     Celtic</p>
<p> 1983-84  Aberdeen	    Celtic</p>
<p> 1984-85  Aberdeen	    Celtic</p>
<p> 1985-86  Celtic		Hearts</p>
<p> 1986-87  Rangers	     Celtic</p>
<p> 1987-88  Celtic		Hearts</p>
<p> 1988-89  Rangers	     Aberdeen</p>
<p> 1989-90  Rangers	     Aberdeen</p>
<p> 1990-91  Rangers	     Aberdeen</p>
<p> 1991-92  Rangers	     Hearts</p>
<p> 1992-93  Rangers	     Aberdeen</p>
<p> 1993-94  Rangers	     Aberdeen</p>
<p> 1994-95  Rangers	     Motherwell</p>
<p> 1995-96  Rangers	     Celtic</p>
<p> 1996-97  Rangers	     Celtic</p>
<p>Since the League began in 1890-91, the following clubs have</p>
<p>won the title:</p>
<p>48 - Rangers</p>
<p>35 - Celtic</p>
<p>4 - Aberdeen, Hearts, Hibernian</p>
<p>2 - Dumbarton</p>
<p>1 - Third Lanark, Motherwell, Dundee, Kilmarnock, Dundee</p>
<p>United</p>
</text>
<copyright>(c) Reuters Limited 1997</copyright>
<metadata>
<codes class="bip:countries:1.0">
  <code code="UK">
    <editdetail attribution="Reuters BIP Coding Group" action="confirmed" date="1997-05-07"/>
  </code>
</codes>
<codes class="bip:topics:1.0">
  <code code="GCAT">
    <editdetail attribution="Reuters BIP Coding Group" action="confirmed" date="1997-05-07"/>
  </code>
  <code code="GSPO">
    <editdetail attribution="Reuters BIP Coding Group" action="confirmed" date="1997-05-07"/>
  </code>
</codes>
<dc element="dc.date.created" value="1997-05-07"/>
<dc element="dc.publisher" value="Reuters Holdings Plc"/>
<dc element="dc.date.published" value="1997-05-07"/>
<dc element="dc.source" value="Reuters"/>
<dc element="dc.creator.location" value="GLASGOW"/>
<dc element="dc.creator.location.country.name" value="UK"/>
<dc element="dc.source" value="Reuters"/>
</metadata>
</newsitem>
