<?xml version="1.0" encoding="iso-8859-1" ?>
<newsitem itemid="565305" id="root" date="1997-05-07" xml:lang="en">
<title>USA: U.S.'s Rubin back in U.S. for Treasury business.</title>
<headline>U.S.'s Rubin back in U.S. for Treasury business.</headline>
<dateline>NEW YORK 1997-05-07</dateline>
<text>
<p>U.S. Treasury Secretary Robert Rubin had cut short a trip to Mexico and returned to the U.S. to conduct regular Treasury business, Deputy Treasury Secretary Lawrence Summers told reporters on Wednesday.</p>
<p>&quot;Secretary Rubin came back for regular Treasury business,&quot; Summers said.</p>
<p>Traders here speculated that Rubin's early return may be linked to reports of possible coordinated intervention among the United States, Japan and Germany.</p>
<p>Summers declined to comment on the possibility of any Group of Three coordinated intervention in the foreign exchange arena.</p>
<p>(( -- Chris Stetkiewicz, 212-859-1664 ))</p>
</text>
<copyright>(c) Reuters Limited 1997</copyright>
<metadata>
<codes class="bip:countries:1.0">
  <code code="MEX">
    <editdetail attribution="Reuters BIP Coding Group" action="confirmed" date="1997-05-07"/>
  </code>
  <code code="USA">
    <editdetail attribution="Reuters BIP Coding Group" action="confirmed" date="1997-05-07"/>
  </code>
</codes>
<codes class="bip:topics:1.0">
  <code code="GCAT">
    <editdetail attribution="Reuters BIP Coding Group" action="confirmed" date="1997-05-07"/>
  </code>
  <code code="GPOL">
    <editdetail attribution="Reuters BIP Coding Group" action="confirmed" date="1997-05-07"/>
  </code>
</codes>
<dc element="dc.date.created" value="1997-05-07"/>
<dc element="dc.publisher" value="Reuters Holdings Plc"/>
<dc element="dc.date.published" value="1997-05-07"/>
<dc element="dc.source" value="Reuters"/>
<dc element="dc.creator.location" value="NEW YORK"/>
<dc element="dc.creator.location.country.name" value="USA"/>
<dc element="dc.source" value="Reuters"/>
</metadata>
</newsitem>
