<?xml version="1.0" encoding="iso-8859-1" ?>
<newsitem itemid="565300" id="root" date="1997-05-07" xml:lang="en">
<title>USA: Argosy Gaming Q1 EBITDA rises.</title>
<headline>Argosy Gaming Q1 EBITDA rises.</headline>
<dateline>ALTON, Ill. 1997-05-07</dateline>
<text>
<p>Argosy Gaming Co said Wednesday its earnings before interest, taxes, depreciation and amortization (EBITDA) rose to $11.6 million in the first quarter, up from $10.9 million a year ago.</p>
<p>First-quarter 1997 EBITDA excluded a $1.8 million severance charge, while the year-ago EBITDA was before pre-opening costs and one-time charges.   Earlier, Argosy reported a net loss for</p>
<p>the quarter of $9.0 million or $0.37 a share after the severance charge.  A year ago, its net loss was $1.0 million or $0.04 a share after $1.9 million in development and pre-opening costs.  </p>
<p>The company said it did not record any tax benefit in the current year, compared with an $867,000 benefit in the 1996 quarter.</p>
<p>Net revenues in the quarter rose to $82.5 million from $62.7 million, while total expenses increased to $80.5 million from $60.8 million.</p>
<p>Revenues were helped by the opening of a phase one temporary casino in Lawrenceburg, Ind.  However, revenues decreased at Alton, Ill., and Riverside, Mo., due to new competition and substantially increased capacity in these markets.</p>
<p>((Reuters Chicago Newsdesk (312) 408-8787))</p>
</text>
<copyright>(c) Reuters Limited 1997</copyright>
<metadata>
<codes class="bip:countries:1.0">
  <code code="USA">
    <editdetail attribution="Reuters BIP Coding Group" action="confirmed" date="1997-05-07"/>
  </code>
</codes>
<codes class="bip:industries:1.0">
  <code code="I97912">
    <editdetail attribution="Reuters BIP Coding Group" action="confirmed" date="1997-05-07"/>
  </code>
</codes>
<codes class="bip:topics:1.0">
  <code code="C15">
    <editdetail attribution="Reuters BIP Coding Group" action="confirmed" date="1997-05-07"/>
  </code>
  <code code="C151">
    <editdetail attribution="Reuters BIP Coding Group" action="confirmed" date="1997-05-07"/>
  </code>
  <code code="CCAT">
    <editdetail attribution="Reuters BIP Coding Group" action="confirmed" date="1997-05-07"/>
  </code>
</codes>
<dc element="dc.date.created" value="1997-05-07"/>
<dc element="dc.publisher" value="Reuters Holdings Plc"/>
<dc element="dc.date.published" value="1997-05-07"/>
<dc element="dc.source" value="Reuters"/>
<dc element="dc.creator.location" value="ALTON, Ill."/>
<dc element="dc.creator.location.country.name" value="USA"/>
<dc element="dc.source" value="Reuters"/>
</metadata>
</newsitem>
