<?xml version="1.0" encoding="iso-8859-1" ?>
<newsitem itemid="565329" id="root" date="1997-05-07" xml:lang="en">
<title>FRANCE: RALLYING-MCRAE CLOSES GAP ON SAINZ IN TOUR OF CORSICA.</title>
<headline>RALLYING-MCRAE CLOSES GAP ON SAINZ IN TOUR OF CORSICA.</headline>
<dateline>AJACCIO, Corsica 1997-05-07</dateline>
<text>
<p>Aggressive driving on dry asphalt roads allowed Briton Colin McRae, in a Subaru Impreza, to close the gap on leader Carlos Sainz in the Tour of Corsica on Wednesday.</p>
<p>McRae, who had started the final day of the rally 22 seconds behind Sainz, in fourth position overall, moved up to second place, 10 seconds adrift of the leader's Ford Escort after four of the final six timed stages.</p>
<p>Gilles Panizzi of France was third, one second behind McRae in a Peugeot 306.</p>
<p>There was disappointment however for Panizzi's team mate Francois Delecour, the overnight joint leader, who dropped to fourth place, 15 seconds behind Sainz.</p>
<p>Delecour claimed the day's first test, a short sprint over 9.6 kms from Bellevalle to Marato. But in the following two sections the Frenchman, hampered by a wrong choice of tyres and clutch problems, lost ground.</p>
<p>McRae, meanwhile, took every conceivable risk, clocking the best time in the last two of the morning's four stretches to stay in contention for victory.</p>
</text>
<copyright>(c) Reuters Limited 1997</copyright>
<metadata>
<codes class="bip:countries:1.0">
  <code code="FRA">
    <editdetail attribution="Reuters BIP Coding Group" action="confirmed" date="1997-05-07"/>
  </code>
</codes>
<codes class="bip:topics:1.0">
  <code code="GCAT">
    <editdetail attribution="Reuters BIP Coding Group" action="confirmed" date="1997-05-07"/>
  </code>
  <code code="GSPO">
    <editdetail attribution="Reuters BIP Coding Group" action="confirmed" date="1997-05-07"/>
  </code>
</codes>
<dc element="dc.date.created" value="1997-05-07"/>
<dc element="dc.publisher" value="Reuters Holdings Plc"/>
<dc element="dc.date.published" value="1997-05-07"/>
<dc element="dc.source" value="Reuters"/>
<dc element="dc.creator.location" value="AJACCIO, Corsica"/>
<dc element="dc.creator.location.country.name" value="FRANCE"/>
<dc element="dc.source" value="Reuters"/>
</metadata>
</newsitem>
