<?xml version="1.0" encoding="iso-8859-1" ?>
<newsitem itemid="565336" id="root" date="1997-05-07" xml:lang="en">
<title>USA: NBA BASKETBALL - BULLS RALLY TO BEAT HAWKS, JAZZ TAKE LAKERS.</title>
<headline>NBA BASKETBALL - BULLS RALLY TO BEAT HAWKS, JAZZ TAKE LAKERS.</headline>
<dateline>CHICAGO 1997-05-07</dateline>
<text>
<p>Scottie Pippen scored 29 points, including a three-pointer that snapped a tie with 47 seconds left, to lift the defending NBA champion Chicago Bulls to a 100-97 victory over the Atlanta Hawks in the opener of their Eastern Conference semifinal series on Tuesday.</p>
<p>The Bulls overcame a 14-point deficit, the ejection of Dennis Rodman and a shocking lack of offence from Michael Jordan in the final quarter to remain unbeaten in the playoffs.</p>
<p>Jordan scored 20 of his 34 points in the pivotal third quarter as the Bulls battled back from a 50-39 halftime deficit, but just one point in the fourth quarter.</p>
<p>Rodman was ejected -- for the second time in four playoff games -- with 5:57 left in the third quarter for slapping Hawks centre Dikembe Mutombo in the face.</p>
<p>&quot;It just didn't seem like things were going to go our way, but third quarter we fought hard defensively and got ourselves back in the ball game and it was a dogfight from that point in,&quot; Jordan said.</p>
<p>Mookie Blaylock had 31 points and 12 rebounds for the Hawks, who were coming off a tough five-game series with the Detroit Pistons. But he committed two key turnovers and missed a three-pointer in the last two minutes as Atlanta failed to execute down the stretch, going scoreless for the final 3:06.</p>
<p>Pippen's three-pointer, his sixth of the game, came after a backcourt violation by Atlanta and snapped a 97-97 tie.</p>
<p>Chicago's Luc Longley missed two free throws with 33 seconds left, keeping the Hawks within one basket. But Blaylock stepped on the sideline as he received an inbounds pass for a costly turnover.</p>
<p>&quot;The call on Mookie out of bounds wasn't a very good one,&quot; complained Hawks coach Lenny Wilkens. &quot;He was clearly bumped by Jordan.&quot;</p>
<p>&quot;I feel I should have been fouled,&quot; Blaylock said. &quot;I feel they should have made that call.&quot;</p>
<p>After Jordan, amazingly, missed a layup, the Hawks had one last chance with 3.4 seconds left, but Blaylock's three-point attempt from the corner was long.</p>
<p>Ron Harper scored 11 points and Jordan grabbed 11 rebounds for the Bulls. Steve Smith chipped in 19 points and Tyrone Corbin added 14 for Atlanta.</p>
<p>A Jordan dunk gave Chicago its first lead at 69-67 with 1:43 left in the third quarter. Three more baskets by Jordan extended the lead to seven points entering the fourth quarter as the Bulls outscored Atlanta 38-20 in the third quarter.</p>
<p>Chicago, which was coming off a lengthy layoff after sweeping the Washington Bullets in the first round, host Game Two on Thursday.</p>
<p>&quot;First game is always just feeling each other out ... but we know we can play a better basketball game,&quot; Jordan said.</p>
<p>At Utah, Antoine Carr hit a pair of free throws with 2.1 seconds left to lift the Utah Jazz to a 103-101 victory over the Los Angeles Lakers and a two games to none lead in their Western Conference semifinal series.</p>
<p>The game was tied at 101-101 when Los Angeles' Shaquille O'Neal missed a short baseline jumper with 14 seconds remaining. Utah's John Stockton then drove the lane and dished off to Carr inside for what would have been an easy layup if he was not fouled. Carr converted both free throws for his only points of the game.</p>
<p>&quot;They tried the old high school move and tried to freeze me (with a timeout), but that don't work on me,&quot; said Carr.</p>
<p>Nick Van Exel caught the ensuing inbounds pass and appeared to be slapped on the arm by Utah's Karl Malone as he attempted a long jumper at the buzzer, but no call was made.</p>
<p>Malone led Utah with 31 points and 11 rebounds.</p>
<p>&quot;It was a big win for us,&quot; Malone said. &quot;They were really unbelievable and came out with an awful lot of energy. &quot;We're going to have to raise out game a notch in L.A. They're going to come out and try to blow us away.&quot;</p>
<p>Jeff Hornacek had 21 points for the Jazz, who have won 16 straight at the Delta Centre.</p>
<p>&quot;L.A. was unbelievable,&quot; Hornacek said. &quot;They never quit, but we got a big break at the end.&quot;</p>
<p>O'Neal had 25 points and 12 rebounds for the Lakers despite missing most of the third quarter due to foul trouble. Byron Scott had 24 points in 25 minutes off the bench for Los Angeles.</p>
<p>The Lakers were 11-of-18 from three-point range.  Robert Horry was a perfect 7-of-7 from beyond the arc and finished with 21 points.</p>
<p>Game Three is Thursday night in Los Angeles.</p>
</text>
<copyright>(c) Reuters Limited 1997</copyright>
<metadata>
<codes class="bip:countries:1.0">
  <code code="USA">
    <editdetail attribution="Reuters BIP Coding Group" action="confirmed" date="1997-05-07"/>
  </code>
</codes>
<codes class="bip:topics:1.0">
  <code code="GCAT">
    <editdetail attribution="Reuters BIP Coding Group" action="confirmed" date="1997-05-07"/>
  </code>
  <code code="GSPO">
    <editdetail attribution="Reuters BIP Coding Group" action="confirmed" date="1997-05-07"/>
  </code>
</codes>
<dc element="dc.date.created" value="1997-05-07"/>
<dc element="dc.publisher" value="Reuters Holdings Plc"/>
<dc element="dc.date.published" value="1997-05-07"/>
<dc element="dc.source" value="Reuters"/>
<dc element="dc.creator.location" value="CHICAGO"/>
<dc element="dc.creator.location.country.name" value="USA"/>
<dc element="dc.source" value="Reuters"/>
</metadata>
</newsitem>
