<?xml version="1.0" encoding="iso-8859-1" ?>
<newsitem itemid="565354" id="root" date="1997-05-07" xml:lang="en">
<title>UK: SOCCER-UNITED STILL EYE EUROPE AS THEIR REIGN CONTINUES.</title>
<headline>SOCCER-UNITED STILL EYE EUROPE AS THEIR REIGN CONTINUES.</headline>
<byline>Mike Collett</byline>
<dateline>LONDON 1997-05-07</dateline>
<text>
<p>The way Manchester United won the English League title on Tuesday without kicking a ball neatly encapsulated this season's race for the title.</p>
<p>United won the league when Liverpool lost 2-1 at Wimbledon and Newcastle drew 0-0 at West Ham on a cold night in London.</p>
<p>Liverpool's failure to take at least a point and Newcastle's failure to take all three meant United's haul of 71 points could not be bettered.</p>
<p>Last season, United won the title with 82 points and were pushed to the last game of the season by Newcastle.</p>
<p>This season, in which all the big teams faltered at some stage, they needed just 71 points and still have a couple of league matches to enjoy before the summer break.</p>
<p>Tuesday's results proved that when the chips were down none of United's rivals were up to the task of maintaining a sustained challenge for the title.</p>
<p>Liverpool, Newcastle and Arsenal have all topped the table during the last nine months but it was United's experience and confidence that finally secured them the championship for the fourth time in five years.</p>
<p>Newcastle manager Kenny Dalglish said after Tuesday's match: &quot;They are the best team with the best players and they have proved it with the points.&quot;</p>
<p>Liverpool boss Roy Evans added: &quot;It sticks in the throat that United have won it again and not us but they got the points and to do it again is a top-class performance. But we will be back.&quot;</p>
<p>Liverpool's challenge ultimately failed because they were too erratic and dropped 21 points at home. Newcastle's challenge spluttered in mid-season when Kevin Keegan left to be replaced by Kenny Dalglish.</p>
<p>And Arsenal flattered to deceive, beating teams below them in the table with comparative ease but losing key games at home to United, Liverpool and Newcastle in the final weeks.</p>
<p>United did not win the title entirely by default. Apart from two uncharacteristic 5-0 and 6-3 defeats in successive games at Newcastle and Southampton in October they beat Liverpool and Arsenal at home and away and were too strong for most of their opponents.</p>
<p>They also reached the semifinals of the European Cup although they failed to exploit the chances they created there against Borussia Dortmund.</p>
<p>This United side never matched the inspired form of last season when their French skipper Eric Cantona powered them to an F.A. Cup and League double.</p>
<p>Cantona himself had a quiet season and generally seemed to be tiring as a player and fading as a creative force.</p>
<p>But Roy Keane had an outstanding season driving the midfield, David Beckham proved he had exceptional potential with some outstanding goals and as the season entered its final weeks, Andy Cole at last began to show why manager Alex Ferguson paid Newcastle 7.0 million pounds ($11.4 million) for him two years ago.</p>
<p>Rising Norwegian star Ole Solskjaer, bought as a long-term investment at the start of the season, was set to end up as top scorer.</p>
<p>It is no secret that manager Alex Ferguson is keen to improve the side in the summer and is equally desperate to win the European Cup with United.</p>
<p>He knows he will have to strengthen his side if United are to bridge the gap between dominating in England and dominating Europe.</p>
<p>Ferguson said: &quot;Everyone talks now about going on to win the European Cup. All I will say is that I hope there is more to come from this team.</p>
<p>&quot;Unfortunately we went out in the semifinal this year but we've managed to maintain our title challenge. I wouldn't swap this for a place in the European Cup final but for the European Cup itself? That's different.&quot;</p>
<p>United wrap up the season with home games against Newcastle on Thursday and West Ham on Sunday.</p>
<p>Both opponents still have points to play for. Newcastle can finish second and qualify for next season's expanded European Cup while West Ham are not yet certain of avoiding relegation.</p>
</text>
<copyright>(c) Reuters Limited 1997</copyright>
<metadata>
<codes class="bip:countries:1.0">
  <code code="UK">
    <editdetail attribution="Reuters BIP Coding Group" action="confirmed" date="1997-05-07"/>
  </code>
</codes>
<codes class="bip:topics:1.0">
  <code code="GCAT">
    <editdetail attribution="Reuters BIP Coding Group" action="confirmed" date="1997-05-07"/>
  </code>
  <code code="GSPO">
    <editdetail attribution="Reuters BIP Coding Group" action="confirmed" date="1997-05-07"/>
  </code>
</codes>
<dc element="dc.date.created" value="1997-05-07"/>
<dc element="dc.publisher" value="Reuters Holdings Plc"/>
<dc element="dc.date.published" value="1997-05-07"/>
<dc element="dc.source" value="Reuters"/>
<dc element="dc.creator.location" value="LONDON"/>
<dc element="dc.creator.location.country.name" value="UK"/>
<dc element="dc.source" value="Reuters"/>
</metadata>
</newsitem>
