<?xml version="1.0" encoding="iso-8859-1" ?>
<newsitem itemid="565345" id="root" date="1997-05-07" xml:lang="en">
<title>UK: SOCCER-SCOTTISH PREMIER DIVISION RESULTS/STANDINGS.</title>
<headline>SOCCER-SCOTTISH PREMIER DIVISION RESULTS/STANDINGS.</headline>
<dateline>GLASGOW 1997-05-07</dateline>
<text>
<p>Results of Scottish premier</p>
<p>division soccer matches played on Wednesday:</p>
<p> Celtic	   0  Kilmarnock  0</p>
<p> Dundee United  0  Rangers     1</p>
<p>    Standings	    P   W   D   L   F  A  Pts</p>
<p>  1.Rangers	     35  25   5   5  84  30  80</p>
<p>  2.Celtic		35  22   6   7  75  32  72</p>
<p>  3.Dundee United     35  17   9   9  46  30  60</p>
<p>  4.Hearts		35  13  10  12  43  42  49</p>
<p>  5.Dunfermline	 35  12   8  15  50  63  44</p>
<p>  6.Aberdeen	    35  10  13  12  44  53  43</p>
<p>  7.Kilmarnock	  35  11   5  19  40  60  38</p>
<p>  8.Motherwell	  35   9  10  16  42  53  37</p>
<p>  9.Hibernian	   35   9  10  16  37  54  37</p>
<p> 10.Raith		 35   6   6  23  28  72  24</p>
</text>
<copyright>(c) Reuters Limited 1997</copyright>
<metadata>
<codes class="bip:countries:1.0">
  <code code="UK">
    <editdetail attribution="Reuters BIP Coding Group" action="confirmed" date="1997-05-07"/>
  </code>
</codes>
<codes class="bip:topics:1.0">
  <code code="GCAT">
    <editdetail attribution="Reuters BIP Coding Group" action="confirmed" date="1997-05-07"/>
  </code>
  <code code="GSPO">
    <editdetail attribution="Reuters BIP Coding Group" action="confirmed" date="1997-05-07"/>
  </code>
</codes>
<dc element="dc.date.created" value="1997-05-07"/>
<dc element="dc.publisher" value="Reuters Holdings Plc"/>
<dc element="dc.date.published" value="1997-05-07"/>
<dc element="dc.source" value="Reuters"/>
<dc element="dc.creator.location" value="GLASGOW"/>
<dc element="dc.creator.location.country.name" value="UK"/>
<dc element="dc.source" value="Reuters"/>
</metadata>
</newsitem>
