<?xml version="1.0" encoding="iso-8859-1" ?>
<newsitem itemid="565447" id="root" date="1997-05-07" xml:lang="en">
<title>SLOVAKIA: SLOVAK OPPOSITION CALLS FOR REFERENDUM YES ON NATO.</title>
<headline>SLOVAK OPPOSITION CALLS FOR REFERENDUM YES ON NATO.</headline>
<byline>Peter Javurek</byline>
<dateline>BRATISLAVA 1997-05-07</dateline>
<text>
<p>Slovakia's parliamentary opposition called on Wednesday for a &quot;yes&quot; vote in a referendum on NATO membership this month, saying the result would decide if the country's future lay in the West or East.</p>
<p>&quot;To put it simply, this referendum will be Slovakia's choice between the West and the East,&quot; ethnic Hungarian coalition leader Miklos Duray told a news conference organised by opposition parties.</p>
<p>The opposition Democratic Party (DS), Democratic Union (DU), Social-Democrats (SDSS), Christian Democratic Movement (KDH), Greens (SZS) and the Hungarian coalition have called for a yes vote in the NATO referendum and one on the direct election of the president.</p>
<p>The two votes are scheduled for May 23-24.</p>
<p>&quot;This is the first time that a united democratic opposition has taken the initiative to steer Slovakia from the fatal path of international isolation,&quot; DS leader Jan Langos said.</p>
<p>Prime Minister Vladimir Meciar's coalition government supports NATO membership but Slovakia's chances of being among the first wave of new members have waned after repeated western criticism of shortcomings in its democratic reforms.</p>
<p>The Czech Republic, Hungary and Poland are seen as the leading contenders to join NATO.</p>
<p>The Slovak referendum asks three questions -- are you in favour of NATO membership, do you agree to the deployment of nuclear weapons in Slovakia, and do you favour the deployment of foreign troops in Slovakia.</p>
<p>The opposition has called for voters to ignore the second and third questions which, it says, were drafted deliberately to elicit a negative response to NATO links, providing Meciar with an alibi for Slovakia's failure to be invited to join.</p>
<p>&quot;We consider Meciar's approach to the referendum as hypocrisy,&quot; Pal Farkas of the Hungarian Christian-Democratic Movement (MKDH) said. &quot;Both his coalition partners are openly opposed to NATO while he is doing all he can to blame the West for rejecting Slovakia's bid for NATO membership.&quot;</p>
<p>The government has halted preparations for the vote on direct presidential elections, called after an opposition-initiated petition, pending a constitutional court ruling on whether the constitution can be changed in this way.</p>
</text>
<copyright>(c) Reuters Limited 1997</copyright>
<metadata>
<codes class="bip:countries:1.0">
  <code code="NATO">
    <editdetail attribution="Reuters BIP Coding Group" action="confirmed" date="1997-05-07"/>
  </code>
  <code code="SLVAK">
    <editdetail attribution="Reuters BIP Coding Group" action="confirmed" date="1997-05-07"/>
  </code>
</codes>
<codes class="bip:topics:1.0">
  <code code="GCAT">
    <editdetail attribution="Reuters BIP Coding Group" action="confirmed" date="1997-05-07"/>
  </code>
  <code code="GPOL">
    <editdetail attribution="Reuters BIP Coding Group" action="confirmed" date="1997-05-07"/>
  </code>
  <code code="GVOTE">
    <editdetail attribution="Reuters BIP Coding Group" action="confirmed" date="1997-05-07"/>
  </code>
</codes>
<dc element="dc.date.created" value="1997-05-07"/>
<dc element="dc.publisher" value="Reuters Holdings Plc"/>
<dc element="dc.date.published" value="1997-05-07"/>
<dc element="dc.source" value="Reuters"/>
<dc element="dc.creator.location" value="BRATISLAVA"/>
<dc element="dc.creator.location.country.name" value="SLOVAKIA"/>
<dc element="dc.source" value="Reuters"/>
</metadata>
</newsitem>
