<?xml version="1.0" encoding="iso-8859-1" ?>
<newsitem itemid="565437" id="root" date="1997-05-07" xml:lang="en">
<title>RUSSIA: PRESS DIGEST - RUSSIA IZVESTIA - MAY 7.</title>
<headline>PRESS DIGEST - RUSSIA IZVESTIA - MAY 7.</headline>
<dateline>MOSCOW 1997-05-07</dateline>
<text>
<p>Following are some of the leading stories in the May 8 edition of Russia's Izvestia newspaper. Reuters has not verified these stories and does not vouch for their accuracy.</p>
<p>- The leadership of Moldova and the breakaway Dnestr region will sign a peace memorandum in Moscow on Thursday in the presence of the presidents of Russia and Ukraine, a representative of the OSCE and Denmark's foreign minister.</p>
<p>- Russians are getting confused with holidays nowadays but May 9, Victory Day, remains holiday number one, according to the latest public opinion pull.</p>
<p>- Two sailors have died on a Russian ship which has been held since last November in the Ukraine becasue it owes $18,000 to the Black Sea port of Yalta.</p>
<p>- Moscow police have arrested a man who made three bomb threats by telephone.</p>
<p>--Tatyana Ustinova, Moscow Newsroom, +7095 941 8520.</p>
</text>
<copyright>(c) Reuters Limited 1997</copyright>
<metadata>
<codes class="bip:countries:1.0">
  <code code="RUSS">
    <editdetail attribution="Reuters BIP Coding Group" action="confirmed" date="1997-05-07"/>
  </code>
</codes>
<codes class="bip:topics:1.0">
  <code code="GCAT">
    <editdetail attribution="Reuters BIP Coding Group" action="confirmed" date="1997-05-07"/>
  </code>
</codes>
<dc element="dc.date.created" value="1997-05-07"/>
<dc element="dc.publisher" value="Reuters Holdings Plc"/>
<dc element="dc.date.published" value="1997-05-07"/>
<dc element="dc.source" value="Reuters"/>
<dc element="dc.creator.location" value="MOSCOW"/>
<dc element="dc.creator.location.country.name" value="RUSSIA"/>
<dc element="dc.source" value="Reuters"/>
</metadata>
</newsitem>
