<?xml version="1.0" encoding="iso-8859-1" ?>
<newsitem itemid="565405" id="root" date="1997-05-07" xml:lang="en">
<title>AUSTRIA: SOCCER-BAYERN MUNICH CO-TRAINER TO JOIN CASINO GRAZ.</title>
<headline>SOCCER-BAYERN MUNICH CO-TRAINER TO JOIN CASINO GRAZ.</headline>
<dateline>VIENNA 1997-05-07</dateline>
<text>
<p>Bayern Munich co-trainer Klaus Augenthaler has signed a two-year contract with Austrian first division club Casino Graz.</p>
<p>Augenthaler, 39, was presented by Casino Graz on Wednesday as successor to the club's present coach August Starek. He will take up the post next season.</p>
<p>Casino Graz are currently lying sixth in the Austrian league championship standings.</p>
</text>
<copyright>(c) Reuters Limited 1997</copyright>
<metadata>
<codes class="bip:countries:1.0">
  <code code="AUST">
    <editdetail attribution="Reuters BIP Coding Group" action="confirmed" date="1997-05-07"/>
  </code>
  <code code="GFR">
    <editdetail attribution="Reuters BIP Coding Group" action="confirmed" date="1997-05-07"/>
  </code>
</codes>
<codes class="bip:topics:1.0">
  <code code="GCAT">
    <editdetail attribution="Reuters BIP Coding Group" action="confirmed" date="1997-05-07"/>
  </code>
  <code code="GSPO">
    <editdetail attribution="Reuters BIP Coding Group" action="confirmed" date="1997-05-07"/>
  </code>
</codes>
<dc element="dc.date.created" value="1997-05-07"/>
<dc element="dc.publisher" value="Reuters Holdings Plc"/>
<dc element="dc.date.published" value="1997-05-07"/>
<dc element="dc.source" value="Reuters"/>
<dc element="dc.creator.location" value="VIENNA"/>
<dc element="dc.creator.location.country.name" value="AUSTRIA"/>
<dc element="dc.source" value="Reuters"/>
</metadata>
</newsitem>
