<?xml version="1.0" encoding="iso-8859-1" ?>
<newsitem itemid="504547" id="root" date="1997-04-12" xml:lang="en">
<title>ARGENTINA: MOTOR RACING-VILLENEUVE TAKES ARGENTINE POLE SPOT.</title>
<headline>MOTOR RACING-VILLENEUVE TAKES ARGENTINE POLE SPOT.</headline>
<byline>Timothy Collings</byline>
<dateline>BUENOS AIRES 1997-04-12</dateline>
<text>
<p>Jacques Villeneuve continued his dominance of this year's Formula One world championship on Saturday, winning pole position for Sunday's Argentine Grand Prix.</p>
<p>The Canadian shattered the old qualifying record by more than six seconds by lapping in one minute 24.473 seconds in his Williams-Renault.</p>
<p>Still suffering from a stomach disorder, Villeneuve said the extra performance of the car was down to the vastly improved tyres this season.</p>
<p>&quot;Last year, they were too hard on this circuit and this year they are much better, much softer,&quot; he explained.</p>
<p>His team mate Heinz-Harald Frentzen wound up second-quickest to claim a place alongside the Canadian on the front row of the grid.</p>
<p>It was Villeneuve's third pole position of the season, his fourth in succession, the sixth of his career -- and the 100th for Williams.</p>
<p>The 26-year-old shares the lead in the world drivers' championship with Briton David Coulthard with 10 points after two of the 17 races on the calendar.</p>
<p>Frenchman Olivier Panis in a Prost, using the new Bridgestone tyres as opposed to the Goodyears of the Williams team, claimed third place ahead of double world champion Michael Schumacher of Germany in a Goodyear-shod Ferrari.</p>
<p>Rubens Barrichello, in a Jordan with Bridgestone tyres, was fifth and Ralf Schumacher, 21-year-old younger brother of Michael, was sixth for Jordan, using Goodyears, as they qualified for their 100th Grand Prix.</p>
<p>The race will be the 600th Formula One world championship event since the series was inaugurated in 1950.</p>
<p>Panis' third place was his best-ever qualifying position and Barrichello claimed the Stewart team's first top 10 starting place on the grid. Britain's Damon Hill, the 1996 world champion, qualified 13th for Arrows.</p>
<p>&quot;It was difficult for me because we never had a set-up from the morning session when I had a radiator problem, so we were guessing as we qualified,&quot; Hill said.</p>
<p>&quot;I thought we would be doing well to get in the top 10 here, so 13 is not too bad. I think we did the best we could under the circumstances.&quot;</p>
<p>There are reports that Arrows are to have a new car powered by Honda next year.</p>
<p>For Barrichello, it was a profitable as well as an invigorating afternoon. Returning to the Stewart team's garage, he tossed his wrist-watch out of the cockpit of his car.</p>
<p>The Brazilian had won a bet with team bosses Jackie and Paul Stewart -- for finishing in the top six for the first time -- and won a new watch.</p>
<p>Jackie Stewart said: &quot;This is fantastic. To qualify in the top six for the first time after translating our second position in Friday's practice to fifth on the grid is wonderful.&quot;</p>
</text>
<copyright>(c) Reuters Limited 1997</copyright>
<metadata>
<codes class="bip:countries:1.0">
  <code code="ARG">
    <editdetail attribution="Reuters BIP Coding Group" action="confirmed" date="1997-04-12"/>
  </code>
</codes>
<codes class="bip:topics:1.0">
  <code code="GCAT">
    <editdetail attribution="Reuters BIP Coding Group" action="confirmed" date="1997-04-12"/>
  </code>
  <code code="GSPO">
    <editdetail attribution="Reuters BIP Coding Group" action="confirmed" date="1997-04-12"/>
  </code>
</codes>
<dc element="dc.date.created" value="1997-04-12"/>
<dc element="dc.publisher" value="Reuters Holdings Plc"/>
<dc element="dc.date.published" value="1997-04-12"/>
<dc element="dc.source" value="Reuters"/>
<dc element="dc.creator.location" value="BUENOS AIRES"/>
<dc element="dc.creator.location.country.name" value="ARGENTINA"/>
<dc element="dc.source" value="Reuters"/>
</metadata>
</newsitem>
