<?xml version="1.0" encoding="iso-8859-1" ?>
<newsitem itemid="504548" id="root" date="1997-04-12" xml:lang="en">
<title>INDIA: SOCCER-IRAQ RETAIN NEHRU GOLD CUP.</title>
<headline>SOCCER-IRAQ RETAIN NEHRU GOLD CUP.</headline>
<dateline>COCHIN, India 1997-04-12</dateline>
<text>
<p>Holders Iraq beat Asian Games gold medallists Uzbekistan 3-1 in the final of the Nehru Gold Cup soccer tournament on Saturday.</p>
<p>Striker Husam Naji, who scored the winner in Iraq's 1-0 victory over Russia in last year's final in Calcutta, gave them the lead in the fifth minute after dribbling past three defenders.</p>
<p>Uzbek defender Anatoly Kuralev put the ball into his own goal when trying to intercept a corner from Laith Hussain Shihab in the 20th minute to give Iraq a two-goal lead.</p>
<p>Ravashanjon Mataliev pulled one back in the 43rd minute.</p>
<p>Shihab, judged player of the final, sealed Iraq's victory with a great goal on the hour.</p>
</text>
<copyright>(c) Reuters Limited 1997</copyright>
<metadata>
<codes class="bip:countries:1.0">
  <code code="INDIA">
    <editdetail attribution="Reuters BIP Coding Group" action="confirmed" date="1997-04-12"/>
  </code>
  <code code="IRAQ">
    <editdetail attribution="Reuters BIP Coding Group" action="confirmed" date="1997-04-12"/>
  </code>
  <code code="RUSS">
    <editdetail attribution="Reuters BIP Coding Group" action="confirmed" date="1997-04-12"/>
  </code>
  <code code="UZBK">
    <editdetail attribution="Reuters BIP Coding Group" action="confirmed" date="1997-04-12"/>
  </code>
</codes>
<codes class="bip:topics:1.0">
  <code code="GCAT">
    <editdetail attribution="Reuters BIP Coding Group" action="confirmed" date="1997-04-12"/>
  </code>
  <code code="GSPO">
    <editdetail attribution="Reuters BIP Coding Group" action="confirmed" date="1997-04-12"/>
  </code>
</codes>
<dc element="dc.date.created" value="1997-04-12"/>
<dc element="dc.publisher" value="Reuters Holdings Plc"/>
<dc element="dc.date.published" value="1997-04-12"/>
<dc element="dc.source" value="Reuters"/>
<dc element="dc.creator.location" value="COCHIN, India"/>
<dc element="dc.creator.location.country.name" value="INDIA"/>
<dc element="dc.source" value="Reuters"/>
</metadata>
</newsitem>
