<?xml version="1.0" encoding="iso-8859-1" ?>
<newsitem itemid="504574" id="root" date="1997-04-12" xml:lang="en">
<title>UK: SOCCER-ENGLISH PREMIER LEAGUE SUMMARIES.</title>
<headline>SOCCER-ENGLISH PREMIER LEAGUE SUMMARIES.</headline>
<dateline>LONDON 1997-04-12</dateline>
<text>
<p>Summaries of English premier</p>
<p>league soccer matches played on Saturday:</p>
<p> Arsenal		  2 - Adams 35, Platt 66</p>
<p> Leicester		0</p>
<p>HT: 1-0.  Att: 38,044</p>
<p>- - - -</p>
<p> Blackburn		2 - McKinlay 34, Warhurst 88</p>
<p> Manchester United    3 - Cole 32, Scholes 43, Cantona 80</p>
<p>HT: 1-2.  Att: 30,476</p>
<p>- - - -</p>
<p> Derby		    2 - Rowett 21, Van Der Laan 36</p>
<p> Aston Villa	    1 - Joachim 84</p>
<p>HT: 2-0.  Att: 18,071</p>
<p>- - - -</p>
<p> Everton		  1 - Speed 11</p>
<p> Tottenham		0</p>
<p>HT: 1-0.  Att: 36,380</p>
<p>- - - -</p>
<p> Southampton	    2 - Evans 13, Berkovic 36</p>
<p> West Ham		 0</p>
<p>HT: 2-0.  Att: 15.244</p>
<p>Red card: Jason Dodd (S) 44</p>
</text>
<copyright>(c) Reuters Limited 1997</copyright>
<metadata>
<codes class="bip:countries:1.0">
  <code code="UK">
    <editdetail attribution="Reuters BIP Coding Group" action="confirmed" date="1997-04-12"/>
  </code>
</codes>
<codes class="bip:topics:1.0">
  <code code="GCAT">
    <editdetail attribution="Reuters BIP Coding Group" action="confirmed" date="1997-04-12"/>
  </code>
  <code code="GSPO">
    <editdetail attribution="Reuters BIP Coding Group" action="confirmed" date="1997-04-12"/>
  </code>
</codes>
<dc element="dc.date.created" value="1997-04-12"/>
<dc element="dc.publisher" value="Reuters Holdings Plc"/>
<dc element="dc.date.published" value="1997-04-12"/>
<dc element="dc.source" value="Reuters"/>
<dc element="dc.creator.location" value="LONDON"/>
<dc element="dc.creator.location.country.name" value="UK"/>
<dc element="dc.source" value="Reuters"/>
</metadata>
</newsitem>
