<?xml version="1.0" encoding="iso-8859-1" ?>
<newsitem itemid="504576" id="root" date="1997-04-12" xml:lang="en">
<title>UK: SOCCER-ENGLISH LEAGUE RESULTS.</title>
<headline>SOCCER-ENGLISH LEAGUE RESULTS.</headline>
<dateline>LONDON 1997-04-12</dateline>
<text>
<p>Results of English soccer</p>
<p>matches on Saturday:</p>
<p>Premier league</p>
<p> Arsenal		   2  Leicester		  0</p>
<p> Blackburn		 2  Manchester United	3</p>
<p> Derby		     2  Aston Villa		1</p>
<p> Everton		   1  Tottenham		  0</p>
<p> Southampton	     2  West Ham		   0</p>
<p>Playing Sunday:</p>
<p>F.A. Cup semifinals</p>
<p> Middlesbrough	   v  Chesterfield	     </p>
<p>(At Manchester United)</p>
<p> Chelsea		   v  Wimbledon		  </p>
<p>(At Arsenal)</p>
<p>Premier league</p>
<p> Sheffield Wednesday   v  Newcastle		  </p>
<p> Sunderland		v  Liverpool		  </p>
<p>Division one</p>
<p> Barnsley		4 Charlton		0</p>
<p> Birmingham	    1 Huddersfield	  0</p>
<p> Bolton		  4 Oxford		  0</p>
<p> Norwich		 2 Stoke		   0</p>
<p> Port Vale	     3 Oldham		  2</p>
<p> Portsmouth	    1 Tranmere		3</p>
<p> Queens Park Rangers 3 Grimsby		 0</p>
<p> Reading		 2 Wolverhampton	 1</p>
<p> Sheffield United    3 Crystal Palace	0</p>
<p> Southend		1 Bradford		1</p>
<p> Swindon		 0 Ipswich		 4</p>
<p> West Bromwich	 1 Manchester City     3</p>
<p>Division two</p>
<p> Blackpool	     2 Bury		    0</p>
<p> Bournemouth	   2 Gillingham	    2</p>
<p> Crewe		   1 Bristol Rovers	0</p>
<p> Millwall		0 Plymouth		0</p>
<p> Notts County	  1 Wycombe		 2</p>
<p> Peterborough	  2 Preston		 0</p>
<p> Shrewsbury	    0 Wrexham		 1</p>
<p> Stockport	     1 Burnley		 0</p>
<p> Walsall		 3 Luton		   2</p>
<p> Watford		 4 York		    0</p>
<p>Played Friday</p>
<p> Rotherham	     0 Brentford	     1</p>
<p>Division three</p>
<p> Brighton		1 Wigan		   0</p>
<p> Cardiff		 1 Chester		 0</p>
<p> Exeter		  3 Lincoln		 3</p>
<p> Fulham		  0 Northampton	   1</p>
<p> Hartlepool	    0 Cambridge United    2</p>
<p> Leyton Orient	 2 Doncaster	     1</p>
<p> Rochdale		2 Darlington	    0</p>
<p> Scarborough	   1 Hereford		1</p>
<p> Scunthorpe	    2 Hull		    2</p>
<p> Torquay		 1 Barnet		  2</p>
<p>Played Friday</p>
<p> Colchester	    3 Swansea		 1</p>
<p> Mansfield	     0 Carlisle		0</p>
</text>
<copyright>(c) Reuters Limited 1997</copyright>
<metadata>
<codes class="bip:countries:1.0">
  <code code="UK">
    <editdetail attribution="Reuters BIP Coding Group" action="confirmed" date="1997-04-12"/>
  </code>
</codes>
<codes class="bip:topics:1.0">
  <code code="GCAT">
    <editdetail attribution="Reuters BIP Coding Group" action="confirmed" date="1997-04-12"/>
  </code>
  <code code="GSPO">
    <editdetail attribution="Reuters BIP Coding Group" action="confirmed" date="1997-04-12"/>
  </code>
</codes>
<dc element="dc.date.created" value="1997-04-12"/>
<dc element="dc.publisher" value="Reuters Holdings Plc"/>
<dc element="dc.date.published" value="1997-04-12"/>
<dc element="dc.source" value="Reuters"/>
<dc element="dc.creator.location" value="LONDON"/>
<dc element="dc.creator.location.country.name" value="UK"/>
<dc element="dc.source" value="Reuters"/>
</metadata>
</newsitem>
