<?xml version="1.0" encoding="iso-8859-1" ?>
<newsitem itemid="504580" id="root" date="1997-04-12" xml:lang="en">
<title>SOUTH AFRICA: RUGBY UNION-AUCKLAND AND NATAL LOOK CLASSY.</title>
<headline>RUGBY UNION-AUCKLAND AND NATAL LOOK CLASSY.</headline>
<byline>Andy Capostagno</byline>
<dateline>JOHANNESBURG 1997-04-12</dateline>
<text>
<p>New Zealand's Auckland Blues lead South Africa's Natal Sharks by a point at the top of the Super 12 table after both teams scored impressive wins in the sixth round of matches on Saturday.</p>
<p>Natal were 33-15 winners over Waikato in New Zealand, while Auckland put on a pedigree display to thrash fancied visitors Australian Capital Territories (ACT) 41-9.</p>
<p>Auckland were simply unstoppable against an ACT side which had been tipped to produce an upset. It took a three-try spree by the visitors in the last five minutes to restore some respectability to the scoreline. &quot;Can we just talk about the last five minutes?&quot; asked rueful coach Rod McQueen.</p>
<p>Auckland, who have a game in hand on their nearest rivals, lead the table with 25 points, ahead of Natal (24) and ACT (22).</p>
<p>Natal were also very impressive in dispatching Waikato, proving that some South African sides can travel away from their home shores successfully.</p>
<p>It was a different story for Free State who went down 36-11 to New South Wales in Sydney and failed to score in the second half. But the game will be remembered for a glaring refereeing error.</p>
<p>Free State full-back Jorrie Kruger scored a try in the corner but the referee allowed himself to be overruled by the touch judge who said Kruger had hit the corner flag before grounding the ball. Television replays showed the try was good.</p>
<p>Elsewhere, Queensland's season of woe continued as the Wallaby-packed side went down 47-29 against Wellington. The Hurricanes scored six tries to two to confirm that they are one of the form teams, moving up to fifth place in the process.</p>
<p>Northern Transvaal overcame the odds to snatch a 16-16 draw against former Super 12 leaders Gauteng Lions at Ellis Park. It took a last-minute try from Springbok fly-half Hennie le Roux to earn a share of the spoils for the home side, who have the unenviable task of taking on Auckland at Eden Park next week.</p>
<p>Northerns will play Waikato at Loftus Versfeld with a new coach at the helm. Kitch Christie, who coached South Africa to World Cup triumph two years ago, has been fired after four successive defeats.</p>
<p>Christie will be replaced by John Williams who was removed from his coaching role in favour of Christie at the start of the season.</p>
</text>
<copyright>(c) Reuters Limited 1997</copyright>
<metadata>
<codes class="bip:countries:1.0">
  <code code="AUSTR">
    <editdetail attribution="Reuters BIP Coding Group" action="confirmed" date="1997-04-12"/>
  </code>
  <code code="NZ">
    <editdetail attribution="Reuters BIP Coding Group" action="confirmed" date="1997-04-12"/>
  </code>
  <code code="SAFR">
    <editdetail attribution="Reuters BIP Coding Group" action="confirmed" date="1997-04-12"/>
  </code>
</codes>
<codes class="bip:topics:1.0">
  <code code="GCAT">
    <editdetail attribution="Reuters BIP Coding Group" action="confirmed" date="1997-04-12"/>
  </code>
  <code code="GSPO">
    <editdetail attribution="Reuters BIP Coding Group" action="confirmed" date="1997-04-12"/>
  </code>
</codes>
<dc element="dc.date.created" value="1997-04-12"/>
<dc element="dc.publisher" value="Reuters Holdings Plc"/>
<dc element="dc.date.published" value="1997-04-12"/>
<dc element="dc.source" value="Reuters"/>
<dc element="dc.creator.location" value="JOHANNESBURG"/>
<dc element="dc.creator.location.country.name" value="SOUTH AFRICA"/>
<dc element="dc.source" value="Reuters"/>
</metadata>
</newsitem>
