<?xml version="1.0" encoding="iso-8859-1" ?>
<newsitem itemid="504693" id="root" date="1997-04-12" xml:lang="en">
<title>CANADA: WIC cuts jobs, posts charge to deepen Q2 loss.</title>
<headline>WIC cuts jobs, posts charge to deepen Q2 loss.</headline>
<dateline>VANCOUVER 1997-04-11</dateline>
<text>
<p>Broadcaster WIC Western International Communications Ltd said Friday it had posted a C$8.25 million restructuring charge and 95 layoffs, deepening second quarter losses ahead of fresh competition this year.</p>
<p>Second quarter losses for the three-month period ended February 28 widened to C$3.95 million on revenue of C$113.18 million compared to year earlier C$2.16 million on revenue of C$104.97 million. WIC did not provide per share results.</p>
<p>WIC also took a widely expected C$8.25 million restructuring charge for 95 layoffs on top of earlier job cuts, positioning itself to face stiffer television broadcasting competition in its chief markets of Alberta and British Columbia. It took a C$1.7 million restructuring charge in its year-earlier second quarter.</p>
<p>&quot;WIC TV has been going through a review of its operations in order to position its operations in the environment of the anticipated 100-plus channel universe,&quot; it said in a statement.</p>
<p>The new layoffs, which will be phased in over several months, total 51 in Vancouver and 44 in the province of Alberta.</p>
<p>Earlier this year, two rivals were granted licenses for new TV stations in WIC's territory. Craig Broadcast Systems Inc of Manitoba won a license for Alberta while Baton Broadcasting Inc was awarded rights to a new station in Vancouver's highly prized expanding market.</p>
<p>WIC also released its six-month results, posting a profit of C$0.17 a share for the period ended February 28 compared to year-earlier C$0.23 a share. Net earnings totalled C$4.34 million on revenue of C$242.75 million versus year ago profit of C$5.78 million on revenue of C$228.20 million.</p>
<p>A year earlier WIC lost C$2.1 million in its second quarter after expenses of C$2.5 million to cover about 60 layoffs at two television stations.</p>
<p>WIC is under pressure to protect its stations in these two markets since television accounts for about two-thirds of WIC's revenues. It owns eight television stations and a share in Canada's CTV television network among other interests.</p>
<p>The new competition comes on top of a period of turmoil for WIC. Over the past year, it has faced an aborted takeover bid from CanWest Global Communications Corp, dissatisfied shareholders who critized its performance, a shufffle in top management and a failed lawsuit after the founding Griffiths family refused to hand over company control.</p>
</text>
<copyright>(c) Reuters Limited 1997</copyright>
<metadata>
<codes class="bip:countries:1.0">
  <code code="CANA">
    <editdetail attribution="Reuters BIP Coding Group" action="confirmed" date="1997-04-12"/>
  </code>
</codes>
<codes class="bip:industries:1.0">
  <code code="I97400">
    <editdetail attribution="Reuters BIP Coding Group" action="confirmed" date="1997-04-12"/>
  </code>
</codes>
<codes class="bip:topics:1.0">
  <code code="C15">
    <editdetail attribution="Reuters BIP Coding Group" action="confirmed" date="1997-04-12"/>
  </code>
  <code code="C151">
    <editdetail attribution="Reuters BIP Coding Group" action="confirmed" date="1997-04-12"/>
  </code>
  <code code="C42">
    <editdetail attribution="Reuters BIP Coding Group" action="confirmed" date="1997-04-12"/>
  </code>
  <code code="CCAT">
    <editdetail attribution="Reuters BIP Coding Group" action="confirmed" date="1997-04-12"/>
  </code>
  <code code="E41">
    <editdetail attribution="Reuters BIP Coding Group" action="confirmed" date="1997-04-12"/>
  </code>
  <code code="ECAT">
    <editdetail attribution="Reuters BIP Coding Group" action="confirmed" date="1997-04-12"/>
  </code>
  <code code="GCAT">
    <editdetail attribution="Reuters BIP Coding Group" action="confirmed" date="1997-04-12"/>
  </code>
  <code code="GJOB">
    <editdetail attribution="Reuters BIP Coding Group" action="confirmed" date="1997-04-12"/>
  </code>
</codes>
<dc element="dc.date.created" value="1997-04-11"/>
<dc element="dc.publisher" value="Reuters Holdings Plc"/>
<dc element="dc.date.published" value="1997-04-12"/>
<dc element="dc.source" value="Reuters"/>
<dc element="dc.creator.location" value="VANCOUVER"/>
<dc element="dc.creator.location.country.name" value="CANADA"/>
<dc element="dc.source" value="Reuters"/>
</metadata>
</newsitem>
