<?xml version="1.0" encoding="iso-8859-1" ?>
<newsitem itemid="504690" id="root" date="1997-04-12" xml:lang="en">
<title>UK: British parties clash on unions, law and order.</title>
<headline>British parties clash on unions, law and order.</headline>
<byline>Giles Elgood</byline>
<dateline>LONDON 1997-04-12</dateline>
<text>
<p>Britain's ruling Conservatives on Saturday accused the Labour Party of reaching a secret deal with the trade unions ahead of the May 1 election.</p>
<p>Labour, moving in on a policy area the Conservatives have long regarded as their own, pledged tough new measures on law and order and a crackdown on the drunken violence the party says has turned many city centres into no-go areas for families.</p>
<p>Conservative Deputy Prime Minister Michael Heseltine said impending walkouts by firefighters in Essex, eastern England, were evidence that Labour would give the unions a &quot;licence to strike&quot;.</p>
<p>&quot;They are going to give them the right to strike without the fear of the sack.&quot; Heseltine told an election campaign news conference.</p>
<p>Denouncing Labour's Tony Blair as &quot;Phoney Tony&quot;, a favourite Conservative taunt, Heseltine said that while the Labour leader had called in public for a fair deal for the unions, &quot;you offered a secret deal in private&quot;.</p>
<p>The ruling party, trailing by a massive 20 points in opinion polls, is keen to raise the spectre of unfettered trades union power, a major factor in Labour's 1979 election defeat which ushered in 18 years of Conservative power.</p>
<p>The Conservatives say that Blair, as part of his moves to shift Labour towards the centre ground, has persuaded the unions to remain in the background until after the election.</p>
<p>&quot;The atmosphere is changing as the unions get used to the idea that it might be back to the old days,&quot; said Heseltine.</p>
<p>Labour, however, accused the Conservatives of trying to score political points over the Essex firefighters' dispute, in which the Fire Brigades Union has voted to hold two 24-hour strikes later this month in protest at budget cuts.</p>
<p>&quot;The Tories (Conservatives) are trying to exploit these matters for their political interest rather than trying to find agreement,&quot; Labour deputy leader John Prescott told BBC radio.</p>
<p>Labour's home affairs spokesman Jack Straw distanced his party from the firefighters' strike, saying the dispute should be settled by arbitration.</p>
<p>&quot;We don't believe the strike is justified,&quot; he told a campaign news conference.</p>
<p>Straw, who has taken as tough a line on crime as any Conservative Home Secretary, said the party would introduce new measures against the drunken violence that caused many people to avoid town centres at weekends for fear of being attacked.</p>
<p>&quot;Labour will call time on drunken thugs,&quot; Straw said.</p>
<p>A key measure would be the wider use of toughened-glass beer mugs, which would shatter into tiny pieces when smashed, rather than break into splinters which could inflict horrific injuries if used in bar-room brawls.</p>
<p>The Conservatives also used their regular campaign news conference to stress their credentials on defence, an area where they always scored over the old, pre-Blair Labour Party which was once wedded to unilateral nuclear disarmament.</p>
<p>Defence Secretary Michael Portillo said Labour needed to cover a &quot;black hole&quot; in its spending plans and this meant that &quot;both the defence of this country and jobs in the defence industry are at risk&quot;.</p>
<p>But Labour finance spokesman Gordon Brown said Blair had made clear that a defence review would be led by security considerations.</p>
</text>
<copyright>(c) Reuters Limited 1997</copyright>
<metadata>
<codes class="bip:countries:1.0">
  <code code="UK">
    <editdetail attribution="Reuters BIP Coding Group" action="confirmed" date="1997-04-12"/>
  </code>
</codes>
<codes class="bip:topics:1.0">
  <code code="GCAT">
    <editdetail attribution="Reuters BIP Coding Group" action="confirmed" date="1997-04-12"/>
  </code>
  <code code="GPOL">
    <editdetail attribution="Reuters BIP Coding Group" action="confirmed" date="1997-04-12"/>
  </code>
  <code code="GVOTE">
    <editdetail attribution="Reuters BIP Coding Group" action="confirmed" date="1997-04-12"/>
  </code>
</codes>
<dc element="dc.date.created" value="1997-04-12"/>
<dc element="dc.publisher" value="Reuters Holdings Plc"/>
<dc element="dc.date.published" value="1997-04-12"/>
<dc element="dc.source" value="Reuters"/>
<dc element="dc.creator.location" value="LONDON"/>
<dc element="dc.creator.location.country.name" value="UK"/>
<dc element="dc.source" value="Reuters"/>
</metadata>
</newsitem>
