<?xml version="1.0" encoding="iso-8859-1" ?>
<newsitem itemid="504628" id="root" date="1997-04-12" xml:lang="en">
<title>USA: BASEBALL-FRIDAY'S MAJOR LEAGUE RESULTS.</title>
<headline>BASEBALL-FRIDAY'S MAJOR LEAGUE RESULTS.</headline>
<dateline>NEW YORK 1997-04-11</dateline>
<text>
<p>Results of Major League</p>
<p>Baseball games played on Friday (home team in CAPS):</p>
<p>	     American League</p>
<p> San Diego		8  PHILADELPHIA	3</p>
<p> Los Angeles	    7  PITTSBURGH	  1</p>
<p> Florida		 10  CINCINNATI	  0</p>
<p> ST LOUIS		 4  Houston	     2</p>
<p> Atlanta		 at  CHICAGO CUBS -- postponed</p>
<p> Montreal		at  COLORADO -- postponed</p>
<p>	     National League</p>
<p> Seattle		  5  BOSTON		3</p>
<p> CLEVELAND	     15  Anaheim	     3</p>
<p> DETROIT		  5  Chicago White Sox 4</p>
<p> Oakland		  3  NY YANKEES	  1 (in 12)</p>
<p> BALTIMORE		9  Texas		 3</p>
<p> Toronto		 at  MILWAUKEE -- postponed</p>
<p> Minnesota	     at  KANSAS CITY -- postponed</p>
</text>
<copyright>(c) Reuters Limited 1997</copyright>
<metadata>
<codes class="bip:countries:1.0">
  <code code="CANA">
    <editdetail attribution="Reuters BIP Coding Group" action="confirmed" date="1997-04-12"/>
  </code>
  <code code="USA">
    <editdetail attribution="Reuters BIP Coding Group" action="confirmed" date="1997-04-12"/>
  </code>
</codes>
<codes class="bip:topics:1.0">
  <code code="GCAT">
    <editdetail attribution="Reuters BIP Coding Group" action="confirmed" date="1997-04-12"/>
  </code>
  <code code="GSPO">
    <editdetail attribution="Reuters BIP Coding Group" action="confirmed" date="1997-04-12"/>
  </code>
</codes>
<dc element="dc.date.created" value="1997-04-11"/>
<dc element="dc.publisher" value="Reuters Holdings Plc"/>
<dc element="dc.date.published" value="1997-04-12"/>
<dc element="dc.source" value="Reuters"/>
<dc element="dc.creator.location" value="NEW YORK"/>
<dc element="dc.creator.location.country.name" value="USA"/>
<dc element="dc.source" value="Reuters"/>
</metadata>
</newsitem>
