<?xml version="1.0" encoding="iso-8859-1" ?>
<newsitem itemid="504661" id="root" date="1997-04-12" xml:lang="en">
<title>UK: British find lethal IRA sniper gun.</title>
<headline>British find lethal IRA sniper gun.</headline>
<byline>Martin Cowley</byline>
<dateline>BELFAST 1997-04-12</dateline>
<text>
<p>British forces said on Saturday they had seized a lethal IRA sniper rifle in a security operation seen as a heavy blow to guerrillas on the border between Northern Ireland and the Irish republic.</p>
<p>Security sources said a U.S.- manufactured Barrett &quot;Light Fifty&quot; gun, along with Kalashnikov assault rifle and ammunition, was recovered and seven men arrested near Crossmaglen in County Armagh, known as &quot;bandit country&quot; for its history of anti-British activity.</p>
<p>The men, detained when the search operation began last Thursday, were still being questioned, a police spokesman said. &quot;A number of motor vehicles have also been siezed. The operation is continuing,&quot; he added.</p>
<p>It was aimed at capturing weapons used by Irish Republican Army (IRA) snipers, who have killed 11 British soldiers and policemen along the border during the conflict over Britain's rule over Northern Ireland.</p>
<p>&quot;It is obviously a major success for the security forces,&quot; said Paul Connolly, security correspondent of the Belfast Telegraph. &quot;Security people will be cock-a-hoop about this one.&quot;</p>
<p>Security analysts believe the IRA has only a handful of the Barrett &quot;Light Fifty&quot; guns, but they are among the most formidable weapons in their extensive armoury.</p>
<p>The experts say the guns, which have a range of 2,000 metres (6,500ft) and fire large armour-piercing bullets, have been used along with other high calibre weapons in deadly single-shot attacks on British patrols since 1992.</p>
<p>An IRA sniper killed a British soldier at a security checkpoint in Bessbrook, Country Armagh, in February. A policewoman shot in the back in the centre of Londonderry city last Thursday is still seriously ill, hospital sources say.</p>
<p>Darwin Templeton, a security specialist on the Belfast's Sunday Life newspaper, described the Barrett &quot;Light Fifty&quot; as extremely powerful.</p>
<p>&quot;It is a major coup for the security forces in an area like South Armagh which is an nationalist stronghold. The security forces suspect that there maybe two or three IRA units in the area carrying out these sniper attacks. It is a major success for them to have retrieved this weapon,&quot; he said.</p>
<p>A car, specially fitted with armour plating and of a type known to have been used in IRA gun attacks, was also found, security sources said.</p>
</text>
<copyright>(c) Reuters Limited 1997</copyright>
<metadata>
<codes class="bip:countries:1.0">
  <code code="UK">
    <editdetail attribution="Reuters BIP Coding Group" action="confirmed" date="1997-04-12"/>
  </code>
</codes>
<codes class="bip:topics:1.0">
  <code code="GCAT">
    <editdetail attribution="Reuters BIP Coding Group" action="confirmed" date="1997-04-12"/>
  </code>
  <code code="GVIO">
    <editdetail attribution="Reuters BIP Coding Group" action="confirmed" date="1997-04-12"/>
  </code>
</codes>
<dc element="dc.date.created" value="1997-04-12"/>
<dc element="dc.publisher" value="Reuters Holdings Plc"/>
<dc element="dc.date.published" value="1997-04-12"/>
<dc element="dc.source" value="Reuters"/>
<dc element="dc.creator.location" value="BELFAST"/>
<dc element="dc.creator.location.country.name" value="UK"/>
<dc element="dc.source" value="Reuters"/>
</metadata>
</newsitem>
