<?xml version="1.0" encoding="iso-8859-1" ?>
<newsitem itemid="504622" id="root" date="1997-04-12" xml:lang="en">
<title>USA: NBA basketball-JAZZ ROUT ROCKETS FOR 15TH STRAIGHT.</title>
<headline>NBA basketball-JAZZ ROUT ROCKETS FOR 15TH STRAIGHT.</headline>
<dateline>SALT LAKE CITY, Utah 1997-04-11</dateline>
<text>
<p>Karl Malone scored 28 points as the Utah Jazz matched a franchise record with their 15th consecutive win, a 104-83 rout of the Houston Rockets Friday.</p>
<p>Bryon Russell added 19 points for the Jazz, who also won 15 straight games from mid-November to mid-December.</p>
<p>Utah, which already has clinched home-court advantage throughout the Western Conference playoffs, reached the 60-win mark for the second time in three seasons.</p>
<p>The Rockets slipped into a tie with the Lakers for the third spot in the West.</p>
<p>&quot;It was a nice win,&quot; said Jazz coach Jerry Sloan. &quot;Most of the guys were a little bit tired, but we hung in there pretty well and played them fairly decent.&quot;</p>
<p>Hakeem Olajuwon scored 19 points and Mario Elie added 13 for Houston, which split four games with Utah this season.</p>
<p>Charles Barkley had just 10 points. Clyde Drexler was held to eight points on 2-of-15 shooting, including 1-of-7 from three-point range.</p>
<p>&quot;We didn't play well,&quot; understated Drexler. &quot;We looked like a tired group. But you have to give them credit, they played well.&quot;</p>
<p>At Los Angeles, Shaquille O'Neal and Nick Van Exel returned from injuries and scored 24 points apiece as the Lakers ended the Phoenix Suns' 11-game winning streak with a 114-98 victory.</p>
<p>O'Neal, who missed 28 games since suffering ligament damage to his left knee, was 12-of-22 from the floor and grabbed 11 rebounds in 24 minutes. He left after suffering a cut above his right eye, but returned for the third quarter after getting one stitch.</p>
<p>Van Exel, who missed three games with a bruised knee, added nine assists and keyed a third-quarter run for the Lakers, who won for the eighth time in 10 games and moved within one-half game of first-place Seattle in the Pacific Division.</p>
<p>Kevin Johnson scored 23 points and Rex Chapman 18 for the Suns, who fell into seventh place in the West, one-half game behind Minnesota.</p>
<p>At Washington, Juwan Howard scored 21 points to lead six players in double figures as the Bullets defeated the New Jersey Nets 109-90 to take sole possession of the eighth and final playoff spot in the Eastern Conference.</p>
<p>Tracy Murray and Chris Webber each added 19 points for Washington, which moved a game ahead of Cleveland. Rod Strickland recorded 16 points and 15 assists and Gheorghe Muresan had 14 points and seven rebounds.</p>
<p>Kerry Kittles scored 21 points for the Nets, who have lost six of their last seven.</p>
<p>In Boston, David Wesley scored five points in the final 35 seconds of overtime as the Celtics snapped their 10-game losing streak and dealt the Cleveland Cavaliers' playoff chances a crippling blow with a 103-101 victory.</p>
<p>Todd Day posted a season high with six three-pointers en route to 30 points for the Celtics, who won for just the second time in their last 20 games. Wesley finished with 22 points for Boston, which had lost five straight to Cleveland.</p>
<p>Terrell Brandon recorded 31 points, 11 assists and seven rebounds for the Cavaliers, who have five games left to try to claw back into the playoff eight.</p>
<p>At Detroit, Anthony Mason scored 23 points and the Charlotte Hornets established a franchise record for victories in a season with a 93-85 win over the plummeting Pistons.</p>
<p>Charlotte, which also set team records with its fifth straight road victory and 23rd of the season, improved to 51-26, one win better than its 1994-95 season.</p>
<p>Ricky Pierce added 20 points for Charlotte, which pulled into a tie with the Pistons for fifth place in the East.</p>
<p>Joe Dumars scored 21 points, including the 15,000th of his NBA career, for the Pistons, who suffered their fourth straight loss. Grant Hill recorded 20 points, 14 rebounds and 10 assists for his league-leading 11th triple-double of the season and 22nd of his career.</p>
<p>At Indiana, the Atlanta Hawks hit seven of their first nine shots and led by as many as 20 points in the first quarter before coasting to a 104-92 victory over the Pacers.</p>
<p>Mookie Blaylock and Steve Smith scored 23 points apiece to lead the Hawks, who shot 55 percent from the field. The win moved Atlanta into a tie with the idle Knicks for third place in the Eastern Conference. New York holds the tiebreaker.</p>
<p>In Sacramento, Mitch Richmond scored 24 points and Corliss Williamson added 22 and a career-high 13 rebounds as the Kings kept their slim playoff hopes alive with a 97-87 victory over the Golden State Warriors.</p>
<p>The Kings are 2 1/2 games behind the Clippers for the eighth spot in the Western Conference.</p>
<p>In Milwaukee, Glenn Robinson scored 40 points -- 32 in the second half -- and Ray Allen added 27 as the Bucks handed the Philadelphia 76ers their sixth straight loss, 126-118.</p>
<p>Rookie Allen Iverson had 44 points, his third consecutive 40-point effort, for Philadelphia.</p>
</text>
<copyright>(c) Reuters Limited 1997</copyright>
<metadata>
<codes class="bip:countries:1.0">
  <code code="USA">
    <editdetail attribution="Reuters BIP Coding Group" action="confirmed" date="1997-04-12"/>
  </code>
</codes>
<codes class="bip:topics:1.0">
  <code code="GCAT">
    <editdetail attribution="Reuters BIP Coding Group" action="confirmed" date="1997-04-12"/>
  </code>
  <code code="GSPO">
    <editdetail attribution="Reuters BIP Coding Group" action="confirmed" date="1997-04-12"/>
  </code>
</codes>
<dc element="dc.date.created" value="1997-04-11"/>
<dc element="dc.publisher" value="Reuters Holdings Plc"/>
<dc element="dc.date.published" value="1997-04-12"/>
<dc element="dc.source" value="Reuters"/>
<dc element="dc.creator.location" value="SALT LAKE CITY, Utah"/>
<dc element="dc.creator.location.country.name" value="USA"/>
<dc element="dc.source" value="Reuters"/>
</metadata>
</newsitem>
