<?xml version="1.0" encoding="iso-8859-1" ?>
<newsitem itemid="504684" id="root" date="1997-04-12" xml:lang="en">
<title>UK: EBRD sees 3.0 pct '97 GDP growth for E.Europe &amp; CIS.</title>
<headline>EBRD sees 3.0 pct '97 GDP growth for E.Europe &amp; CIS.</headline>
<dateline>LONDON 1997-04-12</dateline>
<text>
<p>The European Bank for Reconstruction and Development (EBRD) foresees growth of 3.0 percent in 1997 for Eastern Europe and the Commonwealth of Independent States (CIS), EBRD first vice president Ronald Freeman told a conference on Saturday.</p>
<p>&quot;While growth in 1996 lagged that of 1995, the outlook for the current year now looks better than for any year since the EBRD began operations in 1990,&quot; Freeman said.</p>
<p>He said the challenges for the region were to build capital markets, commercialise infrastructure and obtain market-friendly behaviour from the authorities which would allow competitive markets and private sector investment to develop and flourish.</p>
<p>&quot;Some countries are still far from this last goal, demonstrating arbitrary measures, particulary in assessing taxes,&quot; he said, adding investors could not yet &quot;effectively invest&quot; in the region.</p>
<p>In 1996 the five best performing countries in GDP growth terms were Albanina, Georgia, Kyrgystan, Poland and the Slovak Republic.</p>
<p>&quot;All had real GDP growth rates in excess of five percent,&quot; Freeman said. The five worst performers were Bulgaria, Moldova, Russia, Tajikistan and Ukraine, all with negative GDP growth.</p>
<p>&quot;In 1997 we continue to see Georgia with double digit GDP growth, in Poland and Slovakia growth slows and Albania -- where EBRD investments in the private sector had been performing well until the pyramid scheme debacle -- falls off any traceable growth curve,&quot; Freeman said.</p>
<p>He said Ukraine may remain in the negative column for 1997 although with slight signs of improvement, while Russia moved from negative to positive growth. -- Hayley Pienaar, London Newsroom +44 171 542 7718</p>
</text>
<copyright>(c) Reuters Limited 1997</copyright>
<metadata>
<codes class="bip:countries:1.0">
  <code code="ALB">
    <editdetail attribution="Reuters BIP Coding Group" action="confirmed" date="1997-04-12"/>
  </code>
  <code code="BUL">
    <editdetail attribution="Reuters BIP Coding Group" action="confirmed" date="1997-04-12"/>
  </code>
  <code code="EEUR">
    <editdetail attribution="Reuters BIP Coding Group" action="confirmed" date="1997-04-12"/>
  </code>
  <code code="GRGIA">
    <editdetail attribution="Reuters BIP Coding Group" action="confirmed" date="1997-04-12"/>
  </code>
  <code code="KIRGH">
    <editdetail attribution="Reuters BIP Coding Group" action="confirmed" date="1997-04-12"/>
  </code>
  <code code="MOLDV">
    <editdetail attribution="Reuters BIP Coding Group" action="confirmed" date="1997-04-12"/>
  </code>
  <code code="POL">
    <editdetail attribution="Reuters BIP Coding Group" action="confirmed" date="1997-04-12"/>
  </code>
  <code code="RUSS">
    <editdetail attribution="Reuters BIP Coding Group" action="confirmed" date="1997-04-12"/>
  </code>
  <code code="SLVAK">
    <editdetail attribution="Reuters BIP Coding Group" action="confirmed" date="1997-04-12"/>
  </code>
  <code code="TADZK">
    <editdetail attribution="Reuters BIP Coding Group" action="confirmed" date="1997-04-12"/>
  </code>
  <code code="UKRN">
    <editdetail attribution="Reuters BIP Coding Group" action="confirmed" date="1997-04-12"/>
  </code>
  <code code="USSR">
    <editdetail attribution="Reuters BIP Coding Group" action="confirmed" date="1997-04-12"/>
  </code>
</codes>
<codes class="bip:industries:1.0">
  <code code="I81501">
    <editdetail attribution="Reuters BIP Coding Group" action="confirmed" date="1997-04-12"/>
  </code>
  <code code="I8150106">
    <editdetail attribution="Reuters BIP Coding Group" action="confirmed" date="1997-04-12"/>
  </code>
</codes>
<codes class="bip:topics:1.0">
  <code code="E11">
    <editdetail attribution="Reuters BIP Coding Group" action="confirmed" date="1997-04-12"/>
  </code>
  <code code="ECAT">
    <editdetail attribution="Reuters BIP Coding Group" action="confirmed" date="1997-04-12"/>
  </code>
</codes>
<dc element="dc.date.created" value="1997-04-12"/>
<dc element="dc.publisher" value="Reuters Holdings Plc"/>
<dc element="dc.date.published" value="1997-04-12"/>
<dc element="dc.source" value="Reuters"/>
<dc element="dc.creator.location" value="LONDON"/>
<dc element="dc.creator.location.country.name" value="UK"/>
<dc element="dc.source" value="Reuters"/>
</metadata>
</newsitem>
