<?xml version="1.0" encoding="iso-8859-1" ?>
<newsitem itemid="504694" id="root" date="1997-04-12" xml:lang="en">
<title>Zaire: Defiant Mobutu rejects Zaire rebel deadline.</title>
<headline>Defiant Mobutu rejects Zaire rebel deadline.</headline>
<byline>William Wallis</byline>
<dateline>KINSHASA 1997-04-12</dateline>
<text>
<p>Zaire's ailing President Mobutu Sese Seko, looking in better health than on previous public outings, on Saturday defiantly rejected a rebel deadline for him to quit and said he had no plans to go into exile.</p>
<p>But the veteran president, speaking during an appearance with his new emergency rule prime minister, did not rule out direct talks with rebel leader Laurent Kabila -- although he added that Kabila should ask him politely.</p>
<p>&quot;If he asks me politely I cannot refuse to talk to a compatriot but (for him) to be in Goma (rebel headquarters in east Zaire) and say I give him three days, it's not my style or nature. I cannot reply,&quot; the veteran president told reporters.</p>
<p>&quot;This kind of joke will backfire... I am head of state,&quot; he said, commenting on the deadline. &quot;My country is Zaire and I don't know of anyone who has proposed my exile,&quot; he added.</p>
<p>Kabila's rebels, who took up arms in October, control half of the sprawling and potentially rich Central African nation, including its economic heartland with its diamond, copper, cobalt and gold mines.</p>
<p>Mobutu, 66, rejected calls from his one-time Western allies to stand down.</p>
<p>&quot;I am not a colony of the Westerners... it's because of copper, cobalt, gold and diamonds that they are in the process of arming Kabila. It's not because they like Zaire,&quot; he said.</p>
<p>Mobutu, who had prostate cancer surgery in Europe in August, said his opponents had taken advantage of his illness to try to topple him.</p>
<p>&quot;All that has happened was because I was ill. I was on my sick bed when the affair started so I was stabbed in the back,&quot; he added.</p>
<p>He dismissed suggestions that the rebels, who captured Zaire's second city of Lubumbashi in the south on Wednesday and Thursday, were 300 km (200 miles) from the capital Kinshasa.</p>
<p>&quot;You gobble everything that he (Kabila) says. He can say this evening that he is at Mobutu's gates and you will say he is already in front of Mobutu's gates,&quot; he told journalists.</p>
<p>Mobutu, who seized power in 1965, declared a nationwide state of emergency on Tuesday and named General Likulia Bolongo as prime minister, shunting aside his veteran opposition foe Etienne Tshisekedi, who had been in the job less than a week.</p>
<p>Mobutu was speaking at his Camp Tsha-Tshi official residence after talks with Likulia, who has named a 28-member government with a general close to Mobutu in the key post of interior minister and responsible for national reconciliation.</p>
</text>
<copyright>(c) Reuters Limited 1997</copyright>
<metadata>
<codes class="bip:countries:1.0">
  <code code="ZAIRE">
    <editdetail attribution="Reuters BIP Coding Group" action="confirmed" date="1997-04-12"/>
  </code>
</codes>
<codes class="bip:topics:1.0">
  <code code="GCAT">
    <editdetail attribution="Reuters BIP Coding Group" action="confirmed" date="1997-04-12"/>
  </code>
  <code code="GVIO">
    <editdetail attribution="Reuters BIP Coding Group" action="confirmed" date="1997-04-12"/>
  </code>
</codes>
<dc element="dc.date.created" value="1997-04-12"/>
<dc element="dc.publisher" value="Reuters Holdings Plc"/>
<dc element="dc.date.published" value="1997-04-12"/>
<dc element="dc.source" value="Reuters"/>
<dc element="dc.creator.location" value="KINSHASA"/>
<dc element="dc.creator.location.country.name" value="ZAIRE"/>
<dc element="dc.source" value="Reuters"/>
</metadata>
</newsitem>
