<?xml version="1.0" encoding="iso-8859-1" ?>
<newsitem itemid="504666" id="root" date="1997-04-12" xml:lang="en">
<title>UK: British galleries have art seized by Nazis - report.</title>
<headline>British galleries have art seized by Nazis - report.</headline>
<dateline>LONDON 1997-04-12</dateline>
<text>
<p>Some of the famous paintings on display in British art galleries were plundered by the Nazis in the years leading up to World War Two, a Sunday newspaper said.</p>
<p>The Sunday Times said that a list given to London's Victoria and Albert Museum by the widow of Swiss art dealer Harry Fischer has allowed historians to identify 10,000 paintings seized from Jews in Germany during the 1930s.</p>
<p>They include Edvard Munch's &quot;The Sick Girl,&quot; which hangs in the Tate Gallery.</p>
<p>The list identifies works by Vincent van Gogh, Franz Marc and Paul Cezanne as being among those confiscated by top Nazi Hermann Goering and which &quot;could be hidden anywhere from Paraguay to Peckham (in south London),&quot; the Sunday Times quoted an expert as saying.</p>
<p>Adolf Hitler decided to cleanse Germany of the disturbing images by painters such as Pablo Picasso and Marc Chagall. The works were taken at first from Jewish collectors and put in museums but were later taken and burned in public.</p>
<p>With World War Two looming, the Nazis decided to sell thousands of the paintings and Fischer organised the auction in Switzerland in 1939.</p>
<p>London art dealers took a large share of the loot, but many British and Americans refused to bid on moral grounds, driving prices down, the Sunday Times said.</p>
<p>&quot;The Sick Girl&quot;, given to the Tate by a Norwegian philanthropist in 1939, was sold for the equivalent of 47 pounds ($76) at today's prices. It is now worth several million dollars.</p>
<p>The United States, Britain and France are still trying to resolve the problem of millions of dollars of gold which the Nazis seized from Jews, most of which has been languishing in Swiss bank accounts since the war. ($1=.6161 Pound)</p>
</text>
<copyright>(c) Reuters Limited 1997</copyright>
<metadata>
<codes class="bip:countries:1.0">
  <code code="GFR">
    <editdetail attribution="Reuters BIP Coding Group" action="confirmed" date="1997-04-12"/>
  </code>
  <code code="UK">
    <editdetail attribution="Reuters BIP Coding Group" action="confirmed" date="1997-04-12"/>
  </code>
</codes>
<codes class="bip:topics:1.0">
  <code code="GCAT">
    <editdetail attribution="Reuters BIP Coding Group" action="confirmed" date="1997-04-12"/>
  </code>
  <code code="GENT">
    <editdetail attribution="Reuters BIP Coding Group" action="confirmed" date="1997-04-12"/>
  </code>
  <code code="GVIO">
    <editdetail attribution="Reuters BIP Coding Group" action="confirmed" date="1997-04-12"/>
  </code>
</codes>
<dc element="dc.date.created" value="1997-04-12"/>
<dc element="dc.publisher" value="Reuters Holdings Plc"/>
<dc element="dc.date.published" value="1997-04-12"/>
<dc element="dc.source" value="Reuters"/>
<dc element="dc.creator.location" value="LONDON"/>
<dc element="dc.creator.location.country.name" value="UK"/>
<dc element="dc.source" value="Reuters"/>
</metadata>
</newsitem>
