<?xml version="1.0" encoding="iso-8859-1" ?>
<newsitem itemid="504637" id="root" date="1997-04-12" xml:lang="en">
<title>BELGIUM: SOCCER-BELGIAN FIRST DIVISION RESULTS/STANDINGS.</title>
<headline>SOCCER-BELGIAN FIRST DIVISION RESULTS/STANDINGS.</headline>
<dateline>BRUSSELS 1997-04-12</dateline>
<text>
<p>Results of Belgian first</p>
<p>division soccer matches on Saturday.</p>
<p> Ekeren	   4   Lommel	    1</p>
<p> Molenbeek	0   Anderlecht	0</p>
<p> Standard Liege 1   Cercle Brugge   2</p>
<p> Genk	     3   Antwerp	   0</p>
<p> Sint-Truiden   3   Ghent	     0</p>
<p> Lierse	   1   Harelbeke	 0</p>
<p> Charleroi	2   Aalst	     3</p>
<p> Mechelen	 0   Lokeren	   1</p>
<p>Standings</p>
<p>				 P   W    D   L    F     A   Pts</p>
<p>  1. Lierse		  30  18  10   2   59    32   64</p>
<p>  2. Club Brugge	   30  19   5   6   63    32   62</p>
<p>  3. Mouscron		30  16   9   5   54    32   57</p>
<p>  4. Anderlecht	    30  14  10   6   50    31   52</p>
<p>  5. Lommel		  30  14   7   9   42    42   49</p>
<p>  6. Harelbeke	     30  12   9   9   44    32   45</p>
<p>  7. Standard Liege	30  14   2  14   50    47   44</p>
<p>  8. Antwerp		 30  13   5  12   41    41   44</p>
<p>  9. Genk		    30  11   8  11   41    36   41</p>
<p> 10. SC Charleroi	  30   9   7  14   40    46   34</p>
<p> 11. Ekeren		  30   9   7  14   39    50   34</p>
<p> 12. Sint Truiden	  30   9   7  14   40    51   34</p>
<p> 13. Lokeren		 30   9   7  14   37    51   34</p>
<p> 14. Ghent		   30   9   6  15   42    54   33</p>
<p> 15. Molenbeek	     30   8   9  13   28    36   33</p>
<p> 16. Mechelen		30   7  10  13   32    45   31</p>
<p> 17. Aalst		   30   6  10  14   37    52   28</p>
<p> 18. Cercle Brugge	 30   5   8  17   30    59   23</p>
</text>
<copyright>(c) Reuters Limited 1997</copyright>
<metadata>
<codes class="bip:countries:1.0">
  <code code="BELG">
    <editdetail attribution="Reuters BIP Coding Group" action="confirmed" date="1997-04-12"/>
  </code>
</codes>
<codes class="bip:topics:1.0">
  <code code="GCAT">
    <editdetail attribution="Reuters BIP Coding Group" action="confirmed" date="1997-04-12"/>
  </code>
  <code code="GSPO">
    <editdetail attribution="Reuters BIP Coding Group" action="confirmed" date="1997-04-12"/>
  </code>
</codes>
<dc element="dc.date.created" value="1997-04-12"/>
<dc element="dc.publisher" value="Reuters Holdings Plc"/>
<dc element="dc.date.published" value="1997-04-12"/>
<dc element="dc.source" value="Reuters"/>
<dc element="dc.creator.location" value="BRUSSELS"/>
<dc element="dc.creator.location.country.name" value="BELGIUM"/>
<dc element="dc.source" value="Reuters"/>
</metadata>
</newsitem>
