<?xml version="1.0" encoding="iso-8859-1" ?>
<newsitem itemid="504672" id="root" date="1997-04-12" xml:lang="en">
<title>UK: Lebed says Russia scaring off long term investors.</title>
<headline>Lebed says Russia scaring off long term investors.</headline>
<byline>Hayley Pienaar</byline>
<dateline>LONDON 1997-04-12</dateline>
<text>
<p>Former Russian security chief Alexander Lebed on Saturday called President Boris Yeltsin's government a &quot;mutant creature&quot; and said it had created a power vaccuum that was deterring long term investment.</p>
<p>Yeltsin's government had failed to create an effective mechanism of political power and without real authority there was no hope of economic growth, Lebed, president of the Russian People's Republican Party, told an investment conference.</p>
<p>&quot;Long term investment is out of the question...What insane person would invest in a country where legislation changed all the time?&quot; Lebed said.</p>
<p>Lebed, a former paratroop commander, was Boris Yeltsin's national security adviser until he was sacked last October after the president ruled against him in a bitter feud with Interior Minister Anatoly Kulikov.</p>
<p>&quot;The state authority is an administrative mutant, people are pressed from the top by the authorities and from below by crime and the thoughtless actions of the authorities have turned everyone in Russia into liars, crooks and thieves,&quot; Lebed said on Saturday.</p>
<p>He said Russia needed to do five things to solve the problem; transform the laws, create an effective system of law enforcement, make law abidance the norm, protect people from despotism and return people's trust.</p>
<p>He slated the government for non-payment of wages and pensions in order to curb inflation and said no other government would have got away with it.</p>
<p>&quot;There is apathy in the country,&quot; he said. &quot;We need to recreate the opportunity for people to work honestly, to revive factories and create new jobs,&quot; he said.</p>
<p>&quot;The most important priority of Russia is to put in place a middle class,&quot; Lebed said.</p>
<p>He said he would like to see the creation of a &quot;civilised&quot; stock market, to overcome the fears of long term investors.</p>
<p>Any uncontrolled monopoly harmed the economy and should be regulated, Lebed said but he opposed the break-up of powerful giants like Gazprom.</p>
<p>The state should help form financial and industrial groups that could compete on the international arena.</p>
<p>&quot;I am not just for a mixed economy, but for the multi-level economy,&quot; he said.</p>
<p>Lebed also said he was looking into creating a forum of politicians and business leaders to help guide Russia into the 21st Century.</p>
</text>
<copyright>(c) Reuters Limited 1997</copyright>
<metadata>
<codes class="bip:countries:1.0">
  <code code="RUSS">
    <editdetail attribution="Reuters BIP Coding Group" action="confirmed" date="1997-04-12"/>
  </code>
  <code code="UK">
    <editdetail attribution="Reuters BIP Coding Group" action="confirmed" date="1997-04-12"/>
  </code>
</codes>
<codes class="bip:topics:1.0">
  <code code="E12">
    <editdetail attribution="Reuters BIP Coding Group" action="confirmed" date="1997-04-12"/>
  </code>
  <code code="E51">
    <editdetail attribution="Reuters BIP Coding Group" action="confirmed" date="1997-04-12"/>
  </code>
  <code code="ECAT">
    <editdetail attribution="Reuters BIP Coding Group" action="confirmed" date="1997-04-12"/>
  </code>
  <code code="GCAT">
    <editdetail attribution="Reuters BIP Coding Group" action="confirmed" date="1997-04-12"/>
  </code>
  <code code="GPOL">
    <editdetail attribution="Reuters BIP Coding Group" action="confirmed" date="1997-04-12"/>
  </code>
</codes>
<dc element="dc.date.created" value="1997-04-12"/>
<dc element="dc.publisher" value="Reuters Holdings Plc"/>
<dc element="dc.date.published" value="1997-04-12"/>
<dc element="dc.source" value="Reuters"/>
<dc element="dc.creator.location" value="LONDON"/>
<dc element="dc.creator.location.country.name" value="UK"/>
<dc element="dc.source" value="Reuters"/>
</metadata>
</newsitem>
