<?xml version="1.0" encoding="iso-8859-1" ?>
<newsitem itemid="504680" id="root" date="1997-04-12" xml:lang="en">
<title>UK: Lithuania c.banker sees Eurobond this year.</title>
<headline>Lithuania c.banker sees Eurobond this year.</headline>
<dateline>LONDON 1997-04-12</dateline>
<text>
<p>Lithuania aims to issue a $200 million Eurobond later this year but the plans will depend on the state of the Eurodollar market and a new credit rating, central bank deputy head Jonas Niaura said on Saturday.</p>
<p>The Baltic state has already issued two Eurobonds, for $60 million and $50 million, and has mandated JP Morgan Securities to lead the new issue.</p>
<p>Lithuania is awaiting a credit rating from Standard &amp; Poor's before going ahead. It already has a rating of Ba2 from Moody's Investors Service.</p>
<p>&quot;Depending on the results of the Standard &amp; Poor's rating and the general development in the Eurodollar market, Lithuania is going to issue the bond later in 1997,&quot; Niaura told a Euromoney conference.</p>
<p>He said Lithuania had borrowed $1.4 billion since 1990 and had repaid $224 million.</p>
<p>-- Nigel Stephenson, EBRD newsroom, +44 171 796 5146</p>
</text>
<copyright>(c) Reuters Limited 1997</copyright>
<metadata>
<codes class="bip:countries:1.0">
  <code code="LITH">
    <editdetail attribution="Reuters BIP Coding Group" action="confirmed" date="1997-04-12"/>
  </code>
  <code code="UK">
    <editdetail attribution="Reuters BIP Coding Group" action="confirmed" date="1997-04-12"/>
  </code>
</codes>
<codes class="bip:industries:1.0">
  <code code="I81501">
    <editdetail attribution="Reuters BIP Coding Group" action="confirmed" date="1997-04-12"/>
  </code>
  <code code="I8150106">
    <editdetail attribution="Reuters BIP Coding Group" action="confirmed" date="1997-04-12"/>
  </code>
</codes>
<codes class="bip:topics:1.0">
  <code code="E12">
    <editdetail attribution="Reuters BIP Coding Group" action="confirmed" date="1997-04-12"/>
  </code>
  <code code="E21">
    <editdetail attribution="Reuters BIP Coding Group" action="confirmed" date="1997-04-12"/>
  </code>
  <code code="E212">
    <editdetail attribution="Reuters BIP Coding Group" action="confirmed" date="1997-04-12"/>
  </code>
  <code code="ECAT">
    <editdetail attribution="Reuters BIP Coding Group" action="confirmed" date="1997-04-12"/>
  </code>
</codes>
<dc element="dc.date.created" value="1997-04-12"/>
<dc element="dc.publisher" value="Reuters Holdings Plc"/>
<dc element="dc.date.published" value="1997-04-12"/>
<dc element="dc.source" value="Reuters"/>
<dc element="dc.creator.location" value="LONDON"/>
<dc element="dc.creator.location.country.name" value="UK"/>
<dc element="dc.source" value="Reuters"/>
</metadata>
</newsitem>
