<?xml version="1.0" encoding="iso-8859-1" ?>
<newsitem itemid="504636" id="root" date="1997-04-12" xml:lang="en">
<title>SPAIN: SOCCER-DEPORTIVO SET BACK WITH 2-1 DEFEAT AT TENERIFE.</title>
<headline>SOCCER-DEPORTIVO SET BACK WITH 2-1 DEFEAT AT TENERIFE.</headline>
<dateline>MADRID 1997-04-12</dateline>
<text>
<p>Deportivo Coruna saw their chances of taking Spain's second European Cup place fade on Saturday when they went down 2-1 at Tenerife, the club's first defeat since the arrival of coach Carlos Alberto Silva.</p>
<p>The result left Deportivo fourth, one point behind Real Betis and three behind Barcelona, who both play on Sunday.</p>
<p>In other games, bottom-placed Sevilla were held to a goalless draw by fellow strugglers Extremadura, while Valencia cracked in five goals in the opening 34 minutes of their match with Athletic Bilbao.</p>
<p>Brazilian forward Leandro struck twice, Gabriel Moya once and Argentine midfielder Ariel Ortega converted two penalties before Athletic hit back twice to leave the final score 5-2.</p>
</text>
<copyright>(c) Reuters Limited 1997</copyright>
<metadata>
<codes class="bip:countries:1.0">
  <code code="SPAIN">
    <editdetail attribution="Reuters BIP Coding Group" action="confirmed" date="1997-04-12"/>
  </code>
</codes>
<codes class="bip:topics:1.0">
  <code code="GCAT">
    <editdetail attribution="Reuters BIP Coding Group" action="confirmed" date="1997-04-12"/>
  </code>
  <code code="GSPO">
    <editdetail attribution="Reuters BIP Coding Group" action="confirmed" date="1997-04-12"/>
  </code>
</codes>
<dc element="dc.date.created" value="1997-04-12"/>
<dc element="dc.publisher" value="Reuters Holdings Plc"/>
<dc element="dc.date.published" value="1997-04-12"/>
<dc element="dc.source" value="Reuters"/>
<dc element="dc.creator.location" value="MADRID"/>
<dc element="dc.creator.location.country.name" value="SPAIN"/>
<dc element="dc.source" value="Reuters"/>
</metadata>
</newsitem>
