<?xml version="1.0" encoding="iso-8859-1" ?>
<newsitem itemid="504749" id="root" date="1997-04-12" xml:lang="en">
<title>BRAZIL: Brazil gambling king and samba patron dies aged 71.</title>
<headline>Brazil gambling king and samba patron dies aged 71.</headline>
<dateline>SAO PAULO, Brazil 1997-04-12</dateline>
<text>
<p>Brazilian illegal gambling king Castor de Andrade, a colourful fixture of the annual Rio de Janeiro carnival, died of a heart attack on Friday at age 71, a hospital spokeswoman said.</p>
<p>De Andrade was the head of a network controlling the popular Brazilian &quot;jogo do bicho&quot;, a type of gambling related to the lottery which resembles the numbers games of Harlem.</p>
<p>He was also a former president of the Bangu Atletico football club and financed the Mocidade Independente samba school, where his wake was held on Saturday.</p>
<p>De Andrade, known for his explosive temper, was serving a six-year sentence at the time of his death for forming an armed gang. Sentenced in 1993, he went into hiding for a year before being caught. In 1994 he was sentenced to another eight years for attempting to bribe a police chief. He was later allowed to serve his time at home because of cardiac problems.</p>
<p>De Andrade was also being investigated on accusations of murder, contraband and links to the drugs underworld. As head of Bangu Atletico, he was accused several times of bribing referees.</p>
<p>But newspapers fondly related tales of the eccentric businessman, including one occasion when he ran onto the field at Rio's hallowed Maracana stadium brandishing a gun after a referee awarded a penalty to opponents America. The referee then awarded a penalty to Bangu, who won the game 3-2.</p>
<p>Castor Goncalves de Andrade was born on Feb. 12, 1926, in Rio de Janeiro. He is survived by his second wife and four children.</p>
</text>
<copyright>(c) Reuters Limited 1997</copyright>
<metadata>
<codes class="bip:countries:1.0">
  <code code="BRAZ">
    <editdetail attribution="Reuters BIP Coding Group" action="confirmed" date="1997-04-12"/>
  </code>
</codes>
<codes class="bip:topics:1.0">
  <code code="GCAT">
    <editdetail attribution="Reuters BIP Coding Group" action="confirmed" date="1997-04-12"/>
  </code>
  <code code="GOBIT">
    <editdetail attribution="Reuters BIP Coding Group" action="confirmed" date="1997-04-12"/>
  </code>
  <code code="GPRO">
    <editdetail attribution="Reuters BIP Coding Group" action="confirmed" date="1997-04-12"/>
  </code>
</codes>
<dc element="dc.date.created" value="1997-04-12"/>
<dc element="dc.publisher" value="Reuters Holdings Plc"/>
<dc element="dc.date.published" value="1997-04-12"/>
<dc element="dc.source" value="Reuters"/>
<dc element="dc.creator.location" value="SAO PAULO, Brazil"/>
<dc element="dc.creator.location.country.name" value="BRAZIL"/>
<dc element="dc.source" value="Reuters"/>
</metadata>
</newsitem>
