<?xml version="1.0" encoding="iso-8859-1" ?>
<newsitem itemid="504712" id="root" date="1997-04-12" xml:lang="en">
<title>BOSNIA: Police find mines in Sarajevo ahead of Pope's visit.</title>
<headline>Police find mines in Sarajevo ahead of Pope's visit.</headline>
<byline>Sabina Cosic</byline>
<dateline>SARAJEVO 1997-04-12</dateline>
<text>
<p>A U.N. spokesman said on Saturday that 23 mines found under a bridge in Sarajevo hours before the scheduled arrival of Pope John Paul were connected to a detonator and a remote control device.</p>
<p>&quot;It seems a worker saw a person in that area this morning and advised the police,&quot; Alex Ivanko, spokesman for the United Nations mission, told Reuters.</p>
<p>&quot;On arrival the Bosnian police and the International Police Task Force found 23 mines connected to a detonator with additional plastic explosives and a remote control,&quot; Ivanko said.</p>
<p>Bosnia's Moslem-Croat federation bomb experts believed the explosives were &quot;freshly planted&quot;, he added.</p>
<p>Bosnian authorities and international police officers met to discuss the security situation before the arrival of the Pope at Sarajevo airport later on Saturday.</p>
<p>A spokesman for the Roman Catholic archdiocese in Sarajevo said the Pope's trip was going ahead despite the discovery of the explosives.</p>
<p>&quot;Nobody is speaking about cancelling the visit,&quot; said spokesman Ivo Tomasevic.</p>
<p>Earlier, a Bosnian police officer said more than 20 mines were found under the bridge on the main boulevard Mesa Selimovic.</p>
<p>&quot;We inspected the bridge yesterday and there was nothing there,&quot; the policeman said.</p>
<p>The church decline to comment whether the Pope's motorcade planned to pass along the road, but visiting dignitaries usually use the boulevard to and from the airport.</p>
<p>Large numbers of policemen have been posted along the boulevard which leads to the city centre. During the 1992-95 Bosnian war, city residents used to queue at a pipe under the bridge to fetch water.</p>
<p>A series of bomb attacks on Roman Catholic churches and Islamic mosques in the past two months had raised concerns for the Pope's safety during his historic two-day visit.</p>
<p>Bosnian police, supported by the NATO-led peace force, announced elaborate security precautions this week, deploying bomb disposal and anti-sniper teams.</p>
<p>The Pope was forced to cancel a scheduled visit in September 1994 while the war was still raging. Bosnian Serb forces laying siege to the city refused to give security guarantees.</p>
<p>The Serb member of the new collective presidency, Momcilo Krajisnik, supported the invitation for this week's Papal trip.</p>
<p>The Vatican said the 76-year old Pontiff would call for reconciliation and forgiveness among Bosnia's Moslems, Catholic Croats and Orthodox Serbs.</p>
</text>
<copyright>(c) Reuters Limited 1997</copyright>
<metadata>
<codes class="bip:countries:1.0">
  <code code="BSHZG">
    <editdetail attribution="Reuters BIP Coding Group" action="confirmed" date="1997-04-12"/>
  </code>
  <code code="UN">
    <editdetail attribution="Reuters BIP Coding Group" action="confirmed" date="1997-04-12"/>
  </code>
  <code code="VCAN">
    <editdetail attribution="Reuters BIP Coding Group" action="confirmed" date="1997-04-12"/>
  </code>
</codes>
<codes class="bip:topics:1.0">
  <code code="GCAT">
    <editdetail attribution="Reuters BIP Coding Group" action="confirmed" date="1997-04-12"/>
  </code>
  <code code="GREL">
    <editdetail attribution="Reuters BIP Coding Group" action="confirmed" date="1997-04-12"/>
  </code>
  <code code="GVIO">
    <editdetail attribution="Reuters BIP Coding Group" action="confirmed" date="1997-04-12"/>
  </code>
</codes>
<dc element="dc.date.created" value="1997-04-12"/>
<dc element="dc.publisher" value="Reuters Holdings Plc"/>
<dc element="dc.date.published" value="1997-04-12"/>
<dc element="dc.source" value="Reuters"/>
<dc element="dc.creator.location" value="SARAJEVO"/>
<dc element="dc.creator.location.country.name" value="BOSNIA"/>
<dc element="dc.source" value="Reuters"/>
</metadata>
</newsitem>
