<?xml version="1.0" encoding="iso-8859-1" ?>
<newsitem itemid="504723" id="root" date="1997-04-12" xml:lang="en">
<title>YUGOSLAVIA: Milosevic at funeral of murdered security chief.</title>
<headline>Milosevic at funeral of murdered security chief.</headline>
<dateline>BELGRADE 1997-04-12</dateline>
<text>
<p>Serbian President Slobodan Milosevic attended the funeral on Saturday of his murdered security minister, whose death in a gangland-style restaurant shooting shook the Belgrade government.</p>
<p>Radovan &quot;Badza&quot; Stojicic, a 46-year-old police general and deputy interior minister, was killed by a masked gunman on Friday as he dined with his son in a city restaurant.</p>
<p>Media reports said he he was hit by three bullets and died instantly as his assailant fled.</p>
<p>A longtime protege of Milosevic, who put him in charge of public security, Stojicic was expected to be promoted soon to take over the interior ministry.</p>
<p>Although gang killings have become common in Belgrade, the murder of a government minister shocked politicians.</p>
<p>Nebojsa Lekovic, a member of parliament for the ruling coalition told Beta news agency: &quot;Things like the assassination of... Stojicic no longer happen even in Latin American countries.&quot;</p>
<p>He added: &quot;Who (from abroad) will invest money in a country where the head of the police is riddled with bullets while eating with his son in a restaurant in the centre of Belgrade.&quot;</p>
<p>There was no immediate indication who was responsible for the murder or why it was ordered.</p>
<p>Stojicic was known to have made enemies during his rise to prominence while he helped Milosevic build the Serbian police as the mainstay of the president's power.</p>
<p>Milosevic was accompanied at the funeral by his son Marko, one of whose closest business associates was murdered in a similar way to Stojicic in February.</p>
<p>A career policeman who rose through the ranks with a reputation for toughness, Stojicic's nickname Badza means Big Guy in Serbian.</p>
<p>He commanded riot police in Belgrade during three months of opposition street protests after election rigging last November by Milosevic's ruling Socialist Party.</p>
<p>Earlier, he was one of the key figures in the arming of ethnic Serbs who rebelled in Croatia and Bosnia against the secession of the two republics from former Yugoslavia in 1991/92.</p>
<p>Milosevic promoted him to the highest police rank of colonel general last year.</p>
</text>
<copyright>(c) Reuters Limited 1997</copyright>
<metadata>
<codes class="bip:countries:1.0">
  <code code="YUG">
    <editdetail attribution="Reuters BIP Coding Group" action="confirmed" date="1997-04-12"/>
  </code>
</codes>
<codes class="bip:topics:1.0">
  <code code="GCAT">
    <editdetail attribution="Reuters BIP Coding Group" action="confirmed" date="1997-04-12"/>
  </code>
  <code code="GCRIM">
    <editdetail attribution="Reuters BIP Coding Group" action="confirmed" date="1997-04-12"/>
  </code>
  <code code="GPOL">
    <editdetail attribution="Reuters BIP Coding Group" action="confirmed" date="1997-04-12"/>
  </code>
</codes>
<dc element="dc.date.created" value="1997-04-12"/>
<dc element="dc.publisher" value="Reuters Holdings Plc"/>
<dc element="dc.date.published" value="1997-04-12"/>
<dc element="dc.source" value="Reuters"/>
<dc element="dc.creator.location" value="BELGRADE"/>
<dc element="dc.creator.location.country.name" value="YUGOSLAVIA"/>
<dc element="dc.source" value="Reuters"/>
</metadata>
</newsitem>
