<?xml version="1.0" encoding="iso-8859-1" ?>
<newsitem itemid="504721" id="root" date="1997-04-12" xml:lang="en">
<title>ARMENIA: Seven Azeri soldiers killed near Armenian border.</title>
<headline>Seven Azeri soldiers killed near Armenian border.</headline>
<dateline>YEREVAN 1997-04-12</dateline>
<text>
<p>Seven Azeri soldiers were killed and one was wounded when Armenian forces opened fire near their border with Azerbaijan, the local Respublika Armenia newspaper reported on Saturday.</p>
<p>The report quoting an Armenian defence ministry spokesperson said the shooting occurred on Thursday afternoon after an armed group of Azeri soldiers crossed the southeastern Armenian-Azeri border.</p>
<p>Several Azeris escaped but seven were killed and one was wounded. There were no casualties among the Armenians, the report said.</p>
<p>Armenia is engaged in a bitter dispute with Azerbaijan over the enclave of Nagorno-Karabakh, an ethnic Armenian enclave in Azerbaijan.</p>
<p>Tens of thousands of people were killed on both sides after the age-old conflict flared up again in the late 1980s before the two sides struck a truce in 1994.</p>
<p>The Armenians gained the upper hand in the fighting and still control a large swathe of Azerbaijan.</p>
</text>
<copyright>(c) Reuters Limited 1997</copyright>
<metadata>
<codes class="bip:countries:1.0">
  <code code="ARMEN">
    <editdetail attribution="Reuters BIP Coding Group" action="confirmed" date="1997-04-12"/>
  </code>
  <code code="AZERB">
    <editdetail attribution="Reuters BIP Coding Group" action="confirmed" date="1997-04-12"/>
  </code>
</codes>
<codes class="bip:topics:1.0">
  <code code="GCAT">
    <editdetail attribution="Reuters BIP Coding Group" action="confirmed" date="1997-04-12"/>
  </code>
  <code code="GVIO">
    <editdetail attribution="Reuters BIP Coding Group" action="confirmed" date="1997-04-12"/>
  </code>
</codes>
<dc element="dc.date.created" value="1997-04-12"/>
<dc element="dc.publisher" value="Reuters Holdings Plc"/>
<dc element="dc.date.published" value="1997-04-12"/>
<dc element="dc.source" value="Reuters"/>
<dc element="dc.creator.location" value="YEREVAN"/>
<dc element="dc.creator.location.country.name" value="ARMENIA"/>
<dc element="dc.source" value="Reuters"/>
</metadata>
</newsitem>
