<?xml version="1.0" encoding="iso-8859-1" ?>
<newsitem itemid="504791" id="root" date="1997-04-12" xml:lang="en">
<title>SINGAPORE: Singapore changes public housing mortgage policy.</title>
<headline>Singapore changes public housing mortgage policy.</headline>
<dateline>SINGAPORE 1997-04-12</dateline>
<text>
<p>The Singapore government on Saturday said it had revised its mortgage financing policy for the purchase of Housing Development Board (HDB), or government-subsidised, flats.</p>
<p>It said it will change the basis for computing interest rates to a monthly basis from the current six-monthly.</p>
<p>The government has also set new credit assessment criteria designed to help buyers keep their purchases within their financial means.  </p>
<p>The government will limit to two the number of subsidised housing loans for which flat-buyers are eligible regardless of whether the flats are bought direct or from the resale market.</p>
<p>For the third and subsequent housing loans obtained from the HDB, flat-buyers and transferees will be charged a market interest rate. This rate will be pegged to the government-owned post office savings bank housing interest rate.</p>
<p>In another move, the government said buyers of new flats and transferees of existing flats must use all of their central provident fund savings before new housing loans will be granted to them.  </p>
<p>Currently buyers of resale flats only are required to use central provident fund (CPF) money fully, and the change means this is being extended to buyers of new HDB flats.</p>
<p>The government has also abolished subsidised interest rates for buyers and transferees if their monthly househould income exceeds Singapore $8,000, and if they already own private residential, commercial or industrial properties.</p>
<p>The new measures apply immediately to all new applicants and existing applicants of new HDB flats, buyers of HDB resale flats and transferees, with some exceptions.  </p>
<p>The exceptions include those who are have been short-listed to book their flats.</p>
<p>The government said that the objective of the changes is to bring its mortgage financing policy for public flats closer into line with private sector market practice.</p>
<p>On Friday, property share prices fell sharply in Singapore in anticipation of HDB changes tightening the public housing market.</p>
<p>Analysts said any changes to the public housing market would have an impact on private housing prices as the two markets are linked, and profits from the one are sometimes used to finance investment in the other. -- Singapore newsroom 65-870380</p>
</text>
<copyright>(c) Reuters Limited 1997</copyright>
<metadata>
<codes class="bip:countries:1.0">
  <code code="SINGP">
    <editdetail attribution="Reuters BIP Coding Group" action="confirmed" date="1997-04-12"/>
  </code>
</codes>
<codes class="bip:industries:1.0">
  <code code="I81501">
    <editdetail attribution="Reuters BIP Coding Group" action="confirmed" date="1997-04-12"/>
  </code>
  <code code="I8150103">
    <editdetail attribution="Reuters BIP Coding Group" action="confirmed" date="1997-04-12"/>
  </code>
  <code code="I85000">
    <editdetail attribution="Reuters BIP Coding Group" action="confirmed" date="1997-04-12"/>
  </code>
  <code code="I8500031">
    <editdetail attribution="Reuters BIP Coding Group" action="confirmed" date="1997-04-12"/>
  </code>
</codes>
<codes class="bip:topics:1.0">
  <code code="C13">
    <editdetail attribution="Reuters BIP Coding Group" action="confirmed" date="1997-04-12"/>
  </code>
  <code code="CCAT">
    <editdetail attribution="Reuters BIP Coding Group" action="confirmed" date="1997-04-12"/>
  </code>
</codes>
<dc element="dc.date.created" value="1997-04-12"/>
<dc element="dc.publisher" value="Reuters Holdings Plc"/>
<dc element="dc.date.published" value="1997-04-12"/>
<dc element="dc.source" value="Reuters"/>
<dc element="dc.creator.location" value="SINGAPORE"/>
<dc element="dc.creator.location.country.name" value="SINGAPORE"/>
<dc element="dc.source" value="Reuters"/>
</metadata>
</newsitem>
