<?xml version="1.0" encoding="iso-8859-1" ?>
<newsitem itemid="504744" id="root" date="1997-04-12" xml:lang="en">
<title>Argentina: Woman dies as Argentine teachers, police clash.</title>
<headline>Woman dies as Argentine teachers, police clash.</headline>
<dateline>BUENOS AIRES 1997-04-12</dateline>
<text>
<p>Argentine security forces and teachers who have been on strike for over a month clashed on Saturday, leaving a 23-year-old woman dead and 13 others injured, a government official said.</p>
<p>The victim, identified as Teresa Rodriguez, was hit in the neck by a stray bullet as strikers clashed with border guard forces on national highway 2 near the towns of Cutral-Co and Plaza Huincol in Neuquen province.</p>
<p>The confrontation occurred after teachers and local residents burned tires and set up barricades along a highway in a southern province, authorities said.</p>
<p>The woman was taken to a hospital and died hours later from the wound inflicted by a 32-calibre bullet.</p>
<p>Interior Minister Carlos Corach said the bullet was not fired by the border guard forces.</p>
<p>In a news conference, he said the national government would deploy federal troops to quell the unrest in Neuquen on the request of Gov. Felipe Sapag.</p>
<p>Legislators from the national centre-left alliance Frepaso called for the minister's resignation over the riots, during which border guard forces hurled tear gas bombs and shot rubber bullets at protesters.</p>
<p>Also in Buenos Aires on Saturday night a large crowd led by CTERA national teachers union marched outside the national Congress building to protest the repression in Neuquen.</p>
<p>CTERA, whose leaders have been on hunger strike for the past 10 days to press labour claims, called a nationwide teachers strike for Monday to back their Neuquen colleagues.</p>
<p>Thirteen people were injured and 20 arrested in the rioting, which erupted after 33 days of strike action that has delayed the start of the school year in Neuquen.</p>
<p>Teachers are protesting wage cuts and possible firings and first clashed with police at the end of March when they blocked off a bridge linking Neuquen and Rio Negro provinces.</p>
<p>Sapag, of the Peronist Party, had declared the strike illegal but his decision was overruled in court.</p>
<p>Sapag on Saturday denounced &quot;armed ideological groups&quot; who he said were leading the protest and requested assistance from the federal government to handle the crisis.</p>
<p>National Cabinet Chief Jorge Rodriguez said the protests had political connotations &quot;because teachers in Neuquen are among the best paid in the country.&quot;</p>
</text>
<copyright>(c) Reuters Limited 1997</copyright>
<metadata>
<codes class="bip:countries:1.0">
  <code code="ARG">
    <editdetail attribution="Reuters BIP Coding Group" action="confirmed" date="1997-04-12"/>
  </code>
</codes>
<codes class="bip:topics:1.0">
  <code code="E41">
    <editdetail attribution="Reuters BIP Coding Group" action="confirmed" date="1997-04-12"/>
  </code>
  <code code="ECAT">
    <editdetail attribution="Reuters BIP Coding Group" action="confirmed" date="1997-04-12"/>
  </code>
  <code code="GCAT">
    <editdetail attribution="Reuters BIP Coding Group" action="confirmed" date="1997-04-12"/>
  </code>
  <code code="GCRIM">
    <editdetail attribution="Reuters BIP Coding Group" action="confirmed" date="1997-04-12"/>
  </code>
  <code code="GJOB">
    <editdetail attribution="Reuters BIP Coding Group" action="confirmed" date="1997-04-12"/>
  </code>
  <code code="GVIO">
    <editdetail attribution="Reuters BIP Coding Group" action="confirmed" date="1997-04-12"/>
  </code>
</codes>
<dc element="dc.date.created" value="1997-04-12"/>
<dc element="dc.publisher" value="Reuters Holdings Plc"/>
<dc element="dc.date.published" value="1997-04-12"/>
<dc element="dc.source" value="Reuters"/>
<dc element="dc.creator.location" value="BUENOS AIRES"/>
<dc element="dc.creator.location.country.name" value="ARGENTINA"/>
<dc element="dc.source" value="Reuters"/>
</metadata>
</newsitem>
