<?xml version="1.0" encoding="iso-8859-1" ?>
<newsitem itemid="504780" id="root" date="1997-04-12" xml:lang="en">
<title>MALAYSIA: Malaysian leader in Australia cash case resigns.</title>
<headline>Malaysian leader in Australia cash case resigns.</headline>
<dateline>KUALA LUMPUR 1997-04-12</dateline>
<text>
<p>A senior Malaysian leader charged with trying to export $940,000 from Australia has resigned as chief minister of Selangor state, the national Bernama news agency said on Saturday.</p>
<p>It quoted Prime Minister Mahathir Mohamad as saying that Muhammad Muhammad Taib's resignation would be effective from Monday. Muhammad is facing two charges in a Brisbane court for trying to carry the money out of Australia in cash on December 22.  </p>
<p>Muhammad, a vice-president of Malaysia's dominant political party, the United Malays National Organisation (UMNO), is considered to be one of the country's most influential men.</p>
<p>&quot;It is his own wish to resign so that any investigation conducted will not affect UMNO's image and we will only consider his position in the party after the decision in Brisbane on whether he is guilty or not,&quot; Mahathir was quoted as saying.</p>
<p>Bernama said Muhammad has also resigned as UMNO's liaison chief for Kuala Lumpur and Selangor and as chairman of Barisan Nasional, the ruling alliance, for the two regions.</p>
<p>At a preliminary hearing of the case in Brisbane on Friday Muhammad, charged with failing to declare to customs an amount over A$5,000, was slapped with an additional charge of making a false statement in relation to the declaration.</p>
</text>
<copyright>(c) Reuters Limited 1997</copyright>
<metadata>
<codes class="bip:countries:1.0">
  <code code="AUSTR">
    <editdetail attribution="Reuters BIP Coding Group" action="confirmed" date="1997-04-12"/>
  </code>
  <code code="MALAY">
    <editdetail attribution="Reuters BIP Coding Group" action="confirmed" date="1997-04-12"/>
  </code>
</codes>
<codes class="bip:topics:1.0">
  <code code="GCAT">
    <editdetail attribution="Reuters BIP Coding Group" action="confirmed" date="1997-04-12"/>
  </code>
  <code code="GCRIM">
    <editdetail attribution="Reuters BIP Coding Group" action="confirmed" date="1997-04-12"/>
  </code>
  <code code="GPOL">
    <editdetail attribution="Reuters BIP Coding Group" action="confirmed" date="1997-04-12"/>
  </code>
</codes>
<dc element="dc.date.created" value="1997-04-12"/>
<dc element="dc.publisher" value="Reuters Holdings Plc"/>
<dc element="dc.date.published" value="1997-04-12"/>
<dc element="dc.source" value="Reuters"/>
<dc element="dc.creator.location" value="KUALA LUMPUR"/>
<dc element="dc.creator.location.country.name" value="MALAYSIA"/>
<dc element="dc.source" value="Reuters"/>
</metadata>
</newsitem>
