<?xml version="1.0" encoding="iso-8859-1" ?>
<newsitem itemid="504764" id="root" date="1997-04-12" xml:lang="en">
<title>HONG KONG: Police nets scarecrow in HK sea hunt for children.</title>
<headline>Police nets scarecrow in HK sea hunt for children.</headline>
<dateline>HONG KONG 1997-04-12</dateline>
<text>
<p>Hong Kong police, who launched a rescue mission in nearby waters for mainland Chinese children feared to have been thrown overboard a smuggling speedboat, have found a scarecrow, police said on Saturday.</p>
<p>The search was launched after police onboard a patrol craft, giving chase to a speedboat trying to sneak into the territory late on Friday, saw two objects being shoved into the sea.</p>
<p>Policemen aboard the patrol craft had believed the objects were children, saying they saw two men and four or five children on the unlit speedboat during the night chase.</p>
<p>A massive rescue mission involving five police launchers and one helicopter was launched immediately in waters around the incident, off the Ninepin islands southeast of Hong Kong.</p>
<p>But what they netted by late Saturday turned out quite unexpected.</p>
<p>&quot;We have scooped up one scarecrow near Ninepins,&quot; a marine police source told Reuters.</p>
<p>&quot;This scarecrow might have been dumped by the smugglers. It was very dark last night and we thought they might have thrown children into the sea, but today we have found a scarecrow.&quot;</p>
<p>The unexpected find, however, has not dampened resolve - nor the search.</p>
<p>&quot;But we can't really determine if they (the adults) have not dumped out children,&quot; the source said.</p>
<p>&quot;As of 7 p.m. (1100 GMT) we have suspended the search because of nightfall, but we will continue tomorrow,&quot; he said, adding that two launchers will be used on Sunday.</p>
<p>A growing number of illegal Chinese immigrants, including children, have been caught along border areas in recent weeks after rumours began spreading in southern China that amnesty would be given to illegal migrant children.</p>
<p>But the Hong Kong government has repeatedly stressed that everybody, including children, would be sent back.</p>
<p>An influx of illegal immigrants from China is a major concern in the territory, which reverts to Chinese rule at midnight on June 30 after more than 150 years of British colonial rule.</p>
</text>
<copyright>(c) Reuters Limited 1997</copyright>
<metadata>
<codes class="bip:countries:1.0">
  <code code="HKONG">
    <editdetail attribution="Reuters BIP Coding Group" action="confirmed" date="1997-04-12"/>
  </code>
</codes>
<codes class="bip:topics:1.0">
  <code code="GCAT">
    <editdetail attribution="Reuters BIP Coding Group" action="confirmed" date="1997-04-12"/>
  </code>
  <code code="GCRIM">
    <editdetail attribution="Reuters BIP Coding Group" action="confirmed" date="1997-04-12"/>
  </code>
</codes>
<dc element="dc.date.created" value="1997-04-12"/>
<dc element="dc.publisher" value="Reuters Holdings Plc"/>
<dc element="dc.date.published" value="1997-04-12"/>
<dc element="dc.source" value="Reuters"/>
<dc element="dc.creator.location" value="HONG KONG"/>
<dc element="dc.creator.location.country.name" value="HONG KONG"/>
<dc element="dc.source" value="Reuters"/>
</metadata>
</newsitem>
