<?xml version="1.0" encoding="iso-8859-1" ?>
<newsitem itemid="504737" id="root" date="1997-04-12" xml:lang="en">
<title>BOSNIA: Sarajevo hopes run high before Papal visit.</title>
<headline>Sarajevo hopes run high before Papal visit.</headline>
<byline>Sabina Cosic</byline>
<dateline>SARAJEVO 1997-04-12</dateline>
<text>
<p>Hopes ran high among Sarajevans on Saturday that Pope John Paul II's visit to the war-scarred city could breathe life into a fragile peace and promote reconciliation over nationalist bigotry.</p>
<p>&quot;I wish the Pope could influence our leaders and change the way they think,&quot; said Jusuf Granulo, hours before the Pope was due to arrive.</p>
<p>&quot;He should have come much sooner,&quot; said Granulo, a 52-year old lawyer.</p>
<p>In a country bitterly divided by nationalist hatred more than a year after the war ended, Sarajevo is still a rare oasis that harbours Bosnia's three communities -- Moslems, Catholic Croats and Orthodox Christian Serbs -- who defied calls by hardliners for separate communities.</p>
<p>Sarajevans said they believe the Pope's visit carried political symbolism that might help efforts at restoring co-existence.</p>
<p>&quot;Everywhere he went he brought peace. I hope he does the same for us,&quot; Hedija, 32, said.</p>
<p>Bosnia's troubled Moslem-Croat federation is in desperate need of a boost after relations deteriorated in February, sparking a series of tit-for-tat bombings of Catholic churches and Islamic mosques.</p>
<p>The Pope snubbed Croat hardline nationalists by declining invitations to visit the western Herzegovina region where they dominate.</p>
<p>The Pope's support for a multi-ethnic Bosnia has made him a favourite with Bosnian Moslem leaders, who have gone out of their way to welcome him to the capital.</p>
<p>Preparations for the Papal visit were in full swing on Saturday morning.</p>
<p>Potholes on streets which might be used by the Pope's motorcade were patched up and lanes freshly painted.</p>
<p>As a security precaution, residents in flats overlooking the Papal route were told by Bosnian police not to approach their windows as the Pontiff passes by.</p>
<p>City cleaners scrubbed Alipasina street which runs up to Kosevo stadium, where the Pope will hold an open-air mass for an estimated 40,000 people on Sunday.</p>
<p>One of the workers enthusiastically washed a row of flower pots lining the street. &quot;The president of all Catholics is coming to our town and we want him to feel good here,&quot; Esad Sinanovic, 47, said.</p>
<p>In the same stadium where opening ceremonies were held for the 1984 Olympic games, some 300 workers put final touches on an altar.</p>
<p>The Pope, who often spoke of Sarajevo's wartime suffering, was forced to cancel a planned visit to Sarajevo in 1994 while war was still raging because the Bosnian Serbs beseiging the city said they could not guarantee his safety.</p>
<p>Some Sarajevans said this visit was a bit anti-climatic.</p>
<p>&quot;If he had come the first time he would have been a real hero. Now, I'm not so excited about it,&quot; said Azra.</p>
</text>
<copyright>(c) Reuters Limited 1997</copyright>
<metadata>
<codes class="bip:countries:1.0">
  <code code="BSHZG">
    <editdetail attribution="Reuters BIP Coding Group" action="confirmed" date="1997-04-12"/>
  </code>
  <code code="VCAN">
    <editdetail attribution="Reuters BIP Coding Group" action="confirmed" date="1997-04-12"/>
  </code>
</codes>
<codes class="bip:topics:1.0">
  <code code="GCAT">
    <editdetail attribution="Reuters BIP Coding Group" action="confirmed" date="1997-04-12"/>
  </code>
  <code code="GREL">
    <editdetail attribution="Reuters BIP Coding Group" action="confirmed" date="1997-04-12"/>
  </code>
  <code code="GVIO">
    <editdetail attribution="Reuters BIP Coding Group" action="confirmed" date="1997-04-12"/>
  </code>
</codes>
<dc element="dc.date.created" value="1997-04-12"/>
<dc element="dc.publisher" value="Reuters Holdings Plc"/>
<dc element="dc.date.published" value="1997-04-12"/>
<dc element="dc.source" value="Reuters"/>
<dc element="dc.creator.location" value="SARAJEVO"/>
<dc element="dc.creator.location.country.name" value="BOSNIA"/>
<dc element="dc.source" value="Reuters"/>
</metadata>
</newsitem>
