<?xml version="1.0" encoding="iso-8859-1" ?>
<newsitem itemid="504772" id="root" date="1997-04-12" xml:lang="en">
<title>INDONESIA: Pro-Indonesia youths pledge to support election.</title>
<headline>Pro-Indonesia youths pledge to support election.</headline>
<dateline>JAKARTA 1997-04-12</dateline>
<text>
<p>About 3,000 pro-government Indonesian youths said on Saturday they would support the May 29 general elections.</p>
<p>The pledge came amid calls from a number of student groups and activists for a poll boycott after Indonesian Democratic Party (PDI) leader Megawati Sukarnoputri was ousted at a government-backed congress last June.</p>
<p>The youths who were grouped in 39 organisations gathered at a ceremony organised by the National Committee of Indonesian Youths (KNPI) and led by Armed Forces Commander General Feisal Tanjung on Saturday.</p>
<p>&quot;The Indonesian youths are ready to support the 1997 general elections...The Indonesian youth will actively participate in the elections and exercise their rights to vote,&quot; said the statement read out by Ali Masykur Musa, a representative of the youths.</p>
<p>The government-sanctioned KNPI is the umbrella of the country's youth organisations.</p>
<p>President Suharto last week asked the country's powerful armed forces to prevent any disturbances during next month's general election by those calling for a poll boycott.</p>
<p>&quot;Please don't let this high political awareness be disturbed by those who are irresponsible and who want to lead the people astray by urging them not to use their right to vote,&quot; Suharto told the officers from the three wings of the military and the police.</p>
<p>&quot;I ask the state security forces to prevent early every disturbance, blockage and threat to the general election, especially those to the security and safety of the nation,&quot; he said.</p>
<p>Voting is compulsory in Indonesia and voter turnout was about 95 percent at the last poll in 1992, but analysts from the ruling Golkar party estimate only about three percent of voters either deliberately spoiled their ballots or boycotted the poll.</p>
<p>Indonesia only allows Golkar, the Moslem-oriented United Development Party (PPP) and the Christian-Nationalist PDI to contest the elections.</p>
<p>With Indonesia's tightly controlled electoral system, Golkar is almost assured of achieving a landslide victory on May 29 and reaching its target of more than 70 percent of the vote, up from around 68 percent at the last poll.</p>
<p>The PPP won 17 percent and the PDI 15 percent in 1992.</p>
</text>
<copyright>(c) Reuters Limited 1997</copyright>
<metadata>
<codes class="bip:countries:1.0">
  <code code="INDON">
    <editdetail attribution="Reuters BIP Coding Group" action="confirmed" date="1997-04-12"/>
  </code>
</codes>
<codes class="bip:topics:1.0">
  <code code="GCAT">
    <editdetail attribution="Reuters BIP Coding Group" action="confirmed" date="1997-04-12"/>
  </code>
  <code code="GPOL">
    <editdetail attribution="Reuters BIP Coding Group" action="confirmed" date="1997-04-12"/>
  </code>
  <code code="GVOTE">
    <editdetail attribution="Reuters BIP Coding Group" action="confirmed" date="1997-04-12"/>
  </code>
</codes>
<dc element="dc.date.created" value="1997-04-12"/>
<dc element="dc.publisher" value="Reuters Holdings Plc"/>
<dc element="dc.date.published" value="1997-04-12"/>
<dc element="dc.source" value="Reuters"/>
<dc element="dc.creator.location" value="JAKARTA"/>
<dc element="dc.creator.location.country.name" value="INDONESIA"/>
<dc element="dc.source" value="Reuters"/>
</metadata>
</newsitem>
