<?xml version="1.0" encoding="iso-8859-1" ?>
<newsitem itemid="504787" id="root" date="1997-04-12" xml:lang="en">
<title>TAIWAN: Taiwan to allow warrant issues in June - minister.</title>
<headline>Taiwan to allow warrant issues in June - minister.</headline>
<dateline>TAIPEI 1997-04-12</dateline>
<text>
<p>Taiwan's Finance Minister Paul Chiu said on Saturday the island is expected to allow local and foreign institutions to issue warrants on Taiwan stocks by the end of June.  </p>
<p>&quot;The rule governing warrants issuance is expected to have cabinet approval by the end of April and is expected to take into effect by the end of June,&quot; Chiu told reporters.</p>
<p>Local and foreign banks or securities brokerages need to have capital of T$3 billion to issue warrants on local listed firms, Chiu said.</p>
<p>Warrants would be traded at the Taiwan Stock Exchange, the minister said.  </p>
<p>Under the proposed rule, local and foreign institutions would be allowed to issue warrants on domestic blue chips having a market value of more than T$30 billion and 25 percent or more of their shares circulating in the market.</p>
<p>To be eligible, listed companies also must have more than 7,500 shareholders, officials have said.</p>
<p>More than 20 local listed companies, including Cathay Life, Chang Hwa Bank, First Bank, Hua Nan Bank, Nan Ya Plastics, Formosa Plastics and China Steel, gualify under the proposed guidelines.</p>
<p>-- Taipei Newsroom (2-5080815)</p>
</text>
<copyright>(c) Reuters Limited 1997</copyright>
<metadata>
<codes class="bip:countries:1.0">
  <code code="TAIWAN">
    <editdetail attribution="Reuters BIP Coding Group" action="confirmed" date="1997-04-12"/>
  </code>
</codes>
<codes class="bip:industries:1.0">
  <code code="I83100">
    <editdetail attribution="Reuters BIP Coding Group" action="confirmed" date="1997-04-12"/>
  </code>
</codes>
<codes class="bip:topics:1.0">
  <code code="C13">
    <editdetail attribution="Reuters BIP Coding Group" action="confirmed" date="1997-04-12"/>
  </code>
  <code code="C17">
    <editdetail attribution="Reuters BIP Coding Group" action="confirmed" date="1997-04-12"/>
  </code>
  <code code="C171">
    <editdetail attribution="Reuters BIP Coding Group" action="confirmed" date="1997-04-12"/>
  </code>
  <code code="CCAT">
    <editdetail attribution="Reuters BIP Coding Group" action="confirmed" date="1997-04-12"/>
  </code>
  <code code="M11">
    <editdetail attribution="Reuters BIP Coding Group" action="confirmed" date="1997-04-12"/>
  </code>
  <code code="MCAT">
    <editdetail attribution="Reuters BIP Coding Group" action="confirmed" date="1997-04-12"/>
  </code>
</codes>
<dc element="dc.date.created" value="1997-04-12"/>
<dc element="dc.publisher" value="Reuters Holdings Plc"/>
<dc element="dc.date.published" value="1997-04-12"/>
<dc element="dc.source" value="Reuters"/>
<dc element="dc.creator.location" value="TAIPEI"/>
<dc element="dc.creator.location.country.name" value="TAIWAN"/>
<dc element="dc.source" value="Reuters"/>
</metadata>
</newsitem>
