<?xml version="1.0" encoding="iso-8859-1" ?>
<newsitem itemid="504711" id="root" date="1997-04-12" xml:lang="en">
<title>Bosnia: Explosives threat to Pope in Sarajevo.</title>
<headline>Explosives threat to Pope in Sarajevo.</headline>
<byline>Sabina Cosic</byline>
<dateline>SARAJEVO 1997-04-12</dateline>
<text>
<p>Police averted a potential attempt to assassinate Pope John Paul during his visit to Sarajevo on Saturday when they disarmed 23 landmines found under a bridge on the road from the airport into the Bosnian capital.</p>
<p>The Pope left Rome to carry out his 25-hour visit despite the heightened concerns for his safety.</p>
<p>U.N. police spokesman Alexander Ivanko said 23 mines coonnected to a detonator and a remote control device were found on Saturday morning.</p>
<p>Roman Catholic Church authorities refused to confirm that the papal motorcade planned to cross the bridge but it would be the usual route into the city.</p>
<p>&quot;It seems a worker saw a person in that area this morning and advised the police,&quot; Ivanko, spokesman for the United Nations mission, told Reuters.</p>
<p>&quot;On arrival the Bosnian police and the International Police Task Force found 23 mines connected to a detonator with additional plastic explosives and a remote control,&quot; Ivanko said.</p>
<p>Bosnia's Moslem-Croat federation bomb experts believed the explosives were &quot;freshly planted&quot;, he added.</p>
<p>Bosnian authorities and international police officers met to review the security situation after the mines were found.</p>
<p>A spokesman for the Roman Catholic archdiocese in Sarajevo said the Pope's trip was going ahead despite the discovery of the explosives.</p>
<p>&quot;Nobody is speaking about cancelling the visit,&quot; said spokesman Ivo Tomasevic.</p>
<p>Earlier, a Bosnian police officer said: &quot;We inspected the bridge yesterday and there was nothing there.&quot;</p>
<p>Large numbers of policemen have been posted along the boulevard which leads to the city centre. During the 1992-95 Bosnian war, city residents used to queue at a pipe under the bridge to fetch water.</p>
<p>A series of bomb attacks on Roman Catholic churches and Islamic mosques in the past two months had raised concerns for the Pope's safety during his historic two-day visit.</p>
<p>Bosnian police, supported by the NATO-led peace force, announced elaborate security precautions this week, deploying bomb disposal and anti-sniper teams.</p>
<p>The Pope was forced to cancel a scheduled visit in September 1994, while the war was still raging, after Bosnian Serb forces laying siege to the city refused to give security guarantees.</p>
<p>The Serb member of the new collective presidency, Momcilo Krajisnik, supported the invitation for this week's Papal trip.</p>
<p>The Vatican said the 76-year-old Pontiff would call for reconciliation and forgiveness among Bosnia's Moslems, Catholic Croats and Orthodox Serbs.</p>
</text>
<copyright>(c) Reuters Limited 1997</copyright>
<metadata>
<codes class="bip:countries:1.0">
  <code code="BSHZG">
    <editdetail attribution="Reuters BIP Coding Group" action="confirmed" date="1997-04-12"/>
  </code>
  <code code="VCAN">
    <editdetail attribution="Reuters BIP Coding Group" action="confirmed" date="1997-04-12"/>
  </code>
</codes>
<codes class="bip:topics:1.0">
  <code code="GCAT">
    <editdetail attribution="Reuters BIP Coding Group" action="confirmed" date="1997-04-12"/>
  </code>
  <code code="GREL">
    <editdetail attribution="Reuters BIP Coding Group" action="confirmed" date="1997-04-12"/>
  </code>
  <code code="GVIO">
    <editdetail attribution="Reuters BIP Coding Group" action="confirmed" date="1997-04-12"/>
  </code>
</codes>
<dc element="dc.date.created" value="1997-04-12"/>
<dc element="dc.publisher" value="Reuters Holdings Plc"/>
<dc element="dc.date.published" value="1997-04-12"/>
<dc element="dc.source" value="Reuters"/>
<dc element="dc.creator.location" value="SARAJEVO"/>
<dc element="dc.creator.location.country.name" value="BOSNIA"/>
<dc element="dc.source" value="Reuters"/>
</metadata>
</newsitem>
