<?xml version="1.0" encoding="iso-8859-1" ?>
<newsitem itemid="504731" id="root" date="1997-04-12" xml:lang="en">
<title>POLAND: High winds kill four people in Poland.</title>
<headline>High winds kill four people in Poland.</headline>
<dateline>WARSAW 1997-04-12</dateline>
<text>
<p>Strong winds killed four people in Poland on Friday, newspapers reported on Saturday.</p>
<p>Rzeczpospolita newspaper reported that a building worker was crushed under a collapsing wall in western Poland, while a woman in the northwest was hit by a trapdoor falling from a roof.</p>
<p>In central Poland, winds caused a car accident in which two died.</p>
<p>The winds, with gusts up to 120 kms (75 miles) an hour, cut energy and telephone lines and toppled trees.</p>
<p>Similar storms on March 28 killed at least 10 people.</p>
</text>
<copyright>(c) Reuters Limited 1997</copyright>
<metadata>
<codes class="bip:countries:1.0">
  <code code="POL">
    <editdetail attribution="Reuters BIP Coding Group" action="confirmed" date="1997-04-12"/>
  </code>
</codes>
<codes class="bip:topics:1.0">
  <code code="GCAT">
    <editdetail attribution="Reuters BIP Coding Group" action="confirmed" date="1997-04-12"/>
  </code>
  <code code="GDIS">
    <editdetail attribution="Reuters BIP Coding Group" action="confirmed" date="1997-04-12"/>
  </code>
  <code code="GWEA">
    <editdetail attribution="Reuters BIP Coding Group" action="confirmed" date="1997-04-12"/>
  </code>
</codes>
<dc element="dc.date.created" value="1997-04-12"/>
<dc element="dc.publisher" value="Reuters Holdings Plc"/>
<dc element="dc.date.published" value="1997-04-12"/>
<dc element="dc.source" value="Reuters"/>
<dc element="dc.creator.location" value="WARSAW"/>
<dc element="dc.creator.location.country.name" value="POLAND"/>
<dc element="dc.source" value="Reuters"/>
</metadata>
</newsitem>
