<?xml version="1.0" encoding="iso-8859-1" ?>
<newsitem itemid="504785" id="root" date="1997-04-12" xml:lang="en">
<title>TAIWAN: Taiwan dollar closes lower on overseas trend.</title>
<headline>Taiwan dollar closes lower on overseas trend.</headline>
<dateline>TAIPEI 1997-04-12</dateline>
<text>
<p>The Taiwan dollar finished lower against its U.S. counterpart on Saturday, dealers said, reflecting the greenback's strength in overseas markets.</p>
<p>The local unit closed at its intraday low of T$27.580, off a high of T$27.567, against Friday's finish of T$27.572. Turnover was US$38 million in the shortened Saturday session.</p>
<p>With general expectations of another Federal Reserve interest rate rise supporting a stronger U.S. dollar, the local currency was expected to follow the overseas trend next week, dealers said.  </p>
<p>But they said continued inflows of foreign equity funds into the island's red-hot stock market would ease the Taiwan dollar's depreciating trend.</p>
<p>The central bank said on Friday the inflow of foreign funds totalled US$1.38 billion in March, up from US$1.31 billion in February.</p>
<p>A range of T$27.55-65 was seen for next week.</p>
<p>-- Alice Hung 92-5080815</p>
</text>
<copyright>(c) Reuters Limited 1997</copyright>
<metadata>
<codes class="bip:countries:1.0">
  <code code="TAIWAN">
    <editdetail attribution="Reuters BIP Coding Group" action="confirmed" date="1997-04-12"/>
  </code>
</codes>
<codes class="bip:topics:1.0">
  <code code="M13">
    <editdetail attribution="Reuters BIP Coding Group" action="confirmed" date="1997-04-12"/>
  </code>
  <code code="M132">
    <editdetail attribution="Reuters BIP Coding Group" action="confirmed" date="1997-04-12"/>
  </code>
  <code code="MCAT">
    <editdetail attribution="Reuters BIP Coding Group" action="confirmed" date="1997-04-12"/>
  </code>
</codes>
<dc element="dc.date.created" value="1997-04-12"/>
<dc element="dc.publisher" value="Reuters Holdings Plc"/>
<dc element="dc.date.published" value="1997-04-12"/>
<dc element="dc.source" value="Reuters"/>
<dc element="dc.creator.location" value="TAIPEI"/>
<dc element="dc.creator.location.country.name" value="TAIWAN"/>
<dc element="dc.source" value="Reuters"/>
</metadata>
</newsitem>
