<?xml version="1.0" encoding="iso-8859-1" ?>
<newsitem itemid="504859" id="root" date="1997-04-12" xml:lang="en">
<title>FRANCE: Most French voters oppose early election.</title>
<headline>Most French voters oppose early election.</headline>
<dateline>PARIS 1997-04-12</dateline>
<text>
<p>Two thirds of French voters oppose an early election and would prefer the poll to be held on schedule next March, an opinion poll said on Saturday.</p>
<p>The Ipsos survey to be published on Sunday in the weekly Journal du Dimanche said 23 percent of 940 people questioned wanted the poll brought forward while 65 percent did not.</p>
<p>Prime Minister Alain Juppe has dismissed speculation that President Jacques Chirac might bring forward the election in a bid to secure a conservative majority for the rest of his seven-year term.</p>
<p>Of those polled, 40 percent said they wanted Gaullist Juppe and his centre-right cabinet dismissed before next year's election. One third wanted Juppe to stay on with his cabinet unchanged, and 21 percent wanted Juppe to stay and reshuffle his cabinet.</p>
</text>
<copyright>(c) Reuters Limited 1997</copyright>
<metadata>
<codes class="bip:countries:1.0">
  <code code="FRA">
    <editdetail attribution="Reuters BIP Coding Group" action="confirmed" date="1997-04-12"/>
  </code>
</codes>
<codes class="bip:topics:1.0">
  <code code="GCAT">
    <editdetail attribution="Reuters BIP Coding Group" action="confirmed" date="1997-04-12"/>
  </code>
  <code code="GPOL">
    <editdetail attribution="Reuters BIP Coding Group" action="confirmed" date="1997-04-12"/>
  </code>
  <code code="GVOTE">
    <editdetail attribution="Reuters BIP Coding Group" action="confirmed" date="1997-04-12"/>
  </code>
</codes>
<dc element="dc.date.created" value="1997-04-12"/>
<dc element="dc.publisher" value="Reuters Holdings Plc"/>
<dc element="dc.date.published" value="1997-04-12"/>
<dc element="dc.source" value="Reuters"/>
<dc element="dc.creator.location" value="PARIS"/>
<dc element="dc.creator.location.country.name" value="FRANCE"/>
<dc element="dc.source" value="Reuters"/>
</metadata>
</newsitem>
