<?xml version="1.0" encoding="iso-8859-1" ?>
<newsitem itemid="504864" id="root" date="1997-04-12" xml:lang="en">
<title>NORWAY: Neo-Nazis arrested in Norway.</title>
<headline>Neo-Nazis arrested in Norway.</headline>
<dateline>OSLO 1997-04-12</dateline>
<text>
<p>Four young Norwegian neo-Nazis were held in custody on Saturday on suspicion of planning to use violence against the democratic state, news reports said.</p>
<p>The reports said police had found lists of politicians, including Prime Minister Thorbjoern Jagland, and other well-known leaders that the neo-Nazis may have planned to attack or assassinate.</p>
<p>The men, in their 20s, were rounded up near Oslo along with dynamite, bullet-proof vests and helmets -- but no weapons -- in a crackdown on neo-Nazis in the past few days, the reports said quoting security police officials.</p>
<p>A 49-year-old woman suspected of financing the alleged anti-state activity was arrested in the west coast city of Bergen on Friday, the reports said.</p>
<p>The national news agency NTB said police requested that the men be remanded in custody for four weeks while the investigation continued.</p>
<p>An Oslo court hearing on Saturday was inconclusive and a decision was postponed until Monday, NTB quoted police as saying.</p>
<p>The defendants, who can be sentenced to a maximum six years in prison if found guilty, pleaded not guilty, NTB said.</p>
<p>Ellen Holager Andenaes, head of the security police, was tightlipped about the case.</p>
<p>&quot;The police believe that youngsters belong to a violent neo-Nazi group,&quot; she told NTB. &quot;We believe we have arrested some rather central figures in this environment, but the investigation will show how big the case is.&quot;</p>
<p>Norwegian neo-Nazis, while small in numbers, have in the past few years met increasingly with Swedish, German and other neo-Nazis at rock concerts, experts on extremist groups say.</p>
<p>&quot;They get inspiration abroad and maybe acquire a need to show themselves as tough people,&quot; sociologist Henrik Lunde told the daily Dagbladet. &quot;For the first time it looks like (Norwegian) neo-Nazis have been planning to take action.&quot;</p>
</text>
<copyright>(c) Reuters Limited 1997</copyright>
<metadata>
<codes class="bip:countries:1.0">
  <code code="NORW">
    <editdetail attribution="Reuters BIP Coding Group" action="confirmed" date="1997-04-12"/>
  </code>
</codes>
<codes class="bip:topics:1.0">
  <code code="GCAT">
    <editdetail attribution="Reuters BIP Coding Group" action="confirmed" date="1997-04-12"/>
  </code>
  <code code="GCRIM">
    <editdetail attribution="Reuters BIP Coding Group" action="confirmed" date="1997-04-12"/>
  </code>
  <code code="GVIO">
    <editdetail attribution="Reuters BIP Coding Group" action="confirmed" date="1997-04-12"/>
  </code>
</codes>
<dc element="dc.date.created" value="1997-04-12"/>
<dc element="dc.publisher" value="Reuters Holdings Plc"/>
<dc element="dc.date.published" value="1997-04-12"/>
<dc element="dc.source" value="Reuters"/>
<dc element="dc.creator.location" value="OSLO"/>
<dc element="dc.creator.location.country.name" value="NORWAY"/>
<dc element="dc.source" value="Reuters"/>
</metadata>
</newsitem>
