<?xml version="1.0" encoding="iso-8859-1" ?>
<newsitem itemid="504818" id="root" date="1997-04-12" xml:lang="en">
<title>ISRAEL: Israel's Netanyahu considering &quot;unity&quot; government.</title>
<headline>Israel's Netanyahu considering &quot;unity&quot; government.</headline>
<byline>Danny Gur-arieh</byline>
<dateline>JERUSALEM 1997-04-12</dateline>
<text>
<p>Israeli Prime Minister Benjamin Netanyahu, facing a crumbling peace process with the PLO, has said he is considering forming a &quot;national unity&quot; government with the main opposition Labour party.</p>
<p>Netanyahu confirmed what had been rumoured for weeks during several weekend interviews with Israeli reporters in Italy where he is on an official visit.</p>
<p>&quot;I am already thinking about it...but I haven't reached a conclusion,&quot; said Netanyahu when asked if he would consider forming a unity government.</p>
<p>&quot;I have consulted with friends, with several ministers in the government...Some have clear answers, some are wavering like I am on this matter,&quot; he told Israel Television on Friday.</p>
<p>Israeli-Palestinian peace moves came to a halt nearly a month ago when Netanyahu sent bulldozers to break ground on a Jewish settlement in Arab East Jerusalem which Palestinians say violates peace agreements and international law.</p>
<p>Since then Israeli airwaves have buzzed with reports of contacts between Netanyahu's Likud party and the left-centre Labour party which led Israel to a breakthrough 1993 interim accord with the PLO and subsequent peace deals.</p>
<p>The right-wing Netanyahu, elected last May, opposed the agreements with the PLO but has promised to honour them. His religious and ultra-nationalist coalition partners accuse him of ceding too much to Palestinian President Yasser Arafat.</p>
<p>An Israeli decision last month to pull troops out of nine percent of the West Bank barely passed in Netanyahu's cabinet. Arafat refused the offer, saying he had expected three times as much land.</p>
<p>Settlement construction in East Jerusalem has sparked daily clashes between Palestinians and Israeli troops in the West Bank.</p>
<p>Dozens of Palestinian stone-throwers battled Israeli troops on Saturday in the West Bank town of Hebron where much of the unrest has been centred.</p>
<p>&quot;If we are approached (about forming a national unity government), we will discuss it,&quot; said Labour party leader Shimon Peres, who helped engineer the PLO peace deals but lost last year's election to Netanyahu.</p>
<p>Peres, a Nobel peace prize laureate, has said a unity government is the only way to save peace moves with the PLO and other Arab partners.</p>
<p>But he has formally postponed the issue until a criminal investigation against members of Netanyahu's cabinet is cleared up. Police have said the investigation will last several more weeks.</p>
<p>Netanyahu has proposed defusing the crisis with the Palestinians by skipping interim steps and launching intensive negotiations culminating in a final peace agreement within six to nine months.</p>
<p>&quot;I am considering one fundamental question...will expanding the government bring about a better result in our ability to conduct these negotiations (with the PLO) and complete them,&quot; said Netanyahu.</p>
<p>Israel and the PLO have left the most sensitive issues in their conflict to &quot;final status&quot; talks, including the permanent status of the West Bank and Gaza, the fate of Jerusalem and the future of Jewish settlments. Palestinians are suspicious that moving directly to these issues could mean Israel reneging on agreed interim steps.</p>
</text>
<copyright>(c) Reuters Limited 1997</copyright>
<metadata>
<codes class="bip:countries:1.0">
  <code code="ISRAEL">
    <editdetail attribution="Reuters BIP Coding Group" action="confirmed" date="1997-04-12"/>
  </code>
</codes>
<codes class="bip:topics:1.0">
  <code code="GCAT">
    <editdetail attribution="Reuters BIP Coding Group" action="confirmed" date="1997-04-12"/>
  </code>
  <code code="GPOL">
    <editdetail attribution="Reuters BIP Coding Group" action="confirmed" date="1997-04-12"/>
  </code>
</codes>
<dc element="dc.date.created" value="1997-04-12"/>
<dc element="dc.publisher" value="Reuters Holdings Plc"/>
<dc element="dc.date.published" value="1997-04-12"/>
<dc element="dc.source" value="Reuters"/>
<dc element="dc.creator.location" value="JERUSALEM"/>
<dc element="dc.creator.location.country.name" value="ISRAEL"/>
<dc element="dc.source" value="Reuters"/>
</metadata>
</newsitem>
