<?xml version="1.0" encoding="iso-8859-1" ?>
<newsitem itemid="504850" id="root" date="1997-04-12" xml:lang="en">
<title>Italy: Italy PM to visit Albania before security mission. [CORRECTED 08:45 GMT 13/4]</title>
<headline>Italy PM to visit Albania before security mission. [CORRECTED 08:45 GMT 13/4]</headline>
<byline>Tom Wright</byline>
<dateline>ROME 1997-04-12</dateline>
<text>
<p>Prime Minister Romano Prodi will visit Albania on Sunday (corrects from Monday), two days before the bulk of an Italian-led multinational security mission starts arriving in the Balkan state.</p>
<p>A spokesman for Prodi said on Saturday that the prime minister would visit for one day but gave no further details. Prodi said earlier that Italy would begin deploying the main body of its 2,500-strong troop contingent to Albania from Tuesday.</p>
<p>The Italian troops will form the backbone of a 6,000-strong multinational force which has been sanctioned by the United Nations Security Council.</p>
<p>Their mission is to protect the delivery of aid supplies to Albania, where local media put the death toll from six weeks of unrest at 279.</p>
<p>U.N. Secretary General Koffi Annan, who is in Italy on official business, said on Saturday he believed the mission was crucial.</p>
<p>&quot;To the soldiers about to go, I want to say that they have a difficult task ahead of them but one of great importance and honour,&quot; Annan told a news conference. &quot;It is our duty to aid a neighbour who is in trouble.</p>
<p>&quot;I am sure that they have the ability to defend their mandate, which is humanitarian, and themselves,&quot; he added.</p>
<p>Albania plunged into near-anarchy last month amid popular anger over the collapse of get-rich-quick investment schemes.</p>
<p>Violence broke out in the south after rebels looted army and police arms depots. The multinational force, the first of its kind to be led by Italy, has no mandate to disarm them.</p>
<p>The troops plan to secure Durres and the southern port of Vlore, the latter controlled by rebels, as well as Tirana airport and transport routes to protect food and medical aid.</p>
<p>The United Nations World Food Programme (WFP) said in a statement that a first aid shipment had left the Italian port of Trieste with some 400 tonnes of food aid destined for Durres. It was due to arrive on Tuesday morning.</p>
<p>Italian Defence Minister Beniamino Andreatta and Defence Chief of Staff Guido Venturoni, who has overall command of the mission, flew to Tirana on Saturday to meet Albanian Prime Minister Bashkim Fino for talks ahead of the deployment.</p>
<p>Troops from France, Greece, Spain, Turkey and Romania are also in the force, which is being organised by a so-called coalition of willing nations. Austria and Denmark are also considering participation.</p>
<p>A French naval vessel with around 120 men aboard was expected to leave the Italian port of Brindisi this weekend for a reconnaisance mission in Durres.</p>
<p>&quot;We are waiting for our orders to depart and go to Durres,&quot; said French Major Herve Gourmelon. &quot;I would like to know the date as well. It could be this evening or tomorrow,&quot; he added.</p>
<p>Two Spanish naval ships were due to arrive in Brindisi on Sunday.</p>
<p>Prodi, who won parliamentary backing for the mission on Wednesday at the cost of a split with his hard-left allies, said he hoped &quot;elections (in Albania) will happen quickly and that one month after the vote we can begin to bring our troops back&quot;.</p>
<p>The wave of unrest has forced Albanian President Sali Berisha to call a general election by the end of June.</p>
</text>
<copyright>(c) Reuters Limited 1997</copyright>
<metadata>
<codes class="bip:countries:1.0">
  <code code="ALB">
    <editdetail attribution="Reuters BIP Coding Group" action="confirmed" date="1997-04-12"/>
  </code>
  <code code="ITALY">
    <editdetail attribution="Reuters BIP Coding Group" action="confirmed" date="1997-04-12"/>
  </code>
</codes>
<codes class="bip:topics:1.0">
  <code code="GCAT">
    <editdetail attribution="Reuters BIP Coding Group" action="confirmed" date="1997-04-12"/>
  </code>
  <code code="GDEF">
    <editdetail attribution="Reuters BIP Coding Group" action="confirmed" date="1997-04-12"/>
  </code>
  <code code="GDIP">
    <editdetail attribution="Reuters BIP Coding Group" action="confirmed" date="1997-04-12"/>
  </code>
  <code code="GVIO">
    <editdetail attribution="Reuters BIP Coding Group" action="confirmed" date="1997-04-12"/>
  </code>
</codes>
<dc element="dc.date.created" value="1997-04-12"/>
<dc element="dc.publisher" value="Reuters Holdings Plc"/>
<dc element="dc.date.published" value="1997-04-12"/>
<dc element="dc.source" value="Reuters"/>
<dc element="dc.creator.location" value="ROME"/>
<dc element="dc.creator.location.country.name" value="ITALY"/>
<dc element="dc.source" value="Reuters"/>
</metadata>
</newsitem>
