<?xml version="1.0" encoding="iso-8859-1" ?>
<newsitem itemid="504868" id="root" date="1997-04-12" xml:lang="en">
<title>ITALY: Pope John Paul leaves for Sarajevo.</title>
<headline>Pope John Paul leaves for Sarajevo.</headline>
<dateline>ROME 1997-04-12</dateline>
<text>
<p>Pope John Paul left Rome on Saturday for an historic visit to Sarajevo, only hours after mines connected to a detonator were discovered under a bridge in the Bosnian capital.</p>
<p>The 76-year-old Pontiff, leader of the world's Roman Catholics, took off on a special Alitalia flight from Rome's Fiumicino airport. He was expected to arrive in Sarajevo shortly before 6.00 p.m. (1600 GMT).  </p>
<p>A Bosnian police officer said 23 mines, believed to have been recently planted and linked to a remote control system, had been found under a bridge on a main boulevard in the city.</p>
<p>Sarajevo authorities declined to comment on whether the Pope's motorcade planned to pass along the road, but visiting dignitaries usually use it to and from the airport.</p>
<p>The Pope is expected to appeal during his 25-hour trip for forgiveness and co-existence among Catholic Croats, Moslems and Orthodox Serbs to help cement a fragile peace since the end of a war that fed on ethnic and religious hatreds.</p>
<p>The Pope tried to visit Sarajevo in September 1994 when the war was raging but had to cancel the trip because Serb forces laying siege to the city refused to give security guarantees.</p>
</text>
<copyright>(c) Reuters Limited 1997</copyright>
<metadata>
<codes class="bip:countries:1.0">
  <code code="BSHZG">
    <editdetail attribution="Reuters BIP Coding Group" action="confirmed" date="1997-04-12"/>
  </code>
  <code code="VCAN">
    <editdetail attribution="Reuters BIP Coding Group" action="confirmed" date="1997-04-12"/>
  </code>
</codes>
<codes class="bip:topics:1.0">
  <code code="GCAT">
    <editdetail attribution="Reuters BIP Coding Group" action="confirmed" date="1997-04-12"/>
  </code>
  <code code="GREL">
    <editdetail attribution="Reuters BIP Coding Group" action="confirmed" date="1997-04-12"/>
  </code>
  <code code="GVIO">
    <editdetail attribution="Reuters BIP Coding Group" action="confirmed" date="1997-04-12"/>
  </code>
</codes>
<dc element="dc.date.created" value="1997-04-12"/>
<dc element="dc.publisher" value="Reuters Holdings Plc"/>
<dc element="dc.date.published" value="1997-04-12"/>
<dc element="dc.source" value="Reuters"/>
<dc element="dc.creator.location" value="ROME"/>
<dc element="dc.creator.location.country.name" value="ITALY"/>
<dc element="dc.source" value="Reuters"/>
</metadata>
</newsitem>
