<?xml version="1.0" encoding="iso-8859-1" ?>
<newsitem itemid="504811" id="root" date="1997-04-12" xml:lang="en">
<title>ISRAEL: Israeli troops wound six Palestinians in clashes.</title>
<headline>Israeli troops wound six Palestinians in clashes.</headline>
<dateline>HEBRON, West Bank 1997-04-12</dateline>
<text>
<p>Israeli soldiers shot and wounded six Palestinians on Saturday during street battles with stone-throwers in the West Bank city of Hebron, Palestinian witnesses said.</p>
<p>They said soldiers intervened after Jewish settlers and Palestinians threw stones at one another in an area of Hebron under Israeli security control.</p>
<p>&quot;All of a sudden the soldiers started shooting at Palestinians wounding six, but their injuries were not critical,&quot; one Palestinian witness said.</p>
<p>The Israeli army said it was checking the report.</p>
<p>Witnesses said PLO police, confined to areas in Hebron under Palestinian control, were trying to turn back angry Palestinians to prevent further clashes with Israeli soldiers.</p>
<p>Hebron, a flashpoint of Arab-Jewish violence, has been the scene of daily clashes since Tuesday when a Jewish settler shot dead a Palestinian shopkeeper near a shrine sacred to Moslems and Jews that stands over the tomb of the biblical Abraham.</p>
<p>Israeli troops have clashed almost daily with Palestinians in the West Bank and Gaza since Israel broke ground on a new Jewish settlement in Arab East Jerusalem on March 18.</p>
<p>Khaled Mishaal, leader of the militant Islamic resistance Movement Hamas, called on Palestinians in the West Bank and Gaza Strip and in the diaspora to escalate popular resistance against Israel and vowed that his group would continue its struggle.</p>
<p>&quot;The Zionist enemy understands only the language of force,&quot; Mishaal said in a statement issued on Saturday. &quot;Let the popular intifada (uprising) escalate until Palestine is liberated.&quot;</p>
</text>
<copyright>(c) Reuters Limited 1997</copyright>
<metadata>
<codes class="bip:countries:1.0">
  <code code="ISRAEL">
    <editdetail attribution="Reuters BIP Coding Group" action="confirmed" date="1997-04-12"/>
  </code>
</codes>
<codes class="bip:topics:1.0">
  <code code="GCAT">
    <editdetail attribution="Reuters BIP Coding Group" action="confirmed" date="1997-04-12"/>
  </code>
  <code code="GVIO">
    <editdetail attribution="Reuters BIP Coding Group" action="confirmed" date="1997-04-12"/>
  </code>
</codes>
<dc element="dc.date.created" value="1997-04-12"/>
<dc element="dc.publisher" value="Reuters Holdings Plc"/>
<dc element="dc.date.published" value="1997-04-12"/>
<dc element="dc.source" value="Reuters"/>
<dc element="dc.creator.location" value="HEBRON, West Bank"/>
<dc element="dc.creator.location.country.name" value="ISRAEL"/>
<dc element="dc.source" value="Reuters"/>
</metadata>
</newsitem>
