<?xml version="1.0" encoding="iso-8859-1" ?>
<newsitem itemid="504875" id="root" date="1997-04-12" xml:lang="en">
<title>GERMANY: Germany's Waigel sticks to strict line on EMU.</title>
<headline>Germany's Waigel sticks to strict line on EMU.</headline>
<byline>Svea Herbst-Bayliss</byline>
<dateline>FUERTH, Germany 1997-04-12</dateline>
<text>
<p>German Finance Minister Theo Waigel on Saturday renewed a tough commitment to a strict interpretation of entry criteria for European monetary union (EMU), dispelling talk that he had relaxed his position.</p>
<p>At a conference of his Christian Social Union (CSU), Bavarian sister party to Chancellor Helmut Kohl's Christian Democrats which ended on Saturday, Waigel said Maastricht Treaty limits meant European Union nations must have a budget deficit below 3.0 percent of gross domestic product to qualify for EMU.</p>
<p>&quot;I have said the goal is to be three and not three plus x,&quot; Waigel told reporters, continuing tough rhetoric which had not been heard in months until the CSU conference.</p>
<p>CSU delegates late on Friday approved a motion amending their party policy to call for a budget limit of &quot;3.0 percent&quot; of GDP rather than the less exact &quot;three percent&quot;.</p>
<p>Recently Waigel had stopped calling for a precise three percent, preferring to speak only of &quot;three percent&quot;, which some independent economists had interpreted as meaning Germany could live with a few points behind the decimal point.</p>
<p>The quibbling over exactly what &quot;three&quot; means has become a central point of political debate about EMU in Germany as high unemployment and fragile growth place a question mark over Bonn's ability to meet its 2.9 percent deficit target this year.</p>
<p>Waigel insisted in his speech to the conference: &quot;Germany will fulfil the criteria, contrary to any doubt by some.&quot;</p>
<p>European government leaders will determine which nations meet the deficit, debt, and other entry criteria to join EMU after evaluating 1997 economic data early next year. EMU is scheduled to begin in 1999.</p>
<p>Independent economists have said Germany could still hit the three percent budget deficit target on the nose, as long as growth picks up during the rest of the year.</p>
<p>To accelerate growth, and tackle Germany's most pressing problem, an 11.7 percent jobless rate, Waigel said Bonn's ambitious tax reform package must be pushed through soon.</p>
<p>&quot;Anyone who blocks the tax reform is partly to blame if no new jobs are created,&quot; Waigel said, adding: &quot;We need the tax reform now as a positive signal for investment.&quot;</p>
<p>Waigel also urged employers to create new jobs now.</p>
<p>Three days before the ruling coalition resumes talks on the tax reform package with the opposition Social Democrats (SPD), Waigel accused SPD chairman Oskar Lafontaine of souring the public mood with obstructionist policies and suggestions.</p>
<p>&quot;I have the impression that Lafontaine is only interested in creating a mood and not really interested in Germany's welfare,&quot; he said.</p>
</text>
<copyright>(c) Reuters Limited 1997</copyright>
<metadata>
<codes class="bip:countries:1.0">
  <code code="EEC">
    <editdetail attribution="Reuters BIP Coding Group" action="confirmed" date="1997-04-12"/>
  </code>
  <code code="GFR">
    <editdetail attribution="Reuters BIP Coding Group" action="confirmed" date="1997-04-12"/>
  </code>
</codes>
<codes class="bip:topics:1.0">
  <code code="E12">
    <editdetail attribution="Reuters BIP Coding Group" action="confirmed" date="1997-04-12"/>
  </code>
  <code code="ECAT">
    <editdetail attribution="Reuters BIP Coding Group" action="confirmed" date="1997-04-12"/>
  </code>
  <code code="G15">
    <editdetail attribution="Reuters BIP Coding Group" action="confirmed" date="1997-04-12"/>
  </code>
  <code code="G151">
    <editdetail attribution="Reuters BIP Coding Group" action="confirmed" date="1997-04-12"/>
  </code>
  <code code="G154">
    <editdetail attribution="Reuters BIP Coding Group" action="confirmed" date="1997-04-12"/>
  </code>
  <code code="GCAT">
    <editdetail attribution="Reuters BIP Coding Group" action="confirmed" date="1997-04-12"/>
  </code>
</codes>
<dc element="dc.date.created" value="1997-04-12"/>
<dc element="dc.publisher" value="Reuters Holdings Plc"/>
<dc element="dc.date.published" value="1997-04-12"/>
<dc element="dc.source" value="Reuters"/>
<dc element="dc.creator.location" value="FUERTH, Germany"/>
<dc element="dc.creator.location.country.name" value="GERMANY"/>
<dc element="dc.source" value="Reuters"/>
</metadata>
</newsitem>
