<?xml version="1.0" encoding="iso-8859-1" ?>
<newsitem itemid="504893" id="root" date="1997-04-12" xml:lang="en">
<title>INDIA: Signs of political deal for new India government.</title>
<headline>Signs of political deal for new India government.</headline>
<byline>Narayanan Madhavan</byline>
<dateline>NEW DELHI 1997-04-12</dateline>
<text>
<p>India's defeated coalition showed signs of moving towards a deal with its ally-turned-foe Congress party on Saturday to find a new government after the fall of Prime Minister H.D. Deve Gowda.</p>
<p>A close aide of a key political negotiator in Deve Gowda's 15-party United Front told Reuters that the alliance had in its internal talks shown a willingness to consider replacing its leader to make peace with the Congress party.</p>
<p>&quot;There is no other way,&quot; the aide, who did not want to be identified, told Reuters as the decision-making Steering Committee of the centre-left United Front held a meeting.</p>
<p>Deve Gowda resigned on Friday after his coalition was defeated in parliament in a confidence vote after the Congress withdrew vital support and refused to resume backing his alliance unless it changed its leader.</p>
<p>The United Front has so far refused to yield, and says the alliance is speaking with one voice.</p>
<p>President Shankar Dayal Sharma asked Deve Gowda to remain as caretaker prime minister while efforts were made to forge a new governing majority in the hung parliament.</p>
<p>The front was still weighing its options, and there were differences within the coalition, the aide said.</p>
<p>&quot;Deve Gowda says they (the alliance) can do well in an election. But there are others in the United Front who do not want a mid-term poll,&quot; he said.</p>
<p>As a last effort to avert a mid-term poll, a change of leadership could be considered, he said.</p>
<p>&quot;I don't see any rhyme or reason for the Congress decision to withdraw support to the government. So we have no other way out but to go for the mandate of the people,&quot; the Press Trust of India (PTI) quoted Deve Gowda as saying in a television report.</p>
<p>Deve Gowda appeared to carry weight in the coalition.</p>
<p>&quot;It (the alliance) was united yesterday. It is united today,&quot; Ram Vilas Paswan, railway minister in the defeated cabinet, told reporters outside the prime minister's house. &quot;We have said from the beginning that Deve Gowda is our leader.&quot;</p>
<p>The 10-month-old government was formed last June by the alliance, which has 178 lawmakers, with support from the Congress, which has 140 deputies in the 545-member lower house.</p>
<p>They closed ranks last year to oust a 12-day-old government formed by the Hindu nationalist Bharatiya Janata Party (BJP), which controls 193 deputies. The groups accuse the BJP of favouring majority Hindus over the Moslem minority.</p>
<p>Congress president Sitaram Kesri accused Deve Gowda of not containing the BJP when he withdrew his party's support to him, but is widely seen as having made a personal bid for power.</p>
<p>The Congress party, keen to sidestep early elections, said on Saturday it had no plans to seek power and reiterated it would support the United Front if it replaced Deve Gowda.</p>
<p>&quot;If they come up with a new leader, we will support them,&quot; Congress spokesman Ved Prakash told Reuters. &quot;We will not press our claim to form the government.&quot;</p>
<p>Kesri said his first priority was to avoid polls that could ensue if the United Front and Congress failed to agree on a successor to Deve Gowda, PTI reported.</p>
<p>All political formations agreed on Friday to try to approve the 1997/98 (April-March) budget in a special sitting of parliament from April 21 to 23. That would give politicians almost two weeks to resolve differences over a new government.</p>
<p>Parliament speaker P.A. Sangma on Saturday met President Sharma on the special budget session, and his spokesman said Sharma agreed to help move the budget for consideration in parliament.</p>
</text>
<copyright>(c) Reuters Limited 1997</copyright>
<metadata>
<codes class="bip:countries:1.0">
  <code code="INDIA">
    <editdetail attribution="Reuters BIP Coding Group" action="confirmed" date="1997-04-12"/>
  </code>
</codes>
<codes class="bip:topics:1.0">
  <code code="GCAT">
    <editdetail attribution="Reuters BIP Coding Group" action="confirmed" date="1997-04-12"/>
  </code>
  <code code="GPOL">
    <editdetail attribution="Reuters BIP Coding Group" action="confirmed" date="1997-04-12"/>
  </code>
</codes>
<dc element="dc.date.created" value="1997-04-12"/>
<dc element="dc.publisher" value="Reuters Holdings Plc"/>
<dc element="dc.date.published" value="1997-04-12"/>
<dc element="dc.source" value="Reuters"/>
<dc element="dc.creator.location" value="NEW DELHI"/>
<dc element="dc.creator.location.country.name" value="INDIA"/>
<dc element="dc.source" value="Reuters"/>
</metadata>
</newsitem>
