<?xml version="1.0" encoding="iso-8859-1" ?>
<newsitem itemid="504862" id="root" date="1997-04-12" xml:lang="en">
<title>FRANCE: Morocco's Basri slams France over visa red tape.</title>
<headline>Morocco's Basri slams France over visa red tape.</headline>
<dateline>PARIS 1997-04-12</dateline>
<text>
<p>Moroccan Interior Minister Driss Basri on Saturday accused French authorities of using bureaucratic harassment to discourage Moroccan visitors as part of crackdown on illegal immigration.</p>
<p>In a sharp attack on France's controversial immigration policies, Basri said he told French President Jacques Chirac that Morocco could no longer accept such practices, which harmed bilateral economic and cultural relations.</p>
<p>He said French authorities were asking Moroccans applying for a visitor's visa to provide bank guarantees, certificates stating where they would stay in France and evidence that they would return home.</p>
<p>&quot;They are being made to wait, then they do not get a visa,&quot; he told a news conference at the Moroccan ambassador's residence.</p>
<p>&quot;I have told President Chirac that it was regrettable that we reached such a situation...We can no longer accept it, it's a matter of principle,&quot; he said.</p>
<p>&quot;On the one hand they speak about rapprochement, on the other they shut the door,&quot; he said.</p>
<p>He said Paris and Rabat would set up a joint commission to try to find solutions to the problem.</p>
<p>Basri was in Paris for a meeting of interior ministers from the western Mediterranean on drugs, terrorism and immigration.</p>
<p>He would not be drawn into criticising hardline French immigration laws. But he said that for the sake of curbing illegal immigration, Paris was also hampering legal immigration and bona fide visits by relatives of members of France's Moroccan community, including business people and scholars.</p>
<p>&quot;France will lose out, they are going to Germany and the United States instead,&quot; he said.</p>
<p>Moroccan writer Tahar Ben Jelloun, a winner of France's top Goncourt literary prize, recently wrote in the daily Le Monde that his mother had stopped visiting him in France because of the red tape involved.</p>
<p>In an effort to stop the rise of Jean-Marie Le Pen's far-right, anti-immigrant National Front, the centre-right government has cracked down on immigration since coming to power four years ago.</p>
<p>A new law last month laid down increasingly tough conditions for immigrants, prompting protests by artists, intellectuals and left-wingers who accuse Interior Minister Jean-Louis Debre of pandering to the Front, which advocates sending all immigrants home.</p>
</text>
<copyright>(c) Reuters Limited 1997</copyright>
<metadata>
<codes class="bip:countries:1.0">
  <code code="FRA">
    <editdetail attribution="Reuters BIP Coding Group" action="confirmed" date="1997-04-12"/>
  </code>
  <code code="MOROC">
    <editdetail attribution="Reuters BIP Coding Group" action="confirmed" date="1997-04-12"/>
  </code>
</codes>
<codes class="bip:topics:1.0">
  <code code="GCAT">
    <editdetail attribution="Reuters BIP Coding Group" action="confirmed" date="1997-04-12"/>
  </code>
  <code code="GDIP">
    <editdetail attribution="Reuters BIP Coding Group" action="confirmed" date="1997-04-12"/>
  </code>
</codes>
<dc element="dc.date.created" value="1997-04-12"/>
<dc element="dc.publisher" value="Reuters Holdings Plc"/>
<dc element="dc.date.published" value="1997-04-12"/>
<dc element="dc.source" value="Reuters"/>
<dc element="dc.creator.location" value="PARIS"/>
<dc element="dc.creator.location.country.name" value="FRANCE"/>
<dc element="dc.source" value="Reuters"/>
</metadata>
</newsitem>
