<?xml version="1.0" encoding="iso-8859-1" ?>
<newsitem itemid="504861" id="root" date="1997-04-12" xml:lang="en">
<title>GERMANY: Coalition seeks compromise in German tax talks.</title>
<headline>Coalition seeks compromise in German tax talks.</headline>
<byline>Neal Boudette</byline>
<dateline>BONN, Germany 1997-04-12</dateline>
<text>
<p>Germany's ruling coalition said on Saturday it was open to compromise with the opposition Social Democrats (SPD) in key tax talks, but was also ready to walk out unless the SPD gave ground.</p>
<p>Chancellor Helmut Kohl's lieutenant Wolfgang Schaeuble told the newsweekly Der Spiegel that conditions for Tuesday's talks set out by SPD chairman Oskar Lafontaine suggested the opposition was not serious about reaching an agreement.</p>
<p>&quot;We are ready to talk about all points, about all proposals,&quot; he said in an interview released ahead of publication on Monday, but &quot;doubts remain whether the SPD is serious and wants to cooperate on a reform.&quot;</p>
<p>Kohl is due to meet Lafontaine on Tuesday in an attempt to restart talks that collapsed in February in a row over coal subsidies.</p>
<p>The government, which has pinned its hopes of fighting unemployment and reviving the economy on a massive tax overhaul, has accused the SPD of blocking reforms to damage its standing with voters.</p>
<p>Wolfgang Gerhardt, chairman of Kohl's junior coalition partners, the Free Democrats, said prospects had dimmed in the view of Lafontaine's demand for cuts in occupational insurance charges and an increase in child benefit.</p>
<p>&quot;I would say the chances of an agreement are not all that high,&quot; Gerhardt said in an interview for Sunday's Bild am Sonntag newspaper.</p>
<p>&quot;If no signals come on Tuesday that the SPD is ready to tie up a reform packet with us, further talks are a waste of time.&quot;</p>
<p>Chancellery Minister Friedrich Bohl told the Express newspaper he would break off the talks if the SPD offered no concrete proposals.</p>
<p>Lafontaine has set out five demands for his session with Kohl, including clarification of how much tax reforms will cost, a lower entry-level tax rate than the government has proposed and maintenance of a number of tax-free allowances.</p>
<p>Schaeuble, the parliamentary leader of Kohl's Christian Democrats (CDU), did not rule out compromise on these items.</p>
<p>He reiterated the coalition's willingness to offset cuts in social insurance or entry tax rate with increases in value added or fuel oil taxes but added that &quot;the tax reform must in sum lead to a reduction.&quot;</p>
<p>Gerhardt criticised the call for higher child subsidies as &quot;insincere and careless,&quot; saying higher payments to parents would have no impact on hiring and business investment.</p>
<p>The negotiations are intended to avoid a drawn-out battle in parliament, where the SPD can block tax measures through its upper house majority.</p>
</text>
<copyright>(c) Reuters Limited 1997</copyright>
<metadata>
<codes class="bip:countries:1.0">
  <code code="GFR">
    <editdetail attribution="Reuters BIP Coding Group" action="confirmed" date="1997-04-12"/>
  </code>
</codes>
<codes class="bip:topics:1.0">
  <code code="E21">
    <editdetail attribution="Reuters BIP Coding Group" action="confirmed" date="1997-04-12"/>
  </code>
  <code code="E211">
    <editdetail attribution="Reuters BIP Coding Group" action="confirmed" date="1997-04-12"/>
  </code>
  <code code="ECAT">
    <editdetail attribution="Reuters BIP Coding Group" action="confirmed" date="1997-04-12"/>
  </code>
  <code code="GCAT">
    <editdetail attribution="Reuters BIP Coding Group" action="confirmed" date="1997-04-12"/>
  </code>
  <code code="GPOL">
    <editdetail attribution="Reuters BIP Coding Group" action="confirmed" date="1997-04-12"/>
  </code>
</codes>
<dc element="dc.date.created" value="1997-04-12"/>
<dc element="dc.publisher" value="Reuters Holdings Plc"/>
<dc element="dc.date.published" value="1997-04-12"/>
<dc element="dc.source" value="Reuters"/>
<dc element="dc.creator.location" value="BONN, Germany"/>
<dc element="dc.creator.location.country.name" value="GERMANY"/>
<dc element="dc.source" value="Reuters"/>
</metadata>
</newsitem>
