<?xml version="1.0" encoding="iso-8859-1" ?>
<newsitem itemid="504817" id="root" date="1997-04-12" xml:lang="en">
<title>ISRAEL: Hamas accuses PLO of betrayal.</title>
<headline>Hamas accuses PLO of betrayal.</headline>
<dateline>JERUSALEM 1997-04-12</dateline>
<text>
<p>A spokesman of the Islamic militant Hamas group accused the PLO on Saturday of betraying the Palestinian group by arresting its members suspected of killing an Israeli soldier in the West Bank.</p>
<p>Ibrahim Ghosheh, the group's spokesman in Amman, warned in a statement that Palestinian President Yasser Arafat's self-rule administration was stirring &quot;inter-Palestinian conflicts&quot;.</p>
<p>&quot;The Islamic Resistance Movement Hamas does not accept in any way being betrayed and back-stabbed by the Palestinian security apparatus,&quot; the statement said.</p>
<p>&quot;The collaboration and cooperation between the Palestinian Authority and the Zionist occupation authority has been revealed in a cheap, and betraying manner,&quot; it said.</p>
<p>Israel and the PLO said on Friday they worked together despite a breakdown in security coordination to find the body of 19-year-old Israeli soldier Sharon Edri, kidnapped by Hamas seven months ago.</p>
<p>Israeli security forces found Edri's body in Sourif village in the West Bank on Thursday after Israeli and Palestinian security forces arrested members of a Hamas squad suspected of killing him.</p>
<p>One member of the squad last month killed three Israeli women in Tel Aviv and died himself when an explosive charge he meant to leave at a cafe exploded prematurely.</p>
<p>Security coordination between Israel and the PLO broke down in March after Prime Minister Benjamin Netanyahu sent bulldozers to work on a new Jewish settlement in Arab East Jerusalem.</p>
<p>Netanyahu, who had accused Palestinian President Yasser Arafat of giving a &quot;green light&quot; to Islamic militants to attack Israelis, said PLO security forces had helped crack the case of the missing soldier.</p>
<p>PLO officials have denied Arafat had sanctioned attacks against Israel by Islamic groups.</p>
<p>Last year the Palestinian Authority cracked down on Hamas and nearly destroyed its infrastructure after the group carried out a series of suicide bombings killing scores of Israelis.</p>
<p>But Israel's decision last month to build a new settlement in East Jerusalem improved PLO-Hamas relations.</p>
<p>Hamas attended a &quot;national reconciliation dialogue&quot; for the first time last month organised by the Palestinian Authority in the West Bank after leading Hamas members were released from PLO prisons.</p>
</text>
<copyright>(c) Reuters Limited 1997</copyright>
<metadata>
<codes class="bip:countries:1.0">
  <code code="ISRAEL">
    <editdetail attribution="Reuters BIP Coding Group" action="confirmed" date="1997-04-12"/>
  </code>
</codes>
<codes class="bip:topics:1.0">
  <code code="GCAT">
    <editdetail attribution="Reuters BIP Coding Group" action="confirmed" date="1997-04-12"/>
  </code>
  <code code="GPOL">
    <editdetail attribution="Reuters BIP Coding Group" action="confirmed" date="1997-04-12"/>
  </code>
  <code code="GVIO">
    <editdetail attribution="Reuters BIP Coding Group" action="confirmed" date="1997-04-12"/>
  </code>
</codes>
<dc element="dc.date.created" value="1997-04-12"/>
<dc element="dc.publisher" value="Reuters Holdings Plc"/>
<dc element="dc.date.published" value="1997-04-12"/>
<dc element="dc.source" value="Reuters"/>
<dc element="dc.creator.location" value="JERUSALEM"/>
<dc element="dc.creator.location.country.name" value="ISRAEL"/>
<dc element="dc.source" value="Reuters"/>
</metadata>
</newsitem>
