<?xml version="1.0" encoding="iso-8859-1" ?>
<newsitem itemid="504870" id="root" date="1997-04-12" xml:lang="en">
<title>FRANCE: French paper says Noriega may face drug money trial.</title>
<headline>French paper says Noriega may face drug money trial.</headline>
<dateline>PARIS 1997-04-12</dateline>
<text>
<p>Panama's jailed former ruler Manuel Noriega could face trial in absentia in Paris on charges of laundering drug trafficking money in France, the daily Le Monde said on Saturday.</p>
<p>It said that earlier this month an investigating magistrate had ended a probe into Noriega's bank accounts in France, concluding that the money had ben paid by the Medellin drug cartel. Noriega's lawyers denied the allegations.</p>
<p>Le Monde said magistrate Patrick Fievet had frozen the funds, worth tens of millions of francs (millions of dollars), which were part of a money laundering circuit going through London, Luxembourg, Switzerland and Austria.</p>
<p>The magistrate's conclusions were pased on to a French state prosecutor who could order a trial. Le Monde's report could not be immediately confirmed by legal officials.</p>
<p>Le Monde quoted Noriega's lawyers as saying they were writing to the Paris state prosecutor to explain that the funds came from the sale of Noriega's personal property and from fees received from the U.S. Central Intelligence Agency.</p>
<p>Noriega, who was captured during the 1989 U.S. invasion of Panama, is now serving a 40-year prison sentence for his 1992 conviction on drug and racketeering charges.</p>
</text>
<copyright>(c) Reuters Limited 1997</copyright>
<metadata>
<codes class="bip:countries:1.0">
  <code code="FRA">
    <editdetail attribution="Reuters BIP Coding Group" action="confirmed" date="1997-04-12"/>
  </code>
  <code code="PANA">
    <editdetail attribution="Reuters BIP Coding Group" action="confirmed" date="1997-04-12"/>
  </code>
</codes>
<codes class="bip:topics:1.0">
  <code code="GCAT">
    <editdetail attribution="Reuters BIP Coding Group" action="confirmed" date="1997-04-12"/>
  </code>
  <code code="GCRIM">
    <editdetail attribution="Reuters BIP Coding Group" action="confirmed" date="1997-04-12"/>
  </code>
  <code code="GPOL">
    <editdetail attribution="Reuters BIP Coding Group" action="confirmed" date="1997-04-12"/>
  </code>
  <code code="GPRO">
    <editdetail attribution="Reuters BIP Coding Group" action="confirmed" date="1997-04-12"/>
  </code>
</codes>
<dc element="dc.date.created" value="1997-04-12"/>
<dc element="dc.publisher" value="Reuters Holdings Plc"/>
<dc element="dc.date.published" value="1997-04-12"/>
<dc element="dc.source" value="Reuters"/>
<dc element="dc.creator.location" value="PARIS"/>
<dc element="dc.creator.location.country.name" value="FRANCE"/>
<dc element="dc.source" value="Reuters"/>
</metadata>
</newsitem>
