<?xml version="1.0" encoding="iso-8859-1" ?>
<newsitem itemid="504903" id="root" date="1997-04-12" xml:lang="en">
<title>PAKISTAN: PRESS DIGEST - Pakistan - April 12.</title>
<headline>PRESS DIGEST - Pakistan - April 12.</headline>
<text>
<p>These are the leading stories in the Pakistani press on Saturday. Reuters has not verified these stories and does not vouch for their accuracy.</p>
<p>DAWN</p>
<p>- Prime Minister Nawaz Sharif has said a constitutional amendment bill was being prepared to control sectarianism, purge society of heinous crimes and improve law and order.</p>
<p>- Ten passengers were killed and seven others sustained injuries in a road accident near Faizabad village some 130 kilometeres from Larkana on Thursday night.</p>
<p>- The wheat flour supply has been stabilised to a major extent, the government says it received no complaint of shortages on Friday.</p>
<p>- Former chairman of Oil and Gas Development Corporation Riffat Askari died of heart failure during judicial custody.</p>
<p>- China continues to ship M-11 missile components to Pakistan despite pledges made in 1994 not to do so, a senior U.S. State Department official said on Thursday while testifying before a Senate sub-committee.</p>
<p>- The government is considering introducing a law for compulsory screening for AIDS, Hepatitis-B, Hepatitis-C, malaria and syphills, sources said.</p>
<p>- The government is considering suspension of 325 officials accused of corruption.</p>
<p>- The hopes of keeping country's trade deficit below three billion dollars seem to have petered out as the exports lagged imports $2.6 billion during the last three quarters.</p>
<p>- Federal Finance Minister Sartaj Aziz expects to receive an encouraging response from tax payers within six months following recent tax cuts made in their favour.</p>
<p>BUSINESS RECORDER</p>
<p>- The revised tariff rates of customs duties announced in economic revival package on March 28 reduced duties from 13 to 5 percent.</p>
<p>- Commerce Minister Ishaq Dar has said that 90 percent of anomalies in the economic package had been removed.</p>
<p>--Karachi newsroom 9251-5865192</p>
</text>
<copyright>(c) Reuters Limited 1997</copyright>
<metadata>
<codes class="bip:countries:1.0">
  <code code="PAKIS">
    <editdetail attribution="Reuters BIP Coding Group" action="confirmed" date="1997-04-12"/>
  </code>
</codes>
<codes class="bip:topics:1.0">
  <code code="GCAT">
    <editdetail attribution="Reuters BIP Coding Group" action="confirmed" date="1997-04-12"/>
  </code>
</codes>
<dc element="dc.publisher" value="Reuters Holdings Plc"/>
<dc element="dc.date.published" value="1997-04-12"/>
<dc element="dc.source" value="Reuters"/>
<dc element="dc.creator.location.country.name" value="PAKISTAN"/>
<dc element="dc.source" value="Reuters"/>
</metadata>
</newsitem>
