<?xml version="1.0" encoding="iso-8859-1" ?>
<newsitem itemid="504924" id="root" date="1997-04-12" xml:lang="en">
<title>INDIA: Indian interest rates-RBI.</title>
<headline>Indian interest rates-RBI.</headline>
<dateline>BOMBAY 1997-04-12</dateline>
<text>
<p>The following are the details of</p>
<p>Indian interest rates as per Reserve Bank of India data.</p>
<p>.</p>
<p>				     1996		     1997</p>
<p>					   (per cent per annum)</p>
<p>Item/week ended	 Mar 29 Feb 28 Mar 7  Mar 14 Mar 21 Mar 28</p>
<p>---------------	 ------ ------ -----  ------ ------ ------</p>
<p>Bank rate		  12.00 12.00  12.00  12.00  12.00  12.00</p>
<p>I.D.B.I		    16.00 16.50  16.50  16.50  16.50  16.50</p>
<p>Prime Lending Rate     16.50 14.5   14.5   14.5   14.5   14.5</p>
<p>					to     to     to     to     to</p>
<p>				     15.0   15.0   15.0   15.0   15.0</p>
<p>Deposit Rate	     12.0- 11.0   11.0   11.0   11.0   11.0</p>
<p>				to    to     to     to     to	to</p>
<p>			     13.0  13.0   13.0   13.0   13.0   13.0</p>
<p>Call Money Rate	  12.93  4.67   5.03   3.94   4.93   3.27</p>
<p>(Bombay)</p>
<p>Volumes (bln rupees)  534.30 220.20 102.10 150.60 194.20 114.30</p>
<p>.</p>
<p>1.Prime lending rate relates to five major public sector banks 2.Deposit rate relates to major public sector banks for term deposits of more than one year maturity.</p>
<p>3.Call money rates are weighted averages of borrowing rates reported by selected banks and Discount and Finance House of India (DFHI), weights being proportional to amount borrowed. Figures in brackets are total amounts borrowed (In billion rupees) by the reporting institutions.</p>
<p>.</p>
<p>Note-Data sourced from Weekly Statistical Supplement issued by the Reserve Bank of India (RBI) on April 12, 1997.</p>
<p>-- Bombay money desk +91-22-265 9000</p>
</text>
<copyright>(c) Reuters Limited 1997</copyright>
<metadata>
<codes class="bip:countries:1.0">
  <code code="INDIA">
    <editdetail attribution="Reuters BIP Coding Group" action="confirmed" date="1997-04-12"/>
  </code>
</codes>
<codes class="bip:topics:1.0">
  <code code="M13">
    <editdetail attribution="Reuters BIP Coding Group" action="confirmed" date="1997-04-12"/>
  </code>
  <code code="M131">
    <editdetail attribution="Reuters BIP Coding Group" action="confirmed" date="1997-04-12"/>
  </code>
  <code code="MCAT">
    <editdetail attribution="Reuters BIP Coding Group" action="confirmed" date="1997-04-12"/>
  </code>
</codes>
<dc element="dc.date.created" value="1997-04-12"/>
<dc element="dc.publisher" value="Reuters Holdings Plc"/>
<dc element="dc.date.published" value="1997-04-12"/>
<dc element="dc.source" value="Reuters"/>
<dc element="dc.creator.location" value="BOMBAY"/>
<dc element="dc.creator.location.country.name" value="INDIA"/>
<dc element="dc.source" value="Reuters"/>
</metadata>
</newsitem>
