<?xml version="1.0" encoding="iso-8859-1" ?>
<newsitem itemid="504930" id="root" date="1997-04-12" xml:lang="en">
<title>PAKISTAN: Pakistani rupee closing rates in kerb market.</title>
<headline>Pakistani rupee closing rates in kerb market.</headline>
<dateline>KARACHI, Pakistan 1997-04-12</dateline>
<text>
<p>Saturday's spot rupee rates in kerb market from Khanani &amp; Kalia Int'l (Pvt) Ltd:</p>
<p>				Buying rate	 Selling rate</p>
<p>    U.S. dollar	   41.05		 41.10</p>
<p>    Pound sterling	66.60		 66.70</p>
<p>    Deutsche mark	 23.80		 23.85</p>
<p>    Japanese yen	   0.324		 0.326</p>
<p>    Saudi riyal	   10.92		 10.94</p>
<p>    UAE dirham	    11.17		 11.19</p>
<p>    Indian rupee	   1.08		  1.10</p>
<p>    F.E.B.C.		 2.35 pct	    2.55 pct</p>
</text>
<copyright>(c) Reuters Limited 1997</copyright>
<metadata>
<codes class="bip:countries:1.0">
  <code code="PAKIS">
    <editdetail attribution="Reuters BIP Coding Group" action="confirmed" date="1997-04-12"/>
  </code>
</codes>
<codes class="bip:topics:1.0">
  <code code="M13">
    <editdetail attribution="Reuters BIP Coding Group" action="confirmed" date="1997-04-12"/>
  </code>
  <code code="M132">
    <editdetail attribution="Reuters BIP Coding Group" action="confirmed" date="1997-04-12"/>
  </code>
  <code code="MCAT">
    <editdetail attribution="Reuters BIP Coding Group" action="confirmed" date="1997-04-12"/>
  </code>
</codes>
<dc element="dc.date.created" value="1997-04-12"/>
<dc element="dc.publisher" value="Reuters Holdings Plc"/>
<dc element="dc.date.published" value="1997-04-12"/>
<dc element="dc.source" value="Reuters"/>
<dc element="dc.creator.location" value="KARACHI, Pakistan"/>
<dc element="dc.creator.location.country.name" value="PAKISTAN"/>
<dc element="dc.source" value="Reuters"/>
</metadata>
</newsitem>
