<?xml version="1.0" encoding="iso-8859-1" ?>
<newsitem itemid="523498" id="root" date="1997-04-21" xml:lang="en">
<title>USA: ATS Medical Q1 net up on implant growth.</title>
<headline>ATS Medical Q1 net up on implant growth.</headline>
<dateline>MINNEAPOLIS 1997-04-21</dateline>
<text>
<p>ATS Medical Inc said Monday it posted record earnings and revenues in the first quarter in part because of higher sales of heart valve implants in Europe and Asia.</p>
<p>The company, which makes mechanical heart valves, said net income rose to $577,039, or $0.03 a share, from $192,171, or $0.01 a share, in the same period last year. Sales in the period climbed to $3.4 million from $2.6 million in the first quarter of 1996.</p>
<p>ATS Medical said strong purchases by its Japanese distributor also contributed to this year's gains.</p>
<p>The company said it had implants initiated in all four of its U.S. clinical sites in the first quarter of 1997.</p>
<p>ATS Medical shares closed up 1/2 Monday at 6-3/4.</p>
<p>((Chicago newsdesk (312) 408-8787))</p>
</text>
<copyright>(c) Reuters Limited 1997</copyright>
<metadata>
<codes class="bip:countries:1.0">
  <code code="USA">
    <editdetail attribution="Reuters BIP Coding Group" action="confirmed" date="1997-04-21"/>
  </code>
</codes>
<codes class="bip:industries:1.0">
  <code code="I37200">
    <editdetail attribution="Reuters BIP Coding Group" action="confirmed" date="1997-04-21"/>
  </code>
</codes>
<codes class="bip:topics:1.0">
  <code code="C15">
    <editdetail attribution="Reuters BIP Coding Group" action="confirmed" date="1997-04-21"/>
  </code>
  <code code="C151">
    <editdetail attribution="Reuters BIP Coding Group" action="confirmed" date="1997-04-21"/>
  </code>
  <code code="CCAT">
    <editdetail attribution="Reuters BIP Coding Group" action="confirmed" date="1997-04-21"/>
  </code>
</codes>
<dc element="dc.date.created" value="1997-04-21"/>
<dc element="dc.publisher" value="Reuters Holdings Plc"/>
<dc element="dc.date.published" value="1997-04-21"/>
<dc element="dc.source" value="Reuters"/>
<dc element="dc.creator.location" value="MINNEAPOLIS"/>
<dc element="dc.creator.location.country.name" value="USA"/>
<dc element="dc.source" value="Reuters"/>
</metadata>
</newsitem>
