<?xml version="1.0" encoding="iso-8859-1" ?>
<newsitem itemid="523442" id="root" date="1997-04-21" xml:lang="en">
<title>USA: RESEARCH ALERT - Tribune strong buy repeated.</title>
<headline>RESEARCH ALERT - Tribune strong buy repeated.</headline>
<text>
<p>--Prudential Securities Inc said Monday it reiterated a strong buy rating on Tribune Co and called it &quot;our single best idea&quot; in a report.</p>
<p>--Analyst Melissa Cook said she was maintaining &quot;for now&quot; her $2.00 1997 earnings estimate on the media and entertainment company. Her 12-month price target on the stock is $57.</p>
<p>--Tribune ended off 1/4 at 41-5/8.</p>
<p>	  ((Chicago Newsdesk (312) 408-8787))</p>
</text>
<copyright>(c) Reuters Limited 1997</copyright>
<metadata>
<codes class="bip:countries:1.0">
  <code code="USA">
    <editdetail attribution="Reuters BIP Coding Group" action="confirmed" date="1997-04-21"/>
  </code>
</codes>
<codes class="bip:industries:1.0">
  <code code="I47510">
    <editdetail attribution="Reuters BIP Coding Group" action="confirmed" date="1997-04-21"/>
  </code>
</codes>
<codes class="bip:topics:1.0">
  <code code="C15">
    <editdetail attribution="Reuters BIP Coding Group" action="confirmed" date="1997-04-21"/>
  </code>
  <code code="C152">
    <editdetail attribution="Reuters BIP Coding Group" action="confirmed" date="1997-04-21"/>
  </code>
  <code code="CCAT">
    <editdetail attribution="Reuters BIP Coding Group" action="confirmed" date="1997-04-21"/>
  </code>
</codes>
<dc element="dc.publisher" value="Reuters Holdings Plc"/>
<dc element="dc.date.published" value="1997-04-21"/>
<dc element="dc.source" value="Reuters"/>
<dc element="dc.creator.location.country.name" value="USA"/>
<dc element="dc.source" value="Reuters"/>
</metadata>
</newsitem>
