<?xml version="1.0" encoding="iso-8859-1" ?>
<newsitem itemid="523447" id="root" date="1997-04-21" xml:lang="en">
<title>USA: RESEARCH ALERT-DST Systems up to outperform.</title>
<headline>RESEARCH ALERT-DST Systems up to outperform.</headline>
<text>
<p>-- Gruntal &amp; Co said on Monday it raised its rating on DST Systems Inc to outperform from outperform (speculative) after the company's first-quarter earnings came in ahead of analysts' estimates.</p>
<p>-- Gruntal said the $0.30 a share posted in the first quarter ended March 31 was higher than Gruntal's estimate of $0.25. The stock has already hit Gruntal's price target range twice and it appears to be an attractive buying point thanks to recent movements in its equity holdings, Gruntal said.</p>
<p>-- Gruntal said DST's double-digit increase in domestic revenues came from strength in mutual fund, shareholder and other output processing and subscriber management work.</p>
<p>-- DST develops software for the processing and record-keeping of mutual fund and other financial instruments.</p>
<p>-- Its shares were up 1/4 Monday at 25-1/2.</p>
<p>((Chicago newsdesk (312) 408-8787))</p>
</text>
<copyright>(c) Reuters Limited 1997</copyright>
<metadata>
<codes class="bip:countries:1.0">
  <code code="USA">
    <editdetail attribution="Reuters BIP Coding Group" action="confirmed" date="1997-04-21"/>
  </code>
</codes>
<codes class="bip:industries:1.0">
  <code code="I83940">
    <editdetail attribution="Reuters BIP Coding Group" action="confirmed" date="1997-04-21"/>
  </code>
</codes>
<codes class="bip:topics:1.0">
  <code code="C15">
    <editdetail attribution="Reuters BIP Coding Group" action="confirmed" date="1997-04-21"/>
  </code>
  <code code="C152">
    <editdetail attribution="Reuters BIP Coding Group" action="confirmed" date="1997-04-21"/>
  </code>
  <code code="CCAT">
    <editdetail attribution="Reuters BIP Coding Group" action="confirmed" date="1997-04-21"/>
  </code>
</codes>
<dc element="dc.publisher" value="Reuters Holdings Plc"/>
<dc element="dc.date.published" value="1997-04-21"/>
<dc element="dc.source" value="Reuters"/>
<dc element="dc.creator.location.country.name" value="USA"/>
<dc element="dc.source" value="Reuters"/>
</metadata>
</newsitem>
