<?xml version="1.0" encoding="iso-8859-1" ?>
<newsitem itemid="523491" id="root" date="1997-04-21" xml:lang="en">
<title>USA: Johnson Worldwide sales mirror weak market.</title>
<headline>Johnson Worldwide sales mirror weak market.</headline>
<dateline>RACINE, Wis. 1997-04-21</dateline>
<text>
<p>Johnson Worldwide Associates Inc said its lower sales for the March 28 second quarter reflect a weak market in March industrywide.</p>
<p>But president R.C. Whitaker said, &quot;We believe we are gaining or maintaining market share in most markets despite the softness of the numbers. Clouding the view is the tremendous overhang of last year's inventories at all stages of distribution.&quot;</p>
<p>Whitaker said the company plans to introduce new products over the next 18 months and plans to make inroads in sales from regions outside North America and Europe.</p>
<p>Johnson Worldwide reported second-quarter sales of $96.1 million, down from $111.2 million. Excluding the copany's Plastimo marine business, which was sold in January 1997, sales declined seven percent for the quarter.</p>
<p>Johnson Worldwide manufactures and markets outdoor recreation products, including Scubapro diving equipment, Mitchell and Johnson fishing equiment and Minn Kota electric motors, among other products.</p>
<p>	  ((Chicago Newsdesk (312) 408-8787))</p>
</text>
<copyright>(c) Reuters Limited 1997</copyright>
<metadata>
<codes class="bip:countries:1.0">
  <code code="USA">
    <editdetail attribution="Reuters BIP Coding Group" action="confirmed" date="1997-04-21"/>
  </code>
</codes>
<codes class="bip:industries:1.0">
  <code code="I49420">
    <editdetail attribution="Reuters BIP Coding Group" action="confirmed" date="1997-04-21"/>
  </code>
</codes>
<codes class="bip:topics:1.0">
  <code code="C31">
    <editdetail attribution="Reuters BIP Coding Group" action="confirmed" date="1997-04-21"/>
  </code>
  <code code="C313">
    <editdetail attribution="Reuters BIP Coding Group" action="confirmed" date="1997-04-21"/>
  </code>
  <code code="CCAT">
    <editdetail attribution="Reuters BIP Coding Group" action="confirmed" date="1997-04-21"/>
  </code>
</codes>
<dc element="dc.date.created" value="1997-04-21"/>
<dc element="dc.publisher" value="Reuters Holdings Plc"/>
<dc element="dc.date.published" value="1997-04-21"/>
<dc element="dc.source" value="Reuters"/>
<dc element="dc.creator.location" value="RACINE, Wis."/>
<dc element="dc.creator.location.country.name" value="USA"/>
<dc element="dc.source" value="Reuters"/>
</metadata>
</newsitem>
