<?xml version="1.0" encoding="iso-8859-1" ?>
<newsitem itemid="523469" id="root" date="1997-04-21" xml:lang="en">
<title>USA: Ivax faces class action suit.</title>
<headline>Ivax faces class action suit.</headline>
<dateline>NEW YORK 1997-04-21</dateline>
<text>
<p>A class action lawsuit has been filed against Ivax Corp alleging violations of federal securities laws, plaintiffs' attorneys said Monday.</p>
<p>The suit was filed in the U.S. District Court for the Southern District of Florida on behalf of all buyers of Ivax common stock and/or call options from August 2 through November 11, 1996.</p>
<p>The complaint alleges the company and certain of its directors and officers misrepresented and omitted material information regarding the company's financial results for at least the second and third fiscal quarters of 1996.</p>
<p>A statement from the attorneys at Wolf Haldenstein Adler Freeman &amp; Herz LLP said the complain focuses particularly on goodwill writeoffs the company would have to take.</p>
<p>Ivax is a Miami-based holding companies whose subsidiaries are engaged primarily in the research, development, manufacture and marketing of health care products.</p>
<p>Attempts to reach Ivax Monday evening were not immediately successful.</p>
</text>
<copyright>(c) Reuters Limited 1997</copyright>
<metadata>
<codes class="bip:countries:1.0">
  <code code="USA">
    <editdetail attribution="Reuters BIP Coding Group" action="confirmed" date="1997-04-21"/>
  </code>
</codes>
<codes class="bip:industries:1.0">
  <code code="I25700">
    <editdetail attribution="Reuters BIP Coding Group" action="confirmed" date="1997-04-21"/>
  </code>
</codes>
<codes class="bip:topics:1.0">
  <code code="C12">
    <editdetail attribution="Reuters BIP Coding Group" action="confirmed" date="1997-04-21"/>
  </code>
  <code code="CCAT">
    <editdetail attribution="Reuters BIP Coding Group" action="confirmed" date="1997-04-21"/>
  </code>
  <code code="GCAT">
    <editdetail attribution="Reuters BIP Coding Group" action="confirmed" date="1997-04-21"/>
  </code>
  <code code="GCRIM">
    <editdetail attribution="Reuters BIP Coding Group" action="confirmed" date="1997-04-21"/>
  </code>
</codes>
<dc element="dc.date.created" value="1997-04-21"/>
<dc element="dc.publisher" value="Reuters Holdings Plc"/>
<dc element="dc.date.published" value="1997-04-21"/>
<dc element="dc.source" value="Reuters"/>
<dc element="dc.creator.location" value="NEW YORK"/>
<dc element="dc.creator.location.country.name" value="USA"/>
<dc element="dc.source" value="Reuters"/>
</metadata>
</newsitem>
