<?xml version="1.0" encoding="iso-8859-1" ?>
<newsitem itemid="523445" id="root" date="1997-04-21" xml:lang="en">
<title>USA: HOT STOCK HIGHLIGHTS - U.S. Corporate Earnings.</title>
<headline>HOT STOCK HIGHLIGHTS - U.S. Corporate Earnings.</headline>
<text>
<p>UNISYS CORP			  up 1/2 to 6-3/8</p>
<p>Shares slightly higher in heavy trading on the New York Stock Exchange with over two million shares changing hands after the maker of computer products said it is on its way toward delivering full-year profitability in 1997.</p>
<p>The company posted a better-than-expected Q1 loss per share of $0.06 compared with $0.25 last year.  According to First Call, analysts expected the company to lose $0.14 a share.</p>
<p>------------------------------------</p>
<p>    AT&amp;T CORP				 off 7/8 to 32-7/8</p>
<p>Shares lower in afternoon trading after the telephone giant reported weak Q1 EPS of $0.69 a share compared with $0.85. Although the earnings matched analysts' expectations, the company said it expects slightly weaker second quarter results. Merrill Lynch cut 1997 and 1998 profit estimates and other analysts polled said they planned to do the same.</p>
<p>-------------------</p>
<p>    EMC CORP		   down 1-1/4 to 33-1/8</p>
<p>Shares slipped after the company posted Q1 EPS of $0.44 a share versus $0.35 last year after the market close on Friday.  </p>
<p>-------------------------</p>
<p>    HUTCHINSON TECHNOLOGY INC   falls 5-1/2 to 26-3/8</p>
<p>Stock more than 17 percent after the company posted better than expected second quarter earnings but said it was behind in its plan to expend capacity to make TSA suspensions.</p>
<p>Company earned $0.91 a share, better than estimates of $0.88 a share, compared to $0.26 in the year-ago quarter. The second fiscal quarter ended March 30, 1997.</p>
<p>------------------------  </p>
<p>    ELLETT BROTHERS INC	up 3/4 to 5-1/4</p>
<p>Shares rise more than 16 percent after the outdoor sporting goods wholesaler posted first quarter earnings rose to $0.08 compared to $0.07 last year. Sales eked higher to $36.8 million from $36.7 million.</p>
<p>---------------------</p>
<p>    REYNOLDS &amp; REYNOLDS CO    fell 2-1/2 to 20</p>
<p>Maker of business forms for auto dealers, office products dealer, slipped ten percent after the company said it earned $0.31 a share for the fiscal second quarter ended March 31, a penny shy of estimates. The company earned to $0.27 in the year-ago period. Sales higher, jumping to $354.2 million from $257.0 million last year.</p>
</text>
<copyright>(c) Reuters Limited 1997</copyright>
<metadata>
<codes class="bip:countries:1.0">
  <code code="USA">
    <editdetail attribution="Reuters BIP Coding Group" action="confirmed" date="1997-04-21"/>
  </code>
</codes>
<codes class="bip:industries:1.0">
  <code code="I33020">
    <editdetail attribution="Reuters BIP Coding Group" action="confirmed" date="1997-04-21"/>
  </code>
  <code code="I3302003">
    <editdetail attribution="Reuters BIP Coding Group" action="confirmed" date="1997-04-21"/>
  </code>
  <code code="I3302019">
    <editdetail attribution="Reuters BIP Coding Group" action="confirmed" date="1997-04-21"/>
  </code>
  <code code="I47500">
    <editdetail attribution="Reuters BIP Coding Group" action="confirmed" date="1997-04-21"/>
  </code>
  <code code="I65400">
    <editdetail attribution="Reuters BIP Coding Group" action="confirmed" date="1997-04-21"/>
  </code>
  <code code="I79020">
    <editdetail attribution="Reuters BIP Coding Group" action="confirmed" date="1997-04-21"/>
  </code>
</codes>
<codes class="bip:topics:1.0">
  <code code="C15">
    <editdetail attribution="Reuters BIP Coding Group" action="confirmed" date="1997-04-21"/>
  </code>
  <code code="C151">
    <editdetail attribution="Reuters BIP Coding Group" action="confirmed" date="1997-04-21"/>
  </code>
  <code code="C152">
    <editdetail attribution="Reuters BIP Coding Group" action="confirmed" date="1997-04-21"/>
  </code>
  <code code="CCAT">
    <editdetail attribution="Reuters BIP Coding Group" action="confirmed" date="1997-04-21"/>
  </code>
</codes>
<dc element="dc.publisher" value="Reuters Holdings Plc"/>
<dc element="dc.date.published" value="1997-04-21"/>
<dc element="dc.source" value="Reuters"/>
<dc element="dc.creator.location.country.name" value="USA"/>
<dc element="dc.source" value="Reuters"/>
</metadata>
</newsitem>
