<?xml version="1.0" encoding="iso-8859-1" ?>
<newsitem itemid="523438" id="root" date="1997-04-21" xml:lang="en">
<title>USA: Goodyear resumes some output at strikebound plants.</title>
<headline>Goodyear resumes some output at strikebound plants.</headline>
<byline>David Lawder</byline>
<dateline>DETROIT 1997-04-21</dateline>
<text>
<p>Goodyear Tire &amp; Rubber Co. resumed limited production at nine strikebound plants Monday in an effort to keep tire supplies flowing to automakers as negotiators attempted to resolve the dispute.</p>
<p>&quot;We are continuing to produce. We cannot maintain it at the rate we would be able to if we had a full complement of workers,&quot; said Goodyear spokesman John Perduyn.</p>
<p>About 13,000 members of the United Steelworkers of America walked off their jobs just after midnight Sunday in the first strike in 21 years at the largest U.S. tiremaker.</p>
<p>Goodyear was chosen as the union's negotiating target to set the industry pattern for a new three-year labor contract, and two months of negotiations failed to produce an agreement.</p>
<p>Detroit's Big Three automakers Monday were assessing their inventories of Goodyear products and whether they needed to make arrangements with other manufacturers.</p>
<p>&quot;We don't expect to have any immediate impact because we have a reasonable supply of Goodyear products on hand,&quot; said General Motors Corp. spokesman Daniel Jankowski.</p>
<p>GM, the world's largest automaker, currently buys about 30 percent of the tires used in its North American vehicles from Goodyear, but it could quickly shift to other manufacturers in order to keep assembly lines rolling, Jankowski said.</p>
<p>Ford Motor Co. spokeswoman Cheryl Eberwein said the company has not yet been affected by the strike, but will assess the situation day by day. She added that Ford buys a number of other rubber products from Goodyear, including hoses and engine mounts.</p>
<p>Chrysler Corp said it had enough tires to keep most of its still-operating plants running for about three weeks. The automaker has idled six assembly plants in the United States, Canada and Mexico because of a separate dispute at its Mound Road engine plant in Detroit.</p>
<p>Talks between Goodyear and the United Steelworkers resumed Monday morning in Cincinnati with only a portion of the full negotiating committees taking part. The talks were adjourned Monday night and were slated to resume Tuesday morning.</p>
<p>&quot;We just know that they're continuing to talk, Perduyn said.</p>
<p>The workers struck Goodyear plants in Akron, Marysville, and St. Marys, Ohio; Gadsden, Ala.; Lincoln, Neb.; Topeka, Kan.; Danville, Va.; Union City, Tenn.; and Sun Prairie, Wis.</p>
<p>Issues in dispute include job security, contracting out work, contract revisions and certain partnership arrangements, said the union.</p>
<p>The strike was the first to hit Goodyear since a 140-day-long work stoppage that paralyzed the tire industry in 1976.</p>
<p>Goodyear employs 91,000 people at dozens of plants around the world. It stock fell 25 cents to $52 Monday in consolidated trading on the New York Stock Exchange.</p>
</text>
<copyright>(c) Reuters Limited 1997</copyright>
<metadata>
<codes class="bip:countries:1.0">
  <code code="USA">
    <editdetail attribution="Reuters BIP Coding Group" action="confirmed" date="1997-04-21"/>
  </code>
</codes>
<codes class="bip:industries:1.0">
  <code code="I48100">
    <editdetail attribution="Reuters BIP Coding Group" action="confirmed" date="1997-04-21"/>
  </code>
</codes>
<codes class="bip:topics:1.0">
  <code code="C21">
    <editdetail attribution="Reuters BIP Coding Group" action="confirmed" date="1997-04-21"/>
  </code>
  <code code="C42">
    <editdetail attribution="Reuters BIP Coding Group" action="confirmed" date="1997-04-21"/>
  </code>
  <code code="CCAT">
    <editdetail attribution="Reuters BIP Coding Group" action="confirmed" date="1997-04-21"/>
  </code>
  <code code="E41">
    <editdetail attribution="Reuters BIP Coding Group" action="confirmed" date="1997-04-21"/>
  </code>
  <code code="ECAT">
    <editdetail attribution="Reuters BIP Coding Group" action="confirmed" date="1997-04-21"/>
  </code>
  <code code="GCAT">
    <editdetail attribution="Reuters BIP Coding Group" action="confirmed" date="1997-04-21"/>
  </code>
  <code code="GJOB">
    <editdetail attribution="Reuters BIP Coding Group" action="confirmed" date="1997-04-21"/>
  </code>
</codes>
<dc element="dc.date.created" value="1997-04-21"/>
<dc element="dc.publisher" value="Reuters Holdings Plc"/>
<dc element="dc.date.published" value="1997-04-21"/>
<dc element="dc.source" value="Reuters"/>
<dc element="dc.creator.location" value="DETROIT"/>
<dc element="dc.creator.location.country.name" value="USA"/>
<dc element="dc.source" value="Reuters"/>
</metadata>
</newsitem>
