<?xml version="1.0" encoding="iso-8859-1" ?>
<newsitem itemid="523551" id="root" date="1997-04-21" xml:lang="en">
<title>USA: Independence Federal Q1 shr rises.</title>
<headline>Independence Federal Q1 shr rises.</headline>
<dateline>WASHINGTON 1997-04-21</dateline>
<text>
<p>1997			 1996</p>
<p> Shr			  $0.23		    $0.17</p>
<p> Net			    297			216</p>
<p>	 (All Data Above 000s Except Per Share Numbers)</p>
<p>NOTE: The company's full name is Independence Federal Savings Bank.</p>
<p>As of March 31, 1997, the company's total assets were $263 million, as compared with $264 million on March 31, 1996.</p>
</text>
<copyright>(c) Reuters Limited 1997</copyright>
<metadata>
<codes class="bip:countries:1.0">
  <code code="USA">
    <editdetail attribution="Reuters BIP Coding Group" action="confirmed" date="1997-04-21"/>
  </code>
</codes>
<codes class="bip:topics:1.0">
  <code code="C15">
    <editdetail attribution="Reuters BIP Coding Group" action="confirmed" date="1997-04-21"/>
  </code>
  <code code="C151">
    <editdetail attribution="Reuters BIP Coding Group" action="confirmed" date="1997-04-21"/>
  </code>
  <code code="CCAT">
    <editdetail attribution="Reuters BIP Coding Group" action="confirmed" date="1997-04-21"/>
  </code>
</codes>
<dc element="dc.date.created" value="1997-04-21"/>
<dc element="dc.publisher" value="Reuters Holdings Plc"/>
<dc element="dc.date.published" value="1997-04-21"/>
<dc element="dc.source" value="Reuters"/>
<dc element="dc.creator.location" value="WASHINGTON"/>
<dc element="dc.creator.location.country.name" value="USA"/>
<dc element="dc.source" value="Reuters"/>
</metadata>
</newsitem>
