<?xml version="1.0" encoding="iso-8859-1" ?>
<newsitem itemid="523579" id="root" date="1997-04-21" xml:lang="en">
<title>USA: GM unit wins FAA contract worth up to $100mln.</title>
<headline>GM unit wins FAA contract worth up to $100mln.</headline>
<dateline>WASHINGTON 1997-04-21</dateline>
<text>
<p>The Federal Aviation Administration on Monday awarded an air traffic control modernization contract to a unit of General Motors Corp. that could be worth up to $100 million.</p>
<p>Hughes Information Technology Systems, based in Upper Marlboro, Maryland, was awarded the contract. The unit is part of the Hughes Aircraft Co., which is part of Hughes Electronics Corp., a wholly owned GM company.</p>
<p>The FAA said the contract was for $40 million, with two two-year options of $30 million each.</p>
<p>It said the Hughes unit would provide technical integration of the National Airspace System Infrastructure Management System (MIMS) to increase the productivity of the agency's 30,000-plus facilities and pieces of equipment coast-to-coast.</p>
<p>The FAA said the centralized management system would consolidate previously separate efforts and result in greater management efficiency and budget savings.</p>
</text>
<copyright>(c) Reuters Limited 1997</copyright>
<metadata>
<codes class="bip:countries:1.0">
  <code code="USA">
    <editdetail attribution="Reuters BIP Coding Group" action="confirmed" date="1997-04-21"/>
  </code>
</codes>
<codes class="bip:industries:1.0">
  <code code="I34430">
    <editdetail attribution="Reuters BIP Coding Group" action="confirmed" date="1997-04-21"/>
  </code>
  <code code="I35101">
    <editdetail attribution="Reuters BIP Coding Group" action="confirmed" date="1997-04-21"/>
  </code>
</codes>
<codes class="bip:topics:1.0">
  <code code="C33">
    <editdetail attribution="Reuters BIP Coding Group" action="confirmed" date="1997-04-21"/>
  </code>
  <code code="CCAT">
    <editdetail attribution="Reuters BIP Coding Group" action="confirmed" date="1997-04-21"/>
  </code>
</codes>
<dc element="dc.date.created" value="1997-04-21"/>
<dc element="dc.publisher" value="Reuters Holdings Plc"/>
<dc element="dc.date.published" value="1997-04-21"/>
<dc element="dc.source" value="Reuters"/>
<dc element="dc.creator.location" value="WASHINGTON"/>
<dc element="dc.creator.location.country.name" value="USA"/>
<dc element="dc.source" value="Reuters"/>
</metadata>
</newsitem>
