<?xml version="1.0" encoding="iso-8859-1" ?>
<newsitem itemid="523507" id="root" date="1997-04-21" xml:lang="en">
<title>USA: Toreador CEO resigns, board oks buyback.</title>
<headline>Toreador CEO resigns, board oks buyback.</headline>
<dateline>DALLAS 1997-04-21</dateline>
<text>
<p>Toreador Royalty Corp said Monday that Peter Vig, its chairman and chief executive, had resigned to become a managing director of Tiger Management LLC, an investment management firm in New York City.</p>
<p>The company said John Mark McLaughlin, a Toreador director, was named chairman and president, and said Vig would remain a Toreador director.</p>
<p>Additionally, the company said Donald August had also resigned as a company director.</p>
<p>The board also announced the authorization of a 300,000 share repurchase plan.</p>
<p>Toreador owns more than 530,000 net mineral acres primarily in Texas and owns working or royalty interests in Texas, New Mexico, Oklahoma, Arkansas and Louisiana.</p>
</text>
<copyright>(c) Reuters Limited 1997</copyright>
<metadata>
<codes class="bip:countries:1.0">
  <code code="USA">
    <editdetail attribution="Reuters BIP Coding Group" action="confirmed" date="1997-04-21"/>
  </code>
</codes>
<codes class="bip:industries:1.0">
  <code code="I13000">
    <editdetail attribution="Reuters BIP Coding Group" action="confirmed" date="1997-04-21"/>
  </code>
  <code code="I1300003">
    <editdetail attribution="Reuters BIP Coding Group" action="confirmed" date="1997-04-21"/>
  </code>
  <code code="I83100">
    <editdetail attribution="Reuters BIP Coding Group" action="confirmed" date="1997-04-21"/>
  </code>
</codes>
<codes class="bip:topics:1.0">
  <code code="C41">
    <editdetail attribution="Reuters BIP Coding Group" action="confirmed" date="1997-04-21"/>
  </code>
  <code code="C411">
    <editdetail attribution="Reuters BIP Coding Group" action="confirmed" date="1997-04-21"/>
  </code>
  <code code="CCAT">
    <editdetail attribution="Reuters BIP Coding Group" action="confirmed" date="1997-04-21"/>
  </code>
</codes>
<dc element="dc.date.created" value="1997-04-21"/>
<dc element="dc.publisher" value="Reuters Holdings Plc"/>
<dc element="dc.date.published" value="1997-04-21"/>
<dc element="dc.source" value="Reuters"/>
<dc element="dc.creator.location" value="DALLAS"/>
<dc element="dc.creator.location.country.name" value="USA"/>
<dc element="dc.source" value="Reuters"/>
</metadata>
</newsitem>
