<?xml version="1.0" encoding="iso-8859-1" ?>
<newsitem itemid="523593" id="root" date="1997-04-21" xml:lang="en">
<title>USA: Uni-Marts Inc to suspend dividend.</title>
<headline>Uni-Marts Inc to suspend dividend.</headline>
<dateline>STATE COLLEGE 1997-04-21</dateline>
<text>
<p>Uni-Marts Inc said Monday that because of disappointing operating results, it will temporarily suspend its regular quarterly dividend, which is $0.03 per share, effective for the quarter ending July 3.</p>
<p>The company said the dividend will be considered for reinstatement upon the company's return to profitability.</p>
<p>In the second quarter, ended April 3, the compay reported a loss of $0.15 a share, versus earnings of $0.04 a share in the year-earlier period.</p>
<p>The company said that costs associated with expansion, plus lower-than-expected revenues, depressed earnings. To improve results, the company said it is embarking upon an expanded advertising and promotional program, reevaluating the staffing of its branded fast-food installations, and making changes to improve the labor efficiences within those operations.</p>
<p>Uni-Mart operates 398 convenience stores in Pennsylvania, Virginia, New York, New Jersey Delaware and Maryland. Self-service gasoline is offered at 300 locations.</p>
</text>
<copyright>(c) Reuters Limited 1997</copyright>
<metadata>
<codes class="bip:countries:1.0">
  <code code="USA">
    <editdetail attribution="Reuters BIP Coding Group" action="confirmed" date="1997-04-21"/>
  </code>
</codes>
<codes class="bip:industries:1.0">
  <code code="I64100">
    <editdetail attribution="Reuters BIP Coding Group" action="confirmed" date="1997-04-21"/>
  </code>
</codes>
<codes class="bip:topics:1.0">
  <code code="C15">
    <editdetail attribution="Reuters BIP Coding Group" action="confirmed" date="1997-04-21"/>
  </code>
  <code code="C151">
    <editdetail attribution="Reuters BIP Coding Group" action="confirmed" date="1997-04-21"/>
  </code>
  <code code="CCAT">
    <editdetail attribution="Reuters BIP Coding Group" action="confirmed" date="1997-04-21"/>
  </code>
</codes>
<dc element="dc.date.created" value="1997-04-21"/>
<dc element="dc.publisher" value="Reuters Holdings Plc"/>
<dc element="dc.date.published" value="1997-04-21"/>
<dc element="dc.source" value="Reuters"/>
<dc element="dc.creator.location" value="STATE COLLEGE"/>
<dc element="dc.creator.location.country.name" value="USA"/>
<dc element="dc.source" value="Reuters"/>
</metadata>
</newsitem>
