<?xml version="1.0" encoding="iso-8859-1" ?>
<newsitem itemid="523587" id="root" date="1997-04-21" xml:lang="en">
<title>USA: Wonderware Corp Q1 net declines.</title>
<headline>Wonderware Corp Q1 net declines.</headline>
<dateline>IRVINE, Calif. 1997-04-21</dateline>
<text>
<p>Three months ended</p>
<p>						  March 31,</p>
<p>						    1997	     1996</p>
<p> Total revenues			$18,303,408     $15,922,876</p>
<p> Cost of sales			   1,152,758	 1,029,037</p>
<p>  Gross profit			  17,150,650	14,893,839</p>
<p>Operating expenses:</p>
<p> Research and development	    4,655,572	 4,133,667</p>
<p> Selling, general and		 12,943,162	 9,157,121</p>
<p>administrative</p>
<p>  Operating income (loss)	    (448,084)	 1,603,051</p>
<p> Other income, net			 546,846	   664,810</p>
<p>  Income before provision for	   98,762	 2,267,861</p>
<p>income taxes</p>
<p> Provision for income taxes	     27,160	   771,192</p>
<p>  Net income				  71,602	 1,496,669</p>
<p>Net income per common and</p>
<p>  common equivalent share		   0.01		0.11</p>
<p>Weighted average common and</p>
<p>  common equivalent shares	  14,214,689	14,022,459</p>
</text>
<copyright>(c) Reuters Limited 1997</copyright>
<metadata>
<codes class="bip:countries:1.0">
  <code code="USA">
    <editdetail attribution="Reuters BIP Coding Group" action="confirmed" date="1997-04-21"/>
  </code>
</codes>
<codes class="bip:industries:1.0">
  <code code="I33020">
    <editdetail attribution="Reuters BIP Coding Group" action="confirmed" date="1997-04-21"/>
  </code>
  <code code="I3302021">
    <editdetail attribution="Reuters BIP Coding Group" action="confirmed" date="1997-04-21"/>
  </code>
</codes>
<codes class="bip:topics:1.0">
  <code code="C15">
    <editdetail attribution="Reuters BIP Coding Group" action="confirmed" date="1997-04-21"/>
  </code>
  <code code="C151">
    <editdetail attribution="Reuters BIP Coding Group" action="confirmed" date="1997-04-21"/>
  </code>
  <code code="CCAT">
    <editdetail attribution="Reuters BIP Coding Group" action="confirmed" date="1997-04-21"/>
  </code>
</codes>
<dc element="dc.date.created" value="1997-04-21"/>
<dc element="dc.publisher" value="Reuters Holdings Plc"/>
<dc element="dc.date.published" value="1997-04-21"/>
<dc element="dc.source" value="Reuters"/>
<dc element="dc.creator.location" value="IRVINE, Calif."/>
<dc element="dc.creator.location.country.name" value="USA"/>
<dc element="dc.source" value="Reuters"/>
</metadata>
</newsitem>
