<?xml version="1.0" encoding="iso-8859-1" ?>
<newsitem itemid="523568" id="root" date="1997-04-21" xml:lang="en">
<title>USA: Waters Corp Q1 share gains by 46 percent.</title>
<headline>Waters Corp Q1 share gains by 46 percent.</headline>
<dateline>MILFORD, Mass. 1997-04-21</dateline>
<text>
<p>(Unaudited)</p>
<p>					    Three Months Ended March 31</p>
<p>							   1997	 1996</p>
<p> Net sales					  102,431     85,313</p>
<p> Cost of sales				     37,765     32,114</p>
<p>    Gross profit				   64,666     53,199</p>
<p>Selling, general and administrative</p>
<p>  expenses					   39,076     33,429</p>
<p> Research and development expenses	    5,786	4,668</p>
<p>Goodwill and purchased technology  </p>
<p>  amortization					1,357	  931</p>
<p>   Operating income				18,447     14,171</p>
<p> Interest expense, net			    3,024	3,954</p>
<p>Income from continuing operations</p>
<p>    before income taxes			  15,423     10,217</p>
<p> Provision for income taxes		     3,085	2,042</p>
<p>   Income from continuing operations	 12,338	8,175</p>
<p>Less: preferred stock dividend and</p>
<p>  accretion					     234	  229</p>
<p>Net income available to common</p>
<p>    stockholders				   12,104	7,946</p>
<p>   Income per common share			 0.38	 0.26</p>
<p>Weighted average common shares and   equivalents					31,867     30,925</p>
<p>		     (In thousands, except per share data)</p>
</text>
<copyright>(c) Reuters Limited 1997</copyright>
<metadata>
<codes class="bip:countries:1.0">
  <code code="USA">
    <editdetail attribution="Reuters BIP Coding Group" action="confirmed" date="1997-04-21"/>
  </code>
</codes>
<codes class="bip:industries:1.0">
  <code code="I37000">
    <editdetail attribution="Reuters BIP Coding Group" action="confirmed" date="1997-04-21"/>
  </code>
</codes>
<codes class="bip:topics:1.0">
  <code code="C15">
    <editdetail attribution="Reuters BIP Coding Group" action="confirmed" date="1997-04-21"/>
  </code>
  <code code="C151">
    <editdetail attribution="Reuters BIP Coding Group" action="confirmed" date="1997-04-21"/>
  </code>
  <code code="CCAT">
    <editdetail attribution="Reuters BIP Coding Group" action="confirmed" date="1997-04-21"/>
  </code>
</codes>
<dc element="dc.date.created" value="1997-04-21"/>
<dc element="dc.publisher" value="Reuters Holdings Plc"/>
<dc element="dc.date.published" value="1997-04-21"/>
<dc element="dc.source" value="Reuters"/>
<dc element="dc.creator.location" value="MILFORD, Mass."/>
<dc element="dc.creator.location.country.name" value="USA"/>
<dc element="dc.source" value="Reuters"/>
</metadata>
</newsitem>
