<?xml version="1.0" encoding="iso-8859-1" ?>
<newsitem itemid="523576" id="root" date="1997-04-21" xml:lang="en">
<title>USA: Florsheim tender wins majority of consents.</title>
<headline>Florsheim tender wins majority of consents.</headline>
<dateline>CHICAGO 1997-04-21</dateline>
<text>
<p>Florsheim Group Inc on Monday said as of midnight April 18 holders of more than a majority of its outstanding 12-3/4 percent senior notes due 2002 had tendered notes and consents in connection with the company's March 31 cash solicitation.</p>
<p>As a result, the company and trustee under the indenture relating to the notes executed and delivered a supplemental indenture containing the amendments described in the company's offer.</p>
<p>The amendments will not become operative unless the notes are accepted for purchase in keeping with terms of the offer.</p>
<p>As previously reported, the shoe retailer's tender offer expires April 25 at midnight EDT.</p>
<p>	  ((Chicago Newsdesk (312) 408-8787))</p>
</text>
<copyright>(c) Reuters Limited 1997</copyright>
<metadata>
<codes class="bip:countries:1.0">
  <code code="USA">
    <editdetail attribution="Reuters BIP Coding Group" action="confirmed" date="1997-04-21"/>
  </code>
</codes>
<codes class="bip:industries:1.0">
  <code code="I45100">
    <editdetail attribution="Reuters BIP Coding Group" action="confirmed" date="1997-04-21"/>
  </code>
</codes>
<codes class="bip:topics:1.0">
  <code code="C17">
    <editdetail attribution="Reuters BIP Coding Group" action="confirmed" date="1997-04-21"/>
  </code>
  <code code="C172">
    <editdetail attribution="Reuters BIP Coding Group" action="confirmed" date="1997-04-21"/>
  </code>
  <code code="CCAT">
    <editdetail attribution="Reuters BIP Coding Group" action="confirmed" date="1997-04-21"/>
  </code>
</codes>
<dc element="dc.date.created" value="1997-04-21"/>
<dc element="dc.publisher" value="Reuters Holdings Plc"/>
<dc element="dc.date.published" value="1997-04-21"/>
<dc element="dc.source" value="Reuters"/>
<dc element="dc.creator.location" value="CHICAGO"/>
<dc element="dc.creator.location.country.name" value="USA"/>
<dc element="dc.source" value="Reuters"/>
</metadata>
</newsitem>
