<?xml version="1.0" encoding="iso-8859-1" ?>
<newsitem itemid="523530" id="root" date="1997-04-21" xml:lang="en">
<title>USA: WMX Technologies Inc Q1 oper net up. [CORRECTED 22:29 GMT]</title>
<headline>WMX Technologies Inc Q1 oper net up. [CORRECTED 22:29 GMT]</headline>
<dateline>OAK BROOK, Ill. 1997-04-21</dateline>
<text>
<p>(Corrects by reversing  the 1996 and 1997 results.)</p>
<p>				1997			1996</p>
<p> Oper shr		    $0.37		    $0.37</p>
<p> Oper net		  178,412		  180,179</p>
<p> Revs		    2,198,308		2,144,479</p>
<p> Avg shrs		  484,719		  489,913</p>
<p>(All Data Above 000s Except Per Share Numbers)</p>
<p>NOTE: 1997 Q1 net and shr exclude income from discontinued operations of $4.99 million, or $0.01 per share.</p>
<p>((--Chicago Newsdesk 312-408-8787))</p>
</text>
<copyright>(c) Reuters Limited 1997</copyright>
<metadata>
<codes class="bip:countries:1.0">
  <code code="USA">
    <editdetail attribution="Reuters BIP Coding Group" action="confirmed" date="1997-04-21"/>
  </code>
</codes>
<codes class="bip:industries:1.0">
  <code code="I92110">
    <editdetail attribution="Reuters BIP Coding Group" action="confirmed" date="1997-04-21"/>
  </code>
</codes>
<codes class="bip:topics:1.0">
  <code code="C15">
    <editdetail attribution="Reuters BIP Coding Group" action="confirmed" date="1997-04-21"/>
  </code>
  <code code="C151">
    <editdetail attribution="Reuters BIP Coding Group" action="confirmed" date="1997-04-21"/>
  </code>
  <code code="CCAT">
    <editdetail attribution="Reuters BIP Coding Group" action="confirmed" date="1997-04-21"/>
  </code>
</codes>
<dc element="dc.date.created" value="1997-04-21"/>
<dc element="dc.publisher" value="Reuters Holdings Plc"/>
<dc element="dc.date.published" value="1997-04-21"/>
<dc element="dc.source" value="Reuters"/>
<dc element="dc.creator.location" value="OAK BROOK, Ill."/>
<dc element="dc.creator.location.country.name" value="USA"/>
<dc element="dc.source" value="Reuters"/>
</metadata>
</newsitem>
