<?xml version="1.0" encoding="iso-8859-1" ?>
<newsitem itemid="523546" id="root" date="1997-04-21" xml:lang="en">
<title>USA: Source Capital Corp Q1 net rises.</title>
<headline>Source Capital Corp Q1 net rises.</headline>
<dateline>SPOKANE, Wash. 1997-04-21</dateline>
<text>
<p>Quarter ended March 31,</p>
<p>						1997		1996</p>
<p>Revenues:</p>
<p>  Interest and rent income	$1,051,374	 $710,476</p>
<p>  Interest expense		    (394,922)	(195,751)</p>
<p>    Net interest and rent	    656,452	  514,725</p>
<p>Gain on sale of investments,</p>
<p>    loans, and real estate				 16,745</p>
<p>Non-interest expense:</p>
<p>Employee compensation</p>
<p>	  and benefits		   243,429	  182,667</p>
<p>    Other expenses		     164,848	  135,516</p>
<p>    Total non-interest expenses    408,277	  318,183</p>
<p>Income before income taxes	   248,175	  213,287</p>
<p>Income tax (provision)		 (84,500)	 (75,725)</p>
<p>	Net income		   $   163,675     $  137,562</p>
<p>Net income per common share	     $.12	     $.10</p>
<p>Weighted average number of common share</p>
<p>   equivalents outstanding	 1,392,677	1,443,292</p>
</text>
<copyright>(c) Reuters Limited 1997</copyright>
<metadata>
<codes class="bip:countries:1.0">
  <code code="USA">
    <editdetail attribution="Reuters BIP Coding Group" action="confirmed" date="1997-04-21"/>
  </code>
</codes>
<codes class="bip:industries:1.0">
  <code code="I81502">
    <editdetail attribution="Reuters BIP Coding Group" action="confirmed" date="1997-04-21"/>
  </code>
  <code code="I8150206">
    <editdetail attribution="Reuters BIP Coding Group" action="confirmed" date="1997-04-21"/>
  </code>
</codes>
<codes class="bip:topics:1.0">
  <code code="C15">
    <editdetail attribution="Reuters BIP Coding Group" action="confirmed" date="1997-04-21"/>
  </code>
  <code code="C151">
    <editdetail attribution="Reuters BIP Coding Group" action="confirmed" date="1997-04-21"/>
  </code>
  <code code="CCAT">
    <editdetail attribution="Reuters BIP Coding Group" action="confirmed" date="1997-04-21"/>
  </code>
</codes>
<dc element="dc.date.created" value="1997-04-21"/>
<dc element="dc.publisher" value="Reuters Holdings Plc"/>
<dc element="dc.date.published" value="1997-04-21"/>
<dc element="dc.source" value="Reuters"/>
<dc element="dc.creator.location" value="SPOKANE, Wash."/>
<dc element="dc.creator.location.country.name" value="USA"/>
<dc element="dc.source" value="Reuters"/>
</metadata>
</newsitem>
