<?xml version="1.0" encoding="iso-8859-1" ?>
<newsitem itemid="523535" id="root" date="1997-04-21" xml:lang="en">
<title>USA: U.S. SDR rate moved to 1.37341.</title>
<headline>U.S. SDR rate moved to 1.37341.</headline>
<dateline>WASHINGTON 1997-04-21</dateline>
<text>
<p>The International Monetary Fund said the exchange value of the U.S. dollar against the SDR was 1.37341, versus 1.36965 Friday and 1.20635 on July 1, 1974.</p>
<p>Other currency values against the SDR today (July 1, 1974 rates in parentheses) were.</p>
<p> Deutsche Mark     2.34139   (3.06809)</p>
<p> French Franc	7.89244   (5.82126)</p>
<p> Japanese Yen	172.020   (343.773)</p>
<p> Pounds Sterling   0.841292   (0.505474)</p>
<p> Australian Dlr    1.76917   (0.809889)</p>
<p> Aust Schilling    16.4754   (22.0097)</p>
<p> Belgian Franc     48.2616   (45.9249)</p>
<p> Canadian Dlr	  n/a     (1.16295)</p>
<p> Danish Kroner     8.91274   (7.23304)</p>
<p> Indonesian Rupiah 3320.91   (501.291)</p>
<p> Iranian Rial	  n/a     (81.6734)</p>
<p> Italian Lire	2320.76   (779.746)</p>
<p> Kuwait Dinar	0.416830   (0.351685)</p>
<p> Dutch Guilder     2.63118   (3.20316)</p>
<p> Norwegian Kroner  9.65027   (6.59386)</p>
<p> Saudi Arab Riyal  5.14342   (4.25788)</p>
<p> S.A. Rand	   6.10824   (0.80200)</p>
<p> Spanish Peseta    197.702   (69.0742)</p>
<p> Swedish Kronor    10.4791   (5.31489)</p>
<p> Swiss Franc	 1.99502   (3.19548)</p>
<p> U.A.E. Dirham     5.04179   (4.76057)</p>
<p>S.A. Rand July 2, Australian Dlr Aug 1, Canadian Dlr July 2, Indonesian Rupiah July 19, Iranian Rial July 22, Saudi Riyal Aug 9, all 1974. Swiss Franc Sept 16, 1975.</p>
</text>
<copyright>(c) Reuters Limited 1997</copyright>
<metadata>
<codes class="bip:countries:1.0">
  <code code="USA">
    <editdetail attribution="Reuters BIP Coding Group" action="confirmed" date="1997-04-21"/>
  </code>
</codes>
<codes class="bip:topics:1.0">
  <code code="M13">
    <editdetail attribution="Reuters BIP Coding Group" action="confirmed" date="1997-04-21"/>
  </code>
  <code code="M132">
    <editdetail attribution="Reuters BIP Coding Group" action="confirmed" date="1997-04-21"/>
  </code>
  <code code="MCAT">
    <editdetail attribution="Reuters BIP Coding Group" action="confirmed" date="1997-04-21"/>
  </code>
</codes>
<dc element="dc.date.created" value="1997-04-21"/>
<dc element="dc.publisher" value="Reuters Holdings Plc"/>
<dc element="dc.date.published" value="1997-04-21"/>
<dc element="dc.source" value="Reuters"/>
<dc element="dc.creator.location" value="WASHINGTON"/>
<dc element="dc.creator.location.country.name" value="USA"/>
<dc element="dc.source" value="Reuters"/>
</metadata>
</newsitem>
