<?xml version="1.0" encoding="iso-8859-1" ?>
<newsitem itemid="523561" id="root" date="1997-04-21" xml:lang="en">
<title>USA: Fort Howard Corp Q1 full results.</title>
<headline>Fort Howard Corp Q1 full results.</headline>
<dateline>GREEN BAY, Wis. 1997-04-21</dateline>
<text>
<p>Three Months Ended</p>
<p>							 March 31,</p>
<p>						    1997		1996</p>
<p> Net sales				   $400,759	 $385,747</p>
<p> Cost of sales				229,040	  238,369</p>
<p> Gross income				 171,719	  147,378</p>
<p> S/G/A					   33,482	   33,175</p>
<p> Operating income			   138,237	  114,203</p>
<p> Interest expense			    57,862	   70,773</p>
<p> Other expense, net			     780		563</p>
<p> Income before taxes			 79,595	   42,867</p>
<p> Income tax expense			  29,848	   15,927</p>
<p> Income before extraordinary item	49,747	   26,940</p>
<p>Extraordinary item - loss on</p>
<p>    debt repurchases, net		 (1,327)		 --</p>
<p> Net income				    48,420	   26,940</p>
<p>Net income per share:</p>
<p>   Before extraordinary item		 0.67	     0.43</p>
<p>   Extraordinary item			(0.02)		 --</p>
<p>   Net income				    0.65	     0.43</p>
<p> Average shares outstanding		74,531	   63,372</p>
<p>(In thousands, except per share amounts)</p>
<p>((Chicago newsdesk (312) 408-8787))</p>
</text>
<copyright>(c) Reuters Limited 1997</copyright>
<metadata>
<codes class="bip:countries:1.0">
  <code code="USA">
    <editdetail attribution="Reuters BIP Coding Group" action="confirmed" date="1997-04-21"/>
  </code>
</codes>
<codes class="bip:industries:1.0">
  <code code="I47100">
    <editdetail attribution="Reuters BIP Coding Group" action="confirmed" date="1997-04-21"/>
  </code>
</codes>
<codes class="bip:topics:1.0">
  <code code="C15">
    <editdetail attribution="Reuters BIP Coding Group" action="confirmed" date="1997-04-21"/>
  </code>
  <code code="C151">
    <editdetail attribution="Reuters BIP Coding Group" action="confirmed" date="1997-04-21"/>
  </code>
  <code code="CCAT">
    <editdetail attribution="Reuters BIP Coding Group" action="confirmed" date="1997-04-21"/>
  </code>
</codes>
<dc element="dc.date.created" value="1997-04-21"/>
<dc element="dc.publisher" value="Reuters Holdings Plc"/>
<dc element="dc.date.published" value="1997-04-21"/>
<dc element="dc.source" value="Reuters"/>
<dc element="dc.creator.location" value="GREEN BAY, Wis."/>
<dc element="dc.creator.location.country.name" value="USA"/>
<dc element="dc.source" value="Reuters"/>
</metadata>
</newsitem>
