<?xml version="1.0" encoding="iso-8859-1" ?>
<newsitem itemid="523602" id="root" date="1997-04-21" xml:lang="en">
<title>USA: American Business Q3 net profit vs gain.</title>
<headline>American Business Q3 net profit vs gain.</headline>
<dateline>BALA CYNWYD, Pa. 1997-04-21</dateline>
<text>
<p>Three Months Ended	  Nine Months Ended</p>
<p>			     March 31		    March 31</p>
<p>			    1997	 1996	  1997	 1996</p>
<p> REVENUES	  $9,141,210   $927,789 $20,047,001 $6,429,532</p>
<p>NET INCOME (LOSS)</p>
<p>			2,150,249  (637,649)   4,450,577    665,357</p>
<p>NET INCOME (LOSS)</p>
<p>  PER SHARE		 .70	(.27)	  1.67	  .29</p>
<p>WEIGHTED AVERAGE</p>
<p>NUMBER OF SHARES</p>
<p>  OUTSTANDING     3,068,885  2,353,166   2,667,996  2,278,160</p>
<p>NOTE: The full company name is American Business Financial Services Inc.</p>
</text>
<copyright>(c) Reuters Limited 1997</copyright>
<metadata>
<codes class="bip:countries:1.0">
  <code code="USA">
    <editdetail attribution="Reuters BIP Coding Group" action="confirmed" date="1997-04-21"/>
  </code>
</codes>
<codes class="bip:topics:1.0">
  <code code="C15">
    <editdetail attribution="Reuters BIP Coding Group" action="confirmed" date="1997-04-21"/>
  </code>
  <code code="C151">
    <editdetail attribution="Reuters BIP Coding Group" action="confirmed" date="1997-04-21"/>
  </code>
  <code code="CCAT">
    <editdetail attribution="Reuters BIP Coding Group" action="confirmed" date="1997-04-21"/>
  </code>
</codes>
<dc element="dc.date.created" value="1997-04-21"/>
<dc element="dc.publisher" value="Reuters Holdings Plc"/>
<dc element="dc.date.published" value="1997-04-21"/>
<dc element="dc.source" value="Reuters"/>
<dc element="dc.creator.location" value="BALA CYNWYD, Pa."/>
<dc element="dc.creator.location.country.name" value="USA"/>
<dc element="dc.source" value="Reuters"/>
</metadata>
</newsitem>
