<?xml version="1.0" encoding="iso-8859-1" ?>
<newsitem itemid="523617" id="root" date="1997-04-21" xml:lang="en">
<title>USA: Mcafee Q1 shr rises to $0.37.</title>
<headline>Mcafee Q1 shr rises to $0.37.</headline>
<dateline>SANTA CLARA, Calif. 1997-04-21</dateline>
<text>
<p>1997	  Q1	   1996</p>
<p> Shr			  $0.37		    $0.02</p>
<p> Net			 19,696		    1,083</p>
<p> Revs			73,357		   33,845</p>
<p> Avg shrs		  53,610		   51,795</p>
<p>(All data above 000s except per share numbers)</p>
<p>NOTE: Q1 1996 includes one-time acquisition and related costs of about $8.3 million. Excluding the charge, Q1 1996 shr would have been $0.18.</p>
<p>Full name is McAfee Associates Inc.</p>
</text>
<copyright>(c) Reuters Limited 1997</copyright>
<metadata>
<codes class="bip:countries:1.0">
  <code code="USA">
    <editdetail attribution="Reuters BIP Coding Group" action="confirmed" date="1997-04-21"/>
  </code>
</codes>
<codes class="bip:industries:1.0">
  <code code="I33020">
    <editdetail attribution="Reuters BIP Coding Group" action="confirmed" date="1997-04-21"/>
  </code>
  <code code="I3302021">
    <editdetail attribution="Reuters BIP Coding Group" action="confirmed" date="1997-04-21"/>
  </code>
</codes>
<codes class="bip:topics:1.0">
  <code code="C15">
    <editdetail attribution="Reuters BIP Coding Group" action="confirmed" date="1997-04-21"/>
  </code>
  <code code="C151">
    <editdetail attribution="Reuters BIP Coding Group" action="confirmed" date="1997-04-21"/>
  </code>
  <code code="CCAT">
    <editdetail attribution="Reuters BIP Coding Group" action="confirmed" date="1997-04-21"/>
  </code>
</codes>
<dc element="dc.date.created" value="1997-04-21"/>
<dc element="dc.publisher" value="Reuters Holdings Plc"/>
<dc element="dc.date.published" value="1997-04-21"/>
<dc element="dc.source" value="Reuters"/>
<dc element="dc.creator.location" value="SANTA CLARA, Calif."/>
<dc element="dc.creator.location.country.name" value="USA"/>
<dc element="dc.source" value="Reuters"/>
</metadata>
</newsitem>
