<?xml version="1.0" encoding="iso-8859-1" ?>
<newsitem itemid="523607" id="root" date="1997-04-21" xml:lang="en">
<title>USA: Fed candidate Ferguson to bring banking expertise.</title>
<headline>Fed candidate Ferguson to bring banking expertise.</headline>
<byline>Isabelle Clary</byline>
<dateline>NEW YORK 1997-04-21</dateline>
<text>
<p>Roger W. Ferguson, Jr., a White House candidate for one of two vacant governor seats at the Federal Reserve Board, is a realist who will bring much-needed expertise in banking.</p>
<p>Ferguson, 45, an African-American born in Washington, D.C., has been a partner at the New York-based international consultancy firm McKinsey and Co Inc. since 1991.</p>
<p>Ferguson began working for McKinsey as a consultant in 1984, specializing in management strategies in areas including the increasingly deregulated U.S. banking sector.  </p>
<p>&quot;The Fed has been looking for someone with an expertise in banking for a long time, in fact since (Fed Governor John) LaWare left,&quot; a source close to the Fed said.</p>
<p>&quot;It's particularly important for the Fed to have a banker at this juncture due to new regulations and technology-driven changes in the industry,&quot; the source added.</p>
<p>The Fed, one of the U.S. bank regulators, has found it difficult in the past to attract bankers due to potential conflicts of interests.</p>
<p>LaWare, the last bank expert at the Board, left in 1995 and was replaced by economist Laurence Meyer.  </p>
<p>&quot;The Fed will find in Roger Ferguson somebody who is very knowledgeable about banking and also very good at problem solving. The Fed is dealing with rather complex problems,&quot; a McKinsey executive told Reuters, referring to the role of the Fed in the U.S. payments system.</p>
<p>Fed Chairman Alan Greenspan last year appointed a special commission, headed by Fed Vice Chair Alice Rivlin, to look into the role the Fed should play in providing financial services to a banking industry that is rapidly evolving due to new regulations and advanced technology.  </p>
<p>&quot;Ferguson was trained as a consultant to deal with those kind of problems,&quot; the McKinsey executive added. &quot;And he is a wonderful academic.&quot;</p>
<p>Ferguson earned a PhD in economics from Harvard University and wrote his dissertation on joint ventures in the manufacturing sector. He also holds a law degree from Harvard, and practiced as an attorney with the firm of Davis Polk &amp; Wardwell, specializing in corporate mergers and public offerings.  </p>
<p>McKinsey, a firm with 600 partners and 3,400 consultants in 39 countries, said Ferguson, as director of research and information, also played a role in the company's strategy.</p>
<p>If appointed, Ferguson, the son of an Army map-maker and a school teacher, will become only the third African-American in the central bank's 84-year history to sit on the seven-member Fed Board.</p>
<p>The Fed routinely has come under criticism by civil rights advocates for insufficient minority representation, a record that President Bill Clinton has vowed to improve.  </p>
<p>Clinton last year named Rivlin as the first woman vice chair of the Fed, bringing to an unprecedented three the number of women sitting simultaneously at the Board.</p>
<p>The two other African-Americans to have served as Fed governors were also appointed by Democratic presidents.</p>
<p>&quot;Emmett Rice was an appointee of (President Jimmy) Carter and Andrew Brimmer was appointed by (President Lyndon) Johnson,&quot; a former Fed official told Reuters.</p>
<p>Rice was Fed governor from 1979 to 1986 and Brimmer from 1966 to 1974.  </p>
<p>&quot;Somehow, it has always seemed difficult for the Fed to find minorities to fill these positions. But Ferguson is a great choice (given) his all-around expertise,&quot; the former Fed official said.</p>
<p>Congressman Henry Gonzalez (D-Texas), has regularly criticized the Fed for offering too few opportunities to minorities.</p>
<p>A spokeswoman at Gonzalez's office said the congressman, who is the ranking Democrat on the House Banking Committee, was not available for comment but would certainly welcome Clinton's choice.</p>
<p>Two other Fed governors, Janet Yellen and Lawrence Lindsey, left earlier this year. Besides Ferguson, the White House also is expected to nominate University of Michigan Professor of Economics Edward Gramlich to the Fed Board.</p>
<p>(( -- 212-859-1666 ))</p>
</text>
<copyright>(c) Reuters Limited 1997</copyright>
<metadata>
<codes class="bip:countries:1.0">
  <code code="USA">
    <editdetail attribution="Reuters BIP Coding Group" action="confirmed" date="1997-04-21"/>
  </code>
</codes>
<codes class="bip:industries:1.0">
  <code code="I81401">
    <editdetail attribution="Reuters BIP Coding Group" action="confirmed" date="1997-04-21"/>
  </code>
</codes>
<codes class="bip:topics:1.0">
  <code code="C41">
    <editdetail attribution="Reuters BIP Coding Group" action="confirmed" date="1997-04-21"/>
  </code>
  <code code="C411">
    <editdetail attribution="Reuters BIP Coding Group" action="confirmed" date="1997-04-21"/>
  </code>
  <code code="CCAT">
    <editdetail attribution="Reuters BIP Coding Group" action="confirmed" date="1997-04-21"/>
  </code>
  <code code="GCAT">
    <editdetail attribution="Reuters BIP Coding Group" action="confirmed" date="1997-04-21"/>
  </code>
  <code code="GPOL">
    <editdetail attribution="Reuters BIP Coding Group" action="confirmed" date="1997-04-21"/>
  </code>
</codes>
<dc element="dc.date.created" value="1997-04-21"/>
<dc element="dc.publisher" value="Reuters Holdings Plc"/>
<dc element="dc.date.published" value="1997-04-21"/>
<dc element="dc.source" value="Reuters"/>
<dc element="dc.creator.location" value="NEW YORK"/>
<dc element="dc.creator.location.country.name" value="USA"/>
<dc element="dc.source" value="Reuters"/>
</metadata>
</newsitem>
