<?xml version="1.0" encoding="iso-8859-1" ?>
<newsitem itemid="523650" id="root" date="1997-04-21" xml:lang="en">
<title>USA: James River Q1 shr increases.</title>
<headline>James River Q1 shr increases.</headline>
<dateline>SUFFOLK, Va 1997-04-21</dateline>
<text>
<p>JAMES RIVER BANKSHARES, INC.</p>
<p>				  Financial Highlights</p>
<p>		 (Dollars in thousands, except per share data)</p>
<p> RESULTS OF OPERATIONS		    QUARTER ENDED MARCH 31,</p>
<p>						 1997	1996  % Change</p>
<p> Interest Income			    7,154    6,275   14.01%</p>
<p> Interest Expense			   3,486    3,117   11.84%</p>
<p>   Net Interest Income		    3,668    3,158   16.15%</p>
<p> Provision for Loan Losses		  100	127 (21.26%)</p>
<p>Net Int. Income After Provision</p>
<p>     For Loan Losses			3,568    3,031   17.72%</p>
<p> Other Income				   504	350   44.00%</p>
<p> Other Expense				2,858    2,727    4.80%</p>
<p>   Income Before Income Taxes	   1,214	654   85.63%</p>
<p> Income Taxes				   338	196   72.45%</p>
<p>   Net Income				   876	458   91.27%</p>
<p> Earnings per share			  0.35     0.19</p>
<p> Return on Average Assets		 0.92%    0.56%</p>
<p> Return on Average Equity		 9.26%    5.10%</p>
<p> Net Interest Margin			4.34%    4.28%</p>
</text>
<copyright>(c) Reuters Limited 1997</copyright>
<metadata>
<codes class="bip:countries:1.0">
  <code code="USA">
    <editdetail attribution="Reuters BIP Coding Group" action="confirmed" date="1997-04-21"/>
  </code>
</codes>
<codes class="bip:industries:1.0">
  <code code="I81402">
    <editdetail attribution="Reuters BIP Coding Group" action="confirmed" date="1997-04-21"/>
  </code>
</codes>
<codes class="bip:topics:1.0">
  <code code="C15">
    <editdetail attribution="Reuters BIP Coding Group" action="confirmed" date="1997-04-21"/>
  </code>
  <code code="C151">
    <editdetail attribution="Reuters BIP Coding Group" action="confirmed" date="1997-04-21"/>
  </code>
  <code code="CCAT">
    <editdetail attribution="Reuters BIP Coding Group" action="confirmed" date="1997-04-21"/>
  </code>
</codes>
<dc element="dc.date.created" value="1997-04-21"/>
<dc element="dc.publisher" value="Reuters Holdings Plc"/>
<dc element="dc.date.published" value="1997-04-21"/>
<dc element="dc.source" value="Reuters"/>
<dc element="dc.creator.location" value="SUFFOLK, Va"/>
<dc element="dc.creator.location.country.name" value="USA"/>
<dc element="dc.source" value="Reuters"/>
</metadata>
</newsitem>
