<?xml version="1.0" encoding="iso-8859-1" ?>
<newsitem itemid="523613" id="root" date="1997-04-21" xml:lang="en">
<title>USA: Electromagnetic Sciences Q1 net rises.</title>
<headline>Electromagnetic Sciences Q1 net rises.</headline>
<dateline>ATLANTA 1997-04-21</dateline>
<text>
<p>1997			1996</p>
<p> Shr primary		$0.15		   $0.10</p>
<p> Net			  1,303			711</p>
<p> Revs			39,631		   33,189</p>
<p> Avg shrs primary	 8,933		    7,435</p>
<p>(All data above 000s except per share numbers)</p>
<p>NOTE: The company said new markets accounted for about $5 million, or 75 percent, of revenue growth for the first quarter 1997.</p>
<p>The full company name is Electromagnetic Sciences Inc.</p>
</text>
<copyright>(c) Reuters Limited 1997</copyright>
<metadata>
<codes class="bip:countries:1.0">
  <code code="USA">
    <editdetail attribution="Reuters BIP Coding Group" action="confirmed" date="1997-04-21"/>
  </code>
</codes>
<codes class="bip:industries:1.0">
  <code code="I34410">
    <editdetail attribution="Reuters BIP Coding Group" action="confirmed" date="1997-04-21"/>
  </code>
</codes>
<codes class="bip:topics:1.0">
  <code code="C15">
    <editdetail attribution="Reuters BIP Coding Group" action="confirmed" date="1997-04-21"/>
  </code>
  <code code="C151">
    <editdetail attribution="Reuters BIP Coding Group" action="confirmed" date="1997-04-21"/>
  </code>
  <code code="CCAT">
    <editdetail attribution="Reuters BIP Coding Group" action="confirmed" date="1997-04-21"/>
  </code>
</codes>
<dc element="dc.date.created" value="1997-04-21"/>
<dc element="dc.publisher" value="Reuters Holdings Plc"/>
<dc element="dc.date.published" value="1997-04-21"/>
<dc element="dc.source" value="Reuters"/>
<dc element="dc.creator.location" value="ATLANTA"/>
<dc element="dc.creator.location.country.name" value="USA"/>
<dc element="dc.source" value="Reuters"/>
</metadata>
</newsitem>
