<?xml version="1.0" encoding="iso-8859-1" ?>
<newsitem itemid="523615" id="root" date="1997-04-21" xml:lang="en">
<title>USA: Techs, networking stock weakness pressures Nasdaq.</title>
<headline>Techs, networking stock weakness pressures Nasdaq.</headline>
<dateline>NEW YORK 1997-04-21</dateline>
<text>
<p>Nasdaq shares dropped on Monday as weakness in technology stocks weighed heavily, ending last week's late gains.</p>
<p>&quot;Things were just down and dirty all day. There's no hard selling pressure on the techs. But the techs just seem to drift and drift,&quot; said Jack Bayer, managing director and head over-the-counter trader at Oppenheimer &amp; Co.</p>
<p>The Nasdaq composite index dropped 18.35 points or 1.50 percent to close unofficially at 1204.22.</p>
<p>Declining issues beat advancing issues 2657 to 1576 on total volume of 555 million shares. Nasdaq shares have fallen in the past five of the previous 10 sessions.</p>
<p>Computer networking stocks slid after Intel Corp unveiled inexpensive gear aimed at speeding links between personal computers arranged at workgroups.</p>
<p>APAC TeleServices Inc shed 10-3/8 to 11-1/8 after reporting first quarter earnings that were below analysts' estimates and warning that results for 1997 will be hurt by costs for a large outsourcing client.</p>
<p>More fortunate was Goulds Pumps Inc, which gained 13-5/16 to 36-3/16 after it agreed to be acquired by ITT Industries Inc.</p>
</text>
<copyright>(c) Reuters Limited 1997</copyright>
<metadata>
<codes class="bip:countries:1.0">
  <code code="USA">
    <editdetail attribution="Reuters BIP Coding Group" action="confirmed" date="1997-04-21"/>
  </code>
</codes>
<codes class="bip:topics:1.0">
  <code code="M11">
    <editdetail attribution="Reuters BIP Coding Group" action="confirmed" date="1997-04-21"/>
  </code>
  <code code="MCAT">
    <editdetail attribution="Reuters BIP Coding Group" action="confirmed" date="1997-04-21"/>
  </code>
</codes>
<dc element="dc.date.created" value="1997-04-21"/>
<dc element="dc.publisher" value="Reuters Holdings Plc"/>
<dc element="dc.date.published" value="1997-04-21"/>
<dc element="dc.source" value="Reuters"/>
<dc element="dc.creator.location" value="NEW YORK"/>
<dc element="dc.creator.location.country.name" value="USA"/>
<dc element="dc.source" value="Reuters"/>
</metadata>
</newsitem>
