<?xml version="1.0" encoding="iso-8859-1" ?>
<newsitem itemid="523612" id="root" date="1997-04-21" xml:lang="en">
<title>USA: AFTER THE BELL - S3 lowers in quiet trade.</title>
<headline>AFTER THE BELL - S3 lowers in quiet trade.</headline>
<dateline>NEW YORK 1997-04-21</dateline>
<text>
<p>S3 Inc was one of the few stocks that was showing much movement in the after-hours trading session after the maker of software drivers released its quarterly results, traders said on Monday.</p>
<p>&quot;Its the only one that is substantially different from where it closed,&quot; said one of them.</p>
<p>S3's stock was trading at 9-13/16 against a close of 10-11/16 on the Nasdaq.  </p>
<p>The company reported a profit of $0.30 a share for the first quarter against $0.25 for the same period last year. But it said it foresaw operating results for the next quarter to be lower than the first due to seasonality and pricing pressure.</p>
<p>Centocor Inc saw its stock rise to 24-1/8 from a Nasdaq close of 23-3/4 after it reported a profit of $0.05 a share for the first quarter against a loss of $0.16 a year ago.</p>
<p>&quot;Its picking up because of its earnings,&quot; said another trader.  </p>
<p>A third dealer said the after-hours market was otherwise quiet due to the Passover holiday.</p>
<p>The New York Stock Exchange said session one had a volume of 13,800 shares against 24,400 on Friday. Session two had 707,600 shares compared to 26,700, it added.</p>
</text>
<copyright>(c) Reuters Limited 1997</copyright>
<metadata>
<codes class="bip:countries:1.0">
  <code code="USA">
    <editdetail attribution="Reuters BIP Coding Group" action="confirmed" date="1997-04-21"/>
  </code>
</codes>
<codes class="bip:industries:1.0">
  <code code="I25700">
    <editdetail attribution="Reuters BIP Coding Group" action="confirmed" date="1997-04-21"/>
  </code>
  <code code="I34531">
    <editdetail attribution="Reuters BIP Coding Group" action="confirmed" date="1997-04-21"/>
  </code>
</codes>
<codes class="bip:topics:1.0">
  <code code="C15">
    <editdetail attribution="Reuters BIP Coding Group" action="confirmed" date="1997-04-21"/>
  </code>
  <code code="C152">
    <editdetail attribution="Reuters BIP Coding Group" action="confirmed" date="1997-04-21"/>
  </code>
  <code code="CCAT">
    <editdetail attribution="Reuters BIP Coding Group" action="confirmed" date="1997-04-21"/>
  </code>
</codes>
<dc element="dc.date.created" value="1997-04-21"/>
<dc element="dc.publisher" value="Reuters Holdings Plc"/>
<dc element="dc.date.published" value="1997-04-21"/>
<dc element="dc.source" value="Reuters"/>
<dc element="dc.creator.location" value="NEW YORK"/>
<dc element="dc.creator.location.country.name" value="USA"/>
<dc element="dc.source" value="Reuters"/>
</metadata>
</newsitem>
