<?xml version="1.0" encoding="iso-8859-1" ?>
<newsitem itemid="523696" id="root" date="1997-04-21" xml:lang="en">
<title>USA: Dana Corp looks to new ventures for growth.</title>
<headline>Dana Corp looks to new ventures for growth.</headline>
<dateline>TOLEDO, Ohio 1997-04-21</dateline>
<text>
<p>Dana Corp said Monday it plans to aggressively sharpen its focus on its eight core businesses and add technology and product depth in light of its record first quarter earnings of $92.6 million, largely through a group of new ventures that it expects to help increase shareholder value.</p>
<p>&quot;Our first quarter results lay a strong foundation for the year,&quot; said Dana Chairman Southwood J. Morcott.  &quot;At the close of 1996, we outlined our 'Beyond 2000' strategy for growth.  </p>
<p>&quot;By completing the two largest acquisitions and the largest divestiture in Dana history during the first quarter, we've made a strong statement about our commitment to growth, profitability and increased shareholder value.&quot;</p>
<p>The company said the February acquisition of the assets of the worldwide piston ring and cylinder liner operations of SPX Corp for $223 million provides it with important new customer relationships around the world and has spurred it to elevate its Engine Products Group to core business status.</p>
<p>The company is also looking to other new ventures to boost its prospects.</p>
<p>Among them are the formation of a joint venture company with Przedsiebiorstwu FILTRON in Gostyn, Poland; construction later this year of a truck frame manufacturing facility in Owensboro, Ky.; and a contract with Compaq Computer Corp for its commercial credit unit to provide Compaq-branded, turnkey microcomputer lease financing to the growing small and medium business market in the U.S. and Canada.</p>
</text>
<copyright>(c) Reuters Limited 1997</copyright>
<metadata>
<codes class="bip:countries:1.0">
  <code code="USA">
    <editdetail attribution="Reuters BIP Coding Group" action="confirmed" date="1997-04-21"/>
  </code>
</codes>
<codes class="bip:industries:1.0">
  <code code="I33020">
    <editdetail attribution="Reuters BIP Coding Group" action="confirmed" date="1997-04-21"/>
  </code>
  <code code="I3302003">
    <editdetail attribution="Reuters BIP Coding Group" action="confirmed" date="1997-04-21"/>
  </code>
  <code code="I35300">
    <editdetail attribution="Reuters BIP Coding Group" action="confirmed" date="1997-04-21"/>
  </code>
</codes>
<codes class="bip:topics:1.0">
  <code code="C11">
    <editdetail attribution="Reuters BIP Coding Group" action="confirmed" date="1997-04-21"/>
  </code>
  <code code="CCAT">
    <editdetail attribution="Reuters BIP Coding Group" action="confirmed" date="1997-04-21"/>
  </code>
</codes>
<dc element="dc.date.created" value="1997-04-21"/>
<dc element="dc.publisher" value="Reuters Holdings Plc"/>
<dc element="dc.date.published" value="1997-04-21"/>
<dc element="dc.source" value="Reuters"/>
<dc element="dc.creator.location" value="TOLEDO, Ohio"/>
<dc element="dc.creator.location.country.name" value="USA"/>
<dc element="dc.source" value="Reuters"/>
</metadata>
</newsitem>
