<?xml version="1.0" encoding="iso-8859-1" ?>
<newsitem itemid="523742" id="root" date="1997-04-21" xml:lang="en">
<title>USA: CSCE coffee slides to day's lows, then recovers.</title>
<headline>CSCE coffee slides to day's lows, then recovers.</headline>
<dateline>NEW YORK 1997-04-21</dateline>
<text>
<p>CSCE coffee swung sharply lower at midday but quickly pared their losses, as speculators focused on adjusting positions ahead of May's first notice day, dealers said.</p>
<p>Spot May delivery zig-zagged over a huge 14.00-cent range in the first few hours of trading, as an early run to new contract highs was met with heavy speculative liquidation.</p>
<p>A second round of profit-taking dragged May through support at 217 and 213 cents, pushing the spot month to a low of 210 before scattered roaster buying emerged.</p>
<p>&quot;The whole rally has been liquidating Mays before first notice day,&quot; one trader said. &quot;May-July got offered at 21 cents, which put pressure on may and the rest of the market came off in sympathy.&quot;</p>
<p>The May contract goes into notice period on Tuesday. Some 5,044 lots open interest remained as of Friday's close, but traders estimated an additional 1,000-2,000 positions were squared away today.</p>
<p>At 1252 EDT, spot May was 3.05 cents lower, at 213.50 cents a lb, while most-activea July was traded at 190.75, down 3.40 cents.</p>
<p>Traders said an unsually low participation in the market was partly to blame for today's volatile price action.</p>
<p>In addition to a national holiday in top-grower Brazil, many participants were away at the Specialty Coffee Association's annual convention in New Orleans. The conference ends today.</p>
<p>An estimated 7,258 lots had been exchanged as of 1230 EDT.</p>
<p>Meanwhile, a truckers' strike continued into its second day in Colombia. Union and government officials have scheduled talks aimed at resolving the strike for later today. ((-- W Pollack, New York Commodities Desk +1 212 859 1640))</p>
</text>
<copyright>(c) Reuters Limited 1997</copyright>
<metadata>
<codes class="bip:countries:1.0">
  <code code="USA">
    <editdetail attribution="Reuters BIP Coding Group" action="confirmed" date="1997-04-21"/>
  </code>
</codes>
<codes class="bip:topics:1.0">
  <code code="M14">
    <editdetail attribution="Reuters BIP Coding Group" action="confirmed" date="1997-04-21"/>
  </code>
  <code code="M141">
    <editdetail attribution="Reuters BIP Coding Group" action="confirmed" date="1997-04-21"/>
  </code>
  <code code="MCAT">
    <editdetail attribution="Reuters BIP Coding Group" action="confirmed" date="1997-04-21"/>
  </code>
</codes>
<dc element="dc.date.created" value="1997-04-21"/>
<dc element="dc.publisher" value="Reuters Holdings Plc"/>
<dc element="dc.date.published" value="1997-04-21"/>
<dc element="dc.source" value="Reuters"/>
<dc element="dc.creator.location" value="NEW YORK"/>
<dc element="dc.creator.location.country.name" value="USA"/>
<dc element="dc.source" value="Reuters"/>
</metadata>
</newsitem>
