<?xml version="1.0" encoding="iso-8859-1" ?>
<newsitem itemid="523772" id="root" date="1997-04-21" xml:lang="en">
<title>USA: Guilford Mills Inc raises qtly div to $0.11.</title>
<headline>Guilford Mills Inc raises qtly div to $0.11.</headline>
<dateline>GREENSBORO, N.C. 1997-04-21</dateline>
<text>
<p>Quarterly</p>
<p>			    Latest			Prior</p>
<p> Amount		  $0.11		     $0.10</p>
<p> Pay		    May 19</p>
<p> Record		 May 13</p>
<p>Note: As adjusted for a 3-for-2 stock split, payable May 12.</p>
</text>
<copyright>(c) Reuters Limited 1997</copyright>
<metadata>
<codes class="bip:countries:1.0">
  <code code="USA">
    <editdetail attribution="Reuters BIP Coding Group" action="confirmed" date="1997-04-21"/>
  </code>
</codes>
<codes class="bip:industries:1.0">
  <code code="I43000">
    <editdetail attribution="Reuters BIP Coding Group" action="confirmed" date="1997-04-21"/>
  </code>
</codes>
<codes class="bip:topics:1.0">
  <code code="C15">
    <editdetail attribution="Reuters BIP Coding Group" action="confirmed" date="1997-04-21"/>
  </code>
  <code code="C151">
    <editdetail attribution="Reuters BIP Coding Group" action="confirmed" date="1997-04-21"/>
  </code>
  <code code="CCAT">
    <editdetail attribution="Reuters BIP Coding Group" action="confirmed" date="1997-04-21"/>
  </code>
</codes>
<dc element="dc.date.created" value="1997-04-21"/>
<dc element="dc.publisher" value="Reuters Holdings Plc"/>
<dc element="dc.date.published" value="1997-04-21"/>
<dc element="dc.source" value="Reuters"/>
<dc element="dc.creator.location" value="GREENSBORO, N.C."/>
<dc element="dc.creator.location.country.name" value="USA"/>
<dc element="dc.source" value="Reuters"/>
</metadata>
</newsitem>
