<?xml version="1.0" encoding="iso-8859-1" ?>
<newsitem itemid="523765" id="root" date="1997-04-21" xml:lang="en">
<title>USA: N.J. to file anti-competitive suit against Trump.</title>
<headline>N.J. to file anti-competitive suit against Trump.</headline>
<dateline>NEW YORK 1997-04-21</dateline>
<text>
<p>New Jersey's Casino Reinvestment Development Authority will file a lawsuit on Monday alleging anti-competitive behavior by Trump Hotels &amp; Casino Resorts Inc., an agency source said.</p>
<p>The source said the agency would not comment further until the complaint was filed later today.  </p>
<p>Trump Hotels sued the casino authority last month, alleging that the agency's part in financing a $330 million tunnel in Atlantic City violates a state constitutional amendment that permits casinos in New Jersey.</p>
<p>Authority officials said last month they were considering a range of options to counter the lawsuit, including the anti-competitiveness complaint.</p>
<p>The tunnel project is being financed in part with casino agency bonds. Donald Trump has opposed the project, arguing that it gives rival casino developers, most notably Steve Wynn, unfair competitive advantages. The tunnel would provide access to Wynn's proposed Mirage Resorts Inc hotel in the marina district.</p>
<p>Trump Hotels officials were not immediately available for comment.</p>
<p>--Steven Dickson, 212-859-1652</p>
</text>
<copyright>(c) Reuters Limited 1997</copyright>
<metadata>
<codes class="bip:countries:1.0">
  <code code="USA">
    <editdetail attribution="Reuters BIP Coding Group" action="confirmed" date="1997-04-21"/>
  </code>
</codes>
<codes class="bip:industries:1.0">
  <code code="I66500">
    <editdetail attribution="Reuters BIP Coding Group" action="confirmed" date="1997-04-21"/>
  </code>
  <code code="I97912">
    <editdetail attribution="Reuters BIP Coding Group" action="confirmed" date="1997-04-21"/>
  </code>
</codes>
<codes class="bip:topics:1.0">
  <code code="C12">
    <editdetail attribution="Reuters BIP Coding Group" action="confirmed" date="1997-04-21"/>
  </code>
  <code code="C13">
    <editdetail attribution="Reuters BIP Coding Group" action="confirmed" date="1997-04-21"/>
  </code>
  <code code="C34">
    <editdetail attribution="Reuters BIP Coding Group" action="confirmed" date="1997-04-21"/>
  </code>
  <code code="CCAT">
    <editdetail attribution="Reuters BIP Coding Group" action="confirmed" date="1997-04-21"/>
  </code>
  <code code="GCAT">
    <editdetail attribution="Reuters BIP Coding Group" action="confirmed" date="1997-04-21"/>
  </code>
  <code code="GCRIM">
    <editdetail attribution="Reuters BIP Coding Group" action="confirmed" date="1997-04-21"/>
  </code>
</codes>
<dc element="dc.date.created" value="1997-04-21"/>
<dc element="dc.publisher" value="Reuters Holdings Plc"/>
<dc element="dc.date.published" value="1997-04-21"/>
<dc element="dc.source" value="Reuters"/>
<dc element="dc.creator.location" value="NEW YORK"/>
<dc element="dc.creator.location.country.name" value="USA"/>
<dc element="dc.source" value="Reuters"/>
</metadata>
</newsitem>
