<?xml version="1.0" encoding="iso-8859-1" ?>
<newsitem itemid="523705" id="root" date="1997-04-21" xml:lang="en">
<title>USA: INTERVIEW - Alliance Imaging sees Q1 EPS up.</title>
<headline>INTERVIEW - Alliance Imaging sees Q1 EPS up.</headline>
<dateline>LOS ANGELES 1997-04-21</dateline>
<text>
<p>Alliance Imaging Inc expects to report first quarter operating earnings of $0.14 a share, up from $0.10 a year earlier, Chairman, President and Chief Executive Richard Zehner said in a recent interview.</p>
<p>The rise will reflect improved profit margins, higher demand for the company's magnetic resonance imaging services, and the acquisition of new MRI machines, he told Reuters.</p>
<p>Revenues for the first quarter are expected to exceed $19 million, up from $14.7 million in the comparable 1996 period, Zehner said.  </p>
<p>Alliance Imaging will have about $0.26 a share of extraordinary gains in the first quarter from repurchasing preferred stock at a discount and from refinancing transactions, he said.</p>
<p>&quot;The industry is going through a very nice growth phase,&quot; Zehner said. Although an increasingly cost-conscious health care environment has driven down the cost of MRI procedures, this has been offset by improved MRI technology, which has increased demand for the procedure for a broader range of uses, he said.  </p>
<p>MRI machines have traditionally been used to scan for lesions or tumors in the brain or to detect knee or shoulder injuries. Newer machines can pick up subtle irregularities in breast and prostate tissue and in blood vessels.</p>
<p>&quot;We took a very aggressive stance replacing the less sophisticated machines. Now we are at the end of the replacement cycle and we're getting growth from more advanced scanners,&quot; Zehner said.  </p>
<p>Although the cost of an MRI scan has dropped to around $600 from $1,700 in 1990, Alliance's operating profit margins are &quot;as high as they've ever been,&quot; approaching 55 percent in the 1997 first quarter, up from 51 percent a year ago, he said.</p>
<p>The company did about 40,000 MRI procedures in the first quarter, up from 30,000 a year earlier.</p>
<p>Growth will come from the addition of new machines internally, and through acquisitions, he said. &quot;The industry is highly fragmented. There is tremendous consolidation opportunity.&quot;</p>
<p>Although it is one of the dominant players in the industry, Alliance Imaging currently operates just 90 of the 3,600 MRI machines in operation. Zehner said it will add at least 15 machines this year, plus an unspecified number through acquisitions.</p>
<p>((--Andrea Orr 213 955-6747))</p>
</text>
<copyright>(c) Reuters Limited 1997</copyright>
<metadata>
<codes class="bip:countries:1.0">
  <code code="USA">
    <editdetail attribution="Reuters BIP Coding Group" action="confirmed" date="1997-04-21"/>
  </code>
</codes>
<codes class="bip:industries:1.0">
  <code code="I95100">
    <editdetail attribution="Reuters BIP Coding Group" action="confirmed" date="1997-04-21"/>
  </code>
</codes>
<codes class="bip:topics:1.0">
  <code code="C11">
    <editdetail attribution="Reuters BIP Coding Group" action="confirmed" date="1997-04-21"/>
  </code>
  <code code="C15">
    <editdetail attribution="Reuters BIP Coding Group" action="confirmed" date="1997-04-21"/>
  </code>
  <code code="C152">
    <editdetail attribution="Reuters BIP Coding Group" action="confirmed" date="1997-04-21"/>
  </code>
  <code code="CCAT">
    <editdetail attribution="Reuters BIP Coding Group" action="confirmed" date="1997-04-21"/>
  </code>
</codes>
<dc element="dc.date.created" value="1997-04-21"/>
<dc element="dc.publisher" value="Reuters Holdings Plc"/>
<dc element="dc.date.published" value="1997-04-21"/>
<dc element="dc.source" value="Reuters"/>
<dc element="dc.creator.location" value="LOS ANGELES"/>
<dc element="dc.creator.location.country.name" value="USA"/>
<dc element="dc.source" value="Reuters"/>
</metadata>
</newsitem>
