<?xml version="1.0" encoding="iso-8859-1" ?>
<newsitem itemid="523708" id="root" date="1997-04-21" xml:lang="en">
<title>USA: Latin American Casinos Q4 shr loss $0.03.</title>
<headline>Latin American Casinos Q4 shr loss $0.03.</headline>
<dateline>NORTH MIAMI BEACH, Fla. 1997-04-21</dateline>
<text>
<p>Latin American Casinos Inc</p>
<p>			 3 Mos.    3 Mos.	   Year	  Year</p>
<p>			  Ended     Ended	  Ended	  Ended</p>
<p>		     Dec. 31,  Dec. 31,	Dec. 31,    Dec. 31,</p>
<p>			    1996     1995	   1996	  1995</p>
<p> Rental Income    $392,469 $667,437    $2,501,061  $1,300,653</p>
<p>Net (Loss)</p>
<p>  Income	  ( 122,168)  181,832	 968,360   (310,801)</p>
<p>Earnings (Loss)</p>
<p>  Per Common Share  (0.03)     0.06	     0.29	(0.09)</p>
<p>-- New York Newsdesk 212 859-1610</p>
</text>
<copyright>(c) Reuters Limited 1997</copyright>
<metadata>
<codes class="bip:countries:1.0">
  <code code="USA">
    <editdetail attribution="Reuters BIP Coding Group" action="confirmed" date="1997-04-21"/>
  </code>
</codes>
<codes class="bip:industries:1.0">
  <code code="I97912">
    <editdetail attribution="Reuters BIP Coding Group" action="confirmed" date="1997-04-21"/>
  </code>
</codes>
<codes class="bip:topics:1.0">
  <code code="C15">
    <editdetail attribution="Reuters BIP Coding Group" action="confirmed" date="1997-04-21"/>
  </code>
  <code code="C151">
    <editdetail attribution="Reuters BIP Coding Group" action="confirmed" date="1997-04-21"/>
  </code>
  <code code="C1511">
    <editdetail attribution="Reuters BIP Coding Group" action="confirmed" date="1997-04-21"/>
  </code>
  <code code="CCAT">
    <editdetail attribution="Reuters BIP Coding Group" action="confirmed" date="1997-04-21"/>
  </code>
</codes>
<dc element="dc.date.created" value="1997-04-21"/>
<dc element="dc.publisher" value="Reuters Holdings Plc"/>
<dc element="dc.date.published" value="1997-04-21"/>
<dc element="dc.source" value="Reuters"/>
<dc element="dc.creator.location" value="NORTH MIAMI BEACH, Fla."/>
<dc element="dc.creator.location.country.name" value="USA"/>
<dc element="dc.source" value="Reuters"/>
</metadata>
</newsitem>
