<?xml version="1.0" encoding="iso-8859-1" ?>
<newsitem itemid="523743" id="root" date="1997-04-21" xml:lang="en">
<title>USA: Everest Medical sees improved margins.</title>
<headline>Everest Medical sees improved margins.</headline>
<dateline>MINNEAPOLIS 1997-04-21</dateline>
<text>
<p>Everest Medical Corp, which reported a wider 1997 first quarter loss, said Monday it expects improved margins for the balance of the year.</p>
<p>&quot;Our first-quarter gross margin is not representative of what we expect for the full year,&quot; said John Shannon Jr, president and chief executive officer, in a statement. &quot;We expect to benefit from improvements in production efficiencies in subsequent quarters.&quot;</p>
<p>Everest on Monday reported a 1997 first quarter loss of $310,139 or $0.06 a share, compared with a loss of $124,008 or $0.04 in the same period last year.  </p>
<p>Everest said its gross margin was reduced by early product-cycle costs as the company ramped up production of new instruments to meet strong demand.</p>
<p>Revenues rose 16 percent over the same period last year to $1.5 million reflecting a 43-percent increase in the sales of Everest-branded laparoscopy instruments.</p>
<p>Operating expenses increased during the first quarter from efforts to fulfill ISO 9000 and CE Mark certification and from development and marketing activities aimed at Everest's participation in the minimally invasive cardiovascular surgery market.</p>
<p>Shannon said the company is moving forward with its effort to export Everest's electrosurgical technology to the minimally invasive cardiac surgery market. The company has added a cardiovascular product manager, he said.</p>
<p>Everest designs, makes and markets bipolar electrosurgery instrumentation for the minimally invasive surgery markets.</p>
<p>Shares of Everest were trading at 1-7/8, off 1/4 from the close on April 18.</p>
<p>			((Chicago newsdesk 312 408 8787))</p>
</text>
<copyright>(c) Reuters Limited 1997</copyright>
<metadata>
<codes class="bip:countries:1.0">
  <code code="USA">
    <editdetail attribution="Reuters BIP Coding Group" action="confirmed" date="1997-04-21"/>
  </code>
</codes>
<codes class="bip:industries:1.0">
  <code code="I37200">
    <editdetail attribution="Reuters BIP Coding Group" action="confirmed" date="1997-04-21"/>
  </code>
</codes>
<codes class="bip:topics:1.0">
  <code code="C15">
    <editdetail attribution="Reuters BIP Coding Group" action="confirmed" date="1997-04-21"/>
  </code>
  <code code="C152">
    <editdetail attribution="Reuters BIP Coding Group" action="confirmed" date="1997-04-21"/>
  </code>
  <code code="CCAT">
    <editdetail attribution="Reuters BIP Coding Group" action="confirmed" date="1997-04-21"/>
  </code>
</codes>
<dc element="dc.date.created" value="1997-04-21"/>
<dc element="dc.publisher" value="Reuters Holdings Plc"/>
<dc element="dc.date.published" value="1997-04-21"/>
<dc element="dc.source" value="Reuters"/>
<dc element="dc.creator.location" value="MINNEAPOLIS"/>
<dc element="dc.creator.location.country.name" value="USA"/>
<dc element="dc.source" value="Reuters"/>
</metadata>
</newsitem>
