<?xml version="1.0" encoding="iso-8859-1" ?>
<newsitem itemid="523751" id="root" date="1997-04-21" xml:lang="en">
<title>USA: First Team Q4 hurt by inventories, prices.</title>
<headline>First Team Q4 hurt by inventories, prices.</headline>
<dateline>MINNEAPOLIS 1997-04-21</dateline>
<text>
<p>First Team Sports Inc, which makes in-line skates and roller hockey products, said its fourth quarter loss was due to significantly lower margins caused by excess retail inventories and competitive pricing.</p>
<p>Earlier it reported net sales for the fourth quarter ended February 28 of $13.6 million, compared to $21 million a year ago. It had a fourth quarter loss of $0.09 a share versus earnings of $0.23 a year ago.</p>
<p>Going into the spring selling season, bookings for the UltraWheels' new Softec line of high performance skates were strong worldwide, John Egart, president, said in a statement.</p>
<p>He added that First Team's Sabotage line of skates also were competing well in the aggressive skating market.</p>
<p>&quot;We believe this early, strong acceptance of our spring skate line, combined with improved inventory levels at the specialty and sporting good chain stores, will give First Team the opportunity to take advantage of a potentially improved marketplace in these channels of distribution in fiscal 1998,&quot; Egart said. &quot;While we have some basis for optimism, we remain cautious as to whether the improvement in the marketplace can sustain itself.&quot;</p>
<p>((Reuters Chicago Newsdesk (312) 408-8787))</p>
</text>
<copyright>(c) Reuters Limited 1997</copyright>
<metadata>
<codes class="bip:countries:1.0">
  <code code="USA">
    <editdetail attribution="Reuters BIP Coding Group" action="confirmed" date="1997-04-21"/>
  </code>
</codes>
<codes class="bip:industries:1.0">
  <code code="I49420">
    <editdetail attribution="Reuters BIP Coding Group" action="confirmed" date="1997-04-21"/>
  </code>
</codes>
<codes class="bip:topics:1.0">
  <code code="C15">
    <editdetail attribution="Reuters BIP Coding Group" action="confirmed" date="1997-04-21"/>
  </code>
  <code code="C151">
    <editdetail attribution="Reuters BIP Coding Group" action="confirmed" date="1997-04-21"/>
  </code>
  <code code="C1511">
    <editdetail attribution="Reuters BIP Coding Group" action="confirmed" date="1997-04-21"/>
  </code>
  <code code="CCAT">
    <editdetail attribution="Reuters BIP Coding Group" action="confirmed" date="1997-04-21"/>
  </code>
</codes>
<dc element="dc.date.created" value="1997-04-21"/>
<dc element="dc.publisher" value="Reuters Holdings Plc"/>
<dc element="dc.date.published" value="1997-04-21"/>
<dc element="dc.source" value="Reuters"/>
<dc element="dc.creator.location" value="MINNEAPOLIS"/>
<dc element="dc.creator.location.country.name" value="USA"/>
<dc element="dc.source" value="Reuters"/>
</metadata>
</newsitem>
