<?xml version="1.0" encoding="iso-8859-1" ?>
<newsitem itemid="523754" id="root" date="1997-04-21" xml:lang="en">
<title>USA: Gensia to collaborate in diabetes research.</title>
<headline>Gensia to collaborate in diabetes research.</headline>
<dateline>SAN DIEGO 1997-04-21</dateline>
<text>
<p>Gensia Sicor Inc said it signed an agreement with Sankyo Co Ltd in Japan to collaborate in developing drugs for non-insulin dependent diabetes.</p>
<p>It said the research will focus on a class of novel compounds that work on an enzyme that plays a role in glucose production in the liver.</p>
<p>Under terms of the agreement, Gensia will receive license fees, equity investment, and research funding for three years along with milestone payments from Sankyo, plus royalties on product sales.</p>
<p>Sankyo will have exclusive worldwide commercialization rights to all products discovered in the collaboration.</p>
</text>
<copyright>(c) Reuters Limited 1997</copyright>
<metadata>
<codes class="bip:countries:1.0">
  <code code="JAP">
    <editdetail attribution="Reuters BIP Coding Group" action="confirmed" date="1997-04-21"/>
  </code>
  <code code="USA">
    <editdetail attribution="Reuters BIP Coding Group" action="confirmed" date="1997-04-21"/>
  </code>
</codes>
<codes class="bip:industries:1.0">
  <code code="I25700">
    <editdetail attribution="Reuters BIP Coding Group" action="confirmed" date="1997-04-21"/>
  </code>
</codes>
<codes class="bip:topics:1.0">
  <code code="C23">
    <editdetail attribution="Reuters BIP Coding Group" action="confirmed" date="1997-04-21"/>
  </code>
  <code code="C33">
    <editdetail attribution="Reuters BIP Coding Group" action="confirmed" date="1997-04-21"/>
  </code>
  <code code="CCAT">
    <editdetail attribution="Reuters BIP Coding Group" action="confirmed" date="1997-04-21"/>
  </code>
</codes>
<dc element="dc.date.created" value="1997-04-21"/>
<dc element="dc.publisher" value="Reuters Holdings Plc"/>
<dc element="dc.date.published" value="1997-04-21"/>
<dc element="dc.source" value="Reuters"/>
<dc element="dc.creator.location" value="SAN DIEGO"/>
<dc element="dc.creator.location.country.name" value="USA"/>
<dc element="dc.source" value="Reuters"/>
</metadata>
</newsitem>
