<?xml version="1.0" encoding="iso-8859-1" ?>
<newsitem itemid="523820" id="root" date="1997-04-21" xml:lang="en">
<title>USA: Sullivan Dental Products Inc Q1 net rises.</title>
<headline>Sullivan Dental Products Inc Q1 net rises.</headline>
<dateline>WEST ALLIS, Wis. 1997-04-21</dateline>
<text>
<p>(In thousands, except per share data)</p>
<p>					   1997	 1996</p>
<p> Net sales			   $60,181   $54,460</p>
<p> Cost of sales			39,461    35,835</p>
<p> Gross profit			 20,720    18,625</p>
<p> Operating expenses		 17,956    16,466</p>
<p> Operating income		    2,764     2,159</p>
<p> Other income			    313	 136</p>
<p>Income before provision for</p>
<p>  income taxes			 3,077     2,295</p>
<p> Provision for income taxes	1,231	 918</p>
<p> Net income			    1,846     1,377</p>
<p>Net income per common and</p>
<p>  common equivalent share	   0.18	0.15</p>
<p>Weighted average common</p>
<p>  shares				10,374     9,348</p>
<p>((--Chicago Newsdesk, 312-408-8787))</p>
</text>
<copyright>(c) Reuters Limited 1997</copyright>
<metadata>
<codes class="bip:countries:1.0">
  <code code="USA">
    <editdetail attribution="Reuters BIP Coding Group" action="confirmed" date="1997-04-21"/>
  </code>
</codes>
<codes class="bip:industries:1.0">
  <code code="I37200">
    <editdetail attribution="Reuters BIP Coding Group" action="confirmed" date="1997-04-21"/>
  </code>
</codes>
<codes class="bip:topics:1.0">
  <code code="C15">
    <editdetail attribution="Reuters BIP Coding Group" action="confirmed" date="1997-04-21"/>
  </code>
  <code code="C151">
    <editdetail attribution="Reuters BIP Coding Group" action="confirmed" date="1997-04-21"/>
  </code>
  <code code="CCAT">
    <editdetail attribution="Reuters BIP Coding Group" action="confirmed" date="1997-04-21"/>
  </code>
</codes>
<dc element="dc.date.created" value="1997-04-21"/>
<dc element="dc.publisher" value="Reuters Holdings Plc"/>
<dc element="dc.date.published" value="1997-04-21"/>
<dc element="dc.source" value="Reuters"/>
<dc element="dc.creator.location" value="WEST ALLIS, Wis."/>
<dc element="dc.creator.location.country.name" value="USA"/>
<dc element="dc.source" value="Reuters"/>
</metadata>
</newsitem>
