<?xml version="1.0" encoding="iso-8859-1" ?>
<newsitem itemid="523804" id="root" date="1997-04-21" xml:lang="en">
<title>USA: Reynolds to sell mill to Alcoa.</title>
<headline>Reynolds to sell mill to Alcoa.</headline>
<dateline>RICHMOND, Va. 1997-04-21</dateline>
<text>
<p>Reynolds Metals Co said Monday it has signed a letter of intent to sell a North Alabama rolling mill to Aluminum Co of America.</p>
<p>While terms of the transaction were not disclosed, Reynolds said it expects to realize an after tax loss in the range of $225 to $335 million, or $3.10 to $3.45 per share.</p>
<p>Closing of the transaction is anticipated in the second half of the year, the company said, noting it is subject to regulatory and board approvals, negotiation of definitive agreements and other customary conditions.  </p>
<p>Reynolds Metals also said it has determined, as a reult of a previously announced review, that certain plants and businesses no longer strategically fit.</p>
<p>&quot;We are in the process of addressing these plants and businesses, and are proceeding with several favorable opportunities,&quot; its statement said.</p>
<p>Reynolds said it will provide a comprehensive report on the results of its portfolio review when it announces second quarter results.</p>
<p>The company said it has closed the sale of its residential construction products business to AmeriMark Inc.  </p>
<p>Reynolds said it has signed letters of intent to sell its Bellwood, Va., aluminum reclamation plant to Philip Environmental Inc, its El Campo, Texas, aluminum extrusion plant to a Tredegar Industries Inc subsidiary, and its McCook sheet and plant and Bellwood extrusion plants to Kaiser Aluminum Corp.</p>
<p>The company said these sales are expected to close in the second quarter.</p>
<p>Chairman Jeremiah Sheehan told last week's annual meeting the planned sales are expected to result in undisclosed gains.  </p>
<p>The company reported a gain on the sale to AmeriMark in the first quarter.</p>
<p>Assets included in the sale to Alcoa are the Reynolds Alloys rolling mill, two nearby reclamation plants that provide input metal to the mill, and the Sheffield coil coating facility.  The principal product manufactured by Reynolds there is aluminum sheet used to produce beverage cans and ends, primarily for use by Reynolds can plants, the company said.  </p>
<p>&quot;This asset sale is part of Reynolds' strategy to streamline its business focus.  We have traditionally been a higher-cost producer of can sheet and have not been able to close the gap,&quot; Sheehan said.</p>
<p>&quot;We believe we will be able to generate better returns for our stockholders by concentrating our resources in areas where we have, or can achieve, a competitive advantage,&quot; he explained.</p>
<p>Upon closing, Reynolds and Alcoa plan to enter into a long-term, market-based agreement under which Alcoa will become a major supplier of Reynolds aluminum can sheet requirements, Reynolds said.</p>
<p>&quot;Reynolds anticipates that future employment levels at the plant will be reduced, perhaps substantially, but at this time it is premature to project by how much,&quot; said Sheehan.</p>
<p>The four operations now employ about 2,250, it said.</p>
<p>((-- Jim Brumm 212-859-1710.))</p>
</text>
<copyright>(c) Reuters Limited 1997</copyright>
<metadata>
<codes class="bip:countries:1.0">
  <code code="USA">
    <editdetail attribution="Reuters BIP Coding Group" action="confirmed" date="1997-04-21"/>
  </code>
</codes>
<codes class="bip:industries:1.0">
  <code code="I21000">
    <editdetail attribution="Reuters BIP Coding Group" action="confirmed" date="1997-04-21"/>
  </code>
  <code code="I22450">
    <editdetail attribution="Reuters BIP Coding Group" action="confirmed" date="1997-04-21"/>
  </code>
  <code code="I83960">
    <editdetail attribution="Reuters BIP Coding Group" action="confirmed" date="1997-04-21"/>
  </code>
  <code code="I92110">
    <editdetail attribution="Reuters BIP Coding Group" action="confirmed" date="1997-04-21"/>
  </code>
</codes>
<codes class="bip:topics:1.0">
  <code code="C18">
    <editdetail attribution="Reuters BIP Coding Group" action="confirmed" date="1997-04-21"/>
  </code>
  <code code="C182">
    <editdetail attribution="Reuters BIP Coding Group" action="confirmed" date="1997-04-21"/>
  </code>
  <code code="C24">
    <editdetail attribution="Reuters BIP Coding Group" action="confirmed" date="1997-04-21"/>
  </code>
  <code code="CCAT">
    <editdetail attribution="Reuters BIP Coding Group" action="confirmed" date="1997-04-21"/>
  </code>
</codes>
<dc element="dc.date.created" value="1997-04-21"/>
<dc element="dc.publisher" value="Reuters Holdings Plc"/>
<dc element="dc.date.published" value="1997-04-21"/>
<dc element="dc.source" value="Reuters"/>
<dc element="dc.creator.location" value="RICHMOND, Va."/>
<dc element="dc.creator.location.country.name" value="USA"/>
<dc element="dc.source" value="Reuters"/>
</metadata>
</newsitem>
