<?xml version="1.0" encoding="iso-8859-1" ?>
<newsitem itemid="523810" id="root" date="1997-04-21" xml:lang="en">
<title>USA: Coastal Foods Q4 Dec 31 full results.</title>
<headline>Coastal Foods Q4 Dec 31 full results.</headline>
<dateline>HOUSTON 1997-04-21</dateline>
<text>
<p>For the Three Months Ended</p>
<p>						  December 31,</p>
<p>						 1996		   1995</p>
<p> Net sales			   $4,040,693	    $3,888,745</p>
<p> Net income (loss)		  (232,733)		 261,560</p>
<p>Net income (loss) per</p>
<p>  common share			   (0.05)		    0.06</p>
<p>Average number of common</p>
<p>  shares outstanding		4,635,239	     4,466,156</p>
<p>						For the Year Ended</p>
<p>						  December 31,</p>
<p>						1996		    1995</p>
<p> Net sales			  $10,279,084	    $7,081,603</p>
<p> Net income (loss)		    132,768	     (606,830)</p>
<p>Net income (loss) per</p>
<p>  common share			     0.03		  (0.14)</p>
<p>Average number of common</p>
<p>  shares outstanding		4,662,011	     4,470,322</p>
<p>Note: Full company name is Coastal Foods Inc.</p>
<p>((-- New York Newsdesk 212 859-1610))</p>
</text>
<copyright>(c) Reuters Limited 1997</copyright>
<metadata>
<codes class="bip:countries:1.0">
  <code code="USA">
    <editdetail attribution="Reuters BIP Coding Group" action="confirmed" date="1997-04-21"/>
  </code>
</codes>
<codes class="bip:topics:1.0">
  <code code="C15">
    <editdetail attribution="Reuters BIP Coding Group" action="confirmed" date="1997-04-21"/>
  </code>
  <code code="C151">
    <editdetail attribution="Reuters BIP Coding Group" action="confirmed" date="1997-04-21"/>
  </code>
  <code code="C1511">
    <editdetail attribution="Reuters BIP Coding Group" action="confirmed" date="1997-04-21"/>
  </code>
  <code code="CCAT">
    <editdetail attribution="Reuters BIP Coding Group" action="confirmed" date="1997-04-21"/>
  </code>
</codes>
<dc element="dc.date.created" value="1997-04-21"/>
<dc element="dc.publisher" value="Reuters Holdings Plc"/>
<dc element="dc.date.published" value="1997-04-21"/>
<dc element="dc.source" value="Reuters"/>
<dc element="dc.creator.location" value="HOUSTON"/>
<dc element="dc.creator.location.country.name" value="USA"/>
<dc element="dc.source" value="Reuters"/>
</metadata>
</newsitem>
