<?xml version="1.0" encoding="iso-8859-1" ?>
<newsitem itemid="523803" id="root" date="1997-04-21" xml:lang="en">
<title>USA: Ryder CEO sees auto-carrier arm selling soon.</title>
<headline>Ryder CEO sees auto-carrier arm selling soon.</headline>
<dateline>MIAMI 1997-04-21</dateline>
<text>
<p>Ryder System Inc chief executive Anthony Burns said on Monday the company was actively talking to possible buyers of its automotive-carrier unit and would probably announce a sale soon.</p>
<p>Burns said in a telephone conference call that Ryder expected to get more than book value and all cash for the transporter of trucks and cars. He gave no figures on the value of the unit, which last year had revenues of $583.3 million.  </p>
<p>&quot;We expect to announce a resolution soon,&quot; Burns said.</p>
<p>Burns said the company had not decided what use it would make of the money realized from the sale but said Ryder's management and board of directors believed strongly in share buybacks when the company had excess capital.</p>
<p>Ryder last fall sold its consumer truck-rental unit as part of a campaign to improve financial performance and just completed a large share buyback. The company has also cut staff and transferred some operations such as computer services to outside companies.</p>
<p>Ryder's Automotive Carrier Services unit transported more than six million vehicles in North America last year but reported a full-year pre-tax loss of $14.7 million and a two percent decline in revenues. The company said the 1996 loss was due to restructuring charges, higher fuel costs and higher wages in a new contract with the Teamsters union.</p>
<p>The unit was profitable during the first three months of 1997, Ryder said in its quarterly earnings report released earlier Monday.</p>
<p>-- Michael Connor - 305-374-5013.</p>
</text>
<copyright>(c) Reuters Limited 1997</copyright>
<metadata>
<codes class="bip:countries:1.0">
  <code code="USA">
    <editdetail attribution="Reuters BIP Coding Group" action="confirmed" date="1997-04-21"/>
  </code>
</codes>
<codes class="bip:industries:1.0">
  <code code="I84803">
    <editdetail attribution="Reuters BIP Coding Group" action="confirmed" date="1997-04-21"/>
  </code>
</codes>
<codes class="bip:topics:1.0">
  <code code="C11">
    <editdetail attribution="Reuters BIP Coding Group" action="confirmed" date="1997-04-21"/>
  </code>
  <code code="C15">
    <editdetail attribution="Reuters BIP Coding Group" action="confirmed" date="1997-04-21"/>
  </code>
  <code code="C152">
    <editdetail attribution="Reuters BIP Coding Group" action="confirmed" date="1997-04-21"/>
  </code>
  <code code="C18">
    <editdetail attribution="Reuters BIP Coding Group" action="confirmed" date="1997-04-21"/>
  </code>
  <code code="C182">
    <editdetail attribution="Reuters BIP Coding Group" action="confirmed" date="1997-04-21"/>
  </code>
  <code code="CCAT">
    <editdetail attribution="Reuters BIP Coding Group" action="confirmed" date="1997-04-21"/>
  </code>
</codes>
<dc element="dc.date.created" value="1997-04-21"/>
<dc element="dc.publisher" value="Reuters Holdings Plc"/>
<dc element="dc.date.published" value="1997-04-21"/>
<dc element="dc.source" value="Reuters"/>
<dc element="dc.creator.location" value="MIAMI"/>
<dc element="dc.creator.location.country.name" value="USA"/>
<dc element="dc.source" value="Reuters"/>
</metadata>
</newsitem>
