<?xml version="1.0" encoding="iso-8859-1" ?>
<newsitem itemid="523859" id="root" date="1997-04-21" xml:lang="en">
<title>USA: GOLF-PRICE WINS HERITAGE GOLF TOURNAMENT.</title>
<headline>GOLF-PRICE WINS HERITAGE GOLF TOURNAMENT.</headline>
<dateline>HILTON HEAD ISLAND, South Carolina 1997-04-20</dateline>
<text>
<p>Zimbabwe's Nick Price led throughout the final round on his</p>
<p>way to a six-stroke victory at the $1.5 million Heritage</p>
<p>Classic golf tournament on Sunday.</p>
<p>Price, who began the day with a two-stroke cushion over</p>
<p>Brad Faxon, doubled his lead after seven holes and was never</p>
<p>in danger after that on his way to a five-under-par 66 in</p>
<p>pleasant conditions at the tight Harbour Town course.</p>
<p>He birdied the final hole to finish at 15-under 269, while</p>
<p>Swede Jesper Parnevik (66) and American Faxon (70) tied for</p>
<p>second on 275.</p>
<p>British Open champion Tom Lehman (72) finished tied at</p>
<p>fourth at six-under 278, which was enough to earn him the</p>
<p>world number one ranking for the first time.</p>
<p>Price He displaced Australian Greg Norman, who had been at</p>
<p>the top for a record 96 consecutive weeks.</p>
<p>Price, winner of three major championships, was ranked</p>
<p>number one in the world for 43 weeks until June, 1995, when he</p>
<p>was ousted by Norman.</p>
<p>But the day belonged to Price, who received $270,000 for</p>
<p>his 15th PGA Tour victory to jump to sixth on this year's</p>
<p>money list.</p>
<p>Price, 39, won twice in jointly-sanctioned European and</p>
<p>South African Tour events in South Africa in February, but</p>
<p>this was his first PGA Tour victory since the Canadian Open in</p>
<p>September, 1994.</p>
<p>&quot;We all know that this is the hardest tour in the world to</p>
<p>win on (although) the two wins in South Africa were a help in</p>
<p>getting me to win today,&quot; said Price.</p>
<p>He dedicated his victory to his caddie, Jeff &quot;Squeeky&quot;</p>
<p>Medlen, who is in hospital in Columbus, Ohio, battling chronic</p>
<p>leukaemia.</p>
<p>&quot;I can't tell you how happy I am. There has been a lot</p>
<p>going on off the course for me. To put it aside and play has</p>
<p>been pretty tough,&quot; Price said.</p>
<p>&quot;I won this for Squeek. It's important for me to win, but</p>
<p>it's more important for him to know how many people are</p>
<p>pulling for him. I think he knows that now,&quot; he said.</p>
<p>&quot;I was so focused out there today. I didn't make a bogey</p>
<p>anywhere. I didn't give (Faxon) any openings, and I think that</p>
<p>was a little discouraging for him.</p>
<p>&quot;I think my long game has been hardened by the fact I</p>
<p>haven't putted well the last year-and-a-half. Towards the end</p>
<p>of last year I honestly didn't think I was ever going to putt</p>
<p>well again,&quot; Price said.</p>
<p>&quot;Then I switched putters two weeks ago and I got on the</p>
<p>putting green at Augusta (at last week's Masters) and I had a</p>
<p>beautiful feel with this putter. Now my putting is coming</p>
<p>together.&quot;</p>
<p>Parnevik, meanwhile, enhanced his European Ryder Cup</p>
<p>claims with his fourth second-placing of the year on the PGA</p>
<p>Tour.</p>
<p>&quot;I was really happy to bring it back,&quot; said Parnevik, who</p>
<p>was four over par after 11 holes of the first round.</p>
<p>Parnevik said he would continue to play most of his golf</p>
<p>on the PGA Tour this year, rather than rejoin the European</p>
<p>Tour in an effort to win points toward making this year's</p>
<p>Ryder Cup team.</p>
<p>&quot;I don't think I am going to rejoin the European Tour as a</p>
<p>full-time member. It's too tough a schedule right now. I want</p>
<p>to give myself a full chance to play over here this year.&quot;</p>
<p>Parnevik, whose wife is expecting their second child any</p>
<p>day, is fourth on this year's PGA Tour money list with</p>
<p>$764,510.</p>
</text>
<copyright>(c) Reuters Limited 1997</copyright>
<metadata>
<codes class="bip:countries:1.0">
  <code code="USA">
    <editdetail attribution="Reuters BIP Coding Group" action="confirmed" date="1997-04-21"/>
  </code>
  <code code="ZIMBAB">
    <editdetail attribution="Reuters BIP Coding Group" action="confirmed" date="1997-04-21"/>
  </code>
</codes>
<codes class="bip:topics:1.0">
  <code code="GCAT">
    <editdetail attribution="Reuters BIP Coding Group" action="confirmed" date="1997-04-21"/>
  </code>
  <code code="GSPO">
    <editdetail attribution="Reuters BIP Coding Group" action="confirmed" date="1997-04-21"/>
  </code>
</codes>
<dc element="dc.date.created" value="1997-04-20"/>
<dc element="dc.publisher" value="Reuters Holdings Plc"/>
<dc element="dc.date.published" value="1997-04-21"/>
<dc element="dc.source" value="Reuters"/>
<dc element="dc.creator.location" value="HILTON HEAD ISLAND, South Carolina"/>
<dc element="dc.creator.location.country.name" value="USA"/>
<dc element="dc.source" value="Reuters"/>
</metadata>
</newsitem>
