<?xml version="1.0" encoding="iso-8859-1" ?>
<newsitem itemid="523824" id="root" date="1997-04-21" xml:lang="en">
<title>USA: Telular gets $10 million in financing.</title>
<headline>Telular gets $10 million in financing.</headline>
<dateline>BUFFALO GROVE, Ill. 1997-04-21</dateline>
<text>
<p>Telular Corp said Monday it has issued 10,000 shares of Series A Convertible Preferred Stock in exchange for about $10 million.</p>
<p>Telular said the funds will be used to develop new products for the worldwide Fixed Wireless Terminal business.</p>
<p>&quot;We believe the market for Wireless Local Loop is experiencing substantial growth and Telular will devote the resources to meet the customer requirements in both analog and digital standards,&quot; said Ken Millard, Telular president and chief executive officer, in a statement.  </p>
<p>The preferred stock carries a five percent annual stock dividend. The preferred stock automatically converts to Telular common stock on April 16, 1999, or October 16, 1999, depending upon the conversion price.</p>
<p>Prior to maturity, the preferred stock is convertible by the holders or the company under specific terms and conditions. In both cases, the conversion formula is based on the Nasdaq closing bid prices for the company's common stock. The company also has the right to redeem the preferred stock for cash at defined terms.</p>
<p>Telular has developed telecommunications interface technology that switches a standard phone system, fax, computer modem or monitored alarm system to available wireless service for either primary or back-up communications.</p>
<p>The transaction was arranged by Lehman Brothers.</p>
<p>	    ((Chicago newsdesk 312 408 8787))</p>
</text>
<copyright>(c) Reuters Limited 1997</copyright>
<metadata>
<codes class="bip:countries:1.0">
  <code code="USA">
    <editdetail attribution="Reuters BIP Coding Group" action="confirmed" date="1997-04-21"/>
  </code>
</codes>
<codes class="bip:industries:1.0">
  <code code="I34400">
    <editdetail attribution="Reuters BIP Coding Group" action="confirmed" date="1997-04-21"/>
  </code>
</codes>
<codes class="bip:topics:1.0">
  <code code="C17">
    <editdetail attribution="Reuters BIP Coding Group" action="confirmed" date="1997-04-21"/>
  </code>
  <code code="C171">
    <editdetail attribution="Reuters BIP Coding Group" action="confirmed" date="1997-04-21"/>
  </code>
  <code code="CCAT">
    <editdetail attribution="Reuters BIP Coding Group" action="confirmed" date="1997-04-21"/>
  </code>
</codes>
<dc element="dc.date.created" value="1997-04-21"/>
<dc element="dc.publisher" value="Reuters Holdings Plc"/>
<dc element="dc.date.published" value="1997-04-21"/>
<dc element="dc.source" value="Reuters"/>
<dc element="dc.creator.location" value="BUFFALO GROVE, Ill."/>
<dc element="dc.creator.location.country.name" value="USA"/>
<dc element="dc.source" value="Reuters"/>
</metadata>
</newsitem>
