<?xml version="1.0" encoding="iso-8859-1" ?>
<newsitem itemid="523896" id="root" date="1997-04-21" xml:lang="en">
<title>USA: ATHLETICS-LEADING BOSTON MARATHON RESULTS.</title>
<headline>ATHLETICS-LEADING BOSTON MARATHON RESULTS.</headline>
<dateline>BOSTON 1997-04-21</dateline>
<text>
<p>Leading results from the 101st</p>
<p>Boston Marathon on Monday:</p>
<p>Men</p>
<p>1. Lameck Aguta (Kenya) two hours 10 minutes 34 seconds</p>
<p>2. Joseph Kamau (Kenya) 2:10:46</p>
<p>3. Dionicio Ceron (Mexico) 2:10:59</p>
<p>4. German Silva (Mexico) 2:11:21</p>
<p>5. Moses Tanui (Kenya) 2:11:38</p>
<p>6. Jimmy Muindi (Kenya) 2:12:49</p>
<p>7. Andre Ramos (Brazil) 2:13:10</p>
<p>8. Jose Luis Molina (Costa Rica) 2:13:34</p>
<p>9. Bekele Tesfaye (Ethiopia) 2:14:02</p>
<p>10. Nelson Ndereva (Kenya) 2:14:12</p>
<p>11. Charles Tangus (Kenya) 2:14:34</p>
<p>12. Ezekiel Bitok (Kenya) 2:14:57</p>
<p>13. Joshua Kimaiyo (Kenya) 2:15:29</p>
<p>14. Andres Espinosa (Mexico) 2:16:19</p>
<p>15. Thabisco Moqhali (Lesotho) 2:16:32</p>
<p>Women</p>
<p>1. Fatuma Roba (Ethiopia) 2:26:23</p>
<p>2. Elana Meyer (South Africa) 2:27:09</p>
<p>3. Colleen De Reuck (South Africa) 2:28:03</p>
<p>4. Uta Pippig (Germany) 2:28:51</p>
<p>5. Derartu Tulu (Ethiopia) 2:30:28</p>
<p>6. Junko Asari (Japan) 2:31:12</p>
<p>7. Alla Jiliaeva (Russia) 2:31:55</p>
<p>8. Sonia Maccioni (Italy) 2:31:59</p>
<p>9. Kim Jones (U.S.) 2:32:52</p>
<p>10. Debbie Kilpatrick (U.S.) 2:36:04</p>
<p>11. Maria Carmen Diaz (Mexico) 2:37:16</p>
<p>12. Tamara Karlioukova (Russia) 2:37:33</p>
<p>13. Yukari Komatsu (Japan) 2:37:44</p>
<p>14. Ida Mitten (Canada) 2:39:27</p>
<p>15. Svetlana Vasilieva (Russia) 2:39:59</p>
</text>
<copyright>(c) Reuters Limited 1997</copyright>
<metadata>
<codes class="bip:countries:1.0">
  <code code="KENYA">
    <editdetail attribution="Reuters BIP Coding Group" action="confirmed" date="1997-04-21"/>
  </code>
  <code code="USA">
    <editdetail attribution="Reuters BIP Coding Group" action="confirmed" date="1997-04-21"/>
  </code>
</codes>
<codes class="bip:topics:1.0">
  <code code="GCAT">
    <editdetail attribution="Reuters BIP Coding Group" action="confirmed" date="1997-04-21"/>
  </code>
  <code code="GSPO">
    <editdetail attribution="Reuters BIP Coding Group" action="confirmed" date="1997-04-21"/>
  </code>
</codes>
<dc element="dc.date.created" value="1997-04-21"/>
<dc element="dc.publisher" value="Reuters Holdings Plc"/>
<dc element="dc.date.published" value="1997-04-21"/>
<dc element="dc.source" value="Reuters"/>
<dc element="dc.creator.location" value="BOSTON"/>
<dc element="dc.creator.location.country.name" value="USA"/>
<dc element="dc.source" value="Reuters"/>
</metadata>
</newsitem>
