<?xml version="1.0" encoding="iso-8859-1" ?>
<newsitem itemid="523906" id="root" date="1997-04-21" xml:lang="en">
<title>USA: BASEBALL-SUNDAY'S MAJOR LEAGUE RESULTS.</title>
<headline>BASEBALL-SUNDAY'S MAJOR LEAGUE RESULTS.</headline>
<dateline>NEW YORK 1997-04-20</dateline>
<text>
<p>Results of Major League</p>
<p>Baseball games played on Sunday (home team in CAPS):</p>
<p>		American League</p>
<p> Baltimore	 11  BOSTON	   1</p>
<p> CLEVELAND	  6  Milwaukee	4</p>
<p> DETROIT	    9  Oakland	  2</p>
<p> CHICAGO	    8  New York	 7 (11 inns</p>
<p> Anaheim	   11  KANSAS CITY    1</p>
<p> TEXAS	     10  Toronto	  5</p>
<p> SEATTLE	   10  Minnesota	6</p>
<p>		National League</p>
<p> Montreal	   5  PHILADELPHIA   1 (1ST GM)</p>
<p> Montreal	   3  PHILADELPHIA   0 (2ND GM)</p>
<p> PITTSBURGH	 5  Cincinnati     3</p>
<p> COLORADO	   9  Atlanta	  2</p>
<p> Houston	    3  LOS ANGELES    1</p>
<p> SAN FRANCISCO    2  Florida	  0</p>
<p> NY METS	    8  Chicago Cubs   2 (1ST GM)</p>
<p> Chicago Cubs     4  NY METS	  3 (2ND GM)</p>
<p>(SAN DIEGO  vs St Louis -- night)</p>
</text>
<copyright>(c) Reuters Limited 1997</copyright>
<metadata>
<codes class="bip:countries:1.0">
  <code code="CANA">
    <editdetail attribution="Reuters BIP Coding Group" action="confirmed" date="1997-04-21"/>
  </code>
  <code code="USA">
    <editdetail attribution="Reuters BIP Coding Group" action="confirmed" date="1997-04-21"/>
  </code>
</codes>
<codes class="bip:topics:1.0">
  <code code="GCAT">
    <editdetail attribution="Reuters BIP Coding Group" action="confirmed" date="1997-04-21"/>
  </code>
  <code code="GSPO">
    <editdetail attribution="Reuters BIP Coding Group" action="confirmed" date="1997-04-21"/>
  </code>
</codes>
<dc element="dc.date.created" value="1997-04-20"/>
<dc element="dc.publisher" value="Reuters Holdings Plc"/>
<dc element="dc.date.published" value="1997-04-21"/>
<dc element="dc.source" value="Reuters"/>
<dc element="dc.creator.location" value="NEW YORK"/>
<dc element="dc.creator.location.country.name" value="USA"/>
<dc element="dc.source" value="Reuters"/>
</metadata>
</newsitem>
