<?xml version="1.0" encoding="iso-8859-1" ?>
<newsitem itemid="523920" id="root" date="1997-04-21" xml:lang="en">
<title>AUSTRIA: SKI JUMPING-GOLDBERGER'S FUTURE TO BE DECIDED ON MONDAY.</title>
<headline>SKI JUMPING-GOLDBERGER'S FUTURE TO BE DECIDED ON MONDAY.</headline>
<dateline>VIENNA 1997-04-21</dateline>
<text>
<p>The Austrian ski federation (OSV) said it would decide on Monday what action to take against ski jumper Andreas Goldberger who has admitted to using cocaine.</p>
<p>Goldberger, 25, overall World Cup ski jumping and ski flying champion in 1995 and 1996, told Austrian television ORF on Sunday that he took the drug at a Vienna disco a year ago.</p>
<p>Goldberger dismissed accusations he had regularly bought, sold and consumed large amounts of the drug. He said police had questioned him and searched his house but that no evidence had been found.</p>
<p>&quot;I was curious and I tried it once. It was a big mistake,&quot; Goldberger said.</p>
<p>OSV president Peter Schroecksnadel told the Austrian news agency APA on Monday the federation had temporarily suspended Goldberger until a disciplinary board meeting.</p>
<p>An OSV spokeswoman said the disciplinary board would meet on Monday afternoon to discuss the case.</p>
</text>
<copyright>(c) Reuters Limited 1997</copyright>
<metadata>
<codes class="bip:countries:1.0">
  <code code="AUST">
    <editdetail attribution="Reuters BIP Coding Group" action="confirmed" date="1997-04-21"/>
  </code>
</codes>
<codes class="bip:topics:1.0">
  <code code="GCAT">
    <editdetail attribution="Reuters BIP Coding Group" action="confirmed" date="1997-04-21"/>
  </code>
  <code code="GSPO">
    <editdetail attribution="Reuters BIP Coding Group" action="confirmed" date="1997-04-21"/>
  </code>
</codes>
<dc element="dc.date.created" value="1997-04-21"/>
<dc element="dc.publisher" value="Reuters Holdings Plc"/>
<dc element="dc.date.published" value="1997-04-21"/>
<dc element="dc.source" value="Reuters"/>
<dc element="dc.creator.location" value="VIENNA"/>
<dc element="dc.creator.location.country.name" value="AUSTRIA"/>
<dc element="dc.source" value="Reuters"/>
</metadata>
</newsitem>
