<?xml version="1.0" encoding="iso-8859-1" ?>
<newsitem itemid="691457" id="root" date="1997-06-27" xml:lang="en">
<title>USA: TCI Communications Digital-TV VP resigns.</title>
<headline>TCI Communications Digital-TV VP resigns.</headline>
<dateline>ENGLEWOOD, Colo 1997-06-27</dateline>
<text>
<p>TCI Communications Inc said Friday that it had accepted the resignation of its senior vice president of Digital TV and corporate marketing, Camille Jayne.</p>
<p>The company said in a statement that Jayne had accepted a position as senior partner with BHC Consulting, a management consulting and market research firm in Oakland, California.</p>
<p>&quot;Jayne has assisted the company in identifying her successor and will continue to consult with the company during a transition of her responsibilities,&quot; the statement said.</p>
<p>The company did not provide the names of any potential successors in the statement and did not immediately return a call seeking more details.</p>
</text>
<copyright>(c) Reuters Limited 1997</copyright>
<metadata>
<codes class="bip:countries:1.0">
  <code code="USA">
    <editdetail attribution="Reuters BIP Coding Group" action="confirmed" date="1997-06-27"/>
  </code>
</codes>
<codes class="bip:industries:1.0">
  <code code="I9741109">
    <editdetail attribution="Reuters BIP Coding Group" action="confirmed" date="1997-06-27"/>
  </code>
</codes>
<codes class="bip:topics:1.0">
  <code code="C41">
    <editdetail attribution="Reuters BIP Coding Group" action="confirmed" date="1997-06-27"/>
  </code>
  <code code="C411">
    <editdetail attribution="Reuters BIP Coding Group" action="confirmed" date="1997-06-27"/>
  </code>
  <code code="CCAT">
    <editdetail attribution="Reuters BIP Coding Group" action="confirmed" date="1997-06-27"/>
  </code>
</codes>
<dc element="dc.date.created" value="1997-06-27"/>
<dc element="dc.publisher" value="Reuters Holdings Plc"/>
<dc element="dc.date.published" value="1997-06-27"/>
<dc element="dc.source" value="Reuters"/>
<dc element="dc.creator.location" value="ENGLEWOOD, Colo"/>
<dc element="dc.creator.location.country.name" value="USA"/>
<dc element="dc.source" value="Reuters"/>
</metadata>
</newsitem>
