<?xml version="1.0" encoding="iso-8859-1" ?>
<newsitem itemid="691403" id="root" date="1997-06-27" xml:lang="en">
<title>EU: EP Institutional Committee agenda - July 1-2.</title>
<headline>EP Institutional Committee agenda - July 1-2.</headline>
<text>
<p>Committee on Institutional Affairs [[ Tuesday 01 July 1997 ]]</p>
<p>0.1</p>
<p>1. Adoption of draft agenda (1) (PE223.059 )</p>
<p>2. Approval of minutes of meeting of: - 26 and 27 May 1997 (PE222.687 )</p>
<p>3. Chairman's announcements</p>
<p>===] In the presence of the Council and Commission</p>
<p>4. The Amsterdam Treaty (CONF4001/97 ) - Exchange of views with Mr J. Poos, President-in-Office of the Council ((2) )</p>
<p>5. Incorporating equal opportunities for women and men into all Community policies and activities (mainstreaming) (T04317) COS0390 COM(96)0067 C4-0148/96 + INST Avis F FEMM Fond KOKKOLA Angela. (PSE) (PE222.553 ) - Draftsman: Mrs Izquierdo Rojo - Adoption of draft opinion (PE223.058 )</p>
<p>6. The Amsterdam Treaty - Rapporteurs: - Exchange of views</p>
<p>7. Union rights (T03543) (T03543) INI0298 INI0298 + INST Avis A SCHAFER Axel. (PSE) (PE221.687 ) F ASOC Fond R OOMEN-RUIJTEN M.G.H. (PE220.024 ) (PPE) - Exchange of views</p>
<p>8. Extradition between the Member States of the EU: convention drawn up on the basis of Article K.3 of the EU Treaty (T05330) (T05330) COS0498 C4-640/96 C4-0640/96 + INST Avis F LIBE Fond R PALACIO VALLELERSUND (PPE) (PE220.950 ) - Rapporteur: Mr Voggenhubber - Adoption of draft opinion (PE223.060 )</p>
<p>9. 1998 General Budget (Echange of views to be confirmed) - Rapporteur: BUDGETS: TILLICH (PPE) - Draftsman: INST: BOURLANGES (PPE)</p>
<p>10. Any other business</p>
<p>11. Date of next meeting in Brussels (PE/XV/OJ/97-19 )</p>
<p>11.1</p>
<p>[FOOTNOTES]1. ) A coordinators' meeting will be held after the meeting</p>
<p>2. ) This exchange of views will be held on Tuesday, 1 July 1997 from 3 p.m. - FIN - END OF DOCUMENT.</p>
</text>
<copyright>(c) Reuters Limited 1997</copyright>
<metadata>
<codes class="bip:countries:1.0">
  <code code="EEC">
    <editdetail attribution="Reuters BIP Coding Group" action="confirmed" date="1997-06-27"/>
  </code>
</codes>
<codes class="bip:topics:1.0">
  <code code="G15">
    <editdetail attribution="Reuters BIP Coding Group" action="confirmed" date="1997-06-27"/>
  </code>
  <code code="GCAT">
    <editdetail attribution="Reuters BIP Coding Group" action="confirmed" date="1997-06-27"/>
  </code>
</codes>
<dc element="dc.publisher" value="Reuters Holdings Plc"/>
<dc element="dc.date.published" value="1997-06-27"/>
<dc element="dc.source" value="Reuters"/>
<dc element="dc.creator.location.country.name" value="EU"/>
<dc element="dc.source" value="Reuters"/>
</metadata>
</newsitem>
