<?xml version="1.0" encoding="iso-8859-1" ?>
<newsitem itemid="691401" id="root" date="1997-06-27" xml:lang="en">
<title>EU: EP Rules of Procedure Committee agenda - July 2-3.</title>
<headline>EP Rules of Procedure Committee agenda - July 2-3.</headline>
<text>
<p>Committee on the Rules of Procedure, the Verification of Credentials and Immunities</p>
<p>[[ Wednesday 02 July 1997 ]]</p>
<p>1. Adoption of draft agenda (PE222.972 )</p>
<p>===] VERIFICATION OF CREDENTIALS (possibly)</p>
<p>2. Verification of credentials (DVR0368 )</p>
<p>(PE222.974 )</p>
<p>3. Resignation of Mr Leen van der WAAL (PE222.973 )</p>
<p>===] INTERPRETATION</p>
<p>4. Rule 123(5): objections concerning the vote on Mrs Riis-Jorgensen's report (T05321) REG0105 REG0105 + REGL Fond R FABRE-AUBRESPY Herve (EDN) (PE222.971 ) - Consideration of a draft interpretation</p>
<p>===] MODIFICATION</p>
<p>5. Rule 116 (split voting) (T04196) REG0060 A4-0089/97 + REGL Fond R DONNELLY Brendan P. (PPE) - Decision on action to be taken concerning report referred back to committee</p>
<p>6. Assistants: regulations and duties (T04835) REG0067 + REGL Fond R LEHNE Klaus-Heiner. (PPE) - Exchange of views (continued)</p>
<p>7. Simplification of procedures for the presentation of annual reports to Parliament (T04623) INI0479 INI0479 + REGL Fond R CROWLEY Brian. (UPE) - Consideration of working document</p>
<p>8. Rule 156: right of petition (T05318) REG0102 REG0102 B4-1091/96 B4-1091/96 + REGL Fond R WIBE Soren. (PSE) + REGL Fond WIBE Soren. (PSE) - Exchange of views - Setting of deadline for Committee on Petitions</p>
<p>9. Rule 154: report for the Parliamentary Assembly of the Council of Europe (T05317) REG0101 REG0101 B4-0717/96 B4-0717/96 + REGL Fond R DELL'ALBA Gianfranco (ARE) (PE222.330 ) + REGL Fond DELL'ALBA Gianfranco (ARE) (PE222.330 ) - Consideration of draft report</p>
<p>10. Rule 75 - delegation to Conciliation Committee (T05522) REG0107 REG0107 + REGL Fond R FORD James G. (PSE) - Initial exchange of views</p>
<p>10.1 * * *</p>
<p>11. Sending of a delegation to Stockholm (VIS0181 )</p>
<p>12. Action to be taken concerning proposals from coordinators (1)</p>
<p>13. Any other business</p>
<p>14. Date of next meeting (PE/XVIII/OJ/97-10 )</p>
<p>[FOOTNOTES]1. ) Possibly, coordinators' meeting on Wednesday, 2 July 1997, after committee meeting - FIN - END OF DOCUMENT.</p>
</text>
<copyright>(c) Reuters Limited 1997</copyright>
<metadata>
<codes class="bip:countries:1.0">
  <code code="EEC">
    <editdetail attribution="Reuters BIP Coding Group" action="confirmed" date="1997-06-27"/>
  </code>
</codes>
<codes class="bip:topics:1.0">
  <code code="G15">
    <editdetail attribution="Reuters BIP Coding Group" action="confirmed" date="1997-06-27"/>
  </code>
  <code code="GCAT">
    <editdetail attribution="Reuters BIP Coding Group" action="confirmed" date="1997-06-27"/>
  </code>
</codes>
<dc element="dc.publisher" value="Reuters Holdings Plc"/>
<dc element="dc.date.published" value="1997-06-27"/>
<dc element="dc.source" value="Reuters"/>
<dc element="dc.creator.location.country.name" value="EU"/>
<dc element="dc.source" value="Reuters"/>
</metadata>
</newsitem>
