<?xml version="1.0" encoding="iso-8859-1" ?>
<newsitem itemid="691423" id="root" date="1997-06-27" xml:lang="en">
<title>USA: U.S. Cattle/Beef Daily Summary.</title>
<headline>U.S. Cattle/Beef Daily Summary.</headline>
<text>
<p>Midwest and High Plains Direct Slaughter Cattle: Fri, June 27, 1997</p>
<p>==========================================================================</p>
<p>	   : Tex-OK: KS    : NE    : IA    : CO    :5 Area : Lst Wk :Lst Yr</p>
<p>-------------------------------(Movement)---------------------------------</p>
<p>Friday   :   None:    200:    200:    100:  None :    500 :    600:  1,000</p>
<p>Wk-Date  : ------: ------: ------: ------: -----   ------ :	 :</p>
<p>Lst Wk   : ------: ------: ------: ------: -----   ------ :	 :</p>
<p>Lst Yr   : ------: ------: ------: ------: -----   ------ :	 :</p>
<p>--------------------------------(Prices)----------------------------------</p>
<p>Fri Lv   : ----- : 63.00 : ----- : ----- : -----   -----  : 64.00 : -----</p>
<p> Str     :	 :	 :	 :	 :		    :	 :</p>
<p>Fri Lv   : ----- : ----- : ----- : ----- : -----   -----  : 63.50-: 61.50-</p>
<p> Hfr     :	 :	 :	 :	 :		    : 64.00 : 62.50</p>
<p>Fri Dr   :------ :------ :102.00 :------ :------  ------  :103.00 : 98.00</p>
<p> Str     :	 :	 :	 :	 :		    :	 :</p>
<p>Fri Dr   :------ :------ :------ :------ :------  ------  :------ : 97.00-</p>
<p> Hfr     :	 :	 :	 :	 :		    :	 : 98.00</p>
<p>==========================================================================</p>
<p>Live Strs: (Wted Averages for Thu, Jun 26, 1997)			:</p>
<p>No. Hd   :  2,363:  3,515:    ---:    782:    ---:  6,660 : 45,980:  2,387</p>
<p>Av. Wt   :   1156:   1223:   ----:   1217:   ----:   1198 :   1181:   1213</p>
<p>Av. Pr   :  63.00:  62.86:  -----:  63.81:  -----:  63.03 :  64.03:  61.03</p>
<p>--------------------------------------------------------------------------</p>
<p>Live Hfrs: (Wted Averages for Thu, Jun 26, 1997)			:</p>
<p>No. Hd   :    185:  2,042:    209:    233:    ---:  2,669 : 36,855:  2,930</p>
<p>Av. Wt   :   1050:   1058:   1159:   1084:   ----:   1067 :   1073:   1104</p>
<p>Av. Pr   :  63.00:  62.39:  64.00:  63.68:  -----:  62.67 :  64.00:  60.71</p>
<p>--------------------------------------------------------------------------</p>
<p>Drsd Strs: (Wted Averages for Thu, Jun 26, 1997)			:</p>
<p>No. Hd   :    ---:    224:    818:    262:    ---:  1,304 :  1,143:  4,889</p>
<p>Av. Wt   :   ----:   1225:   1251:   1259:   ----:   1248 :   1226:   1259</p>
<p>Av. Pr   : ------: 103.00: 102.72: 103.00: ------: 102.83 : 103.78:  98.00</p>
<p>--------------------------------------------------------------------------</p>
<p>Drsd Hfrs: (Wted Averages for Thu, Jun 26, 1997)			:</p>
<p>No. Hd   :    ---:    100:    182:    465:    ---:    747 :    626:  1,955</p>
<p>Av. Wt   :   ----:   1150:   1132:   1094:   ----:   1110 :   1083:   1130</p>
<p>Av. Pr   : ------: 102.50: 102.22: 101.34: ------: 101.71 : 103.44:  98.00</p>
<p>--------------------------------------------------------------------------</p>
<p>Thu   Wtd:  2,548:  5,881:  1,209:  1,742:  -----: 11,380 : 84,604: 12,161</p>
<p>Ttl other:    985:  9,862:  1,775:    458:  -----: 13,080 : 37,244: 11,318</p>
<p>==========================================================================</p>
<p>     (06-27-97) Boxed Beef	     Choice	  Select	359 Fab lds</p>
<p>Cutout Value:   550-700 lbs	 101.27 -0.06   96.00 -0.09   28 50's lds</p>
<p>		    700-850 lbs	 100.87 -0.31   95.26 -0.30   10 Grd  lds</p>
<p>==========================================================================</p>
<p>						    (06-27-97) (06-28-97) Week to date</p>
<p>Est'd Fed Inspected Cattle Slaughter:    133,000     69,000	  728,000</p>
<p>=========================================================================</p>
<p>USDA Market News</p>
<p>((Chicago newsdesk 312 408 8720))</p>
</text>
<copyright>(c) Reuters Limited 1997</copyright>
<metadata>
<codes class="bip:countries:1.0">
  <code code="USA">
    <editdetail attribution="Reuters BIP Coding Group" action="confirmed" date="1997-06-27"/>
  </code>
</codes>
<codes class="bip:topics:1.0">
  <code code="M14">
    <editdetail attribution="Reuters BIP Coding Group" action="confirmed" date="1997-06-27"/>
  </code>
  <code code="M141">
    <editdetail attribution="Reuters BIP Coding Group" action="confirmed" date="1997-06-27"/>
  </code>
  <code code="MCAT">
    <editdetail attribution="Reuters BIP Coding Group" action="confirmed" date="1997-06-27"/>
  </code>
</codes>
<dc element="dc.publisher" value="Reuters Holdings Plc"/>
<dc element="dc.date.published" value="1997-06-27"/>
<dc element="dc.source" value="Reuters"/>
<dc element="dc.creator.location.country.name" value="USA"/>
<dc element="dc.source" value="Reuters"/>
</metadata>
</newsitem>
