<?xml version="1.0" encoding="iso-8859-1" ?>
<newsitem itemid="691418" id="root" date="1997-06-27" xml:lang="en">
<title>CANADA: Gandalf regains plant access, resumes ops.</title>
<headline>Gandalf regains plant access, resumes ops.</headline>
<dateline>OTTAWA 1997-06-27</dateline>
<text>
<p>Gandalf Technologies Inc said on Friday that it regained access to its plant in the Ottawa suburb of Nepean and resumed full operations after its landlord locked out about 300 workers on Thursday.</p>
<p>Early yesterday Glenview Corp shut the doors of Gandalf's rented headquarters but the computer equipment maker was given court permission to force its landlord to re-open the plant late in the day.</p>
<p>Also, Glenview was forced to pay Gandalf fixed legal costs, Gandalf said in a statement.  </p>
<p>Glenview told local newspaper Ottawa Citizen that it was concerned Gandalf, which had been late with property taxes in the past, would not be able to ante up by a Friday deadline of 1700 EDT. The judge gave Gandalf until July 3 to pay.</p>
<p>&quot;It's probably cost a fair bit of disruption to the company,&quot; said Marleau, Lemire Securities analyst Brian Piccioni.  </p>
<p>Glenview could not have picked a worse time, the Citizen said. Gandalf traditionally makes up close to 70 percent of its revenues in the final month of each quarter and up to 20 percent in the last week.</p>
<p>&quot;It's unlikely that they'll get financing -- it's a dead issue,&quot; said an analyst who declined to be identified.</p>
<p>Gandalf said on June 6 it had exceeded its available margin amount on its Royal Bank of Canada credit line. The line was chopped to C$13 million from C$20 million when Gandalf reported poor fiscal 1997 fourth quarter results in May and fell into technical default on its loan.  </p>
<p>Shares in Gandalf, halted in the late morning while market players awaited the company's news today, dropped when they resumed trading.</p>
<p>Gandalf slipped another three cents to 0.90 on the Toronto Stock Exchange after falling 0.14 to 0.93 from Friday's open.</p>
<p>On Nasdaq shares fell 8/32 to 19/32 after the morning bell. &quot;You don't want to have people investing in this stock,&quot; Piccioni added.</p>
<p>The anonymous analyst added that Gandalf had a better chance to find a buyer as the over-inflated share price tumbles, cutting the company's capital.  </p>
<p>&quot;Either the stock price erodes to such a point where a buyer steps in,&quot; he said. Or &quot;they wither away.&quot;</p>
<p>Piccioni estimated that if Toronto shares slip to about 0.50, the company would be valued at about C$15-C$20 million. The price tag would increase to C$30-C$40 million once debt was tacked on.</p>
<p>Piccioni said the company will be under pressure with nervous creditors. &quot;It would be likely that you see developments in the next few weeks.&quot;</p>
<p>Another anonymous analyst added that &quot;Gandalf's options are dwindling by the week.&quot; He forecast that only the company's equipment would be bought out by Ottawa-based computer companies.</p>
<p>&quot;I think it's a bad business and it's getting worse,&quot; he said.</p>
<p>((Reuters Toronto Bureau (416) 941-8100))</p>
</text>
<copyright>(c) Reuters Limited 1997</copyright>
<metadata>
<codes class="bip:countries:1.0">
  <code code="CANA">
    <editdetail attribution="Reuters BIP Coding Group" action="confirmed" date="1997-06-27"/>
  </code>
</codes>
<codes class="bip:industries:1.0">
  <code code="I33030">
    <editdetail attribution="Reuters BIP Coding Group" action="confirmed" date="1997-06-27"/>
  </code>
</codes>
<codes class="bip:topics:1.0">
  <code code="C21">
    <editdetail attribution="Reuters BIP Coding Group" action="confirmed" date="1997-06-27"/>
  </code>
  <code code="C24">
    <editdetail attribution="Reuters BIP Coding Group" action="confirmed" date="1997-06-27"/>
  </code>
  <code code="CCAT">
    <editdetail attribution="Reuters BIP Coding Group" action="confirmed" date="1997-06-27"/>
  </code>
</codes>
<dc element="dc.date.created" value="1997-06-27"/>
<dc element="dc.publisher" value="Reuters Holdings Plc"/>
<dc element="dc.date.published" value="1997-06-27"/>
<dc element="dc.source" value="Reuters"/>
<dc element="dc.creator.location" value="OTTAWA"/>
<dc element="dc.creator.location.country.name" value="CANADA"/>
<dc element="dc.source" value="Reuters"/>
</metadata>
</newsitem>
