<?xml version="1.0" encoding="iso-8859-1" ?>
<newsitem itemid="691421" id="root" date="1997-06-27" xml:lang="en">
<title>CANADA: IPL plans C$650 mln pipeline.</title>
<headline>IPL plans C$650 mln pipeline.</headline>
<dateline>CALGARY 1997-06-27</dateline>
<text>
<p>IPL Energy Inc said on Friday it planned to build a C$650 million natural gas pipeline link to eastern Canada and the northeastern United States from Chicago.</p>
<p>IPL said the new pipeline would have a capacity of one billion cubic feet a day and link the Chicago hub to markets in eastern Canada and the northeast United States, including New York State.</p>
<p>It said the pipeline would follow existing pipeline rights of way for 354 miles from the terminus of Chicago to Sarnia, Ontario where it would connect with storage and transmission plants of other Ontario gas distributors.</p>
<p>Sarnia is next to the origin of the proposed Millennium Pipeline to the New York market.</p>
<p>IPL said it planned to start an open season in July with regulatory filings in the United States and Canada anticipated in autumn 1997 and completion of construction in late 1999.</p>
<p>((Gilbert Le Gras, Winnipeg Reuters bureau 204 947 3548))</p>
</text>
<copyright>(c) Reuters Limited 1997</copyright>
<metadata>
<codes class="bip:countries:1.0">
  <code code="CANA">
    <editdetail attribution="Reuters BIP Coding Group" action="confirmed" date="1997-06-27"/>
  </code>
  <code code="USA">
    <editdetail attribution="Reuters BIP Coding Group" action="confirmed" date="1997-06-27"/>
  </code>
</codes>
<codes class="bip:industries:1.0">
  <code code="I13000">
    <editdetail attribution="Reuters BIP Coding Group" action="confirmed" date="1997-06-27"/>
  </code>
</codes>
<codes class="bip:topics:1.0">
  <code code="C24">
    <editdetail attribution="Reuters BIP Coding Group" action="confirmed" date="1997-06-27"/>
  </code>
  <code code="CCAT">
    <editdetail attribution="Reuters BIP Coding Group" action="confirmed" date="1997-06-27"/>
  </code>
</codes>
<dc element="dc.date.created" value="1997-06-27"/>
<dc element="dc.publisher" value="Reuters Holdings Plc"/>
<dc element="dc.date.published" value="1997-06-27"/>
<dc element="dc.source" value="Reuters"/>
<dc element="dc.creator.location" value="CALGARY"/>
<dc element="dc.creator.location.country.name" value="CANADA"/>
<dc element="dc.source" value="Reuters"/>
</metadata>
</newsitem>
