<?xml version="1.0" encoding="iso-8859-1" ?>
<newsitem itemid="691494" id="root" date="1997-06-27" xml:lang="en">
<title>USA: Nasdaq ends slightly firmer, but techs sag.</title>
<headline>Nasdaq ends slightly firmer, but techs sag.</headline>
<dateline>NEW YORK 1997-06-27</dateline>
<text>
<p>Nasdaq shares snapped a two-day losing streak and ended slightly higher Friday, despite lackluster performance by several technology issues.</p>
<p>The Nasdaq composite index gained 1.77 points or 0.12 percent to close unofficially at 1438.15. Advancing issues beat decliners 2350 to 1867 on total volume of 560 million shares.</p>
<p>&quot;It's the end of the quarter, so people migrated towards what they think are more stable stocks and shied away from techs. People are a bit more cautious, so they stayed off to the side,&quot; one trader said.</p>
<p>Intel Corp, Dell Computer Corp, and Microsoft Corp each lost ground.</p>
<p>PacifiCare Health Systems Inc plunged 6-1/2 to 59-3/8 after the managed health care company said its second quarter results would fall sharply below expectations.</p>
<p>Syquest Technology Inc, the most active Nasdaq issue, gained 21/32 to 2-1/2 after the company said revenues for the third quarter ending in June will exceed those of the second quarter. VLSI Technology Inc gained 2-11/16 to 25-1/4 after Salomon Brothers upgraded the stock to strong buy from hold.</p>
</text>
<copyright>(c) Reuters Limited 1997</copyright>
<metadata>
<codes class="bip:countries:1.0">
  <code code="USA">
    <editdetail attribution="Reuters BIP Coding Group" action="confirmed" date="1997-06-27"/>
  </code>
</codes>
<codes class="bip:topics:1.0">
  <code code="M11">
    <editdetail attribution="Reuters BIP Coding Group" action="confirmed" date="1997-06-27"/>
  </code>
  <code code="MCAT">
    <editdetail attribution="Reuters BIP Coding Group" action="confirmed" date="1997-06-27"/>
  </code>
</codes>
<dc element="dc.date.created" value="1997-06-27"/>
<dc element="dc.publisher" value="Reuters Holdings Plc"/>
<dc element="dc.date.published" value="1997-06-27"/>
<dc element="dc.source" value="Reuters"/>
<dc element="dc.creator.location" value="NEW YORK"/>
<dc element="dc.creator.location.country.name" value="USA"/>
<dc element="dc.source" value="Reuters"/>
</metadata>
</newsitem>
