<?xml version="1.0" encoding="iso-8859-1" ?>
<newsitem itemid="691442" id="root" date="1997-06-27" xml:lang="en">
<title>USA: Two die in chemical accident on tanker ship.</title>
<headline>Two die in chemical accident on tanker ship.</headline>
<dateline>HOUSTON 1997-06-27</dateline>
<text>
<p>Two men died on Friday when they were overcome by a toxic chemical being loaded into a tanker ship and fell into the tank.</p>
<p>U.S. Coast Guard Petty Officer Scott Clingenpeel said the bodies of the victims had not yet been retrieved because the tanker was filled with ethylene dichloride, a highly flammable petrochemical.</p>
<p>&quot;They were discovered in the tank of the ship, which would indicate they were overcome by fumes and fell in. I'm sure they died rapidly -- it's a very toxic environment,&quot; he said.</p>
<p>Another man was injured in the incident, the cause of which was under investigation, Clingenpeel said.</p>
<p>&quot;There was no explosion...it seems like one of the standard scenarios for an industrial accident. Somewhere along the line something just happened that really wasn't that drastic but it was just enough to get somebody,&quot; he said.</p>
<p>All the victims were crewmen on the Formosa Two, which was being loaded with petrochemicals produced at the Taiwanese-owned Formosa Plastics Corp plant in Point Comfort, Texas, about 100 miles (160 km) southwest of Houston.</p>
<p>Clingenpeel said the condition of the injured crewman was not yet known. He said officials were trying to determine how to remove the bodies from the ship without endangering others.</p>
</text>
<copyright>(c) Reuters Limited 1997</copyright>
<metadata>
<codes class="bip:countries:1.0">
  <code code="USA">
    <editdetail attribution="Reuters BIP Coding Group" action="confirmed" date="1997-06-27"/>
  </code>
</codes>
<codes class="bip:industries:1.0">
  <code code="I74000">
    <editdetail attribution="Reuters BIP Coding Group" action="confirmed" date="1997-06-27"/>
  </code>
</codes>
<codes class="bip:topics:1.0">
  <code code="CCAT">
    <editdetail attribution="Reuters BIP Coding Group" action="confirmed" date="1997-06-27"/>
  </code>
  <code code="GCAT">
    <editdetail attribution="Reuters BIP Coding Group" action="confirmed" date="1997-06-27"/>
  </code>
  <code code="GDIS">
    <editdetail attribution="Reuters BIP Coding Group" action="confirmed" date="1997-06-27"/>
  </code>
</codes>
<dc element="dc.date.created" value="1997-06-27"/>
<dc element="dc.publisher" value="Reuters Holdings Plc"/>
<dc element="dc.date.published" value="1997-06-27"/>
<dc element="dc.source" value="Reuters"/>
<dc element="dc.creator.location" value="HOUSTON"/>
<dc element="dc.creator.location.country.name" value="USA"/>
<dc element="dc.source" value="Reuters"/>
</metadata>
</newsitem>
