<?xml version="1.0" encoding="iso-8859-1" ?>
<newsitem itemid="691475" id="root" date="1997-06-27" xml:lang="en">
<title>USA: Ford to sell five alternative-fuel vehicles.</title>
<headline>Ford to sell five alternative-fuel vehicles.</headline>
<dateline>DEARBORN, Mich. 1997-06-27</dateline>
<text>
<p>Ford Motor Co said Friday it will sell five new alternative-fuel vehicles in the 1998 model year and plans to invest more than $1 billion in the next five years for such vehicles and emission research.</p>
<p>The five new vhicles include bi-fuel natural gas versions of the Ford F-Series pickup and Econoline van, Ford said. It also includes bi-fuel propane models of the F-Series and Econoline van as well as the Ranger electric vehicle.</p>
<p>In total, Ford will sell 11 vehicles powered by natural gas, propane, alcohol fuels or electricity, the company said.</p>
</text>
<copyright>(c) Reuters Limited 1997</copyright>
<metadata>
<codes class="bip:countries:1.0">
  <code code="USA">
    <editdetail attribution="Reuters BIP Coding Group" action="confirmed" date="1997-06-27"/>
  </code>
</codes>
<codes class="bip:industries:1.0">
  <code code="I35101">
    <editdetail attribution="Reuters BIP Coding Group" action="confirmed" date="1997-06-27"/>
  </code>
</codes>
<codes class="bip:topics:1.0">
  <code code="C22">
    <editdetail attribution="Reuters BIP Coding Group" action="confirmed" date="1997-06-27"/>
  </code>
  <code code="C23">
    <editdetail attribution="Reuters BIP Coding Group" action="confirmed" date="1997-06-27"/>
  </code>
  <code code="CCAT">
    <editdetail attribution="Reuters BIP Coding Group" action="confirmed" date="1997-06-27"/>
  </code>
</codes>
<dc element="dc.date.created" value="1997-06-27"/>
<dc element="dc.publisher" value="Reuters Holdings Plc"/>
<dc element="dc.date.published" value="1997-06-27"/>
<dc element="dc.source" value="Reuters"/>
<dc element="dc.creator.location" value="DEARBORN, Mich."/>
<dc element="dc.creator.location.country.name" value="USA"/>
<dc element="dc.source" value="Reuters"/>
</metadata>
</newsitem>
