<?xml version="1.0" encoding="iso-8859-1" ?>
<newsitem itemid="691455" id="root" date="1997-06-27" xml:lang="en">
<title>USA: TABLE - StarBase Corp Q4 resutls.</title>
<headline>TABLE - StarBase Corp Q4 resutls.</headline>
<dateline>IRVINE, Calif. 1997-06-27</dateline>
<text>
<p>StarBase Corporation</p>
<p>		     Summarized Financial Information</p>
<p>	 For the Quarter and Fiscal Year Ended March 31, 1997</p>
<p>		 (In thousands, except per share amounts)</p>
<p>				     Three months   Fiscal year ended</p>
<p>				     ended March 31,     March 31</p>
<p>					 (unaudited)	 (audited)</p>
<p>				    1997	 1996     1997     1996</p>
<p> Net revenue		  $   273   $   264 $  1,039  $   991</p>
<p> Gross margin		     229	 259	943	285</p>
<p> Net loss		     (1,858)   (1,282)  (5,703)  (5,893)</p>
<p> Net loss per share	   (.16)    (0.20)   (0.52)   (1.01)</p>
<p> Weighted average shares   11,874     6,411   10,938    5,825</p>
<p>outstanding</p>
<p> Cash and cash equivalents  2,722     1,252</p>
<p> Total assets		   3,876     2,173</p>
<p> Total liabilities		885     2,105</p>
<p>During the year ended March 31, 1997, the Company changed its method of calculating loss per common share to exclude the 1,408,638 outstanding common shares held in escrow.  These shares are considered contingent shares and were incorrectly included in the calculations of previously reported losses per common share.</p>
</text>
<copyright>(c) Reuters Limited 1997</copyright>
<metadata>
<codes class="bip:countries:1.0">
  <code code="USA">
    <editdetail attribution="Reuters BIP Coding Group" action="confirmed" date="1997-06-27"/>
  </code>
</codes>
<codes class="bip:industries:1.0">
  <code code="I33020">
    <editdetail attribution="Reuters BIP Coding Group" action="confirmed" date="1997-06-27"/>
  </code>
  <code code="I3302021">
    <editdetail attribution="Reuters BIP Coding Group" action="confirmed" date="1997-06-27"/>
  </code>
</codes>
<codes class="bip:topics:1.0">
  <code code="C15">
    <editdetail attribution="Reuters BIP Coding Group" action="confirmed" date="1997-06-27"/>
  </code>
  <code code="C151">
    <editdetail attribution="Reuters BIP Coding Group" action="confirmed" date="1997-06-27"/>
  </code>
  <code code="C1511">
    <editdetail attribution="Reuters BIP Coding Group" action="confirmed" date="1997-06-27"/>
  </code>
  <code code="CCAT">
    <editdetail attribution="Reuters BIP Coding Group" action="confirmed" date="1997-06-27"/>
  </code>
</codes>
<dc element="dc.date.created" value="1997-06-27"/>
<dc element="dc.publisher" value="Reuters Holdings Plc"/>
<dc element="dc.date.published" value="1997-06-27"/>
<dc element="dc.source" value="Reuters"/>
<dc element="dc.creator.location" value="IRVINE, Calif."/>
<dc element="dc.creator.location.country.name" value="USA"/>
<dc element="dc.source" value="Reuters"/>
</metadata>
</newsitem>
