<?xml version="1.0" encoding="iso-8859-1" ?>
<newsitem itemid="691463" id="root" date="1997-06-27" xml:lang="en">
<title>USA: Logan's Roadhouse registers 1 mln shares.</title>
<headline>Logan's Roadhouse registers 1 mln shares.</headline>
<dateline>WASHINGTON 1997-06-27</dateline>
<text>
<p>Logan's Roadhouse Inc filed Friday with the U.S. Securities and Exchange Commission to register an offering of up to one million common shares.</p>
<p>Underwriters for the offering, J.C. Bradford &amp; Co Equitable Securities Corp, have an over-allotment option of up to 150,000 shares.</p>
<p>The Nashville-based restaurant chain owner said proceeds from the sale will be used to develop more restaurants and improve currently owned restaurants.</p>
<p>After the offering, the company will have 7,016,659 shares outstanding, according to the SEC filing.</p>
</text>
<copyright>(c) Reuters Limited 1997</copyright>
<metadata>
<codes class="bip:countries:1.0">
  <code code="USA">
    <editdetail attribution="Reuters BIP Coding Group" action="confirmed" date="1997-06-27"/>
  </code>
</codes>
<codes class="bip:industries:1.0">
  <code code="I66100">
    <editdetail attribution="Reuters BIP Coding Group" action="confirmed" date="1997-06-27"/>
  </code>
</codes>
<codes class="bip:topics:1.0">
  <code code="C17">
    <editdetail attribution="Reuters BIP Coding Group" action="confirmed" date="1997-06-27"/>
  </code>
  <code code="C171">
    <editdetail attribution="Reuters BIP Coding Group" action="confirmed" date="1997-06-27"/>
  </code>
  <code code="CCAT">
    <editdetail attribution="Reuters BIP Coding Group" action="confirmed" date="1997-06-27"/>
  </code>
</codes>
<dc element="dc.date.created" value="1997-06-27"/>
<dc element="dc.publisher" value="Reuters Holdings Plc"/>
<dc element="dc.date.published" value="1997-06-27"/>
<dc element="dc.source" value="Reuters"/>
<dc element="dc.creator.location" value="WASHINGTON"/>
<dc element="dc.creator.location.country.name" value="USA"/>
<dc element="dc.source" value="Reuters"/>
</metadata>
</newsitem>
