<?xml version="1.0" encoding="iso-8859-1" ?>
<newsitem itemid="691437" id="root" date="1997-06-27" xml:lang="en">
<title>USA: Philip Morris ups stake in Mexico venture.</title>
<headline>Philip Morris ups stake in Mexico venture.</headline>
<dateline>RYE BROOKE, N.Y. 1997-06-27</dateline>
<text>
<p>Philip Morris International Inc said Friday that it and Mexico's Grupo Carso SA de CV had restructured their interests in their joint cigarette business in Mexico.</p>
<p>Philip Morris said under the agreement it would increase its equity interest in the business to 50 percent. The business is now being conducted by Cigarros La Tabacalera Mexicana SA de CV, or Cigatam.  </p>
<p>A Philip Morris spokeswoman said the company's equity interest in the venture was 29 percent previously.</p>
<p>The company did not disclose financial details of its pact.</p>
<p>Cigatam has held the license to make and market certain Philip Morris brands, including Marlboro and Benson &amp; Hedges since 1975.</p>
<p>As part of the pact, the license is being extended to the year 2020, Philip Morris said in a statement Friday evening.  </p>
<p>The company said the pact remains subject to approval from Mexico's antitrust authority.</p>
<p>The announcement follows a $368.5 billion settlement reached a week ago between the tobacco companies and state attorneys general.</p>
<p>Philip Morris, the world's largest cigarette company, is expected to pay $6.5 billion of the initial payout, according to some reports.</p>
<p>Grupo Carso, one of the largest publicly-owned companies in Mexico, has holdings in construction, auto parts, consumer goods and retailing.</p>
<p>Philip Morris International is the tobacco operating company of Philip Morris Cos Inc, the world's largest consumer packaged goods company.</p>
</text>
<copyright>(c) Reuters Limited 1997</copyright>
<metadata>
<codes class="bip:countries:1.0">
  <code code="MEX">
    <editdetail attribution="Reuters BIP Coding Group" action="confirmed" date="1997-06-27"/>
  </code>
  <code code="USA">
    <editdetail attribution="Reuters BIP Coding Group" action="confirmed" date="1997-06-27"/>
  </code>
</codes>
<codes class="bip:industries:1.0">
  <code code="I42900">
    <editdetail attribution="Reuters BIP Coding Group" action="confirmed" date="1997-06-27"/>
  </code>
  <code code="I83960">
    <editdetail attribution="Reuters BIP Coding Group" action="confirmed" date="1997-06-27"/>
  </code>
</codes>
<codes class="bip:topics:1.0">
  <code code="C11">
    <editdetail attribution="Reuters BIP Coding Group" action="confirmed" date="1997-06-27"/>
  </code>
  <code code="C18">
    <editdetail attribution="Reuters BIP Coding Group" action="confirmed" date="1997-06-27"/>
  </code>
  <code code="C181">
    <editdetail attribution="Reuters BIP Coding Group" action="confirmed" date="1997-06-27"/>
  </code>
  <code code="CCAT">
    <editdetail attribution="Reuters BIP Coding Group" action="confirmed" date="1997-06-27"/>
  </code>
</codes>
<dc element="dc.date.created" value="1997-06-27"/>
<dc element="dc.publisher" value="Reuters Holdings Plc"/>
<dc element="dc.date.published" value="1997-06-27"/>
<dc element="dc.source" value="Reuters"/>
<dc element="dc.creator.location" value="RYE BROOKE, N.Y."/>
<dc element="dc.creator.location.country.name" value="USA"/>
<dc element="dc.source" value="Reuters"/>
</metadata>
</newsitem>
