<?xml version="1.0" encoding="iso-8859-1" ?>
<newsitem itemid="691482" id="root" date="1997-06-27" xml:lang="en">
<title>USA: Meritage Hospitality Q2 May 31 loss.</title>
<headline>Meritage Hospitality Q2 May 31 loss.</headline>
<dateline>GRAND RAPIDS, Mich. 1997-06-27</dateline>
<text>
<p>1997			1996</p>
<p> Shr loss		  $ 0.17   profit	$ 0.04</p>
<p> Net loss		     515   profit	   114</p>
<p> Revs			10,235		    3,409</p>
<p> Avg shrs		   3,124		    3,020</p>
<p>	  SIX MONTHS</p>
<p> Shr loss		 $  0.59     loss	$ 0.12</p>
<p> Net loss		   1,839     loss	   371</p>
<p> Revs			18,998		    6,692</p>
<p> Avg shrs		   3,212		    3,020</p>
<p>(All data above 000s except per share numbers)</p>
<p>NOTE: 1997 loss includes loss on sale of assets of $138,298 in the second quarter and $35,946 in the six months period.</p>
<p>Meritage Hospitality Group Inc is full company name.</p>
<p>		 ((Chicago newsdesk 312 408 8787))</p>
</text>
<copyright>(c) Reuters Limited 1997</copyright>
<metadata>
<codes class="bip:countries:1.0">
  <code code="USA">
    <editdetail attribution="Reuters BIP Coding Group" action="confirmed" date="1997-06-27"/>
  </code>
</codes>
<codes class="bip:topics:1.0">
  <code code="C15">
    <editdetail attribution="Reuters BIP Coding Group" action="confirmed" date="1997-06-27"/>
  </code>
  <code code="C151">
    <editdetail attribution="Reuters BIP Coding Group" action="confirmed" date="1997-06-27"/>
  </code>
  <code code="CCAT">
    <editdetail attribution="Reuters BIP Coding Group" action="confirmed" date="1997-06-27"/>
  </code>
</codes>
<dc element="dc.date.created" value="1997-06-27"/>
<dc element="dc.publisher" value="Reuters Holdings Plc"/>
<dc element="dc.date.published" value="1997-06-27"/>
<dc element="dc.source" value="Reuters"/>
<dc element="dc.creator.location" value="GRAND RAPIDS, Mich."/>
<dc element="dc.creator.location.country.name" value="USA"/>
<dc element="dc.source" value="Reuters"/>
</metadata>
</newsitem>
