<?xml version="1.0" encoding="iso-8859-1" ?>
<newsitem itemid="691580" id="root" date="1997-06-27" xml:lang="en">
<title>USA: US Boeing merger approval likely next week.</title>
<headline>US Boeing merger approval likely next week.</headline>
<dateline>WASHINGTON 1997-06-27</dateline>
<text>
<p>United States authorities are likely to approve the merger of Boeing and McDonnell Douglas early next week, sources familiar with the situation said Friday.</p>
<p>Federal Trade Commission approval of the $14 billion deal will have few conditions attached to it, those sources said.</p>
<p>The decision will meet a July 1 deadline which is 20 days after the companies submitted their voluminous papers, running into millions of pages, to the FTC.</p>
<p>Such deadlines are often extended by the agreement of both parties, but in this case no extension is expected.  </p>
<p>Spokeswomen for the Federal Trade Commission and Boeing had no comment.</p>
<p>Separately, Boeing and McDonnell Douglas have submitted their merger for approval by competition authorities in the European Union.</p>
<p>A source said Boeing and McDonnell Douglas have shown flexibility on the delicate and crucial question of Boeing's exclusive sales agreements with Delta Airlines American Airlines and Continental Airlines.</p>
<p>EU Competition Commissioner Karel Van Miert said in the spring the merger could not be approved with those exclusive provider agreements in place.</p>
<p>A spokeswoman for Boeing declined comment about the nature of negotiations with the EU.</p>
<p>&quot;Talks are ongoing,&quot; she said.</p>
<p>Whatever agreement the two sides reach is likely to be completed some time next week. On July, 4 EU competition authorities share their proposed recommendations on the Boeing deal in a closed meeting with competition authorities from the 15 EU nations.</p>
</text>
<copyright>(c) Reuters Limited 1997</copyright>
<metadata>
<codes class="bip:countries:1.0">
  <code code="USA">
    <editdetail attribution="Reuters BIP Coding Group" action="confirmed" date="1997-06-27"/>
  </code>
</codes>
<codes class="bip:industries:1.0">
  <code code="I36400">
    <editdetail attribution="Reuters BIP Coding Group" action="confirmed" date="1997-06-27"/>
  </code>
  <code code="I3640010">
    <editdetail attribution="Reuters BIP Coding Group" action="confirmed" date="1997-06-27"/>
  </code>
  <code code="I75000">
    <editdetail attribution="Reuters BIP Coding Group" action="confirmed" date="1997-06-27"/>
  </code>
</codes>
<codes class="bip:topics:1.0">
  <code code="C13">
    <editdetail attribution="Reuters BIP Coding Group" action="confirmed" date="1997-06-27"/>
  </code>
  <code code="C18">
    <editdetail attribution="Reuters BIP Coding Group" action="confirmed" date="1997-06-27"/>
  </code>
  <code code="C181">
    <editdetail attribution="Reuters BIP Coding Group" action="confirmed" date="1997-06-27"/>
  </code>
  <code code="C34">
    <editdetail attribution="Reuters BIP Coding Group" action="confirmed" date="1997-06-27"/>
  </code>
  <code code="CCAT">
    <editdetail attribution="Reuters BIP Coding Group" action="confirmed" date="1997-06-27"/>
  </code>
</codes>
<dc element="dc.date.created" value="1997-06-27"/>
<dc element="dc.publisher" value="Reuters Holdings Plc"/>
<dc element="dc.date.published" value="1997-06-27"/>
<dc element="dc.source" value="Reuters"/>
<dc element="dc.creator.location" value="WASHINGTON"/>
<dc element="dc.creator.location.country.name" value="USA"/>
<dc element="dc.source" value="Reuters"/>
</metadata>
</newsitem>
