<?xml version="1.0" encoding="iso-8859-1" ?>
<newsitem itemid="691541" id="root" date="1997-06-27" xml:lang="en">
<title>USA: Option Care signs five managed-care pacts.</title>
<headline>Option Care signs five managed-care pacts.</headline>
<dateline>BANNOCKBURN, Ill. 1997-06-27</dateline>
<text>
<p>Option Care Inc, which provides home health-care services, on Friday said it signed agreements to provide services at the homes of members of five managed-care organizations.</p>
<p>Three of the five agreements are for comprehensive home home-care services, including infusion therapies, respiratory therapies, home medical equipment and home health services.</p>
<p>A fourth agreement, with a start-up Medicare Risk plan in Ohio, is for home health and infusion services.</p>
<p>The remaining agreement offers infusion services to more than 4.5 million eligible members.</p>
<p>The value of the contracts was not disclosed.</p>
<p>		   ((Chicago newsdesk 312 408 8787))</p>
</text>
<copyright>(c) Reuters Limited 1997</copyright>
<metadata>
<codes class="bip:countries:1.0">
  <code code="USA">
    <editdetail attribution="Reuters BIP Coding Group" action="confirmed" date="1997-06-27"/>
  </code>
</codes>
<codes class="bip:industries:1.0">
  <code code="I95100">
    <editdetail attribution="Reuters BIP Coding Group" action="confirmed" date="1997-06-27"/>
  </code>
</codes>
<codes class="bip:topics:1.0">
  <code code="C33">
    <editdetail attribution="Reuters BIP Coding Group" action="confirmed" date="1997-06-27"/>
  </code>
  <code code="CCAT">
    <editdetail attribution="Reuters BIP Coding Group" action="confirmed" date="1997-06-27"/>
  </code>
</codes>
<dc element="dc.date.created" value="1997-06-27"/>
<dc element="dc.publisher" value="Reuters Holdings Plc"/>
<dc element="dc.date.published" value="1997-06-27"/>
<dc element="dc.source" value="Reuters"/>
<dc element="dc.creator.location" value="BANNOCKBURN, Ill."/>
<dc element="dc.creator.location.country.name" value="USA"/>
<dc element="dc.source" value="Reuters"/>
</metadata>
</newsitem>
