<?xml version="1.0" encoding="iso-8859-1" ?>
<newsitem itemid="691513" id="root" date="1997-06-27" xml:lang="en">
<title>USA: ProSource Distribution in leasing contract.</title>
<headline>ProSource Distribution in leasing contract.</headline>
<dateline>CORAL GABLES, Fla. 1997-06-27</dateline>
<text>
<p>ProSource Distribution Services said on Friday that it had signed a six-year contract with privately held Penske Truck Leasing, a transportation services company, for leasing and contract maintenance operations.</p>
<p>Prosource, a food and service supplier to chain restaurants, did not release terms of the contract.</p>
<p>However, the company said the agreement should create savings on ProSource fleet-leasing and maintenance operational costs.</p>
<p>&quot;By 1998, nearly half our national fleet will be brand new, which will improve both fuel efficiency and service reliability,&quot; said Prosource president Thomas Highland.</p>
</text>
<copyright>(c) Reuters Limited 1997</copyright>
<metadata>
<codes class="bip:countries:1.0">
  <code code="USA">
    <editdetail attribution="Reuters BIP Coding Group" action="confirmed" date="1997-06-27"/>
  </code>
</codes>
<codes class="bip:industries:1.0">
  <code code="I61000">
    <editdetail attribution="Reuters BIP Coding Group" action="confirmed" date="1997-06-27"/>
  </code>
  <code code="I84801">
    <editdetail attribution="Reuters BIP Coding Group" action="confirmed" date="1997-06-27"/>
  </code>
</codes>
<codes class="bip:topics:1.0">
  <code code="C33">
    <editdetail attribution="Reuters BIP Coding Group" action="confirmed" date="1997-06-27"/>
  </code>
  <code code="CCAT">
    <editdetail attribution="Reuters BIP Coding Group" action="confirmed" date="1997-06-27"/>
  </code>
</codes>
<dc element="dc.date.created" value="1997-06-27"/>
<dc element="dc.publisher" value="Reuters Holdings Plc"/>
<dc element="dc.date.published" value="1997-06-27"/>
<dc element="dc.source" value="Reuters"/>
<dc element="dc.creator.location" value="CORAL GABLES, Fla."/>
<dc element="dc.creator.location.country.name" value="USA"/>
<dc element="dc.source" value="Reuters"/>
</metadata>
</newsitem>
