<?xml version="1.0" encoding="iso-8859-1" ?>
<newsitem itemid="691596" id="root" date="1997-06-27" xml:lang="en">
<title>USA: US High Court won't clarify insider lawsuit limits.</title>
<headline>US High Court won't clarify insider lawsuit limits.</headline>
<dateline>WASHINGTON 1997-06-27</dateline>
<text>
<p>The U.S. Supreme Court refused Friday to clarify when the two-year statute of limitations begins in lawsuits to recover short-swing profits by a company insider.</p>
<p>At issue is whether the statute of limitations begins when the insider -- a director, officer or owner of more than 10 percent of a company's stock -- files the required report that discloses the short-swing transactions.</p>
<p>Short-swing transactions typically occur within a period of less than six months.</p>
<p>The federal securities law seeks to curb short-swing trading by insiders with confidential information, and allows a shareholder or corporation to sue over any such improper transactions to recover the profits.</p>
<p>The Supreme Court let stand a decision by a U.S. appeals court in New York that took a slightly different approach on when the statute of limitations begins.</p>
<p>The appeals court said the two-year limit can begin before the filing of the mandatory reports.</p>
<p>The case involved an appeal by Tristar Corp. It initially won nearly $183,000 against two officers and directors who engaged in short-swing transactions in 1989.</p>
<p>The appeals court overturned the award on the grounds that the lawsuit had been barred by the statute of limitations.</p>
<p>The high court's action was a setback for the U.S. Justice Department, which on behalf of the Securities and Exchange Commission had urged the high court to hear the case.</p>
</text>
<copyright>(c) Reuters Limited 1997</copyright>
<metadata>
<codes class="bip:countries:1.0">
  <code code="USA">
    <editdetail attribution="Reuters BIP Coding Group" action="confirmed" date="1997-06-27"/>
  </code>
</codes>
<codes class="bip:topics:1.0">
  <code code="C13">
    <editdetail attribution="Reuters BIP Coding Group" action="confirmed" date="1997-06-27"/>
  </code>
  <code code="CCAT">
    <editdetail attribution="Reuters BIP Coding Group" action="confirmed" date="1997-06-27"/>
  </code>
  <code code="GCAT">
    <editdetail attribution="Reuters BIP Coding Group" action="confirmed" date="1997-06-27"/>
  </code>
  <code code="GCRIM">
    <editdetail attribution="Reuters BIP Coding Group" action="confirmed" date="1997-06-27"/>
  </code>
</codes>
<dc element="dc.date.created" value="1997-06-27"/>
<dc element="dc.publisher" value="Reuters Holdings Plc"/>
<dc element="dc.date.published" value="1997-06-27"/>
<dc element="dc.source" value="Reuters"/>
<dc element="dc.creator.location" value="WASHINGTON"/>
<dc element="dc.creator.location.country.name" value="USA"/>
<dc element="dc.source" value="Reuters"/>
</metadata>
</newsitem>
