<?xml version="1.0" encoding="iso-8859-1" ?>
<newsitem itemid="691569" id="root" date="1997-06-27" xml:lang="en">
<title>USA: Digital, Intel in contact - source.</title>
<headline>Digital, Intel in contact - source.</headline>
<dateline>BOSTON 1997-06-27</dateline>
<text>
<p>Digital Equipment Corp and Intel Corp have had contacts at all levels regarding Digital's patent-infringement lawsuit against Intel, a lawyer close to the negotiations said Friday.</p>
<p>&quot;I know there have been lots of contacts between the companies. There have been all kinds of contacts at all kinds of levels,&quot; said the lawyer, who is familiar with Digital's side.  </p>
<p>Officials for the two companies declined to comment on a Wall Street Journal report on Friday that said top executives held preliminary discussions recently to try to settle the suit. The talks failed to produce any agreement on a settlement, the Journal said.</p>
<p>The lawyer also declined to say if top executives have discussed a settlement, but he said that Digital was sure of its position and suggested that the company was not under pressure to reach a settlement.</p>
<p>&quot;They wouldn't have filed the case if they didn't think they could win,&quot; he said.  </p>
<p>People close to Intel's legal defense said they would not be surprised, however, if Digital sought a reconciliation.</p>
<p>Digital's suit, coupled with its sales and marketing troubles, could be hurting its image and turning customers to rivals like Compaq Computer Corp and International Business Machines Corp, they said.</p>
<p>Speculation that Digital is actively pursuing settlement talks would improve its image, a person on Intel's side said.</p>
<p>Digital filed a lawsuit in a Worcester, Mass. federal court in May, accusing Intel of infringement on 10 Digital patents covering key technology for its Pentium family of microprocessors.</p>
<p>Intel is still raking its 1,000 patents on microprocessor design to possibly countersue Digital on patent infringement, Intel lawyers have said.</p>
<p>The lawyer said it was not unusual in patent litigation for two parties to continue to talk to exchange information or to try to hammer out a settlement.</p>
<p>Digital did not seek negotiations before filing the suit, a move that struck some legal observers as odd. But the lawyer said that the move was not so uncommon.</p>
<p>&quot;It's not the case that these are highly unusual circumstances,&quot; he said.</p>
<p>((Michael Ellis, Boston Bureau, (617) 367-4106))</p>
</text>
<copyright>(c) Reuters Limited 1997</copyright>
<metadata>
<codes class="bip:countries:1.0">
  <code code="USA">
    <editdetail attribution="Reuters BIP Coding Group" action="confirmed" date="1997-06-27"/>
  </code>
</codes>
<codes class="bip:industries:1.0">
  <code code="I33020">
    <editdetail attribution="Reuters BIP Coding Group" action="confirmed" date="1997-06-27"/>
  </code>
  <code code="I3302003">
    <editdetail attribution="Reuters BIP Coding Group" action="confirmed" date="1997-06-27"/>
  </code>
  <code code="I34531">
    <editdetail attribution="Reuters BIP Coding Group" action="confirmed" date="1997-06-27"/>
  </code>
</codes>
<codes class="bip:topics:1.0">
  <code code="C12">
    <editdetail attribution="Reuters BIP Coding Group" action="confirmed" date="1997-06-27"/>
  </code>
  <code code="C13">
    <editdetail attribution="Reuters BIP Coding Group" action="confirmed" date="1997-06-27"/>
  </code>
  <code code="CCAT">
    <editdetail attribution="Reuters BIP Coding Group" action="confirmed" date="1997-06-27"/>
  </code>
  <code code="GCAT">
    <editdetail attribution="Reuters BIP Coding Group" action="confirmed" date="1997-06-27"/>
  </code>
  <code code="GCRIM">
    <editdetail attribution="Reuters BIP Coding Group" action="confirmed" date="1997-06-27"/>
  </code>
</codes>
<dc element="dc.date.created" value="1997-06-27"/>
<dc element="dc.publisher" value="Reuters Holdings Plc"/>
<dc element="dc.date.published" value="1997-06-27"/>
<dc element="dc.source" value="Reuters"/>
<dc element="dc.creator.location" value="BOSTON"/>
<dc element="dc.creator.location.country.name" value="USA"/>
<dc element="dc.source" value="Reuters"/>
</metadata>
</newsitem>
