<?xml version="1.0" encoding="iso-8859-1" ?>
<newsitem itemid="691612" id="root" date="1997-06-27" xml:lang="en">
<title>FRANCE: MOTOR RACING-SCHUMACHER SHOWS SUPERIORITY IN THE RAIN.</title>
<headline>MOTOR RACING-SCHUMACHER SHOWS SUPERIORITY IN THE RAIN.</headline>
<byline>Timothy Collings</byline>
<dateline>MAGNY-COURS, France 1997-06-27</dateline>
<text>
<p>World championship leader Michael Schumacher of Germany demonstrated his and Ferrari's superiority in wet conditions again on Friday as they topped the times in opening practice for Sunday's French Grand Prix.</p>
<p>The 28-year-old double world champion clocked a best time of one minute 18.339 seconds, 1.4 seconds better than Italian Giancarlo Fisichella's best effort in his Jordan as the track dried out in the closing minutes.</p>
<p>But Schumacher said his success meant little.</p>
<p>&quot;In the sort of track conditions we had today, we are very competitive and better than in the dry.</p>
<p>&quot;If it does not rain on Sunday, we will have a very difficult race and I would prefer to have the same weather conditions for qualifying and the race as we had today.</p>
<p>&quot;On my last run, I tried a new front wing which has looked promising in the wind tunnel. However, in today's rapidly changing codintions it is difficult to judge if it brought any improvement at all.&quot;</p>
<p>Fisichella was happier. &quot;This session showed we have a good set-up for both wet and dry conditions. This is not the qualifying session so we will have to wait and see for tomorrow. But I must say I feel very confident at the moment.&quot;</p>
<p>Schumacher's Ferrari team mate Eddie Irvine of Britain, whose future is under threat from the Italian team's admiration for Finn Mika Salo of Tyrrell, was not given a chance to go out on slicks and wound up in 20th place out of the 22 runners.</p>
<p>Irvine's contract expires at the end of the year and Ferrari's option to renew it expires at the end of July. Their inactivity - despite Schumacher's forthright support for Irvine - has suggested they are considering approaching Salo to succeed the Northern Ireland man next season.</p>
<p>Canadian Jacques Villeneuve finished fifth in the session.</p>
<p>Italian Jarno Trulli, replacing the injured Olivier Panis in the Prost team, was 19th fastest.</p>
<p>Frenchman Panis suffered double fractures to both legs when he crashed during the Canadian Grand Prix two weeks ago.</p>
<p>Tarso Marques, the 21-year-old Brazilian who was called up to replace Trulli at Minardi was 14th fastest while Norberto Fontana of Argentina who replaced broken arm victim Italian Gianni Morbidelli at Sauber, wound up 18th on his debut.</p>
</text>
<copyright>(c) Reuters Limited 1997</copyright>
<metadata>
<codes class="bip:countries:1.0">
  <code code="FRA">
    <editdetail attribution="Reuters BIP Coding Group" action="confirmed" date="1997-06-27"/>
  </code>
  <code code="GFR">
    <editdetail attribution="Reuters BIP Coding Group" action="confirmed" date="1997-06-27"/>
  </code>
</codes>
<codes class="bip:topics:1.0">
  <code code="GCAT">
    <editdetail attribution="Reuters BIP Coding Group" action="confirmed" date="1997-06-27"/>
  </code>
  <code code="GSPO">
    <editdetail attribution="Reuters BIP Coding Group" action="confirmed" date="1997-06-27"/>
  </code>
</codes>
<dc element="dc.date.created" value="1997-06-27"/>
<dc element="dc.publisher" value="Reuters Holdings Plc"/>
<dc element="dc.date.published" value="1997-06-27"/>
<dc element="dc.source" value="Reuters"/>
<dc element="dc.creator.location" value="MAGNY-COURS, France"/>
<dc element="dc.creator.location.country.name" value="FRANCE"/>
<dc element="dc.source" value="Reuters"/>
</metadata>
</newsitem>
