<?xml version="1.0" encoding="iso-8859-1" ?>
<newsitem itemid="691639" id="root" date="1997-06-27" xml:lang="en">
<title>UK: TENNIS-SIGHTING OF VENUS LIFTS GLOOM AT RAINY WIMBLEDON.</title>
<headline>TENNIS-SIGHTING OF VENUS LIFTS GLOOM AT RAINY WIMBLEDON.</headline>
<byline>Clare Fallon</byline>
<dateline>LONDON 1997-06-27</dateline>
<text>
<p>The news that Venus had been sighted caused a stampede on a wet day at Wimbledon on Friday.</p>
<p>Thick rainclouds obscured any view of the planets and it was the earthly Venus who attracted all the attention.</p>
<p>Venus Williams is a star in her own right already. For a young woman who has yet to win a professional tournament and who lasted just two rounds in her only previous Grand Slam event, she exudes the confidence and charisma of a seasoned champion.</p>
<p>&quot;I guess I'm something a bit different,&quot; smiled the 17-year-old American as she surveyed a packed media interview room.</p>
<p>The hundreds of hair beads in Wimbledon's purple and green colours, the height -- she is 1.86 metres and still growing -- and the eye-catching silver dress she wore at the French Open have already singled out Williams as something different.</p>
<p>Add to that the teasing hype about her playing ability and the self-confidence oozing from every pore and Williams is a gift to women's tennis.</p>
<p>Journalists frustrated by three days of rain delays were delighted when Williams, who has been hanging around all week waiting to play her first-round match, agreed to give a news conference on Friday.</p>
<p>As the rush for seats subsided Williams, accompanied by younger sister Serena, folded herself into a chair, shook her beads and waited.</p>
<p>Britain's tabloid press wanted to know if she had a boyfriend. An American reporter asked what shampoo she used. Williams took it all in her stride.</p>
<p>&quot;I do enjoy all the attention,&quot; she admitted. Did she deserve it, a fearless questioner asked. Williams did not flinch. &quot;Obviously I think right now I'm playing some pretty good tennis,&quot; she smiled.</p>
<p>&quot;Do you admire any other players?&quot; someone else asked.</p>
<p>Williams was blunt. &quot;No, I don't. I think a lot of players are doing well and playing good but I don't actually look up to them. I don't see why I would do that.</p>
<p>&quot;I don't think you can actually play on a tour...and say: 'Oh no, I'm not my favourite player, someone else is my favourite player',&quot; she said.</p>
<p>The Williams sisters, who hope to start playing doubles together on the tour later this year, have been carefully held back from too much exposure to tennis by their father and coach Richard.</p>
<p>Mindful of such burnout victims as Jennifer Capriati and Andrea Jaeger, Mr Williams has kept Serena, 15, off the junior tour and limited Venus's appearances as a professional.</p>
<p>She has played in just five tournaments this year, with her best performance being at Indian Wells where she reached the quarter-finals.</p>
<p>In the French Open she lost in the second round to Nathalie Tauziat who beat her again at the same stage in Eastbourne, Williams's first tournament on grass.</p>
<p>At Wimbledon she is due to meet Polish teenager Magdalena Grzybowska in the first round -- if the rain ever stops long enough for her to get on court.</p>
<p>Williams, a Jehovah's Witness, is calm about the constant rain delays which have spoiled her first visit to Wimbledon.</p>
<p>&quot;I am not frustrated at all, I think maybe a lot of players are but I am just fine,&quot; said Williams who has been visiting the Tower of London with her mother and sister, playing video games and even answering the telephones in the Women's Tennis Association (WTA) office.</p>
<p>Williams's only worry is what will happen if some of the beads fly off her braids while she is playing. She has been warned by the WTA that umpires will call a let if it happens once or twice but might then deduct a point if it happened again and they felt her opponent had been distracted.</p>
<p>But Williams dismissed the issue. &quot;No opponent is going to be looking at my hair,&quot; she said. &quot;If they were looking at my hair they wouldn't be interested in playing tennis.&quot;</p>
</text>
<copyright>(c) Reuters Limited 1997</copyright>
<metadata>
<codes class="bip:countries:1.0">
  <code code="UK">
    <editdetail attribution="Reuters BIP Coding Group" action="confirmed" date="1997-06-27"/>
  </code>
  <code code="USA">
    <editdetail attribution="Reuters BIP Coding Group" action="confirmed" date="1997-06-27"/>
  </code>
</codes>
<codes class="bip:topics:1.0">
  <code code="GCAT">
    <editdetail attribution="Reuters BIP Coding Group" action="confirmed" date="1997-06-27"/>
  </code>
  <code code="GSPO">
    <editdetail attribution="Reuters BIP Coding Group" action="confirmed" date="1997-06-27"/>
  </code>
</codes>
<dc element="dc.date.created" value="1997-06-27"/>
<dc element="dc.publisher" value="Reuters Holdings Plc"/>
<dc element="dc.date.published" value="1997-06-27"/>
<dc element="dc.source" value="Reuters"/>
<dc element="dc.creator.location" value="LONDON"/>
<dc element="dc.creator.location.country.name" value="UK"/>
<dc element="dc.source" value="Reuters"/>
</metadata>
</newsitem>
