<?xml version="1.0" encoding="iso-8859-1" ?>
<newsitem itemid="691633" id="root" date="1997-06-27" xml:lang="en">
<title>UK: CRICKET-PAKISTAN'S WAQAR FIRES OUT SUSSEX FOR 54.</title>
<headline>CRICKET-PAKISTAN'S WAQAR FIRES OUT SUSSEX FOR 54.</headline>
<dateline>LONDON 1997-06-27</dateline>
<text>
<p>Pakistan fast bowler Waqar Younis returned his best first-class bowling figures of eight for 17 as Glamorgan fired out Sussex for just 54 in an English county championship match on Friday.</p>
<p>Sussex, replying to Glamorgan's modest first innings of 172, lasted just 98 minutes on the second day at Swansea.</p>
<p>Glamorgan captain Matthew Maynard declared his side's second innings at 183 for nine, setting Sussex 302 to win. Sussex were 10 without loss at the close.</p>
<p>Waqar's wicket-taking spree in 11.5 overs came barely a week after he bagged seven for 25 to dismiss Lancashire for 51.</p>
<p>It was the best performance by a Glamorgan bowler since Malcolm Nash took nine for 56 against Hampshire in 1975.</p>
<p>&quot;I am now getting into my rhythm much better than I was at the start of the season and hopefully things will get better and better,&quot; Waqar said.</p>
<p>&quot;It was both swinging and seaming, I had the wind behind me and running in to bowl was comfortable and easy.&quot;</p>
<p>Little or no play was possible on the second day of the other matches.</p>
<p>Lancashire, beaten in their last three championship matches, had reduced Worcestershire to 58 for four and Middlesex had moved to 150 for three in their first innings against Yorkshire.</p>
</text>
<copyright>(c) Reuters Limited 1997</copyright>
<metadata>
<codes class="bip:countries:1.0">
  <code code="PAKIS">
    <editdetail attribution="Reuters BIP Coding Group" action="confirmed" date="1997-06-27"/>
  </code>
  <code code="UK">
    <editdetail attribution="Reuters BIP Coding Group" action="confirmed" date="1997-06-27"/>
  </code>
</codes>
<codes class="bip:topics:1.0">
  <code code="GCAT">
    <editdetail attribution="Reuters BIP Coding Group" action="confirmed" date="1997-06-27"/>
  </code>
  <code code="GSPO">
    <editdetail attribution="Reuters BIP Coding Group" action="confirmed" date="1997-06-27"/>
  </code>
</codes>
<dc element="dc.date.created" value="1997-06-27"/>
<dc element="dc.publisher" value="Reuters Holdings Plc"/>
<dc element="dc.date.published" value="1997-06-27"/>
<dc element="dc.source" value="Reuters"/>
<dc element="dc.creator.location" value="LONDON"/>
<dc element="dc.creator.location.country.name" value="UK"/>
<dc element="dc.source" value="Reuters"/>
</metadata>
</newsitem>
