<?xml version="1.0" encoding="iso-8859-1" ?>
<newsitem itemid="691609" id="root" date="1997-06-27" xml:lang="en">
<title>SPAIN: BASKETBALL-RESULTS IN THE EUROPEAN CHAMPIONSHIP.</title>
<headline>BASKETBALL-RESULTS IN THE EUROPEAN CHAMPIONSHIP.</headline>
<dateline>GERONA, Spain 1997-06-27</dateline>
<text>
<p>Results in the European</p>
<p>basketball championship on Friday:</p>
<p>Group A (in Gerona):</p>
<p>Russia 87 Turkey 56 (halftime 50-24)</p>
<p>Leading scorers:</p>
<p>Russia: Vasily Karasev 15, Zakhar Pashutin 14, Sergei Babkov</p>
<p>13, Mikhail Mikhailov 13, Sergei Panov 8.</p>
<p>Turkey: Mirsad Turkcan 14, Huseyin Besok 10, Ibrahim Kutluay</p>
<p>8, Ufuk Sarica 8.</p>
<p>Group D (in Badalona):</p>
<p>Croatia 88 Ukraine 95 (halftime 39-47)</p>
<p>Leading scorers:</p>
<p>Croatia: Damir Mulaomerovic 23, Davor Marcelic 17, Sinisa</p>
<p>Kelecevic 15, Niksa Prkacin 9.</p>
<p>Ukraine: Dmitry Bazelevsky 19, Oleksander Lokhmanchuk 16,</p>
<p>Denys Zhuravlyov 14, Yevgeny Murzin 11, Vadim Pudzyrey 10.</p>
<p>Group A (in Gerona):</p>
<p>Greece 78 Bosnia 76 (42-34)</p>
<p>Leading scorers:</p>
<p>Greece - Demetrios Papanikolaou 20, Theofanis Christodoulou</p>
<p>13, Nikos Ekonomou 8, George Sigalas 8, Agelos Koronios 6,</p>
<p>Fragiskos Alvertis 6.</p>
<p>Bosnia: Nenad Markovic 26, Dzevad Alihodzic 23, Gordan Firic</p>
<p>9, Aris Beciragic 9, Elvir Ovcina 4.</p>
<p>Group C (in Badalona):</p>
<p>Yugoslavia 108 Latvia 89 (51-41)</p>
<p>Leading scorers:</p>
<p>Yugoslavia - Aleksandar Djordjevic 22, Zoran Savic 12,</p>
<p>Miroslav Beric 10, Nikola Bulatovic 9, Predrag Danilovic 8.</p>
<p>Latvia - Ainars Bagatskis 25, Roberts Stelmahers 12, Uvis</p>
<p>Helmanis 11, Edgars Sneps 10, Igors Melniks 9.</p>
<p>Group B (in Gerona):</p>
<p>France 82 Israel 88 (42-42)</p>
<p>Leading scorers:</p>
<p>France - Yann Bonato 21, Thierry Gadou 16, Stephane Risacher</p>
<p>13, Fabien Dubos 13, Laurent Sciarra 7.</p>
<p>Israel - Oded Katash 34, Tomer Steinhauer 17, Gur Shelef 15,</p>
<p>Nadav Henefeld 10.</p>
<p>Group D (in Badalona):</p>
<p>Spain 67 Germany 59 (44-42)</p>
<p>Leading scorers:</p>
<p>Spain - Rafael Jofresa 14, Ferran Martinez 13, Alberto</p>
<p>Herreros 12, Antonio Orenga 11, Alfonso Reyes 6.</p>
<p>Germany - Henrik Roedl 17, Sascha Hupmann 12, Henning</p>
<p>Harnisch 10.</p>
<p>Group B (in Gerona):</p>
<p>Lithuania 76 Slovenia 67 (halftime 41-37):</p>
<p>Leading scorers:</p>
<p>Lithuania: Arturas Karnisovas 16, Ginatras Einikis 15, V Praskevicius 13, Darius Lukminas 9, Mindaugas Timinskas 7.</p>
<p>Slovenia: Teoman Alibegovic 17, Radosav Nesterovic 14, Ivica Jurkovic 13, Boris Gorenc 12, Jurij Zdovc 6.</p>
<p>Group C (in Badalona):</p>
<p>Italy 80 Poland 65 (halftime 46-36)</p>
<p>Leading scorers:</p>
<p>Italy: Carlton Myers 18, Gregor Fucka 18, Alessandro Frosini 6, Flavio Carera 5, Giacomo Galanda 5.</p>
<p>Poland: Maciej Zielinski 16, Adam Wojcik 12, Piotr Szybilski 11, Andrzej Pluta 6, Dominik Tomczyk 6.</p>
</text>
<copyright>(c) Reuters Limited 1997</copyright>
<metadata>
<codes class="bip:countries:1.0">
  <code code="SPAIN">
    <editdetail attribution="Reuters BIP Coding Group" action="confirmed" date="1997-06-27"/>
  </code>
</codes>
<codes class="bip:topics:1.0">
  <code code="GCAT">
    <editdetail attribution="Reuters BIP Coding Group" action="confirmed" date="1997-06-27"/>
  </code>
  <code code="GSPO">
    <editdetail attribution="Reuters BIP Coding Group" action="confirmed" date="1997-06-27"/>
  </code>
</codes>
<dc element="dc.date.created" value="1997-06-27"/>
<dc element="dc.publisher" value="Reuters Holdings Plc"/>
<dc element="dc.date.published" value="1997-06-27"/>
<dc element="dc.source" value="Reuters"/>
<dc element="dc.creator.location" value="GERONA, Spain"/>
<dc element="dc.creator.location.country.name" value="SPAIN"/>
<dc element="dc.source" value="Reuters"/>
</metadata>
</newsitem>
