<?xml version="1.0" encoding="iso-8859-1" ?>
<newsitem itemid="691664" id="root" date="1997-06-27" xml:lang="en">
<title>USA: BASEBALL-THURSDAY'S MAJOR LEAGUE RESULTS.</title>
<headline>BASEBALL-THURSDAY'S MAJOR LEAGUE RESULTS.</headline>
<dateline>NEW YORK 1997-06-26</dateline>
<text>
<p>Results of Major League</p>
<p>Baseball games on Thursday (home team in CAPS):</p>
<p>		American League</p>
<p> Detroit	     10  BOSTON		 6</p>
<p> Toronto		3  BALTIMORE	    0</p>
<p> KANSAS CITY	  4  Milwaukee	    3</p>
<p> Chi White Sox     11  MINNESOTA	    1</p>
<p> OAKLAND		6  Texas		  3</p>
<p> SEATTLE		6  Anaheim		3</p>
<p>		National League</p>
<p> Montreal	     5  FLORIDA		2</p>
<p> St Louis	     5  CINCINNATI	   3</p>
<p> ATLANTA		5  Philadelphia	 4</p>
<p> Houston		7  CHICAGO CUBS	 6 (in 10)</p>
<p> COLORADO	     7  San Francisco	6</p>
<p> San Diego	    9  LOS ANGELES	  7</p>
</text>
<copyright>(c) Reuters Limited 1997</copyright>
<metadata>
<codes class="bip:countries:1.0">
  <code code="CANA">
    <editdetail attribution="Reuters BIP Coding Group" action="confirmed" date="1997-06-27"/>
  </code>
  <code code="USA">
    <editdetail attribution="Reuters BIP Coding Group" action="confirmed" date="1997-06-27"/>
  </code>
</codes>
<codes class="bip:topics:1.0">
  <code code="GCAT">
    <editdetail attribution="Reuters BIP Coding Group" action="confirmed" date="1997-06-27"/>
  </code>
  <code code="GSPO">
    <editdetail attribution="Reuters BIP Coding Group" action="confirmed" date="1997-06-27"/>
  </code>
</codes>
<dc element="dc.date.created" value="1997-06-26"/>
<dc element="dc.publisher" value="Reuters Holdings Plc"/>
<dc element="dc.date.published" value="1997-06-27"/>
<dc element="dc.source" value="Reuters"/>
<dc element="dc.creator.location" value="NEW YORK"/>
<dc element="dc.creator.location.country.name" value="USA"/>
<dc element="dc.source" value="Reuters"/>
</metadata>
</newsitem>
