<?xml version="1.0" encoding="iso-8859-1" ?>
<newsitem itemid="691670" id="root" date="1997-06-27" xml:lang="en">
<title>SWITZERLAND: SOCCER-UEFA UPHOLDS FIORENTINA BAN.</title>
<headline>SOCCER-UEFA UPHOLDS FIORENTINA BAN.</headline>
<dateline>GENEVA 1997-06-27</dateline>
<text>
<p>Fiorentina had their appeal against a two-match home ban turned down by UEFA on Friday but had suspensions to two players reduced.</p>
<p>Fiorentina had been ordered to play their next two European matches 500 kms from Florence following disturbances when they played Barcelona in the second leg of their European Cup Winners' Cup semifinal second leg on April 24.</p>
<p>Barcelona coach Bobby Robson was hit by a bottle while players Sergi Barjuan and Ivan de la Pena were hit by other objects thrown by Fiorentina fans.</p>
<p>UEFA's Control and Disciplinary Committee reduced the suspension of Fiorentina's Portuguese captain Rui Costa for insulting the referee from four games to three and that of his Swedish team mate Stefan Schwarz from three to one.</p>
<p>UEFA also reduced a fine on Porto from 100,000 Swiss francs ($69,700) to 30,000. The fine was imposed because of crowd disturbances at the Portuguese club's European Cup quarter-final second leg against England's Manchester United in Oporto on March 19. ($ = 1.434 Swiss Francs)</p>
</text>
<copyright>(c) Reuters Limited 1997</copyright>
<metadata>
<codes class="bip:countries:1.0">
  <code code="ITALY">
    <editdetail attribution="Reuters BIP Coding Group" action="confirmed" date="1997-06-27"/>
  </code>
  <code code="PORL">
    <editdetail attribution="Reuters BIP Coding Group" action="confirmed" date="1997-06-27"/>
  </code>
  <code code="SPAIN">
    <editdetail attribution="Reuters BIP Coding Group" action="confirmed" date="1997-06-27"/>
  </code>
  <code code="SWITZ">
    <editdetail attribution="Reuters BIP Coding Group" action="confirmed" date="1997-06-27"/>
  </code>
  <code code="UK">
    <editdetail attribution="Reuters BIP Coding Group" action="confirmed" date="1997-06-27"/>
  </code>
</codes>
<codes class="bip:topics:1.0">
  <code code="GCAT">
    <editdetail attribution="Reuters BIP Coding Group" action="confirmed" date="1997-06-27"/>
  </code>
  <code code="GSPO">
    <editdetail attribution="Reuters BIP Coding Group" action="confirmed" date="1997-06-27"/>
  </code>
</codes>
<dc element="dc.date.created" value="1997-06-27"/>
<dc element="dc.publisher" value="Reuters Holdings Plc"/>
<dc element="dc.date.published" value="1997-06-27"/>
<dc element="dc.source" value="Reuters"/>
<dc element="dc.creator.location" value="GENEVA"/>
<dc element="dc.creator.location.country.name" value="SWITZERLAND"/>
<dc element="dc.source" value="Reuters"/>
</metadata>
</newsitem>
