<?xml version="1.0" encoding="iso-8859-1" ?>
<newsitem itemid="691629" id="root" date="1997-06-27" xml:lang="en">
<title>USA: GOLF-DAMRON LEADS ST. JUDE CLASSIC IN FIRST ROUND.</title>
<headline>GOLF-DAMRON LEADS ST. JUDE CLASSIC IN FIRST ROUND.</headline>
<dateline>GERMANTOWN, Tennessee 1997-06-26</dateline>
<text>
<p>Robert Damron, one of the most surprising rookies on the PGA Tour, carded a six-under-par 65 and held a one-stroke lead when first-round play was suspended due to darkness at the $1.5 million St. Jude Classic Thursday.</p>
<p>A stroke behind Damron were Nick Price, Craig Kanada and Kenny Perry, who completed their rounds.</p>
<p>Lennie Clements, Doug Martin and Stewart Cink were also at five-under but were on the TPC at Southwind course when play -- which was delayed by thunderstorms for just over three hours -- was suspended at 9:22 p.m.</p>
<p>Seventy-eight of the 155 players were to complete their rounds Friday morning.</p>
<p>Damron, 41st on the money list with $341,758, enjoyed a bogey-free round. The 25-year-old Floridian started on the back nine and ran off five straight pars. He heated up with birdies on 15, 16 and 17.</p>
<p>After parring 18 and the first hole on the front nine, he made birdies at two, three and five to finish at six under. It was the fourth successive round under par for Damron, who tied for third at last week's Buick Classic.</p>
<p>&quot;I carried over confidence from last week,&quot; he said.  &quot;I changed putters last week and these greens are true.&quot;</p>
<p>Price, the 1993 champion here and the only top-20 player entered, is enjoying his best year since 1994, when he won five tour events. He has made the cut in all 10 events he has entered and finished tied for 19th at the U.S. Open two weeks ago. He posted five birdies in a bogey-free round.</p>
<p>Price is competing for the first time since the death of long-time caddie and friend Jeff &quot;Squeeky&quot; Medlen.</p>
<p>Medlen, who was diagnosed with chronic myelogenous leukaemia last summer, died June 16 at the age of 43. He was the caddie during all but one of Price's 14 PGA Tour victories. He helped Price win at the 1992 and 1994 PGA Championships and the 1994 British Open.</p>
<p>South African Ernie Els, coming off successive victories at the U.S. Open and the Buick Classic, is not entered. Also missing are Masters champion Tiger Woods and Jeff Maggert, who finished fourth at the U.S. Open and second to Els at the Buick Classic.</p>
<p>Many top players take time off between the U.S. Open and the British Open in July.</p>
<p>The field does include Greg Norman of Australia, who is making his first appearance since missing the cut at the U.S. Open two weeks ago. Norman, who has played only eight events this year and has missed the cut at both majors, was at three under through 14 holes.</p>
<p>Tied with Norman was defending champion John Cook, who last year set a course record with a 26-under-par 258. He tied the PGA Tour record for best 36-hole total (125) and established a mark for any consecutive 54 holes (189).</p>
<p>The par-71 TPC at Southwind measures 7,006 yards. First prize is $270,000.</p>
</text>
<copyright>(c) Reuters Limited 1997</copyright>
<metadata>
<codes class="bip:countries:1.0">
  <code code="USA">
    <editdetail attribution="Reuters BIP Coding Group" action="confirmed" date="1997-06-27"/>
  </code>
</codes>
<codes class="bip:topics:1.0">
  <code code="GCAT">
    <editdetail attribution="Reuters BIP Coding Group" action="confirmed" date="1997-06-27"/>
  </code>
  <code code="GSPO">
    <editdetail attribution="Reuters BIP Coding Group" action="confirmed" date="1997-06-27"/>
  </code>
</codes>
<dc element="dc.date.created" value="1997-06-26"/>
<dc element="dc.publisher" value="Reuters Holdings Plc"/>
<dc element="dc.date.published" value="1997-06-27"/>
<dc element="dc.source" value="Reuters"/>
<dc element="dc.creator.location" value="GERMANTOWN, Tennessee"/>
<dc element="dc.creator.location.country.name" value="USA"/>
<dc element="dc.source" value="Reuters"/>
</metadata>
</newsitem>
