<?xml version="1.0" encoding="iso-8859-1" ?>
<newsitem itemid="691623" id="root" date="1997-06-27" xml:lang="en">
<title>BOLIVIA: SOCCER-ZAGALLO UNCONCERNED ABOUT ALTITUDE.</title>
<headline>SOCCER-ZAGALLO UNCONCERNED ABOUT ALTITUDE.</headline>
<byline>Brian Homewood</byline>
<dateline>SANTA CRUZ, Bolivia 1997-06-26</dateline>
<text>
<p>Brazil coach Mario Zagallo said Thursday that he was not worried about facing Bolivia in La Paz at 3,600 metres above sea level in Sunday's Copa America.</p>
<p>&quot;Our opponents on Sunday will be Bolivia, not the altitude,&quot; he said after Thursday's 7-0 semi-final demolition of Peru. &quot;The altitude is there, it always has been.&quot;</p>
<p>He went on to refer to his own playing days as an example.</p>
<p>&quot;In 1964, I went there with Botafogo. I played 90 minutes, you notice a bit of a difference but you can play perfectly well,&quot; he said. &quot;We know from the start that if we reached the final and the final was against Bolivia, we would have to go there. I'm not here to complain.&quot;</p>
<p>Brazil have bad memories of Bolivia's largest city.</p>
<p>On their last visit four years ago, they suffered their first and only ever defeat in a World Cup qualifying match when they were beaten 2-0.</p>
<p>Zagallo said Brazil, who have played all their matches so far at near sea level in the country's second largest city of Santa Cruz, said they would arrive in La Paz only a couple of hours before the game in an attempt to minimise the altitude effects.</p>
<p>&quot;We will have a light lunch around one o'clock and then we will fly to La Paz,&quot; he said. The game kicks off at six o'clock in the evening local time.</p>
<p>Zagallo, whose team has scored 18 goals and conceeded two in winning their five games so far, said he was delighted with the evolution of his team during the tournament, saying they were now playing the way he considered ideal.</p>
<p>&quot;We have scored more goals than anyone else in the competition and our defence has conceded fewer than anyone else.&quot;</p>
<p>&quot;In our first two games, we let our opponents create a lot of chances,&quot; he added. &quot;Now, I think we are reaching our objective, not just for this competition but also for the World Cup next year.&quot;</p>
<p>Zagallo admitted that his star striker Ronaldo had been in the wrong when he was booked in the first half after lashing out at a rival. Ronaldo, who failed to score and missed an open goal in the second half, was substituted.</p>
<p>&quot;He was being kicked by the Peruvian defence but he should never have got involved. He can't lose his head like that,&quot; Zagallo said.</p>
</text>
<copyright>(c) Reuters Limited 1997</copyright>
<metadata>
<codes class="bip:countries:1.0">
  <code code="BOL">
    <editdetail attribution="Reuters BIP Coding Group" action="confirmed" date="1997-06-27"/>
  </code>
  <code code="BRAZ">
    <editdetail attribution="Reuters BIP Coding Group" action="confirmed" date="1997-06-27"/>
  </code>
  <code code="PERU">
    <editdetail attribution="Reuters BIP Coding Group" action="confirmed" date="1997-06-27"/>
  </code>
</codes>
<codes class="bip:topics:1.0">
  <code code="GCAT">
    <editdetail attribution="Reuters BIP Coding Group" action="confirmed" date="1997-06-27"/>
  </code>
  <code code="GSPO">
    <editdetail attribution="Reuters BIP Coding Group" action="confirmed" date="1997-06-27"/>
  </code>
</codes>
<dc element="dc.date.created" value="1997-06-26"/>
<dc element="dc.publisher" value="Reuters Holdings Plc"/>
<dc element="dc.date.published" value="1997-06-27"/>
<dc element="dc.source" value="Reuters"/>
<dc element="dc.creator.location" value="SANTA CRUZ, Bolivia"/>
<dc element="dc.creator.location.country.name" value="BOLIVIA"/>
<dc element="dc.source" value="Reuters"/>
</metadata>
</newsitem>
