<?xml version="1.0" encoding="iso-8859-1" ?>
<newsitem itemid="691677" id="root" date="1997-06-27" xml:lang="en">
<title>ITALY: SOCCER-VIERI SAYS JUVE SHOULD SELL HIM.</title>
<headline>SOCCER-VIERI SAYS JUVE SHOULD SELL HIM.</headline>
<dateline>TURIN, Italy 1997-06-27</dateline>
<text>
<p>Italian striker Christian Vieri thinks serie A side Juventus would miss a great opportunity if they refused to sell him to Spanish club Atletico Madrid for next season.</p>
<p>&quot;Thirty five billion lire ($21.9 milliom) is an enormous fee. If I were in the shoes of my managers I wouldn't have to think about it too long: I'd let Vieri go,&quot; the 23-year-old striker was quoted as saying in Turin newspaper Tuttosport.</p>
<p>Juventus have said repeatedly that Vieri will not go on the transfer market despite vice-president Roberto Bettega's comment earlier this month that every player had his price.</p>
</text>
<copyright>(c) Reuters Limited 1997</copyright>
<metadata>
<codes class="bip:countries:1.0">
  <code code="ITALY">
    <editdetail attribution="Reuters BIP Coding Group" action="confirmed" date="1997-06-27"/>
  </code>
  <code code="SPAIN">
    <editdetail attribution="Reuters BIP Coding Group" action="confirmed" date="1997-06-27"/>
  </code>
</codes>
<codes class="bip:topics:1.0">
  <code code="GCAT">
    <editdetail attribution="Reuters BIP Coding Group" action="confirmed" date="1997-06-27"/>
  </code>
  <code code="GSPO">
    <editdetail attribution="Reuters BIP Coding Group" action="confirmed" date="1997-06-27"/>
  </code>
</codes>
<dc element="dc.date.created" value="1997-06-27"/>
<dc element="dc.publisher" value="Reuters Holdings Plc"/>
<dc element="dc.date.published" value="1997-06-27"/>
<dc element="dc.source" value="Reuters"/>
<dc element="dc.creator.location" value="TURIN, Italy"/>
<dc element="dc.creator.location.country.name" value="ITALY"/>
<dc element="dc.source" value="Reuters"/>
</metadata>
</newsitem>
