<?xml version="1.0" encoding="iso-8859-1" ?>
<newsitem itemid="691622" id="root" date="1997-06-27" xml:lang="en">
<title>USA: GOLF-FIVE-WAY TIE FOR LEAD AT U.S. SENIOR OPEN.</title>
<headline>GOLF-FIVE-WAY TIE FOR LEAD AT U.S. SENIOR OPEN.</headline>
<dateline>OLYMPIA FIELDS, Illinois 1997-06-26</dateline>
<text>
<p>Tom Wargo birdied the last two holes Thursday to join a five-way tie for the lead after the opening round of the $1.3 million U.S. Senior Open, the third of four majors on the Senior Tour.</p>
<p>Wargo, whose first Senior Tour victory came at the 1993 PGA Seniors' Championship, overcame back-to-back bogeys on the back nine to shoot a one-under-par 69.</p>
<p>He was tied with red-hot Gil Morgan, John Bland, Steve Veriato and Kermit Zarley, the only other golfers to break par at the Olympia Fields Country Club.</p>
<p>Dave Eichelberger, who flirted with the lead all day, settled for an even-par 70 and was tied for sixth with Leonard Thompson and Buddy Whitten. </p>
<p>Former champion Larry Laoretti was in a group of 10 golfers two shots back after opening-round 71s. The pack also included Bruce Summerhays, Chi Chi Rodriguez, Bill Hall, Frank Conner, Marion Heck, Bill Tindall, David Oakley, John Jacobs and Dana Quigley.</p>
<p>Defending champion Dave Stockton injured his back Wednesday and struggled to a seven-over 77.</p>
<p>Stockton edged Hale Irwin by two strokes at last year's U.S. Senior Open in Beachwood, Ohio and is trying to become the first repeat champion since Gary Player won back-to-back titles in 1987-88.</p>
<p>Irwin, who won three U.S. Open titles on the PGA Tour and is the leading money-winner on Senior Tour this year, posted a three-over 73. He has won just over $1 million in only 11 events and has four victories, including the PGA Seniors Championship, the year's second major.</p>
<p>Two-time champion Jack Nicklaus carded a 73, two-time winner Gary Player had a 76 and 66-year-old three-time champ Miller Barber posted a 77.</p>
<p>Nicklaus's performance this week will weigh heavily in his decision to compete in next month's British Open. Should he skip the British Open, Nicklaus would end his streak of playing in 142 consecutive major championships.</p>
<p>The par-70 Olympia Fields course measures 6,841 yards. First prize is $232,500 and a win carries with it automatic entry into next year's U.S. Open at the Olympic Club in San Francisco.</p>
</text>
<copyright>(c) Reuters Limited 1997</copyright>
<metadata>
<codes class="bip:countries:1.0">
  <code code="USA">
    <editdetail attribution="Reuters BIP Coding Group" action="confirmed" date="1997-06-27"/>
  </code>
</codes>
<codes class="bip:topics:1.0">
  <code code="GCAT">
    <editdetail attribution="Reuters BIP Coding Group" action="confirmed" date="1997-06-27"/>
  </code>
  <code code="GSPO">
    <editdetail attribution="Reuters BIP Coding Group" action="confirmed" date="1997-06-27"/>
  </code>
</codes>
<dc element="dc.date.created" value="1997-06-26"/>
<dc element="dc.publisher" value="Reuters Holdings Plc"/>
<dc element="dc.date.published" value="1997-06-27"/>
<dc element="dc.source" value="Reuters"/>
<dc element="dc.creator.location" value="OLYMPIA FIELDS, Illinois"/>
<dc element="dc.creator.location.country.name" value="USA"/>
<dc element="dc.source" value="Reuters"/>
</metadata>
</newsitem>
