<?xml version="1.0" encoding="iso-8859-1" ?>
<newsitem itemid="691635" id="root" date="1997-06-27" xml:lang="en">
<title>UK: TENNIS-WIMBLEDON WASHED OUT FOR SECOND CONSECUTIVE DAY.</title>
<headline>TENNIS-WIMBLEDON WASHED OUT FOR SECOND CONSECUTIVE DAY.</headline>
<byline>John Mehaffey</byline>
<dateline>LONDON 1997-06-27</dateline>
<text>
<p>Unrelenting rain washed out play for the second consecutive day at the Wimbledon championships on Friday with more showers forecast for the weekend.</p>
<p>It was the first time since 1909 that two successive days have been rained out, leaving tournament organisers 260 matches behind schedule. Tuesday has been the only uninterrupted day so far in the first week of the two-week championships.</p>
<p>Officials will decide at 1500GMT on Saturday whether to play on the middle Sunday, usually a rest day, for the second time in the history of the championships.</p>
<p>The men's doubles competition, yet to get underway, has already been reduced to the best of three sets for the first three rounds.</p>
<p>Further rain is likely on Saturday and Sunday with no break predicted until Monday in the depression which has disrupted the English summer sports season.</p>
<p>British number one Tim Henman, the 14th seed, defended Wimbledon traditions and said he did not believe there should be a roof over the only Grand Slam grass court tournament.</p>
<p>&quot;It's an outdoor tournament and it should remain that way,&quot; Henman told a news conference.</p>
<p>Henman also said he believed the tournament should stay on grass.</p>
<p>&quot;It's unique in a lot ways and especially that way,&quot; Henman said. &quot;It's inevitable you are going to have years when the weather is bad.&quot;</p>
<p>The players have been as depressed as the scattering of spectators huddled on the show courts willing the clouds to disappear.</p>
<p>&quot;There's only a certain amount of practices you can have, lunches you can have, games of backgammon you can have,&quot; Henman concluded.</p>
<p>Venus Williams, the American teenager who had been due to make her Wimbledon debut on Friday, was more sanguine.</p>
<p>&quot;I'm not frustrated at all,&quot; she said. &quot;I think maybe a lot of other players are. But I'm just fine.&quot;</p>
</text>
<copyright>(c) Reuters Limited 1997</copyright>
<metadata>
<codes class="bip:countries:1.0">
  <code code="UK">
    <editdetail attribution="Reuters BIP Coding Group" action="confirmed" date="1997-06-27"/>
  </code>
</codes>
<codes class="bip:topics:1.0">
  <code code="GCAT">
    <editdetail attribution="Reuters BIP Coding Group" action="confirmed" date="1997-06-27"/>
  </code>
  <code code="GSPO">
    <editdetail attribution="Reuters BIP Coding Group" action="confirmed" date="1997-06-27"/>
  </code>
</codes>
<dc element="dc.date.created" value="1997-06-27"/>
<dc element="dc.publisher" value="Reuters Holdings Plc"/>
<dc element="dc.date.published" value="1997-06-27"/>
<dc element="dc.source" value="Reuters"/>
<dc element="dc.creator.location" value="LONDON"/>
<dc element="dc.creator.location.country.name" value="UK"/>
<dc element="dc.source" value="Reuters"/>
</metadata>
</newsitem>
