<?xml version="1.0" encoding="iso-8859-1" ?>
<newsitem itemid="691674" id="root" date="1997-06-27" xml:lang="en">
<title>SPAIN: SOCCER-HEYNCKES DISMISSES KOHLER SIGNING RUMOUR.</title>
<headline>SOCCER-HEYNCKES DISMISSES KOHLER SIGNING RUMOUR.</headline>
<dateline>MADRID 1997-06-27</dateline>
<text>
<p>New Real Madrid coach Jupp Heynckes on Friday dismissed a newspaper report suggesting that he hoped to sign Borussia Dortmund's German international defender Juergen Kohler.</p>
<p>&quot;He's a good player...but I believe that two Germans at Real are enough,&quot; said Heynckes, in an apparent reference to himself and goalkeeper Bodo Illgner.</p>
<p>Friday's edition of the Spanish sports daily 'Marca' said Heynckes had met Kohler to discuss a possible move to Real.</p>
</text>
<copyright>(c) Reuters Limited 1997</copyright>
<metadata>
<codes class="bip:countries:1.0">
  <code code="GFR">
    <editdetail attribution="Reuters BIP Coding Group" action="confirmed" date="1997-06-27"/>
  </code>
  <code code="SPAIN">
    <editdetail attribution="Reuters BIP Coding Group" action="confirmed" date="1997-06-27"/>
  </code>
</codes>
<codes class="bip:topics:1.0">
  <code code="GCAT">
    <editdetail attribution="Reuters BIP Coding Group" action="confirmed" date="1997-06-27"/>
  </code>
  <code code="GSPO">
    <editdetail attribution="Reuters BIP Coding Group" action="confirmed" date="1997-06-27"/>
  </code>
</codes>
<dc element="dc.date.created" value="1997-06-27"/>
<dc element="dc.publisher" value="Reuters Holdings Plc"/>
<dc element="dc.date.published" value="1997-06-27"/>
<dc element="dc.source" value="Reuters"/>
<dc element="dc.creator.location" value="MADRID"/>
<dc element="dc.creator.location.country.name" value="SPAIN"/>
<dc element="dc.source" value="Reuters"/>
</metadata>
</newsitem>
