<?xml version="1.0" encoding="iso-8859-1" ?>
<newsitem itemid="691649" id="root" date="1997-06-27" xml:lang="en">
<title>KENYA: ATHLETICS-KONCHELLAH FAILS IN COMEBACK BID.</title>
<headline>ATHLETICS-KONCHELLAH FAILS IN COMEBACK BID.</headline>
<dateline>NAIROBI 1997-06-27</dateline>
<text>
<p>Former world champion Billy Konchellah's hopes of a major international return were dashed on Friday when the veteran 800 metres runner crashed out of the Kenyan world championship trials.</p>
<p>Konchellah, 35, finished eighth in his semifinal heat and failed to qualify for Saturday's final.</p>
<p>&quot;The younger boys ran so well. It was one of those bad days for me,&quot; said Konchellah, who has made a number of successful comebacks during his career.</p>
<p>Konchellah has had nagging knee problems in recent seasons and was forced to pull out the trials for last year's Atlanta Olympics because of injury. But he had hoped to qualify for the world championships in Athens in August.</p>
<p>Konchellah's younger brother Patrick, however, won his semifinal heat convincingly. The Commonwealth champion clocked one minute 45.59 seconds ahead of Olympic bronze medallist Fred Onyancha (1:45.67) and David Kiptoo (1:45.84).</p>
<p>In the 10,000 metres final Paul Koech beat three-times world cross-country champion Paul Tergat into third place.</p>
<p>In a tactical race, Koech burst away during the 18th lap and ran away to finish in 28:20.0. He was followed by Dominic Kirui (28:36.0). Tergat clocked 28:38.1.</p>
<p>Both Koech and Tergat complained about the tight programme at the trials, saying that they had asked the Kenya Amateur Athletics Association to postpone the final until Saturday.</p>
<p>&quot;This made us strain a lot. Running 20 kilometres in two days at altitude will certainly affect my world championship programme,&quot; Koech said.</p>
</text>
<copyright>(c) Reuters Limited 1997</copyright>
<metadata>
<codes class="bip:countries:1.0">
  <code code="KENYA">
    <editdetail attribution="Reuters BIP Coding Group" action="confirmed" date="1997-06-27"/>
  </code>
</codes>
<codes class="bip:topics:1.0">
  <code code="GCAT">
    <editdetail attribution="Reuters BIP Coding Group" action="confirmed" date="1997-06-27"/>
  </code>
  <code code="GSPO">
    <editdetail attribution="Reuters BIP Coding Group" action="confirmed" date="1997-06-27"/>
  </code>
</codes>
<dc element="dc.date.created" value="1997-06-27"/>
<dc element="dc.publisher" value="Reuters Holdings Plc"/>
<dc element="dc.date.published" value="1997-06-27"/>
<dc element="dc.source" value="Reuters"/>
<dc element="dc.creator.location" value="NAIROBI"/>
<dc element="dc.creator.location.country.name" value="KENYA"/>
<dc element="dc.source" value="Reuters"/>
</metadata>
</newsitem>
