<?xml version="1.0" encoding="iso-8859-1" ?>
<newsitem itemid="691663" id="root" date="1997-06-27" xml:lang="en">
<title>USA: BASEBALL-STANDINGS AFTER THURSDAY'S MAJOR LEAGUE GAMES.</title>
<headline>BASEBALL-STANDINGS AFTER THURSDAY'S MAJOR LEAGUE GAMES.</headline>
<dateline>NEW YORK 1997-06-26</dateline>
<text>
<p>Major League Baseball</p>
<p>standings after games on Thursday (tabulate under wins,</p>
<p>losses, winning percentage and games behind first):</p>
<p>		   AMERICAN LEAGUE</p>
<p>		   EAST DIVISION</p>
<p>			 W    L   PCT  GB</p>
<p> BALTIMORE	  50   24  .676   -</p>
<p> NY YANKEES	 43   32  .573   7 1/2</p>
<p> TORONTO	    34   39  .466  15 1/2</p>
<p> BOSTON	     35   41  .461  16</p>
<p> DETROIT	    33   41  .446  17</p>
<p>		   CENTRAL DIVISION</p>
<p>			 W    L   PCT  GB</p>
<p> CLEVELAND	  38   33  .535   -</p>
<p> CHI WHITE SOX    38   37  .507   2</p>
<p> MILWAUKEE	  35   38  .479   4</p>
<p> KANSAS CITY	35   38  .479   4</p>
<p> MINNESOTA	  34   41  .453   6</p>
<p>		   WEST DIVISION</p>
<p>			 W    L   PCT  GB</p>
<p> SEATTLE	    45   32  .584   -</p>
<p> ANAHEIM	    40   36  .526   4 1/2</p>
<p> TEXAS		37   38  .493   7</p>
<p> OAKLAND	    32   47  .405  14</p>
<p>FRIDAY, JUNE 27 SCHEDULE</p>
<p>DETROIT AT BOSTON		</p>
<p>TORONTO AT BALTIMORE	   </p>
<p>CLEVELAND AT NY YANKEES	</p>
<p>MILWAUKEE AT KANSAS CITY     </p>
<p>CHI WHITE SOX AT MINNESOTA   </p>
<p>ANAHEIM AT SEATTLE	     </p>
<p>TEXAS AT OAKLAND		 </p>
<p>		   NATIONAL LEAGUE</p>
<p>		   EAST DIVISION</p>
<p>			 W    L   PCT  GB</p>
<p> ATLANTA	    49   28  .636   -</p>
<p> FLORIDA	    45   31  .592   3 1/2</p>
<p> NY METS	    43   33  .566   5 1/2</p>
<p> MONTREAL	   43   33  .566   5 1/2</p>
<p> PHILADELPHIA     23   52  .307  25</p>
<p>		   CENTRAL DIVISION</p>
<p>			 W    L   PCT  GB</p>
<p> HOUSTON	    39   39  .500   -</p>
<p> ST LOUIS	   36   40  .474   2</p>
<p> PITTSBURGH	 35   41  .461   3</p>
<p> CINCINNATI	 32   44  .421   6</p>
<p> CHICAGO CUBS     29   48  .377   9 1/2</p>
<p>		   WEST DIVISION</p>
<p>			 W    L   PCT  GB</p>
<p> SAN FRANCISCO    44   33  .571   -</p>
<p> COLORADO	   41   37  .526   3 1/2</p>
<p> LOS ANGELES	38   39  .494   6</p>
<p> SAN DIEGO	  33   44  .429  11</p>
<p>FRIDAY, JUNE 27 SCHEDULE</p>
<p>HOUSTON AT CHICAGO CUBS	</p>
<p>MONTREAL AT FLORIDA	    </p>
<p>ST LOUIS AT CINCINNATI	 </p>
<p>NY METS AT PITTSBURGH	  </p>
<p>PHILADELPHIA AT ATLANTA	</p>
<p>SAN FRANCISCO AT COLORADO    </p>
<p>SAN DIEGO AT LOS ANGELES</p>
</text>
<copyright>(c) Reuters Limited 1997</copyright>
<metadata>
<codes class="bip:countries:1.0">
  <code code="USA">
    <editdetail attribution="Reuters BIP Coding Group" action="confirmed" date="1997-06-27"/>
  </code>
</codes>
<codes class="bip:topics:1.0">
  <code code="GCAT">
    <editdetail attribution="Reuters BIP Coding Group" action="confirmed" date="1997-06-27"/>
  </code>
  <code code="GSPO">
    <editdetail attribution="Reuters BIP Coding Group" action="confirmed" date="1997-06-27"/>
  </code>
</codes>
<dc element="dc.date.created" value="1997-06-26"/>
<dc element="dc.publisher" value="Reuters Holdings Plc"/>
<dc element="dc.date.published" value="1997-06-27"/>
<dc element="dc.source" value="Reuters"/>
<dc element="dc.creator.location" value="NEW YORK"/>
<dc element="dc.creator.location.country.name" value="USA"/>
<dc element="dc.source" value="Reuters"/>
</metadata>
</newsitem>
