<?xml version="1.0" encoding="iso-8859-1" ?>
<newsitem itemid="691753" id="root" date="1997-06-27" xml:lang="en">
<title>SLOVAKIA: SLOVAKIA SETS TENDER FOR LOAN, INFRASTRUCTURE.</title>
<headline>SLOVAKIA SETS TENDER FOR LOAN, INFRASTRUCTURE.</headline>
<dateline>BRATISLAVA 1997-06-27</dateline>
<text>
<p>Slovakia has set a tender for a $250 million international loan to boost basic capital of the planned state-run Exim bank and help finance infrastructure projects, the daily Narodna Obroda reported on Friday.</p>
<p>&quot;The National Bank of Slovakia (NBS) has already contacted some foreign banks and the (initial) offers we are getting are very favourable,&quot; the daily quoted NBS Vice-governor Marian Jusko as saying.  </p>
<p>Around one-third of the credit should be used to boost the basic capital of the planned Export-Import bank, expected to begin operations this summer, Jusko said.</p>
<p>The rest of the funds should help finance unspecified infrastructrure projects which were originally planned to be covered by the state budget.</p>
<p>No further details on the loan were disclosed and NBS officials, including Jusko himself, were not immediately available for comment.</p>
<p>-- Peter Laca, Bratislava Newsroom, 421-7-521-8402</p>
</text>
<copyright>(c) Reuters Limited 1997</copyright>
<metadata>
<codes class="bip:countries:1.0">
  <code code="SLVAK">
    <editdetail attribution="Reuters BIP Coding Group" action="confirmed" date="1997-06-27"/>
  </code>
</codes>
<codes class="bip:topics:1.0">
  <code code="E21">
    <editdetail attribution="Reuters BIP Coding Group" action="confirmed" date="1997-06-27"/>
  </code>
  <code code="E212">
    <editdetail attribution="Reuters BIP Coding Group" action="confirmed" date="1997-06-27"/>
  </code>
  <code code="ECAT">
    <editdetail attribution="Reuters BIP Coding Group" action="confirmed" date="1997-06-27"/>
  </code>
</codes>
<dc element="dc.date.created" value="1997-06-27"/>
<dc element="dc.publisher" value="Reuters Holdings Plc"/>
<dc element="dc.date.published" value="1997-06-27"/>
<dc element="dc.source" value="Reuters"/>
<dc element="dc.creator.location" value="BRATISLAVA"/>
<dc element="dc.creator.location.country.name" value="SLOVAKIA"/>
<dc element="dc.source" value="Reuters"/>
</metadata>
</newsitem>
