<?xml version="1.0" encoding="iso-8859-1" ?>
<newsitem itemid="691756" id="root" date="1997-06-27" xml:lang="en">
<title>LATVIA: PAREKSS PLACES ODESSA MUNICIPAL BONDS-REPORT.</title>
<headline>PAREKSS PLACES ODESSA MUNICIPAL BONDS-REPORT.</headline>
<dateline>RIGA 1997-06-27</dateline>
<text>
<p>Parekss Bank, the biggest bank in Latvia, has placed one-year municipal bonds issued by the Ukrainian city of Odessa, worth around 30 million hryvnias ($17 million), the Diena bizness newspaper reported on Friday.</p>
<p>&quot;The paper has a coupon of 50 percent and nominal values range betwen 10 to 1,000 hryvnias,&quot; Jevgenii Luksep, the bank's manager of investment and securities, is reported as saying by the newspaper.</p>
<p>The bonds will finance Odessa's infrastructure development and are secured by city property and revenue. They will be placed outside Ukraine, the newspaper writes.</p>
<p>&quot;Almost all of the issue has already been sold to Parekss bank's clients and partners,&quot; Luksep says in the interview.</p>
<p>The depository services are provided by the Bank of New York, the paper said.</p>
<p>-- Martinsh Gravitis, Riga newsroom, +371 721 5240</p>
</text>
<copyright>(c) Reuters Limited 1997</copyright>
<metadata>
<codes class="bip:countries:1.0">
  <code code="LATV">
    <editdetail attribution="Reuters BIP Coding Group" action="confirmed" date="1997-06-27"/>
  </code>
</codes>
<codes class="bip:topics:1.0">
  <code code="E21">
    <editdetail attribution="Reuters BIP Coding Group" action="confirmed" date="1997-06-27"/>
  </code>
  <code code="E212">
    <editdetail attribution="Reuters BIP Coding Group" action="confirmed" date="1997-06-27"/>
  </code>
  <code code="ECAT">
    <editdetail attribution="Reuters BIP Coding Group" action="confirmed" date="1997-06-27"/>
  </code>
</codes>
<dc element="dc.date.created" value="1997-06-27"/>
<dc element="dc.publisher" value="Reuters Holdings Plc"/>
<dc element="dc.date.published" value="1997-06-27"/>
<dc element="dc.source" value="Reuters"/>
<dc element="dc.creator.location" value="RIGA"/>
<dc element="dc.creator.location.country.name" value="LATVIA"/>
<dc element="dc.source" value="Reuters"/>
</metadata>
</newsitem>
