<?xml version="1.0" encoding="iso-8859-1" ?>
<newsitem itemid="691711" id="root" date="1997-06-27" xml:lang="en">
<title>SLOVAKIA: ETHNIC HUNGARIANS PROTEST SLOVAK-ONLY REPORT CARDS.</title>
<headline>ETHNIC HUNGARIANS PROTEST SLOVAK-ONLY REPORT CARDS.</headline>
<byline>Peter Javurek</byline>
<dateline>BRATISLAVA 1997-06-27</dateline>
<text>
<p>Many ethnic Hungarian pupils in Slovakia refused to accept their year-end report cards on Friday because they were written in only Slovak instead of traditional bilingual reports.</p>
<p>The move to reject the Slovak-only reports was a protest against what the ethnic Hungarians consider to be a violation of their basic rights by the government of Premier Vladimir Meciar, leaders of the ethnic Hungarian community said.</p>
<p>&quot;A more than 77-year long tradition of bilingual reports has been broken,&quot; Bela Bugar, leader of the ethnic Hungarian Christian Democrats Party, told the independent radio Twist.</p>
<p>&quot;The current regime is behaving even worse than that of (Jozef) Tiso... which tolerated bilingual reports,&quot; Bugar, an opposition member of parliament said, referring to the president of 1939-1945 Slovak Nazi-puppet state.</p>
<p>The official Slovak news agency TASR reported that many ethnic Hungarian students in various spots in the south of the country had joined in the protest.</p>
<p>The Slovak Education Ministry ordered only Slovak-language reports to be issued in elementary and secondary schools.</p>
<p>The directive applied also to schools in southern Slovakia where most of the 600,000-strong ethnic Hungarian minority live, many of which use Hungarian as a teaching language.</p>
<p>The ministry, in this country of roughly five million people, based its decision on a 1995 state language law.</p>
<p>&quot;The issue of single-language reports in Hungarian- language schools... is strictly according the law which says all official documents must be in the state language,&quot; Gejza Sadecky head of the ministry's school department told TASR.</p>
<p>Many parents refused to send their children to school in protest against the move, while several Hungarian language schools administrators disobeyed official orders and issued bilingual reports.</p>
<p>Meciar's ruling coalition accused ethnic Hungarian politicians of inflating the issue.</p>
<p>&quot;They would accept the reports if they were written only in Hungarian,&quot; said Jan Cuper legal spokesman of Meciar's Movement for a Democratic Slovakia (HZDS).</p>
<p>&quot;I pray this will not happen in my lifetime,&quot; Cuper added.</p>
<p>Anna Malikova, the vice-chairwoman of the far-right Slovak National Party (SNS) which holds the education ministry portfolio said that barring children from attending school on Friday was &quot;blatent abuse of children&quot;.</p>
<p>&quot;Why are Hungarian politicians playing this dangerous game with fire,&quot; she asked.</p>
<p>Slovakia has been battered by criticism from the European Union and the United States which have said the that Bratislava government has been dragging its feet on democratic reforms and improving its treatment of the country's ethnic minorites.</p>
<p>Earlier this week, the EU called on Slovakia to withdraw a school handbook published with EU-financing which disclaims the persecution of Slovak Jews during World War Two.</p>
<p>Meciar, attending an EU conference on Friday in Amsterdam on Friday, rejected the calls but agreed that it would not be used as a textbook in Slovak schools.</p>
</text>
<copyright>(c) Reuters Limited 1997</copyright>
<metadata>
<codes class="bip:countries:1.0">
  <code code="SLVAK">
    <editdetail attribution="Reuters BIP Coding Group" action="confirmed" date="1997-06-27"/>
  </code>
</codes>
<codes class="bip:topics:1.0">
  <code code="GCAT">
    <editdetail attribution="Reuters BIP Coding Group" action="confirmed" date="1997-06-27"/>
  </code>
  <code code="GPOL">
    <editdetail attribution="Reuters BIP Coding Group" action="confirmed" date="1997-06-27"/>
  </code>
</codes>
<dc element="dc.date.created" value="1997-06-27"/>
<dc element="dc.publisher" value="Reuters Holdings Plc"/>
<dc element="dc.date.published" value="1997-06-27"/>
<dc element="dc.source" value="Reuters"/>
<dc element="dc.creator.location" value="BRATISLAVA"/>
<dc element="dc.creator.location.country.name" value="SLOVAKIA"/>
<dc element="dc.source" value="Reuters"/>
</metadata>
</newsitem>
