<?xml version="1.0" encoding="iso-8859-1" ?>
<newsitem itemid="691777" id="root" date="1997-06-27" xml:lang="en">
<title>UK: N.Sea crudes jump on buyer fear of July shortages.</title>
<headline>N.Sea crudes jump on buyer fear of July shortages.</headline>
<dateline>LONDON 1997-06-27</dateline>
<text>
<p>North Sea crudes were heavily traded on Friday at firmer numbers with absent Iraqi barrels forcing buyers to rush to cover July requirements, traders said.</p>
<p>Paper markets were also active and firm as bullishness overtook both the wet and cash crude trade.</p>
<p>&quot;I think the sour market has been very tight for obvious reasons and that is now affecting the North Sea market,&quot; said one trader.</p>
<p>Osebergs traded at dated Brent +20 and +24 cents, 5-10 cents firmer on the day, a Gulfaks A moved at +3 cents, six cents better than on Thursday, a Flotta at -50 cents and a Draugen shifted at +40 cents.</p>
<p>Outright values were also boosted by the demand for July barrels and by fund buying, with August IPE contracts trading around $18.15 in the late afternoon in Europe.</p>
<p>Traders said that although Iraq had committed to restart crude exports, the hiatus between the last deliveries in late May and their resumption, anticipated some time in July, had inflicted a short-term tightness on the market.</p>
<p>Scepticism over Iraq's 10-day target for concluding an aid distribution deal with the U.N. and solving the logistical hurdles blocking exports was also forcing buyers to cover needs on a preventive basis.</p>
<p>&quot;We are seeing big Iraqi contract holders coming into the market whereas normally they would not,&quot; one trader said.</p>
<p>Few non-Brent crude cargoes were now left available for July, he added.</p>
<p>&quot;We've been a little bit surprised ourselves at the strength of the buying,&quot; said one seller. &quot;It is unusual for the market to buy so far ahead.&quot;</p>
</text>
<copyright>(c) Reuters Limited 1997</copyright>
<metadata>
<codes class="bip:countries:1.0">
  <code code="UK">
    <editdetail attribution="Reuters BIP Coding Group" action="confirmed" date="1997-06-27"/>
  </code>
</codes>
<codes class="bip:topics:1.0">
  <code code="M14">
    <editdetail attribution="Reuters BIP Coding Group" action="confirmed" date="1997-06-27"/>
  </code>
  <code code="M143">
    <editdetail attribution="Reuters BIP Coding Group" action="confirmed" date="1997-06-27"/>
  </code>
  <code code="MCAT">
    <editdetail attribution="Reuters BIP Coding Group" action="confirmed" date="1997-06-27"/>
  </code>
</codes>
<dc element="dc.date.created" value="1997-06-27"/>
<dc element="dc.publisher" value="Reuters Holdings Plc"/>
<dc element="dc.date.published" value="1997-06-27"/>
<dc element="dc.source" value="Reuters"/>
<dc element="dc.creator.location" value="LONDON"/>
<dc element="dc.creator.location.country.name" value="UK"/>
<dc element="dc.source" value="Reuters"/>
</metadata>
</newsitem>
