<?xml version="1.0" encoding="iso-8859-1" ?>
<newsitem itemid="691721" id="root" date="1997-06-27" xml:lang="en">
<title>ESTONIA: THREE COMPANIES TO BECOME NEW BOURSE MEMBERS.</title>
<headline>THREE COMPANIES TO BECOME NEW BOURSE MEMBERS.</headline>
<dateline>TALLINN 1997-06-27</dateline>
<text>
<p>The Tallinn bourse said its board on Friday approved the applications of three companies to become bourse members.</p>
<p>&quot;The board decided to approve the applications of Krediidipank, Beeta Invest and NG Kapital,&quot; Helo Meigas, the managing director of the bourse, told Reuters.</p>
<p>&quot;The applications were approved on the condition they will subscribe to the bourse's shares,&quot; she added.</p>
<p>The Tallinn stock exchange's share capital is 2.6 million kroons, which will increase by 300,000 kroons, Meigas said.</p>
<p>The decision on the new share issue will be decided by the bourse council, which will not meet before September, she added.</p>
<p>The Tallinn Stock Exchange has 19 members now.</p>
<p>-- Eva Palu, Tallinn newsroom, +372 6209 201, reuters@reuters.ee</p>
</text>
<copyright>(c) Reuters Limited 1997</copyright>
<metadata>
<codes class="bip:countries:1.0">
  <code code="ESTNIA">
    <editdetail attribution="Reuters BIP Coding Group" action="confirmed" date="1997-06-27"/>
  </code>
</codes>
<codes class="bip:industries:1.0">
  <code code="I83100">
    <editdetail attribution="Reuters BIP Coding Group" action="confirmed" date="1997-06-27"/>
  </code>
</codes>
<codes class="bip:topics:1.0">
  <code code="C13">
    <editdetail attribution="Reuters BIP Coding Group" action="confirmed" date="1997-06-27"/>
  </code>
  <code code="CCAT">
    <editdetail attribution="Reuters BIP Coding Group" action="confirmed" date="1997-06-27"/>
  </code>
  <code code="M11">
    <editdetail attribution="Reuters BIP Coding Group" action="confirmed" date="1997-06-27"/>
  </code>
  <code code="MCAT">
    <editdetail attribution="Reuters BIP Coding Group" action="confirmed" date="1997-06-27"/>
  </code>
</codes>
<dc element="dc.date.created" value="1997-06-27"/>
<dc element="dc.publisher" value="Reuters Holdings Plc"/>
<dc element="dc.date.published" value="1997-06-27"/>
<dc element="dc.source" value="Reuters"/>
<dc element="dc.creator.location" value="TALLINN"/>
<dc element="dc.creator.location.country.name" value="ESTONIA"/>
<dc element="dc.source" value="Reuters"/>
</metadata>
</newsitem>
