<?xml version="1.0" encoding="iso-8859-1" ?>
<newsitem itemid="691825" id="root" date="1997-06-27" xml:lang="en">
<title>UK: Sheffield Utd confirms Kendall's departure.</title>
<headline>Sheffield Utd confirms Kendall's departure.</headline>
<dateline>LONDON 1997-06-27</dateline>
<text>
<p>English first division football club Sheffield United Plc confirmed on Friday that Howard Kendall was leaving his post as manager to head Everton football club.</p>
<p>Sheffield said Everton had agreed to compensate it for releasing Kendall from his contract.</p>
<p>The amount of compensation was under discussion.</p>
<p>Sheffield said it would begin searching for a new manager immediately, while assistant manager Nigel Spackman would take over as caretaker manager.</p>
<p>Kendall, who took Sheffield United into the first division play-off final last season, joined the club as manager about 18 months ago.</p>
<p>-- London Newsroom +44 171 542 7717</p>
</text>
<copyright>(c) Reuters Limited 1997</copyright>
<metadata>
<codes class="bip:countries:1.0">
  <code code="UK">
    <editdetail attribution="Reuters BIP Coding Group" action="confirmed" date="1997-06-27"/>
  </code>
</codes>
<codes class="bip:industries:1.0">
  <code code="I45300">
    <editdetail attribution="Reuters BIP Coding Group" action="confirmed" date="1997-06-27"/>
  </code>
  <code code="I97911">
    <editdetail attribution="Reuters BIP Coding Group" action="confirmed" date="1997-06-27"/>
  </code>
</codes>
<codes class="bip:topics:1.0">
  <code code="C41">
    <editdetail attribution="Reuters BIP Coding Group" action="confirmed" date="1997-06-27"/>
  </code>
  <code code="C411">
    <editdetail attribution="Reuters BIP Coding Group" action="confirmed" date="1997-06-27"/>
  </code>
  <code code="CCAT">
    <editdetail attribution="Reuters BIP Coding Group" action="confirmed" date="1997-06-27"/>
  </code>
</codes>
<dc element="dc.date.created" value="1997-06-27"/>
<dc element="dc.publisher" value="Reuters Holdings Plc"/>
<dc element="dc.date.published" value="1997-06-27"/>
<dc element="dc.source" value="Reuters"/>
<dc element="dc.creator.location" value="LONDON"/>
<dc element="dc.creator.location.country.name" value="UK"/>
<dc element="dc.source" value="Reuters"/>
</metadata>
</newsitem>
