<?xml version="1.0" encoding="iso-8859-1" ?>
<newsitem itemid="691822" id="root" date="1997-06-27" xml:lang="en">
<title>UK: Tanker rates mainly flat, modern ships favoured.</title>
<headline>Tanker rates mainly flat, modern ships favoured.</headline>
<dateline>LONDON 1997-06-27</dateline>
<text>
<p>Middle East very large crude carrier (VLCC) rates were flat on Friday with modern vessels having less trouble in getting fixed than older ships, brokers said.</p>
<p>Modern tonnage to Japan was able to achieve W68.5, as witnessed by the 1988-built 240,000 tonne Pacific Tower that was fixed at that level for Cosmo, while new ships on voyages west were done at W52.5/55.</p>
<p>But the picture was less rosy for older vessels, with the 1976-built Arcadian 1 fixed as low as W52.5 to the Philippines for Petron.</p>
<p>Brokers said the VLCC outlook for next week was uncertain.</p>
<p>&quot;With Japanese charterers already having fixed cargoes as far ahead as 22 July, and Kuwaitis fixing off 28 July, owners of tonnage, particularly older units, might get a little nervous if there are no fresh cargoes forthcoming in the next few days,&quot; said Galbraith's Ltd in their weekly tanker report.</p>
<p>West Africa trade was thin with modern 130,000 tonne  ships (Suezmaxes) to the U.S. achieving W87.5, and W85 to Europe.</p>
<p>Suezmaxes in the Med remained flat despite plenty of new business, with levels below W90 because of a surfeit of tonnage, especially older ships, brokers said.</p>
<p>Interest in 80,000 tonne (Aframax) vessels in the North Sea was patchy with rates weakening to W120 or below. Med Aframaxes suffered from an oversupply of tonnage and also dipped to around W115/120.</p>
<p>But Galbraith's said that &quot;while North Sea rates are likely to slip further, it is probable that Mediterranean rates will creep up again in the next few days.&quot;</p>
<p>Caribs/upcoast 70,000 tonne vessels also dipped to W165 from W170/172.5, but remain well above the 1996 average of W148, according to data on Rigos Chartering Inc's Internet site. --London newsroom +44 171 542 4088</p>
</text>
<copyright>(c) Reuters Limited 1997</copyright>
<metadata>
<codes class="bip:countries:1.0">
  <code code="UK">
    <editdetail attribution="Reuters BIP Coding Group" action="confirmed" date="1997-06-27"/>
  </code>
</codes>
<codes class="bip:topics:1.0">
  <code code="M14">
    <editdetail attribution="Reuters BIP Coding Group" action="confirmed" date="1997-06-27"/>
  </code>
  <code code="MCAT">
    <editdetail attribution="Reuters BIP Coding Group" action="confirmed" date="1997-06-27"/>
  </code>
</codes>
<dc element="dc.date.created" value="1997-06-27"/>
<dc element="dc.publisher" value="Reuters Holdings Plc"/>
<dc element="dc.date.published" value="1997-06-27"/>
<dc element="dc.source" value="Reuters"/>
<dc element="dc.creator.location" value="LONDON"/>
<dc element="dc.creator.location.country.name" value="UK"/>
<dc element="dc.source" value="Reuters"/>
</metadata>
</newsitem>
