<?xml version="1.0" encoding="iso-8859-1" ?>
<newsitem itemid="691817" id="root" date="1997-06-27" xml:lang="en">
<title>UK: Clean tankers mainly lifeless, Caribs perk up.</title>
<headline>Clean tankers mainly lifeless, Caribs perk up.</headline>
<dateline>LONDON 1997-06-27</dateline>
<text>
<p>The clean tanker market was torpid for the third straight week, with only the Caribbean sector showing any sign of life, brokers said on Friday.</p>
<p>The Caribs/upcoast market perked up by about 15 points from a week ago with 30,000 tonne clean vessels now achieving W185.</p>
<p>But other sectors were lifeless, and brokers E.A. Gibson compared the market with the washed out Wimbledon tennis championships.</p>
<p>&quot;The few rallies were very shortlived, preventing freights from falling further rather than initiating any notable recovery,&quot; they said in their weekly tanker report.</p>
<p>Brokers attributed the low rates in the Middle East to a surfeit of tonnage and few saw much respite.</p>
<p>&quot;Some owners have been willing to ballast to the Mediterranean in the hope of finding alternative cargoes, but these are also scarce with poor freight levels due to the availability of tonnage in that area,&quot; said Gibson.</p>
<p>Cross-Med naphtha fell to about about W200 for 27,500 tonnes and 28/29,000 tonne gas oil cargoes slumped to around W170.</p>
<p>But Gibson said, &quot;By the latter part of the week, however, a realisation that things could only get better promoted a rally of enthusiasm and, hopefully, freights should stabilise.&quot;</p>
<p>Rates in northwest Europe were stable at best, with 22,000 tonnes fetching W200, while 33,000 tonne transatlantic cargoes dipped to W160. --London newsroom +44 171 542 4088</p>
</text>
<copyright>(c) Reuters Limited 1997</copyright>
<metadata>
<codes class="bip:countries:1.0">
  <code code="UK">
    <editdetail attribution="Reuters BIP Coding Group" action="confirmed" date="1997-06-27"/>
  </code>
</codes>
<codes class="bip:topics:1.0">
  <code code="M14">
    <editdetail attribution="Reuters BIP Coding Group" action="confirmed" date="1997-06-27"/>
  </code>
  <code code="MCAT">
    <editdetail attribution="Reuters BIP Coding Group" action="confirmed" date="1997-06-27"/>
  </code>
</codes>
<dc element="dc.date.created" value="1997-06-27"/>
<dc element="dc.publisher" value="Reuters Holdings Plc"/>
<dc element="dc.date.published" value="1997-06-27"/>
<dc element="dc.source" value="Reuters"/>
<dc element="dc.creator.location" value="LONDON"/>
<dc element="dc.creator.location.country.name" value="UK"/>
<dc element="dc.source" value="Reuters"/>
</metadata>
</newsitem>
