<?xml version="1.0" encoding="iso-8859-1" ?>
<newsitem itemid="691814" id="root" date="1997-06-27" xml:lang="en">
<title>UK: Banco Itau prices $100 million three-year Eurobond.</title>
<headline>Banco Itau prices $100 million three-year Eurobond.</headline>
<dateline>LONDON 1997-06-27</dateline>
<text>
<p>The following bond has been priced by lead manager Bankers Trust International.</p>
<p> BORROWER   BANCO ITAU</p>
<p> AMT	  $100 MLN  COUPON     7.5	 MATURITY    11.JUL.00</p>
<p> TYPE	 STRAIGHT  ISS PRICE  99.85     PAY DATE    11.JUL.97</p>
<p> FULL FEES  0.40	REOFFER    =	   SPREAD	+138 BP</p>
<p> LISTING    LUX	 MGT/UND    0.10	SELL CONC   0.30</p>
<p> NEG PLG    YES	 CRS DEFLT  YES	 FORCE MAJ   YES</p>
<p> GOV LAW    UK	  DENOMS (K) 10-100    SALE LIMITS US/GB/BR</p>
<p> UNDERLYING GOVT BOND 6.375 PCT MAY 2000 U.S TREASURY -- London Newsroom +44 171 542 7658  </p>
<p> NOTES	FULL FIGURE FOR SPREAD IS 137.5 BP OVER U.S.</p>
<p>TREASURIES -- London Newsroom +44 171 542 7658</p>
</text>
<copyright>(c) Reuters Limited 1997</copyright>
<metadata>
<codes class="bip:countries:1.0">
  <code code="BRAZ">
    <editdetail attribution="Reuters BIP Coding Group" action="confirmed" date="1997-06-27"/>
  </code>
  <code code="UK">
    <editdetail attribution="Reuters BIP Coding Group" action="confirmed" date="1997-06-27"/>
  </code>
</codes>
<codes class="bip:industries:1.0">
  <code code="I81402">
    <editdetail attribution="Reuters BIP Coding Group" action="confirmed" date="1997-06-27"/>
  </code>
</codes>
<codes class="bip:topics:1.0">
  <code code="C17">
    <editdetail attribution="Reuters BIP Coding Group" action="confirmed" date="1997-06-27"/>
  </code>
  <code code="C172">
    <editdetail attribution="Reuters BIP Coding Group" action="confirmed" date="1997-06-27"/>
  </code>
  <code code="CCAT">
    <editdetail attribution="Reuters BIP Coding Group" action="confirmed" date="1997-06-27"/>
  </code>
</codes>
<dc element="dc.date.created" value="1997-06-27"/>
<dc element="dc.publisher" value="Reuters Holdings Plc"/>
<dc element="dc.date.published" value="1997-06-27"/>
<dc element="dc.source" value="Reuters"/>
<dc element="dc.creator.location" value="LONDON"/>
<dc element="dc.creator.location.country.name" value="UK"/>
<dc element="dc.source" value="Reuters"/>
</metadata>
</newsitem>
