<?xml version="1.0" encoding="iso-8859-1" ?>
<newsitem itemid="691876" id="root" date="1997-06-27" xml:lang="en">
<title>NIGERIA: Nigerian shares continue lower.</title>
<headline>Nigerian shares continue lower.</headline>
<dateline>LAGOS 1997-06-27</dateline>
<text>
<p>Nigerian shares ended lower again on Friday, and traders said there was no end in sight to the weaker trend.</p>
<p>The all-share index closed 8458.02 against 8462.02 on Thursday.</p>
<p>Traders said bearish sentiment ruling the market would probably persist in the coming week as the economic situation in Nigeria still appeared gloomy.</p>
<p>&quot;Not much productive activity is going on here,&quot; one said. &quot;The government decision not to release funds for the last two quarters is hurting business.&quot;</p>
<p>Business executives have also spoken of rising production costs, fuelled by lingering fuel scarcity in Africa's leading crude oil exporter.</p>
<p>They said investors were wary of buying shares until the situation improves.</p>
<p>Continued dumping saw the shares of PZ Industries slump 15 kobo to 28.30 naira on Friday. The conglomerate is the most capitalised firm in the market.</p>
<p>Union Bank fell 20 kobo to 10.80 naira while West African Portland Cement Company shed five kobo to end at 62.25 naira.</p>
<p>Other blue chips posting losses were Cadbury and Coca-Cola bottler, the Nigerian Bottling Company, both down 10 kobo at 35.80 naira and 54.20 naira, respectively.</p>
<p>Oil shares Agip was 17.50 naira, down 50 kobo, and Total closed 20 kobo down at 58.20 naira.</p>
<p>Food company Nestle continued to gain, strengthening by one naira to 51.00 naira.</p>
<p>Brewer Guinness edged up by five kobo to 6.90 naira because investors considered the price cheap.</p>
<p>United Bank for Africa added 15 kobo to 11.30 naira for the same reason. Wema Bank, up 10 kobo at 3.45 naira, and NAL Merchant Bank, three kobo stronger at 8.25 naira, put the banking sector in a bullish position.</p>
<p>($1=85 naira)</p>
<p>-- Lagos newsroom +234 1 263 03 17</p>
</text>
<copyright>(c) Reuters Limited 1997</copyright>
<metadata>
<codes class="bip:countries:1.0">
  <code code="NIGEA">
    <editdetail attribution="Reuters BIP Coding Group" action="confirmed" date="1997-06-27"/>
  </code>
</codes>
<codes class="bip:topics:1.0">
  <code code="M11">
    <editdetail attribution="Reuters BIP Coding Group" action="confirmed" date="1997-06-27"/>
  </code>
  <code code="MCAT">
    <editdetail attribution="Reuters BIP Coding Group" action="confirmed" date="1997-06-27"/>
  </code>
</codes>
<dc element="dc.date.created" value="1997-06-27"/>
<dc element="dc.publisher" value="Reuters Holdings Plc"/>
<dc element="dc.date.published" value="1997-06-27"/>
<dc element="dc.source" value="Reuters"/>
<dc element="dc.creator.location" value="LAGOS"/>
<dc element="dc.creator.location.country.name" value="NIGERIA"/>
<dc element="dc.source" value="Reuters"/>
</metadata>
</newsitem>
