<?xml version="1.0" encoding="iso-8859-1" ?>
<newsitem itemid="691839" id="root" date="1997-06-27" xml:lang="en">
<title>CANADA: Montreal indices closing - June 27.</title>
<headline>Montreal indices closing - June 27.</headline>
<text>
<p>Industrials		  3267.34  +12.73</p>
<p> Utilities		    3075.88  -11.70</p>
<p> Banks			  5214.52  -44.11</p>
<p> Portfolio		    3248.47  -22.79</p>
<p> Volume			10536939</p>
</text>
<copyright>(c) Reuters Limited 1997</copyright>
<metadata>
<codes class="bip:countries:1.0">
  <code code="CANA">
    <editdetail attribution="Reuters BIP Coding Group" action="confirmed" date="1997-06-27"/>
  </code>
</codes>
<codes class="bip:topics:1.0">
  <code code="M11">
    <editdetail attribution="Reuters BIP Coding Group" action="confirmed" date="1997-06-27"/>
  </code>
  <code code="MCAT">
    <editdetail attribution="Reuters BIP Coding Group" action="confirmed" date="1997-06-27"/>
  </code>
</codes>
<dc element="dc.publisher" value="Reuters Holdings Plc"/>
<dc element="dc.date.published" value="1997-06-27"/>
<dc element="dc.source" value="Reuters"/>
<dc element="dc.creator.location.country.name" value="CANADA"/>
<dc element="dc.source" value="Reuters"/>
</metadata>
</newsitem>
