<?xml version="1.0" encoding="iso-8859-1" ?>
<newsitem itemid="691844" id="root" date="1997-06-27" xml:lang="en">
<title>CANADA: Canada resists U.S. pressure to cap grain exports.</title>
<headline>Canada resists U.S. pressure to cap grain exports.</headline>
<dateline>OTTAWA 1997-06-27</dateline>
<text>
<p>U.S. officials are under pressure to persuade Canada to limit its grain exports, but Ottawa will not budge in its refusal, Canadian government officials said on Friday after meeting with their U.S. counterparts.</p>
<p>&quot;They're under a fair amount of political pressure to put pressure on us, and they're doing their job,&quot; foreign ministry spokesman Charles Larabie told Reuters.</p>
<p>While Canada will continue to meet with American officials on the issue, it will not change its mind on limiting grain exports, Larabie said in a telephone interview.</p>
<p>&quot;They can ask until the cows come home,&quot; he vowed.</p>
<p>Farmers in the northern U.S. plains and some politicians have complained of an unfair level of Canadian wheat exports. The Clinton administration has told Canada it would take action if the shipments exceeded 1.5 million tonnes a year -- a level Canada is close to reaching in the crop year ending July 31.</p>
<p>Senior officials will likely meet again in late summer to discuss grain exports and other issues, Larabie said.</p>
<p>The United States may be looking to increase its own grain exports to Canada rather than push for a cap on Canadian grain exports, officials said.</p>
<p>Canada's biggest province, Ontario, imported U.S. grain this year after its own crop was lower than expected.</p>
<p>Canada's grain exports are high because of strong U.S. demand, they said, noting that there are no barriers to U.S. farmers wanting to sell their grain in Canada.</p>
<p>&quot;There are a lot of myths out there,&quot; said one official. &quot;There's a lot of need for dialogue.&quot;</p>
<p>In 1994-95, Canada agreed to cap annual grain exports at 1.5 million tonnes a year after much of the U.S. crop was destroyed by flooding. But that agreement has expired.</p>
<p>((Heather Scoffield, Reuters Ottawa Bureau 613 235-6745))</p>
</text>
<copyright>(c) Reuters Limited 1997</copyright>
<metadata>
<codes class="bip:countries:1.0">
  <code code="CANA">
    <editdetail attribution="Reuters BIP Coding Group" action="confirmed" date="1997-06-27"/>
  </code>
  <code code="USA">
    <editdetail attribution="Reuters BIP Coding Group" action="confirmed" date="1997-06-27"/>
  </code>
</codes>
<codes class="bip:industries:1.0">
  <code code="I01001">
    <editdetail attribution="Reuters BIP Coding Group" action="confirmed" date="1997-06-27"/>
  </code>
  <code code="I0100132">
    <editdetail attribution="Reuters BIP Coding Group" action="confirmed" date="1997-06-27"/>
  </code>
</codes>
<codes class="bip:topics:1.0">
  <code code="C13">
    <editdetail attribution="Reuters BIP Coding Group" action="confirmed" date="1997-06-27"/>
  </code>
  <code code="C31">
    <editdetail attribution="Reuters BIP Coding Group" action="confirmed" date="1997-06-27"/>
  </code>
  <code code="C312">
    <editdetail attribution="Reuters BIP Coding Group" action="confirmed" date="1997-06-27"/>
  </code>
  <code code="CCAT">
    <editdetail attribution="Reuters BIP Coding Group" action="confirmed" date="1997-06-27"/>
  </code>
  <code code="E51">
    <editdetail attribution="Reuters BIP Coding Group" action="confirmed" date="1997-06-27"/>
  </code>
  <code code="E512">
    <editdetail attribution="Reuters BIP Coding Group" action="confirmed" date="1997-06-27"/>
  </code>
  <code code="ECAT">
    <editdetail attribution="Reuters BIP Coding Group" action="confirmed" date="1997-06-27"/>
  </code>
  <code code="M14">
    <editdetail attribution="Reuters BIP Coding Group" action="confirmed" date="1997-06-27"/>
  </code>
  <code code="M141">
    <editdetail attribution="Reuters BIP Coding Group" action="confirmed" date="1997-06-27"/>
  </code>
  <code code="MCAT">
    <editdetail attribution="Reuters BIP Coding Group" action="confirmed" date="1997-06-27"/>
  </code>
</codes>
<dc element="dc.date.created" value="1997-06-27"/>
<dc element="dc.publisher" value="Reuters Holdings Plc"/>
<dc element="dc.date.published" value="1997-06-27"/>
<dc element="dc.source" value="Reuters"/>
<dc element="dc.creator.location" value="OTTAWA"/>
<dc element="dc.creator.location.country.name" value="CANADA"/>
<dc element="dc.source" value="Reuters"/>
</metadata>
</newsitem>
