<?xml version="1.0" encoding="iso-8859-1" ?>
<newsitem itemid="691851" id="root" date="1997-06-27" xml:lang="en">
<title>CANADA: CBRS reaffirms London Insurance after Royal buyout.</title>
<headline>CBRS reaffirms London Insurance after Royal buyout.</headline>
<dateline>TORONTO 1997-06-27</dateline>
<text>
<p>Canadian Bond Rating Service on Friday said it reaffirmed the ratings of London Insurance Group following its acquistion by the Royal Bank of Canada.  </p>
<p>The bond rating agency said it confirmed London's commercial paper rating at A-1, unsubordinated debentures at A+(Low), preferred shares at P-1 and non-cumulative preferred shares at P-2.</p>
<p>CBRS said it also confirmed the ratings of London Insurance's wholly owned London Life unit. London Life has an investment strength rating of AA++, a commercial paper rating of A-1+ and a preferred share rating of P-1.</p>
<p>It was expected that London Life's operations would be enhanced through its association with Royal Bank, CBRS said. The agency said it also expected that London Life's revenue base would grow because its agents could offer a larger array of products.</p>
<p>CBRS said London Life had a very favorable capital structure well in excess of regulatory requirements.</p>
<p>((Jeffrey Hodgson (416) 941-8105, e-mail: jeffrey.hodgson@reuters.com))</p>
</text>
<copyright>(c) Reuters Limited 1997</copyright>
<metadata>
<codes class="bip:countries:1.0">
  <code code="CANA">
    <editdetail attribution="Reuters BIP Coding Group" action="confirmed" date="1997-06-27"/>
  </code>
  <code code="UK">
    <editdetail attribution="Reuters BIP Coding Group" action="confirmed" date="1997-06-27"/>
  </code>
</codes>
<codes class="bip:industries:1.0">
  <code code="I81402">
    <editdetail attribution="Reuters BIP Coding Group" action="confirmed" date="1997-06-27"/>
  </code>
  <code code="I82002">
    <editdetail attribution="Reuters BIP Coding Group" action="confirmed" date="1997-06-27"/>
  </code>
</codes>
<codes class="bip:topics:1.0">
  <code code="C17">
    <editdetail attribution="Reuters BIP Coding Group" action="confirmed" date="1997-06-27"/>
  </code>
  <code code="C174">
    <editdetail attribution="Reuters BIP Coding Group" action="confirmed" date="1997-06-27"/>
  </code>
  <code code="C18">
    <editdetail attribution="Reuters BIP Coding Group" action="confirmed" date="1997-06-27"/>
  </code>
  <code code="C181">
    <editdetail attribution="Reuters BIP Coding Group" action="confirmed" date="1997-06-27"/>
  </code>
  <code code="CCAT">
    <editdetail attribution="Reuters BIP Coding Group" action="confirmed" date="1997-06-27"/>
  </code>
</codes>
<dc element="dc.date.created" value="1997-06-27"/>
<dc element="dc.publisher" value="Reuters Holdings Plc"/>
<dc element="dc.date.published" value="1997-06-27"/>
<dc element="dc.source" value="Reuters"/>
<dc element="dc.creator.location" value="TORONTO"/>
<dc element="dc.creator.location.country.name" value="CANADA"/>
<dc element="dc.source" value="Reuters"/>
</metadata>
</newsitem>
