<?xml version="1.0" encoding="iso-8859-1" ?>
<newsitem itemid="691889" id="root" date="1997-06-27" xml:lang="en">
<title>NIGERIA: Shell hopes for deal with Nigeria's Ogonis.</title>
<headline>Shell hopes for deal with Nigeria's Ogonis.</headline>
<byline>Dulue Mbachu</byline>
<dateline>PORT HARCOURT, Nigeria 1997-06-27</dateline>
<text>
<p>Royal Dutch Shell hopes a deal to enable it to return to Nigeria's politically volatile Ogoniland may be possible this year.</p>
<p>Shell's manager for community and the environment in the eastern region said Shell was talking to various local groups -- including the Movement for the Survival of Ogoni People (MOSOP), once headed by hanged activist Ken Saro-Wiwa.</p>
<p>&quot;The process of reconciliation is underway and before the end of the year there will be a breakthrough,&quot; Victor Dania told journalists in the eastern city of Port Harcourt on Thursday.</p>
<p>Driven from Ogoniland in 1993 by MOSOP sabotage of its installations, Shell came under fire from campaigners worldwide after the 1995 execution of Saro-Wiwa and eight fellow activists for the murder of pro-government chiefs.</p>
<p>They blamed Shell for not putting pressure on military ruler General Sani Abacha to spare the lives of the nine, who campaigned for rights for the half a million Ogonis and against environmental damage they say Shell caused.</p>
<p>Aware of damage to the company's global image, Shell has tried to mend fences with the Ogonis, but has so far been spurned by radicals.</p>
<p>&quot;In terms of our image and community relations it will be nice to go back to Ogoniland and demonstrate that we do care,&quot; Dania said.</p>
<p>&quot;The rift between the Ogonis themselves is perhaps deeper than with any outside body. There is MOSOP on the ground and MOSOP overseas, sometimes you wonder if their agenda is the same,&quot; he added.</p>
<p>Dania said Shell's plan for Ogoniland includes cleaning up oil spills and carrying out community development programmes, which he said had begun with the award of contracts to remove pollution and a programme to provide jobs for youths.</p>
<p>&quot;Everything we are doing so far is towards reconciliation, not production. We have not gone back for production and I don't know when we are going back,&quot; Dania said.</p>
<p>After reconciliation it would take two to three years to resume production, allowing enough time to repair damaged installations and develop new reserves, he said.</p>
<p>When Shell pulled out, production in Ogoniland was only about 25,000 barrels per day from the company's total production in Nigeria of about one million barrels per day.</p>
<p>Rivalries, sometimes erupting in violence, abound between the many ethnic groups of Nigeria's oil-producing south and southeast -- one of the most densely populated regions of the West African country of over 100 million</p>
</text>
<copyright>(c) Reuters Limited 1997</copyright>
<metadata>
<codes class="bip:countries:1.0">
  <code code="NIGEA">
    <editdetail attribution="Reuters BIP Coding Group" action="confirmed" date="1997-06-27"/>
  </code>
</codes>
<codes class="bip:industries:1.0">
  <code code="I13000">
    <editdetail attribution="Reuters BIP Coding Group" action="confirmed" date="1997-06-27"/>
  </code>
  <code code="I1300003">
    <editdetail attribution="Reuters BIP Coding Group" action="confirmed" date="1997-06-27"/>
  </code>
</codes>
<codes class="bip:topics:1.0">
  <code code="C24">
    <editdetail attribution="Reuters BIP Coding Group" action="confirmed" date="1997-06-27"/>
  </code>
  <code code="CCAT">
    <editdetail attribution="Reuters BIP Coding Group" action="confirmed" date="1997-06-27"/>
  </code>
  <code code="GCAT">
    <editdetail attribution="Reuters BIP Coding Group" action="confirmed" date="1997-06-27"/>
  </code>
  <code code="GENV">
    <editdetail attribution="Reuters BIP Coding Group" action="confirmed" date="1997-06-27"/>
  </code>
  <code code="GVIO">
    <editdetail attribution="Reuters BIP Coding Group" action="confirmed" date="1997-06-27"/>
  </code>
</codes>
<dc element="dc.date.created" value="1997-06-27"/>
<dc element="dc.publisher" value="Reuters Holdings Plc"/>
<dc element="dc.date.published" value="1997-06-27"/>
<dc element="dc.source" value="Reuters"/>
<dc element="dc.creator.location" value="PORT HARCOURT, Nigeria"/>
<dc element="dc.creator.location.country.name" value="NIGERIA"/>
<dc element="dc.source" value="Reuters"/>
</metadata>
</newsitem>
