<?xml version="1.0" encoding="iso-8859-1" ?>
<newsitem itemid="691880" id="root" date="1997-06-27" xml:lang="en">
<title>GHANA: Ghana stocks edge higher, big sale boosts volume.</title>
<headline>Ghana stocks edge higher, big sale boosts volume.</headline>
<dateline>ACCRA 1997-06-27</dateline>
<text>
<p>The Ghana Stock Exchange edged higher on Friday, but attention focused on a stock whose price did not move, Social Security Bank (SSB).</p>
<p>SSB shares ended unchanged at 1,350 cedis, but a huge 1,022,100 shares changed hands -- around 0.7 percent of the company's total capital, according to exchange records.</p>
<p>Dealers said the buyer of the stake was not revealed on the trading floor and would probably not be known until the middle of next week.</p>
<p>Ashanti Goldfields added 50 cedis to 22,050 while Unilever added five to 915.</p>
<p>Those were the only two gainers, but no prices fell, so the all-share index rose 0.31 point to 385.13.</p>
</text>
<copyright>(c) Reuters Limited 1997</copyright>
<metadata>
<codes class="bip:countries:1.0">
  <code code="GHANA">
    <editdetail attribution="Reuters BIP Coding Group" action="confirmed" date="1997-06-27"/>
  </code>
</codes>
<codes class="bip:topics:1.0">
  <code code="M11">
    <editdetail attribution="Reuters BIP Coding Group" action="confirmed" date="1997-06-27"/>
  </code>
  <code code="MCAT">
    <editdetail attribution="Reuters BIP Coding Group" action="confirmed" date="1997-06-27"/>
  </code>
</codes>
<dc element="dc.date.created" value="1997-06-27"/>
<dc element="dc.publisher" value="Reuters Holdings Plc"/>
<dc element="dc.date.published" value="1997-06-27"/>
<dc element="dc.source" value="Reuters"/>
<dc element="dc.creator.location" value="ACCRA"/>
<dc element="dc.creator.location.country.name" value="GHANA"/>
<dc element="dc.source" value="Reuters"/>
</metadata>
</newsitem>
