<?xml version="1.0" encoding="iso-8859-1" ?>
<newsitem itemid="691859" id="root" date="1997-06-27" xml:lang="en">
<title>CANADA: Canada Prairies to see light rains as wheat heads.</title>
<headline>Canada Prairies to see light rains as wheat heads.</headline>
<dateline>WINNIPEG 1997-06-27</dateline>
<text>
<p>Canada's Prairies on Friday were forecast to see light rains through to July 1 as wheat began heading across the southern grainbelt, officials said.</p>
<p>Central Alberta should see five mm (0.2 inch) of rain each day from Friday to Tuesday while Manitoba should be the driest area, only seeing five mm on Monday and Tuesday, Environment Canada meteorologist Francois Choquette said.</p>
<p>&quot;Southern Alberta, southern Saskatchewan and southwest Manitoba (wheat) crops are heading now, further north it's tillering or jointing,&quot; said Bruce Burnett, weather analyst with the Canadian Wheat Board.</p>
<p>Typical yields on Prairie wheat range from 30 to 32 bu/ac but CWB cut them June 11 to 29.5 to 31.5 bu/ac due to dryness.</p>
<p>Spring wheat's heading stage is when its need for water is most accute.</p>
<p>A triangular area from Calgary to Lethbridge to Empress, Alberta, was rated very dry with the soil holding less than 30 percent of its optimum moisture capacity, Raddatz said.</p>
<p>All of southern Saskatchewan except for the southwestern districts around Maple Creek were rated dry with the soil holding less than 60 percent of optimum moisture capacity.</p>
<p>Southwest Manitoba was also rate dry, Raddatz added.</p>
<p>Soil moisture data was drawn from 160 Prairie stations on Monday June 23.</p>
<p>((Gilbert Le Gras, Winnipeg Reuters bureau 204 947 3548))</p>
</text>
<copyright>(c) Reuters Limited 1997</copyright>
<metadata>
<codes class="bip:countries:1.0">
  <code code="CANA">
    <editdetail attribution="Reuters BIP Coding Group" action="confirmed" date="1997-06-27"/>
  </code>
</codes>
<codes class="bip:industries:1.0">
  <code code="I01001">
    <editdetail attribution="Reuters BIP Coding Group" action="confirmed" date="1997-06-27"/>
  </code>
  <code code="I0100132">
    <editdetail attribution="Reuters BIP Coding Group" action="confirmed" date="1997-06-27"/>
  </code>
</codes>
<codes class="bip:topics:1.0">
  <code code="C24">
    <editdetail attribution="Reuters BIP Coding Group" action="confirmed" date="1997-06-27"/>
  </code>
  <code code="CCAT">
    <editdetail attribution="Reuters BIP Coding Group" action="confirmed" date="1997-06-27"/>
  </code>
  <code code="GCAT">
    <editdetail attribution="Reuters BIP Coding Group" action="confirmed" date="1997-06-27"/>
  </code>
  <code code="GWEA">
    <editdetail attribution="Reuters BIP Coding Group" action="confirmed" date="1997-06-27"/>
  </code>
</codes>
<dc element="dc.date.created" value="1997-06-27"/>
<dc element="dc.publisher" value="Reuters Holdings Plc"/>
<dc element="dc.date.published" value="1997-06-27"/>
<dc element="dc.source" value="Reuters"/>
<dc element="dc.creator.location" value="WINNIPEG"/>
<dc element="dc.creator.location.country.name" value="CANADA"/>
<dc element="dc.source" value="Reuters"/>
</metadata>
</newsitem>
