<?xml version="1.0" encoding="iso-8859-1" ?>
<newsitem itemid="600499" id="root" date="1997-05-21" xml:lang="en">
<title>FRANCE: Air France to fly cargo during strike.</title>
<headline>Air France to fly cargo during strike.</headline>
<dateline>PARIS 1997-05-21</dateline>
<text>
<p>Air France Cargo said on Wednesday it would be maintaining several of its scheduled Boeing 747-200 freighter flights from Paris on Thursday, as strike action by the airline's pilots was set to continue.</p>
<p>&quot;Five flights will be maintained from the eight freighter flights from Paris tomorrow normally scheduled for tomorrow -- Paris -Beirut-Bangkok, Paris-Karachi-Shanghai-Tokyo, Paris-Jeddah-Reunion-Mauritius-Entebbe, Paris-Bangalore-Karachi and Paris-Singapore,&quot; an Air France Cargo official told Reuters.</p>
<p>The official also confirmed the cancellation of tomorrow's Air France's 747F Dubai-Bombay-Madras service.</p>
<p>&quot;As far as May 23 is concerned  (the last scheduled day of strike action) we can already confirm that five freighter flights will operate normally -- Paris-Dubai-Bangkok-Osaka, Paris-Delhi-Kuwait, Paris-Chicago, Paris-Dubai-Hong Kong and Paris-Abu Dhabi-Taipei-Bangkok-Dubai, the official added.</p>
<p>&quot;We have also postponed a Paris-New York freighter flight scheduled for May 23 to May 24,&quot; the official added.</p>
<p>Today, Air France was maintaining two of its seven scheduled Boeing 747-200 freighter services from Paris.</p>
<p>The strike is a resumption of a walkout that was threatened last month after talks with management broke down over a pay scale which would pay new pilots between nine and 30 percent less than current crews.</p>
<p>Air France said it was maintaining all its long-haul passenger flights despite the strike and around half of short-haul and a quarter of medium-haul flights were cancelled. --Reuters Air Cargo Newsroom Tel+44 171 542-7706 Fax+5017</p>
</text>
<copyright>(c) Reuters Limited 1997</copyright>
<metadata>
<codes class="bip:countries:1.0">
  <code code="CHINA">
    <editdetail attribution="Reuters BIP Coding Group" action="confirmed" date="1997-05-21"/>
  </code>
  <code code="FRA">
    <editdetail attribution="Reuters BIP Coding Group" action="confirmed" date="1997-05-21"/>
  </code>
  <code code="JAP">
    <editdetail attribution="Reuters BIP Coding Group" action="confirmed" date="1997-05-21"/>
  </code>
  <code code="LEBAN">
    <editdetail attribution="Reuters BIP Coding Group" action="confirmed" date="1997-05-21"/>
  </code>
  <code code="MAURTS">
    <editdetail attribution="Reuters BIP Coding Group" action="confirmed" date="1997-05-21"/>
  </code>
  <code code="PAKIS">
    <editdetail attribution="Reuters BIP Coding Group" action="confirmed" date="1997-05-21"/>
  </code>
  <code code="SINGP">
    <editdetail attribution="Reuters BIP Coding Group" action="confirmed" date="1997-05-21"/>
  </code>
  <code code="THAIL">
    <editdetail attribution="Reuters BIP Coding Group" action="confirmed" date="1997-05-21"/>
  </code>
</codes>
<codes class="bip:industries:1.0">
  <code code="I75000">
    <editdetail attribution="Reuters BIP Coding Group" action="confirmed" date="1997-05-21"/>
  </code>
</codes>
<codes class="bip:topics:1.0">
  <code code="E41">
    <editdetail attribution="Reuters BIP Coding Group" action="confirmed" date="1997-05-21"/>
  </code>
  <code code="ECAT">
    <editdetail attribution="Reuters BIP Coding Group" action="confirmed" date="1997-05-21"/>
  </code>
  <code code="GCAT">
    <editdetail attribution="Reuters BIP Coding Group" action="confirmed" date="1997-05-21"/>
  </code>
  <code code="GJOB">
    <editdetail attribution="Reuters BIP Coding Group" action="confirmed" date="1997-05-21"/>
  </code>
</codes>
<dc element="dc.date.created" value="1997-05-21"/>
<dc element="dc.publisher" value="Reuters Holdings Plc"/>
<dc element="dc.date.published" value="1997-05-21"/>
<dc element="dc.source" value="Reuters"/>
<dc element="dc.creator.location" value="PARIS"/>
<dc element="dc.creator.location.country.name" value="FRANCE"/>
<dc element="dc.source" value="Reuters"/>
</metadata>
</newsitem>
