<?xml version="1.0" encoding="iso-8859-1" ?>
<newsitem itemid="600469" id="root" date="1997-05-21" xml:lang="en">
<title>UK: Bluebird Toys share slides on AGM statement.</title>
<headline>Bluebird Toys share slides on AGM statement.</headline>
<dateline>LONDON 1997-05-21</dateline>
<text>
<p>Shares in Bluebird Toys Plc fell on Wednesday after the company's annual general meeting was told that trading conditions for world toy markets continue to be very difficult in the first few months of the year.</p>
<p>Shares in Bluebird Toys were down over 30 percent at 1008 GMT, off 50-1/2 pence at 119 pence.  </p>
<p>The company said while the Polly Pocket and Disney brands were performing satisfactorily in most major markets, they were experiencing difficulties in North America.</p>
<p>Overseas shipments are expected to fall year-on-year as a result of &quot;over-cautious inventory management in North America and a trade reluctance to support the Disney Tiny Collection to the levels we expected in that market&quot;.</p>
<p>&quot;We therefore anticipate that our half-year results will be below the corresponding period for last year,&quot; the company said in a statement.</p>
<p>It added that while it was too early to comment with certainty on prospects for 1997 as a whole, the difficulties in North America would see full year profits &quot;significantly below market expectations&quot;.</p>
<p>-- London newsroom +44 171 542 4365</p>
</text>
<copyright>(c) Reuters Limited 1997</copyright>
<metadata>
<codes class="bip:countries:1.0">
  <code code="UK">
    <editdetail attribution="Reuters BIP Coding Group" action="confirmed" date="1997-05-21"/>
  </code>
</codes>
<codes class="bip:industries:1.0">
  <code code="I49410">
    <editdetail attribution="Reuters BIP Coding Group" action="confirmed" date="1997-05-21"/>
  </code>
</codes>
<codes class="bip:topics:1.0">
  <code code="C15">
    <editdetail attribution="Reuters BIP Coding Group" action="confirmed" date="1997-05-21"/>
  </code>
  <code code="C152">
    <editdetail attribution="Reuters BIP Coding Group" action="confirmed" date="1997-05-21"/>
  </code>
  <code code="CCAT">
    <editdetail attribution="Reuters BIP Coding Group" action="confirmed" date="1997-05-21"/>
  </code>
</codes>
<dc element="dc.date.created" value="1997-05-21"/>
<dc element="dc.publisher" value="Reuters Holdings Plc"/>
<dc element="dc.date.published" value="1997-05-21"/>
<dc element="dc.source" value="Reuters"/>
<dc element="dc.creator.location" value="LONDON"/>
<dc element="dc.creator.location.country.name" value="UK"/>
<dc element="dc.source" value="Reuters"/>
</metadata>
</newsitem>
