<?xml version="1.0" encoding="iso-8859-1" ?>
<newsitem itemid="600458" id="root" date="1997-05-21" xml:lang="en">
<title>UK: Treasuries steady in London, sentiment mixed.</title>
<headline>Treasuries steady in London, sentiment mixed.</headline>
<dateline>LONDON 1997-05-21</dateline>
<text>
<p>U.S. Treasuries held steady in London on Wednesday after their overnight rally following the Federal Reserve's decision to hold fire on interest rates.</p>
<p>But analysts said sentiment was mixed amid expectations of a future hike.</p>
<p>&quot;The curve steepened up quite dramatically in the aftermath of the numbers,&quot; said Mark Weisbrod, government bonds trader at Daiwa Europe in London. The two-year note to 30-year bond spread was at 70 basis points by 1040 GMT, unchanged from the New York close.</p>
<p>&quot;Sentiment is still quite mixed. The short end of the market particularly is good value as there won't be a rate rise at least until July,&quot; Weisbrod added.</p>
<p>The longer end of the curve bumped into resistance after the Federal Open Market Committe (FOMC) decision, suggesting investor concerns are high about a rate tightening when they next meet in July.</p>
<p>By 1040 GMT, the 30-year T-bond was at 96-16 yielding 6.90 percent, down from 96-18 in Tokyo and unchanged from New York.</p>
<p>The two-year note was at 100-10, yielding 6.20 percent, unchanged from both Tokyo and New York.</p>
<p>Weisbrod expected the two-year yield to rally to about 6.15 percent in the short run. The T-bond future meanwhile could be trapped in the 109-12 to 110-12 range for a while. By 1046 GMT the June T-bond was up 8/32 in automated trade at 110-03.</p>
<p>Michael Derks, fixed income strategist at Deutsche Morgan Grenfell, said despite the latest steepening, the Treasury curve was still flat and a lack of significant economic data in the next two weeks would keep the market subdued.</p>
<p>&quot;There is not a huge amount there to be picked,&quot; he said.</p>
<p>Analysts said the dollar's bounce from its lows overnight would ultimately benefit Treasuries. By European mid-morning the dollar hovered around 114 yen after a low of 113.35.</p>
<p>-- Clelia Oziel, International Bonds +44-171-542 8663</p>
</text>
<copyright>(c) Reuters Limited 1997</copyright>
<metadata>
<codes class="bip:countries:1.0">
  <code code="UK">
    <editdetail attribution="Reuters BIP Coding Group" action="confirmed" date="1997-05-21"/>
  </code>
</codes>
<codes class="bip:topics:1.0">
  <code code="M12">
    <editdetail attribution="Reuters BIP Coding Group" action="confirmed" date="1997-05-21"/>
  </code>
  <code code="MCAT">
    <editdetail attribution="Reuters BIP Coding Group" action="confirmed" date="1997-05-21"/>
  </code>
</codes>
<dc element="dc.date.created" value="1997-05-21"/>
<dc element="dc.publisher" value="Reuters Holdings Plc"/>
<dc element="dc.date.published" value="1997-05-21"/>
<dc element="dc.source" value="Reuters"/>
<dc element="dc.creator.location" value="LONDON"/>
<dc element="dc.creator.location.country.name" value="UK"/>
<dc element="dc.source" value="Reuters"/>
</metadata>
</newsitem>
