<?xml version="1.0" encoding="iso-8859-1" ?>
<newsitem itemid="600484" id="root" date="1997-05-21" xml:lang="en">
<title>USA: Texas natural gas in storage climbs - regulators.</title>
<headline>Texas natural gas in storage climbs - regulators.</headline>
<dateline>AUSTIN, Texas 1997-05-21</dateline>
<text>
<p>Natural gas in storage in Texas stood at 162.5 billion cubic feet (bcf) in mid-May, up from 143.9 bcf at the end of April and 97.85 bcf in April 1996, the Texas Railroad Commission said on Wednesday.</p>
<p>The commission, which regulates natural gas production in the state, set June production allowables for prorated fields at 1.93 billion cubic feet per day (bcfd). By comparison, June 1996 actual production was 1.89 bcfd.</p>
</text>
<copyright>(c) Reuters Limited 1997</copyright>
<metadata>
<codes class="bip:countries:1.0">
  <code code="USA">
    <editdetail attribution="Reuters BIP Coding Group" action="confirmed" date="1997-05-21"/>
  </code>
</codes>
<codes class="bip:topics:1.0">
  <code code="C21">
    <editdetail attribution="Reuters BIP Coding Group" action="confirmed" date="1997-05-21"/>
  </code>
  <code code="CCAT">
    <editdetail attribution="Reuters BIP Coding Group" action="confirmed" date="1997-05-21"/>
  </code>
</codes>
<dc element="dc.date.created" value="1997-05-21"/>
<dc element="dc.publisher" value="Reuters Holdings Plc"/>
<dc element="dc.date.published" value="1997-05-21"/>
<dc element="dc.source" value="Reuters"/>
<dc element="dc.creator.location" value="AUSTIN, Texas"/>
<dc element="dc.creator.location.country.name" value="USA"/>
<dc element="dc.source" value="Reuters"/>
</metadata>
</newsitem>
