<?xml version="1.0" encoding="iso-8859-1" ?>
<newsitem itemid="600542" id="root" date="1997-05-21" xml:lang="en">
<title>MEXICO: Mexico stocks rally to record close on Fed decision.</title>
<headline>Mexico stocks rally to record close on Fed decision.</headline>
<dateline>MEXICO CITY</dateline>
<text>
<p>Mexican stocks rose Tuesday to their first record close since Feb. 25 after the U.S. Federal Reserve left interest rates unchanged.</p>
<p>Stocks surged once the Fed's policy-making Federal Open Market Committee made the announcement that it had taken no action on short-term interest rates.</p>
<p>Final closing figures put the leading IPC share index up 31.24 points, or 0.80 percent, at a record 3,952.62.</p>
<p>&quot;We were expecting a livelier reaction, but the outlook has not changed. The idea is that the bourse will continue to rally over the coming days,&quot; said Hector Jimenez, an stock analyst at the Inverlat brokerage.</p>
<p>The Fed left the federal funds rate that banks charge each other for short-term laons unchanged at 5.50 percent.</p>
<p>Analyst Roberto Galvan at the Bursametrica consultancy said the IPC hesitated to break resistance at 3,960 points on caution ahead of domestic economic figures expected later in the day.</p>
<p>&quot;Several local data remain to be known which, although the forecasts are good, may have reined in buying,&quot; he said. &quot;Furthermore, I believe some feel that although there was no rates hike this time round, there could well be in July.&quot;</p>
<p>Mexican unemployment and trade balance figures were expected after the close of trade on Tuesday.</p>
<p>Financial firms in Mexico City surveyed by Reuters forecast a fall in the April unemployment rate and a trade surplus for the same month.</p>
<p>Telmex L shares, which accounted for 17 percent of all shares traded, led the advance gaining 16 centavos (2 cents) to 17.34 pesos ($2.20). The telecomms stocks' ADRs ended up 3/8 to 43-7/8 on Wall Street.</p>
<p>Traders noted a hefty cross trade took place in the infrequently dealt Telmex A class or preferred shares, which were up 12 centavos (1.5 cents) to 17.24 pesos ($2.19).</p>
<p>The deal was probably part of a buyback, traders added, because Telmex has corporate links with the brokerage which settled the deal.</p>
<p>Overall trading volume was average at 84.2 million shares.</p>
<p>On the broad market, of 113 stocks traded, gainers far outpaced sliders, by 63 to 32.</p>
</text>
<copyright>(c) Reuters Limited 1997</copyright>
<metadata>
<codes class="bip:countries:1.0">
  <code code="MEX">
    <editdetail attribution="Reuters BIP Coding Group" action="confirmed" date="1997-05-21"/>
  </code>
</codes>
<codes class="bip:topics:1.0">
  <code code="M11">
    <editdetail attribution="Reuters BIP Coding Group" action="confirmed" date="1997-05-21"/>
  </code>
  <code code="MCAT">
    <editdetail attribution="Reuters BIP Coding Group" action="confirmed" date="1997-05-21"/>
  </code>
</codes>
<dc element="dc.publisher" value="Reuters Holdings Plc"/>
<dc element="dc.date.published" value="1997-05-21"/>
<dc element="dc.source" value="Reuters"/>
<dc element="dc.creator.location" value="MEXICO CITY"/>
<dc element="dc.creator.location.country.name" value="MEXICO"/>
<dc element="dc.source" value="Reuters"/>
</metadata>
</newsitem>
