<?xml version="1.0" encoding="iso-8859-1" ?>
<newsitem itemid="600579" id="root" date="1997-05-21" xml:lang="en">
<title>UK: London gold fixes easier, platinum metals buoyant.</title>
<headline>London gold fixes easier, platinum metals buoyant.</headline>
<dateline>LONDON 1997-05-21</dateline>
<text>
<p>The platinum group metals (PGMs) led the way for the precious markets in Europe on Wednesday, but gold and silver were reluctant followers, dealers said.</p>
<p>&quot;There is no doubt that the PGMs are leading the way but we need some fresh story to get gold moving,&quot; a dealer said.</p>
<p>Palladium fixed at a fresh eight-year high of $180.50, $0.75 above the highest price since April 14, 1989 set on Tuesday afternoon. Platinum at $396.00 fixed at its highest level since February 28, 1997.</p>
<p>Gold, by contrast, was largely unchanged in early business and fixed at $342.25 after $343.00 on Tuesday.</p>
<p>&quot;All the metals were bought early but gold and silver were offered off later and platinum came off its $398/$399 high,&quot; a dealer said.</p>
<p>Dealers said the market largely dismissed confirmation that Russia, the world's leading supplier of palladium and second biggest exporter of platinum, would begin 1997 shipments later this month or the beginning of June. Formal talks with Japanese importers would begin June 1, Russian officials also said.</p>
<p>&quot;When you're looking at a lease rate of 25 per cent for a month (palladium), nobody is going to sell on something which might happen in a couple of week's time,&quot; a dealer said.</p>
<p>Some market sources saw platinum and palladium prices heading towards $400 and $200 respectively as tight supply and cripplingly high lease (borrowing) rates made it possibly more economic to take the price risk of buying rather than borrowing metal.</p>
<p>&quot;Palladium open interest reached a record level on Nymex (on May 19 at 12,182 lots) and with the price going up, that is textbook stuff for a bull market,&quot; a dealer said.</p>
<p>&quot;Basically the funds have all gone long. But if the price doesn't go up, it could be vulnerable,&quot; he said, adding that most of the precious metal were finely balanced but would remain volatile, led by the PGMs.</p>
<p>Comex open interest for silver was almost the opposite, with big short positions established, making the market vulnerable to any upside spike.</p>
<p>&quot;We are seeing mainly selling so far, so maybe the market wants to follow through and go lower,&quot; a dealer said.</p>
<p>Silver was two cents lower at $4.68/$4.70.</p>
<p>Dealers said gold was pretty much becalmed as attention focused on the PGMs.</p>
<p>In the background, nerves continued to jangle over possible European central bank sales.</p>
<p>&quot;The (strengthening) yen has driven gold recently,&quot; a dealer said.</p>
<p>--Brian Spoors London Newsroom +44 171 542 8058</p>
</text>
<copyright>(c) Reuters Limited 1997</copyright>
<metadata>
<codes class="bip:countries:1.0">
  <code code="UK">
    <editdetail attribution="Reuters BIP Coding Group" action="confirmed" date="1997-05-21"/>
  </code>
</codes>
<codes class="bip:topics:1.0">
  <code code="M142">
    <editdetail attribution="Reuters BIP Coding Group" action="confirmed" date="1997-05-21"/>
  </code>
</codes>
<dc element="dc.date.created" value="1997-05-21"/>
<dc element="dc.publisher" value="Reuters Holdings Plc"/>
<dc element="dc.date.published" value="1997-05-21"/>
<dc element="dc.source" value="Reuters"/>
<dc element="dc.creator.location" value="LONDON"/>
<dc element="dc.creator.location.country.name" value="UK"/>
<dc element="dc.source" value="Reuters"/>
</metadata>
</newsitem>
