<?xml version="1.0" encoding="iso-8859-1" ?>
<newsitem itemid="600565" id="root" date="1997-05-21" xml:lang="en">
<title>UK: C&amp;W pays up for Panama but still eyes Europe.</title>
<headline>C&amp;W pays up for Panama but still eyes Europe.</headline>
<byline>Kirstin Ridley</byline>
<dateline>LONDON 1997-05-21</dateline>
<text>
<p>Cable and Wireless on Wednesday won effective control of Panama's national telephone firm INTEL after a hefty $652 million bid -- but said the key markets of France and Germany remained a high priority in its strategy.</p>
<p>Chief executive Richard Brown confirmed that the company was still in alliance talks with America's AT &amp; T Corp and the Global One partnership between Deutsche Telekom AG, France Telecom and America's Sprint Corp.</p>
<p>He also noted that other hopefuls wanted to partner C&amp;W, Britain's second biggest telecoms group -- including Singapore Telecommunications Ltd and America's Bell Atlantic Corp and NYNEX Corp.</p>
<p>&quot;So what to do? It's a nice problem to have,&quot; he told Reuters.</p>
<p>One, more pressing, problem is what will happen to one of C&amp;W's main profit sources -- a near 60 percent stake in Hong Kong Telecommunications -- with only weeks to go before the British colony reverts to Chinese control.</p>
<p>Analysts say China may not be holding a gun to C&amp;W's head. But they expect the group to &quot;fight tooth and nail&quot; to keep a stake of least 50 percent, but, given the strategic importance of telecommunications to China, C&amp;W may have to reach a pragmatic decision.</p>
<p>Any further investment by the Chinese in Hong Kong Telecom is expected to be reciprocated with growth opportunities on the Chinese mainland -- but returns on such a venture are unproven.</p>
<p>The value of C&amp;W's shares is underpinned by that of Kong Kong Telecoms' stock. &quot;If the skids got under Hong Kong Telecom's shares, there's no reason to believe C&amp;W will hold up,&quot; noted one analyst.</p>
<p>C&amp;W shares were trading 8.5 pence weaker at 499.5p in afternoon business.</p>
<p>Industry experts do not expect any announcement about a global alliance before the cloud of uncertainty shrouding the future of Hong Kong Telecom has lifted -- and this could take three to four weeks, they say.</p>
<p>Brown noted that C&amp;W, which has revenues of over 7.0 billion pounds ($11.6 billion) and which provides over 10 million customers in 50 countries with communications, was big enough in its own right to decide against a link-up with other groups.</p>
<p>&quot;But if we join a global alliance, it has to make sense for us and the alliance that we may join -- and we are talking to a number of potential alliances,&quot; he said.</p>
<p>C&amp;W's latest deal in Panama, through which it wins operational and management control in a booming telecoms market with only 12 percent line penetration, highlights the company's dislike of being a passive investor.</p>
<p>&quot;We want to have substantial influence in the operations that we are a part of. (If not,) we're not going to bid -- or if we're in those, we are going to get out,&quot; Brown said.</p>
<p>C&amp;W, which abandoned its German alliance with VEBA AG in February, denied market speculation that Global One -- its most hotly-tipped suitor -- had moved away from the British company.</p>
<p>&quot;I don't see a door that's closed,&quot; Brown said.</p>
<p>A fresh territory in Panama, complete with the strategic importance of the canal, enhances C&amp;W's position in the Caribbean/Central American markets with strong traffic flows to the U.S. and Far East.</p>
<p>Adrian Goodall at SBC Warburg welcomed the news that C&amp;W had beaten America's GTE Corp in a bid which he said enhanced growth -- although at a full price.</p>
<p>&quot;On 1996 profitability, the deal would both enhance earnings per share (by 0.4p to 28.4p in 1997/98) and reduce the EV/EBIDTA by 0.1 to 8.2 times,&quot; he said.</p>
<p>C&amp;W paid $4,150 per line -- over 40 percent higher that GTE's bid and well above Panama government expectations.</p>
<p>But the value, considerable higher than the average European price of $1,500, is justified by higher growth rates -- and because of the low line penetration, most will be more profitable business clients, Goodall said. ($ = 0.604 British Pounds)</p>
</text>
<copyright>(c) Reuters Limited 1997</copyright>
<metadata>
<codes class="bip:countries:1.0">
  <code code="GFR">
    <editdetail attribution="Reuters BIP Coding Group" action="confirmed" date="1997-05-21"/>
  </code>
  <code code="PANA">
    <editdetail attribution="Reuters BIP Coding Group" action="confirmed" date="1997-05-21"/>
  </code>
  <code code="UK">
    <editdetail attribution="Reuters BIP Coding Group" action="confirmed" date="1997-05-21"/>
  </code>
  <code code="USA">
    <editdetail attribution="Reuters BIP Coding Group" action="confirmed" date="1997-05-21"/>
  </code>
</codes>
<codes class="bip:industries:1.0">
  <code code="I13000">
    <editdetail attribution="Reuters BIP Coding Group" action="confirmed" date="1997-05-21"/>
  </code>
  <code code="I79020">
    <editdetail attribution="Reuters BIP Coding Group" action="confirmed" date="1997-05-21"/>
  </code>
</codes>
<codes class="bip:topics:1.0">
  <code code="C18">
    <editdetail attribution="Reuters BIP Coding Group" action="confirmed" date="1997-05-21"/>
  </code>
  <code code="C181">
    <editdetail attribution="Reuters BIP Coding Group" action="confirmed" date="1997-05-21"/>
  </code>
  <code code="CCAT">
    <editdetail attribution="Reuters BIP Coding Group" action="confirmed" date="1997-05-21"/>
  </code>
</codes>
<dc element="dc.date.created" value="1997-05-21"/>
<dc element="dc.publisher" value="Reuters Holdings Plc"/>
<dc element="dc.date.published" value="1997-05-21"/>
<dc element="dc.source" value="Reuters"/>
<dc element="dc.creator.location" value="LONDON"/>
<dc element="dc.creator.location.country.name" value="UK"/>
<dc element="dc.source" value="Reuters"/>
</metadata>
</newsitem>
