<?xml version="1.0" encoding="iso-8859-1" ?>
<newsitem itemid="600521" id="root" date="1997-05-21" xml:lang="en">
<title>BULGARIA: Bulgaria president warns of hardships ahead.</title>
<headline>Bulgaria president warns of hardships ahead.</headline>
<byline>Elisaveta Konstantinova</byline>
<dateline>SOFIA 1997-05-21</dateline>
<text>
<p>Bulgarian president Petar Stoyanov on Wednesday warned the newly elected cabinet led by Prime Minister Ivan Kostov of hardships involved in hauling the country out of economic crisis.</p>
<p>&quot;The new government has to win the war against poverty, the war against corruption, the war against crime, the war against inflation and the war for restoring the confidence and self-esteem of Bulgarians,&quot; Stoyanov told parliament.</p>
<p>With 179 votes in his favour, Kostov, leader of the reformist Union of Democratic Forces, was appointed by the 240 seat parliament as prime minister.</p>
<p>Speaking immediately after parliament appointed Kostov's cabinet, Stoyanov said Bulgaria's recovery and prosperity depended on the successful rule of the new cabinet.</p>
<p>&quot;I will keep my fingers crossed throughout this cabinet's rule,&quot; said Stoyanov.</p>
<p>Among the new cabinet's first tasks will be the introduction in July of an IMF-prescribed currency board system, which is a restrictive fixed exchange rate regime designed to stabilise the country's shaky banks and volatile currency.</p>
<p>An IMF mission is now in Sofia to complete the preparations for the currency board.</p>
<p>Kostov will also be concentrating on passing this year's budget by July, closing loss-making state enterprises, speeding up privatisation and providing sufficient safety nets for those who are most effected by restructuring.</p>
<p>&quot;Setting up a Foreign Investment Council and promoting investment opportunities in Bulgaria through road shows is also on the cabinet's agenda&quot;, said Kostov.</p>
<p>Stoyanov praised the previous cabinet for its legacy to the new government.</p>
<p>In its three-month rule the interim cabinet is credited with negotiating a $657 million accord with the International Monetary Fund which stabilised the national currency, bringing grain and fuel shortages under control and freeing prices and trade rules for most goods.</p>
<p>The lev has levelled to around 1,550 to the dollar from 3,000 in January and central bank foreign exchange reserves have grown to $1.250 billion in May.</p>
<p>Monthly inflation has plummeted to 0.7 percent in April from 243 percent in the crisis month of February, but year-on-year inflation remains at a galloping 1,965 percent.</p>
</text>
<copyright>(c) Reuters Limited 1997</copyright>
<metadata>
<codes class="bip:countries:1.0">
  <code code="BUL">
    <editdetail attribution="Reuters BIP Coding Group" action="confirmed" date="1997-05-21"/>
  </code>
</codes>
<codes class="bip:topics:1.0">
  <code code="E11">
    <editdetail attribution="Reuters BIP Coding Group" action="confirmed" date="1997-05-21"/>
  </code>
  <code code="E12">
    <editdetail attribution="Reuters BIP Coding Group" action="confirmed" date="1997-05-21"/>
  </code>
  <code code="ECAT">
    <editdetail attribution="Reuters BIP Coding Group" action="confirmed" date="1997-05-21"/>
  </code>
  <code code="GCAT">
    <editdetail attribution="Reuters BIP Coding Group" action="confirmed" date="1997-05-21"/>
  </code>
  <code code="GPOL">
    <editdetail attribution="Reuters BIP Coding Group" action="confirmed" date="1997-05-21"/>
  </code>
</codes>
<dc element="dc.date.created" value="1997-05-21"/>
<dc element="dc.publisher" value="Reuters Holdings Plc"/>
<dc element="dc.date.published" value="1997-05-21"/>
<dc element="dc.source" value="Reuters"/>
<dc element="dc.creator.location" value="SOFIA"/>
<dc element="dc.creator.location.country.name" value="BULGARIA"/>
<dc element="dc.source" value="Reuters"/>
</metadata>
</newsitem>
