<?xml version="1.0" encoding="iso-8859-1" ?>
<newsitem itemid="600533" id="root" date="1997-05-21" xml:lang="en">
<title>UK: FOCUS-Bass half-year profit rises 10 pct.</title>
<headline>FOCUS-Bass half-year profit rises 10 pct.</headline>
<byline>Tim Farrand</byline>
<dateline>LONDON 1997-05-21</dateline>
<text>
<p>British brewer to hotel group Bass Plc, reporting a 10 percent rise in half-year profits, said on Wednesday that conditions in Germany and France had reached their low point and were now on their way back up.</p>
<p>Chairman Sir Ian Prosser talked in positive terms about the group's markets, describing them as robust and healthy after reporting profit before tax of 318 million pounds ($526.2 million), up from 289 million a year earlier.</p>
<p>&quot;Germany and France have probably bottomed out and are now on the way back up and in America we are continuing to see good economic growth. We are seeing most central banks taking action against inflation,&quot; Prosser told Reuters.</p>
<p>Bass hopes the new British Labour government will reach a decision on the group's proposed acquisition of brewer Carlsberg-Tetley in the middle of next month. &quot;I would guess mid-June we might hear,&quot; said Prosser.</p>
<p>Labour is widely expected to impose more stringent conditions on the merger than the former Conservative government or even block it altogether. The merger would create Britain's largest brewer with a 35 percent share of the market. Uncertainty over the outcome of Bass's bid for C-T has continued to depress its share price.</p>
<p>Bass shares were off 13 pence at 808 by late morning.</p>
<p>Asked what other uncertainties a change of government brought for the group, Prosser said: &quot;Their attitude over a minimum wage and where they would set that. I think it should be set at a relatively low figure and phased in over a period of time to give companies a chance to accommodate it.&quot;</p>
<p>Britain's largest trade union, UNISON, representing 1.3 million public sector workers, is asking the government to impose a minimum wage of 4.42 pounds an hour. Labour plans to set up a Low Pay Commission to take evidence from employers and unions before recommending a minimum wage.</p>
<p>The introduction of a minimum wage is likely to affect the food, drink and retail sector, especially given the high number of part time, low-paid staff employed.</p>
<p>Peter Jarvis, chief executive of Whitbread Plc until June 2 when he is tipped to head up the Low Pay unit, has called for a minimum wage to be applied on a regional basis and to take account of incentive schemes offered by companies and training costs.</p>
<p>Bass employs about 70,000 people, including 50,000 in its British pubs, most of them as bar staff.</p>
<p>Bass said the profits rise was driven by its managed pubs and 2,200 Holiday Inn hotel empire.</p>
<p>Prosser said the company should add a total 200 managed pubs by the year end, after adding in 83 in the first half. The group's pub outlets include Harvester restaurants, O'Neill's Irish bars and Vintage Inns.</p>
<p>Group capital expenditure will be reduced to 620 million pounds for the year as a whole from an original forecast of 750 million, said Prosser. This was mainly because the acquisition of 60 Holiday Inns in North America by the Bristol Hotel Company means Bass no longer needs to spend on maintaining them.</p>
<p>The Bass-owned Gala chain of bingo halls, the one area of weakness in the group's half year results, was being looked at hard and management had been changed, said Prosser. Gala's trading profit fell 6.0 million pounds to 13 million in the half year as competition intensified and more new clubs opened up.</p>
<p>Brokers had forecast overall profits of between 305 and 325 million pounds. The dividend payout was also in line with expectations at 8.3 pence per share.</p>
<p>Group turnover grew by 6.8 percent to 2.693 billion pounds. Holiday Inn's improved operating profit 5.3 percent to 80 million pounds, or 10.2 percent in dollar terms as average room rates in America rose sharply.</p>
<p>Bass' 2,812 managed pubs raised trading profits by 12.6 percent to 116 million pounds while the group's leisure division, which includes Gala and Coral betting shops, raised profits by 11.4 percent to 39 million.</p>
<p>Profits from the beer business were 6.9 percent higher in the first half of 1997 than in 1996 at 77 million pounds, with key brands Carling Black Label and Worthington draught bitter performing strongly.</p>
<p>($ = 0.604 British Pounds)</p>
</text>
<copyright>(c) Reuters Limited 1997</copyright>
<metadata>
<codes class="bip:countries:1.0">
  <code code="UK">
    <editdetail attribution="Reuters BIP Coding Group" action="confirmed" date="1997-05-21"/>
  </code>
</codes>
<codes class="bip:industries:1.0">
  <code code="I42700">
    <editdetail attribution="Reuters BIP Coding Group" action="confirmed" date="1997-05-21"/>
  </code>
</codes>
<codes class="bip:topics:1.0">
  <code code="C15">
    <editdetail attribution="Reuters BIP Coding Group" action="confirmed" date="1997-05-21"/>
  </code>
  <code code="C151">
    <editdetail attribution="Reuters BIP Coding Group" action="confirmed" date="1997-05-21"/>
  </code>
  <code code="CCAT">
    <editdetail attribution="Reuters BIP Coding Group" action="confirmed" date="1997-05-21"/>
  </code>
</codes>
<dc element="dc.date.created" value="1997-05-21"/>
<dc element="dc.publisher" value="Reuters Holdings Plc"/>
<dc element="dc.date.published" value="1997-05-21"/>
<dc element="dc.source" value="Reuters"/>
<dc element="dc.creator.location" value="LONDON"/>
<dc element="dc.creator.location.country.name" value="UK"/>
<dc element="dc.source" value="Reuters"/>
</metadata>
</newsitem>
