<?xml version="1.0" encoding="iso-8859-1" ?>
<newsitem itemid="600500" id="root" date="1997-05-21" xml:lang="en">
<title>SWITZERLAND: ABB Swiss sells unit to Concast.</title>
<headline>ABB Swiss sells unit to Concast.</headline>
<dateline>BADEN, Switzerland 1997-05-21</dateline>
<text>
<p>ABB Switzerland, part of electrical engineering group ABB Asea Brown Boveri AG, said it had signed an agreement to sell its business unit Electrical Arc Furnaces to Concast Standard AG.</p>
<p>The agreement covers development, production and sales worldwide of DC- and AC-arc furnaces as well as ladle furnaces for electrical steel melting, ABB said in a statement.</p>
<p>It added that ABB activities in India for AC arc furnaces are not included in the agreement.</p>
<p>ABB and Concast have also agreed on a long term cooperation so both companies can benefit from their knowledge of electrical steel melting.</p>
<p>ABB said it would continue to be a supplier of electrical equipment for electrical arc furnaces, particularly the rectifiers for the power supply of DC arc furnaces.</p>
<p>-- Zurich Editorial +41 1 631 7340</p>
</text>
<copyright>(c) Reuters Limited 1997</copyright>
<metadata>
<codes class="bip:countries:1.0">
  <code code="SWITZ">
    <editdetail attribution="Reuters BIP Coding Group" action="confirmed" date="1997-05-21"/>
  </code>
</codes>
<codes class="bip:industries:1.0">
  <code code="I32000">
    <editdetail attribution="Reuters BIP Coding Group" action="confirmed" date="1997-05-21"/>
  </code>
  <code code="I34000">
    <editdetail attribution="Reuters BIP Coding Group" action="confirmed" date="1997-05-21"/>
  </code>
  <code code="I34200">
    <editdetail attribution="Reuters BIP Coding Group" action="confirmed" date="1997-05-21"/>
  </code>
</codes>
<codes class="bip:topics:1.0">
  <code code="C18">
    <editdetail attribution="Reuters BIP Coding Group" action="confirmed" date="1997-05-21"/>
  </code>
  <code code="C181">
    <editdetail attribution="Reuters BIP Coding Group" action="confirmed" date="1997-05-21"/>
  </code>
  <code code="CCAT">
    <editdetail attribution="Reuters BIP Coding Group" action="confirmed" date="1997-05-21"/>
  </code>
</codes>
<dc element="dc.date.created" value="1997-05-21"/>
<dc element="dc.publisher" value="Reuters Holdings Plc"/>
<dc element="dc.date.published" value="1997-05-21"/>
<dc element="dc.source" value="Reuters"/>
<dc element="dc.creator.location" value="BADEN, Switzerland"/>
<dc element="dc.creator.location.country.name" value="SWITZERLAND"/>
<dc element="dc.source" value="Reuters"/>
</metadata>
</newsitem>
