<?xml version="1.0" encoding="iso-8859-1" ?>
<newsitem itemid="600509" id="root" date="1997-05-21" xml:lang="en">
<title>DENMARK: Advantage for Denmark to join stable EMU - Wise Men.</title>
<headline>Advantage for Denmark to join stable EMU - Wise Men.</headline>
<dateline>COPENHAGEN 1997-05-21</dateline>
<text>
<p>The independent Danish Economic Council said in a report issued on Wednesday that it saw clear gains for Denmark in joining European Economic and Monetary Union, provided that the currency pact was stable.</p>
<p>&quot;If EMU is stable, analyses show that there are considerable economic advantages in participating,&quot; the council, also known as the Wise Men, said in a statement published with its latest forecasts for the Danish economy.</p>
<p>&quot;If there is a strong probability that monetary union is going to be stable and the risk of it sparking an economic shock which would specifically damage the Danish economy is deemed to be minimal, Denmark should not hesitate to join EMU from the start,&quot; the council said.</p>
<p>Denmark, which is already in Europe's exchange rate mechanism (ERM), satisfies EMU convergence criteria but its citizens voted in a binding 1993 referendum to stay out.</p>
<p>Although Danish industry and political leaders largely back membership, a reversal of the 1993 vote would require a fresh plebiscite, for which the government says it has no plans.</p>
<p>The Economic Council said that a main advantage to Denmark of staying outside EMU was that it would remain in control of its crown currency.</p>
<p>&quot;An advantage to non-participation could be that Denmark would have the possibility of singlehandedly adjusting its currency if hit by a major domestic upheaval,&quot; it said.</p>
<p>--Carl Johan Corneliussen, Copenhagen newsroom +45-33969657</p>
</text>
<copyright>(c) Reuters Limited 1997</copyright>
<metadata>
<codes class="bip:countries:1.0">
  <code code="DEN">
    <editdetail attribution="Reuters BIP Coding Group" action="confirmed" date="1997-05-21"/>
  </code>
  <code code="EEC">
    <editdetail attribution="Reuters BIP Coding Group" action="confirmed" date="1997-05-21"/>
  </code>
</codes>
<codes class="bip:topics:1.0">
  <code code="E12">
    <editdetail attribution="Reuters BIP Coding Group" action="confirmed" date="1997-05-21"/>
  </code>
  <code code="ECAT">
    <editdetail attribution="Reuters BIP Coding Group" action="confirmed" date="1997-05-21"/>
  </code>
  <code code="G15">
    <editdetail attribution="Reuters BIP Coding Group" action="confirmed" date="1997-05-21"/>
  </code>
  <code code="G151">
    <editdetail attribution="Reuters BIP Coding Group" action="confirmed" date="1997-05-21"/>
  </code>
  <code code="G154">
    <editdetail attribution="Reuters BIP Coding Group" action="confirmed" date="1997-05-21"/>
  </code>
  <code code="GCAT">
    <editdetail attribution="Reuters BIP Coding Group" action="confirmed" date="1997-05-21"/>
  </code>
</codes>
<dc element="dc.date.created" value="1997-05-21"/>
<dc element="dc.publisher" value="Reuters Holdings Plc"/>
<dc element="dc.date.published" value="1997-05-21"/>
<dc element="dc.source" value="Reuters"/>
<dc element="dc.creator.location" value="COPENHAGEN"/>
<dc element="dc.creator.location.country.name" value="DENMARK"/>
<dc element="dc.source" value="Reuters"/>
</metadata>
</newsitem>
