<?xml version="1.0" encoding="iso-8859-1" ?>
<newsitem itemid="600550" id="root" date="1997-05-21" xml:lang="en">
<title>UK: Bank of England job vacancies pile up.</title>
<headline>Bank of England job vacancies pile up.</headline>
<byline>Cheryl Juckes</byline>
<dateline>LONDON 1997-05-21</dateline>
<text>
<p>Chancellor of the Exchequer Gordon Brown's second shake-up of the Bank of England in a fortnight means there is yet another top job going, but the government has made no moves to fill the growing list of vacancies.</p>
<p>Shortly after being elected on May 1, the new Labour government made the central bank responsible for setting interest rates and said it would be appointing a second deputy governor to help with this task.</p>
<p>On Tuesday, Brown announced a transfer of the Bank of England's regulatory role to a revamped Securities and Investments Board, and appointed bank deputy governor Howard Davies to head it.</p>
<p>Mervyn King, the central bank's chief economist, is the favourite to replace Howard Davies.</p>
<p>&quot;Mervyn is both ambitious and capable,&quot; said one former Bank of England official. &quot;He's missed out on the appointment twice, so maybe it will be third time lucky.&quot;</p>
<p>Both Davies and his predecessor, Rupert Pennant-Rea, were appointed over King's head. Until the news of Davies's impending departure, it had been assumed he would miss out a third time in favour of Goldman Sachs economist Gavyn Davies.</p>
<p>When the new chancellor announced two weeks ago he would be appointing a second deputy governor it was assumed that Gavyn Davies, who has long been an adviser of the Labour Party, would get the job.</p>
<p>But so far no announcements have been forthcoming, so the new nine-member Monetary Policy Committee (MPC) is down to three known members, if Howard Davies is excluded. Moreover, King is already widely assumed to be a member in his capacity of executive director for the bank.</p>
<p>The Treasury says it does not know when the MPC members will be announced. Howard Davies' replacement could be announced at any time but the statutes of the central bank say that it has just one deputy and these need to be changed before the second appointment can be made.</p>
<p>Some members of Britain's finance community are beginning to fret at the delay. &quot;It seems odd that they hadn't already sorted out who was going to be on the committee,&quot; one ex-Treasury official said.</p>
<p>&quot;They haven't been in office three weeks and they've made the Bank of England independent and stripped it of its regulatory powers. It's a bit strange that they can't sort out who's on the committee,&quot; he said.</p>
<p>The membership of the committee will be crucial if the new Labour government, which ousted the 18-year old Conservative administration on May 1, is to maintain the market credibility earned with the transfer of interest rate powers to the central bank.</p>
<p>&quot;If I'm Mr Brown and I'm trying to be radical about who sets monetary policy, it might actually be counter-productive if I were seen to be stacking the committee with my chums,&quot; a second ex-bank official warned.</p>
<p>&quot;Gavyn Davies' problem may be that he's very much seen to be a friend of Mr. Brown's,&quot; he added.</p>
<p>Mervyn King's other major selling point is the respect in which he is held by the markets. &quot;If anything the danger with Mervyn is that he will be too tough on inflation but that's not necessarily a bad thing in the market's eyes.&quot;</p>
<p>Gavyn Davies told Reuters this morning that he did not expect to be approached to become a deputy governor and that he had not been asked thus far. &quot;As to whether I'll be one of them, no-one has said a word to me. I haven't the faintest idea.&quot;</p>
<p>But the transferral of the Bank of England's regulatory role to the SIB has left a question-mark over what exactly the second deputy governor will cover.</p>
<p>The official split in responsibilities announced by Brown was that one deputy would support the governor on monetary stability and the other on financial stability -- the second role has been substantially eroded.</p>
<p>Nevertheless, a Treasury official said Brown would still be appointing two deputy governors while Gavyn Davies said &quot;there will still be two wings in the bank -- economics and the inflation control wing.&quot;</p>
<p>And at a press conference on Wednesday morning to announce the central bank's annual results, Governor Eddie George was keen to stress that the bank still had a crucial role to play in ensuring financial stability.</p>
</text>
<copyright>(c) Reuters Limited 1997</copyright>
<metadata>
<codes class="bip:countries:1.0">
  <code code="UK">
    <editdetail attribution="Reuters BIP Coding Group" action="confirmed" date="1997-05-21"/>
  </code>
</codes>
<codes class="bip:industries:1.0">
  <code code="I81401">
    <editdetail attribution="Reuters BIP Coding Group" action="confirmed" date="1997-05-21"/>
  </code>
</codes>
<codes class="bip:topics:1.0">
  <code code="C41">
    <editdetail attribution="Reuters BIP Coding Group" action="confirmed" date="1997-05-21"/>
  </code>
  <code code="C411">
    <editdetail attribution="Reuters BIP Coding Group" action="confirmed" date="1997-05-21"/>
  </code>
  <code code="CCAT">
    <editdetail attribution="Reuters BIP Coding Group" action="confirmed" date="1997-05-21"/>
  </code>
  <code code="E12">
    <editdetail attribution="Reuters BIP Coding Group" action="confirmed" date="1997-05-21"/>
  </code>
  <code code="ECAT">
    <editdetail attribution="Reuters BIP Coding Group" action="confirmed" date="1997-05-21"/>
  </code>
  <code code="GCAT">
    <editdetail attribution="Reuters BIP Coding Group" action="confirmed" date="1997-05-21"/>
  </code>
  <code code="GPOL">
    <editdetail attribution="Reuters BIP Coding Group" action="confirmed" date="1997-05-21"/>
  </code>
</codes>
<dc element="dc.date.created" value="1997-05-21"/>
<dc element="dc.publisher" value="Reuters Holdings Plc"/>
<dc element="dc.date.published" value="1997-05-21"/>
<dc element="dc.source" value="Reuters"/>
<dc element="dc.creator.location" value="LONDON"/>
<dc element="dc.creator.location.country.name" value="UK"/>
<dc element="dc.source" value="Reuters"/>
</metadata>
</newsitem>
