<?xml version="1.0" encoding="iso-8859-1" ?>
<newsitem itemid="600596" id="root" date="1997-05-21" xml:lang="en">
<title>UK: Carlton lifts H1 profits 11 percent.</title>
<headline>Carlton lifts H1 profits 11 percent.</headline>
<dateline>LONDON 1997-05-21</dateline>
<text>
<p>British broadcaster Carlton Communications Plc on Wednesday reported an 11 percent rise in half-year, pre-tax profits, partly boosted by strong growth in advertising revenue.</p>
<p>Carlton raised pre-tax profits to 158.6 million pounds ($262.5 million) from 143.3 million after a one-off loss of around 4.0 million pounds, in line with analyst expectations.</p>
<p>The half-year dividend rose 12 percent to 4.9 pence.</p>
<p>&quot;Over the last three years we have consistently invested in our businesses,&quot; said chairman Michael Green in the results statement.</p>
<p>&quot;We have maintained our clear focus, built up our market leading positions and enhanced both our profitability and our prospects for future growth,&quot; he noted, adding the group would build on this approach.  </p>
<p>Carlton, which operates ITV commercial television licences for London weekday television, the English Midlands and the west of England, said its video division made a slow start to the year because of the timing of releases and variations in the mix of the business.</p>
<p>But the company, whose library now boasts over 7,500 hours of television programmes including almost 1,000 films, said it was optimistic about making progress in the second half.</p>
<p>Its Technicolor film processing operations was performing well and sales of the company's tapeless editing and broadcasting sustems was fulfilling expectations of rapid growth, the company said.</p>
<p>Analysts are awaiting news on whether Carlton and its partners in British Digital Broadcasting (BDB) have been awarded key digital terrestrial TV licences in Britain.</p>
<p>Carlton in January joined rival TV giant Granada Group Plc and Rupert Murdoch's dominant pay-per-view broadcaster British Sky Broadcasting Group Plc to form the formidable BDB.</p>
<p>BDB wants to offer some 15 subscription channels. The group faces competition from Digital Television Network (DTN), owned by Nasdaq-listed NTL Inc -- but in what has been dubbed a classic case of David versus Goliath, most analysts tip BDB as the winner.</p>
<p>Carlton, which has a cash pile of 166 million pounds, said it expected the Independent Television Commission watchdog to award the licence by the end of June.</p>
<p>&quot;Digital terrestrial television brings enormous opportunities to Carlton,&quot; chairman Green stated.</p>
<p>--London Newsroom +44 171 542 7717</p>
<p>($ = 0.604 British Pounds)</p>
</text>
<copyright>(c) Reuters Limited 1997</copyright>
<metadata>
<codes class="bip:countries:1.0">
  <code code="UK">
    <editdetail attribution="Reuters BIP Coding Group" action="confirmed" date="1997-05-21"/>
  </code>
</codes>
<codes class="bip:industries:1.0">
  <code code="I9741102">
    <editdetail attribution="Reuters BIP Coding Group" action="confirmed" date="1997-05-21"/>
  </code>
</codes>
<codes class="bip:topics:1.0">
  <code code="C15">
    <editdetail attribution="Reuters BIP Coding Group" action="confirmed" date="1997-05-21"/>
  </code>
  <code code="C151">
    <editdetail attribution="Reuters BIP Coding Group" action="confirmed" date="1997-05-21"/>
  </code>
  <code code="CCAT">
    <editdetail attribution="Reuters BIP Coding Group" action="confirmed" date="1997-05-21"/>
  </code>
</codes>
<dc element="dc.date.created" value="1997-05-21"/>
<dc element="dc.publisher" value="Reuters Holdings Plc"/>
<dc element="dc.date.published" value="1997-05-21"/>
<dc element="dc.source" value="Reuters"/>
<dc element="dc.creator.location" value="LONDON"/>
<dc element="dc.creator.location.country.name" value="UK"/>
<dc element="dc.source" value="Reuters"/>
</metadata>
</newsitem>
