<?xml version="1.0" encoding="iso-8859-1" ?>
<newsitem itemid="600554" id="root" date="1997-05-21" xml:lang="en">
<title>UK: London gold fixes just up as platinum metals slip.</title>
<headline>London gold fixes just up as platinum metals slip.</headline>
<dateline>LONDON 1997-05-21</dateline>
<text>
<p>A minor turn down in platinum group metal (PGMs) prices halted their upward rush on Wednesday, but gold recovered after slipping on a stronger dollar, dealer said.</p>
<p>Dealers said the PGMs lost momentum on the news that Russia, when it begins exports late this month or next, will ship as much as it did in 1996 in the remaining months of this year.</p>
<p>&quot;There was some selling. People can't go short but they might have reduced their long positions on the news,&quot; one dealer said</p>
<p>Palladium fixed at $178.00 per ounce down from $180.50 -- its highest price since its record high fix in April, 1989 -- and platinum was set at $393.50 after $396.00.</p>
<p>Gold fixed at $342.70 up from $342.25 earlier and just off Tuesday's $343.00. The Comex June contract was just $0.20 ahead at $343.60.</p>
<p>Earlier the PGMs led the way higher bringing brisk early buying across the complex and dealers said the market largely dismissed the confirmation of Russian shipments beginning this year within weeks.</p>
<p>&quot;When you're looking at a lease rate of 25 per cent for a month (palladium), nobody is going to sell on something which might happen in a couple of week's time,&quot; a dealer said.</p>
<p>He noted that open interest had reached a record level on Nymex (on May 19 at 12,182 lots) and with the price going up, that created a textbook opening for a bull market.</p>
<p>&quot;Basically the funds have all gone long. But if the price doesn't go up, it could be vulnerable,&quot; he said, adding that most of the precious metal were finely balanced but would remain volatile, led by the PGMs.</p>
<p>The dollar had a saw-saw afternoon, first firming on a 19-per cent fall in the March U.S. trade gap to $8.5 billion but then being sold into on comments from outgoing Commerce Department Secretary Everett Ehrlich that Japan should not revert to export-led growth.</p>
<p>Comex open interest on silver was almost the opposite of palladium, with big short positions established, making the market vulnerable to any upside spike.</p>
<p>&quot;We are seeing mainly selling so far, so maybe the market wants to follow through and go lower,&quot; a dealer said.</p>
<p>Silver was two cents lower at $4.68/$4.70, unchanged from earlier levels.</p>
<p>--Brian Spoors London Newsroom +44 171 542 8058</p>
</text>
<copyright>(c) Reuters Limited 1997</copyright>
<metadata>
<codes class="bip:countries:1.0">
  <code code="UK">
    <editdetail attribution="Reuters BIP Coding Group" action="confirmed" date="1997-05-21"/>
  </code>
</codes>
<codes class="bip:topics:1.0">
  <code code="M14">
    <editdetail attribution="Reuters BIP Coding Group" action="confirmed" date="1997-05-21"/>
  </code>
  <code code="M142">
    <editdetail attribution="Reuters BIP Coding Group" action="confirmed" date="1997-05-21"/>
  </code>
  <code code="MCAT">
    <editdetail attribution="Reuters BIP Coding Group" action="confirmed" date="1997-05-21"/>
  </code>
</codes>
<dc element="dc.date.created" value="1997-05-21"/>
<dc element="dc.publisher" value="Reuters Holdings Plc"/>
<dc element="dc.date.published" value="1997-05-21"/>
<dc element="dc.source" value="Reuters"/>
<dc element="dc.creator.location" value="LONDON"/>
<dc element="dc.creator.location.country.name" value="UK"/>
<dc element="dc.source" value="Reuters"/>
</metadata>
</newsitem>
