<?xml version="1.0" encoding="iso-8859-1" ?>
<newsitem itemid="600632" id="root" date="1997-05-21" xml:lang="en">
<title>POLAND: Polish new car sales up 30 pct in April.</title>
<headline>Polish new car sales up 30 pct in April.</headline>
<dateline>WARSAW 1997-05-21</dateline>
<text>
<p>New car sales in Poland grew by 29.9 percent in January-April against the same period last year to 174,224 units, an independent car market monitoring agency, Samar, said in a report on Wednesday.</p>
<p>Samar said sales of commercial vehicles rose 32.2 percent to 17,886 over the same period.</p>
<p>Fiat topped the list of passenger car makers with 60,742 units sold and a 34.9 percent market share. @</p>
<p>			     PASSENGER CARS</p>
<p>		SALES (UNITS)	   MARKET SHARE (PCT)</p>
<p>	  Jan-Apr 97  Jan-Apr 96     Jan-Apr 97 Jan-Apr 96 </p>
<p>1.Fiat	60,742    54,721	    34.9	 40.8 </p>
<p>2.Daewoo    40,134    27,248	    23.0	 20.3</p>
<p>3.GM-Opel   14,020     9,389	     8.1	  7.0 </p>
<p>4.Renault   10,920     9,072	     6.3	  6.8</p>
<p>5.Ford	 6,797     3,976	     3.9	  3.0 </p>
<p>6.Skoda	6,376     4,517	     3.7	  3.4 </p>
<p>7.SEAT	 5,954     3,715	     3.4	  2.8 </p>
<p>8.Volkswagen 5,667     5,381	     3.3	  4.0</p>
<p>9.Citroen    5,144     2,861	     3.0	  2.1 </p>
<p>10.Peugeot   4,679     3,900	     2.7	  2.9</p>
<p>			     COMMERCIAL VEHICLES</p>
<p>		     SALES (UNITS)	  MARKET SHARE (PCT)</p>
<p>		 Jan-Apr 97 Jan-Apr 96   Jan-Apr 97  Jan-Apr 96</p>
<p>1.Daewoo	  4,697     5,298	  26.3	  39.2 </p>
<p>2.Daewoo-Lublin 4,484     3,296	  25.1	  24.4 </p>
<p>3.Fiat	    2,282     1,981	  12.8	  14.6 </p>
<p>4.Citroen	 1,511	 636	   8.5	   4.7</p>
<p>5.Ford		987	 438	   5.5	   3.2</p>
<p>-- Warsaw Newsroom +48 22 653 9700</p>
</text>
<copyright>(c) Reuters Limited 1997</copyright>
<metadata>
<codes class="bip:countries:1.0">
  <code code="POL">
    <editdetail attribution="Reuters BIP Coding Group" action="confirmed" date="1997-05-21"/>
  </code>
</codes>
<codes class="bip:industries:1.0">
  <code code="I35101">
    <editdetail attribution="Reuters BIP Coding Group" action="confirmed" date="1997-05-21"/>
  </code>
  <code code="I35102">
    <editdetail attribution="Reuters BIP Coding Group" action="confirmed" date="1997-05-21"/>
  </code>
</codes>
<codes class="bip:topics:1.0">
  <code code="C31">
    <editdetail attribution="Reuters BIP Coding Group" action="confirmed" date="1997-05-21"/>
  </code>
  <code code="CCAT">
    <editdetail attribution="Reuters BIP Coding Group" action="confirmed" date="1997-05-21"/>
  </code>
</codes>
<dc element="dc.date.created" value="1997-05-21"/>
<dc element="dc.publisher" value="Reuters Holdings Plc"/>
<dc element="dc.date.published" value="1997-05-21"/>
<dc element="dc.source" value="Reuters"/>
<dc element="dc.creator.location" value="WARSAW"/>
<dc element="dc.creator.location.country.name" value="POLAND"/>
<dc element="dc.source" value="Reuters"/>
</metadata>
</newsitem>
