<?xml version="1.0" encoding="iso-8859-1" ?>
<newsitem itemid="600661" id="root" date="1997-05-21" xml:lang="en">
<title>JAPAN: Reported BOJ rate comments jolt Tokyo markets.</title>
<headline>Reported BOJ rate comments jolt Tokyo markets.</headline>
<byline>Tsukasa Maekawa</byline>
<dateline>TOKYO 1997-05-21</dateline>
<text>
<p>Tokyo share prices sank, Japanese government bonds slid and the dollar dipped on Wednesday after a senior central banker was quoted as saying the Bank of Japan was considering the right timing to tighten credit.</p>
<p>But many economists insisted that an early rate rise remained unlikely given economic uncertainties, the yen's recent rise and worries over Japan's financial sector.</p>
<p>Bank of Japan Deputy Governor Toshihiko Fukui was quoted by an executive of a labour group as saying the central bank was considering the right timing to raise its official discount rate, at which it lends to commercial banks, but that it did not want to make a hasty decision.</p>
<p>The comment, revealed after Fukui's meeting with executives of Japan's largest grouping of labour unions, the Japanese Trade Union Confederation (Rengo), triggered massive selling of Japanese government bond futures and cash bonds, traders said.</p>
<p>Rengo at the meeting urged the central bank to raise the key rate, now at a record low 0.5 percent.</p>
<p>Ruling Liberal Democratic Party (LDP) officials have also been calling for higher rates out of fear that a liberalisation of Japan's foreign exchange laws in April 1998 will trigger a massive outflow of capital from Japan.</p>
<p>A BOJ spokesman, asked to comment on Fukui's quoted remark, said the central bank would persist in its monetary policy of putting emphasis on a strengthening of the basis for Japan's economic recovery.</p>
<p>The Tokyo stock market's key index, the 225-share Nikkei average, already undermined by worries over the strong yen, closed down 490.85 pointsat 19,841.98 after earlier tumbling more than 500 points.</p>
<p>&quot;The BOJ comment came at a time when the market was on edge about a rate raise, due to recent media reports that the LDP was in favour of a rate hike, and it startled both foreign and domestic investors into selling,&quot; said Hisao Suzuki at Yamaichi Securities.</p>
<p>The dollar dipped briefly against the yen on the comments, which fanned speculation that the central bank would be willing to raise its rock-bottom interest rates sooner rather than later. It fell back from highs above 114 yen to stand around 113.45 yen in mid-afternoon trade, but this was still well above its level in late New York on Tuesday.</p>
<p>The Bank of Japan cut the discount rate to a record low 0.5 percent in September 1995 to keep the economy from faltering.</p>
<p>But speculation that the central bank wants to tighten credit in view of the economy's recovery has been growing amidst calls for higher rates from some ruling politicians.</p>
<p>Bank of Japan Governor Yasuo Matsushita said earlier on Wednesday that the bank's low interest rate policy was revitalising the economy and benefitting the people.</p>
<p>He added that a recent rise in Japan's long-term interest rates reflected confidence in the nation's economic outlook.</p>
<p>Prime Minister Ryutaro Hashimoto, meanwhile, urged politicians not to comment on interest rates and said he did not think LDP officials wanted to ask for a rate rise.</p>
<p>Several economists said the central bank was not ready to raise the discount rate soon, though some predicted it would let short-term rates rise earlier, perhaps during the summer.</p>
<p>&quot;Markets will realise the economy is not doing so well in April to June period and realise they will have to wait until the next tankan survey expected out in July. Then they will settle down,&quot; said Yasuhiko Ushikubo, an economist at the Industrial Bank of Japan.</p>
</text>
<copyright>(c) Reuters Limited 1997</copyright>
<metadata>
<codes class="bip:countries:1.0">
  <code code="JAP">
    <editdetail attribution="Reuters BIP Coding Group" action="confirmed" date="1997-05-21"/>
  </code>
</codes>
<codes class="bip:topics:1.0">
  <code code="M11">
    <editdetail attribution="Reuters BIP Coding Group" action="confirmed" date="1997-05-21"/>
  </code>
  <code code="M12">
    <editdetail attribution="Reuters BIP Coding Group" action="confirmed" date="1997-05-21"/>
  </code>
  <code code="M13">
    <editdetail attribution="Reuters BIP Coding Group" action="confirmed" date="1997-05-21"/>
  </code>
  <code code="M132">
    <editdetail attribution="Reuters BIP Coding Group" action="confirmed" date="1997-05-21"/>
  </code>
  <code code="MCAT">
    <editdetail attribution="Reuters BIP Coding Group" action="confirmed" date="1997-05-21"/>
  </code>
</codes>
<dc element="dc.date.created" value="1997-05-21"/>
<dc element="dc.publisher" value="Reuters Holdings Plc"/>
<dc element="dc.date.published" value="1997-05-21"/>
<dc element="dc.source" value="Reuters"/>
<dc element="dc.creator.location" value="TOKYO"/>
<dc element="dc.creator.location.country.name" value="JAPAN"/>
<dc element="dc.source" value="Reuters"/>
</metadata>
</newsitem>
