<?xml version="1.0" encoding="iso-8859-1" ?>
<newsitem itemid="600643" id="root" date="1997-05-21" xml:lang="en">
<title>HONG KONG: China seen doubtful on WTO, upbeat on British poll.</title>
<headline>China seen doubtful on WTO, upbeat on British poll.</headline>
<byline>Sarah Davison</byline>
<dateline>HONG KONG 1997-05-21</dateline>
<text>
<p>China no longer expects to join the World Trade Organisation this year but sees better relations with Britain under the new Labour government, a delegation of Hong Kong business leaders said on Wednesday.</p>
<p>&quot;China's membership in the WTO is unlikely to be settled this year,&quot; General Chamber of Commerce chairman James Tien told reporters after returning from meetings in Beijing with Chinese Premier Li Peng and the top Chinese official responsible for Hong Kong affairs, Lu Ping.</p>
<p>A number of outstanding issues with the United States remain. These concern the opening of the Chinese market, particularly in the area of services, and would probably delay China's WTO membership, Peng told the delegation.</p>
<p>But relations with Britain were poised to improve following the May 1 election of Prime Minister Tony Blair's Labour government, ending 18 years of Conservative rule.</p>
<p>&quot;(Li said) he looked forward to a better relationship with the Labour government in the UK and that would help Hong Kong's transition after July 1,&quot; Tien said.</p>
<p>Former Conservative prime minister Margaret Thatcher was responsible for the 1984 Sino-British treaties governing the return of Hong Kong to Chinese rule at midnight on June 30, ending 156 years of British colonial rule.</p>
<p>Tien also revealed that China did not support attempts to tighten visa requirements for foreigners or restrict their right to work in the territory -- a proposal made in a private member's bill tabled by Hong Kong unionist legislator Chan Yuen-han.</p>
<p>&quot;The Chinese government was not supportive of that position,&quot; Tien said.</p>
<p>The issue was raised in a discussion about Hong Kong's continued competitiveness, said chamber member Eden Woon. Attempts would be made to remove uncompetitive tax treatment for foreign firms investing in China through Hong Kong, he added.</p>
<p>Foreign companies now investing in China through Hong Kong must pay tax in both locations, reducing Hong Kong's competitiveness as a gateway to the Chinese market, Tien said.</p>
<p>A number of states, including Singapore, have worked out tax and investment treaties with China, providing a greater incentive for foreign companies to avoid Hong Kong, Tien said.</p>
<p>Because Hong Kong will be a Special Administrative Region of China, a separate treaty is not appropriate, but steps would be taken over the next few months to remove this potential hurdle, Tien said.</p>
</text>
<copyright>(c) Reuters Limited 1997</copyright>
<metadata>
<codes class="bip:countries:1.0">
  <code code="CHINA">
    <editdetail attribution="Reuters BIP Coding Group" action="confirmed" date="1997-05-21"/>
  </code>
  <code code="HKONG">
    <editdetail attribution="Reuters BIP Coding Group" action="confirmed" date="1997-05-21"/>
  </code>
  <code code="UK">
    <editdetail attribution="Reuters BIP Coding Group" action="confirmed" date="1997-05-21"/>
  </code>
</codes>
<codes class="bip:topics:1.0">
  <code code="E51">
    <editdetail attribution="Reuters BIP Coding Group" action="confirmed" date="1997-05-21"/>
  </code>
  <code code="E512">
    <editdetail attribution="Reuters BIP Coding Group" action="confirmed" date="1997-05-21"/>
  </code>
  <code code="ECAT">
    <editdetail attribution="Reuters BIP Coding Group" action="confirmed" date="1997-05-21"/>
  </code>
  <code code="GCAT">
    <editdetail attribution="Reuters BIP Coding Group" action="confirmed" date="1997-05-21"/>
  </code>
  <code code="GDIP">
    <editdetail attribution="Reuters BIP Coding Group" action="confirmed" date="1997-05-21"/>
  </code>
</codes>
<dc element="dc.date.created" value="1997-05-21"/>
<dc element="dc.publisher" value="Reuters Holdings Plc"/>
<dc element="dc.date.published" value="1997-05-21"/>
<dc element="dc.source" value="Reuters"/>
<dc element="dc.creator.location" value="HONG KONG"/>
<dc element="dc.creator.location.country.name" value="HONG KONG"/>
<dc element="dc.source" value="Reuters"/>
</metadata>
</newsitem>
