<?xml version="1.0" encoding="iso-8859-1" ?>
<newsitem itemid="600669" id="root" date="1997-05-21" xml:lang="en">
<title>JAPAN: Jidosha Kiki -97/98 parent forecast.</title>
<headline>Jidosha Kiki -97/98 parent forecast.</headline>
<dateline>TOKYO 1997-05-21</dateline>
<text>
<p>Year to March 31, 1998</p>
<p>		   (in billions of yen unless specified)</p>
<p>			   LATEST	    ACTUAL</p>
<p> (Parent)	     FORECAST	  YEAR-AGO</p>
<p> Sales		 72.00		71.96</p>
<p> Current		1.40		 1.11</p>
<p> Net		  900    million	 731    million</p>
<p> EPS		   13.51 yen	  10.98 yen</p>
<p> Ord div		7.00 yen	   7.00 yen</p>
<p>NOTE - Jidosha Kiki Co Ltd is the largest domestic maker of power brakes.</p>
</text>
<copyright>(c) Reuters Limited 1997</copyright>
<metadata>
<codes class="bip:countries:1.0">
  <code code="JAP">
    <editdetail attribution="Reuters BIP Coding Group" action="confirmed" date="1997-05-21"/>
  </code>
</codes>
<codes class="bip:topics:1.0">
  <code code="C152">
    <editdetail attribution="Reuters BIP Coding Group" action="confirmed" date="1997-05-21"/>
  </code>
</codes>
<dc element="dc.date.created" value="1997-05-21"/>
<dc element="dc.publisher" value="Reuters Holdings Plc"/>
<dc element="dc.date.published" value="1997-05-21"/>
<dc element="dc.source" value="Reuters"/>
<dc element="dc.creator.location" value="TOKYO"/>
<dc element="dc.creator.location.country.name" value="JAPAN"/>
<dc element="dc.source" value="Reuters"/>
</metadata>
</newsitem>
