<?xml version="1.0" encoding="iso-8859-1" ?>
<newsitem itemid="600676" id="root" date="1997-05-21" xml:lang="en">
<title>JAPAN: Tokyo stocks tumble, end more than two pct lower.</title>
<headline>Tokyo stocks tumble, end more than two pct lower.</headline>
<dateline>TOKYO 1997-05-21</dateline>
<text>
<p>Tokyo stocks stumbled late in Wednesday afternoon trade to end more than two percent lower, rattled by comments by the Bank of Japan's (BOJ) deputy governor that the central bank is considering the right timing to raise the official discount rate, brokers said.</p>
<p>The 225-share Nikkei average finished 490.85 points or 2.41 percent lower at 19,841.98, the lowest close since May 9, when the benchmark ended at 19,802.78.</p>
<p>June Nikkei futures finished at 19,820, down 520 points.</p>
<p>In late afternoon, BOJ Deputy Governor Toshihiko Fukui was quoted by an executive of a labour group as saying the central bank is considering the right timing to raise the official discount rate but it does not want to make a hasty decision.</p>
</text>
<copyright>(c) Reuters Limited 1997</copyright>
<metadata>
<codes class="bip:countries:1.0">
  <code code="JAP">
    <editdetail attribution="Reuters BIP Coding Group" action="confirmed" date="1997-05-21"/>
  </code>
</codes>
<codes class="bip:topics:1.0">
  <code code="M11">
    <editdetail attribution="Reuters BIP Coding Group" action="confirmed" date="1997-05-21"/>
  </code>
  <code code="MCAT">
    <editdetail attribution="Reuters BIP Coding Group" action="confirmed" date="1997-05-21"/>
  </code>
</codes>
<dc element="dc.date.created" value="1997-05-21"/>
<dc element="dc.publisher" value="Reuters Holdings Plc"/>
<dc element="dc.date.published" value="1997-05-21"/>
<dc element="dc.source" value="Reuters"/>
<dc element="dc.creator.location" value="TOKYO"/>
<dc element="dc.creator.location.country.name" value="JAPAN"/>
<dc element="dc.source" value="Reuters"/>
</metadata>
</newsitem>
