<?xml version="1.0" encoding="iso-8859-1" ?>
<newsitem itemid="600678" id="root" date="1997-05-21" xml:lang="en">
<title>JAPAN: Pacific Industrial -97/98 parent forecast.</title>
<headline>Pacific Industrial -97/98 parent forecast.</headline>
<dateline>TOKYO 1997-05-21</dateline>
<text>
<p>Year to March 31, 1998</p>
<p>		   (in billions of yen unless specified)</p>
<p>			   LATEST	    ACTUAL</p>
<p> (Parent)	     FORECAST	  YEAR-AGO</p>
<p> Sales		 41.00		40.95</p>
<p> Current		1.30		 1.20</p>
<p> Net		  660    million	 835    million</p>
<p> EPS		   12.08 yen	  15.28 yen</p>
<p> Ord div		5.00 yen	   5.00 yen</p>
<p>NOTE - Pacific Industrial Co Ltd manufactures tyre valves and cores.</p>
</text>
<copyright>(c) Reuters Limited 1997</copyright>
<metadata>
<codes class="bip:countries:1.0">
  <code code="JAP">
    <editdetail attribution="Reuters BIP Coding Group" action="confirmed" date="1997-05-21"/>
  </code>
</codes>
<codes class="bip:topics:1.0">
  <code code="C152">
    <editdetail attribution="Reuters BIP Coding Group" action="confirmed" date="1997-05-21"/>
  </code>
</codes>
<dc element="dc.date.created" value="1997-05-21"/>
<dc element="dc.publisher" value="Reuters Holdings Plc"/>
<dc element="dc.date.published" value="1997-05-21"/>
<dc element="dc.source" value="Reuters"/>
<dc element="dc.creator.location" value="TOKYO"/>
<dc element="dc.creator.location.country.name" value="JAPAN"/>
<dc element="dc.source" value="Reuters"/>
</metadata>
</newsitem>
