<?xml version="1.0" encoding="iso-8859-1" ?>
<newsitem itemid="600631" id="root" date="1997-05-21" xml:lang="en">
<title>RUSSIA: Russia communists demand government changes.</title>
<headline>Russia communists demand government changes.</headline>
<dateline>MOSCOW 1997-05-21</dateline>
<text>
<p>Russian communist leader Gennady Zyuganov, accusing the government of breaking Russia up and selling it off cheap, urged parliament on Wednesday to ask President Boris Yeltsin to reshuffle the cabinet.</p>
<p>&quot;The government is made up of people personally responsible for policies hostile to the population -- impoverishment and rip-off privatisation. We must suggest that the president reviews the cabinet line-up,&quot; Zyuganov told the lower house of parliament, the State Duma.</p>
<p>&quot;(Yeltsin) must form a government of true national interests.&quot;</p>
<p>Zyuganov was speaking after Prime Minister Viktor Chernomyrdin presented a report on Russia's economy in the first quarter in which he admitted that budget revenues had been below target and asked deputies to approve spending cuts.</p>
<p>&quot;We must recognise the work of the cabinet as unsatisfactory, noting that the under-achievement of the budget is a result of Yeltsin's vicious policy,&quot; said Zyuganov.</p>
<p>&quot;The president and his team bear the main responsibility for policies which have at their heart the disintegration of Russia and selling it off cheap,&quot; he added.</p>
</text>
<copyright>(c) Reuters Limited 1997</copyright>
<metadata>
<codes class="bip:countries:1.0">
  <code code="RUSS">
    <editdetail attribution="Reuters BIP Coding Group" action="confirmed" date="1997-05-21"/>
  </code>
</codes>
<codes class="bip:topics:1.0">
  <code code="GCAT">
    <editdetail attribution="Reuters BIP Coding Group" action="confirmed" date="1997-05-21"/>
  </code>
  <code code="GPOL">
    <editdetail attribution="Reuters BIP Coding Group" action="confirmed" date="1997-05-21"/>
  </code>
</codes>
<dc element="dc.date.created" value="1997-05-21"/>
<dc element="dc.publisher" value="Reuters Holdings Plc"/>
<dc element="dc.date.published" value="1997-05-21"/>
<dc element="dc.source" value="Reuters"/>
<dc element="dc.creator.location" value="MOSCOW"/>
<dc element="dc.creator.location.country.name" value="RUSSIA"/>
<dc element="dc.source" value="Reuters"/>
</metadata>
</newsitem>
