<?xml version="1.0" encoding="iso-8859-1" ?>
<newsitem itemid="600670" id="root" date="1997-05-21" xml:lang="en">
<title>JAPAN: Jidosha Kiki -96/97 parent results.</title>
<headline>Jidosha Kiki -96/97 parent results.</headline>
<dateline>TOKYO 1997-05-21</dateline>
<text>
<p>Year to March 31, 1997</p>
<p> (Parent)	(in billions of yen unless specified)</p>
<p> Sales		 71.96		vs	   72.27</p>
<p> Operating	    1.33		vs	    1.61</p>
<p> Current		1.11		vs	    1.64</p>
<p> Net		  731    million	  vs	  949    million</p>
<p> EPS		   10.98 yen	  vs	   14.26 yen</p>
<p> Diluted EPS	     -		vs		 -</p>
<p> Shares	     67 million	  vs	  67 million</p>
<p> Ord div		7.00 yen	  vs	    7.00 yen</p>
<p>NOTE - Jidosha Kiki Co Ltd is the largest domestic maker of power brakes.</p>
</text>
<copyright>(c) Reuters Limited 1997</copyright>
<metadata>
<codes class="bip:countries:1.0">
  <code code="JAP">
    <editdetail attribution="Reuters BIP Coding Group" action="confirmed" date="1997-05-21"/>
  </code>
</codes>
<codes class="bip:industries:1.0">
  <code code="I35300">
    <editdetail attribution="Reuters BIP Coding Group" action="confirmed" date="1997-05-21"/>
  </code>
</codes>
<codes class="bip:topics:1.0">
  <code code="C15">
    <editdetail attribution="Reuters BIP Coding Group" action="confirmed" date="1997-05-21"/>
  </code>
  <code code="C151">
    <editdetail attribution="Reuters BIP Coding Group" action="confirmed" date="1997-05-21"/>
  </code>
  <code code="C1511">
    <editdetail attribution="Reuters BIP Coding Group" action="confirmed" date="1997-05-21"/>
  </code>
  <code code="CCAT">
    <editdetail attribution="Reuters BIP Coding Group" action="confirmed" date="1997-05-21"/>
  </code>
</codes>
<dc element="dc.date.created" value="1997-05-21"/>
<dc element="dc.publisher" value="Reuters Holdings Plc"/>
<dc element="dc.date.published" value="1997-05-21"/>
<dc element="dc.source" value="Reuters"/>
<dc element="dc.creator.location" value="TOKYO"/>
<dc element="dc.creator.location.country.name" value="JAPAN"/>
<dc element="dc.source" value="Reuters"/>
</metadata>
</newsitem>
