<?xml version="1.0" encoding="iso-8859-1" ?>
<newsitem itemid="600615" id="root" date="1997-05-21" xml:lang="en">
<title>ZAIRE: FEATURE-Mediterranean merchants weather change in Zaire.</title>
<headline>FEATURE-Mediterranean merchants weather change in Zaire.</headline>
<byline>Jonathan Wright</byline>
<dateline>LUBUMBASHI, Zaire 1997-05-21</dateline>
<text>
<p>Political change in Africa can be trying, even for those hardy merchant adventurers who left their homes in the east Mediterranean to make their fortunes as shopkeepers in the heart of the continent.</p>
<p>Christos Hagigeorgiou, a Cypriot from the pretty and prosperous town of Paphos, should know. In 43 years in Zaire, he's upped stakes twice in response to political crises.</p>
<p>But this time, when Laurent Kabila's rebel forces swept through the southeastern mining city of Lubumbashi en route to final victory in Kinshasa, it was a different story.</p>
<p>&quot;We did close up shop for one afternoon but there wasn't any looting. What's really good news is that the dollar has gone down. That means our wage bill is lower and people have more money to spend,&quot; he told Reuters in the backroom of his thriving wholesale-retail business in Lubumbashi market.</p>
<p>Like the 200 Lebanese and 300 Greeks who call Lubumbashi home, Hagigeorgiou has learnt to go with the flow, keeping his eyes firmly fixed on the balance sheet and away from politics.</p>
<p>&quot;We always follow the authorities and accept everything they say. We pay all our taxes and customs,&quot; he said.</p>
<p>SOME PUT IN JAIL UNTIL THEY PAID THEIR TAXES</p>
<p>Some Lebanese in the central city of Mbuji-Mayi, the heart of the diamond mining industry and a magnet for smugglers, did run into trouble with the new authorities, but those in Lubumbashi have little sympathy for that bunch.</p>
<p>&quot;They produced bits of paper signed by generals and the sons of people close to president Mobutu (Sese Seko). Some of them spent a while in jail until they paid their taxes, then they left the country,&quot; said one Lebanese merchant.</p>
<p>Mobutu has fled into exile, yielding power to Kabila's Alliance of Democratic Forces, a movement which is trying to enforce higher standards in public life.</p>
<p>&quot;Bribes? That's something we were pretty well used to in the old days. Now it's all above board,&quot; said Hazaa Saad, a Shi'ite Moslem from south Lebanon.</p>
<p>In a sign of the times, an African workman is hastily changing the lettering in the name of his shop -- a large warehouse stacked with electronic goods, clothes and crockery.</p>
<p>SOZADIS (the Societe Zairoise de Distribution) has suddenly become SOCODIS (the Societe Congolaise de Distribution), in line with Kabila's decision to change the name of the country to the Democratic Republic of Congo.</p>
<p>Saad and his cousin, Mohamed Hamoud, smile wrily at the homage they are paying to political change.</p>
<p>TRADE GOING WELL</p>
<p>&quot;The important thing is that things have improved. Trade is going very well. Whenever there's a change from a dictator, it's bound to have a good effect on the people,&quot; said Saad.</p>
<p>Youssef Mustapha el-Ali, a Lebanese Shi'ite shopkeeper from the village of Hariss, said the advent of Kabila, besides bringing down the dollar, really had simplified dealings with the local administration.</p>
<p>&quot;In Mobutu's day, when you had a fee to pay, you went to some office in a back street and the money disappeared into somebody's pocket. Sometimes it was impossible to meet all the demands people made,&quot; he said. &quot;Now you just go to the bank and do it properly,&quot; he added.</p>
<p>Ali, whose small shop sells clothes, second-hand shoes, cassette tapes, cosmetics and other odds and ends, does have one chore to satisfy the new authorities. He is photocopying his passport to renew his residence permit, even though the old regime gave him one valid till 1999.</p>
<p>The Lebanese said none of those in Lubumbashi were thinking of leaving. &quot;Personally I hope to stay a long time. It's a good country, very rich. It could be the richest in Africa,&quot; said Lebanese Naji Fayad, who gave up a life in Canada four years ago to join his relatives in Africa.</p>
<p>&quot;I'm not going home now,&quot; said Hagigeorgiou. &quot;There's too much business. Anyway, when I go to Cyprus, I find all my friends have gone. Now I have all my friends here.&quot;</p>
</text>
<copyright>(c) Reuters Limited 1997</copyright>
<metadata>
<codes class="bip:countries:1.0">
  <code code="CYPR">
    <editdetail attribution="Reuters BIP Coding Group" action="confirmed" date="1997-05-21"/>
  </code>
  <code code="ZAIRE">
    <editdetail attribution="Reuters BIP Coding Group" action="confirmed" date="1997-05-21"/>
  </code>
</codes>
<codes class="bip:topics:1.0">
  <code code="GCAT">
    <editdetail attribution="Reuters BIP Coding Group" action="confirmed" date="1997-05-21"/>
  </code>
  <code code="GPOL">
    <editdetail attribution="Reuters BIP Coding Group" action="confirmed" date="1997-05-21"/>
  </code>
</codes>
<dc element="dc.date.created" value="1997-05-21"/>
<dc element="dc.publisher" value="Reuters Holdings Plc"/>
<dc element="dc.date.published" value="1997-05-21"/>
<dc element="dc.source" value="Reuters"/>
<dc element="dc.creator.location" value="LUBUMBASHI, Zaire"/>
<dc element="dc.creator.location.country.name" value="ZAIRE"/>
<dc element="dc.source" value="Reuters"/>
</metadata>
</newsitem>
