<?xml version="1.0" encoding="iso-8859-1" ?>
<newsitem itemid="600625" id="root" date="1997-05-21" xml:lang="en">
<title>RUSSIA: Gazprom share unification possible as prices merge.</title>
<headline>Gazprom share unification possible as prices merge.</headline>
<dateline>MOSCOW 1997-05-21</dateline>
<text>
<p>Domestic shares in Russian natural gas group Gazprom, which has a two-tier system for foreign and domestic shares, could eventually rise to the level of foreign traded shares, allowing Russia to consider uniting the two markets, a deputy fuel and energy minister said on Wednesday.</p>
<p>&quot;There is a lot of talk now about uniting the markets... but to unite these markets now would be harmful to Gazprom,&quot; Boris Brezdin told Reuters.</p>
<p>&quot;When the moment comes that Gazprom has sold its nine percent, and that will not happen quickly, the situation will change,&quot; he said. &quot;We will be able to look into the question of whether to open the market or not.&quot;</p>
<p>Brezdin, who is in charge of property issues for the ministry, including natural monopolies, said domestic shares would probably rise to the price level of foreign-traded shares after the sale of nine percent.</p>
<p>Gazprom and the state have limited foreign ownership in Gazprom to that stake.</p>
<p>&quot;When the nine percent is sold, the prices on the domestic market will grow, clearly with some fluctuations, but the internal price will rise,&quot; he said, hopefully to the level of the American Depositary Share, which trades abroad.</p>
<p>Gazprom has strongly defended the two-tier system of shares, by which American Depositary Shares, each covering 10 local shares, are traded on Western markets at a three-fold premium.</p>
<p>One percent of Gazprom shares are so far covered by the ADSs, which see wide price swings when rumours of share unification are heeded by the market.</p>
<p>Gazprom had risen to $0.616 at 1345 GMT on the Russian Trading System from $0.600 at the close on Tuesday, while the ADS in London had fallen to $18.30 from $18.80 on Tuesday.</p>
<p>--Peter Henderson, Moscow Newsroom, +7095 941 8520</p>
</text>
<copyright>(c) Reuters Limited 1997</copyright>
<metadata>
<codes class="bip:countries:1.0">
  <code code="RUSS">
    <editdetail attribution="Reuters BIP Coding Group" action="confirmed" date="1997-05-21"/>
  </code>
</codes>
<codes class="bip:industries:1.0">
  <code code="I13000">
    <editdetail attribution="Reuters BIP Coding Group" action="confirmed" date="1997-05-21"/>
  </code>
</codes>
<codes class="bip:topics:1.0">
  <code code="C17">
    <editdetail attribution="Reuters BIP Coding Group" action="confirmed" date="1997-05-21"/>
  </code>
  <code code="C171">
    <editdetail attribution="Reuters BIP Coding Group" action="confirmed" date="1997-05-21"/>
  </code>
  <code code="C18">
    <editdetail attribution="Reuters BIP Coding Group" action="confirmed" date="1997-05-21"/>
  </code>
  <code code="C183">
    <editdetail attribution="Reuters BIP Coding Group" action="confirmed" date="1997-05-21"/>
  </code>
  <code code="CCAT">
    <editdetail attribution="Reuters BIP Coding Group" action="confirmed" date="1997-05-21"/>
  </code>
</codes>
<dc element="dc.date.created" value="1997-05-21"/>
<dc element="dc.publisher" value="Reuters Holdings Plc"/>
<dc element="dc.date.published" value="1997-05-21"/>
<dc element="dc.source" value="Reuters"/>
<dc element="dc.creator.location" value="MOSCOW"/>
<dc element="dc.creator.location.country.name" value="RUSSIA"/>
<dc element="dc.source" value="Reuters"/>
</metadata>
</newsitem>
