<?xml version="1.0" encoding="iso-8859-1" ?>
<newsitem itemid="600689" id="root" date="1997-05-21" xml:lang="en">
<title>JAPAN: Jidosha Buhin - 96/97 parent results.</title>
<headline>Jidosha Buhin - 96/97 parent results.</headline>
<dateline>TOKYO 1997-05-21</dateline>
<text>
<p>Year to March 31, 1997</p>
<p> (Parent)	(in billions of yen unless specified)</p>
<p> Sales		 48.51		vs	   50.36</p>
<p> Operating	  612    mln	  vs	  564    million</p>
<p> Current	    635    mln	  vs	  515    million</p>
<p> Net		  130    mln	  vs	  162    million</p>
<p> EPS		    5.87 yen	  vs	    7.27 yen</p>
<p> Diluted EPS	     -		vs		 -</p>
<p> Shares	     22 million	  vs	  22 million</p>
<p> Ord div		3.00 yen	  vs	    3.00 yen</p>
<p>NOTE - Jidosha Buhin Kogyo Co Ltd manufactures automobile parts.</p>
</text>
<copyright>(c) Reuters Limited 1997</copyright>
<metadata>
<codes class="bip:countries:1.0">
  <code code="JAP">
    <editdetail attribution="Reuters BIP Coding Group" action="confirmed" date="1997-05-21"/>
  </code>
</codes>
<codes class="bip:industries:1.0">
  <code code="I35300">
    <editdetail attribution="Reuters BIP Coding Group" action="confirmed" date="1997-05-21"/>
  </code>
</codes>
<codes class="bip:topics:1.0">
  <code code="C15">
    <editdetail attribution="Reuters BIP Coding Group" action="confirmed" date="1997-05-21"/>
  </code>
  <code code="C151">
    <editdetail attribution="Reuters BIP Coding Group" action="confirmed" date="1997-05-21"/>
  </code>
  <code code="C1511">
    <editdetail attribution="Reuters BIP Coding Group" action="confirmed" date="1997-05-21"/>
  </code>
  <code code="CCAT">
    <editdetail attribution="Reuters BIP Coding Group" action="confirmed" date="1997-05-21"/>
  </code>
</codes>
<dc element="dc.date.created" value="1997-05-21"/>
<dc element="dc.publisher" value="Reuters Holdings Plc"/>
<dc element="dc.date.published" value="1997-05-21"/>
<dc element="dc.source" value="Reuters"/>
<dc element="dc.creator.location" value="TOKYO"/>
<dc element="dc.creator.location.country.name" value="JAPAN"/>
<dc element="dc.source" value="Reuters"/>
</metadata>
</newsitem>
