<?xml version="1.0" encoding="iso-8859-1" ?>
<newsitem itemid="600622" id="root" date="1997-05-21" xml:lang="en">
<title>CROATIA: Croatian journalists unhappy with media freedom.</title>
<headline>Croatian journalists unhappy with media freedom.</headline>
<byline>Laura Lui</byline>
<dateline>ZAGREB 1997-05-21</dateline>
<text>
<p>Most Croatian journalists are unhappy with the freedom of the media in their country and say they need a great deal of courage to be independent under political pressure, an independent poll showed on Wednesday.</p>
<p>&quot;Journalists are dissatisfied with the stagnation or even degradation of media freedom since the first multi-party elections (in 1990),&quot; the media and market research agency Pulse said in a press release.</p>
<p>The survey, carried out in April on 415 journalists from both state-run and independent media, showed some 72.5 percent described various political pressures as the biggest problem for Croatian journalists.</p>
<p>Some 65 percent thought the media were not free enough and 88.3 percent said journalists needed courage to stay professionally independent.</p>
<p>The majority of 21.7 percent of those happy with media freedom are members of the ruling Croatian Democratic Party (HDZ), older than 50, religious and have lower education.</p>
<p>Also, 48.1 percent of journalists believe domestic political editors have more of a political than a journalistic role, the poll showed.</p>
<p>Jagoda Vukusic, head of the Croatian Journalists' Association which ordered the survey, told reporters on Wednesday the first poll of its kind to be conducted in Croatia reflected the mood of journalists in the country.</p>
<p>&quot;Dissatisfaction does not change with their job status. Editors and commentators are equally unhappy with media freedom as their younger colleagues or freelancers,&quot; the Pulse release said.</p>
<p>Nenad Bulat, a Pulse employee, told a news conference: &quot;Only 23.7 percent think that the media are more free today than they were in 1989, which is a disastrous result.&quot;</p>
<p>The Croatian government has been criticised for its firm hold over the media and treatment of independent journalists.</p>
<p>The state has a monopoly over three main dailies, the television and the national radio, which are perceived as government mouthpieces.</p>
<p>Journalists working for satirical opposition weekly Feral Tribune have been continually fined for insulting high state officials.</p>
</text>
<copyright>(c) Reuters Limited 1997</copyright>
<metadata>
<codes class="bip:countries:1.0">
  <code code="CRTIA">
    <editdetail attribution="Reuters BIP Coding Group" action="confirmed" date="1997-05-21"/>
  </code>
</codes>
<codes class="bip:industries:1.0">
  <code code="I47510">
    <editdetail attribution="Reuters BIP Coding Group" action="confirmed" date="1997-05-21"/>
  </code>
</codes>
<codes class="bip:topics:1.0">
  <code code="C13">
    <editdetail attribution="Reuters BIP Coding Group" action="confirmed" date="1997-05-21"/>
  </code>
  <code code="CCAT">
    <editdetail attribution="Reuters BIP Coding Group" action="confirmed" date="1997-05-21"/>
  </code>
  <code code="GCAT">
    <editdetail attribution="Reuters BIP Coding Group" action="confirmed" date="1997-05-21"/>
  </code>
  <code code="GPOL">
    <editdetail attribution="Reuters BIP Coding Group" action="confirmed" date="1997-05-21"/>
  </code>
</codes>
<dc element="dc.date.created" value="1997-05-21"/>
<dc element="dc.publisher" value="Reuters Holdings Plc"/>
<dc element="dc.date.published" value="1997-05-21"/>
<dc element="dc.source" value="Reuters"/>
<dc element="dc.creator.location" value="ZAGREB"/>
<dc element="dc.creator.location.country.name" value="CROATIA"/>
<dc element="dc.source" value="Reuters"/>
</metadata>
</newsitem>
