<?xml version="1.0" encoding="iso-8859-1" ?>
<newsitem itemid="600684" id="root" date="1997-05-21" xml:lang="en">
<title>HONG KONG: Asian Sugar - US cane refiner meeting quiets market.</title>
<headline>Asian Sugar - US cane refiner meeting quiets market.</headline>
<dateline>HONG KONG 1997-05-21</dateline>
<text>
<p>Asian sugar markets will remain quiet this week with many participants sidelined by the U.S. Cane Sugar Refiners' Association annual dinner in New York on Wednesday, traders in Japan and Hong Kong said.</p>
<p>But the firmer London white sugar market may encourage China to accelerate its tolling, Tokyo traders said.</p>
<p>Thai raw sugar premiums for May/July delivery were almost unchanged from last week at 0.55/0.60 cents a pound (bid/offer) over New York's Coffee, Sugar and Cocoa Exchange (CSCE) May futures on a free-on-board (FOB) basis.</p>
<p>July/September deliveries were quoted at 0.47/0.57 cents.</p>
<p>&quot;Physical business may be quiet this week, as most players are gathering in New York,&quot; a sugar trader in Tokyo said.</p>
<p>Traders were still watching whether U.S. trade house Cargill would find buyers for Brazilian and Central American raw sugar, adding that it was trying to sell to Russian refiners.</p>
<p>Some traders cited talk that Cargill was pushing up the London white sugar market intentionally, which would benefit the Russian refiners.</p>
<p>&quot;They'll do what's necessary for their customers,&quot; another Tokyo-based trader said.</p>
<p>Last week, talk that Cargill would find buyers for more than 300,000 tonnes of Brazilian and Central American raw sugar may have underpinned positive sentiment in the New York sugar market, traders said.</p>
<p>Brazilian raw sugar was unlikely to head to Asia given adequate supplies from Thailand to markets like Japan, South Korea, Malaysia and tolling to China, Hong Kong traders said, noting that Brazilian sugar would be at a premium to Thai sugar.</p>
<p>&quot;China may boost their tolling business if the world white sugar market stays strong,&quot; another Japanese trader said. But domestic stock levels and local raw sugar prices indicated China was unlikely to buy raw sugar actively for a while, he said.</p>
<p>&quot;(Import) demand is very weak,&quot; said one senior China-based sugar trader. Other traders said import licences for domestic consumption had yet to be issued.</p>
<p>Prices within China were becoming skewed, traders said.</p>
<p>In south China, white sugar prices ex-factory were said stuck between 3,950 yuan ($476) and 4,000 yuan ($482) per tonne, largely unchanged from previous weeks, sources said.</p>
<p>But wholesale sugar prices in north China were heard inching up as stocks of fine-grained sugar and high-moisture sugar were depleted.</p>
<p>&quot;The price for high-moisture white sugar has come up in Beijing and Inner Mongolia to 4,350 yuan, while in Heilongjiang it has jumped to 4,400 yuan,&quot; a senior China-based source said.</p>
<p>North China sugar is largely derived from beet and earlier this year was priced at around 4,000 yuan per tonne, Hong Kong traders said.</p>
<p>In southern China's Yunnan province, where forward sugar contracts are informally traded, futures prices were softening, he noted.</p>
<p>&quot;It's very strange. Everybody thinks there are huge stocks and the price will dip,&quot; the source said.</p>
<p>The Yunnan exchange, although not formally called a futures market, offers local punters the possibility of trading contracts on futures months, with terms and conditions similar to a real futures market.</p>
<p>The jump in north China sugar prices and the dip in Yunnan futures could not immediately be confirmed.</p>
<p>The output of cane sugar in Yunnan reached a record 1.06 million tonnes in the last pressing season from December 1996 to April 1997, China's Xinhua news agency said last week.</p>
<p>(US$1 = 8.2924 yuan)</p>
<p>-- Eiichiro Tokumoto in Tokyo (813) 3432 7391</p>
<p>-- Mishi Saran in Hong Kong (852) 2843 6358</p>
</text>
<copyright>(c) Reuters Limited 1997</copyright>
<metadata>
<codes class="bip:countries:1.0">
  <code code="CHINA">
    <editdetail attribution="Reuters BIP Coding Group" action="confirmed" date="1997-05-21"/>
  </code>
  <code code="HKONG">
    <editdetail attribution="Reuters BIP Coding Group" action="confirmed" date="1997-05-21"/>
  </code>
  <code code="JAP">
    <editdetail attribution="Reuters BIP Coding Group" action="confirmed" date="1997-05-21"/>
  </code>
</codes>
<codes class="bip:topics:1.0">
  <code code="M14">
    <editdetail attribution="Reuters BIP Coding Group" action="confirmed" date="1997-05-21"/>
  </code>
  <code code="M141">
    <editdetail attribution="Reuters BIP Coding Group" action="confirmed" date="1997-05-21"/>
  </code>
  <code code="MCAT">
    <editdetail attribution="Reuters BIP Coding Group" action="confirmed" date="1997-05-21"/>
  </code>
</codes>
<dc element="dc.date.created" value="1997-05-21"/>
<dc element="dc.publisher" value="Reuters Holdings Plc"/>
<dc element="dc.date.published" value="1997-05-21"/>
<dc element="dc.source" value="Reuters"/>
<dc element="dc.creator.location" value="HONG KONG"/>
<dc element="dc.creator.location.country.name" value="HONG KONG"/>
<dc element="dc.source" value="Reuters"/>
</metadata>
</newsitem>
