<?xml version="1.0" encoding="iso-8859-1" ?>
<newsitem itemid="600662" id="root" date="1997-05-21" xml:lang="en">
<title>HONG KONG: HK signs WTO deal on goods, services procurement.</title>
<headline>HK signs WTO deal on goods, services procurement.</headline>
<dateline>HONG KONG 1997-05-21</dateline>
<text>
<p>The Hong Kong government said on Wednesday it has signed a World Trade Organisation agreement on government procurement of goods and services.</p>
<p>The Agreement on Government Procurement (GPA) was signed on Tuesday and takes effect on June 19, the government said in a statement.</p>
<p>The agreement sets out rules on tendering procedures, technical specifications and challenge procedures, and ensures foreign products and suppliers can compete on a level playing field, it said.</p>
<p>Hong Kong's bid to join the GPA was unanimously agreed by signatories to the agreement on December 5, it said.</p>
<p>&quot;We were given a six-month period to align our domestic procedures with the provisions of the agreement. We have now completed the alignment process, and are ready to participate,&quot; the statement said.</p>
<p>&quot;Joining the GPA will enhance confidence in our procurement regime and improve access of our goods and services to the government procurement markets of other World Trade Organisation GPA signatories.&quot;</p>
<p>Apart from government departments, statutory bodies such as the Hospital Authority, Airport Authority and Mass Transit Railway Corporation are subject to rules of the agreement.</p>
<p>Other signatories to the agreement are Canada, the European Community, Israel, Aruba in the Caribbean, Japan, South Korea, Norway, Switzerland and the United States.</p>
<p>Hong Kong, a British colony of over 150 years, reverts to Chinese rule on July 1, and the GPA agreement will hold good after the handover, a government spokeswoman said.</p>
<p>&quot;This agreement will hold good after the handover,&quot; she said, adding it did not need to be confirmed by the Sino-British Joint Liaison Group (JLG), a body handling details of Hong Kong's transition.</p>
<p>&quot;The agreement does not need ratification by the JLG because Hong Kong has economic autonomy to sign this agreement,&quot; she said.</p>
<p>China has been keen to join the WTO. Some diplomats expect it could be admitted next year if other members are satisfied with measures to open up Chinese markets.</p>
</text>
<copyright>(c) Reuters Limited 1997</copyright>
<metadata>
<codes class="bip:countries:1.0">
  <code code="HKONG">
    <editdetail attribution="Reuters BIP Coding Group" action="confirmed" date="1997-05-21"/>
  </code>
</codes>
<codes class="bip:topics:1.0">
  <code code="E51">
    <editdetail attribution="Reuters BIP Coding Group" action="confirmed" date="1997-05-21"/>
  </code>
  <code code="E511">
    <editdetail attribution="Reuters BIP Coding Group" action="confirmed" date="1997-05-21"/>
  </code>
  <code code="E512">
    <editdetail attribution="Reuters BIP Coding Group" action="confirmed" date="1997-05-21"/>
  </code>
  <code code="ECAT">
    <editdetail attribution="Reuters BIP Coding Group" action="confirmed" date="1997-05-21"/>
  </code>
</codes>
<dc element="dc.date.created" value="1997-05-21"/>
<dc element="dc.publisher" value="Reuters Holdings Plc"/>
<dc element="dc.date.published" value="1997-05-21"/>
<dc element="dc.source" value="Reuters"/>
<dc element="dc.creator.location" value="HONG KONG"/>
<dc element="dc.creator.location.country.name" value="HONG KONG"/>
<dc element="dc.source" value="Reuters"/>
</metadata>
</newsitem>
