<?xml version="1.0" encoding="iso-8859-1" ?>
<newsitem itemid="600635" id="root" date="1997-05-21" xml:lang="en">
<title>MEXICO: Televisa shares rise sharply on new plan.</title>
<headline>Televisa shares rise sharply on new plan.</headline>
<dateline>MEXICO CITY 1997-05-21</dateline>
<text>
<p>Shares of Mexican media giant Grupo Televisa SA de CV rose sharply early on Wednesday after the announcement of cost-cutting plans by the company.</p>
<p>&quot;We saw this coming for the last few days, and it looks like it should be good for the company,&quot; said one stock trader.</p>
<p>The company's CPO rose sharply, and by mid-morning was trading 4.3 percent higher at 105.0 pesos.</p>
<p>In New York, the ADRs rose 1-3/8 to 26-7/8 dollars.</p>
<p>Televisa said it plans to cut costs by $270 million over the next three years and reduce its current total debt level of $988 million by $100 million.</p>
<p>The company said that through a combination of the strengthening Mexican economy, cost cutting measures and efforts to increase revenues, it expected cash flow margins to exceed 25 percent.</p>
<p>((--Mexico City newsroom +525 728 7902))</p>
</text>
<copyright>(c) Reuters Limited 1997</copyright>
<metadata>
<codes class="bip:countries:1.0">
  <code code="MEX">
    <editdetail attribution="Reuters BIP Coding Group" action="confirmed" date="1997-05-21"/>
  </code>
</codes>
<codes class="bip:topics:1.0">
  <code code="C152">
    <editdetail attribution="Reuters BIP Coding Group" action="confirmed" date="1997-05-21"/>
  </code>
</codes>
<dc element="dc.date.created" value="1997-05-21"/>
<dc element="dc.publisher" value="Reuters Holdings Plc"/>
<dc element="dc.date.published" value="1997-05-21"/>
<dc element="dc.source" value="Reuters"/>
<dc element="dc.creator.location" value="MEXICO CITY"/>
<dc element="dc.creator.location.country.name" value="MEXICO"/>
<dc element="dc.source" value="Reuters"/>
</metadata>
</newsitem>
