<?xml version="1.0" encoding="iso-8859-1" ?>
<newsitem itemid="600762" id="root" date="1997-05-21" xml:lang="en">
<title>USA: FEATURE - U.S. insurers could be a casualty in tobacco wars.</title>
<headline>FEATURE - U.S. insurers could be a casualty in tobacco wars.</headline>
<byline>Patricia Vowinkel</byline>
<dateline>NEW YORK 1997-05-21</dateline>
<text>
<p>The U.S. insurance industry is growing increasingly worried that it could be among the casualties if tobacco companies begin to suffer costly losses in their legal battles.</p>
<p>&quot;I think it's like an inching toward the realisation that there's some potential (for losses),&quot; an industry source said.</p>
<p>Part of the reason is that tobacco settlement negotiations and smoking-related lawsuits may help push the insurance industry's day of reckoning a little closer, he said.</p>
<p>&quot;That would quicken the pace that the insurance industry would have to respond to this kind of issue,&quot; he said.</p>
<p>Most in the industry still believe the chances of a major insured loss is slim, but the stakes are so high and the future so unpredictable that the threat is hard to ignore.</p>
<p>One industry watchdog voiced concern this month that insurers could be forced to participate in any negotiated settlement between the government and the tobacco industry.</p>
<p>The tobacco industry is in the midst of talks with state attorneys general about a settlement to litigation that reports say could reach $300 billion over 25 years.</p>
<p>&quot;If you presume the insurance industry's share of this $300 billion is just five percent, that would be $15 billion,&quot; Standard &amp; Poor's managing director Alan Levin said.</p>
<p>TOBACCO COMPANIES COULD SUE INSURERS FOR COVERAGE</p>
<p>Other industry experts said they believe it may just be a matter of time before tobacco companies begin to sue their insurers for coverage.</p>
<p>&quot;At some point in time, when the pain levels hits the right threshold, they're going to start to lean on their insurers,&quot; said Michael Flaharty, a New York-based partner in Coopers &amp; Lybrand's national claims consulting practice.</p>
<p>Some policyholders have already given their insurers notice that they want to preserve their right to request coverage in the future, he said.</p>
<p>In March, Louisiana's attorney general named more than 100 insurers as defendants in a lawsuit seeking to recover medical costs.</p>
<p>Insurers argue that policies sold to tobacco companies after the mid-1960s specifically exclude payment for losses related to the harmful effects of smoking.</p>
<p>&quot;Based on discussions with numerous officials in the industry, it appears that the policies that insurers have written over the last 30-plus years have contained an absolute exclusion for tobacco liability,&quot; Levin said.</p>
<p>&quot;Thus, insurers' direct liability on those policies from the manufacturers of tobacco products is likely to be very slight,&quot; he said.</p>
<p>But insurers cannot be sure those exclusions will hold up in court, others said.</p>
<p>INSURERS HAD TO PAY OUT ON SOME ASBESTOS CLAIMS</p>
<p>Insurers were forced to pay out on some policies that contained similar asbestos exclusions, Flaharty said.</p>
<p>&quot;For years there have been specific exclusions to asbestos and hazardous waste,&quot; Flaharty said. &quot;And yet, insureds will make the claim.</p>
<p>&quot;At the very least, the insurance industry is going to have to defend its position, which in the case of anything that's a mass tort, it's an expensive proposition,&quot; he said.</p>
<p>Insurers are also likely to face claims from policyholders who worked with the tobacco industry to produce and sell cigarettes, such as paper manufacturers and advertisers. Policies sold to those parties do not contain tobacco exclusions.</p>
<p>However, in a recent survey of chief financial officers of property-casualty insurance companies, most expressed little concern that mass torts such as tobacco will impose costs on the industry of the magnitude of asbestos and pollution.</p>
<p>But tobacco was singled out as having the most potential to emerge as a significant mass tort liability for the industry in the future, according to the survey, released by the American Academy of Actuaries in March.</p>
<p>UNPREDICTABILITY OF COURTS MAKES SOME NERVOUS</p>
<p>Few chief financial officers believe tobacco will be significant for their company.</p>
<p>But the potential magnitude of the tobacco industry's losses and the unpredictability of the U.S. courts is enough to make some corners of the insurance industry a little nervous.</p>
<p>&quot;It's an issue that's being watched very carefully,&quot; Salomon Brothers analyst Michael Smith said.</p>
<p>&quot;I think the concern lies with what might happen in the courts,&quot; he said. &quot;If court decisions start breaking in the wrong way then it becomes a problem,&quot; he said.</p>
<p>Industry sources said it was still too early to know how much those losses eventually could be.</p>
<p>&quot;What is it? Who knows. It could be the moon or it could be a big fizzle,&quot; Flaharty said.</p>
<p>&quot;I don't think anyone thinks it's a fizzle. I think that somewhere along the line that the insurers are going to be hit with something,&quot; he said.</p>
<p>That concern has prompted some big insurers to begin taking steps to assess how large their losses could be in a worst-case scenario.</p>
<p>They are scouring records to identify tobacco industry clients and reviewing the language of old policies as they closely monitor the twists and turns in the latest tobacco court cases.</p>
<p>But few insurers, if any, established separate reserves to pay for tobacco-related losses because they are still too hard to quantify, industry sources said.</p>
<p>RATING AGENCIES INCREASE SCRUTINY</p>
<p>Concern about the potential for losses also has prompted insurance rating agencies to increase their scrutiny of insurers.</p>
<p>Rating agencies such as A.M. Best and Standard &amp; Poor's, which monitor the financial strength of insurance companies, said they are now asking insurers whether they are involved in any litigation, whether they have received claims notification and whether they have established reserves for tobacco losses.</p>
<p>&quot;As a matter of course, we've heightened our scrutiny, because a wrong court ruling can take an innocuous exposure and turn it into a major payout for the industry,&quot; said Eric Simpson, senior vice president in A.M. Best's property casualty division.</p>
<p>&quot;We have a heightened degree of sensitivity and awareness, having been through this with the asbestos and pollution, but it's very early to tell what impact, if any, there will be on the insurance industry,&quot; he said.</p>
<p>Although Standard &amp; Poor's said it believed insurers have little liability from the policies they have written over the years, it said it was possible many insurers may be brought into any negotiated or legislated settlement.</p>
<p>&quot;The experience of the last several years with environmental liabilities has convinced us that in a politically negotiated or legislated settlement, there is a distinct possiblity that the insurance industry will be expected to contribute what might be viewed as 'their fair share' of any such settlement,&quot; Levin said.</p>
<p>&quot;Since the size of the fund which may be required to complete any such settlement is so large, even attaching a low probability to the insurance industry's participation in such a fund results in a significant event for the industry,&quot; he said.</p>
</text>
<copyright>(c) Reuters Limited 1997</copyright>
<metadata>
<codes class="bip:countries:1.0">
  <code code="USA">
    <editdetail attribution="Reuters BIP Coding Group" action="confirmed" date="1997-05-21"/>
  </code>
</codes>
<codes class="bip:industries:1.0">
  <code code="I42900">
    <editdetail attribution="Reuters BIP Coding Group" action="confirmed" date="1997-05-21"/>
  </code>
  <code code="I82000">
    <editdetail attribution="Reuters BIP Coding Group" action="confirmed" date="1997-05-21"/>
  </code>
</codes>
<codes class="bip:topics:1.0">
  <code code="C12">
    <editdetail attribution="Reuters BIP Coding Group" action="confirmed" date="1997-05-21"/>
  </code>
  <code code="CCAT">
    <editdetail attribution="Reuters BIP Coding Group" action="confirmed" date="1997-05-21"/>
  </code>
  <code code="GCAT">
    <editdetail attribution="Reuters BIP Coding Group" action="confirmed" date="1997-05-21"/>
  </code>
  <code code="GCRIM">
    <editdetail attribution="Reuters BIP Coding Group" action="confirmed" date="1997-05-21"/>
  </code>
  <code code="GHEA">
    <editdetail attribution="Reuters BIP Coding Group" action="confirmed" date="1997-05-21"/>
  </code>
</codes>
<dc element="dc.date.created" value="1997-05-21"/>
<dc element="dc.publisher" value="Reuters Holdings Plc"/>
<dc element="dc.date.published" value="1997-05-21"/>
<dc element="dc.source" value="Reuters"/>
<dc element="dc.creator.location" value="NEW YORK"/>
<dc element="dc.creator.location.country.name" value="USA"/>
<dc element="dc.source" value="Reuters"/>
</metadata>
</newsitem>
