<?xml version="1.0" encoding="iso-8859-1" ?>
<newsitem itemid="600700" id="root" date="1997-05-21" xml:lang="en">
<title>JAPAN: Yamaha Motor - 96/97 parent results.</title>
<headline>Yamaha Motor - 96/97 parent results.</headline>
<dateline>TOKYO 1997-05-21</dateline>
<text>
<p>Year to March 31, 1997</p>
<p> (Parent)	(in billions of yen unless specified)</p>
<p> Sales		513.71		vs	  468.38</p>
<p> Operating	   17.11		vs	   10.28</p>
<p> Current	     12.10		vs	    5.70</p>
<p> Net		    3.74		vs	    2.62</p>
<p> EPS		   16.23 yen	  vs	   11.37 yen</p>
<p> Diluted EPS	 15.41 yen	  vs		 -</p>
<p> Shares	    230 million	  vs	 230 million</p>
<p> Ord div		7.00 yen	  vs	    6.00 yen</p>
<p>NOTE - Yamaha Motor Co Ltd is a leading motorcycle maker.</p>
</text>
<copyright>(c) Reuters Limited 1997</copyright>
<metadata>
<codes class="bip:countries:1.0">
  <code code="JAP">
    <editdetail attribution="Reuters BIP Coding Group" action="confirmed" date="1997-05-21"/>
  </code>
</codes>
<codes class="bip:industries:1.0">
  <code code="I35101">
    <editdetail attribution="Reuters BIP Coding Group" action="confirmed" date="1997-05-21"/>
  </code>
</codes>
<codes class="bip:topics:1.0">
  <code code="C15">
    <editdetail attribution="Reuters BIP Coding Group" action="confirmed" date="1997-05-21"/>
  </code>
  <code code="C151">
    <editdetail attribution="Reuters BIP Coding Group" action="confirmed" date="1997-05-21"/>
  </code>
  <code code="C1511">
    <editdetail attribution="Reuters BIP Coding Group" action="confirmed" date="1997-05-21"/>
  </code>
  <code code="CCAT">
    <editdetail attribution="Reuters BIP Coding Group" action="confirmed" date="1997-05-21"/>
  </code>
</codes>
<dc element="dc.date.created" value="1997-05-21"/>
<dc element="dc.publisher" value="Reuters Holdings Plc"/>
<dc element="dc.date.published" value="1997-05-21"/>
<dc element="dc.source" value="Reuters"/>
<dc element="dc.creator.location" value="TOKYO"/>
<dc element="dc.creator.location.country.name" value="JAPAN"/>
<dc element="dc.source" value="Reuters"/>
</metadata>
</newsitem>
