<?xml version="1.0" encoding="iso-8859-1" ?>
<newsitem itemid="600714" id="root" date="1997-05-21" xml:lang="en">
<title>JAPAN: Daihatsu -97/98 parent forecast.</title>
<headline>Daihatsu -97/98 parent forecast.</headline>
<dateline>TOKYO 1997-05-21</dateline>
<text>
<p>Year to March 31, 1998</p>
<p>		   (in billions of yen unless specified)</p>
<p>			   LATEST	    ACTUAL</p>
<p> (Parent)	     FORECAST	  YEAR-AGO</p>
<p> Sales		830.00	     787.54</p>
<p> Current	     20.00		19.39</p>
<p> Net		    7.00		 6.39</p>
<p> EPS		   16.38 yen	  14.95 yen</p>
<p> Ord div		5.00 yen	   3.00 yen</p>
<p> -Commem div	     -		 1.00 yen</p>
<p> -Special div	    -		 0.50 yen</p>
<p>NOTE - Daihatsu Motor Co Ltd is a car manufacturer belonging to the Toyota Motor group.</p>
</text>
<copyright>(c) Reuters Limited 1997</copyright>
<metadata>
<codes class="bip:countries:1.0">
  <code code="JAP">
    <editdetail attribution="Reuters BIP Coding Group" action="confirmed" date="1997-05-21"/>
  </code>
</codes>
<codes class="bip:topics:1.0">
  <code code="C152">
    <editdetail attribution="Reuters BIP Coding Group" action="confirmed" date="1997-05-21"/>
  </code>
</codes>
<dc element="dc.date.created" value="1997-05-21"/>
<dc element="dc.publisher" value="Reuters Holdings Plc"/>
<dc element="dc.date.published" value="1997-05-21"/>
<dc element="dc.source" value="Reuters"/>
<dc element="dc.creator.location" value="TOKYO"/>
<dc element="dc.creator.location.country.name" value="JAPAN"/>
<dc element="dc.source" value="Reuters"/>
</metadata>
</newsitem>
