<?xml version="1.0" encoding="iso-8859-1" ?>
<newsitem itemid="600751" id="root" date="1997-05-21" xml:lang="en">
<title>USA: Hormel cuts output at three pork plants.</title>
<headline>Hormel cuts output at three pork plants.</headline>
<dateline>AUSTIN, Minn. 1997-05-21</dateline>
<text>
<p>Hormel Foods Corp said Wednesday it scaled back operations at three pork slaughtering plants due to poor market conditions that have affected pork processors industrywide.</p>
<p>Hormel's Fremont, Neb., and Rochelle, Ill., plants and its leased facility, Quality Pork Processors in Austin, are affected.</p>
<p>&quot;We have slowed down chain speeds at all three of our pork slaughtering plants in response to the significant decline in hog numbers,&quot; V. Allan Krejci, director of public relations, said in a statement.</p>
</text>
<copyright>(c) Reuters Limited 1997</copyright>
<metadata>
<codes class="bip:countries:1.0">
  <code code="USA">
    <editdetail attribution="Reuters BIP Coding Group" action="confirmed" date="1997-05-21"/>
  </code>
</codes>
<codes class="bip:industries:1.0">
  <code code="I41000">
    <editdetail attribution="Reuters BIP Coding Group" action="confirmed" date="1997-05-21"/>
  </code>
</codes>
<codes class="bip:topics:1.0">
  <code code="C21">
    <editdetail attribution="Reuters BIP Coding Group" action="confirmed" date="1997-05-21"/>
  </code>
  <code code="CCAT">
    <editdetail attribution="Reuters BIP Coding Group" action="confirmed" date="1997-05-21"/>
  </code>
</codes>
<dc element="dc.date.created" value="1997-05-21"/>
<dc element="dc.publisher" value="Reuters Holdings Plc"/>
<dc element="dc.date.published" value="1997-05-21"/>
<dc element="dc.source" value="Reuters"/>
<dc element="dc.creator.location" value="AUSTIN, Minn."/>
<dc element="dc.creator.location.country.name" value="USA"/>
<dc element="dc.source" value="Reuters"/>
</metadata>
</newsitem>
