<?xml version="1.0" encoding="iso-8859-1" ?>
<newsitem itemid="600754" id="root" date="1997-05-21" xml:lang="en">
<title>USA: Matav-Cable Systems Media Ltd Q1 shr rises.</title>
<headline>Matav-Cable Systems Media Ltd Q1 shr rises.</headline>
<dateline>NEW YORK 1997-05-21</dateline>
<text>
<p>(in thousands, except per share data)</p>
<p>								  Convenience</p>
<p>			     March 1997 Adjusted NIS    Translation</p>
<p>				 Three Months Ended	    into US$</p>
<p>				    3/31/97	3/31/96	3/31/97</p>
<p> Revenues			   82,957	73,104	 24,682</p>
<p> Operating expenses	     45,730  (a) 43,794	 13,606</p>
<p> Gross profit		     37,227	29,310	 11,076</p>
<p> Operating income		 28,539	20,587	  8,491</p>
<p> Net income			 17,022	 8,864	  5,065</p>
<p> Net income per share	     0.63	  0.40	   0.19</p>
<p> Net income per ADS		 1.26	  0.80	   0.37</p>
<p>Weighted average number of shares</p>
<p>    outstanding in thousands  27,022	21,622	 27,022</p>
<p>Weighted average number of ADS's</p>
<p>    outstanding in thousands  13,511	10,811	 13,511</p>
<p> Memo: EBITDA		     46,148	37,089	 13,730</p>
<p>NOTE - (a) reclassified</p>
<p>Q1 1996 per ADS shr was $0.24</p>
<p>((-- New York Newsdesk 212-859-1610))</p>
</text>
<copyright>(c) Reuters Limited 1997</copyright>
<metadata>
<codes class="bip:countries:1.0">
  <code code="USA">
    <editdetail attribution="Reuters BIP Coding Group" action="confirmed" date="1997-05-21"/>
  </code>
</codes>
<codes class="bip:topics:1.0">
  <code code="C32">
    <editdetail attribution="Reuters BIP Coding Group" action="confirmed" date="1997-05-21"/>
  </code>
</codes>
<dc element="dc.date.created" value="1997-05-21"/>
<dc element="dc.publisher" value="Reuters Holdings Plc"/>
<dc element="dc.date.published" value="1997-05-21"/>
<dc element="dc.source" value="Reuters"/>
<dc element="dc.creator.location" value="NEW YORK"/>
<dc element="dc.creator.location.country.name" value="USA"/>
<dc element="dc.source" value="Reuters"/>
</metadata>
</newsitem>
