<?xml version="1.0" encoding="iso-8859-1" ?>
<newsitem itemid="600710" id="root" date="1997-05-21" xml:lang="en">
<title>JAPAN: Keihin - 96/97 parent results.</title>
<headline>Keihin - 96/97 parent results.</headline>
<dateline>TOKYO 1997-05-21</dateline>
<text>
<p>Year to March 31, 1997</p>
<p> (Parent)	(in billions of yen unless specified)</p>
<p> Sales		 56.88		vs	   51.85</p>
<p> Operating	    2.15		vs	    1.64</p>
<p> Current		2.41		vs	    1.83</p>
<p> Net		    1.58		vs	  996    million</p>
<p> EPS		   47.49 yen	  vs	   29.99 yen</p>
<p> Diluted EPS	     -		vs		 -</p>
<p> Shares	     33 million	  vs	  33 million</p>
<p> Ord div		8.00 yen	  vs	    6.00 yen</p>
<p> -Commem div	  1.50 yen	  vs		 -</p>
<p> -Special div	    -		vs	    2.50 yen</p>
<p>NOTE - Keihin Co Ltd is a carburetor manufacturer affiliated with Honda Motor Co Ltd.</p>
</text>
<copyright>(c) Reuters Limited 1997</copyright>
<metadata>
<codes class="bip:countries:1.0">
  <code code="JAP">
    <editdetail attribution="Reuters BIP Coding Group" action="confirmed" date="1997-05-21"/>
  </code>
</codes>
<codes class="bip:industries:1.0">
  <code code="I35300">
    <editdetail attribution="Reuters BIP Coding Group" action="confirmed" date="1997-05-21"/>
  </code>
</codes>
<codes class="bip:topics:1.0">
  <code code="C15">
    <editdetail attribution="Reuters BIP Coding Group" action="confirmed" date="1997-05-21"/>
  </code>
  <code code="C151">
    <editdetail attribution="Reuters BIP Coding Group" action="confirmed" date="1997-05-21"/>
  </code>
  <code code="C1511">
    <editdetail attribution="Reuters BIP Coding Group" action="confirmed" date="1997-05-21"/>
  </code>
  <code code="CCAT">
    <editdetail attribution="Reuters BIP Coding Group" action="confirmed" date="1997-05-21"/>
  </code>
</codes>
<dc element="dc.date.created" value="1997-05-21"/>
<dc element="dc.publisher" value="Reuters Holdings Plc"/>
<dc element="dc.date.published" value="1997-05-21"/>
<dc element="dc.source" value="Reuters"/>
<dc element="dc.creator.location" value="TOKYO"/>
<dc element="dc.creator.location.country.name" value="JAPAN"/>
<dc element="dc.source" value="Reuters"/>
</metadata>
</newsitem>
