<?xml version="1.0" encoding="iso-8859-1" ?>
<newsitem itemid="600757" id="root" date="1997-05-21" xml:lang="en">
<title>USA: Delgratia chairman blames lab on test - WSJ.</title>
<headline>Delgratia chairman blames lab on test - WSJ.</headline>
<dateline>NEW YORK 1997-05-21</dateline>
<text>
<p>Delgratia Mining Corp. Chairman and President Charles Ager said independent engineers have determined an outside testing laboratory was involved in falsifying data from its Nevada mineral property, the Wall Street Journal said.</p>
<p>In Wednesday's electronic edition, the paper said that data made Delgratia's Nevada property appear to be rich with gold.</p>
<p>&quot;Falsification of data was done in the lab,&quot; Ager told the Journal. He declined to provide more details.</p>
<p>This week, the Vancouver-based company said it contained &quot;insignificant&quot; amounts of gold. Delgratia's stock remained halted on Tuesday.</p>
<p>Energy International of Phoenix was previously named as a lab that participated in Delgratia's analysis of rock samples taken from the Josh property in Nevada.</p>
<p>Robert Gunnison, who operates Energy International, told the Journal that although his company did some work on those samples, it did not assay them. Assaying involves extracting minerals from rock samples to determine the mineral grade.</p>
<p>Gunnison said other labs also were used by Delgratia. He declined to comment further.</p>
</text>
<copyright>(c) Reuters Limited 1997</copyright>
<metadata>
<codes class="bip:countries:1.0">
  <code code="USA">
    <editdetail attribution="Reuters BIP Coding Group" action="confirmed" date="1997-05-21"/>
  </code>
</codes>
<codes class="bip:topics:1.0">
  <code code="C12">
    <editdetail attribution="Reuters BIP Coding Group" action="confirmed" date="1997-05-21"/>
  </code>
</codes>
<dc element="dc.date.created" value="1997-05-21"/>
<dc element="dc.publisher" value="Reuters Holdings Plc"/>
<dc element="dc.date.published" value="1997-05-21"/>
<dc element="dc.source" value="Reuters"/>
<dc element="dc.creator.location" value="NEW YORK"/>
<dc element="dc.creator.location.country.name" value="USA"/>
<dc element="dc.source" value="Reuters"/>
</metadata>
</newsitem>
