<?xml version="1.0" encoding="iso-8859-1" ?>
<newsitem itemid="600790" id="root" date="1997-05-21" xml:lang="en">
<title>AUSTRIA: V&amp;N Waermetechnik sees higher 97 earnings.</title>
<headline>V&amp;N Waermetechnik sees higher 97 earnings.</headline>
<dateline>VIENNA 1997-05-21</dateline>
<text>
<p>Austrian heating equipment maker Vogel &amp; Noot Waermetechnik AG said on Wednesday it expected to post higher group sales and earnings in 1997.</p>
<p>Board member Rudolf Jurak told journalists he expects the company to post a pretax profit of around 130 million schillings after 120.5 million in 1996, while sales are seen climbing to 1.95 billion from 1.84 billion in 1996.</p>
<p>Depreciation would come in around 20 million schillings higher than that last year, while cash flow is forecast at 270 million this year after 251 million in 1996, Jurak said. -- Vienna newsroom, +431 531 12256</p>
</text>
<copyright>(c) Reuters Limited 1997</copyright>
<metadata>
<codes class="bip:countries:1.0">
  <code code="AUST">
    <editdetail attribution="Reuters BIP Coding Group" action="confirmed" date="1997-05-21"/>
  </code>
</codes>
<codes class="bip:topics:1.0">
  <code code="C152">
    <editdetail attribution="Reuters BIP Coding Group" action="confirmed" date="1997-05-21"/>
  </code>
</codes>
<dc element="dc.date.created" value="1997-05-21"/>
<dc element="dc.publisher" value="Reuters Holdings Plc"/>
<dc element="dc.date.published" value="1997-05-21"/>
<dc element="dc.source" value="Reuters"/>
<dc element="dc.creator.location" value="VIENNA"/>
<dc element="dc.creator.location.country.name" value="AUSTRIA"/>
<dc element="dc.source" value="Reuters"/>
</metadata>
</newsitem>
