<?xml version="1.0" encoding="iso-8859-1" ?>
<newsitem itemid="600706" id="root" date="1997-05-21" xml:lang="en">
<title>SOUTH KOREA: S.Korea seen hiking liquor tax to satisfy EU.</title>
<headline>S.Korea seen hiking liquor tax to satisfy EU.</headline>
<byline>Jean Yoon</byline>
<dateline>SEOUL 1997-05-21</dateline>
<text>
<p>South Korea is expected to raise its tax on a popular traditional liquor to head off a fight with Europe over the wide gap between tax rates on domestic and imported liquors, analysts said on Wednesday.</p>
<p>&quot;A concession from the South Korean government appears unavoidable since the European Union has taken the issue to the WTO,&quot; said Han Young-hye, an analyst at ING-Baring Securities.</p>
<p>The EU filed an action with the World Trade Organisation (WTO) in April, requesting consultations over what it said was South Korea's discriminatory tax regime on liquors. The consultations are set to start in Geneva on May 29.</p>
<p>South Korea currently levies a 35 percent tax on the local soju liquor and a 100 percent tax on whisky.</p>
<p>Han said the Korean government would raise the soju tax, probably to about 70 percent, rather than lower its whisky tax because it would not want to reduce tax revenues.</p>
<p>Sung Myung-jae, research fellow at the Korea Institute of Public Finance, said South Korea's tax rate on soju was too low.</p>
<p>&quot;The whisky tax rate should be kept at a minimum of 100 percent but the soju tax rate should be raised to 62.5 percent,&quot; Sung said.</p>
<p>A Trade Ministry official said the South Korean government would not discuss its response to the EU prior to the talks.</p>
<p>Soju producers were outraged at the thought of a tax hike.</p>
<p>&quot;You can't put soju and whisky in the same category,&quot; said an official at the Korea Alcohol and Liquor Association. &quot;Their prices, quality and consumer groups are very different.&quot;</p>
<p>A soju producer group argued that soju was cheaper, had an alcohol strength of 25 percent and targeted lower income groups, while whisky was more expensive, had an alcohol content of 40 percent and was favoured by higher income consumers.</p>
<p>&quot;If the soju tax rate is increased, it would put a heavy burden on local soju companies,&quot; the statement said.</p>
<p>Analysts said soju sales would decline if the tax increased.</p>
<p>Koreans drank about 774 million litres of soju last year, according to the liquor association, which said consumption had been flat in recent years.</p>
<p>The EU delegation in Seoul said it was seeking a balance between soju and whisky taxes rather than a specific rate.</p>
<p>&quot;It is for any nation to decide how much they want to tax liquor. But there has to be no discrimination against imported liquor in terms of taxation,&quot; said a senior official of the EU delegation in Seoul, who declined to be identified.</p>
<p>The EU official said the delegation hoped to settle the issue during the consultations. If not, the next step under WTO rules would be bringing the issue to a dispute-resolution panel.</p>
<p>&quot;We will, of course, use that opportunity because the EU brought Japan to a panel and the panel ruled in our favour,&quot; he said.</p>
<p>&quot;There is no dramatic difference between the liquor taxation systems in Korea and Japan. Therefore, we feel that we have a good chance of winning the case.&quot;</p>
<p>Japan has moved to narrow the tax-rate gap between domestic liquors and imported whiskys to less than three percent after the WTO ruled against Tokyo in a similar complaint filed by the EU last year.</p>
</text>
<copyright>(c) Reuters Limited 1997</copyright>
<metadata>
<codes class="bip:countries:1.0">
  <code code="EEC">
    <editdetail attribution="Reuters BIP Coding Group" action="confirmed" date="1997-05-21"/>
  </code>
  <code code="SKOREA">
    <editdetail attribution="Reuters BIP Coding Group" action="confirmed" date="1997-05-21"/>
  </code>
</codes>
<codes class="bip:industries:1.0">
  <code code="I42400">
    <editdetail attribution="Reuters BIP Coding Group" action="confirmed" date="1997-05-21"/>
  </code>
</codes>
<codes class="bip:topics:1.0">
  <code code="C13">
    <editdetail attribution="Reuters BIP Coding Group" action="confirmed" date="1997-05-21"/>
  </code>
  <code code="C31">
    <editdetail attribution="Reuters BIP Coding Group" action="confirmed" date="1997-05-21"/>
  </code>
  <code code="CCAT">
    <editdetail attribution="Reuters BIP Coding Group" action="confirmed" date="1997-05-21"/>
  </code>
  <code code="E21">
    <editdetail attribution="Reuters BIP Coding Group" action="confirmed" date="1997-05-21"/>
  </code>
  <code code="E211">
    <editdetail attribution="Reuters BIP Coding Group" action="confirmed" date="1997-05-21"/>
  </code>
  <code code="ECAT">
    <editdetail attribution="Reuters BIP Coding Group" action="confirmed" date="1997-05-21"/>
  </code>
  <code code="G15">
    <editdetail attribution="Reuters BIP Coding Group" action="confirmed" date="1997-05-21"/>
  </code>
  <code code="G158">
    <editdetail attribution="Reuters BIP Coding Group" action="confirmed" date="1997-05-21"/>
  </code>
  <code code="GCAT">
    <editdetail attribution="Reuters BIP Coding Group" action="confirmed" date="1997-05-21"/>
  </code>
</codes>
<dc element="dc.date.created" value="1997-05-21"/>
<dc element="dc.publisher" value="Reuters Holdings Plc"/>
<dc element="dc.date.published" value="1997-05-21"/>
<dc element="dc.source" value="Reuters"/>
<dc element="dc.creator.location" value="SEOUL"/>
<dc element="dc.creator.location.country.name" value="SOUTH KOREA"/>
<dc element="dc.source" value="Reuters"/>
</metadata>
</newsitem>
