<?xml version="1.0" encoding="iso-8859-1" ?>
<newsitem itemid="600895" id="root" date="1997-05-21" xml:lang="en">
<title>USA: Medcross Inc Q1 net loss narrows.</title>
<headline>Medcross Inc Q1 net loss narrows.</headline>
<dateline>SALT LAKE CITY 1997-05-21</dateline>
<text>
<p>First Fiscal Quarter Ended</p>
<p>					  Mar 31, 1997     Mar 31, 1996</p>
<p> Net operating revenue		$2,744,473	   $609,206</p>
<p> Operating loss			(3,655,505)	(5,632,190)</p>
<p> Total other expense		   (260,325)	  (977,112)</p>
<p>Minority interest in income</p>
<p>  of consolidated subsidiaries	   9,089	    (1,943)</p>
<p> Net loss				(3,906,741)	(6,611,245)</p>
<p>Net loss per common share</p>
<p>  after preferred dividends	     (0.40)	     (2.24)</p>
<p>-- New York Newsdesk 212 859-1610</p>
</text>
<copyright>(c) Reuters Limited 1997</copyright>
<metadata>
<codes class="bip:countries:1.0">
  <code code="USA">
    <editdetail attribution="Reuters BIP Coding Group" action="confirmed" date="1997-05-21"/>
  </code>
</codes>
<codes class="bip:industries:1.0">
  <code code="I95100">
    <editdetail attribution="Reuters BIP Coding Group" action="confirmed" date="1997-05-21"/>
  </code>
</codes>
<codes class="bip:topics:1.0">
  <code code="C15">
    <editdetail attribution="Reuters BIP Coding Group" action="confirmed" date="1997-05-21"/>
  </code>
  <code code="C151">
    <editdetail attribution="Reuters BIP Coding Group" action="confirmed" date="1997-05-21"/>
  </code>
  <code code="CCAT">
    <editdetail attribution="Reuters BIP Coding Group" action="confirmed" date="1997-05-21"/>
  </code>
</codes>
<dc element="dc.date.created" value="1997-05-21"/>
<dc element="dc.publisher" value="Reuters Holdings Plc"/>
<dc element="dc.date.published" value="1997-05-21"/>
<dc element="dc.source" value="Reuters"/>
<dc element="dc.creator.location" value="SALT LAKE CITY"/>
<dc element="dc.creator.location.country.name" value="USA"/>
<dc element="dc.source" value="Reuters"/>
</metadata>
</newsitem>
