<?xml version="1.0" encoding="iso-8859-1" ?>
<newsitem itemid="600886" id="root" date="1997-05-21" xml:lang="en">
<title>USA: AMEX to trade five new equity options.</title>
<headline>AMEX to trade five new equity options.</headline>
<dateline>NEW YORK 1997-05-20</dateline>
<text>
<p>The American Stock Exchange (AMEX) said Wednesday it would list options on Catalina Marketing Corp, Coastcast Corp, Edify Corp and Tekelec on May 22.</p>
<p>It also said it would begin trading options on U.S. Rentals Inc on May 29.</p>
<p>The following table lists the stocks' ticker symbols and the options' strike prices, expiration months, position limits in number of contracts and specialist unit.</p>
<p>Ticker     Strikes	 Expiry	 Limits   Specialist</p>
<p>--------------------------------------------------------------</p>
<p>[POS.N]    30, 35, 40    Jun, Jul,   4,500    Gargoyle</p>
<p>				  Aug, Nov		 Specialists LP</p>
<p>[PAR.N]    10, 12-1/2,   Jun, Jul,   4,500    Cohen, Duffy &amp;</p>
<p>	     15		Aug, Nov		 McGowan Inc</p>
<p>[EDFY.O]   10, 12-1/2,   Jun, Jul,   4,500    LETCO-Specialist</p>
<p>	     15		Aug, Nov</p>
<p>[TKLC.O]   22-1/2, 25,   Jun, Jul,   4,500    Charlton, Goin,</p>
<p>	     30		Aug, Nov		 SLK</p>
<p>[USR.N]    20, 22-1/2,   Jun, Jul,   4,500    Highland</p>
<p>	     25		Aug, Nov		 Securities Co</p>
<p>((--Derivatives desk, 312 408 8750))</p>
<p>E-mail: derivatives@reuters.com</p>
</text>
<copyright>(c) Reuters Limited 1997</copyright>
<metadata>
<codes class="bip:countries:1.0">
  <code code="USA">
    <editdetail attribution="Reuters BIP Coding Group" action="confirmed" date="1997-05-21"/>
  </code>
</codes>
<codes class="bip:industries:1.0">
  <code code="I33010">
    <editdetail attribution="Reuters BIP Coding Group" action="confirmed" date="1997-05-21"/>
  </code>
  <code code="I33020">
    <editdetail attribution="Reuters BIP Coding Group" action="confirmed" date="1997-05-21"/>
  </code>
  <code code="I3302020">
    <editdetail attribution="Reuters BIP Coding Group" action="confirmed" date="1997-05-21"/>
  </code>
  <code code="I34420">
    <editdetail attribution="Reuters BIP Coding Group" action="confirmed" date="1997-05-21"/>
  </code>
  <code code="I49420">
    <editdetail attribution="Reuters BIP Coding Group" action="confirmed" date="1997-05-21"/>
  </code>
  <code code="I84000">
    <editdetail attribution="Reuters BIP Coding Group" action="confirmed" date="1997-05-21"/>
  </code>
</codes>
<codes class="bip:topics:1.0">
  <code code="C15">
    <editdetail attribution="Reuters BIP Coding Group" action="confirmed" date="1997-05-21"/>
  </code>
  <code code="C152">
    <editdetail attribution="Reuters BIP Coding Group" action="confirmed" date="1997-05-21"/>
  </code>
  <code code="CCAT">
    <editdetail attribution="Reuters BIP Coding Group" action="confirmed" date="1997-05-21"/>
  </code>
</codes>
<dc element="dc.date.created" value="1997-05-20"/>
<dc element="dc.publisher" value="Reuters Holdings Plc"/>
<dc element="dc.date.published" value="1997-05-21"/>
<dc element="dc.source" value="Reuters"/>
<dc element="dc.creator.location" value="NEW YORK"/>
<dc element="dc.creator.location.country.name" value="USA"/>
<dc element="dc.source" value="Reuters"/>
</metadata>
</newsitem>
