<?xml version="1.0" encoding="iso-8859-1" ?>
<newsitem itemid="600842" id="root" date="1997-05-21" xml:lang="en">
<title>INDIA: Bus, acid-carrying tanker collide in India, 6 dead.</title>
<headline>Bus, acid-carrying tanker collide in India, 6 dead.</headline>
<dateline>NEW DELHI 1997-05-21</dateline>
<text>
<p>A bus and a tanker carrying acid collided head-on in northern India on Wednesday, killing six people and injuring 53, United News of India (UNI) said.</p>
<p>The news agency said the acid blinded 25 people, and four people were critically injured.</p>
<p>The crash, near Kharar town in the northern state of Punjab, occurred after the bus's brakes failed and the driver lost control of the vehicle, UNI said.</p>
<p>The news agency did not say how many people were in the bus.</p>
</text>
<copyright>(c) Reuters Limited 1997</copyright>
<metadata>
<codes class="bip:countries:1.0">
  <code code="INDIA">
    <editdetail attribution="Reuters BIP Coding Group" action="confirmed" date="1997-05-21"/>
  </code>
</codes>
<codes class="bip:topics:1.0">
  <code code="GCAT">
    <editdetail attribution="Reuters BIP Coding Group" action="confirmed" date="1997-05-21"/>
  </code>
  <code code="GDIS">
    <editdetail attribution="Reuters BIP Coding Group" action="confirmed" date="1997-05-21"/>
  </code>
</codes>
<dc element="dc.date.created" value="1997-05-21"/>
<dc element="dc.publisher" value="Reuters Holdings Plc"/>
<dc element="dc.date.published" value="1997-05-21"/>
<dc element="dc.source" value="Reuters"/>
<dc element="dc.creator.location" value="NEW DELHI"/>
<dc element="dc.creator.location.country.name" value="INDIA"/>
<dc element="dc.source" value="Reuters"/>
</metadata>
</newsitem>
