<?xml version="1.0" encoding="iso-8859-1" ?>
<newsitem itemid="600837" id="root" date="1997-05-21" xml:lang="en">
<title>SWITZERLAND: Zurich sees good 1997 results.</title>
<headline>Zurich sees good 1997 results.</headline>
<dateline>ZURICH 1997-05-21</dateline>
<text>
<p>Zurich Group said it expects another good overall result for 1997, barring extraordinary events.</p>
<p>&quot;Unless faced with exceptional events, we expect to achieve another good overall result for the 1997 financial year,&quot; the life and non-life insurance group said in its annual report.</p>
<p>Zurich Group in April reported that its 1996 net profit rose 30 percent to 1.138 billion Swiss francs ($821.5 million) and gross insurance premiums were up by 20.5 percent to 31.9 billion.</p>
<p>At that time it said the consolidation of new companies, especially Kemper Group of the U.S., accounted for about half of the gross premium growth.</p>
<p>In addition to the Kemper acquisition last year, Zurich Group acquired the Norwegian company Protector, it bought a majority stake in Seguros Sud America in Venezuela, received approvals for a second representive office in China and opened a laison office in India.</p>
<p>In January this year Zurich offered to buy the outstanding publicly held shares of Zurich Reinsurance Centre Holdings, a New York Stock Exchange quoted company in which it owns a 66 percent stake.</p>
<p>-- Zurich Editorial +41 1 631 7340 ($ = 1.385 Swiss Francs)</p>
</text>
<copyright>(c) Reuters Limited 1997</copyright>
<metadata>
<codes class="bip:countries:1.0">
  <code code="SWITZ">
    <editdetail attribution="Reuters BIP Coding Group" action="confirmed" date="1997-05-21"/>
  </code>
</codes>
<codes class="bip:industries:1.0">
  <code code="I82001">
    <editdetail attribution="Reuters BIP Coding Group" action="confirmed" date="1997-05-21"/>
  </code>
</codes>
<codes class="bip:topics:1.0">
  <code code="C15">
    <editdetail attribution="Reuters BIP Coding Group" action="confirmed" date="1997-05-21"/>
  </code>
  <code code="C152">
    <editdetail attribution="Reuters BIP Coding Group" action="confirmed" date="1997-05-21"/>
  </code>
  <code code="CCAT">
    <editdetail attribution="Reuters BIP Coding Group" action="confirmed" date="1997-05-21"/>
  </code>
</codes>
<dc element="dc.date.created" value="1997-05-21"/>
<dc element="dc.publisher" value="Reuters Holdings Plc"/>
<dc element="dc.date.published" value="1997-05-21"/>
<dc element="dc.source" value="Reuters"/>
<dc element="dc.creator.location" value="ZURICH"/>
<dc element="dc.creator.location.country.name" value="SWITZERLAND"/>
<dc element="dc.source" value="Reuters"/>
</metadata>
</newsitem>
