<?xml version="1.0" encoding="iso-8859-1" ?>
<newsitem itemid="600915" id="root" date="1997-05-21" xml:lang="en">
<title>USA: Brown &amp; Williamson says claims dismissed.</title>
<headline>Brown &amp; Williamson says claims dismissed.</headline>
<dateline>LOUISVILLE, Ky. 1997-05-21</dateline>
<text>
<p>A Maryland judge dismissed nine of 13 counts in an attempt by that state to recover Medicaid expenditures from the tobacco industry, Brown &amp; Williamson Tobacco Corp said on Wednesday.</p>
<p>However, the court also said that the state was authorized to proceed with its claims that the tobacco companies had violated Maryland's Consumer Protection Act and Antitrust Act.</p>
<p>In today's decision, Maryland circuit court Judge Roger Brown ruled that the state does not have a right to recover Medicaid payments made on behalf of individual smokers, the company said in a prepared statement.</p>
<p>The dismissal applies to a lawsuit known as the State of Maryland v. Philip Morris Inc, et. al., filed on behalf of individuals alleging they were harmed by smoking-related diseases.</p>
<p>&quot;This decision is further proof that Medicaid reimbursement cases are not supported by the law,&quot; said Steven McCormick, an attorney for Brown &amp; Williamson.</p>
</text>
<copyright>(c) Reuters Limited 1997</copyright>
<metadata>
<codes class="bip:countries:1.0">
  <code code="USA">
    <editdetail attribution="Reuters BIP Coding Group" action="confirmed" date="1997-05-21"/>
  </code>
</codes>
<codes class="bip:industries:1.0">
  <code code="I83960">
    <editdetail attribution="Reuters BIP Coding Group" action="confirmed" date="1997-05-21"/>
  </code>
</codes>
<codes class="bip:topics:1.0">
  <code code="C12">
    <editdetail attribution="Reuters BIP Coding Group" action="confirmed" date="1997-05-21"/>
  </code>
  <code code="CCAT">
    <editdetail attribution="Reuters BIP Coding Group" action="confirmed" date="1997-05-21"/>
  </code>
  <code code="GCAT">
    <editdetail attribution="Reuters BIP Coding Group" action="confirmed" date="1997-05-21"/>
  </code>
  <code code="GCRIM">
    <editdetail attribution="Reuters BIP Coding Group" action="confirmed" date="1997-05-21"/>
  </code>
</codes>
<dc element="dc.date.created" value="1997-05-21"/>
<dc element="dc.publisher" value="Reuters Holdings Plc"/>
<dc element="dc.date.published" value="1997-05-21"/>
<dc element="dc.source" value="Reuters"/>
<dc element="dc.creator.location" value="LOUISVILLE, Ky."/>
<dc element="dc.creator.location.country.name" value="USA"/>
<dc element="dc.source" value="Reuters"/>
</metadata>
</newsitem>
