<?xml version="1.0" encoding="iso-8859-1" ?>
<newsitem itemid="600928" id="root" date="1997-05-21" xml:lang="en">
<title>USA: Cheniere cancels offshore Cal. oil buy.</title>
<headline>Cheniere cancels offshore Cal. oil buy.</headline>
<dateline>HOUSTON 1997-05-21</dateline>
<text>
<p>Cheniere Energy Inc said Wednesday that its wholly-owned subsidiary, Cheniere Energy California Inc, has decided not to buy an interest in the Bonito Unit of the Pacific Outer Continental Shelf off Santa Barbara County, California.</p>
<p>Cheniere said it decided not to follow through on the purchase from Poseidon Petroleum LLC because, it said, it wanted to concentrate on its ongoing proprietary 3-D seismic exploration program along the coastal transition zone of southwestern Louisiana.</p>
<p>Cheniere focuses on early-stage oil and gas projects characterized by high reserve potential in which the company can obtain a large working interest. The company's first project is in the Louisiana transition zone.</p>
</text>
<copyright>(c) Reuters Limited 1997</copyright>
<metadata>
<codes class="bip:countries:1.0">
  <code code="USA">
    <editdetail attribution="Reuters BIP Coding Group" action="confirmed" date="1997-05-21"/>
  </code>
</codes>
<codes class="bip:industries:1.0">
  <code code="I13000">
    <editdetail attribution="Reuters BIP Coding Group" action="confirmed" date="1997-05-21"/>
  </code>
  <code code="I83954">
    <editdetail attribution="Reuters BIP Coding Group" action="confirmed" date="1997-05-21"/>
  </code>
</codes>
<codes class="bip:topics:1.0">
  <code code="C18">
    <editdetail attribution="Reuters BIP Coding Group" action="confirmed" date="1997-05-21"/>
  </code>
  <code code="C182">
    <editdetail attribution="Reuters BIP Coding Group" action="confirmed" date="1997-05-21"/>
  </code>
  <code code="C24">
    <editdetail attribution="Reuters BIP Coding Group" action="confirmed" date="1997-05-21"/>
  </code>
  <code code="CCAT">
    <editdetail attribution="Reuters BIP Coding Group" action="confirmed" date="1997-05-21"/>
  </code>
</codes>
<dc element="dc.date.created" value="1997-05-21"/>
<dc element="dc.publisher" value="Reuters Holdings Plc"/>
<dc element="dc.date.published" value="1997-05-21"/>
<dc element="dc.source" value="Reuters"/>
<dc element="dc.creator.location" value="HOUSTON"/>
<dc element="dc.creator.location.country.name" value="USA"/>
<dc element="dc.source" value="Reuters"/>
</metadata>
</newsitem>
