<?xml version="1.0" encoding="iso-8859-1" ?>
<newsitem itemid="600912" id="root" date="1997-05-21" xml:lang="en">
<title>USA: Maxxam shareholders to seek redwood sale.</title>
<headline>Maxxam shareholders to seek redwood sale.</headline>
<dateline>HOUSTON 1997-05-21</dateline>
<text>
<p>Maxxam Inc shareholders said on Wednesday they would present a resolution at the annual meeting calling for selling 60,000 acres of redwood forests in northern California.</p>
<p>They accused the company of &quot;pigheadedness&quot; in its failure to divest itself of the controversial Headwaters Forest and five other nearby groves which environmentalists want to save.</p>
<p>&quot;It's important for (Maxxam) management to realize that the shareholders are watching,&quot; said Jill Ratner, president of the Rose Foundation, an Oakland, California-based environmental group. The group was to put the resolution up for a vote at Maxxam's shareholders meeting here on Thursday.</p>
<p>Maxxam has urged a vote against, saying it was not in the best interests of shareholders. Maxxam Chairman Charles Hurwitz and his family control 61 percent of the company, making it unlikely the resolution would pass.</p>
<p>Headwaters, the largest stand of old-growth redwood trees still privately owned, is held by Maxxam's Pacific Lumber Co subsidiary. Environmentalists have fought for to save it since Maxxam bought the property in the mid-1980s and stepped up the pace of logging to pay off debt.</p>
<p>The resolution calls upon Maxxam to sell the forests or trade them to the government to end a potential liability connected to 1995 charges that Maxxam, Hurwitz and others mismanaged a Texas savings-and-loan that collapsed in 1988.</p>
<p>Last year, Maxxam reached an agreement with the federal and California governments to sell 5,600 acres of forests in exchange for 7,800 acres of timberland and $300 million in cash and other considerations.</p>
<p>But Ratner accused Maxxam management of making unreasonable demands that have delayed an overall settlement of the redwoods controversy and hurt the company's financial performance.</p>
<p>&quot;Some shareholders fear this represents a certain pigheadedness that's not in the best interest of the company,&quot; she said in a news conference.</p>
</text>
<copyright>(c) Reuters Limited 1997</copyright>
<metadata>
<codes class="bip:countries:1.0">
  <code code="USA">
    <editdetail attribution="Reuters BIP Coding Group" action="confirmed" date="1997-05-21"/>
  </code>
</codes>
<codes class="bip:industries:1.0">
  <code code="I02000">
    <editdetail attribution="Reuters BIP Coding Group" action="confirmed" date="1997-05-21"/>
  </code>
  <code code="I85000">
    <editdetail attribution="Reuters BIP Coding Group" action="confirmed" date="1997-05-21"/>
  </code>
</codes>
<codes class="bip:topics:1.0">
  <code code="C18">
    <editdetail attribution="Reuters BIP Coding Group" action="confirmed" date="1997-05-21"/>
  </code>
  <code code="C182">
    <editdetail attribution="Reuters BIP Coding Group" action="confirmed" date="1997-05-21"/>
  </code>
  <code code="CCAT">
    <editdetail attribution="Reuters BIP Coding Group" action="confirmed" date="1997-05-21"/>
  </code>
</codes>
<dc element="dc.date.created" value="1997-05-21"/>
<dc element="dc.publisher" value="Reuters Holdings Plc"/>
<dc element="dc.date.published" value="1997-05-21"/>
<dc element="dc.source" value="Reuters"/>
<dc element="dc.creator.location" value="HOUSTON"/>
<dc element="dc.creator.location.country.name" value="USA"/>
<dc element="dc.source" value="Reuters"/>
</metadata>
</newsitem>
