<?xml version="1.0" encoding="iso-8859-1" ?>
<newsitem itemid="612193" id="root" date="1997-05-24" xml:lang="en">
<title>SPAIN: SOCCER-RONALDO KEEPS BARCELONA IN HUNT.</title>
<headline>SOCCER-RONALDO KEEPS BARCELONA IN HUNT.</headline>
<dateline>MADRID 1997-05-24</dateline>
<text>
<p>Barcelona kept alive their Spanish league title hopes thanks to a superb piece of opportunism by Ronaldo in the last minute of their 1-0 win over Deportivo Coruna on Saturday.</p>
<p>The victory, which also ensures Barcelona a place in next season's European Cup, leaves the Catalan side two points behind leaders Real Madrid, who face a tough game at Athletic Bilbao on Sunday.</p>
<p>Despite numerous chances at both ends, the game had looked likely to end goalless until Ronaldo picked himself up from a heavy challenge and pounced upon a loose ball before giving Deportivo keeper Jacques Songo'o no chance.</p>
<p>The goal was Ronaldo's 34th of the season, but could easily be his last in a Barcelona shirt.</p>
<p>The Brazilian striker, who is likely to miss next weekend's game at Hercules because of international duty, has said he will reveal his plans for next season on Monday.</p>
</text>
<copyright>(c) Reuters Limited 1997</copyright>
<metadata>
<codes class="bip:countries:1.0">
  <code code="SPAIN">
    <editdetail attribution="Reuters BIP Coding Group" action="confirmed" date="1997-05-24"/>
  </code>
</codes>
<codes class="bip:topics:1.0">
  <code code="GCAT">
    <editdetail attribution="Reuters BIP Coding Group" action="confirmed" date="1997-05-24"/>
  </code>
  <code code="GSPO">
    <editdetail attribution="Reuters BIP Coding Group" action="confirmed" date="1997-05-24"/>
  </code>
</codes>
<dc element="dc.date.created" value="1997-05-24"/>
<dc element="dc.publisher" value="Reuters Holdings Plc"/>
<dc element="dc.date.published" value="1997-05-24"/>
<dc element="dc.source" value="Reuters"/>
<dc element="dc.creator.location" value="MADRID"/>
<dc element="dc.creator.location.country.name" value="SPAIN"/>
<dc element="dc.source" value="Reuters"/>
</metadata>
</newsitem>
