<?xml version="1.0" encoding="iso-8859-1" ?>
<newsitem itemid="612195" id="root" date="1997-05-24" xml:lang="en">
<title>FRANCE: SOCCER-LEADING FRENCH LEAGUE SCORERS.</title>
<headline>SOCCER-LEADING FRENCH LEAGUE SCORERS.</headline>
<dateline>PARIS 1997-05-24</dateline>
<text>
<p>Leading scorers in the French first</p>
<p>division at the end of the league season on Saturday:</p>
<p>22 goals - Stephane Guivarc'h (Rennes)</p>
<p>21 - Japhet N'Doram (Nantes)</p>
<p>19 - David Zitelli (Strasbourg), Sonny Anderson (Monaco), Alain</p>
<p>Caveglia (Lyon)</p>
<p>18 - Anto Drobnjak (Bastia)</p>
<p>16 - Jean-Pierre Papin (Bordeaux), Ludovic Giuly (Lyon)</p>
<p>15 - Xavier Gravelaine (Marseille), Patrice Loko (Paris St</p>
<p>Germain)</p>
</text>
<copyright>(c) Reuters Limited 1997</copyright>
<metadata>
<codes class="bip:countries:1.0">
  <code code="FRA">
    <editdetail attribution="Reuters BIP Coding Group" action="confirmed" date="1997-05-24"/>
  </code>
  <code code="MONAC">
    <editdetail attribution="Reuters BIP Coding Group" action="confirmed" date="1997-05-24"/>
  </code>
</codes>
<codes class="bip:topics:1.0">
  <code code="GCAT">
    <editdetail attribution="Reuters BIP Coding Group" action="confirmed" date="1997-05-24"/>
  </code>
  <code code="GSPO">
    <editdetail attribution="Reuters BIP Coding Group" action="confirmed" date="1997-05-24"/>
  </code>
</codes>
<dc element="dc.date.created" value="1997-05-24"/>
<dc element="dc.publisher" value="Reuters Holdings Plc"/>
<dc element="dc.date.published" value="1997-05-24"/>
<dc element="dc.source" value="Reuters"/>
<dc element="dc.creator.location" value="PARIS"/>
<dc element="dc.creator.location.country.name" value="FRANCE"/>
<dc element="dc.source" value="Reuters"/>
</metadata>
</newsitem>
