<?xml version="1.0" encoding="iso-8859-1" ?>
<newsitem itemid="612123" id="root" date="1997-05-24" xml:lang="en">
<title>INDIA: CRICKET-SRI LANKA V PAKISTAN SCOREBOARD.</title>
<headline>CRICKET-SRI LANKA V PAKISTAN SCOREBOARD.</headline>
<dateline>MOHALI, India 1997-05-24</dateline>
<text>
<p>Scoreboard of the first</p>
<p>match in the best-of-three final of the Independence Cup cricket</p>
<p>tournament between Sri Lanka and Pakistan on Saturday:</p>
<p>Sri Lanka</p>
<p> S.Jayasuriya c sub (M.Wasim) b Hussain	96</p>
<p> M.Atapattu lbw b Hussain			  53</p>
<p> A.De Silva st Khan b Saqlain		    90</p>
<p> A.Ranatunga st Khan b Saqlain		   80</p>
<p> R.Kaluwitharana not out			    1</p>
<p> D.Liyanage not out				   1</p>
<p> Extras (lb-8 nb-2  w-8)			   18</p>
<p> Total (for four wickets in 50 overs)	 339</p>
<p>Did not bat: R.Mahanama, H.Tillekeratne,K.Dharmasena, S.De</p>
<p>Silva, M.Muralitharan.</p>
<p>Fall of wickets: 1-148 2-184 3-337 4-338.</p>
<p>Bowling: Razzak 5-0-41-0 (2w,2nb) Javed 9-0-64-0, Afridi</p>
<p>10-0-63-0, Saqlain 10-0-72-2(1w), Hussain 10-0-56-2, Malik</p>
<p>6-0-35-0(5w).</p>
<p>Pakistan</p>
<p> S.Anwar c Liyanage b S.De Silva		14</p>
<p> S.Afridi c Atapattu b S.De Silva	     18</p>
<p> M.Hussain b S.De Silva			    8</p>
<p> R.Raja run out				     42</p>
<p> I.Ahmed c sub (Chandana) b Dharmasena	23</p>
<p> S.Malik by A.De Silva			    29</p>
<p> M.Khan not out				     57</p>
<p> S.Mushtaq c Atapattu b A.De Silva	    18</p>
<p> A.Javed lbw b Dharmasena			  5</p>
<p> Inzamam-ul-Haq absent injured</p>
<p> A.Razzak absent injured</p>
<p> Extras (lb-1 nb-1 w-8)			   10</p>
<p> Total (for eight wickets in 43.5 overs)   224</p>
<p>Fall of wickets: 1-30 2-41 3-49 4-85 5-141 6-143 7-212</p>
<p>8-224.</p>
<p>Bowling: Liyanage 6-0-40-0, S.De Silva 7-0-40-3 (5w),</p>
<p>Dharmasena 6.5-0-33-2, Muralitharan 7-0-48-0 (1nb), A.De Silva</p>
<p>10-0-39-2 (2w), S.Jayasuriya 7-0-23-0.</p>
<p>Result: Sri Lanka won by 115 runs.</p>
</text>
<copyright>(c) Reuters Limited 1997</copyright>
<metadata>
<codes class="bip:countries:1.0">
  <code code="INDIA">
    <editdetail attribution="Reuters BIP Coding Group" action="confirmed" date="1997-05-24"/>
  </code>
  <code code="PAKIS">
    <editdetail attribution="Reuters BIP Coding Group" action="confirmed" date="1997-05-24"/>
  </code>
  <code code="SRILAN">
    <editdetail attribution="Reuters BIP Coding Group" action="confirmed" date="1997-05-24"/>
  </code>
</codes>
<codes class="bip:topics:1.0">
  <code code="GCAT">
    <editdetail attribution="Reuters BIP Coding Group" action="confirmed" date="1997-05-24"/>
  </code>
  <code code="GSPO">
    <editdetail attribution="Reuters BIP Coding Group" action="confirmed" date="1997-05-24"/>
  </code>
</codes>
<dc element="dc.date.created" value="1997-05-24"/>
<dc element="dc.publisher" value="Reuters Holdings Plc"/>
<dc element="dc.date.published" value="1997-05-24"/>
<dc element="dc.source" value="Reuters"/>
<dc element="dc.creator.location" value="MOHALI, India"/>
<dc element="dc.creator.location.country.name" value="INDIA"/>
<dc element="dc.source" value="Reuters"/>
</metadata>
</newsitem>
