<?xml version="1.0" encoding="iso-8859-1" ?>
<newsitem itemid="612182" id="root" date="1997-05-24" xml:lang="en">
<title>USA: NBA BASKETBALL-EDDIE JOHNSON COMES OFF BENCH TO LEAD ROCKETS PAST JAZZ. [CORRECTED 9:47 GMT 25/5]</title>
<headline>NBA BASKETBALL-EDDIE JOHNSON COMES OFF BENCH TO LEAD ROCKETS PAST JAZZ. [CORRECTED 9:47 GMT 25/5]</headline>
<dateline>HOUSTON 1997-05-23</dateline>
<text>
<p>The Houston Rockets rediscovered their bench and their 3-point shooting -- mainly in the person of Eddie Johnson -- and climbed back into the Western Conference finals with a 118-100 victory over the Utah Jazz Friday.</p>
<p>Johnson scored 31 points, Hakeem Olajuwon 27 (Corrects) and Charles Barkley finally outplayed Karl Malone with 19 points and 16 rebounds for the Rockets, who returned home after two losses and tightened up the series with a convincing win. Game 4 is Sunday in Houston.</p>
<p>&quot;This was a very important game for us and I'm so glad we put the pressure back on them,&quot; said Olajuwon.</p>
<p>Held scoreless in Game 2, the 38-year-old Johnson displayed the skills that have made him one of the NBA's most dangerous scorers for 15 years. In 28 minutes, he was 12-of-17 from the field and made 5-of-8 3-pointers.</p>
<p>&quot;I just made up my mind tonight,&quot; said Johnson, &quot;we're down 2-0, when I get in there I'm going to shoot the ball, and if it doesn't go I'm not going to worry about it, just play my game.&quot;</p>
<p>Johnson had 14 points in the second quarter as the Rockets erased an early 13-point deficit. He hit a 3-pointer in a decisive run that ended the third quarter and added 14 more points in the fourth quarter.</p>
<p>Johnson led a bench that had been outscored 54-26 in the first two games of the series. Kevin Willis added 10 points and Sedale Threatt six as the Houston bench outscored Utah's 47-28.</p>
<p>&quot;We know our bench is better than theirs,&quot; said Willis. &quot;We have a lot of talent.&quot;</p>
<p>Malone scored 21 points and John Stockton added 17 for the Jazz, who lost for just the second time in 10 playoff games. Utah had not allowed more than 104 points in any of its previous postseason games.</p>
</text>
<copyright>(c) Reuters Limited 1997</copyright>
<metadata>
<codes class="bip:countries:1.0">
  <code code="USA">
    <editdetail attribution="Reuters BIP Coding Group" action="confirmed" date="1997-05-24"/>
  </code>
</codes>
<codes class="bip:topics:1.0">
  <code code="GCAT">
    <editdetail attribution="Reuters BIP Coding Group" action="confirmed" date="1997-05-24"/>
  </code>
  <code code="GSPO">
    <editdetail attribution="Reuters BIP Coding Group" action="confirmed" date="1997-05-24"/>
  </code>
</codes>
<dc element="dc.date.created" value="1997-05-23"/>
<dc element="dc.publisher" value="Reuters Holdings Plc"/>
<dc element="dc.date.published" value="1997-05-24"/>
<dc element="dc.source" value="Reuters"/>
<dc element="dc.creator.location" value="HOUSTON"/>
<dc element="dc.creator.location.country.name" value="USA"/>
<dc element="dc.source" value="Reuters"/>
</metadata>
</newsitem>
