<?xml version="1.0" encoding="iso-8859-1" ?>
<newsitem itemid="612107" id="root" date="1997-05-24" xml:lang="en">
<title>UK: SOCCER-ENGLAND BEAT SOUTH AFRICA IN UNINSPIRING FRIENDLY.</title>
<headline>SOCCER-ENGLAND BEAT SOUTH AFRICA IN UNINSPIRING FRIENDLY.</headline>
<dateline>MANCHESTER, England 1997-05-24</dateline>
<text>
<p>Goals by Robert Lee and Ian Wright gave England a 2-1 win over South Africa in a scrappy first international between the two countries at Old Trafford on Saturday.</p>
<p>England manager Glenn Hoddle made eight changes from the side that beat Georgia in a World Cup qualifier last month and the team that meets Poland in another qualifier next Saturday is unlikely to bear much relation to the side that played in this match.</p>
<p>England went ahead after 20 minutes when Lee fired home at the second attempt for his second goal for his country in his 10th international.</p>
<p>The African champions flattered to decieve for much of the match with some fancy footwork in midfield. But they stunned England with a 43rd minute equaliser from Philemon Masinga, once of Leeds United, who headed home on the line after being set up by an overhead kick from John Moshoeu.</p>
<p>England clinched the victory which they just about deserved when Ian Wright scored after 75 minutes when he slid the ball in from close range after Paul Scholes nodded on a Paul Gascoigne freekick. TV replays showed the ball hit Wright's hand before he scored.</p>
<p>Midfielder Paul Gascoigne was carried off in the last minute with an ice-pack on his right leg after a reckless challenge by substitute Linda Buthelezi. Gascoigne was reported to have suffered a calf injury.</p>
</text>
<copyright>(c) Reuters Limited 1997</copyright>
<metadata>
<codes class="bip:countries:1.0">
  <code code="SAFR">
    <editdetail attribution="Reuters BIP Coding Group" action="confirmed" date="1997-05-24"/>
  </code>
  <code code="UK">
    <editdetail attribution="Reuters BIP Coding Group" action="confirmed" date="1997-05-24"/>
  </code>
</codes>
<codes class="bip:topics:1.0">
  <code code="GCAT">
    <editdetail attribution="Reuters BIP Coding Group" action="confirmed" date="1997-05-24"/>
  </code>
  <code code="GSPO">
    <editdetail attribution="Reuters BIP Coding Group" action="confirmed" date="1997-05-24"/>
  </code>
</codes>
<dc element="dc.date.created" value="1997-05-24"/>
<dc element="dc.publisher" value="Reuters Holdings Plc"/>
<dc element="dc.date.published" value="1997-05-24"/>
<dc element="dc.source" value="Reuters"/>
<dc element="dc.creator.location" value="MANCHESTER, England"/>
<dc element="dc.creator.location.country.name" value="UK"/>
<dc element="dc.source" value="Reuters"/>
</metadata>
</newsitem>
