<?xml version="1.0" encoding="iso-8859-1" ?>
<newsitem itemid="612137" id="root" date="1997-05-24" xml:lang="en">
<title>UK: CRICKET-ATHERTON SECURES ONE-DAY SERIES FOR ENGLAND.</title>
<headline>CRICKET-ATHERTON SECURES ONE-DAY SERIES FOR ENGLAND.</headline>
<dateline>LONDON 1997-05-24</dateline>
<text>
<p>Captain Mike Atherton led from the front on Saturday with an unbeaten 113 as England clinched the one-day international series against Australia at The Oval.</p>
<p>England, who took the opening encounter at Headingley on Thursday by six wickets, won by a similar margin on Saturday after being set 250 to win from their 50 overs. The third and final match is at Lord's on Sunday.</p>
<p>Surrey captain Adam Hollioake, man-of-the-match in Leeds, hit the winning runs again, striking a four to reach his second unbeaten 50 of the series.</p>
<p>After Australia had been asked to bat on a fine, sunny day, Michael Bevan ensured a competitive total with 108 not out in a total of 249 for six.</p>
<p>Bevan was ably assisted by Australia's reserve wicketkeeper Adam Gilchrist, who scored 53 in a fifth wicket partnership of 113.</p>
<p>Apart from the two left-handers, Australia's running between wickets ranged between the careless and the culpable, with four wickets falling to needless run-outs.</p>
<p>Alec Stewart (40) set the early pace for England, using his feet beautifully against Shane Warne and playing the shot of the day when he moved down the track to drive paceman Michael Kasprowicz for four.</p>
<p>Atherton, whose place in England's one-day side has been questioned, answered the critics with a nicely balanced innings.</p>
<p>He was cautious at the start, careful in the middle and flourished in the latter stages, reaching his second international one-day century from 124 balls with nine fours.</p>
<p>Hollioake improvised intelligently at the end, scoring 53 not out with consecutive boundaries as England won with 10 balls to spare.</p>
</text>
<copyright>(c) Reuters Limited 1997</copyright>
<metadata>
<codes class="bip:countries:1.0">
  <code code="AUSTR">
    <editdetail attribution="Reuters BIP Coding Group" action="confirmed" date="1997-05-24"/>
  </code>
  <code code="UK">
    <editdetail attribution="Reuters BIP Coding Group" action="confirmed" date="1997-05-24"/>
  </code>
</codes>
<codes class="bip:topics:1.0">
  <code code="GCAT">
    <editdetail attribution="Reuters BIP Coding Group" action="confirmed" date="1997-05-24"/>
  </code>
  <code code="GSPO">
    <editdetail attribution="Reuters BIP Coding Group" action="confirmed" date="1997-05-24"/>
  </code>
</codes>
<dc element="dc.date.created" value="1997-05-24"/>
<dc element="dc.publisher" value="Reuters Holdings Plc"/>
<dc element="dc.date.published" value="1997-05-24"/>
<dc element="dc.source" value="Reuters"/>
<dc element="dc.creator.location" value="LONDON"/>
<dc element="dc.creator.location.country.name" value="UK"/>
<dc element="dc.source" value="Reuters"/>
</metadata>
</newsitem>
