<?xml version="1.0" encoding="iso-8859-1" ?>
<newsitem itemid="612142" id="root" date="1997-05-24" xml:lang="en">
<title>UK: GOLF-BALLESTEROS OUT WITH BAD BACK.</title>
<headline>GOLF-BALLESTEROS OUT WITH BAD BACK.</headline>
<dateline>WENTWORTH, England 1997-05-24</dateline>
<text>
<p>Seve Ballesteros suffered a blow in his bid to be Europe's Ryder Cup playing captain when he withdrew from the British PGA championship with a bad back on Saturday.</p>
<p>Ballesteros, skipper for the September 26-28 match against the Americans, pulled out before he started his second round.</p>
<p>&quot;He could be struggling for two days or two weeks,&quot; said Tour physiotherapist Jonathan Shrewsbury.</p>
<p>Ballesteros, who shot a 76 in the opening round, would have needed at least a six-shot improvement to avoid missing the halfway cut for the seventh time in nine events this year.</p>
<p>When he arrived on Saturday, he went to the physiotherapy caravan to seek treatment for severe pain in his lower back.</p>
<p>&quot;We decided to inject him with a local anaesthetic but it didn't help. He felt it was better to pull out. He couldn't move,&quot; Shrewsbury said.</p>
<p>Before making his decision, Ballesteros tried hitting a few pitch shots on the practice range but soon indicated he was in too much pain to play.</p>
<p>&quot;It's nothing new. It's part of the problem. It's not something you can find a miracle cure for,&quot; Shrewsbury added.</p>
<p>Ballesteros, currently 29th on the list from which the top 10 will receive an automatic place in the Ryder Cup team, has insisted he hoped to qualify by right. But he might select himself if he does not.</p>
<p>He said this week he felt his game was improving despite his poor start to the year.</p>
<p>He has made the cut in his last two events, finishing 26th and 29th, and is scheduled to play in next week's Tournament Players' Championship of Europe in Germany.</p>
</text>
<copyright>(c) Reuters Limited 1997</copyright>
<metadata>
<codes class="bip:countries:1.0">
  <code code="UK">
    <editdetail attribution="Reuters BIP Coding Group" action="confirmed" date="1997-05-24"/>
  </code>
  <code code="USA">
    <editdetail attribution="Reuters BIP Coding Group" action="confirmed" date="1997-05-24"/>
  </code>
</codes>
<codes class="bip:topics:1.0">
  <code code="GCAT">
    <editdetail attribution="Reuters BIP Coding Group" action="confirmed" date="1997-05-24"/>
  </code>
  <code code="GSPO">
    <editdetail attribution="Reuters BIP Coding Group" action="confirmed" date="1997-05-24"/>
  </code>
</codes>
<dc element="dc.date.created" value="1997-05-24"/>
<dc element="dc.publisher" value="Reuters Holdings Plc"/>
<dc element="dc.date.published" value="1997-05-24"/>
<dc element="dc.source" value="Reuters"/>
<dc element="dc.creator.location" value="WENTWORTH, England"/>
<dc element="dc.creator.location.country.name" value="UK"/>
<dc element="dc.source" value="Reuters"/>
</metadata>
</newsitem>
