<?xml version="1.0" encoding="iso-8859-1" ?>
<newsitem itemid="612296" id="root" date="1997-05-24" xml:lang="en">
<title>POLAND: Polish Bank Handlowy accepts IPO price range.</title>
<headline>Polish Bank Handlowy accepts IPO price range.</headline>
<dateline>WARSAW 1997-05-24</dateline>
<text>
<p>The president of Poland's Bank Handlowy SA said on Saturday that the bank, which had been involved in discussing the price range for its initial public offering, stood by the decision to put it at 28 to 35 zlotys ($10.92).</p>
<p>&quot;As we were one of those who took part...according to certain assumptions we stand by this price,&quot; Cezary Stypulkowski told Reuters over the telephone but declined to comment on whether he considered the price level advantageous.</p>
<p>He said that the price decision, reached late on Friday by the Treasury ministry and its advisors after consultation with the bank, had taken standard factors into account.</p>
<p>&quot;One looks at the market, at the position, at the fact that this is an initial public offering, at comparisons, at the need to assure the effectiveness of the offer,&quot; he said.</p>
<p>Bank officials said there would be a news conference at 11.00 a.m. (0900 GMT) on Monday, when Poland starts the sale.</p>
<p>Analysts had suggested a broad spectrum of likely prices ranging up to 45 or 50 zlotys and the proposed range appeared to be more towards the lower end of expectations.</p>
<p>Poland is offering 95 percent of Handlowy's 65 million shares in the privatisation scheme.</p>
<p>It is offering 19,500,000 shares in the institutional investor tranche and 9,750,000 shares in the individual investor tranche, for both of which main orders are to be placed from May 26.</p>
<p>The final price for the tranches will be set on June 17.</p>
<p>Retail investors will be allotted shares at a special bourse session on June 21.</p>
<p>A further 4,641,000 will go to employees.</p>
<p>A price for a 27,859,000 share tranche earmarked for a small group of selected investors will be set later in talks with these investors. -- Anthony Barker +48 22 653 9700 ($ = 3.202 Polish Zlotys)</p>
</text>
<copyright>(c) Reuters Limited 1997</copyright>
<metadata>
<codes class="bip:countries:1.0">
  <code code="POL">
    <editdetail attribution="Reuters BIP Coding Group" action="confirmed" date="1997-05-24"/>
  </code>
</codes>
<codes class="bip:industries:1.0">
  <code code="I81402">
    <editdetail attribution="Reuters BIP Coding Group" action="confirmed" date="1997-05-24"/>
  </code>
</codes>
<codes class="bip:topics:1.0">
  <code code="C17">
    <editdetail attribution="Reuters BIP Coding Group" action="confirmed" date="1997-05-24"/>
  </code>
  <code code="C171">
    <editdetail attribution="Reuters BIP Coding Group" action="confirmed" date="1997-05-24"/>
  </code>
  <code code="CCAT">
    <editdetail attribution="Reuters BIP Coding Group" action="confirmed" date="1997-05-24"/>
  </code>
</codes>
<dc element="dc.date.created" value="1997-05-24"/>
<dc element="dc.publisher" value="Reuters Holdings Plc"/>
<dc element="dc.date.published" value="1997-05-24"/>
<dc element="dc.source" value="Reuters"/>
<dc element="dc.creator.location" value="WARSAW"/>
<dc element="dc.creator.location.country.name" value="POLAND"/>
<dc element="dc.source" value="Reuters"/>
</metadata>
</newsitem>
