<?xml version="1.0" encoding="iso-8859-1" ?>
<newsitem itemid="612210" id="root" date="1997-05-24" xml:lang="en">
<title>REPUBLIC OF IRELAND: HORSE RACING-CLASSIC PARK SURPRISE IRISH GUINEAS WINNER.</title>
<headline>HORSE RACING-CLASSIC PARK SURPRISE IRISH GUINEAS WINNER.</headline>
<dateline>DUBLIN 1997-05-24</dateline>
<text>
<p>Classic Park, ridden by Stephen Craine, gave Irish champion trainer Aidan O'Brien his first classic winner as the filly won the Irish 1000 Guineas at the Curragh on Saturday.</p>
<p>There was further celebration for O'Brien as stablemate Strawberry Roan took second place a length behind.</p>
<p>After Oh Nellie had made most of the early running, 20-1 shot Classic Park eased into the lead inside the last two furlongs and never looked like being headed.</p>
<p>It equalled the longest winning odds in the race since it was first run in 1922.</p>
<p>Christy Roche on the more strongly fancied Strawberry Roan put in a storming finish but had left the run much too late.</p>
<p>Strawberry Roan was priced at 4-1 while another 20-1 shot Caiseal Ros was third two and a half lengths further back.</p>
</text>
<copyright>(c) Reuters Limited 1997</copyright>
<metadata>
<codes class="bip:countries:1.0">
  <code code="IRE">
    <editdetail attribution="Reuters BIP Coding Group" action="confirmed" date="1997-05-24"/>
  </code>
</codes>
<codes class="bip:topics:1.0">
  <code code="GCAT">
    <editdetail attribution="Reuters BIP Coding Group" action="confirmed" date="1997-05-24"/>
  </code>
  <code code="GSPO">
    <editdetail attribution="Reuters BIP Coding Group" action="confirmed" date="1997-05-24"/>
  </code>
</codes>
<dc element="dc.date.created" value="1997-05-24"/>
<dc element="dc.publisher" value="Reuters Holdings Plc"/>
<dc element="dc.date.published" value="1997-05-24"/>
<dc element="dc.source" value="Reuters"/>
<dc element="dc.creator.location" value="DUBLIN"/>
<dc element="dc.creator.location.country.name" value="REPUBLIC OF IRELAND"/>
<dc element="dc.source" value="Reuters"/>
</metadata>
</newsitem>
