<?xml version="1.0" encoding="iso-8859-1" ?>
<newsitem itemid="612213" id="root" date="1997-05-24" xml:lang="en">
<title>MONACO: SWIMMING-VOELKER SETS EUROPEAN RECORD.</title>
<headline>SWIMMING-VOELKER SETS EUROPEAN RECORD.</headline>
<dateline>MONACO 1997-05-24</dateline>
<text>
<p>Sandra Voelker of Germany swam the fastest 50 metres backstroke of the year in a European record time of 29.00 seconds in the heats of the Monaco International Meeting on Saturday.</p>
<p>The Olympic bronze medal winner led her heat from the start against China's Chan Yan and Russian Olga Kochekova to beat the previous European best of 29.12 held since September 1988 by Kristin Otto of the then East Germany.</p>
<p>The performance came as some comfort to the organisers after Russia's Denis Pankratov pulled out of the men's 50 backstroke at the last minute.</p>
<p>Organisers had already been dismayed by the decision of other top international swimmers, Russian Alexander Popov, Costa Rica's Claudia Poll and American Gary Hall not to take part in this first of three successive meetings which also include Barcelona and Le Canet in France.</p>
<p>Double Olympic champion Pankratov, who is in the principality with the Russian team, is believed to be reserving himself for an attempt on his long-course 200 metres butterfly world record at Le Canet.</p>
<p>The team's official reason for his withdrawal was &quot;the Russian champion has an ailment.&quot;</p>
</text>
<copyright>(c) Reuters Limited 1997</copyright>
<metadata>
<codes class="bip:countries:1.0">
  <code code="CHINA">
    <editdetail attribution="Reuters BIP Coding Group" action="confirmed" date="1997-05-24"/>
  </code>
  <code code="GFR">
    <editdetail attribution="Reuters BIP Coding Group" action="confirmed" date="1997-05-24"/>
  </code>
  <code code="MONAC">
    <editdetail attribution="Reuters BIP Coding Group" action="confirmed" date="1997-05-24"/>
  </code>
  <code code="RUSS">
    <editdetail attribution="Reuters BIP Coding Group" action="confirmed" date="1997-05-24"/>
  </code>
</codes>
<codes class="bip:topics:1.0">
  <code code="GCAT">
    <editdetail attribution="Reuters BIP Coding Group" action="confirmed" date="1997-05-24"/>
  </code>
  <code code="GSPO">
    <editdetail attribution="Reuters BIP Coding Group" action="confirmed" date="1997-05-24"/>
  </code>
</codes>
<dc element="dc.date.created" value="1997-05-24"/>
<dc element="dc.publisher" value="Reuters Holdings Plc"/>
<dc element="dc.date.published" value="1997-05-24"/>
<dc element="dc.source" value="Reuters"/>
<dc element="dc.creator.location" value="MONACO"/>
<dc element="dc.creator.location.country.name" value="MONACO"/>
<dc element="dc.source" value="Reuters"/>
</metadata>
</newsitem>
