<?xml version="1.0" encoding="iso-8859-1" ?>
<newsitem itemid="612216" id="root" date="1997-05-24" xml:lang="en">
<title>GERMANY: TENNIS-WORLD TEAM CUP RESULTS.</title>
<headline>TENNIS-WORLD TEAM CUP RESULTS.</headline>
<dateline>DUESSELDORF, Germany 1997-05-24</dateline>
<text>
<p>Results of World</p>
<p>Team Cup matches played on Saturday:</p>
<p>Blue Group</p>
<p>Spain beat Netherlands 2-0</p>
<p>Results (Spanish names first):</p>
<p>Felix Mantilla beat Paul Haarhuis 6-1 6-1</p>
<p>Albert Costa beat Jan Siemerink 6-1 7-6 (8-6)</p>
<p>Germany beat Sweden 2-0</p>
<p>Results (German names first):</p>
<p>Michael Stich beat Magnus Gustafsson 2-6 7-6 (7-4) 6-4</p>
<p>Martin Sinner beat Magnus Larsson 7-6 (7-4) 7-6 (8-6)</p>
</text>
<copyright>(c) Reuters Limited 1997</copyright>
<metadata>
<codes class="bip:countries:1.0">
  <code code="GFR">
    <editdetail attribution="Reuters BIP Coding Group" action="confirmed" date="1997-05-24"/>
  </code>
  <code code="NETH">
    <editdetail attribution="Reuters BIP Coding Group" action="confirmed" date="1997-05-24"/>
  </code>
  <code code="SPAIN">
    <editdetail attribution="Reuters BIP Coding Group" action="confirmed" date="1997-05-24"/>
  </code>
  <code code="SWED">
    <editdetail attribution="Reuters BIP Coding Group" action="confirmed" date="1997-05-24"/>
  </code>
</codes>
<codes class="bip:topics:1.0">
  <code code="GCAT">
    <editdetail attribution="Reuters BIP Coding Group" action="confirmed" date="1997-05-24"/>
  </code>
  <code code="GSPO">
    <editdetail attribution="Reuters BIP Coding Group" action="confirmed" date="1997-05-24"/>
  </code>
</codes>
<dc element="dc.date.created" value="1997-05-24"/>
<dc element="dc.publisher" value="Reuters Holdings Plc"/>
<dc element="dc.date.published" value="1997-05-24"/>
<dc element="dc.source" value="Reuters"/>
<dc element="dc.creator.location" value="DUESSELDORF, Germany"/>
<dc element="dc.creator.location.country.name" value="GERMANY"/>
<dc element="dc.source" value="Reuters"/>
</metadata>
</newsitem>
