<?xml version="1.0" encoding="iso-8859-1" ?>
<newsitem itemid="612273" id="root" date="1997-05-24" xml:lang="en">
<title>NIGERIA: PRESS DIGEST - Nigeria - May 24.</title>
<headline>PRESS DIGEST - Nigeria - May 24.</headline>
<dateline>LAGOS 1997-05-24</dateline>
<text>
<p>These are significant stories in the Nigerian press on Saturday. Reuters has not verified these stories and does not vouch for their accuracy.</p>
<p>DAILY TIMES</p>
<p>- Another round of fuel shortage hits Lagos and nearby Oyo states; 26.5 million litres of petrol expected in Lagos on Saturday.</p>
<p>- Central bank mops up 14.9 billion naira from circulation.</p>
<p>- Nigeria Airways staff held over theft of digital computer of the national carrier's A 310 aircraft granted bail.</p>
<p>- United Bank for Africa, one of Nigeria's top three, embarks on computerisation of its operations.</p>
<p>- Lagos chief judge Omotunde Ilori decongests prisons by freeing 118 detainees.</p>
<p>THE GUARDIAN</p>
<p>- Opposition NADECO group rejects plans by political parties and government to shift state elections to 1998 from this year.</p>
<p>- State oil firm can't explain fresh fuel scarcity in Lagos.</p>
<p>- Detained presidential claimant Moshood Abiola is now more religious and sober, according to his doctor Ore Falomo, who saw him recently.</p>
<p>THISDAY</p>
<p>- Negotiations to lift mutual ban on each other's aircraft by Nigeria and Britain stalls as British expert due in Lagos to check Nigeria Airways planes for safety is denied visa.</p>
<p>- Plans have reached advanced stage to bring in Israeli doctors to work with the Nigerian Eye Foundation.</p>
<p>($1=85)</p>
<p>-- Lagos newsroom +234 1 2630317</p>
</text>
<copyright>(c) Reuters Limited 1997</copyright>
<metadata>
<codes class="bip:countries:1.0">
  <code code="NIGEA">
    <editdetail attribution="Reuters BIP Coding Group" action="confirmed" date="1997-05-24"/>
  </code>
</codes>
<codes class="bip:topics:1.0">
  <code code="GCAT">
    <editdetail attribution="Reuters BIP Coding Group" action="confirmed" date="1997-05-24"/>
  </code>
</codes>
<dc element="dc.date.created" value="1997-05-24"/>
<dc element="dc.publisher" value="Reuters Holdings Plc"/>
<dc element="dc.date.published" value="1997-05-24"/>
<dc element="dc.source" value="Reuters"/>
<dc element="dc.creator.location" value="LAGOS"/>
<dc element="dc.creator.location.country.name" value="NIGERIA"/>
<dc element="dc.source" value="Reuters"/>
</metadata>
</newsitem>
