<?xml version="1.0" encoding="iso-8859-1" ?>
<newsitem itemid="612212" id="root" date="1997-05-24" xml:lang="en">
<title>SPAIN: TENNIS-NOVOTNA HUMBLES SELES IN MADRID FINAL.</title>
<headline>TENNIS-NOVOTNA HUMBLES SELES IN MADRID FINAL.</headline>
<dateline>MADRID 1997-05-24</dateline>
<text>
<p>Czech Jana Novotna completed a stunning 7-5 6-1 victory over top seed Monica Seles in the Madrid Open final on Saturday.</p>
<p>Second seed Novotna trailed 5-3 in the first set but turned the match around by winning eight successive games. Seles never recovered.</p>
<p>&quot;I played very intelligently and she made more errors than normal,&quot; Novotna said after retaining her title.</p>
<p>Seles said had lacked concentration and missed many opportunities to break Novotna's serve.</p>
<p>Seles lost service seven times and in the last four games of the first set she was only able to win four points.</p>
<p>Both players needed treatment from a WTA physiotherapist during the match -- Novotna for a pulled muscle in her left thigh and Seles for a strain in her heel.</p>
</text>
<copyright>(c) Reuters Limited 1997</copyright>
<metadata>
<codes class="bip:countries:1.0">
  <code code="CZREP">
    <editdetail attribution="Reuters BIP Coding Group" action="confirmed" date="1997-05-24"/>
  </code>
  <code code="SPAIN">
    <editdetail attribution="Reuters BIP Coding Group" action="confirmed" date="1997-05-24"/>
  </code>
</codes>
<codes class="bip:topics:1.0">
  <code code="GCAT">
    <editdetail attribution="Reuters BIP Coding Group" action="confirmed" date="1997-05-24"/>
  </code>
  <code code="GSPO">
    <editdetail attribution="Reuters BIP Coding Group" action="confirmed" date="1997-05-24"/>
  </code>
</codes>
<dc element="dc.date.created" value="1997-05-24"/>
<dc element="dc.publisher" value="Reuters Holdings Plc"/>
<dc element="dc.date.published" value="1997-05-24"/>
<dc element="dc.source" value="Reuters"/>
<dc element="dc.creator.location" value="MADRID"/>
<dc element="dc.creator.location.country.name" value="SPAIN"/>
<dc element="dc.source" value="Reuters"/>
</metadata>
</newsitem>
