<?xml version="1.0" encoding="iso-8859-1" ?>
<newsitem itemid="612265" id="root" date="1997-05-24" xml:lang="en">
<title>MALI: Mali confirms Konare election win, turnout low.</title>
<headline>Mali confirms Konare election win, turnout low.</headline>
<dateline>BAMAKO 1997-05-24</dateline>
<text>
<p>Official results of Mali's May 11 presidential election, which was boycotted by main opposition parties, show President Alpha Oumar Konare re-elected with 84.36 percent of votes, the electoral commission said on Saturday.</p>
<p>It put turnout at 28 percent of the 5.4 million electorate. Konare's challenger, businessman Mamadou Maribatrou Diaby polled just 45,160 votes.</p>
<p>Opposition parties declined to put up a candidate in protest over the chaotic April parliamentary election which was annulled by the constitutional court and will be rerun in July.</p>
<p>The opposition is still demanding the resignation of Prime Minister Ibrahim Keita and the dissolution of the electoral commission.</p>
<p>Mali was widely praised for its 1992 transition from Moussa Traore's dictatorship to a multi-party system. Military leader Amadou Toumani Toure stepped down after 14 months and now often mediates in regional political crises.</p>
</text>
<copyright>(c) Reuters Limited 1997</copyright>
<metadata>
<codes class="bip:countries:1.0">
  <code code="MALI">
    <editdetail attribution="Reuters BIP Coding Group" action="confirmed" date="1997-05-24"/>
  </code>
</codes>
<codes class="bip:topics:1.0">
  <code code="GCAT">
    <editdetail attribution="Reuters BIP Coding Group" action="confirmed" date="1997-05-24"/>
  </code>
  <code code="GPOL">
    <editdetail attribution="Reuters BIP Coding Group" action="confirmed" date="1997-05-24"/>
  </code>
  <code code="GVOTE">
    <editdetail attribution="Reuters BIP Coding Group" action="confirmed" date="1997-05-24"/>
  </code>
</codes>
<dc element="dc.date.created" value="1997-05-24"/>
<dc element="dc.publisher" value="Reuters Holdings Plc"/>
<dc element="dc.date.published" value="1997-05-24"/>
<dc element="dc.source" value="Reuters"/>
<dc element="dc.creator.location" value="BAMAKO"/>
<dc element="dc.creator.location.country.name" value="MALI"/>
<dc element="dc.source" value="Reuters"/>
</metadata>
</newsitem>
