<?xml version="1.0" encoding="iso-8859-1" ?>
<newsitem itemid="612242" id="root" date="1997-05-24" xml:lang="en">
<title>UK: Wilde reveals the self-importance of being Oscar.</title>
<headline>Wilde reveals the self-importance of being Oscar.</headline>
<dateline>LONDON 1997-05-24</dateline>
<text>
<p>Flamboyant playwright Oscar Wilde revealed the self-importance of being Oscar at an early age, a new literary discovery has revealed.</p>
<p>A previously unknown questionnaire filled in by Wilde at Oxford University in 1877 showed him honing his sarcastic wit at an early age.</p>
<p>Christie's the auctioneers told the London Times that the questionnaire will be auctioned next month.</p>
<p>Wilde, who died in penury after being disgraced and jailed for his homosexuality, mockingly told his fellow students that &quot;reading my sonnets&quot; was his favourite occupation.</p>
<p>The writer, who once told a U.S customs officer that all he had to declare was his genius, confessed in the questionnaire with great prescience that his aim in life was &quot;success, fame or even notoriety.&quot;</p>
</text>
<copyright>(c) Reuters Limited 1997</copyright>
<metadata>
<codes class="bip:countries:1.0">
  <code code="UK">
    <editdetail attribution="Reuters BIP Coding Group" action="confirmed" date="1997-05-24"/>
  </code>
</codes>
<codes class="bip:topics:1.0">
  <code code="GCAT">
    <editdetail attribution="Reuters BIP Coding Group" action="confirmed" date="1997-05-24"/>
  </code>
  <code code="GODD">
    <editdetail attribution="Reuters BIP Coding Group" action="confirmed" date="1997-05-24"/>
  </code>
  <code code="GPRO">
    <editdetail attribution="Reuters BIP Coding Group" action="confirmed" date="1997-05-24"/>
  </code>
</codes>
<dc element="dc.date.created" value="1997-05-24"/>
<dc element="dc.publisher" value="Reuters Holdings Plc"/>
<dc element="dc.date.published" value="1997-05-24"/>
<dc element="dc.source" value="Reuters"/>
<dc element="dc.creator.location" value="LONDON"/>
<dc element="dc.creator.location.country.name" value="UK"/>
<dc element="dc.source" value="Reuters"/>
</metadata>
</newsitem>
