<?xml version="1.0" encoding="iso-8859-1" ?>
<newsitem itemid="612234" id="root" date="1997-05-24" xml:lang="en">
<title>UK: Axa Belgian options still open - analysts.</title>
<headline>Axa Belgian options still open - analysts.</headline>
<dateline>LONDON 1997-05-23</dateline>
<text>
<p>French insurer Axa-UAP is expected to sell one of its two Belgian subsidiaries, but London based analysts said on Friday which one will go and when has yet to be decided.</p>
<p>&quot;Axa already had a decent business in Belgium before the UAP acquisition, so it was always on the cards to sell one or the other -- it could go either way,&quot; said one insurance analyst.</p>
<p>French newspaper Le Monde earlier reported that Axa will announce on May 28 the sale of Royale Belge. The report was denied by AXA-Belgium chief executive Patrick de Courcel.</p>
<p>&quot;I know there are lots of rumours in the market and the press at the moment, that we (AXA Belgium) or Royale Belge will be sold, but it's all crazy. Everything is pure speculation. There's nothing behind it,&quot; he told Reuters earlier.</p>
<p>Axa bought UAP last November and with it a controlling stake in Royale Belge, the second biggest Belgian insurer. Axa already owned Axa-Belgium, the fifth largest insurer in the country.</p>
<p>There is no pressure on Axa to sell either unit from a regulatory stance, a spokesman for Axa in Paris told Reuters.</p>
<p>However, in the longer term, analysts believe that the group will sell one of the companies rather than opt for a merger, which would take up a lot of management energy at a time when Axa-UAP has more pressing tasks, such as rationalising its French operations.</p>
<p>They said a case for selling either subsidiary could be made. Keeping Royale Belge would give Axa a larger share of the Belgian market, but integrating it into the group would be harder than keeping the majority owned Axa-Belgium.</p>
<p>The latter, being a wholly owned unit, would make a more attractive proposition to a prospective buyer, analysts said.</p>
<p>Switzerland's Winterthur Insurance Co and ING Groep NV, both named as potential buyers in press reports, said they had no comment to make.</p>
<p>Apart from ING and Winterthur, analysts said Allianz and Generali were in the frame as possible predators, with Royal &amp; Sun Alliance Plc very much an outsider.</p>
<p>According to 1995 figures, Axa-Belgium and Royale Belge had 15 percent of the Belgian life insurance market and around 20 percent of the non-life market.</p>
<p>Shares in Royale Belge pushed ahead to a new high for the year of 10,250 Belgian francs, before slipping back to 9,920 in late afternoon trade.</p>
<p>Analysts said the possibility of a sale was largely reflected in the price.</p>
<p>-- John Sanders, Reuters Insurance News +44 171 542 2769</p>
</text>
<copyright>(c) Reuters Limited 1997</copyright>
<metadata>
<codes class="bip:countries:1.0">
  <code code="BELG">
    <editdetail attribution="Reuters BIP Coding Group" action="confirmed" date="1997-05-24"/>
  </code>
  <code code="FRA">
    <editdetail attribution="Reuters BIP Coding Group" action="confirmed" date="1997-05-24"/>
  </code>
  <code code="UK">
    <editdetail attribution="Reuters BIP Coding Group" action="confirmed" date="1997-05-24"/>
  </code>
</codes>
<codes class="bip:industries:1.0">
  <code code="I81402">
    <editdetail attribution="Reuters BIP Coding Group" action="confirmed" date="1997-05-24"/>
  </code>
  <code code="I82000">
    <editdetail attribution="Reuters BIP Coding Group" action="confirmed" date="1997-05-24"/>
  </code>
  <code code="I82001">
    <editdetail attribution="Reuters BIP Coding Group" action="confirmed" date="1997-05-24"/>
  </code>
</codes>
<codes class="bip:topics:1.0">
  <code code="C11">
    <editdetail attribution="Reuters BIP Coding Group" action="confirmed" date="1997-05-24"/>
  </code>
  <code code="C18">
    <editdetail attribution="Reuters BIP Coding Group" action="confirmed" date="1997-05-24"/>
  </code>
  <code code="C181">
    <editdetail attribution="Reuters BIP Coding Group" action="confirmed" date="1997-05-24"/>
  </code>
  <code code="CCAT">
    <editdetail attribution="Reuters BIP Coding Group" action="confirmed" date="1997-05-24"/>
  </code>
</codes>
<dc element="dc.date.created" value="1997-05-23"/>
<dc element="dc.publisher" value="Reuters Holdings Plc"/>
<dc element="dc.date.published" value="1997-05-24"/>
<dc element="dc.source" value="Reuters"/>
<dc element="dc.creator.location" value="LONDON"/>
<dc element="dc.creator.location.country.name" value="UK"/>
<dc element="dc.source" value="Reuters"/>
</metadata>
</newsitem>
