<?xml version="1.0" encoding="iso-8859-1" ?>
<newsitem itemid="612279" id="root" date="1997-05-24" xml:lang="en">
<title>ZAIRE: Anti-Kabila march in Congo diamond town - residents.</title>
<headline>Anti-Kabila march in Congo diamond town - residents.</headline>
<dateline>KINSHASA 1997-05-24</dateline>
<text>
<p>Demonstrators denouncing the new government formed by Laurent Kabila marched in the streets of the Democratic Republic of Congo's diamond mining centre of Mbuji-Mayi on Friday, residents said on Saturday.</p>
<p>They said by telephone that Friday's protest was triggered by the exclusion from the government of veteran politician Etienne Tshisekedi, who comes from Kasai and has a huge following there.</p>
<p>&quot;There were lots of people demonstrating and troops fired into the air to disperse them,&quot; said one resident. The exact number of demonstrators was unclear.</p>
<p>The city was calm on Saturday with businesses open.</p>
<p>A week ago Kabila's Alliance of Democratic Forces for the Liberation of Congo (AFDL) entered the capital Kinshasa after long-serving president Mobutu Sese Seko fled.</p>
<p>In naming a new government, Kabila abolished the post of prime minister, which Tshisekedi claims for himself on the basis of a 1992 national conference although he was sacked by Mobutu.</p>
<p>Kabila's troops on Friday fired shots in the air in the capital Kinshasa to turn back a demonstration by a few hundred of Tshisekedi's supporters.</p>
<p>Tshisekedi was the most stubborn political opponent of Mobutu and has a strong following in Kasai and Kinshasa.</p>
<p>Mbuji-Mayi is home to the MIBA diamond mine, producing largely industrial-grade stones, which since the collapse of revenues from copper and cobalt mines in the early 1990s has become the state's main export revenue earner.</p>
</text>
<copyright>(c) Reuters Limited 1997</copyright>
<metadata>
<codes class="bip:countries:1.0">
  <code code="ZAIRE">
    <editdetail attribution="Reuters BIP Coding Group" action="confirmed" date="1997-05-24"/>
  </code>
</codes>
<codes class="bip:topics:1.0">
  <code code="GCAT">
    <editdetail attribution="Reuters BIP Coding Group" action="confirmed" date="1997-05-24"/>
  </code>
  <code code="GPOL">
    <editdetail attribution="Reuters BIP Coding Group" action="confirmed" date="1997-05-24"/>
  </code>
  <code code="GVIO">
    <editdetail attribution="Reuters BIP Coding Group" action="confirmed" date="1997-05-24"/>
  </code>
</codes>
<dc element="dc.date.created" value="1997-05-24"/>
<dc element="dc.publisher" value="Reuters Holdings Plc"/>
<dc element="dc.date.published" value="1997-05-24"/>
<dc element="dc.source" value="Reuters"/>
<dc element="dc.creator.location" value="KINSHASA"/>
<dc element="dc.creator.location.country.name" value="ZAIRE"/>
<dc element="dc.source" value="Reuters"/>
</metadata>
</newsitem>
