<?xml version="1.0" encoding="iso-8859-1" ?>
<newsitem itemid="612331" id="root" date="1997-05-24" xml:lang="en">
<title>TAIWAN: Taiwan to allow foreign workers to extend service.</title>
<headline>Taiwan to allow foreign workers to extend service.</headline>
<dateline>TAIPEI 1997-05-24</dateline>
<text>
<p>Taiwan will allow its 260,000 foreign workers on the island to extend their contracts from two to three years after repeated demands by their employers, labour officials said on Saturday.</p>
<p>&quot;The chairman has decided to allow the workers to work one more year in Taiwan after their two-year contracts expire,&quot; a spokesman of the Labour Affairs Council said by telephone.</p>
<p>He said council chairman Hsu Chieh-kuei gave the green light during a council meeting on Friday, but employers must apply on behalf of their employees for the extension of the service.</p>
<p>He expected the new measure to be effective next week after cabinet approval.</p>
<p>Taiwan has permitted nationals from Indonesia, Malaysia, the Philippines and Thailand to work in Taiwan. There are at present some 260,000 such workers, with Thais accounting for more than 60 percent of the foreign work force.</p>
<p>Workers are allowed to work no more than two years and must return home after their contracts expire.</p>
<p>Employers have protested against the requirement, saying it affects work efficency because many foreign workers have to leave Taiwan after they are trained and have begun to master their work.</p>
</text>
<copyright>(c) Reuters Limited 1997</copyright>
<metadata>
<codes class="bip:countries:1.0">
  <code code="TAIWAN">
    <editdetail attribution="Reuters BIP Coding Group" action="confirmed" date="1997-05-24"/>
  </code>
</codes>
<codes class="bip:topics:1.0">
  <code code="E41">
    <editdetail attribution="Reuters BIP Coding Group" action="confirmed" date="1997-05-24"/>
  </code>
  <code code="ECAT">
    <editdetail attribution="Reuters BIP Coding Group" action="confirmed" date="1997-05-24"/>
  </code>
  <code code="GCAT">
    <editdetail attribution="Reuters BIP Coding Group" action="confirmed" date="1997-05-24"/>
  </code>
  <code code="GJOB">
    <editdetail attribution="Reuters BIP Coding Group" action="confirmed" date="1997-05-24"/>
  </code>
</codes>
<dc element="dc.date.created" value="1997-05-24"/>
<dc element="dc.publisher" value="Reuters Holdings Plc"/>
<dc element="dc.date.published" value="1997-05-24"/>
<dc element="dc.source" value="Reuters"/>
<dc element="dc.creator.location" value="TAIPEI"/>
<dc element="dc.creator.location.country.name" value="TAIWAN"/>
<dc element="dc.source" value="Reuters"/>
</metadata>
</newsitem>
