<?xml version="1.0" encoding="iso-8859-1" ?>
<newsitem itemid="612306" id="root" date="1997-05-24" xml:lang="en">
<title>CUBA: Cuban presents document as &quot;plebiscite&quot;.</title>
<headline>Cuban presents document as &quot;plebiscite&quot;.</headline>
<byline>Frances Kerry</byline>
<dateline>HAVANA 1997-05-24</dateline>
<text>
<p>Cuba published a document on Saturday calling for the defence of its one-party socialist system and said discussion of the paper would represent a &quot;new plebiscite for the Cuban people&quot; on the revolution.</p>
<p>The document, which will be a focal point in the Oct. 8-10 Fifth Party Congress, was formally published by the ruling Communist Party daily Granma. It is due to be debated across the island of 11 million people from June 1 to July 15.</p>
<p>Granma said the nation was &quot;on the eve of what will be a new plebiscite of our heroic people for the Nation, the Revolution and Socialism&quot;.</p>
<p>&quot;Once more, dignity, reason, conscience and patriotism will predominate and will win,&quot; the newspaper said.</p>
<p>It argued there was no lack of democracy in Cuba when the masses &quot;discuss openly and frankly a document of this dimension&quot;.</p>
<p>The eight-page party document makes plain that at least at leadership level, President Fidel Castro's party is not planning any major political changes at the October congress, which will map strategy for the party and country into the year 2000 and beyond.</p>
<p>There has been no indication yet as to how far ordinary Cubans will be able to suggest or make changes to the document.</p>
<p>But Cuba's system means it is often not easy for people to express disagreement with the official line in organised gatherings, although they may grumble in their homes or among friends.</p>
<p>Granma itself indicated what was expected of citizens, saying the debate would spark wide reflections on &quot;patriotic, revolutionary and socialist convictions.&quot;</p>
<p>The document calls on Cubans to back the socialist system as the only means of preserving the island's independence. It draws heavily on history to argue there is no alternative for the country, urging Cubans to unite against what is portrayed as a greater than ever threat from the United States.</p>
<p>Washington's pressure for change in Cuba, a constant since the 1959 revolution that brought Castro to power, is always presented by Havana as an effort to erode the island's independence.</p>
<p>Granma's comment on Saturday stressed the breadth of the forthcoming debate, noting it will involve some 770,000 Communist Party members and nearly half a million Union of Youth Communists members.</p>
<p>Discussion will also be organised by 80,000 labour union branches, 120,000 neighbourhood committees, 76,000 women's union branches, 4,000 workers' cooperatives and 20,000 student union branches.</p>
<p>The newspaper gave as an example of people's overwhelming support for the &quot;revolution, the party and its historical leadership&quot; the recent signature by some eight million people of a declaration rejecting a White House document outlining international aid Cuba might receive if it embarked on a transition. People were urged to sign the declaration across the country.</p>
<p>The October party congress will be the first since October 1991, when Cuba was on the brink of severe economic crisis triggered by the demise of its old economic and political ally the former Soviet Union.</p>
<p>Cuba undertook some cautious economic reforms from 1993 onward. But Castro, 70, has made increasingly clear he does not view the island as on the road to capitalism.</p>
</text>
<copyright>(c) Reuters Limited 1997</copyright>
<metadata>
<codes class="bip:countries:1.0">
  <code code="CUBA">
    <editdetail attribution="Reuters BIP Coding Group" action="confirmed" date="1997-05-24"/>
  </code>
</codes>
<codes class="bip:topics:1.0">
  <code code="GCAT">
    <editdetail attribution="Reuters BIP Coding Group" action="confirmed" date="1997-05-24"/>
  </code>
  <code code="GPOL">
    <editdetail attribution="Reuters BIP Coding Group" action="confirmed" date="1997-05-24"/>
  </code>
</codes>
<dc element="dc.date.created" value="1997-05-24"/>
<dc element="dc.publisher" value="Reuters Holdings Plc"/>
<dc element="dc.date.published" value="1997-05-24"/>
<dc element="dc.source" value="Reuters"/>
<dc element="dc.creator.location" value="HAVANA"/>
<dc element="dc.creator.location.country.name" value="CUBA"/>
<dc element="dc.source" value="Reuters"/>
</metadata>
</newsitem>
