<?xml version="1.0" encoding="iso-8859-1" ?>
<newsitem itemid="612330" id="root" date="1997-05-24" xml:lang="en">
<title>SINGAPORE: Singapore and Brunei sign air services agreement.</title>
<headline>Singapore and Brunei sign air services agreement.</headline>
<dateline>SINGAPORE 1997-05-24</dateline>
<text>
<p>Singapore and Brunei signed an air services agreement in Singapore on Saturday, the Civil Aviation Authority of Singapore said in a statement.</p>
<p>The agreement puts in place an open skies arrangement between the two countries allowing the carriers of both countries to respond more effectively to market forces, the statement said.</p>
<p>Currently, Singapore Airlines flies seven times a week to Brunei while Royal Brunei Airlines operates 17 services to Singapore.</p>
<p>-- Singapore newsroom (65) 870-3080</p>
</text>
<copyright>(c) Reuters Limited 1997</copyright>
<metadata>
<codes class="bip:countries:1.0">
  <code code="BRUNEI">
    <editdetail attribution="Reuters BIP Coding Group" action="confirmed" date="1997-05-24"/>
  </code>
  <code code="SINGP">
    <editdetail attribution="Reuters BIP Coding Group" action="confirmed" date="1997-05-24"/>
  </code>
</codes>
<codes class="bip:industries:1.0">
  <code code="I75000">
    <editdetail attribution="Reuters BIP Coding Group" action="confirmed" date="1997-05-24"/>
  </code>
</codes>
<codes class="bip:topics:1.0">
  <code code="C31">
    <editdetail attribution="Reuters BIP Coding Group" action="confirmed" date="1997-05-24"/>
  </code>
  <code code="CCAT">
    <editdetail attribution="Reuters BIP Coding Group" action="confirmed" date="1997-05-24"/>
  </code>
  <code code="E51">
    <editdetail attribution="Reuters BIP Coding Group" action="confirmed" date="1997-05-24"/>
  </code>
  <code code="E512">
    <editdetail attribution="Reuters BIP Coding Group" action="confirmed" date="1997-05-24"/>
  </code>
  <code code="ECAT">
    <editdetail attribution="Reuters BIP Coding Group" action="confirmed" date="1997-05-24"/>
  </code>
</codes>
<dc element="dc.date.created" value="1997-05-24"/>
<dc element="dc.publisher" value="Reuters Holdings Plc"/>
<dc element="dc.date.published" value="1997-05-24"/>
<dc element="dc.source" value="Reuters"/>
<dc element="dc.creator.location" value="SINGAPORE"/>
<dc element="dc.creator.location.country.name" value="SINGAPORE"/>
<dc element="dc.source" value="Reuters"/>
</metadata>
</newsitem>
