<?xml version="1.0" encoding="iso-8859-1" ?>
<newsitem itemid="612310" id="root" date="1997-05-24" xml:lang="en">
<title>MEXICO: Colombian, Mexican drug traffickers found in Mexico.</title>
<headline>Colombian, Mexican drug traffickers found in Mexico.</headline>
<dateline>MEXICO CITY 1997-05-23</dateline>
<text>
<p>A Colombian drug trafficker and his dead Mexican counterpart were found on Wednesday in a car trunk in Mexico City, the Federal Attorney General's Office (PGR) said in a statement late on Friday.</p>
<p>Mexican Natalio Pena Munoz and Colombian Fernando Restrepo Munoz were found together in the trunk of a Ford Fairmont in a southern district of the city, the PGR said. Colombian officials were advised of Restrepo's whereabouts, it added.</p>
<p>&quot;The surviving Fernando Restrepo Morales...said that he and Natalio Pena Munoz did different narcotraffic related activities, transporting drugs from Colombia to the United States through Mexican territory,&quot; the PGR said.</p>
<p>The PGR did not provide further details.</p>
</text>
<copyright>(c) Reuters Limited 1997</copyright>
<metadata>
<codes class="bip:countries:1.0">
  <code code="COL">
    <editdetail attribution="Reuters BIP Coding Group" action="confirmed" date="1997-05-24"/>
  </code>
  <code code="MEX">
    <editdetail attribution="Reuters BIP Coding Group" action="confirmed" date="1997-05-24"/>
  </code>
</codes>
<codes class="bip:topics:1.0">
  <code code="GCAT">
    <editdetail attribution="Reuters BIP Coding Group" action="confirmed" date="1997-05-24"/>
  </code>
  <code code="GCRIM">
    <editdetail attribution="Reuters BIP Coding Group" action="confirmed" date="1997-05-24"/>
  </code>
</codes>
<dc element="dc.date.created" value="1997-05-23"/>
<dc element="dc.publisher" value="Reuters Holdings Plc"/>
<dc element="dc.date.published" value="1997-05-24"/>
<dc element="dc.source" value="Reuters"/>
<dc element="dc.creator.location" value="MEXICO CITY"/>
<dc element="dc.creator.location.country.name" value="MEXICO"/>
<dc element="dc.source" value="Reuters"/>
</metadata>
</newsitem>
