<?xml version="1.0" encoding="iso-8859-1" ?>
<newsitem itemid="612336" id="root" date="1997-05-24" xml:lang="en">
<title>THAILAND: Thai premier to thrash out woes with exporters.</title>
<headline>Thai premier to thrash out woes with exporters.</headline>
<dateline>BANGKOK 1997-05-24</dateline>
<text>
<p>Leading Thai exporters representing key production sectors will meet top government officials on Sunday to find ways to beat a sharp slowdown in export growth, trade sources said on Saturday.</p>
<p>Business leaders will meet behind closed doors at the eastern resort of Pattaya with Prime Minister Chavalit Yongchaiyudh, Commerce Minister Narongchai Akrasanee and Finance Minister Amnuay Viravan to discuss problems and solutions.</p>
<p>Thailand's exports contracted 0.2 percent last year against a 23.6 percent growth posted in 1995.</p>
<p>The performance in the first four months of this year has been disappointing with one percent growth in exports against a 7.7 percent growth target set by the central bank for 1997.</p>
<p>Slow exports have added to other economic woes for Thailand, whose economy is expected to grow at a decade-low rate of about six percent and where high interest rates have dampened businesses.</p>
<p>The stock market has plunged, the baht has been attacked this year by offshore speculators and the finance and property sectors have been hit by liquidity problems.</p>
<p>Government officials expect the sluggish exports pattern to change for the better in the second half of this year.</p>
<p>Exporters and analysts have blamed Thailand's export woes on tight credit availablity due to high interest rates, foreign exchange problems with the baht under intermittent attack by offshore speculators, delays in getting value-added tax refunds from the government and complex customs clearance procedures.</p>
<p>Narongchai has said that Thai exporters need to restructure their exports and adapt to shifts in global trading trends and make more investments in newer industries while getting out of sunset industries such as textiles, leather and consumer items.</p>
<p>He has also suggested an upgrading of technology and worker skills at manufacturing plants to produce higher quality goods.</p>
<p>Narongchai has also pledged that the government will take measures to overcome administrative problems faced by exporters, fight to gain more access for Thai exports in countries with trade barriers and open up new markets.</p>
</text>
<copyright>(c) Reuters Limited 1997</copyright>
<metadata>
<codes class="bip:countries:1.0">
  <code code="THAIL">
    <editdetail attribution="Reuters BIP Coding Group" action="confirmed" date="1997-05-24"/>
  </code>
</codes>
<codes class="bip:topics:1.0">
  <code code="E51">
    <editdetail attribution="Reuters BIP Coding Group" action="confirmed" date="1997-05-24"/>
  </code>
  <code code="E512">
    <editdetail attribution="Reuters BIP Coding Group" action="confirmed" date="1997-05-24"/>
  </code>
  <code code="ECAT">
    <editdetail attribution="Reuters BIP Coding Group" action="confirmed" date="1997-05-24"/>
  </code>
</codes>
<dc element="dc.date.created" value="1997-05-24"/>
<dc element="dc.publisher" value="Reuters Holdings Plc"/>
<dc element="dc.date.published" value="1997-05-24"/>
<dc element="dc.source" value="Reuters"/>
<dc element="dc.creator.location" value="BANGKOK"/>
<dc element="dc.creator.location.country.name" value="THAILAND"/>
<dc element="dc.source" value="Reuters"/>
</metadata>
</newsitem>
