<?xml version="1.0" encoding="iso-8859-1" ?>
<newsitem itemid="612375" id="root" date="1997-05-24" xml:lang="en">
<title>LEBANON: Israeli troops kill Hizbollah gunman in Lebanon.</title>
<headline>Israeli troops kill Hizbollah gunman in Lebanon.</headline>
<dateline>BEIRUT 1997-05-24</dateline>
<text>
<p>Israeli troops killed a pro-Iranian Hizbollah guerrilla and wounded three others north of Israel's occupation zone in south Lebanon, the Moslem group said on Saturday.</p>
<p>&quot;A group of Israeli troops tried early on Saturday to infiltrate outside the zone toward the village of Zibqin when it clashed with our guerrillas at close distance. One of our brave fighters was killed and three were wounded,&quot; Hizbollah said in a statement.</p>
<p>&quot;The Israeli group suffered several casualties,&quot; it said.</p>
<p>Earlier an Israeli military statement said its forces had killed one guerrilla, wounded several and suffered no casualties.</p>
<p>It brought to 12 the number of Hizbollah guerrillas killed in clashes with Israeli troops in south Lebanon this year. Nine Israeli soldiers were killed and 36 wounded in the same period.</p>
<p>The Israeli statement said: &quot;An Israeli army force operating in the western sector north of the security zone in south Lebanon (on Friday) night killed one terrorist and injured several other terrorists. The Israeli forces suffered no casualties.&quot;</p>
<p>On May 15, pro-Iranian Hizbollah guerrillas killed three Israeli soldiers and wounded seven in a clash in south Lebanon. Israeli aircraft launched several attacks on south Lebanon over the next three days.</p>
<p>Hizbollah attacks Israeli forces and their militia allies in a bid to oust them from the 15 km (nine-mile) -wide occupation zone in south Lebanon.</p>
</text>
<copyright>(c) Reuters Limited 1997</copyright>
<metadata>
<codes class="bip:countries:1.0">
  <code code="ISRAEL">
    <editdetail attribution="Reuters BIP Coding Group" action="confirmed" date="1997-05-24"/>
  </code>
  <code code="LEBAN">
    <editdetail attribution="Reuters BIP Coding Group" action="confirmed" date="1997-05-24"/>
  </code>
</codes>
<codes class="bip:topics:1.0">
  <code code="GCAT">
    <editdetail attribution="Reuters BIP Coding Group" action="confirmed" date="1997-05-24"/>
  </code>
  <code code="GVIO">
    <editdetail attribution="Reuters BIP Coding Group" action="confirmed" date="1997-05-24"/>
  </code>
</codes>
<dc element="dc.date.created" value="1997-05-24"/>
<dc element="dc.publisher" value="Reuters Holdings Plc"/>
<dc element="dc.date.published" value="1997-05-24"/>
<dc element="dc.source" value="Reuters"/>
<dc element="dc.creator.location" value="BEIRUT"/>
<dc element="dc.creator.location.country.name" value="LEBANON"/>
<dc element="dc.source" value="Reuters"/>
</metadata>
</newsitem>
