<?xml version="1.0" encoding="iso-8859-1" ?>
<newsitem itemid="612371" id="root" date="1997-05-24" xml:lang="en">
<title>MOROCCO: Zaire's Mobutu expected to go to France in June.</title>
<headline>Zaire's Mobutu expected to go to France in June.</headline>
<byline>Ali Bouzerda</byline>
<dateline>RABAT 1997-05-24</dateline>
<text>
<p>Zaire's ousted president Mobutu Sese Seko, given asylum in Morocco for &quot;humanitarian reasons&quot;, is expected to leave for France at the beginning of June, a senior Moroccan official said on Saturday.</p>
<p>&quot;President Mobutu, who was welcomed by Morocco for humanitarian reasons, is expected to leave for France as his final destination at the beginning of June unless there are complications in his health,&quot; the official, who declined to be named, told Reuters.</p>
<p>Mobutu, 66, and members of his family arrived on Friday in Morocco and are staying in the heavily guarded Amphitrite Hotel at the seaside next to the royal palace at Skhirat, 20 kms (12 miles) south of Rabat.</p>
<p>Quoting a government statement, the official news agency MAP said: &quot;President Mobutu has asked permission to spend a few days in Morocco for health reasons before going to his permanent place of residence.&quot;</p>
<p>Mobutu owns a mansion on the French Riviera near Monte Carlo where he convalesced after being treated for prostate cancer earlier this year.</p>
<p>French Prime Minister Alain Juppe said on Friday that France would consider a request for asylum but had not received one.</p>
<p>&quot;France has received no request from Marshal Mobutu,&quot; Juppe told France-Info radio. &quot;We would look into it,&quot; he added when asked what he would do if he received such a request.</p>
<p>A Rabat-based Western diplomat said Mobutu would leave Morocco after the parliamentary election in France, &quot;to avoid embarrassing French President Jacques Chirac's supporters&quot;. The first round of the election is on Sunday and the second a week later, on June 1.</p>
</text>
<copyright>(c) Reuters Limited 1997</copyright>
<metadata>
<codes class="bip:countries:1.0">
  <code code="FRA">
    <editdetail attribution="Reuters BIP Coding Group" action="confirmed" date="1997-05-24"/>
  </code>
  <code code="MOROC">
    <editdetail attribution="Reuters BIP Coding Group" action="confirmed" date="1997-05-24"/>
  </code>
  <code code="ZAIRE">
    <editdetail attribution="Reuters BIP Coding Group" action="confirmed" date="1997-05-24"/>
  </code>
</codes>
<codes class="bip:topics:1.0">
  <code code="GCAT">
    <editdetail attribution="Reuters BIP Coding Group" action="confirmed" date="1997-05-24"/>
  </code>
  <code code="GDIP">
    <editdetail attribution="Reuters BIP Coding Group" action="confirmed" date="1997-05-24"/>
  </code>
  <code code="GPOL">
    <editdetail attribution="Reuters BIP Coding Group" action="confirmed" date="1997-05-24"/>
  </code>
  <code code="GPRO">
    <editdetail attribution="Reuters BIP Coding Group" action="confirmed" date="1997-05-24"/>
  </code>
</codes>
<dc element="dc.date.created" value="1997-05-24"/>
<dc element="dc.publisher" value="Reuters Holdings Plc"/>
<dc element="dc.date.published" value="1997-05-24"/>
<dc element="dc.source" value="Reuters"/>
<dc element="dc.creator.location" value="RABAT"/>
<dc element="dc.creator.location.country.name" value="MOROCCO"/>
<dc element="dc.source" value="Reuters"/>
</metadata>
</newsitem>
