<?xml version="1.0" encoding="iso-8859-1" ?>
<newsitem itemid="612324" id="root" date="1997-05-24" xml:lang="en">
<title>HONG KONG: FOCUS - HK airlines cancel flights after problems.</title>
<headline>FOCUS - HK airlines cancel flights after problems.</headline>
<byline>Carrie Lee</byline>
<dateline>HONG KONG 1997-05-24</dateline>
<text>
<p>Hong Kong's two airlines said they suspended a total of 15 Airbus Industrie A330-300 aircraft on Saturday, leading to the cancellation of 25 flights, as a result of concerns about their Rolls-Royce engines.</p>
<p>Cathay Pacific Airways Ltd suspended 11 aircraft and Hong Kong Dragon Airlines Ltd (Dragonair) suspended four, both because of questions about the reliability of their Rolls-Royce Trent 700 engines.</p>
<p>By contrast, Indonesia's flag carrier Garuda Indonesia said on Saturday it intended to continue flying its six A330-300 aircraft which have the same engine types.</p>
<p>The suspensions followed the failure of a Trent 700 engine on a Dragonair A330 on Friday. Flight KA/MH061 from Hong Kong made an emergency landing on one of its two engines at Subic Bay in the Philippines after developing engine trouble en route to Kota Kinabalu in Malaysia.</p>
<p>It was the latest in a series of single-engine landings  by Airbus A330-300 planes from the two airlines.</p>
<p>Cathay, the territory's flag carrier, said it had cancelled 18 flights, or 15 percent of all its services, on Saturday. Some other flights were being rescheduled.</p>
<p>The cancelled flights included those from Hong Kong to Jakarta, Singapore, Seoul, Kansai, Taipei and Perth, and to the territory from Taipei, Singapore, Penang, Jakarta, Tokyo, Bangkok and Cairns. A flight from Bangkok to Colombo had also been cancelled.</p>
<p>Most of the passengers on the cancelled flights were put on other flights, a Cathay spokeswoman told Reuters.</p>
<p>The carrier did not ground its four Boeing Co B-777 aircraft, which are powered by another type of Rolls-Royce Trent engine.</p>
<p>&quot;There's a big differentiation between the two engine types. There is absolutely no connection. They are completely different engines,&quot; the Cathay spokeswoman said.</p>
<p>A spokeswoman from Dragonair said the carrier had cancelled seven flights and rescheduled eight on Saturday. Passengers from the cancelled flights were being booked on other airlines.</p>
<p>She gave no further information on the affected flights.</p>
<p>Anthony Philips, another spokesman for Dragonair, told Reuters the suspended aircraft mainly served routes to Beijing, Shanghai, Kaohsiung and Xiamen.</p>
<p>The Dragonair spokeswoman said the suspension also led to the downgrading of seats for some passengers.</p>
<p>Thousands of passengers were believed to be affected by the aircraft suspensions although neither carrier would give a figure.</p>
<p>&quot;A combination of re-scheduling the unaffected seven aircraft A320 fleet and transferring passengers to other carriers aims to ensure that 90 percent of Dragonair travellers should be able to reach their destinations as planned today,&quot; Dragonair said in a statement.</p>
<p>Another Cathay spokeswoman said the airline did not aim at putting on replacement aircraft, while the Draganair statement said it was evaluating whether to lease additional aircraft on a short-term basis to offset lost A330 capacity.</p>
<p>The Cathay spokeswoman said the amount of cargoes being affected was insignificant. &quot;There is not a significant amount of cargo being affected at this point in time,&quot; she said, declining to disclose their value for &quot;commercial reasons&quot;.</p>
<p>The airline had been been helping shippers send their cargoes on other flights unless they wanted to keep them temporarily, she said.</p>
<p>Dragonair gave no information on the impact on cargoes.</p>
<p>Swire Pacific Ltd and Cathay Pacific Airways Ltd together hold about 26 percent of Dragonair, whose major shareholder is China National Aviation Corp.</p>
<p>The two carriers said they took the precaution of suspending A330-300 operations until the engine manufacturer could provide sufficient assurance that the reliability problems of the engine were resolved.</p>
<p>Cathay's engineering director, Rowland Fairfield, said the aircraft could be grounded for weeks.</p>
<p>&quot;It's difficult to predict precisely -- anywhere between a few days and a few weeks,&quot; he told local radio.</p>
<p>The airlines said the problem with an engine part in the Rolls-Royce Trent 700 engine had been &quot;clearly identified and understood&quot; and a long-term design solution had been found.</p>
<p>But the design would have to be endurance tested before it could be released for service, the carriers said.</p>
</text>
<copyright>(c) Reuters Limited 1997</copyright>
<metadata>
<codes class="bip:countries:1.0">
  <code code="HKONG">
    <editdetail attribution="Reuters BIP Coding Group" action="confirmed" date="1997-05-24"/>
  </code>
  <code code="UK">
    <editdetail attribution="Reuters BIP Coding Group" action="confirmed" date="1997-05-24"/>
  </code>
</codes>
<codes class="bip:industries:1.0">
  <code code="I36400">
    <editdetail attribution="Reuters BIP Coding Group" action="confirmed" date="1997-05-24"/>
  </code>
  <code code="I3640002">
    <editdetail attribution="Reuters BIP Coding Group" action="confirmed" date="1997-05-24"/>
  </code>
  <code code="I3640010">
    <editdetail attribution="Reuters BIP Coding Group" action="confirmed" date="1997-05-24"/>
  </code>
  <code code="I75000">
    <editdetail attribution="Reuters BIP Coding Group" action="confirmed" date="1997-05-24"/>
  </code>
</codes>
<codes class="bip:topics:1.0">
  <code code="C21">
    <editdetail attribution="Reuters BIP Coding Group" action="confirmed" date="1997-05-24"/>
  </code>
  <code code="C24">
    <editdetail attribution="Reuters BIP Coding Group" action="confirmed" date="1997-05-24"/>
  </code>
  <code code="CCAT">
    <editdetail attribution="Reuters BIP Coding Group" action="confirmed" date="1997-05-24"/>
  </code>
</codes>
<dc element="dc.date.created" value="1997-05-24"/>
<dc element="dc.publisher" value="Reuters Holdings Plc"/>
<dc element="dc.date.published" value="1997-05-24"/>
<dc element="dc.source" value="Reuters"/>
<dc element="dc.creator.location" value="HONG KONG"/>
<dc element="dc.creator.location.country.name" value="HONG KONG"/>
<dc element="dc.source" value="Reuters"/>
</metadata>
</newsitem>
