<?xml version="1.0" encoding="iso-8859-1" ?>
<newsitem itemid="612376" id="root" date="1997-05-24" xml:lang="en">
<title>IRAN: Iran moderate Khatami holds lead for presidency.</title>
<headline>Iran moderate Khatami holds lead for presidency.</headline>
<byline>Barry May</byline>
<dateline>TEHRAN 1997-05-24</dateline>
<text>
<p>Moderate former culture minister Mohammad Khatami looked headed on Saturday for an upset victory in Iran's presidential election.</p>
<p>The Iranian news agency IRNA said latest &quot;unofficial&quot; figures showed Khatami, a moderate compared with most of the conservative Shi'ite Moslem clergymen who run the Islamic republic, had won 10,389,372 of the 15,367,108 votes counted so far.</p>
<p>His main rival, conservative parliament speaker Ali Akbar Nateq-Nouri who had until recently been expected to become Iran's next president, won only 4,118,869 votes.</p>
<p>Two minor candidates won fewer than 400,000 votes apiece.</p>
<p>Analysts said if the trend continued, the result would be the biggest political upset in the history of Iran's 18-year-old revolution.</p>
<p>With 33 million people aged 15 and over eligible to vote, it remained to be seen if Khatami would head for a landslide or see his lead eroded by rural support for Nateq-Nouri. A candidate has to win half of all votes to win in the first round.</p>
<p>Nateq-Nouri is a traditionalist backed by influential conservative clerics and merchants. He was considered the establishment candidate and was expected to be stronger in rural areas, where vote counting was likely to take longer.</p>
<p>Alireza Tabesh, the official in charge of the election, said the turnout in Friday's ballot was &quot;unprecedentedly heavy&quot;. Polling was extended for four additional hours because of queues of people waiting to vote.</p>
<p>The election was to choose a successor to President Akbar Hashemi Rafsanjani, who must step down in August after serving the maximum two four-year terms allowed by law.</p>
<p>Campaigning was the fiercest political battle between conservative clerics and moderates since the 1979 Islamic revolution toppled the pro-American shah. Both Khatami and Nateq-Nouri are 54-year-old middle-ranking clergymen.</p>
<p>Khatami's campaign was backed by centrists close to Rafsanjani and Islamist left-wingers who have moderated many of their views in recent years.</p>
<p>The unlikely coalition was formed to counter conservatives which Khatami's backers accused of trying to monopolise state power by adding the presidency to their control of parliament.</p>
<p>Khatami owes his appeal to a reputation as an open-minded religious intellectual and tolerant politician. He gained wide support among women, young people and intellectuals who fear a harder application of Islamic rules in everyday life and restrictions on freedom of expression.</p>
<p>Khatami has advocated more personal freedom, domocracy and the rule of law in a country where many complain that state bodies act arbitrarily and rules change according to officials' personal preferences.</p>
<p>Khatami appears to have also drawn many votes from devout Iranians because he holds the title of Seyyed as someone believed to be a descendant of Islam's founder Prophet Mohammad.</p>
<p>All four candidates were screened by a conservative group of senior clergy and lawyers before being allowed to run. The group rejected 234 other candidates for failing to match up to Islamic revolutionary ideals.</p>
<p>Iran's supreme leader Ayatollah Ali Khamenei, who outranks the president, tacitly supported Nateq-Nouri. He said voters should choose someone who could &quot;stand against America and those who want to impose their will on our nation&quot;.</p>
</text>
<copyright>(c) Reuters Limited 1997</copyright>
<metadata>
<codes class="bip:countries:1.0">
  <code code="IRAN">
    <editdetail attribution="Reuters BIP Coding Group" action="confirmed" date="1997-05-24"/>
  </code>
</codes>
<codes class="bip:topics:1.0">
  <code code="GCAT">
    <editdetail attribution="Reuters BIP Coding Group" action="confirmed" date="1997-05-24"/>
  </code>
  <code code="GPOL">
    <editdetail attribution="Reuters BIP Coding Group" action="confirmed" date="1997-05-24"/>
  </code>
  <code code="GVOTE">
    <editdetail attribution="Reuters BIP Coding Group" action="confirmed" date="1997-05-24"/>
  </code>
</codes>
<dc element="dc.date.created" value="1997-05-24"/>
<dc element="dc.publisher" value="Reuters Holdings Plc"/>
<dc element="dc.date.published" value="1997-05-24"/>
<dc element="dc.source" value="Reuters"/>
<dc element="dc.creator.location" value="TEHRAN"/>
<dc element="dc.creator.location.country.name" value="IRAN"/>
<dc element="dc.source" value="Reuters"/>
</metadata>
</newsitem>
