<?xml version="1.0" encoding="iso-8859-1" ?>
<newsitem itemid="612325" id="root" date="1997-05-24" xml:lang="en">
<title>INDONESIA: Indonesian mob sets church, buildings ablaze.</title>
<headline>Indonesian mob sets church, buildings ablaze.</headline>
<byline>Jim Della-Giacoma</byline>
<dateline>BANJARMASIN, Indonesia 1997-05-24</dateline>
<text>
<p>A residential area in the centre of Banjarmasin was still burning on Saturday, 24 hours after a rampaging mob torched a church and set homes, a hotel and a shopping complex ablaze on the last day of Indonesia's general election campaign.</p>
<p>Troops and police stood guard at intersections and sealed off burned out areas, including the town's main four-star Hotel Kalimantan and a multi-level complex in the main shopping district.</p>
<p>The town, the capital of South Kalimantan province on Indonesia's side of Borneo island, was tense on Saturday, but the violence had died down and police imposed a curfew from eight p.m. to five a.m.</p>
<p>The official Antara news agency quoted police as saying four people had died in the rioting after being trapped in burning buildings. A local source said one body was found in the burnt hotel.</p>
<p>Police said they had arrested 50 people.</p>
<p>Town residents said the first signs of trouble came when supporters of Indonesia's ruling Golkar party paraded through the streets and were confronted by partisans of the Moslem-oriented United Development Party (PPP).</p>
<p>The riot started when angry Moslems poured out of mosques after Friday noon prayers and went on a rampage, marching up and down the streets and hurling stones at churches and Chinese shops.</p>
<p>The Batak Protestant church, about a half km (quarter mile) from a huge mosque, listed in guidebooks as the second largest in Indonesia, was attacked about 5 p.m., the church caretaker said.</p>
<p>&quot;They came at five o'clock. They took out the chairs and tables and burned the chairs and tables in the street and then burned the church.</p>
<p>&quot;That means it's been going on for 24 hours,&quot; he said pointing to the smoke still rising from the ruins. Only one wall of the wooden church was left standing.</p>
<p>Residents said six other churches had been looted or stoned.</p>
<p>The flames from the Batak church spread to a residential area behind the building which the caretaker -- who refused to give his name -- said housed some 500 families. Flimsy shacks vanished in the blaze, while a three-storey apartment block was gutted.</p>
<p>The homes closest to the church belonged to Chinese, who are a frequent target of rioting Moslem mobs in Indonesia. Moslem homes lying further back were also destroyed.</p>
<p>A Chinese woman sifting through the debris of her home said perhaps the Moslems were jealous of Chinese wealth.</p>
<p>&quot;Maybe they're jealous of our economic position. It has happened elsewhere in Indonesia and now it's happened here,&quot; she said.</p>
<p>The ground-floor shopping arcade at the Hotel Kalimantan and the four floors above housing the hotel itself were gutted. Other nearby buildings had their windows smashed.</p>
<p>The multi-level shopping complex further along Pangeran Samudera Street was burned out.</p>
<p>A number of other areas on Java island, including the nation's capital Jakarta, and South Sulawesi were also hit by violence on Friday, the final day of campaigning for general elections next Thursday.</p>
<p>The country started a five-day cooling off period on Saturday ahead of the polls, and no further trouble was reported.</p>
</text>
<copyright>(c) Reuters Limited 1997</copyright>
<metadata>
<codes class="bip:countries:1.0">
  <code code="INDON">
    <editdetail attribution="Reuters BIP Coding Group" action="confirmed" date="1997-05-24"/>
  </code>
</codes>
<codes class="bip:topics:1.0">
  <code code="GCAT">
    <editdetail attribution="Reuters BIP Coding Group" action="confirmed" date="1997-05-24"/>
  </code>
  <code code="GPOL">
    <editdetail attribution="Reuters BIP Coding Group" action="confirmed" date="1997-05-24"/>
  </code>
  <code code="GREL">
    <editdetail attribution="Reuters BIP Coding Group" action="confirmed" date="1997-05-24"/>
  </code>
  <code code="GVIO">
    <editdetail attribution="Reuters BIP Coding Group" action="confirmed" date="1997-05-24"/>
  </code>
  <code code="GVOTE">
    <editdetail attribution="Reuters BIP Coding Group" action="confirmed" date="1997-05-24"/>
  </code>
</codes>
<dc element="dc.date.created" value="1997-05-24"/>
<dc element="dc.publisher" value="Reuters Holdings Plc"/>
<dc element="dc.date.published" value="1997-05-24"/>
<dc element="dc.source" value="Reuters"/>
<dc element="dc.creator.location" value="BANJARMASIN, Indonesia"/>
<dc element="dc.creator.location.country.name" value="INDONESIA"/>
<dc element="dc.source" value="Reuters"/>
</metadata>
</newsitem>
