<?xml version="1.0" encoding="iso-8859-1" ?>
<newsitem itemid="612394" id="root" date="1997-05-24" xml:lang="en">
<title>ISRAEL: Arafat-ordered audit finds Palestinian corruption.</title>
<headline>Arafat-ordered audit finds Palestinian corruption.</headline>
<dateline>GAZA 1997-05-24</dateline>
<text>
<p>An auditing office set up by Palestinian President Yasser Arafat said on Saturday the self-rule government in the West Bank and Gaza had misused $326 million in public funds last year.</p>
<p>The 600-page report by the Palestinian Authority's Monitoring Institution was the first official criticism of corruption within the administration since self-rule began in 1994.</p>
<p>&quot;We have estimated the mismanagement and squandering of public funds at around $326 million in one year from December 1995 to December 1996,&quot; Monitoring Institution chief Jarrar al-Qudwa told Reuters.</p>
<p>He said the report, a copy of which was handed to Arafat, had not been made public yet.</p>
<p>Qudwa's comments coincided with increasing complaints by Palestinians and their elected representatives in the Palestinian Legislative Council of corruption by cabinet officials and government employees.</p>
<p>Palestinian lawmakers on Wednesday charged that the Palestinian Authority was using taxpayers' money on villas and cars for ministers and other senior officials.</p>
<p>&quot;For example we found that $45-$50 million should have gone to the budget from custom fees on cars, but this money was lost on giving people cars without paying customs,&quot; Qudwa said.</p>
<p>He said the Palestinian Authority's losses from mismanaging funds for projects and improper distribution of state land was estimated at $67 million.</p>
<p>He did not say if any of the mismanaged money came from donations from foreign states.</p>
<p>&quot;Our report mentions some officials by name who have given certain companies projects to work on because they have personal interests with those companies,&quot; Qudwa told Voice of Palestine radio.</p>
<p>He said his report would be made public soon.</p>
<p>&quot;Any money that is spent without the permission of the Finance Ministry is money squandered,&quot; he said.</p>
<p>Finance Minister Mohammad Zuhdi al-Nashashibi acknowledged publicly last week that several companies functioning in the Gaza Strip and the West Bank had not paid taxes.</p>
<p>He also said reform was needed in Palestinian Authority ministries.</p>
</text>
<copyright>(c) Reuters Limited 1997</copyright>
<metadata>
<codes class="bip:countries:1.0">
  <code code="ISRAEL">
    <editdetail attribution="Reuters BIP Coding Group" action="confirmed" date="1997-05-24"/>
  </code>
</codes>
<codes class="bip:topics:1.0">
  <code code="E21">
    <editdetail attribution="Reuters BIP Coding Group" action="confirmed" date="1997-05-24"/>
  </code>
  <code code="E211">
    <editdetail attribution="Reuters BIP Coding Group" action="confirmed" date="1997-05-24"/>
  </code>
  <code code="ECAT">
    <editdetail attribution="Reuters BIP Coding Group" action="confirmed" date="1997-05-24"/>
  </code>
  <code code="GCAT">
    <editdetail attribution="Reuters BIP Coding Group" action="confirmed" date="1997-05-24"/>
  </code>
  <code code="GCRIM">
    <editdetail attribution="Reuters BIP Coding Group" action="confirmed" date="1997-05-24"/>
  </code>
  <code code="GPOL">
    <editdetail attribution="Reuters BIP Coding Group" action="confirmed" date="1997-05-24"/>
  </code>
</codes>
<dc element="dc.date.created" value="1997-05-24"/>
<dc element="dc.publisher" value="Reuters Holdings Plc"/>
<dc element="dc.date.published" value="1997-05-24"/>
<dc element="dc.source" value="Reuters"/>
<dc element="dc.creator.location" value="GAZA"/>
<dc element="dc.creator.location.country.name" value="ISRAEL"/>
<dc element="dc.source" value="Reuters"/>
</metadata>
</newsitem>
