<?xml version="1.0" encoding="iso-8859-1" ?>
<newsitem itemid="612323" id="root" date="1997-05-24" xml:lang="en">
<title>CHINA: China mine explosion kills 28, two missing.</title>
<headline>China mine explosion kills 28, two missing.</headline>
<dateline>BEIJING 1997-05-24</dateline>
<text>
<p>A gas explosion is feared to have killed 30 coal miners in China's Inner Mongolia region.</p>
<p>The blast ripped through the Tongda mine in Wuhai City at 5.40 p.m. last Monday while 30 workers were underground, the Inner Mongolia Daily reported in an edition seen in Beijing on Saturday.</p>
<p>Emergency teams had recovered 28 bodies by the weekend and two men still missing were unlikely to be found alive, an official at rescue headquarters said by telephone from on Saturday.</p>
<p>The cause of the explosion was still under investigation, he said</p>
<p>Explosions and other accidents kill up to 10,000 Chinese miners a year, mainly at badly run village pits. The government has vowed to sack directors of mines in which accidents kill 10 or more people.</p>
<p>Gas explosions have already killed 31 this month at a coal mine in the eastern province of Shandong and 12 workers at a private mine in Guizhou province in the south-west.</p>
</text>
<copyright>(c) Reuters Limited 1997</copyright>
<metadata>
<codes class="bip:countries:1.0">
  <code code="CHINA">
    <editdetail attribution="Reuters BIP Coding Group" action="confirmed" date="1997-05-24"/>
  </code>
  <code code="MONGLA">
    <editdetail attribution="Reuters BIP Coding Group" action="confirmed" date="1997-05-24"/>
  </code>
</codes>
<codes class="bip:industries:1.0">
  <code code="I11000">
    <editdetail attribution="Reuters BIP Coding Group" action="confirmed" date="1997-05-24"/>
  </code>
</codes>
<codes class="bip:topics:1.0">
  <code code="C24">
    <editdetail attribution="Reuters BIP Coding Group" action="confirmed" date="1997-05-24"/>
  </code>
  <code code="CCAT">
    <editdetail attribution="Reuters BIP Coding Group" action="confirmed" date="1997-05-24"/>
  </code>
  <code code="GCAT">
    <editdetail attribution="Reuters BIP Coding Group" action="confirmed" date="1997-05-24"/>
  </code>
  <code code="GDIS">
    <editdetail attribution="Reuters BIP Coding Group" action="confirmed" date="1997-05-24"/>
  </code>
</codes>
<dc element="dc.date.created" value="1997-05-24"/>
<dc element="dc.publisher" value="Reuters Holdings Plc"/>
<dc element="dc.date.published" value="1997-05-24"/>
<dc element="dc.source" value="Reuters"/>
<dc element="dc.creator.location" value="BEIJING"/>
<dc element="dc.creator.location.country.name" value="CHINA"/>
<dc element="dc.source" value="Reuters"/>
</metadata>
</newsitem>
