<?xml version="1.0" encoding="iso-8859-1" ?>
<newsitem itemid="612307" id="root" date="1997-05-24" xml:lang="en">
<title>ARGENTINA: Argentine Di Tella says U.S. &quot;carnal relations&quot; over.</title>
<headline>Argentine Di Tella says U.S. &quot;carnal relations&quot; over.</headline>
<dateline>BUENOS AIRES 1997-05-24</dateline>
<text>
<p>Argentina's &quot;carnal relations&quot; with the United States are over now that the country is firmly part of the Western alliance, Foreign Minister Guido Di Tella said in an interview on Saturday.</p>
<p>In the early 1990s, Di Tella caused controversy in Argentina, long a nonaligned nation with a history of anti- Americanism, when he described the new, friendlier relations with the United States as &quot;carnal.&quot;</p>
<p>But he told the La Nacion newspaper that Argentine relations with the United States were now on solid enough ground to allow for a more critical, less passionate, posture.</p>
<p>&quot;At the beginning we needed to clearly and categorically affirm our alignment with the West, but that stage has now passed. Now we can criticise American commercial policies,&quot; Di Tella said.</p>
<p>&quot;After all these years, some things are now taken for granted,&quot; he added, describing &quot;carnal relations&quot; as &quot;part of the first period.&quot;</p>
<p>South America's Mercosur trade bloc -- which includes the continent's two giants, Argentina and Brazil -- are locked in tough negotiations with the United States over the creation of a free-trade area throughout the Americas.</p>
<p>Talks two weeks ago in the Brazilian city of Belo Horizonte failed to make much progress, and the South Americans are also considering a rival free-trade offer from the European Union.</p>
<p>Argentina ended decades of economic isolationism and non alignment when current Peronist President Carlos Menem came to power in 1989, privatising industries and inviting foreign investment.</p>
</text>
<copyright>(c) Reuters Limited 1997</copyright>
<metadata>
<codes class="bip:countries:1.0">
  <code code="ARG">
    <editdetail attribution="Reuters BIP Coding Group" action="confirmed" date="1997-05-24"/>
  </code>
  <code code="USA">
    <editdetail attribution="Reuters BIP Coding Group" action="confirmed" date="1997-05-24"/>
  </code>
</codes>
<codes class="bip:topics:1.0">
  <code code="GCAT">
    <editdetail attribution="Reuters BIP Coding Group" action="confirmed" date="1997-05-24"/>
  </code>
  <code code="GDIP">
    <editdetail attribution="Reuters BIP Coding Group" action="confirmed" date="1997-05-24"/>
  </code>
</codes>
<dc element="dc.date.created" value="1997-05-24"/>
<dc element="dc.publisher" value="Reuters Holdings Plc"/>
<dc element="dc.date.published" value="1997-05-24"/>
<dc element="dc.source" value="Reuters"/>
<dc element="dc.creator.location" value="BUENOS AIRES"/>
<dc element="dc.creator.location.country.name" value="ARGENTINA"/>
<dc element="dc.source" value="Reuters"/>
</metadata>
</newsitem>
