<?xml version="1.0" encoding="iso-8859-1" ?>
<newsitem itemid="612379" id="root" date="1997-05-24" xml:lang="en">
<title>ISRAEL: Israel stands tough on East Jerusalem settlement.</title>
<headline>Israel stands tough on East Jerusalem settlement.</headline>
<dateline>JERUSALEM 1997-05-24</dateline>
<text>
<p>Israel reaffirmed on Saturday it would keep building a Jewish settlement in East Jerusalem, cementing its stand ahead of a summit between Prime Minister Benjamin Netanyahu and Egyptian President Hosni Mubarak.</p>
<p>&quot;Israel has not offered to stop work on the Har Homa neighbourhood. We are not proposing it,&quot; Cabinet Secretary Danny Naveh said.</p>
<p>He was responding to an Israel Television report that Israel intended to offer to suspend work on housing for Jews at the site once basic infrastructure was completed and press ahead with building homes for Arabs in annexed East Jerusalem.</p>
<p>The PLO has demanded Israel scrap the construction of 6,500 homes for Jews on the hilltop Palestinians call Jabal Abu Ghneim before peace talks, suspended when bulldozers broke ground in March, can resume.</p>
<p>&quot;We are aiming to restart negotiations with the Palestinians and ending the crisis in talks with (them) while standing firm on continuing to strengthen (Israel's control) of Jerusalem,&quot; Naveh told Israel Television.</p>
<p>&quot;This includes continuing to build on Har Homa but we also have several new ideas about building for Arabs in Jerusalem,&quot; he said without elaborating.</p>
<p>Israel said on Thursday it had approved the building of 3,400 houses for Arabs in a village opposite Jabal Abu Ghneim.</p>
<p>In Jordan on Saturday, Mubarak struck a note of caution ahead of the meeting with Netanyahu expected to be held on Tuesday in the Egyptian Red Sea resort of Sharm el-Sheikh.</p>
<p>&quot;I cannot guarantee our effort will succeed 100 percent... the circumstances have got very tough,&quot; Mubarak told a news conference with Jordan's King Hussein after brief one-day talks to coordinate positions.</p>
<p>Mubarak said his senior adviser Osama el-Baz would return to Israel on Sunday for a second round of talks to prepare for Tuesday's summit on reviving the peace process.</p>
<p>Mubarak said there was an urgent need to break the impasse but said it was too early to talk of an Egyptian initiative to re-activate Palestinian self-rule talks.</p>
<p>Egypt's Foreign Minister Amr Mousa said on Friday the summit would succeed if Israel agreed to stop building settlements for Jews on land captured in the 1967 Middle East war.</p>
</text>
<copyright>(c) Reuters Limited 1997</copyright>
<metadata>
<codes class="bip:countries:1.0">
  <code code="ISRAEL">
    <editdetail attribution="Reuters BIP Coding Group" action="confirmed" date="1997-05-24"/>
  </code>
</codes>
<codes class="bip:topics:1.0">
  <code code="GCAT">
    <editdetail attribution="Reuters BIP Coding Group" action="confirmed" date="1997-05-24"/>
  </code>
  <code code="GPOL">
    <editdetail attribution="Reuters BIP Coding Group" action="confirmed" date="1997-05-24"/>
  </code>
</codes>
<dc element="dc.date.created" value="1997-05-24"/>
<dc element="dc.publisher" value="Reuters Holdings Plc"/>
<dc element="dc.date.published" value="1997-05-24"/>
<dc element="dc.source" value="Reuters"/>
<dc element="dc.creator.location" value="JERUSALEM"/>
<dc element="dc.creator.location.country.name" value="ISRAEL"/>
<dc element="dc.source" value="Reuters"/>
</metadata>
</newsitem>
