<?xml version="1.0" encoding="iso-8859-1" ?>
<newsitem itemid="612490" id="root" date="1997-05-24" xml:lang="en">
<title>FRANCE: France would consider Mobutu asylum request - Juppe.</title>
<headline>France would consider Mobutu asylum request - Juppe.</headline>
<dateline>PARIS 1997-05-24</dateline>
<text>
<p>France would consider a request for asylum from the ousted president of former Zaire Mobutu Sese Seko, but has not received any, French Prime Minister Alain Juppe said on Friday.</p>
<p>&quot;France has received no request from Marshal Mobutu,&quot; Juppe told France-Info radio.</p>
<p>&quot;We would look into it,&quot; he added when asked what he would do if he received such a request.</p>
<p>Mobutu, who owns a mansion on the French Riviera and a flat in Paris, flew to Morocco on Friday. He had left the renamed Democratic Republic of Congo earlier this week after Laurent Kabila's rebels overran Kinshasa.</p>
</text>
<copyright>(c) Reuters Limited 1997</copyright>
<metadata>
<codes class="bip:countries:1.0">
  <code code="FRA">
    <editdetail attribution="Reuters BIP Coding Group" action="confirmed" date="1997-05-24"/>
  </code>
  <code code="ZAIRE">
    <editdetail attribution="Reuters BIP Coding Group" action="confirmed" date="1997-05-24"/>
  </code>
</codes>
<codes class="bip:topics:1.0">
  <code code="GCAT">
    <editdetail attribution="Reuters BIP Coding Group" action="confirmed" date="1997-05-24"/>
  </code>
  <code code="GDIP">
    <editdetail attribution="Reuters BIP Coding Group" action="confirmed" date="1997-05-24"/>
  </code>
  <code code="GPRO">
    <editdetail attribution="Reuters BIP Coding Group" action="confirmed" date="1997-05-24"/>
  </code>
  <code code="GVIO">
    <editdetail attribution="Reuters BIP Coding Group" action="confirmed" date="1997-05-24"/>
  </code>
</codes>
<dc element="dc.date.created" value="1997-05-24"/>
<dc element="dc.publisher" value="Reuters Holdings Plc"/>
<dc element="dc.date.published" value="1997-05-24"/>
<dc element="dc.source" value="Reuters"/>
<dc element="dc.creator.location" value="PARIS"/>
<dc element="dc.creator.location.country.name" value="FRANCE"/>
<dc element="dc.source" value="Reuters"/>
</metadata>
</newsitem>
