<?xml version="1.0" encoding="iso-8859-1" ?>
<newsitem itemid="612447" id="root" date="1997-05-24" xml:lang="en">
<title>USA: Indonesia Telkom at 30 in New York.</title>
<headline>Indonesia Telkom at 30 in New York.</headline>
<dateline>NEW YORK 1997-05-23</dateline>
<text>
<p>PT Telekomunikasi Indonesia (Telkom) closed at 30 in New York on Friday. It recorded the day's low of 29-7/8 and the day's high of 30-1/8.</p>
<p>Volume was 44,000 American Depository Shares. Block volume was 20,000. It previous close on Thursday was 30-1/8. One ADS represents 20 ordinary shares. -- Jakarta newsroom (Tel: 6221-3846364).</p>
</text>
<copyright>(c) Reuters Limited 1997</copyright>
<metadata>
<codes class="bip:countries:1.0">
  <code code="INDON">
    <editdetail attribution="Reuters BIP Coding Group" action="confirmed" date="1997-05-24"/>
  </code>
  <code code="USA">
    <editdetail attribution="Reuters BIP Coding Group" action="confirmed" date="1997-05-24"/>
  </code>
</codes>
<codes class="bip:industries:1.0">
  <code code="I79020">
    <editdetail attribution="Reuters BIP Coding Group" action="confirmed" date="1997-05-24"/>
  </code>
</codes>
<codes class="bip:topics:1.0">
  <code code="C15">
    <editdetail attribution="Reuters BIP Coding Group" action="confirmed" date="1997-05-24"/>
  </code>
  <code code="C152">
    <editdetail attribution="Reuters BIP Coding Group" action="confirmed" date="1997-05-24"/>
  </code>
  <code code="CCAT">
    <editdetail attribution="Reuters BIP Coding Group" action="confirmed" date="1997-05-24"/>
  </code>
</codes>
<dc element="dc.date.created" value="1997-05-23"/>
<dc element="dc.publisher" value="Reuters Holdings Plc"/>
<dc element="dc.date.published" value="1997-05-24"/>
<dc element="dc.source" value="Reuters"/>
<dc element="dc.creator.location" value="NEW YORK"/>
<dc element="dc.creator.location.country.name" value="USA"/>
<dc element="dc.source" value="Reuters"/>
</metadata>
</newsitem>
