<?xml version="1.0" encoding="iso-8859-1" ?>
<newsitem itemid="612407" id="root" date="1997-05-24" xml:lang="en">
<title>KUWAIT: Kuwait parliament panel rejects budget proposal.</title>
<headline>Kuwait parliament panel rejects budget proposal.</headline>
<dateline>KUWAIT 1997-05-24</dateline>
<text>
<p>A Kuwaiti parliamentary committee has rejected the government's 1997-98 (July-June) budget proposal for assuming a rise in revenue through higher tariffs, a leading MP said on Saturday.</p>
<p>The oil state, which offers nationals a cradle-to-grave welfare system including heavily subsidised basic services, is not allowed to raise charges for public services without prior parliamentary approval.</p>
<p>&quot;We suspended the budget discussion,&quot; said Nasser al-Sanea, head of parliament's finance committee. &quot;It is rejected because the government is assuming higher income from raised tariffs.&quot;</p>
<p>He told Reuters that although non-oil revenue in the 1997-98 budget is unchanged from the budget for the current fiscal year to end-June at 645 million dinars ($2.12 billion), the proposed budget assumes 200 million dinars in revenue from higher rates for basic services.</p>
<p>&quot;This is illegal. The government is assuming that the law (which puts a lid on prices) will be changed,&quot; Sanea said. &quot;Changing a law takes a while...This budget, with such assumptions, is rejected and we have sent it back.&quot;</p>
<p>The proposed 4.37 billion dinar 1997-98 budget forecasts a net deficit of 1.17 billion dinars. By law 10 percent of total revenue is placed in an overseas investment fund, raising the projected deficit by a further 320 million dinars.</p>
<p>The 4.21 billion dinar 1996-97 budget carries a projected net deficit of 1.21 billion dinars and a gross deficit of 1.51 billion. The shortfall is expected to be largely covered by higher world oil prices which earlier this year rose more than $5 a barrel above budget projections.</p>
<p>The proposed 1997-98 budget, which has to be approved by parliament and the head of state before it becomes law, put oil revenue at 2.56 billion dinars, almost unchanged from the budget for the current fiscal year.</p>
<p>Although oil prices dropped in recent weeks, they are still higher than Kuwait's budget estimates. The OPEC member, which produces about two million barrels of oil a day, calculates oil revenue for Kuwaiti crudes on a conservative average barrel price of $13.</p>
<p>The world benchmark Brent crude oil price is about $20 a barrel.</p>
<p>($1=0.302 dinar)</p>
<p>- Ashraf Fouad, +965 240 8945</p>
</text>
<copyright>(c) Reuters Limited 1997</copyright>
<metadata>
<codes class="bip:countries:1.0">
  <code code="KUWAIT">
    <editdetail attribution="Reuters BIP Coding Group" action="confirmed" date="1997-05-24"/>
  </code>
</codes>
<codes class="bip:topics:1.0">
  <code code="E21">
    <editdetail attribution="Reuters BIP Coding Group" action="confirmed" date="1997-05-24"/>
  </code>
  <code code="E211">
    <editdetail attribution="Reuters BIP Coding Group" action="confirmed" date="1997-05-24"/>
  </code>
  <code code="ECAT">
    <editdetail attribution="Reuters BIP Coding Group" action="confirmed" date="1997-05-24"/>
  </code>
  <code code="GCAT">
    <editdetail attribution="Reuters BIP Coding Group" action="confirmed" date="1997-05-24"/>
  </code>
  <code code="GPOL">
    <editdetail attribution="Reuters BIP Coding Group" action="confirmed" date="1997-05-24"/>
  </code>
</codes>
<dc element="dc.date.created" value="1997-05-24"/>
<dc element="dc.publisher" value="Reuters Holdings Plc"/>
<dc element="dc.date.published" value="1997-05-24"/>
<dc element="dc.source" value="Reuters"/>
<dc element="dc.creator.location" value="KUWAIT"/>
<dc element="dc.creator.location.country.name" value="KUWAIT"/>
<dc element="dc.source" value="Reuters"/>
</metadata>
</newsitem>
