<?xml version="1.0" encoding="iso-8859-1" ?>
<newsitem itemid="612416" id="root" date="1997-05-24" xml:lang="en">
<title>USA: U.S. astronaut returns to earth.</title>
<headline>U.S. astronaut returns to earth.</headline>
<byline>Steven Young</byline>
<dateline>CAPE CANAVERAL, Fla. 1997-05-24</dateline>
<text>
<p>U.S. astronaut Jerry Linenger returned home aboard the space shuttle Atlantis on Saturday after a tour of duty aboard Russia's troubled Mir space station.</p>
<p>The winged spaceship, closely followed by a NASA weather plane, swooped out of a partly cloudy sky and touched down at 9:27 a.m. EDT (1327 GMT) on the three-mile (5-km) runway at Florida's Kennedy Space Centre.</p>
<p>&quot;We'd like to offer congratulations on a flawless flight and a special welcome home for Jerry,&quot; mission control's Dominic Gorie radioed as the shuttle came to a halt.</p>
<p>&quot;Feeling great and good to be home,&quot; replied Linenger from a cushioned reclining seat on the shuttle's lower deck.</p>
<p>It was the first time since blasting off in January that he had felt the pull of gravity.</p>
<p>His four-month stay on Mir was marred by a serious fire, life support problems and a near collision with an unmanned cargo craft.</p>
<p>The highlight of the mission came in April when Linenger and his Russian commander, Vasily Tsibliev, stepped outside on a spacewalk, the first by an American from Mir.</p>
<p>Atlantis, which blasted off on May 15, spent five days docked at the Russian orbital outpost. It left behind Linnenger's replacement, British-born astronaut Michael Foale, and nearly two tonnes of supplies and equipment.</p>
<p>Foale, the fifth U.S. astronaut to live and work on Mir, is to return to Earth in September.</p>
<p>The shuttle's touchdown was delayed 90 minutes by cloudy skies at the Florida spaceport. Flight controllers in Houston watched the weather until the last minute before giving the shuttle permission to land.</p>
<p>The astronauts were expected to leave the shuttle about an hour after touchdown. Linenger, a 42-year-old medical doctor and navy captain, said he was determined to walk off the shuttle after its landing, despite NASA's preference for him to be carried off.</p>
<p>During his stay on Mir, Linenger, who listed marathon running and ocean swimming among his hobbies, was to run daily for two hours on a treadmill to keep up his strength.</p>
<p>Although that exercise programme was disrupted by the problems aboard Mir, NASA did not expect any complications after Linenger's return to earth.</p>
<p>Long duration space flights, away from the pull of gravity, cause bones to weaken and muscles to waste away.</p>
<p>A team of doctors and nurses was standing by in a special vehicle to examine the former Mir resident.</p>
<p>Linenger's 132-day stay in space was the second-longest mission for an American astronaut. Shannon Lucid set the U.S. record with a 188-day stay on Mir in 1996.</p>
<p>Linenger said he expected to feel &quot;pure elation&quot; when he is reunited with his 18-month old son, John, and his wife, Kathryn, who is pregnant with their second child.</p>
</text>
<copyright>(c) Reuters Limited 1997</copyright>
<metadata>
<codes class="bip:countries:1.0">
  <code code="RUSS">
    <editdetail attribution="Reuters BIP Coding Group" action="confirmed" date="1997-05-24"/>
  </code>
  <code code="USA">
    <editdetail attribution="Reuters BIP Coding Group" action="confirmed" date="1997-05-24"/>
  </code>
</codes>
<codes class="bip:topics:1.0">
  <code code="GCAT">
    <editdetail attribution="Reuters BIP Coding Group" action="confirmed" date="1997-05-24"/>
  </code>
  <code code="GSCI">
    <editdetail attribution="Reuters BIP Coding Group" action="confirmed" date="1997-05-24"/>
  </code>
</codes>
<dc element="dc.date.created" value="1997-05-24"/>
<dc element="dc.publisher" value="Reuters Holdings Plc"/>
<dc element="dc.date.published" value="1997-05-24"/>
<dc element="dc.source" value="Reuters"/>
<dc element="dc.creator.location" value="CAPE CANAVERAL, Fla."/>
<dc element="dc.creator.location.country.name" value="USA"/>
<dc element="dc.source" value="Reuters"/>
</metadata>
</newsitem>
