<?xml version="1.0" encoding="iso-8859-1" ?>
<newsitem itemid="612486" id="root" date="1997-05-24" xml:lang="en">
<title>AUSTRIA: Austria finmin mulling oil, tobacco tax hike - paper.</title>
<headline>Austria finmin mulling oil, tobacco tax hike - paper.</headline>
<dateline>VIENNA 1997-05-24</dateline>
<text>
<p>Austrian Finance Minister Rudolf Edlinger is considering raising taxes on oil and tobacco in a bid to help fill a 25 billion schilling ($2.1 billion) hole in the country's 1998 budget, a newspaper reported on Saturday.</p>
<p>Daily Der Standard said the medium-term budget for 1998 foresees a deficit of 2.6 percent of gross domestic product (GDP) after 2.7 percent this year.</p>
<p>Experts tip Austria as being among the first to qualify for Europe's single currency, whose criteria stipulate that a country's budget deficit should not surpass 3.0 percent of GDP. ($ = 11.91 Austrian Schillings)</p>
</text>
<copyright>(c) Reuters Limited 1997</copyright>
<metadata>
<codes class="bip:countries:1.0">
  <code code="AUST">
    <editdetail attribution="Reuters BIP Coding Group" action="confirmed" date="1997-05-24"/>
  </code>
</codes>
<codes class="bip:industries:1.0">
  <code code="I13000">
    <editdetail attribution="Reuters BIP Coding Group" action="confirmed" date="1997-05-24"/>
  </code>
  <code code="I14000">
    <editdetail attribution="Reuters BIP Coding Group" action="confirmed" date="1997-05-24"/>
  </code>
  <code code="I42900">
    <editdetail attribution="Reuters BIP Coding Group" action="confirmed" date="1997-05-24"/>
  </code>
</codes>
<codes class="bip:topics:1.0">
  <code code="C13">
    <editdetail attribution="Reuters BIP Coding Group" action="confirmed" date="1997-05-24"/>
  </code>
  <code code="CCAT">
    <editdetail attribution="Reuters BIP Coding Group" action="confirmed" date="1997-05-24"/>
  </code>
  <code code="E21">
    <editdetail attribution="Reuters BIP Coding Group" action="confirmed" date="1997-05-24"/>
  </code>
  <code code="E211">
    <editdetail attribution="Reuters BIP Coding Group" action="confirmed" date="1997-05-24"/>
  </code>
  <code code="ECAT">
    <editdetail attribution="Reuters BIP Coding Group" action="confirmed" date="1997-05-24"/>
  </code>
</codes>
<dc element="dc.date.created" value="1997-05-24"/>
<dc element="dc.publisher" value="Reuters Holdings Plc"/>
<dc element="dc.date.published" value="1997-05-24"/>
<dc element="dc.source" value="Reuters"/>
<dc element="dc.creator.location" value="VIENNA"/>
<dc element="dc.creator.location.country.name" value="AUSTRIA"/>
<dc element="dc.source" value="Reuters"/>
</metadata>
</newsitem>
