<?xml version="1.0" encoding="iso-8859-1" ?>
<newsitem itemid="612430" id="root" date="1997-05-24" xml:lang="en">
<title>USA: Philadelpha Electric rejects union - paper.</title>
<headline>Philadelpha Electric rejects union - paper.</headline>
<dateline>PHILADELPHIA 1997-05-24</dateline>
<text>
<p>Philadelphia Electric (PECO) will remain the nation's largest non-union utility because employees voted against forming a bargaining unit, a newspaper reported on Saturday.</p>
<p>The company announced that 59 percent of 1,364 service employees rejected representation by the Utility Workers Union of America in balloting on Thursday, the Philadelphia Inquirer reported on Saturday. The vote results were announced late on Friday and will not be final until certified by the National Labor Relations Board.</p>
<p>It was the third representation vote won by PECO management, the newspaper said. Power generating employees rejected the International Brotherhood of Electrical Workers in April, and nuclear plant staff rejected the UWUA in March.</p>
<p>&quot;We believe that remaining union-free is in our best interest, the best interest of our employees and shareholders,&quot; said Corbin McNeill, chairman of PECO.</p>
</text>
<copyright>(c) Reuters Limited 1997</copyright>
<metadata>
<codes class="bip:countries:1.0">
  <code code="USA">
    <editdetail attribution="Reuters BIP Coding Group" action="confirmed" date="1997-05-24"/>
  </code>
</codes>
<codes class="bip:industries:1.0">
  <code code="I16000">
    <editdetail attribution="Reuters BIP Coding Group" action="confirmed" date="1997-05-24"/>
  </code>
</codes>
<codes class="bip:topics:1.0">
  <code code="C42">
    <editdetail attribution="Reuters BIP Coding Group" action="confirmed" date="1997-05-24"/>
  </code>
  <code code="CCAT">
    <editdetail attribution="Reuters BIP Coding Group" action="confirmed" date="1997-05-24"/>
  </code>
  <code code="E41">
    <editdetail attribution="Reuters BIP Coding Group" action="confirmed" date="1997-05-24"/>
  </code>
  <code code="ECAT">
    <editdetail attribution="Reuters BIP Coding Group" action="confirmed" date="1997-05-24"/>
  </code>
  <code code="GCAT">
    <editdetail attribution="Reuters BIP Coding Group" action="confirmed" date="1997-05-24"/>
  </code>
  <code code="GJOB">
    <editdetail attribution="Reuters BIP Coding Group" action="confirmed" date="1997-05-24"/>
  </code>
</codes>
<dc element="dc.date.created" value="1997-05-24"/>
<dc element="dc.publisher" value="Reuters Holdings Plc"/>
<dc element="dc.date.published" value="1997-05-24"/>
<dc element="dc.source" value="Reuters"/>
<dc element="dc.creator.location" value="PHILADELPHIA"/>
<dc element="dc.creator.location.country.name" value="USA"/>
<dc element="dc.source" value="Reuters"/>
</metadata>
</newsitem>
