<?xml version="1.0" encoding="iso-8859-1" ?>
<newsitem itemid="612445" id="root" date="1997-05-24" xml:lang="en">
<title>USA: Military helicopter crashes in Dallas, no survivors.</title>
<headline>Military helicopter crashes in Dallas, no survivors.</headline>
<dateline>HUTCHINS, Texas 1997-05-23</dateline>
<text>
<p>A U.S.military helicopter crashed and burst into flames near a southeast Dallas school on Friday and officials said there were no signs of survivors.</p>
<p>Witnesses and police said the Marine Corp CH-53 helicopter narrowly missed at least one house as it went out of control and crashed into a field in the Dallas suburb of Hutchins.</p>
<p>&quot;From the extent of damage, it is clear there is no chance of any survivors,&quot; police spokesman Ed Spencer said.</p>
<p>A Navy spokesman said CH-53 helicopters usually carry a crew of three or four. He said the helicopter was probably on training manoeuvres when it crashed at around 6:00 p.m. EDT (2200 GMT).</p>
<p>Local residents reported hearing explosions seconds after the helicopter crashed.</p>
<p>&quot;The fire was so intense, no survivors could be discerned,&quot; police Lt. Charles Epperson said.</p>
</text>
<copyright>(c) Reuters Limited 1997</copyright>
<metadata>
<codes class="bip:countries:1.0">
  <code code="USA">
    <editdetail attribution="Reuters BIP Coding Group" action="confirmed" date="1997-05-24"/>
  </code>
</codes>
<codes class="bip:topics:1.0">
  <code code="GCAT">
    <editdetail attribution="Reuters BIP Coding Group" action="confirmed" date="1997-05-24"/>
  </code>
  <code code="GDEF">
    <editdetail attribution="Reuters BIP Coding Group" action="confirmed" date="1997-05-24"/>
  </code>
  <code code="GDIS">
    <editdetail attribution="Reuters BIP Coding Group" action="confirmed" date="1997-05-24"/>
  </code>
</codes>
<dc element="dc.date.created" value="1997-05-23"/>
<dc element="dc.publisher" value="Reuters Holdings Plc"/>
<dc element="dc.date.published" value="1997-05-24"/>
<dc element="dc.source" value="Reuters"/>
<dc element="dc.creator.location" value="HUTCHINS, Texas"/>
<dc element="dc.creator.location.country.name" value="USA"/>
<dc element="dc.source" value="Reuters"/>
</metadata>
</newsitem>
