<?xml version="1.0" encoding="iso-8859-1" ?>
<newsitem itemid="612405" id="root" date="1997-05-24" xml:lang="en">
<title>EGYPT: Mubarak to Jordan for Mideast peace crisis talks.</title>
<headline>Mubarak to Jordan for Mideast peace crisis talks.</headline>
<dateline>CAIRO 1997-05-24</dateline>
<text>
<p>Egyptian President Hosni Mubarak left for Jordan on Saturday for talks with King Hussein on ways to break the logjam in the Middle East peace process.</p>
<p>Airport officials said Mubarak was flying to the Jordanian Red Sea port of Aqaba, where he was to meet the king ahead of a visit to Egypt by Israeli Prime Minister Benjamin Netanyahu on Tuesday.</p>
<p>Palestinian-Israeli peace talks have been deadlocked since March, when Israel approved construction of a controversial Jewish settlement in East Jerusalem.</p>
<p>The Palestinians say talks can resume only after Israel stops work on the settlement on a hill Jews call Har Homa and Arabs call Jabal Abu Ghneim. Egypt, which considers itself an unofficial sponsor of the peace talks, supports their view.</p>
<p>Palestinian President Yasser Arafat held talks with Mubarak on Wednesday and Egyptian Foreign Minister Amr Moussa said in remarks broadcast on Friday that the Mubarak-Netanyahu summit would succeed if Israel agreed to stop the building.</p>
<p>Both Egypt and Jordan have peace treaties with Israel but ties between Amman and the Jewish state are much stronger than those linking Cairo and Israel.</p>
</text>
<copyright>(c) Reuters Limited 1997</copyright>
<metadata>
<codes class="bip:countries:1.0">
  <code code="EGYPT">
    <editdetail attribution="Reuters BIP Coding Group" action="confirmed" date="1997-05-24"/>
  </code>
  <code code="ISRAEL">
    <editdetail attribution="Reuters BIP Coding Group" action="confirmed" date="1997-05-24"/>
  </code>
  <code code="JORDAN">
    <editdetail attribution="Reuters BIP Coding Group" action="confirmed" date="1997-05-24"/>
  </code>
</codes>
<codes class="bip:topics:1.0">
  <code code="GCAT">
    <editdetail attribution="Reuters BIP Coding Group" action="confirmed" date="1997-05-24"/>
  </code>
  <code code="GDIP">
    <editdetail attribution="Reuters BIP Coding Group" action="confirmed" date="1997-05-24"/>
  </code>
</codes>
<dc element="dc.date.created" value="1997-05-24"/>
<dc element="dc.publisher" value="Reuters Holdings Plc"/>
<dc element="dc.date.published" value="1997-05-24"/>
<dc element="dc.source" value="Reuters"/>
<dc element="dc.creator.location" value="CAIRO"/>
<dc element="dc.creator.location.country.name" value="EGYPT"/>
<dc element="dc.source" value="Reuters"/>
</metadata>
</newsitem>
