<?xml version="1.0" encoding="iso-8859-1" ?>
<newsitem itemid="612462" id="root" date="1997-05-24" xml:lang="en">
<title>FRANCE: Lower turnout for France's annual anti-AIDS march.</title>
<headline>Lower turnout for France's annual anti-AIDS march.</headline>
<dateline>PARIS 1997-05-24</dateline>
<text>
<p>Thousands of people marched in French cities on Saturday to urge help for AIDS victims, but turnout was lower than in 1996 following medical progress against the deadly epidemic.</p>
<p>&quot;Let's take a new step against AIDS,&quot; banners proclaimed in the fourth annual &quot;March for Life&quot; in France, the European nation hardest hit by Acquired Immune Deficiency Syndrome.</p>
<p>Organisers estimated that 10,000 people joined the colourful rally in Paris with dancers and music, half the number who took part in 1996. Smaller rallies were held in five other cities, partly timed to remind politicians of the disease on the eve of France's National Assembly election.</p>
<p>Marchers said promising new treatments and a decline in the number of deaths in France in 1996, for the first time since the start of the epidemic, may have cut turnout.</p>
<p>In February, the government said that 20,000 patients were being treated with the new class of drugs known as protease inhibitors. They work by preventing the AIDS virus from leaving a patient's DNA and invading the rest of the body.</p>
<p>France has 50,000 reported cases of the disease, 30,000 deaths and 110,000 people who have tested positive for the HIV virus that causes AIDS.</p>
</text>
<copyright>(c) Reuters Limited 1997</copyright>
<metadata>
<codes class="bip:countries:1.0">
  <code code="FRA">
    <editdetail attribution="Reuters BIP Coding Group" action="confirmed" date="1997-05-24"/>
  </code>
</codes>
<codes class="bip:topics:1.0">
  <code code="GCAT">
    <editdetail attribution="Reuters BIP Coding Group" action="confirmed" date="1997-05-24"/>
  </code>
  <code code="GHEA">
    <editdetail attribution="Reuters BIP Coding Group" action="confirmed" date="1997-05-24"/>
  </code>
  <code code="GVIO">
    <editdetail attribution="Reuters BIP Coding Group" action="confirmed" date="1997-05-24"/>
  </code>
</codes>
<dc element="dc.date.created" value="1997-05-24"/>
<dc element="dc.publisher" value="Reuters Holdings Plc"/>
<dc element="dc.date.published" value="1997-05-24"/>
<dc element="dc.source" value="Reuters"/>
<dc element="dc.creator.location" value="PARIS"/>
<dc element="dc.creator.location.country.name" value="FRANCE"/>
<dc element="dc.source" value="Reuters"/>
</metadata>
</newsitem>
