<?xml version="1.0" encoding="iso-8859-1" ?>
<newsitem itemid="612498" id="root" date="1997-05-24" xml:lang="en">
<title>AFGHANISTAN: Afghan Taleban conquer opposition stronghold.</title>
<headline>Afghan Taleban conquer opposition stronghold.</headline>
<byline>Alistair Lyon</byline>
<dateline>MAZAR-I-SHARIF, Afghanistan 1997-05-24</dateline>
<text>
<p>The Taleban Islamic militia entered the main northern Afghan city of Mazar-i-Sharif on Saturday with little fighting, hours after its reported capture of another opposition stronghold.</p>
<p>Groups of Taleban fighters, waving white flags from tanks and jeeps, rode into the former stronghold of opposition leader General Abdul Rashid Dostum at 5 p.m. (1230 gmt) amid bursts of celebratory gunfire.</p>
<p>A Reuter correspondent in the Afghan capital Kabul quoted an Afghan source in Mazar-i-Sharif as saying there was some fighting on the outskirts of the city but that he had seen no bodies in the streets.</p>
<p>Taleban fighters were shooting at portraits of Dostum which stand at city road junctions, the source said.</p>
<p>It was not immediately clear how the Taleban managed to enter the city, which had been well guarded by Dostum's troops.</p>
<p>The Taleban fighters entered Mazar-i-Sharif, capital of Balkh province, hours after Taleban sources reported the fall of Dostum's military headquarters town of Shibarghan, capital of Jozjan province.</p>
<p>Earlier, panic swept Mazar-i-Sharif after reports of the fall of Shibarghan, 130 km (80 miles) to the west.</p>
<p>Shopkeepers pulled down their shutters, soldiers fled in tanks and security men roughed up foreign cameramen, witnesses said. Some soldiers stole cars.</p>
<p>Streets emptied as people raced to get home, and witnesses said some were trying to flee north towards the border with Uzbekistan.</p>
<p>There was no immediate confirmation of the fall of Shibarghan and no word on Dostum's whereabouts.</p>
<p>Sources in the Taleban Islamic movement, quoted by a Pakistan-based private Afghan news service, said Shibarghan was captured by anti-Dostum forces led by Taleban leader Abdul Razzaq, governor of the western province of Herat.</p>
<p>The report came hours after three jet fighters of Dostum's air force defected to his opponents, and only a day after Western reporters drove to Shibarghan from Mazar-i-Sharif to find it calm.</p>
<p>The Afghan Islamic Press (AIP) agency also said defectors later flew another jet and two helicopters to the Taleban side.</p>
<p>A defecting officer of Dostum's air force, Major General Yussef Shah, told reporters in Kabul he made the 35-minute flight in his L39 Albatross trainer from Shibarghan airport to the capital because he feared that Dostum was trying to split Afghanistan.</p>
<p>Two Soviet-built Su-22 fighter bombers were earlier flown from Shibarghan to Maimana, capital of Faryab province, he said.</p>
<p>&quot;We feared that Dostum was trying to dismantle Afghanistan. More planes are expected to come over,&quot; said Yussef, clean-shaven and wearing combat fatigues.</p>
<p>Maimana is held by Dostum's former foreign minister and deputy, General Abdul Malik, who launched a revolt against Dostum on Monday.</p>
<p>&quot;One of the pilots was Colonel General Hafeez, the head of (Dostum's) air force. They bombed Shibarghan air base on their way out,&quot; said Yussef.</p>
<p>&quot;Dostum had four Su-22s, three MiG-21s, and four L39s before today, now he has lost three of them,&quot; he said.</p>
<p>Yussef said the Taleban and their new ally General Malik now faced Dostum's forces on a front line some 15 km (nine miles) from Shibarghan.</p>
<p>He said Dostum's forces still held the town of Sar-i-Pul, but that Taleban forces were within two km (1-1/4 miles) of it.</p>
<p>The opposition alliance led by Dostum, who has led the fight against the purist Islamic Taleban, was thrown into disarray by Malik's revolt, which broke an 18-month deadlock on the front line in Badghis province.</p>
<p>The Taleban, who seized Kabul last September and control most of Afghanistan, now command all of Badghis and its eastern neighbour Faryab and are making inroads into Sar-i-Pul province.</p>
</text>
<copyright>(c) Reuters Limited 1997</copyright>
<metadata>
<codes class="bip:countries:1.0">
  <code code="AFGH">
    <editdetail attribution="Reuters BIP Coding Group" action="confirmed" date="1997-05-24"/>
  </code>
</codes>
<codes class="bip:topics:1.0">
  <code code="GCAT">
    <editdetail attribution="Reuters BIP Coding Group" action="confirmed" date="1997-05-24"/>
  </code>
  <code code="GVIO">
    <editdetail attribution="Reuters BIP Coding Group" action="confirmed" date="1997-05-24"/>
  </code>
</codes>
<dc element="dc.date.created" value="1997-05-24"/>
<dc element="dc.publisher" value="Reuters Holdings Plc"/>
<dc element="dc.date.published" value="1997-05-24"/>
<dc element="dc.source" value="Reuters"/>
<dc element="dc.creator.location" value="MAZAR-I-SHARIF, Afghanistan"/>
<dc element="dc.creator.location.country.name" value="AFGHANISTAN"/>
<dc element="dc.source" value="Reuters"/>
</metadata>
</newsitem>
