<?xml version="1.0" encoding="iso-8859-1" ?>
<newsitem itemid="612406" id="root" date="1997-05-24" xml:lang="en">
<title>JORDAN: PRESS DIGEST - Jordan - May 24.</title>
<headline>PRESS DIGEST - Jordan - May 24.</headline>
<dateline>AMMAN 1997-05-24</dateline>
<text>
<p>These are some of the leading stories in the Jordanian press on Saturday. Reuters has not verified these stories and does not vouch for their accuracy.</p>
<p>AL-RAI</p>
<p>- King Hussein, Egyptian President Mubarak to discuss on Saturday salvaging peace process; Israeli-Palestinian-Jordanian summit expected before end of week.</p>
<p>- Israel agrees to pump 30 million cubic metres of drinking water from Sea of Galilee to Jordan by middle of week under accord to resolve water row.</p>
<p>- Crown Prince Hassan says Islam is religion of tolerance and calls for co-existence; stresses need to respect legitimate rights of Palestinians</p>
<p>AL-DUSTOUR</p>
<p>- Heads of professional unions decide on Saturday whether to submit mass resignations or freeze them in protest at new press law.</p>
<p>AL-ARAB AL-YAUM</p>
<p>- Information minister says Egyptian-Jordanian summit will also tackle developments in Iraq.</p>
<p>- Head of Journalists Union denies prior knowledge of new press law which imposes tougher restrictions on reporting before it was enacted as royal decree.</p>
</text>
<copyright>(c) Reuters Limited 1997</copyright>
<metadata>
<codes class="bip:countries:1.0">
  <code code="JORDAN">
    <editdetail attribution="Reuters BIP Coding Group" action="confirmed" date="1997-05-24"/>
  </code>
</codes>
<codes class="bip:topics:1.0">
  <code code="GCAT">
    <editdetail attribution="Reuters BIP Coding Group" action="confirmed" date="1997-05-24"/>
  </code>
</codes>
<dc element="dc.date.created" value="1997-05-24"/>
<dc element="dc.publisher" value="Reuters Holdings Plc"/>
<dc element="dc.date.published" value="1997-05-24"/>
<dc element="dc.source" value="Reuters"/>
<dc element="dc.creator.location" value="AMMAN"/>
<dc element="dc.creator.location.country.name" value="JORDAN"/>
<dc element="dc.source" value="Reuters"/>
</metadata>
</newsitem>
