<?xml version="1.0" encoding="iso-8859-1" ?>
<newsitem itemid="612410" id="root" date="1997-05-24" xml:lang="en">
<title>ISRAEL: Israeli troops kill gunman in south Lebanon - army.</title>
<headline>Israeli troops kill gunman in south Lebanon - army.</headline>
<dateline>JERUSALEM 1997-05-24</dateline>
<text>
<p>The Israeli army said on Saturday its troops killed one guerrilla and wounded several other gunmen north of Israel's self-declared security zone in south Lebanon.</p>
<p>&quot;An Israeli army force operating in the western sector north of the security zone in south Lebanon (on Friday) night killed one terrorist and injured several other terrorists,&quot; a military statement said. &quot;The Israeli forces suffered no casualties.&quot;</p>
<p>On May 15 pro-Iranian Hizbollah guerrillas killed three Israeli soldiers and wounded seven in a fierce clash in south Lebanon. Israeli aircraft launched several attacks on south Lebanon over the next three days.</p>
<p>Israeli forces, backed by the South Lebanon Army militia, occupy a 15 km (nine-mile) -wide zone in south Lebanon.</p>
</text>
<copyright>(c) Reuters Limited 1997</copyright>
<metadata>
<codes class="bip:countries:1.0">
  <code code="ISRAEL">
    <editdetail attribution="Reuters BIP Coding Group" action="confirmed" date="1997-05-24"/>
  </code>
  <code code="LEBAN">
    <editdetail attribution="Reuters BIP Coding Group" action="confirmed" date="1997-05-24"/>
  </code>
</codes>
<codes class="bip:topics:1.0">
  <code code="GCAT">
    <editdetail attribution="Reuters BIP Coding Group" action="confirmed" date="1997-05-24"/>
  </code>
  <code code="GDIP">
    <editdetail attribution="Reuters BIP Coding Group" action="confirmed" date="1997-05-24"/>
  </code>
  <code code="GVIO">
    <editdetail attribution="Reuters BIP Coding Group" action="confirmed" date="1997-05-24"/>
  </code>
</codes>
<dc element="dc.date.created" value="1997-05-24"/>
<dc element="dc.publisher" value="Reuters Holdings Plc"/>
<dc element="dc.date.published" value="1997-05-24"/>
<dc element="dc.source" value="Reuters"/>
<dc element="dc.creator.location" value="JERUSALEM"/>
<dc element="dc.creator.location.country.name" value="ISRAEL"/>
<dc element="dc.source" value="Reuters"/>
</metadata>
</newsitem>
