<?xml version="1.0" encoding="iso-8859-1" ?>
<newsitem itemid="612414" id="root" date="1997-05-24" xml:lang="en">
<title>USA: Linenger walks off U.S. shuttle after months on Mir.</title>
<headline>Linenger walks off U.S. shuttle after months on Mir.</headline>
<byline>Steven Young</byline>
<dateline>CAPE CANAVERAL, Fla. 1997-05-24</dateline>
<text>
<p>U.S. astronaut Jerry Linenger walked from the space shuttle Atlantis after returning to earth on Saturday from a four-month stay on Russia's troubled Mir space station, sources said.</p>
<p>The 42-year-old astronaut, who spent 132 days in space, walked from the shuttle, assisted by his flight surgeon, sources at the shuttle's landing strip told Reuters.</p>
<p>Atlantis swooped out of a partly cloudy sky and touched down at 9:27 a.m. EDT (1327 GMT) on the three-mile (5-km) runway at Florida's Kennedy Space Centre.</p>
<p>After the landing, Atlantis' commander, Charles Precourt, said Linenger was doing well.</p>
<p>&quot;We're very happy to have had the opportunity to bring Jerry home,&quot; he said. &quot;I can report he's up and about, feeling really great, in good spirits.&quot;</p>
<p>During its nine-day mission, the shuttle docked with Russia's Mir space station to collect Linenger and drop off his replacement, British-born U.S. astronaut Michael Foale.</p>
<p>&quot;Feeling great and good to be home,&quot; Linenger told mission control soon after the landing. He rode back to Earth in a reclining chair to cushion him from the pull of gravity.</p>
<p>Spending months in weightlessness can cause bones to weaken and muscles to waste away. Astronauts often feel weak and woozy on their return to Earth.</p>
<p>Linenger, a medical doctor and Navy captain, had said he was determined to walk off the shuttle after its landing, despite NASA's preference for him to be carried off.</p>
<p>Officially, the space agency was reluctant to disclose how the astronaut disembarked from the shuttle.</p>
<p>&quot;I wish the press wouldn't make this into some kind of athletic competition,&quot; NASA's shuttle-Mir programme director Frank Culbertson told a news conference earlier this week.</p>
<p>&quot;I don't feel like it's healthy for our crew to feel like they're being identified as walking off or not walking off.&quot;</p>
<p>Only one of the four astronauts returning from long missions to Mir has admitted to being carried off.</p>
<p>During his stay on Mir, Linenger, who listed marathon running and ocean swimming among his hobbies, was to run daily for two hours on a treadmill to keep up his strength.</p>
<p>Although that exercise programme was disrupted by the problems aboard Mir, NASA did not expect any complications after Linenger's return to Earth.</p>
<p>A team of doctors and nurses was standing by in a special vehicle on the runway to examine the former Mir resident.</p>
<p>Space agency officials expected Linenger to regain his &quot;Earth legs&quot; within a few days and would make a full recovery of the debilitating effects of space travel within four months.</p>
<p>Linenger's four-month stay on Mir was marred by a serious fire, life support problems and a near collision with an unmanned cargo craft.</p>
<p>The highlight of the mission came in April when Linenger and his Russian commander, Vasily Tsibliev, stepped outside on a spacewalk, the first by an American from Mir.</p>
<p>Linenger's 132-day stay in space was the second-longest mission for an American astronaut. Shannon Lucid set the U.S. record with a 188-day stay on Mir in 1996.</p>
<p>Linenger said he expected to feel &quot;pure elation&quot; when he was reunited with his 18-month old son, John, and his wife, Kathryn, who is eight-months pregnant with their second child.</p>
<p>Space agency chief Daniel Goldin brought the astronaut an arrangement of yellow tulips to pass on to his wife and a present for his son.</p>
<p>&quot;He couldn't go out to a store in space,&quot; Goldin said.</p>
<p>Atlantis, which blasted off on May 15, spent five days docked at the Russian orbital outpost.</p>
<p>In addition to swapping astronauts, the shuttle carried to Mir two tonnes of much-needed supplies and equipment, including an oxygen generator and gear to plug cooling system leaks.</p>
<p>Foale, the fifth U.S. astronaut to live and work on Mir, is to return to Earth in September.</p>
<p>Atlantis' touchdown was delayed 90 minutes by cloudy skies at the Florida spaceport. Flight controllers in Houston watched the weather until the last minute before giving the shuttle permission to land.</p>
</text>
<copyright>(c) Reuters Limited 1997</copyright>
<metadata>
<codes class="bip:countries:1.0">
  <code code="RUSS">
    <editdetail attribution="Reuters BIP Coding Group" action="confirmed" date="1997-05-24"/>
  </code>
  <code code="USA">
    <editdetail attribution="Reuters BIP Coding Group" action="confirmed" date="1997-05-24"/>
  </code>
</codes>
<codes class="bip:topics:1.0">
  <code code="GCAT">
    <editdetail attribution="Reuters BIP Coding Group" action="confirmed" date="1997-05-24"/>
  </code>
  <code code="GSCI">
    <editdetail attribution="Reuters BIP Coding Group" action="confirmed" date="1997-05-24"/>
  </code>
</codes>
<dc element="dc.date.created" value="1997-05-24"/>
<dc element="dc.publisher" value="Reuters Holdings Plc"/>
<dc element="dc.date.published" value="1997-05-24"/>
<dc element="dc.source" value="Reuters"/>
<dc element="dc.creator.location" value="CAPE CANAVERAL, Fla."/>
<dc element="dc.creator.location.country.name" value="USA"/>
<dc element="dc.source" value="Reuters"/>
</metadata>
</newsitem>
