<?xml version="1.0" encoding="iso-8859-1" ?>
<newsitem itemid="612513" id="root" date="1997-05-24" xml:lang="en">
<title>AFGHANISTAN: Crushing defeat for Afghan who kept changing sides.</title>
<headline>Crushing defeat for Afghan who kept changing sides.</headline>
<byline>Tim Johnston</byline>
<dateline>KABUL 1997-05-24</dateline>
<text>
<p>General Abdul Rashid Dostum, who lost the capital of his fiefdom in northern Afghanistan to the turbanned Islamic Taleban warriors on Saturday, had managed to survive by switching allegiance again and again during years of war.</p>
<p>He rose to power under the Soviet-backed government of Afghanistan in the 1980s as a leader of a militia composed mostly of fellow minority Uzbeks, who won a fierce reputation as the communist regime's troubleshooters, pacifying areas other units feared to enter.</p>
<p>When the government of communist President Najibullah was surrounded and struggling for survival in 1992, the security of Kabul was put into Dostum's hands.</p>
<p>Just as the United Nations were about to implement a power-sharing deal in April 1992, Dostum changed sides. He came to an agreement with one of the anti-communist guerrilla parties -- the Jamiat-i-Islami of Burhanuddin Rabbani -- to hand over Kabul to them.</p>
<p>Dostum's men then stopped President Najibullah from boarding a U.N. plane to leave the country. Najibullah spent four years under effective arrest in a U.N. compound in Kabul until the Taleban captured the city last September, seized the former president and hanged him.</p>
<p>Dostum established himself as leader of most of northern Afghanistan, in alliance with Rabbani against the rival guerrillas of Gulbuddin Hekmatyar's Hezb-i-Islami group.</p>
<p>But the relationship between Rabbani and Dostum soured and on January 1 1994, the general changed sides and joined Hekmatyar. An intense four-month battle broke out, in which Dostum was the main loser.</p>
<p>He retreated to Mazar-i-Sharif in the north of the country where he set up a parallel administration with its own money, foreign ministry, and increasingly strong ties with the former Soviet states of central Asia, which saw him as a bulwark against the Islamic movements that had defeated the Soviet army in Afghanistan.</p>
<p>He enjoyed being driven round his territory in a black Cadillac, followed by a convoy of Japanese four wheel drive vehicles, an armoured personnel carrier and two truck-mounted anti-aircraft batteries.</p>
<p>Dostum ran his military operations from the Qalai Jangir, a fort with crenellated 30-foot (10-metre) thick mud walls in Mazar--i-Sharif, and kept a carefully-guarded executive jet on the tarmac at the city's airport.</p>
<p>In contrast to the rule of Islamic guerrillas in Kabul to the south, Dostum's was relatively liberal, if equally lawless. His capital prospered on goods smuggled from the former Soviet Union to other parts of Afghanistan and its neighbours.</p>
<p>When Kabul fell to the militantly Islamic Taleban last year, Dostum became the senior partner in an anti-Taleban alliance consisting of his troops, those of the ousted Rabbani government, and the mainly Shi'ite Hezb-i-Wahdat party.</p>
<p>The alliance was always weak. All the partners had at one time fought each other, and there was little trust despite the threat of annihilation by the Taleban.</p>
<p>The seeds of Dostum's downfall were sown when one of his major commanders and a potential challenger for his power, Rasool Pahlawan, was assassinated in Mazar-i-Sharif last year.</p>
<p>Pahlawan's brother, Dostum's foreign minister General Abdul Malik, then took over command of his brother's forces. On Monday, Malik and 4,000 of his men defected to the Taleban in a move that echoed that of Dostum himself when he deserted President Najibullah.</p>
<p>Without Malik, who was pivotal in the defence of Dostum's northern fiefdom, the front line lbroke. On Saturday afternoon Mazar-i-Sharif fell to the Taleban.</p>
<p>Portraits of the general that had hung all over the city were used for target practice by jubilant young Taleban fighters.</p>
<p>Dostum has reportedly fled to neighbouring Uzbekistan, one of his staunchest supporters in his struggle against the Taleban.</p>
</text>
<copyright>(c) Reuters Limited 1997</copyright>
<metadata>
<codes class="bip:countries:1.0">
  <code code="AFGH">
    <editdetail attribution="Reuters BIP Coding Group" action="confirmed" date="1997-05-24"/>
  </code>
</codes>
<codes class="bip:topics:1.0">
  <code code="GCAT">
    <editdetail attribution="Reuters BIP Coding Group" action="confirmed" date="1997-05-24"/>
  </code>
  <code code="GPOL">
    <editdetail attribution="Reuters BIP Coding Group" action="confirmed" date="1997-05-24"/>
  </code>
  <code code="GVIO">
    <editdetail attribution="Reuters BIP Coding Group" action="confirmed" date="1997-05-24"/>
  </code>
</codes>
<dc element="dc.date.created" value="1997-05-24"/>
<dc element="dc.publisher" value="Reuters Holdings Plc"/>
<dc element="dc.date.published" value="1997-05-24"/>
<dc element="dc.source" value="Reuters"/>
<dc element="dc.creator.location" value="KABUL"/>
<dc element="dc.creator.location.country.name" value="AFGHANISTAN"/>
<dc element="dc.source" value="Reuters"/>
</metadata>
</newsitem>
