<?xml version="1.0" encoding="iso-8859-1" ?>
<newsitem itemid="612531" id="root" date="1997-05-24" xml:lang="en">
<title>PAKISTAN: Pakistan 96/97 cotton output 8.77 mln bales so far.</title>
<headline>Pakistan 96/97 cotton output 8.77 mln bales so far.</headline>
<dateline>KARACHI, Pakistan 1997-05-24</dateline>
<text>
<p>The state-run Cotton Export Corporation of Pakistan said on Saturday cotton output in 1996/97 (July-June) crop year had reached a provisional 8.773 million 375-lb bales by May 22, down from 9.957 million bales in the same period last year.</p>
<p>Delivery and ginning figures in million bales (year-ago):</p>
<p>		    Punjab	   Sindh	    Total</p>
<p> Delivery	 6.689 (8.179)  2.084 (1.771)  8.773 (9.957)</p>
<p> Pressed	  6.687 (8.178)  2.084 (1.771)  8.772 (9.950)</p>
<p> Mill sales     6.030 (6.983)  1.964 (1.277)  7.994 (8.266)</p>
<p> Export sales   0.008 (1.023)  0.014 (0.471)  0.022 (1.494)</p>
<p> CEC		nil   (nil)    nil   (nil)    nil   (nil)</p>
<p> Unsold	   0.650 (0.167)  0.105 (0.022)  0.755 (0.190)</p>
<p>-- Ovais Subhani 9221-5685192</p>
</text>
<copyright>(c) Reuters Limited 1997</copyright>
<metadata>
<codes class="bip:countries:1.0">
  <code code="PAKIS">
    <editdetail attribution="Reuters BIP Coding Group" action="confirmed" date="1997-05-24"/>
  </code>
</codes>
<codes class="bip:industries:1.0">
  <code code="I01001">
    <editdetail attribution="Reuters BIP Coding Group" action="confirmed" date="1997-05-24"/>
  </code>
  <code code="I0100138">
    <editdetail attribution="Reuters BIP Coding Group" action="confirmed" date="1997-05-24"/>
  </code>
</codes>
<codes class="bip:topics:1.0">
  <code code="C21">
    <editdetail attribution="Reuters BIP Coding Group" action="confirmed" date="1997-05-24"/>
  </code>
  <code code="CCAT">
    <editdetail attribution="Reuters BIP Coding Group" action="confirmed" date="1997-05-24"/>
  </code>
  <code code="M14">
    <editdetail attribution="Reuters BIP Coding Group" action="confirmed" date="1997-05-24"/>
  </code>
  <code code="M141">
    <editdetail attribution="Reuters BIP Coding Group" action="confirmed" date="1997-05-24"/>
  </code>
  <code code="MCAT">
    <editdetail attribution="Reuters BIP Coding Group" action="confirmed" date="1997-05-24"/>
  </code>
</codes>
<dc element="dc.date.created" value="1997-05-24"/>
<dc element="dc.publisher" value="Reuters Holdings Plc"/>
<dc element="dc.date.published" value="1997-05-24"/>
<dc element="dc.source" value="Reuters"/>
<dc element="dc.creator.location" value="KARACHI, Pakistan"/>
<dc element="dc.creator.location.country.name" value="PAKISTAN"/>
<dc element="dc.source" value="Reuters"/>
</metadata>
</newsitem>
