<?xml version="1.0" encoding="iso-8859-1" ?>
<newsitem itemid="612536" id="root" date="1997-05-24" xml:lang="en">
<title>PAKISTAN: Pakistan vegoil prices seen down amid low demand.</title>
<headline>Pakistan vegoil prices seen down amid low demand.</headline>
<dateline>KARACHI, Pakistan 1997-05-24</dateline>
<text>
<p>Pakistani vegetable oil prices are likely to fall in the next trading week amid low demand ahead of the budget for fiscal 1997/98 (July-June) to be announced on June 14, dealers said on Saturday.</p>
<p>They said the sale of 4,622 tonnes of imported RBD palm oil by the state-run Ghee Corporation of Pakistan through auction on Thursday has also dampened demand for further imports.</p>
<p>Dealer Kamran Siddiqui of Saulat Enterprise said imports were likely to remain low ahead of the budget amid speculation that the government may change vegetable-oil import duties.</p>
<p>Estimates of stock position in tonnes:</p>
<p>						Saturday     May 16</p>
<p>    RBD palm oil/olein		  85,000	 70,000</p>
<p>    Soyoil/sunflower oil		70,000	 75,000</p>
<p>    Palmoil/olein with GCP	     4,600	  4,600</p>
<p>=====================================================</p>
<p>Indicative prices C&amp;F Karachi for May shipment:</p>
<p>					     Saturday	May 16</p>
<p>    RBD palm oil			 $570	    $580</p>
<p>    Soyoil				 $570	    $575</p>
<p>=====================================================</p>
<p>Local prices in rupees per maund (37.32 kg):</p>
<p>						Saturday	May 16</p>
<p>    Palm oil (at Karachi Port)	1,340	   1,375</p>
<p>    Palm oil (at Port Qasim)	  1,320	   1,350</p>
<p>    Soyoil				  1,240	   1,250</p>
<p>=====================================================</p>
<p>Shipping movements, provided by Saulat Enterprises:</p>
<p>    Commodity  Tonnes  Ship		   Berthing/due</p>
<p>    Palm oil   6,000   Global Venus	 25/5</p>
<p>    Palm oil   7,000   Huayun-5	     26/5</p>
<p>    Soyoil    18,150   Ariston		25/5</p>
<p>    Soyoil     7,612   Patty Anne	   26/5</p>
<p>    Palm oil	     Jian She	     To load in Malaysia</p>
<p>    Palm oil	     Vivi		   To load in Malaysia</p>
<p>    Palm oil	     Wawasan Courage    To load in Malaysia</p>
<p>    Palm oil	     Wawasan Megah	To load in Malaysia</p>
<p>    Palm oil	     United Tina	  To load in Malaysia</p>
<p>($1 = 40.49 rupees) -- Karachi newsroom 9221-5685192</p>
</text>
<copyright>(c) Reuters Limited 1997</copyright>
<metadata>
<codes class="bip:countries:1.0">
  <code code="PAKIS">
    <editdetail attribution="Reuters BIP Coding Group" action="confirmed" date="1997-05-24"/>
  </code>
</codes>
<codes class="bip:topics:1.0">
  <code code="M14">
    <editdetail attribution="Reuters BIP Coding Group" action="confirmed" date="1997-05-24"/>
  </code>
  <code code="M141">
    <editdetail attribution="Reuters BIP Coding Group" action="confirmed" date="1997-05-24"/>
  </code>
  <code code="MCAT">
    <editdetail attribution="Reuters BIP Coding Group" action="confirmed" date="1997-05-24"/>
  </code>
</codes>
<dc element="dc.date.created" value="1997-05-24"/>
<dc element="dc.publisher" value="Reuters Holdings Plc"/>
<dc element="dc.date.published" value="1997-05-24"/>
<dc element="dc.source" value="Reuters"/>
<dc element="dc.creator.location" value="KARACHI, Pakistan"/>
<dc element="dc.creator.location.country.name" value="PAKISTAN"/>
<dc element="dc.source" value="Reuters"/>
</metadata>
</newsitem>
