<?xml version="1.0" encoding="iso-8859-1" ?>
<newsitem itemid="612542" id="root" date="1997-05-24" xml:lang="en">
<title>INDIA: INDIA-Primary dealers quotes on securities-May 24.</title>
<headline>INDIA-Primary dealers quotes on securities-May 24.</headline>
<dateline>BOMBAY 1997-05-24</dateline>
<text>
<p>Primary dealers made the following two-way quotes on Saturday for dated government securities and treasury bills</p>
<p>Government securities</p>
<p>---------------------</p>
<p>		    DFHI		STCI	     I-Sec</p>
<p>					 (Bid/offer)	   (in rupees)</p>
<p>13.50% 97    ------/------   ------/------   101.70/101.85</p>
<p>13.50% 98    ------/------   ------/------   102.95/103.10</p>
<p>13.40% 99    ------/------   104.00/------   ------/------</p>
<p>13.85% 01    ------/------   104.30/104.55   ------/------</p>
<p>12.69% 02    ------/------   100.15/100.30   ------/------</p>
<p>13.05% 07    ------/------   100.70/100.85   100.70/100.90</p>
<p>		    SBI Gilts	 GSTC	    PNB Gilts</p>
<p>					 (Bid/offer)	   (in rupees)</p>
<p>13.50% 97    101.70/101.95   ------/------   ------/------</p>
<p>13.40% 99    104.25/104.40   ------/------   ------/------</p>
<p>13.85% 01    104.40/104.60   ------/------   ------/------</p>
<p>12.69% 02    100.25/100.45   100.10/100.38   ------/------</p>
<p>13.05% 07    ------/------   100.70/100.90   ------/------</p>
<p>13.05% 07    ------/------   ------/100.40   ------/------</p>
<p>State</p>
<p>Treasury bills</p>
<p>---------------------</p>
<p>Maturing	  DFHI	   STCI	     I-Sec</p>
<p>on				    (Bid/offer)	(in percent)</p>
<p>10/10/97     ------/------   ------/------     8.60/8.40</p>
<p>10/04/98     ------/------     9.50/9.10     ------/------</p>
<p>--/--/--     ------/------   ------/------   ------/------</p>
<p>Maturing	  SBI Gilts    GSTC	     PNB Gilts</p>
<p>on				     (Bid/offer)	(in percent)</p>
<p>10/04/98     ------/------     9.60/9.15     ------/------</p>
<p>24/04/98	 9.50/9.25	 9.75/9.35     ------/------</p>
<p>--/--/--     ------/------   ------/------   ------/------</p>
<p>Note : DFHI - Discount and Finance House of India Ltd.</p>
<p>	 STCI - Securities Trading Corporation of India Ltd.</p>
<p>	 I-Sec- ICICI Securities and Finance Company Ltd.</p>
<p>	 GSTC - Gilts Securities Trading Corporation Ltd.</p>
<p>	   + Bombay Newsroom +91-22-265 9000</p>
</text>
<copyright>(c) Reuters Limited 1997</copyright>
<metadata>
<codes class="bip:countries:1.0">
  <code code="INDIA">
    <editdetail attribution="Reuters BIP Coding Group" action="confirmed" date="1997-05-24"/>
  </code>
</codes>
<codes class="bip:topics:1.0">
  <code code="M13">
    <editdetail attribution="Reuters BIP Coding Group" action="confirmed" date="1997-05-24"/>
  </code>
  <code code="M131">
    <editdetail attribution="Reuters BIP Coding Group" action="confirmed" date="1997-05-24"/>
  </code>
  <code code="MCAT">
    <editdetail attribution="Reuters BIP Coding Group" action="confirmed" date="1997-05-24"/>
  </code>
</codes>
<dc element="dc.date.created" value="1997-05-24"/>
<dc element="dc.publisher" value="Reuters Holdings Plc"/>
<dc element="dc.date.published" value="1997-05-24"/>
<dc element="dc.source" value="Reuters"/>
<dc element="dc.creator.location" value="BOMBAY"/>
<dc element="dc.creator.location.country.name" value="INDIA"/>
<dc element="dc.source" value="Reuters"/>
</metadata>
</newsitem>
