<?xml version="1.0" encoding="iso-8859-1" ?>
<newsitem itemid="612501" id="root" date="1997-05-24" xml:lang="en">
<title>AFGHANISTAN: Three Afghan opposition jets defect to Taleban.</title>
<headline>Three Afghan opposition jets defect to Taleban.</headline>
<byline>Tim Johnston</byline>
<dateline>KABUL 1997-05-24</dateline>
<text>
<p>Three aircraft belonging to the northern Afghan opposition leader General Abdul Rashid Dostum were flown by deserters to his enemies on Saturday, according to one of the pilots.</p>
<p>Major General Yussef Shah told reporters in Kabul he made the 35-minute flight in an L39 Albatross jet trainer from opposition-held Shibarghan airport in northern Afghanistan to Kabul because he feared that Dostum was trying to split Afghanistan.</p>
<p>&quot;We feared that Dostum was trying to dismantle Afghanistan. More planes are expected to come over,&quot; Yussef, clean-shaven and wearing combat fatigues, told reporters gathered in the office of the head of the Taleban air force.</p>
<p>He said two other planes -- Soviet-built Su-22 fighter bombers -- had flown from Shibarghan to the town of Maimana.</p>
<p>Maimana is the capital of Faryab province, held by Dostum's former foreign minister and deputy, General Abdul Malik, who launched a revolt against Dostum on Monday.</p>
<p>&quot;One of the pilots was Colonel General Hafeez, the head of (Dostum's) air force. They bombed Shibarghan air base on their way out,&quot; said Yussef.</p>
<p>It was not possible to confirm the bombings or the defections to Maimana.</p>
<p>Yussef said Saturday's defections meant that Dostum had lost more than a quarter of his air force.</p>
<p>&quot;Dostum had four Su-22s, three MiG-21s, and four L39s before today, now he has lost three of them,&quot; he said.</p>
<p>Yussef said the Taleban and their new ally, General Malik, faced Dostum's forces on a front line some 15 km (nine miles) from Shibarghan.</p>
<p>He said that Dostum's forces still held the town of Sar-i-Pul, but that the Taleban forces were within two km (1-1/4 miles) of the town.</p>
<p>The opposition alliance led by Dostum, who has led the fight against the purist Islamic Taleban, was thrown into disarray by Malik's revolt on Monday.</p>
<p>The revolt broke an 18-month deadlock on the front line in Badghis province.</p>
<p>The Taleban, who seized Kabul last September and control most of Afghanistan, now command all of Badghis and its eastern neighbour Faryab and are making inroads into Sar-i-pul province.</p>
</text>
<copyright>(c) Reuters Limited 1997</copyright>
<metadata>
<codes class="bip:countries:1.0">
  <code code="AFGH">
    <editdetail attribution="Reuters BIP Coding Group" action="confirmed" date="1997-05-24"/>
  </code>
</codes>
<codes class="bip:topics:1.0">
  <code code="GCAT">
    <editdetail attribution="Reuters BIP Coding Group" action="confirmed" date="1997-05-24"/>
  </code>
  <code code="GVIO">
    <editdetail attribution="Reuters BIP Coding Group" action="confirmed" date="1997-05-24"/>
  </code>
</codes>
<dc element="dc.date.created" value="1997-05-24"/>
<dc element="dc.publisher" value="Reuters Holdings Plc"/>
<dc element="dc.date.published" value="1997-05-24"/>
<dc element="dc.source" value="Reuters"/>
<dc element="dc.creator.location" value="KABUL"/>
<dc element="dc.creator.location.country.name" value="AFGHANISTAN"/>
<dc element="dc.source" value="Reuters"/>
</metadata>
</newsitem>
