<?xml version="1.0" encoding="iso-8859-1" ?>
<newsitem itemid="612525" id="root" date="1997-05-24" xml:lang="en">
<title>BANGLADESH: Bangladesh to pursue non-inflationary growth.</title>
<headline>Bangladesh to pursue non-inflationary growth.</headline>
<byline>Shakeel Anwar</byline>
<dateline>DHAKA 1997-05-24</dateline>
<text>
<p>Bangladesh Finance Minister S.A.M.S. Kibria said on Saturday his government would pursue strictly a growth strategy that did not fuel inflation.</p>
<p>&quot;We will stick to our non-inflationary growth strategy. We like to assure the consumers that our economic policies will not raise the price level,&quot; Kibria told reporters.</p>
<p>Kibria is expected to announce the national budget for fiscal 1997/98 (July-June) in parliament on June 12.</p>
<p>&quot;So far we have been successfully containing the inflation rate, and we will sustain the effort. Growth with inflation does never benefit people,&quot; the minister said.</p>
<p>Kibria said the twelve-monthly average inflation rate was now slightly below four percent against 4.07 percent in July 1996.</p>
<p>The minister earlier held pre-budget consultations with different professional groups and said he was planning to meet with opposition political parties.</p>
<p>&quot;We are trying to get a feeling about the expectation of people before the budget. The government wants to be maximum accountable and transparent.&quot;</p>
<p>The minister said he was expecting GDP growth to exceed 5.5 percent, targeted for the current 1996/97 fiscal year ending June 30.</p>
<p>He indicated he was basically banking his optimism on a good rice crop.</p>
<p>Kibria said major sectors of the economy were also performing well.</p>
<p>The minister said revenue collection, although lagging about two billion taka ($45 million) behind the target during the last ten months to April'97, would touch the projected mark by end of the financial year.</p>
<p>The minister referred to the level of foreign currency reserves, currently $1.8 billion, and said: &quot;We need to add another 400 to 500 millions.&quot;</p>
<p>Bangladesh is negotiating with the International Monetary Fund (IMF) for a soft loan assistance between $500 and $600 million, officials said.</p>
<p>The minister told a questioner that the banking sector was now in the &quot;most stable situation&quot; in last 20 years.</p>
<p>&quot;It is now better supervised than anytime before. Laws are being strengthened to effectively deal with bad-loan crisis.&quot;</p>
<p>According to the central bank, banks in Bangladesh were grappling with 135 billion taka ($3.08 billion) in defaulted loans.</p>
<p>Bangladesh's central bank governor Lutfar Rahman Sarkar triggered alarm last month by saying that country's banking sector was on the verge of collapse due to huge accumulation of non-performing loan.</p>
<p>Sarkar later said he had been misquoted.</p>
</text>
<copyright>(c) Reuters Limited 1997</copyright>
<metadata>
<codes class="bip:countries:1.0">
  <code code="BANDH">
    <editdetail attribution="Reuters BIP Coding Group" action="confirmed" date="1997-05-24"/>
  </code>
</codes>
<codes class="bip:topics:1.0">
  <code code="E12">
    <editdetail attribution="Reuters BIP Coding Group" action="confirmed" date="1997-05-24"/>
  </code>
  <code code="E13">
    <editdetail attribution="Reuters BIP Coding Group" action="confirmed" date="1997-05-24"/>
  </code>
  <code code="E131">
    <editdetail attribution="Reuters BIP Coding Group" action="confirmed" date="1997-05-24"/>
  </code>
  <code code="ECAT">
    <editdetail attribution="Reuters BIP Coding Group" action="confirmed" date="1997-05-24"/>
  </code>
</codes>
<dc element="dc.date.created" value="1997-05-24"/>
<dc element="dc.publisher" value="Reuters Holdings Plc"/>
<dc element="dc.date.published" value="1997-05-24"/>
<dc element="dc.source" value="Reuters"/>
<dc element="dc.creator.location" value="DHAKA"/>
<dc element="dc.creator.location.country.name" value="BANGLADESH"/>
<dc element="dc.source" value="Reuters"/>
</metadata>
</newsitem>
