<?xml version="1.0" encoding="iso-8859-1" ?>
<newsitem itemid="612508" id="root" date="1997-05-24" xml:lang="en">
<title>SRI LANKA: Sri Lanka key economic indicators May 24.</title>
<headline>Sri Lanka key economic indicators May 24.</headline>
<text>
<p>.............DAILY INDICATORS..............</p>
<p>					    FRIDAY		PREVIOUS</p>
<p>					   ---------	     --------</p>
<p>Rupee/US				   58.51		  58.49</p>
<p>Rupee/Stg				  95.18		  95.97</p>
<p>All Share Price Index		 727.3		  728.0</p>
<p>Sensitive Index		     1,130.2		1,129.4</p>
<p>Daily Turnover (Rs.Mln)		17.46		  63.87</p>
<p>WEEKLY				    MAY 9		  WEEK AGO</p>
<p>Prime lending rate %		  13.5		     14.0</p>
<p>Treasury bill (1 yr yield)	  12.7		     12.72</p>
<p>Call money rate %			9.5			9.4</p>
<p>Central Bank REPO %		    9.0			8.7</p>
<p> MONTHLY				    CURRENT	   YEAR-AGO</p>
<p>Growth in:</p>
<p>Consumer price index</p>
<p> (1952=100)(CCPI)	 APR	   2,016.0	    1,811.7</p>
<p>Annual Average Change   APR	    16.4 %		11.7%</p>
<p>M1 Rs. Bln.	    END-FEB	   77.6		  77.4</p>
<p>M2 Rs. Bln.	    END-FEB	  255.0		 234.2</p>
<p>External Debt	  END-DEC	   $6.5bln	   $6.8bln</p>
<p>Total reserves	 END-FEB     $2,396 million	$2,441 million</p>
<p>Official reserves    END-FEB     $1,850 million	$1,938 million</p>
<p>Trade balance	  JAN-FEB	-$226 million	 -$247 million</p>
<p>Exports		  JAN-FEB     $  674 million	$  584 million</p>
<p>Imports		  JAN-FEB     $  899 million	$  831 million</p>
<p>Manufacturing ExportsJAN-FEB     $  499 million	$  413 million</p>
<p>    ANNUAL		   *1996     1995	1994	 1993</p>
<p>				  ----     ----	----	 ----</p>
<p>GDP growth rate %	    3.8     5.5	  5.6	  6.9</p>
<p>Inflation %		   15.9     7.7	  8.4	 11.7</p>
<p>Budget deficit as %</p>
<p>of GDP			  -8.9    -9.6	-10.0	 -8.4</p>
<p>Per capita GDP US$	   760     719	  656	  588</p>
<p>Debt service ratio %	15.2    13.9	 13.3	 13.8</p>
<p>Trade balance SDR million     -909     -997	-1,089     -825</p>
<p>Foreign Reserves US$ bln   1.9     2.6	  2.6	  2.0</p>
<p>Population (million)	18.3    18.1	 17.9	 17.6</p>
<p>Source: Central Bank, Finance &amp; Planning Ministry</p>
<p>* Provisional</p>
<p>(SDR1=81.38 rupees end 1996)</p>
</text>
<copyright>(c) Reuters Limited 1997</copyright>
<metadata>
<codes class="bip:countries:1.0">
  <code code="SRILAN">
    <editdetail attribution="Reuters BIP Coding Group" action="confirmed" date="1997-05-24"/>
  </code>
</codes>
<codes class="bip:topics:1.0">
  <code code="E71">
    <editdetail attribution="Reuters BIP Coding Group" action="confirmed" date="1997-05-24"/>
  </code>
  <code code="ECAT">
    <editdetail attribution="Reuters BIP Coding Group" action="confirmed" date="1997-05-24"/>
  </code>
</codes>
<dc element="dc.publisher" value="Reuters Holdings Plc"/>
<dc element="dc.date.published" value="1997-05-24"/>
<dc element="dc.source" value="Reuters"/>
<dc element="dc.creator.location.country.name" value="SRI LANKA"/>
<dc element="dc.source" value="Reuters"/>
</metadata>
</newsitem>
