<?xml version="1.0" encoding="iso-8859-1" ?>
<newsitem itemid="662034" id="root" date="1997-06-15" xml:lang="en">
<title>SOUTH AFRICA: RUGBY UNION-BRACKEN SUMMONED FROM HOLIDAY TO JOIN LIONS.</title>
<headline>RUGBY UNION-BRACKEN SUMMONED FROM HOLIDAY TO JOIN LIONS.</headline>
<dateline>DURBAN 1997-06-15</dateline>
<text>
<p>England scrumhalf Kyran Bracken was summoned from a Caribbean holiday on Sunday to join the British Lions as the replacement for injured Welshman Rob Howley on their South African tour.</p>
<p>Bracken had been enjoying the first day of a holiday in Tobago, unaware that the Lions wanted him to replace Howley who dislocated his left shoulder during the Lions' 42-12 victory over Natal at Kings Park on Saturday.</p>
<p>British Lions selectors telephoned Mike Scott, administration manager of Bracken's Saracens club in London. He initiated frantic efforts to track down the player, who had left no contact number.</p>
<p>Scott telephoned 13 hotels on Tobago before he found Bracken, who becomes the third player from Saracens to come in as a 1997 Lions replacement.</p>
<p>Saracens prop Paul Wallace replaced Ireland's Peter Clohessy and number eight Tony Diprose arrived in South Africa for Welshman Scott Quinnell last week.</p>
<p>Bracken, who made his England debut against New Zealand in 1993, received a belated recall to the England side which drew the recent test series 1-1 in Argentina.</p>
<p>Howley was set to fly back to Britain on Sunday night, Lions media liaison officer Bob Burrows said. He is expected to be out of the game for four months.</p>
</text>
<copyright>(c) Reuters Limited 1997</copyright>
<metadata>
<codes class="bip:countries:1.0">
  <code code="SAFR">
    <editdetail attribution="Reuters BIP Coding Group" action="confirmed" date="1997-06-15"/>
  </code>
  <code code="UK">
    <editdetail attribution="Reuters BIP Coding Group" action="confirmed" date="1997-06-15"/>
  </code>
</codes>
<codes class="bip:topics:1.0">
  <code code="GCAT">
    <editdetail attribution="Reuters BIP Coding Group" action="confirmed" date="1997-06-15"/>
  </code>
  <code code="GSPO">
    <editdetail attribution="Reuters BIP Coding Group" action="confirmed" date="1997-06-15"/>
  </code>
</codes>
<dc element="dc.date.created" value="1997-06-15"/>
<dc element="dc.publisher" value="Reuters Holdings Plc"/>
<dc element="dc.date.published" value="1997-06-15"/>
<dc element="dc.source" value="Reuters"/>
<dc element="dc.creator.location" value="DURBAN"/>
<dc element="dc.creator.location.country.name" value="SOUTH AFRICA"/>
<dc element="dc.source" value="Reuters"/>
</metadata>
</newsitem>
