<?xml version="1.0" encoding="iso-8859-1" ?>
<newsitem itemid="662050" id="root" date="1997-06-15" xml:lang="en">
<title>UK: CRICKET-AUSTRALIA'S LAW FIRES ESSEX TO VICTORY.</title>
<headline>CRICKET-AUSTRALIA'S LAW FIRES ESSEX TO VICTORY.</headline>
<dateline>LONDON 1997-06-15</dateline>
<text>
<p>Australia's Stuart Law hammered 123 to carry Essex to an eight-wicket victory over Sussex in an English Sunday League 40-over match at Hove.</p>
<p>Law, who raced past the century-mark in just 76 balls, put on an opening partnership of 199 runs with Paul Prichard (68) as Essex eased past Sussex's 216 for six, with almost 10 overs to spare.</p>
<p>Fast bowler Ashley Cowan, named in the England squad on Sunday for the second test against Australia starting on Thursday, celebrated with three for 33 for Essex.</p>
<p>England captain Mike Atherton warmed up for the Lord's test with an unbeaten 90 in Lancashire's 17-run victory over Kent at Old Trafford.</p>
<p>Lancashire made 172 for three from a reduced 35 overs and then skittled Kent out for 155, with Glen Chapple taking three for 22.</p>
<p>Atherton's England team mate Graham Thorpe continued his fine run of form, striking an unbeaten 100 to guide Surrey to a five-wicket win against Yorkshire at The Oval.</p>
<p>Glamorgan gained some revenge for their dismal batting performance in a county championship match the previous day, overcoming Middlesex by six wickets in Cardiff.</p>
<p>The Welsh side crashed to 31 all out to lose by over an innings to Middlesex on Saturday but thanks to an unbeaten 71 by Matthew Maynard cruised to their victory target of 186 in 35.3 overs.</p>
<p>Warwickshire made a remarkable 201 for six from their rain-reduced 21 overs to beat Derbyshire by 108 runs at Edgbaston.</p>
<p>Neil Smith hammered a quickfire 60 and Dougie Brown a 19-ball half-century.</p>
<p>Worcestershire fell just one run short of victory against Gloucestershire (177 all out) at Bristol after Stuart Lampitt, needing a boundary off the last ball, could manage only two.</p>
</text>
<copyright>(c) Reuters Limited 1997</copyright>
<metadata>
<codes class="bip:countries:1.0">
  <code code="AUSTR">
    <editdetail attribution="Reuters BIP Coding Group" action="confirmed" date="1997-06-15"/>
  </code>
  <code code="UK">
    <editdetail attribution="Reuters BIP Coding Group" action="confirmed" date="1997-06-15"/>
  </code>
</codes>
<codes class="bip:topics:1.0">
  <code code="GCAT">
    <editdetail attribution="Reuters BIP Coding Group" action="confirmed" date="1997-06-15"/>
  </code>
  <code code="GSPO">
    <editdetail attribution="Reuters BIP Coding Group" action="confirmed" date="1997-06-15"/>
  </code>
</codes>
<dc element="dc.date.created" value="1997-06-15"/>
<dc element="dc.publisher" value="Reuters Holdings Plc"/>
<dc element="dc.date.published" value="1997-06-15"/>
<dc element="dc.source" value="Reuters"/>
<dc element="dc.creator.location" value="LONDON"/>
<dc element="dc.creator.location.country.name" value="UK"/>
<dc element="dc.source" value="Reuters"/>
</metadata>
</newsitem>
