<?xml version="1.0" encoding="iso-8859-1" ?>
<newsitem itemid="662025" id="root" date="1997-06-15" xml:lang="en">
<title>FRANCE: MOTOR RACING-ALBORETO DRIVES PORSCHE PROTOTYPE TO VICTORY.</title>
<headline>MOTOR RACING-ALBORETO DRIVES PORSCHE PROTOTYPE TO VICTORY.</headline>
<byline>Christian Curtenelle</byline>
<dateline>LE MANS, France 1997-06-15</dateline>
<text>
<p>Italian Michele Alboreto realised a dream when he drove the Joest TWR Porsche prototype to the German team's second successive Le Mans 24 Hours victory on Sunday.</p>
<p>&quot;I've had this dream for a long time of winning this race and now it's come true,&quot; Alboreto, 40, said after partnering another ex-Formula One driver, Stefan Johansson of Sweden, and Dane Tom Kristensen in the winning car.</p>
<p>It was a record 15th Le Mans win for Porsche and a fourth for the Reinhold Joest team, whose prototype designed by Briton Tom Walkinshaw followed victories in 1984, 1985 and last year, all with the number 7.</p>
<p>&quot;We did a good job. We're going to try to repeat this victory next year,&quot; said Alboreto, who won five of his 194 grands prix and who was Formula One world championship runner-up with Ferrari in 1985.</p>
<p>&quot;We had to put maximum pressure on the factory cars,&quot; Alboreto said after co-driver Kristensen set the record for the 13.6-km track, lapping in three minutes 45.068 seconds at an average speed of 217.534 kph.</p>
<p>McLaren BMW F1GTRs occupied second and third place after the two factory Porsche 911 GT1s who shared the lead for two-thirds of the race both failed to finish.</p>
<p>The second-placed car was driven by Frenchmen Jean-Marc Gounon and Pierre-Henri Raphanel and Anders Olofsson of Sweden, the other by Dutchman Peter Kox, Roberto Ravaglia of Italy and France's Eric Helary.</p>
<p>The works Porsche driven by Frenchman Bob Wollek, Hans Stuck of Germany and Belgium's Thierry Boutsen crashed out early on Sunday morning, spinning off with Wollek at the wheel on the Arnage bend. Wollek was unhurt.</p>
<p>Two hours from the finish, the other Porsche driven by German Ralf Kelleners caught fire when it was in the lead.</p>
<p>Kelleners, who shared the driving with Frenchmen Yannick Dalmas, three times winner at Le Mans, and Emmanuel Collard, escaped from the blazing car unhurt.</p>
<p>Dalmas, speaking shortly before the accident, said: &quot;I get the feeling less of taking part in an endurance race than a sprint. There hasn't been a let- up since the start.&quot;</p>
<p>A McLaren driven by Briton Andrew Scott -- with compatriot Ray Bellm and Masanori Sekiya of Japan -- also burst into flames some 20 minutes later when it was in fifth place at the same spot after the Mulsanne rise. Scott also escaped unhurt.</p>
<p>Two cars caught fire on Saturday evening and only 17 cars, eight less than last year, completed the race from an entry of 48.</p>
<p>The Chrysler Viper of Japan's Soheil Ayari and Briton Perry McCarthy's Pangoz GTR both caught fire as they spun off course early in the race. The drivers were unhurt.</p>
<p>French veteran Henri Pescarolo, in a record 31st Le Mans, was seventh in his Courage C36.</p>
<p>Of the three Nissan R390s that started the race with hight hopes, only one finished, in 12th place.</p>
</text>
<copyright>(c) Reuters Limited 1997</copyright>
<metadata>
<codes class="bip:countries:1.0">
  <code code="FRA">
    <editdetail attribution="Reuters BIP Coding Group" action="confirmed" date="1997-06-15"/>
  </code>
</codes>
<codes class="bip:topics:1.0">
  <code code="GCAT">
    <editdetail attribution="Reuters BIP Coding Group" action="confirmed" date="1997-06-15"/>
  </code>
  <code code="GSPO">
    <editdetail attribution="Reuters BIP Coding Group" action="confirmed" date="1997-06-15"/>
  </code>
</codes>
<dc element="dc.date.created" value="1997-06-15"/>
<dc element="dc.publisher" value="Reuters Holdings Plc"/>
<dc element="dc.date.published" value="1997-06-15"/>
<dc element="dc.source" value="Reuters"/>
<dc element="dc.creator.location" value="LE MANS, France"/>
<dc element="dc.creator.location.country.name" value="FRANCE"/>
<dc element="dc.source" value="Reuters"/>
</metadata>
</newsitem>
