<?xml version="1.0" encoding="iso-8859-1" ?>
<newsitem itemid="662186" id="root" date="1997-06-15" xml:lang="en">
<title>DJIBOUTI: Refugees flee Eritrea camp to Djibouti.</title>
<headline>Refugees flee Eritrea camp to Djibouti.</headline>
<dateline>DJIBOUTI 1997-06-15</dateline>
<text>
<p>A group of 47 Somalis, mostly women and children, have arrived in northern Djibouti after fleeing their refugee camp in Eritrea, media reports said on Sunday.</p>
<p>Djibouti television said the group fled the camp in the Eritrean Red Sea port of Assab to Obock in northern Djibouti because they were short of food and medical attention.</p>
<p>&quot;Many more are coming despite efforts by the Eritrean authorities to stop them,&quot; one refugee said in a TV interview. He said they had been in the Assab camp for the last 18 months, but did not say how they got there from Somalia, which borders Djibouti to the south.</p>
</text>
<copyright>(c) Reuters Limited 1997</copyright>
<metadata>
<codes class="bip:countries:1.0">
  <code code="ERTRA">
    <editdetail attribution="Reuters BIP Coding Group" action="confirmed" date="1997-06-15"/>
  </code>
  <code code="SOMAL">
    <editdetail attribution="Reuters BIP Coding Group" action="confirmed" date="1997-06-15"/>
  </code>
  <code code="TAI">
    <editdetail attribution="Reuters BIP Coding Group" action="confirmed" date="1997-06-15"/>
  </code>
</codes>
<codes class="bip:topics:1.0">
  <code code="GCAT">
    <editdetail attribution="Reuters BIP Coding Group" action="confirmed" date="1997-06-15"/>
  </code>
  <code code="GDIP">
    <editdetail attribution="Reuters BIP Coding Group" action="confirmed" date="1997-06-15"/>
  </code>
  <code code="GPOL">
    <editdetail attribution="Reuters BIP Coding Group" action="confirmed" date="1997-06-15"/>
  </code>
</codes>
<dc element="dc.date.created" value="1997-06-15"/>
<dc element="dc.publisher" value="Reuters Holdings Plc"/>
<dc element="dc.date.published" value="1997-06-15"/>
<dc element="dc.source" value="Reuters"/>
<dc element="dc.creator.location" value="DJIBOUTI"/>
<dc element="dc.creator.location.country.name" value="DJIBOUTI"/>
<dc element="dc.source" value="Reuters"/>
</metadata>
</newsitem>
