<?xml version="1.0" encoding="iso-8859-1" ?>
<newsitem itemid="662179" id="root" date="1997-06-15" xml:lang="en">
<title>CONGO: Congo militia attacks Brazzaville airport.</title>
<headline>Congo militia attacks Brazzaville airport.</headline>
<byline>Matthew Tostevin</byline>
<dateline>BRAZZAVILLE 1997-06-15</dateline>
<text>
<p>The militia loyal to the Congo Republic's former Marxist military leader launched an attack on Sunday with tanks and mortars to seize Brazzaville international airport from government troops.</p>
<p>Mortar fire began at 2 a.m. and continued into mid-morning as Denis Sassou Nguesso's Cobra militia moved two T-55 tanks 500 metres (yards) forward to attack an airbase next to the airport, French and other Western military sources said.</p>
<p>Black smoke rose from the airbase, where troops loyal to President Pascal Lissouba were taking position.</p>
<p>The attack ended two days of relative calm around the airport and in the battered capital during which mediators focused on ways of halting political and ethnic bloodshed and organising promised presidential elections.</p>
<p>The conflict started on June 5 after the army surrounded Sassou Nguesso's home as part of a crackdown on private militias and unauthorised arms in the runup to a July 27 election. Lissouba's mandate ends of August 31.</p>
<p>&quot;It is not really conquered ground because it was not occupied before but it clearly shows their intention to advance,&quot; one source said of the Cobras' tank movements.</p>
<p>Military sources closer to the airbase said the Cobras appeared to have advanced towards the main airport building but it was not clear how far.</p>
<p>French army spokesman Colonel Henry Pelissier said the militia forces were about 500 metres (yards) from the aviation club where French troops are based, but that there was no need for the French to open fire to push them back.</p>
<p>&quot;They (militia forces) are using 100mm mortar and firing at the army positions at the airbase at the far side of the airport,&quot; Pelissier said.</p>
<p>Envoys representing Lissouba and his predecessor and arch rival Sassou Nguesso agreed on Saturday to meet in Gabon to for talks on implementing a peace deal -- with deployment of an African force being touted as one solution.</p>
<p>Confusion surrounded the timing of the talks. Brazzaville mayor and mediator Bernard Kolelas said the envoys would meet on Sunday. Others mediators and sources in Gabon's capital Libreville said the talks would most likely be on Monday.</p>
<p>&quot;We must do everything to ensure that the elections are held within the delays foreseen in the constitution,&quot; U.N. special envoy Mohamed Sahnoun said after talks with all sides. &quot;Democracy must definitely be put back on track,&quot; he said.</p>
<p>The two sides declared a truce on Wednesday and only occasional explosions and shooting was heard in the centre of the oil-producing former French colony's capital on Saturday. Friday too was comparatively quiet.</p>
<p>Bodies litter Brazzaville's streets and the smell of rotting corpses permeates parts of the city. Some sources say the death toll could run into hundreds and maybe even several thousand but many of the dead lay uncollected where they fell.</p>
<p>Soldiers supporting Lissouba and Sassou Nguesso's militiamen spent much of Saturday drinking beer or casually looting.</p>
<p>At Sassou Nguesso's heavily fortified home, one stop on Sahnoun's shuttle around town, a young militiaman held an AK-47 in one hand and a selection of children's toys in the other.</p>
<p>Sahnoun, travelling in an armoured car and protected by French special forces commandos, crossed battle lines in the city, passing buildings smashed by rockets and looters. Fires smouldered in some as dusk closed in.</p>
<p>France, which has evacuated almost 5,000 foreign nationals, about a third of them French, says that it will wind up its rescue mission on Sunday and start pulling out.</p>
<p>Sahnoun said that one idea on the table was for an African peace force. &quot;We are going to discuss this issue,&quot; he said. &quot;We don't rule out an African presence.&quot;</p>
<p>Lissouba told Gabon-based Africa Number One radio he favoured deployment of an African force, &quot;possibly led by France with whom we are used to working, to guarantee the elections&quot;.</p>
<p>Sassou Nguesso, whose Cobra militia made some gains during last week's fighting, said he was not opposed the idea -- &quot;on condition that it (the force) does not become permanent.&quot;</p>
<p>He too has called for elections to go ahead. &quot;On the eve of the polling, passions must be cooled and conditions created for fair and transparent elections,&quot; he said.</p>
</text>
<copyright>(c) Reuters Limited 1997</copyright>
<metadata>
<codes class="bip:countries:1.0">
  <code code="CONGO">
    <editdetail attribution="Reuters BIP Coding Group" action="confirmed" date="1997-06-15"/>
  </code>
</codes>
<codes class="bip:topics:1.0">
  <code code="GCAT">
    <editdetail attribution="Reuters BIP Coding Group" action="confirmed" date="1997-06-15"/>
  </code>
  <code code="GVIO">
    <editdetail attribution="Reuters BIP Coding Group" action="confirmed" date="1997-06-15"/>
  </code>
</codes>
<dc element="dc.date.created" value="1997-06-15"/>
<dc element="dc.publisher" value="Reuters Holdings Plc"/>
<dc element="dc.date.published" value="1997-06-15"/>
<dc element="dc.source" value="Reuters"/>
<dc element="dc.creator.location" value="BRAZZAVILLE"/>
<dc element="dc.creator.location.country.name" value="CONGO"/>
<dc element="dc.source" value="Reuters"/>
</metadata>
</newsitem>
