<?xml version="1.0" encoding="iso-8859-1" ?>
<newsitem itemid="662127" id="root" date="1997-06-15" xml:lang="en">
<title>DENMARK: SOCCER-DANISH SUPER LEAGUE RESULTS/STANDINGS.</title>
<headline>SOCCER-DANISH SUPER LEAGUE RESULTS/STANDINGS.</headline>
<dateline>COPENHAGEN 1997-06-15</dateline>
<text>
<p>Results of Danish super</p>
<p>league soccer matches played on Sunday.</p>
<p> Aalborg	 0   FC Copenhagen 1</p>
<p> Aarhus	  2   AB		1</p>
<p> Herfoelge     1   Brondby	 2</p>
<p> Hvidovre	4   Odense	  3</p>
<p> Lyngby	  1   Vejle	   1</p>
<p> Viborg	  0   Silkeborg     2</p>
<p>     Final standings  P   W   D  L   F A  Pts</p>
<p>  1. Brondby	   33  20   8  5  64 39  68</p>
<p>  2. Vejle	     33  14  12  7  57 38  54</p>
<p>  3. Aarhus	    33  14  10  9  75 51  52</p>
<p>  4. Herfoelge	 33  15   7 11  46 42  52</p>
<p>  5. Aalborg	   33  12  11 10  46 40  47</p>
<p>  6. Silkeborg	 33  10  15  8  51 55  45</p>
<p>  7. Odense	    33  11   8 14  59 61  41</p>
<p>  8. FC Copenhagen   33  10  11 12  35 43  41</p>
<p>  9. Lyngby	    33  10  10 13  50 61  40</p>
<p> 10. AB		  33   8  12 13  56 62  36</p>
<p> 11. Viborg	    33   6  11 16  31 58  29</p>
<p> 12. Hvidovre	  33   5  11 17  39 59  26</p>
</text>
<copyright>(c) Reuters Limited 1997</copyright>
<metadata>
<codes class="bip:countries:1.0">
  <code code="DEN">
    <editdetail attribution="Reuters BIP Coding Group" action="confirmed" date="1997-06-15"/>
  </code>
</codes>
<codes class="bip:topics:1.0">
  <code code="GCAT">
    <editdetail attribution="Reuters BIP Coding Group" action="confirmed" date="1997-06-15"/>
  </code>
  <code code="GSPO">
    <editdetail attribution="Reuters BIP Coding Group" action="confirmed" date="1997-06-15"/>
  </code>
</codes>
<dc element="dc.date.created" value="1997-06-15"/>
<dc element="dc.publisher" value="Reuters Holdings Plc"/>
<dc element="dc.date.published" value="1997-06-15"/>
<dc element="dc.source" value="Reuters"/>
<dc element="dc.creator.location" value="COPENHAGEN"/>
<dc element="dc.creator.location.country.name" value="DENMARK"/>
<dc element="dc.source" value="Reuters"/>
</metadata>
</newsitem>
