<?xml version="1.0" encoding="iso-8859-1" ?>
<newsitem itemid="662150" id="root" date="1997-06-15" xml:lang="en">
<title>UK: Dollar bloc bonds take lead in latest week-Salomon.</title>
<headline>Dollar bloc bonds take lead in latest week-Salomon.</headline>
<dateline>LONDON 1997-06-13</dateline>
<text>
<p>Dollar bloc sectors Australia and Canada were the best performers in a positive week for all major bond markets, according to data provided by Salomon Brothers in New York.</p>
<p>Australian government bonds returned 1.43 percent in local currency terms in the week to June 12. The Salomon Brothers World Government Bond Index of 17 bond markets gained 0.65 percent overall.</p>
<p>Australian bond markets were buoyed for another cut in interest rates, particularly after a surprisingly large rise in domestic unemployment.  </p>
<p>Canadian bonds came in at second place in the index, at a gain in Canadian dollar terms of 1.38 percent. The market benefited from its safe haven status for European investors concerned about the timetable for European economic and monetary union (EMU).</p>
<p>Dollar bonds were the fourth best performers, with a return of 0.72 percent.</p>
<p>Major European bond markets recovered from EMU jitters over agreement on the budget stability pact to make broadly similar gains. German bonds returned 0.57 percent in marks, French bonds 0.53 percent in francs, Italian bonds 0.53 percent in lire and  </p>
<p>gilts were 0.56 percent higher in pounds.</p>
<p>Japanese government bonds (JGBs) made a 0.58 percent gain in yen. The strength of the yen translated that gain into a 2.02 percent upturn in U.S. dollar terms.</p>
<p>The World Government Bond Index rallied 1.03 percent overall in dollar terms.</p>
<p>Salomon's bond index is calculated using all government bonds with over one year to maturity, weighted for market capitalisation. Only bonds freely available to institutional investors and with a certain minimum amount outstanding are included. Returns take account of price moves and accrued  </p>
<p>interest.</p>
<p>--International bonds unit +44 171 542 6320</p>
</text>
<copyright>(c) Reuters Limited 1997</copyright>
<metadata>
<codes class="bip:countries:1.0">
  <code code="AUSTR">
    <editdetail attribution="Reuters BIP Coding Group" action="confirmed" date="1997-06-15"/>
  </code>
  <code code="CANA">
    <editdetail attribution="Reuters BIP Coding Group" action="confirmed" date="1997-06-15"/>
  </code>
  <code code="UK">
    <editdetail attribution="Reuters BIP Coding Group" action="confirmed" date="1997-06-15"/>
  </code>
</codes>
<codes class="bip:topics:1.0">
  <code code="M12">
    <editdetail attribution="Reuters BIP Coding Group" action="confirmed" date="1997-06-15"/>
  </code>
  <code code="M13">
    <editdetail attribution="Reuters BIP Coding Group" action="confirmed" date="1997-06-15"/>
  </code>
  <code code="M132">
    <editdetail attribution="Reuters BIP Coding Group" action="confirmed" date="1997-06-15"/>
  </code>
  <code code="MCAT">
    <editdetail attribution="Reuters BIP Coding Group" action="confirmed" date="1997-06-15"/>
  </code>
</codes>
<dc element="dc.date.created" value="1997-06-13"/>
<dc element="dc.publisher" value="Reuters Holdings Plc"/>
<dc element="dc.date.published" value="1997-06-15"/>
<dc element="dc.source" value="Reuters"/>
<dc element="dc.creator.location" value="LONDON"/>
<dc element="dc.creator.location.country.name" value="UK"/>
<dc element="dc.source" value="Reuters"/>
</metadata>
</newsitem>
