<?xml version="1.0" encoding="iso-8859-1" ?>
<newsitem itemid="662177" id="root" date="1997-06-15" xml:lang="en">
<title>CONGO: Fresh Congo firing, evacuations, France to leave.</title>
<headline>Fresh Congo firing, evacuations, France to leave.</headline>
<byline>Matthew Tostevin</byline>
<dateline>BRAZZAVILLE 1997-06-15</dateline>
<text>
<p>France evacuated more civilians from the Congo Republic's capital on Sunday after fresh shooting around the international airport, and prepared to start pulling its troops out of the battered city.</p>
<p>Envoys of President Pascal Lissouba and his predecessor, former Marxist military leader Denis Sassou Nguesso, took advantage of the same lull in firing at the airport and left for peace talks in Gabon. They travelled on the same plane.</p>
<p>&quot;We start pulling out in principle on Monday and that will take something less than a week,&quot; French army spokesman Henry Pelissier told Reuters as about 100 men, women and children waited to leave on final flights out.</p>
<p>An earlier French plane left with dozens of civilians, mostly Africans, for the Congolese port of Pointe Noire.</p>
<p>The conflict started on June 5 after the army surrounded Sassou Nguesso's home as part of a crackdown on private militias and unauthorised arms in the runup to a July 27 election in the oil-producing former French colony in Central Africa.</p>
<p>Militia loyal to Sassou Nguesso advanced on the airport on Sunday and bombarded troops loyal to Lissouba there with shells and mortar bombs from 2 a.m. til the middle of the day.</p>
<p>The barrage followed two days of relative calm in the city and diplomatic efforts to end over a week of ethnic and political killing. The two sides declared a truce on Wednesday.</p>
<p>Lissouba, interviewed by Radio France International on Sunday, called for the election to take place as planned and repeated a call for an African peace force to oversee polling.</p>
<p>&quot;These elections must take place,&quot; he said. &quot;Democracy cannot be negotiated.&quot;</p>
<p>Sassou Nguesso did not rule out the idea. &quot;The international community must organise the elections, check them and ensure security,&quot; he told the same radio station.</p>
<p>Mediators say Gabon's veteran President Omar Bongo will host peace talks on Monday in his capital Libreville.</p>
<p>French Ambassador Raymond Cesaire, who announced the departure of the envoys, played down Sunday's fighting. &quot;These things happen during negotiations when sides try to improve their positions,&quot; he said.</p>
<p>Envoys representing Lissouba and Sassou Nguesso agreed on Saturday to meet in Gabon on implementing a peace deal.</p>
<p>Brazzaville mayor and mediator Bernard Kolelas, whose supporters were in the thick of bloody clashes that killed 2,000 people after a disputed parliamentary election in 1993, has been at the heart of the negotiations. His militia has stayed out of the fighting this time.</p>
<p>U.N. special envoy Mohamed Sahnoun and the U.S. and French ambassadors to Brazzaville have also been closely involved.</p>
<p>Bodies litter Brazzaville's streets and the smell of rotting bodies permeates parts of the city. Some sources say the death toll could run into hundreds and maybe even several thousand but many of the dead lay uncollected where they fell.</p>
<p>&quot;The number of bodies in the morgue is uncountable,&quot; surgeon Kibongo Nazerne said at the main University Hospital Centre. &quot;It has space for 140 bodies but there are many more than that.&quot;</p>
<p>France has evacuated almost 5,000 foreign nationals, about a third of them French. It planned to end the airlifts on Sunday.</p>
<p>Kolelas aides and Lissouba have floated the idea of French troops staying. Sassou Nguesso is cooler on the idea. Both Lissouba and Sassou Nguesso say they want the poll to go ahead.</p>
<p>Pope John Paul, addressing pilgrims at the Vatican on Sunday, condemned the fighting and urged reconciliation.</p>
</text>
<copyright>(c) Reuters Limited 1997</copyright>
<metadata>
<codes class="bip:countries:1.0">
  <code code="CONGO">
    <editdetail attribution="Reuters BIP Coding Group" action="confirmed" date="1997-06-15"/>
  </code>
  <code code="FRA">
    <editdetail attribution="Reuters BIP Coding Group" action="confirmed" date="1997-06-15"/>
  </code>
  <code code="GABON">
    <editdetail attribution="Reuters BIP Coding Group" action="confirmed" date="1997-06-15"/>
  </code>
</codes>
<codes class="bip:topics:1.0">
  <code code="GCAT">
    <editdetail attribution="Reuters BIP Coding Group" action="confirmed" date="1997-06-15"/>
  </code>
  <code code="GDIP">
    <editdetail attribution="Reuters BIP Coding Group" action="confirmed" date="1997-06-15"/>
  </code>
  <code code="GPOL">
    <editdetail attribution="Reuters BIP Coding Group" action="confirmed" date="1997-06-15"/>
  </code>
  <code code="GVIO">
    <editdetail attribution="Reuters BIP Coding Group" action="confirmed" date="1997-06-15"/>
  </code>
</codes>
<dc element="dc.date.created" value="1997-06-15"/>
<dc element="dc.publisher" value="Reuters Holdings Plc"/>
<dc element="dc.date.published" value="1997-06-15"/>
<dc element="dc.source" value="Reuters"/>
<dc element="dc.creator.location" value="BRAZZAVILLE"/>
<dc element="dc.creator.location.country.name" value="CONGO"/>
<dc element="dc.source" value="Reuters"/>
</metadata>
</newsitem>
