<?xml version="1.0" encoding="iso-8859-1" ?>
<newsitem itemid="662174" id="root" date="1997-06-15" xml:lang="en">
<title>SOUTH KOREA: Baseball-Results of S.Korean pro baseball games.</title>
<headline>Baseball-Results of S.Korean pro baseball games.</headline>
<dateline>SEOUL 1997-06-15</dateline>
<text>
<p>Results of South Korean professional baseball games played on Saturday.</p>
<p>    Hyundai		 10	Samsung	    3</p>
<p>    Ssangbangwool	  6	LG		   4</p>
<p>    Lotte		    5	Haitai	     2</p>
<p>    OB			 3	Hanwha	     1</p>
<p>Standings after games played on Saturday: (tabulate under won, drawn, lost, winning percentage, games behind first place)</p>
<p>			  W   D    L     PCT	   GB</p>
<p>    LG		 32   1   18    .637	    -</p>
<p>    Haitai	   30   0   21    .588	2 1/2</p>
<p>    OB		 29   3   21    .575	    3</p>
<p>    Samsung	  26   3   20    .561	    4</p>
<p>    Ssangbangwool  23   0   26    .469	8 1/2</p>
<p>    Hyundai	  20   3   29    .413     11 1/2</p>
<p>    Lotte	    20   0   30    .400	   12</p>
<p>    Hanwha	   17   2   32    .353     14 1/2</p>
</text>
<copyright>(c) Reuters Limited 1997</copyright>
<metadata>
<codes class="bip:countries:1.0">
  <code code="SKOREA">
    <editdetail attribution="Reuters BIP Coding Group" action="confirmed" date="1997-06-15"/>
  </code>
</codes>
<codes class="bip:topics:1.0">
  <code code="GCAT">
    <editdetail attribution="Reuters BIP Coding Group" action="confirmed" date="1997-06-15"/>
  </code>
  <code code="GSPO">
    <editdetail attribution="Reuters BIP Coding Group" action="confirmed" date="1997-06-15"/>
  </code>
</codes>
<dc element="dc.date.created" value="1997-06-15"/>
<dc element="dc.publisher" value="Reuters Holdings Plc"/>
<dc element="dc.date.published" value="1997-06-15"/>
<dc element="dc.source" value="Reuters"/>
<dc element="dc.creator.location" value="SEOUL"/>
<dc element="dc.creator.location.country.name" value="SOUTH KOREA"/>
<dc element="dc.source" value="Reuters"/>
</metadata>
</newsitem>
