<?xml version="1.0" encoding="iso-8859-1" ?>
<newsitem itemid="662154" id="root" date="1997-06-15" xml:lang="en">
<title>UK: BRITAIN'S ABBEY EMERGES AS BIDDER FOR CATER ALLEN - PAPER.</title>
<headline>BRITAIN'S ABBEY EMERGES AS BIDDER FOR CATER ALLEN - PAPER.</headline>
<dateline>LONDON 1997-06-15</dateline>
<text>
<p>Britain's Abbey National Plc has emerged as the mystery bidder in talks to acquire Cater Allen Holdings Plc for 200 million pounds ($326.9 million), the Sunday Times newspaper reported.</p>
<p>Cater Allen shares surged about 25 percent on June 5 after the UK financial services group said it was in talks that could lead to an offer.</p>
<p>Various groups were mentioned as bidders, the paper said.</p>
<p>&quot;But Abbey National was the bank behind the approach, with Gareth Jones, head of Abbey National's treasury division, leading the negotiations,&quot; it said.</p>
<p>&quot;Aside from its traditional role as a discount house -- one of the tiny finance houses that act as a go-between for the Bank of England and the big banks -- Cater Allen has a series of small businesses that would fit neatly with Abbey National's portfolio,&quot; the paper said.</p>
<p>In particular, Cater has a successful investment operation based in Jersey, the paper said.</p>
<p>Abbey National could not be reached for comment.</p>
<p>-- London Newsroom 44 171 542 7717 ($ = 0.611 British Pounds)</p>
</text>
<copyright>(c) Reuters Limited 1997</copyright>
<metadata>
<codes class="bip:countries:1.0">
  <code code="UK">
    <editdetail attribution="Reuters BIP Coding Group" action="confirmed" date="1997-06-15"/>
  </code>
</codes>
<codes class="bip:industries:1.0">
  <code code="I81402">
    <editdetail attribution="Reuters BIP Coding Group" action="confirmed" date="1997-06-15"/>
  </code>
  <code code="I83100">
    <editdetail attribution="Reuters BIP Coding Group" action="confirmed" date="1997-06-15"/>
  </code>
</codes>
<codes class="bip:topics:1.0">
  <code code="C18">
    <editdetail attribution="Reuters BIP Coding Group" action="confirmed" date="1997-06-15"/>
  </code>
  <code code="C181">
    <editdetail attribution="Reuters BIP Coding Group" action="confirmed" date="1997-06-15"/>
  </code>
  <code code="CCAT">
    <editdetail attribution="Reuters BIP Coding Group" action="confirmed" date="1997-06-15"/>
  </code>
</codes>
<dc element="dc.date.created" value="1997-06-15"/>
<dc element="dc.publisher" value="Reuters Holdings Plc"/>
<dc element="dc.date.published" value="1997-06-15"/>
<dc element="dc.source" value="Reuters"/>
<dc element="dc.creator.location" value="LONDON"/>
<dc element="dc.creator.location.country.name" value="UK"/>
<dc element="dc.source" value="Reuters"/>
</metadata>
</newsitem>
