<?xml version="1.0" encoding="iso-8859-1" ?>
<newsitem itemid="662230" id="root" date="1997-06-15" xml:lang="en">
<title>AUSTRALIA: RTRS-Moody's confirms Boral debt ratings.</title>
<headline>RTRS-Moody's confirms Boral debt ratings.</headline>
<dateline>SYDNEY 1996-06-16</dateline>
<text>
<p>Moody's Investors Service said on Monday it had confirmed the senior unsecured debt ratings of Boral Ltd and its guaranteed subsidiaries at A2 and the company's commercial paper rating at Prime-1.  </p>
<p>The confirmation follows Boral's announcement that it plans to float off its gas distribution networks in South Australia, Queensland and the Northern Territory.</p>
<p>Boral said it expected the float of Envestra Ltd to raise more than A$850 million. It plans to retain a 19.9 percent stake in the company.</p>
<p>Moody's said it expected Boral would use the proceeds at first to reduce leverage and in the medium term to boost growth in the core businesses.</p>
</text>
<copyright>(c) Reuters Limited 1997</copyright>
<metadata>
<codes class="bip:countries:1.0">
  <code code="AUSTR">
    <editdetail attribution="Reuters BIP Coding Group" action="confirmed" date="1997-06-15"/>
  </code>
</codes>
<codes class="bip:industries:1.0">
  <code code="I24000">
    <editdetail attribution="Reuters BIP Coding Group" action="confirmed" date="1997-06-15"/>
  </code>
</codes>
<codes class="bip:topics:1.0">
  <code code="C17">
    <editdetail attribution="Reuters BIP Coding Group" action="confirmed" date="1997-06-15"/>
  </code>
  <code code="C174">
    <editdetail attribution="Reuters BIP Coding Group" action="confirmed" date="1997-06-15"/>
  </code>
  <code code="CCAT">
    <editdetail attribution="Reuters BIP Coding Group" action="confirmed" date="1997-06-15"/>
  </code>
</codes>
<dc element="dc.date.created" value="1996-06-16"/>
<dc element="dc.publisher" value="Reuters Holdings Plc"/>
<dc element="dc.date.published" value="1997-06-15"/>
<dc element="dc.source" value="Reuters"/>
<dc element="dc.creator.location" value="SYDNEY"/>
<dc element="dc.creator.location.country.name" value="AUSTRALIA"/>
<dc element="dc.source" value="Reuters"/>
</metadata>
</newsitem>
