<?xml version="1.0" encoding="iso-8859-1" ?>
<newsitem itemid="662220" id="root" date="1997-06-15" xml:lang="en">
<title>AUSTRALIA: TIMELINES-Today in History - June 16.</title>
<headline>TIMELINES-Today in History - June 16.</headline>
<text>
<p>*** BIRTHDAYS ***</p>
<p>Physician EDWARD DAVY, who became a pioneer in Victoria and South Australia and invented an electric relay and a copper smelter, was born in 1806.</p>
<p>Australian politician JOHN MCELHONE, who promoted the need to increase Australia's population, was born in 1833.</p>
<p>Australian engineer WILLIAM KERNOTT, who was a professor at Melbourne University, was born in 1845.</p>
<p>English-born comedian STAN LAUREL (JEFFERSON), who built a successful film career in the United States with OLIVER HARDY, was born in 1890.</p>
<p>Australian aviator HENRY 'GOYER' HENRY, who became involved in New Guinea coastal shipping and lost a leg in an air crash, was born in 1901.</p>
<p>Leading English cricketer TOM GRAVENEY, considered one of the all time greatest British sportsmen, was born in 1927.</p>
<p>Aboriginal politician CHARLES NELSON PERKINS was born in 1936.</p>
<p>US country singer BILLY &quot;CRASH&quot; CRADDOCK was born in 1939. His most well-known hit was &quot;Rub It In&quot; (1974). He appeared in the country charts until 1983.</p>
<p>				 *** EVENTS ***</p>
<p>1487 : The last great battle was fought on English soil, signifying the end of the 'War of the Roses' between the houses of York and Lancaster. Six thousand soldiers died in the Battle of Stoke, which secured the English throne for the Tudor monarchs.</p>
<p>1819 : More than two thousand people were killed during a huge earthquake near Ponnah, in the East Indies.</p>
<p>1869 : English explorer CHARLER STURT, who uncovered much of Australia, died at the age of 74.</p>
<p>1880 : Salvation Army ladies wore their distinctive bonnets for the first time during a march in London.</p>
<p>1903 : The year old Pepsi Cola company registered its trade name as &quot;Pepsi-Cola&quot;.</p>
<p>1929 : The first four places in the 24-hour Le Mans endurance race were won by 'Bentleys'.</p>
<p>1935 : American President FRANKLIN D. (DELANO) ROOSEVELT presented his 'new deal' legislative package, aimed at tackling the economic problems of the nation's depression. The package embodied old-age pensions, unemployment insurance and public health aid.</p>
<p>1948 : The first air hijacking was recorded, when Chinese bandits attempted to take-over control of a Cathay Airways (Catalina) flying boat. The aircraft crew fought back, resulting in the plane crashing. All on board, apart from the hijack leader, died.</p>
<p>1958 : The British introduced a system of marking yellow-lines on roadways, to indicate no-parking zones.</p>
<p>1961 : Star dancer with the Leningrad Ballet, RUDOLF NUREYEV, sought political asylum in France, after being forbidden at the last minute to fly with the rest of his troupe to London. The 23 year old was about to board the flight at Le Bourget Airport when officials from the Russian Embassy told him to return to Moscow. He ran to the nearest police officer and shouted &quot;protect me&quot;.</p>
<p>1963 : VALENTINA TERESHKOVA blasted-off from the Soviet Union in a 'Vostok 6' rocket, to become the first woman in space.</p>
<p>1977 : German rocket pioneer WERNER VON BRAUN, who pursued his career under the Nazis and continued his work in the United States following World War Two, died.</p>
<p>1983 : Europe re-entered the space race, with the launch of a French 'Ariane One' rocket. The future of the space program had been put in doubt following crashes on the second and fifth Ariane missions.</p>
<p>1990 : Belgian Police arrested three I.R.A members, suspected of killing two Australians during an attack in Holland.</p>
<p>(Compiled from ABC ARCHIVES, ABC RADIO NATIONAL, &quot;On This Day&quot; published by REED INTERNATIONAL BOOKS LIMITED, &quot;The Chronicle Of The 20th Century&quot; published by PENGUIN BOOKS and &quot;Rock And Pop (Day By Day)&quot; published by BLANDFORD BOOKS.)</p>
<p>-- Reuters Sydney Newsroom 61-2 9373-1800</p>
</text>
<copyright>(c) Reuters Limited 1997</copyright>
<metadata>
<codes class="bip:countries:1.0">
  <code code="AUSTR">
    <editdetail attribution="Reuters BIP Coding Group" action="confirmed" date="1997-06-15"/>
  </code>
</codes>
<codes class="bip:topics:1.0">
  <code code="GCAT">
    <editdetail attribution="Reuters BIP Coding Group" action="confirmed" date="1997-06-15"/>
  </code>
  <code code="GSPO">
    <editdetail attribution="Reuters BIP Coding Group" action="confirmed" date="1997-06-15"/>
  </code>
</codes>
<dc element="dc.publisher" value="Reuters Holdings Plc"/>
<dc element="dc.date.published" value="1997-06-15"/>
<dc element="dc.source" value="Reuters"/>
<dc element="dc.creator.location.country.name" value="AUSTRALIA"/>
<dc element="dc.source" value="Reuters"/>
</metadata>
</newsitem>
