<?xml version="1.0" encoding="iso-8859-1" ?>
<newsitem itemid="662209" id="root" date="1997-06-15" xml:lang="en">
<title>MEXICO: Fugitive Mexican embezzler is captured in Spain.</title>
<headline>Fugitive Mexican embezzler is captured in Spain.</headline>
<dateline>MEXICO CITY 1997-06-15</dateline>
<text>
<p>A Mexican fugitive convicted of embezzling from the Mexican subsidiary of the Eastman Kodak Co. was captured in Spain, Mexican authorities said on Sunday.</p>
<p>The Attorney General's Office said in a statement Mexico would begin extradition proceedings against Carlos Max Zapata Lozano, who was captured by Spanish police in Madrid on Friday.</p>
<p>Zapata was convicted last year in absentia and sentenced to five years and three months in prison for stealing at least $300,000 from Kodak Mexicana SA de CV. He was personnel manager of the company from July 1993 to August 1994.</p>
<p>The Attorney General's Office said Zapata had &quot;altered accounts and made nonexistent operations and expenses appear in records.&quot;</p>
<p>He becomes the third Mexican fugitive to be held by Spain for extradition.</p>
<p>The others are former banker Angel Rodriguez, accused of defrauding Grupo Financiero Asemex-Banpais of more than $4 million, and Pablo Chapa Bezailla, a former prosecutor accused of falsifying evidence in a murder case against Raul Salinas de Gortari, brother of former president Carlos Salinas de Gortari.</p>
<p>Extradition proceedings against Rodriguez and Chapa are pending.</p>
</text>
<copyright>(c) Reuters Limited 1997</copyright>
<metadata>
<codes class="bip:countries:1.0">
  <code code="MEX">
    <editdetail attribution="Reuters BIP Coding Group" action="confirmed" date="1997-06-15"/>
  </code>
  <code code="SPAIN">
    <editdetail attribution="Reuters BIP Coding Group" action="confirmed" date="1997-06-15"/>
  </code>
</codes>
<codes class="bip:industries:1.0">
  <code code="I37330">
    <editdetail attribution="Reuters BIP Coding Group" action="confirmed" date="1997-06-15"/>
  </code>
</codes>
<codes class="bip:topics:1.0">
  <code code="C12">
    <editdetail attribution="Reuters BIP Coding Group" action="confirmed" date="1997-06-15"/>
  </code>
  <code code="CCAT">
    <editdetail attribution="Reuters BIP Coding Group" action="confirmed" date="1997-06-15"/>
  </code>
  <code code="GCAT">
    <editdetail attribution="Reuters BIP Coding Group" action="confirmed" date="1997-06-15"/>
  </code>
  <code code="GCRIM">
    <editdetail attribution="Reuters BIP Coding Group" action="confirmed" date="1997-06-15"/>
  </code>
</codes>
<dc element="dc.date.created" value="1997-06-15"/>
<dc element="dc.publisher" value="Reuters Holdings Plc"/>
<dc element="dc.date.published" value="1997-06-15"/>
<dc element="dc.source" value="Reuters"/>
<dc element="dc.creator.location" value="MEXICO CITY"/>
<dc element="dc.creator.location.country.name" value="MEXICO"/>
<dc element="dc.source" value="Reuters"/>
</metadata>
</newsitem>
