<?xml version="1.0" encoding="iso-8859-1" ?>
<newsitem itemid="662277" id="root" date="1997-06-15" xml:lang="en">
<title>MALAYSIA: Malaysia's acting PM seen out to prove himself.</title>
<headline>Malaysia's acting PM seen out to prove himself.</headline>
<byline>Bill Tarrant</byline>
<dateline>KUALA LUMPUR 1997-06-15</dateline>
<text>
<p>Taking a page from the master's book, Acting Prime Minister Anwar Ibrahim is acting like a man in a hurry.</p>
<p>In the three weeks since his boss, Mahathir Mohammad, left on an extended trip abroad, Anwar has launched an anti-corruption campaign that has seen six politicians lose their jobs, announced a minor cabinet reshuffle, and has dominated local news headlines.</p>
<p>He presided at a cabinet meeting last week that took away the national news agency Bernama's exclusive right to distribute foreign news, a move to promote the free flow of information in the country, officials said.</p>
<p>A key friend and ally, Ahmad Zahid Hamidi, chairman of the youth wing of the ruling United Malays National Organisation (UMNO), was dispatched to Singapore to help patch up a nasty row between the two countries.</p>
<p>To top it off, the ruling National Front won three by-elections at the end of May with Anwar leading the campaign.</p>
<p>The boss could not have asked for anything better.</p>
<p>&quot;He's certainly busy but some of the things appear to have been made before Mahathir left,&quot; said political analyst Rustam Sani.</p>
<p>&quot;While he appears to be acting on his own, he also appears to be working in concert, or at least with the consent of the real prime minister.&quot;</p>
<p>Tongues wagged when Mahathir announced he was taking two months leave abroad -- a mix of holidays, official business and perhaps a stab at writing a memoir.</p>
<p>Mahathir works killer schedules that would exhaust others half his age as he builds the industrialised nation of his &quot;Vision 2020&quot; dream.</p>
<p>Was the 71-year-old leader ill?</p>
<p>Was Anwar being tested for the top job, or being given on-the-job training? Or, for the conspiracy theorists, was the Machiavellian Mahathir giving his deputy enough rope to hang himself?</p>
<p>The youthful-looking Mahathir had a quintuple heart by-pass in 1989, but seems remarkably fit for a man his age. He didn't put a deputy in charge when recuperating for almost three months after that operation.</p>
<p>Mahathir sightings abroad have dispelled rumours in diplomatic circles that he may have gone overseas for cardiovascular care.</p>
<p>The prime minister was spotted walking by Hyde Park on a shopping expedition. An avid horseman, he reportedly took a side trip to Argentina visiting a ranch owned by a Malaysian businessmen.</p>
<p>Last weekend he was in Turkey for a summit of eight developing countries and this week he is in Lebanon for an official visit.</p>
<p>What surprised everyone, including Anwar, was that Mahathir formally transferred the powers of the prime minister and, perhaps more importantly, the UMNO presidency to his deputy before he went.</p>
<p>Anwar has said the formal transfer of powers, announced at a cabinet meeting, was not necessary as the Constitution already provides for the deputy to act in the prime minister's absence.</p>
<p>Mahathir, who has a history of uneasy relationships with his deputies since becoming premier in 1981, had not formally named an acting prime minister in a dozen years.</p>
<p>But he has often seemed to be a man in a hurry to see a slew of major infrastructure projects completed by 1999, when many think he'll retire, though few would bet big money on it.</p>
<p>Anwar appears to be relishing his moment in the sun.</p>
<p>Already the finance minister, he has taken over Mahathir's coveted portfolio as home minister as well, giving him almost unprecedented powers.</p>
<p>Mahathir, a former doctor, has focused the 16 years of his administration on industrialising the Malaysian economy.</p>
<p>High up on the agenda of Anwar, a former philosophy major and Islamic student leader, are themes dubbed the &quot;Asian Renaissance&quot;, the &quot;Just and Caring Society&quot; and the &quot;Perfection of the Malaysian Man.&quot;</p>
<p>Where Mahathir has defined himself by pet projects such as a national car and a zone for global information technology companies, Anwar frequently campaigns for low cost housing and anti-poverty programmes.</p>
<p>Last week, Anwar launched a multi-million ringgit fund to improve the livelihood of poor fishermen.</p>
<p>The test appears to be about how tough Anwar really is, analysts say. Can he stand up to the powerful in UMNO, make the hard calls and talk tough to the West?</p>
<p>Anwar himself says that he and Mahathir do not differ in substance, just in style.</p>
<p>Chatting to visitors in his office recently, Anwar referred to his speech to an Asian Development Bank meeting in Japan last month when he urged the bank not to bow to pressure from the West for stricter loan conditionalities.</p>
<p>&quot;I was tough. I didn't want to give him any excuse not to go ahead with the acting PM,&quot; Anwar quipped.</p>
</text>
<copyright>(c) Reuters Limited 1997</copyright>
<metadata>
<codes class="bip:countries:1.0">
  <code code="MALAY">
    <editdetail attribution="Reuters BIP Coding Group" action="confirmed" date="1997-06-15"/>
  </code>
</codes>
<codes class="bip:topics:1.0">
  <code code="GCAT">
    <editdetail attribution="Reuters BIP Coding Group" action="confirmed" date="1997-06-15"/>
  </code>
  <code code="GDIP">
    <editdetail attribution="Reuters BIP Coding Group" action="confirmed" date="1997-06-15"/>
  </code>
  <code code="GPOL">
    <editdetail attribution="Reuters BIP Coding Group" action="confirmed" date="1997-06-15"/>
  </code>
</codes>
<dc element="dc.date.created" value="1997-06-15"/>
<dc element="dc.publisher" value="Reuters Holdings Plc"/>
<dc element="dc.date.published" value="1997-06-15"/>
<dc element="dc.source" value="Reuters"/>
<dc element="dc.creator.location" value="KUALA LUMPUR"/>
<dc element="dc.creator.location.country.name" value="MALAYSIA"/>
<dc element="dc.source" value="Reuters"/>
</metadata>
</newsitem>
