<?xml version="1.0" encoding="iso-8859-1" ?>
<newsitem itemid="662201" id="root" date="1997-06-15" xml:lang="en">
<title>ROMANIA: Romania moves to curb money-laundering.</title>
<headline>Romania moves to curb money-laundering.</headline>
<dateline>BUCHAREST 1997-06-15</dateline>
<text>
<p>Romania, which has seen a surge in organised crime in the post-communist era, has issued draft rules to curb laundering of money from illegal traffic in drugs, weapons, nuclear material, gambling and prostitution.</p>
<p>A bill adopted by the cabinet late on Saturday makes money-laundering through the Balkan state's banking and financial institutions a crime punishable with jail terms of up to 12 years.</p>
<p>The law, to be submitted for parliament's approval, plans the creation of a money-laundering watchdog, including experts from the interior and finance ministries and from Romania's National (central) Bank.</p>
<p>The watchdogs will monitor money-laundering through potential outlets including commercial, investment or savings banks, pension and credit funds, brokerage houses, licensed money exchange bureaux and the insurance sector.</p>
<p>&quot;This draft law aligns Romania to European standards in fighting money-laundering practices,&quot; a senior interior ministry official, Colonel Radu Olteanu, told reporters.</p>
<p>Casinos, which have mushroomed across Romania since gambling was made legal after the 1989 fall of communism, will also come under the watchdogs' scrutiny, Olteanu said.</p>
<p>Romanian police had complained about existing legal loopholes which allowed crimes such as money laundering to go unpunished until now.</p>
<p>The move is part of a tough campaign launched by the centrists, who ousted the communists in elections last November, to fight corruption and organised crime.</p>
<p>In recent years Romania has become a conduit for drugs, weapons and even nuclear material smuggled in from the Middle East or the former Soviet Union, and bound for markets in the West.</p>
<p>Romanian police have reported a surge in trafficking of radioactive substances, mainly uranium from Ukraine, but amounts in most cases have been small, and not of weapons-grade material.</p>
</text>
<copyright>(c) Reuters Limited 1997</copyright>
<metadata>
<codes class="bip:countries:1.0">
  <code code="ROM">
    <editdetail attribution="Reuters BIP Coding Group" action="confirmed" date="1997-06-15"/>
  </code>
</codes>
<codes class="bip:topics:1.0">
  <code code="GCAT">
    <editdetail attribution="Reuters BIP Coding Group" action="confirmed" date="1997-06-15"/>
  </code>
  <code code="GCRIM">
    <editdetail attribution="Reuters BIP Coding Group" action="confirmed" date="1997-06-15"/>
  </code>
  <code code="GPOL">
    <editdetail attribution="Reuters BIP Coding Group" action="confirmed" date="1997-06-15"/>
  </code>
</codes>
<dc element="dc.date.created" value="1997-06-15"/>
<dc element="dc.publisher" value="Reuters Holdings Plc"/>
<dc element="dc.date.published" value="1997-06-15"/>
<dc element="dc.source" value="Reuters"/>
<dc element="dc.creator.location" value="BUCHAREST"/>
<dc element="dc.creator.location.country.name" value="ROMANIA"/>
<dc element="dc.source" value="Reuters"/>
</metadata>
</newsitem>
