<?xml version="1.0" encoding="iso-8859-1" ?>
<newsitem itemid="662218" id="root" date="1997-06-15" xml:lang="en">
<title>NEW ZEALAND: NZ foreign debt NZ$75.5 billion at March 31 - SNZ.</title>
<headline>NZ foreign debt NZ$75.5 billion at March 31 - SNZ.</headline>
<dateline>WELLINGTON 1996-06-16</dateline>
<text>
<p>Statistics New Zealand released the following data on Monday on New Zealand's total foreign debt as at March 31, 1997.</p>
<p>Figures are in billions of NZ dollars, and have been rounded. Figures before revision in brackets.</p>
<p>		March 31, 1997     Dec 31, 1996   March 31, 1996</p>
<p>Total		75.5	     78.2 (79.8)	  72.4</p>
<p>Official govt    20.6	     22.3		   21.9</p>
<p>Other sector     54.8	     55.9 (57.5)	  50.5</p>
<p>Economists forecast the total debt would be at $79.75 billion with $22 billion of government debt and $58 billion of other sector.</p>
<p>-- Wellington newsroom 64 4 4734 746</p>
</text>
<copyright>(c) Reuters Limited 1997</copyright>
<metadata>
<codes class="bip:countries:1.0">
  <code code="NZ">
    <editdetail attribution="Reuters BIP Coding Group" action="confirmed" date="1997-06-15"/>
  </code>
</codes>
<codes class="bip:topics:1.0">
  <code code="E21">
    <editdetail attribution="Reuters BIP Coding Group" action="confirmed" date="1997-06-15"/>
  </code>
  <code code="E212">
    <editdetail attribution="Reuters BIP Coding Group" action="confirmed" date="1997-06-15"/>
  </code>
  <code code="ECAT">
    <editdetail attribution="Reuters BIP Coding Group" action="confirmed" date="1997-06-15"/>
  </code>
</codes>
<dc element="dc.date.created" value="1996-06-16"/>
<dc element="dc.publisher" value="Reuters Holdings Plc"/>
<dc element="dc.date.published" value="1997-06-15"/>
<dc element="dc.source" value="Reuters"/>
<dc element="dc.creator.location" value="WELLINGTON"/>
<dc element="dc.creator.location.country.name" value="NEW ZEALAND"/>
<dc element="dc.source" value="Reuters"/>
</metadata>
</newsitem>
