<?xml version="1.0" encoding="iso-8859-1" ?>
<newsitem itemid="662234" id="root" date="1997-06-15" xml:lang="en">
<title>AUSTRALIA: RTRS-Australia rate cuts working through - Howard.</title>
<headline>RTRS-Australia rate cuts working through - Howard.</headline>
<dateline>CANBERRA 1996-06-16</dateline>
<text>
<p>Australian Prime Minister John Howard said on Monday that recent cuts to official interest rates were still working through the economy.  </p>
<p>&quot;The interest rate reductions of the last 12 months are still working their way through the economy,&quot; Howard told Australian Broadcasting Corp radio.</p>
<p>The Reserve Bank cut official cash rates 0.5 percentage points in each of four separate reductions starting in July 1996 to last month. Official cash rates now stand at 5.5 percent.</p>
</text>
<copyright>(c) Reuters Limited 1997</copyright>
<metadata>
<codes class="bip:countries:1.0">
  <code code="AUSTR">
    <editdetail attribution="Reuters BIP Coding Group" action="confirmed" date="1997-06-15"/>
  </code>
</codes>
<codes class="bip:topics:1.0">
  <code code="E12">
    <editdetail attribution="Reuters BIP Coding Group" action="confirmed" date="1997-06-15"/>
  </code>
  <code code="ECAT">
    <editdetail attribution="Reuters BIP Coding Group" action="confirmed" date="1997-06-15"/>
  </code>
</codes>
<dc element="dc.date.created" value="1996-06-16"/>
<dc element="dc.publisher" value="Reuters Holdings Plc"/>
<dc element="dc.date.published" value="1997-06-15"/>
<dc element="dc.source" value="Reuters"/>
<dc element="dc.creator.location" value="CANBERRA"/>
<dc element="dc.creator.location.country.name" value="AUSTRALIA"/>
<dc element="dc.source" value="Reuters"/>
</metadata>
</newsitem>
