<?xml version="1.0" encoding="iso-8859-1" ?>
<newsitem itemid="662296" id="root" date="1997-06-15" xml:lang="en">
<title>TAIWAN: Taiwan to adopt floating oil-price system in July.</title>
<headline>Taiwan to adopt floating oil-price system in July.</headline>
<dateline>TAIPEI 1997-06-15</dateline>
<text>
<p>Taiwan monopoly Chinese Petroleum Corp will adopt a new floating price system on July 1 to fully reflect fluctuations in the international oil market, state media reported on Sunday.</p>
<p>Under the new system, domestic petroleum prices are expected to be reduced in July to respond Taiwan's falling crude import costs, state media said.</p>
<p>Starting from July 1, the state-owned company's petroleum prices would be adjusted every two weeks on the basis of import costs, rather than a few times a year as is currently done.  </p>
<p>Chinese Petroleum's oil import costs averaged US$17.76 per barrel in May, higher than the $15.26 budgeted for the period but lower than April's $18.74, company figures show.</p>
<p>Chinese Petroleum has boosted local prices by about 12 percent in 1997, with an average nine percent increase on January 1 and a further 2.97 percent rise on April 4.</p>
<p>Executives have said the added revenues were needed, despite a general decline in world crude prices, to cover an accumulated budgetary deficit for the fiscal year ended June 30.  </p>
<p>As of May, Chinese Petroleum had accumulated a deficit of T$15.196 billion from the current fiscal year.</p>
<p>-- Taipei newsroom (2-5080815)</p>
</text>
<copyright>(c) Reuters Limited 1997</copyright>
<metadata>
<codes class="bip:countries:1.0">
  <code code="TAIWAN">
    <editdetail attribution="Reuters BIP Coding Group" action="confirmed" date="1997-06-15"/>
  </code>
</codes>
<codes class="bip:industries:1.0">
  <code code="I13000">
    <editdetail attribution="Reuters BIP Coding Group" action="confirmed" date="1997-06-15"/>
  </code>
  <code code="I1300003">
    <editdetail attribution="Reuters BIP Coding Group" action="confirmed" date="1997-06-15"/>
  </code>
</codes>
<codes class="bip:topics:1.0">
  <code code="C31">
    <editdetail attribution="Reuters BIP Coding Group" action="confirmed" date="1997-06-15"/>
  </code>
  <code code="CCAT">
    <editdetail attribution="Reuters BIP Coding Group" action="confirmed" date="1997-06-15"/>
  </code>
  <code code="E12">
    <editdetail attribution="Reuters BIP Coding Group" action="confirmed" date="1997-06-15"/>
  </code>
  <code code="ECAT">
    <editdetail attribution="Reuters BIP Coding Group" action="confirmed" date="1997-06-15"/>
  </code>
</codes>
<dc element="dc.date.created" value="1997-06-15"/>
<dc element="dc.publisher" value="Reuters Holdings Plc"/>
<dc element="dc.date.published" value="1997-06-15"/>
<dc element="dc.source" value="Reuters"/>
<dc element="dc.creator.location" value="TAIPEI"/>
<dc element="dc.creator.location.country.name" value="TAIWAN"/>
<dc element="dc.source" value="Reuters"/>
</metadata>
</newsitem>
