<?xml version="1.0" encoding="iso-8859-1" ?>
<newsitem itemid="662298" id="root" date="1997-06-15" xml:lang="en">
<title>THAILAND: Thai auto makers struggle amid slumping sales.</title>
<headline>Thai auto makers struggle amid slumping sales.</headline>
<byline>Anuchit Nguyen</byline>
<dateline>BANGKOK 1997-06-15</dateline>
<text>
<p>Thailand's automobile industry has enjoyed double-digit growth for a decade but is facing a critical test in the severe downturn of the local economy, industry analysts said.</p>
<p>Car sales have slumped as consumer spending slows in line with the flagging economy and cash-strapped finance firms are refusing to give out as many hire-purchase loans as in the past, they said.</p>
<p>&quot;In the memory of the Thai automotive industry, right now is the most difficult time,&quot; Tim Dunne, researcher at Bangkok-based research house Automotive Resources Asia Ltd, told Reuters.</p>
<p>&quot;Sales have been growing every year since 1991 at an average of 14 percent per annum, but now (it's) negative growth,&quot; he said.</p>
<p>According to data from Toyota Motors (Thailand), total commercial and passenger vehicle sales in the first four months of this year fell 12 percent to 169,721 units from 192,356 in the same period last year.</p>
<p>The slowing car sales since the beginning of this year has prompted most major auto assemblers to cut production and tighten their belts to control costs, analysts said.</p>
<p>&quot;Most car plants have decreased their production capacity by reducing overtime work and not extending contracts for temporary workers,&quot; said Surapong Phasitpatnapong, a spokesman for the Thai Automotive Industry Association (TAIA).</p>
<p>Siam Nissan Automobile Co, an assembler and distributor of Nissan brand vehicles in Thailand, said early this month it had laid off 200 temporary workers due to poor automobile demand.</p>
<p>The firm is a joint venture owned 75 percent by Siam Motor and 25 percent by Japan's Nissan Motor Co Ltd.</p>
<p>Surapong said the flagging car sales since the beginning of this year prompted the association to revise down its target of car sales for the whole year to 570,000 units from 600,000 previously.</p>
<p>In 1996, total car sales in Thailand rose 3.1 percent to 589,123 units from 571,580 in the previous year, according to Toyota's statistics.</p>
<p>&quot;The car market is really bad, especially the top market. Luxury car sales have fallen by an average of 30-40 percent this year,&quot; said an auto analyst at ABN AMRO Hoare Govette Asia.</p>
<p>The sales of Mercedes Benz, the most popular luxury car brand in Thailand, dropped by 35 percent to 2,164 units in the first four months from 3,321 in the same period last year, Toyota said.</p>
<p>Tightening of hire purchase loans by most finance companies facing liquidity problems would continue to affect car sales, more than 60 percent of which are financed by borrowings, analysts said.</p>
<p>Most auto makers now turned their attention to the export market to relieve overproduction, they added.</p>
<p>&quot;The foreign market will provide some relief for the auto makers for exporting (their excess supply),&quot; Dunne said.</p>
<p>The export value of assembled vehicles and parts rocketed in the first four months to 6.48 billion baht ($250 million) from 2.93 billion baht in the same period last year.</p>
<p>&quot;The exports of assembled cars and parts will be relatively high this year. The capacity expansion of some auto makers is scheduled to be completed later this year,&quot; Surapong said.</p>
<p>($1 = 25 baht)</p>
<p>-- Bangkok newsroom (662) 652-0642</p>
</text>
<copyright>(c) Reuters Limited 1997</copyright>
<metadata>
<codes class="bip:countries:1.0">
  <code code="THAIL">
    <editdetail attribution="Reuters BIP Coding Group" action="confirmed" date="1997-06-15"/>
  </code>
</codes>
<codes class="bip:industries:1.0">
  <code code="I35102">
    <editdetail attribution="Reuters BIP Coding Group" action="confirmed" date="1997-06-15"/>
  </code>
</codes>
<codes class="bip:topics:1.0">
  <code code="C31">
    <editdetail attribution="Reuters BIP Coding Group" action="confirmed" date="1997-06-15"/>
  </code>
  <code code="CCAT">
    <editdetail attribution="Reuters BIP Coding Group" action="confirmed" date="1997-06-15"/>
  </code>
</codes>
<dc element="dc.date.created" value="1997-06-15"/>
<dc element="dc.publisher" value="Reuters Holdings Plc"/>
<dc element="dc.date.published" value="1997-06-15"/>
<dc element="dc.source" value="Reuters"/>
<dc element="dc.creator.location" value="BANGKOK"/>
<dc element="dc.creator.location.country.name" value="THAILAND"/>
<dc element="dc.source" value="Reuters"/>
</metadata>
</newsitem>
