<?xml version="1.0" encoding="iso-8859-1" ?>
<newsitem itemid="662210" id="root" date="1997-06-15" xml:lang="en">
<title>MEXICO: One Mexican leftist killed, one jailed in Oaxaca.</title>
<headline>One Mexican leftist killed, one jailed in Oaxaca.</headline>
<byline>Razhy Gonzalez</byline>
<dateline>OAXACA, Mexico 1997-06-15</dateline>
<text>
<p>One member of Mexico's main leftist party was murdered in Oaxaca state and another &quot;arbitrarily&quot; arrested there on Saturday, party leaders said.</p>
<p>The opposition Party of the Democratic Revolution (PRD) said the two incidents were part of a campaign by pro-government forces against the PRD in Oaxaca state before congressional elections on July 6.</p>
<p>Augustin Garcia Dominguez, 54, was gunned down in the coastal town of Santa Marta Cortijos, making him the 10th PRD murder victim this year, Flavio Sosa, a PRD federal congressman, said in a statement.</p>
<p>Garcia was killed &quot;after posting party propaganda in Santiago Llano Grande, a neighboring town,&quot; the statement, issued Saturday, said.</p>
<p>In addition, local PRD leader Antonio Manuel Garcia &quot;was detained arbitrarily&quot; and held incommunicado by police in Santa Maria Tonameca, a town ruled by the Institutional Revolutionary Party (PRI), local PRD leader Saul Vicente said late on Saturday.</p>
<p>The PRI, which has governed Mexico for 68 years, has not commented on PRD claims that the PRI is organizing the attacks, which officials in the Oaxaca state attorney general's office have promised to investigate.</p>
<p>&quot;We ask for the intervention of all human rights organizations who can to come to the coast of Oaxaca and verify the violence and impunity that rule in this region,&quot; Sosa said.</p>
<p>&quot;We're sure that these are attacks related to the electoral process ... because the violence started to rise again in March, just before the campaigns started,&quot; he said.</p>
<p>The violence in Oaxaca reached a climax on June 4 when four members of a PRD militant's family were gunned down in their home by paramilitary forces while three young children watched, according to the PRD.</p>
<p>Mexico will elect all 500 members of its lower house of Congress, one-fourth of the Senate, six state governments and, for the first time, a Mexico City mayor on July 6.</p>
<p>Political analysts and pollsters say there is a chance the PRI could lose its majority in Congress for the first time since it started its uninterrupted rule in 1929.</p>
</text>
<copyright>(c) Reuters Limited 1997</copyright>
<metadata>
<codes class="bip:countries:1.0">
  <code code="MEX">
    <editdetail attribution="Reuters BIP Coding Group" action="confirmed" date="1997-06-15"/>
  </code>
</codes>
<codes class="bip:topics:1.0">
  <code code="GCAT">
    <editdetail attribution="Reuters BIP Coding Group" action="confirmed" date="1997-06-15"/>
  </code>
  <code code="GVIO">
    <editdetail attribution="Reuters BIP Coding Group" action="confirmed" date="1997-06-15"/>
  </code>
</codes>
<dc element="dc.date.created" value="1997-06-15"/>
<dc element="dc.publisher" value="Reuters Holdings Plc"/>
<dc element="dc.date.published" value="1997-06-15"/>
<dc element="dc.source" value="Reuters"/>
<dc element="dc.creator.location" value="OAXACA, Mexico"/>
<dc element="dc.creator.location.country.name" value="MEXICO"/>
<dc element="dc.source" value="Reuters"/>
</metadata>
</newsitem>
