<?xml version="1.0" encoding="iso-8859-1" ?>
<newsitem itemid="662206" id="root" date="1997-06-15" xml:lang="en">
<title>ARGENTINA: Argentina's Credito stake in trusteeship.</title>
<headline>Argentina's Credito stake in trusteeship.</headline>
<dateline>BUENOS AIRES 1997-06-13</dateline>
<text>
<p>Banco de Credito Argentino, controlled by Argentina's Banco Frances, said Thursday shareholder Fernando de Santibanes transferred the fiduciary property of 32.3 million shares equivalent to about 16.42 percent of Credito's shareholders equity.</p>
<p>The deal was closed June 3 and the fiduciary agent is Banco Frances Cayman Ltd, Credito told the Buenos Aires Stock Exchange.</p>
<p>Santibanes has a 28 percent stake in Credito.</p>
<p>Frances, controlled by Spain's Banco de Bilbao Vizcaya, last month bought 71.8 percent of Credito for $466 million.</p>
<p>According to local media reports, Bilbao's officials said Frances wanted to buy all the shares owned by Santibanes.</p>
<p>Bilbao also has interests in Mexico, Colombia and Peru.</p>
<p>NOTE: Makes clear shareholder Santibanes is not selling a 16.42 stake, as erroneously reported by Reuters, but constituting a trusteeship, which does not imply transfer of property of the shares, but their administration.</p>
<p>((--Guillermo Haskel, Buenos Aires newsroom, 541 318-0650))</p>
</text>
<copyright>(c) Reuters Limited 1997</copyright>
<metadata>
<codes class="bip:countries:1.0">
  <code code="ARG">
    <editdetail attribution="Reuters BIP Coding Group" action="confirmed" date="1997-06-15"/>
  </code>
</codes>
<codes class="bip:industries:1.0">
  <code code="I81402">
    <editdetail attribution="Reuters BIP Coding Group" action="confirmed" date="1997-06-15"/>
  </code>
</codes>
<codes class="bip:topics:1.0">
  <code code="C18">
    <editdetail attribution="Reuters BIP Coding Group" action="confirmed" date="1997-06-15"/>
  </code>
  <code code="C181">
    <editdetail attribution="Reuters BIP Coding Group" action="confirmed" date="1997-06-15"/>
  </code>
  <code code="CCAT">
    <editdetail attribution="Reuters BIP Coding Group" action="confirmed" date="1997-06-15"/>
  </code>
</codes>
<dc element="dc.date.created" value="1997-06-13"/>
<dc element="dc.publisher" value="Reuters Holdings Plc"/>
<dc element="dc.date.published" value="1997-06-15"/>
<dc element="dc.source" value="Reuters"/>
<dc element="dc.creator.location" value="BUENOS AIRES"/>
<dc element="dc.creator.location.country.name" value="ARGENTINA"/>
<dc element="dc.source" value="Reuters"/>
</metadata>
</newsitem>
