<?xml version="1.0" encoding="iso-8859-1" ?>
<newsitem itemid="662324" id="root" date="1997-06-15" xml:lang="en">
<title>USA: Sunbeam &quot;aggressive&quot; in accounting - Barron's.</title>
<headline>Sunbeam &quot;aggressive&quot; in accounting - Barron's.</headline>
<dateline>NEW YORK 1997-06-15</dateline>
<text>
<p>Sunbeam Corp's huge $337 million write-off in the fourth quarter could be used to dress up the company's future results, but the accounting practices used could be described as &quot;aggressive,&quot; Barron's reported.</p>
<p>By taking a charge in 1996, Sunbeam could cut provisions in 1997 and 1998 to reduce overall expenses, while reversing reserves could add profits, Barron's said.</p>
<p>No one at Sunbeam could be reached for comment on Sunday.  </p>
<p>The boost to 1997's earnings from the charge could fade by 1998, which could lead to chairman Al Dunlap to make an acquisition to maintain the earnings growth or sell Sunbeam, said Barron's, a financial weekly.</p>
<p>Dunlap has said that he is willing to sell the company for the right price or he would make an acquisition.</p>
<p>Russell Kersh, executive vice president for finance and administration, denied that the company's motive behind the charge was to burnish operating results, Barron's said.  </p>
<p>&quot;Accounting regulations are strict on that score, and (Chairman Al Dunlap) has always been vehement about our doing things the right way,&quot; Kersh told the financial weekly.</p>
<p>The story also highlighted the challenges Dunlap faces at the small appliances maker and raised the issue of Sunbeam's restructuring to cut the company's payroll by half to 6,000 workers.</p>
<p>Of the $337 million write-off, $90 million was in inventory that could still have value, Barron's reported.  </p>
<p>Sunbeam boosted a litigation charge by $17.7 million for a Superfund liability, increased doubtful accounts in 1996 to $23.4 million from $10.7 million in 1995, and took a $92 million charge on property, plant and equipment.</p>
</text>
<copyright>(c) Reuters Limited 1997</copyright>
<metadata>
<codes class="bip:countries:1.0">
  <code code="USA">
    <editdetail attribution="Reuters BIP Coding Group" action="confirmed" date="1997-06-15"/>
  </code>
</codes>
<codes class="bip:industries:1.0">
  <code code="I31000">
    <editdetail attribution="Reuters BIP Coding Group" action="confirmed" date="1997-06-15"/>
  </code>
</codes>
<codes class="bip:topics:1.0">
  <code code="C15">
    <editdetail attribution="Reuters BIP Coding Group" action="confirmed" date="1997-06-15"/>
  </code>
  <code code="C152">
    <editdetail attribution="Reuters BIP Coding Group" action="confirmed" date="1997-06-15"/>
  </code>
  <code code="CCAT">
    <editdetail attribution="Reuters BIP Coding Group" action="confirmed" date="1997-06-15"/>
  </code>
</codes>
<dc element="dc.date.created" value="1997-06-15"/>
<dc element="dc.publisher" value="Reuters Holdings Plc"/>
<dc element="dc.date.published" value="1997-06-15"/>
<dc element="dc.source" value="Reuters"/>
<dc element="dc.creator.location" value="NEW YORK"/>
<dc element="dc.creator.location.country.name" value="USA"/>
<dc element="dc.source" value="Reuters"/>
</metadata>
</newsitem>
