<?xml version="1.0" encoding="iso-8859-1" ?>
<newsitem itemid="662305" id="root" date="1997-06-15" xml:lang="en">
<title>SOUTH KOREA: Bank of Korea seen losing supervisory role-reports.</title>
<headline>Bank of Korea seen losing supervisory role-reports.</headline>
<dateline>SEOUL 1997-06-15</dateline>
<text>
<p>The central Bank of Korea is likely to lose its bank supervisory functions under the final government draft of financial reforms, local media reported on Sunday.</p>
<p>Instead, the central bank will be given the rights to ask the proposed unified financial watchdog to inspect banks and to jointly examine banks, they said.</p>
<p>President Kim Young-sam on Saturday approved the final government draft of financial reforms submitted by the finance minister.  </p>
<p>The final draft will be revealed on Monday in a joint news conference by the Minister of Finance and Economy Kang Kyong-shik, the central Bank of Korea governor Lee Kyung-shick and the head of the Presidential Commission for Financial Reform Park Seong-yawng.</p>
<p>The final draft proposed that the banking, insurance and securities supervisory bodies should be unified under the authority of the prime minister.</p>
<p>This was one of the suggestions provided by the presidential commission studying financial reforms earlier this month.</p>
<p>The commission also proposed granting more autonomy to financial institutions, increasing Central Bank independence and lifting various government regulations.</p>
<p>The media also reported that the final government package left out a controversial issue over a rise of the bank ownership limit. The commission has proposed raising the ceiling to 10 percent from the current four percent under certain conditions and with prior government approval.</p>
<p>The finance ministry is expected to submit the draft to a special parliamentary session of the National Assembly in the near future.</p>
<p>-- Seoul Newsroom (822) 727 5643</p>
</text>
<copyright>(c) Reuters Limited 1997</copyright>
<metadata>
<codes class="bip:countries:1.0">
  <code code="SKOREA">
    <editdetail attribution="Reuters BIP Coding Group" action="confirmed" date="1997-06-15"/>
  </code>
</codes>
<codes class="bip:topics:1.0">
  <code code="C13">
    <editdetail attribution="Reuters BIP Coding Group" action="confirmed" date="1997-06-15"/>
  </code>
  <code code="CCAT">
    <editdetail attribution="Reuters BIP Coding Group" action="confirmed" date="1997-06-15"/>
  </code>
</codes>
<dc element="dc.date.created" value="1997-06-15"/>
<dc element="dc.publisher" value="Reuters Holdings Plc"/>
<dc element="dc.date.published" value="1997-06-15"/>
<dc element="dc.source" value="Reuters"/>
<dc element="dc.creator.location" value="SEOUL"/>
<dc element="dc.creator.location.country.name" value="SOUTH KOREA"/>
<dc element="dc.source" value="Reuters"/>
</metadata>
</newsitem>
