<?xml version="1.0" encoding="iso-8859-1" ?>
<newsitem itemid="662365" id="root" date="1997-06-15" xml:lang="en">
<title>EGYPT: Stagnant trading deflates Egypt share prices.</title>
<headline>Stagnant trading deflates Egypt share prices.</headline>
<dateline>CAIRO 1997-06-15</dateline>
<text>
<p>Egyptian share prices slid lower on Sunday in what brokers called a stagnant, directionless market in sore need of new investments.</p>
<p>The Capital Market Authority (CMA) all-share index fell 1.4 points to 355.83 points in quiet trading worth 54.24 million pounds ($15.98 million).</p>
<p>&quot;It was really quiet today. There's no real movement in prices, all they're doing is see-sawing in a certain range. People are bored and they're beginning to lose hope,&quot; said broker Youssef Khalil of Delta EAB.</p>
<p>The market has closed lower four out of the last five trading days. Brokers attributed Sunday's languid trading to investors sussing out the market.</p>
<p>&quot;The same people are putting the same money in and out of the market. We are badly in need of new cash injections, new investors, new blood,&quot; said broker Yasser Darwish of El-Rashad Securities Brokerage.</p>
<p>The cement and banking sectors continued to dominate the market. Amriyah Cement was the day's most active share with trade worth 8.46 million pounds but shares closed 2.5 pounds lower at 81.</p>
<p>Helwan Portland Cement and Suez Cement were also active but ended mixed. Suez climbed 0.51 pounds to 67.5 while Helwan fell 0.69 to 71.31 pounds.</p>
<p>&quot;The cements are attractive at these prices but then the buyers don't want to raise the prices for themselves so they're buying in little blocks every day,&quot; Darwish said.</p>
<p>Brokers said Commercial International Bank (CIB) was active in ex-dividend trading. The bank disappointed investors by giving out a two pound dividend for 1996 and shares slipped 1.7 pounds to 70.25.</p>
<p>Milling firms also put a brief showing in Sunday's overall trading. North Cairo Flour Mills was the most attractive, and shares rose 2.94 pounds to 187.44 after shares worth 5.11 million pounds traded.</p>
<p>The index for openly traded firms fell to 495.46 points from 497.76 points on Thursday while that for the rarely traded &quot;closed&quot; firms fell to 260.96 points from 261.90 points.</p>
<p>Out of the 106 shares traded, 33 rose, 39 fell while 34 ended unchanged.</p>
<p>$1 = 3.395 pounds</p>
<p>-- Cairo newsroom +20 2 578 3290/1</p>
</text>
<copyright>(c) Reuters Limited 1997</copyright>
<metadata>
<codes class="bip:countries:1.0">
  <code code="EGYPT">
    <editdetail attribution="Reuters BIP Coding Group" action="confirmed" date="1997-06-15"/>
  </code>
</codes>
<codes class="bip:topics:1.0">
  <code code="M11">
    <editdetail attribution="Reuters BIP Coding Group" action="confirmed" date="1997-06-15"/>
  </code>
  <code code="MCAT">
    <editdetail attribution="Reuters BIP Coding Group" action="confirmed" date="1997-06-15"/>
  </code>
</codes>
<dc element="dc.date.created" value="1997-06-15"/>
<dc element="dc.publisher" value="Reuters Holdings Plc"/>
<dc element="dc.date.published" value="1997-06-15"/>
<dc element="dc.source" value="Reuters"/>
<dc element="dc.creator.location" value="CAIRO"/>
<dc element="dc.creator.location.country.name" value="EGYPT"/>
<dc element="dc.source" value="Reuters"/>
</metadata>
</newsitem>
