<?xml version="1.0" encoding="iso-8859-1" ?>
<newsitem itemid="662394" id="root" date="1997-06-15" xml:lang="en">
<title>DUBAI: Dubai says its GDP rises 9.2 percent in 1996.</title>
<headline>Dubai says its GDP rises 9.2 percent in 1996.</headline>
<dateline>DUBAI 1997-06-15</dateline>
<text>
<p>Dubai's gross domestic product (GDP) at current prices rose 9.2 percent to 41 billion dirhams in 1996, a study by the emirate's Department of Economic Development said on Sunday.</p>
<p>It gave no figure for real GDP growth.</p>
<p>The study put the non-oil sector's contribution to GDP at 81.5 percent in the period.</p>
<p>It said the population expanded 6.2 percent to 716,000 and the workforce rose 6.3 percent to 310,000 in 1996.</p>
<p>Dubai, one of the United Arab Emirates' seven members, is seeking to boost its industrial sector and diversify its economy away from small and falling oil production.</p>
</text>
<copyright>(c) Reuters Limited 1997</copyright>
<metadata>
<codes class="bip:countries:1.0">
  <code code="UAE">
    <editdetail attribution="Reuters BIP Coding Group" action="confirmed" date="1997-06-15"/>
  </code>
</codes>
<codes class="bip:topics:1.0">
  <code code="E11">
    <editdetail attribution="Reuters BIP Coding Group" action="confirmed" date="1997-06-15"/>
  </code>
  <code code="ECAT">
    <editdetail attribution="Reuters BIP Coding Group" action="confirmed" date="1997-06-15"/>
  </code>
</codes>
<dc element="dc.date.created" value="1997-06-15"/>
<dc element="dc.publisher" value="Reuters Holdings Plc"/>
<dc element="dc.date.published" value="1997-06-15"/>
<dc element="dc.source" value="Reuters"/>
<dc element="dc.creator.location" value="DUBAI"/>
<dc element="dc.creator.location.country.name" value="DUBAI"/>
<dc element="dc.source" value="Reuters"/>
</metadata>
</newsitem>
