<?xml version="1.0" encoding="iso-8859-1" ?>
<newsitem itemid="662354" id="root" date="1997-06-15" xml:lang="en">
<title>ISRAEL: Israel court rejects petition to charge Netanyahu.</title>
<headline>Israel court rejects petition to charge Netanyahu.</headline>
<dateline>JERUSALEM 1997-06-15</dateline>
<text>
<p>Israel's High Court on Sunday rejected a petition demanding that Prime Minister Benjamin Netanyahu be indicted for fraud and breach of trust in a government corruption scandal.</p>
<p>Four judges on the five-member panel voted to throw out opposition lawmakers' petition to overrule a decision by state prosecutors not to charge Netanyahu.</p>
<p>&quot;The court does not intervene in decisions of the state attorney unless they are extremely unreasonable,&quot; High Court Justice Yitzhak Zamir told the court.</p>
<p>In a minority opinion which could generate further criticism of Netanyahu in the scandal that threatened to bring down his government, one judge wanted to issue an injunction ordering the state attorney to show cause for his decision not to indict the prime minister.</p>
<p>&quot;The minority decision is that the evidence collected in this affair, and the importance of the matter, justify issuing a temporary injunction concerning the decision not to indict the prime minister,&quot; said Justice Dalia Dorner.</p>
<p>The court also rejected a petition to indict Justice Minister Tsahi Hanegbi.</p>
<p>Israeli police, after a months-long probe, had recommended both Netanyahu and Hanegbi be charged with fraud and breach of trust in the short-lived appointment of lawyer Roni Bar-On as attorney-general in January.</p>
<p>Israel's Channel One Television had alleged Bar-On's appointment was part of a deal to win a plea bargain for key coalition legislator Aryeh Deri of the religious Shas party in his three-year corruption trial.</p>
<p>But state prosecutors on April 20 said there was sufficient evidence to indict only Deri.</p>
<p>Attorney General Elyakim Rubinstein said the police case against Netanyahu was based on testimony of one witness which he said was insufficient for bringing charges.</p>
<p>Deri has denied all accusations. Bar-On, who quit 12 hours after taking office amid a public outcry that he was unqualified for the job, was cleared by prosecutors.</p>
<p>Israeli opposition legislators swiftly appealed against the prosecutors' decision.</p>
<p>At a hearing last month, the five-judge panel threw out several related petitions including a request to order a state investigation into the allegations and one to make public the 995-page police report on the affair.</p>
<p>Netanyahu apologised for any mistakes in the Bar-On appointment, but accused the media and opposition of trying to use the affair to overthrow the government.</p>
</text>
<copyright>(c) Reuters Limited 1997</copyright>
<metadata>
<codes class="bip:countries:1.0">
  <code code="ISRAEL">
    <editdetail attribution="Reuters BIP Coding Group" action="confirmed" date="1997-06-15"/>
  </code>
</codes>
<codes class="bip:topics:1.0">
  <code code="GCAT">
    <editdetail attribution="Reuters BIP Coding Group" action="confirmed" date="1997-06-15"/>
  </code>
  <code code="GCRIM">
    <editdetail attribution="Reuters BIP Coding Group" action="confirmed" date="1997-06-15"/>
  </code>
  <code code="GPOL">
    <editdetail attribution="Reuters BIP Coding Group" action="confirmed" date="1997-06-15"/>
  </code>
</codes>
<dc element="dc.date.created" value="1997-06-15"/>
<dc element="dc.publisher" value="Reuters Holdings Plc"/>
<dc element="dc.date.published" value="1997-06-15"/>
<dc element="dc.source" value="Reuters"/>
<dc element="dc.creator.location" value="JERUSALEM"/>
<dc element="dc.creator.location.country.name" value="ISRAEL"/>
<dc element="dc.source" value="Reuters"/>
</metadata>
</newsitem>
