<?xml version="1.0" encoding="iso-8859-1" ?>
<newsitem itemid="662397" id="root" date="1997-06-15" xml:lang="en">
<title>EGYPT: Misr Chemical Industries results at end-Q3 1996/7.</title>
<headline>Misr Chemical Industries results at end-Q3 1996/7.</headline>
<dateline>CAIRO 1997-06-15</dateline>
<text>
<p>Results for first nine months of financial year 1996/7, which started on July 1.</p>
<p>(All figures in Egyptian pounds, no comparative figures available):</p>
<p>Net sales			    29,050,542</p>
<p>Production costs		   26,882,823</p>
<p>Overheads			     4,454,618</p>
<p>Exceptional revenue		 2,153,224</p>
<p>Exceptional expenses			199</p>
<p>Net loss before tax		   133,866</p>
<p>$1 =3.395 pounds</p>
<p>-- Cairo newsroom +20 2 578 3290/1</p>
</text>
<copyright>(c) Reuters Limited 1997</copyright>
<metadata>
<codes class="bip:countries:1.0">
  <code code="EGYPT">
    <editdetail attribution="Reuters BIP Coding Group" action="confirmed" date="1997-06-15"/>
  </code>
</codes>
<codes class="bip:industries:1.0">
  <code code="I25000">
    <editdetail attribution="Reuters BIP Coding Group" action="confirmed" date="1997-06-15"/>
  </code>
</codes>
<codes class="bip:topics:1.0">
  <code code="C15">
    <editdetail attribution="Reuters BIP Coding Group" action="confirmed" date="1997-06-15"/>
  </code>
  <code code="C151">
    <editdetail attribution="Reuters BIP Coding Group" action="confirmed" date="1997-06-15"/>
  </code>
  <code code="CCAT">
    <editdetail attribution="Reuters BIP Coding Group" action="confirmed" date="1997-06-15"/>
  </code>
</codes>
<dc element="dc.date.created" value="1997-06-15"/>
<dc element="dc.publisher" value="Reuters Holdings Plc"/>
<dc element="dc.date.published" value="1997-06-15"/>
<dc element="dc.source" value="Reuters"/>
<dc element="dc.creator.location" value="CAIRO"/>
<dc element="dc.creator.location.country.name" value="EGYPT"/>
<dc element="dc.source" value="Reuters"/>
</metadata>
</newsitem>
