<?xml version="1.0" encoding="iso-8859-1" ?>
<newsitem itemid="662320" id="root" date="1997-06-15" xml:lang="en">
<title>USA: Touch Tone America names new president.</title>
<headline>Touch Tone America names new president.</headline>
<dateline>PHOENIX 1997-06-15</dateline>
<text>
<p>Touch Tone America Inc, which is seeking a merger candidate despite its problems, said Larry Cornwell was named interim president and to the board of directors in a shake-up of the company's board.</p>
<p>Cornwell, Dr. Edward Wirth Jr. and Robert Vaughan were appointed to the Touch Tone board of directors.</p>
<p>Cornwell replaces Michael Canney, who resigned after serving as Touch Tone's president for the past year.</p>
<p>Matt Barletta resigned as a director on April 17, 1997 and Robert Vaughan resigned as a director on June 6, 1997, Touch Tone said.</p>
<p>Bruce Walko remains as a director, the company said.</p>
<p>Conwell Consulting Services, a consulting firm that has signed an agreement with Touch Tone, has identified numerous problems that could jeopardize Touch Tone's existence, including lack of capital, several lawsuits in which Touch Tone is either the plaintiff or the defendant, unpaid payroll and withholding taxes, and unfulfilled carrier commitments.</p>
<p>These problems either individually and/or collectively are impossible for Touch Tone to meet without additional capital.</p>
</text>
<copyright>(c) Reuters Limited 1997</copyright>
<metadata>
<codes class="bip:countries:1.0">
  <code code="USA">
    <editdetail attribution="Reuters BIP Coding Group" action="confirmed" date="1997-06-15"/>
  </code>
</codes>
<codes class="bip:topics:1.0">
  <code code="C41">
    <editdetail attribution="Reuters BIP Coding Group" action="confirmed" date="1997-06-15"/>
  </code>
  <code code="C411">
    <editdetail attribution="Reuters BIP Coding Group" action="confirmed" date="1997-06-15"/>
  </code>
  <code code="CCAT">
    <editdetail attribution="Reuters BIP Coding Group" action="confirmed" date="1997-06-15"/>
  </code>
</codes>
<dc element="dc.date.created" value="1997-06-15"/>
<dc element="dc.publisher" value="Reuters Holdings Plc"/>
<dc element="dc.date.published" value="1997-06-15"/>
<dc element="dc.source" value="Reuters"/>
<dc element="dc.creator.location" value="PHOENIX"/>
<dc element="dc.creator.location.country.name" value="USA"/>
<dc element="dc.source" value="Reuters"/>
</metadata>
</newsitem>
