<?xml version="1.0" encoding="iso-8859-1" ?>
<newsitem itemid="662371" id="root" date="1997-06-15" xml:lang="en">
<title>ISRAEL: Sun Microsystems opens Israel R&amp;D centre.</title>
<headline>Sun Microsystems opens Israel R&amp;D centre.</headline>
<dateline>TEL AVIV 1997-06-15</dateline>
<text>
<p>Sun Microsystems Inc said on Sunday it had opened a research and development center in Israel that would develop Java software that could convert an ordinary personal computer into a network computer.</p>
<p>&quot;This is the first venture of this kind for JavaSoft outside the U.S.,&quot; said Nancy Yavne, who will head the new centre.</p>
<p>JavaSoft is the Sun unit developing Java, software that supports network applications and enables developers to write applications that can run on any Java-enabled PC.</p>
<p>Yavne said the centre had six engineeres on staff and would expand the number to 15 by the end of the year and 30 after three years.</p>
<p>&quot;It's easier to find engineers here than in California,&quot; she said, explaining the company's decision to set up an R&amp;D centre in Israel. &quot;Per capita, there are more engineers here than anywhere else in the world.&quot;</p>
<p>The centre will be developing JavaPC, software than converts older PCs into network computers, as well as Java security software. Sun said JavaPC would be commercially available from this fall.</p>
<p>- Tel Aviv newsroom, 972-3-537-2211 x233</p>
</text>
<copyright>(c) Reuters Limited 1997</copyright>
<metadata>
<codes class="bip:countries:1.0">
  <code code="INDON">
    <editdetail attribution="Reuters BIP Coding Group" action="confirmed" date="1997-06-15"/>
  </code>
  <code code="ISRAEL">
    <editdetail attribution="Reuters BIP Coding Group" action="confirmed" date="1997-06-15"/>
  </code>
  <code code="USA">
    <editdetail attribution="Reuters BIP Coding Group" action="confirmed" date="1997-06-15"/>
  </code>
</codes>
<codes class="bip:industries:1.0">
  <code code="I33020">
    <editdetail attribution="Reuters BIP Coding Group" action="confirmed" date="1997-06-15"/>
  </code>
  <code code="I3302003">
    <editdetail attribution="Reuters BIP Coding Group" action="confirmed" date="1997-06-15"/>
  </code>
</codes>
<codes class="bip:topics:1.0">
  <code code="C23">
    <editdetail attribution="Reuters BIP Coding Group" action="confirmed" date="1997-06-15"/>
  </code>
  <code code="C24">
    <editdetail attribution="Reuters BIP Coding Group" action="confirmed" date="1997-06-15"/>
  </code>
  <code code="CCAT">
    <editdetail attribution="Reuters BIP Coding Group" action="confirmed" date="1997-06-15"/>
  </code>
</codes>
<dc element="dc.date.created" value="1997-06-15"/>
<dc element="dc.publisher" value="Reuters Holdings Plc"/>
<dc element="dc.date.published" value="1997-06-15"/>
<dc element="dc.source" value="Reuters"/>
<dc element="dc.creator.location" value="TEL AVIV"/>
<dc element="dc.creator.location.country.name" value="ISRAEL"/>
<dc element="dc.source" value="Reuters"/>
</metadata>
</newsitem>
