<?xml version="1.0" encoding="iso-8859-1" ?>
<newsitem itemid="662326" id="root" date="1997-06-15" xml:lang="en">
<title>USA: Kurzweil Applied cuts Q1 April 30 loss.</title>
<headline>Kurzweil Applied cuts Q1 April 30 loss.</headline>
<dateline>WALTHAM, Mass. 1997-06-13</dateline>
<text>
<p>KURZWEIL APPLIED INTELLIGENCE, INC.</p>
<p>		     (in thousands, except for per share amounts)</p>
<p>							 Three Months Ended</p>
<p>								April 30,</p>
<p>							 1997	   1996</p>
<p>Revenues:</p>
<p>     Product and license revenue	    $2,006	 $1,238</p>
<p>     Maintenance revenue			   443	    472</p>
<p> Total revenues				    2,449	  1,710</p>
<p>Operating costs and expenses:</p>
<p>Cost of product, license and</p>
<p>	 maintenance revenue			 991	    880</p>
<p>     Sales and marketing			   940	    950</p>
<p>     Research and development		    733	    678</p>
<p>     General and administrative		  350	    532</p>
<p> Total operating costs and expenses	  3,014	  3,040</p>
<p> Operating loss				    (565)	(1,330)</p>
<p> Interest income					12	     30</p>
<p> Other income, net							6</p>
<p> Net loss					   ( 553)     ( 1,294)</p>
<p>     Net loss per common share	     ( 0.06)	( 0.19)</p>
<p>Weighted average number of common</p>
<p>	 shares outstanding		  9,069,930    6,774,430</p>
<p>((-- New York Newsdesk   212-859-1610))</p>
</text>
<copyright>(c) Reuters Limited 1997</copyright>
<metadata>
<codes class="bip:countries:1.0">
  <code code="USA">
    <editdetail attribution="Reuters BIP Coding Group" action="confirmed" date="1997-06-15"/>
  </code>
</codes>
<codes class="bip:industries:1.0">
  <code code="I33020">
    <editdetail attribution="Reuters BIP Coding Group" action="confirmed" date="1997-06-15"/>
  </code>
  <code code="I3302004">
    <editdetail attribution="Reuters BIP Coding Group" action="confirmed" date="1997-06-15"/>
  </code>
</codes>
<codes class="bip:topics:1.0">
  <code code="C15">
    <editdetail attribution="Reuters BIP Coding Group" action="confirmed" date="1997-06-15"/>
  </code>
  <code code="C151">
    <editdetail attribution="Reuters BIP Coding Group" action="confirmed" date="1997-06-15"/>
  </code>
  <code code="CCAT">
    <editdetail attribution="Reuters BIP Coding Group" action="confirmed" date="1997-06-15"/>
  </code>
</codes>
<dc element="dc.date.created" value="1997-06-13"/>
<dc element="dc.publisher" value="Reuters Holdings Plc"/>
<dc element="dc.date.published" value="1997-06-15"/>
<dc element="dc.source" value="Reuters"/>
<dc element="dc.creator.location" value="WALTHAM, Mass."/>
<dc element="dc.creator.location.country.name" value="USA"/>
<dc element="dc.source" value="Reuters"/>
</metadata>
</newsitem>
