<?xml version="1.0" encoding="iso-8859-1" ?>
<newsitem itemid="662410" id="root" date="1997-06-15" xml:lang="en">
<title>ISRAEL: Israel says it welcome at Qatar economic summit.</title>
<headline>Israel says it welcome at Qatar economic summit.</headline>
<dateline>TEL AVIV 1997-06-15</dateline>
<text>
<p>The president of Israel's Federation of Chambers of Commerce said on Sunday he was assured by the emir of Qatar that Israel would be welcome at November's Middle East and North Africa economic summit in the Gulf Arab state.</p>
<p>&quot;Israel's participation in the Qatar conference is not in question,&quot; Danny Gillerman said in a statement. &quot;We will participate at the most senior level and about 100 Israeli business executives will take part.&quot;</p>
<p>Gillerman said he met Qatar's emir, Sheikh Hamad bin Khalifa al-Thani, in New York last week along with senior U.S. and Arab officials at preparatory discussions on the economic summit.</p>
<p>&quot;The emir promised the Israeli representatives...and those of the U.S. administration that Israel would indeed be invited to the Qatar conference,&quot; Gillerman said.</p>
<p>Qatar's foreign minister recently said Israel's attendance at the summit was contingent on progress in the peace process.</p>
<p>Doha, which has trade links with Israel, is hosting the conference, the fourth since landmark peace negotiations began in 1991. Israel attended the previous three summits.</p>
</text>
<copyright>(c) Reuters Limited 1997</copyright>
<metadata>
<codes class="bip:countries:1.0">
  <code code="ISRAEL">
    <editdetail attribution="Reuters BIP Coding Group" action="confirmed" date="1997-06-15"/>
  </code>
  <code code="QATAR">
    <editdetail attribution="Reuters BIP Coding Group" action="confirmed" date="1997-06-15"/>
  </code>
</codes>
<codes class="bip:topics:1.0">
  <code code="E51">
    <editdetail attribution="Reuters BIP Coding Group" action="confirmed" date="1997-06-15"/>
  </code>
  <code code="E512">
    <editdetail attribution="Reuters BIP Coding Group" action="confirmed" date="1997-06-15"/>
  </code>
  <code code="ECAT">
    <editdetail attribution="Reuters BIP Coding Group" action="confirmed" date="1997-06-15"/>
  </code>
  <code code="GCAT">
    <editdetail attribution="Reuters BIP Coding Group" action="confirmed" date="1997-06-15"/>
  </code>
  <code code="GDIP">
    <editdetail attribution="Reuters BIP Coding Group" action="confirmed" date="1997-06-15"/>
  </code>
</codes>
<dc element="dc.date.created" value="1997-06-15"/>
<dc element="dc.publisher" value="Reuters Holdings Plc"/>
<dc element="dc.date.published" value="1997-06-15"/>
<dc element="dc.source" value="Reuters"/>
<dc element="dc.creator.location" value="TEL AVIV"/>
<dc element="dc.creator.location.country.name" value="ISRAEL"/>
<dc element="dc.source" value="Reuters"/>
</metadata>
</newsitem>
