<?xml version="1.0" encoding="iso-8859-1" ?>
<newsitem itemid="662400" id="root" date="1997-06-15" xml:lang="en">
<title>EGYPT: Cairo Housing end-Q3 results.</title>
<headline>Cairo Housing end-Q3 results.</headline>
<dateline>CAIRO 1997-06-15</dateline>
<text>
<p>Results for the first nine months of financial year 1996/7, which started on July 1.</p>
<p>(All figures in Egyptian pounds, no comparative figures available).</p>
<p>Net sales			    24,203,000</p>
<p>Operating costs		     9,974,000</p>
<p>Overheads			     3,541,000</p>
<p>Exceptional revenue		   546,000</p>
<p>Net profit before tax	    11,234,000</p>
<p>Full company name is Cairo Housing and Development.</p>
<p>$1 =3.395 pounds</p>
<p>-- Cairo newsroom +20 2 578 3290/1</p>
</text>
<copyright>(c) Reuters Limited 1997</copyright>
<metadata>
<codes class="bip:countries:1.0">
  <code code="EGYPT">
    <editdetail attribution="Reuters BIP Coding Group" action="confirmed" date="1997-06-15"/>
  </code>
</codes>
<codes class="bip:industries:1.0">
  <code code="I50100">
    <editdetail attribution="Reuters BIP Coding Group" action="confirmed" date="1997-06-15"/>
  </code>
  <code code="I5010022">
    <editdetail attribution="Reuters BIP Coding Group" action="confirmed" date="1997-06-15"/>
  </code>
</codes>
<codes class="bip:topics:1.0">
  <code code="C15">
    <editdetail attribution="Reuters BIP Coding Group" action="confirmed" date="1997-06-15"/>
  </code>
  <code code="C151">
    <editdetail attribution="Reuters BIP Coding Group" action="confirmed" date="1997-06-15"/>
  </code>
  <code code="CCAT">
    <editdetail attribution="Reuters BIP Coding Group" action="confirmed" date="1997-06-15"/>
  </code>
</codes>
<dc element="dc.date.created" value="1997-06-15"/>
<dc element="dc.publisher" value="Reuters Holdings Plc"/>
<dc element="dc.date.published" value="1997-06-15"/>
<dc element="dc.source" value="Reuters"/>
<dc element="dc.creator.location" value="CAIRO"/>
<dc element="dc.creator.location.country.name" value="EGYPT"/>
<dc element="dc.source" value="Reuters"/>
</metadata>
</newsitem>
