<?xml version="1.0" encoding="iso-8859-1" ?>
<newsitem itemid="662486" id="root" date="1997-06-15" xml:lang="en">
<title>GERMANY: German extremists attack foreigners in east.</title>
<headline>German extremists attack foreigners in east.</headline>
<dateline>BERLIN 1997-06-15</dateline>
<text>
<p>Eastern German youths shouting &quot;Heil Hitler&quot; clashed with Turkish shopkeepers in Rostock late on Saturday and another group of right-wing extremists severely beat an asylum-seeker from Togo, police said on Sunday.</p>
<p>A third group attacked a group of campers in the eastern town of Liepgarten, leaving a 16-year-old youth with head injuries.</p>
<p>A police spokesman in Rostock said about 10 youths between the ages of 16 and 20 tried to attack the Turkish shopkeepers. But the Turks fought them off with metal bars, leaving two of their assailants seriously injured.</p>
<p>The spokesman said the group had earlier been spotted and warned by police for chanting &quot;Heil Hitler&quot; and &quot;Germany for Germans&quot; in the centre of Rostock, which is about 150 km (90 miles) north of Berlin.</p>
<p>The city was the scene of one of Germany's most violent racist attacks in 1992, when rightists led local residents in throwing petrol bombs at buildings housing asylum-seekers.</p>
<p>Authorities in the nearby town of Warnemuende said a group of right-wing extremists had beaten and kicked the asylum-seeker from Togo. The man was taken to hospital.</p>
<p>Police said one suspect was detained.</p>
</text>
<copyright>(c) Reuters Limited 1997</copyright>
<metadata>
<codes class="bip:countries:1.0">
  <code code="GFR">
    <editdetail attribution="Reuters BIP Coding Group" action="confirmed" date="1997-06-15"/>
  </code>
</codes>
<codes class="bip:topics:1.0">
  <code code="GCAT">
    <editdetail attribution="Reuters BIP Coding Group" action="confirmed" date="1997-06-15"/>
  </code>
  <code code="GCRIM">
    <editdetail attribution="Reuters BIP Coding Group" action="confirmed" date="1997-06-15"/>
  </code>
  <code code="GVIO">
    <editdetail attribution="Reuters BIP Coding Group" action="confirmed" date="1997-06-15"/>
  </code>
</codes>
<dc element="dc.date.created" value="1997-06-15"/>
<dc element="dc.publisher" value="Reuters Holdings Plc"/>
<dc element="dc.date.published" value="1997-06-15"/>
<dc element="dc.source" value="Reuters"/>
<dc element="dc.creator.location" value="BERLIN"/>
<dc element="dc.creator.location.country.name" value="GERMANY"/>
<dc element="dc.source" value="Reuters"/>
</metadata>
</newsitem>
