<?xml version="1.0" encoding="iso-8859-1" ?>
<newsitem itemid="662494" id="root" date="1997-06-15" xml:lang="en">
<title>NETHERLANDS: Stability pact text may be ready Monday - Zalm.</title>
<headline>Stability pact text may be ready Monday - Zalm.</headline>
<dateline>AMSTERDAM 1997-06-15</dateline>
<text>
<p>Dutch Finance Minister Gerrit Zalm said on Sunday that an informal meeting of European Union ministers had made good progress on a stability pact and could finalise a text on Monday.</p>
<p>&quot;We made extremely good progress...we will be able to finish a text (on the stability pact) tomorrow,&quot; Zalm told a news conference after the dinner meeting.  </p>
<p>Italian Finance Minister Carlo Azeglio Ciampi also said the meeting had been positive, adding that he hoped for an agreement.</p>
<p>Asked whether agreement was possible, he said: &quot;Yes, I hope so. That is what we are working towards,&quot; adding that the positions of the 15 EU member countries were &quot;close&quot;.</p>
<p>Belgium's Philippe Maystadt said that finance ministers would meet again at 11.00 a.m. (0900 GMT) on Monday to continue their negotiations.</p>
<p>Germany and France, the primary engines behind monetary union, have been at odds over how to help Europe's 18 million unemployed, with France wanting more time to review EMU's stability pact and Bonn demanding that the bloc stay on the fiscal straight and narrow.</p>
</text>
<copyright>(c) Reuters Limited 1997</copyright>
<metadata>
<codes class="bip:countries:1.0">
  <code code="EEC">
    <editdetail attribution="Reuters BIP Coding Group" action="confirmed" date="1997-06-15"/>
  </code>
  <code code="FRA">
    <editdetail attribution="Reuters BIP Coding Group" action="confirmed" date="1997-06-15"/>
  </code>
  <code code="GFR">
    <editdetail attribution="Reuters BIP Coding Group" action="confirmed" date="1997-06-15"/>
  </code>
  <code code="NETH">
    <editdetail attribution="Reuters BIP Coding Group" action="confirmed" date="1997-06-15"/>
  </code>
</codes>
<codes class="bip:topics:1.0">
  <code code="E12">
    <editdetail attribution="Reuters BIP Coding Group" action="confirmed" date="1997-06-15"/>
  </code>
  <code code="ECAT">
    <editdetail attribution="Reuters BIP Coding Group" action="confirmed" date="1997-06-15"/>
  </code>
  <code code="G15">
    <editdetail attribution="Reuters BIP Coding Group" action="confirmed" date="1997-06-15"/>
  </code>
  <code code="G154">
    <editdetail attribution="Reuters BIP Coding Group" action="confirmed" date="1997-06-15"/>
  </code>
  <code code="GCAT">
    <editdetail attribution="Reuters BIP Coding Group" action="confirmed" date="1997-06-15"/>
  </code>
  <code code="GDIP">
    <editdetail attribution="Reuters BIP Coding Group" action="confirmed" date="1997-06-15"/>
  </code>
</codes>
<dc element="dc.date.created" value="1997-06-15"/>
<dc element="dc.publisher" value="Reuters Holdings Plc"/>
<dc element="dc.date.published" value="1997-06-15"/>
<dc element="dc.source" value="Reuters"/>
<dc element="dc.creator.location" value="AMSTERDAM"/>
<dc element="dc.creator.location.country.name" value="NETHERLANDS"/>
<dc element="dc.source" value="Reuters"/>
</metadata>
</newsitem>
