<?xml version="1.0" encoding="iso-8859-1" ?>
<newsitem itemid="662432" id="root" date="1997-06-15" xml:lang="en">
<title>QATAR: Qatar voices Gulf Arab fears of U.S.-Iran clash.</title>
<headline>Qatar voices Gulf Arab fears of U.S.-Iran clash.</headline>
<dateline>DOHA 1997-06-15</dateline>
<text>
<p>Gulf Arab states are concerned about a possible showdown between Iran and the United States which would harm all countries in the oil-rich region, Qatar Emir Sheikh Hamad bin Khalifa al-Thani said.</p>
<p>Sheikh Hamad, who was rebuffed last week when he urged Washington to relax its strategy of &quot;dual containment&quot; of Iraq and Iran, was speaking in English in an interview on Cable News Network (CNN) aired in the Gulf on Sunday.</p>
<p>&quot;...We feel in the Gulf that a clash between the United States and Iran could happen at any moment and as far as we are allies to the United States we think we will feel the bitterness of such a clash if it happens,&quot; he said.</p>
<p>He reiterated his view that the United States should open talks with Iran following the election last month of moderate Mohammad Khatami to replace President Akbar Hashemi Rafsanjani.</p>
<p>Sheikh Hamad also said he doubted Iran was behind last year's bombing of a U.S. military complex in the Saudi Arabian town of Khobar which killed 19 U.S. servicemen.</p>
<p>&quot;I do not think that Iran would do such an explosion like what happened in Khobar because the Iranians know that the United States wants to have any excuse against Iran and I think the Iranians are much intelligent to understand this,&quot; he said.</p>
<p>Asked whether the United States should respond if it had proof of Iranian involvement, he said: &quot;If they respond we are going to suffer in the Gulf. We are the nearest countries to Iran and we have American bases and troops who normally would be one of the targets which the Iranians try to hit.</p>
<p>&quot;We hear the declarations of the new Iranian president...I think he made a good declaration concerning peace in the Middle East and I think the Americans should respond to such a good declaration,&quot; Sheikh Hamad said.</p>
<p>The Qatari leader was referring to comments by Khatami that Iran still opposed the Middle East peace process but would not interfere or try to disrupt it as the West accuses it of doing.</p>
<p>&quot;My advice would be that talks between the United States and Iran would be good for the whole area. At least the United States could test the Iranian new mind,&quot; Sheikh Hamad said.</p>
<p>U.S. President Bill Clinton considers Iran a state sponsor of terrorism and Iraq a regional bully that refuses to abide by post-Gulf War U.N. resolutions at the expense of its own people.</p>
<p>U.S. Defence Secretary William Cohen, who on Saturday began a tour of Gulf Arab states, said Washington was &quot;hopeful but sceptical&quot; that Iran would give up its support of international terrorism following Khatami's election.</p>
<p>Sheikh Hamad said his country -- a member of the six-nation Gulf Cooperation Council (GCC) also grouping Saudi Arabia, Kuwait, Bahrain, Oman and the United Arab Emirates -- supported U.N. resolutions on Iraq following its 1990 invasion of Kuwait.</p>
<p>But he said a solution should be found for the suffering of the Iraqi people from U.N. sanctions.</p>
<p>Sheikh Hamad, who has established trade relations with Israel, said the only way to overcome obstacles to the Middle East peace process was to press ahead with negotiations.</p>
<p>Asked whether Qatar would still host a Middle East-North Africa (MENA) economic summit despite pressure from some Arab countries that oppose it because of the stalled peace process, Sheikh Hamad said: &quot;Yes sure...We are committed to having the meeting next November&quot;.</p>
<p>Qatar has said Israel's attendance at the summit is contingent on progress in the peace process.</p>
</text>
<copyright>(c) Reuters Limited 1997</copyright>
<metadata>
<codes class="bip:countries:1.0">
  <code code="IRAN">
    <editdetail attribution="Reuters BIP Coding Group" action="confirmed" date="1997-06-15"/>
  </code>
  <code code="IRAQ">
    <editdetail attribution="Reuters BIP Coding Group" action="confirmed" date="1997-06-15"/>
  </code>
  <code code="QATAR">
    <editdetail attribution="Reuters BIP Coding Group" action="confirmed" date="1997-06-15"/>
  </code>
  <code code="USA">
    <editdetail attribution="Reuters BIP Coding Group" action="confirmed" date="1997-06-15"/>
  </code>
</codes>
<codes class="bip:topics:1.0">
  <code code="GCAT">
    <editdetail attribution="Reuters BIP Coding Group" action="confirmed" date="1997-06-15"/>
  </code>
  <code code="GDIP">
    <editdetail attribution="Reuters BIP Coding Group" action="confirmed" date="1997-06-15"/>
  </code>
</codes>
<dc element="dc.date.created" value="1997-06-15"/>
<dc element="dc.publisher" value="Reuters Holdings Plc"/>
<dc element="dc.date.published" value="1997-06-15"/>
<dc element="dc.source" value="Reuters"/>
<dc element="dc.creator.location" value="DOHA"/>
<dc element="dc.creator.location.country.name" value="QATAR"/>
<dc element="dc.source" value="Reuters"/>
</metadata>
</newsitem>
