<?xml version="1.0" encoding="iso-8859-1" ?>
<newsitem itemid="662430" id="root" date="1997-06-15" xml:lang="en">
<title>ISRAEL: Israel's Netanyahu denies decision on economic plan.</title>
<headline>Israel's Netanyahu denies decision on economic plan.</headline>
<dateline>JERUSALEM 1997-06-15</dateline>
<text>
<p>Israeli Prime Minister Benjamin Netanyahu's spokesman denied on Sunday an Israeli newspaper report that Netanyahu had decided on a comprehensive economic plan to revitalise the country's sluggish economy.</p>
<p>Yedioth Ahronoth newspaper said Netanyahu had reached a decision on a programme to widen the Israeli shekel's trading bands, liberalise foreign currency controls, set lower interest rate targets and enact further cuts in the 1997 budget.</p>
<p>&quot;The Prime Minister has not yet decided on the issue. The details of this decision have not been finally set,&quot; the spokesman Shai Bazak said in a statement.</p>
<p>The newspaper said an economic programme had been under discussion for weeks but deep disagreements between Finance Minister Dan Meridor Netanyahu and Bank of Israel Governor Jacob Frenkel had prevented any decision.</p>
<p>The report said Netanyahu had stepped in to break the deadlock.</p>
<p>- Jerusalem newsroom, 972-2-537-0502</p>
</text>
<copyright>(c) Reuters Limited 1997</copyright>
<metadata>
<codes class="bip:countries:1.0">
  <code code="ISRAEL">
    <editdetail attribution="Reuters BIP Coding Group" action="confirmed" date="1997-06-15"/>
  </code>
</codes>
<codes class="bip:topics:1.0">
  <code code="E12">
    <editdetail attribution="Reuters BIP Coding Group" action="confirmed" date="1997-06-15"/>
  </code>
  <code code="ECAT">
    <editdetail attribution="Reuters BIP Coding Group" action="confirmed" date="1997-06-15"/>
  </code>
</codes>
<dc element="dc.date.created" value="1997-06-15"/>
<dc element="dc.publisher" value="Reuters Holdings Plc"/>
<dc element="dc.date.published" value="1997-06-15"/>
<dc element="dc.source" value="Reuters"/>
<dc element="dc.creator.location" value="JERUSALEM"/>
<dc element="dc.creator.location.country.name" value="ISRAEL"/>
<dc element="dc.source" value="Reuters"/>
</metadata>
</newsitem>
