<?xml version="1.0" encoding="iso-8859-1" ?>
<newsitem itemid="662451" id="root" date="1997-06-15" xml:lang="en">
<title>USA: Clinton a &quot;spoiled brat&quot; - Republican leader.</title>
<headline>Clinton a &quot;spoiled brat&quot; - Republican leader.</headline>
<dateline>WASHINGTON 1997-06-15</dateline>
<text>
<p>Senate Republican leader Trent Lott on Sunday accused President Bill Clinton of acting like a &quot;spoiled brat&quot; in a spat over tax cuts.</p>
<p>&quot;He acts like a spoiled brat. He thinks he's got to have it his way or no way,&quot; Senator Trent Lott said on the ABC programme &quot;This Week&quot;.</p>
<p>Lott and other Republicans have been wrangling with the White House over tax cut proposals in a deal to balance the federal budget.</p>
<p>Clinton on Sunday declined to been drawn into a slanging match with the powerful Republican leader.</p>
<p>&quot;I wish him a happy Father's Day,&quot; the president told reporters after a holiday brunch with his wife and daughter at a local riverside restaurant.</p>
</text>
<copyright>(c) Reuters Limited 1997</copyright>
<metadata>
<codes class="bip:countries:1.0">
  <code code="USA">
    <editdetail attribution="Reuters BIP Coding Group" action="confirmed" date="1997-06-15"/>
  </code>
</codes>
<codes class="bip:topics:1.0">
  <code code="GCAT">
    <editdetail attribution="Reuters BIP Coding Group" action="confirmed" date="1997-06-15"/>
  </code>
  <code code="GPOL">
    <editdetail attribution="Reuters BIP Coding Group" action="confirmed" date="1997-06-15"/>
  </code>
</codes>
<dc element="dc.date.created" value="1997-06-15"/>
<dc element="dc.publisher" value="Reuters Holdings Plc"/>
<dc element="dc.date.published" value="1997-06-15"/>
<dc element="dc.source" value="Reuters"/>
<dc element="dc.creator.location" value="WASHINGTON"/>
<dc element="dc.creator.location.country.name" value="USA"/>
<dc element="dc.source" value="Reuters"/>
</metadata>
</newsitem>
