<?xml version="1.0" encoding="iso-8859-1" ?>
<newsitem itemid="662413" id="root" date="1997-06-15" xml:lang="en">
<title>TURKEY: Iran leader calls on summit defend Jerusalem.</title>
<headline>Iran leader calls on summit defend Jerusalem.</headline>
<dateline>ISTANBUL 1997-06-15</dateline>
<text>
<p>Iranian President Akbar Hashemi Rafsanjani urged Moslem countries at an Istanbul summit on Sunday to oppose a U.S. House of Representatives' call on President Bill Clinton to reaffirm Jerusalem as Israel's &quot;undivided capital&quot;.</p>
<p>Rafsanjani was speaking at a summit of the Developing-Eight (D-8) group, following the House's call that Clinton recommit himself to a 1995 law declaring Jerusalem Israel's capital and saying the American embassy should be moved there by May 1999.</p>
<p>&quot;The decision to transfer the embassy from Tel Aviv to Al-Quds (Jerusalem) requires appropriate reaction from the Islamic world and from this forum of countries encompassing the majority of the Moslem population worldwide,&quot; he said.</p>
<p>&quot;This constitutes a flagrant violation of the inalienable right of the Palesitinian people, and a further irrefutable indication of unjustifable American bias, which automaticaly disqualifies the United States from mediating the Palestinian crisis,&quot; Rafsanjani said at the opening of the summit .</p>
<p>The D-8 summit was attended by the presidents of Indonesia, Iran and Turkey, the prime ministers of Bnagladesh, Egypt Malasia and Pakistan and Nigeria's industry minister.</p>
<p>Israel, which captured Arab East Jerusalem in 1967 and annexed it in a move unrecognised by the international community including the United States, welcomed last week's House vote.</p>
<p>The House voteis not binding on the Clinton administration.</p>
<p>The Palestinians, who regard East Jerusalem as the capital of a future state, have termed the resolution a declaration of war.</p>
<p>The D-8 countries are meeting to sign a joint declaraiton later in the day. It was not known if the declaration would mention the matter of U.S. embassy.</p>
<p>The declaration is expected to call for moves to overcome trade barriers and establish joint business councils between member countries.</p>
</text>
<copyright>(c) Reuters Limited 1997</copyright>
<metadata>
<codes class="bip:countries:1.0">
  <code code="IRAN">
    <editdetail attribution="Reuters BIP Coding Group" action="confirmed" date="1997-06-15"/>
  </code>
  <code code="ISRAEL">
    <editdetail attribution="Reuters BIP Coding Group" action="confirmed" date="1997-06-15"/>
  </code>
  <code code="TURK">
    <editdetail attribution="Reuters BIP Coding Group" action="confirmed" date="1997-06-15"/>
  </code>
  <code code="USA">
    <editdetail attribution="Reuters BIP Coding Group" action="confirmed" date="1997-06-15"/>
  </code>
</codes>
<codes class="bip:topics:1.0">
  <code code="GCAT">
    <editdetail attribution="Reuters BIP Coding Group" action="confirmed" date="1997-06-15"/>
  </code>
  <code code="GDIP">
    <editdetail attribution="Reuters BIP Coding Group" action="confirmed" date="1997-06-15"/>
  </code>
</codes>
<dc element="dc.date.created" value="1997-06-15"/>
<dc element="dc.publisher" value="Reuters Holdings Plc"/>
<dc element="dc.date.published" value="1997-06-15"/>
<dc element="dc.source" value="Reuters"/>
<dc element="dc.creator.location" value="ISTANBUL"/>
<dc element="dc.creator.location.country.name" value="TURKEY"/>
<dc element="dc.source" value="Reuters"/>
</metadata>
</newsitem>
