<?xml version="1.0" encoding="iso-8859-1" ?>
<newsitem itemid="662442" id="root" date="1997-06-15" xml:lang="en">
<title>USA: Backers of hamburger futures bullish on prospects.</title>
<headline>Backers of hamburger futures bullish on prospects.</headline>
<byline>Bob Janis</byline>
<dateline>CHICAGO</dateline>
<text>
<p>Chicago's free-wheeling futures traders are waiting eagerly to sink their teeth into what promises to be a tasty new commodity that debuts on Monday -- hamburger futures.</p>
<p>The futures contracts -- with each one representing 20,000 pounds of boneless ground beef -- have many livestock analysts and meat traders convinced they have a successful new market.</p>
<p>&quot;I think it's got a bright future,&quot; said Andy Gottschalk, livestock analyst with LFG LLC, formerly Linnco Futures Group, in Englewood, Colo.</p>
<p>Gottschalk predicted an active use of the contracts from anyone in the ground beef business seeking price protection.</p>
<p>That group includes cattle ranchers, beef packers and meat processors, supermarket chains and retail stores, and restaurants, said Tim Brennan, a governor at the Chicago Mercantile Exchange which is listing the new contracts.</p>
<p>&quot;This is a tremendous market,&quot; said Brennan. &quot;Over 50 percent of beef consumed in this country is ground beef.</p>
<p>&quot;We consume over 9 billion pounds of ground beef per year, and over 8 billion pounds is produced in the U.S. with the rest imported,&quot; Brennan said.</p>
<p>The CME already operates successful futures markets in live and feeder cattle and pork belly and lean hog contracts. It also lists butter and milk futures and trades cash cheese.</p>
<p>The appeal of futures -- which shadow cash prices and so allow commercial firms to &quot;hedge&quot; or take positions to offset price risk -- always rises when cash markets can be volatile, as in beef.</p>
<p>Traders say even though commercial hamburger users could use the live cattle contract to hedge, cash prices of hamburger sometimes move differently than those of live cattle and the hamburger contract will let them hedge more effectively.</p>
<p>&quot;This stuff is going to have some volatility,&quot; said Jack Weaver, a livestock analyst with Refco Inc in Chicago. &quot;Prices can move rapidly, a five or 10-cent move is not unusual.</p>
<p>&quot;This is not a one-cent-move market,&quot; Weaver said.</p>
<p>Volatility also attracts speculators, especially the &quot;locals&quot; who provide the trading volumes that can make or break a futures contract. The CME will allow speculators from its huge financial futures pits to freely trade the bonelss beef contract in order to maximize trading by locals.</p>
<p>There will be two new contracts, one for boneless beef which is 90 percent lean and one for boneless beef trimmings which are 50 percent lean.</p>
<p>The two contracts have been designed in partnership with the ground beef industry, which uses both 90 percent and 50 percent lean or &quot;fat-free&quot; material for blending purposes.</p>
<p>The two are blended, as well as various grades in between, to produce the 73 to 82 percent lean ground beef preferred by fast-food giants like McDonalds and Wendy's and the 80 to 85 percent leans that are mainstays at retail grocery stores, according to a study by Ohio consultant Pennington and Co.</p>
<p>The contract size of 20,000 pounds will allow companies who use partial loads or who either buy or produce blended to use the contracts to hedge, exchange documents said.</p>
<p>The contracts will not call for actual delivery of beef. Instead, delivery will be settled in cash payments based on CME weighted average prices.</p>
<p>The two new contracts will be launched on Monday.</p>
</text>
<copyright>(c) Reuters Limited 1997</copyright>
<metadata>
<codes class="bip:countries:1.0">
  <code code="USA">
    <editdetail attribution="Reuters BIP Coding Group" action="confirmed" date="1997-06-15"/>
  </code>
</codes>
<codes class="bip:topics:1.0">
  <code code="M14">
    <editdetail attribution="Reuters BIP Coding Group" action="confirmed" date="1997-06-15"/>
  </code>
  <code code="M141">
    <editdetail attribution="Reuters BIP Coding Group" action="confirmed" date="1997-06-15"/>
  </code>
  <code code="MCAT">
    <editdetail attribution="Reuters BIP Coding Group" action="confirmed" date="1997-06-15"/>
  </code>
</codes>
<dc element="dc.publisher" value="Reuters Holdings Plc"/>
<dc element="dc.date.published" value="1997-06-15"/>
<dc element="dc.source" value="Reuters"/>
<dc element="dc.creator.location" value="CHICAGO"/>
<dc element="dc.creator.location.country.name" value="USA"/>
<dc element="dc.source" value="Reuters"/>
</metadata>
</newsitem>
