<?xml version="1.0" encoding="iso-8859-1" ?>
<newsitem itemid="662500" id="root" date="1997-06-15" xml:lang="en">
<title>NETHERLANDS: France sees EU summit set for pact deal - official.</title>
<headline>France sees EU summit set for pact deal - official.</headline>
<dateline>AMSTERDAM 1997-06-15</dateline>
<text>
<p>A senior French official said on Sunday that France's leaders all wanted an agreement on a growth-and-jobs resolution enabling them to conclude an EMU stability pact at this week's Amsterdam summit.</p>
<p>The official said after President Jacques Chirac and new Socialist Prime Minister Lionel Jospin met on Saturday night to coordinate a single French position:</p>
<p>&quot;The possibilities for an agreement exist... we all want to conclude,&quot; the official told reporters.</p>
<p>The official said there had been progress in the last few days both on an employment chapter in the revised Maastricht treaty on European union and on a separate resolution on measures to coordinate EU economic policies to promote growth and jobs.</p>
<p>&quot;We want not only to consolidate what already exists or is on the table in the draft treaty but we also want to go further.</p>
<p>&quot;Things have moved forward in the last few days and we think there is a possibility to go further,&quot; the official said.</p>
<p>Asked whether Jospin agreed with Chirac on the need to reach a deal in Amsterdam by Tuesday, the official replied: &quot;There is a single French position in all areas. There are no differences between the president and Mr Jospin... We all want to conclude.&quot;</p>
<p>The official said the Dutch presidency had provided for finance ministers to hold a separate formal meeting on Monday, reporting their conclusions to the summit leaders at 5 PM (1500 GMT). The leaders would then discuss for the first time the issues of the stability pact and a resolution on jobs, growth and coordinating economic policies.</p>
</text>
<copyright>(c) Reuters Limited 1997</copyright>
<metadata>
<codes class="bip:countries:1.0">
  <code code="EEC">
    <editdetail attribution="Reuters BIP Coding Group" action="confirmed" date="1997-06-15"/>
  </code>
  <code code="FRA">
    <editdetail attribution="Reuters BIP Coding Group" action="confirmed" date="1997-06-15"/>
  </code>
  <code code="NETH">
    <editdetail attribution="Reuters BIP Coding Group" action="confirmed" date="1997-06-15"/>
  </code>
</codes>
<codes class="bip:topics:1.0">
  <code code="E12">
    <editdetail attribution="Reuters BIP Coding Group" action="confirmed" date="1997-06-15"/>
  </code>
  <code code="E21">
    <editdetail attribution="Reuters BIP Coding Group" action="confirmed" date="1997-06-15"/>
  </code>
  <code code="E211">
    <editdetail attribution="Reuters BIP Coding Group" action="confirmed" date="1997-06-15"/>
  </code>
  <code code="E41">
    <editdetail attribution="Reuters BIP Coding Group" action="confirmed" date="1997-06-15"/>
  </code>
  <code code="ECAT">
    <editdetail attribution="Reuters BIP Coding Group" action="confirmed" date="1997-06-15"/>
  </code>
  <code code="G15">
    <editdetail attribution="Reuters BIP Coding Group" action="confirmed" date="1997-06-15"/>
  </code>
  <code code="G154">
    <editdetail attribution="Reuters BIP Coding Group" action="confirmed" date="1997-06-15"/>
  </code>
  <code code="GCAT">
    <editdetail attribution="Reuters BIP Coding Group" action="confirmed" date="1997-06-15"/>
  </code>
  <code code="GJOB">
    <editdetail attribution="Reuters BIP Coding Group" action="confirmed" date="1997-06-15"/>
  </code>
</codes>
<dc element="dc.date.created" value="1997-06-15"/>
<dc element="dc.publisher" value="Reuters Holdings Plc"/>
<dc element="dc.date.published" value="1997-06-15"/>
<dc element="dc.source" value="Reuters"/>
<dc element="dc.creator.location" value="AMSTERDAM"/>
<dc element="dc.creator.location.country.name" value="NETHERLANDS"/>
<dc element="dc.source" value="Reuters"/>
</metadata>
</newsitem>
