<?xml version="1.0" encoding="iso-8859-1" ?>
<newsitem itemid="604298" id="root" date="1997-05-22" xml:lang="en">
<title>USA: Trident Rowan says Tamarix buys shares.</title>
<headline>Trident Rowan says Tamarix buys shares.</headline>
<dateline>SOMERSET, N.J. 1997-05-22</dateline>
<text>
<p>Trident Rowan Group Inc said on Thursday that Tamarix Investors Ldc had bought 900,000 shares of the company's common stock for $7.75 a share from Finprogetti SpA.</p>
<p>In addition, Trident said, Tamarix had acquired a proxy to vote and a right to purchase the remaining 735,000 shares owned by Finprogetti, making Tamarix the company's largest stockholder.</p>
<p>In connection with the purchase, four board members designated by Finprogetti resigned and three new members designated by Tamarix were elected, Trident said in a statement.</p>
<p>Trident Rowan Group Inc specializes in management interventions in troubled companies.</p>
</text>
<copyright>(c) Reuters Limited 1997</copyright>
<metadata>
<codes class="bip:countries:1.0">
  <code code="USA">
    <editdetail attribution="Reuters BIP Coding Group" action="confirmed" date="1997-05-22"/>
  </code>
</codes>
<codes class="bip:industries:1.0">
  <code code="I35101">
    <editdetail attribution="Reuters BIP Coding Group" action="confirmed" date="1997-05-22"/>
  </code>
</codes>
<codes class="bip:topics:1.0">
  <code code="C18">
    <editdetail attribution="Reuters BIP Coding Group" action="confirmed" date="1997-05-22"/>
  </code>
  <code code="C181">
    <editdetail attribution="Reuters BIP Coding Group" action="confirmed" date="1997-05-22"/>
  </code>
  <code code="CCAT">
    <editdetail attribution="Reuters BIP Coding Group" action="confirmed" date="1997-05-22"/>
  </code>
</codes>
<dc element="dc.date.created" value="1997-05-22"/>
<dc element="dc.publisher" value="Reuters Holdings Plc"/>
<dc element="dc.date.published" value="1997-05-22"/>
<dc element="dc.source" value="Reuters"/>
<dc element="dc.creator.location" value="SOMERSET, N.J."/>
<dc element="dc.creator.location.country.name" value="USA"/>
<dc element="dc.source" value="Reuters"/>
</metadata>
</newsitem>
