<?xml version="1.0" encoding="iso-8859-1" ?>
<newsitem itemid="604269" id="root" date="1997-05-22" xml:lang="en">
<title>USA: Arrow gets adverse court ruling.</title>
<headline>Arrow gets adverse court ruling.</headline>
<dateline>PORTLAND, Ore 1997-05-22</dateline>
<text>
<p>Arrow Transportation Co said Thursday it had received an adverse ruling from the U.S. District Court for the District of Oregon in an action brought against it by Sal Cincotta, its former chief executive.</p>
<p>Arrow said the ruling followed the company's appeal of a magistrate's findings and recommendation in favor of Cincotta, who filed his action against the company for breach of an employment agreement.</p>
<p>Arrow said Cincotta is seeking about $500,000 in damages.</p>
<p>It said the District Court judge adopted the magistrate's findings and recommendation that Cincotta's motion for summary judgment on all claims be granted.</p>
<p>The company said it is considering whether to appeal the order or whether to pursue settlement discussions with Cincotta.</p>
</text>
<copyright>(c) Reuters Limited 1997</copyright>
<metadata>
<codes class="bip:countries:1.0">
  <code code="USA">
    <editdetail attribution="Reuters BIP Coding Group" action="confirmed" date="1997-05-22"/>
  </code>
</codes>
<codes class="bip:industries:1.0">
  <code code="I72300">
    <editdetail attribution="Reuters BIP Coding Group" action="confirmed" date="1997-05-22"/>
  </code>
</codes>
<codes class="bip:topics:1.0">
  <code code="C12">
    <editdetail attribution="Reuters BIP Coding Group" action="confirmed" date="1997-05-22"/>
  </code>
  <code code="CCAT">
    <editdetail attribution="Reuters BIP Coding Group" action="confirmed" date="1997-05-22"/>
  </code>
  <code code="GCAT">
    <editdetail attribution="Reuters BIP Coding Group" action="confirmed" date="1997-05-22"/>
  </code>
  <code code="GCRIM">
    <editdetail attribution="Reuters BIP Coding Group" action="confirmed" date="1997-05-22"/>
  </code>
</codes>
<dc element="dc.date.created" value="1997-05-22"/>
<dc element="dc.publisher" value="Reuters Holdings Plc"/>
<dc element="dc.date.published" value="1997-05-22"/>
<dc element="dc.source" value="Reuters"/>
<dc element="dc.creator.location" value="PORTLAND, Ore"/>
<dc element="dc.creator.location.country.name" value="USA"/>
<dc element="dc.source" value="Reuters"/>
</metadata>
</newsitem>
