<?xml version="1.0" encoding="iso-8859-1" ?>
<newsitem itemid="604297" id="root" date="1997-05-22" xml:lang="en">
<title>USA: Roy Weston CEO, 2 other executives resign.</title>
<headline>Roy Weston CEO, 2 other executives resign.</headline>
<dateline>WEST CHESTER, Pa. 1997-05-22</dateline>
<text>
<p>Roy F. Weston Inc said Thursday that its president and chief executive officer, William J. Marrazzo, has resigned effective May 23.</p>
<p>The company said Marazzo resigned &quot;to provide the newly-elected Weston board of directors with maximum flexibility in its stated intention of redefining the company's strategy.&quot;  </p>
<p>An interim replacement is expected to be named by the board of directors at its annual shareholders meeting, May 23, the company said.</p>
<p>The company also said that Peter Marks, chief operating officer, and M. Christine Murphy, chief financial officer, have also resigned. Both it said, left for the same reason as Marrazzo.</p>
<p>William Mecaughey, currently corporate controller, has been named to replace Murphy. No replacement for Marks was announced.  </p>
<p>Weston is an environmental services firm engaged in consulting, engineering and design, environmental construction and facilities business systems outsourcing for public and private sector clients.</p>
<p>The company reported a loss of $16.7 million, or $1.74 per share, on revenues of $263.3 million in 1996, with most of the loss attributable to restructuring charges.</p>
</text>
<copyright>(c) Reuters Limited 1997</copyright>
<metadata>
<codes class="bip:countries:1.0">
  <code code="USA">
    <editdetail attribution="Reuters BIP Coding Group" action="confirmed" date="1997-05-22"/>
  </code>
</codes>
<codes class="bip:industries:1.0">
  <code code="I83700">
    <editdetail attribution="Reuters BIP Coding Group" action="confirmed" date="1997-05-22"/>
  </code>
</codes>
<codes class="bip:topics:1.0">
  <code code="C41">
    <editdetail attribution="Reuters BIP Coding Group" action="confirmed" date="1997-05-22"/>
  </code>
  <code code="C411">
    <editdetail attribution="Reuters BIP Coding Group" action="confirmed" date="1997-05-22"/>
  </code>
  <code code="CCAT">
    <editdetail attribution="Reuters BIP Coding Group" action="confirmed" date="1997-05-22"/>
  </code>
</codes>
<dc element="dc.date.created" value="1997-05-22"/>
<dc element="dc.publisher" value="Reuters Holdings Plc"/>
<dc element="dc.date.published" value="1997-05-22"/>
<dc element="dc.source" value="Reuters"/>
<dc element="dc.creator.location" value="WEST CHESTER, Pa."/>
<dc element="dc.creator.location.country.name" value="USA"/>
<dc element="dc.source" value="Reuters"/>
</metadata>
</newsitem>
