<?xml version="1.0" encoding="iso-8859-1" ?>
<newsitem itemid="604250" id="root" date="1997-05-22" xml:lang="en">
<title>CANADA: Numac CEO says turnaround well under way.</title>
<headline>Numac CEO says turnaround well under way.</headline>
<dateline>CALGARY 1997-05-22</dateline>
<text>
<p>Numac Energy Inc expected higher cash flow, earnings and production in 1997, a signal that its long-awaited turnaround was well under way, Chief Executive Stewart McGregor said on Thursday.</p>
<p>Numac, until recently speculated to be a takeover target, was projected to post 1997 cash flow of C$135 million or C$1.40 a share, up from C$122 million or C$1.30 a share last year, McGregor told the annual meeting.</p>
<p>Earnings were projected at C$18 million or C$0.19 a share, up from C$17 million or C$0.18 a share in 1996, he said.  </p>
<p>Oil and gas liquids production was on target to average 20,700 barrels a day in 1997, up from 18,860 in 1996, he said.</p>
<p>Average natural gas output was estimated at 155 million cubic feet a day, a jump from 129 million last year, due largely to the company's C$133.6 million acquisition of Wainoco Oil Corp's Canadian assets earlier this month.</p>
<p>McGregor said, however, that Numac's turnaround -- fueled by a strategic shift to lower-risk projects -- had yet to be recognized by much of the investment community, resulting in its lackluster stock market performance.  </p>
<p>The company has had a difficult time convincing analysts that it was recovering after a devastating 1995 that culminated in a C$179 million net loss, mostly from a big writedown of its reserves value.</p>
<p>The poor performance led to industry speculation that its major shareholder, a consortium of Hong Kong-based investors that holds 52 percent of the company, was aiming to put the company on the auction block.</p>
<p>&quot;Historically, the company's performance has...caused the investment community to lose interest in the company to some extent. We've kind of been forgotten,&quot; McGregor said.  </p>
<p>&quot;I think it's a matter of clearly demonstrating that we are on the right track, that we are capable of adding reserves and production efficiently -- we're starting to show that,&quot; he said.</p>
<p>Numac shares were up 0.05 to 5.80 today in Toronto, about midway between its year low of 5.20 and high of 6.45.</p>
<p>McGregor said the stock price, which represented a multiple of just more than four times cash flow, valued the company below its net asset value.</p>
<p>He pegged Numac's value at C$6.75 a share using a 15 percent after-tax discount rate.</p>
<p>Much of the company's production growth over the next two years was expected to come from its Manitokan heavy oil play in Alberta, site of a multi-well drilling program, McGregor said.</p>
<p>Production at Manitokan, currently 1,900 barrels a day, was slated to rise to rise to 5,000 barrels a day in 1998 and 10,000 in 1999 by drilling 100 slant wells a year, he said.</p>
<p>About C$40 million of Numac's C$150 million 1997 capital budget was slated to be spent on the project.</p>
<p>The Wainoco purchase, which added production and acreage in northeast British Columbia and in Alberta, was expected to account for C$0.14 a share in cash flow and C$0.05 a share in earnings this year on an annualized basis, he said.</p>
<p>The company also hoped to net C$30 million from various non-core property sales this year, which would be targeted to reducing long-term debt to 1.5 times 1997 cash flow from the current 2.1 times, McGregor said.</p>
<p>((Jeffrey Jones, Reuters Calgary Bureau (403) 531-1624))</p>
</text>
<copyright>(c) Reuters Limited 1997</copyright>
<metadata>
<codes class="bip:countries:1.0">
  <code code="CANA">
    <editdetail attribution="Reuters BIP Coding Group" action="confirmed" date="1997-05-22"/>
  </code>
</codes>
<codes class="bip:industries:1.0">
  <code code="I13000">
    <editdetail attribution="Reuters BIP Coding Group" action="confirmed" date="1997-05-22"/>
  </code>
  <code code="I1300003">
    <editdetail attribution="Reuters BIP Coding Group" action="confirmed" date="1997-05-22"/>
  </code>
</codes>
<codes class="bip:topics:1.0">
  <code code="C15">
    <editdetail attribution="Reuters BIP Coding Group" action="confirmed" date="1997-05-22"/>
  </code>
  <code code="C152">
    <editdetail attribution="Reuters BIP Coding Group" action="confirmed" date="1997-05-22"/>
  </code>
  <code code="CCAT">
    <editdetail attribution="Reuters BIP Coding Group" action="confirmed" date="1997-05-22"/>
  </code>
</codes>
<dc element="dc.date.created" value="1997-05-22"/>
<dc element="dc.publisher" value="Reuters Holdings Plc"/>
<dc element="dc.date.published" value="1997-05-22"/>
<dc element="dc.source" value="Reuters"/>
<dc element="dc.creator.location" value="CALGARY"/>
<dc element="dc.creator.location.country.name" value="CANADA"/>
<dc element="dc.source" value="Reuters"/>
</metadata>
</newsitem>
