<?xml version="1.0" encoding="iso-8859-1" ?>
<newsitem itemid="604281" id="root" date="1997-05-22" xml:lang="en">
<title>USA: IQ Software Q1 April 30 net falls.</title>
<headline>IQ Software Q1 April 30 net falls.</headline>
<dateline>ATLANTA 1997-05-22</dateline>
<text>
<p>(in thousands, except share amounts)</p>
<p>						     1997		1996</p>
<p>Revenues:</p>
<p>  License fees				 $3,802	    $4,109</p>
<p>  Service fees				  2,179	     1,798</p>
<p> Total					    5,981	     5,907</p>
<p>Operating expenses:</p>
<p>  Cost of revenues			    1,051	     1,035</p>
<p>  Development				     518		 498</p>
<p>  Selling					 3,064	     2,597</p>
<p>  General and administrative		1,025	     1,069</p>
<p> Total operating expenses		   5,658	     5,199</p>
<p> Operating income				 323		 708</p>
<p> Investment income, net			 125		 108</p>
<p> Income before income taxes		   448		 816</p>
<p> Income taxes					45		 224</p>
<p> Net income					 403		 592</p>
<p> Net income per share			  0.09		0.13</p>
<p>Weighted average number of common and</p>
<p>  common equivalent shares outstanding  4,700	     4,648</p>
<p>-- New York Newsdesk 212 859-1610</p>
</text>
<copyright>(c) Reuters Limited 1997</copyright>
<metadata>
<codes class="bip:countries:1.0">
  <code code="USA">
    <editdetail attribution="Reuters BIP Coding Group" action="confirmed" date="1997-05-22"/>
  </code>
</codes>
<codes class="bip:industries:1.0">
  <code code="I33020">
    <editdetail attribution="Reuters BIP Coding Group" action="confirmed" date="1997-05-22"/>
  </code>
  <code code="I3302021">
    <editdetail attribution="Reuters BIP Coding Group" action="confirmed" date="1997-05-22"/>
  </code>
</codes>
<codes class="bip:topics:1.0">
  <code code="C15">
    <editdetail attribution="Reuters BIP Coding Group" action="confirmed" date="1997-05-22"/>
  </code>
  <code code="C151">
    <editdetail attribution="Reuters BIP Coding Group" action="confirmed" date="1997-05-22"/>
  </code>
  <code code="CCAT">
    <editdetail attribution="Reuters BIP Coding Group" action="confirmed" date="1997-05-22"/>
  </code>
</codes>
<dc element="dc.date.created" value="1997-05-22"/>
<dc element="dc.publisher" value="Reuters Holdings Plc"/>
<dc element="dc.date.published" value="1997-05-22"/>
<dc element="dc.source" value="Reuters"/>
<dc element="dc.creator.location" value="ATLANTA"/>
<dc element="dc.creator.location.country.name" value="USA"/>
<dc element="dc.source" value="Reuters"/>
</metadata>
</newsitem>
