<?xml version="1.0" encoding="iso-8859-1" ?>
<newsitem itemid="604348" id="root" date="1997-05-22" xml:lang="en">
<title>USA: Puma Technology Inc Q3 shr profit vs loss.</title>
<headline>Puma Technology Inc Q3 shr profit vs loss.</headline>
<dateline>SAN JOSE, Calif. 1997-05-22</dateline>
<text>
<p>PUMA TECHNOLOGY, INC.</p>
<p>		 CONDENSED CONSOLIDATED STATEMENT OF OPERATIONS</p>
<p>			 (in thousands, except per share data)</p>
<p>				(Unaudited)</p>
<p>				THREE MONTHS ENDED  NINE MONTHS ENDED</p>
<p>					APRIL 30,	APRIL 30,</p>
<p>				1997   1996(a)	1997     1996(b)</p>
<p> Revenue		  $4,325    $2,101   $11,151	 $5,005</p>
<p> Cost of revenue	   534	 142     1,186	    362</p>
<p> Gross profit	    3,791     1,959     9,965	  4,643</p>
<p>Operating expenses:</p>
<p>Research and</p>
<p>   development	   1,610	 750     4,240	  2,112</p>
<p>  Sales and marketing  1,046	 652     2,804	  1,411</p>
<p>General and</p>
<p>   administrative	  460	 236     1,392	    628</p>
<p>In-process research and</p>
<p>   development		--     2,680	  --	  2,680</p>
<p>Total operating</p>
<p>	expenses	   3,116     4,318     8,436	  6,831</p>
<p> Operating income	  675   (2,359)     1,529	(2,188)</p>
<p>Interest and other</p>
<p>   income, net	     292	  18	 486	     74</p>
<p>Income before income</p>
<p>   taxes		     967   (2,341)     2,015	(2,114)</p>
<p>Provision for income</p>
<p>   taxes		   (339)     (151)     (706)	  (376)</p>
<p> Net income		  628   (2,492)     1,309	(2,490)</p>
<p> Net income per share   0.05    (0.26)	0.11	$(0.26)</p>
<p>Shares used in per share</p>
<p>  calculation	   12,752     9,488    11,579	  9,463</p>
<p>(a)  Excluding the impact of in-process research and development, the net income and pro forma net income per share for the quarter ended April 30, 1996 would have been $188,000 and $0.02 per share, respectively.</p>
<p>(b)  Excluding the impact of in-process research and development, the net income and pro forma net income per share for the nine months ended April 30, 1996 would have been $190,000 and $0.02 per share respectively.</p>
</text>
<copyright>(c) Reuters Limited 1997</copyright>
<metadata>
<codes class="bip:countries:1.0">
  <code code="USA">
    <editdetail attribution="Reuters BIP Coding Group" action="confirmed" date="1997-05-22"/>
  </code>
</codes>
<codes class="bip:industries:1.0">
  <code code="I33020">
    <editdetail attribution="Reuters BIP Coding Group" action="confirmed" date="1997-05-22"/>
  </code>
  <code code="I3302021">
    <editdetail attribution="Reuters BIP Coding Group" action="confirmed" date="1997-05-22"/>
  </code>
</codes>
<codes class="bip:topics:1.0">
  <code code="C15">
    <editdetail attribution="Reuters BIP Coding Group" action="confirmed" date="1997-05-22"/>
  </code>
  <code code="C151">
    <editdetail attribution="Reuters BIP Coding Group" action="confirmed" date="1997-05-22"/>
  </code>
  <code code="CCAT">
    <editdetail attribution="Reuters BIP Coding Group" action="confirmed" date="1997-05-22"/>
  </code>
</codes>
<dc element="dc.date.created" value="1997-05-22"/>
<dc element="dc.publisher" value="Reuters Holdings Plc"/>
<dc element="dc.date.published" value="1997-05-22"/>
<dc element="dc.source" value="Reuters"/>
<dc element="dc.creator.location" value="SAN JOSE, Calif."/>
<dc element="dc.creator.location.country.name" value="USA"/>
<dc element="dc.source" value="Reuters"/>
</metadata>
</newsitem>
