<?xml version="1.0" encoding="iso-8859-1" ?>
<newsitem itemid="604384" id="root" date="1997-05-22" xml:lang="en">
<title>USA: Bio-Logic sees Q4 EPS $0.06-$0.09 range.</title>
<headline>Bio-Logic sees Q4 EPS $0.06-$0.09 range.</headline>
<dateline>CHICAGO 1997-05-22</dateline>
<text>
<p>Bio-Logic Systems Corp said Thursday it expects to report earnings for its fiscal fourth quarter ended February 28 in the range of $0.06 to $0.09 per share, up from $0.03 per share in the year-ago period.</p>
<p>&quot;We'll be between $0.06 and $0.09 for the fourth quarter versus $0.03 a year ago,&quot; said chief executive Gabriel Raviv in an interview with Reuters.</p>
<p>The maker of medical diagnostic equipment said it expects earnings for the fiscal year to be above $0.15 per share, compared to $0.21 per share last year.</p>
<p>Bio-Logic shares were up 1/8 to 3-1/8.  </p>
<p>Raviv said Bio-Logic projects fiscal 1997 revenues to come in slightly below $15 million, versus $14.6 million in fiscal 1996. &quot;We'll be just under $15 million (in revenues) for the year. And we'll be above $0.15 a share for the year versus $0.21 last year,&quot; Raviv said, adding the company expects to report final fourth-quarter and year-end results next week.</p>
<p>As for the current first quarter, Raviv said, &quot;We're definitely going to have a better quarter than the year before.&quot;  </p>
<p>Bio-Logic is ramping up sales and production of its new AuDX hearing test device, which was launched last month.</p>
<p>The AuDX is a hand-held device that tests the acoustics of the inner ear with sound waves. Meant as a screening device for finding people who might need more thorough hearing exams, the AuDX is especially well-suited for use with children who cannot understand traditional hearing tests, Raviv said.</p>
<p>Bio-Logic makes other hearing test devices, as well as devices for intraoperative monitoring, sensory and sleep disorder testing and electroencephalography.</p>
<p>((--Kevin Drawbaugh, Chicago Newsdesk 312-408-8787))</p>
</text>
<copyright>(c) Reuters Limited 1997</copyright>
<metadata>
<codes class="bip:countries:1.0">
  <code code="USA">
    <editdetail attribution="Reuters BIP Coding Group" action="confirmed" date="1997-05-22"/>
  </code>
</codes>
<codes class="bip:industries:1.0">
  <code code="I37200">
    <editdetail attribution="Reuters BIP Coding Group" action="confirmed" date="1997-05-22"/>
  </code>
</codes>
<codes class="bip:topics:1.0">
  <code code="C15">
    <editdetail attribution="Reuters BIP Coding Group" action="confirmed" date="1997-05-22"/>
  </code>
  <code code="C152">
    <editdetail attribution="Reuters BIP Coding Group" action="confirmed" date="1997-05-22"/>
  </code>
  <code code="CCAT">
    <editdetail attribution="Reuters BIP Coding Group" action="confirmed" date="1997-05-22"/>
  </code>
</codes>
<dc element="dc.date.created" value="1997-05-22"/>
<dc element="dc.publisher" value="Reuters Holdings Plc"/>
<dc element="dc.date.published" value="1997-05-22"/>
<dc element="dc.source" value="Reuters"/>
<dc element="dc.creator.location" value="CHICAGO"/>
<dc element="dc.creator.location.country.name" value="USA"/>
<dc element="dc.source" value="Reuters"/>
</metadata>
</newsitem>
