<?xml version="1.0" encoding="iso-8859-1" ?>
<newsitem itemid="604357" id="root" date="1997-05-22" xml:lang="en">
<title>USA: Fannie Mae sees little change in 1997 EPS.</title>
<headline>Fannie Mae sees little change in 1997 EPS.</headline>
<dateline>WASHINGTON 1997-05-22</dateline>
<text>
<p>Fannie Mae said Thursday it expects very little change in its earnings per share growth for 1997 as long as interest rates remain steady.</p>
<p>&quot;Our expectations for the year is that within a reasonable range we will have very little change in our net interest income or EPS growth for 1997,&quot; said Tim Howard, executive vice president and chief financial officer for Fannie Mae.</p>
<p>Howard told reporters after an investor conference the expectations were based on interest rates remaining in a reasonable range of plus or minus 150 basis points.  </p>
<p>Last month Fannie Mae reported earnings for the first quarter of 1997 at $734.1 million or $0.67 per common share. This compares with earnings of $654.2 million or $0.59 per common share for the first quarter of 1996.</p>
<p>Howard said he does not expect Fannie Mae to have any difficulty &quot;continuing to add to our strength in double-digit growth in earnings per share&quot; in 1998.</p>
<p>Fannie Mae did not issue a forecast for the second quarter of 1997.</p>
</text>
<copyright>(c) Reuters Limited 1997</copyright>
<metadata>
<codes class="bip:countries:1.0">
  <code code="USA">
    <editdetail attribution="Reuters BIP Coding Group" action="confirmed" date="1997-05-22"/>
  </code>
</codes>
<codes class="bip:industries:1.0">
  <code code="I81501">
    <editdetail attribution="Reuters BIP Coding Group" action="confirmed" date="1997-05-22"/>
  </code>
  <code code="I8150103">
    <editdetail attribution="Reuters BIP Coding Group" action="confirmed" date="1997-05-22"/>
  </code>
</codes>
<codes class="bip:topics:1.0">
  <code code="C15">
    <editdetail attribution="Reuters BIP Coding Group" action="confirmed" date="1997-05-22"/>
  </code>
  <code code="C152">
    <editdetail attribution="Reuters BIP Coding Group" action="confirmed" date="1997-05-22"/>
  </code>
  <code code="CCAT">
    <editdetail attribution="Reuters BIP Coding Group" action="confirmed" date="1997-05-22"/>
  </code>
</codes>
<dc element="dc.date.created" value="1997-05-22"/>
<dc element="dc.publisher" value="Reuters Holdings Plc"/>
<dc element="dc.date.published" value="1997-05-22"/>
<dc element="dc.source" value="Reuters"/>
<dc element="dc.creator.location" value="WASHINGTON"/>
<dc element="dc.creator.location.country.name" value="USA"/>
<dc element="dc.source" value="Reuters"/>
</metadata>
</newsitem>
