<?xml version="1.0" encoding="iso-8859-1" ?>
<newsitem itemid="604322" id="root" date="1997-05-22" xml:lang="en">
<title>USA: Triarc says Snapple buy made unit IPO moot.</title>
<headline>Triarc says Snapple buy made unit IPO moot.</headline>
<dateline>NEW YORK 1997-05-22</dateline>
<text>
<p>Triarc Cos Inc said on Thursday that it chose not to proceed with its partial initial public offering because its purchase of Snapple Beverage Corp accomplished the same objective, repositioning Triarc as primarily a beverage company.</p>
<p>&quot;Last October we were a holding company with some beverage operations,&quot; Triarc spokesman Martin Shea said in an interview. &quot;Today we're a beverage company, with propane and some other assets.&quot;</p>
<p>After the announcement, Triarc shares closed up 5/8 to 22-3/4, a new year high.</p>
<p>Triarc in October 1996 announced plans for a partial initial public offering of its food and beverage businesses. Then in March it agreed to buy Snapple from Quaker Oats Co for $300 million in cash.</p>
<p>At that point, Standard &amp; Poor's said it decided to leave some Triarc unit debt ratings on Creditwatch, where they had been placed after Triarc announced its planned offering.</p>
<p>Standard &amp; Poor's said on April 1 that the CreditWatch listing reflected uncertainty as to the amount and future application of the proceeds from the offering, or to how the new consumer products company would be capitalized.</p>
<p>More recently, Oppenheimer &amp; Co on May 6 downgraded Triarc to market perform from outperform.</p>
<p>On Thursday, the company said it completed the Snapple purchase and abandoned its plans for the offering.</p>
<p>Shea said Snapple's 1996 sales were $550 million, while Triarc's Mistic and Royal Crown beverage businesses together totalled $310 million.</p>
<p>Adding Snapple &quot;just changes the dynamic,&quot; he said.</p>
<p>Besides its beverage and Arby's restaurant businesses, Triarc has annual sales of $71 million in specialty dyes and chemicals, and an equity interest in liquefied petroleum gas.</p>
</text>
<copyright>(c) Reuters Limited 1997</copyright>
<metadata>
<codes class="bip:countries:1.0">
  <code code="USA">
    <editdetail attribution="Reuters BIP Coding Group" action="confirmed" date="1997-05-22"/>
  </code>
</codes>
<codes class="bip:industries:1.0">
  <code code="I41000">
    <editdetail attribution="Reuters BIP Coding Group" action="confirmed" date="1997-05-22"/>
  </code>
  <code code="I83960">
    <editdetail attribution="Reuters BIP Coding Group" action="confirmed" date="1997-05-22"/>
  </code>
</codes>
<codes class="bip:topics:1.0">
  <code code="C17">
    <editdetail attribution="Reuters BIP Coding Group" action="confirmed" date="1997-05-22"/>
  </code>
  <code code="C171">
    <editdetail attribution="Reuters BIP Coding Group" action="confirmed" date="1997-05-22"/>
  </code>
  <code code="C18">
    <editdetail attribution="Reuters BIP Coding Group" action="confirmed" date="1997-05-22"/>
  </code>
  <code code="C181">
    <editdetail attribution="Reuters BIP Coding Group" action="confirmed" date="1997-05-22"/>
  </code>
  <code code="CCAT">
    <editdetail attribution="Reuters BIP Coding Group" action="confirmed" date="1997-05-22"/>
  </code>
</codes>
<dc element="dc.date.created" value="1997-05-22"/>
<dc element="dc.publisher" value="Reuters Holdings Plc"/>
<dc element="dc.date.published" value="1997-05-22"/>
<dc element="dc.source" value="Reuters"/>
<dc element="dc.creator.location" value="NEW YORK"/>
<dc element="dc.creator.location.country.name" value="USA"/>
<dc element="dc.source" value="Reuters"/>
</metadata>
</newsitem>
