<?xml version="1.0" encoding="iso-8859-1" ?>
<newsitem itemid="604383" id="root" date="1997-05-22" xml:lang="en">
<title>USA: Microleague Q1 net loss widens.</title>
<headline>Microleague Q1 net loss widens.</headline>
<dateline>LANCASTER, Pa. 1997-05-22</dateline>
<text>
<p>1997			1996</p>
<p> Shr loss		   $0.12     loss	 $0.13</p>
<p> Net loss		     527     loss	   371</p>
<p> Revs			 1,191			814</p>
<p> Avg shrs		   4,373		    2,938</p>
<p>(All data above 000s except per share numbers)</p>
<p>NOTE: Full name is Microleague Multimedia Inc.</p>
</text>
<copyright>(c) Reuters Limited 1997</copyright>
<metadata>
<codes class="bip:countries:1.0">
  <code code="USA">
    <editdetail attribution="Reuters BIP Coding Group" action="confirmed" date="1997-05-22"/>
  </code>
</codes>
<codes class="bip:industries:1.0">
  <code code="I33020">
    <editdetail attribution="Reuters BIP Coding Group" action="confirmed" date="1997-05-22"/>
  </code>
  <code code="I3302021">
    <editdetail attribution="Reuters BIP Coding Group" action="confirmed" date="1997-05-22"/>
  </code>
</codes>
<codes class="bip:topics:1.0">
  <code code="C15">
    <editdetail attribution="Reuters BIP Coding Group" action="confirmed" date="1997-05-22"/>
  </code>
  <code code="C151">
    <editdetail attribution="Reuters BIP Coding Group" action="confirmed" date="1997-05-22"/>
  </code>
  <code code="CCAT">
    <editdetail attribution="Reuters BIP Coding Group" action="confirmed" date="1997-05-22"/>
  </code>
</codes>
<dc element="dc.date.created" value="1997-05-22"/>
<dc element="dc.publisher" value="Reuters Holdings Plc"/>
<dc element="dc.date.published" value="1997-05-22"/>
<dc element="dc.source" value="Reuters"/>
<dc element="dc.creator.location" value="LANCASTER, Pa."/>
<dc element="dc.creator.location.country.name" value="USA"/>
<dc element="dc.source" value="Reuters"/>
</metadata>
</newsitem>
