<?xml version="1.0" encoding="iso-8859-1" ?>
<newsitem itemid="604300" id="root" date="1997-05-22" xml:lang="en">
<title>USA: Continental says mediator named in talks.</title>
<headline>Continental says mediator named in talks.</headline>
<dateline>HOUSTON 1997-05-22</dateline>
<text>
<p>Continental Airlines Inc on Thursday said the National Mediation Board assigned Harry Bickford as mediator in the contract negotiations with its pilots union.</p>
<p>Continental said the airline and the Independent Association of Continental Pilots had requested mediation after its offer of a double-digit pay increase over six years was rejected by the union, which said the proposal would leave wages below industry standards.  </p>
<p>Bickford had mediated a contract settlement between Continental and its pilots two years ago. That agreement gave the pilots a 19 percent wage increase over two years and $30 million in lump sum payments, Continental said.</p>
<p>The pilots' current contract with Continental, the nation's fifth-largest airline, becomes amendable on June 30.</p>
<p>Michael Campbell, Continental's human resources and labor relations chief, on Thursday said the airline was confident that with the assistance of Bickford, the company and its pilots would be able to reach early resolution of contract issues.</p>
</text>
<copyright>(c) Reuters Limited 1997</copyright>
<metadata>
<codes class="bip:countries:1.0">
  <code code="USA">
    <editdetail attribution="Reuters BIP Coding Group" action="confirmed" date="1997-05-22"/>
  </code>
</codes>
<codes class="bip:industries:1.0">
  <code code="I75000">
    <editdetail attribution="Reuters BIP Coding Group" action="confirmed" date="1997-05-22"/>
  </code>
</codes>
<codes class="bip:topics:1.0">
  <code code="C42">
    <editdetail attribution="Reuters BIP Coding Group" action="confirmed" date="1997-05-22"/>
  </code>
  <code code="CCAT">
    <editdetail attribution="Reuters BIP Coding Group" action="confirmed" date="1997-05-22"/>
  </code>
  <code code="E41">
    <editdetail attribution="Reuters BIP Coding Group" action="confirmed" date="1997-05-22"/>
  </code>
  <code code="ECAT">
    <editdetail attribution="Reuters BIP Coding Group" action="confirmed" date="1997-05-22"/>
  </code>
  <code code="GCAT">
    <editdetail attribution="Reuters BIP Coding Group" action="confirmed" date="1997-05-22"/>
  </code>
  <code code="GJOB">
    <editdetail attribution="Reuters BIP Coding Group" action="confirmed" date="1997-05-22"/>
  </code>
</codes>
<dc element="dc.date.created" value="1997-05-22"/>
<dc element="dc.publisher" value="Reuters Holdings Plc"/>
<dc element="dc.date.published" value="1997-05-22"/>
<dc element="dc.source" value="Reuters"/>
<dc element="dc.creator.location" value="HOUSTON"/>
<dc element="dc.creator.location.country.name" value="USA"/>
<dc element="dc.source" value="Reuters"/>
</metadata>
</newsitem>
