<?xml version="1.0" encoding="iso-8859-1" ?>
<newsitem itemid="604376" id="root" date="1997-05-22" xml:lang="en">
<title>USA: Hewlett-Packard slips after analyst meeting.</title>
<headline>Hewlett-Packard slips after analyst meeting.</headline>
<dateline>PALO ALTO, Calif. 1997-05-22</dateline>
<text>
<p>Shares of Hewlett-Packard Co. slipped after analysts emerged from a meeting with senior executives in New York on Thursday saying there were few new developments and the company's tone was cautious.</p>
<p>&quot;There was no real incremental news,&quot; one trader said after the meeting broke up. &quot;They tried to put a positive spin on the second half (of the company's fiscal year).&quot;</p>
<p>HP shares were down 1-1/4 at 52-3/4 in late exchange trade.</p>
<p>Analysts said HP Chairman and CEO Lewis Platt's message was cautious although he has more favorable comparisons in the fiscal second half when performance was weak a year ago.  </p>
<p>But analysts and traders said little emerged from the meeting that would prompt them to change earnings estimates beyond what was said in the company's second quarter conference call a week ago, after HP disappointed Wall Street with eight percent revenue growth and a slow three percent rise in orders.</p>
<p>Fully 18 of the 20 analysts polled by First Call have already reduced their fiscal 1997 estimates in the last week and 15 analysts also pared their fiscal 1998 estimates.  </p>
<p>&quot;All I can tell you is that Lew was comfortable that this too will pass,&quot; said ABN AMRO Chicago Corp analyst David Wu.</p>
<p>&quot;He obviously has been there before -- he's been behind the 8-ball before,&quot; added Wu, who a year ago downgraded the stock after the company's blockbuster fiscal 1996 second quarter and who upgraded his rating on HP to a &quot;buy&quot; last week on the view Wall Street was under-valuing HP's second half potential.</p>
<p>&quot;The numbers he had in the first half of last year were artifically high, the numbers he's getting in the first half of this year they were articially low,&quot; Wu said. &quot;I think Lew's going to come back. I'll bet on his company. I think his business is stronger than it looks at first glance.&quot;</p>
<p>A spokeswoman for Hewlett-Packard, which reshuffled senior management in its computer group earlier this week and was announcing new high-end computers later in the day, said HP had reported no significant new developments at the meeting.</p>
<p>(sam.perry@reuters.com, in Palo Alto, +1 415 846 5400)</p>
</text>
<copyright>(c) Reuters Limited 1997</copyright>
<metadata>
<codes class="bip:countries:1.0">
  <code code="USA">
    <editdetail attribution="Reuters BIP Coding Group" action="confirmed" date="1997-05-22"/>
  </code>
</codes>
<codes class="bip:industries:1.0">
  <code code="I33020">
    <editdetail attribution="Reuters BIP Coding Group" action="confirmed" date="1997-05-22"/>
  </code>
  <code code="I3302003">
    <editdetail attribution="Reuters BIP Coding Group" action="confirmed" date="1997-05-22"/>
  </code>
</codes>
<codes class="bip:topics:1.0">
  <code code="C15">
    <editdetail attribution="Reuters BIP Coding Group" action="confirmed" date="1997-05-22"/>
  </code>
  <code code="C152">
    <editdetail attribution="Reuters BIP Coding Group" action="confirmed" date="1997-05-22"/>
  </code>
  <code code="CCAT">
    <editdetail attribution="Reuters BIP Coding Group" action="confirmed" date="1997-05-22"/>
  </code>
</codes>
<dc element="dc.date.created" value="1997-05-22"/>
<dc element="dc.publisher" value="Reuters Holdings Plc"/>
<dc element="dc.date.published" value="1997-05-22"/>
<dc element="dc.source" value="Reuters"/>
<dc element="dc.creator.location" value="PALO ALTO, Calif."/>
<dc element="dc.creator.location.country.name" value="USA"/>
<dc element="dc.source" value="Reuters"/>
</metadata>
</newsitem>
