<?xml version="1.0" encoding="iso-8859-1" ?>
<newsitem itemid="604380" id="root" date="1997-05-22" xml:lang="en">
<title>USA: INTERVIEW - Boeing confident EU will OK deal.</title>
<headline>INTERVIEW - Boeing confident EU will OK deal.</headline>
<byline>Martin Wolk</byline>
<dateline>SEATTLE 1997-05-22</dateline>
<text>
<p>A Boeing Co. executive said on Thursday he remains confident the European Commission will approve the company's planned acquisition of McDonnell Douglas Corp despite the commission's stated objections.</p>
<p>Raymond Waldmann, Boeing vice president for international business, said he did not know how the aerospace giant would proceed if the U.S. Federal Trade Commission approves the deal but the governing body of the European Union rejects it or withholds approval.  </p>
<p>&quot;We hope we don't get to that,&quot; Waldmann said. &quot;We do think both sides will approve the merger -- that is still the most likely outcome.&quot;</p>
<p>Late Wednesday Boeing received a formal document from the EU outlining objections to the merger, most of which had been well publicized previously in speeches and public statements by European Competition Commissioner Karel Van Miert.</p>
<p>Waldmann questioned whether the EU has jurisdiction to block the deal, which he characterized as primarily a combination of two U.S. defense contractors.  </p>
<p>&quot;That's essentially how we view this,&quot; he said. &quot;That's the rationale for this -- to combine our future programs on the defense side with McDonnell Douglas' current programs.&quot;</p>
<p>A Boeing position paper, prepared before the the EU's 44-page &quot;statement of objections&quot; was delivered, declares that any effort by the European Commission to block the planned $14 billion merger would raise &quot;serious&quot; issues of jurisdiction.  </p>
<p>&quot;EC enforcement action against the merger in this case would contradict both the spirit and the letter&quot; of a 1991 agreement between the European Union and the United States on application of competition laws, Boeing said in the 13-page position paper, made available on Thursday.</p>
<p>&quot;The merger is so clearly a United States transaction that it would be contrary to reasonable expectations for the EC to take enforcement action,&quot; Boeing said.  </p>
<p>Boeing said in its position paper that based on the 1991 agreement, &quot;it is clear that the merger involves important interests of the United States that would be jeopardized if the EC were to take action.&quot;</p>
<p>&quot;Waldmann did not rule out the possibility of negotiating with the EU.</p>
<p>&quot;We know the commission has operated in that mode before,&quot; he said. When Boeing Chairman and Chief Executive Phil Condit met with Van Miert in March, the European official repeatedly said &quot;it is up to the company to suggest remedies for issues,&quot; Waldmann said.</p>
<p>He said Boeing had not yet decided on a whether to offer any such remedies but would file a written response to the EU objections in about two weeks.</p>
<p>&quot;This is just part of their process.&quot; Waldmann said. &quot;It's like an indictment in a criminal trial, but it's not a decision.&quot;</p>
<p>A formal hearing is scheduled to be held in Brussels June 12 and June 13 and the commission is expected to make its final decision in late June or early July, Waldmann said.</p>
<p>((-- Reuters Seattle bureau 206-386-4848))</p>
</text>
<copyright>(c) Reuters Limited 1997</copyright>
<metadata>
<codes class="bip:countries:1.0">
  <code code="EEC">
    <editdetail attribution="Reuters BIP Coding Group" action="confirmed" date="1997-05-22"/>
  </code>
  <code code="USA">
    <editdetail attribution="Reuters BIP Coding Group" action="confirmed" date="1997-05-22"/>
  </code>
</codes>
<codes class="bip:industries:1.0">
  <code code="I36400">
    <editdetail attribution="Reuters BIP Coding Group" action="confirmed" date="1997-05-22"/>
  </code>
  <code code="I3640010">
    <editdetail attribution="Reuters BIP Coding Group" action="confirmed" date="1997-05-22"/>
  </code>
</codes>
<codes class="bip:topics:1.0">
  <code code="C18">
    <editdetail attribution="Reuters BIP Coding Group" action="confirmed" date="1997-05-22"/>
  </code>
  <code code="C181">
    <editdetail attribution="Reuters BIP Coding Group" action="confirmed" date="1997-05-22"/>
  </code>
  <code code="C34">
    <editdetail attribution="Reuters BIP Coding Group" action="confirmed" date="1997-05-22"/>
  </code>
  <code code="CCAT">
    <editdetail attribution="Reuters BIP Coding Group" action="confirmed" date="1997-05-22"/>
  </code>
  <code code="G15">
    <editdetail attribution="Reuters BIP Coding Group" action="confirmed" date="1997-05-22"/>
  </code>
  <code code="G157">
    <editdetail attribution="Reuters BIP Coding Group" action="confirmed" date="1997-05-22"/>
  </code>
  <code code="GCAT">
    <editdetail attribution="Reuters BIP Coding Group" action="confirmed" date="1997-05-22"/>
  </code>
</codes>
<dc element="dc.date.created" value="1997-05-22"/>
<dc element="dc.publisher" value="Reuters Holdings Plc"/>
<dc element="dc.date.published" value="1997-05-22"/>
<dc element="dc.source" value="Reuters"/>
<dc element="dc.creator.location" value="SEATTLE"/>
<dc element="dc.creator.location.country.name" value="USA"/>
<dc element="dc.source" value="Reuters"/>
</metadata>
</newsitem>
