<?xml version="1.0" encoding="iso-8859-1" ?>
<newsitem itemid="604369" id="root" date="1997-05-22" xml:lang="en">
<title>USA: US OPTIONS FOCUS/Big buyer of Nike puts seen.</title>
<headline>US OPTIONS FOCUS/Big buyer of Nike puts seen.</headline>
<dateline>CHICAGO 1997-05-22</dateline>
<text>
<p>An investor was busy buying Nike Inc puts Thursday amid signs the shares may be poised to break lower, traders said.</p>
<p>&quot;A large customer has been buying puts and selling calls,&quot; said a market maker at the Pacific Exchange, where Nike options trade. &quot;They're buying a lot of July 60 and June 60 puts.</p>
<p>&quot;It looks like the stock is going down considerably the way the paper's trading,&quot; he added.</p>
<p>In late action, Nike was down 1-1/8 at 55-3/4 on turnover of more than three million shares.  </p>
<p>Among the options, the July 55 put traded more than 3,300 contracts, the July 60 put traded about 2,040 and the June 60 put traded 1,840. The June 55 put traded 1,125.</p>
<p>The most active Nike call was the July 60, with volume of nearly 2,300 contracts.</p>
<p>The market maker at the PCX said volatilities were up a bit but that some of the combinations that crossed were volatility neutral.</p>
<p>&quot;They're buying more puts than selling calls,&quot; he said.</p>
<p>Implied volatilities in the July series were generally in the 40 to 50 region, traders said.  </p>
<p>Gregory Nie, a technical analyst at Everen Securities, said support for Nike shares lies in the low- to mid-50 region, with major support in the upper 40's.</p>
<p>&quot;It's a toppy-looking chart,&quot; he said, noting that the shares are below their 50-day and 200-day moving averages.</p>
<p>&quot;It's a deteriorating pattern, under the moving averages, looking toppy and a bit on the shaky side,&quot; he said.</p>
<p>He added that if the shares recover, short-term resistance at 60 could limit any upside.  </p>
<p>In other trading, Gateway 2000 Inc drew fairly heavy options activity on the stock's first day of trading on the New York Stock Exchange. The stock previously traded on the Nasdaq stock market.</p>
<p>In late trade, Gateway shares were down 1/2 at 68-3/4 after having traded between 67-1/4 and 70-1/2. Roughly 2.6 million shares changed hands.</p>
<p>&quot;Today it opened up a little solid but sold off ever since. I think it's just giving back some of its gains seen in the last week,&quot; said Mike Coghlan, a designated primary market maker at TFM Investment Group in Chicago.  </p>
<p>Coghlan said the highlight in Gateway options was a zero-cost collar done with the June 65 puts and June 75 calls, which traded about 2,960 and 2,350 contracts, respectively, on the Chicago Board Options Exchange.</p>
<p>A zero-cost collar is typically done by selling one option and using the proceeds to buy another.</p>
<p>&quot;They bought June 65 puts and sold June 75 calls,&quot; Coghlan said.</p>
<p>Gateway options trade on the CBOE, the American Stock Exchange and the PCX.</p>
<p>((Gregory Crawford, 312 408 8750))</p>
<p>E-mail: derivatives@reuters.com</p>
</text>
<copyright>(c) Reuters Limited 1997</copyright>
<metadata>
<codes class="bip:countries:1.0">
  <code code="USA">
    <editdetail attribution="Reuters BIP Coding Group" action="confirmed" date="1997-05-22"/>
  </code>
</codes>
<codes class="bip:industries:1.0">
  <code code="I33020">
    <editdetail attribution="Reuters BIP Coding Group" action="confirmed" date="1997-05-22"/>
  </code>
  <code code="I45100">
    <editdetail attribution="Reuters BIP Coding Group" action="confirmed" date="1997-05-22"/>
  </code>
</codes>
<codes class="bip:topics:1.0">
  <code code="C15">
    <editdetail attribution="Reuters BIP Coding Group" action="confirmed" date="1997-05-22"/>
  </code>
  <code code="C152">
    <editdetail attribution="Reuters BIP Coding Group" action="confirmed" date="1997-05-22"/>
  </code>
  <code code="CCAT">
    <editdetail attribution="Reuters BIP Coding Group" action="confirmed" date="1997-05-22"/>
  </code>
</codes>
<dc element="dc.date.created" value="1997-05-22"/>
<dc element="dc.publisher" value="Reuters Holdings Plc"/>
<dc element="dc.date.published" value="1997-05-22"/>
<dc element="dc.source" value="Reuters"/>
<dc element="dc.creator.location" value="CHICAGO"/>
<dc element="dc.creator.location.country.name" value="USA"/>
<dc element="dc.source" value="Reuters"/>
</metadata>
</newsitem>
