<?xml version="1.0" encoding="iso-8859-1" ?>
<newsitem itemid="604320" id="root" date="1997-05-22" xml:lang="en">
<title>USA: U.S. CORPORATE BONDS -- High-yield issuance strong.</title>
<headline>U.S. CORPORATE BONDS -- High-yield issuance strong.</headline>
<dateline>NEW YORK 1997-05-22</dateline>
<text>
<p>Flourishing new high-yield issues captured all attention on Thursday, with several deals upsized and trading higher in secondary markets, dealers said.</p>
<p>Meanwhile, solid bids for investment grade corporate bonds pushed spreads marginally tighter on Thursday as long U.S. Treasury yields rose, dealers said.</p>
<p>Leading high-yield issuance, Integrated Health Services issued $450 million 9-1/2 percent 10-year B1/single-B senior subordinated notes via Smith Barney Inc. The deal, which was increased in size by $200 million, was quoted up 1-1/2 points from its initial offered level near the close.  </p>
<p>Elsewhere, Stone Container's planned offering of $250 million in units was upsized to $275 million before pricing at a final yield of 12.25 percent, according to lead manager Donaldson Lufkin &amp; Jenrette. The B3/B-minus units consist of 10-3/4 percent senior subordinated debentures and 1-1/2 percent supplemental interest certificates.</p>
<p>The offering is part of a $700 million funding program announced by Stone last week. Stone said the plan will meet its financing and debt amortization needs and restore appropriate liquidity.  </p>
<p>Also upsized and priced was Chief Auto Parts Inc's $130 million 10-1/2 percent B2/single-B eight year senior notes, priced through lead manager Credit Suisse First Boston.</p>
<p>Finally, Navistar Financial Corp sold $100 million 9 percent B1/B-plus five-year debt at par via a J.P. Morgan Securities syndicate.</p>
<p>Traders noted pricings were rapidly becoming richer after the April correction, and, in some cases, tighter than they would have been at market highs in February. Some buysiders, in fact, have forecast new issue spreads will start leveling out in the near-term.  </p>
<p>Turning to high-grades, traders said industrial debt prices were strongly bid as evidenced by more tigthening in Norfolk Southern Corp and CSX Corp railroad debt. Spreads in general were two to three basis points tighter on the week, they added, due primarily to dealers beefing up inventories.</p>
<p>Treasury securties headed lower for the second consecutive session dominated by hedge fund selling, analysts said. In addition, lackluster trading ahead of the long U.S. Memorial Day holiday weekend was blamed for a drift in prices.  </p>
<p>PSA The Bond Market Trade Association has recommended an early close of 1400 EDT/1800 GMT on Friday and a full close on Monday in observance of the holiday.</p>
<p>The benchmark 30-year bond closed down 11/32 at 95-14/32 to yield 6.99 percent. The 10-year T-note closed down 5/32 at 99-3/32 to yield 6.75 percent.</p>
<p>((--Al Yoon, 212-859-1672))</p>
</text>
<copyright>(c) Reuters Limited 1997</copyright>
<metadata>
<codes class="bip:countries:1.0">
  <code code="USA">
    <editdetail attribution="Reuters BIP Coding Group" action="confirmed" date="1997-05-22"/>
  </code>
</codes>
<codes class="bip:topics:1.0">
  <code code="M12">
    <editdetail attribution="Reuters BIP Coding Group" action="confirmed" date="1997-05-22"/>
  </code>
  <code code="MCAT">
    <editdetail attribution="Reuters BIP Coding Group" action="confirmed" date="1997-05-22"/>
  </code>
</codes>
<dc element="dc.date.created" value="1997-05-22"/>
<dc element="dc.publisher" value="Reuters Holdings Plc"/>
<dc element="dc.date.published" value="1997-05-22"/>
<dc element="dc.source" value="Reuters"/>
<dc element="dc.creator.location" value="NEW YORK"/>
<dc element="dc.creator.location.country.name" value="USA"/>
<dc element="dc.source" value="Reuters"/>
</metadata>
</newsitem>
