<?xml version="1.0" encoding="iso-8859-1" ?>
<newsitem itemid="604395" id="root" date="1997-05-22" xml:lang="en">
<title>USA: Batteries Batteries Inc Q1 net rises.</title>
<headline>Batteries Batteries Inc Q1 net rises.</headline>
<dateline>NEW YORK 1997-05-22</dateline>
<text>
<p>(In thousands, except per share data)</p>
<p>					     Three Months Ended</p>
<p>						     March 31,</p>
<p>					   1997 (a)    1996 (b)</p>
<p>						    (000's)</p>
<p> Net Sales				$ 12,778    $ 6,179</p>
<p> Net Income				    269	  181</p>
<p> Net Income Per Share		     0.06	 0.04</p>
<p>Weighted Average</p>
<p>  Outstanding Shares		     4,550	4,152</p>
<p>NOTE: (a)  Includes the results of Battery Network, which was acquired in January 1997.</p>
<p>(b)  Results are combined with its acquisitions Advanced Fox and Tauber Electronics, for the three months ended March 31, 1996.</p>
</text>
<copyright>(c) Reuters Limited 1997</copyright>
<metadata>
<codes class="bip:countries:1.0">
  <code code="USA">
    <editdetail attribution="Reuters BIP Coding Group" action="confirmed" date="1997-05-22"/>
  </code>
</codes>
<codes class="bip:industries:1.0">
  <code code="I61000">
    <editdetail attribution="Reuters BIP Coding Group" action="confirmed" date="1997-05-22"/>
  </code>
</codes>
<codes class="bip:topics:1.0">
  <code code="C15">
    <editdetail attribution="Reuters BIP Coding Group" action="confirmed" date="1997-05-22"/>
  </code>
  <code code="C151">
    <editdetail attribution="Reuters BIP Coding Group" action="confirmed" date="1997-05-22"/>
  </code>
  <code code="CCAT">
    <editdetail attribution="Reuters BIP Coding Group" action="confirmed" date="1997-05-22"/>
  </code>
</codes>
<dc element="dc.date.created" value="1997-05-22"/>
<dc element="dc.publisher" value="Reuters Holdings Plc"/>
<dc element="dc.date.published" value="1997-05-22"/>
<dc element="dc.source" value="Reuters"/>
<dc element="dc.creator.location" value="NEW YORK"/>
<dc element="dc.creator.location.country.name" value="USA"/>
<dc element="dc.source" value="Reuters"/>
</metadata>
</newsitem>
