<?xml version="1.0" encoding="iso-8859-1" ?>
<newsitem itemid="604304" id="root" date="1997-05-22" xml:lang="en">
<title>USA: CIENA Corp Q2 profit vs loss.</title>
<headline>CIENA Corp Q2 profit vs loss.</headline>
<dateline>LINTHICUM, Md. 1997-05-22</dateline>
<text>
<p>(in thousands, except per share data)</p>
<p>					     Qtr Ended  Six Mos Ended</p>
<p>						  Apr 30	   Apr 30</p>
<p>						    1997	     1997</p>
<p> Revenue				    $ 86,669	$ 140,602</p>
<p> Income (loss) from operations	  43,371	   64,529</p>
<p> Interest and other income		 1,968	    2,360</p>
<p> Interest expense			     (91)	    (193)</p>
<p> Income (loss) before income taxes    45,248	   66,696</p>
<p> Provision for income taxes	     17,646	   26,011</p>
<p> Net income (loss)			  27,602	   40,685</p>
<p>Pro forma net income (loss)</p>
<p>   per common and common		    0.26	     0.40</p>
<p>equivalent share Pro forma weighted average</p>
<p>common and common equivalent</p>
<p>   shares outstanding		    104,457	  101,493</p>
<p>NOTE: Company had initial public offering February 7, 1997.</p>
<p>In year ago Q2, company had no revenues and a net loss of $2.7 million or $0.03 a share.</p>
<p>((-- New York Newsdesk 212 859-1610))</p>
</text>
<copyright>(c) Reuters Limited 1997</copyright>
<metadata>
<codes class="bip:countries:1.0">
  <code code="USA">
    <editdetail attribution="Reuters BIP Coding Group" action="confirmed" date="1997-05-22"/>
  </code>
</codes>
<codes class="bip:industries:1.0">
  <code code="I34100">
    <editdetail attribution="Reuters BIP Coding Group" action="confirmed" date="1997-05-22"/>
  </code>
</codes>
<codes class="bip:topics:1.0">
  <code code="C15">
    <editdetail attribution="Reuters BIP Coding Group" action="confirmed" date="1997-05-22"/>
  </code>
  <code code="C151">
    <editdetail attribution="Reuters BIP Coding Group" action="confirmed" date="1997-05-22"/>
  </code>
  <code code="C17">
    <editdetail attribution="Reuters BIP Coding Group" action="confirmed" date="1997-05-22"/>
  </code>
  <code code="C171">
    <editdetail attribution="Reuters BIP Coding Group" action="confirmed" date="1997-05-22"/>
  </code>
  <code code="CCAT">
    <editdetail attribution="Reuters BIP Coding Group" action="confirmed" date="1997-05-22"/>
  </code>
</codes>
<dc element="dc.date.created" value="1997-05-22"/>
<dc element="dc.publisher" value="Reuters Holdings Plc"/>
<dc element="dc.date.published" value="1997-05-22"/>
<dc element="dc.source" value="Reuters"/>
<dc element="dc.creator.location" value="LINTHICUM, Md."/>
<dc element="dc.creator.location.country.name" value="USA"/>
<dc element="dc.source" value="Reuters"/>
</metadata>
</newsitem>
