<?xml version="1.0" encoding="iso-8859-1" ?>
<newsitem itemid="604327" id="root" date="1997-05-22" xml:lang="en">
<title>USA: IDT Q3 shr profit $0.01 vs loss $0.25.</title>
<headline>IDT Q3 shr profit $0.01 vs loss $0.25.</headline>
<dateline>HACKENSACK, N.J. 1997-05-22</dateline>
<text>
<p>Period ended April 30</p>
<p>			   1997			1996</p>
<p> Shr profit		 $0.01     loss	 $0.25</p>
<p> Net profit		   161     loss	 4,600</p>
<p> Revs			34,500		   18,200</p>
<p> Avg shrs		     n/a			n/a</p>
<p>	   9 MONTHS</p>
<p> Shr loss		   $0.23     loss	 $0.65</p>
<p> Net loss		   4,700     loss	11,200</p>
<p> Revs			94,200		   34,500</p>
<p> Avg shrs		     n/a			n/a</p>
<p>(All data above 000s except per share numbers)</p>
<p>NOTES: The full company name is IDT Corp.</p>
<p>The company said Q3 was its first profitable quarter as a public company.</p>
<p>Revenues from the company's telecommunication's operations grew 131 percent to $26.1 million from $11.3 million a year ago.</p>
</text>
<copyright>(c) Reuters Limited 1997</copyright>
<metadata>
<codes class="bip:countries:1.0">
  <code code="USA">
    <editdetail attribution="Reuters BIP Coding Group" action="confirmed" date="1997-05-22"/>
  </code>
</codes>
<codes class="bip:industries:1.0">
  <code code="I79020">
    <editdetail attribution="Reuters BIP Coding Group" action="confirmed" date="1997-05-22"/>
  </code>
</codes>
<codes class="bip:topics:1.0">
  <code code="C15">
    <editdetail attribution="Reuters BIP Coding Group" action="confirmed" date="1997-05-22"/>
  </code>
  <code code="C151">
    <editdetail attribution="Reuters BIP Coding Group" action="confirmed" date="1997-05-22"/>
  </code>
  <code code="CCAT">
    <editdetail attribution="Reuters BIP Coding Group" action="confirmed" date="1997-05-22"/>
  </code>
</codes>
<dc element="dc.date.created" value="1997-05-22"/>
<dc element="dc.publisher" value="Reuters Holdings Plc"/>
<dc element="dc.date.published" value="1997-05-22"/>
<dc element="dc.source" value="Reuters"/>
<dc element="dc.creator.location" value="HACKENSACK, N.J."/>
<dc element="dc.creator.location.country.name" value="USA"/>
<dc element="dc.source" value="Reuters"/>
</metadata>
</newsitem>
