<?xml version="1.0" encoding="iso-8859-1" ?>
<newsitem itemid="604306" id="root" date="1997-05-22" xml:lang="en">
<title>USA: Illinois Central union approves contract.</title>
<headline>Illinois Central union approves contract.</headline>
<dateline>CHICAGO 1997-05-22</dateline>
<text>
<p>Illinois Central Corp said Thursday 400 locomotive engineers at its Illinois Central Railroad ratified a wage contract reached last month.</p>
<p>Workers represented by the Brotherhood of Locomotive Engineers approved the contract, which settles wage and work-rule issues through 2000, the company said.</p>
<p>Illinois Central Railroad operates a 2,600-mile freight railroad between Chicago and the Gulf of Mexico.</p>
<p>	     -- Reuter Chicago Newsdesk 312-408-8787</p>
</text>
<copyright>(c) Reuters Limited 1997</copyright>
<metadata>
<codes class="bip:countries:1.0">
  <code code="USA">
    <editdetail attribution="Reuters BIP Coding Group" action="confirmed" date="1997-05-22"/>
  </code>
</codes>
<codes class="bip:industries:1.0">
  <code code="I71000">
    <editdetail attribution="Reuters BIP Coding Group" action="confirmed" date="1997-05-22"/>
  </code>
</codes>
<codes class="bip:topics:1.0">
  <code code="C42">
    <editdetail attribution="Reuters BIP Coding Group" action="confirmed" date="1997-05-22"/>
  </code>
  <code code="CCAT">
    <editdetail attribution="Reuters BIP Coding Group" action="confirmed" date="1997-05-22"/>
  </code>
  <code code="E41">
    <editdetail attribution="Reuters BIP Coding Group" action="confirmed" date="1997-05-22"/>
  </code>
  <code code="ECAT">
    <editdetail attribution="Reuters BIP Coding Group" action="confirmed" date="1997-05-22"/>
  </code>
  <code code="GCAT">
    <editdetail attribution="Reuters BIP Coding Group" action="confirmed" date="1997-05-22"/>
  </code>
  <code code="GJOB">
    <editdetail attribution="Reuters BIP Coding Group" action="confirmed" date="1997-05-22"/>
  </code>
</codes>
<dc element="dc.date.created" value="1997-05-22"/>
<dc element="dc.publisher" value="Reuters Holdings Plc"/>
<dc element="dc.date.published" value="1997-05-22"/>
<dc element="dc.source" value="Reuters"/>
<dc element="dc.creator.location" value="CHICAGO"/>
<dc element="dc.creator.location.country.name" value="USA"/>
<dc element="dc.source" value="Reuters"/>
</metadata>
</newsitem>
