<?xml version="1.0" encoding="iso-8859-1" ?>
<newsitem itemid="604442" id="root" date="1997-05-22" xml:lang="en">
<title>USA: Atlanta Technology Q1 net profit vs loss.</title>
<headline>Atlanta Technology Q1 net profit vs loss.</headline>
<dateline>ATLANTA 1997-05-22</dateline>
<text>
<p>1997			1996</p>
<p> Shr profit		 $0.03     loss	 $0.03</p>
<p> Net profit		   104     loss	    97</p>
<p> Revs			   413			410</p>
<p> Avg shrs		   4,003		    2,950</p>
<p>(All data above 000s except per share numbers)</p>
<p>NOTE:  Full name of company is Atlanta Technology Group Inc.</p>
</text>
<copyright>(c) Reuters Limited 1997</copyright>
<metadata>
<codes class="bip:countries:1.0">
  <code code="USA">
    <editdetail attribution="Reuters BIP Coding Group" action="confirmed" date="1997-05-22"/>
  </code>
</codes>
<codes class="bip:industries:1.0">
  <code code="I33020">
    <editdetail attribution="Reuters BIP Coding Group" action="confirmed" date="1997-05-22"/>
  </code>
</codes>
<codes class="bip:topics:1.0">
  <code code="C15">
    <editdetail attribution="Reuters BIP Coding Group" action="confirmed" date="1997-05-22"/>
  </code>
  <code code="C151">
    <editdetail attribution="Reuters BIP Coding Group" action="confirmed" date="1997-05-22"/>
  </code>
  <code code="CCAT">
    <editdetail attribution="Reuters BIP Coding Group" action="confirmed" date="1997-05-22"/>
  </code>
</codes>
<dc element="dc.date.created" value="1997-05-22"/>
<dc element="dc.publisher" value="Reuters Holdings Plc"/>
<dc element="dc.date.published" value="1997-05-22"/>
<dc element="dc.source" value="Reuters"/>
<dc element="dc.creator.location" value="ATLANTA"/>
<dc element="dc.creator.location.country.name" value="USA"/>
<dc element="dc.source" value="Reuters"/>
</metadata>
</newsitem>
