<?xml version="1.0" encoding="iso-8859-1" ?>
<newsitem itemid="604476" id="root" date="1997-05-22" xml:lang="en">
<title>USA: RESEARCH ALERT - Transocean buy reiterated.</title>
<headline>RESEARCH ALERT - Transocean buy reiterated.</headline>
<dateline>NEW YORK 1997-05-22</dateline>
<text>
<p>Rodman &amp; Renshaw analyst Iain Smith has reiterated his buy recommendation on drilling company Transocean Offshore Inc.</p>
<p>Transocean yesterday received a two-year contract for its Transocean Explorer semisubmersible rig to work for Petro-Canada for two years, with three-one year options, at a day rate of $105,000. Smith, in a research note, described the deal as &quot;exceptional.&quot;</p>
<p>Petro-Canada will also pay a $11 million fee to cover mobilzation costs to eastern Canada and upgrades to the rig, which means it will take only minor modifications to convert Explorer into a premium deepwater semisubmersible, Smith said.</p>
<p>&quot;More importantly, this contract is yet another example of the continued positive momentum regarding contract fixtures and global rig demand as well as Transocean's strong management capabilities,&quot; Smith said in the note.</p>
<p>He forecast 1997 earnings per share of $3.60 for Transocean and has a 12- to 18-month price target of $85-$90 for the stock, which was up 1-1/2 at 67-3/4.</p>
<p>((--David Chance, New York Newsroom 212 859 1902))</p>
</text>
<copyright>(c) Reuters Limited 1997</copyright>
<metadata>
<codes class="bip:countries:1.0">
  <code code="USA">
    <editdetail attribution="Reuters BIP Coding Group" action="confirmed" date="1997-05-22"/>
  </code>
</codes>
<codes class="bip:industries:1.0">
  <code code="I13000">
    <editdetail attribution="Reuters BIP Coding Group" action="confirmed" date="1997-05-22"/>
  </code>
  <code code="I14000">
    <editdetail attribution="Reuters BIP Coding Group" action="confirmed" date="1997-05-22"/>
  </code>
</codes>
<codes class="bip:topics:1.0">
  <code code="C15">
    <editdetail attribution="Reuters BIP Coding Group" action="confirmed" date="1997-05-22"/>
  </code>
  <code code="C152">
    <editdetail attribution="Reuters BIP Coding Group" action="confirmed" date="1997-05-22"/>
  </code>
  <code code="CCAT">
    <editdetail attribution="Reuters BIP Coding Group" action="confirmed" date="1997-05-22"/>
  </code>
</codes>
<dc element="dc.date.created" value="1997-05-22"/>
<dc element="dc.publisher" value="Reuters Holdings Plc"/>
<dc element="dc.date.published" value="1997-05-22"/>
<dc element="dc.source" value="Reuters"/>
<dc element="dc.creator.location" value="NEW YORK"/>
<dc element="dc.creator.location.country.name" value="USA"/>
<dc element="dc.source" value="Reuters"/>
</metadata>
</newsitem>
