<?xml version="1.0" encoding="iso-8859-1" ?>
<newsitem itemid="604462" id="root" date="1997-05-22" xml:lang="en">
<title>USA: MVSI will trade 300,000 shrs for Expert.</title>
<headline>MVSI will trade 300,000 shrs for Expert.</headline>
<dateline>VIENNA, Va. 1997-05-22</dateline>
<text>
<p>MVSI Inc said Thursday it will exchange 300,000 shares of its common stock with all the shares held by the sole owner of Expert Inc in its previously announced deal to acquire the privately-owned company.</p>
<p>MVSI did not disclose the name of Expert's sole owner.</p>
<p>MVSI said it will exchange less than three percent of its outstanding shares.</p>
<p>The company said the are restricted and cannot be sold for at least one year from the day it was issued.</p>
<p>The company said it will release more details when the deal closes by June 16.</p>
<p>MVSI is a Washington, D.C. technology products and services company.</p>
</text>
<copyright>(c) Reuters Limited 1997</copyright>
<metadata>
<codes class="bip:countries:1.0">
  <code code="USA">
    <editdetail attribution="Reuters BIP Coding Group" action="confirmed" date="1997-05-22"/>
  </code>
</codes>
<codes class="bip:topics:1.0">
  <code code="C18">
    <editdetail attribution="Reuters BIP Coding Group" action="confirmed" date="1997-05-22"/>
  </code>
  <code code="C181">
    <editdetail attribution="Reuters BIP Coding Group" action="confirmed" date="1997-05-22"/>
  </code>
  <code code="CCAT">
    <editdetail attribution="Reuters BIP Coding Group" action="confirmed" date="1997-05-22"/>
  </code>
</codes>
<dc element="dc.date.created" value="1997-05-22"/>
<dc element="dc.publisher" value="Reuters Holdings Plc"/>
<dc element="dc.date.published" value="1997-05-22"/>
<dc element="dc.source" value="Reuters"/>
<dc element="dc.creator.location" value="VIENNA, Va."/>
<dc element="dc.creator.location.country.name" value="USA"/>
<dc element="dc.source" value="Reuters"/>
</metadata>
</newsitem>
