<?xml version="1.0" encoding="iso-8859-1" ?>
<newsitem itemid="604461" id="root" date="1997-05-22" xml:lang="en">
<title>USA: Environmental Elements Q4 profit vs loss.</title>
<headline>Environmental Elements Q4 profit vs loss.</headline>
<dateline>BALTIMORE 1997-05-22</dateline>
<text>
<p>Q4 Ended		   Year Ended</p>
<p>				March 31,		   March 31,</p>
<p>			 1997	    1996	 1997	  1996</p>
<p>Sales		  $11,835     $13,604	$47,654   $61,214</p>
<p>Restructuring charge</p>
<p>				 0	     1	  2,215	 951</p>
<p>Income (Loss) from Continuing Operations</p>
<p>			     51	  (437)	(4,015)   (3,855)</p>
<p>Gain on disposal of discontinued operations</p>
<p>				 0	     0		0	 351</p>
<p>				 0	     0		0	 351</p>
<p>Net Income (Loss)     $51	 $(437)     $(4,015)  $(3,504)</p>
<p>Per share of common stock</p>
<p>and common stock equivalents:</p>
<p>Income (Loss) from continuing operations</p>
<p>			 $0.01	 $(0.06)     $(0.58)    $(0.56)</p>
<p>Income from discontinued operations</p>
<p>			   0.00	   0.00	  0.00	 0.05</p>
<p>Net Income (Loss)   $0.01	 $(0.06)     $(0.58)    $(0.51)</p>
<p>Average shares outstanding</p>
<p>			   6,957	  6,884	 6,924     6,880</p>
<p>(In thousands of dollars, except per-share amounts)</p>
<p>NOTE: Full name is Environmental Elements Corp.</p>
<p>Net loss for fiscal 1997 included a restructuring charge of $2.2 million, or $0.32 per share.</p>
</text>
<copyright>(c) Reuters Limited 1997</copyright>
<metadata>
<codes class="bip:countries:1.0">
  <code code="USA">
    <editdetail attribution="Reuters BIP Coding Group" action="confirmed" date="1997-05-22"/>
  </code>
</codes>
<codes class="bip:industries:1.0">
  <code code="I32840">
    <editdetail attribution="Reuters BIP Coding Group" action="confirmed" date="1997-05-22"/>
  </code>
</codes>
<codes class="bip:topics:1.0">
  <code code="C15">
    <editdetail attribution="Reuters BIP Coding Group" action="confirmed" date="1997-05-22"/>
  </code>
  <code code="C151">
    <editdetail attribution="Reuters BIP Coding Group" action="confirmed" date="1997-05-22"/>
  </code>
  <code code="C1511">
    <editdetail attribution="Reuters BIP Coding Group" action="confirmed" date="1997-05-22"/>
  </code>
  <code code="CCAT">
    <editdetail attribution="Reuters BIP Coding Group" action="confirmed" date="1997-05-22"/>
  </code>
</codes>
<dc element="dc.date.created" value="1997-05-22"/>
<dc element="dc.publisher" value="Reuters Holdings Plc"/>
<dc element="dc.date.published" value="1997-05-22"/>
<dc element="dc.source" value="Reuters"/>
<dc element="dc.creator.location" value="BALTIMORE"/>
<dc element="dc.creator.location.country.name" value="USA"/>
<dc element="dc.source" value="Reuters"/>
</metadata>
</newsitem>
