<?xml version="1.0" encoding="iso-8859-1" ?>
<newsitem itemid="604438" id="root" date="1997-05-22" xml:lang="en">
<title>USA: News Corp in Primestar talks - source.</title>
<headline>News Corp in Primestar talks - source.</headline>
<dateline>NEW YORK 1997-05-22</dateline>
<text>
<p>News Corp Ltd is continuing discussions on merging its ASkyB satellite TV venture into Primestar, according to a source close to the talks.</p>
<p>&quot;It's one of the discussions they're having,&quot; said the source.  &quot;The talks are continuing.  In the next week to 10 days, it should be more settled.&quot;</p>
<p>Earlier, Variety reported one of the more prominent partners in Primestar, Time Warner Inc, was debating the structure of such a deal rather than rejecting it out of hand.</p>
<p>News Corp declined to comment.  </p>
<p>A venture with Primestar would replace the now-abandoned deal News Corp had reached several months ago with EchoStar Communications Corp DISH.O. Time Warner declined comment.</p>
<p>Primestar's partners include Tele-Communications Inc, U S West Communications Group, Cox Communications Inc, Comcast Corp, and Time Warner.</p>
<p>Tele-Communications President Leo Hindery has told Wall Street analysts and money managers in recent days about his optimism for a deal and predicted it could be announced this week, unnamed sources told Variety.</p>
<p>A TCI spokeswoman confirmed talks at the highest levels of the companies were &quot;ongoing,&quot; but she declined to comment further, Variety said.</p>
</text>
<copyright>(c) Reuters Limited 1997</copyright>
<metadata>
<codes class="bip:countries:1.0">
  <code code="USA">
    <editdetail attribution="Reuters BIP Coding Group" action="confirmed" date="1997-05-22"/>
  </code>
</codes>
<codes class="bip:industries:1.0">
  <code code="I47500">
    <editdetail attribution="Reuters BIP Coding Group" action="confirmed" date="1997-05-22"/>
  </code>
  <code code="I79020">
    <editdetail attribution="Reuters BIP Coding Group" action="confirmed" date="1997-05-22"/>
  </code>
  <code code="I83960">
    <editdetail attribution="Reuters BIP Coding Group" action="confirmed" date="1997-05-22"/>
  </code>
  <code code="I97400">
    <editdetail attribution="Reuters BIP Coding Group" action="confirmed" date="1997-05-22"/>
  </code>
  <code code="I9741110">
    <editdetail attribution="Reuters BIP Coding Group" action="confirmed" date="1997-05-22"/>
  </code>
</codes>
<codes class="bip:topics:1.0">
  <code code="C11">
    <editdetail attribution="Reuters BIP Coding Group" action="confirmed" date="1997-05-22"/>
  </code>
  <code code="C18">
    <editdetail attribution="Reuters BIP Coding Group" action="confirmed" date="1997-05-22"/>
  </code>
  <code code="C181">
    <editdetail attribution="Reuters BIP Coding Group" action="confirmed" date="1997-05-22"/>
  </code>
  <code code="CCAT">
    <editdetail attribution="Reuters BIP Coding Group" action="confirmed" date="1997-05-22"/>
  </code>
</codes>
<dc element="dc.date.created" value="1997-05-22"/>
<dc element="dc.publisher" value="Reuters Holdings Plc"/>
<dc element="dc.date.published" value="1997-05-22"/>
<dc element="dc.source" value="Reuters"/>
<dc element="dc.creator.location" value="NEW YORK"/>
<dc element="dc.creator.location.country.name" value="USA"/>
<dc element="dc.source" value="Reuters"/>
</metadata>
</newsitem>
