<?xml version="1.0" encoding="iso-8859-1" ?>
<newsitem itemid="604433" id="root" date="1997-05-22" xml:lang="en">
<title>USA: INTERVIEW--U.S. Office backs EPS estimate.</title>
<headline>INTERVIEW--U.S. Office backs EPS estimate.</headline>
<byline>Brendan Intindola</byline>
<dateline>NEW YORK 1997-05-22</dateline>
<text>
<p>U.S. Office Products Co's chairman and CEO strongly backed Wall Street's earnings forecasts for the company Thursday, emphasizing the non-dilutive nature of U.S. Office's stock-swap purchase of Mail Boxes Etc announced this morning.</p>
<p>Jonathan Ledecky told Reuters in an interview that he is &quot;supremely confident&quot; U.S. Office's earnings for the fourth quarter and 1997 fiscal year ended last month will reach the analysts' consensus views of $0.30 and $1.20 per share, repectively.</p>
</text>
<copyright>(c) Reuters Limited 1997</copyright>
<metadata>
<codes class="bip:countries:1.0">
  <code code="USA">
    <editdetail attribution="Reuters BIP Coding Group" action="confirmed" date="1997-05-22"/>
  </code>
</codes>
<codes class="bip:industries:1.0">
  <code code="I49540">
    <editdetail attribution="Reuters BIP Coding Group" action="confirmed" date="1997-05-22"/>
  </code>
  <code code="I83954">
    <editdetail attribution="Reuters BIP Coding Group" action="confirmed" date="1997-05-22"/>
  </code>
</codes>
<codes class="bip:topics:1.0">
  <code code="C15">
    <editdetail attribution="Reuters BIP Coding Group" action="confirmed" date="1997-05-22"/>
  </code>
  <code code="C152">
    <editdetail attribution="Reuters BIP Coding Group" action="confirmed" date="1997-05-22"/>
  </code>
  <code code="C18">
    <editdetail attribution="Reuters BIP Coding Group" action="confirmed" date="1997-05-22"/>
  </code>
  <code code="C181">
    <editdetail attribution="Reuters BIP Coding Group" action="confirmed" date="1997-05-22"/>
  </code>
  <code code="CCAT">
    <editdetail attribution="Reuters BIP Coding Group" action="confirmed" date="1997-05-22"/>
  </code>
</codes>
<dc element="dc.date.created" value="1997-05-22"/>
<dc element="dc.publisher" value="Reuters Holdings Plc"/>
<dc element="dc.date.published" value="1997-05-22"/>
<dc element="dc.source" value="Reuters"/>
<dc element="dc.creator.location" value="NEW YORK"/>
<dc element="dc.creator.location.country.name" value="USA"/>
<dc element="dc.source" value="Reuters"/>
</metadata>
</newsitem>
