<?xml version="1.0" encoding="iso-8859-1" ?>
<newsitem itemid="604484" id="root" date="1997-05-22" xml:lang="en">
<title>USA: Newcor sees higher FY97 sales.</title>
<headline>Newcor sees higher FY97 sales.</headline>
<dateline>BLOOMFIELD HILLS, Mich. 1997-05-22</dateline>
<text>
<p>Newcor Inc, which reported higher fiscal second quarter income from continuing operations Thursday, said its outlook for the rest of the 1997 fiscal year remains &quot;reasonably good.&quot;</p>
<p>Given a stable automotive market, the company said it expects year-over-year sales growth in the current fiscal year. For fiscal 1996, the maker of molded rubber, plastic products and custom machines had revenues of $111.7 million.</p>
<p>Sales and operating profit for the special machines segment will be lower than expected, because of the cancellation of a major program by an appliance maker, the company said. Partially offsetting that will be new jobs awarded to the firm's components and assemblies segment.</p>
<p>Newcor posted fiscal 1997 second quarter revenues of $34.6 million, an increase from $27.1 million a year ago despite losing $800,000 in sales from strikes against Chrysler Corp and General Motors Corp.</p>
<p>Income from continuing operations was $1.1 million, or $0.23 a share, versus $834,000 or $0.18 a share.</p>
</text>
<copyright>(c) Reuters Limited 1997</copyright>
<metadata>
<codes class="bip:countries:1.0">
  <code code="USA">
    <editdetail attribution="Reuters BIP Coding Group" action="confirmed" date="1997-05-22"/>
  </code>
</codes>
<codes class="bip:industries:1.0">
  <code code="I34350">
    <editdetail attribution="Reuters BIP Coding Group" action="confirmed" date="1997-05-22"/>
  </code>
</codes>
<codes class="bip:topics:1.0">
  <code code="C15">
    <editdetail attribution="Reuters BIP Coding Group" action="confirmed" date="1997-05-22"/>
  </code>
  <code code="C152">
    <editdetail attribution="Reuters BIP Coding Group" action="confirmed" date="1997-05-22"/>
  </code>
  <code code="C31">
    <editdetail attribution="Reuters BIP Coding Group" action="confirmed" date="1997-05-22"/>
  </code>
  <code code="CCAT">
    <editdetail attribution="Reuters BIP Coding Group" action="confirmed" date="1997-05-22"/>
  </code>
</codes>
<dc element="dc.date.created" value="1997-05-22"/>
<dc element="dc.publisher" value="Reuters Holdings Plc"/>
<dc element="dc.date.published" value="1997-05-22"/>
<dc element="dc.source" value="Reuters"/>
<dc element="dc.creator.location" value="BLOOMFIELD HILLS, Mich."/>
<dc element="dc.creator.location.country.name" value="USA"/>
<dc element="dc.source" value="Reuters"/>
</metadata>
</newsitem>
