<?xml version="1.0" encoding="iso-8859-1" ?>
<newsitem itemid="604594" id="root" date="1997-05-22" xml:lang="en">
<title>LITHUANIA: RADIO HEADLINES AT NOON - MAY 22.</title>
<headline>RADIO HEADLINES AT NOON - MAY 22.</headline>
<dateline>VILNIUS 1997-05-22</dateline>
<text>
<p>These were the main news headlines reported by Lithuania's radio M1 Plus at noon on Thursday. Reuters has not verified these reports and does not vouch for their accuracy.</p>
<p>- Lithuania's parliament is reading the law on restitution of real estate to former owners today. The dwellers of the houses to be returned rally in front of Seimas in protest.</p>
<p>- Lithuanian frigate Zemaitis departed from Klaipeda port today to participate in an annual military exercise under the auspices of NATO's partnership for peace prgramme which starts in Geteborg on Friday.</p>
<p>- Lithuanian and Russian border guards have imposed stricter control on the border between Lithuania and Russia's Kaliningrad region in an effort to stem an increase in amber smuggling</p>
<p>-- Vilnius Newsroom, +371 721 5240</p>
</text>
<copyright>(c) Reuters Limited 1997</copyright>
<metadata>
<codes class="bip:countries:1.0">
  <code code="LITH">
    <editdetail attribution="Reuters BIP Coding Group" action="confirmed" date="1997-05-22"/>
  </code>
</codes>
<codes class="bip:topics:1.0">
  <code code="GCAT">
    <editdetail attribution="Reuters BIP Coding Group" action="confirmed" date="1997-05-22"/>
  </code>
</codes>
<dc element="dc.date.created" value="1997-05-22"/>
<dc element="dc.publisher" value="Reuters Holdings Plc"/>
<dc element="dc.date.published" value="1997-05-22"/>
<dc element="dc.source" value="Reuters"/>
<dc element="dc.creator.location" value="VILNIUS"/>
<dc element="dc.creator.location.country.name" value="LITHUANIA"/>
<dc element="dc.source" value="Reuters"/>
</metadata>
</newsitem>
