<?xml version="1.0" encoding="iso-8859-1" ?>
<newsitem itemid="604521" id="root" date="1997-05-22" xml:lang="en">
<title>UK: CRICKET-ENGLAND V AUSTRALIA ONE-DAY SCOREBOARD.</title>
<headline>CRICKET-ENGLAND V AUSTRALIA ONE-DAY SCOREBOARD.</headline>
<dateline>LEEDS, England 1997-05-22</dateline>
<text>
<p>Scoreboard of the first</p>
<p>one-day match between England and Australia at Headingley on</p>
<p>Thursday:</p>
<p>Australia</p>
<p> M.Taylor c Stewart b Gough	    7</p>
<p> M.Waugh b Headley			11</p>
<p> S.Waugh lbw b Ealham		   19</p>
<p> M.Bevan run out (Thorpe)	     30</p>
<p> G.Blewett b Gough			28</p>
<p> M.Slater c and b Ealham		17</p>
<p> I.Healy c Atherton b Hollioake     17</p>
<p> S.Warne c Thorpe v Hollioake	  4</p>
<p> M.Kasprowicz not out		   17</p>
<p> J.Gillespie not out		     3</p>
<p> Extras (lb-7 w-9 nb-1)		 17</p>
<p> Total (for 8 wickets, 50 overs)   170</p>
<p>Fall of wickets: 1-8 2-39 3-43 4-106 5-106 6-140</p>
<p>7-140 8-157.</p>
<p>Did not bat: G.McGrath</p>
<p>Bowling: DeFreitas 9-1-35-0 (4w), Gough 10-2-33-2, Ealham</p>
<p>8-3-21-2 (1w), Headley 8-0-36-1 (1nb), Croft</p>
<p>10-1-16-0 (1w, went for 3), A.Hollioake 5-1-22-2 (1w).</p>
<p>England</p>
<p> N.Knight lbw b McGrath		 12</p>
<p> M.Atherton c Healy b Kasprowicz     4</p>
<p> A.Stewart lbw b McGrath		 7</p>
<p> G.Thorpe not out			 75</p>
<p> G.Lloyd run out			   0</p>
<p> A.Hollioake not out		    66</p>
<p> Extras (b-1 w-6 nb-4)		  11</p>
<p>Total (for 4 wickets, 40.1 overs) 175</p>
<p>Did not bat: M.Ealham, P.DeFreitas, R.Croft, D.Gough,</p>
<p>D.Headley.</p>
<p>Wicketfalls: 1-18 2-20 3-32 4-40.</p>
<p>Bowling: McGrath 10-2-34-2, Kasprowicz 7-0-27-1, Gillespie</p>
<p>8.1-1-39-0, Warne 10-0-46-0, Mark Waugh 2-0-16-0, Blewett</p>
<p>3-0-12-0.</p>
<p>Result: England won by six wickets.</p>
<p>Second match: May 24, London (The Oval)</p>
<p>Third (and final): May 25, London (Lord's).</p>
</text>
<copyright>(c) Reuters Limited 1997</copyright>
<metadata>
<codes class="bip:countries:1.0">
  <code code="AUSTR">
    <editdetail attribution="Reuters BIP Coding Group" action="confirmed" date="1997-05-22"/>
  </code>
  <code code="UK">
    <editdetail attribution="Reuters BIP Coding Group" action="confirmed" date="1997-05-22"/>
  </code>
</codes>
<codes class="bip:topics:1.0">
  <code code="GCAT">
    <editdetail attribution="Reuters BIP Coding Group" action="confirmed" date="1997-05-22"/>
  </code>
  <code code="GSPO">
    <editdetail attribution="Reuters BIP Coding Group" action="confirmed" date="1997-05-22"/>
  </code>
</codes>
<dc element="dc.date.created" value="1997-05-22"/>
<dc element="dc.publisher" value="Reuters Holdings Plc"/>
<dc element="dc.date.published" value="1997-05-22"/>
<dc element="dc.source" value="Reuters"/>
<dc element="dc.creator.location" value="LEEDS, England"/>
<dc element="dc.creator.location.country.name" value="UK"/>
<dc element="dc.source" value="Reuters"/>
</metadata>
</newsitem>
