<?xml version="1.0" encoding="iso-8859-1" ?>
<newsitem itemid="604576" id="root" date="1997-05-22" xml:lang="en">
<title>ZIMBABWE: ZIMBABWE MONEY RATES MIXED IN THURSDAY TRADE.</title>
<headline>ZIMBABWE MONEY RATES MIXED IN THURSDAY TRADE.</headline>
<dateline>HARARE 1997-05-22</dateline>
<text>
<p>Zimbabwe's short-term money rates were quoted mixed in thin trade on Thursday, dealers said.</p>
<p>They said the Reserve Bank had offered Z$300 million worth of treasury bills to the market, but rejected all the bids, which came in above the benchmark rediscount rate, currently at 23.5 percent.</p>
<p>Market analysts say the Reserve Bank should increase the rediscount and pave the way for other money rates to go up in line with annual inflation, which rose to 22.4 percent in the year to April from 19.9 percent in March.</p>
<p>Meanwhile on Thursday, treasury bills were being traded on the secondary market unchanged at 22.75 percent, while call money added two percentage points to 20 percent.</p>
<p>NCD bills with 30-, 60- and 90-day maturities were quoted at 25 and 22 percent (buying and selling respectively) from 25 and 24 percent. Bank acceptance bills were being bought a percentage point lower at 24.25 percent and their selling rate eased to 23 percent from 23.5.</p>
<p>Reserve Bank figures showed the market closed on Wednesday with a surplus of Z$60.2 million.</p>
<p>--Stella Mapenzauswa, Harare Newsroom: +263-4 72 52 7/8/9</p>
</text>
<copyright>(c) Reuters Limited 1997</copyright>
<metadata>
<codes class="bip:countries:1.0">
  <code code="ZIMBAB">
    <editdetail attribution="Reuters BIP Coding Group" action="confirmed" date="1997-05-22"/>
  </code>
</codes>
<codes class="bip:topics:1.0">
  <code code="M13">
    <editdetail attribution="Reuters BIP Coding Group" action="confirmed" date="1997-05-22"/>
  </code>
  <code code="M131">
    <editdetail attribution="Reuters BIP Coding Group" action="confirmed" date="1997-05-22"/>
  </code>
  <code code="MCAT">
    <editdetail attribution="Reuters BIP Coding Group" action="confirmed" date="1997-05-22"/>
  </code>
</codes>
<dc element="dc.date.created" value="1997-05-22"/>
<dc element="dc.publisher" value="Reuters Holdings Plc"/>
<dc element="dc.date.published" value="1997-05-22"/>
<dc element="dc.source" value="Reuters"/>
<dc element="dc.creator.location" value="HARARE"/>
<dc element="dc.creator.location.country.name" value="ZIMBABWE"/>
<dc element="dc.source" value="Reuters"/>
</metadata>
</newsitem>
