<?xml version="1.0" encoding="iso-8859-1" ?>
<newsitem itemid="604556" id="root" date="1997-05-22" xml:lang="en">
<title>MONACO: OLYMPICS-SAMARANCH UNHAPPY WITH BED TAX FOR SYDNEY GAMES.</title>
<headline>OLYMPICS-SAMARANCH UNHAPPY WITH BED TAX FOR SYDNEY GAMES.</headline>
<dateline>MONACO 1997-05-22</dateline>
<text>
<p>A new bed tax which New South Wales state government plan to impose on hoteliers in Sydney, hosts of the 2000 Olympics, has upset International Olympic Commitee president Juan Antonio Samaranch.</p>
<p>&quot;We are not happy with the tax and the hotels are also not happy,&quot; Samaranch said on Thursday. &quot;We can do nothing -- only tell the organisers that we are not happy.&quot;</p>
<p>The 10 percent bed tax, which was included in the state budget earlier this month, will apply from September 1 on accommodation at hotels, motels and guests houses in Sydney's central business district and is projected to raise A$64 (US$50.07) million a year.</p>
<p>The state wants the tax to help support the A$2.1 (US$1.64) billion of government money which will be spent on Olympic projects.</p>
<p>Sydney's budget and plans for the Games were well received by the IOC and international sporting federations during meetings here in the last few days.</p>
<p>Samaranch reacted in typically diplomatic style to a question suggesting that Australians would prefer an Australian to open the Games rather than the country's head of state, Britain's Queen Elizabeth.</p>
<p>&quot;The IOC will respect the will of the people of Australia,&quot; he said.</p>
</text>
<copyright>(c) Reuters Limited 1997</copyright>
<metadata>
<codes class="bip:countries:1.0">
  <code code="AUSTR">
    <editdetail attribution="Reuters BIP Coding Group" action="confirmed" date="1997-05-22"/>
  </code>
  <code code="FRA">
    <editdetail attribution="Reuters BIP Coding Group" action="confirmed" date="1997-05-22"/>
  </code>
  <code code="MONAC">
    <editdetail attribution="Reuters BIP Coding Group" action="confirmed" date="1997-05-22"/>
  </code>
</codes>
<codes class="bip:topics:1.0">
  <code code="GCAT">
    <editdetail attribution="Reuters BIP Coding Group" action="confirmed" date="1997-05-22"/>
  </code>
  <code code="GSPO">
    <editdetail attribution="Reuters BIP Coding Group" action="confirmed" date="1997-05-22"/>
  </code>
</codes>
<dc element="dc.date.created" value="1997-05-22"/>
<dc element="dc.publisher" value="Reuters Holdings Plc"/>
<dc element="dc.date.published" value="1997-05-22"/>
<dc element="dc.source" value="Reuters"/>
<dc element="dc.creator.location" value="MONACO"/>
<dc element="dc.creator.location.country.name" value="MONACO"/>
<dc element="dc.source" value="Reuters"/>
</metadata>
</newsitem>
