<?xml version="1.0" encoding="iso-8859-1" ?>
<newsitem itemid="604591" id="root" date="1997-05-22" xml:lang="en">
<title>HUNGARY: NOON RADIO HEADLINES - MAY 22.</title>
<headline>NOON RADIO HEADLINES - MAY 22.</headline>
<dateline>BUDAPEST 1997-05-22</dateline>
<text>
<p>These are the main headlines on Hungary's Kossuth Radio midday news. Reuters cannot vouch for their accuracy:</p>
<p>-- The number of countries to join the NATO in the first stage of enlargement may increase to five from three, adding Romania and Slovenia to the Czech Republic, Poland and Hungary.</p>
<p>-- The government is discussing economic policy plans for the next three years. According to the forecast, economic growth may reach four percent next year.</p>
<p>-- Opposition MP's boycotted the meeting of the parliament's budget and social committees, saying that the time for preparing for the discussion of the pension reform draft laws had been too short.</p>
<p>-- Both the government and the opposition denies media news of their talks about the potential formation of a national front coalition.</p>
<p>-- The Government Supervision Office initiated police action against yet unknown persons because the state privatisation agency APV could not provide it with full data about contracts with privatisation advisors.</p>
<p>-- The Free Democrat's Alliance (SZDSZ), the junior member of the rulinh coalition, criticises a government accord with the Catholic church about returning confiscated church assets.</p>
<p>-- Budapest newsroom +36 1 327 4040</p>
</text>
<copyright>(c) Reuters Limited 1997</copyright>
<metadata>
<codes class="bip:countries:1.0">
  <code code="HUNG">
    <editdetail attribution="Reuters BIP Coding Group" action="confirmed" date="1997-05-22"/>
  </code>
</codes>
<codes class="bip:topics:1.0">
  <code code="GCAT">
    <editdetail attribution="Reuters BIP Coding Group" action="confirmed" date="1997-05-22"/>
  </code>
</codes>
<dc element="dc.date.created" value="1997-05-22"/>
<dc element="dc.publisher" value="Reuters Holdings Plc"/>
<dc element="dc.date.published" value="1997-05-22"/>
<dc element="dc.source" value="Reuters"/>
<dc element="dc.creator.location" value="BUDAPEST"/>
<dc element="dc.creator.location.country.name" value="HUNGARY"/>
<dc element="dc.source" value="Reuters"/>
</metadata>
</newsitem>
