<?xml version="1.0" encoding="iso-8859-1" ?>
<newsitem itemid="604554" id="root" date="1997-05-22" xml:lang="en">
<title>GERMANY: TENNIS-STICH PULLS OUT OF FRENCH OPEN.</title>
<headline>TENNIS-STICH PULLS OUT OF FRENCH OPEN.</headline>
<dateline>DUESSELDORF, Germany 1997-05-22</dateline>
<text>
<p>Michael Stich said on Thursday he would not play in the French Open.</p>
<p>Stich, beaten in last year's final by Russian Yevgeny Kafelnikov, made the announcement after losing 6-1 6-3 to Spain's Albert Costa at the World Team Cup.</p>
<p>The 1991 Wimbledon champion said a nagging shoulder injury had worsened to the point where his serve had been reduced to about 40 percent.</p>
<p>Stich, ranked 27th in the world, joins Andre Agassi, Boris Becker and Todd Martin as name players to pull out of French open which begins on Monday.</p>
</text>
<copyright>(c) Reuters Limited 1997</copyright>
<metadata>
<codes class="bip:countries:1.0">
  <code code="FRA">
    <editdetail attribution="Reuters BIP Coding Group" action="confirmed" date="1997-05-22"/>
  </code>
  <code code="GFR">
    <editdetail attribution="Reuters BIP Coding Group" action="confirmed" date="1997-05-22"/>
  </code>
  <code code="RUSS">
    <editdetail attribution="Reuters BIP Coding Group" action="confirmed" date="1997-05-22"/>
  </code>
  <code code="SPAIN">
    <editdetail attribution="Reuters BIP Coding Group" action="confirmed" date="1997-05-22"/>
  </code>
</codes>
<codes class="bip:topics:1.0">
  <code code="GCAT">
    <editdetail attribution="Reuters BIP Coding Group" action="confirmed" date="1997-05-22"/>
  </code>
  <code code="GSPO">
    <editdetail attribution="Reuters BIP Coding Group" action="confirmed" date="1997-05-22"/>
  </code>
</codes>
<dc element="dc.date.created" value="1997-05-22"/>
<dc element="dc.publisher" value="Reuters Holdings Plc"/>
<dc element="dc.date.published" value="1997-05-22"/>
<dc element="dc.source" value="Reuters"/>
<dc element="dc.creator.location" value="DUESSELDORF, Germany"/>
<dc element="dc.creator.location.country.name" value="GERMANY"/>
<dc element="dc.source" value="Reuters"/>
</metadata>
</newsitem>
