<?xml version="1.0" encoding="iso-8859-1" ?>
<newsitem itemid="604546" id="root" date="1997-05-22" xml:lang="en">
<title>USA: NBA BASKETBALL-UTAH GOES UP 2-0 OVER HOUSTON.</title>
<headline>NBA BASKETBALL-UTAH GOES UP 2-0 OVER HOUSTON.</headline>
<dateline>SALT LAKE CITY, Utah 1997-05-21</dateline>
<text>
<p>Karl Malone and John Stockton led the Utah Jazz to a 104-92 victory over the Houston Rockets and a 2-0 lead in their best-of-seven Western Conference finals Wednesday.</p>
<p>Malone had 24 points and 15 rebounds. The NBA Most Valuable Player again won his showdown with Houston All-Star forward Charles Barkley, who fouled out with 16 points and 12 rebounds. In six meetings this season, Malone has outscored Barkley 148-65 and outrebounded him 83-78.</p>
<p>Stockton had 26 points, 12 assists and eight rebounds. He made all 12 of his free throws and teamed with Jeff Hornacek, who had 17 points, to outplay Houston's backcourt.</p>
<p>Utah reserves Howard Eisley and Greg Foster fuelled a decisive 15-2 burst that closed the third quarter and gave the Jazz an 83-68 lead.</p>
<p>Utah led by as many as 19 points in the fourth quarter and remained unbeaten in seven home playoff games.</p>
<p>Hakeem Olajuwon scored 30 points for the Rockets, who were beaten 56-37 on the boards and lost for the fourth time in their last five playoff games. Clyde Drexler added 15 points on 6-of-18 shooting..</p>
<p>Game 3 is Friday at Houston.</p>
<p>&quot;Obviously we will have our work cut out for us down there,&quot; Malone said. &quot;They are going to be ready to play us. But the most important thing for us to do is protect our homecourt, one game at a time.</p>
<p>&quot;It is going to be physical, but if you are not ready to play now you should be at home somewhere.&quot;</p>
<p>A three-point play by Barkley pulled Houston within 68-66 with 3:44 to play in the third quarter before Utah took control as Eisley scored all seven of his points and Foster added four of his six in the spurt.</p>
<p>&quot;It's a great relief but on top of it they have been giving us a lift,&quot; Stockton said of the bench. &quot;They come in and score and get us a little bit of a lead and I think that that gives everybody a sense of confidence that you can use. You can use any edge you can get in the playoffs.&quot;</p>
<p>&quot;We got in trouble in the third period when we substituted the big fellow (Olajuwon) out,&quot; Elie said. &quot;I talked to Dream and he said he wasn't tired but it was a coach's decision and it took us out of our rhythm.</p>
<p>&quot;And the next thing you know, bam ... Eisley hits a couple and Foster steps up again and the next thing you know we are down 15 and just can't get the rhythm back again.&quot;</p>
<p>Bryon Russell scored 12 points for the Jazz, who shot 45 percent (35-of-78) from the field and made 31-of-37 free throws.</p>
<p>Mario Elie scored 12 points for the Rockets, who shot 36.5 percent (31-of-85), including just 5-of-16 3-pointers.  REUTER</p>
</text>
<copyright>(c) Reuters Limited 1997</copyright>
<metadata>
<codes class="bip:countries:1.0">
  <code code="USA">
    <editdetail attribution="Reuters BIP Coding Group" action="confirmed" date="1997-05-22"/>
  </code>
</codes>
<codes class="bip:topics:1.0">
  <code code="GCAT">
    <editdetail attribution="Reuters BIP Coding Group" action="confirmed" date="1997-05-22"/>
  </code>
  <code code="GSPO">
    <editdetail attribution="Reuters BIP Coding Group" action="confirmed" date="1997-05-22"/>
  </code>
</codes>
<dc element="dc.date.created" value="1997-05-21"/>
<dc element="dc.publisher" value="Reuters Holdings Plc"/>
<dc element="dc.date.published" value="1997-05-22"/>
<dc element="dc.source" value="Reuters"/>
<dc element="dc.creator.location" value="SALT LAKE CITY, Utah"/>
<dc element="dc.creator.location.country.name" value="USA"/>
<dc element="dc.source" value="Reuters"/>
</metadata>
</newsitem>
