<?xml version="1.0" encoding="iso-8859-1" ?>
<newsitem itemid="604507" id="root" date="1997-05-22" xml:lang="en">
<title>AUSTRIA: TENNIS-ST POELTEN GRAND PRIX QUARTER-FINAL RESULTS.</title>
<headline>TENNIS-ST POELTEN GRAND PRIX QUARTER-FINAL RESULTS.</headline>
<dateline>ST POELTEN, Austria 1997-05-22</dateline>
<text>
<p>Quarter-final results at the $425,000 St.Poelten Grand Prix men's tennis tournament on Thursday: Dominik Hrbaty (Slovakia) beat Karim Alami (Morocco) 6-1 6-2  </p>
<p>Marcelo Filippini (Uruguay) beat Tomas Nydahl (Sweden) 7-5 6-1  </p>
<p>7-Patrick Rafter (Australia) beat 1-Thomas Muster (Austria) 6-3 7-6 (7-0).</p>
<p>The fourth quarterfinal between Sjeng Schalken (Netherlands) and Magnus Norman (Sweden) was interrupted and postponed to Friday with score at 6-1 1-6 for Schalken.</p>
</text>
<copyright>(c) Reuters Limited 1997</copyright>
<metadata>
<codes class="bip:countries:1.0">
  <code code="AUST">
    <editdetail attribution="Reuters BIP Coding Group" action="confirmed" date="1997-05-22"/>
  </code>
  <code code="MOROC">
    <editdetail attribution="Reuters BIP Coding Group" action="confirmed" date="1997-05-22"/>
  </code>
  <code code="SLVAK">
    <editdetail attribution="Reuters BIP Coding Group" action="confirmed" date="1997-05-22"/>
  </code>
</codes>
<codes class="bip:topics:1.0">
  <code code="GCAT">
    <editdetail attribution="Reuters BIP Coding Group" action="confirmed" date="1997-05-22"/>
  </code>
  <code code="GSPO">
    <editdetail attribution="Reuters BIP Coding Group" action="confirmed" date="1997-05-22"/>
  </code>
</codes>
<dc element="dc.date.created" value="1997-05-22"/>
<dc element="dc.publisher" value="Reuters Holdings Plc"/>
<dc element="dc.date.published" value="1997-05-22"/>
<dc element="dc.source" value="Reuters"/>
<dc element="dc.creator.location" value="ST POELTEN, Austria"/>
<dc element="dc.creator.location.country.name" value="AUSTRIA"/>
<dc element="dc.source" value="Reuters"/>
</metadata>
</newsitem>
