<?xml version="1.0" encoding="iso-8859-1" ?>
<newsitem itemid="604501" id="root" date="1997-05-22" xml:lang="en">
<title>FRANCE: SOCCER-YUGOSLAV INTERNATIONAL SIGNS FOR LENS.</title>
<headline>SOCCER-YUGOSLAV INTERNATIONAL SIGNS FOR LENS.</headline>
<dateline>LENS, France 1997-05-22</dateline>
<text>
<p>Bastia's Yugoslav international striker Anto Drobnjak signed a three-year contract with fellow French first division side Lens on Thursday.</p>
<p>The contract signed by Drobnjak, who has scored 17 league goals this season, is worth 15 million francs ($3 million), according to sources close to the northern club.</p>
<p>Former Lens player Daniel Leclercq takes over as  coach with Roger Lemerre standing down after accepting the job on an interim basis following the sacking in mid-season of Slavo Muslin.</p>
<p>Lemerre, with Leclercq as assistant, has steered Lens clear of relegation in the closing weeks of the season.</p>
</text>
<copyright>(c) Reuters Limited 1997</copyright>
<metadata>
<codes class="bip:countries:1.0">
  <code code="FRA">
    <editdetail attribution="Reuters BIP Coding Group" action="confirmed" date="1997-05-22"/>
  </code>
  <code code="YUG">
    <editdetail attribution="Reuters BIP Coding Group" action="confirmed" date="1997-05-22"/>
  </code>
</codes>
<codes class="bip:topics:1.0">
  <code code="GCAT">
    <editdetail attribution="Reuters BIP Coding Group" action="confirmed" date="1997-05-22"/>
  </code>
  <code code="GSPO">
    <editdetail attribution="Reuters BIP Coding Group" action="confirmed" date="1997-05-22"/>
  </code>
</codes>
<dc element="dc.date.created" value="1997-05-22"/>
<dc element="dc.publisher" value="Reuters Holdings Plc"/>
<dc element="dc.date.published" value="1997-05-22"/>
<dc element="dc.source" value="Reuters"/>
<dc element="dc.creator.location" value="LENS, France"/>
<dc element="dc.creator.location.country.name" value="FRANCE"/>
<dc element="dc.source" value="Reuters"/>
</metadata>
</newsitem>
