<?xml version="1.0" encoding="iso-8859-1" ?>
<newsitem itemid="604634" id="root" date="1997-05-22" xml:lang="en">
<title>POLAND: BPH CONVERTIBLE BOND ISSUE OVERSUBSCRIBED.</title>
<headline>BPH CONVERTIBLE BOND ISSUE OVERSUBSCRIBED.</headline>
<dateline>WARSAW 1997-05-22</dateline>
<text>
<p>Polish Bank Przemyslowo-Handlowy's $100-million convertible five-year eurobond issue was oversubscribed, the bank's president said on Thursday.</p>
<p>Henryka Pieronkiewicz told a news conference the bonds, which were offered in London at a par value of $1,000, would start trade on the London exchange on Friday.</p>
<p>&quot;There were orders for $330 million worth bonds of the $100 million offered, which gave the issuer and the lead manager a possibility of selecting investors and setting good issue conditions,&quot; she said.</p>
<p>She said the bond yield was at 6.23 percent, 35 basis points below five-year U.S. treasury bonds. She declined to say who or how many investors took the bonds.</p>
<p>Pieronkiewicz said the bonds carry a coupon of three percent and will be exchangeable for 17,037 shares each.</p>
<p>Pieronkiewicz said she hoped all the bonds would be exchanged into shares.</p>
<p>&quot;We are sure the whole issue would be converted, the conditions of the issue let us think so,&quot; she said.</p>
<p>-- Warsaw Newsroom +48 22 653 9700</p>
</text>
<copyright>(c) Reuters Limited 1997</copyright>
<metadata>
<codes class="bip:countries:1.0">
  <code code="POL">
    <editdetail attribution="Reuters BIP Coding Group" action="confirmed" date="1997-05-22"/>
  </code>
</codes>
<codes class="bip:industries:1.0">
  <code code="I81402">
    <editdetail attribution="Reuters BIP Coding Group" action="confirmed" date="1997-05-22"/>
  </code>
</codes>
<codes class="bip:topics:1.0">
  <code code="C17">
    <editdetail attribution="Reuters BIP Coding Group" action="confirmed" date="1997-05-22"/>
  </code>
  <code code="C172">
    <editdetail attribution="Reuters BIP Coding Group" action="confirmed" date="1997-05-22"/>
  </code>
  <code code="CCAT">
    <editdetail attribution="Reuters BIP Coding Group" action="confirmed" date="1997-05-22"/>
  </code>
</codes>
<dc element="dc.date.created" value="1997-05-22"/>
<dc element="dc.publisher" value="Reuters Holdings Plc"/>
<dc element="dc.date.published" value="1997-05-22"/>
<dc element="dc.source" value="Reuters"/>
<dc element="dc.creator.location" value="WARSAW"/>
<dc element="dc.creator.location.country.name" value="POLAND"/>
<dc element="dc.source" value="Reuters"/>
</metadata>
</newsitem>
