<?xml version="1.0" encoding="iso-8859-1" ?>
<newsitem itemid="604674" id="root" date="1997-05-22" xml:lang="en">
<title>BELGIUM: BELGIAN TRADERS SEE SHORT-TERM YIELDS EASE AGAIN.</title>
<headline>BELGIAN TRADERS SEE SHORT-TERM YIELDS EASE AGAIN.</headline>
<dateline>BRUSSELS 1997-05-22</dateline>
<text>
<p>Belgian T-bill and short-term rates will slip again once the Belgian national bank's policy of reducing liquidity to bolster the franc will have lifted the currency, traders said on Thursday.</p>
<p>Three-month T-bills, still at 3.22/27 percent on Thursday, were at 3.27/39 on Thursday. The one-week repo rate was at 3.35/40 percent against 3.24/28 a day earlier.</p>
<p>&quot;No panic. The BNB has reduced liquidity to support the franc, the same tactics they always use,&quot; one trader said. &quot;It has always been a successful policy so they'll stick to it,&quot; another said.  </p>
<p>The franc was at 20.6420/30 to the mark, well above its ERM midpoint of 20.6255, but traders shrugged off the franc's relatively weak performance.</p>
<p>&quot;It's not really so much that the franc is weak, but rather that the mark is strong,&quot; one said.</p>
<p>Another said he would only start worrying if the franc weakened weaken to 20.67. &quot;But I don't believe this would happen...and even then...what's half a cent?&quot; he said.</p>
<p>Traders said they were more worried about the French elections. Pressure on the French franc would automatically infect the Belgian franc, they said.  </p>
<p>&quot;People seem to be expecting an easy victory for the centre-right majority but the French never have had elections that went smoothly, the second round has often been a close affair,&quot; one trader said.</p>
<p>OLOs had a rough ride on the back of sagging Bund futures and weak Treasuries. Ten-year paper yielded 5.99 percent against 5.90 on Wednesday.</p>
<p>The spread, which had narrowed to five from nine basis points on Wednesday, was back at eight bp, exemplifying the fact that Belgium often lags a selloff Bund futures in a bear market.</p>
<p>-- Bert Lauwers, Brussels Newsroom +32 2 287 6815, Fax +32 2 230 7710</p>
</text>
<copyright>(c) Reuters Limited 1997</copyright>
<metadata>
<codes class="bip:countries:1.0">
  <code code="BELG">
    <editdetail attribution="Reuters BIP Coding Group" action="confirmed" date="1997-05-22"/>
  </code>
</codes>
<codes class="bip:topics:1.0">
  <code code="M12">
    <editdetail attribution="Reuters BIP Coding Group" action="confirmed" date="1997-05-22"/>
  </code>
  <code code="M13">
    <editdetail attribution="Reuters BIP Coding Group" action="confirmed" date="1997-05-22"/>
  </code>
  <code code="M131">
    <editdetail attribution="Reuters BIP Coding Group" action="confirmed" date="1997-05-22"/>
  </code>
  <code code="MCAT">
    <editdetail attribution="Reuters BIP Coding Group" action="confirmed" date="1997-05-22"/>
  </code>
</codes>
<dc element="dc.date.created" value="1997-05-22"/>
<dc element="dc.publisher" value="Reuters Holdings Plc"/>
<dc element="dc.date.published" value="1997-05-22"/>
<dc element="dc.source" value="Reuters"/>
<dc element="dc.creator.location" value="BRUSSELS"/>
<dc element="dc.creator.location.country.name" value="BELGIUM"/>
<dc element="dc.source" value="Reuters"/>
</metadata>
</newsitem>
