<?xml version="1.0" encoding="iso-8859-1" ?>
<newsitem itemid="604626" id="root" date="1997-05-22" xml:lang="en">
<title>HUNGARY: HUNGARY MAIZE, WHEAT FUTURES PLUMMET ON RAIN.</title>
<headline>HUNGARY MAIZE, WHEAT FUTURES PLUMMET ON RAIN.</headline>
<dateline>BUDAPEST 1997-05-22</dateline>
<text>
<p>Hungarian maize and wheat futures went mostly limit-down as long-awaited rain arrived, Budapest Commodity Exchange (BCE) traders said on Thursday.</p>
<p>&quot;The rain caused the prices to fall and there was no upward from international markets either,&quot; said Mihaly Otvos of brokerage OTP Forex.</p>
<p>Maize prices dropped the daily allowed 400 forints per tonne for all but the July maturity which lost 320 forints to end at 20,000 forints.</p>
<p>Deferred milling wheat termins also went limit-down while of the nearest ones July lost 100 forints, August 270 and September 370 forints.</p>
<p>Feed barley dropped for maturities until October, feed wheat from August to December while virtually tradeless sunflower seed finished lower for November and December.</p>
<p>In the absence of buyers, turnover totalled a meagre 199.3 million forints or 416 lots, of which milling wheat accounted for 271 lots.</p>
<p>($1=181.39 Hungarian forints)</p>
<p>Lot size 20,000 kgs</p>
<p>-- Denes Albert, Budapest newsroom +36 1 327 4040</p>
</text>
<copyright>(c) Reuters Limited 1997</copyright>
<metadata>
<codes class="bip:countries:1.0">
  <code code="HUNG">
    <editdetail attribution="Reuters BIP Coding Group" action="confirmed" date="1997-05-22"/>
  </code>
</codes>
<codes class="bip:topics:1.0">
  <code code="M14">
    <editdetail attribution="Reuters BIP Coding Group" action="confirmed" date="1997-05-22"/>
  </code>
  <code code="M141">
    <editdetail attribution="Reuters BIP Coding Group" action="confirmed" date="1997-05-22"/>
  </code>
  <code code="MCAT">
    <editdetail attribution="Reuters BIP Coding Group" action="confirmed" date="1997-05-22"/>
  </code>
</codes>
<dc element="dc.date.created" value="1997-05-22"/>
<dc element="dc.publisher" value="Reuters Holdings Plc"/>
<dc element="dc.date.published" value="1997-05-22"/>
<dc element="dc.source" value="Reuters"/>
<dc element="dc.creator.location" value="BUDAPEST"/>
<dc element="dc.creator.location.country.name" value="HUNGARY"/>
<dc element="dc.source" value="Reuters"/>
</metadata>
</newsitem>
