<?xml version="1.0" encoding="iso-8859-1" ?>
<newsitem itemid="604637" id="root" date="1997-05-22" xml:lang="en">
<title>CZECH REPUBLIC: CROWN UNDER PRESSURE AS GOVT PONDERS RESHUFFLE.</title>
<headline>CROWN UNDER PRESSURE AS GOVT PONDERS RESHUFFLE.</headline>
<byline>Nigel Stephenson</byline>
<dateline>PRAGUE 1997-05-22</dateline>
<text>
<p>Speculators kept the Czech crown under severe pressure on Wednesday, while political leaders pondered a reshuffle to restore credibility to the beleaguered government.</p>
<p>The crown, which has been under selling pressure for more than a week on investor alarm at political uncertainty and a severe economic downturn, plunged to a new low in early trade, prompting fresh central bank action to defend the currency.</p>
<p>Prime Minister Vaclav Klaus said the crown's fall was a result of the &quot;nervous situation&quot; on the political scene and to opposition demands for a change in economic course.</p>
<p>&quot;I expect to take a number of clear actions. I have also talked about it with Mr President (Vaclav Havel). I'm persuaded that the coalition leaders who will show readiness to continue further in an unaltered economic course will be a stabilising factor,&quot; he said.</p>
<p>The central bank, which had in recent days directly intervened and sharply raised interest rates to support the crown, decided to limit non-residents' access to the Czech money market and shut off access to the last-resort Lombard credit facility and raised short-term rates even further.</p>
<p>&quot;This is not a reaction to events only this morning but to the situation that non-residents are taking big positions on the money market,&quot; bank board member Ludek Niedermeyer said.</p>
<p>The crown, which had earlier weakened to a new low of 6.4 percent below the mid-point of the dollar/mark basket against which it is fixed, immediately strengthened on the move but remained volatile. The currency stood at around -4.0 percent percent below parity at 1330 GMT.</p>
<p>Klaus told Czech Radio he would contact central bank governor Josef Tosvsky to discuss what &quot;symbolic&quot; action to take to help the crown.</p>
<p>Both the government and central bank have ruled out the devaluation which some analysts now say is inevitable.</p>
<p>But asked in a meeting with foreign journalists whether the cabinet had recently discussed the possiblity of a devaluation, Industry and Trade Minister Vladimir Dlouhy said: &quot;Not at all.&quot;</p>
<p>Leaders of the coalition parties were to meet during the day to discuss a government reshuffle agreed in principle on Wednesday. That decision followed a wave of criticism and internal coalition tension over the economic situation.</p>
<p>Dlouhy, whose Civic Democratic Alliance (ODA) party supports a reconstruction of the cabinet, said the reshuffle could take a few hours or until the end of next month.</p>
<p>Some analysts have said the centre-right government, and Klaus in particular, have run out of ideas.</p>
<p>&quot;He has his responsibility, as we all have, including responsibility for the fact that the government does not look as if it is acting,&quot; Dlouhy said.</p>
<p>However, he said the government had acted last month when it unveiled a package of measures to kick-start growth and curb burgeoning trade and current account deficits.</p>
<p>Dlouhy, who declined detailed comment on the battle over the crown, said the pressure on the currency was due to the time lag in the government measures taking effect.</p>
<p>&quot;It seems that for the moment the crown will stabilise but it may stabilise at a lower level which as a trade minister for the moment I would not mind,&quot; Dlouhy said, speaking before the latest round of attacks by speculators on the currency.</p>
<p>He denied the economy was in crisis and said preliminary April trade data, showing a narrowing of the trade gap to 11 billion crowns from 13-14 billion in the first quarter, was a positive sign.</p>
</text>
<copyright>(c) Reuters Limited 1997</copyright>
<metadata>
<codes class="bip:countries:1.0">
  <code code="CZREP">
    <editdetail attribution="Reuters BIP Coding Group" action="confirmed" date="1997-05-22"/>
  </code>
</codes>
<codes class="bip:topics:1.0">
  <code code="E12">
    <editdetail attribution="Reuters BIP Coding Group" action="confirmed" date="1997-05-22"/>
  </code>
  <code code="ECAT">
    <editdetail attribution="Reuters BIP Coding Group" action="confirmed" date="1997-05-22"/>
  </code>
  <code code="GCAT">
    <editdetail attribution="Reuters BIP Coding Group" action="confirmed" date="1997-05-22"/>
  </code>
  <code code="GPOL">
    <editdetail attribution="Reuters BIP Coding Group" action="confirmed" date="1997-05-22"/>
  </code>
  <code code="M13">
    <editdetail attribution="Reuters BIP Coding Group" action="confirmed" date="1997-05-22"/>
  </code>
  <code code="M132">
    <editdetail attribution="Reuters BIP Coding Group" action="confirmed" date="1997-05-22"/>
  </code>
  <code code="MCAT">
    <editdetail attribution="Reuters BIP Coding Group" action="confirmed" date="1997-05-22"/>
  </code>
</codes>
<dc element="dc.date.created" value="1997-05-22"/>
<dc element="dc.publisher" value="Reuters Holdings Plc"/>
<dc element="dc.date.published" value="1997-05-22"/>
<dc element="dc.source" value="Reuters"/>
<dc element="dc.creator.location" value="PRAGUE"/>
<dc element="dc.creator.location.country.name" value="CZECH REPUBLIC"/>
<dc element="dc.source" value="Reuters"/>
</metadata>
</newsitem>
