<?xml version="1.0" encoding="iso-8859-1" ?>
<newsitem itemid="604667" id="root" date="1997-05-22" xml:lang="en">
<title>ESTONIA: HOTEL OLUMPIA JAN-APR PROFIT 9.6 MLN KROONS.</title>
<headline>HOTEL OLUMPIA JAN-APR PROFIT 9.6 MLN KROONS.</headline>
<dateline>TALLINN 1997-05-22</dateline>
<text>
<p>Hotel Olumpia had a net profit of 9.6 million kroons during the first four months of the year, it said on Thursday.</p>
<p>&quot;The profit has increased by half compared to the same period last year,&quot; Tarmo Sumberg, the hotel's chairman, told Reuters.</p>
<p>Olumpia had a net turnover of 61 million kroons, which is up by 21 percent compared to the same period in 1996, he added.</p>
<p>Olumpia, which is one of the largest hotels in Estonia and is located in the centre of Tallinn, had in average occupancy rate of 57 percent in the first four months of the year.</p>
<p>The privatisation agency plans to sell 25.06 percent of its shares in a public offer set for June 30 to July 18.</p>
<p>-- Eva Palu, Tallinn Newsroom, +372 630 8400, reuters@reuters.ee</p>
</text>
<copyright>(c) Reuters Limited 1997</copyright>
<metadata>
<codes class="bip:countries:1.0">
  <code code="ESTNIA">
    <editdetail attribution="Reuters BIP Coding Group" action="confirmed" date="1997-05-22"/>
  </code>
</codes>
<codes class="bip:industries:1.0">
  <code code="I66500">
    <editdetail attribution="Reuters BIP Coding Group" action="confirmed" date="1997-05-22"/>
  </code>
</codes>
<codes class="bip:topics:1.0">
  <code code="C15">
    <editdetail attribution="Reuters BIP Coding Group" action="confirmed" date="1997-05-22"/>
  </code>
  <code code="C151">
    <editdetail attribution="Reuters BIP Coding Group" action="confirmed" date="1997-05-22"/>
  </code>
  <code code="CCAT">
    <editdetail attribution="Reuters BIP Coding Group" action="confirmed" date="1997-05-22"/>
  </code>
</codes>
<dc element="dc.date.created" value="1997-05-22"/>
<dc element="dc.publisher" value="Reuters Holdings Plc"/>
<dc element="dc.date.published" value="1997-05-22"/>
<dc element="dc.source" value="Reuters"/>
<dc element="dc.creator.location" value="TALLINN"/>
<dc element="dc.creator.location.country.name" value="ESTONIA"/>
<dc element="dc.source" value="Reuters"/>
</metadata>
</newsitem>
