<?xml version="1.0" encoding="iso-8859-1" ?>
<newsitem itemid="604613" id="root" date="1997-05-22" xml:lang="en">
<title>POLAND: SWARZEDZ REVISES DOWN 1996 RESULTS.</title>
<headline>SWARZEDZ REVISES DOWN 1996 RESULTS.</headline>
<dateline>WARSAW 1997-05-22</dateline>
<text>
<p>Polish furniture maker Swarzedz SA said its net loss in 1996 amounted to 53.9 million zlotys against the earlier reported 39.5 million due to financial restructuring at the firm, Swarzedz said in a statement.</p>
<p>The company said in a Thursday statement that it was likely to show a 4.4-million-zloty net loss in 1997 because of its high financial costs but said its sales should rise 63.7 percent to 167.9 million zlotys, as it had forecast earlier.</p>
<p>It said the 1996 results revision should not influence the company's group results, scheduled for publishing on July 22.</p>
<p>Swarzedz has a debt of 63 million zlotys, half of which will be paid off with shares.</p>
<p>It plans to issue 3.125 million shares to creditors in the third quarter and to offer current shareholders another 3.5 million shares.</p>
<p>-- Warsaw Newsroom +48 22 653 9700</p>
</text>
<copyright>(c) Reuters Limited 1997</copyright>
<metadata>
<codes class="bip:countries:1.0">
  <code code="POL">
    <editdetail attribution="Reuters BIP Coding Group" action="confirmed" date="1997-05-22"/>
  </code>
</codes>
<codes class="bip:industries:1.0">
  <code code="I46700">
    <editdetail attribution="Reuters BIP Coding Group" action="confirmed" date="1997-05-22"/>
  </code>
</codes>
<codes class="bip:topics:1.0">
  <code code="C15">
    <editdetail attribution="Reuters BIP Coding Group" action="confirmed" date="1997-05-22"/>
  </code>
  <code code="C151">
    <editdetail attribution="Reuters BIP Coding Group" action="confirmed" date="1997-05-22"/>
  </code>
  <code code="C1511">
    <editdetail attribution="Reuters BIP Coding Group" action="confirmed" date="1997-05-22"/>
  </code>
  <code code="CCAT">
    <editdetail attribution="Reuters BIP Coding Group" action="confirmed" date="1997-05-22"/>
  </code>
</codes>
<dc element="dc.date.created" value="1997-05-22"/>
<dc element="dc.publisher" value="Reuters Holdings Plc"/>
<dc element="dc.date.published" value="1997-05-22"/>
<dc element="dc.source" value="Reuters"/>
<dc element="dc.creator.location" value="WARSAW"/>
<dc element="dc.creator.location.country.name" value="POLAND"/>
<dc element="dc.source" value="Reuters"/>
</metadata>
</newsitem>
