<?xml version="1.0" encoding="iso-8859-1" ?>
<newsitem itemid="604669" id="root" date="1997-05-22" xml:lang="en">
<title>LITHUANIA: LITHUANIAN SHIPPING COMPANIES CARRY LESS CARGOES.</title>
<headline>LITHUANIAN SHIPPING COMPANIES CARRY LESS CARGOES.</headline>
<dateline>VILNIUS 1997-05-22</dateline>
<text>
<p>Lithuanian shipping companies carried 13.2 percent less cargoes in the first quarter of 1997 compared to the same period last year, the country's statistics department said on Thursday.</p>
<p>The department said in a statement that the volume of goods carried by Lithuania's shipping companies amounted to 1.07 million tonnes during the first three months of the year.</p>
<p>It also said that the volume of goods transported from the port of Klaipeda by Lithuanian shipping companies was 111,900 tonnes in the first quarter of 1997, a sharp fall of 38.9 percent compared to the same period last year.</p>
<p>The statement said that the volume of cargo transported by Lithuania's shipping companies to Klaipeda amounted to 160,800 tonnes in the first quarter, a 27.3 percent decline versus the same period in 1996.</p>
<p>Lithuanian shipping companies transported 792,900 tonnes of cargoes between foreign ports in the first quarter of 1997, a decrease of 3.7 percent compared to the same period in 1996, the statement said.</p>
<p>--Andrius Vilkancas, Vilnius newsroom +370 2 22 35 17</p>
</text>
<copyright>(c) Reuters Limited 1997</copyright>
<metadata>
<codes class="bip:countries:1.0">
  <code code="LITH">
    <editdetail attribution="Reuters BIP Coding Group" action="confirmed" date="1997-05-22"/>
  </code>
</codes>
<codes class="bip:industries:1.0">
  <code code="I74000">
    <editdetail attribution="Reuters BIP Coding Group" action="confirmed" date="1997-05-22"/>
  </code>
  <code code="I77002">
    <editdetail attribution="Reuters BIP Coding Group" action="confirmed" date="1997-05-22"/>
  </code>
</codes>
<codes class="bip:topics:1.0">
  <code code="C31">
    <editdetail attribution="Reuters BIP Coding Group" action="confirmed" date="1997-05-22"/>
  </code>
  <code code="CCAT">
    <editdetail attribution="Reuters BIP Coding Group" action="confirmed" date="1997-05-22"/>
  </code>
</codes>
<dc element="dc.date.created" value="1997-05-22"/>
<dc element="dc.publisher" value="Reuters Holdings Plc"/>
<dc element="dc.date.published" value="1997-05-22"/>
<dc element="dc.source" value="Reuters"/>
<dc element="dc.creator.location" value="VILNIUS"/>
<dc element="dc.creator.location.country.name" value="LITHUANIA"/>
<dc element="dc.source" value="Reuters"/>
</metadata>
</newsitem>
