<?xml version="1.0" encoding="iso-8859-1" ?>
<newsitem itemid="604648" id="root" date="1997-05-22" xml:lang="en">
<title>CZECH REPUBLIC: CZECH C.BANK INTERVENING TO SUPPORT CROWN - DEALER.</title>
<headline>CZECH C.BANK INTERVENING TO SUPPORT CROWN - DEALER.</headline>
<dateline>PRAGUE 1997-05-22</dateline>
<text>
<p>The Czech National Bank (CNB), for the second time on Thursday, has entered the market to support the crown after it fell some 1.5 percentage points against its dollar/mark basket parity.</p>
<p>&quot;They are in again,&quot; said Petr Korous of Ceskoslovenska Obchodni Banka in Prague.</p>
<p>He added that he was not sure of the volumes the central bank was dealing in.  </p>
<p>After holding steady at around -3.5 percent below basket parity following the initial intervention and subsequent central bank moves to tighten market liquidity, the crown fell to -5.06.</p>
<p>Dealers said the fall was due mainly to a large investment house in London flooding the market with crowns.</p>
<p>But the central bank's intervention pulled the crown back up, with it trading at about -3.6 percent at 1145 GMT.  </p>
<p>The CNB has been waging a war against investors to keep the crown from crashing since last week when a wave of short-selling pushed the currency to more than five percent below the mid-point of the dollar/mark basket, which the central bank uses to fix the crown's exchange rate daily.</p>
<p>Central bank and government officials to date have adamantly ruled out a devaluation of the currency.</p>
<p>Last Friday the CNB raised the Lombard rate from 14 percent to 50 percent in a move bolster the crown, once regarded as the most stable currency in post-communist central Europe.</p>
<p>The CNB through the course of the week has gradually restricted access to the Lombard facility, the last resort lending facility for banks, squeezing market liquidity and further boosting the crown.</p>
<p>The central bank fixed the crown at 30.629 to the dollar and 18.081 to the mark on Thursday, implying a deviation against basket parity of - 3.00 percent after a fixing of -2.27 percent on Wednesday.</p>
<p>-- Alan Crosby, Prague Newsroom, 420-2-2423-0003</p>
</text>
<copyright>(c) Reuters Limited 1997</copyright>
<metadata>
<codes class="bip:countries:1.0">
  <code code="CZREP">
    <editdetail attribution="Reuters BIP Coding Group" action="confirmed" date="1997-05-22"/>
  </code>
</codes>
<codes class="bip:topics:1.0">
  <code code="E12">
    <editdetail attribution="Reuters BIP Coding Group" action="confirmed" date="1997-05-22"/>
  </code>
  <code code="ECAT">
    <editdetail attribution="Reuters BIP Coding Group" action="confirmed" date="1997-05-22"/>
  </code>
  <code code="M13">
    <editdetail attribution="Reuters BIP Coding Group" action="confirmed" date="1997-05-22"/>
  </code>
  <code code="M132">
    <editdetail attribution="Reuters BIP Coding Group" action="confirmed" date="1997-05-22"/>
  </code>
  <code code="MCAT">
    <editdetail attribution="Reuters BIP Coding Group" action="confirmed" date="1997-05-22"/>
  </code>
</codes>
<dc element="dc.date.created" value="1997-05-22"/>
<dc element="dc.publisher" value="Reuters Holdings Plc"/>
<dc element="dc.date.published" value="1997-05-22"/>
<dc element="dc.source" value="Reuters"/>
<dc element="dc.creator.location" value="PRAGUE"/>
<dc element="dc.creator.location.country.name" value="CZECH REPUBLIC"/>
<dc element="dc.source" value="Reuters"/>
</metadata>
</newsitem>
