<?xml version="1.0" encoding="iso-8859-1" ?>
<newsitem itemid="604694" id="root" date="1997-05-22" xml:lang="en">
<title>UK: Old mattresses may increase cot death risk - study.</title>
<headline>Old mattresses may increase cot death risk - study.</headline>
<byline>Jonathan Birt</byline>
<dateline>LONDON 1996-05-23</dateline>
<text>
<p>Putting babies to sleep on an old mattress may increase the risk of cot death, Scottish researchers said on Friday.</p>
<p>A study of 201 cases of sudden infant death syndrome in Scotland found that sleeping on a mattress previously used by another child or adult may be an additional factor behind infant deaths.</p>
<p>&quot;The results from the mattress analysis were unexpected,&quot; said the report, published in the British Medical Journal.</p>
<p>However, the study also found that there appeared to be no risk from sleeping on mattresses covered with PVC.</p>
<p>This contradicts the view that PVC covers could themselves be a factor in cot deaths, with household fungi interacting with fire-retardant chemicals and releasing toxic gases.</p>
<p>&quot;The failure to establish risk with mattresses completely covered with PVC may be because they can be kept clean, regardless of age, while others cannot,&quot; the study said.</p>
<p>However the scientists, from the Scottish Cot Death Trust, the University of Glasgow and the University of Edinburgh Medical School, said the findings needed confirmation before recommendations could be made to parents.</p>
<p>The English-based Foundation for the Study of Infant Deaths (FISD) said it was worried the study could unnecessarily alarm parents who could not afford new mattresses for each baby.</p>
<p>It said the preliminary findings of the study were found only for mattresses which were difficult to keep clean, mainly those with ventilation holes &quot;which tend to be a sump for dribble and vomit.&quot;</p>
<p>The report &quot;reinforces long-standing advice that mattresses must be kept clean,&quot; the foundation said.</p>
<p>Other findings by the Scottish researchers confirmed what are now widely accepted as being major risk factors in cot deaths. They said smoking by parents is currently the most significant controllable risk, and that bed-sharing with an infant should be discouraged if the mother smokes.</p>
<p>The study also repeated advice first established in New Zealand that babies should be put to bed on their backs rather than on their front or side.</p>
<p>In a reminder of standard advice to parents worried about cot deaths, the secretary-general of the FISD Joyce Epstein said &quot;it is obvious that clean mattresses are preferable to dirty ones. Parents who have their baby on a clean mattress need not rush out to buy a new one. The important messages to remember are: sleep babies on their backs, don't smoke around them, ensure they don't overheat...and seek medical advice if you are worried about their health.&quot;</p>
</text>
<copyright>(c) Reuters Limited 1997</copyright>
<metadata>
<codes class="bip:countries:1.0">
  <code code="UK">
    <editdetail attribution="Reuters BIP Coding Group" action="confirmed" date="1997-05-22"/>
  </code>
</codes>
<codes class="bip:topics:1.0">
  <code code="GCAT">
    <editdetail attribution="Reuters BIP Coding Group" action="confirmed" date="1997-05-22"/>
  </code>
  <code code="GHEA">
    <editdetail attribution="Reuters BIP Coding Group" action="confirmed" date="1997-05-22"/>
  </code>
</codes>
<dc element="dc.date.created" value="1996-05-23"/>
<dc element="dc.publisher" value="Reuters Holdings Plc"/>
<dc element="dc.date.published" value="1997-05-22"/>
<dc element="dc.source" value="Reuters"/>
<dc element="dc.creator.location" value="LONDON"/>
<dc element="dc.creator.location.country.name" value="UK"/>
<dc element="dc.source" value="Reuters"/>
</metadata>
</newsitem>
