<?xml version="1.0" encoding="iso-8859-1" ?>
<newsitem itemid="604724" id="root" date="1997-05-22" xml:lang="en">
<title>UK: LIFFE coffee holds at highs but spurns NY gains.</title>
<headline>LIFFE coffee holds at highs but spurns NY gains.</headline>
<dateline>LONDON 1997-05-22</dateline>
<text>
<p>Robusta coffee futures closed mostly lower on the day, content to hold at the day's highs but spurning the bullish gyrations of the New York market, traders said on Thursday.</p>
<p>July arabicas surged early to hit a new life-high of 264.00 cents/lb after technically-driven speculative and local buying triggered buy stops above 262.00.</p>
<p>But London traders said fund players were already sufficiently long in robustas and a move of around $30 would be needed to lure them back into the market.</p>
<p>&quot;It's got to get to $2,150 to break fund buying stops or get down towards $2,000 to bring in a lot of buyers,&quot; said one.</p>
<p>&quot;The funds went very long early in the week and people started to panic,&quot; he said, explaining why London coffee had backed away off highs on Thursday afternoon despite the surge in New York.</p>
<p>At the close July robustas stood $8 lower at $2,082, with September off $15 at $2,100. Volume amounted to 5,017 lots.</p>
<p>Another trader said New York had rallied on rumours of cold weather moving into Brazil, and although the frost season was approaching there should be no concern as yet.</p>
<p>&quot;It's hard not to gear your position to the upside,&quot; he said.</p>
<p>Meteorologists in Brazil said the outlook for an approaching polar air mass remained unchanged, with no frosts forecast for coffee areas.</p>
<p>Early Saturday morning temperatures should fall in Sao Paulo and south Minas Gerais but no frost is forecast.</p>
<p>--London Newsroom +44 171 542 8064</p>
</text>
<copyright>(c) Reuters Limited 1997</copyright>
<metadata>
<codes class="bip:countries:1.0">
  <code code="UK">
    <editdetail attribution="Reuters BIP Coding Group" action="confirmed" date="1997-05-22"/>
  </code>
</codes>
<codes class="bip:topics:1.0">
  <code code="M14">
    <editdetail attribution="Reuters BIP Coding Group" action="confirmed" date="1997-05-22"/>
  </code>
  <code code="M141">
    <editdetail attribution="Reuters BIP Coding Group" action="confirmed" date="1997-05-22"/>
  </code>
  <code code="MCAT">
    <editdetail attribution="Reuters BIP Coding Group" action="confirmed" date="1997-05-22"/>
  </code>
</codes>
<dc element="dc.date.created" value="1997-05-22"/>
<dc element="dc.publisher" value="Reuters Holdings Plc"/>
<dc element="dc.date.published" value="1997-05-22"/>
<dc element="dc.source" value="Reuters"/>
<dc element="dc.creator.location" value="LONDON"/>
<dc element="dc.creator.location.country.name" value="UK"/>
<dc element="dc.source" value="Reuters"/>
</metadata>
</newsitem>
