<?xml version="1.0" encoding="iso-8859-1" ?>
<newsitem itemid="604708" id="root" date="1997-05-22" xml:lang="en">
<title>UK: Med oil products pressured by Russian export flows.</title>
<headline>Med oil products pressured by Russian export flows.</headline>
<dateline>LONDON 1997-05-22</dateline>
<text>
<p>Plentiful Russian material pressured Mediterranean oil products Thursday, traders said.</p>
<p>Gasoline was firm amid healthy demand out of Italy, a number of Eastern Med countries and north Africa. Premium unleaded was assessed at Med fob quotes +$2.50/+$4.50 or around $213/$216.</p>
<p>Naphtha was fairly balanced with pockets of demand amid a tightish market. There was talk of demand into Lavera and that a Spanish refinery also had a small requirement. Full-range cargo prices were assessed around $183/$188 cif NWE.</p>
<p>The market for 0.2 percent sulphur gas oil remained oversupplied with plentiful avails flowing from the Black Sea ports. Russian material was valued weaker at high cif quotes -$1.00-$1.50 basis Genoa, down from +$1.00 earlier in the week.</p>
<p>Some buying interest was seen for high sulphur gas oil and jet combo cargoes from West and South Africa, while the EN590 market was buoyed by demand from northern European buyers. A small Greek buying tender for EN590 closes on May 27.</p>
<p>Med fuel oil markets have become saturated by Russian material with the normal outlets not soaking it up.</p>
<p>&quot;There is lots of Russian coming out both north and south and its putting high sulphur cracked under pressure because it is all coming out at cracked levels,&quot; said one trader.</p>
<p>As an indicator of poor demand an M-40 cargo that had sat outside Augusta for some days was put into tankage. Other cargoes were loading without destinations confirmed.</p>
<p>Buyers said low sulphur &quot;was not exactly over-supplied&quot; but the shortage was more than compensated by other grades. Russian supply was heard offered into Italy from as far as the Baltics.</p>
<p>But dealers said outright numbers were not yet coming off, although premiums have been eaten into.</p>
</text>
<copyright>(c) Reuters Limited 1997</copyright>
<metadata>
<codes class="bip:countries:1.0">
  <code code="UK">
    <editdetail attribution="Reuters BIP Coding Group" action="confirmed" date="1997-05-22"/>
  </code>
</codes>
<codes class="bip:topics:1.0">
  <code code="M14">
    <editdetail attribution="Reuters BIP Coding Group" action="confirmed" date="1997-05-22"/>
  </code>
  <code code="M143">
    <editdetail attribution="Reuters BIP Coding Group" action="confirmed" date="1997-05-22"/>
  </code>
  <code code="MCAT">
    <editdetail attribution="Reuters BIP Coding Group" action="confirmed" date="1997-05-22"/>
  </code>
</codes>
<dc element="dc.date.created" value="1997-05-22"/>
<dc element="dc.publisher" value="Reuters Holdings Plc"/>
<dc element="dc.date.published" value="1997-05-22"/>
<dc element="dc.source" value="Reuters"/>
<dc element="dc.creator.location" value="LONDON"/>
<dc element="dc.creator.location.country.name" value="UK"/>
<dc element="dc.source" value="Reuters"/>
</metadata>
</newsitem>
