<?xml version="1.0" encoding="iso-8859-1" ?>
<newsitem itemid="678676" id="root" date="1997-06-22" xml:lang="en">
<title>FRANCE: ROWING-WORLD CUP REGATTA RESULTS.</title>
<headline>ROWING-WORLD CUP REGATTA RESULTS.</headline>
<dateline>PARIS 1997-06-22</dateline>
<text>
<p>Results of finals at a World Cup</p>
<p>regatta on Sunday:</p>
<p>Men</p>
<p>Single sculls</p>
<p> 1. Iztok Cop (Slovenia)     6 minutes 43.10 seconds</p>
<p> 2. Ibrahim Ali (Egypt)			    6:44.30</p>
<p> 3. Fredrik Bekken(Norway)			 6:51.63</p>
<p> 4. Andris Reihnolds (Latvia)		    6:52.37</p>
<p> 5. Horst Nussbaumer(Austria 2)		  6:57.79</p>
<p> 6. Greg Searle(Britain)			   7:01.29</p>
<p>World Cup points:</p>
<p> 1. Slovenia	     8 points</p>
<p> 2. Egypt		  6</p>
<p> 3. Norway		 5</p>
<p> 4. Latvia		 4</p>
<p> 5. Austria		3</p>
<p> 6. Britain		2</p>
<p> 7. United States	1</p>
<p>World Cup standings after 2 events:</p>
<p> 1. Slovenia	    16</p>
<p> 2. Egypt		 12</p>
<p> 3 equal. Latvia	 8</p>
<p> 3 equal. Norway	 8</p>
<p> 5. United States	6</p>
<p>Double sculls</p>
<p>1. Germany (Stephan Volkert, Andreas Hajek) 6:14.58</p>
<p>2. Norway (Kjetil Undset, Steffen Storseth) 6:16.53</p>
<p> 3. Australia (Marcus Free, Duncan Free)     6:17.04</p>
<p> 4. Belgium					    6:19.30</p>
<p> 5. Poland					     6:25.79</p>
<p> 6. Ukraine					    6:27.90</p>
<p>World Cup points:</p>
<p> 1. Germany		8</p>
<p> 2. Norway		 6</p>
<p> 3. Australia	    5</p>
<p> 4. Belgium		4</p>
<p> 5. Poland		 3</p>
<p> 6. Ukraine		2</p>
<p>World Cup standings after 2 events:</p>
<p> 1. Norway		14</p>
<p> 2. Germany	     13</p>
<p> 3. Ukraine		8</p>
<p> 4. Poland		 6</p>
<p> 5. Australia	    5</p>
<p>Quadruple sculls</p>
<p>1. Belarus(Denis Tabako, Guennadi Tapounov, Oleg</p>
<p>    Solomakhine, Konstantin Belevitch)	 5:48.63</p>
<p>2. Australia(Richard Roach, Stuart Reside, Martin</p>
<p>    Inglis, Craig Jones)			   5:49.82</p>
<p>3. Switzerland(Andre Vonarburg, Andras Bihrer, Michael</p>
<p>    Erdlen, Simon Sturm)			   5:50.54</p>
<p> 4. France					     5:51.32</p>
<p> 5. Sweden					     5:52.47</p>
<p> 6. Norway					     5:53.83</p>
<p>World Cup points:</p>
<p> 1. Belarus		8</p>
<p> 2. Australia	    6</p>
<p> 3. Switzerland	  5</p>
<p> 4. France		 4</p>
<p> 5. Sweden		 3</p>
<p> 6. Norway		 2</p>
<p> 7. Poland		 1</p>
<p>World Cup standings after 2 events:</p>
<p> 1. Belarus	     11</p>
<p> 2. Germany		8</p>
<p> 3 equal. France	 6</p>
<p>3 equal. Netherlands  6</p>
<p> 5. Russia		 5</p>
<p>Coxless pairs</p>
<p>1. Lithuania (Einius Petkus, Juozas Bagdonas)  6:26.61</p>
<p>2. Britain 1 (Robert Thatcher, Ben Hunt-Davis) 6:27.02</p>
<p>3. France 1 (Vicent Malizewski, Bernard Roche) 6:28.33</p>
<p> 4. Romania						 6:30.81</p>
<p> 5. Croatia 1					     6:33.77</p>
<p> 6. Australia 1					   6:35.28</p>
<p>World Cup points:</p>
<p> 1. Lithuania	    8</p>
<p> 2. Britain		6</p>
<p> 3. France		 5</p>
<p> 4. Romania		4</p>
<p> 5. Croatia		3</p>
<p> 6. Australia	    2</p>
<p> 7. Poland		 1</p>
<p>World Cup standings after 2 events:</p>
<p> 1. Britain	     12</p>
<p> 2. Croatia	     11</p>
<p> 3 equal. France	10</p>
<p> 3 equal. Lithuania   10</p>
<p> 5. Germany		4</p>
<p>Coxless fours</p>
<p>1. Britain (James Cracknell, Steven Redgrave, Tim</p>
<p>    Foster, Matthew Pinsent)			  5:48.16</p>
<p>2. France 1 (Jean-Christophe Rolland, Michel Andrieux,</p>
<p>    Gilles Bosquet, Daniel Fauche)		  5:48.93</p>
<p>3. France 2 (Oliveier Moncelet, Bertrand Vecten,</p>
<p>    Antoine Beghin, Laurent Beghin)		 5:50.75</p>
<p> 4. Poland						  5:55.07</p>
<p> 5. Germany						 5:56.35</p>
<p> 6. Romania						 5:56.86</p>
<p>World Cup points:</p>
<p> 1. Britain		8</p>
<p> 2. France		 6</p>
<p> 3. Poland		 4</p>
<p> 4. Germany		3</p>
<p> 5. Romania		2</p>
<p>World Cup standings after 2 events:</p>
<p> 1. Britain	     16</p>
<p> 2. Germany		9</p>
<p> 3 equal. France	 6</p>
<p> 3 equal. Poland	 6</p>
<p> 5. Croatia		5</p>
<p>Eights</p>
<p> 1. Australia					     5:29.52</p>
<p> 2. Romania						 5:31.09</p>
<p> 3. Germany						 5:34.25</p>
<p> 4. Britain						 5:36.24</p>
<p> 5. France						  5:44.68</p>
<p>World Cup points:</p>
<p> 1. Australia	    8</p>
<p> 2. Romania		6</p>
<p> 3. Germany		5</p>
<p> 4. Britain		4</p>
<p> 5. France		 3</p>
<p>World Cup standings after 2 events:</p>
<p> 1. Germany	     13</p>
<p> 2 equal. Britain     10</p>
<p> 2 equal. Romania     10</p>
<p> 4. Australia	    8</p>
<p> 5. France		 6</p>
<p>Lightweight double sculls</p>
<p> 1. Germany (Ingo Euler, Bernhard Rahling)	6:18.76</p>
<p> 2. Switzerland (Markus Gier, Michael Gier)     6:19.09</p>
<p> 3. France 1 (Frederic Dufour, Pascal Touron)   6:19.86</p>
<p> 4. Austria						 6:24.63</p>
<p> 5. Australia					     6:28.64</p>
<p> 6. Poland						  6:28.91</p>
<p>World Cup points:</p>
<p> 1. Germany		8</p>
<p> 2. Switzerland	  6</p>
<p> 3. France		 5</p>
<p> 4. Austria		4</p>
<p> 5. Australia	    3</p>
<p> 6. Poland		 2</p>
<p>World Cup standings after 2 events:</p>
<p> 1. Germany	     16</p>
<p> 2 equal. Austria     10</p>
<p> 2 equal. France	10</p>
<p> 4. Switzerland	  9</p>
<p> 5. Sweden		 4</p>
<p>Lightweight coxless fours</p>
<p>1. Denmark (Thomas Ebert, Thomas Poulsen, Eskild</p>
<p>    Ebbesen, Victor Feddersen)			5:51.54</p>
<p>2. France 1 (Xavier Dorfmann, Laurent Porchier,Yves</p>
<p>    Hocde, Frederic Pinon)			    5:54.58</p>
<p>3. Germany (Markus Mielke, Jan Herzog, Martin Weis,</p>
<p>    Roland Handle)					5:56.73</p>
<p> 4. Britain 1					     5:58.13</p>
<p> 5. Britain 2					     6:01.41</p>
<p> 6. Ireland						 6:03.48</p>
<p>World Cup points:</p>
<p> 1. Denmark		8</p>
<p> 2. France		 6</p>
<p> 3. Germany		5</p>
<p> 4. Britain		4</p>
<p> 5. Ireland		2</p>
<p>World Cup standings after 2 events:</p>
<p> 1. Denmark	     16</p>
<p> 2. France		12</p>
<p> 3. Britain		9</p>
<p> 4. Germany		8</p>
<p> 5. Ireland		2</p>
<p>Women</p>
<p>Single sculls</p>
<p> 1. Ekaterina Khodotovitch (Belarus)	    7:18.24</p>
<p> 2 .Kathrin Boron (Germany 1)		     7:22.31</p>
<p> 3. Rouniana Neikova (Bulgaria)		   7:24.71</p>
<p> 4. Maria Brandin (Sweden)			  7:31.22</p>
<p> 5. Trine Hansen (Denmark)			  7:36.54</p>
<p> 6. Kristine Bjerknes (Norway)		    7:39.54</p>
<p> 7. Celine Garcia (France)			  7:41.89</p>
<p>World Cup points:</p>
<p> 1. Belarus	    8 points</p>
<p> 2. Germany	    6</p>
<p> 3. Bulgaria	   5</p>
<p> 4. Sweden	     4</p>
<p> 5. Denmark	    3</p>
<p> 6. Norway	     2</p>
<p> 7. France	     1</p>
<p>World Cup standings after 2 events:</p>
<p> 1. Belarus	   16</p>
<p> 2 equal. Bulgaria   9</p>
<p> 2 equal. Denmark    9</p>
<p> 2 equal. Sweden     9</p>
<p> 5. Germany	    8</p>
<p>Double sculls</p>
<p>1. Germany (Christiane Will, Daniela Molle)  6:50.84</p>
<p>2. Britain (Miriam Batten, Gillian Lindsay)  6:52.71</p>
<p>3. Switzerland (Caroline Luthi, Bernadette Vicki)</p>
<p>							    6:55.41</p>
<p> 4. Romania					     6:57.30</p>
<p> 5. Lithuania					   6:58.15</p>
<p> 6. Australia					   7:03.25</p>
<p>World Cup points:</p>
<p> 1. Germany	    8</p>
<p> 2. Britain	    6</p>
<p> 3. Switzerland	5</p>
<p> 4. Romania	    4</p>
<p> 5. Lithuania	  3</p>
<p> 6. Australia	  2</p>
<p> 7. Latvia	     1</p>
<p>World Cup standings after 2 events:</p>
<p> 1. Germany	   16</p>
<p> 2. Lithuania	  9</p>
<p> 3. Switzerland	8</p>
<p> 4 equal. Britain    6</p>
<p> 4 equal. Latvia     6</p>
<p>Quadruple sculls</p>
<p>1. Germany (Manuela Lutze, Meike Evers, Jana Thieme,</p>
<p>    Kerstin Koppen)				     6:22.19</p>
<p>2. Ukraine (Dina Niftaxhoutdinova, Svetlana Maziy, Inna</p>
<p>    Frolova, Olena Ronzina)			   6:25.94</p>
<p>3. Denmark 1 (Ulla Hansen, Stine Pedersen, Inger Pors,</p>
<p>    Sarah Lauritzen)				    6:26.27</p>
<p> 4. Belarus						 6:33.76</p>
<p> 5. Britain						 6:43.61</p>
<p> 6. Demark 2						6:54.00</p>
<p>World Cup points:</p>
<p> 1. Germany	    8</p>
<p> 2. Ukraine	    6</p>
<p> 3. Denmark	    5</p>
<p> 4. Belarus	    4</p>
<p> 5. Britain	    3</p>
<p>World Cup standings after 2 events:</p>
<p> 1. Germany	   16</p>
<p> 2. Ukraine	   11</p>
<p> 3. Denmark	    9</p>
<p>4 equal. Australia  6</p>
<p> 4 equal. Russia     6</p>
<p>Coxless pairs</p>
<p>1. Romania (Georgeta Damian, Veronica Cochela)  7:09.24</p>
<p> 2. Britain 1 (Dot Blackie, Cath Bishop)	   7:12.83</p>
<p>3. Australia 1 (Bronwyn Thompson, Rachael Taylor)</p>
<p>								 7:15.28</p>
<p> 4. Britain 2						7:19.21</p>
<p> 5. Belarus 1						7:23.26</p>
<p> 6. Germany						  7:27.38</p>
<p>World Cup points:</p>
<p> 1. Romania	    8</p>
<p> 2. Britain	    6</p>
<p> 3. Australia	  5</p>
<p> 4. Belarus	    3</p>
<p> 5. Germany	    2</p>
<p>World Cup standings after 2 events:</p>
<p> 1 equal. Germany    8</p>
<p> 1 equal. Romania    8</p>
<p> 1 equal. Russia     8</p>
<p> 4. Britain	    6</p>
<p> 5. Australia	  5</p>
<p>Eights</p>
<p> 1. Romania						  6:14.02</p>
<p> 2. Belarus						  6:26.43</p>
<p>World Cup points:</p>
<p> 1. Romania	     8 points</p>
<p> 2. Belarus	     6</p>
<p>World Cup standings after 2 events:</p>
<p> 1. Romania	    16</p>
<p> 2. Belarus	    11</p>
<p> 3. Germany	     6</p>
<p>Lightweight double sculls</p>
<p> 1. Sweden (Monika Knejp, Kristina Knejp)	  7:01.38</p>
<p> 2. Germany (Michelle Darvill, Angelika Brand)   7:02.16</p>
<p> 3. Romania (Maria Sava, Camelia Macoviciuc)     7:02.60</p>
<p> 4. Denmark						  7:05.27</p>
<p> 5. Greece						   7:16.40</p>
<p>World Cup points:</p>
<p> 1. Sweden		8</p>
<p> 2 .Germany	     6</p>
<p> 3. Romania	     5</p>
<p> 4. Denmark	     4</p>
<p> 5. Greece		3</p>
<p>World Cup standings after 2 events:</p>
<p> 1 equal. Denmark    12</p>
<p> 1 equal. Germany    12</p>
<p> 3. Romania	    10</p>
<p> 4. Sweden		8</p>
<p> 5. France		3</p>
<p>Overall standings:</p>
<p> 1. Germany	   139</p>
<p> 2. Britain	    73</p>
<p> 3. France	     55</p>
<p> 4. Romania	    54</p>
<p> 5. Denmark	    46</p>
</text>
<copyright>(c) Reuters Limited 1997</copyright>
<metadata>
<codes class="bip:countries:1.0">
  <code code="FRA">
    <editdetail attribution="Reuters BIP Coding Group" action="confirmed" date="1997-06-22"/>
  </code>
  <code code="SLVNIA">
    <editdetail attribution="Reuters BIP Coding Group" action="confirmed" date="1997-06-22"/>
  </code>
</codes>
<codes class="bip:topics:1.0">
  <code code="GCAT">
    <editdetail attribution="Reuters BIP Coding Group" action="confirmed" date="1997-06-22"/>
  </code>
  <code code="GSPO">
    <editdetail attribution="Reuters BIP Coding Group" action="confirmed" date="1997-06-22"/>
  </code>
</codes>
<dc element="dc.date.created" value="1997-06-22"/>
<dc element="dc.publisher" value="Reuters Holdings Plc"/>
<dc element="dc.date.published" value="1997-06-22"/>
<dc element="dc.source" value="Reuters"/>
<dc element="dc.creator.location" value="PARIS"/>
<dc element="dc.creator.location.country.name" value="FRANCE"/>
<dc element="dc.source" value="Reuters"/>
</metadata>
</newsitem>
