<?xml version="1.0" encoding="iso-8859-1" ?>
<newsitem itemid="678686" id="root" date="1997-06-22" xml:lang="en">
<title>GERMANY: ATHLETICS-EUROPEAN CUP FINAL RESULTS.</title>
<headline>ATHLETICS-EUROPEAN CUP FINAL RESULTS.</headline>
<dateline>MUNICH 1997-06-22</dateline>
<text>
<p>Result on the second and final</p>
<p>day from European Cup final athletics meeting on Sunday:</p>
<p>Women's hammer</p>
<p> 1. Olga Kuzenkova (Russia)	     73.10 metres (world</p>
<p>record)</p>
<p> 2. Mihaela Melinte (Romania)	   69.76</p>
<p> 3. Ludmilla Goubkina (Belarus)	 68.24</p>
<p> 4. Lyn Sprules (Britain)		 60.10</p>
<p> 5. Cecile Lignot (France)		58.26</p>
<p> 6. Natalya Kunitskaya (Ukraine)	57.72</p>
<p> 7. Simone Mathes (Germany)	     56.12</p>
<p> 8. Marina Tranchina (Italy)	    56.10</p>
<p>Women's 100 metres hurdles</p>
<p> 1. Svetlana Laukhova (Russia)	  12.94 seconds</p>
<p> 2. Patricia Girard (France)	    13.03</p>
<p> 3. Angela Thorp (Britain)		13.16</p>
<p> 4. Carla Tuzzi (Italy)		   13.23</p>
<p> 5. Oxana Kuchma (Ukraine)		13.43</p>
<p> 6. Liliana Nastase (Romania)	   13.66</p>
<p> 7. Nelli Voronkova (Belarus)	   13.90</p>
<p> 8. Heike Blassneck (Germany)	   14.38</p>
<p>Women's 200 metres</p>
<p> 1. Christine Arron (France)	    22.89</p>
<p> 2. Andrea Philipp (Germany)	    22.98</p>
<p> 3. Marina Trandenkova (Russia)	 23.16</p>
<p> 4. Natalya Safronnikova (Belarus)    23.36</p>
<p> 5. Virna De Angeli (Italy)	     23.58</p>
<p> 6. Simmone Jacobs (Britain)	    23.62</p>
<p> 7. Olga Lysakova (Ukraine)	     24.14</p>
<p> 8. Monica Bumbescu (Romania)	   24.29</p>
<p>Men's triple jump</p>
<p> 1. Jonathan Edwards (Britain)     17.74</p>
<p> 2. Denis Kapustin (Russia)	  17.24</p>
<p> 3. Charles Friedek (Germany)	16.71</p>
<p> 4. Raul Chapado (Spain)	     16.26</p>
<p> 5. Ketil Hanstveit (Norway)	 16.21</p>
<p> 6. Paolo Camossi (Italy)	    16.08</p>
<p> 7. Germain Martial (France)	 16.08</p>
<p> 8. Christos Meletoglou (Greece)   16.00</p>
<p>Women's shot put</p>
<p> 1. Astrid Kumbernuss (Germany)    20.64</p>
<p> 2. Irina Korzhanenko (Russia)     18.18</p>
<p> 3. Mara Rosolen (Italy)	     17.28</p>
<p> 4. Nadia Lukyniv (Ukraine)	  17.02</p>
<p> 5. Elena Hila (Romania)	     16.95</p>
<p>6. Tatyana Khorkhulyova (Belarus) 16.83</p>
<p> 7. Myrtle Augee (Britain)	   16.74</p>
<p> 8. Laurence Manfredi (France)     16.58</p>
<p>Men's 110 metres hurdles</p>
<p>1. Florian Schwarthoff (Germany)  13.20</p>
<p> 2. Colin Jackson (Britain)	  13.28</p>
<p> 3. Andrey Kislykh (Russia)	  13.53</p>
<p> 4. Vincent Claro (France)	   13.67</p>
<p> 5. Gaute Gunderson (Norway)	 13.70</p>
<p> 6. Mauro Re (Italy)		   13.76</p>
<p> 7. Stamatis Magos (Greece)	  13.97</p>
<p> 8. Miguel Santos (Spain)	    14.16</p>
<p>Men's 200 metres</p>
<p> 1 equal. Linford Christie (Britain)	  20.56 seconds</p>
<p>1 equal. Georgios Panayiotopoulos (Greece) 20.56</p>
<p> 3. Geir Moen (Norway)			    20.60</p>
<p> 4. Christophe Cheval (France)		  20.75</p>
<p> 5. Alessandro Atteme (Italy)		   20.89</p>
<p> 6. Alexandr Porkhomovskiy (Russia)	   20.92</p>
<p> 7. Daniel Bittner (Germany)		    21.06</p>
<p> 8. Jordi Mayoral (Spain)			 21.21</p>
<p>Women's 3000 metres</p>
<p> 1. Roberta Brunet (Italy)			8:51.66</p>
<p>2. Kristina Da Fonseca-Wollheim (Germany)  8:52.20</p>
<p> 3. Paula Radcliffe (Britain)		   8:52.79</p>
<p> 4. Elena Fidatov (Romania)		     9:07.43</p>
<p> 5. Blandine Bitzner (France)		   9:12.58</p>
<p> 6. Yekaterina Podkopayeva (Russia)	   9:17.27</p>
<p> 7. Svetlana Miroshnik (Ukraine)		9:29.42</p>
<p> 8. Natalya Kvachuk (Belarus)		   9:45.52</p>
<p>Women's high jump</p>
<p> 1. Heike Balck (Germany)			 1.94 metres</p>
<p> 2. Tatyana Motkova (Russia)		    1.92</p>
<p> 3. Antonella Bevilacqua (Italy)		1.88</p>
<p> 4. Vita Stepina (Ukraine)			1.86</p>
<p> 5. Monica Iagar (Romania)			1.84</p>
<p> 6. Debbie Marti (Britain)			1.84</p>
<p> 7. Marie Collonville (France)		  1.84</p>
<p> 8. Tatyana Khramova (Belarus)		  1.81</p>
<p>Women's long jump</p>
<p> 1. Fiona May (Italy)			     6.61</p>
<p> 2. Nina Perevedentseva (Russia)		6.60</p>
<p> 3. Susen Tiedtke-Green (Germany)	     6.57</p>
<p> 4. Denise Lewis (Britain)			6.56</p>
<p> 5. Linda Ferga (France)			  6.42</p>
<p> 6. Yelena Lemshevskaya (Belarus)	     6.34</p>
<p> 7. Larisa Berezhnaya (Ukraine)		 6.34</p>
<p> 8. Monica Toth (Romania)			 6.26</p>
<p>Men's discus</p>
<p> 1. Lars Riedal (Germany)		 63.36 metres</p>
<p> 2. Robert Weir (Britain)		 61.62</p>
<p> 3. Sergey Lyakhov (Russia)	     59.72</p>
<p> 4. Jean Pons (France)		    59.60</p>
<p> 5. Kjell Ove Hauge (Norway)	    56.60</p>
<p> 6. Diego Fortuna (Italy)		 56.24</p>
<p> 7. Christos Papadopolos (Greece)     54.66</p>
<p> 8. Jose Valencia (Spain)		 52.34</p>
<p>Women's 4 x 400 metres relay</p>
<p> 1. Russia				  3:24.10</p>
<p> 2. Germany				 3:26.12</p>
<p> 3. Britain				 3:26.48</p>
<p> 4. Italy				   3:28.24</p>
<p> 5. Ukraine				 3:28.49</p>
<p> 6. Belarus				 3:30.49</p>
<p> 7. France				  3:31.03</p>
<p> 8. Romania				 3:34.69</p>
<p>Men's pole vault</p>
<p> 1. Maxim Tarasov (Russia)		 5.95 metres</p>
<p> 2. Jean Galfione (France)		 5.75</p>
<p> 3. Tim Lobinger (Germany)		 5.70</p>
<p> 4. Fabio Pizzolato (Italy)		5.50</p>
<p> 5. Nick Buckfield (Britain)	     5.50</p>
<p> 6. Gabriel Concepcion (Spain)	   5.30</p>
<p> 7. Trond Barthel (Norway)		 5.20</p>
<p> 8. Konstantin Tzivas (Greece)	   5.00</p>
<p>Men's 5,000 metres</p>
<p> 1. Gennaro Di Napoli (Italy)	13:38.33</p>
<p> 2. Ancleto Jimenez (Spain)	  13:39.42</p>
<p>3. Panayiotis Papoulias (Greece)  13:40.02</p>
<p> 4. Andrew Pearson (Britain)	 13:40.16</p>
<p> 5. Mustapha Essiad (France)	 13:42.12</p>
<p> 6. Carsten Eich (Germany)	   13:50.41</p>
<p> 7. Oyvind Fretheim (Norway)	 13:58.57</p>
<p> 8. Aleksey Gorbunov (Russia)	14:19.54</p>
<p>Men's 4x400 metres relay</p>
<p> 1. Britain				 2:59.46</p>
<p> 2. Italy				   3:02.60</p>
<p> 3. Russia				  3:03.09</p>
<p> 4. France				  3:03.58</p>
<p> 5. Germany				 3:03.78</p>
<p> 6. Spain				   3:04.50</p>
<p> 7. Greece				  3:05.88</p>
<p> 8. Norway				  3:07.31</p>
<p>Final team standings</p>
<p>Men</p>
<p> 1. Britain     118 points</p>
<p> 2. Germany     105</p>
<p> 3. Russia	104</p>
<p> 4. Italy	  96</p>
<p> 5. Spain	  78</p>
<p> 6. France	 75</p>
<p> 7. Norway	 72.5</p>
<p> 8. Greece	 71.5</p>
<p>Women</p>
<p> 1. Russia	127</p>
<p> 2. Germany     112</p>
<p> 3. Britain	86</p>
<p> 4. Ukraine	80</p>
<p>5 equal. Italy  77</p>
<p>5 equal. France 77</p>
<p> 7. Romania	71</p>
<p> 8. Belarus	54</p>
</text>
<copyright>(c) Reuters Limited 1997</copyright>
<metadata>
<codes class="bip:countries:1.0">
  <code code="GFR">
    <editdetail attribution="Reuters BIP Coding Group" action="confirmed" date="1997-06-22"/>
  </code>
  <code code="RUSS">
    <editdetail attribution="Reuters BIP Coding Group" action="confirmed" date="1997-06-22"/>
  </code>
</codes>
<codes class="bip:topics:1.0">
  <code code="GCAT">
    <editdetail attribution="Reuters BIP Coding Group" action="confirmed" date="1997-06-22"/>
  </code>
  <code code="GSPO">
    <editdetail attribution="Reuters BIP Coding Group" action="confirmed" date="1997-06-22"/>
  </code>
</codes>
<dc element="dc.date.created" value="1997-06-22"/>
<dc element="dc.publisher" value="Reuters Holdings Plc"/>
<dc element="dc.date.published" value="1997-06-22"/>
<dc element="dc.source" value="Reuters"/>
<dc element="dc.creator.location" value="MUNICH"/>
<dc element="dc.creator.location.country.name" value="GERMANY"/>
<dc element="dc.source" value="Reuters"/>
</metadata>
</newsitem>
