<?xml version="1.0" encoding="iso-8859-1" ?>
<newsitem itemid="678616" id="root" date="1997-06-22" xml:lang="en">
<title>WEST INDIES: CRICKET-WEST INDIES 147 AND 124-2 V SRI LANKA (222) - LUNCH.</title>
<headline>CRICKET-WEST INDIES 147 AND 124-2 V SRI LANKA (222) - LUNCH.</headline>
<dateline>KINGSTOWN, St Vincent 1997-06-22</dateline>
<text>
<p>West Indies, 75</p>
<p>behind on first innings, were 124 for two in their second</p>
<p>innings at lunch on the third day of the second test against Sri</p>
<p>Lanka at Arnos Vale on Sunday.</p>
<p>Scores: West Indies 147 and 124-2, Sri Lanka 222.</p>
</text>
<copyright>(c) Reuters Limited 1997</copyright>
<metadata>
<codes class="bip:countries:1.0">
  <code code="BARB">
    <editdetail attribution="Reuters BIP Coding Group" action="confirmed" date="1997-06-22"/>
  </code>
  <code code="SILEN">
    <editdetail attribution="Reuters BIP Coding Group" action="confirmed" date="1997-06-22"/>
  </code>
  <code code="SRILAN">
    <editdetail attribution="Reuters BIP Coding Group" action="confirmed" date="1997-06-22"/>
  </code>
  <code code="WEIND">
    <editdetail attribution="Reuters BIP Coding Group" action="confirmed" date="1997-06-22"/>
  </code>
</codes>
<codes class="bip:topics:1.0">
  <code code="GCAT">
    <editdetail attribution="Reuters BIP Coding Group" action="confirmed" date="1997-06-22"/>
  </code>
  <code code="GSPO">
    <editdetail attribution="Reuters BIP Coding Group" action="confirmed" date="1997-06-22"/>
  </code>
</codes>
<dc element="dc.date.created" value="1997-06-22"/>
<dc element="dc.publisher" value="Reuters Holdings Plc"/>
<dc element="dc.date.published" value="1997-06-22"/>
<dc element="dc.source" value="Reuters"/>
<dc element="dc.creator.location" value="KINGSTOWN, St Vincent"/>
<dc element="dc.creator.location.country.name" value="WEST INDIES"/>
<dc element="dc.source" value="Reuters"/>
</metadata>
</newsitem>
