<?xml version="1.0" encoding="iso-8859-1" ?>
<newsitem itemid="678682" id="root" date="1997-06-22" xml:lang="en">
<title>FRANCE: HORSE RACING-PEINTRE CELEBRE IN GRAND PRIX DE PARIS TRIUMPH.</title>
<headline>HORSE RACING-PEINTRE CELEBRE IN GRAND PRIX DE PARIS TRIUMPH.</headline>
<dateline>PARIS 1997-06-22</dateline>
<text>
<p>Peintre Celebre had little</p>
<p>difficulty in following up his French Derby win, completing a</p>
<p>group one double in the Grand Prix de Paris at rain- softened</p>
<p>Longchamp on Sunday.</p>
<p>Andre Fabre's colt now heads for a mouthwatering clash with</p>
<p>Helissio and several other top-class performers in the King</p>
<p>George VI and Queen Elizabeth Diamond Stakes at Ascot next</p>
<p>month.</p>
<p>The 5-2 on shot was always travelling comfortably for</p>
<p>Olivier Peslier, took over from English raider Royal Amaretto</p>
<p>with 300 metres to go and held on for a comfortable two length</p>
<p>success from Ithaki, the mount of Cash Asmussen with Shaka, the</p>
<p>Criterium de Saint-Cloud winner, in third.</p>
<p>Peslier said: &quot;Peintre Celebre again gave me a very good</p>
<p>feel and it will be an interesting clash with Helissio at</p>
<p>Ascot.&quot;</p>
<p>Peslier, for contractual reasons, is committed to riding</p>
<p>Peintre Celebre at Ascot. Helissio, partnered by Peslier when</p>
<p>the pair won last year's Prix de l'Arc de Triomphe, will be</p>
<p>ridden by Asmusseen.</p>
<p>Peintre Celebre also underlined Fabre's excellent record in</p>
<p>the Grand Prix de Paris, giving the champion trainer a sixth win</p>
<p>in the mile and a quarter (2-km) race.</p>
</text>
<copyright>(c) Reuters Limited 1997</copyright>
<metadata>
<codes class="bip:countries:1.0">
  <code code="FRA">
    <editdetail attribution="Reuters BIP Coding Group" action="confirmed" date="1997-06-22"/>
  </code>
  <code code="UK">
    <editdetail attribution="Reuters BIP Coding Group" action="confirmed" date="1997-06-22"/>
  </code>
</codes>
<codes class="bip:topics:1.0">
  <code code="GCAT">
    <editdetail attribution="Reuters BIP Coding Group" action="confirmed" date="1997-06-22"/>
  </code>
  <code code="GSPO">
    <editdetail attribution="Reuters BIP Coding Group" action="confirmed" date="1997-06-22"/>
  </code>
</codes>
<dc element="dc.date.created" value="1997-06-22"/>
<dc element="dc.publisher" value="Reuters Holdings Plc"/>
<dc element="dc.date.published" value="1997-06-22"/>
<dc element="dc.source" value="Reuters"/>
<dc element="dc.creator.location" value="PARIS"/>
<dc element="dc.creator.location.country.name" value="FRANCE"/>
<dc element="dc.source" value="Reuters"/>
</metadata>
</newsitem>
