<?xml version="1.0" encoding="iso-8859-1" ?>
<newsitem itemid="678716" id="root" date="1997-06-22" xml:lang="en">
<title>USA: HCC Insurance buys Managed Group Underwriting.</title>
<headline>HCC Insurance buys Managed Group Underwriting.</headline>
<dateline>HOUSTON 1997-06-22</dateline>
<text>
<p>HCC Insurance Holdings Inc said that it agreed in principle to acquire all of the outstanding shares of Managed Group Underwriting Inc in exchange for cash and shares of HCCH's common stock.</p>
<p>Terms were not disclosed.</p>
<p>The acquisition is subject to definitive agreements and is expected to close by the end of June, a statement issued by HCC said.</p>
<p>Managed Group Underwriting is a managing general underwriter located in Kansas City, Mo., underwriting medical stop loss insurance throughout the United States, specializing in employer sponsored, self-insured health plans with employee populations ranging in size from 25 to 10,000, HCC said.</p>
<p>Sandra Ruder, founder, will remain chief executive following the acquisition, HCC said.</p>
</text>
<copyright>(c) Reuters Limited 1997</copyright>
<metadata>
<codes class="bip:countries:1.0">
  <code code="USA">
    <editdetail attribution="Reuters BIP Coding Group" action="confirmed" date="1997-06-22"/>
  </code>
</codes>
<codes class="bip:industries:1.0">
  <code code="I82003">
    <editdetail attribution="Reuters BIP Coding Group" action="confirmed" date="1997-06-22"/>
  </code>
</codes>
<codes class="bip:topics:1.0">
  <code code="C18">
    <editdetail attribution="Reuters BIP Coding Group" action="confirmed" date="1997-06-22"/>
  </code>
  <code code="C181">
    <editdetail attribution="Reuters BIP Coding Group" action="confirmed" date="1997-06-22"/>
  </code>
  <code code="CCAT">
    <editdetail attribution="Reuters BIP Coding Group" action="confirmed" date="1997-06-22"/>
  </code>
</codes>
<dc element="dc.date.created" value="1997-06-22"/>
<dc element="dc.publisher" value="Reuters Holdings Plc"/>
<dc element="dc.date.published" value="1997-06-22"/>
<dc element="dc.source" value="Reuters"/>
<dc element="dc.creator.location" value="HOUSTON"/>
<dc element="dc.creator.location.country.name" value="USA"/>
<dc element="dc.source" value="Reuters"/>
</metadata>
</newsitem>
