<?xml version="1.0" encoding="iso-8859-1" ?>
<newsitem itemid="678792" id="root" date="1997-06-22" xml:lang="en">
<title>CENTRAL AFRICAN REPUBLIC: At least 30 dead in Central African fighting.</title>
<headline>At least 30 dead in Central African fighting.</headline>
<byline>Jean-Lambert Ngouandji</byline>
<dateline>BANGUI 1996-06-23</dateline>
<text>
<p>Around 30 people have died in three days of fighting between disaffected troops and peacekeepers in the Central African Republic, and Red Cross officials fear they will find more bodies on Monday.</p>
<p>The Central African Red Cross said it pulled its workers out of combat zones in the capital Bangui on Sunday afternoon, and the commander of French troops in the city said his men had stepped in to defend the African peacekeepers.</p>
<p>&quot;As part of support for the African force, French forces in Bangui became involved as part of self-defence to prevent firing at Senegalese and Chadian positions,&quot; General Jean-Pierre Perez told France's La Chaine Info television .</p>
<p>Perez said the Central African ex-mutineers had started firing mortars at Chadian and Senegalese peacekeepers on Sunday afternoon after a lull earlier in the day.</p>
<p>He did not say how many French troops were involved in the action in the former colony nor whether there were any casualties.</p>
<p>Some reports in Bangui spoke of a French soldier being among the injured and witnesses said French helicopters were flying over the city. French officials in Paris could not confirm this.</p>
<p>Around 70 people have been wounded in the fighting, including five French nationals who were hit on Saturday by two stray mortar bombs that fell on the French embassy compound.</p>
<p>The African peacekeeping force has been deployed in Bangui since a January 25 peace deal that ended a series of troop mutinies.</p>
<p>That deal, brokered by Mali's respected former military leader Amadou Toumani Toure, included a plan to reintegrate the mutineers from the paramilitary gendarmerie into their units, but efforts to achieve this have failed.</p>
<p>Toure was scheduled to arrive in Bangui to intervene again on Sunday, but officials could not say whether he had done so.</p>
<p>Mutinies in April and May 1996 began as protests over pay but became a movement to topple President Ange-Felix Patasse, a northern civilian elected in 1993. The third mutiny began in November and degenerated into ethnic bloodshed.</p>
<p>French troops -- there are 1,650 stationed in the country as part of a bilateral defence accord -- restored order after the last mutiny and then handed over to the peacekeepers.</p>
<p>The African force includes soldiers from Burkina Faso, Chad, Gabon, Mali, Senegal and Togo. A Senegalese soldier was among the first casualties of the flare-up on Friday.</p>
</text>
<copyright>(c) Reuters Limited 1997</copyright>
<metadata>
<codes class="bip:countries:1.0">
  <code code="CAFR">
    <editdetail attribution="Reuters BIP Coding Group" action="confirmed" date="1997-06-22"/>
  </code>
</codes>
<codes class="bip:topics:1.0">
  <code code="GCAT">
    <editdetail attribution="Reuters BIP Coding Group" action="confirmed" date="1997-06-22"/>
  </code>
  <code code="GVIO">
    <editdetail attribution="Reuters BIP Coding Group" action="confirmed" date="1997-06-22"/>
  </code>
</codes>
<dc element="dc.date.created" value="1996-06-23"/>
<dc element="dc.publisher" value="Reuters Holdings Plc"/>
<dc element="dc.date.published" value="1997-06-22"/>
<dc element="dc.source" value="Reuters"/>
<dc element="dc.creator.location" value="BANGUI"/>
<dc element="dc.creator.location.country.name" value="CENTRAL AFRICAN REPUBLIC"/>
<dc element="dc.source" value="Reuters"/>
</metadata>
</newsitem>
