<?xml version="1.0" encoding="iso-8859-1" ?>
<newsitem itemid="678747" id="root" date="1997-06-22" xml:lang="en">
<title>USA: G7 wants world financial services deal by end-year.</title>
<headline>G7 wants world financial services deal by end-year.</headline>
<dateline>DENVER 1997-06-21</dateline>
<text>
<p>Group of Seven leaders on Saturday called for completion of international talks on financial services liberalization by the end of this year.</p>
<p>&quot;We believe that it will be in the interests of all WTO (World Trade Organization) members to secure a financial services agreement by the end of this year,&quot; the G7 said in an economic statement on the second day of its summit here.</p>
<p>But the leaders of Britain, Canada, France, Germany, Italy, Japan and the United States said that some countries need to significantly beef up their plans to open up their financial markets if the talks are to be brought to a successful end.</p>
<p>&quot;We're going to have to have offers from a number of countries substantially better than the offers that were available last year,&quot; U.S. Treasury Secretary Robert Rubin told reporters.</p>
<p>Some developing countries have been reluctant to open up and liberalize their financial markets out of fear of that would leave their economies subject to the mercy of at times fickle capital flows.</p>
</text>
<copyright>(c) Reuters Limited 1997</copyright>
<metadata>
<codes class="bip:countries:1.0">
  <code code="GSEVEN">
    <editdetail attribution="Reuters BIP Coding Group" action="confirmed" date="1997-06-22"/>
  </code>
  <code code="USA">
    <editdetail attribution="Reuters BIP Coding Group" action="confirmed" date="1997-06-22"/>
  </code>
</codes>
<codes class="bip:topics:1.0">
  <code code="E51">
    <editdetail attribution="Reuters BIP Coding Group" action="confirmed" date="1997-06-22"/>
  </code>
  <code code="E512">
    <editdetail attribution="Reuters BIP Coding Group" action="confirmed" date="1997-06-22"/>
  </code>
  <code code="ECAT">
    <editdetail attribution="Reuters BIP Coding Group" action="confirmed" date="1997-06-22"/>
  </code>
</codes>
<dc element="dc.date.created" value="1997-06-21"/>
<dc element="dc.publisher" value="Reuters Holdings Plc"/>
<dc element="dc.date.published" value="1997-06-22"/>
<dc element="dc.source" value="Reuters"/>
<dc element="dc.creator.location" value="DENVER"/>
<dc element="dc.creator.location.country.name" value="USA"/>
<dc element="dc.source" value="Reuters"/>
</metadata>
</newsitem>
