<?xml version="1.0" encoding="iso-8859-1" ?>
<newsitem itemid="678740" id="root" date="1997-06-22" xml:lang="en">
<title>USA: Yeltsin, Chirac meeting goes ahead.</title>
<headline>Yeltsin, Chirac meeting goes ahead.</headline>
<dateline>DENVER 1997-06-22</dateline>
<text>
<p>Russian Prime Minister Boris Yeltsin and French President Jacques Chirac met on Sunday as planned.</p>
<p>Reporters allowed in to the start of the meeting said the Russian leader stood to greet Chirac and looked well. Yeltsin had missed the gala concert for Group of Seven leaders on Saturday night and Kremlin spokesman Sergei Yastrzhembsky said he was tired.</p>
</text>
<copyright>(c) Reuters Limited 1997</copyright>
<metadata>
<codes class="bip:countries:1.0">
  <code code="FRA">
    <editdetail attribution="Reuters BIP Coding Group" action="confirmed" date="1997-06-22"/>
  </code>
  <code code="RUSS">
    <editdetail attribution="Reuters BIP Coding Group" action="confirmed" date="1997-06-22"/>
  </code>
  <code code="USA">
    <editdetail attribution="Reuters BIP Coding Group" action="confirmed" date="1997-06-22"/>
  </code>
</codes>
<codes class="bip:topics:1.0">
  <code code="GCAT">
    <editdetail attribution="Reuters BIP Coding Group" action="confirmed" date="1997-06-22"/>
  </code>
  <code code="GDIP">
    <editdetail attribution="Reuters BIP Coding Group" action="confirmed" date="1997-06-22"/>
  </code>
</codes>
<dc element="dc.date.created" value="1997-06-22"/>
<dc element="dc.publisher" value="Reuters Holdings Plc"/>
<dc element="dc.date.published" value="1997-06-22"/>
<dc element="dc.source" value="Reuters"/>
<dc element="dc.creator.location" value="DENVER"/>
<dc element="dc.creator.location.country.name" value="USA"/>
<dc element="dc.source" value="Reuters"/>
</metadata>
</newsitem>
