<?xml version="1.0" encoding="iso-8859-1" ?>
<newsitem itemid="678709" id="root" date="1997-06-22" xml:lang="en">
<title>USA: Sun Micro wants to bring Web to Wall St.</title>
<headline>Sun Micro wants to bring Web to Wall St.</headline>
<dateline>MENLO PARK, Calif. 1997-06-22</dateline>
<text>
<p>Sun Microsystems Inc said it will Monday introduce a new Java-based architecture for building and deploying Web-based financial service products.</p>
<p>The new architecture, dubbed Sun Connect, allows companies to develop products for use on any computer platform and will support emerging specifications for online transactions, including the Open Financial Exchange (OFX) and other protocols, Sun representatives said.  </p>
<p>Sun will demonstrate an OFX server running live in conjunction with a major online brokerage firm at the Securities Industry Association meeting in New York, the company said.</p>
<p>Sun Connect is a computer development environment using components entirely of the Java language which offers data security and rapid development of applications designed to run on virtually any computer system.  </p>
<p>Sun is expected to announce a number of organizations in technology and financial services that are working on the Sun Connect architecture, including BEA Systems and New Era of Networks Inc. </p>
<p>Meca Software LLC, a consortium owned by Bank America Corp, NationsBank Corp, First Bank Systems Inc, Fleet Financial Group, the Royal Bank of Canada and The New England, said it is also planning to build Java-based applications on Sun Connect.</p>
<p>BEA helped enable Sun Connect to link with older transaction systems using BEA's transactional management product known as Tuxedo.</p>
<p>The Sun Connect framework will include Sun's Java Tool Kit and Java Studio as well as other software application tools, the company said. Pricing and availability of the tools was not immediately available.</p>
</text>
<copyright>(c) Reuters Limited 1997</copyright>
<metadata>
<codes class="bip:countries:1.0">
  <code code="USA">
    <editdetail attribution="Reuters BIP Coding Group" action="confirmed" date="1997-06-22"/>
  </code>
</codes>
<codes class="bip:industries:1.0">
  <code code="I33020">
    <editdetail attribution="Reuters BIP Coding Group" action="confirmed" date="1997-06-22"/>
  </code>
  <code code="I3302003">
    <editdetail attribution="Reuters BIP Coding Group" action="confirmed" date="1997-06-22"/>
  </code>
  <code code="I33030">
    <editdetail attribution="Reuters BIP Coding Group" action="confirmed" date="1997-06-22"/>
  </code>
  <code code="I83100">
    <editdetail attribution="Reuters BIP Coding Group" action="confirmed" date="1997-06-22"/>
  </code>
</codes>
<codes class="bip:topics:1.0">
  <code code="C22">
    <editdetail attribution="Reuters BIP Coding Group" action="confirmed" date="1997-06-22"/>
  </code>
  <code code="CCAT">
    <editdetail attribution="Reuters BIP Coding Group" action="confirmed" date="1997-06-22"/>
  </code>
</codes>
<dc element="dc.date.created" value="1997-06-22"/>
<dc element="dc.publisher" value="Reuters Holdings Plc"/>
<dc element="dc.date.published" value="1997-06-22"/>
<dc element="dc.source" value="Reuters"/>
<dc element="dc.creator.location" value="MENLO PARK, Calif."/>
<dc element="dc.creator.location.country.name" value="USA"/>
<dc element="dc.source" value="Reuters"/>
</metadata>
</newsitem>
