<?xml version="1.0" encoding="iso-8859-1" ?>
<newsitem itemid="678768" id="root" date="1997-06-22" xml:lang="en">
<title>UK: British Aerospace wins $700 mln Hawk order.</title>
<headline>British Aerospace wins $700 mln Hawk order.</headline>
<dateline>LONDON 1997-06-22</dateline>
<text>
<p>British Aerospace said on Sunday that it had won an order worth 425 million pounds ($700.5 million) for more than 30 Hawk aircraft from Australia.</p>
<p>&quot;The deal is worth 425 million pounds,&quot; a BAE spokeswoman told Reuters, adding that it was agreed after Australian Prime Minister John Howard visited its Warton factory in northern England.</p>
<p>&quot;The British government is indeed proud, and extremely pleased, that the Commonwealth of Australia has selected the Hawk to meet the Royal Australian Air Force's lead-in fighter requirement,&quot; British Defence Minister George Robertson said in a statement.</p>
<p>British Aerospace was selected as the preferred candidate for the order last November.</p>
<p>The spokeswoman said the deal will be signed next week, &quot;probably on Tuesday.&quot;</p>
</text>
<copyright>(c) Reuters Limited 1997</copyright>
<metadata>
<codes class="bip:countries:1.0">
  <code code="AUSTR">
    <editdetail attribution="Reuters BIP Coding Group" action="confirmed" date="1997-06-22"/>
  </code>
  <code code="UK">
    <editdetail attribution="Reuters BIP Coding Group" action="confirmed" date="1997-06-22"/>
  </code>
</codes>
<codes class="bip:industries:1.0">
  <code code="I36400">
    <editdetail attribution="Reuters BIP Coding Group" action="confirmed" date="1997-06-22"/>
  </code>
</codes>
<codes class="bip:topics:1.0">
  <code code="C33">
    <editdetail attribution="Reuters BIP Coding Group" action="confirmed" date="1997-06-22"/>
  </code>
  <code code="C331">
    <editdetail attribution="Reuters BIP Coding Group" action="confirmed" date="1997-06-22"/>
  </code>
  <code code="CCAT">
    <editdetail attribution="Reuters BIP Coding Group" action="confirmed" date="1997-06-22"/>
  </code>
</codes>
<dc element="dc.date.created" value="1997-06-22"/>
<dc element="dc.publisher" value="Reuters Holdings Plc"/>
<dc element="dc.date.published" value="1997-06-22"/>
<dc element="dc.source" value="Reuters"/>
<dc element="dc.creator.location" value="LONDON"/>
<dc element="dc.creator.location.country.name" value="UK"/>
<dc element="dc.source" value="Reuters"/>
</metadata>
</newsitem>
