<?xml version="1.0" encoding="iso-8859-1" ?>
<newsitem itemid="678799" id="root" date="1997-06-22" xml:lang="en">
<title>ANGOLA: Angolan army to halt action against UNITA - Beye.</title>
<headline>Angolan army to halt action against UNITA - Beye.</headline>
<byline>John Fleming</byline>
<dateline>LUANDA 1997-06-22</dateline>
<text>
<p>The government has agreed to halt a month-long military campaign to break the opposition UNITA movement's hold on Angola's rich diamond fields, U.N. special representative Alioune Blondin Beye said at the weekend.</p>
<p>Beye, who acknowledged officially on Friday that fighting had erupted between the government and Jonas Savimbi's UNITA, told Reuters late on Saturday the army would seek no further gains.</p>
<p>&quot;We have asked that the government stop this military operation and they have agreed,&quot; said Beye, head of the U.N. Angola Verification Mission (UNAVEM) and chairman of a Joint Commission overseeing implementation of a 1994 peace accord.</p>
<p>Beye said the United Nations had not asked the government to withdraw from the 10 border districts taken from UNITA, the National Union for the Total Independence of Angola, since mid-May.</p>
<p>&quot;We do not feel we should work like that at this moment. We have received assurances from the government that the operation will stop. At this point we think that is enough,&quot; he said.</p>
<p>Beye, scheduled to fly to New York on Monday to brief the U.N. Security Council on the peace process in Angola, said he expected Savimbi and President Jose Eduardo dos Santos to meet soon to discuss the future of the country's diamond fields.</p>
<p>&quot;The diamond issue is delicate. It is a politically sensitive issue, but its settlement would certainly help to facilitate permanent peace in Angola.</p>
<p>&quot;We are encouraging it, but it is up to the two leaders to come together. As far as I know, when the next meeting takes place between them, it will be in Angola. I am not aware of any change of venue,&quot; Beye said.</p>
<p>Industry analysts estimate Angola produces diamonds worth up to $1 billion a year, mostly from regions under UNITA's control.</p>
<p>The border regions taken by the government over the past month probably accounted for around 10 percent of the production from UNITA-held areas, they said.</p>
<p>Diplomats and officials close to the peace process here have long said the key to increasing diamond output lies in direct negotiations between Savimbi and Dos Santos.</p>
<p>Diamonds and the country's offshore oilfields hold the best prospect of rebuilding the country, which was devastated by civil war and is now among the world's poorest.</p>
<p>Beye said the United Nations would not curtail the mandate of the UNAVEM force, which is supervising a programme to disarm and demobilise most of the forces who battled for almost 20 years after independence from Portugal in 1975.</p>
<p>About 60 UNITA members have taken up seats in the National Assembly since April, but Savimbi has not accepted any role in government and diplomats say he still controls up to 70 percent of the country.</p>
<p>The government has insisted its operations in the Lunda Norte Province since May 18 have been to seal the border against armed rebels from Rwanda and the former Zaire. UNITA insists the goal has been control of the diamond fields.</p>
<p>The army action has been the biggest in over two years. Though UNAVEM reports only skirmishes and localised conflict, military and diplomatic sources say there have been fierce clashes with many casualties.</p>
<p>UNITA has complained that compliance with terms of the 1994 Lusaka accord that ended the 20-year civil war has left it defenceless against the government troops.</p>
<p>Military analysts and diplomats in Luanda say, though, that UNITA maintains up to 10,000 heavily armed soldiers. The Angolan government says the former rebels have a standing army of some 35,000.</p>
<p>Beye is scheduled to discuss the future of the U.N.'s mission in Angola during his New York visit. He said the withdrawal of over 5,000 peace-keepers would depend on the political situation in the country.</p>
</text>
<copyright>(c) Reuters Limited 1997</copyright>
<metadata>
<codes class="bip:countries:1.0">
  <code code="ANGOL">
    <editdetail attribution="Reuters BIP Coding Group" action="confirmed" date="1997-06-22"/>
  </code>
  <code code="UN">
    <editdetail attribution="Reuters BIP Coding Group" action="confirmed" date="1997-06-22"/>
  </code>
</codes>
<codes class="bip:topics:1.0">
  <code code="GCAT">
    <editdetail attribution="Reuters BIP Coding Group" action="confirmed" date="1997-06-22"/>
  </code>
  <code code="GVIO">
    <editdetail attribution="Reuters BIP Coding Group" action="confirmed" date="1997-06-22"/>
  </code>
</codes>
<dc element="dc.date.created" value="1997-06-22"/>
<dc element="dc.publisher" value="Reuters Holdings Plc"/>
<dc element="dc.date.published" value="1997-06-22"/>
<dc element="dc.source" value="Reuters"/>
<dc element="dc.creator.location" value="LUANDA"/>
<dc element="dc.creator.location.country.name" value="ANGOLA"/>
<dc element="dc.source" value="Reuters"/>
</metadata>
</newsitem>
