<?xml version="1.0" encoding="iso-8859-1" ?>
<newsitem itemid="678737" id="root" date="1997-06-22" xml:lang="en">
<title>USA: Chubais sees Russian economic growth in 1998.</title>
<headline>Chubais sees Russian economic growth in 1998.</headline>
<dateline>DENVER 1997-06-22</dateline>
<text>
<p>The Russian economy should grow next year after five difficult years of economic reform, First Deputy Prime Minister Anatoly Chubais said on Sunday.</p>
<p>Chubais, who is also Russian Finance Minister, told NBC's Meet the Press program that 22 percent of Russians were now living below the poverty line, but growth would mean that Russian living standards would rise.</p>
<p>&quot;For the first time we are on the real eve of economic growth, which means the growth of standards of living...and I am sure that 1998 will be the first year of Russian economic growth,&quot; he said.</p>
<p>Ministers initially predicted growth this year, but they have scaled back this forecast in recent months. Output has halved in the years since Russia launched its economic reform program, designed to turn the communist-era centrally planned economy into a market system like that in the West.</p>
<p>Chubais, in Denver with President Boris Yeltsin to attend the summit of the Group of Seven industrializd countries, said Russia had already become a &quot;viable and capitalist society&quot;.</p>
<p>Asked if communism was dead in Russia, he replied: &quot;Absolutely.&quot;</p>
</text>
<copyright>(c) Reuters Limited 1997</copyright>
<metadata>
<codes class="bip:countries:1.0">
  <code code="RUSS">
    <editdetail attribution="Reuters BIP Coding Group" action="confirmed" date="1997-06-22"/>
  </code>
  <code code="USA">
    <editdetail attribution="Reuters BIP Coding Group" action="confirmed" date="1997-06-22"/>
  </code>
</codes>
<codes class="bip:topics:1.0">
  <code code="E11">
    <editdetail attribution="Reuters BIP Coding Group" action="confirmed" date="1997-06-22"/>
  </code>
  <code code="ECAT">
    <editdetail attribution="Reuters BIP Coding Group" action="confirmed" date="1997-06-22"/>
  </code>
</codes>
<dc element="dc.date.created" value="1997-06-22"/>
<dc element="dc.publisher" value="Reuters Holdings Plc"/>
<dc element="dc.date.published" value="1997-06-22"/>
<dc element="dc.source" value="Reuters"/>
<dc element="dc.creator.location" value="DENVER"/>
<dc element="dc.creator.location.country.name" value="USA"/>
<dc element="dc.source" value="Reuters"/>
</metadata>
</newsitem>
