<?xml version="1.0" encoding="iso-8859-1" ?>
<newsitem itemid="678706" id="root" date="1997-06-22" xml:lang="en">
<title>USA: Clinton warns Japan against &quot;exploding&quot; trade gap.</title>
<headline>Clinton warns Japan against &quot;exploding&quot; trade gap.</headline>
<dateline>DENVER 1997-06-22</dateline>
<text>
<p>President Clinton warned Japan on Sunday that a return to &quot;exploding&quot; trade surpluses with the United States would hurt both countries.</p>
<p>&quot;If we return to a time when we've got exploding trade deficits then that will once again move front and center into our relationship in a way that won't be good for either country,&quot; Clinton told a news conference.  </p>
<p>Speaking after the close of the Group of Seven summit here, Clinton voiced concern that Japan's plans to slash its budget deficit could sap economic demand at home and force it to once again rely on exports to spur growth.</p>
<p>&quot;The decision by the Japanese government to try to pursue a path of fiscal austerity, driven in part by the desire to prepare for the aging of the Japanese population, runs the risk of going back to the old export-driven stratgey of growth,&quot; the president said.</p>
<p>&quot;We'll just have to work through those conflicts,&quot; Clinton added, &quot;We can't tell the Japanese government or the Japanese people that they can't prepare for the aging of their population.&quot;</p>
<p>But neither does the United Staes want to see a return to the exploding trade deficits with Japan of the past.</p>
</text>
<copyright>(c) Reuters Limited 1997</copyright>
<metadata>
<codes class="bip:countries:1.0">
  <code code="JAP">
    <editdetail attribution="Reuters BIP Coding Group" action="confirmed" date="1997-06-22"/>
  </code>
  <code code="USA">
    <editdetail attribution="Reuters BIP Coding Group" action="confirmed" date="1997-06-22"/>
  </code>
</codes>
<codes class="bip:topics:1.0">
  <code code="E51">
    <editdetail attribution="Reuters BIP Coding Group" action="confirmed" date="1997-06-22"/>
  </code>
  <code code="E512">
    <editdetail attribution="Reuters BIP Coding Group" action="confirmed" date="1997-06-22"/>
  </code>
  <code code="ECAT">
    <editdetail attribution="Reuters BIP Coding Group" action="confirmed" date="1997-06-22"/>
  </code>
</codes>
<dc element="dc.date.created" value="1997-06-22"/>
<dc element="dc.publisher" value="Reuters Holdings Plc"/>
<dc element="dc.date.published" value="1997-06-22"/>
<dc element="dc.source" value="Reuters"/>
<dc element="dc.creator.location" value="DENVER"/>
<dc element="dc.creator.location.country.name" value="USA"/>
<dc element="dc.source" value="Reuters"/>
</metadata>
</newsitem>
