<?xml version="1.0" encoding="iso-8859-1" ?>
<newsitem itemid="678724" id="root" date="1997-06-22" xml:lang="en">
<title>USA: April G7 forex statement impact welcomed - Japan.</title>
<headline>April G7 forex statement impact welcomed - Japan.</headline>
<dateline>DENVER 1997-06-22</dateline>
<text>
<p>Japan and the United States applaud the impact of the Group of Seven finance ministers April statement on currency markets, a Japanese official told reporters on Sunday.</p>
<p>The official said the United States and Japan shared the view that excessive volatility in foreign exhancge rates was undesirable.</p>
<p>&quot;We understand that Japan and the United States both welcome the fact that the April G7 statement has penetrated into the market,&quot; said the official who accompanied Japanese Finance Minister Hiroshi Mitsuzuka here to the G7 summit.</p>
<p>Mitsuzuka and U.S. Treasury Secretary Robert Rubin explained each others positions on Japan's trade surplus in their meeting last Friday, he said.</p>
<p>&quot;We feel that the United States wants to see how Japan's external surplus will develop this year and next,&quot; the Japanese official said.</p>
</text>
<copyright>(c) Reuters Limited 1997</copyright>
<metadata>
<codes class="bip:countries:1.0">
  <code code="GSEVEN">
    <editdetail attribution="Reuters BIP Coding Group" action="confirmed" date="1997-06-22"/>
  </code>
  <code code="JAP">
    <editdetail attribution="Reuters BIP Coding Group" action="confirmed" date="1997-06-22"/>
  </code>
  <code code="USA">
    <editdetail attribution="Reuters BIP Coding Group" action="confirmed" date="1997-06-22"/>
  </code>
</codes>
<codes class="bip:topics:1.0">
  <code code="E12">
    <editdetail attribution="Reuters BIP Coding Group" action="confirmed" date="1997-06-22"/>
  </code>
  <code code="ECAT">
    <editdetail attribution="Reuters BIP Coding Group" action="confirmed" date="1997-06-22"/>
  </code>
  <code code="M13">
    <editdetail attribution="Reuters BIP Coding Group" action="confirmed" date="1997-06-22"/>
  </code>
  <code code="M132">
    <editdetail attribution="Reuters BIP Coding Group" action="confirmed" date="1997-06-22"/>
  </code>
  <code code="MCAT">
    <editdetail attribution="Reuters BIP Coding Group" action="confirmed" date="1997-06-22"/>
  </code>
</codes>
<dc element="dc.date.created" value="1997-06-22"/>
<dc element="dc.publisher" value="Reuters Holdings Plc"/>
<dc element="dc.date.published" value="1997-06-22"/>
<dc element="dc.source" value="Reuters"/>
<dc element="dc.creator.location" value="DENVER"/>
<dc element="dc.creator.location.country.name" value="USA"/>
<dc element="dc.source" value="Reuters"/>
</metadata>
</newsitem>
