<?xml version="1.0" encoding="iso-8859-1" ?>
<newsitem itemid="678830" id="root" date="1997-06-22" xml:lang="en">
<title>BRAZIL: Collor wants another chance at Brazil presidency.</title>
<headline>Collor wants another chance at Brazil presidency.</headline>
<dateline>SAO PAULO 1997-06-22</dateline>
<text>
<p>Former Brazilian President Fernando Collor, who was forced to resign amid a corruption scandal in 1992, said in an interview published on Sunday that he would return to Brazil and run for president next year.</p>
<p>Collor, who lives in self-imposed exile in Miami, told news magazine Veja he would soon be spending more time in Brazil than in the United States to prepare for the 1998 election.</p>
<p>&quot;I feel I was impeded from finishing something very important ... I can't say that I feel like an accomplished man,&quot; Collor, 47, told Veja.</p>
<p>&quot;I think that can only happen if I ... have the chance to run for office again and submit myself to the popular will,&quot; he said.</p>
<p>The Supreme Court cleared Collor of corruption charges in 1994, but he remains banned from holding office until 2002.</p>
<p>Collor said he would be travelling to Brazil beginning in August. Accompanying him will be a team of attorneys who he hopes can reverse the ban on holding office. If they do not succeed, Collor says he will be back in 2002.</p>
<p>&quot;This return to the polls is something that is going to happen, whether my opponents want it or not,&quot; he told Veja.</p>
<p>The youthful-looking former leader told the magazine he spends much of his spare time on the tennis court or playing backgammon on the Internet with opponents in the United Arab Emirates, Brazil and elsewhere in the world.</p>
<p>Although Collor in the past has talked about returning home to run for president and clear his name, he has never been so specific about his plans.</p>
<p>He gave the current administration of President Fernando Henrique Cardoso a performance rating of five on a scale of one to 10.</p>
<p>Political analysts, however, give the disgraced former president next-to-nothing odds of unseating Cardoso, father of a successful inflation-fighting plan that has given the Brazilian economy a stability it has not seen since the 1970s.</p>
<p>Cardoso recently pushed a constitutional amendment through Congress that allows him to run for an unprecedented second term.</p>
</text>
<copyright>(c) Reuters Limited 1997</copyright>
<metadata>
<codes class="bip:countries:1.0">
  <code code="BRAZ">
    <editdetail attribution="Reuters BIP Coding Group" action="confirmed" date="1997-06-22"/>
  </code>
  <code code="USA">
    <editdetail attribution="Reuters BIP Coding Group" action="confirmed" date="1997-06-22"/>
  </code>
</codes>
<codes class="bip:topics:1.0">
  <code code="GCAT">
    <editdetail attribution="Reuters BIP Coding Group" action="confirmed" date="1997-06-22"/>
  </code>
  <code code="GCRIM">
    <editdetail attribution="Reuters BIP Coding Group" action="confirmed" date="1997-06-22"/>
  </code>
  <code code="GPOL">
    <editdetail attribution="Reuters BIP Coding Group" action="confirmed" date="1997-06-22"/>
  </code>
</codes>
<dc element="dc.date.created" value="1997-06-22"/>
<dc element="dc.publisher" value="Reuters Holdings Plc"/>
<dc element="dc.date.published" value="1997-06-22"/>
<dc element="dc.source" value="Reuters"/>
<dc element="dc.creator.location" value="SAO PAULO"/>
<dc element="dc.creator.location.country.name" value="BRAZIL"/>
<dc element="dc.source" value="Reuters"/>
</metadata>
</newsitem>
