<?xml version="1.0" encoding="iso-8859-1" ?>
<newsitem itemid="678859" id="root" date="1997-06-22" xml:lang="en">
<title>AUSTRALIA: Australian companies ex-div to July 4.</title>
<headline>Australian companies ex-div to July 4.</headline>
<dateline>SYDNEY 1996-06-23</dateline>
<text>
<p>The following is a list of companies going ex-dividend to July 4, compiled from information supplied by the Australian Stock Exchange.</p>
<p>Monday, June 23</p>
<p>    AV Jennings			   2.0 cents</p>
<p>    Dollar Sweets Holdings	    0.8 cents</p>
<p>Tuesday, June 24</p>
<p>Nil  </p>
<p>Wednesday, June 25</p>
<p>Nil</p>
<p>Thursday, June 26</p>
<p>    F.F.I. Holdings		     2.5 cents</p>
<p>    Hancock &amp; Gore			3.5 cents</p>
<p>    National Australia Bank	  45.0 cents</p>
<p>Friday, June 27</p>
<p>Nil</p>
<p>Monday, June 30  </p>
<p>Nil</p>
<p>Tuesday, July 1</p>
<p>    Lang Corporation		    3.0 cents</p>
<p>Wednesday, July 2</p>
<p>Nil</p>
<p>Thursday, July 3</p>
<p>Nil  </p>
<p>Friday, July 4</p>
<p>Nil</p>
<p>-- Sydney newsroom 61-2 9373-1800</p>
</text>
<copyright>(c) Reuters Limited 1997</copyright>
<metadata>
<codes class="bip:countries:1.0">
  <code code="AUSTR">
    <editdetail attribution="Reuters BIP Coding Group" action="confirmed" date="1997-06-22"/>
  </code>
</codes>
<codes class="bip:industries:1.0">
  <code code="I42100">
    <editdetail attribution="Reuters BIP Coding Group" action="confirmed" date="1997-06-22"/>
  </code>
  <code code="I50100">
    <editdetail attribution="Reuters BIP Coding Group" action="confirmed" date="1997-06-22"/>
  </code>
  <code code="I5010022">
    <editdetail attribution="Reuters BIP Coding Group" action="confirmed" date="1997-06-22"/>
  </code>
  <code code="I81402">
    <editdetail attribution="Reuters BIP Coding Group" action="confirmed" date="1997-06-22"/>
  </code>
  <code code="I83960">
    <editdetail attribution="Reuters BIP Coding Group" action="confirmed" date="1997-06-22"/>
  </code>
</codes>
<codes class="bip:topics:1.0">
  <code code="C15">
    <editdetail attribution="Reuters BIP Coding Group" action="confirmed" date="1997-06-22"/>
  </code>
  <code code="C151">
    <editdetail attribution="Reuters BIP Coding Group" action="confirmed" date="1997-06-22"/>
  </code>
  <code code="CCAT">
    <editdetail attribution="Reuters BIP Coding Group" action="confirmed" date="1997-06-22"/>
  </code>
</codes>
<dc element="dc.date.created" value="1996-06-23"/>
<dc element="dc.publisher" value="Reuters Holdings Plc"/>
<dc element="dc.date.published" value="1997-06-22"/>
<dc element="dc.source" value="Reuters"/>
<dc element="dc.creator.location" value="SYDNEY"/>
<dc element="dc.creator.location.country.name" value="AUSTRALIA"/>
<dc element="dc.source" value="Reuters"/>
</metadata>
</newsitem>
