<?xml version="1.0" encoding="iso-8859-1" ?>
<newsitem itemid="678818" id="root" date="1997-06-22" xml:lang="en">
<title>RUSSIA: Chernomyrdin denies young and old split in cabinet.</title>
<headline>Chernomyrdin denies young and old split in cabinet.</headline>
<dateline>MOSCOW 1997-06-22</dateline>
<text>
<p>Veteran Prime Minister Viktor Chernomyrdin denied on Sunday there was a split in his government between new young ministers and older politicians over Russia's reform course.</p>
<p>President Boris Yeltsin named dynamic young reformers Anatoly Chubais and Boris Nemtsov to a revamped cabinet in March but left the more conservative Chernomyrdin in charge as the government sought to accelerate its economic changes.</p>
<p>&quot;There is no split,&quot; Chernomyrdin told reporters after laying a wreath at Moscow's Tomb of the Unknown Soldier. &quot;All decisions taken by the government are worked out and executed by the entire government and not one person.&quot;</p>
<p>Nemtsov is 37 and Chubais 42. Chernomyrdin is 60 next April.</p>
<p>He said a controversial proposal to dismantle generous Soviet-era housing subsidies and other welfare benefits was crucial. Communists and many others fear the scheme would leave impoverished Russians even worse off.</p>
<p>&quot;Without this reform we cannot improve the country's economy,&quot; he said. &quot;We want to carry out this reform to make things better, not worse.&quot;</p>
<p>Chernomyrdin did not refer to Monday's scheduled debate and vote in the Communist-dominated State Duma lower house of parliament on the government's proposed overall budget cuts.</p>
</text>
<copyright>(c) Reuters Limited 1997</copyright>
<metadata>
<codes class="bip:countries:1.0">
  <code code="RUSS">
    <editdetail attribution="Reuters BIP Coding Group" action="confirmed" date="1997-06-22"/>
  </code>
</codes>
<codes class="bip:topics:1.0">
  <code code="GCAT">
    <editdetail attribution="Reuters BIP Coding Group" action="confirmed" date="1997-06-22"/>
  </code>
  <code code="GPOL">
    <editdetail attribution="Reuters BIP Coding Group" action="confirmed" date="1997-06-22"/>
  </code>
</codes>
<dc element="dc.date.created" value="1997-06-22"/>
<dc element="dc.publisher" value="Reuters Holdings Plc"/>
<dc element="dc.date.published" value="1997-06-22"/>
<dc element="dc.source" value="Reuters"/>
<dc element="dc.creator.location" value="MOSCOW"/>
<dc element="dc.creator.location.country.name" value="RUSSIA"/>
<dc element="dc.source" value="Reuters"/>
</metadata>
</newsitem>
