<?xml version="1.0" encoding="iso-8859-1" ?>
<newsitem itemid="678856" id="root" date="1997-06-22" xml:lang="en">
<title>AUSTRALIA: Australian Explorers Index continues to weaken.</title>
<headline>Australian Explorers Index continues to weaken.</headline>
<dateline>PERTH 1996-06-23</dateline>
<text>
<p>Perth stockbroker Eyres Reed Ltd said its Australian Explorers Index fell sharply for the third consecutive week, with a fall of 41.8 points or 1.30 percent. The All Ordinaries Index rose 2.16 percent. Changes, in percent:</p>
<p>	    Jun 20  Jun 13  pct    1 Month  pct    1 Year   pct</p>
<p>Explorers 3167.8  3209.6 (-1.30) 3213.0 (-1.41)  3094.4  (+2.37)</p>
<p>ASX Gold  1502.2  1547.1 (-2.90) 1544.0 (-2.71)  2019.4 (-25.61)</p>
<p>All Ords  2712.6  2655.3 (+2.16) 2530.6 (+7.19)  2248.5 (+20.64)</p>
<p>Energy    1874.1  1848.6 (+1.38) 1809.9 (+3.55)  1224.7 (+53.03)</p>
<p>NOTE: The explorers index (base 500, March 1992) tracks the performance of 88 small capitalisation exploration companies.  </p>
<p>Since May 30, the explorers index has fallen by a total of 177.90 points, or 5.3 percent. In the same time, the All Ordinaries Index has risen 102.1 points, or 3.9 percent.</p>
<p>Eyres Reed analyst Glen Colgan said in a commentary that tax selling and stale traders weighed heavily on junior resources despite a stronger blue chip market. Falls outnumber gains by two to one.</p>
<p>Joint venture partners in the Mt Kare project in Papua New Guinea, Ramsgate Resources NL and Carpenter Pacific Resources NL were sold down despite further good results from the prospect and assurance that any diminution of  </p>
<p>their interests by the PNG government would be shared by their Canadian partner, Madison Enterprises Corp.</p>
<p>Ramsgate fell three cents to eight cents and Carpenter dropped 16.5 cents to 29 cents.</p>
<p>Oil and gas juniors Anzoil NL and Frontier Petroleum NL were both weaker, with Anzoil off 1.1 cents to 4.9 cents and Frontier down one cent to 4.3 cents.</p>
<p>Diamond explorer Striker Resources NL fell two cents to 11.5 percent and Leo Shield Exploration NL dropped six cents to 44 cents following the announcement of a proposed placement.  </p>
<p>Other falls included Jubliee Gold Mines NL down five cents to 16.5 cents, Bendigo Mining NL off six cents to 27 cents, Nexus Minerals NL down 3.5 cents to 12 cents and Cluff Resources Pacific NL dropped 0.9 cents to 3.4 cents.</p>
<p>The strongest gains included Consolidated Gold NL up 11.5 cents to 34.5 cents, Victoria Petroleum NL up 3.5 percent to 18 cents, Roebuck Resources NL up 10 cents to 78 cents, and Western Reefs Ltd  up seven cents to 47 cents.  </p>
<p>Murchison United NL jumped 19 cents to 78 cents after announcing positive results from their Indonesian coal venture.</p>
<p>-- Sydney Newsroom 61-2 9373-1800</p>
</text>
<copyright>(c) Reuters Limited 1997</copyright>
<metadata>
<codes class="bip:countries:1.0">
  <code code="AUSTR">
    <editdetail attribution="Reuters BIP Coding Group" action="confirmed" date="1997-06-22"/>
  </code>
</codes>
<codes class="bip:industries:1.0">
  <code code="I13000">
    <editdetail attribution="Reuters BIP Coding Group" action="confirmed" date="1997-06-22"/>
  </code>
  <code code="I1300003">
    <editdetail attribution="Reuters BIP Coding Group" action="confirmed" date="1997-06-22"/>
  </code>
  <code code="I21000">
    <editdetail attribution="Reuters BIP Coding Group" action="confirmed" date="1997-06-22"/>
  </code>
  <code code="I23000">
    <editdetail attribution="Reuters BIP Coding Group" action="confirmed" date="1997-06-22"/>
  </code>
</codes>
<codes class="bip:topics:1.0">
  <code code="C15">
    <editdetail attribution="Reuters BIP Coding Group" action="confirmed" date="1997-06-22"/>
  </code>
  <code code="C152">
    <editdetail attribution="Reuters BIP Coding Group" action="confirmed" date="1997-06-22"/>
  </code>
  <code code="CCAT">
    <editdetail attribution="Reuters BIP Coding Group" action="confirmed" date="1997-06-22"/>
  </code>
  <code code="M11">
    <editdetail attribution="Reuters BIP Coding Group" action="confirmed" date="1997-06-22"/>
  </code>
  <code code="MCAT">
    <editdetail attribution="Reuters BIP Coding Group" action="confirmed" date="1997-06-22"/>
  </code>
</codes>
<dc element="dc.date.created" value="1996-06-23"/>
<dc element="dc.publisher" value="Reuters Holdings Plc"/>
<dc element="dc.date.published" value="1997-06-22"/>
<dc element="dc.source" value="Reuters"/>
<dc element="dc.creator.location" value="PERTH"/>
<dc element="dc.creator.location.country.name" value="AUSTRALIA"/>
<dc element="dc.source" value="Reuters"/>
</metadata>
</newsitem>
