<?xml version="1.0" encoding="iso-8859-1" ?>
<newsitem itemid="678871" id="root" date="1997-06-22" xml:lang="en">
<title>MALAYSIA: PRESS DIGEST - Malaysia - June 23.</title>
<headline>PRESS DIGEST - Malaysia - June 23.</headline>
<text>
<p>Following are the main stories in Monday's Malaysian newspapers. Reuters has not verified these stories and does not vouch for their accuracy.</p>
<p>NEW STRAITS TIMES</p>
<p>-- Two more state executive councillors have been placed under investigation by the Anti-Corruption Agency, bringing to 10 the number now under full probe.</p>
<p>THE STAR</p>
<p>-- A six-month suspension of driving licenses is now in store for any driver caught for a second time holding a handphone while driving.</p>
<p>BUSINESS TIMES</p>
<p>-- Half the manufacturing firms in a recent nationwide survey say they hedge their currency risks and do not need to pass on higher costs to consumers if the ringgit weakens.</p>
<p>-- Lityan Holdings Bhd expects to finalise its joint venture with Swiss company Ascom AG, a leading telecommunications player, to set up a research and development centre in the Multimedia Super Corridor by the end of the month.</p>
<p>THE EDGE</p>
<p>-- Acting Prime Minister and Finance Minister Anwar Ibrahim may spring a pleasant surprise on the securities and fund management industry when he attends a dinner this Friday in conjunction with the Securities Commission (SC) dialogue with stockbrokers. Sources say he may announce new incentives to further liberalise Malaysia's capital markets.</p>
<p>-- Kuala Lumpur newsroom (603-201 4813)</p>
</text>
<copyright>(c) Reuters Limited 1997</copyright>
<metadata>
<codes class="bip:countries:1.0">
  <code code="MALAY">
    <editdetail attribution="Reuters BIP Coding Group" action="confirmed" date="1997-06-22"/>
  </code>
</codes>
<codes class="bip:topics:1.0">
  <code code="GCAT">
    <editdetail attribution="Reuters BIP Coding Group" action="confirmed" date="1997-06-22"/>
  </code>
</codes>
<dc element="dc.publisher" value="Reuters Holdings Plc"/>
<dc element="dc.date.published" value="1997-06-22"/>
<dc element="dc.source" value="Reuters"/>
<dc element="dc.creator.location.country.name" value="MALAYSIA"/>
<dc element="dc.source" value="Reuters"/>
</metadata>
</newsitem>
