<?xml version="1.0" encoding="iso-8859-1" ?>
<newsitem itemid="678823" id="root" date="1997-06-22" xml:lang="en">
<title>CUBA: Cuba says economy will grow despite sugar harvest.</title>
<headline>Cuba says economy will grow despite sugar harvest.</headline>
<dateline>HAVANA 1997-06-22</dateline>
<text>
<p>Cuban vice-president Carlos Lage said on Sunday the economy was set to grow this year despite lower than expected sugar cane production in the last harvest.</p>
<p>The Cuban news agency Prensa Latina quoted Lage as saying the economy was still recovering but did not provide a forecast for this year's Gross Domestic Product (GDP) growth.</p>
<p>Officials on the communist-ruled island have said recently they expect GDP growth to reach its targeted four to five percent in 1997, compared with 7.8 percent growth last year.</p>
<p>But outside observers and some independent economists are sceptical this target can be met, partly because of the poorer than expected sugar harvest.</p>
<p>Lage, speaking in the eastern city of Santiago de Cuba, gave no figures but said there had been growth in the first six months of the year in tourism, nickel mining, fisheries and tobacco production, all of which are key foreign exchange earners, while sugar production was down.</p>
<p>No official figure has been given for the 1996-97 sugar harvest that ended earlier this month. But experts expect production will be about 4.2 million tonnes, below the government's original forecast of a modest improvement on 1995-96 production of 4.45 million tonnes.</p>
<p>Lage said various factors contributed to the sugar shortfall, including inefficiency and poor organisation, as well as a hurricane that swept the island last October and delays to foreign financing for technical input to the sector.</p>
<p>Cuba's economy has posted modest growth since 1995 after a severe recession caused by the collapse of the former Soviet Union, but the standard of living in Cuba is still well below what it was in the 1980s.</p>
</text>
<copyright>(c) Reuters Limited 1997</copyright>
<metadata>
<codes class="bip:countries:1.0">
  <code code="CUBA">
    <editdetail attribution="Reuters BIP Coding Group" action="confirmed" date="1997-06-22"/>
  </code>
</codes>
<codes class="bip:industries:1.0">
  <code code="I01001">
    <editdetail attribution="Reuters BIP Coding Group" action="confirmed" date="1997-06-22"/>
  </code>
  <code code="I0100136">
    <editdetail attribution="Reuters BIP Coding Group" action="confirmed" date="1997-06-22"/>
  </code>
</codes>
<codes class="bip:topics:1.0">
  <code code="C21">
    <editdetail attribution="Reuters BIP Coding Group" action="confirmed" date="1997-06-22"/>
  </code>
  <code code="CCAT">
    <editdetail attribution="Reuters BIP Coding Group" action="confirmed" date="1997-06-22"/>
  </code>
  <code code="E11">
    <editdetail attribution="Reuters BIP Coding Group" action="confirmed" date="1997-06-22"/>
  </code>
  <code code="ECAT">
    <editdetail attribution="Reuters BIP Coding Group" action="confirmed" date="1997-06-22"/>
  </code>
</codes>
<dc element="dc.date.created" value="1997-06-22"/>
<dc element="dc.publisher" value="Reuters Holdings Plc"/>
<dc element="dc.date.published" value="1997-06-22"/>
<dc element="dc.source" value="Reuters"/>
<dc element="dc.creator.location" value="HAVANA"/>
<dc element="dc.creator.location.country.name" value="CUBA"/>
<dc element="dc.source" value="Reuters"/>
</metadata>
</newsitem>
