<?xml version="1.0" encoding="iso-8859-1" ?>
<newsitem itemid="678841" id="root" date="1997-06-22" xml:lang="en">
<title>NEW ZEALAND: INSIGHT - NZ dlr soft at nervous start to big week.</title>
<headline>INSIGHT - NZ dlr soft at nervous start to big week.</headline>
<dateline>WELLINGTON 1996-06-23</dateline>
<text>
<p>An unnerved New Zealand dollar dipped against the U.S. dollar in early Monday trade amid talk of softening signals likely to stem from Thursday's budget and Friday's monetary policy statement, but dealers predicted a bout of short-covering would keep it steady until Wednesday.</p>
<p>In an early drop, as the U.S. dollar made something of a charge after the G-7 meeting, the Kiwi dipped to US$0.6838/45, versus a Friday close nearer 0.6860, but dealers said this was likely to be the short-term floor.</p>
<p>&quot;The bottom for the day is around 0.6835-40. The market is likely to see a bit of a short squeeze,&quot; one said.  </p>
<p>Exporters might take advantage of the pressures on the kiwi to take some cover, the dealer noted, as the broader expectation is that most traders will be looking to go quite short before Thursday. He saw a short squeeze pushing kiwi up to 0.6880.</p>
<p>&quot;After that, no-one knows.&quot;</p>
<p>ASB Bank, in its latest economic report, said the prospect of a benign inflation outlook influencing the Reserve Bank's MPS medium term view could see an endorsement of either current monetary condition levels, or even easier ones.</p>
<p>&quot;Either projection is expected to lead to lower interest rates and lower exchange rates over the coming weeks,&quot; it said.  </p>
<p>As for the budget, the combination of technical pressures on the fiscal path and a higher-than-expected borrowing need could also combine to slow the pace of public debt reduction.</p>
<p>&quot;These sort of concerns do not normally encourage foreign investment,&quot; ASB noted.</p>
<p>The Trade Weighted Index notched down to 67.33 from 67.40 late on Friday.</p>
<p>--Wellington newsroom +64 4 471 4273</p>
</text>
<copyright>(c) Reuters Limited 1997</copyright>
<metadata>
<codes class="bip:countries:1.0">
  <code code="NZ">
    <editdetail attribution="Reuters BIP Coding Group" action="confirmed" date="1997-06-22"/>
  </code>
</codes>
<codes class="bip:topics:1.0">
  <code code="M13">
    <editdetail attribution="Reuters BIP Coding Group" action="confirmed" date="1997-06-22"/>
  </code>
  <code code="M132">
    <editdetail attribution="Reuters BIP Coding Group" action="confirmed" date="1997-06-22"/>
  </code>
  <code code="MCAT">
    <editdetail attribution="Reuters BIP Coding Group" action="confirmed" date="1997-06-22"/>
  </code>
</codes>
<dc element="dc.date.created" value="1996-06-23"/>
<dc element="dc.publisher" value="Reuters Holdings Plc"/>
<dc element="dc.date.published" value="1997-06-22"/>
<dc element="dc.source" value="Reuters"/>
<dc element="dc.creator.location" value="WELLINGTON"/>
<dc element="dc.creator.location.country.name" value="NEW ZEALAND"/>
<dc element="dc.source" value="Reuters"/>
</metadata>
</newsitem>
