<?xml version="1.0" encoding="iso-8859-1" ?>
<newsitem itemid="678837" id="root" date="1997-06-22" xml:lang="en">
<title>AUSTRALIA: INSIGHT-Australia 10-yr bond eyeing the peak.</title>
<headline>INSIGHT-Australia 10-yr bond eyeing the peak.</headline>
<dateline>SYDNEY 1996-06-23</dateline>
<text>
<p>The September Australian 10-year bond futures contract will be looking to test last Monday's 93.090 peak this week as this month's steep rising trendline remained intact during afterhours trading.</p>
<p>The contract ended SYCOM at 93.000 compared with Friday's 92.925 pit close, helped along by a late rally in the U.S. Treasury market.</p>
<p>Initial resistance is seen at 93.015, the market's previous peak set in December, before it tries to take out the 3-1/4 year high of 93.090 set by the now expired June contract, and then aims for a target of 93.180, analysts said.  </p>
<p>Initial support is seen at 92.950 and then 92.880 before the market retests last week's 92.845 low.</p>
<p>Speculation of a further monetary policy easing after the July 1 Reserve Bank board meeting will retain an underlying bid tone, although the market is again likely to suffer from another extremely thin data week.</p>
<p>The September bill futures contract has roughly priced in a 50 basis points easing in current official 5.5 percent interest rates, ending SYCOM four basis points higher than its open outcry close at 94.90, and pointing to a cash rate of 5.10 percent. --Colin Brinsden 61-2 9373-1800</p>
</text>
<copyright>(c) Reuters Limited 1997</copyright>
<metadata>
<codes class="bip:countries:1.0">
  <code code="AUSTR">
    <editdetail attribution="Reuters BIP Coding Group" action="confirmed" date="1997-06-22"/>
  </code>
</codes>
<codes class="bip:topics:1.0">
  <code code="M12">
    <editdetail attribution="Reuters BIP Coding Group" action="confirmed" date="1997-06-22"/>
  </code>
  <code code="MCAT">
    <editdetail attribution="Reuters BIP Coding Group" action="confirmed" date="1997-06-22"/>
  </code>
</codes>
<dc element="dc.date.created" value="1996-06-23"/>
<dc element="dc.publisher" value="Reuters Holdings Plc"/>
<dc element="dc.date.published" value="1997-06-22"/>
<dc element="dc.source" value="Reuters"/>
<dc element="dc.creator.location" value="SYDNEY"/>
<dc element="dc.creator.location.country.name" value="AUSTRALIA"/>
<dc element="dc.source" value="Reuters"/>
</metadata>
</newsitem>
