<?xml version="1.0" encoding="iso-8859-1" ?>
<newsitem itemid="678942" id="root" date="1997-06-22" xml:lang="en">
<title>ISRAEL: Israel marks 1982 Lebanon invasion, says wants out.</title>
<headline>Israel marks 1982 Lebanon invasion, says wants out.</headline>
<dateline>JERUSALEM 1997-06-22</dateline>
<text>
<p>Defence Minister Yitzhak Mordechai said at a ceremony marking the 15th anniversary of Israel's 1982 invasion of Lebanon that it wanted a deal to pull its occupation forces out.</p>
<p>But Mordechai vowed at the memorial ceremony for Israel's 1982 invasion to continue fighting Shi'ite Hizbollah guerrillas in the south Lebanon occupation zone it set up in 1985 until a deal was reached.</p>
<p>&quot;We have no interest in remaining in Lebanon. We want to get out in an agreement that will ensure security and peace for the residents of the north of the state...and the citizens of south Lebanon.&quot;</p>
<p>&quot;We will continue to act with all means at our disposal on the one hand to reach an agreement and on the other to support our soldiers and officers to continue the holy war for all of us.&quot;</p>
<p>Mordechai last week asked France, once colonial overlord in Lebanon, to help Israel find a way to withdraw its troops.</p>
<p>France has periodically tried in talks with Syria, Lebanon and Israel to negotiate an Israeli withdrawal the south Lebanon zone Israel patrols with its South Lebanon Army (SLA) militia allies.</p>
<p>Syria is the main powerbroker in Lebanon with 35,000 troops there.</p>
<p>Iranian-backed Hizbollah (Party of God) guerrillas regularly attack Israeli troops and the SLA to try to oust them from the 15 km (nine mile) -wide occupation zone.</p>
</text>
<copyright>(c) Reuters Limited 1997</copyright>
<metadata>
<codes class="bip:countries:1.0">
  <code code="ISRAEL">
    <editdetail attribution="Reuters BIP Coding Group" action="confirmed" date="1997-06-22"/>
  </code>
  <code code="LEBAN">
    <editdetail attribution="Reuters BIP Coding Group" action="confirmed" date="1997-06-22"/>
  </code>
</codes>
<codes class="bip:topics:1.0">
  <code code="GCAT">
    <editdetail attribution="Reuters BIP Coding Group" action="confirmed" date="1997-06-22"/>
  </code>
  <code code="GDEF">
    <editdetail attribution="Reuters BIP Coding Group" action="confirmed" date="1997-06-22"/>
  </code>
  <code code="GDIP">
    <editdetail attribution="Reuters BIP Coding Group" action="confirmed" date="1997-06-22"/>
  </code>
  <code code="GVIO">
    <editdetail attribution="Reuters BIP Coding Group" action="confirmed" date="1997-06-22"/>
  </code>
</codes>
<dc element="dc.date.created" value="1997-06-22"/>
<dc element="dc.publisher" value="Reuters Holdings Plc"/>
<dc element="dc.date.published" value="1997-06-22"/>
<dc element="dc.source" value="Reuters"/>
<dc element="dc.creator.location" value="JERUSALEM"/>
<dc element="dc.creator.location.country.name" value="ISRAEL"/>
<dc element="dc.source" value="Reuters"/>
</metadata>
</newsitem>
