<?xml version="1.0" encoding="iso-8859-1" ?>
<newsitem itemid="678914" id="root" date="1997-06-22" xml:lang="en">
<title>JAPAN: Hong Kong lures Japan's working women.</title>
<headline>Hong Kong lures Japan's working women.</headline>
<byline>Paul Eckert</byline>
<dateline>TOKYO 1997-06-22</dateline>
<text>
<p>While dim sum feasts and designer fashions draw most of the millions of Japanese who visit Hong Kong each year, a growing number of women are following job offers -- not tour guides -- to the city.</p>
<p>Thousands of women have moved from Japan to Hong Kong since the early 1990s, and they stand apart both from expatriates sent by Japanese firms operating there and from the thousands of Southeast Asian women who work as housekeepers in the colony.</p>
<p>The expatriates -- blue-suited businessmen from blue chip firms -- command high pay and perks like housing and home trips. The maids also earn much more than they could at home.</p>
<p>In contrast, many of the Japanese women who move to Hong Kong are seeking not money but an escape from the so-called glass ceiling at home as well as a new lifestyle.</p>
<p>&quot;More than salary, it's the opportunity to build oversees career experiences these Japanese women seek,&quot; said Yuko Nakase, a spokeswoman for Pasona Inc, a major recruiting firm in Tokyo.</p>
<p>&quot;Others simply love Hong Kong and everything about it.&quot;</p>
<p>The Tokyo-based job-placement firm has operated in Hong Kong since 1983, catering mainly to Japanese firms that set up shop in the colony in growing numbers as Japan's yen appreciated and the China market grew more attractive.</p>
<p>Japanese women's desire to work in Hong Kong picked up in the early 1990s, when Japan's economic slowdown began to pinch demand for clerical and temporary staff, mostly female positions that were the first targets of cost-cutting measures.</p>
<p>Sensing a market match, Pasona in 1993 began holding a series of Hong Kong job fairs in Japan, drawing over a thousand potential applicants, many of them women. Of 802 who formally sought work in Hong Kong through Pasona in 1996, 75 percent were female, the company said.</p>
<p>Working in Hong Kong is also a way out for women frustrated by Japan's notorious male-dominated corporate culture.</p>
<p>&quot;Japanese women who have studied abroad and achieved a command of English hope to use it in their careers, but they find that overwhelmingly Japanese companies only give foreign postings to male employees,&quot; Nakase said.</p>
<p>Japanese jobseekers with work experience and basic clerical skills find strong demand from Japan firms which seek to save money by hiring locally and which find Japanese workers easier to communicate with than local Hong Kong staff.</p>
<p>Jobs on offer are typically clerical, with more challenging opportunities -- and better pay -- offered to those with good computer skills or command of English or Chinese.</p>
<p>&quot;The ideal recruit would have good English, business experience including a command of Japanese business etiquette, and increasingly, Mandarin Chinese,&quot; Pasona's spokeswoman said.</p>
<p>With China set to take over the British colony on July 1, demand has grown sharply for Japanese applicants with Mandarin Chinese, the official dialect of China.</p>
<p>With Sino-Japanese economic ties growing, Chinese language studies have boomed among Japanese, even replacing English in popularity according to some recent surveys.</p>
<p>Japanese have few problems with written Chinese because it shares most characters and a considerable vocabulary with the Japanese language, but struggle mightily to pronounce Chinese well enough to be understood.</p>
</text>
<copyright>(c) Reuters Limited 1997</copyright>
<metadata>
<codes class="bip:countries:1.0">
  <code code="CHINA">
    <editdetail attribution="Reuters BIP Coding Group" action="confirmed" date="1997-06-22"/>
  </code>
  <code code="HKONG">
    <editdetail attribution="Reuters BIP Coding Group" action="confirmed" date="1997-06-22"/>
  </code>
  <code code="JAP">
    <editdetail attribution="Reuters BIP Coding Group" action="confirmed" date="1997-06-22"/>
  </code>
</codes>
<codes class="bip:topics:1.0">
  <code code="E41">
    <editdetail attribution="Reuters BIP Coding Group" action="confirmed" date="1997-06-22"/>
  </code>
  <code code="ECAT">
    <editdetail attribution="Reuters BIP Coding Group" action="confirmed" date="1997-06-22"/>
  </code>
  <code code="GCAT">
    <editdetail attribution="Reuters BIP Coding Group" action="confirmed" date="1997-06-22"/>
  </code>
  <code code="GDIP">
    <editdetail attribution="Reuters BIP Coding Group" action="confirmed" date="1997-06-22"/>
  </code>
  <code code="GJOB">
    <editdetail attribution="Reuters BIP Coding Group" action="confirmed" date="1997-06-22"/>
  </code>
</codes>
<dc element="dc.date.created" value="1997-06-22"/>
<dc element="dc.publisher" value="Reuters Holdings Plc"/>
<dc element="dc.date.published" value="1997-06-22"/>
<dc element="dc.source" value="Reuters"/>
<dc element="dc.creator.location" value="TOKYO"/>
<dc element="dc.creator.location.country.name" value="JAPAN"/>
<dc element="dc.source" value="Reuters"/>
</metadata>
</newsitem>
