<?xml version="1.0" encoding="iso-8859-1" ?>
<newsitem itemid="678960" id="root" date="1997-06-22" xml:lang="en">
<title>IRAQ: U.N. arms official discusses inspections with Iraq.</title>
<headline>U.N. arms official discusses inspections with Iraq.</headline>
<dateline>BAGHDAD 1997-06-22</dateline>
<text>
<p>A senior U.N. arms official  has discussed Iraq's obstruction of U.N. inspections with an adviser to President Saddam Hussein, a U.N. spokeswoman said on Sunday.</p>
<p>Jo Lomas said Charles Deulfer, deputy chairman of the U.N. Special Commission (UNSCOM) overseeing elimination of Iraq's prohibited weapons, &quot;discussed recent sensitivities between UNSCOM and Iraq&quot; with Presidential Adviser Amir al-Sa'di.</p>
<p>&quot;They had a long non-confrontational meeting,&quot; Lomas told Reuters.</p>
<p>Duelfer, who arrived in Baghdad on Saturday after Iraq prevented arms inspection teams from entering three sites this month, is scheduled to meet al-Sa'di again before leaving on Tuesday.</p>
<p>Rolf Ekeus, the chairman of UNSCOM, complained to the U.N. Security Council that Baghdad had prevented U.N. inspectors from entering sites and endangered U.N. helicopters and their crews assisting U.N. ground teams.</p>
<p>Late on Saturday, the United Nations Security Council responded by unanimously warning Iraq it faced further sanctions if it obstructed U.N. inspectors.</p>
<p>UNSCOM must certify Iraq has no weapons of mass destruction before the United Nations will lift curbs on its oil exports. The U.N. has allowed Baghdad since December to sell $2 billion worth of oil to buy urgently needed goods.</p>
<p>The sanctions were imposed following Iraq's 1990 invasion of Kuwait.</p>
<p>The government newspaper al-Jumhouriya said Iraq's former culture and information minister Abdul-al-Ghani Abdul-al-Ghafur urged the United Nations Security Council to put Ekeus on trial because inspectors examined religious sites in Baghdad last week for hidden weapons.</p>
<p>Iraq said on Wednesday an UNSCOM arms team inspected a church and two convents on the outskirts of Baghdad.</p>
</text>
<copyright>(c) Reuters Limited 1997</copyright>
<metadata>
<codes class="bip:countries:1.0">
  <code code="IRAQ">
    <editdetail attribution="Reuters BIP Coding Group" action="confirmed" date="1997-06-22"/>
  </code>
  <code code="UN">
    <editdetail attribution="Reuters BIP Coding Group" action="confirmed" date="1997-06-22"/>
  </code>
</codes>
<codes class="bip:topics:1.0">
  <code code="GCAT">
    <editdetail attribution="Reuters BIP Coding Group" action="confirmed" date="1997-06-22"/>
  </code>
  <code code="GDEF">
    <editdetail attribution="Reuters BIP Coding Group" action="confirmed" date="1997-06-22"/>
  </code>
  <code code="GDIP">
    <editdetail attribution="Reuters BIP Coding Group" action="confirmed" date="1997-06-22"/>
  </code>
</codes>
<dc element="dc.date.created" value="1997-06-22"/>
<dc element="dc.publisher" value="Reuters Holdings Plc"/>
<dc element="dc.date.published" value="1997-06-22"/>
<dc element="dc.source" value="Reuters"/>
<dc element="dc.creator.location" value="BAGHDAD"/>
<dc element="dc.creator.location.country.name" value="IRAQ"/>
<dc element="dc.source" value="Reuters"/>
</metadata>
</newsitem>
