<?xml version="1.0" encoding="iso-8859-1" ?>
<newsitem itemid="678991" id="root" date="1997-06-22" xml:lang="en">
<title>DUBAI: Iran oil minister predicts higher budget surplus.</title>
<headline>Iran oil minister predicts higher budget surplus.</headline>
<dateline>DUBAI 1997-06-22</dateline>
<text>
<p>Iranian Oil Minister Gholamreza Aghazadeh said in remarks published on Sunday that he expected Iran to post a higher budget surplus this year and that any oil price changes would not negatively affect state earnings.</p>
<p>&quot;In 1995 we had a surplus of $1.6 billion and in 1996 the surplus was 3.5 billion,&quot; he told Sunday's edition of the English-language daily Kayhan International.</p>
<p>&quot;This success was achieved due to the preventive measures taken by the government and Majlis (parliament) during the past years. The surplus in the budget this year is expected to be higher than the previous years,&quot; he added.</p>
<p>Aghazadeh said &quot;any new changes in the (oil) market will not have a negative impact on our earnings&quot;.</p>
<p>Oil is Iran's largest single earner, contributing some 40 percent to state budgeted revenue. Iran has based its March 1997-1998 budget on an oil price of around $17.50 a barrel.</p>
<p>In January Iran's parliament approved a 188.6 trillion rial state budget for the Iranian year starting on March 21, 1997. Iran regularly predicts a balance between state income and spending in its budget, but some deputies had predicted a 25 percent deficit, saying revenues would fall short of forecast.</p>
<p>The dollar value of the budget could range from $107.8 billion, if calculated at the official exchange rate used for essential state accounts -- 1,750 rials to the dollar -- down to $62.9 billion at Iran's other official rate -- 3,000 rials to the dollar -- which the government appears to use increasingly.</p>
</text>
<copyright>(c) Reuters Limited 1997</copyright>
<metadata>
<codes class="bip:countries:1.0">
  <code code="IRAN">
    <editdetail attribution="Reuters BIP Coding Group" action="confirmed" date="1997-06-22"/>
  </code>
</codes>
<codes class="bip:topics:1.0">
  <code code="E21">
    <editdetail attribution="Reuters BIP Coding Group" action="confirmed" date="1997-06-22"/>
  </code>
  <code code="E211">
    <editdetail attribution="Reuters BIP Coding Group" action="confirmed" date="1997-06-22"/>
  </code>
  <code code="ECAT">
    <editdetail attribution="Reuters BIP Coding Group" action="confirmed" date="1997-06-22"/>
  </code>
</codes>
<dc element="dc.date.created" value="1997-06-22"/>
<dc element="dc.publisher" value="Reuters Holdings Plc"/>
<dc element="dc.date.published" value="1997-06-22"/>
<dc element="dc.source" value="Reuters"/>
<dc element="dc.creator.location" value="DUBAI"/>
<dc element="dc.creator.location.country.name" value="DUBAI"/>
<dc element="dc.source" value="Reuters"/>
</metadata>
</newsitem>
