<?xml version="1.0" encoding="iso-8859-1" ?>
<newsitem itemid="678940" id="root" date="1997-06-22" xml:lang="en">
<title>YEMEN: Yemen Central Bank announces t-bills results.</title>
<headline>Yemen Central Bank announces t-bills results.</headline>
<dateline>SANAA 1997-06-22</dateline>
<text>
<p>Yemen's Central Bank on Sunday said its latest issue of 91-day treasury bills yielded an average of 12.83 percent, down from the average 13.49 percent at the May 25 auction.</p>
<p>Of the three billion rials worth of bills on offer, the issue attracted 2.85 billion rials.</p>
<p>The average price was 9,690.04 and the lowest price accepted was 9,665.00 rials. Yields ranged between 11.34 percent and 13.90 percent.</p>
<p>The latest issue of 182-day bills yielded an average of 12.59 percent from 13.23 percent at the previous auction. Of the one billion rials worth of bills on offer, the issue attracted 788 million rials.</p>
<p>The average price was 9,409.36 and the lowest accepted price was 9,375.00. Yields ranged between 11.67 percent and 13.27 percent.</p>
<p>The latest issue of 364-day bills yielded an average of 13.19 percent from 13.59 percent at the previous auction. Of the 500 million rials worth of 364-day treasury bills on offer, the issue attracted bids totalling 450 million rials. The average price was 8,837.75 rials and the lowest accepted price was 8,752.00 rials. Yields ranged between 12.50 percent and 14.30 percent.</p>
<p>($1=124 rials)</p>
</text>
<copyright>(c) Reuters Limited 1997</copyright>
<metadata>
<codes class="bip:countries:1.0">
  <code code="YEMAR">
    <editdetail attribution="Reuters BIP Coding Group" action="confirmed" date="1997-06-22"/>
  </code>
</codes>
<codes class="bip:topics:1.0">
  <code code="M13">
    <editdetail attribution="Reuters BIP Coding Group" action="confirmed" date="1997-06-22"/>
  </code>
  <code code="M131">
    <editdetail attribution="Reuters BIP Coding Group" action="confirmed" date="1997-06-22"/>
  </code>
  <code code="MCAT">
    <editdetail attribution="Reuters BIP Coding Group" action="confirmed" date="1997-06-22"/>
  </code>
</codes>
<dc element="dc.date.created" value="1997-06-22"/>
<dc element="dc.publisher" value="Reuters Holdings Plc"/>
<dc element="dc.date.published" value="1997-06-22"/>
<dc element="dc.source" value="Reuters"/>
<dc element="dc.creator.location" value="SANAA"/>
<dc element="dc.creator.location.country.name" value="YEMEN"/>
<dc element="dc.source" value="Reuters"/>
</metadata>
</newsitem>
