<?xml version="1.0" encoding="iso-8859-1" ?>
<newsitem itemid="678987" id="root" date="1997-06-22" xml:lang="en">
<title>BAHRAIN: Saudi power firm to sign $500 mln bank loan.</title>
<headline>Saudi power firm to sign $500 mln bank loan.</headline>
<dateline>MANAMA 1997-06-22</dateline>
<text>
<p>A Saudi Arabian electricity firm said on Sunday it would sign a $500 million loan with five banks to partly finance a major power project in the kingdom's eastern province.</p>
<p>An official at the Saudi Consolidated Electric Company - East (SCECO-East) said the 10-year loan, to help finance the building of the Ghazlan II power plant, would be signed in Khobar on Monday.</p>
<p>He named the banks as Chase Manhattan, Bahrain-based Gulf International Bank, Al-Bank Al-Saudi Al-Fransi Saudi British Bank and National Commercial Bank of Saudi Arabia.</p>
<p>The loan would be repaid in ten years, with the first five years as a grace period, the official told Reuters.</p>
<p>It would be used to partly finance the building of the Ghazlan II power plant and associated projects. SCECO-East, one of four major power companies in Saudi Arabia, would finance the rest from its internal resources, officials said.</p>
<p>SCECO-East earlier this month signed four contracts worth 1.159 billion riyals ($309 million) to integrate the Ghazlan II plant into its main power system to keep pace with surging domestic demand.</p>
<p>Last year, SCECO-East awarded Mitsubishi Heavy Industries a 4.155 billion riyal contract to build the 2,400-megawatt plant, which consists of four units, each with a capacity of 600 megawatts.</p>
<p>Ghazlan II is part of an ambitious Saudi programme to raise the kingdom's power capacity to 60,000 megawatts over 25 years from the current 19,000 megawatts.</p>
<p>-- Bahrain newsroom 973-524424.</p>
<p>($=3.75 riyals)</p>
</text>
<copyright>(c) Reuters Limited 1997</copyright>
<metadata>
<codes class="bip:countries:1.0">
  <code code="BAHRN">
    <editdetail attribution="Reuters BIP Coding Group" action="confirmed" date="1997-06-22"/>
  </code>
  <code code="SAARAB">
    <editdetail attribution="Reuters BIP Coding Group" action="confirmed" date="1997-06-22"/>
  </code>
</codes>
<codes class="bip:industries:1.0">
  <code code="I16100">
    <editdetail attribution="Reuters BIP Coding Group" action="confirmed" date="1997-06-22"/>
  </code>
</codes>
<codes class="bip:topics:1.0">
  <code code="C17">
    <editdetail attribution="Reuters BIP Coding Group" action="confirmed" date="1997-06-22"/>
  </code>
  <code code="C173">
    <editdetail attribution="Reuters BIP Coding Group" action="confirmed" date="1997-06-22"/>
  </code>
  <code code="C24">
    <editdetail attribution="Reuters BIP Coding Group" action="confirmed" date="1997-06-22"/>
  </code>
  <code code="CCAT">
    <editdetail attribution="Reuters BIP Coding Group" action="confirmed" date="1997-06-22"/>
  </code>
</codes>
<dc element="dc.date.created" value="1997-06-22"/>
<dc element="dc.publisher" value="Reuters Holdings Plc"/>
<dc element="dc.date.published" value="1997-06-22"/>
<dc element="dc.source" value="Reuters"/>
<dc element="dc.creator.location" value="MANAMA"/>
<dc element="dc.creator.location.country.name" value="BAHRAIN"/>
<dc element="dc.source" value="Reuters"/>
</metadata>
</newsitem>
