<?xml version="1.0" encoding="iso-8859-1" ?>
<newsitem itemid="678935" id="root" date="1997-06-22" xml:lang="en">
<title>DUBAI: Japan says U.S.to blame for Mideast peace freeze.</title>
<headline>Japan says U.S.to blame for Mideast peace freeze.</headline>
<dateline>DUBAI 1997-06-22</dateline>
<text>
<p>The United States is to blame for a deadlocked Middle East peace process and should adopt a positive role to revive stalled negotiations, Minoro Tampa, Japan's ambassador to Saudi Arabia said on Sunday.</p>
<p>&quot;The U.S. bias to Israel is what caused the impasse in the peace process,&quot; Tampa told news conference in Riyadh marking the end of his term in Saudi Arabia.</p>
<p>&quot;Japan appeals to the U.S. to work seriously towards restoring its role as a sponsor of the peace process and put an end to the current deterioration,&quot; he said adding that failure to resolve the Middle East issue was contrary to the interests of many countries.</p>
<p>Talks between Israel and the Palestinians broke down in March when the Jewish state began building a settlement in Arab East Jerusalem. The Palestinians want Israel to freeze settlement building before they return to the negotiating table but Israel has so far refused.</p>
<p>Three months of deadlock last week erupted into daily clashes between stone-throwing Arab demonstrators and Israeli troops in the divided West Bank city of Hebron.</p>
<p>The violence erupted after a U.S. congressional vote last week demanded President Bill Clinton recognise Arab East Jerusalem - occupied by Israel in 1967 and revered by Palestinians as the capital of their future state - as part of the capital of the Jewish state.</p>
<p>countries.  achieve a threatened the current . Tampa was quoted as saying.</p>
</text>
<copyright>(c) Reuters Limited 1997</copyright>
<metadata>
<codes class="bip:countries:1.0">
  <code code="ISRAEL">
    <editdetail attribution="Reuters BIP Coding Group" action="confirmed" date="1997-06-22"/>
  </code>
  <code code="JAP">
    <editdetail attribution="Reuters BIP Coding Group" action="confirmed" date="1997-06-22"/>
  </code>
  <code code="SAARAB">
    <editdetail attribution="Reuters BIP Coding Group" action="confirmed" date="1997-06-22"/>
  </code>
  <code code="UAE">
    <editdetail attribution="Reuters BIP Coding Group" action="confirmed" date="1997-06-22"/>
  </code>
  <code code="USA">
    <editdetail attribution="Reuters BIP Coding Group" action="confirmed" date="1997-06-22"/>
  </code>
</codes>
<codes class="bip:topics:1.0">
  <code code="GCAT">
    <editdetail attribution="Reuters BIP Coding Group" action="confirmed" date="1997-06-22"/>
  </code>
  <code code="GDIP">
    <editdetail attribution="Reuters BIP Coding Group" action="confirmed" date="1997-06-22"/>
  </code>
  <code code="GPOL">
    <editdetail attribution="Reuters BIP Coding Group" action="confirmed" date="1997-06-22"/>
  </code>
  <code code="GVIO">
    <editdetail attribution="Reuters BIP Coding Group" action="confirmed" date="1997-06-22"/>
  </code>
</codes>
<dc element="dc.date.created" value="1997-06-22"/>
<dc element="dc.publisher" value="Reuters Holdings Plc"/>
<dc element="dc.date.published" value="1997-06-22"/>
<dc element="dc.source" value="Reuters"/>
<dc element="dc.creator.location" value="DUBAI"/>
<dc element="dc.creator.location.country.name" value="DUBAI"/>
<dc element="dc.source" value="Reuters"/>
</metadata>
</newsitem>
