<?xml version="1.0" encoding="iso-8859-1" ?>
<newsitem itemid="678904" id="root" date="1997-06-22" xml:lang="en">
<title>HONG KONG: HK handover to heighten Taiwan trade sensitivity.</title>
<headline>HK handover to heighten Taiwan trade sensitivity.</headline>
<byline>Sarah Davison</byline>
<dateline>HONG KONG 1997-06-22</dateline>
<text>
<p>After July 1, Hong Kong's role as facilitator of China-Taiwan trade will continue and probably expand, but the territory's reversion to mainland rule is bound to heighten sensitivities between the &quot;two Chinas&quot;, experts say.</p>
<p>&quot;I don't think after the first of July we will see a negative effect on triangular trade (between Hong Kong, Taiwan and China) but some of the issues, their handling will become much more sensitive,&quot; said George Leung, economic adviser at Hongkong Shanghai Banking Corp.</p>
<p>Direct trade and investment between two of Asia's largest and most vibrant economies have been banned for 48 years, creating a lucrative opportunity for Hong Kong to act as the gateway for indirect Taiwan-China trade and investment.</p>
<p>The ban on direct business, transport and communication links dates from 1949, when China's Communists won the civil war on the mainland and the defeated Nationalists fled to Taiwan, but the rivals' interest in indirect economic ties has overcome the political tensions -- to Hong Kong's benefit.</p>
<p>Hong Kong's return to Chinese sovereignty, set for midnight on June 30, at first seemed to threaten a delicate but workable arrangement. But experts say the &quot;one country, two systems&quot; policy guiding Hong Kong's transition -- and intended by China as the model for Taiwan reunification -- has allowed the continuation of an important triangular trade relationship.</p>
<p>Under this policy, Hong Kong will remain a separate customs territory, reflecting Beijing's promise of a high degree of autonomy as enshrined in Hong Kong's new mini-constitution, the Basic Law.</p>
<p>China and Taiwan also recently sealed a pact that lessens any diplomatic nervousness about Taiwanese and Chinese vessels moving through each other's waters.</p>
<p>After the handover, Taiwanese vessels will remove all flags in Hong Kong waters while Hong Kong ships visiting Taiwan will fly only the flag of the new Special Administrative Region.</p>
<p>&quot;I don't see any particular problem, both the Chinese and Taiwanese governments recognise the economic benefit they both derive from trade linkage,&quot; Leung said.</p>
<p>&quot;And the past offers lots of examples that no matter how strained the relationship seemed to be, it had very little impact on economic ties...They argue on the political issues but never on economics.&quot;</p>
<p>Experts said the greatest harbinger of change for Greater China trade is not Hong Kong's handover but last January's agreement on direct shipping links between China and Taiwan.</p>
<p>Less than one year after the March 1996 Taiwan Straits missile crisis -- an incident that damaged trade throughout the region and pressured economic growth in Hong Kong -- shipping executives agreed to start direct cross-strait shipping between Xiamen and Fuzhou in China and Kaohsiung in Taiwan.</p>
<p>&quot;Everyone's worried about those sorts of developments. Shipping, aircraft, everything comes through here,&quot; said Ian Perkin, economist at the Hong Kong General Chamber of Commerce.</p>
<p>The shipping deal followed a June 1996 air accord which set up a &quot;genuine interaction&quot; between Taiwan, Hong Kong and China through the establishment of Taiwan-Hong Kong air routes.</p>
<p>The deal effectively granted a carrier controlled by communist China unprecedented access to Taiwan.</p>
<p>Michael Martin, assistant economist at Hong Kong's Trade Development Council, said the volume of goods involved in the first shipping deal agreed to last week was too small to have much of an impact, but any broader deal would affect Hong Kong greatly.</p>
<p>&quot;If there were a change such that Taiwan and mainland China were to come up with a new agreement that would allow goods directly from Taiwan to China or the other way, that's a new ballgame. We're talking about a larger volume of goods or products,&quot; Martin said.</p>
<p>Hong Kong exports to Taiwan were valued at US$4.2 billion in 1996 with Taiwanese imports to Hong Kong valued at US$15.8 billion, of which US$10.8 billion were re-exported, many of them to China.</p>
<p>TDC figures also showed 11,254 Taiwanese projects in China and an accumulated investment of US$5.64 billion at the end of 1995, but this is by no means the end of the story.</p>
<p>Hong Kong accounts for about 60 percent of all investment in China, some of which is bound to originate in Taiwan but end up disguised as foreign joint ventures. Hong Kong invested US$80 billion in China in 1995.</p>
</text>
<copyright>(c) Reuters Limited 1997</copyright>
<metadata>
<codes class="bip:countries:1.0">
  <code code="CHINA">
    <editdetail attribution="Reuters BIP Coding Group" action="confirmed" date="1997-06-22"/>
  </code>
  <code code="HKONG">
    <editdetail attribution="Reuters BIP Coding Group" action="confirmed" date="1997-06-22"/>
  </code>
  <code code="TAIWAN">
    <editdetail attribution="Reuters BIP Coding Group" action="confirmed" date="1997-06-22"/>
  </code>
</codes>
<codes class="bip:topics:1.0">
  <code code="E51">
    <editdetail attribution="Reuters BIP Coding Group" action="confirmed" date="1997-06-22"/>
  </code>
  <code code="E512">
    <editdetail attribution="Reuters BIP Coding Group" action="confirmed" date="1997-06-22"/>
  </code>
  <code code="ECAT">
    <editdetail attribution="Reuters BIP Coding Group" action="confirmed" date="1997-06-22"/>
  </code>
</codes>
<dc element="dc.date.created" value="1997-06-22"/>
<dc element="dc.publisher" value="Reuters Holdings Plc"/>
<dc element="dc.date.published" value="1997-06-22"/>
<dc element="dc.source" value="Reuters"/>
<dc element="dc.creator.location" value="HONG KONG"/>
<dc element="dc.creator.location.country.name" value="HONG KONG"/>
<dc element="dc.source" value="Reuters"/>
</metadata>
</newsitem>
