<?xml version="1.0" encoding="iso-8859-1" ?>
<newsitem itemid="678963" id="root" date="1997-06-22" xml:lang="en">
<title>TURKEY: Bomb thrown at Turk newspaper headquarters.</title>
<headline>Bomb thrown at Turk newspaper headquarters.</headline>
<dateline>ISTANBUL 1997-06-22</dateline>
<text>
<p>Unknown assailants threw a bomb at the headquarters of a Turkish newspaper in Istanbul on Sunday but the attack hurt no one and caused only minor damage, state-run Anatolian news agency said.</p>
<p>One man lobbed a bomb over the fence of the secularist Hurriyet mass-circulation daily in the early hours of Sunday, before escaping in a car with an accomplice, the agency said.</p>
<p>A young man with apparent Islamist leanings entered the same building last month overpowering a guard and shooting a cleaner in the leg before surrendering to police.</p>
<p>Several other media organisations have suffered similar minor attacks in recent months.</p>
<p>Turkish journalists last month staged a protest against the attacks and pointed a finger at anti-media statements by the Islamist-led government of Tansu Ciller and Necmettin Erbakan, who resigned last week.</p>
<p>Kurdish, Islamist and hard-left groups have carried out attacks on newspapers and media groups in the past.</p>
</text>
<copyright>(c) Reuters Limited 1997</copyright>
<metadata>
<codes class="bip:countries:1.0">
  <code code="TURK">
    <editdetail attribution="Reuters BIP Coding Group" action="confirmed" date="1997-06-22"/>
  </code>
</codes>
<codes class="bip:industries:1.0">
  <code code="I47510">
    <editdetail attribution="Reuters BIP Coding Group" action="confirmed" date="1997-06-22"/>
  </code>
</codes>
<codes class="bip:topics:1.0">
  <code code="GCAT">
    <editdetail attribution="Reuters BIP Coding Group" action="confirmed" date="1997-06-22"/>
  </code>
  <code code="GVIO">
    <editdetail attribution="Reuters BIP Coding Group" action="confirmed" date="1997-06-22"/>
  </code>
</codes>
<dc element="dc.date.created" value="1997-06-22"/>
<dc element="dc.publisher" value="Reuters Holdings Plc"/>
<dc element="dc.date.published" value="1997-06-22"/>
<dc element="dc.source" value="Reuters"/>
<dc element="dc.creator.location" value="ISTANBUL"/>
<dc element="dc.creator.location.country.name" value="TURKEY"/>
<dc element="dc.source" value="Reuters"/>
</metadata>
</newsitem>
