<?xml version="1.0" encoding="iso-8859-1" ?>
<newsitem itemid="678980" id="root" date="1997-06-22" xml:lang="en">
<title>ISRAEL: Sharon tipped as Israel's next finance minister.</title>
<headline>Sharon tipped as Israel's next finance minister.</headline>
<byline>Howard Goller</byline>
<dateline>JERUSALEM 1997-06-22</dateline>
<text>
<p>Israel's Ariel Sharon emerged on Sunday as the leading contender for finance minister, a job he could exploit to expand Jewish settlement viewed by Washington as an obstacle to peace.</p>
<p>Sources close to Prime Minister Benjamin &quot;Bibi&quot; Netanyahu said Sharon, 69, was the choice. It would be Sharon's most senior cabinet post since a 1982 Beirut massacre of Palestinians forced him out as defence minister in 1983.</p>
<p>Netanyahu's Likud party rival Dan Meridor angrily quit as finance minister last week in a power struggle with the Israeli leader over foreign exchange policy.</p>
<p>Sharon, now national infrastructure minister, has championed Jewish settlement in governments going back years. In the early 1990s he spearheaded a settlement boom that put Israel on a collision course with its close U.S. ally.</p>
<p>Spokesmen for Sharon and Netanyahu would neither confirm nor deny the pending appointment. The only other candidate mentioned was Yaacov Neeman, a former Treasury director-general who did a brief turn as justice minister.</p>
<p>While friends of Sharon touted the warrior-turned-politician for the finance job, analysts and political foes voiced alarm.</p>
<p>&quot;Sharon will arouse discomfort in the international arena. He will reinforce fear in the Arab world which will believe Netanyahu has built a 'war cabinet,'&quot; warned Maariv newspaper commentator Chemi Shalev.</p>
<p>Yossi Sarid, leader of the leftist Meretz party in parliament and a former peace negotiator with the Palestinians, said: &quot;Now this most dangerous and extreme man will be in charge of the national order of priorities.&quot;</p>
<p>Bankers and analysts expressed concern about Sharon's longterm economic policy, fearing a hawkish platform and lack of fiscal discipline which could keep foreign investors away.</p>
<p>Paradoxically, Sharon has not always been on the best of terms with the prime minister. Netanyahu, 47, reluctantly took the ex-general into his cabinet after elections 13 months ago.</p>
<p>When in 1994 Sharon launched a brief run for prime minister, Netanyahu called him &quot;a permanent subversive&quot; although on Sunday Sharon's confidant, politician Eli Landau, said Sharon had for now abandoned hopes of being prime minister.</p>
<p>Political sources said that since the government had come to power, Sharon's vast experience stood out at a cabinet table surrounded largely by political neophytes.</p>
<p>His appointment as part of a cabinet reshuffle could receive parliamentary approval on Tuesday.</p>
<p>Known in Israel by his nickname &quot;Arik&quot; to friend and foe alike, the burly Sharon has a reputation as a bulldozer in any assignment. Sharon to this day brands Israel's peace partner Palestinian President Yasser Arafat a &quot;terrorist&quot;.</p>
<p>In 1983 Sharon was forced to quit as defence minister after an Israeli inquiry found him indirectly responsible for the killing of hundreds of Palestinians by Christian militiamen at two Beirut-area refugee camps surrounded by Israeli soldiers.</p>
<p>The Lebanon war he led was Israel's most unpopular ever.</p>
<p>Sharon angered the Bush Administration when as part of Israel's most hardline government from 1990-1992 he spearheaded a settlement drive in the occupied territories. He was snubbed on a 1991 visit to Washington.</p>
<p>Former Secretary of State James Baker wrote in his memoirs that Sharon's &quot;inflammatory rhetoric and expansionist zeal&quot; had undercut U.S. efforts to find a solution to the decades-old Arab-Israeli conflict.</p>
<p>&quot;Like his settlements policy, Ariel Sharon was an obstacle to peace,&quot; Baker wrote. The policy prompted President George Bush to hold up $10 billion in loan guarantees for Jewish immigrants from the former Soviet Union.</p>
<p>While in office, Sharon defended settlements as vital to security and said their increase had ultimately prompted Israel's Arab enemies to join Middle East peace talks.</p>
</text>
<copyright>(c) Reuters Limited 1997</copyright>
<metadata>
<codes class="bip:countries:1.0">
  <code code="ISRAEL">
    <editdetail attribution="Reuters BIP Coding Group" action="confirmed" date="1997-06-22"/>
  </code>
</codes>
<codes class="bip:topics:1.0">
  <code code="GCAT">
    <editdetail attribution="Reuters BIP Coding Group" action="confirmed" date="1997-06-22"/>
  </code>
  <code code="GPOL">
    <editdetail attribution="Reuters BIP Coding Group" action="confirmed" date="1997-06-22"/>
  </code>
</codes>
<dc element="dc.date.created" value="1997-06-22"/>
<dc element="dc.publisher" value="Reuters Holdings Plc"/>
<dc element="dc.date.published" value="1997-06-22"/>
<dc element="dc.source" value="Reuters"/>
<dc element="dc.creator.location" value="JERUSALEM"/>
<dc element="dc.creator.location.country.name" value="ISRAEL"/>
<dc element="dc.source" value="Reuters"/>
</metadata>
</newsitem>
