<?xml version="1.0" encoding="iso-8859-1" ?>
<newsitem itemid="678976" id="root" date="1997-06-22" xml:lang="en">
<title>DUBAI: UAE to enforce private sector pensions soon.</title>
<headline>UAE to enforce private sector pensions soon.</headline>
<dateline>DUBAI 1997-06-22</dateline>
<text>
<p>United Arab Emirates Labour and Social Affairs Minister Matar Humaid al-Tayer said in remarks published on Sunday a law forcing private companies to pay pensions to employees would come into effect soon.</p>
<p>&quot;The cabinet has recently instructed the Ministry of Finance to study the law and enforce it. This law would make it mandatory for all private companies to pay social security for its employees,&quot; he was quoted by the Khaleej Times as saying.</p>
<p>He said this would encourage UAE nationals to work in the private sector as UAE laws currently require that only public sector employees be paid pensions.</p>
<p>Tayer was also quoted by newspapers as saying the ministry would not set a quota for employing UAE nationals in the private sector but it would nominate unemployed UAE nationals to posts offered by private firms.</p>
<p>Asked by the Khaleej Times if the ministry would set a law forcing private firms to employ UAE nationals, Tayer said: &quot;I will not encourage this myself.&quot;</p>
<p>However, he said the ministry would check its databank of unemployed UAE nationals when it studies employment visa applications from companies for foreign workers.</p>
<p>&quot;The priority will be given to nationals if the required qualified staff is available among the locals listed with us. In this case, we will nominate the most suitable person and recommend the company to interview him or her,&quot; he said.</p>
<p>Tayer said so far 1,200 UAE nationals seeking jobs were on the ministry's data bank.</p>
<p>The UAE, like other Gulf Arab states, is trying to find more jobs for its citizens to reduce reliance on foreign workers. Expatriates -- mostly from the Indian subcontinent and southeast Asia -- make up three-quarters of the UAE's 2.4 million people.</p>
<p>A special UAE committee has proposed stiff penalties for banks which do not meet planned new laws to raise the number of UAE nationals among bank staff, committee chairman Communications Minister Ahmad Humaid al-Tayer said last month.</p>
</text>
<copyright>(c) Reuters Limited 1997</copyright>
<metadata>
<codes class="bip:countries:1.0">
  <code code="UAE">
    <editdetail attribution="Reuters BIP Coding Group" action="confirmed" date="1997-06-22"/>
  </code>
</codes>
<codes class="bip:topics:1.0">
  <code code="E41">
    <editdetail attribution="Reuters BIP Coding Group" action="confirmed" date="1997-06-22"/>
  </code>
  <code code="ECAT">
    <editdetail attribution="Reuters BIP Coding Group" action="confirmed" date="1997-06-22"/>
  </code>
  <code code="GCAT">
    <editdetail attribution="Reuters BIP Coding Group" action="confirmed" date="1997-06-22"/>
  </code>
  <code code="GJOB">
    <editdetail attribution="Reuters BIP Coding Group" action="confirmed" date="1997-06-22"/>
  </code>
  <code code="GWELF">
    <editdetail attribution="Reuters BIP Coding Group" action="confirmed" date="1997-06-22"/>
  </code>
</codes>
<dc element="dc.date.created" value="1997-06-22"/>
<dc element="dc.publisher" value="Reuters Holdings Plc"/>
<dc element="dc.date.published" value="1997-06-22"/>
<dc element="dc.source" value="Reuters"/>
<dc element="dc.creator.location" value="DUBAI"/>
<dc element="dc.creator.location.country.name" value="DUBAI"/>
<dc element="dc.source" value="Reuters"/>
</metadata>
</newsitem>
