<?xml version="1.0" encoding="iso-8859-1" ?>
<newsitem itemid="678936" id="root" date="1997-06-22" xml:lang="en">
<title>JORDAN: National Bank bloc sale buttresses Amman bourse.</title>
<headline>National Bank bloc sale buttresses Amman bourse.</headline>
<dateline>AMMAN 1997-06-22</dateline>
<text>
<p>A large bloc sale on National Bank on Sunday helped buttress the Amman bourse amid signs of an upward trend on popular blue-chips sparked by so far limited foreign buying, dealers said.</p>
<p>&quot;The market is generally stable with a slight improvement on certain stock,&quot; said senior analyst Mohammmed Abdullah, Pearl Consulting.</p>
<p>The official 60-share Amman Financial Market (AFM) index rose 0.46 percent to 159.32 points in healthy turnover of 1.9 million dinars ($2.7 million).  </p>
<p>More than half the value of daily trade was dominated by a bloc sale in Jordan National Bank, which rose 0.03 dinars to 2.12 dinars in a deal possibly executed by foreign buyers.</p>
<p>Brokers say the bourse is generally stable amid growing foreign interest which resurfaced since Saturday and could signal the start of a repeat pattern of select bargain buying on cement and mining firms which the bourse witnessed last month.</p>
<p>Prices have eased since gaining nearly six percent in the final week of May on the back of foreign fund buying.  </p>
<p>&quot;Foreign buying is picking up again on major blue-chip and demand is continuing,&quot; Abdullah added.</p>
<p>In pharamaceuticals, leading drug firm Dar al-Dawa also attracted some foreign inspired interest after prices gained 0.02 dinars to 5.51 dinars in the third busiest deal worth 106,802 dinars.</p>
<p>Jordan Kuwait Bank rose a high 0.17 dinars to 3.61 dinars in trade worth 60,118 dinars with no end in sight to a board room tussle between major shareholders after a failed takeover attempt by Bank of Jordan.</p>
<p>Jordan Cement, a popular foreign investor choice, rose 0.01 dinars to 4.03 dinars in trade worth 98,165 dinars.</p>
<p>Overall rising shares outnumbered losers on Sunday by 22 to seven, with another 23 trading but closing unchanged.</p>
<p>The private Pearl Index of the 45 best-performing shares in terms of turnover and financial performance rose 0.16 percent to 81.23 points, 2.59 percent down from the start of the year.</p>
<p>$1 = 0.709 dinars</p>
<p>((- Amman newsroom +9626 623776))</p>
</text>
<copyright>(c) Reuters Limited 1997</copyright>
<metadata>
<codes class="bip:countries:1.0">
  <code code="JORDAN">
    <editdetail attribution="Reuters BIP Coding Group" action="confirmed" date="1997-06-22"/>
  </code>
</codes>
<codes class="bip:topics:1.0">
  <code code="M11">
    <editdetail attribution="Reuters BIP Coding Group" action="confirmed" date="1997-06-22"/>
  </code>
  <code code="MCAT">
    <editdetail attribution="Reuters BIP Coding Group" action="confirmed" date="1997-06-22"/>
  </code>
</codes>
<dc element="dc.date.created" value="1997-06-22"/>
<dc element="dc.publisher" value="Reuters Holdings Plc"/>
<dc element="dc.date.published" value="1997-06-22"/>
<dc element="dc.source" value="Reuters"/>
<dc element="dc.creator.location" value="AMMAN"/>
<dc element="dc.creator.location.country.name" value="JORDAN"/>
<dc element="dc.source" value="Reuters"/>
</metadata>
</newsitem>
