<?xml version="1.0" encoding="iso-8859-1" ?>
<newsitem itemid="678954" id="root" date="1997-06-22" xml:lang="en">
<title>DUBAI: Dubai gold market depressed with onset of summer.</title>
<headline>Dubai gold market depressed with onset of summer.</headline>
<dateline>DUBAI 1997-06-22</dateline>
<text>
<p>The onset of the long hot Arabian summer and the exodus of expatriate workers for holidays has dragged down the Dubai gold market, traders said on Sunday.</p>
<p>Tourists are staying away due to the heat, and demand from the Indian subcontinent is weak as investors wait to see what riches the monsoon there will bring, they added.</p>
<p>&quot;The market is subdued at the moment. The price of gold is bottoming out,&quot; said one trader.</p>
<p>&quot;If the monsoon (in India) is good, which we will be able to tell by the end of June, purchasing power should be up and the gold market should improve, but at the moment demand is weak,&quot; he added.</p>
<p>India's June to September monsoon season is the prelude to the start of the country's main wedding season when imports from supply markets, particularly Dubai, increase.</p>
<p>&quot;Indian demand has decreased because the monsoon is only really starting now,&quot; said a gold retailer.</p>
<p>Dubai traders said lower world bullion prices dragged down the price of Dubai's benchmark Ten Tola bar in the week.</p>
<p>They quoted the TT bar -- 3.746 ounces of 24 carat gold -- at 4,672 dirhams ($1,273) on Sunday, down from 4,720 dirhams a week earlier.</p>
<p>During the week, spot gold on the international bullion market broke below $340 an ounce to end the week quoted at $337.40/90, the lowest weekly close since April 1993.</p>
<p>Gold was last quoted on Saturday at $337.75/338.25 an ounce, down from $341.10/60 last week.</p>
<p>Dubai traders said they had been disappointed by low sales at the start of the summer holiday season. Usually this is a good time for the market as expatriates, mainly from the Indian subcontinent, traditionally return home for the summer holidays with gifts of gold jewellery and investment bars.</p>
<p>But traders said some customers had taken advantage of a special gold promotion during the March-April Dubai shopping festival to stock up on summer gifts.</p>
<p>&quot;People have already bought their gold presents during the festival,&quot; said one trader.</p>
<p>Local retail sales were also capped by expectations of further weakness in the gold price.</p>
<p>&quot;Everyone thinks it will go down further, so they are waiting for the cheaper prices,&quot; a trader said, adding UAE buyers were particularly price sensitive.</p>
<p>-- Dubai newsroom +9714-626990</p>
<p>($1=3.67 dirhams)</p>
</text>
<copyright>(c) Reuters Limited 1997</copyright>
<metadata>
<codes class="bip:countries:1.0">
  <code code="UAE">
    <editdetail attribution="Reuters BIP Coding Group" action="confirmed" date="1997-06-22"/>
  </code>
</codes>
<codes class="bip:topics:1.0">
  <code code="M14">
    <editdetail attribution="Reuters BIP Coding Group" action="confirmed" date="1997-06-22"/>
  </code>
  <code code="M142">
    <editdetail attribution="Reuters BIP Coding Group" action="confirmed" date="1997-06-22"/>
  </code>
  <code code="MCAT">
    <editdetail attribution="Reuters BIP Coding Group" action="confirmed" date="1997-06-22"/>
  </code>
</codes>
<dc element="dc.date.created" value="1997-06-22"/>
<dc element="dc.publisher" value="Reuters Holdings Plc"/>
<dc element="dc.date.published" value="1997-06-22"/>
<dc element="dc.source" value="Reuters"/>
<dc element="dc.creator.location" value="DUBAI"/>
<dc element="dc.creator.location.country.name" value="DUBAI"/>
<dc element="dc.source" value="Reuters"/>
</metadata>
</newsitem>
