<?xml version="1.0" encoding="iso-8859-1" ?>
<newsitem itemid="678949" id="root" date="1997-06-22" xml:lang="en">
<title>ISRAEL: Israeli bonds close higher in quiet trading.</title>
<headline>Israeli bonds close higher in quiet trading.</headline>
<dateline>TEL AVIV 1997-06-22</dateline>
<text>
<p>Israeli bonds closed higher on Sunday in quiet trading with prices on CPI-linked long bonds falling on profit-taking, traders said.</p>
<p>Indices:</p>
<p>* Government bonds general: +0.08 pct to 107.6</p>
<p>* CPI-linked government bonds: +0.07 pct at 107.33</p>
<p>* Unlinked government bonds: +0.08 pct to 109.17</p>
<p>* Dollar-linked government bonds: +0.27 pct to 106.29</p>
<p>* Bank of Israel short-term Makam bills: +0.13 pct to 107.11</p>
<p>Volume including Makams was 160 million shekels.</p>
<p>&quot;Trading was mixed in CPI-linked bonds. Prices of long bonds fell slightly on profit-taking, while there was more demand for the medium-term bonds,&quot; said Ron Weisberg of IBI Investment House.</p>
<p>&quot;The yield curve...is now moving to be a flat curve, which indicates that some players doubt there will be a further cut in interest rates,&quot; he said.</p>
<p>Weisberg said that after last week's interest rate cut yields on some of the CPI-linked long bonds had fallen below the four percent barrier.</p>
<p>&quot;Trading in these bonds will now be stable with a negative trend in the coming weeks on profit-taking,&quot; he said, adding that by the end of summer he expected a new downward momentum because of low inflation and because in the long run the market expects a further cut in interest rates.</p>
<p>After the Israeli cabinet adopted a plan on Wednesday to widen the exchange rate band and adjust its diagonal rate, the central bank lowered its key lending rate 1.2 percentage points to an annualised 12.7 percent.</p>
<p>Some traders said they expected yields of the CPI-linked long bonds to remain at four percent. &quot;We don't think yields will continue to fall because we don't expect a further cut in interest rates,&quot; said Eyal Segal of United Mizrahi Bank.</p>
<p>Prices of unlinked bonds continued to rise but at a slower rate due to the a low May CPI and the interest rate cut, Weisberg said.</p>
<p>Prices of dollar-linked bonds were higher after the skekel weakened against the dollar in Friday trading, Segal said. The representative rate was fixed on Friday at 3.4370 shekels to the dollar against 3.4190 shekels on Thursday.</p>
<p>Note: Makams are zero-coupon unlinked certificates with a maturity of three months to one year. The Bank of Israel issues Makams to absorb liquidity.</p>
<p>($1 = 3.43 shekels)</p>
<p>- Shoshanna Solomon, Tel Aviv newsroom, 972-3-537-2211 x233</p>
</text>
<copyright>(c) Reuters Limited 1997</copyright>
<metadata>
<codes class="bip:countries:1.0">
  <code code="ISRAEL">
    <editdetail attribution="Reuters BIP Coding Group" action="confirmed" date="1997-06-22"/>
  </code>
</codes>
<codes class="bip:topics:1.0">
  <code code="M12">
    <editdetail attribution="Reuters BIP Coding Group" action="confirmed" date="1997-06-22"/>
  </code>
  <code code="MCAT">
    <editdetail attribution="Reuters BIP Coding Group" action="confirmed" date="1997-06-22"/>
  </code>
</codes>
<dc element="dc.date.created" value="1997-06-22"/>
<dc element="dc.publisher" value="Reuters Holdings Plc"/>
<dc element="dc.date.published" value="1997-06-22"/>
<dc element="dc.source" value="Reuters"/>
<dc element="dc.creator.location" value="TEL AVIV"/>
<dc element="dc.creator.location.country.name" value="ISRAEL"/>
<dc element="dc.source" value="Reuters"/>
</metadata>
</newsitem>
