<?xml version="1.0" encoding="iso-8859-1" ?>
<newsitem itemid="678929" id="root" date="1997-06-22" xml:lang="en">
<title>JAPAN: WEEK AHEAD-Tokyo stocks to drift, wait for 'tankan'.</title>
<headline>WEEK AHEAD-Tokyo stocks to drift, wait for 'tankan'.</headline>
<byline>Masako Iijima</byline>
<dateline>TOKYO 1997-06-22</dateline>
<text>
<p>Tokyo stocks are likely to drift in the coming week as investors sit back and wait for reassurance that currency market turmoil has stopped and for the Bank of Japan's &quot;tankan&quot; survey of corporate sentiment.</p>
<p>Brokers said the Nikkei average was having trouble keeping its gains after setting a new closing high of 20.681.07 for calendar 1997 on June 16.</p>
<p>But there were no strong reasons to sell, and the Nikkei average was likely to continue to trade within a very narrow range, they added.</p>
<p>&quot;There are potential buyers such as pension funds, but they will probably opt to wait for the tankan before buying,&quot; said Katsumichi Shimizu, general manager at Yamaichi Securities.</p>
<p>&quot;The downside should be fairly firm near 20,000, but gains will probably be capped by profit-taking.&quot;</p>
<p>The tankan survey of corporate sentiment, which could provide clues on how the Japanese economy is performing after the consumption tax was raised by two percentage points in April, will be released on June 25.</p>
<p>On technical factors, market sources said that the upside was seen at the June 13 intra-day high of 20,815 while near-term support was seen near the 25-day moving average, which is around 20,300.</p>
<p>Brokers said that trade was likely to focus more on laggards, smaller shares and over-the-counter stocks rather than blue-chips and many major issues that have risen considerably and are more than ready for a breather.</p>
<p>&quot;Car maker shares, which led the recent blue-chip rally, are falling further and further into a correction phase, and short-covering of bank and construction issues is almost complete,&quot; a broker at a &quot;Big Four&quot; brokerage said.</p>
<p>However, some brokers added that if the yen were to stabilise near 115 to the dollar, which is seen as the ideal level for exporters, pension funds could be coaxed into buying global issues once again.</p>
<p>&quot;Shares such as Sony Corp are showing faint signs of reviving after correcting,&quot; said Noboru Yorita, general manager at Tachibana Securities. &quot;If the yen calms down, pension funds could spend the remainder of their allocations on such issues.&quot;</p>
<p>Brokers added that interest in information technology-related firms, which sent shares such as Fujitsu Ltd and NTT Data Corp to new highs for calendar 1997 in the past week, was likely to continue in coming sessions.</p>
<p>One broker said concerns over the &quot;millenium bug&quot; will create an immense amount of business for information technology firms.</p>
<p>The &quot;millenium bug&quot; centres on fears that at the turn of the century, many computers will show &quot;00&quot; for the year and interpret it as 1900, potentially causing havoc in computer systems. Companies are now racing to reprogamme old software.</p>
<p>He said financial institutions must also invest in computer software due to demands stemming from Japanese financial reforms.</p>
<p>&quot;The share prices in the sector are undervalued,&quot; he said.</p>
<p>On Friday, the Nikkei 225 fell 122.31 points or 0.60 percent to 20,385.54, shedding about 140 points from the previous Friday. During the week it hit a high of 20,681.07 and a low of 20.356.54.</p>
</text>
<copyright>(c) Reuters Limited 1997</copyright>
<metadata>
<codes class="bip:countries:1.0">
  <code code="JAP">
    <editdetail attribution="Reuters BIP Coding Group" action="confirmed" date="1997-06-22"/>
  </code>
</codes>
<codes class="bip:topics:1.0">
  <code code="M11">
    <editdetail attribution="Reuters BIP Coding Group" action="confirmed" date="1997-06-22"/>
  </code>
  <code code="MCAT">
    <editdetail attribution="Reuters BIP Coding Group" action="confirmed" date="1997-06-22"/>
  </code>
</codes>
<dc element="dc.date.created" value="1997-06-22"/>
<dc element="dc.publisher" value="Reuters Holdings Plc"/>
<dc element="dc.date.published" value="1997-06-22"/>
<dc element="dc.source" value="Reuters"/>
<dc element="dc.creator.location" value="TOKYO"/>
<dc element="dc.creator.location.country.name" value="JAPAN"/>
<dc element="dc.source" value="Reuters"/>
</metadata>
</newsitem>
