<?xml version="1.0" encoding="iso-8859-1" ?>
<newsitem itemid="678909" id="root" date="1997-06-22" xml:lang="en">
<title>HONG KONG: Britannia rules the waves, but not for long.</title>
<headline>Britannia rules the waves, but not for long.</headline>
<byline>Kurt Schork</byline>
<dateline>HONG KONG 1997-06-22</dateline>
<text>
<p>The most glamorous guest at ceremonies marking Hong Kong's June 30 handover to China is likely to be an elegant 44-year-old royal lady.</p>
<p>Well-travelled but expensive to maintain, her life is nearly over.</p>
<p>Her name is Britannia, the British royal yacht, which steams into Hong Kong harbour on Monday on the penultimate leg of her last offical voyage.</p>
<p>Britannia's arrival complete with a crew of 236, a Royal Marine band and acres of polished brass fittings will mean the stage is set for an end-of-empire bash expected to be watched by 100 million television viewers around the world.</p>
<p>Launched in 1953 as a floating palace for Britain's royal family, Britannia has been a potent symbol of the nation's naval tradition.</p>
<p>The ship ends her million-mile odyssey later this year when she returns to Britain to be decommissioned, a victim of age and the country's growing disillusion with monarchy.</p>
<p>As a prop for the elaborately scripted handover drama, Britannia threatens to upstage Hong Kong's glittering new waterfront convention centre, where the actual ceremony will take place.</p>
<p>Prince Charles will use the 412-foot, three-masted yacht as his base for the festivities. The ship, lying at anchor in Hong Kong harbour just off the convention centre, is to be the stage for a number of dinners, parties and high-level meetings.</p>
<p>Shortly after the formal handover at midnight on June 30 Prince Charles and last colonial Governor Chris Patten will leave together, sailing off into the darkness aboard Britannia.</p>
<p>That the ship's last official voyage should coincide with Hong Kong's return to China after a colonial interlude of more than 150 years is rich with symbolism and significance.</p>
<p>Britannia's working life has virtually spanned the reign of Queen Elizabeth II, who came to the throne in 1952. That Britain would always have a monarch and a Hong Kong were beyond doubt when the ship was launched. Times have changed.</p>
<p>The intervening 44 years have seen Britain's status as a world power decline. Hong Kong's 1997 return to China was agreed by negotiation in 1984. Meanwhile, British public support for the monarchy has declined sharply.</p>
<p>With her large crew and an antiquated steam plant originally lifted from a British submarine in 1943, Britannia has been costing British taxpayers about eight million pounds ($13 million) a year to operate.</p>
<p>Public griping about the monarchy's perceived irrelevance to modern Britain and complaints about the royal family's lavish, subsidised life-style have convinced many that Britannia is a luxury the country cannot afford.</p>
<p>Then-defence minister Michael Portillo said in January that a new $100 million yacht would be commissioned to replace Britannia.</p>
<p>A public opinion poll at the time said 72 per cent of Britons disapproved of the government paying for the new yacht.</p>
<p>Then in opposition, the Labour Party declared that it would not pay for a new yacht if it came to power. It later swept to victory in the May 1 general election.</p>
</text>
<copyright>(c) Reuters Limited 1997</copyright>
<metadata>
<codes class="bip:countries:1.0">
  <code code="CHINA">
    <editdetail attribution="Reuters BIP Coding Group" action="confirmed" date="1997-06-22"/>
  </code>
  <code code="HKONG">
    <editdetail attribution="Reuters BIP Coding Group" action="confirmed" date="1997-06-22"/>
  </code>
  <code code="UK">
    <editdetail attribution="Reuters BIP Coding Group" action="confirmed" date="1997-06-22"/>
  </code>
</codes>
<codes class="bip:topics:1.0">
  <code code="GCAT">
    <editdetail attribution="Reuters BIP Coding Group" action="confirmed" date="1997-06-22"/>
  </code>
  <code code="GDIP">
    <editdetail attribution="Reuters BIP Coding Group" action="confirmed" date="1997-06-22"/>
  </code>
</codes>
<dc element="dc.date.created" value="1997-06-22"/>
<dc element="dc.publisher" value="Reuters Holdings Plc"/>
<dc element="dc.date.published" value="1997-06-22"/>
<dc element="dc.source" value="Reuters"/>
<dc element="dc.creator.location" value="HONG KONG"/>
<dc element="dc.creator.location.country.name" value="HONG KONG"/>
<dc element="dc.source" value="Reuters"/>
</metadata>
</newsitem>
