<?xml version="1.0" encoding="iso-8859-1" ?>
<newsitem itemid="678998" id="root" date="1997-06-22" xml:lang="en">
<title>OMAN: British minister in Oman to confirm security ties.</title>
<headline>British minister in Oman to confirm security ties.</headline>
<dateline>MUSCAT 1997-06-22</dateline>
<text>
<p>British Foreign Office Minister Derek Fatchett started a tour of three Gulf Arab states on Sunday to confirm London's commitment to security in the Gulf and boosting political and economic ties.</p>
<p>Fatchett, who arrived in Oman and is also due to visit the United Arab Emirates and Kuwait, is the first British minister to visit the Gulf since Britain's Labour government took power last month.</p>
<p>&quot;His discussions will focus on a broad range of regional issues including Iraq, Iran and the Middle East peace process,&quot; a statement released by the British Embassy in Muscat said.</p>
<p>Britain keeps a number of warships in the Gulf as part of a multi-national effort enforcing sanctions on Iraq.</p>
<p>&quot;Mr Fatchett will confirm Britain's commitment to enhancing political and commercial relations with each country and to maintaining the security of the Gulf region as a whole,&quot; the statement said.</p>
<p>Britain's trade with the six Gulf Cooperation Council states -- Saudi Arabia, the United Arab Emirates, Oman, Kuwait, Bahrain and Qatar -- rose by more than 20 percent in the first 11 months of 1996 to 5.93 billion pounds compared with the same period in 1995.</p>
</text>
<copyright>(c) Reuters Limited 1997</copyright>
<metadata>
<codes class="bip:countries:1.0">
  <code code="KUWAIT">
    <editdetail attribution="Reuters BIP Coding Group" action="confirmed" date="1997-06-22"/>
  </code>
  <code code="OMAN">
    <editdetail attribution="Reuters BIP Coding Group" action="confirmed" date="1997-06-22"/>
  </code>
  <code code="UAE">
    <editdetail attribution="Reuters BIP Coding Group" action="confirmed" date="1997-06-22"/>
  </code>
  <code code="UK">
    <editdetail attribution="Reuters BIP Coding Group" action="confirmed" date="1997-06-22"/>
  </code>
</codes>
<codes class="bip:topics:1.0">
  <code code="E51">
    <editdetail attribution="Reuters BIP Coding Group" action="confirmed" date="1997-06-22"/>
  </code>
  <code code="E512">
    <editdetail attribution="Reuters BIP Coding Group" action="confirmed" date="1997-06-22"/>
  </code>
  <code code="ECAT">
    <editdetail attribution="Reuters BIP Coding Group" action="confirmed" date="1997-06-22"/>
  </code>
  <code code="GCAT">
    <editdetail attribution="Reuters BIP Coding Group" action="confirmed" date="1997-06-22"/>
  </code>
  <code code="GDEF">
    <editdetail attribution="Reuters BIP Coding Group" action="confirmed" date="1997-06-22"/>
  </code>
  <code code="GDIP">
    <editdetail attribution="Reuters BIP Coding Group" action="confirmed" date="1997-06-22"/>
  </code>
</codes>
<dc element="dc.date.created" value="1997-06-22"/>
<dc element="dc.publisher" value="Reuters Holdings Plc"/>
<dc element="dc.date.published" value="1997-06-22"/>
<dc element="dc.source" value="Reuters"/>
<dc element="dc.creator.location" value="MUSCAT"/>
<dc element="dc.creator.location.country.name" value="OMAN"/>
<dc element="dc.source" value="Reuters"/>
</metadata>
</newsitem>
