<?xml version="1.0" encoding="iso-8859-1" ?>
<newsitem itemid="678926" id="root" date="1997-06-22" xml:lang="en">
<title>VIETNAM: FEATURE-Agent Orange returns to haunt U.S.-Vietnam ties.</title>
<headline>FEATURE-Agent Orange returns to haunt U.S.-Vietnam ties.</headline>
<byline>Adrian Edwards</byline>
<dateline>HANOI 1997-06-22</dateline>
<text>
<p>Twenty-two years after the Vietnam war ended, the silent and crippling legacy left here by the use of U.S. chemical defoliants is stirring passions again.</p>
<p>As Hanoi prepares for a visit this week by U.S. Secretary of State Madeleine Albright, it's as if all the old wounds have suddenly reopened.</p>
<p>Whether by coincidence or design, old frictions have resurfaced. Talk of the war, of the appalling costs that Vietnam bore and of the folly of U.S. involvement has been splashed across the state press.</p>
<p>Now, too, the scientists are publicly slugging things out.</p>
<p>In a telephone conversation this week from his Upper New York State home, Arnold Schecter, a leading U.S. expert on Agent Orange, told Reuters that Hanoi's efforts to promote joint research were less than sincere.</p>
<p>Schecter was a prominent member of an official mission which visited Vietnam in 1995 to study the long-term impact of dioxin, a harmful chemical contained in Agent Orange.</p>
<p>The mission ran into problems when their papers and samples were confiscated at Hanoi airport. When Hanoi's 10-80 dioxin research committee recently offered to hand the two-year-old documents and samples back, the U.S. scientist blew a fuse.</p>
<p>&quot;This is the second time I've received a fax from the 10-80 Committee offering to pass on these things,&quot; Schecter said.</p>
<p>&quot;But what does this mean? I'll believe it if they get into a car, drive to the U.S. embassy in Hanoi and actually do it.&quot;</p>
<p>HANOI COMMITTEE FORMED TO EXAMINE THE IMPACT OF CHEMICALS</p>
<p>Hanoi's 10-80 Committee is a government organisation established to examine the impact on Vietnam of chemicals used during the war.</p>
<p>Inside its offices, the walls are covered in pictures and diagrams showing areas where defoliants were sprayed, dissected foodstuffs, deformed victims. There are jars barely hidden behind a tatty curtain, containing grotesquely deformed human embryos and babies preserved in fomaldehyde.</p>
<p>But officials are defensive in the extreme to any suggestion that its function is more about propaganda than science, or that Vietnam's claims about Agent Orange may be less than precise.</p>
<p>&quot;International research has proven that during the whole war, 72 million litres (2.43 million gallons) of chemicals were poured onto Vietnam,&quot; Vu Truong Huong of Vietnam's War Crimes Investigation Department was quoted as saying in a recent newspaper interview.</p>
<p>&quot;Over 40 million litres of that were dioxins. We have over 50,000 children that have been born with horrific deformities. There is a link.&quot;</p>
<p>At the 10-80 committee itself, officials reacted with anger to Schecter's comments.</p>
<p>&quot;Schecter doesn't want the samples back. If he did, Vietnam would give them,&quot; says Professor Hoang Dinh Cau, adding that by raising the issue in public the American was jepoardising the prospects for future joint research.</p>
<p>Schecter says the samples, which include food bought in local markets and blood, are now useless. But he adds that political concerns may have prompted Hanoi's decision in 1995 to seize them in the first place.</p>
<p>&quot;At a high level in the Vietnamese government there is fear that should dioxins be found in Vietnamese food then rice exports will be affected, less tourists will come and U.S. chemical companies in Vietnam will be upset,&quot; he said.</p>
<p>WHY ARE WAR ISSUES SURFACING NOW?</p>
<p>But while the arguments rage on, the real questions are why the debate should happen at this juncture, and why issues related to a war that ended more than 22 years ago should have surfaced now?</p>
<p>Some diplomats say that by flooding its state press with details of the war and of the suffering among many who are still alive today, Hanoi is paving the way for a compensation request from Washington.</p>
<p>Others are not so sure.</p>
<p>Analysts at a key U.S.-Vietnam conference this weekend on the Vietnam War said Hanoi was raising the issue to pre-empt possible Albright broadsides on issues such as human rights or cooperation on searching for Americans missing in action.</p>
<p>That same motive could damage the chances of the conference -- an historic meeting of U.S. and Vietnamese policymakers -- achieving its goal of enabling both countries to come to terms with their bitter past, as well as the present.</p>
<p>&quot;We must be very realistic,&quot; said a senior delegate, Vietnam's former foreign minister Nguyen Co Thach. &quot;If it is only for propaganda it is no good, because this is not only for the present, but for the future.&quot;</p>
</text>
<copyright>(c) Reuters Limited 1997</copyright>
<metadata>
<codes class="bip:countries:1.0">
  <code code="USA">
    <editdetail attribution="Reuters BIP Coding Group" action="confirmed" date="1997-06-22"/>
  </code>
  <code code="VIETN">
    <editdetail attribution="Reuters BIP Coding Group" action="confirmed" date="1997-06-22"/>
  </code>
</codes>
<codes class="bip:topics:1.0">
  <code code="GCAT">
    <editdetail attribution="Reuters BIP Coding Group" action="confirmed" date="1997-06-22"/>
  </code>
  <code code="GDIP">
    <editdetail attribution="Reuters BIP Coding Group" action="confirmed" date="1997-06-22"/>
  </code>
  <code code="GVIO">
    <editdetail attribution="Reuters BIP Coding Group" action="confirmed" date="1997-06-22"/>
  </code>
</codes>
<dc element="dc.date.created" value="1997-06-22"/>
<dc element="dc.publisher" value="Reuters Holdings Plc"/>
<dc element="dc.date.published" value="1997-06-22"/>
<dc element="dc.source" value="Reuters"/>
<dc element="dc.creator.location" value="HANOI"/>
<dc element="dc.creator.location.country.name" value="VIETNAM"/>
<dc element="dc.source" value="Reuters"/>
</metadata>
</newsitem>
