<?xml version="1.0" encoding="iso-8859-1" ?>
<newsitem itemid="678919" id="root" date="1997-06-22" xml:lang="en">
<title>HONG KONG: FEATURE - Is China a threat to the West?.</title>
<headline>FEATURE - Is China a threat to the West?.</headline>
<byline>Brian Williams</byline>
<dateline>HONG KONG 1997-06-22</dateline>
<text>
<p>So, is China a threat to the West?</p>
<p>In a sudden rash of think-tank discussions, articles and books, the question is being posed because of fears that Beijing's imminent takeover of Hong Kong might give China the wealth to quickly flesh out its economy and military power.</p>
<p>Looking into the next 20 years, most strategic analysts say &quot;no&quot; to a Soviet-era Cold War military confrontation emerging in either the short or the medium term.</p>
<p>Frankly the idea of 'Yellow Hordes' swarming across the United States and Europe is ludicrous and racist, a senior Western diplomat said.</p>
<p>But a more subtle threat is possible in rising competition between a Chinese Agenda and a Western Agenda for world influence in economic and social affairs.</p>
<p>Historically, China has not gone to war beyond the borders of what it regards as its ancestral lands, roughly the frontiers that now contain the communist nation.</p>
<p>But, as shown with Hong Kong, China is determined to reclaim pieces of the empire that have fallen off.</p>
<p>In China's view, the past 200 years of lost territories have been simply an aberration.</p>
<p>&quot;The Chinese view of Empire differs markedly from our view,&quot; the Western diplomat said. We in the West accept the idea of the rise and fall of Empires. For example, no one expects the Roman Empire to come back any time soon.&quot;</p>
<p>China's view of empire, even though communists are in power, is that its empire has always existed and always will exist. There will be ups and downs but the whole remains the same.</p>
<p>The West should expect no letup in China's pressure to bring Taiwan -- once part of the empire -- eventually back under its wing, either by force or in a Hong Kong-type arrangement.</p>
<p>China is prepared to go to war over the issue, but it is unlikely to have the military capability for many years to mount a serious threat to Taiwan.</p>
<p>Even if the United States and other Western nations did not step in to directly defend Taiwan. Chinese forces would suffer more than a bloody nose in any battle over the island.</p>
<p>&quot;China is about 20 or 30 years behind the West in technology of warships and fighters, and (its large) numbers of troops alone do not mean anything,&quot; said Naotoshi Sakonjo, research associate at Japan's Research Institute for Peace and Security.</p>
<p>&quot;Ninety percent of China's 4,000 warplanes were designed in the 1950s or are derivatives of them,&quot; Sakonjo said. &quot;The fact that China recently bought modern Su-27s from Russia is like admitting it failed to develop its own aircraft technology.&quot;</p>
<p>Sakonjo said China's navy was similarly outdated. As an example, its sole ballistic missile-firing submarine is not operational because of basic design faults.</p>
<p>Most of China's 54 conventional submarines must surface before firing anti-ship missiles, when submarines of most other navies can fire missiles while submerged.</p>
<p>China lacks a single aircraft carrier, a flaw vividly shown up in the 1996 Taiwan missile crisis when two U.S. carriers sent to the area were enough to quiet Chinese sabre-rattling.</p>
<p>Even if rumours are true that China plans to either buy or build a carrier, going by Japan's pre World War Two experience, it would take 15 years just to build up the expertise to operate a carrier group, let alone use it as a potent fighting force.</p>
<p>Apart from Taiwan, the other flashpoints that could draw the West into a China confrontation all revolve around Japan, sometimes referred to as the U.S. 'aircraft carrier' in Asia.</p>
<p>The U.S.-Japan security arrangement -- a mini-NATO -- is regarded as key to maintaining a counterweight to Chinese military power in Asia.</p>
<p>Once-insignificant pieces of the Chinese empire, notably the Spratly Islands off the Philippines, also lie on sea lanes that carry Middle East oil to Japan.</p>
<p>As Chinese industry demands more oil, there could be competition for Middle East energy between Tokyo and Beijing.</p>
<p>If energy competition breaks out, China is not likely to look kindly on ships sailing through its waters to Japan.</p>
<p>The possibility of an economic threat from China comes down basically to the unthinkable: Imagine a Chinese Coca Cola.</p>
<p>If China maintains its present economic growth rates, to the point where domestic needs are satisfied and the only growth is by expanding overseas, a different type of battle is joined.</p>
<p>Backed by a huge domestic market, the economies of scale in foreign sales are enormous -- in production, marketing and brand awareness.</p>
<p>With the creation of domestic wealth comes the capital to fuel foreign investment in a wave similiar to Japan's economic push overseas in the 1980s.</p>
<p>A China able to challenge the West in either direct foreign aid or investment because of its new found wealth is likely to be as attractive a business partner as the West in developing nations with rich natural resources.</p>
<p>From economic might, it is but a step to social challenge.</p>
<p>China becomes the most powerful standardbearer for the rightness of so-called Asian values, a mood already sweeping the region and looked at with suspicion by some in the West.</p>
<p>In essence, Western notions of the supremacy of the rights of the individual rub against Confucian concepts of accepting destiny rather than the individual creating his own destiny.</p>
<p>China's voice in international debates about pollution, the environment, freedom of information and other social issues is backed not just by a moral view but by economic might able to influence the opinions of others in international forums.</p>
<p>&quot;Take Antarctica, where China at present has little interest or influence. What is going to happen down the road if Beijing decides mining should start there.&quot; said a diplomat from one of the orginal signatories of the Antarctic Treaty.</p>
</text>
<copyright>(c) Reuters Limited 1997</copyright>
<metadata>
<codes class="bip:countries:1.0">
  <code code="CHINA">
    <editdetail attribution="Reuters BIP Coding Group" action="confirmed" date="1997-06-22"/>
  </code>
  <code code="HKONG">
    <editdetail attribution="Reuters BIP Coding Group" action="confirmed" date="1997-06-22"/>
  </code>
</codes>
<codes class="bip:topics:1.0">
  <code code="E11">
    <editdetail attribution="Reuters BIP Coding Group" action="confirmed" date="1997-06-22"/>
  </code>
  <code code="ECAT">
    <editdetail attribution="Reuters BIP Coding Group" action="confirmed" date="1997-06-22"/>
  </code>
  <code code="GCAT">
    <editdetail attribution="Reuters BIP Coding Group" action="confirmed" date="1997-06-22"/>
  </code>
  <code code="GDIP">
    <editdetail attribution="Reuters BIP Coding Group" action="confirmed" date="1997-06-22"/>
  </code>
</codes>
<dc element="dc.date.created" value="1997-06-22"/>
<dc element="dc.publisher" value="Reuters Holdings Plc"/>
<dc element="dc.date.published" value="1997-06-22"/>
<dc element="dc.source" value="Reuters"/>
<dc element="dc.creator.location" value="HONG KONG"/>
<dc element="dc.creator.location.country.name" value="HONG KONG"/>
<dc element="dc.source" value="Reuters"/>
</metadata>
</newsitem>
