<?xml version="1.0" encoding="iso-8859-1" ?>
<newsitem itemid="678939" id="root" date="1997-06-22" xml:lang="en">
<title>ISRAEL: Israeli woman injured in possible West Bank attack.</title>
<headline>Israeli woman injured in possible West Bank attack.</headline>
<dateline>JERUSALEM 1997-06-22</dateline>
<text>
<p>An Israeli woman was injured in the West Bank on Sunday in what Israeli security sources said was an apparent Palestinian attack.</p>
<p>The sources said the woman's car overturned near the Arab village of Sourif near Hebron after it was apparently either shot at or stoned. &quot;It was an attack,&quot; one source said.</p>
</text>
<copyright>(c) Reuters Limited 1997</copyright>
<metadata>
<codes class="bip:countries:1.0">
  <code code="ISRAEL">
    <editdetail attribution="Reuters BIP Coding Group" action="confirmed" date="1997-06-22"/>
  </code>
</codes>
<codes class="bip:topics:1.0">
  <code code="GCAT">
    <editdetail attribution="Reuters BIP Coding Group" action="confirmed" date="1997-06-22"/>
  </code>
  <code code="GVIO">
    <editdetail attribution="Reuters BIP Coding Group" action="confirmed" date="1997-06-22"/>
  </code>
</codes>
<dc element="dc.date.created" value="1997-06-22"/>
<dc element="dc.publisher" value="Reuters Holdings Plc"/>
<dc element="dc.date.published" value="1997-06-22"/>
<dc element="dc.source" value="Reuters"/>
<dc element="dc.creator.location" value="JERUSALEM"/>
<dc element="dc.creator.location.country.name" value="ISRAEL"/>
<dc element="dc.source" value="Reuters"/>
</metadata>
</newsitem>
