<?xml version="1.0" encoding="iso-8859-1" ?>
<newsitem itemid="678957" id="root" date="1997-06-22" xml:lang="en">
<title>IRAQ: Iraq's oil minister to visit Spain.</title>
<headline>Iraq's oil minister to visit Spain.</headline>
<dateline>BAGHDAD 1997-06-22</dateline>
<text>
<p>Iraqi Oil Minister Amir Muhammad Rasheed will fly to Spain at the invitation of the Spanish energy minister to discuss trade between the two countries, the official Iraqi News Agency INA said on Sunday.</p>
<p>&quot;The oil minister's visit to Spain comes upon an official invitation by the Spanish energy minister to discuss...how to activate economic and industrial cooperation,&quot; INA said in a dispatch from Amman where Rasheed is on his way to Madrid.</p>
<p>It did not say when he would start his visit but added Rasheed would also meet Spain's ministers of foreign affairs and foreign trade.</p>
</text>
<copyright>(c) Reuters Limited 1997</copyright>
<metadata>
<codes class="bip:countries:1.0">
  <code code="IRAQ">
    <editdetail attribution="Reuters BIP Coding Group" action="confirmed" date="1997-06-22"/>
  </code>
  <code code="SPAIN">
    <editdetail attribution="Reuters BIP Coding Group" action="confirmed" date="1997-06-22"/>
  </code>
</codes>
<codes class="bip:industries:1.0">
  <code code="I13000">
    <editdetail attribution="Reuters BIP Coding Group" action="confirmed" date="1997-06-22"/>
  </code>
</codes>
<codes class="bip:topics:1.0">
  <code code="E51">
    <editdetail attribution="Reuters BIP Coding Group" action="confirmed" date="1997-06-22"/>
  </code>
  <code code="E512">
    <editdetail attribution="Reuters BIP Coding Group" action="confirmed" date="1997-06-22"/>
  </code>
  <code code="ECAT">
    <editdetail attribution="Reuters BIP Coding Group" action="confirmed" date="1997-06-22"/>
  </code>
  <code code="GCAT">
    <editdetail attribution="Reuters BIP Coding Group" action="confirmed" date="1997-06-22"/>
  </code>
  <code code="GDIP">
    <editdetail attribution="Reuters BIP Coding Group" action="confirmed" date="1997-06-22"/>
  </code>
</codes>
<dc element="dc.date.created" value="1997-06-22"/>
<dc element="dc.publisher" value="Reuters Holdings Plc"/>
<dc element="dc.date.published" value="1997-06-22"/>
<dc element="dc.source" value="Reuters"/>
<dc element="dc.creator.location" value="BAGHDAD"/>
<dc element="dc.creator.location.country.name" value="IRAQ"/>
<dc element="dc.source" value="Reuters"/>
</metadata>
</newsitem>
