<?xml version="1.0" encoding="iso-8859-1" ?>
<newsitem itemid="679027" id="root" date="1997-06-22" xml:lang="en">
<title>USA: UK must go &quot;green&quot;, Blair says.</title>
<headline>UK must go &quot;green&quot;, Blair says.</headline>
<dateline>DENVER 1997-06-22</dateline>
<text>
<p>Britons must be prepared to make fundamental changes in their daily lives to help combat global warming, Prime Minister Tony Blair says in a speech to be delivered  on Monday.    Blair was putting the finishing touches on Sunday to the speech he will give to a United Nations environment conference in New York, called to take stock of progress made since the 1992 Earth Summit in Rio de Janeiro.</p>
<p>Aides said Blair wanted to take a lead in reducing emissions of carbon dioxide and other so-called greenhouse gases that cause global warming.</p>
<p>&quot;All of us in the United Kingdom -- businesses, consumers, individuls and governmnt -- will need to change our habits, our way of living,&quot; Blair says in the speech.</p>
<p>Britons will have to use more public transport, cut down on energy use and even change their eating habits, he believes.</p>
<p>Blair's strong words are likely to fuel speculation that finance minister Gordon Brown will include a series of &quot;green taxes' in his maiden budget on July 2.</p>
<p>British officials said tax cuts on environmentally friendly goods, such as insulation products, were a possibility, but Blair ruled out new &quot;green' taxes.</p>
<p>&quot;We do not have proposals to introduce new environmental taxes,&quot; he told a news conference at the end of the Denver summit of the Group of Seven industrial nations.</p>
<p>Blair said Britain was taking the lead in Europe on global warming by setting a target of cutting carbon dioxide emissions by 20 percent, from 1990 levels, by 2010.</p>
<p>The European Union so far has only agreed to a 15 percent cut.</p>
<p>&quot;Our targets will not be taken seriously by the poorer countries until the richer ones are meeting them,&quot; he says in the speech.</p>
<p>British officials were disappointed that the Denver summit failed to set specific targets for carbon dioxide emissions because of opposition by the United States but pleased that the meeting did agree on the need for a significant reduction.</p>
<p>Blair will argue in New York that world leaders must now come up with hard targets at a conference scheduled for December in Kyoto, Japan.</p>
<p>&quot;We in Europe have put our cards on the table. It's time for the special pleading to stop and for others to follow suit. If we fail in Kyoto, we fail our children because it's in their lifetime the consequences will be felt,&quot; Blair says in the speech.</p>
</text>
<copyright>(c) Reuters Limited 1997</copyright>
<metadata>
<codes class="bip:countries:1.0">
  <code code="UK">
    <editdetail attribution="Reuters BIP Coding Group" action="confirmed" date="1997-06-22"/>
  </code>
  <code code="USA">
    <editdetail attribution="Reuters BIP Coding Group" action="confirmed" date="1997-06-22"/>
  </code>
</codes>
<codes class="bip:topics:1.0">
  <code code="GCAT">
    <editdetail attribution="Reuters BIP Coding Group" action="confirmed" date="1997-06-22"/>
  </code>
  <code code="GDIP">
    <editdetail attribution="Reuters BIP Coding Group" action="confirmed" date="1997-06-22"/>
  </code>
  <code code="GENV">
    <editdetail attribution="Reuters BIP Coding Group" action="confirmed" date="1997-06-22"/>
  </code>
</codes>
<dc element="dc.date.created" value="1997-06-22"/>
<dc element="dc.publisher" value="Reuters Holdings Plc"/>
<dc element="dc.date.published" value="1997-06-22"/>
<dc element="dc.source" value="Reuters"/>
<dc element="dc.creator.location" value="DENVER"/>
<dc element="dc.creator.location.country.name" value="USA"/>
<dc element="dc.source" value="Reuters"/>
</metadata>
</newsitem>
