<?xml version="1.0" encoding="iso-8859-1" ?>
<newsitem itemid="679004" id="root" date="1997-06-22" xml:lang="en">
<title>DUBAI: Saudi Arabia following case of U.S. bombing suspect.</title>
<headline>Saudi Arabia following case of U.S. bombing suspect.</headline>
<dateline>DUBAI 1997-06-22</dateline>
<text>
<p>Saudi Arabia said it was following the case of a Saudi suspect in the bombing that killed 19 U.S. airmen last June who was deported to the United States from Canada.</p>
<p>Saudi Deputy Interior Minister Prince Ahmed bin Abdul-Aziz told a news conference in Jeddah on Saturday that Hani al-Sayegh was &quot;a Saudi citizen and we are interested in any Saudi citizen wherever he is. The case of Sayegh...is of great importance to us in the kingdom and the issue is being followed.&quot;</p>
<p>Prince Ahmed, whose comments were carried by the official Saudi Press Agency early on Sunday, did not elaborate nor did he say if Saudi Arabia was seeking access to Sayegh.</p>
<p>Sayegh -- a Shi'ite Moslem described in Canadian court documents as a member of Saudi Hizbollah, or Party of God, a militant group backed by Iran -- was deported on Tuesday from Canada, where he was arrested in March on charges of posing a security risk.</p>
<p>On Wednesday, he was charged in Washington with conspiring to kill Americans and involvement in international terrorism.</p>
<p>Sayegh has been identified in Canadian court documents as the driver of a car that flashed a go-ahead signal for the bomb-laden truck involved in the attack on Khobar Towers which killed 19 U.S. airmen on June 25 last year.</p>
<p>He has denied direct involvement in the bombing.</p>
<p>U.S. court papers indicate Sayegh will plead guilty to conspiracy to commit murder in an earlier, abortive, anti-American plot in Saudi Arabia. In exchange for a reduced sentence on those charges, Sayegh has said he would tell U.S. officials what he knows about the Khobar bombing.</p>
<p>U.S. officials hope that Sayegh, 28, will help clarify whether the government of Iran was involved, as some U.S. press reports have said, or whether it was solely the work of Saudi dissidents opposed to the ruling royal family.</p>
</text>
<copyright>(c) Reuters Limited 1997</copyright>
<metadata>
<codes class="bip:countries:1.0">
  <code code="CANA">
    <editdetail attribution="Reuters BIP Coding Group" action="confirmed" date="1997-06-22"/>
  </code>
  <code code="SAARAB">
    <editdetail attribution="Reuters BIP Coding Group" action="confirmed" date="1997-06-22"/>
  </code>
  <code code="USA">
    <editdetail attribution="Reuters BIP Coding Group" action="confirmed" date="1997-06-22"/>
  </code>
</codes>
<codes class="bip:topics:1.0">
  <code code="GCAT">
    <editdetail attribution="Reuters BIP Coding Group" action="confirmed" date="1997-06-22"/>
  </code>
  <code code="GCRIM">
    <editdetail attribution="Reuters BIP Coding Group" action="confirmed" date="1997-06-22"/>
  </code>
  <code code="GDIP">
    <editdetail attribution="Reuters BIP Coding Group" action="confirmed" date="1997-06-22"/>
  </code>
  <code code="GVIO">
    <editdetail attribution="Reuters BIP Coding Group" action="confirmed" date="1997-06-22"/>
  </code>
</codes>
<dc element="dc.date.created" value="1997-06-22"/>
<dc element="dc.publisher" value="Reuters Holdings Plc"/>
<dc element="dc.date.published" value="1997-06-22"/>
<dc element="dc.source" value="Reuters"/>
<dc element="dc.creator.location" value="DUBAI"/>
<dc element="dc.creator.location.country.name" value="DUBAI"/>
<dc element="dc.source" value="Reuters"/>
</metadata>
</newsitem>
