<?xml version="1.0" encoding="iso-8859-1" ?>
<newsitem itemid="679032" id="root" date="1997-06-22" xml:lang="en">
<title>USA: Four crossing the Atlantic in inflatable boat.</title>
<headline>Four crossing the Atlantic in inflatable boat.</headline>
<dateline>PORTSMOUTH, N.H. 1997-06-22</dateline>
<text>
<p>Four Britons set out on Sunday from Portsmouth, New Hampshire, in a 24-foot (6-metre) inflatable boat to see if they could motor across the Atlantic to Portsmouth, England.</p>
<p>&quot;We looked around for the next big thrill, and the might of the Atlantic was the crew's choice,&quot; Alan Priddy, 43, said in a prepared statement.</p>
<p>Priddy, Vic Palmer, 52, Steve Lloyd, 44, and Jan Falkowski, 36, have dedicated their 4,100-mile (6,598-km) voyage, which will take them north to Nova Scotia, then to Labrador, Greenland, Iceland and Northern Ireland before reaching Portsmouth, to the Cancer Care Society, a British charity.</p>
<p>The rigid inflatable boat was shipped from England, but on the way its navigation equipment was stolen.</p>
<p>Raytheon Co, the Lexington, Massachusetts-based defense giant that makes navigation equipment, donated a radar system for the trip through waters known for dense fog, drifting icebergs and subfreezing temperatures.</p>
<p>The journey is expected to take 13 to 14 days and raise $160,000 for cancer research.</p>
</text>
<copyright>(c) Reuters Limited 1997</copyright>
<metadata>
<codes class="bip:countries:1.0">
  <code code="UK">
    <editdetail attribution="Reuters BIP Coding Group" action="confirmed" date="1997-06-22"/>
  </code>
  <code code="USA">
    <editdetail attribution="Reuters BIP Coding Group" action="confirmed" date="1997-06-22"/>
  </code>
</codes>
<codes class="bip:topics:1.0">
  <code code="GCAT">
    <editdetail attribution="Reuters BIP Coding Group" action="confirmed" date="1997-06-22"/>
  </code>
  <code code="GODD">
    <editdetail attribution="Reuters BIP Coding Group" action="confirmed" date="1997-06-22"/>
  </code>
</codes>
<dc element="dc.date.created" value="1997-06-22"/>
<dc element="dc.publisher" value="Reuters Holdings Plc"/>
<dc element="dc.date.published" value="1997-06-22"/>
<dc element="dc.source" value="Reuters"/>
<dc element="dc.creator.location" value="PORTSMOUTH, N.H."/>
<dc element="dc.creator.location.country.name" value="USA"/>
<dc element="dc.source" value="Reuters"/>
</metadata>
</newsitem>
