<?xml version="1.0" encoding="iso-8859-1" ?>
<newsitem itemid="679015" id="root" date="1997-06-22" xml:lang="en">
<title>USA: Former FDA chief critical of tobacco agreement.</title>
<headline>Former FDA chief critical of tobacco agreement.</headline>
<byline>Alicia Ault-Barnett</byline>
<dateline>WASHINGTON 1997-06-22</dateline>
<text>
<p>Former Food and Drug Administration chief David Kessler on Sunday criticized the deal between U.S. states and tobacco companies, saying major parts of the historic settlement need to be rewritten.</p>
<p>&quot;I hope there is a resolution (of the tobacco issue). But not this one. Not the way it's written,&quot; Kessler said on NBC's &quot;Meet The Press.&quot;</p>
<p>His comments were a blow to the agreement because he is an influential voice on U.S. health policy. Kessler was not involved in the negotiations, but he spearheaded President Bill Clinton's efforts to regulate tobacco as head of FDA. The White House has said it would consult him before deciding whether to support the settlement.</p>
<p>The agreement calls for the industry to pay $368.5 billion over 25 years in part to fund major new anti-smoking efforts. In return, the industry gets some protection from legal liability.</p>
<p>But Kessler made clear that he sees another key part of agreement -- touted by the state attorneys general at a high-profile announcement on Friday as giving the FDA the power to regulate and eventually ban nicotine in cigarettes -- as less than meets the eye.</p>
<p>&quot;The settlement could effectively impede FDA's ability to regulate ... tobacco products,&quot; Kessler said. &quot;There are a lot of hurdles for the FDA, some impossible burdens.&quot;</p>
<p>&quot;This document has a lot of legal terms and ... this seems to be a step back,&quot; he said.</p>
<p>Kessler did not elaborate. But the agreement would give the FDA the power to eliminate nicotine only after 12 years and said the FDA would have to prove that reductions in nicotine levels would lead to health improvements.</p>
<p>It also said the FDA would have to show that reducing levels of nicotine in cigarettes would not lead to a black market in high-nicotine cigarettes.</p>
<p>&quot;I'd like to see a resolution and I certainly support some of the elements but other elements have to be rewritten,&quot; Kessler said of the settlement.</p>
<p>&quot;This settlement is asking the industry to do something it would not naturally do -- sell fewer cigarettes to people. And if you look at the penalties, I don't think they're strong enough,&quot; he said.</p>
<p>The FDA believes it already has the jurisdiction to regulate cigarettes and smokeless tobacco as drugs and has issued new rules barring teenagers from buying tobacco products.</p>
<p>A federal court in Greensboro, North Carolina upheld the rules dealing with sales to minors in a suit filed against FDA by the tobacco industry. The industry appealed that ruling.</p>
<p>Even before the landmark settlement was announced on Friday, the FDA was planning to move ahead with enforcing rules curbing teenage use of tobacco, and with restrictions on advertising as soon as possible, Associate FDA Commissioner Mitch Zeller told Reuters.</p>
<p>Zeller, who was leading the FDA tobacco effort, said the agency does not have to wait for any industry-government agreement to give it more power. Just last week, the agency signed the first contract, with the state of Florida, to enforce the provision barring minors under age 18 from buying cigarettes.</p>
<p>Another contract was due to be signed soon, and the agency hoped to have 10 states on board by October. Zeller said the agency aims to get enough money from Congress to hire agents in all 50 states to enforce the rules. FDA asked for $34 million for tobacco control for fiscal year 1998.</p>
</text>
<copyright>(c) Reuters Limited 1997</copyright>
<metadata>
<codes class="bip:countries:1.0">
  <code code="USA">
    <editdetail attribution="Reuters BIP Coding Group" action="confirmed" date="1997-06-22"/>
  </code>
</codes>
<codes class="bip:industries:1.0">
  <code code="I42900">
    <editdetail attribution="Reuters BIP Coding Group" action="confirmed" date="1997-06-22"/>
  </code>
</codes>
<codes class="bip:topics:1.0">
  <code code="C13">
    <editdetail attribution="Reuters BIP Coding Group" action="confirmed" date="1997-06-22"/>
  </code>
  <code code="CCAT">
    <editdetail attribution="Reuters BIP Coding Group" action="confirmed" date="1997-06-22"/>
  </code>
  <code code="GCAT">
    <editdetail attribution="Reuters BIP Coding Group" action="confirmed" date="1997-06-22"/>
  </code>
  <code code="GCRIM">
    <editdetail attribution="Reuters BIP Coding Group" action="confirmed" date="1997-06-22"/>
  </code>
  <code code="GHEA">
    <editdetail attribution="Reuters BIP Coding Group" action="confirmed" date="1997-06-22"/>
  </code>
</codes>
<dc element="dc.date.created" value="1997-06-22"/>
<dc element="dc.publisher" value="Reuters Holdings Plc"/>
<dc element="dc.date.published" value="1997-06-22"/>
<dc element="dc.source" value="Reuters"/>
<dc element="dc.creator.location" value="WASHINGTON"/>
<dc element="dc.creator.location.country.name" value="USA"/>
<dc element="dc.source" value="Reuters"/>
</metadata>
</newsitem>
