<?xml version="1.0" encoding="iso-8859-1" ?>
<newsitem itemid="679023" id="root" date="1997-06-22" xml:lang="en">
<title>USA: Diabetic women at higher risk for early menopause.</title>
<headline>Diabetic women at higher risk for early menopause.</headline>
<dateline>BOSTON 1997-06-21</dateline>
<text>
<p>Women who developed diabetes early in life are at a greater risk for premature menopause and the consequent increased risks of heart disease, according to a report released on Saturday at the American Diabetes Association meeting here.</p>
<p>Researchers quickly called for further studies of their findings that for women with type 1 diabetes, menopause appears to start almost a decade earlier than for other women.</p>
<p>Nearly 16 million Americans suffer from diabetes and 8.8 million of them are women. However, the number that suffer from type 1 diabetes -- which usually begins in childhood or adolescence is much smaller -- some 700,000 Americans, according to the ADA.</p>
<p>The study, part of an ongoing review at the University of Pittsburgh Graduate School of Public Health, compared more than 100 sets of sisters - one of whom suffered from type 1 diabetes, while her sibling did not.</p>
<p>&quot;Women with type 1 diabetes hit menopause on average at 40.7 years, compared to 49.9 for their non-diabetic sisters,&quot; according to researcher Janice Dornan.</p>
<p>Diabetics are two to four times more likely to have heart disease. Post-menopausal women are also at a higher risk for heart disease, so diabetic women who reach menopause prematurely also face an elevated risk of heart disease earlier.</p>
<p>&quot;The take-home message of this study for women with diabetes is that they should be extra vigilant about adopting a heart healthy lifestyle, by not smoking, eating a low-fat diet, exercising regularly, trying to maintain ideal weight and keeping their diabetes in good control,&quot; Dorman said.</p>
<p>She added, &quot;when menopause occurs, especially if it is premature, careful consideration should be given to hormone replacement therapy that has been shown to lower cardiovascular disease risks in women.&quot;</p>
<p>Another, much smaller study released at the three day scientific session found that women suffering from type 1 diabetes can also develop painless lumps in their breasts.</p>
<p>&quot;Women with diabetes and their doctors need to know about this problem - and that it does not appear to increase breast cancer risk - to help ease anxiety when nodules arise,&quot; Mayo Clinic researcher Timothy O'Brien said.</p>
<p>Scientists for both studies called for further research to be done to confirm their findings.</p>
</text>
<copyright>(c) Reuters Limited 1997</copyright>
<metadata>
<codes class="bip:countries:1.0">
  <code code="USA">
    <editdetail attribution="Reuters BIP Coding Group" action="confirmed" date="1997-06-22"/>
  </code>
</codes>
<codes class="bip:topics:1.0">
  <code code="GCAT">
    <editdetail attribution="Reuters BIP Coding Group" action="confirmed" date="1997-06-22"/>
  </code>
  <code code="GHEA">
    <editdetail attribution="Reuters BIP Coding Group" action="confirmed" date="1997-06-22"/>
  </code>
</codes>
<dc element="dc.date.created" value="1997-06-21"/>
<dc element="dc.publisher" value="Reuters Holdings Plc"/>
<dc element="dc.date.published" value="1997-06-22"/>
<dc element="dc.source" value="Reuters"/>
<dc element="dc.creator.location" value="BOSTON"/>
<dc element="dc.creator.location.country.name" value="USA"/>
<dc element="dc.source" value="Reuters"/>
</metadata>
</newsitem>
