<?xml version="1.0" encoding="iso-8859-1" ?>
<newsitem itemid="679078" id="root" date="1997-06-22" xml:lang="en">
<title>GERMANY: Duisenberg says EMU delay is impossible - paper.</title>
<headline>Duisenberg says EMU delay is impossible - paper.</headline>
<dateline>DUESSELDORF, Germany 1997-06-22</dateline>
<text>
<p>The future head of the European Monetary Institute (EMI), Wim Duisenberg, sees no room in the Maastricht Treaty to allow for a delay to European economic and monetary union (EMU), the German business daily Handelsblatt said on Sunday.</p>
<p>The Dutch central bank governor, who is due to take over from current EMI president Alexandre Lamfalussy on July 1, told the newspaper that any change to the single currency timetable would require a complete renegotiation of the treaty.</p>
<p>A summary of the Handelsblatt report, which is scheduled for publication on Monday, was released ahead of time.  </p>
<p>Duisenberg also said any profits resulting from revaluation of European central bank gold reserves should not go to finance ministries but should stay in the possession of central banks.</p>
<p>He added that the EMI this year still had to work out specific rules for the revaluation of gold reserves. These could come into play as soon as the European Central Bank has been established in the spring of 1998, he said.</p>
<p>Duisenberg said those rules would not only apply to reserves that must be transfered to the ECB, but also to those remaining with national central banks.</p>
<p>He added that the when Austrian and Dutch central banks sold and revalued portions of their gold assets, profits had been transfered into reserve accounts. The Bundesbank's gold could be dealt with in a similar way within system of European central banks, he said.</p>
<p>((-- Kate Kelland, Frankfurt Newsroom +49 69 756525))</p>
</text>
<copyright>(c) Reuters Limited 1997</copyright>
<metadata>
<codes class="bip:countries:1.0">
  <code code="EEC">
    <editdetail attribution="Reuters BIP Coding Group" action="confirmed" date="1997-06-22"/>
  </code>
  <code code="GFR">
    <editdetail attribution="Reuters BIP Coding Group" action="confirmed" date="1997-06-22"/>
  </code>
</codes>
<codes class="bip:topics:1.0">
  <code code="E12">
    <editdetail attribution="Reuters BIP Coding Group" action="confirmed" date="1997-06-22"/>
  </code>
  <code code="ECAT">
    <editdetail attribution="Reuters BIP Coding Group" action="confirmed" date="1997-06-22"/>
  </code>
  <code code="G15">
    <editdetail attribution="Reuters BIP Coding Group" action="confirmed" date="1997-06-22"/>
  </code>
  <code code="G151">
    <editdetail attribution="Reuters BIP Coding Group" action="confirmed" date="1997-06-22"/>
  </code>
  <code code="G154">
    <editdetail attribution="Reuters BIP Coding Group" action="confirmed" date="1997-06-22"/>
  </code>
  <code code="GCAT">
    <editdetail attribution="Reuters BIP Coding Group" action="confirmed" date="1997-06-22"/>
  </code>
</codes>
<dc element="dc.date.created" value="1997-06-22"/>
<dc element="dc.publisher" value="Reuters Holdings Plc"/>
<dc element="dc.date.published" value="1997-06-22"/>
<dc element="dc.source" value="Reuters"/>
<dc element="dc.creator.location" value="DUESSELDORF, Germany"/>
<dc element="dc.creator.location.country.name" value="GERMANY"/>
<dc element="dc.source" value="Reuters"/>
</metadata>
</newsitem>
