<?xml version="1.0" encoding="iso-8859-1" ?>
<newsitem itemid="661584" id="root" date="1997-06-14" xml:lang="en">
<title>USA: GOLF-PLAY SUSPENDED IN U.S. OPEN BY LIGHTNING THREAT.</title>
<headline>GOLF-PLAY SUSPENDED IN U.S. OPEN BY LIGHTNING THREAT.</headline>
<dateline>BETHESDA, Maryland 1997-06-14</dateline>
<text>
<p>Play was temporarily suspended in the third round of the U.S. Open on Saturday for the second consecutive day due to lightning in the area.</p>
<p>The players were ordered off Congressional Country Club's course at 5:06 p.m. EDT (2106 GMT) when a thunder storm sudddenly hit Congressional Country Club.</p>
<p>Second-round leader Tom Lehman and Jeff Maggert were tied for the lead at five under par when the siren sounded to halt play. Still playing the front nine, they were one stroke ahead of Hal Sutton, who eagled the eighth hole, and young Stewart Cink, who had been one behind when the day started.</p>
<p>First-round leader Colin Monrtgomerie, who recovered from a poor second round, was at two under par at the 12th hole, while Tiger Woods, who struggled on the outgoing nine, was at one over par on the 11th.</p>
<p>The second round was suspended for two hours 18 minutes on Friday due to the dangerous weather conditons.</p>
</text>
<copyright>(c) Reuters Limited 1997</copyright>
<metadata>
<codes class="bip:countries:1.0">
  <code code="USA">
    <editdetail attribution="Reuters BIP Coding Group" action="confirmed" date="1997-06-14"/>
  </code>
</codes>
<codes class="bip:topics:1.0">
  <code code="GCAT">
    <editdetail attribution="Reuters BIP Coding Group" action="confirmed" date="1997-06-14"/>
  </code>
  <code code="GSPO">
    <editdetail attribution="Reuters BIP Coding Group" action="confirmed" date="1997-06-14"/>
  </code>
</codes>
<dc element="dc.date.created" value="1997-06-14"/>
<dc element="dc.publisher" value="Reuters Holdings Plc"/>
<dc element="dc.date.published" value="1997-06-14"/>
<dc element="dc.source" value="Reuters"/>
<dc element="dc.creator.location" value="BETHESDA, Maryland"/>
<dc element="dc.creator.location.country.name" value="USA"/>
<dc element="dc.source" value="Reuters"/>
</metadata>
</newsitem>
