<?xml version="1.0" encoding="iso-8859-1" ?>
<newsitem itemid="661638" id="root" date="1997-06-14" xml:lang="en">
<title>HUNGARY: BASKETBALL-LITHUANIA, SLOVAKIA IN WOMEN'S FINAL.</title>
<headline>BASKETBALL-LITHUANIA, SLOVAKIA IN WOMEN'S FINAL.</headline>
<dateline>BUDAPEST 1997-06-14</dateline>
<text>
<p>Slovakia and Lithuania will dispute the European women's basketball championship on Sunday while their Saturday Hungary and Germany will try to grab the third position.</p>
<p>Slovakia beat Hungary 81 to 55 showing superior skills both in defence and attack against a seemingly tired Hungarian team.</p>
<p>The Slovak team had a quick start marking its first point in the 10th second and by the middle of the first half their advantage increased to 10 points.</p>
<p>The more dinamic and inventive Slovaks managed to keep a comfortable cushion of 8 to 12 points throughout the first half and also took advantage of uninspired Hungarian attacks stealing the ball several times.</p>
<p>Kotocova, Hirakova and Bielikova's aim was almost faultless regardless of distance.</p>
<p>After a time-out asked by Hungary's coach Laszlo Killik his team changed tactics but the Slovaks quickly regrouped accordingly and went on to finish the first half 9 point ahead at 37-28.</p>
<p>The Hungarian ladies were no match for the Slovaks in the second half either and Slovakia hammered home a 81-55 win, prompting at least half the 8,000 spectators in Budapest's biggest sports hall to head for their cars without waiting for the other semifinal, in which Lithuania beat Germany by a single point after extensions.</p>
<p>Lithuania was off to a powerful start and by the 15th minute it led 27-15 but the German team pulled itself together and at half-time they were only one point behind their opponents.</p>
<p>Both teams started the second half with very determined but somewhat disorganised play and the Germans were the ones who first recovered and by the 31st minute developed a five-points advantage.</p>
<p>The Lithuanian ladies gathered their forces for what they tought would be the last 10 minutes but the regular pyaling time ended with a draw of 70-70.</p>
<p>During the five-minute extended play the remaining 4,000 spectators witnessed a head-to-head battle which Lithuania won with Kurtinaitiene's point.</p>
<p>-- Denes Albert, Budapest newsroom +36 1 327 4040</p>
</text>
<copyright>(c) Reuters Limited 1997</copyright>
<metadata>
<codes class="bip:countries:1.0">
  <code code="HUNG">
    <editdetail attribution="Reuters BIP Coding Group" action="confirmed" date="1997-06-14"/>
  </code>
</codes>
<codes class="bip:topics:1.0">
  <code code="GCAT">
    <editdetail attribution="Reuters BIP Coding Group" action="confirmed" date="1997-06-14"/>
  </code>
  <code code="GSPO">
    <editdetail attribution="Reuters BIP Coding Group" action="confirmed" date="1997-06-14"/>
  </code>
</codes>
<dc element="dc.date.created" value="1997-06-14"/>
<dc element="dc.publisher" value="Reuters Holdings Plc"/>
<dc element="dc.date.published" value="1997-06-14"/>
<dc element="dc.source" value="Reuters"/>
<dc element="dc.creator.location" value="BUDAPEST"/>
<dc element="dc.creator.location.country.name" value="HUNGARY"/>
<dc element="dc.source" value="Reuters"/>
</metadata>
</newsitem>
