<?xml version="1.0" encoding="iso-8859-1" ?>
<newsitem itemid="661637" id="root" date="1997-06-14" xml:lang="en">
<title>SOUTH AFRICA: RUGBY UNION-BRITISH LIONS BEAT NATAL SHARKS 42-12.</title>
<headline>RUGBY UNION-BRITISH LIONS BEAT NATAL SHARKS 42-12.</headline>
<dateline>DURBAN 1997-06-14</dateline>
<text>
<p>The British Lions beat the Natal</p>
<p>Sharks 42-12 (halftime 16-9) in their rugby union tour match at</p>
<p>Kings Park on Saturday.</p>
<p>Scorers:</p>
<p>Natal - Penalties: Gavin Lawless (4).</p>
<p>British Lions - Tries: Gregor Townsend, Mike Catt, Lawrence</p>
<p>Dallaglio. Conversions: Neil Jenkins (3). Penalties: Jenkins</p>
<p>(6). Drop-goal: Townsend.</p>
</text>
<copyright>(c) Reuters Limited 1997</copyright>
<metadata>
<codes class="bip:countries:1.0">
  <code code="SAFR">
    <editdetail attribution="Reuters BIP Coding Group" action="confirmed" date="1997-06-14"/>
  </code>
  <code code="UK">
    <editdetail attribution="Reuters BIP Coding Group" action="confirmed" date="1997-06-14"/>
  </code>
</codes>
<codes class="bip:topics:1.0">
  <code code="GCAT">
    <editdetail attribution="Reuters BIP Coding Group" action="confirmed" date="1997-06-14"/>
  </code>
  <code code="GSPO">
    <editdetail attribution="Reuters BIP Coding Group" action="confirmed" date="1997-06-14"/>
  </code>
</codes>
<dc element="dc.date.created" value="1997-06-14"/>
<dc element="dc.publisher" value="Reuters Holdings Plc"/>
<dc element="dc.date.published" value="1997-06-14"/>
<dc element="dc.source" value="Reuters"/>
<dc element="dc.creator.location" value="DURBAN"/>
<dc element="dc.creator.location.country.name" value="SOUTH AFRICA"/>
<dc element="dc.source" value="Reuters"/>
</metadata>
</newsitem>
