<?xml version="1.0" encoding="iso-8859-1" ?>
<newsitem itemid="661661" id="root" date="1997-06-14" xml:lang="en">
<title>USA: NBA BASKETBALL-LINESCORE FOR GAME 6 OF NBA FINALS.</title>
<headline>NBA BASKETBALL-LINESCORE FOR GAME 6 OF NBA FINALS.</headline>
<dateline>CHICAGO 1997-06-13</dateline>
<text>
<p>Linescore for Game 6 of the</p>
<p>best-of-seven NBA Finals:</p>
<p>			 1ST 2ND 3RD 4TH     TOTAL</p>
<p>  UTAH		 23  21  26  16	 86</p>
<p>  CHICAGO	    17  20  27  26	 90</p>
<p>HIGH SCORERS:</p>
<p>UTAH - KARL MALONE 21, JEFF HORNACEK 18, BRYON RUSSELL 17</p>
<p>CHI - MICHAEL JORDAN 39, SCOTTIE PIPPEN 23</p>
<p>HIGH REBOUND:</p>
<p>UTAH - GREG OSTERTAG 8, KARL MALONE 7</p>
<p>CHI - MICHAEL JORDAN 11, DENNIS RODMAN 11</p>
<p>HIGH ASSISTS:</p>
<p>UTAH - JOHN STOCKTON 5, HOWARD EISLEY 3</p>
<p>CHI - MICHAEL JORDAN 4, DENNIS RODMAN 3</p>
</text>
<copyright>(c) Reuters Limited 1997</copyright>
<metadata>
<codes class="bip:countries:1.0">
  <code code="USA">
    <editdetail attribution="Reuters BIP Coding Group" action="confirmed" date="1997-06-14"/>
  </code>
</codes>
<codes class="bip:topics:1.0">
  <code code="GCAT">
    <editdetail attribution="Reuters BIP Coding Group" action="confirmed" date="1997-06-14"/>
  </code>
  <code code="GSPO">
    <editdetail attribution="Reuters BIP Coding Group" action="confirmed" date="1997-06-14"/>
  </code>
</codes>
<dc element="dc.date.created" value="1997-06-13"/>
<dc element="dc.publisher" value="Reuters Holdings Plc"/>
<dc element="dc.date.published" value="1997-06-14"/>
<dc element="dc.source" value="Reuters"/>
<dc element="dc.creator.location" value="CHICAGO"/>
<dc element="dc.creator.location.country.name" value="USA"/>
<dc element="dc.source" value="Reuters"/>
</metadata>
</newsitem>
