<?xml version="1.0" encoding="iso-8859-1" ?>
<newsitem itemid="661628" id="root" date="1997-06-14" xml:lang="en">
<title>UK: TENNIS-PHILIPPOUSSIS EASES OFF THROTTLE TO REACH FINAL.</title>
<headline>TENNIS-PHILIPPOUSSIS EASES OFF THROTTLE TO REACH FINAL.</headline>
<byline>Clare Lovell</byline>
<dateline>LONDON 1997-06-14</dateline>
<text>
<p>Big hitting Australian Mark Philippoussis fought back from a set down to beat Jonas Bjorkman of Sweden at Queen's on Saturday and said he turned the match by slowing down his mighty serve.</p>
<p>The 20-year-old son of a former Melbourne taxi driver, who holds the record for the fastest recorded serve in tennis at 229 kph, struggled against Bjorkman's whipping returns before winning 2-6 7-6 6-2.</p>
<p>&quot;Jonas has one of the best returns in the game. It's hard when it comes back as fast as you serve it,&quot; the 1.95-metre tall Australian said.</p>
<p>&quot;So I thought maybe I'd slow the serve down and he started missing,&quot; Philippoussis, seeded six here, added.</p>
<p>In chilly conditions in west London, Philippoussis looked stiff and cold at the start of the match. He missed too many first serves and Bjorkman, who put out top seed and world number one Pete Sampras on Friday, took full advantage.</p>
<p>The 25-year-old eighth seed broke the Australian's shaky serve in the fifth and seventh games of the first set and in the first game of the second.</p>
<p>Bjorkman, a member of the Swedish Davis Cup squad and doubles winner here three years ago, slipped up in the fourth game of the second, losing his serve to some fine returns as the Australian warmed up and began to move more easily about the court.</p>
<p>Philippoussis won the tie-break 7-5, taking the set with a huge serve that Bjorkman flicked feebly into the net.</p>
<p>That set the tone for the rest of the match. Philippoussis went on to break the Swede's serve twice in the final set, serving 13 aces in total and bringing his tally for the tournament so far to 76.</p>
<p>The second semifinal at Queen's, a key warm-up tournament before Wimbledon starts on June 23, also features two big servers in third-seeded Croat Goran Ivanisevic and Britain's 16th seed Greg Rusedski.</p>
</text>
<copyright>(c) Reuters Limited 1997</copyright>
<metadata>
<codes class="bip:countries:1.0">
  <code code="AUSTR">
    <editdetail attribution="Reuters BIP Coding Group" action="confirmed" date="1997-06-14"/>
  </code>
  <code code="SWED">
    <editdetail attribution="Reuters BIP Coding Group" action="confirmed" date="1997-06-14"/>
  </code>
  <code code="UK">
    <editdetail attribution="Reuters BIP Coding Group" action="confirmed" date="1997-06-14"/>
  </code>
</codes>
<codes class="bip:topics:1.0">
  <code code="GCAT">
    <editdetail attribution="Reuters BIP Coding Group" action="confirmed" date="1997-06-14"/>
  </code>
  <code code="GSPO">
    <editdetail attribution="Reuters BIP Coding Group" action="confirmed" date="1997-06-14"/>
  </code>
</codes>
<dc element="dc.date.created" value="1997-06-14"/>
<dc element="dc.publisher" value="Reuters Holdings Plc"/>
<dc element="dc.date.published" value="1997-06-14"/>
<dc element="dc.source" value="Reuters"/>
<dc element="dc.creator.location" value="LONDON"/>
<dc element="dc.creator.location.country.name" value="UK"/>
<dc element="dc.source" value="Reuters"/>
</metadata>
</newsitem>
