<?xml version="1.0" encoding="iso-8859-1" ?>
<newsitem itemid="661664" id="root" date="1997-06-14" xml:lang="en">
<title>USA: NBA BASKETBALL - BULLS WIN GAME 6 TO CLINCH CHAMPIONSHIP.</title>
<headline>NBA BASKETBALL - BULLS WIN GAME 6 TO CLINCH CHAMPIONSHIP.</headline>
<dateline>CHICAGO 1997-06-13</dateline>
<text>
<p>Result of Game 6 of the best-of-seven NBA Finals on Friday (home team in CAPS):</p>
<p> CHICAGO	   90    Utah	     86</p>
<p>(Chicago wins best-of-seven series 4-2)</p>
</text>
<copyright>(c) Reuters Limited 1997</copyright>
<metadata>
<codes class="bip:countries:1.0">
  <code code="USA">
    <editdetail attribution="Reuters BIP Coding Group" action="confirmed" date="1997-06-14"/>
  </code>
</codes>
<codes class="bip:topics:1.0">
  <code code="GCAT">
    <editdetail attribution="Reuters BIP Coding Group" action="confirmed" date="1997-06-14"/>
  </code>
  <code code="GSPO">
    <editdetail attribution="Reuters BIP Coding Group" action="confirmed" date="1997-06-14"/>
  </code>
</codes>
<dc element="dc.date.created" value="1997-06-13"/>
<dc element="dc.publisher" value="Reuters Holdings Plc"/>
<dc element="dc.date.published" value="1997-06-14"/>
<dc element="dc.source" value="Reuters"/>
<dc element="dc.creator.location" value="CHICAGO"/>
<dc element="dc.creator.location.country.name" value="USA"/>
<dc element="dc.source" value="Reuters"/>
</metadata>
</newsitem>
