<?xml version="1.0" encoding="iso-8859-1" ?>
<newsitem itemid="661675" id="root" date="1997-06-14" xml:lang="en">
<title>SPAIN: SOCCER-RESULT IN THE SPANISH LEAGUE CHAMPIONSHIP.</title>
<headline>SOCCER-RESULT IN THE SPANISH LEAGUE CHAMPIONSHIP.</headline>
<dateline>MADRID 1997-06-14</dateline>
<text>
<p>Result in the Spanish league</p>
<p>championship on Saturday:</p>
<p> Real Madrid   3   Atletico Madrid  1</p>
<p>playing Sunday:</p>
<p> Extremadura   vs  Celta Vigo</p>
<p> Valladolid   vs  Hercules</p>
<p>Sporting Gijon  vs  Rayo Vallecano</p>
<p> Valencia   vs  Oviedo</p>
<p> Sevilla   vs  Espanyol</p>
<p> Logrones   vs  Racing Santander</p>
<p> Compostela   vs  Real Sociedad</p>
<p> Tenerife   vs  Zaragoza</p>
<p> Barcelona   vs  Real Betis</p>
<p>playing Monday:</p>
<p>Athletic Bilbao  vs  Deportivo Coruna</p>
<p>Standings:</p>
<p>				   P   W   D   L   F   A   Pts</p>
<p> 1.Real Madrid		41  27  11   3  85   32   92</p>
<p> 2.Barcelona		  40  26   6   8  97   47   84</p>
<p> 3.Deportivo Coruna	 40  20  14   6  56   29   74</p>
<p> 4.Real Betis		 40  20  14   6  79   43   74</p>
<p> 5.Atletico Madrid	  41  20  11  10  76   63   71</p>
<p> 6.Athletic Bilbao	  40  15  16   9  69   54   61</p>
<p> 7.Valladolid		 40  17  10  13  56   44   61</p>
<p> 8.Real Sociedad	    40  16   9  15  46   45   57</p>
<p> 9.Valencia		   40  14  11  15  59   55   53</p>
<p> 10.Tenerife		  40  14  10  16  63   54   52</p>
<p> 11.Compostela		40  12  14  14  48   62   50</p>
<p> 12.Racing Santander	40  11  16  13  50   49   49</p>
<p> 13.Zaragoza		  40  12  13  15  54   60   49</p>
<p> 14.Espanyol		  40  13   9  18  47   52   48</p>
<p> 15.Oviedo		    40  12  11  17  48   63   47</p>
<p> 16.Celta Vigo		40  11  13  16  47   52   46</p>
<p> 17.Sporting Gijon	  40  12  10  18  42   63   46</p>
<p> 18.Rayo Vallecano	  40  13   6  21  42   57   45</p>
<p> 19.Extremadura	     40  10  11  19  33   63   41</p>
<p> 20.Hercules		  40  11   5  24  37   74   38</p>
<p> 21.Sevilla		   40  10   7  23  43   67   37</p>
<p> 22.Logrones		  40   9   5  26  31   82   32</p>
<p>Note:Two teams qualify for the European Cup, four qualify</p>
<p>for the UEFA Cup, four are automatically relegated, and one more</p>
<p>must face a relegation play-off with the third-placed team from</p>
<p>the second division. Final standings of teams level on points</p>
<p>are decided by net results of the two games between them.</p>
</text>
<copyright>(c) Reuters Limited 1997</copyright>
<metadata>
<codes class="bip:countries:1.0">
  <code code="SPAIN">
    <editdetail attribution="Reuters BIP Coding Group" action="confirmed" date="1997-06-14"/>
  </code>
</codes>
<codes class="bip:topics:1.0">
  <code code="GCAT">
    <editdetail attribution="Reuters BIP Coding Group" action="confirmed" date="1997-06-14"/>
  </code>
  <code code="GSPO">
    <editdetail attribution="Reuters BIP Coding Group" action="confirmed" date="1997-06-14"/>
  </code>
</codes>
<dc element="dc.date.created" value="1997-06-14"/>
<dc element="dc.publisher" value="Reuters Holdings Plc"/>
<dc element="dc.date.published" value="1997-06-14"/>
<dc element="dc.source" value="Reuters"/>
<dc element="dc.creator.location" value="MADRID"/>
<dc element="dc.creator.location.country.name" value="SPAIN"/>
<dc element="dc.source" value="Reuters"/>
</metadata>
</newsitem>
