<?xml version="1.0" encoding="iso-8859-1" ?>
<newsitem itemid="661655" id="root" date="1997-06-14" xml:lang="en">
<title>USA: NBA BASKETBALL-JORDAN THE CHAMPIONSHIP DIFFERENCE AS USUAL.</title>
<headline>NBA BASKETBALL-JORDAN THE CHAMPIONSHIP DIFFERENCE AS USUAL.</headline>
<byline>Gary Hill</byline>
<dateline>CHICAGO 1997-06-14</dateline>
<text>
<p>Michael Jordan was the difference again -- the NBA's man of the decade.</p>
<p>Jordan led the Chicago Bulls to their fifth championship in seven years -- and the fifth successive year he has played a full season -- when the defending champions beat the Utah Jazz 90-86 on Friday to wrap up the NBA Finals, four games to two.</p>
<p>Steve Kerr hit the game-winner, and Jordan was on the bench earlier in the fourth quarter when four bench men and his &quot;little brother&quot; in superstardom, swingman Scottie Pippen, forged a 10-0 streak to claw back into the game.</p>
<p>But it was Jordan who made the pass to Kerr for the biggest shot of his life, and it was Jordan who was the high scorer for the final quarter with 10 points.</p>
<p>Jordan, who averaged 32.3 points a game in the series, was the high scorer in all four Chicago wins, while Utah's Karl Malone was the high scorer in Utah's two victories.</p>
<p>Jordan's numbers in wins:</p>
<p>Game 1: 31 points, four rebounds, eight assists, and the buzzer-beating game-winner. Game 2: 38 points, 13 rebounds, nine assists, three steals. Game 5: 38 points, seven rebounds, five assists, three steals and a blocked shot. Game 6: 39 points, 11 rebounds, four assists, one steal, one blocked shot.</p>
<p>His numbers in losses:</p>
<p>Game 3: 26 points: 26 points, three rebounds, six assists, one steal, three blocks. Game 4: 22 points, four rebounds, four assists, no steals, no blocked shots.</p>
<p>For all their praise for Utah as their toughest opponent in five Finals, the Bulls' greatness as a team remained debatable.</p>
<p>First and most obviously, the two seasons Jordan spent time away playing baseball, the Bulls did not make the Finals.</p>
<p>The win tied coach Phil Jackson for second most titles with the Minneapolis Lakers' John Kundla behind the Boston Celtics' legendary Red Auerbach, who had eight, but that may just be an indication of a league now watered down with expansion clubs and stocked with overpaid, complacent players.</p>
<p>The Bulls were able to beat Utah even though Pippen, six-time rebounding champion Dennis Rodman and former Sixth Man of the Year Toni Kukoc were all playing their ways out of injury.</p>
<p>And the Jazz sputtered down the stretch of three games they could have won, taking only one close game.</p>
<p>&quot;That really eats at you,&quot; said Jeff Hornacek. &quot;With a turn here or there, it's us winning, not them.&quot;</p>
<p>Malone will long remember his two fatal missed free throws in Game 1, which allowed Jordan's buzzer-beater to win the game, his failure in Game 5 to block out Kukoc in the free throw lane, which led to to the nine-time scoring champion's back-breaker 3-pointer, his poor free throw shooting in Game 6.</p>
<p>Point guard John Stockton -- whose 127 playoff games without a championship put him in second place all-time behind Elgin Baylor (134) -- said Utah had learned a lot from the Bulls in their losses in Games 1 and 2.</p>
<p>For a team as veteran and accomplished as the Jazz, it was a somewhat strange admission.</p>
<p>But it was the first appearance in the Finals for the Jazz, who play out of the NBA's smallest city -- Salt Lake City, population 1.2 million.</p>
<p>The Bulls have faced five different opponents in their five Finals -- no Celtics versus Lakers matchup here.</p>
<p>Such a defining rivalry could occur only if Chicago and Utah -- the two conference winners, the one-two teams in won-lost records and scoring -- return.</p>
<p>&quot;They really gave us a run and I look forward to seeing them here again,&quot; said Pippen.</p>
<p>&quot;I don't have any doubt in my mind that we will get back here next year,&quot; said Utah centre Greg Ostertag.</p>
<p>Jordan tried to share the glory of his fifth Finals Most Valuable Player award with defensive stand-out Pippen. &quot;We're a tandem,&quot; he said.</p>
<p>But in the end it was Jordan's buzzer-beater in Game 1, his Game 5 heroics after a night and day of nausea and fatigue caused by a viral infection, and his leadership throughout the series that will be remembered.</p>
<p>Jordan, noting the worth of the franchise had multiplied about ten-fold to $150 million since he arrived, used the victory to campaign for the rehiring of Jackson, upon which he has made his own return dependent, and for the retention of Pippen and even the controversial Rodman.</p>
<p>&quot;We're entitled to defend what we have until we lose it,&quot; said Jordan.</p>
</text>
<copyright>(c) Reuters Limited 1997</copyright>
<metadata>
<codes class="bip:countries:1.0">
  <code code="USA">
    <editdetail attribution="Reuters BIP Coding Group" action="confirmed" date="1997-06-14"/>
  </code>
</codes>
<codes class="bip:topics:1.0">
  <code code="GCAT">
    <editdetail attribution="Reuters BIP Coding Group" action="confirmed" date="1997-06-14"/>
  </code>
  <code code="GSPO">
    <editdetail attribution="Reuters BIP Coding Group" action="confirmed" date="1997-06-14"/>
  </code>
</codes>
<dc element="dc.date.created" value="1997-06-14"/>
<dc element="dc.publisher" value="Reuters Holdings Plc"/>
<dc element="dc.date.published" value="1997-06-14"/>
<dc element="dc.source" value="Reuters"/>
<dc element="dc.creator.location" value="CHICAGO"/>
<dc element="dc.creator.location.country.name" value="USA"/>
<dc element="dc.source" value="Reuters"/>
</metadata>
</newsitem>
