<?xml version="1.0" encoding="iso-8859-1" ?>
<newsitem itemid="661696" id="root" date="1997-06-14" xml:lang="en">
<title>UK: Britain slams Hong Kong legislature rights curbs.</title>
<headline>Britain slams Hong Kong legislature rights curbs.</headline>
<dateline>LONDON 1997-06-14</dateline>
<text>
<p>Britain on Saturday slammed new laws passed by Hong Kong's Beijing-appointed handover legislature which will curb political freedoms when the colony returns to Chinese control in two weeks.</p>
<p>The provisional legislature met in the Chinese city of Shenzhen earlier on Saturday and passed amendments to two Hong Kong laws governing the rights of assembly.</p>
<p>&quot;We continue to regard these amendments to the Societies and Public Order Ordinances as entirely unjustified and unnecessary,&quot; a foreign office (ministry) spokesman said.</p>
<p>&quot;They have already aroused concern both in Hong Kong and internationally.&quot;</p>
<p>The changes to the laws will empower police to ban protests on the grounds of &quot;national security&quot; or threats to China's territorial integrity and to disband organisations with overseas political funding.</p>
<p>The effect will be to curtail the rights of political parties and restrict protest marches.</p>
<p>Britain, which has held Hong Kong for the past 156 years, has said it will closely monitor China's rule of its former colony to ensure Beijing keeps to a 1984 agreement with London.</p>
<p>Under that agreement, China pledged that Hong Kong could keep its capitalist way of life and would enjoy autonomy in all but military and diplomatic matters after the handover at midnight on June 30.</p>
<p>But many of Hong Kong's 6.4 million people fear China will impose repressive communist-style rule, especially since the bloody 1989 anti-democracy crackdown in Beijing's Tiananmen Square.</p>
<p>The amended laws will come into effect immediately after handover.</p>
</text>
<copyright>(c) Reuters Limited 1997</copyright>
<metadata>
<codes class="bip:countries:1.0">
  <code code="CHINA">
    <editdetail attribution="Reuters BIP Coding Group" action="confirmed" date="1997-06-14"/>
  </code>
  <code code="HKONG">
    <editdetail attribution="Reuters BIP Coding Group" action="confirmed" date="1997-06-14"/>
  </code>
  <code code="UK">
    <editdetail attribution="Reuters BIP Coding Group" action="confirmed" date="1997-06-14"/>
  </code>
</codes>
<codes class="bip:topics:1.0">
  <code code="GCAT">
    <editdetail attribution="Reuters BIP Coding Group" action="confirmed" date="1997-06-14"/>
  </code>
  <code code="GDIP">
    <editdetail attribution="Reuters BIP Coding Group" action="confirmed" date="1997-06-14"/>
  </code>
</codes>
<dc element="dc.date.created" value="1997-06-14"/>
<dc element="dc.publisher" value="Reuters Holdings Plc"/>
<dc element="dc.date.published" value="1997-06-14"/>
<dc element="dc.source" value="Reuters"/>
<dc element="dc.creator.location" value="LONDON"/>
<dc element="dc.creator.location.country.name" value="UK"/>
<dc element="dc.source" value="Reuters"/>
</metadata>
</newsitem>
