<?xml version="1.0" encoding="iso-8859-1" ?>
<newsitem itemid="661676" id="root" date="1997-06-14" xml:lang="en">
<title>SPAIN: SOCCER-REAL MADRID WIN SPANISH TITLE.</title>
<headline>SOCCER-REAL MADRID WIN SPANISH TITLE.</headline>
<dateline>MADRID 1997-06-14</dateline>
<text>
<p>Real Madrid won the Spanish championship on Saturday after beating Atletico Madrid 3-1.</p>
</text>
<copyright>(c) Reuters Limited 1997</copyright>
<metadata>
<codes class="bip:countries:1.0">
  <code code="SPAIN">
    <editdetail attribution="Reuters BIP Coding Group" action="confirmed" date="1997-06-14"/>
  </code>
</codes>
<codes class="bip:topics:1.0">
  <code code="GCAT">
    <editdetail attribution="Reuters BIP Coding Group" action="confirmed" date="1997-06-14"/>
  </code>
  <code code="GSPO">
    <editdetail attribution="Reuters BIP Coding Group" action="confirmed" date="1997-06-14"/>
  </code>
</codes>
<dc element="dc.date.created" value="1997-06-14"/>
<dc element="dc.publisher" value="Reuters Holdings Plc"/>
<dc element="dc.date.published" value="1997-06-14"/>
<dc element="dc.source" value="Reuters"/>
<dc element="dc.creator.location" value="MADRID"/>
<dc element="dc.creator.location.country.name" value="SPAIN"/>
<dc element="dc.source" value="Reuters"/>
</metadata>
</newsitem>
