<?xml version="1.0" encoding="iso-8859-1" ?>
<newsitem itemid="661614" id="root" date="1997-06-14" xml:lang="en">
<title>BOLIVIA: SOCCER-BRAZIL ROUT COSTA RICA AS COPA COMES TO LIFE.</title>
<headline>SOCCER-BRAZIL ROUT COSTA RICA AS COPA COMES TO LIFE.</headline>
<byline>Brian Homewood</byline>
<dateline>SANTA CRUZ, Bolivia 1997-06-13</dateline>
<text>
<p>Brazil overcame their jet-lag to rout Costa Rica 5-0 on Friday in a match that finally brought the Copa America to life.</p>
<p>Ronaldo, who scored twice, and Romario each scored superb goals in the group C match between two of the teams who have brought full-strength squads to the tournament.</p>
<p>Their goals came as Brazil, who flew straight to the Copa America after their game against England in Paris on Tuesday, turned on the style in the second half, after looking jittery in the opening stages.</p>
<p>A free kick by Djalminha and an own goal by Costa Rica captain Ronald Gonzalez had steadied their nerves and given them a 2-0 halftime lead.</p>
<p>The match was refreshing change after the four encounters on the first two days of the tournament, featuring below strength teams, produced three goals between them.</p>
<p>Costa Rica played their part but paid the price for giving Brazil's forwards too much freedom.</p>
<p>They probably caused Brazil goalkeeper Taffarel more problems than England had done, when Brazil won 1-0, but every time one of their attacks broke down they were in danger of conceeding a goal.</p>
<p>The Central Americans, who have been invited to take part in the tournament for the first time, began in lively fashion and were unlucky not to be awarded a penalty in the 10th minute when Jafet Soto went crashing down in the area.</p>
<p>Ronald Gomez missed an excellent chance shortly afterwards when he shot wide from a rebound after Taffarel failed to hold a shot. At this stage, the crowd were chanting &quot;Ole&quot; every time Costa Rica strung a few passes together.</p>
<p>But Brazil struck in the 23rd minute when Djalminha scored from a free kick and 13 minutes later, the unlucky slid a Roberto Carlos cross into his own goal.</p>
<p>A rout began to look likely three minutes into the second half when Ronaldo scored his first. A goal seemed certain from the moment Ronaldo broke clear of a flat Costa Rica defence, which waited in vain for the offside flat and watched helplessly as he walloped the ball past goalkeeper Erick Lonnis.</p>
<p>Ronaldo's special effort came one minute later when he turned the unfortunate Gonzalez one way and then the other before firing the ball past Lonnis.</p>
<p>Eleven mintues later, Romario slipped through a group of defenders and then flicked the ball over Lonnis with the outside of his foot for Brazil's fifth.</p>
<p>Lonnis rallied his players round for a conference after each goal but the meetings got smaller each time Brazil scored.</p>
<p>Romario looked ready to turn on some more trickery but was surprisingly substituted by coach Mario Zagallo 15 minutes from the end. He looked none too happy on leaving the pitch but reluctantly took his place on the bench.</p>
<p>&quot;We found that Brazil are more dangerous when they are annoyed,&quot; said Gonzalez. &quot;Brazil got annoyed when the crowd began whistling them early in the game.&quot;</p>
<p>Teams:</p>
<p>Brazil - 1-Taffarel, 2-Cafu (14-Ze Maria), 3-Aldair, 16- Goncalves, 6-Roberto Carlos, 8-Dunga, 19-Flavio Conceicao, 10- Leonardo, 13-Djalminha (21-Edmundo, 60), 9-Ronaldo, 11-Romario (7-Giovanni, 75)</p>
<p>Costa Rica - 1-Erick Lonnis, 2-Harold Wallace (13-Javier Delgado, , 4-Ronaldo Gonzalez, 19-Mauricio Wright, 18-Austin Berry, 5-Joaquin Guillen, 6-Wilmer Lopez, 8-Mauricio Solis, 11- Jafet Soto (9-Roy Myers, 62), 16-Ronaldo Gomez, 17-Hernan Medford (7-Allan Oviedo, 87)</p>
</text>
<copyright>(c) Reuters Limited 1997</copyright>
<metadata>
<codes class="bip:countries:1.0">
  <code code="BOL">
    <editdetail attribution="Reuters BIP Coding Group" action="confirmed" date="1997-06-14"/>
  </code>
  <code code="BRAZ">
    <editdetail attribution="Reuters BIP Coding Group" action="confirmed" date="1997-06-14"/>
  </code>
  <code code="COSR">
    <editdetail attribution="Reuters BIP Coding Group" action="confirmed" date="1997-06-14"/>
  </code>
</codes>
<codes class="bip:topics:1.0">
  <code code="GCAT">
    <editdetail attribution="Reuters BIP Coding Group" action="confirmed" date="1997-06-14"/>
  </code>
  <code code="GSPO">
    <editdetail attribution="Reuters BIP Coding Group" action="confirmed" date="1997-06-14"/>
  </code>
</codes>
<dc element="dc.date.created" value="1997-06-13"/>
<dc element="dc.publisher" value="Reuters Holdings Plc"/>
<dc element="dc.date.published" value="1997-06-14"/>
<dc element="dc.source" value="Reuters"/>
<dc element="dc.creator.location" value="SANTA CRUZ, Bolivia"/>
<dc element="dc.creator.location.country.name" value="BOLIVIA"/>
<dc element="dc.source" value="Reuters"/>
</metadata>
</newsitem>
