<?xml version="1.0" encoding="iso-8859-1" ?>
<newsitem itemid="661611" id="root" date="1997-06-14" xml:lang="en">
<title>USA: NHL ICE HOCKEY-TWO RED WINGS PLAYERS INJURED IN SERIOUS LIMO CRASH.</title>
<headline>NHL ICE HOCKEY-TWO RED WINGS PLAYERS INJURED IN SERIOUS LIMO CRASH.</headline>
<dateline>BIRMINGHAM, Michigan 1997-06-14</dateline>
<text>
<p>Two key Russian members of the Detroit Red Wings were among four people injured in a serious limousine accident Friday night, less than a week after the team won the NHL's Stanley Cup championship.</p>
<p>Defenceman Vladimir Konstantinov was in intensive care with severe head injuries and was put on a ventilator, while defenceman Viacheslav Fetisov was listed in fair condition with chest injuries, according to emergency room doctors at William Beaumont Hospital in Royal Oak, Michigan.</p>
<p>&quot;Mr. Konstantinov has had a significant head injury. We will require days to assess the seriousness of his head injuries,&quot; said Dr. James Cisek, who described the injuries as life-threatening.</p>
<p>Both players were former Soviet stars and members of the Red Wings' vaunted &quot;Russian Five&quot; unit that played so brilliantly in Detroit's run to its first Stanley Cup since 1955.</p>
<p>Also injured was the team's masseur, Sergei Mnatsakanov, who was listed in serious condition with life-threatening head injuries, Cisek said.</p>
<p>The limousine's driver, Richard Gnida, received minor injuries and was being kept overnight for observation.</p>
<p>The accident occurred at about 9:15 p.m. EDT (0215 gmt) as the players were returning from a golf outing that was supposed to be the Red Wings' last gathering before the players broke up for the summer.</p>
<p>According to broadcast reports, the limousine struck a tree after swerving to avoid a stalled truck that did not have its hazard lights on.</p>
<p>Team owner Michael Ilitch and several Red Wings players arrived at the hospital shortly after word of the accident was broadcast over local media.</p>
<p>The accident comes at the end of an intense week of Detroit-area celebrations for the Red Wings, who last Saturday completed a four-game sweep of the Philadelphia Flyers to win the Stanley Cup.</p>
<p>Fetisov, 39, considered one of the former Soviet Union's all-time greatest hockey players, was one of the first Russians to play in the NHL, joining the North Amerian league in 1989.</p>
<p>The tough as nails Konstantinov, 30, anchored Detroit's sensational defensive effort throughout the playoffs.</p>
</text>
<copyright>(c) Reuters Limited 1997</copyright>
<metadata>
<codes class="bip:countries:1.0">
  <code code="USA">
    <editdetail attribution="Reuters BIP Coding Group" action="confirmed" date="1997-06-14"/>
  </code>
</codes>
<codes class="bip:topics:1.0">
  <code code="GCAT">
    <editdetail attribution="Reuters BIP Coding Group" action="confirmed" date="1997-06-14"/>
  </code>
  <code code="GSPO">
    <editdetail attribution="Reuters BIP Coding Group" action="confirmed" date="1997-06-14"/>
  </code>
</codes>
<dc element="dc.date.created" value="1997-06-14"/>
<dc element="dc.publisher" value="Reuters Holdings Plc"/>
<dc element="dc.date.published" value="1997-06-14"/>
<dc element="dc.source" value="Reuters"/>
<dc element="dc.creator.location" value="BIRMINGHAM, Michigan"/>
<dc element="dc.creator.location.country.name" value="USA"/>
<dc element="dc.source" value="Reuters"/>
</metadata>
</newsitem>
