<?xml version="1.0" encoding="iso-8859-1" ?>
<newsitem itemid="661623" id="root" date="1997-06-14" xml:lang="en">
<title>UK: RUGBY LEAGUE-SUPER LEAGUE WORLD CHALLENGE RESULT.</title>
<headline>RUGBY LEAGUE-SUPER LEAGUE WORLD CHALLENGE RESULT.</headline>
<dateline>BRADFORD, England 1997-06-14</dateline>
<text>
<p>Result in a Super</p>
<p>League World Challenge rugby league match played on Saturday:</p>
<p>Bradford Bulls (England) 16 Auckland Warriors (New Zealand) 20</p>
</text>
<copyright>(c) Reuters Limited 1997</copyright>
<metadata>
<codes class="bip:countries:1.0">
  <code code="AUSTR">
    <editdetail attribution="Reuters BIP Coding Group" action="confirmed" date="1997-06-14"/>
  </code>
  <code code="NZ">
    <editdetail attribution="Reuters BIP Coding Group" action="confirmed" date="1997-06-14"/>
  </code>
  <code code="UK">
    <editdetail attribution="Reuters BIP Coding Group" action="confirmed" date="1997-06-14"/>
  </code>
</codes>
<codes class="bip:topics:1.0">
  <code code="GCAT">
    <editdetail attribution="Reuters BIP Coding Group" action="confirmed" date="1997-06-14"/>
  </code>
  <code code="GSPO">
    <editdetail attribution="Reuters BIP Coding Group" action="confirmed" date="1997-06-14"/>
  </code>
</codes>
<dc element="dc.date.created" value="1997-06-14"/>
<dc element="dc.publisher" value="Reuters Holdings Plc"/>
<dc element="dc.date.published" value="1997-06-14"/>
<dc element="dc.source" value="Reuters"/>
<dc element="dc.creator.location" value="BRADFORD, England"/>
<dc element="dc.creator.location.country.name" value="UK"/>
<dc element="dc.source" value="Reuters"/>
</metadata>
</newsitem>
