<?xml version="1.0" encoding="iso-8859-1" ?>
<newsitem itemid="661768" id="root" date="1997-06-14" xml:lang="en">
<title>HONG KONG: Doctor warns of Hong Kong handover hysteria.</title>
<headline>Doctor warns of Hong Kong handover hysteria.</headline>
<dateline>HONG KONG 1997-06-14</dateline>
<text>
<p>The handover of this British-ruled territory to China on July 1 might trigger hysteria for some people, a local psychiatrist said.</p>
<p>Psychiatrist Doctor Orlando Tang said the historic moment might prove as traumatic as the death of a parent or the loss of a job for some people, the South China Morning Post said on Saturday.</p>
<p>Mentally unstable people could find the event traumatic, the Post quoted Tang as saying.</p>
<p>&quot;The problem will be associated with those who are vulnerable or those who were ill before, with the event, precipitating a relapse,&quot; said Tang, head of psychiatry at a Hong Kong hospital.</p>
<p>A Hospital Authority executive said such an eventuality had been prepared for. All doctors in public hospitals had psychiatric training and specialist teams would be on call in case of major problems.</p>
<p>To cope with an expected surge in patients during the handover the newspaper said staffing at accident and emergency wards would be increeased by five to 10 percent.</p>
</text>
<copyright>(c) Reuters Limited 1997</copyright>
<metadata>
<codes class="bip:countries:1.0">
  <code code="CHINA">
    <editdetail attribution="Reuters BIP Coding Group" action="confirmed" date="1997-06-14"/>
  </code>
  <code code="HKONG">
    <editdetail attribution="Reuters BIP Coding Group" action="confirmed" date="1997-06-14"/>
  </code>
</codes>
<codes class="bip:topics:1.0">
  <code code="GCAT">
    <editdetail attribution="Reuters BIP Coding Group" action="confirmed" date="1997-06-14"/>
  </code>
  <code code="GDIP">
    <editdetail attribution="Reuters BIP Coding Group" action="confirmed" date="1997-06-14"/>
  </code>
  <code code="GHEA">
    <editdetail attribution="Reuters BIP Coding Group" action="confirmed" date="1997-06-14"/>
  </code>
  <code code="GODD">
    <editdetail attribution="Reuters BIP Coding Group" action="confirmed" date="1997-06-14"/>
  </code>
</codes>
<dc element="dc.date.created" value="1997-06-14"/>
<dc element="dc.publisher" value="Reuters Holdings Plc"/>
<dc element="dc.date.published" value="1997-06-14"/>
<dc element="dc.source" value="Reuters"/>
<dc element="dc.creator.location" value="HONG KONG"/>
<dc element="dc.creator.location.country.name" value="HONG KONG"/>
<dc element="dc.source" value="Reuters"/>
</metadata>
</newsitem>
