<?xml version="1.0" encoding="iso-8859-1" ?>
<newsitem itemid="661714" id="root" date="1997-06-14" xml:lang="en">
<title>NIGER: Niger president names new government.</title>
<headline>Niger president names new government.</headline>
<dateline>NIAMEY 1997-06-14</dateline>
<text>
<p>Niger's president, Ibrahim Bare Mainassara, has named a new government, cutting the size of his administration from 27 to 24, officials said.</p>
<p>A Friday decree naming the government gave no reason but political analysts said it appeared to be a technical reshuffle, with some ministers taking on extra duties and others switching portfolios.</p>
<p>Madame Bayard Gamatie Mariama was the main new arrival, taking over as communication and culture minister. She was previously an adviser to the president.</p>
<p>The previous ministers of communication, social development, higher education and industrial development and a deputy finance minister all left the government.</p>
<p>Mainassara seized power in a January 1996 military coup, toppling an elected civilian president.</p>
<p>He won a July presidential election but drew cries of foul from the opposition and the United States after scrapping the electoral commission part way through polling and naming one of his own.</p>
</text>
<copyright>(c) Reuters Limited 1997</copyright>
<metadata>
<codes class="bip:countries:1.0">
  <code code="NIGER">
    <editdetail attribution="Reuters BIP Coding Group" action="confirmed" date="1997-06-14"/>
  </code>
</codes>
<codes class="bip:topics:1.0">
  <code code="GCAT">
    <editdetail attribution="Reuters BIP Coding Group" action="confirmed" date="1997-06-14"/>
  </code>
  <code code="GPOL">
    <editdetail attribution="Reuters BIP Coding Group" action="confirmed" date="1997-06-14"/>
  </code>
</codes>
<dc element="dc.date.created" value="1997-06-14"/>
<dc element="dc.publisher" value="Reuters Holdings Plc"/>
<dc element="dc.date.published" value="1997-06-14"/>
<dc element="dc.source" value="Reuters"/>
<dc element="dc.creator.location" value="NIAMEY"/>
<dc element="dc.creator.location.country.name" value="NIGER"/>
<dc element="dc.source" value="Reuters"/>
</metadata>
</newsitem>
