<?xml version="1.0" encoding="iso-8859-1" ?>
<newsitem itemid="661751" id="root" date="1997-06-14" xml:lang="en">
<title>PHILIPPINES: ABS-CBN expects profits on track by Q3.</title>
<headline>ABS-CBN expects profits on track by Q3.</headline>
<dateline>MANILA 1997-06-14</dateline>
<text>
<p>The Philippine's biggest broadcasting company, ABS-CBN Broadcasting Corp, said it expects to meet earnings target for the year despite lower net in the first quarter due to a row with advertisers.</p>
<p>&quot;We will be back on track by August or September,&quot; ABS-CBN president Eugenio Lopez III told reporters on Saturday.</p>
<p>ABS-CBN earlier reported a first quarter net income of 248 million pesos, lower than the adjusted figure of 291 million in the year-earlier period.</p>
<p>It said that cancellation by advertisers of orders in protest over a decision to raise prime time rates hit company earnings in the first three months of the year.</p>
<p>Lopez said the issue with advertisers has since been settled and he remains confident of ABS-CBN achieving full-year targets.</p>
<p>The company is expected to make 1.8 billion pesos in profits this year from 1.53 billion pesos in 1996.</p>
<p>Lopez said that the ABS-CBN is tapping overseas market with its all Filipino channel. He said ABS-CBN recently signed a memorandum of understanding with the Arab Radio and Television Network to carry the channel in the Middle East and in Europe.</p>
<p>-- Manila newsroom (63 2) 8418939 Fax 8176267</p>
</text>
<copyright>(c) Reuters Limited 1997</copyright>
<metadata>
<codes class="bip:countries:1.0">
  <code code="PHLNS">
    <editdetail attribution="Reuters BIP Coding Group" action="confirmed" date="1997-06-14"/>
  </code>
</codes>
<codes class="bip:industries:1.0">
  <code code="I97400">
    <editdetail attribution="Reuters BIP Coding Group" action="confirmed" date="1997-06-14"/>
  </code>
</codes>
<codes class="bip:topics:1.0">
  <code code="C15">
    <editdetail attribution="Reuters BIP Coding Group" action="confirmed" date="1997-06-14"/>
  </code>
  <code code="C152">
    <editdetail attribution="Reuters BIP Coding Group" action="confirmed" date="1997-06-14"/>
  </code>
  <code code="CCAT">
    <editdetail attribution="Reuters BIP Coding Group" action="confirmed" date="1997-06-14"/>
  </code>
</codes>
<dc element="dc.date.created" value="1997-06-14"/>
<dc element="dc.publisher" value="Reuters Holdings Plc"/>
<dc element="dc.date.published" value="1997-06-14"/>
<dc element="dc.source" value="Reuters"/>
<dc element="dc.creator.location" value="MANILA"/>
<dc element="dc.creator.location.country.name" value="PHILIPPINES"/>
<dc element="dc.source" value="Reuters"/>
</metadata>
</newsitem>
