<?xml version="1.0" encoding="iso-8859-1" ?>
<newsitem itemid="661783" id="root" date="1997-06-14" xml:lang="en">
<title>TAIWAN: Global bulls help Taiwan stocks to higher close.</title>
<headline>Global bulls help Taiwan stocks to higher close.</headline>
<dateline>TAIPEI 1997-06-14</dateline>
<text>
<p>Taiwan share prices closed sharply higher on Saturday, thanks to a big bull run in the U.S. and European markets, but brokers warned that short-term profit-taking could soon emerge.</p>
<p>The index finished at a two-month high of 8,502.18, a gain of 187.16 points or 2.25 percent compared to Friday.</p>
<p>Turnover was a relatively active T$111.6 billion in the abbreviated Saturday session.</p>
<p>Taking momentum from the dramatic overseas stock rallies, Taiwan's heavily weighted financials soared 5.84 percent.  </p>
<p>U.S. stocks capped a record-breaking week on Friday with the Dow Jones industrial average jumping 70.57 points to 7,782.04, its sixth consecutive record close. The British and German markets also surged on Friday to record finishes.</p>
<p>In Taiwan, Saturday's closing level was the highest since its April 29 finish of 8,592.44 and came within 160 points of a seven-year high 8,661.72 set on April 26.</p>
<p>Since that peak, the island's bourse, which had risen more than 25 percent in early 1997, has endured a modest correction.</p>
<p>Brokers said it was still too early to say whether the market was returning to its bullish ways.  </p>
<p>&quot;The heavily weighted financial sector can easily boost share prices, but a sustainable gain will require rises in the trendsetting electronics sector,&quot; National Securities' analyst Allen Huang.</p>
<p>Electronics, seen as Taiwan's most promising sector, rose only a scant 0.80 percent as many high-tech shares were mired in profit-taking correction against a dramatic recent rise.</p>
<p>Leading chipmaker Taiwan Semiconductor lost 50 cents to T$95.5, unable to sustain the week's dazzling gains.</p>
<p>&quot;The market has reason to stay bullish in the medium term&quot; but faces near-term profit-taking pressure, Huang said.</p>
</text>
<copyright>(c) Reuters Limited 1997</copyright>
<metadata>
<codes class="bip:countries:1.0">
  <code code="TAIWAN">
    <editdetail attribution="Reuters BIP Coding Group" action="confirmed" date="1997-06-14"/>
  </code>
</codes>
<codes class="bip:topics:1.0">
  <code code="M11">
    <editdetail attribution="Reuters BIP Coding Group" action="confirmed" date="1997-06-14"/>
  </code>
  <code code="MCAT">
    <editdetail attribution="Reuters BIP Coding Group" action="confirmed" date="1997-06-14"/>
  </code>
</codes>
<dc element="dc.date.created" value="1997-06-14"/>
<dc element="dc.publisher" value="Reuters Holdings Plc"/>
<dc element="dc.date.published" value="1997-06-14"/>
<dc element="dc.source" value="Reuters"/>
<dc element="dc.creator.location" value="TAIPEI"/>
<dc element="dc.creator.location.country.name" value="TAIWAN"/>
<dc element="dc.source" value="Reuters"/>
</metadata>
</newsitem>
