<?xml version="1.0" encoding="iso-8859-1" ?>
<newsitem itemid="661795" id="root" date="1997-06-14" xml:lang="en">
<title>CAMBODIA: Pol Pot said to be in northern Cambodian jungle.</title>
<headline>Pol Pot said to be in northern Cambodian jungle.</headline>
<dateline>PHNOM PENH 1997-06-14</dateline>
<text>
<p>Reviled Khmer Rouge leader Pol Pot is in the jungle east of Anlong Veng after fleeing his northern stronghold with at least three top officials as hostages, a senior Cambodian military official told reporters on Saturday.</p>
<p>Deputy chief of general staff Nhiek Bun Chhay produced a photograph that he said showed the dead bodies of Khmer Rouge defence chief Son Sen, his wife Yun Yat and other family members said to have been murdered by Pol Pot this week.  </p>
<p>He said Pol Pot was holed up approximately 20 km (12 miles) east of Anlong Veng in rough jungle terrain with 250 to 300 fighters and their families. He was holding right-hand man Nuon Chea, the Khmer Rouge's nominal leader Khieu Samphan and northern commander Ta Mok as hostages.</p>
<p>&quot;In the few days ahead, first, Pol Pot can lay down his arms. Second, Pol Pot can kill all of his leaders and then kill himself,&quot; Nhiek Bun Chhay said at a press conference.</p>
<p>He said 1,000 rebel troops from five divisions have broken with Pol Pot and are surrounding him, and added that Thailand had sealed its border and was cooperating with Cambodian authorities.</p>
<p>The Khmer Rouge has been blamed for the deaths of more than one million people through starvations, disease, overwork or executions during their 1975-79 rule of Cambodia.</p>
</text>
<copyright>(c) Reuters Limited 1997</copyright>
<metadata>
<codes class="bip:countries:1.0">
  <code code="KAMPA">
    <editdetail attribution="Reuters BIP Coding Group" action="confirmed" date="1997-06-14"/>
  </code>
</codes>
<codes class="bip:topics:1.0">
  <code code="GCAT">
    <editdetail attribution="Reuters BIP Coding Group" action="confirmed" date="1997-06-14"/>
  </code>
  <code code="GPOL">
    <editdetail attribution="Reuters BIP Coding Group" action="confirmed" date="1997-06-14"/>
  </code>
  <code code="GVIO">
    <editdetail attribution="Reuters BIP Coding Group" action="confirmed" date="1997-06-14"/>
  </code>
</codes>
<dc element="dc.date.created" value="1997-06-14"/>
<dc element="dc.publisher" value="Reuters Holdings Plc"/>
<dc element="dc.date.published" value="1997-06-14"/>
<dc element="dc.source" value="Reuters"/>
<dc element="dc.creator.location" value="PHNOM PENH"/>
<dc element="dc.creator.location.country.name" value="CAMBODIA"/>
<dc element="dc.source" value="Reuters"/>
</metadata>
</newsitem>
