<?xml version="1.0" encoding="iso-8859-1" ?>
<newsitem itemid="661720" id="root" date="1997-06-14" xml:lang="en">
<title>BOSNIA: Bosnian court rejects war crimes retrial for Serb.</title>
<headline>Bosnian court rejects war crimes retrial for Serb.</headline>
<byline>Sabina Cosic</byline>
<dateline>SARAJEVO 1997-06-14</dateline>
<text>
<p>A Bosnian court has rejected a call for the retrial of a Serb soldier convicted of killing two Moslem brothers who were recently found alive.</p>
<p>Sretko Damjanovic was convicted of killing Kasim and Asim Blekic and four other Moslems in a much-publicised war crimes trial in 1993. His lawyer Branko Maric found the Blekic brothers alive and filed a retrial motion in December 1996.</p>
<p>&quot;The court rejected my retrial motion as unfounded,&quot; Damjanovic's lawyer Maric told Reuters on Saturday, after being notified of the court decision earlier this week. He plans to appeal to Bosnia's Supreme Court.</p>
<p>&quot;The court's decision confirmed that the brothers are alive but nevertheless stated that it does not qualify to bring a release or a conviction for a lesser crime,&quot; he added.</p>
<p>Maric argued in his motion that the prevailing evidence to convict his client for genocide was another Serb soldier's testimony, who was on trial with Damjanovic. The discovery that the brothers are alive puts that testimony in doubt, he said.</p>
<p>The Sarajevo court decision said that while the Blekic brothers' appearance could influence the sentence, it would not change the verdict of genocide.</p>
<p>Damjanovic and Borislav Herak were found guilty of genocide and crimes against civilians and prisoners of war while fighting for Serb forces around Sarajevo in 1992. They were sentenced to death but the sentence was not carried out.</p>
<p>Herak confessed to killing Moslem civilians and prisoners of war and to multiple rapes. He testified that Damjanovic killed the Blekic brothers in April 1992 and joined him in raping and looting.</p>
<p>Damjanovic admitted all charges during the investigation but withdrew his confession at the trial, claiming it was beaten out of him and showing scarred ribs as evidence.</p>
<p>The court's decision dismissed Maric's proposals for a new investigation and examination of evidence in the Vogosca area near Sarajevo, where the crimes were allegedly committed.</p>
<p>&quot;The suggested acts of new investigation, event reconstruction, exhumation, autopsy etcetera, are not necessary because there was plenty of other evidence sufficient for a verdict,&quot; the court decision said.</p>
<p>The Office of the High Representative to Bosnia, the international body in charge of overseeing civilian aspects of the Bosnian peace accord, said it had been monitoring the appeal procedure for the past seven months and ranked the case as &quot;high priority&quot;.</p>
<p>&quot;We are concerned about the implications of the case and we will be taking active interest in the outcome of the appeals procedure at the Supreme Court,&quot; spokesman Duncan Bullivant said.</p>
<p>&quot;We will be seeking to ensure that the rule of law remains the prime consideration and that inter-ethnic politics are not allowed to interfere,&quot; he said.</p>
<p>Maric said Herak and Damjanovic were put in the same cell last month for the first time since their arrest in November 1992.</p>
<p>&quot;Throughout the original investigation and all these years they were kept strictly apart. If you are even contemplating a new trial and renewed questioning, then putting them together is nonsense,&quot; he said.</p>
<p>The decision stated that the court had requested a legal opinion from a state prosecutor, who gave his consent for a new trial. When a new prosecutor was appointed recently, the opinion was reversed.</p>
<p>&quot;The new prosecutor happens to be the chief prosecutor from the original trial,&quot; Maric said.</p>
<p>Damjanovic was shocked to hear of the court's decision because he had clearly expected things to go the other way, Maric said. He added he was filing a complaint to the Supreme Court on Saturday.</p>
<p>&quot;I think my chances are better. I reckon the higher the court, the more distant it is from politics.&quot;</p>
</text>
<copyright>(c) Reuters Limited 1997</copyright>
<metadata>
<codes class="bip:countries:1.0">
  <code code="BSHZG">
    <editdetail attribution="Reuters BIP Coding Group" action="confirmed" date="1997-06-14"/>
  </code>
</codes>
<codes class="bip:topics:1.0">
  <code code="GCAT">
    <editdetail attribution="Reuters BIP Coding Group" action="confirmed" date="1997-06-14"/>
  </code>
  <code code="GCRIM">
    <editdetail attribution="Reuters BIP Coding Group" action="confirmed" date="1997-06-14"/>
  </code>
  <code code="GPOL">
    <editdetail attribution="Reuters BIP Coding Group" action="confirmed" date="1997-06-14"/>
  </code>
  <code code="GVIO">
    <editdetail attribution="Reuters BIP Coding Group" action="confirmed" date="1997-06-14"/>
  </code>
</codes>
<dc element="dc.date.created" value="1997-06-14"/>
<dc element="dc.publisher" value="Reuters Holdings Plc"/>
<dc element="dc.date.published" value="1997-06-14"/>
<dc element="dc.source" value="Reuters"/>
<dc element="dc.creator.location" value="SARAJEVO"/>
<dc element="dc.creator.location.country.name" value="BOSNIA"/>
<dc element="dc.source" value="Reuters"/>
</metadata>
</newsitem>
