<?xml version="1.0" encoding="iso-8859-1" ?>
<newsitem itemid="661757" id="root" date="1997-06-14" xml:lang="en">
<title>HONG KONG: HK handover legislature passes law curbing rights.</title>
<headline>HK handover legislature passes law curbing rights.</headline>
<dateline>HONG KONG 1997-06-14</dateline>
<text>
<p>Hong Kong's future legislature passed a law on Saturday curbing political freedoms when the British-ruled territory reverts to China on July 1, Hong Kong Cable Television said.</p>
<p>The Provisional Legislature adopted an amendment to Hong Kong's Public Order Ordinance at a session in China's Shenzhen city, curbing the right of assembly and protest, the station said.  </p>
<p>The 60-member provisional body, filled with pro-Beijing politicians and tycoons, will replace Hong Kong's elected Legislative Council (Legco) at the handover.</p>
<p>The provisional lawmakers were also set to adopt an amendment to Hong Kong's Societies Ordinance, the law that covers the formation of political parties. That change is intended to bar foreign funding of political groups.</p>
<p>The West has criticised Beijing for replacing Legco with the provisional legislature, whose 400 members were hand-picked by China in a move that effectively scrapped the colony's democratic reforms.</p>
<p>China takes back Hong Kong after 156 years of British colonial rule.</p>
</text>
<copyright>(c) Reuters Limited 1997</copyright>
<metadata>
<codes class="bip:countries:1.0">
  <code code="CHINA">
    <editdetail attribution="Reuters BIP Coding Group" action="confirmed" date="1997-06-14"/>
  </code>
  <code code="HKONG">
    <editdetail attribution="Reuters BIP Coding Group" action="confirmed" date="1997-06-14"/>
  </code>
</codes>
<codes class="bip:topics:1.0">
  <code code="GCAT">
    <editdetail attribution="Reuters BIP Coding Group" action="confirmed" date="1997-06-14"/>
  </code>
  <code code="GPOL">
    <editdetail attribution="Reuters BIP Coding Group" action="confirmed" date="1997-06-14"/>
  </code>
</codes>
<dc element="dc.date.created" value="1997-06-14"/>
<dc element="dc.publisher" value="Reuters Holdings Plc"/>
<dc element="dc.date.published" value="1997-06-14"/>
<dc element="dc.source" value="Reuters"/>
<dc element="dc.creator.location" value="HONG KONG"/>
<dc element="dc.creator.location.country.name" value="HONG KONG"/>
<dc element="dc.source" value="Reuters"/>
</metadata>
</newsitem>
