<?xml version="1.0" encoding="iso-8859-1" ?>
<newsitem itemid="661743" id="root" date="1997-06-14" xml:lang="en">
<title>AUSTRALIA: Australia ferries 138 boatpeople to mainland.</title>
<headline>Australia ferries 138 boatpeople to mainland.</headline>
<dateline>CANBERRA 1997-06-14</dateline>
<text>
<p>Australia's Immigration Department on Saturday ferried 138 boatpeople from an island off Queensland this week to the mainland.</p>
<p>A customs boat on Friday guided the group to Thursday Island in the Torres Strait between Australia and Papua New Guinea after their trawler was stranded on a sandbank, an Immigration Department spokeswoman told Reuters.</p>
<p>&quot;We don't yet know where they are from or why they are here,&quot; she said.</p>
<p>A few hundred illegal immigrants arrive at Australia by boat each year, usually from east Asia but at times from as far away as Romania and Poland. Almost all are detained and eventually returned to their country of origin.</p>
<p>The department spokeswoman said the latest group, all but two of whom were male, would be taken to the Port Hedland detention centre on the northwest coast.</p>
<p>Australia currently had 182 boatpeople in detention, she said.</p>
</text>
<copyright>(c) Reuters Limited 1997</copyright>
<metadata>
<codes class="bip:countries:1.0">
  <code code="AUSTR">
    <editdetail attribution="Reuters BIP Coding Group" action="confirmed" date="1997-06-14"/>
  </code>
</codes>
<codes class="bip:topics:1.0">
  <code code="GCAT">
    <editdetail attribution="Reuters BIP Coding Group" action="confirmed" date="1997-06-14"/>
  </code>
  <code code="GPOL">
    <editdetail attribution="Reuters BIP Coding Group" action="confirmed" date="1997-06-14"/>
  </code>
</codes>
<dc element="dc.date.created" value="1997-06-14"/>
<dc element="dc.publisher" value="Reuters Holdings Plc"/>
<dc element="dc.date.published" value="1997-06-14"/>
<dc element="dc.source" value="Reuters"/>
<dc element="dc.creator.location" value="CANBERRA"/>
<dc element="dc.creator.location.country.name" value="AUSTRALIA"/>
<dc element="dc.source" value="Reuters"/>
</metadata>
</newsitem>
