<?xml version="1.0" encoding="iso-8859-1" ?>
<newsitem itemid="661781" id="root" date="1997-06-14" xml:lang="en">
<title>SOUTH KOREA: Seoul stocks edge up to another year high close.</title>
<headline>Seoul stocks edge up to another year high close.</headline>
<dateline>SEOUL 1997-06-14</dateline>
<text>
<p>South Korean stocks climbed for the third consecutive day on Saturday to close at another year high, brokers said.</p>
<p>The composite stock index stood at 791.97 at the close, up 2.82 points from Friday. Losers outpaced gainers by 522 to 264.</p>
<p>Brokers said the market rallied to a high of 798.89 in early morning, but lost steam as selling pressure at the 800 level set in.</p>
<p>&quot;The market was strong in early morning, led by strong institutional buying in construction shares,&quot; said Baek Jung-hyun at Samsung Securities.  </p>
<p>Brokers said relatively low priced construction shares continued to attract interest, particularly from institutions.</p>
<p>They said investors believed low interest rates would help boost earnings at the construction firms that heavily rely on borrowings.</p>
<p>Hyundai Engineering and Construction gained 1,800 won to end at a year high of 24,800, while Byucksan Engineering and Construction added 650 won to close at a daily limit high of 8,850.</p>
<p>However, selling on small- to mid-sized issues cooled investor sentiment preventing the index from rising above 800.  </p>
<p>Brokers said the market was likely to rise above the psychological resistance of 800 next week despite expectations of brief consolidations.</p>
<p>Volume totalled 59.7 million shares in half trading on Saturday, compared with 83.6 million on Friday.</p>
<p>--JEAN YOON (822) 727 5643</p>
</text>
<copyright>(c) Reuters Limited 1997</copyright>
<metadata>
<codes class="bip:countries:1.0">
  <code code="SKOREA">
    <editdetail attribution="Reuters BIP Coding Group" action="confirmed" date="1997-06-14"/>
  </code>
</codes>
<codes class="bip:topics:1.0">
  <code code="M11">
    <editdetail attribution="Reuters BIP Coding Group" action="confirmed" date="1997-06-14"/>
  </code>
  <code code="MCAT">
    <editdetail attribution="Reuters BIP Coding Group" action="confirmed" date="1997-06-14"/>
  </code>
</codes>
<dc element="dc.date.created" value="1997-06-14"/>
<dc element="dc.publisher" value="Reuters Holdings Plc"/>
<dc element="dc.date.published" value="1997-06-14"/>
<dc element="dc.source" value="Reuters"/>
<dc element="dc.creator.location" value="SEOUL"/>
<dc element="dc.creator.location.country.name" value="SOUTH KOREA"/>
<dc element="dc.source" value="Reuters"/>
</metadata>
</newsitem>
