<?xml version="1.0" encoding="iso-8859-1" ?>
<newsitem itemid="661746" id="root" date="1997-06-14" xml:lang="en">
<title>HONGKONG: Handover venue adds new glow to Hong Kong waterfront.</title>
<headline>Handover venue adds new glow to Hong Kong waterfront.</headline>
<byline>Dominic Lau</byline>
<dateline>HONG KONG 1997-06-14</dateline>
<text>
<p>The ceremonial venue for Hong Kong's historic handover to Chinese rule won its race against time by officially opening on Saturday -- but with a few leaks in the roof still to be plugged.</p>
<p>The just-completed extension of the Hong Kong Convention and Exhibition Centre glowed on the waterfront like a giant electric turtle after the territory's future leader, Tung Chee-hwa, officially lit up the huge structure jutting into the harbour.</p>
<p>The opening ended weeks of suspense over whether the building, where Britian's Prince Charles and China's President Jiang Zemin would preside over the ceremony marking Hong Kong's handover at midnight of June 30, would be finished in time.</p>
<p>The striking, HK$4.8 billion (US$615 million) building shot up in just 39 months on a man-made island on the Wanchai waterfront -- once known only for its girlie bars but now also home to many gleaming office towers and top-notch hotels.</p>
<p>&quot;It is a vision of Hong Kong as Asia's pre-eminent city in international business,&quot; said Victor Fung, chairman of Hong Kong's Trade Development Council (TDC), describing the building's wing-shaped roof.</p>
<p>&quot;It is much more than just a pretty face on the Wanchai waterfront,&quot; he said.</p>
<p>But even Tung, who will be sworn in as Chief Executive of the territory of 6.4 million people before dawn on July 1 after the handover ceremony, confessed he had had his doubts.</p>
<p>&quot;Victor,&quot; he said in a speech at a charity gala inaugurating the building. &quot;That time in January when you brought me into this very room and I saw all those sacks of cement, even I began to wonder whether TDC would finish it on time.&quot;</p>
<p>Up until last month bamboo scaffolding -- the remnants of 450 kilometres (280 miles) of bamboo used in the project -- still covered much of the glass facade overlooking the harbour.</p>
<p>But the project was finished, aside from some cleaning and internal fitting out, Niels Kraunsoe, the centre's chief executive, told reporters.</p>
<p>Although the building was declared completed, officials were facing some leaks in the gigantic roof. But they promised to keep the VIP guests from 40 countries dry on the night that Britain hands Hong Kong over to Beijing.</p>
<p>Journalists given a sneak preview saw water dripping from the ceiling of the Grand Hall of the centre on Friday and Saturday after torrential rains fell on Hong Kong as workmen hurried to put finishing touches on the ceremonial venue.</p>
<p>Kraunsoe said the leak was sheer bad luck as rain happened to bucket down as workmen serviced the 200 pipes that drain the four hectare (10 acre) roof.</p>
<p>He swore the problem was now fixed, although journalists saw water still dripping in some parts of the building only hours before the inagural banquet got under way.</p>
<p>&quot;There's no contingency plan, it's not going to drip on the night, it's not going to drip tomorrow,&quot; he promised.</p>
<p>The handover ceremony will take place on a specially constructed stage -- whose top-secret design is still veiled from sight -- in a Grand Foyer, with the harbour as backdrop.</p>
<p>The guests will be sitting in the Grand Hall, which normally faces the other way but whose seating arrangement was turned north toward the stage -- and Beijing -- for the ceremony.</p>
<p>Following the handover ceremony, almost everybody will walk to one of the exhibit halls where the new Hong Kong Special Administrative Region government will be sworn in.</p>
<p>Kraunsoe said moving 4,000 or so people could take up to 45 minutes -- ample time for those boycotting the inauguration of a controversial provisional legislature, such as U.S. Secretary of State Madeleine Albright and British Prime Minister Tony Blair, to duck out.</p>
</text>
<copyright>(c) Reuters Limited 1997</copyright>
<metadata>
<codes class="bip:countries:1.0">
  <code code="HKONG">
    <editdetail attribution="Reuters BIP Coding Group" action="confirmed" date="1997-06-14"/>
  </code>
</codes>
<codes class="bip:topics:1.0">
  <code code="GCAT">
    <editdetail attribution="Reuters BIP Coding Group" action="confirmed" date="1997-06-14"/>
  </code>
  <code code="GDIP">
    <editdetail attribution="Reuters BIP Coding Group" action="confirmed" date="1997-06-14"/>
  </code>
</codes>
<dc element="dc.date.created" value="1997-06-14"/>
<dc element="dc.publisher" value="Reuters Holdings Plc"/>
<dc element="dc.date.published" value="1997-06-14"/>
<dc element="dc.source" value="Reuters"/>
<dc element="dc.creator.location" value="HONG KONG"/>
<dc element="dc.creator.location.country.name" value="HONGKONG"/>
<dc element="dc.source" value="Reuters"/>
</metadata>
</newsitem>
