<?xml version="1.0" encoding="iso-8859-1" ?>
<newsitem itemid="661885" id="root" date="1997-06-14" xml:lang="en">
<title>FRANCE: Jospin &quot;not pessimistic&quot; after meeting over Europe.</title>
<headline>Jospin &quot;not pessimistic&quot; after meeting over Europe.</headline>
<byline>Bernard Edinger</byline>
<dateline>PARIS 1997-06-14</dateline>
<text>
<p>French Prime Minister Lionel Jospin said on Saturday he was &quot;not pessimistic&quot; about the outcome of a European Union summit next week in Amsterdam which will centre on how to proceed towards a single currency.</p>
<p>Jospin spoke after a two-hour encounter with President Jacques Chirac, whose office said it had been &quot;a good meeting.&quot;</p>
<p>A Chirac aide said the meeting had &quot;allowed France's position to be defined...ahead of Amsterdam.&quot;</p>
<p>Jospin told reporters a wide series of European issues was discussed.</p>
<p>The meeting, attended by key cabinet members, was called after a Franco-German summit in Poitiers, western France, failed on Friday to resolve differences on a single currency.</p>
<p>France's new Socialist-led government, which swept to power in an upset parliamentary election victory on June 1, raised its objections to the pact leading to a single currency for the first time last week.</p>
<p>Jospin wants the EU to put employment as high on its list of priorties as monetary stability.</p>
<p>He arrived at the Elysee palace with Foreign Minister Hubert Vedrine, Finance Minister Dominique Strauss-Kahn and European Affairs Minister Pierre Moscovici.</p>
<p>The French leaders were to discuss further steps, with Europe now facing an uphill task to strike a deal on an EU budget stability pact in time for the summit in Amsterdam on Monday and Tuesday.</p>
<p>Strauss-Kahn told reporters earlier in the day that reaching agreement with Germany at the summit would be hard but that progress was being made.</p>
<p>&quot;The Germans have understood they must make a step forward if they want things to advance and we have to do the same,&quot; he said.</p>
<p>&quot;Mutual concessions are the very definition of co-operation between two countries. I have the impression things are moving -- it's difficult, but things are moving and I hope we will reach agreement in Amsterdam,&quot; Strauss-Kahn said.</p>
<p>Jospin said in Poitiers the new government was committed to a single currency but wanted a fundamentally new approach to monetary union.</p>
<p>Demands for a focus on growth and jobs must be given the same importance as the stability pact limiting budget deficits after the launch of a single currency, he said.</p>
<p>Aides quoted Jospin as having told the Socialist meeting in Paris, mostly devoted to domestic issues, that he would not accept a simple &quot;social addendum&quot; to the stability treaty.</p>
<p>Jospin told the meeting he believed he was speaking for other European peoples and not only for his own, when he said growth, development, employment and the fight against inequality should have equal footing as a priority with monetary stability in the pact.</p>
<p>Socialist first secretary Francois Hollande told reporters Jospin wanted the EU to revive a project it had approved, but never acted upon, to create hundreds of thousands of jobs across western Europe by launching major public works projects, especially connected with transport.</p>
<p>The plan, adoped at a summit in Essen, Germany, in 1994 included new EU-financed highways and high-speed railway lines.</p>
<p>France's new government, swept to power in an upset parliamentary election victory on June 1, raised its objections to the pact for the first time on Monday.</p>
<p>Both France and Germany are keen to avoid any suggestion of a rift between Paris and Bonn, whose alliance is seen as crucial to pushing monetary union through in 1999.</p>
</text>
<copyright>(c) Reuters Limited 1997</copyright>
<metadata>
<codes class="bip:countries:1.0">
  <code code="EEC">
    <editdetail attribution="Reuters BIP Coding Group" action="confirmed" date="1997-06-14"/>
  </code>
  <code code="FRA">
    <editdetail attribution="Reuters BIP Coding Group" action="confirmed" date="1997-06-14"/>
  </code>
</codes>
<codes class="bip:topics:1.0">
  <code code="E12">
    <editdetail attribution="Reuters BIP Coding Group" action="confirmed" date="1997-06-14"/>
  </code>
  <code code="ECAT">
    <editdetail attribution="Reuters BIP Coding Group" action="confirmed" date="1997-06-14"/>
  </code>
  <code code="G15">
    <editdetail attribution="Reuters BIP Coding Group" action="confirmed" date="1997-06-14"/>
  </code>
  <code code="G154">
    <editdetail attribution="Reuters BIP Coding Group" action="confirmed" date="1997-06-14"/>
  </code>
  <code code="GCAT">
    <editdetail attribution="Reuters BIP Coding Group" action="confirmed" date="1997-06-14"/>
  </code>
  <code code="GPOL">
    <editdetail attribution="Reuters BIP Coding Group" action="confirmed" date="1997-06-14"/>
  </code>
</codes>
<dc element="dc.date.created" value="1997-06-14"/>
<dc element="dc.publisher" value="Reuters Holdings Plc"/>
<dc element="dc.date.published" value="1997-06-14"/>
<dc element="dc.source" value="Reuters"/>
<dc element="dc.creator.location" value="PARIS"/>
<dc element="dc.creator.location.country.name" value="FRANCE"/>
<dc element="dc.source" value="Reuters"/>
</metadata>
</newsitem>
