<?xml version="1.0" encoding="iso-8859-1" ?>
<newsitem itemid="661882" id="root" date="1997-06-14" xml:lang="en">
<title>USA: U.S. West Coast crude off amid Alaskan crude sales.</title>
<headline>U.S. West Coast crude off amid Alaskan crude sales.</headline>
<dateline>LOS ANGELES 1997-06-13</dateline>
<text>
<p>U.S. West Coast crude oil prices fell Friday after two sales of Alaska crude, the region's benchmark, sold a sharply lower discounts, traders said.</p>
<p>Two cargoes of Alaska North Slope (ANS) crude sold Thursday and Friday, at $2.10 and $2.07 a barrel under July West Texas Intermediate (WTI).</p>
<p>The previous ANS deal was done at $1.75 in late May.</p>
<p>Buyers and sellers were split on the current ANS market value, with refiners claiming $2.10 and producers $2.07.</p>
<p>The $2.10 deal was done between a Houston-based ANS producer and a U.S Northwest refiner, while the largest producer of ANS sold to a Hawaii refinery at $2.07.</p>
<p>A trader for the Hawaii refinery said the plant was forced to take the higher priced cargo because no other ANS sellers would delivery out to the Pacific Island.</p>
<p>But sellers said the refiner could have taken other Pacific crudes, such as Australian grades.</p>
<p>Outright prices for ANS were $16.80/16.93 a barrel, with discounts seen widening next week.</p>
<p>High volumes of imports, especially Ecuadorian and other South American grades, have undercut ANS prices in recent months, causing the discount to widen from 91 cents under in March to $1.75 in late May.</p>
<p>Heavier California grades remained unchanged this week.</p>
<p>-- David Brinkerhoff, Los Angeles bureau, +1 213 380 2014</p>
</text>
<copyright>(c) Reuters Limited 1997</copyright>
<metadata>
<codes class="bip:countries:1.0">
  <code code="USA">
    <editdetail attribution="Reuters BIP Coding Group" action="confirmed" date="1997-06-14"/>
  </code>
</codes>
<codes class="bip:topics:1.0">
  <code code="M14">
    <editdetail attribution="Reuters BIP Coding Group" action="confirmed" date="1997-06-14"/>
  </code>
  <code code="M143">
    <editdetail attribution="Reuters BIP Coding Group" action="confirmed" date="1997-06-14"/>
  </code>
  <code code="MCAT">
    <editdetail attribution="Reuters BIP Coding Group" action="confirmed" date="1997-06-14"/>
  </code>
</codes>
<dc element="dc.date.created" value="1997-06-13"/>
<dc element="dc.publisher" value="Reuters Holdings Plc"/>
<dc element="dc.date.published" value="1997-06-14"/>
<dc element="dc.source" value="Reuters"/>
<dc element="dc.creator.location" value="LOS ANGELES"/>
<dc element="dc.creator.location.country.name" value="USA"/>
<dc element="dc.source" value="Reuters"/>
</metadata>
</newsitem>
