<?xml version="1.0" encoding="iso-8859-1" ?>
<newsitem itemid="661890" id="root" date="1997-06-14" xml:lang="en">
<title>GERMANY: Bonn forced to abandon profit plan.</title>
<headline>Bonn forced to abandon profit plan.</headline>
<text>
<p>Bonn has been forced to back off a plan to receive a profit transfer from revaluing gold and currency reserves this year, the crucial year for selecting countries eligible for the planned 1999 euro launch.</p>
<p>The Bundesbank shot down the plan, arguing that it interfered with its independence and hurt Germany's reputation as a by-the-rules player on monetary union, but has declared itself willing to accept a modified revaluation scheme.</p>
<p>The precise terms of the new proposals under discussion are not clear, but the Bundesbank said after its council meeting on Thursday that it hoped a compromise would be reached soon.</p>
<p>Waigel stressed again that the dispute between Bonn and the fiercely independent central bank had been only over the timing of the revaluation process.</p>
<p>&quot;Any fight between politicians and the Bundesbank does us no good,&quot; Waigel said.</p>
<p>--Frankfurt Newsroom, +49 69 756525</p>
</text>
<copyright>(c) Reuters Limited 1997</copyright>
<metadata>
<codes class="bip:countries:1.0">
  <code code="GFR">
    <editdetail attribution="Reuters BIP Coding Group" action="confirmed" date="1997-06-14"/>
  </code>
</codes>
<codes class="bip:topics:1.0">
  <code code="E12">
    <editdetail attribution="Reuters BIP Coding Group" action="confirmed" date="1997-06-14"/>
  </code>
  <code code="E51">
    <editdetail attribution="Reuters BIP Coding Group" action="confirmed" date="1997-06-14"/>
  </code>
  <code code="E513">
    <editdetail attribution="Reuters BIP Coding Group" action="confirmed" date="1997-06-14"/>
  </code>
  <code code="ECAT">
    <editdetail attribution="Reuters BIP Coding Group" action="confirmed" date="1997-06-14"/>
  </code>
</codes>
<dc element="dc.publisher" value="Reuters Holdings Plc"/>
<dc element="dc.date.published" value="1997-06-14"/>
<dc element="dc.source" value="Reuters"/>
<dc element="dc.creator.location.country.name" value="GERMANY"/>
<dc element="dc.source" value="Reuters"/>
</metadata>
</newsitem>
