<?xml version="1.0" encoding="iso-8859-1" ?>
<newsitem itemid="661865" id="root" date="1997-06-14" xml:lang="en">
<title>USA: New poll shows vast racial divide in U.S.</title>
<headline>New poll shows vast racial divide in U.S.</headline>
<byline>Gene Gibbons</byline>
<dateline>SAN DIEGO 1997-06-14</dateline>
<text>
<p>A comprehensive new national poll shows that the racial divisions that President Bill Clinton hopes to bridge with his new initiative on social diversity are significant and persistent.</p>
<p>Conducted by the Gallup Organisation, the poll found that by a margin of 76 percent to 49 percent, more whites than blacks believe that blacks have equal opportunities for jobs, education and housing.</p>
<p>It also found blacks are twice as likely as whites to favour increasing affirmative action, the system of government preferences for minorities in hiring, contracts and schooling to make up for past discrimination.</p>
<p>Only in one area was there a convergence of views between the races -- 54 percent of whites and 58 percent of blacks said relations between them will always be a problem for the United States.</p>
<p>The poll was based on telephone interviews with 3,036 adults randomly selected from households throughout the country.</p>
<p>Clinton's new initiative, unveiled in a commencement speech at the University of California at San Diego, one of the country's most racially diverse campuses, is designed to be a hallmark of his presidency.</p>
<p>It also followed other empirical evidence of the U.S. racial divide, like the split between blacks and whites on the O.J. Simpson verdict. Most whites thought the former star athlete got away with murder when he was found innocent of killing former wife Nicole and her friend Ron Goldman; many blacks believed Simpson was framed by a biased justice system.</p>
<p>Clinton, who grew up in Arkansas at a time when racial segregation was practiced in the south, said on Friday that while conditions were &quot;much better than they used to be,&quot; discrimination was still a problem.</p>
<p>&quot;I think there is a real disparity in real opportunity, particularly for racial minorities who are physically isolated from the rest of us in low-income areas with high crime rates and low rates of economic and educational opportunity,&quot; he said.</p>
<p>In his second inaugural address, Clinton called on Americans to live up to the biblical injunction to be &quot;healers of the breach,&quot; and White House aides described his race relations initiative as a follow-up.</p>
<p>But the initiative is broader than improving relations between blacks and whites. The U.S. population also includes increasing proportions of hispanics and Asian Americans.</p>
<p>&quot;The greatest challenge we face is also our greatest opportunity. Can we become the world's first truly multi- racial, multi-ethnic democracy. Will we be one America in the 21st Century,&quot; Clinton asked in his speech.</p>
</text>
<copyright>(c) Reuters Limited 1997</copyright>
<metadata>
<codes class="bip:countries:1.0">
  <code code="USA">
    <editdetail attribution="Reuters BIP Coding Group" action="confirmed" date="1997-06-14"/>
  </code>
</codes>
<codes class="bip:topics:1.0">
  <code code="GCAT">
    <editdetail attribution="Reuters BIP Coding Group" action="confirmed" date="1997-06-14"/>
  </code>
  <code code="GPOL">
    <editdetail attribution="Reuters BIP Coding Group" action="confirmed" date="1997-06-14"/>
  </code>
</codes>
<dc element="dc.date.created" value="1997-06-14"/>
<dc element="dc.publisher" value="Reuters Holdings Plc"/>
<dc element="dc.date.published" value="1997-06-14"/>
<dc element="dc.source" value="Reuters"/>
<dc element="dc.creator.location" value="SAN DIEGO"/>
<dc element="dc.creator.location.country.name" value="USA"/>
<dc element="dc.source" value="Reuters"/>
</metadata>
</newsitem>
