<?xml version="1.0" encoding="iso-8859-1" ?>
<newsitem itemid="661842" id="root" date="1997-06-14" xml:lang="en">
<title>IRAQ: PRESS DIGEST - Iraq - June 14.</title>
<headline>PRESS DIGEST - Iraq - June 14.</headline>
<dateline>BAGHDAD 1997-06-14</dateline>
<text>
<p>These are some of the leading stories in the official Iraqi press on Saturday. Reuters has not verified these stories and does not vouch for their accuracy.</p>
<p>QADISSIYA</p>
<p>- Sudanese president's envoy to President Saddam Hussein arrives in Baghdad.</p>
<p>- Iraqi trade delegation arrives in Damascus.</p>
<p>- A delegation from Iraqi journalists union leaves for Damascus.</p>
<p>- Egypt's President Hosni Mubarak will not take part in an Islamic conference in Turkey in protest against Ankara's invasion of northern Iraq.</p>
<p>- Turkish army turns into a political party in Turkey.</p>
<p>(The above were also carried by JUMHOURIYA and AL-IRAQ)</p>
<p>JUMHOURIYA</p>
<p>- Editorial says U.S. cannot stop the growing pressure from world countries to have sanctions on Iraq lifted.</p>
</text>
<copyright>(c) Reuters Limited 1997</copyright>
<metadata>
<codes class="bip:countries:1.0">
  <code code="IRAQ">
    <editdetail attribution="Reuters BIP Coding Group" action="confirmed" date="1997-06-14"/>
  </code>
</codes>
<codes class="bip:topics:1.0">
  <code code="GCAT">
    <editdetail attribution="Reuters BIP Coding Group" action="confirmed" date="1997-06-14"/>
  </code>
</codes>
<dc element="dc.date.created" value="1997-06-14"/>
<dc element="dc.publisher" value="Reuters Holdings Plc"/>
<dc element="dc.date.published" value="1997-06-14"/>
<dc element="dc.source" value="Reuters"/>
<dc element="dc.creator.location" value="BAGHDAD"/>
<dc element="dc.creator.location.country.name" value="IRAQ"/>
<dc element="dc.source" value="Reuters"/>
</metadata>
</newsitem>
