<?xml version="1.0" encoding="iso-8859-1" ?>
<newsitem itemid="661872" id="root" date="1997-06-14" xml:lang="en">
<title>USA: World Trade Center blast film to carry disclaimer.</title>
<headline>World Trade Center blast film to carry disclaimer.</headline>
<byline>Hagar Scher</byline>
<dateline>NEW YORK 1997-06-13</dateline>
<text>
<p>Makers of a television film about the World Trade Centre bombing said on Friday protests had led them to add a disclaimer that the bombing &quot;does not reflect the beliefs of the majority of Moslems and Arabs.&quot;</p>
<p>A spokesman for Home Box Office said it was trying to be sensitive to the concerns of Arab-Americans. But an Arab-American group that monitors discrimination rejected the disclaimer, charging that the film was full of stereotypes.</p>
<p>&quot;Path to Paradise: The Untold Story of the World Trade Centre Bombing,&quot; recounts the FBI investigation into the February 26, 1993 bombing that killed six people and injured over 1,000. It premieres on the HBO cable network on Saturday night.</p>
<p>The film shows how a small group of Moslem extremists plotted to blow up the World Trade Centre and charges that U.S. government agencies declined to pay an informant who might have tipped them off to the disaster. It also shows how two extremists were allowed into the country by lax immigration officials.</p>
<p>The producers, who consulted with representatives of the Arab-American community during filming, will roll a message at the end of the movie saying: &quot;While based upon actual events, this film portrays the actions of a small group of individuals. It does not reflect the beliefs of the majority of Moslems and Arabs.&quot;</p>
<p>Sam Husseini, a spokesman for the 20,000-member American-Arab Anti-Discrimination Committee, said that during consultations the group gave the filmmakers many suggestions for improving on the script's &quot;unending parade of negative Arab and Moslem stereotypes.&quot;</p>
<p>He described HBO's disclaimer as unacceptable. &quot;It's proposterous. If they didn't want to engage in stereotypes, they should have come out with a different film.&quot;</p>
<p>&quot;This movie will have real-life consequences. It will increase hate crimes, harassment of children and job discrimination,&quot; he said.</p>
<p>The committee is creating an Intolerance Award, of which HBO will be the first recipient.</p>
<p>An HBO spokesman said the movie's producers had gone out of their way to solicit and listen to comments from the Arab-American community. For example, he said, several characters were made to say that the bombing was the work of &quot;extremists.&quot;</p>
<p>&quot;There are no inaccuracies, no disrespect. If this film were fiction, people could say, 'Why did you have Arabs as villains?' and that would be a legitimate concern. But when you're dealing with facts, it's a different story. This is a film about the World Trade bombing, not about Arabs and Moslems,&quot; the spokesman said.</p>
<p>Four Moslem militants were sentenced to 235 years in prison for the World Trade Centre bombing, and 13 others were convicted at a second trial on charges of plotting to blow up New York City landmarks and assassinate Egyptian President Hosni Mubarak.</p>
</text>
<copyright>(c) Reuters Limited 1997</copyright>
<metadata>
<codes class="bip:countries:1.0">
  <code code="USA">
    <editdetail attribution="Reuters BIP Coding Group" action="confirmed" date="1997-06-14"/>
  </code>
</codes>
<codes class="bip:topics:1.0">
  <code code="GCAT">
    <editdetail attribution="Reuters BIP Coding Group" action="confirmed" date="1997-06-14"/>
  </code>
  <code code="GENT">
    <editdetail attribution="Reuters BIP Coding Group" action="confirmed" date="1997-06-14"/>
  </code>
  <code code="GVIO">
    <editdetail attribution="Reuters BIP Coding Group" action="confirmed" date="1997-06-14"/>
  </code>
</codes>
<dc element="dc.date.created" value="1997-06-13"/>
<dc element="dc.publisher" value="Reuters Holdings Plc"/>
<dc element="dc.date.published" value="1997-06-14"/>
<dc element="dc.source" value="Reuters"/>
<dc element="dc.creator.location" value="NEW YORK"/>
<dc element="dc.creator.location.country.name" value="USA"/>
<dc element="dc.source" value="Reuters"/>
</metadata>
</newsitem>
