<?xml version="1.0" encoding="iso-8859-1" ?>
<newsitem itemid="661873" id="root" date="1997-06-14" xml:lang="en">
<title>USA: Turner challenges Murdoch to boxing match.</title>
<headline>Turner challenges Murdoch to boxing match.</headline>
<dateline>LOS ANGELES 1997-06-13</dateline>
<text>
<p>Media mogul Ted Turner challenged on Friday his long-time rival Rupert Murdoch to a boxing match in order to settle their differences once and for all.</p>
<p>In light-hearted remarks to a group of Hollywood entertainment leaders, Turner volunteered to donate the proceeds to charity.</p>
<p>&quot;What do you think about Rupert Murdoch and Ted Turner putting on gloves and getting into the ring,&quot; the Time Warner Inc vice chairman, who also owns the Atlanta Braves National League baseball league franchise, asked the crowd.</p>
<p>&quot;Nobody's seen two 60-year olds fight in a long time,&quot; Turner said. &quot;It would be good entertainment and we could give all the money to charity. To the indigenous actors' home.&quot;</p>
<p>Turner began his remarks by promising not to say anything about Murdoch, a habit that has repeatedly got him into trouble in the past.</p>
<p>But then he went right on to ask if anyone in the audience would like to see Murdoch own the Dodgers.</p>
<p>Nobody raised a hand.</p>
<p>Turner has often brought the bitter professional rivalry with Murdoch down to a personal level, and last year caused an outrage by likening him to Adolf Hitler.</p>
<p>He later apologized for the remarks -- not to Murdoch but to Jewish groups.</p>
<p>Murdoch, the News Corp. chairman known for his tabloid newspapers and racy television programming, is negotiating with Peter O'Malley to buy the the Los Angeles Dodgers for $350 million.</p>
<p>If he succeeds, it would bring his rivalry with Turner to a new level, making them direct competitors in the National Baseball League, and complicating their longstanding fight over television viewers.</p>
<p>When Turner began airing Braves games on nationwide cable television, he won increased exposure to the Turner Broadcasting System and made them what he calls &quot;America's Team.&quot;</p>
<p>During a court battle last year over cable rights in New York, Turner referred to Murdoch in depositions as a &quot;slimy character&quot; and &quot;very dangerous person&quot; who &quot;shamelessly&quot; used the power of the media to advance his wealth and influence.</p>
</text>
<copyright>(c) Reuters Limited 1997</copyright>
<metadata>
<codes class="bip:countries:1.0">
  <code code="USA">
    <editdetail attribution="Reuters BIP Coding Group" action="confirmed" date="1997-06-14"/>
  </code>
</codes>
<codes class="bip:industries:1.0">
  <code code="I47500">
    <editdetail attribution="Reuters BIP Coding Group" action="confirmed" date="1997-06-14"/>
  </code>
  <code code="I83960">
    <editdetail attribution="Reuters BIP Coding Group" action="confirmed" date="1997-06-14"/>
  </code>
</codes>
<codes class="bip:topics:1.0">
  <code code="C41">
    <editdetail attribution="Reuters BIP Coding Group" action="confirmed" date="1997-06-14"/>
  </code>
  <code code="CCAT">
    <editdetail attribution="Reuters BIP Coding Group" action="confirmed" date="1997-06-14"/>
  </code>
  <code code="GCAT">
    <editdetail attribution="Reuters BIP Coding Group" action="confirmed" date="1997-06-14"/>
  </code>
  <code code="GPRO">
    <editdetail attribution="Reuters BIP Coding Group" action="confirmed" date="1997-06-14"/>
  </code>
</codes>
<dc element="dc.date.created" value="1997-06-13"/>
<dc element="dc.publisher" value="Reuters Holdings Plc"/>
<dc element="dc.date.published" value="1997-06-14"/>
<dc element="dc.source" value="Reuters"/>
<dc element="dc.creator.location" value="LOS ANGELES"/>
<dc element="dc.creator.location.country.name" value="USA"/>
<dc element="dc.source" value="Reuters"/>
</metadata>
</newsitem>
