<?xml version="1.0" encoding="iso-8859-1" ?>
<newsitem itemid="661853" id="root" date="1997-06-14" xml:lang="en">
<title>USA: Victims' families hope McVeigh's ideas die with him.</title>
<headline>Victims' families hope McVeigh's ideas die with him.</headline>
<byline>Kieran Murray</byline>
<dateline>OKLAHOMA CITY 1997-06-13</dateline>
<text>
<p>The families of Timothy McVeigh's bomb victims applauded the death sentence handed down against him on Friday and said they hoped the anti-government paranoia that inspired the attack would die with him.</p>
<p>Dozens of people gathered at the downtown Oklahoma City site where the blast on April 19, 1995, killed 168 people, and many applauded briefly as news came through that McVeigh had been sentenced to death inside a courtroom 600 miles (1,000 km) away in Denver.</p>
<p>There was, however, little of the joy seen here last week when the Denver jury first found McVeigh guilty of the worst terrorist attack ever on U.S. soil.</p>
<p>Instead of cheers and hugs, small groups of people simply held each other's hands and wiped away a few tears.</p>
<p>&quot;You don't want to celebrate somebody else's death,&quot; said Catherine Alaniz, whose father Claude Medearis was killed in the blast. &quot;But my dad didn't have a choice to live or die and I dont think McVeigh should either. We got the verdict that we deserved.&quot;</p>
<p>While some survivors and family members wanted McVeigh sentenced to life in prison without parole, the vast majority had called for the death penalty and hope the appeals process does not postpone McVeigh's execution beyond a few years.</p>
<p>&quot;The punishment fits the crime. I mean, he killed 168 people. What other sentence could there be?&quot; said Jim Denny, whose young son suffered brain damage in the bombing and whose daughter was also injured.</p>
<p>Behind him, a small group of victims sang &quot;God Bless America&quot; as they unfurled an American flag and draped it over the chain-link fence that surrounds the grassy field where the Alfred P. Murrah federal building stood before it was torn apart by McVeigh's truck bomb.</p>
<p>McVeigh was a decorated Gulf War veteran whose anti-government ideas turned to violence after 82 Branch Davidian cult members were killed in a siege by federal agents at Waco, Texas, in 1993.</p>
<p>He bombed the Murrah building on the second anniversary of the fiery end to the Waco siege, allegedly hoping the terrorist attack would spark an uprising against the federal government.</p>
<p>In asking for the death sentence, prosecutors attacked the so-called Patriot Movement that McVeigh has been linked to and instead labeled him a traitor.</p>
<p>The families of those killed said they hoped the death sentence would send a message to right-wing extremists like McVeigh that Americans would not tolerate their message of hate.</p>
<p>&quot;If we were to let him off with a light sentence, who knows how many other people would want to step up to the plate and do the same thing?&quot; said Kathleen Treanor, whose four-year-old daughter Ashley Eckles was killed. &quot;We have to make sure this doesn't happen again and if we had backed away from the death penalty issue, it would encourage other radicals out there.&quot;</p>
<p>But there were some voices of dissent.</p>
<p>Bud Welch, whose daughter Julie died in the bombing, has been a staunch critic of the death penalty and predicted on Friday that many people's desire for revenge might backfire when McVeigh is actually put to death.</p>
<p>&quot;How can you receive peace from yet another death? I think people will have even more trouble dealing with it all after he is killed,&quot; Welch said.</p>
<p>Others said they felt no joy at the sentence but insisted there was no other option.</p>
<p>&quot;This by no means brings my husband back. It by no means heals my heart but it does mean he can't do it to anybody else,&quot; said Janet Walker, one of about 100 people who saw the sentence verdict on a special telecast of the Denver court's proceedings in an auditorium on the outskirts of Oklahoma City.</p>
<p>Calvin Mosier, who was injured in the bombing and lost a close friend, said any other sentence would have allowed McVeigh to promote his cause from inside prison.</p>
<p>&quot;He'll not be able to espouse his theories and ideas on a network or computer. His story is ended,&quot; Mosier said.</p>
</text>
<copyright>(c) Reuters Limited 1997</copyright>
<metadata>
<codes class="bip:countries:1.0">
  <code code="USA">
    <editdetail attribution="Reuters BIP Coding Group" action="confirmed" date="1997-06-14"/>
  </code>
</codes>
<codes class="bip:topics:1.0">
  <code code="GCAT">
    <editdetail attribution="Reuters BIP Coding Group" action="confirmed" date="1997-06-14"/>
  </code>
  <code code="GCRIM">
    <editdetail attribution="Reuters BIP Coding Group" action="confirmed" date="1997-06-14"/>
  </code>
</codes>
<dc element="dc.date.created" value="1997-06-13"/>
<dc element="dc.publisher" value="Reuters Holdings Plc"/>
<dc element="dc.date.published" value="1997-06-14"/>
<dc element="dc.source" value="Reuters"/>
<dc element="dc.creator.location" value="OKLAHOMA CITY"/>
<dc element="dc.creator.location.country.name" value="USA"/>
<dc element="dc.source" value="Reuters"/>
</metadata>
</newsitem>
