<?xml version="1.0" encoding="iso-8859-1" ?>
<newsitem itemid="661852" id="root" date="1997-06-14" xml:lang="en">
<title>USA: McVeigh death sentence draws muted relief.</title>
<headline>McVeigh death sentence draws muted relief.</headline>
<byline>Michael Conlon</byline>
<dateline>CHICAGO 1997-06-13</dateline>
<text>
<p>Timothy McVeigh's death sentence drew a relieved, but muted reaction across the United States on Friday, perhaps reflecting polls showing many Americans had long ago condemned him in their own minds.</p>
<p>&quot;The punishment fits the crime,&quot; said a grim James Denny, whose children were severely injured in the blast. He was among a subdued crowd who awaited the decision outside the site of the federal building in Okalahoma City where 168 died in the blast McVeigh was convicted of setting off.</p>
<p>&quot;The sense of relief for me personally came after the guilty verdict,&quot; he told CNN. &quot;We knew then we had one more terrorist off the street. There will never be closure. There will always be a deep, deep hurt.&quot;</p>
<p>President Bill Clinton declined to comment on the jury's decision, but thanked it for its efforts.</p>
<p>&quot;This investigation and trial have confirmed our country's faith in its justice system,&quot; Clinton said.</p>
<p>Jury members sought out by reporters after the sentence were reluctant to discuss their decision or the deliberations that led to it.</p>
<p>&quot;I'm glad its complete. I think there's a sense of closure for everyone,&quot; another juror, David Gilger told CNN.</p>
<p>For many, the death verdict was expected.</p>
<p>&quot;I'm not shocked,&quot; said Anne Miller, 37, who was pushing her infant son Vincent in a stroller down a Kansas City, Missouri, sidewalk when the verdict was announced.</p>
<p>&quot;With such a heinous crime, if you wouldn't give the death penalty then when would you?&quot; she said. &quot;If there was ever an exception, this is a time an exception should be made for those who don't believe in the death penalty,&quot; she added.</p>
<p>Diane Clements, president of a victims' rights group, Justice for All, said in Houston: &quot;He is the worst human rights violators that this country has ever seen. He brought terrorism to our soil as a native son...He deserves to die. It's an American tragedy all the way around.&quot;</p>
<p>Brian Coyne, a 23-year-old messenger from Norwood, Massachusetts, said: &quot;I think death would be the best thing because if you don't give it to him, how could you possibly execute anyone else?&quot;</p>
<p>&quot;On the other hand, I'd rather see him suffer in prison,&quot; he added.</p>
<p>Dave Bishop, 35, an engineer in Boston, said: &quot;McVeigh believes he is, and he wants to be, a martyr. And they're giving him what he wants...He wants to be a symbol for the cause. He fought against the government and they crushed him.&quot;</p>
<p>There was little of the applause, shouting or cheering that greeted McVeigh's earlier conviction.</p>
<p>Paul Heath, speaking for the Oklahoma City Survivors Association, said before the verdict that polls indicated the U.S. populace backed execution for McVeigh by a 70-30 margin.</p>
<p>Among those who opposed it, and capital punishment in general, were the U.S. Roman Catholic bishops. Some newspapers had called for death in advance, but others, like the Madison, Wisconsin, Capital Times, wanted McVeigh spared, saying in a recent editorial: &quot;We do not need another death.&quot;</p>
<p>Raja Arabolu, 40, an insurance salesman in West Hartford, Connecticut, said: &quot;I don't believe in the death penalty, but I'm torn in this one, because he caused a tremendous amount of harm.&quot;</p>
<p>&quot;Emotionally, yes, I believe he should pay for the crime. But the bottom line is that I believe that we, as the human race, do not have the right to take somebody else's life,&quot; he said.</p>
<p>McVeigh, whose only reaction to the death sentence was to mouth &quot;its alright&quot; to his family as he left the courtroom, had a few supporters.</p>
<p>Sandra Crosnoe of Dallas, a former Texas militia member, said the verdict was expected. &quot;We knew exactly that this would happen. There would be a rush to judgment,&quot; Crosnoe said, although she added that she felt few in the militia movement would jump to McVeigh's defence.</p>
<p>&quot;I don't think there will be a tremendous outcry to save him because lots of innocent people died.&quot;</p>
<p>Acclaimed defence attorney Alan Dershowitz said McVeigh's lawyers had presented &quot;an awful, awful defence&quot; that &quot;gave the jury very little to work with.&quot;</p>
<p>The Harvard law professor, interviewed by telephone on CNN, said he expected the leading defence lawyer Stephen Jones to be fired, even before an appeal that Jones has said he would file on McVeigh's behalf.</p>
<p>Calvin Mosier, who was injured in the bombing and lost a close friend, said any other sentence would have allowed McVeigh to promote his cause from inside prison.</p>
<p>&quot;He'll not be able to espouse his theories and ideas on a network or computer. His story is ended,&quot; Mosier said.</p>
</text>
<copyright>(c) Reuters Limited 1997</copyright>
<metadata>
<codes class="bip:countries:1.0">
  <code code="USA">
    <editdetail attribution="Reuters BIP Coding Group" action="confirmed" date="1997-06-14"/>
  </code>
</codes>
<codes class="bip:topics:1.0">
  <code code="GCAT">
    <editdetail attribution="Reuters BIP Coding Group" action="confirmed" date="1997-06-14"/>
  </code>
  <code code="GCRIM">
    <editdetail attribution="Reuters BIP Coding Group" action="confirmed" date="1997-06-14"/>
  </code>
</codes>
<dc element="dc.date.created" value="1997-06-13"/>
<dc element="dc.publisher" value="Reuters Holdings Plc"/>
<dc element="dc.date.published" value="1997-06-14"/>
<dc element="dc.source" value="Reuters"/>
<dc element="dc.creator.location" value="CHICAGO"/>
<dc element="dc.creator.location.country.name" value="USA"/>
<dc element="dc.source" value="Reuters"/>
</metadata>
</newsitem>
