<?xml version="1.0" encoding="iso-8859-1" ?>
<newsitem itemid="661870" id="root" date="1997-06-14" xml:lang="en">
<title>USA: U.S. bomb defense kept shifting position in case.</title>
<headline>U.S. bomb defense kept shifting position in case.</headline>
<byline>Adrian Croft</byline>
<dateline>DENVER 1997-06-13</dateline>
<text>
<p>The prosecution had most of the cards and played them masterfully in the Oklahoma City bombing trial, but the defence was let down by a constantly shifting strategy, some legal analysts said on Friday.</p>
<p>A federal jury in Denver handed the prosecution a victory Friday by sentencing Timothy McVeigh to death for blowing up the Oklahoma City federal building, killing 168 people in the worst mass murder in U.S. history.</p>
<p>The same jury found the 29-year-old ex-soldier guilty 11 days ago of the April 19, 1995 bombing, ignoring the defence's insistence that he was innocent.</p>
<p>&quot;From the opening statement on, the prosecution had it all over the defence in terms of advocacy,&quot; Denver defence attorney David Japha, who closely followed the trial, said.</p>
<p>&quot;What the prosecution did that was so effective was that they took a lot of information, boiled it down concisely, gave an opening (statement) that was dynamite and stuck to it,&quot; he said.</p>
<p>&quot;The defence did not have a coherent theory of the case,&quot; Japha said, adding that the defence changed its arguments during the trial.</p>
<p>At first, the defence suggested the real bomber may have died in the blast. During the penalty phase, the defence devoted much of its case to McVeigh's views about the Waco standoff without making clear their significance.</p>
<p>In closing arguments, the defence again shifted ground, seeming to concede McVeigh carried out the bombing. Chief defence attorney Stephen Jones said the jury should spare McVeigh's life because otherwise he would take his secrets about the bombing to the grave.</p>
<p>Acclaimed defence attorney Alan Dershowitz was more outspoken in his criticism of McVeigh's lawyers, saying they presented &quot;an awful, awful defence.&quot;</p>
<p>&quot;They gave the jury very little to work with,&quot; the Harvard law professor said in a telephone interview with CNN.</p>
<p>Dershowitz said he expected Jones to be fired, perhaps even before an appeal that Jones has said he would file on McVeigh's behalf. He suggested that McVeigh could claim an &quot;ineffective defence of counsel.&quot;</p>
<p>Other lawyers rushed to the defence of Jones and his team, saying they did the best they could with the poor hand they were dealt.</p>
<p>Denver trial attorney Scott Robinson said the defence did a very good job. &quot;Jones and his crew should be commended for the courageous job they did in representing one of the most detested defendants in history,&quot; he said.</p>
<p>&quot;The prosecution did a superb job, but sometimes it's easy to do a superb job when you have all of the strong evidence, all of the emotion and the resources of the U.S. government to help you,&quot; he said.</p>
<p>Robinson said the die was cast for conviction when investigators found a truck axle near the bomb scene that carried the vehicle identification number of the truck rented by McVeigh. &quot;It was a flood of evidence, a flood of emotion...,&quot; he said.</p>
<p>Right from the start, the defence was widely seen as having an uphill battle against an overwhelming, although largely circumstantial, government case.</p>
<p>McVeigh was arrested 75 minutes after the bombing with explosives residues on his clothes. An eyewitness identified him as the person who rented the Ryder truck used in the bombing. And, prosecutors said, McVeigh had a motive -- hatred for the U.S. government because of his anger at the 1993 federal siege of the Branch Davidian cult compound at Waco, Texas in which about 80 cult members died.</p>
<p>In the sentencing phase of the trial, the heart-wrenching testimony of dozens of survivors, rescue workers and relatives of bomb victims reduced some of the jurors to tears.</p>
<p>The mitigating circumstances offered by the defence in hopes of saving McVeigh's life paled by comparison. Defence witnesses testified about McVeigh's previous good character and lack of a criminal record.</p>
<p>Even McVeigh defence attorney Rob Nigh said after the trial that the victim impact testimony &quot;was the most painful and emotional thing that I have ever seen.&quot;</p>
<p>Nigh said he had no regrets about how McVeigh's defence was handled. &quot;Certainly you think that perhaps strategically you might have done something slightly differently, but I can say without reservation that all of the members of Mr. McVeigh's defence team gave absolutely all they had to...the representation of Mr. McVeigh,&quot; he said.</p>
</text>
<copyright>(c) Reuters Limited 1997</copyright>
<metadata>
<codes class="bip:countries:1.0">
  <code code="USA">
    <editdetail attribution="Reuters BIP Coding Group" action="confirmed" date="1997-06-14"/>
  </code>
</codes>
<codes class="bip:topics:1.0">
  <code code="GCAT">
    <editdetail attribution="Reuters BIP Coding Group" action="confirmed" date="1997-06-14"/>
  </code>
  <code code="GCRIM">
    <editdetail attribution="Reuters BIP Coding Group" action="confirmed" date="1997-06-14"/>
  </code>
</codes>
<dc element="dc.date.created" value="1997-06-13"/>
<dc element="dc.publisher" value="Reuters Holdings Plc"/>
<dc element="dc.date.published" value="1997-06-14"/>
<dc element="dc.source" value="Reuters"/>
<dc element="dc.creator.location" value="DENVER"/>
<dc element="dc.creator.location.country.name" value="USA"/>
<dc element="dc.source" value="Reuters"/>
</metadata>
</newsitem>
