<?xml version="1.0" encoding="iso-8859-1" ?>
<newsitem itemid="661947" id="root" date="1997-06-14" xml:lang="en">
<title>INDIA: INDIA GOVERNMENT SECURITIES - June 13.</title>
<headline>INDIA GOVERNMENT SECURITIES - June 13.</headline>
<text>
<p>Government	Indicative    Coupon	  Yield to     Year</p>
<p> Securities	Market Price  Dates	   Mat Apprx    to</p>
<p>			(Range)			  pct(Range)   Mat.</p>
<p>  13.50% 1997     101.10/20  Mar   1/Sep  1   ----/----   0.23</p>
<p>  13.50% 1998     103.15/20  Apr  18/Oct 18   ----/----   0.86</p>
<p>  13.62% 1998     104.10/20  Jan  31/Jul 31   ----/----   1.14</p>
<p>  00.00% 1999	84.60/80  --------------  -----/-----  1.60</p>
<p>  12.00% 1999     101.80/85  Oct  7/Apr   7  -----/-----  1.82</p>
<p>  13.70% 1999     104.60/70  Dec   6/Jun  6  -----/-----  1.98</p>
<p>  13.40% 1999     104.35/45  Jun  24/Dec 24  -----/-----  2.53</p>
<p>  11.64% 2000	99.60/70  Jan  16/Jul 26  -----/-----  3.12</p>
<p>  12.14% 2000     100.65/68  Nov  29/May 29  -----/-----  2.96</p>
<p>  13.85% 2000     105.30/35  Jun  27/Dec 27  -----/-----  3.54</p>
<p>  00.00% 2000	70.30/50  --------------  -----/-----  3.08</p>
<p>  11.75% 2001	98.70/80  Feb  25/Aug 25  -----/-----  4.20</p>
<p>  13.85% 2001     105.15/30  Sep  25/Mar 25  -----/-----  3.78</p>
<p>  12.69% 2002     101.35/40  Nov  10/May 10  -----/-----  4.91</p>
<p>  13.82% 2002     105.30/35  Mar  18/Sep 18  -----/-----  5.27</p>
<p>  13.80% 2002     105.35/45  Nov  30/May 30  -----/-----  4.97</p>
<p>  12.50% 2004	99.65/75  Sep  23/Mar 23  -----/-----  6.78</p>
<p>  13.05% 2007     101.45/55  Oct  22/Apr 22  -----/-----  9.86</p>
<p>* Note: These rates are based on a consensus of rates being</p>
<p>offered by leading banks, corporates. # To contribute to the  daily composite rate, please telephone</p>
<p>Money Desk on (022) 265-9000.</p>
<p>Mat - Maturity</p>
</text>
<copyright>(c) Reuters Limited 1997</copyright>
<metadata>
<codes class="bip:countries:1.0">
  <code code="INDIA">
    <editdetail attribution="Reuters BIP Coding Group" action="confirmed" date="1997-06-14"/>
  </code>
</codes>
<codes class="bip:topics:1.0">
  <code code="M12">
    <editdetail attribution="Reuters BIP Coding Group" action="confirmed" date="1997-06-14"/>
  </code>
  <code code="MCAT">
    <editdetail attribution="Reuters BIP Coding Group" action="confirmed" date="1997-06-14"/>
  </code>
</codes>
<dc element="dc.publisher" value="Reuters Holdings Plc"/>
<dc element="dc.date.published" value="1997-06-14"/>
<dc element="dc.source" value="Reuters"/>
<dc element="dc.creator.location.country.name" value="INDIA"/>
<dc element="dc.source" value="Reuters"/>
</metadata>
</newsitem>
