<?xml version="1.0" encoding="iso-8859-1" ?>
<newsitem itemid="661953" id="root" date="1997-06-14" xml:lang="en">
<title>PAKISTAN: Pakistan's Bhutto protests at kidnap of politician.</title>
<headline>Pakistan's Bhutto protests at kidnap of politician.</headline>
<dateline>KARACHI, Pakistan 1997-06-14</dateline>
<text>
<p>Pakistani opposition leader Benazir Bhutto on Saturday denounced the kidnapping of a politician in her Pakistan People's Party (PPP).</p>
<p>The PPP's deputy leader in the Sindh provincial assembly, Pir Mazharul Haq, was reported kidnapped on Thursday while he was driving towards the city of Hyderabad north of Karachi.</p>
<p>&quot;It's a political kidnapping ... political terrorism,&quot; Bhutto told reporters in Karachi, the capital of Sindh province.</p>
<p>&quot;We suspect Chief Minister Sindh, Liaquat Jatoi, (was) responsible for the incident,&quot; Bhutto said.</p>
<p>The Sindh provincial government has denied the charge, saying police are investigating the disappearance.</p>
<p>Bhutto said Jatoi came from the same district as Mazhar and had an old political enmity with him.</p>
<p>&quot;It is not just Mazhar, who is like a brother to me, but all the leaders from the chief minister's district who are being victimised and put in jail,&quot; she said.</p>
<p>Bhutto, dismissed as prime minister by President Farooq Leghari in November on disputed charges of corruption and misrule, vowed to protest about the kidnapping to human rights groups and at international forums.</p>
</text>
<copyright>(c) Reuters Limited 1997</copyright>
<metadata>
<codes class="bip:countries:1.0">
  <code code="PAKIS">
    <editdetail attribution="Reuters BIP Coding Group" action="confirmed" date="1997-06-14"/>
  </code>
</codes>
<codes class="bip:topics:1.0">
  <code code="GCAT">
    <editdetail attribution="Reuters BIP Coding Group" action="confirmed" date="1997-06-14"/>
  </code>
  <code code="GCRIM">
    <editdetail attribution="Reuters BIP Coding Group" action="confirmed" date="1997-06-14"/>
  </code>
  <code code="GPOL">
    <editdetail attribution="Reuters BIP Coding Group" action="confirmed" date="1997-06-14"/>
  </code>
  <code code="GVIO">
    <editdetail attribution="Reuters BIP Coding Group" action="confirmed" date="1997-06-14"/>
  </code>
</codes>
<dc element="dc.date.created" value="1997-06-14"/>
<dc element="dc.publisher" value="Reuters Holdings Plc"/>
<dc element="dc.date.published" value="1997-06-14"/>
<dc element="dc.source" value="Reuters"/>
<dc element="dc.creator.location" value="KARACHI, Pakistan"/>
<dc element="dc.creator.location.country.name" value="PAKISTAN"/>
<dc element="dc.source" value="Reuters"/>
</metadata>
</newsitem>
