<?xml version="1.0" encoding="iso-8859-1" ?>
<newsitem itemid="661936" id="root" date="1997-06-14" xml:lang="en">
<title>GERMANY: Buba's Gaddum opposes amending EMU pact-magazine.</title>
<headline>Buba's Gaddum opposes amending EMU pact-magazine.</headline>
<dateline>FRANKFURT 1997-06-14</dateline>
<text>
<p>Bundesbank vice president Johann Wilhelm Gaddum opposes amending the stability pact designed to ensure fiscal discipline in the euro zone, the German magazine Focus reported on Saturday.</p>
<p>In an advance release of an interview, Focus reported Gaddum as saying he did not see any great leeway to alter to the pact, as has been requested by the new Socialist French government.</p>
<p>Gaddum said the room for compromise had been exhausted on this issue.</p>
<p>European Union countries hope to ratify the stability pact at an EU summit in Amsterdam on Monday and Tuesday.</p>
<p>The Bundesbank vice-president said last week he expected the pact to be ratified in its present form.</p>
<p>The German-inspired pact, which would impose tough sanctions on countries that stray from budgetary discipline once the single currency is launched in 1999, was agreed in Dublin last December.</p>
<p>Abiding by an election pledge to reorient the drive to European monetary union, French Prime Minister Lionel Jospin is demanding that Europe's single currency plans take Europe's 18 million jobless into account.</p>
<p>--Frankfurt Newsroom, +49 69 756525</p>
</text>
<copyright>(c) Reuters Limited 1997</copyright>
<metadata>
<codes class="bip:countries:1.0">
  <code code="EEC">
    <editdetail attribution="Reuters BIP Coding Group" action="confirmed" date="1997-06-14"/>
  </code>
  <code code="FRA">
    <editdetail attribution="Reuters BIP Coding Group" action="confirmed" date="1997-06-14"/>
  </code>
  <code code="GFR">
    <editdetail attribution="Reuters BIP Coding Group" action="confirmed" date="1997-06-14"/>
  </code>
</codes>
<codes class="bip:topics:1.0">
  <code code="G15">
    <editdetail attribution="Reuters BIP Coding Group" action="confirmed" date="1997-06-14"/>
  </code>
  <code code="G151">
    <editdetail attribution="Reuters BIP Coding Group" action="confirmed" date="1997-06-14"/>
  </code>
  <code code="G154">
    <editdetail attribution="Reuters BIP Coding Group" action="confirmed" date="1997-06-14"/>
  </code>
  <code code="GCAT">
    <editdetail attribution="Reuters BIP Coding Group" action="confirmed" date="1997-06-14"/>
  </code>
</codes>
<dc element="dc.date.created" value="1997-06-14"/>
<dc element="dc.publisher" value="Reuters Holdings Plc"/>
<dc element="dc.date.published" value="1997-06-14"/>
<dc element="dc.source" value="Reuters"/>
<dc element="dc.creator.location" value="FRANKFURT"/>
<dc element="dc.creator.location.country.name" value="GERMANY"/>
<dc element="dc.source" value="Reuters"/>
</metadata>
</newsitem>
