<?xml version="1.0" encoding="iso-8859-1" ?>
<newsitem itemid="661921" id="root" date="1997-06-14" xml:lang="en">
<title>BELGIUM: Belgium to back French jobs drive at Amsterdam talk.</title>
<headline>Belgium to back French jobs drive at Amsterdam talk.</headline>
<dateline>BRUSSELS 1997-06-14</dateline>
<text>
<p>At the EU summit in Amsterdam early next week Belgium will back France in its drive to focus the single currency project more on jobs, Belgian Finance Minister Philippe Maystadt said on Saturday.</p>
<p>&quot;During the Maastricht Treaty negotiations there was agreement to develop not only the monetary aspect but also to coordinate other aspects of economic policy,&quot; Mastadt said in an interview with financial daily L'Echo.</p>
<p>&quot;The French government rightly underlines that this coordination cannot be limited to budget policy, but must include other aspects such as employment,&quot; he added.</p>
<p>He said that in Amsterdam EU leaders would have to agree on a text which summarises this idea. Maystadt also said he backed the idea of a &quot;council for the coordination of economic policies&quot; where countries taking part in the single currency could coordinate their economic policies.</p>
<p>He also said that France was not questioning the need for a stability pact as such, in particular the need to maintain budget discipline after the advent of the euro.</p>
<p>-- Brussels Newsroom +32 2 287 6810, Fax +32 2 230 7710</p>
</text>
<copyright>(c) Reuters Limited 1997</copyright>
<metadata>
<codes class="bip:countries:1.0">
  <code code="BELG">
    <editdetail attribution="Reuters BIP Coding Group" action="confirmed" date="1997-06-14"/>
  </code>
  <code code="EEC">
    <editdetail attribution="Reuters BIP Coding Group" action="confirmed" date="1997-06-14"/>
  </code>
  <code code="FRA">
    <editdetail attribution="Reuters BIP Coding Group" action="confirmed" date="1997-06-14"/>
  </code>
  <code code="NETH">
    <editdetail attribution="Reuters BIP Coding Group" action="confirmed" date="1997-06-14"/>
  </code>
</codes>
<codes class="bip:topics:1.0">
  <code code="E41">
    <editdetail attribution="Reuters BIP Coding Group" action="confirmed" date="1997-06-14"/>
  </code>
  <code code="ECAT">
    <editdetail attribution="Reuters BIP Coding Group" action="confirmed" date="1997-06-14"/>
  </code>
  <code code="G15">
    <editdetail attribution="Reuters BIP Coding Group" action="confirmed" date="1997-06-14"/>
  </code>
  <code code="G154">
    <editdetail attribution="Reuters BIP Coding Group" action="confirmed" date="1997-06-14"/>
  </code>
  <code code="G155">
    <editdetail attribution="Reuters BIP Coding Group" action="confirmed" date="1997-06-14"/>
  </code>
  <code code="GCAT">
    <editdetail attribution="Reuters BIP Coding Group" action="confirmed" date="1997-06-14"/>
  </code>
  <code code="GJOB">
    <editdetail attribution="Reuters BIP Coding Group" action="confirmed" date="1997-06-14"/>
  </code>
  <code code="GPOL">
    <editdetail attribution="Reuters BIP Coding Group" action="confirmed" date="1997-06-14"/>
  </code>
</codes>
<dc element="dc.date.created" value="1997-06-14"/>
<dc element="dc.publisher" value="Reuters Holdings Plc"/>
<dc element="dc.date.published" value="1997-06-14"/>
<dc element="dc.source" value="Reuters"/>
<dc element="dc.creator.location" value="BRUSSELS"/>
<dc element="dc.creator.location.country.name" value="BELGIUM"/>
<dc element="dc.source" value="Reuters"/>
</metadata>
</newsitem>
