<?xml version="1.0" encoding="iso-8859-1" ?>
<newsitem itemid="661984" id="root" date="1997-06-14" xml:lang="en">
<title>INDIA: India says would deploy missiles only if attacked.</title>
<headline>India says would deploy missiles only if attacked.</headline>
<dateline>NEW DELHI 1997-06-14</dateline>
<text>
<p>India would deploy Prithvi ballistic missiles only if Pakistan attacked, a cabinet minister has said.</p>
<p>&quot;India has developed Prithvi missiles for (the) country's protection from an attack,&quot; Defence Minister Mulayam Singh Yadav was quoted by the Press Trust of India (PTI) as saying.</p>
<p>&quot;If Pakistan attacks India, then only will we deploy these missiles to repulse the attack,&quot; he said on Friday.</p>
<p>Last week, the Washington Post cited U.S. intelligence saying that India had moved fewer than a dozen of the medium-range, surface-to-surface missiles to a prospective launch site near the border with Pakistan.</p>
<p>Indian Prime Minister Inder Kumar Gujral on Wednesday said no Prithvis had been deployed. The Hindu newspaper said India had stored, but not deployed, the missiles near Pakistan.</p>
<p>The newspaper reports prompted a stern reaction from Pakistan and raised questions ahead of the resumption of bilateral peace talks next week.</p>
<p>Pakistani Foreign Minister Gohar Ayub Khan accused India on Thursday of raising tensions before the fourth round of bilateral peace talks in Islamabad starting on June 19.</p>
<p>Pakistan said on Friday it had urged the five permanent members of the U.N. Security Council to restrain India from posing a missile threat to it.</p>
<p>Indian officials visiting Washington said on Friday that the missile reports would not affect the talks.</p>
<p>Indian Cabinet Secretary T.S.R. Subramanian told a news conference that &quot;the Prithvi leak was handled very well by both...Pakistan and India, and it will not have any effect on the talks&quot;.</p>
<p>The two countries have fought three wars since 1947, two of them over the divided Himalayan region of Kashmir. The last round of talks in January 1994 derailed over Kashmir.</p>
</text>
<copyright>(c) Reuters Limited 1997</copyright>
<metadata>
<codes class="bip:countries:1.0">
  <code code="INDIA">
    <editdetail attribution="Reuters BIP Coding Group" action="confirmed" date="1997-06-14"/>
  </code>
  <code code="PAKIS">
    <editdetail attribution="Reuters BIP Coding Group" action="confirmed" date="1997-06-14"/>
  </code>
</codes>
<codes class="bip:topics:1.0">
  <code code="GCAT">
    <editdetail attribution="Reuters BIP Coding Group" action="confirmed" date="1997-06-14"/>
  </code>
  <code code="GDEF">
    <editdetail attribution="Reuters BIP Coding Group" action="confirmed" date="1997-06-14"/>
  </code>
</codes>
<dc element="dc.date.created" value="1997-06-14"/>
<dc element="dc.publisher" value="Reuters Holdings Plc"/>
<dc element="dc.date.published" value="1997-06-14"/>
<dc element="dc.source" value="Reuters"/>
<dc element="dc.creator.location" value="NEW DELHI"/>
<dc element="dc.creator.location.country.name" value="INDIA"/>
<dc element="dc.source" value="Reuters"/>
</metadata>
</newsitem>
