<?xml version="1.0" encoding="iso-8859-1" ?>
<newsitem itemid="661941" id="root" date="1997-06-14" xml:lang="en">
<title>PAKISTAN: Eight killed in Karachi violence.</title>
<headline>Eight killed in Karachi violence.</headline>
<dateline>KARACHI, Pakistan 1997-06-14</dateline>
<text>
<p>Eight people, including a policeman, were killed in violent incidents in the Pakistani city of Karachi on Saturday, police said.</p>
<p>There was no immediate word on the motive for any of the separate attacks. Violence has risen in recent weeks amid tension between rival wings of the ethnic Mohajir National Movement (MQM).</p>
<p>Police said two gunmen on a motorcycle shot dead police constable Shah Murad, 35, near New Town police station.</p>
<p>In a separate incident, gunmen kidnapped, tortured and hanged a 22-year-old man, before dumping his body in a sewer in the volatile Liaquatabad area of District Central.</p>
<p>A 25-year-old man identified only as Sardar was stabbed to death in District South. Dir Faraz, 30, was shot dead in Quaidabad and gunfire killed Syed Mumtaz Hussain in North Nazimabad in District Central. Three other people were killed in separate areas of the southern port city.</p>
<p>The latest killings brought this week's death toll in Karachi to at least 22. More than 70 people have been killed in ethnic, political and sectarian violence in the city this year, compared to 500 last year and about 2,000 in 1995.</p>
</text>
<copyright>(c) Reuters Limited 1997</copyright>
<metadata>
<codes class="bip:countries:1.0">
  <code code="PAKIS">
    <editdetail attribution="Reuters BIP Coding Group" action="confirmed" date="1997-06-14"/>
  </code>
</codes>
<codes class="bip:topics:1.0">
  <code code="GCAT">
    <editdetail attribution="Reuters BIP Coding Group" action="confirmed" date="1997-06-14"/>
  </code>
  <code code="GCRIM">
    <editdetail attribution="Reuters BIP Coding Group" action="confirmed" date="1997-06-14"/>
  </code>
  <code code="GVIO">
    <editdetail attribution="Reuters BIP Coding Group" action="confirmed" date="1997-06-14"/>
  </code>
</codes>
<dc element="dc.date.created" value="1997-06-14"/>
<dc element="dc.publisher" value="Reuters Holdings Plc"/>
<dc element="dc.date.published" value="1997-06-14"/>
<dc element="dc.source" value="Reuters"/>
<dc element="dc.creator.location" value="KARACHI, Pakistan"/>
<dc element="dc.creator.location.country.name" value="PAKISTAN"/>
<dc element="dc.source" value="Reuters"/>
</metadata>
</newsitem>
