<?xml version="1.0" encoding="iso-8859-1" ?>
<newsitem itemid="661929" id="root" date="1997-06-14" xml:lang="en">
<title>BELGIUM: Belgium lifts arrest warrant against Serge Dassault.</title>
<headline>Belgium lifts arrest warrant against Serge Dassault.</headline>
<dateline>BRUSSELS 1997-06-14</dateline>
<text>
<p>The Belgian judiciary has lifted the international arrest warrant against French industrialist Serge Dassault, Belgian Justice Minister Stefaan De Clerck said on Saturday.</p>
<p>But he denied that there had been political pressure and said Belgium had not received from France the documents it had requested to investigate bribery allegations against Dassault.</p>
<p>&quot;The investigating magistrate has independently decided to lift the warrant...no political pressure was involved,&quot; De Clerck told Belgian radio BRTN.</p>
<p>&quot;The decision was made in the context of the preparation of the trial and is no indication of guilt or innocence,&quot; he said.</p>
<p>A Belgian court in May 1996 issued the warrant for Dassault as part of an inquiry into claims Dassault paid 600 million Belgian francs ($17 million) to political parties to secure a contract to fit air defence systems to Belgian F-16 jets in the late eighties.</p>
<p>Dassault, chairman of French aerospace firm Dassault Aviation, has denied all wrongdoing but has refused to come to Belgium to answer questions for fear of being arrested.</p>
<p>Belgian authorities in May 1994 imprisoned Didier Pineau Valencienne, chairman of French electrical engineering group Schneider, for two weeks in a corruption probe.</p>
<p>The court of Liege, in eastern Belgium, issued the international arrest warrant against Dassault after his refusal to attend a hearing there.</p>
<p>But asked by French radio Europe 1 on Saturday whether he would be willing to testify now in Belgium, Dassault said: &quot;I think yes, but we have to see under which conditions.&quot;</p>
<p>He refused to say why the Belgian judiciary had lifted the warrant.</p>
<p>It also remained unclear whether the new French government had agreed to give more information about the Dassault case to the Belgian judiciary. The Belgian government has tried for months to get key documents about the case from France.</p>
<p>De Clerck said earlier this year that the former French government had refused to hand over 11 documents to the Belgian authorities in the interest of France's national defence.</p>
<p>&quot;No progress has been made in this area,&quot; De Clerck told BRTN on Saturday.</p>
<p>He added that Belgium continued to exert pressure on the new French government about the exchange of information in the investigation.</p>
<p>Several Belgian political parties are under investigation for allegedly accepting bribes from the French group.</p>
<p>In 1995, NATO secretary general Willy Claes, a Belgian economics minister in the late eighties, was forced to resign over bribes alleged to have been paid to his Socialist Party by Dassault and Italian helicopter maker Agusta Spa.</p>
<p>-- Geert De Clercq, Brussels Newsroom +32 2 287 6813, Fax +32 2 230 7710</p>
</text>
<copyright>(c) Reuters Limited 1997</copyright>
<metadata>
<codes class="bip:countries:1.0">
  <code code="BELG">
    <editdetail attribution="Reuters BIP Coding Group" action="confirmed" date="1997-06-14"/>
  </code>
  <code code="FRA">
    <editdetail attribution="Reuters BIP Coding Group" action="confirmed" date="1997-06-14"/>
  </code>
</codes>
<codes class="bip:industries:1.0">
  <code code="I36400">
    <editdetail attribution="Reuters BIP Coding Group" action="confirmed" date="1997-06-14"/>
  </code>
</codes>
<codes class="bip:topics:1.0">
  <code code="C12">
    <editdetail attribution="Reuters BIP Coding Group" action="confirmed" date="1997-06-14"/>
  </code>
  <code code="CCAT">
    <editdetail attribution="Reuters BIP Coding Group" action="confirmed" date="1997-06-14"/>
  </code>
  <code code="GCAT">
    <editdetail attribution="Reuters BIP Coding Group" action="confirmed" date="1997-06-14"/>
  </code>
  <code code="GCRIM">
    <editdetail attribution="Reuters BIP Coding Group" action="confirmed" date="1997-06-14"/>
  </code>
  <code code="GDIP">
    <editdetail attribution="Reuters BIP Coding Group" action="confirmed" date="1997-06-14"/>
  </code>
</codes>
<dc element="dc.date.created" value="1997-06-14"/>
<dc element="dc.publisher" value="Reuters Holdings Plc"/>
<dc element="dc.date.published" value="1997-06-14"/>
<dc element="dc.source" value="Reuters"/>
<dc element="dc.creator.location" value="BRUSSELS"/>
<dc element="dc.creator.location.country.name" value="BELGIUM"/>
<dc element="dc.source" value="Reuters"/>
</metadata>
</newsitem>
