<?xml version="1.0" encoding="iso-8859-1" ?>
<newsitem itemid="661923" id="root" date="1997-06-14" xml:lang="en">
<title>FRANCE: Thomson to be national champion -Chirac.</title>
<headline>Thomson to be national champion -Chirac.</headline>
<dateline>LE BOURGET, France 1997-06-14</dateline>
<text>
<p>French President Jacques Chirac said on Saturday that defence electronics firm Thomson-CSF's destiny was to be France's national champion in electronics and play a central role in the restructuring of Europe's defence industry.</p>
<p>&quot;Thomson-CSF's vocation is to be the national electronics pole that France needs. It must play a central role in the European restructuring of our defence industries,&quot; he said at the Thomson-CSF pavilion at the official opening of the 42nd Paris air show at Le Bourget. He was accompanied by Thomson-CSF chairman Marcel Roulet.</p>
<p>Chirac was reiterating comments made in February last year when he launched the privatisation of Thomson-CSF as part of a French defence industry consolidation. The state owns 58 percent of Thomson-CSF.</p>
<p>The previous conservative government had received rival bids for the defence company from conglomerate Lagardere and telecommunications and engineering group Alcatel Alsthom .</p>
<p>But the arrival at the beginning of June of a Socialist government hostile to state sell-offs has thrown up huge doubts over the future of Thomson-CSF.</p>
<p>The sale of Thomson-CSF is viewed as a key step in reorganising French and European defence activities and executives hope next Saturday's keynote speech by Socialist Prime Minister Lionel Jospin will clarify the government's plans.</p>
<p>Chirac later said while visiting the defence minstry's pavilion that &quot;a considerable effort has been made in the last two years to modernise the defence industry, reduce costs and promote exports. This effort must continue.&quot;</p>
</text>
<copyright>(c) Reuters Limited 1997</copyright>
<metadata>
<codes class="bip:countries:1.0">
  <code code="FRA">
    <editdetail attribution="Reuters BIP Coding Group" action="confirmed" date="1997-06-14"/>
  </code>
</codes>
<codes class="bip:industries:1.0">
  <code code="I34000">
    <editdetail attribution="Reuters BIP Coding Group" action="confirmed" date="1997-06-14"/>
  </code>
</codes>
<codes class="bip:topics:1.0">
  <code code="C11">
    <editdetail attribution="Reuters BIP Coding Group" action="confirmed" date="1997-06-14"/>
  </code>
  <code code="CCAT">
    <editdetail attribution="Reuters BIP Coding Group" action="confirmed" date="1997-06-14"/>
  </code>
  <code code="GCAT">
    <editdetail attribution="Reuters BIP Coding Group" action="confirmed" date="1997-06-14"/>
  </code>
  <code code="GDEF">
    <editdetail attribution="Reuters BIP Coding Group" action="confirmed" date="1997-06-14"/>
  </code>
  <code code="GPOL">
    <editdetail attribution="Reuters BIP Coding Group" action="confirmed" date="1997-06-14"/>
  </code>
</codes>
<dc element="dc.date.created" value="1997-06-14"/>
<dc element="dc.publisher" value="Reuters Holdings Plc"/>
<dc element="dc.date.published" value="1997-06-14"/>
<dc element="dc.source" value="Reuters"/>
<dc element="dc.creator.location" value="LE BOURGET, France"/>
<dc element="dc.creator.location.country.name" value="FRANCE"/>
<dc element="dc.source" value="Reuters"/>
</metadata>
</newsitem>
