<?xml version="1.0" encoding="iso-8859-1" ?>
<newsitem itemid="777658" id="root" date="1997-08-05" xml:lang="en">
<title>RUSSIA: Russian privatisation chief joins Norilsk fray.</title>
<headline>Russian privatisation chief joins Norilsk fray.</headline>
<byline>Mike Collett-White</byline>
<dateline>MOSCOW 1997-08-05</dateline>
<text>
<p>Russia's top privatisation official, State Property Committee head Alfred Kokh, added his weight on Tuesday to growing government opposition to the tender of a controlling stake in mining giant Norilsk Nickel.</p>
<p>Just minutes before a six-member commission convened a meeting which could once and for all settle the destiny of the troubled nickel and precious metals producer, Kokh urged them to postpone privatisation.</p>
<p>&quot;Yes, Kokh instructed the state representatives in the commission to vote for delaying the sale,&quot; Kokh's press secretary Viktoria Vergelskaya told Reuters, adding he had not set a period for the postponement.</p>
<p>Kokh was the second senior government official to speak out against the tender, the winner of which is due to be named at around 5 p.m. Moscow time (1300 GMT) on Tuesday. Prime Minister Viktor Chernomyrdin on Monday called for the tender be suspended.</p>
<p>The final outcome of the commission's meeting is far from clear, despite the heavyweight attack on the sale. It has been criticised for being unfairly weighted in favour of Uneximbank -- one of only two bidders in the auction.</p>
<p>The state is represented at the meeting by officials from the Finance Ministry, the State Property Committee (Russia's privatisation ministry) and the Federal Property Fund, all of which are expected to vote for postponing the tender.</p>
<p>The other three members -- from RAO Norilsky Nikel, Uneximbank and tender organiser MFK Moscow Partners -- are all likely to vote for deciding on the winner as planned on Tuesday.</p>
<p>The decisive factor in the knife-edge contest appears to be which commission member chairs the meeting, because the chair gets the casting vote.</p>
<p>Uneximbank sources said that under normal practice, the chair would either go to the tender organiser, in this case a Uneximbank ally, or Uneximbank itself.</p>
<p>Uneximbank, Russia's third largest bank headed by formidable former first deputy prime minister Vladimir Potanin, won control of the 38 percent stake (representing 51 percent of voting shares) in a shares-for-loans swap with the state in 1995.</p>
<p>But the highly public row being played out in Russian media appears to pit Potanin against Chernomyrdin -- Russia's second most powerful politician.</p>
<p>Chernomyrdin has considerable leverage, given that the state officially owns the Norilsk stake.</p>
<p>He may also play the card of threatening to scupper Uneximbank's recent victory in Russia's biggest ever privatisation, the sale of 25 percent in Russian telecoms holding company Svyazinvest.</p>
<p>Uneximbank headed the winning $1.875-billion consortium, which itself caused unprecedented outrage.</p>
<p>Russian media, controlled by powerful tycoons who participants in the sale said belong to the losing consortium, slammed the Svyazinvest sale and demanded the conditions be reviewed.</p>
<p>But analysts dismissed the uproar as sour grapes, since the losers simply bid less than the Uneximbank group.</p>
<p>However, the Norilsk tender is seen as a much more obvious target for accusations of closed deals and unfair competition.</p>
<p>Uneximbank has said all along that foreign companies could not bid for the stake, drastically reducing the number of potential competitors.</p>
<p>Bank MFK (ICFI in English), linked to the tender organiser MFK-Moscow Partners, is also the investment arm of Uneximbank -- a link which has raised a few eyebrows in the domestic and foreign press.</p>
<p>Controversy surrounding the auction has cast doubt over RAO Norilsky Nikel's plans to double its share capital by issuing 126 million ordinary shares, and convert its existing preferred shares to voting ordinary stock.</p>
<p>News of the possible suspension of the auction caused the preferred shares, worth less than ordinaries, to fall sharply on Monday after rising on news of the conversion last week.</p>
<p>Norilsk is part of a round of state sell-offs, which in 1997 could raise between $4-5 billion for Russian state coffers.</p>
<p>   --Moscow Newsroom +7095 941 8520</p>
</text>
<copyright>(c) Reuters Limited 1997</copyright>
<metadata>
<codes class="bip:countries:1.0">
  <code code="RUSS">
    <editdetail attribution="Reuters BIP Coding Group" action="confirmed" date="1997-08-05"/>
  </code>
</codes>
<codes class="bip:industries:1.0">
  <code code="I22471">
    <editdetail attribution="Reuters BIP Coding Group" action="confirmed" date="1997-08-05"/>
  </code>
</codes>
<codes class="bip:topics:1.0">
  <code code="C18">
    <editdetail attribution="Reuters BIP Coding Group" action="confirmed" date="1997-08-05"/>
  </code>
  <code code="C183">
    <editdetail attribution="Reuters BIP Coding Group" action="confirmed" date="1997-08-05"/>
  </code>
  <code code="CCAT">
    <editdetail attribution="Reuters BIP Coding Group" action="confirmed" date="1997-08-05"/>
  </code>
  <code code="E12">
    <editdetail attribution="Reuters BIP Coding Group" action="confirmed" date="1997-08-05"/>
  </code>
  <code code="ECAT">
    <editdetail attribution="Reuters BIP Coding Group" action="confirmed" date="1997-08-05"/>
  </code>
</codes>
<dc element="dc.date.created" value="1997-08-05"/>
<dc element="dc.publisher" value="Reuters Holdings Plc"/>
<dc element="dc.date.published" value="1997-08-05"/>
<dc element="dc.source" value="Reuters"/>
<dc element="dc.creator.location" value="MOSCOW"/>
<dc element="dc.creator.location.country.name" value="RUSSIA"/>
<dc element="dc.source" value="Reuters"/>
</metadata>
</newsitem>
