<?xml version="1.0" encoding="iso-8859-1" ?>
<newsitem itemid="777699" id="root" date="1997-08-05" xml:lang="en">
<title>USA: Key U.S. economic gauge unchanged in June.</title>
<headline>Key U.S. economic gauge unchanged in June.</headline>
<dateline>WASHINGTON 1997-08-05</dateline>
<text>
<p>A key gauge of future economic activity was flat in June, the Conference Board reported on Tuesday, as five out of 10 separate measures of the economy's pace weakened from May.</p>
<p>The Index of Leading Indicators was unchanged after rising 0.3 percent in May and falling 0.1 percent in April. The index climbed steadily in each month through the first quarter of this year before starting to level off in the second quarter.</p>
</text>
<copyright>(c) Reuters Limited 1997</copyright>
<metadata>
<codes class="bip:countries:1.0">
  <code code="USA">
    <editdetail attribution="Reuters BIP Coding Group" action="confirmed" date="1997-08-05"/>
  </code>
</codes>
<codes class="bip:topics:1.0">
  <code code="E71">
    <editdetail attribution="Reuters BIP Coding Group" action="confirmed" date="1997-08-05"/>
  </code>
</codes>
<dc element="dc.date.created" value="1997-08-05"/>
<dc element="dc.publisher" value="Reuters Holdings Plc"/>
<dc element="dc.date.published" value="1997-08-05"/>
<dc element="dc.source" value="Reuters"/>
<dc element="dc.creator.location" value="WASHINGTON"/>
<dc element="dc.creator.location.country.name" value="USA"/>
<dc element="dc.source" value="Reuters"/>
</metadata>
</newsitem>
