<?xml version="1.0" encoding="iso-8859-1" ?>
<newsitem itemid="777674" id="root" date="1997-08-05" xml:lang="en">
<title>KENYA: Kenya business says gov't IMF reaction &quot;nonsense&quot;.</title>
<headline>Kenya business says gov't IMF reaction &quot;nonsense&quot;.</headline>
<byline>Manoah Esipisu</byline>
<dateline>NAIROBI 1997-08-05</dateline>
<text>
<p>Kenyan executives and industrial analysts on Tuesday rejected as nonsense a cabinet statement that called for investor calm and declared that Kenyans should become self-reliant after the IMF cancelled a key aid package.</p>
<p>&quot;That's nonsense. Kenya cannot survive without (Western) aid,&quot; said a leading Nairobi-based investment analyst.</p>
<p>A high-ranking corporate executive said the country should brace itself for tougher times to come.</p>
<p>&quot;The cabinet is saying that Kenya can manage on its own. That is very disappointing. Kenyans must prepare for severe hardships in the next year period,&quot; he said.</p>
<p>The government of President Daniel arap Moi on Monday urged investors to remain calm, saying Kenyan citizens should build the economy from their own meagre resources.</p>
<p>&quot;The cabinet wishes to assure Kenyans and investors in general that the situation is under control,&quot; said a statement broadcast on state television and radio.</p>
<p>&quot;Kenyans are urged to continue building the economy based on their own resources so that the development of the country remains firmly in their hands.&quot;</p>
<p>The government gave no specific proposals on future management, but in an apparent appeal to bilateral donors not to follow the lead set by the International Monetary Fund (IMF), it said it welcomed support from development partners.</p>
<p>The IMF last Thursday suspended a $205 million three-year loan citing concerns over corruption, citing a scandal involving Goldenberg International to show how authorities were reticent in cracking down on corruption.</p>
<p>Goldenberg was paid about $100 million by the government in 1992 under a compensation scheme for gold and diamond exports. Kenya produces little gold and no diamonds.</p>
<p>The IMF decision severely rattled foreign exchange and equity markets. On Monday, the shilling slid with high dollar demand, easing to close at 63, 3.25 percent on Friday's close.</p>
<p>The World Bank has said it was studying the situation but other bilateral donors have yet to make their positions clear.</p>
<p>The Kenya Association of Manufacturers (KAM) and political and business leaders expressed their disappointment that the cabinet had not indicated how it would fight endemic corruption.</p>
<p>&quot;Kenya has a lot of resources but if it wasn't for corruption we wouldn't need foreign aid,&quot; said world renowned palaeontologist and opposition politician Richard Leakey.</p>
<p>&quot;Why are we crying about the IMF when every Kenyan has been paying taxes,&quot; Leakey said. &quot;Because the government does not collect and what it does collect it squanders.&quot;</p>
<p>KAM Chairman Manu Chandaria told Reuters there were obviously difficult times ahead and urged the government to return to the negotiating table with the IMF as soon as possible to save the economy from any further battering.</p>
<p>&quot;Investor confidence is not just in the hands of government. There are many forces that influence investment and the Kenyan government must be seen to take steps that will help streamline what was derailed last week,&quot; said Chandaria.</p>
<p>Chandaria added that Kenya needed foreign funds to develop the energy sector as well as dilapidated infrastructure and these would be deeply undermined without Western donor help.</p>
<p>&quot;The amount of money that is lost through corruption is gravely high. We need the government to stop corruption and harness all available resources.&quot;</p>
<p>Moi, 73, and his ruling KANU party are widely expected to extend an 19-year regime in elections that must be held by the end of this year. They face an opposition that has found a fragile cohesion in demands for constitutional reforms.</p>
</text>
<copyright>(c) Reuters Limited 1997</copyright>
<metadata>
<codes class="bip:countries:1.0">
  <code code="KENYA">
    <editdetail attribution="Reuters BIP Coding Group" action="confirmed" date="1997-08-05"/>
  </code>
  <code code="USA">
    <editdetail attribution="Reuters BIP Coding Group" action="confirmed" date="1997-08-05"/>
  </code>
</codes>
<codes class="bip:industries:1.0">
  <code code="I81501">
    <editdetail attribution="Reuters BIP Coding Group" action="confirmed" date="1997-08-05"/>
  </code>
  <code code="I8150106">
    <editdetail attribution="Reuters BIP Coding Group" action="confirmed" date="1997-08-05"/>
  </code>
</codes>
<codes class="bip:topics:1.0">
  <code code="C21">
    <editdetail attribution="Reuters BIP Coding Group" action="confirmed" date="1997-08-05"/>
  </code>
  <code code="CCAT">
    <editdetail attribution="Reuters BIP Coding Group" action="confirmed" date="1997-08-05"/>
  </code>
  <code code="E21">
    <editdetail attribution="Reuters BIP Coding Group" action="confirmed" date="1997-08-05"/>
  </code>
  <code code="E211">
    <editdetail attribution="Reuters BIP Coding Group" action="confirmed" date="1997-08-05"/>
  </code>
  <code code="E51">
    <editdetail attribution="Reuters BIP Coding Group" action="confirmed" date="1997-08-05"/>
  </code>
  <code code="ECAT">
    <editdetail attribution="Reuters BIP Coding Group" action="confirmed" date="1997-08-05"/>
  </code>
  <code code="GCAT">
    <editdetail attribution="Reuters BIP Coding Group" action="confirmed" date="1997-08-05"/>
  </code>
  <code code="GDIP">
    <editdetail attribution="Reuters BIP Coding Group" action="confirmed" date="1997-08-05"/>
  </code>
  <code code="GPOL">
    <editdetail attribution="Reuters BIP Coding Group" action="confirmed" date="1997-08-05"/>
  </code>
</codes>
<dc element="dc.date.created" value="1997-08-05"/>
<dc element="dc.publisher" value="Reuters Holdings Plc"/>
<dc element="dc.date.published" value="1997-08-05"/>
<dc element="dc.source" value="Reuters"/>
<dc element="dc.creator.location" value="NAIROBI"/>
<dc element="dc.creator.location.country.name" value="KENYA"/>
<dc element="dc.source" value="Reuters"/>
</metadata>
</newsitem>
