<?xml version="1.0" encoding="iso-8859-1" ?>
<newsitem itemid="777716" id="root" date="1997-08-05" xml:lang="en">
<title>GERMANY: &quot;Bavarian bank merger good idea&quot;.</title>
<headline>&quot;Bavarian bank merger good idea&quot;.</headline>
<byline>Clifford Coonan</byline>
<dateline>FRANKFURT 1997-08-05</dateline>
<text>
<p>The head of German reinsurer Munich Re said on Tuesday that the planned merger of Bayerische Hypotheken und Wechselbank and Bayerische Vereinsbank was &quot;a very good and sensible solution&quot;.</p>
<p>Hans-Juergen Schinzler, management board chairman of Muenchner Rueckversicherung AG (Munich Re) said both it and &quot;sister group&quot; Allianz AG Holding would need to reorganise product distribution through the banks, as there was a lot of overlap.</p>
<p>Primary insurance group Ergo, in which Munich Re has a majority stake, is the result of the merger of German insurers Victoria and Hamburg-Mannheimer.</p>
<p>Regarding how the mega-merger would affect distribution and marketing, Schinzler said that at the moment, Vereinsbank distributed products for both Allianz and Hamburger-Mannheimer.</p>
<p>&quot;Theoretically it is possible to imagine that the future Bayernbank will sell exclusively Allianz products, with Dresdner selling only Victoria and Ergo products,&quot; Schinzler said.</p>
<p>Schinzler told Handelsblatt newspaper that Ergo would aim to expand rapidly in the European market as a whole, and said that the formation of Ergo was Munich Re's last big expansionary move in the primary insurance market.</p>
<p>It was open to question whether the shareholding structure would remain in its current form, Schinzler said. He said he did not know what Allianz planned to do with its Ergo stake, whether the insurer would hold onto it, sell it on the stock exchange or sell it to Munich Re.</p>
<p>Cartel regulation would also have a role to play.</p>
<p>Schinzler insisted that the formation of Ergo did not pose a problem for Allianz AG Holding.</p>
<p>Through a 25 percent cross holding in Ergo held jointly by Munich Re and Allianz AG Holding, Allianz would retain 10 percent of Ergo. Munich Re is majority owner of Ergo, Schinzler said.</p>
<p>In a separate interview in the Tuesday edition of Die Welt newspaper, Schinzler said that Ergo did not necessarily plan to embark on a major European shopping tour and that it had other priorities.</p>
<p>&quot;Ergo has to grow into a group and the synergy potential has to be realised. The integration will be hard work and will take Ergo years,&quot; Schinzler said.</p>
<p>Floods in the Oder region would also have an effect on Munich Re's business, Schinzler said, as it bore nearly all the burden of the cover for the damage along with Allianz.</p>
<p>&quot;In insurance terms I don't see the sitation as dramatic. In terms of claims, such a huge event is not unusual,&quot; said Schinzler.</p>
</text>
<copyright>(c) Reuters Limited 1997</copyright>
<metadata>
<codes class="bip:countries:1.0">
  <code code="GFR">
    <editdetail attribution="Reuters BIP Coding Group" action="confirmed" date="1997-08-05"/>
  </code>
</codes>
<codes class="bip:industries:1.0">
  <code code="I81402">
    <editdetail attribution="Reuters BIP Coding Group" action="confirmed" date="1997-08-05"/>
  </code>
  <code code="I82001">
    <editdetail attribution="Reuters BIP Coding Group" action="confirmed" date="1997-08-05"/>
  </code>
  <code code="I82003">
    <editdetail attribution="Reuters BIP Coding Group" action="confirmed" date="1997-08-05"/>
  </code>
  <code code="I8200318">
    <editdetail attribution="Reuters BIP Coding Group" action="confirmed" date="1997-08-05"/>
  </code>
</codes>
<codes class="bip:topics:1.0">
  <code code="C11">
    <editdetail attribution="Reuters BIP Coding Group" action="confirmed" date="1997-08-05"/>
  </code>
  <code code="C18">
    <editdetail attribution="Reuters BIP Coding Group" action="confirmed" date="1997-08-05"/>
  </code>
  <code code="C181">
    <editdetail attribution="Reuters BIP Coding Group" action="confirmed" date="1997-08-05"/>
  </code>
  <code code="CCAT">
    <editdetail attribution="Reuters BIP Coding Group" action="confirmed" date="1997-08-05"/>
  </code>
</codes>
<dc element="dc.date.created" value="1997-08-05"/>
<dc element="dc.publisher" value="Reuters Holdings Plc"/>
<dc element="dc.date.published" value="1997-08-05"/>
<dc element="dc.source" value="Reuters"/>
<dc element="dc.creator.location" value="FRANKFURT"/>
<dc element="dc.creator.location.country.name" value="GERMANY"/>
<dc element="dc.source" value="Reuters"/>
</metadata>
</newsitem>
