<?xml version="1.0" encoding="iso-8859-1" ?>
<newsitem itemid="777758" id="root" date="1997-08-05" xml:lang="en">
<title>USA: CBOT munibond/30-day Fed final vol/open int -Aug 4.</title>
<headline>CBOT munibond/30-day Fed final vol/open int -Aug 4.</headline>
<text>
<p>MTH YR   EVE  PROJ A   DAY VOL   CASH  OPEN INT CHANGE</p>
<p>30-DAY  AUG97			  4,678	     12,865  2,168-</p>
<p> FED    SEP97			    556		5,912     15+</p>
<p>	  OCT97			    392		3,576    116+</p>
<p>	  NOV97			    227		2,273    191+</p>
<p>	  DEC97			     51		  556     26+</p>
<p>	  JAN98			     50		  174     13+</p>
<p>	  FEB98			    151		  325     28-</p>
<p>	  MAR98						     9</p>
<p>	  TOTAL			  6,105	     25,690  1,835-</p>
<p>---</p>
<p>MUNI-   SEP97			  2,358	     19,543     27-</p>
<p> BOND   DEC97				3		1,602	3+</p>
<p>	  MAR98						     1</p>
<p>	  TOTAL			  2,361	     21,146     24-</p>
<p>Note: in contracts. Source: CBOT (Chicago newsdesk 312 408 8720)</p>
</text>
<copyright>(c) Reuters Limited 1997</copyright>
<metadata>
<codes class="bip:countries:1.0">
  <code code="USA">
    <editdetail attribution="Reuters BIP Coding Group" action="confirmed" date="1997-08-05"/>
  </code>
</codes>
<codes class="bip:topics:1.0">
  <code code="M12">
    <editdetail attribution="Reuters BIP Coding Group" action="confirmed" date="1997-08-05"/>
  </code>
  <code code="MCAT">
    <editdetail attribution="Reuters BIP Coding Group" action="confirmed" date="1997-08-05"/>
  </code>
</codes>
<dc element="dc.publisher" value="Reuters Holdings Plc"/>
<dc element="dc.date.published" value="1997-08-05"/>
<dc element="dc.source" value="Reuters"/>
<dc element="dc.creator.location.country.name" value="USA"/>
<dc element="dc.source" value="Reuters"/>
</metadata>
</newsitem>
