<?xml version="1.0" encoding="iso-8859-1" ?>
<newsitem itemid="777794" id="root" date="1997-08-05" xml:lang="en">
<title>USA: TABLE-Lunar Corp Q4 June 30 net.</title>
<headline>TABLE-Lunar Corp Q4 June 30 net.</headline>
<dateline>MADISON, Wis. 1997-08-05</dateline>
<text>
<p>(In thousands except per-share data)</p>
<p>					   Three Months Ended</p>
<p>					    Jun 30,    Jun 30,  Percent</p>
<p>						 1997	  1996  Change</p>
<p>Equipment sales and other</p>
<p>  revenue				 $ 22,179   $ 20,278	9%</p>
<p>Operating expenses</p>
<p>   Cost of sales			   9,996	9,303	 7</p>
<p>   Research and development	    1,667	1,249	33</p>
<p>   Selling and marketing		 4,652	4,502	 3</p>
<p>   General and administrative	  1,157	1,014	14</p>
<p>						17,472     16,068	 9</p>
<p> Earnings from operations		4,707	4,210	12</p>
<p>Other income (expense)</p>
<p>   Interest income			   469	  356	32</p>
<p>   Other					 136	 (28)	NA</p>
<p>						   605	  328	84</p>
<p>Earnings before provision</p>
<p>  for income taxes			 5,312	4,538	17</p>
<p> Provision for income taxes	    1,750	1,461	20</p>
<p> Net income				  3,562	3,077	16</p>
<p>Net income per common and</p>
<p>  common equivalent share		 0.39	 0.34     15%</p>
<p>Weighted average number of</p>
<p>common and common equivalent</p>
<p>  shares				     9,124	9,083	0%</p>
<p>						 Year Ended</p>
<p>					     Jun 30,   Jun 30,  Percent</p>
<p>						  1997	 1996  Change</p>
<p>Equipment sales and other</p>
<p>  revenue				  $ 81,467  $ 66,859     22%</p>
<p>Operating expenses</p>
<p>   Cost of sales			   36,145    30,236	20</p>
<p>   Research and development	     5,682     5,610	 1</p>
<p>   Selling and marketing		 17,144    14,447	19</p>
<p>   General and administrative	   4,950     4,731	 5</p>
<p>						 63,921    55,024	16</p>
<p> Earnings from operations		17,546    11,835	48</p>
<p>Other income (expense)</p>
<p>   Interest income			  1,533     1,549     (1)</p>
<p>   Settlement of Lawsuit		  1,829	   -	NA</p>
<p>   Other					  619     (238)	NA</p>
<p>						  3,981     1,311     204</p>
<p>Earnings before provision</p>
<p>  for income taxes			 21,527    13,146	64</p>
<p> Provision for income taxes	     7,241     3,910	85</p>
<p> Net income				  14,286     9,236	55</p>
<p>Net income per common and</p>
<p>  common equivalent share		  1.57	1.04     51%</p>
<p>Weighted average number of</p>
<p>common and common</p>
<p>  equivalent shares			 9,106     8,908	2%</p>
<p>((--Chicago newsdesk, 312-408-8787))</p>
</text>
<copyright>(c) Reuters Limited 1997</copyright>
<metadata>
<codes class="bip:countries:1.0">
  <code code="USA">
    <editdetail attribution="Reuters BIP Coding Group" action="confirmed" date="1997-08-05"/>
  </code>
</codes>
<codes class="bip:industries:1.0">
  <code code="I37200">
    <editdetail attribution="Reuters BIP Coding Group" action="confirmed" date="1997-08-05"/>
  </code>
</codes>
<codes class="bip:topics:1.0">
  <code code="C15">
    <editdetail attribution="Reuters BIP Coding Group" action="confirmed" date="1997-08-05"/>
  </code>
  <code code="C151">
    <editdetail attribution="Reuters BIP Coding Group" action="confirmed" date="1997-08-05"/>
  </code>
  <code code="C1511">
    <editdetail attribution="Reuters BIP Coding Group" action="confirmed" date="1997-08-05"/>
  </code>
  <code code="CCAT">
    <editdetail attribution="Reuters BIP Coding Group" action="confirmed" date="1997-08-05"/>
  </code>
</codes>
<dc element="dc.date.created" value="1997-08-05"/>
<dc element="dc.publisher" value="Reuters Holdings Plc"/>
<dc element="dc.date.published" value="1997-08-05"/>
<dc element="dc.source" value="Reuters"/>
<dc element="dc.creator.location" value="MADISON, Wis."/>
<dc element="dc.creator.location.country.name" value="USA"/>
<dc element="dc.source" value="Reuters"/>
</metadata>
</newsitem>
