<?xml version="1.0" encoding="iso-8859-1" ?>
<newsitem itemid="777704" id="root" date="1997-08-05" xml:lang="en">
<title>USA: U.S. to widen smoking ban on federal property.</title>
<headline>U.S. to widen smoking ban on federal property.</headline>
<dateline>WASHINGTON 1997-08-04</dateline>
<text>
<p>President Bill Clinton plans to sign an executive order this week imposing the broadest smoking ban on federal property ever enacted, the Washington Post reported in Tuesday editions.</p>
<p>The newspaper quoted unnamed administration officials as saying that Clinton's order would set a standard policy across the government and extend existing prohibitions to places currently exempt, such as military officers' clubs.</p>
<p>In addition, it would ban people from lighting up their cigarettes outside federal office building entrances.</p>
<p>&quot;It's become clearer and clearer that this is a significant health risk, and we wanted a uniform government policy that brings all the agencies up to that level,&quot; one administration official, who declined to be named, told the Post.</p>
<p>The U.S. military and many federal agencies already restrict smoking in their facilities, but the presidential order would ban smoking in virtually every executive-branch building owned or leased by the federal government and forbid outdoor smoking in courtyards and near building entrances, according to the newspaper report.</p>
<p>The only exceptions would be rooms with separate ventilation systems to the outside, residential units such as military barracks, and some other narrow areas such as in &quot;undercover, miltary or diplomatic situations that are essential to accomplish agency missions,&quot; the paper said.</p>
<p>The order would give agency managers a year to conform to the new standards, the Post said.</p>
</text>
<copyright>(c) Reuters Limited 1997</copyright>
<metadata>
<codes class="bip:countries:1.0">
  <code code="USA">
    <editdetail attribution="Reuters BIP Coding Group" action="confirmed" date="1997-08-05"/>
  </code>
</codes>
<codes class="bip:topics:1.0">
  <code code="GENV">
    <editdetail attribution="Reuters BIP Coding Group" action="confirmed" date="1997-08-05"/>
  </code>
  <code code="GPOL">
    <editdetail attribution="Reuters BIP Coding Group" action="confirmed" date="1997-08-05"/>
  </code>
</codes>
<dc element="dc.date.created" value="1997-08-04"/>
<dc element="dc.publisher" value="Reuters Holdings Plc"/>
<dc element="dc.date.published" value="1997-08-05"/>
<dc element="dc.source" value="Reuters"/>
<dc element="dc.creator.location" value="WASHINGTON"/>
<dc element="dc.creator.location.country.name" value="USA"/>
<dc element="dc.source" value="Reuters"/>
</metadata>
</newsitem>
