<?xml version="1.0" encoding="iso-8859-1" ?>
<newsitem itemid="777726" id="root" date="1997-08-05" xml:lang="en">
<title>SOUTH AFRICA: STERLING IN TALKS, CAUTIONS SHAREHOLDERS.</title>
<headline>STERLING IN TALKS, CAUTIONS SHAREHOLDERS.</headline>
<dateline>JOHANNESBURG 1997-08-05</dateline>
<text>
<p>South African textile firm Sterling Clothing Ltd said on Tuesday it was in talks which could have an impact on its share price and urged shareholders to exercise caution in their share dealings.</p>
<p>It gave no further details in a brief announcement.</p>
<p>-- Johannesburg newsroom +27 11 482 1003</p>
</text>
<copyright>(c) Reuters Limited 1997</copyright>
<metadata>
<codes class="bip:countries:1.0">
  <code code="SAFR">
    <editdetail attribution="Reuters BIP Coding Group" action="confirmed" date="1997-08-05"/>
  </code>
</codes>
<codes class="bip:topics:1.0">
  <code code="C11">
    <editdetail attribution="Reuters BIP Coding Group" action="confirmed" date="1997-08-05"/>
  </code>
</codes>
<dc element="dc.date.created" value="1997-08-05"/>
<dc element="dc.publisher" value="Reuters Holdings Plc"/>
<dc element="dc.date.published" value="1997-08-05"/>
<dc element="dc.source" value="Reuters"/>
<dc element="dc.creator.location" value="JOHANNESBURG"/>
<dc element="dc.creator.location.country.name" value="SOUTH AFRICA"/>
<dc element="dc.source" value="Reuters"/>
</metadata>
</newsitem>
