<?xml version="1.0" encoding="iso-8859-1" ?>
<newsitem itemid="777756" id="root" date="1997-08-05" xml:lang="en">
<title>USA: U.S. Cattle/Beef Daily Summary - Aug 5.</title>
<headline>U.S. Cattle/Beef Daily Summary - Aug 5.</headline>
<text>
<p>Midwest and High Plains Direct Slaughter Cattle: Tues, Aug 05, 1997</p>
<p>==========================================================================</p>
<p>	   : Tex-OK: KS    : NE    : IA    : CO    5: Area  :Lst Wk :Lst Yr</p>
<p>-------------------------------(Movement)---------------------------------</p>
<p>Tuesday  :  5,900:  2,000:  8,000:  1,200:    700: 17,800: 130,100:140,800</p>
<p>Wk-Date  : 32,600: 30,100: 12,000:  2,100:    700: 77,500:	  :</p>
<p>Lst Wk   : 97,500: 57,600: 85,400: 24,100: 16,200:280,800:	  :</p>
<p>Lst Yr   : 79,300: 47,400:101,700: 37,000:  5,500:270,900:	  :</p>
<p>--------------------------------(Prices)----------------------------------</p>
<p>Tue Lv   : 65.00 : 65.00 : 65.00-: 66.50-: ----- : 65.00-: 65.00- : 65.00-</p>
<p> Str     :	 :	 : 66.00 : 67.75 :	 : 67.75 : 67.00  : 67.00</p>
<p>Tue Lv   : 65.00 : 65.00 : 65.50 : ----- : ----- : 65.00-: 65.00- : 64.00-</p>
<p> Hfr     :	 :	 :	 :	 :	 : 65.50 : 67.00  : 67.00</p>
<p>Tue Dr   :-------:------ :105.00-:105.00-:104.00-:104.00-:104.00- :103.00-</p>
<p> Str     :	 :	 :106.00 :106.50 :104.50 :106.50 :107.50  :106.00</p>
<p>Tue Dr   :-------:------ :106.00 :106.00 :104.50 :104.50-:105.00- :104.00-</p>
<p> Hfr     :	 :	 :	 :	 :	 :106.00 :107.00  :106.00</p>
<p>==========================================================================</p>
<p>Live Strs: (Wted Averages for Mon, Aug 04, 1997)			:</p>
<p>No. Hd   :  -----:   ----    ---:     40:    --- :    40 :    297 :    924</p>
<p>Av. Wt   :   ----:   ----:   ----:   1250:   ----:   1250:   1279 :   1279</p>
<p>Av. Pr   :  -----:  -----:  -----:  67.25:  -----:  67.25:  65.00 :  64.25</p>
<p>--------------------------------------------------------------------------</p>
<p>Live Hfrs: (Wted Averages for Mon, Aug 04, 1997)			:</p>
<p>No. Hd   :    ---:    ---:   ----:    ---:    ---:  -----:     32 :  1,547</p>
<p>Av. Wt   :   ----:   ----:   ----:   ----:   ----:   ----:   1150 :   1100</p>
<p>Av. Pr   :  -----:  -----:  -----:  -----:  -----:  -----:  64.75 :  64.01</p>
<p>--------------------------------------------------------------------------</p>
<p>Drsd Strs: (Wted Averages for Mon, Aug 04, 1997)			:</p>
<p>No. Hd   :    ---:   ----:  -----:    343:    ---:    343:  1,142 :  3,253</p>
<p>Av. Wt   :   ----:   ----:   ----:   1235:   ----:   1235:   1256 :   1250</p>
<p>Av. Pr   : ------: ------: ------: 105.92: ------: 105.92: 104.91 : 102.77</p>
<p>--------------------------------------------------------------------------</p>
<p>Drsd Hfrs: (Wted Averages for Mon, Aug 04, 1997)			:</p>
<p>No. Hd   :    ---:   ----:  -----:     42:  -----:     42:  1,154 :  1,996</p>
<p>Av. Wt   :   ----:   ----:   ----:   1104:   ----:   1104:   1136 :   1122</p>
<p>Av. Pr   :  -----: ------: ------: 105.29: ------: 105.29: 104.57 : 102.88</p>
<p>--------------------------------------------------------------------------</p>
<p>Mon's Wtd:   None:   None:   None:    425:   None:    425:  2,625 :  7,720</p>
<p>Ttl other: 26,600:  5,495:  2,508:    375:   None: 34,978:  5,538 :  2,786</p>
<p>==========================================================================</p>
<p>     (08-05-97) Boxed Beef	     Choice	  Select	248 Fab lds</p>
<p>Cutout Value:   550-700 lbs	 107.73 -0.88   99.95 -1.96   10 50's lds</p>
<p>		    700-850 lbs	 107.41 -1.50   99.46 -1.60   39 Grd  lds</p>
<p>==========================================================================</p>
<p>						    (08-05-97) (	  ) Week to date</p>
<p>Est'd Fed Inspected Cattle Slaughter:     132,000			259,000</p>
<p>=========================================================================</p>
<p>(Chicago newsdesk 312 408 8720)</p>
</text>
<copyright>(c) Reuters Limited 1997</copyright>
<metadata>
<codes class="bip:countries:1.0">
  <code code="USA">
    <editdetail attribution="Reuters BIP Coding Group" action="confirmed" date="1997-08-05"/>
  </code>
</codes>
<codes class="bip:topics:1.0">
  <code code="M14">
    <editdetail attribution="Reuters BIP Coding Group" action="confirmed" date="1997-08-05"/>
  </code>
  <code code="M141">
    <editdetail attribution="Reuters BIP Coding Group" action="confirmed" date="1997-08-05"/>
  </code>
  <code code="MCAT">
    <editdetail attribution="Reuters BIP Coding Group" action="confirmed" date="1997-08-05"/>
  </code>
</codes>
<dc element="dc.publisher" value="Reuters Holdings Plc"/>
<dc element="dc.date.published" value="1997-08-05"/>
<dc element="dc.source" value="Reuters"/>
<dc element="dc.creator.location.country.name" value="USA"/>
<dc element="dc.source" value="Reuters"/>
</metadata>
</newsitem>
