<?xml version="1.0" encoding="iso-8859-1" ?>
<newsitem itemid="777772" id="root" date="1997-08-05" xml:lang="en">
<title>USA: TABLE - Gentner Q4 June 30 net rises.</title>
<headline>TABLE - Gentner Q4 June 30 net rises.</headline>
<dateline>SALT LAKE CITY 1997-08-05</dateline>
<text>
<p>Three mos. to June 30 1997   Three mos. to June 30 1996</p>
<p> Shr profit		 $0.02   profit	 $0.01</p>
<p> Net profit		   120   profit	    53</p>
<p> Revs			 3,534		    3,240</p>
<p>	  12 MONTHS</p>
<p> Shr loss		   $0.05   profit	 $0.04</p>
<p> Net loss		     373   profit	   282</p>
<p> Revs			13,372		   11,469</p>
<p>(All data above 000s except per share numbers)</p>
<p>NOTE: The full name of the company is Gentner Communications Corp.</p>
</text>
<copyright>(c) Reuters Limited 1997</copyright>
<metadata>
<codes class="bip:countries:1.0">
  <code code="USA">
    <editdetail attribution="Reuters BIP Coding Group" action="confirmed" date="1997-08-05"/>
  </code>
</codes>
<codes class="bip:industries:1.0">
  <code code="I34400">
    <editdetail attribution="Reuters BIP Coding Group" action="confirmed" date="1997-08-05"/>
  </code>
</codes>
<codes class="bip:topics:1.0">
  <code code="C15">
    <editdetail attribution="Reuters BIP Coding Group" action="confirmed" date="1997-08-05"/>
  </code>
  <code code="C151">
    <editdetail attribution="Reuters BIP Coding Group" action="confirmed" date="1997-08-05"/>
  </code>
  <code code="C1511">
    <editdetail attribution="Reuters BIP Coding Group" action="confirmed" date="1997-08-05"/>
  </code>
  <code code="CCAT">
    <editdetail attribution="Reuters BIP Coding Group" action="confirmed" date="1997-08-05"/>
  </code>
</codes>
<dc element="dc.date.created" value="1997-08-05"/>
<dc element="dc.publisher" value="Reuters Holdings Plc"/>
<dc element="dc.date.published" value="1997-08-05"/>
<dc element="dc.source" value="Reuters"/>
<dc element="dc.creator.location" value="SALT LAKE CITY"/>
<dc element="dc.creator.location.country.name" value="USA"/>
<dc element="dc.source" value="Reuters"/>
</metadata>
</newsitem>
