<?xml version="1.0" encoding="iso-8859-1" ?>
<newsitem itemid="777731" id="root" date="1997-08-05" xml:lang="en">
<title>LUXEMBOURG: BROKERS SAY ARBED A &quot;BUY&quot; AFTER CSI DEAL.</title>
<headline>BROKERS SAY ARBED A &quot;BUY&quot; AFTER CSI DEAL.</headline>
<byline>Lorrayne Smith</byline>
<dateline>LUXEMBOURG 1997-08-05</dateline>
<text>
<p>Shares in Luxembourg steel maker Arbed, which have lagged the European sector for months, now look poised for a rebound after the group secured a deal last week to buy part of Spanish steel firm CSI, analysts said.</p>
<p>&quot;Having underperformed for nearly two years, Arbed shares may be turning a corner,&quot; Salomon Brothers in London said in a research note in which it upgraded its recommendation on the stock to &quot;buy&quot;.</p>
<p>&quot;The deal will add value to earnings in the short run and enterprise value further out,&quot; it said.</p>
<p>An analyst at another London house, which had a neutral rating on steels as a whole, said Arbed should outperform.</p>
<p>&quot;Arbed has been left behind and the stock is undervalued relative to its fundamentals,&quot; he said. &quot;(The CSI partnership) gives them a lot of options.&quot;</p>
<p>The CSI deal, which will give Arbed valuable access to the Spanish car market, centres around a share swap and involves only a small cash outlay for Arbed which the company says will be between 25 and 30 billion pesetas.</p>
<p>Arbed says it has not yet decided what means it will use to finance the deal, though finding cash would not be a problem. At the same time, it notes, its balance sheet will be strengthened by the deal.</p>
<p>Analysts said the low cash element means Arbed's already high gearing, which one put at 82 pecent, would not be stretched.</p>
<p>Salomon Brothers expected Arbed's gearing to decline somewhat although it would probably stay in the 75 to 80 percent range. The broker forecast that, after the transaction, Arbed's net debt would stand at 88.6 billion francs compared to 81.6 billion at the end of 1996.</p>
<p>Betty Pestiaux, chief analyst at Belgium's Banque Bruxelles Lambert, said while Arbed's main problem was its debt, this would not be weighed down by the first stages of the deal as CSI would effectively be paying for itself.</p>
<p>Under the deal, Arbed will acquire the 35 percent in CSI - Corporacion Siderurgica Integral - by subscribing to a capital increase in CSI amounting to 31 billion Luxembourg francs. It will also get warrants to acquire a further 15 percent of CSI.</p>
<p>In return, CSI will pay 36.4 billion pesetas for 9.5 percent of Arbed in the form of 930,000 newly created Arbed shares.</p>
<p>This values the Arbed shares at about 9,570 francs each, twice the market price on the Brussels bourse.</p>
<p>&quot;Although we would not regard this astonishing valuation as a target price, this clear indication of what the company thinks it is worth should at least support Arbed's (share) price,&quot; Belgium's Generale Bank said in an investor note.</p>
<p>CSI will also buy 25 percent stakes in Arbed companies Sidstahl and Europrofil for an estimated 22 billion pesetas, and acquire other Arbed participations for 40.3 billion pesetas.</p>
<p>Arbed's plan for CSI includes further investment put at over 30 billion francs over the longer term.</p>
<p>&quot;CSI is a profitable company with potential for significant value growth. Arbed will benefit from this even though synergies are not available early,&quot; Salomon Brothers said.</p>
<p>&quot;Since CSI is more profitable than Arbed, and the implied value of CSI's participation exceeds Arbed's likely cash payment on acquisition, we believe this deal will enhance earnings.&quot;</p>
<p>The broker said a potential 1998 price to earnings ratio of 7.6 made the share appear undervalued.</p>
<p>&quot;While we think some caution is appropriate, we believe the shares will outperform as the impact of the deal comes to be understood,&quot; it added.</p>
<p>Arbed shares, already boosted by a positive 1997 outlook for the steel industry published by the European Commission, showed little reaction when the news of the CSI deal was first announced last week.</p>
<p>Dealers said there had been some initial concern about the dilution effect of the deal on Arbed earnings.</p>
<p>The shares rose from 4,295 francs on July 24, the day before the Commission report, to reach 4,565 in the middle of last week, then dipped again.</p>
<p>By midsession on Tuesday they stood 110 francs higher at 4,590, bucking a weaker Brussels market trend.</p>
<p>-- Luxembourg Newsroom +352 47 51 51 200, Fax +352 47 42 52</p>
</text>
<copyright>(c) Reuters Limited 1997</copyright>
<metadata>
<codes class="bip:countries:1.0">
  <code code="LUX">
    <editdetail attribution="Reuters BIP Coding Group" action="confirmed" date="1997-08-05"/>
  </code>
  <code code="SPAIN">
    <editdetail attribution="Reuters BIP Coding Group" action="confirmed" date="1997-08-05"/>
  </code>
</codes>
<codes class="bip:industries:1.0">
  <code code="I22100">
    <editdetail attribution="Reuters BIP Coding Group" action="confirmed" date="1997-08-05"/>
  </code>
  <code code="I35101">
    <editdetail attribution="Reuters BIP Coding Group" action="confirmed" date="1997-08-05"/>
  </code>
</codes>
<codes class="bip:topics:1.0">
  <code code="C15">
    <editdetail attribution="Reuters BIP Coding Group" action="confirmed" date="1997-08-05"/>
  </code>
  <code code="C152">
    <editdetail attribution="Reuters BIP Coding Group" action="confirmed" date="1997-08-05"/>
  </code>
  <code code="C18">
    <editdetail attribution="Reuters BIP Coding Group" action="confirmed" date="1997-08-05"/>
  </code>
  <code code="C181">
    <editdetail attribution="Reuters BIP Coding Group" action="confirmed" date="1997-08-05"/>
  </code>
  <code code="C183">
    <editdetail attribution="Reuters BIP Coding Group" action="confirmed" date="1997-08-05"/>
  </code>
  <code code="CCAT">
    <editdetail attribution="Reuters BIP Coding Group" action="confirmed" date="1997-08-05"/>
  </code>
</codes>
<dc element="dc.date.created" value="1997-08-05"/>
<dc element="dc.publisher" value="Reuters Holdings Plc"/>
<dc element="dc.date.published" value="1997-08-05"/>
<dc element="dc.source" value="Reuters"/>
<dc element="dc.creator.location" value="LUXEMBOURG"/>
<dc element="dc.creator.location.country.name" value="LUXEMBOURG"/>
<dc element="dc.source" value="Reuters"/>
</metadata>
</newsitem>
