<?xml version="1.0" encoding="iso-8859-1" ?>
<newsitem itemid="777722" id="root" date="1997-08-05" xml:lang="en">
<title>INDIA: India Tata AutoComp in tie-up with Mitsubishi.</title>
<headline>India Tata AutoComp in tie-up with Mitsubishi.</headline>
<dateline>BOMBAY 1997-08-05</dateline>
<text>
<p>India's Tata AutoComp Systems Ltd said on Tuesday it had tied up with Japan's Toyo Radiator Co Ltd and Mitsubishi Corp to design and manufacture aluminium brazed radiators for passenger and commercial vehicles.  </p>
<p>&quot;Tata Toyo Radiator Pvt Ltd., as the joint venture is called, will manufacture radiators for suppliers to the Japanese auto manufacturers entering India,&quot; the Tata business group said in a statement.</p>
<p>&quot;The joint venture company is planning an investment of about 500 million rupees at the proposed manufacturing facility near Pune,&quot; the statement added.  </p>
<p>Tata Toyo Radiator will invest in facilities for aluminium brazed radiators, in line with global trends of aluminium radiators replacing traditional copper and brass radiators, which still dominates the Indian market, the group said.</p>
<p>Toyo Radiator is Japan's largest independent radiator manufacturer, supplying to all the major OEMs. Prior to its Indian venture it had made a foray into China, the statement said.</p>
<p>Tata AutoComp Systems Ltd (TACO) is a holding company set up by the Tata group to promote a series of joint venture companies which intend to bring world-class technologies to India and help establish Indian capabilities in engineering and manufacturing, the statement said.</p>
<p>-- Bombay Newsroom +91-22-265 9000</p>
</text>
<copyright>(c) Reuters Limited 1997</copyright>
<metadata>
<codes class="bip:countries:1.0">
  <code code="INDIA">
    <editdetail attribution="Reuters BIP Coding Group" action="confirmed" date="1997-08-05"/>
  </code>
  <code code="JAP">
    <editdetail attribution="Reuters BIP Coding Group" action="confirmed" date="1997-08-05"/>
  </code>
</codes>
<codes class="bip:industries:1.0">
  <code code="I35300">
    <editdetail attribution="Reuters BIP Coding Group" action="confirmed" date="1997-08-05"/>
  </code>
  <code code="I63000">
    <editdetail attribution="Reuters BIP Coding Group" action="confirmed" date="1997-08-05"/>
  </code>
</codes>
<codes class="bip:topics:1.0">
  <code code="C11">
    <editdetail attribution="Reuters BIP Coding Group" action="confirmed" date="1997-08-05"/>
  </code>
  <code code="CCAT">
    <editdetail attribution="Reuters BIP Coding Group" action="confirmed" date="1997-08-05"/>
  </code>
</codes>
<dc element="dc.date.created" value="1997-08-05"/>
<dc element="dc.publisher" value="Reuters Holdings Plc"/>
<dc element="dc.date.published" value="1997-08-05"/>
<dc element="dc.source" value="Reuters"/>
<dc element="dc.creator.location" value="BOMBAY"/>
<dc element="dc.creator.location.country.name" value="INDIA"/>
<dc element="dc.source" value="Reuters"/>
</metadata>
</newsitem>
