<?xml version="1.0" encoding="iso-8859-1" ?>
<newsitem itemid="777744" id="root" date="1997-08-05" xml:lang="en">
<title>CANADA: Toronto exchange reviewing Gandalf listing.</title>
<headline>Toronto exchange reviewing Gandalf listing.</headline>
<dateline>TORONTO 1997-08-05</dateline>
<text>
<p>Toronto Stock Exchange officials are debating whether to stop listing the shares of troubled Gandalf Technologies Inc, under creditor protection since July 25.</p>
<p>&quot;The exchange is reviewing the company for continued listing,&quot; said Toronto Stock Exchange spokesman Steve Kee on Tuesday.</p>
<p>Shares in the computer equipment maker, based near Ottawa, shed 0.14, or 35 percent, to 0.26 in heavy trading today.</p>
<p>Trading in Gandalf's shares on Nasdaq have been halted since July 25, after the market asked for more information.</p>
<p>((Reuters Toronto Bureau (416) 941-8100))</p>
</text>
<copyright>(c) Reuters Limited 1997</copyright>
<metadata>
<codes class="bip:countries:1.0">
  <code code="CANA">
    <editdetail attribution="Reuters BIP Coding Group" action="confirmed" date="1997-08-05"/>
  </code>
</codes>
<codes class="bip:industries:1.0">
  <code code="I33030">
    <editdetail attribution="Reuters BIP Coding Group" action="confirmed" date="1997-08-05"/>
  </code>
</codes>
<codes class="bip:topics:1.0">
  <code code="C14">
    <editdetail attribution="Reuters BIP Coding Group" action="confirmed" date="1997-08-05"/>
  </code>
  <code code="CCAT">
    <editdetail attribution="Reuters BIP Coding Group" action="confirmed" date="1997-08-05"/>
  </code>
</codes>
<dc element="dc.date.created" value="1997-08-05"/>
<dc element="dc.publisher" value="Reuters Holdings Plc"/>
<dc element="dc.date.published" value="1997-08-05"/>
<dc element="dc.source" value="Reuters"/>
<dc element="dc.creator.location" value="TORONTO"/>
<dc element="dc.creator.location.country.name" value="CANADA"/>
<dc element="dc.source" value="Reuters"/>
</metadata>
</newsitem>
