<?xml version="1.0" encoding="iso-8859-1" ?>
<newsitem itemid="777778" id="root" date="1997-08-05" xml:lang="en">
<title>USA: Casino Magic riverboat sale scuttled.</title>
<headline>Casino Magic riverboat sale scuttled.</headline>
<dateline>BAY SAINT LOUIS, Miss. 1997-08-05</dateline>
<text>
<p>Casino Magic Corp said on Tuesday that the California-based company, which had agreed to buy the Crescent City Queen riverboat for $12.25 million, does not intend to complete the deal.</p>
<p>On July 2, 1997, Casino Magic had announced the agreement to sell the Crescent City Queen riverboat</p>
<p>Casino Magic had intended to use proceeds from the sale to accelerate development of its Bossier City, Louisiana, riverboat casino which opened in October 1996, the company had said.</p>
<p>A Casino Magic spokesman said other parties are in talks with the company to acquire the riverboat.</p>
<p>The Crescent City Queen is a gaming vessel that is not presently being used and does not have any equipment on it, the spokesman said.</p>
</text>
<copyright>(c) Reuters Limited 1997</copyright>
<metadata>
<codes class="bip:countries:1.0">
  <code code="USA">
    <editdetail attribution="Reuters BIP Coding Group" action="confirmed" date="1997-08-05"/>
  </code>
</codes>
<codes class="bip:industries:1.0">
  <code code="I97912">
    <editdetail attribution="Reuters BIP Coding Group" action="confirmed" date="1997-08-05"/>
  </code>
</codes>
<codes class="bip:topics:1.0">
  <code code="C18">
    <editdetail attribution="Reuters BIP Coding Group" action="confirmed" date="1997-08-05"/>
  </code>
  <code code="C182">
    <editdetail attribution="Reuters BIP Coding Group" action="confirmed" date="1997-08-05"/>
  </code>
  <code code="CCAT">
    <editdetail attribution="Reuters BIP Coding Group" action="confirmed" date="1997-08-05"/>
  </code>
</codes>
<dc element="dc.date.created" value="1997-08-05"/>
<dc element="dc.publisher" value="Reuters Holdings Plc"/>
<dc element="dc.date.published" value="1997-08-05"/>
<dc element="dc.source" value="Reuters"/>
<dc element="dc.creator.location" value="BAY SAINT LOUIS, Miss."/>
<dc element="dc.creator.location.country.name" value="USA"/>
<dc element="dc.source" value="Reuters"/>
</metadata>
</newsitem>
