<?xml version="1.0" encoding="iso-8859-1" ?>
<newsitem itemid="777739" id="root" date="1997-08-05" xml:lang="en">
<title>EU: Official Journal contents - OJ L 211 of August 5, 1997.</title>
<headline>Official Journal contents - OJ L 211 of August 5, 1997.</headline>
<text>
<p>*</p>
<p>(Note - contents are displayed in reverse order to that in the printed Journal)</p>
<p>*</p>
<p>Corrigendum to Commission Regulation (EC) No 1560/97 of 1 August 1997 on the issue of import licences for frozen thin skirt of bovine animals (Official Journal of the European Communities No L 208 of 2 August 1997)</p>
<p>Corrigendum to Commission Decision No 1401/97/ECSC of 7 July 1997 on administering certain restrictions on imports of certain steel products from Ukraine (Official Journal of the European Communities No L 193 of 22 July 1997)</p>
<p>COMMISSION DECISION of 3 July 1997 concerning a request for exemption submitted by Belgium pursuant to Article 8 (2) (c) of Council Directive 70/156/EEC on the approximation of the laws of the Member States relating to the type-approval of motor vehicles and their trailers (Only the French and Dutch texts are authentic) (97/504/EC)</p>
<p>COMMISSION DECISION of 3 July 1997 concerning a request for exemption submitted by Spain pursuant to Article 8 (2) (c) of Council Directive 70/156/EEC on the approximation of the laws of the Member States relating to the type-approval of motor vehicles and their trailers (Only the Spanish text is authentic) (97/503/EC)</p>
<p>COMMISSION DECISION of 3 July 1997 concerning a request for exemption submitted by the United Kingdom pursuant to Article 8 (2) (c) of Council Directive 70/156/EEC on the approximation of the laws of the Member States relating to the type-approval of motor vehicles and their trailers (Only the English text is authentic) (97/502/EC)</p>
<p>COMMISSION DECISION of 3 July 1997 concerning a request for exemption submitted by the United Kingdom pursuant to Article 8 (2) (c) of Council Directive 70/156/EEC on the approximation of the laws of the Member States relating to the type-approval of motor vehicles and their trailers (Only the English text is authentic) (97/501/EC)</p>
<p>COMMISSION DECISION of 3 July 1997 concerning a request for exemption submitted by the United Kingdom pursuant to Article 8 (2) (c) of Council Directive 70/156/EEC on the approximation of the laws of the Member States relating to the type-approval of motor vehicles and their trailers (Only the English text is authentic) (97/500/EC)</p>
<p>COMMISSION DECISION of 3 July 1997 concerning a request for exemption submitted by the United Kingdom pursuant to Article 8 (2) (c) of Council Directive 70/156/EEC on the approximation of the laws of the Member States relating to the type-approval of motor vehicles and their trailers (Only the English text is authentic) (97/499/EC)</p>
<p>COMMISSION DECISION of 3 July 1997 concerning a request for exemption submitted by the United Kingdom pursuant to Article 8 (2) (c) of Council Directive 70/156/EEC on the approximation of the laws of the Member States relating to the type-approval of motor vehicles and their trailers (Only the English text is authentic) (97/498/EC)</p>
<p>COMMISSION DECISION of 3 July 1997 concerning a request for exemption submitted by Italy pursuant to Article 8 (2) (c) of Council Directive 70/156/EEC on the approximation of the laws of the Member States relating to the type-approval of motor vehicles and their trailers (Only the Italian text is authentic) (97/497/EC)</p>
<p>COMMISSION DECISION of 3 July 1997 concerning a request for exemption submitted by Belgium pursuant to Article 8 (2) (c) of Council Directive 70/156/EEC on the approximation of the laws of the Member States relating to the type-approval of motor vehicles and their trailers (Only the French and Dutch texts are authentic) (97/496/EC)</p>
<p>COMMISSION DECISION of 3 July 1997 concerning a request for exemption submitted by Belgium pursuant to Article 8 (2) (c) of Council Directive 70/156/EEC on the approximation of the laws of the Member States relating to the type-approval of motor vehicles and their trailers (Only the French and Dutch texts are authentic) (97/495/EC)</p>
<p>COMMISSION DECISION of 3 July 1997 concerning a request for exemption submitted by Belgium pursuant to Article 8 (2) (c) of Council Directive 70/156/EEC on the approximation of the laws of the Member States relating to the type-approval of motor vehicles and their trailers (Only the French and Dutch texts are authentic) (97/494/EC)</p>
<p>COMMISSION DECISION of 3 July 1997 concerning a request for exemption submitted by Belgium pursuant to Article 8 (2) (c) of Council Directive 70/156/EEC on the approximation of the laws of the Member States relating to the type-approval of motor vehicles and their trailers (Only the French and Dutch texts are authentic) (97/493/EC)</p>
<p>COMMISSION DECISION of 3 July 1997 concerning a request for exemption submitted by Belgium pursuant to Article 8 (2) (c) of Council Directive 70/156/EEC on the approximation of the laws of the Member States relating to the type-approval of motor vehicles and their trailers (Only the French and Dutch texts are authentic) (97/492/EC)</p>
<p>COMMISSION DECISION of 3 July 1997 concerning a request for exemption submitted by Belgium pursuant to Article 8 (2) (c) of Council Directive 70/156/EEC on the approximation of the laws of the Member States relating to the type-approval of motor vehicles and their trailers (Only the French and Dutch texts are authentic) (97/491/EC)</p>
<p>COMMISSION DECISION of 3 July 1997 concerning a request for exemption submitted by Belgium pursuant to Article 8 (2) (c) of Council Directive 70/156/EEC on the approximation of the laws of the Member States relating to the type-approval of motor vehicles and their trailers (Only the French and Dutch texts are authentic) (97/490/EC)</p>
<p>COMMISSION DECISION of 3 July 1997 concerning a request for exemption submitted by the Netherlands pursuant to Article 8 (2) (c) of Council Directive 70/156/EEC on the approximation of the laws of the Member States relating to the type-approval of motor vehicles and their trailers (Only the Dutch text is authentic) (97/489/EC)</p>
<p>COMMISSION DECISION of 3 July 1997 concerning a request for exemption submitted by the Netherlands pursuant to Article 8 (2) (c) of Council Directive 70/156/EEC on the approximation of the laws of the Member States relating to the type-approval of motor vehicles and their trailers (Only the Dutch text is authentic) (97/488/EC)</p>
<p>COMMISSION DECISION of 3 July 1997 concerning a request for exemption submitted by Luxembourg pursuant to Article 8 (2) (c) of Council Directive 70/156/EEC on the approximation of the laws of the Member States relating to the type-approval of motor vehicles and their trailers (Only the French text is authentic) (97/487/EC)</p>
<p>COMMISSION DECISION of 3 July 1997 concerning a request for exemption submitted by Luxembourg pursuant to Article 8 (2) (c) of Council Directive 70/156/EEC on the approximation of the laws of the Member States relating to the type-approval of motor vehicles and their trailers (Only the French text is authentic) (97/486/EC)</p>
<p>COMMISSION DIRECTIVE 97/47/EC of 28 July 1997 amending the Annexes to Council Directives 77/101/EEC, 79/373/EEC and 91/357/EEC (Text with EEA relevance)</p>
<p>COMMISSION REGULATION (EC) No 1575/97 of 4 August 1997 amending the export taxes on cereal products</p>
<p>COMMISSION REGULATION (EC) No 1574/97 of 4 August 1997 providing for the rejection of applications for export licences in relation to cereal products</p>
<p>COMMISSION REGULATION (EC) No 1573/97 of 4 August 1997 establishing the standard import values for determining the entry price of certain fruit and vegetables</p>
<p>COMMISSION REGULATION (EC) No 1572/97 of 4 August 1997 amending Regulation (EC) No 1445/95 on rules of application for import and export licences in the beef and veal sector</p>
<p>COMMISSION REGULATION (EC) No 1571/97 of 4 August 1997 fixing, for July 1997, the specific agricultural conversion rate for the amount of the reimbursement of storage costs in the sugar sector</p>
<p>COMMISSION REGULATION (EC) No 1570/97 of 4 August 1997 on the sale by tender of beef held by certain intervention agencies and intended for processing within the Community</p>
<p>COMMISSION REGULATION (EC) No 1569/97 of 4 August 1997 on the supply of cereals as food aid</p>
<p>COUNCIL REGULATION (EC) No 1568/97 of 24 July 1997 adopting autonomous and transitional measures for the preferential trade arrangements with Poland, Hungary, Slovakia, the Czech Republic, Romania and Bulgaria in certain processed agricultural products END OF DOCUMENT.</p>
</text>
<copyright>(c) Reuters Limited 1997</copyright>
<metadata>
<codes class="bip:countries:1.0">
  <code code="EEC">
    <editdetail attribution="Reuters BIP Coding Group" action="confirmed" date="1997-08-05"/>
  </code>
</codes>
<codes class="bip:topics:1.0">
  <code code="G15">
    <editdetail attribution="Reuters BIP Coding Group" action="confirmed" date="1997-08-05"/>
  </code>
  <code code="GCAT">
    <editdetail attribution="Reuters BIP Coding Group" action="confirmed" date="1997-08-05"/>
  </code>
</codes>
<dc element="dc.publisher" value="Reuters Holdings Plc"/>
<dc element="dc.date.published" value="1997-08-05"/>
<dc element="dc.source" value="Reuters"/>
<dc element="dc.creator.location.country.name" value="EU"/>
<dc element="dc.source" value="Reuters"/>
</metadata>
</newsitem>
