<?xml version="1.0" encoding="iso-8859-1" ?>
<newsitem itemid="777702" id="root" date="1997-08-05" xml:lang="en">
<title>USA: Clinton seeks place in history with budget law.</title>
<headline>Clinton seeks place in history with budget law.</headline>
<byline>Steve Holland</byline>
<dateline>WASHINGTON 1997-08-05</dateline>
<text>
<p>Seeking to solidify his place in history, President Bill Clinton on Tuesday will sign landmark legislation that aims to balance the U.S. budget and cut taxes at the same time.</p>
<p>The legislation was approved by the Republican-controlled Congress last week, and to show the bipartisan nature of the bill, the White House has invited House of Representatives Speaker Newt Gingrich to join Clinton in making remarks at the South Lawn ceremony.</p>
<p>Vice President Al Gore will also speak, as will the ranking Democrat on the Senate Budget Committee, Sen. Frank Lautenberg of New Jersey. Among the expected crowd of 700 will be members of Congress, Cabinet officers, and representatives from labour, education, the elderly and other groups.</p>
<p>Enactment of the law may well be the crowning achievement of Clinton's second term as he attempts to secure a favourable place in history while presiding over a nation at peace and with a booming economy.</p>
<p>His agreement to enter into negotiations for a balanced budget was a stark turnabout for a Democratic president who had to be dragged into the debate by Republicans when they seized control of Congress in 1994.</p>
<p>The day before the ceremony, Clinton went to great pains to defend the budget plan against critics, who say its $95 billion in tax cuts are tilted toward the wealthy.</p>
<p>A $500-per-child tax credit will help the middle class, he told the National Urban League, such as &quot;firefighters, police officers, nurses, teachers, technicians, people who deserve all the help they can get to raise their children.&quot;</p>
<p>And lest people think he knuckled under to Republican demands, Clinton said many Democratic goals were achieved in the bill. A $24 billion programme for children's health will be created, he noted, and new spending on education will be the most in over 30 years.</p>
<p>The legislation also takes some of the sting out of the welfare law Clinton signed last year by restoring benefits to legal immigrants.</p>
<p>&quot;We have to be about the business of giving people the power to make the most of their own lives and their families and their neighbourhoods and their communities,&quot; he told the National Urban League.</p>
<p>The two opposing parties were helped along in their drive to balance the budget by a robust economy generating tax revenues that have already sliced the deficit this year to unheard-of levels.</p>
<p>The Treasury Department reported last month that the federal budget deficit shrank to $10.87 billion for the first nine months of the fiscal year. The United States has not posted a budget surplus since 1969.</p>
<p>Robert Reischauer, a budget analyst at the Brookings Institution think tank, called the budget deal historic but noted that &quot;like most history, it has been built over a number of years.&quot;</p>
<p>Reischauer argued that the effort to balance the budget began with former President George Bush's decision to raise taxes in 1990, violating his &quot;no new taxes&quot; campaign promise. The move is widely credited with costing him the 1992 election.</p>
<p>It was given a push by Clinton's 1993 economic programme, which passed Congress without a single Republican vote, and by the Republican seizure of Congress the next year.</p>
</text>
<copyright>(c) Reuters Limited 1997</copyright>
<metadata>
<codes class="bip:countries:1.0">
  <code code="USA">
    <editdetail attribution="Reuters BIP Coding Group" action="confirmed" date="1997-08-05"/>
  </code>
</codes>
<codes class="bip:topics:1.0">
  <code code="E21">
    <editdetail attribution="Reuters BIP Coding Group" action="confirmed" date="1997-08-05"/>
  </code>
  <code code="E211">
    <editdetail attribution="Reuters BIP Coding Group" action="confirmed" date="1997-08-05"/>
  </code>
  <code code="GPOL">
    <editdetail attribution="Reuters BIP Coding Group" action="confirmed" date="1997-08-05"/>
  </code>
</codes>
<dc element="dc.date.created" value="1997-08-05"/>
<dc element="dc.publisher" value="Reuters Holdings Plc"/>
<dc element="dc.date.published" value="1997-08-05"/>
<dc element="dc.source" value="Reuters"/>
<dc element="dc.creator.location" value="WASHINGTON"/>
<dc element="dc.creator.location.country.name" value="USA"/>
<dc element="dc.source" value="Reuters"/>
</metadata>
</newsitem>
