<?xml version="1.0" encoding="iso-8859-1" ?>
<newsitem itemid="777774" id="root" date="1997-08-05" xml:lang="en">
<title>USA: TABLE - Zonagen Inc Q2 shr loss widens.</title>
<headline>TABLE - Zonagen Inc Q2 shr loss widens.</headline>
<dateline>THE WOODLANDS, Texas 1997-08-05</dateline>
<text>
<p>Three Months Ended  Six Months Ended</p>
<p>				  June 30,		June 30,</p>
<p>			  1997	  1996	  1997	  1996</p>
<p>Revenues</p>
<p>  Product Sales  $780,482    $640,437  $1,601,835  $1,379,777</p>
<p>  Interest Income  66,526	35,986     187,888	87,088</p>
<p>Total Revenues</p>
<p>			847,008     676,423   1,789,723   1,466,865</p>
<p>Costs and Expenses</p>
<p>Cost of Products Sold</p>
<p>			496,597     438,756   1,067,843     956,115</p>
<p>Research and</p>
<p>   Development  4,483,328   1,090,000   8,495,417   2,253,263</p>
<p>Sales, General and</p>
<p>Administrative</p>
<p>			717,635     628,057   1,315,509   1,235,391</p>
<p>Interest Expense and</p>
<p>   Amortization    54,647	54,581     108,589     1O8,165</p>
<p>Total Expenses</p>
<p>		    5,752,207   2,211,394  10,987,358   4,552,934</p>
<p> Net Loss     (4,905,199) (1,534,971) (9,197,635) (3,086,069)</p>
<p>Net Loss per</p>
<p>  Common Share     (0.65)	(0.32)	(1.27)	(0.66)</p>
<p>Weighted Average Common</p>
<p>Shares used in Computing</p>
<p>Net Loss per Common</p>
<p>  Share	   7,579,707   4,857,549   7,235,345   4,644,966</p>
<p>((-- New York Newsdesk 212-859-1610))</p>
</text>
<copyright>(c) Reuters Limited 1997</copyright>
<metadata>
<codes class="bip:countries:1.0">
  <code code="USA">
    <editdetail attribution="Reuters BIP Coding Group" action="confirmed" date="1997-08-05"/>
  </code>
</codes>
<codes class="bip:industries:1.0">
  <code code="I25700">
    <editdetail attribution="Reuters BIP Coding Group" action="confirmed" date="1997-08-05"/>
  </code>
</codes>
<codes class="bip:topics:1.0">
  <code code="C15">
    <editdetail attribution="Reuters BIP Coding Group" action="confirmed" date="1997-08-05"/>
  </code>
  <code code="C151">
    <editdetail attribution="Reuters BIP Coding Group" action="confirmed" date="1997-08-05"/>
  </code>
  <code code="CCAT">
    <editdetail attribution="Reuters BIP Coding Group" action="confirmed" date="1997-08-05"/>
  </code>
</codes>
<dc element="dc.date.created" value="1997-08-05"/>
<dc element="dc.publisher" value="Reuters Holdings Plc"/>
<dc element="dc.date.published" value="1997-08-05"/>
<dc element="dc.source" value="Reuters"/>
<dc element="dc.creator.location" value="THE WOODLANDS, Texas"/>
<dc element="dc.creator.location.country.name" value="USA"/>
<dc element="dc.source" value="Reuters"/>
</metadata>
</newsitem>
