<?xml version="1.0" encoding="iso-8859-1" ?>
<newsitem itemid="777724" id="root" date="1997-08-05" xml:lang="en">
<title>SOUTH AFRICA: S.AFRICA'S AFRIBRAND SOARS ON JSE DEBUT.</title>
<headline>S.AFRICA'S AFRIBRAND SOARS ON JSE DEBUT.</headline>
<dateline>JOHANNESBURG 1997-08-05</dateline>
<text>
<p>South Africa's Afribrand Holdings Ltd made a strong debut on the Johannesburg Stock Exchange, dealers said on Tuesday.</p>
<p>The share was the most active on the bourse, trading at 208 cents from its 100 cents issue price, after touching a high of 210 cents and a low of 196 cents. Volumes traded were 7.5 million shares valued at about 15 million rand.</p>
<p>&quot;It is outstanding. It is above general market expectations and the volume is exceptionally large,&quot; one dealer said.</p>
<p>Afribrand said at the weekend that the premium on the one rand issue price could be between 150 and 200 cents. It specialises in marketing and distributing branded products into lower economic markets and particularly hawker shop sectors.</p>
<p>The company said that its private placing of shares was 75 times oversubscribed, one of the highest over-subscriptions for a share offer in South African investment history.</p>
<p>Local and foreign investors tried to pour 750 million rand into the company's 10 million rand public share offer in efforts to obtain a holding in the company.</p>
<p>Dealers said the share would trade in a band of 190 and 210 cents during the day, coming off slightly in the afternoon as the excitement diminished.</p>
<p>-- Johannesburg newsroom +27 11 482-1003</p>
</text>
<copyright>(c) Reuters Limited 1997</copyright>
<metadata>
<codes class="bip:countries:1.0">
  <code code="SAFR">
    <editdetail attribution="Reuters BIP Coding Group" action="confirmed" date="1997-08-05"/>
  </code>
</codes>
<codes class="bip:topics:1.0">
  <code code="M11">
    <editdetail attribution="Reuters BIP Coding Group" action="confirmed" date="1997-08-05"/>
  </code>
</codes>
<dc element="dc.date.created" value="1997-08-05"/>
<dc element="dc.publisher" value="Reuters Holdings Plc"/>
<dc element="dc.date.published" value="1997-08-05"/>
<dc element="dc.source" value="Reuters"/>
<dc element="dc.creator.location" value="JOHANNESBURG"/>
<dc element="dc.creator.location.country.name" value="SOUTH AFRICA"/>
<dc element="dc.source" value="Reuters"/>
</metadata>
</newsitem>
