<?xml version="1.0" encoding="iso-8859-1" ?>
<newsitem itemid="777736" id="root" date="1997-08-05" xml:lang="en">
<title>EU: Reuters Long-Term EU Diary for August 11 - December 31, 1997.</title>
<headline>Reuters Long-Term EU Diary for August 11 - December 31, 1997.</headline>
<text>
<p>****</p>
<p>HIGHLIGHTS</p>
<p>****</p>
<p>LUXEMBOURG - Luxembourg hosts summit of European Union leaders (December 12-13).</p>
<p>END OF SEPTEMBER</p>
<p>NEW YORK - NATO and Russia hold council at ministerial level.</p>
<p>SUNDAY, SEPTEMBER 7</p>
<p>ECHTERNACH, Luxembourg - EU agriculture ministers hold informal meeting (To September 9). No agenda yet available.</p>
<p>WEDNESDAY, SEPTEMBER 10</p>
<p>BRUSSELS (NEW ITEM) - Centre for European Policy Studies (CEPS) holds conference on &quot;Regional policy and business investments in an enlarged EU&quot; (0845/0645 GMT). Speakers include: Chairman of the European Parliament Budgets Committee Detlev Samland. Venue: CEPS. Contact: CEPS (322) 229 3911.</p>
<p>FRIDAY, SEPTEMBER 12</p>
<p>MONDORF, Luxembourg - EU finance ministers hold informal meeting (To September 14). No agenda yet available.</p>
<p>BRUSSELS (NEW ITEM) - Centre for European Policy Studies (CEPS) holds lunchtime seminar on &quot;Reporting the European Union&quot; (1315/1115 GMT). Venue: CEPS. Contact: CEPS (322) 229 3911.</p>
<p>MONDAY, SEPTEMBER 15</p>
<p>BRUSSELS - EU foreign ministers meet (To September 16). No agenda yet available.</p>
<p>STRASBOURG (EXPANDED ITEM) - European Parliament holds plenary session (To September 19). Agenda items include relations with African, Caribbean and Pacific countries, comparative advertising, RAPHAEL cultural programme, postal services, equality between men and women, sexual exploitation of women, draft 1998 EU budget, protection of personal data, EU-Turkey customs union, mechanism for monitoring carbon dioxide emissions, universal service in a competitive telecommunications environment.</p>
<p>BILBAO, Spain (NEW ITEM) - Luxembourg EU Presidency and the European Agency for Safety and Health at Work hold joint conference on &quot;Good Safety and Health - Good Business for Europe&quot;. Speakers include: Luxembourg Prime Minister Jean-Claude Juncker, Spanish Prime Minister Jose Maria Aznar Lopez, European Parliament President Jose Maria Gil-Robles, European Employment and Social Affairs Commissioner Padraig Flynn. Contact: Alun Jones, European Agency for Safety and Health at Work (344) 479 4377.</p>
<p>WEDNESDAY, SEPTEMBER 17</p>
<p>BRUSSELS - EU Committee of the Regions holds plenary session (To September 18).</p>
<p>THURSDAY, SEPTEMBER 18</p>
<p>STOCKHOLM - European Foundation for Quality Management (EFQM) hosts European business excellence forum (To Sept 19). Participants include former High Representative to Bosnia Carl Bildt. Contact: EFQM (322) 775 3511.</p>
<p>FRIDAY, SEPTEMBER 19</p>
<p>BANGKOK - European and Asian finance ministers meet under the Asia-Europe Meeting (ASEM) framework.</p>
<p>BRUSSELS (NEW ITEM) - Centre for European Policy Studies (CEPS) holds lunchtime seminar on &quot;EU enlargement: assessing the candidates&quot; (1315/1115 GMT). Venue: CEPS. Contact: CEPS (322) 229 3911.</p>
<p>MONDAY, SEPTEMBER 22</p>
<p>BRUSSELS - EU agriculture ministers meet (To September 23). No agenda yet available.</p>
<p>BRUSSELS (NEW ITEM) - Centre for European Policy Studies (CEPS) holds lunchtime seminar on &quot;Israel's association agreement with the European Union&quot; (1315/1115 GMT). Speaker is Israel Ambassador to the EU Efraim Halevy. Venue: CEPS. Contact: CEPS (322) 229 3911.</p>
<p>TUESDAY, SEPTEMBER 23</p>
<p>BRUSSELS - European Federation of Health Products Manufacturers' Association holds conference on &quot;The Regulation of Food Supplements in the EU&quot;. Contact: Terry Woodger (44) 1276 451 647.</p>
<p>WEDNESDAY, SEPTEMBER 24</p>
<p>BRUSSELS (NEW ITEM) - Centre for European Policy Studies (CEPS) holds conference on &quot;Turkey: political and economic challenges and opportunities ahead&quot; (0945/0745 GMT). Venue: CEPS. Contact: CEPS (322) 229 3911.</p>
<p>THURSDAY, SEPTEMBER 25</p>
<p>BRUSSELS - Airtouch and Unisource hold conference on EU telecoms liberalisation. Participants include Airtouch Europe International Operations Europe Vice President Vern Tyerman and Unisource Chairman of the Board Paul Smits. Venue: Amigo Hotel. Contact: Adriana Nugter, European Public Policy (322) 627 0790.</p>
<p>BRUSSELS - International Centre of Research and Information on the Public and Cooperative Economy (CIRIEC) holds conference on &quot;The public, social and cooperative economy and the general interest - Which roles in the 21st century?&quot; (0830/0630 GMT) (To September 26). Speakers include European Commissioner Monika Wulf-Mathies. Venue: Palais des Congres. Contact: CIRIEC (322) 366 2746.</p>
<p>SATURDAY, SEPTEMBER 27</p>
<p>TOKYO - Asian and European economy ministers meet under the Asia-Europe Meeting (ASEM) framework. (To September 29).</p>
<p>MONDAY, SEPTEMBER 29</p>
<p>BRUSSELS (NEW ITEM) - Centre for European Policy Studies (CEPS) holds lunchtime seminar on &quot;The energy charter treaty: a fresh start for East-West energy business&quot; (1315/1115 GMT). Venue: CEPS. Contact: CEPS (322) 229 3911.</p>
<p>BRUSSELS - Euromanagement hosts third annual conference on &quot;National telecoms debate&quot; (0830/0630 GMT) (To September 30). Venue: Holiday Inn. Contact: Christiane Vander Motte (322) 469 3650.</p>
<p>WEDNESDAY, OCTOBER 1</p>
<p>BRUSSELS - European Parliament holds mini session (To October 2).</p>
<p>BRUSSELS - EU Economic and Social Committee (ECOSOC) holds plenary session (To October 2).</p>
<p>BRUSSELS - Global Standards Conference holds conference on &quot;Building the global information society for the 21st century - New applications and business opportunities - Coherent standards and regulations&quot; (To October 3). Venue: Palace Hotel. Contact: European Commission Directorate-General III (Industry) (322) 511 7455.</p>
<p>MAASTRICHT - NATO defence ministers hold informal meeting (To Oct 2).</p>
<p>THURSDAY, OCTOBER 2</p>
<p>LUXEMBOURG - EU telecoms ministers meet. No agenda yet available.</p>
<p>BRUSSELS - European Parliament holds mini session (second of two days). Provisional agenda includes advance debate on the EU jobs summit.</p>
<p>VIENNA - European Intermodal Association (EIA) holds conference on &quot;Europe towards intermodal transport&quot; (0930/0730 GMT) (To October 3). Speakers include: European Commissioner Kinnock. Venue: Hilton Hotel. Contact: EIA (322) 514 5654.</p>
<p>FRIDAY, OCTOBER 3</p>
<p>ECHTERNACH, Luxembourg - EU internal market ministers hold informal meeting and structured dialogue with Central and East European countries (To October 4). No agenda yet available.</p>
<p>MONDAY, OCTOBER 6</p>
<p>LUXEMBOURG - EU foreign ministers meet (To October 7). No agenda yet available.</p>
<p>TUESDAY, OCTOBER 7</p>
<p>LUXEMBOURG - EU employment and social affairs ministers meet. No agenda yet available.</p>
<p>BRUSSELS - Aeronautica holds &quot;The European air transport conference&quot; (To October 8). The theme of the conference is globalisation and in this context it will look closely at airline profitability, alliances, competition and safety. Venue: Sheraton Hotel and Towers. Contact: Aeronautica (44) 181 893 3795.</p>
<p>THURSDAY, OCTOBER 9</p>
<p>LUXEMBOURG - EU transport ministers meet and hold structured dialogue with Central and East European countries. No agenda yet available.</p>
<p>MONDORF, Luxembourg - EU justice and home affairs ministers hold informal meeting (To October 10). No agenda yet available.</p>
<p>BRUSSELS - European Association of Fresh Produce Importers (CIMO) holds conference on &quot;Internalisation of international trade: towards free trade and balanced markets&quot; (0930/0730 GMT) (To Oct 10). Venue: Sheraton Hotel. Contact: CIMO (322) 771 3635.</p>
<p>BONN - Committee of the Regions holds seminar on &quot;Cross-border and inter-regonal cooperation&quot;. Contact: Committee of the Regions (322) 282 2155.</p>
<p>SUNDAY, OCTOBER 12</p>
<p>SPAIN (NEW ITEM) - European Commission sponsors all-star football tournament as part of European Year Against Racism, with teams captained by Diego Maradona, Eric Cantona and George Weah.</p>
<p>MONDAY, OCTOBER 13</p>
<p>LUXEMBOURG - EU finance ministers meet. No agenda yet available.</p>
<p>WEDNESDAY, OCTOBER 15</p>
<p>BRUSSELS - Cogen Europe holds fourth annual conference on &quot;Limiting climate change - The role of decentralised congeneration&quot; (To October 16). Venue: Sheraton Hotel. Contact: Cogen Europe (322) 772 8290.</p>
<p>THURSDAY, OCTOBER 16</p>
<p>LUXEMBOURG - EU environment ministers meet (or October 26). No agenda yet available.</p>
<p>MONDAY, OCTOBER 20</p>
<p>LUXEMBOURG - EU agriculture ministers meet (To October 21). No agenda yet available.</p>
<p>STRASBOURG - European Parliament holds plenary session (To October 24).</p>
<p>WEDNESDAY, OCTOBER 22</p>
<p>STRASBOURG - European Parliament holds debate on the state of the EU, European Commission work programme for 1998.</p>
<p>AALBORG, Denmark - Euro Communication '97 conference &quot;Electronic government - as a driving force for the information society&quot; (0900/0700 GMT) (To October 24). Venue: Congress and Culture Centre. Contact: Congress and Culture Centre (45) 99 35 5555.</p>
<p>THURSDAY, OCTOBER 23</p>
<p>ATHENS - EU Committee of the Regions holds seminar on &quot;Combined transport&quot;. Contact: Committee of the Regions (322) 282 2155.</p>
<p>SATURDAY, OCTOBER 25</p>
<p>MONDORF, Luxembourg - EU foreign ministers hold informal meeting (To October 26).</p>
<p>WEDNESDAY, OCTOBER 29</p>
<p>BRUSSELS - EU Economic and Social Committee (ECOSOC) holds plenary session (To October 30).</p>
<p>LONDON - Agra Europe holds conference on &quot;Food &amp; agribusiness in Central and Eastern Europe&quot; (To Oct 30). Contact: Agra Europe (44) 1892 511 807.</p>
<p>THURSDAY, OCTOBER 30</p>
<p>LUXEMBOURG - EU fisheries ministers meet. No agenda yet available.</p>
<p>LUXEMBOURG - Luxembourg EU Presidency hosts high-level meeting in the framework of preparations for the second Asia-Europe Meeting (ASEM) summit to be held in London in April 1998.</p>
<p>MARRAKESH - Euro-Mediterranean ministerial meeting on industrial cooperation (To October 31).</p>
<p>MONDAY, NOVEMBER 3</p>
<p>BRUSSELS - EU consumers ministers meet. No agenda yet available.</p>
<p>BRUSSELS (NEW ITEM) - European Commission and the European Parliament hold joint conference on &quot;Food law and food policy&quot; (To Nov 4).</p>
<p>WEDNESDAY, NOVEMBER 5</p>
<p>BRUSSELS - European Parliament holds mini session (To November 6).</p>
<p>THURSDAY, NOVEMBER 6</p>
<p>LIBREVILLE, Gabon - African, Caribbean, Pacific heads of state and government hold summit (To November 7).</p>
<p>BRUSSELS (NEW ITEM) - European Society of Transport Institutes (ESTI) and European Commission Directorates-General VII (Transport) and XIII (Information Technology) hold conference on &quot;The role of transport research for policy development in the European Union&quot; (To November 7). Venue: ESTI, rue Archimede 5, Bte 11, 1000 Brussels. Contact: Laetitia Hoste (ESTI) (322) 230 0514.</p>
<p>MONDAY, NOVEMBER 10</p>
<p>BRUSSELS - EU research ministers meet. No agenda yet available.</p>
<p>BRUSSELS - EU foreign ministers meet.</p>
<p>WEDNESDAY, NOVEMBER 12</p>
<p>BRUSSELS - Eurocommerce holds eighth European day of commerce on &quot;Europe, commerce and consumers - Meeting consumer expectations&quot; (To November 13). Panels will discuss consumer information on the euro, electronic commerce and environment-friendly consumption. Participants include European Parliament President Jose Maria Gil Robles, European Commissioners Brittan and Bonino. Venue: Hilton Hotel. Contact: Eurocommerce (322) 230 6689.</p>
<p>TOULOUSE, France - European People's Party (EPP) holds congress on &quot;Europe and globalisation&quot; (To November 14). Contact: EPP (322) 285 41 57.</p>
<p>THURSDAY, NOVEMBER 13</p>
<p>BRUSSELS - EU industry ministers meet. No agenda yet available. 051325</p>
<p>MONDAY, NOVEMBER 17</p>
<p>BRUSSELS - EU finance ministers meet. No agenda yet available.</p>
<p>BRUSSELS - EU agriculture ministers meet (To November 18). No agenda yet available.</p>
<p>STRASBOURG - European Parliament holds plenary session (To November 21).</p>
<p>WEDNESDAY, NOVEMBER 19</p>
<p>BRUSSELS - (possibly) EU fisheries ministers meet. No agenda yet available.</p>
<p>BRUSSELS - EU Committee of the Regions holds plenary session (To November 20).</p>
<p>THURSDAY, NOVEMBER 20</p>
<p>BRUSSELS - EU education ministers meet and hold structured dialogue with Central and East European countries. No agenda yet available.</p>
<p>MILAN - Third European conference for craft/trade and small businesses (To November 22). Contact: UEAPME (322) 230 7599.</p>
<p>FRIDAY, NOVEMBER 21</p>
<p>BRUSSELS - EU budget ministers meet. No agenda yet available.</p>
<p>MONDAY, NOVEMBER 24</p>
<p>BRUSSELS - EU foreign ministers meet (To November 25). No agenda yet available.</p>
<p>BRUSSELS - EU culture ministers meet. No agenda yet available.</p>
<p>LUXEMBOURG - The European Finance Convention and the Euro Week hold 11th annual convention (To November 28). Main topics discussed are the euro's impact on financial markets; European payment systems and implications for bank profitability; an overview of the enlargement programme - benefits and disadvantages of the first wave of entries. Speakers include: European Commission President Santer; Belgian Finance Minister Philippe Maystadt; European Commissioners Yves-Thibault de Silguy, Mario Monti, Monika Wulf-Mathies, Emma Bonino and Hans van den Broek; European Parliament deputy Karl Von Wogau; Bank of England Governor Eddie George; Spanish Foreign Minister Abel Matutes; Spanish Economy Minister Rodrigo de Rato; World Trade Organisation Director General Renato Ruggiero; French Economy Minister Jean Arthuis; European Investment Bank President Brian Unwin.</p>
<p>THURSDAY, NOVEMBER 27</p>
<p>BRUSSELS - EU internal market ministers meet. No agenda yet available.</p>
<p>FRIDAY, NOVEMBER 28</p>
<p>BRUSSELS - EU development ministers meet. No agenda yet available.</p>
<p>HELSINKI - Environment ministerial conference in the framework of the &quot;Barcelona process&quot; of cooperation between the European Union and 12 Mediterrean countries.</p>
<p>MONDAY, DECEMBER 1</p>
<p>BRUSSELS - EU finance ministers meet. No agenda yet available.</p>
<p>BRUSSELS - EU telecoms ministers meet. No agenda yet available.</p>
<p>LONDON - EU Committee of the Regions holds seminar on &quot;Green paper on the citizens' network&quot;. European Commissioner Kinnock attends. Contact: Committee of the Regions (322) 282 2155.</p>
<p>TUESDAY, DECEMBER 2</p>
<p>BRUSSELS - EU social affairs ministers meet. No agenda yet available.</p>
<p>BRUSSELS - NATO defence ministers meet (To Dec 3).</p>
<p>WEDNESDAY, DECEMBER 3</p>
<p>BRUSSELS - European Parliament holds mini session (To December 4). Provisional agenda includes debate on EU enlargement.</p>
<p>THURSDAY, DECEMBER 4</p>
<p>BRUSSELS - EU health ministers meet. No agenda yet available.</p>
<p>BRUSSELS - EU justice and home affairs ministers meet. No agenda yet available.</p>
<p>MONTEVIDEO - European Association of Chambers of Commerce (Eurochambres) sponsors a trade initiative bringing together some 200 EU companies and up to 300 companies from Argentina, Brazil, Chile, Paraguay and Uruguay (To December 5). Contact: Eurochambres (322) 282 0850.</p>
<p>MONDAY, DECEMBER 8</p>
<p>BRUSSELS - EU foreign ministers meet (To December 9). No agenda yet available.</p>
<p>BRUSSELS - EU energy ministers meet. No agenda yet available.</p>
<p>WEDNESDAY, DECEMBER 10</p>
<p>BRUSSELS - EU transport ministers meet (To December 11). No agenda yet available.</p>
<p>BRUSSELS - EU Economic and Social Committee (ECOSOC) holds plenary session (To December 11).</p>
<p>FRIDAY, DECEMBER 12</p>
<p>LUXEMBOURG - Luxembourg presidency hosts European Council of heads of state and government (To December 13).</p>
<p>MONDAY, DECEMBER 15</p>
<p>BRUSSELS - EU agriculture ministers meet (To December 16). No agenda yet available.</p>
<p>STRASBOURG - European Parliament holds plenary session (To December 19).</p>
<p>TUESDAY, DECEMBER 16</p>
<p>BRUSSELS - EU environment ministers meet (To December 17). No agenda yet available.</p>
<p>BRUSSELS - NATO foreign ministers meet (To Dec 17).</p>
<p>WEDNESDAY, DECEMBER 17</p>
<p>STRASBOURG - Presentation on the outcome of the Luxembourg EU presidency to the European Parliament.</p>
<p>THURSDAY, DECEMBER 18</p>
<p>BRUSSELS - EU fisheries ministers meet (To December 19). No agenda yet available.</p>
<p>LUXEMBOURG - Closing of the European Year Against Racism (To December 19).</p>
<p>MONDAY, DECEMBER 22</p>
<p>BRUSSELS - (possibly) EU finance ministers meet. No agenda yet available.</p>
<p>WEDNESDAY, DECEMBER 24</p>
<p>- EU institutions closed for Christmas holidays until Sunday, January 4 inclusive.</p>
<p>1998</p>
<p>BIRMINGHAM, United Kingdom - Group of Seven (G7) - Britain, U.S., Canada, France, Germany, Italy and Japan - hold summit.</p>
<p>If you have items for inclusion in the Reuter European</p>
<p>Community diary, please contact:</p>
<p>Telephone: Cynthia Simpson (322) 287 6851</p>
<p>Fax: (322) 230 5573</p>
<p>For technical queries regarding</p>
<p>the service, please call (322) 287 6666</p>
<p>- - - - - - - - - - - - - - - - - - - - - - -</p>
<p>EC Report (C)opyright Reuters Limited.</p>
</text>
<copyright>(c) Reuters Limited 1997</copyright>
<metadata>
<codes class="bip:countries:1.0">
  <code code="EEC">
    <editdetail attribution="Reuters BIP Coding Group" action="confirmed" date="1997-08-05"/>
  </code>
</codes>
<codes class="bip:topics:1.0">
  <code code="G15">
    <editdetail attribution="Reuters BIP Coding Group" action="confirmed" date="1997-08-05"/>
  </code>
  <code code="GCAT">
    <editdetail attribution="Reuters BIP Coding Group" action="confirmed" date="1997-08-05"/>
  </code>
</codes>
<dc element="dc.publisher" value="Reuters Holdings Plc"/>
<dc element="dc.date.published" value="1997-08-05"/>
<dc element="dc.source" value="Reuters"/>
<dc element="dc.creator.location.country.name" value="EU"/>
<dc element="dc.source" value="Reuters"/>
</metadata>
</newsitem>
