<?xml version="1.0" encoding="iso-8859-1" ?>
<newsitem itemid="777776" id="root" date="1997-08-05" xml:lang="en">
<title>USA: TABLE - NetSpeak Corp Q2 shr loss widens.</title>
<headline>TABLE - NetSpeak Corp Q2 shr loss widens.</headline>
<dateline>BOCA RATON, Fla. 1997-08-05</dateline>
<text>
<p>(In thousands, except per share amounts)</p>
<p>				 Three months ended  Six months ended</p>
<p>					 June 30,	    June 30,</p>
<p>				    1996	 1997     1996     1997</p>
<p> Net revenues		  $   90   $ 1,130  $   181  $ 2,034</p>
<p>Operating expenses:</p>
<p>  Cost of revenues		  7	 162	 11	206</p>
<p>  Research and development    421     1,154	749    2,301</p>
<p>  Sales and marketing	   176	 675	267    1,074</p>
<p>  General &amp; administrative    211	 368	297	680</p>
<p>Total operating</p>
<p>     expenses		     815     2,359    1,324    4,261</p>
<p> Loss from operations	 (725)   (1,229)  (1,143)  (2,227)</p>
<p> Interest and other income     29	 126	 46	183</p>
<p> Loss before income taxes   (696)   (1,103)  (1,097)  (2,044)</p>
<p> Income taxes		     ---	  45	---	 89</p>
<p> Net loss			 (696)   (1,148)  (1,097)  (2,133)</p>
<p> Net loss per share	  (0.08)    (0.13)   (0.13)   (0.25)</p>
<p>Weighted-average shares</p>
<p>  outstanding		   8,198     9,171    8,198    8,688</p>
<p>((-- New York Newsdesk 212-859-1610))</p>
</text>
<copyright>(c) Reuters Limited 1997</copyright>
<metadata>
<codes class="bip:countries:1.0">
  <code code="USA">
    <editdetail attribution="Reuters BIP Coding Group" action="confirmed" date="1997-08-05"/>
  </code>
</codes>
<codes class="bip:industries:1.0">
  <code code="I79020">
    <editdetail attribution="Reuters BIP Coding Group" action="confirmed" date="1997-08-05"/>
  </code>
</codes>
<codes class="bip:topics:1.0">
  <code code="C15">
    <editdetail attribution="Reuters BIP Coding Group" action="confirmed" date="1997-08-05"/>
  </code>
  <code code="C151">
    <editdetail attribution="Reuters BIP Coding Group" action="confirmed" date="1997-08-05"/>
  </code>
  <code code="CCAT">
    <editdetail attribution="Reuters BIP Coding Group" action="confirmed" date="1997-08-05"/>
  </code>
</codes>
<dc element="dc.date.created" value="1997-08-05"/>
<dc element="dc.publisher" value="Reuters Holdings Plc"/>
<dc element="dc.date.published" value="1997-08-05"/>
<dc element="dc.source" value="Reuters"/>
<dc element="dc.creator.location" value="BOCA RATON, Fla."/>
<dc element="dc.creator.location.country.name" value="USA"/>
<dc element="dc.source" value="Reuters"/>
</metadata>
</newsitem>
