<?xml version="1.0" encoding="iso-8859-1" ?>
<newsitem itemid="777749" id="root" date="1997-08-05" xml:lang="en">
<title>CANADA: CBRS upgrades Crown Life pfd shr rating.</title>
<headline>CBRS upgrades Crown Life pfd shr rating.</headline>
<dateline>MONTREAL 1997-08-05</dateline>
<text>
<p>Canadian Bond Rating Service Inc said on Tuesday that it has upgraded Crown Life Insurance Co's preferred shares to P-3(High) from P-3.</p>
<p>The rating outlook has been maintained at stable.</p>
<p>Any further long-term upgrade will depend on Crown Life expanding its revenue base, the rating firm said .</p>
<p>((Reuters Toronto Bureau (416) 941-8100))</p>
</text>
<copyright>(c) Reuters Limited 1997</copyright>
<metadata>
<codes class="bip:countries:1.0">
  <code code="CANA">
    <editdetail attribution="Reuters BIP Coding Group" action="confirmed" date="1997-08-05"/>
  </code>
</codes>
<codes class="bip:industries:1.0">
  <code code="I82002">
    <editdetail attribution="Reuters BIP Coding Group" action="confirmed" date="1997-08-05"/>
  </code>
</codes>
<codes class="bip:topics:1.0">
  <code code="C17">
    <editdetail attribution="Reuters BIP Coding Group" action="confirmed" date="1997-08-05"/>
  </code>
  <code code="C174">
    <editdetail attribution="Reuters BIP Coding Group" action="confirmed" date="1997-08-05"/>
  </code>
  <code code="CCAT">
    <editdetail attribution="Reuters BIP Coding Group" action="confirmed" date="1997-08-05"/>
  </code>
</codes>
<dc element="dc.date.created" value="1997-08-05"/>
<dc element="dc.publisher" value="Reuters Holdings Plc"/>
<dc element="dc.date.published" value="1997-08-05"/>
<dc element="dc.source" value="Reuters"/>
<dc element="dc.creator.location" value="MONTREAL"/>
<dc element="dc.creator.location.country.name" value="CANADA"/>
<dc element="dc.source" value="Reuters"/>
</metadata>
</newsitem>
