<?xml version="1.0" encoding="iso-8859-1" ?>
<newsitem itemid="777764" id="root" date="1997-08-05" xml:lang="en">
<title>USA: TABLE-Cairn Energy USA Inc Q2 net shrinks.</title>
<headline>TABLE-Cairn Energy USA Inc Q2 net shrinks.</headline>
<dateline>DALLAS 1997-08-05</dateline>
<text>
<p>CAIRN ENERGY USA INC.</p>
<p>Three and six months ended June 30, 1997 and 1996</p>
<p>				 Three months ended  Six months ended</p>
<p>						  June 30,    June 30,</p>
<p>					 1997     1996     1997    1996</p>
<p>			    (in thousands except per share amounts)</p>
<p> Total revenues		    6,361   7,516   14,718  14,803</p>
<p> Total expenses		    6,040   6,645   11,850  11,342</p>
<p> Net income			    321     871    2,868   3,451</p>
<p>Net income per common and</p>
<p>  common equivalent share	 0.02    0.05     0.16    0.20</p>
<p>Weighted average common and</p>
<p>  common shares outstanding   17,566  17,559   17,565  17,557</p>
<p>((-- New York Newsdesk 212 859-1610))</p>
</text>
<copyright>(c) Reuters Limited 1997</copyright>
<metadata>
<codes class="bip:countries:1.0">
  <code code="USA">
    <editdetail attribution="Reuters BIP Coding Group" action="confirmed" date="1997-08-05"/>
  </code>
</codes>
<codes class="bip:industries:1.0">
  <code code="I13000">
    <editdetail attribution="Reuters BIP Coding Group" action="confirmed" date="1997-08-05"/>
  </code>
  <code code="I1300003">
    <editdetail attribution="Reuters BIP Coding Group" action="confirmed" date="1997-08-05"/>
  </code>
</codes>
<codes class="bip:topics:1.0">
  <code code="C15">
    <editdetail attribution="Reuters BIP Coding Group" action="confirmed" date="1997-08-05"/>
  </code>
  <code code="C151">
    <editdetail attribution="Reuters BIP Coding Group" action="confirmed" date="1997-08-05"/>
  </code>
  <code code="CCAT">
    <editdetail attribution="Reuters BIP Coding Group" action="confirmed" date="1997-08-05"/>
  </code>
</codes>
<dc element="dc.date.created" value="1997-08-05"/>
<dc element="dc.publisher" value="Reuters Holdings Plc"/>
<dc element="dc.date.published" value="1997-08-05"/>
<dc element="dc.source" value="Reuters"/>
<dc element="dc.creator.location" value="DALLAS"/>
<dc element="dc.creator.location.country.name" value="USA"/>
<dc element="dc.source" value="Reuters"/>
</metadata>
</newsitem>
