<?xml version="1.0" encoding="iso-8859-1" ?>
<newsitem itemid="777712" id="root" date="1997-08-05" xml:lang="en">
<title>NETHERLANDS: KLM operating profit triples.</title>
<headline>KLM operating profit triples.</headline>
<dateline>AMSTERDAM, Netherlands 1997-08-05</dateline>
<text>
<p>KLM Royal Dutch Airlines surprised investors Tuesday with sharply higher-than-expected first-quarter operating profits and said its underlying performance would remain strong over the full year.</p>
<p>The Dutch flag carrier said operating income in its fiscal first 1997/98 quarter more than tripled to 244 million guilders ($116 million) from a year-earlier 80 million ($38 million) as burgeoning traffic revenues outstripped cost increases.</p>
<p>However, net profits fell to 190 million guilders ($90.5 million) from 271 million ($129 million) in the year-earlier period, when profits from the sale and revaluation of KLM's preference shares in U.S. partner Northwest Airlines inflated its bottom line by 245 million guilders ($117 million).</p>
<p>KLM said it expected operating profits for the full 1997/98 financial year, ending March 30, to remain strong.</p>
<p>The airline said traffic revenues had soared due to consistent capacity management focused on improving load factors, the proportion of seats and cargo capacity filled, and yields. Its aircraft were 4.4 percent fuller on average than a year ago, resulting in an 11 percent rise in yields, it said.</p>
<p>&quot;Together with continuous cost control, this (rise in traffic revenue) has contributed to an increase in operating income of 164 million guilders ($78 million),&quot; it said.</p>
<p>Currency exchange rates also helped, lifting operating income by 17 million guilders ($8 million).</p>
<p>Substantial book profits from KLM's 20 percent stake in Northwest Airlines have been the main factor propping up net earnings at the Dutch flag carrier in recent years as runaway costs ate into operating results. But in the latest quarter, Northwest's contribution to profits dwindled to just 56 million guilders ($27 million), a fraction of the year-earlier figure.</p>
<p>KLM said that unit costs rose 11 percent in the quarter, driven mainly by a higher wage bill, increased fuel costs and materials. However passenger revenues jumped 24 percent in the same period while cargo revenues rose 16 percent.</p>
</text>
<copyright>(c) Reuters Limited 1997</copyright>
<metadata>
<codes class="bip:countries:1.0">
  <code code="NETH">
    <editdetail attribution="Reuters BIP Coding Group" action="confirmed" date="1997-08-05"/>
  </code>
</codes>
<codes class="bip:topics:1.0">
  <code code="C151">
    <editdetail attribution="Reuters BIP Coding Group" action="confirmed" date="1997-08-05"/>
  </code>
</codes>
<dc element="dc.date.created" value="1997-08-05"/>
<dc element="dc.publisher" value="Reuters Holdings Plc"/>
<dc element="dc.date.published" value="1997-08-05"/>
<dc element="dc.source" value="Reuters"/>
<dc element="dc.creator.location" value="AMSTERDAM, Netherlands"/>
<dc element="dc.creator.location.country.name" value="NETHERLANDS"/>
<dc element="dc.source" value="Reuters"/>
</metadata>
</newsitem>
