<?xml version="1.0" encoding="iso-8859-1" ?>
<newsitem itemid="777816" id="root" date="1997-08-05" xml:lang="en">
<title>USA: UPS says final offer remains final.</title>
<headline>UPS says final offer remains final.</headline>
<dateline>ATLANTA 1997-08-05</dateline>
<text>
<p>United Parcel Service said Tuesday it was ready to honor a request from Labor Secretary Alexis Herman to return to the bargaining table, but added that its &quot;last, best and final&quot; offer would not change.</p>
<p>&quot;We are ready to go back to the table. But our position hasn't changed about our offer. We've made our last, best and final offer,&quot; UPS spokesman Norman Black said.</p>
<p>&quot;It's not being compromised. It hasn't been changed. And we still believe our employees have a right to consider it.&quot;</p>
<p>((Atlanta Bureau -- 404-870-7340))</p>
</text>
<copyright>(c) Reuters Limited 1997</copyright>
<metadata>
<codes class="bip:countries:1.0">
  <code code="USA">
    <editdetail attribution="Reuters BIP Coding Group" action="confirmed" date="1997-08-05"/>
  </code>
</codes>
<codes class="bip:industries:1.0">
  <code code="I79010">
    <editdetail attribution="Reuters BIP Coding Group" action="confirmed" date="1997-08-05"/>
  </code>
</codes>
<codes class="bip:topics:1.0">
  <code code="C42">
    <editdetail attribution="Reuters BIP Coding Group" action="confirmed" date="1997-08-05"/>
  </code>
  <code code="CCAT">
    <editdetail attribution="Reuters BIP Coding Group" action="confirmed" date="1997-08-05"/>
  </code>
  <code code="E41">
    <editdetail attribution="Reuters BIP Coding Group" action="confirmed" date="1997-08-05"/>
  </code>
  <code code="ECAT">
    <editdetail attribution="Reuters BIP Coding Group" action="confirmed" date="1997-08-05"/>
  </code>
  <code code="GCAT">
    <editdetail attribution="Reuters BIP Coding Group" action="confirmed" date="1997-08-05"/>
  </code>
  <code code="GJOB">
    <editdetail attribution="Reuters BIP Coding Group" action="confirmed" date="1997-08-05"/>
  </code>
</codes>
<dc element="dc.date.created" value="1997-08-05"/>
<dc element="dc.publisher" value="Reuters Holdings Plc"/>
<dc element="dc.date.published" value="1997-08-05"/>
<dc element="dc.source" value="Reuters"/>
<dc element="dc.creator.location" value="ATLANTA"/>
<dc element="dc.creator.location.country.name" value="USA"/>
<dc element="dc.source" value="Reuters"/>
</metadata>
</newsitem>
