<?xml version="1.0" encoding="iso-8859-1" ?>
<newsitem itemid="777885" id="root" date="1997-08-05" xml:lang="en">
<title>USA: Golden Eagle awarded to Liberty, not AIG.</title>
<headline>Golden Eagle awarded to Liberty, not AIG.</headline>
<dateline>BOSTON 1997-08-05</dateline>
<text>
<p>Liberty Mutual Group said Monday the California Superior Court in San Francisco approved Golden Eagle Insurance Co's rehabilitation plan, which includes transferring the insurer's assets to private Liberty.</p>
<p>The court earlier overturned a decision by the California Insurance Department to award Golden Eagle to American International Group Inc. The department seized Golden Eagle in January following allegations of a reserve shortfall.  </p>
<p>&quot;The company now will receive the financial strength and 'A' rating of Liberty Mutual,&quot; said Fred Marziano, a Liberty senior vice president in charge of the Liberty Mutual Golden Eagle transition team, in a statement. &quot;It will be run by local management and continue its partnership with more than 700 agents and brokers throughout the state.&quot;</p>
<p>American International Tuesday said it &quot;will continue to work through independent brokers and agents&quot; to sell insurance in California and was &quot;pleased&quot; the court order protects policy holders from a deadline that would have barred their claims. A spokesman declined to elaborate on the court ruling.</p>
</text>
<copyright>(c) Reuters Limited 1997</copyright>
<metadata>
<codes class="bip:countries:1.0">
  <code code="USA">
    <editdetail attribution="Reuters BIP Coding Group" action="confirmed" date="1997-08-05"/>
  </code>
</codes>
<codes class="bip:industries:1.0">
  <code code="I82000">
    <editdetail attribution="Reuters BIP Coding Group" action="confirmed" date="1997-08-05"/>
  </code>
  <code code="I82003">
    <editdetail attribution="Reuters BIP Coding Group" action="confirmed" date="1997-08-05"/>
  </code>
</codes>
<codes class="bip:topics:1.0">
  <code code="C16">
    <editdetail attribution="Reuters BIP Coding Group" action="confirmed" date="1997-08-05"/>
  </code>
  <code code="C18">
    <editdetail attribution="Reuters BIP Coding Group" action="confirmed" date="1997-08-05"/>
  </code>
  <code code="C181">
    <editdetail attribution="Reuters BIP Coding Group" action="confirmed" date="1997-08-05"/>
  </code>
  <code code="CCAT">
    <editdetail attribution="Reuters BIP Coding Group" action="confirmed" date="1997-08-05"/>
  </code>
</codes>
<dc element="dc.date.created" value="1997-08-05"/>
<dc element="dc.publisher" value="Reuters Holdings Plc"/>
<dc element="dc.date.published" value="1997-08-05"/>
<dc element="dc.source" value="Reuters"/>
<dc element="dc.creator.location" value="BOSTON"/>
<dc element="dc.creator.location.country.name" value="USA"/>
<dc element="dc.source" value="Reuters"/>
</metadata>
</newsitem>
