<?xml version="1.0" encoding="iso-8859-1" ?>
<newsitem itemid="777810" id="root" date="1997-08-05" xml:lang="en">
<title>USA: TABLE - BFX Hospitality Group Q3 oper loss.</title>
<headline>TABLE - BFX Hospitality Group Q3 oper loss.</headline>
<dateline>FORT WORTH, Texas 1997-08-05</dateline>
<text>
<p>(In thousands, except per share amount)</p>
<p>			  (Unaudited)</p>
<p>				Three Months Ended  Nine Months Ended</p>
<p>					   June 30,	    June 30,</p>
<p>				  1997    1996		1997   1996</p>
<p> Net revenues		$2,646 $2,602	    $7,993 $6,951</p>
<p>Loss from continuing</p>
<p>  operations		(7,106)  (239)	   (7,464)  (525)</p>
<p>Discontinued operation:</p>
<p>   Income from operations   434    577	     1,509  1,389</p>
<p>   Income on disposal    13,003    ---	    13,003    ---</p>
<p>     Total		   13,440    577	    14,512  1,389</p>
<p> Net Income		   6,334    338	     7,048    864</p>
<p>Income (loss) per average</p>
<p>common share:</p>
<p>   Continuing operations (0.93) (0.04)	    (1.07) (0.08)</p>
<p>Discontinued operations</p>
<p>				   1.76   0.09		2.08   0.22</p>
<p> Net income		    0.83   0.05		1.01   0.14</p>
<p>-- New York Newsdesk 212 859-1610</p>
</text>
<copyright>(c) Reuters Limited 1997</copyright>
<metadata>
<codes class="bip:countries:1.0">
  <code code="USA">
    <editdetail attribution="Reuters BIP Coding Group" action="confirmed" date="1997-08-05"/>
  </code>
</codes>
<codes class="bip:industries:1.0">
  <code code="I48300">
    <editdetail attribution="Reuters BIP Coding Group" action="confirmed" date="1997-08-05"/>
  </code>
</codes>
<codes class="bip:topics:1.0">
  <code code="C15">
    <editdetail attribution="Reuters BIP Coding Group" action="confirmed" date="1997-08-05"/>
  </code>
  <code code="C151">
    <editdetail attribution="Reuters BIP Coding Group" action="confirmed" date="1997-08-05"/>
  </code>
  <code code="CCAT">
    <editdetail attribution="Reuters BIP Coding Group" action="confirmed" date="1997-08-05"/>
  </code>
</codes>
<dc element="dc.date.created" value="1997-08-05"/>
<dc element="dc.publisher" value="Reuters Holdings Plc"/>
<dc element="dc.date.published" value="1997-08-05"/>
<dc element="dc.source" value="Reuters"/>
<dc element="dc.creator.location" value="FORT WORTH, Texas"/>
<dc element="dc.creator.location.country.name" value="USA"/>
<dc element="dc.source" value="Reuters"/>
</metadata>
</newsitem>
