<?xml version="1.0" encoding="iso-8859-1" ?>
<newsitem itemid="777859" id="root" date="1997-08-05" xml:lang="en">
<title>USA: Mortgage-backed players eye U.S. Treasury auctions.</title>
<headline>Mortgage-backed players eye U.S. Treasury auctions.</headline>
<dateline>NEW YORK 1997-08-05</dateline>
<text>
<p>Mortgage-backed securities prices were lower but spreads to U.S. Treasuries remained tight.</p>
<p>Market participants said activity this session was subdued with market participants keeping an eye on the first leg of the Treasury's quarterly refunding. The Treasury's three-year note auction produced yields of 6.041 percent.</p>
<p>Market participants said that investors will be closely watching the Treasury's $12 billion 10-year note sale Wednesday and its $10 billion sale of 30-year bonds on Thursday.</p>
<p>&quot;There was some activity in the morning, but nothing special. There were no big surprises in the 3-year auction ... the bid-to-cover was about average,&quot; said one market player.  </p>
<p>The bid-to-cover ratio is the number of bids received in a Treasury securities auction compared to the number of bids accepted.</p>
<p>In addition to paying close attention to the refunding process, mortgage investors continue to digest the July employment report released last week and the sharp decline in prices seen last Friday.</p>
<p>&quot;There are a lot of people still reeling from Friday's employment report. They are trying to understand the data and the decline in Treasury prices,&quot; said William Gooch, vice president at Legg Mason Wood Walker. He added that investors who were concerned about prepayments prior to the report may now be reconsidering a move out of mortgages or down-in-coupon.  </p>
<p>&quot;If the auction is well received it will give the market a sense of optimism. If it is well received, yields should decline. Spreads on MBS could possible widen,&quot; said Gooch.</p>
<p>Meantime, one market participant noted that there was talk in the market of a large buyer of Federal National Mortgage Association 8.0 percent coupons. She too agreed that there would be more of wait and see approach among investors. &quot;Most have done what they wanted to do -- extend or shorten duration. So people will be waiting for the next couple of weeks&quot; to see more economic data, the market observer said.</p>
</text>
<copyright>(c) Reuters Limited 1997</copyright>
<metadata>
<codes class="bip:countries:1.0">
  <code code="USA">
    <editdetail attribution="Reuters BIP Coding Group" action="confirmed" date="1997-08-05"/>
  </code>
</codes>
<codes class="bip:topics:1.0">
  <code code="M12">
    <editdetail attribution="Reuters BIP Coding Group" action="confirmed" date="1997-08-05"/>
  </code>
  <code code="MCAT">
    <editdetail attribution="Reuters BIP Coding Group" action="confirmed" date="1997-08-05"/>
  </code>
</codes>
<dc element="dc.date.created" value="1997-08-05"/>
<dc element="dc.publisher" value="Reuters Holdings Plc"/>
<dc element="dc.date.published" value="1997-08-05"/>
<dc element="dc.source" value="Reuters"/>
<dc element="dc.creator.location" value="NEW YORK"/>
<dc element="dc.creator.location.country.name" value="USA"/>
<dc element="dc.source" value="Reuters"/>
</metadata>
</newsitem>
