<?xml version="1.0" encoding="iso-8859-1" ?>
<newsitem itemid="777838" id="root" date="1997-08-05" xml:lang="en">
<title>USA: Treasury's Rubin welcomes Thai recovery package.</title>
<headline>Treasury's Rubin welcomes Thai recovery package.</headline>
<dateline>WASHINGTON 1997-08-05</dateline>
<text>
<p>U.S. Treasury Secretary Robert Rubin said on Tuesday he welcomed the Thai government's economic recovery package.</p>
<p>Rubin said Treasury was working closely with the International Monetary Fund on efforts to develop a program that can win international support.</p>
<p>&quot;I welcome the August 5 announcement by Thai Finance Minister Thanong Bidaya of a framework for economic recovery,&quot; Rubin said in a statement. &quot;I have spoken with the Minister and Treasury is working closely with the IMF.&quot;  </p>
<p>Rubin said a strong set of economic reforms was the best way to resolve Thailand's current economic difficulties. The Thai government earlier on Tuesday announced tough reforms, including suspending operations at more than half of the country's finance companies, to try to revitalize its economy.</p>
<p>The IMF currently has a team in Thailand to assess the government's plan and to work with Bangkok on methods for developing it into a program that could be supported by IMF resources.</p>
<p>&quot;I look forward to an early conclusion of technical duscussions between the IMF and the Thai authorities regarding a program that the international community can fully support,&quot; Rubin said.</p>
<p>-- Washington newsroom, ((202-898-8300))</p>
</text>
<copyright>(c) Reuters Limited 1997</copyright>
<metadata>
<codes class="bip:countries:1.0">
  <code code="THAIL">
    <editdetail attribution="Reuters BIP Coding Group" action="confirmed" date="1997-08-05"/>
  </code>
  <code code="USA">
    <editdetail attribution="Reuters BIP Coding Group" action="confirmed" date="1997-08-05"/>
  </code>
</codes>
<codes class="bip:topics:1.0">
  <code code="E12">
    <editdetail attribution="Reuters BIP Coding Group" action="confirmed" date="1997-08-05"/>
  </code>
  <code code="E21">
    <editdetail attribution="Reuters BIP Coding Group" action="confirmed" date="1997-08-05"/>
  </code>
  <code code="E212">
    <editdetail attribution="Reuters BIP Coding Group" action="confirmed" date="1997-08-05"/>
  </code>
  <code code="ECAT">
    <editdetail attribution="Reuters BIP Coding Group" action="confirmed" date="1997-08-05"/>
  </code>
</codes>
<dc element="dc.date.created" value="1997-08-05"/>
<dc element="dc.publisher" value="Reuters Holdings Plc"/>
<dc element="dc.date.published" value="1997-08-05"/>
<dc element="dc.source" value="Reuters"/>
<dc element="dc.creator.location" value="WASHINGTON"/>
<dc element="dc.creator.location.country.name" value="USA"/>
<dc element="dc.source" value="Reuters"/>
</metadata>
</newsitem>
