<?xml version="1.0" encoding="iso-8859-1" ?>
<newsitem itemid="777875" id="root" date="1997-08-05" xml:lang="en">
<title>USA: TABLE-Uroplasty Inc Q1 June 30 net.</title>
<headline>TABLE-Uroplasty Inc Q1 June 30 net.</headline>
<dateline>MINNEAPOLIS 1997-08-05</dateline>
<text>
<p>Three Months Ended June 30</p>
<p>							 1997	   1996</p>
<p> Net Revenue				 $ 1,149,239    $ 818,920</p>
<p> Operating Income				354,335	132,523</p>
<p> Net Income					238,692	 51,198</p>
<p> Shares Outstanding			  3,916,073    3,689,225</p>
<p> Earnings Per Share				 0.06	   0.01</p>
<p>((--Chicago newsdesk, 312-408-8787))</p>
</text>
<copyright>(c) Reuters Limited 1997</copyright>
<metadata>
<codes class="bip:countries:1.0">
  <code code="USA">
    <editdetail attribution="Reuters BIP Coding Group" action="confirmed" date="1997-08-05"/>
  </code>
</codes>
<codes class="bip:topics:1.0">
  <code code="C15">
    <editdetail attribution="Reuters BIP Coding Group" action="confirmed" date="1997-08-05"/>
  </code>
  <code code="C151">
    <editdetail attribution="Reuters BIP Coding Group" action="confirmed" date="1997-08-05"/>
  </code>
  <code code="CCAT">
    <editdetail attribution="Reuters BIP Coding Group" action="confirmed" date="1997-08-05"/>
  </code>
</codes>
<dc element="dc.date.created" value="1997-08-05"/>
<dc element="dc.publisher" value="Reuters Holdings Plc"/>
<dc element="dc.date.published" value="1997-08-05"/>
<dc element="dc.source" value="Reuters"/>
<dc element="dc.creator.location" value="MINNEAPOLIS"/>
<dc element="dc.creator.location.country.name" value="USA"/>
<dc element="dc.source" value="Reuters"/>
</metadata>
</newsitem>
