<?xml version="1.0" encoding="iso-8859-1" ?>
<newsitem itemid="777828" id="root" date="1997-08-05" xml:lang="en">
<title>USA: TABLE - XTRA Corp Q3 shr profit rises.</title>
<headline>TABLE - XTRA Corp Q3 shr profit rises.</headline>
<dateline>BOSTON, Mass. 1997-08-05</dateline>
<text>
<p>Period ended June 30, 1997			1996</p>
<p> Shr			  $0.56		    $0.49</p>
<p> Net			    8.5			7.8</p>
<p> Revs			 105.2		    101.4</p>
<p> Avg shrs		    15.3		     16.0</p>
<p>	  NINE MONTHS</p>
<p> Shr			  $1.90		    $1.85</p>
<p> Net			   29.0		     29.9</p>
<p> Revs			   318			315</p>
<p> Avg shrs		    15.3		     16.2</p>
<p>(All data above in millions, except per share numbers)</p>
</text>
<copyright>(c) Reuters Limited 1997</copyright>
<metadata>
<codes class="bip:countries:1.0">
  <code code="USA">
    <editdetail attribution="Reuters BIP Coding Group" action="confirmed" date="1997-08-05"/>
  </code>
</codes>
<codes class="bip:industries:1.0">
  <code code="I84804">
    <editdetail attribution="Reuters BIP Coding Group" action="confirmed" date="1997-08-05"/>
  </code>
</codes>
<codes class="bip:topics:1.0">
  <code code="C15">
    <editdetail attribution="Reuters BIP Coding Group" action="confirmed" date="1997-08-05"/>
  </code>
  <code code="C151">
    <editdetail attribution="Reuters BIP Coding Group" action="confirmed" date="1997-08-05"/>
  </code>
  <code code="CCAT">
    <editdetail attribution="Reuters BIP Coding Group" action="confirmed" date="1997-08-05"/>
  </code>
</codes>
<dc element="dc.date.created" value="1997-08-05"/>
<dc element="dc.publisher" value="Reuters Holdings Plc"/>
<dc element="dc.date.published" value="1997-08-05"/>
<dc element="dc.source" value="Reuters"/>
<dc element="dc.creator.location" value="BOSTON, Mass."/>
<dc element="dc.creator.location.country.name" value="USA"/>
<dc element="dc.source" value="Reuters"/>
</metadata>
</newsitem>
