<?xml version="1.0" encoding="iso-8859-1" ?>
<newsitem itemid="777889" id="root" date="1997-08-05" xml:lang="en">
<title>USA: TABLE - GT Bicycles Inc Q2 results.</title>
<headline>TABLE - GT Bicycles Inc Q2 results.</headline>
<dateline>SANTA ANA, Calif. 1997-08-05</dateline>
<text>
<p>(in thousands, except per share data)</p>
<p>					 Three Months     Six Months</p>
<p>					     Ended	     Ended</p>
<p>				   6/30/97  6/30/96  6/30/97  6/30/96</p>
<p>Condensed Consolidated Results</p>
<p>of Operations:</p>
<p> Net sales			$ 50,769$ 44,114 $101,939$ 92,964</p>
<p> Cost of sales		    36,972  30,921   74,367  67,231</p>
<p> Gross profit		     13,797  13,193   27,572  25,733</p>
<p>Selling, general and</p>
<p>  administrative expenses     11,683   8,644   22,445  16,636</p>
<p> Amortization of intangibles     265     136	498     271</p>
<p> Operating income		  1,849   4,413    4,629   8,826</p>
<p> Interest expense		  1,405     737    2,791   1,467</p>
<p> Income before taxes		 444   3,676    1,838   7,359</p>
<p> Income tax expense		  160   1,471	738   2,944</p>
<p> Net income			    284   2,205    1,100   4,415</p>
<p> Net income per share	     0.03    0.22     0.11    0.45</p>
<p>Weighted average common</p>
<p>and common equivalent</p>
<p> shares				9,909   9,929    9,922   9,910</p>
<p>Supplementary Data of Net Income Excluding Moving</p>
<p>Expenses (1):</p>
<p> Income before taxes		 444		1,838</p>
<p> Add back moving expenses	  722		1,018</p>
<p>Income before taxes</p>
<p>   excluding moving expenses   1,166		2,856</p>
<p>Income tax expense on</p>
<p>income excluding moving</p>
<p>   expenses			    449		1,142</p>
<p>Net income excluding</p>
<p>   moving expenses		   717		1,714</p>
<p> Net income per share	     0.07		 0.17</p>
<p>Weighted average common and</p>
<p>   common equivalent shares    9,909		9,922</p>
<p>(1) In the first and second quarters of 1997, the company incurred certain expenses to move to its new facility.  Net income excluding the moving expenses is prepared assuming an effective tax rate of 40%.</p>
</text>
<copyright>(c) Reuters Limited 1997</copyright>
<metadata>
<codes class="bip:countries:1.0">
  <code code="USA">
    <editdetail attribution="Reuters BIP Coding Group" action="confirmed" date="1997-08-05"/>
  </code>
</codes>
<codes class="bip:industries:1.0">
  <code code="I36300">
    <editdetail attribution="Reuters BIP Coding Group" action="confirmed" date="1997-08-05"/>
  </code>
</codes>
<codes class="bip:topics:1.0">
  <code code="C15">
    <editdetail attribution="Reuters BIP Coding Group" action="confirmed" date="1997-08-05"/>
  </code>
  <code code="C151">
    <editdetail attribution="Reuters BIP Coding Group" action="confirmed" date="1997-08-05"/>
  </code>
  <code code="CCAT">
    <editdetail attribution="Reuters BIP Coding Group" action="confirmed" date="1997-08-05"/>
  </code>
</codes>
<dc element="dc.date.created" value="1997-08-05"/>
<dc element="dc.publisher" value="Reuters Holdings Plc"/>
<dc element="dc.date.published" value="1997-08-05"/>
<dc element="dc.source" value="Reuters"/>
<dc element="dc.creator.location" value="SANTA ANA, Calif."/>
<dc element="dc.creator.location.country.name" value="USA"/>
<dc element="dc.source" value="Reuters"/>
</metadata>
</newsitem>
