<?xml version="1.0" encoding="iso-8859-1" ?>
<newsitem itemid="777847" id="root" date="1997-08-05" xml:lang="en">
<title>USA: Designer to take charges for rest of 1997.</title>
<headline>Designer to take charges for rest of 1997.</headline>
<dateline>NEW YORK 1997-08-05</dateline>
<text>
<p>Designer Holdings Ltd said Tuesday it expected to incur a series of charges in the second half of the year as it embarked on a plan to improve efficiency and adjust to a changing market.</p>
<p>The Calvin Klein licensee said in a statement it might incur one-time, after-tax charges ranging between an estimated $14 million and $18 million or $0.43 per share to $0.56 per share before the end of the year.  </p>
<p>&quot;We believe the competitive environment and market conditions make it imperative that we undertake these and related actions,&quot; the licensee said, adding that most of the charges would be non-cash.</p>
<p>The plan will include making transportation, distribution and production more efficient, introducing a new design concept at department stores, among other measures, it added.</p>
<p>The licensee reported an operating profit of $0.11 per share for the second quarter, a little lower than the $0.15 for the same period last year.  </p>
<p>Designer also said competition was growing amid a product surplus in the marketplace.</p>
<p>As a result, it expected earnings in fiscal 1997 on an operating basis to be about 40 percent to 50 percent of current estimates of $0.90 per share to $0.95 per share, it said.</p>
<p>First Call's consensus among analysts forecast $0.91 per share for the year.</p>
<p>Designer said it had readjusted its expectations for 1998, explaining how it would likely see lower revenues.</p>
<p>But higher margins and tighter expense controls would result in a slightly higher earnings-per-share figure than 1997, it said.</p>
<p>&quot;We are also continuing to hold discussions with various parties regarding possible new licenses or acquisitions which will also help deliver long term growth,&quot; the licensee said.</p>
<p>Designer went public in May 1996.</p>
</text>
<copyright>(c) Reuters Limited 1997</copyright>
<metadata>
<codes class="bip:countries:1.0">
  <code code="USA">
    <editdetail attribution="Reuters BIP Coding Group" action="confirmed" date="1997-08-05"/>
  </code>
</codes>
<codes class="bip:industries:1.0">
  <code code="I45300">
    <editdetail attribution="Reuters BIP Coding Group" action="confirmed" date="1997-08-05"/>
  </code>
</codes>
<codes class="bip:topics:1.0">
  <code code="C15">
    <editdetail attribution="Reuters BIP Coding Group" action="confirmed" date="1997-08-05"/>
  </code>
  <code code="C152">
    <editdetail attribution="Reuters BIP Coding Group" action="confirmed" date="1997-08-05"/>
  </code>
  <code code="CCAT">
    <editdetail attribution="Reuters BIP Coding Group" action="confirmed" date="1997-08-05"/>
  </code>
</codes>
<dc element="dc.date.created" value="1997-08-05"/>
<dc element="dc.publisher" value="Reuters Holdings Plc"/>
<dc element="dc.date.published" value="1997-08-05"/>
<dc element="dc.source" value="Reuters"/>
<dc element="dc.creator.location" value="NEW YORK"/>
<dc element="dc.creator.location.country.name" value="USA"/>
<dc element="dc.source" value="Reuters"/>
</metadata>
</newsitem>
