<?xml version="1.0" encoding="iso-8859-1" ?>
<newsitem itemid="777882" id="root" date="1997-08-05" xml:lang="en">
<title>USA: Goldman moves $250 million First Union block.</title>
<headline>Goldman moves $250 million First Union block.</headline>
<dateline>NEW YORK 1997-08-05</dateline>
<text>
<p>Goldman Sachs on Tuesday said it moved a $250 million block of First Union Corp shares sold by Banco Santander SA.</p>
<p>David Rogers, head of equity trading at Goldman, said Goldman bought a block of 5,214,000 shares of First Union from Banco Santander in off-exchange trading before the opening on Wall Street Tuesday.</p>
<p>He said the shares were then sold to institutional and regional holders.</p>
<p>The buyers paid 48-5/8 for the stock, off of a last sale Monday at 49-1/2, Rogers said.  </p>
<p>Last year Banco Santander sold two large blocks of First Union shares through Goldman, a $151 million block in November, and a $230 million block in August, Goldman said.</p>
<p>First Union said Banco Santander's ownership of First Union common stock dropped to 7.12 percent from 7.96 percent before Tuesday's sale.</p>
<p>In May of this year Goldman moved the largest single block of shares when Kuwait sold shares in British Petroleum valued at $2 billion.</p>
<p>((--Wall St Desk, 212-859-1730))</p>
</text>
<copyright>(c) Reuters Limited 1997</copyright>
<metadata>
<codes class="bip:countries:1.0">
  <code code="USA">
    <editdetail attribution="Reuters BIP Coding Group" action="confirmed" date="1997-08-05"/>
  </code>
</codes>
<codes class="bip:industries:1.0">
  <code code="I81402">
    <editdetail attribution="Reuters BIP Coding Group" action="confirmed" date="1997-08-05"/>
  </code>
</codes>
<codes class="bip:topics:1.0">
  <code code="C18">
    <editdetail attribution="Reuters BIP Coding Group" action="confirmed" date="1997-08-05"/>
  </code>
  <code code="C181">
    <editdetail attribution="Reuters BIP Coding Group" action="confirmed" date="1997-08-05"/>
  </code>
  <code code="CCAT">
    <editdetail attribution="Reuters BIP Coding Group" action="confirmed" date="1997-08-05"/>
  </code>
</codes>
<dc element="dc.date.created" value="1997-08-05"/>
<dc element="dc.publisher" value="Reuters Holdings Plc"/>
<dc element="dc.date.published" value="1997-08-05"/>
<dc element="dc.source" value="Reuters"/>
<dc element="dc.creator.location" value="NEW YORK"/>
<dc element="dc.creator.location.country.name" value="USA"/>
<dc element="dc.source" value="Reuters"/>
</metadata>
</newsitem>
