<?xml version="1.0" encoding="iso-8859-1" ?>
<newsitem itemid="777970" id="root" date="1997-08-05" xml:lang="en">
<title>USA: TABLE - Nathan's Famous Inc Q1 net rises.</title>
<headline>TABLE - Nathan's Famous Inc Q1 net rises.</headline>
<dateline>WESTBURY, N.Y. 1997-08-05</dateline>
<text>
<p>Financial Highlights</p>
<p>					First Quarter Ended</p>
<p>					   (unaudited)</p>
<p>					   Jun 29,	 Jun 30,</p>
<p>					     1997	    1996</p>
<p> Total revenues		   $7,362,000    $6,972,000</p>
<p> Net earnings			  474,000	 395,000</p>
<p> Net earning per share		   .10	     .08</p>
<p>Weighted average number</p>
<p>  common shares outstanding    4,766,000     4,722,000</p>
<p>-- New York Newsdesk 212 859-1610</p>
</text>
<copyright>(c) Reuters Limited 1997</copyright>
<metadata>
<codes class="bip:countries:1.0">
  <code code="USA">
    <editdetail attribution="Reuters BIP Coding Group" action="confirmed" date="1997-08-05"/>
  </code>
</codes>
<codes class="bip:industries:1.0">
  <code code="I66100">
    <editdetail attribution="Reuters BIP Coding Group" action="confirmed" date="1997-08-05"/>
  </code>
</codes>
<codes class="bip:topics:1.0">
  <code code="C15">
    <editdetail attribution="Reuters BIP Coding Group" action="confirmed" date="1997-08-05"/>
  </code>
  <code code="C151">
    <editdetail attribution="Reuters BIP Coding Group" action="confirmed" date="1997-08-05"/>
  </code>
  <code code="CCAT">
    <editdetail attribution="Reuters BIP Coding Group" action="confirmed" date="1997-08-05"/>
  </code>
</codes>
<dc element="dc.date.created" value="1997-08-05"/>
<dc element="dc.publisher" value="Reuters Holdings Plc"/>
<dc element="dc.date.published" value="1997-08-05"/>
<dc element="dc.source" value="Reuters"/>
<dc element="dc.creator.location" value="WESTBURY, N.Y."/>
<dc element="dc.creator.location.country.name" value="USA"/>
<dc element="dc.source" value="Reuters"/>
</metadata>
</newsitem>
