<?xml version="1.0" encoding="iso-8859-1" ?>
<newsitem itemid="777929" id="root" date="1997-08-05" xml:lang="en">
<title>USA: Iraq to submit new oil price formula by Wednesday.</title>
<headline>Iraq to submit new oil price formula by Wednesday.</headline>
<dateline>NEW YORK 1997-08-05</dateline>
<text>
<p>Iraq submitted a new oil price formula for approval by the United Nations' &quot;oil-for-food&quot; deal overseers, but oil traders said the prices were &quot;too aggressive&quot; and a new formula is expected by Wednesday, according to sources.</p>
<p>Iraq's State Oil Marketing Organization (SOMO) submitted a price for U.S. buyers of its Basrah Light crude of $4.40 under regional benchmark West Texas Intermediate (WTI), or 20 cents above the $4.60 discount applying in May when its oil was last lifted.  </p>
<p>Iraq moved the U.S. price up in line with the changes since May in Saudi Arabia's Light crude but traders said freight rates meanwhile have become more expensive.</p>
<p>&quot;We can't sell it at those numbers. Since the last time Iraqi oil was lifted the freight costs have gone up 60 cents per barrel.</p>
<p>Nevertheless, diplomats said they do not see any serious obstacle to the price formula getting approved and oil exports being resumed under the &quot;oil-for-food&quot; deal.</p>
<p>&quot;Iraq and the U.N. overseers had an exchange of views and the Iraqis agreed to come back later today or early Wednesday with a fax,&quot; said a senior Wetern diplomat.</p>
<p>&quot;I wouldn't view it as a hitch though,&quot; he said. &quot;Once they transmit the fax it will go through very quickly.&quot;</p>
<p>The oil price formula, once agreed by the U.N. overseers, is then passed to the U.N. Sanctions Committee which automatically approves after 48 hours unless an objection is raised.</p>
<p>((--New York Energy Desk, +1 212 859 1620))</p>
</text>
<copyright>(c) Reuters Limited 1997</copyright>
<metadata>
<codes class="bip:countries:1.0">
  <code code="IRAQ">
    <editdetail attribution="Reuters BIP Coding Group" action="confirmed" date="1997-08-05"/>
  </code>
  <code code="UN">
    <editdetail attribution="Reuters BIP Coding Group" action="confirmed" date="1997-08-05"/>
  </code>
  <code code="USA">
    <editdetail attribution="Reuters BIP Coding Group" action="confirmed" date="1997-08-05"/>
  </code>
</codes>
<codes class="bip:industries:1.0">
  <code code="I13000">
    <editdetail attribution="Reuters BIP Coding Group" action="confirmed" date="1997-08-05"/>
  </code>
</codes>
<codes class="bip:topics:1.0">
  <code code="C31">
    <editdetail attribution="Reuters BIP Coding Group" action="confirmed" date="1997-08-05"/>
  </code>
  <code code="CCAT">
    <editdetail attribution="Reuters BIP Coding Group" action="confirmed" date="1997-08-05"/>
  </code>
  <code code="E51">
    <editdetail attribution="Reuters BIP Coding Group" action="confirmed" date="1997-08-05"/>
  </code>
  <code code="E512">
    <editdetail attribution="Reuters BIP Coding Group" action="confirmed" date="1997-08-05"/>
  </code>
  <code code="ECAT">
    <editdetail attribution="Reuters BIP Coding Group" action="confirmed" date="1997-08-05"/>
  </code>
  <code code="GCAT">
    <editdetail attribution="Reuters BIP Coding Group" action="confirmed" date="1997-08-05"/>
  </code>
  <code code="GDIP">
    <editdetail attribution="Reuters BIP Coding Group" action="confirmed" date="1997-08-05"/>
  </code>
</codes>
<dc element="dc.date.created" value="1997-08-05"/>
<dc element="dc.publisher" value="Reuters Holdings Plc"/>
<dc element="dc.date.published" value="1997-08-05"/>
<dc element="dc.source" value="Reuters"/>
<dc element="dc.creator.location" value="NEW YORK"/>
<dc element="dc.creator.location.country.name" value="USA"/>
<dc element="dc.source" value="Reuters"/>
</metadata>
</newsitem>
