<?xml version="1.0" encoding="iso-8859-1" ?>
<newsitem itemid="777928" id="root" date="1997-08-05" xml:lang="en">
<title>USA: NY gold, silver end sharply lower, palladium up.</title>
<headline>NY gold, silver end sharply lower, palladium up.</headline>
<dateline>NEW YORK 1997-08-05</dateline>
<text>
<p>COMEX gold and silver futures ended sharply lower Tuesday, but platinum group metals (PGM) futures held up well with new contract highs in platinum and palladium ended up by the daily limit for the third straight day.</p>
<p>&quot;We think gold is going lower,&quot; Chicago Corp's COMEX floor trader Carlos Perez-Santalla said.</p>
<p>&quot;U.S. gold mining companies have cheaper leaching processes now at less than $200 an ounce which give them a lot more money in their forward sales and we expect a lot more of them,&quot; he said.  </p>
<p>&quot;The health of the equity and bond markets, the lack of any visible inflation, and the strength of the dollar - you name it, there isn't anything that points higher for gold,&quot; he said.</p>
<p>The U.S. dollar climbed to new seven year highs against the deutschmark Tuesday and new seven year highs on its trade weighted index.</p>
<p>COMEX December gold ended down $3.50 an ounce at $324.60, after seeing a three week low intraday at $321.00 an ounce.</p>
<p>COMEX gold estimated volume was moderate at 42,000 lots.</p>
<p>Minor support around $326.00 broke down in COMEX December gold, triggering stop loss execution below $326.00 and below $324.00, traders said.</p>
<p>Daily momentum oscillators are also now weakening again, suggesting the shortcovering rally of the past three weeks may be coming to an end, analysts said.</p>
<p>COMEX gold open interest rose 1,435 lots Monday to 188,024 contracts, suggesting funds may be re-establishing short positions, after several weeks of profit taking and short covering.</p>
<p>In the bullion market, spot gold ended quoted $320.20/70, compared to the London Tuesday afternoon fix at $321.10 and the New York close Monday at $323.65/15.</p>
<p>COMEX silver was even weaker than gold, with the active September contract ending down 19.2 cents at $4.315 an ounce, after breaking back below a recent uptrend line at $4.50, and then breaking more significant support at $4.40, traders said.</p>
<p>COMEX warehouse silver stocks also rose 607,502 ounces Monday to 169,686,183 ounces, after falling steadily in recent weeks to their lowest level Friday since the addition of Wilmington Trust stocks in January.</p>
<p>&quot;I see no fundamental justification for the recent rally in silver, and we failed at resistance near the 40-day moving average today, and then the key support around $4.40 failed also,&quot; Merrill Lynch's commodity research director, Bill O'Neill said.</p>
<p>NYMEX October platinum ended down $5.60 an ounce at $449.60, but not before setting a new contract high early at $466.00, and then swinging through a wide $26.50 intraday range.</p>
<p>The October NYMEX platinum/COMEX gold spread ended at a $127.50, just below Monday's new high at $129.50.</p>
<p>But NYMEX September palladium ended up the $12.00 limit for the day at a new contract high at $227.60 an ounce, after spot palladium fixed at a fresh 17 year high at $245.50 in London Tuesday.</p>
<p>Earlier TOCOM palladium futures went limit up for the fifth straight session in Tokyo overnight.</p>
<p>No further Russian shipments of platinum group metals (PGMs) are expected in Japan under the annual supply contract until around August 10, and offerings by Russia in the spot market are not meeting pent up demand, traders said.</p>
<p>&quot;The underlying rate of demand growth for palladium is running at double digit figures,&quot; Merrill Lynch analyst Ted Arnold said in a report.</p>
<p>&quot;Up until recently it was generally assumed by most observers, including ourselves, that the Russians would go on meeting this demand increase from mine production and stockpile material,&quot; he said.</p>
<p>&quot;Now we are beginning to have serious doubts about this assumption,&quot; he said.</p>
<p>&quot;They (the Russians) must realize that the West's car and electronics industries could live with $250 to $300 an ounce palladium for a few years before major substitution or thrifting was seen.&quot;</p>
<p>A strike overnight at South Africa's Impala Platinum Ltd was also adding to supply concerns, even though management said production was expected to run close to normal levels &quot;in the short to medium term&quot;.</p>
<p>South Africa and Russia are the world's main suppliers of platinum and palladium.</p>
<p>((Clive McKeef, New York Commodities Desk, 212-859-1641))</p>
</text>
<copyright>(c) Reuters Limited 1997</copyright>
<metadata>
<codes class="bip:countries:1.0">
  <code code="USA">
    <editdetail attribution="Reuters BIP Coding Group" action="confirmed" date="1997-08-05"/>
  </code>
</codes>
<codes class="bip:topics:1.0">
  <code code="M14">
    <editdetail attribution="Reuters BIP Coding Group" action="confirmed" date="1997-08-05"/>
  </code>
  <code code="M142">
    <editdetail attribution="Reuters BIP Coding Group" action="confirmed" date="1997-08-05"/>
  </code>
  <code code="MCAT">
    <editdetail attribution="Reuters BIP Coding Group" action="confirmed" date="1997-08-05"/>
  </code>
</codes>
<dc element="dc.date.created" value="1997-08-05"/>
<dc element="dc.publisher" value="Reuters Holdings Plc"/>
<dc element="dc.date.published" value="1997-08-05"/>
<dc element="dc.source" value="Reuters"/>
<dc element="dc.creator.location" value="NEW YORK"/>
<dc element="dc.creator.location.country.name" value="USA"/>
<dc element="dc.source" value="Reuters"/>
</metadata>
</newsitem>
