<?xml version="1.0" encoding="iso-8859-1" ?>
<newsitem itemid="777973" id="root" date="1997-08-05" xml:lang="en">
<title>USA: U.S. 3-year note auction average 6.041 pct.</title>
<headline>U.S. 3-year note auction average 6.041 pct.</headline>
<dateline>WASHINGTON 1997-08-05</dateline>
<text>
<p>The U.S. Treasury said its auction of 3-year notes produced these results:</p>
<p>			 3-YEAR NOTES DUE AUG 15, 2000</p>
<p>			     $16.007 BILLION AUCTION</p>
<p>	     YIELD			  PRICE	COUPON</p>
<p> LOW	 6.034    Awarded At	99.908	6.00</p>
<p> HIGH	6.047    High Yield	99.873     Percent</p>
<p> AVERAGE   6.041    17 Percent	99.889</p>
<p>	   Cover - (Bids Over Amount Sold)    =  2.45 Times</p>
<p>	   Tail -- (High Minus Average Yield) =  1   Basis Pts</p>
<p> U.S. TREASURY (GOVERNMENT DEBT)		 MATURITY 15.Aug.00</p>
<p> MATURITY/TYPE    3-YEAR NOTES		   PAY DATE 15.Aug.97</p>
<p> TYPE OF DEBT     STRAIGHT			 LAUNCHED 05.Aug.97</p>
<p> ISSUED/ACCEPTED  16.007 BLN USD		 CUSIP    9128273D2</p>
<p> BIDS SUBMITTED   39.267			   COUNTRY	  USA</p>
<p> NONCOMPETITIVE   931.00 MLN			AUCTION AVERAGES</p>
<p> NY FED DISTRICT    N.A.			   COUPON	 6.000</p>
<p> FOREIGN INSTITN  847.00 MLN		     PRICE	 99.889</p>
<p> BIDDING RANGE    6.047-6.034 PCT		YIELD	  6.041</p>
<p>AVERAGE YIELD DOWN FROM 6.438 PCT AT AUCTION ON 06.MAY.97 AVG YIELD LOWEST SINCE 5.997 PCT AT AUCTION ON 11.FEB.97</p>
</text>
<copyright>(c) Reuters Limited 1997</copyright>
<metadata>
<codes class="bip:countries:1.0">
  <code code="USA">
    <editdetail attribution="Reuters BIP Coding Group" action="confirmed" date="1997-08-05"/>
  </code>
</codes>
<codes class="bip:topics:1.0">
  <code code="E21">
    <editdetail attribution="Reuters BIP Coding Group" action="confirmed" date="1997-08-05"/>
  </code>
  <code code="E212">
    <editdetail attribution="Reuters BIP Coding Group" action="confirmed" date="1997-08-05"/>
  </code>
  <code code="ECAT">
    <editdetail attribution="Reuters BIP Coding Group" action="confirmed" date="1997-08-05"/>
  </code>
</codes>
<dc element="dc.date.created" value="1997-08-05"/>
<dc element="dc.publisher" value="Reuters Holdings Plc"/>
<dc element="dc.date.published" value="1997-08-05"/>
<dc element="dc.source" value="Reuters"/>
<dc element="dc.creator.location" value="WASHINGTON"/>
<dc element="dc.creator.location.country.name" value="USA"/>
<dc element="dc.source" value="Reuters"/>
</metadata>
</newsitem>
