<?xml version="1.0" encoding="iso-8859-1" ?>
<newsitem itemid="777996" id="root" date="1997-08-05" xml:lang="en">
<title>USA: TABLE - Addvantage Media Group Inc Q2 net.</title>
<headline>TABLE - Addvantage Media Group Inc Q2 net.</headline>
<dateline>TULSA, Okla. 1997-08-05</dateline>
<text>
<p>THREE MONTHS ENDED     SIX MONTHS ENDED</p>
<p>				 JUNE 30,		  JUNE 30,</p>
<p>				1997	1996	 1997	 1996</p>
<p> Revenues	   $2,875,889 $1,379,820 $5,716,137 $1,986,889</p>
<p> Operating Income  1,347,358    583,616  2,729,371    697,605</p>
<p>Net Income Applicable</p>
<p>   to Common Stock   791,299    256,978  1,591,104    212,233</p>
<p> Earnings Per Share     0.12	 0.04	 0.25	 0.04</p>
<p>Average Common and Common</p>
<p>Equivalent Shares</p>
<p>   Outstanding     6,343,188  5,798,839  6,320,154  5,680,109</p>
<p>		   ((Chicago newsdesk 312 408 8787))</p>
</text>
<copyright>(c) Reuters Limited 1997</copyright>
<metadata>
<codes class="bip:countries:1.0">
  <code code="USA">
    <editdetail attribution="Reuters BIP Coding Group" action="confirmed" date="1997-08-05"/>
  </code>
</codes>
<codes class="bip:industries:1.0">
  <code code="I83954">
    <editdetail attribution="Reuters BIP Coding Group" action="confirmed" date="1997-08-05"/>
  </code>
</codes>
<codes class="bip:topics:1.0">
  <code code="C15">
    <editdetail attribution="Reuters BIP Coding Group" action="confirmed" date="1997-08-05"/>
  </code>
  <code code="C151">
    <editdetail attribution="Reuters BIP Coding Group" action="confirmed" date="1997-08-05"/>
  </code>
  <code code="CCAT">
    <editdetail attribution="Reuters BIP Coding Group" action="confirmed" date="1997-08-05"/>
  </code>
</codes>
<dc element="dc.date.created" value="1997-08-05"/>
<dc element="dc.publisher" value="Reuters Holdings Plc"/>
<dc element="dc.date.published" value="1997-08-05"/>
<dc element="dc.source" value="Reuters"/>
<dc element="dc.creator.location" value="TULSA, Okla."/>
<dc element="dc.creator.location.country.name" value="USA"/>
<dc element="dc.source" value="Reuters"/>
</metadata>
</newsitem>
