<?xml version="1.0" encoding="iso-8859-1" ?>
<newsitem itemid="777931" id="root" date="1997-08-05" xml:lang="en">
<title>USA: TABLE- Baldor Electric Co qtly div $0.12.</title>
<headline>TABLE- Baldor Electric Co qtly div $0.12.</headline>
<dateline>FORT SMITH, Ark. 1997-08-05</dateline>
<text>
<p>Quarterly</p>
<p>		   Latest		    Prior</p>
<p> Amount		  $0.12		   $0.12</p>
<p> Pay		   Sept 30</p>
<p> Record		 Sept 9</p>
</text>
<copyright>(c) Reuters Limited 1997</copyright>
<metadata>
<codes class="bip:countries:1.0">
  <code code="USA">
    <editdetail attribution="Reuters BIP Coding Group" action="confirmed" date="1997-08-05"/>
  </code>
</codes>
<codes class="bip:industries:1.0">
  <code code="I34200">
    <editdetail attribution="Reuters BIP Coding Group" action="confirmed" date="1997-08-05"/>
  </code>
</codes>
<codes class="bip:topics:1.0">
  <code code="C15">
    <editdetail attribution="Reuters BIP Coding Group" action="confirmed" date="1997-08-05"/>
  </code>
  <code code="C151">
    <editdetail attribution="Reuters BIP Coding Group" action="confirmed" date="1997-08-05"/>
  </code>
  <code code="CCAT">
    <editdetail attribution="Reuters BIP Coding Group" action="confirmed" date="1997-08-05"/>
  </code>
</codes>
<dc element="dc.date.created" value="1997-08-05"/>
<dc element="dc.publisher" value="Reuters Holdings Plc"/>
<dc element="dc.date.published" value="1997-08-05"/>
<dc element="dc.source" value="Reuters"/>
<dc element="dc.creator.location" value="FORT SMITH, Ark."/>
<dc element="dc.creator.location.country.name" value="USA"/>
<dc element="dc.source" value="Reuters"/>
</metadata>
</newsitem>
