<?xml version="1.0" encoding="iso-8859-1" ?>
<newsitem itemid="777988" id="root" date="1997-08-05" xml:lang="en">
<title>USA: Mercedes July US car sales fall.</title>
<headline>Mercedes July US car sales fall.</headline>
<dateline>DETROIT 1997-08-05</dateline>
<text>
<p>Mercedes-Benz AG **</p>
<p>			Jul 1-31, 1997     Jul 1-31, 1996 *Pct Chng</p>
<p> Domestic Car		   0		   0	     N.A.</p>
<p> Domestic Truck		 0		   0	     N.A.</p>
<p> Import Car		 6,741	     7,504	    -10.2</p>
<p> Import Truck		   0		   0	     N.A.</p>
<p>		  Jan 1-Jul 31, 1997 Jan 1-Jul 31, 1996 *Pct Chng</p>
<p> Domestic Car		   0		   0	     N.A.</p>
<p> Domestic Truck		 0		   0	     N.A.</p>
<p> Import Car		58,696	    49,556	    +19.1</p>
<p> Import Truck		   0		   0	     N.A.</p>
<p>* Pct change based on daily selling rate. Sale days 26 in latest month vs 26, 179 for year to date vs 180.</p>
<p>** Unit of Daimler-Benz AG</p>
</text>
<copyright>(c) Reuters Limited 1997</copyright>
<metadata>
<codes class="bip:countries:1.0">
  <code code="USA">
    <editdetail attribution="Reuters BIP Coding Group" action="confirmed" date="1997-08-05"/>
  </code>
</codes>
<codes class="bip:industries:1.0">
  <code code="I35000">
    <editdetail attribution="Reuters BIP Coding Group" action="confirmed" date="1997-08-05"/>
  </code>
</codes>
<codes class="bip:topics:1.0">
  <code code="C31">
    <editdetail attribution="Reuters BIP Coding Group" action="confirmed" date="1997-08-05"/>
  </code>
  <code code="CCAT">
    <editdetail attribution="Reuters BIP Coding Group" action="confirmed" date="1997-08-05"/>
  </code>
</codes>
<dc element="dc.date.created" value="1997-08-05"/>
<dc element="dc.publisher" value="Reuters Holdings Plc"/>
<dc element="dc.date.published" value="1997-08-05"/>
<dc element="dc.source" value="Reuters"/>
<dc element="dc.creator.location" value="DETROIT"/>
<dc element="dc.creator.location.country.name" value="USA"/>
<dc element="dc.source" value="Reuters"/>
</metadata>
</newsitem>
