<?xml version="1.0" encoding="iso-8859-1" ?>
<newsitem itemid="777907" id="root" date="1997-08-05" xml:lang="en">
<title>USA: Dow ends lower, techs leap higher in mixed session.</title>
<headline>Dow ends lower, techs leap higher in mixed session.</headline>
<byline>Richard Melville</byline>
<dateline>NEW YORK 1997-08-05</dateline>
<text>
<p>U.S. stocks finished broadly mixed on Tuesday, with blue chips limping to narrow losses but tech stocks extending their recent scorching gains.</p>
<p>The Dow industrials fell 11 points to close unofficially at 8188. Broader indexes were generally higher, however, and the technology-laden Nasdaq Composite finished with a one percent gain to post its third straight record high.</p>
<p>The session highlighted a recent trend of increasingly impatient investors showing a willingness to flock to and from groups based on any signs of shifting market psychology.  </p>
<p>&quot;This market has been marked by group and sector rotations in very short timeframes,&quot; said Scott Bleier, chief investment strategist at Prime Charter Ltd. &quot;With the primary market languishing, Nasdaq and the techs are pressing higher.&quot;</p>
<p>A main reason that blue chips have hit a wall is a run-up in interest rates after recent evidence economic growth may be accelerating, traders and analysts said. Rates edged higher again Tuesday, dragging on the performance of financial stocks.  </p>
<p>&quot;One disappointing area today was financial services, which continues to trade in lockstep with the yield curve,&quot; said Phil Orlando, chief investment officer at Value Line Asset Management.</p>
<p>Among banks, Chase Manhattan Corp fell 1-7/16 to 109-9/16, and BankAmerica Corp shed 1-5/8 to 71-7/8.</p>
<p>The Dow's tepid results aside, the day belonged to tech stocks. Intel Corp rose 2-15/16 to 99-11/16 after briefly brushing past the 100-point mark, while Microsoft Corp rose 1-3/4 to 143-5/16 and disk drive maker Western Digital Corp added 5-3/8 to 45-1/2.  </p>
<p>&quot;The chip stocks were on fire, the software names were on fire and the disk drive makers were on fire,&quot; Orlando said.</p>
<p>Networking leader Cisco Systems Inc rose 5/16 to 81-15/16 ahead of the release of its fiscal fourth-quarter earnings.</p>
<p>After the close, Cisco reported its operating profit rose 34 percent, matching official Wall Street expectations. Even so, Cisco fell to 79-3/4 in after-hours trading, suggesting Wall Street's unofficial expectations may have run ahead of reality.  </p>
<p>&quot;The Cisco after-hours action shows there was a whiff of speculation in the activity today,&quot; Bleier said. &quot;We're not deeply in the realm of speculative activity but we have certainly entered the outer halls.&quot;</p>
<p>Among individual issues, Aetna Inc tumbled 14-1/4 to 102-3/4 after the company reported weaker-than-expected second-quarter results. Smith Barney downgraded the shares, citing disappointment with Aetna's managed-care results.</p>
<p>Lone Star Steakhouse &amp; Saloon Inc fell four points to 18 after warning its third-quarter results would fail to meet Wall Street estimates.  </p>
<p>The S&amp;P 500 index rose 2.07 points to 952.37.</p>
<p>The Nasdaq Composite rose 16.08 to a record 1621.53.</p>
<p>((-- Wall Street desk, 212-859-1730))</p>
</text>
<copyright>(c) Reuters Limited 1997</copyright>
<metadata>
<codes class="bip:countries:1.0">
  <code code="USA">
    <editdetail attribution="Reuters BIP Coding Group" action="confirmed" date="1997-08-05"/>
  </code>
</codes>
<codes class="bip:topics:1.0">
  <code code="M11">
    <editdetail attribution="Reuters BIP Coding Group" action="confirmed" date="1997-08-05"/>
  </code>
  <code code="MCAT">
    <editdetail attribution="Reuters BIP Coding Group" action="confirmed" date="1997-08-05"/>
  </code>
</codes>
<dc element="dc.date.created" value="1997-08-05"/>
<dc element="dc.publisher" value="Reuters Holdings Plc"/>
<dc element="dc.date.published" value="1997-08-05"/>
<dc element="dc.source" value="Reuters"/>
<dc element="dc.creator.location" value="NEW YORK"/>
<dc element="dc.creator.location.country.name" value="USA"/>
<dc element="dc.source" value="Reuters"/>
</metadata>
</newsitem>
