<?xml version="1.0" encoding="iso-8859-1" ?>
<newsitem itemid="778075" id="root" date="1997-08-05" xml:lang="en">
<title>USA: Iona Technologies names David James CFO.</title>
<headline>Iona Technologies names David James CFO.</headline>
<dateline>CAMBRIDGE, Mass. 1997-08-05</dateline>
<text>
<p>IONA Technologies said Tuesday it named David James chief financial officer and treasurer.</p>
<p>The company said James replaces E.C. &quot;Mick&quot; Prokopis, who held both the chief financial officer and the chief operating officer job. Prokopis will remain the company's chief oeprating officer.</p>
<p>James was previously vice president of finance for Marcam Corp.</p>
</text>
<copyright>(c) Reuters Limited 1997</copyright>
<metadata>
<codes class="bip:countries:1.0">
  <code code="USA">
    <editdetail attribution="Reuters BIP Coding Group" action="confirmed" date="1997-08-05"/>
  </code>
</codes>
<codes class="bip:industries:1.0">
  <code code="I33020">
    <editdetail attribution="Reuters BIP Coding Group" action="confirmed" date="1997-08-05"/>
  </code>
  <code code="I3302021">
    <editdetail attribution="Reuters BIP Coding Group" action="confirmed" date="1997-08-05"/>
  </code>
</codes>
<codes class="bip:topics:1.0">
  <code code="C41">
    <editdetail attribution="Reuters BIP Coding Group" action="confirmed" date="1997-08-05"/>
  </code>
  <code code="C411">
    <editdetail attribution="Reuters BIP Coding Group" action="confirmed" date="1997-08-05"/>
  </code>
  <code code="CCAT">
    <editdetail attribution="Reuters BIP Coding Group" action="confirmed" date="1997-08-05"/>
  </code>
</codes>
<dc element="dc.date.created" value="1997-08-05"/>
<dc element="dc.publisher" value="Reuters Holdings Plc"/>
<dc element="dc.date.published" value="1997-08-05"/>
<dc element="dc.source" value="Reuters"/>
<dc element="dc.creator.location" value="CAMBRIDGE, Mass."/>
<dc element="dc.creator.location.country.name" value="USA"/>
<dc element="dc.source" value="Reuters"/>
</metadata>
</newsitem>
