<?xml version="1.0" encoding="iso-8859-1" ?>
<newsitem itemid="778025" id="root" date="1997-08-05" xml:lang="en">
<title>USA: TABLE - Gencor Q3 revs, net, share up a bit.</title>
<headline>TABLE - Gencor Q3 revs, net, share up a bit.</headline>
<dateline>ORLANDO, Fla. 1997-08-05</dateline>
<text>
<p>(Dollars in thousands, except per share amounts)</p>
<p>	  3 Months Ended		 9 Months Ended</p>
<p>	   June 30th			    June 30th</p>
<p>			 1996				   1996</p>
<p>     1997   Proforma    Actual	 1997    Proforma   Actual</p>
<p>Net Revenue</p>
<p> $ 51,079     46,085    21,722    135,015     120,184   47,416</p>
<p>Operating Income</p>
<p>    5,506	5,338     2,919     11,674	10,956    4,437</p>
<p>Net Income</p>
<p>    2,336	2,298     1,579	4,479	 3,738    2,156</p>
<p>EPS</p>
<p>     0.48	 0.47	0.44	 0.95	  0.77     0.60</p>
<p>NOTES: Effective September 30, 1996, the company bought the stock of the process equipment division of Ingersoll-Rand Co, known as CPM. The results of operations of CPM have been included in the results of the company from October 1, 1996.</p>
<p>Pro forma 1996 data assumes the acquisition had occurred on October 1, 1995.</p>
<p>Full co name is Gencor Industries Inc.</p>
<p>-- New York Newsdesk 212 859-1610.</p>
</text>
<copyright>(c) Reuters Limited 1997</copyright>
<metadata>
<codes class="bip:countries:1.0">
  <code code="USA">
    <editdetail attribution="Reuters BIP Coding Group" action="confirmed" date="1997-08-05"/>
  </code>
</codes>
<codes class="bip:industries:1.0">
  <code code="I32540">
    <editdetail attribution="Reuters BIP Coding Group" action="confirmed" date="1997-08-05"/>
  </code>
</codes>
<codes class="bip:topics:1.0">
  <code code="C15">
    <editdetail attribution="Reuters BIP Coding Group" action="confirmed" date="1997-08-05"/>
  </code>
  <code code="C151">
    <editdetail attribution="Reuters BIP Coding Group" action="confirmed" date="1997-08-05"/>
  </code>
  <code code="CCAT">
    <editdetail attribution="Reuters BIP Coding Group" action="confirmed" date="1997-08-05"/>
  </code>
</codes>
<dc element="dc.date.created" value="1997-08-05"/>
<dc element="dc.publisher" value="Reuters Holdings Plc"/>
<dc element="dc.date.published" value="1997-08-05"/>
<dc element="dc.source" value="Reuters"/>
<dc element="dc.creator.location" value="ORLANDO, Fla."/>
<dc element="dc.creator.location.country.name" value="USA"/>
<dc element="dc.source" value="Reuters"/>
</metadata>
</newsitem>
