<?xml version="1.0" encoding="iso-8859-1" ?>
<newsitem itemid="778094" id="root" date="1997-08-05" xml:lang="en">
<title>UK: MOTOR RACING-MORBIDELLI TO RETURN FOR HUNGARIAN GP.</title>
<headline>MOTOR RACING-MORBIDELLI TO RETURN FOR HUNGARIAN GP.</headline>
<dateline>LONDON, England 1997-08-05</dateline>
<text>
<p>Italian Gianni Morbidelli will return to racing in this weekend's Hungarian Grand Prix after breaking his arm in June, his Sauber team said on Tuesday.</p>
<p>Morbidelli, who broke his arm during testing before the French Grand Prix, returns in place of Argentinian Norberto Fontana who has raced in the last three Grands Prix.</p>
<p>&quot;The team's decision has been taken following last week's successful test at Fiorano which proved that Morbidelli has now recovered from his injuries,&quot; Sauber said in a statement.</p>
</text>
<copyright>(c) Reuters Limited 1997</copyright>
<metadata>
<codes class="bip:countries:1.0">
  <code code="ARG">
    <editdetail attribution="Reuters BIP Coding Group" action="confirmed" date="1997-08-05"/>
  </code>
  <code code="FRA">
    <editdetail attribution="Reuters BIP Coding Group" action="confirmed" date="1997-08-05"/>
  </code>
  <code code="HUNG">
    <editdetail attribution="Reuters BIP Coding Group" action="confirmed" date="1997-08-05"/>
  </code>
  <code code="ITALY">
    <editdetail attribution="Reuters BIP Coding Group" action="confirmed" date="1997-08-05"/>
  </code>
  <code code="UK">
    <editdetail attribution="Reuters BIP Coding Group" action="confirmed" date="1997-08-05"/>
  </code>
</codes>
<codes class="bip:topics:1.0">
  <code code="GCAT">
    <editdetail attribution="Reuters BIP Coding Group" action="confirmed" date="1997-08-05"/>
  </code>
  <code code="GSPO">
    <editdetail attribution="Reuters BIP Coding Group" action="confirmed" date="1997-08-05"/>
  </code>
</codes>
<dc element="dc.date.created" value="1997-08-05"/>
<dc element="dc.publisher" value="Reuters Holdings Plc"/>
<dc element="dc.date.published" value="1997-08-05"/>
<dc element="dc.source" value="Reuters"/>
<dc element="dc.creator.location" value="LONDON, England"/>
<dc element="dc.creator.location.country.name" value="UK"/>
<dc element="dc.source" value="Reuters"/>
</metadata>
</newsitem>
