<?xml version="1.0" encoding="iso-8859-1" ?>
<newsitem itemid="778086" id="root" date="1997-08-05" xml:lang="en">
<title>SRI LANKA: CRICKET-JAYASURIYA SET FOR SRI LANKAN BATTING RECORD.</title>
<headline>CRICKET-JAYASURIYA SET FOR SRI LANKAN BATTING RECORD.</headline>
<dateline>COLOMBO 1997-08-05</dateline>
<text>
<p>Opener Sanath Jayasuriya was on course to becoming the highest scorer in Sri Lankan cricket on Tuesday.</p>
<p>He had plundereed 230 not out off India by lunch on the fourth day of the first test and was within sight of Aravinda de Silva's record 267 against New Zealand in Wellington on the 1990-91 tour.</p>
<p>Jayasuriya's second wicket partner Roshan Mahanama was also enjoying himself on the lifeless pitch and had made an unbeaten 150.</p>
<p>By lunch the pair had put on 379 together and lifted Sri Lanka to 418 for one in reply to 537 for eight declared. With two sessions and one day left a draw looked inevitable.</p>
<p>Jayasuriya became only the third Sri Lankan batsmen to score a test double century when he flicked Venkatesh Prasad off his legs for four in the seventh over of the morning. He hit 25 fours in a stay of 452 minutes facing 327 balls.</p>
<p>Mahanama reached 150 for the third time in his career shortly before lunch. He had batted 496 minutes, faced 346 balls and hit 19 fours.</p>
</text>
<copyright>(c) Reuters Limited 1997</copyright>
<metadata>
<codes class="bip:countries:1.0">
  <code code="INDIA">
    <editdetail attribution="Reuters BIP Coding Group" action="confirmed" date="1997-08-05"/>
  </code>
  <code code="SRILAN">
    <editdetail attribution="Reuters BIP Coding Group" action="confirmed" date="1997-08-05"/>
  </code>
</codes>
<codes class="bip:topics:1.0">
  <code code="GCAT">
    <editdetail attribution="Reuters BIP Coding Group" action="confirmed" date="1997-08-05"/>
  </code>
  <code code="GSPO">
    <editdetail attribution="Reuters BIP Coding Group" action="confirmed" date="1997-08-05"/>
  </code>
</codes>
<dc element="dc.date.created" value="1997-08-05"/>
<dc element="dc.publisher" value="Reuters Holdings Plc"/>
<dc element="dc.date.published" value="1997-08-05"/>
<dc element="dc.source" value="Reuters"/>
<dc element="dc.creator.location" value="COLOMBO"/>
<dc element="dc.creator.location.country.name" value="SRI LANKA"/>
<dc element="dc.source" value="Reuters"/>
</metadata>
</newsitem>
