<?xml version="1.0" encoding="iso-8859-1" ?>
<newsitem itemid="778072" id="root" date="1997-08-05" xml:lang="en">
<title>USA: TABLE - Rockford Industries Q2 results.</title>
<headline>TABLE - Rockford Industries Q2 results.</headline>
<dateline>SANTA ANA, Calif. 1997-08-05</dateline>
<text>
<p>Rockford Industries, Inc.</p>
<p>				  Selected Financial Information</p>
<p>			     (In thousands, except per share data)</p>
<p>				 Three months ended		  Six months ended</p>
<p>					 June 30,			    June 30,</p>
<p>			    Actual   Pro Forma  Actual    Actual   Pro Forma  Actual</p>
<p>			    1997	  1996     1996	 1997	1996    1996</p>
<p>REVENUES:</p>
<p>     Sales of equipment$--	  $--   $21,422	 $--	 $--   $40,922</p>
<p>Gain on sale of</p>
<p>financing</p>
<p>	transactions   2,246	1,315	 789     4,556     2,677     2,042</p>
<p>     Finance income    998	1,187     1,187     2,127     2,451     2,451</p>
<p>Servicing related</p>
<p>	revenue	    734	  387	 387     1,462	 666	 666</p>
<p>Gain on sale</p>
<p>	of residuals	82	  192	 192	 230	 287	 287</p>
<p>     Other income	454	  201	 123	 735	 443	 299</p>
<p>     Total revenues  4,514	3,282    24,100     9,110     6,524    46,667</p>
<p>COSTS:</p>
<p>Cost of equipment</p>
<p>	sold		  --	   --    18,958	  --	  --    36,523</p>
<p>     Interest expense  524	  677	 677     1,145     1,326     1,326</p>
<p>     Total costs	 524	  677    19,635     1,145     1,326    37,849</p>
<p>     GROSS PROFIT    3,990	2,605     4,465     7,965     5,198     8,818</p>
<p>SELLING, GENERAL</p>
<p>AND ADMINISTRATIVE</p>
<p>	EXPENSES	 2,922	1,348     3,208     5,496     2,843     6,463</p>
<p>INCOME BEFORE</p>
<p>	INCOME TAXES   1,068	1,257     1,257     2,469     2,355     2,355</p>
<p>     INCOME TAXES	427	  503	 503	 988	 942	 942</p>
<p>     NET INCOME	 $641	 $754	$754    $1,481    $1,413    $1,413</p>
<p>NET INCOME</p>
<p>	PER SHARE	$0.15	$0.17     $0.17     $0.34     $0.32     $0.32</p>
<p>NET INCOME</p>
<p>APPLICABLE</p>
<p>TO COMMON</p>
<p>	SHAREHOLDERS$611,942   $733,824  $733,824$1,426,246$1,375,226$1,375,226</p>
<p>Weighted</p>
<p>average</p>
<p>shares</p>
<p>outstanding4,397,000  4,521,000 4,521,000 4,389,000 4,479,000 4,479,000</p>
</text>
<copyright>(c) Reuters Limited 1997</copyright>
<metadata>
<codes class="bip:countries:1.0">
  <code code="USA">
    <editdetail attribution="Reuters BIP Coding Group" action="confirmed" date="1997-08-05"/>
  </code>
</codes>
<codes class="bip:industries:1.0">
  <code code="I81501">
    <editdetail attribution="Reuters BIP Coding Group" action="confirmed" date="1997-08-05"/>
  </code>
</codes>
<codes class="bip:topics:1.0">
  <code code="C15">
    <editdetail attribution="Reuters BIP Coding Group" action="confirmed" date="1997-08-05"/>
  </code>
  <code code="C151">
    <editdetail attribution="Reuters BIP Coding Group" action="confirmed" date="1997-08-05"/>
  </code>
  <code code="CCAT">
    <editdetail attribution="Reuters BIP Coding Group" action="confirmed" date="1997-08-05"/>
  </code>
</codes>
<dc element="dc.date.created" value="1997-08-05"/>
<dc element="dc.publisher" value="Reuters Holdings Plc"/>
<dc element="dc.date.published" value="1997-08-05"/>
<dc element="dc.source" value="Reuters"/>
<dc element="dc.creator.location" value="SANTA ANA, Calif."/>
<dc element="dc.creator.location.country.name" value="USA"/>
<dc element="dc.source" value="Reuters"/>
</metadata>
</newsitem>
