<?xml version="1.0" encoding="iso-8859-1" ?>
<newsitem itemid="778006" id="root" date="1997-08-05" xml:lang="en">
<title>USA: TABLE - Harvey Entertainment Q2 results.</title>
<headline>TABLE - Harvey Entertainment Q2 results.</headline>
<dateline>LOS ANGELES 1997-08-05</dateline>
<text>
<p>THE HARVEY ENTERTAINMENT COMPANY</p>
<p>		  Consolidated Statements of Operations</p>
<p>				   (Unaudited)</p>
<p>			    Three Months Ended   Six Months Ended</p>
<p>				   June 30,		June 30,</p>
<p>			     1997	 1996	1997	1996</p>
<p>Operating Revenues:</p>
<p>Filmed</p>
<p>  Entertainment    $2,142,000 $3,522,000 $2,905,000 $4,956,000</p>
<p>  Licensing	     738,000    719,000  1,757,000  1,544,000</p>
<p>Net operating</p>
<p>  revenues	    2,880,000  4,241,000  4,662,000  6,500,000</p>
<p>Cost of sales	 1,065,000    989,000  1,697,000  1,435,000</p>
<p>Selling, general and</p>
<p>administrative</p>
<p> expenses	     1,405,000  1,217,000  2,789,000  1,932,000</p>
<p>Amortization of film</p>
<p>library, goodwill,</p>
<p>trademarks, copyrights</p>
<p> and other		107,000    119,000    195,000    456,000</p>
<p>Depreciation expense   22,000     13,000     44,000     23,000</p>
<p>Total operating</p>
<p> expenses	     2,599,000  2,338,000  4,725,000  3,846,000</p>
<p>Income (loss) from</p>
<p> operations	     281,000  1,903,000    (63,000) 2,654,000</p>
<p>Other income	     52,000     80,000    109,000    153,000</p>
<p>Income before provision</p>
<p> for income taxes     333,000  1,983,000     46,000  2,807,000</p>
<p>Provision for</p>
<p> income taxes	   150,000    826,000     46,000  1,178,000</p>
<p>Net income	    $ 183,000 $1,157,000  $   - 0 - $1,629,000</p>
<p>Net income per share   $ 0.05     $ 0.30    $ 0.00	$ 0.42</p>
<p>Weighted average shares</p>
<p> outstanding	  3,954,000  3,887,000 3,594,000   3,874,000</p>
</text>
<copyright>(c) Reuters Limited 1997</copyright>
<metadata>
<codes class="bip:countries:1.0">
  <code code="USA">
    <editdetail attribution="Reuters BIP Coding Group" action="confirmed" date="1997-08-05"/>
  </code>
</codes>
<codes class="bip:industries:1.0">
  <code code="I47530">
    <editdetail attribution="Reuters BIP Coding Group" action="confirmed" date="1997-08-05"/>
  </code>
</codes>
<codes class="bip:topics:1.0">
  <code code="C15">
    <editdetail attribution="Reuters BIP Coding Group" action="confirmed" date="1997-08-05"/>
  </code>
  <code code="C151">
    <editdetail attribution="Reuters BIP Coding Group" action="confirmed" date="1997-08-05"/>
  </code>
  <code code="CCAT">
    <editdetail attribution="Reuters BIP Coding Group" action="confirmed" date="1997-08-05"/>
  </code>
</codes>
<dc element="dc.date.created" value="1997-08-05"/>
<dc element="dc.publisher" value="Reuters Holdings Plc"/>
<dc element="dc.date.published" value="1997-08-05"/>
<dc element="dc.source" value="Reuters"/>
<dc element="dc.creator.location" value="LOS ANGELES"/>
<dc element="dc.creator.location.country.name" value="USA"/>
<dc element="dc.source" value="Reuters"/>
</metadata>
</newsitem>
