<?xml version="1.0" encoding="iso-8859-1" ?>
<newsitem itemid="778013" id="root" date="1997-08-05" xml:lang="en">
<title>USA: Intel, SAP form e-commerce venture.</title>
<headline>Intel, SAP form e-commerce venture.</headline>
<dateline>SAN FRANCISCO 1997-08-05</dateline>
<text>
<p>Chipmaker Intel Corp and German business software giant SAP AG have formed a joint venture to sell the hardware and software that businesses need to set up shop on the Internet, the companies said Tuesday.</p>
<p>The venture will help customers chase after the $200 billion in transactions that is expected to be conducted through the global computer network.</p>
<p>Intel, which is looking for more venues to sell its computer chips, will supply the servers. SAP will supply the computer programs that track inventory, order entry and accounts payable.  </p>
<p>Terms of ownership of the joint venture were not immediately available.</p>
<p>The companies said they both will contribute staff and technical resources to the venture. An Intel executive will serve as the chairman and a SAP executive as president and chief executive.</p>
<p>At a demonstration in San Francisco, the companies previewed a combination of hardware and software that would let customers order products through the Web, let a merchant track inventory levels, place orders from a supplier, and let a merchant's accountants keep track of financial records.</p>
</text>
<copyright>(c) Reuters Limited 1997</copyright>
<metadata>
<codes class="bip:countries:1.0">
  <code code="GFR">
    <editdetail attribution="Reuters BIP Coding Group" action="confirmed" date="1997-08-05"/>
  </code>
  <code code="USA">
    <editdetail attribution="Reuters BIP Coding Group" action="confirmed" date="1997-08-05"/>
  </code>
</codes>
<codes class="bip:industries:1.0">
  <code code="I33020">
    <editdetail attribution="Reuters BIP Coding Group" action="confirmed" date="1997-08-05"/>
  </code>
  <code code="I3302021">
    <editdetail attribution="Reuters BIP Coding Group" action="confirmed" date="1997-08-05"/>
  </code>
  <code code="I34531">
    <editdetail attribution="Reuters BIP Coding Group" action="confirmed" date="1997-08-05"/>
  </code>
</codes>
<codes class="bip:topics:1.0">
  <code code="C11">
    <editdetail attribution="Reuters BIP Coding Group" action="confirmed" date="1997-08-05"/>
  </code>
  <code code="CCAT">
    <editdetail attribution="Reuters BIP Coding Group" action="confirmed" date="1997-08-05"/>
  </code>
</codes>
<dc element="dc.date.created" value="1997-08-05"/>
<dc element="dc.publisher" value="Reuters Holdings Plc"/>
<dc element="dc.date.published" value="1997-08-05"/>
<dc element="dc.source" value="Reuters"/>
<dc element="dc.creator.location" value="SAN FRANCISCO"/>
<dc element="dc.creator.location.country.name" value="USA"/>
<dc element="dc.source" value="Reuters"/>
</metadata>
</newsitem>
