<?xml version="1.0" encoding="iso-8859-1" ?>
<newsitem itemid="778034" id="root" date="1997-08-05" xml:lang="en">
<title>USA: Lone Star Steakhouse grilled after warning.</title>
<headline>Lone Star Steakhouse grilled after warning.</headline>
<dateline>NEW YORK 1997-08-05</dateline>
<text>
<p>Shares in Lone Star Steakhouse &amp; Saloon Inc tumbled 20 percent in heavy trading on Tuesday after the company said its third quarter profits would not meet analysts' expectations.</p>
<p>Jeffries and Co downgraded its rating on the stock to hold from buy citing &quot;deteriorating sales trends and the dramatic earnings shortfall anticipated for the quarter and year.&quot;</p>
<p>After the market's close Monday, Lone Star said it expects its third quarter earnings to be $0.10 to $0.13 a share below analysts' forecasts.</p>
<p>Its shares were down 4-7/16 to 17-9/16 in late morning.  </p>
<p>According to First Call, 10 analysts were estimating Lone Star's third quarter earnings in a range of $0.45 to $0.50 a share with a mean estimate of $0.47.</p>
<p>Lone Star cited reduced margins due to a &quot;continued decline in average unit volumes&quot; in the first part of the current quarter and planned spending on advertising and marketing in the last half of the year.</p>
<p>&quot;The casual dining environment is likely to remain extremely competitive for some time, without any near-term relief in sight,&quot; Jefferies analysts David Rose and James Pott said in a report. &quot;As a consequence, Lone Star will likely see same store sales pressure continuing into the first quarter.&quot;</p>
<p>((--Wall St Desk, 212-859-1730))</p>
</text>
<copyright>(c) Reuters Limited 1997</copyright>
<metadata>
<codes class="bip:countries:1.0">
  <code code="USA">
    <editdetail attribution="Reuters BIP Coding Group" action="confirmed" date="1997-08-05"/>
  </code>
</codes>
<codes class="bip:industries:1.0">
  <code code="I66100">
    <editdetail attribution="Reuters BIP Coding Group" action="confirmed" date="1997-08-05"/>
  </code>
</codes>
<codes class="bip:topics:1.0">
  <code code="C15">
    <editdetail attribution="Reuters BIP Coding Group" action="confirmed" date="1997-08-05"/>
  </code>
  <code code="C152">
    <editdetail attribution="Reuters BIP Coding Group" action="confirmed" date="1997-08-05"/>
  </code>
  <code code="CCAT">
    <editdetail attribution="Reuters BIP Coding Group" action="confirmed" date="1997-08-05"/>
  </code>
</codes>
<dc element="dc.date.created" value="1997-08-05"/>
<dc element="dc.publisher" value="Reuters Holdings Plc"/>
<dc element="dc.date.published" value="1997-08-05"/>
<dc element="dc.source" value="Reuters"/>
<dc element="dc.creator.location" value="NEW YORK"/>
<dc element="dc.creator.location.country.name" value="USA"/>
<dc element="dc.source" value="Reuters"/>
</metadata>
</newsitem>
