<?xml version="1.0" encoding="iso-8859-1" ?>
<newsitem itemid="778001" id="root" date="1997-08-05" xml:lang="en">
<title>USA: Arcadia adds $75 mln to credit line.</title>
<headline>Arcadia adds $75 mln to credit line.</headline>
<dateline>MINNEAPOLIS 1997-08-05</dateline>
<text>
<p>Arcadia Financial Ltd, which provides financing for new and used vehicles, said Tuesday it secured a $75 million increase to its existing $300 million credit agreement with Bank of America.</p>
<p>The larger $375 million facility is funded through commercial paper administered by Bank of America and will continue to finance the daily purchase of automobile receivables prior to securitization, Arcadia said in a news release.</p>
<p>This transaction, combined with an agreement renewed recently with J.P. Morgan, brings total funding commitments to about $650 million for the company.</p>
<p>&quot;These renewed warehouse funding arrangements provide the company with additional capital to fund loan purchases and enhance the overall liquidity available to Arcadia,&quot; said Richard Greenawalt, Arcadia's president and chief executive officer.</p>
<p>		  ((Chicago newsdesk 312 408 8787))</p>
</text>
<copyright>(c) Reuters Limited 1997</copyright>
<metadata>
<codes class="bip:countries:1.0">
  <code code="USA">
    <editdetail attribution="Reuters BIP Coding Group" action="confirmed" date="1997-08-05"/>
  </code>
</codes>
<codes class="bip:industries:1.0">
  <code code="I81501">
    <editdetail attribution="Reuters BIP Coding Group" action="confirmed" date="1997-08-05"/>
  </code>
</codes>
<codes class="bip:topics:1.0">
  <code code="C17">
    <editdetail attribution="Reuters BIP Coding Group" action="confirmed" date="1997-08-05"/>
  </code>
  <code code="C173">
    <editdetail attribution="Reuters BIP Coding Group" action="confirmed" date="1997-08-05"/>
  </code>
  <code code="CCAT">
    <editdetail attribution="Reuters BIP Coding Group" action="confirmed" date="1997-08-05"/>
  </code>
</codes>
<dc element="dc.date.created" value="1997-08-05"/>
<dc element="dc.publisher" value="Reuters Holdings Plc"/>
<dc element="dc.date.published" value="1997-08-05"/>
<dc element="dc.source" value="Reuters"/>
<dc element="dc.creator.location" value="MINNEAPOLIS"/>
<dc element="dc.creator.location.country.name" value="USA"/>
<dc element="dc.source" value="Reuters"/>
</metadata>
</newsitem>
