<?xml version="1.0" encoding="iso-8859-1" ?>
<newsitem itemid="778042" id="root" date="1997-08-05" xml:lang="en">
<title>USA: Atlantis Plastics suspends share buybacks.</title>
<headline>Atlantis Plastics suspends share buybacks.</headline>
<dateline>ATLANTA 1997-08-05</dateline>
<text>
<p>Atlantis Plastics Inc said Tuesday it had suspended its share repurchase program until it meets the requirements laid out in its debt covenants.</p>
<p>The company said in a statement that it is no longer meeting a fixed charge ratio for the trailing 12-month period ended July 30 on its $100 million, 11 percent senior notes due 2003.</p>
<p>Atlantis said it has already repurchased, starting in November 1996, 320,344 common shares and options for 55,125 shares. It said it had authorized one million shares for repurchase.</p>
<p>The company said the suspension will remain in effect until it is able to meet the requirements on a 12-month trailing basis.</p>
</text>
<copyright>(c) Reuters Limited 1997</copyright>
<metadata>
<codes class="bip:countries:1.0">
  <code code="USA">
    <editdetail attribution="Reuters BIP Coding Group" action="confirmed" date="1997-08-05"/>
  </code>
</codes>
<codes class="bip:industries:1.0">
  <code code="I83960">
    <editdetail attribution="Reuters BIP Coding Group" action="confirmed" date="1997-08-05"/>
  </code>
</codes>
<codes class="bip:topics:1.0">
  <code code="C17">
    <editdetail attribution="Reuters BIP Coding Group" action="confirmed" date="1997-08-05"/>
  </code>
  <code code="C171">
    <editdetail attribution="Reuters BIP Coding Group" action="confirmed" date="1997-08-05"/>
  </code>
  <code code="C172">
    <editdetail attribution="Reuters BIP Coding Group" action="confirmed" date="1997-08-05"/>
  </code>
  <code code="C18">
    <editdetail attribution="Reuters BIP Coding Group" action="confirmed" date="1997-08-05"/>
  </code>
  <code code="C181">
    <editdetail attribution="Reuters BIP Coding Group" action="confirmed" date="1997-08-05"/>
  </code>
  <code code="CCAT">
    <editdetail attribution="Reuters BIP Coding Group" action="confirmed" date="1997-08-05"/>
  </code>
</codes>
<dc element="dc.date.created" value="1997-08-05"/>
<dc element="dc.publisher" value="Reuters Holdings Plc"/>
<dc element="dc.date.published" value="1997-08-05"/>
<dc element="dc.source" value="Reuters"/>
<dc element="dc.creator.location" value="ATLANTA"/>
<dc element="dc.creator.location.country.name" value="USA"/>
<dc element="dc.source" value="Reuters"/>
</metadata>
</newsitem>
