<?xml version="1.0" encoding="iso-8859-1" ?>
<newsitem itemid="778053" id="root" date="1997-08-05" xml:lang="en">
<title>USA: TABLE-Levitz says July same store sales rise.</title>
<headline>TABLE-Levitz says July same store sales rise.</headline>
<dateline>BOCA RATON, Fla. 1997-08-05</dateline>
<text>
<p>Percent change</p>
<p>		fiscal 1997  fiscal 1996	Total     Same-Store</p>
<p>Month		$77.6	$77.5	+0.1	 +1.1</p>
<p>Year-to-date    $288.9     $305.7	-5.5	 -4.5</p>
<p>NOTE: Figures in millions except percentage.</p>
<p>    Month is   July.</p>
<p>Full company name is Levitz Furniture Inc</p>
</text>
<copyright>(c) Reuters Limited 1997</copyright>
<metadata>
<codes class="bip:countries:1.0">
  <code code="USA">
    <editdetail attribution="Reuters BIP Coding Group" action="confirmed" date="1997-08-05"/>
  </code>
</codes>
<codes class="bip:industries:1.0">
  <code code="I64800">
    <editdetail attribution="Reuters BIP Coding Group" action="confirmed" date="1997-08-05"/>
  </code>
</codes>
<codes class="bip:topics:1.0">
  <code code="C15">
    <editdetail attribution="Reuters BIP Coding Group" action="confirmed" date="1997-08-05"/>
  </code>
  <code code="C151">
    <editdetail attribution="Reuters BIP Coding Group" action="confirmed" date="1997-08-05"/>
  </code>
  <code code="CCAT">
    <editdetail attribution="Reuters BIP Coding Group" action="confirmed" date="1997-08-05"/>
  </code>
</codes>
<dc element="dc.date.created" value="1997-08-05"/>
<dc element="dc.publisher" value="Reuters Holdings Plc"/>
<dc element="dc.date.published" value="1997-08-05"/>
<dc element="dc.source" value="Reuters"/>
<dc element="dc.creator.location" value="BOCA RATON, Fla."/>
<dc element="dc.creator.location.country.name" value="USA"/>
<dc element="dc.source" value="Reuters"/>
</metadata>
</newsitem>
