<?xml version="1.0" encoding="iso-8859-1" ?>
<newsitem itemid="778040" id="root" date="1997-08-05" xml:lang="en">
<title>USA: UPS refuses hotel bills for IPA crews-union.</title>
<headline>UPS refuses hotel bills for IPA crews-union.</headline>
<dateline>LOUISVILLE, Ky. 1997-08-05</dateline>
<text>
<p>United Parcel Service retaliated against the Independent Pilots Association for supporting the Teamsters strike by refusing to pay hotel and food bills for nearly 300 stranded flight crews, the IPA alleged Tuesday.</p>
<p>The IPA issued a statement saying the union had decided to pay $150,000 out of its own funds to keep 293 crew members in 54 cities around the country until 1200 EDT (1600 GMT).</p>
<p>&quot;UPS management has overreacted,&quot; Capt. Robert Miller, the IPA president, said in a statement.  &quot;If they force us to bring our pilots home, it will take twice as long to restart the airline once the Teamsters strike is over.&quot;</p>
<p>Over the weekend, the IPA, which represents 2,000 UPS pilots, agreed to honor the Teamsters strike by not crossing picket lines to fly UPS planes.  The union alleged hotel privileges for its members were cut off at noon on Monday.</p>
<p>Miller called on UPS air management to rescind the action and keep pilots ready at outbound duty stations.  &quot;If the company meets us half way, we will be in a much better position to service our clients when the strike is over,&quot; he said in the statement.</p>
<p>UPS officials were not immediately available for comment.</p>
<p>((Atlanta Bureau -- 404-870-7340))</p>
</text>
<copyright>(c) Reuters Limited 1997</copyright>
<metadata>
<codes class="bip:countries:1.0">
  <code code="USA">
    <editdetail attribution="Reuters BIP Coding Group" action="confirmed" date="1997-08-05"/>
  </code>
</codes>
<codes class="bip:industries:1.0">
  <code code="I79010">
    <editdetail attribution="Reuters BIP Coding Group" action="confirmed" date="1997-08-05"/>
  </code>
</codes>
<codes class="bip:topics:1.0">
  <code code="C42">
    <editdetail attribution="Reuters BIP Coding Group" action="confirmed" date="1997-08-05"/>
  </code>
  <code code="CCAT">
    <editdetail attribution="Reuters BIP Coding Group" action="confirmed" date="1997-08-05"/>
  </code>
  <code code="E41">
    <editdetail attribution="Reuters BIP Coding Group" action="confirmed" date="1997-08-05"/>
  </code>
  <code code="ECAT">
    <editdetail attribution="Reuters BIP Coding Group" action="confirmed" date="1997-08-05"/>
  </code>
  <code code="GCAT">
    <editdetail attribution="Reuters BIP Coding Group" action="confirmed" date="1997-08-05"/>
  </code>
  <code code="GJOB">
    <editdetail attribution="Reuters BIP Coding Group" action="confirmed" date="1997-08-05"/>
  </code>
</codes>
<dc element="dc.date.created" value="1997-08-05"/>
<dc element="dc.publisher" value="Reuters Holdings Plc"/>
<dc element="dc.date.published" value="1997-08-05"/>
<dc element="dc.source" value="Reuters"/>
<dc element="dc.creator.location" value="LOUISVILLE, Ky."/>
<dc element="dc.creator.location.country.name" value="USA"/>
<dc element="dc.source" value="Reuters"/>
</metadata>
</newsitem>
