<?xml version="1.0" encoding="iso-8859-1" ?>
<newsitem itemid="778018" id="root" date="1997-08-05" xml:lang="en">
<title>USA: TABLE - Applied Power Inc sets dividend.</title>
<headline>TABLE - Applied Power Inc sets dividend.</headline>
<dateline>MILWAUKEE, Wis. 1997-08-05</dateline>
<text>
<p>Quarterly</p>
<p>		   Latest		    Prior</p>
<p> Amount		  $0.03		     $0.03</p>
<p> Pay		    Aug 29</p>
<p> Record		 Aug 18</p>
<p>((Reuters Chicago Newsdesk (312) 408-8787))</p>
</text>
<copyright>(c) Reuters Limited 1997</copyright>
<metadata>
<codes class="bip:countries:1.0">
  <code code="USA">
    <editdetail attribution="Reuters BIP Coding Group" action="confirmed" date="1997-08-05"/>
  </code>
</codes>
<codes class="bip:industries:1.0">
  <code code="I32830">
    <editdetail attribution="Reuters BIP Coding Group" action="confirmed" date="1997-08-05"/>
  </code>
</codes>
<codes class="bip:topics:1.0">
  <code code="C15">
    <editdetail attribution="Reuters BIP Coding Group" action="confirmed" date="1997-08-05"/>
  </code>
  <code code="C151">
    <editdetail attribution="Reuters BIP Coding Group" action="confirmed" date="1997-08-05"/>
  </code>
  <code code="CCAT">
    <editdetail attribution="Reuters BIP Coding Group" action="confirmed" date="1997-08-05"/>
  </code>
</codes>
<dc element="dc.date.created" value="1997-08-05"/>
<dc element="dc.publisher" value="Reuters Holdings Plc"/>
<dc element="dc.date.published" value="1997-08-05"/>
<dc element="dc.source" value="Reuters"/>
<dc element="dc.creator.location" value="MILWAUKEE, Wis."/>
<dc element="dc.creator.location.country.name" value="USA"/>
<dc element="dc.source" value="Reuters"/>
</metadata>
</newsitem>
