<?xml version="1.0" encoding="iso-8859-1" ?>
<newsitem itemid="778142" id="root" date="1997-08-05" xml:lang="en">
<title>GREECE: ATHLETICS-JOHNSON WINS WORLD MEN'S 400 METRES TITLE.</title>
<headline>ATHLETICS-JOHNSON WINS WORLD MEN'S 400 METRES TITLE.</headline>
<dateline>ATHENS 1997-08-05</dateline>
<text>
<p>American Michael Johnson won the world men's 400 metres gold medal on Tuesday.</p>
<p>Davis Kamoga of Uganda took the silver and American Tyree Washington the bronze.</p>
</text>
<copyright>(c) Reuters Limited 1997</copyright>
<metadata>
<codes class="bip:countries:1.0">
  <code code="GREECE">
    <editdetail attribution="Reuters BIP Coding Group" action="confirmed" date="1997-08-05"/>
  </code>
  <code code="UGANDA">
    <editdetail attribution="Reuters BIP Coding Group" action="confirmed" date="1997-08-05"/>
  </code>
  <code code="USA">
    <editdetail attribution="Reuters BIP Coding Group" action="confirmed" date="1997-08-05"/>
  </code>
</codes>
<codes class="bip:topics:1.0">
  <code code="GCAT">
    <editdetail attribution="Reuters BIP Coding Group" action="confirmed" date="1997-08-05"/>
  </code>
  <code code="GSPO">
    <editdetail attribution="Reuters BIP Coding Group" action="confirmed" date="1997-08-05"/>
  </code>
</codes>
<dc element="dc.date.created" value="1997-08-05"/>
<dc element="dc.publisher" value="Reuters Holdings Plc"/>
<dc element="dc.date.published" value="1997-08-05"/>
<dc element="dc.source" value="Reuters"/>
<dc element="dc.creator.location" value="ATHENS"/>
<dc element="dc.creator.location.country.name" value="GREECE"/>
<dc element="dc.source" value="Reuters"/>
</metadata>
</newsitem>
