<?xml version="1.0" encoding="iso-8859-1" ?>
<newsitem itemid="778148" id="root" date="1997-08-05" xml:lang="en">
<title>GREECE: ATHLETICS-JOHNSON SAYS HE HAS FIGHT ON HAND TO DEFEND TITLE.</title>
<headline>ATHLETICS-JOHNSON SAYS HE HAS FIGHT ON HAND TO DEFEND TITLE.</headline>
<byline>Adrian Warner</byline>
<dateline>ATHENS 1997-08-05</dateline>
<text>
<p>Allen Johnson cruised into the semifinals of the men's high hurdles at the world championships on Tuesday but conceded he faced a fierce battle to retain his title.</p>
<p>The Olympic champion hardly brushed a hurdle on his way to a comfortable second-round victory in 13.22 seconds which took him into Wednesday's semifinals. The American Olympic champion then said the final on Thursday was likely to be a tight affair because the Athens track was so fast.</p>
<p>&quot;It was decent. I got off balance in the middle but I managed to work it out,&quot; he said. &quot;I was chopping my step because the track is so fast. It is going to be really good (in the final). Very competitive. Like four or five guys leaning for the tape. Of course I think I can come out first.&quot;</p>
<p>American Mark Crear, who won the silver medal at the Atlanta Games, sent a warning to Johnson of his fine form when he beat Britain's world record holder Colin Jackson in his heat.</p>
<p>Crear pipped Jackson on the line to win in 13.15 seconds. Jackson, whose 13.19 was the fastest time of the first round earlier in the day, finished second in the same time to  go through to the semifinals.</p>
<p>Jackson has a lot to prove after injury forced him to concede his world title to Johnson in 1995 and lack of form deprived him of an Olympic medal in Atlanta when he finished fourth.</p>
<p>&quot;It was nice, neat and compact,&quot; he said of his race. &quot;I am satisfied. Until you get the pressure it doesn't get urgent. It was nice and relaxed.&quot;</p>
<p>His compatriot Tony Jarrett, the silver medallist in the 1995 world championships in Gothenburg, also had few problems, winning his heat in 13.27 seconds.</p>
<p>Germany's Florian Schwarthoff, the bronze medallist in Atlanta, also looked smooth, taking third in the last heat in 13.30 to reach the semifinals.</p>
</text>
<copyright>(c) Reuters Limited 1997</copyright>
<metadata>
<codes class="bip:countries:1.0">
  <code code="GREECE">
    <editdetail attribution="Reuters BIP Coding Group" action="confirmed" date="1997-08-05"/>
  </code>
</codes>
<codes class="bip:topics:1.0">
  <code code="GCAT">
    <editdetail attribution="Reuters BIP Coding Group" action="confirmed" date="1997-08-05"/>
  </code>
  <code code="GSPO">
    <editdetail attribution="Reuters BIP Coding Group" action="confirmed" date="1997-08-05"/>
  </code>
</codes>
<dc element="dc.date.created" value="1997-08-05"/>
<dc element="dc.publisher" value="Reuters Holdings Plc"/>
<dc element="dc.date.published" value="1997-08-05"/>
<dc element="dc.source" value="Reuters"/>
<dc element="dc.creator.location" value="ATHENS"/>
<dc element="dc.creator.location.country.name" value="GREECE"/>
<dc element="dc.source" value="Reuters"/>
</metadata>
</newsitem>
