<?xml version="1.0" encoding="iso-8859-1" ?>
<newsitem itemid="778107" id="root" date="1997-08-05" xml:lang="en">
<title>NEW ZEALAND: RALLYING-ERIKSSON WINS AFTER RIVAL HITS SHEEP.</title>
<headline>RALLYING-ERIKSSON WINS AFTER RIVAL HITS SHEEP.</headline>
<dateline>AUCKLAND 1997-08-05</dateline>
<text>
<p>Sweden's Kenneth Eriksson won the New Zealand Rally for the first time on Tuesday after his nearest rival Carlos Sainz of Spain hit a sheep on the opening stage of the day.</p>
<p>Eriksson, in a Subaru, finished the third and final leg 13 seconds clear of Sainz of Spain.</p>
<p>Sainz, in a Ford, was second and four times champion Juha Kankunnen of Finland, also in a Ford, third.</p>
<p>&quot;I knew I had to avoid trouble and to finish ahead of Carlos and that was my aim,&quot; said Eriksson. &quot;It was bad luck for him to hit that animal, but it gave me a chance and I took it.&quot;</p>
<p>His win consolidated the Subaru team's lead in the world manufacturers' championship, but left defending champion Tommi Makinen of Finland top of the drivers' series for Mitsubishi.</p>
<p>Makinen, who crashed out on the opening day, leads with 42 points ahead of Sainz on 34 and Briton Colin McRae, who retired with a camshaft belt failure on his Subaru after leading, third on 32.</p>
<p>Eriksson, fourth, has 24 points.</p>
<p>After Sainz struck the sheep and lost valuable time, he was fastest on all subsequent stages but failed to overcome the deficit.</p>
<p>&quot;It was on a very fast section in Te Akau,&quot; said Sainz. &quot;We were doing around 180 kph, flat out in sixth gear, when we came over a blind crest and saw a sheep standing in the middle of the narrow gravel road.</p>
<p>&quot;It was impossible to avoid and we hit it hard with the front left corner of the car.</p>
<p>&quot;The biggest problem was that a brake pipe was broken in the incident and we had to do the remaining 36 km without brakes to the end of the stage. That is why we lost so much time.&quot;</p>
<p>The Spaniard, a double world champion, dropped to fifth on the section and second to third overall.</p>
<p>The incident left him needing Eriksson to make a mistake but the Swede did not. Eriksson was only third on the gravel stage but consolidated his overall lead and stayed there.</p>
<p>He did not win a stage throughout the final day, but always finished close enough to Sainz to retain his advantage as the Spaniard cut the lead from 34 seconds to 13.  050831 GMT aug 97</p>
</text>
<copyright>(c) Reuters Limited 1997</copyright>
<metadata>
<codes class="bip:countries:1.0">
  <code code="NZ">
    <editdetail attribution="Reuters BIP Coding Group" action="confirmed" date="1997-08-05"/>
  </code>
  <code code="SPAIN">
    <editdetail attribution="Reuters BIP Coding Group" action="confirmed" date="1997-08-05"/>
  </code>
  <code code="SWED">
    <editdetail attribution="Reuters BIP Coding Group" action="confirmed" date="1997-08-05"/>
  </code>
</codes>
<codes class="bip:topics:1.0">
  <code code="GCAT">
    <editdetail attribution="Reuters BIP Coding Group" action="confirmed" date="1997-08-05"/>
  </code>
  <code code="GSPO">
    <editdetail attribution="Reuters BIP Coding Group" action="confirmed" date="1997-08-05"/>
  </code>
</codes>
<dc element="dc.date.created" value="1997-08-05"/>
<dc element="dc.publisher" value="Reuters Holdings Plc"/>
<dc element="dc.date.published" value="1997-08-05"/>
<dc element="dc.source" value="Reuters"/>
<dc element="dc.creator.location" value="AUCKLAND"/>
<dc element="dc.creator.location.country.name" value="NEW ZEALAND"/>
<dc element="dc.source" value="Reuters"/>
</metadata>
</newsitem>
