<?xml version="1.0" encoding="iso-8859-1" ?>
<newsitem itemid="778135" id="root" date="1997-08-05" xml:lang="en">
<title>GREECE: ATHLETICS-PROFILE OF WORLD LONG JUMP CHAMPION PEDROSO.</title>
<headline>ATHLETICS-PROFILE OF WORLD LONG JUMP CHAMPION PEDROSO.</headline>
<dateline>ATHENS 1997-08-05</dateline>
<text>
<p>Profile of world long jump champion Ivan Pedroso:</p>
<p>Born December 17, 1972. Havana. </p>
<p>Jumped world record 8.96 metres in 1995 at high altitude in Sestriere, Italy, but the mark was not ratified because of allegations that an official had been standing in front of the wind gauge.</p>
<p>Won the world title that year in Gothenburg.</p>
<p>Underwent hamstring surgery in March, 1996, and finished 12th of the Atlanta Olympics.</p>
<p>Bounced back in the indoor season, jumping 8.60 metres, the second longest indoor mark behind Carl Lewis's 8.79.</p>
</text>
<copyright>(c) Reuters Limited 1997</copyright>
<metadata>
<codes class="bip:countries:1.0">
  <code code="CUBA">
    <editdetail attribution="Reuters BIP Coding Group" action="confirmed" date="1997-08-05"/>
  </code>
  <code code="GREECE">
    <editdetail attribution="Reuters BIP Coding Group" action="confirmed" date="1997-08-05"/>
  </code>
</codes>
<codes class="bip:topics:1.0">
  <code code="GCAT">
    <editdetail attribution="Reuters BIP Coding Group" action="confirmed" date="1997-08-05"/>
  </code>
  <code code="GSPO">
    <editdetail attribution="Reuters BIP Coding Group" action="confirmed" date="1997-08-05"/>
  </code>
</codes>
<dc element="dc.date.created" value="1997-08-05"/>
<dc element="dc.publisher" value="Reuters Holdings Plc"/>
<dc element="dc.date.published" value="1997-08-05"/>
<dc element="dc.source" value="Reuters"/>
<dc element="dc.creator.location" value="ATHENS"/>
<dc element="dc.creator.location.country.name" value="GREECE"/>
<dc element="dc.source" value="Reuters"/>
</metadata>
</newsitem>
