<?xml version="1.0" encoding="iso-8859-1" ?>
<newsitem itemid="778100" id="root" date="1997-08-05" xml:lang="en">
<title>SOUTH AFRICA: RUGBY UNION-TSHWETE MEETS MANDELA IN RUGBY TALKS.</title>
<headline>RUGBY UNION-TSHWETE MEETS MANDELA IN RUGBY TALKS.</headline>
<dateline>PRETORIA 1997-08-05</dateline>
<text>
<p>South Africa's Sports Minister Steve Tshwete met President Nelson Mandela on Tuesday to ask for the five-month-old investigation into the running of rugby union in the republic to be given legal powers.</p>
<p>But a spokesperson said after the meeting that no announcement would be made until after Tshwete had met the five-man task force on Wednesday.</p>
<p>The minister asked for the probe to become the subject of a full-blown commission of inquiry in response to rugby bosses ordering their officials not to co-operate with the original investigation which was appointed to examine everything from allegations of financial misdealings to racism.</p>
<p>The South African Rugby Football Union (SARFU) believes the task force was working outside the agreed terms of reference and have said they will fight any upgrading.</p>
<p>&quot;If the inquiry is granted by President Mandela we will apply to have it negated in court,&quot; SARFU president Louis Luyt said in a statement.</p>
</text>
<copyright>(c) Reuters Limited 1997</copyright>
<metadata>
<codes class="bip:countries:1.0">
  <code code="SAFR">
    <editdetail attribution="Reuters BIP Coding Group" action="confirmed" date="1997-08-05"/>
  </code>
</codes>
<codes class="bip:topics:1.0">
  <code code="GCAT">
    <editdetail attribution="Reuters BIP Coding Group" action="confirmed" date="1997-08-05"/>
  </code>
  <code code="GSPO">
    <editdetail attribution="Reuters BIP Coding Group" action="confirmed" date="1997-08-05"/>
  </code>
</codes>
<dc element="dc.date.created" value="1997-08-05"/>
<dc element="dc.publisher" value="Reuters Holdings Plc"/>
<dc element="dc.date.published" value="1997-08-05"/>
<dc element="dc.source" value="Reuters"/>
<dc element="dc.creator.location" value="PRETORIA"/>
<dc element="dc.creator.location.country.name" value="SOUTH AFRICA"/>
<dc element="dc.source" value="Reuters"/>
</metadata>
</newsitem>
