<?xml version="1.0" encoding="iso-8859-1" ?>
<newsitem itemid="561554" id="root" date="1997-05-06" xml:lang="en">
<title>CANADA: Norcen to make bid for Basic.</title>
<headline>Norcen to make bid for Basic.</headline>
<dateline>CALGARY 1997-05-06</dateline>
<text>
<p>Norcen Energy Resources Ltd and Basic Petroleum International Ltd said on Tuesday they reached a deal under which Norcen will offer US$40 per share for up to 97.5 percent of Basic or a total of US$303 million.</p>
<p>Norcen's offer will be for up to 7,572,064 shares of Basic's common stock.</p>
<p>The offer, due to begin on May 12, is conditional on Norcen receiving more than 50 percent of Basic's shares on a fully diluted basis, and on other customary conditions.</p>
<p>The companies said the bid will be followed by a merger in which those shareholders who do not tender will get either cash or a combination of cash and a royalty right relating to certain exploration lands.</p>
<p>Norcen has reached an agreement with Basic shareholders representing over 47 percent of the outstanding shares and has received their approval and support of the transaction.</p>
<p>&quot;This acquisition is an excellent fit with Norcen's operating approach,&quot; Norcen President and Chief Executive Grant Billing said in a statement.</p>
<p>&quot;It adds substantial incremental cash flow and it is a focused operation with high working interest combined with production growth potential and exploration upside,&quot; he added.</p>
<p>Basic Petroleum's operations are in Guatemala and the company has current production of roughly 23,000 barrels per day. Proven reserves are estimated at 65 million barrels with 18 million barrels of probable reserves. There are four fields already in production with more than 1.5 million acres of exploratory acreage available.</p>
<p>Norcen will be purchasing the company for a total of US$303 million in cash plus a royalty right relating to certain exploration lands. After the deal is complete, Norcen's debt-to-cash flow ratio will be approximately 1.5 times. The companies said Norcen will fully integrate Basic Petroleum's operations into its own prior to year-end.</p>
<p>((Reuters Toronto Bureau (416) 941-8100))</p>
</text>
<copyright>(c) Reuters Limited 1997</copyright>
<metadata>
<codes class="bip:countries:1.0">
  <code code="CANA">
    <editdetail attribution="Reuters BIP Coding Group" action="confirmed" date="1997-05-06"/>
  </code>
</codes>
<codes class="bip:industries:1.0">
  <code code="I13000">
    <editdetail attribution="Reuters BIP Coding Group" action="confirmed" date="1997-05-06"/>
  </code>
  <code code="I1300003">
    <editdetail attribution="Reuters BIP Coding Group" action="confirmed" date="1997-05-06"/>
  </code>
</codes>
<codes class="bip:topics:1.0">
  <code code="C18">
    <editdetail attribution="Reuters BIP Coding Group" action="confirmed" date="1997-05-06"/>
  </code>
  <code code="C181">
    <editdetail attribution="Reuters BIP Coding Group" action="confirmed" date="1997-05-06"/>
  </code>
  <code code="CCAT">
    <editdetail attribution="Reuters BIP Coding Group" action="confirmed" date="1997-05-06"/>
  </code>
</codes>
<dc element="dc.date.created" value="1997-05-06"/>
<dc element="dc.publisher" value="Reuters Holdings Plc"/>
<dc element="dc.date.published" value="1997-05-06"/>
<dc element="dc.source" value="Reuters"/>
<dc element="dc.creator.location" value="CALGARY"/>
<dc element="dc.creator.location.country.name" value="CANADA"/>
<dc element="dc.source" value="Reuters"/>
</metadata>
</newsitem>
