<?xml version="1.0" encoding="iso-8859-1" ?>
<newsitem itemid="561572" id="root" date="1997-05-06" xml:lang="en">
<title>USA: RESEARCH ALERT - Intel cut to neutral.</title>
<headline>RESEARCH ALERT - Intel cut to neutral.</headline>
<text>
<p>-- Rodman &amp; Renshaw Inc said Tuesday it cut Intel Corp to neutral from buy.</p>
<p>-- Rodman also cut its Intel earnings estimate for 1997 to $8.75 a share from $9.25 and 1998 to $10.00 from $11.00.</p>
<p>-- Rodman cited news reports of an alleged flaw in Intel's new Pentium microprocessor. &quot;Assuming these reports are correct, we expect that Intel will take very aggressive steps to correct the flaw,&quot; Rodman said. &quot;These steps will likely include replacing approximately seven million Pentium Pro processors already shipped, for an estimated cost of $2.1 billion ($300 each) or about $1.50 per share.&quot;  </p>
<p>-- Intel officials earlier told Reuters that the company would stand behind its new Pentium microprocessor if it turned out to have a glitch or &quot;errata&quot; like the one that affected its first generation Pentium.</p>
<p>-- Intel shares were off three at 159-1/2.</p>
<p>((Reuters Chicago Newsdesk (312) 408-8787))</p>
</text>
<copyright>(c) Reuters Limited 1997</copyright>
<metadata>
<codes class="bip:countries:1.0">
  <code code="USA">
    <editdetail attribution="Reuters BIP Coding Group" action="confirmed" date="1997-05-06"/>
  </code>
</codes>
<codes class="bip:industries:1.0">
  <code code="I34531">
    <editdetail attribution="Reuters BIP Coding Group" action="confirmed" date="1997-05-06"/>
  </code>
</codes>
<codes class="bip:topics:1.0">
  <code code="C15">
    <editdetail attribution="Reuters BIP Coding Group" action="confirmed" date="1997-05-06"/>
  </code>
  <code code="C152">
    <editdetail attribution="Reuters BIP Coding Group" action="confirmed" date="1997-05-06"/>
  </code>
  <code code="CCAT">
    <editdetail attribution="Reuters BIP Coding Group" action="confirmed" date="1997-05-06"/>
  </code>
</codes>
<dc element="dc.publisher" value="Reuters Holdings Plc"/>
<dc element="dc.date.published" value="1997-05-06"/>
<dc element="dc.source" value="Reuters"/>
<dc element="dc.creator.location.country.name" value="USA"/>
<dc element="dc.source" value="Reuters"/>
</metadata>
</newsitem>
