<?xml version="1.0" encoding="iso-8859-1" ?>
<newsitem itemid="561576" id="root" date="1997-05-06" xml:lang="en">
<title>USA: RESEARCH ALERT - Cowen ups two casino hotel cos.</title>
<headline>RESEARCH ALERT - Cowen ups two casino hotel cos.</headline>
<text>
<p>-- Cowen &amp; Co said it upgraded Mirage Resorts Inc and Circus Circus Enterprises Inc to buy from neutral.  </p>
<p>-- Additional details not immediately available.</p>
<p>-- Mirage shares rose 5/8 to 23 and Circus Circus gained 1-1/2 to 27-7/8.</p>
</text>
<copyright>(c) Reuters Limited 1997</copyright>
<metadata>
<codes class="bip:countries:1.0">
  <code code="USA">
    <editdetail attribution="Reuters BIP Coding Group" action="confirmed" date="1997-05-06"/>
  </code>
</codes>
<codes class="bip:industries:1.0">
  <code code="I97912">
    <editdetail attribution="Reuters BIP Coding Group" action="confirmed" date="1997-05-06"/>
  </code>
</codes>
<codes class="bip:topics:1.0">
  <code code="C15">
    <editdetail attribution="Reuters BIP Coding Group" action="confirmed" date="1997-05-06"/>
  </code>
  <code code="C152">
    <editdetail attribution="Reuters BIP Coding Group" action="confirmed" date="1997-05-06"/>
  </code>
  <code code="CCAT">
    <editdetail attribution="Reuters BIP Coding Group" action="confirmed" date="1997-05-06"/>
  </code>
</codes>
<dc element="dc.publisher" value="Reuters Holdings Plc"/>
<dc element="dc.date.published" value="1997-05-06"/>
<dc element="dc.source" value="Reuters"/>
<dc element="dc.creator.location.country.name" value="USA"/>
<dc element="dc.source" value="Reuters"/>
</metadata>
</newsitem>
