<?xml version="1.0" encoding="iso-8859-1" ?>
<newsitem itemid="561550" id="root" date="1997-05-06" xml:lang="en">
<title>CANADA: Bre-X shares halted due to system problems.</title>
<headline>Bre-X shares halted due to system problems.</headline>
<dateline>TORONTO 1997-05-06</dateline>
<text>
<p>The Toronto Stock Exchange said on Tuesday it halted Bre-X Minerals Ltd shares due to system problems.</p>
<p>The stock was down 3.155 at 0.075 in turnover of 35.4 million shares when it was halted.</p>
<p>The cause of the problems was under investigation, a TSE spokesman said.</p>
<p>((Reuters Toronto Bureau (416) 941-8100))</p>
</text>
<copyright>(c) Reuters Limited 1997</copyright>
<metadata>
<codes class="bip:countries:1.0">
  <code code="CANA">
    <editdetail attribution="Reuters BIP Coding Group" action="confirmed" date="1997-05-06"/>
  </code>
</codes>
<codes class="bip:industries:1.0">
  <code code="I21000">
    <editdetail attribution="Reuters BIP Coding Group" action="confirmed" date="1997-05-06"/>
  </code>
</codes>
<codes class="bip:topics:1.0">
  <code code="C14">
    <editdetail attribution="Reuters BIP Coding Group" action="confirmed" date="1997-05-06"/>
  </code>
  <code code="CCAT">
    <editdetail attribution="Reuters BIP Coding Group" action="confirmed" date="1997-05-06"/>
  </code>
</codes>
<dc element="dc.date.created" value="1997-05-06"/>
<dc element="dc.publisher" value="Reuters Holdings Plc"/>
<dc element="dc.date.published" value="1997-05-06"/>
<dc element="dc.source" value="Reuters"/>
<dc element="dc.creator.location" value="TORONTO"/>
<dc element="dc.creator.location.country.name" value="CANADA"/>
<dc element="dc.source" value="Reuters"/>
</metadata>
</newsitem>
