<?xml version="1.0" encoding="iso-8859-1" ?>
<newsitem itemid="561541" id="root" date="1997-05-06" xml:lang="en">
<title>CANADA: Minorca to review options after Busang.</title>
<headline>Minorca to review options after Busang.</headline>
<dateline>TORONTO 1997-05-06</dateline>
<text>
<p>Minorca Resources Inc said on Tuesday it will review all options available after a report revealed that the Busang project is worthless.</p>
<p>Minorca said it is &quot;to review all alternatives available to the company to maximize shareholder value following the recent announcements with respect to its investment in the Busang project.&quot;</p>
<p>Minorca said it has retained RBC Dominon Securities Inc as financial adviser to assist in the review.</p>
<p>An independent consultant's report released by Bre-X Minerals Ltd late on Sunday revealed that samples from Busang had been tampered with on a large scale.</p>
<p>Minorca shares were down 0.99 at 0.95 on the Toronto Stock Exchange in turnover of 4.21 million shares.</p>
<p>((Reuters Toronto Bureau (416) 941-8100))</p>
</text>
<copyright>(c) Reuters Limited 1997</copyright>
<metadata>
<codes class="bip:countries:1.0">
  <code code="CANA">
    <editdetail attribution="Reuters BIP Coding Group" action="confirmed" date="1997-05-06"/>
  </code>
  <code code="INDON">
    <editdetail attribution="Reuters BIP Coding Group" action="confirmed" date="1997-05-06"/>
  </code>
</codes>
<codes class="bip:industries:1.0">
  <code code="I21000">
    <editdetail attribution="Reuters BIP Coding Group" action="confirmed" date="1997-05-06"/>
  </code>
</codes>
<codes class="bip:topics:1.0">
  <code code="C11">
    <editdetail attribution="Reuters BIP Coding Group" action="confirmed" date="1997-05-06"/>
  </code>
  <code code="C15">
    <editdetail attribution="Reuters BIP Coding Group" action="confirmed" date="1997-05-06"/>
  </code>
  <code code="C152">
    <editdetail attribution="Reuters BIP Coding Group" action="confirmed" date="1997-05-06"/>
  </code>
  <code code="C24">
    <editdetail attribution="Reuters BIP Coding Group" action="confirmed" date="1997-05-06"/>
  </code>
  <code code="CCAT">
    <editdetail attribution="Reuters BIP Coding Group" action="confirmed" date="1997-05-06"/>
  </code>
</codes>
<dc element="dc.date.created" value="1997-05-06"/>
<dc element="dc.publisher" value="Reuters Holdings Plc"/>
<dc element="dc.date.published" value="1997-05-06"/>
<dc element="dc.source" value="Reuters"/>
<dc element="dc.creator.location" value="TORONTO"/>
<dc element="dc.creator.location.country.name" value="CANADA"/>
<dc element="dc.source" value="Reuters"/>
</metadata>
</newsitem>
