<?xml version="1.0" encoding="iso-8859-1" ?>
<newsitem itemid="561580" id="root" date="1997-05-06" xml:lang="en">
<title>USA: RESEARCH ALERT-Motorola strong buy repeated.</title>
<headline>RESEARCH ALERT-Motorola strong buy repeated.</headline>
<text>
<p>-- Gruntal &amp; Co repeated a strong buy rating on Motorola Inc after a successful launch of a Delta II rocket which carried the first of five IRIDIUM satellites into orbit. Motorola holds a 25 percent stake in IRIDIUM, a planned global communications network.</p>
<p>-- The successful launch of the first of five satellites out of a planned total 66-satellite network clears the way for the IRIDIUM network to be operational in 1998, Gruntal analyst Mona Eraiba said in a report.</p>
<p>-- The first launch is a critical step for Motorola's effort to proceed in a public offering of IRIDIUM LLC shares. A successful public offering of IRIDIUM will be a major step in lifting the financial burden off of Motorola, she said.</p>
<p>-- Shares of Motorola were trading off 3/4 to 62-3/8.</p>
<p>		   ((Chicago newsdesk 312 408 8787))</p>
</text>
<copyright>(c) Reuters Limited 1997</copyright>
<metadata>
<codes class="bip:countries:1.0">
  <code code="USA">
    <editdetail attribution="Reuters BIP Coding Group" action="confirmed" date="1997-05-06"/>
  </code>
</codes>
<codes class="bip:industries:1.0">
  <code code="I34531">
    <editdetail attribution="Reuters BIP Coding Group" action="confirmed" date="1997-05-06"/>
  </code>
</codes>
<codes class="bip:topics:1.0">
  <code code="C15">
    <editdetail attribution="Reuters BIP Coding Group" action="confirmed" date="1997-05-06"/>
  </code>
  <code code="C152">
    <editdetail attribution="Reuters BIP Coding Group" action="confirmed" date="1997-05-06"/>
  </code>
  <code code="CCAT">
    <editdetail attribution="Reuters BIP Coding Group" action="confirmed" date="1997-05-06"/>
  </code>
</codes>
<dc element="dc.publisher" value="Reuters Holdings Plc"/>
<dc element="dc.date.published" value="1997-05-06"/>
<dc element="dc.source" value="Reuters"/>
<dc element="dc.creator.location.country.name" value="USA"/>
<dc element="dc.source" value="Reuters"/>
</metadata>
</newsitem>
