<?xml version="1.0" encoding="iso-8859-1" ?>
<newsitem itemid="561589" id="root" date="1997-05-06" xml:lang="en">
<title>USA: RESEARCH ALERT - Goldman cuts Fila.</title>
<headline>RESEARCH ALERT - Goldman cuts Fila.</headline>
<text>
<p>-- Goldman Sachs said it downgraded Fila Holdings SpA to market perform from outperform.</p>
<p>-- shares dropped 3-1/4 to 42-5/8.</p>
</text>
<copyright>(c) Reuters Limited 1997</copyright>
<metadata>
<codes class="bip:countries:1.0">
  <code code="USA">
    <editdetail attribution="Reuters BIP Coding Group" action="confirmed" date="1997-05-06"/>
  </code>
</codes>
<codes class="bip:topics:1.0">
  <code code="C15">
    <editdetail attribution="Reuters BIP Coding Group" action="confirmed" date="1997-05-06"/>
  </code>
  <code code="C152">
    <editdetail attribution="Reuters BIP Coding Group" action="confirmed" date="1997-05-06"/>
  </code>
  <code code="CCAT">
    <editdetail attribution="Reuters BIP Coding Group" action="confirmed" date="1997-05-06"/>
  </code>
</codes>
<dc element="dc.publisher" value="Reuters Holdings Plc"/>
<dc element="dc.date.published" value="1997-05-06"/>
<dc element="dc.source" value="Reuters"/>
<dc element="dc.creator.location.country.name" value="USA"/>
<dc element="dc.source" value="Reuters"/>
</metadata>
</newsitem>
