<?xml version="1.0" encoding="iso-8859-1" ?>
<newsitem itemid="561583" id="root" date="1997-05-06" xml:lang="en">
<title>USA: RESEARCH ALERT - AOL FY 98 eps upped - Lehman.</title>
<headline>RESEARCH ALERT - AOL FY 98 eps upped - Lehman.</headline>
<text>
<p>-- Lehman Brothers analyst Brian Oakes said he raised his fiscal 1998 earnings estimates on America Online to $1.00 a share, from $0.85 previously, due to its better-than-expected third quarter earnings.</p>
<p>-- Oakes also reiterated a buy rating on the stock, with a price target of $80 a share, over the next 12 months.</p>
<p>-- Oakes also said the valuation of AOL's network is not reflected in AOL's current stock price, based on the $616 million merger announced earlier today with GTE Corp buying BBN Corp. BBN provides about one third of AOL's network, AOLnet, Oakes said.</p>
</text>
<copyright>(c) Reuters Limited 1997</copyright>
<metadata>
<codes class="bip:countries:1.0">
  <code code="USA">
    <editdetail attribution="Reuters BIP Coding Group" action="confirmed" date="1997-05-06"/>
  </code>
</codes>
<codes class="bip:industries:1.0">
  <code code="I33020">
    <editdetail attribution="Reuters BIP Coding Group" action="confirmed" date="1997-05-06"/>
  </code>
  <code code="I3302003">
    <editdetail attribution="Reuters BIP Coding Group" action="confirmed" date="1997-05-06"/>
  </code>
  <code code="I79020">
    <editdetail attribution="Reuters BIP Coding Group" action="confirmed" date="1997-05-06"/>
  </code>
  <code code="I83940">
    <editdetail attribution="Reuters BIP Coding Group" action="confirmed" date="1997-05-06"/>
  </code>
</codes>
<codes class="bip:topics:1.0">
  <code code="C15">
    <editdetail attribution="Reuters BIP Coding Group" action="confirmed" date="1997-05-06"/>
  </code>
  <code code="C152">
    <editdetail attribution="Reuters BIP Coding Group" action="confirmed" date="1997-05-06"/>
  </code>
  <code code="CCAT">
    <editdetail attribution="Reuters BIP Coding Group" action="confirmed" date="1997-05-06"/>
  </code>
</codes>
<dc element="dc.publisher" value="Reuters Holdings Plc"/>
<dc element="dc.date.published" value="1997-05-06"/>
<dc element="dc.source" value="Reuters"/>
<dc element="dc.creator.location.country.name" value="USA"/>
<dc element="dc.source" value="Reuters"/>
</metadata>
</newsitem>
