<?xml version="1.0" encoding="iso-8859-1" ?>
<newsitem itemid="561570" id="root" date="1997-05-06" xml:lang="en">
<title>USA: RESEARCH ALERT-First Michigan lowered.</title>
<headline>RESEARCH ALERT-First Michigan lowered.</headline>
<text>
<p>-- Everen Securities Inc said Tuesday it was lowering its intermediate-term rating on First Michigan Bank Corp to market performer from outperformer. Long-term rating remains outperform.</p>
<p>-- The rating change comes the day after Huntington Bancshares Inc agreed to acquire First Michigan for 1.05 shares of Huntington for each First Michigan share.  </p>
<p>-- Everen says its target price for Huntington is $31 and with the 1.05 exchange ratio, the upside for First Michigan is limited in the near-term, Everen said in a research report.</p>
<p>-- Everen also noted what it considered a rich premium for the acquisition and and a lock-up provision in the deal, saying the likelihood of another acquirer stepping in at a higher price is quite low.</p>
<p>-- First Michigan shares were unchanged at 29-3/4 and Huntington shares were down 5/16 at 29-5/16 Tuesday.</p>
<p>((Chicago newsdesk, 312-408-8787))</p>
</text>
<copyright>(c) Reuters Limited 1997</copyright>
<metadata>
<codes class="bip:countries:1.0">
  <code code="USA">
    <editdetail attribution="Reuters BIP Coding Group" action="confirmed" date="1997-05-06"/>
  </code>
</codes>
<codes class="bip:industries:1.0">
  <code code="I81402">
    <editdetail attribution="Reuters BIP Coding Group" action="confirmed" date="1997-05-06"/>
  </code>
</codes>
<codes class="bip:topics:1.0">
  <code code="C15">
    <editdetail attribution="Reuters BIP Coding Group" action="confirmed" date="1997-05-06"/>
  </code>
  <code code="C152">
    <editdetail attribution="Reuters BIP Coding Group" action="confirmed" date="1997-05-06"/>
  </code>
  <code code="C18">
    <editdetail attribution="Reuters BIP Coding Group" action="confirmed" date="1997-05-06"/>
  </code>
  <code code="C181">
    <editdetail attribution="Reuters BIP Coding Group" action="confirmed" date="1997-05-06"/>
  </code>
  <code code="CCAT">
    <editdetail attribution="Reuters BIP Coding Group" action="confirmed" date="1997-05-06"/>
  </code>
</codes>
<dc element="dc.publisher" value="Reuters Holdings Plc"/>
<dc element="dc.date.published" value="1997-05-06"/>
<dc element="dc.source" value="Reuters"/>
<dc element="dc.creator.location.country.name" value="USA"/>
<dc element="dc.source" value="Reuters"/>
</metadata>
</newsitem>
