<?xml version="1.0" encoding="iso-8859-1" ?>
<newsitem itemid="561625" id="root" date="1997-05-06" xml:lang="en">
<title>USA: IntegraMed Q1 shr loss $0.01 vs loss $0.04.</title>
<headline>IntegraMed Q1 shr loss $0.01 vs loss $0.04.</headline>
<dateline>PURCHASE, N.Y. 1997-05-06</dateline>
<text>
<p>(In thousands, except per share amounts)</p>
<p>						     For the Three Months</p>
<p>							    Ended March 31,</p>
<p>							  1997	   1996</p>
<p> Revenues, net				 $   5,088    $   4,175</p>
<p> Network sites' contribution		   1,077	    818</p>
<p> Net loss					     (45)	   (74)</p>
<p>Less: dividends accrued on</p>
<p>	 Preferred Stock				33	    154</p>
<p> Net loss applicable to Common Stock	  (78)	  (228)</p>
<p> Net loss per share of Common Stock	 (0.01)	 (0.04)</p>
<p>Weighted average number of shares of</p>
<p>    Common Stock outstanding		   9,544	  6,087</p>
<p>Full company name is IntegraMed America Inc.</p>
<p>--((New York Newsdesk 212 859-1610))</p>
</text>
<copyright>(c) Reuters Limited 1997</copyright>
<metadata>
<codes class="bip:countries:1.0">
  <code code="USA">
    <editdetail attribution="Reuters BIP Coding Group" action="confirmed" date="1997-05-06"/>
  </code>
</codes>
<codes class="bip:industries:1.0">
  <code code="I95100">
    <editdetail attribution="Reuters BIP Coding Group" action="confirmed" date="1997-05-06"/>
  </code>
</codes>
<codes class="bip:topics:1.0">
  <code code="C15">
    <editdetail attribution="Reuters BIP Coding Group" action="confirmed" date="1997-05-06"/>
  </code>
  <code code="C151">
    <editdetail attribution="Reuters BIP Coding Group" action="confirmed" date="1997-05-06"/>
  </code>
  <code code="CCAT">
    <editdetail attribution="Reuters BIP Coding Group" action="confirmed" date="1997-05-06"/>
  </code>
</codes>
<dc element="dc.date.created" value="1997-05-06"/>
<dc element="dc.publisher" value="Reuters Holdings Plc"/>
<dc element="dc.date.published" value="1997-05-06"/>
<dc element="dc.source" value="Reuters"/>
<dc element="dc.creator.location" value="PURCHASE, N.Y."/>
<dc element="dc.creator.location.country.name" value="USA"/>
<dc element="dc.source" value="Reuters"/>
</metadata>
</newsitem>
