<?xml version="1.0" encoding="iso-8859-1" ?>
<newsitem itemid="561675" id="root" date="1997-05-06" xml:lang="en">
<title>USA: Hilb, Rogal says Andrew Rogal new CEO.</title>
<headline>Hilb, Rogal says Andrew Rogal new CEO.</headline>
<dateline>RICHMOND, Va. 1997-05-06</dateline>
<text>
<p>Hilb, Rogal and Hamilton Co said Tuesday Andrew Rogal has been elected chief executive and will continue as president.</p>
<p>The company said Robert Hilb retired as chief executive, but will continue as chairman.</p>
<p>The company said Rogal has been president and chief operating officer since February 1995 and a director since 1989.  A company spokeswoman said they have no new chief operating officer at this point.</p>
</text>
<copyright>(c) Reuters Limited 1997</copyright>
<metadata>
<codes class="bip:countries:1.0">
  <code code="USA">
    <editdetail attribution="Reuters BIP Coding Group" action="confirmed" date="1997-05-06"/>
  </code>
</codes>
<codes class="bip:industries:1.0">
  <code code="I83200">
    <editdetail attribution="Reuters BIP Coding Group" action="confirmed" date="1997-05-06"/>
  </code>
</codes>
<codes class="bip:topics:1.0">
  <code code="C41">
    <editdetail attribution="Reuters BIP Coding Group" action="confirmed" date="1997-05-06"/>
  </code>
  <code code="C411">
    <editdetail attribution="Reuters BIP Coding Group" action="confirmed" date="1997-05-06"/>
  </code>
  <code code="CCAT">
    <editdetail attribution="Reuters BIP Coding Group" action="confirmed" date="1997-05-06"/>
  </code>
</codes>
<dc element="dc.date.created" value="1997-05-06"/>
<dc element="dc.publisher" value="Reuters Holdings Plc"/>
<dc element="dc.date.published" value="1997-05-06"/>
<dc element="dc.source" value="Reuters"/>
<dc element="dc.creator.location" value="RICHMOND, Va."/>
<dc element="dc.creator.location.country.name" value="USA"/>
<dc element="dc.source" value="Reuters"/>
</metadata>
</newsitem>
