<?xml version="1.0" encoding="iso-8859-1" ?>
<newsitem itemid="561683" id="root" date="1997-05-06" xml:lang="en">
<title>USA: World electricity use to rise 2.8 pct annually-EIA.</title>
<headline>World electricity use to rise 2.8 pct annually-EIA.</headline>
<dateline>WASHINGTON 1997-05-06</dateline>
<text>
<p>The world's total annual electricity demand should nearly double between 1995 and 2015, with about half the increase coming from the developing world, the U.S. Energy Information Administration said Tuesday.</p>
<p>With demand expected to increase more rapidly for electricity than any other form of energy, the EIA said worldwide consumption should increase 2.8 percent annually to 20.0 trillion kilowatthours in 2015 from 1995's 11.44 trillion kilowatthours.</p>
<p>In its international outlook, the EIA said demand in developing countries should increase 4.6 percent annually to 7.26 trillion kilowatthours in 2015 from 2.96 trillion in 1995.</p>
<p>In industrialized countries, electricity use should rise by 2.2 percent annually to 10.67 trillion kilowatthours in 2015 from 6.95 trillion in 1995.</p>
<p>Growth in the United States should be at a 1.5 percent annual rate to 4.04 trillion kilowatthours in 2015 from 3.01 trillion in 1995.</p>
<p>The Former Soviet Union and Eastern Europe also should have a 1.5 percent annual growth rate to 2.07 trillion kilowatthours in 2015 from 1.53 trillion.</p>
</text>
<copyright>(c) Reuters Limited 1997</copyright>
<metadata>
<codes class="bip:countries:1.0">
  <code code="USA">
    <editdetail attribution="Reuters BIP Coding Group" action="confirmed" date="1997-05-06"/>
  </code>
  <code code="WORLD">
    <editdetail attribution="Reuters BIP Coding Group" action="confirmed" date="1997-05-06"/>
  </code>
</codes>
<codes class="bip:industries:1.0">
  <code code="I16100">
    <editdetail attribution="Reuters BIP Coding Group" action="confirmed" date="1997-05-06"/>
  </code>
</codes>
<codes class="bip:topics:1.0">
  <code code="C31">
    <editdetail attribution="Reuters BIP Coding Group" action="confirmed" date="1997-05-06"/>
  </code>
  <code code="CCAT">
    <editdetail attribution="Reuters BIP Coding Group" action="confirmed" date="1997-05-06"/>
  </code>
</codes>
<dc element="dc.date.created" value="1997-05-06"/>
<dc element="dc.publisher" value="Reuters Holdings Plc"/>
<dc element="dc.date.published" value="1997-05-06"/>
<dc element="dc.source" value="Reuters"/>
<dc element="dc.creator.location" value="WASHINGTON"/>
<dc element="dc.creator.location.country.name" value="USA"/>
<dc element="dc.source" value="Reuters"/>
</metadata>
</newsitem>
