<?xml version="1.0" encoding="iso-8859-1" ?>
<newsitem itemid="561651" id="root" date="1997-05-06" xml:lang="en">
<title>USA: USDA gross cutout hide and offal value.</title>
<headline>USDA gross cutout hide and offal value.</headline>
<dateline>DES MOINES 1997-05-06</dateline>
<text>
<p>The hide and offal value from a typical slaughter steer for today was estimated at $8.96 per cwt live, down 0.03 when compared to Monday's value. - USDA</p>
<p>FOB CENTRAL U.S. TODAY'S CALCULATIONS FOR BY-PRODUCT VALUE</p>
<p>(STEER) -    Lbs   Price  Change   Value</p>
<p>Steer hide, butt brand	 5.04   85.50    -	 5.52</p>
<p>Tallow, edible		   1.20   19.25    -	 0.23</p>
<p>Tallow, packer bleachable    4.50   16.00    -	 0.72</p>
<p>Tongues, Swiss #1 Wht 0-3%   0.26  162.00    -	 0.42</p>
<p>Cheek meat, trmd		 0.32   69.25    -	 0.22</p>
<p>Head meat			  0.13   58.50    -	 0.08</p>
<p>Oxtail, selected		 0.16  160.50    -	 0.26</p>
<p>Hearts, reg, bone out	  0.38   26.00    -	 0.10</p>
<p>Lips, unscalded		  0.11   77.00    -	 0.08</p>
<p>Livers, slcted, gall off     0.96   41.00    -	 0.39</p>
<p>Tripe, scalded edible	  0.65   22.00    -	 0.14</p>
<p>Tripe, honeycomb bleached    0.15   44.00    -	 0.07</p>
<p>Lungs, inedible		  0.47    4.60    -	 0.02</p>
<p>Melts				0.14    6.25    -	 0.01</p>
<p>Meat bone ml, 50% blk/ton    3.70  274.50   -1.00    0.51</p>
<p>Blood meal, 85% blk/ton	0.60  625.00    -	 0.19</p>
<p>TOTAL :			   18.77			  8.96</p>
<p>((Chicago newsdesk 312 408 8720))</p>
</text>
<copyright>(c) Reuters Limited 1997</copyright>
<metadata>
<codes class="bip:countries:1.0">
  <code code="USA">
    <editdetail attribution="Reuters BIP Coding Group" action="confirmed" date="1997-05-06"/>
  </code>
</codes>
<codes class="bip:topics:1.0">
  <code code="M14">
    <editdetail attribution="Reuters BIP Coding Group" action="confirmed" date="1997-05-06"/>
  </code>
  <code code="M141">
    <editdetail attribution="Reuters BIP Coding Group" action="confirmed" date="1997-05-06"/>
  </code>
  <code code="MCAT">
    <editdetail attribution="Reuters BIP Coding Group" action="confirmed" date="1997-05-06"/>
  </code>
</codes>
<dc element="dc.date.created" value="1997-05-06"/>
<dc element="dc.publisher" value="Reuters Holdings Plc"/>
<dc element="dc.date.published" value="1997-05-06"/>
<dc element="dc.source" value="Reuters"/>
<dc element="dc.creator.location" value="DES MOINES"/>
<dc element="dc.creator.location.country.name" value="USA"/>
<dc element="dc.source" value="Reuters"/>
</metadata>
</newsitem>
