<?xml version="1.0" encoding="iso-8859-1" ?>
<newsitem itemid="561674" id="root" date="1997-05-06" xml:lang="en">
<title>USA: Educational Development year-end net rose.</title>
<headline>Educational Development year-end net rose.</headline>
<dateline>TULSA, Okla. 1997-05-06</dateline>
<text>
<p>Feb 28, 1997   Feb 29, 1996</p>
<p> Net sales				 $21,239,507    $19,253,467</p>
<p>Pretax earnings from</p>
<p>  continuing operations		  2,634,188	2,918,035</p>
<p> Income taxes				1,004,100	1,112,700</p>
<p>Earnings from continuing operations</p>
<p>						 1,630,088	1,805,335</p>
<p>Discontinued operations, net tax</p>
<p> Earnings (loss) from operations		--	 (25,637)</p>
<p> Loss on disposal				   --	(300,984)</p>
<p>							  --	(326,621)</p>
<p> Net earnings				1,630,088	1,478,714</p>
<p>Earnings (loss) per share</p>
<p> Continuing operations			   .31		.34</p>
<p> Discontinued operations			  --	    (.06)</p>
<p> Net earnings					.31		.28</p>
<p> Primary and fully diluted shares    5,353,938	5,338,834</p>
<p>NOTE: The company said during fiscal 1997 it implemented a consolidation plan that reduced debt to $2.0 million from $5.8 million compared to last year.</p>
<p>Full name is Educational Development Corp.</p>
</text>
<copyright>(c) Reuters Limited 1997</copyright>
<metadata>
<codes class="bip:countries:1.0">
  <code code="USA">
    <editdetail attribution="Reuters BIP Coding Group" action="confirmed" date="1997-05-06"/>
  </code>
</codes>
<codes class="bip:topics:1.0">
  <code code="C15">
    <editdetail attribution="Reuters BIP Coding Group" action="confirmed" date="1997-05-06"/>
  </code>
  <code code="C151">
    <editdetail attribution="Reuters BIP Coding Group" action="confirmed" date="1997-05-06"/>
  </code>
  <code code="C1511">
    <editdetail attribution="Reuters BIP Coding Group" action="confirmed" date="1997-05-06"/>
  </code>
  <code code="CCAT">
    <editdetail attribution="Reuters BIP Coding Group" action="confirmed" date="1997-05-06"/>
  </code>
</codes>
<dc element="dc.date.created" value="1997-05-06"/>
<dc element="dc.publisher" value="Reuters Holdings Plc"/>
<dc element="dc.date.published" value="1997-05-06"/>
<dc element="dc.source" value="Reuters"/>
<dc element="dc.creator.location" value="TULSA, Okla."/>
<dc element="dc.creator.location.country.name" value="USA"/>
<dc element="dc.source" value="Reuters"/>
</metadata>
</newsitem>
