<?xml version="1.0" encoding="iso-8859-1" ?>
<newsitem itemid="561685" id="root" date="1997-05-06" xml:lang="en">
<title>USA: Microsoft says Latam sales growing 50 pct per year.</title>
<headline>Microsoft says Latam sales growing 50 pct per year.</headline>
<dateline>MIAMI 1997-05-06</dateline>
<text>
<p>Microsoft Corp's Latin America chief said Tuesday that total sales in the region would be about $500 million this year and that they were growing at a compound rate of 50 percent a year.</p>
<p>&quot;The growth we have had consistently for the last three years has been 50 percent compound a year...on average,&quot; Microsoft regional director for Latin America Mauricio Santillan told Reuters in an interview. &quot;Sales...have to be close to $500 million for this year.&quot;  </p>
<p>Santillan said he saw those growth rates continuing at least for the next two or three years. Margins in Latin America were exactly the same as in the rest of the company, he added, but gave no details.</p>
<p>Earlier Microsoft chairman and chief executive officer Bill Gates told a news conference that he saw &quot;very high growth&quot; for the company in the Far East and Latin America.</p>
<p>&quot;I'd say that the Far East and Latin America are the two very high growth areas for Microsoft, and I'm not sure which one will be higher growth,&quot; Gates said during a Microsoft conference in Miami with Latin American business leaders.</p>
<p>Santillan said market share for its Office software was about 90 percent in the region while its Explorer Internet browser had achieved market share of about 60 percent.</p>
<p>--Martin Langfield, Miami newsroom (305) 374-5013</p>
</text>
<copyright>(c) Reuters Limited 1997</copyright>
<metadata>
<codes class="bip:countries:1.0">
  <code code="LAM">
    <editdetail attribution="Reuters BIP Coding Group" action="confirmed" date="1997-05-06"/>
  </code>
  <code code="USA">
    <editdetail attribution="Reuters BIP Coding Group" action="confirmed" date="1997-05-06"/>
  </code>
</codes>
<codes class="bip:industries:1.0">
  <code code="I33020">
    <editdetail attribution="Reuters BIP Coding Group" action="confirmed" date="1997-05-06"/>
  </code>
  <code code="I3302020">
    <editdetail attribution="Reuters BIP Coding Group" action="confirmed" date="1997-05-06"/>
  </code>
</codes>
<codes class="bip:topics:1.0">
  <code code="C15">
    <editdetail attribution="Reuters BIP Coding Group" action="confirmed" date="1997-05-06"/>
  </code>
  <code code="C152">
    <editdetail attribution="Reuters BIP Coding Group" action="confirmed" date="1997-05-06"/>
  </code>
  <code code="C31">
    <editdetail attribution="Reuters BIP Coding Group" action="confirmed" date="1997-05-06"/>
  </code>
  <code code="CCAT">
    <editdetail attribution="Reuters BIP Coding Group" action="confirmed" date="1997-05-06"/>
  </code>
</codes>
<dc element="dc.date.created" value="1997-05-06"/>
<dc element="dc.publisher" value="Reuters Holdings Plc"/>
<dc element="dc.date.published" value="1997-05-06"/>
<dc element="dc.source" value="Reuters"/>
<dc element="dc.creator.location" value="MIAMI"/>
<dc element="dc.creator.location.country.name" value="USA"/>
<dc element="dc.source" value="Reuters"/>
</metadata>
</newsitem>
