<?xml version="1.0" encoding="iso-8859-1" ?>
<newsitem itemid="561638" id="root" date="1997-05-06" xml:lang="en">
<title>USA: Eagle Point Software Corp Q3 March 31 loss.</title>
<headline>Eagle Point Software Corp Q3 March 31 loss.</headline>
<dateline>DUBUQUE, Iowa 1997-05-06</dateline>
<text>
<p>Third Quarter     Nine Months</p>
<p>					  1997    1996     1997    1996</p>
<p> Net revenues		     $4,070  $4,505  $12,342 $14,343</p>
<p> Cost of goods sold		1,225   1,164    3,696   3,693</p>
<p>Write-down of Capitalized</p>
<p>  Software			     266	 0	266	--</p>
<p>   Total cost of goods sold    1,491   1,164    3,962   3,693</p>
<p> Gross profit			2,579   3,341    8,380  10,650</p>
<p>					 63.4%   74.2%    67.9%   74.3%</p>
<p>Pro-forma gross profit</p>
<p>excluding non-recurring</p>
<p>  charges (unaudited)	    2,845   3,341    8,646  10,650</p>
<p>					 69.9%   74.2%    70.1%   74.3%</p>
<p>Operating expenses:</p>
<p>  Selling and marketing	  1,321   1,657    4,331   4,817</p>
<p>  Research and development	 965     950    2,839   2,624</p>
<p>  General and administrative     692     398    1,867   1,178</p>
<p>Purchased R&amp;D and acquisition</p>
<p>   related charges		     0	 3	475	43</p>
<p>Charges for claims, settlements</p>
<p>   &amp; contingencies		     0	 0	235	 0</p>
<p>Office closing and</p>
<p>   restructuring charges	   156	 0	156	 0</p>
<p>   Total operating expenses    3,134   3,008    9,903   8,662</p>
<p> Income from operations	  (555)     333  (1,523)   1,988</p>
<p>				     (13.6%)    7.4%  (12.3%)   13.9%</p>
<p> Other income (expense)	    150     170	581     572</p>
<p> Income before income taxes    (405)     503    (942)   2,560</p>
<p> Income tax expense		(161)     195    (399)     884</p>
<p> Net income			 ( 244)     308   ( 543)   1,676</p>
<p>					(6.0%)    6.8%   (4.4%)   11.7%</p>
<p>Net income per common share</p>
<p>				     ( 0.05)    0.06  ( 0.11)    0.34</p>
<p>Weighted average common shares</p>
<p>  outstanding			4,942   4,971    4,942   4,970</p>
<p>Pro-forma net income</p>
<p>excluding all non-recurring</p>
<p>  charges (unaudited)		 11     310	124   1,704</p>
<p>					  0.3%    6.9%     1.0%   11.9%</p>
<p>Pro-forma net income per</p>
<p>common share excluding</p>
<p>all non-recurring charges</p>
<p>  (unaudited)			 0.00    0.06     0.02    0.34</p>
<p>	     (in thousands except per share data)</p>
<p>		 ((Chicago newsdesk 312 408 8787))</p>
</text>
<copyright>(c) Reuters Limited 1997</copyright>
<metadata>
<codes class="bip:countries:1.0">
  <code code="USA">
    <editdetail attribution="Reuters BIP Coding Group" action="confirmed" date="1997-05-06"/>
  </code>
</codes>
<codes class="bip:industries:1.0">
  <code code="I33020">
    <editdetail attribution="Reuters BIP Coding Group" action="confirmed" date="1997-05-06"/>
  </code>
  <code code="I3302021">
    <editdetail attribution="Reuters BIP Coding Group" action="confirmed" date="1997-05-06"/>
  </code>
</codes>
<codes class="bip:topics:1.0">
  <code code="C15">
    <editdetail attribution="Reuters BIP Coding Group" action="confirmed" date="1997-05-06"/>
  </code>
  <code code="C151">
    <editdetail attribution="Reuters BIP Coding Group" action="confirmed" date="1997-05-06"/>
  </code>
  <code code="CCAT">
    <editdetail attribution="Reuters BIP Coding Group" action="confirmed" date="1997-05-06"/>
  </code>
</codes>
<dc element="dc.date.created" value="1997-05-06"/>
<dc element="dc.publisher" value="Reuters Holdings Plc"/>
<dc element="dc.date.published" value="1997-05-06"/>
<dc element="dc.source" value="Reuters"/>
<dc element="dc.creator.location" value="DUBUQUE, Iowa"/>
<dc element="dc.creator.location.country.name" value="USA"/>
<dc element="dc.source" value="Reuters"/>
</metadata>
</newsitem>
