<?xml version="1.0" encoding="iso-8859-1" ?>
<newsitem itemid="561671" id="root" date="1997-05-06" xml:lang="en">
<title>USA: Omega Health Systems completes acquisition.</title>
<headline>Omega Health Systems completes acquisition.</headline>
<dateline>MEMPHIS, Tenn. 1997-05-06</dateline>
<text>
<p>Omega Health Systems Inc said on Tuesday that it had completed the acquisition of the assets of the Faust-Gelvin Eye Center and a 50 percent interest in the practice's associated ambulatory surgery center.</p>
<p>In connection with the transaction, Omega issued 169,000 shares of its common stock and paid $1.7 million in cash. The transaction will be accounted for as a purchase, the company said in a statement.</p>
<p>Omega also entered into long-term agreements to manage both the practice and surgery center, the company said.</p>
<p>The practice and the ambulatory surgery center had combined revenues of about $2.7 million in 1996, it added.</p>
<p>&quot;This practice is an excellent fit as we expand in the Midwest.  This is the fourth acquisition we have completed in 1997 and we will continue to pursue acquisition opportunities during the rest of the year,&quot; said Thomas Lewis, chief executive officer of Omega.</p>
<p>Omega Health Systems is an eye care services company providing services to optometry and ophthalmology practices.</p>
</text>
<copyright>(c) Reuters Limited 1997</copyright>
<metadata>
<codes class="bip:countries:1.0">
  <code code="USA">
    <editdetail attribution="Reuters BIP Coding Group" action="confirmed" date="1997-05-06"/>
  </code>
</codes>
<codes class="bip:industries:1.0">
  <code code="I95100">
    <editdetail attribution="Reuters BIP Coding Group" action="confirmed" date="1997-05-06"/>
  </code>
</codes>
<codes class="bip:topics:1.0">
  <code code="C18">
    <editdetail attribution="Reuters BIP Coding Group" action="confirmed" date="1997-05-06"/>
  </code>
  <code code="C181">
    <editdetail attribution="Reuters BIP Coding Group" action="confirmed" date="1997-05-06"/>
  </code>
  <code code="CCAT">
    <editdetail attribution="Reuters BIP Coding Group" action="confirmed" date="1997-05-06"/>
  </code>
</codes>
<dc element="dc.date.created" value="1997-05-06"/>
<dc element="dc.publisher" value="Reuters Holdings Plc"/>
<dc element="dc.date.published" value="1997-05-06"/>
<dc element="dc.source" value="Reuters"/>
<dc element="dc.creator.location" value="MEMPHIS, Tenn."/>
<dc element="dc.creator.location.country.name" value="USA"/>
<dc element="dc.source" value="Reuters"/>
</metadata>
</newsitem>
