<?xml version="1.0" encoding="iso-8859-1" ?>
<newsitem itemid="561646" id="root" date="1997-05-06" xml:lang="en">
<title>USA: Sinter Metals says unit sells joint venture.</title>
<headline>Sinter Metals says unit sells joint venture.</headline>
<dateline>CLEVELAND 1997-05-06</dateline>
<text>
<p>Sinter Metals Inc said Tuesday its Sinter Metals GmbH subsidiary has sold its 50 percent interest in PEAK Werkstoff GmbH to its joint venture partner, Erbsloh Aluminum AG.</p>
<p>Terms of the deal were not disclosed.</p>
<p>Sinter Metals GmbH and Erbsloh Aluminum AG formed the joint venture in 1988 to develop market pressed powder metal aluminum alloys.</p>
<p>The company also said today it has postponed indefinitely its annual meeting as a result of the recently announced tender offer for all of its outstanding class A and B common stock by GKN plc.</p>
<p>The tender offer at $37 per share was announced May 1 following a merger agreement on April 30 in which GKN will acquire Sinter Metals.</p>
</text>
<copyright>(c) Reuters Limited 1997</copyright>
<metadata>
<codes class="bip:countries:1.0">
  <code code="GFR">
    <editdetail attribution="Reuters BIP Coding Group" action="confirmed" date="1997-05-06"/>
  </code>
  <code code="USA">
    <editdetail attribution="Reuters BIP Coding Group" action="confirmed" date="1997-05-06"/>
  </code>
</codes>
<codes class="bip:industries:1.0">
  <code code="I22000">
    <editdetail attribution="Reuters BIP Coding Group" action="confirmed" date="1997-05-06"/>
  </code>
</codes>
<codes class="bip:topics:1.0">
  <code code="C11">
    <editdetail attribution="Reuters BIP Coding Group" action="confirmed" date="1997-05-06"/>
  </code>
  <code code="C18">
    <editdetail attribution="Reuters BIP Coding Group" action="confirmed" date="1997-05-06"/>
  </code>
  <code code="C181">
    <editdetail attribution="Reuters BIP Coding Group" action="confirmed" date="1997-05-06"/>
  </code>
  <code code="CCAT">
    <editdetail attribution="Reuters BIP Coding Group" action="confirmed" date="1997-05-06"/>
  </code>
</codes>
<dc element="dc.date.created" value="1997-05-06"/>
<dc element="dc.publisher" value="Reuters Holdings Plc"/>
<dc element="dc.date.published" value="1997-05-06"/>
<dc element="dc.source" value="Reuters"/>
<dc element="dc.creator.location" value="CLEVELAND"/>
<dc element="dc.creator.location.country.name" value="USA"/>
<dc element="dc.source" value="Reuters"/>
</metadata>
</newsitem>
