<?xml version="1.0" encoding="iso-8859-1" ?>
<newsitem itemid="561658" id="root" date="1997-05-06" xml:lang="en">
<title>USA: US CREDIT OUTLOOK--10-yr T-note sale, Beige Book.</title>
<headline>US CREDIT OUTLOOK--10-yr T-note sale, Beige Book.</headline>
<byline>Ellen Freilich</byline>
<dateline>NEW YORK 1996-05-07</dateline>
<text>
<p>The Treasury's sale of $12.0 billion 10-year notes, followed by the afternoon release of the Federal Reserve's anecdotal description of business conditions around the country, will highlight Wednesday's U.S. government securities trading session, analysts said.</p>
<p>The 10-year note sale is the last leg of the two-part quarterly refunding; the Treasury sold $17.0 billion in three-year notes on Tuesday.</p>
<p>The Beige Book could report a slight slowing in the economy, some analysts said.  </p>
<p>Reports on March wholesale inventories, March consumer credit and first quarter productivity and unit labor costs are also due on Wednesday.</p>
<p>A three-year note auction on Tuesday that disappointed the market &quot;leaves the burden on the 10-year auction,&quot; said Josh Stiles, senior bond strategist at I.D.E.A.</p>
<p>Stiles said some players will be tempted to &quot;get involved with the 10-year notes on a speculative basis because the retail sales data (due next week) looks like it will be weak.&quot;</p>
<p>If the retail sales data are weak, the 10-year notes could appreciate and then those players could take profits, he said.  </p>
<p>Some analysts said the 10-year auction could attract demand from bidders who want to lengthen the average durations of their portfolios.</p>
<p>Stiles was skeptical of that potential scenario.</p>
<p>&quot;You'll hear talk of a strong bid to shore up durations but that will be hype,&quot; he said. &quot;In reality, it will just be a spec play.&quot;</p>
<p>Marilyn Schaja, economist at Donaldson, Lufkin &amp; Jenrette, said the biggest change likely to be reflected in the Fed's Beige Book from the last such report will probably lie in the description of the economy's retail sector.  </p>
<p>&quot;Sales in April were very, very poor and the (Beige Book) should mirror that,&quot; said Schaja. &quot;Auto sales were off a lot so that should be reflected as well,&quot; she said.</p>
<p>But the Beige Book is not likely to persuade people in one direction or another in terms of interpreting the next Fed policy move. She said the Fed's description of the economy was likely to characterize the labor market as tight but, in line with the first-quarter Employment Cost Index reading, showing no significant wage pressures.  </p>
<p>With regard the other economic reports that the market will get on Wednesday, first-quarter productivity and unit labor costs data, expected at 1000 EDT/1400 GMT, are forecast to show a 2.4 percent productivity rise with a 1.0 percent unit labor cost increase, said economists polled by Reuters.</p>
<p>In the fourth quarter, productivity rose 1.1 percent and and unit labor costs jumped 2.5 percent.</p>
<p>The March wholesale inventories report, also due at 1000 EDT/1400 GMT, should show that inventories rose 0.4 percent in March after staying flat in February, economists said.  </p>
<p>Economists believe that Federal Reserve data on consumer installment credit remained steady at $6.7 billion in March.</p>
<p>&quot;We're not going to react to that,&quot; said Chris Rupkey, vice president and financial economist at Bank of Tokyo/Mitsubishi.</p>
<p>The 30-year Treasury bond ended at 96-22/32 on Tuesday, yielding 6.89 percent.</p>
<p>In when-issued trade, the 10-year Treasury notes set for auction on Wednesday, finished with a 6.6775 percent yield.</p>
<p>(( -- North American Treasury Desk 212-859-1679))</p>
</text>
<copyright>(c) Reuters Limited 1997</copyright>
<metadata>
<codes class="bip:countries:1.0">
  <code code="USA">
    <editdetail attribution="Reuters BIP Coding Group" action="confirmed" date="1997-05-06"/>
  </code>
</codes>
<codes class="bip:topics:1.0">
  <code code="M12">
    <editdetail attribution="Reuters BIP Coding Group" action="confirmed" date="1997-05-06"/>
  </code>
  <code code="MCAT">
    <editdetail attribution="Reuters BIP Coding Group" action="confirmed" date="1997-05-06"/>
  </code>
</codes>
<dc element="dc.date.created" value="1996-05-07"/>
<dc element="dc.publisher" value="Reuters Holdings Plc"/>
<dc element="dc.date.published" value="1997-05-06"/>
<dc element="dc.source" value="Reuters"/>
<dc element="dc.creator.location" value="NEW YORK"/>
<dc element="dc.creator.location.country.name" value="USA"/>
<dc element="dc.source" value="Reuters"/>
</metadata>
</newsitem>
