<?xml version="1.0" encoding="iso-8859-1" ?>
<newsitem itemid="561718" id="root" date="1997-05-06" xml:lang="en">
<title>USA: American Radio Systems Corp Q1 oper loss.</title>
<headline>American Radio Systems Corp Q1 oper loss.</headline>
<dateline>BOSTON 1997-05-06</dateline>
<text>
<p>1997			1996</p>
<p> Oper shr loss		   $0.42     loss	 $0.03</p>
<p> Oper loss			 2,725     loss	   456</p>
<p> Revs			     54,237		   23,648</p>
<p> Avg shrs			 17,901		   21,095</p>
<p>(All data above 000s except per share numbers)</p>
<p>NOTE: Q1 earnings (loss) per share: loss $0.50 vs loss $0.03.</p>
<p>1997 Q1 oper loss excludes a $1.6 million, or $0.08 a share, charge from extinguishment of debt and $6.2 million of redeemable preferred stock dividends.</p>
</text>
<copyright>(c) Reuters Limited 1997</copyright>
<metadata>
<codes class="bip:countries:1.0">
  <code code="USA">
    <editdetail attribution="Reuters BIP Coding Group" action="confirmed" date="1997-05-06"/>
  </code>
</codes>
<codes class="bip:industries:1.0">
  <code code="I9741105">
    <editdetail attribution="Reuters BIP Coding Group" action="confirmed" date="1997-05-06"/>
  </code>
</codes>
<codes class="bip:topics:1.0">
  <code code="C15">
    <editdetail attribution="Reuters BIP Coding Group" action="confirmed" date="1997-05-06"/>
  </code>
  <code code="C151">
    <editdetail attribution="Reuters BIP Coding Group" action="confirmed" date="1997-05-06"/>
  </code>
  <code code="CCAT">
    <editdetail attribution="Reuters BIP Coding Group" action="confirmed" date="1997-05-06"/>
  </code>
</codes>
<dc element="dc.date.created" value="1997-05-06"/>
<dc element="dc.publisher" value="Reuters Holdings Plc"/>
<dc element="dc.date.published" value="1997-05-06"/>
<dc element="dc.source" value="Reuters"/>
<dc element="dc.creator.location" value="BOSTON"/>
<dc element="dc.creator.location.country.name" value="USA"/>
<dc element="dc.source" value="Reuters"/>
</metadata>
</newsitem>
