<?xml version="1.0" encoding="iso-8859-1" ?>
<newsitem itemid="561722" id="root" date="1997-05-06" xml:lang="en">
<title>USA: Scotsman says acquisition to add to net.</title>
<headline>Scotsman says acquisition to add to net.</headline>
<dateline>VERNON HILLS, Ill. 1997-05-06</dateline>
<text>
<p>Scotsman Industries Inc, which earlier reported lower first-quarter earnings after a charge, said Tuesday it expects its acquisition of Kysor Industrial Corp to add to earnings per share in the third and fourth quarters of this year.</p>
<p>Kysor's cycle will shift Scotsman's historical pattern of sales and earnings more to the second half of the year, said Scotsman's Chairman and Chief Executive Richard Osborne.</p>
<p>&quot;We're very pleased with progress on the integration of Kysor where backlogs are at a record high and whose sales have traditionally been the strongest in the third and fourth quarters. We expect the acquisition to be accretive to Scotsman's EPS in the third and fourth quarters of this year and for the full year. We believe that, on a continuing basis, Kysor's cycle will shift Scotsman's historical pattern of sales and earnings more to the second half of the year,&quot; he said. Scotsman's revenues and earnings historically peaked in the second quarter, Osborne added.</p>
<p>Earlier Scotsman said first quarter earnings fell to $3.2 million, or $0.30 a share, including a $633,000 charge for early debt retirement from $3.3 million, or $0.36, last year.</p>
<p>		  -- Reuter Chicago Newsdesk 312-408-8787</p>
</text>
<copyright>(c) Reuters Limited 1997</copyright>
<metadata>
<codes class="bip:countries:1.0">
  <code code="USA">
    <editdetail attribution="Reuters BIP Coding Group" action="confirmed" date="1997-05-06"/>
  </code>
</codes>
<codes class="bip:industries:1.0">
  <code code="I32840">
    <editdetail attribution="Reuters BIP Coding Group" action="confirmed" date="1997-05-06"/>
  </code>
  <code code="I35300">
    <editdetail attribution="Reuters BIP Coding Group" action="confirmed" date="1997-05-06"/>
  </code>
</codes>
<codes class="bip:topics:1.0">
  <code code="C15">
    <editdetail attribution="Reuters BIP Coding Group" action="confirmed" date="1997-05-06"/>
  </code>
  <code code="C152">
    <editdetail attribution="Reuters BIP Coding Group" action="confirmed" date="1997-05-06"/>
  </code>
  <code code="C18">
    <editdetail attribution="Reuters BIP Coding Group" action="confirmed" date="1997-05-06"/>
  </code>
  <code code="C181">
    <editdetail attribution="Reuters BIP Coding Group" action="confirmed" date="1997-05-06"/>
  </code>
  <code code="CCAT">
    <editdetail attribution="Reuters BIP Coding Group" action="confirmed" date="1997-05-06"/>
  </code>
</codes>
<dc element="dc.date.created" value="1997-05-06"/>
<dc element="dc.publisher" value="Reuters Holdings Plc"/>
<dc element="dc.date.published" value="1997-05-06"/>
<dc element="dc.source" value="Reuters"/>
<dc element="dc.creator.location" value="VERNON HILLS, Ill."/>
<dc element="dc.creator.location.country.name" value="USA"/>
<dc element="dc.source" value="Reuters"/>
</metadata>
</newsitem>
