<?xml version="1.0" encoding="iso-8859-1" ?>
<newsitem itemid="561778" id="root" date="1997-05-06" xml:lang="en">
<title>USA: Robotic Vision wins round in patent fight.</title>
<headline>Robotic Vision wins round in patent fight.</headline>
<dateline>HAUPPAUGE, N.Y. 1997-05-06</dateline>
<text>
<p>Robotic Vision Systems Inc said Tuesday that the U.S. Court of Appeals in Washington, D.C., had unanimously reversed a ruling by a federal trial judge in California that had invalidated one of its patents.</p>
<p>The company said that in 1995 it had sued View Engineering, since acquired by General Scanning Inc, for infringing a patented method of using a three-dimensional sensor to inspect the leads of integrated circuit chips.</p>
<p>It lost that case, but with the new ruling will be able to again bring the suit to trial before the California judge. The company said it will vigorously pursue its claims in the matter.  It also said that if its position were upheld, it believes that View Engineering would be unable to develop a comparable product that would be competitive.</p>
<p>Representatives from General Scanning and View were not immediately available for comment.</p>
<p>Robotic makes 2-D and 3-D machine vision based systems for inspection, measurement, and identification, utilizing advanced electro-optical sensor technology.</p>
</text>
<copyright>(c) Reuters Limited 1997</copyright>
<metadata>
<codes class="bip:countries:1.0">
  <code code="USA">
    <editdetail attribution="Reuters BIP Coding Group" action="confirmed" date="1997-05-06"/>
  </code>
</codes>
<codes class="bip:industries:1.0">
  <code code="I33020">
    <editdetail attribution="Reuters BIP Coding Group" action="confirmed" date="1997-05-06"/>
  </code>
  <code code="I3302004">
    <editdetail attribution="Reuters BIP Coding Group" action="confirmed" date="1997-05-06"/>
  </code>
  <code code="I34350">
    <editdetail attribution="Reuters BIP Coding Group" action="confirmed" date="1997-05-06"/>
  </code>
</codes>
<codes class="bip:topics:1.0">
  <code code="C12">
    <editdetail attribution="Reuters BIP Coding Group" action="confirmed" date="1997-05-06"/>
  </code>
  <code code="C13">
    <editdetail attribution="Reuters BIP Coding Group" action="confirmed" date="1997-05-06"/>
  </code>
  <code code="CCAT">
    <editdetail attribution="Reuters BIP Coding Group" action="confirmed" date="1997-05-06"/>
  </code>
  <code code="GCAT">
    <editdetail attribution="Reuters BIP Coding Group" action="confirmed" date="1997-05-06"/>
  </code>
  <code code="GCRIM">
    <editdetail attribution="Reuters BIP Coding Group" action="confirmed" date="1997-05-06"/>
  </code>
</codes>
<dc element="dc.date.created" value="1997-05-06"/>
<dc element="dc.publisher" value="Reuters Holdings Plc"/>
<dc element="dc.date.published" value="1997-05-06"/>
<dc element="dc.source" value="Reuters"/>
<dc element="dc.creator.location" value="HAUPPAUGE, N.Y."/>
<dc element="dc.creator.location.country.name" value="USA"/>
<dc element="dc.source" value="Reuters"/>
</metadata>
</newsitem>
