<?xml version="1.0" encoding="iso-8859-1" ?>
<newsitem itemid="561729" id="root" date="1997-05-06" xml:lang="en">
<title>USA: John Alden Financial Corp Q1 net share falls.</title>
<headline>John Alden Financial Corp Q1 net share falls.</headline>
<dateline>MIAMI 1997-05-06</dateline>
<text>
<p>1997			1996</p>
<p> Shr		 $0.39		    $0.53</p>
<p> Net		 10,100		   13,500</p>
<p> Avg shrs	  25,501		   25,627</p>
<p>(All data above 000s except per share numbers)</p>
<p>NOTES: In 1996 the company's board authorized the sale of the company's annuity operations and its Western Diversified Group.  </p>
<p>Net income includes profits of $0.31 a share in Q1 1997 and $0.33 a share in Q1 1996 from these discontinued operations and also includes severance and other restructuring actions related to continuing operations of $0.59 a share in Q1 1997 and $0.17 a share in Q1 1996.</p>
<p>Excluding severance and restructuring, but including profits from discontinued operations, Q1 1997 operating earnings were $1.00 per share and Q1 1996 operating earnings were $0.71 a share.</p>
</text>
<copyright>(c) Reuters Limited 1997</copyright>
<metadata>
<codes class="bip:countries:1.0">
  <code code="USA">
    <editdetail attribution="Reuters BIP Coding Group" action="confirmed" date="1997-05-06"/>
  </code>
</codes>
<codes class="bip:industries:1.0">
  <code code="I82000">
    <editdetail attribution="Reuters BIP Coding Group" action="confirmed" date="1997-05-06"/>
  </code>
</codes>
<codes class="bip:topics:1.0">
  <code code="C15">
    <editdetail attribution="Reuters BIP Coding Group" action="confirmed" date="1997-05-06"/>
  </code>
  <code code="C151">
    <editdetail attribution="Reuters BIP Coding Group" action="confirmed" date="1997-05-06"/>
  </code>
  <code code="CCAT">
    <editdetail attribution="Reuters BIP Coding Group" action="confirmed" date="1997-05-06"/>
  </code>
</codes>
<dc element="dc.date.created" value="1997-05-06"/>
<dc element="dc.publisher" value="Reuters Holdings Plc"/>
<dc element="dc.date.published" value="1997-05-06"/>
<dc element="dc.source" value="Reuters"/>
<dc element="dc.creator.location" value="MIAMI"/>
<dc element="dc.creator.location.country.name" value="USA"/>
<dc element="dc.source" value="Reuters"/>
</metadata>
</newsitem>
