<?xml version="1.0" encoding="iso-8859-1" ?>
<newsitem itemid="561756" id="root" date="1997-05-06" xml:lang="en">
<title>USA: Titan Corp Q1 profit vs loss.</title>
<headline>Titan Corp Q1 profit vs loss.</headline>
<dateline>SAN DIEGO 1997-05-06</dateline>
<text>
<p>(in thousands, except per share data)</p>
<p>							 Three months ended</p>
<p>								 March 31,</p>
<p>							  1997	   1996</p>
<p> Revenues					   $43,290     $30,895</p>
<p>Costs and expenses:</p>
<p> Cost of revenues				  34,290	24,330</p>
<p>Selling, general and administrative expense</p>
<p>							  5,027	 5,186</p>
<p> Research and development expense	     1,448	   605</p>
<p> Total costs and expenses			40,765	30,121</p>
<p> Operating profit				   2,525	   774</p>
<p> Interest expense -- net			(1,286)	 (412)</p>
<p>Income from continuing operations</p>
<p>   before income taxes			    1,239	   362</p>
<p> Income tax provision				 421	   149</p>
<p> Income from continuing operations		818	   213</p>
<p>Loss from discontinued operations,</p>
<p>   net of taxes				     (343)     (1,077)</p>
<p> Net income (loss)				    475	 (864)</p>
<p> Dividend requirements on preferred stock     219	   174</p>
<p>Net income (loss) applicable</p>
<p>   to common stock				    256     (1,038)</p>
<p>Per weighted average common share:</p>
<p> Income from continuing operations		.04	   .00</p>
<p> Loss from discontinued operations	    (.02)	 (.07)</p>
<p> Net income (loss)				    .02	 (.07)</p>
<p>Weighted average common shares outstanding</p>
<p>							 16,123	13,969</p>
<p>Prior year balances have been restated to conform to the current year presentation.</p>
</text>
<copyright>(c) Reuters Limited 1997</copyright>
<metadata>
<codes class="bip:countries:1.0">
  <code code="USA">
    <editdetail attribution="Reuters BIP Coding Group" action="confirmed" date="1997-05-06"/>
  </code>
</codes>
<codes class="bip:industries:1.0">
  <code code="I34420">
    <editdetail attribution="Reuters BIP Coding Group" action="confirmed" date="1997-05-06"/>
  </code>
</codes>
<codes class="bip:topics:1.0">
  <code code="C15">
    <editdetail attribution="Reuters BIP Coding Group" action="confirmed" date="1997-05-06"/>
  </code>
  <code code="C151">
    <editdetail attribution="Reuters BIP Coding Group" action="confirmed" date="1997-05-06"/>
  </code>
  <code code="CCAT">
    <editdetail attribution="Reuters BIP Coding Group" action="confirmed" date="1997-05-06"/>
  </code>
</codes>
<dc element="dc.date.created" value="1997-05-06"/>
<dc element="dc.publisher" value="Reuters Holdings Plc"/>
<dc element="dc.date.published" value="1997-05-06"/>
<dc element="dc.source" value="Reuters"/>
<dc element="dc.creator.location" value="SAN DIEGO"/>
<dc element="dc.creator.location.country.name" value="USA"/>
<dc element="dc.source" value="Reuters"/>
</metadata>
</newsitem>
