<?xml version="1.0" encoding="iso-8859-1" ?>
<newsitem itemid="561710" id="root" date="1997-05-06" xml:lang="en">
<title>USA: Insituform Tech cost cuts to aid 2nd half.</title>
<headline>Insituform Tech cost cuts to aid 2nd half.</headline>
<dateline>MEMPHIS, Tenn. 1997-05-06</dateline>
<text>
<p>Insituform Technologies Inc said financial effects of its current cost-cutting efforts could begin to be felt in the second half of this year.</p>
<p>Anthony Hooper, president and chief executive officer, said the company was making good progress in those efforts as well as in reversing a trend of declining margins.</p>
<p>He made the statement as the company reported net income in the first quarter of 1997 dropped to $1.081 million or $.04 per share, compared to $2.25 million or $.08 per share in the same period last year, on revenues of $77.082 million, up 13.2 percent from $68.11 million, a year ago.  </p>
<p>The company said reduction in gross margins in its core business was the principal cause of the earnings decline, which it said was  mainly due to internal problems of high cost and inefficient use of resources.</p>
<p>Hooper said the company has reduced field headcount by 12 percent as of April 30 and has identified at least another 4.0 percent to cut during the balance of the year, he said.</p>
<p>Hooper said the company was proceeding with plans to consolidate two head offices into single location in St. Louis and reorganize its core North American rehabilitation business.</p>
<p>&quot;We intend to continue our focus on the core sewer rehabilitation business and its cost structure,&quot; he added.</p>
</text>
<copyright>(c) Reuters Limited 1997</copyright>
<metadata>
<codes class="bip:countries:1.0">
  <code code="USA">
    <editdetail attribution="Reuters BIP Coding Group" action="confirmed" date="1997-05-06"/>
  </code>
</codes>
<codes class="bip:industries:1.0">
  <code code="I50200">
    <editdetail attribution="Reuters BIP Coding Group" action="confirmed" date="1997-05-06"/>
  </code>
  <code code="I5020043">
    <editdetail attribution="Reuters BIP Coding Group" action="confirmed" date="1997-05-06"/>
  </code>
</codes>
<codes class="bip:topics:1.0">
  <code code="C15">
    <editdetail attribution="Reuters BIP Coding Group" action="confirmed" date="1997-05-06"/>
  </code>
  <code code="C151">
    <editdetail attribution="Reuters BIP Coding Group" action="confirmed" date="1997-05-06"/>
  </code>
  <code code="C152">
    <editdetail attribution="Reuters BIP Coding Group" action="confirmed" date="1997-05-06"/>
  </code>
  <code code="CCAT">
    <editdetail attribution="Reuters BIP Coding Group" action="confirmed" date="1997-05-06"/>
  </code>
</codes>
<dc element="dc.date.created" value="1997-05-06"/>
<dc element="dc.publisher" value="Reuters Holdings Plc"/>
<dc element="dc.date.published" value="1997-05-06"/>
<dc element="dc.source" value="Reuters"/>
<dc element="dc.creator.location" value="MEMPHIS, Tenn."/>
<dc element="dc.creator.location.country.name" value="USA"/>
<dc element="dc.source" value="Reuters"/>
</metadata>
</newsitem>
