<?xml version="1.0" encoding="iso-8859-1" ?>
<newsitem itemid="561712" id="root" date="1997-05-06" xml:lang="en">
<title>USA: LIVE Entertainment Inc Q1 loss.</title>
<headline>LIVE Entertainment Inc Q1 loss.</headline>
<dateline>LOS ANGELES 1997-05-06</dateline>
<text>
<p>(Amounts in Thousands, Except Per Share Data)</p>
<p>							Three Months Ended</p>
<p>							    March 31,</p>
<p>							1997	    1996</p>
<p>Summary of Operations</p>
<p> Net Sales				     $ 26,662	$ 22,553</p>
<p> Cost of goods sold			    22,965	  16,713</p>
<p>  GROSS PROFIT				    3,697	   5,840</p>
<p>Operating Expenses:</p>
<p>Selling, general and</p>
<p>   administrative expenses		    5,149	   3,862</p>
<p>  Amortization of goodwill			981	     981</p>
<p>							6,130	   4,843</p>
<p> OPERATING (LOSS) PROFIT		    (2,433)	     997</p>
<p> Interest and other income			678	     789</p>
<p> Interest expense				 (392)	   (497)</p>
<p>  (LOSS) INCOME BEFORE INCOME TAXES     (2,147)	   1,289</p>
<p> Income tax expense				 300	     322</p>
<p>   NET (LOSS) INCOME			  (2,447)	     967</p>
<p>Net (loss) income per common share:</p>
<p>   Primary					 (1.47)	    0.10</p>
<p>   Fully diluted				 (1.47)	    0.08</p>
<p>Weighted average number of shares</p>
<p>outstanding:</p>
<p>   Primary				    2,448,193     2,681,137</p>
<p>   Fully diluted			    2,448,193    11,860,005</p>
</text>
<copyright>(c) Reuters Limited 1997</copyright>
<metadata>
<codes class="bip:countries:1.0">
  <code code="USA">
    <editdetail attribution="Reuters BIP Coding Group" action="confirmed" date="1997-05-06"/>
  </code>
</codes>
<codes class="bip:industries:1.0">
  <code code="I65400">
    <editdetail attribution="Reuters BIP Coding Group" action="confirmed" date="1997-05-06"/>
  </code>
</codes>
<codes class="bip:topics:1.0">
  <code code="C15">
    <editdetail attribution="Reuters BIP Coding Group" action="confirmed" date="1997-05-06"/>
  </code>
  <code code="C151">
    <editdetail attribution="Reuters BIP Coding Group" action="confirmed" date="1997-05-06"/>
  </code>
  <code code="CCAT">
    <editdetail attribution="Reuters BIP Coding Group" action="confirmed" date="1997-05-06"/>
  </code>
</codes>
<dc element="dc.date.created" value="1997-05-06"/>
<dc element="dc.publisher" value="Reuters Holdings Plc"/>
<dc element="dc.date.published" value="1997-05-06"/>
<dc element="dc.source" value="Reuters"/>
<dc element="dc.creator.location" value="LOS ANGELES"/>
<dc element="dc.creator.location.country.name" value="USA"/>
<dc element="dc.source" value="Reuters"/>
</metadata>
</newsitem>
