<?xml version="1.0" encoding="iso-8859-1" ?>
<newsitem itemid="561763" id="root" date="1997-05-06" xml:lang="en">
<title>USA: Dow claws to record but broader market pauses.</title>
<headline>Dow claws to record but broader market pauses.</headline>
<byline>Richard Melville</byline>
<dateline>NEW YORK 1997-05-06</dateline>
<text>
<p>The Dow industrials scraped out a second consecutive record close on Tuesday after a hesitant session that left the broad market mixed.</p>
<p>The blue chip average gained 11 points to close unofficially at an all-time high 7225. Despite the record, stocks clearly lacked the sizzle that sent a bevy of Wall Street records toppling just a day ago.</p>
<p>&quot;The action today was indicative of the market's split personality,&quot; said Charlie Crane, chief market strategist at Key Asset Management.  </p>
<p>&quot;The technical condition of the market remains outstanding, and the breadth has been impressive in recent sessions,&quot; Crane said. &quot;But then on the other hand, we've come a long way.&quot;</p>
<p>Broad indices showed little change on the day, with advancing issues and decliners running in a near-dead heat. Small-cap stocks ended a trace lower, halting a recent spree.</p>
<p>But the tame performance at the index level masked a frenzied day in terms of volume. On the New York Stock Exchange, more than 600 million shares changed hands for only the seventh time in history.  </p>
<p>Analysts said the swift recovery in equity prices had likely rekindled interest among momentum investors eager to hop back into an apparently resurgent bull market, but observers cautioned that near-term gains were likely to be limited with stocks again at lofty levels.</p>
<p>&quot;I do feel the bulk of the near-term gains are probably already in the market, and that's looking both technically and rationally,&quot; said Joseph Barthel, chief investment strategist at Fahnestock &amp; Co.</p>
<p>Still, Barthel said the rally's momentum, which has lifted several indices to records, may foreshadow more gains.  </p>
<p>&quot;We'll probably get a period of consolidation, but rallies don't usually end in a one-time burst like this,&quot; he said. &quot;I'm certainly very optimistic.&quot;</p>
<p>To be sure, several factors could hold the market in check for the next couple of weeks, most importantly the approaching May 20 meeting of the Federal Reserve's interest rate policy-makers.</p>
<p>Wall Street is more divided on whether that meeting will result in an interest rate increase than they were heading into the Fed's March meeting. Some analysts say that uncertainty may not bode well for stocks.  </p>
<p>&quot;Everybody in March knew they were going to raise rates and it still caused a considerable amount of indigestion when they did,&quot; Crane said. With the market seemingly less prepared this time around, a May move could prove even more upsetting, he said.</p>
<p>Tech stocks ended broadly lower, amid profit-taking and a weak showing from bellwether chip maker Intel Corp.</p>
<p>Intel slid 4-1/2 to 158 as concerns emerged about a possible flaw in the company's high-end Pentium II and Pentium Pro processers. Several investment firms also downgraded the shares Tuesday.  </p>
<p>Internet sevice provider BBN Corp jumped 6-1/4 to 28-7/8 after accepting a $29-per-share acquisition offer from telecommunications company GTE Corp.</p>
<p>GTE fell 2-3/8 to 45 after it said it now expected 1997 earnings-per-share growth to be slightly positive at best, instead of in double digits as it earlier forecast.</p>
<p>BTG Inc tumbled 5-7/16 to 9-13/16. Late Monday, the company reported a fourth-quarter loss and said it had fallen out of compliance on lending covenants, for which it was seeking waivers.  </p>
<p>The Nasdaq Composite fell 10.94 points to 1328.30.</p>
<p>The S&amp;P 500 index fell 2.48 points to 827.76.</p>
<p>((-- Wall Street desk, 212-859-1730))</p>
</text>
<copyright>(c) Reuters Limited 1997</copyright>
<metadata>
<codes class="bip:countries:1.0">
  <code code="USA">
    <editdetail attribution="Reuters BIP Coding Group" action="confirmed" date="1997-05-06"/>
  </code>
</codes>
<codes class="bip:topics:1.0">
  <code code="M11">
    <editdetail attribution="Reuters BIP Coding Group" action="confirmed" date="1997-05-06"/>
  </code>
  <code code="MCAT">
    <editdetail attribution="Reuters BIP Coding Group" action="confirmed" date="1997-05-06"/>
  </code>
</codes>
<dc element="dc.date.created" value="1997-05-06"/>
<dc element="dc.publisher" value="Reuters Holdings Plc"/>
<dc element="dc.date.published" value="1997-05-06"/>
<dc element="dc.source" value="Reuters"/>
<dc element="dc.creator.location" value="NEW YORK"/>
<dc element="dc.creator.location.country.name" value="USA"/>
<dc element="dc.source" value="Reuters"/>
</metadata>
</newsitem>
