<?xml version="1.0" encoding="iso-8859-1" ?>
<newsitem itemid="561737" id="root" date="1997-05-06" xml:lang="en">
<title>USA: NYS agency to sell new U.N. hotel bonds at closing.</title>
<headline>NYS agency to sell new U.N. hotel bonds at closing.</headline>
<dateline>NEW YORK 1997-05-06</dateline>
<text>
<p>A New York State agency, U.N. Development Corp, will defease $163 million of bonds for the U.N. Plaza Hotel and competitively sell $156 million just before the hotel sale closes, a city official said Tuesday.</p>
<p>&quot;The last act of the closing is the bond issuing,&quot; said a spokesman for the New York City Economic Development Agency. &quot;July 17 is the outside (closing) date,&quot; he added.  </p>
<p>New York City Mayor Rudolph Giuliani and New York State Gov George Pataki said earlier that the city had agreed to sell the U.N. Plaza Hotel to Regal Hotels International Ltd for $102 million. This will be Regal Hotels first hotel in New York City.</p>
<p>Giuliani said the city expects the sale to produce $85 million for its 1998 fiscal year, which starts on June 30, once transaction fees and debt reduction costs are deducted.</p>
<p>The new bonds were attributed to the office part of the building, the spokesman for the Economic Development Corporation said, adding they will have the same 2026 maturity as the outstanding bonds.</p>
<p>About $7 million of the bonds that are linked to the hotel will be defeased.</p>
<p>The spokesman added the office building is more than capable of supporting the new debt, as it the coverage ratio is almost two times debt service.</p>
<p>By using the Economic Development Corporation, the city was able to sidestep requirements that it auction properties, a method that would not have proved as lucrative for the city, the spokesman said.</p>
<p>He explained that due to the deal's complexity, would-be buyers in an auction would have discounted the hotel's purchase price as they would have to negotiate sales documents--a process that took the city and Regal Hotels about one month.</p>
<p>((--Joan Gralla, 212-859-1654))</p>
</text>
<copyright>(c) Reuters Limited 1997</copyright>
<metadata>
<codes class="bip:countries:1.0">
  <code code="USA">
    <editdetail attribution="Reuters BIP Coding Group" action="confirmed" date="1997-05-06"/>
  </code>
</codes>
<codes class="bip:industries:1.0">
  <code code="I66500">
    <editdetail attribution="Reuters BIP Coding Group" action="confirmed" date="1997-05-06"/>
  </code>
</codes>
<codes class="bip:topics:1.0">
  <code code="C18">
    <editdetail attribution="Reuters BIP Coding Group" action="confirmed" date="1997-05-06"/>
  </code>
  <code code="C182">
    <editdetail attribution="Reuters BIP Coding Group" action="confirmed" date="1997-05-06"/>
  </code>
  <code code="CCAT">
    <editdetail attribution="Reuters BIP Coding Group" action="confirmed" date="1997-05-06"/>
  </code>
  <code code="E21">
    <editdetail attribution="Reuters BIP Coding Group" action="confirmed" date="1997-05-06"/>
  </code>
  <code code="E212">
    <editdetail attribution="Reuters BIP Coding Group" action="confirmed" date="1997-05-06"/>
  </code>
  <code code="ECAT">
    <editdetail attribution="Reuters BIP Coding Group" action="confirmed" date="1997-05-06"/>
  </code>
</codes>
<dc element="dc.date.created" value="1997-05-06"/>
<dc element="dc.publisher" value="Reuters Holdings Plc"/>
<dc element="dc.date.published" value="1997-05-06"/>
<dc element="dc.source" value="Reuters"/>
<dc element="dc.creator.location" value="NEW YORK"/>
<dc element="dc.creator.location.country.name" value="USA"/>
<dc element="dc.source" value="Reuters"/>
</metadata>
</newsitem>
