<?xml version="1.0" encoding="iso-8859-1" ?>
<newsitem itemid="561794" id="root" date="1997-05-06" xml:lang="en">
<title>USA: IMM currency futures end pit trading mostly higher.</title>
<headline>IMM currency futures end pit trading mostly higher.</headline>
<dateline>CHICAGO 1997-05-06</dateline>
<text>
<p>Most IMM currency futures ended pit trading moderately higher after busy morning turnover thinned during the afternoon and prices reverted to range-trading.</p>
<p>Futures tried to retest the upside before midday but most units lacked followthrough, and values returned toward the upper portion of day's range for the balance of the session as activity wound down again.</p>
<p>Floor brokers said one managed fund that sold 600 June yen Monday was seen buying contracts Tuesday, possibly as offset, in a move that helped nearby yen firm again near midday.  </p>
<p>But that attempt at the upside never gained momentum either, and futures edged back off gain.</p>
<p>&quot;They tried to pick up late but it never got going,&quot; said one floor broker.</p>
<p>Yen had risen overnight as Japan's Nikkei stock index rallied and talk resurfaced that a continued Japanese stock market rally might support a Bank of Japan tightening that could help draw investment back into yen-denominated products.</p>
<p>But brokers remained skeptical that a Japanese rate rise would significantly alter capital flows, given the low level of Japan rates and its fragile economy and financial systems.</p>
</text>
<copyright>(c) Reuters Limited 1997</copyright>
<metadata>
<codes class="bip:countries:1.0">
  <code code="USA">
    <editdetail attribution="Reuters BIP Coding Group" action="confirmed" date="1997-05-06"/>
  </code>
</codes>
<codes class="bip:topics:1.0">
  <code code="M13">
    <editdetail attribution="Reuters BIP Coding Group" action="confirmed" date="1997-05-06"/>
  </code>
  <code code="M132">
    <editdetail attribution="Reuters BIP Coding Group" action="confirmed" date="1997-05-06"/>
  </code>
  <code code="MCAT">
    <editdetail attribution="Reuters BIP Coding Group" action="confirmed" date="1997-05-06"/>
  </code>
</codes>
<dc element="dc.date.created" value="1997-05-06"/>
<dc element="dc.publisher" value="Reuters Holdings Plc"/>
<dc element="dc.date.published" value="1997-05-06"/>
<dc element="dc.source" value="Reuters"/>
<dc element="dc.creator.location" value="CHICAGO"/>
<dc element="dc.creator.location.country.name" value="USA"/>
<dc element="dc.source" value="Reuters"/>
</metadata>
</newsitem>
