<?xml version="1.0" encoding="iso-8859-1" ?>
<newsitem itemid="561847" id="root" date="1997-05-06" xml:lang="en">
<title>USA: Brush Wellman to buy back up to 1 mln shrs.</title>
<headline>Brush Wellman to buy back up to 1 mln shrs.</headline>
<dateline>CLEVELAND 1997-05-06</dateline>
<text>
<p>Brush Wellman Inc said Tuesday it authorized a plan to repurchase up to one million shares of its common stock.</p>
<p>The company said these repurchases would be made in the open market over the next four years.</p>
<p>The stock was up 5/8 at 20-1/2 in early afternoon trading today.  </p>
<p>The company had 16.5 million shares of common stock outstanding as of its April 21 quarterly report.</p>
<p>A statement issued by the company outlining the buyback did not say how many shares are currently outstanding, and company spokesmen were not immediately available.</p>
</text>
<copyright>(c) Reuters Limited 1997</copyright>
<metadata>
<codes class="bip:countries:1.0">
  <code code="USA">
    <editdetail attribution="Reuters BIP Coding Group" action="confirmed" date="1997-05-06"/>
  </code>
</codes>
<codes class="bip:industries:1.0">
  <code code="I22400">
    <editdetail attribution="Reuters BIP Coding Group" action="confirmed" date="1997-05-06"/>
  </code>
</codes>
<codes class="bip:topics:1.0">
  <code code="C17">
    <editdetail attribution="Reuters BIP Coding Group" action="confirmed" date="1997-05-06"/>
  </code>
  <code code="C171">
    <editdetail attribution="Reuters BIP Coding Group" action="confirmed" date="1997-05-06"/>
  </code>
  <code code="C18">
    <editdetail attribution="Reuters BIP Coding Group" action="confirmed" date="1997-05-06"/>
  </code>
  <code code="C181">
    <editdetail attribution="Reuters BIP Coding Group" action="confirmed" date="1997-05-06"/>
  </code>
  <code code="CCAT">
    <editdetail attribution="Reuters BIP Coding Group" action="confirmed" date="1997-05-06"/>
  </code>
</codes>
<dc element="dc.date.created" value="1997-05-06"/>
<dc element="dc.publisher" value="Reuters Holdings Plc"/>
<dc element="dc.date.published" value="1997-05-06"/>
<dc element="dc.source" value="Reuters"/>
<dc element="dc.creator.location" value="CLEVELAND"/>
<dc element="dc.creator.location.country.name" value="USA"/>
<dc element="dc.source" value="Reuters"/>
</metadata>
</newsitem>
