<?xml version="1.0" encoding="iso-8859-1" ?>
<newsitem itemid="561810" id="root" date="1997-05-06" xml:lang="en">
<title>USA: Aerial to buy $75 million in PCS handsets.</title>
<headline>Aerial to buy $75 million in PCS handsets.</headline>
<dateline>CHICAGO 1997-05-06</dateline>
<text>
<p>Aerial Communications Inc said Tuesday it has agreed to buy a total of $75 million worth of Personal Communications Service, or PCS, handsets from Mitsubishi Wireless Communications Inc and Nokia Oy.</p>
<p>Earlier, Nokia said that its share of the contracts was worth about $40 million.</p>
<p>Mitsubishi Wireless is a joint venture between consumer electronics giant Mitsubishi Electric Corp and trading company Mitsubishi Corp.</p>
<p>Aerial said it will market Mitsubishi's G100 phone and Nokia's 2190 handset. Aeriel said the PCS units from both firms use plug-in subscriber identification module Smart Cards.</p>
<p>The Smart Card houses a microprocessor embedded on a plastic card to protect and store customer data. The Smart Card is inserted in the handset and makes it function for the caller, storing the data required for the particular &quot;personal&quot; features the customer has selected from Aerial.</p>
</text>
<copyright>(c) Reuters Limited 1997</copyright>
<metadata>
<codes class="bip:countries:1.0">
  <code code="USA">
    <editdetail attribution="Reuters BIP Coding Group" action="confirmed" date="1997-05-06"/>
  </code>
</codes>
<codes class="bip:industries:1.0">
  <code code="I34000">
    <editdetail attribution="Reuters BIP Coding Group" action="confirmed" date="1997-05-06"/>
  </code>
  <code code="I34400">
    <editdetail attribution="Reuters BIP Coding Group" action="confirmed" date="1997-05-06"/>
  </code>
  <code code="I63000">
    <editdetail attribution="Reuters BIP Coding Group" action="confirmed" date="1997-05-06"/>
  </code>
  <code code="I79020">
    <editdetail attribution="Reuters BIP Coding Group" action="confirmed" date="1997-05-06"/>
  </code>
</codes>
<codes class="bip:topics:1.0">
  <code code="C33">
    <editdetail attribution="Reuters BIP Coding Group" action="confirmed" date="1997-05-06"/>
  </code>
  <code code="CCAT">
    <editdetail attribution="Reuters BIP Coding Group" action="confirmed" date="1997-05-06"/>
  </code>
</codes>
<dc element="dc.date.created" value="1997-05-06"/>
<dc element="dc.publisher" value="Reuters Holdings Plc"/>
<dc element="dc.date.published" value="1997-05-06"/>
<dc element="dc.source" value="Reuters"/>
<dc element="dc.creator.location" value="CHICAGO"/>
<dc element="dc.creator.location.country.name" value="USA"/>
<dc element="dc.source" value="Reuters"/>
</metadata>
</newsitem>
