<?xml version="1.0" encoding="iso-8859-1" ?>
<newsitem itemid="561832" id="root" date="1997-05-06" xml:lang="en">
<title>USA: Sano Corp Q1 loss widens.</title>
<headline>Sano Corp Q1 loss widens.</headline>
<dateline>MIRAMAR, Fla. 1997-05-06</dateline>
<text>
<p>Three Months Ended</p>
<p>							March 31,</p>
<p>					  1997			  1996</p>
<p> REVENUES		    $	  ---		$	  ---</p>
<p> OPERATING EXPENSES:</p>
<p>  Research and development  4,502,552		   2,758,378</p>
<p>  General and administrative  912,654		     444,229</p>
<p>   Total operating expenses  5,415,206		  3,202,607</p>
<p>OTHER INCOME (EXPENSE):</p>
<p>  Interest and other income   542,583		     335,960</p>
<p>  Interest and other expense  (76,107)		   (36,902)</p>
<p>Total other income</p>
<p>    (expense)		     466,476		     299,058</p>
<p> Net loss		     (4,948,730)		 (2,903,549)</p>
<p> Loss per common share	   (0.54)			(0.32)</p>
<p>Weighted average common</p>
<p>  shares outstanding	  9,245,000		   9,207,000</p>
</text>
<copyright>(c) Reuters Limited 1997</copyright>
<metadata>
<codes class="bip:countries:1.0">
  <code code="USA">
    <editdetail attribution="Reuters BIP Coding Group" action="confirmed" date="1997-05-06"/>
  </code>
</codes>
<codes class="bip:industries:1.0">
  <code code="I37200">
    <editdetail attribution="Reuters BIP Coding Group" action="confirmed" date="1997-05-06"/>
  </code>
</codes>
<codes class="bip:topics:1.0">
  <code code="C15">
    <editdetail attribution="Reuters BIP Coding Group" action="confirmed" date="1997-05-06"/>
  </code>
  <code code="C151">
    <editdetail attribution="Reuters BIP Coding Group" action="confirmed" date="1997-05-06"/>
  </code>
  <code code="CCAT">
    <editdetail attribution="Reuters BIP Coding Group" action="confirmed" date="1997-05-06"/>
  </code>
</codes>
<dc element="dc.date.created" value="1997-05-06"/>
<dc element="dc.publisher" value="Reuters Holdings Plc"/>
<dc element="dc.date.published" value="1997-05-06"/>
<dc element="dc.source" value="Reuters"/>
<dc element="dc.creator.location" value="MIRAMAR, Fla."/>
<dc element="dc.creator.location.country.name" value="USA"/>
<dc element="dc.source" value="Reuters"/>
</metadata>
</newsitem>
