<?xml version="1.0" encoding="iso-8859-1" ?>
<newsitem itemid="561894" id="root" date="1997-05-06" xml:lang="en">
<title>USA: Fed refrains from open market operations.</title>
<headline>Fed refrains from open market operations.</headline>
<dateline>NEW YORK 1997-05-06</dateline>
<text>
<p>The Federal Reserve refrained from open market operations on Tuesday, dealers said.</p>
<p>Analysts, citing a soft Federal funds rate, had said the Fed was likely to stay out of the open market.</p>
<p>Fed funds were trading at 5-7/16 percent at the Fed's typical time for open market operations. The Fed's target for the rate is 5-1/2 percent.</p>
<p>(( -- North American Treasury Desk 212-859-1679))</p>
</text>
<copyright>(c) Reuters Limited 1997</copyright>
<metadata>
<codes class="bip:countries:1.0">
  <code code="USA">
    <editdetail attribution="Reuters BIP Coding Group" action="confirmed" date="1997-05-06"/>
  </code>
</codes>
<codes class="bip:topics:1.0">
  <code code="M13">
    <editdetail attribution="Reuters BIP Coding Group" action="confirmed" date="1997-05-06"/>
  </code>
  <code code="M131">
    <editdetail attribution="Reuters BIP Coding Group" action="confirmed" date="1997-05-06"/>
  </code>
  <code code="MCAT">
    <editdetail attribution="Reuters BIP Coding Group" action="confirmed" date="1997-05-06"/>
  </code>
</codes>
<dc element="dc.date.created" value="1997-05-06"/>
<dc element="dc.publisher" value="Reuters Holdings Plc"/>
<dc element="dc.date.published" value="1997-05-06"/>
<dc element="dc.source" value="Reuters"/>
<dc element="dc.creator.location" value="NEW YORK"/>
<dc element="dc.creator.location.country.name" value="USA"/>
<dc element="dc.source" value="Reuters"/>
</metadata>
</newsitem>
