<?xml version="1.0" encoding="iso-8859-1" ?>
<newsitem itemid="561848" id="root" date="1997-05-06" xml:lang="en">
<title>USA: Kinark Corp Q1 net, sales rise.</title>
<headline>Kinark Corp Q1 net, sales rise.</headline>
<dateline>TULSA, Okla. 1997-05-06</dateline>
<text>
<p>Three Months Ended</p>
<p> Thousands of Dollars Except per share  3/31/97	 3/31/96</p>
<p> Sales					     $11,724	$10,417</p>
<p> Costs and Expenses</p>
<p> Cost of sales				     9,167	  8,154</p>
<p> Selling, general &amp; administrative	   1,286	  1,193</p>
<p> Depreciation and amortization		   632	    538</p>
<p>							11,085	  9,885</p>
<p> Operating earnings				  639	    532</p>
<p>Other expense</p>
<p>  Interest expense				   203	    205</p>
<p>Earnings before income taxes and</p>
<p>  minority interest				  436	    327</p>
<p> Income tax expense				  184	    120</p>
<p> Earnings before minority interest	     252	    207</p>
<p> Minority interest in subsidiary		 ---	     83</p>
<p> Net earnings					  252	    124</p>
<p> Net earnings per common share		   .04	    .02</p>
<p> Average shares outstanding		6,778,245    5,300,688</p>
<p>		((Chicago newsdesk 312 408 8787))</p>
</text>
<copyright>(c) Reuters Limited 1997</copyright>
<metadata>
<codes class="bip:countries:1.0">
  <code code="USA">
    <editdetail attribution="Reuters BIP Coding Group" action="confirmed" date="1997-05-06"/>
  </code>
</codes>
<codes class="bip:industries:1.0">
  <code code="I31000">
    <editdetail attribution="Reuters BIP Coding Group" action="confirmed" date="1997-05-06"/>
  </code>
</codes>
<codes class="bip:topics:1.0">
  <code code="C15">
    <editdetail attribution="Reuters BIP Coding Group" action="confirmed" date="1997-05-06"/>
  </code>
  <code code="C151">
    <editdetail attribution="Reuters BIP Coding Group" action="confirmed" date="1997-05-06"/>
  </code>
  <code code="CCAT">
    <editdetail attribution="Reuters BIP Coding Group" action="confirmed" date="1997-05-06"/>
  </code>
</codes>
<dc element="dc.date.created" value="1997-05-06"/>
<dc element="dc.publisher" value="Reuters Holdings Plc"/>
<dc element="dc.date.published" value="1997-05-06"/>
<dc element="dc.source" value="Reuters"/>
<dc element="dc.creator.location" value="TULSA, Okla."/>
<dc element="dc.creator.location.country.name" value="USA"/>
<dc element="dc.source" value="Reuters"/>
</metadata>
</newsitem>
