<?xml version="1.0" encoding="iso-8859-1" ?>
<newsitem itemid="561887" id="root" date="1997-05-06" xml:lang="en">
<title>USA: Pennsylvania Q1 shr $0.84 vs $0.60.</title>
<headline>Pennsylvania Q1 shr $0.84 vs $0.60.</headline>
<dateline>WILKES-BARRE, Pa. 1997-05-06</dateline>
<text>
<p>1997			1996</p>
<p> Shr			  $0.84		    $0.60</p>
<p> Net			  8,052		    6,972</p>
<p> Oper revs		 89,491		   74,087</p>
<p> Avg shrs		   9,615		   11,581</p>
<p>	  12 MONTHS</p>
<p> Shr			  $0.66		    $0.37</p>
<p> Net			  7,664		    4,294</p>
<p> Revs		     171,119		  153,934</p>
<p> Avg shrs		   9,728		   11,527</p>
<p>(All data above 000s except per share numbers)</p>
<p>NOTES: All periods ended March 31.</p>
<p>In the 12 months ended March 31, 1997, net income includes an extraordinary loss of $1.1 million, or $0.11 a share and a charge of $0.13 a share in connection with a preferred stock repurchase.</p>
<p>All share data has been restated to reflect a two-for-one stock split effective March 20.</p>
<p>Full name of company is Pennsylvania Enterprises Inc</p>
</text>
<copyright>(c) Reuters Limited 1997</copyright>
<metadata>
<codes class="bip:countries:1.0">
  <code code="USA">
    <editdetail attribution="Reuters BIP Coding Group" action="confirmed" date="1997-05-06"/>
  </code>
</codes>
<codes class="bip:industries:1.0">
  <code code="I16200">
    <editdetail attribution="Reuters BIP Coding Group" action="confirmed" date="1997-05-06"/>
  </code>
</codes>
<codes class="bip:topics:1.0">
  <code code="C15">
    <editdetail attribution="Reuters BIP Coding Group" action="confirmed" date="1997-05-06"/>
  </code>
  <code code="C151">
    <editdetail attribution="Reuters BIP Coding Group" action="confirmed" date="1997-05-06"/>
  </code>
  <code code="CCAT">
    <editdetail attribution="Reuters BIP Coding Group" action="confirmed" date="1997-05-06"/>
  </code>
</codes>
<dc element="dc.date.created" value="1997-05-06"/>
<dc element="dc.publisher" value="Reuters Holdings Plc"/>
<dc element="dc.date.published" value="1997-05-06"/>
<dc element="dc.source" value="Reuters"/>
<dc element="dc.creator.location" value="WILKES-BARRE, Pa."/>
<dc element="dc.creator.location.country.name" value="USA"/>
<dc element="dc.source" value="Reuters"/>
</metadata>
</newsitem>
