<?xml version="1.0" encoding="iso-8859-1" ?>
<newsitem itemid="561826" id="root" date="1997-05-06" xml:lang="en">
<title>USA: Marriott debuts new frequent guest program.</title>
<headline>Marriott debuts new frequent guest program.</headline>
<dateline>WASHINGTON 1997-05-06</dateline>
<text>
<p>Marriott International Inc said on Tuesday that it introduced Marriott Rewards frequent guest program, replacing its 14-year-old Honored Guests Awards program.</p>
<p>The Marriott Rewards program allows its nine million members to get free hotel stays at six Marriott lodging brands representing 1,000 hotels in 30 countries, the company said.  </p>
<p>Marriott said the program is designed to increase usage across its brands and give frequent travelers an incentive to switch from competitive offers.</p>
<p>Marriott Rewards formed a partnership with Ritz-Carlton hotels and resorts, enabling members to earn points at eight Ritz-Carlton properties and use their points for vacations there, Marriott said.</p>
<p>Also, Marriott Rewards allows members to exchange their points for frequent flyer miles miles at nine airlines and members will get bonus points for using Visa cards when they stay at Marriott hotels through November 15, 1997, the company said.</p>
</text>
<copyright>(c) Reuters Limited 1997</copyright>
<metadata>
<codes class="bip:countries:1.0">
  <code code="USA">
    <editdetail attribution="Reuters BIP Coding Group" action="confirmed" date="1997-05-06"/>
  </code>
</codes>
<codes class="bip:industries:1.0">
  <code code="I66500">
    <editdetail attribution="Reuters BIP Coding Group" action="confirmed" date="1997-05-06"/>
  </code>
</codes>
<codes class="bip:topics:1.0">
  <code code="C31">
    <editdetail attribution="Reuters BIP Coding Group" action="confirmed" date="1997-05-06"/>
  </code>
  <code code="C32">
    <editdetail attribution="Reuters BIP Coding Group" action="confirmed" date="1997-05-06"/>
  </code>
  <code code="CCAT">
    <editdetail attribution="Reuters BIP Coding Group" action="confirmed" date="1997-05-06"/>
  </code>
</codes>
<dc element="dc.date.created" value="1997-05-06"/>
<dc element="dc.publisher" value="Reuters Holdings Plc"/>
<dc element="dc.date.published" value="1997-05-06"/>
<dc element="dc.source" value="Reuters"/>
<dc element="dc.creator.location" value="WASHINGTON"/>
<dc element="dc.creator.location.country.name" value="USA"/>
<dc element="dc.source" value="Reuters"/>
</metadata>
</newsitem>
