<?xml version="1.0" encoding="iso-8859-1" ?>
<newsitem itemid="561800" id="root" date="1997-05-06" xml:lang="en">
<title>USA: U.S. EIA sees 1 pct world annual oil price rise.</title>
<headline>U.S. EIA sees 1 pct world annual oil price rise.</headline>
<dateline>WASHINGTON 1997-05-06</dateline>
<text>
<p>World oil prices should rise by one percent a year from 1995 levels through 2015, to $21 per barrel in constant 1995 dollars, adjusted for inflation, the U.S. Energy Information Administration said.</p>
<p>World oil demand should rise 2.1 percent annually from 69.4 million barrels per day in 1995 to 104.6 million bpd in 2015, the EIA said, which is an upward revision of about 5.7 million bpd for 2015.</p>
<p>Despite the stronger demand, new oil production possibilities should keep a lid on prices, the EIA said in its international outlook on 1995-2015.</p>
<p>The EIA lowered its oil price projection for 2015 by $5 per barrel from last year's projection, saying that even though recent prices were higher than projections for 2015, they &quot;are not a harbinger of return to high and persistently rising oil price trajectory.&quot;</p>
<p>Oil's share of total energy consumption drops slightly in this forecast from 39 percent in 1995 to 38 percent in 2015, with slower projected growth in industrialized countries.  </p>
<p>Industrialized countries' demand for oil should rise 1.1 percent annually in 1995-2015, reaching 52.3 million bpd, while developing countries' demand should rise by 3.5 percent annually and reach 42.7 million bpd.</p>
<p>Demand in the former Soviet Union and Eastern Europe should rise by 2.6 percent annually, reaching 9.6 million bpd.</p>
<p>Production capacity of all members of the Organization of Petroleum Exporting Countries (OPEC) should climb from 36.2 million bpd in 2000 to 57.6 million bpd in 2015.</p>
<p>Non-OPEC production capacity should grow at a slower rate, from 45.2 million bpd in 2000 to 49.3 million bpd in 2015.</p>
<p>By 2015, the EIA said OPEC exports to industrialized countries should be 13.8 million bpd, up 8 million bpd from 1995, with more than three-fourths of that increase expected to come from the Gulf region.</p>
<p>OPEC exports to developing countries in that time should rise by more than 16 million bpd, with China alone accounting for more than 5 million bpd from OPEC by 2015.</p>
</text>
<copyright>(c) Reuters Limited 1997</copyright>
<metadata>
<codes class="bip:countries:1.0">
  <code code="USA">
    <editdetail attribution="Reuters BIP Coding Group" action="confirmed" date="1997-05-06"/>
  </code>
</codes>
<codes class="bip:industries:1.0">
  <code code="I13000">
    <editdetail attribution="Reuters BIP Coding Group" action="confirmed" date="1997-05-06"/>
  </code>
</codes>
<codes class="bip:topics:1.0">
  <code code="C31">
    <editdetail attribution="Reuters BIP Coding Group" action="confirmed" date="1997-05-06"/>
  </code>
  <code code="CCAT">
    <editdetail attribution="Reuters BIP Coding Group" action="confirmed" date="1997-05-06"/>
  </code>
  <code code="M14">
    <editdetail attribution="Reuters BIP Coding Group" action="confirmed" date="1997-05-06"/>
  </code>
  <code code="M143">
    <editdetail attribution="Reuters BIP Coding Group" action="confirmed" date="1997-05-06"/>
  </code>
  <code code="MCAT">
    <editdetail attribution="Reuters BIP Coding Group" action="confirmed" date="1997-05-06"/>
  </code>
</codes>
<dc element="dc.date.created" value="1997-05-06"/>
<dc element="dc.publisher" value="Reuters Holdings Plc"/>
<dc element="dc.date.published" value="1997-05-06"/>
<dc element="dc.source" value="Reuters"/>
<dc element="dc.creator.location" value="WASHINGTON"/>
<dc element="dc.creator.location.country.name" value="USA"/>
<dc element="dc.source" value="Reuters"/>
</metadata>
</newsitem>
