<?xml version="1.0" encoding="iso-8859-1" ?>
<newsitem itemid="561814" id="root" date="1997-05-06" xml:lang="en">
<title>USA: Digital Transmission Systems Q3 loss.</title>
<headline>Digital Transmission Systems Q3 loss.</headline>
<dateline>ATLANTA 1997-05-06</dateline>
<text>
<p>(in thousands, except per share data)</p>
<p>				Three Months Ended  Nine Months Ended</p>
<p>					  March 31	   March 31</p>
<p>					1997     1996     1997     1996</p>
<p> Net sales			$ 4,095 $ 3,210  $10,773  $ 7,851</p>
<p> Gross profit		     1,762   1,331    4,528    3,384</p>
<p>Operating expenses:</p>
<p>   Product development	    419     642    1,795    1,791</p>
<p>Selling, general and</p>
<p>    administrative		1,551     926    4,346    2,852</p>
<p> Net income (loss)		(187)   (217)  (1,532)  (1,383)</p>
<p>Net income (loss) per common</p>
<p>and common equivalent</p>
<p>shares for 1997 and per</p>
<p>pro forma common shares</p>
<p>   for 1996 (see note)	 (0.05)  (0.08)   (0.39)   (0.44)</p>
<p>Weighted average common and</p>
<p>common equivalent shares</p>
<p>outstanding for 1997 and</p>
<p>pro forma common shares</p>
<p>outstanding for 1996</p>
<p>   (see note)		     4,024   2,723    3,968    2,790</p>
<p>NOTE: Net income (loss) per share and weighted average shares are shown on a pro forma basis for the quarter and nine months ended March 31, 1996, giving effect to the conversion of preferred stock and associated dividends into common stock on March 4, 1996.</p>
<p>-- New York Newsdesk 212 859-1610</p>
</text>
<copyright>(c) Reuters Limited 1997</copyright>
<metadata>
<codes class="bip:countries:1.0">
  <code code="USA">
    <editdetail attribution="Reuters BIP Coding Group" action="confirmed" date="1997-05-06"/>
  </code>
</codes>
<codes class="bip:topics:1.0">
  <code code="C15">
    <editdetail attribution="Reuters BIP Coding Group" action="confirmed" date="1997-05-06"/>
  </code>
  <code code="C151">
    <editdetail attribution="Reuters BIP Coding Group" action="confirmed" date="1997-05-06"/>
  </code>
  <code code="CCAT">
    <editdetail attribution="Reuters BIP Coding Group" action="confirmed" date="1997-05-06"/>
  </code>
</codes>
<dc element="dc.date.created" value="1997-05-06"/>
<dc element="dc.publisher" value="Reuters Holdings Plc"/>
<dc element="dc.date.published" value="1997-05-06"/>
<dc element="dc.source" value="Reuters"/>
<dc element="dc.creator.location" value="ATLANTA"/>
<dc element="dc.creator.location.country.name" value="USA"/>
<dc element="dc.source" value="Reuters"/>
</metadata>
</newsitem>
