<?xml version="1.0" encoding="iso-8859-1" ?>
<newsitem itemid="561870" id="root" date="1997-05-06" xml:lang="en">
<title>USA: STM Wireless Inc Q1 shr dips.</title>
<headline>STM Wireless Inc Q1 shr dips.</headline>
<dateline>IRVINE, Calif. 1997-05-06</dateline>
<text>
<p>STM WIRELESS, INC.</p>
<p>CONSOLIDATED STATEMENTS OF OPERATIONS</p>
<p>(in thousands, except per share data)</p>
<p>(unaudited)</p>
<p>						For the three months</p>
<p>						ended March 31,</p>
<p>						 1997	  1996</p>
<p>Revenues</p>
<p>    Products				$6,875     $6,537</p>
<p>    Services				   617	  929</p>
<p>	  Total revenues		   7,492	7,466</p>
<p>Cost of revenues</p>
<p>    Products				 4,487	3,957</p>
<p>    Services				   337	  264</p>
<p>	  Total cost of revenues	 4,824	4,221</p>
<p> Gross profit				2,668	3,245</p>
<p>Operating costs</p>
<p>Selling, general &amp;</p>
<p>     administrative expenses	   1,173	1,471</p>
<p>    Research &amp; development	     1,300	1,589</p>
<p>	  Total operating costs	  2,473	3,060</p>
<p> Operating income			    195	  185</p>
<p> Other income				   17	   --</p>
<p> Interest income			     150	  382</p>
<p> Interest expense			  (141)	(144)</p>
<p>Income from continuing operations,</p>
<p>before minority interest</p>
<p>    and income taxes			 221	  423</p>
<p> Income tax expense			 (32)	(151)</p>
<p>Income from continuing operations</p>
<p>    before minority interest	     189	  272</p>
<p>Minority interest in net loss</p>
<p>  of consolidated subsidiary		27	   48</p>
<p> Income from continuing operations     216	  320</p>
<p>Income from and gain on sale</p>
<p>of discontinued operations</p>
<p>     net of income tax			--	   84</p>
<p> Net income				    216	  404</p>
<p>Net income per share:</p>
<p>    Continuing operations		 0.04	 0.05</p>
<p>    Discontinued operations		 --	 0.02</p>
<p> Total net income per share	     0.04	 0.07</p>
<p>Weighted average shares</p>
<p>  outstanding				5,940	5,997</p>
</text>
<copyright>(c) Reuters Limited 1997</copyright>
<metadata>
<codes class="bip:countries:1.0">
  <code code="USA">
    <editdetail attribution="Reuters BIP Coding Group" action="confirmed" date="1997-05-06"/>
  </code>
</codes>
<codes class="bip:industries:1.0">
  <code code="I34400">
    <editdetail attribution="Reuters BIP Coding Group" action="confirmed" date="1997-05-06"/>
  </code>
</codes>
<codes class="bip:topics:1.0">
  <code code="C15">
    <editdetail attribution="Reuters BIP Coding Group" action="confirmed" date="1997-05-06"/>
  </code>
  <code code="C151">
    <editdetail attribution="Reuters BIP Coding Group" action="confirmed" date="1997-05-06"/>
  </code>
  <code code="CCAT">
    <editdetail attribution="Reuters BIP Coding Group" action="confirmed" date="1997-05-06"/>
  </code>
</codes>
<dc element="dc.date.created" value="1997-05-06"/>
<dc element="dc.publisher" value="Reuters Holdings Plc"/>
<dc element="dc.date.published" value="1997-05-06"/>
<dc element="dc.source" value="Reuters"/>
<dc element="dc.creator.location" value="IRVINE, Calif."/>
<dc element="dc.creator.location.country.name" value="USA"/>
<dc element="dc.source" value="Reuters"/>
</metadata>
</newsitem>
