<?xml version="1.0" encoding="iso-8859-1" ?>
<newsitem itemid="561931" id="root" date="1997-05-06" xml:lang="en">
<title>USA: Genta says Adams resigns as chairman.</title>
<headline>Genta says Adams resigns as chairman.</headline>
<dateline>SAN DIEGO 1997-05-06</dateline>
<text>
<p>Genta Inc said Thomas Adams, who co-founded Genta in 1989, has resigned from the board and as chairman and chief executive officer of the company.</p>
<p>The company also said Michael Weiss, senior managing director of Paramount Capital Inc, was elected to the board of Genta and as interim chairman.</p>
<p>The company said John Dee and John Oyler will assist the company as an interim management team during this transitional period while it seeks a full-time chief executive officer.</p>
</text>
<copyright>(c) Reuters Limited 1997</copyright>
<metadata>
<codes class="bip:countries:1.0">
  <code code="USA">
    <editdetail attribution="Reuters BIP Coding Group" action="confirmed" date="1997-05-06"/>
  </code>
</codes>
<codes class="bip:industries:1.0">
  <code code="I25700">
    <editdetail attribution="Reuters BIP Coding Group" action="confirmed" date="1997-05-06"/>
  </code>
</codes>
<codes class="bip:topics:1.0">
  <code code="C41">
    <editdetail attribution="Reuters BIP Coding Group" action="confirmed" date="1997-05-06"/>
  </code>
  <code code="C411">
    <editdetail attribution="Reuters BIP Coding Group" action="confirmed" date="1997-05-06"/>
  </code>
  <code code="CCAT">
    <editdetail attribution="Reuters BIP Coding Group" action="confirmed" date="1997-05-06"/>
  </code>
</codes>
<dc element="dc.date.created" value="1997-05-06"/>
<dc element="dc.publisher" value="Reuters Holdings Plc"/>
<dc element="dc.date.published" value="1997-05-06"/>
<dc element="dc.source" value="Reuters"/>
<dc element="dc.creator.location" value="SAN DIEGO"/>
<dc element="dc.creator.location.country.name" value="USA"/>
<dc element="dc.source" value="Reuters"/>
</metadata>
</newsitem>
