<?xml version="1.0" encoding="iso-8859-1" ?>
<newsitem itemid="561964" id="root" date="1997-05-06" xml:lang="en">
<title>USA: Durco, BW/IP to merge in stock swap.</title>
<headline>Durco, BW/IP to merge in stock swap.</headline>
<dateline>DAYTON, Ohio 1997-05-06</dateline>
<text>
<p>Durco International Inc and BW/IP Inc said they have agreed to a stock swap that creates an industrial manufacturing company with a market capitalization of about $1.2 billion.</p>
<p>Both companies make and distribute pumps, seals and valves, as well as fluid handling and control equipment.</p>
<p>Under terms of the agreement, Durco will pay each BW/IP shareholder 0.6968 Durco shares for each of their BW/IP shares, the companies said. Durco holders will retain their present shares, which closed Monday at 26-5/8.</p>
<p>BW/IP shares closed at 19-5/8.</p>
</text>
<copyright>(c) Reuters Limited 1997</copyright>
<metadata>
<codes class="bip:countries:1.0">
  <code code="USA">
    <editdetail attribution="Reuters BIP Coding Group" action="confirmed" date="1997-05-06"/>
  </code>
</codes>
<codes class="bip:industries:1.0">
  <code code="I32870">
    <editdetail attribution="Reuters BIP Coding Group" action="confirmed" date="1997-05-06"/>
  </code>
</codes>
<codes class="bip:topics:1.0">
  <code code="C18">
    <editdetail attribution="Reuters BIP Coding Group" action="confirmed" date="1997-05-06"/>
  </code>
  <code code="C181">
    <editdetail attribution="Reuters BIP Coding Group" action="confirmed" date="1997-05-06"/>
  </code>
  <code code="CCAT">
    <editdetail attribution="Reuters BIP Coding Group" action="confirmed" date="1997-05-06"/>
  </code>
</codes>
<dc element="dc.date.created" value="1997-05-06"/>
<dc element="dc.publisher" value="Reuters Holdings Plc"/>
<dc element="dc.date.published" value="1997-05-06"/>
<dc element="dc.source" value="Reuters"/>
<dc element="dc.creator.location" value="DAYTON, Ohio"/>
<dc element="dc.creator.location.country.name" value="USA"/>
<dc element="dc.source" value="Reuters"/>
</metadata>
</newsitem>
