<?xml version="1.0" encoding="iso-8859-1" ?>
<newsitem itemid="561903" id="root" date="1997-05-06" xml:lang="en">
<title>USA: Gray expands buyback program by 1 mln shrs.</title>
<headline>Gray expands buyback program by 1 mln shrs.</headline>
<dateline>ALBANY, Ga. 1997-05-06</dateline>
<text>
<p>Gray Communications Systems Inc said on Tuesday that it doubled the amount of shares authorized for repurchase, adding one million shares of either Class A or Class B to the program.</p>
<p>The one million shares earlier authorized for repurchase all had to be Class B common stock.</p>
<p>Under the earlier program, Gray so far has repurchased 172,300 shares, which it is holding in treasury. The company plans to use the shares it buys back for its employee benefit plan and for stock options.</p>
<p>Gray shares were at 16-7/8 in early trading on Tuesday, down 1/8.</p>
</text>
<copyright>(c) Reuters Limited 1997</copyright>
<metadata>
<codes class="bip:countries:1.0">
  <code code="USA">
    <editdetail attribution="Reuters BIP Coding Group" action="confirmed" date="1997-05-06"/>
  </code>
</codes>
<codes class="bip:industries:1.0">
  <code code="I34400">
    <editdetail attribution="Reuters BIP Coding Group" action="confirmed" date="1997-05-06"/>
  </code>
  <code code="I9741102">
    <editdetail attribution="Reuters BIP Coding Group" action="confirmed" date="1997-05-06"/>
  </code>
</codes>
<codes class="bip:topics:1.0">
  <code code="C17">
    <editdetail attribution="Reuters BIP Coding Group" action="confirmed" date="1997-05-06"/>
  </code>
  <code code="C171">
    <editdetail attribution="Reuters BIP Coding Group" action="confirmed" date="1997-05-06"/>
  </code>
  <code code="C18">
    <editdetail attribution="Reuters BIP Coding Group" action="confirmed" date="1997-05-06"/>
  </code>
  <code code="C181">
    <editdetail attribution="Reuters BIP Coding Group" action="confirmed" date="1997-05-06"/>
  </code>
  <code code="CCAT">
    <editdetail attribution="Reuters BIP Coding Group" action="confirmed" date="1997-05-06"/>
  </code>
</codes>
<dc element="dc.date.created" value="1997-05-06"/>
<dc element="dc.publisher" value="Reuters Holdings Plc"/>
<dc element="dc.date.published" value="1997-05-06"/>
<dc element="dc.source" value="Reuters"/>
<dc element="dc.creator.location" value="ALBANY, Ga."/>
<dc element="dc.creator.location.country.name" value="USA"/>
<dc element="dc.source" value="Reuters"/>
</metadata>
</newsitem>
