<?xml version="1.0" encoding="iso-8859-1" ?>
<newsitem itemid="561919" id="root" date="1997-05-06" xml:lang="en">
<title>USA: Fed likely to stay out of open market -- analysts.</title>
<headline>Fed likely to stay out of open market -- analysts.</headline>
<dateline>NEW YORK 1997-05-06</dateline>
<text>
<p>The Federal Reserve is likely to refrain from open market operations on Tuesday, analysts said.</p>
<p>&quot;I think they can stay out today,&quot; said Patricia Thrapp, vice president at Aubrey G. Lanston &amp; Co. &quot;The Federal funds rate is a little soft.&quot;</p>
<p>Fed funds were trading at 5-7/16 percent at mid-morning, below the Fed's 5-1/2 percent target for the rate.</p>
<p>MMS International analysts said that with pressures on the Fed funds rate &quot;finally subsiding&quot; and term system repurchases in place, the Fed's open market desk &quot;can likely stay out.&quot;  </p>
<p>Michael Moran, chief economist at Daiwa Securities Inc, said the Fed could add temporary reserves through overnight system repurchases but that with Fed funds soft, the Fed could also &quot;easily stay out&quot; of the market.</p>
<p>&quot;I suspect they're going to be on a day-to-day program that will depend on what Treasury balances (at the Fed) do,&quot; said Moran. &quot;That's really the wild card at this time.&quot;</p>
<p>Moran said while there was &quot;some chance that (the open market desk) could put some additional reserves into the banking system (on Tuesday)&quot; but that it would be &quot;a small transaction for sure.&quot;</p>
<p>(( -- E. Freilich, N.A. Treasury Desk, 212-859-1660 ))</p>
</text>
<copyright>(c) Reuters Limited 1997</copyright>
<metadata>
<codes class="bip:countries:1.0">
  <code code="USA">
    <editdetail attribution="Reuters BIP Coding Group" action="confirmed" date="1997-05-06"/>
  </code>
</codes>
<codes class="bip:topics:1.0">
  <code code="E12">
    <editdetail attribution="Reuters BIP Coding Group" action="confirmed" date="1997-05-06"/>
  </code>
  <code code="ECAT">
    <editdetail attribution="Reuters BIP Coding Group" action="confirmed" date="1997-05-06"/>
  </code>
</codes>
<dc element="dc.date.created" value="1997-05-06"/>
<dc element="dc.publisher" value="Reuters Holdings Plc"/>
<dc element="dc.date.published" value="1997-05-06"/>
<dc element="dc.source" value="Reuters"/>
<dc element="dc.creator.location" value="NEW YORK"/>
<dc element="dc.creator.location.country.name" value="USA"/>
<dc element="dc.source" value="Reuters"/>
</metadata>
</newsitem>
