<?xml version="1.0" encoding="iso-8859-1" ?>
<newsitem itemid="561989" id="root" date="1997-05-06" xml:lang="en">
<title>USA: Colombia's BIC Q1 ADS higher.</title>
<headline>Colombia's BIC Q1 ADS higher.</headline>
<dateline>NEW YORK 1997-05-06</dateline>
<text>
<p>1997			1996</p>
<p> ADS			  $0.33		    $0.30</p>
<p> Net		   14,234,000	     12,937,000</p>
<p> Avg shrs			NA			 NA</p>
<p>(All data above 000s except per share numbers)</p>
<p>NOTE: Full company name is Banco Industrial Colombiano SA, which is based in Bogota, Colombia.</p>
<p>Results are consolidated but not audited.</p>
<p>ADS means American Depositary Shares.</p>
<p>ADS figures are in U.S. dollars.</p>
<p>Net figures are in Colombian pesos.</p>
</text>
<copyright>(c) Reuters Limited 1997</copyright>
<metadata>
<codes class="bip:countries:1.0">
  <code code="COL">
    <editdetail attribution="Reuters BIP Coding Group" action="confirmed" date="1997-05-06"/>
  </code>
  <code code="USA">
    <editdetail attribution="Reuters BIP Coding Group" action="confirmed" date="1997-05-06"/>
  </code>
</codes>
<codes class="bip:industries:1.0">
  <code code="I81501">
    <editdetail attribution="Reuters BIP Coding Group" action="confirmed" date="1997-05-06"/>
  </code>
</codes>
<codes class="bip:topics:1.0">
  <code code="C15">
    <editdetail attribution="Reuters BIP Coding Group" action="confirmed" date="1997-05-06"/>
  </code>
  <code code="C151">
    <editdetail attribution="Reuters BIP Coding Group" action="confirmed" date="1997-05-06"/>
  </code>
  <code code="CCAT">
    <editdetail attribution="Reuters BIP Coding Group" action="confirmed" date="1997-05-06"/>
  </code>
</codes>
<dc element="dc.date.created" value="1997-05-06"/>
<dc element="dc.publisher" value="Reuters Holdings Plc"/>
<dc element="dc.date.published" value="1997-05-06"/>
<dc element="dc.source" value="Reuters"/>
<dc element="dc.creator.location" value="NEW YORK"/>
<dc element="dc.creator.location.country.name" value="USA"/>
<dc element="dc.source" value="Reuters"/>
</metadata>
</newsitem>
