<?xml version="1.0" encoding="iso-8859-1" ?>
<newsitem itemid="561921" id="root" date="1997-05-06" xml:lang="en">
<title>USA: Pomeroy Computer Q1 net profit vs loss.</title>
<headline>Pomeroy Computer Q1 net profit vs loss.</headline>
<dateline>HEBRON, Ky. 1997-05-06</dateline>
<text>
<p>SELECTED FINANCIAL DATA</p>
<p>		     (in thousands, except per share data)</p>
<p>					    Quarter Ended</p>
<p>					   Apr 5,	     Apr 5,</p>
<p>					     1997		1996</p>
<p> Revenues			    $100,366	   $ 63,224</p>
<p> Net income (loss)(1)		 2,958	 (   1,355)</p>
<p>Weighted shares:</p>
<p>  Primary			   7,099,554	  4,117,438</p>
<p>  Fully Diluted		   7,099,554	  4,129,602</p>
<p>Net income (loss) per</p>
<p>common share (1):</p>
<p>   Primary				 0.42	    ( 0.33)</p>
<p>   Fully Diluted			 0.42	    ( 0.33)</p>
<p>(1)  Fiscal 1996 results include an after tax charge of $2,613 ($0.63 per fully diluted common share) for the settlement and related costs associated with the Vanstar litigation.</p>
<p>Full name of company is Pomeroy Computer Resources Inc.</p>
</text>
<copyright>(c) Reuters Limited 1997</copyright>
<metadata>
<codes class="bip:countries:1.0">
  <code code="USA">
    <editdetail attribution="Reuters BIP Coding Group" action="confirmed" date="1997-05-06"/>
  </code>
</codes>
<codes class="bip:industries:1.0">
  <code code="I83940">
    <editdetail attribution="Reuters BIP Coding Group" action="confirmed" date="1997-05-06"/>
  </code>
</codes>
<codes class="bip:topics:1.0">
  <code code="C15">
    <editdetail attribution="Reuters BIP Coding Group" action="confirmed" date="1997-05-06"/>
  </code>
  <code code="C151">
    <editdetail attribution="Reuters BIP Coding Group" action="confirmed" date="1997-05-06"/>
  </code>
  <code code="CCAT">
    <editdetail attribution="Reuters BIP Coding Group" action="confirmed" date="1997-05-06"/>
  </code>
</codes>
<dc element="dc.date.created" value="1997-05-06"/>
<dc element="dc.publisher" value="Reuters Holdings Plc"/>
<dc element="dc.date.published" value="1997-05-06"/>
<dc element="dc.source" value="Reuters"/>
<dc element="dc.creator.location" value="HEBRON, Ky."/>
<dc element="dc.creator.location.country.name" value="USA"/>
<dc element="dc.source" value="Reuters"/>
</metadata>
</newsitem>
