<?xml version="1.0" encoding="iso-8859-1" ?>
<newsitem itemid="561963" id="root" date="1997-05-06" xml:lang="en">
<title>USA: Banyan Strategic Realty Trust Q1 FFO up.</title>
<headline>Banyan Strategic Realty Trust Q1 FFO up.</headline>
<dateline>CHICAGO 1997-05-06</dateline>
<text>
<p>1997			1996</p>
<p> FFO shr		    $0.10		    $0.09</p>
<p> Funds from oper	  1,078			986</p>
<p> Revs			 5,894		    5,177</p>
<p>(All Data Above 000s Except Per Share Numbers)</p>
<p>NOTE: Q1 1997 net income $408,789 or $0.04 a share vs $463,541 or $0.04 a share a year ago.</p>
<p>((Reuters Chicago Newsdesk (312) 408-8787))</p>
</text>
<copyright>(c) Reuters Limited 1997</copyright>
<metadata>
<codes class="bip:countries:1.0">
  <code code="USA">
    <editdetail attribution="Reuters BIP Coding Group" action="confirmed" date="1997-05-06"/>
  </code>
</codes>
<codes class="bip:topics:1.0">
  <code code="C15">
    <editdetail attribution="Reuters BIP Coding Group" action="confirmed" date="1997-05-06"/>
  </code>
  <code code="C151">
    <editdetail attribution="Reuters BIP Coding Group" action="confirmed" date="1997-05-06"/>
  </code>
  <code code="CCAT">
    <editdetail attribution="Reuters BIP Coding Group" action="confirmed" date="1997-05-06"/>
  </code>
</codes>
<dc element="dc.date.created" value="1997-05-06"/>
<dc element="dc.publisher" value="Reuters Holdings Plc"/>
<dc element="dc.date.published" value="1997-05-06"/>
<dc element="dc.source" value="Reuters"/>
<dc element="dc.creator.location" value="CHICAGO"/>
<dc element="dc.creator.location.country.name" value="USA"/>
<dc element="dc.source" value="Reuters"/>
</metadata>
</newsitem>
