<?xml version="1.0" encoding="iso-8859-1" ?>
<newsitem itemid="561948" id="root" date="1997-05-06" xml:lang="en">
<title>USA: Forest Labs Q4 March 31 net loss vs profit.</title>
<headline>Forest Labs Q4 March 31 net loss vs profit.</headline>
<dateline>NEW YORK 1997-05-06</dateline>
<text>
<p>FOREST LABORATORIES INC AND SUBSIDIARIES</p>
<p>		     Consolidated Statement of Operations</p>
<p>		   (In thousands, except per share amounts)</p>
<p>					 THREE MONTHS  FISCAL YEAR</p>
<p>					ENDED MARCH 31  ENDED MARCH 31</p>
<p>				1997	 1996     1997	  1996</p>
<p>Revenues:</p>
<p>   Net sales	    $59,643  $107,385 $280,745     $446,883</p>
<p>   Other income	   2,815     3,219  28,316 (A)    13,061</p>
<p>	Net revenues     62,458   110,604  309,061	459,944</p>
<p>Costs and expenses:</p>
<p>   Cost of goods sold  23,159    21,786   85,874	 90,485</p>
<p>Selling, general and</p>
<p>    administrative     54,534    44,655  221,497	172,887</p>
<p>Research and</p>
<p>    development	  13,574     7,356   40,689	 34,197</p>
<p>Income (loss) before</p>
<p>    taxes		(28,809)    36,807  (38,999)     162,375</p>
<p>Income taxes</p>
<p>	     (benefit) (10,142)    13,177  (15,458)	58,130</p>
<p>   Net income (loss) (18,667)    23,630 (23,541)(A)   104,245</p>
<p>Earnings (loss) per</p>
<p>common and common</p>
<p> equivalent share	(0.45)	0.50 (0.55)(A)	  2.22</p>
<p>Weighted average number</p>
<p>of Common and common</p>
<p>equivalent shares</p>
<p> outstanding	     41,176    47,590   43,009	 47,053</p>
<p>Certain amounts as previously reported have been reclassified to conform to current quarter classifications.</p>
<p>(A)  Included a non-recurring gain of $19,149 or $12,687 ($.29 per share) after taxes.</p>
</text>
<copyright>(c) Reuters Limited 1997</copyright>
<metadata>
<codes class="bip:countries:1.0">
  <code code="USA">
    <editdetail attribution="Reuters BIP Coding Group" action="confirmed" date="1997-05-06"/>
  </code>
</codes>
<codes class="bip:industries:1.0">
  <code code="I25700">
    <editdetail attribution="Reuters BIP Coding Group" action="confirmed" date="1997-05-06"/>
  </code>
</codes>
<codes class="bip:topics:1.0">
  <code code="C15">
    <editdetail attribution="Reuters BIP Coding Group" action="confirmed" date="1997-05-06"/>
  </code>
  <code code="C151">
    <editdetail attribution="Reuters BIP Coding Group" action="confirmed" date="1997-05-06"/>
  </code>
  <code code="C1511">
    <editdetail attribution="Reuters BIP Coding Group" action="confirmed" date="1997-05-06"/>
  </code>
  <code code="CCAT">
    <editdetail attribution="Reuters BIP Coding Group" action="confirmed" date="1997-05-06"/>
  </code>
</codes>
<dc element="dc.date.created" value="1997-05-06"/>
<dc element="dc.publisher" value="Reuters Holdings Plc"/>
<dc element="dc.date.published" value="1997-05-06"/>
<dc element="dc.source" value="Reuters"/>
<dc element="dc.creator.location" value="NEW YORK"/>
<dc element="dc.creator.location.country.name" value="USA"/>
<dc element="dc.source" value="Reuters"/>
</metadata>
</newsitem>
