<?xml version="1.0" encoding="iso-8859-1" ?>
<newsitem itemid="561922" id="root" date="1997-05-06" xml:lang="en">
<title>USA: Ion Laser makes $3 mln private placement.</title>
<headline>Ion Laser makes $3 mln private placement.</headline>
<dateline>SALT LAKE CITY 1997-05-06</dateline>
<text>
<p>Ion Laser Technology Inc said Tuesday it had signed a definitive agreement for a $3-million private placement with LCO Investments and the chairman of Ion Laser, bringing to 13.35 percent their stake in the company.</p>
<p>Ion Laser, which makes precision laser instruments, said the placement was an accretion to a $5-million investment made March 31, 1996, bringing the total shares placed with LCO and Chairman Richard Braddock to 708,572 shares, at an average share price of $10.16.</p>
</text>
<copyright>(c) Reuters Limited 1997</copyright>
<metadata>
<codes class="bip:countries:1.0">
  <code code="USA">
    <editdetail attribution="Reuters BIP Coding Group" action="confirmed" date="1997-05-06"/>
  </code>
</codes>
<codes class="bip:industries:1.0">
  <code code="I37000">
    <editdetail attribution="Reuters BIP Coding Group" action="confirmed" date="1997-05-06"/>
  </code>
</codes>
<codes class="bip:topics:1.0">
  <code code="C17">
    <editdetail attribution="Reuters BIP Coding Group" action="confirmed" date="1997-05-06"/>
  </code>
  <code code="C171">
    <editdetail attribution="Reuters BIP Coding Group" action="confirmed" date="1997-05-06"/>
  </code>
  <code code="CCAT">
    <editdetail attribution="Reuters BIP Coding Group" action="confirmed" date="1997-05-06"/>
  </code>
</codes>
<dc element="dc.date.created" value="1997-05-06"/>
<dc element="dc.publisher" value="Reuters Holdings Plc"/>
<dc element="dc.date.published" value="1997-05-06"/>
<dc element="dc.source" value="Reuters"/>
<dc element="dc.creator.location" value="SALT LAKE CITY"/>
<dc element="dc.creator.location.country.name" value="USA"/>
<dc element="dc.source" value="Reuters"/>
</metadata>
</newsitem>
