<?xml version="1.0" encoding="iso-8859-1" ?>
<newsitem itemid="561993" id="root" date="1997-05-06" xml:lang="en">
<title>USA: U.S. chain store sales up 0.6 pct - BTM/Schroders.</title>
<headline>U.S. chain store sales up 0.6 pct - BTM/Schroders.</headline>
<dateline>NEW YORK 1997-05-06</dateline>
<text>
<p>U.S. chain store sales rose 0.6 percent in the week ended May 3 from the prior week, according to the seasonally adjusted BTM/Schroders weekly chain store sales index.</p>
<p>The year-over-year percentage change of the adjusted index advanced 3.1 percent during the last reporting week. The month-to-date index fell 1.3 percent from the prior month.</p>
<p>&quot;Sales were generally on-to-above plan for most retailers for the week, yet the sales index remained below its 16-week rolling trend for the fourth week,&quot; the report said.  </p>
<p>The report, which is normally embargoed for 0900 EDT/1300 GMT, was again released early by other news agencies.</p>
<p>(( -- N.A. Treasury Desk, 212-859-1660 ))</p>
</text>
<copyright>(c) Reuters Limited 1997</copyright>
<metadata>
<codes class="bip:countries:1.0">
  <code code="USA">
    <editdetail attribution="Reuters BIP Coding Group" action="confirmed" date="1997-05-06"/>
  </code>
</codes>
<codes class="bip:industries:1.0">
  <code code="I65600">
    <editdetail attribution="Reuters BIP Coding Group" action="confirmed" date="1997-05-06"/>
  </code>
</codes>
<codes class="bip:topics:1.0">
  <code code="C31">
    <editdetail attribution="Reuters BIP Coding Group" action="confirmed" date="1997-05-06"/>
  </code>
  <code code="CCAT">
    <editdetail attribution="Reuters BIP Coding Group" action="confirmed" date="1997-05-06"/>
  </code>
  <code code="E14">
    <editdetail attribution="Reuters BIP Coding Group" action="confirmed" date="1997-05-06"/>
  </code>
  <code code="E143">
    <editdetail attribution="Reuters BIP Coding Group" action="confirmed" date="1997-05-06"/>
  </code>
  <code code="ECAT">
    <editdetail attribution="Reuters BIP Coding Group" action="confirmed" date="1997-05-06"/>
  </code>
</codes>
<dc element="dc.date.created" value="1997-05-06"/>
<dc element="dc.publisher" value="Reuters Holdings Plc"/>
<dc element="dc.date.published" value="1997-05-06"/>
<dc element="dc.source" value="Reuters"/>
<dc element="dc.creator.location" value="NEW YORK"/>
<dc element="dc.creator.location.country.name" value="USA"/>
<dc element="dc.source" value="Reuters"/>
</metadata>
</newsitem>
