<?xml version="1.0" encoding="iso-8859-1" ?>
<newsitem itemid="561949" id="root" date="1997-05-06" xml:lang="en">
<title>USA: Alexander Haagen Q1 diluted FFO/shr flat.</title>
<headline>Alexander Haagen Q1 diluted FFO/shr flat.</headline>
<dateline>MANHATTAN BEACH, Calif. 1997-05-06</dateline>
<text>
<p>Alexander Haagen Properties Inc</p>
<p>		Numbers in thousands, except per-share amounts</p>
<p>					   Three months ended March 31,</p>
<p>						     1997	     1996</p>
<p> Total revenues				22,183	   20,878</p>
<p>Non-recurring charge</p>
<p>  -- straight line rents			 --	    6,900</p>
<p> Loss from operations			 1,341	  (6,412)</p>
<p>Equity in income (loss)</p>
<p>  of management company			  --		 --</p>
<p>Minority interests</p>
<p>  -- operating partnership		  (332)		848</p>
<p> Net income (loss)				933	  (5,632)</p>
<p> Net income (loss) per share		 0.08	   (0.47)</p>
<p> Weighted average number of shares     12,024	   12,024</p>
<p> Funds from operations, primary	   5,494	    4,764</p>
<p>Funds from operations,</p>
<p>  fully diluted				 8,961	    8,232</p>
<p>Per share:</p>
<p>Funds from operations,</p>
<p>  primary (a)				    0.34	     0.34</p>
<p>Funds from operations,</p>
<p>  fully diluted (a) (b)			0.35	     0.35</p>
<p> Primary (a)				   16,311	   13,843</p>
<p> Fully diluted (a) (b)		     25,678	   23,210</p>
<p>(a)  Includes operating partnership units. (b)  Fully diluted information assumes conversion of the company's debentures.</p>
</text>
<copyright>(c) Reuters Limited 1997</copyright>
<metadata>
<codes class="bip:countries:1.0">
  <code code="USA">
    <editdetail attribution="Reuters BIP Coding Group" action="confirmed" date="1997-05-06"/>
  </code>
</codes>
<codes class="bip:industries:1.0">
  <code code="I81502">
    <editdetail attribution="Reuters BIP Coding Group" action="confirmed" date="1997-05-06"/>
  </code>
  <code code="I8150206">
    <editdetail attribution="Reuters BIP Coding Group" action="confirmed" date="1997-05-06"/>
  </code>
</codes>
<codes class="bip:topics:1.0">
  <code code="C15">
    <editdetail attribution="Reuters BIP Coding Group" action="confirmed" date="1997-05-06"/>
  </code>
  <code code="C151">
    <editdetail attribution="Reuters BIP Coding Group" action="confirmed" date="1997-05-06"/>
  </code>
  <code code="CCAT">
    <editdetail attribution="Reuters BIP Coding Group" action="confirmed" date="1997-05-06"/>
  </code>
</codes>
<dc element="dc.date.created" value="1997-05-06"/>
<dc element="dc.publisher" value="Reuters Holdings Plc"/>
<dc element="dc.date.published" value="1997-05-06"/>
<dc element="dc.source" value="Reuters"/>
<dc element="dc.creator.location" value="MANHATTAN BEACH, Calif."/>
<dc element="dc.creator.location.country.name" value="USA"/>
<dc element="dc.source" value="Reuters"/>
</metadata>
</newsitem>
