<?xml version="1.0" encoding="iso-8859-1" ?>
<newsitem itemid="562008" id="root" date="1997-05-06" xml:lang="en">
<title>USA: XATA to repurchase common stock.</title>
<headline>XATA to repurchase common stock.</headline>
<dateline>MINNEAPOLIS 1997-05-06</dateline>
<text>
<p>XATA Corp said Tuesday its board authorized the company to repurchase up to $1.0 million in common stock from time to time in the open market or through privately negotiated transactions.</p>
<p>Repurchased shares will be added to the company's treasury shares. They will be used to offset the dilutive effects of shares issued in connection with certain employment agreements and for the company's compensation and benefit plans.  </p>
<p>Dennis Johnson, president, said XATA believes its shares are undervalued and represent an attractive investment opportunity at current price levels. XATA shares closed Monday at four.</p>
<p>As of March 31, XATA had about 4.5 million shares outstanding.</p>
<p>XATA supplies logistics systems and solutions to the transportation and distribution segments of the fleet trucking industry.</p>
<p>((Reuters Chicago Newsdesk (312) 408-8787))</p>
</text>
<copyright>(c) Reuters Limited 1997</copyright>
<metadata>
<codes class="bip:countries:1.0">
  <code code="USA">
    <editdetail attribution="Reuters BIP Coding Group" action="confirmed" date="1997-05-06"/>
  </code>
</codes>
<codes class="bip:industries:1.0">
  <code code="I33020">
    <editdetail attribution="Reuters BIP Coding Group" action="confirmed" date="1997-05-06"/>
  </code>
  <code code="I3302017">
    <editdetail attribution="Reuters BIP Coding Group" action="confirmed" date="1997-05-06"/>
  </code>
</codes>
<codes class="bip:topics:1.0">
  <code code="C17">
    <editdetail attribution="Reuters BIP Coding Group" action="confirmed" date="1997-05-06"/>
  </code>
  <code code="C171">
    <editdetail attribution="Reuters BIP Coding Group" action="confirmed" date="1997-05-06"/>
  </code>
  <code code="C18">
    <editdetail attribution="Reuters BIP Coding Group" action="confirmed" date="1997-05-06"/>
  </code>
  <code code="C181">
    <editdetail attribution="Reuters BIP Coding Group" action="confirmed" date="1997-05-06"/>
  </code>
  <code code="CCAT">
    <editdetail attribution="Reuters BIP Coding Group" action="confirmed" date="1997-05-06"/>
  </code>
</codes>
<dc element="dc.date.created" value="1997-05-06"/>
<dc element="dc.publisher" value="Reuters Holdings Plc"/>
<dc element="dc.date.published" value="1997-05-06"/>
<dc element="dc.source" value="Reuters"/>
<dc element="dc.creator.location" value="MINNEAPOLIS"/>
<dc element="dc.creator.location.country.name" value="USA"/>
<dc element="dc.source" value="Reuters"/>
</metadata>
</newsitem>
