<?xml version="1.0" encoding="iso-8859-1" ?>
<newsitem itemid="562024" id="root" date="1997-05-06" xml:lang="en">
<title>USA: Bull &amp; Bear Global monthly dividend $0.05.</title>
<headline>Bull &amp; Bear Global monthly dividend $0.05.</headline>
<dateline>NEW YORK 1997-05-06</dateline>
<text>
<p>Monthly</p>
<p>			  Latest		   Prior</p>
<p> Amount		  $0.05		   $0.05</p>
<p> Pay		    May 30</p>
<p> Record		 May 16</p>
<p>NOTE: Full name of company is Bull &amp; Bear Global Income Fund Inc.</p>
</text>
<copyright>(c) Reuters Limited 1997</copyright>
<metadata>
<codes class="bip:countries:1.0">
  <code code="USA">
    <editdetail attribution="Reuters BIP Coding Group" action="confirmed" date="1997-05-06"/>
  </code>
</codes>
<codes class="bip:topics:1.0">
  <code code="C15">
    <editdetail attribution="Reuters BIP Coding Group" action="confirmed" date="1997-05-06"/>
  </code>
  <code code="C151">
    <editdetail attribution="Reuters BIP Coding Group" action="confirmed" date="1997-05-06"/>
  </code>
  <code code="CCAT">
    <editdetail attribution="Reuters BIP Coding Group" action="confirmed" date="1997-05-06"/>
  </code>
</codes>
<dc element="dc.date.created" value="1997-05-06"/>
<dc element="dc.publisher" value="Reuters Holdings Plc"/>
<dc element="dc.date.published" value="1997-05-06"/>
<dc element="dc.source" value="Reuters"/>
<dc element="dc.creator.location" value="NEW YORK"/>
<dc element="dc.creator.location.country.name" value="USA"/>
<dc element="dc.source" value="Reuters"/>
</metadata>
</newsitem>
