<?xml version="1.0" encoding="iso-8859-1" ?>
<newsitem itemid="568371" id="root" date="1997-05-08" xml:lang="en">
<title>USA: Gateway ships high-speed modems with x2.</title>
<headline>Gateway ships high-speed modems with x2.</headline>
<dateline>NORTH SIOUX CITY, S.D. 1997-05-08</dateline>
<text>
<p>Gateway 2000 Inc, a direct marketer of personal computers, said Thursday it is shipping systems with high-speed modems based on U.S. Robotics Corps's x2 technology.</p>
<p>Gateway said it began shipping its TelePath Fax Modem for Windows, with x2, on Monday.</p>
<p>The x2 technology allows for connections to the Internet and other x2 systems at speeds up to 56 kilobits per second, roughly twice as fast as today's widely used desktop modems.</p>
<p>((--Chicago newsdesk, 312-408-8787))</p>
</text>
<copyright>(c) Reuters Limited 1997</copyright>
<metadata>
<codes class="bip:countries:1.0">
  <code code="USA">
    <editdetail attribution="Reuters BIP Coding Group" action="confirmed" date="1997-05-08"/>
  </code>
</codes>
<codes class="bip:industries:1.0">
  <code code="I33020">
    <editdetail attribution="Reuters BIP Coding Group" action="confirmed" date="1997-05-08"/>
  </code>
  <code code="I34410">
    <editdetail attribution="Reuters BIP Coding Group" action="confirmed" date="1997-05-08"/>
  </code>
</codes>
<codes class="bip:topics:1.0">
  <code code="C22">
    <editdetail attribution="Reuters BIP Coding Group" action="confirmed" date="1997-05-08"/>
  </code>
  <code code="CCAT">
    <editdetail attribution="Reuters BIP Coding Group" action="confirmed" date="1997-05-08"/>
  </code>
</codes>
<dc element="dc.date.created" value="1997-05-08"/>
<dc element="dc.publisher" value="Reuters Holdings Plc"/>
<dc element="dc.date.published" value="1997-05-08"/>
<dc element="dc.source" value="Reuters"/>
<dc element="dc.creator.location" value="NORTH SIOUX CITY, S.D."/>
<dc element="dc.creator.location.country.name" value="USA"/>
<dc element="dc.source" value="Reuters"/>
</metadata>
</newsitem>
