<?xml version="1.0" encoding="iso-8859-1" ?>
<newsitem itemid="568358" id="root" date="1997-05-08" xml:lang="en">
<title>USA: Mississippi River shut near Memphis by plant fire.</title>
<headline>Mississippi River shut near Memphis by plant fire.</headline>
<dateline>HOUSTON 1997-05-08</dateline>
<text>
<p>Shipping was halted along a 20-mile section of the Mississippi River south of Memphis on Thursday after a plant fire nearby spewed a cloud of toxic chemicals over the area, a U.S. Coast Guard spokesman said.</p>
<p>The river was closed between mileposts 650 and 670, delaying two northbound and five southbound tows on a relatively shallow stretch of river used by barges and tows, Coast Guard Lt. Eric Bauer said.</p>
<p>&quot;We'll follow the advice (of the U.S. Environmental Protection Agency) on when to open it back up,&quot; he said.</p>
<p>The explosion flattened part of a chemical plant in West Helena, Ark., and a fire sent thick black smoke into the sky laden with azinphos-methyl, an insecticide that attacks the central nervous system.</p>
<p>((-- Houston Bureau ((1+ 713 210-8508))</p>
</text>
<copyright>(c) Reuters Limited 1997</copyright>
<metadata>
<codes class="bip:countries:1.0">
  <code code="USA">
    <editdetail attribution="Reuters BIP Coding Group" action="confirmed" date="1997-05-08"/>
  </code>
</codes>
<codes class="bip:industries:1.0">
  <code code="I72603">
    <editdetail attribution="Reuters BIP Coding Group" action="confirmed" date="1997-05-08"/>
  </code>
</codes>
<codes class="bip:topics:1.0">
  <code code="C24">
    <editdetail attribution="Reuters BIP Coding Group" action="confirmed" date="1997-05-08"/>
  </code>
  <code code="CCAT">
    <editdetail attribution="Reuters BIP Coding Group" action="confirmed" date="1997-05-08"/>
  </code>
  <code code="GCAT">
    <editdetail attribution="Reuters BIP Coding Group" action="confirmed" date="1997-05-08"/>
  </code>
  <code code="GDIS">
    <editdetail attribution="Reuters BIP Coding Group" action="confirmed" date="1997-05-08"/>
  </code>
</codes>
<dc element="dc.date.created" value="1997-05-08"/>
<dc element="dc.publisher" value="Reuters Holdings Plc"/>
<dc element="dc.date.published" value="1997-05-08"/>
<dc element="dc.source" value="Reuters"/>
<dc element="dc.creator.location" value="HOUSTON"/>
<dc element="dc.creator.location.country.name" value="USA"/>
<dc element="dc.source" value="Reuters"/>
</metadata>
</newsitem>
