<?xml version="1.0" encoding="iso-8859-1" ?>
<newsitem itemid="568376" id="root" date="1997-05-08" xml:lang="en">
<title>USA: Just Toys Inc Q1 loss narrows.</title>
<headline>Just Toys Inc Q1 loss narrows.</headline>
<dateline>NEW YORK 1997-05-08</dateline>
<text>
<p>Condensed Statement of Operations</p>
<p>(all figures in thousands, except per share information)</p>
<p>						    Three months ended</p>
<p>						   1997	     1996</p>
<p>							 (Unaudited)</p>
<p> Net sales				    4,458	    4,174</p>
<p> Net income (loss)			  (399)	    (495)</p>
<p>Net income (loss) attributable</p>
<p>   to common stockholders		(0.11)	   (0.12)</p>
<p> Number of shares outstanding	   4,150	    4,150</p>
<p>-- New York Newsdesk 212 859-1610</p>
</text>
<copyright>(c) Reuters Limited 1997</copyright>
<metadata>
<codes class="bip:countries:1.0">
  <code code="USA">
    <editdetail attribution="Reuters BIP Coding Group" action="confirmed" date="1997-05-08"/>
  </code>
</codes>
<codes class="bip:industries:1.0">
  <code code="I49410">
    <editdetail attribution="Reuters BIP Coding Group" action="confirmed" date="1997-05-08"/>
  </code>
</codes>
<codes class="bip:topics:1.0">
  <code code="C15">
    <editdetail attribution="Reuters BIP Coding Group" action="confirmed" date="1997-05-08"/>
  </code>
  <code code="C151">
    <editdetail attribution="Reuters BIP Coding Group" action="confirmed" date="1997-05-08"/>
  </code>
  <code code="CCAT">
    <editdetail attribution="Reuters BIP Coding Group" action="confirmed" date="1997-05-08"/>
  </code>
</codes>
<dc element="dc.date.created" value="1997-05-08"/>
<dc element="dc.publisher" value="Reuters Holdings Plc"/>
<dc element="dc.date.published" value="1997-05-08"/>
<dc element="dc.source" value="Reuters"/>
<dc element="dc.creator.location" value="NEW YORK"/>
<dc element="dc.creator.location.country.name" value="USA"/>
<dc element="dc.source" value="Reuters"/>
</metadata>
</newsitem>
