<?xml version="1.0" encoding="iso-8859-1" ?>
<newsitem itemid="568359" id="root" date="1997-05-08" xml:lang="en">
<title>USA: Super Vision Q1 net increases.</title>
<headline>Super Vision Q1 net increases.</headline>
<dateline>ORLANDO, Fla. 1997-05-08</dateline>
<text>
<p>Quarter Ended</p>
<p>						   March 31,</p>
<p>					   1997			 1996</p>
<p> Revenues			$2,203,871		  $1,368,989</p>
<p> Loss on disposal of assets	 ---			 (313)</p>
<p> Net Income			 148,663			93,493</p>
<p> Income per Common Share	   0.07			  0.05</p>
<p>Weighted Average Share of</p>
<p>Common Stock Outstanding:</p>
<p>   Primary			2,012,483		   1,886,100</p>
<p>NOTE:  Full name of company is Super Vision International Inc.</p>
</text>
<copyright>(c) Reuters Limited 1997</copyright>
<metadata>
<codes class="bip:countries:1.0">
  <code code="USA">
    <editdetail attribution="Reuters BIP Coding Group" action="confirmed" date="1997-05-08"/>
  </code>
</codes>
<codes class="bip:industries:1.0">
  <code code="I34100">
    <editdetail attribution="Reuters BIP Coding Group" action="confirmed" date="1997-05-08"/>
  </code>
</codes>
<codes class="bip:topics:1.0">
  <code code="C15">
    <editdetail attribution="Reuters BIP Coding Group" action="confirmed" date="1997-05-08"/>
  </code>
  <code code="C151">
    <editdetail attribution="Reuters BIP Coding Group" action="confirmed" date="1997-05-08"/>
  </code>
  <code code="CCAT">
    <editdetail attribution="Reuters BIP Coding Group" action="confirmed" date="1997-05-08"/>
  </code>
</codes>
<dc element="dc.date.created" value="1997-05-08"/>
<dc element="dc.publisher" value="Reuters Holdings Plc"/>
<dc element="dc.date.published" value="1997-05-08"/>
<dc element="dc.source" value="Reuters"/>
<dc element="dc.creator.location" value="ORLANDO, Fla."/>
<dc element="dc.creator.location.country.name" value="USA"/>
<dc element="dc.source" value="Reuters"/>
</metadata>
</newsitem>
