<?xml version="1.0" encoding="iso-8859-1" ?>
<newsitem itemid="568381" id="root" date="1997-05-08" xml:lang="en">
<title>USA: Total Control Products Inc Q4 net up.</title>
<headline>Total Control Products Inc Q4 net up.</headline>
<dateline>MELROSE PARK, Ill. 1997-05-08</dateline>
<text>
<p>Amounts in thousands, except per share data and shares</p>
<p>					For the quarter ended March 31,</p>
<p>					   1997			 1996</p>
<p> Net sales			   $12,007		     $8,098</p>
<p> Income from operations	    1,149			  536</p>
<p> Income before minority interest   534			  255</p>
<p> Net income				535			  255</p>
<p> Net income per share		 0.08			 0.04</p>
<p>				  For the fiscal year ended March 31,</p>
<p>					1997			    1996</p>
<p> Net sales		     $40,821			  $25,743</p>
<p>Income (loss) from</p>
<p>   operations		  (1,816)			    1,831</p>
<p>Income (loss) before</p>
<p>   minority interest	 (3,417)				997</p>
<p>Minority interest in loss</p>
<p>   of subsidiary		 1,853				---</p>
<p> Net income (loss)	   (1,564)				997</p>
<p>Accretion to redemption</p>
<p>   value of common stock   (9,061)			  (1,606)</p>
<p>Net loss available to</p>
<p>   common shareholders    (10,625)			    (609)</p>
<p> Net loss per share	   (1.83)			   (0.11)</p>
<p>	     -- Reuter Chicago Newsdesk 312-408-8787</p>
</text>
<copyright>(c) Reuters Limited 1997</copyright>
<metadata>
<codes class="bip:countries:1.0">
  <code code="USA">
    <editdetail attribution="Reuters BIP Coding Group" action="confirmed" date="1997-05-08"/>
  </code>
</codes>
<codes class="bip:industries:1.0">
  <code code="I34420">
    <editdetail attribution="Reuters BIP Coding Group" action="confirmed" date="1997-05-08"/>
  </code>
</codes>
<codes class="bip:topics:1.0">
  <code code="C15">
    <editdetail attribution="Reuters BIP Coding Group" action="confirmed" date="1997-05-08"/>
  </code>
  <code code="C151">
    <editdetail attribution="Reuters BIP Coding Group" action="confirmed" date="1997-05-08"/>
  </code>
  <code code="C1511">
    <editdetail attribution="Reuters BIP Coding Group" action="confirmed" date="1997-05-08"/>
  </code>
  <code code="CCAT">
    <editdetail attribution="Reuters BIP Coding Group" action="confirmed" date="1997-05-08"/>
  </code>
</codes>
<dc element="dc.date.created" value="1997-05-08"/>
<dc element="dc.publisher" value="Reuters Holdings Plc"/>
<dc element="dc.date.published" value="1997-05-08"/>
<dc element="dc.source" value="Reuters"/>
<dc element="dc.creator.location" value="MELROSE PARK, Ill."/>
<dc element="dc.creator.location.country.name" value="USA"/>
<dc element="dc.source" value="Reuters"/>
</metadata>
</newsitem>
