<?xml version="1.0" encoding="iso-8859-1" ?>
<newsitem itemid="568363" id="root" date="1997-05-08" xml:lang="en">
<title>USA: Legal Research Center Inc Q1 loss widens.</title>
<headline>Legal Research Center Inc Q1 loss widens.</headline>
<dateline>MINNEAPOLIS 1997-05-08</dateline>
<text>
<p>Three Months</p>
<p>						    Ended March 31,</p>
<p>						  1997	    1996</p>
<p> Revenues				  $550,755	$441,782</p>
<p> Operating loss			 (456,669)     (227,597)</p>
<p> Net loss				 (446,897)     (229,268)</p>
<p> Net loss per share			(0.20)	  (0.11)</p>
<p>Weighted average common shares</p>
<p> outstanding			    2,257,633     2,135,833</p>
<p>((Chicago newsdesk, 312-408-8787))</p>
</text>
<copyright>(c) Reuters Limited 1997</copyright>
<metadata>
<codes class="bip:countries:1.0">
  <code code="USA">
    <editdetail attribution="Reuters BIP Coding Group" action="confirmed" date="1997-05-08"/>
  </code>
</codes>
<codes class="bip:industries:1.0">
  <code code="I83500">
    <editdetail attribution="Reuters BIP Coding Group" action="confirmed" date="1997-05-08"/>
  </code>
</codes>
<codes class="bip:topics:1.0">
  <code code="C15">
    <editdetail attribution="Reuters BIP Coding Group" action="confirmed" date="1997-05-08"/>
  </code>
  <code code="C151">
    <editdetail attribution="Reuters BIP Coding Group" action="confirmed" date="1997-05-08"/>
  </code>
  <code code="CCAT">
    <editdetail attribution="Reuters BIP Coding Group" action="confirmed" date="1997-05-08"/>
  </code>
</codes>
<dc element="dc.date.created" value="1997-05-08"/>
<dc element="dc.publisher" value="Reuters Holdings Plc"/>
<dc element="dc.date.published" value="1997-05-08"/>
<dc element="dc.source" value="Reuters"/>
<dc element="dc.creator.location" value="MINNEAPOLIS"/>
<dc element="dc.creator.location.country.name" value="USA"/>
<dc element="dc.source" value="Reuters"/>
</metadata>
</newsitem>
