<?xml version="1.0" encoding="iso-8859-1" ?>
<newsitem itemid="568401" id="root" date="1997-05-08" xml:lang="en">
<title>USA: Cass Commercial Corp Q1 shr down.</title>
<headline>Cass Commercial Corp Q1 shr down.</headline>
<dateline>ST LOUIS 1997-05-08</dateline>
<text>
<p>1997			1996</p>
<p> Shr		 $0.36		    $0.38</p>
<p> Net		 1,423		    1,475</p>
<p>(All data above 000s except per share numbers) NOTE: The company recorded average assets of $425,543,000 in Q1 1997 vs. $403,241,000 for the 1996 period.</p>
</text>
<copyright>(c) Reuters Limited 1997</copyright>
<metadata>
<codes class="bip:countries:1.0">
  <code code="USA">
    <editdetail attribution="Reuters BIP Coding Group" action="confirmed" date="1997-05-08"/>
  </code>
</codes>
<codes class="bip:topics:1.0">
  <code code="C15">
    <editdetail attribution="Reuters BIP Coding Group" action="confirmed" date="1997-05-08"/>
  </code>
  <code code="C151">
    <editdetail attribution="Reuters BIP Coding Group" action="confirmed" date="1997-05-08"/>
  </code>
  <code code="CCAT">
    <editdetail attribution="Reuters BIP Coding Group" action="confirmed" date="1997-05-08"/>
  </code>
</codes>
<dc element="dc.date.created" value="1997-05-08"/>
<dc element="dc.publisher" value="Reuters Holdings Plc"/>
<dc element="dc.date.published" value="1997-05-08"/>
<dc element="dc.source" value="Reuters"/>
<dc element="dc.creator.location" value="ST LOUIS"/>
<dc element="dc.creator.location.country.name" value="USA"/>
<dc element="dc.source" value="Reuters"/>
</metadata>
</newsitem>
