<?xml version="1.0" encoding="iso-8859-1" ?>
<newsitem itemid="568450" id="root" date="1997-05-08" xml:lang="en">
<title>USA: Atrion sees $17 mln Q2 gain on nat/gas sale.</title>
<headline>Atrion sees $17 mln Q2 gain on nat/gas sale.</headline>
<dateline>MUSCLE SHOALS, Ala. 1997-05-08</dateline>
<text>
<p>Atrion Corp said Thursday that the proposed sale of its natural gas operations is expected to result in gain of about $17 million in the second quarter of 1997.</p>
<p>As previously announced, Atrion said it would sell its natural gas pipeline and marketing subsidiaries to Midcoast Energy Resources Inc for about $39.4 million in cash as part of its strategy to leave the natural gas business and enter the higher-growth medical products business.</p>
<p>The company estimates that, as a result of the $17 million gain, its book value per share following the sale, which is still subject to shareholder approval, will increase to about $16 a share, from $11 per share.</p>
<p>Atrion said its medical products business, which will comprise most of its operations after the gas business is sold, achieved significantly higher revenues and earnings in the first quarter of 1997.</p>
<p>Revenues from these  operations rose 157 percent to $7.9 million for the first quarter of 1997 compared with $3.1 million in the year-earlier period.</p>
<p>Net income rose to $480,000 or $0.15 per share, compared with $325,000 or $0.10 per share in the first quarter of 1996.</p>
</text>
<copyright>(c) Reuters Limited 1997</copyright>
<metadata>
<codes class="bip:countries:1.0">
  <code code="USA">
    <editdetail attribution="Reuters BIP Coding Group" action="confirmed" date="1997-05-08"/>
  </code>
</codes>
<codes class="bip:industries:1.0">
  <code code="I13000">
    <editdetail attribution="Reuters BIP Coding Group" action="confirmed" date="1997-05-08"/>
  </code>
</codes>
<codes class="bip:topics:1.0">
  <code code="C15">
    <editdetail attribution="Reuters BIP Coding Group" action="confirmed" date="1997-05-08"/>
  </code>
  <code code="C152">
    <editdetail attribution="Reuters BIP Coding Group" action="confirmed" date="1997-05-08"/>
  </code>
  <code code="C18">
    <editdetail attribution="Reuters BIP Coding Group" action="confirmed" date="1997-05-08"/>
  </code>
  <code code="C181">
    <editdetail attribution="Reuters BIP Coding Group" action="confirmed" date="1997-05-08"/>
  </code>
  <code code="CCAT">
    <editdetail attribution="Reuters BIP Coding Group" action="confirmed" date="1997-05-08"/>
  </code>
</codes>
<dc element="dc.date.created" value="1997-05-08"/>
<dc element="dc.publisher" value="Reuters Holdings Plc"/>
<dc element="dc.date.published" value="1997-05-08"/>
<dc element="dc.source" value="Reuters"/>
<dc element="dc.creator.location" value="MUSCLE SHOALS, Ala."/>
<dc element="dc.creator.location.country.name" value="USA"/>
<dc element="dc.source" value="Reuters"/>
</metadata>
</newsitem>
