<?xml version="1.0" encoding="iso-8859-1" ?>
<newsitem itemid="568469" id="root" date="1997-05-08" xml:lang="en">
<title>USA: AM-PAC says ends talks for LeisureShare and Sabo.</title>
<headline>AM-PAC says ends talks for LeisureShare and Sabo.</headline>
<dateline>HOUSTON 1997-05-08</dateline>
<text>
<p>AM-PAC International Inc said Thursday it has ended all phases of negotiations for the acquisition of LeisureShare International PLC and Sabo Management Group Ltd .</p>
<p>The company said both company's financial statements were not formatted to allow it to conform to US SEC accounting regulations. The company said it did not feel it could complete these acquisitions without potential damage to shareholder value.</p>
<p>The company said it continues to expand its core business of Captain Tony's Pizza restaurants, and cited its recent press release announcing the new developmental franchise agreement for Salt Lake City as an example.</p>
<p>The company said it plans to expand its franchise program in the United States with a marketing campaign this summer.</p>
<p>AM-PAC International Inc is a holding company focused on international food, beverage and leisure opportunities.</p>
</text>
<copyright>(c) Reuters Limited 1997</copyright>
<metadata>
<codes class="bip:countries:1.0">
  <code code="UK">
    <editdetail attribution="Reuters BIP Coding Group" action="confirmed" date="1997-05-08"/>
  </code>
  <code code="USA">
    <editdetail attribution="Reuters BIP Coding Group" action="confirmed" date="1997-05-08"/>
  </code>
</codes>
<codes class="bip:topics:1.0">
  <code code="C18">
    <editdetail attribution="Reuters BIP Coding Group" action="confirmed" date="1997-05-08"/>
  </code>
  <code code="C181">
    <editdetail attribution="Reuters BIP Coding Group" action="confirmed" date="1997-05-08"/>
  </code>
  <code code="CCAT">
    <editdetail attribution="Reuters BIP Coding Group" action="confirmed" date="1997-05-08"/>
  </code>
</codes>
<dc element="dc.date.created" value="1997-05-08"/>
<dc element="dc.publisher" value="Reuters Holdings Plc"/>
<dc element="dc.date.published" value="1997-05-08"/>
<dc element="dc.source" value="Reuters"/>
<dc element="dc.creator.location" value="HOUSTON"/>
<dc element="dc.creator.location.country.name" value="USA"/>
<dc element="dc.source" value="Reuters"/>
</metadata>
</newsitem>
