<?xml version="1.0" encoding="iso-8859-1" ?>
<newsitem itemid="568451" id="root" date="1997-05-08" xml:lang="en">
<title>USA: Tiffany &amp; Co says to open Cincinnati store.</title>
<headline>Tiffany &amp; Co says to open Cincinnati store.</headline>
<dateline>NEW YORK 1997-05-08</dateline>
<text>
<p>Tiffany &amp; Co said Thursday it plans to open a new store in Cincinnati, Ohio in November, 1997.</p>
<p>The 7,500 square-foot Cincinnati store, located at the Fountain Place retail complex, will mark Tiffany &amp; Co.'s first retail presence in Ohio.</p>
</text>
<copyright>(c) Reuters Limited 1997</copyright>
<metadata>
<codes class="bip:countries:1.0">
  <code code="USA">
    <editdetail attribution="Reuters BIP Coding Group" action="confirmed" date="1997-05-08"/>
  </code>
</codes>
<codes class="bip:industries:1.0">
  <code code="I65400">
    <editdetail attribution="Reuters BIP Coding Group" action="confirmed" date="1997-05-08"/>
  </code>
</codes>
<codes class="bip:topics:1.0">
  <code code="C24">
    <editdetail attribution="Reuters BIP Coding Group" action="confirmed" date="1997-05-08"/>
  </code>
  <code code="CCAT">
    <editdetail attribution="Reuters BIP Coding Group" action="confirmed" date="1997-05-08"/>
  </code>
</codes>
<dc element="dc.date.created" value="1997-05-08"/>
<dc element="dc.publisher" value="Reuters Holdings Plc"/>
<dc element="dc.date.published" value="1997-05-08"/>
<dc element="dc.source" value="Reuters"/>
<dc element="dc.creator.location" value="NEW YORK"/>
<dc element="dc.creator.location.country.name" value="USA"/>
<dc element="dc.source" value="Reuters"/>
</metadata>
</newsitem>
