<?xml version="1.0" encoding="iso-8859-1" ?>
<newsitem itemid="568448" id="root" date="1997-05-08" xml:lang="en">
<title>USA: Century buys stake in Wireless 2000.</title>
<headline>Century buys stake in Wireless 2000.</headline>
<dateline>MONROE, La. 1997-05-08</dateline>
<text>
<p>Century Telephone Enterprises Inc said Thursday it has acquired a 19.5 percent interest in Wireless 2000 Inc for an undisclosed amount.</p>
<p>As part of the pact, the company said it has conditional rights to buy additional ownership in Wireless 2000.</p>
<p>Century also agreed to build and operate Personal Communications Services (PCS) networks for Wireless 2000 in the Alexandria, Monroe and Lake Charles, La., areas.  </p>
<p>Century said it expects to begin limited PCS services in the fourth quarter of 1997.</p>
<p>Wireless 2000, a private company, based in Marksville, La., won 30MHz of spectrum in each of these markets in the U.S. Federal Communications Commission &quot;C Block&quot; auction licenses.</p>
</text>
<copyright>(c) Reuters Limited 1997</copyright>
<metadata>
<codes class="bip:countries:1.0">
  <code code="USA">
    <editdetail attribution="Reuters BIP Coding Group" action="confirmed" date="1997-05-08"/>
  </code>
</codes>
<codes class="bip:industries:1.0">
  <code code="I79020">
    <editdetail attribution="Reuters BIP Coding Group" action="confirmed" date="1997-05-08"/>
  </code>
</codes>
<codes class="bip:topics:1.0">
  <code code="C18">
    <editdetail attribution="Reuters BIP Coding Group" action="confirmed" date="1997-05-08"/>
  </code>
  <code code="C181">
    <editdetail attribution="Reuters BIP Coding Group" action="confirmed" date="1997-05-08"/>
  </code>
  <code code="CCAT">
    <editdetail attribution="Reuters BIP Coding Group" action="confirmed" date="1997-05-08"/>
  </code>
</codes>
<dc element="dc.date.created" value="1997-05-08"/>
<dc element="dc.publisher" value="Reuters Holdings Plc"/>
<dc element="dc.date.published" value="1997-05-08"/>
<dc element="dc.source" value="Reuters"/>
<dc element="dc.creator.location" value="MONROE, La."/>
<dc element="dc.creator.location.country.name" value="USA"/>
<dc element="dc.source" value="Reuters"/>
</metadata>
</newsitem>
