<?xml version="1.0" encoding="iso-8859-1" ?>
<newsitem itemid="568436" id="root" date="1997-05-08" xml:lang="en">
<title>USA: Salomon Inc issues $500 mln five-year debt.</title>
<headline>Salomon Inc issues $500 mln five-year debt.</headline>
<dateline>NEW YORK 1997-05-08</dateline>
<text>
<p>The following debt issue from Salomon Inc was priced on Thursday, according to lead manager Salomon Brothers.</p>
<p>BORROWER SALOMON INC</p>
<p>AMT $500 MLN	 COUPON 7.30 PCT   MATURITY 5/15/2002</p>
<p>TYPE NOTES	   ISS PRICE 99.888  FIRST PAY DATE 11/15/97</p>
<p>LAST MOODY'S Baa1  YIELD 7.327 PCT   PAY FREQ SEMI-ANNUAL</p>
<p>LAST S&amp;P BBB	 SPREAD 74 BP	CALLABLE NO</p>
<p>((--U.S. Corporate Bond Unit, 212 859-1672))</p>
</text>
<copyright>(c) Reuters Limited 1997</copyright>
<metadata>
<codes class="bip:countries:1.0">
  <code code="USA">
    <editdetail attribution="Reuters BIP Coding Group" action="confirmed" date="1997-05-08"/>
  </code>
</codes>
<codes class="bip:industries:1.0">
  <code code="I83100">
    <editdetail attribution="Reuters BIP Coding Group" action="confirmed" date="1997-05-08"/>
  </code>
</codes>
<codes class="bip:topics:1.0">
  <code code="C17">
    <editdetail attribution="Reuters BIP Coding Group" action="confirmed" date="1997-05-08"/>
  </code>
  <code code="C172">
    <editdetail attribution="Reuters BIP Coding Group" action="confirmed" date="1997-05-08"/>
  </code>
  <code code="CCAT">
    <editdetail attribution="Reuters BIP Coding Group" action="confirmed" date="1997-05-08"/>
  </code>
</codes>
<dc element="dc.date.created" value="1997-05-08"/>
<dc element="dc.publisher" value="Reuters Holdings Plc"/>
<dc element="dc.date.published" value="1997-05-08"/>
<dc element="dc.source" value="Reuters"/>
<dc element="dc.creator.location" value="NEW YORK"/>
<dc element="dc.creator.location.country.name" value="USA"/>
<dc element="dc.source" value="Reuters"/>
</metadata>
</newsitem>
