<?xml version="1.0" encoding="iso-8859-1" ?>
<newsitem itemid="568574" id="root" date="1997-05-08" xml:lang="en">
<title>USA: Pulaski Furniture Corp Q2 net rises.</title>
<headline>Pulaski Furniture Corp Q2 net rises.</headline>
<dateline>PULASKI, Va. 1997-05-08</dateline>
<text>
<p>12 WEEKS ENDED  24 WEEKS ENDED</p>
<p>				  4/20/97  4/14/96  4/20/97   4/14/96</p>
<p>						    (thousands)</p>
<p> Net sales		    $35,322  $39,905  $70,744   $76,490</p>
<p>Income before income taxes</p>
<p>				    1,333    1,073    2,372     2,428</p>
<p> Net income			 852	724    1,516     1,638</p>
<p> Earnings per share	    0.30     0.25     0.53	0.57</p>
</text>
<copyright>(c) Reuters Limited 1997</copyright>
<metadata>
<codes class="bip:countries:1.0">
  <code code="USA">
    <editdetail attribution="Reuters BIP Coding Group" action="confirmed" date="1997-05-08"/>
  </code>
</codes>
<codes class="bip:industries:1.0">
  <code code="I46700">
    <editdetail attribution="Reuters BIP Coding Group" action="confirmed" date="1997-05-08"/>
  </code>
</codes>
<codes class="bip:topics:1.0">
  <code code="C15">
    <editdetail attribution="Reuters BIP Coding Group" action="confirmed" date="1997-05-08"/>
  </code>
  <code code="C151">
    <editdetail attribution="Reuters BIP Coding Group" action="confirmed" date="1997-05-08"/>
  </code>
  <code code="CCAT">
    <editdetail attribution="Reuters BIP Coding Group" action="confirmed" date="1997-05-08"/>
  </code>
</codes>
<dc element="dc.date.created" value="1997-05-08"/>
<dc element="dc.publisher" value="Reuters Holdings Plc"/>
<dc element="dc.date.published" value="1997-05-08"/>
<dc element="dc.source" value="Reuters"/>
<dc element="dc.creator.location" value="PULASKI, Va."/>
<dc element="dc.creator.location.country.name" value="USA"/>
<dc element="dc.source" value="Reuters"/>
</metadata>
</newsitem>
