<?xml version="1.0" encoding="iso-8859-1" ?>
<newsitem itemid="568512" id="root" date="1997-05-08" xml:lang="en">
<title>USA: What a World! adjusts 1996 results.</title>
<headline>What a World! adjusts 1996 results.</headline>
<dateline>ST. PETERSBURG, Fla. 1997-05-08</dateline>
<text>
<p>What A World! Inc on Thursday said it released adjusted financial results for fourth-quarter and full-year 1996 at the request of the U.S. Securities and Exchange Commission, changing the accounting method to that of a going concern from a liquidation basis.</p>
<p>On a going-concern basis, the company had a fourth quarter net loss of $1.2 million, or $0.57 per share, on sales of $4.4 million. That compares with a net profit of $285,519, or $0.13 per share, on sales of $3.56 million for the same period in 1996.  </p>
<p>The fourth quarter of fiscal 1996 ended on February 3, 1996. The fourth quarter of fiscal 1995 ended on February 1, 1995.</p>
<p>For full-year 1996, the company had a net loss of $2.5 million, or $1.19 per share, on sales of $8.2 million.  For 1995 it reported a loss of $561,217, or $0.26 per share, on sales of $5.5 million.</p>
<p>Previously, on a liquidation basis, the company reported a fourth quarter 1996 net profit of $276,668, or $0.13 per share. For the year it originally reported a net loss of $1.0 million, or $0.49 per share.</p>
<p>What A World said it previously announced that Natural Wonders Inc had agreed to acquire substantially all of What A World's operating assets and assume certain of its liabilities.</p>
<p>Natural Wonders is operating What A World's stores while awaiting shareholder approval for the sale agreement, What A World said.</p>
</text>
<copyright>(c) Reuters Limited 1997</copyright>
<metadata>
<codes class="bip:countries:1.0">
  <code code="USA">
    <editdetail attribution="Reuters BIP Coding Group" action="confirmed" date="1997-05-08"/>
  </code>
</codes>
<codes class="bip:industries:1.0">
  <code code="I65400">
    <editdetail attribution="Reuters BIP Coding Group" action="confirmed" date="1997-05-08"/>
  </code>
</codes>
<codes class="bip:topics:1.0">
  <code code="C15">
    <editdetail attribution="Reuters BIP Coding Group" action="confirmed" date="1997-05-08"/>
  </code>
  <code code="C151">
    <editdetail attribution="Reuters BIP Coding Group" action="confirmed" date="1997-05-08"/>
  </code>
  <code code="C1511">
    <editdetail attribution="Reuters BIP Coding Group" action="confirmed" date="1997-05-08"/>
  </code>
  <code code="CCAT">
    <editdetail attribution="Reuters BIP Coding Group" action="confirmed" date="1997-05-08"/>
  </code>
</codes>
<dc element="dc.date.created" value="1997-05-08"/>
<dc element="dc.publisher" value="Reuters Holdings Plc"/>
<dc element="dc.date.published" value="1997-05-08"/>
<dc element="dc.source" value="Reuters"/>
<dc element="dc.creator.location" value="ST. PETERSBURG, Fla."/>
<dc element="dc.creator.location.country.name" value="USA"/>
<dc element="dc.source" value="Reuters"/>
</metadata>
</newsitem>
