<?xml version="1.0" encoding="iso-8859-1" ?>
<newsitem itemid="568554" id="root" date="1997-05-08" xml:lang="en">
<title>USA: Vista Gold Corp Q1 net loss narrows.</title>
<headline>Vista Gold Corp Q1 net loss narrows.</headline>
<dateline>DENVER 1997-05-08</dateline>
<text>
<p>Three months ended</p>
<p>							     March 31</p>
<p>						     1997		1996</p>
<p> Revenue					$11,371	    $6,669</p>
<p> Net earnings (loss)			  (691)	   (1,966)</p>
<p> Net earnings (loss) per share	  ( 0.01)	   ( 0.04)</p>
<p>		  (US dollars in thousands, except share data)</p>
</text>
<copyright>(c) Reuters Limited 1997</copyright>
<metadata>
<codes class="bip:countries:1.0">
  <code code="USA">
    <editdetail attribution="Reuters BIP Coding Group" action="confirmed" date="1997-05-08"/>
  </code>
</codes>
<codes class="bip:industries:1.0">
  <code code="I21000">
    <editdetail attribution="Reuters BIP Coding Group" action="confirmed" date="1997-05-08"/>
  </code>
</codes>
<codes class="bip:topics:1.0">
  <code code="C15">
    <editdetail attribution="Reuters BIP Coding Group" action="confirmed" date="1997-05-08"/>
  </code>
  <code code="C151">
    <editdetail attribution="Reuters BIP Coding Group" action="confirmed" date="1997-05-08"/>
  </code>
  <code code="CCAT">
    <editdetail attribution="Reuters BIP Coding Group" action="confirmed" date="1997-05-08"/>
  </code>
</codes>
<dc element="dc.date.created" value="1997-05-08"/>
<dc element="dc.publisher" value="Reuters Holdings Plc"/>
<dc element="dc.date.published" value="1997-05-08"/>
<dc element="dc.source" value="Reuters"/>
<dc element="dc.creator.location" value="DENVER"/>
<dc element="dc.creator.location.country.name" value="USA"/>
<dc element="dc.source" value="Reuters"/>
</metadata>
</newsitem>
