<?xml version="1.0" encoding="iso-8859-1" ?>
<newsitem itemid="568546" id="root" date="1997-05-08" xml:lang="en">
<title>USA: Logal Educational Q1 net loss widens.</title>
<headline>Logal Educational Q1 net loss widens.</headline>
<dateline>NEW YORK 1997-05-08</dateline>
<text>
<p>FOR THE THREE MONTH PERIOD ENDED MARCH 31, 1997</p>
<p>							  3 months ended</p>
<p>								  March 31</p>
<p>								 1997    1996</p>
<p> Revenue						    1,357   1,492</p>
<p> Less royalty bearing grants			    270	 -</p>
<p> Net income (loss)					(865)   (606)</p>
<p> Net income (loss) per share			 (0.14)  (0.14)</p>
<p>Weighted average number of</p>
<p>    shares outstanding				  6,118   4,458</p>
<p>	  U.S. dollars in thousands (except per share data)</p>
<p>NOTE - Full name of company is Logal Educational Software &amp; Systems Ltd.</p>
</text>
<copyright>(c) Reuters Limited 1997</copyright>
<metadata>
<codes class="bip:countries:1.0">
  <code code="USA">
    <editdetail attribution="Reuters BIP Coding Group" action="confirmed" date="1997-05-08"/>
  </code>
</codes>
<codes class="bip:industries:1.0">
  <code code="I33020">
    <editdetail attribution="Reuters BIP Coding Group" action="confirmed" date="1997-05-08"/>
  </code>
  <code code="I3302021">
    <editdetail attribution="Reuters BIP Coding Group" action="confirmed" date="1997-05-08"/>
  </code>
</codes>
<codes class="bip:topics:1.0">
  <code code="C15">
    <editdetail attribution="Reuters BIP Coding Group" action="confirmed" date="1997-05-08"/>
  </code>
  <code code="C151">
    <editdetail attribution="Reuters BIP Coding Group" action="confirmed" date="1997-05-08"/>
  </code>
  <code code="CCAT">
    <editdetail attribution="Reuters BIP Coding Group" action="confirmed" date="1997-05-08"/>
  </code>
</codes>
<dc element="dc.date.created" value="1997-05-08"/>
<dc element="dc.publisher" value="Reuters Holdings Plc"/>
<dc element="dc.date.published" value="1997-05-08"/>
<dc element="dc.source" value="Reuters"/>
<dc element="dc.creator.location" value="NEW YORK"/>
<dc element="dc.creator.location.country.name" value="USA"/>
<dc element="dc.source" value="Reuters"/>
</metadata>
</newsitem>
