<?xml version="1.0" encoding="iso-8859-1" ?>
<newsitem itemid="568606" id="root" date="1997-05-08" xml:lang="en">
<title>USA: Unocal says Tosco repurchases all Tosco shrs.</title>
<headline>Unocal says Tosco repurchases all Tosco shrs.</headline>
<dateline>EL SEGUNDO, Calif. 1997-05-08</dateline>
<text>
<p>Unocal Corp announced Thursday that Tosco Corp repurchased the 14.1 million shares of Tosco common stock issued to Unocal on March 31, 1997.  </p>
<p>Net proceeds from the share sale were $394 million. Unocal earlier had received $1.4 billion in cash from Tosco from the sale.</p>
<p>The shares were issued to Unocal as a portion of the proceeds from the sale of its West Coast refining, marketing and transportation assets to Tosco.</p>
<p>Tosco had previously agreed to repurchase those shares upon completion of its public offering, which closed May 7.</p>
<p>((Los Angeles bureau +1 213 380 2014))</p>
</text>
<copyright>(c) Reuters Limited 1997</copyright>
<metadata>
<codes class="bip:countries:1.0">
  <code code="USA">
    <editdetail attribution="Reuters BIP Coding Group" action="confirmed" date="1997-05-08"/>
  </code>
</codes>
<codes class="bip:industries:1.0">
  <code code="I13000">
    <editdetail attribution="Reuters BIP Coding Group" action="confirmed" date="1997-05-08"/>
  </code>
  <code code="I14000">
    <editdetail attribution="Reuters BIP Coding Group" action="confirmed" date="1997-05-08"/>
  </code>
</codes>
<codes class="bip:topics:1.0">
  <code code="C18">
    <editdetail attribution="Reuters BIP Coding Group" action="confirmed" date="1997-05-08"/>
  </code>
  <code code="C181">
    <editdetail attribution="Reuters BIP Coding Group" action="confirmed" date="1997-05-08"/>
  </code>
  <code code="CCAT">
    <editdetail attribution="Reuters BIP Coding Group" action="confirmed" date="1997-05-08"/>
  </code>
</codes>
<dc element="dc.date.created" value="1997-05-08"/>
<dc element="dc.publisher" value="Reuters Holdings Plc"/>
<dc element="dc.date.published" value="1997-05-08"/>
<dc element="dc.source" value="Reuters"/>
<dc element="dc.creator.location" value="EL SEGUNDO, Calif."/>
<dc element="dc.creator.location.country.name" value="USA"/>
<dc element="dc.source" value="Reuters"/>
</metadata>
</newsitem>
