<?xml version="1.0" encoding="iso-8859-1" ?>
<newsitem itemid="568690" id="root" date="1997-05-08" xml:lang="en">
<title>USA: BASEBALL-WEDNESDAY'S MAJOR LEAGUE RESULTS.</title>
<headline>BASEBALL-WEDNESDAY'S MAJOR LEAGUE RESULTS.</headline>
<dateline>NEW YORK 1997-05-08</dateline>
<text>
<p>Results of Major League</p>
<p>Baseball games on Wednesday (home team in CAPS):</p>
<p>		American League</p>
<p> MILWAUKEE	    1  Oakland		 0</p>
<p> BOSTON		11  Minnesota	     3</p>
<p> CLEVELAND	    7  Toronto		 1</p>
<p> DETROIT	     12  Kansas City	   3</p>
<p> BALTIMORE	    3  Anaheim		 0</p>
<p> NY YANKEES	   5  Texas		   2</p>
<p> Seattle	     at  CHICAGO WHITE SOX -- postponed</p>
<p>		National League</p>
<p> Montreal	    19  SAN FRANCISCO	 3</p>
<p> Atlanta		3  FLORIDA		 2 (in 10)</p>
<p> NY Mets		4  HOUSTON		 1</p>
<p> ST LOUIS	    14  Philadelphia	  7</p>
<p> Pittsburgh	  14  COLORADO		3</p>
<p> LOS ANGELES	  4  Cincinnati	    2</p>
<p> SAN DIEGO	    6  Chicago Cubs	  3</p>
</text>
<copyright>(c) Reuters Limited 1997</copyright>
<metadata>
<codes class="bip:countries:1.0">
  <code code="CANA">
    <editdetail attribution="Reuters BIP Coding Group" action="confirmed" date="1997-05-08"/>
  </code>
  <code code="USA">
    <editdetail attribution="Reuters BIP Coding Group" action="confirmed" date="1997-05-08"/>
  </code>
</codes>
<codes class="bip:topics:1.0">
  <code code="GCAT">
    <editdetail attribution="Reuters BIP Coding Group" action="confirmed" date="1997-05-08"/>
  </code>
  <code code="GSPO">
    <editdetail attribution="Reuters BIP Coding Group" action="confirmed" date="1997-05-08"/>
  </code>
</codes>
<dc element="dc.date.created" value="1997-05-08"/>
<dc element="dc.publisher" value="Reuters Holdings Plc"/>
<dc element="dc.date.published" value="1997-05-08"/>
<dc element="dc.source" value="Reuters"/>
<dc element="dc.creator.location" value="NEW YORK"/>
<dc element="dc.creator.location.country.name" value="USA"/>
<dc element="dc.source" value="Reuters"/>
</metadata>
</newsitem>
