<?xml version="1.0" encoding="iso-8859-1" ?>
<newsitem itemid="568644" id="root" date="1997-05-08" xml:lang="en">
<title>switzerland: CYCLING-CHIAPPUCCI FAILS BLOOD TEST.</title>
<headline>CYCLING-CHIAPPUCCI FAILS BLOOD TEST.</headline>
<dateline>ESTAVAYER-LE-LAC, Switzerland 1997-05-08</dateline>
<text>
<p>Leading Italian rider Claudio Chiappucci was forced out of the Tour of Romandie on Thursday after failing a blood test, the Swiss news agency ATS reported.</p>
<p>His licence has been suspended for 15 days when he will be re-tested. The suspension means Chiappucci will miss the Giro d'Italia.</p>
<p>International Cycling Union (UCI) officials tested Chiappucci and several other riders before the 173-km second stage from Le Locle to Estavayer-le-lac.</p>
<p>Blood tests were introduced in January to help combat the use of EPO (erythropoietin) and injectable blood-doping substances that simulate altitude training by increasing the number of oxygen-rich red blood cells.</p>
<p>If tests show a rider's level is above 50 percent he is automatically suspended.</p>
</text>
<copyright>(c) Reuters Limited 1997</copyright>
<metadata>
<codes class="bip:countries:1.0">
  <code code="ITALY">
    <editdetail attribution="Reuters BIP Coding Group" action="confirmed" date="1997-05-08"/>
  </code>
  <code code="SWITZ">
    <editdetail attribution="Reuters BIP Coding Group" action="confirmed" date="1997-05-08"/>
  </code>
</codes>
<codes class="bip:topics:1.0">
  <code code="GCAT">
    <editdetail attribution="Reuters BIP Coding Group" action="confirmed" date="1997-05-08"/>
  </code>
  <code code="GSPO">
    <editdetail attribution="Reuters BIP Coding Group" action="confirmed" date="1997-05-08"/>
  </code>
</codes>
<dc element="dc.date.created" value="1997-05-08"/>
<dc element="dc.publisher" value="Reuters Holdings Plc"/>
<dc element="dc.date.published" value="1997-05-08"/>
<dc element="dc.source" value="Reuters"/>
<dc element="dc.creator.location" value="ESTAVAYER-LE-LAC, Switzerland"/>
<dc element="dc.creator.location.country.name" value="SWITZERLAND"/>
<dc element="dc.source" value="Reuters"/>
</metadata>
</newsitem>
