<?xml version="1.0" encoding="iso-8859-1" ?>
<newsitem itemid="568647" id="root" date="1997-05-08" xml:lang="en">
<title>GERMANY: SOCCER-HAESSLER HOPES TO RETURN BEFORE END OF SEASON.</title>
<headline>SOCCER-HAESSLER HOPES TO RETURN BEFORE END OF SEASON.</headline>
<dateline>KARLSRUHE, Germany 1997-05-08</dateline>
<text>
<p>Experienced Germany midfielder Thomas Haessler, who broke his left leg in March, hopes to return to Bundesliga action for Karlsruhe before the end of the season.</p>
<p>Karlsruhe said on Thursday Haessler could be fit for the final two league games of the season against 1860 Munich and Freiburg in the second half of this month.</p>
<p>Haessler's season has been plagued by injury but he recently signed a contract to stay at Karlsruhe until 2000.</p>
</text>
<copyright>(c) Reuters Limited 1997</copyright>
<metadata>
<codes class="bip:countries:1.0">
  <code code="GFR">
    <editdetail attribution="Reuters BIP Coding Group" action="confirmed" date="1997-05-08"/>
  </code>
</codes>
<codes class="bip:topics:1.0">
  <code code="GCAT">
    <editdetail attribution="Reuters BIP Coding Group" action="confirmed" date="1997-05-08"/>
  </code>
  <code code="GSPO">
    <editdetail attribution="Reuters BIP Coding Group" action="confirmed" date="1997-05-08"/>
  </code>
</codes>
<dc element="dc.date.created" value="1997-05-08"/>
<dc element="dc.publisher" value="Reuters Holdings Plc"/>
<dc element="dc.date.published" value="1997-05-08"/>
<dc element="dc.source" value="Reuters"/>
<dc element="dc.creator.location" value="KARLSRUHE, Germany"/>
<dc element="dc.creator.location.country.name" value="GERMANY"/>
<dc element="dc.source" value="Reuters"/>
</metadata>
</newsitem>
