<?xml version="1.0" encoding="iso-8859-1" ?>
<newsitem itemid="568699" id="root" date="1997-05-08" xml:lang="en">
<title>FINLAND: ICE HOCKEY-TOP GOAL SCORERS AT THE WORLD CHAMPIONSHIP.</title>
<headline>ICE HOCKEY-TOP GOAL SCORERS AT THE WORLD CHAMPIONSHIP.</headline>
<dateline>HELSINKI 1997-05-08</dateline>
<text>
<p>Leading goal scorers at the world</p>
<p>ice hockey championship pool A tournament after Thursday's</p>
<p>matches:</p>
<p> 1. Roger Dube (France)		   7 goals</p>
<p> 2. Martin Prochazka (Czech Republic) 6</p>
<p>    Vladimir Vujtek (Czech Republic)  6</p>
<p> 4. Michael Nylander (Sweden)	   5</p>
<p>    Jorgen Jonsson (Sweden)	     5</p>
<p>    Bruno Zarrillo (Italy)		5</p>
<p> 7. Olli Jokinen (Finland)		4</p>
<p>    Harius Vitolins (Latvia)	    4</p>
<p>    Gaetano Orlando (Italy)	     4</p>
<p>    Ted Donato (United States)	  4</p>
<p>    Mika Nieminen (Finland)	     4</p>
<p>    Sergejs Cudinovs (Latvia)	   4</p>
<p>    Roman Kontsek (Slovakia)	    4</p>
<p>    Raimo Helminen (Finland)	    4</p>
<p>    Ole Dahlstrom (Norway)		4</p>
<p>    Leonids Tambijevs (Latvia)	  4</p>
<p>    Rob Zamuner (Canada)		  4</p>
</text>
<copyright>(c) Reuters Limited 1997</copyright>
<metadata>
<codes class="bip:countries:1.0">
  <code code="FIN">
    <editdetail attribution="Reuters BIP Coding Group" action="confirmed" date="1997-05-08"/>
  </code>
</codes>
<codes class="bip:topics:1.0">
  <code code="GCAT">
    <editdetail attribution="Reuters BIP Coding Group" action="confirmed" date="1997-05-08"/>
  </code>
  <code code="GSPO">
    <editdetail attribution="Reuters BIP Coding Group" action="confirmed" date="1997-05-08"/>
  </code>
</codes>
<dc element="dc.date.created" value="1997-05-08"/>
<dc element="dc.publisher" value="Reuters Holdings Plc"/>
<dc element="dc.date.published" value="1997-05-08"/>
<dc element="dc.source" value="Reuters"/>
<dc element="dc.creator.location" value="HELSINKI"/>
<dc element="dc.creator.location.country.name" value="FINLAND"/>
<dc element="dc.source" value="Reuters"/>
</metadata>
</newsitem>
