<?xml version="1.0" encoding="iso-8859-1" ?>
<newsitem itemid="568637" id="root" date="1997-05-08" xml:lang="en">
<title>SWITZERLAND: CYCLING-TOUR OF ROMANDIE REULTS.</title>
<headline>CYCLING-TOUR OF ROMANDIE REULTS.</headline>
<dateline>ESTAVAYER-LE-LAC, Switzerland 1997-05-08</dateline>
<text>
<p>Leading</p>
<p>placings in the 173 kilometre second stage of Tour of Romandie</p>
<p>on Thursday:</p>
<p>1. Mario Cipollini (Italy) four hours, 21 minutes, 46 seconds</p>
<p>2. Mario Traversoni (Italy)</p>
<p>3. Fabio Baldato (Italy)</p>
<p>4. Sven Teutenberg (Germany)</p>
<p>5. Erik Dekker (Netherlands)</p>
<p>6. Mario Manzoni (Italy)</p>
<p>7. Zbigniew Spruch (Poland)</p>
<p>8. Giuseppe Tartaggia (Italy)</p>
<p>9. Gabriele Colombo (Italy)</p>
<p>10. Paolo Lanfranchi (Italy)</p>
<p>11. Alexei Sivakov (Russia)</p>
<p>12. Gabriele Missaglia (Italy)</p>
<p>13. Andrea Noe (Italy)</p>
<p>14. Paolo Savoldelli (Italy)</p>
<p>15. Viatcheslav Ekimov (Russia) all same time</p>
<p>Overall leading placings:</p>
<p>1. Chris Boardman (Britain) nine hours, 26 minutes, 4 seconds</p>
<p> 2. Erik Breukink (Netherlands)     2 seconds behind</p>
<p> 3. Dariusz Baranowski (Poland)     3</p>
<p> 4. Savoldelli			    4</p>
<p> 5. Giuseppe Guerini (Italy)	  5</p>
<p> 6. Johan Bruyneel (Belgium)	  6</p>
<p>7. Peter Meinert-Nielsen (Denmark) 9</p>
<p> 8. Giuseppe Di Grande (Italy)	same time</p>
<p> 9. Ekimov				 14</p>
<p> 10. Beat Zberg (Switzerland)	15</p>
</text>
<copyright>(c) Reuters Limited 1997</copyright>
<metadata>
<codes class="bip:countries:1.0">
  <code code="ITALY">
    <editdetail attribution="Reuters BIP Coding Group" action="confirmed" date="1997-05-08"/>
  </code>
  <code code="SWITZ">
    <editdetail attribution="Reuters BIP Coding Group" action="confirmed" date="1997-05-08"/>
  </code>
</codes>
<codes class="bip:topics:1.0">
  <code code="GCAT">
    <editdetail attribution="Reuters BIP Coding Group" action="confirmed" date="1997-05-08"/>
  </code>
  <code code="GSPO">
    <editdetail attribution="Reuters BIP Coding Group" action="confirmed" date="1997-05-08"/>
  </code>
</codes>
<dc element="dc.date.created" value="1997-05-08"/>
<dc element="dc.publisher" value="Reuters Holdings Plc"/>
<dc element="dc.date.published" value="1997-05-08"/>
<dc element="dc.source" value="Reuters"/>
<dc element="dc.creator.location" value="ESTAVAYER-LE-LAC, Switzerland"/>
<dc element="dc.creator.location.country.name" value="SWITZERLAND"/>
<dc element="dc.source" value="Reuters"/>
</metadata>
</newsitem>
