<?xml version="1.0" encoding="iso-8859-1" ?>
<newsitem itemid="568629" id="root" date="1997-05-08" xml:lang="en">
<title>USA: J. Baker April same-store sales rose 0.3.</title>
<headline>J. Baker April same-store sales rose 0.3.</headline>
<dateline>CANTON, Mass. 1997-05-08</dateline>
<text>
<p>Percent change</p>
<p>		    1997	 1996	     Total     Same-Store</p>
<p>Month		  $40	  $67	 n/a	 +0.3</p>
<p>Year-to-date	$137	 $196	 n/a	  n/a</p>
<p>NOTE: Figures in millions except percentage.</p>
<p>    Month is    April weeks ended	   May 3.</p>
<p>Full company name is J. Baker Inc.  </p>
<p>The company said its sales decrease was the result of the divestitures of the Shoe Corp of America and Parade of Shoes division In March 1997, as well as the downsizing of its Licensed Discount footwear division.</p>
<p>The company said total sales in its continuing Casual Male, Work n'Gear and Licensed Discount division for the four weeks ended May 3, 1997 were $40 million compared to $41 million for the four weeks ended May 4, 1996. For the month of April, same-store sales increased 0.3 percent.</p>
</text>
<copyright>(c) Reuters Limited 1997</copyright>
<metadata>
<codes class="bip:countries:1.0">
  <code code="USA">
    <editdetail attribution="Reuters BIP Coding Group" action="confirmed" date="1997-05-08"/>
  </code>
</codes>
<codes class="bip:industries:1.0">
  <code code="I65400">
    <editdetail attribution="Reuters BIP Coding Group" action="confirmed" date="1997-05-08"/>
  </code>
</codes>
<codes class="bip:topics:1.0">
  <code code="C31">
    <editdetail attribution="Reuters BIP Coding Group" action="confirmed" date="1997-05-08"/>
  </code>
  <code code="CCAT">
    <editdetail attribution="Reuters BIP Coding Group" action="confirmed" date="1997-05-08"/>
  </code>
</codes>
<dc element="dc.date.created" value="1997-05-08"/>
<dc element="dc.publisher" value="Reuters Holdings Plc"/>
<dc element="dc.date.published" value="1997-05-08"/>
<dc element="dc.source" value="Reuters"/>
<dc element="dc.creator.location" value="CANTON, Mass."/>
<dc element="dc.creator.location.country.name" value="USA"/>
<dc element="dc.source" value="Reuters"/>
</metadata>
</newsitem>
