<?xml version="1.0" encoding="iso-8859-1" ?>
<newsitem itemid="568619" id="root" date="1997-05-08" xml:lang="en">
<title>USA: La Jolla Pharmaceutical Q1 loss narrows.</title>
<headline>La Jolla Pharmaceutical Q1 loss narrows.</headline>
<dateline>SAN DIEGO, Calif. 1997-05-08</dateline>
<text>
<p>(in thousands except per share data)</p>
<p>Summary of Operations</p>
<p>							 Three Months Ended</p>
<p>								  March 31,</p>
<p>							   1997	  1996</p>
<p> Revenue from collaborative agreement	 $2,364	 $---</p>
<p> Research and development expense		3,137	2,560</p>
<p> General and administrative expense		780	  588</p>
<p> Total expenses					3,917	3,148</p>
<p> Loss from operations			    (1,553)    (3,148)</p>
<p> Interest expense				     (24)	 (57)</p>
<p> Interest income					 355	  286</p>
<p> Net loss					    (1,222)    (2,919)</p>
<p> Net loss per share				 (0.07)     (0.21)</p>
<p>Shares used in computing net loss per share</p>
<p>							  17,279     14,060</p>
</text>
<copyright>(c) Reuters Limited 1997</copyright>
<metadata>
<codes class="bip:countries:1.0">
  <code code="USA">
    <editdetail attribution="Reuters BIP Coding Group" action="confirmed" date="1997-05-08"/>
  </code>
</codes>
<codes class="bip:industries:1.0">
  <code code="I25700">
    <editdetail attribution="Reuters BIP Coding Group" action="confirmed" date="1997-05-08"/>
  </code>
</codes>
<codes class="bip:topics:1.0">
  <code code="C15">
    <editdetail attribution="Reuters BIP Coding Group" action="confirmed" date="1997-05-08"/>
  </code>
  <code code="C151">
    <editdetail attribution="Reuters BIP Coding Group" action="confirmed" date="1997-05-08"/>
  </code>
  <code code="CCAT">
    <editdetail attribution="Reuters BIP Coding Group" action="confirmed" date="1997-05-08"/>
  </code>
</codes>
<dc element="dc.date.created" value="1997-05-08"/>
<dc element="dc.publisher" value="Reuters Holdings Plc"/>
<dc element="dc.date.published" value="1997-05-08"/>
<dc element="dc.source" value="Reuters"/>
<dc element="dc.creator.location" value="SAN DIEGO, Calif."/>
<dc element="dc.creator.location.country.name" value="USA"/>
<dc element="dc.source" value="Reuters"/>
</metadata>
</newsitem>
