<?xml version="1.0" encoding="iso-8859-1" ?>
<newsitem itemid="568763" id="root" date="1997-05-08" xml:lang="en">
<title>LITHUANIA: CBANK OKAYS INTERBANK FOREIGN CURRENCY CREDIT.</title>
<headline>CBANK OKAYS INTERBANK FOREIGN CURRENCY CREDIT.</headline>
<dateline>VILNIUS 1997-05-08</dateline>
<text>
<p>Lithuania's central bank said on Thursday that it has lifted restriction on commercial banks issuing interbank credits in foreign currency.</p>
<p>&quot;Banks are allowed now to issue credits in foreign currency to other banks,&quot; the Bank of Lithuania said in a statement.  </p>
<p>Commercial banks were restricted to issuing interbank credits in other currencies except the litas since 1993.</p>
<p>&quot;We expect that this decision will give a positive impulse to the interbank credit market,&quot; Gitanas Nauseda, head of the cenral bank's policy department, told Reuters.</p>
<p>Nauseda also said that the central bank's aim is to end restrictions in areas which would not harm the stability of the banks and the litas.</p>
<p>-- Andrius Vilkanvas, Vilnius newsroom + 370 2 22 35 17</p>
</text>
<copyright>(c) Reuters Limited 1997</copyright>
<metadata>
<codes class="bip:countries:1.0">
  <code code="LITH">
    <editdetail attribution="Reuters BIP Coding Group" action="confirmed" date="1997-05-08"/>
  </code>
</codes>
<codes class="bip:industries:1.0">
  <code code="I81402">
    <editdetail attribution="Reuters BIP Coding Group" action="confirmed" date="1997-05-08"/>
  </code>
</codes>
<codes class="bip:topics:1.0">
  <code code="C13">
    <editdetail attribution="Reuters BIP Coding Group" action="confirmed" date="1997-05-08"/>
  </code>
  <code code="CCAT">
    <editdetail attribution="Reuters BIP Coding Group" action="confirmed" date="1997-05-08"/>
  </code>
  <code code="M13">
    <editdetail attribution="Reuters BIP Coding Group" action="confirmed" date="1997-05-08"/>
  </code>
  <code code="M131">
    <editdetail attribution="Reuters BIP Coding Group" action="confirmed" date="1997-05-08"/>
  </code>
  <code code="MCAT">
    <editdetail attribution="Reuters BIP Coding Group" action="confirmed" date="1997-05-08"/>
  </code>
</codes>
<dc element="dc.date.created" value="1997-05-08"/>
<dc element="dc.publisher" value="Reuters Holdings Plc"/>
<dc element="dc.date.published" value="1997-05-08"/>
<dc element="dc.source" value="Reuters"/>
<dc element="dc.creator.location" value="VILNIUS"/>
<dc element="dc.creator.location.country.name" value="LITHUANIA"/>
<dc element="dc.source" value="Reuters"/>
</metadata>
</newsitem>
