<?xml version="1.0" encoding="iso-8859-1" ?>
<newsitem itemid="568733" id="root" date="1997-05-08" xml:lang="en">
<title>SOUTH AFRICA: S.AFRICAN GREENS ASSURED ON IRON PLANT PROJECT.</title>
<headline>S.AFRICAN GREENS ASSURED ON IRON PLANT PROJECT.</headline>
<dateline>CAPE TOWN 1997-05-08</dateline>
<text>
<p>The Industrial Development Corporation (IDC) had committed itself to a thorough environmental impact assessment study on a planned new iron plant, Trade and Industry Minister Alec Erwin said on Thursday.</p>
<p>The Iron Direct Reduction (IDR) plant would use natural gas from Mozambique's Pande gas field, Erwin said in response to a question tabled in parliament.</p>
<p>It would involve the production of iron from magnetite stockpiled in Phalaborwa, using natural gas from Pande as a fuel and reductant.</p>
<p>The possibility of the magnetite being piped to a site in Mozambique through the Kruger National Park has caused an outcry among conservationists, who fear that this could spark the widespread commercial exploitation of the reserve.</p>
<p>&quot;The IDC has committed itself to a comprehensive Environmental Impact Assessment (EIA) conducted by independent professionals in accordance with the most stringent South African, Mozambican and international standards,&quot; Erwin said.</p>
<p>Magnetite is a waste product from copper operations at Phalaborwa and has been accumulating in stockpiles for more than 30 years.</p>
<p>&quot;These stockpiles contain more than 200 million tonnes of magnetite and are still growing at a rate of about six million tonnes a year,&quot; Erwin said.</p>
<p>The IDR plant would provide an ideal anchor client for the Pande gas field near Inhassorro, about 600 km northeast of Maputo, which the Mozambican government and American energy firm Enron Corp wanted to develop.</p>
<p>&quot;Many options are possible. For example, the plant could be situated in Phalaborwa, Maputo or possibly elsewhere in Mozambique,&quot; Erwin said.</p>
<p>Gas could be piped from Pande to Maputo, Phalaborwa or another site in Mozambique. The magnetite could be railed to Maputo or pumped there in the form of slurry.</p>
<p>&quot;Competent local and international consultants have been appointed to assist the IDC in conducting a feasibility study and all sensible options will be evaluated,&quot; he said.</p>
<p>Initial estimates were that a pipeline between Phalaborwa and Maputo would cost about 900 million rand ($201 million) while the entire IDR project would cost about 5.2 billion rand.</p>
<p>Erwin said the project could earn both countries about 2.05 billion rand combined and create about 500 direct permanent jobs and another 1,600 indirect jobs. The life expectancy of the project was estimated to be at least 30 years.</p>
<p>-- Parliamentary newsroom +27 21 403-2502</p>
</text>
<copyright>(c) Reuters Limited 1997</copyright>
<metadata>
<codes class="bip:countries:1.0">
  <code code="MOZAM">
    <editdetail attribution="Reuters BIP Coding Group" action="confirmed" date="1997-05-08"/>
  </code>
  <code code="SAFR">
    <editdetail attribution="Reuters BIP Coding Group" action="confirmed" date="1997-05-08"/>
  </code>
</codes>
<codes class="bip:industries:1.0">
  <code code="I13000">
    <editdetail attribution="Reuters BIP Coding Group" action="confirmed" date="1997-05-08"/>
  </code>
  <code code="I16200">
    <editdetail attribution="Reuters BIP Coding Group" action="confirmed" date="1997-05-08"/>
  </code>
  <code code="I22100">
    <editdetail attribution="Reuters BIP Coding Group" action="confirmed" date="1997-05-08"/>
  </code>
  <code code="I81502">
    <editdetail attribution="Reuters BIP Coding Group" action="confirmed" date="1997-05-08"/>
  </code>
  <code code="I8150203">
    <editdetail attribution="Reuters BIP Coding Group" action="confirmed" date="1997-05-08"/>
  </code>
</codes>
<codes class="bip:topics:1.0">
  <code code="C13">
    <editdetail attribution="Reuters BIP Coding Group" action="confirmed" date="1997-05-08"/>
  </code>
  <code code="C24">
    <editdetail attribution="Reuters BIP Coding Group" action="confirmed" date="1997-05-08"/>
  </code>
  <code code="CCAT">
    <editdetail attribution="Reuters BIP Coding Group" action="confirmed" date="1997-05-08"/>
  </code>
  <code code="GCAT">
    <editdetail attribution="Reuters BIP Coding Group" action="confirmed" date="1997-05-08"/>
  </code>
  <code code="GENV">
    <editdetail attribution="Reuters BIP Coding Group" action="confirmed" date="1997-05-08"/>
  </code>
</codes>
<dc element="dc.date.created" value="1997-05-08"/>
<dc element="dc.publisher" value="Reuters Holdings Plc"/>
<dc element="dc.date.published" value="1997-05-08"/>
<dc element="dc.source" value="Reuters"/>
<dc element="dc.creator.location" value="CAPE TOWN"/>
<dc element="dc.creator.location.country.name" value="SOUTH AFRICA"/>
<dc element="dc.source" value="Reuters"/>
</metadata>
</newsitem>
