<?xml version="1.0" encoding="iso-8859-1" ?>
<newsitem itemid="568779" id="root" date="1997-05-08" xml:lang="en">
<title>ESTONIA: VIISNURK Q1 PROFIT 1.4 MILLION KROONS.</title>
<headline>VIISNURK Q1 PROFIT 1.4 MILLION KROONS.</headline>
<dateline>TALLINN 1997-05-08</dateline>
<text>
<p>Viisnurk, one of the world's main cross-country ski firms, said on Thursday its first quarter profit was 1.4 million kroons on sales of 32.6 million kroons.</p>
<p>Viisnurk plans a 11.7 million kroon share issue beginning on May 12 and later a listing on the Tallinn stock exchange.</p>
<p>&quot;The first and second quarters are always poor due to the seasonal nature of the ski industry,&quot; Andrus Aljas, Viisnurk's finance director, told Reuters.</p>
<p>Aljas said the company made a loss in the first quarter of 1996 of 1.3 million kroons.</p>
<p>&quot;The third and fourth quarters are what make a profit for the company,&quot; he added.</p>
<p>In 1996 the company made a net profit of 8.1 million kroons and turned over 154 million kroons.</p>
<p>-- David Mardiste, Tallinn newsroom +372 630 8400 reuters@reuters.ee</p>
</text>
<copyright>(c) Reuters Limited 1997</copyright>
<metadata>
<codes class="bip:countries:1.0">
  <code code="ESTNIA">
    <editdetail attribution="Reuters BIP Coding Group" action="confirmed" date="1997-05-08"/>
  </code>
</codes>
<codes class="bip:industries:1.0">
  <code code="I49420">
    <editdetail attribution="Reuters BIP Coding Group" action="confirmed" date="1997-05-08"/>
  </code>
</codes>
<codes class="bip:topics:1.0">
  <code code="C15">
    <editdetail attribution="Reuters BIP Coding Group" action="confirmed" date="1997-05-08"/>
  </code>
  <code code="C151">
    <editdetail attribution="Reuters BIP Coding Group" action="confirmed" date="1997-05-08"/>
  </code>
  <code code="CCAT">
    <editdetail attribution="Reuters BIP Coding Group" action="confirmed" date="1997-05-08"/>
  </code>
</codes>
<dc element="dc.date.created" value="1997-05-08"/>
<dc element="dc.publisher" value="Reuters Holdings Plc"/>
<dc element="dc.date.published" value="1997-05-08"/>
<dc element="dc.source" value="Reuters"/>
<dc element="dc.creator.location" value="TALLINN"/>
<dc element="dc.creator.location.country.name" value="ESTONIA"/>
<dc element="dc.source" value="Reuters"/>
</metadata>
</newsitem>
