<?xml version="1.0" encoding="iso-8859-1" ?>
<newsitem itemid="568777" id="root" date="1997-05-08" xml:lang="en">
<title>MACEDONIA: MACEDONIA STOCK VOLUME, TURNOVER FALLS.</title>
<headline>MACEDONIA STOCK VOLUME, TURNOVER FALLS.</headline>
<dateline>SKOPJE 1997-05-08</dateline>
<text>
<p>Turnover fell to 2,700 denars at Thursday's session of the Macedonian stock exchange from 37,650 denars on Tuesday as only one company traded, the exchange said.</p>
<p>Oteks Ohrid sold 18 shares at 150 denars, unchanged from the previous close and below par of 1,941 denars.</p>
<p>Traded volume was 89 shares at the previous session on Tuesday.</p>
<p>Listed companies trade in two floor sessions. The exchange trades on Tuesday and Thursday.</p>
<p>($1=45.88 denars; 1DEM=26.64 denars) -- Sofia Newsroom, 359-2-91188</p>
</text>
<copyright>(c) Reuters Limited 1997</copyright>
<metadata>
<codes class="bip:countries:1.0">
  <code code="MCDNIA">
    <editdetail attribution="Reuters BIP Coding Group" action="confirmed" date="1997-05-08"/>
  </code>
</codes>
<codes class="bip:topics:1.0">
  <code code="M11">
    <editdetail attribution="Reuters BIP Coding Group" action="confirmed" date="1997-05-08"/>
  </code>
  <code code="MCAT">
    <editdetail attribution="Reuters BIP Coding Group" action="confirmed" date="1997-05-08"/>
  </code>
</codes>
<dc element="dc.date.created" value="1997-05-08"/>
<dc element="dc.publisher" value="Reuters Holdings Plc"/>
<dc element="dc.date.published" value="1997-05-08"/>
<dc element="dc.source" value="Reuters"/>
<dc element="dc.creator.location" value="SKOPJE"/>
<dc element="dc.creator.location.country.name" value="MACEDONIA"/>
<dc element="dc.source" value="Reuters"/>
</metadata>
</newsitem>
