<?xml version="1.0" encoding="iso-8859-1" ?>
<newsitem itemid="489514" id="root" date="1997-04-06" xml:lang="en">
<title>ITALY: TENNIS-MOYA SAVES SPAIN FROM DAVIS CUP WHITEWASH.</title>
<headline>TENNIS-MOYA SAVES SPAIN FROM DAVIS CUP WHITEWASH.</headline>
<dateline>PESARO, Italy 1997-04-06</dateline>
<text>
<p>Omar Camporese completed a 4-1 Davis Cup world group quarter-final victory for Italy over Spain when he beat Albert Costa 6-2 3-6 6-4 in the second reverse singles on Sunday.</p>
<p>The Italians had already booked themselves a place in the semifinals by winning Saturday's doubles for a 3-0 lead.</p>
<p>Earlier, Spanish number one Carlos Moya made sure his team escaped a whitewash when he beat Marzio Martelli.</p>
<p>The Italian, who was making  his Davis Cup debut, gave the world number eight a tough time before losing 7-6 4-6 6-3.</p>
<p>Italy will meet last year's beaten finalists Sweden in the semifinals from September 19-21.</p>
</text>
<copyright>(c) Reuters Limited 1997</copyright>
<metadata>
<codes class="bip:countries:1.0">
  <code code="ITALY">
    <editdetail attribution="Reuters BIP Coding Group" action="confirmed" date="1997-04-06"/>
  </code>
  <code code="SPAIN">
    <editdetail attribution="Reuters BIP Coding Group" action="confirmed" date="1997-04-06"/>
  </code>
</codes>
<codes class="bip:topics:1.0">
  <code code="GCAT">
    <editdetail attribution="Reuters BIP Coding Group" action="confirmed" date="1997-04-06"/>
  </code>
  <code code="GSPO">
    <editdetail attribution="Reuters BIP Coding Group" action="confirmed" date="1997-04-06"/>
  </code>
</codes>
<dc element="dc.date.created" value="1997-04-06"/>
<dc element="dc.publisher" value="Reuters Holdings Plc"/>
<dc element="dc.date.published" value="1997-04-06"/>
<dc element="dc.source" value="Reuters"/>
<dc element="dc.creator.location" value="PESARO, Italy"/>
<dc element="dc.creator.location.country.name" value="ITALY"/>
<dc element="dc.source" value="Reuters"/>
</metadata>
</newsitem>
