<?xml version="1.0" encoding="iso-8859-1" ?>
<newsitem itemid="489528" id="root" date="1997-04-06" xml:lang="en">
<title>AUSTRALIA: MOTOR RACING-FITTIPALDI INJURED IN INDYCAR CRASH.</title>
<headline>MOTOR RACING-FITTIPALDI INJURED IN INDYCAR CRASH.</headline>
<dateline>GOLD COAST, Australia 1997-04-06</dateline>
<text>
<p>Brazilian driver Christian Fittipaldi suffered a badly broken leg when he crashed shortly after the start of the Gold Coast IndyCar race on Sunday, race officials said.</p>
<p>Fittipaldi's right leg was broken in two places in the accident, which happened when his Swift Ford IndyCar appeared to be bumped from behind in the chicane leading to the main straight at the end of the first lap.</p>
<p>The race was restarted after the crash, which was narrowly avoided by Fittipaldi's Newman/Haas team-mate Michael Andretti.</p>
<p>Fittipaldi was conscious after the crash and was treated by trackside medical staff before being taken to Gold Coast Hospital, officials said.</p>
<p>The Brazilian's car was travelling at more than 240 km (150 miles per hour) at the time of the accident. His car slid off the track into a wall and travelled another 400 metres before it came to a stop.</p>
<p>The left side of the car was torn off in the impact with the wall and debris was spread over a wide area.</p>
</text>
<copyright>(c) Reuters Limited 1997</copyright>
<metadata>
<codes class="bip:countries:1.0">
  <code code="AUSTR">
    <editdetail attribution="Reuters BIP Coding Group" action="confirmed" date="1997-04-06"/>
  </code>
  <code code="BRAZ">
    <editdetail attribution="Reuters BIP Coding Group" action="confirmed" date="1997-04-06"/>
  </code>
</codes>
<codes class="bip:topics:1.0">
  <code code="GCAT">
    <editdetail attribution="Reuters BIP Coding Group" action="confirmed" date="1997-04-06"/>
  </code>
  <code code="GSPO">
    <editdetail attribution="Reuters BIP Coding Group" action="confirmed" date="1997-04-06"/>
  </code>
</codes>
<dc element="dc.date.created" value="1997-04-06"/>
<dc element="dc.publisher" value="Reuters Holdings Plc"/>
<dc element="dc.date.published" value="1997-04-06"/>
<dc element="dc.source" value="Reuters"/>
<dc element="dc.creator.location" value="GOLD COAST, Australia"/>
<dc element="dc.creator.location.country.name" value="AUSTRALIA"/>
<dc element="dc.source" value="Reuters"/>
</metadata>
</newsitem>
