<?xml version="1.0" encoding="iso-8859-1" ?>
<newsitem itemid="489515" id="root" date="1997-04-06" xml:lang="en">
<title>UK: SOCCER-BORO'S WAIT GOES ON AS LEICESTER SNATCH EQUALISER.</title>
<headline>SOCCER-BORO'S WAIT GOES ON AS LEICESTER SNATCH EQUALISER.</headline>
<byline>Mike Collett</byline>
<dateline>LONDON 1997-04-06</dateline>
<text>
<p>A Leicester equaliser three minutes from the end of extra-time forced a 1-1 draw in the English League Cup final on Sunday and deprived Middlesbrough of the first major trophy in their 121-year history.</p>
<p>Middlesbrough opened the scoring five minutes into extra time when Fabrizio Ravanelli lashed home a left-foot drive from eight metres just two minutes after missing a far easier chance when he fired straight at Leicester goalkeeper Kasey Keller.</p>
<p>Boro, who just about deserved to win a match which began at pedestrian pace but ended with a frenzy, were just over three minutes away from long-awaited glory and a place in next season's UEFA Cup when Leicester equalised.</p>
<p>A cross from substitute Mark Robins, a former team mate of Middlesbrough manager Bryan Robson at Manchester United, was headed back across goal by Leicester skipper Steve Walsh. Emile Heskey rose above Gianluca Festa to head the ball against the bar for the second time in the match.</p>
<p>Unlike the first occasion when the ball bounced into touch, it rebounded back into play and after Leicester's Steve Claridge got a touch to start a defensive scramble, Heskey stabbed it over the line to make the final score 1-1.</p>
<p>The replay will take place at Hillsborough in Sheffield on April 16.</p>
<p>But the replay is a match Middlesbrough will feel they should have avoided. Ravanelli could have made the game safe for Boro in normal time but sunk to his knees in theatrical agony after watching his glancing header hit the post after 78 minutes.</p>
<p>He then missed a sitter two minutes into extra time just before finally scoring his 27th goal since his 7.0 million pounds ($11.2 million) move from Juventus last summer.</p>
<p>Leicester, who have lost all four F.A. Cup finals they have played at Wembley and who themselves were looking for their first major honour since winning the League Cup in 1964, had little of Middlesbrough's attacking verve.</p>
<p>But they largely nullified the impact Brazilian Juninho made on the game by man-marking him with Swedish defender Pontus Kaamark.</p>
<p>The Leicester defender did a thorough job but could do nothing to stop Juninho's mazy run which helped create Ravanelli's goal.</p>
<p>Middlesbrough's other Brazilian Emerson was involved in most of their most dangerous build-ups, but despite the tense finale the game was generally disappointing, especially during the opening 45 minutes during which neither team had a shot on target.</p>
<p>Both teams played attractive football in midfield but Heskey and Claridge had a frustrating afternoon in the Leicester attack producing little of real venom.</p>
<p>Leicester manager Martin O'Neill said afterwards: &quot;I am delighted we came through that. Middlesbrough had the chance to open us up after taking the lead and could have gone on to score a second. We left ourselves exposed but Heskey did brilliantly to score.&quot;</p>
<p>He also revealed he only told Kaamark of his role 80 minutes before the match.</p>
<p>&quot;He was delighted to be in the team until I told him before kick-off that his job was to man-mark Juninho,&quot; O'Neill said. &quot;The smile just disappeared from his face. I thought he did brilliantly for us.&quot;</p>
<p>Robson said the mood in his dressing room was despondent afterwards.</p>
<p>&quot;It's disappointing when you've been quite dominant in the game and have had good chances not to go on and win. On another day Ravanelli could have had a hat-trick, he's always in there and with a bit of luck could have scored three.&quot;</p>
<p>The match went ahead without reports of breaches of security following the chaos caused by coded bomb warnings at the Grand National on Saturday.</p>
<p>The only incidents stewards had to deal with were three male streakers on the pitch.</p>
</text>
<copyright>(c) Reuters Limited 1997</copyright>
<metadata>
<codes class="bip:countries:1.0">
  <code code="UK">
    <editdetail attribution="Reuters BIP Coding Group" action="confirmed" date="1997-04-06"/>
  </code>
</codes>
<codes class="bip:topics:1.0">
  <code code="GCAT">
    <editdetail attribution="Reuters BIP Coding Group" action="confirmed" date="1997-04-06"/>
  </code>
  <code code="GSPO">
    <editdetail attribution="Reuters BIP Coding Group" action="confirmed" date="1997-04-06"/>
  </code>
</codes>
<dc element="dc.date.created" value="1997-04-06"/>
<dc element="dc.publisher" value="Reuters Holdings Plc"/>
<dc element="dc.date.published" value="1997-04-06"/>
<dc element="dc.source" value="Reuters"/>
<dc element="dc.creator.location" value="LONDON"/>
<dc element="dc.creator.location.country.name" value="UK"/>
<dc element="dc.source" value="Reuters"/>
</metadata>
</newsitem>
