<?xml version="1.0" encoding="iso-8859-1" ?>
<newsitem itemid="489538" id="root" date="1997-04-06" xml:lang="en">
<title>UK: HORSE RACING-PENPIX OF LEADING GRAND NATIONAL CONTENDERS.</title>
<headline>HORSE RACING-PENPIX OF LEADING GRAND NATIONAL CONTENDERS.</headline>
<dateline>LIVERPOOL 1997-04-06</dateline>
<text>
<p>Following are penpix of</p>
<p>leading contenders in the 150th Grand National re-scheduled at</p>
<p>Aintree on Monday (1600 GMT):</p>
<p>SUNY BAY (Form figures 1-51)</p>
<p>Trainer - Charlie Brooks</p>
<p>Jockey - Jamie Osborne</p>
<p>Current price - 8-1 favourite (odds likely to ease)</p>
<p>Positive - Ran a very good National trial when successful at</p>
<p>Haydock last time out and has a good winning record over fences.</p>
<p>Jockey Osborne riding better that ever.</p>
<p>Negative - Aged only eight and is relatively inexperienced.</p>
<p>Best with some give in the ground which he may not get. No grey</p>
<p>has won since 1961.</p>
<p>LORD GYLLENE  (1112)</p>
<p>Trainer - Steve Brookshaw</p>
<p>Jockey - Tony Dobbin</p>
<p>Current price - 9-1</p>
<p>Positive - Very consistent, game performer who has done well</p>
<p>in similar tests of stamina.</p>
<p>Negative - May be vulnerable at end of race to something more speedy</p>
<p>WYLDE HIDE (U-021)</p>
<p>Trainer - Arthur Moore, in Ireland</p>
<p>Jockey - Charlie Swan</p>
<p>Current price - 9-1</p>
<p>Positive - Has been gambled on heavily, indicating</p>
<p>confidence and looks best of the Irish challenge. Jockey is a</p>
<p>big plus.</p>
<p>Negative - Probably best on very soft surface which he is</p>
<p>unlikely to get.</p>
<p>GO BALLISTIC (21F4)</p>
<p>Trainer - John O'Shea</p>
<p>Jockey - Mick Fitzgerald</p>
<p>Current price - 10-1</p>
<p>Positive - Finished fourth in the Cheltenham Gold Cup and is</p>
<p>very well handicapped on that form. Jockey won the National last</p>
<p>year.</p>
<p>Negative - Still quite inexperienced, especially for fences</p>
<p>as challenging as Aintree. Had a tough race at Cheltenham.</p>
<p>AVRO ANSON (25-3U)</p>
<p>Trainer Maurice Camacho</p>
<p>Jockey - Peter Niven</p>
<p>Current price - 12-1</p>
<p>Positive - Has some top class form to his credit, including</p>
<p>close up third to former Cheltenham Gold Cup winner Jodami.</p>
<p>Fastish ground will suit him.</p>
<p>Negative - Has only run six races over fences. Unproved over</p>
<p>distance.</p>
<p>LO STREGONE  (4-335)</p>
<p>Trainer - Tom Tate</p>
<p>Jockey - Graham Bradley</p>
<p>Current price - 14-1</p>
<p>Positive - Out and out stayer who was favourite for last</p>
<p>year's race before being pulled out with an injury.</p>
<p>Negative - Ran very poorly last time out behind Suny Bay and</p>
<p>not certain to regain his old form. Needs easy surface which he</p>
<p>may not get.</p>
<p>NAHTHEN LAD (6P2P)</p>
<p>Trainer - Jenny Pitman</p>
<p>Jockey - Jason Titley</p>
<p>Current price - 14-1</p>
<p>Positive - Was thought good enough to take his chance in the</p>
<p>Cheltenham Gold Cup after winning previous season's Sun Alliance</p>
<p>Chase. Trainer has an excellent Aintree record. Jockey won the</p>
<p>National for Pitman two years ago on 40-1 chance Royal Athlete.</p>
<p>Negative - Pulled up on two of his last four outings and yet</p>
<p>to win a race this season. Would not like fast ground.</p>
<p>SMITH'S  BAND (12-P)</p>
<p>Trainer - Jenny Pitman</p>
<p>Jockey - Richard Dunwoody</p>
<p>Current price - 14-1</p>
<p>Positive - Trainer and jockey are both Grand National</p>
<p>specialists and the horse is viewed as a good type to handle</p>
<p>Aintree.</p>
<p>Negative - Pulled up in his only race this season and would</p>
<p>not want fast going which is a possibility.</p>
</text>
<copyright>(c) Reuters Limited 1997</copyright>
<metadata>
<codes class="bip:countries:1.0">
  <code code="IRE">
    <editdetail attribution="Reuters BIP Coding Group" action="confirmed" date="1997-04-06"/>
  </code>
  <code code="UK">
    <editdetail attribution="Reuters BIP Coding Group" action="confirmed" date="1997-04-06"/>
  </code>
</codes>
<codes class="bip:topics:1.0">
  <code code="GCAT">
    <editdetail attribution="Reuters BIP Coding Group" action="confirmed" date="1997-04-06"/>
  </code>
  <code code="GSPO">
    <editdetail attribution="Reuters BIP Coding Group" action="confirmed" date="1997-04-06"/>
  </code>
</codes>
<dc element="dc.date.created" value="1997-04-06"/>
<dc element="dc.publisher" value="Reuters Holdings Plc"/>
<dc element="dc.date.published" value="1997-04-06"/>
<dc element="dc.source" value="Reuters"/>
<dc element="dc.creator.location" value="LIVERPOOL"/>
<dc element="dc.creator.location.country.name" value="UK"/>
<dc element="dc.source" value="Reuters"/>
</metadata>
</newsitem>
