<?xml version="1.0" encoding="iso-8859-1" ?>
<newsitem itemid="489568" id="root" date="1997-04-06" xml:lang="en">
<title>AUSTRALIA: AUSTRALIAN RULES-AFL RESULTS/STANDINGS.</title>
<headline>AUSTRALIAN RULES-AFL RESULTS/STANDINGS.</headline>
<dateline>MELBOURNE 1997-04-06</dateline>
<text>
<p>Results of Australian</p>
<p>Rules matches played at the weekend.</p>
<p>Played Sunday:</p>
<p> Port Adelaide	8.12  (60)  Essendon    14.9   (93)</p>
<p>Fremantle	    13.9   (87)  Hawthorn    10.13  (73)</p>
<p> Brisbane	    23.16 (154)  St Kilda     7.15  (57)</p>
<p>Played Saturday:</p>
<p> Western Bulldogs  13.12  (90)  Sydney	12.11  (83)</p>
<p> Geelong	     11.12  (78)  West Coast  11.6   (72)</p>
<p> Richmond	    19.14 (128)  Adelaide    15.10 (100)</p>
<p>Played Friday:</p>
<p> Melbourne	    7.14  (56)  Collingwood 24.19 (163)</p>
<p>Standings (tabulate under played, won, drawn, lost, points</p>
<p>for, against, percentage, total points):</p>
<p> Collingwood	2   2   0   0   329   143   230.1   8</p>
<p> Essendon	   2   2   0   0   199   159   125.2   8</p>
<p> Richmond	   2   2   0   0   232   195   119.0   8</p>
<p> Fremantle	  2   2   0   0   167   149   112.1   8</p>
<p> Brisbane	   2   1   0   1   250   189   132.3   4</p>
<p> West Coast	 2   1   0   1   150   115   130.4   4</p>
<p> Adelaide	   2   1   0   1   232   224   103.6   4</p>
<p> Western Bulldogs 2   1   0   1   166   163   101.8   4</p>
<p> Geelong	    2   1   0   1   173   176    98.3   4</p>
<p> Hawthorn	   2   1   0   1   150   158    94.9   4</p>
<p> Melbourne	  2   1   0   1   126   218    57.8   4</p>
<p> Carlton	    1   0   0   1    99   106    93.4   0</p>
<p> North Melbourne  1   0   0   1    55    70    78.6   0</p>
<p> Sydney	     2   0   0   2   120   168    71.4   0</p>
<p> Port Adelaide    2   0   0   2   147   259    56.8   0</p>
<p> St Kilda	   2   0   0   2   128   231    55.4   0</p>
</text>
<copyright>(c) Reuters Limited 1997</copyright>
<metadata>
<codes class="bip:countries:1.0">
  <code code="AUSTR">
    <editdetail attribution="Reuters BIP Coding Group" action="confirmed" date="1997-04-06"/>
  </code>
</codes>
<codes class="bip:topics:1.0">
  <code code="GCAT">
    <editdetail attribution="Reuters BIP Coding Group" action="confirmed" date="1997-04-06"/>
  </code>
  <code code="GSPO">
    <editdetail attribution="Reuters BIP Coding Group" action="confirmed" date="1997-04-06"/>
  </code>
</codes>
<dc element="dc.date.created" value="1997-04-06"/>
<dc element="dc.publisher" value="Reuters Holdings Plc"/>
<dc element="dc.date.published" value="1997-04-06"/>
<dc element="dc.source" value="Reuters"/>
<dc element="dc.creator.location" value="MELBOURNE"/>
<dc element="dc.creator.location.country.name" value="AUSTRALIA"/>
<dc element="dc.source" value="Reuters"/>
</metadata>
</newsitem>
