<?xml version="1.0" encoding="iso-8859-1" ?>
<newsitem itemid="489512" id="root" date="1997-04-06" xml:lang="en">
<title>ITALY: SOCCER-PARMA CLOSE IN ON JUVENTUS.</title>
<headline>SOCCER-PARMA CLOSE IN ON JUVENTUS.</headline>
<byline>Chris Endean</byline>
<dateline>ROME 1997-04-06</dateline>
<text>
<p>Parma coach Carlo Ancelotti admitted to &quot;a little thought&quot; about the league title on Sunday after his team's impressive 3-0 home win over Sampdoria cut Juventus's lead at the top of serie A to three points.</p>
<p>With Juve visiting AC Milan later on Sunday, Parma are breathing fresh life into the title race.</p>
<p>At the start of the year Parma trailed the leaders by 11 points but a run of just two defeats in 12 matches has closed the gap.</p>
<p>Ancelotti emphasised that Parma's main aim is the runners-up spot and a place in the European Cup for the first time in their history.</p>
<p>&quot;Now we're three points behind, we can permit ourselves a little thought about the top spot,&quot; he said, &quot;but the victory is more important for second place.&quot;</p>
<p>Parma are now four points clear of their nearest challengers Internazionale, held 0-0 at Fiorentina on Saturday, and Bologna who beat Reggiana 3-2.</p>
<p>Hernan Crespo put Parma ahead in the 34th minute and fellow Argentine Nestor Sensini got the second in the 68th when he dived full-length to head in Reynald Pedros's cross.</p>
<p>Crespo added the third six minutes from time to push one-time title challengers Sampdoria into sixth place.</p>
<p>Bologna kept alive their hopes of rising from the third division to the heights of European football in just three seasons as they came from behind to defeat Reggiana.</p>
<p>Sebastiano Valencia put visiting Reggiana in front but Igor Kolyvanov levelled with a 45th minute penalty.</p>
<p>Kennet Andersson edged Bologna in front in the 54th minute and then set up Kolyvanov for his side's third.</p>
<p>Carlo Mazzone, coach of third from bottom Cagliari, had to be held back after a verbal clash with Argentine Carlos Bianchi, the man who took his place at Roma last season.</p>
<p>Third from bottom Cagliari won 2-1 with goals by Dario Silva and Sandro Tovalieri.</p>
<p>Cagliari are now a point behind Perugia whose 1-1 home draw with Napoli hinged on a controversial equaliser, punched into the net by Perugia's Milan Rapajic.</p>
<p>The match was held up for five minutes as the referee consulted his linesman and then had to deal with the angry protests of Napoli's players.</p>
<p>The ill-gotten point was not sufficient to lift Perugia clear of the relegation zone. They still trail Piacenza on goal difference despite the latter's 2-0 defeat at sixth-placed Lazio.</p>
</text>
<copyright>(c) Reuters Limited 1997</copyright>
<metadata>
<codes class="bip:countries:1.0">
  <code code="ITALY">
    <editdetail attribution="Reuters BIP Coding Group" action="confirmed" date="1997-04-06"/>
  </code>
</codes>
<codes class="bip:topics:1.0">
  <code code="GCAT">
    <editdetail attribution="Reuters BIP Coding Group" action="confirmed" date="1997-04-06"/>
  </code>
  <code code="GSPO">
    <editdetail attribution="Reuters BIP Coding Group" action="confirmed" date="1997-04-06"/>
  </code>
</codes>
<dc element="dc.date.created" value="1997-04-06"/>
<dc element="dc.publisher" value="Reuters Holdings Plc"/>
<dc element="dc.date.published" value="1997-04-06"/>
<dc element="dc.source" value="Reuters"/>
<dc element="dc.creator.location" value="ROME"/>
<dc element="dc.creator.location.country.name" value="ITALY"/>
<dc element="dc.source" value="Reuters"/>
</metadata>
</newsitem>
