<?xml version="1.0" encoding="iso-8859-1" ?>
<newsitem itemid="489502" id="root" date="1997-04-06" xml:lang="en">
<title>ITALY: SOCCER SHOWCASE-MILAN CRASH TO HEAVIEST EVER LEAGUE DEFEAT.</title>
<headline>SOCCER SHOWCASE-MILAN CRASH TO HEAVIEST EVER LEAGUE DEFEAT.</headline>
<byline>Stefano Ribaudi</byline>
<dateline>MILAN 1997-04-06</dateline>
<text>
<p>AC Milan crashed to their biggest ever league defeat on Sunday when they lost 6-1 to arch-rivals Juventus in front of their own fans at the San Siro stadium.</p>
<p>&quot;It was a real thrashing,&quot; acknowledged club president Silvio Berlusconi after one of the worst setbacks in his 11-year presidency. &quot;Perhaps nothing like this has ever happened in the red-and-black's history.&quot;</p>
<p>Milan's previous heaviest losses in the Italian league were 5-1 at home to Genoa in the 1950s and 5-1 to Fiorentina way back in the early 1930s.</p>
<p>In an humiliating capitulation, the five-times European champions were three down after 50 minutes as Juventus scored twice through Vladimir Jugovic and once from a Zinedine Zidane penalty.</p>
<p>Italians Christian Vieri and Nicola Amoruso had made it 5-0 before the home side finally got on the scoresheet through Marco Simone.</p>
<p>Vieri then added a sixth for Juventus.</p>
<p>The margin of defeat plunged Milan back into crisis after a run of four matches without conceding a goal.</p>
<p>That run looked to have stopped the rot that had seen the club sack Uruguayan coach Oscar Washington Tabarez and crash out of the European Cup after losing to Norwegian outsiders Rosenborg Trondheim in the San Siro in December.</p>
<p>&quot;It was one of those days when everything you do goes wrong,&quot; acknowledged current coach Arrigo Sacchi. &quot;An evening to forget in a hurry.&quot;</p>
<p>But the fans may not let him forget. After the match they gathered under the director's box yelling &quot;Sack him&quot;.</p>
<p>Juventus coach Marcello Lippi admitted the margin of victory left his side closer than ever to a record 24th league title.</p>
<p>&quot;We're even more convinced that we can win the championship,&quot; said Lippi, &quot;but I'm sure that Parma don't think the race is over yet.&quot;</p>
<p>The victory leaves Juventus six points clear of their nearest challengers Parma who had narrowed the gap to three points earlier on Sunday with an impressive 3-0 win over Sampdoria.</p>
<p>The only blackmark on Juve's evening was a re-occurrence of Alen Boksic's leg injury that threatens to keep the Croat striker out of the European Cup semifinal against Ajax next Wednesday.</p>
<p>There was little sign of the rout to come in the opening minutes which Milan dominated.</p>
<p>But in the 14th minute Vieri gave warning of Juve's power, turning Paolo Maldini 30 metres out and unleashing a fierce shot that had Sebastiano Rossi scrambling across his goal.</p>
<p>In the 19th minute, Vieri again demonstrated why he is rated as Italy's best young striker by setting up Juve's opener.</p>
<p>The 23-year-old brushed off Franco Baresi's challenge before firing a snapshot that Rossi could only parry. The ball fell to Jugovic on the penalty spot who volleyed into the empty net.</p>
<p>Milan kept their heads and were unlucky not to level when Cristophe Dugarry's header from the edge of penalty area looked like looping over Angelo Peruzzi until the Italian keeper somehow tipped the ball over.</p>
<p>On the half-hour, however, luck delivered a cruel blow to the champions from which they never recovered.</p>
<p>Jugovic's long-range effort was heading nowhere until it rebounded off two Milan defenders to fall at the feet of the unmarked Boksic.</p>
<p>Maldini's desperate tackle only succeeded in tripping Boksic and Zidane converted the penalty.</p>
<p>At half-time, Berlusconi praised his side claiming Juventus had taken the 2-0 lead from their only attacks of the match.</p>
<p>Within five minutes of the restart, however, Berlusconi watched in silence as Jugovic underlined the defensive frailities of Milan's ageing side by cutting in from the right flank virtually unopposed to beat Rossi at his near post.</p>
<p>Suddenly Milan's spring resurgence had been stemmed and the dark days that led to the dismissal of Tabarez were returning to haunt Sacchi.</p>
<p>It was a measure of the coach's desperation that he put his personal differences with Roberto Baggio to one side and sent on the former Italy international from the bench.</p>
<p>But it was too little, too late. In the 70th minute a Baggio header was again brilliantly saved at his near post by the inspired Peruzzi.</p>
<p>Then, a minute later, Vieri beat a lacklustre off-side trap for his side's fourth and, as Milan's defence capitulated, Amoruso made it 5-0.</p>
<p>With fans leaving the stadium in their hundreds, Marco Simone finally beat Peruzzi to score Milan's solitary goal.</p>
<p>But Juventus were still not finished and Vieri made 37-year-old Baresi look his age, outpacing the veteran sweeper before beating the hapless Rossi.</p>
<p>&quot;Milan did not play that badly,&quot; Berlusconi told reporters after the debacle. &quot;2-1 for the black-and-whites would have been fairer. Now let me go down to the changing rooms. I must lift Milan's morale.&quot;</p>
<p>Teams:</p>
<p>Milan - 1-Sebastiano Rossi, 3-Paolo Maldini, 14-Michael Reiziger, 6-Franco Baresi, 29-Pietro Vierchowod, 34-Jesper Blomqvist (18-Roberto Baggio 60), 20-Zvonimir Boban, 8-Marcel Desailly (21-Mauro Tassotti 81), 10-Dejan Savicevic, 23-Marco Simone, 19-Cristophe Dugarry</p>
<p>Juventus - 1-Angelo Peruzzi, 6-Manuel Dimas, 5-Sergio Porrini (22-Gianluca Pessotto 74), 2-Ciro Ferrara, 13-Mark Iuliano, 7-Angelo Di Livio, 20-Alessio Tacchinardi, 21-Zinedine Zidane (19-Atilio Lombardo 75), 18-Vladimir Jugovic, 9-Alen Boksic (16-Nicola Amoruso 39), 15-Christian Vieri</p>
</text>
<copyright>(c) Reuters Limited 1997</copyright>
<metadata>
<codes class="bip:countries:1.0">
  <code code="ITALY">
    <editdetail attribution="Reuters BIP Coding Group" action="confirmed" date="1997-04-06"/>
  </code>
</codes>
<codes class="bip:topics:1.0">
  <code code="GCAT">
    <editdetail attribution="Reuters BIP Coding Group" action="confirmed" date="1997-04-06"/>
  </code>
  <code code="GSPO">
    <editdetail attribution="Reuters BIP Coding Group" action="confirmed" date="1997-04-06"/>
  </code>
</codes>
<dc element="dc.date.created" value="1997-04-06"/>
<dc element="dc.publisher" value="Reuters Holdings Plc"/>
<dc element="dc.date.published" value="1997-04-06"/>
<dc element="dc.source" value="Reuters"/>
<dc element="dc.creator.location" value="MILAN"/>
<dc element="dc.creator.location.country.name" value="ITALY"/>
<dc element="dc.source" value="Reuters"/>
</metadata>
</newsitem>
