<?xml version="1.0" encoding="iso-8859-1" ?>
<newsitem itemid="489540" id="root" date="1997-04-06" xml:lang="en">
<title>UK: HORSE RACING-ONLY TWO LIKELY TO MISS RE-SCHEDULED NATIONAL.</title>
<headline>HORSE RACING-ONLY TWO LIKELY TO MISS RE-SCHEDULED NATIONAL.</headline>
<byline>Dave Thompson</byline>
<dateline>LIVERPOOL, England 1997-04-06</dateline>
<text>
<p>Only two horses look like missing Monday's re-scheduled Grand National, leaving 36 runners.</p>
<p>&quot;Everyone is very pleased considering the circumstances,&quot; an Aintree spokesman said on Sunday.</p>
<p>Belmont King, who had been quoted at 25-1 is a likely non-runner given the faster ground, and 200-1 complete outsider Over The Stream is also expected to miss the event.</p>
<p>Many of the horses spent the night stabled at nearby Haydock Park racecourse after their ordeal on Saturday when they had to be left for more than two hours during the early part of the security alert which caused the race to be postponed.</p>
<p>An estimated 15 million people gambled about 70 million sterling (112 million dollars) on Saturday's ill-fated event.</p>
<p>David Hill, spokesman for bookmakers William Hill, said &quot;At this time all bets on the race stand. However, bets placed on Saturday on horses that are withdrawn will be refunded.&quot;</p>
<p>Bets struck on the course on the Tote have been declared void and money will be returned to punters.</p>
<p>Suny Bay had been among the favourites on Saturday at around 8-1 but on a faster surface may drift a shade in the betting.</p>
<p>Trainer Jenny Pitman, who has twice won the Grand National, saddles her two runners Nahthen Lad and Smith's Band, both 14-1 chances.</p>
<p>She was in tears on Saturday when the horses had to be left on their own. On Sunday she said: &quot;We can't not go on (with the race).&quot;</p>
<p>Charles Barnett, Aintree managing director, said: &quot;Working closely with the police we are going to great lengths to ensure that we stage the big race on Monday. Our staff are sparing no effort in preparing the course and facilities.&quot;</p>
<p>The Grand National will be raced on its own with no supporting events.</p>
</text>
<copyright>(c) Reuters Limited 1997</copyright>
<metadata>
<codes class="bip:countries:1.0">
  <code code="UK">
    <editdetail attribution="Reuters BIP Coding Group" action="confirmed" date="1997-04-06"/>
  </code>
</codes>
<codes class="bip:topics:1.0">
  <code code="GCAT">
    <editdetail attribution="Reuters BIP Coding Group" action="confirmed" date="1997-04-06"/>
  </code>
  <code code="GSPO">
    <editdetail attribution="Reuters BIP Coding Group" action="confirmed" date="1997-04-06"/>
  </code>
</codes>
<dc element="dc.date.created" value="1997-04-06"/>
<dc element="dc.publisher" value="Reuters Holdings Plc"/>
<dc element="dc.date.published" value="1997-04-06"/>
<dc element="dc.source" value="Reuters"/>
<dc element="dc.creator.location" value="LIVERPOOL, England"/>
<dc element="dc.creator.location.country.name" value="UK"/>
<dc element="dc.source" value="Reuters"/>
</metadata>
</newsitem>
