<?xml version="1.0" encoding="iso-8859-1" ?>
<newsitem itemid="489606" id="root" date="1997-04-06" xml:lang="en">
<title>FRANCE: SOCCER-FRENCH LEAGUE SUMMARIES.</title>
<headline>SOCCER-FRENCH LEAGUE SUMMARIES.</headline>
<dateline>PARIS 1997-04-06</dateline>
<text>
<p>Summaries of French first division</p>
<p>matches on Sunday:</p>
<p> Guingamp		1 - Wreh 42</p>
<p> Caen		    1 - Nee 20</p>
<p>HT: 1-1 Att: 8,000</p>
<p>- - - -</p>
<p> Lens		    1 - Vairelles 71</p>
<p> Bastia		  1 - Siljak 45</p>
<p>HT: 1-1 Att: 15,000</p>
<p>- - - -</p>
<p>Played Saturday:</p>
<p>  Nice		    1 - Chaouch 20</p>
<p> Cannes		   0 - Fugen 77 own goal</p>
<p>HT:  Att: 4,000</p>
<p>Red card: Fugen (N) 86</p>
<p>- - - -</p>
<p> Le Havre		0</p>
<p> Metz		    0</p>
<p>HT:0-0  Att: 8,000</p>
<p>- - - -</p>
<p> Lyon		    2 - Laville 66, Giuly 90</p>
<p> Auxerre		 0</p>
<p>HT: 0-0  Att: 22,000</p>
<p>- - - -</p>
<p> Nantes		  1 - N'Doram 22</p>
<p> Marseille	     1 - Libbra 90</p>
<p>HT: 1-0 Att: 38,500</p>
<p>Red card: Letchkov (M) 90</p>
<p>- - - -</p>
<p> Nancy		   2 - Correa 20, 74</p>
<p> Strasbourg	    0</p>
<p>HT: 1-0 Att: 10,000</p>
<p>- - - -</p>
<p> Paris St Germain    1 - Pouget 72</p>
<p> Rennes		  1 - Guivarch 37 pen</p>
<p>HT: 0-1 Att: 25,000</p>
<p>- - - -</p>
<p> Montpellier	   2 - Bakayoko 5, 13</p>
<p> Bordeaux		0</p>
<p>HT: 2-0 Att: 9,000</p>
<p>- - - -</p>
<p>Played Friday:</p>
<p> Monaco		  2 - Ikpeba 61, Legwinski 69</p>
<p> Lille		   0</p>
<p>HT: 0-0  Att: 2,000</p>
</text>
<copyright>(c) Reuters Limited 1997</copyright>
<metadata>
<codes class="bip:countries:1.0">
  <code code="FRA">
    <editdetail attribution="Reuters BIP Coding Group" action="confirmed" date="1997-04-06"/>
  </code>
</codes>
<codes class="bip:topics:1.0">
  <code code="GCAT">
    <editdetail attribution="Reuters BIP Coding Group" action="confirmed" date="1997-04-06"/>
  </code>
  <code code="GSPO">
    <editdetail attribution="Reuters BIP Coding Group" action="confirmed" date="1997-04-06"/>
  </code>
</codes>
<dc element="dc.date.created" value="1997-04-06"/>
<dc element="dc.publisher" value="Reuters Holdings Plc"/>
<dc element="dc.date.published" value="1997-04-06"/>
<dc element="dc.source" value="Reuters"/>
<dc element="dc.creator.location" value="PARIS"/>
<dc element="dc.creator.location.country.name" value="FRANCE"/>
<dc element="dc.source" value="Reuters"/>
</metadata>
</newsitem>
