<?xml version="1.0" encoding="iso-8859-1" ?>
<newsitem itemid="489667" id="root" date="1997-04-06" xml:lang="en">
<title>UK: Major warns Britain against IRA bomb complacency.</title>
<headline>Major warns Britain against IRA bomb complacency.</headline>
<byline>Lyndsay Griffiths</byline>
<dateline>LONDON 1997-04-06</dateline>
<text>
<p>Prime Minister John Major urged Britain on Sunday not to be &quot;lulled into a false sense of security&quot; by a spate of suspected IRA bomb scares that have wreaked havoc but cost no lives.</p>
<p>He said the Irish Republican Army, which is fighting to end British rule in northern Ireland, were clearly to blame for a bomb scare that wrecked Saturday's Grand National and that such actions would only hinder efforts to clinch a real peace.</p>
<p>&quot;We've now had two or three of these incidents in the last week,&quot; Major said of recent bomb scares across Britain.</p>
<p>&quot;These people (the IRA) are murderers. They have murdered before. They will murder again, and people ought not to take these threats lightly,&quot; he said.</p>
<p>&quot;There's a great danger that people will be lulled into a false sense of security and then there will be a bomb,&quot; Major said on BBC television's Breakfast with Frost show.</p>
<p>Security sources believe two bomb alerts on British motorways this week and the forced abandoning of the Grand National at Aintree fell into the pattern of past IRA strategy.</p>
<p>Major said he had &quot;no doubt&quot; the IRA was to blame for the Aintree scare, which left race-goers stranded and forced the abandonment of the best-known race in the sporting calendar.</p>
<p>Officials scoured the Liverpool race track on Sunday while in the capital, police were on their guard for similar threats at soccer's League Cup final at Wembley in north London.</p>
<p>Middlesbrough play Leicester City in the high-profile game, with the stadium expected to be filled to its 80,000 capacity.</p>
<p>&quot;We would appeal to everyone to keep a close eye out for anything dubious,&quot; said a Wembley spokesman.</p>
<p>The spate of bomb warnings and  disruptive hoaxes comes as Britain's politicians campaign for a May 1 election that the ruling Conservatives are widely tipped to lose.</p>
<p>But Major said the stepped-up campaign -- which has closed busy highways and caused chaos at key train stations -- would not help the IRA's political allies, Sinn Fein, win a seat at peace talks.</p>
<p>&quot;If the lunatic who dreamed this up believed it was going to get Sinn Fein into the talks earlier they were utterly wrong,&quot; said Major of the Aintree scare.</p>
<p>&quot;It puts it back. It certainly doesn't put it forward.&quot;</p>
<p>British politicians say Northern Ireland will remain part of Britain so long as a majority, which is currently pro-British and Protestant, want it to remain so. The IRA says the province is a colonial relic which should be ruled by Dublin.</p>
</text>
<copyright>(c) Reuters Limited 1997</copyright>
<metadata>
<codes class="bip:countries:1.0">
  <code code="UK">
    <editdetail attribution="Reuters BIP Coding Group" action="confirmed" date="1997-04-06"/>
  </code>
</codes>
<codes class="bip:topics:1.0">
  <code code="GCAT">
    <editdetail attribution="Reuters BIP Coding Group" action="confirmed" date="1997-04-06"/>
  </code>
  <code code="GPOL">
    <editdetail attribution="Reuters BIP Coding Group" action="confirmed" date="1997-04-06"/>
  </code>
  <code code="GVIO">
    <editdetail attribution="Reuters BIP Coding Group" action="confirmed" date="1997-04-06"/>
  </code>
</codes>
<dc element="dc.date.created" value="1997-04-06"/>
<dc element="dc.publisher" value="Reuters Holdings Plc"/>
<dc element="dc.date.published" value="1997-04-06"/>
<dc element="dc.source" value="Reuters"/>
<dc element="dc.creator.location" value="LONDON"/>
<dc element="dc.creator.location.country.name" value="UK"/>
<dc element="dc.source" value="Reuters"/>
</metadata>
</newsitem>
