<?xml version="1.0" encoding="iso-8859-1" ?>
<newsitem itemid="489629" id="root" date="1997-04-06" xml:lang="en">
<title>ITALY: SOCCER-PARMA CLOSER TO FIRST-EVER EUROPEAN CUP PLACE.</title>
<headline>SOCCER-PARMA CLOSER TO FIRST-EVER EUROPEAN CUP PLACE.</headline>
<dateline>ROME 1997-04-06</dateline>
<text>
<p>Parma moved closer towards winning a place in the European Cup for the first time in their history on Sunday thanks to an impressive 3-0 home win over Sampdoria.</p>
<p>Two goals by Hernan Crespo and a third from fellow Argentine Nestor Sensini tightened Parma's grip on second place in Serie A and automatic entry into next season's new-look Champions' League.</p>
<p>Carlo Ancelotti's side enjoy a four-point lead over third-placed Bologna, 3-2 winners at home to Reggiana, and Internazionale, held to a scoreless draw at Fiorentina on Saturday.</p>
<p>The win could also breathe new life into a championship race dominated for most of the season by European champions Juventus.</p>
<p>Juve, with a tough away match at Milan later on Sunday, are now just three points clear of Parma.</p>
<p>Cagliari gained vital points in their battle to escape the relegation zone thanks to a 2-1 win over Roma, their manager Carlo Mazzone's former side.</p>
</text>
<copyright>(c) Reuters Limited 1997</copyright>
<metadata>
<codes class="bip:countries:1.0">
  <code code="ITALY">
    <editdetail attribution="Reuters BIP Coding Group" action="confirmed" date="1997-04-06"/>
  </code>
</codes>
<codes class="bip:topics:1.0">
  <code code="GCAT">
    <editdetail attribution="Reuters BIP Coding Group" action="confirmed" date="1997-04-06"/>
  </code>
  <code code="GSPO">
    <editdetail attribution="Reuters BIP Coding Group" action="confirmed" date="1997-04-06"/>
  </code>
</codes>
<dc element="dc.date.created" value="1997-04-06"/>
<dc element="dc.publisher" value="Reuters Holdings Plc"/>
<dc element="dc.date.published" value="1997-04-06"/>
<dc element="dc.source" value="Reuters"/>
<dc element="dc.creator.location" value="ROME"/>
<dc element="dc.creator.location.country.name" value="ITALY"/>
<dc element="dc.source" value="Reuters"/>
</metadata>
</newsitem>
