<?xml version="1.0" encoding="iso-8859-1" ?>
<newsitem itemid="489623" id="root" date="1997-04-06" xml:lang="en">
<title>GERMANY: SOCCER-GERMAN FIRST DIVISION RESULT.</title>
<headline>SOCCER-GERMAN FIRST DIVISION RESULT.</headline>
<dateline>BONN 1997-04-06</dateline>
<text>
<p>Result of a soccer match played</p>
<p>in the German first division on Sunday:</p>
<p> Freiburg		     1 VfB Stuttgart		 1</p>
<p>Played on Saturday </p>
<p> Fortuna Duesseldorf	2  St. Pauli		    0</p>
<p> Borussia Dortmund	  2  Bochum			 0</p>
<p> Karlsruhe		    0  Schalke			0</p>
<p> Werder Bremen		2  Arminia Bielefeld	  1</p>
<p> Hamburg			0  Bayern Munich		3</p>
<p> Hansa Rostock		1  Bayer Leverkusen	   0</p>
<p>Played on Friday:</p>
<p> 1860 Munich		  3 Borussia Moenchengladbach  0</p>
<p> Cologne			2 Duisburg			 5</p>
</text>
<copyright>(c) Reuters Limited 1997</copyright>
<metadata>
<codes class="bip:countries:1.0">
  <code code="GFR">
    <editdetail attribution="Reuters BIP Coding Group" action="confirmed" date="1997-04-06"/>
  </code>
</codes>
<codes class="bip:topics:1.0">
  <code code="GCAT">
    <editdetail attribution="Reuters BIP Coding Group" action="confirmed" date="1997-04-06"/>
  </code>
  <code code="GSPO">
    <editdetail attribution="Reuters BIP Coding Group" action="confirmed" date="1997-04-06"/>
  </code>
</codes>
<dc element="dc.date.created" value="1997-04-06"/>
<dc element="dc.publisher" value="Reuters Holdings Plc"/>
<dc element="dc.date.published" value="1997-04-06"/>
<dc element="dc.source" value="Reuters"/>
<dc element="dc.creator.location" value="BONN"/>
<dc element="dc.creator.location.country.name" value="GERMANY"/>
<dc element="dc.source" value="Reuters"/>
</metadata>
</newsitem>
