<?xml version="1.0" encoding="iso-8859-1" ?>
<newsitem itemid="489693" id="root" date="1997-04-06" xml:lang="en">
<title>USA: Delta increases summer flights from Atlanta.</title>
<headline>Delta increases summer flights from Atlanta.</headline>
<dateline>ATLANTA 1997-04-06</dateline>
<text>
<p>Delta Air Lines said Friday that it will have 611 daily departures at the Hartsfield Atlanta International Airport under its summer 1997 schedule.</p>
<p>The carrier said it now offers 587 daily departures from the Atlanta airport.</p>
<p>Delta said the summer schedule builds on changes that include an expansion of Delta's Atlanta Worldport.</p>
<p>&quot;These moves to redeploy Delta's aircraft to the most productive routes for the company,&quot; the company said in a release. &quot;We expect the changes to strengthen operating performance.&quot;</p>
<p>It said new flights include its first service to Brazil, which will begin on June 15 with flights to Sao Paulo and Rio de Janiero.</p>
<p>Delta said the start-up date is contingent upon the timely receipt of government approvals.</p>
</text>
<copyright>(c) Reuters Limited 1997</copyright>
<metadata>
<codes class="bip:countries:1.0">
  <code code="BRAZ">
    <editdetail attribution="Reuters BIP Coding Group" action="confirmed" date="1997-04-06"/>
  </code>
  <code code="USA">
    <editdetail attribution="Reuters BIP Coding Group" action="confirmed" date="1997-04-06"/>
  </code>
</codes>
<codes class="bip:industries:1.0">
  <code code="I75000">
    <editdetail attribution="Reuters BIP Coding Group" action="confirmed" date="1997-04-06"/>
  </code>
</codes>
<codes class="bip:topics:1.0">
  <code code="C22">
    <editdetail attribution="Reuters BIP Coding Group" action="confirmed" date="1997-04-06"/>
  </code>
  <code code="CCAT">
    <editdetail attribution="Reuters BIP Coding Group" action="confirmed" date="1997-04-06"/>
  </code>
</codes>
<dc element="dc.date.created" value="1997-04-06"/>
<dc element="dc.publisher" value="Reuters Holdings Plc"/>
<dc element="dc.date.published" value="1997-04-06"/>
<dc element="dc.source" value="Reuters"/>
<dc element="dc.creator.location" value="ATLANTA"/>
<dc element="dc.creator.location.country.name" value="USA"/>
<dc element="dc.source" value="Reuters"/>
</metadata>
</newsitem>
