<?xml version="1.0" encoding="iso-8859-1" ?>
<newsitem itemid="489602" id="root" date="1997-04-06" xml:lang="en">
<title>USA: GOLF-SCORES IN THUNDERSTORM-MARRED THIRD ROUND IN NEW ORLEANS.</title>
<headline>GOLF-SCORES IN THUNDERSTORM-MARRED THIRD ROUND IN NEW ORLEANS.</headline>
<dateline>NEW ORLEANS 1997-04-05</dateline>
<text>
<p>Standings Saturday at the</p>
<p>$1.5 million Freeport-McDermott Classic at the 7,116 yard, par</p>
<p>72 English Turn G.C., where thunderstorms prevented all</p>
<p>players from completing the third round (players U.S. unless</p>
<p>stated):</p>
<p>-12 Larry Rinker 8 holes completed</p>
<p>-11 Scott McCarron 8</p>
<p>-10 Brad Faxon 8</p>
<p>-9 Kirk Triplett 9  </p>
<p>-8 Jose Maria Olazabal (Spain) 9</p>
<p>-8 David Toms 9</p>
<p>-7 Jerry Kelly 14</p>
<p>-7 Davis Love 10</p>
<p>-7 Billy Mayfair 10</p>
<p>-6 Bill Glasson 16</p>
<p>-6 Steve Pate 16</p>
<p>-6 Steve Lowery 16</p>
<p>-6 Joel Edwards 16</p>
<p>-6 Marco Dawson 12</p>
<p>-6 Russ Cochran 12</p>
<p>-6 Brad Bryant 10</p>
<p>-6 Scott Hoch 10</p>
<p>-6 Neal Lancaster 9</p>
<p>-6 Michael Christie 9</p>
<p>Add other international players</p>
<p>-4 Steve Ekington (Australia) 16</p>
<p>-4 Yoshinori Kaneko (Japan) 16</p>
<p>-4 Jesper Parnevik (Sweden)12</p>
<p>-4 Hideki Kase (Japan) 10</p>
<p>+1 Greg Norman (Australia) 12</p>
<p>+2 Grant Waite (New Zealand) 15</p>
<p>+2 Wayne Grady (Australia) 10</p>
</text>
<copyright>(c) Reuters Limited 1997</copyright>
<metadata>
<codes class="bip:countries:1.0">
  <code code="SPAIN">
    <editdetail attribution="Reuters BIP Coding Group" action="confirmed" date="1997-04-06"/>
  </code>
  <code code="USA">
    <editdetail attribution="Reuters BIP Coding Group" action="confirmed" date="1997-04-06"/>
  </code>
</codes>
<codes class="bip:topics:1.0">
  <code code="GCAT">
    <editdetail attribution="Reuters BIP Coding Group" action="confirmed" date="1997-04-06"/>
  </code>
  <code code="GSPO">
    <editdetail attribution="Reuters BIP Coding Group" action="confirmed" date="1997-04-06"/>
  </code>
</codes>
<dc element="dc.date.created" value="1997-04-05"/>
<dc element="dc.publisher" value="Reuters Holdings Plc"/>
<dc element="dc.date.published" value="1997-04-06"/>
<dc element="dc.source" value="Reuters"/>
<dc element="dc.creator.location" value="NEW ORLEANS"/>
<dc element="dc.creator.location.country.name" value="USA"/>
<dc element="dc.source" value="Reuters"/>
</metadata>
</newsitem>
