<?xml version="1.0" encoding="iso-8859-1" ?>
<newsitem itemid="489672" id="root" date="1997-04-06" xml:lang="en">
<title>UK: UK reschedules Grand National race after bomb scare.</title>
<headline>UK reschedules Grand National race after bomb scare.</headline>
<byline>Dave Thompson</byline>
<dateline>LIVERPOOL, England 1997-04-06</dateline>
<text>
<p>The 150th Grand National, the most popular horse race in Britain's sporting calendar, will be run on Monday after a suspected IRA bomb scare prevented the original race from starting, police said on Sunday.</p>
<p>&quot;I am delighted that we are going to run the world's greatest steeplechase tomorrow,&quot; said Charles Barnett, managing director of Aintree race course in northwest England. The race will begin at 1600 GMT.</p>
<p>The announcement came one day after telephoned bomb warnings forced the abandonment of the race -- which draws millions of bets -- and the evacuation of tens of thousands of people.</p>
<p>On Sunday, police continued to scour the thousands of cars still stranded at the race course as disappointed race-goers milled around.</p>
<p>Merseyside Assistant Chief Constable Paul Stephenson said no devices had been found but the search was continuing. &quot;No one has yet claimed responsibility for the bomb threats and we can all draw our own conclusions from that,&quot; he said.</p>
<p>Prime Minister John Major said he had &quot;no doubt&quot; the Irish Republican Army (IRA), fighting to end British rule in Northern Ireland, was to blame for the spectacular bomb scare and added that such disruptions would only hinder the peace process.</p>
<p>&quot;These people are murderers. They have murdered before. They will murder again, and people ought not to take these threats lightly,&quot; Major told BBC television.</p>
<p>He said such attacks, following a spate of similar scares at major road and rail points, would only hurt efforts by the IRA's political allies Sinn Fein to get back into the peace talks.</p>
<p>In Liverpool more than 2,000 people were forced to spend Saturday night sleeping on floors next to strangers, in hostels and leisure centres -- wherever they could find an empty corner out of the blustery weather. One couple slept in a hotel sauna, another racegoer in the stable lads' hostel on the course.</p>
<p>&quot;The public were ringing in with offers,&quot; said an employee at Liverpool's social services department. &quot;I think some pubs and clubs were open all night to try and help out.&quot;</p>
<p>Princess Anne, horse-loving daughter of Queen Elizabeth, and Oscar-winning actor Gregory Peck, were among the punters who fell victim to one of the biggest evacuations in sporting history.</p>
<p>Twenty-four hours after the scare, some 40,000 people were still locked out of their vehicles as security checks continued.</p>
<p>Increased security measures were expected close by at Anfield soccer ground, where Liverpool were to play Coventry City on Sunday in a Premier League match, and at Wembley stadium in north London for the League Cup soccer final.</p>
<p>&quot;Our advice to fans is to be extra vigilant, the same sort of advice we give to anyone in London in the current climate of possible terrorist activity,&quot; said a police spokesman in London.</p>
<p>At Aintree, race-goers hoped to reclaim their cars and head home but the process promised to be long as police and technical units searched every one of the estimated 7,000 vehicles.</p>
<p>Police carried out three controlled explosions on suspicious objects after the coded bomb warnings but all proved harmless.</p>
<p>Major warned Britain that the lack of actual bombs or injuries should not be allowed to breed complacency.</p>
<p>&quot;There's a great danger that people will be lulled into a false sense of security and then there will be a bomb,&quot; Major said on a BBC television show.</p>
<p>Britons have grown accustomed to security alerts and bomb scares, and the chief concern of many race-goers was their bets.</p>
<p>An estimated $120 million is bet on the Grand National and bookmakers said bets would stand for Monday's 1600 GMT re-run.</p>
</text>
<copyright>(c) Reuters Limited 1997</copyright>
<metadata>
<codes class="bip:countries:1.0">
  <code code="UK">
    <editdetail attribution="Reuters BIP Coding Group" action="confirmed" date="1997-04-06"/>
  </code>
</codes>
<codes class="bip:topics:1.0">
  <code code="GCAT">
    <editdetail attribution="Reuters BIP Coding Group" action="confirmed" date="1997-04-06"/>
  </code>
  <code code="GSPO">
    <editdetail attribution="Reuters BIP Coding Group" action="confirmed" date="1997-04-06"/>
  </code>
</codes>
<dc element="dc.date.created" value="1997-04-06"/>
<dc element="dc.publisher" value="Reuters Holdings Plc"/>
<dc element="dc.date.published" value="1997-04-06"/>
<dc element="dc.source" value="Reuters"/>
<dc element="dc.creator.location" value="LIVERPOOL, England"/>
<dc element="dc.creator.location.country.name" value="UK"/>
<dc element="dc.source" value="Reuters"/>
</metadata>
</newsitem>
