<?xml version="1.0" encoding="iso-8859-1" ?>
<newsitem itemid="489652" id="root" date="1997-04-06" xml:lang="en">
<title>UK: UK Labour opinion poll lead unaffected by gaffe.</title>
<headline>UK Labour opinion poll lead unaffected by gaffe.</headline>
<dateline>LONDON 1997-04-06</dateline>
<text>
<p>Britain's main opposition Labour Party has increased its opinion poll lead and remains 21 points clear of the ruling Conservatives ahead of May 1 elections, according to a survey in Monday's Daily Telegraph.</p>
<p>The Gallup poll gave Labour 53 percent, up one point from last week, while the Conservatives were also up one point to 32 percent. The Liberal Democrats saw their support drop to 10 from 11 percent.</p>
<p>The Telegraph said the poll showed that neither a rumpus over Labour leader Tony Blair's controversial statements on Scottish devolution nor Conservative claims that Blair is untrustworthy had dented Labour's massive lead.</p>
<p>The results formed part of a &quot;rolling poll&quot; which the Telegraph will publish daily between now and May 1. In the telephone poll, 300 people will be interviewed each day, rising to 500 in two week's time.</p>
<p>Each published poll will reflect answers from at least 1,000 people over the previous three days. Data from each day's interviews is added while the equivalent number of interviews conducted three days earlier is dropped.</p>
</text>
<copyright>(c) Reuters Limited 1997</copyright>
<metadata>
<codes class="bip:countries:1.0">
  <code code="UK">
    <editdetail attribution="Reuters BIP Coding Group" action="confirmed" date="1997-04-06"/>
  </code>
</codes>
<codes class="bip:topics:1.0">
  <code code="GCAT">
    <editdetail attribution="Reuters BIP Coding Group" action="confirmed" date="1997-04-06"/>
  </code>
  <code code="GPOL">
    <editdetail attribution="Reuters BIP Coding Group" action="confirmed" date="1997-04-06"/>
  </code>
  <code code="GVOTE">
    <editdetail attribution="Reuters BIP Coding Group" action="confirmed" date="1997-04-06"/>
  </code>
</codes>
<dc element="dc.date.created" value="1997-04-06"/>
<dc element="dc.publisher" value="Reuters Holdings Plc"/>
<dc element="dc.date.published" value="1997-04-06"/>
<dc element="dc.source" value="Reuters"/>
<dc element="dc.creator.location" value="LONDON"/>
<dc element="dc.creator.location.country.name" value="UK"/>
<dc element="dc.source" value="Reuters"/>
</metadata>
</newsitem>
