<?xml version="1.0" encoding="iso-8859-1" ?>
<newsitem itemid="489624" id="root" date="1997-04-06" xml:lang="en">
<title>SPAIN: SOCCER-BOOST FOR BARCELONA AS BETIS DRAW.</title>
<headline>SOCCER-BOOST FOR BARCELONA AS BETIS DRAW.</headline>
<dateline>MADRID 1997-04-06</dateline>
<text>
<p>Barcelona saw their hopes of taking Spain's second Champions' League place boosted on Sunday when they moved two points ahead of third-placed Real Betis.</p>
<p>While Barcelona brushed aside Sporting Gijon 4-0, Betis conceded a late goal in the 2-2 home draw with Racing Santander. The result means that Barcelona move to within six points of leaders Real Madrid who face Compostela on Monday.</p>
<p>Barcelona never looked in trouble, cruising to victory with goals from Ivan de la Pena, Juan Pizzi and Brazilians Giovanni and Ronaldo.</p>
<p>Espanyol pulled out of the danger zone with a 1-0 win at fellow strugglers Rayo Vallecano, while Valencia crashed 4-1 at Valladolid, prompting speculation that coach Jorge Valdano could be sacked.</p>
</text>
<copyright>(c) Reuters Limited 1997</copyright>
<metadata>
<codes class="bip:countries:1.0">
  <code code="SPAIN">
    <editdetail attribution="Reuters BIP Coding Group" action="confirmed" date="1997-04-06"/>
  </code>
</codes>
<codes class="bip:topics:1.0">
  <code code="GCAT">
    <editdetail attribution="Reuters BIP Coding Group" action="confirmed" date="1997-04-06"/>
  </code>
  <code code="GSPO">
    <editdetail attribution="Reuters BIP Coding Group" action="confirmed" date="1997-04-06"/>
  </code>
</codes>
<dc element="dc.date.created" value="1997-04-06"/>
<dc element="dc.publisher" value="Reuters Holdings Plc"/>
<dc element="dc.date.published" value="1997-04-06"/>
<dc element="dc.source" value="Reuters"/>
<dc element="dc.creator.location" value="MADRID"/>
<dc element="dc.creator.location.country.name" value="SPAIN"/>
<dc element="dc.source" value="Reuters"/>
</metadata>
</newsitem>
