<?xml version="1.0" encoding="iso-8859-1" ?>
<newsitem itemid="489663" id="root" date="1997-04-06" xml:lang="en">
<title>UK: RJB to link with NatPower on new plant-paper.</title>
<headline>RJB to link with NatPower on new plant-paper.</headline>
<dateline>LONDON 1997-04-06</dateline>
<text>
<p>RJB Mining Plc is expected to announce a deal with electricity generator National Power on Monday on the development of RJB's planned &quot;clean coal&quot; power station in West Yorkshire, British newspapers said at the weekend.</p>
<p>Saturday's Financial Times and the Sunday Times said National Power was set to join RJB and Texaco Inc to develop Britain's first commercial clean coal-fired power station.</p>
<p>In February, RJB Mining said it was working with Texaco on a joint study to explore the feasibility of developing a 400 megawatt plant on a site adjacent to its Kellingley Colliery in West Yorkshire.</p>
<p>Yorkshire-based RJB, the successor of British Coal in England and Wales, said in February the station would consume about one million tonnes of coal a year -- half the planned output of the Kellingley mine, which employs 700 people.</p>
<p>It said the plant would take about two years to build once planning consents were secured.</p>
<p>RJB officials were not available for comment on Sunday, and a National Power spokesman declined to comment on the reports.</p>
<p>-- London Newsroom +44 171 542 5887</p>
</text>
<copyright>(c) Reuters Limited 1997</copyright>
<metadata>
<codes class="bip:countries:1.0">
  <code code="UK">
    <editdetail attribution="Reuters BIP Coding Group" action="confirmed" date="1997-04-06"/>
  </code>
</codes>
<codes class="bip:industries:1.0">
  <code code="I11000">
    <editdetail attribution="Reuters BIP Coding Group" action="confirmed" date="1997-04-06"/>
  </code>
  <code code="I13000">
    <editdetail attribution="Reuters BIP Coding Group" action="confirmed" date="1997-04-06"/>
  </code>
  <code code="I1300003">
    <editdetail attribution="Reuters BIP Coding Group" action="confirmed" date="1997-04-06"/>
  </code>
  <code code="I16100">
    <editdetail attribution="Reuters BIP Coding Group" action="confirmed" date="1997-04-06"/>
  </code>
</codes>
<codes class="bip:topics:1.0">
  <code code="C33">
    <editdetail attribution="Reuters BIP Coding Group" action="confirmed" date="1997-04-06"/>
  </code>
  <code code="CCAT">
    <editdetail attribution="Reuters BIP Coding Group" action="confirmed" date="1997-04-06"/>
  </code>
</codes>
<dc element="dc.date.created" value="1997-04-06"/>
<dc element="dc.publisher" value="Reuters Holdings Plc"/>
<dc element="dc.date.published" value="1997-04-06"/>
<dc element="dc.source" value="Reuters"/>
<dc element="dc.creator.location" value="LONDON"/>
<dc element="dc.creator.location.country.name" value="UK"/>
<dc element="dc.source" value="Reuters"/>
</metadata>
</newsitem>
