<?xml version="1.0" encoding="iso-8859-1" ?>
<newsitem itemid="489625" id="root" date="1997-04-06" xml:lang="en">
<title>SPAIN: SOCCER-SPANISH FIRST DIVISION RESULTS/STANDINGS.</title>
<headline>SOCCER-SPANISH FIRST DIVISION RESULTS/STANDINGS.</headline>
<dateline>MADRID 1997-04-06</dateline>
<text>
<p>Results of Spanish first division</p>
<p>soccer matches on Sunday:</p>
<p> Barcelona	   4  Sporting Gijon    0</p>
<p> Valladolid	  4  Valencia	    1</p>
<p> Athletic Bilbao   0  Sevilla	     0</p>
<p> Extremadura	 3  Logrones	    0</p>
<p> Hercules	    2  Real Sociedad     1</p>
<p> Real Betis	  2  Racing Santander  2</p>
<p> Rayo Vallecano    0  Espanyol	    1</p>
<p> Deportivo Coruna  v  Zaragoza	    late kickoff</p>
<p>Played Saturday:</p>
<p> Celta Vigo	  3  Tenerife	    1</p>
<p> Oviedo		4  Atletico Madrid   1</p>
<p>Playing Monday:</p>
<p> Real Madrid	 v  Compostela	  </p>
<p>    Standings	    Pl     W    D    L   F  A   Pts</p>
<p>  1.Real Madrid	  31    21    9    1  66  25   72</p>
<p>  2.Barcelona	    32    20    6    6  80  38   66</p>
<p>  3.Real Betis	   32    19    9    4  70  34   64</p>
<p>  4.Deportivo Coruna   31    16   12    3  47  22   60</p>
<p>  5.Atletico Madrid    31    16    7    8  59  44   55</p>
<p>  6.Athletic Bilbao    32    11   15    6  57  44   48</p>
<p>  7.Valladolid	   32    13    9   10  44  37   48</p>
<p>  8.Real Sociedad	32    13    8   11  39  36   47</p>
<p>  9.Tenerife	     31    12    8   11  52  37   44</p>
<p> 10.Valencia	     32    12    7   13  47  45   43</p>
<p> 11.Racing Santander   32    10   12   10  37  36   42</p>
<p> 12.Celta Vigo	   32     9   12   11  38  40   39</p>
<p> 13.Oviedo		 32    10    8   14  40  50   38</p>
<p> 14.Compostela	   31     9    9   13  35  52   36</p>
<p> 15.Sporting Gijon     32     9    8   15  34  52   35</p>
<p> 16.Extremadura	  32     9    8   15  28  47   35</p>
<p> 17.Espanyol	     32     9    7   16  34  46   34</p>
<p> 18.Zaragoza	     31     7   12   12  39  50   33</p>
<p> 19.Rayo Vallecano     32     9    6   17  31  46   33</p>
<p> 20.Hercules	     32     8    4   20  29  59   28</p>
<p> 21.Logrones	     32     8    4   20  26  65   28</p>
<p> 22.Sevilla		32     7    5   20  29  56   26</p>
</text>
<copyright>(c) Reuters Limited 1997</copyright>
<metadata>
<codes class="bip:countries:1.0">
  <code code="SPAIN">
    <editdetail attribution="Reuters BIP Coding Group" action="confirmed" date="1997-04-06"/>
  </code>
</codes>
<codes class="bip:topics:1.0">
  <code code="GCAT">
    <editdetail attribution="Reuters BIP Coding Group" action="confirmed" date="1997-04-06"/>
  </code>
  <code code="GSPO">
    <editdetail attribution="Reuters BIP Coding Group" action="confirmed" date="1997-04-06"/>
  </code>
</codes>
<dc element="dc.date.created" value="1997-04-06"/>
<dc element="dc.publisher" value="Reuters Holdings Plc"/>
<dc element="dc.date.published" value="1997-04-06"/>
<dc element="dc.source" value="Reuters"/>
<dc element="dc.creator.location" value="MADRID"/>
<dc element="dc.creator.location.country.name" value="SPAIN"/>
<dc element="dc.source" value="Reuters"/>
</metadata>
</newsitem>
