<?xml version="1.0" encoding="iso-8859-1" ?>
<newsitem itemid="489716" id="root" date="1997-04-06" xml:lang="en">
<title>RUSSIA: Russian supply craft takes oxygen to Mir.</title>
<headline>Russian supply craft takes oxygen to Mir.</headline>
<byline>Viktor Anoshkin</byline>
<dateline>MOSCOW 1997-04-06</dateline>
<text>
<p>A Russian Progress-34 cargo craft blasted off on Sunday with oxygen reserves and equipment to help the two Russian cosmonauts and a U.S. astronaut aboard the Mir space station repair their on-board air supply.</p>
<p>The unmanned craft blasted off on on schedule at 1604 GMT, a spokesman for mission control in the town of Korolyov near Moscow said by telephone.</p>
<p>&quot;It is now in orbit already and preparing for docking,&quot; another mission control official said later.</p>
<p>Progress was carrying 50 kg (110 lb) of pure oxygen -- two weeks' supply -- for use in an emergency, the official said. There were also tools and parts for repairs to on-board oxygen-making equipment damaged by leaks to Mir's cooling system.</p>
<p>&quot;There's no reason for concern about a shortage of oxygen on the Mir station,&quot; said the official.</p>
<p>&quot;This problem will be resolved soon,&quot; he said, adding that there were enough oxygen balloons on board to last a month and that repairs would start as soon as Progress docked on Tuesday.</p>
<p>NASA officials said on Friday that the leaks had knocked out a device used to maintain breathable air on board.</p>
<p>They said backup systems were running and that repairs would start at the weekend but a senior NASA official said the U.S. space agency would nevertheless review safety on Mir before sending any more astronauts to live and work there.</p>
<p>Mir's current U.S. resident, Jerry Linenger, who has spent 82 days aboard the station, was to be replaced in mid-May by astronaut Michael Foale.</p>
<p>NASA officials said they hoped to get a new Russian-made oxygen generator aboard the shuttle Atlantis, which is bound for Mir on May 15.</p>
<p>NASA's shuttle-Mir programme director Frank Culbertson said the space station was showing its age but he was confident the Russians would keep it operating.</p>
<p>&quot;Right now it looks very positive. Unless there were some other failures, there is almost no likelihood we would change our plans,&quot; he said.</p>
<p>The 11-year-old space station has been hit by a series of problems, including a brief but intense fire which broke during use of the back-up oxygen supply.</p>
<p>An official from the Russian Space Agency, which coordinates manned space flights, said there were also big problems getting fuel for the Soyuz booster carrying the Progress into space.</p>
<p>As well as the air supply equipment, Progress is carrying food, scientific equipment, laundry and cleaning materials as well as presents from the relatives of those on board.</p>
</text>
<copyright>(c) Reuters Limited 1997</copyright>
<metadata>
<codes class="bip:countries:1.0">
  <code code="RUSS">
    <editdetail attribution="Reuters BIP Coding Group" action="confirmed" date="1997-04-06"/>
  </code>
  <code code="USA">
    <editdetail attribution="Reuters BIP Coding Group" action="confirmed" date="1997-04-06"/>
  </code>
</codes>
<codes class="bip:topics:1.0">
  <code code="GCAT">
    <editdetail attribution="Reuters BIP Coding Group" action="confirmed" date="1997-04-06"/>
  </code>
  <code code="GSCI">
    <editdetail attribution="Reuters BIP Coding Group" action="confirmed" date="1997-04-06"/>
  </code>
</codes>
<dc element="dc.date.created" value="1997-04-06"/>
<dc element="dc.publisher" value="Reuters Holdings Plc"/>
<dc element="dc.date.published" value="1997-04-06"/>
<dc element="dc.source" value="Reuters"/>
<dc element="dc.creator.location" value="MOSCOW"/>
<dc element="dc.creator.location.country.name" value="RUSSIA"/>
<dc element="dc.source" value="Reuters"/>
</metadata>
</newsitem>
