<?xml version="1.0" encoding="iso-8859-1" ?>
<newsitem itemid="489754" id="root" date="1997-04-06" xml:lang="en">
<title>ARGENTINA: Walesa says Russians won't block Poland's NATO entry.</title>
<headline>Walesa says Russians won't block Poland's NATO entry.</headline>
<dateline>BUENOS AIRES 1997-04-06</dateline>
<text>
<p>Former Polish leader Lech Walesa said in an interview published on Sunday that no Russian leader would risk using force to prevent Poland entering NATO.</p>
<p>Asked by Argentine newspaper La Nacion in Warsaw whether Poland's entrance to the Western alliance would be at risk if President Boris Yeltsin were replaced by another Russian leader, Walesea replied, &quot;No one in Moscow who knows how to calculate will take such a risk...Neither Poland nor NATO want to invade Russia and the Russians know it. Russia isn't in any condition to invade anyone either.&quot;</p>
<p>Walesa said that Russian opposition to the entrance of former Eastern bloc countries to NATO was due to lack of democratic experience and would turn out to be composed of idle threats.</p>
<p>&quot;They have lost their ideology, they haven'd found a new one, and, without democratic experience, they are looking for a threat as an incentive to act,&quot; he said, &quot;But I think that that's just propaganda for the moment.&quot;</p>
<p>Walesa said that he thought Eastern European countries should join NATO not because they can realistically expect to be defended in case of war, but rather because it cements them firmly into a peaceful group of allied nations.</p>
<p>&quot;No one is going to start a nuclear war because of Poland. I want to enter NATO in the peaceful sense. It's very easy: one block grows and so there isn't anything left to form another block...And so we have peace,&quot; he said.</p>
<p>The Russians will probably become closer to the West once their economy starts to grow, Walesa said.</p>
<p>&quot;What will happen in Russia manages to improve its economy? The Russians are going to like to be able to visit Washington, Paris, London, New York. There are times when it is worth ending the pattern of confrontation.&quot;</p>
<p>A former union boss and 1983 Nobel Peace Prize winner who became Poland's first post-communist leader in 1990, Walesa said that he was in a sense satisfied to have lost elections in 1995.</p>
<p>&quot;In democracy, the people who are best organised, with the best organisation, and have the most money are the ones who win. In revolutions the one who shows that he is a leader, not the political parties, is the one who wins...If I had won, that would have meant that the revolution was continuing and that, in a way, I had failed in my struggle. The world and the Poles should be glad of that.&quot;</p>
</text>
<copyright>(c) Reuters Limited 1997</copyright>
<metadata>
<codes class="bip:countries:1.0">
  <code code="ARG">
    <editdetail attribution="Reuters BIP Coding Group" action="confirmed" date="1997-04-06"/>
  </code>
  <code code="NATO">
    <editdetail attribution="Reuters BIP Coding Group" action="confirmed" date="1997-04-06"/>
  </code>
  <code code="POL">
    <editdetail attribution="Reuters BIP Coding Group" action="confirmed" date="1997-04-06"/>
  </code>
  <code code="RUSS">
    <editdetail attribution="Reuters BIP Coding Group" action="confirmed" date="1997-04-06"/>
  </code>
</codes>
<codes class="bip:topics:1.0">
  <code code="GCAT">
    <editdetail attribution="Reuters BIP Coding Group" action="confirmed" date="1997-04-06"/>
  </code>
  <code code="GDEF">
    <editdetail attribution="Reuters BIP Coding Group" action="confirmed" date="1997-04-06"/>
  </code>
  <code code="GDIP">
    <editdetail attribution="Reuters BIP Coding Group" action="confirmed" date="1997-04-06"/>
  </code>
</codes>
<dc element="dc.date.created" value="1997-04-06"/>
<dc element="dc.publisher" value="Reuters Holdings Plc"/>
<dc element="dc.date.published" value="1997-04-06"/>
<dc element="dc.source" value="Reuters"/>
<dc element="dc.creator.location" value="BUENOS AIRES"/>
<dc element="dc.creator.location.country.name" value="ARGENTINA"/>
<dc element="dc.source" value="Reuters"/>
</metadata>
</newsitem>
