<?xml version="1.0" encoding="iso-8859-1" ?>
<newsitem itemid="489781" id="root" date="1997-04-06" xml:lang="en">
<title>AUSTRALIA: Australian Commodities Roundup - April 7.</title>
<headline>Australian Commodities Roundup - April 7.</headline>
<dateline>SYDNEY 1996-04-07</dateline>
<text>
<p>NYMEX crude oil fell to its lowest level in over a year, gold steady despite continued pressure on the silver price, while base metals were mainly firmer in London on Friday.</p>
<p>LME METALS</p>
<p>Jittery base metals markets probed higher, then turned back on Friday, a day after heavy fund liquidation sent prices tumbling on the London Metal Exchange.</p>
<p>Copper, aluminium and zinc, the worst hit in the selloff, had all logged some distance from Thursday's lows by the end of the morning rings, aided by drawdowns in London Metal Exchange (LME) inventories. But they reversed course, with copper at the helm, during the kerb.</p>
<p>Three months copper, which had tumbled some $60 to a low of $2,320 on Thursday by the late close, finished the morning kerb at $2,336 per tonne, down $4 from the previous kerb close. It turned back at a high of $2,349, after failing to pierce $2,350 resistance. Cash to threes backwardation, which flared by about $10 from morning levels to $50/$51 on a bout of borrowing in the rings, also narrowed. It was last indicated at $42/$47.</p>
<p>Aluminium also pared gains on the kerb, although it was holding on better than copper. Prices finished the kerb at $1,618, which was off the high of the day of $1,622 but still $9 stronger than Thursday's weak close.</p>
<p>Aluminium faced tough resistance at $1,625 and up after fund liquidation pushed it below the $1,630 support level on Thursday. Support was at $1,600. Still, a stock drop of 7,875 tonnes was supportive.</p>
<p>Zinc similarly was off highs but still in the plus column following the gloom of Thursday's selloff.</p>
<p>Aided by a 4,625 tonne stock drop, zinc had climbed to a high of $1,279 per tonne, but ended the kerb at $1,267, which was a gain of $8 from the previous kerb close.</p>
<p>Nickel was $10 easier at $7,620. But it had recovered from a test of the downside in the pre-market, when in it hit a low of $7,520. An inventory rise of 306 tonnes was shrugged off.</p>
<p>Tin, which alone was virtually unaffected by the sell-off, remained quiet and steady at $5,830/40, versus $5,850. Stocks were up 60 tonnes. Alloy was unchanged at $1,515 after a small 280-tonne stock decline.</p>
<p>- - - -</p>
<p>GOLD</p>
<p>COMEX and NYMEX precious metals futures recovered slightly from early weakness Friday to end mostly higher, after silver led the complex lower for most of the week. COMEX May silver closed up 1.2 cents at $4.740 an ounce, after an inside-range-day, following the slump to a contract low at $4.655 Thursday. COMEX June gold ended up 30 cents at $351.80 an ounce, with the contract still seen trapped in the $350-355 range it has been in for the past month. In the bullion market, spot gold ended quoted $348.50/00, compared to the London Friday afternoon fix at $347.40, and the New York close Thursday around $348.50/00.</p>
<p>- - - -</p>
<p>CBOT WHEAT</p>
<p>Rainfall this week in some  key hard red winter wheat areas of the U.S. Great Plains pressured CBOT soft red winter wheat futures to a lower close, traders said. Technicians said the wheat market broke this week on fund long liquidation. Sell-stops of up to 10 million bushels were hit in late and fast dealings Thursday, they said. Bearishness from a sharp, nearly limit-down move in soybean futures also spilled into the wheat market. Wheat closed 1-1/2 to 11 cents per bushel lower, with May down 3-1/4 at $3.71-3/4 a bushel. July closed down 1-1/2 cents at $3.71-1/2.</p>
<p>- - - -</p>
<p>NYMEX OIL</p>
<p>NEW YORK - NYMEX crude ended sharply lower Friday after the spot month fell below $19.00 a barrel for the first time in over a year as ample supply continued to hammer oil prices. May crude ended off 35 cents at $19.12 a barrel. May gasoline closed off 0.42 cent at 60.48 cents a gallon. May heating oil ended off 0.12 cent at 53.14 cents a gallon.</p>
<p>- - - -  </p>
<p>Last trades or bids for key Australian-interest commodities. Previous close in brackets.</p>
<p>Commodities Research Bureau Index		240.35 ( 241.62)</p>
<p>U.S.</p>
<p>Copper h.grade (Comex 2nd mth USc/lb)	  108.3  ( 106.85)</p>
<p>Copper wirebars (USc/lb bid)		     115.625(114.63)</p>
<p>Lead Scrap (USc/lb bid)			     10    ( 10)</p>
<p>Aluminium (USc/lb bid)				78.5  ( 77.75)</p>
<p>Platinum (JMI based US$/oz last)		 363    (368)</p>
<p>Palladium (JMI based US$/oz last)		149    (150)</p>
<p>Silver (H&amp;H US$/oz last)			     4.74 (  4.815)</p>
<p>Gold Bullion (H&amp;H US$/oz last)		   347.4  (348.75)</p>
<p>Gold (Comex 2nd mth US$/oz)			350    (349.7)</p>
<p>Crude oil (NYMEX light 2nd mth US$/bbl)	 19.22 ( 19.56)</p>
<p>Sugar Raw No.11 (average USc/lb last)	   11    ( 11)</p>
<p>Cotton (NYC 2nd mth USc/50klb)		    74.53 ( 73.88)</p>
<p>Wheat (CBOT 2nd mth USc/5kbushel)		371.5  (373)</p>
<p>Live Cattle (CME 1st mth USc/40klbs)	   67.625 ( 68.075)</p>
<p>Live Cattle (CME 2nd mth USc/40klbs)	    64.05 ( 64.375)</p>
<p>LONDON</p>
<p>Copper Grade A (LME cash official US$/tonne    2401 (   2427)</p>
<p>Copper Grade A (LME 3-mth offiicial US$/ton    2346 (   2378)</p>
<p>Aluminium (LME cash official US$/tonne)	  1583 ( 1602.5)</p>
<p>Aluminium (LME 3-mth official US$/tonne)	 1617 (   1636)</p>
<p>Lead (LME cash official US$/tonne)		  685 (    694)</p>
<p>Lead (LME 3-mth official US$/tonne)		 680 (    691)</p>
<p>Nickel (LME cash official US$/tonne)	     7530 (   7580)</p>
<p>Nickel (LME 3-mth official US$/tonne)	    7645 (   7700)</p>
<p>Zinc High Grade (LME cash official US$/tonn    1256 ( 1272.5)</p>
<p>Zinc High Grade (LME 3-mth official US$/ton    1275 (   1296)</p>
<p>Silver (spot fix USc/oz)			   474.25 ( 486.15)</p>
<p>Antimony (US$/tonne bid)			     2375 (   2375)</p>
<p>Tantalite ore (US$/lb bid)			     26 (     26)</p>
<p>Platinum (stg/oz afternoon fix)		   221.9 (  224.7)</p>
<p>Gold Bullion (US$/oz afternoon fix)	     347.4 ( 348.75)</p>
<p>Raw sugar No.4 (stg/tonne last)		   166.3 (  165.7)</p>
<p>Wheat (LCE 2nd mth stg/tonne)		     100.9 (  101.5)</p>
<p>--Sydney newsroom 61-2 9373-1800</p>
</text>
<copyright>(c) Reuters Limited 1997</copyright>
<metadata>
<codes class="bip:countries:1.0">
  <code code="AUSTR">
    <editdetail attribution="Reuters BIP Coding Group" action="confirmed" date="1997-04-06"/>
  </code>
  <code code="UK">
    <editdetail attribution="Reuters BIP Coding Group" action="confirmed" date="1997-04-06"/>
  </code>
  <code code="USA">
    <editdetail attribution="Reuters BIP Coding Group" action="confirmed" date="1997-04-06"/>
  </code>
</codes>
<codes class="bip:topics:1.0">
  <code code="M14">
    <editdetail attribution="Reuters BIP Coding Group" action="confirmed" date="1997-04-06"/>
  </code>
  <code code="M141">
    <editdetail attribution="Reuters BIP Coding Group" action="confirmed" date="1997-04-06"/>
  </code>
  <code code="M142">
    <editdetail attribution="Reuters BIP Coding Group" action="confirmed" date="1997-04-06"/>
  </code>
  <code code="M143">
    <editdetail attribution="Reuters BIP Coding Group" action="confirmed" date="1997-04-06"/>
  </code>
  <code code="MCAT">
    <editdetail attribution="Reuters BIP Coding Group" action="confirmed" date="1997-04-06"/>
  </code>
</codes>
<dc element="dc.date.created" value="1996-04-07"/>
<dc element="dc.publisher" value="Reuters Holdings Plc"/>
<dc element="dc.date.published" value="1997-04-06"/>
<dc element="dc.source" value="Reuters"/>
<dc element="dc.creator.location" value="SYDNEY"/>
<dc element="dc.creator.location.country.name" value="AUSTRALIA"/>
<dc element="dc.source" value="Reuters"/>
</metadata>
</newsitem>
