<?xml version="1.0" encoding="iso-8859-1" ?>
<newsitem itemid="489723" id="root" date="1997-04-06" xml:lang="en">
<title>BOSNIA: Catholic monastery rocked by blast in Bosnia.</title>
<headline>Catholic monastery rocked by blast in Bosnia.</headline>
<dateline>SARAJEVO 1997-04-06</dateline>
<text>
<p>Three explosions shattered windows in a Roman Catholic monastery in central Bosnia a week before the scheduled visit of Pope John Paul II to the capital Sarajevo, NATO said on Sunday.</p>
<p>Three explosions were reported at about 11 p.m. (2100 GMT) on Saturday night at a Franciscan monastery in Kraljeva Sutjeska, about 60 km (40 miles) north of Sarajevo, Major Tony White of the NATO-led peace force said.</p>
<p>A guardian at the monastery, Stepan Duvnjak told a Reuters correspondent that two rifle grenades fell in a garden and one hit the main building. &quot;It shattered all the windows. This building has about 40 windows,&quot; he said.</p>
<p>No one was injured in the incident, which was the latest in a series of bomb attacks against churches and monasteries in recent months. Two mosques were also targetted.</p>
<p>None of the attacks have caused injuries and no one has claimed responsibility for the bombings which have coincided with political tensions in Bosnia's Moslem-Croat federation.</p>
<p>The violence has raised concerns about security surrounding the Pope's historic visit to Sarajevo next Saturday and Sunday.</p>
<p>Bosnian Moslem authorities in the capital say they will deploy thousands of police and place severe restrictions on traffic during the 25-hour visit.</p>
<p>The NATO-led peace force has emphasised that local authorities are primarily responsible for security during the Papal visit.</p>
<p>Pope John Paul II tried to go to Sarajevo during the 1992-95 war but had to cancel the trip because of concern for his security.</p>
</text>
<copyright>(c) Reuters Limited 1997</copyright>
<metadata>
<codes class="bip:countries:1.0">
  <code code="BSHZG">
    <editdetail attribution="Reuters BIP Coding Group" action="confirmed" date="1997-04-06"/>
  </code>
  <code code="NATO">
    <editdetail attribution="Reuters BIP Coding Group" action="confirmed" date="1997-04-06"/>
  </code>
</codes>
<codes class="bip:topics:1.0">
  <code code="GCAT">
    <editdetail attribution="Reuters BIP Coding Group" action="confirmed" date="1997-04-06"/>
  </code>
  <code code="GREL">
    <editdetail attribution="Reuters BIP Coding Group" action="confirmed" date="1997-04-06"/>
  </code>
  <code code="GVIO">
    <editdetail attribution="Reuters BIP Coding Group" action="confirmed" date="1997-04-06"/>
  </code>
</codes>
<dc element="dc.date.created" value="1997-04-06"/>
<dc element="dc.publisher" value="Reuters Holdings Plc"/>
<dc element="dc.date.published" value="1997-04-06"/>
<dc element="dc.source" value="Reuters"/>
<dc element="dc.creator.location" value="SARAJEVO"/>
<dc element="dc.creator.location.country.name" value="BOSNIA"/>
<dc element="dc.source" value="Reuters"/>
</metadata>
</newsitem>
