<?xml version="1.0" encoding="iso-8859-1" ?>
<newsitem itemid="489795" id="root" date="1997-04-06" xml:lang="en">
<title>CHINA: Northwest China earthquake leaves 12 injured.</title>
<headline>Northwest China earthquake leaves 12 injured.</headline>
<byline>Jane Macartney</byline>
<dateline>BEIJING 1997-04-06</dateline>
<text>
<p>At least 12 people were injured and several buildings collapsed when two large earthquakes just five hours apart jolted China's northwestern Xinjiang region on Sunday, local officials said.</p>
<p>&quot;It felt very strong,&quot; an official of the Jiashi Seismological Bureau said by telephone. &quot;The ground seemed to move from left to right for about one minute.&quot;</p>
<p>The first earthquake measuring 6.3 on the open-ended Richter scale struck the town of Jiashi at 7.46 a.m. on Sunday (2346 GMT Saturday), the official said.</p>
<p>That was followed by a stronger tremor of magnitude 6.4 that jolted the region at 12.36 p.m. (0436 GMT), he said.</p>
<p>At least 12 people were injured and about 3,000 buildings, mainly houses, collapsed after the two earthquakes, state radio said, quoting a preliminary survey of the damage.</p>
<p>Some 100 head of livestock were killed in Jiashi, a region that is populated mainly by sheep herders and cotton farmers, the radio said.</p>
<p>However, few deaths were expected because most residents of Jiashi have been living in tents since an earthquake measuring 6.4 rocked Jiashi in January, killing 50 people, the seismological official said.</p>
<p>&quot;People had been warned not to return to their houses yet so we don't think there will be many casualties, and probably no deaths,&quot; the official said.</p>
<p>&quot;We have had warnings of more earthquakes,&quot; he said. &quot;But the earthquakes today felt much stronger than the one last January.&quot;</p>
<p>The Jiashi district has been hit by hundreds of aftershocks since January as well as several earthquakes that have caused widespread damage.</p>
<p>The most recent tremor last month measured 6.0 on the Richter scale and left two people dead and injured three, officials have said.</p>
<p>Many of the region's residents live in earthen houses that are easily damaged by earthquakes, and relief teams were searching through the rubble for casualties and survivors, the official said.</p>
<p>However, this was the first time that earthquakes in a series had occurred in Xinjiang, state radio said.</p>
<p>More tremor were expected in the earthquake-prone region, it said, quoting seismological experts.</p>
</text>
<copyright>(c) Reuters Limited 1997</copyright>
<metadata>
<codes class="bip:countries:1.0">
  <code code="CHINA">
    <editdetail attribution="Reuters BIP Coding Group" action="confirmed" date="1997-04-06"/>
  </code>
</codes>
<codes class="bip:topics:1.0">
  <code code="GCAT">
    <editdetail attribution="Reuters BIP Coding Group" action="confirmed" date="1997-04-06"/>
  </code>
  <code code="GDIS">
    <editdetail attribution="Reuters BIP Coding Group" action="confirmed" date="1997-04-06"/>
  </code>
</codes>
<dc element="dc.date.created" value="1997-04-06"/>
<dc element="dc.publisher" value="Reuters Holdings Plc"/>
<dc element="dc.date.published" value="1997-04-06"/>
<dc element="dc.source" value="Reuters"/>
<dc element="dc.creator.location" value="BEIJING"/>
<dc element="dc.creator.location.country.name" value="CHINA"/>
<dc element="dc.source" value="Reuters"/>
</metadata>
</newsitem>
