<?xml version="1.0" encoding="iso-8859-1" ?>
<newsitem itemid="489744" id="root" date="1997-04-06" xml:lang="en">
<title>BRAZIL: Brazil to receive Band B telephone concession bids.</title>
<headline>Brazil to receive Band B telephone concession bids.</headline>
<dateline>RIO DE JANEIRO 1997-04-06</dateline>
<text>
<p>The Brazilian government is to receive bids on Monday for 10 regional B Band cellular telephone concessions in the first stage of the country's huge telecommunications privatisation plan, Brazilian newspapers said on Sunday.</p>
<p>At least 10 international consortia are expected to submit their proposals in a program which should raise about $6 billion in license fees, newspapers said.</p>
<p>Sunday's Estado de Sao Paulo newspaper said the winners should be known by the end of May and the first contracts signed in June.</p>
<p>The tender comes at an opportune time after last week's long-awaited telephone rate hike which resulted in common and preferred shares in Telebras stock jumping up to six percent on April 4.</p>
<p>Last week the Supreme Federal Tribunal (STF) also ruled the Communications Ministry could regulate the telecommunications industry while an official regulator is being set up.</p>
<p>The regulator issue was considered the biggest potential road block in the way of the B Band program.</p>
<p>((-- Caroline Bulloch, Rio de Janeiro newsroom, 5521 5074151))</p>
</text>
<copyright>(c) Reuters Limited 1997</copyright>
<metadata>
<codes class="bip:countries:1.0">
  <code code="BRAZ">
    <editdetail attribution="Reuters BIP Coding Group" action="confirmed" date="1997-04-06"/>
  </code>
</codes>
<codes class="bip:industries:1.0">
  <code code="I79020">
    <editdetail attribution="Reuters BIP Coding Group" action="confirmed" date="1997-04-06"/>
  </code>
</codes>
<codes class="bip:topics:1.0">
  <code code="C13">
    <editdetail attribution="Reuters BIP Coding Group" action="confirmed" date="1997-04-06"/>
  </code>
  <code code="C18">
    <editdetail attribution="Reuters BIP Coding Group" action="confirmed" date="1997-04-06"/>
  </code>
  <code code="C183">
    <editdetail attribution="Reuters BIP Coding Group" action="confirmed" date="1997-04-06"/>
  </code>
  <code code="C21">
    <editdetail attribution="Reuters BIP Coding Group" action="confirmed" date="1997-04-06"/>
  </code>
  <code code="CCAT">
    <editdetail attribution="Reuters BIP Coding Group" action="confirmed" date="1997-04-06"/>
  </code>
</codes>
<dc element="dc.date.created" value="1997-04-06"/>
<dc element="dc.publisher" value="Reuters Holdings Plc"/>
<dc element="dc.date.published" value="1997-04-06"/>
<dc element="dc.source" value="Reuters"/>
<dc element="dc.creator.location" value="RIO DE JANEIRO"/>
<dc element="dc.creator.location.country.name" value="BRAZIL"/>
<dc element="dc.source" value="Reuters"/>
</metadata>
</newsitem>
