<?xml version="1.0" encoding="iso-8859-1" ?>
<newsitem itemid="489766" id="root" date="1997-04-06" xml:lang="en">
<title>AUSTRALIA: Best Australian bank/non-bank term deposits.</title>
<headline>Best Australian bank/non-bank term deposits.</headline>
<text>
<p>(Updated April 4)</p>
<p>BANKS</p>
<p>    PERIOD	BANK		  RATE   EFFECTIVE RATE</p>
<p>    30 days     HKBank		5.45	  --</p>
<p>    90 days     Arab Bank	   6.00</p>
<p>   180 days     Arab Bank	   6.00</p>
<p>   270 days     ANZ/NAB	     5.75</p>
<p>    1 year	HKBK		  6.06	  6.06</p>
<p>    2 years     PIBA		  6.40	  6.55</p>
<p>    3 years     Advance/St George 7.00	  7.12</p>
<p>    4 years     PIBA		  7.00	  7.18</p>
<p>    5 years     PIBA		  7.20	  7.40</p>
<p>OTHERS</p>
<p>    PERIOD	INSTITUTIONS		    RATE  EFFECTIVE RATE</p>
<p>     30 days    Nat Mut Trustees		5.40	  --</p>
<p>     90 days    Nat Mut Trustees		5.50</p>
<p>    180 days    CBFC/Newcastle Perm.	  5.60</p>
<p>    270 days    CBFC				5.70</p>
<p>    1 year	GIO				 5.87	  6.00</p>
<p>    2 years     Nat Mut Trustees		6.35	  6.50</p>
<p>    3 years     MLC BS			    6.83	  7.01</p>
<p>    4 years     GIO/MLC BS			6.59	  6.75</p>
<p>    5 years     AGC				 7.00	  7.00</p>
<p>(Based on investment of A$25,000)</p>
<p>Source: Cannex</p>
<p>-- Reuters Sydney Newsroom 61-2 9373-1800</p>
</text>
<copyright>(c) Reuters Limited 1997</copyright>
<metadata>
<codes class="bip:countries:1.0">
  <code code="AUSTR">
    <editdetail attribution="Reuters BIP Coding Group" action="confirmed" date="1997-04-06"/>
  </code>
</codes>
<codes class="bip:industries:1.0">
  <code code="I81402">
    <editdetail attribution="Reuters BIP Coding Group" action="confirmed" date="1997-04-06"/>
  </code>
</codes>
<codes class="bip:topics:1.0">
  <code code="C31">
    <editdetail attribution="Reuters BIP Coding Group" action="confirmed" date="1997-04-06"/>
  </code>
  <code code="CCAT">
    <editdetail attribution="Reuters BIP Coding Group" action="confirmed" date="1997-04-06"/>
  </code>
</codes>
<dc element="dc.publisher" value="Reuters Holdings Plc"/>
<dc element="dc.date.published" value="1997-04-06"/>
<dc element="dc.source" value="Reuters"/>
<dc element="dc.creator.location.country.name" value="AUSTRALIA"/>
<dc element="dc.source" value="Reuters"/>
</metadata>
</newsitem>
