<?xml version="1.0" encoding="iso-8859-1" ?>
<newsitem itemid="489747" id="root" date="1997-04-06" xml:lang="en">
<title>BRAZIL: Amazon society flocks to opera festival.</title>
<headline>Amazon society flocks to opera festival.</headline>
<byline>Adrian Dickson</byline>
<dateline>MANAUS, Brazil 1997-04-06</dateline>
<text>
<p>A glittering Amazon society stepped out in full force on Saturday for the opening night of the first International Opera Festival -- something the city of Manaus had not seen for close to 100 years.</p>
<p>Wearing silk and pearls, the &quot;Manauaras&quot; packed into their beloved Amazon theatre to see the Minsk Bolshoi Orchestra perform Vivaldi's &quot;Four Seasons&quot; and Tchaikovsky's &quot;The Nutcracker Suite.&quot;</p>
<p>The highlight of the event was a solo violin performance by Michael Jelden, a 25-year-old German virtuoso.</p>
<p>Jelden conceived the idea of the music festival that will stage three full-scale operas -- &quot;Carmen,&quot; &quot;La Traviata&quot; and &quot;The Barber of Seville&quot; -- as well as six concert evenings.</p>
<p>Local newspapers have dubbed Jelden &quot;the new Fitzcarraldo&quot; after the character in Werner Herzog's movie who becomes obsessed with taking opera to the Amazon Indians.</p>
<p>&quot;I did this because it is fun, because it has artistic and human value,&quot; said Jelden, who admits he too became obsessed with bringing music to the rainforest after he stumbled across pictures of the Amazon theatre while browsing the Internet.</p>
<p>&quot;It was fantastic,&quot; said Amazonino Mendes, governor of the state of Amazonas who admits to not being much of a music lover but who is intent on bringing back a taste of the glories experienced at the height of the rubber boom at the end of the last century.</p>
<p>Rubber barons built the Amazon theatre -- a 640-seat replica of a European opera house. Every steel column, tile and light bulb was imported from Europe and it took 10 years to build.</p>
<p>By then, the rubber boom was mostly over and in 1907 the theatre was forced to close after just 10 opera seasons.</p>
<p>Gov. Amazonino restored the destroyed Amazon theatre to its former glory and last year celebrated its 100th anniversary by spending over $1 million to bring Spanish tenor Jose Carreras to sing in Manaus.</p>
</text>
<copyright>(c) Reuters Limited 1997</copyright>
<metadata>
<codes class="bip:countries:1.0">
  <code code="BRAZ">
    <editdetail attribution="Reuters BIP Coding Group" action="confirmed" date="1997-04-06"/>
  </code>
</codes>
<codes class="bip:topics:1.0">
  <code code="GCAT">
    <editdetail attribution="Reuters BIP Coding Group" action="confirmed" date="1997-04-06"/>
  </code>
  <code code="GENT">
    <editdetail attribution="Reuters BIP Coding Group" action="confirmed" date="1997-04-06"/>
  </code>
  <code code="GODD">
    <editdetail attribution="Reuters BIP Coding Group" action="confirmed" date="1997-04-06"/>
  </code>
</codes>
<dc element="dc.date.created" value="1997-04-06"/>
<dc element="dc.publisher" value="Reuters Holdings Plc"/>
<dc element="dc.date.published" value="1997-04-06"/>
<dc element="dc.source" value="Reuters"/>
<dc element="dc.creator.location" value="MANAUS, Brazil"/>
<dc element="dc.creator.location.country.name" value="BRAZIL"/>
<dc element="dc.source" value="Reuters"/>
</metadata>
</newsitem>
