<?xml version="1.0" encoding="iso-8859-1" ?>
<newsitem itemid="489721" id="root" date="1997-04-06" xml:lang="en">
<title>CROATIA: Two killed in Croatia land mine blast.</title>
<headline>Two killed in Croatia land mine blast.</headline>
<dateline>ZAGREB 1997-04-06</dateline>
<text>
<p>Two men were killed and a woman was seriously wounded when a land mine exploded in near a village on a former wartime front line in Croatia, the state news agency Hina reported on Sunday.</p>
<p>The fragmentation anti-personnel mine, said to have been planted by separatist Serb forces before their defeat in battle in 1995, went off in a field in Skabrnja, near the Adriatic port of Zadar, on Saturday.</p>
<p>Police in Zadar said the circumstances of the blast were not yet clear, but the three victims were locals. &quot;It is well known the area is mined. We still don't know what they were doing there,&quot; a duty officer told Reuters.</p>
<p>Many thousands of landmines and other unexploded ordnance are still strewn along former frontlines in Croatia and Bosnia 18 months after the end of ethnic wars in former Yugoslavia.</p>
</text>
<copyright>(c) Reuters Limited 1997</copyright>
<metadata>
<codes class="bip:countries:1.0">
  <code code="CRTIA">
    <editdetail attribution="Reuters BIP Coding Group" action="confirmed" date="1997-04-06"/>
  </code>
  <code code="YUG">
    <editdetail attribution="Reuters BIP Coding Group" action="confirmed" date="1997-04-06"/>
  </code>
</codes>
<codes class="bip:topics:1.0">
  <code code="GCAT">
    <editdetail attribution="Reuters BIP Coding Group" action="confirmed" date="1997-04-06"/>
  </code>
  <code code="GVIO">
    <editdetail attribution="Reuters BIP Coding Group" action="confirmed" date="1997-04-06"/>
  </code>
</codes>
<dc element="dc.date.created" value="1997-04-06"/>
<dc element="dc.publisher" value="Reuters Holdings Plc"/>
<dc element="dc.date.published" value="1997-04-06"/>
<dc element="dc.source" value="Reuters"/>
<dc element="dc.creator.location" value="ZAGREB"/>
<dc element="dc.creator.location.country.name" value="CROATIA"/>
<dc element="dc.source" value="Reuters"/>
</metadata>
</newsitem>
