<?xml version="1.0" encoding="iso-8859-1" ?>
<newsitem itemid="489778" id="root" date="1997-04-06" xml:lang="en">
<title>AUSTRALIA: INTERVIEW-Arco coal sale to trigger shakeup.</title>
<headline>INTERVIEW-Arco coal sale to trigger shakeup.</headline>
<byline>Graeme James</byline>
<dateline>BRISBANE 1996-04-07</dateline>
<text>
<p>The decision by United States energy giant Atlantic Richfield Co (ARCO) to quit its worldwide coal business is set to trigger a major shake-up in the Australian state of Queensland's A$4 billion coal industry.</p>
<p>A decision on a public offering or a trade sale for Arco's Australian assets is yet to be made but a float of its three coal mines in central Queensland was possible, Arco Coal Australia told Reuters.  </p>
<p>&quot;What we're looking for is a transaction but on the reverse side there is a lot of money in the stockmarket that would make a float attractive,&quot; Arco Coal Australia Inc president Bill Wagener said in an interview.</p>
<p>Wagener said offers for the Gordonstone, Curragh and Blair Athol mines will be examined but either way, a sale or float could take up to a year to complete.</p>
<p>The three mines produce about 20 million tonnes of coal and represent about 20 percent of Queensland's total production.  </p>
<p>Analysts placed valuations of up to A$500 million on a float of the Gordonstone and Curragh mines, located in the Bowen Basin where a large portion of Australia's coking coal is produced.</p>
<p>With the Blair Athol mine likely to taken by joint venture partner RTZ-CRA Ltd under a pre-emptive agreement, the Gordonstone (coking coal) and Curragh (thermal coal) mines could be worth up to A$600 million as a straight trade sale, said an analyst from Brisbane broking house Wilson HTM Ltd.  </p>
<p>The Broken Hill Pty Co Ltd had already expressed interest in Gordonstone and Curragh while Shell Australia Ltd, MIM Holdings Ltd and QCT Resources Ltd were all possible buyers, Wilson's Phil Hutchings said.</p>
<p>&quot;Arco has spent about A$700 million on Gordonstone while Blair Athol is one of the best mines in Queensland,&quot; he said.</p>
<p>Wagener said the sale of Arco's coal assets would mean the end of the company's presence in Australia.</p>
<p>However, the decision to withdraw from Australia was &quot;strategic&quot; and had nothing to do with underperformance, he said.  </p>
<p>&quot;Arco's board, directors and management team's decision was aimed at creating shareholder return and to sharpen the focus on oil and gas and specialty chemicals,&quot; Wagener said.</p>
<p>&quot;They elected to exit coal.&quot;</p>
<p>-- Sydney Newsroom 61-2 9373-1800</p>
</text>
<copyright>(c) Reuters Limited 1997</copyright>
<metadata>
<codes class="bip:countries:1.0">
  <code code="AUSTR">
    <editdetail attribution="Reuters BIP Coding Group" action="confirmed" date="1997-04-06"/>
  </code>
  <code code="USA">
    <editdetail attribution="Reuters BIP Coding Group" action="confirmed" date="1997-04-06"/>
  </code>
</codes>
<codes class="bip:industries:1.0">
  <code code="I11000">
    <editdetail attribution="Reuters BIP Coding Group" action="confirmed" date="1997-04-06"/>
  </code>
  <code code="I13000">
    <editdetail attribution="Reuters BIP Coding Group" action="confirmed" date="1997-04-06"/>
  </code>
  <code code="I1300003">
    <editdetail attribution="Reuters BIP Coding Group" action="confirmed" date="1997-04-06"/>
  </code>
  <code code="I14000">
    <editdetail attribution="Reuters BIP Coding Group" action="confirmed" date="1997-04-06"/>
  </code>
  <code code="I21000">
    <editdetail attribution="Reuters BIP Coding Group" action="confirmed" date="1997-04-06"/>
  </code>
</codes>
<codes class="bip:topics:1.0">
  <code code="C18">
    <editdetail attribution="Reuters BIP Coding Group" action="confirmed" date="1997-04-06"/>
  </code>
  <code code="C182">
    <editdetail attribution="Reuters BIP Coding Group" action="confirmed" date="1997-04-06"/>
  </code>
  <code code="CCAT">
    <editdetail attribution="Reuters BIP Coding Group" action="confirmed" date="1997-04-06"/>
  </code>
</codes>
<dc element="dc.date.created" value="1996-04-07"/>
<dc element="dc.publisher" value="Reuters Holdings Plc"/>
<dc element="dc.date.published" value="1997-04-06"/>
<dc element="dc.source" value="Reuters"/>
<dc element="dc.creator.location" value="BRISBANE"/>
<dc element="dc.creator.location.country.name" value="AUSTRALIA"/>
<dc element="dc.source" value="Reuters"/>
</metadata>
</newsitem>
