<?xml version="1.0" encoding="iso-8859-1" ?>
<newsitem itemid="489865" id="root" date="1997-04-06" xml:lang="en">
<title>YEMEN: Yemenis free German hostages after shelling.</title>
<headline>Yemenis free German hostages after shelling.</headline>
<byline>Mohammad Sudam</byline>
<dateline>SANAA 1997-04-06</dateline>
<text>
<p>Yemeni security forces on Sunday secured the release of four German hostages after firing artillery shells near their abductors' hideout and arrested the kidnappers, a senior security official said on Sunday.</p>
<p>The official said security forces who had been besieging the kidnappers' hideout in al-Mehjezah area of Marib province in eastern Yemen fired a few artillery shells close to the rugged mountain hideout, forcing some of the kidnappers to flee.</p>
<p>&quot;Seven were arrested as they fled, then the rest gave themselves up and handed over the hostages,&quot; he told Reuters.</p>
<p>&quot;It was the first time that Yemeni security forces used military force to gain the release of hostages,&quot; he said.</p>
<p>The four Germans -- two men and two women -- were taken to the police heaquarters in Marib and then to Balqis Hotel in the city.</p>
<p>A hotel receptionist said they were in their rooms, but he had instructions from the police not to put calls through.</p>
<p>The four German tourists had been abducted by tribesmen on March 27 while returning to the capital Sanaa from Marib.</p>
<p>The German Foreign Ministry said on April 2 the four were well according to letters from them received by the German embassy in Sanaa.</p>
<p>It could not confirm German media reports that the tribesmen wanted a ransom of $3 million for the release of the tourists.</p>
<p>Yemeni officials had described the kidnappers as &quot;destructive elements&quot; bent on tarnishing Yemen's image. The government had refused to negotiate with them and there has been no word on their demands.</p>
<p>Last month, a group of seven German tourists on a motorcycle tour in Yemen were also kidnapped. They were held hostage by tribesmen and released unharmed after more than a week in captivity.</p>
<p>In recent years, Yemeni tribes with grievances against the government or foreign oil firms have kidnapped scores of tourists, diplomats or other foreigners to use as bargaining chips.</p>
<p>The hostages were all released unharmed, but it was never clear if any demands by hostage takers had been met.</p>
</text>
<copyright>(c) Reuters Limited 1997</copyright>
<metadata>
<codes class="bip:countries:1.0">
  <code code="GFR">
    <editdetail attribution="Reuters BIP Coding Group" action="confirmed" date="1997-04-06"/>
  </code>
  <code code="YEMAR">
    <editdetail attribution="Reuters BIP Coding Group" action="confirmed" date="1997-04-06"/>
  </code>
</codes>
<codes class="bip:topics:1.0">
  <code code="GCAT">
    <editdetail attribution="Reuters BIP Coding Group" action="confirmed" date="1997-04-06"/>
  </code>
  <code code="GVIO">
    <editdetail attribution="Reuters BIP Coding Group" action="confirmed" date="1997-04-06"/>
  </code>
</codes>
<dc element="dc.date.created" value="1997-04-06"/>
<dc element="dc.publisher" value="Reuters Holdings Plc"/>
<dc element="dc.date.published" value="1997-04-06"/>
<dc element="dc.source" value="Reuters"/>
<dc element="dc.creator.location" value="SANAA"/>
<dc element="dc.creator.location.country.name" value="YEMEN"/>
<dc element="dc.source" value="Reuters"/>
</metadata>
</newsitem>
