<?xml version="1.0" encoding="iso-8859-1" ?>
<newsitem itemid="489848" id="root" date="1997-04-06" xml:lang="en">
<title>TAIWAN: Taiwan official to visit C. America - newspaper.</title>
<headline>Taiwan official to visit C. America - newspaper.</headline>
<dateline>TAIPEI 1997-04-06</dateline>
<text>
<p>Taiwan's top economic policy maker will visit seven Central American countries later in April to secure Taipei's formal ties with them amid increasing pressure from rival China, a local newspaper reported on Sunday.</p>
<p>The China Times said Chiang Pin-kung, chairman of the cabinet's Council for Economic Planning and Development, planned to discuss Taiwan's trade relations with its allies in Central America -- which include Panama, Costa Rica and Nicaragua.</p>
<p>Offficials could not be reached for confirmation of the trip because of holiday.</p>
<p>The newspaper did not give details on Chiang's itinerary.</p>
<p>Taiwan says China has been trying to pressure the island's Central American allies to switch ties to Beijing since Panama invited Taiwan President Lee Teng-hui to attend an international conference on the future of the Panama Canal in September.</p>
<p>China has regarded Taiwan as a renegade province not entitled to international recognition since the two split after a civil war in 1949.</p>
<p>Taiwan, which is formally recognised by only 30 countries despite prosperous trade ties with many more, lost a major diplomatic battle to China in 1996 when South Africa announced it would switch formal ties to Beijing by the end of 1997.</p>
</text>
<copyright>(c) Reuters Limited 1997</copyright>
<metadata>
<codes class="bip:countries:1.0">
  <code code="CHINA">
    <editdetail attribution="Reuters BIP Coding Group" action="confirmed" date="1997-04-06"/>
  </code>
  <code code="COSR">
    <editdetail attribution="Reuters BIP Coding Group" action="confirmed" date="1997-04-06"/>
  </code>
  <code code="NICG">
    <editdetail attribution="Reuters BIP Coding Group" action="confirmed" date="1997-04-06"/>
  </code>
  <code code="PANA">
    <editdetail attribution="Reuters BIP Coding Group" action="confirmed" date="1997-04-06"/>
  </code>
  <code code="TAIWAN">
    <editdetail attribution="Reuters BIP Coding Group" action="confirmed" date="1997-04-06"/>
  </code>
  <code code="USA">
    <editdetail attribution="Reuters BIP Coding Group" action="confirmed" date="1997-04-06"/>
  </code>
</codes>
<codes class="bip:topics:1.0">
  <code code="E51">
    <editdetail attribution="Reuters BIP Coding Group" action="confirmed" date="1997-04-06"/>
  </code>
  <code code="E512">
    <editdetail attribution="Reuters BIP Coding Group" action="confirmed" date="1997-04-06"/>
  </code>
  <code code="ECAT">
    <editdetail attribution="Reuters BIP Coding Group" action="confirmed" date="1997-04-06"/>
  </code>
  <code code="GCAT">
    <editdetail attribution="Reuters BIP Coding Group" action="confirmed" date="1997-04-06"/>
  </code>
  <code code="GDIP">
    <editdetail attribution="Reuters BIP Coding Group" action="confirmed" date="1997-04-06"/>
  </code>
</codes>
<dc element="dc.date.created" value="1997-04-06"/>
<dc element="dc.publisher" value="Reuters Holdings Plc"/>
<dc element="dc.date.published" value="1997-04-06"/>
<dc element="dc.source" value="Reuters"/>
<dc element="dc.creator.location" value="TAIPEI"/>
<dc element="dc.creator.location.country.name" value="TAIWAN"/>
<dc element="dc.source" value="Reuters"/>
</metadata>
</newsitem>
