<?xml version="1.0" encoding="iso-8859-1" ?>
<newsitem itemid="489812" id="root" date="1997-04-06" xml:lang="en">
<title>SINGAPORE: IPC Corporation in first rights issue.</title>
<headline>IPC Corporation in first rights issue.</headline>
<dateline>SINGAPORE 1996-04-07</dateline>
<text>
<p>Singapore mainboard company IPC Corporation Ltd plans to issue up to 220,418,800 rights shares at S$0.30 each, a company statement said on Monday.</p>
<p>The issue would be priced at S$0.30 for each rights share, on the basis of one rights share for every five ordinary shares of S$0.05 each, the statement said.</p>
<p>The United Overseas Bank Limited has been appointed to manage and underwrite the issue, which is subject to shareholders' approval, it added.</p>
<p>&quot;The rights issue is the first time IPC Corporation has made a cash call,&quot; IPC Chairman and CEO Patrick Ngiam said in the statement.</p>
<p>&quot;This is in line with our group policy of adopting a more moderate borrowing position on minimum debt,&quot; Ngiam said.</p>
<p>IPC would use the funds raised from the rights issue as working capital to fuel growth in its telecommunications and computers business, he said.</p>
<p>-- Singapore Newsroom (65-870 3080)</p>
</text>
<copyright>(c) Reuters Limited 1997</copyright>
<metadata>
<codes class="bip:countries:1.0">
  <code code="SINGP">
    <editdetail attribution="Reuters BIP Coding Group" action="confirmed" date="1997-04-06"/>
  </code>
</codes>
<codes class="bip:industries:1.0">
  <code code="I33020">
    <editdetail attribution="Reuters BIP Coding Group" action="confirmed" date="1997-04-06"/>
  </code>
</codes>
<codes class="bip:topics:1.0">
  <code code="C17">
    <editdetail attribution="Reuters BIP Coding Group" action="confirmed" date="1997-04-06"/>
  </code>
  <code code="C171">
    <editdetail attribution="Reuters BIP Coding Group" action="confirmed" date="1997-04-06"/>
  </code>
  <code code="CCAT">
    <editdetail attribution="Reuters BIP Coding Group" action="confirmed" date="1997-04-06"/>
  </code>
</codes>
<dc element="dc.date.created" value="1996-04-07"/>
<dc element="dc.publisher" value="Reuters Holdings Plc"/>
<dc element="dc.date.published" value="1997-04-06"/>
<dc element="dc.source" value="Reuters"/>
<dc element="dc.creator.location" value="SINGAPORE"/>
<dc element="dc.creator.location.country.name" value="SINGAPORE"/>
<dc element="dc.source" value="Reuters"/>
</metadata>
</newsitem>
