<?xml version="1.0" encoding="iso-8859-1" ?>
<newsitem itemid="489804" id="root" date="1997-04-06" xml:lang="en">
<title>JAPAN: Japan c/a surplus rises 15.4 pct in February.</title>
<headline>Japan c/a surplus rises 15.4 pct in February.</headline>
<dateline>TOKYO 1996-04-07</dateline>
<text>
<p>The surplus in Japan's current account, the broadest measure of trade in goods and services, rose 15.4 percent to 865.2 billion yen in February from a year earlier, the Ministry of Finance announced on Monday.</p>
<p>The surplus in merchandise trade alone also rose 2.9 percent to 878.0 billion yen from the same month a year earlier.  </p>
<p>At Monday's rate of around 125 yen to the dollar, the current account surplus in February amounted to $6.92 billion, while the merchandise trade surplus was $7.02 billion.</p>
<p>The rise in the current account surplus was largely in line with forecasts by economists, who had expected an increase due to the weakness of the yen.</p>
<p>In a Reuters poll, the average of economists' forecasts had been for a current account surplus of 801.1 billion yen ($6.40 billion).</p>
<p>The Finance Ministry announced last month that Japan's trade surplus rose 6.5 percent in February from a year earlier to 686.72 billion yen ($5.49 billion), the first increase since November 1994.</p>
</text>
<copyright>(c) Reuters Limited 1997</copyright>
<metadata>
<codes class="bip:countries:1.0">
  <code code="JAP">
    <editdetail attribution="Reuters BIP Coding Group" action="confirmed" date="1997-04-06"/>
  </code>
</codes>
<codes class="bip:topics:1.0">
  <code code="E51">
    <editdetail attribution="Reuters BIP Coding Group" action="confirmed" date="1997-04-06"/>
  </code>
  <code code="E511">
    <editdetail attribution="Reuters BIP Coding Group" action="confirmed" date="1997-04-06"/>
  </code>
  <code code="E512">
    <editdetail attribution="Reuters BIP Coding Group" action="confirmed" date="1997-04-06"/>
  </code>
  <code code="ECAT">
    <editdetail attribution="Reuters BIP Coding Group" action="confirmed" date="1997-04-06"/>
  </code>
</codes>
<dc element="dc.date.created" value="1996-04-07"/>
<dc element="dc.publisher" value="Reuters Holdings Plc"/>
<dc element="dc.date.published" value="1997-04-06"/>
<dc element="dc.source" value="Reuters"/>
<dc element="dc.creator.location" value="TOKYO"/>
<dc element="dc.creator.location.country.name" value="JAPAN"/>
<dc element="dc.source" value="Reuters"/>
</metadata>
</newsitem>
