<?xml version="1.0" encoding="iso-8859-1" ?>
<newsitem itemid="489869" id="root" date="1997-04-06" xml:lang="en">
<title>EGYPT: Egypt cement firm ups profits in H1.</title>
<headline>Egypt cement firm ups profits in H1.</headline>
<dateline>CAIRO 1997-04-06</dateline>
<text>
<p>Egyptian Tora Portland Cement increased its net after-tax profits to 78.5 million pounds ($23 million) in the first half of the 1996/7 financial year from 63.45 million in the same period of the previous year.</p>
<p>The financial year ends on June 30.</p>
<p>In a published announcement, the firm said its sales also went up to 280.6 million between July and December 1996 from 235.8 million in the first half of 1995/6.</p>
<p>The state retains 67.5 percent of the firm, which has a total of 23.841 million shares, while private shareholders own about 22.5 percent. The employee shareholder association holds the remaining 10 percent.</p>
<p>Tora shares ended at the Cairo stock market on Sunday at 97.00 pounds, slightly down from 97.49 on Thursday.</p>
<p>The firm distributed 5.75 pounds per share for the 1995/6 financial year, against 4.75 pounds for the previous year.</p>
<p>$1 = 3.395 Egyptian pounds</p>
<p>-- Cairo newsroom +20 2 578 3290/1</p>
</text>
<copyright>(c) Reuters Limited 1997</copyright>
<metadata>
<codes class="bip:countries:1.0">
  <code code="EGYPT">
    <editdetail attribution="Reuters BIP Coding Group" action="confirmed" date="1997-04-06"/>
  </code>
</codes>
<codes class="bip:industries:1.0">
  <code code="I24200">
    <editdetail attribution="Reuters BIP Coding Group" action="confirmed" date="1997-04-06"/>
  </code>
</codes>
<codes class="bip:topics:1.0">
  <code code="C15">
    <editdetail attribution="Reuters BIP Coding Group" action="confirmed" date="1997-04-06"/>
  </code>
  <code code="C151">
    <editdetail attribution="Reuters BIP Coding Group" action="confirmed" date="1997-04-06"/>
  </code>
  <code code="CCAT">
    <editdetail attribution="Reuters BIP Coding Group" action="confirmed" date="1997-04-06"/>
  </code>
</codes>
<dc element="dc.date.created" value="1997-04-06"/>
<dc element="dc.publisher" value="Reuters Holdings Plc"/>
<dc element="dc.date.published" value="1997-04-06"/>
<dc element="dc.source" value="Reuters"/>
<dc element="dc.creator.location" value="CAIRO"/>
<dc element="dc.creator.location.country.name" value="EGYPT"/>
<dc element="dc.source" value="Reuters"/>
</metadata>
</newsitem>
