<?xml version="1.0" encoding="iso-8859-1" ?>
<newsitem itemid="489911" id="root" date="1997-04-06" xml:lang="en">
<title>CYPRUS: FEATURE - Derelict Cyprus village seeks new lease of life.</title>
<headline>FEATURE - Derelict Cyprus village seeks new lease of life.</headline>
<byline>Michele Kambas</byline>
<dateline>ANDROLYKOU, Cyprus 1997-04-06</dateline>
<text>
<p>The elementary school at the end of a potholed path is bolted shut, its playground grotesquely overgrown.</p>
<p>The children have long gone. A rusted sign hanging over the entrance bears a slogan from Kemal Ataturk, founder of modern Turkey.</p>
<p>Somebody has sneaked in through a hole in the fence and drawn the blue-and-white Greek flag on a classroom blackboard.</p>
<p>Androlykou, on the remote northwestern tip of Cyprus, was one of several villages Turkish Cypriots left following Turkey's occupation of the northern third of the island in 1974.</p>
<p>Literally meaning &quot;cave of the wolves&quot;, Androlykou was abandoned to the elements when its residents left it in 1975 -- and to a few hundred goats, sheep, chickens and dogs that have run riot ever since.</p>
<p>Rolling green hills dotted with almond trees offer a breathtaking view of the spectacular coastline, and on a clear day the distant mountains of Turkey.</p>
<p>&quot;It looks like a cloud but it is always there,&quot; said Ioannis Taliotis, pointing to a tiny white speck. &quot;That is the snow on the Taurus Mountains.&quot;</p>
<p>Now some of the derelict homes, temporarily administered by a department in the Cyprus Interior Ministry, have been leased to locals on condition that they be returned to their Turkish Cypriot owners should they decide to come back.</p>
<p>&quot;We are asking the state for basic things,&quot; said Taliotis, a local Greek Cypriot doctor who has leased a home in the village. &quot;We want electricity, water, telephone and a road.&quot;</p>
<p>The group of would-be residents, numbering some 30 people, hopes to get permission to form a local authority and start rebuilding the village.</p>
<p>POPULATION DWINDLES TO THREE</p>
<p>Over 25 years, the population of Androlykou, located on the edge of the rugged Akamas peninsula, dwindled from more than 600 to just three people -- a Turkish Cypriot with his Greek Cypriot wife and another elderly woman. The couple's children have left and are now living in towns.</p>
<p>And since 1975, time has stood still in the village built on the ruins of Mycenaean tombs. Legend has it that a buried treasure lies somewhere in the hills above the hamlet.</p>
<p>&quot;It is supposed to be a golden pig with her piglets,&quot; chuckled Esgul Mustafa, 28, a farmer. &quot;Nobody has ever found it,&quot; he added wryly, flicking a glance at the ramshackle stone building his parents Hassan and Hambou call home.</p>
<p>Gaping cracks in the wall caused by two earthquakes in the Paphos district in 1995 and 1996 have not been repaired, Taliotis said.</p>
<p>Some sandstone homes have been reduced to piles of rubble, others have had their outer bricks removed for use on other structures. The crescent and star -- Turkey's flag -- is still visible in faded white paint on the walls of some buildings.</p>
<p>Greek Cypriot Hambou, now 74, her Turkish Cypriot husband Hassan, 61, and their four children jumped off the United Nations truck taking them and their co-villagers north in 1975.</p>
<p>Hambou and Hassan stayed in Androlykou, with all the hardships that went with it. Many of the others settled in Myrtou, a village in the north that Greek Cypriot residents were forced to flee during the Turkish invasion.</p>
<p>ATTEMPT TO BREATHE NEW LIFE INTO VILLAGE</p>
<p>An unused electricity generator lies in the yard of Hambou and Hassan's home with a sheet of plastic over it. It powers the electronic milking machine for the goats and sheep.</p>
<p>Hassan and Hambou are used to coping without the luxury of having electricity at the flick of a switch. They don't need a phone either. That disappeared from the village square five years ago.</p>
<p>&quot;This village epitomises everything happening in Cyprus... the heart of the island and the problems that go with it,&quot; mused Greek Cypriot Michalis Himarides, a farmer who leased a cottage at Androlykou two years ago.</p>
<p>&quot;It would be great for the Turkish Cypriots to come back. That would be the ideal solution to the Cyprus problem and we would gladly give back their homes,&quot; he said.</p>
<p>Living conditions are hard. Hassan and Hambou are out most of the day with their flock.</p>
<p>Christina Pournouxouzi, a 78-year-old Greek Cypriot, lives on the other side of the village in a tiny room. She sits by a stable door staring out at her concrete-covered yard. She is lame and never leaves the room.</p>
<p>SON RETURNS TO HELP AGED PARENTS</p>
<p>Esgul, who lives in the western coastal town of Paphos, makes the 60 km (37 mile) trek through the mountains at dawn and dusk to help his elderly parents handle their herd of 500 goats and sheep.</p>
<p>He left Androlykou when he was 25.</p>
<p>&quot;It wasn't much of a life,&quot; he says. &quot;I was working until I dropped and I would start over again the next morning.&quot;</p>
<p>Now married with two children, returning to Androlykou in its present state is even harder.</p>
<p>&quot;I've got two babies, where am I going to bring them?,&quot; Esgul said. &quot;If there was electricity up here of course I would come.&quot;</p>
<p>Most of Androlykou's other residents seem happy enough. A large grey goat lounges on a ledge above the entrance of one building as a sheep and her young lamb stare inquisitively at strangers from the kitchen of a deserted mudbrick house. Pigs grunt from behind a faded yellow door of another home.</p>
<p>The blackened floors of most homes sound hollow.</p>
<p>&quot;It's the layers of animal dung,&quot; Taliotis volunteered.</p>
</text>
<copyright>(c) Reuters Limited 1997</copyright>
<metadata>
<codes class="bip:countries:1.0">
  <code code="CYPR">
    <editdetail attribution="Reuters BIP Coding Group" action="confirmed" date="1997-04-06"/>
  </code>
  <code code="TURK">
    <editdetail attribution="Reuters BIP Coding Group" action="confirmed" date="1997-04-06"/>
  </code>
</codes>
<codes class="bip:topics:1.0">
  <code code="GCAT">
    <editdetail attribution="Reuters BIP Coding Group" action="confirmed" date="1997-04-06"/>
  </code>
  <code code="GDIP">
    <editdetail attribution="Reuters BIP Coding Group" action="confirmed" date="1997-04-06"/>
  </code>
  <code code="GPOL">
    <editdetail attribution="Reuters BIP Coding Group" action="confirmed" date="1997-04-06"/>
  </code>
</codes>
<dc element="dc.date.created" value="1997-04-06"/>
<dc element="dc.publisher" value="Reuters Holdings Plc"/>
<dc element="dc.date.published" value="1997-04-06"/>
<dc element="dc.source" value="Reuters"/>
<dc element="dc.creator.location" value="ANDROLYKOU, Cyprus"/>
<dc element="dc.creator.location.country.name" value="CYPRUS"/>
<dc element="dc.source" value="Reuters"/>
</metadata>
</newsitem>
