<?xml version="1.0" encoding="iso-8859-1" ?>
<newsitem itemid="489951" id="root" date="1997-04-06" xml:lang="en">
<title>SWITZERLAND: CS seen launching Swiss Internet banking.</title>
<headline>CS seen launching Swiss Internet banking.</headline>
<dateline>ZURICH 1997-04-06</dateline>
<text>
<p>Credit Suisse is about to become the first of Switzerland's three big global banks to launch retail banking services on the worldwide internet computer network, Swiss newspapers reported.</p>
<p>The Sunday paper SonntagsZeitung and the business bi-weekly Finanz und Wirtschaft said the launch of internet banking would be the subject of a Credit Suisse news conference on Thursday, April 10.  </p>
<p>Credit Suisse, the Swiss banking arm of the Credit Suisse Group that also includes CS First Boston, called the news conference unexpectedly on Friday after bourse closing.</p>
<p>The bank would say only that the event concerned &quot;a new, attractive product in the area of direct banking.&quot;</p>
<p>Credit Suisse Group spokeswoman Karin Rhomberg declined to elaborate or to comment on the newspaper reports about an Internet launch when contacted by Reuters.</p>
<p>The weekly Sonntagszeitung said the Internet service would allow customers to take care of such matters as checking on account balances, paying bills or buying and selling stocks.  </p>
<p>&quot;Apparently, it (Credit Suisse) is the first Swiss bank to master the technical problems releated to security and the compatability of the complex data processing elements,&quot; the SonntagsZeitung wrote.</p>
<p>It said Credit Suisse would use an encryption and decoding software called SecureNet to protect data flowing between customers and the bank from being read by outsiders.</p>
<p>SecureNet was developed by a Swiss company, r3security engineering ag, the newspaper said.  </p>
<p>&quot;The technological breakthrough by the Credit Suisse Group has an effect on the entire Swiss business world,&quot; the paper said.</p>
<p>By finding a secure enough program to protect financial data on the public Internet, Credit Suisse was effectively opening the Internet to other lucrative commercial uses that have been stalled so far by worries about the safety of money and information, SonntagsZeitung said.</p>
<p>Retail bank services are already available electronically for customers at Credit Suisse and most other Swiss banks, but they use an older technology hooked into the cable television network.</p>
<p>SontagsZeitungs aid the advantages of the Internet would be that customers could use the same familiar computer network and technology for viewing and making changes in their accounts. In the mid-term, the Internet should also prove faster than the existing videotext system.</p>
<p>By estimates, the Internet has more than 200,000 users in Switzerland out of a total population of about seven million people. ((-- Zurich Newsroom, +41-1-631 7340))</p>
</text>
<copyright>(c) Reuters Limited 1997</copyright>
<metadata>
<codes class="bip:countries:1.0">
  <code code="SWITZ">
    <editdetail attribution="Reuters BIP Coding Group" action="confirmed" date="1997-04-06"/>
  </code>
</codes>
<codes class="bip:industries:1.0">
  <code code="I33030">
    <editdetail attribution="Reuters BIP Coding Group" action="confirmed" date="1997-04-06"/>
  </code>
  <code code="I81402">
    <editdetail attribution="Reuters BIP Coding Group" action="confirmed" date="1997-04-06"/>
  </code>
</codes>
<codes class="bip:topics:1.0">
  <code code="C22">
    <editdetail attribution="Reuters BIP Coding Group" action="confirmed" date="1997-04-06"/>
  </code>
  <code code="CCAT">
    <editdetail attribution="Reuters BIP Coding Group" action="confirmed" date="1997-04-06"/>
  </code>
</codes>
<dc element="dc.date.created" value="1997-04-06"/>
<dc element="dc.publisher" value="Reuters Holdings Plc"/>
<dc element="dc.date.published" value="1997-04-06"/>
<dc element="dc.source" value="Reuters"/>
<dc element="dc.creator.location" value="ZURICH"/>
<dc element="dc.creator.location.country.name" value="SWITZERLAND"/>
<dc element="dc.source" value="Reuters"/>
</metadata>
</newsitem>
