<?xml version="1.0" encoding="iso-8859-1" ?>
<newsitem itemid="489945" id="root" date="1997-04-06" xml:lang="en">
<title>NETHERLANDS: EU ministers seek to inject pace in treaty reform.</title>
<headline>EU ministers seek to inject pace in treaty reform.</headline>
<byline>Ian Geoghegan</byline>
<dateline>NOORDWIJK, Netherlands 1997-04-06</dateline>
<text>
<p>European Union foreign ministers said on Sunday they hoped to make progress on key issues of reform before a mid-June Amsterdam summit.</p>
<p>The Dutch EU presidency summoned ministers to this coastal resort in an effort to inject fresh energy into the year-old inter-governmental conference (IGC), fearing it has been overshadowed by the run-up to monetary union and by attention given to trouble-spots like Albania.</p>
<p>&quot;This special conclave is aimed at keeping the reform process on track,&quot; a Dutch foreign ministry spokesman said.</p>
<p>&quot;We're moving towards the end of negotiations (in Amsterdam),&quot; German Foreign Minister Klaus Kinkel told reporters on his arrival.</p>
<p>Ministers, who last met two weeks ago in Rome to celebrate the bloc's 40th birthday, are to focus on reviewing the Union's institutions which, many fear, could grind to a halt as the bloc expands eastwards over the next 10 years.</p>
<p>In an attempt to streamline policy-making, ministers will look at ways to trim the size of the executive European Commission and extend the scope of qualified majority voting.</p>
<p>Ministers will look again at plans to integrate the Western European Union (WEU), the bloc's fledgling defence club, into the EU, effectively creating a collective security policy.</p>
<p>But the bloc's four neutral states, plus Britain, are unlikely to embrace a Franco-German-led plan for a phased move to a common defence policy.</p>
<p>&quot;We do not see the integration of the WEU in the EU...we think it's bad for the neutrals, bad for NATO, bad for everybody. We resist it,&quot; British junior foreign minister David Davis told reporters.</p>
<p>Swedish Foreign Minister Lena Hjelm-Wallen said she hoped there would be some progress on foreign and security policy, but anticipated work on other issues could only be stepped up once British elections were out of the way on May 1.</p>
<p>With growing worker unrest across Europe and the biggest jobless figures in Germany since Hitler's rise to power, the EU wants to win the hearts of its 18 million unemployed by enshrining the goal of job creation in a revamped treaty.</p>
<p>The Dutch face a tight schedule to broker a revised Maastricht Treaty. If the IGC review is not completed by the June summit, accession talks with those wanting to join the bloc will be delayed and will risk becoming mired in crucial decisions on economic and monetary union (EMU) and French and German elections next year.</p>
<p>Ministers are also likely to discuss the thorny issue of whether to stand together in condemning China's record on human rights.</p>
<p>Dutch Foreign Minister Hans van Mierlo last week wrote a stinging letter to his EU colleagues suggesting some were applying double standards on human rights.</p>
<p>His missive was sparked by France's refusal to back a joint European resolution condemning China at the United Nations Human Rights Commission in Geneva.</p>
<p>The 53-member Commission, in which developing countries have an overall majority, has rebuffed EU-U.S. efforts to censure China for the past six years.</p>
<p>France, with the tacit backing of Germany, Spain and Italy, argues that dialogue with China is better than confrontation.</p>
<p>Van Mierlo warned that this internal breaking of ranks was a serious setback for prospects of a common EU foreign policy and damaged the bloc's credibility on the world stage.</p>
<p>China has accused the West of using the Human Rights Commission to attack developing countries.</p>
</text>
<copyright>(c) Reuters Limited 1997</copyright>
<metadata>
<codes class="bip:countries:1.0">
  <code code="EEC">
    <editdetail attribution="Reuters BIP Coding Group" action="confirmed" date="1997-04-06"/>
  </code>
  <code code="NETH">
    <editdetail attribution="Reuters BIP Coding Group" action="confirmed" date="1997-04-06"/>
  </code>
</codes>
<codes class="bip:topics:1.0">
  <code code="G15">
    <editdetail attribution="Reuters BIP Coding Group" action="confirmed" date="1997-04-06"/>
  </code>
  <code code="G155">
    <editdetail attribution="Reuters BIP Coding Group" action="confirmed" date="1997-04-06"/>
  </code>
  <code code="GCAT">
    <editdetail attribution="Reuters BIP Coding Group" action="confirmed" date="1997-04-06"/>
  </code>
</codes>
<dc element="dc.date.created" value="1997-04-06"/>
<dc element="dc.publisher" value="Reuters Holdings Plc"/>
<dc element="dc.date.published" value="1997-04-06"/>
<dc element="dc.source" value="Reuters"/>
<dc element="dc.creator.location" value="NOORDWIJK, Netherlands"/>
<dc element="dc.creator.location.country.name" value="NETHERLANDS"/>
<dc element="dc.source" value="Reuters"/>
</metadata>
</newsitem>
