<?xml version="1.0" encoding="iso-8859-1" ?>
<newsitem itemid="489992" id="root" date="1997-04-06" xml:lang="en">
<title>INDIA: India bus bomb kills two, injures 14, police say.</title>
<headline>India bus bomb kills two, injures 14, police say.</headline>
<byline>Paul Chandhoke</byline>
<dateline>CHANDIGARH, India 1997-04-06</dateline>
<text>
<p>A crude bomb planted by suspected Kashmiri militants exploded on a bus in the northern Indian state of Punjab on Sunday, killing two people and injuring 14, police said.</p>
<p>Jarnail Singh Chahal, a senior Punjab police official, told Reuters the explosion took place in mid-morning at the town ofPathankot, about 200 km (120 miles) north of Punjab state capital Chandigarh and near the state's northern border with Jammu and Kashmir state.</p>
<p>The Jammu and Kashmir public transport bus was at a bridge in Pathankot heading for Jammu when the device went off at , he said. One person was killed on the spot and another died later in hospital and four of the injured were in a serious condition, he added.</p>
<p>&quot;We suspect it to be the handiwork of some Kashmiri militant as the modus operandi has been similar to earlier blasts at Ambala railway station and outside Jalandhar railway station,&quot; he said.</p>
<p>&quot;We have sent a team of scientists and forensic experts to establish the make and potency of the bomb,&quot; Chahal added.</p>
<p>Pathankot is located near Punjab's border with Jammu and Kashmir state and also near the international border with Pakistan.</p>
<p>Police and hospital officials say more than 20,000 people have died in insurgency-related violence since a separatist rebellion erupted in Jammu and Kashmir, mostly Hindu India's only Moslem-majority state, in 1990.</p>
<p>On Saturday, five separatist guerrillas were killed in two gun battles with Indian security forces in Kashmir.</p>
</text>
<copyright>(c) Reuters Limited 1997</copyright>
<metadata>
<codes class="bip:countries:1.0">
  <code code="INDIA">
    <editdetail attribution="Reuters BIP Coding Group" action="confirmed" date="1997-04-06"/>
  </code>
</codes>
<codes class="bip:topics:1.0">
  <code code="GCAT">
    <editdetail attribution="Reuters BIP Coding Group" action="confirmed" date="1997-04-06"/>
  </code>
  <code code="GVIO">
    <editdetail attribution="Reuters BIP Coding Group" action="confirmed" date="1997-04-06"/>
  </code>
</codes>
<dc element="dc.date.created" value="1997-04-06"/>
<dc element="dc.publisher" value="Reuters Holdings Plc"/>
<dc element="dc.date.published" value="1997-04-06"/>
<dc element="dc.source" value="Reuters"/>
<dc element="dc.creator.location" value="CHANDIGARH, India"/>
<dc element="dc.creator.location.country.name" value="INDIA"/>
<dc element="dc.source" value="Reuters"/>
</metadata>
</newsitem>
