<?xml version="1.0" encoding="iso-8859-1" ?>
<newsitem itemid="489941" id="root" date="1997-04-06" xml:lang="en">
<title>USA: U.S. to co-sponsor U.N. rights vote on China.</title>
<headline>U.S. to co-sponsor U.N. rights vote on China.</headline>
<dateline>WASHINGTON 1997-04-05</dateline>
<text>
<p>The United States on Saturday applauded Denmark's plan to table a resolution on China's human rights record at the U.N. Human Rights Commission and offered to co-sponsor the measure.</p>
<p>&quot;This decision by Denmark reflects its principled commitment to the universality of human rights. The U.S. intends to co-sponsor this resolution,&quot; State Department spokesman Nicholas Burns said in a statement.</p>
<p>Burns said the U.N. Human Rights Commission, currently in session in Geneva, was &quot;an especially appropriate venue for discussion of China's human rights practices.&quot;</p>
<p>Bill Richardson, U.S. ambassador to the United Nations, last week said Washington hoped to be part of a resolution after telling the commission China &quot;continues to commit widespread and well-documented human rights abuses.&quot;</p>
<p>&quot;It has been our hope that the Chinese government would make sufficient progress on human rights to render a resolution unnecessary, but in the absence of greater forward movement we will, as we have in years past, join with other members of the international community in an effort to bring the resolution to the floor and to a vote,&quot; Burns said.</p>
<p>In London, British Foreign Secretary Malcolm Rifkind also welcomed the Danish decision and said Britain would join the United States in co-sponsoring the resolution.</p>
<p>&quot;It is important that international attention is focused on the need for improvement in China's human rights situation,&quot; Rifkind said in a statement.</p>
<p>For the past six years China has fought off the introduction of a resolution on its rights record by winning majority support in the commission for a &quot;no action&quot; motion, and diplomats say it is well positioned to succeed again.</p>
<p>Richardson last week said he would be engaged in &quot;quite active lobbying&quot; against the &quot;no action&quot; motion and would aim at what he called &quot;eight or nine swing votes that are moving rapidly&quot; in a bid to defeat it.</p>
<p>U.S. officials say China continues to severely restrict fundamental freedoms of speech, the press, assembly, association and religion, in violation of internationally accepted norms.</p>
<p>Separately, National Security Adviser Samuel Berger said Washington still wanted Congress to approve renewal of China's Most-Favored-Nation trading status. Cutting off economic ties, he said, was not the best way to influence China's direction.</p>
<p>&quot;We believe that engaging with China ... to deal directly with them, and confront them on the areas, where we disagree is better than breaking ourselves off from one quarter of the world's population,&quot; Berger told CNN's &quot;Evans &amp; Novak&quot; program.</p>
</text>
<copyright>(c) Reuters Limited 1997</copyright>
<metadata>
<codes class="bip:countries:1.0">
  <code code="CHINA">
    <editdetail attribution="Reuters BIP Coding Group" action="confirmed" date="1997-04-06"/>
  </code>
  <code code="DEN">
    <editdetail attribution="Reuters BIP Coding Group" action="confirmed" date="1997-04-06"/>
  </code>
  <code code="UN">
    <editdetail attribution="Reuters BIP Coding Group" action="confirmed" date="1997-04-06"/>
  </code>
  <code code="USA">
    <editdetail attribution="Reuters BIP Coding Group" action="confirmed" date="1997-04-06"/>
  </code>
</codes>
<codes class="bip:topics:1.0">
  <code code="GCAT">
    <editdetail attribution="Reuters BIP Coding Group" action="confirmed" date="1997-04-06"/>
  </code>
  <code code="GDIP">
    <editdetail attribution="Reuters BIP Coding Group" action="confirmed" date="1997-04-06"/>
  </code>
</codes>
<dc element="dc.date.created" value="1997-04-05"/>
<dc element="dc.publisher" value="Reuters Holdings Plc"/>
<dc element="dc.date.published" value="1997-04-06"/>
<dc element="dc.source" value="Reuters"/>
<dc element="dc.creator.location" value="WASHINGTON"/>
<dc element="dc.creator.location.country.name" value="USA"/>
<dc element="dc.source" value="Reuters"/>
</metadata>
</newsitem>
