<?xml version="1.0" encoding="iso-8859-1" ?>
<newsitem itemid="489980" id="root" date="1997-04-06" xml:lang="en">
<title>VATICAN: Pope calls for courage to stop violence.</title>
<headline>Pope calls for courage to stop violence.</headline>
<dateline>VATICAN CITY 1997-04-06</dateline>
<text>
<p>Pope John Paul urged world leaders on Sunday to act with timely courage to prevent senseless bloodshed.</p>
<p>He told pilgrims in St Peter's Square that divine mercy should &quot;inspire in those who have the responsibility of government, at national and international levels, the necessary courage to intervene with timely wisdom in difficult situations before they reach breakdown and more blood is shed senselessly&quot;.</p>
<p>The Polish Pontiff did not refer to any country by name but has used his regular Sunday address in the past to call for calm in chaotic Albania and Zaire, which is hit by civil war.</p>
<p>An international security force, under Italian command, is preparing to deploy in Albania, where armed anarchy broke out last month in the wake of the collapse of shady investment schemes.</p>
<p>In Zaire, United Nations officials began organising an airlift of refugees but the advance of rebels seeking President Mobutu Sese Seko's resignation dimmed ceasefire prospects.</p>
<p>The Pope urged pilgrims not to think of violence as something inevitable or irrelevant because it happens far away.</p>
</text>
<copyright>(c) Reuters Limited 1997</copyright>
<metadata>
<codes class="bip:countries:1.0">
  <code code="ALB">
    <editdetail attribution="Reuters BIP Coding Group" action="confirmed" date="1997-04-06"/>
  </code>
  <code code="VCAN">
    <editdetail attribution="Reuters BIP Coding Group" action="confirmed" date="1997-04-06"/>
  </code>
  <code code="ZAIRE">
    <editdetail attribution="Reuters BIP Coding Group" action="confirmed" date="1997-04-06"/>
  </code>
</codes>
<codes class="bip:topics:1.0">
  <code code="GCAT">
    <editdetail attribution="Reuters BIP Coding Group" action="confirmed" date="1997-04-06"/>
  </code>
  <code code="GDIP">
    <editdetail attribution="Reuters BIP Coding Group" action="confirmed" date="1997-04-06"/>
  </code>
  <code code="GREL">
    <editdetail attribution="Reuters BIP Coding Group" action="confirmed" date="1997-04-06"/>
  </code>
  <code code="GVIO">
    <editdetail attribution="Reuters BIP Coding Group" action="confirmed" date="1997-04-06"/>
  </code>
</codes>
<dc element="dc.date.created" value="1997-04-06"/>
<dc element="dc.publisher" value="Reuters Holdings Plc"/>
<dc element="dc.date.published" value="1997-04-06"/>
<dc element="dc.source" value="Reuters"/>
<dc element="dc.creator.location" value="VATICAN CITY"/>
<dc element="dc.creator.location.country.name" value="VATICAN"/>
<dc element="dc.source" value="Reuters"/>
</metadata>
</newsitem>
