<?xml version="1.0" encoding="iso-8859-1" ?>
<newsitem itemid="489968" id="root" date="1997-04-06" xml:lang="en">
<title>GERMANY: Germany confirms release of nationals in Yemen.</title>
<headline>Germany confirms release of nationals in Yemen.</headline>
<dateline>BONN 1997-04-06</dateline>
<text>
<p>Germany's Foreign Ministry confirmed on Sunday that four German tourists kidnapped in Yemen had been released and said that its ambassador was meeting them in Sanaa, the Yemeni capital.</p>
<p>&quot;I am relieved that the four kidnapped German tourists have been freed,&quot; Foreign Minister Klaus Kinkel said in a statement released in Bonn. &quot;They have just now arrived in Sanaa and are meeting Ambassador Helga Strachwitz...They are in good condition considering the circumstances.&quot;</p>
<p>Earlier a spokesman for the foreign ministry said there would be no confirmation of the release until the ambassador had personally seen the two men and two women.</p>
<p>In Yemen, the governor of the Marib province, Yahia al-Shaief, told Reuters that Yemeni security forces had freed the hostages and arrested the kidnappers after firing artillery shells near their hideout.</p>
<p>The four were abducted by tribesmen on March 27 while returning to the Sanaa from Marib.</p>
</text>
<copyright>(c) Reuters Limited 1997</copyright>
<metadata>
<codes class="bip:countries:1.0">
  <code code="GFR">
    <editdetail attribution="Reuters BIP Coding Group" action="confirmed" date="1997-04-06"/>
  </code>
  <code code="YEMAR">
    <editdetail attribution="Reuters BIP Coding Group" action="confirmed" date="1997-04-06"/>
  </code>
</codes>
<codes class="bip:topics:1.0">
  <code code="GCAT">
    <editdetail attribution="Reuters BIP Coding Group" action="confirmed" date="1997-04-06"/>
  </code>
  <code code="GDIP">
    <editdetail attribution="Reuters BIP Coding Group" action="confirmed" date="1997-04-06"/>
  </code>
  <code code="GVIO">
    <editdetail attribution="Reuters BIP Coding Group" action="confirmed" date="1997-04-06"/>
  </code>
</codes>
<dc element="dc.date.created" value="1997-04-06"/>
<dc element="dc.publisher" value="Reuters Holdings Plc"/>
<dc element="dc.date.published" value="1997-04-06"/>
<dc element="dc.source" value="Reuters"/>
<dc element="dc.creator.location" value="BONN"/>
<dc element="dc.creator.location.country.name" value="GERMANY"/>
<dc element="dc.source" value="Reuters"/>
</metadata>
</newsitem>
