<?xml version="1.0" encoding="iso-8859-1" ?>
<newsitem itemid="489906" id="root" date="1997-04-06" xml:lang="en">
<title>KUWAIT: PRESS DIGEST - Kuwait - April 6.</title>
<headline>PRESS DIGEST - Kuwait - April 6.</headline>
<dateline>KUWAIT 1997-04-06</dateline>
<text>
<p>These are some of the leading stories in Kuwait's press on Sunday. Reuters has not verified these stories and does not vouch for their accuracy.</p>
<p>AL-WATAN</p>
<p>- Finance Minister Nasser al-Rodhan says added revenue from higher oil prices will not eliminate a budget deficit.</p>
<p>- National flag carrier Kuwait Airways Corp (KAC) will go bankrupt if it does not receive state financial aid, informed government source says.</p>
<p>AL-RAI AL-AAM</p>
<p>- Malaysian Prime Minisetr Mahathir Mohamad arrived in Kuwait on Saturday. Mahathir, who will also visit Bahrain, is eager to boost economic ties with Gulf Arab states.</p>
<p>- Some 33 real estate and investment firms will participate in the Indian Property and Investment Exhibition which opens on Monday.</p>
<p>ARAB TIMES</p>
<p>- MPs blast the government's economic plan in a parliamentary debate on Saturday.</p>
<p>- Public Authority for Assessment of Compensation (PAAC) says delays in payments was due to additional Central Bank procedures. PAAC last week announced it would transfer $11.3 million to the accounts of 4,500 people who claimed damages caused by the 1990-91 Iraqi occupation of Kuwait.</p>
</text>
<copyright>(c) Reuters Limited 1997</copyright>
<metadata>
<codes class="bip:countries:1.0">
  <code code="KUWAIT">
    <editdetail attribution="Reuters BIP Coding Group" action="confirmed" date="1997-04-06"/>
  </code>
</codes>
<codes class="bip:topics:1.0">
  <code code="GCAT">
    <editdetail attribution="Reuters BIP Coding Group" action="confirmed" date="1997-04-06"/>
  </code>
</codes>
<dc element="dc.date.created" value="1997-04-06"/>
<dc element="dc.publisher" value="Reuters Holdings Plc"/>
<dc element="dc.date.published" value="1997-04-06"/>
<dc element="dc.source" value="Reuters"/>
<dc element="dc.creator.location" value="KUWAIT"/>
<dc element="dc.creator.location.country.name" value="KUWAIT"/>
<dc element="dc.source" value="Reuters"/>
</metadata>
</newsitem>
