<?xml version="1.0" encoding="iso-8859-1" ?>
<newsitem itemid="489981" id="root" date="1997-04-06" xml:lang="en">
<title>GERMANY: Porsche tows in-line skater to record speed. [CORRECTED 13:00 GMT]</title>
<headline>Porsche tows in-line skater to record speed. [CORRECTED 13:00 GMT]</headline>
<dateline>BONN 1997-04-06</dateline>
<text>
<p>(Corrects headline and text to avoid confusion with Rollerblade trademark).</p>
<p>An engineering student on in-line skates has claimed a world speed record after holding onto the back of a sports car as it reached 246 km per hour (153 mph), a German newspaper reported on Sunday.</p>
<p>Bild am Sonntag said 25-year-old Dirk Auer, wearing a crash helmet, leather motorcycle kit and four-wheel in-line skates, clung to a specially built rack on the back of a 550 horse-power Porsche as it raced around the 2,000-metre Hockenheim track.</p>
<p>Wind and rain prevented Auer, from Gross-Gerau near Frankfurt, from reaching his hoped-for 300 kph (186 mph), the newspaper said.</p>
</text>
<copyright>(c) Reuters Limited 1997</copyright>
<metadata>
<codes class="bip:countries:1.0">
  <code code="GFR">
    <editdetail attribution="Reuters BIP Coding Group" action="confirmed" date="1997-04-06"/>
  </code>
</codes>
<codes class="bip:topics:1.0">
  <code code="GCAT">
    <editdetail attribution="Reuters BIP Coding Group" action="confirmed" date="1997-04-06"/>
  </code>
  <code code="GODD">
    <editdetail attribution="Reuters BIP Coding Group" action="confirmed" date="1997-04-06"/>
  </code>
</codes>
<dc element="dc.date.created" value="1997-04-06"/>
<dc element="dc.publisher" value="Reuters Holdings Plc"/>
<dc element="dc.date.published" value="1997-04-06"/>
<dc element="dc.source" value="Reuters"/>
<dc element="dc.creator.location" value="BONN"/>
<dc element="dc.creator.location.country.name" value="GERMANY"/>
<dc element="dc.source" value="Reuters"/>
</metadata>
</newsitem>
