<?xml version="1.0" encoding="iso-8859-1" ?>
<newsitem itemid="489913" id="root" date="1997-04-06" xml:lang="en">
<title>USA: Israel's Netanyahu arrives in U.S. for talks.</title>
<headline>Israel's Netanyahu arrives in U.S. for talks.</headline>
<dateline>ROCHESTER, Minn. 1997-04-06</dateline>
<text>
<p>Israeli Prime Minister Benjamin Netanyahu arrived in the United States on Sunday to meet with Jordan's King Hussein and to prepare for talks with President Bill Clinton on the Middle East peace process.</p>
<p>Netanyahu's first stop was a Minnesota hospital where Hussein is recovering from successful prostate surgery. He planned to travel to Washington later in the day for a meeting on Monday with Clinton at which U.S. officials were expected to present new proposals for the crisis-plagued region.</p>
<p>Netanyahu arrived at the airport near this medical centre city at 6:40 p.m. EDT (2240 GMT). Hussein had routine prostate surgery on Saturday at a Mayo Clinic hospital to remove a benign enlargement of the gland.</p>
</text>
<copyright>(c) Reuters Limited 1997</copyright>
<metadata>
<codes class="bip:countries:1.0">
  <code code="ISRAEL">
    <editdetail attribution="Reuters BIP Coding Group" action="confirmed" date="1997-04-06"/>
  </code>
  <code code="JORDAN">
    <editdetail attribution="Reuters BIP Coding Group" action="confirmed" date="1997-04-06"/>
  </code>
  <code code="USA">
    <editdetail attribution="Reuters BIP Coding Group" action="confirmed" date="1997-04-06"/>
  </code>
</codes>
<codes class="bip:topics:1.0">
  <code code="GCAT">
    <editdetail attribution="Reuters BIP Coding Group" action="confirmed" date="1997-04-06"/>
  </code>
  <code code="GDIP">
    <editdetail attribution="Reuters BIP Coding Group" action="confirmed" date="1997-04-06"/>
  </code>
</codes>
<dc element="dc.date.created" value="1997-04-06"/>
<dc element="dc.publisher" value="Reuters Holdings Plc"/>
<dc element="dc.date.published" value="1997-04-06"/>
<dc element="dc.source" value="Reuters"/>
<dc element="dc.creator.location" value="ROCHESTER, Minn."/>
<dc element="dc.creator.location.country.name" value="USA"/>
<dc element="dc.source" value="Reuters"/>
</metadata>
</newsitem>
