<?xml version="1.0" encoding="iso-8859-1" ?>
<newsitem itemid="489936" id="root" date="1997-04-06" xml:lang="en">
<title>USA: Winter storm slams U.S. northern plains.</title>
<headline>Winter storm slams U.S. northern plains.</headline>
<dateline>FARGO, N.D. 1997-04-06</dateline>
<text>
<p>A blizzard dumped up to three feet (a metre) of snow on parts of the northern plains on Sunday, temporarily halting the spring thaw that has turned rivers into lakes and forced scores of evacuations.</p>
<p>&quot;This is the biggest blizzard of the season -- bigger than they had even over the winter,&quot; National Weather Service meteorologist Greg Carbin said.</p>
<p>Wind gusts of up to 60 miles per hour (100 km/h) created drifts as high as 10 feet (3 m), clogging roads from Wyoming to Minnesota.</p>
<p>Fargo, a city of 75,000 along the eastern border of North Dakota, was buried under a thick layer of snow. High winds caused drifting and cut visibility to only a few yards (metres).</p>
<p>In hard-hit North Dakota, freezing rain and sleet turned to snow overnight on Saturday, but not before coating trees and power lines that knocked out electricity in some areas.</p>
<p>Three temporary dikes erected to hold back the rising Red River in the southeast corner of the state in Wahpeton collapsed late on Saturday under a steady downpour, forcing 30 families to leave their homes, authorities said.</p>
<p>Towns along the Red River and its tributaries, as well as hamlets in southwestern Minnesota, have been fighting floodwaters for the past week, building dikes and sandbag walls. The mixture of rain and snow and the arrival of colder weather made the work miserable.</p>
<p>But the snowstorm and its accompanying sub-freezing temperatures put a temporary halt to the spring thaw that has inundated towns in the Dakotas, Minnesota, and Wisconsin.</p>
<p>&quot;This might ease some of the flood threat. But now the snow is as deep again as it was before it started melting,&quot; the Weather Service's Carbin said. &quot;This just adds insult to injury.&quot;</p>
<p>Temperatures were not expected to climb above freezing across much of the region until the end of the week at the earliest, he said.</p>
</text>
<copyright>(c) Reuters Limited 1997</copyright>
<metadata>
<codes class="bip:countries:1.0">
  <code code="USA">
    <editdetail attribution="Reuters BIP Coding Group" action="confirmed" date="1997-04-06"/>
  </code>
</codes>
<codes class="bip:topics:1.0">
  <code code="GCAT">
    <editdetail attribution="Reuters BIP Coding Group" action="confirmed" date="1997-04-06"/>
  </code>
  <code code="GWEA">
    <editdetail attribution="Reuters BIP Coding Group" action="confirmed" date="1997-04-06"/>
  </code>
</codes>
<dc element="dc.date.created" value="1997-04-06"/>
<dc element="dc.publisher" value="Reuters Holdings Plc"/>
<dc element="dc.date.published" value="1997-04-06"/>
<dc element="dc.source" value="Reuters"/>
<dc element="dc.creator.location" value="FARGO, N.D."/>
<dc element="dc.creator.location.country.name" value="USA"/>
<dc element="dc.source" value="Reuters"/>
</metadata>
</newsitem>
