<?xml version="1.0" encoding="iso-8859-1" ?>
<newsitem itemid="489929" id="root" date="1997-04-06" xml:lang="en">
<title>USA: TV Star Ellen DeGeneres comes out of the closet.</title>
<headline>TV Star Ellen DeGeneres comes out of the closet.</headline>
<dateline>NEW YORK 1997-04-06</dateline>
<text>
<p>Ellen DeGeneres, the comedienne and star of the hit TV show &quot;Ellen,&quot; has admitted to being gay, and said her admission was &quot;the most freeing experience,&quot; Time magazine reported on Sunday.</p>
<p>&quot;When I decided to have my character on the show come out, I knew I was going to have to come out too,&quot; DeGeneres told Time. Her character Ellen Morgan is due to come out on the April 30 episode of the show, Time says in its latest issue due out on Monday.</p>
<p>DeGeneres, 39, said the decision to reveal her sexuality was the culmination of a long process, confronting her fears about being rejected as well as her wish to lead a more honest and open life.</p>
<p>&quot;I always thought I could keep my personal life separate from my professional life. I mean, I really tried to figure out every way to avoid answering that question for as long as I could,&quot; the actress said.</p>
<p>&quot;Now I feel completely comfortable with myself and I don't have to be fearful about something damaging my career if it gets out, because now I'm in control of it -- sort of.</p>
<p>&quot;No one can hurt me now.&quot;</p>
</text>
<copyright>(c) Reuters Limited 1997</copyright>
<metadata>
<codes class="bip:countries:1.0">
  <code code="USA">
    <editdetail attribution="Reuters BIP Coding Group" action="confirmed" date="1997-04-06"/>
  </code>
</codes>
<codes class="bip:topics:1.0">
  <code code="GCAT">
    <editdetail attribution="Reuters BIP Coding Group" action="confirmed" date="1997-04-06"/>
  </code>
  <code code="GENT">
    <editdetail attribution="Reuters BIP Coding Group" action="confirmed" date="1997-04-06"/>
  </code>
  <code code="GODD">
    <editdetail attribution="Reuters BIP Coding Group" action="confirmed" date="1997-04-06"/>
  </code>
  <code code="GPRO">
    <editdetail attribution="Reuters BIP Coding Group" action="confirmed" date="1997-04-06"/>
  </code>
</codes>
<dc element="dc.date.created" value="1997-04-06"/>
<dc element="dc.publisher" value="Reuters Holdings Plc"/>
<dc element="dc.date.published" value="1997-04-06"/>
<dc element="dc.source" value="Reuters"/>
<dc element="dc.creator.location" value="NEW YORK"/>
<dc element="dc.creator.location.country.name" value="USA"/>
<dc element="dc.source" value="Reuters"/>
</metadata>
</newsitem>
