<?xml version="1.0" encoding="iso-8859-1" ?>
<newsitem itemid="489976" id="root" date="1997-04-06" xml:lang="en">
<title>GERMANY: German SPD facing new rifts after savvy Kohl move.</title>
<headline>German SPD facing new rifts after savvy Kohl move.</headline>
<byline>Erik Kirschbaum</byline>
<dateline>BONN 1997-04-06</dateline>
<text>
<p>Germany's  Social Democrats were caught flat-footed by conservative Chancellor Helmut Kohl's decision last week to seek an unprecedented fifth term, and the opposition party began to unravel in disputes over its own leadership.</p>
<p>Many SPD politicians and their labour union allies urged the party to select a challenger quickly to stand against Kohl, who handily defeated the last four opponents the SPD put forward.</p>
<p>SPD leaders tried to turn a deaf ear and stick to their plan to wait until April next year before naming their man for the election expected the following October.</p>
<p>&quot;We cannot wait until next April to nominate our candidate,&quot; argued Christoph Grimm, a senior SPD official in Rheinland-Palatinate and president of the state parliament. &quot;The political pressure will be too enormous to hold to that schedule.&quot;</p>
<p>Kohl had not been expected to announce his intentions until later in the year. But his pronouncement on Thursday that he will seek a fifth term caught the SPD completely off guard, which many political analysts said was a primary reason behind the timing.</p>
<p>It was a savvy move by the wily chancellor and reopened rifts in the SPD, which had fought many fractious battles before Oskar Lafontaine took control in late 1995, creating a semblance of unity.</p>
<p>&quot;Whether the SPD leaders were surprised or not by Kohl's decision, their hand has now definitely been forced by the move,&quot; said Welt am Sonntag in a commentary on Sunday.</p>
<p>&quot;It is now highly unlikely the SPD will be able to wait, as they intended, until April of next year,&quot; the newspaper said.</p>
<p>Especially if Tony Blair were to score a big win as expected for the Labour Party in Britain's election next month, &quot;pressure on the SPD will become immense to quickly nominate a powerful figure of their own,&quot; Welt am Sonntag said.</p>
<p>Opinion polls conducted just before Kohl's announcement showed his Christian Democrats badly trailing the SPD. The Forsa polling institute published a survey on April 3 showing the SPD with 40 percent of the vote compared to 34 percent for Kohl's CDU and their Bavarian sister party, the CSU.</p>
<p>Kohl and his CDU have slumped in surveys because of a stagnating economy and record 12.2 percent unemployment.</p>
<p>Many polls show that Kohl could still defeat Lafontaine, but not Gerhard Schroeder, the telegenic pro-business state premier of Lower Saxony.</p>
<p>Lafontaine has remained silent since Kohl's announcement. Schroeder said he prefers a choice next April.</p>
<p>An Emnid survey to be published in Der Spiegel weekly on Monday shows 62 percent of those surveyed want to see Schroeder run against Kohl compared to 27 percent who favour Lafontaine.</p>
<p>&quot;It will not be any easier for a SPD candidate if he is asked to win a race against Kohl at the last minute,&quot; said Roland Issen, head of the DAG white-collar union. &quot;The SPD must put up an alternative to Kohl now, not some time in the future.&quot;</p>
<p>Gerd Andres, an SPD member of parliament and spokesman for the party's conservative &quot;Seeheim Circle&quot; which is close to labour unions, urged the SPD leaders to change their stance and nominate the party's candidate by December at the latest.</p>
<p>&quot;The SPD will not be able to withstand another full year a debate over who will be its chancellor candidate,&quot; Andres said. &quot;The man with the best chances has to be nominated and that is clearly Gerhard Schroeder.&quot;</p>
<p>But Rudolf Scharping, SPD parliamentary leader whom Kohl beat in 1994, said the party should wait until the &quot;right time&quot; to name its nominee.</p>
<p>&quot;Kohl's announcement has not changed a thing,&quot; he told the tabloid Bild .</p>
</text>
<copyright>(c) Reuters Limited 1997</copyright>
<metadata>
<codes class="bip:countries:1.0">
  <code code="GFR">
    <editdetail attribution="Reuters BIP Coding Group" action="confirmed" date="1997-04-06"/>
  </code>
</codes>
<codes class="bip:topics:1.0">
  <code code="GCAT">
    <editdetail attribution="Reuters BIP Coding Group" action="confirmed" date="1997-04-06"/>
  </code>
  <code code="GPOL">
    <editdetail attribution="Reuters BIP Coding Group" action="confirmed" date="1997-04-06"/>
  </code>
</codes>
<dc element="dc.date.created" value="1997-04-06"/>
<dc element="dc.publisher" value="Reuters Holdings Plc"/>
<dc element="dc.date.published" value="1997-04-06"/>
<dc element="dc.source" value="Reuters"/>
<dc element="dc.creator.location" value="BONN"/>
<dc element="dc.creator.location.country.name" value="GERMANY"/>
<dc element="dc.source" value="Reuters"/>
</metadata>
</newsitem>
