<?xml version="1.0" encoding="iso-8859-1" ?>
<newsitem itemid="489961" id="root" date="1997-04-06" xml:lang="en">
<title>FRANCE: French Jan, Feb health outlays to meet goal - Barrot.</title>
<headline>French Jan, Feb health outlays to meet goal - Barrot.</headline>
<dateline>PARIS 1996-04-07</dateline>
<text>
<p>French Labour and Social Affairs Minister Jacques Barrot said on Sunday that health spending in January and February was likely to fall within government-set objectives.</p>
<p>&quot;We are going to see, probably in the middle of the week, the results of January and February spending of the health insurance fund,&quot; Barrot told Europe 1 radio in an interview.</p>
<p>&quot;The trend that is starting for the first two months of the year is one that leads us towards a respect of the target the parliament set,&quot; he said.</p>
<p>He refused to give precise figures, noting that the data would be officially released by the CNAM national health insurance fund, but said the year was starting out well.</p>
<p>&quot;I have reason to believe the trend is positive,&quot; he said.</p>
<p>In 1996, non-hospital spending in France rose 2.3 percent, more than the 2.1 percent targeted by the government.</p>
<p>France's parliament has targeted a rise of 1.7 percent in total spending on public health in 1997. Spending on doctors fees and prescriptions is to rise no more than 1.3 percent.</p>
<p>((-- Paris Newsroom +331 4221 5452))</p>
</text>
<copyright>(c) Reuters Limited 1997</copyright>
<metadata>
<codes class="bip:countries:1.0">
  <code code="FRA">
    <editdetail attribution="Reuters BIP Coding Group" action="confirmed" date="1997-04-06"/>
  </code>
</codes>
<codes class="bip:topics:1.0">
  <code code="E21">
    <editdetail attribution="Reuters BIP Coding Group" action="confirmed" date="1997-04-06"/>
  </code>
  <code code="E211">
    <editdetail attribution="Reuters BIP Coding Group" action="confirmed" date="1997-04-06"/>
  </code>
  <code code="ECAT">
    <editdetail attribution="Reuters BIP Coding Group" action="confirmed" date="1997-04-06"/>
  </code>
  <code code="GCAT">
    <editdetail attribution="Reuters BIP Coding Group" action="confirmed" date="1997-04-06"/>
  </code>
  <code code="GHEA">
    <editdetail attribution="Reuters BIP Coding Group" action="confirmed" date="1997-04-06"/>
  </code>
</codes>
<dc element="dc.date.created" value="1996-04-07"/>
<dc element="dc.publisher" value="Reuters Holdings Plc"/>
<dc element="dc.date.published" value="1997-04-06"/>
<dc element="dc.source" value="Reuters"/>
<dc element="dc.creator.location" value="PARIS"/>
<dc element="dc.creator.location.country.name" value="FRANCE"/>
<dc element="dc.source" value="Reuters"/>
</metadata>
</newsitem>
