<?xml version="1.0" encoding="iso-8859-1" ?>
<newsitem itemid="615676" id="root" date="1997-05-27" xml:lang="en">
<title>EU:  OFFICIAL JOURNAL CONTENTS - OJ C 160 OF MAY 27, 1997.</title>
<headline>OFFICIAL JOURNAL CONTENTS - OJ C 160 OF MAY 27, 1997.</headline>
<text>
<p>*</p>
<p>(Note - contents are displayed in reverse order to that in the printed Journal)</p>
<p>*</p>
<p>Assessment of humanitarian operations financed under Council Regulation (EC) No 1257/96 of 20 June 1996 concerning humanitarian aid (97/C 160/13)</p>
<p>CITIZENS FIRST Call for proposals (97/C 160/12)</p>
<p>Proposal for a Council Regulation (ECSC, EC, Euratom) amending the Staff Regulations of Officials of the European Communities (97/C 160/11) COM(97) 163 final - 97/0123(CNS)</p>
<p>Proposal for a Council Regulation (EC) amending Regulation (EEC) No 805/68 on the common organization of the market in beef and veal (97/C 160/10) COM(97) 161 final - 97/0122(CNS)</p>
<p>Prior notification of a concentration (Case No IV/M.933 - ICI/Unilever) (97/C 160/09)</p>
<p>Non-opposition to a notified concentration (Case No IV/M.886 - MRW/MHP) (97/C 160/08)</p>
<p>Non-opposition to a notified concentration (Case No IV/M.900 - BT/TELE DK/SBB/Migros/UBS) (97/C 160/07)</p>
<p>re Non-opposition to a notified concentration (Case No IV/M.873 - Bank Austria/Creditanstalt) (97/C 160/06)</p>
<p>Communication of Decisions under sundry tendering procedures in agriculture (milk and milk products) (97/C 160/05)</p>
<p>Communication of Decisions under sundry tendering procedures in agriculture (milk and milk products) (97/C 160/04)</p>
<p>Standing invitation to tender pursuant to Commission Regulation (EEC) No 570/88 of 16 February 1988 on the sale of butter at reduced prices and the granting of aid for butter and concentrated butter for use in the manufacture of pastry products, ice-cream and other foodstuffs (97/C 160/03)</p>
<p>LIST OF DOCUMENTS FORWARDED BY THE COMMISSION TO THE COUNCIL DURING THE PERIOD 12 TO 16. 5. 1997 (97/C 160/02)</p>
<p>Ecu (1) 26 May 1997 (97/C 160/01) END OF DOCUMENT.</p>
</text>
<copyright>(c) Reuters Limited 1997</copyright>
<metadata>
<codes class="bip:countries:1.0">
  <code code="EEC">
    <editdetail attribution="Reuters BIP Coding Group" action="confirmed" date="1997-05-27"/>
  </code>
</codes>
<codes class="bip:topics:1.0">
  <code code="G15">
    <editdetail attribution="Reuters BIP Coding Group" action="confirmed" date="1997-05-27"/>
  </code>
  <code code="GCAT">
    <editdetail attribution="Reuters BIP Coding Group" action="confirmed" date="1997-05-27"/>
  </code>
</codes>
<dc element="dc.publisher" value="Reuters Holdings Plc"/>
<dc element="dc.date.published" value="1997-05-27"/>
<dc element="dc.source" value="Reuters"/>
<dc element="dc.creator.location.country.name" value="EU"/>
<dc element="dc.source" value="Reuters"/>
</metadata>
</newsitem>
