<?xml version="1.0" encoding="iso-8859-1" ?>
<newsitem itemid="615687" id="root" date="1997-05-27" xml:lang="en">
<title>CANADA: Tee-Comm U.S. arm seeks Chapter 11.</title>
<headline>Tee-Comm U.S. arm seeks Chapter 11.</headline>
<dateline>TORONTO 1997-05-27</dateline>
<text>
<p>Embattled Tee-Comm Electronics Inc. said its U.S. Alphastar satellite provider unit sought Chapter 11 protection after the parent filed for court protection.</p>
<p>Tee-Comm, which entered the U.S. markets too late to compete against the huge U.S. direct-to-home satellite players, also said the Toronto Stock Exchange stopped trading its shares and debentures.</p>
<p>However, Milton, Ontario-based Tee-Comm added its Canadian and U.S. television subscribers still are receiving services.  </p>
<p>The Stamford, Conn.-based U.S. service posted liabilities of about US$105 million and assets of about US$72 million in court papers in the U.S. Bankruptcy Court of Delaware.</p>
<p>Tee-Comm also said its president and chief executive Al Bahnman resigned and U.S. arm president David Charles has also left.</p>
<p>Tee-Comm said last week that the Bank of Montreal, its existing lender, demanded immediate repayment of its credit facility and appointed an interim receiver with respect to its property and assets.</p>
<p>Tee-Comm, which had common shares and 9-1/2 percent subordinated convertible debentures traded on the Toronto Stock Exchange, had been competing with GM Hughes Electronics Corp and MCI Communications Corp.</p>
<p>New York's Nasdaq market halted the stock last Thursday after demanding information and justification for continued trading from the company.</p>
<p>((Reuters Toronto Bureau (416) 941-8100))</p>
</text>
<copyright>(c) Reuters Limited 1997</copyright>
<metadata>
<codes class="bip:countries:1.0">
  <code code="CANA">
    <editdetail attribution="Reuters BIP Coding Group" action="confirmed" date="1997-05-27"/>
  </code>
</codes>
<codes class="bip:industries:1.0">
  <code code="I34430">
    <editdetail attribution="Reuters BIP Coding Group" action="confirmed" date="1997-05-27"/>
  </code>
</codes>
<codes class="bip:topics:1.0">
  <code code="C16">
    <editdetail attribution="Reuters BIP Coding Group" action="confirmed" date="1997-05-27"/>
  </code>
  <code code="CCAT">
    <editdetail attribution="Reuters BIP Coding Group" action="confirmed" date="1997-05-27"/>
  </code>
</codes>
<dc element="dc.date.created" value="1997-05-27"/>
<dc element="dc.publisher" value="Reuters Holdings Plc"/>
<dc element="dc.date.published" value="1997-05-27"/>
<dc element="dc.source" value="Reuters"/>
<dc element="dc.creator.location" value="TORONTO"/>
<dc element="dc.creator.location.country.name" value="CANADA"/>
<dc element="dc.source" value="Reuters"/>
</metadata>
</newsitem>
