<?xml version="1.0" encoding="iso-8859-1" ?>
<newsitem itemid="615694" id="root" date="1997-05-27" xml:lang="en">
<title>CANADA: Bank of Montreal Q2 loan losses flat.</title>
<headline>Bank of Montreal Q2 loan losses flat.</headline>
<dateline>TORONTO 1997-05-27</dateline>
<text>
<p>Bank of Montreal said on Tuesday that its second-quarter loan losses were unchanged at C$69 million from the second quarter last year for a total annual loan loss provision of C$275 million.</p>
<p>&quot;The current forecast provision of $275 million is unchanged from the level forecast at this time last year, but up C$50 million from the final 1996 level of C$225 million,&quot; the bank said in a statement.</p>
<p>It said early asset quality reviews suggested a favorable trend for loan losses, but the bank would not finalize its loan loss provisions until it reported in the third quarter.</p>
<p>Net impaired loans were reduced by C$717 million from the end of second quarter last year to a nil balance at the end of the same quarter this year.</p>
<p>((Reuters Toronto Bureau 416 941-8100))</p>
</text>
<copyright>(c) Reuters Limited 1997</copyright>
<metadata>
<codes class="bip:countries:1.0">
  <code code="CANA">
    <editdetail attribution="Reuters BIP Coding Group" action="confirmed" date="1997-05-27"/>
  </code>
</codes>
<codes class="bip:industries:1.0">
  <code code="I81402">
    <editdetail attribution="Reuters BIP Coding Group" action="confirmed" date="1997-05-27"/>
  </code>
</codes>
<codes class="bip:topics:1.0">
  <code code="C15">
    <editdetail attribution="Reuters BIP Coding Group" action="confirmed" date="1997-05-27"/>
  </code>
  <code code="C151">
    <editdetail attribution="Reuters BIP Coding Group" action="confirmed" date="1997-05-27"/>
  </code>
  <code code="CCAT">
    <editdetail attribution="Reuters BIP Coding Group" action="confirmed" date="1997-05-27"/>
  </code>
</codes>
<dc element="dc.date.created" value="1997-05-27"/>
<dc element="dc.publisher" value="Reuters Holdings Plc"/>
<dc element="dc.date.published" value="1997-05-27"/>
<dc element="dc.source" value="Reuters"/>
<dc element="dc.creator.location" value="TORONTO"/>
<dc element="dc.creator.location.country.name" value="CANADA"/>
<dc element="dc.source" value="Reuters"/>
</metadata>
</newsitem>
