<?xml version="1.0" encoding="iso-8859-1" ?>
<newsitem itemid="615706" id="root" date="1997-05-27" xml:lang="en">
<title>USA: Costa Rica International Q2 net.</title>
<headline>Costa Rica International Q2 net.</headline>
<dateline>MIAMI 1997-05-27</dateline>
<text>
<p>Six Months Ended		 Three Months Ended</p>
<p>	     March 31,    March 31,	   March 31,  March 31,</p>
<p>		  1997	   1996		  1997	 1996</p>
<p>Net sales $32,672,407    31,258,945   $15,722,186   15,034,877</p>
<p>Foreign currency</p>
<p> gain	    ---	  77,645	    ---	  77,645</p>
<p>Net income  848,028    $1,820,380     $327,695	$786,377</p>
<p>Earnings per</p>
<p> common share $0.043	    ---	$0.017	     ---</p>
</text>
<copyright>(c) Reuters Limited 1997</copyright>
<metadata>
<codes class="bip:countries:1.0">
  <code code="USA">
    <editdetail attribution="Reuters BIP Coding Group" action="confirmed" date="1997-05-27"/>
  </code>
</codes>
<codes class="bip:topics:1.0">
  <code code="C15">
    <editdetail attribution="Reuters BIP Coding Group" action="confirmed" date="1997-05-27"/>
  </code>
  <code code="C151">
    <editdetail attribution="Reuters BIP Coding Group" action="confirmed" date="1997-05-27"/>
  </code>
  <code code="CCAT">
    <editdetail attribution="Reuters BIP Coding Group" action="confirmed" date="1997-05-27"/>
  </code>
</codes>
<dc element="dc.date.created" value="1997-05-27"/>
<dc element="dc.publisher" value="Reuters Holdings Plc"/>
<dc element="dc.date.published" value="1997-05-27"/>
<dc element="dc.source" value="Reuters"/>
<dc element="dc.creator.location" value="MIAMI"/>
<dc element="dc.creator.location.country.name" value="USA"/>
<dc element="dc.source" value="Reuters"/>
</metadata>
</newsitem>
