<?xml version="1.0" encoding="iso-8859-1" ?>
<newsitem itemid="615722" id="root" date="1997-05-27" xml:lang="en">
<title>USA: VTEL completes Compression Labs merger.</title>
<headline>VTEL completes Compression Labs merger.</headline>
<dateline>AUSTIN, Texas 1997-05-27</dateline>
<text>
<p>VTEL Corp said Tuesday it had completed its merger with Compression Labs Inc following approval of the deal by VTEL shareholders.</p>
<p>VTEL said the new company will retain the VTEL name and headquarters in Austin, Texas, and will employ more than 800 people.</p>
<p>The previously announced merger was consummated by an exchange of 8.4 million VTEL shares for all outstanding Compression Labs shares.</p>
<p>VTEL now has about 22.5 million shares outstanding.</p>
<p>Dick Moeller, VTEL's chairman and chief executive, said the merger &quot;positions VTEL as the number two global supplier of videoconferencing systems and presents a substantive opportunity to increase service revenues.&quot;</p>
<p>VTEL designs and manufactures Smart Videoconferencing systems.</p>
</text>
<copyright>(c) Reuters Limited 1997</copyright>
<metadata>
<codes class="bip:countries:1.0">
  <code code="USA">
    <editdetail attribution="Reuters BIP Coding Group" action="confirmed" date="1997-05-27"/>
  </code>
</codes>
<codes class="bip:industries:1.0">
  <code code="I34400">
    <editdetail attribution="Reuters BIP Coding Group" action="confirmed" date="1997-05-27"/>
  </code>
  <code code="I34410">
    <editdetail attribution="Reuters BIP Coding Group" action="confirmed" date="1997-05-27"/>
  </code>
</codes>
<codes class="bip:topics:1.0">
  <code code="C18">
    <editdetail attribution="Reuters BIP Coding Group" action="confirmed" date="1997-05-27"/>
  </code>
  <code code="C181">
    <editdetail attribution="Reuters BIP Coding Group" action="confirmed" date="1997-05-27"/>
  </code>
  <code code="CCAT">
    <editdetail attribution="Reuters BIP Coding Group" action="confirmed" date="1997-05-27"/>
  </code>
</codes>
<dc element="dc.date.created" value="1997-05-27"/>
<dc element="dc.publisher" value="Reuters Holdings Plc"/>
<dc element="dc.date.published" value="1997-05-27"/>
<dc element="dc.source" value="Reuters"/>
<dc element="dc.creator.location" value="AUSTIN, Texas"/>
<dc element="dc.creator.location.country.name" value="USA"/>
<dc element="dc.source" value="Reuters"/>
</metadata>
</newsitem>
