<?xml version="1.0" encoding="iso-8859-1" ?>
<newsitem itemid="615765" id="root" date="1997-05-27" xml:lang="en">
<title>USA: AFTER THE BELL - HFS trades higher at 60.</title>
<headline>AFTER THE BELL - HFS trades higher at 60.</headline>
<dateline>NEW YORK 1997-05-27</dateline>
<text>
<p>HFS Inc rose to 60 in after-hours trading against a close of 58-1/2 on the New York Stock Exchange following news of its merger with CUC International Inc, dealers said Tuesday.  </p>
<p>CUC, which broke the news after normal trading hours, went down to 25-1/4 from a close of 26.</p>
<p>The company said the deal it had reached with HFS was worth an estimated $11 billion.</p>
<p>&quot;They're the big ones right now,&quot; said one trader, referring to the session's most active stocks.</p>
<p>Meanwhile, Staples Inc and Office Depot saw their stock remain near where they closed during normal trading hours despite the release of new information on their merger plans.  </p>
<p>Staples was trading at 21-7/16 near its close of 21-1/2 on the Nasdaq Stock Market, while Office Depot was at 17 against 16-7/8 on the NYSE.</p>
<p>The companies said they had decided to extend their merger deal in anticipation of a court ruling on an injunction by the Federal Trade Commission.</p>
<p>The New York Stock Exchange said Tuesday that session one had a volume of 229,600 shares against 771,000 on Friday. There was no session two, it added.</p>
</text>
<copyright>(c) Reuters Limited 1997</copyright>
<metadata>
<codes class="bip:countries:1.0">
  <code code="USA">
    <editdetail attribution="Reuters BIP Coding Group" action="confirmed" date="1997-05-27"/>
  </code>
</codes>
<codes class="bip:industries:1.0">
  <code code="I61000">
    <editdetail attribution="Reuters BIP Coding Group" action="confirmed" date="1997-05-27"/>
  </code>
  <code code="I65400">
    <editdetail attribution="Reuters BIP Coding Group" action="confirmed" date="1997-05-27"/>
  </code>
  <code code="I66500">
    <editdetail attribution="Reuters BIP Coding Group" action="confirmed" date="1997-05-27"/>
  </code>
  <code code="I83954">
    <editdetail attribution="Reuters BIP Coding Group" action="confirmed" date="1997-05-27"/>
  </code>
</codes>
<codes class="bip:topics:1.0">
  <code code="C15">
    <editdetail attribution="Reuters BIP Coding Group" action="confirmed" date="1997-05-27"/>
  </code>
  <code code="C152">
    <editdetail attribution="Reuters BIP Coding Group" action="confirmed" date="1997-05-27"/>
  </code>
  <code code="C18">
    <editdetail attribution="Reuters BIP Coding Group" action="confirmed" date="1997-05-27"/>
  </code>
  <code code="C181">
    <editdetail attribution="Reuters BIP Coding Group" action="confirmed" date="1997-05-27"/>
  </code>
  <code code="CCAT">
    <editdetail attribution="Reuters BIP Coding Group" action="confirmed" date="1997-05-27"/>
  </code>
</codes>
<dc element="dc.date.created" value="1997-05-27"/>
<dc element="dc.publisher" value="Reuters Holdings Plc"/>
<dc element="dc.date.published" value="1997-05-27"/>
<dc element="dc.source" value="Reuters"/>
<dc element="dc.creator.location" value="NEW YORK"/>
<dc element="dc.creator.location.country.name" value="USA"/>
<dc element="dc.source" value="Reuters"/>
</metadata>
</newsitem>
