<?xml version="1.0" encoding="iso-8859-1" ?>
<newsitem itemid="615720" id="root" date="1997-05-27" xml:lang="en">
<title>USA: Duckwall-ALCO adds 17 stores in fiscal Q1.</title>
<headline>Duckwall-ALCO adds 17 stores in fiscal Q1.</headline>
<dateline>ABILENE, Kan. 1997-05-27</dateline>
<text>
<p>Duckwall-ALCO Stores Inc said Tuesday it opened 17 stores in its fiscal first quarter ended May 4.</p>
<p>&quot;At quarter end, 75 percent of our stores were located in non-competitive markets,&quot; Glen Shank, president, said in a statement.</p>
<p>Duckwall-ALCO, which operates 203 stores in the central United States, said its strategy is to target smaller markets not served by other regional or national discount chains.</p>
<p>Earlier, Duckwall-ALCO reported earnings for the first quarter of $849,000 or $0.17 a share on 5.1 million shares outstanding, compared with year-ago earnings of $703,000 or $0.18 a share on 4.0 million shares.</p>
<p>Sales for the quarter rose to $69.3 million from $59.3 million.</p>
<p>&quot;Increases were seen across a broad spectrum of departments, including housewares, toys, consumables and outdoor living,&quot; Shank said.</p>
<p>((Reuters Chicago Newsdesk (312) 408-8787))</p>
</text>
<copyright>(c) Reuters Limited 1997</copyright>
<metadata>
<codes class="bip:countries:1.0">
  <code code="USA">
    <editdetail attribution="Reuters BIP Coding Group" action="confirmed" date="1997-05-27"/>
  </code>
</codes>
<codes class="bip:industries:1.0">
  <code code="I65600">
    <editdetail attribution="Reuters BIP Coding Group" action="confirmed" date="1997-05-27"/>
  </code>
  <code code="I6560002">
    <editdetail attribution="Reuters BIP Coding Group" action="confirmed" date="1997-05-27"/>
  </code>
</codes>
<codes class="bip:topics:1.0">
  <code code="C24">
    <editdetail attribution="Reuters BIP Coding Group" action="confirmed" date="1997-05-27"/>
  </code>
  <code code="CCAT">
    <editdetail attribution="Reuters BIP Coding Group" action="confirmed" date="1997-05-27"/>
  </code>
</codes>
<dc element="dc.date.created" value="1997-05-27"/>
<dc element="dc.publisher" value="Reuters Holdings Plc"/>
<dc element="dc.date.published" value="1997-05-27"/>
<dc element="dc.source" value="Reuters"/>
<dc element="dc.creator.location" value="ABILENE, Kan."/>
<dc element="dc.creator.location.country.name" value="USA"/>
<dc element="dc.source" value="Reuters"/>
</metadata>
</newsitem>
