<?xml version="1.0" encoding="iso-8859-1" ?>
<newsitem itemid="615738" id="root" date="1997-05-27" xml:lang="en">
<title>USA: Charles Schwab added to S&amp;P 500 index.</title>
<headline>Charles Schwab added to S&amp;P 500 index.</headline>
<dateline>NEW YORK 1997-05-27</dateline>
<text>
<p>The Standard &amp; Poor's Financial Information Services group said Tuesday that it will add The Charles Schwab Corp to its S&amp;P 500 Index after the close of trading on May 30.</p>
<p>The company, a division of The McGraw-Hill Cos, said Schwab would be added to replace Morgan Stanley &amp; Co, which is set to merge with Dean Witter, Discover &amp; Co. on May 31.  The new firm resulting from that merger, Morgan Stanley Dean Witter, will retain its place in the index.</p>
<p>Schwab, currently in the S&amp;P MidCap 400 index will be replaced by AGCO Corp, currently in the S&amp;P SmallCap 600 index.</p>
<p>AGCO, in turn, said the company will be replaced by World Color Press Inc.</p>
</text>
<copyright>(c) Reuters Limited 1997</copyright>
<metadata>
<codes class="bip:countries:1.0">
  <code code="USA">
    <editdetail attribution="Reuters BIP Coding Group" action="confirmed" date="1997-05-27"/>
  </code>
</codes>
<codes class="bip:industries:1.0">
  <code code="I32100">
    <editdetail attribution="Reuters BIP Coding Group" action="confirmed" date="1997-05-27"/>
  </code>
  <code code="I47500">
    <editdetail attribution="Reuters BIP Coding Group" action="confirmed" date="1997-05-27"/>
  </code>
  <code code="I81402">
    <editdetail attribution="Reuters BIP Coding Group" action="confirmed" date="1997-05-27"/>
  </code>
  <code code="I83100">
    <editdetail attribution="Reuters BIP Coding Group" action="confirmed" date="1997-05-27"/>
  </code>
</codes>
<codes class="bip:topics:1.0">
  <code code="C14">
    <editdetail attribution="Reuters BIP Coding Group" action="confirmed" date="1997-05-27"/>
  </code>
  <code code="CCAT">
    <editdetail attribution="Reuters BIP Coding Group" action="confirmed" date="1997-05-27"/>
  </code>
</codes>
<dc element="dc.date.created" value="1997-05-27"/>
<dc element="dc.publisher" value="Reuters Holdings Plc"/>
<dc element="dc.date.published" value="1997-05-27"/>
<dc element="dc.source" value="Reuters"/>
<dc element="dc.creator.location" value="NEW YORK"/>
<dc element="dc.creator.location.country.name" value="USA"/>
<dc element="dc.source" value="Reuters"/>
</metadata>
</newsitem>
