<?xml version="1.0" encoding="iso-8859-1" ?>
<newsitem itemid="615757" id="root" date="1997-05-27" xml:lang="en">
<title>USA: Chad sees weak sales for next two quarters.</title>
<headline>Chad sees weak sales for next two quarters.</headline>
<dateline>CHATSWORTH, Calif. 1997-05-27</dateline>
<text>
<p>Chad Therapeutics In, a provider of oxygen conserving devices and portable oxygen systems, on Tuesday said it expects weak sales to continue through the next two quarters.</p>
<p>Earlier, Chad reported a net profit of $702,000, or $0.07 a share, for its fiscal fourth quarter ended March 31, versus $1.4 million, or $0.13 a share last year. Quarterly sales were $5.07 million, a drop of $94,000 from the year ago quarter.</p>
<p>&quot;These conditions and uncertainties will likely continue to influence quarterly comparisons during the next two quarters,&quot; the company said in a statement.  </p>
<p>Chad noted, however, that it remains &quot;well-positioned&quot; in its markets with &quot;highly efficient and cost effective products.&quot;</p>
<p>The fourth quarter's overall revenues were hurt by sales to national chain accounts that fell by 13 percent from fiscal 1996's fourth quarter. The company cited fewer health care programs converting patients as a reason for the decrease.</p>
<p>Also, sales to national chain accounts and independent dealers were impacted by increased competition and uncertainty about potential cuts in Medicare home oxygen reimbursement.</p>
</text>
<copyright>(c) Reuters Limited 1997</copyright>
<metadata>
<codes class="bip:countries:1.0">
  <code code="USA">
    <editdetail attribution="Reuters BIP Coding Group" action="confirmed" date="1997-05-27"/>
  </code>
</codes>
<codes class="bip:industries:1.0">
  <code code="I37200">
    <editdetail attribution="Reuters BIP Coding Group" action="confirmed" date="1997-05-27"/>
  </code>
</codes>
<codes class="bip:topics:1.0">
  <code code="C15">
    <editdetail attribution="Reuters BIP Coding Group" action="confirmed" date="1997-05-27"/>
  </code>
  <code code="C152">
    <editdetail attribution="Reuters BIP Coding Group" action="confirmed" date="1997-05-27"/>
  </code>
  <code code="CCAT">
    <editdetail attribution="Reuters BIP Coding Group" action="confirmed" date="1997-05-27"/>
  </code>
</codes>
<dc element="dc.date.created" value="1997-05-27"/>
<dc element="dc.publisher" value="Reuters Holdings Plc"/>
<dc element="dc.date.published" value="1997-05-27"/>
<dc element="dc.source" value="Reuters"/>
<dc element="dc.creator.location" value="CHATSWORTH, Calif."/>
<dc element="dc.creator.location.country.name" value="USA"/>
<dc element="dc.source" value="Reuters"/>
</metadata>
</newsitem>
