<?xml version="1.0" encoding="iso-8859-1" ?>
<newsitem itemid="615724" id="root" date="1997-05-27" xml:lang="en">
<title>USA: Comcast to redeem 10 pct debentures.</title>
<headline>Comcast to redeem 10 pct debentures.</headline>
<dateline>PHILADELPHIA 1997-05-27</dateline>
<text>
<p>Comcast Corp said Tuesday its subsidiary, Storer Communications Inc, will redeem all $139.3 million principal of its outstanding 10 percent subordinated debentures Due May 15, 2003.</p>
<p>The debentures, issued in 1983,  will be redeemed on June 30, at face value plus the May interest payment, for a total payment of $1,012.50 per $1,000 principal amount.</p>
<p>The Debentures are listed on the American Stock Exchange under the symbol SCI.A.</p>
<p>Comcast Corp operates cable television and telephone services, cellular and  personal communications services, satellite television and is also part-owner of QVC and E! Entertainment.</p>
</text>
<copyright>(c) Reuters Limited 1997</copyright>
<metadata>
<codes class="bip:countries:1.0">
  <code code="USA">
    <editdetail attribution="Reuters BIP Coding Group" action="confirmed" date="1997-05-27"/>
  </code>
</codes>
<codes class="bip:industries:1.0">
  <code code="I97400">
    <editdetail attribution="Reuters BIP Coding Group" action="confirmed" date="1997-05-27"/>
  </code>
</codes>
<codes class="bip:topics:1.0">
  <code code="C17">
    <editdetail attribution="Reuters BIP Coding Group" action="confirmed" date="1997-05-27"/>
  </code>
  <code code="C172">
    <editdetail attribution="Reuters BIP Coding Group" action="confirmed" date="1997-05-27"/>
  </code>
  <code code="CCAT">
    <editdetail attribution="Reuters BIP Coding Group" action="confirmed" date="1997-05-27"/>
  </code>
</codes>
<dc element="dc.date.created" value="1997-05-27"/>
<dc element="dc.publisher" value="Reuters Holdings Plc"/>
<dc element="dc.date.published" value="1997-05-27"/>
<dc element="dc.source" value="Reuters"/>
<dc element="dc.creator.location" value="PHILADELPHIA"/>
<dc element="dc.creator.location.country.name" value="USA"/>
<dc element="dc.source" value="Reuters"/>
</metadata>
</newsitem>
