<?xml version="1.0" encoding="iso-8859-1" ?>
<newsitem itemid="615769" id="root" date="1997-05-27" xml:lang="en">
<title>USA: Fla. judge rejects bid to limit tobacco liability.</title>
<headline>Fla. judge rejects bid to limit tobacco liability.</headline>
<dateline>WEST PALM BEACH, Fla 1997-05-27</dateline>
<text>
<p>Tobacco companies on Tuesday lost their bid to limit their potential liability in Florida's $1.4 billion Medicaid lawsuit.</p>
<p>Palm Beach County Circuit Court Judge Harold Cohen denied the tobacco companies' request to reduce the number of sick smokers that Florida can claim compensation for treating.</p>
<p>The industry asked that the number be cut to just 25 randomly selected patients. The state's suit seeks repayment for the Medicaid costs of treating 400,000.  </p>
<p>Earlier in the run-up to the start of an August 4 trial, the judge had given Philip Morris Cos Inc and other cigarette companies permission to examine in detail the medical records of 25 Medicaid patients. Tobacco lawyers had argued they were entitled to test the validity of the state's claims.</p>
<p>In urging Cohen to limit the number of Medicaid claimants in the suit to 25, tobacco industry attorney Murray Garnick said the court had provided tobacco companies no way to check whether Medicaid claims were legitimate.  </p>
<p>&quot;Discovery shows that fraud and abuse -- to say nothing of misdiagnosis and unnecessary treatment -- run rampant in the system,&quot; he said.</p>
<p>Attorneys representing Florida said the state does indeed check for fraud. &quot;The fact is that they (tobacco companies) don't want to find out the truth. They don't want to know a precise figure, because it would be something they don't want to handle,&quot; said Wayne Hogan, a Jacksonville attorney who represents Florida in the Medicaid case.</p>
<p>Mark Schlein, director of the Medicaid Fraud Control unit of the Florida attorney general's office, and Edward Turner, director of Medicaid Program Integrity for Florida, said in depositions presented to Cohen they had no idea of the full extent of fraud and abuse. There are about 1.2 million Medicaid claims filed each month in Florida.</p>
<p>((--Miami Bureau, 305-374-5013))</p>
</text>
<copyright>(c) Reuters Limited 1997</copyright>
<metadata>
<codes class="bip:countries:1.0">
  <code code="USA">
    <editdetail attribution="Reuters BIP Coding Group" action="confirmed" date="1997-05-27"/>
  </code>
</codes>
<codes class="bip:industries:1.0">
  <code code="I42900">
    <editdetail attribution="Reuters BIP Coding Group" action="confirmed" date="1997-05-27"/>
  </code>
</codes>
<codes class="bip:topics:1.0">
  <code code="C12">
    <editdetail attribution="Reuters BIP Coding Group" action="confirmed" date="1997-05-27"/>
  </code>
  <code code="CCAT">
    <editdetail attribution="Reuters BIP Coding Group" action="confirmed" date="1997-05-27"/>
  </code>
  <code code="GCAT">
    <editdetail attribution="Reuters BIP Coding Group" action="confirmed" date="1997-05-27"/>
  </code>
  <code code="GCRIM">
    <editdetail attribution="Reuters BIP Coding Group" action="confirmed" date="1997-05-27"/>
  </code>
</codes>
<dc element="dc.date.created" value="1997-05-27"/>
<dc element="dc.publisher" value="Reuters Holdings Plc"/>
<dc element="dc.date.published" value="1997-05-27"/>
<dc element="dc.source" value="Reuters"/>
<dc element="dc.creator.location" value="WEST PALM BEACH, Fla"/>
<dc element="dc.creator.location.country.name" value="USA"/>
<dc element="dc.source" value="Reuters"/>
</metadata>
</newsitem>
