<?xml version="1.0" encoding="iso-8859-1" ?>
<newsitem itemid="615721" id="root" date="1997-05-27" xml:lang="en">
<title>USA: Amresco files $500 mln shelf offering.</title>
<headline>Amresco files $500 mln shelf offering.</headline>
<dateline>WASHINGTON 1997-05-27</dateline>
<text>
<p>Amresco Inc filed Tuesday with the U.S. Securities and Exchange Commission a shelf offering of million in debt securities, preferred shares, common stock and warrants.</p>
<p>The Dallas-based residential mortgage banking and real estate investment advisory services company said proceeds from the sale will be used to repay outstanding debt, for general operations of the company and for other corporate needs.</p>
<p>No underwriters were named in the filing.</p>
</text>
<copyright>(c) Reuters Limited 1997</copyright>
<metadata>
<codes class="bip:countries:1.0">
  <code code="USA">
    <editdetail attribution="Reuters BIP Coding Group" action="confirmed" date="1997-05-27"/>
  </code>
</codes>
<codes class="bip:industries:1.0">
  <code code="I83954">
    <editdetail attribution="Reuters BIP Coding Group" action="confirmed" date="1997-05-27"/>
  </code>
</codes>
<codes class="bip:topics:1.0">
  <code code="C17">
    <editdetail attribution="Reuters BIP Coding Group" action="confirmed" date="1997-05-27"/>
  </code>
  <code code="C171">
    <editdetail attribution="Reuters BIP Coding Group" action="confirmed" date="1997-05-27"/>
  </code>
  <code code="C172">
    <editdetail attribution="Reuters BIP Coding Group" action="confirmed" date="1997-05-27"/>
  </code>
  <code code="CCAT">
    <editdetail attribution="Reuters BIP Coding Group" action="confirmed" date="1997-05-27"/>
  </code>
</codes>
<dc element="dc.date.created" value="1997-05-27"/>
<dc element="dc.publisher" value="Reuters Holdings Plc"/>
<dc element="dc.date.published" value="1997-05-27"/>
<dc element="dc.source" value="Reuters"/>
<dc element="dc.creator.location" value="WASHINGTON"/>
<dc element="dc.creator.location.country.name" value="USA"/>
<dc element="dc.source" value="Reuters"/>
</metadata>
</newsitem>
