<?xml version="1.0" encoding="iso-8859-1" ?>
<newsitem itemid="615783" id="root" date="1997-05-27" xml:lang="en">
<title>USA: Chad Therapeutics Q4 net declines.</title>
<headline>Chad Therapeutics Q4 net declines.</headline>
<dateline>CHATSWORTH, Calif. 1997-05-27</dateline>
<text>
<p>Year Ended	   Three Months Ended</p>
<p>			     March 31,		  March 31,</p>
<p>			    1997	  1996	 1997	 1996</p>
<p> Net Sales	$26,161,000 $20,359,000 $5,077,000 $5,171,000</p>
<p> Interest Income    113,000	97,000     24,000     22,000</p>
<p>Earnings Before</p>
<p>  Income Taxes    8,413,000   7,072,000  1,193,000  2,225,000</p>
<p> Net Earnings     5,035,000   4,310,000    702,000  1,394,000</p>
<p>Net Earnings Per</p>
<p>  Share		  49 cts	42 cts	7 cts     13 cts</p>
<p>						Balance As of</p>
<p>						  March 31,</p>
<p>						  1997	    1996</p>
<p> Cash &amp; Marketable Securities   $ 2,289,000   $ 2,838,000</p>
<p> Total Assets			  15,861,000    10,778,000</p>
<p> Shareholders' Equity		15,110,000     9,775,000</p>
</text>
<copyright>(c) Reuters Limited 1997</copyright>
<metadata>
<codes class="bip:countries:1.0">
  <code code="USA">
    <editdetail attribution="Reuters BIP Coding Group" action="confirmed" date="1997-05-27"/>
  </code>
</codes>
<codes class="bip:industries:1.0">
  <code code="I37200">
    <editdetail attribution="Reuters BIP Coding Group" action="confirmed" date="1997-05-27"/>
  </code>
</codes>
<codes class="bip:topics:1.0">
  <code code="C15">
    <editdetail attribution="Reuters BIP Coding Group" action="confirmed" date="1997-05-27"/>
  </code>
  <code code="C151">
    <editdetail attribution="Reuters BIP Coding Group" action="confirmed" date="1997-05-27"/>
  </code>
  <code code="C1511">
    <editdetail attribution="Reuters BIP Coding Group" action="confirmed" date="1997-05-27"/>
  </code>
  <code code="CCAT">
    <editdetail attribution="Reuters BIP Coding Group" action="confirmed" date="1997-05-27"/>
  </code>
</codes>
<dc element="dc.date.created" value="1997-05-27"/>
<dc element="dc.publisher" value="Reuters Holdings Plc"/>
<dc element="dc.date.published" value="1997-05-27"/>
<dc element="dc.source" value="Reuters"/>
<dc element="dc.creator.location" value="CHATSWORTH, Calif."/>
<dc element="dc.creator.location.country.name" value="USA"/>
<dc element="dc.source" value="Reuters"/>
</metadata>
</newsitem>
