<?xml version="1.0" encoding="iso-8859-1" ?>
<newsitem itemid="615859" id="root" date="1997-05-27" xml:lang="en">
<title>USA: Brandywine Realty buys $41.625 mln portfolio.</title>
<headline>Brandywine Realty buys $41.625 mln portfolio.</headline>
<dateline>NEWTOWN SQUARE, Pa. 1997-05-27</dateline>
<text>
<p>Brandywine Realty Trust said Tuesday it has bought a 10-property commercial real estate portfolio for $41.625 million.</p>
<p>The company said the 687,500-square-foot portfolio, which consists of office and flex/warehouse space, includes:</p>
<p>-- Spring House Corporate Center, a two-building, 139,467-square-foot office complex in Lower Gwynedd Township, Pa. The property is 100 percent leased.</p>
<p>-- Oxford Corporate Center, a three-building, 115,390-square-foot, flex/warehouse property in Langhorne, Pa. The property is 93.4 percent occupied.</p>
<p>-- Highlands Business Park, a four-building, 388,767-square-foot, flex/warehouse property in Westhampton, N.J. The property is 97 percent leased. Seven undeveloped parcels covering 30 acres are also included, allowing for 300,000 square feet of flex/warehouse space development.</p>
<p>-- Greentree Commons, a 43,710-square-foot, single-story garden office complex in Evesham Township, N.J.  The property is 89 percent occupied.</p>
<p>Brandywine owns 66 commercial and industrial properties containing more than 3.6 million rentable square feet in the Delaware Valley region, it said.</p>
</text>
<copyright>(c) Reuters Limited 1997</copyright>
<metadata>
<codes class="bip:countries:1.0">
  <code code="USA">
    <editdetail attribution="Reuters BIP Coding Group" action="confirmed" date="1997-05-27"/>
  </code>
</codes>
<codes class="bip:industries:1.0">
  <code code="I81502">
    <editdetail attribution="Reuters BIP Coding Group" action="confirmed" date="1997-05-27"/>
  </code>
  <code code="I8150206">
    <editdetail attribution="Reuters BIP Coding Group" action="confirmed" date="1997-05-27"/>
  </code>
</codes>
<codes class="bip:topics:1.0">
  <code code="C18">
    <editdetail attribution="Reuters BIP Coding Group" action="confirmed" date="1997-05-27"/>
  </code>
  <code code="C182">
    <editdetail attribution="Reuters BIP Coding Group" action="confirmed" date="1997-05-27"/>
  </code>
  <code code="CCAT">
    <editdetail attribution="Reuters BIP Coding Group" action="confirmed" date="1997-05-27"/>
  </code>
</codes>
<dc element="dc.date.created" value="1997-05-27"/>
<dc element="dc.publisher" value="Reuters Holdings Plc"/>
<dc element="dc.date.published" value="1997-05-27"/>
<dc element="dc.source" value="Reuters"/>
<dc element="dc.creator.location" value="NEWTOWN SQUARE, Pa."/>
<dc element="dc.creator.location.country.name" value="USA"/>
<dc element="dc.source" value="Reuters"/>
</metadata>
</newsitem>
