<?xml version="1.0" encoding="iso-8859-1" ?>
<newsitem itemid="615854" id="root" date="1997-05-27" xml:lang="en">
<title>USA: United Stationers names Larrimore CEO.</title>
<headline>United Stationers names Larrimore CEO.</headline>
<dateline>DES PLAINES, Ill. 1997-05-27</dateline>
<text>
<p>United Stationers Inc said Tuesday its board had elected Randall Larrimore of padlock maker MasterBrand Industries Inc as president and chief executive, succeeding Frederick Hegi Jr.</p>
<p>Hegi, who had served as chairman, interim president and chief executive since last November, will remain chairman, United Stationers said.  </p>
<p>Larrimore has been president and chief executive of MasterBrand, a unit of American Brands Inc, since 1988, United Stationers said.</p>
<p>Under Larrimore's leadership, sales at MasterBrand grew to $1.4 billion in 1996 from $437 million in 1988, it said.</p>
<p>Larrimore also was named a director of United Stationers.</p>
<p>United Stationers is a whoesaler of business products to resellers. It had sales of $2.3 billion in 1996.</p>
<p>((--Chicago Newsdesk 312-408-8787))</p>
</text>
<copyright>(c) Reuters Limited 1997</copyright>
<metadata>
<codes class="bip:countries:1.0">
  <code code="USA">
    <editdetail attribution="Reuters BIP Coding Group" action="confirmed" date="1997-05-27"/>
  </code>
</codes>
<codes class="bip:industries:1.0">
  <code code="I61000">
    <editdetail attribution="Reuters BIP Coding Group" action="confirmed" date="1997-05-27"/>
  </code>
</codes>
<codes class="bip:topics:1.0">
  <code code="C41">
    <editdetail attribution="Reuters BIP Coding Group" action="confirmed" date="1997-05-27"/>
  </code>
  <code code="C411">
    <editdetail attribution="Reuters BIP Coding Group" action="confirmed" date="1997-05-27"/>
  </code>
  <code code="CCAT">
    <editdetail attribution="Reuters BIP Coding Group" action="confirmed" date="1997-05-27"/>
  </code>
</codes>
<dc element="dc.date.created" value="1997-05-27"/>
<dc element="dc.publisher" value="Reuters Holdings Plc"/>
<dc element="dc.date.published" value="1997-05-27"/>
<dc element="dc.source" value="Reuters"/>
<dc element="dc.creator.location" value="DES PLAINES, Ill."/>
<dc element="dc.creator.location.country.name" value="USA"/>
<dc element="dc.source" value="Reuters"/>
</metadata>
</newsitem>
