<?xml version="1.0" encoding="iso-8859-1" ?>
<newsitem itemid="615892" id="root" date="1997-05-27" xml:lang="en">
<title>UK: SOCCER-ENGLAND DEFENDER ADAMS PULLS OUT OF POLAND MATCH.</title>
<headline>SOCCER-ENGLAND DEFENDER ADAMS PULLS OUT OF POLAND MATCH.</headline>
<dateline>LONDON 1997-05-27</dateline>
<text>
<p>England defender Tony Adams has pulled out of the World Cup qualifier against Poland in Katowice on Saturday because of a persistent ankle injury.</p>
<p>The England vice-captain has been undergoing intensive treatment on his ankle for the past three weeks.</p>
</text>
<copyright>(c) Reuters Limited 1997</copyright>
<metadata>
<codes class="bip:countries:1.0">
  <code code="POL">
    <editdetail attribution="Reuters BIP Coding Group" action="confirmed" date="1997-05-27"/>
  </code>
  <code code="UK">
    <editdetail attribution="Reuters BIP Coding Group" action="confirmed" date="1997-05-27"/>
  </code>
</codes>
<codes class="bip:topics:1.0">
  <code code="GCAT">
    <editdetail attribution="Reuters BIP Coding Group" action="confirmed" date="1997-05-27"/>
  </code>
  <code code="GSPO">
    <editdetail attribution="Reuters BIP Coding Group" action="confirmed" date="1997-05-27"/>
  </code>
</codes>
<dc element="dc.date.created" value="1997-05-27"/>
<dc element="dc.publisher" value="Reuters Holdings Plc"/>
<dc element="dc.date.published" value="1997-05-27"/>
<dc element="dc.source" value="Reuters"/>
<dc element="dc.creator.location" value="LONDON"/>
<dc element="dc.creator.location.country.name" value="UK"/>
<dc element="dc.source" value="Reuters"/>
</metadata>
</newsitem>
