<?xml version="1.0" encoding="iso-8859-1" ?>
<newsitem itemid="615838" id="root" date="1997-05-27" xml:lang="en">
<title>USA: Eftek declares 1-for-3 reverse stk split.</title>
<headline>Eftek declares 1-for-3 reverse stk split.</headline>
<dateline>WEST BERLIN, N.J. 1997-05-27</dateline>
<text>
<p>Eftek Corp said Tuesday that it has declared a one-for-three reverse split of its common stock.</p>
<p>The company said that any fractional shares will be rounded up to the next whole share.</p>
<p>The new stock certificates, said Eftek, will be issued in the normal course of business whenever the appropriate transfer is requested by a shareholder.</p>
<p>The company added that the number of authorized shares, the par value, and the 65,412 Class A Warrants and 81,059 Class B Warrants would remain unchanged.</p>
</text>
<copyright>(c) Reuters Limited 1997</copyright>
<metadata>
<codes class="bip:countries:1.0">
  <code code="USA">
    <editdetail attribution="Reuters BIP Coding Group" action="confirmed" date="1997-05-27"/>
  </code>
</codes>
<codes class="bip:topics:1.0">
  <code code="C17">
    <editdetail attribution="Reuters BIP Coding Group" action="confirmed" date="1997-05-27"/>
  </code>
  <code code="C171">
    <editdetail attribution="Reuters BIP Coding Group" action="confirmed" date="1997-05-27"/>
  </code>
  <code code="CCAT">
    <editdetail attribution="Reuters BIP Coding Group" action="confirmed" date="1997-05-27"/>
  </code>
</codes>
<dc element="dc.date.created" value="1997-05-27"/>
<dc element="dc.publisher" value="Reuters Holdings Plc"/>
<dc element="dc.date.published" value="1997-05-27"/>
<dc element="dc.source" value="Reuters"/>
<dc element="dc.creator.location" value="WEST BERLIN, N.J."/>
<dc element="dc.creator.location.country.name" value="USA"/>
<dc element="dc.source" value="Reuters"/>
</metadata>
</newsitem>
