<?xml version="1.0" encoding="iso-8859-1" ?>
<newsitem itemid="615898" id="root" date="1997-05-27" xml:lang="en">
<title>UK: ATHLETICS-GOLDEN FOUR ORGANISERS ABANDON BLOOD TESTING.</title>
<headline>ATHLETICS-GOLDEN FOUR ORGANISERS ABANDON BLOOD TESTING.</headline>
<dateline>LONDON 1997-05-27</dateline>
<text>
<p>Organisers of the elite Golden Four athletics meetings have abandoned blood testing for performance-enhancing drugs.</p>
<p>The meetings in Oslo, Zurich, Brussels and Berlin are the leading events on the grand prix circuit.</p>
<p>&quot;We stopped the blood tests because there didn't seem any point in continuing,&quot; said Wilfried Meert, director of the Brussels meeting.</p>
<p>&quot;We expected the international federation to introduce a new rule that allowed blood testing, that our tests would be a first step.</p>
<p>&quot;But this never happened. And the International Amateur Athletic Federation's (IAF) own experts kept telling us that urine samples give just as good results.&quot;</p>
<p>Results of 99 samples from the Golden Four meetings, announced in a specialist medical magazine, show three of 36 women athletes tested had testosterone levels above the normal range.</p>
<p>The women would have been liable to four-year suspensions if they had been discovered by the IAAF's standard urine analysis.</p>
</text>
<copyright>(c) Reuters Limited 1997</copyright>
<metadata>
<codes class="bip:countries:1.0">
  <code code="BELG">
    <editdetail attribution="Reuters BIP Coding Group" action="confirmed" date="1997-05-27"/>
  </code>
  <code code="GFR">
    <editdetail attribution="Reuters BIP Coding Group" action="confirmed" date="1997-05-27"/>
  </code>
  <code code="NORW">
    <editdetail attribution="Reuters BIP Coding Group" action="confirmed" date="1997-05-27"/>
  </code>
  <code code="SWITZ">
    <editdetail attribution="Reuters BIP Coding Group" action="confirmed" date="1997-05-27"/>
  </code>
  <code code="UK">
    <editdetail attribution="Reuters BIP Coding Group" action="confirmed" date="1997-05-27"/>
  </code>
</codes>
<codes class="bip:topics:1.0">
  <code code="GCAT">
    <editdetail attribution="Reuters BIP Coding Group" action="confirmed" date="1997-05-27"/>
  </code>
  <code code="GSPO">
    <editdetail attribution="Reuters BIP Coding Group" action="confirmed" date="1997-05-27"/>
  </code>
</codes>
<dc element="dc.date.created" value="1997-05-27"/>
<dc element="dc.publisher" value="Reuters Holdings Plc"/>
<dc element="dc.date.published" value="1997-05-27"/>
<dc element="dc.source" value="Reuters"/>
<dc element="dc.creator.location" value="LONDON"/>
<dc element="dc.creator.location.country.name" value="UK"/>
<dc element="dc.source" value="Reuters"/>
</metadata>
</newsitem>
