<?xml version="1.0" encoding="iso-8859-1" ?>
<newsitem itemid="615820" id="root" date="1997-05-27" xml:lang="en">
<title>USA: U.S to sell $15 billion of 3-, 6-mo bills June 2.</title>
<headline>U.S to sell $15 billion of 3-, 6-mo bills June 2.</headline>
<dateline>WASHINGTON 1997-05-27</dateline>
<text>
<p>The Treasury Department said on Tuesday it will auction $15 billion of three- and six-month bills on June 2 to pay down $4.8 billion as a total of $19.807 billion of bills are maturing.</p>
<p>The weekly bill sale will be equally divided between the two maturities. The bills will be issued on June 5. The three-month bills mature on September 4 and the six-month bills mature on December 4.</p>
<p>The CUSIP number for the three-month bills is 9127945L4 and for the six-month bills is 9127945W0.</p>
</text>
<copyright>(c) Reuters Limited 1997</copyright>
<metadata>
<codes class="bip:countries:1.0">
  <code code="USA">
    <editdetail attribution="Reuters BIP Coding Group" action="confirmed" date="1997-05-27"/>
  </code>
</codes>
<codes class="bip:topics:1.0">
  <code code="M13">
    <editdetail attribution="Reuters BIP Coding Group" action="confirmed" date="1997-05-27"/>
  </code>
  <code code="M131">
    <editdetail attribution="Reuters BIP Coding Group" action="confirmed" date="1997-05-27"/>
  </code>
  <code code="MCAT">
    <editdetail attribution="Reuters BIP Coding Group" action="confirmed" date="1997-05-27"/>
  </code>
</codes>
<dc element="dc.date.created" value="1997-05-27"/>
<dc element="dc.publisher" value="Reuters Holdings Plc"/>
<dc element="dc.date.published" value="1997-05-27"/>
<dc element="dc.source" value="Reuters"/>
<dc element="dc.creator.location" value="WASHINGTON"/>
<dc element="dc.creator.location.country.name" value="USA"/>
<dc element="dc.source" value="Reuters"/>
</metadata>
</newsitem>
