<?xml version="1.0" encoding="iso-8859-1" ?>
<newsitem itemid="615825" id="root" date="1997-05-27" xml:lang="en">
<title>USA: Arco, others approve $160 mln Prudhoe plan.</title>
<headline>Arco, others approve $160 mln Prudhoe plan.</headline>
<dateline>ANCHORAGE, Alaska 1997-05-27</dateline>
<text>
<p>Atlantic Richfield said a $160 million project that will add incremental production of 20,000 barrels of liquids per day and increase ultimate Prudhoe Bay liquids recovery by about 50 million barrels has been approved by ARCO Alaska Inc and other owners of the Prudhoe Bay oil field.</p>
<p>The other owners are British Petroleum PLC's BP Exploration (Alaska) Inc. and Exxon Company USA.  </p>
<p>Engineering is underway with fabrication of a 2,500-ton turbine- driven compressor module scheduled to start in 1998. The Miscible Injectant Expansion (MIX) project should be complete by late 1999, it said.</p>
<p>The MIX project will increase the amount of solvent, or miscible injectant, made at Prudhoe Bay by 20 percent.  This solvent will be available for use in the Prudhoe Bay Miscible Gas Enhanced Oil Recovery project which is already the world's largest, ARCO Alaska said in a statement.  </p>
<p>An Arco spokesman said while funding for the project was just now approved, the parties had been discussing the project for at least a year.</p>
<p>The project will increase the natural gas that can be produced, processed and re-injected into the Prudhoe Bay reservoir from 7.5 billion to 8 billion cubic feet per day.</p>
<p>This increase in handling capacity will boost natural gas liquids output by 2,000 barrels per day.</p>
<p>The project will require significant modification of the Prudhoe Bay Central Gas Facility. ARCO Alaska Inc will manage the project for the Prudhoe Bay owners.</p>
</text>
<copyright>(c) Reuters Limited 1997</copyright>
<metadata>
<codes class="bip:countries:1.0">
  <code code="USA">
    <editdetail attribution="Reuters BIP Coding Group" action="confirmed" date="1997-05-27"/>
  </code>
</codes>
<codes class="bip:industries:1.0">
  <code code="I13000">
    <editdetail attribution="Reuters BIP Coding Group" action="confirmed" date="1997-05-27"/>
  </code>
  <code code="I1300003">
    <editdetail attribution="Reuters BIP Coding Group" action="confirmed" date="1997-05-27"/>
  </code>
  <code code="I14000">
    <editdetail attribution="Reuters BIP Coding Group" action="confirmed" date="1997-05-27"/>
  </code>
</codes>
<codes class="bip:topics:1.0">
  <code code="C21">
    <editdetail attribution="Reuters BIP Coding Group" action="confirmed" date="1997-05-27"/>
  </code>
  <code code="C24">
    <editdetail attribution="Reuters BIP Coding Group" action="confirmed" date="1997-05-27"/>
  </code>
  <code code="CCAT">
    <editdetail attribution="Reuters BIP Coding Group" action="confirmed" date="1997-05-27"/>
  </code>
</codes>
<dc element="dc.date.created" value="1997-05-27"/>
<dc element="dc.publisher" value="Reuters Holdings Plc"/>
<dc element="dc.date.published" value="1997-05-27"/>
<dc element="dc.source" value="Reuters"/>
<dc element="dc.creator.location" value="ANCHORAGE, Alaska"/>
<dc element="dc.creator.location.country.name" value="USA"/>
<dc element="dc.source" value="Reuters"/>
</metadata>
</newsitem>
