<?xml version="1.0" encoding="iso-8859-1" ?>
<newsitem itemid="615988" id="root" date="1997-05-27" xml:lang="en">
<title>HUNGARY: IBM SAYS NEEDS HUNGARY/WTO AGREEMENTS.</title>
<headline>IBM SAYS NEEDS HUNGARY/WTO AGREEMENTS.</headline>
<dateline>BUDAPEST 1997-05-27</dateline>
<text>
<p>Visiting IBM officials told Hungarian Finance Minister Peter Medgyessy the fact that Hungary is yet to sign two World Trade Organisation (WTO) agreements hinders IBM Hungary's exports to the U.S.</p>
<p>&quot;We informed Mr. Medgyessy that this becomes important as...for contracts with the U.S. government, those treaties are required,&quot; Walter Meizer, General Manager of Germany's IBM Speichersysteme GmbH, a unit of IBM Storage Systems Division, told a news conference.</p>
<p>Dieter Munk, General Manager of IBM's Hungarian hard drive plant in Szekesfehervar, in western Hungary, said the U.S. gives preferential treatment to those importers who have signed the WTO agreements on general purchases and information technology.</p>
<p>Munk said IBM had invested some $100 million in Hungary since early 1995 and by the end of 1997 will have created over 3,500 jobs directly or through IBM projects.</p>
<p>The Hungarian plant assembles and tests 3.5-inch disk drives for desktop computers and 2.5-inch drives for mobile appliances.</p>
<p>The parts come from southeast Asia, Germany and Italy and the final product is exported, 40 percent of it to IBM's own PC companies and 60 percent to other manufacturers. Munk said that in 1996 some 60 percent of the plant's exports went to the U.S.</p>
<p>Last year the plant produced one million disk drives and IBM plans to triple output this year.</p>
<p>-- Denes Albert, Budapest newsroom +36 1 327 4040</p>
</text>
<copyright>(c) Reuters Limited 1997</copyright>
<metadata>
<codes class="bip:countries:1.0">
  <code code="HUNG">
    <editdetail attribution="Reuters BIP Coding Group" action="confirmed" date="1997-05-27"/>
  </code>
  <code code="USA">
    <editdetail attribution="Reuters BIP Coding Group" action="confirmed" date="1997-05-27"/>
  </code>
</codes>
<codes class="bip:industries:1.0">
  <code code="I33020">
    <editdetail attribution="Reuters BIP Coding Group" action="confirmed" date="1997-05-27"/>
  </code>
  <code code="I3302003">
    <editdetail attribution="Reuters BIP Coding Group" action="confirmed" date="1997-05-27"/>
  </code>
</codes>
<codes class="bip:topics:1.0">
  <code code="C13">
    <editdetail attribution="Reuters BIP Coding Group" action="confirmed" date="1997-05-27"/>
  </code>
  <code code="CCAT">
    <editdetail attribution="Reuters BIP Coding Group" action="confirmed" date="1997-05-27"/>
  </code>
  <code code="E51">
    <editdetail attribution="Reuters BIP Coding Group" action="confirmed" date="1997-05-27"/>
  </code>
  <code code="E512">
    <editdetail attribution="Reuters BIP Coding Group" action="confirmed" date="1997-05-27"/>
  </code>
  <code code="ECAT">
    <editdetail attribution="Reuters BIP Coding Group" action="confirmed" date="1997-05-27"/>
  </code>
</codes>
<dc element="dc.date.created" value="1997-05-27"/>
<dc element="dc.publisher" value="Reuters Holdings Plc"/>
<dc element="dc.date.published" value="1997-05-27"/>
<dc element="dc.source" value="Reuters"/>
<dc element="dc.creator.location" value="BUDAPEST"/>
<dc element="dc.creator.location.country.name" value="HUNGARY"/>
<dc element="dc.source" value="Reuters"/>
</metadata>
</newsitem>
