<?xml version="1.0" encoding="iso-8859-1" ?>
<newsitem itemid="615912" id="root" date="1997-05-27" xml:lang="en">
<title>CUBA: ATHLETICS-SOTOMAYOR TO SKIP TORONTO, MAKE COMEBACK IN FRANCE.</title>
<headline>ATHLETICS-SOTOMAYOR TO SKIP TORONTO, MAKE COMEBACK IN FRANCE.</headline>
<dateline>HAVANA 1997-05-27</dateline>
<text>
<p>Cuba's world record-holding high jumper Javier Sotomayor will skip a star-studded showdown meet in Toronto this weekend, instead making his comeback to competition from injury in France next Monday, Cuban sports officials said Tuesday.</p>
<p>Sotomayor, who underwent treatment for injuries to his knee and heel following a poor showing in the Atlanta Olympics last July, has not competed since those games.</p>
<p>Lazaro Betancourt, an official of the National Athletics Federation, told reporters Sotomayor would take part in a meet next Monday in Saint Denis, France, and then would probably go on to a meeting in Rome at the end of the week.</p>
<p>This would mean Sotomayor, 29, would not be attending Sunday's all-star extravaganza in Toronto, where he was to compete head-to-head against Olympic champion Charles Austin.</p>
<p>The Toronto affair features a 150-meter showdown between Olympic 100 meter champion Donovan Bailey and 200 and 400 meter gold medalist Michael Johnson for the mythical crown of world's fastest human with a $1 million prize to the winner.</p>
<p>Betancourt gave no reasons for the decision to send Sotomayor to France, although he added the athlete was on good form following a recent training camp in Puerto Rico.</p>
<p>There was speculation that Toronto was deemed too demanding given the athlete has been out of competition for 10 months.</p>
<p>Sotomayor and other leading Cuban athletes such as long jumper Ivan Pedroso and middle distance runner Ana Fidelia Quirot will spend much of the European summer season based at Guadalajara, Spain, before attending the world championships in Athens in August.</p>
</text>
<copyright>(c) Reuters Limited 1997</copyright>
<metadata>
<codes class="bip:countries:1.0">
  <code code="CANA">
    <editdetail attribution="Reuters BIP Coding Group" action="confirmed" date="1997-05-27"/>
  </code>
  <code code="CUBA">
    <editdetail attribution="Reuters BIP Coding Group" action="confirmed" date="1997-05-27"/>
  </code>
  <code code="FRA">
    <editdetail attribution="Reuters BIP Coding Group" action="confirmed" date="1997-05-27"/>
  </code>
</codes>
<codes class="bip:topics:1.0">
  <code code="GCAT">
    <editdetail attribution="Reuters BIP Coding Group" action="confirmed" date="1997-05-27"/>
  </code>
  <code code="GSPO">
    <editdetail attribution="Reuters BIP Coding Group" action="confirmed" date="1997-05-27"/>
  </code>
</codes>
<dc element="dc.date.created" value="1997-05-27"/>
<dc element="dc.publisher" value="Reuters Holdings Plc"/>
<dc element="dc.date.published" value="1997-05-27"/>
<dc element="dc.source" value="Reuters"/>
<dc element="dc.creator.location" value="HAVANA"/>
<dc element="dc.creator.location.country.name" value="CUBA"/>
<dc element="dc.source" value="Reuters"/>
</metadata>
</newsitem>
