<?xml version="1.0" encoding="iso-8859-1" ?>
<newsitem itemid="615964" id="root" date="1997-05-27" xml:lang="en">
<title>SOUTH AFRICA: DUIKER SUFFERS FROM LONRHO, JCI MERGER TALK.</title>
<headline>DUIKER SUFFERS FROM LONRHO, JCI MERGER TALK.</headline>
<dateline>JOHANNESBURG 1997-05-27</dateline>
<text>
<p>Duiker Mining Ltd, a coal firm in the Lonrho Plc stable, shed recent share price gains on Tuesday amid continuing talks on an impending tie-up between Lonhro and JCI Ltd , dealers said.</p>
<p>They said that if the talks -- first made public last week -- on the possible merger of the two companies dragged on with no immediate outcome, the share could be plauged by some volatility, triggered by speculation.</p>
<p>&quot;If this merger talk drags on longer you are more likely to see the share yo-yo up and down,&quot; one dealer said.</p>
<p>&quot;This is all part and parcel of this JCI and Lonrho merger that's on the cards. Analysts are obviously putting value on it (Duiker) now and are identifying at what level it may go into JCI hence the share price moving lower,&quot; another dealer added.</p>
<p>Duiker shares had surged last week when Lonhro and JCI confirmed they were in talks and climbed seven percent or 70 cents to finish at 10.70 rand on Friday.</p>
<p>But on Tuesday the share lost ground and shed 46 cents to reach 954 cents at noon before recovering by 1310 GMT and was last unchanged at 10.00 rand with 40,000 shares having changed hands.   </p>
<p>Dealer said last week the talks between Lonhro and JCI -- which recently enlarged its Tavistock coal division with the acquisition of Royal Dutch/Shell's South African coal business -- also included a possible tie-up of JCI's coal unit with Duiker.</p>
<p>&quot;Everybody is vying for control of the coal stake of Lonrho,&quot; one dealer added.</p>
<p>South Africa's Business Day newspaper said last week that Avmin Ltd and Gencor Ltd were also interested in tying up with Lonrho.</p>
<p>Industry watchers say the possible merger between Lonrho and JCI could create a mining company with market capitalisation of more than $3 billion.</p>
<p>The Lonrho board was meeting on Tuesday to discuss JCI's merger proposals but no immediate announcement was expected, a Lonrho spokesman said in London.</p>
<p>-- Ellis Mnyandu, Johannesburg newsroom +27 11 482 1003</p>
</text>
<copyright>(c) Reuters Limited 1997</copyright>
<metadata>
<codes class="bip:countries:1.0">
  <code code="SAFR">
    <editdetail attribution="Reuters BIP Coding Group" action="confirmed" date="1997-05-27"/>
  </code>
</codes>
<codes class="bip:industries:1.0">
  <code code="I11000">
    <editdetail attribution="Reuters BIP Coding Group" action="confirmed" date="1997-05-27"/>
  </code>
  <code code="I21000">
    <editdetail attribution="Reuters BIP Coding Group" action="confirmed" date="1997-05-27"/>
  </code>
  <code code="I63000">
    <editdetail attribution="Reuters BIP Coding Group" action="confirmed" date="1997-05-27"/>
  </code>
  <code code="I83960">
    <editdetail attribution="Reuters BIP Coding Group" action="confirmed" date="1997-05-27"/>
  </code>
</codes>
<codes class="bip:topics:1.0">
  <code code="C15">
    <editdetail attribution="Reuters BIP Coding Group" action="confirmed" date="1997-05-27"/>
  </code>
  <code code="C152">
    <editdetail attribution="Reuters BIP Coding Group" action="confirmed" date="1997-05-27"/>
  </code>
  <code code="C18">
    <editdetail attribution="Reuters BIP Coding Group" action="confirmed" date="1997-05-27"/>
  </code>
  <code code="C181">
    <editdetail attribution="Reuters BIP Coding Group" action="confirmed" date="1997-05-27"/>
  </code>
  <code code="CCAT">
    <editdetail attribution="Reuters BIP Coding Group" action="confirmed" date="1997-05-27"/>
  </code>
</codes>
<dc element="dc.date.created" value="1997-05-27"/>
<dc element="dc.publisher" value="Reuters Holdings Plc"/>
<dc element="dc.date.published" value="1997-05-27"/>
<dc element="dc.source" value="Reuters"/>
<dc element="dc.creator.location" value="JOHANNESBURG"/>
<dc element="dc.creator.location.country.name" value="SOUTH AFRICA"/>
<dc element="dc.source" value="Reuters"/>
</metadata>
</newsitem>
