<?xml version="1.0" encoding="iso-8859-1" ?>
<newsitem itemid="615962" id="root" date="1997-05-27" xml:lang="en">
<title>SOUTH AFRICA: SOUTH AFRICAN HOUSING TAX PERK CURB CHALLENGED.</title>
<headline>SOUTH AFRICAN HOUSING TAX PERK CURB CHALLENGED.</headline>
<dateline>CAPE TOWN 1997-05-27</dateline>
<text>
<p>The parliamentary finance committee on Tuesday rejected controversial moves to tax housing perks and called for them to be reviewed and reintroduced in the 1998/99 budget.</p>
<p>Although the committee has, by law, no powers to change a so-called &quot;money bill&quot;, it decided to call an urgent meeting with Deputy Finance Minister Gill Marcus to recommend that the clauses on the housing perks tax in the Income Tax Bill be removed.</p>
<p>The bill, which aims to plug a wide range of tax loopholes, will put in place several anti-tax avoidance measures announced in his March 12 budget by Finance Minister Trevor Manuel, who is abroad at the moment.</p>
<p>Committee members said that although they accepted that the tax breaks on employer-owned housing had been abused by some wealthy individuals, the proposed new taxes would mostly affect middle to lower class employees.</p>
<p>It would also be unfair in that it would mean that those employees housed in company-owned accommodation would be taxed less than those living in houses rented by their companies, even though they earned the same salaries.</p>
<p>-- Parliamentary newsroom +27 21 403-2502</p>
</text>
<copyright>(c) Reuters Limited 1997</copyright>
<metadata>
<codes class="bip:countries:1.0">
  <code code="SAFR">
    <editdetail attribution="Reuters BIP Coding Group" action="confirmed" date="1997-05-27"/>
  </code>
</codes>
<codes class="bip:industries:1.0">
  <code code="I85000">
    <editdetail attribution="Reuters BIP Coding Group" action="confirmed" date="1997-05-27"/>
  </code>
  <code code="I8500011">
    <editdetail attribution="Reuters BIP Coding Group" action="confirmed" date="1997-05-27"/>
  </code>
  <code code="I8500031">
    <editdetail attribution="Reuters BIP Coding Group" action="confirmed" date="1997-05-27"/>
  </code>
</codes>
<codes class="bip:topics:1.0">
  <code code="C13">
    <editdetail attribution="Reuters BIP Coding Group" action="confirmed" date="1997-05-27"/>
  </code>
  <code code="CCAT">
    <editdetail attribution="Reuters BIP Coding Group" action="confirmed" date="1997-05-27"/>
  </code>
  <code code="E21">
    <editdetail attribution="Reuters BIP Coding Group" action="confirmed" date="1997-05-27"/>
  </code>
  <code code="E211">
    <editdetail attribution="Reuters BIP Coding Group" action="confirmed" date="1997-05-27"/>
  </code>
  <code code="ECAT">
    <editdetail attribution="Reuters BIP Coding Group" action="confirmed" date="1997-05-27"/>
  </code>
  <code code="GCAT">
    <editdetail attribution="Reuters BIP Coding Group" action="confirmed" date="1997-05-27"/>
  </code>
  <code code="GPOL">
    <editdetail attribution="Reuters BIP Coding Group" action="confirmed" date="1997-05-27"/>
  </code>
</codes>
<dc element="dc.date.created" value="1997-05-27"/>
<dc element="dc.publisher" value="Reuters Holdings Plc"/>
<dc element="dc.date.published" value="1997-05-27"/>
<dc element="dc.source" value="Reuters"/>
<dc element="dc.creator.location" value="CAPE TOWN"/>
<dc element="dc.creator.location.country.name" value="SOUTH AFRICA"/>
<dc element="dc.source" value="Reuters"/>
</metadata>
</newsitem>
