<?xml version="1.0" encoding="iso-8859-1" ?>
<newsitem itemid="615971" id="root" date="1997-05-27" xml:lang="en">
<title>ESTONIA: DOWNWARD TREND CONTINUES AS STOCKS EASE SLIGHTLY.</title>
<headline>DOWNWARD TREND CONTINUES AS STOCKS EASE SLIGHTLY.</headline>
<dateline>TALLINN 1997-05-27</dateline>
<text>
<p>* Total trade on the Estonian bourse on Tuesday was 31.9</p>
<p>million kroons versus Monday's 22.6 million kroons.</p>
<p>* The Talse index lost 1.47 percent to close at 246.53.</p>
<p>* Hansapank was the most active share with</p>
<p>turnover of 9.4 million kroons to drop 2.05 kroons to 125.50</p>
<p>kroons.</p>
<p>* Dealers said that the downward trend continued with most</p>
<p>stocks closing lower.</p>
<p>Estonian shares eased in slightly</p>
<p>more active trade on Tuesday and dealers said the market was</p>
<p>expected to remain sluggish at least for the short-term.</p>
<p>Total trade on the main list was a reasonable 31.9 million</p>
<p>kroons with the Talse 1.47 percent lower at 246.53.</p>
<p>&quot;It is reaching the point where trades of one million kroons</p>
<p>seem big,&quot; one dealer said. &quot;The downward trend is expected to</p>
<p>stay for the time being.&quot;</p>
<p>Amid what is a prolonged period of calmness, dealers said</p>
<p>investor interest seemed to be low at the moment due to the</p>
<p>impending summer period.</p>
<p>The market is also being driven by local players at the</p>
<p>moment with foreign activity seen as limited.</p>
<p>Dealers said more interest may emerge when a crop of</p>
<p>expected new listings hits the market, including skimaker</p>
<p>Viisnurk, car dealer Fakto and  Viru Rand.</p>
<p>Hansapank was most active, shedding 2.05 kroons to close at</p>
<p>125.50 kroons on trade of 9.4 million kroons.</p>
<p>The free market turned over 3.3 million kroons with most</p>
<p>stocks lower.</p>
<p>&quot;The free market is following the main list but with far</p>
<p>less liquidity,&quot; another dealer said.</p>
<p>-- David Mardiste, Tallinn newsroom, +372 630 8400</p>
<p>reuters@reuters.ee</p>
</text>
<copyright>(c) Reuters Limited 1997</copyright>
<metadata>
<codes class="bip:countries:1.0">
  <code code="ESTNIA">
    <editdetail attribution="Reuters BIP Coding Group" action="confirmed" date="1997-05-27"/>
  </code>
</codes>
<codes class="bip:topics:1.0">
  <code code="M11">
    <editdetail attribution="Reuters BIP Coding Group" action="confirmed" date="1997-05-27"/>
  </code>
  <code code="MCAT">
    <editdetail attribution="Reuters BIP Coding Group" action="confirmed" date="1997-05-27"/>
  </code>
</codes>
<dc element="dc.date.created" value="1997-05-27"/>
<dc element="dc.publisher" value="Reuters Holdings Plc"/>
<dc element="dc.date.published" value="1997-05-27"/>
<dc element="dc.source" value="Reuters"/>
<dc element="dc.creator.location" value="TALLINN"/>
<dc element="dc.creator.location.country.name" value="ESTONIA"/>
<dc element="dc.source" value="Reuters"/>
</metadata>
</newsitem>
