<?xml version="1.0" encoding="iso-8859-1" ?>
<newsitem itemid="615987" id="root" date="1997-05-27" xml:lang="en">
<title>HUNGARY: MARK DOMINATES BUDAPEST CURRENCY FUTURES MARKET.</title>
<headline>MARK DOMINATES BUDAPEST CURRENCY FUTURES MARKET.</headline>
<dateline>BUDAPEST 1997-05-27</dateline>
<text>
<p>The mark dominated trade on Budapest's currency futures market, accounting for almost half the Budapest Commodity Exchange's (BCE) turnover and all of the Budapest Stock Exchange's (BSE) trade.</p>
<p>Most BCE trade in the German unit, which accounted for 9,690 of the total 19,223 lots traded, was for September, which fell 0.11 to 112.50, and December, which fell 0.25 to 116.96 forints.</p>
<p>The mark saw massive block trades in all its delivery dates except for the most distant March 1998, which remained untraded, although a late bid raised its price 0.60 to 120.10 forints while all other months fell.</p>
<p>Yen and Swiss franc contracts seemed to have temporarily lost their appeal with the subdued mood on both sections failing to show any distinctive trend in rates.</p>
<p>BSE trade was unusually high at 1.22 million forints, with 1.09 million of that taken up by March mark deals.</p>
<p>-- Budapest newsroom +36 1 327 4040</p>
</text>
<copyright>(c) Reuters Limited 1997</copyright>
<metadata>
<codes class="bip:countries:1.0">
  <code code="HUNG">
    <editdetail attribution="Reuters BIP Coding Group" action="confirmed" date="1997-05-27"/>
  </code>
</codes>
<codes class="bip:topics:1.0">
  <code code="M13">
    <editdetail attribution="Reuters BIP Coding Group" action="confirmed" date="1997-05-27"/>
  </code>
  <code code="M132">
    <editdetail attribution="Reuters BIP Coding Group" action="confirmed" date="1997-05-27"/>
  </code>
  <code code="MCAT">
    <editdetail attribution="Reuters BIP Coding Group" action="confirmed" date="1997-05-27"/>
  </code>
</codes>
<dc element="dc.date.created" value="1997-05-27"/>
<dc element="dc.publisher" value="Reuters Holdings Plc"/>
<dc element="dc.date.published" value="1997-05-27"/>
<dc element="dc.source" value="Reuters"/>
<dc element="dc.creator.location" value="BUDAPEST"/>
<dc element="dc.creator.location.country.name" value="HUNGARY"/>
<dc element="dc.source" value="Reuters"/>
</metadata>
</newsitem>
