<?xml version="1.0" encoding="iso-8859-1" ?>
<newsitem itemid="615941" id="root" date="1997-05-27" xml:lang="en">
<title>GERMANY: GOLF-MONTY OUT OF TPC, SEVE IS IN.</title>
<headline>GOLF-MONTY OUT OF TPC, SEVE IS IN.</headline>
<byline>Norman Dabell</byline>
<dateline>HAMBURG, Germany 1997-05-27</dateline>
<text>
<p>European number one Colin Montgomerie of Scotland withdrew on Tuesday from this week's Tournament Players Championship in Hamburg starting on Thursday &quot;for personal reasons&quot;.</p>
<p>Montgomerie's surprise withdrawal came less than 24 hours after he shot the best round of the week in the British PGA Championship at Wentworth, an eight-under-par 64, to take fifth place in the event.</p>
<p>His management company, International Management Group (IMG), said they &quot;could add nothing further&quot; to Montgomerie's short explanation.</p>
<p>Earlier on Tuesday Ryder Cup captain Severiano Ballesteros's manager said he would start in Hamburg despite his withdrawal from the PGA after one round with a recurring back injury.</p>
<p>&quot;Despite his injury I can confirm Seve intends playing in Germany,&quot; his manager Roddy Carr said. &quot;He'll see how his back reacts then make a decision about the following week's European Grand Prix.&quot;</p>
<p>Following his 64, a day after he soared to a 76, Montgomerie had been looking forward to the Hamburg tournament as part of his buildup for next month's U.S. Open.</p>
<p>He won the European zone of the Andersen Consulting world championship a week ago and had shot 69 in the first two rounds of the PGA before the 76 ended his chance.</p>
<p>His pullout also costs him a good chance of improving his position in his bid for a fifth successful European Order of Merit title. He is currently 17th in the table now led by PGA champion Ian Woosnam, who is not playing in Hamburg.</p>
</text>
<copyright>(c) Reuters Limited 1997</copyright>
<metadata>
<codes class="bip:countries:1.0">
  <code code="GFR">
    <editdetail attribution="Reuters BIP Coding Group" action="confirmed" date="1997-05-27"/>
  </code>
  <code code="UK">
    <editdetail attribution="Reuters BIP Coding Group" action="confirmed" date="1997-05-27"/>
  </code>
</codes>
<codes class="bip:topics:1.0">
  <code code="GCAT">
    <editdetail attribution="Reuters BIP Coding Group" action="confirmed" date="1997-05-27"/>
  </code>
  <code code="GSPO">
    <editdetail attribution="Reuters BIP Coding Group" action="confirmed" date="1997-05-27"/>
  </code>
</codes>
<dc element="dc.date.created" value="1997-05-27"/>
<dc element="dc.publisher" value="Reuters Holdings Plc"/>
<dc element="dc.date.published" value="1997-05-27"/>
<dc element="dc.source" value="Reuters"/>
<dc element="dc.creator.location" value="HAMBURG, Germany"/>
<dc element="dc.creator.location.country.name" value="GERMANY"/>
<dc element="dc.source" value="Reuters"/>
</metadata>
</newsitem>
