<?xml version="1.0" encoding="iso-8859-1" ?>
<newsitem itemid="616079" id="root" date="1997-05-27" xml:lang="en">
<title>UK: IPE natgas untraded again, bids and offers far apart.</title>
<headline>IPE natgas untraded again, bids and offers far apart.</headline>
<dateline>LONDON 1997-05-27</dateline>
<text>
<p>IPE natural gas futures were untraded on Tuesday, with both bids and offers only seen on seven of the contract's 12 months at the close of trade.</p>
<p>In January, February and March of next year, bids and offers were a full penny a therm apart, far wider than normal during an active session.</p>
<p>Front month June saw the tightest range, with a bid at 11.20 pence against an offer at 11.60 pence, compared with a settlement level of 11.45 pence on Friday.</p>
<p>But the next three months saw wider ranges again, with July, August and September all bid at 11.00 pence and offered at 11.60 pence.</p>
<p>A spokeswoman for the IPE said that the exchange was not surprised by the lack of futures trade given that the OTC market had also been extremely quiet on Tuesday.</p>
<p>--London Newsroom, +44 171 542 6412</p>
</text>
<copyright>(c) Reuters Limited 1997</copyright>
<metadata>
<codes class="bip:countries:1.0">
  <code code="UK">
    <editdetail attribution="Reuters BIP Coding Group" action="confirmed" date="1997-05-27"/>
  </code>
</codes>
<codes class="bip:topics:1.0">
  <code code="M14">
    <editdetail attribution="Reuters BIP Coding Group" action="confirmed" date="1997-05-27"/>
  </code>
  <code code="M143">
    <editdetail attribution="Reuters BIP Coding Group" action="confirmed" date="1997-05-27"/>
  </code>
  <code code="MCAT">
    <editdetail attribution="Reuters BIP Coding Group" action="confirmed" date="1997-05-27"/>
  </code>
</codes>
<dc element="dc.date.created" value="1997-05-27"/>
<dc element="dc.publisher" value="Reuters Holdings Plc"/>
<dc element="dc.date.published" value="1997-05-27"/>
<dc element="dc.source" value="Reuters"/>
<dc element="dc.creator.location" value="LONDON"/>
<dc element="dc.creator.location.country.name" value="UK"/>
<dc element="dc.source" value="Reuters"/>
</metadata>
</newsitem>
