<?xml version="1.0" encoding="iso-8859-1" ?>
<newsitem itemid="616059" id="root" date="1997-05-27" xml:lang="en">
<title>UK: LIFFE white sugar finishes marginally easier.</title>
<headline>LIFFE white sugar finishes marginally easier.</headline>
<dateline>LONDON 1997-05-27</dateline>
<text>
<p>LIFFE white sugar ended slightly weaker after a rangebound day.</p>
<p>Front-month August ended 50 cents softer at $320.20 per tonne, just 10 cents off its low, while October finished 40 cents easier at $309.90.</p>
<p>Volume was 3,386 lots, with 2,532 lots in the front month.</p>
<p>In Paris, August and October closed 50 cents weaker at $320.0 and $310.0 respectively.</p>
<p>--London Newsroom +44 171 542-8065</p>
</text>
<copyright>(c) Reuters Limited 1997</copyright>
<metadata>
<codes class="bip:countries:1.0">
  <code code="UK">
    <editdetail attribution="Reuters BIP Coding Group" action="confirmed" date="1997-05-27"/>
  </code>
</codes>
<codes class="bip:topics:1.0">
  <code code="M14">
    <editdetail attribution="Reuters BIP Coding Group" action="confirmed" date="1997-05-27"/>
  </code>
  <code code="M141">
    <editdetail attribution="Reuters BIP Coding Group" action="confirmed" date="1997-05-27"/>
  </code>
  <code code="MCAT">
    <editdetail attribution="Reuters BIP Coding Group" action="confirmed" date="1997-05-27"/>
  </code>
</codes>
<dc element="dc.date.created" value="1997-05-27"/>
<dc element="dc.publisher" value="Reuters Holdings Plc"/>
<dc element="dc.date.published" value="1997-05-27"/>
<dc element="dc.source" value="Reuters"/>
<dc element="dc.creator.location" value="LONDON"/>
<dc element="dc.creator.location.country.name" value="UK"/>
<dc element="dc.source" value="Reuters"/>
</metadata>
</newsitem>
