<?xml version="1.0" encoding="iso-8859-1" ?>
<newsitem itemid="616036" id="root" date="1997-05-27" xml:lang="en">
<title>UK: EMI posts profit, shakes up North American unit.</title>
<headline>EMI posts profit, shakes up North American unit.</headline>
<dateline>LONDON</dateline>
<text>
<p>British music company EMI Group Plc reported a slight increase in profits Tuesday and announced a streamlining of its North American music operations.</p>
<p>EMI, one of the six major companies dominating the global music industry, said its pre-tax profit for the year ended March 31 totalled 284 million pounds ($466 million).</p>
<p>The results were hurt, however, by a provision of 117 million pounds ($192 million) to cover the cost of office closures and asset write-offs relating to the North American restructuring.</p>
<p>The restructuring is designed to cut costs, improve links with other parts of the group and begin a process of management renewal, EMI said.</p>
<p>The company, which has the Beatles catalogue and modern-day artists such as The Spice Girls on its roster, also said it planned to return up to 10 percent of its market value to shareholders -- a total of around 500 million pounds ($820 million).</p>
<p>EMI said it planned to present proposals to return capital to shareholders at its annual meeting July 18 and implement them shortly afterwards.</p>
<p>Ken Berry, who heads EMI Music International and Virgin Records, was appointed worldwide president of EMI Recorded Music, adding control of the EMI Capitol label to his existing responsibilities. He will continue to report to Jim Fifield, CEO of EMI Music.</p>
</text>
<copyright>(c) Reuters Limited 1997</copyright>
<metadata>
<codes class="bip:countries:1.0">
  <code code="UK">
    <editdetail attribution="Reuters BIP Coding Group" action="confirmed" date="1997-05-27"/>
  </code>
  <code code="USA">
    <editdetail attribution="Reuters BIP Coding Group" action="confirmed" date="1997-05-27"/>
  </code>
</codes>
<codes class="bip:industries:1.0">
  <code code="I34520">
    <editdetail attribution="Reuters BIP Coding Group" action="confirmed" date="1997-05-27"/>
  </code>
</codes>
<codes class="bip:topics:1.0">
  <code code="C11">
    <editdetail attribution="Reuters BIP Coding Group" action="confirmed" date="1997-05-27"/>
  </code>
  <code code="C15">
    <editdetail attribution="Reuters BIP Coding Group" action="confirmed" date="1997-05-27"/>
  </code>
  <code code="C151">
    <editdetail attribution="Reuters BIP Coding Group" action="confirmed" date="1997-05-27"/>
  </code>
  <code code="C1511">
    <editdetail attribution="Reuters BIP Coding Group" action="confirmed" date="1997-05-27"/>
  </code>
  <code code="CCAT">
    <editdetail attribution="Reuters BIP Coding Group" action="confirmed" date="1997-05-27"/>
  </code>
</codes>
<dc element="dc.publisher" value="Reuters Holdings Plc"/>
<dc element="dc.date.published" value="1997-05-27"/>
<dc element="dc.source" value="Reuters"/>
<dc element="dc.creator.location" value="LONDON"/>
<dc element="dc.creator.location.country.name" value="UK"/>
<dc element="dc.source" value="Reuters"/>
</metadata>
</newsitem>
