<?xml version="1.0" encoding="iso-8859-1" ?>
<newsitem itemid="616058" id="root" date="1997-05-27" xml:lang="en">
<title>UK: Sinn Fein plan new talks with British officials.</title>
<headline>Sinn Fein plan new talks with British officials.</headline>
<byline>Martin Cowley</byline>
<dateline>BELFAST 1997-05-27</dateline>
<text>
<p>The IRA's Sinn Fein political arm will hold talks on Wednesday with British officials to try to breathe new life into Northern Ireland's peace process, political sources said on Tuesday.</p>
<p>The talks, the second in a week since Britain relaxed a ban on contacts with Sinn Fein, come on the eve of a Dublin meeting between Britain's new Northern Ireland Secretary Mo Mowlam and Irish Foreign Minister Dick Spring.</p>
<p>The two sides said after their first meeting in 16 months last Wednesday that it was too soon to say whether they had improved prospects for an early Irish Republican Army ceasefire. But Sinn Fein said a start had been made on dealing with problems.</p>
<p>The British province has been tense for months following an IRA resurgence and violence by pro-British Loyalist groups. Many people fear that summer Protestant parades could spark serious street riots.</p>
<p>Mowlam, appointed after Labour won a May 1 election, is due to meet heads of Protestant groups whose annual parades inflame sectarian tension, according to Irish Roman Catholics.</p>
<p>The IRA has rejected international pleas to end a 28-year war aimed at ending British rule and uniting Northern Ireland with neighbouring Ireland.</p>
<p>But a lull in IRA hostilities has helped to create a climate for Britain to end an embargo on officials' talks with Sinn Fein while still ruling out ministerial meetings.</p>
<p>Britain and Ireland hope talks involving most Northern Ireland parties will rekindle the peace drive. The talks, chaired by former U.S.senator George Mitchell, have been riven with inter-party wrangling. Adjourned in March, they are due to restart in Belfast on June 3.</p>
<p>Irish republicans say the IRA will not call a fresh truce until Britain guarantees that Sinn Fein will get a place at the talks. Sinn Fein is barred because of IRA violence.</p>
<p>On Thursday politicians from most Northern Ireland parties - including Sinn Fein and the politicial wings of banned pro-British &quot;Loyalist&quot; guerrillas - fly to South Africa to see how fractured communities there work to resolve their problems.</p>
<p>But pro-British &quot;Unionist&quot; parties are adamant they will have no have truck with Sinn Fein during a three-day conference in South Africa.</p>
<p>Peter Robinson, of the Democratic Unionist Party (DUP) which refuses to talk to Sinn Fein said the South African event would not be used as a cover for Northern Ireland peace negotiations.</p>
<p>&quot;There are no talks or negotiations in relation to Northern Ireland. It is entirely one-to-one meetings with South Africans dealing with negotiating skills that they received over the period 1990-94 in their negotations,&quot; Robinson told Reuters.</p>
<p>Sinn Fein's senior strategist Martin McGuinness will head the party's team in South Africa. Robinson said the organisers had met DUP demands to be &quot;hermetically sealed&quot; from Sinn Fein.</p>
<p>According to The Irish Times, the event is being convened by the John W McCormack Institute of Public Affairs of the University of Massachusetts in cooperation with South Africa's Department of Provincial Affairs and Constitutional Development.</p>
</text>
<copyright>(c) Reuters Limited 1997</copyright>
<metadata>
<codes class="bip:countries:1.0">
  <code code="IRE">
    <editdetail attribution="Reuters BIP Coding Group" action="confirmed" date="1997-05-27"/>
  </code>
  <code code="UK">
    <editdetail attribution="Reuters BIP Coding Group" action="confirmed" date="1997-05-27"/>
  </code>
</codes>
<codes class="bip:topics:1.0">
  <code code="GCAT">
    <editdetail attribution="Reuters BIP Coding Group" action="confirmed" date="1997-05-27"/>
  </code>
  <code code="GDIP">
    <editdetail attribution="Reuters BIP Coding Group" action="confirmed" date="1997-05-27"/>
  </code>
  <code code="GPOL">
    <editdetail attribution="Reuters BIP Coding Group" action="confirmed" date="1997-05-27"/>
  </code>
  <code code="GVIO">
    <editdetail attribution="Reuters BIP Coding Group" action="confirmed" date="1997-05-27"/>
  </code>
</codes>
<dc element="dc.date.created" value="1997-05-27"/>
<dc element="dc.publisher" value="Reuters Holdings Plc"/>
<dc element="dc.date.published" value="1997-05-27"/>
<dc element="dc.source" value="Reuters"/>
<dc element="dc.creator.location" value="BELFAST"/>
<dc element="dc.creator.location.country.name" value="UK"/>
<dc element="dc.source" value="Reuters"/>
</metadata>
</newsitem>
