<?xml version="1.0" encoding="iso-8859-1" ?>
<newsitem itemid="616069" id="root" date="1997-05-27" xml:lang="en">
<title>UK: FOCUS - Coffee again leads commodity pack, wheat off.</title>
<headline>FOCUS - Coffee again leads commodity pack, wheat off.</headline>
<dateline>LONDON 1997-05-27</dateline>
<text>
<p>The vigorous 1997 rally in the world price of coffee found renewed strength on Tuesday when New York's benchmark July futures contract for quality arabica beans hit a new contract high at $2.67 per pound.</p>
<p>This was up a strong 10 cents on the day and within striking distance of last week's 20-year high of $2.80 on the now expired-May contract.</p>
<p>Prices had headed lower at the outset after some weekend longs liquidated their positions on reports that Brazil, the biggest grower, had made it through the weekend without any damaging frost.</p>
<p>But buying soon developed in a sizzling world market where stocks are at the lowest for two decades and - until the winter in Brazil is over and the risk of frost has gone - there are fears about Latin American supply.</p>
<p>Elsewhere in commodity markets, activity was slow to gather pace after holidays on Monday in the United States and Britain.</p>
<p>But Chicago Board of Trade soft red winter wheat futures fell sharply in early trade and the September contract was quickly down more than half the 20-cent per bushel daily limit after rains fell in Kansas over the weekend, traders said.</p>
<p>The moisture improved crop prospects in dry areas of Kansas, typically the leading U.S. hard red winter wheat producing state, traders said.</p>
<p>Traders said Produce Grain and LIT each sold two million bushels July in early trade while Cargill Investor Services and ABN-AMRO Chicago Corp each sold one million July.</p>
<p>July wheat was soon down about 10 cents per bushel to around $3.67.</p>
<p>The benchmark Brent Blend of North Sea crude oil was sharply lower, down more than 80 cents around $19.25 per barrel after selling of light crude futures in New York, on weakness in gasoline prices.</p>
<p>Traders have been watching the gasoline market to provide direction with the approach of the summer &quot;driving season,&quot; which traditionally begins with the Memorial Day holiday.</p>
<p>They did not seem to judge that supply was tight.</p>
<p>Precious metals were mostly steady with gold closing in London at $343.75 per ounce, up 70 cents on Friday.</p>
<p>Early interest came in palladium where a large borrowing order set prices jangling. Palladium quickly jumped about four dollars from its opening to $174.00/$175.00 an ounce.</p>
<p>Palladium had been firmer in Tokyo as dealers there began to see as overdone a bout of selling last week in reaction to news that delayed Russian exports to Japan, the biggest buyer, would begin for late May/early June.</p>
<p>U.S. and London markets were closed on Monday.Some key prices at 1745 GMT on Tuesday</p>
<p>						  Monday    Friday</p>
<p>Ldn Spot Gold($ per ounce)		343.55    343.05</p>
<p>IPE Brent Crude Oil (Jul)		  19.21     20.10</p>
<p>London Metal Exchange</p>
<p>(3 mths delivery)</p>
<p>Copper ($ per tonne)		    2,508.00  2,520.00</p>
<p>Aluminium ($ per tonne)		 1,634.00  1,633.00</p>
<p>LIFFE</p>
<p>Robusta Coffee ($/tonne) (Jul)	2,101.00  2,086.00</p>
<p>Cocoa (Stg per tonne) (Jul)	   1,020.00  1,024.00</p>
<p>White Sugar ($ p/t Aug)		   320.50    320.00</p>
<p>Chicago Board of Trade Wheat</p>
<p>(Cents per bushel)(July)		     367	 374</p>
</text>
<copyright>(c) Reuters Limited 1997</copyright>
<metadata>
<codes class="bip:countries:1.0">
  <code code="UK">
    <editdetail attribution="Reuters BIP Coding Group" action="confirmed" date="1997-05-27"/>
  </code>
</codes>
<codes class="bip:topics:1.0">
  <code code="M14">
    <editdetail attribution="Reuters BIP Coding Group" action="confirmed" date="1997-05-27"/>
  </code>
  <code code="M141">
    <editdetail attribution="Reuters BIP Coding Group" action="confirmed" date="1997-05-27"/>
  </code>
  <code code="M142">
    <editdetail attribution="Reuters BIP Coding Group" action="confirmed" date="1997-05-27"/>
  </code>
  <code code="M143">
    <editdetail attribution="Reuters BIP Coding Group" action="confirmed" date="1997-05-27"/>
  </code>
  <code code="MCAT">
    <editdetail attribution="Reuters BIP Coding Group" action="confirmed" date="1997-05-27"/>
  </code>
</codes>
<dc element="dc.date.created" value="1997-05-27"/>
<dc element="dc.publisher" value="Reuters Holdings Plc"/>
<dc element="dc.date.published" value="1997-05-27"/>
<dc element="dc.source" value="Reuters"/>
<dc element="dc.creator.location" value="LONDON"/>
<dc element="dc.creator.location.country.name" value="UK"/>
<dc element="dc.source" value="Reuters"/>
</metadata>
</newsitem>
