<?xml version="1.0" encoding="iso-8859-1" ?>
<newsitem itemid="616048" id="root" date="1997-05-27" xml:lang="en">
<title>UK: Reuters historical calendar - June 3.</title>
<headline>Reuters historical calendar - June 3.</headline>
<dateline>LONDON 1997-05-27</dateline>
<text>
<p>Following are some of the major events to have occurred on June 3rd in history:</p>
<p>1083 - Henry IV of Germany stormed Rome, capturing St Peter's.</p>
<p>1098 - After a five-month siege in the First Crusade, the Crusaders took Antioch.</p>
<p>1726 - James Hutton, Scottish geologist who wrote the &quot;Theory of the Earth&quot; and was one of the founders of modern geology, born.</p>
<p>1769 - Captain James Cook, a year into his circumnavigation of the world, observed the transit of Venus over the Sun's disc, the main purpose of his voyage.</p>
<p>1808 - Jefferson Davis born. He was President of the Confederate states during the American Civil War. After its conclusion he was imprisoned for two years.</p>
<p>1818 - The last of the Maratha Wars between the British and the Maratha Confederacy in India ended, securing British supremacy in India.</p>
<p>1843 - Frederick VIII, king of Denmark from 1906-12, born.</p>
<p>1853 - Sir William Matthew Flinders Petrie, archaeologist who discovered temples at Giza in Egypt and wrote over 100 books on archaeology, born.</p>
<p>1865 - King George V of England born. He was the second son of Edward VII and ruled from 1910 until his death in 1936.</p>
<p>1875 - French composer Georges Bizet died, the same year his &quot;Carmen&quot; was first produced. It caused a scandal at first but went on to became one of opera's most popular works.</p>
<p>1899 - Johann Strauss Jr, Viennese conductor and composer of waltzes such as &quot;The Blue Danube&quot;, died.</p>
<p>1906 - Josephine Baker, naturalised French cabaret singer and dancer who worked with the resistance during the war, born in the U.S.</p>
<p>1911 - Paulette Goddard, U.S. actress and film star, born as Marion Levy. She starred with Charlie Chaplin in &quot;Modern Times&quot; and &quot;The Great Dictator&quot; and was married to him from 1935-42.</p>
<p>1924 - Austrian novelist Franz Kafka died. He wrote &quot;The Trial&quot; and &quot;Metamorphosis&quot; and exerted a huge influence on modern writers.</p>
<p>1925 - Tony Curtis, U.S. film actor who appeared in &quot;Spartacus&quot; and &quot;Some Like it Hot&quot;, born as Bernard Schwartz.</p>
<p>1933 - Celso Torrelio Villa, member of the military junta and then President of Bolivia from 1981-82, born.</p>
<p>1937 - The Duke of Windsor, who had abdicated as King Edward VIII of England, married Wallis Simpson in France.</p>
<p>1940 - In World War Two, the evacuation of allied troops from Dunkirk was completed; over 335,000 British, French and Belgian troops were rescued.</p>
<p>1944 - Generals Giraud and de Gaulle reached agreement on the constitution of the French Committee of Liberation under their joint presidency.</p>
<p>1950 - A French expedition reached the top of the Himalayan peak of Annapurna in Nepal for the first time.</p>
<p>1963 - Pope John XVIII, known for his  progressive views, died.</p>
<p>1965 - Major Edward White became the first U.S. astronaut to walk in space when he stepped outside his Gemini 4 spacecraft.</p>
<p>1967 - Arthur Ransome, British journalist and writer of children's books such as &quot;Swallows and Amazons&quot;, died.</p>
<p>1973 - At the Paris air show the Tupolev 144, a Soviet supersonic airliner, crashed, killing 15 people.</p>
<p>1979 - The worlds's worst oil spillage occurred as a result of a marine blow-out beneath the drilling rig Ixtoc 1 in the Gulf of Mexico.</p>
<p>1982 - Israel's ambassador to London, Shlomo Argov, was shot and seriously wounded.</p>
<p>1986 - Dame Anna Neagle, British actress and dancer, died.</p>
<p>1989 - Ayatollah Ruhollah Khomeini, spiritual leader of Iran, died aged 86.</p>
<p>1990 - Presidents Bush and Gorbachev wound up a superpower summit in the U.S. with agreement on a number of arms control and trade issues.</p>
<p>1992 - The world's largest environmental summit opened in Rio De Janeiro with 178 nations taking part.</p>
<p>1995 - Defence ministers from NATO and European Union countries agreed to set up a &quot;rapid reaction force&quot; to protect embattled U.N. peacekeeping troops from Bosnian Serb aggression.</p>
<p>1996 - NATO foreign ministers backed a path-breaking deal that boosted the role of European members within the Atlantic alliance.</p>
</text>
<copyright>(c) Reuters Limited 1997</copyright>
<metadata>
<codes class="bip:countries:1.0">
  <code code="UK">
    <editdetail attribution="Reuters BIP Coding Group" action="confirmed" date="1997-05-27"/>
  </code>
</codes>
<codes class="bip:topics:1.0">
  <code code="GCAT">
    <editdetail attribution="Reuters BIP Coding Group" action="confirmed" date="1997-05-27"/>
  </code>
</codes>
<dc element="dc.date.created" value="1997-05-27"/>
<dc element="dc.publisher" value="Reuters Holdings Plc"/>
<dc element="dc.date.published" value="1997-05-27"/>
<dc element="dc.source" value="Reuters"/>
<dc element="dc.creator.location" value="LONDON"/>
<dc element="dc.creator.location.country.name" value="UK"/>
<dc element="dc.source" value="Reuters"/>
</metadata>
</newsitem>
