<?xml version="1.0" encoding="iso-8859-1" ?>
<newsitem itemid="616081" id="root" date="1997-05-27" xml:lang="en">
<title>UK: London September/December cocoa spread key - Merrill. [CORRECTED 21:43 GMT]</title>
<headline>London September/December cocoa spread key - Merrill. [CORRECTED 21:43 GMT]</headline>
<dateline>LONDON 1997-05-27</dateline>
<text>
<p>The September/December (corrects from July/September and throughout the text) spread in the London cocoa market will be more important in the near-term than arrivals data, said Merrill Lynch analyst Judith Ganes.</p>
<p>&quot;The key to the market is probably not in watching the arrivals data but keeping a close tab on the London September/December spread,&quot; Ganes said in her latest biweekly report. &quot;If this narrows, it would suggest the large trade house is rolling their long positions, abandoning thoughts of squeezing the July contract. If this is the case, then one has to think supplies are more ample than they had previously anticipated.&quot;</p>
<p>Trade house Phibro is widely believed to be holding as much as a third of the world's cocoa supply.</p>
<p>Ganes said what the trade house does could help clarify which way cocoa prices will turn because cocoa was now at a &quot;crossroads.&quot;</p>
<p>She said cocoa was locked in a range by bears who forecast a potentially smaller deficit this year and bulls who argue &quot;in 1997/98, there could be a further draw on global stocks and this should keep prices firm well into next season.&quot; Bulls also note ED&amp;F Man's report that early settings in West Africa for the new crop have been the lowest since 1983.</p>
<p>Bears point to ED&amp;F Man's latest report saying it cut its deficit forecast this year to 125,000 to 150,000 tonnes. Ganes said Merrill Lynch believes the deficit could be even smaller.</p>
<p>She also said &quot;other sources have suggested that the rains last month were beneficial and conditions have actually inmproved for the setting of the 1997/98 crop. Moreover, bears argue that farmers are receiving more attractive pricces and therefore, even if weather was not ideal, the crop potential is still huge because of better husbandry.&quot;</p>
<p>Overall, Ganes said &quot;our bias at the upper end of the price range has been bearish, on ideas the stocks/use ratio is still too high to talk about potential supply tightness and in all likelihood, it will remain excessive because there is a greater probability the Ivorian crop will be on the upper rather than lower end of expectations.&quot;</p>
<p>--Medora Lee, London newsroom +44 171 542 8072</p>
</text>
<copyright>(c) Reuters Limited 1997</copyright>
<metadata>
<codes class="bip:countries:1.0">
  <code code="UK">
    <editdetail attribution="Reuters BIP Coding Group" action="confirmed" date="1997-05-27"/>
  </code>
</codes>
<codes class="bip:topics:1.0">
  <code code="M14">
    <editdetail attribution="Reuters BIP Coding Group" action="confirmed" date="1997-05-27"/>
  </code>
  <code code="M141">
    <editdetail attribution="Reuters BIP Coding Group" action="confirmed" date="1997-05-27"/>
  </code>
  <code code="MCAT">
    <editdetail attribution="Reuters BIP Coding Group" action="confirmed" date="1997-05-27"/>
  </code>
</codes>
<dc element="dc.date.created" value="1997-05-27"/>
<dc element="dc.publisher" value="Reuters Holdings Plc"/>
<dc element="dc.date.published" value="1997-05-27"/>
<dc element="dc.source" value="Reuters"/>
<dc element="dc.creator.location" value="LONDON"/>
<dc element="dc.creator.location.country.name" value="UK"/>
<dc element="dc.source" value="Reuters"/>
</metadata>
</newsitem>
