<?xml version="1.0" encoding="iso-8859-1" ?>
<newsitem itemid="616034" id="root" date="1997-05-27" xml:lang="en">
<title>UK: LIFFE cocoa ends off lows, coffee rebounds.</title>
<headline>LIFFE cocoa ends off lows, coffee rebounds.</headline>
<text>
<p>COCOA - Ends lower but off lows in light trade. July four stg down at 1,020 stg.</p>
<p>COFFEE - Nearby positions rebound after NY's July hits new contract highs. July $15 higher at $2,101</p>
<p>SUGAR - Mixed in slow trade. August unchanged at $320.70 at 1601 GMT</p>
</text>
<copyright>(c) Reuters Limited 1997</copyright>
<metadata>
<codes class="bip:countries:1.0">
  <code code="UK">
    <editdetail attribution="Reuters BIP Coding Group" action="confirmed" date="1997-05-27"/>
  </code>
</codes>
<codes class="bip:topics:1.0">
  <code code="M14">
    <editdetail attribution="Reuters BIP Coding Group" action="confirmed" date="1997-05-27"/>
  </code>
  <code code="M141">
    <editdetail attribution="Reuters BIP Coding Group" action="confirmed" date="1997-05-27"/>
  </code>
  <code code="MCAT">
    <editdetail attribution="Reuters BIP Coding Group" action="confirmed" date="1997-05-27"/>
  </code>
</codes>
<dc element="dc.publisher" value="Reuters Holdings Plc"/>
<dc element="dc.date.published" value="1997-05-27"/>
<dc element="dc.source" value="Reuters"/>
<dc element="dc.creator.location.country.name" value="UK"/>
<dc element="dc.source" value="Reuters"/>
</metadata>
</newsitem>
