<?xml version="1.0" encoding="iso-8859-1" ?>
<newsitem itemid="616098" id="root" date="1997-05-27" xml:lang="en">
<title>UK: LONDON CURRENCY AND GOLD BULLION RATES.</title>
<headline>LONDON CURRENCY AND GOLD BULLION RATES.</headline>
<text>
<p>LONDON, Reuter - Following are the buying and selling rates for leading world currencies and gold against the dollar on the London foreign exchange and bullion markets today.</p>
<p>US$1.00 COSTS    1.3770/75 Canadian Dollars</p>
<p>		     1.6975/80 German Marks</p>
<p>		     1.9090/00 Dutch Guilders</p>
<p>		     1.4165/70 Swiss Francs</p>
<p>		     35.03/08  Belgian Francs</p>
<p>		     5.7308/83   French Francs</p>
<p>		     1673.3/4.8  Italian Lire</p>
<p>		     116.45/50   Japanese Yen</p>
<p>		     7.6281/56   Swedish Crowns</p>
<p>		     7.0540/90   Norwegian Crowns</p>
<p>		     6.4660/80   Danish Crowns</p>
<p>One Sterling     US$1.6310/20</p>
<p>Gold (ounce)     US$343.90/40</p>
</text>
<copyright>(c) Reuters Limited 1997</copyright>
<metadata>
<codes class="bip:countries:1.0">
  <code code="UK">
    <editdetail attribution="Reuters BIP Coding Group" action="confirmed" date="1997-05-27"/>
  </code>
</codes>
<codes class="bip:topics:1.0">
  <code code="M13">
    <editdetail attribution="Reuters BIP Coding Group" action="confirmed" date="1997-05-27"/>
  </code>
  <code code="M132">
    <editdetail attribution="Reuters BIP Coding Group" action="confirmed" date="1997-05-27"/>
  </code>
  <code code="M14">
    <editdetail attribution="Reuters BIP Coding Group" action="confirmed" date="1997-05-27"/>
  </code>
  <code code="M142">
    <editdetail attribution="Reuters BIP Coding Group" action="confirmed" date="1997-05-27"/>
  </code>
  <code code="MCAT">
    <editdetail attribution="Reuters BIP Coding Group" action="confirmed" date="1997-05-27"/>
  </code>
</codes>
<dc element="dc.publisher" value="Reuters Holdings Plc"/>
<dc element="dc.date.published" value="1997-05-27"/>
<dc element="dc.source" value="Reuters"/>
<dc element="dc.creator.location.country.name" value="UK"/>
<dc element="dc.source" value="Reuters"/>
</metadata>
</newsitem>
