<?xml version="1.0" encoding="iso-8859-1" ?>
<newsitem itemid="616144" id="root" date="1997-05-27" xml:lang="en">
<title>SIERRA LEONE: Nigerian troops at Sierra Leone airport after coup.</title>
<headline>Nigerian troops at Sierra Leone airport after coup.</headline>
<byline>Allieu Kamara</byline>
<dateline>FREETOWN 1997-05-27</dateline>
<text>
<p>Nigerian troops reinforced Sierra Leone's international airport and leaders of a weekend coup in the West African country on Tuesday expressed concern about talk of a Nigerian counter-attack.</p>
<p>Hundreds of people crammed into beachside hotels for safety as soldiers looted homes and offices and careered round the city in stolen cars.</p>
<p>Police reported protests against the coup in the southern second city of Bo, where the Kamajor civilian militia loyal to President Ahmad Tejan Kabbah was ignoring an order to disband, and clashes between troops and Kamajors in the eastern garrison town of Daru.</p>
<p>The new army rulers said they had reopened the land borders and air and sea ports. A dusk to dawn curfew remained in force.</p>
<p>Aid workers and diplomats said Nigerian troops arrived on Monday night to reinforce Nigerians and Ghanaians of the ECOMOG regional intervention force stationed at the airport to defend it from rebel attacks. The airport lies across the river estuary from Freetown and is not easily accessible from the city.</p>
<p>It was not immediately clear whether the Nigerians formed part of reinforcements reported heading for Sierra Leone from neighbouring Liberia on Monday.</p>
<p>&quot;The AFRC is concerned over rumours that our brothers, the Nigerian force, are about to launch an attack,&quot; said a statement from the chairman of the Armed Forces Revolutionary Council (AFRC), Major Johnny Paul Koromah.</p>
<p>&quot;The AFRC is hereby informing the general public to know that it is a baseless rumour. The situation is under control, and all and sundry are hereby requested to go about their normal duties,&quot; said the statement, broadcast on national radio.</p>
<p>United Nations staff said a ship had arrived to evacuate U.N. personnel if necessary. The U.N. refugee agency said it would bring most of its staff out. The AFRC promised to cooperate with any evacuation effort for foreign nationals.</p>
<p>Staff at Freetown's Connaught hospital said at least 40 people had been killed in Sunday's fighting, including two Nigerians and several Sierra Leonean soldiers, but ECOMOG Field Commander General Victor Malu said in Lagos on Monday there had been no Nigerian casualties.</p>
<p>The hospital had treated more than 80 wounded.</p>
<p>Shops, banks, schools and markets remained closed on Tuesday despite the coup leaders' appeals to people to return to work. Only a few roadside traders ventured out. The coup leaders ordered civil servants to report for work immediately.</p>
<p>Sources among the political parties that formed the opposition to Kabbah's government said they had been approached to join the government but had declined. They predicted the coup leaders would have trouble forming a credible government.</p>
<p>Troops were searching for ministers of the ousted government, five of whom were reported detained at the military headquarters. Several senior army officers of the rank of lieutenant colonel and above were under house arrest.</p>
<p>The United States called for restoration of the civilian government, joining the United Nations, the Organisation of African Unity and South Africa in condemning the coup.</p>
<p>Former colonial power Britain on Tuesday deplored the coup and the level of accompanying violence.</p>
<p>The U.N. World Food programme said looters had taken 1,650 tonnes of food aid, 15 vehicles and other equipment from its Freetown warehouses.</p>
<p>Prominent businessman and diamond dealer Jamil Sahid Mohamed said his son Hassan had been shot dead by unidentified men in military uniforms who broke into his house.</p>
<p>Koromah was among those freed when soldiers broke into Freetown's Pademba Road jail early on Sunday. He was accused of planning a coup against Kabbah last September.</p>
<p>Kabbah told the BBC he was still the legitimate president. &quot;I am sad and angry because I am a Sierra Leonean and I see and I hear and I know that a group of hooligans are destroying my country,&quot; he said.</p>
</text>
<copyright>(c) Reuters Limited 1997</copyright>
<metadata>
<codes class="bip:countries:1.0">
  <code code="NIGEA">
    <editdetail attribution="Reuters BIP Coding Group" action="confirmed" date="1997-05-27"/>
  </code>
  <code code="SILEN">
    <editdetail attribution="Reuters BIP Coding Group" action="confirmed" date="1997-05-27"/>
  </code>
</codes>
<codes class="bip:topics:1.0">
  <code code="GCAT">
    <editdetail attribution="Reuters BIP Coding Group" action="confirmed" date="1997-05-27"/>
  </code>
  <code code="GDIP">
    <editdetail attribution="Reuters BIP Coding Group" action="confirmed" date="1997-05-27"/>
  </code>
  <code code="GVIO">
    <editdetail attribution="Reuters BIP Coding Group" action="confirmed" date="1997-05-27"/>
  </code>
</codes>
<dc element="dc.date.created" value="1997-05-27"/>
<dc element="dc.publisher" value="Reuters Holdings Plc"/>
<dc element="dc.date.published" value="1997-05-27"/>
<dc element="dc.source" value="Reuters"/>
<dc element="dc.creator.location" value="FREETOWN"/>
<dc element="dc.creator.location.country.name" value="SIERRA LEONE"/>
<dc element="dc.source" value="Reuters"/>
</metadata>
</newsitem>
