<?xml version="1.0" encoding="iso-8859-1" ?>
<newsitem itemid="616121" id="root" date="1997-05-27" xml:lang="en">
<title>CANADA: Manitoba Pool grain prices - 1400 CDT - May 27.</title>
<headline>Manitoba Pool grain prices - 1400 CDT - May 27.</headline>
<text>
<p>MPE cash bids, Canadian dollars per tonne, FOB elevator.</p>
<p>		Spot	  Jun	Jul	 Aug     Sep</p>
<p>Wheat	 142.73	134.29   ---	 ---     ---</p>
<p>Oats	  122.29	124.68   ---	 ---     ---</p>
<p>Barley	109.56	108.76   ---	 ---     ---</p>
<p>Flax	  326.58	327.94   329.28    ---     ---</p>
<p>Canola	409.19	410.72   413.77    ---     ---</p>
<p>Rye	   176.00	---	---	 ---     ---</p>
<p>Feed Peas   ---</p>
<p>Source: Manitoba Pool Elevators cash bids. Basic price - plus premium. Note: Rye quoted less freight to Vancouver. All other prices before freight deduction to Vancouver. ((Winnipeg bureau 204 947 3548))</p>
</text>
<copyright>(c) Reuters Limited 1997</copyright>
<metadata>
<codes class="bip:countries:1.0">
  <code code="CANA">
    <editdetail attribution="Reuters BIP Coding Group" action="confirmed" date="1997-05-27"/>
  </code>
</codes>
<codes class="bip:topics:1.0">
  <code code="M14">
    <editdetail attribution="Reuters BIP Coding Group" action="confirmed" date="1997-05-27"/>
  </code>
  <code code="M141">
    <editdetail attribution="Reuters BIP Coding Group" action="confirmed" date="1997-05-27"/>
  </code>
  <code code="MCAT">
    <editdetail attribution="Reuters BIP Coding Group" action="confirmed" date="1997-05-27"/>
  </code>
</codes>
<dc element="dc.publisher" value="Reuters Holdings Plc"/>
<dc element="dc.date.published" value="1997-05-27"/>
<dc element="dc.source" value="Reuters"/>
<dc element="dc.creator.location.country.name" value="CANADA"/>
<dc element="dc.source" value="Reuters"/>
</metadata>
</newsitem>
