<?xml version="1.0" encoding="iso-8859-1" ?>
<newsitem itemid="616131" id="root" date="1997-05-27" xml:lang="en">
<title>CANADA: WCE canola ends down on CBOT soycomplex fall.</title>
<headline>WCE canola ends down on CBOT soycomplex fall.</headline>
<dateline>WINNIPEG 1997-05-27</dateline>
<text>
<p>WCE canola futures ended lower, pulled down in sympathy with a selloff in the CBOT soycomplex, traders said.</p>
<p>&quot;The soyoil pressured us at the close. Louis Dreyfus was a big seller of the July,&quot; a trader said.</p>
<p>July WCE futures crush margin fell to -2.09 Tuesday from +0.34 Monday. About 1,000 July-Nov spread at $30, 860 July-Aug from C$1.20 to C$0.50 and Sep-Nov at $4. Volume was 5,350 lots, or 107,000 tonnes.</p>
<p>Japan bought 13,000-15,000 tonnes canola overnight, sources said.</p>
<p>July canola futures ended steady at $402.10 and November was down $3.20 at $371.70. July flax fell $2 to $331 but September rose $0.30 to $324 on commercial trade. Fifty Sep-Nov spread $2, traders said.</p>
<p>July western barley sank $3 to the contract low of $132.10 as Alberta Wheat Pool sold, October fell $1.50 to $133.80, 200 July-Oct spread at $0.50 with AWP a featured seller. Volume was 1,500. Oats did not trade.</p>
<p>July feed wheat closed $0.60 lower at $158.50 as UGG and Midland Walwyn bought. Commercials sold 200 December down $1.10 to $159 at the close, traders said.</p>
<p>PCTS sold 10 October feed pea contracts down US$0.50 to US$185.50 to a commercial, a trader said.</p>
<p>(All prices in Canadian dollars/tonne except oats, peas).</p>
<p>((Gilbert Le Gras 204 947 3548))</p>
</text>
<copyright>(c) Reuters Limited 1997</copyright>
<metadata>
<codes class="bip:countries:1.0">
  <code code="CANA">
    <editdetail attribution="Reuters BIP Coding Group" action="confirmed" date="1997-05-27"/>
  </code>
</codes>
<codes class="bip:topics:1.0">
  <code code="M14">
    <editdetail attribution="Reuters BIP Coding Group" action="confirmed" date="1997-05-27"/>
  </code>
  <code code="M141">
    <editdetail attribution="Reuters BIP Coding Group" action="confirmed" date="1997-05-27"/>
  </code>
  <code code="MCAT">
    <editdetail attribution="Reuters BIP Coding Group" action="confirmed" date="1997-05-27"/>
  </code>
</codes>
<dc element="dc.date.created" value="1997-05-27"/>
<dc element="dc.publisher" value="Reuters Holdings Plc"/>
<dc element="dc.date.published" value="1997-05-27"/>
<dc element="dc.source" value="Reuters"/>
<dc element="dc.creator.location" value="WINNIPEG"/>
<dc element="dc.creator.location.country.name" value="CANADA"/>
<dc element="dc.source" value="Reuters"/>
</metadata>
</newsitem>
