<?xml version="1.0" encoding="iso-8859-1" ?>
<newsitem itemid="616134" id="root" date="1997-05-27" xml:lang="en">
<title>CANADA: Bank of Canada 91-day T-bill yields avg 3.005 pct.</title>
<headline>Bank of Canada 91-day T-bill yields avg 3.005 pct.</headline>
<dateline>OTTAWA 1997-05-27</dateline>
<text>
<p>The Bank of Canada said the average yield at this week's auction of C$2.2 billion of 91-day Government of Canada treasury bills due August 28, 1997 was 3.005 percent, down from 3.114 percent last week.</p>
<p>The average yield on C$1.1 billion of 175-day T-bills due November 20, 1997 was 3.392 percent, down from 3.462 percent last week, and on C$1.1 billion of 364-day T-bills due May 28, 1998 was 3.868 percent, down from 3.892 percent.</p>
<p>The Bank bought C$500 million three-month, C$100 million six-month and C$100 million one-year bills. It holds C$950 million of C$5.8 billion bills due May 5.  </p>
<p> 3-MO 2.20 BLN DUE 08/28/97   * 6-MO 1.10 BLN DUE 11/20/97</p>
<p>	YIELD  PRICE		*	YIELD  PRICE</p>
<p>AVG  3.005  99.25638  PCT AT * AVG  3.392  98.39972  PCT AT</p>
<p> LO   2.970  99.26498  HI YLD * LO   3.384  98.40344  HI YLD</p>
<p> HI   3.011  99.25491  67.267 * HI   3.398  98.39694  32.786</p>
<p> 1-YR 1.10 BLN DUE 05/28/98   *----NEXT WEEK-----------------</p>
<p> AVG  3.868  96.28587  PCT AT *   3-MO DUE 09/04/97 2.20 BLN</p>
<p> LO   3.820  96.33027  HI YLD *   6-MO DUE 12/04/97 1.20 BLN</p>
<p> HI   3.888  96.26738 100.000 *   1-YR DUE 05/28/98 1.00 BLN</p>
<p> AMT MAT 06/05/97 -- 5.80 BLN *		TOTAL -  4.40 BLN</p>
<p>((--Reuters Toronto bureau 416 941-8100))</p>
</text>
<copyright>(c) Reuters Limited 1997</copyright>
<metadata>
<codes class="bip:countries:1.0">
  <code code="CANA">
    <editdetail attribution="Reuters BIP Coding Group" action="confirmed" date="1997-05-27"/>
  </code>
</codes>
<codes class="bip:topics:1.0">
  <code code="M13">
    <editdetail attribution="Reuters BIP Coding Group" action="confirmed" date="1997-05-27"/>
  </code>
  <code code="M131">
    <editdetail attribution="Reuters BIP Coding Group" action="confirmed" date="1997-05-27"/>
  </code>
  <code code="MCAT">
    <editdetail attribution="Reuters BIP Coding Group" action="confirmed" date="1997-05-27"/>
  </code>
</codes>
<dc element="dc.date.created" value="1997-05-27"/>
<dc element="dc.publisher" value="Reuters Holdings Plc"/>
<dc element="dc.date.published" value="1997-05-27"/>
<dc element="dc.source" value="Reuters"/>
<dc element="dc.creator.location" value="OTTAWA"/>
<dc element="dc.creator.location.country.name" value="CANADA"/>
<dc element="dc.source" value="Reuters"/>
</metadata>
</newsitem>
