<?xml version="1.0" encoding="iso-8859-1" ?>
<newsitem itemid="807594" id="root" date="1997-08-19" xml:lang="en">
<title>EU: Official Journal contents - OJ C 253 of August 19, 1997.</title>
<headline>Official Journal contents - OJ C 253 of August 19, 1997.</headline>
<text>
<p>*</p>
<p>(Note - contents are displayed in reverse order to that in the printed Journal)</p>
<p>*</p>
<p>European Community Support for Culture 1998 Kaleidoscope Programme Information and Call for Applications (97/C 253/05)</p>
<p>Amended proposal for a Council Directive amending Directive 92/14/EEC on the limitation of the operation of aeroplanes covered by Part II, Chapter 2, Volume 1 of Annex 16 to the Convention on International Civil Aviation, second edition (1988) (97/C 253/04) (Text with EEA relevance) COM(97) 253 final - 97/0209(SYN)</p>
<p>Non-opposition to a notified concentration (Case No IV/M.962 - Daimler Benz/Deutsche Telekom - Telematik) (97/C 253/03)</p>
<p>Non-opposition to a notified concentration (Case No IV/M.901 - Go-Ahead/VIA/Thameslink) (97/C 253/02)</p>
<p>Ecu (1) 18 August 1997 (97/C 253/01) END OF DOCUMENT.</p>
</text>
<copyright>(c) Reuters Limited 1997</copyright>
<metadata>
<codes class="bip:countries:1.0">
  <code code="EEC">
    <editdetail attribution="Reuters BIP Coding Group" action="confirmed" date="1997-08-19"/>
  </code>
</codes>
<codes class="bip:topics:1.0">
  <code code="G15">
    <editdetail attribution="Reuters BIP Coding Group" action="confirmed" date="1997-08-19"/>
  </code>
  <code code="GCAT">
    <editdetail attribution="Reuters BIP Coding Group" action="confirmed" date="1997-08-19"/>
  </code>
</codes>
<dc element="dc.publisher" value="Reuters Holdings Plc"/>
<dc element="dc.date.published" value="1997-08-19"/>
<dc element="dc.source" value="Reuters"/>
<dc element="dc.creator.location.country.name" value="EU"/>
<dc element="dc.source" value="Reuters"/>
</metadata>
</newsitem>
