<?xml version="1.0" encoding="iso-8859-1" ?>
<newsitem itemid="807612" id="root" date="1997-08-19" xml:lang="en">
<title>USA: Edsel Ford II says he has no plans to change jobs.</title>
<headline>Edsel Ford II says he has no plans to change jobs.</headline>
<dateline>DETROIT 1997-08-19</dateline>
<text>
<p>Edsel Ford II said Tuesday he has no plans to leave his job as president and chief operating officer of Ford Motor Co.'s Ford Credit unit, contradicting a published report in the Detroit News.</p>
<p>Through a spokeswoman, Ford said he was happy in his position at Ford Credit and was not going to replace Thomas Wagner as vice president of customer satisfaction for the automaker, as the newspaper had reported Tuesday.</p>
<p>The News, citing unnamed sources, said the move was expected to be announced in October. Edsel Ford was at the company's dealer introduction show in San Diego, Calif., and could not be reached directly for comment.</p>
<p>Earlier, Ford spokeswoman Pam Kueber declined to comment on the story, adding &quot;We're not going to contribute to speculation.&quot;</p>
<p>Edsel Ford, 48, is the great-grandson of company founder Henry Ford, and the son of Henry Ford II, who ran the company from 1945 to 1980.</p>
<p>He is one of three Ford family members who sit on the automaker's board of directors, and the only one to work in senior management ranks. The Ford family controls 40 percent of the firm's voting stock.</p>
<p>Edsel Ford has worked at Ford Motor Co. since 1974, holding a variety of sales and marketing positions before being named president of Ford Credit in 1991.</p>
<p>Ford Credit is the largest unit within Ford's Financial Services Group, providing financing for a variety of Ford customers, and offering various insurance and other financial service products.</p>
<p>Edsel Ford has presided over a time of strong profits, international expansion and at Ford Credit. However, higher credit losses and lower margins from increasing depreciation expenses on leased vehicles have reduced the unit's earnings this year.</p>
<p>Ford's stock ended unchanged at $40.69 on the New York Stock Exchange.</p>
</text>
<copyright>(c) Reuters Limited 1997</copyright>
<metadata>
<codes class="bip:countries:1.0">
  <code code="USA">
    <editdetail attribution="Reuters BIP Coding Group" action="confirmed" date="1997-08-19"/>
  </code>
</codes>
<codes class="bip:industries:1.0">
  <code code="I35101">
    <editdetail attribution="Reuters BIP Coding Group" action="confirmed" date="1997-08-19"/>
  </code>
</codes>
<codes class="bip:topics:1.0">
  <code code="C41">
    <editdetail attribution="Reuters BIP Coding Group" action="confirmed" date="1997-08-19"/>
  </code>
  <code code="C411">
    <editdetail attribution="Reuters BIP Coding Group" action="confirmed" date="1997-08-19"/>
  </code>
  <code code="CCAT">
    <editdetail attribution="Reuters BIP Coding Group" action="confirmed" date="1997-08-19"/>
  </code>
</codes>
<dc element="dc.date.created" value="1997-08-19"/>
<dc element="dc.publisher" value="Reuters Holdings Plc"/>
<dc element="dc.date.published" value="1997-08-19"/>
<dc element="dc.source" value="Reuters"/>
<dc element="dc.creator.location" value="DETROIT"/>
<dc element="dc.creator.location.country.name" value="USA"/>
<dc element="dc.source" value="Reuters"/>
</metadata>
</newsitem>
