<?xml version="1.0" encoding="iso-8859-1" ?>
<newsitem itemid="807608" id="root" date="1997-08-19" xml:lang="en">
<title>CANADA: CBRS upgrades Petro-Canada paper.</title>
<headline>CBRS upgrades Petro-Canada paper.</headline>
<dateline>MONTREAL 1997-08-19</dateline>
<text>
<p>Canadian Bond Rating Service said on Tuesday it upgraded its rating on Petro-Canada's commercial paper and assigned a positive outlook to the integrated oil company's debentures and notes.</p>
<p>CBRS said it upgraded its rating on Petro-Canada's C$750 million commercial paper program to A-1, from a previous A-1 (low), with a stable outlook.</p>
<p>The company's senior long-term debt, which includes about C$1.3 billion of debentures and notes, continued to carry a A/Good Quality rating but the outlook was upped to positive.  </p>
<p>CBRS said the rating changes followed an annual credit review and reflected the company's sold growth since 1994.</p>
<p>Petro-Canada is Canada's third-largest gas producer, fifth-largest oil producer and second-largest refiner and marketer.</p>
<p>It said Petro-Canada's earnings, balance sheet characteristics and risk measurement ratios have been favorable and easily met recommended benchmarks.</p>
<p>Its first half earnings this year were also buoyed by strong results in the upstream and downstream, unlike last year when oil price hedging affected earnings, CBRS said.</p>
<p>Petro-Canada has also maintained strong financial discipline, despite large commitments which have included Hibernia-related capital spending and its purchase of Amerada Hess Canada, the service said. ((Jeffrey Jones, Reuters Calgary Bureau (403) 531-1624))</p>
</text>
<copyright>(c) Reuters Limited 1997</copyright>
<metadata>
<codes class="bip:countries:1.0">
  <code code="CANA">
    <editdetail attribution="Reuters BIP Coding Group" action="confirmed" date="1997-08-19"/>
  </code>
</codes>
<codes class="bip:industries:1.0">
  <code code="I14000">
    <editdetail attribution="Reuters BIP Coding Group" action="confirmed" date="1997-08-19"/>
  </code>
</codes>
<codes class="bip:topics:1.0">
  <code code="C17">
    <editdetail attribution="Reuters BIP Coding Group" action="confirmed" date="1997-08-19"/>
  </code>
  <code code="C174">
    <editdetail attribution="Reuters BIP Coding Group" action="confirmed" date="1997-08-19"/>
  </code>
  <code code="CCAT">
    <editdetail attribution="Reuters BIP Coding Group" action="confirmed" date="1997-08-19"/>
  </code>
</codes>
<dc element="dc.date.created" value="1997-08-19"/>
<dc element="dc.publisher" value="Reuters Holdings Plc"/>
<dc element="dc.date.published" value="1997-08-19"/>
<dc element="dc.source" value="Reuters"/>
<dc element="dc.creator.location" value="MONTREAL"/>
<dc element="dc.creator.location.country.name" value="CANADA"/>
<dc element="dc.source" value="Reuters"/>
</metadata>
</newsitem>
