<?xml version="1.0" encoding="iso-8859-1" ?>
<newsitem itemid="807650" id="root" date="1997-08-19" xml:lang="en">
<title>USA: Kohl's pleased with second quarter results.</title>
<headline>Kohl's pleased with second quarter results.</headline>
<dateline>MENOMONEE FALLS, Wis. 1997-08-19</dateline>
<text>
<p>Kohl's Corp said Tuesday it was pleased with its performance in the second quarter.</p>
<p>Kohl's earned $20.8 million, or $0.28 a share, during the period versus $14.8 million, or $0.20 a share, during the same quarter last year.</p>
<p>&quot;We are extremely pleased with the second quarter and the first half of 1997. Our comparable store sales increase of 10.1 percent for the first half was on top of a 9.3 percent comparable store increase last year. Operating income for the first half increased 30.4 percent in spite of $8.4 million more in pre-opening costs than last year. Excluding pre-opening costs, operating income increased 42.6 percent over last year,&quot; William Kellogg, Chairman of Kohl's, said in a statement.</p>
<p>In October, Kohl's said it would open four additional stores in the Philadelphia area, an additional store in the Washington, D.C. market, its second store in Omaha, Neb., a store in Binghamton, N.Y., and enter the Pittsburgh market with three stores. At the end of the year, Kohl's said it planned to operate 182 stores.</p>
<p>-- ((Reuters Chicago Newsdesk 312-408-8787))</p>
</text>
<copyright>(c) Reuters Limited 1997</copyright>
<metadata>
<codes class="bip:countries:1.0">
  <code code="USA">
    <editdetail attribution="Reuters BIP Coding Group" action="confirmed" date="1997-08-19"/>
  </code>
</codes>
<codes class="bip:industries:1.0">
  <code code="I65600">
    <editdetail attribution="Reuters BIP Coding Group" action="confirmed" date="1997-08-19"/>
  </code>
  <code code="I6560002">
    <editdetail attribution="Reuters BIP Coding Group" action="confirmed" date="1997-08-19"/>
  </code>
</codes>
<codes class="bip:topics:1.0">
  <code code="C15">
    <editdetail attribution="Reuters BIP Coding Group" action="confirmed" date="1997-08-19"/>
  </code>
  <code code="C151">
    <editdetail attribution="Reuters BIP Coding Group" action="confirmed" date="1997-08-19"/>
  </code>
  <code code="CCAT">
    <editdetail attribution="Reuters BIP Coding Group" action="confirmed" date="1997-08-19"/>
  </code>
</codes>
<dc element="dc.date.created" value="1997-08-19"/>
<dc element="dc.publisher" value="Reuters Holdings Plc"/>
<dc element="dc.date.published" value="1997-08-19"/>
<dc element="dc.source" value="Reuters"/>
<dc element="dc.creator.location" value="MENOMONEE FALLS, Wis."/>
<dc element="dc.creator.location.country.name" value="USA"/>
<dc element="dc.source" value="Reuters"/>
</metadata>
</newsitem>
