<?xml version="1.0" encoding="iso-8859-1" ?>
<newsitem itemid="807611" id="root" date="1997-08-19" xml:lang="en">
<title>USA: TABLE - Photronics Inc Q3 Aug 3 net rises.</title>
<headline>TABLE - Photronics Inc Q3 Aug 3 net rises.</headline>
<dateline>JUPITER 1997-08-19</dateline>
<text>
<p>Period ended Aug 3.</p>
<p>				1997			1996</p>
<p> Shr			  $0.55		    $0.46</p>
<p> Net			  6,839		    5,513</p>
<p> Revs			53,081		   42,677</p>
<p> Avg shrs		  12,509		   12,111</p>
<p>	   9 MONTHS</p>
<p> Shr			  $1.48		    $1.28</p>
<p> Net			 18,348		   15,431</p>
<p> Revs		     142,144		  117,859</p>
<p> Avg shrs		  12,403		   12,072</p>
<p>(All data above 000s except per share numbers)</p>
<p>NOTE: Period ended Aug 3 vs July 31.</p>
<p>1997 nine-month period includes a gain of $1.3 million, or $0.06 a share, from sale of equity investment.</p>
</text>
<copyright>(c) Reuters Limited 1997</copyright>
<metadata>
<codes class="bip:countries:1.0">
  <code code="USA">
    <editdetail attribution="Reuters BIP Coding Group" action="confirmed" date="1997-08-19"/>
  </code>
</codes>
<codes class="bip:industries:1.0">
  <code code="I34531">
    <editdetail attribution="Reuters BIP Coding Group" action="confirmed" date="1997-08-19"/>
  </code>
</codes>
<codes class="bip:topics:1.0">
  <code code="C15">
    <editdetail attribution="Reuters BIP Coding Group" action="confirmed" date="1997-08-19"/>
  </code>
  <code code="C151">
    <editdetail attribution="Reuters BIP Coding Group" action="confirmed" date="1997-08-19"/>
  </code>
  <code code="CCAT">
    <editdetail attribution="Reuters BIP Coding Group" action="confirmed" date="1997-08-19"/>
  </code>
</codes>
<dc element="dc.date.created" value="1997-08-19"/>
<dc element="dc.publisher" value="Reuters Holdings Plc"/>
<dc element="dc.date.published" value="1997-08-19"/>
<dc element="dc.source" value="Reuters"/>
<dc element="dc.creator.location" value="JUPITER"/>
<dc element="dc.creator.location.country.name" value="USA"/>
<dc element="dc.source" value="Reuters"/>
</metadata>
</newsitem>
