<?xml version="1.0" encoding="iso-8859-1" ?>
<newsitem itemid="807619" id="root" date="1997-08-19" xml:lang="en">
<title>USA: TABLE - Mesa Air Group Inc Q3 loss vs net.</title>
<headline>TABLE - Mesa Air Group Inc Q3 loss vs net.</headline>
<dateline>FARMINGTON, N.M. 1997-08-19</dateline>
<text>
<p>Three Months Ended  Nine Months Ended</p>
<p>						 June 30	June 30</p>
<p>				     1997     1996     1997	1996</p>
<p>Operating revenues:</p>
<p>   Passenger		 $126,823 $127,946  $368,735 $363,111</p>
<p>   Freight and other	  2,620    2,328     7,529    8,164</p>
<p>Total operating revenues</p>
<p>				  129,443  130,274   376,264  371,275</p>
<p>Operating expenses:</p>
<p>   Flight operations	 48,421   40,964   136,104  129,324</p>
<p>   Maintenance		 23,626   20,704    66,401   59,495</p>
<p>Aircraft and traffic servicing</p>
<p>				   21,305   18,410    63,111   55,283</p>
<p>   Promotion and sales     20,066   19,851    55,642   56,000</p>
<p>General and administrative</p>
<p>				    5,682    7,039    18,418   21,665</p>
<p>Depreciation and Amortization</p>
<p>				    8,571    5,978    25,596   16,356</p>
<p>   Jet Return Provision	  --    3,023	  --    3,023</p>
<p>Total operating expenses</p>
<p>				  127,671  115,969   365,272  341,146</p>
<p>     Operating income	 1,772   14,305    10,992   30,129</p>
<p>Non-operating income (expanses):</p>
<p>   Interest expense	 (7,025)  (3,602)  (20,618)  (6,743)</p>
<p>   Interest income		418	326     1,463    1,378</p>
<p>   Other			    742    (419)     1,019   11,647</p>
<p>Total non-operating income</p>
<p>	 (expense)	    (5,865)  (3,695)    18,136    6,282</p>
<p>Earnings (loss) before income</p>
<p>	  taxes		 (4,093)   10,610   (7,144)   36,411</p>
<p>Income tax expense (benefit)</p>
<p>				  (1,590)    4,085   (2,776)   14,147</p>
<p> Net earnings (loss)	(2,503)    6,525   (4,368)   22,264</p>
<p>Average common and common</p>
<p>equivalent shares outstanding</p>
<p>				   28,295   28,970    28,269   31,122</p>
<p>Net earnings (loss)</p>
<p>  common equivalent share  (0.09)     0.23    (0.15)     0.72</p>
<p>		     CONDENSED CONSOLIDATED BALANCE SHEETS</p>
<p>			  (Unaudited)</p>
<p>				     (in thousands)</p>
<p>								 Jun	Sep</p>
<p>								30,	30,</p>
<p>								1997     1996</p>
<p>ASSETS</p>
<p>Current assets:</p>
<p>   Cash and cash equivalents		     $44,956  $54,720</p>
<p>   Marketable securities			     3,899    5,300</p>
<p>   Receivables, principally traffic	     51,123   41,105</p>
<p>   Expendable parts and supplies, net	   29,325   26,956</p>
<p>   Prepaid expenses and other current assets  10,454    6,394</p>
<p>   Total current assets			    139,757  134,475</p>
<p> Property and equipment, net		     459,089  446,727</p>
<p> Lease and equipment deposits		     10,901   10,889</p>
<p> Intangibles, net				     49,663   53,538</p>
<p> Other assets					   22,505   27,316</p>
<p>    Total assets				     681,915  672,945</p>
<p>LIABILITIES AND STOCKHOLDERS' EQUITY</p>
<p>Current liabilities:</p>
<p>Current portion of long-term</p>
<p>    debt and capital leases			 17,013   17,127</p>
<p>   Accounts payable				   19,219   13,811</p>
<p>   Income taxes payable				   --    3,708</p>
<p>   Air traffic liability			     4,326    4,789</p>
<p>   Other accrued expenses			   18,313   24,180</p>
<p>     Total current liabilities		    58,871   63,615</p>
<p>Long-term debt and capital leases,</p>
<p>   excluding current portion		     357,024  338,278</p>
<p> Deferred credits and accrued liabilities     22,673   23,992</p>
<p> Deferred income taxes				22,253   22,394</p>
<p>Stockholder's equity:</p>
<p>Preferred stock of no par value, shares</p>
<p>   authorized; no shares issued and outstanding   --	 --</p>
<p>Common stock of no par value, 75,000,000</p>
<p>shares authorized; 28,294,584 in 1997</p>
<p>   and 28,243,385 in 1996			  101,347  100,876</p>
<p>   Retained earnings				 116,916  121,283</p>
<p>Unrealized gain on marketable securities, net</p>
<p>							     2,831    2,507</p>
<p>     Total stockholders' equity		  221,094  224,666</p>
<p>Total liabilities and stockholders' equity  681,915  672,945</p>
</text>
<copyright>(c) Reuters Limited 1997</copyright>
<metadata>
<codes class="bip:countries:1.0">
  <code code="USA">
    <editdetail attribution="Reuters BIP Coding Group" action="confirmed" date="1997-08-19"/>
  </code>
</codes>
<codes class="bip:industries:1.0">
  <code code="I75000">
    <editdetail attribution="Reuters BIP Coding Group" action="confirmed" date="1997-08-19"/>
  </code>
</codes>
<codes class="bip:topics:1.0">
  <code code="C15">
    <editdetail attribution="Reuters BIP Coding Group" action="confirmed" date="1997-08-19"/>
  </code>
  <code code="C151">
    <editdetail attribution="Reuters BIP Coding Group" action="confirmed" date="1997-08-19"/>
  </code>
  <code code="CCAT">
    <editdetail attribution="Reuters BIP Coding Group" action="confirmed" date="1997-08-19"/>
  </code>
</codes>
<dc element="dc.date.created" value="1997-08-19"/>
<dc element="dc.publisher" value="Reuters Holdings Plc"/>
<dc element="dc.date.published" value="1997-08-19"/>
<dc element="dc.source" value="Reuters"/>
<dc element="dc.creator.location" value="FARMINGTON, N.M."/>
<dc element="dc.creator.location.country.name" value="USA"/>
<dc element="dc.source" value="Reuters"/>
</metadata>
</newsitem>
