<?xml version="1.0" encoding="iso-8859-1" ?>
<newsitem itemid="807610" id="root" date="1997-08-19" xml:lang="en">
<title>USA: Man kills four in New Hampshire shooting spree.</title>
<headline>Man kills four in New Hampshire shooting spree.</headline>
<dateline>CONCORD, N.H. 1997-08-19</dateline>
<text>
<p>A man killed two state troopers, a judge and newspaper editor in the tiny New Hampshire town of Colebrook on Tuesday before fleeing into remote woods in neighboring Vermont, police said.</p>
<p>Police from two states were scouring the dense forest on foot and by helicopter for the man, described as &quot;deranged and dangerous&quot;, after he escaped down logging trails in a police car and then fled on foot.</p>
<p>New Hampshire State Police identified the suspected killer as Carl Draga, 67, from Columbia, N.H. Residents in Colebrook, 20 miles (30 km) from the Canadian border, described Draga as militant and anti-government.</p>
<p>The shooting spree began when the man entered a local grocery store and killed two state troopers. He took their patrol car and drove to the local newspaper office.</p>
<p>&quot;A man who everybody knows locally to be deranged and dangerous ... apparently caused some sort of commotion at LaPerle's (grocery store), shot two state troopers took their cruiser and went into town,&quot; News and Sentinel publisher John Harrigan said.</p>
<p>The gunman then killed lawyer Vickie Bunnell, who also served as an associate judge. Bunnell's office is in the same building as the newspaper, whose editor Dennis Jois died some hours after being shot, Harrigan told New Hampshire Public Radio.</p>
<p>A motive for the shootings remained unclear.</p>
<p>Colebrook is a community of 1,100 people located along the Connecticut river on the New Hampshire-Vermont border about 20 miles (30 km) south of Quebec.</p>
<p>New Hampshire police chased the suspect into Vermont's remote Northeast Kingdom region and Vermont state police said they were helping search for the man.</p>
<p>New Hampshire State Police Major David McCarthey told reporters the suspect abandoned the patrol car and continued on foot in a &quot;very rural area.&quot;</p>
</text>
<copyright>(c) Reuters Limited 1997</copyright>
<metadata>
<codes class="bip:countries:1.0">
  <code code="USA">
    <editdetail attribution="Reuters BIP Coding Group" action="confirmed" date="1997-08-19"/>
  </code>
</codes>
<codes class="bip:topics:1.0">
  <code code="GCAT">
    <editdetail attribution="Reuters BIP Coding Group" action="confirmed" date="1997-08-19"/>
  </code>
  <code code="GCRIM">
    <editdetail attribution="Reuters BIP Coding Group" action="confirmed" date="1997-08-19"/>
  </code>
</codes>
<dc element="dc.date.created" value="1997-08-19"/>
<dc element="dc.publisher" value="Reuters Holdings Plc"/>
<dc element="dc.date.published" value="1997-08-19"/>
<dc element="dc.source" value="Reuters"/>
<dc element="dc.creator.location" value="CONCORD, N.H."/>
<dc element="dc.creator.location.country.name" value="USA"/>
<dc element="dc.source" value="Reuters"/>
</metadata>
</newsitem>
