<?xml version="1.0" encoding="iso-8859-1" ?>
<newsitem itemid="807683" id="root" date="1997-08-19" xml:lang="en">
<title>USA: TABLE - Entertainment Technologies Q2 net.</title>
<headline>TABLE - Entertainment Technologies Q2 net.</headline>
<dateline>HOUSTON 1997-08-19</dateline>
<text>
<p>1997			1996</p>
<p> Shr profit		   NIL     loss	 $0.01</p>
<p> Net profit		   $41     loss	   138</p>
<p> Revs			 1,339		    1,819</p>
<p> Avg shrs		  21,991		   20,220</p>
<p>	   6 MONTHS</p>
<p> Shr profit		   NIL     loss	 $0.01</p>
<p> Net profit		    67     loss	   240</p>
<p> Revs			 2,917		    3,622</p>
<p> Avg shrs		  21,991		   20,220</p>
<p>(All data above 000s except per share numbers)</p>
</text>
<copyright>(c) Reuters Limited 1997</copyright>
<metadata>
<codes class="bip:countries:1.0">
  <code code="USA">
    <editdetail attribution="Reuters BIP Coding Group" action="confirmed" date="1997-08-19"/>
  </code>
</codes>
<codes class="bip:industries:1.0">
  <code code="I97912">
    <editdetail attribution="Reuters BIP Coding Group" action="confirmed" date="1997-08-19"/>
  </code>
</codes>
<codes class="bip:topics:1.0">
  <code code="C15">
    <editdetail attribution="Reuters BIP Coding Group" action="confirmed" date="1997-08-19"/>
  </code>
  <code code="C151">
    <editdetail attribution="Reuters BIP Coding Group" action="confirmed" date="1997-08-19"/>
  </code>
  <code code="CCAT">
    <editdetail attribution="Reuters BIP Coding Group" action="confirmed" date="1997-08-19"/>
  </code>
</codes>
<dc element="dc.date.created" value="1997-08-19"/>
<dc element="dc.publisher" value="Reuters Holdings Plc"/>
<dc element="dc.date.published" value="1997-08-19"/>
<dc element="dc.source" value="Reuters"/>
<dc element="dc.creator.location" value="HOUSTON"/>
<dc element="dc.creator.location.country.name" value="USA"/>
<dc element="dc.source" value="Reuters"/>
</metadata>
</newsitem>
