<?xml version="1.0" encoding="iso-8859-1" ?>
<newsitem itemid="807709" id="root" date="1997-08-19" xml:lang="en">
<title>USA: SEC bars Osborne from securities industry.</title>
<headline>SEC bars Osborne from securities industry.</headline>
<dateline>WASHINGTON 1997-08-19</dateline>
<text>
<p>The U.S. Securities and Exchange Commission said Tuesday Douglas Osborne, a California ostrich farmer, has been barred from doing business in the securities industry.</p>
<p>&quot;The record establishes beyond a reasonable doubt that Mr. Osborne cannot be trusted, and that he has no regard for statutes and legal norms,&quot; wrote Chief Administrative Law Judge Brenda Murray in her August 18 decision and order.</p>
<p>The administrative law judge's decision comes three years after a federal judge ordered Osborne and his firm to pay more than $200,000 on the SEC's charges relating to the telemarketing and sale of shares in Consolidated Energy Systems Inc, a penny stock company his firm controlled.</p>
<p>The SEC in its civil suit alleged Osborne failed to tell investors that his firm controlled the company and that they were being charged excessive mark-ups ranging from 11 percent to 167 percent of his firm's costs.</p>
<p>In 1992, the Federal Trade Commission filed similar charges against Osborne, relating to his telemarketing activities.</p>
<p>Several states and the National Association of Securities Dealers have also penalized Osborne and his firm.</p>
<p>Osborne could not be reached for comment.</p>
</text>
<copyright>(c) Reuters Limited 1997</copyright>
<metadata>
<codes class="bip:countries:1.0">
  <code code="USA">
    <editdetail attribution="Reuters BIP Coding Group" action="confirmed" date="1997-08-19"/>
  </code>
</codes>
<codes class="bip:industries:1.0">
  <code code="I83100">
    <editdetail attribution="Reuters BIP Coding Group" action="confirmed" date="1997-08-19"/>
  </code>
</codes>
<codes class="bip:topics:1.0">
  <code code="C13">
    <editdetail attribution="Reuters BIP Coding Group" action="confirmed" date="1997-08-19"/>
  </code>
  <code code="CCAT">
    <editdetail attribution="Reuters BIP Coding Group" action="confirmed" date="1997-08-19"/>
  </code>
  <code code="MCAT">
    <editdetail attribution="Reuters BIP Coding Group" action="confirmed" date="1997-08-19"/>
  </code>
</codes>
<dc element="dc.date.created" value="1997-08-19"/>
<dc element="dc.publisher" value="Reuters Holdings Plc"/>
<dc element="dc.date.published" value="1997-08-19"/>
<dc element="dc.source" value="Reuters"/>
<dc element="dc.creator.location" value="WASHINGTON"/>
<dc element="dc.creator.location.country.name" value="USA"/>
<dc element="dc.source" value="Reuters"/>
</metadata>
</newsitem>
