<?xml version="1.0" encoding="iso-8859-1" ?>
<newsitem itemid="807745" id="root" date="1997-08-19" xml:lang="en">
<title>USA: DuPont Photomasks makes $18 mln investment.</title>
<headline>DuPont Photomasks makes $18 mln investment.</headline>
<dateline>ROUND ROCK, Texas 1997-08-19</dateline>
<text>
<p>DuPont Photomasks Inc said on Tuesday it had invested more than $18 million in equipment as part of an expansion program to meet international customer demand for photomasks.</p>
<p>Among the new equipment, DPI said it was installing a writing tool on a new production line at its Ichon, Korea, facility and an electron beam pattern generation system in the United States.</p>
<p>&quot;Production capacity will also expand in Europe, where DPI's Hamburg, Germany, facility will receive a CORE 2500 writing tool that was formerly intalled in the Ichon plant,&quot; the company said in a statement.</p>
<p>Photomasks, used in semiconductor manufacturing, pattern precision microscopic images of integrated circuits onto silicon wafers.</p>
</text>
<copyright>(c) Reuters Limited 1997</copyright>
<metadata>
<codes class="bip:countries:1.0">
  <code code="GFR">
    <editdetail attribution="Reuters BIP Coding Group" action="confirmed" date="1997-08-19"/>
  </code>
  <code code="SKOREA">
    <editdetail attribution="Reuters BIP Coding Group" action="confirmed" date="1997-08-19"/>
  </code>
  <code code="USA">
    <editdetail attribution="Reuters BIP Coding Group" action="confirmed" date="1997-08-19"/>
  </code>
</codes>
<codes class="bip:industries:1.0">
  <code code="I34531">
    <editdetail attribution="Reuters BIP Coding Group" action="confirmed" date="1997-08-19"/>
  </code>
</codes>
<codes class="bip:topics:1.0">
  <code code="C11">
    <editdetail attribution="Reuters BIP Coding Group" action="confirmed" date="1997-08-19"/>
  </code>
  <code code="C24">
    <editdetail attribution="Reuters BIP Coding Group" action="confirmed" date="1997-08-19"/>
  </code>
  <code code="CCAT">
    <editdetail attribution="Reuters BIP Coding Group" action="confirmed" date="1997-08-19"/>
  </code>
</codes>
<dc element="dc.date.created" value="1997-08-19"/>
<dc element="dc.publisher" value="Reuters Holdings Plc"/>
<dc element="dc.date.published" value="1997-08-19"/>
<dc element="dc.source" value="Reuters"/>
<dc element="dc.creator.location" value="ROUND ROCK, Texas"/>
<dc element="dc.creator.location.country.name" value="USA"/>
<dc element="dc.source" value="Reuters"/>
</metadata>
</newsitem>
