<?xml version="1.0" encoding="iso-8859-1" ?>
<newsitem itemid="807746" id="root" date="1997-08-19" xml:lang="en">
<title>USA: Eastern Environmental in two acquisitions.</title>
<headline>Eastern Environmental in two acquisitions.</headline>
<dateline>MT. LAUREL, N.J. 1997-08-19</dateline>
<text>
<p>Eastern Environmental Services Inc said Tuesday that it has acquired the Oak Avenue Inc landfill in Perryville, Md.</p>
<p>Terms of the acquisitions were not disclosed.</p>
<p>The company said that the landfill has about nine million cubic yards of existing gate capacity  and is projected to have revenues of about $6 million annually.</p>
<p>Eastern also announced that it has completed the acquisition of Waste X, a collection company in Miami which provides collection services to commercial and residential customers in Miami and Fort Lauderdale, Fla. It also has annual revenues of about $6 million.</p>
<p>Eastern Environmental is a non-hazardous solid waste management company.</p>
</text>
<copyright>(c) Reuters Limited 1997</copyright>
<metadata>
<codes class="bip:countries:1.0">
  <code code="USA">
    <editdetail attribution="Reuters BIP Coding Group" action="confirmed" date="1997-08-19"/>
  </code>
</codes>
<codes class="bip:industries:1.0">
  <code code="I92110">
    <editdetail attribution="Reuters BIP Coding Group" action="confirmed" date="1997-08-19"/>
  </code>
</codes>
<codes class="bip:topics:1.0">
  <code code="C18">
    <editdetail attribution="Reuters BIP Coding Group" action="confirmed" date="1997-08-19"/>
  </code>
  <code code="C181">
    <editdetail attribution="Reuters BIP Coding Group" action="confirmed" date="1997-08-19"/>
  </code>
  <code code="CCAT">
    <editdetail attribution="Reuters BIP Coding Group" action="confirmed" date="1997-08-19"/>
  </code>
</codes>
<dc element="dc.date.created" value="1997-08-19"/>
<dc element="dc.publisher" value="Reuters Holdings Plc"/>
<dc element="dc.date.published" value="1997-08-19"/>
<dc element="dc.source" value="Reuters"/>
<dc element="dc.creator.location" value="MT. LAUREL, N.J."/>
<dc element="dc.creator.location.country.name" value="USA"/>
<dc element="dc.source" value="Reuters"/>
</metadata>
</newsitem>
