<?xml version="1.0" encoding="iso-8859-1" ?>
<newsitem itemid="807778" id="root" date="1997-08-19" xml:lang="en">
<title>COSTA RICA: SOCCER-COSTA RICA APPOINT NEW COACH.</title>
<headline>SOCCER-COSTA RICA APPOINT NEW COACH.</headline>
<dateline>SAN JOSE 1997-08-19</dateline>
<text>
<p>Costa Rica named Spaniard Juan Luis Hernandez as their new national soccer coach on Tuesday.</p>
<p>Hernandez, currently in charge of first division Cartagines, became the team's third coach this year following the dismissal of Argentina's Horacio Cordero.</p>
<p>Cordero was sacked last Thursday in the wake of a 0-0 home draw with El Salvador in a World Cup qualifier.</p>
<p>Brazil's Valdeir Vieira, who guided the team to the final stage of the CONCACAF qualifying tournament, was dismissed in January when he refused to drop a claim for unpaid wages against a local club he previously coached.</p>
<p>Hernandez blamed indiscipline for a disappointing sequence of recent results and promised to impose tougher rules on the squad.</p>
<p>Costa Rica, who reached the last 16 on their only World Cup finals appearance in 1990, are second in the final stage qualifying competition with eight points from six matches, but three of their last four games are away.</p>
<p>The top three teams in the group, which also includes Mexico, United States, Canada, El Salvador and Jamaica, will go to France. Mexico lead with 11 points from five matches, while only three points separate the other five teams.</p>
</text>
<copyright>(c) Reuters Limited 1997</copyright>
<metadata>
<codes class="bip:countries:1.0">
  <code code="ARG">
    <editdetail attribution="Reuters BIP Coding Group" action="confirmed" date="1997-08-19"/>
  </code>
  <code code="COSR">
    <editdetail attribution="Reuters BIP Coding Group" action="confirmed" date="1997-08-19"/>
  </code>
  <code code="SPAIN">
    <editdetail attribution="Reuters BIP Coding Group" action="confirmed" date="1997-08-19"/>
  </code>
</codes>
<codes class="bip:topics:1.0">
  <code code="GCAT">
    <editdetail attribution="Reuters BIP Coding Group" action="confirmed" date="1997-08-19"/>
  </code>
  <code code="GSPO">
    <editdetail attribution="Reuters BIP Coding Group" action="confirmed" date="1997-08-19"/>
  </code>
</codes>
<dc element="dc.date.created" value="1997-08-19"/>
<dc element="dc.publisher" value="Reuters Holdings Plc"/>
<dc element="dc.date.published" value="1997-08-19"/>
<dc element="dc.source" value="Reuters"/>
<dc element="dc.creator.location" value="SAN JOSE"/>
<dc element="dc.creator.location.country.name" value="COSTA RICA"/>
<dc element="dc.source" value="Reuters"/>
</metadata>
</newsitem>
