<?xml version="1.0" encoding="iso-8859-1" ?>
<newsitem itemid="807795" id="root" date="1997-08-19" xml:lang="en">
<title>HUNGARY: SOCCER-HUNGARY'S UJPEST SACK COACH.</title>
<headline>SOCCER-HUNGARY'S UJPEST SACK COACH.</headline>
<dateline>BUDAPEST 1997-08-19</dateline>
<text>
<p>Hungarian club Ujpest dismissed coach Laszlo Nagy on Tuesday just four games into the new season.</p>
<p>The decision follows a public row between Nagy and the club's main financial backer Sandor Solyom, who withdrew his support last week after directors refused to back an earlier decision to sack Nagy.</p>
<p>&quot;I stood by the coach and the team, but such a situation developed that we had to act,&quot; Ujpest president Bence Szabo said. &quot;Nagy's statements to the press were dangerous to the club,&quot;</p>
<p>Szabo said that following Nagy's departure Solyom had withdrawn his resignation.</p>
<p>He said assistant coach Peter Varhidi would take temporary charge for the UEFA Cup preliminary round, second leg against Aarhus of Denmark next Tuesday.</p>
<p>The club has asked former Hungarian international Laszlo Fazekas to take charge from September.</p>
<p>Fazekas is Hungary's second highest capped player, with 92 appearances. He was part of the successful Ujpest Dozsa side of the 1970s before moving to RFC Antwerp in Belgium, where he later became coach.</p>
</text>
<copyright>(c) Reuters Limited 1997</copyright>
<metadata>
<codes class="bip:countries:1.0">
  <code code="HUNG">
    <editdetail attribution="Reuters BIP Coding Group" action="confirmed" date="1997-08-19"/>
  </code>
</codes>
<codes class="bip:topics:1.0">
  <code code="GCAT">
    <editdetail attribution="Reuters BIP Coding Group" action="confirmed" date="1997-08-19"/>
  </code>
  <code code="GSPO">
    <editdetail attribution="Reuters BIP Coding Group" action="confirmed" date="1997-08-19"/>
  </code>
</codes>
<dc element="dc.date.created" value="1997-08-19"/>
<dc element="dc.publisher" value="Reuters Holdings Plc"/>
<dc element="dc.date.published" value="1997-08-19"/>
<dc element="dc.source" value="Reuters"/>
<dc element="dc.creator.location" value="BUDAPEST"/>
<dc element="dc.creator.location.country.name" value="HUNGARY"/>
<dc element="dc.source" value="Reuters"/>
</metadata>
</newsitem>
