<?xml version="1.0" encoding="iso-8859-1" ?>
<newsitem itemid="807779" id="root" date="1997-08-19" xml:lang="en">
<title>UK: HORSE RACING-SINGSPIEL WINS INTERNATIONAL STAKES.</title>
<headline>HORSE RACING-SINGSPIEL WINS INTERNATIONAL STAKES.</headline>
<dateline>YORK, England 1997-08-19</dateline>
<text>
<p>Japan and World Cup winner Singspiel lifted another major title on Tuesday, winning the International Stakes which carried a first prize of $330,000.</p>
<p>Jockey Frankie Dettori sent Singspiel into the lead with three furlongs (600 metres) to go and held on readily by one and a half lengths from Irish Derby winner Desert King, the mount of Mick Kinane.</p>
<p>Third place a length and a half further back was Epsom Derby winner Benny The Dip, ridden by Willie Ryan with Europe's top filly Bosra Sham, partnered by Pat Eddery trailing in a disappointing fourth and last.</p>
<p>Bosra Sham had been sent off at 4-5 favourite but flopped for the second race in succession.</p>
<p>Singspiel had finished only fourth last time out in a big race at Ascot and was allowed by backers to start on Tuesday at the remarkably generous price of 4-1. The five-year-old colt bounced back to his very best form and will now head for the Breeders' Cup later in the year, having run his final race in Europe.</p>
<p>Winning trainer Michael Stoute said: &quot;He was always travelling so well. We didn't have an anxious moment. It was a superbly professional display.&quot;</p>
<p>A delighted Dettori, who produced his usual flying dismount in the paddock after another big race victory declared: &quot;He's the best I've ever ridden.&quot;</p>
<p>A disappointed Henry Cecil, trainer of Bosra Sham, said: &quot;She lost a shoe. I just hope that's the reason.&quot;</p>
<p>Cecil, who replaced Bosra Sham's stable jockey Kieren Fallon after their defeat in the Eclipse Stakes at Sandown Park last month, stuck by his earlier assertion that the filly was the best he had ever trained.</p>
<p>&quot;That wasn't her,&quot; he said. &quot;I'm sure there will be another day.&quot;</p>
<p>Benny The Dip, the 9-2 third favourite, made all the early running but had nothing left to offer when Singspiel took command and it was Irish raider Desert King (6-1) who produced the strongest challenge in the final 200 metres without ever really threatening the winner.</p>
</text>
<copyright>(c) Reuters Limited 1997</copyright>
<metadata>
<codes class="bip:countries:1.0">
  <code code="UK">
    <editdetail attribution="Reuters BIP Coding Group" action="confirmed" date="1997-08-19"/>
  </code>
</codes>
<codes class="bip:topics:1.0">
  <code code="GCAT">
    <editdetail attribution="Reuters BIP Coding Group" action="confirmed" date="1997-08-19"/>
  </code>
  <code code="GSPO">
    <editdetail attribution="Reuters BIP Coding Group" action="confirmed" date="1997-08-19"/>
  </code>
</codes>
<dc element="dc.date.created" value="1997-08-19"/>
<dc element="dc.publisher" value="Reuters Holdings Plc"/>
<dc element="dc.date.published" value="1997-08-19"/>
<dc element="dc.source" value="Reuters"/>
<dc element="dc.creator.location" value="YORK, England"/>
<dc element="dc.creator.location.country.name" value="UK"/>
<dc element="dc.source" value="Reuters"/>
</metadata>
</newsitem>
