<?xml version="1.0" encoding="iso-8859-1" ?>
<newsitem itemid="807724" id="root" date="1997-08-19" xml:lang="en">
<title>USA: TABLE - InterUnion Q1 March 31 net.</title>
<headline>TABLE - InterUnion Q1 March 31 net.</headline>
<dateline>PALM BEACH, Fla. 1997-08-19</dateline>
<text>
<p>Financial Highlights</p>
<p>		   1st Q FY 98  1st Q FY 97     FY 97	 FY 96</p>
<p>		  ------------  -----------     -----	 -----</p>
<p>Revenue	  1,472,991   1,458,234    5,712,183   5,817,195</p>
<p>Income from continuing</p>
<p>  operations	98,101	57,848	160,676     (75,378)</p>
<p>Discontinued</p>
<p> operations	    691     (35,812)    (390,829)   (429,248)</p>
<p>Net (Loss)	  98,792	22,136     (230,153)   (504,626)</p>
<p>Assets	  10,062,840   5,864,037   38,820,507   9,364,007</p>
<p>Shareholders'</p>
<p> Equity	  5,617,256   3,055,984    3,639,337   3,033,848</p>
<p>Working</p>
<p> Capital	 2,146,000     652,895    1,750,889     928,268</p>
<p>Book Value</p>
<p> Per Share	    4.48	  4.41	   3.75	  4.38</p>
<p>Common Shares</p>
<p>  Outstanding  1,255,250     692,572	969,714     692,558</p>
</text>
<copyright>(c) Reuters Limited 1997</copyright>
<metadata>
<codes class="bip:countries:1.0">
  <code code="USA">
    <editdetail attribution="Reuters BIP Coding Group" action="confirmed" date="1997-08-19"/>
  </code>
</codes>
<codes class="bip:industries:1.0">
  <code code="I81502">
    <editdetail attribution="Reuters BIP Coding Group" action="confirmed" date="1997-08-19"/>
  </code>
</codes>
<codes class="bip:topics:1.0">
  <code code="C15">
    <editdetail attribution="Reuters BIP Coding Group" action="confirmed" date="1997-08-19"/>
  </code>
  <code code="C151">
    <editdetail attribution="Reuters BIP Coding Group" action="confirmed" date="1997-08-19"/>
  </code>
  <code code="CCAT">
    <editdetail attribution="Reuters BIP Coding Group" action="confirmed" date="1997-08-19"/>
  </code>
</codes>
<dc element="dc.date.created" value="1997-08-19"/>
<dc element="dc.publisher" value="Reuters Holdings Plc"/>
<dc element="dc.date.published" value="1997-08-19"/>
<dc element="dc.source" value="Reuters"/>
<dc element="dc.creator.location" value="PALM BEACH, Fla."/>
<dc element="dc.creator.location.country.name" value="USA"/>
<dc element="dc.source" value="Reuters"/>
</metadata>
</newsitem>
