<?xml version="1.0" encoding="iso-8859-1" ?>
<newsitem itemid="807872" id="root" date="1997-08-19" xml:lang="en">
<title>ESTONIA: NOON RADIO HEADLINES-AUG 19.</title>
<headline>NOON RADIO HEADLINES-AUG 19.</headline>
<dateline>TALLINN 1997-08-19</dateline>
<text>
<p>These were the headlines on Kuku Radio at noon. Reuters has not verified these reports and does not vouch for their accuracy.</p>
<p>- Defence Minister Andrus Oovel insists that army officers have a higher civilian education.</p>
<p>-- Tallinn newsroom, +372 620 9201, reuters@reuters.ee</p>
</text>
<copyright>(c) Reuters Limited 1997</copyright>
<metadata>
<codes class="bip:countries:1.0">
  <code code="ESTNIA">
    <editdetail attribution="Reuters BIP Coding Group" action="confirmed" date="1997-08-19"/>
  </code>
</codes>
<codes class="bip:topics:1.0">
  <code code="GCAT">
    <editdetail attribution="Reuters BIP Coding Group" action="confirmed" date="1997-08-19"/>
  </code>
</codes>
<dc element="dc.date.created" value="1997-08-19"/>
<dc element="dc.publisher" value="Reuters Holdings Plc"/>
<dc element="dc.date.published" value="1997-08-19"/>
<dc element="dc.source" value="Reuters"/>
<dc element="dc.creator.location" value="TALLINN"/>
<dc element="dc.creator.location.country.name" value="ESTONIA"/>
<dc element="dc.source" value="Reuters"/>
</metadata>
</newsitem>
