<?xml version="1.0" encoding="iso-8859-1" ?>
<newsitem itemid="807869" id="root" date="1997-08-19" xml:lang="en">
<title>HUNGARY: HUNGARY NOON RADIO HEADLINES - AUG 19.</title>
<headline>HUNGARY NOON RADIO HEADLINES - AUG 19.</headline>
<dateline>BUDAPEST 1997-08-19</dateline>
<text>
<p>These are the main headlines on Hungary's Kossuth Radio midday news. Reuters cannot vouch for their accuracy:</p>
<p>- A 30 millimetre helicopter machine-gun bullet, found in a laystall near the Kaposvar NATO base, was lost by the American army.</p>
<p>- The junior ruling coalition member Free Democrats said it was already part of the election capmpaign that four opposition parties began to collect signatures to support a referendum on the new law on land, which the opposition parties said should not allow foreigners to buy Hungarian land.</p>
<p>- A Hungarian-born U.S. businessman plans to set up a Christian-spirit television channel in Hungary.</p>
<p>-- Budapest newsroom +36 1 327 4040</p>
</text>
<copyright>(c) Reuters Limited 1997</copyright>
<metadata>
<codes class="bip:countries:1.0">
  <code code="HUNG">
    <editdetail attribution="Reuters BIP Coding Group" action="confirmed" date="1997-08-19"/>
  </code>
</codes>
<codes class="bip:topics:1.0">
  <code code="GCAT">
    <editdetail attribution="Reuters BIP Coding Group" action="confirmed" date="1997-08-19"/>
  </code>
</codes>
<dc element="dc.date.created" value="1997-08-19"/>
<dc element="dc.publisher" value="Reuters Holdings Plc"/>
<dc element="dc.date.published" value="1997-08-19"/>
<dc element="dc.source" value="Reuters"/>
<dc element="dc.creator.location" value="BUDAPEST"/>
<dc element="dc.creator.location.country.name" value="HUNGARY"/>
<dc element="dc.source" value="Reuters"/>
</metadata>
</newsitem>
