<?xml version="1.0" encoding="iso-8859-1" ?>
<newsitem itemid="807840" id="root" date="1997-08-19" xml:lang="en">
<title>NETHERLANDS: DUTCH SOCCER FANS ON TRIAL AFTER AJAX KILLING.</title>
<headline>DUTCH SOCCER FANS ON TRIAL AFTER AJAX KILLING.</headline>
<dateline>HAARLEM, Netherlands 1997-08-19</dateline>
<text>
<p>A group of Feyenoord Rotterdam soccer fans appeared before a Dutch court on Tuesday, charged with taking part in the fatal beating of a rival supporter.</p>
<p>A spokeswoman at the heavily guarded court in Haarlem, 15 miles west of Amsterdam, said the trial of the 14 young men would last at least a week.</p>
<p>Carlo Picornie, a hardcore Ajax Amsterdam fan and known ringleader, was clubbed to death in March in a pre-arranged clash between two rival soccer gangs on wasteland outside Amsterdam.</p>
<p>Police said the showdown involved hundreds of armed fans. Eyewitnesses likened the scene near a busy motorway to a seal cull.</p>
<p>The spokeswoman said the prosecution had so far asked the court to hand down a five-year prison sentence to a 20-year-old Rotterdam man, accused of direct involvement in 35-year-old Picornie's death.</p>
<p>It has called for lesser sentences for two other defendants.</p>
<p>The rivalry between Rotterdam-based Feyenoord and Ajax Amsterdam reflects a deep cultural divide between the Netherlands' two biggest cities.</p>
<p>Dutch government ministers were swift to condemn the incident. In an attempt to combat soccer violence, clubs are considering introducing supporter identity cards next season.</p>
</text>
<copyright>(c) Reuters Limited 1997</copyright>
<metadata>
<codes class="bip:countries:1.0">
  <code code="NETH">
    <editdetail attribution="Reuters BIP Coding Group" action="confirmed" date="1997-08-19"/>
  </code>
</codes>
<codes class="bip:topics:1.0">
  <code code="GCAT">
    <editdetail attribution="Reuters BIP Coding Group" action="confirmed" date="1997-08-19"/>
  </code>
  <code code="GSPO">
    <editdetail attribution="Reuters BIP Coding Group" action="confirmed" date="1997-08-19"/>
  </code>
</codes>
<dc element="dc.date.created" value="1997-08-19"/>
<dc element="dc.publisher" value="Reuters Holdings Plc"/>
<dc element="dc.date.published" value="1997-08-19"/>
<dc element="dc.source" value="Reuters"/>
<dc element="dc.creator.location" value="HAARLEM, Netherlands"/>
<dc element="dc.creator.location.country.name" value="NETHERLANDS"/>
<dc element="dc.source" value="Reuters"/>
</metadata>
</newsitem>
