<?xml version="1.0" encoding="iso-8859-1" ?>
<newsitem itemid="807887" id="root" date="1997-08-19" xml:lang="en">
<title>ESTONIA: ESTONIA-BALTIKA STARTS NEGOTIATIONS WITH ELINA.</title>
<headline>ESTONIA-BALTIKA STARTS NEGOTIATIONS WITH ELINA.</headline>
<dateline>TALLINN 1997-08-19</dateline>
<text>
<p>Balitka , a clothing manufacturer and retailer, said on Tuesday that it had started negotiations for a controlling stake in Elina, Estonia's largest women's clothing producer.</p>
<p>Baltika said in a statement that its investment aim was to improve Elina's productivity and increase its sales volume.</p>
<p>Elina's 1997 sales forecast is 25 million kroons and its profit forecast is one million kroons.</p>
<p>--Tallinn newsroom +372 620 9201/2 reuters@reuters.ee</p>
</text>
<copyright>(c) Reuters Limited 1997</copyright>
<metadata>
<codes class="bip:countries:1.0">
  <code code="ESTNIA">
    <editdetail attribution="Reuters BIP Coding Group" action="confirmed" date="1997-08-19"/>
  </code>
</codes>
<codes class="bip:industries:1.0">
  <code code="I45300">
    <editdetail attribution="Reuters BIP Coding Group" action="confirmed" date="1997-08-19"/>
  </code>
</codes>
<codes class="bip:topics:1.0">
  <code code="C18">
    <editdetail attribution="Reuters BIP Coding Group" action="confirmed" date="1997-08-19"/>
  </code>
  <code code="C181">
    <editdetail attribution="Reuters BIP Coding Group" action="confirmed" date="1997-08-19"/>
  </code>
  <code code="CCAT">
    <editdetail attribution="Reuters BIP Coding Group" action="confirmed" date="1997-08-19"/>
  </code>
</codes>
<dc element="dc.date.created" value="1997-08-19"/>
<dc element="dc.publisher" value="Reuters Holdings Plc"/>
<dc element="dc.date.published" value="1997-08-19"/>
<dc element="dc.source" value="Reuters"/>
<dc element="dc.creator.location" value="TALLINN"/>
<dc element="dc.creator.location.country.name" value="ESTONIA"/>
<dc element="dc.source" value="Reuters"/>
</metadata>
</newsitem>
