<?xml version="1.0" encoding="iso-8859-1" ?>
<newsitem itemid="807886" id="root" date="1997-08-19" xml:lang="en">
<title>POLAND: APPROVAL OF POLAND'S PM SINKS AFTER FLOOD -POLL.</title>
<headline>APPROVAL OF POLAND'S PM SINKS AFTER FLOOD -POLL.</headline>
<dateline>WARSAW 1997-08-19</dateline>
<text>
<p>Approval ratings of Polish Prime Minister Wlodzimierz Cimoszewicz sunk four points to 36 percent in August an opinion poll released on Tuesday showed.</p>
<p>A survey commissioned by the Rzeczpospolita newspaper from the private PBS institute showed 48 percent of those polled dissatisfied with Cimoszewicz's performance, six points more than in the previous poll in July.</p>
<p>PBS said that in July Cimoszewicz saw his critics outnumbering those who approved his performance for the first time since taking office in February 1996 and his popularity took a further dive in the August 9-10 poll.</p>
<p>PBS deputy head Ryszard Pienkowski told Reuters the popularity of Cimoszewicz was harmed by last month's catastrophic floods and criticism of the governent's handling of the relief operations.</p>
<p>&quot;Without doubt it was the flood that made the prime minister's popularity fall as well as a public debate over the government operations and the prime minister's own comments in the media,&quot; Pienkowski said.</p>
<p>A PBS pre-election poll released on Monday showed the SLD support falling one point to 25 percent and the grouping slipping behind the opposition Solidarity Election Action (AWS) alliance which gained three points to 28 percent.</p>
<p>But Pienkowski said growing criticism of the performance of Cimoszewicz who also heads the election committee of the ruling Democratic Left Alliance (SLD) would have a limited impact on the SLD's chances in September 21 parliamentary elections.</p>
<p>&quot;I would be very cautious to say whether his (Cimoszewicz's) current standing might affect SLD's chances in the coming election,&quot; Pienkowski said.</p>
<p>&quot;The popularity of Cimoszewicz among SLD's electorate has not changed radically and 70 percent of its supporters expressed their approval in August,&quot; he added.</p>
<p>-- Warsaw Newsroom +48 22 653 9700</p>
<p>E-mail: warsaw.newsroom@reuters.com</p>
</text>
<copyright>(c) Reuters Limited 1997</copyright>
<metadata>
<codes class="bip:countries:1.0">
  <code code="POL">
    <editdetail attribution="Reuters BIP Coding Group" action="confirmed" date="1997-08-19"/>
  </code>
</codes>
<codes class="bip:topics:1.0">
  <code code="GCAT">
    <editdetail attribution="Reuters BIP Coding Group" action="confirmed" date="1997-08-19"/>
  </code>
  <code code="GPOL">
    <editdetail attribution="Reuters BIP Coding Group" action="confirmed" date="1997-08-19"/>
  </code>
</codes>
<dc element="dc.date.created" value="1997-08-19"/>
<dc element="dc.publisher" value="Reuters Holdings Plc"/>
<dc element="dc.date.published" value="1997-08-19"/>
<dc element="dc.source" value="Reuters"/>
<dc element="dc.creator.location" value="WARSAW"/>
<dc element="dc.creator.location.country.name" value="POLAND"/>
<dc element="dc.source" value="Reuters"/>
</metadata>
</newsitem>
