<?xml version="1.0" encoding="iso-8859-1" ?>
<newsitem itemid="807801" id="root" date="1997-08-19" xml:lang="en">
<title>ROMANIA: SOCCER-ROMANIA CALL UP DUMITRESCU AGAINST MACEDONIA.</title>
<headline>SOCCER-ROMANIA CALL UP DUMITRESCU AGAINST MACEDONIA.</headline>
<dateline>BUCHAREST 1997-08-19</dateline>
<text>
<p>Romania coach Anghel Iordanescu has called up attacking midfielder Ilie Dumitrescu for Wednesday's World Cup qualifier against Macedonia as he goes all out for the victory that will all but guarantee a place in the 1998 finals.</p>
<p>Romania have the most impressive record in all nine qualifying groups to date, gaining a maximum 18 points by scoring 20 goals and not conceding one. Victory over second-placed Macedonia would leave third-placed Ireland or Lithuania, fourth, needing a miracle to take top spot.</p>
<p>Dumitrescu, now playing for Mexican side Atlante, has not featured since last October's game in Iceland. The 28-year-old was one of Romania's top players in the 1994 World Cup finals but lost form after a move to English side Tottenham.</p>
<p>But he is now back to his attacking best and the absence of three regular midfielders means he is an almost certain starter on Wednesday.</p>
<p>Skipper Gheorghe Hagi and Dorinel Munteanu are both suspended while Ionut Lupescu is refusing to play after being dropped in the last match. Striker Ion Vladoiu is also missing due to injury.</p>
<p>Galatasary midfielder Iulian Filipescu is fighting to overcome an injury and if he does not make it will probably be replaced by Steaua defender Marius Baciu.</p>
<p>Macedonia miss striker Toni Micevskitheir and midfielder Milko Stojkovski, both suspended.</p>
<p>Macedonia coach Djoko Hadjievski, who has called up nine overseas players, said: &quot;The Romanians are a redoubtable team even without Hagi on the field. But we have a chance.&quot;</p>
<p>Probable teams:</p>
<p>Romania: Bogdan Stelea; Dan Petrescu, Anton Dobos, Daniel Prodan, Tibor Selymess, Gheorghe Popescu, Constantin Galca, Ilie Adrian, Iulian Filipescu (or Marius Baciu), Viorel Moldovan, Ilie Dumitrescu.</p>
<p>Macedonia: Sasa Ilic; Igor Sasa Nikolovski, Goce Sedlovski, Ljupco Markovski, Husein Beganovic, Risto Milosavov, Vlatko Gosev, Viktor Trenevski, Srdan Zaharijevski, Georgi Hristov, Artim Sakiri.</p>
</text>
<copyright>(c) Reuters Limited 1997</copyright>
<metadata>
<codes class="bip:countries:1.0">
  <code code="MCDNIA">
    <editdetail attribution="Reuters BIP Coding Group" action="confirmed" date="1997-08-19"/>
  </code>
  <code code="ROM">
    <editdetail attribution="Reuters BIP Coding Group" action="confirmed" date="1997-08-19"/>
  </code>
</codes>
<codes class="bip:topics:1.0">
  <code code="GCAT">
    <editdetail attribution="Reuters BIP Coding Group" action="confirmed" date="1997-08-19"/>
  </code>
  <code code="GSPO">
    <editdetail attribution="Reuters BIP Coding Group" action="confirmed" date="1997-08-19"/>
  </code>
</codes>
<dc element="dc.date.created" value="1997-08-19"/>
<dc element="dc.publisher" value="Reuters Holdings Plc"/>
<dc element="dc.date.published" value="1997-08-19"/>
<dc element="dc.source" value="Reuters"/>
<dc element="dc.creator.location" value="BUCHAREST"/>
<dc element="dc.creator.location.country.name" value="ROMANIA"/>
<dc element="dc.source" value="Reuters"/>
</metadata>
</newsitem>
