<?xml version="1.0" encoding="iso-8859-1" ?>
<newsitem itemid="807952" id="root" date="1997-08-19" xml:lang="en">
<title>UK: IPE Brent ends up 14 cents, driven by US gasoline.</title>
<headline>IPE Brent ends up 14 cents, driven by US gasoline.</headline>
<dateline>LONDON 1997-08-19</dateline>
<text>
<p>IPE October Brent futures ended up 14 cents a barrel at $19.07 on Tuesday due to soaring United States gasoline futures and a blockage to Venezuela's main oil export route.</p>
<p>&quot;Gasoline was soaring. Brent got a tow higher but it slipped slightly at the end,&quot; said a floor broker.</p>
<p>Dealers expect a bullish report from the American Petroleum Institute later on Tuesday showing falling stocks in the U.S. for the eighth consecutive week.</p>
<p>NYMEX gasoline was up around two cents a gallon or 84 cents a barrel, helping to lift crude on both sides of the Atlantic.</p>
<p>Brent futures were also boosted by news from shipping sources that Venezuela's main oil shipping channel had been blocked.</p>
<p>A dredger went aground in the Lake Maracaibo shipping lane shutting the channel to oil tankers which normally export more than one million barrels of crude per day.</p>
<p>Tugs were trying to refloat the dredger at 2000 Gmt on Tuesday.</p>
<p>Despite the strong gains on Brent futures, October was rejected by technical resistance at $19.29, the high from last Thursday.</p>
<p>But some dealers expect a renewed assault on that level soon if gasoline stays strong.</p>
<p>A few hours earlier gas oil futures ended up $2.25 a tonne at $172 for September. But a sluggish demand and brimming oil tanks were making gains difficult, said dealers.</p>
<p>Stocks of winter heating oil are well above year ago levels and sellers are having to work harder than buyers to drum up interest.</p>
<p>Prompt Rotterdam barges are at parity to the IPE, as are cargoes of Russian gas oil heading for Western buyers.</p>
<p>--London newsroom, +44 171 542 4984</p>
</text>
<copyright>(c) Reuters Limited 1997</copyright>
<metadata>
<codes class="bip:countries:1.0">
  <code code="UK">
    <editdetail attribution="Reuters BIP Coding Group" action="confirmed" date="1997-08-19"/>
  </code>
</codes>
<codes class="bip:topics:1.0">
  <code code="M14">
    <editdetail attribution="Reuters BIP Coding Group" action="confirmed" date="1997-08-19"/>
  </code>
  <code code="M143">
    <editdetail attribution="Reuters BIP Coding Group" action="confirmed" date="1997-08-19"/>
  </code>
  <code code="MCAT">
    <editdetail attribution="Reuters BIP Coding Group" action="confirmed" date="1997-08-19"/>
  </code>
</codes>
<dc element="dc.date.created" value="1997-08-19"/>
<dc element="dc.publisher" value="Reuters Holdings Plc"/>
<dc element="dc.date.published" value="1997-08-19"/>
<dc element="dc.source" value="Reuters"/>
<dc element="dc.creator.location" value="LONDON"/>
<dc element="dc.creator.location.country.name" value="UK"/>
<dc element="dc.source" value="Reuters"/>
</metadata>
</newsitem>
