<?xml version="1.0" encoding="iso-8859-1" ?>
<newsitem itemid="807927" id="root" date="1997-08-19" xml:lang="en">
<title>ESTONIA: Q2 AVERAGE GROSS MONTHLY WAGE UP 21.8 PCT YR/YR.</title>
<headline>Q2 AVERAGE GROSS MONTHLY WAGE UP 21.8 PCT YR/YR.</headline>
<dateline>TALLINN 1997-08-19</dateline>
<text>
<p>The average monthly gross wage in Estonia in the second quarter of 1997 was 3,659 kroons, a rise of 21.8 percent compared to the same period a year ago, the statistics office said on Tuesday.  </p>
<p>The highest average gross monthly salary was recorded in the financial sector at 7,805 kroons in the second quarter of 1997.</p>
<p>Salaries in the financial sector rose by 24.5 percent over the year.</p>
<p>The biggest increase was in the forest industry, where the average wage rose by 51.6 percent.</p>
<p>The smallest increase was in the hotel and catering sector, where average wages crept up only 6.2 percent over the year.</p>
<p>The average monthly wage in the agricultural and hunting sector was 2,125 kroons and increased by 18.6 percent.</p>
<p>--Tallinn newsroom. +372 630 9202 reuters@reuters.ee</p>
</text>
<copyright>(c) Reuters Limited 1997</copyright>
<metadata>
<codes class="bip:countries:1.0">
  <code code="ESTNIA">
    <editdetail attribution="Reuters BIP Coding Group" action="confirmed" date="1997-08-19"/>
  </code>
</codes>
<codes class="bip:topics:1.0">
  <code code="E41">
    <editdetail attribution="Reuters BIP Coding Group" action="confirmed" date="1997-08-19"/>
  </code>
  <code code="E71">
    <editdetail attribution="Reuters BIP Coding Group" action="confirmed" date="1997-08-19"/>
  </code>
  <code code="ECAT">
    <editdetail attribution="Reuters BIP Coding Group" action="confirmed" date="1997-08-19"/>
  </code>
  <code code="GCAT">
    <editdetail attribution="Reuters BIP Coding Group" action="confirmed" date="1997-08-19"/>
  </code>
  <code code="GJOB">
    <editdetail attribution="Reuters BIP Coding Group" action="confirmed" date="1997-08-19"/>
  </code>
</codes>
<dc element="dc.date.created" value="1997-08-19"/>
<dc element="dc.publisher" value="Reuters Holdings Plc"/>
<dc element="dc.date.published" value="1997-08-19"/>
<dc element="dc.source" value="Reuters"/>
<dc element="dc.creator.location" value="TALLINN"/>
<dc element="dc.creator.location.country.name" value="ESTONIA"/>
<dc element="dc.source" value="Reuters"/>
</metadata>
</newsitem>
