<?xml version="1.0" encoding="iso-8859-1" ?>
<newsitem itemid="807930" id="root" date="1997-08-19" xml:lang="en">
<title>LITHUANIA: LATEST ECONOMIC INDICATORS - LITHUANIA.</title>
<headline>LATEST ECONOMIC INDICATORS - LITHUANIA.</headline>
<dateline>VILNIUS 1997-08-19</dateline>
<text>
<p>Lithuania's latest economic</p>
<p>statistics, in percentage changes on a month-on-month basis</p>
<p>unless otherwise indicated. * is updated this week.</p>
<p>Publication dates of new figures are approximate.</p>
<p>    INDICATOR	     PERIOD    PCT    A YR AGO  LAST-NEXT</p>
<p>    Inflation mo/mo	 July	1.1	0.1   07/08-10/09</p>
<p>		  yr/yr	 July	8.7	24.9  07/08-10/09</p>
<p>    Trade balance(bln litas) 1996  -4.8     -3.8</p>
<p>		(mln litas) Q1 97	-1,537   -958   27/05-20/08</p>
<p>		(bln litas) H1 97	-2.798   -1.756 22/07-na</p>
<p>    GDP (pct rise, yr/yr) Q1 97     2.4	5.5</p>
<p>    GDP (bln litas)	 Q1 97     8.154    6.463 22/07-30/09</p>
<p>    PPI mo/mo		 July	0.9	2.0   07/08-10/09</p>
<p>    PPI yr/y		  July	5.6	19.8  10/06-10-07</p>
<p>    Unemployment	    July	5.3	6.8   04/08-03/09</p>
<p>-- Vilnius Newsroom, +370 2 223 517</p>
</text>
<copyright>(c) Reuters Limited 1997</copyright>
<metadata>
<codes class="bip:countries:1.0">
  <code code="LITH">
    <editdetail attribution="Reuters BIP Coding Group" action="confirmed" date="1997-08-19"/>
  </code>
</codes>
<codes class="bip:topics:1.0">
  <code code="E71">
    <editdetail attribution="Reuters BIP Coding Group" action="confirmed" date="1997-08-19"/>
  </code>
  <code code="ECAT">
    <editdetail attribution="Reuters BIP Coding Group" action="confirmed" date="1997-08-19"/>
  </code>
</codes>
<dc element="dc.date.created" value="1997-08-19"/>
<dc element="dc.publisher" value="Reuters Holdings Plc"/>
<dc element="dc.date.published" value="1997-08-19"/>
<dc element="dc.source" value="Reuters"/>
<dc element="dc.creator.location" value="VILNIUS"/>
<dc element="dc.creator.location.country.name" value="LITHUANIA"/>
<dc element="dc.source" value="Reuters"/>
</metadata>
</newsitem>
