<?xml version="1.0" encoding="iso-8859-1" ?>
<newsitem itemid="807969" id="root" date="1997-08-19" xml:lang="en">
<title>UK: Reuters historical calendar - August 26.</title>
<headline>Reuters historical calendar - August 26.</headline>
<dateline>LONDON 1997-08-19</dateline>
<text>
<p>Following are some of the major events to have occurred on August 26 in history:</p>
<p>1346 - A small English army of 10,000 under Edward III defeated Philip VI's superior French forces in the battle of Crecy. It was the first battle at which the English used only infantry and longbowmen.</p>
<p>1541 - Suleiman I of Turkey captured Buda and annexed Hungary after his dispute with Archduke Ferdinand over claims to the kingdom.</p>
<p>1676 - Sir Robert Walpole, British statesman and politician, born. Chancellor of the Exchequer (finance minister) under King George I, he chaired a group of ministers and was therefore seen as England's first prime minister.</p>
<p>1740 - Joseph-Michel Montgolfier, French inventor, born. He and his brother Jacques-Etienne invented the hot air balloon in 1783.</p>
<p>1743 - Antoine Lavoisier, French chemist, born. Often described as the founder of modern chemistry, he discovered &quot;dephlogisticated air&quot; which he called oxygen. He was executed by the revolution in 1794.</p>
<p>1813 - After an initial victory, the French under Marshal Macdonald were beaten by the Prussians under General Bluecher at the battle of Katzbach.</p>
<p>1858 - The Treaty of Edo was signed which provided for the opening up of Japan to British trade and set up British residency.</p>
<p>1883 - A massive eruption of a volcano on the island of Krakatoa in the Sundra Strait between Java and Sumatra began. The two-day eruption and associated tidal waves killed some 36,000 people and destroyed two-thirds of the island.</p>
<p>1896 - Armenian revolutionaries attacked the Ottoman Bank in Constantinople, provoking a three-day battle in which at least 6,000 Armenians died.</p>
<p>1901 - Maxwell Taylor, U.S. general and diplomat, born. As commanding general of the 8th Army in 1953, he directed U.N. forces during the latter stages of the Korean War.</p>
<p>1914 - In World War One, the Russians under Renenkampf and Samsonov were heavily out-manoeuvered by the Germans under Hindenburg and Ludendorff at the battle of Tannenberg. Over 30,000 Russians were killed.</p>
<p>1906 - Albert Bruce Sabin, U.S. virologist, born in Poland. In 1955, he developed an oral vaccine against polio.</p>
<p>1920 - The 19th Amendment to the American Constitution was ratified, giving women the vote.</p>
<p>1944 - In World War Two, Bulgaria announced that it had withdrawn from the war and that German troops were to be disarmed.</p>
<p>1972 - Sir Francis Chichester, English adventurer, died. In 1966-67,he sailed around the world alone in his 53-foot yacht Gypsy Moth IV.</p>
<p>1974 - Charles Lindbergh, U.S. aviator who made the first solo non-stop Atlantic flight in 1927, died.</p>
<p>1976 - Prince Bernhard, husband of Queen Juliana of the Netherlands, agreed to resign his positions with the Dutch armed forces and industry following severe criticism of his behaviour by a commission of enquiry into a Lockheed bribery scandal.</p>
<p>1978 - Cardinal Albino Luciani of Venice was elected as Pope John Paul I. He served only 33 days before dying of a heart attack on September 28.</p>
<p>1978 - Sigmund Jahn became the first German in space when he blasted off aboard Russia's Soyuz 31.</p>
<p>1982 - The Argentine government lifted a ban on political parties.</p>
<p>1990 - Mario Pinto de Andrade, Angolan nationalist and first president of the Popular Movement for the Liberation of Angola (MPLA), died in London aged 62.</p>
<p>1993 - Russian President Boris Yeltsin signed a friendship treaty with the Czech Republic after condemning the 1968 Soviet-led invasion of Czechoslovakia.</p>
<p>1996 - A South Korean court sentenced former president Chun Doo Hwan to death on charges of masterminding a 1979 coup and his presidential successor, Roh Tae-woo, was sentenced to 22-1/2 years in prison for playing a supporting role.</p>
</text>
<copyright>(c) Reuters Limited 1997</copyright>
<metadata>
<codes class="bip:countries:1.0">
  <code code="UK">
    <editdetail attribution="Reuters BIP Coding Group" action="confirmed" date="1997-08-19"/>
  </code>
</codes>
<codes class="bip:topics:1.0">
  <code code="GCAT">
    <editdetail attribution="Reuters BIP Coding Group" action="confirmed" date="1997-08-19"/>
  </code>
</codes>
<dc element="dc.date.created" value="1997-08-19"/>
<dc element="dc.publisher" value="Reuters Holdings Plc"/>
<dc element="dc.date.published" value="1997-08-19"/>
<dc element="dc.source" value="Reuters"/>
<dc element="dc.creator.location" value="LONDON"/>
<dc element="dc.creator.location.country.name" value="UK"/>
<dc element="dc.source" value="Reuters"/>
</metadata>
</newsitem>
