<?xml version="1.0" encoding="iso-8859-1" ?>
<newsitem itemid="807950" id="root" date="1997-08-19" xml:lang="en">
<title>UK: British government suspends Scottish MP - reports.</title>
<headline>British government suspends Scottish MP - reports.</headline>
<dateline>LONDON 1997-08-19</dateline>
<text>
<p>Britain's governing Labour Party has suspended a Scottish MP from its parliamentary party following allegations that he made verbal attacks on colleagues, media reports said on Tuesday.</p>
<p>But the party said reports that Tommy Graham, MP for the Scottish constituency of Renfrewshire West, had played a role in the suicide of another Scottish MP were unfounded.</p>
<p>Labour's Chief Whip Nick Brown said in a statement issued to Channel Four television that he was satisfied that Gordon McMaster, the member for Paisley South, took his life as a result of a depressive illness he had suffered over a long period.</p>
<p>However, Brown, who is responsible for party discipline, said he wanted further investigation into other allegations against Graham.</p>
<p>&quot;On these allegations related to verbal attacks on colleagues unrelated to Gordon McMaster's death I have concluded that there are serious grounds for investigations to establish whether there is any justification for any of these allegations,&quot; Brown's statement said.</p>
<p>There was nobody immediately available for comment at Labour headquarters in London.</p>
<p>The Guardian newspaper said on Tuesday that Graham's suspension would be a temporary measure pending the outcome of a full investigation into the Paisley Labour Party by the party's national executive.</p>
<p>The controversy comes as an unwelcome distraction to Labour ahead of the September 11 referendum on its plan for a Scottish parliament.</p>
<p>Scottish Secretary Donald Dewar on Tuesday launched Labour's campaign for a &quot;yes&quot; vote in the referendum, along with representatives of the Liberal Democrat and Scottish National Parties. But his news conference was dominated by the reports that Graham faced suspension.</p>
<p>Already one Scottish Labour MP has been suspended from the parliamentary party.</p>
<p>The party took action against Mohammed Sarwar, Britain's first Moslem MP, who represents the Govan division of Glasgow, as part of an investigation into bribery allegations.</p>
</text>
<copyright>(c) Reuters Limited 1997</copyright>
<metadata>
<codes class="bip:countries:1.0">
  <code code="UK">
    <editdetail attribution="Reuters BIP Coding Group" action="confirmed" date="1997-08-19"/>
  </code>
</codes>
<codes class="bip:topics:1.0">
  <code code="GCAT">
    <editdetail attribution="Reuters BIP Coding Group" action="confirmed" date="1997-08-19"/>
  </code>
  <code code="GPOL">
    <editdetail attribution="Reuters BIP Coding Group" action="confirmed" date="1997-08-19"/>
  </code>
</codes>
<dc element="dc.date.created" value="1997-08-19"/>
<dc element="dc.publisher" value="Reuters Holdings Plc"/>
<dc element="dc.date.published" value="1997-08-19"/>
<dc element="dc.source" value="Reuters"/>
<dc element="dc.creator.location" value="LONDON"/>
<dc element="dc.creator.location.country.name" value="UK"/>
<dc element="dc.source" value="Reuters"/>
</metadata>
</newsitem>
