<?xml version="1.0" encoding="iso-8859-1" ?>
<newsitem itemid="807945" id="root" date="1997-08-19" xml:lang="en">
<title>UK: UK firm launches car insurance over the Internet.</title>
<headline>UK firm launches car insurance over the Internet.</headline>
<byline>Simon Cowell</byline>
<dateline>LONDON 1996-08-20</dateline>
<text>
<p>B.A.T Industries Plc's Eagle Star insurance company on Wednesday launched what it claimed was the world's first car insurance service on the Internet.</p>
<p>UK customers will be able to buy car insurance cover instantaneously from Eagle Star Direct - 24 hours a day. Personal details and payments will be taken whilst the customer is on-line.</p>
<p>The move is likely to mark another step in what promises to be an explosion of business on the Internet in the next few years.</p>
<p>In April, Halifax began selling travel insurance on-line. Guardian Royal Exchange already offers a computer insurance product on the Internet, though payments are still via the ordinary postal network.</p>
<p>Britain's leading supplier of software systems to insurance brokers Misys is also developing software to allow customers to obtain car insurance on the Internet.</p>
<p>Until now, many insurance companies have largely restricted their services to pages of company and product information.</p>
<p>But three quarters of financial services firms in a recent survey conducted by Ernst &amp; Young said that they planned to transact business over the Internet by 1999.</p>
<p>Many will be watching the success of Eagle Star's new product with interest.</p>
<p>Eagle Star said it expects its &quot;cyber insurance&quot; to be a big hit.</p>
<p>Customers fill out a form on screen and get an instant quote. If they decide to take up the quote, they type in their credit or debit card details and the payment is made.</p>
<p>Users can alter the information, such as having another driver insured, to see what difference it makes to the premium.</p>
<p>Prices will be up to 25 percent lower than Eagle Star Direct's telephone-based operations.</p>
<p>&quot;We believe that uncomplicated car insurance, which is easily accessible and inexpensive, will prove very popular&quot;, said a spokesman for the company.</p>
<p>&quot;By fully automating the insurance buying process, we are opening up a completely new distribution channel. Whilst some customers will always prefer to buy insurance over the 'phone or via an intermediary, we have recognised the opportunities presented by the huge growth in the Internet's popularity.&quot;</p>
<p>Home and travel cover is planned to follow in coming months.</p>
<p>British companies like supermarket chain Tesco already offer an on-line shopping service but in many ways, insurance is even more suited to the Internet.</p>
<p>There are no actual goods involved and policy documentation and payment can be easily transferred.</p>
<p>Problems do exist - the Internet can be slow and question marks remain over security.</p>
<p>Eagle Star, however, said it was confident that its site is secure.</p>
<p>There are some 4.6 million users of the Internet in the UK and around 12 million homes are expected to be connected by the year 2000.</p>
<p>One recent report predicted that annual trade over the Internet will reach $600 billion by the turn of the century.</p>
<p>-- Simon Cowell, London Newsroom +44 171 542 7721</p>
</text>
<copyright>(c) Reuters Limited 1997</copyright>
<metadata>
<codes class="bip:countries:1.0">
  <code code="UK">
    <editdetail attribution="Reuters BIP Coding Group" action="confirmed" date="1997-08-19"/>
  </code>
</codes>
<codes class="bip:industries:1.0">
  <code code="I33030">
    <editdetail attribution="Reuters BIP Coding Group" action="confirmed" date="1997-08-19"/>
  </code>
  <code code="I82003">
    <editdetail attribution="Reuters BIP Coding Group" action="confirmed" date="1997-08-19"/>
  </code>
  <code code="I8200316">
    <editdetail attribution="Reuters BIP Coding Group" action="confirmed" date="1997-08-19"/>
  </code>
  <code code="I83960">
    <editdetail attribution="Reuters BIP Coding Group" action="confirmed" date="1997-08-19"/>
  </code>
</codes>
<codes class="bip:topics:1.0">
  <code code="C22">
    <editdetail attribution="Reuters BIP Coding Group" action="confirmed" date="1997-08-19"/>
  </code>
  <code code="CCAT">
    <editdetail attribution="Reuters BIP Coding Group" action="confirmed" date="1997-08-19"/>
  </code>
</codes>
<dc element="dc.date.created" value="1996-08-20"/>
<dc element="dc.publisher" value="Reuters Holdings Plc"/>
<dc element="dc.date.published" value="1997-08-19"/>
<dc element="dc.source" value="Reuters"/>
<dc element="dc.creator.location" value="LONDON"/>
<dc element="dc.creator.location.country.name" value="UK"/>
<dc element="dc.source" value="Reuters"/>
</metadata>
</newsitem>
