<?xml version="1.0" encoding="iso-8859-1" ?>
<newsitem itemid="807960" id="root" date="1997-08-19" xml:lang="en">
<title>UK: NWE fuel oil barges dip, one pct cargoes strong.</title>
<headline>NWE fuel oil barges dip, one pct cargoes strong.</headline>
<dateline>LONDON 1997-08-19</dateline>
<text>
<p>European high sulphur fuel oil barges fell on Tuesday with aggressive selling of storage material by an independent, while one percent cargoes fetched a strong number, traders said.</p>
<p>After early trades at $93.50 fob ARA an independent trading house sold at $93 some 10,000 tonnes of stored material, before going at 25-cent increments to $93.75 later in the day. Monday's only trade was done at $94.50.</p>
<p>&quot;There was very aggressive selling by the trading house, up to 25,000 tonnes today,&quot; one trader said.</p>
<p>Traders said that at the end of the day a major came in with a stronger bid at $94.50 for refinery material but no sellers were found at that price.</p>
<p>&quot;No one is going to sell refinery material at that level, it is more expensive,&quot; a trader said.</p>
<p>Low sulphur cargoes fetched a good number with a European refiner selling a cargo to a refiner at fob high NWE plus $1.75. The 25,000-tonne cargo is for prompt loading, traders said.</p>
<p>Few other sellers were heard offering, with most said to be opting to fetch higher prices in the near future with a contango between swaps and prompt physical cargoes.</p>
</text>
<copyright>(c) Reuters Limited 1997</copyright>
<metadata>
<codes class="bip:countries:1.0">
  <code code="UK">
    <editdetail attribution="Reuters BIP Coding Group" action="confirmed" date="1997-08-19"/>
  </code>
</codes>
<codes class="bip:topics:1.0">
  <code code="M14">
    <editdetail attribution="Reuters BIP Coding Group" action="confirmed" date="1997-08-19"/>
  </code>
  <code code="M143">
    <editdetail attribution="Reuters BIP Coding Group" action="confirmed" date="1997-08-19"/>
  </code>
  <code code="MCAT">
    <editdetail attribution="Reuters BIP Coding Group" action="confirmed" date="1997-08-19"/>
  </code>
</codes>
<dc element="dc.date.created" value="1997-08-19"/>
<dc element="dc.publisher" value="Reuters Holdings Plc"/>
<dc element="dc.date.published" value="1997-08-19"/>
<dc element="dc.source" value="Reuters"/>
<dc element="dc.creator.location" value="LONDON"/>
<dc element="dc.creator.location.country.name" value="UK"/>
<dc element="dc.source" value="Reuters"/>
</metadata>
</newsitem>
