<?xml version="1.0" encoding="iso-8859-1" ?>
<newsitem itemid="807958" id="root" date="1997-08-19" xml:lang="en">
<title>UK: UK natgas rangebound again but liquidity recovers.</title>
<headline>UK natgas rangebound again but liquidity recovers.</headline>
<dateline>LONDON 1997-08-19</dateline>
<text>
<p>The U.K. spot natural gas market returned to more active trade after an exceptionally thin day on Monday, traders and brokers said, although prices remained stuck in a narrow range.</p>
<p>&quot;It's still trading in the same ranges,&quot; said a trader. &quot;There was more bearish sentiment earlier, but it's a very tight range and still a bit directionless. The whole curve has only 0.05 (penny a therm) between the bid and the offer.&quot;</p>
<p>But while activity was greater on Tuesday than on Monday, the trader said he expected a quiet week.</p>
<p>&quot;There's a corporate day out on Thursday and then there's a Bank Holiday, so I expect people will do what they have to do and not much more,&quot; he added.</p>
<p>Another trader who had done only some time swaps on the OTC market said he had also been active on IPE futures. He said he was gratified by the fact that 300 lots had been traded on the new balance of the month contract, which had got off to a hesitant start before trading for the first time on Monday.</p>
<p>But while the IPE traded a total of 835 lots, its second best day ever, that market was also rangebound. Apart from the balance of the month contract, which weakened by 0.11 penny a therm, there was no price movement of more than 0.06 penny. And a broker on the OTC market said that physical prices were unchanged for the second day running.</p>
<p>--Sebastian Alison, London Newsroom, +44 171 542 6412</p>
</text>
<copyright>(c) Reuters Limited 1997</copyright>
<metadata>
<codes class="bip:countries:1.0">
  <code code="UK">
    <editdetail attribution="Reuters BIP Coding Group" action="confirmed" date="1997-08-19"/>
  </code>
</codes>
<codes class="bip:topics:1.0">
  <code code="M14">
    <editdetail attribution="Reuters BIP Coding Group" action="confirmed" date="1997-08-19"/>
  </code>
  <code code="M143">
    <editdetail attribution="Reuters BIP Coding Group" action="confirmed" date="1997-08-19"/>
  </code>
  <code code="MCAT">
    <editdetail attribution="Reuters BIP Coding Group" action="confirmed" date="1997-08-19"/>
  </code>
</codes>
<dc element="dc.date.created" value="1997-08-19"/>
<dc element="dc.publisher" value="Reuters Holdings Plc"/>
<dc element="dc.date.published" value="1997-08-19"/>
<dc element="dc.source" value="Reuters"/>
<dc element="dc.creator.location" value="LONDON"/>
<dc element="dc.creator.location.country.name" value="UK"/>
<dc element="dc.source" value="Reuters"/>
</metadata>
</newsitem>
