<?xml version="1.0" encoding="iso-8859-1" ?>
<newsitem itemid="808041" id="root" date="1997-08-19" xml:lang="en">
<title>NIGERIA: Nigerian First Bank spends on IT.</title>
<headline>Nigerian First Bank spends on IT.</headline>
<dateline>LAGOS 1997-08-19</dateline>
<text>
<p>First Bank of Nigeria Plc, the country's oldest bank, said on Tuesday that it would invest most of the proceeds from a forthcoming public share offer in information technology.</p>
<p>The bank is to offer for public subscription 200 million shares at 10.50 naira between September 1 and September 26, 1997.</p>
<p>At a meeting with the parties to the offer in Lagos, First Bank's chief executive officer, Joseph Sanusi listed areas where the proceeds -- more than two billion naira ($24.5 million) -- would be spent to maintain its position in the industry.</p>
<p>Of the sum, one billion or 55 percent would be invested in computers, electronics and telecommunications, Sanusi said. He said the establishment of new branches would account for 45 percent.</p>
<p>The cost of the public offer is put at 97.9 million naira, five percent of the total expected proceeds.</p>
<p>A bank spokesman said the proceeds &quot;would also enable the bank to introduce state of the art technology in banking service and facilitate the establishment of strategic branches in key locations to complement existing ones.&quot;</p>
<p>Its market capitalisation is put at about 10.8 billion naira.</p>
<p>-- Lagos newsroom +234 1 263 03 17 ($ = 81.7 Nigerian Naira)</p>
</text>
<copyright>(c) Reuters Limited 1997</copyright>
<metadata>
<codes class="bip:countries:1.0">
  <code code="NIGEA">
    <editdetail attribution="Reuters BIP Coding Group" action="confirmed" date="1997-08-19"/>
  </code>
</codes>
<codes class="bip:industries:1.0">
  <code code="I81402">
    <editdetail attribution="Reuters BIP Coding Group" action="confirmed" date="1997-08-19"/>
  </code>
</codes>
<codes class="bip:topics:1.0">
  <code code="C11">
    <editdetail attribution="Reuters BIP Coding Group" action="confirmed" date="1997-08-19"/>
  </code>
  <code code="C17">
    <editdetail attribution="Reuters BIP Coding Group" action="confirmed" date="1997-08-19"/>
  </code>
  <code code="C171">
    <editdetail attribution="Reuters BIP Coding Group" action="confirmed" date="1997-08-19"/>
  </code>
  <code code="C24">
    <editdetail attribution="Reuters BIP Coding Group" action="confirmed" date="1997-08-19"/>
  </code>
  <code code="CCAT">
    <editdetail attribution="Reuters BIP Coding Group" action="confirmed" date="1997-08-19"/>
  </code>
</codes>
<dc element="dc.date.created" value="1997-08-19"/>
<dc element="dc.publisher" value="Reuters Holdings Plc"/>
<dc element="dc.date.published" value="1997-08-19"/>
<dc element="dc.source" value="Reuters"/>
<dc element="dc.creator.location" value="LAGOS"/>
<dc element="dc.creator.location.country.name" value="NIGERIA"/>
<dc element="dc.source" value="Reuters"/>
</metadata>
</newsitem>
