<?xml version="1.0" encoding="iso-8859-1" ?>
<newsitem itemid="808032" id="root" date="1997-08-19" xml:lang="en">
<title>KENYA: Kenya rulers, opposition trade blame on violence.</title>
<headline>Kenya rulers, opposition trade blame on violence.</headline>
<byline>Nicholas Kotch</byline>
<dateline>MOMBASA, Kenya 1996-08-20</dateline>
<text>
<p>Kenya's government and opposition are blaming each other for violence on the Indian Ocean coast that has left 37 dead ahead of a general election this year.</p>
<p>One senior legal expert, while agreeing that politics underpinned the violence, said police treatment of suspects would provide clues to which side was responsible.</p>
<p>&quot;It is pure political thuggery and if it is allowed to go on it will bring down Mombasa which is very much tourist-centred,&quot; said Gikandi Ngubuini, a Mombasa lawyer and the chairman of the Law Society of Kenya Coast.</p>
<p>&quot;Political will is an issue here. No person will be taken to court and charged with any offence as high as murder, treason or robbery with violence unless the law enforcement machinery is clearly told to get to the bottom of this,&quot; Ngubuini said on Tuesday</p>
<p>Seven days of violence on the coast, centre of Kenya's top foreign currency earner tourism, have shaken the country where President Daniel arap Moi, 73 and in power since 1978, faces elections later this year.</p>
<p>No date has been set for the elections, which threaten to bring more violence.</p>
<p>Two people were killed on Tuesday, bringing the toll in the coastal region to at least 37 dead including police officers. Most civilian casualties were Kenyans not native to the coastal region.</p>
<p>The National Council of Churches of Kenya said it would hold a funeral service on Wednesday at Mombasa Memorial Cathedral for victims.</p>
<p>The violence, which has further tarnished Kenya's international image, comes hard on the heels of protests by an opposition-backed group pressing for constitutional reform that have left at least 12 dead after clashes with police.</p>
<p>An estimated 375 curio stalls were burned at Malindi, north of Mombasa, on Tuesday in the first attack on a tourist site.</p>
<p>&quot;This was the start of the high season and what we make now helps us through the hard times later,&quot; said Joyce Atima, who cried as she picked up stone chess pieces from what was left of her Malindi stall.</p>
<p>No tourists have been hurt but foreigners have been told by their governments to avoid troublespots and the United States has warned Americans against going to the coast.</p>
<p>Police have so far arrested 189 people and questioned activists from the ruling Kenya African National Union (KANU) party and opposition groups.</p>
<p>Police spokesman Peter Kimanthi said police were seeking Omar Masumbuko, self-styled chairman of Coast Youth for KANU for questioning.</p>
<p>Moi, speaking in Nairobi, said the country had been &quot;pushed to the wall&quot; and blamed the opposition and reform leaders for creating chaos.</p>
<p>KANU ruled out dialogue with the pro-reform National Convention Executive Committee (NCEC), arguing it used unconstitutional methods to pursue its agenda.</p>
<p>The NCEC called for rallies on August 23 and blamed Moi's advisers for stoking violence on the coast.</p>
</text>
<copyright>(c) Reuters Limited 1997</copyright>
<metadata>
<codes class="bip:countries:1.0">
  <code code="KENYA">
    <editdetail attribution="Reuters BIP Coding Group" action="confirmed" date="1997-08-19"/>
  </code>
</codes>
<codes class="bip:topics:1.0">
  <code code="GCAT">
    <editdetail attribution="Reuters BIP Coding Group" action="confirmed" date="1997-08-19"/>
  </code>
  <code code="GPOL">
    <editdetail attribution="Reuters BIP Coding Group" action="confirmed" date="1997-08-19"/>
  </code>
  <code code="GVIO">
    <editdetail attribution="Reuters BIP Coding Group" action="confirmed" date="1997-08-19"/>
  </code>
</codes>
<dc element="dc.date.created" value="1996-08-20"/>
<dc element="dc.publisher" value="Reuters Holdings Plc"/>
<dc element="dc.date.published" value="1997-08-19"/>
<dc element="dc.source" value="Reuters"/>
<dc element="dc.creator.location" value="MOMBASA, Kenya"/>
<dc element="dc.creator.location.country.name" value="KENYA"/>
<dc element="dc.source" value="Reuters"/>
</metadata>
</newsitem>
