<?xml version="1.0" encoding="iso-8859-1" ?>
<newsitem itemid="808025" id="root" date="1997-08-19" xml:lang="en">
<title>CANADA: AEC in talks to expand Syncrude pipeline.</title>
<headline>AEC in talks to expand Syncrude pipeline.</headline>
<dateline>CALGARY 1997-08-19</dateline>
<text>
<p>Alberta Energy Co Ltd affiliate AEC Pipelines LP said on Tuesday it was in talks with Syncrude Canada Ltd to expand the pipeline that carries synthetic crude oil from the northern Alberta oil sands operation.</p>
<p>Syncrude, which is planning a major expansion of its oil sands mining, extraction and upgrading operation over the next few years, transports all of its 205,000 barrels per day of synthetic oil output on AEC's Alberta Oil Sands Pipe Line.  </p>
<p>&quot;As AOSPL is operating at capacity, discussions have been initiated with respect to options for the expansion of the AOSPL system by the partnership,&quot; AEC said.</p>
<p>&quot;While these discussions are at an early stage, construction could commence in the first quarter of 1998, subject to the receipt of regulatory approvals,&quot; it said.</p>
<p>AEC Pipelines is a limited partnership which was floated by Alberta Energy last year. Its instalment receipts trade on the Toronto and Alberta stock exchanges.  </p>
<p>Syncrude Canada Ltd, located north of Fort McMurray, Alberta, is the world's largest producer of synthetic crude oil.</p>
<p>Its partners include Imperial Oil Ltd, Petro-Canada, Gulf Canada Resources Ltd, Athabasca Oil Sands Investments Inc, Canadian Oil Sands Investments Inc, Alberta Energy Co Ltd, Canadian Occidental Petroleum Ltd, Mitsubishi Oil Co Ltd unit Mocal Energy Ltd and Murphy Oil Corp.</p>
<p>AEC Pipelines has already applied with partner Husky Oil Ltd to build its Lakeland Pipeline, which would carry heavy oil to Hardisty, Alberta from Fort McMurray, Alberta.</p>
<p>The proposal is one of several aimed at boosting transport capacity from fast growing volumes of Canadian heavy oil from the region.</p>
<p>AEC Pipelines also said on Tuesday that net income for its inital quarter of operations as a public entity, ended June 30, was C$14.4 million or C13 cents per unit and distributable income was C$23.5 million or C22 cents per unit.</p>
<p>((Jeffrey Jones, Reuters Calgary Bureau (403) 531-1624))</p>
</text>
<copyright>(c) Reuters Limited 1997</copyright>
<metadata>
<codes class="bip:countries:1.0">
  <code code="CANA">
    <editdetail attribution="Reuters BIP Coding Group" action="confirmed" date="1997-08-19"/>
  </code>
</codes>
<codes class="bip:industries:1.0">
  <code code="I13000">
    <editdetail attribution="Reuters BIP Coding Group" action="confirmed" date="1997-08-19"/>
  </code>
  <code code="I1300003">
    <editdetail attribution="Reuters BIP Coding Group" action="confirmed" date="1997-08-19"/>
  </code>
  <code code="I14000">
    <editdetail attribution="Reuters BIP Coding Group" action="confirmed" date="1997-08-19"/>
  </code>
  <code code="I81502">
    <editdetail attribution="Reuters BIP Coding Group" action="confirmed" date="1997-08-19"/>
  </code>
  <code code="I8150206">
    <editdetail attribution="Reuters BIP Coding Group" action="confirmed" date="1997-08-19"/>
  </code>
</codes>
<codes class="bip:topics:1.0">
  <code code="C24">
    <editdetail attribution="Reuters BIP Coding Group" action="confirmed" date="1997-08-19"/>
  </code>
  <code code="CCAT">
    <editdetail attribution="Reuters BIP Coding Group" action="confirmed" date="1997-08-19"/>
  </code>
</codes>
<dc element="dc.date.created" value="1997-08-19"/>
<dc element="dc.publisher" value="Reuters Holdings Plc"/>
<dc element="dc.date.published" value="1997-08-19"/>
<dc element="dc.source" value="Reuters"/>
<dc element="dc.creator.location" value="CALGARY"/>
<dc element="dc.creator.location.country.name" value="CANADA"/>
<dc element="dc.source" value="Reuters"/>
</metadata>
</newsitem>
