<?xml version="1.0" encoding="iso-8859-1" ?>
<newsitem itemid="808084" id="root" date="1997-08-19" xml:lang="en">
<title>TANZANIA: Rwanda tribunal detains ex-journalist for 30 days.</title>
<headline>Rwanda tribunal detains ex-journalist for 30 days.</headline>
<dateline>ARUSHA, Tanzania 1997-08-19</dateline>
<text>
<p>The U.N.'s Rwanda genocide tribunal on Tuesday extended for 30 days the detention of a former newspaper editor, court officials said.</p>
<p>Presiding Judge Laity Kama of Senegal ordered Rwandan Hassan Ngeze, editor of the radical Hutu Kangura newspaper, detained for a further 30 days to allow the prosecution time to gather evidence and prepare a more precise indictment.</p>
<p>Kenya police working with officials from the International Criminal Tribunal for Rwanda (ICTR) last month arrested Ngeze and seven other suspects in Nairobi.</p>
<p>They included Jean Kambanda, prime minister during the 1994 genocide, and Belgian former journalist Georges Ruggiu. Two of the eight suspects were indicted.</p>
<p>Ngeze, already detained for 30 days, appeared in court on Monday but refused to answer questions from the prosecution about an affidavit he had made.</p>
<p>Ngeze's lawyers opposed the extension, arguing he wanted to clear his name and was unlikely to disappear if released. The prosecution said Ngeze was found with several passports and was well connected.</p>
<p>The tribunal based at Arusha, north Tanzania, extended for 30 days on Monday the detention of four suspects including Ruggiu. Kambanda's detention was extended last Thursday for 30 days.</p>
<p>The ICTR was set up in November 1994 to bring to justice leaders of the genocide in which an estimated 800,000 Tutsis and some moderate Hutus were killed.</p>
<p>Twenty-three suspects have been indicted and the tribunal holds 20 in custody in Arusha. Three trials are in progress.</p>
</text>
<copyright>(c) Reuters Limited 1997</copyright>
<metadata>
<codes class="bip:countries:1.0">
  <code code="RWANDA">
    <editdetail attribution="Reuters BIP Coding Group" action="confirmed" date="1997-08-19"/>
  </code>
  <code code="TANZA">
    <editdetail attribution="Reuters BIP Coding Group" action="confirmed" date="1997-08-19"/>
  </code>
  <code code="UN">
    <editdetail attribution="Reuters BIP Coding Group" action="confirmed" date="1997-08-19"/>
  </code>
</codes>
<codes class="bip:topics:1.0">
  <code code="GCAT">
    <editdetail attribution="Reuters BIP Coding Group" action="confirmed" date="1997-08-19"/>
  </code>
  <code code="GCRIM">
    <editdetail attribution="Reuters BIP Coding Group" action="confirmed" date="1997-08-19"/>
  </code>
  <code code="GVIO">
    <editdetail attribution="Reuters BIP Coding Group" action="confirmed" date="1997-08-19"/>
  </code>
</codes>
<dc element="dc.date.created" value="1997-08-19"/>
<dc element="dc.publisher" value="Reuters Holdings Plc"/>
<dc element="dc.date.published" value="1997-08-19"/>
<dc element="dc.source" value="Reuters"/>
<dc element="dc.creator.location" value="ARUSHA, Tanzania"/>
<dc element="dc.creator.location.country.name" value="TANZANIA"/>
<dc element="dc.source" value="Reuters"/>
</metadata>
</newsitem>
