<?xml version="1.0" encoding="iso-8859-1" ?>
<newsitem itemid="808014" id="root" date="1997-08-19" xml:lang="en">
<title>CANADA: Westmin Resources wage talks to resume.</title>
<headline>Westmin Resources wage talks to resume.</headline>
<dateline>VANCOUVER 1997-08-19</dateline>
<text>
<p>Contract negotiations between Westmin Resources Ltd and workers at its Myra Falls zinc-copper mine will resume on Monday after a three-week break, company and union sources said.</p>
<p>The previous labor contract covering 360 workers -- members of the Canadian Auto Workers Union -- expired at midnight Friday.</p>
<p>Workers at the Myra Falls mine had voted 86 percent in favor of a strike in July, but no walk-out date has been set.</p>
<p>Bargaining in 1993 for the labor contract recently expired resulted in a 17-month lockout.</p>
<p>The two sides have yet to tackle differences over wage increases, but no work stoppage is expected, said Bruce McKnight, Wetmin's vice president for investor relations.</p>
<p>The company wants a six-year contract to replace the expired three-year deal, derong oppposionn from the union. Westmin has, however, offered to reopen wage talks after three years.</p>
<p>Jeff Keighley, chief negotiator for the union, said a substantial early retirement plan, not wages, was the make-or- break issue in the current round of negotiations.</p>
<p>Talks broke off in late July and meetings are now scheduled through September 10. Keighley said the union would not consider scheduling negotiations past that date unless significant progress had been made.</p>
<p>The Myra Falls mine is expected in 1997 to produce about 125,000 metric tonnes of zinc concentrate and about 65,000 tonnes of copper concentrate.</p>
</text>
<copyright>(c) Reuters Limited 1997</copyright>
<metadata>
<codes class="bip:countries:1.0">
  <code code="CANA">
    <editdetail attribution="Reuters BIP Coding Group" action="confirmed" date="1997-08-19"/>
  </code>
</codes>
<codes class="bip:industries:1.0">
  <code code="I21000">
    <editdetail attribution="Reuters BIP Coding Group" action="confirmed" date="1997-08-19"/>
  </code>
</codes>
<codes class="bip:topics:1.0">
  <code code="C42">
    <editdetail attribution="Reuters BIP Coding Group" action="confirmed" date="1997-08-19"/>
  </code>
  <code code="CCAT">
    <editdetail attribution="Reuters BIP Coding Group" action="confirmed" date="1997-08-19"/>
  </code>
  <code code="E41">
    <editdetail attribution="Reuters BIP Coding Group" action="confirmed" date="1997-08-19"/>
  </code>
  <code code="ECAT">
    <editdetail attribution="Reuters BIP Coding Group" action="confirmed" date="1997-08-19"/>
  </code>
  <code code="GCAT">
    <editdetail attribution="Reuters BIP Coding Group" action="confirmed" date="1997-08-19"/>
  </code>
  <code code="GJOB">
    <editdetail attribution="Reuters BIP Coding Group" action="confirmed" date="1997-08-19"/>
  </code>
</codes>
<dc element="dc.date.created" value="1997-08-19"/>
<dc element="dc.publisher" value="Reuters Holdings Plc"/>
<dc element="dc.date.published" value="1997-08-19"/>
<dc element="dc.source" value="Reuters"/>
<dc element="dc.creator.location" value="VANCOUVER"/>
<dc element="dc.creator.location.country.name" value="CANADA"/>
<dc element="dc.source" value="Reuters"/>
</metadata>
</newsitem>
