<?xml version="1.0" encoding="iso-8859-1" ?>
<newsitem itemid="808037" id="root" date="1997-08-19" xml:lang="en">
<title>NIGERIA: Nigerian share index falls further in weak market.</title>
<headline>Nigerian share index falls further in weak market.</headline>
<dateline>LAGOS 1997-08-19</dateline>
<text>
<p>Bearish tendencies persisted on the Nigerian stock market on Tuesday, forcing the all-share index to close lower for the second day running, dealers said.</p>
<p>The index closed at 7798.32 from 7933.63 on Monday.</p>
<p>Dealers said there was no end in sight to factors weighing down the market.</p>
<p>&quot;There is yet no significant injection of funds into the economy which the market is looking up to to end this current trend,&quot; one said.</p>
<p>A combination of economic factors and perceived overvaluation of share prices have caused a sell-off of many blue chips.</p>
<p>Leading market losers on Tuesday included Coca-Cola bottler, the Nigerian Bottling Company, which fell 50 kobo to 46.40 naira and oil marketer Unipetrol, which closed 40 kobo lower at 59.60 naira.</p>
<p>Others were African Petroleum at 46.00 naira, NCR at 12.70 naira and United Bank for Africa at 11.70 naira, all 30 kobo weaker.</p>
<p>Dunlop ended 42 kobo down at 8.08 naira and conglomerate Lever Brothers fell 20 kobo to 21.40 naira.</p>
<p>Gains were restricted to a few banking and insurance firms.</p>
<p>Afribank climbed five kobo to 4.17 naira and Owena Bank rose one kobo to 1.51 naira.</p>
<p>Niger Insurance advanced 10 kobo to 2.85 naira while newly-listed Cornerstone Insurance ended five stronger at 2.75 naira.</p>
<p>($1-83 naira)</p>
<p>-- Lagos newsroom +234 1 263 03 17</p>
</text>
<copyright>(c) Reuters Limited 1997</copyright>
<metadata>
<codes class="bip:countries:1.0">
  <code code="NIGEA">
    <editdetail attribution="Reuters BIP Coding Group" action="confirmed" date="1997-08-19"/>
  </code>
</codes>
<codes class="bip:topics:1.0">
  <code code="M11">
    <editdetail attribution="Reuters BIP Coding Group" action="confirmed" date="1997-08-19"/>
  </code>
  <code code="MCAT">
    <editdetail attribution="Reuters BIP Coding Group" action="confirmed" date="1997-08-19"/>
  </code>
</codes>
<dc element="dc.date.created" value="1997-08-19"/>
<dc element="dc.publisher" value="Reuters Holdings Plc"/>
<dc element="dc.date.published" value="1997-08-19"/>
<dc element="dc.source" value="Reuters"/>
<dc element="dc.creator.location" value="LAGOS"/>
<dc element="dc.creator.location.country.name" value="NIGERIA"/>
<dc element="dc.source" value="Reuters"/>
</metadata>
</newsitem>
