<?xml version="1.0" encoding="iso-8859-1" ?>
<newsitem itemid="808071" id="root" date="1997-08-19" xml:lang="en">
<title>ZIMBABWE: Zimbabwe shares slide on profit-taking.</title>
<headline>Zimbabwe shares slide on profit-taking.</headline>
<dateline>HARARE 1997-08-19</dateline>
<text>
<p>Zimbabwean industrial shares slid more than four percent on Tuesday, dragged down by profit-taking which brokers said looked set to continue for a few more days before the market stabilised.</p>
<p>The key 57-counter industrial index fell 491.22 points or 4.2 percent to end the day at 11,284.70.</p>
<p>&quot;All the big caps had some big markdowns today. I think it's just some price correction and we might see the index come down a few more points before it stabilises,&quot; one broker said.</p>
<p>&quot;People are just taking their profits after the market's run but we might see some buyers coming back soon,&quot; another one said.</p>
<p>Among the day's losers, winery Cairns fell 260 cents to 1,400, hotel and supermarket group Meikles slid 250 cents to 2,800 while hotels, supermarkets and beverages conglomerate Delta and tea producer Tanganda each dropped 200 cents to 1,900 and 600 respectively.</p>
<p>Merchant banker NMB shed 75 cents to 3,425, clothing and furniture retailer H and S lost 60 cents to 400, agricultural and rubber products manufacturer Acacia traded 30 cents off at 270 and industrial investor TZI was 25 cents lower at 875.</p>
<p>A couple of counters bucked the trend -- cement producer Circem which rose 25 cents to 725 and finance house Finhold which gained 20 cents to 720.</p>
<p>Minings were firmer with gold producer Rio Tinto -- which earlier said it had closed its Brompton mine on the back of depleted reserves and recent falls in the bullion price -- rising 100 cents to 1,700.</p>
<p>Nickel miner Bindura added 30 cents while Wankie Colliery was the day's sole loser, trading 20 cents down at 800.</p>
<p>The mining index put on 16.48 points to close at 840.65.</p>
<p>--Emelia Sithole, Harare newsroom: +263-4 72 52 27/8/9--</p>
</text>
<copyright>(c) Reuters Limited 1997</copyright>
<metadata>
<codes class="bip:countries:1.0">
  <code code="ZIMBAB">
    <editdetail attribution="Reuters BIP Coding Group" action="confirmed" date="1997-08-19"/>
  </code>
</codes>
<codes class="bip:topics:1.0">
  <code code="M11">
    <editdetail attribution="Reuters BIP Coding Group" action="confirmed" date="1997-08-19"/>
  </code>
  <code code="MCAT">
    <editdetail attribution="Reuters BIP Coding Group" action="confirmed" date="1997-08-19"/>
  </code>
</codes>
<dc element="dc.date.created" value="1997-08-19"/>
<dc element="dc.publisher" value="Reuters Holdings Plc"/>
<dc element="dc.date.published" value="1997-08-19"/>
<dc element="dc.source" value="Reuters"/>
<dc element="dc.creator.location" value="HARARE"/>
<dc element="dc.creator.location.country.name" value="ZIMBABWE"/>
<dc element="dc.source" value="Reuters"/>
</metadata>
</newsitem>
