<?xml version="1.0" encoding="iso-8859-1" ?>
<newsitem itemid="808078" id="root" date="1997-08-19" xml:lang="en">
<title>MAURITIUS: Mauritius first quarter trade deficit $92 million.</title>
<headline>Mauritius first quarter trade deficit $92 million.</headline>
<dateline>PORT LOUIS 1997-08-19</dateline>
<text>
<p>Mauritius' first-quarter registered trade deficit was 2.02 billion rupees ($91.71 million), the economic planning ministry said on Tuesday.</p>
<p>It said in a report Mauritius exported goods worth 6.79 billion rupees compared to imports of 8.81 billion rupees in the first quarter.</p>
<p>&quot;This deficit was almost at the same level as that of the corresponding quarter of 1996, 2.0 billion rupees, but 24.3-percent higher than that registered during the fourth quarter of 1996, 1.62 billion rupees,&quot; it said.</p>
<p>Total first-quarter export proceeds including domestic exports, re-exports and ship's stores and bunkers amounted to 6.79 billion rupees, up 71.0 million rupees, or 1.1 percent, from a year ago.</p>
<p>It said said exports by country of destination showed European Union countries as main buyers, taking 75-percent of Mauritius exports.</p>
<p>&quot;The United Kingdom remained the main buyer with 36 percent of Mauritius total exports,&quot; it said.</p>
<p>The import bill reached 8.81 billion rupees, a one-percent increase from 8.72 billion rupees in the corresponding 1996 period. ($1=21.829 Mauritius rupees)</p>
<p>--Clifford Vellien ++230 211-9555</p>
</text>
<copyright>(c) Reuters Limited 1997</copyright>
<metadata>
<codes class="bip:countries:1.0">
  <code code="MAURTS">
    <editdetail attribution="Reuters BIP Coding Group" action="confirmed" date="1997-08-19"/>
  </code>
</codes>
<codes class="bip:topics:1.0">
  <code code="E51">
    <editdetail attribution="Reuters BIP Coding Group" action="confirmed" date="1997-08-19"/>
  </code>
  <code code="E512">
    <editdetail attribution="Reuters BIP Coding Group" action="confirmed" date="1997-08-19"/>
  </code>
  <code code="ECAT">
    <editdetail attribution="Reuters BIP Coding Group" action="confirmed" date="1997-08-19"/>
  </code>
</codes>
<dc element="dc.date.created" value="1997-08-19"/>
<dc element="dc.publisher" value="Reuters Holdings Plc"/>
<dc element="dc.date.published" value="1997-08-19"/>
<dc element="dc.source" value="Reuters"/>
<dc element="dc.creator.location" value="PORT LOUIS"/>
<dc element="dc.creator.location.country.name" value="MAURITIUS"/>
<dc element="dc.source" value="Reuters"/>
</metadata>
</newsitem>
