<?xml version="1.0" encoding="iso-8859-1" ?>
<newsitem itemid="808018" id="root" date="1997-08-19" xml:lang="en">
<title>CANADA: Alpine to buy Argentina oil service firm.</title>
<headline>Alpine to buy Argentina oil service firm.</headline>
<dateline>CALGARY 1997-08-19</dateline>
<text>
<p>Alpine Oil Services Corp said on Tuesday it agreed to acquire all the shares of Argentine oil service and supply firm Alpha Oil Services SA for an undisclosed sum.</p>
<p>Neuquen, Argentina-based Alpha, which provides well abandonment services, pumping unit maintenance and tool rentals and repairs, had revenues of US$3 million in the year ended July 31, compared to US$2 million in fiscal 1996, Alpine said.</p>
<p>Alpine said it estimated Alpha's revenue would surpass US$3.5 million in 1998.</p>
<p>Alpha has long-term contracts with YPF SA, Alpine said, adding it expected to expand in Argentina by building on Alpha's contacts in the country and optimizing inventory.</p>
<p>((Reuters Calgary Bureau (403) 531-1624))</p>
</text>
<copyright>(c) Reuters Limited 1997</copyright>
<metadata>
<codes class="bip:countries:1.0">
  <code code="ARG">
    <editdetail attribution="Reuters BIP Coding Group" action="confirmed" date="1997-08-19"/>
  </code>
  <code code="CANA">
    <editdetail attribution="Reuters BIP Coding Group" action="confirmed" date="1997-08-19"/>
  </code>
</codes>
<codes class="bip:industries:1.0">
  <code code="I13000">
    <editdetail attribution="Reuters BIP Coding Group" action="confirmed" date="1997-08-19"/>
  </code>
</codes>
<codes class="bip:topics:1.0">
  <code code="C18">
    <editdetail attribution="Reuters BIP Coding Group" action="confirmed" date="1997-08-19"/>
  </code>
  <code code="C181">
    <editdetail attribution="Reuters BIP Coding Group" action="confirmed" date="1997-08-19"/>
  </code>
  <code code="CCAT">
    <editdetail attribution="Reuters BIP Coding Group" action="confirmed" date="1997-08-19"/>
  </code>
</codes>
<dc element="dc.date.created" value="1997-08-19"/>
<dc element="dc.publisher" value="Reuters Holdings Plc"/>
<dc element="dc.date.published" value="1997-08-19"/>
<dc element="dc.source" value="Reuters"/>
<dc element="dc.creator.location" value="CALGARY"/>
<dc element="dc.creator.location.country.name" value="CANADA"/>
<dc element="dc.source" value="Reuters"/>
</metadata>
</newsitem>
