<?xml version="1.0" encoding="iso-8859-1" ?>
<newsitem itemid="571285" id="root" date="1997-05-09" xml:lang="en">
<title>CANADA: Canada T-bills open stronger on Greenspan comments.</title>
<headline>Canada T-bills open stronger on Greenspan comments.</headline>
<dateline>TORONTO 1997-05-09</dateline>
<text>
<p>Canadian T-bills opened stronger on Friday after comments from U.S. Federal Reserve Chairman Alan Greenspan were interpreted as bullish for markets and helped spur buying from accounts, dealers said.</p>
<p>&quot;Greenspan's comments last night are the catalyst that's got this thing just turned around,&quot; said a dealer with one bank-owned brokerage. &quot;With the speech last night (he) has certainly hinted to the market, strongly hinted to the market, that rates are probably not going to go up in May.&quot;</p>
<p>Canada's three-month when-issued T-bill firmed to yield 3.04 percent from 3.11 percent at Thursday's close.  </p>
<p>Greenspan said in a speech on Thursday he expects economic growth to slow later this year and into next, but added that the central bank would need to act if that does not prove to be the case.</p>
<p>&quot;It's attracting a few more buyers in this morning,&quot; the dealer said. He said the market has moved from trading in a defensive manner to buying the market on weakness.</p>
<p>In other prices, the six-month when-issued T-bill firmed to yield 3.42 percent from 3.51 percent at the close of trading on Thursday. The one-year T-bill softened to yield 3.96 percent from 4.10 percent.  </p>
<p>The call loan rate traded at 3.0 percent, in the center of the Bank of Canada's 2.75-3.25 percent target range.</p>
<p>((Jeffrey Hodgson (416) 941-8105, e-mail:</p>
<p>jeffrey.hodgson@reuters.com)) (c) Reuters Limited 1997</p>
</text>
<copyright>(c) Reuters Limited 1997</copyright>
<metadata>
<codes class="bip:countries:1.0">
  <code code="CANA">
    <editdetail attribution="Reuters BIP Coding Group" action="confirmed" date="1997-05-09"/>
  </code>
</codes>
<codes class="bip:topics:1.0">
  <code code="M13">
    <editdetail attribution="Reuters BIP Coding Group" action="confirmed" date="1997-05-09"/>
  </code>
  <code code="M131">
    <editdetail attribution="Reuters BIP Coding Group" action="confirmed" date="1997-05-09"/>
  </code>
  <code code="MCAT">
    <editdetail attribution="Reuters BIP Coding Group" action="confirmed" date="1997-05-09"/>
  </code>
</codes>
<dc element="dc.date.created" value="1997-05-09"/>
<dc element="dc.publisher" value="Reuters Holdings Plc"/>
<dc element="dc.date.published" value="1997-05-09"/>
<dc element="dc.source" value="Reuters"/>
<dc element="dc.creator.location" value="TORONTO"/>
<dc element="dc.creator.location.country.name" value="CANADA"/>
<dc element="dc.source" value="Reuters"/>
</metadata>
</newsitem>
