<?xml version="1.0" encoding="iso-8859-1" ?>
<newsitem itemid="571273" id="root" date="1997-05-09" xml:lang="en">
<title>CANADA: Canadian key economic indicators.</title>
<headline>Canadian key economic indicators.</headline>
<text>
<p>INDICATOR		    PERIOD  LATEST  PREV1  PREV2  NEXT</p>
<p>UNEMPLOYMENT	     PCT  Apr     9.6     9.3     9.7  06/06</p>
<p>EMPLOYMENT GROWTH	THD  Apr     +33     +61     -18  06/06</p>
<p>CPI (MONTHLY, S/ADJ)   PCT  Mar    +0.1    +0.1    +0.1  05/15</p>
<p>CPI (MONTHLY, UNADJ)   PCT  Mar     0.2     0.1     0.2  05/15</p>
<p>CPI (ALL ITEMS, YR/YR) PCT  Mar    +2.0    +2.2    +2.2  05/15</p>
<p>CPI (EX-FOOD/ENER)     PCT  Mar     1.7    +1.5    +1.8  05/15</p>
<p>MERCH TRADE BALANCE    BLN  Feb  +C$2.19 +C$1.97 +C$2.84 05/21</p>
<p>MERCH IMPORTS (S/ADJ)  BLN  Feb  C$21.39 C$21.46 C$19.96 05/21</p>
<p>MERCH EXPORTS (S/ADJ)  BLN  Feb  C$23.58 C$23.43 C$22.79 05/21</p>
<p>CURR ACCT(SA QUARTERLY)BLN  Q1   -C$1.70 +C$0.55 +C$1.15 06/02</p>
<p>   INDICATOR		    PERIOD  LATEST  PREV1  PREV2  NEXT</p>
<p>GDP (MONTHLY)	    PCT   Feb    +0.5   +0.6   -0.2   06/02</p>
<p>GDP (QUARTERLY)	  PCT   Q4     +0.7   +0.8   +0.3   06/02</p>
<p>GDP PRICE DEFLATOR     PCT   Q4     +0.6   +0.7   +0.5   06/02</p>
<p>INDUSTRIAL PRICES	PCT   Mar    +0.2   +0.1   -0.2   05/28</p>
<p>RAW MATERIALS PRICES   PCT   Mar    -1.0   -3.2   +0.1   05/28</p>
<p>BUDGET DEF (MONTHLY)   BLN   Mar   C$1.81   VS   C$1.18    N/A</p>
<p>BUDGET DEF (YR-DATE)   BLN   12MO  C$9.64   VS   C$24.46   N/A</p>
<p>HOUSING STARTS (ANNUALIZED)  Apr 145,700 158,000 159,100 06/09</p>
<p>HOUSING STARTS (ANNUALIZED)  Q1  155,200 129,300 128,800 07/27</p>
<p>BUILDING PERMITS	 PCT   Mar    -5.0   +4.7   +8.5   06/03</p>
<p>  INDICATOR		    PERIOD  LATEST  PREV1  PREV2  NEXT</p>
<p>COMPOS LEADING INDIC   PCT   Mar   +0.9    +1.0   +1.0   05/22</p>
<p>MANUFAC SHIPMENTS	PCT   Feb   +0.6    +2.2   -0.6   05/16</p>
<p>MANUF UNFILLED ORDERS  PCT   Feb   +0.8    +3.0   +0.9   05/16</p>
<p>MANUF NEW ORDERS	 PCT   Feb   -2.0    +4.3   +1.0   05/16</p>
<p>INVENTORIES/SHIPMENTS RATIO  Jan   1.29    1.29   1.33   05/16</p>
<p>CAPACITY UTILIZATION   PCT   Q4    84.8    84.1   82.7   06/09</p>
<p>HELP WANTED INDEX	PCT   Apr    102     100     97   06/05</p>
<p>WAGE SETTLEMENTS	 PCT   Feb   +1.2    +1.3   +0.7   05/15</p>
<p>INDICATOR			 PERIOD  LATEST  PREV1  PREV2  NEXT</p>
<p>NEW MOTOR VEHICLE SALES  PCT  Feb    +5.1   -6.3  +5.1   05/13</p>
<p>AVG WEEKLY EARNINGS Y/Y  PCT  Feb    +3.6   +4.1  +2.7   05/29</p>
<p>RETAIL SALES		 PCT  Feb    +1.1   +1.4  -0.3   05/21</p>
<p>WHOLESALE TRADE M/M	PCT  Jan     3.0    1.4   0.0   05/20</p>
<p>NEW HOUSING PRICE Y/Y    PCT  Feb     0.0   -0.6  -0.9   05/12</p>
<p>((Reuters Ottawa Bureau (613) 235-6745))</p>
</text>
<copyright>(c) Reuters Limited 1997</copyright>
<metadata>
<codes class="bip:countries:1.0">
  <code code="CANA">
    <editdetail attribution="Reuters BIP Coding Group" action="confirmed" date="1997-05-09"/>
  </code>
</codes>
<codes class="bip:topics:1.0">
  <code code="E71">
    <editdetail attribution="Reuters BIP Coding Group" action="confirmed" date="1997-05-09"/>
  </code>
  <code code="ECAT">
    <editdetail attribution="Reuters BIP Coding Group" action="confirmed" date="1997-05-09"/>
  </code>
</codes>
<dc element="dc.publisher" value="Reuters Holdings Plc"/>
<dc element="dc.date.published" value="1997-05-09"/>
<dc element="dc.source" value="Reuters"/>
<dc element="dc.creator.location.country.name" value="CANADA"/>
<dc element="dc.source" value="Reuters"/>
</metadata>
</newsitem>
