<?xml version="1.0" encoding="iso-8859-1" ?>
<newsitem itemid="571298" id="root" date="1997-05-09" xml:lang="en">
<title>UK: SOCCER-STRACHAN WOULD GIVE UP MEDALS TO KEEP COVENTRY UP.</title>
<headline>SOCCER-STRACHAN WOULD GIVE UP MEDALS TO KEEP COVENTRY UP.</headline>
<dateline>COVENTRY, England 1997-05-09</dateline>
<text>
<p>Coventry manager Gordon Strachan would throw his 50 Scotland caps, F.A. Cup, Championship and European Cup Winners' Cup medals into the bin if it would save his side from relegation to the First Division, he said on Friday.</p>
<p>Coventry's 30-year run in the top flight is dangling by a thread and even if they manage to beat Tottenham in their last match of the season on Sunday, they will still be doomed if Middlesbrough win at Leeds or Sunderland beat Wimbledon.</p>
<p>&quot;I'd give up all my medals to save us -- I'd still have my memories and that's what counts. All we can do now is go to Tottenham and give it our best shot,&quot; he said.</p>
<p>The combative midfielder, who pulled a hamstring in the 2-1 defeat by Derby last Saturday, has not ruled himself out of this clash. &quot;I'd much rather be in the action on Sunday than watching from the dug-out.&quot;</p>
</text>
<copyright>(c) Reuters Limited 1997</copyright>
<metadata>
<codes class="bip:countries:1.0">
  <code code="UK">
    <editdetail attribution="Reuters BIP Coding Group" action="confirmed" date="1997-05-09"/>
  </code>
</codes>
<codes class="bip:topics:1.0">
  <code code="GCAT">
    <editdetail attribution="Reuters BIP Coding Group" action="confirmed" date="1997-05-09"/>
  </code>
  <code code="GSPO">
    <editdetail attribution="Reuters BIP Coding Group" action="confirmed" date="1997-05-09"/>
  </code>
</codes>
<dc element="dc.date.created" value="1997-05-09"/>
<dc element="dc.publisher" value="Reuters Holdings Plc"/>
<dc element="dc.date.published" value="1997-05-09"/>
<dc element="dc.source" value="Reuters"/>
<dc element="dc.creator.location" value="COVENTRY, England"/>
<dc element="dc.creator.location.country.name" value="UK"/>
<dc element="dc.source" value="Reuters"/>
</metadata>
</newsitem>
