<?xml version="1.0" encoding="iso-8859-1" ?>
<newsitem itemid="571291" id="root" date="1997-05-09" xml:lang="en">
<title>SWITZERLAND: CYCLING-CIPOLLINI CLAIMS SECOND STAGE WIN IN SUCCESSION.</title>
<headline>CYCLING-CIPOLLINI CLAIMS SECOND STAGE WIN IN SUCCESSION.</headline>
<dateline>MONTHEY, Switzerland 1997-05-09</dateline>
<text>
<p>Italy's Mario Cipollini overcame a snow storm and a tightly bunched field to win the weather-shortened third stage of the Tour of Romandie on Friday.</p>
<p>Cipollini was timed at four hours 36 minutes  40 seconds around the 161 kilometre stage from Estavayer-le-lac to Monthey that had shortened 10km because of the bad weather.</p>
<p>The Italian outsprinted Jan Svorada of the Czech Republic and compatriot Massimo Strazzer, who finished third, to claim his second straight stage win.</p>
<p>Erik Breukink of the Netherlands snatched the green leader's jersey from Britain's Chris Boardman who had worn it since winning the prologue on Tuesday.</p>
</text>
<copyright>(c) Reuters Limited 1997</copyright>
<metadata>
<codes class="bip:countries:1.0">
  <code code="ITALY">
    <editdetail attribution="Reuters BIP Coding Group" action="confirmed" date="1997-05-09"/>
  </code>
  <code code="SWITZ">
    <editdetail attribution="Reuters BIP Coding Group" action="confirmed" date="1997-05-09"/>
  </code>
</codes>
<codes class="bip:topics:1.0">
  <code code="GCAT">
    <editdetail attribution="Reuters BIP Coding Group" action="confirmed" date="1997-05-09"/>
  </code>
  <code code="GSPO">
    <editdetail attribution="Reuters BIP Coding Group" action="confirmed" date="1997-05-09"/>
  </code>
</codes>
<dc element="dc.date.created" value="1997-05-09"/>
<dc element="dc.publisher" value="Reuters Holdings Plc"/>
<dc element="dc.date.published" value="1997-05-09"/>
<dc element="dc.source" value="Reuters"/>
<dc element="dc.creator.location" value="MONTHEY, Switzerland"/>
<dc element="dc.creator.location.country.name" value="SWITZERLAND"/>
<dc element="dc.source" value="Reuters"/>
</metadata>
</newsitem>
