<?xml version="1.0" encoding="iso-8859-1" ?>
<newsitem itemid="571307" id="root" date="1997-05-09" xml:lang="en">
<title>USA: NHL ICE HOCKEY-RED WINGS SWEEP DUCKS, RANGERS GO UP 3-1 ON DEVILS.</title>
<headline>NHL ICE HOCKEY-RED WINGS SWEEP DUCKS, RANGERS GO UP 3-1 ON DEVILS.</headline>
<dateline>ANAHEIM, California 1997-05-08</dateline>
<text>
<p>Brendan Shanahan scored off a goalmouth scramble 17:03 into double overtime and the Detroit Red Wings completed a four-game sweep of their Western Conference semifinal series by outlasting the Mighty Ducks of Anaheim 3-2 Thursday.</p>
<p>In the night's other NHL game, Mike Richter made 35 saves to post his second shutout of the series as the New York Rangers took the heavily favoured New Jersey Devils to the brink of playoff elimination with a 3-0 home victory.</p>
<p>Shanahan got his first goal of the series on Detroit's 72nd shot of the game. Goaltender Mikhail Shtalenkov stopped a backhander by Martin Lapointe and Steve Yzerman's rebound attempt from just outside the crease before the puck squirted across to Shanahan. He was alone at the top of the crease and flipped it into an empty right side of the net.</p>
<p>The Red Wings posted three of their four wins in the series in overtime and advanced to the Western Conference finals for the third straight season. They will meet the winner of the series between Colorado and Edmonton.</p>
<p>Joe Sacco and Brian Bellows tallied for the Ducks, who were making their first-ever postseason appearance.</p>
<p>The Ducks grabbed a 2-1 lead on Bellows' power-play goal with 4:37 to go in the second period. He beat Mike Vernon with a shot from a bad angle at the bottom of the right faceoff circle for his second playoff goal.</p>
<p>Detroit tied it 9:09 into the third period on Nicklas Lidstrom's first postseason tally. Darren McCarty threw a pass while falling from behind the net and Lidstrom put a backhander from the slot through Shtalenkov's pads.</p>
<p>The Red Wings dominated after the second period, outshooting Anaheim in the third period and both overtimes by a combined 45-17. But Shtalenkov, playing for the injured Guy Hebert, kept the Ducks alive. His 69 saves were a franchise record -- regular season or playoffs.</p>
<p>He made an arm save on Kris Draper's blast from the left circle with 12:36 to go in the first overtime and used his stick to deny Draper again midway through the second OT period.</p>
<p>Anaheim went on the power play at 10:52 of the second overtime after Viacheslav Fetisov was penalised for high-sticking Warren Rychel. But the Red Wings held the Ducks without a shot.</p>
<p>Shtalenkov caught Igor Larionov's backhander in the midsection moments before Shanahan got the game-winner.</p>
<p>Sacco staked Anaheim to a 1-0 lead at the 3:01 mark of the first period, firing a slap shot from the top of the left circle past Vernon, who finished with 35 saves.</p>
<p>The Red Wings tied it with 1:35 to go in the period. Sergei Fedorov won a faceoff in the Ducks' zone and fed the puck to Doug Brown, who ripped a slap shot from the top of the left circle over Shtalenkov's right shoulder for his third goal of the series.</p>
<p>Anaheim had a chance to extend its 2-1 lead in the final minute of the second period, but Vernon dove to his left to stop Jari Kurri's breakaway attempt.</p>
<p>In New York, Adam Graves and Wayne Gretzky gave the Rangers a 2-0 lead after two periods and Esa Tikkanen added an empty-net goal in the final minute to give New York a three games to one lead in their best-of-seven Eastern Conference semifinal.</p>
<p>It was Richter's ninth career post-season shutout. He has stopped 132 of 136 Devils shots in the four games.</p>
<p>&quot;Ricky's been spectacular the whole playoffs, each and every night. He's on a roll,&quot; said Gretzky, whose second-period goal was the 118th post-season tally of his brilliant career.</p>
<p>&quot;Our team defence for nine games (including first-round matches against Florida) has been outstanding and when it has broken down, Richter's been there to make the big save.&quot;</p>
<p>But the win was a costly one for the Rangers. Talented young Swedish winger Niklas Sundstrom, who has five assists in nine playoff games, suffered a broken arm when New Jersey's John MacLean hit him with his stick as the Devils vented their frustration in the closing minutes.</p>
<p>No penalty was assessed on the play, but the Rangers were hoping to send tapes of the incident to NHL officials.</p>
<p>Sundstrom's injury and a brawl instigated by several Devils with 20 seconds remaining left Rangers coach Colin Campbell unable to enjoy the victory.</p>
<p>&quot;It was a huge price to pay for the win tonight,&quot; said Campbell.</p>
<p>The Rangers can wrap up the series and advance with a win in New Jersey on Sunday.</p>
</text>
<copyright>(c) Reuters Limited 1997</copyright>
<metadata>
<codes class="bip:countries:1.0">
  <code code="USA">
    <editdetail attribution="Reuters BIP Coding Group" action="confirmed" date="1997-05-09"/>
  </code>
</codes>
<codes class="bip:topics:1.0">
  <code code="GCAT">
    <editdetail attribution="Reuters BIP Coding Group" action="confirmed" date="1997-05-09"/>
  </code>
  <code code="GSPO">
    <editdetail attribution="Reuters BIP Coding Group" action="confirmed" date="1997-05-09"/>
  </code>
</codes>
<dc element="dc.date.created" value="1997-05-08"/>
<dc element="dc.publisher" value="Reuters Holdings Plc"/>
<dc element="dc.date.published" value="1997-05-09"/>
<dc element="dc.source" value="Reuters"/>
<dc element="dc.creator.location" value="ANAHEIM, California"/>
<dc element="dc.creator.location.country.name" value="USA"/>
<dc element="dc.source" value="Reuters"/>
</metadata>
</newsitem>
