<?xml version="1.0" encoding="iso-8859-1" ?>
<newsitem itemid="571391" id="root" date="1997-05-09" xml:lang="en">
<title>BULGARIA: INDICATORS - BULGARIA - UPDATED MAY 9.</title>
<headline>INDICATORS - BULGARIA - UPDATED MAY 9.</headline>
<text>
<p>GROSS DOMESTIC PRODUCT     1996    1995    1994    1993</p>
<p> Yr/yr change, pct real (P)-10.9    +2.5    +1.4    -2.4</p>
<p> bln levs		 (P)1,660.2   852.0   543.5   298.9</p>
<p>CENTRAL EXCHANGE RATE-Bulgarian National Bank daily fixing,</p>
<p>levs/dlr 1,498.50 (May 9) 495.74 (Dec31'96) 70.657(Dec31'95)</p>
<p>CENTRAL INTEREST RATE - 5.20 pct monthly from May 12 (6.20</p>
<p>pct April 28-May 11)</p>
<p>						MONTH    MTH AGO   YR AGO</p>
<p> FOREX RESERVES, mln USD	1,145.6(Apr)    554.3    627.7</p>
<p>CONSUMER PRICE INFLATION, pct</p>
<p> yr/yr			     +2,040.5(Mar) +1,839.0    +26.4</p>
<p> mth/mth				+12.3(Mar)   +242.7     +1.7</p>
<p> cumulative since Jan 1	  +452.3(Mar)   +391.9     +6.0</p>
<p>PRODUCER PRICE INFLATION, pct</p>
<p> mth/mth				+36.6(Mar)   +129.4     +2.4</p>
<p> yr/yr			     +2,072.7(Mar) +1,500.9    +26.7</p>
<p>UNEMPLOYMENT RATE</p>
<p> monthly total		    555,835(Mar)  525,148   434,027</p>
<p> pct of workforce		  14.5(Mar)     13.7	11.4</p>
<p>STATE INDUSTRIAL OUTPUT, pct real</p>
<p> yr/yr			     -3.3('96)  +4.6('95)  +8.5('94)</p>
<p>RECEIPTS FROM INDUSTRIAL SALES, pct real</p>
<p> yr/yr				   -16.4(Mar)   -24.2     N.A.</p>
<p> RETAIL SALES	  Jan-Mar	Jan-Feb	   Jan-Mar'96</p>
<p> yr/yr, pct real	-56.9	  -71.7	     +2.7</p>
<p>CONSOLIDATED STATE BUDGET, bln levs:</p>
<p> revenue		     77.154 (Jan 31'97); pct of GDP - 0.4</p>
<p> spending		   237.411 (Jan 31'97); pct of GDP - 1.1</p>
<p> deficit		   -160.256 (Jan 31'97); pct of GDP - 0.8</p>
<p> CENTRAL GOVT BUDGET (bln levs)    nominal	pct of plan</p>
<p> revenue				349.979 (1996)	N.A.</p>
<p> spending			     540.949 (1996)	N.A.</p>
<p> deficit			     -190.869 (1996)	N.A.</p>
<p> revenue			469.37 (April 30)   419 (April 17)</p>
<p> spending		     799.55 (April 30)   710 (April 17)</p>
<p> deficit		     -330.18 (April 30)  -291 (April 17)</p>
<p>GOVT DEBT (bln levs = lev debt + domestic dollar bonds):</p>
<p>2,484(March 31)  2,778(Feb 28)  1,053(Dec 31)  345.4(Dec31'95)</p>
<p> FOREIGN DEBT,	     1996    1995    1994    1993    1992</p>
<p> total mln USD	    9,655   10,513  11,411  13,889  13,858</p>
<p> FOREIGN DEBT/GDP	  99.1    80.9   118.9   131.0   161.1</p>
<p> DEBT SERVICE/GDP	  10.8     7.3    15.1     4.0     5.1</p>
<p> DEBT/EXPORTS	     158.8   155.1   219.8   283.6   275.7</p>
<p> DEBT SERVICE/EXPORTS    17.2    13.9    27.9     8.7     8.8</p>
<p> CURRENT ACCOUNT		 Jan-Sept	Jan-Sept'95</p>
<p> mln USD			     -33.7	   +103.2</p>
<p> TRADE BALANCE, mln USD	 +131.8	   +243.0</p>
<p> exports FOB		     3,337.2	  3,956.0</p>
<p> imports FOB		     3,205.4	  3,713.0</p>
<p> SERVICES NET		     +122.0	   +173.5</p>
<p> RECEIPTS			    116.8	    114.9</p>
<p> PAYMENTS			    498.9	    529.3</p>
<p> CAPITAL ACCOUNT, mln USD	+58.6	   -325.2</p>
<p>--------------------------------------------------------------</p>
<p>* NOTES: Consolidated state budget comprises the central</p>
<p>government budget and the budgets of the judicial system, the</p>
<p>ministries and municipalities.</p>
<p>(P) denotes preliminary figures.</p>
<p>-- Sofia Newsroom, (++359-2) 91188</p>
</text>
<copyright>(c) Reuters Limited 1997</copyright>
<metadata>
<codes class="bip:countries:1.0">
  <code code="BUL">
    <editdetail attribution="Reuters BIP Coding Group" action="confirmed" date="1997-05-09"/>
  </code>
</codes>
<codes class="bip:topics:1.0">
  <code code="E71">
    <editdetail attribution="Reuters BIP Coding Group" action="confirmed" date="1997-05-09"/>
  </code>
  <code code="ECAT">
    <editdetail attribution="Reuters BIP Coding Group" action="confirmed" date="1997-05-09"/>
  </code>
</codes>
<dc element="dc.publisher" value="Reuters Holdings Plc"/>
<dc element="dc.date.published" value="1997-05-09"/>
<dc element="dc.source" value="Reuters"/>
<dc element="dc.creator.location.country.name" value="BULGARIA"/>
<dc element="dc.source" value="Reuters"/>
</metadata>
</newsitem>
