<?xml version="1.0" encoding="iso-8859-1" ?>
<newsitem itemid="571333" id="root" date="1997-05-09" xml:lang="en">
<title>AUSTRALIA: CRICKET-AUSTRALIAN CRICKET BOARD NAMES NEW CEO.</title>
<headline>CRICKET-AUSTRALIAN CRICKET BOARD NAMES NEW CEO.</headline>
<dateline>SYDNEY 1997-05-09</dateline>
<text>
<p>The Australian Cricket Board (ACB) said on Friday that lawyer Malcolm Speed would be its new chief executive to replace Graham Halbish, who was sacked in January after a dispute with board members.</p>
<p>Speed, 48, is executive chairman of the Australian national basketball league but said he would resign from that post. With an extensive background in sports administration, Speed was a keen club cricketer for about 20 years.</p>
<p>&quot;The Australian Cricket Board is delighted it has been able to appoint someone of outstanding quality and the board looks forward to working with Mr Speed in facing the many challenges that Australian and world cricket will confront in the future,&quot; ACB chairman Denis Rogers said in a statement.</p>
<p>Speed's predecessor Halbish left his post in January and reached an out-of-court settlement with the ACB after suing them for unfair dismissal.</p>
<p>Halbish is now involved in another dispute with the ACB, which refuses to accept him as the representative of the newly-formed Australian Cricketers' Association in pay negotiations.</p>
<p>Speed said he will not join the Australia team when they leave on Saturday for their six-test Ashes tour of Englsand but added he would attend an International Cricket Council meeting in Britain later in the year.</p>
<p>He added it was important for cricket administrators to address new issues and for the game to change with the times.</p>
<p>&quot;Cricket has a very traditional following, but we've also got to look at ways of accomodating new generations of cricket followers,&quot; Speed told reporters.</p>
</text>
<copyright>(c) Reuters Limited 1997</copyright>
<metadata>
<codes class="bip:countries:1.0">
  <code code="AUSTR">
    <editdetail attribution="Reuters BIP Coding Group" action="confirmed" date="1997-05-09"/>
  </code>
</codes>
<codes class="bip:topics:1.0">
  <code code="GCAT">
    <editdetail attribution="Reuters BIP Coding Group" action="confirmed" date="1997-05-09"/>
  </code>
  <code code="GSPO">
    <editdetail attribution="Reuters BIP Coding Group" action="confirmed" date="1997-05-09"/>
  </code>
</codes>
<dc element="dc.date.created" value="1997-05-09"/>
<dc element="dc.publisher" value="Reuters Holdings Plc"/>
<dc element="dc.date.published" value="1997-05-09"/>
<dc element="dc.source" value="Reuters"/>
<dc element="dc.creator.location" value="SYDNEY"/>
<dc element="dc.creator.location.country.name" value="AUSTRALIA"/>
<dc element="dc.source" value="Reuters"/>
</metadata>
</newsitem>
