<?xml version="1.0" encoding="iso-8859-1" ?>
<newsitem itemid="571360" id="root" date="1997-05-09" xml:lang="en">
<title>ITALY: TENNIS-MARTINEZ ON COURSE FOR CLASH WITH SANCHEZ.</title>
<headline>TENNIS-MARTINEZ ON COURSE FOR CLASH WITH SANCHEZ.</headline>
<byline>Alan Baldwin</byline>
<dateline>ROME 1997-05-09</dateline>
<text>
<p>Reigning champion Conchita Martinez stormed into the semifinals of the Italian Open women's tennis tournament on Friday with a no-nonsense defeat of unseeded South African Joannette Kruger.</p>
<p>The Spanish third seed, winner of the Foro Italico clay court tournament for a record four consecutive years, won 6-0 6-4 to stay on course for a semifinal clash with second-seeded compatriot Arantxa Sanchez Vicario.</p>
<p>Former world number one Sanchez was due to play unseeded Swiss Patty Schnyder in the late match under floodlights.</p>
<p>Martinez offered few frills in her demolition of Kruger. She turned up, performed the routine task demanded of her and then clocked off.</p>
<p>The only real emotion on a sun-baked centre court was the occasional scream from Kruger at yet another lost point.</p>
<p>Saturday will see Martinez's fifth successive semifinal at the Italian Open and her sixth in total.</p>
<p>The Spaniard's last defeat at the Foro Italico dates back to the 1991 semifinal when she lost to now-retired Argentine Gabriela Sabatini, who went on to take the title. She did not compete at the 1992 Open.</p>
<p>Austrian Barbara Paulus won through in the other half of the draw.</p>
<p>The 11th seed, who has not played in Rome since 1989, defeated Romanian seventh seed Irina Spirlea 6-4 6-2 and now meets either France's Mary Pierce, conqueror of top seed Monica Seles on Thursday, or Romanian Ruxandra Dragomir.</p>
<p>&quot;They are both very good,&quot; said Paulus. &quot;Dragomir was finalist at Hamburg last week while everyone knows that Mary Pierce plays a very powerful game.&quot;</p>
<p>Paulus was injured in 1990 and took three years off the circuit as she recovered and had treatment to her knees, ankles and wrists -- seven operations in all.</p>
<p>&quot;I didn't expect too much but it is working,&quot; she said. &quot;I think now I'm playing better than in 1990.&quot;</p>
<p>&quot;I really didn't expect to reach the top 20 again,&quot; the 17th-ranked Austrian said.</p>
<p>Kruger captured just 12 points from Martinez in a lightning first set as the former Wimbledon champion, whose more interesting comments in a subsequent news conference concerned her love of motorbikes, revved up and roared away.</p>
<p>The second set was more of a contest and brought, momentarily, a vague hint of suspense.</p>
<p>Martinez broke Kruger in the opening game and then held serve before herself suffering a rare service break.</p>
<p>Kruger, a quarter-finalist in Rome in 1995, went 3-2 ahead before Martinez again broke her serve and went on to take the set 6-4, serving out to love.</p>
<p>&quot;I think Rome is always special for me...I've always played well here, I don't know why,&quot; the Spaniard said.</p>
</text>
<copyright>(c) Reuters Limited 1997</copyright>
<metadata>
<codes class="bip:countries:1.0">
  <code code="ITALY">
    <editdetail attribution="Reuters BIP Coding Group" action="confirmed" date="1997-05-09"/>
  </code>
  <code code="SAFR">
    <editdetail attribution="Reuters BIP Coding Group" action="confirmed" date="1997-05-09"/>
  </code>
  <code code="SPAIN">
    <editdetail attribution="Reuters BIP Coding Group" action="confirmed" date="1997-05-09"/>
  </code>
</codes>
<codes class="bip:topics:1.0">
  <code code="GCAT">
    <editdetail attribution="Reuters BIP Coding Group" action="confirmed" date="1997-05-09"/>
  </code>
  <code code="GSPO">
    <editdetail attribution="Reuters BIP Coding Group" action="confirmed" date="1997-05-09"/>
  </code>
</codes>
<dc element="dc.date.created" value="1997-05-09"/>
<dc element="dc.publisher" value="Reuters Holdings Plc"/>
<dc element="dc.date.published" value="1997-05-09"/>
<dc element="dc.source" value="Reuters"/>
<dc element="dc.creator.location" value="ROME"/>
<dc element="dc.creator.location.country.name" value="ITALY"/>
<dc element="dc.source" value="Reuters"/>
</metadata>
</newsitem>
