<?xml version="1.0" encoding="iso-8859-1" ?>
<newsitem itemid="571382" id="root" date="1997-05-09" xml:lang="en">
<title>ZIMBABWE: ZIMBABWE DOLLAR ENDS STABLE WEEK EASIER.</title>
<headline>ZIMBABWE DOLLAR ENDS STABLE WEEK EASIER.</headline>
<dateline>HARARE 1997-05-09</dateline>
<text>
<p>The Zimbabwe dollar, stable for most of the week, closed Friday mixed against the hard currencies but dealers forecast continued stability next week on the back of stronger tobacco-related foreign currency inflows.</p>
<p>The local dollar closed Friday at 11.3025/3125 against the key U.S. currency, unchanged from its opening level but some two cents down compared to its Monday level of around 11.3215.</p>
<p>Dealers reported some large payments that were generally matched by inflows composed of tobacco and mineral export receipts, leaving the Reserve bank inactive.</p>
<p>&quot;We should see more tobacco money coming in next week and more central bank activity,&quot; one dealer told Reuters.</p>
<p>&quot;This week the market struck a balance and there has been a natural mop-up of excess funds,&quot; he said, adding:&quot;We still expect a stable dollar but inflation is complicating things.&quot;</p>
<p>Analysts expect annual inflation, measured at 19.9 percent in the year to March, to rise further in April on the back of a spate of price increases.</p>
<p>Against the pound, the Zimbabwe dollar closed firmer at 18.2739/3014 after opening at 18.3729/4027. It however lost against the rand at 2.5325/5364 compared to 2.5316/5356 and against the mark to 6.6811/6900 after opening at 6.6297/6395.</p>
<p>--Harare Newsroom: +263-4 72 52 27/8/9</p>
</text>
<copyright>(c) Reuters Limited 1997</copyright>
<metadata>
<codes class="bip:countries:1.0">
  <code code="ZIMBAB">
    <editdetail attribution="Reuters BIP Coding Group" action="confirmed" date="1997-05-09"/>
  </code>
</codes>
<codes class="bip:topics:1.0">
  <code code="M13">
    <editdetail attribution="Reuters BIP Coding Group" action="confirmed" date="1997-05-09"/>
  </code>
  <code code="M132">
    <editdetail attribution="Reuters BIP Coding Group" action="confirmed" date="1997-05-09"/>
  </code>
  <code code="MCAT">
    <editdetail attribution="Reuters BIP Coding Group" action="confirmed" date="1997-05-09"/>
  </code>
</codes>
<dc element="dc.date.created" value="1997-05-09"/>
<dc element="dc.publisher" value="Reuters Holdings Plc"/>
<dc element="dc.date.published" value="1997-05-09"/>
<dc element="dc.source" value="Reuters"/>
<dc element="dc.creator.location" value="HARARE"/>
<dc element="dc.creator.location.country.name" value="ZIMBABWE"/>
<dc element="dc.source" value="Reuters"/>
</metadata>
</newsitem>
