<?xml version="1.0" encoding="iso-8859-1" ?>
<newsitem itemid="571311" id="root" date="1997-05-09" xml:lang="en">
<title>USA: GOLF-LEADING SCORES AT ATLANTA CLASSIC AFTER FIRST ROUND.</title>
<headline>GOLF-LEADING SCORES AT ATLANTA CLASSIC AFTER FIRST ROUND.</headline>
<dateline>DULUTH, Georgia 1997-05-08</dateline>
<text>
<p>Leading scores after the</p>
<p>first round of the $1.5 million BellSouth Atlanta Classic on</p>
<p>Thursday at the 7,259-yard, par-72 Sugarloaf TPC (players U.S.</p>
<p>unless stated)</p>
<p>64 Don Pooley</p>
<p>66 Nick Price (Zimbabwe), Scott Simpson, Donnie Hammond,</p>
<p>Bobby Wadkins, David Duval</p>
<p>67 Scott Dunlap</p>
<p>68 Bob Estes, Jay Haas, Dan Forsman, Craig Kanada, Skip</p>
<p>Kendall</p>
<p>69 Scott Gump, Mike Brisky, Dudley Hart, Lee Janzen, David</p>
<p>Toms, Charlie Rymer, Craig Bowden, Chip Sullivan, Marco</p>
<p>Dawson, Glen Day, Hal Sutton, Bill Glasson, Jim Gallagher</p>
<p>Other non-U.S. players:</p>
<p>70 Greg Norman (Australia), Frank Nobilo (New Zealand)</p>
<p>72 Stuart Appleby (Australia), Grant Waite (New Zealand),</p>
<p>Gabriel Hjertstedt (Sweden), Brad Hughes (Australia), Rafael</p>
<p>Alarcon (Mexico)</p>
<p>73 Daniel Escalera (Venezuela)</p>
<p>74 Naomichi &quot;Joe&quot; Ozaki (Japan), Hisayuki Sasaki (Japan),</p>
<p>Steve Rintoul (Australia)</p>
<p>76 Denis Watson (Zimbabwe)</p>
<p>77 Hideki Kase (Japan)</p>
<p>84 Stephen Keppler (Britain)</p>
</text>
<copyright>(c) Reuters Limited 1997</copyright>
<metadata>
<codes class="bip:countries:1.0">
  <code code="USA">
    <editdetail attribution="Reuters BIP Coding Group" action="confirmed" date="1997-05-09"/>
  </code>
</codes>
<codes class="bip:topics:1.0">
  <code code="GCAT">
    <editdetail attribution="Reuters BIP Coding Group" action="confirmed" date="1997-05-09"/>
  </code>
  <code code="GSPO">
    <editdetail attribution="Reuters BIP Coding Group" action="confirmed" date="1997-05-09"/>
  </code>
</codes>
<dc element="dc.date.created" value="1997-05-08"/>
<dc element="dc.publisher" value="Reuters Holdings Plc"/>
<dc element="dc.date.published" value="1997-05-09"/>
<dc element="dc.source" value="Reuters"/>
<dc element="dc.creator.location" value="DULUTH, Georgia"/>
<dc element="dc.creator.location.country.name" value="USA"/>
<dc element="dc.source" value="Reuters"/>
</metadata>
</newsitem>
