<?xml version="1.0" encoding="iso-8859-1" ?>
<newsitem itemid="571316" id="root" date="1997-05-09" xml:lang="en">
<title>UK: SOCCER-ZOLA FIT FOR CHELSEA IN F.A. CUP FINAL.</title>
<headline>SOCCER-ZOLA FIT FOR CHELSEA IN F.A. CUP FINAL.</headline>
<dateline>LONDON 1997-05-09</dateline>
<text>
<p>Chelsea's Italian international striker Gianfranco Zola has recovered from a hamstring injury and will be fit for the F.A. Cup final against Middlesbrough on May 17.</p>
<p>But the diminutive 29-year-old, voted the English League's Footballer of the Year last week, is being rested for Chelsea's last league match against Everton on Sunday.</p>
<p>&quot;I've only been fit for training for two days and with muscle injuries you have to be careful,&quot; Zola said following a training session at the club's training ground on Friday.</p>
<p>Manager Ruud Gullit said his other Italian striker Gianluca Vialli would play up front against Everton.</p>
<p>Chelsea are still in the running for a UEFA Cup place, but they hope to be playing in the Cup Winners' Cup instead.</p>
<p>Gullit said he had a squad of 21 fit first team players to choose from against Everton and for the Cup final.</p>
<p>&quot;But I won't be naming the team until the day,&quot; he said.</p>
</text>
<copyright>(c) Reuters Limited 1997</copyright>
<metadata>
<codes class="bip:countries:1.0">
  <code code="ITALY">
    <editdetail attribution="Reuters BIP Coding Group" action="confirmed" date="1997-05-09"/>
  </code>
  <code code="UK">
    <editdetail attribution="Reuters BIP Coding Group" action="confirmed" date="1997-05-09"/>
  </code>
</codes>
<codes class="bip:topics:1.0">
  <code code="GCAT">
    <editdetail attribution="Reuters BIP Coding Group" action="confirmed" date="1997-05-09"/>
  </code>
  <code code="GSPO">
    <editdetail attribution="Reuters BIP Coding Group" action="confirmed" date="1997-05-09"/>
  </code>
</codes>
<dc element="dc.date.created" value="1997-05-09"/>
<dc element="dc.publisher" value="Reuters Holdings Plc"/>
<dc element="dc.date.published" value="1997-05-09"/>
<dc element="dc.source" value="Reuters"/>
<dc element="dc.creator.location" value="LONDON"/>
<dc element="dc.creator.location.country.name" value="UK"/>
<dc element="dc.source" value="Reuters"/>
</metadata>
</newsitem>
