<?xml version="1.0" encoding="iso-8859-1" ?>
<newsitem itemid="571395" id="root" date="1997-05-09" xml:lang="en">
<title>BULGARIA: BULGARIAN BANKING STATISTICS - UPDATED MAY 9.</title>
<headline>BULGARIAN BANKING STATISTICS - UPDATED MAY 9.</headline>
<text>
<p>Central exchange rate-Bulgarian National Bank (BNB) daily fix:</p>
<p>Levs/dollar 1,498.50 (May 9) 495.74 (Dec30) 70.719 (Dec30'95)</p>
<p>Broad money, bln levs:</p>
<p>3,138.4 (Apr 25) 3,200.6(Mar 28) 3,444.5(Feb28) 2,017.2(Jan31)</p>
<p>M1 nominal, bln levs:  579.9 April 25</p>
<p>M1 pct change +21.24 (Apr 25-Mar 28)</p>
<p>M2 nominal, bln levs: 2,976.6 April 25</p>
<p>M2 pct change  -0.34 (Apr 25-Mar 28)</p>
<p>Central bank total refinancing, bln levs:</p>
<p>54.826 (Apr25) 55.834 (Mar28) 55.874 (Feb28) 62.336 (Dec27)</p>
<p>Central interest rate - 5.20 pct monthly from May 12 (6.20 pct</p>
<p>monthly April 28-May 11)</p>
<p>BNB monthly repo rate: 3.47 pct (1-2 days).</p>
<p>Money market lev funds rate, annual - 55-75 pct</p>
<p> Coupon T-bills cumulative annual yield.</p>
<p> Coupon T-notes cumulative annual yield.</p>
<p> Discount T-bills cumulative annual yield.</p>
<p>-- Sofia Newsroom, 359-2-91188</p>
</text>
<copyright>(c) Reuters Limited 1997</copyright>
<metadata>
<codes class="bip:countries:1.0">
  <code code="BUL">
    <editdetail attribution="Reuters BIP Coding Group" action="confirmed" date="1997-05-09"/>
  </code>
</codes>
<codes class="bip:topics:1.0">
  <code code="E12">
    <editdetail attribution="Reuters BIP Coding Group" action="confirmed" date="1997-05-09"/>
  </code>
  <code code="E121">
    <editdetail attribution="Reuters BIP Coding Group" action="confirmed" date="1997-05-09"/>
  </code>
  <code code="ECAT">
    <editdetail attribution="Reuters BIP Coding Group" action="confirmed" date="1997-05-09"/>
  </code>
  <code code="M13">
    <editdetail attribution="Reuters BIP Coding Group" action="confirmed" date="1997-05-09"/>
  </code>
  <code code="M131">
    <editdetail attribution="Reuters BIP Coding Group" action="confirmed" date="1997-05-09"/>
  </code>
  <code code="MCAT">
    <editdetail attribution="Reuters BIP Coding Group" action="confirmed" date="1997-05-09"/>
  </code>
</codes>
<dc element="dc.publisher" value="Reuters Holdings Plc"/>
<dc element="dc.date.published" value="1997-05-09"/>
<dc element="dc.source" value="Reuters"/>
<dc element="dc.creator.location.country.name" value="BULGARIA"/>
<dc element="dc.source" value="Reuters"/>
</metadata>
</newsitem>
