<?xml version="1.0" encoding="iso-8859-1" ?>
<newsitem itemid="571351" id="root" date="1997-05-09" xml:lang="en">
<title>BELGIUM: SOCCER-BELGIUM FIRST DIVISION RESULTS/STANDINGS.</title>
<headline>SOCCER-BELGIUM FIRST DIVISION RESULTS/STANDINGS.</headline>
<dateline>BRUSSELS 1997-05-09</dateline>
<text>
<p>Result of Belgian first division soccer matches played on Friday:</p>
<p>    Charleroi	2    Mouscron	1</p>
<p>    Sint Truiden  4   Lierse		 2</p>
<p>To be played on Saturday:</p>
<p>    Mechelen	 v   Lommel	</p>
<p>    Molenbeek	v   Antwerp     </p>
<p>    Standard Liege v   Ghent    </p>
<p>    Genk	     v   Harelbeke   </p>
<p>    Ekeren	   v   Anderlecht  </p>
<p>    Aalst	    v   Lokeren     </p>
<p>    Club Brugge    v   Cercle Brugge</p>
<p>Standings after Friday matches  1.Lierse		   32 19  3 10    62    36   67</p>
<p> 2.Club Brugge	    31 20  6  5    64    32   65</p>
<p> 3.Mouscron		 32 16  7  9    56    38   57</p>
<p> 4.Lommel		   31 15  9  7    44    43   52</p>
<p> 5.Anderlecht	     31 14  7 10    50    32   52</p>
<p> 6.Antwerp		  31 14 12  5    44    41   47</p>
<p> 7.Harelbeke		31 12  9 10    45    33   46</p>
<p> 8.Standard-Liege	 31 14 15  2    50    50   44</p>
<p> 9.Genk		     31 12 11  8    42    36   44</p>
<p> 10.Sint-Truiden	  32 10 14  8    45    54   38</p>
<p> 11.Ekeren		  31 10 14  7    43    51   37</p>
<p> 12.Charleroi	     32 10 15  7    43    49   37</p>
<p> 13.Lokeren		 31  9 15  7    37    52   34</p>
<p> 14.Molenbeek	     31  8 13 10    29    37   34</p>
<p> 15.Ghent		   31  9 16  6    42    55   33</p>
<p> 16.Aalst		   31  7 14 10    40    53   31</p>
<p> 17.Mechelen		31  7 14 10    33    48   31</p>
<p> 18.Cercle Brugge	 31  5 17  9    31    60   24</p>
</text>
<copyright>(c) Reuters Limited 1997</copyright>
<metadata>
<codes class="bip:countries:1.0">
  <code code="BELG">
    <editdetail attribution="Reuters BIP Coding Group" action="confirmed" date="1997-05-09"/>
  </code>
</codes>
<codes class="bip:topics:1.0">
  <code code="GCAT">
    <editdetail attribution="Reuters BIP Coding Group" action="confirmed" date="1997-05-09"/>
  </code>
  <code code="GSPO">
    <editdetail attribution="Reuters BIP Coding Group" action="confirmed" date="1997-05-09"/>
  </code>
</codes>
<dc element="dc.date.created" value="1997-05-09"/>
<dc element="dc.publisher" value="Reuters Holdings Plc"/>
<dc element="dc.date.published" value="1997-05-09"/>
<dc element="dc.source" value="Reuters"/>
<dc element="dc.creator.location" value="BRUSSELS"/>
<dc element="dc.creator.location.country.name" value="BELGIUM"/>
<dc element="dc.source" value="Reuters"/>
</metadata>
</newsitem>
