<?xml version="1.0" encoding="iso-8859-1" ?>
<newsitem itemid="571441" id="root" date="1997-05-09" xml:lang="en">
<title>LITHUANIA: VILNIAUS BANK SAYS Q1 NET PROFIT UP.</title>
<headline>VILNIAUS BANK SAYS Q1 NET PROFIT UP.</headline>
<dateline>VILNIUS 1997-05-09</dateline>
<text>
<p>Lithuania's leading private bank, Vilniaus Bank, said on Friday that its Q1 audited net profit was 10.49 million litas versus 5.04 million litas for the same period last year.  </p>
<p>Julius Niedvaras, the chairman of the bank, also told a news conference that according to Lithuanian accounting standards, the bank's net profit for the first three months of the year was around 15 million litas.</p>
<p>He added that the bank's assets grew in the first quarter of 1997 to 946.93 million litas from 914.65 million litas.</p>
<p>&quot;The bank was planning a net profit for 1997 of around 40 million litas...we think that the figure could be higher,&quot; Niedvaras said.</p>
<p>He added that the bank was eyeing the possibility of expanding its banking and leasing operations into neighbouring and CIS countries.</p>
<p>&quot;We have started to examine possibilities in neighbouring countries and are also looking further,&quot; he said.</p>
<p>&quot;Our researchers are currently gathering information in the Baltic counrties, Ukraine, Russia, Kazakhstan, Belarus, Uzbekistan and Poland,&quot; he said, adding that the bank was planning no hasty moves.</p>
<p>Niedvaras also confirmed that Vilniaus Bank was considering buying a stake in the State Commercial Bank, which has been slated for privatisation.</p>
<p>&quot;We have submitted a letter of intent to the government expressing our interest in participating in the privatisation of the State Commercial Bank,&quot; he said.</p>
<p>He added that the bank was examining the financial results of four to five other Lithuanian banks with the intention of acquiring a stake in at least one of them.</p>
<p>-- Andrius Vilkancas, Vilnius newsroom +370 2 22 35 18</p>
</text>
<copyright>(c) Reuters Limited 1997</copyright>
<metadata>
<codes class="bip:countries:1.0">
  <code code="LITH">
    <editdetail attribution="Reuters BIP Coding Group" action="confirmed" date="1997-05-09"/>
  </code>
</codes>
<codes class="bip:industries:1.0">
  <code code="I81402">
    <editdetail attribution="Reuters BIP Coding Group" action="confirmed" date="1997-05-09"/>
  </code>
</codes>
<codes class="bip:topics:1.0">
  <code code="C15">
    <editdetail attribution="Reuters BIP Coding Group" action="confirmed" date="1997-05-09"/>
  </code>
  <code code="C151">
    <editdetail attribution="Reuters BIP Coding Group" action="confirmed" date="1997-05-09"/>
  </code>
  <code code="C152">
    <editdetail attribution="Reuters BIP Coding Group" action="confirmed" date="1997-05-09"/>
  </code>
  <code code="CCAT">
    <editdetail attribution="Reuters BIP Coding Group" action="confirmed" date="1997-05-09"/>
  </code>
</codes>
<dc element="dc.date.created" value="1997-05-09"/>
<dc element="dc.publisher" value="Reuters Holdings Plc"/>
<dc element="dc.date.published" value="1997-05-09"/>
<dc element="dc.source" value="Reuters"/>
<dc element="dc.creator.location" value="VILNIUS"/>
<dc element="dc.creator.location.country.name" value="LITHUANIA"/>
<dc element="dc.source" value="Reuters"/>
</metadata>
</newsitem>
