<?xml version="1.0" encoding="iso-8859-1" ?>
<newsitem itemid="571455" id="root" date="1997-05-09" xml:lang="en">
<title>UK: Oil prices face more losses if OPEC restraint fails.</title>
<headline>Oil prices face more losses if OPEC restraint fails.</headline>
<byline>Mark Thompson</byline>
<dateline>LONDON 1997-05-09</dateline>
<text>
<p>Oil prices steadied on Friday amid talk of thinner North Sea supply next month but analysts warned failure to rein in OPEC production and ample stocks would spark further losses in the medium term.</p>
<p>Benchmark Brent crude oil futures for June delivery settled 24 cents higher at $18.93 a barrel in London, consolidating the week's 80-cent gains.</p>
<p>Traders said the prospect of a heavy June programme of maintenance work in the North Sea, which was expected to bite into the supply of Brent and other regional crudes, lent support to prices.</p>
<p>The Paris-based International Energy Agency (IEA) revised up its forecast of demand for oil from the Organisation of Petroleum Exporting Countries (OPEC) in the second quarter by 100,000 barrels per day (bpd), a result of delayed start-ups of new non-OPEC capacity and maintenance schedules.</p>
<p>But the IEA also forecast a trend-bucking increase in global supply in the second quarter &quot;despite North Sea maintenance and seasonal declines in the U.S. and Canada.&quot;</p>
<p>Coming on top of a 220,000 barrels per day (bpd) rise in OPEC output in April, and the lowest fall in OECD industry stocks for any winter since 1990, further production growth was likely to tip prices lower again, the IEA said in its latest monthly market report.</p>
<p>&quot;The absence of a stockdraw in the first quarter of 1997...is seen as a bearish signal for oil markets for the remainder of the year,&quot; the West's energy watchdog said.</p>
<p>The IEA said the 11-member cartel produced 27.13 million bpd in April, leaving its own self-imposed but long-ignored ceiling of 25.03 million bpd even further behind.</p>
<p>Several OPEC ministers in Iran for a conference including the group's president, Libya's Abdullah Salem al-Badri, have called this week for the production ceiling to be frozen at the full ministerial meeting in Vienna next month and for individual members to exercise quota discipline.</p>
<p>The ministers warned that without plugging their leaky quota system sliding oil prices, which have shed about 25 percent since the start of 1997, could fall further and put all too familiar pressure on national budgets.</p>
<p>But analysts said the call for action, led by price-hawk Iran and Kuwait, one of only three core Gulf OPEC members keeping capacity in mothballs, would fall on deaf ears.</p>
<p>They saw little chance that OPEC's biggest quota busters, heavily represented at the conference by Venezuela and Nigeria, would stand by their renewed promise of collective restraint.</p>
<p>&quot;They have taken the commercial road, invited in foreign investment and raised capacity. They're not going to sit on that capacity and hand back market share to non-OPEC,&quot; said an OPEC delegate.</p>
<p>&quot;Even when prices fall OPEC won't cut... A prolonged period of oversupply is in prospect,&quot; said Geoff Pyne, oil analyst at UBS Global Research.</p>
<p>Growing supplies have been absorbed into storage so far this year but with stocks rising at around two million bpd, most companies will have put enough oil away by the end of June, analysts said.</p>
<p>&quot;Any boost to oil supplies that threatens to take stocks above the current lower desired level will cause prompt prices to fall sharply,&quot; said the Centre for Global Energy Studies in a report released on Friday.</p>
<p>Crude oil prices in dollars per barrel:</p>
<p>						   May 9	May 8</p>
<p>						  (close)    (close)</p>
<p>    Dated Brent			     $18.73     $18.32</p>
<p>    IPE London Brent Futures (Jun)     $18.93    $18.67</p>
<p>    NYMEX light crude futures (Jun)    $20.45    $20.34</p>
</text>
<copyright>(c) Reuters Limited 1997</copyright>
<metadata>
<codes class="bip:countries:1.0">
  <code code="UK">
    <editdetail attribution="Reuters BIP Coding Group" action="confirmed" date="1997-05-09"/>
  </code>
</codes>
<codes class="bip:topics:1.0">
  <code code="M14">
    <editdetail attribution="Reuters BIP Coding Group" action="confirmed" date="1997-05-09"/>
  </code>
  <code code="M143">
    <editdetail attribution="Reuters BIP Coding Group" action="confirmed" date="1997-05-09"/>
  </code>
  <code code="MCAT">
    <editdetail attribution="Reuters BIP Coding Group" action="confirmed" date="1997-05-09"/>
  </code>
</codes>
<dc element="dc.date.created" value="1997-05-09"/>
<dc element="dc.publisher" value="Reuters Holdings Plc"/>
<dc element="dc.date.published" value="1997-05-09"/>
<dc element="dc.source" value="Reuters"/>
<dc element="dc.creator.location" value="LONDON"/>
<dc element="dc.creator.location.country.name" value="UK"/>
<dc element="dc.source" value="Reuters"/>
</metadata>
</newsitem>
