<?xml version="1.0" encoding="iso-8859-1" ?>
<newsitem itemid="571440" id="root" date="1997-05-09" xml:lang="en">
<title>LATVIA: LATVIA-C.BANK SETS UNCHANGED REPO RATES.</title>
<headline>LATVIA-C.BANK SETS UNCHANGED REPO RATES.</headline>
<dateline>RIGA 1997-05-09</dateline>
<text>
<p>The central bank has set unchanged rates for its repo auctions which are valid until May 9, it said on Friday.</p>
<p>The one month repo rate was an unchanged 4.50 percent, the three-month rate was five percent, the six-month rate 5.75 percent and the 12-month repo rate was seven percent, the bank said in a statement.</p>
<p>-- Riga newsroom, +371 721 5240</p>
</text>
<copyright>(c) Reuters Limited 1997</copyright>
<metadata>
<codes class="bip:countries:1.0">
  <code code="LATV">
    <editdetail attribution="Reuters BIP Coding Group" action="confirmed" date="1997-05-09"/>
  </code>
</codes>
<codes class="bip:topics:1.0">
  <code code="M13">
    <editdetail attribution="Reuters BIP Coding Group" action="confirmed" date="1997-05-09"/>
  </code>
  <code code="M131">
    <editdetail attribution="Reuters BIP Coding Group" action="confirmed" date="1997-05-09"/>
  </code>
  <code code="MCAT">
    <editdetail attribution="Reuters BIP Coding Group" action="confirmed" date="1997-05-09"/>
  </code>
</codes>
<dc element="dc.date.created" value="1997-05-09"/>
<dc element="dc.publisher" value="Reuters Holdings Plc"/>
<dc element="dc.date.published" value="1997-05-09"/>
<dc element="dc.source" value="Reuters"/>
<dc element="dc.creator.location" value="RIGA"/>
<dc element="dc.creator.location.country.name" value="LATVIA"/>
<dc element="dc.source" value="Reuters"/>
</metadata>
</newsitem>
