<?xml version="1.0" encoding="iso-8859-1" ?>
<newsitem itemid="571405" id="root" date="1997-05-09" xml:lang="en">
<title>POLAND: POLISH NFI 1 MAKES Q1 PLN 5.5 MLN NET PROFIT.</title>
<headline>POLISH NFI 1 MAKES Q1 PLN 5.5 MLN NET PROFIT.</headline>
<dateline>WARSAW 1997-05-09</dateline>
<text>
<p>National Investment Fund No. 1 in Poland's mass privatisation scheme made a net profit of 5.5 million zlotys in the first quarter of 1997, the fund said in a statement on Friday.</p>
<p>The NFIs, created in 1995, did not report their results for the first quarter of 1996. In the whole of 1996 NFI 1 made a net loss of 46.5 million zlotys.</p>
<p>NFI 1 said its net assets amounted to 411.9 million zlotys in the first quarter of 1997.</p>
<p>Under the government's NFI programme, shares in about 500 mid-sized companies are allocated to 15 NFIs run by foreign and domestic management firms.</p>
<p>From May 12, the 26 million Poles who bought a participation unit in the scheme will be entitled to exchange it for 15 shares, one in each fund, which are expected to start trade on the Warsaw bourse around mid-year.</p>
<p>Each NFI has 31,026,185 shares.</p>
<p>The units lose their validity on December 31, 1998.</p>
<p>-- Warsaw Newsroom +48 22 653 9700</p>
</text>
<copyright>(c) Reuters Limited 1997</copyright>
<metadata>
<codes class="bip:countries:1.0">
  <code code="POL">
    <editdetail attribution="Reuters BIP Coding Group" action="confirmed" date="1997-05-09"/>
  </code>
</codes>
<codes class="bip:industries:1.0">
  <code code="I81502">
    <editdetail attribution="Reuters BIP Coding Group" action="confirmed" date="1997-05-09"/>
  </code>
</codes>
<codes class="bip:topics:1.0">
  <code code="C15">
    <editdetail attribution="Reuters BIP Coding Group" action="confirmed" date="1997-05-09"/>
  </code>
  <code code="C151">
    <editdetail attribution="Reuters BIP Coding Group" action="confirmed" date="1997-05-09"/>
  </code>
  <code code="C18">
    <editdetail attribution="Reuters BIP Coding Group" action="confirmed" date="1997-05-09"/>
  </code>
  <code code="C183">
    <editdetail attribution="Reuters BIP Coding Group" action="confirmed" date="1997-05-09"/>
  </code>
  <code code="CCAT">
    <editdetail attribution="Reuters BIP Coding Group" action="confirmed" date="1997-05-09"/>
  </code>
  <code code="M11">
    <editdetail attribution="Reuters BIP Coding Group" action="confirmed" date="1997-05-09"/>
  </code>
  <code code="MCAT">
    <editdetail attribution="Reuters BIP Coding Group" action="confirmed" date="1997-05-09"/>
  </code>
</codes>
<dc element="dc.date.created" value="1997-05-09"/>
<dc element="dc.publisher" value="Reuters Holdings Plc"/>
<dc element="dc.date.published" value="1997-05-09"/>
<dc element="dc.source" value="Reuters"/>
<dc element="dc.creator.location" value="WARSAW"/>
<dc element="dc.creator.location.country.name" value="POLAND"/>
<dc element="dc.source" value="Reuters"/>
</metadata>
</newsitem>
