<?xml version="1.0" encoding="iso-8859-1" ?>
<newsitem itemid="571420" id="root" date="1997-05-09" xml:lang="en">
<title>HUNGARY: BUDAPEST FOREX FUTURES FOCUS ON YEN, STERLING.</title>
<headline>BUDAPEST FOREX FUTURES FOCUS ON YEN, STERLING.</headline>
<dateline>BUDAPEST 1997-05-09</dateline>
<text>
<p>Rising yen and mixed sterling futures were in focus in the currency section of the Budapest Commodity Exchange (BCE) on Friday, the bourse said on its Reuters pages.</p>
<p>Currency futures turnover on the BCE totalled 7.37 billion forints, or 27,559 lots on Friday, up from 5.74 billion forints on Thursday.</p>
<p>The yen changed hands in 3,335 lots and rose for all the traded maturities.</p>
<p>The sterling, which has been active recently on the interest of speculants around the U.K. elections, traded in 5,300 lots, of which June accounted for 4,690 lots.</p>
<p>The sterling rose for June, but dropped for September and December.</p>
<p>The dollar, which also fell on the spot currency market, eased for all the traded maturities.</p>
<p>Currency futures on the Budapest Stock Exchange remained untraded on Friday.</p>
</text>
<copyright>(c) Reuters Limited 1997</copyright>
<metadata>
<codes class="bip:countries:1.0">
  <code code="HUNG">
    <editdetail attribution="Reuters BIP Coding Group" action="confirmed" date="1997-05-09"/>
  </code>
</codes>
<codes class="bip:topics:1.0">
  <code code="M13">
    <editdetail attribution="Reuters BIP Coding Group" action="confirmed" date="1997-05-09"/>
  </code>
  <code code="M132">
    <editdetail attribution="Reuters BIP Coding Group" action="confirmed" date="1997-05-09"/>
  </code>
  <code code="MCAT">
    <editdetail attribution="Reuters BIP Coding Group" action="confirmed" date="1997-05-09"/>
  </code>
</codes>
<dc element="dc.date.created" value="1997-05-09"/>
<dc element="dc.publisher" value="Reuters Holdings Plc"/>
<dc element="dc.date.published" value="1997-05-09"/>
<dc element="dc.source" value="Reuters"/>
<dc element="dc.creator.location" value="BUDAPEST"/>
<dc element="dc.creator.location.country.name" value="HUNGARY"/>
<dc element="dc.source" value="Reuters"/>
</metadata>
</newsitem>
