<?xml version="1.0" encoding="iso-8859-1" ?>
<newsitem itemid="571481" id="root" date="1997-05-09" xml:lang="en">
<title>UK: NWE gas oil firms with futures, premiums steady.</title>
<headline>NWE gas oil firms with futures, premiums steady.</headline>
<dateline>LONDON 1997-05-09</dateline>
<text>
<p>NWE gas oil was nearly $2 a tonne higher on Friday on the coattails of stronger futures and firm premiums.</p>
<p>May IPE gas oil, which expires midday on Monday, closed $1.75 a tonne higher at $170.75, comfortably breaching earlier strong resistance levels of $170.00.</p>
<p>Traders said activity was still fairly quiet after Thursday's Ascension Day holidays throughout much of continental Europe.</p>
<p>Heating oil barges were heard trading between May IPE +75 cents to May IPE +$1 fob ARA and a diesel cargo was done at May IPE +$11 fob Flushing.</p>
<p>Cargo premiums were also steady with diesel possibly recovering after some mid-week easing. Traders said there was a bid at June IPE +$14 cif Rouen for a small prompt parcel, while larger cargoes were heard offered at June IPE +$12.</p>
<p>A GOM was traded out of the Thames into Spain at June IPE +$15 for May 20-30 dates.</p>
<p>Traders said FOD was pegged unchanged around June IPE +4-5 cif NWE, with DIN about 50-75 cents stronger.</p>
<p>-- London Newsroom +44 171 542 8980</p>
</text>
<copyright>(c) Reuters Limited 1997</copyright>
<metadata>
<codes class="bip:countries:1.0">
  <code code="UK">
    <editdetail attribution="Reuters BIP Coding Group" action="confirmed" date="1997-05-09"/>
  </code>
</codes>
<codes class="bip:topics:1.0">
  <code code="M14">
    <editdetail attribution="Reuters BIP Coding Group" action="confirmed" date="1997-05-09"/>
  </code>
  <code code="M143">
    <editdetail attribution="Reuters BIP Coding Group" action="confirmed" date="1997-05-09"/>
  </code>
  <code code="MCAT">
    <editdetail attribution="Reuters BIP Coding Group" action="confirmed" date="1997-05-09"/>
  </code>
</codes>
<dc element="dc.date.created" value="1997-05-09"/>
<dc element="dc.publisher" value="Reuters Holdings Plc"/>
<dc element="dc.date.published" value="1997-05-09"/>
<dc element="dc.source" value="Reuters"/>
<dc element="dc.creator.location" value="LONDON"/>
<dc element="dc.creator.location.country.name" value="UK"/>
<dc element="dc.source" value="Reuters"/>
</metadata>
</newsitem>
