<?xml version="1.0" encoding="iso-8859-1" ?>
<newsitem itemid="571463" id="root" date="1997-05-09" xml:lang="en">
<title>UK: FOCUS-London stocks scale new peaks, dollar weaker.</title>
<headline>FOCUS-London stocks scale new peaks, dollar weaker.</headline>
<byline>Leonard Santorelli</byline>
<dateline>LONDON 1997-05-09</dateline>
<text>
<p>London stocks scaled yet more peaks on Friday afternoon, lifted further by Wall Street which surged ahead at the start on Friday as fears receded of higher U.S. interest rates.</p>
<p>But on currency markets,  the interest rate expectations had the opposite effect, driving the dollar down sharply against the yen and mark as dollar-denominated assets became less attractive to investors.</p>
<p>The London bourse's sparkling performance began when stocks hit a trading peak in the morning session, then roared ahead further after lunch when New York opened and made rapid gains.</p>
<p>The rest of Europe, meanwhile, was having a lacklustre day. The strong Wall Street opening helped Paris to cut its losses but Frankfurt floor trade, which ended before New York started, finished with only modest gains.</p>
<p>London, Europe's biggest bourse, climbed by  one percent to 4,629.0 points within an hour of opening, overtaking Thursday's record close of 4,580.4, itself the fifth consecutive closing high.</p>
<p>But investors pushed it to a new high of 4643.4 as New York's Dow Jones industrials shot up by 0.7 percent on the strength of overnight comments by U.S. central bank chief Alan Greenspan quelling prospects of near-term interest rate hikes.</p>
<p>London's six-day bull run, with records tumbling almost daily, has been fuelled by investors' optimism over the new Labour government's decision to give the central bank more freedom in setting interest rates.</p>
<p>The pace picked up on Friday even before Wall Street's injection of adrenalin as talk of bids in the banking sector caused a shortage of stocks, forcing up prices.</p>
<p>&quot;It's all got a bit squeezy... fundamentally with low inflation and reasonable growth people are starting to believe that Labour will deliver,&quot; said NatWest strategist, Bob Semple.</p>
<p>	  &quot;It's an amazing market today,&quot; said one dealer.</p>
<p>	  Barclays climbed 65p to 1274p and the Royal Bank of</p>
<p>Scotland surged by 60p to 662p as the outbreak of bid speculation increased demand in a sector that has risen sharply this year.</p>
<p>The strength in Wall Street, however, failed to do much for continental Europe. Deals on Frankfurt's computerised IBIS index were barely in the plus column, perhaps depressed by the weaker dollar which was seen as harming exports.</p>
<p>And Frankfurt floor trade ended ahead a few points after thin trading with many investors having extended the Ascension Thursday holiday into a long weekend.</p>
<p>Paris shares had a bad day, slipping in and out of profit in weak volumes in reaction to the falling dollar and an opinion poll giving the centre-right just a thin majority ahead of the May 25/June 1 election.</p>
<p>French shares cut their losses somewhat after Wall Street opened higher but were still showing a loss of 0.3 percent by midafternoon.</p>
<p>In currencies, the dollar sank by over a pfennig and two yen in thin transactions as the U.S. currency was hurt by increasingly divergent rate expectations for Japan and the United States.</p>
<p>Greenspan's overnight comments  were seen by many as reducing the chances of higher U.S. interest rates. At the same time, Japanese officials continued their verbal support for the yen and speculation also grew of a Japanese rate rise.</p>
<p>&quot;Greenspan wasn't suggesting there was likely to be any more (rate tightening) very soon...On that basis the dollar's easier,&quot; said Adrian Schmidt, international economist at Chase here.</p>
<p>Traders said volume was extremely thin, amplifying exchange rate moves, as many continental European traders had extended Thursday's Ascension Day holiday into a long weekend.</p>
<p>The yen drew support from a Japanese press report which speculated on the chances of a discount rate rise there in July. Some in the Bank of Japan think its low interest rate policy should end soon, the Nikkei Kinyu story suggested.</p>
<p>Finance Minister Hiroshi Mitsuzuka expressed the hope that markets would &quot;further digest&quot; the G7 accord reached in April, when the group agreed to monitor foreign exchange developments and cooperate as appropriate in the markets.</p>
<p>&quot;It's clear Japanese officials are continuing to try to talk down the dollar,&quot; said Nick Stamenkovic, economist at DKB International in London.</p>
<p>STOCK PRICES AT 1430 GMT</p>
<p>London's FTSE 100 was up 59.3 points at 4,639.7.</p>
<p>The Paris CAC-40 index down 10.50 points to 2,632.81.</p>
<p>Frankfurt's DAX index closed up 10.43 points at 3,562.41.</p>
<p>CURRENCIES AT 1430 GMT</p>
<p>The dollar stood at 1.6937 marks compared with 1.7073 late in Europe on Thursday and 121.66 yen versus 123.76.</p>
<p>PRECIOUS METALS</p>
<p>Gold was fixed in the afternoon at  $345.85 after closing at $343.90 an ounce in London on Thursday. Silver was $4.83 down one cent.</p>
</text>
<copyright>(c) Reuters Limited 1997</copyright>
<metadata>
<codes class="bip:countries:1.0">
  <code code="UK">
    <editdetail attribution="Reuters BIP Coding Group" action="confirmed" date="1997-05-09"/>
  </code>
</codes>
<codes class="bip:topics:1.0">
  <code code="M11">
    <editdetail attribution="Reuters BIP Coding Group" action="confirmed" date="1997-05-09"/>
  </code>
  <code code="M13">
    <editdetail attribution="Reuters BIP Coding Group" action="confirmed" date="1997-05-09"/>
  </code>
  <code code="M132">
    <editdetail attribution="Reuters BIP Coding Group" action="confirmed" date="1997-05-09"/>
  </code>
  <code code="M14">
    <editdetail attribution="Reuters BIP Coding Group" action="confirmed" date="1997-05-09"/>
  </code>
  <code code="M142">
    <editdetail attribution="Reuters BIP Coding Group" action="confirmed" date="1997-05-09"/>
  </code>
  <code code="MCAT">
    <editdetail attribution="Reuters BIP Coding Group" action="confirmed" date="1997-05-09"/>
  </code>
</codes>
<dc element="dc.date.created" value="1997-05-09"/>
<dc element="dc.publisher" value="Reuters Holdings Plc"/>
<dc element="dc.date.published" value="1997-05-09"/>
<dc element="dc.source" value="Reuters"/>
<dc element="dc.creator.location" value="LONDON"/>
<dc element="dc.creator.location.country.name" value="UK"/>
<dc element="dc.source" value="Reuters"/>
</metadata>
</newsitem>
