<?xml version="1.0" encoding="iso-8859-1" ?>
<newsitem itemid="571469" id="root" date="1997-05-09" xml:lang="en">
<title>UK: IPE June Brent closes up on technical buying.</title>
<headline>IPE June Brent closes up on technical buying.</headline>
<dateline>LONDON 1997-05-09</dateline>
<text>
<p>IPE June Brent closed 25 cents higher at $18.94 a barrel on Friday on the back of what traders said was a a flurry of last minute technical buying.</p>
<p>&quot;It's a really inflated close for some reason. It was mostly last minute buying,&quot; one broker said.</p>
<p>&quot;Nothing is really behind, it has been the pattern for the whole week. You get some people with some MOC (Market On Close) buying to do, the floor gets wind of it and there's no selling around.&quot; NYMEX's WTI contract closed 11 cents higher at $20.45. &quot;This is all technical, I don't believe it's got to do with oil reasons for one minute,&quot; the broker said, echoing earlier setntiment from brokers who said they were a little bit skeptical about the gains June Brent has made recently.</p>
<p>In the late afternoon Brent shed all of its earlier gains to trade lower after NYMEX slipped, traders said. It was trading six cents down at $18.63 a barrel by 1501 GMT after NYMEX fell to as low as $20.18.</p>
<p>Earlier a trader said that he was cautious of the gains made by crude since Thursday, when June Brent closed a hefty 55 cents up at $18.69.</p>
<p>&quot;I question the crude's move on the upside,&quot; the broker said.</p>
<p>&quot;I am very cautious, it has not been confirmed by the gasoline...I need to see (NYMEX) gasoline confirmation, minimum a break above 62.90 (cents a gallon), probably confirmed by a break above 63.40 (cents a gallon), which is the high we made last week,&quot; the broker said.</p>
<p>NYMEX's June gasoline closed 0.35 cents higher at 62.85 cents a gallon.</p>
<p>Other brokers have said that Brent's rally on Thursday was mostly from talks of operational problems in the gasoline production units at two U.S. Gulf refineries. The two U.S. companies have declined to comment on the speculation.</p>
<p>Earlier on Friday IPE May gas oil closed $1.75 higher at $170.75 at tonne but some traders said the rise was largely due to pre-weekend position squaring mixed with some fundamentals.</p>
<p>June gas oil also closed unchanged at $167.50. The May contract had hit a high of $171.25 but also a low of $169.00.</p>
<p>Some traders have said the market was drawing strength from forecasts of colder weather in the Northeast United States for the weekend. - Haitham Haddadin, London newsroom +44 171 542 8145</p>
</text>
<copyright>(c) Reuters Limited 1997</copyright>
<metadata>
<codes class="bip:countries:1.0">
  <code code="UK">
    <editdetail attribution="Reuters BIP Coding Group" action="confirmed" date="1997-05-09"/>
  </code>
</codes>
<codes class="bip:topics:1.0">
  <code code="M14">
    <editdetail attribution="Reuters BIP Coding Group" action="confirmed" date="1997-05-09"/>
  </code>
  <code code="M143">
    <editdetail attribution="Reuters BIP Coding Group" action="confirmed" date="1997-05-09"/>
  </code>
  <code code="MCAT">
    <editdetail attribution="Reuters BIP Coding Group" action="confirmed" date="1997-05-09"/>
  </code>
</codes>
<dc element="dc.date.created" value="1997-05-09"/>
<dc element="dc.publisher" value="Reuters Holdings Plc"/>
<dc element="dc.date.published" value="1997-05-09"/>
<dc element="dc.source" value="Reuters"/>
<dc element="dc.creator.location" value="LONDON"/>
<dc element="dc.creator.location.country.name" value="UK"/>
<dc element="dc.source" value="Reuters"/>
</metadata>
</newsitem>
