<?xml version="1.0" encoding="iso-8859-1" ?>
<newsitem itemid="571410" id="root" date="1997-05-09" xml:lang="en">
<title>LATVIA: ESTONIA'S RAKVERE SEES SALES OF 3-5 TONNES A DAY.</title>
<headline>ESTONIA'S RAKVERE SEES SALES OF 3-5 TONNES A DAY.</headline>
<dateline>RIGA 1997-05-09</dateline>
<text>
<p>Rakvere meat plant, the biggest meat processor in Estonia, said on Friday it sees sales of three to five tonnes a day on the Latvian market through its local warehouse-sales point, opened in Riga in this month.</p>
<p>&quot;We plan to sell some three to five tonnes a day and frankfurters will make up the biggest part of our volume,&quot; Maris Kublinsh, the company's manager in Latvia, told a news conference.</p>
<p>&quot;If we are succesful, I would expect meat product prices to go down in Latvia,&quot; Hindrek Haarde, acting commercial manager, said.</p>
<p>The company said it needed a local wholesale base to take care of customs and transport procedures which caused a nuisance to its Latvian clients during initial sales from Estonia in the first four months of this year.</p>
<p>Rakvere earlier told Reuters it plans to export 30 to 40 tonnes a week by the end of 1997 to Latvia, Lithuania and St. Petersburg.</p>
<p>Its 1996 production level reached 180,000 tonnes and eight percent was exported.</p>
<p>&quot;We want to increase our export volume significantly this year,&quot; Haarde said.</p>
<p>Rakvere has invested one million kroons in Latvia already and plans to increase the figure by the end of the year, Haarde said, but he declined to give a specific figure.</p>
<p>The company's Riga warehouse has a capacity of 10 tonnes.</p>
<p>Haarde said that he expects a growth of meat consumption in the Baltic and CIS countries as purchasing power increases, especially in comparison to Western countries where growth has virtually stopped.</p>
<p>-- Martinsh Gravitis, Riga Newsroom, +371 721 5240</p>
</text>
<copyright>(c) Reuters Limited 1997</copyright>
<metadata>
<codes class="bip:countries:1.0">
  <code code="ESTNIA">
    <editdetail attribution="Reuters BIP Coding Group" action="confirmed" date="1997-05-09"/>
  </code>
  <code code="LATV">
    <editdetail attribution="Reuters BIP Coding Group" action="confirmed" date="1997-05-09"/>
  </code>
</codes>
<codes class="bip:industries:1.0">
  <code code="I41200">
    <editdetail attribution="Reuters BIP Coding Group" action="confirmed" date="1997-05-09"/>
  </code>
</codes>
<codes class="bip:topics:1.0">
  <code code="C15">
    <editdetail attribution="Reuters BIP Coding Group" action="confirmed" date="1997-05-09"/>
  </code>
  <code code="C152">
    <editdetail attribution="Reuters BIP Coding Group" action="confirmed" date="1997-05-09"/>
  </code>
  <code code="C31">
    <editdetail attribution="Reuters BIP Coding Group" action="confirmed" date="1997-05-09"/>
  </code>
  <code code="CCAT">
    <editdetail attribution="Reuters BIP Coding Group" action="confirmed" date="1997-05-09"/>
  </code>
</codes>
<dc element="dc.date.created" value="1997-05-09"/>
<dc element="dc.publisher" value="Reuters Holdings Plc"/>
<dc element="dc.date.published" value="1997-05-09"/>
<dc element="dc.source" value="Reuters"/>
<dc element="dc.creator.location" value="RIGA"/>
<dc element="dc.creator.location.country.name" value="LATVIA"/>
<dc element="dc.source" value="Reuters"/>
</metadata>
</newsitem>
