<?xml version="1.0" encoding="iso-8859-1" ?>
<newsitem itemid="571414" id="root" date="1997-05-09" xml:lang="en">
<title>BULGARIA: DELOITTE &amp; TOUCHE TO AUDIT BULGARIAN NATIONAL BANK.</title>
<headline>DELOITTE &amp; TOUCHE TO AUDIT BULGARIAN NATIONAL BANK.</headline>
<dateline>SOFIA 1997-05-09</dateline>
<text>
<p>The Bulgarian National Bank (BNB) proposed to appoint international auditors Deloitte &amp; Touche to audit its 1996 balance sheet, a BNB official said on Friday.</p>
<p>&quot;The central bank will offer to parliament's budget and finance committee Deloitte &amp; Touche to audit its 1996 balance sheet,&quot; a BNB official, who declined to be named, told Reuters.</p>
<p>Under a reform and lending agreement with the International Monetary Fund, Bulgaria is due to complete a 1996 international audit of the BNB before introducing a self-regulating restrictive monetary system, known as a currency board, in July.</p>
<p>Deloitte &amp; Touche did BNB's 1995 international audit after winning a tender among four other foreign auditors.</p>
<p>The BNB will not hold a tender this year due to lack of time, said the official.</p>
<p>Parliament's budget and finance committee is expected to approve the proposal next week. -- Sofia Newsroom, 359-2-981-4145</p>
</text>
<copyright>(c) Reuters Limited 1997</copyright>
<metadata>
<codes class="bip:countries:1.0">
  <code code="BUL">
    <editdetail attribution="Reuters BIP Coding Group" action="confirmed" date="1997-05-09"/>
  </code>
</codes>
<codes class="bip:industries:1.0">
  <code code="I81401">
    <editdetail attribution="Reuters BIP Coding Group" action="confirmed" date="1997-05-09"/>
  </code>
  <code code="I83600">
    <editdetail attribution="Reuters BIP Coding Group" action="confirmed" date="1997-05-09"/>
  </code>
</codes>
<codes class="bip:topics:1.0">
  <code code="C15">
    <editdetail attribution="Reuters BIP Coding Group" action="confirmed" date="1997-05-09"/>
  </code>
  <code code="C151">
    <editdetail attribution="Reuters BIP Coding Group" action="confirmed" date="1997-05-09"/>
  </code>
  <code code="C1511">
    <editdetail attribution="Reuters BIP Coding Group" action="confirmed" date="1997-05-09"/>
  </code>
  <code code="CCAT">
    <editdetail attribution="Reuters BIP Coding Group" action="confirmed" date="1997-05-09"/>
  </code>
  <code code="E12">
    <editdetail attribution="Reuters BIP Coding Group" action="confirmed" date="1997-05-09"/>
  </code>
  <code code="E21">
    <editdetail attribution="Reuters BIP Coding Group" action="confirmed" date="1997-05-09"/>
  </code>
  <code code="E211">
    <editdetail attribution="Reuters BIP Coding Group" action="confirmed" date="1997-05-09"/>
  </code>
  <code code="ECAT">
    <editdetail attribution="Reuters BIP Coding Group" action="confirmed" date="1997-05-09"/>
  </code>
</codes>
<dc element="dc.date.created" value="1997-05-09"/>
<dc element="dc.publisher" value="Reuters Holdings Plc"/>
<dc element="dc.date.published" value="1997-05-09"/>
<dc element="dc.source" value="Reuters"/>
<dc element="dc.creator.location" value="SOFIA"/>
<dc element="dc.creator.location.country.name" value="BULGARIA"/>
<dc element="dc.source" value="Reuters"/>
</metadata>
</newsitem>
