<?xml version="1.0" encoding="iso-8859-1" ?>
<newsitem itemid="571474" id="root" date="1997-05-09" xml:lang="en">
<title>UK: Med oil products steady, fuel oil looks eastwards.</title>
<headline>Med oil products steady, fuel oil looks eastwards.</headline>
<dateline>LONDON 1997-05-09</dateline>
<text>
<p>Mediterranean oil product markets were largely steady on Friday, though fuel oil was boosted by attempts to take material eastwards.</p>
<p>Gasoline was steady despite modest gains in the U.S. and a $2 a tonne rise in barge swaps.</p>
<p>Dealers said the arbitrage to the U.S. remained closed and saw little local demand from West Africa.</p>
<p>Naphtha swayed with the fortunes of crude on Friday in a thin trading day. The market fundamentally looks increasingly long and with the arbitrage window to Asia firmly closed the threat of building supplies looms, traders said.</p>
<p>Gas oil was steady with dealers looking to the recently awarded Syrian and Turkish tenders, four and two cargoes respectively, to give support.</p>
<p>Russian 0.2 pct cargoes hovered near high fob quotes +$1.50 while Italian barrels were looking for high fob quotes +$2-3.</p>
<p>Russian supplies have been thinned out by increased domestic agricultural demand which has helped to limit the drop in premiums which resulted when the Asian arbitrage window closed.</p>
<p>Fuel oil markets were boosted by buying activity connected to reported attempts to move material to the Far East where high sulphur swap values have soared to $103/$104.</p>
<p>Recent bunker buying has also helped lift Mediterranean values, though bid levels heard to be $79 fob were being dismissed as out of line with reality.</p>
<p>However, 45,000 tonnes of 360-cst material was heard bought from Cartagena at $80.50 fob, reportedly for eastward trans-shipment.</p>
<p>Traders said there was still some bunker demand into Algeciras and Las Palmas, with the latter hard to fill at the price the buyer was willing to pay.</p>
<p>Russian fuel oil was still struggling to find purchasers.</p>
</text>
<copyright>(c) Reuters Limited 1997</copyright>
<metadata>
<codes class="bip:countries:1.0">
  <code code="UK">
    <editdetail attribution="Reuters BIP Coding Group" action="confirmed" date="1997-05-09"/>
  </code>
</codes>
<codes class="bip:topics:1.0">
  <code code="M14">
    <editdetail attribution="Reuters BIP Coding Group" action="confirmed" date="1997-05-09"/>
  </code>
  <code code="M143">
    <editdetail attribution="Reuters BIP Coding Group" action="confirmed" date="1997-05-09"/>
  </code>
  <code code="MCAT">
    <editdetail attribution="Reuters BIP Coding Group" action="confirmed" date="1997-05-09"/>
  </code>
</codes>
<dc element="dc.date.created" value="1997-05-09"/>
<dc element="dc.publisher" value="Reuters Holdings Plc"/>
<dc element="dc.date.published" value="1997-05-09"/>
<dc element="dc.source" value="Reuters"/>
<dc element="dc.creator.location" value="LONDON"/>
<dc element="dc.creator.location.country.name" value="UK"/>
<dc element="dc.source" value="Reuters"/>
</metadata>
</newsitem>
