<?xml version="1.0" encoding="iso-8859-1" ?>
<newsitem itemid="571470" id="root" date="1997-05-09" xml:lang="en">
<title>UK: London LIFFE futures APT closing prices.</title>
<headline>London LIFFE futures APT closing prices.</headline>
<dateline>LONDON 1997-05-09</dateline>
<text>
<p>London International Financial Futures Exchange automated pit trading (APT) tabular details:</p>
<p>   CONTRACT (MONTH)	APT CLOSE  SETTLEMENT  PREVIOUS SETTLE</p>
<p>   LONG GILT (JUN) (1/32)  114-05	 114-07	   113-28</p>
<p>   SHORT STERLING (JUN)     93.45	  93.45	    93.44</p>
<p>   GERMAN GOVT BOND (JUN)  101.63	 101.77	   101.71</p>
<p>   EUROMARK (MAY)	     96.82	  96.82	    96.82</p>
<p>   ITALIAN GOVT BOND (JUN) 128.98	 129.30	   128.98</p>
<p>   EUROLIRA (JUN)	     93.24	  93.24	    93.24</p>
<p>   EUROSWISS (JUN)	    98.21	  98.21	    98.19</p>
<p>   FTSE 100 (JUN)	  4,637.00     4,651.00	 4,584.00</p>
</text>
<copyright>(c) Reuters Limited 1997</copyright>
<metadata>
<codes class="bip:countries:1.0">
  <code code="UK">
    <editdetail attribution="Reuters BIP Coding Group" action="confirmed" date="1997-05-09"/>
  </code>
</codes>
<codes class="bip:topics:1.0">
  <code code="M12">
    <editdetail attribution="Reuters BIP Coding Group" action="confirmed" date="1997-05-09"/>
  </code>
  <code code="MCAT">
    <editdetail attribution="Reuters BIP Coding Group" action="confirmed" date="1997-05-09"/>
  </code>
</codes>
<dc element="dc.date.created" value="1997-05-09"/>
<dc element="dc.publisher" value="Reuters Holdings Plc"/>
<dc element="dc.date.published" value="1997-05-09"/>
<dc element="dc.source" value="Reuters"/>
<dc element="dc.creator.location" value="LONDON"/>
<dc element="dc.creator.location.country.name" value="UK"/>
<dc element="dc.source" value="Reuters"/>
</metadata>
</newsitem>
