<?xml version="1.0" encoding="iso-8859-1" ?>
<newsitem itemid="571567" id="root" date="1997-05-09" xml:lang="en">
<title>ANGOLA: U.N. says no evidence of Angolan military buildup.</title>
<headline>U.N. says no evidence of Angolan military buildup.</headline>
<dateline>LUANDA 1997-05-09</dateline>
<text>
<p>U.N. officials in Angola said on Friday they had found no evidence of a reported military buildup of Angolan troops during a visit to the border with Zaire.</p>
<p>U.N. spokesman in Luanda, David Wimhurst, told Reuters U.N. force commander to Angola, Zimbabwe General Philip Sibanda, led the trip on Thursday to the Angolan northern border town of Noqui neighbouring Zaire.</p>
<p>&quot;They didn't find anything unusual going on. In fact, they say everything was quite normal,&quot; Wimhurst said.</p>
<p>The U.N. sent 7,000 peacekeepers to Angola in 1995 to oversee the implementation of a 1994 peace agreement between the Angolan government and UNITA to end 20 years of civil war.</p>
<p>Noqui, which lies just south of Zaire's port of Matadi, is controlled by UNITA, an ally of Zaire's Mobutu Sese Seko government.</p>
<p>The Angolan government has been accused by Mobutu of backing Zaire rebels marching on the Zairean capital to topple his government.</p>
<p>Military analysts in Luanda say Matadi is strategically important to Kinshasa as it is the capital's only port.</p>
<p>Diplomats in the Angolan capital have said there had been an increase in the presence of Angolan government troops in the northern enclave of Cabinda but the reason for the buildup was not clear.</p>
<p>Cabinda, separated from the rest of Angola by a thin strip of Zairean territory and the Zaire river, is about 400 km (250 miles) west of Kinshasa.</p>
<p>Cabinda separatist guerrillas FLEC have been fighting an independence war against the Anglan government for years and hold bases in Zaire.</p>
</text>
<copyright>(c) Reuters Limited 1997</copyright>
<metadata>
<codes class="bip:countries:1.0">
  <code code="ANGOL">
    <editdetail attribution="Reuters BIP Coding Group" action="confirmed" date="1997-05-09"/>
  </code>
  <code code="UN">
    <editdetail attribution="Reuters BIP Coding Group" action="confirmed" date="1997-05-09"/>
  </code>
  <code code="ZAIRE">
    <editdetail attribution="Reuters BIP Coding Group" action="confirmed" date="1997-05-09"/>
  </code>
  <code code="ZIMBAB">
    <editdetail attribution="Reuters BIP Coding Group" action="confirmed" date="1997-05-09"/>
  </code>
</codes>
<codes class="bip:topics:1.0">
  <code code="GCAT">
    <editdetail attribution="Reuters BIP Coding Group" action="confirmed" date="1997-05-09"/>
  </code>
  <code code="GDIP">
    <editdetail attribution="Reuters BIP Coding Group" action="confirmed" date="1997-05-09"/>
  </code>
  <code code="GVIO">
    <editdetail attribution="Reuters BIP Coding Group" action="confirmed" date="1997-05-09"/>
  </code>
</codes>
<dc element="dc.date.created" value="1997-05-09"/>
<dc element="dc.publisher" value="Reuters Holdings Plc"/>
<dc element="dc.date.published" value="1997-05-09"/>
<dc element="dc.source" value="Reuters"/>
<dc element="dc.creator.location" value="LUANDA"/>
<dc element="dc.creator.location.country.name" value="ANGOLA"/>
<dc element="dc.source" value="Reuters"/>
</metadata>
</newsitem>
