<?xml version="1.0" encoding="iso-8859-1" ?>
<newsitem itemid="571526" id="root" date="1997-05-09" xml:lang="en">
<title>UK: FORECAST - Reuters foreign exchange poll - May.</title>
<headline>FORECAST - Reuters foreign exchange poll - May.</headline>
<dateline>LONDON 1997-05-09</dateline>
<text>
<p>The dollar is expected to make modest progress against both the mark and yen during the coming months, according to a Reuter survey of 35 banks and financial institutions across the globe.</p>
<p>Following are the full results of Reuters' monthly foreign exchange poll, conducted on May 8 and 9.</p>
<p>The averages of the forecasts were as follows.</p>
<p>			   1-MTH	3-MTH	6-MTH	 12-MTH</p>
<p>    DOLLAR/MARK	1.7136     1.7093     1.6949	1.6630</p>
<p>    DOLLAR/YEN	 123.97     123.24     121.00	116.46</p>
<p>    STERLING/DOLLAR  1.6248     1.6193     1.6147	1.6088</p>
<p>Using the dollar forecasts above, the cross rates calculate at -</p>
<p>			    1-MTH	3-MTH	6-MTH	12-MTH</p>
<p>    STERLING/MARK     2.7843     2.7677     2.7367     2.6753</p>
<p>    MARK/YEN	    72.34	72.10	71.39	70.03</p>
<p>At 1403 GMT, the dollar was trading at 1.6925/35 marks and</p>
<p>121.53/63 yen.</p>
<p>Sterling/dollar was quoted at $1.6170/80, sterling/mark at</p>
<p>2.7390/00 and</p>
<p>mark/yen at 71.75/78.</p>
<p>The minimum and maximum forecasts were as follows --</p>
<p>    DOLLAR/MARK	1-MTH	3-MTH	6-MTH	 12-MTH</p>
<p>    MINIMUM	    1.6700     1.5800     1.5500	1.5100</p>
<p>    MAXIMUM	    1.7500     1.7700     1.8500	1.9500</p>
<p>DOLLAR/YEN</p>
<p>    MINIMUM	    117.00     112.00     109.00	106.00</p>
<p>    MAXIMUM	    129.00     131.00     135.00	138.00</p>
<p>STERLING/DOLLAR</p>
<p>    MINIMUM	    1.5900     1.5600     1.4900	1.4100</p>
<p>    MAXIMUM	    1.6600     1.7000     1.7200	1.6900</p>
<p>On average the forecasters expect dollar/yen to forge ahead</p>
<p>to 123.97 one month from now, before falling back to 123.24 in three-months, then easing</p>
<p>further to 121.00 and 116.46 in six and 12 months. The lowest dollar/yen is</p>
<p>seen falling over the year is 106.00, with the highest it is</p>
<p>expected to climb 138.00.</p>
<p>The dollar is also predicted to make some gains against the</p>
<p>mark during the next month with forecasters predicting an average rise to</p>
<p>1.7136. It is then expected to slip to trade at 1.7093 in three months before</p>
<p>continuing its decline to 1.6949 in six months and 1.6630 in a year from</p>
<p>now.</p>
<p>The weakest dollar/mark level seen during this period is</p>
<p>1.5100, with the strongest at 1.9500.</p>
<p>The survey showed that sterling is expected to trade at $1.6248 in one month, before weakening to $1.6147 in six months. By this time next year, cable is expected to trade on average at $1.6088.</p>
<p>The lowest level sterling is expected to fall to during the next 12 months is $1.4100, while the highest it is expected to climb to is $1.7200.</p>
<p>The rankings of the 35 forecasters by the accuracy of their one-month forecasts will be published in the first week of June, just before the results of the next poll.</p>
<p>-- Danielle Gann, London Newsroom +44-171-542-6425</p>
</text>
<copyright>(c) Reuters Limited 1997</copyright>
<metadata>
<codes class="bip:countries:1.0">
  <code code="UK">
    <editdetail attribution="Reuters BIP Coding Group" action="confirmed" date="1997-05-09"/>
  </code>
</codes>
<codes class="bip:topics:1.0">
  <code code="M13">
    <editdetail attribution="Reuters BIP Coding Group" action="confirmed" date="1997-05-09"/>
  </code>
  <code code="M132">
    <editdetail attribution="Reuters BIP Coding Group" action="confirmed" date="1997-05-09"/>
  </code>
  <code code="MCAT">
    <editdetail attribution="Reuters BIP Coding Group" action="confirmed" date="1997-05-09"/>
  </code>
</codes>
<dc element="dc.date.created" value="1997-05-09"/>
<dc element="dc.publisher" value="Reuters Holdings Plc"/>
<dc element="dc.date.published" value="1997-05-09"/>
<dc element="dc.source" value="Reuters"/>
<dc element="dc.creator.location" value="LONDON"/>
<dc element="dc.creator.location.country.name" value="UK"/>
<dc element="dc.source" value="Reuters"/>
</metadata>
</newsitem>
