<?xml version="1.0" encoding="iso-8859-1" ?>
<newsitem itemid="571541" id="root" date="1997-05-09" xml:lang="en">
<title>CANADA: Certicom in pact with Motorola for stock, products.</title>
<headline>Certicom in pact with Motorola for stock, products.</headline>
<dateline>TORONTO</dateline>
<text>
<p>Certicom Corp., a provider of cryptographic technologies and information security products, said Friday Motorola Corp. has purchased stock and warrants, which if exercised would give it 10 percent of the company.</p>
<p>In a joint statement, Motorola said it purchased 500,000 Certicom common shares at $27 per share, for about C$13.5 million ($9.8 million).</p>
<p>In addition, Certicom has granted Motorola warrants for up to 500,000 additional common shares at prices up to $32.40 each over the next two years. Should all warrants be exercised, Motorola would then hold about 10 percent of Certicom.</p>
<p>In a joint announcement, Certicom also said a Motorola representative has been appointed to Certicom's board of directors, effective immediately.</p>
<p>Certicom's core technology is the Certicom Elliptic Curve Engine (CE)2 - which performs encryption and other services required for advanced data security.</p>
<p>As part of the agreement, Motorola said it will use Certicom's products in its wireless, integrated circuit and systems technologies. Motorola, based in Schaumburg, Ill, provides wireless communications, semiconductors, and advanced electronic systems, components, and services.</p>
</text>
<copyright>(c) Reuters Limited 1997</copyright>
<metadata>
<codes class="bip:countries:1.0">
  <code code="CANA">
    <editdetail attribution="Reuters BIP Coding Group" action="confirmed" date="1997-05-09"/>
  </code>
</codes>
<codes class="bip:industries:1.0">
  <code code="I33020">
    <editdetail attribution="Reuters BIP Coding Group" action="confirmed" date="1997-05-09"/>
  </code>
  <code code="I3302021">
    <editdetail attribution="Reuters BIP Coding Group" action="confirmed" date="1997-05-09"/>
  </code>
  <code code="I34531">
    <editdetail attribution="Reuters BIP Coding Group" action="confirmed" date="1997-05-09"/>
  </code>
</codes>
<codes class="bip:topics:1.0">
  <code code="C18">
    <editdetail attribution="Reuters BIP Coding Group" action="confirmed" date="1997-05-09"/>
  </code>
  <code code="C181">
    <editdetail attribution="Reuters BIP Coding Group" action="confirmed" date="1997-05-09"/>
  </code>
  <code code="CCAT">
    <editdetail attribution="Reuters BIP Coding Group" action="confirmed" date="1997-05-09"/>
  </code>
</codes>
<dc element="dc.publisher" value="Reuters Holdings Plc"/>
<dc element="dc.date.published" value="1997-05-09"/>
<dc element="dc.source" value="Reuters"/>
<dc element="dc.creator.location" value="TORONTO"/>
<dc element="dc.creator.location.country.name" value="CANADA"/>
<dc element="dc.source" value="Reuters"/>
</metadata>
</newsitem>
