<?xml version="1.0" encoding="iso-8859-1" ?>
<newsitem itemid="571556" id="root" date="1997-05-09" xml:lang="en">
<title>GABON: Mobutu delays departure to meet Mbeki in Gabon.</title>
<headline>Mobutu delays departure to meet Mbeki in Gabon.</headline>
<dateline>LIBREVILLE 1997-05-09</dateline>
<text>
<p>Zaire's embattled President Mobutu Sese Seko delayed his return to his capital Kinshasa on Friday for talks in Gabon with South Africa's vice-president Thabo Mbeki, a Zairean foreign ministry official said.</p>
<p>Mbeki was expected in Gabon's capital Libreville later in the day from Zaire's second city of Lubumbashi, which he visited for talks with rebel leader Laurent Kabila, the official added.</p>
<p>&quot;We are waiting for the vice-president of South Africa to arrive,&quot; the official told Reuters, adding that Mobutu would return to Kinshasa on Saturday -- one day later than planned.</p>
<p>Mbeki is trying to build on talks between Mobutu and Kabila hosted by South Africa's president, Nelson Mandela, on a South African ship on Sunday.</p>
<p>Senior U.N. sources in Geneva said the two civil war rivals had agreed to meet on the ship again on Wednesday.</p>
<p>Mobutu and a handful of fellow French-speaking Central African presidents held a summit in Gabon on Thursday. The Central African leaders welcomed a decision by Mobutu not to seek reelection, saying it opened a way for a peaceful end to the war and gave its transitional parliament a key role.</p>
<p>Mobutu and the presidents of Gabon, Chad, Congo, Central African Republic and Equatorial Guinea urged the parliament to fill the vacant post of speaker -- Mobutu's constitutional successor in the event of death or incapacity.</p>
<p>Officials in Kinshasa had said that Mobutu, who is fighting cancer and Kabila's rebels, would return home on Friday.</p>
</text>
<copyright>(c) Reuters Limited 1997</copyright>
<metadata>
<codes class="bip:countries:1.0">
  <code code="GABON">
    <editdetail attribution="Reuters BIP Coding Group" action="confirmed" date="1997-05-09"/>
  </code>
  <code code="SAFR">
    <editdetail attribution="Reuters BIP Coding Group" action="confirmed" date="1997-05-09"/>
  </code>
  <code code="ZAIRE">
    <editdetail attribution="Reuters BIP Coding Group" action="confirmed" date="1997-05-09"/>
  </code>
</codes>
<codes class="bip:topics:1.0">
  <code code="GCAT">
    <editdetail attribution="Reuters BIP Coding Group" action="confirmed" date="1997-05-09"/>
  </code>
  <code code="GDIP">
    <editdetail attribution="Reuters BIP Coding Group" action="confirmed" date="1997-05-09"/>
  </code>
  <code code="GPOL">
    <editdetail attribution="Reuters BIP Coding Group" action="confirmed" date="1997-05-09"/>
  </code>
  <code code="GVIO">
    <editdetail attribution="Reuters BIP Coding Group" action="confirmed" date="1997-05-09"/>
  </code>
</codes>
<dc element="dc.date.created" value="1997-05-09"/>
<dc element="dc.publisher" value="Reuters Holdings Plc"/>
<dc element="dc.date.published" value="1997-05-09"/>
<dc element="dc.source" value="Reuters"/>
<dc element="dc.creator.location" value="LIBREVILLE"/>
<dc element="dc.creator.location.country.name" value="GABON"/>
<dc element="dc.source" value="Reuters"/>
</metadata>
</newsitem>
