<?xml version="1.0" encoding="iso-8859-1" ?>
<newsitem itemid="571572" id="root" date="1997-05-09" xml:lang="en">
<title>SOUTH AFRICA: SAfrica co-ops sell 250,000 t yellow maize to Iran.</title>
<headline>SAfrica co-ops sell 250,000 t yellow maize to Iran.</headline>
<dateline>JOHANNESBURG 1997-05-09</dateline>
<text>
<p>South African co-operatives were successful in selling 250,000 tonnes of yellow maize to Iran in the past week, Unie Graan co-operative chairman J Theron said in a statement on Friday.</p>
<p>Theron said the quantity of maize was part of the surplus of yellow maize to be exported this year.  </p>
<p>&quot;Several consignments of white and yellow maize have already been sold in advance by the grain co-operatives, for destinations in South America, Japan, Kenia and Mauritius,&quot; he said.</p>
<p>Based on the national crop estimate of 8.2 million tonnes, more than 70 percent of the expected export surplus had already been sold by the grain co-operatives and grain traders for export purposes.</p>
<p>Theron said the local grain market was very quiet at present, as processors and buyers were slow to buy given the expected surplus of between one and one-and-a-half million tonnes.</p>
<p>&quot;Should local buyers not make their purchases timeously, they may find that larger quantities will be exported,&quot; he said.</p>
<p>-- Johannesburg newsroom 27 11 482 1003</p>
</text>
<copyright>(c) Reuters Limited 1997</copyright>
<metadata>
<codes class="bip:countries:1.0">
  <code code="IRAN">
    <editdetail attribution="Reuters BIP Coding Group" action="confirmed" date="1997-05-09"/>
  </code>
  <code code="SAFR">
    <editdetail attribution="Reuters BIP Coding Group" action="confirmed" date="1997-05-09"/>
  </code>
</codes>
<codes class="bip:topics:1.0">
  <code code="M14">
    <editdetail attribution="Reuters BIP Coding Group" action="confirmed" date="1997-05-09"/>
  </code>
  <code code="M141">
    <editdetail attribution="Reuters BIP Coding Group" action="confirmed" date="1997-05-09"/>
  </code>
  <code code="MCAT">
    <editdetail attribution="Reuters BIP Coding Group" action="confirmed" date="1997-05-09"/>
  </code>
</codes>
<dc element="dc.date.created" value="1997-05-09"/>
<dc element="dc.publisher" value="Reuters Holdings Plc"/>
<dc element="dc.date.published" value="1997-05-09"/>
<dc element="dc.source" value="Reuters"/>
<dc element="dc.creator.location" value="JOHANNESBURG"/>
<dc element="dc.creator.location.country.name" value="SOUTH AFRICA"/>
<dc element="dc.source" value="Reuters"/>
</metadata>
</newsitem>
