<?xml version="1.0" encoding="iso-8859-1" ?>
<newsitem itemid="571575" id="root" date="1997-05-09" xml:lang="en">
<title>SIERRA LEONE: Sierra Leone sells majority stake in oil company.</title>
<headline>Sierra Leone sells majority stake in oil company.</headline>
<dateline>FREETOWN 1997-05-09</dateline>
<text>
<p>Sierra Leone's government has sold its majority holding in National Petroleum (NP), once owned completely by the impoverished West African state, Finance Ministry officials said on Friday.</p>
<p>Brimah Conteh, technical coordinator of the government's privatisation programme said 55 percent of NP's shares had been transferred to LEONCO, a private company.</p>
<p>The government had a 60 percent stake in NP, while privately-owned Precious Minerals Marketing Company held 40 percent. The remaining five percent government stake will be sold to NP employees.</p>
<p>LEONCO, was set up to bid for the government's shares and has paid an initial $1.55 million, to be followed by the same amount in 12 monthly instalments.</p>
<p>Sierra Leone, ruined by war, is utterly aid dependent and on Thursday said the International Monetary Fund had promised a $14 million loan because it is satisfied with economic policies which include privatisation and spending controls.</p>
</text>
<copyright>(c) Reuters Limited 1997</copyright>
<metadata>
<codes class="bip:countries:1.0">
  <code code="SILEN">
    <editdetail attribution="Reuters BIP Coding Group" action="confirmed" date="1997-05-09"/>
  </code>
</codes>
<codes class="bip:industries:1.0">
  <code code="I13000">
    <editdetail attribution="Reuters BIP Coding Group" action="confirmed" date="1997-05-09"/>
  </code>
</codes>
<codes class="bip:topics:1.0">
  <code code="C18">
    <editdetail attribution="Reuters BIP Coding Group" action="confirmed" date="1997-05-09"/>
  </code>
  <code code="C183">
    <editdetail attribution="Reuters BIP Coding Group" action="confirmed" date="1997-05-09"/>
  </code>
  <code code="CCAT">
    <editdetail attribution="Reuters BIP Coding Group" action="confirmed" date="1997-05-09"/>
  </code>
</codes>
<dc element="dc.date.created" value="1997-05-09"/>
<dc element="dc.publisher" value="Reuters Holdings Plc"/>
<dc element="dc.date.published" value="1997-05-09"/>
<dc element="dc.source" value="Reuters"/>
<dc element="dc.creator.location" value="FREETOWN"/>
<dc element="dc.creator.location.country.name" value="SIERRA LEONE"/>
<dc element="dc.source" value="Reuters"/>
</metadata>
</newsitem>
