<?xml version="1.0" encoding="iso-8859-1" ?>
<newsitem itemid="571549" id="root" date="1997-05-09" xml:lang="en">
<title>CANADA: Bank of Canada monetary index to May 7.</title>
<headline>Bank of Canada monetary index to May 7.</headline>
<dateline>OTTAWA 1997-05-09</dateline>
<text>
<p>The Bank of Canada released its monetary conditions index:</p>
<p>		    3-month paper	Cdn dollar	Index</p>
<p>May 7		  3.36		 83.97	 -5.63</p>
<p>April 30	     3.44		 83.19	 -5.86</p>
<p>April 23	     3.41		 83.27	 -5.86</p>
<p>April 16	     3.49		 83.07	 -5.86</p>
<p>April 9		3.47		 83.72	 -5.62</p>
<p>April 2		3.45		 83.35	 -5.79</p>
<p>March 26	     3.28		 84.31	 -5.58</p>
<p>March 19	     3.26		 84.01	 -5.71</p>
<p>March 12	     3.16		 84.99	 -5.43</p>
<p>March 5		3.16		 84.66	 -5.56</p>
<p>Feb 26		 3.12		 84.68	 -5.59</p>
<p>Feb 19		 3.10		 85.25	 -5.38</p>
<p>Feb 12		 3.11		 85.40	 -5.32</p>
<p>Feb 5		  3.13		 86.04	 -5.05</p>
<p>Jan 29		 3.15		 85.82	 -5.11</p>
<p>NOTE - The index measures the 3-month prime corporate paper rate and the Canadian dollar index against G-10 currencies. Index base is January 1987.</p>
<p>((Reuters Ottawa Bureau (613) 235-6745))</p>
</text>
<copyright>(c) Reuters Limited 1997</copyright>
<metadata>
<codes class="bip:countries:1.0">
  <code code="CANA">
    <editdetail attribution="Reuters BIP Coding Group" action="confirmed" date="1997-05-09"/>
  </code>
</codes>
<codes class="bip:topics:1.0">
  <code code="M13">
    <editdetail attribution="Reuters BIP Coding Group" action="confirmed" date="1997-05-09"/>
  </code>
  <code code="M131">
    <editdetail attribution="Reuters BIP Coding Group" action="confirmed" date="1997-05-09"/>
  </code>
  <code code="MCAT">
    <editdetail attribution="Reuters BIP Coding Group" action="confirmed" date="1997-05-09"/>
  </code>
</codes>
<dc element="dc.date.created" value="1997-05-09"/>
<dc element="dc.publisher" value="Reuters Holdings Plc"/>
<dc element="dc.date.published" value="1997-05-09"/>
<dc element="dc.source" value="Reuters"/>
<dc element="dc.creator.location" value="OTTAWA"/>
<dc element="dc.creator.location.country.name" value="CANADA"/>
<dc element="dc.source" value="Reuters"/>
</metadata>
</newsitem>
