<?xml version="1.0" encoding="iso-8859-1" ?>
<newsitem itemid="571697" id="root" date="1997-05-09" xml:lang="en">
<title>SLOVAKIA: Slovak drug maker names Nomura GDR manager.</title>
<headline>Slovak drug maker names Nomura GDR manager.</headline>
<dateline>BRATISLAVA 1997-05-09</dateline>
<text>
<p>London-based Nomura International Plc is to lead manage a 231 million crown GDR issue of Slovakia's largest drug producer Slovakofarma a.s., the company said on Friday.</p>
<p>&quot;We have chosen Nomura to become the global coordinator and bookrunner of the (GDR) issue,&quot; Tibor Velky of Slovakofarma's capital investment department told Reuters.</p>
<p>He said the issue should be completed by the end of this year, but declined to provide any further information.  </p>
<p>&quot;It is all in the preparatory stage, we are working on the issue but it is still subject to approval by our shareholders,&quot; Velky said.</p>
<p>The company expects the annual shareholders' meeting on May 15 to approve an equity increase through the GDR issue.</p>
<p>Velky would not say where the GDR's will be traded or disclose whether the shares will have voting rights.</p>
<p>The company's basic capital currently stands at 1.523 billion crowns.</p>
<p>Slovakofarma, currently the most expensive Slovak share on the Bratislava Stock Exchange (BSE) has been suffering from low liquidity on the bourse over the last few months.</p>
<p>It traded only 15 shares on the BSE unlisted market on Wednesday, closing up 48 crowns, at 4,251.</p>
<p>The share price has been gradually but consistently falling from February's 5,200 crown high after soaring from around 2,800 crowns at the beginning of this year.</p>
<p>Slovakofarma said in February it expected an after-tax profit of around 500 million crowns for 1996, compared with a 481.2 million crown net profit in 1995. Slovakofarma officials said the company planned to pay a dividend of &quot;around&quot; 200 crowns per share compared with 250 crowns on 1995 profits.</p>
<p>-- Peter Laca, Bratislava Newsroom, 421-7-521-8402</p>
</text>
<copyright>(c) Reuters Limited 1997</copyright>
<metadata>
<codes class="bip:countries:1.0">
  <code code="SLVAK">
    <editdetail attribution="Reuters BIP Coding Group" action="confirmed" date="1997-05-09"/>
  </code>
</codes>
<codes class="bip:industries:1.0">
  <code code="I25700">
    <editdetail attribution="Reuters BIP Coding Group" action="confirmed" date="1997-05-09"/>
  </code>
</codes>
<codes class="bip:topics:1.0">
  <code code="C17">
    <editdetail attribution="Reuters BIP Coding Group" action="confirmed" date="1997-05-09"/>
  </code>
  <code code="C171">
    <editdetail attribution="Reuters BIP Coding Group" action="confirmed" date="1997-05-09"/>
  </code>
  <code code="CCAT">
    <editdetail attribution="Reuters BIP Coding Group" action="confirmed" date="1997-05-09"/>
  </code>
</codes>
<dc element="dc.date.created" value="1997-05-09"/>
<dc element="dc.publisher" value="Reuters Holdings Plc"/>
<dc element="dc.date.published" value="1997-05-09"/>
<dc element="dc.source" value="Reuters"/>
<dc element="dc.creator.location" value="BRATISLAVA"/>
<dc element="dc.creator.location.country.name" value="SLOVAKIA"/>
<dc element="dc.source" value="Reuters"/>
</metadata>
</newsitem>
