<?xml version="1.0" encoding="iso-8859-1" ?>
<newsitem itemid="571681" id="root" date="1997-05-09" xml:lang="en">
<title>POLAND: Warsaw bourse seen inching down before large sales.</title>
<headline>Warsaw bourse seen inching down before large sales.</headline>
<byline>Malgorzata Rzepka</byline>
<dateline>WARSAW 1997-05-09</dateline>
<text>
<p>The Warsaw bourse should extend this week's slight downtrend next week as forthcoming large privatisations could hurt the secondary market, analysts said.</p>
<p>Poland's largest commercial bank, Bank Handlowy SA, was cleared for public trade on Wednesday and is scheduled for sale in late May, while copper giant KGHM Polska Miedz's privatisation is seen taking place in June. @</p>
<p>&quot;We can have falls, mainly connected with Handlowy and KGHM ....Handlowy's domestic retail tranche will be about 500 million zlotys, it's a lot of money and it's just one tranche,&quot; said Czeslaw Pospieszynski, an analyst at PBI brokerage.</p>
<p>Analysts said that in the longer-term, until parliamentary elections this September, the bourse could form a horizontal trend with phases of growth and falls.</p>
<p>The main market's all-share WIG index fell 0.7 percent this week to 16,424.2 points. @</p>
<p>Analysts said next Thursday's inflation figure for April should be low, at about 0.7 percent, but said that high market rates meant that April's number was unlikely to immediately help the market.</p>
<p>Analysts said the banking sector continued its weak performance this week amid little hope for an earnings rebound after an unspectacular first quarter, but some expected banks to rebound or at least stop falling in the next few sessions.</p>
<p>They said some banks already looked attractive at current prices, with some trading more than 30 percent below their 52-week highs two and a half month ago. @</p>
<p>&quot;Some banks' prices already look attractive, but they might still fall a little, although they surely are in the zone of attractive valuation,&quot; said Pawel Tarnowski, an analyst at Raiffeisen Capital and Investment Polska.</p>
<p>Kredyt Bank was this week's biggest loser, falling 11.8 percent.</p>
<p>Long-neglected garment makers attracted investor interest this week, with Prochnik's 44-percent surge leading the main market. @</p>
<p>But analysts said this sector's growth possibly reflected speculation caused by the stocks' low price earnings ratios against the overall market, which they said were justified given the sector's poor prospects.</p>
<p>Analysts said more speculative swings were likely in ailing Espebepe before the builder's creditors meet next Friday to decide on whether it will have its debts written-off or go bankrupt.</p>
<p>-- Warsaw Newsroom +48 22 653 9700</p>
</text>
<copyright>(c) Reuters Limited 1997</copyright>
<metadata>
<codes class="bip:countries:1.0">
  <code code="POL">
    <editdetail attribution="Reuters BIP Coding Group" action="confirmed" date="1997-05-09"/>
  </code>
</codes>
<codes class="bip:topics:1.0">
  <code code="M11">
    <editdetail attribution="Reuters BIP Coding Group" action="confirmed" date="1997-05-09"/>
  </code>
  <code code="MCAT">
    <editdetail attribution="Reuters BIP Coding Group" action="confirmed" date="1997-05-09"/>
  </code>
</codes>
<dc element="dc.date.created" value="1997-05-09"/>
<dc element="dc.publisher" value="Reuters Holdings Plc"/>
<dc element="dc.date.published" value="1997-05-09"/>
<dc element="dc.source" value="Reuters"/>
<dc element="dc.creator.location" value="WARSAW"/>
<dc element="dc.creator.location.country.name" value="POLAND"/>
<dc element="dc.source" value="Reuters"/>
</metadata>
</newsitem>
