<?xml version="1.0" encoding="iso-8859-1" ?>
<newsitem itemid="571618" id="root" date="1997-05-09" xml:lang="en">
<title>ANGOLA: PRESS DIGEST - Angola - May 9.</title>
<headline>PRESS DIGEST - Angola - May 9.</headline>
<dateline>LUANDA 1997-05-09</dateline>
<text>
<p>These are the leading stories in the Angolan press on Thursday. Reuters has not verified these stories and does not vouch for their accuracy.</p>
<p>- - - -</p>
<p>JOURNAL DE ANGOLA</p>
<p>- The central committee of the ruling MPLA recommended on Thursday that the government pay striking teachers back wages owed from the first of the year. Angolan teachers have been on strike nationwide since mid-March.</p>
<p>- The state-owned diamond company, Endiama, held a seminar on Thursday on the exploration, extraction and commercialisation of diamonds. The seminar was attended by Angolans and foreigners involved in the diamond industry here.</p>
<p>- The commander of the national police, Fernando de Piedade dos Santos, continues a visit to Cabinda where he is visiting police and local commanders.</p>
<p>-- Johannesburg newsroom +27 11 482-1003</p>
</text>
<copyright>(c) Reuters Limited 1997</copyright>
<metadata>
<codes class="bip:countries:1.0">
  <code code="ANGOL">
    <editdetail attribution="Reuters BIP Coding Group" action="confirmed" date="1997-05-09"/>
  </code>
</codes>
<codes class="bip:topics:1.0">
  <code code="GCAT">
    <editdetail attribution="Reuters BIP Coding Group" action="confirmed" date="1997-05-09"/>
  </code>
</codes>
<dc element="dc.date.created" value="1997-05-09"/>
<dc element="dc.publisher" value="Reuters Holdings Plc"/>
<dc element="dc.date.published" value="1997-05-09"/>
<dc element="dc.source" value="Reuters"/>
<dc element="dc.creator.location" value="LUANDA"/>
<dc element="dc.creator.location.country.name" value="ANGOLA"/>
<dc element="dc.source" value="Reuters"/>
</metadata>
</newsitem>
