<?xml version="1.0" encoding="iso-8859-1" ?>
<newsitem itemid="571615" id="root" date="1997-05-09" xml:lang="en">
<title>KENYA: Kenya shilling eases vs dollar in rangebound trade.</title>
<headline>Kenya shilling eases vs dollar in rangebound trade.</headline>
<dateline>NAIROBI 1997-05-09</dateline>
<text>
<p>The Kenyan shilling eased marginally against the dollar in range-bound trade, commercial bank dealers said.</p>
<p>The Central Bank of Kenya posted a shilling mean rate of 53.91 against the dollar compared to 53.90 on Thursday while against the pound, the shilling was posted at a mean rate of 87.40 from 87.41.</p>
<p>Dealers said the market was matched and that it appeared to have stabilised.</p>
<p>&quot;Most players are squaring positions ahead of the weekend. We don't expect anything new today (Friday), so rates might just hold steady,&quot; one dealer said.</p>
<p>The money market remained tight with overnight rates quoted above 20 percent from 20 percent on Thursday.</p>
<p>--Wambui Chege, Nairobi Newsroom ++254-2 330-261.</p>
</text>
<copyright>(c) Reuters Limited 1997</copyright>
<metadata>
<codes class="bip:countries:1.0">
  <code code="KENYA">
    <editdetail attribution="Reuters BIP Coding Group" action="confirmed" date="1997-05-09"/>
  </code>
</codes>
<codes class="bip:topics:1.0">
  <code code="M13">
    <editdetail attribution="Reuters BIP Coding Group" action="confirmed" date="1997-05-09"/>
  </code>
  <code code="M132">
    <editdetail attribution="Reuters BIP Coding Group" action="confirmed" date="1997-05-09"/>
  </code>
  <code code="MCAT">
    <editdetail attribution="Reuters BIP Coding Group" action="confirmed" date="1997-05-09"/>
  </code>
</codes>
<dc element="dc.date.created" value="1997-05-09"/>
<dc element="dc.publisher" value="Reuters Holdings Plc"/>
<dc element="dc.date.published" value="1997-05-09"/>
<dc element="dc.source" value="Reuters"/>
<dc element="dc.creator.location" value="NAIROBI"/>
<dc element="dc.creator.location.country.name" value="KENYA"/>
<dc element="dc.source" value="Reuters"/>
</metadata>
</newsitem>
