<?xml version="1.0" encoding="iso-8859-1" ?>
<newsitem itemid="571611" id="root" date="1997-05-09" xml:lang="en">
<title>BOTSWANA: PRESS DIGEST - Botswana - May 9.</title>
<headline>PRESS DIGEST - Botswana - May 9.</headline>
<dateline>GABORONE 1997-05-09</dateline>
<text>
<p>These are the leading stories in Botswana's independent newspapers on Friday. Reuters has not verified these stories and does not vouch for their accuracy.</p>
<p>- - - -</p>
<p>THE GUARDIAN</p>
<p>- The designer of the logo used for the Botswana team participating in the Central African Under-17 soccer tournament has been granted an interdict preventing further use of the logo or the sale of items carrying it, until he and the Botswana Football Association come to an agreement on the sharing of profits from the sales.</p>
<p>- The Water Utilities Corporatiion has refuted press reports that it is to allow a Malaysian investor in partnership with a local company to build tourist accommodation throughout the country. Not only had no such tender been awarded, there was no such tender proposed.</p>
<p>- - - -</p>
<p>MMEGI</p>
<p>- The diretor of Botswana's National Productivity Centre has called upon the government to speedily address a demand by manual workers for a 154-percent wage increase. The Minister for Works, Transport and Communications said that although there were no minimum wages for domestic workers and herdsmen, &quot;they were free to negotiate with their employers for higher pay&quot;.</p>
<p>- The Mass Media Communications Bill will be presented at the next sitting of parliament, the permanent secretary in the Office of the President said. It would include proposed legislation for a Broadcasting Authority ad an independent Press Council.</p>
<p>-- Gaborone newsroom (+267) 347182.</p>
</text>
<copyright>(c) Reuters Limited 1997</copyright>
<metadata>
<codes class="bip:countries:1.0">
  <code code="BOTS">
    <editdetail attribution="Reuters BIP Coding Group" action="confirmed" date="1997-05-09"/>
  </code>
</codes>
<codes class="bip:topics:1.0">
  <code code="GCAT">
    <editdetail attribution="Reuters BIP Coding Group" action="confirmed" date="1997-05-09"/>
  </code>
</codes>
<dc element="dc.date.created" value="1997-05-09"/>
<dc element="dc.publisher" value="Reuters Holdings Plc"/>
<dc element="dc.date.published" value="1997-05-09"/>
<dc element="dc.source" value="Reuters"/>
<dc element="dc.creator.location" value="GABORONE"/>
<dc element="dc.creator.location.country.name" value="BOTSWANA"/>
<dc element="dc.source" value="Reuters"/>
</metadata>
</newsitem>
