<?xml version="1.0" encoding="iso-8859-1" ?>
<newsitem itemid="571601" id="root" date="1997-05-09" xml:lang="en">
<title>COTE D'IVOIRE: PRESS DIGEST - Ivory Coast - May 9.</title>
<headline>PRESS DIGEST - Ivory Coast - May 9.</headline>
<dateline>ABIDJAN 1997-05-09</dateline>
<text>
<p>These are significant items in the Ivorian press on Friday. Reuters has not verified these items and does not vouch for their accuracy.</p>
<p>FRATERNITE MATIN</p>
<p>- The budget for the Ivory Coast capital Abidjan in 1997 will be 20 billion CFA. Of the money, 84 percent will be devoted to day to day running of the city, while 15 percent will be set aside for investment.</p>
<p>LA VOIX</p>
<p>- The National Telecommunications Council has ruled that Publicom, a private telephone company, can use structures already put in place by recently privatised Ci-Telecom. The ruling ends a dispute between the two companies over the use of public telephone booths.</p>
<p>LE JOUR</p>
<p>- Minister of Education Pierre Kipre says teachers' demands for higher salaries cannot be met because there is no money.</p>
<p>($1=580 CFA francs)</p>
<p>-- Abidjan newsroom +225 21 90 90</p>
</text>
<copyright>(c) Reuters Limited 1997</copyright>
<metadata>
<codes class="bip:countries:1.0">
  <code code="ICST">
    <editdetail attribution="Reuters BIP Coding Group" action="confirmed" date="1997-05-09"/>
  </code>
</codes>
<codes class="bip:topics:1.0">
  <code code="GCAT">
    <editdetail attribution="Reuters BIP Coding Group" action="confirmed" date="1997-05-09"/>
  </code>
</codes>
<dc element="dc.date.created" value="1997-05-09"/>
<dc element="dc.publisher" value="Reuters Holdings Plc"/>
<dc element="dc.date.published" value="1997-05-09"/>
<dc element="dc.source" value="Reuters"/>
<dc element="dc.creator.location" value="ABIDJAN"/>
<dc element="dc.creator.location.country.name" value="COTE D'IVOIRE"/>
<dc element="dc.source" value="Reuters"/>
</metadata>
</newsitem>
