<?xml version="1.0" encoding="iso-8859-1" ?>
<newsitem itemid="571691" id="root" date="1997-05-09" xml:lang="en">
<title>SLOVENIA: Slovenian investment rules keeping foreigners away.</title>
<headline>Slovenian investment rules keeping foreigners away.</headline>
<byline>Marja Novak</byline>
<dateline>LJUBLJANA 1997-05-09</dateline>
<text>
<p>International investors are threatening to steer clear of Slovenian securities until the central bank eases unpopular regulations that restrict foreign portfolio investment.</p>
<p>&quot;Without fast changes, foreigners will stay away and foreign portfolio investment could remain at a minimum for years,&quot; James Oates, director of Eastern &amp; Central European Equities at Union Bank of Switzerland, told Reuters during an investment conference on Friday.</p>
<p>In February, the Bank of Slovenia blocked the inflow of foreign funds by ruling that international investors must open fiduciary accounts at one of Slovenia's banks in order to trade in securities.</p>
<p>Since the central bank decree the Ljubljana stock exchange's blue-chip SBI index has fallen by 17.7 percent while volume has dropped by about 75 percent.</p>
<p>The special accounts have not yet been set up by the banks, but are expected to charge between nine and 15 percent.</p>
<p>&quot;That is too expensive,&quot; said Yves Kuhn of Pictet Asset Management in London. &quot;We are being forced to open a fiduciary account because we have already invested close to $20 million in Slovenian securities. But if the conditions do not change, we will place fresh capital elsewhere,&quot; Kuhn said.</p>
<p>The Bank of Slovenia repeated on Thursday it had no plans to reform investment rules before 1998 when Slovenia's association agreement with the European Union is due to come into force.</p>
<p>Analysts expect  just $17 million of new foreign inflows in the remainder of the end of the year compared with $30 million invested in the six weeks before the central bank ruling.</p>
<p>Oates said central bank intransigence over the fiduciary accounts was just one of several obstacles facing potential investors from abroad.</p>
<p>&quot;The Bank of Slovenia decree is just the most immediate problem. Another problem is that we have been waiting over a year for new securities legislation and that is extremelly disappointing,&quot; he said.</p>
<p>Financiers say Slovenia needs to bring in new laws detailing portfolio investment rules and reducing currency restrictions.</p>
<p>At present Slovenian banks have to balance foreign liabilities, including money paid into fiduciary accounts, against foreign assets.</p>
<p>&quot;Slovenia needs to introduce legislation that will differentiate between long-term international investors and those who speculate,&quot; said Olivier Descamps, director of the Slovenia country team at the European Bank for Reconstruction and Development.</p>
<p>&quot;The current rules send out the wrong signals to some real stategic investors,&quot; he added.</p>
<p>Prime Minister Janez Drnovsek said new laws on securities trading and foreign exchange transactions were among government priorities.</p>
<p>&quot;The two laws have full priority in the government and I hope also in the parliament,&quot; Drnovsek said. He gave no details on when the laws would be introduced.</p>
</text>
<copyright>(c) Reuters Limited 1997</copyright>
<metadata>
<codes class="bip:countries:1.0">
  <code code="SLVNIA">
    <editdetail attribution="Reuters BIP Coding Group" action="confirmed" date="1997-05-09"/>
  </code>
</codes>
<codes class="bip:topics:1.0">
  <code code="E12">
    <editdetail attribution="Reuters BIP Coding Group" action="confirmed" date="1997-05-09"/>
  </code>
  <code code="E51">
    <editdetail attribution="Reuters BIP Coding Group" action="confirmed" date="1997-05-09"/>
  </code>
  <code code="E511">
    <editdetail attribution="Reuters BIP Coding Group" action="confirmed" date="1997-05-09"/>
  </code>
  <code code="ECAT">
    <editdetail attribution="Reuters BIP Coding Group" action="confirmed" date="1997-05-09"/>
  </code>
  <code code="M11">
    <editdetail attribution="Reuters BIP Coding Group" action="confirmed" date="1997-05-09"/>
  </code>
  <code code="MCAT">
    <editdetail attribution="Reuters BIP Coding Group" action="confirmed" date="1997-05-09"/>
  </code>
</codes>
<dc element="dc.date.created" value="1997-05-09"/>
<dc element="dc.publisher" value="Reuters Holdings Plc"/>
<dc element="dc.date.published" value="1997-05-09"/>
<dc element="dc.source" value="Reuters"/>
<dc element="dc.creator.location" value="LJUBLJANA"/>
<dc element="dc.creator.location.country.name" value="SLOVENIA"/>
<dc element="dc.source" value="Reuters"/>
</metadata>
</newsitem>
