<?xml version="1.0" encoding="iso-8859-1" ?>
<newsitem itemid="571641" id="root" date="1997-05-09" xml:lang="en">
<title>AUSTRIA: Austrian shares end ahead, target life high.</title>
<headline>Austrian shares end ahead, target life high.</headline>
<text>
<p>1330 GMT - Austria's ATX index advanced 1.13 percent to 1,241.04 points on Friday, breaching resistance at 1,227 and setting its sights on life high of 1,261.16.</p>
<p>Traders said fresh demand for market heavyweight OMV was behind the rise. Prices were further underpinned by firm overnight close on Wall Street, they added.</p>
<p>* ATX index up 13.83 points at 1,241.04.</p>
<p>* 14 ATX gainers, six losers, one unchanged.</p>
<p>* Top gainer steel firm VA Stahl up 3.41 pct at 515 ats, followed by energy and chemicals group OMV, up 3.25 pct at 1,495.0 ats.</p>
<p>* Insurer EA-Generali biggest decliner, down 1.28 pct at 3,080 ats.</p>
<p>* May ATX contract up 19.3 points at 1,239.9 -- Vienna newsroom, +431 53112 254</p>
</text>
<copyright>(c) Reuters Limited 1997</copyright>
<metadata>
<codes class="bip:countries:1.0">
  <code code="AUST">
    <editdetail attribution="Reuters BIP Coding Group" action="confirmed" date="1997-05-09"/>
  </code>
</codes>
<codes class="bip:topics:1.0">
  <code code="M11">
    <editdetail attribution="Reuters BIP Coding Group" action="confirmed" date="1997-05-09"/>
  </code>
  <code code="MCAT">
    <editdetail attribution="Reuters BIP Coding Group" action="confirmed" date="1997-05-09"/>
  </code>
</codes>
<dc element="dc.publisher" value="Reuters Holdings Plc"/>
<dc element="dc.date.published" value="1997-05-09"/>
<dc element="dc.source" value="Reuters"/>
<dc element="dc.creator.location.country.name" value="AUSTRIA"/>
<dc element="dc.source" value="Reuters"/>
</metadata>
</newsitem>
