<?xml version="1.0" encoding="iso-8859-1" ?>
<newsitem itemid="571635" id="root" date="1997-05-09" xml:lang="en">
<title>SOUTH AFRICA: Wesco Investments pays 135 cents year div.</title>
<headline>Wesco Investments pays 135 cents year div.</headline>
<dateline>JOHANNESBURG 1997-05-09</dateline>
<text>
<p>Type of share: ordinary</p>
<p>Period: year to Dec 31, 1996</p>
<p>Div: 135 cents</p>
<p>Pay date: June 6</p>
<p>Record date: May 23</p>
<p>Full name: Wesco Investments Ltd</p>
<p>-- Johannesburg newsroom +27 11 482 1003</p>
</text>
<copyright>(c) Reuters Limited 1997</copyright>
<metadata>
<codes class="bip:countries:1.0">
  <code code="SAFR">
    <editdetail attribution="Reuters BIP Coding Group" action="confirmed" date="1997-05-09"/>
  </code>
</codes>
<codes class="bip:topics:1.0">
  <code code="C15">
    <editdetail attribution="Reuters BIP Coding Group" action="confirmed" date="1997-05-09"/>
  </code>
  <code code="C151">
    <editdetail attribution="Reuters BIP Coding Group" action="confirmed" date="1997-05-09"/>
  </code>
  <code code="CCAT">
    <editdetail attribution="Reuters BIP Coding Group" action="confirmed" date="1997-05-09"/>
  </code>
</codes>
<dc element="dc.date.created" value="1997-05-09"/>
<dc element="dc.publisher" value="Reuters Holdings Plc"/>
<dc element="dc.date.published" value="1997-05-09"/>
<dc element="dc.source" value="Reuters"/>
<dc element="dc.creator.location" value="JOHANNESBURG"/>
<dc element="dc.creator.location.country.name" value="SOUTH AFRICA"/>
<dc element="dc.source" value="Reuters"/>
</metadata>
</newsitem>
