<?xml version="1.0" encoding="iso-8859-1" ?>
<newsitem itemid="571677" id="root" date="1997-05-09" xml:lang="en">
<title>POLAND: Chemiskor sees PLN 2.5 mln net in 1997.</title>
<headline>Chemiskor sees PLN 2.5 mln net in 1997.</headline>
<dateline>WARSAW 1997-05-09</dateline>
<text>
<p>Polish leather company Chemiskor SA forecasts that its net profit will increase to 2.5 million zlotys this year from 660,000 zlotys in 1996, the company said in a statement on Friday.</p>
<p>Earlier this year, Chemiskor forecast the 1997 net profit at 1.3 million zlotys. The firm's statement contained no further details.</p>
<p>-- Warsaw Newsroom +48 22 653 9700</p>
</text>
<copyright>(c) Reuters Limited 1997</copyright>
<metadata>
<codes class="bip:countries:1.0">
  <code code="POL">
    <editdetail attribution="Reuters BIP Coding Group" action="confirmed" date="1997-05-09"/>
  </code>
</codes>
<codes class="bip:industries:1.0">
  <code code="I44000">
    <editdetail attribution="Reuters BIP Coding Group" action="confirmed" date="1997-05-09"/>
  </code>
</codes>
<codes class="bip:topics:1.0">
  <code code="C15">
    <editdetail attribution="Reuters BIP Coding Group" action="confirmed" date="1997-05-09"/>
  </code>
  <code code="C152">
    <editdetail attribution="Reuters BIP Coding Group" action="confirmed" date="1997-05-09"/>
  </code>
  <code code="CCAT">
    <editdetail attribution="Reuters BIP Coding Group" action="confirmed" date="1997-05-09"/>
  </code>
</codes>
<dc element="dc.date.created" value="1997-05-09"/>
<dc element="dc.publisher" value="Reuters Holdings Plc"/>
<dc element="dc.date.published" value="1997-05-09"/>
<dc element="dc.source" value="Reuters"/>
<dc element="dc.creator.location" value="WARSAW"/>
<dc element="dc.creator.location.country.name" value="POLAND"/>
<dc element="dc.source" value="Reuters"/>
</metadata>
</newsitem>
