<?xml version="1.0" encoding="iso-8859-1" ?>
<newsitem itemid="571665" id="root" date="1997-05-09" xml:lang="en">
<title>HUNGARY: Hungary outlines plans to boost small/medium firms.</title>
<headline>Hungary outlines plans to boost small/medium firms.</headline>
<byline>Duncan Shiels</byline>
<dateline>BUDAPEST 1997-05-09</dateline>
<text>
<p>Hungary outlined on Friday a government programme to invest in the country's small and medium sized businesses, particularly as suppliers to foreign companies operating in the country.</p>
<p>Finance Minister Peter Megyessy said the four-tier policy covered state investment in private firms, pushing Hungarian investment abroad, boosting supply contracts with foreign manufacturers and giving priority to small and medium enterprises (SMEs) in public procurement contracts.</p>
<p>&quot;To promote venture capital, the government should take stakes in SMEs of up to 30 percent,&quot; Medgyessy told a conference on small and medium enterprises in Budapest on Friday. &quot;These will be defined in the 1998 budget.&quot;</p>
<p>As a means of encouraging Hungarian investment abroad the state-owned Hungarian Development Bank and Eximbank will put up one billion forints as start-up equity in a fund which will supplement Hungarian capital used outside the country, Medgyessy said.</p>
<p>He also said the government and foreign companies both recognised the need for SMEs to become subcontractors to large foreign firms.</p>
<p>&quot;We are already in negotations with a number of significant foreign companies to launch a local supplier programme,&quot; he said.</p>
<p>Industry Minister Szabolcs Fazakas told the conference that most new foreign investors were now establishing greenfield ventures to manufacture and export from Hungary and cited Sony and General Motors, which produces Opel Astras in Hungary, as looking to expand their Hungarian suppliers.</p>
<p>&quot;General Motors has indicated its plans for a future spare parts progroamme while Sony would like to set up a regional distribution centre in Hungary with 200 interested suppliers,&quot; he said.</p>
<p>A total of 350 Hungarian companies currently supply parts for car manufacturing while 200 Hungarian companies supply the electronics production sector.</p>
<p>Szabolcs also announced an expanding programme of loan interest subsidies for small firms, who face crippling domestic interest rates of up to 40 percent.</p>
<p>&quot;The subsidies will reduce rates from 40 percent to 20 percent in five percent steps while poorer regions and depressed industries will get an even higher subsidy,&quot; he said.</p>
<p>He added that the government had reached agreement with 27 Hungarian and foreign banks on interest subsidy schemes</p>
<p>While SMEs -- defined as businesses employing 11 to 50 employees -- current total around 18,000, Hungarian trade ministry figures put the number of micro-businesses of one to 10 employees at over one million.</p>
<p>Most of these are economically inactive and were founded in the early 1990s to benefit from VAT tax exemptions.</p>
<p>&quot;In order for more of these companies to become active we need to develop an enterpise culture through information on how to get started and where to get investment,&quot; he said, adding that the government's Regional Development Agency had drawn up a &quot;credit map&quot; guiding SMEs towards over 80 sources of credit.</p>
<p>Medgyessy also pledged to reduce current rates of company tax in next year's budget.</p>
</text>
<copyright>(c) Reuters Limited 1997</copyright>
<metadata>
<codes class="bip:countries:1.0">
  <code code="HUNG">
    <editdetail attribution="Reuters BIP Coding Group" action="confirmed" date="1997-05-09"/>
  </code>
</codes>
<codes class="bip:industries:1.0">
  <code code="I34540">
    <editdetail attribution="Reuters BIP Coding Group" action="confirmed" date="1997-05-09"/>
  </code>
  <code code="I35101">
    <editdetail attribution="Reuters BIP Coding Group" action="confirmed" date="1997-05-09"/>
  </code>
</codes>
<codes class="bip:topics:1.0">
  <code code="C11">
    <editdetail attribution="Reuters BIP Coding Group" action="confirmed" date="1997-05-09"/>
  </code>
  <code code="C24">
    <editdetail attribution="Reuters BIP Coding Group" action="confirmed" date="1997-05-09"/>
  </code>
  <code code="CCAT">
    <editdetail attribution="Reuters BIP Coding Group" action="confirmed" date="1997-05-09"/>
  </code>
  <code code="E12">
    <editdetail attribution="Reuters BIP Coding Group" action="confirmed" date="1997-05-09"/>
  </code>
  <code code="E51">
    <editdetail attribution="Reuters BIP Coding Group" action="confirmed" date="1997-05-09"/>
  </code>
  <code code="E511">
    <editdetail attribution="Reuters BIP Coding Group" action="confirmed" date="1997-05-09"/>
  </code>
  <code code="ECAT">
    <editdetail attribution="Reuters BIP Coding Group" action="confirmed" date="1997-05-09"/>
  </code>
</codes>
<dc element="dc.date.created" value="1997-05-09"/>
<dc element="dc.publisher" value="Reuters Holdings Plc"/>
<dc element="dc.date.published" value="1997-05-09"/>
<dc element="dc.source" value="Reuters"/>
<dc element="dc.creator.location" value="BUDAPEST"/>
<dc element="dc.creator.location.country.name" value="HUNGARY"/>
<dc element="dc.source" value="Reuters"/>
</metadata>
</newsitem>
