<?xml version="1.0" encoding="iso-8859-1" ?>
<newsitem itemid="571763" id="root" date="1997-05-09" xml:lang="en">
<title>HUNGARY: Hungary forint firmer vs dlr, stable vs basket.</title>
<headline>Hungary forint firmer vs dlr, stable vs basket.</headline>
<dateline>BUDAPEST 1997-05-09</dateline>
<text>
<p>The Hungarian forint is seen opening firmer against the dollar but stable against the central bank's currency basket, dealers said.</p>
<p>The forint opened at 181.00/05 to the dollar, up from Thursday's close of 181.54/59.</p>
<p>At opening the forint was stuck at the central bank's resistance level and dealers did not expect any substantial shift from the resistance level.</p>
<p>&quot;However, the dollar/mark may strengthen and this might pull the dollar/forint,&quot; said Peter Luczo of Inter-Europa Bank.</p>
<p>The forint floats against a currency basket made up 30 percent of the dollar and 70 percent of the mark.</p>
<p>-- Budapest newsroom +36 1 327-4040</p>
</text>
<copyright>(c) Reuters Limited 1997</copyright>
<metadata>
<codes class="bip:countries:1.0">
  <code code="HUNG">
    <editdetail attribution="Reuters BIP Coding Group" action="confirmed" date="1997-05-09"/>
  </code>
</codes>
<codes class="bip:topics:1.0">
  <code code="M13">
    <editdetail attribution="Reuters BIP Coding Group" action="confirmed" date="1997-05-09"/>
  </code>
  <code code="M132">
    <editdetail attribution="Reuters BIP Coding Group" action="confirmed" date="1997-05-09"/>
  </code>
  <code code="MCAT">
    <editdetail attribution="Reuters BIP Coding Group" action="confirmed" date="1997-05-09"/>
  </code>
</codes>
<dc element="dc.date.created" value="1997-05-09"/>
<dc element="dc.publisher" value="Reuters Holdings Plc"/>
<dc element="dc.date.published" value="1997-05-09"/>
<dc element="dc.source" value="Reuters"/>
<dc element="dc.creator.location" value="BUDAPEST"/>
<dc element="dc.creator.location.country.name" value="HUNGARY"/>
<dc element="dc.source" value="Reuters"/>
</metadata>
</newsitem>
