<?xml version="1.0" encoding="iso-8859-1" ?>
<newsitem itemid="571758" id="root" date="1997-05-09" xml:lang="en">
<title>POLAND: Polfa-K to sell plant to BASF.</title>
<headline>Polfa-K to sell plant to BASF.</headline>
<dateline>WARSAW 1997-05-09</dateline>
<text>
<p>Polish drug maker Polfa Kutno has signed an initial agreement with a Polish unit of German chemical concern BASF AG on selling it a veterinary drugs and food concentrates plant, Polfa said on Friday.</p>
<p>Polfa's deputy president Jan Krysiuk told Reuters that the plant Wytwornia Premiksow, based in the central city of Kutno, would be sold for more than 16 million zlotys.</p>
<p>&quot;The book value of the plant is about 16 million zlotys and the sale price is much higher than that...We are selling the factory because we want to focus on pharmaceuticals for people,&quot; he said.</p>
<p>-- Warsaw Newsroom +48 22 653 9700</p>
</text>
<copyright>(c) Reuters Limited 1997</copyright>
<metadata>
<codes class="bip:countries:1.0">
  <code code="GFR">
    <editdetail attribution="Reuters BIP Coding Group" action="confirmed" date="1997-05-09"/>
  </code>
  <code code="POL">
    <editdetail attribution="Reuters BIP Coding Group" action="confirmed" date="1997-05-09"/>
  </code>
</codes>
<codes class="bip:industries:1.0">
  <code code="I25000">
    <editdetail attribution="Reuters BIP Coding Group" action="confirmed" date="1997-05-09"/>
  </code>
  <code code="I25700">
    <editdetail attribution="Reuters BIP Coding Group" action="confirmed" date="1997-05-09"/>
  </code>
</codes>
<codes class="bip:topics:1.0">
  <code code="C18">
    <editdetail attribution="Reuters BIP Coding Group" action="confirmed" date="1997-05-09"/>
  </code>
  <code code="C182">
    <editdetail attribution="Reuters BIP Coding Group" action="confirmed" date="1997-05-09"/>
  </code>
  <code code="CCAT">
    <editdetail attribution="Reuters BIP Coding Group" action="confirmed" date="1997-05-09"/>
  </code>
</codes>
<dc element="dc.date.created" value="1997-05-09"/>
<dc element="dc.publisher" value="Reuters Holdings Plc"/>
<dc element="dc.date.published" value="1997-05-09"/>
<dc element="dc.source" value="Reuters"/>
<dc element="dc.creator.location" value="WARSAW"/>
<dc element="dc.creator.location.country.name" value="POLAND"/>
<dc element="dc.source" value="Reuters"/>
</metadata>
</newsitem>
