<?xml version="1.0" encoding="iso-8859-1" ?>
<newsitem itemid="571734" id="root" date="1997-05-09" xml:lang="en">
<title>HUNGARY: Forint ends up vs dlr boosted by mark's strength.</title>
<headline>Forint ends up vs dlr boosted by mark's strength.</headline>
<dateline>BUDAPEST 1997-05-09</dateline>
<text>
<p>Hungary's forint was boosted by the mark's gains against the dollar on Friday and finished firmer versus the U.S. currency, dealers said.</p>
<p>&quot;The forint has been going up (against the dollar) since the opening,&quot; said Unicbank's Gabor Butor.</p>
<p>The forint closed at 180.75/80 to the dollar, up from a quote of 181.00/05 at the opening.</p>
<p>The Hungarian currency remained pinned to the National Bank of Hungary's (NBH) resistance level, dealers said.</p>
<p>The NBH fixed the forint at 180.95 to the dollar, up from 181.54 on Thursday.</p>
<p>(NBH floating intervention range: 4.5 percent wide. NBH currency basket: 30 percent dollar + 70 percent mark.)</p>
<p>-- Budapest newsroom +36 1 327 4040</p>
</text>
<copyright>(c) Reuters Limited 1997</copyright>
<metadata>
<codes class="bip:countries:1.0">
  <code code="HUNG">
    <editdetail attribution="Reuters BIP Coding Group" action="confirmed" date="1997-05-09"/>
  </code>
</codes>
<codes class="bip:topics:1.0">
  <code code="M13">
    <editdetail attribution="Reuters BIP Coding Group" action="confirmed" date="1997-05-09"/>
  </code>
  <code code="M132">
    <editdetail attribution="Reuters BIP Coding Group" action="confirmed" date="1997-05-09"/>
  </code>
  <code code="MCAT">
    <editdetail attribution="Reuters BIP Coding Group" action="confirmed" date="1997-05-09"/>
  </code>
</codes>
<dc element="dc.date.created" value="1997-05-09"/>
<dc element="dc.publisher" value="Reuters Holdings Plc"/>
<dc element="dc.date.published" value="1997-05-09"/>
<dc element="dc.source" value="Reuters"/>
<dc element="dc.creator.location" value="BUDAPEST"/>
<dc element="dc.creator.location.country.name" value="HUNGARY"/>
<dc element="dc.source" value="Reuters"/>
</metadata>
</newsitem>
