<?xml version="1.0" encoding="iso-8859-1" ?>
<newsitem itemid="571736" id="root" date="1997-05-09" xml:lang="en">
<title>HUNGARY: Earning hopes keep driving MOL up.</title>
<headline>Earning hopes keep driving MOL up.</headline>
<byline>Emese Bartha</byline>
<dateline>BUDAPEST 1997-05-09</dateline>
<text>
<p>Hungarian oil company MOL's shares have traded substantially above their subscription price in an IPO and analysts say the surge is mainly fueled by talk of strong earnings.</p>
<p>&quot;The main reason (behind the high price) is active rumours on the market of very strong first quarter at MOL,&quot; said Spencer Jakab, analyst at CS First Boston in Budapest.</p>
<p>On Friday MOL opened a little weaker but quickly recovered and at 1020 GMT it traded at 3,580 forints, up 120 from Thursday's close.</p>
<p>&quot;Expectations of MOL's first quarter results are very, very positive,&quot; added Rudi Voros, analyst at ICE Securities in London.</p>
<p>&quot;Many investors expect a Q1 result equal to the half of MOL's full 1996 earnings,&quot; he said.</p>
<p>In 1996 MOL generated an IAS consolidated net income of 22.2 billion forints.</p>
<p>Analysts said MOL's price also reflected the unsatisfied demand in MOL's global offering in which a 12.5 percent stake in MOL was placed to international institutional investors with the joint global coordinators granted an overallotment option of 2.5 percent.</p>
<p>&quot;The most obvious (reason) is that the issue was six times oversubscribed and there are buyers who wanted to get more,&quot; Jakab said. &quot;(But) I think that is actually not the main reason.&quot;</p>
<p>Another factor was domestic investors' fear that they will be unable to get as many shares as they want in the domestic offer which is to start on Monday.</p>
<p>In the domestic offer a one percent plus an additional three percent is on sale.</p>
<p>The stock was priced at $16.25 or 2,970 forints.</p>
<p>&quot;The (global) offering was six times oversubscribed, meanwhile domestic investors show strong interest in the shares and this pushes MOL's price up,&quot; Voros said.</p>
<p>Analysts said the fact that MOL was a major component in the BUX index basket reinforced MOL's rally on the cash market.</p>
<p>&quot;There's an arbitrage opportunity for banks who borrow on the interbank market and buy BUX futures,&quot; Jakab said. &quot;Then they buy the underlying BUX components to hedge away the risk, therefore there's a lot of demand for MOL, and OTP and Richter, also.&quot;</p>
<p>MOL is expected to release its earnings report following the close of the domestic offer.</p>
<p>-- Budapest newsroom + 36 1 327-4040</p>
</text>
<copyright>(c) Reuters Limited 1997</copyright>
<metadata>
<codes class="bip:countries:1.0">
  <code code="HUNG">
    <editdetail attribution="Reuters BIP Coding Group" action="confirmed" date="1997-05-09"/>
  </code>
  <code code="USA">
    <editdetail attribution="Reuters BIP Coding Group" action="confirmed" date="1997-05-09"/>
  </code>
</codes>
<codes class="bip:industries:1.0">
  <code code="I13000">
    <editdetail attribution="Reuters BIP Coding Group" action="confirmed" date="1997-05-09"/>
  </code>
  <code code="I25700">
    <editdetail attribution="Reuters BIP Coding Group" action="confirmed" date="1997-05-09"/>
  </code>
  <code code="I81403">
    <editdetail attribution="Reuters BIP Coding Group" action="confirmed" date="1997-05-09"/>
  </code>
</codes>
<codes class="bip:topics:1.0">
  <code code="C15">
    <editdetail attribution="Reuters BIP Coding Group" action="confirmed" date="1997-05-09"/>
  </code>
  <code code="C152">
    <editdetail attribution="Reuters BIP Coding Group" action="confirmed" date="1997-05-09"/>
  </code>
  <code code="CCAT">
    <editdetail attribution="Reuters BIP Coding Group" action="confirmed" date="1997-05-09"/>
  </code>
</codes>
<dc element="dc.date.created" value="1997-05-09"/>
<dc element="dc.publisher" value="Reuters Holdings Plc"/>
<dc element="dc.date.published" value="1997-05-09"/>
<dc element="dc.source" value="Reuters"/>
<dc element="dc.creator.location" value="BUDAPEST"/>
<dc element="dc.creator.location.country.name" value="HUNGARY"/>
<dc element="dc.source" value="Reuters"/>
</metadata>
</newsitem>
