<?xml version="1.0" encoding="iso-8859-1" ?>
<newsitem itemid="571753" id="root" date="1997-05-09" xml:lang="en">
<title>ALBANIA: PRESS DIGEST - Albania - May 9.</title>
<headline>PRESS DIGEST - Albania - May 9.</headline>
<dateline>TIRANA 1997-05-09</dateline>
<text>
<p>These are the leading stories in the Albanian press on Friday. Reuters has not verified these stories and does not vouch for their accuracy.</p>
<p>KOHA JONE</p>
<p>- An editorial says President Sali Berisha is playing a bluff after the leader of his Democratic Party, Tritan Shehu, suggested early elections should be held on June 15 at a time when other parties have not agreed how they are to be held.</p>
<p>- Recently discovered documents show how the secret police surveyed local authorities, students and journalists during the unrest in Vlore.</p>
<p>- Businessmen complain of a possible new increase to 18 per cent of value-added tax from the current rate of 12 percent.</p>
<p>GAZETA SHQIPTARE</p>
<p>- President Berisha tells OSCE envoy Franz Vranitzky to visit southern Albania and consider whether elections can be held with the rebel committees. Prime Minister Bashkim Fino says committees are not dangerous any more and asks that multinational troops should guard polling stations.</p>
<p>- The European Union will provide some $11.8 million aid to Albania.</p>
<p>ALBANIA</p>
<p>- Newspaper editorial says Franz Vranitzky found a tense political situation in Albania with a Socialist Party unprepared to face new elections and the Democratic Party ready to hold them on June 15.</p>
<p>- Multinational troops and their APCs have started to patrol the streets of the southern port town of Vlore.</p>
<p>INDIPENDENT</p>
<p>- Vranitzky cannot resolve the problem of the elections, says a newspaper headline on the second page covering the OSCE envoy's visit.</p>
<p>- The draft state budget has been passed by the parliamentary economic committee but still not by parliament itself.</p>
<p>- Albanians, deported back from Italy which they tried to enter illegally on boats, say they were treated as criminals by Italian authorities.</p>
</text>
<copyright>(c) Reuters Limited 1997</copyright>
<metadata>
<codes class="bip:countries:1.0">
  <code code="ALB">
    <editdetail attribution="Reuters BIP Coding Group" action="confirmed" date="1997-05-09"/>
  </code>
</codes>
<codes class="bip:topics:1.0">
  <code code="GCAT">
    <editdetail attribution="Reuters BIP Coding Group" action="confirmed" date="1997-05-09"/>
  </code>
</codes>
<dc element="dc.date.created" value="1997-05-09"/>
<dc element="dc.publisher" value="Reuters Holdings Plc"/>
<dc element="dc.date.published" value="1997-05-09"/>
<dc element="dc.source" value="Reuters"/>
<dc element="dc.creator.location" value="TIRANA"/>
<dc element="dc.creator.location.country.name" value="ALBANIA"/>
<dc element="dc.source" value="Reuters"/>
</metadata>
</newsitem>
