<?xml version="1.0" encoding="iso-8859-1" ?>
<newsitem itemid="628467" id="root" date="1997-05-31" xml:lang="en">
<title>NETHERLANDS: ATHLETICS-GEBRSELASSIE BREAKS WORLD TWO MILES BEST.</title>
<headline>ATHLETICS-GEBRSELASSIE BREAKS WORLD TWO MILES BEST.</headline>
<dateline>HENGELO, Netherlands 1997-05-31</dateline>
<text>
<p>Haile Gebrselassie of Ethiopia set a world best for two miles when he clocked an official time of eight minutes 01.08 seconds at an international meeting on Saturday.</p>
<p>The previous mark of 8:03.54 was set by Daniel Komen of Kenya on July 14, 1996.</p>
</text>
<copyright>(c) Reuters Limited 1997</copyright>
<metadata>
<codes class="bip:countries:1.0">
  <code code="ETHPA">
    <editdetail attribution="Reuters BIP Coding Group" action="confirmed" date="1997-05-31"/>
  </code>
  <code code="NETH">
    <editdetail attribution="Reuters BIP Coding Group" action="confirmed" date="1997-05-31"/>
  </code>
</codes>
<codes class="bip:topics:1.0">
  <code code="GCAT">
    <editdetail attribution="Reuters BIP Coding Group" action="confirmed" date="1997-05-31"/>
  </code>
  <code code="GSPO">
    <editdetail attribution="Reuters BIP Coding Group" action="confirmed" date="1997-05-31"/>
  </code>
</codes>
<dc element="dc.date.created" value="1997-05-31"/>
<dc element="dc.publisher" value="Reuters Holdings Plc"/>
<dc element="dc.date.published" value="1997-05-31"/>
<dc element="dc.source" value="Reuters"/>
<dc element="dc.creator.location" value="HENGELO, Netherlands"/>
<dc element="dc.creator.location.country.name" value="NETHERLANDS"/>
<dc element="dc.source" value="Reuters"/>
</metadata>
</newsitem>
