<?xml version="1.0" encoding="iso-8859-1" ?>
<newsitem itemid="628493" id="root" date="1997-05-31" xml:lang="en">
<title>SOUTH AFRICA: RUGBY UNION-BRITISH LIONS BEAT WESTERN PROVINCE 38-21.</title>
<headline>RUGBY UNION-BRITISH LIONS BEAT WESTERN PROVINCE 38-21.</headline>
<dateline>CAPE TOWN 1997-05-31</dateline>
<text>
<p>The British Lions beat Western Province 38-21 (halftime 18-14) in their rugby union tour on Saturday.</p>
<p>Scorers:</p>
<p>Western Province - Tries: Dick Muir (2), Robby Brink. Conversions: Percival Montgomery (3).</p>
<p>British Lions - Tries: John Bentley (2), Allan Tait, Ieuan Evans. Conversions: Tim Stimpson (3). Penalties: Stimpson (4).</p>
</text>
<copyright>(c) Reuters Limited 1997</copyright>
<metadata>
<codes class="bip:countries:1.0">
  <code code="IRE">
    <editdetail attribution="Reuters BIP Coding Group" action="confirmed" date="1997-05-31"/>
  </code>
  <code code="SAFR">
    <editdetail attribution="Reuters BIP Coding Group" action="confirmed" date="1997-05-31"/>
  </code>
  <code code="UK">
    <editdetail attribution="Reuters BIP Coding Group" action="confirmed" date="1997-05-31"/>
  </code>
</codes>
<codes class="bip:topics:1.0">
  <code code="GCAT">
    <editdetail attribution="Reuters BIP Coding Group" action="confirmed" date="1997-05-31"/>
  </code>
  <code code="GSPO">
    <editdetail attribution="Reuters BIP Coding Group" action="confirmed" date="1997-05-31"/>
  </code>
</codes>
<dc element="dc.date.created" value="1997-05-31"/>
<dc element="dc.publisher" value="Reuters Holdings Plc"/>
<dc element="dc.date.published" value="1997-05-31"/>
<dc element="dc.source" value="Reuters"/>
<dc element="dc.creator.location" value="CAPE TOWN"/>
<dc element="dc.creator.location.country.name" value="SOUTH AFRICA"/>
<dc element="dc.source" value="Reuters"/>
</metadata>
</newsitem>
