<?xml version="1.0" encoding="iso-8859-1" ?>
<newsitem itemid="628475" id="root" date="1997-05-31" xml:lang="en">
<title>AUSTRIA: MOTORCYCLING-DOOHAN CLAIMS 40TH CAREER POLE.</title>
<headline>MOTORCYCLING-DOOHAN CLAIMS 40TH CAREER POLE.</headline>
<byline>Adriana Pontieri</byline>
<dateline>ZELTWEG, Austria 1997-05-31</dateline>
<text>
<p>Reigning 500cc world champion Michael Doohan held off Honda team mates Tadayuki Okada and Alex Criville in Saturday's qualifying for the Austrian Grand Prix to clinch the 40th pole position of his career.</p>
<p>The Australian championship leader snatched pole five minutes before the end of the hour-long session by clocking one minute 28.803 -- 0.310 ahead of Okada and 0.507 in front of Criville.</p>
<p>Japan's Okada crashed heavily with only three minutes of qualifying remaining in a final attempt to better Doohan's time and sustained bruising to the left hip.</p>
<p>After Okada had been X-rayed, officials at the A1-Ring said he would be able to compete in Sunday's race.</p>
<p>Okada went into both qualifying sessions with a painful left wrist which he injured in the Italian Grand Prix two weeks ago.</p>
<p>Spain's Carlos Checa, also riding a Honda, posted a time of 1:29.399 to complete the front row of the grid. All four men were inside the circuit best of 1:29.430 set by Doohan in 1996.</p>
<p>Doohan, who has won three of the first four grands prix of the season, said: &quot;I didn't go out and gun for a 1:28 time. I don't think the race will be run this fast. Race laps will be in the high 1:29s.&quot;</p>
<p>Criville, who trails Doohan in the standings by 17 points, was markedly better than on Friday when he managed only a seventh best time.</p>
<p>&quot;Yesterday I had problems with the front suspension but today I found a set-up which is not perfect but works quite well,&quot; said Criville, last year's winner.</p>
<p>Yamaha rider Luca Cadalora prevented Honda from claiming the top eight positions on the grid with the fifth-best qualifying time of 1:29.688.</p>
</text>
<copyright>(c) Reuters Limited 1997</copyright>
<metadata>
<codes class="bip:countries:1.0">
  <code code="AUST">
    <editdetail attribution="Reuters BIP Coding Group" action="confirmed" date="1997-05-31"/>
  </code>
  <code code="AUSTR">
    <editdetail attribution="Reuters BIP Coding Group" action="confirmed" date="1997-05-31"/>
  </code>
</codes>
<codes class="bip:topics:1.0">
  <code code="GCAT">
    <editdetail attribution="Reuters BIP Coding Group" action="confirmed" date="1997-05-31"/>
  </code>
  <code code="GSPO">
    <editdetail attribution="Reuters BIP Coding Group" action="confirmed" date="1997-05-31"/>
  </code>
</codes>
<dc element="dc.date.created" value="1997-05-31"/>
<dc element="dc.publisher" value="Reuters Holdings Plc"/>
<dc element="dc.date.published" value="1997-05-31"/>
<dc element="dc.source" value="Reuters"/>
<dc element="dc.creator.location" value="ZELTWEG, Austria"/>
<dc element="dc.creator.location.country.name" value="AUSTRIA"/>
<dc element="dc.source" value="Reuters"/>
</metadata>
</newsitem>
