<?xml version="1.0" encoding="iso-8859-1" ?>
<newsitem itemid="628473" id="root" date="1997-05-31" xml:lang="en">
<title>TANZANIA: SOCCER-TANZANIA AND NAMIBIA BATTLE TO GOALLESS DRAW.</title>
<headline>SOCCER-TANZANIA AND NAMIBIA BATTLE TO GOALLESS DRAW.</headline>
<byline>Mark Gleeson</byline>
<dateline>MWANZA, Tanzania 1997-05-31</dateline>
<text>
<p>Tanzania and Namibia played out a goalless draw in their Cosafa Castle Cup final round group match in Mwanza on Saturday, both spurning opportunities but fighting out a lively midfield battle.</p>
<p>It was the first game for both teams in the league competition of the new southern African competition, which also features Malawi, Mozambique and Zambia.</p>
<p>Tanzania, who have won just one of their last 15 matches, saw efforts from Idelphonce Amlima and debutant John Masamaki Thomas sail wide of the target while Ruben van Wyk and Eliphas Shivute squandered breakaway opportunities for the Namibian vistors.</p>
<p>Amlima was off target with two close-range headers while substitute Thomas blasted a left-footed shot over the bar.</p>
<p>Hesitation cost Van Wyk a chance for Namibia early in the second half when he beat the offside trap but was caught by Tanzanian captain Hussein Marsha, while Shivute's breakaway effort was brilliantly stopped by Tanzanian substitute goalkeeper Riffat Sid.</p>
<p>The game produced a plenty of exciting build-ups in midfield but few telling passes were produced to offer any clear-out goalscoring opportunities.</p>
<p>Namibia and Tanzania both collected a point from the game but trail Zambia in the standings.</p>
<p>The competition is being run under the auspices of the Confederation of Southern African Football Associations (Cosafa).</p>
<p>Teams:</p>
<p>Tanzania: 1-Stephen Nemes (16-Riffat Said 63rd minute); 5-Joseph Mapunda, 7-Alphonce Modest, 3-Mohamed Said Babesh, 14-Hussein Marsha; 18-Salvatory Edward, 10-Sekilojo Chambua, 6-Yusuf Macho, 12-Alexander Wilson (Dua Saidi 46th); 2-Madaraka Selemani (-John Masamaki Thomas 46th), 17-Idelphonce Amlima.</p>
<p>Namibia: 1-Fillemon Kanalelo; 2-Petrus Haraseb, 5-Bimbo Tjihero, 12-Mohamed Auseb, 14-Stanley Goagoseb; 6-Silvester Goraseb (Ruben van Wyk 46th (Paul Bostander 85th)), 3-Eliphas Shivute, 7-Sandro de Gouveia, 10-Ricardo Mannetti; 13-Simon Uutoni (15-Joannes Hindjou 46th), Gervatius Uri Khob.</p>
</text>
<copyright>(c) Reuters Limited 1997</copyright>
<metadata>
<codes class="bip:countries:1.0">
  <code code="NAMIB">
    <editdetail attribution="Reuters BIP Coding Group" action="confirmed" date="1997-05-31"/>
  </code>
  <code code="TANZA">
    <editdetail attribution="Reuters BIP Coding Group" action="confirmed" date="1997-05-31"/>
  </code>
</codes>
<codes class="bip:topics:1.0">
  <code code="GCAT">
    <editdetail attribution="Reuters BIP Coding Group" action="confirmed" date="1997-05-31"/>
  </code>
  <code code="GSPO">
    <editdetail attribution="Reuters BIP Coding Group" action="confirmed" date="1997-05-31"/>
  </code>
</codes>
<dc element="dc.date.created" value="1997-05-31"/>
<dc element="dc.publisher" value="Reuters Holdings Plc"/>
<dc element="dc.date.published" value="1997-05-31"/>
<dc element="dc.source" value="Reuters"/>
<dc element="dc.creator.location" value="MWANZA, Tanzania"/>
<dc element="dc.creator.location.country.name" value="TANZANIA"/>
<dc element="dc.source" value="Reuters"/>
</metadata>
</newsitem>
