<?xml version="1.0" encoding="iso-8859-1" ?>
<newsitem itemid="628593" id="root" date="1997-05-31" xml:lang="en">
<title>SIERRA LEONE: Guinea boosts troops in S.Leone, French evacuate.</title>
<headline>Guinea boosts troops in S.Leone, French evacuate.</headline>
<byline>John Chiahemen</byline>
<dateline>FREETOWN 1997-05-31</dateline>
<text>
<p>A contingent of Guinean troops entered Sierra Leone on Saturday to join a Nigerian-led regional force gearing up to reverse a coup by junior officers in Freetown, military sources said.</p>
<p>A French Navy frigate ferried about 200 Europeans from Freetown to Conakry, Guinea, continuing an exodus of foreigners fearing more violence in Sierra Leone.</p>
<p>&quot;France decided on an emergency operation to evacuate its citizens and is taking the other Europeans as a reciprocal gesture,&quot; said Hubert Lescroart, a long-time French resident of Sierra Leone who helped to organise the evacuation.</p>
<p>Only eight French citizens were taken onto the frigate Jean Moulin, which is capable of launching Exocet missiles and is normally based in Brest.</p>
<p>Lescroacrt said most French people in Sierra Leone had left on Friday on a British-organised flight which took a jumbo jet full of Westerners to London on Wednesday.</p>
<p>The French warship had been lying off Freetown for the past three days as uncertainty followed Sunday's overthrow of elected President Ahmad Tejan Kabbah, commanding officer Frederic Teppe told Reuters.</p>
<p>It docked in deep waters off a Freetown beach and rubber dinghies from the ship shuttled back and forth, ferrying about 10 people at a time.</p>
<p>Hundreds of desperate African foreigners, including Sierra Leoneans, massed on the beach begging to be taken to the ship as Nigerian troops struggled to keep order.</p>
<p>&quot;European nationals only, followed by Commonwealth citizens, not Sierra Leone passport holders,&quot; shouted Graham McKinley, a British resident, also helping with the boarding.</p>
<p>There was no sign of a U.S. Marine helicopter from a carrier used to evacuate 900 Westerners and which diplomats said was returning to Freetown to ferry more European Union nationals.</p>
<p>It was not clear why it did not return to help evacuate scores, possibly hundreds of Europeans diplomats believe might still be in Sierra Leone.</p>
<p>Foreign governments stepped up the evacuation of their nationals as a West African coalition force assembled to challenge the junior officers who staged the coup that was followed by widespread looting, rape and violence.</p>
<p>The United Nations, the Organisation of African Unity and the West African alliance ECOWAS have condemned the coup, led by Major Johnny Paul Koromah. They have called on the military to step aside and restore power to Kabbah, who fled to Guinea.</p>
<p>Military sources said the three battalions of Guineans left their country by road, linking up with Nigerian troops in the Sierra Leone town of Kenema.</p>
<p>&quot;They arrived in a convoy of several trucks,&quot; said a military officer who saw them.</p>
<p>Nigeria on Saturday landed more men and hardware in Freetown. A Nigerian Air Force plane brought armoured personnel carriers and troops to Hastings airport on the eastern outskirts of Freetown, close to a Nigerian military base.</p>
<p>Nigerian troops took full control of Hastings two days ago, sending away Sierra Leonean soldiers who had also been there.</p>
<p>Ghana warned the coup leaders on Saturday that time was running out for a negotiated settlement.</p>
<p>Ghana's Acting Foreign Minister Kwamena Ahwoi urged coup leaders to respond to diplomatic efforts and warned that if they did not, West African leaders might have to use force. &quot;It could be 24 hours, it could be a week,&quot; he told British Broadcasting Corporation radio.</p>
<p>But the arrival of a battalion of Ghanaian troops to join the coalition was delayed for logistical reasons, military sources said.</p>
</text>
<copyright>(c) Reuters Limited 1997</copyright>
<metadata>
<codes class="bip:countries:1.0">
  <code code="FRA">
    <editdetail attribution="Reuters BIP Coding Group" action="confirmed" date="1997-05-31"/>
  </code>
  <code code="GHANA">
    <editdetail attribution="Reuters BIP Coding Group" action="confirmed" date="1997-05-31"/>
  </code>
  <code code="GUREP">
    <editdetail attribution="Reuters BIP Coding Group" action="confirmed" date="1997-05-31"/>
  </code>
  <code code="NIGEA">
    <editdetail attribution="Reuters BIP Coding Group" action="confirmed" date="1997-05-31"/>
  </code>
  <code code="SILEN">
    <editdetail attribution="Reuters BIP Coding Group" action="confirmed" date="1997-05-31"/>
  </code>
</codes>
<codes class="bip:topics:1.0">
  <code code="GCAT">
    <editdetail attribution="Reuters BIP Coding Group" action="confirmed" date="1997-05-31"/>
  </code>
  <code code="GDEF">
    <editdetail attribution="Reuters BIP Coding Group" action="confirmed" date="1997-05-31"/>
  </code>
  <code code="GDIP">
    <editdetail attribution="Reuters BIP Coding Group" action="confirmed" date="1997-05-31"/>
  </code>
  <code code="GVIO">
    <editdetail attribution="Reuters BIP Coding Group" action="confirmed" date="1997-05-31"/>
  </code>
</codes>
<dc element="dc.date.created" value="1997-05-31"/>
<dc element="dc.publisher" value="Reuters Holdings Plc"/>
<dc element="dc.date.published" value="1997-05-31"/>
<dc element="dc.source" value="Reuters"/>
<dc element="dc.creator.location" value="FREETOWN"/>
<dc element="dc.creator.location.country.name" value="SIERRA LEONE"/>
<dc element="dc.source" value="Reuters"/>
</metadata>
</newsitem>
