<?xml version="1.0" encoding="iso-8859-1" ?>
<newsitem itemid="628542" id="root" date="1997-05-31" xml:lang="en">
<title>FRANCE: TENNIS SPOTLIGHT-ANALYSIS OF HINGIS V KOURNIKOVA.</title>
<headline>TENNIS SPOTLIGHT-ANALYSIS OF HINGIS V KOURNIKOVA.</headline>
<dateline>PARIS 1997-05-31</dateline>
<text>
<p>Analysis of Saturday's French Open women's singles third round match between top seed Martina Hingis of Switzerland and Russia's Anna Kournikova, won 6-1 6-3 by Hingis.</p>
<p>First set: HINGIS 6-1 (16 minutes)</p>
<p>Hingis won her serve in the opening game, then broke Kournikova to lead 2-0. Hingis took her opponent's serve again to go 5-1 up and served for the set. Kournikova hit a forehand into the net on set point.</p>
<p>Second set: HINGIS 6-3 (26 minutes)</p>
<p>Kournikova woke up to win the first game to love but in the third game she hit a backhand into the net on break point to give Hingis a 2-1 lead. Hingis broke the Russian again with a forehand volley to lead 4-1.</p>
<p>Kournikova kept fighting to earn two break points in the eighth game. Hingis hit a backhand wide on the first.</p>
<p>Leading 5-3, Hingis secured two match points in the next game after a couple of clumsy errors by Kournikova. On the first, the Russian hit a straight forward backhand into the net.</p>
</text>
<copyright>(c) Reuters Limited 1997</copyright>
<metadata>
<codes class="bip:countries:1.0">
  <code code="FRA">
    <editdetail attribution="Reuters BIP Coding Group" action="confirmed" date="1997-05-31"/>
  </code>
  <code code="RUSS">
    <editdetail attribution="Reuters BIP Coding Group" action="confirmed" date="1997-05-31"/>
  </code>
  <code code="SWITZ">
    <editdetail attribution="Reuters BIP Coding Group" action="confirmed" date="1997-05-31"/>
  </code>
</codes>
<codes class="bip:topics:1.0">
  <code code="GCAT">
    <editdetail attribution="Reuters BIP Coding Group" action="confirmed" date="1997-05-31"/>
  </code>
  <code code="GSPO">
    <editdetail attribution="Reuters BIP Coding Group" action="confirmed" date="1997-05-31"/>
  </code>
</codes>
<dc element="dc.date.created" value="1997-05-31"/>
<dc element="dc.publisher" value="Reuters Holdings Plc"/>
<dc element="dc.date.published" value="1997-05-31"/>
<dc element="dc.source" value="Reuters"/>
<dc element="dc.creator.location" value="PARIS"/>
<dc element="dc.creator.location.country.name" value="FRANCE"/>
<dc element="dc.source" value="Reuters"/>
</metadata>
</newsitem>
