<?xml version="1.0" encoding="iso-8859-1" ?>
<newsitem itemid="628585" id="root" date="1997-05-31" xml:lang="en">
<title>CANADA: Singapore economic conference set for June 26.</title>
<headline>Singapore economic conference set for June 26.</headline>
<dateline>TORONTO 1997-05-31</dateline>
<text>
<p>The third International Conference on forecasting the Singapore economy and annual review of central banking policies in the Asia Pacific Basin is due to be held on June 26-28 at the Mandarin Hotel in Singapore, the conference organisers said.</p>
<p>The conference will present the sectoral forecasts of the Singapore economy for 1997-98 from the Econometric Modelling Unit at the Nanyang Technological University and later central bankers from the Asia Pacific region will be addressing the conference.</p>
<p>There will also be panel discussion on major themes and trends significant to the Asia Pacific region.</p>
<p>Speakers include Shih Jie Dong, Deputy Governor of The Central Bank of China and Chad Leechor, Head of the Economic Department of the Hong Kong Monetary Authority. Speakers from the economic departments of the Reserve Bank of New Zealand, Bank of Japan, the Reserve Bank of Australia and Bank Negara Malaysia will also attend.</p>
<p>Phil Smith, Toronto Newsroom.</p>
</text>
<copyright>(c) Reuters Limited 1997</copyright>
<metadata>
<codes class="bip:countries:1.0">
  <code code="CANA">
    <editdetail attribution="Reuters BIP Coding Group" action="confirmed" date="1997-05-31"/>
  </code>
  <code code="SINGP">
    <editdetail attribution="Reuters BIP Coding Group" action="confirmed" date="1997-05-31"/>
  </code>
</codes>
<codes class="bip:topics:1.0">
  <code code="E12">
    <editdetail attribution="Reuters BIP Coding Group" action="confirmed" date="1997-05-31"/>
  </code>
  <code code="ECAT">
    <editdetail attribution="Reuters BIP Coding Group" action="confirmed" date="1997-05-31"/>
  </code>
</codes>
<dc element="dc.date.created" value="1997-05-31"/>
<dc element="dc.publisher" value="Reuters Holdings Plc"/>
<dc element="dc.date.published" value="1997-05-31"/>
<dc element="dc.source" value="Reuters"/>
<dc element="dc.creator.location" value="TORONTO"/>
<dc element="dc.creator.location.country.name" value="CANADA"/>
<dc element="dc.source" value="Reuters"/>
</metadata>
</newsitem>
