<?xml version="1.0" encoding="iso-8859-1" ?>
<newsitem itemid="628548" id="root" date="1997-05-31" xml:lang="en">
<title>SWITZERLAND: SOCCER-FIFA TO GO AHEAD WITH CONTROVERSIAL CLUB WORLD CUP.</title>
<headline>SOCCER-FIFA TO GO AHEAD WITH CONTROVERSIAL CLUB WORLD CUP.</headline>
<dateline>ZURICH 1997-05-31</dateline>
<text>
<p>FIFA plans to go ahead  with a world club championship despite opposition from top players and coaches, officials said on Saturday.</p>
<p>FIFA general secretary Sepp Blatter said the governing body was still looking for space in the international match calendar for the event which would be held every two years. The first competition is planned for July 1999.</p>
<p>The tournament will have eight teams -- the six continental club champions, the host country's champions and the winners of the most recent European-South American Cup. It has been criticised by some top players who say fixtures lists are already overcrowded.</p>
<p>But Blatter said: &quot;We can't stop because some are against...we are going to find the dates. We will find a solution. We want to take the tournament to places where people do not have the opportunity to see such high-level football.&quot;</p>
<p>When the idea was first discussed four years ago it came under heavy fire from some leading international players and coaches who said it would be hard to find time for the event.</p>
</text>
<copyright>(c) Reuters Limited 1997</copyright>
<metadata>
<codes class="bip:countries:1.0">
  <code code="SWITZ">
    <editdetail attribution="Reuters BIP Coding Group" action="confirmed" date="1997-05-31"/>
  </code>
</codes>
<codes class="bip:topics:1.0">
  <code code="GCAT">
    <editdetail attribution="Reuters BIP Coding Group" action="confirmed" date="1997-05-31"/>
  </code>
  <code code="GSPO">
    <editdetail attribution="Reuters BIP Coding Group" action="confirmed" date="1997-05-31"/>
  </code>
</codes>
<dc element="dc.date.created" value="1997-05-31"/>
<dc element="dc.publisher" value="Reuters Holdings Plc"/>
<dc element="dc.date.published" value="1997-05-31"/>
<dc element="dc.source" value="Reuters"/>
<dc element="dc.creator.location" value="ZURICH"/>
<dc element="dc.creator.location.country.name" value="SWITZERLAND"/>
<dc element="dc.source" value="Reuters"/>
</metadata>
</newsitem>
