<?xml version="1.0" encoding="iso-8859-1" ?>
<newsitem itemid="628539" id="root" date="1997-05-31" xml:lang="en">
<title>GERMANY: SOCCER-GERMAN LEAGUE CHAMPIONSHIP RESULTS.</title>
<headline>SOCCER-GERMAN LEAGUE CHAMPIONSHIP RESULTS.</headline>
<dateline>BONN 1997-05-31</dateline>
<text>
<p>Results of soccer matches in the</p>
<p>German league championship played on Saturday:</p>
<p> Bayer Leverkusen	    2 Bochum		0</p>
<p> Fortuna Duesseldorf	 1 Hamburg	     1</p>
<p> 1860 Munich		   0 Werder Bremen     3</p>
<p> Freiburg			1 Karlsruhe	   1</p>
<p> Hansa Rostock		 0 Schalke	     1</p>
<p> VfB Stuttgart		 4 Arminia Bielefeld 2</p>
<p> Borussia Moenchengladbach 2 Bayern Munich     2</p>
<p> St Pauli			0 Duisburg	    2</p>
<p> Borussia Dortmund	   2 Cologne	     1</p>
</text>
<copyright>(c) Reuters Limited 1997</copyright>
<metadata>
<codes class="bip:countries:1.0">
  <code code="GFR">
    <editdetail attribution="Reuters BIP Coding Group" action="confirmed" date="1997-05-31"/>
  </code>
</codes>
<codes class="bip:topics:1.0">
  <code code="GCAT">
    <editdetail attribution="Reuters BIP Coding Group" action="confirmed" date="1997-05-31"/>
  </code>
  <code code="GSPO">
    <editdetail attribution="Reuters BIP Coding Group" action="confirmed" date="1997-05-31"/>
  </code>
</codes>
<dc element="dc.date.created" value="1997-05-31"/>
<dc element="dc.publisher" value="Reuters Holdings Plc"/>
<dc element="dc.date.published" value="1997-05-31"/>
<dc element="dc.source" value="Reuters"/>
<dc element="dc.creator.location" value="BONN"/>
<dc element="dc.creator.location.country.name" value="GERMANY"/>
<dc element="dc.source" value="Reuters"/>
</metadata>
</newsitem>
