<?xml version="1.0" encoding="iso-8859-1" ?>
<newsitem itemid="628586" id="root" date="1997-05-31" xml:lang="en">
<title>CANADA: IIMA chief urges cooperation among Asian nations.</title>
<headline>IIMA chief urges cooperation among Asian nations.</headline>
<dateline>TORONTO 1997-05-31</dateline>
<text>
<p>President of the Institute for International Monetary Affairs in Tokyo, Toyoo Gyohten, said on Saturday that Japan seeks cooperation with other East Asian nations to stimulate the region's economy and to avoid hegemony by any one nation.</p>
<p>&quot;Japan is neither able to nor desirous to become a hegemonic power in Asia,&quot; said Gyohten, a former Vice Minister of Finance for International Affairs in Japan. &quot;We know our limitations.&quot;</p>
<p>But Gyohten told delegates in Toronto for the 39th annual congress of the Association Cambiste International that Japan should not stand idly by while other nations seek hegemony in the region.</p>
<p>&quot;What Japan hopes for and believes in is to be a partner in stimulating and supporting development and in sharing the benefits of common achievement,&quot; he said.</p>
<p>Gyohten told delegates that there were several principles that East Asian nations should stand by as they promote the regional economic development.</p>
<p>He said nations should be reminded that East Asia's development has been made possible by &quot;mutual stimulation&quot; in an open environment.</p>
<p>He urged East Asian nations to make continual efforts to avoid becoming adversarial in their dealings and to acknowledge the constant battles to reach compromise that at the same time recognized the region's diversity.</p>
<p>Gyohten said the region's nations must expand human and cultural exchanges for the development of multinational projects and must continue to point out examples that prove economic interdependence generated mutual benefits.</p>
<p>&quot;East Asia is full of possibilities but it is also full of risks,&quot; Gyohten said.</p>
<p>-- Paul Casciato, Toronto newsroom (416) 585-3513</p>
</text>
<copyright>(c) Reuters Limited 1997</copyright>
<metadata>
<codes class="bip:countries:1.0">
  <code code="CANA">
    <editdetail attribution="Reuters BIP Coding Group" action="confirmed" date="1997-05-31"/>
  </code>
  <code code="EASIA">
    <editdetail attribution="Reuters BIP Coding Group" action="confirmed" date="1997-05-31"/>
  </code>
  <code code="JAP">
    <editdetail attribution="Reuters BIP Coding Group" action="confirmed" date="1997-05-31"/>
  </code>
</codes>
<codes class="bip:topics:1.0">
  <code code="E51">
    <editdetail attribution="Reuters BIP Coding Group" action="confirmed" date="1997-05-31"/>
  </code>
  <code code="E512">
    <editdetail attribution="Reuters BIP Coding Group" action="confirmed" date="1997-05-31"/>
  </code>
  <code code="ECAT">
    <editdetail attribution="Reuters BIP Coding Group" action="confirmed" date="1997-05-31"/>
  </code>
</codes>
<dc element="dc.date.created" value="1997-05-31"/>
<dc element="dc.publisher" value="Reuters Holdings Plc"/>
<dc element="dc.date.published" value="1997-05-31"/>
<dc element="dc.source" value="Reuters"/>
<dc element="dc.creator.location" value="TORONTO"/>
<dc element="dc.creator.location.country.name" value="CANADA"/>
<dc element="dc.source" value="Reuters"/>
</metadata>
</newsitem>
