<?xml version="1.0" encoding="iso-8859-1" ?>
<newsitem itemid="628503" id="root" date="1997-05-31" xml:lang="en">
<title>NEW ZEALAND: RUGBY UNION-UNBEATEN AUCKLAND WIN SUPER 12 FINAL 2.</title>
<headline>RUGBY UNION-UNBEATEN AUCKLAND WIN SUPER 12 FINAL 2.</headline>
<dateline>AUCKLAND 1997-05-31</dateline>
<text>
<p>The Auckland Blues beat the ACT</p>
<p>Brumbies 23-7 (halftime 10-0) in the final of the Super 12</p>
<p>rugby union competition at Eden Park on Saturday.</p>
<p>Scorers:</p>
<p>Auckland - Tries: Craig Dowd, Michael Jones . Conversions:</p>
<p>Adrian Cashmore (2). Penalties: Cashmore (3).</p>
<p>ACT - Tries: Joe Roff. Conversions: Roff.</p>
</text>
<copyright>(c) Reuters Limited 1997</copyright>
<metadata>
<codes class="bip:countries:1.0">
  <code code="NZ">
    <editdetail attribution="Reuters BIP Coding Group" action="confirmed" date="1997-05-31"/>
  </code>
</codes>
<codes class="bip:topics:1.0">
  <code code="GCAT">
    <editdetail attribution="Reuters BIP Coding Group" action="confirmed" date="1997-05-31"/>
  </code>
  <code code="GSPO">
    <editdetail attribution="Reuters BIP Coding Group" action="confirmed" date="1997-05-31"/>
  </code>
</codes>
<dc element="dc.date.created" value="1997-05-31"/>
<dc element="dc.publisher" value="Reuters Holdings Plc"/>
<dc element="dc.date.published" value="1997-05-31"/>
<dc element="dc.source" value="Reuters"/>
<dc element="dc.creator.location" value="AUCKLAND"/>
<dc element="dc.creator.location.country.name" value="NEW ZEALAND"/>
<dc element="dc.source" value="Reuters"/>
</metadata>
</newsitem>
