<?xml version="1.0" encoding="iso-8859-1" ?>
<newsitem itemid="628571" id="root" date="1997-05-31" xml:lang="en">
<title>UK: Gallaher opens trading at 282-1/2p.</title>
<headline>Gallaher opens trading at 282-1/2p.</headline>
<dateline>LONDON 1997-05-30</dateline>
<text>
<p>Gallaher Group Plc began its first day of trade on the London Stock Exchange at 282-1/2p per share, valuing Britain's largest manufacturer of tobacco products at around 1.95 billion stg.</p>
<p>Gallaher, whose leading brands include Benson and Hedges and Silk Cut cigarettes as well as Hamlet Cigars and Old Holborn handrolling tobacco, also started unconditional dealings in American Depository Securities (ADS) on the New York Stock Exchange at 1330 GMT/0930EDT.</p>
<p>The stock market had expected an issue price of 310p to 320p, but shortly before trading began the FTSE 100 fell 70.0 points, or 1.5 percent, to 4,602.3.</p>
<p>--London Newsroom +44 171 542 5106</p>
</text>
<copyright>(c) Reuters Limited 1997</copyright>
<metadata>
<codes class="bip:countries:1.0">
  <code code="UK">
    <editdetail attribution="Reuters BIP Coding Group" action="confirmed" date="1997-05-31"/>
  </code>
  <code code="USA">
    <editdetail attribution="Reuters BIP Coding Group" action="confirmed" date="1997-05-31"/>
  </code>
</codes>
<codes class="bip:industries:1.0">
  <code code="I42900">
    <editdetail attribution="Reuters BIP Coding Group" action="confirmed" date="1997-05-31"/>
  </code>
</codes>
<codes class="bip:topics:1.0">
  <code code="C14">
    <editdetail attribution="Reuters BIP Coding Group" action="confirmed" date="1997-05-31"/>
  </code>
  <code code="C15">
    <editdetail attribution="Reuters BIP Coding Group" action="confirmed" date="1997-05-31"/>
  </code>
  <code code="C152">
    <editdetail attribution="Reuters BIP Coding Group" action="confirmed" date="1997-05-31"/>
  </code>
  <code code="C17">
    <editdetail attribution="Reuters BIP Coding Group" action="confirmed" date="1997-05-31"/>
  </code>
  <code code="C171">
    <editdetail attribution="Reuters BIP Coding Group" action="confirmed" date="1997-05-31"/>
  </code>
  <code code="CCAT">
    <editdetail attribution="Reuters BIP Coding Group" action="confirmed" date="1997-05-31"/>
  </code>
</codes>
<dc element="dc.date.created" value="1997-05-30"/>
<dc element="dc.publisher" value="Reuters Holdings Plc"/>
<dc element="dc.date.published" value="1997-05-31"/>
<dc element="dc.source" value="Reuters"/>
<dc element="dc.creator.location" value="LONDON"/>
<dc element="dc.creator.location.country.name" value="UK"/>
<dc element="dc.source" value="Reuters"/>
</metadata>
</newsitem>
