<?xml version="1.0" encoding="iso-8859-1" ?>
<newsitem itemid="628538" id="root" date="1997-05-31" xml:lang="en">
<title>GERMANY: GOLF-A STAR IS BJORN IN HAMBURG.</title>
<headline>GOLF-A STAR IS BJORN IN HAMBURG.</headline>
<byline>Norman Dabell</byline>
<dateline>HAMBURG, Germany 1997-05-31</dateline>
<text>
<p>Denmark's Thomas Bjorn fired a six-under par 66 to capture a share of the lead after the third round of the Tournament Players' Championship on Saturday.</p>
<p>Bjorn holed six birdies on his way to the joint-best score of the day, joining Howard Clark of England and Sweden's Anders Forsbrand at the top of the leaderboard on six-under-par 210.</p>
<p>Former Ryder Cup stalwart Clark carded a 68 while Forsbrand hit a 69.</p>
<p>The trio are one stroke clear of Scotland's Gordon Brand Jnr, another Englishman, Ross McFarlane, and Ireland's Paul McGinley who also carded 66.</p>
<p>Overnight leader Van Phillips of England fell away with a 74 to be three shots off the pace and Spain's Miguel Martin, lost ground badly to finish six adrift despite holing birdies at the first two holes to go one ahead of the field.</p>
<p>European Ryder Cup captain Seve Ballesteros has called Bjorn &quot;my Tiger Woods&quot; when mapping out his strategy for this year's clash with the Americans in Spain.</p>
<p>&quot;I'm no Tiger Woods,&quot; said Bjorn, &quot;but it's nice to know he thinks that highly of me. I've played with him this year and he's given me a lot of encouragement. It really sounds like he wants me in the team.&quot;</p>
<p>Three birdies in four holes coming to the turn fired Bjorn's charge.</p>
<p>&quot;I've been struggling recently but I've put in so much work I just knew something had to happen eventually,&quot; he said. &quot;It could have been a lower score.&quot;</p>
<p>Lying eighth in the European Ryder Cup rankings with 276,532 points, Bjorn thinks the 83,000 points on offer for second place in Germany would be enough to seal a place in the team for the contest in Valderrama.</p>
<p>&quot;I think I'm about 65,000 points away and if I can't make that by September I don't deserve to be in the team,&quot; he said.</p>
<p>Forsbrand birdied two of the last three holes to spring into contention. &quot;The last time I led going into the last round, the 1995 German Masters, I won, so I'm looking forward to tomorrow,&quot; he said.</p>
<p>Clark's said Saturday's round was his first bogey-free card for &quot;many moons&quot;.</p>
</text>
<copyright>(c) Reuters Limited 1997</copyright>
<metadata>
<codes class="bip:countries:1.0">
  <code code="DEN">
    <editdetail attribution="Reuters BIP Coding Group" action="confirmed" date="1997-05-31"/>
  </code>
  <code code="GFR">
    <editdetail attribution="Reuters BIP Coding Group" action="confirmed" date="1997-05-31"/>
  </code>
  <code code="SWED">
    <editdetail attribution="Reuters BIP Coding Group" action="confirmed" date="1997-05-31"/>
  </code>
  <code code="UK">
    <editdetail attribution="Reuters BIP Coding Group" action="confirmed" date="1997-05-31"/>
  </code>
</codes>
<codes class="bip:topics:1.0">
  <code code="GCAT">
    <editdetail attribution="Reuters BIP Coding Group" action="confirmed" date="1997-05-31"/>
  </code>
  <code code="GSPO">
    <editdetail attribution="Reuters BIP Coding Group" action="confirmed" date="1997-05-31"/>
  </code>
</codes>
<dc element="dc.date.created" value="1997-05-31"/>
<dc element="dc.publisher" value="Reuters Holdings Plc"/>
<dc element="dc.date.published" value="1997-05-31"/>
<dc element="dc.source" value="Reuters"/>
<dc element="dc.creator.location" value="HAMBURG, Germany"/>
<dc element="dc.creator.location.country.name" value="GERMANY"/>
<dc element="dc.source" value="Reuters"/>
</metadata>
</newsitem>
