<?xml version="1.0" encoding="iso-8859-1" ?>
<newsitem itemid="628583" id="root" date="1997-05-31" xml:lang="en">
<title>USA: Saliva Diagnostic to increase US capacity.</title>
<headline>Saliva Diagnostic to increase US capacity.</headline>
<dateline>VANCOUVER, Wash. 1997-05-30</dateline>
<text>
<p>Saliva Diagnostic Systems Inc on Friday said it expects to increase its U.S. production capacity of rapid tests to between 3 million and 6 million tests per year.</p>
<p>In a statement the company said it also expects to submit its rapid tests for HIV and H. pylori, a bacteria linked to peptic ulcers and gastric cancers, for approval in several countries, including the United States this year.</p>
<p>The company develops and manufacturs rapid diagnostic tests for infectious diseases and other conditions.</p>
</text>
<copyright>(c) Reuters Limited 1997</copyright>
<metadata>
<codes class="bip:countries:1.0">
  <code code="USA">
    <editdetail attribution="Reuters BIP Coding Group" action="confirmed" date="1997-05-31"/>
  </code>
</codes>
<codes class="bip:industries:1.0">
  <code code="I25700">
    <editdetail attribution="Reuters BIP Coding Group" action="confirmed" date="1997-05-31"/>
  </code>
</codes>
<codes class="bip:topics:1.0">
  <code code="C21">
    <editdetail attribution="Reuters BIP Coding Group" action="confirmed" date="1997-05-31"/>
  </code>
  <code code="C24">
    <editdetail attribution="Reuters BIP Coding Group" action="confirmed" date="1997-05-31"/>
  </code>
  <code code="CCAT">
    <editdetail attribution="Reuters BIP Coding Group" action="confirmed" date="1997-05-31"/>
  </code>
</codes>
<dc element="dc.date.created" value="1997-05-30"/>
<dc element="dc.publisher" value="Reuters Holdings Plc"/>
<dc element="dc.date.published" value="1997-05-31"/>
<dc element="dc.source" value="Reuters"/>
<dc element="dc.creator.location" value="VANCOUVER, Wash."/>
<dc element="dc.creator.location.country.name" value="USA"/>
<dc element="dc.source" value="Reuters"/>
</metadata>
</newsitem>
