<?xml version="1.0" encoding="iso-8859-1" ?>
<newsitem itemid="628517" id="root" date="1997-05-31" xml:lang="en">
<title>FRANCE: RUGBY UNION-TOULOUSE REIGN CONTINUES IN FRANCE.</title>
<headline>RUGBY UNION-TOULOUSE REIGN CONTINUES IN FRANCE.</headline>
<dateline>PARIS 1997-05-31</dateline>
<text>
<p>Toulouse claimed the French championship title for a fourth successive year on Saturday after beating Bourgoin 12-6 in a scrappy final at Parc des Princes.</p>
<p>Former French fly-half Christophe Deylaud landed all Toulouse's points with three penalties and a 71st minute drop goal which effectively settled the outcome.</p>
<p>Bourgoin, winners of the European Conference title this season but appearing in their first French championship final, did their chances little good by turning down a kickable penalty opportunity with five minutes left which would have levelled the scores.</p>
<p>They were never ahead but two penalties from full-back Nigel Geany, a New Zealander working in the French wine trade, kept them in contention right to the end.</p>
<p>The result was a particular disappointment for Bourgoin's former French international forward Marc Cecillon, appearing in his first championship final at the age of 38.</p>
</text>
<copyright>(c) Reuters Limited 1997</copyright>
<metadata>
<codes class="bip:countries:1.0">
  <code code="FRA">
    <editdetail attribution="Reuters BIP Coding Group" action="confirmed" date="1997-05-31"/>
  </code>
</codes>
<codes class="bip:topics:1.0">
  <code code="GCAT">
    <editdetail attribution="Reuters BIP Coding Group" action="confirmed" date="1997-05-31"/>
  </code>
  <code code="GSPO">
    <editdetail attribution="Reuters BIP Coding Group" action="confirmed" date="1997-05-31"/>
  </code>
</codes>
<dc element="dc.date.created" value="1997-05-31"/>
<dc element="dc.publisher" value="Reuters Holdings Plc"/>
<dc element="dc.date.published" value="1997-05-31"/>
<dc element="dc.source" value="Reuters"/>
<dc element="dc.creator.location" value="PARIS"/>
<dc element="dc.creator.location.country.name" value="FRANCE"/>
<dc element="dc.source" value="Reuters"/>
</metadata>
</newsitem>
