<?xml version="1.0" encoding="iso-8859-1" ?>
<newsitem itemid="628540" id="root" date="1997-05-31" xml:lang="en">
<title>ITALY: SOCCER-TASSOTTI FACES FINAL MATCH FOR MILAN.</title>
<headline>SOCCER-TASSOTTI FACES FINAL MATCH FOR MILAN.</headline>
<dateline>MILAN 1997-05-31</dateline>
<text>
<p>Veteran defender Mauro Tassotti will play his last game for AC Milan on Sunday after 17 consecutive seasons at the club and 404 serie A matches.</p>
<p>&quot;This has been a season of transition for me. Now I'm ready for a career as a coach,&quot; the 37-year-old former Italian international, who spent his first two seasons at Lazio, told reporters at Milan's training ground on Saturday.</p>
<p>Tassotti, who was persuaded to stay on for another season after intending to quit last year, said he wanted to start his coaching career with Milan's youth team.</p>
<p>Milan host relegation-threatened Cagliari in their final league match of the season on Sunday.</p>
</text>
<copyright>(c) Reuters Limited 1997</copyright>
<metadata>
<codes class="bip:countries:1.0">
  <code code="ITALY">
    <editdetail attribution="Reuters BIP Coding Group" action="confirmed" date="1997-05-31"/>
  </code>
</codes>
<codes class="bip:topics:1.0">
  <code code="GCAT">
    <editdetail attribution="Reuters BIP Coding Group" action="confirmed" date="1997-05-31"/>
  </code>
  <code code="GSPO">
    <editdetail attribution="Reuters BIP Coding Group" action="confirmed" date="1997-05-31"/>
  </code>
</codes>
<dc element="dc.date.created" value="1997-05-31"/>
<dc element="dc.publisher" value="Reuters Holdings Plc"/>
<dc element="dc.date.published" value="1997-05-31"/>
<dc element="dc.source" value="Reuters"/>
<dc element="dc.creator.location" value="MILAN"/>
<dc element="dc.creator.location.country.name" value="ITALY"/>
<dc element="dc.source" value="Reuters"/>
</metadata>
</newsitem>
