<?xml version="1.0" encoding="iso-8859-1" ?>
<newsitem itemid="628672" id="root" date="1997-05-31" xml:lang="en">
<title>HONG KONG: HK's Swire sees business as usual after handover.</title>
<headline>HK's Swire sees business as usual after handover.</headline>
<dateline>HONG KONG 1997-05-31</dateline>
<text>
<p>As Hong Kong approaches its final month under colonial rule, one of its major British &quot;Hongs&quot; Swire Pacific Ltd sought on Saturday to ease fears about its future under Chinese sovereignty.</p>
<p>&quot;As far as I am concerned, we believe that the playing field will be level,&quot; chairman Peter Sutch told reporters.</p>
<p>&quot;I think it is business as usual.&quot;</p>
<p>Shares in Swire Pacific Ltd have underperformed the Hong Kong market this year amid a stampede by investors for China related stocks ahead of Hong Kong's return to Chinese rule on midnight of June 30.</p>
<p>&quot;There is one, I think, overwhelming factor which I think is wrong...that is the perception that as a &quot;British Hong&quot; perhaps we are not going to have the same level playing field post July that we have had in the past,&quot; said Sutch.</p>
<p>Hong is the old name for large trading houses.</p>
<p>&quot;The other theory is that we have been in a 'privileged' position up until now. If we had been in a privileged position we would probably be three or four times the size we are.&quot;</p>
<p>Sutch said investors were likely to change their view over time. &quot;I believe this is a perception that with time, three may be six months, will have been corrected,&quot; he said.</p>
<p>-- Hong Kong newsroom (852) 2843 6345</p>
</text>
<copyright>(c) Reuters Limited 1997</copyright>
<metadata>
<codes class="bip:countries:1.0">
  <code code="CHINA">
    <editdetail attribution="Reuters BIP Coding Group" action="confirmed" date="1997-05-31"/>
  </code>
  <code code="HKONG">
    <editdetail attribution="Reuters BIP Coding Group" action="confirmed" date="1997-05-31"/>
  </code>
</codes>
<codes class="bip:industries:1.0">
  <code code="I83960">
    <editdetail attribution="Reuters BIP Coding Group" action="confirmed" date="1997-05-31"/>
  </code>
</codes>
<codes class="bip:topics:1.0">
  <code code="C15">
    <editdetail attribution="Reuters BIP Coding Group" action="confirmed" date="1997-05-31"/>
  </code>
  <code code="C152">
    <editdetail attribution="Reuters BIP Coding Group" action="confirmed" date="1997-05-31"/>
  </code>
  <code code="CCAT">
    <editdetail attribution="Reuters BIP Coding Group" action="confirmed" date="1997-05-31"/>
  </code>
  <code code="M11">
    <editdetail attribution="Reuters BIP Coding Group" action="confirmed" date="1997-05-31"/>
  </code>
  <code code="MCAT">
    <editdetail attribution="Reuters BIP Coding Group" action="confirmed" date="1997-05-31"/>
  </code>
</codes>
<dc element="dc.date.created" value="1997-05-31"/>
<dc element="dc.publisher" value="Reuters Holdings Plc"/>
<dc element="dc.date.published" value="1997-05-31"/>
<dc element="dc.source" value="Reuters"/>
<dc element="dc.creator.location" value="HONG KONG"/>
<dc element="dc.creator.location.country.name" value="HONG KONG"/>
<dc element="dc.source" value="Reuters"/>
</metadata>
</newsitem>
