<?xml version="1.0" encoding="iso-8859-1" ?>
<newsitem itemid="628673" id="root" date="1997-05-31" xml:lang="en">
<title>HONG KONG: Swire hopes for faster China expansion.</title>
<headline>Swire hopes for faster China expansion.</headline>
<dateline>HONG KONG 1997-05-31</dateline>
<text>
<p>Swire Pacific Ltd said on Saturday it would like to develop its China business more rapidly in coming years, while at the same time avoiding &quot;an unwisely rapid&quot; rate of development there.</p>
<p>&quot;I think probably my desire would be to see our businesses in China develop perhaps more quickly than they have done,&quot; chairman Peter Sutch told reporters on Saturday.</p>
<p>&quot;I talked on many occasions about our wish to see the Swire Pac conglomerate a little bit more balanced - property and aviation at the moment is very dominant... In order to balance it we would have to throw a lot of money at it in a short period of time which is not our style,&quot; he added.</p>
<p>Sutch said Swire wanted to expand its current base on the mainland which involves beverage can and paint manufacturing and suger refining. Swire also distributes Reebok shoes and apparel and Volvo cars in Hong Kong and China.</p>
<p>While Swire's businesses on the mainland were not &quot;quite as sexy as people want&quot;, Sutch said they were right for China's current stage of development. &quot;They can actually be developed into a very big and profitable business,&quot; he said.</p>
<p>He said the Volvo car business in China was slow and Swire was not making any money selling cars on the mainland. &quot;It is a long term haul but as you know we are that kind of organisation, we are prepared to take the long haul,&quot; said Sutch.</p>
<p>Swire Pacific has been a Volvo distributor in northern and eastern China since 1993 and its Taikoo Motors Ltd unit agreed to acquire the distributorship of Volvo automobiles in Hong Kong and southern and central China earlier this month.</p>
<p>&quot;We would hope to be breaking even on this investment that we have just made in the third year,&quot; said Sutch.</p>
<p>-- Jennifer Genevieve (852) 2843 6345</p>
</text>
<copyright>(c) Reuters Limited 1997</copyright>
<metadata>
<codes class="bip:countries:1.0">
  <code code="CHINA">
    <editdetail attribution="Reuters BIP Coding Group" action="confirmed" date="1997-05-31"/>
  </code>
  <code code="HKONG">
    <editdetail attribution="Reuters BIP Coding Group" action="confirmed" date="1997-05-31"/>
  </code>
</codes>
<codes class="bip:industries:1.0">
  <code code="I83960">
    <editdetail attribution="Reuters BIP Coding Group" action="confirmed" date="1997-05-31"/>
  </code>
</codes>
<codes class="bip:topics:1.0">
  <code code="C11">
    <editdetail attribution="Reuters BIP Coding Group" action="confirmed" date="1997-05-31"/>
  </code>
  <code code="CCAT">
    <editdetail attribution="Reuters BIP Coding Group" action="confirmed" date="1997-05-31"/>
  </code>
</codes>
<dc element="dc.date.created" value="1997-05-31"/>
<dc element="dc.publisher" value="Reuters Holdings Plc"/>
<dc element="dc.date.published" value="1997-05-31"/>
<dc element="dc.source" value="Reuters"/>
<dc element="dc.creator.location" value="HONG KONG"/>
<dc element="dc.creator.location.country.name" value="HONG KONG"/>
<dc element="dc.source" value="Reuters"/>
</metadata>
</newsitem>
