<?xml version="1.0" encoding="iso-8859-1" ?>
<newsitem itemid="628657" id="root" date="1997-05-31" xml:lang="en">
<title>GUATEMALA: Search begins for missing Guatemalan rebel.</title>
<headline>Search begins for missing Guatemalan rebel.</headline>
<byline>Lorraine Orlandi</byline>
<dateline>GUATEMALA CITY 1997-05-30</dateline>
<text>
<p>A criminal court judge and human rights activists searched the headquarters of the Guatemalan Presidential Guard on Friday but failed to find a trace of the missing rebel known as Mincho.</p>
<p>&quot;Right now we're proving that he is not disappeared, he is dead,&quot; said human rights activist Karen Fischer, a member of the Alliance Against Impunity that petitioned the search.</p>
<p>The organisation won a court order against Gen. Marco Tulio Espinoza, chief of the Presidential Guard, to allow the search. The elite army corps is the main suspect in last year's disappearance of Juan Jose Cabrera Rodas, alias Mincho.</p>
<p>Judge Jorge Isaias Figueroa accompanied representatives of the alliance and public prosecutors on an all-day tour of Presidential Guard installations.</p>
<p>The search turned up no evidence of Cabrera, but was designed to pressure the Public Ministry into prosecuting those responsible for his disappearance, Fischer said.</p>
<p>It was the latest turn in this national mystery, which continued to generate daily headlines and public posturing.</p>
<p>Last week the United Nations Mission for the Verification of Human Rights in Guatemala (MINUGUA) concluded that Cabrera was captured and probably killed by government security forces last October for his involvement in a high-profile kidnapping of the matriarch of a wealthy Guatemalan family.</p>
<p>The MINUGUA report named the Presidential Guard, saying it operated as an illegal clandestine security force. On Friday MINUGUA representatives accompanied the delegation but did not enter the buildings being searched.</p>
<p>This week MINUGUA itself became the subject of an investigation by a team from the U.N.'s New York headquarters. At the request of MINUGUA Chief Jean Arnualt, two investigators arrived on Wednesday to look into accusations that Arnault helped cover up Cabrera's disappearance in order to protect the delicate peace process.</p>
<p>Arnault, a French diplomat, mediated the peace talks between the government and the Guatemalan National Revolutionary Unit (URNG). On Dec. 29, the parties signed an historic peace agreement ending 36 years of civil war.</p>
<p>The kidnapping occurred in the final phase of those talks, violating the ceasefire and deeply embarrassed the URNG. In a rare show of unity, the government and the URNG consistently denied that Cabrera existed.</p>
</text>
<copyright>(c) Reuters Limited 1997</copyright>
<metadata>
<codes class="bip:countries:1.0">
  <code code="GUAT">
    <editdetail attribution="Reuters BIP Coding Group" action="confirmed" date="1997-05-31"/>
  </code>
</codes>
<codes class="bip:topics:1.0">
  <code code="GCAT">
    <editdetail attribution="Reuters BIP Coding Group" action="confirmed" date="1997-05-31"/>
  </code>
  <code code="GPOL">
    <editdetail attribution="Reuters BIP Coding Group" action="confirmed" date="1997-05-31"/>
  </code>
  <code code="GVIO">
    <editdetail attribution="Reuters BIP Coding Group" action="confirmed" date="1997-05-31"/>
  </code>
</codes>
<dc element="dc.date.created" value="1997-05-30"/>
<dc element="dc.publisher" value="Reuters Holdings Plc"/>
<dc element="dc.date.published" value="1997-05-31"/>
<dc element="dc.source" value="Reuters"/>
<dc element="dc.creator.location" value="GUATEMALA CITY"/>
<dc element="dc.creator.location.country.name" value="GUATEMALA"/>
<dc element="dc.source" value="Reuters"/>
</metadata>
</newsitem>
