<?xml version="1.0" encoding="iso-8859-1" ?>
<newsitem itemid="628621" id="root" date="1997-05-31" xml:lang="en">
<title>YUGOSLAVIA: Albright takes tough line from Croatia to Serbia.</title>
<headline>Albright takes tough line from Croatia to Serbia.</headline>
<byline>Carol Giacomo</byline>
<dateline>BELGRADE 1997-05-31</dateline>
<text>
<p>U.S. Secretary of State Madeleine Albright showed rare undiplomatic bluntness on Saturday when she publicly faulted the presidents of Croatia and Serbia for inactivity and threatened sanctions unless they changed.</p>
<p>After an open spat with Croatian President Franjo Tudjman, Albright held talks with Serbian President Slobodan Milosevic in Belgrade on subjects including Bosnia war crimes, the return of refugees and Serbia's troubling trend on political liberties.</p>
<p>Milosevic opened the 90-minute meeting by telling reporters he wanted to normalise relations with the United States.</p>
<p>But Albright made clear at a news conference later that clear this goal was not close to being realised. She accused Milosevic of dragging his feet on apprehending war criminals and other commitments and warned that Serbia was &quot;at a fork in the road.&quot;</p>
<p>&quot;I assured him that (if Serbia fails to meet U.S. demands) the United States would make sure they are not part of the dynamic trend that was taking place in Europe and that they would be left far behind,&quot; she said.</p>
<p>Albright said her session with Milosevic &quot;was probably the toughest meeting I've had with any president,&quot; adding: &quot;I made clear to President Milosevic that it now was up to him if there would be steps toward normalisation.&quot;</p>
<p>She called for Milosevic, a key signatory of the 1995 U.S.- brokered Dayton accords that ended the Bosnia war, to stop &quot;stonewalling&quot; and ensure that indicated war criminals were brought to justice at the war crimes Tribunal in The Hague.</p>
<p>She specifically cited influential Bosnian Serb Radovan Karadzic and three Yugoslav generals accused of a mass killing near Vukovar.</p>
<p>Milosevic claimed he did not have enough information about the three generals but Albright said she gave him tribunal documents so &quot;he has no excuses.&quot;</p>
<p>She also urged him to bring to trial in Serbia a Serb military leader known as Arkan, her spokesman Nicholas Burns said. But he said the meeting produced no progress on any issue.</p>
<p>Milosevic told reporters after the meeting that the talks were very open and &quot;in the spirit of tradition between our two countries in their long history.&quot;</p>
<p>&quot;I am certain that we will achieve better and better progress as regards the questions we discussed and normalise our relations step by step,&quot; he said.</p>
<p>Albright later walked to the Czech embassy near the Serbian presidency buildings to the amazement of onlookers who almost never see high officials walking the streets. She lived in the embassy as a child when her father was a diplomat in Belgrade.</p>
<p>Albright, who flaunts a &quot;tell it like it is&quot; diplomacy, had a tough meeting with Tudjman earlier in Zagreb and a direct face-off at a joint news conference.</p>
<p>As Tudjman looked on grim-faced, she said: &quot;I believe it is the appropriate role of leadership of every country to provide moral direction ... and I asked President Tudjman to provide that kind of leadership.&quot;</p>
<p>She said she told Tudjman, who is up for re-election in two weeks time, that he must prevent violence against Serb war refugees trying to return to Croatia and also cooperate with the war crimes tribunal at the Hague.</p>
<p>Albright told him that if he failed to act on U.S. demands, which include commitments he made as a signatory of the Dayton accords, Washington would block International Monetary Fund loans and Croatia's integration into the western community.</p>
<p>Her spokesman told reporters the only commitment Tudjman made was to open the bridge at Brcko over the Sava River from the Bosnian Serb republic to Croatia to trade. Albright is to visit Brcko on Sunday.</p>
<p>Tudjman insisted Zagreb supported the right of Serbs to return to his country and was complying with other aspects of the Dayton accords. &quot;For all practical purposes Croatia is not operating any programme of ethnic purity,&quot; he said.</p>
</text>
<copyright>(c) Reuters Limited 1997</copyright>
<metadata>
<codes class="bip:countries:1.0">
  <code code="BSHZG">
    <editdetail attribution="Reuters BIP Coding Group" action="confirmed" date="1997-05-31"/>
  </code>
  <code code="CRTIA">
    <editdetail attribution="Reuters BIP Coding Group" action="confirmed" date="1997-05-31"/>
  </code>
  <code code="USA">
    <editdetail attribution="Reuters BIP Coding Group" action="confirmed" date="1997-05-31"/>
  </code>
  <code code="YUG">
    <editdetail attribution="Reuters BIP Coding Group" action="confirmed" date="1997-05-31"/>
  </code>
</codes>
<codes class="bip:topics:1.0">
  <code code="GCAT">
    <editdetail attribution="Reuters BIP Coding Group" action="confirmed" date="1997-05-31"/>
  </code>
  <code code="GDIP">
    <editdetail attribution="Reuters BIP Coding Group" action="confirmed" date="1997-05-31"/>
  </code>
</codes>
<dc element="dc.date.created" value="1997-05-31"/>
<dc element="dc.publisher" value="Reuters Holdings Plc"/>
<dc element="dc.date.published" value="1997-05-31"/>
<dc element="dc.source" value="Reuters"/>
<dc element="dc.creator.location" value="BELGRADE"/>
<dc element="dc.creator.location.country.name" value="YUGOSLAVIA"/>
<dc element="dc.source" value="Reuters"/>
</metadata>
</newsitem>
