<?xml version="1.0" encoding="iso-8859-1" ?>
<newsitem itemid="628681" id="root" date="1997-05-31" xml:lang="en">
<title>INDONESIA: Asian rights group critices Indonesian poll.</title>
<headline>Asian rights group critices Indonesian poll.</headline>
<dateline>JAKARTA 1997-05-31</dateline>
<text>
<p>An Asian-based human rights group issued a critical report on the Indonesian election on Saturday, saying glaring irregularities had undermined the right to vote.</p>
<p>The Bangkok-based Asian Forum for Human Rights and Development said in a statement issued by a delegation visiting Indonesia for Thursday's poll that they had basic concerns with irregularities in the electoral process.</p>
<p>The group's mission coordinator, Evelyn Balais-Serrano, told a news conference that the group with delegates from Thailand, the Philippines and Cambodia had been surprised by the level of the military presence in and around polling booths.</p>
<p>&quot;We think there can never be a clear and fair election in an atmosphere of fear,&quot; Balais-Serrano told reporters in issuing the group's three-page statement on the poll.</p>
<p>&quot;We express grave alarm that the peoples of Indonesia should so suffer violations of their sacred right to vote freely without fear or reprisal,&quot; the group said in the statement.</p>
<p>&quot;While the government speaks of a registered list of voters amounting to some 124 plus million, election authorities in some areas did not seem to mind the list at all in allowing citizens to vote,&quot; the statement said.</p>
<p>It said some of the seven-member delegation spread across the archipelago had seen people vote without their names being checked off a registered list and no mechanism to ensure electors voting out of their districts did not vote more than once.</p>
<p>The report was critical of the tight restrictions on campaign at the village level where most of Indonesia's population of more than 200 million live.</p>
<p>&quot;Observations, interviews and reports showed that one party, the ruling party of Golkar had full access and control over the villages as each village head was a member of Golkar. How can the people have a free and fair choice under such circumstances.&quot;</p>
<p>The group was also concerned about the pressure on the more than 20 million young voters taking part in the election for the first time.</p>
<p>&quot;Interviews with young voters and their parents in Jakarta and some other areas showed with glaring frequency fear among the young that failure to vote for Golkar would mean reprisal by their superiors in school involving their academic work, such as a failing mark, for instance, in their final examinations,&quot; it said.</p>
<p>The forum urged the Indonesian government to set up an independent election body with a transparent electoral process free from harassment and intimidation.</p>
</text>
<copyright>(c) Reuters Limited 1997</copyright>
<metadata>
<codes class="bip:countries:1.0">
  <code code="INDON">
    <editdetail attribution="Reuters BIP Coding Group" action="confirmed" date="1997-05-31"/>
  </code>
</codes>
<codes class="bip:topics:1.0">
  <code code="GCAT">
    <editdetail attribution="Reuters BIP Coding Group" action="confirmed" date="1997-05-31"/>
  </code>
  <code code="GDIP">
    <editdetail attribution="Reuters BIP Coding Group" action="confirmed" date="1997-05-31"/>
  </code>
  <code code="GPOL">
    <editdetail attribution="Reuters BIP Coding Group" action="confirmed" date="1997-05-31"/>
  </code>
  <code code="GVIO">
    <editdetail attribution="Reuters BIP Coding Group" action="confirmed" date="1997-05-31"/>
  </code>
  <code code="GVOTE">
    <editdetail attribution="Reuters BIP Coding Group" action="confirmed" date="1997-05-31"/>
  </code>
</codes>
<dc element="dc.date.created" value="1997-05-31"/>
<dc element="dc.publisher" value="Reuters Holdings Plc"/>
<dc element="dc.date.published" value="1997-05-31"/>
<dc element="dc.source" value="Reuters"/>
<dc element="dc.creator.location" value="JAKARTA"/>
<dc element="dc.creator.location.country.name" value="INDONESIA"/>
<dc element="dc.source" value="Reuters"/>
</metadata>
</newsitem>
