<?xml version="1.0" encoding="iso-8859-1" ?>
<newsitem itemid="628662" id="root" date="1997-05-31" xml:lang="en">
<title>CHINA: Two quakes hit China, no casualties reported.</title>
<headline>Two quakes hit China, no casualties reported.</headline>
<dateline>BEIJING 1997-05-31</dateline>
<text>
<p>Two earthquakes capable of causing heavy damage in a populated area rocked widely separated parts of China on Saturday, but officials said there were no immediate reports of casualties.</p>
<p>A quake measuring 5.0 on the Richter scale jolted China's eastern Fujian province, about 150 km (90 miles) northwest of the major port city of Xiamen at 2.51 p.m. (0651 GMT), an official said. The centre of the tremor was near Yong'an city and Fujian's border with Guangdong province, he added.</p>
<p>&quot;Some people felt it but some didn't even know there was an earthquake,&quot; the official said.</p>
<p>&quot;In general, the effect wasn't all that great,&quot; he said by telephone.</p>
<p>The official Xinhua news agency said the quake had damaged some buildings in Yong'an city and Liancheng county but the official said there were no reports of damage in Xiamen.</p>
<p>&quot;We were well-prepared in Xiamen and evacuated everyone,&quot; he said. A media official in Yong'an, about 25 km (15 miles) from the epicentre, said there were no reports of injuries or damage as of yet.</p>
<p>Earlier, Xinhua said a tremor measuring 5.3 on the Richter scale had rocked a remote and sparsely populated area in the northwestern region of Xinjiang on Saturday, but it did not say if there were any casualties or damage. That area is around 2,500 km (1,500 miles) northwest of Yong'an city.</p>
<p>Chinese scientists say China has entered a period of high seismological activity and officials have forecast more quakes of more than six on the Richter scale for Xinjiang, which lies at the meeting of two seismological belts. A quake of that magnitude could cause widespread damage.</p>
<p>About 50 people have been killed in a series of tremors to rock the arid desert region that is home to many cotton farmers and sheepherders.</p>
<p>China suffered the worst quake in modern history on July 28, 1976, when a magnitude 7.8 hit the northeastern city of Tangshan, almost levelling it and killed at least 240,000 people. The most devastating earthquake in recorded history hit China's Shaanxi province in 1556, killing 830,000 people.</p>
</text>
<copyright>(c) Reuters Limited 1997</copyright>
<metadata>
<codes class="bip:countries:1.0">
  <code code="CHINA">
    <editdetail attribution="Reuters BIP Coding Group" action="confirmed" date="1997-05-31"/>
  </code>
</codes>
<codes class="bip:topics:1.0">
  <code code="GCAT">
    <editdetail attribution="Reuters BIP Coding Group" action="confirmed" date="1997-05-31"/>
  </code>
  <code code="GDIS">
    <editdetail attribution="Reuters BIP Coding Group" action="confirmed" date="1997-05-31"/>
  </code>
</codes>
<dc element="dc.date.created" value="1997-05-31"/>
<dc element="dc.publisher" value="Reuters Holdings Plc"/>
<dc element="dc.date.published" value="1997-05-31"/>
<dc element="dc.source" value="Reuters"/>
<dc element="dc.creator.location" value="BEIJING"/>
<dc element="dc.creator.location.country.name" value="CHINA"/>
<dc element="dc.source" value="Reuters"/>
</metadata>
</newsitem>
