<?xml version="1.0" encoding="iso-8859-1" ?>
<newsitem itemid="628682" id="root" date="1997-05-31" xml:lang="en">
<title>HONG KONG: Last Post for 1,000-day British regiment in H.K.</title>
<headline>Last Post for 1,000-day British regiment in H.K.</headline>
<byline>Diane Stormont</byline>
<dateline>HONG KONG 1997-05-31</dateline>
<text>
<p>To the haunting notes of the Last Post from a lone buglar, Britain closed another chapter in the colonial history book on Saturday by disbanding its shortest-lived peacetime regiment.</p>
<p>Dubbed the 1,000 Day Regiment, the Hong Kong Logistic Support Regiment's job is done just one month and a day before the British flag is furled over its last Asian outpost.</p>
<p>The last British soldier will march out of Hong Kong shortly after the stroke of midnight on June 30, marking the end of more than 150 years of colonial rule.</p>
<p>&quot;It is not often that one bears witness not only to the formation but also the disbandment of a regiment,&quot; the commander of British Forces, Major General Bryan Dutton, told the troops parading in the the unrelenting glare of the tropical sun.</p>
<p>&quot;It was formed as a regiment which would have a life of 1,000 days. It has actually lasted a little longer -- 1,181 days,&quot; he said.</p>
<p>In its short lifetime, the Logistic Support Regiment -- motto: &quot;We sustain&quot; -- has sold off the fleet of Royal Air Force Wessex helicopters to Uruguay and the Royal Navy's three Peacock class patrol boats to the Philippines.</p>
<p>Its troops presided over one of the most ambitious garage sales in Hong Kong.</p>
<p>Everything had to go. From boots to bedroom suites, cars to mess crockery, food, ammunition and sporting equipment.</p>
<p>They mothballed Stanley Fort which housed the resident infantry battalion and decommissioned military schools.</p>
<p>Yet they continued to supply to what remained of the British garrison what Commanding Officer Lt Colonel Nigel Lloyd called essential services -- &quot;everything from broomsticks to bayonets&quot;.</p>
<p>Only about 1,000 British military and civilian personnel remain in the British garrison in Hong Kong, the second oldest after Gibraltar, down from more than 10,000 during its peacetime heyday.</p>
<p>&quot;I am naturally emotionally upset that it is time to go,&quot; said Lloyd as the regiment prepared to vacate the last barracks occupied by British troops on the Chinese mainland.</p>
<p>Osborn Barracks, situated in a leafy suburb on the Kowloon peninsula directly below the flight path of the airport, will be handed over to the Hong Kong government next week.</p>
<p>The government in turn will pass the barracks and other former British military facilities, including some of the world's most valuable real estate, on to the incoming Chinese garrison.</p>
<p>A third group of 90 Chinese troops drove across the border on Friday to join 106 colleagues already stationed in Hong Kong. They will prepare for the arrival of the full Chinese garrison expected to number about 10,000 troops at its peak.</p>
<p>After the pipes and drums of the Black Watch, the last resident British regiment to be stationed in Hong Kong, struck up the farewell song Auld Lang Syne, Dutton summed up his feelings.</p>
<p>&quot;It's a combination of sadness that something which is intrinsically good... has to come to an end and those relationships break up,&quot; the 61st and last commander of British Forces in Asia said.</p>
<p>&quot;And on the other hand there is a sense of pride because they have done an amazing job,&quot; he said as the 1,000 Day Regiment marched briskly into history.</p>
</text>
<copyright>(c) Reuters Limited 1997</copyright>
<metadata>
<codes class="bip:countries:1.0">
  <code code="CHINA">
    <editdetail attribution="Reuters BIP Coding Group" action="confirmed" date="1997-05-31"/>
  </code>
  <code code="HKONG">
    <editdetail attribution="Reuters BIP Coding Group" action="confirmed" date="1997-05-31"/>
  </code>
  <code code="UK">
    <editdetail attribution="Reuters BIP Coding Group" action="confirmed" date="1997-05-31"/>
  </code>
</codes>
<codes class="bip:topics:1.0">
  <code code="GCAT">
    <editdetail attribution="Reuters BIP Coding Group" action="confirmed" date="1997-05-31"/>
  </code>
  <code code="GDEF">
    <editdetail attribution="Reuters BIP Coding Group" action="confirmed" date="1997-05-31"/>
  </code>
  <code code="GDIP">
    <editdetail attribution="Reuters BIP Coding Group" action="confirmed" date="1997-05-31"/>
  </code>
  <code code="GPOL">
    <editdetail attribution="Reuters BIP Coding Group" action="confirmed" date="1997-05-31"/>
  </code>
</codes>
<dc element="dc.date.created" value="1997-05-31"/>
<dc element="dc.publisher" value="Reuters Holdings Plc"/>
<dc element="dc.date.published" value="1997-05-31"/>
<dc element="dc.source" value="Reuters"/>
<dc element="dc.creator.location" value="HONG KONG"/>
<dc element="dc.creator.location.country.name" value="HONG KONG"/>
<dc element="dc.source" value="Reuters"/>
</metadata>
</newsitem>
