<?xml version="1.0" encoding="iso-8859-1" ?>
<newsitem itemid="628604" id="root" date="1997-05-31" xml:lang="en">
<title>NIGERIA: Nigerian turf war kills 23.</title>
<headline>Nigerian turf war kills 23.</headline>
<dateline>GOMBE, Nigeria 1997-05-31</dateline>
<text>
<p>Twenty three people died in two days of clashes between cattle rearers fighting over grazing land in northeastern Nigeria, witnesses said on Saturday.</p>
<p>The clashes, between Fulani cattle farmers and migrant Udawa cattle rearers from near the Chadian border, started on Thursday and were not brought under control until Friday. they said.</p>
<p>&quot;Nineteen of those killed are Fulani and four are Udawa,&quot; said Sanka Mohammed, a journalist in Laushin-Daji, the scene of the clashes in the Yamaltu-Deba local government area of Gombe state.</p>
<p>The combatants used guns and bows and arrows. More than 100 huts were burnt and scores of cattle, sheep and goats killed.</p>
<p>Residents said fighting broke out when the migrant cattle rearers arrived in an area already demarcated for grazing and farming by the Fulani.</p>
<p>The ward head, Jauro Mai-Unguwa said clashes occur annually at the onset of the rainy season when migrant cattle rearers move south in search of grazing land.</p>
<p>&quot;This thing happens yearly and it is high time the government did something to check it,&quot; said Mai-Unguwa.</p>
<p>Gombe state police headquarters in Gombe town declined to comment on the clashes but said riot police had moved in and restored order.</p>
</text>
<copyright>(c) Reuters Limited 1997</copyright>
<metadata>
<codes class="bip:countries:1.0">
  <code code="NIGEA">
    <editdetail attribution="Reuters BIP Coding Group" action="confirmed" date="1997-05-31"/>
  </code>
</codes>
<codes class="bip:topics:1.0">
  <code code="GCAT">
    <editdetail attribution="Reuters BIP Coding Group" action="confirmed" date="1997-05-31"/>
  </code>
  <code code="GCRIM">
    <editdetail attribution="Reuters BIP Coding Group" action="confirmed" date="1997-05-31"/>
  </code>
  <code code="GVIO">
    <editdetail attribution="Reuters BIP Coding Group" action="confirmed" date="1997-05-31"/>
  </code>
</codes>
<dc element="dc.date.created" value="1997-05-31"/>
<dc element="dc.publisher" value="Reuters Holdings Plc"/>
<dc element="dc.date.published" value="1997-05-31"/>
<dc element="dc.source" value="Reuters"/>
<dc element="dc.creator.location" value="GOMBE, Nigeria"/>
<dc element="dc.creator.location.country.name" value="NIGERIA"/>
<dc element="dc.source" value="Reuters"/>
</metadata>
</newsitem>
