<?xml version="1.0" encoding="iso-8859-1" ?>
<newsitem itemid="628643" id="root" date="1997-05-31" xml:lang="en">
<title>CROATIA: Albright to press Croatia, Serbia on peace accords.</title>
<headline>Albright to press Croatia, Serbia on peace accords.</headline>
<byline>Carol Giacomo</byline>
<dateline>ZAGREB 1997-05-31</dateline>
<text>
<p>U.S. Secretary of State Madeleine Albright is due to meet Croatian and Serbian leaders on Saturday to demand their full compliance with the 1995 Dayton peace accords for Bosnia.</p>
<p>Albright, who arrived in Zagreb late on Friday, was making her first trip to the Balkans to drive home the point that the United States and other Western powers were determined to ensure the U.S.-brokered Bosnian peace deal did not completely unravel.</p>
<p>&quot;There is no alternative to Dayton -- except for the horrors that Dayton ended,&quot; Albright said earlier in Sintra, Portugal, at an international meeting on Bosnia.</p>
<p>The United States and its allies, fearing Bosnia's peace process was in danger of unravelling, ordered the former warring factions to comply with the Dayton peace accords or else face sanctions.</p>
<p>In their toughest ultimatum since the accords were signed 18 months ago, they threatened a series of punitive measures, including action against anyone &quot;harbouring&quot; Bosnia's indicted war criminals.</p>
<p>The United States, Britain and France, the main contributors to a NATO-led force in Bosnia, fear that unless the peace accords are implemented in full, the Balkan country could slip back into war after foreign troops leave as scheduled in June 1998.</p>
<p>Croatian President Franjo Tudjman and Serbian President Slobodan Milosevic were key signatories to the Dayton accords and must be held to their commitments, U.S. officials said.</p>
<p>Albright would &quot;lay out in crystal clear terms what the bar is (that both governments must meet) and what the consequences are if they don't,&quot; a senior U.S. official told reporters on the Secretary of State's flight from Portugal to Croatia.</p>
<p>One U.S. official said the new U.S. envoy to Bosnia, Robert Gelbard, received some suggestions during a trip to Croatia and Serbia this week that Tudjman and Milosevic would work with Albright but &quot;it would be a mistake to expect concrete results&quot; during her visit.</p>
<p>Albright would press Tudjman to comply with a Dayton pledge to bring war criminals to justice before The Hague tribunal and would seek an end to the harassment of Serb refugees trying to to return to Croatia's Eastern Slavonia and Krajina regions, U.S. officials said.</p>
<p>They said she was expected to warn that Washington might support a delay in the return of Eastern Slavonia from U.N. administration to Croatian control if Zagreb did not improve treatment of Serbs, said the officials.</p>
<p>Albright would also warn that U.S. support for international loans to Croatia and for Croatia's entrance into Western institutions like NATO's &quot;Partnership for Peace&quot; programme depended on adherence to the Dayton peace deal and other international standards.</p>
<p>The officials said Albright would fly by helicopter to the Krajina region to visit a burned out house and to meet a refugee family.</p>
<p>The aim was to stress the importance of Zagreb preventing harassment of Serbs and allowing their return to the region after being driven out during the Balkan conflict.</p>
<p>Albright was due to fly to Belgrade later in the day to press Milosevic to cooperate in delivering war criminals to the Hague tribunal.</p>
<p>She would ask Milosevic to get his Bosnian Serb allies to live up to their Dayton obligations.</p>
<p>Albright would also urge Milosevic to permit greater political autonomy in Serbia's Kosovo region, which is largely populated by ethnic Albanians, and to move towards democracy in his country.</p>
<p>U.S. officials say there has been a worsening trend in Serbia on political and press liberties.</p>
<p>If Milosevic could show concrete results in these areas the United States was prepared to &quot;engage him step by step&quot; in a process that would lift the &quot;outer wall of sanctions&quot; imposed by Washington, the officials said.</p>
<p>These included U.S. opposition to international financing for Serbia, Serbian membership of the United Nations and other organisations, and full-scale diplomatic relations.</p>
<p>During her trip to Belgrade, Albright will visit the Czech embassy where she lived as a child when her father was ambassador to Yugoslavia.</p>
<p>Born in Czechoslovakia, she emigrated to the United States to escape communism.</p>
</text>
<copyright>(c) Reuters Limited 1997</copyright>
<metadata>
<codes class="bip:countries:1.0">
  <code code="BSHZG">
    <editdetail attribution="Reuters BIP Coding Group" action="confirmed" date="1997-05-31"/>
  </code>
  <code code="CRTIA">
    <editdetail attribution="Reuters BIP Coding Group" action="confirmed" date="1997-05-31"/>
  </code>
  <code code="USA">
    <editdetail attribution="Reuters BIP Coding Group" action="confirmed" date="1997-05-31"/>
  </code>
  <code code="YUG">
    <editdetail attribution="Reuters BIP Coding Group" action="confirmed" date="1997-05-31"/>
  </code>
</codes>
<codes class="bip:topics:1.0">
  <code code="GCAT">
    <editdetail attribution="Reuters BIP Coding Group" action="confirmed" date="1997-05-31"/>
  </code>
  <code code="GDIP">
    <editdetail attribution="Reuters BIP Coding Group" action="confirmed" date="1997-05-31"/>
  </code>
</codes>
<dc element="dc.date.created" value="1997-05-31"/>
<dc element="dc.publisher" value="Reuters Holdings Plc"/>
<dc element="dc.date.published" value="1997-05-31"/>
<dc element="dc.source" value="Reuters"/>
<dc element="dc.creator.location" value="ZAGREB"/>
<dc element="dc.creator.location.country.name" value="CROATIA"/>
<dc element="dc.source" value="Reuters"/>
</metadata>
</newsitem>
