<?xml version="1.0" encoding="iso-8859-1" ?>
<newsitem itemid="628740" id="root" date="1997-05-31" xml:lang="en">
<title>DUBAI: Saudi beheads Yemeni for burning national to death.</title>
<headline>Saudi beheads Yemeni for burning national to death.</headline>
<dateline>DUBAI 1997-05-31</dateline>
<text>
<p>Saudi Arabia on Saturday beheaded a Yemeni man for burning a Saudi national to death, The official Saudi Press Agency said.</p>
<p>It quoted an Interior Ministry statement as saying the execution took place in the southern Aseer province.</p>
<p>The execution brought to 45 the number of beheadings in the conservative kingdom this year. Saudi Arabia enforces Islamic sharia law by publicly beheading convicted murderers, drug smugglers and rapists.</p>
</text>
<copyright>(c) Reuters Limited 1997</copyright>
<metadata>
<codes class="bip:countries:1.0">
  <code code="SAARAB">
    <editdetail attribution="Reuters BIP Coding Group" action="confirmed" date="1997-05-31"/>
  </code>
  <code code="YEMAR">
    <editdetail attribution="Reuters BIP Coding Group" action="confirmed" date="1997-05-31"/>
  </code>
</codes>
<codes class="bip:topics:1.0">
  <code code="GCAT">
    <editdetail attribution="Reuters BIP Coding Group" action="confirmed" date="1997-05-31"/>
  </code>
  <code code="GCRIM">
    <editdetail attribution="Reuters BIP Coding Group" action="confirmed" date="1997-05-31"/>
  </code>
</codes>
<dc element="dc.date.created" value="1997-05-31"/>
<dc element="dc.publisher" value="Reuters Holdings Plc"/>
<dc element="dc.date.published" value="1997-05-31"/>
<dc element="dc.source" value="Reuters"/>
<dc element="dc.creator.location" value="DUBAI"/>
<dc element="dc.creator.location.country.name" value="DUBAI"/>
<dc element="dc.source" value="Reuters"/>
</metadata>
</newsitem>
