<?xml version="1.0" encoding="iso-8859-1" ?>
<newsitem itemid="628786" id="root" date="1997-05-31" xml:lang="en">
<title>SWITZERLAND: INTERVIEW - Swiss open door to hedge funds.</title>
<headline>INTERVIEW - Swiss open door to hedge funds.</headline>
<byline>Alice Ratcliffe</byline>
<dateline>BERNE 1997-05-30</dateline>
<text>
<p>Traditionally conservative Switzerland is actively courting hedge funds, whose aggressive investment tactics have won renown in financial markets for both their fat profits and hefty risks.</p>
<p>In an inderal Banking Commission said that Swiss are opening up to such investments following ground-breaking legal changes.</p>
<p>Romain Marti, deputy director of the Secretariat of the Swiss Federal Banking Commission, believes that the move will benefit both investors and heighten Switzerland's attraction as a financial centre.</p>
<p>He said the Commission was examining applications for Swiss-based &quot;non-traditional&quot; funds and expects at least one such fund, which invests in selected hedge funds, to gain approval soon.</p>
<p>&quot;One is basically free to do a lot&quot; he said.</p>
<p>In the past the Swiss have been limited mainly to old-fashioned investment funds that typically just buy stocks, bonds or money market securities.</p>
<p>But the laws passed in 1995 have given the authorities the scope to start letting in a host of modern alternatives, including the highly leveraged vehicles used by investors liketune from sterling's 1992 collapse and exit from Europe's exchange rate mechanism.</p>
<p>Matthaeus den Otter, a senior officer at the Banking Commission and specialist for non-traditional funds, said the changes were a &quot;paradigm shift&quot; for the country's authorities and would allow investors to take responsibility for themselves.</p>
<p>&quot;One no longer forbids investment funds, but says instead, 'this is a fund which carries a special risk' and provided all risks have been disclosed, then the investors can buy it,&quot; den Otter said.</p>
<p>Fund manager ED&amp;F Man Group Plc has already gained approval to sell two 'alternative' investment funds -- the first time ever the Banking Commission gave its approval to such investment vehicles. So far, no domestic funds have been approved in this category.</p>
<p>Marti and den Otter see such non-traditional funds as an ideal way to boost Switzerland's attraction as a financial centre.</p>
<p>In the past the country has faced significant stumbling blocks in its competition with other financial centres like Luxembourg, due to the Swiss penchant to tax certain investment transactions. The country also remains outside the European Union.</p>
<p>This has put &quot;plain vanilla&quot; portfolios at a disadvantage but may actually work in favour of hedge funds.</p>
<p>Switzerland does not levy capital gains taxes, a bonus for returns on non-traditional investments, for example.</p>
<p>Hedge funds also do not fall into the European Union directive on open-ended mutual funds classed as &quot;UCITS&quot; -- Undertakings for Collective Investment in Transferable Securities -- so hedge funds have no advantage setting up in Luxembourg, or elsewhere in the EU, as opposed to Switzerland.</p>
<p>&quot;We don't want to be a hedge fund regulator, but we want to be open to anyone who wants to be active in this market,&quot; Marti said. Den Otter stressed that the Swiss government wants to be open to &quot;serious funds.&quot;</p>
<p>Direct marketing of off-shore funds in Switzerland is still prohibited for funds set up in off-shore centres excluded from list of those countries whose supervisory and regulatory systems are recognised by the Swiss.</p>
<p>This includes centres like Bermuda, Bahamas and the Dutch Antilles -- home to many a hedge fund.</p>
<p>But off-shore hedge funds will now be able to market products indirectly through Swiss vehicles as such products will be packaged in such a way that makes them &quot;Swiss.&quot; -- Zurich Editorial, +41 1 631 7340</p>
</text>
<copyright>(c) Reuters Limited 1997</copyright>
<metadata>
<codes class="bip:countries:1.0">
  <code code="SWITZ">
    <editdetail attribution="Reuters BIP Coding Group" action="confirmed" date="1997-05-31"/>
  </code>
</codes>
<codes class="bip:industries:1.0">
  <code code="I81502">
    <editdetail attribution="Reuters BIP Coding Group" action="confirmed" date="1997-05-31"/>
  </code>
</codes>
<codes class="bip:topics:1.0">
  <code code="C13">
    <editdetail attribution="Reuters BIP Coding Group" action="confirmed" date="1997-05-31"/>
  </code>
  <code code="CCAT">
    <editdetail attribution="Reuters BIP Coding Group" action="confirmed" date="1997-05-31"/>
  </code>
  <code code="MCAT">
    <editdetail attribution="Reuters BIP Coding Group" action="confirmed" date="1997-05-31"/>
  </code>
</codes>
<dc element="dc.date.created" value="1997-05-30"/>
<dc element="dc.publisher" value="Reuters Holdings Plc"/>
<dc element="dc.date.published" value="1997-05-31"/>
<dc element="dc.source" value="Reuters"/>
<dc element="dc.creator.location" value="BERNE"/>
<dc element="dc.creator.location.country.name" value="SWITZERLAND"/>
<dc element="dc.source" value="Reuters"/>
</metadata>
</newsitem>
