<?xml version="1.0" encoding="iso-8859-1" ?>
<newsitem itemid="628795" id="root" date="1997-05-31" xml:lang="en">
<title>PORTUGAL: Four groups bid for Portugal mobile licence - paper.</title>
<headline>Four groups bid for Portugal mobile licence - paper.</headline>
<dateline>LISBON 1997-05-31</dateline>
<text>
<p>Four consortia will bid for Portugal's third mobile telephone licence which should be granted by the end of this year, the weekly Expresso reported on Saturday.</p>
<p>Expresso said a group of Portuguese businessmen had joined forces with Banco Finantia and were seeking a foreign partner to make up a fourth consortium.</p>
<p>The paper said the three other groups interested in the licence were Britain's Cable &amp; Wireless together with Portuguese retail company Sonae Investimentos, a consortium made up of Portuguese utilities EDP, GDP and Transgas and Portuguese telecommunications company Maxitel.</p>
<p>Maxitel president Goncalo Sequeira Braga told Reuters earlier this month that the company was forming a consortium with foreign and Portuguese partners but declined to say who these would be.</p>
<p>Expresso said the Global One alliance between France Telecom, Deutsche Telekom and the U.S. company Sprint, had pulled out of the bidding.</p>
<p>The paper quoted a source close to Global One as saying that the consortium was worried that the strength of the two existing mobile phone operators in Portugal would limit profit potential.</p>
<p>The government said recently that it would grant the third licence by the end of 1997 or the beginning of 1998 at the very latest. The competition will open by the end of June.</p>
<p>TMN Telecomunicacoes Moveis Nacionais, owned by Portugal Telecom, and Telecel-Comunicacoes Pessoais hold the two existing licences.</p>
<p>-- Lisbon editorial +(351-1) 3538254</p>
</text>
<copyright>(c) Reuters Limited 1997</copyright>
<metadata>
<codes class="bip:countries:1.0">
  <code code="PORL">
    <editdetail attribution="Reuters BIP Coding Group" action="confirmed" date="1997-05-31"/>
  </code>
</codes>
<codes class="bip:industries:1.0">
  <code code="I16100">
    <editdetail attribution="Reuters BIP Coding Group" action="confirmed" date="1997-05-31"/>
  </code>
  <code code="I16200">
    <editdetail attribution="Reuters BIP Coding Group" action="confirmed" date="1997-05-31"/>
  </code>
  <code code="I79020">
    <editdetail attribution="Reuters BIP Coding Group" action="confirmed" date="1997-05-31"/>
  </code>
  <code code="I83960">
    <editdetail attribution="Reuters BIP Coding Group" action="confirmed" date="1997-05-31"/>
  </code>
</codes>
<codes class="bip:topics:1.0">
  <code code="C13">
    <editdetail attribution="Reuters BIP Coding Group" action="confirmed" date="1997-05-31"/>
  </code>
  <code code="CCAT">
    <editdetail attribution="Reuters BIP Coding Group" action="confirmed" date="1997-05-31"/>
  </code>
</codes>
<dc element="dc.date.created" value="1997-05-31"/>
<dc element="dc.publisher" value="Reuters Holdings Plc"/>
<dc element="dc.date.published" value="1997-05-31"/>
<dc element="dc.source" value="Reuters"/>
<dc element="dc.creator.location" value="LISBON"/>
<dc element="dc.creator.location.country.name" value="PORTUGAL"/>
<dc element="dc.source" value="Reuters"/>
</metadata>
</newsitem>
