<?xml version="1.0" encoding="iso-8859-1" ?>
<newsitem itemid="628720" id="root" date="1997-05-31" xml:lang="en">
<title>CHINA: Shanghai Volkswagen produces 800,000th Santana.</title>
<headline>Shanghai Volkswagen produces 800,000th Santana.</headline>
<dateline>SHANGHAI 1997-05-31</dateline>
<text>
<p>The 800,000th Santana sedan, one of China's most popular cars produced by the Shanghai Volkswagen Automotive Co, has rolled off the production line, Xinhua news agency said on Saturday.</p>
<p>The Santana has 54 percent of China's sedan market and has become popular for taxi companies as well as individuals, the agency said.</p>
<p>Shanghai Volkswagen is a joint venture between Germany's Volkswagen AG and Shanghai Automotive Industry Corp.</p>
<p>Annual production capacity is 300,000 cars a year, Xinhua said.</p>
<p>For the year to date, the company has produced 96,606 Santanas, of which 45,684 were the new Santana 2000 model, it said.</p>
</text>
<copyright>(c) Reuters Limited 1997</copyright>
<metadata>
<codes class="bip:countries:1.0">
  <code code="CHINA">
    <editdetail attribution="Reuters BIP Coding Group" action="confirmed" date="1997-05-31"/>
  </code>
</codes>
<codes class="bip:industries:1.0">
  <code code="I35101">
    <editdetail attribution="Reuters BIP Coding Group" action="confirmed" date="1997-05-31"/>
  </code>
</codes>
<codes class="bip:topics:1.0">
  <code code="C11">
    <editdetail attribution="Reuters BIP Coding Group" action="confirmed" date="1997-05-31"/>
  </code>
  <code code="C21">
    <editdetail attribution="Reuters BIP Coding Group" action="confirmed" date="1997-05-31"/>
  </code>
  <code code="C24">
    <editdetail attribution="Reuters BIP Coding Group" action="confirmed" date="1997-05-31"/>
  </code>
  <code code="CCAT">
    <editdetail attribution="Reuters BIP Coding Group" action="confirmed" date="1997-05-31"/>
  </code>
</codes>
<dc element="dc.date.created" value="1997-05-31"/>
<dc element="dc.publisher" value="Reuters Holdings Plc"/>
<dc element="dc.date.published" value="1997-05-31"/>
<dc element="dc.source" value="Reuters"/>
<dc element="dc.creator.location" value="SHANGHAI"/>
<dc element="dc.creator.location.country.name" value="CHINA"/>
<dc element="dc.source" value="Reuters"/>
</metadata>
</newsitem>
