<?xml version="1.0" encoding="iso-8859-1" ?>
<newsitem itemid="628707" id="root" date="1997-05-31" xml:lang="en">
<title>HONG KONG: Li not buying Sun Fook Kong stake - paper.</title>
<headline>Li not buying Sun Fook Kong stake - paper.</headline>
<dateline>HONG KONG 1997-05-31</dateline>
<text>
<p>Li Ka-shing, chairman of Cheung Kong (Holdings) Ltd, has decided not to take a stake in construction and civil engineering firm Sun Fook Kong Holdings Ltd, the Hong Kong Economic Journal said on Saturday.</p>
<p>Last week, China Travel International Investment Hong Kong Ltd said it teamed up with Li and Albert Chow to take a stake in Sun Fook Kong.</p>
<p>Li was not immediately available to comment on the newspaper report.</p>
<p>Chow is a former deputy managing director of Cheung Kong and is currently a non-executive director.</p>
<p>-- Hong Kong Newsroom (852) 2843 6590</p>
</text>
<copyright>(c) Reuters Limited 1997</copyright>
<metadata>
<codes class="bip:countries:1.0">
  <code code="CHINA">
    <editdetail attribution="Reuters BIP Coding Group" action="confirmed" date="1997-05-31"/>
  </code>
  <code code="HKONG">
    <editdetail attribution="Reuters BIP Coding Group" action="confirmed" date="1997-05-31"/>
  </code>
</codes>
<codes class="bip:industries:1.0">
  <code code="I50200">
    <editdetail attribution="Reuters BIP Coding Group" action="confirmed" date="1997-05-31"/>
  </code>
  <code code="I77001">
    <editdetail attribution="Reuters BIP Coding Group" action="confirmed" date="1997-05-31"/>
  </code>
  <code code="I85000">
    <editdetail attribution="Reuters BIP Coding Group" action="confirmed" date="1997-05-31"/>
  </code>
</codes>
<codes class="bip:topics:1.0">
  <code code="C11">
    <editdetail attribution="Reuters BIP Coding Group" action="confirmed" date="1997-05-31"/>
  </code>
  <code code="C18">
    <editdetail attribution="Reuters BIP Coding Group" action="confirmed" date="1997-05-31"/>
  </code>
  <code code="C181">
    <editdetail attribution="Reuters BIP Coding Group" action="confirmed" date="1997-05-31"/>
  </code>
  <code code="CCAT">
    <editdetail attribution="Reuters BIP Coding Group" action="confirmed" date="1997-05-31"/>
  </code>
</codes>
<dc element="dc.date.created" value="1997-05-31"/>
<dc element="dc.publisher" value="Reuters Holdings Plc"/>
<dc element="dc.date.published" value="1997-05-31"/>
<dc element="dc.source" value="Reuters"/>
<dc element="dc.creator.location" value="HONG KONG"/>
<dc element="dc.creator.location.country.name" value="HONG KONG"/>
<dc element="dc.source" value="Reuters"/>
</metadata>
</newsitem>
