<?xml version="1.0" encoding="iso-8859-1" ?>
<newsitem itemid="628793" id="root" date="1997-05-31" xml:lang="en">
<title>BELGIUM: Bhuddist sect leader held in Belgian police raid.</title>
<headline>Bhuddist sect leader held in Belgian police raid.</headline>
<dateline>BRUSSELS 1997-05-31</dateline>
<text>
<p>The Belgian leader of a Bhuddist-inspired sect was arrested on Saturday following raids on properties in the Belgian capital and in southern France, a Brussels court official said.</p>
<p>The 53-year-old man had been held since Friday after more than 200 Belgian police swooped on his Brussels villa.</p>
<p>Simultaneously, more than 100 French police with helicopter support raided a commune in Provence in southern France.</p>
<p>&quot;Operation Sun&quot;, which covered raids on other Brussels properties, including two vegetarian restaurants, was the biggest joint Franco-Belgian police action, Belgian media said.</p>
<p>The raids, in which hundreds of documents were seized, were prompted by an official Belgian inquiry into alleged criminal activities of the Ogyen Kunzang Choeling (OKC) sect, which has an estimated 100 followers in Belgium and others in France, Portugal and Tahiti.</p>
<p>Charges against the leader were not disclosed, but he has been ordered to appear in court within five days.</p>
<p>Police said the sect was being probed in connection with a case of criminal association and the possible contravention of labour laws relating to the exploitation of illegal immigrants.</p>
<p>Another 60 sect members were earlier released in Brussels after questioning.</p>
</text>
<copyright>(c) Reuters Limited 1997</copyright>
<metadata>
<codes class="bip:countries:1.0">
  <code code="BELG">
    <editdetail attribution="Reuters BIP Coding Group" action="confirmed" date="1997-05-31"/>
  </code>
  <code code="FRA">
    <editdetail attribution="Reuters BIP Coding Group" action="confirmed" date="1997-05-31"/>
  </code>
</codes>
<codes class="bip:topics:1.0">
  <code code="GCAT">
    <editdetail attribution="Reuters BIP Coding Group" action="confirmed" date="1997-05-31"/>
  </code>
  <code code="GCRIM">
    <editdetail attribution="Reuters BIP Coding Group" action="confirmed" date="1997-05-31"/>
  </code>
  <code code="GREL">
    <editdetail attribution="Reuters BIP Coding Group" action="confirmed" date="1997-05-31"/>
  </code>
</codes>
<dc element="dc.date.created" value="1997-05-31"/>
<dc element="dc.publisher" value="Reuters Holdings Plc"/>
<dc element="dc.date.published" value="1997-05-31"/>
<dc element="dc.source" value="Reuters"/>
<dc element="dc.creator.location" value="BRUSSELS"/>
<dc element="dc.creator.location.country.name" value="BELGIUM"/>
<dc element="dc.source" value="Reuters"/>
</metadata>
</newsitem>
