<?xml version="1.0" encoding="iso-8859-1" ?>
<newsitem itemid="628792" id="root" date="1997-05-31" xml:lang="en">
<title>FRANCE: France to evacuate 185 Europeans from Freetown.</title>
<headline>France to evacuate 185 Europeans from Freetown.</headline>
<dateline>PARIS 1997-05-31</dateline>
<text>
<p>French troops launched an operation to evacuate 185 Europeans from Freetown on Saturday, a spokesman for the Defence Ministry in Paris said.</p>
<p>&quot;The operation is being carried out from a beach,&quot; the spokesman said, adding that Europeans earmarked for evacuation aboard the French warship Jean Moulin included 140 Britons and some 15 French nationals.</p>
<p>Officials said the evacuation had been approved by the junior officers who led a coup in Freetown.</p>
<p>Three battalions of troops from Guinea were heading for neighbouring Sierra Leone on Saturday to join a Nigerian-led regional force gearing up to reverse the coup, local military sources said.</p>
<p>Military sources said the Guineans could number up to 1,500, joining a force of about 3,000 Nigerians, most of them assembled in Sierra Leone since last Sunday's coup against elected President Ahmad Tejan Kabbah provoked wide condemnation.</p>
</text>
<copyright>(c) Reuters Limited 1997</copyright>
<metadata>
<codes class="bip:countries:1.0">
  <code code="FRA">
    <editdetail attribution="Reuters BIP Coding Group" action="confirmed" date="1997-05-31"/>
  </code>
  <code code="SILEN">
    <editdetail attribution="Reuters BIP Coding Group" action="confirmed" date="1997-05-31"/>
  </code>
</codes>
<codes class="bip:topics:1.0">
  <code code="GCAT">
    <editdetail attribution="Reuters BIP Coding Group" action="confirmed" date="1997-05-31"/>
  </code>
  <code code="GDIP">
    <editdetail attribution="Reuters BIP Coding Group" action="confirmed" date="1997-05-31"/>
  </code>
  <code code="GVIO">
    <editdetail attribution="Reuters BIP Coding Group" action="confirmed" date="1997-05-31"/>
  </code>
</codes>
<dc element="dc.date.created" value="1997-05-31"/>
<dc element="dc.publisher" value="Reuters Holdings Plc"/>
<dc element="dc.date.published" value="1997-05-31"/>
<dc element="dc.source" value="Reuters"/>
<dc element="dc.creator.location" value="PARIS"/>
<dc element="dc.creator.location.country.name" value="FRANCE"/>
<dc element="dc.source" value="Reuters"/>
</metadata>
</newsitem>
