<?xml version="1.0" encoding="iso-8859-1" ?>
<newsitem itemid="628752" id="root" date="1997-05-31" xml:lang="en">
<title>TURKEY: PRESS DIGEST - Turkey - May 31.</title>
<headline>PRESS DIGEST - Turkey - May 31.</headline>
<dateline>ANKARA 1997-05-30</dateline>
<text>
<p>These are the leading stories in the Turkish press on Saturday. Reuters has not verified these stories and does not vouch for their accuracy.</p>
<p>SABAH</p>
<p>- Members of Islamic sects in the political establishment are working to keep the government on its feet.</p>
<p>- Turk Cypriot tycoon Asil Nadir in $2 billion bid to sue British authorities.</p>
<p>MILLIYET</p>
<p>- An investigation into a fiery Islamist speech by one of his MPs puts Prime Minister Necmettin Erbakan in an awkward position.</p>
<p>- Price of individual food products have gone up by between 50-400 percent since Erbakan came to office last year.</p>
<p>HURRIYET</p>
<p>- National Security Council meeting today will discuss provocative Islamist speech by Welfare deputy Sevki Yilmaz.</p>
<p>- Legal challenge to attempt to build a new terminal at Istanbul airport.</p>
<p>YENI YUZYIL</p>
<p>- Opposition accuses Erbakan's Welfare Party of earning money from the illegal construction of buildings in Istanbul.</p>
<p>- The business community wants to see a new elections law that would hinder the Islamists before any new polls are called.</p>
<p>RADIKAL</p>
<p>- Coalition partners look favourably on early elections in November.</p>
<p>- The Istanbul stock exchange jumps by 65 points despite prospects of early elections.</p>
<p>DUNYA</p>
<p>- Asil Nadir aims to make a business comeback in the southeast of Turkey and Central Asia.</p>
<p>ZAMAN</p>
<p>- Erbakan apologises for the behaviour of Islamist firebrand Yilmaz.</p>
<p>CUMHURIYET</p>
<p>- The army will take Erbakan to task at security council meeting for not complying with anti-Islamist crackdown.</p>
</text>
<copyright>(c) Reuters Limited 1997</copyright>
<metadata>
<codes class="bip:countries:1.0">
  <code code="TURK">
    <editdetail attribution="Reuters BIP Coding Group" action="confirmed" date="1997-05-31"/>
  </code>
</codes>
<codes class="bip:topics:1.0">
  <code code="GCAT">
    <editdetail attribution="Reuters BIP Coding Group" action="confirmed" date="1997-05-31"/>
  </code>
</codes>
<dc element="dc.date.created" value="1997-05-30"/>
<dc element="dc.publisher" value="Reuters Holdings Plc"/>
<dc element="dc.date.published" value="1997-05-31"/>
<dc element="dc.source" value="Reuters"/>
<dc element="dc.creator.location" value="ANKARA"/>
<dc element="dc.creator.location.country.name" value="TURKEY"/>
<dc element="dc.source" value="Reuters"/>
</metadata>
</newsitem>
