<?xml version="1.0" encoding="iso-8859-1" ?>
<newsitem itemid="628759" id="root" date="1997-05-31" xml:lang="en">
<title>USA: Clinton urges Americans to support NATO expansion.</title>
<headline>Clinton urges Americans to support NATO expansion.</headline>
<byline>Steve Holland</byline>
<dateline>WEST POINT, N.Y. 1997-05-31</dateline>
<text>
<p>U.S. President Bill Clinton on Saturday urged Americans to support NATO plans to extend its security umbrella over former Soviet allies in Central Europe despite its cost and the risks to the U.S. military.</p>
<p>For security challenges of the post-Cold War period, &quot;NATO should be our sharpest sword and strongest shield,&quot; he said in a commencement address to cadets graduating from the U.S. Military Academy.</p>
<p>Facing a tough debate with Congress, Clinton argued the benefits of increased security and stability in Europe was worth the $200 million a year cost for a decade to U.S. taxpayers and the prospect that Americans would have more countries to defend against attack.</p>
<p>&quot;The bottom line to me is clear: Expanding NATO will enhance our security. It is the right thing to do. We must not fail history's challenge at this moment,&quot; Clinton said.</p>
<p>He began his push to sell Americans on the idea two days after returning from a tour of Europe during which he joined in the signing of an agreement between NATO and Russia aimed at defusing Moscow's concerns about enlarging the Western treaty alliance.</p>
<p>Clinton and the 15 other NATO leaders meet in July in Madrid for talks that are expected to lead to invitations for other nations to join the alliance.</p>
<p>Poland, Hungary and the Czech Republic lead the field of 11 countries wanting to become the first new members of NATO since Spain in 1982.</p>
<p>Some members of Congress object to expansion, saying the move will increase costs for the United States and expose it to further military obligations in Europe.</p>
<p>On a sunny day in Michie Stadium on the tree-shaded grounds of the academy, Clinton admitted to the 896 graduating cadets and their families that the benefits to expansion &quot;are not cost- or risk-free.&quot;</p>
<p>More important than the cost, he said, enlargement requires extending NATO's &quot;most solemn security pledge -- to treat an attack against one as an attack against all.&quot;</p>
<p>&quot;We have always made the pledge credible through the deployment of our troops and the deterrence of our nuclear weapons. In the years ahead you could be asked to put your lives on the line for a new NATO member, just as today you can be called upon to defend the freedom of our allies in Western Europe,&quot; he told the cadets.</p>
<p>The cadets applauded when Clinton said expanding NATO would make it less likely that they would ever have to cross the Atlantic to fight a war as Americans have done twice this century.</p>
<p>He said the benefits of enlargement were strengthening NATO for the future, locking in democracy's gains in Central Europe, building stability across the Atlantic and uniting Europe, not dividing it.</p>
<p>After he spoke, Clinton, still using a cane from March 14 knee surgery, hobbled a few feet in front of the podium without his cane and presented the diplomas to each of the academy's 50 honour graduates.</p>
<p>All the gray-clad graduates, as is the tradition, tossed their hats high into the air with hoots of joy in a colourful end to the ceremony.</p>
<p>Clinton on Tuesday was in Paris for the signing of an agreement between NATO and Russia setting up a joint council to try to develop a consensus on policy issues and defuse Moscow's concerns about NATO expansion.</p>
<p>Russia, however, will have no say in expansion of the alliance. NATO has said any former communist country wishing to be considered must have established democratic control of its armed forces, set up a market economy, and be attempting to make its forces compatible with those of the alliance.</p>
<p>Other who have applied for admission include Slovakia, Slovenia, Bulgaria, Romania, Lithuania, Latvia, Estonia, and the former Yugoslav republic of Macedonia.</p>
<p>U.S. officials say the earliest possible time negotiations could conclude with the first round of prospective new NATO members is late in the fall. Then if all goes according to plan NATO foreign ministers would meet in December to approve the plans and submit them to member countries for approval.</p>
<p>In the United States, it will take a two-thirds majority vote of the Senate's 100 members to approve amendments to the NATO treaty to include new members. The White House expects a vigorous debate but &quot;I think we will prevail,&quot; said National Security Adviser Sandy Berger.</p>
<p>The aim is to have a ceremony bringing in the new members on the 50th anniversary of NATO's founding, in April 1999 in Washington.</p>
</text>
<copyright>(c) Reuters Limited 1997</copyright>
<metadata>
<codes class="bip:countries:1.0">
  <code code="CZREP">
    <editdetail attribution="Reuters BIP Coding Group" action="confirmed" date="1997-05-31"/>
  </code>
  <code code="HUNG">
    <editdetail attribution="Reuters BIP Coding Group" action="confirmed" date="1997-05-31"/>
  </code>
  <code code="NATO">
    <editdetail attribution="Reuters BIP Coding Group" action="confirmed" date="1997-05-31"/>
  </code>
  <code code="POL">
    <editdetail attribution="Reuters BIP Coding Group" action="confirmed" date="1997-05-31"/>
  </code>
  <code code="RUSS">
    <editdetail attribution="Reuters BIP Coding Group" action="confirmed" date="1997-05-31"/>
  </code>
  <code code="USA">
    <editdetail attribution="Reuters BIP Coding Group" action="confirmed" date="1997-05-31"/>
  </code>
</codes>
<codes class="bip:topics:1.0">
  <code code="GCAT">
    <editdetail attribution="Reuters BIP Coding Group" action="confirmed" date="1997-05-31"/>
  </code>
  <code code="GDEF">
    <editdetail attribution="Reuters BIP Coding Group" action="confirmed" date="1997-05-31"/>
  </code>
  <code code="GDIP">
    <editdetail attribution="Reuters BIP Coding Group" action="confirmed" date="1997-05-31"/>
  </code>
  <code code="GPOL">
    <editdetail attribution="Reuters BIP Coding Group" action="confirmed" date="1997-05-31"/>
  </code>
</codes>
<dc element="dc.date.created" value="1997-05-31"/>
<dc element="dc.publisher" value="Reuters Holdings Plc"/>
<dc element="dc.date.published" value="1997-05-31"/>
<dc element="dc.source" value="Reuters"/>
<dc element="dc.creator.location" value="WEST POINT, N.Y."/>
<dc element="dc.creator.location.country.name" value="USA"/>
<dc element="dc.source" value="Reuters"/>
</metadata>
</newsitem>
