<?xml version="1.0" encoding="iso-8859-1" ?>
<newsitem itemid="628741" id="root" date="1997-05-31" xml:lang="en">
<title>DUBAI: Saudi shares spend week in a narrow range.</title>
<headline>Saudi shares spend week in a narrow range.</headline>
<dateline>DUBAI 1997-05-31</dateline>
<text>
<p>Shares on Saudi Arabia's stock market traded in a narrow range last week in lower volume dealings, figures from the Riyadh-based Bakheet Financial Advisors (BFA) showed on Saturday.</p>
<p>The all-share index closed on Thursday at 159.21 points from 159.08 a week earlier.</p>
<p>Turnover ebbed, falling to some 2.54 million shares worth 534.84 million riyals from 3.22 million shares worth some 786 million riyals the week before.</p>
<p>Services sector shares continued to dominate trade, accounting for over 30 percent of volume. Cement and banking stocks followed, with 20 percent each. Agriculture stocks made up 16 percent and industrial stocks 10 percent.</p>
<p>Of the 57 shares traded in the week, 23 rose, 20 fell and 14 were unchanged.</p>
<p>After losing eight percent the week before, Amiantit raced ahead 15.4 percent to 120 riyals. SARCO rose 6.3 to 337 riyals and Thimar was almost five percent stronger at 66 riyals.</p>
<p>Yanbu Cement was three percent firmer at 231 riyals.</p>
<p>GACO reversed recent gains, sliding eight percent to 23 riyals from 25. SRECO fell almost seven percent to 126 riyals and Tabuk Electricity was five riyals weaker at 90 riyals.</p>
<p>Saudi Hollandi Bank lost 3.3 percent to 464 riyals.</p>
</text>
<copyright>(c) Reuters Limited 1997</copyright>
<metadata>
<codes class="bip:countries:1.0">
  <code code="SAARAB">
    <editdetail attribution="Reuters BIP Coding Group" action="confirmed" date="1997-05-31"/>
  </code>
</codes>
<codes class="bip:topics:1.0">
  <code code="M11">
    <editdetail attribution="Reuters BIP Coding Group" action="confirmed" date="1997-05-31"/>
  </code>
  <code code="MCAT">
    <editdetail attribution="Reuters BIP Coding Group" action="confirmed" date="1997-05-31"/>
  </code>
</codes>
<dc element="dc.date.created" value="1997-05-31"/>
<dc element="dc.publisher" value="Reuters Holdings Plc"/>
<dc element="dc.date.published" value="1997-05-31"/>
<dc element="dc.source" value="Reuters"/>
<dc element="dc.creator.location" value="DUBAI"/>
<dc element="dc.creator.location.country.name" value="DUBAI"/>
<dc element="dc.source" value="Reuters"/>
</metadata>
</newsitem>
