<?xml version="1.0" encoding="iso-8859-1" ?>
<newsitem itemid="628738" id="root" date="1997-05-31" xml:lang="en">
<title>DUBAI: Gulf Arabs call on Turkey to withdraw from Iraq.</title>
<headline>Gulf Arabs call on Turkey to withdraw from Iraq.</headline>
<dateline>DUBAI 1997-05-31</dateline>
<text>
<p>Gulf Arab foreign ministers on Saturday said Turkey's incursion into northern Iraq posed a threat to international peace.</p>
<p>&quot;Based on our firm stance with regards to the necessity of preserving Iraq's independence and sovereignty, we call on Turkey to withdraw its troops from Iraqi territory,&quot; Qatar's Foreign Minister Sheikh Hamad bin Jassim bin Jabr al-Thani said.</p>
<p>Sheikh Hamad was speaking at the opening session of a two-day meeting of Gulf Cooperation Council foreign ministers in Riyadh.</p>
<p>He said Turkish military operations inside Iraq constituted a violation of Iraq's territorial integrity.</p>
<p>Thousands of Turkish troops, backed by air power, poured into northern Iraq on May 14 in pursuit of separatist Kurdistan Workers Party (PKK) rebels who they say use the region as a base to launch raids into southeast Turkey.</p>
<p>The troops are in the Iraqi Kurdish enclave that was once set up as a &quot;safe haven&quot; by Western allies after the Gulf War when rebellious Kurds were pursued by Baghdad troops.</p>
<p>Ministers from Saudi Arabia, Kuwait Oman, Qatar the United Arab Emirates and Bahrain had been scheduled to meet in Riyadh on June 7. It was not clear why the talks were brought forward.</p>
</text>
<copyright>(c) Reuters Limited 1997</copyright>
<metadata>
<codes class="bip:countries:1.0">
  <code code="GCC">
    <editdetail attribution="Reuters BIP Coding Group" action="confirmed" date="1997-05-31"/>
  </code>
  <code code="IRAQ">
    <editdetail attribution="Reuters BIP Coding Group" action="confirmed" date="1997-05-31"/>
  </code>
  <code code="QATAR">
    <editdetail attribution="Reuters BIP Coding Group" action="confirmed" date="1997-05-31"/>
  </code>
  <code code="TURK">
    <editdetail attribution="Reuters BIP Coding Group" action="confirmed" date="1997-05-31"/>
  </code>
</codes>
<codes class="bip:topics:1.0">
  <code code="GCAT">
    <editdetail attribution="Reuters BIP Coding Group" action="confirmed" date="1997-05-31"/>
  </code>
  <code code="GDIP">
    <editdetail attribution="Reuters BIP Coding Group" action="confirmed" date="1997-05-31"/>
  </code>
  <code code="GVIO">
    <editdetail attribution="Reuters BIP Coding Group" action="confirmed" date="1997-05-31"/>
  </code>
</codes>
<dc element="dc.date.created" value="1997-05-31"/>
<dc element="dc.publisher" value="Reuters Holdings Plc"/>
<dc element="dc.date.published" value="1997-05-31"/>
<dc element="dc.source" value="Reuters"/>
<dc element="dc.creator.location" value="DUBAI"/>
<dc element="dc.creator.location.country.name" value="DUBAI"/>
<dc element="dc.source" value="Reuters"/>
</metadata>
</newsitem>
