<?xml version="1.0" encoding="iso-8859-1" ?>
<newsitem itemid="628742" id="root" date="1997-05-31" xml:lang="en">
<title>MOROCCO: Morocco launches tender to upgrade Fez water grid.</title>
<headline>Morocco launches tender to upgrade Fez water grid.</headline>
<dateline>RABAT 1997-05-31</dateline>
<text>
<p>Morocco launched an international tender to upgrade the central Fez city's water and waste grid, the interior ministry said on Saturday.</p>
<p>The Moroccan government, which received substantial funds from the World Bank, invites firms to subscribe to &quot;projects of upgrading Fez water and waste network&quot;, the ministry said in a statement.</p>
<p>The tender closing date was set for August 4, 1997.</p>
<p>Only firms of World Bank country members, Switzerland, Taiwan and China are allowed to take part in the tender, the ministry added.</p>
<p>Located near the Atlas mountains, Fez has an active edible oil and leather industry but its water and waste installations are old.</p>
<p>-- Rabat newsroom +212-7 72 65 18</p>
</text>
<copyright>(c) Reuters Limited 1997</copyright>
<metadata>
<codes class="bip:countries:1.0">
  <code code="MOROC">
    <editdetail attribution="Reuters BIP Coding Group" action="confirmed" date="1997-05-31"/>
  </code>
</codes>
<codes class="bip:industries:1.0">
  <code code="I17000">
    <editdetail attribution="Reuters BIP Coding Group" action="confirmed" date="1997-05-31"/>
  </code>
  <code code="I50200">
    <editdetail attribution="Reuters BIP Coding Group" action="confirmed" date="1997-05-31"/>
  </code>
  <code code="I5020032">
    <editdetail attribution="Reuters BIP Coding Group" action="confirmed" date="1997-05-31"/>
  </code>
</codes>
<codes class="bip:topics:1.0">
  <code code="C24">
    <editdetail attribution="Reuters BIP Coding Group" action="confirmed" date="1997-05-31"/>
  </code>
  <code code="C33">
    <editdetail attribution="Reuters BIP Coding Group" action="confirmed" date="1997-05-31"/>
  </code>
  <code code="CCAT">
    <editdetail attribution="Reuters BIP Coding Group" action="confirmed" date="1997-05-31"/>
  </code>
</codes>
<dc element="dc.date.created" value="1997-05-31"/>
<dc element="dc.publisher" value="Reuters Holdings Plc"/>
<dc element="dc.date.published" value="1997-05-31"/>
<dc element="dc.source" value="Reuters"/>
<dc element="dc.creator.location" value="RABAT"/>
<dc element="dc.creator.location.country.name" value="MOROCCO"/>
<dc element="dc.source" value="Reuters"/>
</metadata>
</newsitem>
