<?xml version="1.0" encoding="iso-8859-1" ?>
<newsitem itemid="628815" id="root" date="1997-05-31" xml:lang="en">
<title>ITALY: BOI'S Fazio calls for more bank mergers.</title>
<headline>BOI'S Fazio calls for more bank mergers.</headline>
<dateline>ROME 1997-05-31</dateline>
<text>
<p>Italy's inefficient banks need to form alliances at home and abroad in order boost economies of scale and raise profitability, Bank of Italy governor Antonio Fazio said on Saturday.</p>
<p>&quot;Lower profitability is a widespread problem among Italian banks,&quot; said Fazio, adding that Italian banks' profits as a proportion of capital and reserves averaged only 1.6 percent between 1993 and 1995.</p>
<p>This compared with 17.1 percent in Britain and 14.9 poercetnin the United States over the same period.</p>
<p>&quot;Only in France is the average profitability of banking capital lower than in Italy,&quot; he said.</p>
<p>Mergers would allow banks to invest in advanced techology and to become more competitive internationally.</p>
<p>&quot;An impulse to profitability and to international competitiveness of the big banks can come from mergers with institutions, Italian and foreign, of significant size,&quot; said Fazio.</p>
<p>The Italian banking industry is witnessing a trend towards greater concentration.</p>
<p>Banco Ambrosiano Veneto announced recently its merger with savings bank Cariplo. Banca Nazionale del Lavoro and insurer INA are jointly acquiring control of Banco di Napoli, Southern Italy's largest bank.</p>
<p>&quot;The process of concentration is entrusted to the initiative of those responsible for (running) the banks,&quot; said Fazio. &quot;The Bank of Italy encourages and accompanies this process,&quot; he said. Rome newsroom +396-6782560</p>
</text>
<copyright>(c) Reuters Limited 1997</copyright>
<metadata>
<codes class="bip:countries:1.0">
  <code code="ITALY">
    <editdetail attribution="Reuters BIP Coding Group" action="confirmed" date="1997-05-31"/>
  </code>
</codes>
<codes class="bip:industries:1.0">
  <code code="I81402">
    <editdetail attribution="Reuters BIP Coding Group" action="confirmed" date="1997-05-31"/>
  </code>
  <code code="I81403">
    <editdetail attribution="Reuters BIP Coding Group" action="confirmed" date="1997-05-31"/>
  </code>
</codes>
<codes class="bip:topics:1.0">
  <code code="C11">
    <editdetail attribution="Reuters BIP Coding Group" action="confirmed" date="1997-05-31"/>
  </code>
  <code code="C15">
    <editdetail attribution="Reuters BIP Coding Group" action="confirmed" date="1997-05-31"/>
  </code>
  <code code="C151">
    <editdetail attribution="Reuters BIP Coding Group" action="confirmed" date="1997-05-31"/>
  </code>
  <code code="C18">
    <editdetail attribution="Reuters BIP Coding Group" action="confirmed" date="1997-05-31"/>
  </code>
  <code code="C181">
    <editdetail attribution="Reuters BIP Coding Group" action="confirmed" date="1997-05-31"/>
  </code>
  <code code="CCAT">
    <editdetail attribution="Reuters BIP Coding Group" action="confirmed" date="1997-05-31"/>
  </code>
</codes>
<dc element="dc.date.created" value="1997-05-31"/>
<dc element="dc.publisher" value="Reuters Holdings Plc"/>
<dc element="dc.date.published" value="1997-05-31"/>
<dc element="dc.source" value="Reuters"/>
<dc element="dc.creator.location" value="ROME"/>
<dc element="dc.creator.location.country.name" value="ITALY"/>
<dc element="dc.source" value="Reuters"/>
</metadata>
</newsitem>
