<?xml version="1.0" encoding="iso-8859-1" ?>
<newsitem itemid="628829" id="root" date="1997-05-31" xml:lang="en">
<title>SWEDEN: Deal near for Swedish S-E-Banken, Nordbanken-paper.</title>
<headline>Deal near for Swedish S-E-Banken, Nordbanken-paper.</headline>
<dateline>STOCKHOLM 1997-05-31</dateline>
<text>
<p>Swedish commercial bank S-E-Banken and state-controlled Nordbanken are close to reaching a comprehensive cooperation agreement, Swedish business daily Dagens Industri said on Saturday.</p>
<p>Nordbanken will take over S-E-Banken's nationwide network of bank offices and Nordbanken will sell its international division and mutual fund operation to S-E-Banken to become a merchant bank, the newspaper said, citing unnamed sources.</p>
<p>The deal will result in the elimination of some 3,000 or more jobs in the two banks, the newspaper said.</p>
<p>The banks will announce the deal within a month, or, at the latest, this autumn, it said. Both the banks had also considered deals with foreign banks, the newspaper said.</p>
<p>A merger between the two had been flagged by financial markets for many months. Talks resumed in the spring after the two banks announced in February that they had abandoned negotiations, the newspaper said.</p>
<p>&quot;The talks got a new impetus after April 29, when Jacob Wallenberg was appointed as the new chief executive of S-E-Banken. Former S-E-Banken CEO Bjorn Svedberg had reportedly opposed splitting up the bank,&quot; Dagens Industri said.</p>
<p>Sweden's Wallenberg family has been increasing control of S-E-Banken throughout late 1996 and early 1997 so that it now controls over 20 percent of votes in S-E-Banken, in part through Swedish investment group Investor, it said.</p>
<p>The expected restructuring means the state can sell most of its 59.4 percent stake in Nordbanken which is estimated to bring some 26 billion crowns to state coffers, the newspaper said.</p>
<p>-- Abigail Schmelz, Stockholm newsroom +46-8-700-1003</p>
</text>
<copyright>(c) Reuters Limited 1997</copyright>
<metadata>
<codes class="bip:countries:1.0">
  <code code="SWED">
    <editdetail attribution="Reuters BIP Coding Group" action="confirmed" date="1997-05-31"/>
  </code>
</codes>
<codes class="bip:industries:1.0">
  <code code="I81402">
    <editdetail attribution="Reuters BIP Coding Group" action="confirmed" date="1997-05-31"/>
  </code>
  <code code="I83960">
    <editdetail attribution="Reuters BIP Coding Group" action="confirmed" date="1997-05-31"/>
  </code>
</codes>
<codes class="bip:topics:1.0">
  <code code="C11">
    <editdetail attribution="Reuters BIP Coding Group" action="confirmed" date="1997-05-31"/>
  </code>
  <code code="C18">
    <editdetail attribution="Reuters BIP Coding Group" action="confirmed" date="1997-05-31"/>
  </code>
  <code code="C181">
    <editdetail attribution="Reuters BIP Coding Group" action="confirmed" date="1997-05-31"/>
  </code>
  <code code="CCAT">
    <editdetail attribution="Reuters BIP Coding Group" action="confirmed" date="1997-05-31"/>
  </code>
</codes>
<dc element="dc.date.created" value="1997-05-31"/>
<dc element="dc.publisher" value="Reuters Holdings Plc"/>
<dc element="dc.date.published" value="1997-05-31"/>
<dc element="dc.source" value="Reuters"/>
<dc element="dc.creator.location" value="STOCKHOLM"/>
<dc element="dc.creator.location.country.name" value="SWEDEN"/>
<dc element="dc.source" value="Reuters"/>
</metadata>
</newsitem>
