<?xml version="1.0" encoding="iso-8859-1" ?>
<newsitem itemid="628824" id="root" date="1997-05-31" xml:lang="en">
<title>GERMANY: Germany's Lafontaine wants elections after gold row.</title>
<headline>Germany's Lafontaine wants elections after gold row.</headline>
<dateline>BONN 1997-05-31</dateline>
<text>
<p>Oskar Lafontaine, the leader of Germany's opposition Social Democrats (SPD), urged Chancellor Helmut Kohl to call a general election, saying the government's plan to revalue gold reserves was damaging Bonn's credibility.</p>
<p>Lafontaine told the news magazine Der Spiegel that Kohl's centre-right coalition was now having to resort to creative accounting to meet the criteria for European monetary union (EMU) and was incapable of producing solid budgets.</p>
<p>&quot;The economic and finance policies of the Kohl government have failed. The coalition is so split it's not capable of acting. It would be good for Germany if it cleared the path for fresh elections,&quot; Lafontaine said in the interview released on Saturday.</p>
<p>Germany's central bank, the Bundesbank, has rejected Finance Minister Theo Waigel's plan to revalue its gold and currency reserves this year and use the booked profit to retire debt. Waigel has vowed to stick to the plan.</p>
<p>&quot;The international reaction to the government's gold plans has been catastrophic,&quot; Lafontaine said in the interview to be published in Monday's edition of the news weekly.</p>
<p>&quot;It's embarrassing that the coalition now wants to do the sort of accounting tricks for which it's always reproached others,&quot; he said.</p>
</text>
<copyright>(c) Reuters Limited 1997</copyright>
<metadata>
<codes class="bip:countries:1.0">
  <code code="EEC">
    <editdetail attribution="Reuters BIP Coding Group" action="confirmed" date="1997-05-31"/>
  </code>
  <code code="GFR">
    <editdetail attribution="Reuters BIP Coding Group" action="confirmed" date="1997-05-31"/>
  </code>
</codes>
<codes class="bip:topics:1.0">
  <code code="E12">
    <editdetail attribution="Reuters BIP Coding Group" action="confirmed" date="1997-05-31"/>
  </code>
  <code code="E21">
    <editdetail attribution="Reuters BIP Coding Group" action="confirmed" date="1997-05-31"/>
  </code>
  <code code="E211">
    <editdetail attribution="Reuters BIP Coding Group" action="confirmed" date="1997-05-31"/>
  </code>
  <code code="E51">
    <editdetail attribution="Reuters BIP Coding Group" action="confirmed" date="1997-05-31"/>
  </code>
  <code code="E513">
    <editdetail attribution="Reuters BIP Coding Group" action="confirmed" date="1997-05-31"/>
  </code>
  <code code="ECAT">
    <editdetail attribution="Reuters BIP Coding Group" action="confirmed" date="1997-05-31"/>
  </code>
  <code code="G15">
    <editdetail attribution="Reuters BIP Coding Group" action="confirmed" date="1997-05-31"/>
  </code>
  <code code="G154">
    <editdetail attribution="Reuters BIP Coding Group" action="confirmed" date="1997-05-31"/>
  </code>
  <code code="GCAT">
    <editdetail attribution="Reuters BIP Coding Group" action="confirmed" date="1997-05-31"/>
  </code>
  <code code="GPOL">
    <editdetail attribution="Reuters BIP Coding Group" action="confirmed" date="1997-05-31"/>
  </code>
  <code code="GVOTE">
    <editdetail attribution="Reuters BIP Coding Group" action="confirmed" date="1997-05-31"/>
  </code>
</codes>
<dc element="dc.date.created" value="1997-05-31"/>
<dc element="dc.publisher" value="Reuters Holdings Plc"/>
<dc element="dc.date.published" value="1997-05-31"/>
<dc element="dc.source" value="Reuters"/>
<dc element="dc.creator.location" value="BONN"/>
<dc element="dc.creator.location.country.name" value="GERMANY"/>
<dc element="dc.source" value="Reuters"/>
</metadata>
</newsitem>
