<?xml version="1.0" encoding="iso-8859-1" ?>
<newsitem itemid="628816" id="root" date="1997-05-31" xml:lang="en">
<title>SWITZERLAND: CS Private Banking sees Sfr interest rates stable.</title>
<headline>CS Private Banking sees Sfr interest rates stable.</headline>
<dateline>ZURICH 1997-05-31</dateline>
<text>
<p>The head of investment analysis at Credit Suisse Private Banking said he thought Swiss interest rates would move sideways for the rest of the year before rising slightly in 1998.</p>
<p>Swiss interest rates seem near a low point in this business cycle, Alexander Galli told the Finanz und Wirtschaft newspaper in an interview published on Saturday.</p>
<p>&quot;But the leeway for rates on the long end to go down does not seem completely exausted because the Swiss economy will hardly leave the stagnation phase in 1997 and inflation is less than one percent,&quot; he said.</p>
<p>Real long-term rates of 2 to 2.5 percent are still relatively high, while one percent seems close to the lower limit in the money market, he said.</p>
<p>&quot;I thus expect a sideways movement of money and capital market rates in Switzerland that could lead to a slight increase next year. This is also true if the economy starts growing again in 1998 and inflation fears perhaps arise,&quot; he said.</p>
<p>&quot;But I don't see a significant change in interest rates because marked increases are not expected in either the United States or Germany,&quot; he added.</p>
<p>Galli said the discount rate was already at an extraordinarily low level of 1.0 percent, but it was possible the Swiss National Bank would cut it again.</p>
<p>&quot;A further reduction -- for example to 0.5 percent -- would not change anything about monetary policy given the massive expansion of money on offer already, but would show the National Bank's will to do its utmost to support the...Swiss economy.</p>
<p>&quot;If it does this, it has at most symbolic value because demand for discount credits has never had much significance for monetary policy,&quot; he said.</p>
<p>-- Zurich newsroom +41 1 631 7340</p>
</text>
<copyright>(c) Reuters Limited 1997</copyright>
<metadata>
<codes class="bip:countries:1.0">
  <code code="SWITZ">
    <editdetail attribution="Reuters BIP Coding Group" action="confirmed" date="1997-05-31"/>
  </code>
</codes>
<codes class="bip:topics:1.0">
  <code code="E12">
    <editdetail attribution="Reuters BIP Coding Group" action="confirmed" date="1997-05-31"/>
  </code>
  <code code="ECAT">
    <editdetail attribution="Reuters BIP Coding Group" action="confirmed" date="1997-05-31"/>
  </code>
</codes>
<dc element="dc.date.created" value="1997-05-31"/>
<dc element="dc.publisher" value="Reuters Holdings Plc"/>
<dc element="dc.date.published" value="1997-05-31"/>
<dc element="dc.source" value="Reuters"/>
<dc element="dc.creator.location" value="ZURICH"/>
<dc element="dc.creator.location.country.name" value="SWITZERLAND"/>
<dc element="dc.source" value="Reuters"/>
</metadata>
</newsitem>
