<?xml version="1.0" encoding="iso-8859-1" ?>
<newsitem itemid="628873" id="root" date="1997-05-31" xml:lang="en">
<title>PAKISTAN: At least 12 Shi'ites said killed in Kabul.</title>
<headline>At least 12 Shi'ites said killed in Kabul.</headline>
<dateline>ISLAMABAD 1997-05-31</dateline>
<text>
<p>At least 12 Shi'ite Moslems have been killed and mutilated in a southeastern district of the Afghan capital Kabul, U.N. sources said on Saturday.</p>
<p>They said a crowd gathered on Saturday to protest at the killings, which took place on Friday afternoon. Shots were fired as Islamic Taleban militiamen tried to disperse the protesters, two of whom were reported killed, the sources added.  </p>
<p>The sources said the bodies of the murdered ethnic Hazara Shi'ites had been mutilated, but there was no immediate word on who had killed them or what the motive was.</p>
<p>The reported massacre follows fierce fighting earlier this week between Taleban militiamen and supporters of the pro-Iranian Shi'ite opposition Hezb-i-Wahdat militia backed by ethnic Uzbek fighters in the northern city of Mazar-i-Sharif.</p>
<p>The Taleban were driven out of the northern capital on Wednesday, just four days after they had entered it in a now-defunct alliance with Uzbeks led by General Abdul Malik.</p>
<p>The Hazara minority in Kabul is concentrated in two areas, the southwestern district of Karte Seh and Taimani in the north.</p>
</text>
<copyright>(c) Reuters Limited 1997</copyright>
<metadata>
<codes class="bip:countries:1.0">
  <code code="AFGH">
    <editdetail attribution="Reuters BIP Coding Group" action="confirmed" date="1997-05-31"/>
  </code>
  <code code="UN">
    <editdetail attribution="Reuters BIP Coding Group" action="confirmed" date="1997-05-31"/>
  </code>
</codes>
<codes class="bip:topics:1.0">
  <code code="GCAT">
    <editdetail attribution="Reuters BIP Coding Group" action="confirmed" date="1997-05-31"/>
  </code>
  <code code="GVIO">
    <editdetail attribution="Reuters BIP Coding Group" action="confirmed" date="1997-05-31"/>
  </code>
</codes>
<dc element="dc.date.created" value="1997-05-31"/>
<dc element="dc.publisher" value="Reuters Holdings Plc"/>
<dc element="dc.date.published" value="1997-05-31"/>
<dc element="dc.source" value="Reuters"/>
<dc element="dc.creator.location" value="ISLAMABAD"/>
<dc element="dc.creator.location.country.name" value="PAKISTAN"/>
<dc element="dc.source" value="Reuters"/>
</metadata>
</newsitem>
