<?xml version="1.0" encoding="iso-8859-1" ?>
<newsitem itemid="628836" id="root" date="1997-05-31" xml:lang="en">
<title>PAKISTAN: Bomb blast kills two, wounds 19 in Karachi.</title>
<headline>Bomb blast kills two, wounds 19 in Karachi.</headline>
<dateline>KARACHI, Pakistan 1997-05-31</dateline>
<text>
<p>At least two people were killed and 19 were wounded on Saturday in a bomb explosion in a house in Pakistan's southern city of Karachi, police said.</p>
<p>Police said the bodies of two men, one of whom had been decapitated in the blast, had been recovered from the debris of the collapsed house near Liaquat Market in District East.</p>
<p>People in nearby houses were injured by the explosion, but none critically, police said. An ambulance worker said earlier that a child and three women were among the wounded.</p>
<p>Police said the explosion had been caused by a home-made bomb, but gave no details. It was not immediately clear if the bomb had been detonated deliberately or by accident.</p>
<p>There was no claim of responsibility for the blast.</p>
<p>Ethnic, sectarian and political violence in Karachi has claimed about 50 lives this year, compared to more than 500 in the whole of 1996 and about 2,000 in 1995.</p>
</text>
<copyright>(c) Reuters Limited 1997</copyright>
<metadata>
<codes class="bip:countries:1.0">
  <code code="PAKIS">
    <editdetail attribution="Reuters BIP Coding Group" action="confirmed" date="1997-05-31"/>
  </code>
</codes>
<codes class="bip:topics:1.0">
  <code code="GCAT">
    <editdetail attribution="Reuters BIP Coding Group" action="confirmed" date="1997-05-31"/>
  </code>
  <code code="GVIO">
    <editdetail attribution="Reuters BIP Coding Group" action="confirmed" date="1997-05-31"/>
  </code>
</codes>
<dc element="dc.date.created" value="1997-05-31"/>
<dc element="dc.publisher" value="Reuters Holdings Plc"/>
<dc element="dc.date.published" value="1997-05-31"/>
<dc element="dc.source" value="Reuters"/>
<dc element="dc.creator.location" value="KARACHI, Pakistan"/>
<dc element="dc.creator.location.country.name" value="PAKISTAN"/>
<dc element="dc.source" value="Reuters"/>
</metadata>
</newsitem>
