<?xml version="1.0" encoding="iso-8859-1" ?>
<newsitem itemid="628805" id="root" date="1997-05-31" xml:lang="en">
<title>GERMANY: Waigel declines comment on report of higher taxes.</title>
<headline>Waigel declines comment on report of higher taxes.</headline>
<dateline>PFAFFENHAUSEN, Germany 1997-05-31</dateline>
<text>
<p>German Finance Minister Theo Waigel on Saturday declined comment on a report that he would demand higher taxes or a delay in a planned tax cut at a meeting of top officials in the ruling coalition.</p>
<p>The Bild am Sonntag weekly newspaper, citing information from the Finance Ministry, reported Waigel expected a shortfall of between 20 and 25 billion marks ($14.7 billion) in next year's budget and would need extra income from taxes to fill the gap.</p>
<p>The paper, in an advance release from Sunday's edition, said Waigel would tell a Sunday night coalition meeting chaired by Chancellor Helmut Kohl that he wanted either to raise fuel tax or postpone a planned two-point cut in an income tax surcharge.</p>
<p>Waigel declined to comment on the report when questioned by reporters accompanying him on a cycling tour of southern Germany.</p>
<p>Kohl's junior coalition partners, the liberal Free Democrats (FDP), have repeatedly said they will not approve tax rises to fill buget gaps and are also determined to push through the cut in the &quot;solidarity surcharge&quot; on income tax.</p>
<p>The surcharge was imposed to help pay for the cost of German unification. It is due to be cut by two percentage points at the beginning of next year.</p>
</text>
<copyright>(c) Reuters Limited 1997</copyright>
<metadata>
<codes class="bip:countries:1.0">
  <code code="GFR">
    <editdetail attribution="Reuters BIP Coding Group" action="confirmed" date="1997-05-31"/>
  </code>
</codes>
<codes class="bip:topics:1.0">
  <code code="E21">
    <editdetail attribution="Reuters BIP Coding Group" action="confirmed" date="1997-05-31"/>
  </code>
  <code code="E211">
    <editdetail attribution="Reuters BIP Coding Group" action="confirmed" date="1997-05-31"/>
  </code>
  <code code="ECAT">
    <editdetail attribution="Reuters BIP Coding Group" action="confirmed" date="1997-05-31"/>
  </code>
  <code code="GCAT">
    <editdetail attribution="Reuters BIP Coding Group" action="confirmed" date="1997-05-31"/>
  </code>
  <code code="GPOL">
    <editdetail attribution="Reuters BIP Coding Group" action="confirmed" date="1997-05-31"/>
  </code>
</codes>
<dc element="dc.date.created" value="1997-05-31"/>
<dc element="dc.publisher" value="Reuters Holdings Plc"/>
<dc element="dc.date.published" value="1997-05-31"/>
<dc element="dc.source" value="Reuters"/>
<dc element="dc.creator.location" value="PFAFFENHAUSEN, Germany"/>
<dc element="dc.creator.location.country.name" value="GERMANY"/>
<dc element="dc.source" value="Reuters"/>
</metadata>
</newsitem>
