<?xml version="1.0" encoding="iso-8859-1" ?>
<newsitem itemid="628845" id="root" date="1997-05-31" xml:lang="en">
<title>PAKISTAN: PRESS DIGEST - Pakistan - May 31.</title>
<headline>PRESS DIGEST - Pakistan - May 31.</headline>
<text>
<p>These are the leading stories in Pakistani newspapers on Saturday. Reuters has not verified these stories and does not vouch for their accuracy.</p>
<p>DAWN</p>
<p>- Pakistan has arranged a loan of $500 million by floating $300 million worth of Eurobonds and securitisation of Pakistan Telecommunication Company Ltd shares worth about $200 million.</p>
<p>- The All Pakistan Textile Mills Association has suggested that sick units beyond redemption should be liquidated.</p>
<p>- The State (central) Bank of Pakistan has issued new procedures to be followed by banks in handling export of gold jewellery.</p>
<p>- The government has increased annual registration and licence fees for hotels, restaurants and travel agents.</p>
<p>- Prime Minister Nawaz Sharif vowed to end horse-trading through a constitutional amendment which would also do away with floor-crossing and blackmailing in politics.</p>
<p>- The Foreign Office said all 13 officials of the Pakistani consulate in Mazar-i-Sharif had been evacuated.</p>
<p>BUSINESS RECORDER</p>
<p>- The government has levied regulatory duty ranging from 10 to 35 percent ad valorem on 71 items with effect from May 30.</p>
<p>- British Airways has initiated its first cargo freighter service from Lahore to London.</p>
<p>FINANCIAL POST</p>
<p>- The government has earned an additional revenue of 700 million rupees through transparent auction of the textile quota.</p>
<p>THE NEWS</p>
<p>- The Senate (upper house) passed a new accountability law amid opposition protests.</p>
<p>- The government has decided to accord the status of opposition leader in the National Assembly (lower house) to Pakistan People's Party chairperson Benazir Bhutto whose party was routed in the February 3 election this year.</p>
<p>- Pakistan's trade gap will increase to $4 billion due to a continous decline in exports.</p>
<p>- Pakistani and U.S. troops will carry out joint exercises in Punjab and Sindh provinces in June.</p>
<p>THE NATION</p>
<p>- The government has offered full financial support to Benazir Bhutto for filing a law suit against the Sunday Express for alleging that she had bought a mansion in Surrey.</p>
<p>-- Islamabad newsroom 9251-274757</p>
</text>
<copyright>(c) Reuters Limited 1997</copyright>
<metadata>
<codes class="bip:countries:1.0">
  <code code="PAKIS">
    <editdetail attribution="Reuters BIP Coding Group" action="confirmed" date="1997-05-31"/>
  </code>
</codes>
<codes class="bip:topics:1.0">
  <code code="GCAT">
    <editdetail attribution="Reuters BIP Coding Group" action="confirmed" date="1997-05-31"/>
  </code>
</codes>
<dc element="dc.publisher" value="Reuters Holdings Plc"/>
<dc element="dc.date.published" value="1997-05-31"/>
<dc element="dc.source" value="Reuters"/>
<dc element="dc.creator.location.country.name" value="PAKISTAN"/>
<dc element="dc.source" value="Reuters"/>
</metadata>
</newsitem>
