<?xml version="1.0" encoding="iso-8859-1" ?>
<newsitem itemid="628898" id="root" date="1997-05-31" xml:lang="en">
<title>SOUTH AFRICA: S.AFRICA'S AFRIBRAND SAYS TO SEEK JSE LISTING.</title>
<headline>S.AFRICA'S AFRIBRAND SAYS TO SEEK JSE LISTING.</headline>
<dateline>JOHANNESBURG 1997-05-31</dateline>
<text>
<p>South Africa's Afribrand said on Saturday it was raising some 26 million rand in capital preparatory to seeking a listing on the Johannesburg Stock Exchange's stores sector in August.</p>
<p>The company, specialising in marketing and distributing of branded consumer products into lower-end economic markets, said in a statement about 16 million rand would be raised by public subscription and the balance by private placing.</p>
<p>Details of the issue would be released &quot;in a few weeks&quot;, Afribrand said. </p>
<p>-- Johannesburg newsroom +27 11 482 1003</p>
</text>
<copyright>(c) Reuters Limited 1997</copyright>
<metadata>
<codes class="bip:countries:1.0">
  <code code="SAFR">
    <editdetail attribution="Reuters BIP Coding Group" action="confirmed" date="1997-05-31"/>
  </code>
</codes>
<codes class="bip:topics:1.0">
  <code code="C14">
    <editdetail attribution="Reuters BIP Coding Group" action="confirmed" date="1997-05-31"/>
  </code>
  <code code="M11">
    <editdetail attribution="Reuters BIP Coding Group" action="confirmed" date="1997-05-31"/>
  </code>
</codes>
<dc element="dc.date.created" value="1997-05-31"/>
<dc element="dc.publisher" value="Reuters Holdings Plc"/>
<dc element="dc.date.published" value="1997-05-31"/>
<dc element="dc.source" value="Reuters"/>
<dc element="dc.creator.location" value="JOHANNESBURG"/>
<dc element="dc.creator.location.country.name" value="SOUTH AFRICA"/>
<dc element="dc.source" value="Reuters"/>
</metadata>
</newsitem>
