<?xml version="1.0" encoding="iso-8859-1" ?>
<newsitem itemid="628886" id="root" date="1997-05-31" xml:lang="en">
<title>PAKISTAN: Pakistan tenders for import of 25,000 T sugar.</title>
<headline>Pakistan tenders for import of 25,000 T sugar.</headline>
<dateline>KARACHI, Pakistan 1997-05-31</dateline>
<text>
<p>The state-run Trading Corporation of Pakistan (TCP) said on Saturday it had invited bids by June 7 for the import of 25,000 tonnes of white refined crystal sugar for delivery at Karachi port or nearby Port Qasim by July 31.  </p>
<p>The TCP said it would also accept bids received by June 7 to supply the same quantity of sugar for delivery by August 15, but an official said this was an alternative delivery date and the corporation would buy a total of only 25,000 tonnes.</p>
<p>The TCP bought 25,000 tonnes of sugar at $334.34 per tonne C&amp;F last week after its May 11 tender for 50,000 tonnes.</p>
<p>The Pakistan Sugar Mills Association says domestic sugar output reached 2.367 million tonnes by April 30 compared to 2.439 million tonnes at the same time a year ago.</p>
<p>-- Karachi newsroom 9221-5685192</p>
</text>
<copyright>(c) Reuters Limited 1997</copyright>
<metadata>
<codes class="bip:countries:1.0">
  <code code="PAKIS">
    <editdetail attribution="Reuters BIP Coding Group" action="confirmed" date="1997-05-31"/>
  </code>
</codes>
<codes class="bip:topics:1.0">
  <code code="M14">
    <editdetail attribution="Reuters BIP Coding Group" action="confirmed" date="1997-05-31"/>
  </code>
  <code code="M141">
    <editdetail attribution="Reuters BIP Coding Group" action="confirmed" date="1997-05-31"/>
  </code>
  <code code="MCAT">
    <editdetail attribution="Reuters BIP Coding Group" action="confirmed" date="1997-05-31"/>
  </code>
</codes>
<dc element="dc.date.created" value="1997-05-31"/>
<dc element="dc.publisher" value="Reuters Holdings Plc"/>
<dc element="dc.date.published" value="1997-05-31"/>
<dc element="dc.source" value="Reuters"/>
<dc element="dc.creator.location" value="KARACHI, Pakistan"/>
<dc element="dc.creator.location.country.name" value="PAKISTAN"/>
<dc element="dc.source" value="Reuters"/>
</metadata>
</newsitem>
