<?xml version="1.0" encoding="iso-8859-1" ?>
<newsitem itemid="628804" id="root" date="1997-05-31" xml:lang="en">
<title>GERMANY: Most of German SPD wants Schroeder to face Kohl.</title>
<headline>Most of German SPD wants Schroeder to face Kohl.</headline>
<dateline>BONN 1997-05-31</dateline>
<text>
<p>More than two thirds of the members of Germany's opposition Social Democrats (SPD) want Lower Saxony premier Gerhard Schroeder to challenge Chancellor Helmut Kohl in general elections due next year, according to a magazine poll.</p>
<p>The poll for Der Spiegel magazine, released on Saturday ahead of publication on Monday, showed 69 percent of those questioned wanted Schroeder to be their candidate for chancellor while only 27 percent favoured party leader Oskar Lafontaine.</p>
<p>The SPD has said it will not decide on its candidate for chancellor until after Schroeder has stood for reelection as Lower Saxony premier in March next year.</p>
<p>Kohl has already announced he will stand at the head of his centre-right coalition.</p>
<p>Schroeder told the magazine the poll did not change the plan to wait until next year before deciding on a candidate.</p>
<p>Opinion polls consistently show Schroeder as the SPD candidate best-placed to unseat Kohl but until now it had been widely assumed that the pro-business premier was not popular among the left-leaning grassroots of his own party.</p>
<p>The next general election is scheduled to take place in a period between late September and October next year. Kohl's government has not yet announced the exact date.</p>
<p>The Spiegel survey, carried out among 1,400 party members by the Emnid research group, also revealed the leadership's plan to wait until next year before choosing its leading candidate for the elections was unpopular.</p>
<p>The survey found 35 percent wanted the candidate to be chosen as soon as possible, 34 percent wanted the decision taken at a party conference in December and 31 percent favoured waiting until March next year.</p>
<p>But Lafontaine said the leadership would stick to its plan. &quot;We have chosen our plan after plenty of thought,&quot; he told the magazine. &quot;There is no reason to deviate from it.&quot;</p>
</text>
<copyright>(c) Reuters Limited 1997</copyright>
<metadata>
<codes class="bip:countries:1.0">
  <code code="GFR">
    <editdetail attribution="Reuters BIP Coding Group" action="confirmed" date="1997-05-31"/>
  </code>
</codes>
<codes class="bip:topics:1.0">
  <code code="GCAT">
    <editdetail attribution="Reuters BIP Coding Group" action="confirmed" date="1997-05-31"/>
  </code>
  <code code="GPOL">
    <editdetail attribution="Reuters BIP Coding Group" action="confirmed" date="1997-05-31"/>
  </code>
  <code code="GVOTE">
    <editdetail attribution="Reuters BIP Coding Group" action="confirmed" date="1997-05-31"/>
  </code>
</codes>
<dc element="dc.date.created" value="1997-05-31"/>
<dc element="dc.publisher" value="Reuters Holdings Plc"/>
<dc element="dc.date.published" value="1997-05-31"/>
<dc element="dc.source" value="Reuters"/>
<dc element="dc.creator.location" value="BONN"/>
<dc element="dc.creator.location.country.name" value="GERMANY"/>
<dc element="dc.source" value="Reuters"/>
</metadata>
</newsitem>
