<?xml version="1.0" encoding="iso-8859-1" ?>
<newsitem itemid="628839" id="root" date="1997-05-31" xml:lang="en">
<title>PAKISTAN: Bomb explosion wounds eight in Karachi.</title>
<headline>Bomb explosion wounds eight in Karachi.</headline>
<dateline>KARACHI, Pakistan 1997-05-31</dateline>
<text>
<p>At least eight people were wounded on Saturday in a bomb explosion in a house in the city of Karachi in southern Pakistan, police said.</p>
<p>Police said the explosion was caused by a home-made bomb in a house near Liaqat market in District East.</p>
<p>An ambulance worker said the wounded included one child, three women and four men. No other details were immediately available.</p>
</text>
<copyright>(c) Reuters Limited 1997</copyright>
<metadata>
<codes class="bip:countries:1.0">
  <code code="PAKIS">
    <editdetail attribution="Reuters BIP Coding Group" action="confirmed" date="1997-05-31"/>
  </code>
</codes>
<codes class="bip:topics:1.0">
  <code code="GCAT">
    <editdetail attribution="Reuters BIP Coding Group" action="confirmed" date="1997-05-31"/>
  </code>
  <code code="GVIO">
    <editdetail attribution="Reuters BIP Coding Group" action="confirmed" date="1997-05-31"/>
  </code>
</codes>
<dc element="dc.date.created" value="1997-05-31"/>
<dc element="dc.publisher" value="Reuters Holdings Plc"/>
<dc element="dc.date.published" value="1997-05-31"/>
<dc element="dc.source" value="Reuters"/>
<dc element="dc.creator.location" value="KARACHI, Pakistan"/>
<dc element="dc.creator.location.country.name" value="PAKISTAN"/>
<dc element="dc.source" value="Reuters"/>
</metadata>
</newsitem>
