<?xml version="1.0" encoding="iso-8859-1" ?>
<newsitem itemid="804372" id="root" date="1997-08-17" xml:lang="en">
<title>UK: ATHLETICS-JOHNSON ONLY FIFTH IN BRITISH 200M RACE.</title>
<headline>ATHLETICS-JOHNSON ONLY FIFTH IN BRITISH 200M RACE.</headline>
<dateline>LONDON 1997-08-17</dateline>
<text>
<p>Michael Johnson, the 200 metres world record holder and Olympic champion, was comprehensively beaten over the distance in a low key athletics challenge meeting at Crystal Palace on Sunday.</p>
<p>Johnson, running for an international select team, finished only fifth in a pedestrian time of 20.87, one-and-a-half seconds outside his world record 19.32, as veteran Welshman Doug Turner claimed an unexpected victory.</p>
<p>Turner, 31, recorded 20.73 to edge Marcus Adam by a hundredth. Julian Golding completed a British clean sweep in 20.80.</p>
<p>&quot;I wasn't sure if Johnson was running and I didn't even run a particularly good race,&quot; said Turner.</p>
<p>There were no problems for the 100 metres world record holder Donovan Bailey who cruised to victory in the short sprint in 10.13.</p>
<p>American Vince Henderson was second in 10.22 with British teenage sensation Dwain Chambers third (10.31).</p>
<p>Bailey, who struggled with illness and injury during the world championships where he won silver, said he was using Sunday's meeting to decide on his near future.</p>
<p>&quot;I basically judged whether to compete for the rest of the season on what I did here,&quot; said the Canadian Olympic champion.</p>
<p>&quot;In Athens I caught a stomach virus, lost 14 lbs and couldn't really train. I had some injury problems that I don't want to talk about right now but I've had to deal with them and I felt fine today.&quot;</p>
<p>The 110 metres hurdles was billed as another showdown between Britons Colin Jackson and Tony Jarrett but a mix-up in the race schedule meant Jarrett, who beat his old rival in Zurich last Wednesday, could not take part. That left Jackson, silver medallist in the world championships, to cruise to an easy win in 13.21.</p>
<p>John Godina, America's world shot putt champion who also finished fifth in the discus in Athens, again showed his versatility by completing a double victory.</p>
<p>A throw of 64.32 metres beat British veteran Bob Weir by 10 centimetres in the discus while 21.75m, a British all-comers' record, was enough to win the shot.</p>
<p>Surprise world champion Marius Corbett of South Africa again got the better of local favourite Steve Backley to win the javelin with a throw of 87.46. Backley, second to Corbett in Athens, took the same position on Sunday with 87.14.</p>
<p>London-based Australian world champion Cathy Freeman won the women's 400 metres in 50.61, holding off a determined challenge from Briton Allison Curbishly (51.04).</p>
<p>Iwan Thomas took the men's event in 44.69, with 1991 world champion American Antonio Pettigrew (44.84) holding off Mark Richardson (45.10) for second.</p>
<p>Jonathan Edwards' poor triple jump form continued as he finished behind fellow Briton Francis Agyepong for the second time in a week.</p>
<p>Edwards, who lost his world title in Athens, had not been beaten by another Briton since 1994 until Agyepong beat him in Zurich on Wednesday and was out of sorts again at Crystal Palace.</p>
<p>Agyepong won with 16.72, four centimetres ahead of the world record holder.</p>
</text>
<copyright>(c) Reuters Limited 1997</copyright>
<metadata>
<codes class="bip:countries:1.0">
  <code code="UK">
    <editdetail attribution="Reuters BIP Coding Group" action="confirmed" date="1997-08-17"/>
  </code>
</codes>
<codes class="bip:topics:1.0">
  <code code="GCAT">
    <editdetail attribution="Reuters BIP Coding Group" action="confirmed" date="1997-08-17"/>
  </code>
  <code code="GSPO">
    <editdetail attribution="Reuters BIP Coding Group" action="confirmed" date="1997-08-17"/>
  </code>
</codes>
<dc element="dc.date.created" value="1997-08-17"/>
<dc element="dc.publisher" value="Reuters Holdings Plc"/>
<dc element="dc.date.published" value="1997-08-17"/>
<dc element="dc.source" value="Reuters"/>
<dc element="dc.creator.location" value="LONDON"/>
<dc element="dc.creator.location.country.name" value="UK"/>
<dc element="dc.source" value="Reuters"/>
</metadata>
</newsitem>
