<?xml version="1.0" encoding="iso-8859-1" ?>
<newsitem itemid="804353" id="root" date="1997-08-17" xml:lang="en">
<title>FRANCE: HORSE RACING-PRIX JACQUES LE MAROIS RESULT.</title>
<headline>HORSE RACING-PRIX JACQUES LE MAROIS RESULT.</headline>
<dateline>DEAUVILLE, France 1997-08-17</dateline>
<text>
<p>Result of the Prix</p>
<p>Jacques Le Marois, a group one race for three-year-olds and</p>
<p>upwards, run over one mile (1.6 km) on Sunday:</p>
<p> 1. Spinning World	   (ridden by Cash Asmussen)</p>
<p> 2. Daylami		    (Gerald Mosse)</p>
<p> 3. Neuilly		    (Thierry Jarnet)</p>
<p>Six ran.</p>
<p>Distances: Two lengths, six lengths.</p>
<p>Winner owned by the Niarchos Family and trained in France by</p>
<p>Jonathan Pease.</p>
<p>Pari-Mutuel (including a one-franc stake): Win 3.9. Places</p>
<p>2.0, 2.0. Straight forecast 15.3.</p>
</text>
<copyright>(c) Reuters Limited 1997</copyright>
<metadata>
<codes class="bip:countries:1.0">
  <code code="FRA">
    <editdetail attribution="Reuters BIP Coding Group" action="confirmed" date="1997-08-17"/>
  </code>
</codes>
<codes class="bip:topics:1.0">
  <code code="GCAT">
    <editdetail attribution="Reuters BIP Coding Group" action="confirmed" date="1997-08-17"/>
  </code>
  <code code="GSPO">
    <editdetail attribution="Reuters BIP Coding Group" action="confirmed" date="1997-08-17"/>
  </code>
</codes>
<dc element="dc.date.created" value="1997-08-17"/>
<dc element="dc.publisher" value="Reuters Holdings Plc"/>
<dc element="dc.date.published" value="1997-08-17"/>
<dc element="dc.source" value="Reuters"/>
<dc element="dc.creator.location" value="DEAUVILLE, France"/>
<dc element="dc.creator.location.country.name" value="FRANCE"/>
<dc element="dc.source" value="Reuters"/>
</metadata>
</newsitem>
