<?xml version="1.0" encoding="iso-8859-1" ?>
<newsitem itemid="804369" id="root" date="1997-08-17" xml:lang="en">
<title>USA: GOLF-LEONARD SHOOTS RECORD TO TIE LOVE IN PGA CHAMPIONSHIP.</title>
<headline>GOLF-LEONARD SHOOTS RECORD TO TIE LOVE IN PGA CHAMPIONSHIP.</headline>
<byline>Walter Bagley</byline>
<dateline>MAMARONECK, New York 1997-08-16</dateline>
<text>
<p>Justin Leonard, ignoring oppressive heat and a two-hour weather delay, shot a course-record 65 on Saturday in a scintillating duel with Davis Love that left them tied for the lead after three rounds of the PGA Championship.</p>
<p>The 25-year-old Leonard, who shot a 65 in the final round to win the British Open last month, birdied four of the last five holes to overtake Love in a stirring two-man battle, only to watch Love also birdie the difficult 18th in fading light to leave them tied at seven under par -- and seven shots ahead of their nearest rivals.</p>
<p>Love, 33 and still seeking his first major championship, shot a four-under-par 66, which he also shot in the first round as he and John Daly tied the then course record for Winged Foot Golf Club's legendary West Course, which was hosting its fifth major championship.</p>
<p>Leonard, cool as a cucumber in boiling heat and humidity, played flawlessly in lowering by one stroke the record established by Fuzzy Zoeller in the 1984 U.S. Open.</p>
<p>The soft-spoken Texan, whose brilliant short game kept him alive in the first two rounds when he played erratically, did not make a bogey, hit all 16 fairways and reached 14 greens in regulation on a day when everyone but him and Love struggled mightily in the heat.  </p>
<p>Love, too, played brilliantly in the difficult conditions. He also made five birdies and a number of outstanding par saves. He might have led at the end but for a bogey on the 212-yard 13th hole, where he hit his 4-iron short of the green.</p>
<p>&quot;I played really good golf today. I had some good up and downs. I didn't have a 5 on my card,&quot; said Love, who had to play the last four holes after play was suspended for almost two hours due to a fierce thunderstorm.</p>
<p>&quot;I made three really good putts on the last holes,&quot; added Love, who saved par from thick greenside rough on the 16th hole and saved another from a deep sand bunker at the 17th.</p>
<p>&quot;I don't think I ever felt so good about my swing,&quot; added Love, the son of a famous teaching professional.</p>
<p>&quot;I'm pretty confident -- I hope I can get the job done tomorrow.&quot;</p>
<p>Leonard and Love both got the job done on Saturday when most of the contenders seemed to give in to the heat, or to Winged Foot's unforgiving rough and treacherous greens, which the heat dried out and made extremely fast.</p>
<p>&quot;It's like putting a three-footer but they're going 12 feet,&quot; Love said of the severely sloped greens, which befuddled many players.</p>
<p>Leonard said his newfound accuracy off the tee enabled him to play more aggressively.</p>
<p>&quot;It was a nice change of pace from the last two days, where I was scrambling a lilttle bit,&quot; the low-key Leonard said.</p>
<p>&quot;The round at the British Open on Sunday was my best round, but if you separate what was going on around me, this was pretty close.&quot;</p>
<p>Lee Janzen, who started the day with a one-stroke lead over Love and two over Leonard, stumbled to a 74 that left him tied at level-par with Tom Kite, the 47-year-old U.S. Ryder Cup captain, who shot 71.</p>
<p>Six players were at 211 -- including Tiger Woods and Phil Mickelson, who were both in the hunt on the back nine but faltered badly.</p>
<p>Daly, who led the first round with Love, also let Winged Foot get the best of him, shooting seven-over 77 that left him 13 strokes adrift.</p>
<p>Masters champion Woods, playing in his first PGA Championship and his first tournament at Winged Foot, double bogeyed 17 and bogeyed 18 to shoot 71 while Mickelson made a triple bogey at the 16th and a bogey at the last for a 73.</p>
<p>&quot;It was disappointing to finish the way I did -- being right there and in contention just three back going into the last round and do something that dumb,&quot; Woods said.</p>
<p>When they collapsed at the end, only Leonard and Love were left to battle it out one more day for the championship.</p>
<p>&quot;That's been my goal since the beginning of the week,&quot; Leonard said. &quot;To get into a good position for Sunday.&quot;</p>
</text>
<copyright>(c) Reuters Limited 1997</copyright>
<metadata>
<codes class="bip:countries:1.0">
  <code code="USA">
    <editdetail attribution="Reuters BIP Coding Group" action="confirmed" date="1997-08-17"/>
  </code>
</codes>
<codes class="bip:topics:1.0">
  <code code="GCAT">
    <editdetail attribution="Reuters BIP Coding Group" action="confirmed" date="1997-08-17"/>
  </code>
  <code code="GSPO">
    <editdetail attribution="Reuters BIP Coding Group" action="confirmed" date="1997-08-17"/>
  </code>
</codes>
<dc element="dc.date.created" value="1997-08-16"/>
<dc element="dc.publisher" value="Reuters Holdings Plc"/>
<dc element="dc.date.published" value="1997-08-17"/>
<dc element="dc.source" value="Reuters"/>
<dc element="dc.creator.location" value="MAMARONECK, New York"/>
<dc element="dc.creator.location.country.name" value="USA"/>
<dc element="dc.source" value="Reuters"/>
</metadata>
</newsitem>
