<?xml version="1.0" encoding="iso-8859-1" ?>
<newsitem itemid="804334" id="root" date="1997-08-17" xml:lang="en">
<title>USA: GOLF-PEN PICS OF U.S. RYDER CUP TEAM.</title>
<headline>GOLF-PEN PICS OF U.S. RYDER CUP TEAM.</headline>
<byline>Walter Bagley</byline>
<dateline>MAMARONECK, New York 1997-08-17</dateline>
<text>
<p>Brief profiles of the 10 members of the U.S. Ryder Cup team who earned automatic places on points following Sunday's final round of the PGA Championship:</p>
<p>-- Tiger Woods - Playing professionally for less than a year, Woods won six tour events, including this year's Masters, and accumulated the most points (1,185) to qualify for the team.</p>
<p>Age: 21</p>
<p>Ryder Cup experience: none</p>
<p>Other notable achievements: Became youngest Masters champion in April, winning with a record score and by a record margin; won unprecedented three consecutive U.S. Amateur championships.</p>
<p>-- Justin Leonard -  One of golf's emerging young stars, Leonard finished second to Davis Love in PGA Championship to finish second in points earned (1,068).</p>
<p>Age: 25</p>
<p>Ryder Cup experience: none</p>
<p>Other notable achievements: won the British Open in July for his first major title and second victory of the year; a protege of Byron Nelson, he won the 1992 U.S. Amateur and 1994 U.S. college championship.</p>
<p>-- Tom Lehman - After toiling for years on minitours, Lehman is now one of the best in the game, leading the PGA Tour last year in scoring average and earnings.</p>
<p>Age: 38</p>
<p>Ryder Cup experience: 1995 team</p>
<p>Ryder Cup record: 2-1-0 (won-lost-halved)</p>
<p>Other notable achievements: Won 1996 British Open; second and third in last two U.S. Opens; beat Seve Ballesteros 4 and 3 in '95 Ryder Cup singles.</p>
<p>-- Davis Love - Won PGA Championship on Sunday for his first major title; son of a famous teaching professional, he was a steady player on the last two cup teams.</p>
<p>Age: 33</p>
<p>Ryder Cup experience: 1993, 1995</p>
<p>Ryder Cup record: 5-4-0</p>
<p>Other notable achievements: Winner of 11 tour events, he has eight top-10 finishes this year, including joint 10th at the British Open; second in 1996 U.S. Open and 1995 Masters.</p>
<p>-- Jim Furyk - Another under-30 star, despite an unorthodox swing, finished tied for sixth at the PGA Championship for his 12th top-10 finish of the season.</p>
<p>Age: 27</p>
<p>Ryder Cup experience: none</p>
<p>Other notable achievements: Won tour events in 1995 and 1996; ranked first in putting on tour in 1995; finished fourth in this year's British Open.</p>
<p>-- Phil Mickelson - Only undefeated player in 1995 matches as rookie, winning his singles match and two four-ball matches with different partners, has won 11 tournament on U.S. tour.</p>
<p>Age: 27</p>
<p>Ryder Cup experience: 1995 team</p>
<p>Ryder Cup record: 3-0-0</p>
<p>Other notable achievements: first golfer since Jack Nicklaus to win 10 U.S. tour events by age 26; won four times last year and twice this year, including Sprint International two weeks ago.</p>
<p>-- Jeff Maggert - Finished third in PGA Championship to win a place in last opportunity, for a second time, his joint third in 1995 PGA at Riviera got him on that team; helped U.S. take Ryder lead in '95 matches with first-day victories in both foursome and two-ball matches with different partners.</p>
<p>Age: 33</p>
<p>Ryder Cup experience: 1995</p>
<p>Ryder Cup record: 2-2-0</p>
<p>Other notable achievements: Has one victory (in 1993) on tour; five top-10 finishes this year, including two seconds and a fourth at U.S. Open.</p>
<p>-- Mark O'Meara - The second oldest of the 10 players who won automatic berths and most experienced member of a very young team.</p>
<p>Age: 40</p>
<p>Ryder Cup experience: 1985, 1989, 1991 teams</p>
<p>Ryder Cup record: 2-5-1</p>
<p>Other notable achievements: Winner of 14 events in 17 years on tour, including back-to-back victories early this year; ranked second in putting and fifth in earnings on tour last year.</p>
<p>-- Scott Hoch - Perhaps best known for missing a two-foot winning putt in a playoff with Nick Faldo in the 1989 Masters, he has seven victories on U.S. tour and one in Europe.</p>
<p>Age: 41</p>
<p>Ryder Cup experience: none</p>
<p>Other notable achievements: Lost to Greg Norman in final of Andersen Consulting World Championship in January; ranked ninth in earnings and 11th in scoring on tour last year; has seven top-10 finishes this year.</p>
<p>-- Brad Faxon - One of the better putters in the game, he ranked first in tour putting last year, when he finished eighth in earnings -- without a victory.</p>
<p>Age: 36</p>
<p>Ryder Cup experience: 1995 team</p>
<p>Ryder Cup record: 1-2-0</p>
<p>Other notable achievements: He shot 63 in final round of 1995 PGA Championship at Riviera Country Club to make his first Ryder Cup team.</p>
</text>
<copyright>(c) Reuters Limited 1997</copyright>
<metadata>
<codes class="bip:countries:1.0">
  <code code="USA">
    <editdetail attribution="Reuters BIP Coding Group" action="confirmed" date="1997-08-17"/>
  </code>
</codes>
<codes class="bip:topics:1.0">
  <code code="GCAT">
    <editdetail attribution="Reuters BIP Coding Group" action="confirmed" date="1997-08-17"/>
  </code>
  <code code="GSPO">
    <editdetail attribution="Reuters BIP Coding Group" action="confirmed" date="1997-08-17"/>
  </code>
</codes>
<dc element="dc.date.created" value="1997-08-17"/>
<dc element="dc.publisher" value="Reuters Holdings Plc"/>
<dc element="dc.date.published" value="1997-08-17"/>
<dc element="dc.source" value="Reuters"/>
<dc element="dc.creator.location" value="MAMARONECK, New York"/>
<dc element="dc.creator.location.country.name" value="USA"/>
<dc element="dc.source" value="Reuters"/>
</metadata>
</newsitem>
