<?xml version="1.0" encoding="iso-8859-1" ?>
<newsitem itemid="804378" id="root" date="1997-08-17" xml:lang="en">
<title>UK: SOCCER-SCOTTISH PREMIER DIVISION RESULTS/STANDINGS.</title>
<headline>SOCCER-SCOTTISH PREMIER DIVISION RESULTS/STANDINGS.</headline>
<dateline>GLASGOW 1997-08-17</dateline>
<text>
<p>Result of a Scottish premier</p>
<p>division match played on Sunday:</p>
<p> Dundee United   1	  Hibernian		1</p>
<p>Played on Saturday:</p>
<p> Celtic	    1	  Dunfermline	    2</p>
<p> Hearts	    4	  Aberdeen		 1</p>
<p> Motherwell	0	  St Johnstone	   1</p>
<p>Postponed: Kilmarnock v Rangers</p>
<p>				P  W  D  L   F  A  Pts</p>
<p>  1. Hibernian	    2  1  1  0   3  2    4</p>
<p>  2. St Johnstone	 2  1  1  0   2  1    4</p>
<p>  3. Rangers		1  1  0  0   3  1    3</p>
<p>  4. Hearts		 2  1  0  1   5  4    3</p>
<p>  5. Motherwell	   2  1  0  1   2  1    3</p>
<p>  6. Dunfermline	  2  1  0  1   2  3    3</p>
<p>  7. Dundee United	2  0  2  0   2  2    2</p>
<p>  8. Kilmarnock	   1  0  1  0   0  0    1</p>
<p>  9. Aberdeen	     2  0  1  1   1  4    1</p>
<p> 10. Celtic		 2  0  0  2   2  4    0</p>
</text>
<copyright>(c) Reuters Limited 1997</copyright>
<metadata>
<codes class="bip:countries:1.0">
  <code code="UK">
    <editdetail attribution="Reuters BIP Coding Group" action="confirmed" date="1997-08-17"/>
  </code>
</codes>
<codes class="bip:topics:1.0">
  <code code="GCAT">
    <editdetail attribution="Reuters BIP Coding Group" action="confirmed" date="1997-08-17"/>
  </code>
  <code code="GSPO">
    <editdetail attribution="Reuters BIP Coding Group" action="confirmed" date="1997-08-17"/>
  </code>
</codes>
<dc element="dc.date.created" value="1997-08-17"/>
<dc element="dc.publisher" value="Reuters Holdings Plc"/>
<dc element="dc.date.published" value="1997-08-17"/>
<dc element="dc.source" value="Reuters"/>
<dc element="dc.creator.location" value="GLASGOW"/>
<dc element="dc.creator.location.country.name" value="UK"/>
<dc element="dc.source" value="Reuters"/>
</metadata>
</newsitem>
