<?xml version="1.0" encoding="iso-8859-1" ?>
<newsitem itemid="804381" id="root" date="1997-08-17" xml:lang="en">
<title>CANADA: TENNIS-RESULTS FROM CANADIAN OPEN.</title>
<headline>TENNIS-RESULTS FROM CANADIAN OPEN.</headline>
<dateline>TORONTO 1997-08-17</dateline>
<text>
<p>Result at the Canadian Open</p>
<p>tennis tournament on Sunday (prefix number denotes seeding)</p>
<p>Final</p>
<p>1-Monica Seles (U.S.) beat 5-Anke Huber (Germany) 6-2 6-4</p>
</text>
<copyright>(c) Reuters Limited 1997</copyright>
<metadata>
<codes class="bip:countries:1.0">
  <code code="CANA">
    <editdetail attribution="Reuters BIP Coding Group" action="confirmed" date="1997-08-17"/>
  </code>
  <code code="GFR">
    <editdetail attribution="Reuters BIP Coding Group" action="confirmed" date="1997-08-17"/>
  </code>
  <code code="USA">
    <editdetail attribution="Reuters BIP Coding Group" action="confirmed" date="1997-08-17"/>
  </code>
</codes>
<codes class="bip:topics:1.0">
  <code code="GCAT">
    <editdetail attribution="Reuters BIP Coding Group" action="confirmed" date="1997-08-17"/>
  </code>
  <code code="GSPO">
    <editdetail attribution="Reuters BIP Coding Group" action="confirmed" date="1997-08-17"/>
  </code>
</codes>
<dc element="dc.date.created" value="1997-08-17"/>
<dc element="dc.publisher" value="Reuters Holdings Plc"/>
<dc element="dc.date.published" value="1997-08-17"/>
<dc element="dc.source" value="Reuters"/>
<dc element="dc.creator.location" value="TORONTO"/>
<dc element="dc.creator.location.country.name" value="CANADA"/>
<dc element="dc.source" value="Reuters"/>
</metadata>
</newsitem>
