<?xml version="1.0" encoding="iso-8859-1" ?>
<newsitem itemid="804354" id="root" date="1997-08-17" xml:lang="en">
<title>USA: GOLF-SCORES FROM FINAL ROUND OF THE PGA CHAMPIONSHIP.</title>
<headline>GOLF-SCORES FROM FINAL ROUND OF THE PGA CHAMPIONSHIP.</headline>
<dateline>MAMARONECK, New York 1997-08-17</dateline>
<text>
<p>Scores from the</p>
<p>final round of the PGA Championship at Winged Foot Golf Club</p>
<p>on Sunday (players U.S. unless noted):</p>
<p>291 Lanny Wadkins 72 72 77 70</p>
<p>292 Fred Funk 71 74 77 70</p>
<p>295 Michael Bradley 73 69 80 73, Larry Nelson 76 70 76 73</p>
<p>296 Andrew Magee 71 70 80 75</p>
<p>289 Loren Roberts 76 70 74 69</p>
<p>290 Ernie Els (South Africa) 70 76 74 70</p>
<p>291 Steve Lowery 72 69 79 71</p>
<p>293 Peter Jacobsen 74 72 75 72</p>
<p>294 Carlos Franco (Paraguay) 69 74 76 75</p>
<p>295 Yoshinori Kaneko (Japan) 72 73 76 74</p>
<p>297 Peter Jordan 76 70 75 76, Kevin Sutherland 73 73 73 78</p>
<p>284 Tommy Tolles 75 70 73 66</p>
<p>285 Doug Martin 69 75 74 67, Mark Calcavecchia 71 74 73 67</p>
<p>289 Robert Allenby 67 77 74 71</p>
<p>290 Billy Mayfair 75 68 75 72, Craig Stadler 72 72 74 72</p>
<p>284 Mark O'Meara 69 73 75 67</p>
<p>287 Steve Jones 69 73 75 70</p>
<p>288 Thomas Bjorn (Denmark) 72 68 77 71</p>
<p>289 Brian Henninger 74 68 75 72</p>
<p>290 Olin Browne 70 73 74 73</p>
<p>295 Costantino Rocca (Italy) 69 69 79 78</p>
<p>286 John Daly 66 73 77 70</p>
<p>287 David Ogrin 74 72 71 70</p>
<p>288 Jesper Parnevik (Sweden) 76 70 71 71</p>
<p>291 Larry Mize 71 73 73 74</p>
<p>292 Russ Cochran 72 73 72 75</p>
<p>293 Paul Stankowski 68 71 77 77</p>
<p>285 John Cook 71 71 74 69, Bernhard Langer (Germany) 73 71 72</p>
<p>69</p>
<p>287 Ignancio Garrido (Spain) 70 71 75 71</p>
<p>290 Taylor Smith 71 71 74 74</p>
<p>292 Lee Rinker 70 71 75 76, Retief Goosen (South Africa) 72</p>
<p>70 74 76</p>
<p>284 Vijay Singh (Fiji) 73 66 76 69</p>
<p>286 Ronnie Black 76 69 71 70, Don Pooley 72 74 70 70</p>
<p>287 Eduardo Romero (Argentina) 71 72 72 72</p>
<p>288 Sam Torrance (Britain) 74 72 70 72</p>
<p>293 Per-Ulrik Johansson (Sweden) 73 69 73 78</p>
<p>283 Joey Sindelar 72 71 71 69</p>
<p>284 Bob Tway 68 75 72 69, Nick Price (Zimbabwe) 72 70 72 70,</p>
<p>Kirk Triplett 73 70 71 70</p>
<p>285 Kenny Perry 73 68 73 71</p>
<p>286 Hale Irwin 73 70 71 72</p>
<p>281 Phil Blackmar 70 68 74 69</p>
<p>284 Tim Herron 72 73 68 71</p>
<p>285 Shigeki Maruyama (Japan) 68 70 74 73</p>
<p>286 Lee Westwood (Britain) 74 68 71 73, Paul Goydos 70 72 71</p>
<p>73</p>
<p>289 Chris Perry 68 71 73 77</p>
<p>282 Tom Byrum 69 73 70 70</p>
<p>283 Scott McCarron 74 71 67 71</p>
<p>284 Colin Montgomerie (Britain) 74 71 67 72</p>
<p>286 Paul Azinger 68 73 71 74, Payne Stewart 70 70 72 74,</p>
<p>Frank Nobilo (New Zealand) 72 73 67 74</p>
<p>276 Jeff Maggert 69 69 73 65</p>
<p>281 Scott Hoch 71 72 68 70</p>
<p>284 David Duval 70 70 71 73</p>
<p>286 Fred Couples 71 67 73 75, Tiger Woods 70 70 71 75, Phil</p>
<p>Mickelson 69 69 73 75</p>
<p>269 Davis Love 66 71 66 66</p>
<p>274 Justin Leonard 68 70 65 71</p>
<p>279 Lee Janzen 69 67 74 69</p>
<p>280 Tom Kite 68 71 71 70</p>
<p>(end scores series)</p>
<p>281 Jim Furyk 69 72 72 68</p>
<p>283 Tom Lehman 69 72 72 70</p>
<p>284 Greg Norman (Australia) 68 71 74 71</p>
<p>288 Steve Elkington (Australia) 72 72 70 74</p>
<p>292 Jay Haas 71 69 73 79, Stuart Appleby (Australia) 75 70 69</p>
<p>78</p>
</text>
<copyright>(c) Reuters Limited 1997</copyright>
<metadata>
<codes class="bip:countries:1.0">
  <code code="USA">
    <editdetail attribution="Reuters BIP Coding Group" action="confirmed" date="1997-08-17"/>
  </code>
</codes>
<codes class="bip:topics:1.0">
  <code code="GCAT">
    <editdetail attribution="Reuters BIP Coding Group" action="confirmed" date="1997-08-17"/>
  </code>
  <code code="GSPO">
    <editdetail attribution="Reuters BIP Coding Group" action="confirmed" date="1997-08-17"/>
  </code>
</codes>
<dc element="dc.date.created" value="1997-08-17"/>
<dc element="dc.publisher" value="Reuters Holdings Plc"/>
<dc element="dc.date.published" value="1997-08-17"/>
<dc element="dc.source" value="Reuters"/>
<dc element="dc.creator.location" value="MAMARONECK, New York"/>
<dc element="dc.creator.location.country.name" value="USA"/>
<dc element="dc.source" value="Reuters"/>
</metadata>
</newsitem>
