<?xml version="1.0" encoding="iso-8859-1" ?>
<newsitem itemid="804390" id="root" date="1997-08-17" xml:lang="en">
<title>SLOVENIA: SOCCER-SLOVENIAN FIRST DIVISION RESULTS.</title>
<headline>SOCCER-SLOVENIAN FIRST DIVISION RESULTS.</headline>
<dateline>LJUBLJANA 1997-08-17</dateline>
<text>
<p>Results of the fourth round of</p>
<p>Slovenia's first soccer division matches on Sunday:</p>
<p> Rudar Velenje	  1    Mura			2</p>
<p> Maribor Teatanic     2    SCT Olimpija	    0</p>
<p> Primorje		 4    Protonavto Publikum   2</p>
<p> SET Vevce		0    HIT Gorica		4</p>
<p> Potrosnik Beltinci   1    Korotan		   1</p>
<p>    Standings		 P     W    D    L    F    A    Pts</p>
<p>  1. HIT Gorica	     4     3    0    1    7    2     9</p>
<p>  2. Primorje		 4     3    0    1    8    4     9</p>
<p>  3. Potrosnik Beltinci   4     2    1    1    7    4     7</p>
<p>  4. Korotan		  4     2    1    1    3    3     7</p>
<p>  5. Mura		     4     2    0    2    7    7     6</p>
<p>  6. Maribor Teatanic     4     2    0    2    3    4     6</p>
<p>  7. Protonavto Publikum  4     2    0    2    7    8     6</p>
<p>  8. SCT Olimpija	   4     1    1    2    4    6     4</p>
<p>  9. SET Vevce		4     1    0    3    1    7     3</p>
<p> 10. Rudar Velenje	  4     0    1    3    3    7     1</p>
</text>
<copyright>(c) Reuters Limited 1997</copyright>
<metadata>
<codes class="bip:countries:1.0">
  <code code="SLVNIA">
    <editdetail attribution="Reuters BIP Coding Group" action="confirmed" date="1997-08-17"/>
  </code>
</codes>
<codes class="bip:topics:1.0">
  <code code="GCAT">
    <editdetail attribution="Reuters BIP Coding Group" action="confirmed" date="1997-08-17"/>
  </code>
  <code code="GSPO">
    <editdetail attribution="Reuters BIP Coding Group" action="confirmed" date="1997-08-17"/>
  </code>
</codes>
<dc element="dc.date.created" value="1997-08-17"/>
<dc element="dc.publisher" value="Reuters Holdings Plc"/>
<dc element="dc.date.published" value="1997-08-17"/>
<dc element="dc.source" value="Reuters"/>
<dc element="dc.creator.location" value="LJUBLJANA"/>
<dc element="dc.creator.location.country.name" value="SLOVENIA"/>
<dc element="dc.source" value="Reuters"/>
</metadata>
</newsitem>
