<?xml version="1.0" encoding="iso-8859-1" ?>
<newsitem itemid="804450" id="root" date="1997-08-17" xml:lang="en">
<title>NEW ZEALAND: Rugby Union-All Blacks beat Wallabies to win Tri-n.</title>
<headline>Rugby Union-All Blacks beat Wallabies to win Tri-n.</headline>
<dateline>DUNEDIN, New Zealand 1996-08-18</dateline>
<text>
<p>ations</p>
<p>New Zealand's All Blacks beat Australia 36-24 on Saturday to win their second successive Tri-Nations series and extend their clean sweep this season to eight tests.</p>
<p>But after a bulldozing first half, with 36 points unanswered by the Australian visitors, the seemingly unstoppable All Blacks ran out of steam and only just survived a late Wallaby recovery.</p>
<p>The favourites dropped back to concede four tries, as a stiff breeze down the Carisbrook ground meant all the points were scored in one direction only -- with the wind.</p>
</text>
<copyright>(c) Reuters Limited 1997</copyright>
<metadata>
<codes class="bip:countries:1.0">
  <code code="AUSTR">
    <editdetail attribution="Reuters BIP Coding Group" action="confirmed" date="1997-08-17"/>
  </code>
  <code code="NZ">
    <editdetail attribution="Reuters BIP Coding Group" action="confirmed" date="1997-08-17"/>
  </code>
</codes>
<codes class="bip:topics:1.0">
  <code code="GCAT">
    <editdetail attribution="Reuters BIP Coding Group" action="confirmed" date="1997-08-17"/>
  </code>
  <code code="GSPO">
    <editdetail attribution="Reuters BIP Coding Group" action="confirmed" date="1997-08-17"/>
  </code>
</codes>
<dc element="dc.date.created" value="1996-08-18"/>
<dc element="dc.publisher" value="Reuters Holdings Plc"/>
<dc element="dc.date.published" value="1997-08-17"/>
<dc element="dc.source" value="Reuters"/>
<dc element="dc.creator.location" value="DUNEDIN, New Zealand"/>
<dc element="dc.creator.location.country.name" value="NEW ZEALAND"/>
<dc element="dc.source" value="Reuters"/>
</metadata>
</newsitem>
