<?xml version="1.0" encoding="iso-8859-1" ?>
<newsitem itemid="804419" id="root" date="1997-08-17" xml:lang="en">
<title>SPAIN: SWIMMING-SMITH'S COACH AND EUROPEAN OFFICIALS END DISCORD.</title>
<headline>SWIMMING-SMITH'S COACH AND EUROPEAN OFFICIALS END DISCORD.</headline>
<byline>Derek Parr</byline>
<dateline>SEVILLE, Spain 1997-08-14</dateline>
<text>
<p>The coach and husband of Ireland's triple Olympic champion Michelle Smith has made his peace with European swimming's governing body, a top official said on Sunday.</p>
<p>Harm Beyer, honorary secretary of the European Swimming League (LEN), said Erik de Bruin had made &quot;a kind of apology&quot; for using a false accreditation at the 1995 European championships in Vienna.</p>
<p>&quot;The suspicions we had against him, how he got accredited in Vienna, were confirmed,&quot; Beyer said after meeting the Dutchman.</p>
<p>&quot;He admitted he did as we suspected. He stated he thought it was not wrong. There was a kind of apology. The matter's settled.&quot;</p>
<p>Beyer said last week an accreditation document containing De Bruin's picture and the personal details of a Belgian team coach had been detected at a doping control in Vienna and the matter would have to be clarified for De Bruin to be accredited in Seville.</p>
<p>The coach is a controversial figure who has just finished a four-year suspension for a positive drugs test during his career as an international athlete.</p>
<p>&quot;I did not insist he fell on his knees,&quot; Beyer said. &quot;We agreed he did wrong and he promised not to do it again. That's enough.&quot; De Bruin has been accredited for Seville.</p>
<p>Smith, who will compete in Seville under her married name as Michelle de Bruin for the first time at an international championships, has been refused a late entry in the 100 metres butterfly.</p>
<p>Already entered for six events, the triple Olympic champion submitted an extra application to swim the 100 metres butterfly but missed a 10-day deadline.</p>
<p>Beyer said the late entry, which was subsequently included in a provisional official start list, had been dated August 7 and received a day or two later.</p>
<p>The swimming events do not begin until Tuesday (Aug 19) but the championships themselves opened on August 13 with the other aquatic disciplines and that was the relevant date, he added.</p>
<p>Smith, who has made phenomenal progress since De Bruin took charge of her swimming after the 1992 Barcelona Olympics, is down to compete in the 200 metres butterfly, 200 and 400 individual medley and 200, 400 and 800 freestyle.</p>
<p>She won the 200 butterfly and 200 individual medley at the 1995 European championships and prevailed in the 200 and 400 individual medley and 400 freestyle at the 1996 Atlanta Olympics.</p>
</text>
<copyright>(c) Reuters Limited 1997</copyright>
<metadata>
<codes class="bip:countries:1.0">
  <code code="AUST">
    <editdetail attribution="Reuters BIP Coding Group" action="confirmed" date="1997-08-17"/>
  </code>
  <code code="IRE">
    <editdetail attribution="Reuters BIP Coding Group" action="confirmed" date="1997-08-17"/>
  </code>
  <code code="SPAIN">
    <editdetail attribution="Reuters BIP Coding Group" action="confirmed" date="1997-08-17"/>
  </code>
</codes>
<codes class="bip:topics:1.0">
  <code code="GCAT">
    <editdetail attribution="Reuters BIP Coding Group" action="confirmed" date="1997-08-17"/>
  </code>
  <code code="GSPO">
    <editdetail attribution="Reuters BIP Coding Group" action="confirmed" date="1997-08-17"/>
  </code>
</codes>
<dc element="dc.date.created" value="1997-08-14"/>
<dc element="dc.publisher" value="Reuters Holdings Plc"/>
<dc element="dc.date.published" value="1997-08-17"/>
<dc element="dc.source" value="Reuters"/>
<dc element="dc.creator.location" value="SEVILLE, Spain"/>
<dc element="dc.creator.location.country.name" value="SPAIN"/>
<dc element="dc.source" value="Reuters"/>
</metadata>
</newsitem>
