<?xml version="1.0" encoding="iso-8859-1" ?>
<newsitem itemid="804495" id="root" date="1997-08-17" xml:lang="en">
<title>RUSSIA: Two Russia hostages freed in Chechnya before talks.</title>
<headline>Two Russia hostages freed in Chechnya before talks.</headline>
<byline>Gareth Jones</byline>
<dateline>MOSCOW 1997-08-17</dateline>
<text>
<p>Two Russian journalists held hostage in Chechnya were freed on Sunday on the eve of tough talks in Moscow between President Boris Yeltsin and Chechen leader Aslan Maskhadov.</p>
<p>The kidnappers released their captives, who work for the private VID television channel, after Russian and Chechen security forces presented them with an ultimatum, Chechen First Deputy Prime Minister Movladi Udugov said.</p>
<p>&quot;The criminals were made to understand that they would be destroyed if they did not comply with the ultimatum, so they released the journalists,&quot; he told Ekho Moskvy radio.</p>
<p>The journalists, seized in the breakaway region's capital Grozny on June 11, were expected to arrive in Moscow later on Sunday. Itar-Tass news agency said no ransom had been paid.</p>
<p>Their release came two days after security forces in Grozny rescued an ethnic Chechen hostage. A policeman was killed in that operation.</p>
<p>Yeltsin is expected to press Maskhadov during Monday's talks in the Kremlin to do more to help free the many Russian and foreign hostages seized in Chechnya by gunmen seeking ransoms.</p>
<p>Maskhadov, who has said hostage takers face the death penalty or tough prison sentences, convened a meeting of his security chiefs on Sunday to discuss the hostage issue, which has badly hampered his efforts to restore the rule of law.</p>
<p>Two Britons, five French people, a German, a Slovak and a Yugoslav are among those currently missing in Chechnya.</p>
<p>In Moscow Russian and Chechen negotiators continued to prepare the ground for Maskhadov's talks with Yeltsin but there was no sign that either side was prepared to modify its position over the key issue of Chechnya's political status.</p>
<p>Maskhadov made clear on Saturday he would not back off from his demand that Moscow recognise his tiny Caucasus region as a sovereign state. He said he wanted Russia and Chechnya to establish full-fledged diplomatic relations.</p>
<p>The Kremlin, whose troops were humiliated by Maskhadov's separatist guerrillas during a bloody 21-month conflict that ended last August, says Chechnya must stay within the Russian Federation, although with wide autonomy.</p>
<p>Ekho Moskvy radio on Sunday quoted an unnamed source in Russia's Security Council as saying Chechnya's demand for full-fledged diplomatic ties were unacceptable.</p>
<p>&quot;Russia will do everything to prevent this from happening,&quot; he was quoted as saying.</p>
<p>Udugov told Ekho Moskvy that Yeltsin should take the initiative on Monday and recognise &quot;the real situation&quot; of Chechnya's independence. &quot;Russia needs a reliable partner in the Caucasus, not a satellite,&quot; he said.</p>
<p>He also reiterated the Chechen demand that Moscow pay for the damage wreaked by its troops during the fighting.</p>
<p>&quot;Russia is obliged by all moral norms to restore what it destroyed,&quot; he said. Chechnya puts the total cost of restoring its economy and infrastructure at a staggering $260 billion.</p>
<p>On Sunday Udugov and the Security Council's secretary, Ivan Rybkin, signed a protocol allowing family members of people missing in Chechnya to play a more active role in trying to locate them.</p>
<p>Rybkin has said the number of people still missing, including people taken captive during the war, totals 1,407.</p>
</text>
<copyright>(c) Reuters Limited 1997</copyright>
<metadata>
<codes class="bip:countries:1.0">
  <code code="RUSS">
    <editdetail attribution="Reuters BIP Coding Group" action="confirmed" date="1997-08-17"/>
  </code>
</codes>
<codes class="bip:topics:1.0">
  <code code="GCAT">
    <editdetail attribution="Reuters BIP Coding Group" action="confirmed" date="1997-08-17"/>
  </code>
  <code code="GPOL">
    <editdetail attribution="Reuters BIP Coding Group" action="confirmed" date="1997-08-17"/>
  </code>
  <code code="GVIO">
    <editdetail attribution="Reuters BIP Coding Group" action="confirmed" date="1997-08-17"/>
  </code>
</codes>
<dc element="dc.date.created" value="1997-08-17"/>
<dc element="dc.publisher" value="Reuters Holdings Plc"/>
<dc element="dc.date.published" value="1997-08-17"/>
<dc element="dc.source" value="Reuters"/>
<dc element="dc.creator.location" value="MOSCOW"/>
<dc element="dc.creator.location.country.name" value="RUSSIA"/>
<dc element="dc.source" value="Reuters"/>
</metadata>
</newsitem>
