<?xml version="1.0" encoding="iso-8859-1" ?>
<newsitem itemid="804475" id="root" date="1997-08-17" xml:lang="en">
<title>KENYA: Kenyan forces struggle to contain violence.</title>
<headline>Kenyan forces struggle to contain violence.</headline>
<byline>Edmund Kwena</byline>
<dateline>MOMBASA, Kenya 1996-08-18</dateline>
<text>
<p>Security forces were struggling to halt civil violence which has claimed 31 lives in the major Kenyan port of Mombasa in the past five days.</p>
<p>President Daniel arap Moi blamed Kenya's opposition, battling him for constitutional reforms ahead of elections due later this year, for the unrest, which has prompted the deployment of the army.</p>
<p>But a senior opposition politician, member of parliament Rashid Mzee, said he suspected Moi's ruling Kenya African National Union (KANU) was trying to sabotage the campaign for political reforms.</p>
<p>Provincial police chief Francis Gichuki, apparently unaware of Moi's remarks, told reporters in Mombasa that the clashes, which have raised the political temperature in Kenya, were mere thuggery.</p>
<p>Arsonists razed about 100 roadside kiosks and set fire to dozens of houses around Mombasa on Sunday after five Kenyans were killed and many hurt overnight by unidentified attackers, witnesses said.</p>
<p>&quot;We are treating this as thuggery and do not see a political motive. The situation is fluid but it is under control. It took us by surprise,&quot; Gichuki said.</p>
<p>&quot;So far we have arrested 69 people and they will appear in court from tomorrow. They are two politicians from Safina party and we are questioning them,&quot; he said, referring to the unregistered party headed by renowned conservationist Richard Leakey.</p>
<p>Opposition leaders said the Safina members had been held since Thursday, a day after attackers raided two police posts and killed six police officers.</p>
<p>The government sent in the army to back police and paramilitary units battling to end the violence and Gichuki said security forces using army aircraft had beefed up operations.</p>
<p>Police figures showed 31 people had been killed in the unrest and Gichuki said two local administrative police had gone missing but he gave no details.</p>
<p>Several thousand foreign tourists were advised to stay in their hotels on the coast north and south of Mombasa but officials said no visitors had been caught up in the violence.</p>
<p>Rsidents said those killed were mainly people who originally came from outside the coastal region. They pointed to leaflets, hand-written in Swahili, which had been distributed in the area.</p>
<p>&quot;The time has come for us original inhabitants of the coast to claim what is rightly ours. We must remove these invaders from our land,&quot; the pamphlets said.</p>
<p>Karl-Heinz Straus, chairman of the Coastal Kenya Association of Tour Operators, said he feared that the violence could damage the tourism industry.</p>
<p>The leisure and tourism industry brought in around $465 million last year from 770,000 visitors, of whom more that half visited beaches in the Mombasa area.</p>
</text>
<copyright>(c) Reuters Limited 1997</copyright>
<metadata>
<codes class="bip:countries:1.0">
  <code code="KENYA">
    <editdetail attribution="Reuters BIP Coding Group" action="confirmed" date="1997-08-17"/>
  </code>
</codes>
<codes class="bip:topics:1.0">
  <code code="GCAT">
    <editdetail attribution="Reuters BIP Coding Group" action="confirmed" date="1997-08-17"/>
  </code>
  <code code="GVIO">
    <editdetail attribution="Reuters BIP Coding Group" action="confirmed" date="1997-08-17"/>
  </code>
</codes>
<dc element="dc.date.created" value="1996-08-18"/>
<dc element="dc.publisher" value="Reuters Holdings Plc"/>
<dc element="dc.date.published" value="1997-08-17"/>
<dc element="dc.source" value="Reuters"/>
<dc element="dc.creator.location" value="MOMBASA, Kenya"/>
<dc element="dc.creator.location.country.name" value="KENYA"/>
<dc element="dc.source" value="Reuters"/>
</metadata>
</newsitem>
