<?xml version="1.0" encoding="iso-8859-1" ?>
<newsitem itemid="804404" id="root" date="1997-08-17" xml:lang="en">
<title>USA: TENNNIS-RESULT FROM INDIANAPOLIS MEN'S TOURNAMENT.</title>
<headline>TENNNIS-RESULT FROM INDIANAPOLIS MEN'S TOURNAMENT.</headline>
<dateline>INDIANAPOLIS 1997-08-17</dateline>
<text>
<p>Result Sunday at the RCA</p>
<p>Championships men's tennis tournament (prefix number denotes</p>
<p>seeding)&quot;</p>
<p>Final</p>
<p>9-Jonas Bjorkman (Sweden) beat 5-Carlos Moya (Spain) 6-3 7-6</p>
<p>(7-3)</p>
</text>
<copyright>(c) Reuters Limited 1997</copyright>
<metadata>
<codes class="bip:countries:1.0">
  <code code="SPAIN">
    <editdetail attribution="Reuters BIP Coding Group" action="confirmed" date="1997-08-17"/>
  </code>
  <code code="SWED">
    <editdetail attribution="Reuters BIP Coding Group" action="confirmed" date="1997-08-17"/>
  </code>
  <code code="USA">
    <editdetail attribution="Reuters BIP Coding Group" action="confirmed" date="1997-08-17"/>
  </code>
</codes>
<codes class="bip:topics:1.0">
  <code code="GCAT">
    <editdetail attribution="Reuters BIP Coding Group" action="confirmed" date="1997-08-17"/>
  </code>
  <code code="GSPO">
    <editdetail attribution="Reuters BIP Coding Group" action="confirmed" date="1997-08-17"/>
  </code>
</codes>
<dc element="dc.date.created" value="1997-08-17"/>
<dc element="dc.publisher" value="Reuters Holdings Plc"/>
<dc element="dc.date.published" value="1997-08-17"/>
<dc element="dc.source" value="Reuters"/>
<dc element="dc.creator.location" value="INDIANAPOLIS"/>
<dc element="dc.creator.location.country.name" value="USA"/>
<dc element="dc.source" value="Reuters"/>
</metadata>
</newsitem>
