<?xml version="1.0" encoding="iso-8859-1" ?>
<newsitem itemid="804457" id="root" date="1997-08-17" xml:lang="en">
<title>USA: Horizon Air reduces some fares by 40 pct.</title>
<headline>Horizon Air reduces some fares by 40 pct.</headline>
<dateline>SEATTLE 1997-08-17</dateline>
<text>
<p>Horizon Air said Sunday it has reduced its lowest fares by up to 40 percent for travel from August 28 through December 16.</p>
<p>Tickets must be purchased by August 22, the airline said.</p>
<p>The sale applies to travel on Horizon flights from California, Idaho, Montana, Oregon, Washington, British Columbia and Alberta.</p>
<p>Tickets must be purchased one day after reservations are made. Tickets are non-refundable and a Saturday night stay over is required before returning.</p>
<p>Sale prices are not valid November 25, 26, 30, and December 1, and also to or from Canada October 10, 13 and 14.</p>
<p>Horizon is a subsidiary of Alaska Air Group Inc.</p>
<p>((-- New York Newsdesk 212 859-1610))</p>
</text>
<copyright>(c) Reuters Limited 1997</copyright>
<metadata>
<codes class="bip:countries:1.0">
  <code code="USA">
    <editdetail attribution="Reuters BIP Coding Group" action="confirmed" date="1997-08-17"/>
  </code>
</codes>
<codes class="bip:industries:1.0">
  <code code="I75000">
    <editdetail attribution="Reuters BIP Coding Group" action="confirmed" date="1997-08-17"/>
  </code>
</codes>
<codes class="bip:topics:1.0">
  <code code="C31">
    <editdetail attribution="Reuters BIP Coding Group" action="confirmed" date="1997-08-17"/>
  </code>
  <code code="CCAT">
    <editdetail attribution="Reuters BIP Coding Group" action="confirmed" date="1997-08-17"/>
  </code>
</codes>
<dc element="dc.date.created" value="1997-08-17"/>
<dc element="dc.publisher" value="Reuters Holdings Plc"/>
<dc element="dc.date.published" value="1997-08-17"/>
<dc element="dc.source" value="Reuters"/>
<dc element="dc.creator.location" value="SEATTLE"/>
<dc element="dc.creator.location.country.name" value="USA"/>
<dc element="dc.source" value="Reuters"/>
</metadata>
</newsitem>
