<?xml version="1.0" encoding="iso-8859-1" ?>
<newsitem itemid="804430" id="root" date="1997-08-17" xml:lang="en">
<title>SRI LANKA: CRICKET-INDIA WIN TOSS, PUT SRI LANKA IN TO BAT.</title>
<headline>CRICKET-INDIA WIN TOSS, PUT SRI LANKA IN TO BAT.</headline>
<dateline>COLOMBO 1997-08-15</dateline>
<text>
<p>India won the toss and put Sri Lanka in to bat on Sunday in the first of three one-day internationals at Colombo's R. Premadasa stadium.</p>
<p>Teams:</p>
<p>Sri Lanka - Arjuna Ranatunga (captain), Sanath Jayasuriya, Marvan Atapattu, Aravinda de Silva, Roshan Mahanama, Hashan Tillekeratne, Lanka de Silva, Kumar Dharmasena, Chaminda Vaas, Muthiah Muralitharan, Sajeeva de Silva.</p>
<p>India - Sachin Tendulkar (captain), Saurav Ganguly, Rahul Dravid, Mohammad Azharuddin, Ajay Jadeja, Robin Singh, Nayan Mongia, Rajesh Chauhan, Anil Kumble, Venkatesh Prasad, Abey Kuruvila.</p>
</text>
<copyright>(c) Reuters Limited 1997</copyright>
<metadata>
<codes class="bip:countries:1.0">
  <code code="INDIA">
    <editdetail attribution="Reuters BIP Coding Group" action="confirmed" date="1997-08-17"/>
  </code>
  <code code="SRILAN">
    <editdetail attribution="Reuters BIP Coding Group" action="confirmed" date="1997-08-17"/>
  </code>
</codes>
<codes class="bip:topics:1.0">
  <code code="GCAT">
    <editdetail attribution="Reuters BIP Coding Group" action="confirmed" date="1997-08-17"/>
  </code>
  <code code="GSPO">
    <editdetail attribution="Reuters BIP Coding Group" action="confirmed" date="1997-08-17"/>
  </code>
</codes>
<dc element="dc.date.created" value="1997-08-15"/>
<dc element="dc.publisher" value="Reuters Holdings Plc"/>
<dc element="dc.date.published" value="1997-08-17"/>
<dc element="dc.source" value="Reuters"/>
<dc element="dc.creator.location" value="COLOMBO"/>
<dc element="dc.creator.location.country.name" value="SRI LANKA"/>
<dc element="dc.source" value="Reuters"/>
</metadata>
</newsitem>
