<?xml version="1.0" encoding="iso-8859-1" ?>
<newsitem itemid="804466" id="root" date="1997-08-17" xml:lang="en">
<title>SIERRA LEONE: GOVERNMENT LIST.</title>
<headline>GOVERNMENT LIST.</headline>
<text>
<p>SIERRA LEONE GOVERNMENT LIST (970817)</p>
<p>ARMED FORCES REVOLUTIONARY COUNCIL CABINET (Apptd 8 July 97)</p>
<p>Chairman &amp;</p>
<p>     Armed Forces Commander-in-Chief........Johnny Paul KOROMA</p>
<p> Deputy Chairman.........................Corporal Foday SANKOH</p>
<p> Chief Secretary..........................Captain Solomon MUSA</p>
<p> Secretary General.................................Abdul SESAY</p>
<p>			   - - - - - - - -</p>
<p>MINISTERS:</p>
<p> Agriculture, Forestry &amp; Fisheries (Acting)..........A A VANDY</p>
<p> Attorney General &amp; Judicial Affairs.............Manley SPAINE</p>
<p> Defence..........................................See Chairman</p>
<p> Development &amp; Economic Planning................Victor BRANDON</p>
<p> Education...................................Mrs Rogers WRIGHT</p>
<p> Energy &amp; Power.........................................Vacant</p>
<p> Finance.....................................Joe Amara BANGALI</p>
<p> Foreign Affairs.................................Pallo BANGURA</p>
<p> Health &amp; Sanitation......................Colonel K I S KAMARA</p>
<p> Internal Affairs....................Brigadier (Rtd) M L LYMON</p>
<p> Lands &amp; Environment (Acting).......................S B ROGERS</p>
<p> Mineral Resources..........................Captain S A J MUSA</p>
<p> Social Welfare, Children &amp; Gender Affairs....Major Kula SAMBA</p>
<p> Trade, Industry &amp; State Enterprises....................Vacant</p>
<p> Transport &amp; Communication.......................Osho WILLIAMS</p>
<p> Works &amp; Labour......................Captain (Rtd) Jumu JALLOH</p>
<p> Youth, Sports &amp; Social Mobilisation..........Umaru Deen SESAY</p>
<p>			   - - - - - - - -</p>
<p> Secretary Chairman's Office..........Squadron Leader V L KING</p>
<p>			   - - - - - - - -</p>
<p>OUSTED GOVERNMENT: (Reshuffled 21 Nov 96)</p>
<p> President (Sworn in 29 Mar 96).............Ahmad TEJAN KABBAH</p>
<p> Vice President...................................Albert DEMBY</p>
<p>			   - - - - - - - -</p>
<p>MINISTERS:</p>
<p> Agriculture, Forestry &amp; Environment................Harry WILL</p>
<p> Development &amp; Economic Planning................Nat WELLINGTON</p>
<p> Education.........................................Alpha WURIE</p>
<p> Employment &amp; Industrial Relations.............Mohamed GASSAMA</p>
<p> Finance........................................Thaimu BANGURA</p>
<p> Foreign Affairs...............................Shirley GBUJAMA</p>
<p> Gender &amp; Children's Affairs........................Amy SMYTHE</p>
<p> Health &amp; Sanitation.............................Mohamed TURAY</p>
<p> Information &amp; Broadcasting.....................Thorlu BANGURA</p>
<p> Internal Affairs..............................Kemoh SALIA-BAO</p>
<p> Justice, Attorney General......................Solomon BEREWA</p>
<p> Labour, Social Welfare, Youth &amp; Sports...........Sheku SACCOH</p>
<p> Lands, Housing, Town &amp; Country Planning...........John KARIMU</p>
<p> Local Government &amp; Community Development...........David QUEE</p>
<p> Marine Resources..............................Lawrence KAMARA</p>
<p> Mineral Resources..............................Prince HARDING</p>
<p> National Reconstruction, Resettlement</p>
<p>    &amp; Rehabilitation.............................Momodu YILLAH</p>
<p> Parliamentary &amp; Political Affairs..............Abu Aih KOROMA</p>
<p> Presidential &amp; Public Service...................Momodu KOROMA</p>
<p> Tourism &amp; Culture.............................Yembeh MANSARAY</p>
<p> Transport, Communication &amp; Environment..Sulaiman TEJAN JALLOH</p>
<p> Trade, Industry &amp; State Enterprises.......George Banda THOMAS</p>
<p> Works, Energy &amp; power..........................Emmanuel GRANT</p>
<p>			     - - - - - -</p>
<p> Permanent representative to the U.N., special envoy &amp;</p>
<p>    adviser to the president.......................James JONAH</p>
<p>			     - - - - - -</p>
<p> Central Bank Governor............................Steve SWARAY</p>
<p>			     - - - - - -</p>
<p>	 NOTE: Any comments/queries on the content of this</p>
<p>		 government list, please contact the Reuter</p>
<p>		 Editorial Reference Unit, London, on (171) 542</p>
<p>		 7968.</p>
<p>			 (End Government List)</p>
</text>
<copyright>(c) Reuters Limited 1997</copyright>
<metadata>
<codes class="bip:countries:1.0">
  <code code="SILEN">
    <editdetail attribution="Reuters BIP Coding Group" action="confirmed" date="1997-08-17"/>
  </code>
</codes>
<codes class="bip:topics:1.0">
  <code code="GCAT">
    <editdetail attribution="Reuters BIP Coding Group" action="confirmed" date="1997-08-17"/>
  </code>
  <code code="GPOL">
    <editdetail attribution="Reuters BIP Coding Group" action="confirmed" date="1997-08-17"/>
  </code>
</codes>
<dc element="dc.publisher" value="Reuters Holdings Plc"/>
<dc element="dc.date.published" value="1997-08-17"/>
<dc element="dc.source" value="Reuters"/>
<dc element="dc.creator.location.country.name" value="SIERRA LEONE"/>
<dc element="dc.source" value="Reuters"/>
</metadata>
</newsitem>
