<?xml version="1.0" encoding="iso-8859-1" ?>
<newsitem itemid="804431" id="root" date="1997-08-17" xml:lang="en">
<title>UK: Union urges joint attack on pensions' misselling.</title>
<headline>Union urges joint attack on pensions' misselling.</headline>
<dateline>LONDON 1997-08-17</dateline>
<text>
<p>Britain's biggest trade union, UNISON, says it is urging other unions to join it in a united attack against companies guilty of misselling pensions to members and the public.</p>
<p>The union wants to speed up the settlement of claims arising from the misselling scandal in the late 1980s and early 1990s by setting up a joint negotiating strategy and so increase the pressure on the already beleaguered pension companies.</p>
<p>&quot;Members have had enough of delays and grossly inadequate offers from pensions companies,&quot; said UNISON assistant general secretary Roger Poole.</p>
<p>&quot;We are determined to protect our members from further financial disadvantage and if that means taking companies to court so be it.&quot;</p>
<p>More than one and a half a million people may have been wrongly advised to take out personal pensions instead of staying with occupational schemes between 1988 and 1994.</p>
<p>Companies have come under increasing pressure from the government and regulators to speed up compensation payments to those who lost out.</p>
<p>The government has even instigated a policy of &quot;naming and shaming&quot; firms suspected of dragging their feet.</p>
<p>In 1994 the Securities &amp; Investments Board initiated a widespread review of all personal pensions sold since April 1988.</p>
<p>Since then, firms involved have been set a deadline of the end of 1998 to compensate victims losing out. The final compensation bill for the industry is likely to be well above four billion pounds ($6.4 billion).</p>
<p>Companies who wrongly advised customers to leave occupational pension schemes in the late 1980s and early 1990s have offered to match the benefits of the schemes left.</p>
<p>Last week the company with the greatest number of cases to settle Prudential Corp said it was almost doubling provisions to clear up cases to 450 million pounds.</p>
<p>By joining forces with other trade unions UNISON hopes to settle claims &quot;Instead of looking forward to a happy and comfortable retirement many people are now faced with the nightmare of being forced to scrimp and save just to make ends meet,&quot; said Poole.</p>
<p>&quot;This is intolerable and with the combined weight of the union movement we can take on the pensions giant face to face.&quot;</p>
<p>-- Simon Cowell, London Newsroom +44 171 542 7721 ($ = 0.628 British Pounds)</p>
</text>
<copyright>(c) Reuters Limited 1997</copyright>
<metadata>
<codes class="bip:countries:1.0">
  <code code="UK">
    <editdetail attribution="Reuters BIP Coding Group" action="confirmed" date="1997-08-17"/>
  </code>
</codes>
<codes class="bip:industries:1.0">
  <code code="I81502">
    <editdetail attribution="Reuters BIP Coding Group" action="confirmed" date="1997-08-17"/>
  </code>
  <code code="I8150214">
    <editdetail attribution="Reuters BIP Coding Group" action="confirmed" date="1997-08-17"/>
  </code>
</codes>
<codes class="bip:topics:1.0">
  <code code="C13">
    <editdetail attribution="Reuters BIP Coding Group" action="confirmed" date="1997-08-17"/>
  </code>
  <code code="C31">
    <editdetail attribution="Reuters BIP Coding Group" action="confirmed" date="1997-08-17"/>
  </code>
  <code code="C42">
    <editdetail attribution="Reuters BIP Coding Group" action="confirmed" date="1997-08-17"/>
  </code>
  <code code="CCAT">
    <editdetail attribution="Reuters BIP Coding Group" action="confirmed" date="1997-08-17"/>
  </code>
  <code code="E41">
    <editdetail attribution="Reuters BIP Coding Group" action="confirmed" date="1997-08-17"/>
  </code>
  <code code="ECAT">
    <editdetail attribution="Reuters BIP Coding Group" action="confirmed" date="1997-08-17"/>
  </code>
  <code code="GCAT">
    <editdetail attribution="Reuters BIP Coding Group" action="confirmed" date="1997-08-17"/>
  </code>
  <code code="GJOB">
    <editdetail attribution="Reuters BIP Coding Group" action="confirmed" date="1997-08-17"/>
  </code>
</codes>
<dc element="dc.date.created" value="1997-08-17"/>
<dc element="dc.publisher" value="Reuters Holdings Plc"/>
<dc element="dc.date.published" value="1997-08-17"/>
<dc element="dc.source" value="Reuters"/>
<dc element="dc.creator.location" value="LONDON"/>
<dc element="dc.creator.location.country.name" value="UK"/>
<dc element="dc.source" value="Reuters"/>
</metadata>
</newsitem>
