<?xml version="1.0" encoding="iso-8859-1" ?>
<newsitem itemid="804477" id="root" date="1997-08-17" xml:lang="en">
<title>TANZANIA: Tanzania air to be privatised by end '98-ATC chief.</title>
<headline>Tanzania air to be privatised by end '98-ATC chief.</headline>
<dateline>DAR ES SALAAM 1997-08-17</dateline>
<text>
<p>State-owned Air Tanzania Corporation aims to be privatised before the end of 1998, its chief executive said on Sunday.</p>
<p>&quot;We hope we'll be able to privatise this corporation before the end of next year,&quot; ATC chairman Abbas Sykes told Reuters.</p>
<p>Sykes said a coalition of Malaysian investors had expressed an interest in acquiring a share of the airline once it is offered for sale. He would also seek talks with Germany's Lufthansa for a possible joint venture.</p>
<p>Sykes said Tanzania was interested in concluding a deal similar to that in which the Dutch airline KLM took a 26 percent stake in Kenya Airways.</p>
<p>Sykes said moves to attract British Airways as a partner were unsuccessful. &quot;They are not interested. They don't need us because they are quite comfortable where they are,&quot; he said.</p>
<p>The ATC chairman said he would not seek a merger with Alliance Airlines, in which the Tanzanian and Ugandan government each hold a 30 percent stake with the remaining equity held by South African Airways.</p>
<p>Sykes said he feared a deal with Alliance would pave the way for South African domination of sub-Saharan skies.</p>
<p>He said ATC, owners of two Boeing 737-200s and two Fokker F-27 turbo-props, had shown a modest profit since economic reforms were implemented in 1992.</p>
<p>($1 = 624 Tanzanian Shillings)</p>
</text>
<copyright>(c) Reuters Limited 1997</copyright>
<metadata>
<codes class="bip:countries:1.0">
  <code code="TANZA">
    <editdetail attribution="Reuters BIP Coding Group" action="confirmed" date="1997-08-17"/>
  </code>
</codes>
<codes class="bip:industries:1.0">
  <code code="I75000">
    <editdetail attribution="Reuters BIP Coding Group" action="confirmed" date="1997-08-17"/>
  </code>
</codes>
<codes class="bip:topics:1.0">
  <code code="C18">
    <editdetail attribution="Reuters BIP Coding Group" action="confirmed" date="1997-08-17"/>
  </code>
  <code code="C181">
    <editdetail attribution="Reuters BIP Coding Group" action="confirmed" date="1997-08-17"/>
  </code>
  <code code="C183">
    <editdetail attribution="Reuters BIP Coding Group" action="confirmed" date="1997-08-17"/>
  </code>
  <code code="CCAT">
    <editdetail attribution="Reuters BIP Coding Group" action="confirmed" date="1997-08-17"/>
  </code>
</codes>
<dc element="dc.date.created" value="1997-08-17"/>
<dc element="dc.publisher" value="Reuters Holdings Plc"/>
<dc element="dc.date.published" value="1997-08-17"/>
<dc element="dc.source" value="Reuters"/>
<dc element="dc.creator.location" value="DAR ES SALAAM"/>
<dc element="dc.creator.location.country.name" value="TANZANIA"/>
<dc element="dc.source" value="Reuters"/>
</metadata>
</newsitem>
