<?xml version="1.0" encoding="iso-8859-1" ?>
<newsitem itemid="804433" id="root" date="1997-08-17" xml:lang="en">
<title>UK: Ageing Euro population to save not spend,bank says.</title>
<headline>Ageing Euro population to save not spend,bank says.</headline>
<dateline>LONDON 1996-08-18</dateline>
<text>
<p>An ageing European population will save furiously in the first half of the next century, causing a long period of low consumer spending, Lloyds Bank said on Monday.</p>
<p>The dramatic swing in saving patterns will knock whole economies off course, costing jobs and cutting growth across the continent but keeping the lid on inflation, Patrick Foley, Lloyds' chief economic adviser, said.</p>
<p>Over the next 15 years, working Europeans will save large amounts of their earnings to compensate for shortcomings in their pensions.</p>
<p>&quot;When it comes, the initial saving surge is likely to lead to a prolonged period of depressed consumer demand,&quot; Foley said.</p>
<p>&quot;The result is likely to be slow growth, perhaps recession, with the biggest slowdowns occurring in Germany, Italy, Spain and the Netherlands,&quot; Foley said.</p>
<p>Unemployment rates are likely to be high, inflation will fall further and short- and long-term interest rates will be very low, he added.</p>
<p>Britain and France will be hit less badly. &quot;The UK has a strong pensions position relative to European counterparts and the eventual ratio of working to retired people will not be as low as other countries,&quot; Foley said.</p>
<p>The problem is that in 10 years' time the 50-64 years old group will be the largest in Europe, putting pressure on a dwindling workforce to fund an expanding pension base. By 2035, those beyond retirement age will begin to dominate.</p>
<p>Much depends on how quickly governments react to the looming crisis as public finances come under enormous strain, Foley said.</p>
<p>But as the demographic dynamic shifts again, the situation will eventually unwind.</p>
<p>&quot;As growing elderly populations start to draw on savings, overall saving rates will fall dramatically, to zero in some countries,&quot; Foley said.</p>
<p>&quot;This longer term collapse in saving will strengthen consumer demand relative to potential output, especially given declining workforces.&quot; That could, eventually, herald the end of an era of low inflation. -- Mike Peacock, London Newsroom +44 171 542 7708</p>
</text>
<copyright>(c) Reuters Limited 1997</copyright>
<metadata>
<codes class="bip:countries:1.0">
  <code code="UK">
    <editdetail attribution="Reuters BIP Coding Group" action="confirmed" date="1997-08-17"/>
  </code>
</codes>
<codes class="bip:topics:1.0">
  <code code="E14">
    <editdetail attribution="Reuters BIP Coding Group" action="confirmed" date="1997-08-17"/>
  </code>
  <code code="E143">
    <editdetail attribution="Reuters BIP Coding Group" action="confirmed" date="1997-08-17"/>
  </code>
  <code code="ECAT">
    <editdetail attribution="Reuters BIP Coding Group" action="confirmed" date="1997-08-17"/>
  </code>
</codes>
<dc element="dc.date.created" value="1996-08-18"/>
<dc element="dc.publisher" value="Reuters Holdings Plc"/>
<dc element="dc.date.published" value="1997-08-17"/>
<dc element="dc.source" value="Reuters"/>
<dc element="dc.creator.location" value="LONDON"/>
<dc element="dc.creator.location.country.name" value="UK"/>
<dc element="dc.source" value="Reuters"/>
</metadata>
</newsitem>
