<?xml version="1.0" encoding="iso-8859-1" ?>
<newsitem itemid="804455" id="root" date="1997-08-17" xml:lang="en">
<title>CANADA: Viking replica ship to be towed back to Greenland.</title>
<headline>Viking replica ship to be towed back to Greenland.</headline>
<dateline>HALIFAX, Nova Scotia 1997-08-17</dateline>
<text>
<p>A malfunctioning rudder has ended the attempt to sail a replica of a 1,000-year-old Viking ship to Canada from Greenland, the Canadian Press news agency said on Sunday.</p>
<p>The agency said the Canadian Coast Guard took the Snorri under tow because of rudder problems, breaking plans to re-create Leif Ericsson's voyage from Greenland to Canada.</p>
<p>The ship was intercepted about 169 miles (272 km) from Greenland after the crew reported rudder problems, said a spokesman for the Rescue Co-ordination Center in Halifax.</p>
<p>A Danish rescue vessel was to take over the towing later on Sunday and the 52-foot (15.9 metre) Snorri was to be back at its original port of Nuuk, Greenland, by about 5 p.m. EDT (2100 GMT), the Center said.</p>
<p>The Snorri began its voyage on Aug. 8. Its planned destination was to have been L'Anse aux Meadows in Newfoundland. The trip, which was to have taken six to eight weeks and cost hundreds of thousands of dollars, was sponsored by Land's End, a mail-order clothing company in Wisconsin.</p>
</text>
<copyright>(c) Reuters Limited 1997</copyright>
<metadata>
<codes class="bip:countries:1.0">
  <code code="CANA">
    <editdetail attribution="Reuters BIP Coding Group" action="confirmed" date="1997-08-17"/>
  </code>
  <code code="DEN">
    <editdetail attribution="Reuters BIP Coding Group" action="confirmed" date="1997-08-17"/>
  </code>
  <code code="GREENL">
    <editdetail attribution="Reuters BIP Coding Group" action="confirmed" date="1997-08-17"/>
  </code>
</codes>
<codes class="bip:topics:1.0">
  <code code="GCAT">
    <editdetail attribution="Reuters BIP Coding Group" action="confirmed" date="1997-08-17"/>
  </code>
</codes>
<dc element="dc.date.created" value="1997-08-17"/>
<dc element="dc.publisher" value="Reuters Holdings Plc"/>
<dc element="dc.date.published" value="1997-08-17"/>
<dc element="dc.source" value="Reuters"/>
<dc element="dc.creator.location" value="HALIFAX, Nova Scotia"/>
<dc element="dc.creator.location.country.name" value="CANADA"/>
<dc element="dc.source" value="Reuters"/>
</metadata>
</newsitem>
