<?xml version="1.0" encoding="iso-8859-1" ?>
<newsitem itemid="804474" id="root" date="1997-08-17" xml:lang="en">
<title>KENYA: Tourists sunbathe as violence engulfs Kenya resort.</title>
<headline>Tourists sunbathe as violence engulfs Kenya resort.</headline>
<byline>Manoah Esipisu</byline>
<dateline>DIANI, Kenya 1996-08-18</dateline>
<text>
<p>Tour operators appear more nervous about the violence swirling around the Kenyan port of Mombasa than the tourists sunning themselves nearby on the golden sands of the Indian Ocean beaches.</p>
<p>At least 31 people have been killed in villages around Mombasa in five days as gangs armed with machetes and automatic rifles have terrorised the local population, prompting the government to send in the armed forces in a massive security operation.</p>
<p>But, apart from seeing soldiers and police combing the area, most tourists at Diani, 30 km (20 miles) south of Mombasa, remained blissfully ignorant of the chaos.</p>
<p>&quot;We have heard rumours about violence but we are not affected at all. We have taken a tour to the park and now we have returned to the beach,&quot; said Swiss tourist Peter Kunz.</p>
<p>&quot;The general feeling is that no one is harassing us,&quot; he added,  echoing the sentiments of many of the foreign visitors.</p>
<p>But hotel managers reported receiving anxious calls from tour operators in Europe fearing for their clients' safety in view of media reports of the killings.</p>
<p>Tourism is Kenya's biggest source of jobs and hard currency, earning $465 million in 1996. More than half of last year's 770,000 visitors headed for the stunning beaches and lively nightlife of the Mombasa area.</p>
<p>&quot;Tour operators are getting worried in Europe,&quot; said Joshua Mwenda, chairman of the Kenya Association of Hotel Keepers and Caterers.</p>
<p>&quot;The image of Kenya is dented, cancellations will be there because people are worried,&quot; said Najib Balala, chairman of Mombasa and Coast Tourist Association.</p>
<p>&quot;We are briefing our overseas agents. We are telling them not to panic and at the moment there is a smooth flow of tourist traffic from the airport to the coast.&quot;</p>
<p>Hotel managers said their guests were unaffected by the violence in surrounding areas. &quot;They are all happy, they feel secure inside the resort,&quot; Devos Jean, deputy manager of the Ocean Village, told Reuters.</p>
<p>&quot;I didn't get any cancellations. The clients are only wondering why there are so many policemen running around.&quot;</p>
<p>Ben Ong'uti, resident manager of Diani Reef Hotel, one of the largest hotels on the Kenyan coast, said: &quot;So far we have only had one inquiry on security concerns, but like everyone else we are worried that violence does not spread.&quot;</p>
<p>The only tourists directly affected so far were four Swiss and one Malian who fled a guest house torched by raiders in Mtwapa village on Saturday. Others have faced delays of up to an hour on the Mombasa ferry for security checks.</p>
<p>Coast Province Police Chief Francis Gichuki said: &quot;These people are not targetting tourists, but we understand the importance of tourism and are liasing with tour operators to ensure that tourists are not harmed.&quot;</p>
<p>Sources at the Serena hotel in Mombasa said the Aga Khan, spiritual leader of Islam's Ismaili community, had cancelled a planned visit.</p>
</text>
<copyright>(c) Reuters Limited 1997</copyright>
<metadata>
<codes class="bip:countries:1.0">
  <code code="KENYA">
    <editdetail attribution="Reuters BIP Coding Group" action="confirmed" date="1997-08-17"/>
  </code>
</codes>
<codes class="bip:topics:1.0">
  <code code="GCAT">
    <editdetail attribution="Reuters BIP Coding Group" action="confirmed" date="1997-08-17"/>
  </code>
  <code code="GTOUR">
    <editdetail attribution="Reuters BIP Coding Group" action="confirmed" date="1997-08-17"/>
  </code>
  <code code="GVIO">
    <editdetail attribution="Reuters BIP Coding Group" action="confirmed" date="1997-08-17"/>
  </code>
</codes>
<dc element="dc.date.created" value="1996-08-18"/>
<dc element="dc.publisher" value="Reuters Holdings Plc"/>
<dc element="dc.date.published" value="1997-08-17"/>
<dc element="dc.source" value="Reuters"/>
<dc element="dc.creator.location" value="DIANI, Kenya"/>
<dc element="dc.creator.location.country.name" value="KENYA"/>
<dc element="dc.source" value="Reuters"/>
</metadata>
</newsitem>
