<?xml version="1.0" encoding="iso-8859-1" ?>
<newsitem itemid="804488" id="root" date="1997-08-17" xml:lang="en">
<title>SOUTH AFRICA: Jeers and cheers for Mandela's global peace drive.</title>
<headline>Jeers and cheers for Mandela's global peace drive.</headline>
<byline>Brendan Boyle</byline>
<dateline>PRETORIA, South Africa 1997-08-17</dateline>
<text>
<p>South African President Nelson Mandela, already helping the search for peace in at least 10 countries, plans to renew his efforts to end the conflicts in Sudan and East Timor later this month.</p>
<p>Not everyone is convinced, however, that either Mandela or South Africa have much to offer to world peace.</p>
<p>Officials said Mandela was likely to meet Sudanese rebel leader John Garang and U.N. special representative for East Timor Jamseed Marker before the end of August.</p>
<p>&quot;President Mandela has emerged as a leader with stature far beyond our borders,&quot; said deputy foreign minister Aziz Pahad.</p>
<p>&quot;We're also the newest boys on the block and sometimes it is felt by belligerent groups that South Africa has no hidden agenda. Increasingly, we are getting involved in trying to resolve conflicts,&quot; he told Reuters.</p>
<p>Mandela, 79, has not scored one unqualified success since 1994, when he led his own country from the conflict of apartheid through an almost miraculously peaceful transition to a democracy largely accepted by blacks and whites.</p>
<p>Some recent mediation efforts have led to blunders such as the delivery of a personal letter to Indonesian President Suharto about East Timor to the embassy of Portugal, the territory's former colonial power, which leaked it to the media.</p>
<p>Mandela's credibility was further dented by his erroneous announcement after talking to Kofi Annan on a cellular telephone that the U.N. secretary-general would make a surprise visit to South Africa to discuss the East Timor initiative.</p>
<p>&quot;A number of interventions by the President himself in African crises...have raised considerable doubts about Pretoria's ability to influence these events,&quot; political analyst Greg Mills wrote in the Sunday Independent.</p>
<p>&quot;The President's attempts to bring democracy to Nigeria and reconciliation to Angola...and to nudge King Mswati III of Swaziland to introduce democratic reforms speedily must all be counted more as failures than successes,&quot; he said.</p>
<p>Denis Venter of the Pretoria-based Africa Institute told a conference in Addis Ababa recently South Africa was slipping dangerously from the principles that underpinned the country's own transition towards political pragmatism.</p>
<p>&quot;South Africa should be uncompromising in its determination to speak out against genocide and other atrocities on the African continent,&quot; he said.</p>
<p>&quot;It should be clear that South Africa does not accept...that the spirit of pan-Africanism requires it to keep silent about, for example, the phony democracies of Kenya and Zimbabwe.&quot;</p>
<p>Venter's paper drew a written protest and a charge of racism from the Organisation of African Unity.</p>
<p>In another bitter rebuke, Nigerian Information Minister Walter Ofonagoro told the Nigerian Guild of Editors recently: &quot;South Africa is a white country with a black head of state.&quot;</p>
<p>Tony Leon, leader of the small Democratic Party, said many people had feared a shift towards Marxism when Mandela was elected the country's first black president in 1994.</p>
<p>&quot;Instead, we're getting the Marx Brothers. This is Loony Toons,&quot; he said.</p>
<p>Pahad, who generally is charged with the detail of Mandela's often ambitious efforts to spread the gospel of reconciliation, insists South Africa does have an important role to play.</p>
<p>&quot;We are learning as we run. But, with the support of other countries, South Africa is beginning to play a new role in key issues that are unfolding.</p>
<p>&quot;South Africa, while it is true that we are still learning, has been able to play a particular role in broader issues than we had expected to be involved in,&quot; he said.</p>
<p>So far, Mandela has intervened to some extent in conflicts in or involving Lesotho, Swaziland, Angola, Mozambique, Sudan, Algeria, the Democratic Republic of the Congo, Libya, East Timor, Thailand, Northern Ireland and even the Middle East.</p>
<p>Pahad said the incidents of the letter and the misheard conversation with Annan were mistakes unlikely to be repeated.</p>
<p>&quot;Generally, as a country and after many years of isolation, we have entered an international arena that is transforming quite radically.</p>
<p>&quot;I'm not saying we have a magic wand. We just happened to come in at the right time, when the whole of the international environment was changing,&quot; he said.</p>
</text>
<copyright>(c) Reuters Limited 1997</copyright>
<metadata>
<codes class="bip:countries:1.0">
  <code code="SAFR">
    <editdetail attribution="Reuters BIP Coding Group" action="confirmed" date="1997-08-17"/>
  </code>
  <code code="SUDAN">
    <editdetail attribution="Reuters BIP Coding Group" action="confirmed" date="1997-08-17"/>
  </code>
</codes>
<codes class="bip:topics:1.0">
  <code code="GCAT">
    <editdetail attribution="Reuters BIP Coding Group" action="confirmed" date="1997-08-17"/>
  </code>
  <code code="GDIP">
    <editdetail attribution="Reuters BIP Coding Group" action="confirmed" date="1997-08-17"/>
  </code>
</codes>
<dc element="dc.date.created" value="1997-08-17"/>
<dc element="dc.publisher" value="Reuters Holdings Plc"/>
<dc element="dc.date.published" value="1997-08-17"/>
<dc element="dc.source" value="Reuters"/>
<dc element="dc.creator.location" value="PRETORIA, South Africa"/>
<dc element="dc.creator.location.country.name" value="SOUTH AFRICA"/>
<dc element="dc.source" value="Reuters"/>
</metadata>
</newsitem>
