<?xml version="1.0" encoding="iso-8859-1" ?>
<newsitem itemid="804482" id="root" date="1997-08-17" xml:lang="en">
<title>DEMOCRATIC REPUBLIC OF CONGO: Lissouba sees Kabila after firing between Congos.</title>
<headline>Lissouba sees Kabila after firing between Congos.</headline>
<byline>Arthur Malu-Malu</byline>
<dateline>KINSHASA 1997-08-17</dateline>
<text>
<p>Congo President Pascal Lissouba made a surprise one-day visit to Laurent Kabila's neighbouring Democratic Republic of the Congo at the weekend, few days after an exchange of shell fire between the two capitals.</p>
<p>Lissouba has blamed the initial shelling from Brazzaville, over the river Congo from Kinshasa, on his predecessor and rival, Denis Sassou Nguesso. A bloody conflict between their rival forces has killed hundreds in Brazzaville since June.</p>
<p>&quot;We don't know where they (the shells) came from,&quot; Kabila said on state television late on Saturday.</p>
<p>&quot;I've just spoken about it with my counterpart. It seems that they came from the other side, from Sassou Nguesso's fighters...We're going to find out where they came from.&quot;</p>
<p>Lissouba, also on Kinshasa television, accused Sassou of recruiting African mercenaries to foment trouble.</p>
<p>&quot;I promised the president (Kabila) to bring evidence that his opponents, Rwandans who were responsible for the genocide in Rwanda, Ugandan opponents as well as Central African Republic mutineers, are being recruited by this man,&quot; Lissouba said after Saturday's talks.</p>
<p>&quot;I think he wants to set fire to and shed blood in Central Africa,&quot; Lissouba said.</p>
<p>Presidential elections in Congo-Brazzaville were postponed because of the fighting between the two would-be candidates.</p>
<p>Renewed fighting in Brazzaville has forced thousands of people to flee the capital over the past week.</p>
<p>Peace talks have stalled in Libreville, capital of Gabon, but are expected to resume on Monday, diplomats said.</p>
<p>The Congolese delegations are back in Gabon after several days of consultations with their leaders in Brazzaville.</p>
<p>Lissouba conceded that the talks were getting bogged down, and suggested that the mediation efforts of UN special envoy Mohamed Sahnoun might not be able to take them further.</p>
<p>He appealed for a regional solution to the crisis.</p>
<p>&quot;He (Kabila) is going to get involved. He will not be alone. We would like to see all of Central Africa get involved, because this problem is African, and African problems should preferably be resolved by Africans,&quot; he said.</p>
<p>Kabila said an African peacekeeping force should be set up to stop the conflict.</p>
<p>&quot;We think that we must have an African peacekeeping force so that normal life can resume, constitutional life,&quot; he said, without elaborating.</p>
<p>The United Nations has backed the idea of an African peacekeeping force but wants a real end to hostilities before it is sent in.</p>
<p>Lissouba also said he would ask neighbouring Central African countries to provide monitors when the presidential election was finally held.</p>
</text>
<copyright>(c) Reuters Limited 1997</copyright>
<metadata>
<codes class="bip:countries:1.0">
  <code code="CONGO">
    <editdetail attribution="Reuters BIP Coding Group" action="confirmed" date="1997-08-17"/>
  </code>
  <code code="ZAIRE">
    <editdetail attribution="Reuters BIP Coding Group" action="confirmed" date="1997-08-17"/>
  </code>
</codes>
<codes class="bip:topics:1.0">
  <code code="GCAT">
    <editdetail attribution="Reuters BIP Coding Group" action="confirmed" date="1997-08-17"/>
  </code>
  <code code="GVIO">
    <editdetail attribution="Reuters BIP Coding Group" action="confirmed" date="1997-08-17"/>
  </code>
</codes>
<dc element="dc.date.created" value="1997-08-17"/>
<dc element="dc.publisher" value="Reuters Holdings Plc"/>
<dc element="dc.date.published" value="1997-08-17"/>
<dc element="dc.source" value="Reuters"/>
<dc element="dc.creator.location" value="KINSHASA"/>
<dc element="dc.creator.location.country.name" value="DEMOCRATIC REPUBLIC OF CONGO"/>
<dc element="dc.source" value="Reuters"/>
</metadata>
</newsitem>
