<?xml version="1.0" encoding="iso-8859-1" ?>
<newsitem itemid="804570" id="root" date="1997-08-17" xml:lang="en">
<title>JAPAN: RESEARCH ALERT-Sanyo Denki rated.</title>
<headline>RESEARCH ALERT-Sanyo Denki rated.</headline>
<dateline>TOKYO 1996-08-18</dateline>
<text>
<p>Daiwa Institute of Research Ltd has assigned Sanyo Denki Co Ltd a &quot;A&quot; rating, Daiwa Securities brokers said on Monday.</p>
<p>In its three-grade rating system, the research institute assigns an &quot;A&quot; rating to issues whose values it sees outperforming the Tokyo Stock Exchange first-section TOPIX index by more than 10 percentage points over the next six months.</p>
</text>
<copyright>(c) Reuters Limited 1997</copyright>
<metadata>
<codes class="bip:countries:1.0">
  <code code="JAP">
    <editdetail attribution="Reuters BIP Coding Group" action="confirmed" date="1997-08-17"/>
  </code>
</codes>
<codes class="bip:industries:1.0">
  <code code="I34532">
    <editdetail attribution="Reuters BIP Coding Group" action="confirmed" date="1997-08-17"/>
  </code>
</codes>
<codes class="bip:topics:1.0">
  <code code="C15">
    <editdetail attribution="Reuters BIP Coding Group" action="confirmed" date="1997-08-17"/>
  </code>
  <code code="C152">
    <editdetail attribution="Reuters BIP Coding Group" action="confirmed" date="1997-08-17"/>
  </code>
  <code code="CCAT">
    <editdetail attribution="Reuters BIP Coding Group" action="confirmed" date="1997-08-17"/>
  </code>
</codes>
<dc element="dc.date.created" value="1996-08-18"/>
<dc element="dc.publisher" value="Reuters Holdings Plc"/>
<dc element="dc.date.published" value="1997-08-17"/>
<dc element="dc.source" value="Reuters"/>
<dc element="dc.creator.location" value="TOKYO"/>
<dc element="dc.creator.location.country.name" value="JAPAN"/>
<dc element="dc.source" value="Reuters"/>
</metadata>
</newsitem>
