<?xml version="1.0" encoding="iso-8859-1" ?>
<newsitem itemid="804539" id="root" date="1997-08-17" xml:lang="en">
<title>AUSTRALIA: Toyota says may invest up to A$1 bln in Australia.</title>
<headline>Toyota says may invest up to A$1 bln in Australia.</headline>
<dateline>MELBOURNE 1996-08-18</dateline>
<text>
<p>Toyota Motor Corp on Monday announced plans to spend up to A$1 billion on new investment in Australia by 2005, almost doubling capacity of its local manufacturing base to around 140,000 cars per year.</p>
<p>Toyota Australia President Sam Komori said the figures were &quot;ball park&quot; and depended on the strength of local and export markets, but this was possible.</p>
<p>&quot;We could reach as high as A$1 billion by the year 2005,&quot; Komori told a news conference where the company announced the manufacture of a new model in Australia.  </p>
<p>The A$1 billion included A$80 million earmarked for the manufacture of the new six cylinder large car to roll off Toyota's Melbourne production from early year 2000.</p>
</text>
<copyright>(c) Reuters Limited 1997</copyright>
<metadata>
<codes class="bip:countries:1.0">
  <code code="AUSTR">
    <editdetail attribution="Reuters BIP Coding Group" action="confirmed" date="1997-08-17"/>
  </code>
</codes>
<codes class="bip:industries:1.0">
  <code code="I35101">
    <editdetail attribution="Reuters BIP Coding Group" action="confirmed" date="1997-08-17"/>
  </code>
</codes>
<codes class="bip:topics:1.0">
  <code code="C11">
    <editdetail attribution="Reuters BIP Coding Group" action="confirmed" date="1997-08-17"/>
  </code>
  <code code="C24">
    <editdetail attribution="Reuters BIP Coding Group" action="confirmed" date="1997-08-17"/>
  </code>
  <code code="CCAT">
    <editdetail attribution="Reuters BIP Coding Group" action="confirmed" date="1997-08-17"/>
  </code>
</codes>
<dc element="dc.date.created" value="1996-08-18"/>
<dc element="dc.publisher" value="Reuters Holdings Plc"/>
<dc element="dc.date.published" value="1997-08-17"/>
<dc element="dc.source" value="Reuters"/>
<dc element="dc.creator.location" value="MELBOURNE"/>
<dc element="dc.creator.location.country.name" value="AUSTRALIA"/>
<dc element="dc.source" value="Reuters"/>
</metadata>
</newsitem>
