<?xml version="1.0" encoding="iso-8859-1" ?>
<newsitem itemid="804538" id="root" date="1997-08-17" xml:lang="en">
<title>AUSTRALIA: Australia business confidence stalled - Treasury.</title>
<headline>Australia business confidence stalled - Treasury.</headline>
<dateline>CANBERRA 1996-08-18</dateline>
<text>
<p>Australian Treasury secretary Ted Evans said on Monday business confidence was unlikely to improve until employment levels lifted.</p>
<p>&quot;It's not yet reflecting the fact that growth has picked up in calendar 1997, but we're yet to see that in the labour market,&quot; Evans told a parliamentary committee.</p>
<p>&quot;I suspect until we do see it in the labour market, we won't see a change in confidence.&quot;  </p>
<p>Australia's unemployment rate has been stuck at or above 8.5 percent since the Liberal-National coalition won office in March 1996.</p>
<p>Unemployment rose to 8.7 percent in July from 8.5 percent a month earlier.</p>
<p>-- Canberra Bureau 61-6 273-2730</p>
</text>
<copyright>(c) Reuters Limited 1997</copyright>
<metadata>
<codes class="bip:countries:1.0">
  <code code="AUSTR">
    <editdetail attribution="Reuters BIP Coding Group" action="confirmed" date="1997-08-17"/>
  </code>
</codes>
<codes class="bip:topics:1.0">
  <code code="E11">
    <editdetail attribution="Reuters BIP Coding Group" action="confirmed" date="1997-08-17"/>
  </code>
  <code code="ECAT">
    <editdetail attribution="Reuters BIP Coding Group" action="confirmed" date="1997-08-17"/>
  </code>
</codes>
<dc element="dc.date.created" value="1996-08-18"/>
<dc element="dc.publisher" value="Reuters Holdings Plc"/>
<dc element="dc.date.published" value="1997-08-17"/>
<dc element="dc.source" value="Reuters"/>
<dc element="dc.creator.location" value="CANBERRA"/>
<dc element="dc.creator.location.country.name" value="AUSTRALIA"/>
<dc element="dc.source" value="Reuters"/>
</metadata>
</newsitem>
