<?xml version="1.0" encoding="iso-8859-1" ?>
<newsitem itemid="804551" id="root" date="1997-08-17" xml:lang="en">
<title>AUSTRALIA: Australian Explorers Index inches up in week.</title>
<headline>Australian Explorers Index inches up in week.</headline>
<dateline>PERTH 1996-08-18</dateline>
<text>
<p>Perth stockbroker Eyres Reed Ltd said its Australian Explorers Index inched up 2.9 points or 0.10 percent last week. The All Ordinaries Index fell 1.67 percent.</p>
<p>Changes, in percent:</p>
<p>	     Aug 15  Aug 8   pct  1 Month  pct    1 Year   pct</p>
<p>Explorers 2772.6  2769.7 (+0.10) 2720.7 (+ 1.91) 2750.8  (+0.79)</p>
<p>ASX Gold  1337.7  1283.6 (+4.21) 1276.7  (+4.78) 1940.8 (-31.07)</p>
<p>All Ords  2666.2  2711.4 (-1.67) 2637.6  (+1.08) 2226.7 (+19.74)</p>
<p>Energy    1958.4  2006.9 (-2.42) 1901.2  (+3.01) 1242.9 (+57.57)</p>
<p>NOTE: The explorers index (base 500, March 1992) tracks the performance of 88 small capitalisation exploration companies.  </p>
<p>The index struggled into positive territory after a shaky start to the week, Eyres Reed analyst Glen Colgan said in the weekly Eyres Reed index report.</p>
<p>&quot;A strong bounce in the gold sector, despite a range-bound bullion price, helped buoy some smaller issues by week's end,&quot; he said.</p>
<p>The best performers were Intermin Resource Corp, up two cents to 16 cents, Leo Shield Exploration NL rose three to 18.5 cents and Golden Valley Mines rose seven cents to 38 cents.  </p>
<p>Frontier Petroleum rose 2.5 cents to 9.5 cents rose 2.5 cents to 9.5 cents after the settlement of its dispute with Anzoil.</p>
<p>Falling stocks included Victoria Petroleum, after its Daisy-1 well in the United States was plugged and abandoned.</p>
<p>-- Sydney Newsroom 61-2 9373 1800</p>
</text>
<copyright>(c) Reuters Limited 1997</copyright>
<metadata>
<codes class="bip:countries:1.0">
  <code code="AUSTR">
    <editdetail attribution="Reuters BIP Coding Group" action="confirmed" date="1997-08-17"/>
  </code>
</codes>
<codes class="bip:industries:1.0">
  <code code="I13000">
    <editdetail attribution="Reuters BIP Coding Group" action="confirmed" date="1997-08-17"/>
  </code>
</codes>
<codes class="bip:topics:1.0">
  <code code="C15">
    <editdetail attribution="Reuters BIP Coding Group" action="confirmed" date="1997-08-17"/>
  </code>
  <code code="C152">
    <editdetail attribution="Reuters BIP Coding Group" action="confirmed" date="1997-08-17"/>
  </code>
  <code code="CCAT">
    <editdetail attribution="Reuters BIP Coding Group" action="confirmed" date="1997-08-17"/>
  </code>
  <code code="M11">
    <editdetail attribution="Reuters BIP Coding Group" action="confirmed" date="1997-08-17"/>
  </code>
  <code code="MCAT">
    <editdetail attribution="Reuters BIP Coding Group" action="confirmed" date="1997-08-17"/>
  </code>
</codes>
<dc element="dc.date.created" value="1996-08-18"/>
<dc element="dc.publisher" value="Reuters Holdings Plc"/>
<dc element="dc.date.published" value="1997-08-17"/>
<dc element="dc.source" value="Reuters"/>
<dc element="dc.creator.location" value="PERTH"/>
<dc element="dc.creator.location.country.name" value="AUSTRALIA"/>
<dc element="dc.source" value="Reuters"/>
</metadata>
</newsitem>
