<?xml version="1.0" encoding="iso-8859-1" ?>
<newsitem itemid="804521" id="root" date="1997-08-17" xml:lang="en">
<title>ECUADOR: Andean Development Corp lends Ecuador $118.2 mln.</title>
<headline>Andean Development Corp lends Ecuador $118.2 mln.</headline>
<dateline>QUITO 1997-08-16</dateline>
<text>
<p>The Andean Development Corporation said it has awarded Ecuador a loan for $118.2 million to finance infrastructure projects.</p>
<p>Some $70 million of the loan will go to finance a road program in the port of Guayaquil, and $38.2 million will be used for the construction of a stretch of the Panamerican Highway.</p>
<p>The Andean Development Corporation is the financial arm of the Andean Community.</p>
</text>
<copyright>(c) Reuters Limited 1997</copyright>
<metadata>
<codes class="bip:countries:1.0">
  <code code="ECU">
    <editdetail attribution="Reuters BIP Coding Group" action="confirmed" date="1997-08-17"/>
  </code>
</codes>
<codes class="bip:industries:1.0">
  <code code="I50200">
    <editdetail attribution="Reuters BIP Coding Group" action="confirmed" date="1997-08-17"/>
  </code>
  <code code="I5020041">
    <editdetail attribution="Reuters BIP Coding Group" action="confirmed" date="1997-08-17"/>
  </code>
</codes>
<codes class="bip:topics:1.0">
  <code code="C17">
    <editdetail attribution="Reuters BIP Coding Group" action="confirmed" date="1997-08-17"/>
  </code>
  <code code="C173">
    <editdetail attribution="Reuters BIP Coding Group" action="confirmed" date="1997-08-17"/>
  </code>
  <code code="C24">
    <editdetail attribution="Reuters BIP Coding Group" action="confirmed" date="1997-08-17"/>
  </code>
  <code code="CCAT">
    <editdetail attribution="Reuters BIP Coding Group" action="confirmed" date="1997-08-17"/>
  </code>
  <code code="E21">
    <editdetail attribution="Reuters BIP Coding Group" action="confirmed" date="1997-08-17"/>
  </code>
  <code code="E212">
    <editdetail attribution="Reuters BIP Coding Group" action="confirmed" date="1997-08-17"/>
  </code>
  <code code="ECAT">
    <editdetail attribution="Reuters BIP Coding Group" action="confirmed" date="1997-08-17"/>
  </code>
</codes>
<dc element="dc.date.created" value="1997-08-16"/>
<dc element="dc.publisher" value="Reuters Holdings Plc"/>
<dc element="dc.date.published" value="1997-08-17"/>
<dc element="dc.source" value="Reuters"/>
<dc element="dc.creator.location" value="QUITO"/>
<dc element="dc.creator.location.country.name" value="ECUADOR"/>
<dc element="dc.source" value="Reuters"/>
</metadata>
</newsitem>
