<?xml version="1.0" encoding="iso-8859-1" ?>
<newsitem itemid="804558" id="root" date="1997-08-17" xml:lang="en">
<title>AUSTRALIA: Leighton rules out buyout of Hochtief stake.</title>
<headline>Leighton rules out buyout of Hochtief stake.</headline>
<dateline>SYDNEY 1997-08-17</dateline>
<text>
<p>Construction group Leighton Holdings Ltd ruled out on Sunday using its cash pile of over A$400 million to buy out the 44.9 percent stake in Leighton held by German construction group Hochtief AG.</p>
<p>&quot;No, I don't believe that is any sort of practical alternative,&quot; Leighton Chief Executive Wal King told the Nine Network's Business Sunday television programme when asked if Leighton would buy out its controlling shareholder.</p>
<p>&quot;We have a long-term partnership with our German colleagues and it will continue in that direction,&quot; King said.</p>
<p>Leighton announced annual results on Thursday showing it had no debt and available cash of A$422.88 million.</p>
<p>King announced a strategic review to decide how to deal with the cash pile, raising the possibility of new acquisitions and playing down the prospect of a capital return.</p>
<p>-- Sydney Newsroom 61-2 9373 1800</p>
</text>
<copyright>(c) Reuters Limited 1997</copyright>
<metadata>
<codes class="bip:countries:1.0">
  <code code="AUSTR">
    <editdetail attribution="Reuters BIP Coding Group" action="confirmed" date="1997-08-17"/>
  </code>
  <code code="GFR">
    <editdetail attribution="Reuters BIP Coding Group" action="confirmed" date="1997-08-17"/>
  </code>
</codes>
<codes class="bip:industries:1.0">
  <code code="I50000">
    <editdetail attribution="Reuters BIP Coding Group" action="confirmed" date="1997-08-17"/>
  </code>
  <code code="I50200">
    <editdetail attribution="Reuters BIP Coding Group" action="confirmed" date="1997-08-17"/>
  </code>
</codes>
<codes class="bip:topics:1.0">
  <code code="C18">
    <editdetail attribution="Reuters BIP Coding Group" action="confirmed" date="1997-08-17"/>
  </code>
  <code code="C181">
    <editdetail attribution="Reuters BIP Coding Group" action="confirmed" date="1997-08-17"/>
  </code>
  <code code="CCAT">
    <editdetail attribution="Reuters BIP Coding Group" action="confirmed" date="1997-08-17"/>
  </code>
</codes>
<dc element="dc.date.created" value="1997-08-17"/>
<dc element="dc.publisher" value="Reuters Holdings Plc"/>
<dc element="dc.date.published" value="1997-08-17"/>
<dc element="dc.source" value="Reuters"/>
<dc element="dc.creator.location" value="SYDNEY"/>
<dc element="dc.creator.location.country.name" value="AUSTRALIA"/>
<dc element="dc.source" value="Reuters"/>
</metadata>
</newsitem>
