<?xml version="1.0" encoding="iso-8859-1" ?>
<newsitem itemid="804500" id="root" date="1997-08-17" xml:lang="en">
<title>ALBANIA: Albanians to hand in arms by Sept or face jail.</title>
<headline>Albanians to hand in arms by Sept or face jail.</headline>
<dateline>TIRANA 1997-08-17</dateline>
<text>
<p>Albanians who looted weapons from military barracks after violence and lawlessness hit the Balkan country in March have been ordered to hand in all arms by September 30, a newspaper reported on Sunday.</p>
<p>Daily Koha Jone said both the defence and interior ministers issued the order and that those who failed to obey would face a sentence of up to five years in jail.</p>
<p>&quot;All kinds of weapons now in the hands of citizens should be returned to police stations and army depots within 45 days, otherwise they (citizens) risk a five-year jail term,&quot; it said.</p>
<p>More than 1,500 people have been killed in Europe's most impoverished country since the collapse of bogus investment schemes triggered widespread anarchy.</p>
<p>An estimated one million weapons are in private hands.</p>
<p>The plan foresees that heavy weapons should be turned in by the end of this month, while guns, rifles, grenades and bullets must be handed in no later than September 30.</p>
<p>Neither the defence nor interior ministries were available for comment.</p>
<p>In the last week Albanian police have launched a major crackdown on criminal gangs roaming the Balkan country, taking control of main towns and roads linking the capital Tirana with the rest of the country.</p>
<p>The police have also been gathering huge military arsenals.</p>
<p>Interior Minister Neritan Ceka told state-run television late on Saturday the police were determined to go to the bitter end to restore peace and stability.</p>
<p>Disarming the population is a top priority of Prime Minister Fatos Nano's ruling coalition, which toppled the Democratic Party of former president Sali Berisha in June elections.</p>
<p>The international community, which helped Albania stage the elections, has made clear it would continue assistance if the Socialist-led coalition restores order, improves human rights and adopts sound economic policies.</p>
</text>
<copyright>(c) Reuters Limited 1997</copyright>
<metadata>
<codes class="bip:countries:1.0">
  <code code="ALB">
    <editdetail attribution="Reuters BIP Coding Group" action="confirmed" date="1997-08-17"/>
  </code>
</codes>
<codes class="bip:topics:1.0">
  <code code="GCAT">
    <editdetail attribution="Reuters BIP Coding Group" action="confirmed" date="1997-08-17"/>
  </code>
  <code code="GCRIM">
    <editdetail attribution="Reuters BIP Coding Group" action="confirmed" date="1997-08-17"/>
  </code>
  <code code="GVIO">
    <editdetail attribution="Reuters BIP Coding Group" action="confirmed" date="1997-08-17"/>
  </code>
</codes>
<dc element="dc.date.created" value="1997-08-17"/>
<dc element="dc.publisher" value="Reuters Holdings Plc"/>
<dc element="dc.date.published" value="1997-08-17"/>
<dc element="dc.source" value="Reuters"/>
<dc element="dc.creator.location" value="TIRANA"/>
<dc element="dc.creator.location.country.name" value="ALBANIA"/>
<dc element="dc.source" value="Reuters"/>
</metadata>
</newsitem>
