<?xml version="1.0" encoding="iso-8859-1" ?>
<newsitem itemid="804590" id="root" date="1997-08-17" xml:lang="en">
<title>THAILAND: World Bank says offered Thais $1.5 billion.</title>
<headline>World Bank says offered Thais $1.5 billion.</headline>
<dateline>BANGKOK 1997-08-17</dateline>
<text>
<p>The World Bank has offered Thailand $1.5 billion in aid as part of an international funding package to prop up the country's flagging economy, the bank's local office said.</p>
<p>&quot;At the Tokyo meeting the World Bank pledged $1.5 billion of support focused on improving Thailand's competitiveness and prompting structural reforms in the economy,&quot; it said in a statement received here on Sunday.</p>
<p>The bank will mount a mission in September to draw up a structural adjustment program for Thailand, it added.</p>
<p>&quot;Discussions held with Thai officials have resulted in the identification of areas of concentration, which includes the financial and banking sector, export promotion, labour productivity and social safety nets,&quot; it added.</p>
<p>The contribution brings existing pledges from donors under an International Monetary Fund-sponsored rescue package to $16.7 billion.</p>
<p>The money is needed to help support the Thai economy as it faces its severest crisis for decades.</p>
<p>Slowing economic growth last year, a slump in exports, investment in unproductive sectors and recent currency instability have eroded investor confidence in an economy which had become heavily reliant on foreign investment.</p>
</text>
<copyright>(c) Reuters Limited 1997</copyright>
<metadata>
<codes class="bip:countries:1.0">
  <code code="THAIL">
    <editdetail attribution="Reuters BIP Coding Group" action="confirmed" date="1997-08-17"/>
  </code>
</codes>
<codes class="bip:topics:1.0">
  <code code="E51">
    <editdetail attribution="Reuters BIP Coding Group" action="confirmed" date="1997-08-17"/>
  </code>
  <code code="ECAT">
    <editdetail attribution="Reuters BIP Coding Group" action="confirmed" date="1997-08-17"/>
  </code>
</codes>
<dc element="dc.date.created" value="1997-08-17"/>
<dc element="dc.publisher" value="Reuters Holdings Plc"/>
<dc element="dc.date.published" value="1997-08-17"/>
<dc element="dc.source" value="Reuters"/>
<dc element="dc.creator.location" value="BANGKOK"/>
<dc element="dc.creator.location.country.name" value="THAILAND"/>
<dc element="dc.source" value="Reuters"/>
</metadata>
</newsitem>
