<?xml version="1.0" encoding="iso-8859-1" ?>
<newsitem itemid="804502" id="root" date="1997-08-17" xml:lang="en">
<title>RUSSIA: Two Russian journalists freed in Chechnya - Tass.</title>
<headline>Two Russian journalists freed in Chechnya - Tass.</headline>
<byline>Gareth Jones</byline>
<dateline>MOSCOW 1997-08-17</dateline>
<text>
<p>Two Russian journalists held hostage in Chechnya were freed on Sunday on the eve of tough talks between President Boris Yeltsin and Chechen leader Aslan Maskhadov, Itar-Tass news agency said.</p>
<p>The journalists from the private VID television channel, seized in the breakaway region's capital Grozny on June 11, were freed after a joint operation by Russian and Chechen security forces, Tass quoted an official in Russia's Security Council as saying. The journalists were due in Moscow later on Sunday.</p>
<p>Officials in Grozny declined to comment on the report.</p>
<p>The news came two days after security forces in Grozny rescued an ethnic Chechen hostage. A policeman was killed in that operation.</p>
<p>Yeltsin is expected to press Maskhadov during Monday's talks in the Kremlin to do more to help free the many Russian and foreign hostages seized in Chechnya by gunmen seeking ransoms.</p>
<p>Maskhadov, who has said hostage takers face the death penalty or tough prison sentences, convened a meeting of his security chiefs on Sunday to discuss the hostage issue, Interfax news agency said.</p>
<p>Two Britons, five French people, a German, a Slovak and a Yugoslav are among those currently missing in Chechnya.</p>
<p>In Moscow Russian and Chechen negotiators continued to prepare the ground for Maskhadov's talks with Yeltsin, which are also expected to touch on the thorny issue of Chechnya's status.</p>
<p>Maskhadov has made clear he will not back off from his demand that Moscow recognise his tiny Caucasus region as a sovereign state. On Saturday he said he wanted Russia and Chechnya to establish full-fledged diplomatic relations.</p>
<p>The Kremlin, whose troops were humiliated by Maskhadov's separatist guerrillas during a bloody 21-month conflict that ended last August, says Chechnya must stay within the Russian Federation, although with wide autonomy.</p>
<p>Ekho Moskvy radio on Sunday quoted an unnamed source in Russia's Security Council as saying Chechnya's demand for full-fledged diplomatic ties were unacceptable.</p>
<p>&quot;Russia will do everything to prevent this from happening,&quot; he was quoted as saying.</p>
<p>Interfax said the Security Council's secretary, Ivan Rybkin, and Chechen First Deputy Prime Minister Movladi Udugov had signed a protocol allowing family members of people missing in Chechnya to play a more active role in trying to locate them.</p>
<p>Rybkin has said the number of people still missing, including people taken captive during the war, totals 1,407.</p>
</text>
<copyright>(c) Reuters Limited 1997</copyright>
<metadata>
<codes class="bip:countries:1.0">
  <code code="RUSS">
    <editdetail attribution="Reuters BIP Coding Group" action="confirmed" date="1997-08-17"/>
  </code>
</codes>
<codes class="bip:topics:1.0">
  <code code="GCAT">
    <editdetail attribution="Reuters BIP Coding Group" action="confirmed" date="1997-08-17"/>
  </code>
  <code code="GVIO">
    <editdetail attribution="Reuters BIP Coding Group" action="confirmed" date="1997-08-17"/>
  </code>
</codes>
<dc element="dc.date.created" value="1997-08-17"/>
<dc element="dc.publisher" value="Reuters Holdings Plc"/>
<dc element="dc.date.published" value="1997-08-17"/>
<dc element="dc.source" value="Reuters"/>
<dc element="dc.creator.location" value="MOSCOW"/>
<dc element="dc.creator.location.country.name" value="RUSSIA"/>
<dc element="dc.source" value="Reuters"/>
</metadata>
</newsitem>
