<?xml version="1.0" encoding="iso-8859-1" ?>
<newsitem itemid="804678" id="root" date="1997-08-17" xml:lang="en">
<title>IRAN: Iran commerce minister designate urges new rules.</title>
<headline>Iran commerce minister designate urges new rules.</headline>
<dateline>TEHRAN 1997-08-17</dateline>
<text>
<p>Iran's commerce minister designate Mohammad Shariatmadari has said Tehran needs to adopt new and stable rules to develop its non-oil exports, particularly petrochemicals.</p>
<p>&quot;New and more effective regulations are needed to pave the way for expansion of non-oil exports, boosting it to about half of Iran's total exports in the next four years,&quot; the official news agency IRNA quoted the minister designate as saying.</p>
<p>Currently non-oil products account for only about 15 percent of total exports in the world's third biggest oil exporting nation behind Saudi Arabia and Norway.</p>
<p>Shariatmadari said ever-changing regulations governing exports were one of the main difficulties facing Iran's export industries.</p>
<p>Since tough foreign exchange rules for exporters of Iran's main non-oil export -- carpets -- were relaxed in February, rug exports have risen sharply. This has lifted non-oil exports by about 30 percent since then.</p>
<p>&quot;Iran's share of international trade now stands at a mere 0.34 percent, a figure not befitting a big country such as Iran,&quot; Shariatmadari said.</p>
<p>&quot;Iran must aim to allocate the biggest chunk of its petrodollars to development of its petrochemical industries which currently brings the country some $650 million annually, matching the revenue from the 100-year-old carpet industry.&quot;</p>
<p>On Tuesday Iran's Majlis will start debating Shariatmadari's nomination, and those of the other 21 proposed ministers in President Mohammad Khatami's cabinet.</p>
</text>
<copyright>(c) Reuters Limited 1997</copyright>
<metadata>
<codes class="bip:countries:1.0">
  <code code="IRAN">
    <editdetail attribution="Reuters BIP Coding Group" action="confirmed" date="1997-08-17"/>
  </code>
</codes>
<codes class="bip:topics:1.0">
  <code code="E51">
    <editdetail attribution="Reuters BIP Coding Group" action="confirmed" date="1997-08-17"/>
  </code>
  <code code="E512">
    <editdetail attribution="Reuters BIP Coding Group" action="confirmed" date="1997-08-17"/>
  </code>
  <code code="ECAT">
    <editdetail attribution="Reuters BIP Coding Group" action="confirmed" date="1997-08-17"/>
  </code>
  <code code="GCAT">
    <editdetail attribution="Reuters BIP Coding Group" action="confirmed" date="1997-08-17"/>
  </code>
  <code code="GPOL">
    <editdetail attribution="Reuters BIP Coding Group" action="confirmed" date="1997-08-17"/>
  </code>
</codes>
<dc element="dc.date.created" value="1997-08-17"/>
<dc element="dc.publisher" value="Reuters Holdings Plc"/>
<dc element="dc.date.published" value="1997-08-17"/>
<dc element="dc.source" value="Reuters"/>
<dc element="dc.creator.location" value="TEHRAN"/>
<dc element="dc.creator.location.country.name" value="IRAN"/>
<dc element="dc.source" value="Reuters"/>
</metadata>
</newsitem>
