<?xml version="1.0" encoding="iso-8859-1" ?>
<newsitem itemid="804677" id="root" date="1997-08-17" xml:lang="en">
<title>DUBAI: Normal start to Saudi stock market trade.</title>
<headline>Normal start to Saudi stock market trade.</headline>
<dateline>DUBAI 1997-08-17</dateline>
<text>
<p>Trade in Saudi Arabian shares started as normal on Sunday after problems with its computerised trading system in the past few days, traders said on Sunday.</p>
<p>&quot;The market opened on time today. It is back to normal,&quot; a trader said by telephone from Riyadh.</p>
<p>There was no trade on Thursday when the kingdom's Electronic Securities Information System was down. On Saturday trade started 90 minutes late after technical problems.</p>
<p>The Saudi Arabian Monetary Agency said in a statement carried by Saudi newspapers the failure was due to &quot;disruption in the hypothetical certificates processor&quot;.</p>
<p>The Saudi Gazette said this was the second stoppage in ESIS in two months. The first lasted for 30 minutes.</p>
<p>The Saudi market is open from 10.00 a.m. to noon (0700 GMT to 0900 GMT) and from 4.25 p.m. to 6.30 p.m. (1325 GMT to 1530 GMT) Saturday to Thursday.</p>
</text>
<copyright>(c) Reuters Limited 1997</copyright>
<metadata>
<codes class="bip:countries:1.0">
  <code code="SAARAB">
    <editdetail attribution="Reuters BIP Coding Group" action="confirmed" date="1997-08-17"/>
  </code>
</codes>
<codes class="bip:topics:1.0">
  <code code="M11">
    <editdetail attribution="Reuters BIP Coding Group" action="confirmed" date="1997-08-17"/>
  </code>
  <code code="MCAT">
    <editdetail attribution="Reuters BIP Coding Group" action="confirmed" date="1997-08-17"/>
  </code>
</codes>
<dc element="dc.date.created" value="1997-08-17"/>
<dc element="dc.publisher" value="Reuters Holdings Plc"/>
<dc element="dc.date.published" value="1997-08-17"/>
<dc element="dc.source" value="Reuters"/>
<dc element="dc.creator.location" value="DUBAI"/>
<dc element="dc.creator.location.country.name" value="DUBAI"/>
<dc element="dc.source" value="Reuters"/>
</metadata>
</newsitem>
