<?xml version="1.0" encoding="iso-8859-1" ?>
<newsitem itemid="804676" id="root" date="1997-08-17" xml:lang="en">
<title>EGYPT: Egypt Arab African Bank H1 profit up.</title>
<headline>Egypt Arab African Bank H1 profit up.</headline>
<dateline>CAIRO 1997-08-17</dateline>
<text>
<p>Egypt Arab African Bank/EAAB results for the first half of the 1997 calender year, the bank's financial year:</p>
<p>(All figures in thousands of Egyptian pounds)</p>
<p>				 30 June 97	30 June 96</p>
<p>    Total assets	    1,425,276	 1,229,193</p>
<p>    Total deposits	    783,458	   654,463</p>
<p>    Provisions		  144,466	   133,075</p>
<p>    Reserves		     50,158	    41,500</p>
<p>    Shareholders funds	150,470	   109,668</p>
<p>    Profit for the period    21,998	    15,957</p>
<p>($1 = 3.395 pounds)</p>
<p>-- Cairo newsroom +202 578 3290/1</p>
</text>
<copyright>(c) Reuters Limited 1997</copyright>
<metadata>
<codes class="bip:countries:1.0">
  <code code="EGYPT">
    <editdetail attribution="Reuters BIP Coding Group" action="confirmed" date="1997-08-17"/>
  </code>
</codes>
<codes class="bip:industries:1.0">
  <code code="I81402">
    <editdetail attribution="Reuters BIP Coding Group" action="confirmed" date="1997-08-17"/>
  </code>
</codes>
<codes class="bip:topics:1.0">
  <code code="C15">
    <editdetail attribution="Reuters BIP Coding Group" action="confirmed" date="1997-08-17"/>
  </code>
  <code code="C151">
    <editdetail attribution="Reuters BIP Coding Group" action="confirmed" date="1997-08-17"/>
  </code>
  <code code="CCAT">
    <editdetail attribution="Reuters BIP Coding Group" action="confirmed" date="1997-08-17"/>
  </code>
</codes>
<dc element="dc.date.created" value="1997-08-17"/>
<dc element="dc.publisher" value="Reuters Holdings Plc"/>
<dc element="dc.date.published" value="1997-08-17"/>
<dc element="dc.source" value="Reuters"/>
<dc element="dc.creator.location" value="CAIRO"/>
<dc element="dc.creator.location.country.name" value="EGYPT"/>
<dc element="dc.source" value="Reuters"/>
</metadata>
</newsitem>
