<?xml version="1.0" encoding="iso-8859-1" ?>
<newsitem itemid="804635" id="root" date="1997-08-17" xml:lang="en">
<title>ISRAEL: INDICATORS - Israel - Updated Aug 17.</title>
<headline>INDICATORS - Israel - Updated Aug 17.</headline>
<text>
<p>INDICATORS - monthly     MTH/MTH    PVS   YR AGO  INDEX</p>
<p>CPI (%) *	     July  +1.0     +1.1    +0.3   151.7</p>
<p>TRADE BALANCE (million $)</p>
<p>			  July  -473    -748     -845</p>
<p>Exports		 July 1,882   1,684    1,706</p>
<p>Imports		 July 2,355   2,433    2,551</p>
<p>FOREX RESERVES (million $)</p>
<p>			  July 17,968  17,793    8,925</p>
<p>MONEY SUPPLY M1 (%)</p>
<p>			  Jun   + 1.8   - 0.4    - 0.2</p>
<p>(bln shekels)	 Jun   18.29</p>
<p>INDUSTRIAL OUTPUT (%)</p>
<p>(seasonally adjusted)</p>
<p>			  May   + 2.2   - 0.1    + 0.4  117.1</p>
<p>								(100=1994)</p>
<p>INDICATORS - quarterly</p>
<p>				 Q1	PVS     YR AGO   1996</p>
<p>UNEMPLOYMENT		 7.3     7.1     6.6	6.7</p>
<p>(seasonally adjusted)</p>
<p>				 Q1	PVS     YR AGO    1996</p>
<p>C/A BALANCE (mln $)    -1,136    +38     -1,557   -4,898</p>
<p>				 Q4     PVS	YR AGO    1996</p>
<p>GDP (%)		     0.5    +0.5	 +0.7     +4.4</p>
<p>				 1997 Treasury estimate  +4.0</p>
<p>				  JULY     PVS MONTH   CHANGE(pts)</p>
<p>MONETARY TENDER RATE   %  12.7     12.7	  u/c</p>
<p>(for daily and weekly loans to commercial banks) July 28 PRIME RATE %		  14.2     114.2	 u/c</p>
<p>GOVERNMENT BUDGET BALANCE</p>
<p>				 JULY   PVS MONTH   YR-TO-DATE</p>
<p>(million shekels)	 + 389   - 3,136	- 4,233</p>
<p>				   1997 target - 9,744</p>
<p>GOVERNMENT DEBT	    END DEC 96    1995     1994</p>
<p>(billion shekels)</p>
<p>	Foreign -		81.8	  73.0     67.6</p>
<p>	Domestic -	    245.5	 213.0    191.8</p>
<p>NOTE- Figures marked * are updated.</p>
</text>
<copyright>(c) Reuters Limited 1997</copyright>
<metadata>
<codes class="bip:countries:1.0">
  <code code="ISRAEL">
    <editdetail attribution="Reuters BIP Coding Group" action="confirmed" date="1997-08-17"/>
  </code>
</codes>
<codes class="bip:topics:1.0">
  <code code="E71">
    <editdetail attribution="Reuters BIP Coding Group" action="confirmed" date="1997-08-17"/>
  </code>
  <code code="ECAT">
    <editdetail attribution="Reuters BIP Coding Group" action="confirmed" date="1997-08-17"/>
  </code>
</codes>
<dc element="dc.publisher" value="Reuters Holdings Plc"/>
<dc element="dc.date.published" value="1997-08-17"/>
<dc element="dc.source" value="Reuters"/>
<dc element="dc.creator.location.country.name" value="ISRAEL"/>
<dc element="dc.source" value="Reuters"/>
</metadata>
</newsitem>
