<?xml version="1.0" encoding="iso-8859-1" ?>
<newsitem itemid="804628" id="root" date="1997-08-17" xml:lang="en">
<title>ISRAEL: Israel, PLO in U.S.-sponsored security talks.</title>
<headline>Israel, PLO in U.S.-sponsored security talks.</headline>
<byline>Khader Abusway</byline>
<dateline>RAMALLAH, West Bank 1997-08-17</dateline>
<text>
<p>Israeli, Palestinian and U.S. security officials held talks on Sunday in the Ramallah West Bank Palestinian enclave as part of a framework set by U.S. peace envoy Dennis Ross, Israel security sources said.</p>
<p>The sources said they hoped to receive data from the Palestinians on explosives found in early July by the Palestinians at a West Bank apartment they suspected was a bomb laboratory of the anti-Israeli Hamas movement.</p>
<p>A leaflet in Hamas's name claimed responsibility for a July 30 double bombing of a Jerusalem market. Israeli and Palestinian officials have questioned the authenticity of the claim.</p>
<p>The attackers, who died along with 14 other people at the market frequented by Israelis, have yet to be identified.</p>
<p>The bombing deepened a peacemaking crisis that followed Israel's launching of a Jewish settlement in Arab East Jerusalem in March.</p>
<p>Israeli Prime Minister Benjamin Netanyahu accused the Palestinian Authority of not doing enough to fight guerrillas in its territory who opposed the peace process.</p>
<p>Palestinian President Yasser Arafat has said Netanyahu is using the bombing to destroy the peace process he inherited from Israel's Labour government ousted in May 1996 elections.</p>
<p>Ross spent four days in the region last week, arranging Israel-PLO security talks attended by U.S. representatives after the bombing.</p>
<p>He was also preparing the ground for a visit to the Middle East planned for September by U.S. Secretary of State Madeleine Albright. She has demanded improved Israeli-Palestinian security cooperation before she makes her maiden trip to the region.</p>
<p>Britain's Sunday Telegraph newspaper said on Sunday that Israel's Shin Bet secret police chief Ami Ayalon was in London to investigate claims the bombing was carried out by Arab guerrillas based in Britain.</p>
<p>A spokesman for Netanyahu's office was checking the report.</p>
<p>The militant Hamas and Islamic Jihad movements have waged violent opposition to Israel-PLO interim peace deals, killing scores of Israelis.</p>
<p>Israeli government sources said that on Sunday, in a sign of a slight easing of tensions between the sides, Netanyahu sent an envoy to thank Arafat for aid in finding the Palestinian killers of an Israeli taxi driver at the weekend. The men were car thieves.</p>
<p>They said the envoy, Yitzhak Molho, secretly met the Palestinian president in Gaza on Saturday night.</p>
<p>The sources said the men also discussed Ross's visit and sanctions Israel imposed on Palestinians after the bombing.</p>
<p>There was no immediate indication of any easing of the sanctions following Saturday's meeting.</p>
<p>Israel demanded Arafat arrest militants and crush the infrastructure of Islamist groups after the suicide attacks. It also sealed off Palestinian areas and froze millions of dollars of financial transfers it owes the Palestinian Authority (PA).</p>
<p>The Palestinians say the measures are collective punishment.</p>
<p>Washington has also repeatedly condemned Israel's sanctions as &quot;counterproductive&quot; and &quot;unhelpful&quot;. The PA has said it will match the sanctions with a partial boycott on Israeli goods.</p>
<p>Arafat rejected on Sunday Israeli allegations that his planned &quot;national unity&quot; talks with militant groups set for this week amounted to &quot;appeasement of terrorism&quot;.</p>
<p>&quot;No doubt we are against terrorist activities...but this is a Palestinian interest and we are insisting to carry on dialogue with all Palestinian groups,&quot; Arafat told reporters in Gaza.</p>
<p>&quot;We are as Palestinians completely committed to the peace process and at the same time we are facing collective punishment from the Israeli government,&quot; Arafat said.</p>
<p>Hamas took part in a first round of unity talks in February. It boycotted a round in April, saying Arafat jailed Hamas men.</p>
<p>The Palestinian Authority says it is making &quot;100 percent effort&quot; on security but refuses to take orders from Israel.</p>
<p>Netanyahu insists he will ease the sanctions hand-in-hand with Palestinian measures against militants.</p>
</text>
<copyright>(c) Reuters Limited 1997</copyright>
<metadata>
<codes class="bip:countries:1.0">
  <code code="ISRAEL">
    <editdetail attribution="Reuters BIP Coding Group" action="confirmed" date="1997-08-17"/>
  </code>
  <code code="USA">
    <editdetail attribution="Reuters BIP Coding Group" action="confirmed" date="1997-08-17"/>
  </code>
</codes>
<codes class="bip:topics:1.0">
  <code code="GCAT">
    <editdetail attribution="Reuters BIP Coding Group" action="confirmed" date="1997-08-17"/>
  </code>
  <code code="GDIP">
    <editdetail attribution="Reuters BIP Coding Group" action="confirmed" date="1997-08-17"/>
  </code>
  <code code="GPOL">
    <editdetail attribution="Reuters BIP Coding Group" action="confirmed" date="1997-08-17"/>
  </code>
</codes>
<dc element="dc.date.created" value="1997-08-17"/>
<dc element="dc.publisher" value="Reuters Holdings Plc"/>
<dc element="dc.date.published" value="1997-08-17"/>
<dc element="dc.source" value="Reuters"/>
<dc element="dc.creator.location" value="RAMALLAH, West Bank"/>
<dc element="dc.creator.location.country.name" value="ISRAEL"/>
<dc element="dc.source" value="Reuters"/>
</metadata>
</newsitem>
