<?xml version="1.0" encoding="iso-8859-1" ?>
<newsitem itemid="804665" id="root" date="1997-08-17" xml:lang="en">
<title>ISRAEL: Israel's Q2 GDP +1.6 pct vs +2.0 in Q1.</title>
<headline>Israel's Q2 GDP +1.6 pct vs +2.0 in Q1.</headline>
<dateline>TEL AVIV 1997-08-17</dateline>
<text>
<p>Israel's Central Bureau of Statistics released on Sunday the following data:</p>
<p>		     (percent change in annual terms)</p>
<p>		     Q2 97  Q1 97  Q2 96  6-MTH 97  6-MTH 96</p>
<p>GDP		  +1.6   +2.0   +3.5   +1.8	 +4.0</p>
<p>GDP per capita   -0.5   +0.2   +1.1   -0.4	 +1.4</p>
<p>Business sector</p>
<p>product	    +2.5   +0.5   +2.3   +1.4	 +4.9</p>
</text>
<copyright>(c) Reuters Limited 1997</copyright>
<metadata>
<codes class="bip:countries:1.0">
  <code code="ISRAEL">
    <editdetail attribution="Reuters BIP Coding Group" action="confirmed" date="1997-08-17"/>
  </code>
</codes>
<codes class="bip:topics:1.0">
  <code code="E11">
    <editdetail attribution="Reuters BIP Coding Group" action="confirmed" date="1997-08-17"/>
  </code>
  <code code="ECAT">
    <editdetail attribution="Reuters BIP Coding Group" action="confirmed" date="1997-08-17"/>
  </code>
</codes>
<dc element="dc.date.created" value="1997-08-17"/>
<dc element="dc.publisher" value="Reuters Holdings Plc"/>
<dc element="dc.date.published" value="1997-08-17"/>
<dc element="dc.source" value="Reuters"/>
<dc element="dc.creator.location" value="TEL AVIV"/>
<dc element="dc.creator.location.country.name" value="ISRAEL"/>
<dc element="dc.source" value="Reuters"/>
</metadata>
</newsitem>
