<?xml version="1.0" encoding="iso-8859-1" ?>
<newsitem itemid="804692" id="root" date="1997-08-17" xml:lang="en">
<title>USA: UPS, Teamsters strike talks take optimistic tone.</title>
<headline>UPS, Teamsters strike talks take optimistic tone.</headline>
<byline>Julie Vorman</byline>
<dateline>WASHINGTON 1997-08-17</dateline>
<text>
<p>President Bill Clinton on Sunday urged the Teamsters union and United Parcel Service to redouble efforts to reach an agreement and end a 2-week-old strike that has paralyzed package deliveries by companies throughout the United States.</p>
<p>&quot;It's clear that they're making progress,&quot; Clinton told reporters before boarding his helicopter to leave for vacation on Martha's Vineyard.</p>
<p>&quot;This strike is beginning to hurt not only the company but its employees and the people who depend on it and I think they ought to redouble their efforts to settle the strike and they ought to do it today,&quot; the president said.</p>
<p>Teamsters President Ron Carey said earlier on Sunday that marathon talks with UPS negotiators had made progress for the first time since negotitators hunkered down in a Washington hotel at the request of Labor Secretary Alexis Herman on Thursday morning.</p>
<p>&quot;There has been some movement,&quot; Carey said in explaining why he believed he was right not to put the company's previous so-called &quot;last and final&quot; offer to his 185,000 members for a vote as UPS executives had been urging.</p>
<p>&quot;We are talking about the issues and that to me is progress -- trying to see if we can find some areas of agreement and the talks are moving along,&quot; Carey said on the NBC television program, &quot;Meet the Press.&quot;</p>
<p>Company and union negotiators continued meeting on Sunday at a hotel across the street from the International Brotherhood of Teamsters headquarters.</p>
<p>Asked if the union planned to stay at the bargaining table until a deal was reached, Carey said, &quot;Absolutely.&quot;</p>
<p>UPS Chairman James Kelly, appearing on the same program, also sounded an optimistic, though cautious, note, saying that negotiators were discussing &quot;dozens and dozens of issues&quot; but it was unclear when an agreement could be reached.</p>
<p>&quot;The fact that we're continuing to talk is encouraging,&quot; Kelly said, reiterating that the company would use replacement workers only as a last resort.</p>
<p>&quot;We've been at make or break points a number of times before,&quot; Kelly told CNN later on Sunday. &quot;Perhaps we're at another one right now.&quot; When asked if there was a chance that a settlement might be reached by midnight Sunday, Kelly responded, &quot;anything is possible.&quot;</p>
<p>The two sides have been meeting in face-to-face sessions, with federal mediators and with Herman since Thursday morning, taking only a few brief sleep breaks along the way.</p>
<p>Herman, who was credited by both sides with helping to keep the talks moving, is scheduled to fly to Los Angeles on Monday for a speaking engagement.</p>
<p>The walkout by drivers, loaders and sorters on Aug. 4 has crippled the nation's largest package delivery firm to the tune of an estimated $300 million a week in lost revenues and has cost UPS more than a half-billion dollars so far.</p>
<p>Kelly said the strike could take a lasting bite out of the company's 80 percent market share, which would translate into fewer jobs when the dispute was settled.</p>
<p>UPS competitors, including the U.S. Postal Service, have rushed to try to fill the void. But many small businesses are feeling the pinch of being unable have their goods delivered.</p>
<p>UPS officials this week responded to a request by the Federal Reserve Board, sending officials there a detailed analysis of the strike's impact on the company and the economy.</p>
<p>An Oklahoma lawyer announced on Saturday that he filed a federal lawsuit against UPS on behalf of a number of small and medium-sized companies, charging the shipper with breach of contract and negligence and seeking at least $75,000, the minimum required in federal court.</p>
<p>Carey has announced plans for rallies in 30 U.S. cities on Thursday to drum up support for the strike. He said unions representing UPS workers in several European countries also planned job actions.</p>
<p>Buoyed by opinion polls showing the strikers winning the public relations battle, Carey has stuck to his theme that UPS convert more part-time jobs into higher paying full-time jobs.</p>
<p>For its part, UPS has been seeking the withdrawal of its pension plan from its current multi-employer plan so it can set up a plan solely for Teamster members at UPS.</p>
<p>The strikers were getting help from other unions, but were finding it tough to live on $55-a-week strike benefits.</p>
<p>Clinton has been resisting calls by UPS and some business groups to invoke the Taft-Hartley Act that would temporarily halt the strike.</p>
</text>
<copyright>(c) Reuters Limited 1997</copyright>
<metadata>
<codes class="bip:countries:1.0">
  <code code="USA">
    <editdetail attribution="Reuters BIP Coding Group" action="confirmed" date="1997-08-17"/>
  </code>
</codes>
<codes class="bip:industries:1.0">
  <code code="I79010">
    <editdetail attribution="Reuters BIP Coding Group" action="confirmed" date="1997-08-17"/>
  </code>
</codes>
<codes class="bip:topics:1.0">
  <code code="C42">
    <editdetail attribution="Reuters BIP Coding Group" action="confirmed" date="1997-08-17"/>
  </code>
  <code code="CCAT">
    <editdetail attribution="Reuters BIP Coding Group" action="confirmed" date="1997-08-17"/>
  </code>
  <code code="E41">
    <editdetail attribution="Reuters BIP Coding Group" action="confirmed" date="1997-08-17"/>
  </code>
  <code code="ECAT">
    <editdetail attribution="Reuters BIP Coding Group" action="confirmed" date="1997-08-17"/>
  </code>
  <code code="GCAT">
    <editdetail attribution="Reuters BIP Coding Group" action="confirmed" date="1997-08-17"/>
  </code>
  <code code="GJOB">
    <editdetail attribution="Reuters BIP Coding Group" action="confirmed" date="1997-08-17"/>
  </code>
</codes>
<dc element="dc.date.created" value="1997-08-17"/>
<dc element="dc.publisher" value="Reuters Holdings Plc"/>
<dc element="dc.date.published" value="1997-08-17"/>
<dc element="dc.source" value="Reuters"/>
<dc element="dc.creator.location" value="WASHINGTON"/>
<dc element="dc.creator.location.country.name" value="USA"/>
<dc element="dc.source" value="Reuters"/>
</metadata>
</newsitem>
