<?xml version="1.0" encoding="iso-8859-1" ?>
<newsitem itemid="804687" id="root" date="1997-08-17" xml:lang="en">
<title>ISRAEL: PRESS DIGEST - Israel - Aug 17.</title>
<headline>PRESS DIGEST - Israel - Aug 17.</headline>
<dateline>JERUSALEM 1997-08-17</dateline>
<text>
<p>These are some of the leading stories in Israeli newspapers on Sunday. Reuters has not verified these stories and does not vouch for their accuracy.</p>
<p>HAARETZ</p>
<p>- Palestinian President Arafat to Israeli Prime Minister Netanyahu: We will not accept security dictates from Israel.</p>
<p>- Histadrut Trade Unions Federation to declare work dispute today, Bezeq disruptions possible this week.</p>
<p>JERUSALEM POST</p>
<p>- Arafat says Palestinians would scrap Oslo peace deals if necessary.</p>
<p>- Israeli Arab delegation returns from Damascus: &quot;Syria ready for peace.&quot;</p>
<p>MAARIV</p>
<p>- Arafat: I will not kneel. I am prepared to resume the intifada.</p>
<p>- Israeli taxi driver kidnapped, skull crushed by rock and taxi sold for parts in Jericho.</p>
<p>YEDIOTH AHRONOTH</p>
<p>- Israel's Mossad spy agency has new deputy director.</p>
</text>
<copyright>(c) Reuters Limited 1997</copyright>
<metadata>
<codes class="bip:countries:1.0">
  <code code="ISRAEL">
    <editdetail attribution="Reuters BIP Coding Group" action="confirmed" date="1997-08-17"/>
  </code>
</codes>
<codes class="bip:topics:1.0">
  <code code="GCAT">
    <editdetail attribution="Reuters BIP Coding Group" action="confirmed" date="1997-08-17"/>
  </code>
</codes>
<dc element="dc.date.created" value="1997-08-17"/>
<dc element="dc.publisher" value="Reuters Holdings Plc"/>
<dc element="dc.date.published" value="1997-08-17"/>
<dc element="dc.source" value="Reuters"/>
<dc element="dc.creator.location" value="JERUSALEM"/>
<dc element="dc.creator.location.country.name" value="ISRAEL"/>
<dc element="dc.source" value="Reuters"/>
</metadata>
</newsitem>
