<?xml version="1.0" encoding="iso-8859-1" ?>
<newsitem itemid="804746" id="root" date="1997-08-17" xml:lang="en">
<title>GERMANY: German court blocks bid for Hess rally.</title>
<headline>German court blocks bid for Hess rally.</headline>
<dateline>BONN 1997-08-17</dateline>
<text>
<p>Germany's highest court blocked a last-minute attempt to hold a rally commemorating the 10th anniversary of the death of Hitler's deputy Rudolf Hess in the small Bavarian town where he is buried.</p>
<p>The Federal Constitutional Court, in a decision late on Saturday night, upheld a ban on gatherings connected with Hess in the town of Wunsiedel, a court spokeswoman said on Sunday.</p>
<p>The spokeswoman declined to name who had launched the emergency appeal but justice sources said the objector could be linked to the radical right-wing scene.</p>
<p>The court said in a statement the ban on rallies in Wunsiedel should not be lifted as the 10th anniversary &quot;brings with it a particular danger of riots by right-wing radicals and couter-demonstrations which cannot be controlled&quot;.</p>
<p>German police on Saturday detained around 200 people suspected of heading for illegal rallies to mark the anniversary of Hess's death.</p>
<p>In neighbouring Denmark, where freedom of speech laws allow neo-Nazis more scope for public display, about 150 Scandinavian, German and Dutch right-wingers marked Hess's death with a rally in the town of Koege.</p>
<p>Appointed Hitler's deputy in 1932, Hess was effectively in charge of the Nazi party until 1941, when he parachuted into Scotland on a mysterious mission. Hess hanged himself with an electric cord in Berlin's Spandau prison on August 17, 1987.</p>
</text>
<copyright>(c) Reuters Limited 1997</copyright>
<metadata>
<codes class="bip:countries:1.0">
  <code code="GFR">
    <editdetail attribution="Reuters BIP Coding Group" action="confirmed" date="1997-08-17"/>
  </code>
</codes>
<codes class="bip:topics:1.0">
  <code code="GCAT">
    <editdetail attribution="Reuters BIP Coding Group" action="confirmed" date="1997-08-17"/>
  </code>
  <code code="GCRIM">
    <editdetail attribution="Reuters BIP Coding Group" action="confirmed" date="1997-08-17"/>
  </code>
</codes>
<dc element="dc.date.created" value="1997-08-17"/>
<dc element="dc.publisher" value="Reuters Holdings Plc"/>
<dc element="dc.date.published" value="1997-08-17"/>
<dc element="dc.source" value="Reuters"/>
<dc element="dc.creator.location" value="BONN"/>
<dc element="dc.creator.location.country.name" value="GERMANY"/>
<dc element="dc.source" value="Reuters"/>
</metadata>
</newsitem>
