<?xml version="1.0" encoding="iso-8859-1" ?>
<newsitem itemid="804779" id="root" date="1997-08-17" xml:lang="en">
<title>INDIA: Hint of risk ahead for Indian rupee.</title>
<headline>Hint of risk ahead for Indian rupee.</headline>
<byline>Simon Cameron-Moore</byline>
<dateline>GOA, India 1997-08-17</dateline>
<text>
<p>A senior Indian central banker's verdict tt the rupee is overvalued is unlikely to shake a stubbornly firm spot rate, but there was a broad hint to corporates and importers to start covering forward positions, foreign exchange dealers told Reuters on Sunday.</p>
<p>Y.V. Reddy, deputy governor of the Reserve Bank of India (RBI), told an annual conference of the Forex Association of India that the rupee was overvalued based on real effective exchange rate index measures.</p>
<p>The rupee, surfing on inflows of foreign capital attracted by a liberalising economy and the best performing stock market in Asia this year, has held its own against a dollar which is top dog elsewhere on international exchanges.</p>
<p>The rupee has been stable between 35.70/85 for the past year. It closed on Thursday at 35.7125/75 to the dollar. Markets were shut on Friday for the country's celebration of 50 years of independence from colonial rule.</p>
<p>Only persistent intervention by the central bank has stopped the runaway rupee, and India's foreign exchange reserves have risen to all time highs of nearly $30 billion.</p>
<p>Reddy foresaw a natural correction in the spot rate once oil companies begin repaying short term loans they borrowed to cover feedstock purchases while waiting for the authorities to reimburse them some $4.3 billion for selling petroleum products at subsidised rates.</p>
<p>He also said a pick up in industrial growth, when it comes, will feed demand for dollars.</p>
<p>But importers and corporates have become complacent about covering their exposures becaue of the steady rupee-dollar rate, which acts as a disincentive to paying the forward premia.</p>
<p>&quot;This is a warning to all those unhedged positions held by corporates,&quot; said an Indian bank dealer. &quot;If it (dollar-rupee) moves there will be a huge demand for forward cover.&quot;</p>
<p>Another senior RBI official said the players should be prepared. &quot;Exchange markets are there to cover risks,&quot; he told the conference.</p>
<p>Meantime, delegates leaving the conference, which ended Saturday, said there was nothing said that would alter their trading strategies, and the rupee would be judged on the RBI's interventions not its words.</p>
<p>The prevailing market dynamics are too stark to start second guessing when the pressure building up will break the rupee's surface calm.</p>
<p>&quot;As long as capital inflows are going to be more than the trade deficit the rupee is going to remain strong,&quot; Moses Harding, chief dealer at IndusInd Bank Ltd, told Reuters Financial Television on the first day of the two day meet.</p>
<p>But there is a growing perception that the rupee's strength is becoming too hot to handle.</p>
<p>The central bank's net purchases of dollars totalled $7.8 billion in 1996/97 (April-March) and in the first four months of this fiscal year totted up to $4.6 billion.</p>
<p>The extra rupees in circulation because of the dollar buying is causing problems controlling money supply, which running at 16.7 percent annually for M3 growth, Reddy termed as in the upper tolerance limits.</p>
<p>And buying dollars and then sucking the rupees entering the system back out of circulation through government debt sales carried a cost for India of around five percent.</p>
<p>The dollars bought by the RBI are deposited with the U.S. Federal Reserve, where they earn six percent, while the yield payable on the government paper is between 11 and 12 percent, dealers noted.</p>
</text>
<copyright>(c) Reuters Limited 1997</copyright>
<metadata>
<codes class="bip:countries:1.0">
  <code code="INDIA">
    <editdetail attribution="Reuters BIP Coding Group" action="confirmed" date="1997-08-17"/>
  </code>
</codes>
<codes class="bip:topics:1.0">
  <code code="M13">
    <editdetail attribution="Reuters BIP Coding Group" action="confirmed" date="1997-08-17"/>
  </code>
  <code code="M132">
    <editdetail attribution="Reuters BIP Coding Group" action="confirmed" date="1997-08-17"/>
  </code>
  <code code="MCAT">
    <editdetail attribution="Reuters BIP Coding Group" action="confirmed" date="1997-08-17"/>
  </code>
</codes>
<dc element="dc.date.created" value="1997-08-17"/>
<dc element="dc.publisher" value="Reuters Holdings Plc"/>
<dc element="dc.date.published" value="1997-08-17"/>
<dc element="dc.source" value="Reuters"/>
<dc element="dc.creator.location" value="GOA, India"/>
<dc element="dc.creator.location.country.name" value="INDIA"/>
<dc element="dc.source" value="Reuters"/>
</metadata>
</newsitem>
