<?xml version="1.0" encoding="iso-8859-1" ?>
<newsitem itemid="804777" id="root" date="1997-08-17" xml:lang="en">
<title>AFGHANISTAN: Taleban protest US ending of Afghan embassy ties.</title>
<headline>Taleban protest US ending of Afghan embassy ties.</headline>
<byline>Tim Johnston</byline>
<dateline>KABUL 1997-08-17</dateline>
<text>
<p>The Taleban authorities in Kabul have issued a protest against a decision by U.S. authorities to suspend contacts with the Afghan embassy in Washington.</p>
<p>&quot;Since the embassy of the Islamic State of Afghanistan has been in contact with the central government (the Taleban) and was representing to some extent the aims of the Islamic State, the Foreign Ministry of the Islamic State does not consider this action fair or just and expresses its protest at this measure,&quot; the Taleban said in a note given to reporters in Kabul on Saturday.</p>
<p>The United States on Thursday gave the Afghan embassy in Washington one week to close down, saying it does not want to seem partial towards the fundamentalist Taleban, who control the Afghan capital.</p>
<p>&quot;The Department of State has decided to suspend temporarily operations at the Afghanistan embassy in Washington, effective August 21st,&quot; State Department spokesman James Rubin told reporters in Washington.</p>
<p>&quot;We concluded that the result of not taking this action would be that one representative of the Taleban would end up being in charge -- that would send a signal that we were not neutral,&quot; he added.</p>
<p>But the Taleban statement said that the Afghan consulate in New York, which is still controlled by officers loyal to the opposition ousted from Kabul last September, remains open, calling into question the American claims of neutrality.</p>
<p>&quot;The suspension of the embassy in Washington while the consulate in New York, which is under the control of the opposition, continues to function, brings into question the claim of the United States of America to be neutral on the Afghan issue.&quot; it said.</p>
<p>Rubin said that the consulate in New York could stay open because it provides services to the Afghan-American community.</p>
<p>&quot;We draw a distinction between the political fnnctions performed in an embassy and the service functions performed at a consulate,&quot; he said.</p>
<p>The Afghan embassy has had two senior diplomats in dispute over who represents the country. They are Seraj Jamal, nominated charge d'affaires by the Taleban, and former charge d'affaires Yar Mohammad Mohabbat, an appointee of the old government.</p>
<p>In May, the Taleban asked Mohabbat to give up his post in favor of Jamal, but the State Department has not accredited Jamal as his successor, an embassy source said.</p>
<p>Rubin said the Afghan diplomats could stay in the United States as representatives of Afghan political factions, but they would lose their diplomatic immunity.</p>
<p>&quot;If they want to stay and serve as a faction representer, they would have to do it from some other place (outside the embassy building),&quot; he added.</p>
<p>The Taleban controls two thirds of Afghanistan but are battling opposition forces who hold a large swathe of territory in the north of the country.</p>
<p>Only three countries -- Saudi Arabia, Pakistan, and the United Arab Emirates -- have formally recognised the Taleban as the legitimate authorities in Afghanistan. Afghanistan's seat in the United Nations is occupied by a representative of the opposition.</p>
<p>Most other nations say they are waiting for a decision from the United Nations accreditation committee on who should represent Afghanistan. The committee is expected to discuss the matter in October.</p>
</text>
<copyright>(c) Reuters Limited 1997</copyright>
<metadata>
<codes class="bip:countries:1.0">
  <code code="AFGH">
    <editdetail attribution="Reuters BIP Coding Group" action="confirmed" date="1997-08-17"/>
  </code>
  <code code="USA">
    <editdetail attribution="Reuters BIP Coding Group" action="confirmed" date="1997-08-17"/>
  </code>
</codes>
<codes class="bip:topics:1.0">
  <code code="GCAT">
    <editdetail attribution="Reuters BIP Coding Group" action="confirmed" date="1997-08-17"/>
  </code>
  <code code="GDIP">
    <editdetail attribution="Reuters BIP Coding Group" action="confirmed" date="1997-08-17"/>
  </code>
  <code code="GVIO">
    <editdetail attribution="Reuters BIP Coding Group" action="confirmed" date="1997-08-17"/>
  </code>
</codes>
<dc element="dc.date.created" value="1997-08-17"/>
<dc element="dc.publisher" value="Reuters Holdings Plc"/>
<dc element="dc.date.published" value="1997-08-17"/>
<dc element="dc.source" value="Reuters"/>
<dc element="dc.creator.location" value="KABUL"/>
<dc element="dc.creator.location.country.name" value="AFGHANISTAN"/>
<dc element="dc.source" value="Reuters"/>
</metadata>
</newsitem>
