<?xml version="1.0" encoding="iso-8859-1" ?>
<newsitem itemid="804751" id="root" date="1997-08-17" xml:lang="en">
<title>AUSTRIA: Austria mudslide hits 20 houses, no one hurt.</title>
<headline>Austria mudslide hits 20 houses, no one hurt.</headline>
<dateline>VIENNA 1997-08-17</dateline>
<text>
<p>Twenty houses were buried when a rain-swollen stream burst its banks and set off a mudslide early on Sunday in the Austrian province of Tyrol, but no one was injured, Austrian state television reported.</p>
<p>It said the fire brigade had to free some families from their sludge-barricaded houses in the Lienz suburb of Nussdorf-Debant.</p>
</text>
<copyright>(c) Reuters Limited 1997</copyright>
<metadata>
<codes class="bip:countries:1.0">
  <code code="AUST">
    <editdetail attribution="Reuters BIP Coding Group" action="confirmed" date="1997-08-17"/>
  </code>
</codes>
<codes class="bip:topics:1.0">
  <code code="GCAT">
    <editdetail attribution="Reuters BIP Coding Group" action="confirmed" date="1997-08-17"/>
  </code>
  <code code="GDIS">
    <editdetail attribution="Reuters BIP Coding Group" action="confirmed" date="1997-08-17"/>
  </code>
</codes>
<dc element="dc.date.created" value="1997-08-17"/>
<dc element="dc.publisher" value="Reuters Holdings Plc"/>
<dc element="dc.date.published" value="1997-08-17"/>
<dc element="dc.source" value="Reuters"/>
<dc element="dc.creator.location" value="VIENNA"/>
<dc element="dc.creator.location.country.name" value="AUSTRIA"/>
<dc element="dc.source" value="Reuters"/>
</metadata>
</newsitem>
