<?xml version="1.0" encoding="iso-8859-1" ?>
<newsitem itemid="804767" id="root" date="1997-08-17" xml:lang="en">
<title>SRI LANKA: Fighting in northeastern Sri Lanka kills 11.</title>
<headline>Fighting in northeastern Sri Lanka kills 11.</headline>
<dateline>COLOMBO 1997-08-17</dateline>
<text>
<p>Fighting between government troops and Tamil Tiger separatists in northeastern Sri Lanka killed at least 11 people, including four soldiers, the defence ministry said on Sunday.</p>
<p>The soldiers were killed when Liberation Tigers of Tamil Eelam (LTTE) rebels attacked a military point at Uyilankulam village in northwestern Mannar district on Saturday, a ministry statement said.</p>
<p>Rebel radio intercepted by the military had indicated four separatists were killed and 11 wounded, the statement added.</p>
<p>Four soldiers were also wounded in the attack, which occurred some 220 kilometres (137 miles) north of the capital, Colombo.</p>
<p>Three rebels were killed in northern Jaffna peninsula in two separate confrontations with troops, also on Saturday, the ministry said.</p>
<p>The LTTE are fighting for a separate homeland for minority Tamils in the Indian Ocean island's north and east.</p>
<p>The government says more than 50,000 people have been killed in the war, now in its 15th year. LTTE claim the toll is higher.</p>
<p>There was no immediate comment from the LTTE on the latest attacks.</p>
</text>
<copyright>(c) Reuters Limited 1997</copyright>
<metadata>
<codes class="bip:countries:1.0">
  <code code="SRILAN">
    <editdetail attribution="Reuters BIP Coding Group" action="confirmed" date="1997-08-17"/>
  </code>
</codes>
<codes class="bip:topics:1.0">
  <code code="GCAT">
    <editdetail attribution="Reuters BIP Coding Group" action="confirmed" date="1997-08-17"/>
  </code>
  <code code="GVIO">
    <editdetail attribution="Reuters BIP Coding Group" action="confirmed" date="1997-08-17"/>
  </code>
</codes>
<dc element="dc.date.created" value="1997-08-17"/>
<dc element="dc.publisher" value="Reuters Holdings Plc"/>
<dc element="dc.date.published" value="1997-08-17"/>
<dc element="dc.source" value="Reuters"/>
<dc element="dc.creator.location" value="COLOMBO"/>
<dc element="dc.creator.location.country.name" value="SRI LANKA"/>
<dc element="dc.source" value="Reuters"/>
</metadata>
</newsitem>
