<?xml version="1.0" encoding="iso-8859-1" ?>
<newsitem itemid="804787" id="root" date="1997-08-17" xml:lang="en">
<title>ISRAEL: Israel's labour unions declare work dispute.</title>
<headline>Israel's labour unions declare work dispute.</headline>
<dateline>JERUSALEM 1997-08-17</dateline>
<text>
<p>Israel's Histadrut umbrella labour federation on Sunday declared a work dispute, the first legal step toward declaring a general strike, a spokeswoman for the organisation said.</p>
<p>She told Reuters the earliest a strike could be called would be September 2, but emphasised that negotiations with the government might prevent a general strike.  </p>
<p>&quot;The decision was taken in the wake of the decisions the government took,&quot; spokeswoman Ronit Levy told Reuters.</p>
<p>Histadrut labour federation secretary-general Amir Peretz was to meet Israeli Finance Minister Yaacov Neeman later on Sunday. The two last met on Thursday in an attempt to reach a compromise on a controversial package of economic reforms but failed to agree.</p>
<p>That meeting followed cabinet approval on Wednesday night of 10 structural reforms, part of an effort to revive Israel's flagging economic growth. The reforms include privatisation, capital market and foreign currency reforms, and sectoral deregulation.</p>
<p>Histadrut says the reforms are a prescription for increasing unemployment and attack workers' rights.</p>
</text>
<copyright>(c) Reuters Limited 1997</copyright>
<metadata>
<codes class="bip:countries:1.0">
  <code code="ISRAEL">
    <editdetail attribution="Reuters BIP Coding Group" action="confirmed" date="1997-08-17"/>
  </code>
</codes>
<codes class="bip:topics:1.0">
  <code code="C42">
    <editdetail attribution="Reuters BIP Coding Group" action="confirmed" date="1997-08-17"/>
  </code>
  <code code="GJOB">
    <editdetail attribution="Reuters BIP Coding Group" action="confirmed" date="1997-08-17"/>
  </code>
</codes>
<dc element="dc.date.created" value="1997-08-17"/>
<dc element="dc.publisher" value="Reuters Holdings Plc"/>
<dc element="dc.date.published" value="1997-08-17"/>
<dc element="dc.source" value="Reuters"/>
<dc element="dc.creator.location" value="JERUSALEM"/>
<dc element="dc.creator.location.country.name" value="ISRAEL"/>
<dc element="dc.source" value="Reuters"/>
</metadata>
</newsitem>
