<?xml version="1.0" encoding="iso-8859-1" ?>
<newsitem itemid="804752" id="root" date="1997-08-17" xml:lang="en">
<title>FRANCE: PRESS DIGEST - Algeria - Aug 17.</title>
<headline>PRESS DIGEST - Algeria - Aug 17.</headline>
<dateline>PARIS 1997-08-17</dateline>
<text>
<p>Following are some of the leading stories in the Algerian press on Sunday. Reuters has not verified these stories and does not vouch for them.</p>
<p>LE MATIN</p>
<p>- Long night of conspiracy ahead of submission today (Sunday) of government programme before parliament.</p>
<p>EL WATAN</p>
<p>- Great polemic over privatisation of farming land. But the idea is not new and has already been adopted, last December, by the council of ministers.</p>
<p>LIBERTE</p>
<p>- SOS over water situation for the capital, Algiers. With the current 18 million cub metres capacity of the Keddara dam which supplies the city, and authorised consumption of 4.5 million cubic metres per month, Algerians have only three more months water suppies. &quot;After that, the future is uncertain unless weather conditions improve.&quot;</p>
<p>TRIBUNE</p>
<p>- Victims of &quot;terrorism&quot; are living a calvary in the absence of anyone really tackling their problems. Because of lack of medical followup they become prisoners of traumatism.</p>
<p>- Distribution of water may be privatised.</p>
</text>
<copyright>(c) Reuters Limited 1997</copyright>
<metadata>
<codes class="bip:countries:1.0">
  <code code="ALG">
    <editdetail attribution="Reuters BIP Coding Group" action="confirmed" date="1997-08-17"/>
  </code>
</codes>
<codes class="bip:topics:1.0">
  <code code="GCAT">
    <editdetail attribution="Reuters BIP Coding Group" action="confirmed" date="1997-08-17"/>
  </code>
</codes>
<dc element="dc.date.created" value="1997-08-17"/>
<dc element="dc.publisher" value="Reuters Holdings Plc"/>
<dc element="dc.date.published" value="1997-08-17"/>
<dc element="dc.source" value="Reuters"/>
<dc element="dc.creator.location" value="PARIS"/>
<dc element="dc.creator.location.country.name" value="FRANCE"/>
<dc element="dc.source" value="Reuters"/>
</metadata>
</newsitem>
