<?xml version="1.0" encoding="iso-8859-1" ?>
<newsitem itemid="804773" id="root" date="1997-08-17" xml:lang="en">
<title>SRI LANKA: Branding helps S.Lankan firm take on multinational.</title>
<headline>Branding helps S.Lankan firm take on multinational.</headline>
<byline>Prithi Kodagoda</byline>
<dateline>COLOMBO 1997-08-17</dateline>
<text>
<p>A century-old brand loyalty and aggressive marketing have helped Sri Lanka's Ceylon Cold Stores Ltd take on multinationals on its home patch.</p>
<p>The company, which began making ice 131 years ago, has since moved on to make soft drinks and ice-cream, competing with the marketing and financial muscle of the likes of Coca Cola, Pepsi and Unilever Plc.</p>
<p>People in tropical Sri Lanka swear by Ceylon Cold Stores' lemonade and ginger beer, and its Elephant brand ice-cream has the biggest chunk of the market. They also drink its soda in large quantities.</p>
<p>Since being taken over in 1990 by the Sri Lankan conglomerate John Keells Holdings Ltd, Ceylon Cold Stores has emerged as the most profitable of the 61 companies in the group, its managing director Sumithra Gunasekera told Reuters.</p>
<p>Net profits grew by 73 percent to 152.78 million rupees in the financial year to March 31, 1997 after a 250 percent rise to 88.33 million in the previous financial year.</p>
<p>Profits in the first quarter of this year rose sharply by 197 percent to 61.48 million rupees.</p>
<p>&quot;Our customers have come to associate value for money with us and we try not to let them down,&quot; Gunasekera said.</p>
<p>&quot;But heritage and longevity are no guarantee of customer loyalty if you stop giving value for money,&quot; he added.</p>
<p>&quot;With annual volume of 110 million bottles, we have about 42 percent of the soft drinks market which is growing steadily,&quot; said Raji Goonewardena, finance director of Cold Stores.</p>
<p>An official of one of its competitors in the soft drinks industry said distribution was one of Cold Stores's biggest advantages.</p>
<p>&quot;Their distribution system has been in place for years. Their other advantage is that they don't use branded bottles but plain bottles with labels, thereby saving on costs. They also save a lot by way of depreciation on old machinery and trucks,&quot; he said.</p>
<p>Ceylon Cold Stores has now invested 280 million rupees on a modern bottling plant at the Colombo suburb of Kaduwela, Goonewardena said.</p>
<p>With a 55 percent share, Ceylon Cold Stores also leads the way in the local ice-cream market, giving tough competition to Unilever's Walls brand.</p>
<p>Unilever has vigrously promoted Walls in the past year, but Gunasekera is not worried.</p>
<p>&quot;Walls has opened up a new market of street sales and stick lines, which will grow the overall ice cream market and benefit everyone,&quot; he said.</p>
<p>He said Cold Stores has been able to increase output in its core areas of soft drinks and ice-creams by about 40 percent using the same machinery, due to higher efficiency.</p>
<p>Analysts said Cold Stores is able to take on the multinationals mostly due to aggressive marketing of its products, which started after John Keells took it over.</p>
<p>&quot;There is brand loyalty because Cold Stores has been around for over 100 years and its green Elephant trademark is a byword,&quot; said Avanka Herat, food and beverage sector analyst at brokerage Jardine Fleming HNB.</p>
<p>Jardine Fleming forecast above-average growth in the next two to three years.</p>
<p>&quot;Cold Stores also has a 5-10 percent share of the local market for processed meats and caters to a segment which still prefers sausages and bacon cured the traditional way,&quot; Gunasekera said.</p>
</text>
<copyright>(c) Reuters Limited 1997</copyright>
<metadata>
<codes class="bip:countries:1.0">
  <code code="SRILAN">
    <editdetail attribution="Reuters BIP Coding Group" action="confirmed" date="1997-08-17"/>
  </code>
</codes>
<codes class="bip:topics:1.0">
  <code code="C21">
    <editdetail attribution="Reuters BIP Coding Group" action="confirmed" date="1997-08-17"/>
  </code>
  <code code="C32">
    <editdetail attribution="Reuters BIP Coding Group" action="confirmed" date="1997-08-17"/>
  </code>
  <code code="CCAT">
    <editdetail attribution="Reuters BIP Coding Group" action="confirmed" date="1997-08-17"/>
  </code>
</codes>
<dc element="dc.date.created" value="1997-08-17"/>
<dc element="dc.publisher" value="Reuters Holdings Plc"/>
<dc element="dc.date.published" value="1997-08-17"/>
<dc element="dc.source" value="Reuters"/>
<dc element="dc.creator.location" value="COLOMBO"/>
<dc element="dc.creator.location.country.name" value="SRI LANKA"/>
<dc element="dc.source" value="Reuters"/>
</metadata>
</newsitem>
