<?xml version="1.0" encoding="iso-8859-1" ?>
<newsitem itemid="804789" id="root" date="1997-08-17" xml:lang="en">
<title>GERMANY: Kohl says will not sacrifice stability for euro.</title>
<headline>Kohl says will not sacrifice stability for euro.</headline>
<dateline>BONN 1997-08-17</dateline>
<text>
<p>German chancellor Helmut Kohl said in an interview released on Sunday he would not sacrifice the stability of the European Union's planned single currency for the sake of the project as a whole.</p>
<p>He also said a strong European central bank was required to ensure the lasting stability of economic and monetary union (EMU), according to the transcript of the interview with ZDF television recorded at his holiday home in Austria.  </p>
<p>&quot;We don't want a weak euro,&quot; Kohl said. &quot;Whoever believes that Helmut Kohl will give up the policy (of stability) out of enthusiasm for Europe and day-to-day factors...is wrong. That is a price I will not pay.&quot;</p>
<p>European leaders are due in spring 1998 to rule on which countries will qualify to join EMU. Kohl said that, in addition to the Maastricht treaty fiscal criteria, the sustainability of state finances would be a key factor.</p>
<p>&quot;I am not just thinking of the criteria this or next year ... but of the concept of sustainability,&quot; Kohl said. &quot;That is why we need an active and powerful European central bank.&quot;</p>
<p>He did not answer directly a question asking whether Germany would meet the Maastricht budget deficit goal of three percent of gross domestic product this year.</p>
</text>
<copyright>(c) Reuters Limited 1997</copyright>
<metadata>
<codes class="bip:countries:1.0">
  <code code="AUST">
    <editdetail attribution="Reuters BIP Coding Group" action="confirmed" date="1997-08-17"/>
  </code>
  <code code="EEC">
    <editdetail attribution="Reuters BIP Coding Group" action="confirmed" date="1997-08-17"/>
  </code>
  <code code="GFR">
    <editdetail attribution="Reuters BIP Coding Group" action="confirmed" date="1997-08-17"/>
  </code>
</codes>
<codes class="bip:topics:1.0">
  <code code="E12">
    <editdetail attribution="Reuters BIP Coding Group" action="confirmed" date="1997-08-17"/>
  </code>
  <code code="G151">
    <editdetail attribution="Reuters BIP Coding Group" action="confirmed" date="1997-08-17"/>
  </code>
  <code code="G154">
    <editdetail attribution="Reuters BIP Coding Group" action="confirmed" date="1997-08-17"/>
  </code>
</codes>
<dc element="dc.date.created" value="1997-08-17"/>
<dc element="dc.publisher" value="Reuters Holdings Plc"/>
<dc element="dc.date.published" value="1997-08-17"/>
<dc element="dc.source" value="Reuters"/>
<dc element="dc.creator.location" value="BONN"/>
<dc element="dc.creator.location.country.name" value="GERMANY"/>
<dc element="dc.source" value="Reuters"/>
</metadata>
</newsitem>
