<?xml version="1.0" encoding="iso-8859-1" ?>
<newsitem itemid="804791" id="root" date="1997-08-17" xml:lang="en">
<title>INDIA: FUND VIEW-India share cool down offers bargains.</title>
<headline>FUND VIEW-India share cool down offers bargains.</headline>
<byline>Ranjit Gangadharan</byline>
<dateline>BOMBAY 1997-08-17</dateline>
<text>
<p>India's boiling stock market is showing signs of cooling after an eight-month-long rally but fund managers said it was a good opportunity to accumulate shares.</p>
<p>&quot;Far from an over-bought zone the market is hardly in a bought zone,&quot; said Bharat Shah, chief investment officer at Birla Capital International AMC Ltd.</p>
<p>&quot;There's lot of money in the banks waiting to enter the markets which indicates that the market is substantially underbought as yet,&quot; he said.</p>
<p>The benchmark 30-share Bombay Stock Exchange (BSE) index last week ended 76.66 points, or 1.75 percent, lower at 4,320.97 -- after surging to 34-month highs more than two weeks ago.</p>
<p>Analysts expect the market to be range-bound at 4,200-4,400 points until December, because of new equity issues in the pipeline and discouraging by lower first half results.</p>
<p>Two large state-run firms, Gas Authority of India and Mahanagar Telephone Nigam Ltd, have plans to raise about $1.5 billion through an international issue of global depositary receipts in the last quarter of 1997.</p>
<p>&quot;Worries on interim results accompanied by earnings downgrades and increased stock supply .. are expected to lead to a downward correction (in the short-term),&quot; said Jyotivardhan Jaipuria, strategist at Merrill Lynch's Indian affiliate.</p>
<p>But the market was currently trading at price earnings multiple of 16.2 times the historic earnings against a five-year average of 27.9, he said.</p>
<p>S.K. Mitra, a director at Birla Capital, believes this is the right time for investors to buy.</p>
<p>&quot;Time is running out for retail investors,&quot; he said. &quot;They should come in now rather than jump in when the market is really hot.&quot;</p>
<p>Birla Capital is a Mauritius-registered joint venture, between India's Aditya Birla Group and Capital Group of the U.S., which manages about 5.9 billion rupees ($165 million).</p>
<p>A $10 million open-ended offshore India Advantage Fund it launched a year ago has swelled 56 percent to $15.6 million, Shah said, adding that it outperformed the BSE index's 29 percent rise in the same period.</p>
<p>His success was based on buying into a company which offered good valuations, irrespective of the sector it was in.</p>
<p>Shah said a poorly faring industry sometimes offered the best bargains like chemical firm Clariant India Ltd, a subsidiary of Clariant AG.</p>
<p>&quot;Our methodology is: You can lose out on an excellent stock in a badly faring industry, and you can end up buying a very lousy firm in an exciting industry,&quot; he said.</p>
<p>DSP Merrill Lynch's Jaipuria expects the market rally to spill over to the broader section and advised clients to look at sectors that face bad news in the near-term.</p>
<p>He said in a note that he has upgraded engineering and finance sectors to overweight from neutral, and sees opportunities in cement shares.</p>
<p>&quot;We are adding India Cements to our top picks, given our increased weighting of the cement sector, and Tata Power given its sharp underperformance,&quot; he said.</p>
<p>Fund managers must look to 1998 when an economic revival is forecast to boost the BSE index to 5,000-5,200 points, he added.</p>
</text>
<copyright>(c) Reuters Limited 1997</copyright>
<metadata>
<codes class="bip:countries:1.0">
  <code code="INDIA">
    <editdetail attribution="Reuters BIP Coding Group" action="confirmed" date="1997-08-17"/>
  </code>
</codes>
<codes class="bip:topics:1.0">
  <code code="C32">
    <editdetail attribution="Reuters BIP Coding Group" action="confirmed" date="1997-08-17"/>
  </code>
</codes>
<dc element="dc.date.created" value="1997-08-17"/>
<dc element="dc.publisher" value="Reuters Holdings Plc"/>
<dc element="dc.date.published" value="1997-08-17"/>
<dc element="dc.source" value="Reuters"/>
<dc element="dc.creator.location" value="BOMBAY"/>
<dc element="dc.creator.location.country.name" value="INDIA"/>
<dc element="dc.source" value="Reuters"/>
</metadata>
</newsitem>
