<?xml version="1.0" encoding="iso-8859-1" ?>
<newsitem itemid="741292" id="root" date="1997-07-20" xml:lang="en">
<title>UK: GOLF-LEONARD PUTTS SUPERBLY TO WIN BRITISH OPEN.</title>
<headline>GOLF-LEONARD PUTTS SUPERBLY TO WIN BRITISH OPEN.</headline>
<dateline>TROON, Scotland 1997-07-20</dateline>
<text>
<p>American Justin Leonard putted supremely for a six-under-par 65 and overhauled Jesper Parnevik of Sweden to capture the British Open golf title by three strokes on Sunday.</p>
<p>The unheralded former U.S. amateur champion rifled in putts from all over the greens of Royal Troon including birdies from 15 feet and 35 feet at the 16th and 17th holes as once again Parnevik was denied the title.</p>
<p>It seemed most likely to go to the Swede for most of the day but Parnevik, who lost the 1994 Open at Turnberry to Nick Price when he bogeyed the final hole, missed a vital four-foot birdie putt at the 16th hole.</p>
<p>Then he bogeyed the last two holes to drop back into a tie for second place with Northern Irishman Darren Clarke.</p>
<p>Leonard, winning only his third title as a professional, finished with a 12-under-par total of 272. Parnevik had a final round two-over-par 73 while Clarke compiled a level-par 71.</p>
<p>&quot;I made the putts I missed yesterday,&quot; said Leonard, who shot a one-over-par 72 on Saturday.</p>
<p>&quot;I can't believe how calm I was right up until the 18th green.&quot;</p>
</text>
<copyright>(c) Reuters Limited 1997</copyright>
<metadata>
<codes class="bip:countries:1.0">
  <code code="UK">
    <editdetail attribution="Reuters BIP Coding Group" action="confirmed" date="1997-07-20"/>
  </code>
  <code code="USA">
    <editdetail attribution="Reuters BIP Coding Group" action="confirmed" date="1997-07-20"/>
  </code>
</codes>
<codes class="bip:topics:1.0">
  <code code="GCAT">
    <editdetail attribution="Reuters BIP Coding Group" action="confirmed" date="1997-07-20"/>
  </code>
  <code code="GSPO">
    <editdetail attribution="Reuters BIP Coding Group" action="confirmed" date="1997-07-20"/>
  </code>
</codes>
<dc element="dc.date.created" value="1997-07-20"/>
<dc element="dc.publisher" value="Reuters Holdings Plc"/>
<dc element="dc.date.published" value="1997-07-20"/>
<dc element="dc.source" value="Reuters"/>
<dc element="dc.creator.location" value="TROON, Scotland"/>
<dc element="dc.creator.location.country.name" value="UK"/>
<dc element="dc.source" value="Reuters"/>
</metadata>
</newsitem>
