<?xml version="1.0" encoding="iso-8859-1" ?>
<newsitem itemid="741343" id="root" date="1997-07-20" xml:lang="en">
<title>GERMANY: TENNIS-SINGING SPANIARD CORRETJA CLAIMS STUTTGART CROWN.</title>
<headline>TENNIS-SINGING SPANIARD CORRETJA CLAIMS STUTTGART CROWN.</headline>
<dateline>STUTTGART, Germany 1997-07-20</dateline>
<text>
<p>Spain's Alex Corretja defeated unseeded Karol Kucera of Slovakia 6-2 7-5 on Sunday to win the Stuttgart clay-court tournament and then served up a song for the spectators.</p>
<p>Third seed Corretja used the public address system to serenade the crowd with a version of &quot;La Bamba&quot; after an invitation from the stadium announcer.</p>
<p>The final was the second match of the day for both players. They first had to contest semifinals held over from Saturday because of heavy rain.</p>
<p>Corretja defeated ninth-seeded fellow Spaniard Albert Costa 6-4 6-4 in his semifinal while Kucera beat unseeded Albert Portas 6-4 6-3 to prevent an all-Spanish final.</p>
</text>
<copyright>(c) Reuters Limited 1997</copyright>
<metadata>
<codes class="bip:countries:1.0">
  <code code="GFR">
    <editdetail attribution="Reuters BIP Coding Group" action="confirmed" date="1997-07-20"/>
  </code>
  <code code="SLVAK">
    <editdetail attribution="Reuters BIP Coding Group" action="confirmed" date="1997-07-20"/>
  </code>
  <code code="SPAIN">
    <editdetail attribution="Reuters BIP Coding Group" action="confirmed" date="1997-07-20"/>
  </code>
</codes>
<codes class="bip:topics:1.0">
  <code code="GCAT">
    <editdetail attribution="Reuters BIP Coding Group" action="confirmed" date="1997-07-20"/>
  </code>
  <code code="GSPO">
    <editdetail attribution="Reuters BIP Coding Group" action="confirmed" date="1997-07-20"/>
  </code>
</codes>
<dc element="dc.date.created" value="1997-07-20"/>
<dc element="dc.publisher" value="Reuters Holdings Plc"/>
<dc element="dc.date.published" value="1997-07-20"/>
<dc element="dc.source" value="Reuters"/>
<dc element="dc.creator.location" value="STUTTGART, Germany"/>
<dc element="dc.creator.location.country.name" value="GERMANY"/>
<dc element="dc.source" value="Reuters"/>
</metadata>
</newsitem>
