<?xml version="1.0" encoding="iso-8859-1" ?>
<newsitem itemid="741375" id="root" date="1997-07-20" xml:lang="en">
<title>UK: IRA ceasefire takes effect.</title>
<headline>IRA ceasefire takes effect.</headline>
<dateline>BELFAST 1997-07-20</dateline>
<text>
<p>An Irish Republican Army ceasefire in its 28-year-old guerrilla war against British rule of Northern Ireland took effect at midday (1100 GMT) on Sunday.</p>
<p>The IRA issued no fresh statement. Its decision to call a &quot;complete cessation of all military operations&quot; was announced in a statement on Saturday.  </p>
<p>The truce, which restores an August 1994 ceasefire which the guerrrillas broke in February 1996, will allow its Sinn Fein political wing to take part in peace talks in six weeks if Britain judges the ceasefire to be genuine.</p>
<p>Hardline Unionists, who want the province to remain British, are threatening to walk out of the negotiations because Sinn Fein will be allowed to take part without the IRA surrendering any arms first.</p>
<p>But the province's biggest political party, the Ulster Unionist Party, has not made its next move clear pending talks on Monday between its leader, David Trimble, and British Prime Minister Tony Blair.</p>
</text>
<copyright>(c) Reuters Limited 1997</copyright>
<metadata>
<codes class="bip:countries:1.0">
  <code code="UK">
    <editdetail attribution="Reuters BIP Coding Group" action="confirmed" date="1997-07-20"/>
  </code>
</codes>
<codes class="bip:topics:1.0">
  <code code="GCAT">
    <editdetail attribution="Reuters BIP Coding Group" action="confirmed" date="1997-07-20"/>
  </code>
  <code code="GPOL">
    <editdetail attribution="Reuters BIP Coding Group" action="confirmed" date="1997-07-20"/>
  </code>
  <code code="GVIO">
    <editdetail attribution="Reuters BIP Coding Group" action="confirmed" date="1997-07-20"/>
  </code>
</codes>
<dc element="dc.date.created" value="1997-07-20"/>
<dc element="dc.publisher" value="Reuters Holdings Plc"/>
<dc element="dc.date.published" value="1997-07-20"/>
<dc element="dc.source" value="Reuters"/>
<dc element="dc.creator.location" value="BELFAST"/>
<dc element="dc.creator.location.country.name" value="UK"/>
<dc element="dc.source" value="Reuters"/>
</metadata>
</newsitem>
