<?xml version="1.0" encoding="iso-8859-1" ?>
<newsitem itemid="741329" id="root" date="1997-07-20" xml:lang="en">
<title>CHINA: SOCCER-UNINSPIRED UNITED BEAT HONG KONG CHAMPIONS 1-0.</title>
<headline>SOCCER-UNINSPIRED UNITED BEAT HONG KONG CHAMPIONS 1-0.</headline>
<dateline>HONG KONG 1997-07-20</dateline>
<text>
<p>A Jordi Cruyff goal 15 minutes from time gave Manchester United a 1-0 win over Hong Kong champions South China in the second lacklustre match of United's brief Asian tour on Sunday.</p>
<p>The English champions, who were similarly unimpressive when they beat Thailand 2-0 on Thursday, did just about enough to win the exhibition game in which both sides missed chances and United appeared to wilt in the sub-tropical humidity.</p>
<p>Local fans were disappointed that United played without stars Ryan Giggs, David Beckham and Gary Neville but there was still a capacity crowd of 40,000 to watch the match, the first to feature a British team in Hong Kong since the former colony was handed back to China at the end of last month.</p>
<p>Many in the crowd began leaving before the final whistle and South China club officials said they had agreed to refund some fans their entrance fee of $50 because of the non-appearance of some of the United stars.</p>
<p>Teddy Sheringham, United's new 3.5 million pounds ($6.0 million) signing from Tottenham played his second match for United and was more involved than he was against Thailand and manager Alex Ferguson was pleased with the England international's performance.</p>
<p>&quot;He was more involved today than he was in the first match and as each game goes by I think he will continue to improve his partnership with the other players,&quot; said Ferguson afterwards.</p>
<p>United, bidding to win the English title for the fifth time in six seasons when the new season starts in three weeks time, expect to have Brazilian defender Celio Silva in the side by the start of the season -- or very soon afterwards.</p>
<p>Ferguson said United were waiting for Celio Silva's work permit to be ratified and hoped the player's 3.5 million pounds ($6.0 million) move from Corinthians would be completed with no problems.</p>
<p>&quot;These things usually take two or three weeks and I am hoping it won't be any longer than that,&quot; he said.</p>
</text>
<copyright>(c) Reuters Limited 1997</copyright>
<metadata>
<codes class="bip:countries:1.0">
  <code code="CHINA">
    <editdetail attribution="Reuters BIP Coding Group" action="confirmed" date="1997-07-20"/>
  </code>
  <code code="HKONG">
    <editdetail attribution="Reuters BIP Coding Group" action="confirmed" date="1997-07-20"/>
  </code>
  <code code="UK">
    <editdetail attribution="Reuters BIP Coding Group" action="confirmed" date="1997-07-20"/>
  </code>
</codes>
<codes class="bip:topics:1.0">
  <code code="GCAT">
    <editdetail attribution="Reuters BIP Coding Group" action="confirmed" date="1997-07-20"/>
  </code>
  <code code="GSPO">
    <editdetail attribution="Reuters BIP Coding Group" action="confirmed" date="1997-07-20"/>
  </code>
</codes>
<dc element="dc.date.created" value="1997-07-20"/>
<dc element="dc.publisher" value="Reuters Holdings Plc"/>
<dc element="dc.date.published" value="1997-07-20"/>
<dc element="dc.source" value="Reuters"/>
<dc element="dc.creator.location" value="HONG KONG"/>
<dc element="dc.creator.location.country.name" value="CHINA"/>
<dc element="dc.source" value="Reuters"/>
</metadata>
</newsitem>
