<?xml version="1.0" encoding="iso-8859-1" ?>
<newsitem itemid="741348" id="root" date="1997-07-20" xml:lang="en">
<title>SPAIN: SOCCER-RIOS $13.5 MILLION TRANSFER SETS SPANISH RECORD.</title>
<headline>SOCCER-RIOS $13.5 MILLION TRANSFER SETS SPANISH RECORD.</headline>
<dateline>MADRID 1997-07-20</dateline>
<text>
<p>Athletic Bilbao have paid two billion pesetas ($13.5 million) for Spanish international defender Roberto Rios, Spanish newspapers reported on Sunday.</p>
<p>The transfer is the biggest ever involving a Spanish player.</p>
<p>Rios, 26, had played for Real Betis since 1992.</p>
<p>He has seven caps to his name, having played in all of Spain's matches since he made his international debut against the Czech Republic last October.</p>
<p>Rios, the son of former Spanish international Eusebio Rios, was a target for Manchester United earlier in the year, but a reported offer of $10.5 million was turned down.</p>
</text>
<copyright>(c) Reuters Limited 1997</copyright>
<metadata>
<codes class="bip:countries:1.0">
  <code code="SPAIN">
    <editdetail attribution="Reuters BIP Coding Group" action="confirmed" date="1997-07-20"/>
  </code>
</codes>
<codes class="bip:topics:1.0">
  <code code="GCAT">
    <editdetail attribution="Reuters BIP Coding Group" action="confirmed" date="1997-07-20"/>
  </code>
  <code code="GSPO">
    <editdetail attribution="Reuters BIP Coding Group" action="confirmed" date="1997-07-20"/>
  </code>
</codes>
<dc element="dc.date.created" value="1997-07-20"/>
<dc element="dc.publisher" value="Reuters Holdings Plc"/>
<dc element="dc.date.published" value="1997-07-20"/>
<dc element="dc.source" value="Reuters"/>
<dc element="dc.creator.location" value="MADRID"/>
<dc element="dc.creator.location.country.name" value="SPAIN"/>
<dc element="dc.source" value="Reuters"/>
</metadata>
</newsitem>
