<?xml version="1.0" encoding="iso-8859-1" ?>
<newsitem itemid="741312" id="root" date="1997-07-20" xml:lang="en">
<title>UK: CRICKET-AUSTRALIA 351-6 V MIDDLESEX (305) - CLOSE.</title>
<headline>CRICKET-AUSTRALIA 351-6 V MIDDLESEX (305) - CLOSE.</headline>
<dateline>LONDON 1997-07-20</dateline>
<text>
<p>Australia were 351-6 in reply to Middlesex's first innings of 305 at the close on the second day of their three-day match at Lord's on Sunday.</p>
</text>
<copyright>(c) Reuters Limited 1997</copyright>
<metadata>
<codes class="bip:countries:1.0">
  <code code="AUSTR">
    <editdetail attribution="Reuters BIP Coding Group" action="confirmed" date="1997-07-20"/>
  </code>
  <code code="UK">
    <editdetail attribution="Reuters BIP Coding Group" action="confirmed" date="1997-07-20"/>
  </code>
</codes>
<codes class="bip:topics:1.0">
  <code code="GCAT">
    <editdetail attribution="Reuters BIP Coding Group" action="confirmed" date="1997-07-20"/>
  </code>
  <code code="GSPO">
    <editdetail attribution="Reuters BIP Coding Group" action="confirmed" date="1997-07-20"/>
  </code>
</codes>
<dc element="dc.date.created" value="1997-07-20"/>
<dc element="dc.publisher" value="Reuters Holdings Plc"/>
<dc element="dc.date.published" value="1997-07-20"/>
<dc element="dc.source" value="Reuters"/>
<dc element="dc.creator.location" value="LONDON"/>
<dc element="dc.creator.location.country.name" value="UK"/>
<dc element="dc.source" value="Reuters"/>
</metadata>
</newsitem>
