<?xml version="1.0" encoding="iso-8859-1" ?>
<newsitem itemid="741350" id="root" date="1997-07-20" xml:lang="en">
<title>SRI LANKA: CRICKET-INDIA V PAKISTAN SCOREBOARD.</title>
<headline>CRICKET-INDIA V PAKISTAN SCOREBOARD.</headline>
<dateline>COLOMBO 1997-07-20</dateline>
<text>
<p>Scoreboard of Sunday's abandoned</p>
<p>Asia Cup match between India and Pakistan:</p>
<p>Pakistan</p>
<p> Saeed Anwar lbw b Prasad		  0</p>
<p> Aamir Sohail lbw b Prasad		 1</p>
<p> Rameez Raja c Azharuddin b Kuruvila   5</p>
<p> Inzamam-ul-Haq c Dravid b Prasad	0</p>
<p> Salim Malik c Azharuddin b Prasad    10</p>
<p> Moin Khan not out			   4</p>
<p> Shahid Afridi not out		     0</p>
<p> Extras (lb-3 w-6 nb-1)		   10</p>
<p> Total (for 5 wickets in 9 overs)     30</p>
<p>Fall of wickets: 1-3 2-10 3-10 4-23 5-29.</p>
<p>Did not bat: Saqlain Mushtaq, Arshad Khan, Kabir Khan, Aaqib</p>
<p>Javed.</p>
<p>Bowling: Prasad 5-1-17-4 (4w); Kuruvila 4-0-10-1 (1nb, 2w).</p>
<p>Result: Match abandoned. Replay on Monday.</p>
</text>
<copyright>(c) Reuters Limited 1997</copyright>
<metadata>
<codes class="bip:countries:1.0">
  <code code="INDIA">
    <editdetail attribution="Reuters BIP Coding Group" action="confirmed" date="1997-07-20"/>
  </code>
  <code code="PAKIS">
    <editdetail attribution="Reuters BIP Coding Group" action="confirmed" date="1997-07-20"/>
  </code>
  <code code="SRILAN">
    <editdetail attribution="Reuters BIP Coding Group" action="confirmed" date="1997-07-20"/>
  </code>
</codes>
<codes class="bip:topics:1.0">
  <code code="GCAT">
    <editdetail attribution="Reuters BIP Coding Group" action="confirmed" date="1997-07-20"/>
  </code>
  <code code="GSPO">
    <editdetail attribution="Reuters BIP Coding Group" action="confirmed" date="1997-07-20"/>
  </code>
</codes>
<dc element="dc.date.created" value="1997-07-20"/>
<dc element="dc.publisher" value="Reuters Holdings Plc"/>
<dc element="dc.date.published" value="1997-07-20"/>
<dc element="dc.source" value="Reuters"/>
<dc element="dc.creator.location" value="COLOMBO"/>
<dc element="dc.creator.location.country.name" value="SRI LANKA"/>
<dc element="dc.source" value="Reuters"/>
</metadata>
</newsitem>
