<?xml version="1.0" encoding="iso-8859-1" ?>
<newsitem itemid="741345" id="root" date="1997-07-20" xml:lang="en">
<title>SPAIN: SOCCER-TWO REAL MADRID GOALKEEPERS SET TO LEAVE.</title>
<headline>SOCCER-TWO REAL MADRID GOALKEEPERS SET TO LEAVE.</headline>
<dateline>MADRID 1997-07-20</dateline>
<text>
<p>Real Madrid's two Spanish international goalkeepers Francisco Buyo and Jose Canizares look set to leave the club in the coming weeks.</p>
<p>Spanish sports daily AS reported on Sunday that Buyo, 39, would leave the Spanish champions after 11 seasons with them.</p>
<p>Buyo was the first-choice goalkeeper during much of that time, until the signing of German international Bodo Illgner at the start of last season.</p>
<p>He has not played in the Real Madrid first team since the arrival of Illgner.</p>
<p>Buyo has won seven Spanish caps and has played in 542 first-division games during his career with Real Madrid and six seasons with Sevilla.</p>
<p>Buyo has been linked with relegated Rayo Vallecano and Mexican club Atletico Celya.</p>
<p>Canizares, who has also been transfer listed, played as back-up to Illgner last year and to Buyo for two seasons before that but still managed to acquire nine caps.</p>
<p>But the 28-year-old Canizares's future with Real has been in doubt since new coach Jupp Heynckes signed Pedro Contreras from Rayo Vallecano.</p>
</text>
<copyright>(c) Reuters Limited 1997</copyright>
<metadata>
<codes class="bip:countries:1.0">
  <code code="GFR">
    <editdetail attribution="Reuters BIP Coding Group" action="confirmed" date="1997-07-20"/>
  </code>
  <code code="MEX">
    <editdetail attribution="Reuters BIP Coding Group" action="confirmed" date="1997-07-20"/>
  </code>
  <code code="SPAIN">
    <editdetail attribution="Reuters BIP Coding Group" action="confirmed" date="1997-07-20"/>
  </code>
</codes>
<codes class="bip:topics:1.0">
  <code code="GCAT">
    <editdetail attribution="Reuters BIP Coding Group" action="confirmed" date="1997-07-20"/>
  </code>
  <code code="GSPO">
    <editdetail attribution="Reuters BIP Coding Group" action="confirmed" date="1997-07-20"/>
  </code>
</codes>
<dc element="dc.date.created" value="1997-07-20"/>
<dc element="dc.publisher" value="Reuters Holdings Plc"/>
<dc element="dc.date.published" value="1997-07-20"/>
<dc element="dc.source" value="Reuters"/>
<dc element="dc.creator.location" value="MADRID"/>
<dc element="dc.creator.location.country.name" value="SPAIN"/>
<dc element="dc.source" value="Reuters"/>
</metadata>
</newsitem>
