<?xml version="1.0" encoding="iso-8859-1" ?>
<newsitem itemid="741437" id="root" date="1997-07-20" xml:lang="en">
<title>TAJIKISTAN: Tajik govt, Islamists complete prisoner exchange.</title>
<headline>Tajik govt, Islamists complete prisoner exchange.</headline>
<dateline>DUSHANBE 1997-07-20</dateline>
<text>
<p>Tajikistan's secular government and the Islamic opposition have completed the first stage of a prisoner exchange following a peace deal, U.N. observers said on Sunday.</p>
<p>&quot;The exchange of prisoners and detainees...was successfully completed on July 18-20 with the assistance of the United Nations Mission of Observers in Tajikistan (UNMOT),&quot; said an UNMOT report obtained by Reuters in the Tajik capital Dushanbe.</p>
<p>The statement said the exchange was in line with a protocol signed in tandem with a peace agreement on June 27 which ended a four-year civil war in the former Soviet republic.</p>
<p>The exchange took place near the settlement of Childara, 160 km (100 miles) east of Dushanbe.</p>
<p>&quot;The parties exchanged 48 prisoners of war from both sides, including those detained after February 1997. In addition, opposition field commander Mirzo Zioyev released one more prisoner on humanitarian grounds,&quot; the statement said.</p>
<p>&quot;This successful operation is an important confidence-building measure which proves the resolve of both sides to fully implement the protocol signed in Moscow.&quot;</p>
<p>Tens of thousands of people were killed in Tajikistan's civil war and many more were forced to flee their homes for safety in neighbouring Afghanistan.</p>
<p>Under the peace deal, signed in Moscow and brokered by Iran, Russia and the United Nations, each side had been supposed to release 50 people in the first batch of prisoner exchanges.</p>
<p>The government says about 2,000 of its servicemen are being held by the opposition. The opposition says up to 600 of its fighters are in government prisons.</p>
</text>
<copyright>(c) Reuters Limited 1997</copyright>
<metadata>
<codes class="bip:countries:1.0">
  <code code="TADZK">
    <editdetail attribution="Reuters BIP Coding Group" action="confirmed" date="1997-07-20"/>
  </code>
  <code code="UN">
    <editdetail attribution="Reuters BIP Coding Group" action="confirmed" date="1997-07-20"/>
  </code>
</codes>
<codes class="bip:topics:1.0">
  <code code="GCAT">
    <editdetail attribution="Reuters BIP Coding Group" action="confirmed" date="1997-07-20"/>
  </code>
  <code code="GCRIM">
    <editdetail attribution="Reuters BIP Coding Group" action="confirmed" date="1997-07-20"/>
  </code>
  <code code="GDIP">
    <editdetail attribution="Reuters BIP Coding Group" action="confirmed" date="1997-07-20"/>
  </code>
  <code code="GPOL">
    <editdetail attribution="Reuters BIP Coding Group" action="confirmed" date="1997-07-20"/>
  </code>
  <code code="GVIO">
    <editdetail attribution="Reuters BIP Coding Group" action="confirmed" date="1997-07-20"/>
  </code>
</codes>
<dc element="dc.date.created" value="1997-07-20"/>
<dc element="dc.publisher" value="Reuters Holdings Plc"/>
<dc element="dc.date.published" value="1997-07-20"/>
<dc element="dc.source" value="Reuters"/>
<dc element="dc.creator.location" value="DUSHANBE"/>
<dc element="dc.creator.location.country.name" value="TAJIKISTAN"/>
<dc element="dc.source" value="Reuters"/>
</metadata>
</newsitem>
