<?xml version="1.0" encoding="iso-8859-1" ?>
<newsitem itemid="741418" id="root" date="1997-07-20" xml:lang="en">
<title>TANZANIA: Kenyan elephants ignore frontier to raid farms.</title>
<headline>Kenyan elephants ignore frontier to raid farms.</headline>
<dateline>DAR ES SALAAM 1997-07-20</dateline>
<text>
<p>A border-hopping group of Kenyan elephants has caused a swathe of damage in a Tanzanian village, squashing food crops and laying waste to acres of land, the semi-official Sunday News reported.</p>
<p>About 15 elephants left the game reserve in nearby Kenya and romped through Rombo district in Tanzania's northern Kilimanjaro region, flattening plots of maize, millet, sunflower, cassava and pigeon peas, the newspaper said.</p>
<p>Rombo district commissioner Peniel Saitabau said the animals were causing widespread grief for hundreds of local villagers, already battling the effects of a widespread drought.</p>
<p>He said four government game scouts had been deployed to try to chase the elephants back into Kenya. In 1994 after a similar rampage in Rombo, game wardens were forced to shoot and kill 17 elephants.</p>
</text>
<copyright>(c) Reuters Limited 1997</copyright>
<metadata>
<codes class="bip:countries:1.0">
  <code code="KENYA">
    <editdetail attribution="Reuters BIP Coding Group" action="confirmed" date="1997-07-20"/>
  </code>
  <code code="TANZA">
    <editdetail attribution="Reuters BIP Coding Group" action="confirmed" date="1997-07-20"/>
  </code>
</codes>
<codes class="bip:topics:1.0">
  <code code="GCAT">
    <editdetail attribution="Reuters BIP Coding Group" action="confirmed" date="1997-07-20"/>
  </code>
  <code code="GENV">
    <editdetail attribution="Reuters BIP Coding Group" action="confirmed" date="1997-07-20"/>
  </code>
</codes>
<dc element="dc.date.created" value="1997-07-20"/>
<dc element="dc.publisher" value="Reuters Holdings Plc"/>
<dc element="dc.date.published" value="1997-07-20"/>
<dc element="dc.source" value="Reuters"/>
<dc element="dc.creator.location" value="DAR ES SALAAM"/>
<dc element="dc.creator.location.country.name" value="TANZANIA"/>
<dc element="dc.source" value="Reuters"/>
</metadata>
</newsitem>
