<?xml version="1.0" encoding="iso-8859-1" ?>
<newsitem itemid="741405" id="root" date="1997-07-20" xml:lang="en">
<title>GUINEA: Guinea lawyers oppose state security court.</title>
<headline>Guinea lawyers oppose state security court.</headline>
<dateline>CONAKRY 1997-07-20</dateline>
<text>
<p>Lawyers in the West African state of Guinea have publicly denounced a government plan to use a special state security court to try soldiers who staged a 1996 mutiny.</p>
<p>The lawyers guild, in a statement agreed on July 16, said that a June 28 decree nominating members of the court threatened the independence of the judiciary and urged President Lansana Conte to think again.</p>
<p>The guild argued that the 1990 multi-party constitution made special courts unlawful.</p>
<p>&quot;Common law crimes committed by the soldiers and paramilitary personnel come under the jurisdiction of the judicial courts,&quot; it said, quoting a 1988 law.</p>
<p>Mutineers shelled and destroyed Conte's presidential palace during the 1996 pay revolt. Conteh, forced to hide, said at the time that forces behind the revolt were trying to topple him.</p>
<p>Speculation that the soldiers will be put on trial has heightened tension in the capital Conakry, visitors say.</p>
<p>The government freed more than 60 mutiny suspects last August. Officials at the time said a small group of officers remained in detention and would stand trial.</p>
<p>The state security court was set up in 1985 to try people implicated in a failed coup plot that year.</p>
<p>The lawyers said that under new laws the appeal court should hear cases against the 1996 mutineers. The handling of the case had breached existing laws and guidelines, stripping lawyers of the power to represent defendants properly, they added.</p>
<p>They recalled the constitution enshrined the independence of the judiciary from the executive and legislative authorities.</p>
<p>Conte seized power in 1984. He won a disputed 1993 presidential election.</p>
</text>
<copyright>(c) Reuters Limited 1997</copyright>
<metadata>
<codes class="bip:countries:1.0">
  <code code="GUREP">
    <editdetail attribution="Reuters BIP Coding Group" action="confirmed" date="1997-07-20"/>
  </code>
</codes>
<codes class="bip:topics:1.0">
  <code code="GCAT">
    <editdetail attribution="Reuters BIP Coding Group" action="confirmed" date="1997-07-20"/>
  </code>
  <code code="GCRIM">
    <editdetail attribution="Reuters BIP Coding Group" action="confirmed" date="1997-07-20"/>
  </code>
  <code code="GDEF">
    <editdetail attribution="Reuters BIP Coding Group" action="confirmed" date="1997-07-20"/>
  </code>
</codes>
<dc element="dc.date.created" value="1997-07-20"/>
<dc element="dc.publisher" value="Reuters Holdings Plc"/>
<dc element="dc.date.published" value="1997-07-20"/>
<dc element="dc.source" value="Reuters"/>
<dc element="dc.creator.location" value="CONAKRY"/>
<dc element="dc.creator.location.country.name" value="GUINEA"/>
<dc element="dc.source" value="Reuters"/>
</metadata>
</newsitem>
