<?xml version="1.0" encoding="iso-8859-1" ?>
<newsitem itemid="741439" id="root" date="1997-07-20" xml:lang="en">
<title>RUSSIA: Two Russian servicemen desert with machine-gun.</title>
<headline>Two Russian servicemen desert with machine-gun.</headline>
<dateline>MOSCOW 1997-07-20</dateline>
<text>
<p>Two Interior Ministry soldiers were on the run in southern Russia on Sunday armed with a machine-gun, an automatic rifle and ammunition, police said.</p>
<p>A spokesman for police in the Stavropol region of southern Russia, near the border with rebel Chechnya, said the two men had deserted on Saturday.</p>
<p>&quot;The two men, both of them interior ministry troops, escaped on Saturday with a machine-gun, an automatic weapon and a supply of ammunition,&quot; the spokesman said by telephone.</p>
<p>He said police and Interior Ministry troops were blocking all routes out of the region. But he said they might have gone to Chechnya, where Russian troops fought a 21-month war with separatists, or could be hiding in a remote village.</p>
<p>Desertions from the army and Interior Ministry units are common but servicemen are rarely reported to have made off with such powerful weapons.</p>
</text>
<copyright>(c) Reuters Limited 1997</copyright>
<metadata>
<codes class="bip:countries:1.0">
  <code code="RUSS">
    <editdetail attribution="Reuters BIP Coding Group" action="confirmed" date="1997-07-20"/>
  </code>
</codes>
<codes class="bip:topics:1.0">
  <code code="GCAT">
    <editdetail attribution="Reuters BIP Coding Group" action="confirmed" date="1997-07-20"/>
  </code>
  <code code="GDEF">
    <editdetail attribution="Reuters BIP Coding Group" action="confirmed" date="1997-07-20"/>
  </code>
</codes>
<dc element="dc.date.created" value="1997-07-20"/>
<dc element="dc.publisher" value="Reuters Holdings Plc"/>
<dc element="dc.date.published" value="1997-07-20"/>
<dc element="dc.source" value="Reuters"/>
<dc element="dc.creator.location" value="MOSCOW"/>
<dc element="dc.creator.location.country.name" value="RUSSIA"/>
<dc element="dc.source" value="Reuters"/>
</metadata>
</newsitem>
