<?xml version="1.0" encoding="iso-8859-1" ?>
<newsitem itemid="741442" id="root" date="1997-07-20" xml:lang="en">
<title>ALBANIA: Berisha, Socialists at impasse on new Albania govt.</title>
<headline>Berisha, Socialists at impasse on new Albania govt.</headline>
<byline>Thalia Griffiths</byline>
<dateline>TIRANA 1997-07-20</dateline>
<text>
<p>Formation of a new government in Albania remained blocked on Sunday because of a standoff in which President Sali Berisha is withholding a decree that would convene parliament and the new Socialist majority is refusing to meet him.</p>
<p>Berisha, whose Democratic Party suffered a resounding defeat in parliamentary elections on June 29, has promised to resign once he has &quot;fulfilled his constitutional obligations&quot;, but so far he has shown no sign of wishing to step down quickly.</p>
<p>He met leaders of his Democrats and smaller parties on Saturday to discuss when parliament should meet and who should be premier, but Socialist leaders said he no longer had the right to do so.</p>
<p>&quot;We are not going to meet President Sali Berisha because his last act should be convening the parliament,&quot; Socialist Party organising secretary Namik Dokle told Reuters.</p>
<p>&quot;It is not up to him to launch talks on the new government and it is absurd to ask the other parties which won less than two percent (of the vote) about the next prime minister.&quot;</p>
<p>Dokle said that, in the Socialists' view, Berisha was just one of the 155 deputies in parliament.</p>
<p>Berisha's Socialist party opponents and their coalition allies won a total of 117 seats, to the Democrats' 27.</p>
<p>The president has indicated that he would prefer the interim prime minister, Bashkim Fino, to stay on as head of government rather than Socialist leader Fatos Nano, the party's preferred candidate.</p>
<p>Nano threatened that, if Berisha refused to convene parliament, the assembly would meet without waiting for a presidential decree.</p>
<p>&quot;He should observe the promise he made, namely to resign once the parliament is convened,&quot; Nano told the daily newspaper Gazeta Shqiptare.</p>
<p>He was quoted as saying that the Democratic Party's election defeat meant they no longer had any right to discuss the next government.</p>
<p>&quot;We want to remind them we won two thirds of parliament and it's up to us to decide the future of the country...Berisha is a politician of the past, an old political factor, responsible for the destruction of the state,&quot; he added.</p>
<p>Berisha's government resigned in March at the height of unrest which followed the collapse of get-rich-quick pyramid investment schemes. Much of the country is still ruled by armed gangs.</p>
<p>Diplomats who have urged a new government to get to work say they are concerned that there may be no prime minister to attend a donors' meeting in Rome at the end of July to discuss aid for the shattered country.</p>
</text>
<copyright>(c) Reuters Limited 1997</copyright>
<metadata>
<codes class="bip:countries:1.0">
  <code code="ALB">
    <editdetail attribution="Reuters BIP Coding Group" action="confirmed" date="1997-07-20"/>
  </code>
</codes>
<codes class="bip:topics:1.0">
  <code code="GCAT">
    <editdetail attribution="Reuters BIP Coding Group" action="confirmed" date="1997-07-20"/>
  </code>
  <code code="GPOL">
    <editdetail attribution="Reuters BIP Coding Group" action="confirmed" date="1997-07-20"/>
  </code>
</codes>
<dc element="dc.date.created" value="1997-07-20"/>
<dc element="dc.publisher" value="Reuters Holdings Plc"/>
<dc element="dc.date.published" value="1997-07-20"/>
<dc element="dc.source" value="Reuters"/>
<dc element="dc.creator.location" value="TIRANA"/>
<dc element="dc.creator.location.country.name" value="ALBANIA"/>
<dc element="dc.source" value="Reuters"/>
</metadata>
</newsitem>
