<?xml version="1.0" encoding="iso-8859-1" ?>
<newsitem itemid="741448" id="root" date="1997-07-20" xml:lang="en">
<title>BRAZIL: Brazil coffee to continue to see mild temps - Somar.</title>
<headline>Brazil coffee to continue to see mild temps - Somar.</headline>
<dateline>RIO DE JANEIRO 1997-07-20</dateline>
<text>
<p>Brazil's coffee regions will continue to see mild temperatures throughout this week with no threatening polar air mass forecast to enter coffee areas in the seven-day outlook, local meteorologists Somar said Sunday.</p>
<p>Minimum temperatures are forecast to continue between 11 and 16 degrees Celsius, said Somar forecaster Marcos Massari.</p>
<p>A cold front will pass through north Parana state on Monday, spreading to south Minas Gerais on Tuesday but will bring only scattered showers, he added.</p>
<p>The mild temperatures over the past few weeks have been attributed to the El Nino weather phenomenon which is developing in the Pacific Ocean and which is keeping all polar air masses to the far south of the country.</p>
<p>With no damaging cold forecast in the next seven days, the risk of frosts now in coffee areas this winter was slight, Massari said.</p>
<p>&quot;Unless we have something in the first week of August, the chance of frost is very slim,&quot; Massari said.</p>
<p>((-Caroline Bulloch, Rio de Janeiro newsroom, 5521 5074151))</p>
</text>
<copyright>(c) Reuters Limited 1997</copyright>
<metadata>
<codes class="bip:countries:1.0">
  <code code="BRAZ">
    <editdetail attribution="Reuters BIP Coding Group" action="confirmed" date="1997-07-20"/>
  </code>
</codes>
<codes class="bip:industries:1.0">
  <code code="I01001">
    <editdetail attribution="Reuters BIP Coding Group" action="confirmed" date="1997-07-20"/>
  </code>
  <code code="I0100137">
    <editdetail attribution="Reuters BIP Coding Group" action="confirmed" date="1997-07-20"/>
  </code>
</codes>
<codes class="bip:topics:1.0">
  <code code="C21">
    <editdetail attribution="Reuters BIP Coding Group" action="confirmed" date="1997-07-20"/>
  </code>
  <code code="CCAT">
    <editdetail attribution="Reuters BIP Coding Group" action="confirmed" date="1997-07-20"/>
  </code>
  <code code="GCAT">
    <editdetail attribution="Reuters BIP Coding Group" action="confirmed" date="1997-07-20"/>
  </code>
  <code code="GWEA">
    <editdetail attribution="Reuters BIP Coding Group" action="confirmed" date="1997-07-20"/>
  </code>
  <code code="M14">
    <editdetail attribution="Reuters BIP Coding Group" action="confirmed" date="1997-07-20"/>
  </code>
  <code code="M141">
    <editdetail attribution="Reuters BIP Coding Group" action="confirmed" date="1997-07-20"/>
  </code>
  <code code="MCAT">
    <editdetail attribution="Reuters BIP Coding Group" action="confirmed" date="1997-07-20"/>
  </code>
</codes>
<dc element="dc.date.created" value="1997-07-20"/>
<dc element="dc.publisher" value="Reuters Holdings Plc"/>
<dc element="dc.date.published" value="1997-07-20"/>
<dc element="dc.source" value="Reuters"/>
<dc element="dc.creator.location" value="RIO DE JANEIRO"/>
<dc element="dc.creator.location.country.name" value="BRAZIL"/>
<dc element="dc.source" value="Reuters"/>
</metadata>
</newsitem>
