<?xml version="1.0" encoding="iso-8859-1" ?>
<newsitem itemid="741466" id="root" date="1997-07-20" xml:lang="en">
<title>AUSTRALIA: Australian Mortgage Guide (Investment).</title>
<headline>Australian Mortgage Guide (Investment).</headline>
<text>
<p>(Updated on July 18)</p>
<p>LENDER	 VARIABLE INTRO  *TRUE</p>
<p>			    RATES   RATE</p>
<p>Adelaide	  7.20   5.95   7.19</p>
<p>Advance	   7.05     -    7.24</p>
<p>AIDC		7.25     -    7.38</p>
<p>AMPs Priority   6.97     -    7.08</p>
<p>ANZ		 7.20     -    7.31</p>
<p>Aussie Home     6.99     -    7.10</p>
<p>Austral	   6.95     -    6.85</p>
<p>Bank of Melb    7.90   6.70   7.80</p>
<p>Bank SA	   7.05     -    7.11</p>
<p>BankWest	  6.70     -    6.89</p>
<p>BMC Mortgage    6.69     -    6.83</p>
<p>BNZA		6.59     -    6.68</p>
<p>CHS HomeLoans   6.90     -    7.00</p>
<p>Citibank	  6.89     -    7.00</p>
<p>Collins Sec.    6.65     -    6.74</p>
<p>Colonial State  6.59     -    6.84</p>
<p>CBA		 7.20   6.49   7.24</p>
<p>Endeavour	 6.50     -    6.70</p>
<p>FAI		 6.59     -    6.79</p>
<p>GIO		 6.85     -    6.94</p>
<p>Greater BSoc    7.10   6.70   7.08</p>
<p>Hongkong Bank   7.20   6.45   7.21</p>
<p>IMB		 7.80   6.35   7.63</p>
<p>Macquarie	 7.20     -    7.36</p>
<p>Metway	    7.85     -    8.02</p>
<p>MLC BSoc	  7.10     -    7.24</p>
<p>NAB		 7.20   6.50   7.24</p>
<p>Newcastle	 6.95   6.50   7.00</p>
<p>Pioneer Mtg     6.95     -    7.20</p>
<p>RAMS		6.99     -    7.10</p>
<p>St George	 6.95     -    7.16</p>
<p>Suncorp/Syd     7.20   5.99   7.11</p>
<p>Super Loans     6.60     -    6.69</p>
<p>Westpac	   6.79     -    7.02</p>
<p>*The true rate takes into account fees and the introductory rate based on a typical A$100,000 loan, using total monthly payments over seven years which is the average life of a mortgage. The interest rate used after the initial fixed/capped period is a variable rate.  </p>
<p>Source: Cannex</p>
<p>-- Reuters Sydney Newsroom 61-2 9373-1800</p>
</text>
<copyright>(c) Reuters Limited 1997</copyright>
<metadata>
<codes class="bip:countries:1.0">
  <code code="AUSTR">
    <editdetail attribution="Reuters BIP Coding Group" action="confirmed" date="1997-07-20"/>
  </code>
</codes>
<codes class="bip:industries:1.0">
  <code code="I81501">
    <editdetail attribution="Reuters BIP Coding Group" action="confirmed" date="1997-07-20"/>
  </code>
  <code code="I8150103">
    <editdetail attribution="Reuters BIP Coding Group" action="confirmed" date="1997-07-20"/>
  </code>
</codes>
<codes class="bip:topics:1.0">
  <code code="C31">
    <editdetail attribution="Reuters BIP Coding Group" action="confirmed" date="1997-07-20"/>
  </code>
  <code code="CCAT">
    <editdetail attribution="Reuters BIP Coding Group" action="confirmed" date="1997-07-20"/>
  </code>
</codes>
<dc element="dc.publisher" value="Reuters Holdings Plc"/>
<dc element="dc.date.published" value="1997-07-20"/>
<dc element="dc.source" value="Reuters"/>
<dc element="dc.creator.location.country.name" value="AUSTRALIA"/>
<dc element="dc.source" value="Reuters"/>
</metadata>
</newsitem>
