<?xml version="1.0" encoding="iso-8859-1" ?>
<newsitem itemid="741403" id="root" date="1997-07-20" xml:lang="en">
<title>UGANDA: Ugandan rebels on the run, minister says.</title>
<headline>Ugandan rebels on the run, minister says.</headline>
<dateline>KAMPALA 1997-07-20</dateline>
<text>
<p>Rebels who have attacked towns in western Uganda are hiding in remote mountain areas from pursuing Ugandan troops, Minister of State for Defence Amama Mbabazi told reporters on Sunday.</p>
<p>He denied local press reports that Allied Democratic Forces (ADF) rebels attacked Kasese, western Uganda, on Saturday, but said defence officials were investigating a &quot;shoot-out&quot; at Kasese police station during the night.</p>
<p>ADF rebels had earlier circulated warnings to Kasese residents that they would attack on Saturday -- causing a panic-stricken exodus from the railhead town.</p>
<p>Mbabazi said the security situation was still serious, with small groups of rebels raiding isolated villages for food and medical supplies. But local defence units were being organised to protect villages.</p>
<p>He said the rebels, who numbered about 1,300 when they invaded from the neighbouring Democratic Republic of the Congo last month, were now down to about 400.</p>
<p>They were hiding in remote areas of the Ruwenzori mountain range -- the Mountains of the Moon -- pursued by the Uganda army.</p>
<p>Several thousand villagers have fled the remote area near the Congo border since the attacks. Some have taken refuge in the new Congo, while others are in Ugandan centres away from the border.</p>
</text>
<copyright>(c) Reuters Limited 1997</copyright>
<metadata>
<codes class="bip:countries:1.0">
  <code code="UGANDA">
    <editdetail attribution="Reuters BIP Coding Group" action="confirmed" date="1997-07-20"/>
  </code>
</codes>
<codes class="bip:topics:1.0">
  <code code="GCAT">
    <editdetail attribution="Reuters BIP Coding Group" action="confirmed" date="1997-07-20"/>
  </code>
  <code code="GVIO">
    <editdetail attribution="Reuters BIP Coding Group" action="confirmed" date="1997-07-20"/>
  </code>
</codes>
<dc element="dc.date.created" value="1997-07-20"/>
<dc element="dc.publisher" value="Reuters Holdings Plc"/>
<dc element="dc.date.published" value="1997-07-20"/>
<dc element="dc.source" value="Reuters"/>
<dc element="dc.creator.location" value="KAMPALA"/>
<dc element="dc.creator.location.country.name" value="UGANDA"/>
<dc element="dc.source" value="Reuters"/>
</metadata>
</newsitem>
