<?xml version="1.0" encoding="iso-8859-1" ?>
<newsitem itemid="741406" id="root" date="1997-07-20" xml:lang="en">
<title>NIGERIA: Animal group says Nigeria centre of illegal trade.</title>
<headline>Animal group says Nigeria centre of illegal trade.</headline>
<dateline>LAGOS 1997-07-20</dateline>
<text>
<p>Gorillas and other endangered animals from West and Central Africa are being exported through the northern Nigerian city of Kano, which has become a centre of the illegal trade, an animal rights group said on Sunday.</p>
<p>Mike Pugh, of the World Society for the Protection of Animals, said his investigations, when posing as a dealer, showed corrupt officials and good international air connections had made Kano a stepping-stone for exports to Asia and the Middle East.</p>
<p>&quot;(A local dealer) told me there would be no problems exporting any animals and he would pay an incentive to the wildlife department to obtain the free disposal permit which he told me was all I needed,&quot; Pugh told Reuters. &quot;All the information I've got says that's true.&quot;</p>
<p>Pugh said local wildlife officials gave him the permit to export endangered chimpanzees, described as &quot;pet monkeys&quot;, for little more than $200 when they were convinced he was a genuine animal dealer wanting to send large numbers to India.</p>
<p>They could not issue an internationally-demanded CITES (Convention on International Trade in Endangered Species) certificate for transporting endangered species, but said there would be no need for it at the airport.</p>
<p>Airport and airline officials at Kano said the free disposal permit and a health certificate were all that was required to export animals, as long as arrangements were also made at the destination.</p>
<p>&quot;They said it was okay to export gorillas and chimps. 'If you want to export an elephant no problem' one of them told me,&quot; said Pugh.</p>
<p>He could not give a precise number of animals leaving, but one dealer said he could provide up to 40 chimpanzees over six months at 25,000 naira ($300) each and 10 gorillas for 55,000 naira ($660). Another offered 20 chimpanzees and four gorillas.</p>
<p>&quot;Gorillas and chimps come from Cameroon and more chimps come from Gabon,&quot; said Pugh. &quot;The adult animals are killed by hunters for meat and then the babies are sold as pets or for private zoos or medical research.&quot;</p>
<p>Military-ruled Nigeria, Africa's most populous nation, has earned a reputation as a transit point for the international trade in illegal drugs, as well as being known for corruption and fraud.</p>
</text>
<copyright>(c) Reuters Limited 1997</copyright>
<metadata>
<codes class="bip:countries:1.0">
  <code code="NIGEA">
    <editdetail attribution="Reuters BIP Coding Group" action="confirmed" date="1997-07-20"/>
  </code>
</codes>
<codes class="bip:topics:1.0">
  <code code="GCAT">
    <editdetail attribution="Reuters BIP Coding Group" action="confirmed" date="1997-07-20"/>
  </code>
  <code code="GCRIM">
    <editdetail attribution="Reuters BIP Coding Group" action="confirmed" date="1997-07-20"/>
  </code>
  <code code="GENV">
    <editdetail attribution="Reuters BIP Coding Group" action="confirmed" date="1997-07-20"/>
  </code>
</codes>
<dc element="dc.date.created" value="1997-07-20"/>
<dc element="dc.publisher" value="Reuters Holdings Plc"/>
<dc element="dc.date.published" value="1997-07-20"/>
<dc element="dc.source" value="Reuters"/>
<dc element="dc.creator.location" value="LAGOS"/>
<dc element="dc.creator.location.country.name" value="NIGERIA"/>
<dc element="dc.source" value="Reuters"/>
</metadata>
</newsitem>
