<?xml version="1.0" encoding="iso-8859-1" ?>
<newsitem itemid="741409" id="root" date="1997-07-20" xml:lang="en">
<title>DEMOCRATIC REPUBLIC OF CONGO: African leaders visit Kabila's Congo for summit.</title>
<headline>African leaders visit Kabila's Congo for summit.</headline>
<dateline>KINSHASA 1997-07-20</dateline>
<text>
<p>African heads of states gathered in Laurent Kabila's Congo on Sunday for an economic summit doubling as a show of solidarity for the new ruler of the former Zaire.</p>
<p>&quot;It (my visit) should give solidarity to the people of the Democratic Republic of the Congo, to President Kabila,&quot; Zimbabwe's President Robert Mugabe, current chairman of the Organisation of African Unity, said on arrival.</p>
<p>&quot;We support him in the process of transforming this country into democracy for economic prosperity,&quot; he told reporters at the Ndjili international airport in Kinshasa.</p>
<p>President Ange-Felix Patasse of neighbouring Central African Republic said the summit was part of Africa taking responsibility for its own affairs. &quot;Africa has to take charge of itself. Such meetings have to be held now and then,&quot; he said.</p>
<p>Presidents Yoweri Museveni of Uganda and Pasteur Bizimungu of Rwanda, whose countries backed Kabila seven-month revolt that toppled veteran dictator Mobutu Sese Seko in May, were present.</p>
<p>Others attending included Frederic Chiluba of Zambia, Joachim Chissano of Mozambique, Sam Nujoma of Namibia and Eritrea's Isayas Afewerki.</p>
<p>Ethiopia and Gabon were represented. Representatives of Tanzania, Burundi, Angola and Ghana were expected to attend.</p>
<p>Zaire, Africa's third largest nation is potentially one of its richest with a wealth of minerals and farmland. Over three decades of corruption under Mobutu left it impoverished.</p>
</text>
<copyright>(c) Reuters Limited 1997</copyright>
<metadata>
<codes class="bip:countries:1.0">
  <code code="OAU">
    <editdetail attribution="Reuters BIP Coding Group" action="confirmed" date="1997-07-20"/>
  </code>
  <code code="ZAIRE">
    <editdetail attribution="Reuters BIP Coding Group" action="confirmed" date="1997-07-20"/>
  </code>
  <code code="ZIMBAB">
    <editdetail attribution="Reuters BIP Coding Group" action="confirmed" date="1997-07-20"/>
  </code>
</codes>
<codes class="bip:topics:1.0">
  <code code="GCAT">
    <editdetail attribution="Reuters BIP Coding Group" action="confirmed" date="1997-07-20"/>
  </code>
  <code code="GDIP">
    <editdetail attribution="Reuters BIP Coding Group" action="confirmed" date="1997-07-20"/>
  </code>
</codes>
<dc element="dc.date.created" value="1997-07-20"/>
<dc element="dc.publisher" value="Reuters Holdings Plc"/>
<dc element="dc.date.published" value="1997-07-20"/>
<dc element="dc.source" value="Reuters"/>
<dc element="dc.creator.location" value="KINSHASA"/>
<dc element="dc.creator.location.country.name" value="DEMOCRATIC REPUBLIC OF CONGO"/>
<dc element="dc.source" value="Reuters"/>
</metadata>
</newsitem>
