<?xml version="1.0" encoding="iso-8859-1" ?>
<newsitem itemid="741412" id="root" date="1997-07-20" xml:lang="en">
<title>MALI: Mali - gold-rich home of Timbuktu.</title>
<headline>Mali - gold-rich home of Timbuktu.</headline>
<dateline>BAMAKO 1997-07-20</dateline>
<text>
<p>Mali held a rerun of a scrapped April parliamentary election on Sunday with the main opposition boycotting the poll. A selection of key facts follows.</p>
<p>* Mali, a former French colony, won independence in 1960</p>
<p>* It is named after a pre-colonial African empire which was</p>
<p>	 built on gold and flourished in Europe's Middle Ages.</p>
<p>* 14th century Mansa (ruler) Musa travelled to Egypt and</p>
<p>	 distributed so much gold that the price of the precious</p>
<p>	 metal collapsed.</p>
<p>* Some historians say talk of the wealth of the Malian city</p>
<p>	 of Jenne which brought the first European explorers --</p>
<p>	 the Portuguese -- and their ships to West Africa.</p>
<p>* The ancient city of Timbuktu is in Mali.</p>
<p>* Mali began independent life as a radical, pro-Soviet,</p>
<p>	 socialist, one-party state under Modibo Keita</p>
<p>* It won wide praise for its 1992 transition from</p>
<p>	 dictatorship under Moussa Traore to multi-party democracy</p>
<p>* General Amadou Toumani Toure toppled Traore, organised</p>
<p>	 elections and stood down -- a rare reflex among African</p>
<p>	 coup leaders</p>
<p>* Landlocked, Mali covers 1.24 million sq km (478,767 sq</p>
<p>	  miles) on the fringe of the encroaching Sahara Desert</p>
<p>* Population: around 11 million</p>
<p>* Religion: Moslem (80 pct) traditional African beliefs</p>
<p>	 (18 pct) Christian (1.2 pct)</p>
<p>* Currency: CFA franc ($1=600) shared with eight fellow West</p>
<p>	 African nations.</p>
<p>* Gold, cotton and livestock underpin its economy</p>
<p>* Mali is on course be Africa's 3rd largest gold exporter</p>
<p>* It is one of the poorest nation's on earth. Per capita</p>
<p>	 income: $250. Life expectancy: 50</p>
<p>* Civilian President Alpha Oumar Konare, relected in May</p>
<p>	 1997, is a historian and archaeologist</p>
<p>* Malians feature among a flood of illegal immigrants</p>
<p>	 seeking a new life in Europe, particularly France.</p>
<p>* Light-skinned Tuaregs, who controlled Middle Ages Sahara</p>
<p>	 caravan routes, fought the black-dominated government</p>
<p>	 from 1990 until agreeing peace in 1996.</p>
<p>* Guitarist Ali Farka Toure, who mixes a blues style with</p>
<p>	 African rhythms, comes from Mali.</p>
</text>
<copyright>(c) Reuters Limited 1997</copyright>
<metadata>
<codes class="bip:countries:1.0">
  <code code="MALI">
    <editdetail attribution="Reuters BIP Coding Group" action="confirmed" date="1997-07-20"/>
  </code>
</codes>
<codes class="bip:topics:1.0">
  <code code="GCAT">
    <editdetail attribution="Reuters BIP Coding Group" action="confirmed" date="1997-07-20"/>
  </code>
  <code code="GPOL">
    <editdetail attribution="Reuters BIP Coding Group" action="confirmed" date="1997-07-20"/>
  </code>
</codes>
<dc element="dc.date.created" value="1997-07-20"/>
<dc element="dc.publisher" value="Reuters Holdings Plc"/>
<dc element="dc.date.published" value="1997-07-20"/>
<dc element="dc.source" value="Reuters"/>
<dc element="dc.creator.location" value="BAMAKO"/>
<dc element="dc.creator.location.country.name" value="MALI"/>
<dc element="dc.source" value="Reuters"/>
</metadata>
</newsitem>
