<?xml version="1.0" encoding="iso-8859-1" ?>
<newsitem itemid="741416" id="root" date="1997-07-20" xml:lang="en">
<title>SOUTH AFRICA: Zulu chief says S.African peace moves might falter.</title>
<headline>Zulu chief says S.African peace moves might falter.</headline>
<byline>Allan Seccombe</byline>
<dateline>ULUNDI, South Africa 1997-07-20</dateline>
<text>
<p>Zulu chief Mangosuthu Buthelezi has warned that tentative peace moves in South Africa's troubled KwaZulu-Natal province would come to nothing if the killing of his party members continued.</p>
<p>At an annual congress of his Inkatha Freedom Party in Ulundi, the Zulu heart of KwaZulu-Natal, Buthelezi said although he supported peace talks between Inkatha and its fiercest rivals, the African National Congress (ANC), they would become meaningless if violence against Inkatha was not probed.</p>
<p>&quot;I rejoice that these talks are taking place and I congratulate those leaders on both sides who have managed to pacify their communities by building on-the-ground goodwill and reconciliation,&quot; he told thousands of party faithfuls this weekend.</p>
<p>&quot;However, I cannot be silent before the failure of the ANC's leadership to take strong and effective action within its ranks to stop the carnage of our people and to investigate the systematic assassination of over 400 of our leaders and office bearers.&quot;</p>
<p>Buthelezi said recent political killings in the province were also putting at risk the top-level talks between the two parties aimed at ending more than a decade of bloody feuding which has left some 14,000 people dead.</p>
<p>&quot;This is not encouraging,&quot; he said, referring to the killings. &quot;Unless we all join hands to do something about it, our noble KwaZulu-Natal peace initiative will remain no more than just another charade.&quot;</p>
<p>The independent violence monitoring group, the Human Rights Committee, said 49 people were killed in June in politically motivated attacks in KwaZulu-Natal, the highest toll since June 1996.</p>
<p>Buthelezi also told delegates the statutory Truth and Reconcilition Commission would create conflict and should be scrapped.</p>
<p>The commission was set up to cleanse and heal the hurt inflicted by all sides during minority white rule.</p>
<p>&quot;It is obvious that the commission has failed in its primary objective to bring about national reconciliation and should be scrapped before the damages inflicted on South Africa become irreparable.&quot;</p>
<p>He said the commission, headed by Nobel peace laureate Archbishop Desmond Tutu, was creating the impression the ANC had done no wrong in its decades-long struggle to end minority white rule before coming to power in the first all-race elections in 1994.</p>
<p>&quot;It is quite clear that the truth commission is aimed at portraying the ruling party as knights in shining armour and the rest of us as villains,&quot; the Zulu chief told journalists later.</p>
</text>
<copyright>(c) Reuters Limited 1997</copyright>
<metadata>
<codes class="bip:countries:1.0">
  <code code="SAFR">
    <editdetail attribution="Reuters BIP Coding Group" action="confirmed" date="1997-07-20"/>
  </code>
</codes>
<codes class="bip:topics:1.0">
  <code code="GCAT">
    <editdetail attribution="Reuters BIP Coding Group" action="confirmed" date="1997-07-20"/>
  </code>
  <code code="GPOL">
    <editdetail attribution="Reuters BIP Coding Group" action="confirmed" date="1997-07-20"/>
  </code>
</codes>
<dc element="dc.date.created" value="1997-07-20"/>
<dc element="dc.publisher" value="Reuters Holdings Plc"/>
<dc element="dc.date.published" value="1997-07-20"/>
<dc element="dc.source" value="Reuters"/>
<dc element="dc.creator.location" value="ULUNDI, South Africa"/>
<dc element="dc.creator.location.country.name" value="SOUTH AFRICA"/>
<dc element="dc.source" value="Reuters"/>
</metadata>
</newsitem>
