<?xml version="1.0" encoding="iso-8859-1" ?>
<newsitem itemid="741488" id="root" date="1997-07-20" xml:lang="en">
<title>AUSTRALIA: Canberra scrambles on secret Pacific report fallout.</title>
<headline>Canberra scrambles on secret Pacific report fallout.</headline>
<byline>Terry Friel</byline>
<dateline>CANBERRA 1997-07-20</dateline>
<text>
<p>Australia on Sunday moved to limit the diplomatic fallout from the release of a scathing report on its South Pacific neighbours, as officials began a probe into how the top secret paper was left on a hotel table.</p>
<p>Workplace Relations Minister Peter Reith, one of the government's top officials, stressed the report -- highly critical of regional economies and the personal habits of their economic ministers -- was not the government's view.</p>
<p>&quot;These things happen in politics but it's not the view of the government,&quot; Reith said in a television interview.</p>
<p>&quot;We place an important priority on good relations with the Pacific Islands.&quot;</p>
<p>Reith said comments in the 93-page report -- marked 'AUSTEO', or Australian Eyes Only -- were nowhere near as damaging as past bungles by the former Labor government.</p>
<p>&quot;Who can forget the famous 'recalcitrant' comment from (former prime minister) Paul Keating (about Malaysian leader Mahathir Mohamad) that did such tremendous damage to Australia's economic relations with one of its biggest partners?&quot; he said.</p>
<p>That 1993 row chilled relations between Canberra and Kuala Lumpur and at its height threatened millions of dollars in trade.</p>
<p>But the Pacific countries of Nauru and the Cook Islands -- among those most heavily criticised -- have condemned the report as insulting and wrong.</p>
<p>Treasury officials on Sunday began inquiries into how such a sensitive document -- AUSTEO ranks far higher than top secret -- was left in a public place.</p>
<p>The Cook Islands said on Saturday the report was offensive and contained &quot;significant inaccuracies&quot; and Australia's Labor opposition labelled it a major diplomatic blunder.</p>
<p>&quot;I cannot recall a document as systematically offensive ever being written while I was foreign minister,&quot; acting opposition leader and former foreign minister Gareth Evans.</p>
<p>Nauru President Kinza Clodumar said in a statement that the document was &quot;most insulting and patronising&quot; to the Nauru government. &quot;I am sure they are feeling very hurt -- it's a most dreadful report,&quot; Clodumar said.</p>
<p>&quot;As reported, the document sounded as though it was heavily laced with rumour and scuttlebutt, rather than an attempt to provide sound analytical advice,&quot; he said.</p>
<p>The paper was prepared jointly by the treasury and the foreign affairs department for Treasurer Peter Costello as a briefing for a summit of economic ministers from the 16-member South Pacific Forum in the tropical resort town of Cairns.</p>
<p>It was left on a table in a public area at the summit where it was obtained by Reuters.</p>
<p>New Zealand Deputy Prime Minister and Treasurer Winston Peters -- labelled a loose cannon and an opportunist in the briefing -- said on Sunday he document should not upset Canberra-Wellington relations.</p>
<p>Peters told TV1 television that the papers would be deeply embarrassing for Canberra &quot;but we are not going to pay any attention to that or it will upset our relations with Australia&quot;.</p>
<p>A spokesman for Peters said the paper was merely the work of &quot;an ignorant bureaucrat&quot;.</p>
</text>
<copyright>(c) Reuters Limited 1997</copyright>
<metadata>
<codes class="bip:countries:1.0">
  <code code="AUSTR">
    <editdetail attribution="Reuters BIP Coding Group" action="confirmed" date="1997-07-20"/>
  </code>
</codes>
<codes class="bip:topics:1.0">
  <code code="GCAT">
    <editdetail attribution="Reuters BIP Coding Group" action="confirmed" date="1997-07-20"/>
  </code>
  <code code="GDIP">
    <editdetail attribution="Reuters BIP Coding Group" action="confirmed" date="1997-07-20"/>
  </code>
  <code code="GPOL">
    <editdetail attribution="Reuters BIP Coding Group" action="confirmed" date="1997-07-20"/>
  </code>
</codes>
<dc element="dc.date.created" value="1997-07-20"/>
<dc element="dc.publisher" value="Reuters Holdings Plc"/>
<dc element="dc.date.published" value="1997-07-20"/>
<dc element="dc.source" value="Reuters"/>
<dc element="dc.creator.location" value="CANBERRA"/>
<dc element="dc.creator.location.country.name" value="AUSTRALIA"/>
<dc element="dc.source" value="Reuters"/>
</metadata>
</newsitem>
