<?xml version="1.0" encoding="iso-8859-1" ?>
<newsitem itemid="741453" id="root" date="1997-07-20" xml:lang="en">
<title>COLOMBIA: Colombia rebels kidnap helicopter crew.</title>
<headline>Colombia rebels kidnap helicopter crew.</headline>
<dateline>MEDELLIN, Colombia 1997-07-20</dateline>
<text>
<p>Leftist rebels claimed responsibility on Sunday for the kidnapping of all three crew members of a civilian helicopter that disappeared while on a flight over Colombia's northwest Choco province.</p>
<p>The Russian-made Mi-17 helicopter was found intact on Sunday, a day after it disappeared, in a jungle-covered area outside Choco's provincial capital Quibdo, police and military officials said.</p>
<p>But they said there was no sign of the crew members and a caller, identifying himself as a member of the National Liberation Army (ELN), later told the Caracol radio station all three were safely in the hands of ELN rebels who were holding them in exchange for a ransom payment.</p>
<p>&quot;They (the ELN) have claimed responsibility for the kidnapping and they say they'll blow up the helicopter if anyone tries to recover it,&quot; a reporter at Caracol told Reuters.</p>
<p>The ELN, a Cuban-inspired group founded by radical Roman Catholic priests in 1966, specialises in kidnappings and attacks on oil and coal projects across the country. It claimed responsibility earlier this month for shooting down another Mi- 17 over northeastern Arauca province -- an attack in which 20 soldiers and one civilian crew member were killed.</p>
<p>The missing helicopter crew members in Choco, including a Nicaraguan-born flight engineer, had been contracted to install posts for electrical pylons, authorities said.</p>
</text>
<copyright>(c) Reuters Limited 1997</copyright>
<metadata>
<codes class="bip:countries:1.0">
  <code code="COL">
    <editdetail attribution="Reuters BIP Coding Group" action="confirmed" date="1997-07-20"/>
  </code>
</codes>
<codes class="bip:topics:1.0">
  <code code="GCAT">
    <editdetail attribution="Reuters BIP Coding Group" action="confirmed" date="1997-07-20"/>
  </code>
  <code code="GVIO">
    <editdetail attribution="Reuters BIP Coding Group" action="confirmed" date="1997-07-20"/>
  </code>
</codes>
<dc element="dc.date.created" value="1997-07-20"/>
<dc element="dc.publisher" value="Reuters Holdings Plc"/>
<dc element="dc.date.published" value="1997-07-20"/>
<dc element="dc.source" value="Reuters"/>
<dc element="dc.creator.location" value="MEDELLIN, Colombia"/>
<dc element="dc.creator.location.country.name" value="COLOMBIA"/>
<dc element="dc.source" value="Reuters"/>
</metadata>
</newsitem>
