<?xml version="1.0" encoding="iso-8859-1" ?>
<newsitem itemid="741534" id="root" date="1997-07-20" xml:lang="en">
<title>INDONESIA: Indonesian plane crash death toll reaches 30.</title>
<headline>Indonesian plane crash death toll reaches 30.</headline>
<dateline>JAKARTA 1997-07-20</dateline>
<text>
<p>The death toll in the crash of a Fokker F-27 aircraft near the Indonesian city of Bandung last week rose to 30 on Sunday after another passenger died in hospital, the official Antara news agency reported.</p>
<p>It said Indonesian Palal Santosa died in Bandung's Santo Borromeus hospital on Sunday morning, almost three days after the crash of the Sempati Air plane.</p>
<p>Airline officials had earlier put the death toll at 29 of the 50 people aboard the plane chartered from local company PT Trigana Air Service.</p>
<p>Three residents of a housing estate were injured when the plane clipped the roof of their house moments before crashing into a field while attempting an emergency landing at a military air base at about midday on Thursday.</p>
<p>The cause of the accident is still being investigated.</p>
<p>Officials have said the pilot had radioed to Bandung's main airport shortly after take-off that one engine had stopped and he had requested permission to land.</p>
</text>
<copyright>(c) Reuters Limited 1997</copyright>
<metadata>
<codes class="bip:countries:1.0">
  <code code="INDON">
    <editdetail attribution="Reuters BIP Coding Group" action="confirmed" date="1997-07-20"/>
  </code>
</codes>
<codes class="bip:industries:1.0">
  <code code="I75000">
    <editdetail attribution="Reuters BIP Coding Group" action="confirmed" date="1997-07-20"/>
  </code>
</codes>
<codes class="bip:topics:1.0">
  <code code="CCAT">
    <editdetail attribution="Reuters BIP Coding Group" action="confirmed" date="1997-07-20"/>
  </code>
  <code code="GCAT">
    <editdetail attribution="Reuters BIP Coding Group" action="confirmed" date="1997-07-20"/>
  </code>
  <code code="GDIS">
    <editdetail attribution="Reuters BIP Coding Group" action="confirmed" date="1997-07-20"/>
  </code>
</codes>
<dc element="dc.date.created" value="1997-07-20"/>
<dc element="dc.publisher" value="Reuters Holdings Plc"/>
<dc element="dc.date.published" value="1997-07-20"/>
<dc element="dc.source" value="Reuters"/>
<dc element="dc.creator.location" value="JAKARTA"/>
<dc element="dc.creator.location.country.name" value="INDONESIA"/>
<dc element="dc.source" value="Reuters"/>
</metadata>
</newsitem>
