<?xml version="1.0" encoding="iso-8859-1" ?>
<newsitem itemid="741530" id="root" date="1997-07-20" xml:lang="en">
<title>CHINA: China activists urge release of protest workers.</title>
<headline>China activists urge release of protest workers.</headline>
<dateline>BEIJING 1997-07-20</dateline>
<text>
<p>Two Chinese dissidents have appealed to President Jiang Zemin to release workers detained for taking part this month in demonstrations against job losses, a human rights group said on Sunday.</p>
<p>Activists Shen Liangqing and Zhang Lin sent an open letter on Friday to Jiang, Premier Li Peng and National People's Congress Chairman Qiao Shi protesting against the treatment of workers involved in the protests in southwestern Sichuan province, the New York-based group Human Rights in China said.</p>
<p>&quot;We hope for the realisation of complete modernisation of politics, the economy and society... through democratic and legal means,&quot; they wrote in their letter, a copy of which was faxed to news agencies.</p>
<p>Several thousand people staged demonstrations in Mianyang city in Sichuan on July 7 after at least three local state-run enterprises in the textile sector declared bankruptcy.</p>
<p>Police dispersed the angry factory workers and detained several leaders, local officials said. They dismissed reports that some were injured when the demonstrations were broken up.</p>
<p>Shen and Zhang, both from Hefei in eastern Anhui province, demanded the release of those detained, medical treatment for the wounded and an official investigation.</p>
<p>&quot;We propose the Mianyang government make a formal apology to the masses for this incident, immediately release those detained and give medical treatment to the wounded,&quot; they wrote.</p>
<p>Shen, a former Anhui prosecutor, offered to take part in an investigation himself as an observer or prosecutor. Shen was jailed for 17 months for his role in the 1989 pro-democracy demonstrations that were crushed by the army with heavy loss of life.</p>
<p>The two dissidents called on the government to establish an effective social security system to protect workers' rights.</p>
<p>They accused Mianyang government leaders of covering up the mistakes of corrupt officials and disregarding workers' rights, party discipline and the law.</p>
<p>Shen last week sent an open letter to top leaders, warning that any attempt by Communist Party chief and state president Jiang to revive the title held by former Chairman Mao Zedong would start a slide deep into dictatorship.</p>
<p>Fellow activist Zhang, jailed for two years after the 1989 protests, last month completed three years of &quot;re-education through labour&quot; for his pro-democracy activities.</p>
<p>The international ICFTU labour movement was sharply critical on Friday of China China for breaking up the worker protests, citing the need for freedom of association and collective bargaining in the communist nation.</p>
<p>Worker unrest is one of the greatest fears of China's Communist Party leadership.</p>
<p>Reports of increasing numbers of daring protests by disgruntled workers have surfaced in recent years as economic reform has resulted in lay-offs from lumbering state factories.</p>
<p>China's leaders this year have placed reform of loss-making state enterprises at the top of their economic agenda, pushing through with bankruptcies that they had delayed for years for fear of social unrest.</p>
</text>
<copyright>(c) Reuters Limited 1997</copyright>
<metadata>
<codes class="bip:countries:1.0">
  <code code="CHINA">
    <editdetail attribution="Reuters BIP Coding Group" action="confirmed" date="1997-07-20"/>
  </code>
</codes>
<codes class="bip:topics:1.0">
  <code code="E41">
    <editdetail attribution="Reuters BIP Coding Group" action="confirmed" date="1997-07-20"/>
  </code>
  <code code="ECAT">
    <editdetail attribution="Reuters BIP Coding Group" action="confirmed" date="1997-07-20"/>
  </code>
  <code code="GCAT">
    <editdetail attribution="Reuters BIP Coding Group" action="confirmed" date="1997-07-20"/>
  </code>
  <code code="GJOB">
    <editdetail attribution="Reuters BIP Coding Group" action="confirmed" date="1997-07-20"/>
  </code>
  <code code="GPOL">
    <editdetail attribution="Reuters BIP Coding Group" action="confirmed" date="1997-07-20"/>
  </code>
  <code code="GVIO">
    <editdetail attribution="Reuters BIP Coding Group" action="confirmed" date="1997-07-20"/>
  </code>
</codes>
<dc element="dc.date.created" value="1997-07-20"/>
<dc element="dc.publisher" value="Reuters Holdings Plc"/>
<dc element="dc.date.published" value="1997-07-20"/>
<dc element="dc.source" value="Reuters"/>
<dc element="dc.creator.location" value="BEIJING"/>
<dc element="dc.creator.location.country.name" value="CHINA"/>
<dc element="dc.source" value="Reuters"/>
</metadata>
</newsitem>
