<?xml version="1.0" encoding="iso-8859-1" ?>
<newsitem itemid="741517" id="root" date="1997-07-20" xml:lang="en">
<title>VIETNAM: Vietnam hails elections as success as polls close.</title>
<headline>Vietnam hails elections as success as polls close.</headline>
<byline>Adrian Edwards</byline>
<dateline>HANOI 1997-07-20</dateline>
<text>
<p>Election officials in Hanoi said on Sunday that nationwide polls for a new National Assembly had been successful, and reported massive turnout as polls closed despite heavy rains and flooding in some areas.</p>
<p>Nguyen Si Dung of the National Assembly Information Centre told Reuters that data from around the country showed highest turnout in the south, with at least two provinces reporting levels topping 99 percent by the late afternoon, local time.</p>
<p>&quot;I think it's been a quite successful day, and the turnout so far has been very high,&quot; he said. &quot;...In some provinces exceptionally high.&quot;</p>
<p>Polls closed at 1900 (1200 GMT) at the end of an election -- which police said passed without incident -- for an enlarged 450-seat parliament, representing an increase of 55 seats from the previous legislature.</p>
<p>But as on previous occasions, for a communist-run country where Western democratic ideals and political pluralism remain an anathema, little about Sunday's election was left to chance.</p>
<p>Hanoi residents woke to the sound of stirring music from the city-wide megaphone network and messages instructing people on how to fulfil their civic duties.</p>
<p>Outside the city's 1,540 polling stations, middle-aged women in traditional silk dress encouraged passers-by to participate in the official atmosphere of festivity.</p>
<p>All 663 candidates were officially-approved. Most were members of the ruling communist party, and 202 were women -- complying accurately with state directives aimed at ensuring they occupy around 30 percent of parliamentary seats.</p>
<p>Nonetheless, communist party chief Do Muoi, told reporters at a morning voting session that democracy was growing in Vietnam every day. He also brushed aside local newspaper claims of official cheating, including in the constituency where he voted.</p>
<p>&quot;We have conducted so far nine assembly elections, and no cheating has been noticed,&quot; he said, adding: &quot;And the candidates do not have to spend money to buy votes.&quot;</p>
<p>The total budget for the elections and campaigning was about $17,000, amounting to a little over $25 per candidate.</p>
<p>National Assembly elections are held every five years in Vietnam, and are touted as a mechanism aimed at allowing ordinary people a say in the selection of grass-roots parliamentary representatives chosen by the state.</p>
<p>The assembly meets twice each year, for a month, to discuss government legislation and vote on nominees for cabinet and top state positions.</p>
<p>Traditionally, it has been viewed as compliant. But in an unusually direct editorial on Sunday a Ho Chi Minh City news journal said changing times in Vietnam required a more mature parliament, and one more in touch with popular opinion.</p>
<p>&quot;As it integrates into the global community, Vietnam cannot feel satisfied with where it is now,&quot; the Tuoi Tre newspaper said.</p>
<p>&quot;The opinions (of National Assembly deputies) could be more powerful if new ideas are expressed, and if these are a result of refined wisdom and the initiatives of many people...&quot;</p>
<p>One of the first tasks of the assembly, when it meets in September, will be to ratify the appointment of a new president and prime minister.</p>
<p>Le Duc Anh, 76, and Vo Van Kiet, 74, did not stand for election and are therefore constitutionally bound to step down.</p>
<p>Muoi, 80, the third member of Vietnam's leadership triumvirate, said on Sunday he too was tired and had asked to retire. But he sidestepped questions about when this might be.</p>
<p>&quot;I am now asking the party and people to allow me to rest, but they have not yet allowed it,&quot; he said, adding: &quot;I am trying my best to be allowed.&quot;</p>
</text>
<copyright>(c) Reuters Limited 1997</copyright>
<metadata>
<codes class="bip:countries:1.0">
  <code code="VIETN">
    <editdetail attribution="Reuters BIP Coding Group" action="confirmed" date="1997-07-20"/>
  </code>
</codes>
<codes class="bip:topics:1.0">
  <code code="GCAT">
    <editdetail attribution="Reuters BIP Coding Group" action="confirmed" date="1997-07-20"/>
  </code>
  <code code="GPOL">
    <editdetail attribution="Reuters BIP Coding Group" action="confirmed" date="1997-07-20"/>
  </code>
  <code code="GVOTE">
    <editdetail attribution="Reuters BIP Coding Group" action="confirmed" date="1997-07-20"/>
  </code>
</codes>
<dc element="dc.date.created" value="1997-07-20"/>
<dc element="dc.publisher" value="Reuters Holdings Plc"/>
<dc element="dc.date.published" value="1997-07-20"/>
<dc element="dc.source" value="Reuters"/>
<dc element="dc.creator.location" value="HANOI"/>
<dc element="dc.creator.location.country.name" value="VIETNAM"/>
<dc element="dc.source" value="Reuters"/>
</metadata>
</newsitem>
