<?xml version="1.0" encoding="iso-8859-1" ?>
<newsitem itemid="741505" id="root" date="1997-07-20" xml:lang="en">
<title>USA: Motorola confirms loss of satellite contact.</title>
<headline>Motorola confirms loss of satellite contact.</headline>
<dateline>CHANDLER, Ariz 1997-07-20</dateline>
<text>
<p>Motorola Inc said that the loss of communications with an IRIDIUM satellite on Thursday should not affect the scheduled date for commercial service in September 1998.</p>
<p>The satellite is one of five launched July 9, 1997 and was in a parking orbit awaiting its ascent to final mission orbit.</p>
<p>Motorola said it told Iridium that it had lost contact with the satellite, but said the anomaly should not affect the scheduled date for commercial service because it designed the IRIDIUM system to accommodate such an anomaly.</p>
</text>
<copyright>(c) Reuters Limited 1997</copyright>
<metadata>
<codes class="bip:countries:1.0">
  <code code="USA">
    <editdetail attribution="Reuters BIP Coding Group" action="confirmed" date="1997-07-20"/>
  </code>
</codes>
<codes class="bip:industries:1.0">
  <code code="I34531">
    <editdetail attribution="Reuters BIP Coding Group" action="confirmed" date="1997-07-20"/>
  </code>
</codes>
<codes class="bip:topics:1.0">
  <code code="C24">
    <editdetail attribution="Reuters BIP Coding Group" action="confirmed" date="1997-07-20"/>
  </code>
  <code code="C33">
    <editdetail attribution="Reuters BIP Coding Group" action="confirmed" date="1997-07-20"/>
  </code>
  <code code="CCAT">
    <editdetail attribution="Reuters BIP Coding Group" action="confirmed" date="1997-07-20"/>
  </code>
</codes>
<dc element="dc.date.created" value="1997-07-20"/>
<dc element="dc.publisher" value="Reuters Holdings Plc"/>
<dc element="dc.date.published" value="1997-07-20"/>
<dc element="dc.source" value="Reuters"/>
<dc element="dc.creator.location" value="CHANDLER, Ariz"/>
<dc element="dc.creator.location.country.name" value="USA"/>
<dc element="dc.source" value="Reuters"/>
</metadata>
</newsitem>
