<?xml version="1.0" encoding="iso-8859-1" ?>
<newsitem itemid="741587" id="root" date="1997-07-20" xml:lang="en">
<title>DUBAI: Dubai hotels' revenues up 17.9 pct in 1996.</title>
<headline>Dubai hotels' revenues up 17.9 pct in 1996.</headline>
<dateline>DUBAI 1997-07-20</dateline>
<text>
<p>Dubai's 233 hotels saw their revenues increase by 17.9 percent in 1996 to 1.7 billion dirhams ($463 million), the Department of Tourism and Commerce Marketing said.</p>
<p>&quot;This was achieved on the back of a 4.5 percent increase of in the number of Dubai hotels...and an encouraging increase in visitors from some newer markets, such as the Far East and South Africa,&quot; the department's Enterprise Dubai publication said in its July issue.</p>
<p>It said visitors from Europe accounted for about 35.6 percent of the 1.8 million visitors to the Gulf emirate last year, making Europe the largest source of tourists to Dubai, one of the seven United Arab Emirates.</p>
<p>Dubai, the Gulf's trading hub, is implementing a five-year development plan aimed at diversifying its economy away from oil.</p>
<p>A study by Emirates Industrial Bank put the current contribution of tourism to Dubai's gross national product at 11 percent, but expected a 20 percent contribution by the year 2000.</p>
<p>($=3.7 dirhams)</p>
</text>
<copyright>(c) Reuters Limited 1997</copyright>
<metadata>
<codes class="bip:countries:1.0">
  <code code="DUBAI">
    <editdetail attribution="Reuters BIP Coding Group" action="confirmed" date="1997-07-20"/>
  </code>
  <code code="UAE">
    <editdetail attribution="Reuters BIP Coding Group" action="confirmed" date="1997-07-20"/>
  </code>
</codes>
<codes class="bip:industries:1.0">
  <code code="I66500">
    <editdetail attribution="Reuters BIP Coding Group" action="confirmed" date="1997-07-20"/>
  </code>
</codes>
<codes class="bip:topics:1.0">
  <code code="C15">
    <editdetail attribution="Reuters BIP Coding Group" action="confirmed" date="1997-07-20"/>
  </code>
  <code code="C151">
    <editdetail attribution="Reuters BIP Coding Group" action="confirmed" date="1997-07-20"/>
  </code>
  <code code="CCAT">
    <editdetail attribution="Reuters BIP Coding Group" action="confirmed" date="1997-07-20"/>
  </code>
</codes>
<dc element="dc.date.created" value="1997-07-20"/>
<dc element="dc.publisher" value="Reuters Holdings Plc"/>
<dc element="dc.date.published" value="1997-07-20"/>
<dc element="dc.source" value="Reuters"/>
<dc element="dc.creator.location" value="DUBAI"/>
<dc element="dc.creator.location.country.name" value="DUBAI"/>
<dc element="dc.source" value="Reuters"/>
</metadata>
</newsitem>
