<?xml version="1.0" encoding="iso-8859-1" ?>
<newsitem itemid="741578" id="root" date="1997-07-20" xml:lang="en">
<title>IRAN: Iran to invest $4 billion in Mindanao.</title>
<headline>Iran to invest $4 billion in Mindanao.</headline>
<dateline>TEHRAN 1997-07-20</dateline>
<text>
<p>Iran plans to invest $4 billion in industrial ventures on the southern Philippine island of Mindanao, the ancestral home for Philippine Moslems, the official IRNA news agency reported on Sunday.</p>
<p>IRNA said the investments by industrial and commercial companies were part of an agreement signed earlier this week in Manila by a visiting Iranian delegation led by Ali Shams Ardakani, Secretary-General of Iran's Chamber of Commerce, Industries and Mines.</p>
<p>&quot;The agreement is expected to bring favourable profits for Iranian investors and create 50,000 jobs for Philippine Moslems living in Mindanao region,&quot; the agency said, without naming the firms.</p>
<p>A statement by the Philippine presidential palace on Friday said the Iranian delegation signed a memorandum of agreement with Philippine investors to pursue industrial ventures.</p>
<p>It said the ventures included a 150,000 barrel-a-day refinery, liquefied petroleum depots, a cement plant, a rolled steel mill and an assembly plant for agricultural machinery.</p>
</text>
<copyright>(c) Reuters Limited 1997</copyright>
<metadata>
<codes class="bip:countries:1.0">
  <code code="IRAN">
    <editdetail attribution="Reuters BIP Coding Group" action="confirmed" date="1997-07-20"/>
  </code>
  <code code="PHLNS">
    <editdetail attribution="Reuters BIP Coding Group" action="confirmed" date="1997-07-20"/>
  </code>
</codes>
<codes class="bip:topics:1.0">
  <code code="E51">
    <editdetail attribution="Reuters BIP Coding Group" action="confirmed" date="1997-07-20"/>
  </code>
  <code code="E511">
    <editdetail attribution="Reuters BIP Coding Group" action="confirmed" date="1997-07-20"/>
  </code>
  <code code="ECAT">
    <editdetail attribution="Reuters BIP Coding Group" action="confirmed" date="1997-07-20"/>
  </code>
</codes>
<dc element="dc.date.created" value="1997-07-20"/>
<dc element="dc.publisher" value="Reuters Holdings Plc"/>
<dc element="dc.date.published" value="1997-07-20"/>
<dc element="dc.source" value="Reuters"/>
<dc element="dc.creator.location" value="TEHRAN"/>
<dc element="dc.creator.location.country.name" value="IRAN"/>
<dc element="dc.source" value="Reuters"/>
</metadata>
</newsitem>
