<?xml version="1.0" encoding="iso-8859-1" ?>
<newsitem itemid="741569" id="root" date="1997-07-20" xml:lang="en">
<title>CHINA: IPO View-Strong sentiment seen aiding H-share IPOs.</title>
<headline>IPO View-Strong sentiment seen aiding H-share IPOs.</headline>
<byline>Donny Kwok</byline>
<dateline>HONG KONG 1997-07-20</dateline>
<text>
<p>Public offerings of Chinese enterprise H-shares are set to benefit from the recent enthusiasm towards the sector, sparked by hopes of an impending wave of corporate restructurings, analysts said.</p>
<p>&quot;It (the strong sentiment) will aid the IPOs of H-shares,&quot; said Ricky Tam, senior analyst at Delta Asia Securities.</p>
<p>Though restructuring will not turn loss-making businesses into profitable ones in the near term, analysts said it would help the share price performances of listed companies and lift the response to new listings in the sector.</p>
<p>&quot;It will for sure aid sentiment,&quot; said Eugene Law, director at Lippo Securities. &quot;But still, I have reservations. We have to look back to the companies' business because many of them have disappointed the market in the past.&quot;</p>
<p>H-shares, Hong Kong-listed China-incorporated enterprises, had disappointed investors in the past by failing to gain even amid rallies in the overall market, the analysts said.</p>
<p>Institutions make up the bulk of H-share investors, with the sector attracting very little retail interest. Fundamentals have tended to drive the sector's performance and poor earnings outlooks for many of the companies had hurt sentiment. Analysts have said investors had overestimated the earnings recovery of H-shares and been burned.</p>
<p>&quot;The sector had many chances to rebound in the past, but every time it moved up, the shares fell back,&quot; Tam said.</p>
<p>Now the sector is surging on expectations that reorganisations announced by two major constituents could herald a series of restructurings that will enhance profit-making potential.</p>
<p>The Hang Seng Chinese Enterprises Index rose 147.12 points or 14.71 percent to 1,147.01 last week, outperforming the blue chip Hang Seng index which gained 2.27 percent to 15,570.40.</p>
<p>Tsingtao Brewery Co Ltd last week said it had formed a new holding company aimed at rebuilding the beer maker's stock market image and boosting investor returns.</p>
<p>Shanghai Hai Xing Shipping Co Ltd said in recent weeks that its Shanghai-based parent would transfer control to a newly formed shipping giant held by the central government.</p>
<p>Analysts said Shanghai Hai Xing's restructuring in particular spurred hopes for asset injections by the new parent, and speculation that the model may be applied to other H-shares.</p>
<p>&quot;The red-chip asset injection concept is seen coming to an end, and interest may be switching to H-shares,&quot; Tam said. &quot;If Hai Xing proves to be successful, other H-shares will follow.&quot;</p>
<p>Red chips, Hong Kong-based companies with Chinese parents, have enjoyed great popularity due to speculation about asset injections, but appetite for that sector has cooled recently.</p>
<p>Brokers said investors particularly favoured the H-share outlook currently but warned that there was so far little change in underlying business realities.</p>
<p>&quot;If investors continue to ignore the fundamentals, yes, it (the interest in H-shares) will continue,&quot; said Kent Rossiter, of institutional sales at Nikko Securities.</p>
<p>With the heat on, punters are eagerly looking forward to H-share initial public offerings (IPO), which, at other times, would not have whetted appetites.</p>
<p>Steel maker Angang New Steel Co Ltd is issuing 890 million H-shares in a public offer in Hong Kong. Its IPO closed on Friday and the shares are expected to begin trading on July 24.</p>
<p>Guangzhou-based airline group China Southern Airlines is seen kicking off its flotation in Hong Kong this week by issuing 1.03 billion shares at HK$3.75 to HK$4.75 per share, market sources said. Its IPO is expected to run from July 22 to 25.</p>
<p>Despite the strong sentiment in the sector currently, analysts said fundamentals would eventually prevail in investors' decisions.</p>
<p>&quot;Restructuring induces a hope into the market that the sector is having a chance to rebound, but ultimately, people will look into the profitability and outlook of the businesses whether it is a listed firm or a new listing,&quot; Law said.</p>
<p>&quot;Restructuring is not a magic touch,&quot; he added.</p>
<p>Overhauling the state-owned behemoths, many of which are involved in basic industries such as petrochemicals, steel and machinery, will not be easy, analysts added.</p>
<p>&quot;This is very dangerous thinking since corporate restructuring is not an easy task as many of the H-shares are involved in single industries and are not as diversified as red chips,&quot; said Andrew To, dealing director at OSK Securities.</p>
<p>-- Hong Kong Newsroom (852) 2843 6370</p>
</text>
<copyright>(c) Reuters Limited 1997</copyright>
<metadata>
<codes class="bip:countries:1.0">
  <code code="CHINA">
    <editdetail attribution="Reuters BIP Coding Group" action="confirmed" date="1997-07-20"/>
  </code>
  <code code="HKONG">
    <editdetail attribution="Reuters BIP Coding Group" action="confirmed" date="1997-07-20"/>
  </code>
</codes>
<codes class="bip:topics:1.0">
  <code code="C17">
    <editdetail attribution="Reuters BIP Coding Group" action="confirmed" date="1997-07-20"/>
  </code>
  <code code="C171">
    <editdetail attribution="Reuters BIP Coding Group" action="confirmed" date="1997-07-20"/>
  </code>
  <code code="CCAT">
    <editdetail attribution="Reuters BIP Coding Group" action="confirmed" date="1997-07-20"/>
  </code>
  <code code="M11">
    <editdetail attribution="Reuters BIP Coding Group" action="confirmed" date="1997-07-20"/>
  </code>
  <code code="MCAT">
    <editdetail attribution="Reuters BIP Coding Group" action="confirmed" date="1997-07-20"/>
  </code>
</codes>
<dc element="dc.date.created" value="1997-07-20"/>
<dc element="dc.publisher" value="Reuters Holdings Plc"/>
<dc element="dc.date.published" value="1997-07-20"/>
<dc element="dc.source" value="Reuters"/>
<dc element="dc.creator.location" value="HONG KONG"/>
<dc element="dc.creator.location.country.name" value="CHINA"/>
<dc element="dc.source" value="Reuters"/>
</metadata>
</newsitem>
