<?xml version="1.0" encoding="iso-8859-1" ?>
<newsitem itemid="741500" id="root" date="1997-07-20" xml:lang="en">
<title>USA: Carriage Services merges with Forest Lawn.</title>
<headline>Carriage Services merges with Forest Lawn.</headline>
<dateline>HOUSTON 1997-07-20</dateline>
<text>
<p>Carriage Services Inc, the nation's fifth largest publicly traded funeral company, has an agreement in principle to merge with Forest Lawn/Evergreen Management Corp of Panama City, Florida.</p>
<p>Carriage Service made the announcement Friday but did not disclose terms of the deal, which it said should close in September, subject to a definitive merger pact.</p>
<p>Forest Lawn owns and operates three cemeteries and one funeral home in Panama City and funeral homes in Fort Walton Beach, Florida, and Dothan, Alabama.</p>
<p>Carriage Services said the two principal shareholders of Forest Lawn, Greg Brudnicki and Charles Kent, will remain active in the business and become significant shareholders of Carriage and join the Carriage board.</p>
<p>Carriage Services said Brudnicki and Kent will also be active in expanding the company's southeast presence.</p>
<p>Carriage Services owns and operates 101 funeral homes and 12 cemeteries in 18 states, as of June 30.</p>
</text>
<copyright>(c) Reuters Limited 1997</copyright>
<metadata>
<codes class="bip:countries:1.0">
  <code code="USA">
    <editdetail attribution="Reuters BIP Coding Group" action="confirmed" date="1997-07-20"/>
  </code>
</codes>
<codes class="bip:topics:1.0">
  <code code="C18">
    <editdetail attribution="Reuters BIP Coding Group" action="confirmed" date="1997-07-20"/>
  </code>
  <code code="C181">
    <editdetail attribution="Reuters BIP Coding Group" action="confirmed" date="1997-07-20"/>
  </code>
  <code code="CCAT">
    <editdetail attribution="Reuters BIP Coding Group" action="confirmed" date="1997-07-20"/>
  </code>
</codes>
<dc element="dc.date.created" value="1997-07-20"/>
<dc element="dc.publisher" value="Reuters Holdings Plc"/>
<dc element="dc.date.published" value="1997-07-20"/>
<dc element="dc.source" value="Reuters"/>
<dc element="dc.creator.location" value="HOUSTON"/>
<dc element="dc.creator.location.country.name" value="USA"/>
<dc element="dc.source" value="Reuters"/>
</metadata>
</newsitem>
