<?xml version="1.0" encoding="iso-8859-1" ?>
<newsitem itemid="741555" id="root" date="1997-07-20" xml:lang="en">
<title>SOUTH KOREA: Kia Motors sells cars at 30 pct discount.</title>
<headline>Kia Motors sells cars at 30 pct discount.</headline>
<dateline>SEOUL 1997-07-20</dateline>
<text>
<p>Kia Motors Corp, the troubled flagship of South Korea's Kia Group, said on Sunday it had begun selling its main car models at a 29.9 percent discount.</p>
<p>The deep price cut, aimed at raising cash, will apply only to one-sum cash payments until the end of this month.</p>
<p>&quot;The special discount sales would help ease our financial strain,&quot; said a Kia spokesman. Included in the discounted models are Sephia and Avella compact cars, Credos mid-sized sedans and Sportage utility vehicles.</p>
<p>On Tuesday, local banks decided to rescue the Kia Group, the country's eighth largest business conglomerate. Its carmaking unit had been battered by slumping domestic sales.</p>
</text>
<copyright>(c) Reuters Limited 1997</copyright>
<metadata>
<codes class="bip:countries:1.0">
  <code code="SKOREA">
    <editdetail attribution="Reuters BIP Coding Group" action="confirmed" date="1997-07-20"/>
  </code>
</codes>
<codes class="bip:industries:1.0">
  <code code="I35101">
    <editdetail attribution="Reuters BIP Coding Group" action="confirmed" date="1997-07-20"/>
  </code>
</codes>
<codes class="bip:topics:1.0">
  <code code="C31">
    <editdetail attribution="Reuters BIP Coding Group" action="confirmed" date="1997-07-20"/>
  </code>
  <code code="CCAT">
    <editdetail attribution="Reuters BIP Coding Group" action="confirmed" date="1997-07-20"/>
  </code>
</codes>
<dc element="dc.date.created" value="1997-07-20"/>
<dc element="dc.publisher" value="Reuters Holdings Plc"/>
<dc element="dc.date.published" value="1997-07-20"/>
<dc element="dc.source" value="Reuters"/>
<dc element="dc.creator.location" value="SEOUL"/>
<dc element="dc.creator.location.country.name" value="SOUTH KOREA"/>
<dc element="dc.source" value="Reuters"/>
</metadata>
</newsitem>
