<?xml version="1.0" encoding="iso-8859-1" ?>
<newsitem itemid="741598" id="root" date="1997-07-20" xml:lang="en">
<title>DUBAI: Iran and Malaysia to build up oil ties.</title>
<headline>Iran and Malaysia to build up oil ties.</headline>
<dateline>DUBAI 1997-07-20</dateline>
<text>
<p>Iran and Malaysia aim to increase commercial ties in the oil industry, Iran Oil Minister Gholamreza Aghazadeh told the official Iranian news agency IRNA.</p>
<p>Aghazadeh, speaking to IRNA in Kuala Lumpur after a three-day visit, said Malaysia would rent an Iranian oil rig to carry out exploration work in Turkmenistan.</p>
<p>&quot;The two countries also agreed to conduct joint oil explorations in southern Africa including construction of a refinery,&quot; IRNA reported at the weekend.</p>
<p>Malaysia had also expressed interest in developing Iran's South Pars gas field and other oil and gas fields, Aghazadeh was reported as saying.</p>
<p>Malaysian state oil firm Petronas has already linked up with France's Total SA to develop Iran's Sirri E and A offshore oil fields in the biggest foreign investment in Iran's energy sector since its 1979 revolution.</p>
<p>It is also currently part of a foreign consortium bidding for the $3.5 billion second and third phase development of Iran's huge South Pars gas field.</p>
<p>Iran's National Iranian Oil Company is in negotiations with two consortiums headed by Total and the Royal Dutch-Shell Group to develop the field.</p>
<p>U.S. President Bill Clinton signed the Iran-Libya Sanctions Act last year which gave the president powers to impose a range of sanctions against non-U.S. firms that invested $40 million or more a year in the two countries' oil and gas sectors.</p>
<p>Aghazadeh met Petronas president Dato Mohamed Hassan during his visit, IRNA reported.</p>
</text>
<copyright>(c) Reuters Limited 1997</copyright>
<metadata>
<codes class="bip:countries:1.0">
  <code code="IRAN">
    <editdetail attribution="Reuters BIP Coding Group" action="confirmed" date="1997-07-20"/>
  </code>
  <code code="MALAY">
    <editdetail attribution="Reuters BIP Coding Group" action="confirmed" date="1997-07-20"/>
  </code>
  <code code="TURKM">
    <editdetail attribution="Reuters BIP Coding Group" action="confirmed" date="1997-07-20"/>
  </code>
</codes>
<codes class="bip:industries:1.0">
  <code code="I13000">
    <editdetail attribution="Reuters BIP Coding Group" action="confirmed" date="1997-07-20"/>
  </code>
  <code code="I1300003">
    <editdetail attribution="Reuters BIP Coding Group" action="confirmed" date="1997-07-20"/>
  </code>
</codes>
<codes class="bip:topics:1.0">
  <code code="C13">
    <editdetail attribution="Reuters BIP Coding Group" action="confirmed" date="1997-07-20"/>
  </code>
  <code code="C24">
    <editdetail attribution="Reuters BIP Coding Group" action="confirmed" date="1997-07-20"/>
  </code>
  <code code="CCAT">
    <editdetail attribution="Reuters BIP Coding Group" action="confirmed" date="1997-07-20"/>
  </code>
</codes>
<dc element="dc.date.created" value="1997-07-20"/>
<dc element="dc.publisher" value="Reuters Holdings Plc"/>
<dc element="dc.date.published" value="1997-07-20"/>
<dc element="dc.source" value="Reuters"/>
<dc element="dc.creator.location" value="DUBAI"/>
<dc element="dc.creator.location.country.name" value="DUBAI"/>
<dc element="dc.source" value="Reuters"/>
</metadata>
</newsitem>
