<?xml version="1.0" encoding="iso-8859-1" ?>
<newsitem itemid="741666" id="root" date="1997-07-20" xml:lang="en">
<title>USA: Retirees return home after New Jersey fire.</title>
<headline>Retirees return home after New Jersey fire.</headline>
<dateline>BERKELEY, N.J. 1997-07-20</dateline>
<text>
<p>Nearly 2,000 residents of two retirement complexes returned to their homes Sunday as firefighters contained wind-whipped flames at a scrub forest that had forced their evacuation Saturday.</p>
<p>The flames consumed more than a square mile of the scrub forest on the edge of New Jersey's vast Pine Barrens adjacent to the two retirement communities, Holiday City and Silver Ridge.</p>
<p>Although the flames got close enough to nearly 500 houses to scorch paint, none were seriously damaged, police said.</p>
<p>Fire crews contained the flames along a perimeter and are still fighting hot spots. Dry weather had created a fire hazard, fire officials said.</p>
<p>The evacuees spent the night in community centres in other parts of the sprawling retirement complex, which has a population of 20,000.</p>
</text>
<copyright>(c) Reuters Limited 1997</copyright>
<metadata>
<codes class="bip:countries:1.0">
  <code code="USA">
    <editdetail attribution="Reuters BIP Coding Group" action="confirmed" date="1997-07-20"/>
  </code>
</codes>
<codes class="bip:topics:1.0">
  <code code="GCAT">
    <editdetail attribution="Reuters BIP Coding Group" action="confirmed" date="1997-07-20"/>
  </code>
  <code code="GDIS">
    <editdetail attribution="Reuters BIP Coding Group" action="confirmed" date="1997-07-20"/>
  </code>
</codes>
<dc element="dc.date.created" value="1997-07-20"/>
<dc element="dc.publisher" value="Reuters Holdings Plc"/>
<dc element="dc.date.published" value="1997-07-20"/>
<dc element="dc.source" value="Reuters"/>
<dc element="dc.creator.location" value="BERKELEY, N.J."/>
<dc element="dc.creator.location.country.name" value="USA"/>
<dc element="dc.source" value="Reuters"/>
</metadata>
</newsitem>
