<?xml version="1.0" encoding="iso-8859-1" ?>
<newsitem itemid="741654" id="root" date="1997-07-20" xml:lang="en">
<title>USA: Top 10 movies at U.S. box office.</title>
<headline>Top 10 movies at U.S. box office.</headline>
<dateline>LOS ANGELES 1997-07-20</dateline>
<text>
<p>Following are movie ticket sales at the U.S. box office for the July 18-20 weekend, according to studio estimates from Exhibitor Relations Co. Final data will be issued on Monday.</p>
<p> 1 (1) Men in Black ............................ $19.0 million</p>
<p> 2 (*) George of the Jungle .................... $16.3 million</p>
<p> 3 (2) Contact ................................. $16.1 million</p>
<p> 4 (*) Nothing To Lose ......................... $11.6 million</p>
<p> 5 (3) Face/Off ................................  $9.0 million</p>
<p> 6 (5) My Best Friend's Wedding ................  $6.8 million</p>
<p> 7 (4) Hercules ................................  $4.8 million</p>
<p> 8 (*) Operation Condor ........................  $4.7 million</p>
<p> 9 (6) Out to Sea ..............................  $3.1 million</p>
<p> 10(7) Batman &amp; Robin ..........................  $1.8 million</p>
<p>NOTE: Last weekend's position in parentheses. * denotes new release.</p>
<p>&quot;Men in Black&quot; is released by Columbia Pictures, a unit of Sony Corp. Sony's TriStar studio released &quot;My Best Friend's Wedding.&quot;</p>
<p>&quot;George of the Jungle,&quot; &quot;Nothing to Lose&quot; and &quot;Hercules&quot; are from Walt Disney Co.</p>
<p>Disney's Miramax Films unit released &quot;Operation Condor.&quot;</p>
<p>&quot;Contact&quot; and &quot;Batman &amp; Robin&quot; are released by Warner Bros, a unit of Time Warner Inc.</p>
<p>&quot;Face/Off&quot; is from Paramount Pictures, a unit of Viacom Inc.</p>
<p>&quot;Out to Sea&quot; is released by 20th Century Fox, a unit of News Corp.</p>
</text>
<copyright>(c) Reuters Limited 1997</copyright>
<metadata>
<codes class="bip:countries:1.0">
  <code code="USA">
    <editdetail attribution="Reuters BIP Coding Group" action="confirmed" date="1997-07-20"/>
  </code>
</codes>
<codes class="bip:industries:1.0">
  <code code="I34540">
    <editdetail attribution="Reuters BIP Coding Group" action="confirmed" date="1997-07-20"/>
  </code>
  <code code="I47500">
    <editdetail attribution="Reuters BIP Coding Group" action="confirmed" date="1997-07-20"/>
  </code>
  <code code="I83960">
    <editdetail attribution="Reuters BIP Coding Group" action="confirmed" date="1997-07-20"/>
  </code>
  <code code="I97100">
    <editdetail attribution="Reuters BIP Coding Group" action="confirmed" date="1997-07-20"/>
  </code>
  <code code="I97400">
    <editdetail attribution="Reuters BIP Coding Group" action="confirmed" date="1997-07-20"/>
  </code>
</codes>
<codes class="bip:topics:1.0">
  <code code="C31">
    <editdetail attribution="Reuters BIP Coding Group" action="confirmed" date="1997-07-20"/>
  </code>
  <code code="C313">
    <editdetail attribution="Reuters BIP Coding Group" action="confirmed" date="1997-07-20"/>
  </code>
  <code code="CCAT">
    <editdetail attribution="Reuters BIP Coding Group" action="confirmed" date="1997-07-20"/>
  </code>
  <code code="GCAT">
    <editdetail attribution="Reuters BIP Coding Group" action="confirmed" date="1997-07-20"/>
  </code>
  <code code="GENT">
    <editdetail attribution="Reuters BIP Coding Group" action="confirmed" date="1997-07-20"/>
  </code>
</codes>
<dc element="dc.date.created" value="1997-07-20"/>
<dc element="dc.publisher" value="Reuters Holdings Plc"/>
<dc element="dc.date.published" value="1997-07-20"/>
<dc element="dc.source" value="Reuters"/>
<dc element="dc.creator.location" value="LOS ANGELES"/>
<dc element="dc.creator.location.country.name" value="USA"/>
<dc element="dc.source" value="Reuters"/>
</metadata>
</newsitem>
