<?xml version="1.0" encoding="iso-8859-1" ?>
<newsitem itemid="741648" id="root" date="1997-07-20" xml:lang="en">
<title>USA: Needed rain falls in dry parts of western Illinois.</title>
<headline>Needed rain falls in dry parts of western Illinois.</headline>
<dateline>KANSAS CITY, Mo. 1997-07-20</dateline>
<text>
<p>Much-needed rain fell across dry corn- and soy-growing areas of western Illinois Saturday, but meteorologists said Sunday that around 40 percent of the dry area missed the rain.</p>
<p>&quot;There were beneficial rains to the western half of Illinois -- about 60 percent of the dry area,&quot; said Fred Gesser, chief meteorologist at Weather Express Inc. &quot;For the most part, I'd say 60 percent of the coverage area got 1/2 inch, and 20 to 30 percent of the coverage area got an inch.&quot;</p>
<p>Gesser said rainfall amounts in the coverage area varied from a few hundredths of an inch to as much as two inches.  </p>
<p>The rain stopped Sunday morning in western Illinois, but Gesser said the area may get another dose of moisture as a cold front moves through Monday night.</p>
<p>&quot;Basically what we're looking at between Monday and Wednesday is another 60 to 70 percent coverage event. The front will be moving rather slowly across the Corn Belt, slowed down by remnants of (former hurricane) Danny,&quot; Gesser said.</p>
<p>&quot;One thing working in favor of corn pollination is that Danny has slowed down the front and gives us more chances for rain Monday through Wednesday,&quot; Gesser said.</p>
<p>The National Weather Service (NWS) said as of 0700 CDT Sunday, 0.88 inch of rain had fallen over the previous 24 hours in Springfield, Ill.</p>
<p>NWS weekend rainfall totals for other area cities were as follows: Peoria, Ill. 0.06; Moline, Ill. 0.37; St. Louis 1.36; Dubuque, Iowa 1.15; Burlington, Iowa 0.22.</p>
<p>&quot;It wasn't exactly a flood,&quot; said Jeff Penner, meteorologist at the Weather Center. &quot;Some areas got it and some areas didn't -- that's the way July rainfall patterns are, usually.&quot;</p>
<p>((--Greg Frost, Kansas City bureau, 816 561-8671))</p>
</text>
<copyright>(c) Reuters Limited 1997</copyright>
<metadata>
<codes class="bip:countries:1.0">
  <code code="USA">
    <editdetail attribution="Reuters BIP Coding Group" action="confirmed" date="1997-07-20"/>
  </code>
</codes>
<codes class="bip:industries:1.0">
  <code code="I01001">
    <editdetail attribution="Reuters BIP Coding Group" action="confirmed" date="1997-07-20"/>
  </code>
  <code code="I0100132">
    <editdetail attribution="Reuters BIP Coding Group" action="confirmed" date="1997-07-20"/>
  </code>
</codes>
<codes class="bip:topics:1.0">
  <code code="C24">
    <editdetail attribution="Reuters BIP Coding Group" action="confirmed" date="1997-07-20"/>
  </code>
  <code code="CCAT">
    <editdetail attribution="Reuters BIP Coding Group" action="confirmed" date="1997-07-20"/>
  </code>
  <code code="GCAT">
    <editdetail attribution="Reuters BIP Coding Group" action="confirmed" date="1997-07-20"/>
  </code>
  <code code="GWEA">
    <editdetail attribution="Reuters BIP Coding Group" action="confirmed" date="1997-07-20"/>
  </code>
  <code code="M14">
    <editdetail attribution="Reuters BIP Coding Group" action="confirmed" date="1997-07-20"/>
  </code>
  <code code="M141">
    <editdetail attribution="Reuters BIP Coding Group" action="confirmed" date="1997-07-20"/>
  </code>
  <code code="MCAT">
    <editdetail attribution="Reuters BIP Coding Group" action="confirmed" date="1997-07-20"/>
  </code>
</codes>
<dc element="dc.date.created" value="1997-07-20"/>
<dc element="dc.publisher" value="Reuters Holdings Plc"/>
<dc element="dc.date.published" value="1997-07-20"/>
<dc element="dc.source" value="Reuters"/>
<dc element="dc.creator.location" value="KANSAS CITY, Mo."/>
<dc element="dc.creator.location.country.name" value="USA"/>
<dc element="dc.source" value="Reuters"/>
</metadata>
</newsitem>
