<?xml version="1.0" encoding="iso-8859-1" ?>
<newsitem itemid="741643" id="root" date="1997-07-20" xml:lang="en">
<title>DUBAI: Saudi Arabia launches first locally made missile.</title>
<headline>Saudi Arabia launches first locally made missile.</headline>
<dateline>DUBAI 1997-07-20</dateline>
<text>
<p>Saudi Arabia has test fired its first domestically produced surface-to-surface missile during the inauguration of a military complex, the official Saudi Press Agency (SPA) reported.</p>
<p>Saudi Defence Minister Prince Sultan fired the missile on Saturday at the complex in Kharj, 100 km (60 miles) southeast of Riyadh.</p>
<p>&quot;The missile which was launched today (Saturday)...has a range of 35 to 60 km (21 to 37 miles),&quot; Saudi Defence Minister Prince Sultan said, as quoted by SPA.</p>
<p>Saudi newspapers had reported earlier that the missile was manufactured by the ammunition maintenance centre and ammunition school at the base in Kharj.</p>
<p>Saudi Arabia has an ambitious armament programme and major arms contracts with Britain, the United States and France.</p>
</text>
<copyright>(c) Reuters Limited 1997</copyright>
<metadata>
<codes class="bip:countries:1.0">
  <code code="SAARAB">
    <editdetail attribution="Reuters BIP Coding Group" action="confirmed" date="1997-07-20"/>
  </code>
</codes>
<codes class="bip:topics:1.0">
  <code code="GCAT">
    <editdetail attribution="Reuters BIP Coding Group" action="confirmed" date="1997-07-20"/>
  </code>
  <code code="GDEF">
    <editdetail attribution="Reuters BIP Coding Group" action="confirmed" date="1997-07-20"/>
  </code>
</codes>
<dc element="dc.date.created" value="1997-07-20"/>
<dc element="dc.publisher" value="Reuters Holdings Plc"/>
<dc element="dc.date.published" value="1997-07-20"/>
<dc element="dc.source" value="Reuters"/>
<dc element="dc.creator.location" value="DUBAI"/>
<dc element="dc.creator.location.country.name" value="DUBAI"/>
<dc element="dc.source" value="Reuters"/>
</metadata>
</newsitem>
