<?xml version="1.0" encoding="iso-8859-1" ?>
<newsitem itemid="741637" id="root" date="1997-07-20" xml:lang="en">
<title>IRAQ: PRESS DIGEST - Iraq - July 20.</title>
<headline>PRESS DIGEST - Iraq - July 20.</headline>
<dateline>BAGHDAD 1997-07-20</dateline>
<text>
<p>These are some of the leading stories in the Iraqi official press on Sunday. Reuters has not verified these stories and does not vouch for their accuracy.</p>
<p>JUMHOURIYA</p>
<p>- President Saddam Hussein receives member of the central committee of Cuban communist party Varis Cambras.</p>
<p>- Iraq and Jordan discuss land transportation.</p>
<p>- Newly appointed chairman of the United Nations Special Commission (UNSCOM) Richard Butler stresses his desire to open new page with Iraq.</p>
<p>- An oil official says Iraq has consolidated OPEC role in world oil market.</p>
<p>QADISSIYA</p>
<p>- An Iraqi economic team to visit Syria next week.</p>
<p>- Saddam receives more congratulations on Iraq's national day.</p>
</text>
<copyright>(c) Reuters Limited 1997</copyright>
<metadata>
<codes class="bip:countries:1.0">
  <code code="IRAQ">
    <editdetail attribution="Reuters BIP Coding Group" action="confirmed" date="1997-07-20"/>
  </code>
</codes>
<codes class="bip:topics:1.0">
  <code code="GCAT">
    <editdetail attribution="Reuters BIP Coding Group" action="confirmed" date="1997-07-20"/>
  </code>
</codes>
<dc element="dc.date.created" value="1997-07-20"/>
<dc element="dc.publisher" value="Reuters Holdings Plc"/>
<dc element="dc.date.published" value="1997-07-20"/>
<dc element="dc.source" value="Reuters"/>
<dc element="dc.creator.location" value="BAGHDAD"/>
<dc element="dc.creator.location.country.name" value="IRAQ"/>
<dc element="dc.source" value="Reuters"/>
</metadata>
</newsitem>
