<?xml version="1.0" encoding="iso-8859-1" ?>
<newsitem itemid="741649" id="root" date="1997-07-20" xml:lang="en">
<title>USA: Plane lands safely in Los Angeles after engine failure.</title>
<headline>Plane lands safely in Los Angeles after engine failure.</headline>
<dateline>LOS ANGELES 1997-07-20</dateline>
<text>
<p>A United Airlines passenger jet returned to Los Angeles to make an emergency landing on Sunday when one of its engines lost power soon after the plane took off for Hawaii.</p>
<p>The 747 jumbo jet landed safely and no injuries were reported among the 400 passengers on board, Los Angeles fire department officials said. They said a problem developed with a compressor in one of the jet's four engines.</p>
<p>Passengers were put on other flights to Hawaii.</p>
<p>United Airlines is a subsidiary of Chicago-based UAL Corp.</p>
</text>
<copyright>(c) Reuters Limited 1997</copyright>
<metadata>
<codes class="bip:countries:1.0">
  <code code="USA">
    <editdetail attribution="Reuters BIP Coding Group" action="confirmed" date="1997-07-20"/>
  </code>
</codes>
<codes class="bip:industries:1.0">
  <code code="I75000">
    <editdetail attribution="Reuters BIP Coding Group" action="confirmed" date="1997-07-20"/>
  </code>
</codes>
<codes class="bip:topics:1.0">
  <code code="C21">
    <editdetail attribution="Reuters BIP Coding Group" action="confirmed" date="1997-07-20"/>
  </code>
  <code code="C24">
    <editdetail attribution="Reuters BIP Coding Group" action="confirmed" date="1997-07-20"/>
  </code>
  <code code="CCAT">
    <editdetail attribution="Reuters BIP Coding Group" action="confirmed" date="1997-07-20"/>
  </code>
</codes>
<dc element="dc.date.created" value="1997-07-20"/>
<dc element="dc.publisher" value="Reuters Holdings Plc"/>
<dc element="dc.date.published" value="1997-07-20"/>
<dc element="dc.source" value="Reuters"/>
<dc element="dc.creator.location" value="LOS ANGELES"/>
<dc element="dc.creator.location.country.name" value="USA"/>
<dc element="dc.source" value="Reuters"/>
</metadata>
</newsitem>
