<?xml version="1.0" encoding="iso-8859-1" ?>
<newsitem itemid="741676" id="root" date="1997-07-20" xml:lang="en">
<title>MALTA: Malta Drydocks cuts losses in first half.</title>
<headline>Malta Drydocks cuts losses in first half.</headline>
<dateline>VALLETTA 1997-07-20</dateline>
<text>
<p>State-owned Malta Drydocks cut losses in the first half of this year, the government said.</p>
<p>But the British consultants Appledore International said in an efficiency report made public by the government at the weekend that the yard was &quot;fast approaching the point where it would be beyond redemption&quot;.</p>
<p>Prime Minister Alfred Sant told the Maltese Parliament on Friday that the yard lost 3.4 million Maltese pounds ($8.8 million) in the first six months of this year, just under two million pounds less than in the same period in 1996.</p>
<p>In February Sant stunned dockyard workers when he scrapped a council directly elected by workers to manage the yard and instead installed a council whose members were mostly appointed by the government.</p>
<p>He said the yard had been making losses for years, but the situation deteriorated sharply in 1995 and 1996 when losses totalled 25 million pounds ($65 million). Accumulated losses soared to over 70 million pounds ($182 million).</p>
<p>Appledore said Malta Drydocks had huge under-use of labour and should be split in two, one section employing 1,286 people and concentrating on ship repair and the other taking over the rest of the 3,200 workforce to concentrate on new business such as building buses for Malta.</p>
<p>&quot;The situation at the dockyard is extremely serious ...however we believe that it has a future. We believe there is an opportunity to take advantage of three key factors -- location, low cost and technical competence,&quot; Appledore said.</p>
<p>The consultants said Malta Drydocks needed a better reputation among clients and government financial subsidies should be structured to send the right messages of success and best use of resources.</p>
<p>($1=0.38 Maltese cents)</p>
</text>
<copyright>(c) Reuters Limited 1997</copyright>
<metadata>
<codes class="bip:countries:1.0">
  <code code="MALTA">
    <editdetail attribution="Reuters BIP Coding Group" action="confirmed" date="1997-07-20"/>
  </code>
</codes>
<codes class="bip:industries:1.0">
  <code code="I36101">
    <editdetail attribution="Reuters BIP Coding Group" action="confirmed" date="1997-07-20"/>
  </code>
</codes>
<codes class="bip:topics:1.0">
  <code code="C15">
    <editdetail attribution="Reuters BIP Coding Group" action="confirmed" date="1997-07-20"/>
  </code>
  <code code="C151">
    <editdetail attribution="Reuters BIP Coding Group" action="confirmed" date="1997-07-20"/>
  </code>
  <code code="CCAT">
    <editdetail attribution="Reuters BIP Coding Group" action="confirmed" date="1997-07-20"/>
  </code>
</codes>
<dc element="dc.date.created" value="1997-07-20"/>
<dc element="dc.publisher" value="Reuters Holdings Plc"/>
<dc element="dc.date.published" value="1997-07-20"/>
<dc element="dc.source" value="Reuters"/>
<dc element="dc.creator.location" value="VALLETTA"/>
<dc element="dc.creator.location.country.name" value="MALTA"/>
<dc element="dc.source" value="Reuters"/>
</metadata>
</newsitem>
