<?xml version="1.0" encoding="iso-8859-1" ?>
<newsitem itemid="741677" id="root" date="1997-07-20" xml:lang="en">
<title>GERMANY: German jobless could be halved-Labor Office Chief.</title>
<headline>German jobless could be halved-Labor Office Chief.</headline>
<dateline>STUTTGART, Germany</dateline>
<text>
<p>The number of jobless in Germany could be halved by the year 2002 if the country's labour market becomes more flexible, the President of the German Labour Office said on German radio Sunday.</p>
<p>Bernhard Jagoda said that certain conditions aimed at introducing more flexibility into Germany's rigid employment structures need to be met if jobless numbers are to be cut.</p>
<p>In June there were nearly 4.4 million people out of work in Germany and unemployment for the year is expected to average a post-war record of 4.3 million.</p>
<p>Overtime needs to be cut by 40 percent, Jagoda said. The percentage of part-time workers has to rise, supplementary wage costs need to be cut by 2 percent and wages should only rise in line with inflation, he said.</p>
<p>German Chancellor Helmut Kohl said on Friday that he was sticking to his target of halving the number of jobless by the year 2000.</p>
</text>
<copyright>(c) Reuters Limited 1997</copyright>
<metadata>
<codes class="bip:countries:1.0">
  <code code="GFR">
    <editdetail attribution="Reuters BIP Coding Group" action="confirmed" date="1997-07-20"/>
  </code>
</codes>
<codes class="bip:topics:1.0">
  <code code="E41">
    <editdetail attribution="Reuters BIP Coding Group" action="confirmed" date="1997-07-20"/>
  </code>
  <code code="E411">
    <editdetail attribution="Reuters BIP Coding Group" action="confirmed" date="1997-07-20"/>
  </code>
  <code code="ECAT">
    <editdetail attribution="Reuters BIP Coding Group" action="confirmed" date="1997-07-20"/>
  </code>
  <code code="GCAT">
    <editdetail attribution="Reuters BIP Coding Group" action="confirmed" date="1997-07-20"/>
  </code>
  <code code="GJOB">
    <editdetail attribution="Reuters BIP Coding Group" action="confirmed" date="1997-07-20"/>
  </code>
</codes>
<dc element="dc.publisher" value="Reuters Holdings Plc"/>
<dc element="dc.date.published" value="1997-07-20"/>
<dc element="dc.source" value="Reuters"/>
<dc element="dc.creator.location" value="STUTTGART, Germany"/>
<dc element="dc.creator.location.country.name" value="GERMANY"/>
<dc element="dc.source" value="Reuters"/>
</metadata>
</newsitem>
