<?xml version="1.0" encoding="iso-8859-1" ?>
<newsitem itemid="741698" id="root" date="1997-07-20" xml:lang="en">
<title>AUSTRIA: Austria Danube shipping halted after heavy rain.</title>
<headline>Austria Danube shipping halted after heavy rain.</headline>
<dateline>VIENNA 1997-07-20</dateline>
<text>
<p>Danube shipping was suspended in Austria on Sunday as days of torrential rain swelled the river.</p>
<p>The river, which flows from the Alps to the Black Sea, was closed to traffic along a 90 km (50 mile) stretch between Linz and Krems, state television reported.</p>
<p>Elsewhere in Austria, flood waters retreated as rainclouds lifted but the emergency services remained on alert, with more showers forecast for Monday.</p>
<p>The northern province of Upper Austria and the Danube basin have so far been worst hit by Austria's worst floods this century.</p>
</text>
<copyright>(c) Reuters Limited 1997</copyright>
<metadata>
<codes class="bip:countries:1.0">
  <code code="AUST">
    <editdetail attribution="Reuters BIP Coding Group" action="confirmed" date="1997-07-20"/>
  </code>
</codes>
<codes class="bip:industries:1.0">
  <code code="I74000">
    <editdetail attribution="Reuters BIP Coding Group" action="confirmed" date="1997-07-20"/>
  </code>
</codes>
<codes class="bip:topics:1.0">
  <code code="C24">
    <editdetail attribution="Reuters BIP Coding Group" action="confirmed" date="1997-07-20"/>
  </code>
  <code code="CCAT">
    <editdetail attribution="Reuters BIP Coding Group" action="confirmed" date="1997-07-20"/>
  </code>
  <code code="GCAT">
    <editdetail attribution="Reuters BIP Coding Group" action="confirmed" date="1997-07-20"/>
  </code>
  <code code="GWEA">
    <editdetail attribution="Reuters BIP Coding Group" action="confirmed" date="1997-07-20"/>
  </code>
</codes>
<dc element="dc.date.created" value="1997-07-20"/>
<dc element="dc.publisher" value="Reuters Holdings Plc"/>
<dc element="dc.date.published" value="1997-07-20"/>
<dc element="dc.source" value="Reuters"/>
<dc element="dc.creator.location" value="VIENNA"/>
<dc element="dc.creator.location.country.name" value="AUSTRIA"/>
<dc element="dc.source" value="Reuters"/>
</metadata>
</newsitem>
