<?xml version="1.0" encoding="iso-8859-1" ?>
<newsitem itemid="741687" id="root" date="1997-07-20" xml:lang="en">
<title>SPAIN: Spain fears further ETA separatist attacks.</title>
<headline>Spain fears further ETA separatist attacks.</headline>
<byline>Tracey Ober</byline>
<dateline>MADRID 1997-07-20</dateline>
<text>
<p>Spain's government fears Basque separatist guerrillas will strike again soon after kidnapping and killing a young politician.</p>
<p>&quot;I think they are going to attack soon and make us suffer again,&quot; Interior Minister Jaime Mayor Oreja said in an interview published on Sunday in newspaper Diario de Burgos.</p>
<p>&quot;We should not be afraid of the assassins, but we have to know how to fight them. A society cannot be brought to its knees and blackmailed by the anguish of terror.&quot;</p>
<p>Basque analysts say a decision by guerrillas of ETA (Basque Homeland and Freedom) to ignore massive street demonstrations and to coldly assassinate 29-year-old Miguel Angel Blanco two days after kidnapping him suggests the group could launch more attacks.</p>
<p>Spaniards took to the streets in droves -- an estimated six million protested against Blanco's killing.</p>
<p>The assassination, days after police rescued another ETA hostage from 532 days of captivity, unleashed public outrage.</p>
<p>Blanco was shot twice in the head. He died a week ago. In the past week politicians have been scrambling to take advantage of enraged public opinion.</p>
<p>Prime Minister Jose Maria Aznar called it a watershed in Spain's response to separatist violence and promised to step up the fight against the guerrilla group.</p>
<p>&quot;The terrorists not only committed a brutal crime...but made an irreparable rupture of ETA and HB (ETA's political wing) with society,&quot; Aznar told newspaper El Correo in remarks published on Sunday.</p>
<p>He said the government was seeking legislative reforms to plug loopholes exploited by the guerrillas.</p>
<p>Basque region leaders called on ETA guerrillas on Saturday to follow the example of the Irish Republican Army and declare a truce, saying the time had come to &quot;put a stop to the killing&quot;.</p>
<p>An opinion poll published on Sunday showed that nearly 90 percent of Basques wanted the government to begin negotiations with ETA if it unconditionally abandoned violence.</p>
<p>ETA, which has killed some 800 people, started its campaign for an independent Basque state at a time of intense repression in the region under dictator General Francisco Franco.</p>
<p>Although nationalist sentiment still runs high in the region, a substantial majority of Basques say they approve of a tough crackdown on the guerrillas and their supporters, according to the poll in newspaper El Mundo.</p>
<p>Government proposals to outlaw counter-demonstrations and those by masked people were supported by 66 percent and 77 percent of Basques respectively. A move to criminalise the defence of terrorism was backed by 72 percent and 76 percent approved of tougher penalties for vandalism.</p>
<p>Most of the 800 Basques polled by telephone last Wednesday and Thursday said they wanted the government to act quickly rather than waiting for emotions to cool.</p>
</text>
<copyright>(c) Reuters Limited 1997</copyright>
<metadata>
<codes class="bip:countries:1.0">
  <code code="SPAIN">
    <editdetail attribution="Reuters BIP Coding Group" action="confirmed" date="1997-07-20"/>
  </code>
</codes>
<codes class="bip:topics:1.0">
  <code code="GCAT">
    <editdetail attribution="Reuters BIP Coding Group" action="confirmed" date="1997-07-20"/>
  </code>
  <code code="GPOL">
    <editdetail attribution="Reuters BIP Coding Group" action="confirmed" date="1997-07-20"/>
  </code>
  <code code="GVIO">
    <editdetail attribution="Reuters BIP Coding Group" action="confirmed" date="1997-07-20"/>
  </code>
</codes>
<dc element="dc.date.created" value="1997-07-20"/>
<dc element="dc.publisher" value="Reuters Holdings Plc"/>
<dc element="dc.date.published" value="1997-07-20"/>
<dc element="dc.source" value="Reuters"/>
<dc element="dc.creator.location" value="MADRID"/>
<dc element="dc.creator.location.country.name" value="SPAIN"/>
<dc element="dc.source" value="Reuters"/>
</metadata>
</newsitem>
