<?xml version="1.0" encoding="iso-8859-1" ?>
<newsitem itemid="741722" id="root" date="1997-07-20" xml:lang="en">
<title>INDIA: Two Israelis among eight dead in India bus mishap.</title>
<headline>Two Israelis among eight dead in India bus mishap.</headline>
<dateline>NEW DELHI 1997-07-20</dateline>
<text>
<p>Two Israeli nationals were among eight people killed and 20 injured when a bus fell into a deep gorge in a remote area of the northern state of Himachal Pradesh on Sunday, the Press Trust of India (PTI) said.</p>
<p>The news agency said the incident occured at Sarsari in the remote Kulu district, some 140 km (90 miles), from state capital Simla.</p>
</text>
<copyright>(c) Reuters Limited 1997</copyright>
<metadata>
<codes class="bip:countries:1.0">
  <code code="INDIA">
    <editdetail attribution="Reuters BIP Coding Group" action="confirmed" date="1997-07-20"/>
  </code>
  <code code="ISRAEL">
    <editdetail attribution="Reuters BIP Coding Group" action="confirmed" date="1997-07-20"/>
  </code>
</codes>
<codes class="bip:topics:1.0">
  <code code="GCAT">
    <editdetail attribution="Reuters BIP Coding Group" action="confirmed" date="1997-07-20"/>
  </code>
  <code code="GDIS">
    <editdetail attribution="Reuters BIP Coding Group" action="confirmed" date="1997-07-20"/>
  </code>
</codes>
<dc element="dc.date.created" value="1997-07-20"/>
<dc element="dc.publisher" value="Reuters Holdings Plc"/>
<dc element="dc.date.published" value="1997-07-20"/>
<dc element="dc.source" value="Reuters"/>
<dc element="dc.creator.location" value="NEW DELHI"/>
<dc element="dc.creator.location.country.name" value="INDIA"/>
<dc element="dc.source" value="Reuters"/>
</metadata>
</newsitem>
