<?xml version="1.0" encoding="iso-8859-1" ?>
<newsitem itemid="741720" id="root" date="1997-07-20" xml:lang="en">
<title>BANGLADESH: Bangladesh central bank moves taka lower vs dollar.</title>
<headline>Bangladesh central bank moves taka lower vs dollar.</headline>
<dateline>DHAKA 1997-07-20</dateline>
<text>
<p>The Bangladesh central bank shifted the value of the taka lower against U.S. dollar to 44.00/20 from 43.55/75, effective Monday, a bank circular said on Sunday.</p>
<p>The central bank gave no explanation for the depreciation of more than one percent, the first such move in fiscal 1997/98, which began July 1.</p>
<p>The last time the taka was adjusted was on April 7.</p>
<p>Officials at commercial banks said the central bank's move was aimed at boosting the country's exports and keeping pace with the movements of other major currencies. The country's exporters of garments, which fetch about $2.0 billion annually, have been demanding a devaluation of the currency to stay competitive in the international market.</p>
<p>Following is the rate of the Bangladesh taka against the U.S. dollar:</p>
<p>    Present	   Previous	 Year ago</p>
<p>    44.00/20	  43.55/75	 41.80/42.00</p>
</text>
<copyright>(c) Reuters Limited 1997</copyright>
<metadata>
<codes class="bip:countries:1.0">
  <code code="BANDH">
    <editdetail attribution="Reuters BIP Coding Group" action="confirmed" date="1997-07-20"/>
  </code>
</codes>
<codes class="bip:topics:1.0">
  <code code="E12">
    <editdetail attribution="Reuters BIP Coding Group" action="confirmed" date="1997-07-20"/>
  </code>
  <code code="ECAT">
    <editdetail attribution="Reuters BIP Coding Group" action="confirmed" date="1997-07-20"/>
  </code>
  <code code="M13">
    <editdetail attribution="Reuters BIP Coding Group" action="confirmed" date="1997-07-20"/>
  </code>
  <code code="M132">
    <editdetail attribution="Reuters BIP Coding Group" action="confirmed" date="1997-07-20"/>
  </code>
  <code code="MCAT">
    <editdetail attribution="Reuters BIP Coding Group" action="confirmed" date="1997-07-20"/>
  </code>
</codes>
<dc element="dc.date.created" value="1997-07-20"/>
<dc element="dc.publisher" value="Reuters Holdings Plc"/>
<dc element="dc.date.published" value="1997-07-20"/>
<dc element="dc.source" value="Reuters"/>
<dc element="dc.creator.location" value="DHAKA"/>
<dc element="dc.creator.location.country.name" value="BANGLADESH"/>
<dc element="dc.source" value="Reuters"/>
</metadata>
</newsitem>
