<?xml version="1.0" encoding="iso-8859-1" ?>
<newsitem itemid="741732" id="root" date="1997-07-20" xml:lang="en">
<title>AFGHANISTAN: Afghan opposition says town captured, 500 killed.</title>
<headline>Afghan opposition says town captured, 500 killed.</headline>
<byline>Tim Johnston</byline>
<dateline>KABUL 1997-07-20</dateline>
<text>
<p>Forces loyal to the anti-Taleban alliance on Sunday claimed a major rout of Taleban forces in fighting close to the capital of Kabul overnight.</p>
<p>The opposition took the town of Charikar 40 miles (64 km) north of Kabul on Saturday night, and nearby Bagram airbase on Sunday morning, a senior opposition official said.</p>
<p>&quot;We captured Charikar at 9 P.M. (1630 GMT) on Saturday night, and Bagram airbase at 9 this morning (0430 GMT). We closed the road and the Taleban could not withdraw any of their vehicles or equipment,&quot; an official of the government ousted from Kabul last September told Reuters on Sunday.</p>
<p>He said that 500 Taleban fighters had been killed in the battle.</p>
<p>The official, who wanted to remain anonymous, was speaking by satellite telephone from the Panjsher valley, stronghold of the ex-government's senior military commander Ahmed Shah Masood.</p>
<p>There was no confirmation of his reports, but journalists who tried to reach the area on Sunday morning were turned back by Taleban fighters.</p>
<p>A Taleban official, speaking from their base in the southern Afghan city of Kandahar, said that he had no information on the opposition claims.</p>
<p>Charikar fell to the Taleban in January, but the town has been under pressure from opposition forces for more than a month since they took the town of Jabal os-Siraj 70 km (45 miles) north of Kabul.</p>
<p>Charikar controls access to the Ghorband valley, where the Taleban are fighting forces of the Hezb-e-Wahdat faction, a mainly Shi'ite party which is a member of the opposition alliance.</p>
<p>Bagram airbase was Kabul's main military air field, but has been out of action for 10 months as it was too close to the front line.</p>
<p>The Taleban have been under continuous pressure since they briefly captured most of the opposition-held north of the country in May.</p>
<p>They lost the area after only four days and have been gradually losing ground ever since.</p>
<p>But they still control more than three quarters of Afghanistan, including the capital, and are the most formidable force in the country.</p>
</text>
<copyright>(c) Reuters Limited 1997</copyright>
<metadata>
<codes class="bip:countries:1.0">
  <code code="AFGH">
    <editdetail attribution="Reuters BIP Coding Group" action="confirmed" date="1997-07-20"/>
  </code>
</codes>
<codes class="bip:topics:1.0">
  <code code="GCAT">
    <editdetail attribution="Reuters BIP Coding Group" action="confirmed" date="1997-07-20"/>
  </code>
  <code code="GVIO">
    <editdetail attribution="Reuters BIP Coding Group" action="confirmed" date="1997-07-20"/>
  </code>
</codes>
<dc element="dc.date.created" value="1997-07-20"/>
<dc element="dc.publisher" value="Reuters Holdings Plc"/>
<dc element="dc.date.published" value="1997-07-20"/>
<dc element="dc.source" value="Reuters"/>
<dc element="dc.creator.location" value="KABUL"/>
<dc element="dc.creator.location.country.name" value="AFGHANISTAN"/>
<dc element="dc.source" value="Reuters"/>
</metadata>
</newsitem>
