<?xml version="1.0" encoding="iso-8859-1" ?>
<newsitem itemid="741725" id="root" date="1997-07-20" xml:lang="en">
<title>BANGLADESH: Bangladesh cautions port as sea turns rough.</title>
<headline>Bangladesh cautions port as sea turns rough.</headline>
<dateline>CHITTAGONG, Bangladesh 1997-07-20</dateline>
<text>
<p>Bangladesh's main Chittagong port, which handles nearly 80 percent of the country's export and import, was on Sunday put on alert because of a storm brewing in the Bay of Bengal, port officials said.</p>
<p>They said, quoting weather officials, the sea had already become turbulent and the port had been asked to hoist distant cautionary signal number three.</p>
<p>&quot;The warning came after a well-marked low had been noticed in the northwest Bay,&quot; the Chittagong meteorology office said.</p>
<p>The port suffered badly when a cyclone swept the coast in May, killing at least 100 people.</p>
<p>Chittagong and neighbouring districts are still reeling from a severe flood, caused by heavy rains earlier this month, in which more than 100 people have died, officials said.</p>
<p>&quot;Some of the coastal areas were already inundated on Sunday by a one-metre high tidal surge under influence of the low,&quot; one official said.</p>
</text>
<copyright>(c) Reuters Limited 1997</copyright>
<metadata>
<codes class="bip:countries:1.0">
  <code code="BANDH">
    <editdetail attribution="Reuters BIP Coding Group" action="confirmed" date="1997-07-20"/>
  </code>
</codes>
<codes class="bip:industries:1.0">
  <code code="I76300">
    <editdetail attribution="Reuters BIP Coding Group" action="confirmed" date="1997-07-20"/>
  </code>
</codes>
<codes class="bip:topics:1.0">
  <code code="C24">
    <editdetail attribution="Reuters BIP Coding Group" action="confirmed" date="1997-07-20"/>
  </code>
  <code code="CCAT">
    <editdetail attribution="Reuters BIP Coding Group" action="confirmed" date="1997-07-20"/>
  </code>
  <code code="GCAT">
    <editdetail attribution="Reuters BIP Coding Group" action="confirmed" date="1997-07-20"/>
  </code>
  <code code="GWEA">
    <editdetail attribution="Reuters BIP Coding Group" action="confirmed" date="1997-07-20"/>
  </code>
</codes>
<dc element="dc.date.created" value="1997-07-20"/>
<dc element="dc.publisher" value="Reuters Holdings Plc"/>
<dc element="dc.date.published" value="1997-07-20"/>
<dc element="dc.source" value="Reuters"/>
<dc element="dc.creator.location" value="CHITTAGONG, Bangladesh"/>
<dc element="dc.creator.location.country.name" value="BANGLADESH"/>
<dc element="dc.source" value="Reuters"/>
</metadata>
</newsitem>
