<?xml version="1.0" encoding="iso-8859-1" ?>
<newsitem itemid="741729" id="root" date="1997-07-20" xml:lang="en">
<title>SRI LANKA: Weather-More rains predicted over Sri Lanka.</title>
<headline>Weather-More rains predicted over Sri Lanka.</headline>
<dateline>COLOMBO 1997-07-20</dateline>
<text>
<p>Sri Lanka's metereological department forecast more rains over most of Sri Lanka in the next 24 hours.</p>
<p>It said skies over the southern half of the island will remain partly cloudy with scattered showers or thundershowers in the Western and Sabaragamuwa provinces.</p>
<p>Isloated showers are also likely in the Central, Northwestern and Southern provinces, while Uva, Northcentral and Eastern provinces will experience showers on Monday afternnon and evening.</p>
<p>It released the following rainfall figures for 24 hours ending Sunday morning</p>
<p>Hydro catchment areas (in mm):</p>
<p>    Canyon		   70.0</p>
<p>    Castlereigh	    59.7</p>
<p>    Kotmale		  15.0</p>
<p>    Laxapana		 33.8</p>
<p>    Moussakele	     37.0</p>
<p>    Norton		   60.4</p>
<p>    Randenigala	     0.8</p>
<p>    Ukuwela		   4</p>
<p>    Rantembe		  1.7</p>
</text>
<copyright>(c) Reuters Limited 1997</copyright>
<metadata>
<codes class="bip:countries:1.0">
  <code code="SRILAN">
    <editdetail attribution="Reuters BIP Coding Group" action="confirmed" date="1997-07-20"/>
  </code>
</codes>
<codes class="bip:topics:1.0">
  <code code="GCAT">
    <editdetail attribution="Reuters BIP Coding Group" action="confirmed" date="1997-07-20"/>
  </code>
  <code code="GWEA">
    <editdetail attribution="Reuters BIP Coding Group" action="confirmed" date="1997-07-20"/>
  </code>
</codes>
<dc element="dc.date.created" value="1997-07-20"/>
<dc element="dc.publisher" value="Reuters Holdings Plc"/>
<dc element="dc.date.published" value="1997-07-20"/>
<dc element="dc.source" value="Reuters"/>
<dc element="dc.creator.location" value="COLOMBO"/>
<dc element="dc.creator.location.country.name" value="SRI LANKA"/>
<dc element="dc.source" value="Reuters"/>
</metadata>
</newsitem>
