<?xml version="1.0" encoding="iso-8859-1" ?>
<newsitem itemid="679167" id="root" date="1997-06-23" xml:lang="en">
<title>VIETNAM: Leadership shuffle key to reform drive in Vietnam.</title>
<headline>Leadership shuffle key to reform drive in Vietnam.</headline>
<byline>John Chalmers</byline>
<dateline>HANOI 1997-06-23</dateline>
<text>
<p>The imminent departure of Vietnam's ageing president and prime minister from the political stage has quickened debate about who will replace them and whether younger blood will bring new impetus to the flagging drive for reform.</p>
<p>Secrets are always closely guarded in Hanoi's arcane corridors of power. So it is possible that the Communist Party has already settled the question of who will succeed President Le Duc Anh and Prime Minister Vo Van Kiet.</p>
<p>But Vietnam-watchers believe that senior members of the elite Politburo -- representing the myriad voices of conservatives, reformers, the military and middle-of-the-road technocrats -- are still jostling for the plum jobs.</p>
<p>Contenders include Defence Minister Doan Khue, National Assembly Chairman Nong Duc Manh, Foreign Minister Nguyen Manh Cam and Deputy Prime Minister Phan Van Khai, although some are rumoured to be front-runners one week and others the next.</p>
<p>&quot;There is so much conflicting rhetoric coming out at the moment,&quot; said one senior European diplomat in Hanoi. &quot;It really looks like the game is not over yet.&quot;</p>
<p>Earlier on Monday, the party daily named the candidates who will stand for election to the National Assembly next month.</p>
<p>Anh, a conservative army general who suffered a stroke just before he turned 76 last year, and reform-minded Kiet, 74, were not in the nationwide line-up.</p>
<p>Although it was not stated anywhere in the country's tightly controlled media, that means they will step down when the new assembly meets in September because, constitutionally, the president and prime minister must be members of the legislature.</p>
<p>The same rule does not apply to the secretary general of the party, who forms a collective triumvirate with the president and prime minister.</p>
<p>However, party chief Do Muoi did not figure among the candidates either, a move that many believe could spell his early departure and a clean sweep for the leadership troika.</p>
<p>Muoi, 80, is seen as an ideological balance between Anh and Kiet and the three men come from the distinctly different north, central and southern regions of the country.</p>
<p>Unable to see eye-to-eye on another such balance at a policy-defining congress last year, the party sprang a surprise by agreeing to keep the three men in their posts.</p>
<p>Analysts said a similar struggle is probably going on and foreign business executives say that -- just as before the party congress -- ministries appear to be delaying important decisions.</p>
<p>That could be damaging for Vietnam, where a protracted focus on internal political issues over the past two years is already seen as having seriously braked the reform process.</p>
<p>&quot;At the moment they're still manoeuvring,&quot; said one political analyst at a Western embassy. &quot;The message seems to be that they will go for continuity, with various flavourings of tightening state control and moving forward with reform.&quot;</p>
<p>Ardent reformers argue that the country has cruised through a decade of reform along market lines, but now needs to quicken the pace to maintain the stellar growth of recent years.</p>
<p>They point to the growing disenchantment of foreign investors, huge problems in the still-primitive banking system and sprawling state sector, a ballooning trade deficit and endemic corruption. Already, they say, the economy is starting to slow.</p>
<p>Conservatives counter that after a year of 9.3 percent ecomomic growth, record pledges of aid and investment from abroad and even a record rice crop, there is no need for urgency.</p>
<p>Their response to the trade gap has been to push for import substitution, a policy that Western economists say would slow trade liberalisation and prove costly in the long run.</p>
</text>
<copyright>(c) Reuters Limited 1997</copyright>
<metadata>
<codes class="bip:countries:1.0">
  <code code="VIETN">
    <editdetail attribution="Reuters BIP Coding Group" action="confirmed" date="1997-06-23"/>
  </code>
</codes>
<codes class="bip:topics:1.0">
  <code code="GPOL">
    <editdetail attribution="Reuters BIP Coding Group" action="confirmed" date="1997-06-23"/>
  </code>
</codes>
<dc element="dc.date.created" value="1997-06-23"/>
<dc element="dc.publisher" value="Reuters Holdings Plc"/>
<dc element="dc.date.published" value="1997-06-23"/>
<dc element="dc.source" value="Reuters"/>
<dc element="dc.creator.location" value="HANOI"/>
<dc element="dc.creator.location.country.name" value="VIETNAM"/>
<dc element="dc.source" value="Reuters"/>
</metadata>
</newsitem>
