<?xml version="1.0" encoding="iso-8859-1" ?>
<newsitem itemid="679174" id="root" date="1997-06-23" xml:lang="en">
<title>USA: Schnitzer Steel Q3 shr $0.81 vs $0.44.</title>
<headline>Schnitzer Steel Q3 shr $0.81 vs $0.44.</headline>
<dateline>PORTLAND, Ore. 1997-06-23</dateline>
<text>
<p>SCHNITZER STEEL INDUSTRIES INC.</p>
<p>			Consolidated Statement of Operations</p>
<p>		    (In thousands, except per-share amounts)</p>
<p>				    --Unaudited--</p>
<p>			 For the three months  For the nine months</p>
<p>				   ended		     ended</p>
<p>				  May 31,		   May 31,</p>
<p>				 1997     1996	   1997	1996</p>
<p> REVENUES		$ 89,297  $ 86,950   $ 248,596 $ 241,262</p>
<p>COSTS AND EXPENSES:</p>
<p>Cost of goods sold and</p>
<p>other operating</p>
<p>   expenses		76,230    74,858     219,434   205,449</p>
<p>Selling and ad-</p>
<p>  ministrative	    4,888     4,897	15,443    13,484</p>
<p>			     81,118    79,755     234,877   218,933</p>
<p>Income from joint</p>
<p>  ventures		  2,720	 836	 4,500     2,484</p>
<p>INCOME FROM</p>
<p>  OPERATIONS	     10,899     8,031	18,219    24,813</p>
<p>OTHER INCOME (EXPENSE):</p>
<p> Interest expense     (1,551)     (891)     (3,583)   (3,001)</p>
<p> Other income	     3,416     (346)	 4,441	 743</p>
<p>				1,865   (1,237)	   858   (2,258)</p>
<p>INCOME BEFORE INCOME</p>
<p>  TAXES		    12,764     6,794	19,077    22,555</p>
<p>Income tax provision</p>
<p>			    (4,340)   (2,243)     (6,494)   (7,527)</p>
<p> NET INCOME		 8,424     4,551	12,583    15,028</p>
<p> EARNINGS PER SHARE    81 cts    44 cts	  1.21	1.69</p>
<p>Note - During the third quarter of 1997, the company recognized a gain of approximately $3 million, or $.19 per share, upon settlement of an interest rate agreement.</p>
</text>
<copyright>(c) Reuters Limited 1997</copyright>
<metadata>
<codes class="bip:countries:1.0">
  <code code="USA">
    <editdetail attribution="Reuters BIP Coding Group" action="confirmed" date="1997-06-23"/>
  </code>
</codes>
<codes class="bip:industries:1.0">
  <code code="I22300">
    <editdetail attribution="Reuters BIP Coding Group" action="confirmed" date="1997-06-23"/>
  </code>
</codes>
<codes class="bip:topics:1.0">
  <code code="C15">
    <editdetail attribution="Reuters BIP Coding Group" action="confirmed" date="1997-06-23"/>
  </code>
  <code code="C151">
    <editdetail attribution="Reuters BIP Coding Group" action="confirmed" date="1997-06-23"/>
  </code>
  <code code="CCAT">
    <editdetail attribution="Reuters BIP Coding Group" action="confirmed" date="1997-06-23"/>
  </code>
</codes>
<dc element="dc.date.created" value="1997-06-23"/>
<dc element="dc.publisher" value="Reuters Holdings Plc"/>
<dc element="dc.date.published" value="1997-06-23"/>
<dc element="dc.source" value="Reuters"/>
<dc element="dc.creator.location" value="PORTLAND, Ore."/>
<dc element="dc.creator.location.country.name" value="USA"/>
<dc element="dc.source" value="Reuters"/>
</metadata>
</newsitem>
