<?xml version="1.0" encoding="iso-8859-1" ?>
<newsitem itemid="679177" id="root" date="1997-06-23" xml:lang="en">
<title>USA: Ultrak sees Q2 EPS of $0.05 to $0.08.</title>
<headline>Ultrak sees Q2 EPS of $0.05 to $0.08.</headline>
<dateline>CARROLLTON, Texas 1997-06-23</dateline>
<text>
<p>Ultrak Inc on Monday said it expected to report second-quarter earnings of between $0.05 and $0.08 a share, compared with $0.17 in the year-earlier period, when the company had fewer shares outstanding.</p>
<p>Second-quarter revenues are expected to range from $44 million and $46 million, compared with $31.8 million in the 1996 quarter.</p>
<p>It attributed the expected decline to a temporary slowdown in sales and price erosion in the market for closed-circuit television products. It also said the strength of the dollar, combined with lackluster economic coniditions in Europe, was hurting its operations there.</p>
<p>The company, which makes security alarms, said it would release its second-quarter results in the second half of July.</p>
</text>
<copyright>(c) Reuters Limited 1997</copyright>
<metadata>
<codes class="bip:countries:1.0">
  <code code="USA">
    <editdetail attribution="Reuters BIP Coding Group" action="confirmed" date="1997-06-23"/>
  </code>
</codes>
<codes class="bip:industries:1.0">
  <code code="I34330">
    <editdetail attribution="Reuters BIP Coding Group" action="confirmed" date="1997-06-23"/>
  </code>
</codes>
<codes class="bip:topics:1.0">
  <code code="C15">
    <editdetail attribution="Reuters BIP Coding Group" action="confirmed" date="1997-06-23"/>
  </code>
  <code code="C152">
    <editdetail attribution="Reuters BIP Coding Group" action="confirmed" date="1997-06-23"/>
  </code>
  <code code="CCAT">
    <editdetail attribution="Reuters BIP Coding Group" action="confirmed" date="1997-06-23"/>
  </code>
</codes>
<dc element="dc.date.created" value="1997-06-23"/>
<dc element="dc.publisher" value="Reuters Holdings Plc"/>
<dc element="dc.date.published" value="1997-06-23"/>
<dc element="dc.source" value="Reuters"/>
<dc element="dc.creator.location" value="CARROLLTON, Texas"/>
<dc element="dc.creator.location.country.name" value="USA"/>
<dc element="dc.source" value="Reuters"/>
</metadata>
</newsitem>
