<?xml version="1.0" encoding="iso-8859-1" ?>
<newsitem itemid="679239" id="root" date="1997-06-23" xml:lang="en">
<title>USA: Essex County Gas Co Q3 May 31 net rises.</title>
<headline>Essex County Gas Co Q3 May 31 net rises.</headline>
<dateline>AMESBURY, Mass. 1997-06-23</dateline>
<text>
<p>1997			1996</p>
<p> Shr			  $0.75		    $0.65</p>
<p> Net			  1,256		    1,056</p>
<p> Revs			16,660		   15,546</p>
<p> Avg shrs		   1,672		    1,632</p>
<p>	  12 MONTHS</p>
<p> Shr			  $2.51		    $2.60</p>
<p> Net			  4,145		    4,226</p>
<p> Revs			52,812		   49,227</p>
<p> Avg shrs		   1,654		    1,619</p>
<p>(All data above 000s except per share numbers)</p>
</text>
<copyright>(c) Reuters Limited 1997</copyright>
<metadata>
<codes class="bip:countries:1.0">
  <code code="USA">
    <editdetail attribution="Reuters BIP Coding Group" action="confirmed" date="1997-06-23"/>
  </code>
</codes>
<codes class="bip:industries:1.0">
  <code code="I16200">
    <editdetail attribution="Reuters BIP Coding Group" action="confirmed" date="1997-06-23"/>
  </code>
</codes>
<codes class="bip:topics:1.0">
  <code code="C15">
    <editdetail attribution="Reuters BIP Coding Group" action="confirmed" date="1997-06-23"/>
  </code>
  <code code="C151">
    <editdetail attribution="Reuters BIP Coding Group" action="confirmed" date="1997-06-23"/>
  </code>
  <code code="CCAT">
    <editdetail attribution="Reuters BIP Coding Group" action="confirmed" date="1997-06-23"/>
  </code>
</codes>
<dc element="dc.date.created" value="1997-06-23"/>
<dc element="dc.publisher" value="Reuters Holdings Plc"/>
<dc element="dc.date.published" value="1997-06-23"/>
<dc element="dc.source" value="Reuters"/>
<dc element="dc.creator.location" value="AMESBURY, Mass."/>
<dc element="dc.creator.location.country.name" value="USA"/>
<dc element="dc.source" value="Reuters"/>
</metadata>
</newsitem>
