<?xml version="1.0" encoding="iso-8859-1" ?>
<newsitem itemid="679293" id="root" date="1997-06-23" xml:lang="en">
<title>USA: American General buys Bucks County Holiday Inn.</title>
<headline>American General buys Bucks County Holiday Inn.</headline>
<dateline>DALLAS 1997-06-23</dateline>
<text>
<p>American General Hospitality Corp said Monday it has purchased the 215-room Holiday Inn in Trevose Pa.</p>
<p>Terms of the transaction were not disclosed.</p>
<p>American General said it plans to invest $3 million to improve guests rooms and public areas at the hotel, which is located in Bucks County, a suburb north of Philadelphia.</p>
<p>American General operates 23 hotels in 16 states.</p>
</text>
<copyright>(c) Reuters Limited 1997</copyright>
<metadata>
<codes class="bip:countries:1.0">
  <code code="USA">
    <editdetail attribution="Reuters BIP Coding Group" action="confirmed" date="1997-06-23"/>
  </code>
</codes>
<codes class="bip:industries:1.0">
  <code code="I66500">
    <editdetail attribution="Reuters BIP Coding Group" action="confirmed" date="1997-06-23"/>
  </code>
</codes>
<codes class="bip:topics:1.0">
  <code code="C18">
    <editdetail attribution="Reuters BIP Coding Group" action="confirmed" date="1997-06-23"/>
  </code>
  <code code="C182">
    <editdetail attribution="Reuters BIP Coding Group" action="confirmed" date="1997-06-23"/>
  </code>
  <code code="CCAT">
    <editdetail attribution="Reuters BIP Coding Group" action="confirmed" date="1997-06-23"/>
  </code>
</codes>
<dc element="dc.date.created" value="1997-06-23"/>
<dc element="dc.publisher" value="Reuters Holdings Plc"/>
<dc element="dc.date.published" value="1997-06-23"/>
<dc element="dc.source" value="Reuters"/>
<dc element="dc.creator.location" value="DALLAS"/>
<dc element="dc.creator.location.country.name" value="USA"/>
<dc element="dc.source" value="Reuters"/>
</metadata>
</newsitem>
