<?xml version="1.0" encoding="iso-8859-1" ?>
<newsitem itemid="679215" id="root" date="1997-06-23" xml:lang="en">
<title>USA: EIP Microwave to be delisted from Nasdaq.</title>
<headline>EIP Microwave to be delisted from Nasdaq.</headline>
<dateline>MILPITAS, Calif. 1997-06-23</dateline>
<text>
<p>EIP Microwave Inc on Monday said its common stock is scheduled to be delisted from the Nasdaq, effective with the close of business on Wednesday.</p>
<p>In a statement, the company said it no longer complied with the criteria established by the Nasdaq Stock Market for continuation of listing.</p>
<p>EIP Microwave manufactures microwave and radio frequency test and measurement instruments, which are predominantly used in the telecommunications, wireless and defense industries.</p>
</text>
<copyright>(c) Reuters Limited 1997</copyright>
<metadata>
<codes class="bip:countries:1.0">
  <code code="USA">
    <editdetail attribution="Reuters BIP Coding Group" action="confirmed" date="1997-06-23"/>
  </code>
</codes>
<codes class="bip:industries:1.0">
  <code code="I37100">
    <editdetail attribution="Reuters BIP Coding Group" action="confirmed" date="1997-06-23"/>
  </code>
</codes>
<codes class="bip:topics:1.0">
  <code code="C14">
    <editdetail attribution="Reuters BIP Coding Group" action="confirmed" date="1997-06-23"/>
  </code>
  <code code="CCAT">
    <editdetail attribution="Reuters BIP Coding Group" action="confirmed" date="1997-06-23"/>
  </code>
</codes>
<dc element="dc.date.created" value="1997-06-23"/>
<dc element="dc.publisher" value="Reuters Holdings Plc"/>
<dc element="dc.date.published" value="1997-06-23"/>
<dc element="dc.source" value="Reuters"/>
<dc element="dc.creator.location" value="MILPITAS, Calif."/>
<dc element="dc.creator.location.country.name" value="USA"/>
<dc element="dc.source" value="Reuters"/>
</metadata>
</newsitem>
