<?xml version="1.0" encoding="iso-8859-1" ?>
<newsitem itemid="679200" id="root" date="1997-06-23" xml:lang="en">
<title>USA: FOCUS - Compaq to buy Tandem.</title>
<headline>FOCUS - Compaq to buy Tandem.</headline>
<byline>Therese Poletti</byline>
<dateline>NEW YORK 1997-06-23</dateline>
<text>
<p>Compaq Computer Corp., taking a major step to expand beyond being the world's largest personal computer maker, said Monday it was acquiring Tandem Computers Inc. for about $3 billion in stock.</p>
<p>Tandem's stock shot up more than 40 percent on the news while Compaq shares slid, both in heavy trading on the New York Stock Exchange. Tandem added $5.875 to $20.875 while Compaq lost $2.875 to $104.</p>
<p>Under terms of the agreement, Tandem will become a wholly owned subsidiary of Compaq, which has recently been in merger talks with several companies. Tandem was never mentioned as a possible merger candidate, however, and the deal surprised Wall Street analysts, although most applauded the deal.</p>
<p>Tandem, which is based in Cupertino, Calif., manufactures fault-tolerant, or fail-safe, computer systems for processing on-line transactions. For example, its systems run 90 percent of the world's stock exchanges, including the New York Stock Exchange.</p>
<p>Under the agreement, Compaq will issue some 29 million shares in exchange for all the stock of Tandem. The exchange ratio will be about 0.21 Compaq share for each Tandem share.</p>
<p>Based on Compaq's trading price of $104, the total deal is worth about $3.02 billion, with each Tandem share valued at about $21.84, with Compaq paying a premium of about $1 billion, analysts said.</p>
<p>Houston-based Compaq, which employs about 20,375 people worldwide, had sales of $18.1 billion last year.</p>
<p>Compaq said the deal will fill in the missing gaps in its announced quest to become one of the world's top three computer makers.</p>
<p>&quot;It's a one-stop-shopping, total-enterprise solution,&quot; Compaq President Eckhard Pfeiffer said in an interview. &quot;We need to cover the entire spectrum -- software, services and support. That is the road map to being one of the top three global computer companies.&quot;</p>
<p>Pfeiffer said the combination will increase the company's total potential market to $650 billion from $200 billion.</p>
<p>He also said the deal will double Compaq's current sales force with Tandem's 4,000 member sales team, add a services and support group and technology to help it move beyond PCs and PC servers.</p>
<p>Tandem's core business is its Himalaya fault-tolerant computers. It also has begun developing Windows NT-based servers.</p>
<p>The companies said the deal will make Compaq/Tandem the No. 1 server supplier in the world. Servers are computers that run and manage corporate networks.</p>
<p>&quot;Tandem is excellent in high-end systems at the enterprise level,&quot; said Jay Stevens, a Buckingham Research Group analyst. &quot;Compaq wanted to get up to that level. You can't get to the enterprise level with only PCs and servers. You need proven relationships, software, hardware and Tandem has all of that.&quot;</p>
<p>The companies were mum on the financial impact of the deal, except to say that Compaq will see revenue growth.</p>
<p>&quot;We will see very significant revenue growth,&quot; Pfeiffer said. But he added that he could not be more specific about any financials related to the merger.</p>
<p>He said Compaq decided to use stock instead of cash for the merger so that it would have a &quot;very clean&quot; merger with a pooling of interests.</p>
<p>Because the transaction will be a pooling of interests, Compaq's board of directors rescinded its previously announced share repurchase program, the company said.</p>
<p>Pfeiffer said Compaq will retain its huge cash pile -- which was $4.7 billion at the end of first quarter -- for other uses, including other deals, should they come up. He declined to comment on Compaq's other reported merger talks.</p>
<p>&quot;It's all rumors and nothing else,&quot; Pfeiffer said.</p>
<p>Over the past year, Compaq has been reported to be in talks to acquire Digital Equipment Corp., Gateway 2000 Inc. and Micron Electronics Inc. Shares of all three companies were off Monday as traders said any remaining hopes for a deal with Compaq were quashed by its Tandem merger.</p>
<p>&quot;It's a good match because it will enable them to make servers that no one else can make,&quot; said Daniel Ries, a Nomura Research analyst.</p>
<p>&quot;They can use the great Tandem technology to make servers as competitive as high-end mainframes and UNIX-based servers,&quot; Ries added, referring to the systems that currently dominate the corporate computing market, where high reliability is the most important factor.</p>
<p>The deal is expected to be completed in the third quarter, subject to approval by Tandem shareholders, clearance under anti-trust law and other customary closing conditions.</p>
<p>Merger and acquisition specialists said the transaction probably would encounter little opposition.</p>
<p>Tandem Chairman Tom Perkins has been invited to join the Compaq board.</p>
</text>
<copyright>(c) Reuters Limited 1997</copyright>
<metadata>
<codes class="bip:countries:1.0">
  <code code="USA">
    <editdetail attribution="Reuters BIP Coding Group" action="confirmed" date="1997-06-23"/>
  </code>
</codes>
<codes class="bip:industries:1.0">
  <code code="I33020">
    <editdetail attribution="Reuters BIP Coding Group" action="confirmed" date="1997-06-23"/>
  </code>
  <code code="I3302003">
    <editdetail attribution="Reuters BIP Coding Group" action="confirmed" date="1997-06-23"/>
  </code>
</codes>
<codes class="bip:topics:1.0">
  <code code="C15">
    <editdetail attribution="Reuters BIP Coding Group" action="confirmed" date="1997-06-23"/>
  </code>
  <code code="C152">
    <editdetail attribution="Reuters BIP Coding Group" action="confirmed" date="1997-06-23"/>
  </code>
  <code code="C18">
    <editdetail attribution="Reuters BIP Coding Group" action="confirmed" date="1997-06-23"/>
  </code>
  <code code="C181">
    <editdetail attribution="Reuters BIP Coding Group" action="confirmed" date="1997-06-23"/>
  </code>
  <code code="CCAT">
    <editdetail attribution="Reuters BIP Coding Group" action="confirmed" date="1997-06-23"/>
  </code>
</codes>
<dc element="dc.date.created" value="1997-06-23"/>
<dc element="dc.publisher" value="Reuters Holdings Plc"/>
<dc element="dc.date.published" value="1997-06-23"/>
<dc element="dc.source" value="Reuters"/>
<dc element="dc.creator.location" value="NEW YORK"/>
<dc element="dc.creator.location.country.name" value="USA"/>
<dc element="dc.source" value="Reuters"/>
</metadata>
</newsitem>
