<?xml version="1.0" encoding="iso-8859-1" ?>
<newsitem itemid="679282" id="root" date="1997-06-23" xml:lang="en">
<title>USA: NYCE cotton ends sharply lower, Dec support intact.</title>
<headline>NYCE cotton ends sharply lower, Dec support intact.</headline>
<dateline>NEW YORK 1997-06-23</dateline>
<text>
<p>NYCE cotton settled lower amid brisk fund selling, but the December contract held above key support ahead of the U.S. Department of Agriculture's weekly crop progress report.</p>
<p>Market sources expect the report, released at 1600 EDT, to reflect an improvement in the crop following several days of warmer temperatures throughout the Delta and the Southeast.</p>
<p>Trade buying supported the December contract over support at 75.00 cents. The contract closed 0.40 lower at 75.28 cents per lb, having traded from 75.80 to 74.97 cents. July ended down 0.61 at 72.09 cents, and the rest of the board finished 0.40 to 0.15 cent weaker.</p>
<p>Tuesday is the first notice day for July cotton.</p>
<p>Open interest in the July contract stood at 8,242 lots as of early Monday, down 3,633 lots from the previous session.</p>
<p>Volume was estimated at a brisk 25,000 lots, compared with Friday's official 13,791 lots.</p>
<p>((Suzanne Rostler, New York Commodity Desk 212-859-1646))</p>
</text>
<copyright>(c) Reuters Limited 1997</copyright>
<metadata>
<codes class="bip:countries:1.0">
  <code code="USA">
    <editdetail attribution="Reuters BIP Coding Group" action="confirmed" date="1997-06-23"/>
  </code>
</codes>
<codes class="bip:topics:1.0">
  <code code="M14">
    <editdetail attribution="Reuters BIP Coding Group" action="confirmed" date="1997-06-23"/>
  </code>
  <code code="M141">
    <editdetail attribution="Reuters BIP Coding Group" action="confirmed" date="1997-06-23"/>
  </code>
  <code code="MCAT">
    <editdetail attribution="Reuters BIP Coding Group" action="confirmed" date="1997-06-23"/>
  </code>
</codes>
<dc element="dc.date.created" value="1997-06-23"/>
<dc element="dc.publisher" value="Reuters Holdings Plc"/>
<dc element="dc.date.published" value="1997-06-23"/>
<dc element="dc.source" value="Reuters"/>
<dc element="dc.creator.location" value="NEW YORK"/>
<dc element="dc.creator.location.country.name" value="USA"/>
<dc element="dc.source" value="Reuters"/>
</metadata>
</newsitem>
