<?xml version="1.0" encoding="iso-8859-1" ?>
<newsitem itemid="679274" id="root" date="1997-06-23" xml:lang="en">
<title>USA: Envirodyne panel finds offer unacceptable.</title>
<headline>Envirodyne panel finds offer unacceptable.</headline>
<dateline>OAK BROOK, Ill. 1997-06-23</dateline>
<text>
<p>Envirodyne Industries Inc said Monday that its independent committee of the board found an offer from HK Acquisitions to purchase the company was unacceptable and not in the best interests of stockholders.</p>
<p>As previously reported, Envirodyne received an offer from HK Acquisitions to acquire it for $8.50 a share in cash, subject to a definitive merger agreement.  </p>
<p>The HK offer included a proposal that, if Envirodyne agreed to be acquired and then called off the deal due to an alternative transaction, it would be obligated to pay HK Acquisitions a $10 million fee.</p>
<p>Envirodyne has interests in food packaging and the food supplies industry. Its three subsidiaries are Viskase Corp, Clear Shield National Inc and Sandusky Plastics Inc.</p>
<p>((Reuters Chicago Newsdesk (312) 408-8787))</p>
</text>
<copyright>(c) Reuters Limited 1997</copyright>
<metadata>
<codes class="bip:countries:1.0">
  <code code="USA">
    <editdetail attribution="Reuters BIP Coding Group" action="confirmed" date="1997-06-23"/>
  </code>
</codes>
<codes class="bip:industries:1.0">
  <code code="I25140">
    <editdetail attribution="Reuters BIP Coding Group" action="confirmed" date="1997-06-23"/>
  </code>
</codes>
<codes class="bip:topics:1.0">
  <code code="C18">
    <editdetail attribution="Reuters BIP Coding Group" action="confirmed" date="1997-06-23"/>
  </code>
  <code code="C181">
    <editdetail attribution="Reuters BIP Coding Group" action="confirmed" date="1997-06-23"/>
  </code>
  <code code="CCAT">
    <editdetail attribution="Reuters BIP Coding Group" action="confirmed" date="1997-06-23"/>
  </code>
</codes>
<dc element="dc.date.created" value="1997-06-23"/>
<dc element="dc.publisher" value="Reuters Holdings Plc"/>
<dc element="dc.date.published" value="1997-06-23"/>
<dc element="dc.source" value="Reuters"/>
<dc element="dc.creator.location" value="OAK BROOK, Ill."/>
<dc element="dc.creator.location.country.name" value="USA"/>
<dc element="dc.source" value="Reuters"/>
</metadata>
</newsitem>
