<?xml version="1.0" encoding="iso-8859-1" ?>
<newsitem itemid="679252" id="root" date="1997-06-23" xml:lang="en">
<title>USA: Somanetics Corp Q2 full results.</title>
<headline>Somanetics Corp Q2 full results.</headline>
<dateline>TROY, Mich. 1997-06-23</dateline>
<text>
<p>(In thousands, except share and per share data)</p>
<p>				 (Unaudited)</p>
<p>			   Three Months		Six Months</p>
<p>			   Ended May 31,	 Ended May 31,</p>
<p>		     1997	 1996	    1997	    1996</p>
<p> Total revenues   $401	  $84	    $755	    $599</p>
<p> Gross margin	187	   36	     361	     340</p>
<p> Net (loss)    (1,444)	(599)	 (2,753)	   (919)</p>
<p>Net (loss) per</p>
<p> Common Share   (0.63)     (0.33)	  (1.20)	  (0.51)</p>
<p>Weighted average</p>
<p>number of</p>
<p>Common Shares</p>
<p>outstanding</p>
<p>		 2,285,342  1,820,033     2,285,347     1,799,154</p>
<p>		 -- Reuter Chicago Newsdesk 312-408-8787</p>
</text>
<copyright>(c) Reuters Limited 1997</copyright>
<metadata>
<codes class="bip:countries:1.0">
  <code code="USA">
    <editdetail attribution="Reuters BIP Coding Group" action="confirmed" date="1997-06-23"/>
  </code>
</codes>
<codes class="bip:industries:1.0">
  <code code="I25700">
    <editdetail attribution="Reuters BIP Coding Group" action="confirmed" date="1997-06-23"/>
  </code>
</codes>
<codes class="bip:topics:1.0">
  <code code="C15">
    <editdetail attribution="Reuters BIP Coding Group" action="confirmed" date="1997-06-23"/>
  </code>
  <code code="C151">
    <editdetail attribution="Reuters BIP Coding Group" action="confirmed" date="1997-06-23"/>
  </code>
  <code code="CCAT">
    <editdetail attribution="Reuters BIP Coding Group" action="confirmed" date="1997-06-23"/>
  </code>
</codes>
<dc element="dc.date.created" value="1997-06-23"/>
<dc element="dc.publisher" value="Reuters Holdings Plc"/>
<dc element="dc.date.published" value="1997-06-23"/>
<dc element="dc.source" value="Reuters"/>
<dc element="dc.creator.location" value="TROY, Mich."/>
<dc element="dc.creator.location.country.name" value="USA"/>
<dc element="dc.source" value="Reuters"/>
</metadata>
</newsitem>
