<?xml version="1.0" encoding="iso-8859-1" ?>
<newsitem itemid="679231" id="root" date="1997-06-23" xml:lang="en">
<title>USA: Westcoast says B.C. gas plant back on line.</title>
<headline>Westcoast says B.C. gas plant back on line.</headline>
<dateline>NEW YORK 1997-06-23</dateline>
<text>
<p>Westcoast Energy said Monday that its Fort Nelson, British Columbia, natural gas processing plant had returned to full operation yesterday.</p>
<p>&quot;I can confirm that the Fort Nelson plant is back on line. Effective yesterday, June 22, the plant was reopened. As of this morning, it was processing about 425 mmcfd (million cubic feet per day),&quot; a company spokesman said.</p>
<p>He said all firm contract volumes were now being met.</p>
<p>The plant, which has a rated capacity of 750 mmcfd and had been shut for scheduled maintenance since June 10, restarted Thursday but was shut again early Friday and a force majeure was declared because of problems with the quality of gas being delivered to the plant.</p>
<p>((--J Silha, New York Power Desk 212-859-1624))</p>
</text>
<copyright>(c) Reuters Limited 1997</copyright>
<metadata>
<codes class="bip:countries:1.0">
  <code code="CANA">
    <editdetail attribution="Reuters BIP Coding Group" action="confirmed" date="1997-06-23"/>
  </code>
  <code code="USA">
    <editdetail attribution="Reuters BIP Coding Group" action="confirmed" date="1997-06-23"/>
  </code>
</codes>
<codes class="bip:industries:1.0">
  <code code="I13000">
    <editdetail attribution="Reuters BIP Coding Group" action="confirmed" date="1997-06-23"/>
  </code>
</codes>
<codes class="bip:topics:1.0">
  <code code="C24">
    <editdetail attribution="Reuters BIP Coding Group" action="confirmed" date="1997-06-23"/>
  </code>
  <code code="CCAT">
    <editdetail attribution="Reuters BIP Coding Group" action="confirmed" date="1997-06-23"/>
  </code>
</codes>
<dc element="dc.date.created" value="1997-06-23"/>
<dc element="dc.publisher" value="Reuters Holdings Plc"/>
<dc element="dc.date.published" value="1997-06-23"/>
<dc element="dc.source" value="Reuters"/>
<dc element="dc.creator.location" value="NEW YORK"/>
<dc element="dc.creator.location.country.name" value="USA"/>
<dc element="dc.source" value="Reuters"/>
</metadata>
</newsitem>
