<?xml version="1.0" encoding="iso-8859-1" ?>
<newsitem itemid="679246" id="root" date="1997-06-23" xml:lang="en">
<title>USA: NYMEX says July foreign deliveries at 805,000 bbls.</title>
<headline>NYMEX says July foreign deliveries at 805,000 bbls.</headline>
<dateline>NEW YORK 1997-06-23</dateline>
<text>
<p>Foreign crude deliveries against the July NYMEX futures contract tallied 805,000 barrels out of a grand total of 1.271 million barrels delivered, a NYMEX official said Monday.</p>
<p>The foreign crude levels dipped considerably from recent months, reflecting absorption of crude overhang in the U.S. Gulf on active refiner buying, crude traders said.</p>
<p>Market players have said that Amoco picked up some of the Nigerian Bonny Light which had been in the hands of trading house J. Aron, eliminating much of the redeliverable supply.</p>
<p>&quot;The delivered crude was mostly Nigerian Bonny Light,&quot; said a crude trader. &quot;This should help keep the Exchange for Physicals down (weaker).&quot;</p>
<p>Traders had expected some one million barrels of foreign crude to be redelivered, half Nigerian Bonny Light and half Norwegian Oseberg. The remaining deliverable crude was believed to be mainly in the hands of Arco, traders said.</p>
<p>The foreign crude began to appear on the exchange with the expiry of the May contract in April, when a record 2.73 million barrels of foreign supply was delivered.</p>
<p>Some of that record amount was redelivered along with fresh barrels on the June paper contract, which saw 2.349 million barrels of foreign delivered.</p>
<p>Foreign delivery fears have kept EFPs at a premium to the NYMEX price. EFPs, which allow traders to get out of paper positions to avoid getting stuck with alternative foreign crude, were around a five cents premium for August on Monday.</p>
<p>July EFPs, mirroring a trend for June, held as much as a 25 cents premium before demand died down, and deals were done at only a few pennies over the screen on Friday.</p>
<p>((--Patrick Connole, NY Energy Desk +1 212 859 1828))</p>
</text>
<copyright>(c) Reuters Limited 1997</copyright>
<metadata>
<codes class="bip:countries:1.0">
  <code code="USA">
    <editdetail attribution="Reuters BIP Coding Group" action="confirmed" date="1997-06-23"/>
  </code>
</codes>
<codes class="bip:topics:1.0">
  <code code="M14">
    <editdetail attribution="Reuters BIP Coding Group" action="confirmed" date="1997-06-23"/>
  </code>
  <code code="M143">
    <editdetail attribution="Reuters BIP Coding Group" action="confirmed" date="1997-06-23"/>
  </code>
  <code code="MCAT">
    <editdetail attribution="Reuters BIP Coding Group" action="confirmed" date="1997-06-23"/>
  </code>
</codes>
<dc element="dc.date.created" value="1997-06-23"/>
<dc element="dc.publisher" value="Reuters Holdings Plc"/>
<dc element="dc.date.published" value="1997-06-23"/>
<dc element="dc.source" value="Reuters"/>
<dc element="dc.creator.location" value="NEW YORK"/>
<dc element="dc.creator.location.country.name" value="USA"/>
<dc element="dc.source" value="Reuters"/>
</metadata>
</newsitem>
