<?xml version="1.0" encoding="iso-8859-1" ?>
<newsitem itemid="679368" id="root" date="1997-06-23" xml:lang="en">
<title>USA: Tektronix Q4 shr rises to $1.11 from $0.86.</title>
<headline>Tektronix Q4 shr rises to $1.11 from $0.86.</headline>
<dateline>WILSONVILLE, Ore. 1997-06-23</dateline>
<text>
<p>TEKTRONIX</p>
<p>			Consolidated Statements of Operations</p>
<p> (In thousands, exceptQuarter Ended	    Fiscal Year Ended</p>
<p>  per share amounts)  May 31,   May 25,    May 31,    May 25,</p>
<p>				1997	 1996	1997	 1996</p>
<p> Net sales	   $  543,915$  490,738$ 1,940,082$ 1,768,858</p>
<p>   Gross profit	 236,460   204,080    832,727    740,527</p>
<p>   Operating income    52,427    40,803    165,008    143,367</p>
<p>   Net earnings	  36,852    28,158    114,785     99,586</p>
<p> Earnings per share	1.11	0.86	 3.48	 3.00</p>
<p> Dividends per share     0.15	0.15	 0.60	 0.60</p>
<p>Average shares</p>
<p>  outstanding	    33,315    32,805     33,009     33,197</p>
<p> Dividends		  5,013     4,900     19,809     19,944</p>
<p>-- New York Newsdesk 212 603-3310</p>
</text>
<copyright>(c) Reuters Limited 1997</copyright>
<metadata>
<codes class="bip:countries:1.0">
  <code code="USA">
    <editdetail attribution="Reuters BIP Coding Group" action="confirmed" date="1997-06-23"/>
  </code>
</codes>
<codes class="bip:industries:1.0">
  <code code="I34420">
    <editdetail attribution="Reuters BIP Coding Group" action="confirmed" date="1997-06-23"/>
  </code>
</codes>
<codes class="bip:topics:1.0">
  <code code="C15">
    <editdetail attribution="Reuters BIP Coding Group" action="confirmed" date="1997-06-23"/>
  </code>
  <code code="C151">
    <editdetail attribution="Reuters BIP Coding Group" action="confirmed" date="1997-06-23"/>
  </code>
  <code code="C1511">
    <editdetail attribution="Reuters BIP Coding Group" action="confirmed" date="1997-06-23"/>
  </code>
  <code code="CCAT">
    <editdetail attribution="Reuters BIP Coding Group" action="confirmed" date="1997-06-23"/>
  </code>
</codes>
<dc element="dc.date.created" value="1997-06-23"/>
<dc element="dc.publisher" value="Reuters Holdings Plc"/>
<dc element="dc.date.published" value="1997-06-23"/>
<dc element="dc.source" value="Reuters"/>
<dc element="dc.creator.location" value="WILSONVILLE, Ore."/>
<dc element="dc.creator.location.country.name" value="USA"/>
<dc element="dc.source" value="Reuters"/>
</metadata>
</newsitem>
