<?xml version="1.0" encoding="iso-8859-1" ?>
<newsitem itemid="679393" id="root" date="1997-06-23" xml:lang="en">
<title>SWITZERLAND: CYCLING-TOUR OF SWITZERLAND SEVENTH STAGE RESULTS.</title>
<headline>CYCLING-TOUR OF SWITZERLAND SEVENTH STAGE RESULTS.</headline>
<dateline>ZUG, Switzerland 1997-06-23</dateline>
<text>
<p>Leading results of the</p>
<p>194km seventh stage of the Tour of Switzerland from Locarno to</p>
<p>Zug on Monday:</p>
<p>1. Tom Steels (Belgium) five hours 25 minutes 13 seconds</p>
<p>2. Erik Zabel (Germany)</p>
<p>3. Lauri Aus (Estonia)</p>
<p>4. Fabio Baldato (Italy)</p>
<p>5. Fabrizio Guidi (Italy)</p>
<p>6. Nicola Minali (Italy)</p>
<p>7. Markus Zberg (Switzerland)</p>
<p>8. Emmanuel Magnien (France)</p>
<p>9. Oskar Camenzind (Switzerland)</p>
<p>10. Rolf Soerensen (Denmark) all</p>
<p>11. Max Van Heeswijk (Netherlands)</p>
<p>12. Denis Zanette (Italy)</p>
<p>13. Niki Aebersold (Switzerland)</p>
<p>14. Giampaolo Mondini (Italy)</p>
<p>15. Gabriele Missaglia (Italy) all same time as winner</p>
<p>Leading overall placings after the seventh stage:</p>
<p>1. Christophe Agnolutto (France) 24 hours 8 minutes 31 seconds</p>
<p> 2. Camenzind			   5:14 behind</p>
<p> 3. Jan Ullrich (German)	    6:15</p>
<p> 4. David Extebarria (Spain)	6:20</p>
<p> 5. Roland Meier (Switzerland)    7:06</p>
<p> 6. Felix Garcia Gasas (Spain)    8:02</p>
<p> 7. Stefano Garzelli (Italy)	8:05</p>
<p> 8. Peter Luttenberger (Austria)  8:12</p>
<p> 9. Philipp Buschor (Switzerland) 8:14</p>
<p> 10. Daniele Nardello (Italy)     8:32</p>
<p> 11. Jens Heppner (Germany)	 9:21</p>
<p> 12. Danny Nelissen (Netherlands) 9:44</p>
<p> 13. Leonardo Piepoli (Italy)     9:47</p>
<p> 14. Bjarne Riis (Denmark)	 10:02</p>
<p> 15. Francesco Casagrande (Italy) same time</p>
</text>
<copyright>(c) Reuters Limited 1997</copyright>
<metadata>
<codes class="bip:countries:1.0">
  <code code="SWITZ">
    <editdetail attribution="Reuters BIP Coding Group" action="confirmed" date="1997-06-23"/>
  </code>
</codes>
<codes class="bip:topics:1.0">
  <code code="GCAT">
    <editdetail attribution="Reuters BIP Coding Group" action="confirmed" date="1997-06-23"/>
  </code>
  <code code="GSPO">
    <editdetail attribution="Reuters BIP Coding Group" action="confirmed" date="1997-06-23"/>
  </code>
</codes>
<dc element="dc.date.created" value="1997-06-23"/>
<dc element="dc.publisher" value="Reuters Holdings Plc"/>
<dc element="dc.date.published" value="1997-06-23"/>
<dc element="dc.source" value="Reuters"/>
<dc element="dc.creator.location" value="ZUG, Switzerland"/>
<dc element="dc.creator.location.country.name" value="SWITZERLAND"/>
<dc element="dc.source" value="Reuters"/>
</metadata>
</newsitem>
