<?xml version="1.0" encoding="iso-8859-1" ?>
<newsitem itemid="679348" id="root" date="1997-06-23" xml:lang="en">
<title>USA: U.S. blue chips slump, NYSE sets trading curbs.</title>
<headline>U.S. blue chips slump, NYSE sets trading curbs.</headline>
<dateline>NEW YORK 1997-06-23</dateline>
<text>
<p>U.S. blue chip stocks declined on Monday, giving back ground after Friday's record closing highs and the triple-witching expiration of index futures and options.</p>
<p>The Dow Jones Industrial Average slid around 57 points or 0.74 percent to 7739, prompting the New York Stock Exchange to set curbs on index arbitrage trading.</p>
<p>The Nasdaq composite was up 0.67 at 1448 after a brief foray into negative territory.</p>
<p>Shares of Philip Morris Cos Inc sagged after Friday's announcement of a landmark industry settlement.</p>
<p>((Wall Street desk 212-859-1730))</p>
</text>
<copyright>(c) Reuters Limited 1997</copyright>
<metadata>
<codes class="bip:countries:1.0">
  <code code="USA">
    <editdetail attribution="Reuters BIP Coding Group" action="confirmed" date="1997-06-23"/>
  </code>
</codes>
<codes class="bip:topics:1.0">
  <code code="M11">
    <editdetail attribution="Reuters BIP Coding Group" action="confirmed" date="1997-06-23"/>
  </code>
  <code code="MCAT">
    <editdetail attribution="Reuters BIP Coding Group" action="confirmed" date="1997-06-23"/>
  </code>
</codes>
<dc element="dc.date.created" value="1997-06-23"/>
<dc element="dc.publisher" value="Reuters Holdings Plc"/>
<dc element="dc.date.published" value="1997-06-23"/>
<dc element="dc.source" value="Reuters"/>
<dc element="dc.creator.location" value="NEW YORK"/>
<dc element="dc.creator.location.country.name" value="USA"/>
<dc element="dc.source" value="Reuters"/>
</metadata>
</newsitem>
