<?xml version="1.0" encoding="iso-8859-1" ?>
<newsitem itemid="679309" id="root" date="1997-06-23" xml:lang="en">
<title>USA: Warrantech sees paying $1.4 mln judgment.</title>
<headline>Warrantech sees paying $1.4 mln judgment.</headline>
<text>
<p>STAMFORD, Conn., June 23 - Warrantech Corp said Monday it expects a judgment of $1.4 million will be awarded against it in litigation brought by The Oak Agency.</p>
<p>The company said the U.S. District Court for the Northern District of Illinois issued an oral ruling that a Warrantech subsidiary improperly terminated an agency agreement and was liable for certain payments.</p>
<p>&quot;Warrantech expects a judgment of approximately $1.4 million will be awarded in July,&quot; a statement said, although the company added that the court has not yet determined the actual amount.  </p>
<p>Oral findings announced by the trial court led Warrantech to anticipate a judgment of $1.4 million, the company said.</p>
<p>Warrantech said the Oak Agency began litigation in October 1991, following the termination of an agency agreement it signed in 1986 with Warrantech Dealer Based Services, a former Warrantech subsidiary now known as Warrantech Automotive Inc.</p>
<p>The Oak Agency had sought more than $23 million in damages, Warrantech said.</p>
<p>Warrantech shares traded at 12 in the early afternoon Monday, up 5/8.</p>
<p>((New York Newsdesk 212 859 1610))</p>
</text>
<copyright>(c) Reuters Limited 1997</copyright>
<metadata>
<codes class="bip:countries:1.0">
  <code code="USA">
    <editdetail attribution="Reuters BIP Coding Group" action="confirmed" date="1997-06-23"/>
  </code>
</codes>
<codes class="bip:industries:1.0">
  <code code="I83954">
    <editdetail attribution="Reuters BIP Coding Group" action="confirmed" date="1997-06-23"/>
  </code>
</codes>
<codes class="bip:topics:1.0">
  <code code="C12">
    <editdetail attribution="Reuters BIP Coding Group" action="confirmed" date="1997-06-23"/>
  </code>
  <code code="CCAT">
    <editdetail attribution="Reuters BIP Coding Group" action="confirmed" date="1997-06-23"/>
  </code>
  <code code="GCAT">
    <editdetail attribution="Reuters BIP Coding Group" action="confirmed" date="1997-06-23"/>
  </code>
  <code code="GCRIM">
    <editdetail attribution="Reuters BIP Coding Group" action="confirmed" date="1997-06-23"/>
  </code>
</codes>
<dc element="dc.publisher" value="Reuters Holdings Plc"/>
<dc element="dc.date.published" value="1997-06-23"/>
<dc element="dc.source" value="Reuters"/>
<dc element="dc.creator.location.country.name" value="USA"/>
<dc element="dc.source" value="Reuters"/>
</metadata>
</newsitem>
