<?xml version="1.0" encoding="iso-8859-1" ?>
<newsitem itemid="679384" id="root" date="1997-06-23" xml:lang="en">
<title>USA: ATHLETICS-RECOVERED JOHNSON TO COMPETE IN PARIS.</title>
<headline>ATHLETICS-RECOVERED JOHNSON TO COMPETE IN PARIS.</headline>
<dateline>BOULDER, Colorado 1997-06-23</dateline>
<text>
<p>Double Olympic champion Michael Johnson has recovered from a leg injury and will make his return to competition at the Paris grand prix meeting on Wednesday, his agent said Monday.</p>
<p>&quot;Michael has flown to Paris and will run a 400 meters on Wednesday,&quot; Brad Hunt said in a telephone interview.</p>
<p>It will be Johnson's first competition since the Olympic 200 and 400 meter champion severly pulled his left quadriceps in a 150-meter fastest man showdown with world 100-meter record holder Donovan Bailey in Toronto on June 1.</p>
<p>Johnson, who missed the U.S. championships because of the injury, also will compete in two, perhaps three, other European meetings in the coming weeks, Hunt said.</p>
<p>The world 200-meter record holder is scheduled to run 400 meters at Sheffield, England, on Sunday and at Lausanne on July 2, and probably will run a 200 meters at Stuttgart on July 13, Hunt said.</p>
</text>
<copyright>(c) Reuters Limited 1997</copyright>
<metadata>
<codes class="bip:countries:1.0">
  <code code="FRA">
    <editdetail attribution="Reuters BIP Coding Group" action="confirmed" date="1997-06-23"/>
  </code>
  <code code="USA">
    <editdetail attribution="Reuters BIP Coding Group" action="confirmed" date="1997-06-23"/>
  </code>
</codes>
<codes class="bip:topics:1.0">
  <code code="GCAT">
    <editdetail attribution="Reuters BIP Coding Group" action="confirmed" date="1997-06-23"/>
  </code>
  <code code="GSPO">
    <editdetail attribution="Reuters BIP Coding Group" action="confirmed" date="1997-06-23"/>
  </code>
</codes>
<dc element="dc.date.created" value="1997-06-23"/>
<dc element="dc.publisher" value="Reuters Holdings Plc"/>
<dc element="dc.date.published" value="1997-06-23"/>
<dc element="dc.source" value="Reuters"/>
<dc element="dc.creator.location" value="BOULDER, Colorado"/>
<dc element="dc.creator.location.country.name" value="USA"/>
<dc element="dc.source" value="Reuters"/>
</metadata>
</newsitem>
