<?xml version="1.0" encoding="iso-8859-1" ?>
<newsitem itemid="679301" id="root" date="1997-06-23" xml:lang="en">
<title>USA: Dell to cut prices on corporate PC line.</title>
<headline>Dell to cut prices on corporate PC line.</headline>
<dateline>ROUND ROCK, Texas 1997-06-23</dateline>
<text>
<p>Dell Computer Corp said Monday it was reducing prices up to 13 percent in the U.S. on its OptiPlex corporate desktop personal computers, effective immediately.</p>
<p>The company said the price cuts are the third since January on the OptiPlex line and that prices on some OptiPlexes have dropped as much as 44 percent since January.</p>
<p>The company said the price cuts reflect the fact that costs and component prices have been declining.</p>
<p>The company said that more than 90 percent of its revenues are generated from business and government sales, with more than 70 percent coming from large corporations and public institutions.</p>
<p>Dell is a direct-sales computer systems company with revenues of $8.7 billion in the past four quarters.</p>
<p>((New York Newsdesk 212 859 1610))</p>
</text>
<copyright>(c) Reuters Limited 1997</copyright>
<metadata>
<codes class="bip:countries:1.0">
  <code code="USA">
    <editdetail attribution="Reuters BIP Coding Group" action="confirmed" date="1997-06-23"/>
  </code>
</codes>
<codes class="bip:industries:1.0">
  <code code="I33020">
    <editdetail attribution="Reuters BIP Coding Group" action="confirmed" date="1997-06-23"/>
  </code>
  <code code="I3302003">
    <editdetail attribution="Reuters BIP Coding Group" action="confirmed" date="1997-06-23"/>
  </code>
</codes>
<codes class="bip:topics:1.0">
  <code code="C31">
    <editdetail attribution="Reuters BIP Coding Group" action="confirmed" date="1997-06-23"/>
  </code>
  <code code="CCAT">
    <editdetail attribution="Reuters BIP Coding Group" action="confirmed" date="1997-06-23"/>
  </code>
</codes>
<dc element="dc.date.created" value="1997-06-23"/>
<dc element="dc.publisher" value="Reuters Holdings Plc"/>
<dc element="dc.date.published" value="1997-06-23"/>
<dc element="dc.source" value="Reuters"/>
<dc element="dc.creator.location" value="ROUND ROCK, Texas"/>
<dc element="dc.creator.location.country.name" value="USA"/>
<dc element="dc.source" value="Reuters"/>
</metadata>
</newsitem>
