<?xml version="1.0" encoding="iso-8859-1" ?>
<newsitem itemid="679396" id="root" date="1997-06-23" xml:lang="en">
<title>USA: TENNIS-LEADING 1997 MONEY WINNERS ON WTA TOUR.</title>
<headline>TENNIS-LEADING 1997 MONEY WINNERS ON WTA TOUR.</headline>
<dateline>ST PETERSBURG, Florida 1997-06-23</dateline>
<text>
<p>Leading money winners in women's tennis this year as issued by the WTA Tour on Monday:</p>
<p>  1. Martina Hingis (Switzerland)	    $1,590,891</p>
<p>  2. Iva Majoli (Croatia)			 1,000,126</p>
<p>  3. Lindsay Davenport (U.S.)		     606,141</p>
<p>  4. Mary Joe Fernandez (U.S.)		    555,622</p>
<p>  5. Mary Pierce (France)			   547,391</p>
<p>  6. Natasha Zvereva (Belarus)		    430,863</p>
<p>  7. Amanda Coetzer (South Africa)		429,534</p>
<p>  8. Monica Seles (U.S.)			    373,183</p>
<p>  9. Arantxa Sanchez Vicario (Spain)	    362,233</p>
<p> 10. Irina Spirlea (Romania)			312,610</p>
<p> 11. Jana Novotna (Czech Republic)		312,305</p>
<p> 12. Ruxandra Dragomir (Romania)		  280,045</p>
<p> 13. Conchita Martinez (Spain)		    278,417</p>
<p> 14. Lisa Raymond (U.S.)			    254,368</p>
<p> 15. Steffi Graf (Germany)			  230,249</p>
<p> 16. Gigi Fernandez (U.S.)			  211,630</p>
<p> 17. Anke Huber (Germany)			   199,713</p>
<p> 18. Brenda Schultz-McCarthy (Netherlands)    187,187</p>
<p> 19. Nathalie Tauziat (France)		    182,133</p>
<p> 20. Nicole Arendt (U.S.)			   179,904</p>
</text>
<copyright>(c) Reuters Limited 1997</copyright>
<metadata>
<codes class="bip:countries:1.0">
  <code code="SWITZ">
    <editdetail attribution="Reuters BIP Coding Group" action="confirmed" date="1997-06-23"/>
  </code>
  <code code="USA">
    <editdetail attribution="Reuters BIP Coding Group" action="confirmed" date="1997-06-23"/>
  </code>
</codes>
<codes class="bip:topics:1.0">
  <code code="GCAT">
    <editdetail attribution="Reuters BIP Coding Group" action="confirmed" date="1997-06-23"/>
  </code>
  <code code="GSPO">
    <editdetail attribution="Reuters BIP Coding Group" action="confirmed" date="1997-06-23"/>
  </code>
</codes>
<dc element="dc.date.created" value="1997-06-23"/>
<dc element="dc.publisher" value="Reuters Holdings Plc"/>
<dc element="dc.date.published" value="1997-06-23"/>
<dc element="dc.source" value="Reuters"/>
<dc element="dc.creator.location" value="ST PETERSBURG, Florida"/>
<dc element="dc.creator.location.country.name" value="USA"/>
<dc element="dc.source" value="Reuters"/>
</metadata>
</newsitem>
