<?xml version="1.0" encoding="iso-8859-1" ?>
<newsitem itemid="679378" id="root" date="1997-06-23" xml:lang="en">
<title>USA: ATHLETICS-SPRINT QUEEN JONES TO RUN IN EUROPE.</title>
<headline>ATHLETICS-SPRINT QUEEN JONES TO RUN IN EUROPE.</headline>
<dateline>RALEIGH, North Carolina 1997-06-23</dateline>
<text>
<p>New U.S. sprint queen Marion Jones will put her blazing speed on display in Europe for the first time Tuesday, her coach said Monday.</p>
<p>Jones, who ran the year's three fastest women's 100-meter times and captured the women's long jump at the recent U.S. championships, will open her European campaign with a 100 meters at Turin, Italy, on Tuesday, according to coach Trevor Graham.</p>
<p>She will also run 100 meters at Lille, France, on Sunday, at Lausanne on July 2, and at Olso on July 4. She is scheduled to run 200 meters at Stockholm on July 7.</p>
<p>&quot;We didn't get to do a lot after the U.S. championships, so she is not in great shape,&quot; Graham said in an interview. &quot;But we think she is good enough shape to do well in Europe.&quot;</p>
<p>Jones still plans to compete in both the 100 meters and long jump at Athens world championships in August, Graham said. &quot;But she won't be jumping in Europe on this trip,&quot; he added. &quot;We just didn't have time to work on her jumping that much, but we're going to get it right.&quot;</p>
</text>
<copyright>(c) Reuters Limited 1997</copyright>
<metadata>
<codes class="bip:countries:1.0">
  <code code="ITALY">
    <editdetail attribution="Reuters BIP Coding Group" action="confirmed" date="1997-06-23"/>
  </code>
  <code code="USA">
    <editdetail attribution="Reuters BIP Coding Group" action="confirmed" date="1997-06-23"/>
  </code>
</codes>
<codes class="bip:topics:1.0">
  <code code="GCAT">
    <editdetail attribution="Reuters BIP Coding Group" action="confirmed" date="1997-06-23"/>
  </code>
  <code code="GSPO">
    <editdetail attribution="Reuters BIP Coding Group" action="confirmed" date="1997-06-23"/>
  </code>
</codes>
<dc element="dc.date.created" value="1997-06-23"/>
<dc element="dc.publisher" value="Reuters Holdings Plc"/>
<dc element="dc.date.published" value="1997-06-23"/>
<dc element="dc.source" value="Reuters"/>
<dc element="dc.creator.location" value="RALEIGH, North Carolina"/>
<dc element="dc.creator.location.country.name" value="USA"/>
<dc element="dc.source" value="Reuters"/>
</metadata>
</newsitem>
