<?xml version="1.0" encoding="iso-8859-1" ?>
<newsitem itemid="679383" id="root" date="1997-06-23" xml:lang="en">
<title>UK: RUGBY LEAGUE-SUPER LEAGUE WORLD CLUB CHAMPIONSHIP RESULTS.</title>
<headline>RUGBY LEAGUE-SUPER LEAGUE WORLD CLUB CHAMPIONSHIP RESULTS.</headline>
<dateline>LONDON 1997-06-23</dateline>
<text>
<p>Results of a Super League world</p>
<p>club championship rugby league matches on Monday:</p>
<p>Pool A</p>
<p> Canterbury (Australia)	34  London Broncos (England)</p>
<p>18</p>
<p>Warrington Wolves (England) 28  Auckland Warriors (Australia)</p>
<p>56</p>
<p>    Standings    P  W  D  L   F  A Pts</p>
<p>Europe</p>
<p> Wigan	     3  1  0  2  44  108  2</p>
<p> Bradford	  3  0  0  3  42   70  0</p>
<p> London	    3  0  0  3  60  142  0</p>
<p> Warrington	3  0  0  3  62  148  0</p>
<p> St Helens	 3  0  0  3  52  140  0</p>
<p> Halifax	   3  0  0  3  12  204  0</p>
<p>Australia</p>
<p> Canberra	  3  3  0  0  192  48  6</p>
<p> Brisbane	  3  3  0  0  152  22  6</p>
<p> Cronulla	  3  3  0  0  118  30  6</p>
<p> Auckland	  3  3  0  0  118  58  6</p>
<p> Penrith	   3  3  0  0  122  68  6</p>
<p> Canterbury	3  2  0  1  110  46  4</p>
</text>
<copyright>(c) Reuters Limited 1997</copyright>
<metadata>
<codes class="bip:countries:1.0">
  <code code="AUSTR">
    <editdetail attribution="Reuters BIP Coding Group" action="confirmed" date="1997-06-23"/>
  </code>
  <code code="NZ">
    <editdetail attribution="Reuters BIP Coding Group" action="confirmed" date="1997-06-23"/>
  </code>
  <code code="UK">
    <editdetail attribution="Reuters BIP Coding Group" action="confirmed" date="1997-06-23"/>
  </code>
</codes>
<codes class="bip:topics:1.0">
  <code code="GCAT">
    <editdetail attribution="Reuters BIP Coding Group" action="confirmed" date="1997-06-23"/>
  </code>
  <code code="GSPO">
    <editdetail attribution="Reuters BIP Coding Group" action="confirmed" date="1997-06-23"/>
  </code>
</codes>
<dc element="dc.date.created" value="1997-06-23"/>
<dc element="dc.publisher" value="Reuters Holdings Plc"/>
<dc element="dc.date.published" value="1997-06-23"/>
<dc element="dc.source" value="Reuters"/>
<dc element="dc.creator.location" value="LONDON"/>
<dc element="dc.creator.location.country.name" value="UK"/>
<dc element="dc.source" value="Reuters"/>
</metadata>
</newsitem>
