<?xml version="1.0" encoding="iso-8859-1" ?>
<newsitem itemid="679364" id="root" date="1997-06-23" xml:lang="en">
<title>USA: Abraxas meets all terms of CVR agreement.</title>
<headline>Abraxas meets all terms of CVR agreement.</headline>
<dateline>SAN ANTONIO, Texas 1997-06-23</dateline>
<text>
<p>Abraxas Petroleum Corp said Monday that it has met the terms of its contingent value rights (CVR) agreement, which will retire the rights and result in no additional issuance of common shares.</p>
<p>The company said that income for the fourth quarter of 1996, fiscal year 1996 and the first quarter of 1997 were all diluted by potential CVR share issuance.</p>
<p>Earnings per share for the affected periods were reduced by $0.05, $0.03 and $0.02 respectively, but future reporting periods will not be affected.</p>
<p>Abraxas is a crude oil and natural gas exploration and production company that also processes natural gas.</p>
</text>
<copyright>(c) Reuters Limited 1997</copyright>
<metadata>
<codes class="bip:countries:1.0">
  <code code="USA">
    <editdetail attribution="Reuters BIP Coding Group" action="confirmed" date="1997-06-23"/>
  </code>
</codes>
<codes class="bip:industries:1.0">
  <code code="I13000">
    <editdetail attribution="Reuters BIP Coding Group" action="confirmed" date="1997-06-23"/>
  </code>
</codes>
<codes class="bip:topics:1.0">
  <code code="C17">
    <editdetail attribution="Reuters BIP Coding Group" action="confirmed" date="1997-06-23"/>
  </code>
  <code code="C171">
    <editdetail attribution="Reuters BIP Coding Group" action="confirmed" date="1997-06-23"/>
  </code>
  <code code="CCAT">
    <editdetail attribution="Reuters BIP Coding Group" action="confirmed" date="1997-06-23"/>
  </code>
</codes>
<dc element="dc.date.created" value="1997-06-23"/>
<dc element="dc.publisher" value="Reuters Holdings Plc"/>
<dc element="dc.date.published" value="1997-06-23"/>
<dc element="dc.source" value="Reuters"/>
<dc element="dc.creator.location" value="SAN ANTONIO, Texas"/>
<dc element="dc.creator.location.country.name" value="USA"/>
<dc element="dc.source" value="Reuters"/>
</metadata>
</newsitem>
