<?xml version="1.0" encoding="iso-8859-1" ?>
<newsitem itemid="679395" id="root" date="1997-06-23" xml:lang="en">
<title>ST VINCENT: CRICKET-LARA ENDS LEAN SPELL WITH UNBEATEN 88.</title>
<headline>CRICKET-LARA ENDS LEAN SPELL WITH UNBEATEN 88.</headline>
<dateline>KINGSTOWN, St Vincent 1997-06-23</dateline>
<text>
<p>Brian Lara returned to form with an unbeaten 88 as West Indies began to take charge in the second and final test against Sri Lanka on Monday.</p>
<p>Lara spurred West Indies, 75 behind on first innings, to 226 for three in their second innings at lunch on the fourth day -- 151 ahead.</p>
<p>The Trinidadian left-hander shared an unbroken fourth-wicket stand of 83 in 90 minutes with Carl Hooper (26 not out) after West Indies resumed at the overnight 128 for two in the rain-hit match.</p>
<p>Lara emerged from a sequence of three single-figure scores in the short series to stroke nine fours and a six in the morning session after starting the day on 30 which included just one boundary.</p>
<p>Sri Lanka's only success in the first session was the dismissal of Floyd Reifer for 18, caught by wicket-keeper Romesh Kaluwitharana off pace bowler Ravindra Pushpakumara.</p>
<p>Lara completed his half-century in 156 minutes off 102 balls, then accelerated with five more boundaries, and a six off Muttiah Muralitharan's off-spin.</p>
<p>Lara ended the session with a flourish by hitting Muralitharan through the off-side for three fours in the last over before lunch.</p>
</text>
<copyright>(c) Reuters Limited 1997</copyright>
<metadata>
<codes class="bip:countries:1.0">
  <code code="SRILAN">
    <editdetail attribution="Reuters BIP Coding Group" action="confirmed" date="1997-06-23"/>
  </code>
  <code code="SVIN">
    <editdetail attribution="Reuters BIP Coding Group" action="confirmed" date="1997-06-23"/>
  </code>
  <code code="WEIND">
    <editdetail attribution="Reuters BIP Coding Group" action="confirmed" date="1997-06-23"/>
  </code>
</codes>
<codes class="bip:topics:1.0">
  <code code="GCAT">
    <editdetail attribution="Reuters BIP Coding Group" action="confirmed" date="1997-06-23"/>
  </code>
  <code code="GSPO">
    <editdetail attribution="Reuters BIP Coding Group" action="confirmed" date="1997-06-23"/>
  </code>
</codes>
<dc element="dc.date.created" value="1997-06-23"/>
<dc element="dc.publisher" value="Reuters Holdings Plc"/>
<dc element="dc.date.published" value="1997-06-23"/>
<dc element="dc.source" value="Reuters"/>
<dc element="dc.creator.location" value="KINGSTOWN, St Vincent"/>
<dc element="dc.creator.location.country.name" value="ST VINCENT"/>
<dc element="dc.source" value="Reuters"/>
</metadata>
</newsitem>
