<?xml version="1.0" encoding="iso-8859-1" ?>
<newsitem itemid="679420" id="root" date="1997-06-23" xml:lang="en">
<title>UK: HORSE RACING-ENTREPRENEUR OUT OF IRISH DERBY.</title>
<headline>HORSE RACING-ENTREPRENEUR OUT OF IRISH DERBY.</headline>
<dateline>LONDON 1997-06-23</dateline>
<text>
<p>Entrepreneur, beaten favourite in the Epsom Derby two weeks ago, has been pulled out of Sunday's Irish Derby, trainer Michael Stoute said on Monday.</p>
<p>&quot;He returned from Epsom with a right-side hamstring strain,&quot; Stoute said.</p>
<p>&quot;Intensive physiotherapy enabled him to resume cantering on June 17, but a weekend gallop determined that he would not be at peak fitness for the Curragh.&quot;</p>
<p>Entrepreneur was hot favourite for the Epsom Derby but finished a disappointing fourth.</p>
</text>
<copyright>(c) Reuters Limited 1997</copyright>
<metadata>
<codes class="bip:countries:1.0">
  <code code="IRE">
    <editdetail attribution="Reuters BIP Coding Group" action="confirmed" date="1997-06-23"/>
  </code>
  <code code="UK">
    <editdetail attribution="Reuters BIP Coding Group" action="confirmed" date="1997-06-23"/>
  </code>
</codes>
<codes class="bip:topics:1.0">
  <code code="GCAT">
    <editdetail attribution="Reuters BIP Coding Group" action="confirmed" date="1997-06-23"/>
  </code>
  <code code="GSPO">
    <editdetail attribution="Reuters BIP Coding Group" action="confirmed" date="1997-06-23"/>
  </code>
</codes>
<dc element="dc.date.created" value="1997-06-23"/>
<dc element="dc.publisher" value="Reuters Holdings Plc"/>
<dc element="dc.date.published" value="1997-06-23"/>
<dc element="dc.source" value="Reuters"/>
<dc element="dc.creator.location" value="LONDON"/>
<dc element="dc.creator.location.country.name" value="UK"/>
<dc element="dc.source" value="Reuters"/>
</metadata>
</newsitem>
