<?xml version="1.0" encoding="iso-8859-1" ?>
<newsitem itemid="679407" id="root" date="1997-06-23" xml:lang="en">
<title>USA: SOCCER-NEW ENGLAND RALLY FOR 3-2 SHOOTOUT WIN.</title>
<headline>SOCCER-NEW ENGLAND RALLY FOR 3-2 SHOOTOUT WIN.</headline>
<dateline>FOXBORO, Massachussets 1997-06-22</dateline>
<text>
<p>The New England Revolution rallied from a 2-0 deficit to record a 3-2 shootout victory over the Dallas Burn in Major League Soccer action on Sunday.</p>
<p>Imad Baba and Francis Okaroh scored in the tie-breaker, in which New England prevailed 2-1. Former Italian World Cup goalkeeper Walter Zenga made three saves in the shootout, on Mark Santel, Gerell Elliott and Ted Eck.</p>
<p>Mexican Damian Alvarez and Jason Kreis had given the Burn (8-7) a 2-0 lead after 27 minutes, but the Revolution (11-4) rallied behind Alejandro Farias (29th minute) and U.S. international defender Alexi Lalas (65th minute).</p>
<p>In Kansas City, Missouri, the Kansas City Wizards (9-5) rolled to a 6-1 triumph over defending champion D.C. United (11-4) in a confrontation of conference leaders. The loss, the worst in club history, broke United's six-game winning streak and a 22-game streak in which D.C. did not lose in regulation.</p>
<p>Preki and Frank Klopas finished with a goal and an assist apiece. Paul Wright, Mark Chung, Sean Bowers and Edmundo Rodriguez added goals. El Salvadoran Raul Diaz Arce scored United's lone goal.  </p>
<p>In Denver, Colorado, the Colorado Rapids (8-8) won their third consecutive game to move into second place in the Western Conference, registering a 2-1 win over the Los Angeles Galaxy (4-10).</p>
<p>Chris Henderson and Paul Bravo scored first-half goals for the winners. Former U.S. international defender Paul Caligiuri, who made his Galaxy debut, found the back of the net with seven minutes remaining.</p>
<p>In Tampa, Florida, Colombian international Carlos Valderrama scored the first goal and created two others as the Tampa Bay Mutiny (7-7) registered a 3-1 win over the San Jose Clash (5-10).</p>
<p>Roy Lassiter, last season's scoring champion, and Trinidad &amp; Tobaga native Evans Wise also tallied for the home team. Ronald Cerritos scored for San Jose, which played without injured U.S. national team striker Eric Wynalda.</p>
<p>In Columbus, Ohio, Brian McBride converted a controversial penalty kick with four minutes remaining as the Columbus Crew (7-8) snapped a six-game losing streak with a 2-1 victory over the New York/New Jersey MetroStars (5-10).</p>
<p>MetroStars defender Ezra Hendrickson was called for a handball in the penalty area.</p>
<p>A pair of U.S. internationals scored for each team, midfielder Mike Sorber for the MetroStars and defender Thomas Dooley, in his MLS debut, for the Crew. The MetroStars, who have dropped four straight matches, are winless in seven road games.</p>
</text>
<copyright>(c) Reuters Limited 1997</copyright>
<metadata>
<codes class="bip:countries:1.0">
  <code code="USA">
    <editdetail attribution="Reuters BIP Coding Group" action="confirmed" date="1997-06-23"/>
  </code>
</codes>
<codes class="bip:topics:1.0">
  <code code="GCAT">
    <editdetail attribution="Reuters BIP Coding Group" action="confirmed" date="1997-06-23"/>
  </code>
  <code code="GSPO">
    <editdetail attribution="Reuters BIP Coding Group" action="confirmed" date="1997-06-23"/>
  </code>
</codes>
<dc element="dc.date.created" value="1997-06-22"/>
<dc element="dc.publisher" value="Reuters Holdings Plc"/>
<dc element="dc.date.published" value="1997-06-23"/>
<dc element="dc.source" value="Reuters"/>
<dc element="dc.creator.location" value="FOXBORO, Massachussets"/>
<dc element="dc.creator.location.country.name" value="USA"/>
<dc element="dc.source" value="Reuters"/>
</metadata>
</newsitem>
