<?xml version="1.0" encoding="iso-8859-1" ?>
<newsitem itemid="679467" id="root" date="1997-06-23" xml:lang="en">
<title>SOUTH AFRICA: S.AFRICA ANNOUNCES STEEL PLANT TRAINING PLAN.</title>
<headline>S.AFRICA ANNOUNCES STEEL PLANT TRAINING PLAN.</headline>
<dateline>CAPE TOWN 1997-06-23</dateline>
<text>
<p>South African Deputy Minister of Trade and Industry Phumzile Mlambo-Ngcuka on Monday announced a four million rand project to train about 3,000 people for jobs linked to the Saldanha Steel project on the Atlantic west coast.</p>
<p>Mlambo-Ngcuka said the state-financed Industrial Development Corporation and foreign donors would fund the 12-month West Coast Training Initiative based in a factory building near Saldanha Bay.</p>
<p>&quot;The training is being geared towards upgrading and promoting workers from an unskilled to a semi-skilled level,&quot; she said.</p>
<p>Selected men and women from the economically depressed Saldanha area would be trained in mechanical, civil and electrical engineering and hotel and restaurant skills.</p>
<p>The Saldanha steel mill, which is being built close to a shipping terminal and at the end of a rail line from the Sishen iron ore fields, is South Africa's biggest post-apartheid industrial investment.</p>
<p>-- Cape Town newsroom +27 21 252238</p>
</text>
<copyright>(c) Reuters Limited 1997</copyright>
<metadata>
<codes class="bip:countries:1.0">
  <code code="SAFR">
    <editdetail attribution="Reuters BIP Coding Group" action="confirmed" date="1997-06-23"/>
  </code>
</codes>
<codes class="bip:topics:1.0">
  <code code="C42">
    <editdetail attribution="Reuters BIP Coding Group" action="confirmed" date="1997-06-23"/>
  </code>
  <code code="CCAT">
    <editdetail attribution="Reuters BIP Coding Group" action="confirmed" date="1997-06-23"/>
  </code>
  <code code="E41">
    <editdetail attribution="Reuters BIP Coding Group" action="confirmed" date="1997-06-23"/>
  </code>
  <code code="ECAT">
    <editdetail attribution="Reuters BIP Coding Group" action="confirmed" date="1997-06-23"/>
  </code>
  <code code="GCAT">
    <editdetail attribution="Reuters BIP Coding Group" action="confirmed" date="1997-06-23"/>
  </code>
  <code code="GJOB">
    <editdetail attribution="Reuters BIP Coding Group" action="confirmed" date="1997-06-23"/>
  </code>
</codes>
<dc element="dc.date.created" value="1997-06-23"/>
<dc element="dc.publisher" value="Reuters Holdings Plc"/>
<dc element="dc.date.published" value="1997-06-23"/>
<dc element="dc.source" value="Reuters"/>
<dc element="dc.creator.location" value="CAPE TOWN"/>
<dc element="dc.creator.location.country.name" value="SOUTH AFRICA"/>
<dc element="dc.source" value="Reuters"/>
</metadata>
</newsitem>
