<?xml version="1.0" encoding="iso-8859-1" ?>
<newsitem itemid="679477" id="root" date="1997-06-23" xml:lang="en">
<title>ROMANIA: TEXT OF ROMANIA FOREIGN INVESTMENT DECREE (3 OF 7).</title>
<headline>TEXT OF ROMANIA FOREIGN INVESTMENT DECREE (3 OF 7).</headline>
<text>
<p>(This is an unofficial translation of Romania's government Decree no.31/16.06.1997 on foreign investment. The unofficial translation was provided by Price Waterhouse Romania.</p>
<p>For any querries please contact Price Waterhouse at telephone +40-1 311-2455, fax +40-1 312-3334.)</p>
<p>CHAPTER THREE (of seven)</p>
<p>Legal Status of Foreign Investments Made by the Purchase of Shares Administered by the State Ownership Fund in Companies which Become Private</p>
<p>Art.9 (1) Incentives shall be granted to foreign investments which are based upon share sale and purchase contracts concluded with the State Ownership Fund for a minimum amount of USD 1,000,000 or the equivalent thereof in any other freely convertible currency and/or in lei, if the foreign investor undertakes to satisfy the following conditions:</p>
<p>a. Ensure, as a post-privatization effect, the restructuring, modernisation and turning around of the company the shares of which were subject to the share sale and purchase contract made with the State Ownership Fund, including the reduction of specific material and energy consumption;</p>
<p>b. Ensure the labour safety by using new technologies and training human resources;</p>
<p>c. Contribute to the economic development and increase of the employment rate in the area of operation of the company the shares of which were subject to the share sale and purchase contract made with the State Ownership Fund;</p>
<p>d. Ensure the integration of its production in Romania in a proportion of at least 30 percent, which proportion is established in accordance with the share held by the raw and auxuliary materials, parts and subassembles manufactured in Romania in the total costs of the finished products;</p>
<p>e. Export of at least 40 percent of the value of their annual output;</p>
<p>f. Invest in environmental protection.</p>
<p>(2) The amount of USD 1,000,000 or its equivalent in any other freely convertible currency and/or in lei, provided for in paragraph (1) refers exclusively to the price paid by the foreign investor for the package of the shares purchased from the State Ownership Fund by any of the methods permitted by the law.</p>
<p>Art.10 (1) Companies complying with the provisions of Article 9 hereinabove shall benefit from the following facilities.</p>
<p>a. Payment of a 15 percent tax applicable to profits obtained, for a period of 5 years from the date of execution of the share sale and purchase contract;</p>
<p>b. Exemption from the payment of customs duties and value added tax applicable to equipment, machines, outfits and installations necessary for the modernisation of the production or protection of the environment, for a period of 8 years from the date of execution of the share sale and purchase contact, and a 50 percent reduction thereof fro an additional period of 2 years, for the same class of products;</p>
<p>c. Exemption from the payment of customs duties and any other taxes related to the transfer of know-how made by the foreign investor for the purpose of enhancing the technical, technological, commercial or financial performances of the company the shares of which were subject to the share sale and purchase contract made with the State Ownership Fund;</p>
<p>d. The 50 percent reduction of the customs duties for a four years period from the date of concluding the contract of buying-selling shares with the State Ownership Fund, for raw materials, materials for production, consumables, spare parts and/or imported components necessary to carry out the own production, whose equivalent value is paid from their own sources, attracted or borrowed from abroad.</p>
<p>e. Making available the percentage provided by Article 8 of Law No55 of 1995, regarding the acceleration of the privatisation process, to the privatised company, in the freely convertible currency in which the shares were paid.</p>
<p>(2) the incentives provided in paragraph (1) shall be granted subject to the satisfaction of the classification criteria defined in the respective paragraph, assumed as obligations on the account of the purchaser under the share sale and purchase contract made with the State Ownership Fund, and shall be applicable as of the date of full payment of the purchase shares.</p>
<p>-- Bucharest Newsroom 40-1 3120264</p>
</text>
<copyright>(c) Reuters Limited 1997</copyright>
<metadata>
<codes class="bip:countries:1.0">
  <code code="ROM">
    <editdetail attribution="Reuters BIP Coding Group" action="confirmed" date="1997-06-23"/>
  </code>
</codes>
<codes class="bip:topics:1.0">
  <code code="E12">
    <editdetail attribution="Reuters BIP Coding Group" action="confirmed" date="1997-06-23"/>
  </code>
  <code code="E51">
    <editdetail attribution="Reuters BIP Coding Group" action="confirmed" date="1997-06-23"/>
  </code>
  <code code="ECAT">
    <editdetail attribution="Reuters BIP Coding Group" action="confirmed" date="1997-06-23"/>
  </code>
</codes>
<dc element="dc.publisher" value="Reuters Holdings Plc"/>
<dc element="dc.date.published" value="1997-06-23"/>
<dc element="dc.source" value="Reuters"/>
<dc element="dc.creator.location.country.name" value="ROMANIA"/>
<dc element="dc.source" value="Reuters"/>
</metadata>
</newsitem>
