<?xml version="1.0" encoding="iso-8859-1" ?>
<newsitem itemid="679403" id="root" date="1997-06-23" xml:lang="en">
<title>SOUTH AFRICA: RUGBY UNION-REDMAN LEADS LIONS AGAINST FREE STATE.</title>
<headline>RUGBY UNION-REDMAN LEADS LIONS AGAINST FREE STATE.</headline>
<byline>Mark Stokes</byline>
<dateline>DURBAN, South Africa 1997-06-23</dateline>
<text>
<p>Veteran England lock Nigel Redman will captain the British Lions against Free State on Tuesday in a match which is anything but a second team outing.</p>
<p>The management have insisted that, in spite of the 25-16 win over the Springboks at Newlands, the fringe players can still advance their claims for the second test against South Africa in Durban on Saturday.</p>
<p>Redman, who only arrived as a  replacement for the injured Scot Doddie Weir, will lock the scrum with fellow-Englishman Simon Shaw in a game which he describes as &quot;the biggest challenge&quot; of the tour to date.</p>
<p>&quot;The whole tour has been a huge challenge but to go up to Bloemfontein and play at altitude -- all in a day -- makes the Free State match the biggest challenge so far,&quot; Redman said on Monday.</p>
<p>&quot;Just to be selected for the Lions was beyond belief. This honour (captaining the Lions) just makes this tour get even better, although it's important that we win tomorrow's game.&quot;</p>
<p>Lions' manager Fran Cotton put it even more strongly.</p>
<p>&quot;Free State are arguably the best team in South Africa at the moment,&quot; he said. &quot;They are a very tough provincial team and it will be a hell of a game.&quot;</p>
<p>The British Lions selectors have given Redman's men every incentive to play well in Bloemfontein.</p>
<p>&quot;We've told the players we're not picking the test side for Durban until Wednesday morning -- after the Free State game -- and we're continually looking for improvements,&quot; said Cotton.</p>
<p>Coach Ian McGeechan also stressed that selection options remained open.</p>
<p>&quot;We've always said we're prepared to keep looking if the players are playing well. You get the odd injury and we're always looking tactically at what we are doing,&quot; he said.</p>
<p>&quot;All those sorts of things can lead to some change of emphasis and in personnel -- and that hasn't changed.</p>
<p>&quot;That's been the case in every game that we've played so far and that will be the same tomorrow.&quot;</p>
<p>McGeechan said that both flyhalf Gregor Townsend (bruised rib cartilage) and prop Tom Smith (dead leg) would be fully fit for selection for the Durban test within a couple of days.</p>
<p>The Lions' decision to take only a squad of 21 to Bloemfontein on a day trip from Durban merely echoes the pattern of the All Blacks last year.</p>
<p>&quot;It's one of the facts of modern professional rugby life,&quot; said Cotton.</p>
<p>&quot;With the tests on three successive Saturdays you can't afford to spend time in these places. When all is said and done, you are remembered for your test results.&quot;</p>
<p>The rest of the tour party will remain in Durban to continue preparations for Saturday's test at King's Park and will watch the Bloemfontein game on television.</p>
<p>British Lions: 15-Tim Stimpson; 14-John Bentley, 13-Allan Bateman, 12-Will Greenwood, 11-Tony Underwood; 10-Mike Catt, 9-Austin Healey; 8-Eric Miller, 7-Neil Back, 6-Rob Wainwright, 5-Simon Shaw, 4-Nigel Redman (captain), 3-David Young, 2-Barry Willias, 1-Graham Rowntree. Replacements: Nick Beal, Neil Jenkins, Kyran Bracken, Mark Regan, Jason Leonard, Tony Diprose.</p>
</text>
<copyright>(c) Reuters Limited 1997</copyright>
<metadata>
<codes class="bip:countries:1.0">
  <code code="SAFR">
    <editdetail attribution="Reuters BIP Coding Group" action="confirmed" date="1997-06-23"/>
  </code>
  <code code="UK">
    <editdetail attribution="Reuters BIP Coding Group" action="confirmed" date="1997-06-23"/>
  </code>
</codes>
<codes class="bip:topics:1.0">
  <code code="GCAT">
    <editdetail attribution="Reuters BIP Coding Group" action="confirmed" date="1997-06-23"/>
  </code>
  <code code="GSPO">
    <editdetail attribution="Reuters BIP Coding Group" action="confirmed" date="1997-06-23"/>
  </code>
</codes>
<dc element="dc.date.created" value="1997-06-23"/>
<dc element="dc.publisher" value="Reuters Holdings Plc"/>
<dc element="dc.date.published" value="1997-06-23"/>
<dc element="dc.source" value="Reuters"/>
<dc element="dc.creator.location" value="DURBAN, South Africa"/>
<dc element="dc.creator.location.country.name" value="SOUTH AFRICA"/>
<dc element="dc.source" value="Reuters"/>
</metadata>
</newsitem>
