<?xml version="1.0" encoding="iso-8859-1" ?>
<newsitem itemid="679455" id="root" date="1997-06-23" xml:lang="en">
<title>GERMANY: SOCCER-BAYERN SIGN FRENCH INTERNATIONAL LIZARAZU.</title>
<headline>SOCCER-BAYERN SIGN FRENCH INTERNATIONAL LIZARAZU.</headline>
<dateline>MUNICH, Germany 1997-06-23</dateline>
<text>
<p>German champions Bayern Munich signed French international defender Bixente Lizarazu on Monday from Spanish club Athletic Bilbao.</p>
<p>Bayern said Lizarazu, 27, had signed a four-year contract. He is expected to slot into the left wing-back position vacated by Christian Ziege, who left Bayern for AC Milan at the end of last season.</p>
<p>Media reports differed on the size of the transfer fee for the 35-times capped player, with estimates ranging from seven million to eleven million marks ($4 million to $6.3 million).</p>
</text>
<copyright>(c) Reuters Limited 1997</copyright>
<metadata>
<codes class="bip:countries:1.0">
  <code code="FRA">
    <editdetail attribution="Reuters BIP Coding Group" action="confirmed" date="1997-06-23"/>
  </code>
  <code code="GFR">
    <editdetail attribution="Reuters BIP Coding Group" action="confirmed" date="1997-06-23"/>
  </code>
  <code code="SPAIN">
    <editdetail attribution="Reuters BIP Coding Group" action="confirmed" date="1997-06-23"/>
  </code>
</codes>
<codes class="bip:topics:1.0">
  <code code="GCAT">
    <editdetail attribution="Reuters BIP Coding Group" action="confirmed" date="1997-06-23"/>
  </code>
  <code code="GSPO">
    <editdetail attribution="Reuters BIP Coding Group" action="confirmed" date="1997-06-23"/>
  </code>
</codes>
<dc element="dc.date.created" value="1997-06-23"/>
<dc element="dc.publisher" value="Reuters Holdings Plc"/>
<dc element="dc.date.published" value="1997-06-23"/>
<dc element="dc.source" value="Reuters"/>
<dc element="dc.creator.location" value="MUNICH, Germany"/>
<dc element="dc.creator.location.country.name" value="GERMANY"/>
<dc element="dc.source" value="Reuters"/>
</metadata>
</newsitem>
