<?xml version="1.0" encoding="iso-8859-1" ?>
<newsitem itemid="679460" id="root" date="1997-06-23" xml:lang="en">
<title>MONACO: TENNIS-LEADING ATP PRIZE-MONEY WINNERS.</title>
<headline>TENNIS-LEADING ATP PRIZE-MONEY WINNERS.</headline>
<dateline>MONACO 1997-06-23</dateline>
<text>
<p>Leading prize-money winners</p>
<p>issued by the ATP Tour on Monday:</p>
<p>  1. Thomas Muster (Austria)	   $857,690</p>
<p>  2. Michael Chang (U.S.)		 855,383</p>
<p>  3. Gustavo Kuerten (Brazil)	   833,021</p>
<p>  4. Alex Corretja (Spain)		811,987</p>
<p>  5. Pete Sampras (U.S.)		  809,107</p>
<p>  6. Marcelo Rios (Chile)		 805,322</p>
<p>  7. Sergi Bruguera (Spain)	     778,718</p>
<p>  8. Goran Ivanisevic (Croatia)	 719,201</p>
<p>  9. Felix Mantilla (Spain)	     628,333</p>
<p> 10. Todd Woodbridge (Australia)	627,595</p>
<p> 11. Andrei Medvedev (Russia)	   619,624</p>
<p> 12. Albert Costa (Spain)		 616,239</p>
<p> 13. Mark Philippoussis (Australia)   555,824</p>
<p> 14. Mark Woodforde (Australia)	 552,939</p>
<p> 15. Yevgeny Kafelnikov (Russia)	552,563</p>
<p> 16. Carlos Moya (Spain)		  531,804</p>
<p> 17. Richard Krajicek (Netherlands)   512,791</p>
<p> 18. Patrick Rafter (Australia)	 502,141</p>
<p> 19. Jonas Bjorkman (Sweden)	    465,163</p>
<p> 20. Paul Haarhuis (Netherlands)	426,488</p>
</text>
<copyright>(c) Reuters Limited 1997</copyright>
<metadata>
<codes class="bip:countries:1.0">
  <code code="AUST">
    <editdetail attribution="Reuters BIP Coding Group" action="confirmed" date="1997-06-23"/>
  </code>
  <code code="FRA">
    <editdetail attribution="Reuters BIP Coding Group" action="confirmed" date="1997-06-23"/>
  </code>
  <code code="MONAC">
    <editdetail attribution="Reuters BIP Coding Group" action="confirmed" date="1997-06-23"/>
  </code>
</codes>
<codes class="bip:topics:1.0">
  <code code="GCAT">
    <editdetail attribution="Reuters BIP Coding Group" action="confirmed" date="1997-06-23"/>
  </code>
  <code code="GSPO">
    <editdetail attribution="Reuters BIP Coding Group" action="confirmed" date="1997-06-23"/>
  </code>
</codes>
<dc element="dc.date.created" value="1997-06-23"/>
<dc element="dc.publisher" value="Reuters Holdings Plc"/>
<dc element="dc.date.published" value="1997-06-23"/>
<dc element="dc.source" value="Reuters"/>
<dc element="dc.creator.location" value="MONACO"/>
<dc element="dc.creator.location.country.name" value="MONACO"/>
<dc element="dc.source" value="Reuters"/>
</metadata>
</newsitem>
