<?xml version="1.0" encoding="iso-8859-1" ?>
<newsitem itemid="679447" id="root" date="1997-06-23" xml:lang="en">
<title>USA: BASEBALL-BRAVES PLACE LOFTON ON DISABLED LIST.</title>
<headline>BASEBALL-BRAVES PLACE LOFTON ON DISABLED LIST.</headline>
<dateline>NEW YORK 1997-06-23</dateline>
<text>
<p>The Atlanta Braves were forced to begin a three-game series against the New York Mets on Monday without two of their best players.</p>
<p>The Braves on Monday placed centre fielder Kenny Lofton on the 15-day disabled list with a strained left groin after learning that third baseman Chipper Jones was day-to-day with a slightly sprained left knee.</p>
<p>Lofton, currently sixth in the National League in batting, was injured last Wednesday while running out a single in a 5-3 loss at Toronto. The 30-year-old speedster is hitting .344 in his first season in the NL with three homers, 33 RBI and 19 stolen bases in 67 games.</p>
<p>Jones was injured Sunday in an infield collision at Philadelphia. He was as diognosed as having a slightly sprained knee with no structural damage.</p>
<p>That came as a huge relief as Jones missed the entire 1994 season with a torn anterior cruciate ligament in his left knee.</p>
<p>Jones went 4-for-5 with a home run and three RBI in Atlanta's 12-5 win over the Phillies Sunday, but he had to be helped off the field after colliding with first baseman Mike Mordecai while running under an infield popup in the eighth inning.</p>
<p>The switch-hitting Jones batted .309 with 30 homers and a team-leading 110 RBI last season. He is hitting .295 with 10 homers and 53 RBI this year.</p>
<p>To fill his Lofton's roster spot, the Braves recalled outfielder Danny Bautista from Triple-A Richmond, where he was batting .282 with two homers and 28 RBI in 46 games.</p>
</text>
<copyright>(c) Reuters Limited 1997</copyright>
<metadata>
<codes class="bip:countries:1.0">
  <code code="USA">
    <editdetail attribution="Reuters BIP Coding Group" action="confirmed" date="1997-06-23"/>
  </code>
</codes>
<codes class="bip:topics:1.0">
  <code code="GCAT">
    <editdetail attribution="Reuters BIP Coding Group" action="confirmed" date="1997-06-23"/>
  </code>
  <code code="GSPO">
    <editdetail attribution="Reuters BIP Coding Group" action="confirmed" date="1997-06-23"/>
  </code>
</codes>
<dc element="dc.date.created" value="1997-06-23"/>
<dc element="dc.publisher" value="Reuters Holdings Plc"/>
<dc element="dc.date.published" value="1997-06-23"/>
<dc element="dc.source" value="Reuters"/>
<dc element="dc.creator.location" value="NEW YORK"/>
<dc element="dc.creator.location.country.name" value="USA"/>
<dc element="dc.source" value="Reuters"/>
</metadata>
</newsitem>
