<?xml version="1.0" encoding="iso-8859-1" ?>
<newsitem itemid="679450" id="root" date="1997-06-23" xml:lang="en">
<title>USA: BASEBALL-STANDINGS AFTER SUNDAY'S MAJOR LEAGUE GAMES.</title>
<headline>BASEBALL-STANDINGS AFTER SUNDAY'S MAJOR LEAGUE GAMES.</headline>
<dateline>NEW YORK 1997-06-22</dateline>
<text>
<p>Major League Baseball</p>
<p>standings after games on Sunday (tabulate under wins, losses,</p>
<p>winning percentage and games behind first):</p>
<p>		   AMERICAN LEAGUE</p>
<p>		   EAST DIVISION</p>
<p>			 W    L   PCT  GB</p>
<p> BALTIMORE	  48   22  .686   -</p>
<p> NY YANKEES	 40   32  .556   9</p>
<p> TORONTO	    33   36  .478  14 1/2</p>
<p> DETROIT	    32   38  .457  16</p>
<p> BOSTON	     32   40  .444  17</p>
<p>		   CENTRAL DIVISION</p>
<p>			 W    L   PCT  GB</p>
<p> CLEVELAND	  37   32  .536   -</p>
<p> MILWAUKEE	  34   35  .493   3</p>
<p> KANSAS CITY	34   35  .493   3</p>
<p> CHI WHITE SOX    34   37  .479   4</p>
<p> MINNESOTA	  33   39  .458   5 1/2</p>
<p>		   WEST DIVISION</p>
<p>			 W    L   PCT  GB</p>
<p> SEATTLE	    42   31  .575   -</p>
<p> ANAHEIM	    38   34  .528   3 1/2</p>
<p> TEXAS		36   35  .507   5</p>
<p> OAKLAND	    30   45  .400  13</p>
<p>MONDAY, JUNE 23 SCHEDULE</p>
<p>MINNESOTA AT CLEVELAND	 </p>
<p>NY YANKEES AT DETROIT	  </p>
<p>BOSTON AT TORONTO		</p>
<p>KANSAS CITY AT CHI WHITE SOX </p>
<p>BALTIMORE AT MILWAUKEE	 </p>
<p>ANAHEIM AT TEXAS		 </p>
<p>OAKLAND AT SEATTLE	     </p>
<p>		   NATIONAL LEAGUE</p>
<p>		   EAST DIVISION</p>
<p>			 W    L   PCT  GB</p>
<p> ATLANTA	    47   26  .644   -</p>
<p> FLORIDA	    43   29  .597   3 1/2</p>
<p> MONTREAL	   41   31  .569   5 1/2</p>
<p> NY METS	    41   32  .562   6</p>
<p> PHILADELPHIA     22   49  .310  24</p>
<p>		   CENTRAL DIVISION</p>
<p>			 W    L   PCT  GB</p>
<p> HOUSTON	    37   37  .500   -</p>
<p> ST LOUIS	   33   39  .458   3</p>
<p> PITTSBURGH	 33   40  .452   3 1/2</p>
<p> CINCINNATI	 30   42  .417   6</p>
<p> CHICAGO CUBS     28   45  .384   8 1/2</p>
<p>		   WEST DIVISION</p>
<p>			 W    L   PCT  GB</p>
<p> SAN FRANCISCO    42   31  .575   -</p>
<p> COLORADO	   39   35  .527   3 1/2</p>
<p> LOS ANGELES	36   37  .493   6</p>
<p> SAN DIEGO	  31   42  .425  11</p>
<p>MONDAY, JUNE 23 SCHEDULE</p>
<p>CINCINNATI AT MONTREAL	 </p>
<p>FLORIDA AT PHILADELPHIA	</p>
<p>ATLANTA AT NY METS	     </p>
<p>PITTSBURGH AT HOUSTON	  </p>
<p>CHICAGO CUBS AT ST LOUIS     </p>
<p>COLORADO AT LOS ANGELES	</p>
<p>SAN DIEGO AT SAN FRANCISCO</p>
</text>
<copyright>(c) Reuters Limited 1997</copyright>
<metadata>
<codes class="bip:countries:1.0">
  <code code="USA">
    <editdetail attribution="Reuters BIP Coding Group" action="confirmed" date="1997-06-23"/>
  </code>
</codes>
<codes class="bip:topics:1.0">
  <code code="GCAT">
    <editdetail attribution="Reuters BIP Coding Group" action="confirmed" date="1997-06-23"/>
  </code>
  <code code="GSPO">
    <editdetail attribution="Reuters BIP Coding Group" action="confirmed" date="1997-06-23"/>
  </code>
</codes>
<dc element="dc.date.created" value="1997-06-22"/>
<dc element="dc.publisher" value="Reuters Holdings Plc"/>
<dc element="dc.date.published" value="1997-06-23"/>
<dc element="dc.source" value="Reuters"/>
<dc element="dc.creator.location" value="NEW YORK"/>
<dc element="dc.creator.location.country.name" value="USA"/>
<dc element="dc.source" value="Reuters"/>
</metadata>
</newsitem>
