<?xml version="1.0" encoding="iso-8859-1" ?>
<newsitem itemid="679520" id="root" date="1997-06-23" xml:lang="en">
<title>GREECE: PRESS DIGEST - GREEK FINANCIAL NEWS- JUNE 23.</title>
<headline>PRESS DIGEST - GREEK FINANCIAL NEWS- JUNE 23.</headline>
<dateline>ATHENS 1997-06-23</dateline>
<text>
<p>Leading stories in the Greek financial press:</p>
<p>KATHIMERINI (Sunday)</p>
<p>--Deputy Finance Minister George Drys will submit the government's new bill on fines for tax offenders in Parliament on Monday. Among the new provisions in the bill are the writing off of almost half outstanding debts to the state, more favourable terms for settlement of debts and stricter provisions for the non-payment of Value Added Tax.</p>
<p>--The second public share from Greek telecoms organisation OTE has not brought the expected improvement in climate on the Athens Stock Exchange despsite its massive success. In fact, the bourse came under intense selling pressure last week from middle-range private and foreign institutional investors with shares in OTE, banks and blue chips.</p>
<p>VIMA (Sunday)</p>
<p>--The government is preparing to reveal its new development strategy, developed by a special national economy ministry committee. The new plans include replacing free subsidies with subsidised interest rates and tax relief, changes to subsidy percentages for farming zones and special incentives for certain investments involving advanced technology or environmental protections.</p>
<p>--The foodstuffs sector has once again proved itself the leader in Greek industry with the 120 firms posting profits of over 100 million drachmas each.</p>
<p>ISOTIMIA</p>
<p>--National Bank of Greece will lead the way for other Greek banks in forex lending worth one trillion drachmas to the state and public enterprises and organisations. --Maria Petrakis, Athens Newsroom +301 3311812-4</p>
</text>
<copyright>(c) Reuters Limited 1997</copyright>
<metadata>
<codes class="bip:countries:1.0">
  <code code="GREECE">
    <editdetail attribution="Reuters BIP Coding Group" action="confirmed" date="1997-06-23"/>
  </code>
</codes>
<codes class="bip:topics:1.0">
  <code code="GCAT">
    <editdetail attribution="Reuters BIP Coding Group" action="confirmed" date="1997-06-23"/>
  </code>
</codes>
<dc element="dc.date.created" value="1997-06-23"/>
<dc element="dc.publisher" value="Reuters Holdings Plc"/>
<dc element="dc.date.published" value="1997-06-23"/>
<dc element="dc.source" value="Reuters"/>
<dc element="dc.creator.location" value="ATHENS"/>
<dc element="dc.creator.location.country.name" value="GREECE"/>
<dc element="dc.source" value="Reuters"/>
</metadata>
</newsitem>
