<?xml version="1.0" encoding="iso-8859-1" ?>
<newsitem itemid="679555" id="root" date="1997-06-23" xml:lang="en">
<title>UK: NWE straight-run fuel offers rise on back of crude.</title>
<headline>NWE straight-run fuel offers rise on back of crude.</headline>
<dateline>LONDON 1997-06-23</dateline>
<text>
<p>European low sulphur straight-run began the week stronger on the back of crude's gains with more sellers on the market asking higher numbers for July barrels, traders said.</p>
<p>A major sold a small parcel of 0.4 pct max material late on Friday at a steady $104 fob. The 8,000-tonne cargo was sold out of Scandinavia and was bought by a local.</p>
<p>For 0.5 to 0.7 pct straight-run sellers were a little more active on the market, all asking three figures in line with gains made by crude futures.</p>
<p>A refiner was offering its mid-July material at $102 fob -- or $1 up on Friday -- and a second seller, a Scandinavian refiner, said it would only accept bids above $100 fob for its July barrels from Gottenburg.</p>
<p>A third seller said he was looking for about $101 for his July low sulphur straight-run, adding that a potential buyer, a major, was still mulling its position but may do a deal later this week.</p>
<p>Buyers were at $98/$99 and some interest was coming in from some three U.S. players.</p>
<p>&quot;Outright prices are up on the back of crude,&quot; one trader said. Others seconded this view.</p>
<p>Russian high sulphur straight-run was on offer at steady prices but buying interest was said to be thin.</p>
<p>Traders said some E-4 and M-40 straight-run cargoes were on offer at three means plus $3.5/$5 and three means plus $5 respectively and three M-100 cargoes at two means plus $1.50/ $2.</p>
<p>--Haitham Haddadin, London newsroom, +44 171 542 8145</p>
</text>
<copyright>(c) Reuters Limited 1997</copyright>
<metadata>
<codes class="bip:countries:1.0">
  <code code="UK">
    <editdetail attribution="Reuters BIP Coding Group" action="confirmed" date="1997-06-23"/>
  </code>
</codes>
<codes class="bip:topics:1.0">
  <code code="M14">
    <editdetail attribution="Reuters BIP Coding Group" action="confirmed" date="1997-06-23"/>
  </code>
  <code code="M143">
    <editdetail attribution="Reuters BIP Coding Group" action="confirmed" date="1997-06-23"/>
  </code>
  <code code="MCAT">
    <editdetail attribution="Reuters BIP Coding Group" action="confirmed" date="1997-06-23"/>
  </code>
</codes>
<dc element="dc.date.created" value="1997-06-23"/>
<dc element="dc.publisher" value="Reuters Holdings Plc"/>
<dc element="dc.date.published" value="1997-06-23"/>
<dc element="dc.source" value="Reuters"/>
<dc element="dc.creator.location" value="LONDON"/>
<dc element="dc.creator.location.country.name" value="UK"/>
<dc element="dc.source" value="Reuters"/>
</metadata>
</newsitem>
