<?xml version="1.0" encoding="iso-8859-1" ?>
<newsitem itemid="679578" id="root" date="1997-06-23" xml:lang="en">
<title>UK: LIFFE cocoa follows New York higher in PM.</title>
<headline>LIFFE cocoa follows New York higher in PM.</headline>
<dateline>LONDON 1997-06-23</dateline>
<text>
<p>LIFFE cocoa ended higher after a New York-inspired jump in afternoon trade, traders said.</p>
<p>But the strength of sterling against the US dollar meant that the rise in London was held back, they said.</p>
<p>September, the most active contract last traded 20 stg higher at 1,131 stg, having reached a high of 1,135 stg. September volume was 4,300 of a total 11,024 lots.</p>
<p>Conversely, sterling's strength has helped New York to rise.</p>
<p>&quot;New York is now steaming higher. London is following suit,&quot; one trader said. The main impetus behind the rise came from relief that Friday's Commitments of Traders report was not as bearish as some had feared, he said. There was no new fundamental news.</p>
<p>&quot;Fundamentally it's all rather confused,&quot; the trader said.</p>
<p>--Christopher Lyddon, London newsroom +44 171 542 7928</p>
</text>
<copyright>(c) Reuters Limited 1997</copyright>
<metadata>
<codes class="bip:countries:1.0">
  <code code="UK">
    <editdetail attribution="Reuters BIP Coding Group" action="confirmed" date="1997-06-23"/>
  </code>
</codes>
<codes class="bip:topics:1.0">
  <code code="M14">
    <editdetail attribution="Reuters BIP Coding Group" action="confirmed" date="1997-06-23"/>
  </code>
  <code code="M141">
    <editdetail attribution="Reuters BIP Coding Group" action="confirmed" date="1997-06-23"/>
  </code>
  <code code="MCAT">
    <editdetail attribution="Reuters BIP Coding Group" action="confirmed" date="1997-06-23"/>
  </code>
</codes>
<dc element="dc.date.created" value="1997-06-23"/>
<dc element="dc.publisher" value="Reuters Holdings Plc"/>
<dc element="dc.date.published" value="1997-06-23"/>
<dc element="dc.source" value="Reuters"/>
<dc element="dc.creator.location" value="LONDON"/>
<dc element="dc.creator.location.country.name" value="UK"/>
<dc element="dc.source" value="Reuters"/>
</metadata>
</newsitem>
