<?xml version="1.0" encoding="iso-8859-1" ?>
<newsitem itemid="679599" id="root" date="1997-06-23" xml:lang="en">
<title>UK: Mirror resigns from UK NPA publishers'group.</title>
<headline>Mirror resigns from UK NPA publishers'group.</headline>
<dateline>LONDON 1997-06-23</dateline>
<text>
<p>The Mirror Group Plc said on Monday it had &quot;reluctantly&quot; reached a decision to resign its membership of the Newspaper Publishers Association (NPA) with immediate effect.</p>
<p>The company said it had found the NPA unsupportive of its aims both individually and collectively for the industry.  </p>
<p>&quot;We do not wish to be a member of a club where other members unproductively spend their time stabbing each other in the back,&quot; said chief executive David Montgomery in a statement.</p>
<p>The company said its decision to resign from the NPA should not be seen as any reflection on the NPA's chairman, deputy chairman, director or staff.</p>
<p>-- London Newsroom +44 171 542 7987</p>
</text>
<copyright>(c) Reuters Limited 1997</copyright>
<metadata>
<codes class="bip:countries:1.0">
  <code code="UK">
    <editdetail attribution="Reuters BIP Coding Group" action="confirmed" date="1997-06-23"/>
  </code>
</codes>
<codes class="bip:industries:1.0">
  <code code="I47510">
    <editdetail attribution="Reuters BIP Coding Group" action="confirmed" date="1997-06-23"/>
  </code>
</codes>
<codes class="bip:topics:1.0">
  <code code="C11">
    <editdetail attribution="Reuters BIP Coding Group" action="confirmed" date="1997-06-23"/>
  </code>
  <code code="C13">
    <editdetail attribution="Reuters BIP Coding Group" action="confirmed" date="1997-06-23"/>
  </code>
  <code code="CCAT">
    <editdetail attribution="Reuters BIP Coding Group" action="confirmed" date="1997-06-23"/>
  </code>
</codes>
<dc element="dc.date.created" value="1997-06-23"/>
<dc element="dc.publisher" value="Reuters Holdings Plc"/>
<dc element="dc.date.published" value="1997-06-23"/>
<dc element="dc.source" value="Reuters"/>
<dc element="dc.creator.location" value="LONDON"/>
<dc element="dc.creator.location.country.name" value="UK"/>
<dc element="dc.source" value="Reuters"/>
</metadata>
</newsitem>
