<?xml version="1.0" encoding="iso-8859-1" ?>
<newsitem itemid="679538" id="root" date="1997-06-23" xml:lang="en">
<title>UK: UK rail watchdog to act over inquiry lines -paper.</title>
<headline>UK rail watchdog to act over inquiry lines -paper.</headline>
<dateline>LONDON 1996-06-24</dateline>
<text>
<p>Britain's recently privatised train operating companies could face draconian fines for failing to provide an adequate national rail inquiry service, the Guardian newspaper said on Tuesday.</p>
<p>The paper said rail regulator John Swift is to issue an ultimatum to the industry warning it to improve its telephone inquiry service within two weeks or face fines of several million pounds.</p>
<p>It said such action would hit the share prices of companies such as Stagecoach Holdings Plc, Sea Containers Ltd and National Express Group Plc. The paper said rail customers had complained about the deteriorating service on information lines.</p>
<p>Under the watchdog's guidelines, the inquiry service -- which gives passengers details of train times and connections -- is supposed to answer 90 percent of all calls and 95 percent of these within 30 seconds, it said.</p>
<p>But the firms are falling short of these targets and the situation is worsening, although not all have failed to provide a proper service, the paper added.</p>
<p>Penalties would be imposed on the Association of Train Operating Companies, which represents 25 firms.</p>
</text>
<copyright>(c) Reuters Limited 1997</copyright>
<metadata>
<codes class="bip:countries:1.0">
  <code code="UK">
    <editdetail attribution="Reuters BIP Coding Group" action="confirmed" date="1997-06-23"/>
  </code>
</codes>
<codes class="bip:industries:1.0">
  <code code="I71000">
    <editdetail attribution="Reuters BIP Coding Group" action="confirmed" date="1997-06-23"/>
  </code>
  <code code="I72102">
    <editdetail attribution="Reuters BIP Coding Group" action="confirmed" date="1997-06-23"/>
  </code>
  <code code="I74000">
    <editdetail attribution="Reuters BIP Coding Group" action="confirmed" date="1997-06-23"/>
  </code>
</codes>
<codes class="bip:topics:1.0">
  <code code="C13">
    <editdetail attribution="Reuters BIP Coding Group" action="confirmed" date="1997-06-23"/>
  </code>
  <code code="C21">
    <editdetail attribution="Reuters BIP Coding Group" action="confirmed" date="1997-06-23"/>
  </code>
  <code code="CCAT">
    <editdetail attribution="Reuters BIP Coding Group" action="confirmed" date="1997-06-23"/>
  </code>
</codes>
<dc element="dc.date.created" value="1996-06-24"/>
<dc element="dc.publisher" value="Reuters Holdings Plc"/>
<dc element="dc.date.published" value="1997-06-23"/>
<dc element="dc.source" value="Reuters"/>
<dc element="dc.creator.location" value="LONDON"/>
<dc element="dc.creator.location.country.name" value="UK"/>
<dc element="dc.source" value="Reuters"/>
</metadata>
</newsitem>
