<?xml version="1.0" encoding="iso-8859-1" ?>
<newsitem itemid="679576" id="root" date="1997-06-23" xml:lang="en">
<title>UK: Compass sets 220 mln stg convertible bond.</title>
<headline>Compass sets 220 mln stg convertible bond.</headline>
<dateline>LONDON 1997-06-23</dateline>
<text>
<p>Compass Group Plc has launched a 220 million stg convertible bond due October 2007, NatWest Markets said on Monday.  </p>
<p>HSBC is joint lead manager of the transaction.</p>
<p>The deal has an indicated semi-annual coupon of 5.75-6.0 percent and a conversion premium of 19-22 percent.</p>
<p>The issue price is par and there is an option to increase the principal amount by 30 million stg.</p>
<p>Fees total 2.5 percent and the pay date is July 29, 1997. There is a short first coupon on October 5, 1997.</p>
<p>The bonds are listed in London and negative pledge and cross default apply.</p>
<p>There is no call until October 28, 2002.</p>
<p>-- London Newsroom +44 171 542 7718</p>
</text>
<copyright>(c) Reuters Limited 1997</copyright>
<metadata>
<codes class="bip:countries:1.0">
  <code code="UK">
    <editdetail attribution="Reuters BIP Coding Group" action="confirmed" date="1997-06-23"/>
  </code>
</codes>
<codes class="bip:industries:1.0">
  <code code="I66100">
    <editdetail attribution="Reuters BIP Coding Group" action="confirmed" date="1997-06-23"/>
  </code>
</codes>
<codes class="bip:topics:1.0">
  <code code="C17">
    <editdetail attribution="Reuters BIP Coding Group" action="confirmed" date="1997-06-23"/>
  </code>
  <code code="C172">
    <editdetail attribution="Reuters BIP Coding Group" action="confirmed" date="1997-06-23"/>
  </code>
  <code code="CCAT">
    <editdetail attribution="Reuters BIP Coding Group" action="confirmed" date="1997-06-23"/>
  </code>
</codes>
<dc element="dc.date.created" value="1997-06-23"/>
<dc element="dc.publisher" value="Reuters Holdings Plc"/>
<dc element="dc.date.published" value="1997-06-23"/>
<dc element="dc.source" value="Reuters"/>
<dc element="dc.creator.location" value="LONDON"/>
<dc element="dc.creator.location.country.name" value="UK"/>
<dc element="dc.source" value="Reuters"/>
</metadata>
</newsitem>
