<?xml version="1.0" encoding="iso-8859-1" ?>
<newsitem itemid="679586" id="root" date="1997-06-23" xml:lang="en">
<title>UK: GDR REPORT-India shares slip in quiet trade.</title>
<headline>GDR REPORT-India shares slip in quiet trade.</headline>
<dateline>LONDON 1997-06-23</dateline>
<text>
<p>Indian global depositary receipts finished another slow day easier on Monday, amid few fresh factors and mild profit-taking, dealers said.</p>
<p>They said the falls were on the back of low volumes and expected support to appear on any further declines.</p>
<p>A trader said volumes were limited to market makers as investors showed little interest.</p>
<p>&quot;The volumes have been pretty low but if prices come down much more the buyers will be in again,&quot; a trader said.</p>
<p>The HSBC James Capel Indian GDR index  JCEAI closed 1.22 points lower at 87.91, or 1.37 percent, with the premium over the local market at 25.69 percent from 27.87 percent.</p>
<p>Bombay's benchmark index rose 6.16 points to 4.089.20.</p>
<p>Reliance attracted some profit taking following recent gains, shedding $1.05 to $22/23. State Bank of India fell 90 cents to $25/26.</p>
<p>The HSBC James Capel Korea GDR Index closed down 1.39 points, or 1.78 percent, at 76.76 points, a premium of 43.08 percent over the local market.</p>
<p>The Capel Taiwan GDR Index finished 2.78 points firmer, a rise of 2.22 percent, at 128.30, representing a discount to the local market of 2.90 percent.</p>
<p>-- Andrew Gill, London newsroom 44 171 542 5887</p>
</text>
<copyright>(c) Reuters Limited 1997</copyright>
<metadata>
<codes class="bip:countries:1.0">
  <code code="INDIA">
    <editdetail attribution="Reuters BIP Coding Group" action="confirmed" date="1997-06-23"/>
  </code>
  <code code="UK">
    <editdetail attribution="Reuters BIP Coding Group" action="confirmed" date="1997-06-23"/>
  </code>
</codes>
<codes class="bip:topics:1.0">
  <code code="M11">
    <editdetail attribution="Reuters BIP Coding Group" action="confirmed" date="1997-06-23"/>
  </code>
  <code code="MCAT">
    <editdetail attribution="Reuters BIP Coding Group" action="confirmed" date="1997-06-23"/>
  </code>
</codes>
<dc element="dc.date.created" value="1997-06-23"/>
<dc element="dc.publisher" value="Reuters Holdings Plc"/>
<dc element="dc.date.published" value="1997-06-23"/>
<dc element="dc.source" value="Reuters"/>
<dc element="dc.creator.location" value="LONDON"/>
<dc element="dc.creator.location.country.name" value="UK"/>
<dc element="dc.source" value="Reuters"/>
</metadata>
</newsitem>
