<?xml version="1.0" encoding="iso-8859-1" ?>
<newsitem itemid="679537" id="root" date="1997-06-23" xml:lang="en">
<title>UK: Top UK soccer clubs mull own TV service -FT.</title>
<headline>Top UK soccer clubs mull own TV service -FT.</headline>
<dateline>LONDON 1997-06-23</dateline>
<text>
<p>England's top soccer clubs have been advised to set up their own television service when a deal with satellite broadcaster BSkyB expires in 2001, the Financial Times said on Tuesday.</p>
<p>The newspaper said an interim report to the Premier League clubs calculated top soccer will be worth 1.3 billion pounds ($2.2 billion) to BSkyB over the next four years, twice the 670 million pounds it is paying to show live Premiership football over this period.</p>
<p>If the league is to benefit fully from its popularity it should consider setting up a dedicated Premier League pay-TV service in 2001 and receive all the revenues generated by coverage of matches, instead of sharing them with BSkyB.</p>
<p>	   ($ = 0.604 British Pounds)</p>
</text>
<copyright>(c) Reuters Limited 1997</copyright>
<metadata>
<codes class="bip:countries:1.0">
  <code code="UK">
    <editdetail attribution="Reuters BIP Coding Group" action="confirmed" date="1997-06-23"/>
  </code>
</codes>
<codes class="bip:industries:1.0">
  <code code="I9741102">
    <editdetail attribution="Reuters BIP Coding Group" action="confirmed" date="1997-06-23"/>
  </code>
  <code code="I9741110">
    <editdetail attribution="Reuters BIP Coding Group" action="confirmed" date="1997-06-23"/>
  </code>
  <code code="I97911">
    <editdetail attribution="Reuters BIP Coding Group" action="confirmed" date="1997-06-23"/>
  </code>
</codes>
<codes class="bip:topics:1.0">
  <code code="C11">
    <editdetail attribution="Reuters BIP Coding Group" action="confirmed" date="1997-06-23"/>
  </code>
  <code code="C33">
    <editdetail attribution="Reuters BIP Coding Group" action="confirmed" date="1997-06-23"/>
  </code>
  <code code="CCAT">
    <editdetail attribution="Reuters BIP Coding Group" action="confirmed" date="1997-06-23"/>
  </code>
</codes>
<dc element="dc.date.created" value="1997-06-23"/>
<dc element="dc.publisher" value="Reuters Holdings Plc"/>
<dc element="dc.date.published" value="1997-06-23"/>
<dc element="dc.source" value="Reuters"/>
<dc element="dc.creator.location" value="LONDON"/>
<dc element="dc.creator.location.country.name" value="UK"/>
<dc element="dc.source" value="Reuters"/>
</metadata>
</newsitem>
