<?xml version="1.0" encoding="iso-8859-1" ?>
<newsitem itemid="679591" id="root" date="1997-06-23" xml:lang="en">
<title>UK: HK stocks in London steady in featureless trade.</title>
<headline>HK stocks in London steady in featureless trade.</headline>
<dateline>LONDON 1997-06-23</dateline>
<text>
<p>Hong Kong stocks in London were mostly unchanged on Monday as investors paused for breath following a volatile Hong Kong session earlier in the day, dealers said.</p>
<p>The Hong Kong London Reference index eased 2.19 points to close at 15,019.04. In Hong Kong, the Hang Seng index fell 133.13 to finish at 15,021.23, having earlier risen 167 points to a new all-time high of 15,322.</p>
<p>Dealers said investors had little incentive to open fresh positions in London with no key economic data expected from the U.S. this week.</p>
<p>&quot;I think we will see the London market remain around current levels for the next couple of days and then maybe see a small rally at the end of the week as the handover (to China) approaches,&quot; said one dealer.</p>
<p>-- Andrew Langlands, London Newsroom +44 171 542 3496</p>
</text>
<copyright>(c) Reuters Limited 1997</copyright>
<metadata>
<codes class="bip:countries:1.0">
  <code code="HKONG">
    <editdetail attribution="Reuters BIP Coding Group" action="confirmed" date="1997-06-23"/>
  </code>
  <code code="UK">
    <editdetail attribution="Reuters BIP Coding Group" action="confirmed" date="1997-06-23"/>
  </code>
</codes>
<codes class="bip:topics:1.0">
  <code code="M11">
    <editdetail attribution="Reuters BIP Coding Group" action="confirmed" date="1997-06-23"/>
  </code>
  <code code="MCAT">
    <editdetail attribution="Reuters BIP Coding Group" action="confirmed" date="1997-06-23"/>
  </code>
</codes>
<dc element="dc.date.created" value="1997-06-23"/>
<dc element="dc.publisher" value="Reuters Holdings Plc"/>
<dc element="dc.date.published" value="1997-06-23"/>
<dc element="dc.source" value="Reuters"/>
<dc element="dc.creator.location" value="LONDON"/>
<dc element="dc.creator.location.country.name" value="UK"/>
<dc element="dc.source" value="Reuters"/>
</metadata>
</newsitem>
