<?xml version="1.0" encoding="iso-8859-1" ?>
<newsitem itemid="679590" id="root" date="1997-06-23" xml:lang="en">
<title>UK: Britain tells Sinn Fein to deliver IRA ceasefire.</title>
<headline>Britain tells Sinn Fein to deliver IRA ceasefire.</headline>
<byline>Martin Cowley</byline>
<dateline>BELFAST 1997-06-23</dateline>
<text>
<p>Britain told Sinn Fein on Monday to stop lecturing about disarmament and step up efforts to deliver an IRA ceasefire.</p>
<p>In a further sign of mounting pressure on the Irish Republican Army to end violence, Northern Ireland Secretary Mo Mowlam dismissed protests from its political arm Sinn Fein that the province's peace process is being stymied by demands for scrapping arms.</p>
<p>&quot;I think Sinn Fein ought to be concentrating on giving me an unequivocal ceasefire before they tell me what else I should be doing,&quot; she told reporters in Londonderry city.</p>
<p>Mowlam, the minister charged with trying to steer Northern Ireland through a potentially explosive summer season of parades by pro-British Protestants, said she was heartened that the first march in Bellaghy on Sunday had gone off peacefully.</p>
<p>She was in Londonderry meeting Catholic objectors to the annual parades, as part of a series of talks with both sides. Police kept the peace in Bellaghy when 500 officers formed a buffer zone to keep rival Protestant and Catholic demonstrators apart.</p>
<p>The IRA's murder of two police patrolmen last week, which was followd by two suspected Protestant bomb attacks on Catholics has darkened hopes of political progress.</p>
<p>The killings also increased fears of sectarian violence during the usually volatile marching season.</p>
<p>&quot;I thought Bellaghy was a common sense decision by both sides...I thought Bellaghy was a good omen, because it has not been easy there,&quot; Mowlam said.</p>
<p>Her call for an IRA ceasefire, adding fuel to Anglo-Irish and U.S. demands, came on the eve of an attempt by London and Dublin to break the deadlock over arms decommissioning.</p>
<p>British Prime Minister Tony Blair, who severed low-level contacts with Sinn Fein last week after the IRA killings, is expected to make a parliamentary statement on Wednesday about terms for Sinn Fein entry to talks, based on an end to violence.</p>
<p>On Tuesday government representatives are expected to present a joint British-Irish paper at round-table talks in Belfast to get around the impasse about how decommissioning can be achieved if the IRA calls a truce.</p>
<p>Political sources in Belfast say the plan is likely to mirror proposals by the talks chairman, former U.S.senator George Mitchell, for the issue to be tackled alongside negotiations on other political matters.</p>
<p>Mowlam said Britain and Ireland were working very hard to reach an agreement which would be discussed in the talks.</p>
<p>Sinn Fein is barred from the multi-party discussions because the IRA refuses to restore a truce it broke in February 1996.</p>
<p>Earlier Martin McGuinness, chief negotiator for Sinn Fein, said the disarmament issue remained a major stumbling block in peace efforts.</p>
<p>He said Sinn Fein wanted an end to violence in the province and the start of real peace negotiations.</p>
<p>&quot;We are working day and night...trying to move the situation forward, and to convince the British government and others that the decommissioning issue which has blocked this process must be removed as an obstacle to forward movement,&quot; he told BBC radio.</p>
<p>Republicans said the IRA will not call a ceasefire if they suspect the negotiations will be turned into a &quot;decommissioning conference&quot;.</p>
<p>Britain said it will not permit Sinn Fein and the IRA to hold the peace process to ransom.</p>
</text>
<copyright>(c) Reuters Limited 1997</copyright>
<metadata>
<codes class="bip:countries:1.0">
  <code code="UK">
    <editdetail attribution="Reuters BIP Coding Group" action="confirmed" date="1997-06-23"/>
  </code>
</codes>
<codes class="bip:topics:1.0">
  <code code="GCAT">
    <editdetail attribution="Reuters BIP Coding Group" action="confirmed" date="1997-06-23"/>
  </code>
  <code code="GPOL">
    <editdetail attribution="Reuters BIP Coding Group" action="confirmed" date="1997-06-23"/>
  </code>
  <code code="GVIO">
    <editdetail attribution="Reuters BIP Coding Group" action="confirmed" date="1997-06-23"/>
  </code>
</codes>
<dc element="dc.date.created" value="1997-06-23"/>
<dc element="dc.publisher" value="Reuters Holdings Plc"/>
<dc element="dc.date.published" value="1997-06-23"/>
<dc element="dc.source" value="Reuters"/>
<dc element="dc.creator.location" value="BELFAST"/>
<dc element="dc.creator.location.country.name" value="UK"/>
<dc element="dc.source" value="Reuters"/>
</metadata>
</newsitem>
