<?xml version="1.0" encoding="iso-8859-1" ?>
<newsitem itemid="679531" id="root" date="1997-06-23" xml:lang="en">
<title>UK: Harvey Nichols raises annual profits. [CORRECTED 17:35 GMT]</title>
<headline>Harvey Nichols raises annual profits. [CORRECTED 17:35 GMT]</headline>
<dateline>LONDON 1997-06-23</dateline>
<text>
<p>Harvey Nichols Group, the London department store, said on Monday it increased annual profits and current sales were ahead of last year.</p>
<p>The store, which is owned by multi-millionaire Hong Kong businessman Dickson Poon, lifted pretax profit for the year to March 29, 1997 to 12.1 million pounds ($20 million) from 9.2 million last time.</p>
<p>Sector analysts had been looking for profits to jump to around 13 million pounds and shares in the company had fallen 7-1/2 pence to 294 pence shortly after the results announcement.</p>
<p>The store said that cumulative sales at its retail stores for the first 10 weeks of the current financial year are up 15 percent on the same period last year. Group sales, including stores and restaurants, are up 25 percent, the company said.</p>
<p>(Corrects to make clear sales rise refers to retail stores only and adds sales figure for group, including restaurants).</p>
<p>The group will be paying a final dividend of 3.9 pence per share making a total for the year of 5.8 pence per share. Poon bought the store for 51 million pounds in October 1991 and floated off 49.9 percent of it just five years later, raising 150 million pounds. Poon is also head of Hong Kong based Dickson Concepts.</p>
<p>($ = 0.604 British Pounds)</p>
</text>
<copyright>(c) Reuters Limited 1997</copyright>
<metadata>
<codes class="bip:countries:1.0">
  <code code="UK">
    <editdetail attribution="Reuters BIP Coding Group" action="confirmed" date="1997-06-23"/>
  </code>
</codes>
<codes class="bip:industries:1.0">
  <code code="I65600">
    <editdetail attribution="Reuters BIP Coding Group" action="confirmed" date="1997-06-23"/>
  </code>
  <code code="I6560002">
    <editdetail attribution="Reuters BIP Coding Group" action="confirmed" date="1997-06-23"/>
  </code>
</codes>
<codes class="bip:topics:1.0">
  <code code="C15">
    <editdetail attribution="Reuters BIP Coding Group" action="confirmed" date="1997-06-23"/>
  </code>
  <code code="C151">
    <editdetail attribution="Reuters BIP Coding Group" action="confirmed" date="1997-06-23"/>
  </code>
  <code code="C1511">
    <editdetail attribution="Reuters BIP Coding Group" action="confirmed" date="1997-06-23"/>
  </code>
  <code code="C31">
    <editdetail attribution="Reuters BIP Coding Group" action="confirmed" date="1997-06-23"/>
  </code>
  <code code="CCAT">
    <editdetail attribution="Reuters BIP Coding Group" action="confirmed" date="1997-06-23"/>
  </code>
</codes>
<dc element="dc.date.created" value="1997-06-23"/>
<dc element="dc.publisher" value="Reuters Holdings Plc"/>
<dc element="dc.date.published" value="1997-06-23"/>
<dc element="dc.source" value="Reuters"/>
<dc element="dc.creator.location" value="LONDON"/>
<dc element="dc.creator.location.country.name" value="UK"/>
<dc element="dc.source" value="Reuters"/>
</metadata>
</newsitem>
