<?xml version="1.0" encoding="iso-8859-1" ?>
<newsitem itemid="679651" id="root" date="1997-06-23" xml:lang="en">
<title>TOGO: West African states back Congo peace force.</title>
<headline>West African states back Congo peace force.</headline>
<byline>Jean-Luc Aplogan</byline>
<dateline>LOME 1997-06-23</dateline>
<text>
<p>Eight West African states pledged at a summit meeting in Lome on Monday to back an international peacekeeping force for Congo, and Togo and Senegal said they would provide troops.</p>
<p>In a declaration, the heads of state and government said their countries would be &quot;available to take part in this peace force under the authority of the UN and the OAU (the Organisation of African Unity)&quot;.</p>
<p>Officials from the eight countries of the West African Economic and Monetary Union (UEMOA) -- Togo, Benin, Burkina Faso, Ivory Coast, Mali, Niger, Guinea-Bissau and Senegal -- said the mission could be put together rapidly.</p>
<p>Supporters of President Pascal Lissouba and his predecessor, Denis Sassou Nguesso, have been fighting each other in Brazzaville since June 5. A truce was called on June 17, but heavy shelling and gunfire was reported on Monday.</p>
<p>UMEOA saluted &quot;the humanitarian action undertaken by France to save human lives&quot; in Congo.</p>
<p>France evacuated almost 6,000 foreign nationals from Congo but declined to leave its soldiers in the capital to act as a buffer force between the warring sides.</p>
<p>The UEMOA leaders also called for a peaceful resolution to the fighting in Bangui, the capital of Central African Republic, where disaffected soldiers have clashed with members of an African peacekeeping force sent in after previous mutinies, and with French troops stationed there under a defence agreement.</p>
<p>In a statement, the heads of state said they &quot;deplored the fresh outbreak of fighting in Central African Republic and in particular the attack against MISAB (the African peace-keeping mission)&quot;.</p>
<p>They also called for a return to &quot;constitutional order&quot; in Sierra Leone, which remains tense after a military coup on May 25.</p>
<p>The leaders found time to discuss economic matters, including further moves towards constructing a free trade area in the sub-region, and the setting-up of a regional bourse, to be situated in Abidjan, the commercial capital of Ivory Coast.</p>
<p>Officials said the project had been delayed by problems to do with computer systems, but they said it would be up and running towards the end of 1997.</p>
</text>
<copyright>(c) Reuters Limited 1997</copyright>
<metadata>
<codes class="bip:countries:1.0">
  <code code="BENIN">
    <editdetail attribution="Reuters BIP Coding Group" action="confirmed" date="1997-06-23"/>
  </code>
  <code code="CAFR">
    <editdetail attribution="Reuters BIP Coding Group" action="confirmed" date="1997-06-23"/>
  </code>
  <code code="CONGO">
    <editdetail attribution="Reuters BIP Coding Group" action="confirmed" date="1997-06-23"/>
  </code>
  <code code="GUBI">
    <editdetail attribution="Reuters BIP Coding Group" action="confirmed" date="1997-06-23"/>
  </code>
  <code code="ICST">
    <editdetail attribution="Reuters BIP Coding Group" action="confirmed" date="1997-06-23"/>
  </code>
  <code code="MALI">
    <editdetail attribution="Reuters BIP Coding Group" action="confirmed" date="1997-06-23"/>
  </code>
  <code code="NIGER">
    <editdetail attribution="Reuters BIP Coding Group" action="confirmed" date="1997-06-23"/>
  </code>
  <code code="OAU">
    <editdetail attribution="Reuters BIP Coding Group" action="confirmed" date="1997-06-23"/>
  </code>
  <code code="SENEG">
    <editdetail attribution="Reuters BIP Coding Group" action="confirmed" date="1997-06-23"/>
  </code>
  <code code="SILEN">
    <editdetail attribution="Reuters BIP Coding Group" action="confirmed" date="1997-06-23"/>
  </code>
  <code code="TOGO">
    <editdetail attribution="Reuters BIP Coding Group" action="confirmed" date="1997-06-23"/>
  </code>
  <code code="UPVOLA">
    <editdetail attribution="Reuters BIP Coding Group" action="confirmed" date="1997-06-23"/>
  </code>
</codes>
<codes class="bip:topics:1.0">
  <code code="GCAT">
    <editdetail attribution="Reuters BIP Coding Group" action="confirmed" date="1997-06-23"/>
  </code>
  <code code="GDIP">
    <editdetail attribution="Reuters BIP Coding Group" action="confirmed" date="1997-06-23"/>
  </code>
  <code code="GVIO">
    <editdetail attribution="Reuters BIP Coding Group" action="confirmed" date="1997-06-23"/>
  </code>
</codes>
<dc element="dc.date.created" value="1997-06-23"/>
<dc element="dc.publisher" value="Reuters Holdings Plc"/>
<dc element="dc.date.published" value="1997-06-23"/>
<dc element="dc.source" value="Reuters"/>
<dc element="dc.creator.location" value="LOME"/>
<dc element="dc.creator.location.country.name" value="TOGO"/>
<dc element="dc.source" value="Reuters"/>
</metadata>
</newsitem>
