<?xml version="1.0" encoding="iso-8859-1" ?>
<newsitem itemid="679636" id="root" date="1997-06-23" xml:lang="en">
<title>CENTRAL AFRICAN REPUBLIC: Thirty die in Central African Republic fighting.</title>
<headline>Thirty die in Central African Republic fighting.</headline>
<byline>Jean-Lambert Ngouandji</byline>
<dateline>BANGUI 1997-06-22</dateline>
<text>
<p>The death toll from three days of fighting between disaffected soldiers and peacekeepers in the Central African Republic has risen to around 30, officials of the Central African Red Cross said on Sunday.</p>
<p>Around 70 people have been wounded in the fighting in the capital, Bangui, which began on Friday.</p>
<p>The Red Cross said it pulled its workers out of combat zones in the centre and west of the capital when fighting flared up on Sunday afternoon after a relatively calm morning.</p>
<p>The injured include five French nationals, who were hit on Saturday by two stray mortar bombs that fell on the French embassy compound.</p>
<p>Reports on Sunday spoke of a French soldier being among the injured, but this could not be confirmed by French sources either in Bangui or Paris.</p>
<p>Witnesses said French helicopters were flying over the city, and French soldiers were said to be patrolling near major crossroads but were not engaged in the fighting.</p>
<p>An African peacekeeping force has been deployed in the Central African Republic since a January 25 peace deal that ended a series of mutinies.</p>
<p>That deal, brokered by Mali's respected former military leader Amadou Toumani Toure included a plan to reintegrate the mutineers from the paramilitary gendarmerie into their units, but efforts to achieve this have failed.</p>
<p>Toure was due to arrive in Bangui on Sunday in an attempt to intercede again.</p>
<p>Mutinies in April and May 1996 began as protests over pay but became a movement to topple President Ange-Felix Patasse, a northern civilian elected in 1993. The third mutiny began in November and degenerated into ethnic bloodshed.</p>
<p>French troops, in the country under a defence pact, restored order after the last mutiny and then handed over to the peacekeepers.</p>
<p>The African force includes soldiers from Burkina Faso, Chad, Gabon, Mali, Senegal and Togo. A Senegalese soldier was among the first casualties of the flare-up on Friday.</p>
</text>
<copyright>(c) Reuters Limited 1997</copyright>
<metadata>
<codes class="bip:countries:1.0">
  <code code="CAFR">
    <editdetail attribution="Reuters BIP Coding Group" action="confirmed" date="1997-06-23"/>
  </code>
</codes>
<codes class="bip:topics:1.0">
  <code code="GCAT">
    <editdetail attribution="Reuters BIP Coding Group" action="confirmed" date="1997-06-23"/>
  </code>
  <code code="GVIO">
    <editdetail attribution="Reuters BIP Coding Group" action="confirmed" date="1997-06-23"/>
  </code>
</codes>
<dc element="dc.date.created" value="1997-06-22"/>
<dc element="dc.publisher" value="Reuters Holdings Plc"/>
<dc element="dc.date.published" value="1997-06-23"/>
<dc element="dc.source" value="Reuters"/>
<dc element="dc.creator.location" value="BANGUI"/>
<dc element="dc.creator.location.country.name" value="CENTRAL AFRICAN REPUBLIC"/>
<dc element="dc.source" value="Reuters"/>
</metadata>
</newsitem>
