<?xml version="1.0" encoding="iso-8859-1" ?>
<newsitem itemid="679650" id="root" date="1997-06-23" xml:lang="en">
<title>GHANA: Ghana stock exchange edges higher on Monday.</title>
<headline>Ghana stock exchange edges higher on Monday.</headline>
<dateline>ACCRA 1997-06-23</dateline>
<text>
<p>The Ghana stock exchange moved higher on Monday but in extremely quiet trade, dealers said.</p>
<p>The GSE all-share index rose 2.17 points to 384.81, helped by a recovery of 20 cedis to 570 in the price of Ghana Commercial Bank, a poor performer of late.</p>
<p>Super Paper Products Company (SPPC) was the only loser, falling 10 cedis to 100.</p>
<p>Volume was a minimal 17,650 shares, well down from Friday's unusually high 1,087,550 shares.</p>
</text>
<copyright>(c) Reuters Limited 1997</copyright>
<metadata>
<codes class="bip:countries:1.0">
  <code code="GHANA">
    <editdetail attribution="Reuters BIP Coding Group" action="confirmed" date="1997-06-23"/>
  </code>
</codes>
<codes class="bip:topics:1.0">
  <code code="M11">
    <editdetail attribution="Reuters BIP Coding Group" action="confirmed" date="1997-06-23"/>
  </code>
  <code code="MCAT">
    <editdetail attribution="Reuters BIP Coding Group" action="confirmed" date="1997-06-23"/>
  </code>
</codes>
<dc element="dc.date.created" value="1997-06-23"/>
<dc element="dc.publisher" value="Reuters Holdings Plc"/>
<dc element="dc.date.published" value="1997-06-23"/>
<dc element="dc.source" value="Reuters"/>
<dc element="dc.creator.location" value="ACCRA"/>
<dc element="dc.creator.location.country.name" value="GHANA"/>
<dc element="dc.source" value="Reuters"/>
</metadata>
</newsitem>
