<?xml version="1.0" encoding="iso-8859-1" ?>
<newsitem itemid="679646" id="root" date="1997-06-23" xml:lang="en">
<title>CENTRAL AFRICAN REPUBLIC: Bangui awaits mediator after fresh bloodshed.</title>
<headline>Bangui awaits mediator after fresh bloodshed.</headline>
<byline>Jean-Lambert Ngouandji</byline>
<dateline>BANGUI 1997-06-23</dateline>
<text>
<p>Mediator Amadou Toumani Toure headed back to the Central African Republic capital Bangui on Monday after three days of clashes between African peacekeepers and disaffected soldiers killed at least 30 people.</p>
<p>With the city enjoying a lull in the fighting after a night of shooting and mortar fire, Mali's widely respected former military leader expressed disappointment that a January peace deal had started to unravel again.</p>
<p>But he said any solution to the clashes, which stem from political and ethnic rivalry between supporters and opponents of President Ange-Felix Patasse within the army, lay with the Central African Republic citizens themselves.</p>
<p>&quot;My role is to help the two parties, the different parties to agree,&quot; he told Radio France International in an interview. &quot;The vital role will always come back to the nationals.&quot;</p>
<p>Residents said overnight shooting died down around dawn. &quot;People who fled their homes are starting to return but timidly,&quot; one said. &quot;Everyone is waiting for Toumani Toure. Hope rests on him.&quot;</p>
<p>The Bangui peacekeeping force has been touted as a model for a solution in Brazzaville, capital of the neighbouring Congo Republic when similar political and ethnic clashes killed hundreds of people this month.</p>
<p>Former colonial power France, which has troops stationed in Bangui under a defence pact, intervened on Sunday to defend the African peacekeepers, who deployed in the city under the January pact to end a third army mutiny in under a year.</p>
<p>&quot;As part of support for the African force, French forces in Bangui became involved as part of self-defence to prevent firing at Senegalese and Chadian positions,&quot; General Jean-Pierre Perez told France's La Chaine Info television later.</p>
<p>Perez said the ex-mutineers had started firing mortars at Chadian and Senegalese peacekeepers on Sunday after a lull.</p>
<p>Witnesses said French helicopters flew over the city.</p>
<p>Around 70 people have been wounded in the fighting, including five French nationals who were hit on Saturday by two stray mortar bombs that fell on the French embassy compound.</p>
<p>The January 25 deal included a plan to reintegrate the mutineers into their units and then conduct general disarmament. Many mutineers had already rejoined their units but the process snagged this month on efforts to reintegrate members of the paramilitary gendarmerie.</p>
<p>Mutinies in April and May 1996 began as protests over pay but became a movement to topple Patasse, a northern civilian elected in 1993. The third mutiny began in November and degenerated into ethnic bloodshed.</p>
<p>Most of the mutineers are members of the Yakoma tribe of former military leader Andre Kolingba.</p>
<p>The French troops -- there are now 1,650 in the country -- restored order after the last mutiny and then handed over to the peacekeepers.</p>
<p>The 800-strong African force includes soldiers from Burkina Faso, Chad, Gabon, Mali, Senegal and Togo. A Senegalese soldier killed on Friday was among the first casualties of the flare-up.</p>
</text>
<copyright>(c) Reuters Limited 1997</copyright>
<metadata>
<codes class="bip:countries:1.0">
  <code code="CAFR">
    <editdetail attribution="Reuters BIP Coding Group" action="confirmed" date="1997-06-23"/>
  </code>
  <code code="MALI">
    <editdetail attribution="Reuters BIP Coding Group" action="confirmed" date="1997-06-23"/>
  </code>
</codes>
<codes class="bip:topics:1.0">
  <code code="GCAT">
    <editdetail attribution="Reuters BIP Coding Group" action="confirmed" date="1997-06-23"/>
  </code>
  <code code="GVIO">
    <editdetail attribution="Reuters BIP Coding Group" action="confirmed" date="1997-06-23"/>
  </code>
</codes>
<dc element="dc.date.created" value="1997-06-23"/>
<dc element="dc.publisher" value="Reuters Holdings Plc"/>
<dc element="dc.date.published" value="1997-06-23"/>
<dc element="dc.source" value="Reuters"/>
<dc element="dc.creator.location" value="BANGUI"/>
<dc element="dc.creator.location.country.name" value="CENTRAL AFRICAN REPUBLIC"/>
<dc element="dc.source" value="Reuters"/>
</metadata>
</newsitem>
