<?xml version="1.0" encoding="iso-8859-1" ?>
<newsitem itemid="679612" id="root" date="1997-06-23" xml:lang="en">
<title>UK: Overnight World Sports Highlights.</title>
<headline>Overnight World Sports Highlights.</headline>
<text>
<p>Tennis-Big-serving Ivansevic crushes Pescariu</p>
<p>LONDON - Second seed Goran Ivanisevic sounded a warning to his Wimbledon rivals with a ruthless exhibition of power serving on Monday to charge into the second round.</p>
<p>On a gloomy opening day to the championships, thunder reverberated around court two -- both from the skies and the Croat's racket -- as Ivanisevic took just 64 minutes to brush past Romania's Dinu Pescariu 6-1 6-3 6-3.</p>
<p>- - - -</p>
<p>Tennis-Former champions help launch new show-court</p>
<p>LONDON - Wimbledon's greatest champions did their best to steal local favourite Tim Henman's limelight on Monday as showers delayed the first competitive action on the All England Club's new Number One court.</p>
<p>The official opening of the new show court went ahead as scheduled under threatening skies, with several of tennis's most famous names adding some glamour to the occasion.</p>
<p>- - - -</p>
<p>Tennis-Rain makes early first appearance at Wimbledon</p>
<p>LONDON - Rain made its first appearance at the Wimbledon tennis championships on Monday, within an hour of the start of the opening day.</p>
<p>Defending champion Richard Krajicek and his opponent Marcello Craca had only just walked out on to Centre Court when the rain began, sending them back to the changing rooms.</p>
<p>- - - -</p>
<p>Cricket-England openers prosper</p>
<p>LONDON - Openers Michael Atherton and Mark Butcher guided England from the possibility of defeat to the probability of a draw on the final day of the second test at Lord's on Monday.</p>
<p>The pair shared an opening partnership of 162, before Atherton trod on his off-stump playing back to Michael Kasprowicz after scoring 77.</p>
<p>- - - -</p>
<p>Soccer-Nantes defender Pignol joins French champions Monaco</p>
<p>MONACO - Defender Christophe Pignol signed a three-year contract with French league champions Monaco on Monday in a move from fellow first division Nantes, the club said.</p>
<p>Pignol, 27, was a regular first-choice player for Nantes and is expected to take over the slot vacated at Monaco by Emmanuel Petit, who joined English premier league Arsenal last week.</p>
<p>- - - -</p>
<p>Soccer-Japan keep alive Asian bid for youth title</p>
<p>KUALA LUMPUR - Japan kept alive Asia's dwindling challenge at the world youth soccer championship when they drew 3-3 with Paraguay on Monday to reach the knockout stage.</p>
<p>Japan, who finished runners-up in group D, now face a second-round clash with Australia, who beat defending champions Argentina 4-2 after Kosta Salapasidis scored all the goals.</p>
<p>- - - -</p>
<p>Rugby union-Injuries delay Springbok team selection</p>
<p>DURBAN - Springbok centre Edrich Lubbe will miss the rest of the series against the British Lions as South African face a number of injury worries, team officials said on Monday.</p>
<p>Coach Carel du Plessis has had to delay naming his side for Saturday's second test in Durban until Wednesday because of doubts over several players.</p>
<p>- - - -</p>
<p>Boxing-Italian stripped of gold in scoring row</p>
<p>ROME - Boxing controversy hit the Mediterranean Games on Monday when an Italian heavyweight was stripped of a gold medal in favour of an Algerian after a committee ruled that electronic scoring was faulty.</p>
<p>It was believed to be the first time that the high-tech computerised scoring method used at Olympics and world championships had been overruled.</p>
<p>- - - -</p>
<p>Athletics-Sestriere meeting at risk</p>
<p>SESTRIERE, Italy - The IAAF international athletics meeting in Sestriere next month could be cancelled if major sponsors do not come forward, organisers said on Monday.</p>
<p>&quot;We are looking for sponsors to cover the costs of this meeting,&quot; Livio Berruti, press officer for the company which manages the resort, said.</p>
<p>-- Sydney Newsroom 61-2 9373-1800</p>
</text>
<copyright>(c) Reuters Limited 1997</copyright>
<metadata>
<codes class="bip:countries:1.0">
  <code code="UK">
    <editdetail attribution="Reuters BIP Coding Group" action="confirmed" date="1997-06-23"/>
  </code>
</codes>
<codes class="bip:topics:1.0">
  <code code="GCAT">
    <editdetail attribution="Reuters BIP Coding Group" action="confirmed" date="1997-06-23"/>
  </code>
  <code code="GSPO">
    <editdetail attribution="Reuters BIP Coding Group" action="confirmed" date="1997-06-23"/>
  </code>
</codes>
<dc element="dc.publisher" value="Reuters Holdings Plc"/>
<dc element="dc.date.published" value="1997-06-23"/>
<dc element="dc.source" value="Reuters"/>
<dc element="dc.creator.location.country.name" value="UK"/>
<dc element="dc.source" value="Reuters"/>
</metadata>
</newsitem>
