<?xml version="1.0" encoding="iso-8859-1" ?>
<newsitem itemid="679634" id="root" date="1997-06-23" xml:lang="en">
<title>CANADA: Thomson mum on sale of U.K. leisure unit.</title>
<headline>Thomson mum on sale of U.K. leisure unit.</headline>
<dateline>TORONTO 1997-06-23</dateline>
<text>
<p>Thomson Corp declined to comment on Monday on published reports in Britain that the company was looking to sell its U.K.-based leisure unit, Thomson Travel Group, to London investment banks.</p>
<p>A spokesman at Thomson's Stamford, Connecticut headquarters declined to confirm that the Toronto-based conglomerate was in talks to sell the travel unit, which comprises Britain's second largest charter airline and the Lunn Poly chain of travel agencies.</p>
<p>In 1996, Thomson Travel accounted for US$2.48 billion, or 33 percent, of the conglomerate's US$7.72 billion in revenue.</p>
<p>Thomson's major holdings include the travel group, Thomson newspapers, which publishes more than 100 daily newspapers in North America and more than 350 advertising supplements, and West Publishing Co, acquired by Thomson in 1996 for US$3.425 billion in cash.</p>
<p>((Reuters Toronto Bureau (416) 941-8100))</p>
</text>
<copyright>(c) Reuters Limited 1997</copyright>
<metadata>
<codes class="bip:countries:1.0">
  <code code="CANA">
    <editdetail attribution="Reuters BIP Coding Group" action="confirmed" date="1997-06-23"/>
  </code>
  <code code="UK">
    <editdetail attribution="Reuters BIP Coding Group" action="confirmed" date="1997-06-23"/>
  </code>
  <code code="USA">
    <editdetail attribution="Reuters BIP Coding Group" action="confirmed" date="1997-06-23"/>
  </code>
</codes>
<codes class="bip:industries:1.0">
  <code code="I47500">
    <editdetail attribution="Reuters BIP Coding Group" action="confirmed" date="1997-06-23"/>
  </code>
  <code code="I77001">
    <editdetail attribution="Reuters BIP Coding Group" action="confirmed" date="1997-06-23"/>
  </code>
</codes>
<codes class="bip:topics:1.0">
  <code code="C18">
    <editdetail attribution="Reuters BIP Coding Group" action="confirmed" date="1997-06-23"/>
  </code>
  <code code="C181">
    <editdetail attribution="Reuters BIP Coding Group" action="confirmed" date="1997-06-23"/>
  </code>
  <code code="CCAT">
    <editdetail attribution="Reuters BIP Coding Group" action="confirmed" date="1997-06-23"/>
  </code>
</codes>
<dc element="dc.date.created" value="1997-06-23"/>
<dc element="dc.publisher" value="Reuters Holdings Plc"/>
<dc element="dc.date.published" value="1997-06-23"/>
<dc element="dc.source" value="Reuters"/>
<dc element="dc.creator.location" value="TORONTO"/>
<dc element="dc.creator.location.country.name" value="CANADA"/>
<dc element="dc.source" value="Reuters"/>
</metadata>
</newsitem>
