<?xml version="1.0" encoding="iso-8859-1" ?>
<newsitem itemid="679623" id="root" date="1997-06-23" xml:lang="en">
<title>CANADA: New Zealand joins accord for smoke-free flights.</title>
<headline>New Zealand joins accord for smoke-free flights.</headline>
<dateline>VICTORIA, British Columbia 1997-06-23</dateline>
<text>
<p>New Zealand Monday announced it joined a treaty already signed by the United States, Canada and Australia that bans smoking on many international flights.</p>
<p>New Zealand Transport Minister Jenny Shipley announced the move during a meeting in Canada of transport ministers from Asia-Pacific Economic Cooperation forum countries.</p>
<p>The accord bans smoking on non-stop flights between the four countries that have signed it.</p>
<p>New Zealand intended to sign the agreement with the other countries in 1994 but had to implement changes to its laws first.</p>
<p>While New Zealand's participation officially begins in two months, Air New Zealand has voluntarily reduced the number of its flights that allow smoking since 1992. The New Zealand government last year banned smoking on all international flights operated by New Zealand carriers except those to Japan and South Korea.</p>
<p>Shipley said a ban to those two countries was also under consideration. Ministers from the four countries participating in the agreement said they hoped other countries would follow suit.</p>
</text>
<copyright>(c) Reuters Limited 1997</copyright>
<metadata>
<codes class="bip:countries:1.0">
  <code code="AUSTR">
    <editdetail attribution="Reuters BIP Coding Group" action="confirmed" date="1997-06-23"/>
  </code>
  <code code="CANA">
    <editdetail attribution="Reuters BIP Coding Group" action="confirmed" date="1997-06-23"/>
  </code>
  <code code="NZ">
    <editdetail attribution="Reuters BIP Coding Group" action="confirmed" date="1997-06-23"/>
  </code>
  <code code="USA">
    <editdetail attribution="Reuters BIP Coding Group" action="confirmed" date="1997-06-23"/>
  </code>
</codes>
<codes class="bip:industries:1.0">
  <code code="I75000">
    <editdetail attribution="Reuters BIP Coding Group" action="confirmed" date="1997-06-23"/>
  </code>
</codes>
<codes class="bip:topics:1.0">
  <code code="C13">
    <editdetail attribution="Reuters BIP Coding Group" action="confirmed" date="1997-06-23"/>
  </code>
  <code code="CCAT">
    <editdetail attribution="Reuters BIP Coding Group" action="confirmed" date="1997-06-23"/>
  </code>
  <code code="GCAT">
    <editdetail attribution="Reuters BIP Coding Group" action="confirmed" date="1997-06-23"/>
  </code>
  <code code="GDIP">
    <editdetail attribution="Reuters BIP Coding Group" action="confirmed" date="1997-06-23"/>
  </code>
  <code code="GHEA">
    <editdetail attribution="Reuters BIP Coding Group" action="confirmed" date="1997-06-23"/>
  </code>
</codes>
<dc element="dc.date.created" value="1997-06-23"/>
<dc element="dc.publisher" value="Reuters Holdings Plc"/>
<dc element="dc.date.published" value="1997-06-23"/>
<dc element="dc.source" value="Reuters"/>
<dc element="dc.creator.location" value="VICTORIA, British Columbia"/>
<dc element="dc.creator.location.country.name" value="CANADA"/>
<dc element="dc.source" value="Reuters"/>
</metadata>
</newsitem>
