<?xml version="1.0" encoding="iso-8859-1" ?>
<newsitem itemid="679640" id="root" date="1997-06-23" xml:lang="en">
<title>SOUTH AFRICA: Hani widow gets killers' amnesty hearing postponed.</title>
<headline>Hani widow gets killers' amnesty hearing postponed.</headline>
<byline>Ingeborg Lichtenberg</byline>
<dateline>BENONI, South Africa 1997-06-23</dateline>
<text>
<p>An amnesty hearing for the killers of popular black anti-apartheid leader Chris Hani was postponed on Monday at his widow's request until August 11.</p>
<p>White right-wingers Clive Derby-Lewis and Janusz Walus are serving life terms for Hani's assassination on April 10, 1993. They were initially sentenced to death but this was commuted to life imprisonment.</p>
<p>Their amnesty appeal was due to be heard by Archbishop Desmond Tutu's Truth and Reconciliation Commission this week, but lawyers for Hani's widow Limpho said she had prior commitments in the United States and they needed more time to review documents before the amnesty panel.</p>
<p>Lawyers for Derby-Lewis and Polish immigrant Walus, who did not testify during their trial, are basing their request for amnesty on the grounds that the crime was politically motivated.</p>
<p>A senior lawyer for Hani's widow, George Bizos, told the commission he would oppose the amnesty application because he had documents to prove that Derby-Lewis and Walus &quot;did not act on behalf or orders of any known political organisation&quot;.</p>
<p>Bizos added that at their trial the two had not revealed who had been behind the killing. He also said he had statements from right-wing and conservative leaders who had denied any role in the murder.</p>
<p>Hani, leader of the South African Communist Party until his death, was the most popular communist in the now-ruling African National Congress (ANC).</p>
<p>In 1991, he led the field in the ANC's internal election of an 82-member policy-making National Executive Committee, winning support from 95 per cent of delegates.</p>
<p>He also came second only to Deputy President Thabo Mbeki in the election to the ANC's 26-member shadow cabinet, known as the National Working Group.</p>
<p>About 500 supporters of the Communist Party chanted and danced in the Benoni City Hall east of Johannesburg where the hearing was held, while a handful of conservative whites sat quietly, some women knitting and surrounded by picnic hampers with sandwiches and flasks of coffee.</p>
<p>When Walus and Derby-Lewis entered the hall, the screams and jeers of the Communist supporters reached fever pitch and Hani's weeping 16-year-old daughter Nomakhwezi was ushered out of the hall by President Nelson Mandela's former wife, Winnie.</p>
<p>The truth commission was set up in 1995 to heal the wounds of South Africa's apartheid past by investigating human rights abuses on both sides of the racial divide. It has the power to grant amnesty to offenders who make full confessions.</p>
</text>
<copyright>(c) Reuters Limited 1997</copyright>
<metadata>
<codes class="bip:countries:1.0">
  <code code="SAFR">
    <editdetail attribution="Reuters BIP Coding Group" action="confirmed" date="1997-06-23"/>
  </code>
</codes>
<codes class="bip:topics:1.0">
  <code code="GCAT">
    <editdetail attribution="Reuters BIP Coding Group" action="confirmed" date="1997-06-23"/>
  </code>
  <code code="GCRIM">
    <editdetail attribution="Reuters BIP Coding Group" action="confirmed" date="1997-06-23"/>
  </code>
  <code code="GPOL">
    <editdetail attribution="Reuters BIP Coding Group" action="confirmed" date="1997-06-23"/>
  </code>
</codes>
<dc element="dc.date.created" value="1997-06-23"/>
<dc element="dc.publisher" value="Reuters Holdings Plc"/>
<dc element="dc.date.published" value="1997-06-23"/>
<dc element="dc.source" value="Reuters"/>
<dc element="dc.creator.location" value="BENONI, South Africa"/>
<dc element="dc.creator.location.country.name" value="SOUTH AFRICA"/>
<dc element="dc.source" value="Reuters"/>
</metadata>
</newsitem>
