<?xml version="1.0" encoding="iso-8859-1" ?>
<newsitem itemid="679661" id="root" date="1997-06-23" xml:lang="en">
<title>NIGERIA: Nigerian stock trading suffers from fuel scarcity.</title>
<headline>Nigerian stock trading suffers from fuel scarcity.</headline>
<dateline>LAGOS 1997-06-23</dateline>
<text>
<p>Shares closed weaker in thin trading at the Nigerian stock market on Monday as a lingering fuel scarcity showed no sign of easing, dealers said.</p>
<p>The all-share index fell to 8509.32 from 8516.41 on Friday.</p>
<p>The persistent fuel scarcity kept many traders away from work, causing turnover to suffer, dealers said.</p>
<p>&quot;It is becoming almost impossible to do anything with this fuel situation,&quot; said one.</p>
<p>Most stocks closed lower. Oil marketer Agip was the worst hit, closing at 18.50 naira, down 50 kobo.</p>
<p>Afribank and Union Bank were down at 6.90 naira and 11.40 naira, losing five kobo and nine kobo respectively.</p>
<p>West African Portland Cement fell five kobo to 62.45 naira and Smithkline Beecham slid two kobo to 5.90 naira.</p>
<p>Food firm Nestle, however, finished stronger on persistent demand at 49.10, up 10 kobo.</p>
<p>Insurer Crusader was also up two kobo at 3.20 naira.</p>
<p>-- Lagos newsroom +234 1 263 03 17</p>
</text>
<copyright>(c) Reuters Limited 1997</copyright>
<metadata>
<codes class="bip:countries:1.0">
  <code code="NIGEA">
    <editdetail attribution="Reuters BIP Coding Group" action="confirmed" date="1997-06-23"/>
  </code>
</codes>
<codes class="bip:topics:1.0">
  <code code="M11">
    <editdetail attribution="Reuters BIP Coding Group" action="confirmed" date="1997-06-23"/>
  </code>
  <code code="MCAT">
    <editdetail attribution="Reuters BIP Coding Group" action="confirmed" date="1997-06-23"/>
  </code>
</codes>
<dc element="dc.date.created" value="1997-06-23"/>
<dc element="dc.publisher" value="Reuters Holdings Plc"/>
<dc element="dc.date.published" value="1997-06-23"/>
<dc element="dc.source" value="Reuters"/>
<dc element="dc.creator.location" value="LAGOS"/>
<dc element="dc.creator.location.country.name" value="NIGERIA"/>
<dc element="dc.source" value="Reuters"/>
</metadata>
</newsitem>
