<?xml version="1.0" encoding="iso-8859-1" ?>
<newsitem itemid="679641" id="root" date="1997-06-23" xml:lang="en">
<title>NIGERIA: Fuel crunch hits Nigerian commuters hard.</title>
<headline>Fuel crunch hits Nigerian commuters hard.</headline>
<byline>James Jukwey</byline>
<dateline>LAGOS 1997-06-23</dateline>
<text>
<p>Hundreds of thousands of commuters were stranded in Lagos, Nigeria's commercial hub of six million people, on Monday as a five-week fuel shortage in Africa's leading crude oil producer showed no sign of abating.</p>
<p>&quot;Urgent and drastic measures will be taken to solve the crisis,&quot; the military government's number two, Lieutenant-General Oladipo Diya, told reporters in the capital Abuja.</p>
<p>He said the government realised the situation was bad and the issue would be discussed on Monday at a monthly meeting of the defence and security committee which groups senior officers to find a &quot;lasting solution.&quot;</p>
<p>No specific measures have so far been announced to end the crisis and many fuel dealers said they expected it to continue for sometime.</p>
<p>Witnesses said thousands of commuters trekked in rain-soaked Lagos as no buses were available to convey to them to work.</p>
<p>&quot;I had to walk from home,&quot; said journalist Paul Okolo.</p>
<p>The few vehicles that manage to obtain fuel from a thriving black market charge 300 percent above the normal fares. Many workers, especially those in government ministries, are unable to afford the high fares and have chosen to stay at home.</p>
<p>&quot;What's the point in going to the office?&quot; asked Patricia Jack, a secretary in the Finance Ministry. &quot;How much am I paid that I should spend all on transport - just 4,500 naira ($53)?&quot;</p>
<p>Many private-sector firms have been forced to scale down operations because of the crisis, sending some staff on leave.</p>
<p>Uzor Okeke, director-general of the Manufacturers Association of Nigeria (MAN), has warned of an imminent collapse of industries if the situation does not improve soon.</p>
<p>He called the crisis &quot;a national shame in a year that the government is pursuing poverty alleviation and production capacity enhancement programmes&quot;.</p>
<p>Newspaper reports said 10,000 tonnes of fuel arrived in Lagos at the weekend from the Warri refinery in the midwest but added that this was only enough to last the city three days.</p>
<p>One opposition newspaper said there was a peaceful demonstration in the northern city of Kano on Monday over the fuel crisis but this could not be independently confirmed.</p>
<p>Another said students had given the government an ultimatum to end the fuel crisis within 48 hours or face a nationwide demonstration.</p>
<p>Nigeria produces two million barrels per day (bpd) of crude oil and has four oil refineries but suffers recurrent fuel shortages. The current one is the worst so far.</p>
<p>The four refineries have a combined capacity of 445,000 barrels of crude oil daily but produce only a fraction of capacity due to deteriorating facilities.</p>
<p>Last year, the government cut the allocation to the refineries by 50,000 bpd to 250,000 bpd and state oil company officials say this is one of the reasons for the fuel shortage.</p>
<p>They have also bandied other contradictory explanations for the fuel crisis such as ageing refineries, non-compliance with refinery maintenance schedules and non-disbursement of budgeted funds for the refineries by the federal authorities.</p>
<p>With Africa's most populous nation of 104 million dependent on road transport, the crisis is translating into higher prices for food as traders bringing in farm produce from rural areas face transport difficulties.</p>
<p>&quot;We go to the interior to buy food items but we can't find transport to bring them in,&quot; said Chika Nwosu, a Lagos grocer, adding harvests were already being lost to the crisis.</p>
</text>
<copyright>(c) Reuters Limited 1997</copyright>
<metadata>
<codes class="bip:countries:1.0">
  <code code="NIGEA">
    <editdetail attribution="Reuters BIP Coding Group" action="confirmed" date="1997-06-23"/>
  </code>
</codes>
<codes class="bip:industries:1.0">
  <code code="I14000">
    <editdetail attribution="Reuters BIP Coding Group" action="confirmed" date="1997-06-23"/>
  </code>
  <code code="I65200">
    <editdetail attribution="Reuters BIP Coding Group" action="confirmed" date="1997-06-23"/>
  </code>
</codes>
<codes class="bip:topics:1.0">
  <code code="C21">
    <editdetail attribution="Reuters BIP Coding Group" action="confirmed" date="1997-06-23"/>
  </code>
  <code code="C31">
    <editdetail attribution="Reuters BIP Coding Group" action="confirmed" date="1997-06-23"/>
  </code>
  <code code="CCAT">
    <editdetail attribution="Reuters BIP Coding Group" action="confirmed" date="1997-06-23"/>
  </code>
</codes>
<dc element="dc.date.created" value="1997-06-23"/>
<dc element="dc.publisher" value="Reuters Holdings Plc"/>
<dc element="dc.date.published" value="1997-06-23"/>
<dc element="dc.source" value="Reuters"/>
<dc element="dc.creator.location" value="LAGOS"/>
<dc element="dc.creator.location.country.name" value="NIGERIA"/>
<dc element="dc.source" value="Reuters"/>
</metadata>
</newsitem>
