<?xml version="1.0" encoding="iso-8859-1" ?>
<newsitem itemid="789849" id="root" date="1997-08-10" xml:lang="en">
<title>GREECE: ATHLETICS-ENGQUIST EMERGES FROM NOWHERE TO WIN GOLD.</title>
<headline>ATHLETICS-ENGQUIST EMERGES FROM NOWHERE TO WIN GOLD.</headline>
<dateline>ATHENS 1997-08-10</dateline>
<text>
<p>Sweden's Russian-born high hurdler Ludmila Engquist added the world title to her Olympic gold when she emerged from nowhere to win the 100 hurdles final on Sunday.</p>
<p>Last year Engquist became the first woman representing Sweden to win an Olympic title when she won the 100 hurdles gold in Atlanta.</p>
<p>On Sunday, Engquist clocked 12.50 seconds ahead of Bulgarian Svetla Dimitrova who took the silver in 12.58. Commonwealth champion Michelle Freeman of Jamaica won bronze in 12.61.</p>
<p>Engquist, the 1991 world champion, married her agent Johan Engquist, and became a Swedish citizen in June 1996 just before Atlanta.</p>
<p>She was banned for four years after failing a dope test but reinstated when the world governing body accepted her explanation that her former husband had spiked her vitamin supplements.</p>
</text>
<copyright>(c) Reuters Limited 1997</copyright>
<metadata>
<codes class="bip:countries:1.0">
  <code code="GREECE">
    <editdetail attribution="Reuters BIP Coding Group" action="confirmed" date="1997-08-10"/>
  </code>
  <code code="RUSS">
    <editdetail attribution="Reuters BIP Coding Group" action="confirmed" date="1997-08-10"/>
  </code>
  <code code="SWED">
    <editdetail attribution="Reuters BIP Coding Group" action="confirmed" date="1997-08-10"/>
  </code>
  <code code="USA">
    <editdetail attribution="Reuters BIP Coding Group" action="confirmed" date="1997-08-10"/>
  </code>
</codes>
<codes class="bip:topics:1.0">
  <code code="GCAT">
    <editdetail attribution="Reuters BIP Coding Group" action="confirmed" date="1997-08-10"/>
  </code>
  <code code="GSPO">
    <editdetail attribution="Reuters BIP Coding Group" action="confirmed" date="1997-08-10"/>
  </code>
</codes>
<dc element="dc.date.created" value="1997-08-10"/>
<dc element="dc.publisher" value="Reuters Holdings Plc"/>
<dc element="dc.date.published" value="1997-08-10"/>
<dc element="dc.source" value="Reuters"/>
<dc element="dc.creator.location" value="ATHENS"/>
<dc element="dc.creator.location.country.name" value="GREECE"/>
<dc element="dc.source" value="Reuters"/>
</metadata>
</newsitem>
