<?xml version="1.0" encoding="iso-8859-1" ?>
<newsitem itemid="789896" id="root" date="1997-08-10" xml:lang="en">
<title>SRI LANKA: CRICKET-S.LANKA ALL OUT 332 IN 1ST INNINGS V INDIA.</title>
<headline>CRICKET-S.LANKA ALL OUT 332 IN 1ST INNINGS V INDIA.</headline>
<dateline>COLOMBO 1997-08-10</dateline>
<text>
<p>Sri Lanka were all out for 332 in their first innings on the second day of the second and final test match against India in Colombo on Sunday.</p>
</text>
<copyright>(c) Reuters Limited 1997</copyright>
<metadata>
<codes class="bip:countries:1.0">
  <code code="INDIA">
    <editdetail attribution="Reuters BIP Coding Group" action="confirmed" date="1997-08-10"/>
  </code>
  <code code="SRILAN">
    <editdetail attribution="Reuters BIP Coding Group" action="confirmed" date="1997-08-10"/>
  </code>
</codes>
<codes class="bip:topics:1.0">
  <code code="GCAT">
    <editdetail attribution="Reuters BIP Coding Group" action="confirmed" date="1997-08-10"/>
  </code>
  <code code="GSPO">
    <editdetail attribution="Reuters BIP Coding Group" action="confirmed" date="1997-08-10"/>
  </code>
</codes>
<dc element="dc.date.created" value="1997-08-10"/>
<dc element="dc.publisher" value="Reuters Holdings Plc"/>
<dc element="dc.date.published" value="1997-08-10"/>
<dc element="dc.source" value="Reuters"/>
<dc element="dc.creator.location" value="COLOMBO"/>
<dc element="dc.creator.location.country.name" value="SRI LANKA"/>
<dc element="dc.source" value="Reuters"/>
</metadata>
</newsitem>
