<?xml version="1.0" encoding="iso-8859-1" ?>
<newsitem itemid="789875" id="root" date="1997-08-10" xml:lang="en">
<title>GREECE: ATHLETICS-KOMEN RACES AWAY WITH 5,000 METRES TITLE.</title>
<headline>ATHLETICS-KOMEN RACES AWAY WITH 5,000 METRES TITLE.</headline>
<dateline>ATHENS 1997-08-10</dateline>
<text>
<p>Kenyan Daniel Komen accelerated to the front with five laps to run and raced away to the world men's 5,000 metres title by nearly two seconds on Sunday.</p>
<p>Komen, who missed selection for the Atlanta Olympics last year, clocked 13 minutes 07.38 seconds.</p>
<p>Morocco's Khalid Boulami overtook another Kenyan Tom Nyariki to take the silver in 13:09.34. Nyariki clocked 13:11.09 for third place.</p>
<p>Komen holds four of the six fastest times ever for the 5,000 and set a year's best of 12:48.98 in Rome last June. He was the overall Grand Prix winner last year.</p>
</text>
<copyright>(c) Reuters Limited 1997</copyright>
<metadata>
<codes class="bip:countries:1.0">
  <code code="GREECE">
    <editdetail attribution="Reuters BIP Coding Group" action="confirmed" date="1997-08-10"/>
  </code>
  <code code="KENYA">
    <editdetail attribution="Reuters BIP Coding Group" action="confirmed" date="1997-08-10"/>
  </code>
  <code code="USA">
    <editdetail attribution="Reuters BIP Coding Group" action="confirmed" date="1997-08-10"/>
  </code>
</codes>
<codes class="bip:topics:1.0">
  <code code="GCAT">
    <editdetail attribution="Reuters BIP Coding Group" action="confirmed" date="1997-08-10"/>
  </code>
  <code code="GSPO">
    <editdetail attribution="Reuters BIP Coding Group" action="confirmed" date="1997-08-10"/>
  </code>
</codes>
<dc element="dc.date.created" value="1997-08-10"/>
<dc element="dc.publisher" value="Reuters Holdings Plc"/>
<dc element="dc.date.published" value="1997-08-10"/>
<dc element="dc.source" value="Reuters"/>
<dc element="dc.creator.location" value="ATHENS"/>
<dc element="dc.creator.location.country.name" value="GREECE"/>
<dc element="dc.source" value="Reuters"/>
</metadata>
</newsitem>
