<?xml version="1.0" encoding="iso-8859-1" ?>
<newsitem itemid="789832" id="root" date="1997-08-10" xml:lang="en">
<title>CZECH REPUBLIC: GOLF-CZECH OPEN FINAL ROUND SCORES.</title>
<headline>GOLF-CZECH OPEN FINAL ROUND SCORES.</headline>
<dateline>PRAGUE 1997-08-10</dateline>
<text>
<p>Leading scores from the final</p>
<p>round of the Czech Open on Sunday (British unless stated):</p>
<p>264 Bernhard Langer (Germany) 70 67 64 63</p>
<p>268 Niclas Fasth (Sweden) 70 65 67 66, Ignacio Garrido</p>
<p>(Spain) 66 65 66 71</p>
<p>269 Miguel Angel Jiminez (Spain) 67 64 67 71</p>
<p>270 Alex Cejka (Germany) 71 67 67 65, Patrik Sjoland</p>
<p>(Sweden) 70 61 70 69</p>
<p>271 Andrew Coltart 72 67 68 64, Peter Hedblom (Sweden) 67 71</p>
<p>66 67, Michael Long (New Zealand) 66 71 67 67, Lee</p>
<p>Westwood 67 68 68 68, Joakim Haeggman (Sweden) 69 66 67</p>
<p>69</p>
<p>272 Fredrik Jacobson (Sweden) 68 68 69 67, Scott Henderson</p>
<p>64 68 71 69, Stephen Allan (Australia) 69 66 65 72</p>
<p>273 Jonathan Lomas 69 70 66 68, Raymond Russell 66 69 69 69,</p>
<p>Jose Rivero (Spain) 68 68 68 69, Clinton Whitelaw</p>
<p>(South Africa) 68 66 67 72, David Howell 68 65 67 73</p>
<p>274 Darren Clarke 69 67 70 68, Paul Lawrie 70 64 71 69, Klas</p>
<p>Eriksson (Sweden) 69 67 69 69, Peter O'Malley (Australia)</p>
<p>66 72 67 69, Stephen Gallacher 68 66 70 70, Richard Boxall</p>
<p>67 68 69 70</p>
</text>
<copyright>(c) Reuters Limited 1997</copyright>
<metadata>
<codes class="bip:countries:1.0">
  <code code="CZREP">
    <editdetail attribution="Reuters BIP Coding Group" action="confirmed" date="1997-08-10"/>
  </code>
  <code code="GFR">
    <editdetail attribution="Reuters BIP Coding Group" action="confirmed" date="1997-08-10"/>
  </code>
  <code code="NZ">
    <editdetail attribution="Reuters BIP Coding Group" action="confirmed" date="1997-08-10"/>
  </code>
  <code code="SPAIN">
    <editdetail attribution="Reuters BIP Coding Group" action="confirmed" date="1997-08-10"/>
  </code>
  <code code="SWED">
    <editdetail attribution="Reuters BIP Coding Group" action="confirmed" date="1997-08-10"/>
  </code>
  <code code="UK">
    <editdetail attribution="Reuters BIP Coding Group" action="confirmed" date="1997-08-10"/>
  </code>
</codes>
<codes class="bip:topics:1.0">
  <code code="GCAT">
    <editdetail attribution="Reuters BIP Coding Group" action="confirmed" date="1997-08-10"/>
  </code>
  <code code="GSPO">
    <editdetail attribution="Reuters BIP Coding Group" action="confirmed" date="1997-08-10"/>
  </code>
</codes>
<dc element="dc.date.created" value="1997-08-10"/>
<dc element="dc.publisher" value="Reuters Holdings Plc"/>
<dc element="dc.date.published" value="1997-08-10"/>
<dc element="dc.source" value="Reuters"/>
<dc element="dc.creator.location" value="PRAGUE"/>
<dc element="dc.creator.location.country.name" value="CZECH REPUBLIC"/>
<dc element="dc.source" value="Reuters"/>
</metadata>
</newsitem>
