<?xml version="1.0" encoding="iso-8859-1" ?>
<newsitem itemid="789852" id="root" date="1997-08-10" xml:lang="en">
<title>GREECE: ATHLETICS-BAILEY GAINS SOME CONSOLATION WITH RELAY GOLD.</title>
<headline>ATHLETICS-BAILEY GAINS SOME CONSOLATION WITH RELAY GOLD.</headline>
<byline>Adrian Warner</byline>
<dateline>ATHENS 1997-08-10</dateline>
<text>
<p>Olympic champion Donovan Bailey gained some consolation for his defeat in the world 100 metres final on Sunday by anchoring Canada to victory in the men's 4x100 metres relay.</p>
<p>German Grit Breuer, who was in involved in two much-publicised doping scandals involving former double world sprint champion Katrin Krabbe in the early 1990s, made a spectacular late burst in the last 50 metres to give Germany the women's 4X400 metres relay title.</p>
<p>Bailey, beaten to the gold in the individual 100 by American Maurice Greene, ran a powerful anchor leg as Canada retained the world title. Their American rivals, beaten in last year's Olympic final, crashed out in the heats on Saturday after a calamitous baton change.</p>
<p>Bailey said he had strained a groin muscle in his leg during the warm-up for the race but he never looked like relinquishing the Canadian lead in a powerful final leg down the home straight.</p>
<p>&quot;Two golds here would have been better but gold and silver is okay,&quot; Bailey said after he combined with Robert Esmie, Glenroy Gilbert and Bruny Surin to clock 37.86 seconds ahead of Nigeria and Britain who clocked 38.07 and 38.14 seconds respectively.</p>
<p>&quot;I still think I can break the world record in the individual 100 this year,&quot; Bailey added.</p>
<p>In the women's 4x400 the Germans looked set for bronze before Breuer stormed through on the inside to pip American Jearl Miles-Clark and Jamaica's Sandie Richards on the line.</p>
<p>The Germans won in three minutes 20.92 seconds with the United States taking silver in 3:21.03 and Jamaica third in 3:21.30 just ahead of Russia (3:21.57).</p>
<p>&quot;I don't know why it is but in relay races I just seem to feel more free in my head,&quot; Breuer said. &quot;I won the poker game. The Russian left me a gap to take and I went through it.&quot;</p>
<p>The men's 4X400 metres saw a fascinating battle between the Americans, Britain and Jamaica which was not decided until a dramatic final leg when Tyree Washington just hung on to the lead to seal victory for the U.S. in 2:56.47.</p>
<p>Jamie Baulch ran a brilliant third leg for the British to put Mark Richardson in a perfect position just behind the Americans at the start of the last leg. But he was unable to produce a strong enough kick in the last 50 metres to win the race.</p>
<p>Britain took the silver in 2:56.65 with Jamaica third in 2:56.75.</p>
</text>
<copyright>(c) Reuters Limited 1997</copyright>
<metadata>
<codes class="bip:countries:1.0">
  <code code="CANA">
    <editdetail attribution="Reuters BIP Coding Group" action="confirmed" date="1997-08-10"/>
  </code>
  <code code="GFR">
    <editdetail attribution="Reuters BIP Coding Group" action="confirmed" date="1997-08-10"/>
  </code>
  <code code="GREECE">
    <editdetail attribution="Reuters BIP Coding Group" action="confirmed" date="1997-08-10"/>
  </code>
</codes>
<codes class="bip:topics:1.0">
  <code code="GCAT">
    <editdetail attribution="Reuters BIP Coding Group" action="confirmed" date="1997-08-10"/>
  </code>
  <code code="GSPO">
    <editdetail attribution="Reuters BIP Coding Group" action="confirmed" date="1997-08-10"/>
  </code>
</codes>
<dc element="dc.date.created" value="1997-08-10"/>
<dc element="dc.publisher" value="Reuters Holdings Plc"/>
<dc element="dc.date.published" value="1997-08-10"/>
<dc element="dc.source" value="Reuters"/>
<dc element="dc.creator.location" value="ATHENS"/>
<dc element="dc.creator.location.country.name" value="GREECE"/>
<dc element="dc.source" value="Reuters"/>
</metadata>
</newsitem>
