<?xml version="1.0" encoding="iso-8859-1" ?>
<newsitem itemid="789858" id="root" date="1997-08-10" xml:lang="en">
<title>GREECE: ATHLETICS-KOMEN CAPS REMARKABLE YEAR WITH GOLD MEDAL.</title>
<headline>ATHLETICS-KOMEN CAPS REMARKABLE YEAR WITH GOLD MEDAL.</headline>
<byline>Adrian Warner</byline>
<dateline>ATHENS 1997-08-10</dateline>
<text>
<p>Kenyan Daniel Komen capped a memorable season on Sunday when he destroyed the field in the men's 5,000 metres final after an electrifying change of speed five laps from the finish.</p>
<p>Komen, 21, who missed last year's Atlanta Olympics after failing to make the Kenyan team but produced some brilliant form afterwards, raced away from the rest of the field with two sub-60 second laps,</p>
<p>The Kenyan, who started running at the age of seven when he loped 20 kms to and from school, never looked in danger afterwards, winning in 13 minutes 07.38 seconds ahead of Morocco's Khalid Boulami and Kenya's Tom Nyariki who took silver and bronze respectively.</p>
<p>Despite his absence from the Olympics, Komen won the Grand Prix overall title and took more than four seconds off Algerian Noureddine Morceli's 3,000 metres world record in Rieti, Italy.</p>
<p>Although Athens was his first major championships, Komen ran like a seasoned campaigner, staying out of trouble in the early laps before timing his kick to perfection.</p>
<p>&quot;After seven laps I planned to get away,&quot; he said. &quot;It was not easy and I was under a lot of pressure. I stayed behind at first but I was not surprised to win.</p>
<p>&quot;Now I will rest for a day and decide whether I should go for the world record in Zurich.&quot;</p>
<p>Former Olympic champion Dieter Baumann of Germany and Nyariki set the pace early on but Komen then ran two laps of 59.38 and 58.38 seconds which split the field apart.</p>
<p>He quickly gained a 30-metre lead over Nyariki and Boulami who were left to battle it out for second and third. The Moroccan made a late burst in the final 100 metres to seal the silver in 13:09.34 with Nyariki third in 13:11.09.</p>
<p>&quot;I expected Komen to go away like this in the last 1,000. He surprised me by doing it so early,&quot; Boulami said.</p>
</text>
<copyright>(c) Reuters Limited 1997</copyright>
<metadata>
<codes class="bip:countries:1.0">
  <code code="GREECE">
    <editdetail attribution="Reuters BIP Coding Group" action="confirmed" date="1997-08-10"/>
  </code>
  <code code="KENYA">
    <editdetail attribution="Reuters BIP Coding Group" action="confirmed" date="1997-08-10"/>
  </code>
  <code code="MOROC">
    <editdetail attribution="Reuters BIP Coding Group" action="confirmed" date="1997-08-10"/>
  </code>
  <code code="USA">
    <editdetail attribution="Reuters BIP Coding Group" action="confirmed" date="1997-08-10"/>
  </code>
</codes>
<codes class="bip:topics:1.0">
  <code code="GCAT">
    <editdetail attribution="Reuters BIP Coding Group" action="confirmed" date="1997-08-10"/>
  </code>
  <code code="GSPO">
    <editdetail attribution="Reuters BIP Coding Group" action="confirmed" date="1997-08-10"/>
  </code>
</codes>
<dc element="dc.date.created" value="1997-08-10"/>
<dc element="dc.publisher" value="Reuters Holdings Plc"/>
<dc element="dc.date.published" value="1997-08-10"/>
<dc element="dc.source" value="Reuters"/>
<dc element="dc.creator.location" value="ATHENS"/>
<dc element="dc.creator.location.country.name" value="GREECE"/>
<dc element="dc.source" value="Reuters"/>
</metadata>
</newsitem>
