<?xml version="1.0" encoding="iso-8859-1" ?>
<newsitem itemid="789861" id="root" date="1997-08-10" xml:lang="en">
<title>GERMANY: SOCCER-GERMAN FIRST DIVISION RESULTS.</title>
<headline>SOCCER-GERMAN FIRST DIVISION RESULTS.</headline>
<dateline>BONN 1997-08-10</dateline>
<text>
<p>Result of match played in the German</p>
<p>league championship on Sunday:</p>
<p>Hertha Berlin 2 Borussia Moenchengladbach 2</p>
<p>Played on Saturday</p>
<p> Karlsruhe     3  Arminia Bielefeld	  1</p>
<p> Schalke	 1  Borussia Dortmund	  0</p>
<p> Cologne	 0  Kaiserslautern	     0</p>
<p> Bayern Munich 5  Wolfsburg		    2</p>
<p> Werder Bremen 3  1860 Munich		  3</p>
<p> Hansa Rostock 2  Hamburg			1</p>
<p>Played on Friday</p>
<p> Bochum	  0  Duisburg		     0</p>
<p>Standings</p>
<p>				   P   W   D   L   F   A  Pts</p>
<p>  1. Karlsruhe		 3   2   1   0   8   4   7</p>
<p>  2. Kaiserslautern	  3   2   1   0   2   0   7</p>
<p>  3. Schalke		   3   2   0   1   3   2   6</p>
<p>  4. Bayern Munich	   3   1   1   1   6   4   4</p>
<p>  5. Borussia Dortmund     3   1   1   1   4   2   4</p>
<p>  6. Bochum		    3   1   1   1   3   3   4</p>
<p>  7. Duisburg		  3   1   1   1   3   3   4</p>
<p>  8. Hansa Rostock	   3   1   1   1   3   3   4</p>
<p>  9. VfB Stuttgart	   3   1   1   1   3   3   4</p>
<p> 10. VfL Wolfsburg	   3   1   1   1   4   6   4</p>
<p> 11. Cologne		   3   1   1   1   3   5   4</p>
<p> 12. 1860 Munich	     3   0   3   0   6   6   3</p>
<p> 13. Bayer Leverkusen	3   1   0   2   4   5   3</p>
<p> 14. Arminia Bielefeld     3   1   0   2   3   5   3</p>
<p> 15. Borussia M'gladbach   3   0   3   0   5   5   3</p>
<p> 16. Hamburg		   3   0   2   1   4   5   2</p>
<p> 17. Werder Bremen	   3   0   2   1   5   7   2</p>
<p> 18. Hertha BSC Berlin     3   0   2   1   3   4   2</p>
</text>
<copyright>(c) Reuters Limited 1997</copyright>
<metadata>
<codes class="bip:countries:1.0">
  <code code="GFR">
    <editdetail attribution="Reuters BIP Coding Group" action="confirmed" date="1997-08-10"/>
  </code>
</codes>
<codes class="bip:topics:1.0">
  <code code="GCAT">
    <editdetail attribution="Reuters BIP Coding Group" action="confirmed" date="1997-08-10"/>
  </code>
  <code code="GSPO">
    <editdetail attribution="Reuters BIP Coding Group" action="confirmed" date="1997-08-10"/>
  </code>
</codes>
<dc element="dc.date.created" value="1997-08-10"/>
<dc element="dc.publisher" value="Reuters Holdings Plc"/>
<dc element="dc.date.published" value="1997-08-10"/>
<dc element="dc.source" value="Reuters"/>
<dc element="dc.creator.location" value="BONN"/>
<dc element="dc.creator.location.country.name" value="GERMANY"/>
<dc element="dc.source" value="Reuters"/>
</metadata>
</newsitem>
