<?xml version="1.0" encoding="iso-8859-1" ?>
<newsitem itemid="789991" id="root" date="1997-08-10" xml:lang="en">
<title>AUSTRALIA: LEND LEASE YEAR PROFIT SEEN UP OVER 10 PCT.</title>
<headline>LEND LEASE YEAR PROFIT SEEN UP OVER 10 PCT.</headline>
<dateline>SYDNEY 1996-08-11</dateline>
<text>
<p>Property and financial services group Lend Lease Corp Ltd is expected to report on Thursday a rise of over 10 percent in pre-abnormal profit for the year.</p>
<p>Analysts said forecast Lend Lease to report a pre-abnormal net profit of between A$306.0 million and A$330.0 million for the year to June 30 with a median consensus of A$317.7 million, a rise of 13 percent on the 1996/97 figure of A$280.0 million.</p>
<p>The company's two main operations, financial services and property, are expected to contribute increased profits in the 1996/97 year, analysts said.  </p>
<p>Lend Lease shareholders are expected to be treated with a rise in final dividend payment to 50 cents a share, compared with 47 cents a year ago, making a total dividend payment of 98 cents for 1996/97 compared with 90 cents in 1995/96.</p>
<p>One Melbourne-based analyst forecast a pre-abnormal net profit of A$315 million for 1996/97. &quot;I think you will find a bit more on the property side this year,&quot; he said.</p>
<p>The analyst said the profit would also be enhanced by the dividend stream from Westpac Banking Corp warrants.  </p>
<p>Last year, Lend Lease cut its Westpac stake to about three percent from about nine percent through a warrant issue to institutions.</p>
<p>Analysts said the dividend contribution from Lend Lease's informational technology joint venture with International Business Machines Corp was likely to range between A$6.0 million and A$10 million.</p>
<p>The IBM Global Network venture, formally called ISSC Australia, was expanded last month when Telstra Corp finalised an agreement to join the venture.  </p>
<p>Another Melbourne-based analyst forecast Lend Lease to report an annual pre-abnormal net profit of A$321 million.</p>
<p>Lend Lease plans to break down the results from its insurance and funds management arms. Previously these segments were reported under the one heading, financial services.</p>
<p>&quot;I think it will be a moderately tough year (for financial services),&quot; said the second analyst.</p>
<p>Analysts expect a further rise in profit the current year with a consensus forecast of about A$355 million or about an 11 percent rise on the 1996/97 average forecast.  </p>
<p>&quot;They never want to suprise people,&quot; said the first analyst, who is tipping a pre-abnormal net profit of A$350 million for 1997/98. &quot;You can do all the analysis you like, but they just smooth out the profit year to year,&quot; he said.</p>
<p>Lend Lease has been one of the strongest performers on the Australian Stock Exchange since the beginning of the 1996/97 year. To the end of last week, its share price had risen about 58 percent since July 1, 1996.</p>
</text>
<copyright>(c) Reuters Limited 1997</copyright>
<metadata>
<codes class="bip:countries:1.0">
  <code code="AUSTR">
    <editdetail attribution="Reuters BIP Coding Group" action="confirmed" date="1997-08-10"/>
  </code>
</codes>
<codes class="bip:industries:1.0">
  <code code="I85000">
    <editdetail attribution="Reuters BIP Coding Group" action="confirmed" date="1997-08-10"/>
  </code>
</codes>
<codes class="bip:topics:1.0">
  <code code="C15">
    <editdetail attribution="Reuters BIP Coding Group" action="confirmed" date="1997-08-10"/>
  </code>
  <code code="C152">
    <editdetail attribution="Reuters BIP Coding Group" action="confirmed" date="1997-08-10"/>
  </code>
  <code code="CCAT">
    <editdetail attribution="Reuters BIP Coding Group" action="confirmed" date="1997-08-10"/>
  </code>
</codes>
<dc element="dc.date.created" value="1996-08-11"/>
<dc element="dc.publisher" value="Reuters Holdings Plc"/>
<dc element="dc.date.published" value="1997-08-10"/>
<dc element="dc.source" value="Reuters"/>
<dc element="dc.creator.location" value="SYDNEY"/>
<dc element="dc.creator.location.country.name" value="AUSTRALIA"/>
<dc element="dc.source" value="Reuters"/>
</metadata>
</newsitem>
