<?xml version="1.0" encoding="iso-8859-1" ?>
<newsitem itemid="789964" id="root" date="1997-08-10" xml:lang="en">
<title>TAJIKISTAN: Shots heard in Tajik capital, president seeks help.</title>
<headline>Shots heard in Tajik capital, president seeks help.</headline>
<dateline>DUSHANBE 1997-08-10</dateline>
<text>
<p>Small-arms fire was heard in the Tajik capital Dushanbe on Sunday, a day after fighting erupted between two rival armed bands and caused dozens of casualties.</p>
<p>Russian military sources said President Imomali Rakhmonov was planning to ask Russian-led peacekeeping troops from the Commonwealth of Independent States in Dushanbe to take over the city's security.</p>
<p>The peacekeepers' mandate ran out on July 30 but leaders of the 12-nation CIS grouping of ex-Soviet countries have a verbal agreement to keep their forces in Tajikistan to help it emerge from a civil war which ended in a peace deal last June.</p>
<p>Parts of the north of the capital where there was fighting on Saturday were quiet but witnesses said firing could be heard further out from the centre early on Sunday.</p>
<p>Saturday's fighting sent residents fleeing and Russia's NTV said five people had been killed and 12 injured.</p>
<p>The International Committee of the Red Cross said it gave a Dushanbe hospital medicines to treat 40 wounded people.</p>
<p>A source in the presidential guard said on Saturday that the guard was fighting the forces of a maverick government commander, Colonel Makhmud Khudoyberdyev, 30 km (20 miles) south of Dushanbe in the Fakhrobad Valley and that Khudoyberdyev was trying to get to Dushanbe.</p>
<p>He said two of his men had been killed and three wounded in the valley and that more of Khudoyberdyev's forces were 22 km (14 miles) west of the capital.</p>
<p>Khudoyberdyev, who has mutinied twice and is seen by Western observers as a potential coup-maker, had said he wanted Sukhrob Kasimov, a rival armed leader, to leave the capital.</p>
<p>He could not be reached for comment on Sunday but Russia's Itar-Tass news agency quoted him as saying he would not try to take Dushanbe and that he would follow the president's orders.</p>
<p>&quot;Units of the rapid-reaction brigade under my command have no intention of attacking Dushanbe,&quot; he told Tass by telephone.</p>
<p>Blasts from rocket-propelled grenades and a pall of black smoke over Dushanbe's northern district on Saturday spelled the end of a truce which representatives of the CIS peacekeeping troops said they negotiated for 2.30 p.m. (0930 GMT).</p>
<p>A spokesman for the peacekeepers identified the commanders fighting in Dushanbe as Yakub Salimov, a tax official and a nominally pro-government warlord, and Kasimov, chief of an elite unit of Interior Ministry troops.</p>
<p>Khudoyberdyev, who commands an elite armoured brigade, has ambivalent relations with the government.</p>
<p>The Tajik government and the republic's armed Islamic opposition signed the June agreement to end a civil war which killed tens of thousands of people and displaced many more.</p>
<p>But Khudoyberdyev said last week the return of up to 500 armed Islamic opposition guerrillas to Dushanbe, which the accord provides for, would provoke fresh bloodshed.</p>
<p>A ceasefire has largely held since December but a kaleidoscopic array of armed bands threaten stability in the impoverished republic of 5.7 million which borders Afghanistan and China.</p>
</text>
<copyright>(c) Reuters Limited 1997</copyright>
<metadata>
<codes class="bip:countries:1.0">
  <code code="RUSS">
    <editdetail attribution="Reuters BIP Coding Group" action="confirmed" date="1997-08-10"/>
  </code>
  <code code="TADZK">
    <editdetail attribution="Reuters BIP Coding Group" action="confirmed" date="1997-08-10"/>
  </code>
  <code code="USSR">
    <editdetail attribution="Reuters BIP Coding Group" action="confirmed" date="1997-08-10"/>
  </code>
</codes>
<codes class="bip:topics:1.0">
  <code code="GCAT">
    <editdetail attribution="Reuters BIP Coding Group" action="confirmed" date="1997-08-10"/>
  </code>
  <code code="GDEF">
    <editdetail attribution="Reuters BIP Coding Group" action="confirmed" date="1997-08-10"/>
  </code>
  <code code="GDIP">
    <editdetail attribution="Reuters BIP Coding Group" action="confirmed" date="1997-08-10"/>
  </code>
  <code code="GVIO">
    <editdetail attribution="Reuters BIP Coding Group" action="confirmed" date="1997-08-10"/>
  </code>
</codes>
<dc element="dc.date.created" value="1997-08-10"/>
<dc element="dc.publisher" value="Reuters Holdings Plc"/>
<dc element="dc.date.published" value="1997-08-10"/>
<dc element="dc.source" value="Reuters"/>
<dc element="dc.creator.location" value="DUSHANBE"/>
<dc element="dc.creator.location.country.name" value="TAJIKISTAN"/>
<dc element="dc.source" value="Reuters"/>
</metadata>
</newsitem>
