<?xml version="1.0" encoding="iso-8859-1" ?>
<newsitem itemid="789905" id="root" date="1997-08-10" xml:lang="en">
<title>UK: Last big N.Ireland march a peaceful pageant.</title>
<headline>Last big N.Ireland march a peaceful pageant.</headline>
<byline>Andrew Hill</byline>
<dateline>LONDONDERRY, Northern Ireland 1997-08-09</dateline>
<text>
<p>The last major parade of Northern Ireland's turbulent Protestant marching season began peacefully on Saturday after police banned part of the route to defuse Catholic anger.</p>
<p>Thousands of members of the Apprentice Boys, a Protestant organisation, converged on Northern Ireland's overwhelmingly Catholic second city to commemorate a 17th century siege of the city by troops loyal to King James the Second, a Catholic.</p>
<p>Masked men, one armed with a handgun, hijacked a van from a Catholic estate and abandoned it on the Craigavon bridge over which an estimated 12,000 Apprentice Boys are due to walk on their way into the city in the afternoon, police said.</p>
<p>British army experts carried out a controlled explosion on the vehicle. It was not known if it carried a bomb, police said.</p>
<p>A handful of drunk teenagers threw stones and heckled 300 Apprentice Boy marchers as they paraded along the 300-year-old city walls to the sound of a single drumbreat from a military-style band, witnesses said.</p>
<p>The walls overlook the Catholic Bogside area whose residents threatened huge counter-demonstrations unless the Apprentice Boys rerouted so-called feeder parades.</p>
<p>Police banned the feeder parades and the Bogside Residents Association called off its threat, avoiding any re-run of the sectarian clashes which paralysed Northern Ireland during last year's marching season and one parade this year.</p>
<p>The Apprentice Boys turned the start of this year's march into a pageant with hundreds of volunteers dressed in 17th century clothes re-enacting the 105-day siege of 1689 which was relieved by troops loyal to King William of Orange.</p>
<p>The organisation is named after 13 apprentices or trainees who slammed shut the gates of the city against invading troops.</p>
<p>King William gives his name to Northern Ireland's main Protestant marching organisation, the Orange Order, and he went on to defeat King James on the battlefield to entrench Protestants in Ireland and on the British throne.</p>
<p>Londonderry Mayor Martin Bradley told reporters: &quot;It (the pageant) is a very important step for this city. This is not about flag-waving but a celebration of history and culture.&quot;</p>
<p>&quot;I hope it goes from strength to strength and becomes a tourist attraction,&quot; he said.</p>
<p>Donncha Macnaillais, spokesmen for the Bogside Residents, attended the pageant and personally silenced a small crowd of teenage drunks, witnesses said.</p>
<p>&quot;It is a bit symbolic, possibly the way forward for all of us,&quot; he said of the pageant.</p>
<p>The Orange Order cancelled three disputed parades this year to avoid inflaming sectarian tension after the first major march at Drumcree, near Portadown, exploded into violence.</p>
<p>The same march in 1996 was banned, provoking days of Protestant riots, then allowed in a move which ignited Catholic wrath and some fo the worst street violence in decades.</p>
<p>This year was the first time the Orange Order had cancelled key marches and was followed on July 20 by a ceasefire from the Irish Republican Army (IRA) guerrillas to their 28-year war against British rule of Northern Ireland.</p>
<p>&quot;I think it is quite likely that problems with parades are coming to an end everywhere,&quot; Macnaillais, commented.</p>
<p>The Catholic-backed IRA and its political wing, Sinn Fein, have long campaigned for marches to be banned or rerouted and describe them as sectarian intimidation.</p>
</text>
<copyright>(c) Reuters Limited 1997</copyright>
<metadata>
<codes class="bip:countries:1.0">
  <code code="UK">
    <editdetail attribution="Reuters BIP Coding Group" action="confirmed" date="1997-08-10"/>
  </code>
</codes>
<codes class="bip:topics:1.0">
  <code code="GCAT">
    <editdetail attribution="Reuters BIP Coding Group" action="confirmed" date="1997-08-10"/>
  </code>
  <code code="GPOL">
    <editdetail attribution="Reuters BIP Coding Group" action="confirmed" date="1997-08-10"/>
  </code>
</codes>
<dc element="dc.date.created" value="1997-08-09"/>
<dc element="dc.publisher" value="Reuters Holdings Plc"/>
<dc element="dc.date.published" value="1997-08-10"/>
<dc element="dc.source" value="Reuters"/>
<dc element="dc.creator.location" value="LONDONDERRY, Northern Ireland"/>
<dc element="dc.creator.location.country.name" value="UK"/>
<dc element="dc.source" value="Reuters"/>
</metadata>
</newsitem>
