<?xml version="1.0" encoding="iso-8859-1" ?>
<newsitem itemid="789965" id="root" date="1997-08-10" xml:lang="en">
<title>TAJIKISTAN: Tajik leader seeks end to clashes, troops' support.</title>
<headline>Tajik leader seeks end to clashes, troops' support.</headline>
<byline>Chris Bird</byline>
<dateline>DUSHANBE 1996-08-11</dateline>
<text>
<p>Tajik President Imomali Rakhmonov has demanded an end to clashes between rival armed groups in the former Soviet republic and appealed to government troops to remain loyal.</p>
<p>Fighting died down in the capital Dushanbe on Sunday, the second day of violence, but Russian news agencies said clashes continued to the south of the city.</p>
<p>Tajikistan has just emerged from a four-year civil war in which the government faced opposition Islamist guerrillas, but the weekend clashes involved rival warlords who are nominally pro-government.</p>
<p>&quot;The people who provoke these military clashes are connected with the economic mafia, the drugs mafia and the criminal world,&quot; an official statement quoted Rakhmonov as saying during a meeting of Tajikistan's Security Council.</p>
<p>It said he had issued a call to servicemen to &quot;abide by their oath of allegiance, not give in to the influence of criminal groups and refrain from criminal actions&quot;.</p>
<p>An aide to Rakhmonov said the president had told the rival groups to stop fighting within three days or face destruction.</p>
<p>Rakhmonov signed a peace deal in June which was intended to end the civil war which erupted after the Soviet Union's collapse in 1991.</p>
<p>But the peace is fragile in Tajikistan, a mountainous country of 5.7 million people which has been carved up into independent fiefdoms controlled by maverick armed groups similar to those in neighbouring Afghanistan.</p>
<p>Fighting between rival armed bands flared in Dushanbe on Saturday over the killing of an uncle of Sukhrob Kasimov, an Interior Ministry commander.</p>
<p>Kasimov's forces seized control of a northern district in the capital from Yakub Salimov, a customs chief and former interior minister.</p>
<p>Russian news agencies said fighting in the Fakhrobad Valley about 30 km (20 miles) south of Dushanbe involved another powerful government commander, Colonel Makhmud Khudoyberdyev, who has mutinied twice in the past.</p>
<p>He has threatened to try to oust Kasimov from Dushanbe.</p>
<p>Rakhmonov's ability to resist Kudoyberdyev is unclear but he might seek help from a Commonwealth of Independent States peacekeeping force dominated by Russia.</p>
<p>Russia, which is worried by violence on what it regards as its soft &quot;under-belly&quot;, has about 20,000 troops in Tajikistan carrying out peacekeeping duties and guarding borders.</p>
</text>
<copyright>(c) Reuters Limited 1997</copyright>
<metadata>
<codes class="bip:countries:1.0">
  <code code="TADZK">
    <editdetail attribution="Reuters BIP Coding Group" action="confirmed" date="1997-08-10"/>
  </code>
</codes>
<codes class="bip:topics:1.0">
  <code code="GCAT">
    <editdetail attribution="Reuters BIP Coding Group" action="confirmed" date="1997-08-10"/>
  </code>
  <code code="GPOL">
    <editdetail attribution="Reuters BIP Coding Group" action="confirmed" date="1997-08-10"/>
  </code>
  <code code="GVIO">
    <editdetail attribution="Reuters BIP Coding Group" action="confirmed" date="1997-08-10"/>
  </code>
</codes>
<dc element="dc.date.created" value="1996-08-11"/>
<dc element="dc.publisher" value="Reuters Holdings Plc"/>
<dc element="dc.date.published" value="1997-08-10"/>
<dc element="dc.source" value="Reuters"/>
<dc element="dc.creator.location" value="DUSHANBE"/>
<dc element="dc.creator.location.country.name" value="TAJIKISTAN"/>
<dc element="dc.source" value="Reuters"/>
</metadata>
</newsitem>
