<?xml version="1.0" encoding="iso-8859-1" ?>
<newsitem itemid="789996" id="root" date="1997-08-10" xml:lang="en">
<title>AUSTRALIA: AUSTRALIA LOOKS TO LEND THAILAND A$500 MLN - PAPER.</title>
<headline>AUSTRALIA LOOKS TO LEND THAILAND A$500 MLN - PAPER.</headline>
<dateline>CANBERRA 1996-08-11</dateline>
<text>
<p>The Australian government would consider later on Monday an emergency proposal to lend A$500 million to Thailand as part of an International Monetary Fund (IMF) plan to bail out the ailing Thai economy, The Australian Financial Review reported.</p>
<p>&quot;The Australian Cabinet will be meeting in Canberra to consider a submission which is understood to propose an official Australian loan of A$500 million as its contribution to the IMF rescue package,&quot; the Financial Review said.  </p>
<p>Thai Finance Minister Thanong Bidaya on Sunday left for a meeting with IMF officials in Tokyo, saying he needed at least US$10 billion in standby credit to ease Thailand's financial crisis.</p>
<p>The IMF is expected to consider the Thai package on August 21 after discussions among donor countries and institutions on Monday.</p>
<p>Thanong said as he left for Tokyo that Australia and China would join the IMF-arranged discussions.</p>
<p>Thailand is expected to borrow between US$12 billion and US$15 billion, with US$7 billion from Japan's Export Import Bank, US$4 billion from the IMF, US$1 billion from the World Bank, US$1 billion from the Asia Development Bank and the rest from other sources.</p>
<p>The Australian Financial Review said the Australian loan term would be for about three to five years.</p>
<p>&quot;Australian support is likely to take the form of a loan from the Reserve Bank of Australia to Thailand's central bank,&quot; the newspaper said.</p>
<p>Thailand is seeking both technical and financial support from the IMF to rescue the country from its worst economic crisis.</p>
<p>Thailand's economic bubble burst after a prolonged boom which saw over-borrowing from overseas and misallocation of financial resources to non-productive sectors.</p>
<p>-- Sydney Newsroom 61-2 9373 1800</p>
</text>
<copyright>(c) Reuters Limited 1997</copyright>
<metadata>
<codes class="bip:countries:1.0">
  <code code="AUSTR">
    <editdetail attribution="Reuters BIP Coding Group" action="confirmed" date="1997-08-10"/>
  </code>
  <code code="THAIL">
    <editdetail attribution="Reuters BIP Coding Group" action="confirmed" date="1997-08-10"/>
  </code>
</codes>
<codes class="bip:topics:1.0">
  <code code="E12">
    <editdetail attribution="Reuters BIP Coding Group" action="confirmed" date="1997-08-10"/>
  </code>
  <code code="E21">
    <editdetail attribution="Reuters BIP Coding Group" action="confirmed" date="1997-08-10"/>
  </code>
  <code code="E212">
    <editdetail attribution="Reuters BIP Coding Group" action="confirmed" date="1997-08-10"/>
  </code>
  <code code="E51">
    <editdetail attribution="Reuters BIP Coding Group" action="confirmed" date="1997-08-10"/>
  </code>
  <code code="ECAT">
    <editdetail attribution="Reuters BIP Coding Group" action="confirmed" date="1997-08-10"/>
  </code>
</codes>
<dc element="dc.date.created" value="1996-08-11"/>
<dc element="dc.publisher" value="Reuters Holdings Plc"/>
<dc element="dc.date.published" value="1997-08-10"/>
<dc element="dc.source" value="Reuters"/>
<dc element="dc.creator.location" value="CANBERRA"/>
<dc element="dc.creator.location.country.name" value="AUSTRALIA"/>
<dc element="dc.source" value="Reuters"/>
</metadata>
</newsitem>
