<?xml version="1.0" encoding="iso-8859-1" ?>
<newsitem itemid="789975" id="root" date="1997-08-10" xml:lang="en">
<title>CAYMAN ISLANDS: American tourists arrested for theft in Caymans.</title>
<headline>American tourists arrested for theft in Caymans.</headline>
<dateline>GEORGE TOWN, Cayman Islands 1997-08-10</dateline>
<text>
<p>A Caribbean cruise vacation came to an abrupt end for three U.S. women when they were arrested for theft on the Cayman Islands.</p>
<p>The three, from Jacksonville, Florida, were arrested Friday and will appear in court Monday, police said. Their names were withheld until then.</p>
<p>They allegedly tried to steal a large amount of money from a store owner in George Town, capital of this upscale British territory, police inspector John Harrington said. He declined to say how much money was involved but said it was &quot;substantial.&quot;</p>
<p>One woman was 52 and the other two were in their 30s, he said. They were being held in the police jail until their court appearance.</p>
<p>The women arrived in the Caymans on Friday morning on board the cruise ship Crown Monarch, police said.</p>
<p>A conviction for theft under Cayman law carries a maximum sentence of two years and a fine of up to $12,500.</p>
</text>
<copyright>(c) Reuters Limited 1997</copyright>
<metadata>
<codes class="bip:countries:1.0">
  <code code="CAYI">
    <editdetail attribution="Reuters BIP Coding Group" action="confirmed" date="1997-08-10"/>
  </code>
  <code code="USA">
    <editdetail attribution="Reuters BIP Coding Group" action="confirmed" date="1997-08-10"/>
  </code>
</codes>
<codes class="bip:topics:1.0">
  <code code="GCAT">
    <editdetail attribution="Reuters BIP Coding Group" action="confirmed" date="1997-08-10"/>
  </code>
  <code code="GCRIM">
    <editdetail attribution="Reuters BIP Coding Group" action="confirmed" date="1997-08-10"/>
  </code>
</codes>
<dc element="dc.date.created" value="1997-08-10"/>
<dc element="dc.publisher" value="Reuters Holdings Plc"/>
<dc element="dc.date.published" value="1997-08-10"/>
<dc element="dc.source" value="Reuters"/>
<dc element="dc.creator.location" value="GEORGE TOWN, Cayman Islands"/>
<dc element="dc.creator.location.country.name" value="CAYMAN ISLANDS"/>
<dc element="dc.source" value="Reuters"/>
</metadata>
</newsitem>
