<?xml version="1.0" encoding="iso-8859-1" ?>
<newsitem itemid="789977" id="root" date="1997-08-10" xml:lang="en">
<title>BRAZIL: Off-duty Brazilian cop shoots bus driver over fare.</title>
<headline>Off-duty Brazilian cop shoots bus driver over fare.</headline>
<dateline>SAO PAULO 1997-08-10</dateline>
<text>
<p>An off-duty Brazilian policeman shot a bus driver to death for refusing to let him ride for free because he was out of uniform, police said.</p>
<p>Witnesses told police that off-duty officer Cleber Ricardo, 23, pumped four rounds into bus driver Reinaldo Correia, 50, on Saturday after a heated argument over whether Ricardo should have to pay his fare.</p>
<p>Ricardo insisted he was not obligated to pay even though he was out of uniform, but Correia argued that only uniformed officers could ride for free, witnesses said.</p>
<p>The policeman then got off the bus without paying, pulled out his gun and shot Correia. Ricardo was arrested shortly after the incident.</p>
</text>
<copyright>(c) Reuters Limited 1997</copyright>
<metadata>
<codes class="bip:countries:1.0">
  <code code="BRAZ">
    <editdetail attribution="Reuters BIP Coding Group" action="confirmed" date="1997-08-10"/>
  </code>
</codes>
<codes class="bip:topics:1.0">
  <code code="GCAT">
    <editdetail attribution="Reuters BIP Coding Group" action="confirmed" date="1997-08-10"/>
  </code>
  <code code="GCRIM">
    <editdetail attribution="Reuters BIP Coding Group" action="confirmed" date="1997-08-10"/>
  </code>
</codes>
<dc element="dc.date.created" value="1997-08-10"/>
<dc element="dc.publisher" value="Reuters Holdings Plc"/>
<dc element="dc.date.published" value="1997-08-10"/>
<dc element="dc.source" value="Reuters"/>
<dc element="dc.creator.location" value="SAO PAULO"/>
<dc element="dc.creator.location.country.name" value="BRAZIL"/>
<dc element="dc.source" value="Reuters"/>
</metadata>
</newsitem>
