<?xml version="1.0" encoding="iso-8859-1" ?>
<newsitem itemid="789946" id="root" date="1997-08-10" xml:lang="en">
<title>UGANDA: Uganda recruits more troops to cope with rebels.</title>
<headline>Uganda recruits more troops to cope with rebels.</headline>
<dateline>KAMPALA 1997-08-10</dateline>
<text>
<p>Uganda's army has launched a drive to recruit 750 soldiers and local militia to counter rebels who recently invaded western Uganda from the neighbouring Democratic Republic of the Congo, the independent Monitor reported on Sunday.</p>
<p>The newspaper quoted the army's western operations commander as saying retired soldiers would be recruited to reinforce in the area and young men would be enlisted in local militia units to defend border areas.</p>
<p>Defence officials say they have broken up the rebel units which invaded parts of western Uganda in June, but vigilance is needed against incursions.</p>
<p>Uganda says the Allied Democratic Forces rebels are supported by the Sudanese government, a charge denied by Sudan.</p>
</text>
<copyright>(c) Reuters Limited 1997</copyright>
<metadata>
<codes class="bip:countries:1.0">
  <code code="CONGO">
    <editdetail attribution="Reuters BIP Coding Group" action="confirmed" date="1997-08-10"/>
  </code>
  <code code="UGANDA">
    <editdetail attribution="Reuters BIP Coding Group" action="confirmed" date="1997-08-10"/>
  </code>
</codes>
<codes class="bip:topics:1.0">
  <code code="GCAT">
    <editdetail attribution="Reuters BIP Coding Group" action="confirmed" date="1997-08-10"/>
  </code>
  <code code="GDEF">
    <editdetail attribution="Reuters BIP Coding Group" action="confirmed" date="1997-08-10"/>
  </code>
  <code code="GVIO">
    <editdetail attribution="Reuters BIP Coding Group" action="confirmed" date="1997-08-10"/>
  </code>
</codes>
<dc element="dc.date.created" value="1997-08-10"/>
<dc element="dc.publisher" value="Reuters Holdings Plc"/>
<dc element="dc.date.published" value="1997-08-10"/>
<dc element="dc.source" value="Reuters"/>
<dc element="dc.creator.location" value="KAMPALA"/>
<dc element="dc.creator.location.country.name" value="UGANDA"/>
<dc element="dc.source" value="Reuters"/>
</metadata>
</newsitem>
