<?xml version="1.0" encoding="iso-8859-1" ?>
<newsitem itemid="790072" id="root" date="1997-08-10" xml:lang="en">
<title>OMAN: GULF'S FIRST FATTY ACID PLANT PLANNED IN OMAN.</title>
<headline>GULF'S FIRST FATTY ACID PLANT PLANNED IN OMAN.</headline>
<dateline>MUSCAT 1997-08-10</dateline>
<text>
<p>Omani and foreign investors plan to set up the Gulf's first fatty acid plant in northern Oman producing raw materials for the soap, detergent and pharmaceutical industries, a newspaper reported on Sunday.</p>
<p>The Oman Daily Observer said the 3.5 million ($9.3 million) project was being promoted by Keemya Oman, set up to make and sell chemical products from the Sohar industrial estate north of the capital Muscat.</p>
<p>The paper quoted V. Sundaresan, general manager of The National Detergent Co -- which will hold 12.5 percent of the new company -- as saying it would offer 40 percent of its shares to the public later this year.</p>
<p>The plant plans to make products used in the manufacture of household and industrial cleaners, coatings, adhesives and fabric softners from vegetable oils like palm oil, palm kernel oil and coconut oil, sourced mainly from Malaysia and Indonesia.</p>
<p>Other major investors in the venture were named as Bhacker Suleiman Jaffer, with 12.5 percent, the Omzest group with 10 percent, Oman International Development and Investment Co with 8.5 percent and Detraco with seven percent.</p>
<p>($1=0.377 rial)</p>
</text>
<copyright>(c) Reuters Limited 1997</copyright>
<metadata>
<codes class="bip:countries:1.0">
  <code code="OMAN">
    <editdetail attribution="Reuters BIP Coding Group" action="confirmed" date="1997-08-10"/>
  </code>
</codes>
<codes class="bip:topics:1.0">
  <code code="C24">
    <editdetail attribution="Reuters BIP Coding Group" action="confirmed" date="1997-08-10"/>
  </code>
  <code code="CCAT">
    <editdetail attribution="Reuters BIP Coding Group" action="confirmed" date="1997-08-10"/>
  </code>
</codes>
<dc element="dc.date.created" value="1997-08-10"/>
<dc element="dc.publisher" value="Reuters Holdings Plc"/>
<dc element="dc.date.published" value="1997-08-10"/>
<dc element="dc.source" value="Reuters"/>
<dc element="dc.creator.location" value="MUSCAT"/>
<dc element="dc.creator.location.country.name" value="OMAN"/>
<dc element="dc.source" value="Reuters"/>
</metadata>
</newsitem>
