<?xml version="1.0" encoding="iso-8859-1" ?>
<newsitem itemid="790020" id="root" date="1997-08-10" xml:lang="en">
<title>TAIWAN: Taiwan won't open Cambodia office without apology.</title>
<headline>Taiwan won't open Cambodia office without apology.</headline>
<dateline>TAIPEI 1997-08-10</dateline>
<text>
<p>Taiwan flatly rejected a request to reopen its unofficial office in Phnom Penh, saying this was out of the question unless Cambodian strongman Hun Sen apologised for his mistake, local newspapers reported on Sunday.</p>
<p>Several newspapers quoted Foreign Minister John Chang as saying Cambodia had contacted Taipei through &quot;indirect channels&quot;, asking Taipei to reopen its office, which was shut in late July.</p>
<p>Chang did not say what the indirect channel was.</p>
<p>The newspapers quoted Chang as saying that Taipei would not agree to return to Phnom Penh unless Cambodian second prime minister Hun Sen acknowledged his mistake and apologised.</p>
<p>&quot;Unless he (Hun Sen) clarifies his previous comments and apologises to us in public, our country will not return to Cambodia to set up a representative office,&quot; ruling Nationalists-owned Central Daily News quoted Chang as saying.</p>
<p>Hun Sen on July 22 ordered Taiwan's representative office in Phnom Penh closed, alleging Taiwanese interference in his bloody ousting of co-premier Prince Norodom Ranariddh.</p>
<p>Taiwan, which has denied complicity in Cambodia's political turmoil, shut its office in Phnom Penh and ordered Cambodia's Taipei office closed on July 28.</p>
<p>With some US$130 million in investment, Taiwan's private sector ranks as the leading source of investment in Cambodia's unsteady, war-scarred economy.</p>
<p>Cambodia recognises only Beijing and has no official ties with Taipei.</p>
<p>Taiwan laid blame for the row squarely with communist China, suggesting Beijing was calling the shots in Phnom Penh and was now widening its long-time diplomatic embargo of Taipei, which it regards as a renegade province, to other non-official spheres.</p>
<p>Beijing has sought to squeeze Taiwan's exiled Republic of China government off the diplomatic map since it took refuge on the island after its 1949 civil war loss on the mainland.</p>
</text>
<copyright>(c) Reuters Limited 1997</copyright>
<metadata>
<codes class="bip:countries:1.0">
  <code code="KAMPA">
    <editdetail attribution="Reuters BIP Coding Group" action="confirmed" date="1997-08-10"/>
  </code>
  <code code="TAIWAN">
    <editdetail attribution="Reuters BIP Coding Group" action="confirmed" date="1997-08-10"/>
  </code>
</codes>
<codes class="bip:topics:1.0">
  <code code="GCAT">
    <editdetail attribution="Reuters BIP Coding Group" action="confirmed" date="1997-08-10"/>
  </code>
  <code code="GDIP">
    <editdetail attribution="Reuters BIP Coding Group" action="confirmed" date="1997-08-10"/>
  </code>
</codes>
<dc element="dc.date.created" value="1997-08-10"/>
<dc element="dc.publisher" value="Reuters Holdings Plc"/>
<dc element="dc.date.published" value="1997-08-10"/>
<dc element="dc.source" value="Reuters"/>
<dc element="dc.creator.location" value="TAIPEI"/>
<dc element="dc.creator.location.country.name" value="TAIWAN"/>
<dc element="dc.source" value="Reuters"/>
</metadata>
</newsitem>
