<?xml version="1.0" encoding="iso-8859-1" ?>
<newsitem itemid="790056" id="root" date="1997-08-10" xml:lang="en">
<title>TURKEY: Turkey says 27 die in Kurdish fighting.</title>
<headline>Turkey says 27 die in Kurdish fighting.</headline>
<dateline>DIYARBAKIR, Turkey 1997-08-09</dateline>
<text>
<p>Twenty-seven people, including four government soldiers, have been killed in clashes between troops and Kurd rebels in southeast Turkey, the security forces said on Saturday.</p>
<p>They said the security forces killed 23 members of the Kurdistan Workers Party (PKK) in several clashes in the region in the past week.</p>
<p>The four soldiers were killed when their patrol car hit a landmine in Sirnak province on Friday.</p>
<p>More than 26,000 people have been killed in the PKK's war for independence or autonomy launched in southeast Turkey in 1984.</p>
</text>
<copyright>(c) Reuters Limited 1997</copyright>
<metadata>
<codes class="bip:countries:1.0">
  <code code="TURK">
    <editdetail attribution="Reuters BIP Coding Group" action="confirmed" date="1997-08-10"/>
  </code>
</codes>
<codes class="bip:topics:1.0">
  <code code="GCAT">
    <editdetail attribution="Reuters BIP Coding Group" action="confirmed" date="1997-08-10"/>
  </code>
  <code code="GVIO">
    <editdetail attribution="Reuters BIP Coding Group" action="confirmed" date="1997-08-10"/>
  </code>
</codes>
<dc element="dc.date.created" value="1997-08-09"/>
<dc element="dc.publisher" value="Reuters Holdings Plc"/>
<dc element="dc.date.published" value="1997-08-10"/>
<dc element="dc.source" value="Reuters"/>
<dc element="dc.creator.location" value="DIYARBAKIR, Turkey"/>
<dc element="dc.creator.location.country.name" value="TURKEY"/>
<dc element="dc.source" value="Reuters"/>
</metadata>
</newsitem>
