<?xml version="1.0" encoding="iso-8859-1" ?>
<newsitem itemid="790075" id="root" date="1997-08-10" xml:lang="en">
<title>IRAQ: PRESS DIGEST - Iraq - Aug 10.</title>
<headline>PRESS DIGEST - Iraq - Aug 10.</headline>
<dateline>BAGHDAD 1997-08-10</dateline>
<text>
<p>These are some of the leading stories in the Iraqi press on Sunday. Reuters has not verified these stories and does not vouch for their accuracy.</p>
<p>QADISSIYA</p>
<p>- Oil contracts for the second phase of the oil deal with the U.N. are ready.</p>
<p>- A delegation from Russian oil companies heads for Iraq.</p>
<p>(The above were also carried by THAWRA and JUMHOURIYA)</p>
<p>JUMHOURIYA</p>
<p>- Syrian businessmen in Iraq to expand trade between Baghdad and Damascus.</p>
</text>
<copyright>(c) Reuters Limited 1997</copyright>
<metadata>
<codes class="bip:countries:1.0">
  <code code="IRAQ">
    <editdetail attribution="Reuters BIP Coding Group" action="confirmed" date="1997-08-10"/>
  </code>
</codes>
<codes class="bip:topics:1.0">
  <code code="GCAT">
    <editdetail attribution="Reuters BIP Coding Group" action="confirmed" date="1997-08-10"/>
  </code>
</codes>
<dc element="dc.date.created" value="1997-08-10"/>
<dc element="dc.publisher" value="Reuters Holdings Plc"/>
<dc element="dc.date.published" value="1997-08-10"/>
<dc element="dc.source" value="Reuters"/>
<dc element="dc.creator.location" value="BAGHDAD"/>
<dc element="dc.creator.location.country.name" value="IRAQ"/>
<dc element="dc.source" value="Reuters"/>
</metadata>
</newsitem>
