<?xml version="1.0" encoding="iso-8859-1" ?>
<newsitem itemid="790001" id="root" date="1997-08-10" xml:lang="en">
<title>AUSTRALIA: CONSENSUS - AUSTRALIAN ECONOMIC FORECASTS.</title>
<headline>CONSENSUS - AUSTRALIAN ECONOMIC FORECASTS.</headline>
<dateline>SYDNEY 1996-08-11</dateline>
<text>
<p>The following Australian economic indicators and events are scheduled for this week.</p>
<p>  DAY  TIME   Indicator		 Period   Forecast   Previous</p>
<p>  Tue  0130  HSBC Market Report	 Q2</p>
<p>  Tue  0130  Manufact ouput prices    Jun	n/f	+0.2 pct</p>
<p>  Tue  1300  RBA Governor Macfarlane speaks in Perth</p>
<p>  Wed  0130  Private Sector Credit    Jun	n/f	+1.0 pct</p>
<p>  Thu  0130  Wages (final data)     May qtr		 +0.5 pct</p>
<p>  Fri  0130  Manufact input prices    Jun		   +0.5 pct</p>
<p>  Fri  0130  Export price index	 Jun		   +0.7 pct</p>
<p>  Fri  0130  Import price index	 Jun		   +0.1 pct</p>
<p>------------------Calendar for August 18 week-------------------</p>
<p>  Tue  0130  Merchandise Imports	Jul		 A$6.85 bln</p>
<p>  Tue  0500  RBA Bulletin including quarterly article</p>
<p>  Thu  0130  Company profits	    Q2		    -3.4 pct</p>
<p>  ---  0130  Enterprise Bargain data  Q2		    +4.7 pct</p>
<p>----------------------------------------------------------------</p>
<p>Important upcoming dates</p>
<p>September 1 - RBA annual report</p>
<p>September 2 - RBA Board meeting</p>
<p>September 3 - Second quarter GDP</p>
<p>QUESTION OF THE WEEK - With the Australian dollar reaching a two year low just under US$0.73 last Thursday night, economists were asked where they saw the unit at the end of 1997.</p>
<p>Generally, a slight improvement is expected from the current level, as by the end of the year, economists said, it would be more apparent that the easing cycle had come to an end. With the spectre of interest rates removed, the strong growth, low inflation economy would help the dollar.  </p>
<p>Going into the end of 1997, commodities were expected to be improving, and solid fundamentals underpinning the dollar -- including the ongoing process of fiscal consolidation and the improved ratings outlook -- were expected to see the unit rally.</p>
<p>However, there were a number who saw little improvement in the dollar over the remainder of the year.</p>
<p>The speculation of a rate cut, and the possibility that it would be delivered before the end of the year, were seen as contributing to the lack of a rally, as were expected surprises on the downside for both domestic and international growth.  </p>
<p>AMP		  0.7600</p>
<p>Nat Mutual	 0.7400</p>
<p>ANZ Bank	   0.7550</p>
<p>Nomura	     0.7400</p>
<p>ANZ Secs	   0.7400</p>
<p>Pru Bache	  0.7600</p>
<p>Axiom		0.7400</p>
<p>Rothschild	 0.7200</p>
<p>BT		   0.7600</p>
<p>SBC		  0.7350</p>
<p>Citibank	   0.7900</p>
<p>Soc Gen	    0.7850</p>
<p>Col State	  0.7400</p>
<p>Toronto Dom	0.7500</p>
<p>Comm Bank	  0.8000</p>
<p>UBS		  0.7200</p>
<p>County	     0.7500</p>
<p>Westpac	    0.7400</p>
<p>CSFB		 0.7500</p>
<p>Dresdner	   0.7700</p>
<p>Low		  0.7200</p>
<p>Hambros	    0.7600-0.7700</p>
<p>High		 0.8000</p>
<p>HSBC		 0.7650</p>
<p>Average	    0.7520</p>
<p>JP Morgan	  0.7200-0.7300</p>
<p>Median	     0.7500</p>
<p>Macquarie	  0.7500</p>
<p>Merrills	   0.7400</p>
<p>In a week of minor data, the most important event is the speech by Reserve Bank of Australia Governor Ian Macfarlane in Perth on Tuesday. Macfarlane will be talking on monetary policy and growth in his first speech since the last rate cut and the decision to sell two thirds of the RBA's gold reserves.</p>
<p>-- Sydney Newsroom 61-2 9373-1800</p>
</text>
<copyright>(c) Reuters Limited 1997</copyright>
<metadata>
<codes class="bip:countries:1.0">
  <code code="AUSTR">
    <editdetail attribution="Reuters BIP Coding Group" action="confirmed" date="1997-08-10"/>
  </code>
</codes>
<codes class="bip:topics:1.0">
  <code code="E71">
    <editdetail attribution="Reuters BIP Coding Group" action="confirmed" date="1997-08-10"/>
  </code>
  <code code="ECAT">
    <editdetail attribution="Reuters BIP Coding Group" action="confirmed" date="1997-08-10"/>
  </code>
</codes>
<dc element="dc.date.created" value="1996-08-11"/>
<dc element="dc.publisher" value="Reuters Holdings Plc"/>
<dc element="dc.date.published" value="1997-08-10"/>
<dc element="dc.source" value="Reuters"/>
<dc element="dc.creator.location" value="SYDNEY"/>
<dc element="dc.creator.location.country.name" value="AUSTRALIA"/>
<dc element="dc.source" value="Reuters"/>
</metadata>
</newsitem>
