<?xml version="1.0" encoding="iso-8859-1" ?>
<newsitem itemid="790041" id="root" date="1997-08-10" xml:lang="en">
<title>JAPAN: North Korea says disappointed over New York talks.</title>
<headline>North Korea says disappointed over New York talks.</headline>
<dateline>TOKYO 1997-08-10</dateline>
<text>
<p>North Korea on Sunday said the results of the preliminary four-way talks held in New York last week were disappointing, and warned the United States against using North Korea's dire food shortage as a political weapon.</p>
<p>&quot;The results of the 5th-7th August preliminary meeting held in New York are, in a nutshell, below our expectations,&quot; the North Korean news agency KCNA, monitored in Tokyo, quoted a North Korean spokesman as saying.</p>
<p>He said that thanks to North Korea's efforts, tentative agreement had been reached on issues including the level of participants, the venue and procedures for four-way talks.</p>
<p>&quot;However, there were raised seriously conflicting views on some key issues such as the agenda,&quot; KCNA quoted the spokesman as saying.</p>
<p>Three days of preparatory talks in New York last week failed to reach final agreement on procedures for substantive negotiations planned for Geneva and involving the United States, China, South Korea and North Korea.</p>
<p>On Friday, the United States said a &quot;significant&quot; disagreement was over whether the agenda should be specific or general, and said the U.S. does not want to negotiate a U.S. withdrawal of troops from the Korean peninsula.</p>
<p>The North Korean spokesman said a main principle of the talks was that they should not cover the internal affairs of North Korea, but issues which include a peace agreement between the U.S. and North Korea and the withdrawal of U.S. troops from the Korean peninsula.</p>
<p>&quot;The United States, however, refused to accept such issues as agenda items and insisted on generalising the agenda items so that other issues can be discussed. We suspect that the U.S. intends to avoid its responsibility and interfere in internal affairs of our nation,&quot; he said.</p>
<p>&quot;What also disappointed us was the U.S. position that food assistance to North Korea can be expanded only after the four-way talks are opened. With (a) serious food problem, we guard against possible use of food assistance to the North Korea as a political weapon,&quot; the spokesman said. &quot;The U.S. attitude at the preliminary meeting added fuel to our fear,&quot; he added.</p>
<p>He said, however, that since Washington had come to the negotiating table, &quot;although belatedly,&quot; North Korea would &quot;watch their attitude for some more time&quot;.</p>
</text>
<copyright>(c) Reuters Limited 1997</copyright>
<metadata>
<codes class="bip:countries:1.0">
  <code code="NKOREA">
    <editdetail attribution="Reuters BIP Coding Group" action="confirmed" date="1997-08-10"/>
  </code>
  <code code="USA">
    <editdetail attribution="Reuters BIP Coding Group" action="confirmed" date="1997-08-10"/>
  </code>
</codes>
<codes class="bip:topics:1.0">
  <code code="GCAT">
    <editdetail attribution="Reuters BIP Coding Group" action="confirmed" date="1997-08-10"/>
  </code>
  <code code="GDIP">
    <editdetail attribution="Reuters BIP Coding Group" action="confirmed" date="1997-08-10"/>
  </code>
</codes>
<dc element="dc.date.created" value="1997-08-10"/>
<dc element="dc.publisher" value="Reuters Holdings Plc"/>
<dc element="dc.date.published" value="1997-08-10"/>
<dc element="dc.source" value="Reuters"/>
<dc element="dc.creator.location" value="TOKYO"/>
<dc element="dc.creator.location.country.name" value="JAPAN"/>
<dc element="dc.source" value="Reuters"/>
</metadata>
</newsitem>
