<?xml version="1.0" encoding="iso-8859-1" ?>
<newsitem itemid="790011" id="root" date="1997-08-10" xml:lang="en">
<title>PHILIPPINES: PHILIPPINE 24-HOUR WEATHER FORECAST - AUG 11.</title>
<headline>PHILIPPINE 24-HOUR WEATHER FORECAST - AUG 11.</headline>
<text>
<p>++++</p>
<p>STORM ALERT -- -  ALL CLEAR</p>
<p>METRO MANILA --  Partly cloudy with afternoon or evening</p>
<p>			isolated rainshowers or thunderstorm. Winds</p>
<p>			light southwesterly. Temp. 25-33</p>
<p>BAGUIO CITY  --  Partly cloudy with isolated rainshowers or</p>
<p>			thunderstorms. Winds light to moderate</p>
<p>			southwesterly. 15-22</p>
<p> METRO CEBU   --  Partly cloudy to cloudy with rainshowers</p>
<p>			and thunderstorms. Winds light southwesterly.</p>
<p>			25-32.</p>
<p>METRO DAVAO  --  Partly cloudy to cloudy with isolated</p>
<p>			rainshowers  and thunderstorms. Winds light</p>
<p>			southwesterly. 24-32.</p>
</text>
<copyright>(c) Reuters Limited 1997</copyright>
<metadata>
<codes class="bip:countries:1.0">
  <code code="PHLNS">
    <editdetail attribution="Reuters BIP Coding Group" action="confirmed" date="1997-08-10"/>
  </code>
</codes>
<codes class="bip:topics:1.0">
  <code code="GCAT">
    <editdetail attribution="Reuters BIP Coding Group" action="confirmed" date="1997-08-10"/>
  </code>
  <code code="GWEA">
    <editdetail attribution="Reuters BIP Coding Group" action="confirmed" date="1997-08-10"/>
  </code>
</codes>
<dc element="dc.publisher" value="Reuters Holdings Plc"/>
<dc element="dc.date.published" value="1997-08-10"/>
<dc element="dc.source" value="Reuters"/>
<dc element="dc.creator.location.country.name" value="PHILIPPINES"/>
<dc element="dc.source" value="Reuters"/>
</metadata>
</newsitem>
