<?xml version="1.0" encoding="iso-8859-1" ?>
<newsitem itemid="790027" id="root" date="1997-08-10" xml:lang="en">
<title>JAPAN: FOREIGNERS NEUTRAL ON JAPAN STOCKS VIA &quot;BIG FOUR&quot;.</title>
<headline>FOREIGNERS NEUTRAL ON JAPAN STOCKS VIA &quot;BIG FOUR&quot;.</headline>
<dateline>TOKYO 1996-08-11</dateline>
<text>
<p>Orders placed by foreign investors via Japan's &quot;Big Four&quot; securities houses before the start of stock trading on Monday showed a net neutral stance, market sources said.</p>
<p>Foreign investors placed four million shares of sell orders against four million shares of buys.</p>
</text>
<copyright>(c) Reuters Limited 1997</copyright>
<metadata>
<codes class="bip:countries:1.0">
  <code code="JAP">
    <editdetail attribution="Reuters BIP Coding Group" action="confirmed" date="1997-08-10"/>
  </code>
</codes>
<codes class="bip:topics:1.0">
  <code code="M11">
    <editdetail attribution="Reuters BIP Coding Group" action="confirmed" date="1997-08-10"/>
  </code>
  <code code="MCAT">
    <editdetail attribution="Reuters BIP Coding Group" action="confirmed" date="1997-08-10"/>
  </code>
</codes>
<dc element="dc.date.created" value="1996-08-11"/>
<dc element="dc.publisher" value="Reuters Holdings Plc"/>
<dc element="dc.date.published" value="1997-08-10"/>
<dc element="dc.source" value="Reuters"/>
<dc element="dc.creator.location" value="TOKYO"/>
<dc element="dc.creator.location.country.name" value="JAPAN"/>
<dc element="dc.source" value="Reuters"/>
</metadata>
</newsitem>
