<?xml version="1.0" encoding="iso-8859-1" ?>
<newsitem itemid="790034" id="root" date="1997-08-10" xml:lang="en">
<title>JAPAN: RESEARCH ALERT-NGK SPARK PLUG CUT.</title>
<headline>RESEARCH ALERT-NGK SPARK PLUG CUT.</headline>
<dateline>TOKYO 1996-08-11</dateline>
<text>
<p>Daiwa Institute of Research Ltd downgraded NGK Spark Plug Co Ltd to a &quot;B&quot; rating from its previous &quot;A&quot;, Daiwa Securities brokers said on Monday.</p>
<p>In its three-grade rating system, the research institute assigns a &quot;B&quot; rating to issues whose values it sees moving within 10 percentage points in either direction of the Tokyo Stock Exchange first-section TOPIX index over the next six months.</p>
</text>
<copyright>(c) Reuters Limited 1997</copyright>
<metadata>
<codes class="bip:countries:1.0">
  <code code="JAP">
    <editdetail attribution="Reuters BIP Coding Group" action="confirmed" date="1997-08-10"/>
  </code>
</codes>
<codes class="bip:industries:1.0">
  <code code="I35300">
    <editdetail attribution="Reuters BIP Coding Group" action="confirmed" date="1997-08-10"/>
  </code>
</codes>
<codes class="bip:topics:1.0">
  <code code="C15">
    <editdetail attribution="Reuters BIP Coding Group" action="confirmed" date="1997-08-10"/>
  </code>
  <code code="C152">
    <editdetail attribution="Reuters BIP Coding Group" action="confirmed" date="1997-08-10"/>
  </code>
  <code code="CCAT">
    <editdetail attribution="Reuters BIP Coding Group" action="confirmed" date="1997-08-10"/>
  </code>
</codes>
<dc element="dc.date.created" value="1996-08-11"/>
<dc element="dc.publisher" value="Reuters Holdings Plc"/>
<dc element="dc.date.published" value="1997-08-10"/>
<dc element="dc.source" value="Reuters"/>
<dc element="dc.creator.location" value="TOKYO"/>
<dc element="dc.creator.location.country.name" value="JAPAN"/>
<dc element="dc.source" value="Reuters"/>
</metadata>
</newsitem>
