<?xml version="1.0" encoding="iso-8859-1" ?>
<newsitem itemid="790000" id="root" date="1997-08-10" xml:lang="en">
<title>AUSTRALIA: INDICATORS-LATEST AUSTRALIAN MONTHLY STATISTICS.</title>
<headline>INDICATORS-LATEST AUSTRALIAN MONTHLY STATISTICS.</headline>
<dateline>SYDNEY 1996-08-11</dateline>
<text>
<p>Latest Australian monthly economic data.</p>
<p>				  MONTHLY STATISTICS</p>
<p>				  Period  Latest  Prev1  Prev2    Next</p>
<p>Balance of Goods and Services (s/adj, A$ million current prices)</p>
<p>	 G&amp;S Balance	   Jun   +1964    +787    +210   Aug 29</p>
<p>	 Trade Balance	 Jun   +1849    +771     +36   Aug 29</p>
<p>	 Services Balance    Jun    +115     +16    +174   Aug 29</p>
<p>Merchandise Exports (s/adj, m/m pct)</p>
<p>	 Exports (m/m pct)   Jun   +23.2    +6.5    +6.7   Aug 29</p>
<p>	 Exports (y/y pct)   Jun   +38.4   +15.2    +4.2   Aug 29</p>
<p>	 Rural (m/m pct)     Jun    +1.2    +0.9    +7.4   Aug 29</p>
<p>	 Non-Rural (m/m pct) Jun   +31.8    +8.8    +6.4   Aug 29</p>
<p>Merchandise Imports (s/adj, m/m pct)</p>
<p>	 Total		   Jun    +9.2    -4.4    +1.7   Aug 29</p>
<p>	 Total (y/y pct)     Jun   +12.1    -1.0    +2.8   Aug 29</p>
<p>	 Consumer		Jun   +13.9    -2.9    +2.2   Aug 29</p>
<p>	 Capital		 Jun   +13.6    -9.6    +8.6   Aug 29</p>
<p>	 Intermediate	  Jun    +4.4    -2.6    -1.9   Aug 29</p>
<p>Labour Force (s/adj)</p>
<p>	 Employment (000)    Jul   +21.3   +11.9   -40.3   Sep 11</p>
<p>	 - full time (000)   Jul   +52.5   -16.9   -23.1   Sep 11</p>
<p>	 - part time (000)   Jul   -31.3   +28.9   -17.3   Sep 11</p>
<p>	 Unemployment (pct)  Jul     8.7     8.5     8.8   Sep 11</p>
<p>	 Participation rate  Jul    63.2    63.0    63.2   Sep 11</p>
<p>ANZ job advertisements</p>
<p>	 (s/adj, m/m pct)    Jul    -2.9    +0.8    -7.3   Sep 08</p>
<p>	 (s/adj, y/y pct)    Jul    +3.8    +2.7    +2.2   Sep 08</p>
<p>	 (trend, m/m pct)    Jul    +0.1    +0.7    +1.3   Sep 08</p>
<p>Building Approvals</p>
<p>	 (s/adj, m/m pct)    Jun    -4.5    +2.2    -2.5   Sep 01</p>
<p>	 (s/adj, y/y pct)    Jun   +15.1   +14.8   +16.2   Sep 01</p>
<p>	 (trend, m/m pct)    Jun    -0.3    +0.1    +0.5   Sep 01</p>
<p>Housing finance for owner occupation (pct)</p>
<p>	 Total (s/adj, m/m)  Jun    -2.1    -8.3   +12.3   Sep 09</p>
<p>	 Total (s/adj, y/y)  Jun    +9.7    +7.3   +15.6   Sep 09</p>
<p>	 Total (trend, m/m)  Jun    -0.7    -0.3    -0.1   Sep 09</p>
<p>Retail Trade (current prices)</p>
<p>	 Total (s/adj, m/m)  Jun    -1.8    +2.9    -1.7   Sep 04</p>
<p>	 Total (s/adj, y/y)  Jun    +1.7    +3.9    +1.5   Sep 04</p>
<p>	 Total (trend, m/m)  Jun    +0.1    +0.2    +0.2   Sep 04</p>
<p>New Motor Vehicles registrations</p>
<p>	 Total (s/adj, m/m)  Jun   +13.6    -0.7    -6.1   Aug 29</p>
<p>	 Total (s/adj, y/y)  Jun    +4.1    +5.7    +1.9   Aug 29</p>
<p>	 Total (trend, m/m)  Jun    +1.1    -0.4    +0.2   Aug 29</p>
<p>Westpac/Melbourne Institute Consumer Sentiment</p>
<p>	 Index level	   Jul    101.1  100.0   102.5   Aug 13</p>
<p>	 Pct change(m/m)     Jul     +1.1   -2.4    -2.8   Aug 13</p>
<p>	 Points change(m/m)  Jul     +1.1   -2.5    -2.9   Aug 13</p>
<p>Westpac/Melbourne Institute Leading Index</p>
<p>	 Pct change(m/m)     May    +1.3    +1.8    -1.0   Aug 20</p>
<p>	 Points change(m/m)  May    +2.0    +2.9    -1.5   Aug 20</p>
<p>Private Sector Credit</p>
<p>	 Credit (m/m, s/adj) May    +1.0    +1.0    +0.7   Aug 15</p>
<p>	 Credit (y/y, s/adj) May   +10.1    +9.5    +9.5   Aug 15</p>
<p>Manufacturing Input Prices</p>
<p>	 Price Index (m/m)   May    +0.5    -0.5    -1.5   Aug 15</p>
<p>	 Price Index (y/y)   May    -2.9    -3.8    -3.3   Aug 15</p>
<p>Manufacturing Output Prices</p>
<p>	 Price Index (m/m)   May    +0.2    -0.2    -0.1   Aug 12</p>
<p>	 Price Index (y/y)   May    +0.8    +0.6    +0.7   Aug 12</p>
<p>Export Prices</p>
<p>	 Price Index (m/m)   May    +0.7    +0.8    -1.4   Aug 15</p>
<p>	 Price Index (y/y)   May    -0.3    -1.6    -3.8   Aug 15</p>
<p>Import Prices </p>
<p>	 Price Index (m/m)   May    +0.1    +0.1    -2.0   Aug 15</p>
<p>	 Price Index (y/y)   May    -2.6    -4.1    -5.6   Aug 15</p>
<p>RBA Commodity Price Index</p>
<p>	 $AUD Index Level    Jul    -0.6    +0.2    +1.3   Sep 01</p>
<p>	 SDR Index Level     Jul    -1.3    -3.1     0.0   Sep 01</p>
<p>	 $US Index Level     Jul    -2.1    -2.6    +0.7   Sep 01</p>
<p>-- Sydney Newsroom 61-2 9373-1800 (Fax 61-2 9262-4727)</p>
</text>
<copyright>(c) Reuters Limited 1997</copyright>
<metadata>
<codes class="bip:countries:1.0">
  <code code="AUSTR">
    <editdetail attribution="Reuters BIP Coding Group" action="confirmed" date="1997-08-10"/>
  </code>
</codes>
<codes class="bip:topics:1.0">
  <code code="E71">
    <editdetail attribution="Reuters BIP Coding Group" action="confirmed" date="1997-08-10"/>
  </code>
  <code code="ECAT">
    <editdetail attribution="Reuters BIP Coding Group" action="confirmed" date="1997-08-10"/>
  </code>
</codes>
<dc element="dc.date.created" value="1996-08-11"/>
<dc element="dc.publisher" value="Reuters Holdings Plc"/>
<dc element="dc.date.published" value="1997-08-10"/>
<dc element="dc.source" value="Reuters"/>
<dc element="dc.creator.location" value="SYDNEY"/>
<dc element="dc.creator.location.country.name" value="AUSTRALIA"/>
<dc element="dc.source" value="Reuters"/>
</metadata>
</newsitem>
