<?xml version="1.0" encoding="iso-8859-1" ?>
<newsitem itemid="790071" id="root" date="1997-08-10" xml:lang="en">
<title>CYPRUS: Greek Cypriots honour deaths on ceasefire line.</title>
<headline>Greek Cypriots honour deaths on ceasefire line.</headline>
<dateline>PARALIMNI, Cyprus 1997-08-10</dateline>
<text>
<p>Hundreds of Greek Cypriots attended on Sunday a memorial service for two youths killed by Turkish Cypriots during clashes last year along the ceasefire line dividing the island in two.</p>
<p>Greek Cypriots Tasos Isaak, 24, and Solakis Solomou, 26, were killed on August 11 and 14 respectively last year.</p>
<p>Isaak was killed during a rally organised by local motorcyclists called to protest the continuing division of the island. He was beaten to death by people from the Turkish half of the island.</p>
<p>Three days later, after his emotionally charged funeral, Solomou was shot dead as he attempted to climb a flagpole and tear down the Turkish flag.</p>
<p>At Paralimni village, some 100 kms (60 miles) south east of the capital Nicosia, stony faced relatives gave out bread blessed by a priest and grain and raisins as is the Greek Orthodox custom after the memorial service.</p>
<p>Dozens of riot police stood guard close to the ceasefire line where the two youths were killed last year.</p>
<p>Solomou's father was refused entry by police into the buffer zone to lay a wreath where his son was killed.</p>
<p>&quot;We took all precautions necessary,&quot; said Justice Minister Nicos Koshis.</p>
<p>Their deaths heightened tension on the island, divided after a Turkish invasion in 1974 in response to a Greek-inspired coup, to levels unprecedented since 1974.</p>
<p>On Monday Greek Cypriot leader Glafcos Clerides and Turkish Cypriot leader Rauf Denktash are due to start a second round of formal U.N. sponsored talks at Montreux.</p>
</text>
<copyright>(c) Reuters Limited 1997</copyright>
<metadata>
<codes class="bip:countries:1.0">
  <code code="CYPR">
    <editdetail attribution="Reuters BIP Coding Group" action="confirmed" date="1997-08-10"/>
  </code>
  <code code="GREECE">
    <editdetail attribution="Reuters BIP Coding Group" action="confirmed" date="1997-08-10"/>
  </code>
  <code code="TURK">
    <editdetail attribution="Reuters BIP Coding Group" action="confirmed" date="1997-08-10"/>
  </code>
</codes>
<codes class="bip:topics:1.0">
  <code code="GCAT">
    <editdetail attribution="Reuters BIP Coding Group" action="confirmed" date="1997-08-10"/>
  </code>
  <code code="GVIO">
    <editdetail attribution="Reuters BIP Coding Group" action="confirmed" date="1997-08-10"/>
  </code>
</codes>
<dc element="dc.date.created" value="1997-08-10"/>
<dc element="dc.publisher" value="Reuters Holdings Plc"/>
<dc element="dc.date.published" value="1997-08-10"/>
<dc element="dc.source" value="Reuters"/>
<dc element="dc.creator.location" value="PARALIMNI, Cyprus"/>
<dc element="dc.creator.location.country.name" value="CYPRUS"/>
<dc element="dc.source" value="Reuters"/>
</metadata>
</newsitem>
