<?xml version="1.0" encoding="iso-8859-1" ?>
<newsitem itemid="790129" id="root" date="1997-08-10" xml:lang="en">
<title>LEBANON: Hizbollah condemns Arafat for &quot;false accusations&quot;.</title>
<headline>Hizbollah condemns Arafat for &quot;false accusations&quot;.</headline>
<dateline>BEIRUT 1997-08-10</dateline>
<text>
<p>Lebanon's Hizbollah on Sunday denounced Palestinian President Yasser Arafat for &quot;spreading lies&quot; suggesting that the group may be linked to a twin suicide attack in Jerusalem last month.</p>
<p>A Hizbollah official in turn accused Arafat's supporters of firing Katyusha rockets into northern Israel on Friday, a day before Israeli planes attacked a Hizbollah camp in Lebanon.</p>
<p>&quot;Arafat has unleashed a series of false accusations and lies targeting Hizbollah and naming it in the course of a campaign coordinated with the Zionist entity (Israel),&quot; the pro-Iranian group said in a statement.</p>
<p>Arafat told CNN and Abu Dhabi television that a claim of responsibility issued in the name of Hamas after the July 30 bombing in Jerusalem had contained a call for the release by Israel of kidnapped Hizbollah cleric Sheikh Abdel Karim Obeid.</p>
<p>&quot;What is the relation of Hizbollah with this terrorist activity unless they were behind it or they knew it or they facilitated....it?&quot; Arafat asked.</p>
<p>He said senior Israeli officers had told him that they believed the suicide bombers, whose identity has not been established, came from abroad.</p>
<p>The Hizbollah statement, faxed to an international news agency in Beirut, noted that the timing of Arafat's accusations &quot;met the daily reccurrent Zionist aggressions against our people in different Lebanese areas&quot;.</p>
<p>Violence has escalated last week along the Israel-Lebanon border. Fourteen people, seven of them Lebanese civilians, have been killed in Israeli air raids, artillery shelling or bombs planted by unknown assailants since Monday.</p>
<p>&quot;This is a clear indication that Arafat is justifying these Zionist crimes committed against our people and that he and his authority have become a tool in the service of Zionist terrorism,&quot; Hizbollah's statement added.</p>
<p>In the eastern Lebanese town of Baalbek, a senior Hizbollah official attending the funeral of a guerrilla killed in one of the Israeli air raids, accused Arafat's supporters of firing Katyusha rockets into Israel on Friday.</p>
<p>&quot;Arafat and his supporters are behind the Katyusha firing into northern Palestine. They did it to give them (Israeli forces) a justification to hit us,&quot; said Sheikh Mohamad Yazbek, Hizbollah's top leader in the Baalbek area.</p>
<p>Israeli planes rocketed a Hizbollah camp south of Baalbek on Saturday killing a guerrilla and wounding four a day after hitting a Palestinian base south of Beirut following a Katyusha attack on northern Israel in which a woman was wounded.</p>
<p>Hizbollah said it did not fire the rockets.</p>
<p>Lebanese Foreign Minister Faris Bouez also accused Arafat on Saturday of assisting Israeli Prime Minister Benjamin Netanyahu in inflaming the situation in south Lebanon.</p>
<p>Some 360,000 Palestinian refugees live in 12 camps across Lebanon, many belonging to anti-Arafat factions opposed to the current peace accords with Israel.</p>
</text>
<copyright>(c) Reuters Limited 1997</copyright>
<metadata>
<codes class="bip:countries:1.0">
  <code code="ISRAEL">
    <editdetail attribution="Reuters BIP Coding Group" action="confirmed" date="1997-08-10"/>
  </code>
  <code code="LEBAN">
    <editdetail attribution="Reuters BIP Coding Group" action="confirmed" date="1997-08-10"/>
  </code>
</codes>
<codes class="bip:topics:1.0">
  <code code="GCAT">
    <editdetail attribution="Reuters BIP Coding Group" action="confirmed" date="1997-08-10"/>
  </code>
  <code code="GDIP">
    <editdetail attribution="Reuters BIP Coding Group" action="confirmed" date="1997-08-10"/>
  </code>
  <code code="GVIO">
    <editdetail attribution="Reuters BIP Coding Group" action="confirmed" date="1997-08-10"/>
  </code>
</codes>
<dc element="dc.date.created" value="1997-08-10"/>
<dc element="dc.publisher" value="Reuters Holdings Plc"/>
<dc element="dc.date.published" value="1997-08-10"/>
<dc element="dc.source" value="Reuters"/>
<dc element="dc.creator.location" value="BEIRUT"/>
<dc element="dc.creator.location.country.name" value="LEBANON"/>
<dc element="dc.source" value="Reuters"/>
</metadata>
</newsitem>
