<?xml version="1.0" encoding="iso-8859-1" ?>
<newsitem itemid="790105" id="root" date="1997-08-10" xml:lang="en">
<title>EGYPT: Medinet trade boosts Egypt bourse volume.</title>
<headline>Medinet trade boosts Egypt bourse volume.</headline>
<dateline>CAIRO 1997-08-10</dateline>
<text>
<p>Egyptian share prices weakened a fraction in heavyweight trade in Medinet Nasr Housing and Development shares on Sunday, the first day a new method to calculate bourse closing prices went into effect.</p>
<p>The Capital Market Authority index slipped 0.63 points to 334.6 in good trade of 62.9 million pounds ($18.5 million).</p>
<p>More than 105,000 shares worth 25 million pounds changed hands in Medinet Nasr. Its share rose 1.94 to 239.94 pounds.</p>
<p>Egypt last week issued a decree which changed the way closing prices are calculated on the stock exchange.</p>
<p>The new way of calculating is based on the weighted average of trades in the share throughout the day, excluding the odd lot trades, or those less than 100 shares as volume.</p>
<p>This way, the closing price reflects performance throughout the day, rather than just its activity at the end.</p>
<p>&quot;Basically it's a much more fair system. It reflects the fair value of the stock. Prior to this some companies used to control the prices,&quot; said Sarah Gamal, broker at EFG Hermes.</p>
<p>She said she expected the new price calculation system, technical upgrades and the automatic matching system which took effect this month to encourage foreign investors to increase their portfolios in Egypt.</p>
<p>More than 53,000 Commercial International Bank/CIB shares worth 3.9 million pounds changed hands. They closed down 0.07 at 72.68.</p>
<p>&quot;CIB has been doing high volume, close to 100,000 shares, in the past three or four (trading) days,&quot; said Gamal.</p>
<p>Mills as a sector were popular. &quot;Today there was volume in mills in general,&quot; she said. &quot;There were large volumes today considering what they did last week, when prices dropped and nobody wanted to sell.&quot;</p>
<p>North Cairo Flour Mills slipped a fraction, falling 0.02 to 172.98 pounds in two million pounds volume.</p>
<p>The index for openly traded firms fell to 445.75 points from 446.89 points on Thursday and that for the rarely traded &quot;closed&quot; firms fell to 250.83 from 251.23.</p>
<p>Of the 78 shares traded, 28 rose, 31 ended lower and 19 remained unchanged.</p>
<p>$1 = 3.395 pounds</p>
<p>-- Christine Hauser, Cairo newsroom, +20 2 578 3902/1</p>
</text>
<copyright>(c) Reuters Limited 1997</copyright>
<metadata>
<codes class="bip:countries:1.0">
  <code code="EGYPT">
    <editdetail attribution="Reuters BIP Coding Group" action="confirmed" date="1997-08-10"/>
  </code>
</codes>
<codes class="bip:topics:1.0">
  <code code="M11">
    <editdetail attribution="Reuters BIP Coding Group" action="confirmed" date="1997-08-10"/>
  </code>
  <code code="MCAT">
    <editdetail attribution="Reuters BIP Coding Group" action="confirmed" date="1997-08-10"/>
  </code>
</codes>
<dc element="dc.date.created" value="1997-08-10"/>
<dc element="dc.publisher" value="Reuters Holdings Plc"/>
<dc element="dc.date.published" value="1997-08-10"/>
<dc element="dc.source" value="Reuters"/>
<dc element="dc.creator.location" value="CAIRO"/>
<dc element="dc.creator.location.country.name" value="EGYPT"/>
<dc element="dc.source" value="Reuters"/>
</metadata>
</newsitem>
