<?xml version="1.0" encoding="iso-8859-1" ?>
<newsitem itemid="790138" id="root" date="1997-08-10" xml:lang="en">
<title>USA: Crews reopen track near Arizona derailment site.</title>
<headline>Crews reopen track near Arizona derailment site.</headline>
<dateline>KINGMAN, Ariz. 1997-08-10</dateline>
<text>
<p>Workers Sunday reopened a portion of railroad track where an Amtrak train derailed in the Arizona desert and officials said a buckled bridge at the site of the accident could be open by Monday.</p>
<p>The track was reopened after workers spent hours clearing debris from the four-engine, 16-car Southwest Chief train that jumped the tracks Saturday while enroute to Chicago from Los Angeles. More than 150 people were injured.</p>
<p>&quot;The track is available and freight is moving through there right now,&quot; said Debbie Hare, an Amtrak spokeswoman in Chicago. &quot;That's really good news because it's a busy area.&quot;</p>
<p>Rail traffic had been at a standstill since early Saturday when the train derailed about 13 miles east of Kingman, a small community about 100 miles southeast of Las Vegas. The tracks, which are owned and operated by Burlington Northern Santa Fe Railways Corp., were shut down immediately.</p>
<p>Investigators from the National Transportation Safety Board were still on the scene Sunday trying to determine the cause of the derailment. Authorities believe a small bridge was weakened and then buckled when a flash flood hit the area early Saturday, causing the normally dry wash underneath to swell with water.</p>
<p>Ironically, the bridge and the track apparently had been checked just hours before the derailment and were declared to be in good condition.</p>
<p>The derailment is the second major train crash in Arizona in nearly two years.</p>
<p>Amtrak's Sunset Limited derailed in October 1995 in a remote area about 55 miles southwest of Phoenix. One person was killed and 78 were injured in that accident, which investigators determined was the result of tampering with a track and a warning system. No one has been arrested for that incident and an investigation continues.</p>
</text>
<copyright>(c) Reuters Limited 1997</copyright>
<metadata>
<codes class="bip:countries:1.0">
  <code code="USA">
    <editdetail attribution="Reuters BIP Coding Group" action="confirmed" date="1997-08-10"/>
  </code>
</codes>
<codes class="bip:industries:1.0">
  <code code="I71000">
    <editdetail attribution="Reuters BIP Coding Group" action="confirmed" date="1997-08-10"/>
  </code>
</codes>
<codes class="bip:topics:1.0">
  <code code="C24">
    <editdetail attribution="Reuters BIP Coding Group" action="confirmed" date="1997-08-10"/>
  </code>
  <code code="CCAT">
    <editdetail attribution="Reuters BIP Coding Group" action="confirmed" date="1997-08-10"/>
  </code>
  <code code="GCAT">
    <editdetail attribution="Reuters BIP Coding Group" action="confirmed" date="1997-08-10"/>
  </code>
  <code code="GDIS">
    <editdetail attribution="Reuters BIP Coding Group" action="confirmed" date="1997-08-10"/>
  </code>
</codes>
<dc element="dc.date.created" value="1997-08-10"/>
<dc element="dc.publisher" value="Reuters Holdings Plc"/>
<dc element="dc.date.published" value="1997-08-10"/>
<dc element="dc.source" value="Reuters"/>
<dc element="dc.creator.location" value="KINGMAN, Ariz."/>
<dc element="dc.creator.location.country.name" value="USA"/>
<dc element="dc.source" value="Reuters"/>
</metadata>
</newsitem>
