<?xml version="1.0" encoding="iso-8859-1" ?>
<newsitem itemid="790150" id="root" date="1997-08-10" xml:lang="en">
<title>USA: Fifth victim of Miami plane crash identified.</title>
<headline>Fifth victim of Miami plane crash identified.</headline>
<dateline>MIAMI 1997-08-10</dateline>
<text>
<p>Investigators have identified a fifth victim from the crash of a cargo plane on take-off from Miami airport, the only person known to have been killed on the ground, police said Sunday.</p>
<p>The badly charred body of Renato Alvarez was identified from medical records. He leaves a wife and a 20-month-old son.</p>
<p>Alvarez had been driving home with lunch for his family at the time of Thursday's crash, his wife Maria said when she first reported he was missing.</p>
<p>&quot;It's really sad, a tragedy,&quot; police spokeswoman Nelda Fonticiella said.</p>
<p>Investigator Robert Benzon said the car was &quot;scraped off the roadway&quot; by the Fine Air DC-8 when the plane plummeted from the sky, ploughed across a main road and disintegrated in flames in a busy warehouse district.</p>
<p>The four other victims discovered so far were the plane's pilot, co-pilot, flight engineer and a security guard. Officials have said it was a miracle more people on the ground were not killed.</p>
<p>The plane was bound for Santo Domingo, Dominican Republic, carrying a load of denim for clothes factories.</p>
<p>Benzon, of the National Transportation Safety Board, said overloading did not cause the crash. Bad weather has also been eliminated.</p>
<p>&quot;There's a lot of things on the table,&quot; he told reporters Saturday. &quot;A shift in cargo is still in there. A malfunction is still there. We don't really have leading theories. There are several. We always look at pilot error.&quot;</p>
<p>He said radar records showed the plane had climbed to 600 feet (200 metres) before it dropped from the sky -- high enough to indicate overloading was not the problem.</p>
<p>The Miami Herald had quoted former Fine Air employees as saying the company frequently overloaded its planes.</p>
</text>
<copyright>(c) Reuters Limited 1997</copyright>
<metadata>
<codes class="bip:countries:1.0">
  <code code="USA">
    <editdetail attribution="Reuters BIP Coding Group" action="confirmed" date="1997-08-10"/>
  </code>
</codes>
<codes class="bip:topics:1.0">
  <code code="GCAT">
    <editdetail attribution="Reuters BIP Coding Group" action="confirmed" date="1997-08-10"/>
  </code>
  <code code="GDIS">
    <editdetail attribution="Reuters BIP Coding Group" action="confirmed" date="1997-08-10"/>
  </code>
</codes>
<dc element="dc.date.created" value="1997-08-10"/>
<dc element="dc.publisher" value="Reuters Holdings Plc"/>
<dc element="dc.date.published" value="1997-08-10"/>
<dc element="dc.source" value="Reuters"/>
<dc element="dc.creator.location" value="MIAMI"/>
<dc element="dc.creator.location.country.name" value="USA"/>
<dc element="dc.source" value="Reuters"/>
</metadata>
</newsitem>
