<?xml version="1.0" encoding="iso-8859-1" ?>
<newsitem itemid="790182" id="root" date="1997-08-10" xml:lang="en">
<title>SPAIN: SPAIN'S SOL MELIA DETAILS H1 EARNINGS.</title>
<headline>SPAIN'S SOL MELIA DETAILS H1 EARNINGS.</headline>
<dateline>MADRID 1997-08-10</dateline>
<text>
<p>Details of Sol Melia first-half results versus same period a year ago, in billions of pesetas unless stated:</p>
<p> Pretax profit				2.51  vs  1.96</p>
<p> Group net profit			   1.91  vs  1.40</p>
<p> Net attributable profit		  1.87  vs  1.39</p>
<p> Operating costs			    3.05  vs  2.56</p>
<p> Total revenues			     5.55  vs  4.74</p>
<p> Earnings per share (pesetas)	     60  vs  N.A.</p>
<p> Depreciation				 0.33  vs  0.12</p>
<p> Minorities				   0.04  vs  0.01</p>
<p> Extraordinary income		     0.01  vs -0.09</p>
<p> Total financial profit		   0.19  vs -0.03</p>
<p> Profit from equity investments	 0.26  vs  0.15</p>
<p>NOTE - Sol Melia said in a statement its prospects for the second half remain stable. Due to seasonal effects, the second quarter is traditionally the lowest contributor to profits. The third quarter will better reflect the benefits of a moderately positive summer season.</p>
<p>The closing of several hotels and partial closings for renovation will limit revenues for the coming quarters. Sol Melia said the exchange rate of sterling and the dollar versus the peseta have had a positive net effect on results and should help profits in the third quarter.</p>
<p>The company said operating margins continue to improve.</p>
<p>Recent deals in Mexico and Venezuela were examples of efforts to focus on fewer, bigger projects, the company said. The investments are forecast to provide around 200 and 300 million pesetas respectively in management fees per year.</p>
<p>The company said it was concerned about how the rising dollar will affect demand for Cuba from European visitors.</p>
<p>-- Madrid Newsroom +34 1 585-2160</p>
</text>
<copyright>(c) Reuters Limited 1997</copyright>
<metadata>
<codes class="bip:countries:1.0">
  <code code="SPAIN">
    <editdetail attribution="Reuters BIP Coding Group" action="confirmed" date="1997-08-10"/>
  </code>
</codes>
<codes class="bip:industries:1.0">
  <code code="I66500">
    <editdetail attribution="Reuters BIP Coding Group" action="confirmed" date="1997-08-10"/>
  </code>
</codes>
<codes class="bip:topics:1.0">
  <code code="C15">
    <editdetail attribution="Reuters BIP Coding Group" action="confirmed" date="1997-08-10"/>
  </code>
  <code code="C151">
    <editdetail attribution="Reuters BIP Coding Group" action="confirmed" date="1997-08-10"/>
  </code>
  <code code="CCAT">
    <editdetail attribution="Reuters BIP Coding Group" action="confirmed" date="1997-08-10"/>
  </code>
</codes>
<dc element="dc.date.created" value="1997-08-10"/>
<dc element="dc.publisher" value="Reuters Holdings Plc"/>
<dc element="dc.date.published" value="1997-08-10"/>
<dc element="dc.source" value="Reuters"/>
<dc element="dc.creator.location" value="MADRID"/>
<dc element="dc.creator.location.country.name" value="SPAIN"/>
<dc element="dc.source" value="Reuters"/>
</metadata>
</newsitem>
