<?xml version="1.0" encoding="iso-8859-1" ?>
<newsitem itemid="790183" id="root" date="1997-08-10" xml:lang="en">
<title>ITALY: ITALY SUPPORTS ACCELERATION TOWARDS EMU - PRODI.</title>
<headline>ITALY SUPPORTS ACCELERATION TOWARDS EMU - PRODI.</headline>
<dateline>FELINA, Italy 1997-08-10</dateline>
<text>
<p>Italy would support an acceleration of the process towards Europe's single currency as a way to spur employment and economic development, Italian Prime Minister Romano Prodi said this weekend.</p>
<p>&quot;The earlier we decide on the Euro, the earlier will employment and development take off again,&quot; Prodi told reporters at a festival in this small town to celebrate his 58th birthday.  </p>
<p>Prodi was commenting an interview he gave to the German weekly newspaper Welt am Sonntag in which he expressed worry that political paralysis in Germany was harming the planned launch of European monetary and economic union (EMU) in 1999.</p>
<p>Prodi reiterated that Italy would be ready at any time to join EMU.</p>
<p>&quot;Italy has to be ready at any moment and I don't want Italy's timing to affect Europe's timing. We must be ready simply because the earlier we close this period of uncertainty, the better it is for all of us,&quot; Prodi said.</p>
<p>Earlier this week, Treasury minister Carlo Azeglio Ciampi said Italy was ready to join the single currency and that the time had arrived to start discussions on an acceleration of the process towards EMU.</p>
<p>Ciampi said in an interview on Saturday, however, that despite a strong start to the year, Italy is not yet certain to meet its deficit goal for 1997 because the autumn months pose a potential threat to state accounts.</p>
<p>Italy has pledged to cut its deficit to three percent of gross domestic product this year from 6.7 percent in 1996, to meet a key criteria laid down in the Maastricht Treaty for countries wishing to join the single currency.</p>
<p>((-- Rome newsroom +396 6782501))</p>
</text>
<copyright>(c) Reuters Limited 1997</copyright>
<metadata>
<codes class="bip:countries:1.0">
  <code code="EEC">
    <editdetail attribution="Reuters BIP Coding Group" action="confirmed" date="1997-08-10"/>
  </code>
  <code code="ITALY">
    <editdetail attribution="Reuters BIP Coding Group" action="confirmed" date="1997-08-10"/>
  </code>
</codes>
<codes class="bip:topics:1.0">
  <code code="E12">
    <editdetail attribution="Reuters BIP Coding Group" action="confirmed" date="1997-08-10"/>
  </code>
  <code code="ECAT">
    <editdetail attribution="Reuters BIP Coding Group" action="confirmed" date="1997-08-10"/>
  </code>
  <code code="G15">
    <editdetail attribution="Reuters BIP Coding Group" action="confirmed" date="1997-08-10"/>
  </code>
  <code code="G154">
    <editdetail attribution="Reuters BIP Coding Group" action="confirmed" date="1997-08-10"/>
  </code>
  <code code="GCAT">
    <editdetail attribution="Reuters BIP Coding Group" action="confirmed" date="1997-08-10"/>
  </code>
</codes>
<dc element="dc.date.created" value="1997-08-10"/>
<dc element="dc.publisher" value="Reuters Holdings Plc"/>
<dc element="dc.date.published" value="1997-08-10"/>
<dc element="dc.source" value="Reuters"/>
<dc element="dc.creator.location" value="FELINA, Italy"/>
<dc element="dc.creator.location.country.name" value="ITALY"/>
<dc element="dc.source" value="Reuters"/>
</metadata>
</newsitem>
