<?xml version="1.0" encoding="iso-8859-1" ?>
<newsitem itemid="790143" id="root" date="1997-08-10" xml:lang="en">
<title>USA: US CREDIT MARKET OUTLOOK - BULL RUN DECLARED DONE.</title>
<headline>US CREDIT MARKET OUTLOOK - BULL RUN DECLARED DONE.</headline>
<byline>Steven Scheer</byline>
<dateline>NEW YORK 1997-08-09</dateline>
<text>
<p>It had to end sooner or later, but U.S. government securities traders didn't expect the market's bull run to come to quite such an abrupt halt.</p>
<p>But, with prices down more than four points and yields up as much as 40 basis points in a week, that's what analysts said has occurred.</p>
<p>&quot;We go back to establishing a trading range,&quot; said Michael Strauss, chief economist at Sanwa Securities (USA) Co.</p>
<p>&quot;We were trading at ludicrious levels and Friday provided a wake-up call to the end of the bull market run.&quot;</p>
</text>
<copyright>(c) Reuters Limited 1997</copyright>
<metadata>
<codes class="bip:countries:1.0">
  <code code="USA">
    <editdetail attribution="Reuters BIP Coding Group" action="confirmed" date="1997-08-10"/>
  </code>
</codes>
<codes class="bip:topics:1.0">
  <code code="M12">
    <editdetail attribution="Reuters BIP Coding Group" action="confirmed" date="1997-08-10"/>
  </code>
  <code code="MCAT">
    <editdetail attribution="Reuters BIP Coding Group" action="confirmed" date="1997-08-10"/>
  </code>
</codes>
<dc element="dc.date.created" value="1997-08-09"/>
<dc element="dc.publisher" value="Reuters Holdings Plc"/>
<dc element="dc.date.published" value="1997-08-10"/>
<dc element="dc.source" value="Reuters"/>
<dc element="dc.creator.location" value="NEW YORK"/>
<dc element="dc.creator.location.country.name" value="USA"/>
<dc element="dc.source" value="Reuters"/>
</metadata>
</newsitem>
