<?xml version="1.0" encoding="iso-8859-1" ?>
<newsitem itemid="790144" id="root" date="1997-08-10" xml:lang="en">
<title>USA: NEWS CORP SAYS U.S. ENDS HERITAGE PROBE.</title>
<headline>NEWS CORP SAYS U.S. ENDS HERITAGE PROBE.</headline>
<dateline>NEW YORK 1997-08-08</dateline>
<text>
<p>The antitrust division of the U.S. Justice Department raised no objections to News Corp Ltd's acquisition of Heritage Media Corp, News said Friday.</p>
<p>News Corp said the government informed both companies late Thursday. News said Heritage will hold a special meeting of shareholders on August 11 to formally consider the proposed deal. If approved, the transaction's closing &quot;is expected shortly thereafter,&quot; News said.</p>
<p>On July 28, the companies said the Justice Department was considering challenging the $1.35 billion stock-and-debt deal.  </p>
<p>Heritage provides in-store marketing products, such as merchandising coupons.</p>
<p>News Corp, a giant media and entertainment company, also operates a business that provides merchandise coupons in newspapers and a smaller business that provides them in stores.</p>
<p>Separately, Sinclair Broadcast Group Inc, said it still expects to complete its proposed acquisition of Heritage's six television stations and 24 radio stations in the first quarter of 1998. That $630 million deal is subject to the completion of the News Corp deal and government approval.</p>
<p>-- Jeff Benkoe, 212-859-1735</p>
</text>
<copyright>(c) Reuters Limited 1997</copyright>
<metadata>
<codes class="bip:countries:1.0">
  <code code="USA">
    <editdetail attribution="Reuters BIP Coding Group" action="confirmed" date="1997-08-10"/>
  </code>
</codes>
<codes class="bip:industries:1.0">
  <code code="I31000">
    <editdetail attribution="Reuters BIP Coding Group" action="confirmed" date="1997-08-10"/>
  </code>
  <code code="I47500">
    <editdetail attribution="Reuters BIP Coding Group" action="confirmed" date="1997-08-10"/>
  </code>
  <code code="I97400">
    <editdetail attribution="Reuters BIP Coding Group" action="confirmed" date="1997-08-10"/>
  </code>
  <code code="I9741102">
    <editdetail attribution="Reuters BIP Coding Group" action="confirmed" date="1997-08-10"/>
  </code>
</codes>
<codes class="bip:topics:1.0">
  <code code="C13">
    <editdetail attribution="Reuters BIP Coding Group" action="confirmed" date="1997-08-10"/>
  </code>
  <code code="C18">
    <editdetail attribution="Reuters BIP Coding Group" action="confirmed" date="1997-08-10"/>
  </code>
  <code code="C181">
    <editdetail attribution="Reuters BIP Coding Group" action="confirmed" date="1997-08-10"/>
  </code>
  <code code="CCAT">
    <editdetail attribution="Reuters BIP Coding Group" action="confirmed" date="1997-08-10"/>
  </code>
</codes>
<dc element="dc.date.created" value="1997-08-08"/>
<dc element="dc.publisher" value="Reuters Holdings Plc"/>
<dc element="dc.date.published" value="1997-08-10"/>
<dc element="dc.source" value="Reuters"/>
<dc element="dc.creator.location" value="NEW YORK"/>
<dc element="dc.creator.location.country.name" value="USA"/>
<dc element="dc.source" value="Reuters"/>
</metadata>
</newsitem>
