<?xml version="1.0" encoding="iso-8859-1" ?>
<newsitem itemid="790220" id="root" date="1997-08-10" xml:lang="en">
<title>INDIA: Motorola, Alcatel in India deals.</title>
<headline>Motorola, Alcatel in India deals.</headline>
<byline>Sanjit Singh</byline>
<dateline>NEW DELHI 1997-08-10</dateline>
<text>
<p>India's Bharti Telenet Ltd has awarded contracts worth nearly $100 million to Alcatel Alsthom of France and U.S.-based Motorola Inc in its drive to build the country's first private basic phone network.</p>
<p>The two Western firms accounted for the lion's share of 6.3 billion rupees ($176 million) in deals that Bharti Telenet announced late on Saturday in the Indian capital.</p>
<p>Alcatel Alsthom's 1.75 billion rupee contract is for switching equipment, while Motorola's 1.7 billion rupee deal is for digital wireless equipment, Bharti Telenet executives told a news conference.</p>
<p>Bharti Enterprises is a pioneer in the telecommuncations industry in India, which is opening up the sector to competition.</p>
<p>It already operates India's largest cellular phone network, Bharti Cellular Ltd, in which British Telecommunications Plc has a minority stake, and is setting up the first private basic phone service network in the central Indian state of Madhya Pradesh.</p>
<p>&quot;We will make the first phone available by November,&quot; Bharti Enterprises Ltd chairman Sunil Mittal told the news conference. &quot;In three years, we will provide 225,000 phones in 23 cities.&quot;</p>
<p>Sunil Mittal and his brothers control Bharti Enterprises, whose closely held affiliate Bharti Televentures Ltd has a 51 percent stake in Bharti Telenet.</p>
<p>Telecom Italia SpA holds a 30 percent stake in Bharti Telenet, and India's Bharti Telecom Ltd 19 percent.</p>
<p>Bharti Telenet is one of the largest manufacturers of push-button telephones, and it has joint ventures with Japan's Casio Computer Co Ltd for marketing pagers and with Germany's Siemens AG  for marketing cellular phones.</p>
<p>Mittal outlined a number of other contracts. AT&amp;T Finolex Ltd, a joint venture between India's Finolex Cables Ltd and AT&amp;T of the United States, won a contract for 400 million rupees for fibre optic cabling.</p>
<p>Optel Telecommunications Ltd signed a 200 million rupee contract for copper cable. Larsen and Toubro Ltd and Punj Lloyd each won 400 million rupee deals for civil works.</p>
<p>Mittal said network design and consultancy on communications systems and network management will be done by Deutsche Telekom AG's DeTeCon unit.</p>
<p>Other vendors including Motorola have bagged assorted contracts worth 850 million rupees, he said. &quot;Bharti itself will make investments of 500 million rupees in real estate.&quot;</p>
<p>Mittal said that over the 15-year period of the government licence, Bharti Telenet will invest 40 billion rupees in Madhya Pradesh to install 2 million lines. In the first three years, the company will bring in equity of 6 billion rupees.</p>
<p>&quot;We will give Madhya Pradesh an efficient, reliable communications network, comparable to the best in the world,&quot; Mittal said. ($1=35.7 rupees)</p>
<p>-- New Delhi Newsroom (91) 11-301-2024; Fax (91)11-301-4043</p>
</text>
<copyright>(c) Reuters Limited 1997</copyright>
<metadata>
<codes class="bip:countries:1.0">
  <code code="INDIA">
    <editdetail attribution="Reuters BIP Coding Group" action="confirmed" date="1997-08-10"/>
  </code>
</codes>
<codes class="bip:industries:1.0">
  <code code="I32000">
    <editdetail attribution="Reuters BIP Coding Group" action="confirmed" date="1997-08-10"/>
  </code>
  <code code="I34100">
    <editdetail attribution="Reuters BIP Coding Group" action="confirmed" date="1997-08-10"/>
  </code>
  <code code="I34400">
    <editdetail attribution="Reuters BIP Coding Group" action="confirmed" date="1997-08-10"/>
  </code>
  <code code="I34531">
    <editdetail attribution="Reuters BIP Coding Group" action="confirmed" date="1997-08-10"/>
  </code>
  <code code="I50200">
    <editdetail attribution="Reuters BIP Coding Group" action="confirmed" date="1997-08-10"/>
  </code>
  <code code="I79020">
    <editdetail attribution="Reuters BIP Coding Group" action="confirmed" date="1997-08-10"/>
  </code>
</codes>
<codes class="bip:topics:1.0">
  <code code="C33">
    <editdetail attribution="Reuters BIP Coding Group" action="confirmed" date="1997-08-10"/>
  </code>
  <code code="CCAT">
    <editdetail attribution="Reuters BIP Coding Group" action="confirmed" date="1997-08-10"/>
  </code>
</codes>
<dc element="dc.date.created" value="1997-08-10"/>
<dc element="dc.publisher" value="Reuters Holdings Plc"/>
<dc element="dc.date.published" value="1997-08-10"/>
<dc element="dc.source" value="Reuters"/>
<dc element="dc.creator.location" value="NEW DELHI"/>
<dc element="dc.creator.location.country.name" value="INDIA"/>
<dc element="dc.source" value="Reuters"/>
</metadata>
</newsitem>
