<?xml version="1.0" encoding="iso-8859-1" ?>
<newsitem itemid="790217" id="root" date="1997-08-10" xml:lang="en">
<title>INDIA: Jailed Indian politician has heart trouble.</title>
<headline>Jailed Indian politician has heart trouble.</headline>
<dateline>PATNA, India 1997-08-10</dateline>
<text>
<p>A popular Indian politician detained in a corruption scandal is suffering from &quot;serious heart ailment,&quot; his doctor said on Sunday.</p>
<p>Naresh Trehan, chief of New Delhi's Escorts heart institute, who flew to the eastern city of Patna to examine former Bihar chief minister Laloo Prasad Yadav, said one of Yadav's heart valves was not functioning properly and his blood pressure was dangerously high.</p>
<p>Indicted by federal investigators in a $280 million state farm funds scandal, Yadav, 49, was forced to quit as chief minister of Bihar, one of India's poorest states on July 25 when his detention became imminent.</p>
<p>He named his unschooled wife Rabri Devi as his successor and was housed in air-conditioned comfort in a police guest house converted to makeshift prison.</p>
<p>Yadav was taken to a hospital last Wednesday complaining of &quot;uneasiness and breathlessness&quot;.</p>
</text>
<copyright>(c) Reuters Limited 1997</copyright>
<metadata>
<codes class="bip:countries:1.0">
  <code code="INDIA">
    <editdetail attribution="Reuters BIP Coding Group" action="confirmed" date="1997-08-10"/>
  </code>
</codes>
<codes class="bip:topics:1.0">
  <code code="GCAT">
    <editdetail attribution="Reuters BIP Coding Group" action="confirmed" date="1997-08-10"/>
  </code>
  <code code="GCRIM">
    <editdetail attribution="Reuters BIP Coding Group" action="confirmed" date="1997-08-10"/>
  </code>
  <code code="GPOL">
    <editdetail attribution="Reuters BIP Coding Group" action="confirmed" date="1997-08-10"/>
  </code>
</codes>
<dc element="dc.date.created" value="1997-08-10"/>
<dc element="dc.publisher" value="Reuters Holdings Plc"/>
<dc element="dc.date.published" value="1997-08-10"/>
<dc element="dc.source" value="Reuters"/>
<dc element="dc.creator.location" value="PATNA, India"/>
<dc element="dc.creator.location.country.name" value="INDIA"/>
<dc element="dc.source" value="Reuters"/>
</metadata>
</newsitem>
