<?xml version="1.0" encoding="iso-8859-1" ?>
<newsitem itemid="790206" id="root" date="1997-08-10" xml:lang="en">
<title>INDIA: ONE IN THREE INDIANS SEE NATION BREAKING APART.</title>
<headline>ONE IN THREE INDIANS SEE NATION BREAKING APART.</headline>
<dateline>NEW DELHI 1997-08-10</dateline>
<text>
<p>One in three Indians believes the country will break apart into separate nations over the next five decades, according to a poll published ahead of the 50th anniversary of independence.</p>
<p>Thirty-six percent of the respondents in the poll published by India Today magazine said India would disintegrate into independent nations in the next 50 years, while 41 percent said it would stay united.</p>
<p>The survey, based on interviews with 12,651 adults by polling organisation ORG-MARG in May and June, showed Indira Gandhi, not Mahatma Gandhi, was regarded as the most inspiring leader.</p>
<p>Indira Gandhi, who ruled as prime minister for 15 years between 1966 and 1984, when she was assassinated, was named by 18 percent of the respondents as the most inspirational.</p>
<p>India's spiritual father Mahatma Gandhi, who was no relation to Indira, was chosen by 14 percent.</p>
<p>Indira Gandhi's father Jawaharlal Nehru, the first prime minister, was placed fourth with his grandson Rajiv Gandhi, behind Atal Bihari Vajpayee, a leader of the Hindu nationalist Bharatiya Janata Party.</p>
<p>The vast majority of the respondents -- 88 percent -- said they would choose to be reborn as an Indian. But only 29 percent said their quality of life had improved in the past five years, while nearly one quarter percent said it had deteriorated.</p>
<p>Corruption was named as the greatest evil by 34 percent, followed by unemployment with 20 percent and inflation with 18.</p>
<p>Forty-one percent said Indians are very corrupt. Fully half said police were dishonest while 46 percent said the same of politicians.</p>
<p>The poll revealed continued attachment to the socialist economy. There was more support for keeping state firms in the government's hands than in privatising them, and three quarters of the respondents said farm income should not be taxed.</p>
<p>Half said they feared Western culture would overpower India's, and nearly three quarters said they would not allow their son or daughter to marry someone from another caste.</p>
<p>Almost half predicted relations with Pakistan would never improve, and 71 percent said it was worth keeping Kashmir, the origin of two of the three wars between the neighbours.</p>
<p>India celebrates 50 years of independence on August 15.</p>
</text>
<copyright>(c) Reuters Limited 1997</copyright>
<metadata>
<codes class="bip:countries:1.0">
  <code code="INDIA">
    <editdetail attribution="Reuters BIP Coding Group" action="confirmed" date="1997-08-10"/>
  </code>
</codes>
<codes class="bip:topics:1.0">
  <code code="GCAT">
    <editdetail attribution="Reuters BIP Coding Group" action="confirmed" date="1997-08-10"/>
  </code>
  <code code="GPOL">
    <editdetail attribution="Reuters BIP Coding Group" action="confirmed" date="1997-08-10"/>
  </code>
</codes>
<dc element="dc.date.created" value="1997-08-10"/>
<dc element="dc.publisher" value="Reuters Holdings Plc"/>
<dc element="dc.date.published" value="1997-08-10"/>
<dc element="dc.source" value="Reuters"/>
<dc element="dc.creator.location" value="NEW DELHI"/>
<dc element="dc.creator.location.country.name" value="INDIA"/>
<dc element="dc.source" value="Reuters"/>
</metadata>
</newsitem>
