<?xml version="1.0" encoding="iso-8859-1" ?>
<newsitem itemid="790204" id="root" date="1997-08-10" xml:lang="en">
<title>INDIA: SONIA GANDHI ELECTRIFIES INDIA'S CONGRESS PARTY.</title>
<headline>SONIA GANDHI ELECTRIFIES INDIA'S CONGRESS PARTY.</headline>
<byline>Sabyasachi Mitra</byline>
<dateline>CALCUTTA, India 1997-08-09</dateline>
<text>
<p>The reclusive widow of Rajiv Gandhi on Saturday roused a brooding Congress party, breaking her silence to urge India's oldest political grouping to rededicate itself to the nation's teeming masses.</p>
<p>Thousands of frenzied Congress activists erupted in a demonstration of support for the Italian-born Sonia Gandhi when she appeared at a party convention in the eastern city of Calcutta.</p>
<p>Excited party activists shouted, stamped and applauded when the inheritor of the Nehru-Gandhi mantle entered the stadium on the second day of the party's three-day meeting.</p>
<p>&quot;Long Live Sonia Gandhi! Long Live Rajiv Gandhi! Long Live Indira Gandhi!&quot; they shouted for 10 minutes as Sonia Gandhi, 50, waved before taking a seat below the stage.</p>
<p>It was the moment the delegates had been waiting for after Congress's humiliating defeat in general elections last year and 16 months in the political wilderness.</p>
<p>As soon as party president Sitaram Kesri began his speech, the crowd of about 10,000 clamoured for Sonia Gandhi to be brought to the dais, preventing Kesri from speaking.</p>
<p>After five minutes of din, the party president stepped off the platform and led Sonia Gandhi on to the stage, where she took a seat.</p>
<p>Later the woman who usually wields power from her drawing room, not the political stump, briefly addressed the crowd.</p>
<p>&quot;I'm not here to give a speech but I will say a few words,&quot; she said in English, then Hindi.</p>
<p>&quot;In 1985, my husband had raised a few questions which we should consider seriously,&quot; she said before reading from a 1985 speech by her husband, who was prime minister from 1984 to 1989 and was killed by a suicide bomber while campaigning in 1991.</p>
<p>Her words were drowned in cheers and slogans.</p>
<p>In the speech, Rajiv Gandhi said Congress had lost touch with the masses and urged the nation's oldest party to recommit itself.</p>
<p>&quot;Today, on the auspicious 80th plenary session of the Indian National Congress and on the 50th anniversary of independence, let us all, Congressmen and women, rededicate ourselves to this task,&quot; Sonia Gandhi said.</p>
<p>Congress has led India for all but five of its 50 years since independence, with Rajiv Gandhi, his mother Indira Gandhi and her father Jawaharlal Nehru together ruling for 38 years.</p>
<p>The outpouring of support underscored the popularity of Sonia Gandhi, who has played a behind-the-scenes role in party politics since her husband's murder.</p>
<p>But in May she formally joined Congress, stirring speculation that she was prepared to assume a leadership role.</p>
<p>The Congress president relished the appearance of Sonia Gandhi, who many party members are hoping will lead the party back into power. Currently it supports the centre-left ruling coalition but holds no government portfolios.</p>
<p>&quot;We were delinked from the Gandhi-Nehru family, but we are once again proud of being linked to it,&quot; Kesri said to thunderous clapping.</p>
<p>&quot;Soniaji, do whatever you feel, but don't break the link with Congress,&quot; he said, using a form of respect to address the party's darling. &quot;You are a source of strength and inspiration to Congress.&quot;</p>
</text>
<copyright>(c) Reuters Limited 1997</copyright>
<metadata>
<codes class="bip:countries:1.0">
  <code code="INDIA">
    <editdetail attribution="Reuters BIP Coding Group" action="confirmed" date="1997-08-10"/>
  </code>
</codes>
<codes class="bip:topics:1.0">
  <code code="GCAT">
    <editdetail attribution="Reuters BIP Coding Group" action="confirmed" date="1997-08-10"/>
  </code>
  <code code="GPOL">
    <editdetail attribution="Reuters BIP Coding Group" action="confirmed" date="1997-08-10"/>
  </code>
</codes>
<dc element="dc.date.created" value="1997-08-09"/>
<dc element="dc.publisher" value="Reuters Holdings Plc"/>
<dc element="dc.date.published" value="1997-08-10"/>
<dc element="dc.source" value="Reuters"/>
<dc element="dc.creator.location" value="CALCUTTA, India"/>
<dc element="dc.creator.location.country.name" value="INDIA"/>
<dc element="dc.source" value="Reuters"/>
</metadata>
</newsitem>
