<?xml version="1.0" encoding="iso-8859-1" ?>
<newsitem itemid="675058" id="root" date="1997-06-20" xml:lang="en">
<title>EU: EP Institutional Affairs Committee agenda - June 23-24.</title>
<headline>EP Institutional Affairs Committee agenda - June 23-24.</headline>
<text>
<p>Committee on Institutional Affairs [[ Monday 23 June 1997 ]] 1. Adoption of draft agenda (PE223.055 ) 2. Approval of minutes of meetings of: - 26 and 27 May 1997 (PE222.687 ) 3. Chairman's announcements ===] In the presence of the Council and Commission 4. Amsterdam Treaty - Exchange of views Exchange of views and possibly decision on procedure 5. Union rights (T03543) INI0298 INI0298 + INST Avis A SCHAFER Axel. (PSE) (PE221.687 ) F ASOC Fond R OOMEN-RUIJTEN M.G.H. (PE220.024 ) (PPE) 6. Coordinators' meeting [1] 7. Any other business 8. Date of next meeting (in Brussels) (PE/XV/OJ/97-18 )</p>
<p>[FOOTNOTES]1. ) The coordinators' meeting will be held at the end of the meeting.</p>
</text>
<copyright>(c) Reuters Limited 1997</copyright>
<metadata>
<codes class="bip:countries:1.0">
  <code code="EEC">
    <editdetail attribution="Reuters BIP Coding Group" action="confirmed" date="1997-06-20"/>
  </code>
</codes>
<codes class="bip:topics:1.0">
  <code code="G15">
    <editdetail attribution="Reuters BIP Coding Group" action="confirmed" date="1997-06-20"/>
  </code>
  <code code="GCAT">
    <editdetail attribution="Reuters BIP Coding Group" action="confirmed" date="1997-06-20"/>
  </code>
</codes>
<dc element="dc.publisher" value="Reuters Holdings Plc"/>
<dc element="dc.date.published" value="1997-06-20"/>
<dc element="dc.source" value="Reuters"/>
<dc element="dc.creator.location.country.name" value="EU"/>
<dc element="dc.source" value="Reuters"/>
</metadata>
</newsitem>
