<?xml version="1.0" encoding="iso-8859-1" ?>
<newsitem itemid="675094" id="root" date="1997-06-20" xml:lang="en">
<title>USA: OPTi sees weak Q2, FY97 results.</title>
<headline>OPTi sees weak Q2, FY97 results.</headline>
<dateline>MILPITAS, Calif. 1997-06-20</dateline>
<text>
<p>OPTi Inc said Friday it expects to report a loss for its second quarter and for fiscal 1997.</p>
<p>OPTi said it expects to report sales of about $15 million to $17 million for its second quarter, ended June 30. OPTi said it expects a loss of between $0.30 and $0.45 for the quarter, including a restructuring charge, and a net operating loss for the fiscal year.</p>
<p>Analysts had expected the company to post a second quarter loss of $0.03 a share compared with a loss of $0.66 in the year-ago quarter, according to First Call.</p>
<p>The weaker results were attributed to softening in demand and price declines for audio controllers.</p>
<p>The company hopes to partially offset the revenue decline by reducing its operating expenses in the near term to be more in line with expected revenues. The reduction in operating expenses and the associated charges will be part of an unspecified restructuring charge taken in the second quarter.</p>
<p>The company said that demand for its notebook products met expectations but that demand for audio controllers in the Far Eastern and European markets has fallen off significantly.</p>
</text>
<copyright>(c) Reuters Limited 1997</copyright>
<metadata>
<codes class="bip:countries:1.0">
  <code code="USA">
    <editdetail attribution="Reuters BIP Coding Group" action="confirmed" date="1997-06-20"/>
  </code>
</codes>
<codes class="bip:industries:1.0">
  <code code="I34531">
    <editdetail attribution="Reuters BIP Coding Group" action="confirmed" date="1997-06-20"/>
  </code>
</codes>
<codes class="bip:topics:1.0">
  <code code="C15">
    <editdetail attribution="Reuters BIP Coding Group" action="confirmed" date="1997-06-20"/>
  </code>
  <code code="C152">
    <editdetail attribution="Reuters BIP Coding Group" action="confirmed" date="1997-06-20"/>
  </code>
  <code code="CCAT">
    <editdetail attribution="Reuters BIP Coding Group" action="confirmed" date="1997-06-20"/>
  </code>
</codes>
<dc element="dc.date.created" value="1997-06-20"/>
<dc element="dc.publisher" value="Reuters Holdings Plc"/>
<dc element="dc.date.published" value="1997-06-20"/>
<dc element="dc.source" value="Reuters"/>
<dc element="dc.creator.location" value="MILPITAS, Calif."/>
<dc element="dc.creator.location.country.name" value="USA"/>
<dc element="dc.source" value="Reuters"/>
</metadata>
</newsitem>
