<?xml version="1.0" encoding="iso-8859-1" ?>
<newsitem itemid="675079" id="root" date="1997-06-20" xml:lang="en">
<title>USA: Marvel bondholders win battle for company.</title>
<headline>Marvel bondholders win battle for company.</headline>
<dateline>NEW YORK 1997-06-20</dateline>
<text>
<p>Marvel Entertainment Group Inc.'s bondholders, capping a long-fought battle for control of the bankrupt comic book publisher, said Friday they seized the company's board and named investor Carl Icahn as its chairman.</p>
<p>The move was made possible by a bankruptcy court judge's ruling earlier in the day to reject a request by Marvel's banks and management -- led by financier Ronald Perelman -- for an emergency order to block the bondholders.</p>
<p>Marvel's banks and management have been battling the bondholders for control of the company, whose titles include Spiderman and the Incredible Hulk, since it declared Chapter 11 bankruptcy last December.</p>
<p>&quot;We won the company, now we're going to fix it,&quot; said a person close to the bondholders, who declined to be named.</p>
<p>The bondholders said now they would bring in a transition team led by former Marvel executive Joseph Calamari to lead the company back to financial health.</p>
<p>They also said they ousted the board of Toy Biz, whose shares are more than 70.0 percent owned by Marvel. They said they named Icahn to Toy Biz's board as well.</p>
<p>Since the bondholders owned 80.0 percent of the Marvel stock that secured their bonds, they used the stock's voting rights to oust the company's present board. The shares secured nearly $900 million in debt.</p>
<p>Officials from Marvel were not immediately available to comment.</p>
</text>
<copyright>(c) Reuters Limited 1997</copyright>
<metadata>
<codes class="bip:countries:1.0">
  <code code="USA">
    <editdetail attribution="Reuters BIP Coding Group" action="confirmed" date="1997-06-20"/>
  </code>
</codes>
<codes class="bip:industries:1.0">
  <code code="I47520">
    <editdetail attribution="Reuters BIP Coding Group" action="confirmed" date="1997-06-20"/>
  </code>
  <code code="I49410">
    <editdetail attribution="Reuters BIP Coding Group" action="confirmed" date="1997-06-20"/>
  </code>
</codes>
<codes class="bip:topics:1.0">
  <code code="C16">
    <editdetail attribution="Reuters BIP Coding Group" action="confirmed" date="1997-06-20"/>
  </code>
  <code code="C18">
    <editdetail attribution="Reuters BIP Coding Group" action="confirmed" date="1997-06-20"/>
  </code>
  <code code="C181">
    <editdetail attribution="Reuters BIP Coding Group" action="confirmed" date="1997-06-20"/>
  </code>
  <code code="C41">
    <editdetail attribution="Reuters BIP Coding Group" action="confirmed" date="1997-06-20"/>
  </code>
  <code code="C411">
    <editdetail attribution="Reuters BIP Coding Group" action="confirmed" date="1997-06-20"/>
  </code>
  <code code="CCAT">
    <editdetail attribution="Reuters BIP Coding Group" action="confirmed" date="1997-06-20"/>
  </code>
</codes>
<dc element="dc.date.created" value="1997-06-20"/>
<dc element="dc.publisher" value="Reuters Holdings Plc"/>
<dc element="dc.date.published" value="1997-06-20"/>
<dc element="dc.source" value="Reuters"/>
<dc element="dc.creator.location" value="NEW YORK"/>
<dc element="dc.creator.location.country.name" value="USA"/>
<dc element="dc.source" value="Reuters"/>
</metadata>
</newsitem>
