<?xml version="1.0" encoding="iso-8859-1" ?>
<newsitem itemid="675180" id="root" date="1997-06-20" xml:lang="en">
<title>USA: U.S. stock index futures slip late, most end down.</title>
<headline>U.S. stock index futures slip late, most end down.</headline>
<dateline>CHICAGO 1997-06-20</dateline>
<text>
<p>U.S. stock index futures ended mostly lower, faltering late amid thin trading.</p>
<p>September Standard &amp; Poor's 500 futures fell from tentative gains to end just above session lows. Traders said thin trading had turned the pit illiquid, exacerbating late local selling to drag September lower.</p>
<p>They estimated September S&amp;P 500 volume at a light 49,000 contracts. Trade was very thin after T-bond futures closed, traders said.</p>
<p>Earlier in the session trade was more lively, and September hit a fresh record high at 912.40.  </p>
<p>Traders said that expiration-related buying helped keep the market buoyant earlier.</p>
<p>June S&amp;P 500 futures expired on Thursday's close and settled early Friday. Traders said June's unofficial settlement price was 898.65, up slightly from Thursday's close.</p>
<p>Also expiring at week's end are individual equity options, S&amp;P 500 index options and S&amp;P 100 index options.</p>
<p>But by the last hour of trade, expiration-related activity had faded, traders said.  </p>
<p>&quot;It looked like a pretty good sell-off, but there's not much out here,&quot; an S&amp;P 500 futures trader said. As for expiration activity, &quot;overall I'd say it was non-event,&quot; he said, adding that traders had been positioning for expiration over the last two days.</p>
<p>Another trader said locals were featured sellers just before the close, along with scattered selling from a dealer or two.</p>
<p>Overall, they said the afternoon was unremarkable.</p>
<p>Resistance now stands at 913.00 and 912.40, with support at the 904.00 session low and 902.50, traders said.  </p>
<p>At the close, September S&amp;P 500 futures were down 2.65 points to 904.85, Nasdaq 100s were 8.00 lower at 989.00, Russell 2000s were down 1.50 points to 399.35, KCBT Value Line futures fell 4.20 points to 794.95, Nikkei 225 index futures fell 75.0 to 20,530.0 and Midcap 400s fell 0.80 point to 293.10. ((--Derivatives Desk: 312-408-8750)) email:derivatives@reuters.com</p>
</text>
<copyright>(c) Reuters Limited 1997</copyright>
<metadata>
<codes class="bip:countries:1.0">
  <code code="USA">
    <editdetail attribution="Reuters BIP Coding Group" action="confirmed" date="1997-06-20"/>
  </code>
</codes>
<codes class="bip:topics:1.0">
  <code code="M11">
    <editdetail attribution="Reuters BIP Coding Group" action="confirmed" date="1997-06-20"/>
  </code>
  <code code="MCAT">
    <editdetail attribution="Reuters BIP Coding Group" action="confirmed" date="1997-06-20"/>
  </code>
</codes>
<dc element="dc.date.created" value="1997-06-20"/>
<dc element="dc.publisher" value="Reuters Holdings Plc"/>
<dc element="dc.date.published" value="1997-06-20"/>
<dc element="dc.source" value="Reuters"/>
<dc element="dc.creator.location" value="CHICAGO"/>
<dc element="dc.creator.location.country.name" value="USA"/>
<dc element="dc.source" value="Reuters"/>
</metadata>
</newsitem>
