<?xml version="1.0" encoding="iso-8859-1" ?>
<newsitem itemid="675125" id="root" date="1997-06-20" xml:lang="en">
<title>USA: Unitrin in agreement to acquire Reliable.</title>
<headline>Unitrin in agreement to acquire Reliable.</headline>
<dateline>CHICAGO 1997-06-20</dateline>
<text>
<p>Unitrin Inc and Reliable Life Insurance Co said Friday they have entered a definitive agreement for the previously announced acquisition of Reliable by Unitrin.</p>
<p>Under terms of the agreement, holders of Reliable class A common stock will be entitled to receive 2.235 shares of Unitrin common stock or $119 in cash, provided that no less than 81 percent of the Reliable class A common stock will be converted into Unitrin common stock, the companies said.</p>
<p>The acquisition agreement provides that all outstanding class B common shares will be converted into class A shares prior to closing, the company said.</p>
<p>Reliable will then have about 1.7 million class A shares outstanding, which will be acquired in the acquisition. The transaction is intended to be a tax-free reorganization, the companies said.</p>
<p>The transaction is subject to approvals by certain insurance and other regulatory authorities and Reliable's shareholders and other customary closing conditions. It is anticipated that the acquisition will be completed by September 30, 1997, the companies said.</p>
<p>((Chicago newsdesk, 312-408-8787))</p>
</text>
<copyright>(c) Reuters Limited 1997</copyright>
<metadata>
<codes class="bip:countries:1.0">
  <code code="USA">
    <editdetail attribution="Reuters BIP Coding Group" action="confirmed" date="1997-06-20"/>
  </code>
</codes>
<codes class="bip:industries:1.0">
  <code code="I82000">
    <editdetail attribution="Reuters BIP Coding Group" action="confirmed" date="1997-06-20"/>
  </code>
  <code code="I82002">
    <editdetail attribution="Reuters BIP Coding Group" action="confirmed" date="1997-06-20"/>
  </code>
</codes>
<codes class="bip:topics:1.0">
  <code code="C18">
    <editdetail attribution="Reuters BIP Coding Group" action="confirmed" date="1997-06-20"/>
  </code>
  <code code="C181">
    <editdetail attribution="Reuters BIP Coding Group" action="confirmed" date="1997-06-20"/>
  </code>
  <code code="CCAT">
    <editdetail attribution="Reuters BIP Coding Group" action="confirmed" date="1997-06-20"/>
  </code>
</codes>
<dc element="dc.date.created" value="1997-06-20"/>
<dc element="dc.publisher" value="Reuters Holdings Plc"/>
<dc element="dc.date.published" value="1997-06-20"/>
<dc element="dc.source" value="Reuters"/>
<dc element="dc.creator.location" value="CHICAGO"/>
<dc element="dc.creator.location.country.name" value="USA"/>
<dc element="dc.source" value="Reuters"/>
</metadata>
</newsitem>
