<?xml version="1.0" encoding="iso-8859-1" ?>
<newsitem itemid="675158" id="root" date="1997-06-20" xml:lang="en">
<title>USA: McDermott International delays meeting.</title>
<headline>McDermott International delays meeting.</headline>
<dateline>NEW ORLEANS 1997-06-20</dateline>
<text>
<p>McDermott International Inc said on Friday it rescheduled its annual shareholders meeting to September 2 from August 5.</p>
<p>The company said it was rescheduled to meet requirements for the timely mailing of proxy materials.</p>
<p>McDermott said the materials may be delayed because it has been unable to obtain audited financial statements from a foreign, unconsolidated affiliate of its majority-owned subsidiary, J. Ray McDermott.</p>
<p>For similar reasons, J. Ray McDermott delayed its own annual meeting to August 29, from August 1.</p>
</text>
<copyright>(c) Reuters Limited 1997</copyright>
<metadata>
<codes class="bip:countries:1.0">
  <code code="USA">
    <editdetail attribution="Reuters BIP Coding Group" action="confirmed" date="1997-06-20"/>
  </code>
</codes>
<codes class="bip:industries:1.0">
  <code code="I50200">
    <editdetail attribution="Reuters BIP Coding Group" action="confirmed" date="1997-06-20"/>
  </code>
  <code code="I83960">
    <editdetail attribution="Reuters BIP Coding Group" action="confirmed" date="1997-06-20"/>
  </code>
</codes>
<codes class="bip:topics:1.0">
  <code code="C11">
    <editdetail attribution="Reuters BIP Coding Group" action="confirmed" date="1997-06-20"/>
  </code>
  <code code="CCAT">
    <editdetail attribution="Reuters BIP Coding Group" action="confirmed" date="1997-06-20"/>
  </code>
</codes>
<dc element="dc.date.created" value="1997-06-20"/>
<dc element="dc.publisher" value="Reuters Holdings Plc"/>
<dc element="dc.date.published" value="1997-06-20"/>
<dc element="dc.source" value="Reuters"/>
<dc element="dc.creator.location" value="NEW ORLEANS"/>
<dc element="dc.creator.location.country.name" value="USA"/>
<dc element="dc.source" value="Reuters"/>
</metadata>
</newsitem>
