<?xml version="1.0" encoding="iso-8859-1" ?>
<newsitem itemid="675110" id="root" date="1997-06-20" xml:lang="en">
<title>USA: Clinton vows veto over aid for disabled immigrants.</title>
<headline>Clinton vows veto over aid for disabled immigrants.</headline>
<dateline>DENVER 1997-06-20</dateline>
<text>
<p>President Clinton vowed on Friday to veto budget legislation that does not restore Medicaid health and other government benefits to disabled legal immigrants.</p>
<p>&quot;It is essential that the legislation that is presented to me include these provisions,&quot; Clinton said in a letter to House Budget Committee Chairman John Kasich. &quot;I will be unable to sign legislation that does not.&quot;</p>
<p>The president said Congressional leaders had already agreed in their budget pact to restore those benefits to disabled legal immigrants who entered the United States before Aug. 23, 1996.</p>
<p>&quot;I want to stress this issue to be of paramount importance,&quot; Clinton said.</p>
<p>He nevertheless voiced confidence that the United States will enact legislation to balance the budget, noting that good progress is being made on many issues.</p>
</text>
<copyright>(c) Reuters Limited 1997</copyright>
<metadata>
<codes class="bip:countries:1.0">
  <code code="USA">
    <editdetail attribution="Reuters BIP Coding Group" action="confirmed" date="1997-06-20"/>
  </code>
</codes>
<codes class="bip:topics:1.0">
  <code code="E21">
    <editdetail attribution="Reuters BIP Coding Group" action="confirmed" date="1997-06-20"/>
  </code>
  <code code="E211">
    <editdetail attribution="Reuters BIP Coding Group" action="confirmed" date="1997-06-20"/>
  </code>
  <code code="ECAT">
    <editdetail attribution="Reuters BIP Coding Group" action="confirmed" date="1997-06-20"/>
  </code>
  <code code="GCAT">
    <editdetail attribution="Reuters BIP Coding Group" action="confirmed" date="1997-06-20"/>
  </code>
  <code code="GPOL">
    <editdetail attribution="Reuters BIP Coding Group" action="confirmed" date="1997-06-20"/>
  </code>
  <code code="GWELF">
    <editdetail attribution="Reuters BIP Coding Group" action="confirmed" date="1997-06-20"/>
  </code>
</codes>
<dc element="dc.date.created" value="1997-06-20"/>
<dc element="dc.publisher" value="Reuters Holdings Plc"/>
<dc element="dc.date.published" value="1997-06-20"/>
<dc element="dc.source" value="Reuters"/>
<dc element="dc.creator.location" value="DENVER"/>
<dc element="dc.creator.location.country.name" value="USA"/>
<dc element="dc.source" value="Reuters"/>
</metadata>
</newsitem>
