<?xml version="1.0" encoding="iso-8859-1" ?>
<newsitem itemid="675100" id="root" date="1997-06-20" xml:lang="en">
<title>USA: Louisiana-Pacific to close Idaho plant.</title>
<headline>Louisiana-Pacific to close Idaho plant.</headline>
<dateline>PORTLAND, Ore. 1997-06-20</dateline>
<text>
<p>Louisiana-Pacific Corp said Friday it will close its oriented strand board plant in Chilco, Idaho on July 10.</p>
<p>It said the majority of employees at the plant have been on layoff since January and were told in early May that the layoffs could be indefinite. The company was not immediately available to say how many people will be affected by the plant closing. But it said it is continuing to &quot;explore product innovations which could provide future opportunities for the plant.&quot;  </p>
<p>&quot;Market conditions due to U.S. and Canadian over-production of commodity board have weakened the plant's ability to compete,&quot; said Jim Lake, operations manager for the plant.</p>
</text>
<copyright>(c) Reuters Limited 1997</copyright>
<metadata>
<codes class="bip:countries:1.0">
  <code code="USA">
    <editdetail attribution="Reuters BIP Coding Group" action="confirmed" date="1997-06-20"/>
  </code>
</codes>
<codes class="bip:industries:1.0">
  <code code="I47100">
    <editdetail attribution="Reuters BIP Coding Group" action="confirmed" date="1997-06-20"/>
  </code>
</codes>
<codes class="bip:topics:1.0">
  <code code="C24">
    <editdetail attribution="Reuters BIP Coding Group" action="confirmed" date="1997-06-20"/>
  </code>
  <code code="CCAT">
    <editdetail attribution="Reuters BIP Coding Group" action="confirmed" date="1997-06-20"/>
  </code>
</codes>
<dc element="dc.date.created" value="1997-06-20"/>
<dc element="dc.publisher" value="Reuters Holdings Plc"/>
<dc element="dc.date.published" value="1997-06-20"/>
<dc element="dc.source" value="Reuters"/>
<dc element="dc.creator.location" value="PORTLAND, Ore."/>
<dc element="dc.creator.location.country.name" value="USA"/>
<dc element="dc.source" value="Reuters"/>
</metadata>
</newsitem>
