<?xml version="1.0" encoding="iso-8859-1" ?>
<newsitem itemid="675139" id="root" date="1997-06-20" xml:lang="en">
<title>USA: TEXT - Statement by tobacco firms on settlement.</title>
<headline>TEXT - Statement by tobacco firms on settlement.</headline>
<dateline>WASHINGTON 1997-06-20</dateline>
<text>
<p>The following is the full text of a statement by tobacco companies regarding the proposed settlement with U.S. states. The statement was read at a news conference by Philip Morris Cos Inc Senior Vice President Steven Parrish.</p>
<p>&quot;The proposal as outlined to the White House and members of Congress represents a carefully developed consensus on how best to resolve public health concerns immediately, particularly regarding youth access to and use of tobacco products, to permit our companies to operate in a more stable and predictable environment and to preserve the rights of adults who choose to use tobacco products.</p>
<p>&quot;Negotiations of this size and scope create compromise, not perfection. No one side achieves everything it seeks. In this context, the proposal is a bitter pill because our companies have made concessions that were extremely difficult. But on balance, this plan is preferable to the continuation of a decades-long controversy that has failed to produce a constructive outcome for anyone.</p>
<p>&quot;In order to achieve a resolution in the public interest, the tobacco companies have agreed to support, subject to approval by our boards of directors, a package which includes certain legislative and regulatory provisions with which we do not necessarily agree. Nevertheless, the companies are willing to accept legislation incorporating these provisions in the interest of reaching an overall resolution of the important issues facing the nation and the industry.</p>
<p>&quot;We hope that once the White House and the congressional leadership have completed their reviews, legislation will move forward and with it bring a new era of cooperation and tolerance with regard to tobacco issues.&quot;</p>
</text>
<copyright>(c) Reuters Limited 1997</copyright>
<metadata>
<codes class="bip:countries:1.0">
  <code code="USA">
    <editdetail attribution="Reuters BIP Coding Group" action="confirmed" date="1997-06-20"/>
  </code>
</codes>
<codes class="bip:industries:1.0">
  <code code="I42900">
    <editdetail attribution="Reuters BIP Coding Group" action="confirmed" date="1997-06-20"/>
  </code>
  <code code="I83960">
    <editdetail attribution="Reuters BIP Coding Group" action="confirmed" date="1997-06-20"/>
  </code>
</codes>
<codes class="bip:topics:1.0">
  <code code="C12">
    <editdetail attribution="Reuters BIP Coding Group" action="confirmed" date="1997-06-20"/>
  </code>
  <code code="CCAT">
    <editdetail attribution="Reuters BIP Coding Group" action="confirmed" date="1997-06-20"/>
  </code>
  <code code="GCAT">
    <editdetail attribution="Reuters BIP Coding Group" action="confirmed" date="1997-06-20"/>
  </code>
  <code code="GCRIM">
    <editdetail attribution="Reuters BIP Coding Group" action="confirmed" date="1997-06-20"/>
  </code>
  <code code="GHEA">
    <editdetail attribution="Reuters BIP Coding Group" action="confirmed" date="1997-06-20"/>
  </code>
</codes>
<dc element="dc.date.created" value="1997-06-20"/>
<dc element="dc.publisher" value="Reuters Holdings Plc"/>
<dc element="dc.date.published" value="1997-06-20"/>
<dc element="dc.source" value="Reuters"/>
<dc element="dc.creator.location" value="WASHINGTON"/>
<dc element="dc.creator.location.country.name" value="USA"/>
<dc element="dc.source" value="Reuters"/>
</metadata>
</newsitem>
