<?xml version="1.0" encoding="iso-8859-1" ?>
<newsitem itemid="675116" id="root" date="1997-06-20" xml:lang="en">
<title>USA: Funscape acquires Australian concession.</title>
<headline>Funscape acquires Australian concession.</headline>
<dateline>FORT WORTH, Texas 1997-06-20</dateline>
<text>
<p>Funscape Corp said Friday it has acquired an oil, gas and mineral lease comprised of 12,904,618 gross acres, situated in the Georgina Subbasin of Australia's Eromanga Basin under concession ATP 615.</p>
<p>Funscape said it acquired an 80 percent net revenue interest lease in exchange for $1 million in restricted common stock. A spokesman said this consisted of 300,000 shares.</p>
<p>The compamu said the lease features oil saturated limestone outcropping from two formations on an 8 mile long anticline. Analogous fields in the same age formation have 1,000 foot pay sections. There is a contract pipeline that is being built across the 450 mile expanse of the property.</p>
</text>
<copyright>(c) Reuters Limited 1997</copyright>
<metadata>
<codes class="bip:countries:1.0">
  <code code="AUSTR">
    <editdetail attribution="Reuters BIP Coding Group" action="confirmed" date="1997-06-20"/>
  </code>
  <code code="USA">
    <editdetail attribution="Reuters BIP Coding Group" action="confirmed" date="1997-06-20"/>
  </code>
</codes>
<codes class="bip:industries:1.0">
  <code code="I13000">
    <editdetail attribution="Reuters BIP Coding Group" action="confirmed" date="1997-06-20"/>
  </code>
</codes>
<codes class="bip:topics:1.0">
  <code code="C18">
    <editdetail attribution="Reuters BIP Coding Group" action="confirmed" date="1997-06-20"/>
  </code>
  <code code="C182">
    <editdetail attribution="Reuters BIP Coding Group" action="confirmed" date="1997-06-20"/>
  </code>
  <code code="C24">
    <editdetail attribution="Reuters BIP Coding Group" action="confirmed" date="1997-06-20"/>
  </code>
  <code code="CCAT">
    <editdetail attribution="Reuters BIP Coding Group" action="confirmed" date="1997-06-20"/>
  </code>
</codes>
<dc element="dc.date.created" value="1997-06-20"/>
<dc element="dc.publisher" value="Reuters Holdings Plc"/>
<dc element="dc.date.published" value="1997-06-20"/>
<dc element="dc.source" value="Reuters"/>
<dc element="dc.creator.location" value="FORT WORTH, Texas"/>
<dc element="dc.creator.location.country.name" value="USA"/>
<dc element="dc.source" value="Reuters"/>
</metadata>
</newsitem>
