<?xml version="1.0" encoding="iso-8859-1" ?>
<newsitem itemid="675147" id="root" date="1997-06-20" xml:lang="en">
<title>USA: ITEQ Inc unit awarded $4 mln contract.</title>
<headline>ITEQ Inc unit awarded $4 mln contract.</headline>
<dateline>HOUSTON 1997-06-20</dateline>
<text>
<p>ITEQ Inc said on Friday that its subsidiary, Ohmstede Inc, has been awarded a $4 million contract to supply heat exchangers to a refining company in Gujrat, India.</p>
<p>Ohmstede and Allied Industries International Ltd will manufacture the units for delivery by Spring 1998.</p>
<p>Ohmstede, based in Beaumont, Texas, designs and manufactures shell and tube heat exchangers.</p>
<p>ITEQ provides manufactured equipment, engineered systems and services used in the processing, treatment and movement of gases and liquids.</p>
</text>
<copyright>(c) Reuters Limited 1997</copyright>
<metadata>
<codes class="bip:countries:1.0">
  <code code="INDIA">
    <editdetail attribution="Reuters BIP Coding Group" action="confirmed" date="1997-06-20"/>
  </code>
  <code code="USA">
    <editdetail attribution="Reuters BIP Coding Group" action="confirmed" date="1997-06-20"/>
  </code>
</codes>
<codes class="bip:industries:1.0">
  <code code="I34420">
    <editdetail attribution="Reuters BIP Coding Group" action="confirmed" date="1997-06-20"/>
  </code>
</codes>
<codes class="bip:topics:1.0">
  <code code="C33">
    <editdetail attribution="Reuters BIP Coding Group" action="confirmed" date="1997-06-20"/>
  </code>
  <code code="CCAT">
    <editdetail attribution="Reuters BIP Coding Group" action="confirmed" date="1997-06-20"/>
  </code>
</codes>
<dc element="dc.date.created" value="1997-06-20"/>
<dc element="dc.publisher" value="Reuters Holdings Plc"/>
<dc element="dc.date.published" value="1997-06-20"/>
<dc element="dc.source" value="Reuters"/>
<dc element="dc.creator.location" value="HOUSTON"/>
<dc element="dc.creator.location.country.name" value="USA"/>
<dc element="dc.source" value="Reuters"/>
</metadata>
</newsitem>
