<?xml version="1.0" encoding="iso-8859-1" ?>
<newsitem itemid="675282" id="root" date="1997-06-20" xml:lang="en">
<title>USA: U.N. body fails to agree on new Iraq sanctions.</title>
<headline>U.N. body fails to agree on new Iraq sanctions.</headline>
<dateline>NEW YORK 1997-06-20</dateline>
<text>
<p>The U.N. Security Council on Friday failed to reach a consensus on a U.S. and British co-sponsored proposal to impose new sanctions on Iraq for blocking U.N. weapons teams in June, according to U.N. diplomats.</p>
<p>Security Council members were expected to meet again on Saturday for further discussions on the resolution, Iraqi Ambassador Nizar Hamdoon said.</p>
<p>Council members China, Russia, France and Egypt are known to oppose new sanctions.  </p>
<p>The resolution has been softened since Thursday, with the U.S. toning down some of the punitive language, according to an Arab diplomat.</p>
<p>The diplomat said the revised resolution calls for restrictions on travel only for members of the Iraqi military, police, and intelligence officials instead of the previous broader wording forbidding travel by all Iraqi government officials and their immediate families.</p>
<p>Further, the resolution waters down the language concerning regular 60-day sanctions reviews. The new draft says a decision on conducting reviews will be made after the next U.N. Special Commission (UNSCOM) report in October, rather than declaring an indefinite suspension of such reviews.</p>
<p>Diplomats said the U.S. proposals, even with the concessions, have met with stiff resistance from the Russian and Chinese delegations.</p>
<p>The Arab diplomat said France also &quot;had trouble with the language in the new resolution.&quot;</p>
<p>Iraqi Ambassador Hamdoon said he &quot;was pleased the Security Council has strong reservations about the resolution.&quot;</p>
<p>The Council last Friday issued a relatively mild statement deploring a series of incidents in which U.N. inspectors said Iraqi personnel had endangered U.N. helicopters and their crews assisting U.N. ground teams. Since then, inspectors have been turned away from three sites they attempted to visit.</p>
<p>--Patrick Connole New York Energy Desk ((+1 212 859 1620))</p>
</text>
<copyright>(c) Reuters Limited 1997</copyright>
<metadata>
<codes class="bip:countries:1.0">
  <code code="IRAQ">
    <editdetail attribution="Reuters BIP Coding Group" action="confirmed" date="1997-06-20"/>
  </code>
  <code code="UN">
    <editdetail attribution="Reuters BIP Coding Group" action="confirmed" date="1997-06-20"/>
  </code>
  <code code="USA">
    <editdetail attribution="Reuters BIP Coding Group" action="confirmed" date="1997-06-20"/>
  </code>
</codes>
<codes class="bip:topics:1.0">
  <code code="E51">
    <editdetail attribution="Reuters BIP Coding Group" action="confirmed" date="1997-06-20"/>
  </code>
  <code code="E512">
    <editdetail attribution="Reuters BIP Coding Group" action="confirmed" date="1997-06-20"/>
  </code>
  <code code="ECAT">
    <editdetail attribution="Reuters BIP Coding Group" action="confirmed" date="1997-06-20"/>
  </code>
</codes>
<dc element="dc.date.created" value="1997-06-20"/>
<dc element="dc.publisher" value="Reuters Holdings Plc"/>
<dc element="dc.date.published" value="1997-06-20"/>
<dc element="dc.source" value="Reuters"/>
<dc element="dc.creator.location" value="NEW YORK"/>
<dc element="dc.creator.location.country.name" value="USA"/>
<dc element="dc.source" value="Reuters"/>
</metadata>
</newsitem>
