<?xml version="1.0" encoding="iso-8859-1" ?>
<newsitem itemid="675289" id="root" date="1997-06-20" xml:lang="en">
<title>USA: RESEARCH ALERT - Corporacion Geo raised.</title>
<headline>RESEARCH ALERT - Corporacion Geo raised.</headline>
<dateline>NEW YORK 1997-06-20</dateline>
<text>
<p>Bear Stearns analysts Sobani Warner and Daniel Altman on Friday raised their rating on Mexican construction company Corporacion Geo SA de CV to buy from attractive.</p>
<p>-- &quot;We are upgrading ... as a stronger capital structure and lower-cost financing significantly enhance Geo's competitive position,&quot; they wrote in a report.</p>
<p>-- &quot;With net proceeds of roughly $110 million in hand from its recent debt and equity offerings, we believe the working capital financing woes which weighed heavily on the stock for the first half of 1997 are finally behind us.&quot;</p>
<p>((--Ian Simpson, Wall Street Desk, (212) 859-1879))</p>
</text>
<copyright>(c) Reuters Limited 1997</copyright>
<metadata>
<codes class="bip:countries:1.0">
  <code code="USA">
    <editdetail attribution="Reuters BIP Coding Group" action="confirmed" date="1997-06-20"/>
  </code>
</codes>
<codes class="bip:topics:1.0">
  <code code="C15">
    <editdetail attribution="Reuters BIP Coding Group" action="confirmed" date="1997-06-20"/>
  </code>
  <code code="C152">
    <editdetail attribution="Reuters BIP Coding Group" action="confirmed" date="1997-06-20"/>
  </code>
  <code code="CCAT">
    <editdetail attribution="Reuters BIP Coding Group" action="confirmed" date="1997-06-20"/>
  </code>
</codes>
<dc element="dc.date.created" value="1997-06-20"/>
<dc element="dc.publisher" value="Reuters Holdings Plc"/>
<dc element="dc.date.published" value="1997-06-20"/>
<dc element="dc.source" value="Reuters"/>
<dc element="dc.creator.location" value="NEW YORK"/>
<dc element="dc.creator.location.country.name" value="USA"/>
<dc element="dc.source" value="Reuters"/>
</metadata>
</newsitem>
