<?xml version="1.0" encoding="iso-8859-1" ?>
<newsitem itemid="675285" id="root" date="1997-06-20" xml:lang="en">
<title>USA: RF Monolithics adds to gains after EPS.</title>
<headline>RF Monolithics adds to gains after EPS.</headline>
<dateline>NEW YORK 1997-06-20</dateline>
<text>
<p>Shares in radio frequency components maker RF Monolithics Inc on Friday added to their gains on the back of a strong earnings report earlier in the week.</p>
<p>Late Wednesday the Dallas-based company reported fiscal third quarter earnings of $0.20 a share, up from $0.11 a year earlier. Robertson, Stephens and Co analyst Dan Niles called the results &quot;awesome,&quot; topping his forecast of $0.15 a share.</p>
<p>He said he raised his fiscal 1997 earnings forecast on the company to $0.65 from $0.55 and boosted fiscal 1998 to $0.90 from $0.70.  </p>
<p>&quot;It's a great small cap stock that's finally broken out,&quot; he said.</p>
<p>The stock was up 3-1/4 to 22-1/4 after a rise 2-7/8 on Thursday.</p>
<p>((--Wall St Desk, 212-859-1730))</p>
</text>
<copyright>(c) Reuters Limited 1997</copyright>
<metadata>
<codes class="bip:countries:1.0">
  <code code="USA">
    <editdetail attribution="Reuters BIP Coding Group" action="confirmed" date="1997-06-20"/>
  </code>
</codes>
<codes class="bip:industries:1.0">
  <code code="I34400">
    <editdetail attribution="Reuters BIP Coding Group" action="confirmed" date="1997-06-20"/>
  </code>
</codes>
<codes class="bip:topics:1.0">
  <code code="C15">
    <editdetail attribution="Reuters BIP Coding Group" action="confirmed" date="1997-06-20"/>
  </code>
  <code code="C151">
    <editdetail attribution="Reuters BIP Coding Group" action="confirmed" date="1997-06-20"/>
  </code>
  <code code="C152">
    <editdetail attribution="Reuters BIP Coding Group" action="confirmed" date="1997-06-20"/>
  </code>
  <code code="CCAT">
    <editdetail attribution="Reuters BIP Coding Group" action="confirmed" date="1997-06-20"/>
  </code>
</codes>
<dc element="dc.date.created" value="1997-06-20"/>
<dc element="dc.publisher" value="Reuters Holdings Plc"/>
<dc element="dc.date.published" value="1997-06-20"/>
<dc element="dc.source" value="Reuters"/>
<dc element="dc.creator.location" value="NEW YORK"/>
<dc element="dc.creator.location.country.name" value="USA"/>
<dc element="dc.source" value="Reuters"/>
</metadata>
</newsitem>
