<?xml version="1.0" encoding="iso-8859-1" ?>
<newsitem itemid="675262" id="root" date="1997-06-20" xml:lang="en">
<title>USA: Mercury Finance former CFO Doyle dies.</title>
<headline>Mercury Finance former CFO Doyle dies.</headline>
<dateline>CHICAGO 1997-06-20</dateline>
<text>
<p>Mercury Finance Co, the beleaguered auto financing company, said Friday its former chief financial officer, James Doyle died earlier this week.</p>
<p>Doyle was a central figure in January when the company said that it would have to restate its past four years' earnings due to accounting irregularities.</p>
<p>Mercury did not give the cause of death. A report in suburban Chicago Daily Herald on Friday said that Doyle died Wednesday evening of an apparent heart attack.  </p>
<p>In January, Mercury said Doyle had disappeared.</p>
<p>But Doyle's attorney was later quoted in published reports saying Doyle had not disappeared, but was cooperating with federal officials. The Federal Bureau of Investigations in February searched Mercury's Lake Forest, Illinois headquarters seeking financial records.  </p>
<p>In April, Mercury said it estimated on a preliminary basis that its net loss for 1996 was $48 million to $55 million.</p>
<p>Mercury has also defaulted on its commerical debt, but has received financing for day-to-day operations as William Brandt Jr., a bankruptcy and turnaround specialist who was brought in as chief executive officer in January, tries to mend the firm's fortunes.</p>
<p>&quot;Mercury has come a long way from early 1997 and we are on the mend, but we wanted to take this moment to say that whatever the situation has been, we are saddened to hear about Jim Doyle's death,&quot; Brandt said in a news release.</p>
<p>Mercury shares were unchanged at 2-3/8 Friday.</p>
<p>((Chicago newsdesk, 312-408-8787))</p>
</text>
<copyright>(c) Reuters Limited 1997</copyright>
<metadata>
<codes class="bip:countries:1.0">
  <code code="USA">
    <editdetail attribution="Reuters BIP Coding Group" action="confirmed" date="1997-06-20"/>
  </code>
</codes>
<codes class="bip:industries:1.0">
  <code code="I83100">
    <editdetail attribution="Reuters BIP Coding Group" action="confirmed" date="1997-06-20"/>
  </code>
</codes>
<codes class="bip:topics:1.0">
  <code code="C15">
    <editdetail attribution="Reuters BIP Coding Group" action="confirmed" date="1997-06-20"/>
  </code>
  <code code="C151">
    <editdetail attribution="Reuters BIP Coding Group" action="confirmed" date="1997-06-20"/>
  </code>
  <code code="C17">
    <editdetail attribution="Reuters BIP Coding Group" action="confirmed" date="1997-06-20"/>
  </code>
  <code code="C41">
    <editdetail attribution="Reuters BIP Coding Group" action="confirmed" date="1997-06-20"/>
  </code>
  <code code="C411">
    <editdetail attribution="Reuters BIP Coding Group" action="confirmed" date="1997-06-20"/>
  </code>
  <code code="CCAT">
    <editdetail attribution="Reuters BIP Coding Group" action="confirmed" date="1997-06-20"/>
  </code>
</codes>
<dc element="dc.date.created" value="1997-06-20"/>
<dc element="dc.publisher" value="Reuters Holdings Plc"/>
<dc element="dc.date.published" value="1997-06-20"/>
<dc element="dc.source" value="Reuters"/>
<dc element="dc.creator.location" value="CHICAGO"/>
<dc element="dc.creator.location.country.name" value="USA"/>
<dc element="dc.source" value="Reuters"/>
</metadata>
</newsitem>
