<?xml version="1.0" encoding="iso-8859-1" ?>
<newsitem itemid="675388" id="root" date="1997-06-20" xml:lang="en">
<title>SPAIN: SOCCER-REAL PUT WORLD RECORD $150 MILLION TAG ON MIJATOVIC.</title>
<headline>SOCCER-REAL PUT WORLD RECORD $150 MILLION TAG ON MIJATOVIC.</headline>
<dateline>MADRID 1997-06-20</dateline>
<text>
<p>Predrag Mijatovic signed a new contract with Real Madrid on Friday by which any club wanting to buy the Montenegrin striker would have to pay the Spanish champions a world record $150 million.</p>
<p>The deal will keep Mijatovic at the club until 2003.</p>
<p>On Wednesday Real had already created a record for a 'withdrawal clause' by putting a price of $100 million on Brazilian defender Roberto Carlos.</p>
<p>&quot;I'm the new record holder but I'm sure it won't be for long,&quot; Mijatovic said.</p>
<p>Meanwhile Real goalkeeper Bodo Illgner denied that he was unhappy at the Madrid side.</p>
<p>&quot;It seems strange and serious to me that everybody should say I will not stay in Real Madrid...I'm happy here.&quot; Illgner said.</p>
<p>Recent media reports suggested the rest of the Real squad were unhappy that the German international had missed all the team's celebrations after securing the Spanish title.</p>
<p>He was also rumoured to be following coach Fabio Capello to AC Milan.</p>
<p>Illgner was brought to Spain from Cologne because Capello felt the team needed a taller goalkeeper.</p>
</text>
<copyright>(c) Reuters Limited 1997</copyright>
<metadata>
<codes class="bip:countries:1.0">
  <code code="SPAIN">
    <editdetail attribution="Reuters BIP Coding Group" action="confirmed" date="1997-06-20"/>
  </code>
</codes>
<codes class="bip:topics:1.0">
  <code code="GCAT">
    <editdetail attribution="Reuters BIP Coding Group" action="confirmed" date="1997-06-20"/>
  </code>
  <code code="GSPO">
    <editdetail attribution="Reuters BIP Coding Group" action="confirmed" date="1997-06-20"/>
  </code>
</codes>
<dc element="dc.date.created" value="1997-06-20"/>
<dc element="dc.publisher" value="Reuters Holdings Plc"/>
<dc element="dc.date.published" value="1997-06-20"/>
<dc element="dc.source" value="Reuters"/>
<dc element="dc.creator.location" value="MADRID"/>
<dc element="dc.creator.location.country.name" value="SPAIN"/>
<dc element="dc.source" value="Reuters"/>
</metadata>
</newsitem>
