<?xml version="1.0" encoding="iso-8859-1" ?>
<newsitem itemid="675332" id="root" date="1997-06-20" xml:lang="en">
<title>USA: BASEBALL-RANDY JOHNSON WINS AGAIN AS MARINERS EDGE RANGERS.</title>
<headline>BASEBALL-RANDY JOHNSON WINS AGAIN AS MARINERS EDGE RANGERS.</headline>
<dateline>ARLINGTON, Texas 1997-06-20</dateline>
<text>
<p>Randy Johnson allowed just four hits over seven innings to notch his 11th win and Paul Sorrento and Jay Buhner homered as the Seattle Mariners edged the Texas Rangers 2-1 on Thursday.</p>
<p>In recording his sixth consecutive victory, Johnson (11-1) gave up one unearned run, walked one and struck out six to bring his American League-leading strikeout total to 138.</p>
<p>&quot;He's pitching very good baseball for us,&quot; said Seattle manager Lou Piniella. &quot;He got a little tired but he pitched out of some tough situations. He is the best pitcher in baseball.&quot;</p>
<p>Bobby Ayala allowed one hit, walked two and struck out one in two scoreless innings of relief to pick up his fifth save and preserve Johnson's 22nd win in his last 23 decisions.</p>
<p>Ken Hill (4-5) gave up two runs and nine hits over 7 1/3 innings to take the loss as the Rangers fell two games behind the first-place Mariners in the West.</p>
<p>With one out in the second, Sorrento sent Hill's 1-2 pitch over the right-field fence for his 11th homer. Buhner led off the seventh and hit a 1-1 pitch over the left-field wall for his 18th homer and a 2-0 lead.</p>
<p>Texas scored its run in the bottom of the inning when Juan Gonzalez singled and later scored on an error by Seattle left fielder Rob Ducey.</p>
<p>In Anaheim, Garret Anderson's two-run single with one-out in the bottom of the ninth inning lifted the Angels to a 4-3 victory over the Oakland Athletics.</p>
<p>The A's had taken a 3-2 lead in the top of the ninth when first baseman Jim Leyritz misplayed Damon Mashore's grounder, allowing Rafael Bournigal to score.</p>
<p>But the Angels loaded the bases in the bottom of the ninth with one out.</p>
<p>Daren Erstad led off with a single off Oakland closer Billy Taylor (2-4). Orlando Palmeiro walked and Taylor then hit Leyritz with an 0-2 pitch to load the bases.</p>
<p>Mike Mohler relieved Taylor and Anderson lined a 1-1 pitch into left-centre field, scoring Erstad and Palmeiro with the tying and winning runs as the Angels snapped a five-game skid.</p>
<p>Geronimo Berroa's two-run single in the third put Oakland ahead 2-0. Anaheim tied it with single runs in the third and sixth innings.</p>
</text>
<copyright>(c) Reuters Limited 1997</copyright>
<metadata>
<codes class="bip:countries:1.0">
  <code code="USA">
    <editdetail attribution="Reuters BIP Coding Group" action="confirmed" date="1997-06-20"/>
  </code>
</codes>
<codes class="bip:topics:1.0">
  <code code="GCAT">
    <editdetail attribution="Reuters BIP Coding Group" action="confirmed" date="1997-06-20"/>
  </code>
  <code code="GSPO">
    <editdetail attribution="Reuters BIP Coding Group" action="confirmed" date="1997-06-20"/>
  </code>
</codes>
<dc element="dc.date.created" value="1997-06-20"/>
<dc element="dc.publisher" value="Reuters Holdings Plc"/>
<dc element="dc.date.published" value="1997-06-20"/>
<dc element="dc.source" value="Reuters"/>
<dc element="dc.creator.location" value="ARLINGTON, Texas"/>
<dc element="dc.creator.location.country.name" value="USA"/>
<dc element="dc.source" value="Reuters"/>
</metadata>
</newsitem>
