<?xml version="1.0" encoding="iso-8859-1" ?>
<newsitem itemid="675303" id="root" date="1997-06-20" xml:lang="en">
<title>USA: SOCCER-RONALDO STILL BELONGS TO US, SAY BARCELONA.</title>
<headline>SOCCER-RONALDO STILL BELONGS TO US, SAY BARCELONA.</headline>
<byline>Brian Homewood</byline>
<dateline>SANTA CRUZ, Bolivia 1997-06-20</dateline>
<text>
<p>Brazilian striker Ronaldo ended months of speculation over his future by signing a five-year contract with Italian club Internazionale on Friday.</p>
<p>But Barcelona insisted that Ronaldo still belonged to them.</p>
<p>Josep Maria Antras, the club's lawyer, said the Spanish Football Federation had not yet authorised the transfer.</p>
<p>Ronaldo's agent Alexandre Martins announced the signing in Santa Cruz.</p>
<p>&quot;A contract was signed between Ronaldo and Internazionale for a period of five years.&quot;, he said.</p>
<p>&quot;He will present himself to the club on July 1 for a medical and then he will go on holiday.&quot;</p>
<p>Martins said the financial details of the deal would be announced by the club in Italy.</p>
<p>Earlier, Ronaldo, with the national team at the Copa America, said at the team's hotel: &quot;I am very happy. This is a problem that has been affecting the national team and now it is out of the way.&quot;</p>
<p>Inter's technical director Luis Suarez said: &quot;Internazionale are very happy. We have signed a very important player.&quot;</p>
<p>Ronaldo's form appears to have suffered as the seemingly interminable negotiations have dragged on.</p>
<p>He scored two goals in the team's opening Copa America game against Costa Rica but his displays in the subsequent two matches were patchy and he was substituted in Thursday's 2-0 win over Colombia.</p>
<p>The deal was announced shortly after Ronaldo's lawyer in Spain said he had paid the four billion pesetas ($27.5 million) necessary to release the player from his contract with Barcelona.</p>
<p>Although the payment technically makes Ronaldo a free agent, a FIFA circular has decreed that only Spanish clubs are allowed to sign him without negotiating with Barcelona.</p>
<p>&quot;From today the player no longer belongs to Barcelona,&quot; said Fernando Rey, the Brazilian's lawyer. Negotiations to keep Ronaldo at Barcelona broke down at the end of last month.</p>
<p>Martins did not mention the problem as he read an official message announcing Ronaldo's signing. He said afterwards: &quot;This is a matter our lawyers are dealing with.&quot;</p>
<p>Antras said he thought that the conflict between Barcelona and Inter would eventually be settled by FIFA.</p>
<p>&quot;It will be FIFA, in the end, who decides who is right and if the Italian club then want to negotiate with Barcelona, we can sit down at the (negotiating) table.&quot;</p>
<p>Antras also pointed out that Rey had not paid sales tax on the four billion pesetas deposited with Spain's Professional Football League in accordance with the terms of the contract.</p>
<p>&quot;In Ronaldo's contract it is very clear that the sums have to include this tax,&quot; he said.</p>
</text>
<copyright>(c) Reuters Limited 1997</copyright>
<metadata>
<codes class="bip:countries:1.0">
  <code code="BOL">
    <editdetail attribution="Reuters BIP Coding Group" action="confirmed" date="1997-06-20"/>
  </code>
  <code code="BRAZ">
    <editdetail attribution="Reuters BIP Coding Group" action="confirmed" date="1997-06-20"/>
  </code>
  <code code="ITALY">
    <editdetail attribution="Reuters BIP Coding Group" action="confirmed" date="1997-06-20"/>
  </code>
  <code code="SPAIN">
    <editdetail attribution="Reuters BIP Coding Group" action="confirmed" date="1997-06-20"/>
  </code>
</codes>
<codes class="bip:topics:1.0">
  <code code="GCAT">
    <editdetail attribution="Reuters BIP Coding Group" action="confirmed" date="1997-06-20"/>
  </code>
  <code code="GSPO">
    <editdetail attribution="Reuters BIP Coding Group" action="confirmed" date="1997-06-20"/>
  </code>
</codes>
<dc element="dc.date.created" value="1997-06-20"/>
<dc element="dc.publisher" value="Reuters Holdings Plc"/>
<dc element="dc.date.published" value="1997-06-20"/>
<dc element="dc.source" value="Reuters"/>
<dc element="dc.creator.location" value="SANTA CRUZ, Bolivia"/>
<dc element="dc.creator.location.country.name" value="USA"/>
<dc element="dc.source" value="Reuters"/>
</metadata>
</newsitem>
