<?xml version="1.0" encoding="iso-8859-1" ?>
<newsitem itemid="675326" id="root" date="1997-06-20" xml:lang="en">
<title>ST VINCENT: CRICKET-SRI LANKA WIN TOSS, WEST INDIES BAT IN 2ND TEST.</title>
<headline>CRICKET-SRI LANKA WIN TOSS, WEST INDIES BAT IN 2ND TEST.</headline>
<dateline>KINGSTOWN, St Vincent 1997-06-20</dateline>
<text>
<p>Sri Lanka won the toss and put West Indies in to bat on the opening day of the second and final test at Arnos Vale on Friday.</p>
<p>West Indies lead the series 1-0.</p>
<p>Teams:</p>
<p>West Indies - Courtney Walsh (captain), Sherwin Campbell, Stuart Williams, Floyd Reifer, Brian Lara, Carl Hooper, Roland Holder, Courtney Browne, Ian Bishop, Curtly Ambrose, Franklyn Rose.</p>
<p>Sri Lanka - Arjuna Ranatunga (captain), Sanath Jayasuriya, Roshan Mahanama, Marvan Atapattu, Aravinda de Silva, Sanjeeva Ranatunga, Romesh Kaluwitharana, Kumara Dharmasena, Sajeeva de Silva, Ravindra Pushpakumara, Muttiah Muralitharan.</p>
</text>
<copyright>(c) Reuters Limited 1997</copyright>
<metadata>
<codes class="bip:countries:1.0">
  <code code="SRILAN">
    <editdetail attribution="Reuters BIP Coding Group" action="confirmed" date="1997-06-20"/>
  </code>
  <code code="SVIN">
    <editdetail attribution="Reuters BIP Coding Group" action="confirmed" date="1997-06-20"/>
  </code>
  <code code="WEIND">
    <editdetail attribution="Reuters BIP Coding Group" action="confirmed" date="1997-06-20"/>
  </code>
</codes>
<codes class="bip:topics:1.0">
  <code code="GCAT">
    <editdetail attribution="Reuters BIP Coding Group" action="confirmed" date="1997-06-20"/>
  </code>
  <code code="GSPO">
    <editdetail attribution="Reuters BIP Coding Group" action="confirmed" date="1997-06-20"/>
  </code>
</codes>
<dc element="dc.date.created" value="1997-06-20"/>
<dc element="dc.publisher" value="Reuters Holdings Plc"/>
<dc element="dc.date.published" value="1997-06-20"/>
<dc element="dc.source" value="Reuters"/>
<dc element="dc.creator.location" value="KINGSTOWN, St Vincent"/>
<dc element="dc.creator.location.country.name" value="ST VINCENT"/>
<dc element="dc.source" value="Reuters"/>
</metadata>
</newsitem>
