<?xml version="1.0" encoding="iso-8859-1" ?>
<newsitem itemid="675387" id="root" date="1997-06-20" xml:lang="en">
<title>SPAIN: SOCCER-RONALDO BECOMES 'FREE AGENT' AFTER $27.5M PAYMENT.</title>
<headline>SOCCER-RONALDO BECOMES 'FREE AGENT' AFTER $27.5M PAYMENT.</headline>
<dateline>MADRID 1997-06-20</dateline>
<text>
<p>Ronaldo's lawyer said on Friday he had paid the four billion pesetas ($27.5 million) necessary to release the Brazilian striker Ronaldo from his contract with Barcelona.</p>
<p>Although the payment technically makes Ronaldo a free agent, a UEFA circular has decreed that only Spanish clubs are allowed to sign him without negotiating with Barcelona.</p>
<p>Italian club Inter Milan are hoping to buy Ronaldo, who is currently in Bolivia with the Brazilian national side.</p>
<p>&quot;From today the player no longer belongs to Barcelona,&quot; said Fernando Rey, the Brazilian's lawyer.</p>
<p>Negotiations to keep Ronaldo at Barcelona broke down at the end of last month.</p>
<p>The International Association of Players' Agents (IAFA), meanwhile, has urged the European Commission to judge on a FIFA ruling which is preventing Ronaldo from joining Inter Milan.</p>
<p>A Commission spokesman on Friday confirmed that the Commission had received the letter but declined to comment further.</p>
<p>Barcelona have invoked the FIFA ruling as a last-ditch effort to stop Ronaldo from moving to Internazionale.</p>
<p>IAFA claims that FIFA ruling 616, issued early in June, reintroduced the system, until 1999, of payments of a transfer fee for non-EU players who were at the end of their contracts.</p>
<p>The transfer fee system was abolished only last March.</p>
<p>The ruling also stated that, regarding international transfers, a federation could refuse to provide a transfer certificate if a player had ended a contract unilaterally.</p>
</text>
<copyright>(c) Reuters Limited 1997</copyright>
<metadata>
<codes class="bip:countries:1.0">
  <code code="BRAZ">
    <editdetail attribution="Reuters BIP Coding Group" action="confirmed" date="1997-06-20"/>
  </code>
  <code code="ITALY">
    <editdetail attribution="Reuters BIP Coding Group" action="confirmed" date="1997-06-20"/>
  </code>
  <code code="SPAIN">
    <editdetail attribution="Reuters BIP Coding Group" action="confirmed" date="1997-06-20"/>
  </code>
</codes>
<codes class="bip:topics:1.0">
  <code code="GCAT">
    <editdetail attribution="Reuters BIP Coding Group" action="confirmed" date="1997-06-20"/>
  </code>
  <code code="GSPO">
    <editdetail attribution="Reuters BIP Coding Group" action="confirmed" date="1997-06-20"/>
  </code>
</codes>
<dc element="dc.date.created" value="1997-06-20"/>
<dc element="dc.publisher" value="Reuters Holdings Plc"/>
<dc element="dc.date.published" value="1997-06-20"/>
<dc element="dc.source" value="Reuters"/>
<dc element="dc.creator.location" value="MADRID"/>
<dc element="dc.creator.location.country.name" value="SPAIN"/>
<dc element="dc.source" value="Reuters"/>
</metadata>
</newsitem>
