<?xml version="1.0" encoding="iso-8859-1" ?>
<newsitem itemid="675366" id="root" date="1997-06-20" xml:lang="en">
<title>AUSTRALIA: RUGBY LEAGUE-WORLD CLUB CHALLENGE RESULT.</title>
<headline>RUGBY LEAGUE-WORLD CLUB CHALLENGE RESULT.</headline>
<dateline>SYDNEY 1997-06-20</dateline>
<text>
<p>Result of a World Club Challenge rugby league match on Friday:</p>
<p>Group B Adelaide (Australia) 42 Oldham (England) 14</p>
</text>
<copyright>(c) Reuters Limited 1997</copyright>
<metadata>
<codes class="bip:countries:1.0">
  <code code="AUSTR">
    <editdetail attribution="Reuters BIP Coding Group" action="confirmed" date="1997-06-20"/>
  </code>
  <code code="UK">
    <editdetail attribution="Reuters BIP Coding Group" action="confirmed" date="1997-06-20"/>
  </code>
</codes>
<codes class="bip:topics:1.0">
  <code code="GCAT">
    <editdetail attribution="Reuters BIP Coding Group" action="confirmed" date="1997-06-20"/>
  </code>
  <code code="GSPO">
    <editdetail attribution="Reuters BIP Coding Group" action="confirmed" date="1997-06-20"/>
  </code>
</codes>
<dc element="dc.date.created" value="1997-06-20"/>
<dc element="dc.publisher" value="Reuters Holdings Plc"/>
<dc element="dc.date.published" value="1997-06-20"/>
<dc element="dc.source" value="Reuters"/>
<dc element="dc.creator.location" value="SYDNEY"/>
<dc element="dc.creator.location.country.name" value="AUSTRALIA"/>
<dc element="dc.source" value="Reuters"/>
</metadata>
</newsitem>
