<?xml version="1.0" encoding="iso-8859-1" ?>
<newsitem itemid="675352" id="root" date="1997-06-20" xml:lang="en">
<title>UK: CRICKET-TAYLOR WINS TOSS, PUTS ENGLAND INTO BAT.</title>
<headline>CRICKET-TAYLOR WINS TOSS, PUTS ENGLAND INTO BAT.</headline>
<dateline>LONDON 1997-06-20</dateline>
<text>
<p>Australian captain Mark Taylor won the toss and put England into bat on the second day of the second test against England at Lord's on Friday.</p>
<p>Rain washed out Thursday's opening day without a ball being bowled.</p>
<p>The weather was cool and cloudy and the pitch soft with further rain forecast for later in the day.</p>
<p>England retained the team who won the first test in the six-test Ashes series by nine wickets while Paul Reiffel replaced injured fast bowler Jason Gillespie in the Australian side.</p>
<p>Michael Atherton was captaining England for the 42nd time, breaking the previous national record set by the late Peter May.</p>
<p>Teams:</p>
<p>England - Michael Atherton (captain), Mark Butcher, Alec Stewart, Nasser Hussain, Graham Thorpe, John Crawley, Mark Ealham, Robert Croft, Darren Gough, Andrew Caddick, Devon Malcolm.</p>
<p>Australia - Mark Taylor (captain), Matthew Elliott, Greg Blewett, Mark Waugh, Steve Waugh, Michael Bevan, Ian Healy, Shane Warne, Paul Reiffel, Michael Kasprowicz, Glenn McGrath.</p>
</text>
<copyright>(c) Reuters Limited 1997</copyright>
<metadata>
<codes class="bip:countries:1.0">
  <code code="AUSTR">
    <editdetail attribution="Reuters BIP Coding Group" action="confirmed" date="1997-06-20"/>
  </code>
  <code code="UK">
    <editdetail attribution="Reuters BIP Coding Group" action="confirmed" date="1997-06-20"/>
  </code>
</codes>
<codes class="bip:topics:1.0">
  <code code="GCAT">
    <editdetail attribution="Reuters BIP Coding Group" action="confirmed" date="1997-06-20"/>
  </code>
  <code code="GSPO">
    <editdetail attribution="Reuters BIP Coding Group" action="confirmed" date="1997-06-20"/>
  </code>
</codes>
<dc element="dc.date.created" value="1997-06-20"/>
<dc element="dc.publisher" value="Reuters Holdings Plc"/>
<dc element="dc.date.published" value="1997-06-20"/>
<dc element="dc.source" value="Reuters"/>
<dc element="dc.creator.location" value="LONDON"/>
<dc element="dc.creator.location.country.name" value="UK"/>
<dc element="dc.source" value="Reuters"/>
</metadata>
</newsitem>
