<?xml version="1.0" encoding="iso-8859-1" ?>
<newsitem itemid="675344" id="root" date="1997-06-20" xml:lang="en">
<title>UK: SOCCER-PLATT WILL NOT MANAGE SOUTHAMPTON NEXT SEASON.</title>
<headline>SOCCER-PLATT WILL NOT MANAGE SOUTHAMPTON NEXT SEASON.</headline>
<dateline>LONDON 1997-06-20</dateline>
<text>
<p>Former England captain David Platt is set to stay with Arsenal as a player next season and will not be managing Southampton, the player said on Friday.</p>
<p>The 31-year-old midfielder said he had been interviewed for Graeme Souness's old job by Southampton chairman Rupert Lowe late last week.</p>
<p>But Platt said that, while he was impressed with Lowe's vision for the future, he was preparing himself for another season at Highbury.</p>
<p>&quot;He (Lowe) did hint that the Board may choose to appoint a manager rather than a player-manager and I still feel I have a great deal to offer on the playing side,&quot; Platt said.</p>
<p>&quot;I am now preparing myself physically and mentally for the coming season with Arsenal.&quot;</p>
<p>Andrew Dowler, spokesman for Southampton said: &quot;I can confirm David Platt's statement that he will not be coming to Southampton as manager.&quot;</p>
</text>
<copyright>(c) Reuters Limited 1997</copyright>
<metadata>
<codes class="bip:countries:1.0">
  <code code="UK">
    <editdetail attribution="Reuters BIP Coding Group" action="confirmed" date="1997-06-20"/>
  </code>
</codes>
<codes class="bip:topics:1.0">
  <code code="GCAT">
    <editdetail attribution="Reuters BIP Coding Group" action="confirmed" date="1997-06-20"/>
  </code>
  <code code="GSPO">
    <editdetail attribution="Reuters BIP Coding Group" action="confirmed" date="1997-06-20"/>
  </code>
</codes>
<dc element="dc.date.created" value="1997-06-20"/>
<dc element="dc.publisher" value="Reuters Holdings Plc"/>
<dc element="dc.date.published" value="1997-06-20"/>
<dc element="dc.source" value="Reuters"/>
<dc element="dc.creator.location" value="LONDON"/>
<dc element="dc.creator.location.country.name" value="UK"/>
<dc element="dc.source" value="Reuters"/>
</metadata>
</newsitem>
