<?xml version="1.0" encoding="iso-8859-1" ?>
<newsitem itemid="675314" id="root" date="1997-06-20" xml:lang="en">
<title>SPAIN: CYCLING-TOUR OF CATALONIA SECOND STAGE PLACINGS.</title>
<headline>CYCLING-TOUR OF CATALONIA SECOND STAGE PLACINGS.</headline>
<dateline>LLEIDA, Spain 1997-06-20</dateline>
<text>
<p>Leading placings in the</p>
<p>164-km second stage of the Tour of Catalonia from Port Aventura</p>
<p>and Lleida on Friday:</p>
<p>1. Jan Svorada (Slovakia) Mapei  4 hours 1 minute 1 second</p>
<p>2. Frederic Moncassin (France) Gan</p>
<p>3. Federico Colonna (Italy) Asics</p>
<p>4. Sergei Ivanov (Russia) TVM</p>
<p>5. Enrico Cassani (Italy) Polti</p>
<p>6. Lars Michaelsen (Denmark) TVM</p>
<p>7. Henk Vogels (Australia) Gan</p>
<p>8. Massimo Strazzer (Italy) Roslotto</p>
<p>9. Marco Bellini (Italy) Asics</p>
<p> 10.Alvaro Gonzalez (Spain) Euskadi   all same time</p>
<p>Leading overall standings after two stages:</p>
<p> 1. Chris Boardman (Britain) Gan   6 hours 7 minutes 6 seconds</p>
<p>2. Angel Luis Casero (Spain) Banesto  12 seconds behind</p>
<p> 3. Aitor Garmendia (Spain) ONCE	     same time</p>
<p> 4. Fernando Escartin (Spain) Kelme	  23</p>
<p> 5. Stuart O'Grady (Australi) Gan	    32</p>
<p>6. Armand de las Cuevas (France) Banesto  33</p>
<p>7. Alberto Leanizbarrutia (Spain) Banesto  </p>
<p> 8. Alvaro Gonzalez (Spain) Euskadi	   </p>
<p> 9. Alonso Marino (Spain) Banesto	    all same time</p>
<p> 10.Bart Voskamp (Netherlands) TVM	   36</p>
</text>
<copyright>(c) Reuters Limited 1997</copyright>
<metadata>
<codes class="bip:countries:1.0">
  <code code="SPAIN">
    <editdetail attribution="Reuters BIP Coding Group" action="confirmed" date="1997-06-20"/>
  </code>
</codes>
<codes class="bip:topics:1.0">
  <code code="GCAT">
    <editdetail attribution="Reuters BIP Coding Group" action="confirmed" date="1997-06-20"/>
  </code>
  <code code="GSPO">
    <editdetail attribution="Reuters BIP Coding Group" action="confirmed" date="1997-06-20"/>
  </code>
</codes>
<dc element="dc.date.created" value="1997-06-20"/>
<dc element="dc.publisher" value="Reuters Holdings Plc"/>
<dc element="dc.date.published" value="1997-06-20"/>
<dc element="dc.source" value="Reuters"/>
<dc element="dc.creator.location" value="LLEIDA, Spain"/>
<dc element="dc.creator.location.country.name" value="SPAIN"/>
<dc element="dc.source" value="Reuters"/>
</metadata>
</newsitem>
