<?xml version="1.0" encoding="iso-8859-1" ?>
<newsitem itemid="675496" id="root" date="1997-06-20" xml:lang="en">
<title>UK: Cargo cancelled from July N.Sea Flotta programme.</title>
<headline>Cargo cancelled from July N.Sea Flotta programme.</headline>
<dateline>LONDON 1997-06-20</dateline>
<text>
<p>One crude cargo has been cancelled from the July loading programme for Britain's North Sea Flotta oilfield system, traders said on Friday.</p>
<p>The cancellation of the July 20-22 loader cuts the month's schedule to nine cargoes totalling 5.4 million barrels, from the original 10 cargoes with 5.8 million barrels aboard.</p>
<p>&quot;There were production problems with some of the fields, it was a combination of things, nothing totally specific,&quot; said one trader.</p>
<p>Conoco officials have confirmed that production from the MacCulloch oilfield, which feeds the Flotta crude system and which was originally due on stream last December, had been further delayed.</p>
<p>The field, which lies some 250km (175 miles) north of Aberdeen in the central North Sea, has been hit by a series of weather-related and technical problems.</p>
<p>Production should eventually peak at 50-60,000 barrels per day at MacCulloch and maintain that level for 15-18 months.</p>
<p>- London newsroom +44 171 542 8060</p>
</text>
<copyright>(c) Reuters Limited 1997</copyright>
<metadata>
<codes class="bip:countries:1.0">
  <code code="UK">
    <editdetail attribution="Reuters BIP Coding Group" action="confirmed" date="1997-06-20"/>
  </code>
</codes>
<codes class="bip:industries:1.0">
  <code code="I13000">
    <editdetail attribution="Reuters BIP Coding Group" action="confirmed" date="1997-06-20"/>
  </code>
</codes>
<codes class="bip:topics:1.0">
  <code code="C21">
    <editdetail attribution="Reuters BIP Coding Group" action="confirmed" date="1997-06-20"/>
  </code>
  <code code="C24">
    <editdetail attribution="Reuters BIP Coding Group" action="confirmed" date="1997-06-20"/>
  </code>
  <code code="CCAT">
    <editdetail attribution="Reuters BIP Coding Group" action="confirmed" date="1997-06-20"/>
  </code>
  <code code="M14">
    <editdetail attribution="Reuters BIP Coding Group" action="confirmed" date="1997-06-20"/>
  </code>
  <code code="M143">
    <editdetail attribution="Reuters BIP Coding Group" action="confirmed" date="1997-06-20"/>
  </code>
  <code code="MCAT">
    <editdetail attribution="Reuters BIP Coding Group" action="confirmed" date="1997-06-20"/>
  </code>
</codes>
<dc element="dc.date.created" value="1997-06-20"/>
<dc element="dc.publisher" value="Reuters Holdings Plc"/>
<dc element="dc.date.published" value="1997-06-20"/>
<dc element="dc.source" value="Reuters"/>
<dc element="dc.creator.location" value="LONDON"/>
<dc element="dc.creator.location.country.name" value="UK"/>
<dc element="dc.source" value="Reuters"/>
</metadata>
</newsitem>
