<?xml version="1.0" encoding="iso-8859-1" ?>
<newsitem itemid="675414" id="root" date="1997-06-20" xml:lang="en">
<title>ESTONIA: NOON RADIO HEADLINES - JUNE 20.</title>
<headline>NOON RADIO HEADLINES - JUNE 20.</headline>
<dateline>TALLINN 1997-06-20</dateline>
<text>
<p>These were the main headlines reported by Kuku Radio on Friday at noon. Reuters has not verified these reports and does not vouch for their accuracy.</p>
<p>- Uno Mereste, chairman of the central bank's board, said that the existing economic policy has been successful and should not be changed.</p>
<p>- Lithuania's parliament has passed an anti-money laundering bill.</p>
<p>-- Tallinn newsroom, +372 620 9202/1, reuters@reuters.ee</p>
</text>
<copyright>(c) Reuters Limited 1997</copyright>
<metadata>
<codes class="bip:countries:1.0">
  <code code="ESTNIA">
    <editdetail attribution="Reuters BIP Coding Group" action="confirmed" date="1997-06-20"/>
  </code>
</codes>
<codes class="bip:topics:1.0">
  <code code="GCAT">
    <editdetail attribution="Reuters BIP Coding Group" action="confirmed" date="1997-06-20"/>
  </code>
</codes>
<dc element="dc.date.created" value="1997-06-20"/>
<dc element="dc.publisher" value="Reuters Holdings Plc"/>
<dc element="dc.date.published" value="1997-06-20"/>
<dc element="dc.source" value="Reuters"/>
<dc element="dc.creator.location" value="TALLINN"/>
<dc element="dc.creator.location.country.name" value="ESTONIA"/>
<dc element="dc.source" value="Reuters"/>
</metadata>
</newsitem>
