<?xml version="1.0" encoding="iso-8859-1" ?>
<newsitem itemid="675456" id="root" date="1997-06-20" xml:lang="en">
<title>ESTONIA: INDICATORS - ESTONIA - UPDATED JUNE 19.</title>
<headline>INDICATORS - ESTONIA - UPDATED JUNE 19.</headline>
<dateline>TALLINN</dateline>
<text>
<p>Estonia's latest economic statistics for</p>
<p>1997, in percentage changes on a month-to-month basis unless</p>
<p>otherwise indicated. (* = updated this week)</p>
<p> INDICATOR		    PERIOD     PCT    A YR AGO  LAST/NEXT</p>
<p> Consumer price Index	 May	2.0	0.6   06/06-07/07</p>
<p> Consumer prices (Yr/Yr)    May     10.8     26.7   06/06-07/07</p>
<p> Trade balance (Bln EEK)    Apr     -1.9     -1.0   05/06-07/07</p>
<p> GDP (Bln EEK)		  Q4 96   14.5	n/a   29/04-01/08</p>
<p> GDP (percent change)	 Q4 96    7.3	n/a   29/04-01/08</p>
<p> GDP (Bln EEK constant prices)96    52.4     41.5   29/04-01/08</p>
<p> GDP (percent change Yr/Yr) 1996     4.0	4.3   29/04-01/08</p>
<p> *BOP (Bln EEK)		 1996     1.2	0.2   19/06-Na</p>
<p> *BOP (Bln EEK)		 Q1 97    0.2	0.1   19/06-Na</p>
<p> *Current account (Bln EEK) 1996    -5.4     -0.8   19/06-Na</p>
<p> *Current account (Bln EEK) Q1 97   -2.1     -1.1   19/06-Na</p>
<p> Cbnk gold/fx res (Bln EEK) Apr	7.9	7.0   08/05-Na</p>
<p> Export price index	   Apr	0.3     -0.2   20/05-21/06</p>
<p> Export price index(Yr/Yr)  Apr	7.9     12.4   20/05-21/06</p>
<p> Producer Price Index (PPI) Apr	0.8     -0.1   20/05-21/06</p>
<p> PPI (Yr/Yr)		    Apr	8.3     14.4   20/05-21/06</p>
<p> Unemployment (LB)	    Apr	4.2	2.4   07/06-08/07</p>
<p>(LB=Labour Board figures based on percentage of workforce</p>
<p>actively seeking jobs through the state labour exchange.)</p>
<p>-- Tallinn newsroom +372 620 9201/2 reuters@reuters.ee</p>
</text>
<copyright>(c) Reuters Limited 1997</copyright>
<metadata>
<codes class="bip:countries:1.0">
  <code code="ESTNIA">
    <editdetail attribution="Reuters BIP Coding Group" action="confirmed" date="1997-06-20"/>
  </code>
</codes>
<codes class="bip:topics:1.0">
  <code code="E71">
    <editdetail attribution="Reuters BIP Coding Group" action="confirmed" date="1997-06-20"/>
  </code>
  <code code="ECAT">
    <editdetail attribution="Reuters BIP Coding Group" action="confirmed" date="1997-06-20"/>
  </code>
</codes>
<dc element="dc.publisher" value="Reuters Holdings Plc"/>
<dc element="dc.date.published" value="1997-06-20"/>
<dc element="dc.source" value="Reuters"/>
<dc element="dc.creator.location" value="TALLINN"/>
<dc element="dc.creator.location.country.name" value="ESTONIA"/>
<dc element="dc.source" value="Reuters"/>
</metadata>
</newsitem>
