<?xml version="1.0" encoding="iso-8859-1" ?>
<newsitem itemid="675438" id="root" date="1997-06-20" xml:lang="en">
<title>BULGARIA: BULGARIA TO SET UP CONCESSION RIGHTS ON NEW ROADS.</title>
<headline>BULGARIA TO SET UP CONCESSION RIGHTS ON NEW ROADS.</headline>
<dateline>SOFIA 1997-06-20</dateline>
<text>
<p>Bulgaria's cabinet decided to set up concession rights for construction of new stretches of its motorway network in a bid to attract fresh investment, a government official said.</p>
<p>&quot;Extending concession rights prior to building a new road stretch will guarantee the company which is to build it that it will redeem its investment after construction is completed,&quot; the official told reporters late on Thursday after a cabinet meeting.</p>
<p>So far concession rights could be set up only on existing roads built through government tenders but construction companies were not guaranteed they would be granted a concession on stretches they had built.</p>
<p>The government also decided to speed up privatisation of 100-percent state owned sites like coal mines, stone quarries and motorways by seeking an abolition of a legal requirement that concessions on them were granted only with parliament consent.</p>
<p>&quot;This amendment to the Concession Law will enable the government to act more quickly and efficiently in privatisation,&quot; said the official. -- Sofia Newsroom, (++359-2) 911 88</p>
</text>
<copyright>(c) Reuters Limited 1997</copyright>
<metadata>
<codes class="bip:countries:1.0">
  <code code="BUL">
    <editdetail attribution="Reuters BIP Coding Group" action="confirmed" date="1997-06-20"/>
  </code>
</codes>
<codes class="bip:industries:1.0">
  <code code="I50200">
    <editdetail attribution="Reuters BIP Coding Group" action="confirmed" date="1997-06-20"/>
  </code>
  <code code="I5020041">
    <editdetail attribution="Reuters BIP Coding Group" action="confirmed" date="1997-06-20"/>
  </code>
</codes>
<codes class="bip:topics:1.0">
  <code code="C13">
    <editdetail attribution="Reuters BIP Coding Group" action="confirmed" date="1997-06-20"/>
  </code>
  <code code="C33">
    <editdetail attribution="Reuters BIP Coding Group" action="confirmed" date="1997-06-20"/>
  </code>
  <code code="CCAT">
    <editdetail attribution="Reuters BIP Coding Group" action="confirmed" date="1997-06-20"/>
  </code>
</codes>
<dc element="dc.date.created" value="1997-06-20"/>
<dc element="dc.publisher" value="Reuters Holdings Plc"/>
<dc element="dc.date.published" value="1997-06-20"/>
<dc element="dc.source" value="Reuters"/>
<dc element="dc.creator.location" value="SOFIA"/>
<dc element="dc.creator.location.country.name" value="BULGARIA"/>
<dc element="dc.source" value="Reuters"/>
</metadata>
</newsitem>
