<?xml version="1.0" encoding="iso-8859-1" ?>
<newsitem itemid="675472" id="root" date="1997-06-20" xml:lang="en">
<title>UK: Guinness /GrandMet see deal this year.</title>
<headline>Guinness /GrandMet see deal this year.</headline>
<dateline>LONDON 1997-06-20</dateline>
<text>
<p>Guinness Plc and Grand Metropolitan Plc said on Friday they expected their proposed merger to become effective two or three months after the end of October following news the European Commission had started a full probe into the deal.</p>
<p>&quot;As foreshadowed, Grand Metropolitan and Guinness have been informed by the European Commission that it will require additional time to complete its investigations,&quot; the companies said in a joint statement.</p>
<p>&quot;The European Commission's decision is expected by the end of October and the proposed merger is expected to become effective two or three months later,&quot; they said.</p>
<p>The planned merger would create a company -- to be called GMG Brands -- worth more than 20 billion pounds which would be the world leader in wine and spirits.</p>
<p>It would bring together an empire stretching from Johnnie Walker and Bell's whisky, Gordon's Gin, Smirnoff Vodka, and Guinness' traditional stout to the Burger King fast food chain, Haagen Dazs ice-cream and Green Giant canned vegetables.</p>
<p>The plan is, however, opposed by Bernard Arnault, the chairman of LVMH Moet Hennessy Louis Vuitton, which has a 14.2 percent stake in Guinness.</p>
<p>In two share raids he has snapped up a 6.29 percent stake in GrandMet and spent around 800 million pounds in an effort to leverage a better negotiating position for his plan to create a pure drinks company with LVMH's Moet &amp; Chandon and Hennessy brands, without the GrandMet Burger King and other foods businesses and Guinness brewing interests, analysts said on Friday.</p>
<p>LVMH is now the largest shareholder in both the would-be merger partners.</p>
<p>U.S. competition authorities have also asked for secondary information on the proposed Guinness/GrandMet merger.</p>
<p>--London Newsroom +44 171 542 7717</p>
</text>
<copyright>(c) Reuters Limited 1997</copyright>
<metadata>
<codes class="bip:countries:1.0">
  <code code="EEC">
    <editdetail attribution="Reuters BIP Coding Group" action="confirmed" date="1997-06-20"/>
  </code>
  <code code="UK">
    <editdetail attribution="Reuters BIP Coding Group" action="confirmed" date="1997-06-20"/>
  </code>
</codes>
<codes class="bip:industries:1.0">
  <code code="I42400">
    <editdetail attribution="Reuters BIP Coding Group" action="confirmed" date="1997-06-20"/>
  </code>
  <code code="I42700">
    <editdetail attribution="Reuters BIP Coding Group" action="confirmed" date="1997-06-20"/>
  </code>
</codes>
<codes class="bip:topics:1.0">
  <code code="C18">
    <editdetail attribution="Reuters BIP Coding Group" action="confirmed" date="1997-06-20"/>
  </code>
  <code code="C181">
    <editdetail attribution="Reuters BIP Coding Group" action="confirmed" date="1997-06-20"/>
  </code>
  <code code="C34">
    <editdetail attribution="Reuters BIP Coding Group" action="confirmed" date="1997-06-20"/>
  </code>
  <code code="CCAT">
    <editdetail attribution="Reuters BIP Coding Group" action="confirmed" date="1997-06-20"/>
  </code>
  <code code="G15">
    <editdetail attribution="Reuters BIP Coding Group" action="confirmed" date="1997-06-20"/>
  </code>
  <code code="G152">
    <editdetail attribution="Reuters BIP Coding Group" action="confirmed" date="1997-06-20"/>
  </code>
  <code code="G157">
    <editdetail attribution="Reuters BIP Coding Group" action="confirmed" date="1997-06-20"/>
  </code>
  <code code="GCAT">
    <editdetail attribution="Reuters BIP Coding Group" action="confirmed" date="1997-06-20"/>
  </code>
</codes>
<dc element="dc.date.created" value="1997-06-20"/>
<dc element="dc.publisher" value="Reuters Holdings Plc"/>
<dc element="dc.date.published" value="1997-06-20"/>
<dc element="dc.source" value="Reuters"/>
<dc element="dc.creator.location" value="LONDON"/>
<dc element="dc.creator.location.country.name" value="UK"/>
<dc element="dc.source" value="Reuters"/>
</metadata>
</newsitem>
