<?xml version="1.0" encoding="iso-8859-1" ?>
<newsitem itemid="675421" id="root" date="1997-06-20" xml:lang="en">
<title>POLAND: PLI SETS NEW SHARE ISSUE PRICE AT PLN 5.</title>
<headline>PLI SETS NEW SHARE ISSUE PRICE AT PLN 5.</headline>
<dateline>WARSAW 1997-06-20</dateline>
<text>
<p>Wholesaler and retailer Polish Life Improvement (PLI) SA has set a price of its new, 3,525,607-share issue at five zlotys a share, the firm said in a statement on Friday.</p>
<p>The record date for issue, with rights going one-for-two, is August 30.</p>
<p>The first subscription for PLI's holders will take place between August 11 and September 1. If any shares remain unclaimed, the second subscription for the holders will be ogranised between September 22 and October 6.</p>
<p>Another subscription, open to the public, will be staged between October 24 and 28, if any shares are left for sale.</p>
<p>The current capital of PLI, listed on the parallel market, is divided into 7,051,213 shares.</p>
<p>-- Warsaw Newsroom +48 22 653 9700</p>
</text>
<copyright>(c) Reuters Limited 1997</copyright>
<metadata>
<codes class="bip:countries:1.0">
  <code code="POL">
    <editdetail attribution="Reuters BIP Coding Group" action="confirmed" date="1997-06-20"/>
  </code>
</codes>
<codes class="bip:industries:1.0">
  <code code="I65600">
    <editdetail attribution="Reuters BIP Coding Group" action="confirmed" date="1997-06-20"/>
  </code>
</codes>
<codes class="bip:topics:1.0">
  <code code="C17">
    <editdetail attribution="Reuters BIP Coding Group" action="confirmed" date="1997-06-20"/>
  </code>
  <code code="C171">
    <editdetail attribution="Reuters BIP Coding Group" action="confirmed" date="1997-06-20"/>
  </code>
  <code code="CCAT">
    <editdetail attribution="Reuters BIP Coding Group" action="confirmed" date="1997-06-20"/>
  </code>
</codes>
<dc element="dc.date.created" value="1997-06-20"/>
<dc element="dc.publisher" value="Reuters Holdings Plc"/>
<dc element="dc.date.published" value="1997-06-20"/>
<dc element="dc.source" value="Reuters"/>
<dc element="dc.creator.location" value="WARSAW"/>
<dc element="dc.creator.location.country.name" value="POLAND"/>
<dc element="dc.source" value="Reuters"/>
</metadata>
</newsitem>
