<?xml version="1.0" encoding="iso-8859-1" ?>
<newsitem itemid="675428" id="root" date="1997-06-20" xml:lang="en">
<title>HUNGARY: LIRA AGENCY CROSS HIGHLIGHTS BCE FUTURES TRADING.</title>
<headline>LIRA AGENCY CROSS HIGHLIGHTS BCE FUTURES TRADING.</headline>
<dateline>BUDAPEST 1997-06-20</dateline>
<text>
<p>One major deal at steady price in Italian lira futures highlighted slow trading on the Budapest Commodity Exchange on Friday, dealers said.</p>
<p>The deal, an agency cross, was made at an unchanged 117 forint price for 6,077 lots, which gave the bulk of the day's total 8,908 lots or 1.178 billion forint turnover.</p>
<p>Dealers said investors took a wait-and-see attitude after substantial amounts of funds were drained off the market in the past two or three months and waiting for fresh incentives on the meeting of the G7 meeting, starting on Friday in U.S.</p>
<p>&quot;Nobody knows what will happen there, but everybody has some ideas and wishes these ideas to become true,&quot; said Janos Szojka of Swap brokerage.</p>
<p>&quot;These hopes do not necessarily coincide as there are ones who want a stronger dollar, while others want a weaker dollar.&quot;</p>
<p>&quot;There are some who hope the yen will weaken while others believe that a stronger yen will be necessary to change a (Japanese) surplus (with the US) in foreign trade,&quot; Szojka said.</p>
<p>On Friday, dollar futures fell for two maturities, by 0.4 forints to 191.60 for September and by 0.6 forints to 197.70 for December, while mark futures were mixed.</p>
<p>On the Budapest Stock Exchange's currency futures section mark futures edged up for December 1997 and December 1998 by 0.21 forints and 0.16 forints to 116.08 and 130 forints, respectively, while December dollar gave up 1.14 forints to end at 197.45.</p>
<p>-- Emese Bartha, Budapest newsroom +36 1 327-4040</p>
</text>
<copyright>(c) Reuters Limited 1997</copyright>
<metadata>
<codes class="bip:countries:1.0">
  <code code="HUNG">
    <editdetail attribution="Reuters BIP Coding Group" action="confirmed" date="1997-06-20"/>
  </code>
</codes>
<codes class="bip:topics:1.0">
  <code code="M13">
    <editdetail attribution="Reuters BIP Coding Group" action="confirmed" date="1997-06-20"/>
  </code>
  <code code="M132">
    <editdetail attribution="Reuters BIP Coding Group" action="confirmed" date="1997-06-20"/>
  </code>
  <code code="MCAT">
    <editdetail attribution="Reuters BIP Coding Group" action="confirmed" date="1997-06-20"/>
  </code>
</codes>
<dc element="dc.date.created" value="1997-06-20"/>
<dc element="dc.publisher" value="Reuters Holdings Plc"/>
<dc element="dc.date.published" value="1997-06-20"/>
<dc element="dc.source" value="Reuters"/>
<dc element="dc.creator.location" value="BUDAPEST"/>
<dc element="dc.creator.location.country.name" value="HUNGARY"/>
<dc element="dc.source" value="Reuters"/>
</metadata>
</newsitem>
