<?xml version="1.0" encoding="iso-8859-1" ?>
<newsitem itemid="675495" id="root" date="1997-06-20" xml:lang="en">
<title>UK: Air China to up London-HK cargo capacity.</title>
<headline>Air China to up London-HK cargo capacity.</headline>
<dateline>LONDON 1997-06-20</dateline>
<text>
<p>Air China said it will substitute a larger freight capacity Boeing 747 Combi for a 747-400 passenger plane on its weekly London Heathrow-Hong Kong route initially for a month from July 7.</p>
<p>Mac Warner, managing director of the carrier's UK cargo general sales agent Pace Airline Services, said his company had been asking Air China to use a 747 Combi on the route since it was inaugurated on March 31.</p>
<p>&quot;To date, they have been scheduling three weekly Heathrow-Beijing flights, two with 747 Combis and one with a 747-400, and the weekly 747-400 Hong Kong service,&quot; he told Reuters.</p>
<p>&quot;On the cargo side, the Tuesday Heathrow-Beijing Combi flight has been difficult to fill and we have been urging Air China to switch the aircraft for the 747-400 on the Hong Kong service,&quot; he said.</p>
<p>From July 7, twice-weekly 747-400 flights and a weekly 747 Combi service will be operated Heathrow-Beijing and a Combi will fly the Hong Kong route.</p>
<p>&quot;It is a straightforward aircraft swap. We would like to see it a permanent one but no decision has yet been taken by the airline,&quot; he added.</p>
<p>A 747-400 can carry between 12 and 14 tonnes of cargo on a long-haul ex-UK route to China or Hong Kong, while a Combi can uplift 40 tonnes.</p>
<p>&quot;Our cargo business to Hong Kong is very good...it is a very buoyant market at present. We would be very happy to get two or three flights a week on the route from Heathrow and are confident we could fill the cargo space,&quot; he stated.</p>
<p>-Bob Murphy Reuters Air Cargo Newsroom</p>
<p>Tel +44 171 542 770; Fax +5017; www.racs.com</p>
</text>
<copyright>(c) Reuters Limited 1997</copyright>
<metadata>
<codes class="bip:countries:1.0">
  <code code="CHINA">
    <editdetail attribution="Reuters BIP Coding Group" action="confirmed" date="1997-06-20"/>
  </code>
  <code code="HKONG">
    <editdetail attribution="Reuters BIP Coding Group" action="confirmed" date="1997-06-20"/>
  </code>
  <code code="UK">
    <editdetail attribution="Reuters BIP Coding Group" action="confirmed" date="1997-06-20"/>
  </code>
</codes>
<codes class="bip:industries:1.0">
  <code code="I75000">
    <editdetail attribution="Reuters BIP Coding Group" action="confirmed" date="1997-06-20"/>
  </code>
  <code code="I77002">
    <editdetail attribution="Reuters BIP Coding Group" action="confirmed" date="1997-06-20"/>
  </code>
</codes>
<codes class="bip:topics:1.0">
  <code code="C24">
    <editdetail attribution="Reuters BIP Coding Group" action="confirmed" date="1997-06-20"/>
  </code>
  <code code="CCAT">
    <editdetail attribution="Reuters BIP Coding Group" action="confirmed" date="1997-06-20"/>
  </code>
</codes>
<dc element="dc.date.created" value="1997-06-20"/>
<dc element="dc.publisher" value="Reuters Holdings Plc"/>
<dc element="dc.date.published" value="1997-06-20"/>
<dc element="dc.source" value="Reuters"/>
<dc element="dc.creator.location" value="LONDON"/>
<dc element="dc.creator.location.country.name" value="UK"/>
<dc element="dc.source" value="Reuters"/>
</metadata>
</newsitem>
