<?xml version="1.0" encoding="iso-8859-1" ?>
<newsitem itemid="675491" id="root" date="1997-06-20" xml:lang="en">
<title>UK: LME zinc finishes week just off strong rally highs.</title>
<headline>LME zinc finishes week just off strong rally highs.</headline>
<dateline>LONDON 1997-06-20</dateline>
<text>
<p>Zinc prices charged to near seven-year highs on Friday and nickel bounced more than $100, but the other metals finished the week with a whimper.</p>
<p>Fresh speculative interest tipped zinc over the tough $1,400 mark in inter-office trading ahead of the afternoon session on the London Metal Exchange (LME).</p>
<p>Building on gains earlier this week, zinc achieved a top price of $1,405 -- the highest level since October 1990.</p>
<p>But end-of-week profit-taking pared some of its gains and three months metal ended slightly lower at $1,399 by the end of the kerb, still up $6 from Thursday's finish.</p>
<p>&quot;Zinc looks very good. It's done quite a lot this week and it's not surprising to see a little profit taking towards the end of the week,&quot; said analyst William Adams of brokers Rudolf Wolff.</p>
<p>Nickel picked up towards the end of the trading day finishing $110 stronger at $7,270, the day's high.</p>
<p>Prices bounced sharply on shortcovering after probing support just below the day's low of $7,130, analysts said.</p>
<p>Traders said the market was closely watching developments at the strike-bound Inco Sudbury facilities.</p>
<p>The union said late on Thursday that they did not expect developments until after the July maintenance closure.</p>
<p>Flagship copper, meanwhile, failed to broach the key $2,600 resistance level early in the day.</p>
<p>It subsequently sank during the kerb to end near the day's low at $2,567, compared to Thursday's $2,585.50.</p>
<p>&quot;The copper market was not about three-months prices, it's about the spread,&quot; Adams said.</p>
<p>The cash to threes backwardation continued to flare out, hitting a high of around $140 at one point, compared to around $115 on Thursday.</p>
<p>Dealers said the change stemmed from positions being rolled forward.</p>
<p>The other metals were mostly quiet and finished easier.</p>
<p>Aluminium was disheartend by lack of progress towards $1,600 resistance and ended the week $6 easier at $1,578.</p>
<p>Quiet lead was last indicated at $622/623, compared to $624, while tin was off $25 at $5,590.</p>
<p>Alloy was last indicated slightly easier at $1,465/1,470.</p>
<p>--Lida Poletz, London newsroom +44 171 542 2936</p>
</text>
<copyright>(c) Reuters Limited 1997</copyright>
<metadata>
<codes class="bip:countries:1.0">
  <code code="UK">
    <editdetail attribution="Reuters BIP Coding Group" action="confirmed" date="1997-06-20"/>
  </code>
</codes>
<codes class="bip:topics:1.0">
  <code code="M14">
    <editdetail attribution="Reuters BIP Coding Group" action="confirmed" date="1997-06-20"/>
  </code>
  <code code="M142">
    <editdetail attribution="Reuters BIP Coding Group" action="confirmed" date="1997-06-20"/>
  </code>
  <code code="MCAT">
    <editdetail attribution="Reuters BIP Coding Group" action="confirmed" date="1997-06-20"/>
  </code>
</codes>
<dc element="dc.date.created" value="1997-06-20"/>
<dc element="dc.publisher" value="Reuters Holdings Plc"/>
<dc element="dc.date.published" value="1997-06-20"/>
<dc element="dc.source" value="Reuters"/>
<dc element="dc.creator.location" value="LONDON"/>
<dc element="dc.creator.location.country.name" value="UK"/>
<dc element="dc.source" value="Reuters"/>
</metadata>
</newsitem>
