<?xml version="1.0" encoding="iso-8859-1" ?>
<newsitem itemid="675401" id="root" date="1997-06-20" xml:lang="en">
<title>ZIMBABWE: SHORT-TERM MONEY RATES END WEEK MIXED.</title>
<headline>SHORT-TERM MONEY RATES END WEEK MIXED.</headline>
<text>
<p>HARARE, June 20 (Reutetr) - Short-term trading rates on Zimbabwe's money market were quoted mixed in quiet Friday trade, dealers said.</p>
<p>The market opened with a Z$30 million shortage but liquidity was injected with the maturity of treasury bills and the central Reserve Bank auctioned Z$24 million worth of 91-day bills at a discount of 25 percent.</p>
<p>Treausury bills were also being traded on the secondary market at 24.4 percent from 24.5 percent on Thursday while call money was quoted unchanged at 22 percent.</p>
<p>Bankers acceptance bills were at 25.35 from 25.5 percent (buying) and at 25 percent from 24.5 percent (selling).</p>
<p>The buying rate quoted for 30-, 60- and 90-day NCD bills slipped to 25.5 from 26.5 from 26 percent, but they were being sold unchanged from Thursday's 25 percent.</p>
<p>--Stella Mapenzauswa, Harare Newsroom: +263-4 72 52 7/8/9</p>
</text>
<copyright>(c) Reuters Limited 1997</copyright>
<metadata>
<codes class="bip:countries:1.0">
  <code code="ZIMBAB">
    <editdetail attribution="Reuters BIP Coding Group" action="confirmed" date="1997-06-20"/>
  </code>
</codes>
<codes class="bip:topics:1.0">
  <code code="M13">
    <editdetail attribution="Reuters BIP Coding Group" action="confirmed" date="1997-06-20"/>
  </code>
  <code code="M131">
    <editdetail attribution="Reuters BIP Coding Group" action="confirmed" date="1997-06-20"/>
  </code>
  <code code="MCAT">
    <editdetail attribution="Reuters BIP Coding Group" action="confirmed" date="1997-06-20"/>
  </code>
</codes>
<dc element="dc.publisher" value="Reuters Holdings Plc"/>
<dc element="dc.date.published" value="1997-06-20"/>
<dc element="dc.source" value="Reuters"/>
<dc element="dc.creator.location.country.name" value="ZIMBABWE"/>
<dc element="dc.source" value="Reuters"/>
</metadata>
</newsitem>
