<?xml version="1.0" encoding="iso-8859-1" ?>
<newsitem itemid="675404" id="root" date="1997-06-20" xml:lang="en">
<title>SOUTH AFRICA: FORECAST-UNITS TO UP REMGRO , TOBACCO NAGS.</title>
<headline>FORECAST-UNITS TO UP REMGRO , TOBACCO NAGS.</headline>
<dateline>JOHANNESBURG 1997-06-20</dateline>
<text>
<p>South African diversified industrial firm the Rembrandt Group Ltd (Remgro) is seen posting a robust 25 percent rise in year earnings buoyed by a strong contribution from subsidiaries and a depreciation in the rand.</p>
<p>Analysts polled by Reuters on Friday forecast earnings for the year to March 31 rising to between 327 cents and 380 cents, with consensus at 355.7 cents from 283.9 cents a year ago.</p>
<p>Remgro, which is due to release results next Thursday, in February declared a dividend of 76.84 cents for the 12 month period compared with 62.45 the previous year. </p>
<p>But the group, whose mainstay earner is tobacco, is seen making provision for possible legal challenges after U.S. cigarette group Ligget admitted that smoking was addictive and damaging to health, analysts said.</p>
<p>&quot;They will make provisions for any health claims in their results,&quot; said one analyst who asked not to be identified.</p>
<p>Ligget in April released to U.S. states suing the tobbaco industry sensitive documents on the harms of smoking. Their admissions are expected to have far-reaching legal effects and repercussions for tobacco companies worldwide.</p>
<p>But Remgro's possible worries about the consequences of Ligget's move would be offset by good performances from a number of its interests, analysts said. They singled out Vodacom, a mobile telephone service provider, Remgro's liquor interests and mining house Gencor Ltd . </p>
<p>&quot;Vodacom is turning into profit, Gencor's results were good and tobacco is doing reasonably well because of the depreciation of the rand,&quot; an analyst said, adding that profits from Stellenbosch Farmers Winery Ltd and Distillers Corp Ltd would also help.</p>
<p>-- Charles Phahlane, Johannesburg newsroom +27 11 482 1003</p>
</text>
<copyright>(c) Reuters Limited 1997</copyright>
<metadata>
<codes class="bip:countries:1.0">
  <code code="SAFR">
    <editdetail attribution="Reuters BIP Coding Group" action="confirmed" date="1997-06-20"/>
  </code>
</codes>
<codes class="bip:industries:1.0">
  <code code="I42400">
    <editdetail attribution="Reuters BIP Coding Group" action="confirmed" date="1997-06-20"/>
  </code>
  <code code="I42900">
    <editdetail attribution="Reuters BIP Coding Group" action="confirmed" date="1997-06-20"/>
  </code>
  <code code="I83960">
    <editdetail attribution="Reuters BIP Coding Group" action="confirmed" date="1997-06-20"/>
  </code>
</codes>
<codes class="bip:topics:1.0">
  <code code="C15">
    <editdetail attribution="Reuters BIP Coding Group" action="confirmed" date="1997-06-20"/>
  </code>
  <code code="C152">
    <editdetail attribution="Reuters BIP Coding Group" action="confirmed" date="1997-06-20"/>
  </code>
  <code code="CCAT">
    <editdetail attribution="Reuters BIP Coding Group" action="confirmed" date="1997-06-20"/>
  </code>
</codes>
<dc element="dc.date.created" value="1997-06-20"/>
<dc element="dc.publisher" value="Reuters Holdings Plc"/>
<dc element="dc.date.published" value="1997-06-20"/>
<dc element="dc.source" value="Reuters"/>
<dc element="dc.creator.location" value="JOHANNESBURG"/>
<dc element="dc.creator.location.country.name" value="SOUTH AFRICA"/>
<dc element="dc.source" value="Reuters"/>
</metadata>
</newsitem>
