<?xml version="1.0" encoding="iso-8859-1" ?>
<newsitem itemid="675481" id="root" date="1997-06-20" xml:lang="en">
<title>UK: UK natural gas trades -- June 20.</title>
<headline>UK natural gas trades -- June 20.</headline>
<dateline>LONDON 1997-06-20</dateline>
<text>
<p>9.30 pence a therm (21/22 June, NBP, 50,000 th/d)</p>
<p>9.45 pence a therm (21/22 June, NBP, 50,000 th/d)</p>
<p>9.50 pence a therm (21/22 June, NBP, 50,000 th/d)</p>
<p>9.50 pence a therm (22 June, NBP, 35,000 therms)</p>
<p>9.90 pence a therm (balance June, weekdays only, NBP,</p>
<p>100,000 th/d)</p>
<p>9.45 pence a therm (Q3, NBP, 25,000 th/d, not confirmed)</p>
<p>9.50 pence a therm (Q3, NBP, 25,000 th/d)</p>
<p>9.55 pence a therm (Q3, NBP, 25,000 th/d, not confirmed)</p>
<p>9.65 pence a therm (Q3, NBP, 25,000 th/d, not confirmed)</p>
<p>12.40 pence a therm (October gas year, NBP, 25,000 th/d, not</p>
<p>confirmed)</p>
<p>12.50 pence a therm (October gas year, NBP, 25,000 th/d)</p>
<p>12.50 pence a therm (October gas year, NBP, 25,000 th/d, not</p>
<p>confirmed)</p>
<p>12.60 pence a therm (October gas year, NBP, 25,000 th/d)</p>
<p>12.60 pence a therm (Q4 97, NBP, 25,000 th/d)</p>
<p>16.30 pence a therm (Q1 98, NBP, 25,000 th/d)</p>
<p>16.30 pence a therm (Q1 98, NBP, 25,000 th/d)</p>
<p>16.45 pence a therm (Q1 98, NBP, 25,000 th/d)</p>
<p>16.50 pence a therm (Q1 98, NBP, 25,000 th/d)</p>
<p>11.05 pence a therm (Q2 98, NBP, 25,000 th/d)</p>
<p>Spread:</p>
<p>4.10 pence a therm (Q4 97/Q1 98 at 14.70 p/th against Q2/Q3</p>
<p>98 at 10.60 p/th, NBP, 25,000 th/d)</p>
<p>--London Newsroom, +44 171 542 6412</p>
</text>
<copyright>(c) Reuters Limited 1997</copyright>
<metadata>
<codes class="bip:countries:1.0">
  <code code="UK">
    <editdetail attribution="Reuters BIP Coding Group" action="confirmed" date="1997-06-20"/>
  </code>
</codes>
<codes class="bip:topics:1.0">
  <code code="M14">
    <editdetail attribution="Reuters BIP Coding Group" action="confirmed" date="1997-06-20"/>
  </code>
  <code code="M143">
    <editdetail attribution="Reuters BIP Coding Group" action="confirmed" date="1997-06-20"/>
  </code>
  <code code="MCAT">
    <editdetail attribution="Reuters BIP Coding Group" action="confirmed" date="1997-06-20"/>
  </code>
</codes>
<dc element="dc.date.created" value="1997-06-20"/>
<dc element="dc.publisher" value="Reuters Holdings Plc"/>
<dc element="dc.date.published" value="1997-06-20"/>
<dc element="dc.source" value="Reuters"/>
<dc element="dc.creator.location" value="LONDON"/>
<dc element="dc.creator.location.country.name" value="UK"/>
<dc element="dc.source" value="Reuters"/>
</metadata>
</newsitem>
