<?xml version="1.0" encoding="iso-8859-1" ?>
<newsitem itemid="675534" id="root" date="1997-06-20" xml:lang="en">
<title>CANADA: Canada bonds rally to end week on stronger note.</title>
<headline>Canada bonds rally to end week on stronger note.</headline>
<dateline>TORONTO 1997-06-20</dateline>
<text>
<p>Canadian bonds rallied on Friday to end a strong week higher as the market extended its recent gains, analysts said.</p>
<p>&quot;Just an extension of very positive market tone,&quot; said Toronto-Dominion Securities Inc analyst Arve Benkisrud. &quot;There's no real news.&quot;</p>
<p>Sheldon Dong, manager of fixed-income research at Midland Walwyn, added some reluctant investors capitulated and threw their cash into the market after missing earlier rallies.</p>
<p>Canada's 30-year benchmark bond rose C$0.63 to C$117.14 to yield 6.670 percent.  </p>
<p>The U.S. 30-year bond rose 8/32 to yield 6.66 percent. The negative spread between the two bonds narrowed to one basis point from three at Thursday's close.</p>
<p>This week's slew of economic news trickled to a near halt on Friday.</p>
<p>A raft of buyers are sending bond prices higher, Dong added. &quot;We've found very few sellers at these levels.&quot; &quot;They're holding long bonds for long-term positions.&quot;</p>
<p>Market players will keep one eye on this weekend's Group of Seven leading industrial nations, whose leaders could discuss foreign currency exchanges, analysts said.  </p>
<p>Dong added that the bond market, which is already venturing into uncharted territory, could rally further on a technical basis.</p>
<p>In other prices, Canada's 10-year benchmark bond rose C$0.25 to C$198.55 to yield 6.077 percent, compared to its U.S. equivalent which rose 3/32 to yield 6.38 percent.</p>
<p>The negative spread between the bonds widened to 30 basis points from 26 basis points at Thursday's close.</p>
<p>The three-month cash T-bill yielded 2.80 percent against its U.S. equivalent which yielded 5.07 percent.</p>
<p>((Lydia Zajc, Reuters Toronto Bureau (416) 941-8109))</p>
</text>
<copyright>(c) Reuters Limited 1997</copyright>
<metadata>
<codes class="bip:countries:1.0">
  <code code="CANA">
    <editdetail attribution="Reuters BIP Coding Group" action="confirmed" date="1997-06-20"/>
  </code>
</codes>
<codes class="bip:topics:1.0">
  <code code="M12">
    <editdetail attribution="Reuters BIP Coding Group" action="confirmed" date="1997-06-20"/>
  </code>
  <code code="MCAT">
    <editdetail attribution="Reuters BIP Coding Group" action="confirmed" date="1997-06-20"/>
  </code>
</codes>
<dc element="dc.date.created" value="1997-06-20"/>
<dc element="dc.publisher" value="Reuters Holdings Plc"/>
<dc element="dc.date.published" value="1997-06-20"/>
<dc element="dc.source" value="Reuters"/>
<dc element="dc.creator.location" value="TORONTO"/>
<dc element="dc.creator.location.country.name" value="CANADA"/>
<dc element="dc.source" value="Reuters"/>
</metadata>
</newsitem>
