<?xml version="1.0" encoding="iso-8859-1" ?>
<newsitem itemid="675543" id="root" date="1997-06-20" xml:lang="en">
<title>CANADA: Bank of Canada monetary index to June 18.</title>
<headline>Bank of Canada monetary index to June 18.</headline>
<dateline>OTTAWA 1997-06-20</dateline>
<text>
<p>The Bank of Canada released its monetary conditions index:</p>
<p>		    3-month paper	Cdn dollar	Index</p>
<p>June 18		3.19		 83.13	 -6.13</p>
<p>June 11		3.24		 82.99	 -6.14</p>
<p>June 4		 3.25		 83.96	 -5.74</p>
<p>May 28		 3.27		 83.31	 -5.98</p>
<p>May 21		 3.27		 84.20	 -5.63</p>
<p>May 14		 3.35		 83.35	 -5.89</p>
<p>May 7		  3.36		 83.97	 -5.63</p>
<p>April 30	     3.44		 83.19	 -5.86</p>
<p>April 23	     3.41		 83.27	 -5.86</p>
<p>April 16	     3.49		 83.07	 -5.86</p>
<p>April 9		3.47		 83.72	 -5.62</p>
<p>April 2		3.45		 83.35	 -5.79</p>
<p>March 26	     3.28		 84.31	 -5.58</p>
<p>March 19	     3.26		 84.01	 -5.71</p>
<p>March 12	     3.16		 84.99	 -5.43</p>
<p>NOTE - The index measures the 3-month prime corporate paper rate and the Canadian dollar index against G-10 currencies. Index base is January 1987.</p>
<p>((Reuters Ottawa Bureau (613) 235-6745))</p>
</text>
<copyright>(c) Reuters Limited 1997</copyright>
<metadata>
<codes class="bip:countries:1.0">
  <code code="CANA">
    <editdetail attribution="Reuters BIP Coding Group" action="confirmed" date="1997-06-20"/>
  </code>
</codes>
<codes class="bip:topics:1.0">
  <code code="M13">
    <editdetail attribution="Reuters BIP Coding Group" action="confirmed" date="1997-06-20"/>
  </code>
  <code code="M131">
    <editdetail attribution="Reuters BIP Coding Group" action="confirmed" date="1997-06-20"/>
  </code>
  <code code="MCAT">
    <editdetail attribution="Reuters BIP Coding Group" action="confirmed" date="1997-06-20"/>
  </code>
</codes>
<dc element="dc.date.created" value="1997-06-20"/>
<dc element="dc.publisher" value="Reuters Holdings Plc"/>
<dc element="dc.date.published" value="1997-06-20"/>
<dc element="dc.source" value="Reuters"/>
<dc element="dc.creator.location" value="OTTAWA"/>
<dc element="dc.creator.location.country.name" value="CANADA"/>
<dc element="dc.source" value="Reuters"/>
</metadata>
</newsitem>
