<?xml version="1.0" encoding="iso-8859-1" ?>
<newsitem itemid="675500" id="root" date="1997-06-20" xml:lang="en">
<title>UK: UK's FTSE ends below 4,600, hit by Budget concerns.</title>
<headline>UK's FTSE ends below 4,600, hit by Budget concerns.</headline>
<dateline>LONDON 1997-06-20</dateline>
<text>
<p>London's FTSE 100 share index ended a week of constant retreat with another heavy fall on Friday, tumbling below the 4,600 level in late trade as index futures dived and dragged down the cash market.</p>
<p>Dealers said continued concerns about the outlook for British interest rates and the contents of the new Labour government's July 2 Budget were casting a cloud over the FTSE and had sparked a late sell-off in futures.</p>
<p>The blue-chip index ended 59.8 points lower at 4,593.9, its fifth successive fall. It has dropped 190 points, or four percent, since reaching a record closing high last Friday.</p>
</text>
<copyright>(c) Reuters Limited 1997</copyright>
<metadata>
<codes class="bip:countries:1.0">
  <code code="UK">
    <editdetail attribution="Reuters BIP Coding Group" action="confirmed" date="1997-06-20"/>
  </code>
</codes>
<codes class="bip:topics:1.0">
  <code code="M11">
    <editdetail attribution="Reuters BIP Coding Group" action="confirmed" date="1997-06-20"/>
  </code>
  <code code="MCAT">
    <editdetail attribution="Reuters BIP Coding Group" action="confirmed" date="1997-06-20"/>
  </code>
</codes>
<dc element="dc.date.created" value="1997-06-20"/>
<dc element="dc.publisher" value="Reuters Holdings Plc"/>
<dc element="dc.date.published" value="1997-06-20"/>
<dc element="dc.source" value="Reuters"/>
<dc element="dc.creator.location" value="LONDON"/>
<dc element="dc.creator.location.country.name" value="UK"/>
<dc element="dc.source" value="Reuters"/>
</metadata>
</newsitem>
