<?xml version="1.0" encoding="iso-8859-1" ?>
<newsitem itemid="675547" id="root" date="1997-06-20" xml:lang="en">
<title>CENTRAL AFRICAN REPUBLIC: African peacekeeper, child killed in Bangui clash.</title>
<headline>African peacekeeper, child killed in Bangui clash.</headline>
<byline>Jean-Lambert Ngouandji</byline>
<dateline>BANGUI 1997-06-20</dateline>
<text>
<p>A Senegalese soldier and a child were killed when an African peacekeeping force fought with army mutineers in the Central African Republic capital Bangui on Friday, the local Red Cross said.</p>
<p>Red Cross spokesman David Dofara told Reuters the soldier had been shot dead and a 12-year-old boy was killed by an explosion. He said eight other people were wounded, one seriously.</p>
<p>It was the first such incident since a failed attempt to reintegrate mutineers from the paramilitary gendarmerie into their units under a January 25 peace plan to end the country's third army mutiny in under a year.</p>
<p>A spokesman for the peacekeeping force, Captain Lamine Gueye, said shooting erupted when peacekeepers intervened to stop a group of former mutineers holding up a private vehicle.</p>
<p>But Parfait Mbaye, a spokesman for the disaffected troops, said there had been no attempted hold-up and the peacekeepers had tried to disarm former mutineers returning to their base.</p>
<p>The sound of gunfire could be heard until midday (1100 GMT). The streets of the riverside city were deserted and shops and businesses closed early.</p>
<p>Officials say talks have begun to find ways of reintegrating the gendarmes into their units as has been the case with other members of the armed forces.</p>
<p>A stand-off between members of President Ange-Felix Patasse's presidential guard and gendarmes who joined the mutiny prevented an earlier attempt to reintegrate the gendarmes into the unit on June 13.</p>
<p>The African force, which includes soldiers from Burkina Faso, Chad, Gabon, Mali, Senegal and Togo, deployed in Bangui under a peace accord brokered by Mali's widely respected former military leader Amadou Toumani Toure in January.</p>
<p>It is a likely model for efforts to broker peace in Brazzaville, capital of the neighbouring Congo Republic where similar political and ethnic clashes broke out on June 5.</p>
<p>The first mutinies, in April and May 1996, began as protests over pay but became a movement to topple Patasse, a northern civilian elected in 1993.</p>
<p>The third mutiny began in November and degenerated into ethnic bloodshed. French troops, in the country under a defence pact, restored order and handed over to the African force.</p>
<p>The mutineers are principally from the southern Yakoma tribe of former military leader Andre Kolingba.</p>
</text>
<copyright>(c) Reuters Limited 1997</copyright>
<metadata>
<codes class="bip:countries:1.0">
  <code code="CAFR">
    <editdetail attribution="Reuters BIP Coding Group" action="confirmed" date="1997-06-20"/>
  </code>
  <code code="SENEG">
    <editdetail attribution="Reuters BIP Coding Group" action="confirmed" date="1997-06-20"/>
  </code>
</codes>
<codes class="bip:topics:1.0">
  <code code="GCAT">
    <editdetail attribution="Reuters BIP Coding Group" action="confirmed" date="1997-06-20"/>
  </code>
  <code code="GVIO">
    <editdetail attribution="Reuters BIP Coding Group" action="confirmed" date="1997-06-20"/>
  </code>
</codes>
<dc element="dc.date.created" value="1997-06-20"/>
<dc element="dc.publisher" value="Reuters Holdings Plc"/>
<dc element="dc.date.published" value="1997-06-20"/>
<dc element="dc.source" value="Reuters"/>
<dc element="dc.creator.location" value="BANGUI"/>
<dc element="dc.creator.location.country.name" value="CENTRAL AFRICAN REPUBLIC"/>
<dc element="dc.source" value="Reuters"/>
</metadata>
</newsitem>
