<?xml version="1.0" encoding="iso-8859-1" ?>
<newsitem itemid="675549" id="root" date="1997-06-20" xml:lang="en">
<title>CONGO: Congo rivals prolong truce, French troops leave.</title>
<headline>Congo rivals prolong truce, French troops leave.</headline>
<dateline>KINSHASA 1997-06-20</dateline>
<text>
<p>The warring factions in the Congo Republic capital Brazzaville agreed on Friday to extend a truce for a further seven days as French troops pulled out of the city after evacuating foreign nationals.</p>
<p>A spokesman for Brazzaville mayor and mediator Bernard Kolelas announced the extended truce, saying it would begin at midnight local time (2300 GMT) on Friday -- the time a 72-hour truce had been due to end.</p>
<p>&quot;The chiefs of staff of both sides have agreed to prolong the ceasefire for a period of seven days starting tonight at midnight,&quot; the spokesman told Reuters in Kinshasa by telephone from Brazzaville.</p>
<p>He was reading from a statement signed on behalf of supporters of President Pascal Lissouba, his rival former military president Denis Sassou Nguesso and Kolelas, whose own forces have so far kept out of any fighting.</p>
<p>All three men had been due to contest a presidential election on July 27.</p>
<p>Bloody ethnic and political clashes, which have killed hundreds of people if not more, have made parts of the capital of the oil-producing former French colony no-go areas.</p>
<p>France's ambassador said French troops had left the city after evacuating almost 6,000 French and other foreign nationals.</p>
<p>&quot;Yes, as far as I know they have all left,&quot; Ambassador Raymond Cesaire told Reuters in Kinshasa by telehpone from Brazzaville. He said 30 gendarmes remained in the city to protect French diplomats -- the ambassador and 12 other people.</p>
<p>U.N. special envoy Mohamed Sahnoun and Congo's President Pascal Lissouba had urged France to leave its forces in the city beyond the expiry of the 72-hour ceasefire.</p>
<p>Fighting broke out on June 5 after governmment soldiers surrounded the home of Sassou Nguesso as part of a crack-down on private militias and illegally held weapons in the run-up to the presidential poll.</p>
</text>
<copyright>(c) Reuters Limited 1997</copyright>
<metadata>
<codes class="bip:countries:1.0">
  <code code="CONGO">
    <editdetail attribution="Reuters BIP Coding Group" action="confirmed" date="1997-06-20"/>
  </code>
  <code code="FRA">
    <editdetail attribution="Reuters BIP Coding Group" action="confirmed" date="1997-06-20"/>
  </code>
  <code code="ZAIRE">
    <editdetail attribution="Reuters BIP Coding Group" action="confirmed" date="1997-06-20"/>
  </code>
</codes>
<codes class="bip:topics:1.0">
  <code code="GCAT">
    <editdetail attribution="Reuters BIP Coding Group" action="confirmed" date="1997-06-20"/>
  </code>
  <code code="GDIP">
    <editdetail attribution="Reuters BIP Coding Group" action="confirmed" date="1997-06-20"/>
  </code>
  <code code="GVIO">
    <editdetail attribution="Reuters BIP Coding Group" action="confirmed" date="1997-06-20"/>
  </code>
</codes>
<dc element="dc.date.created" value="1997-06-20"/>
<dc element="dc.publisher" value="Reuters Holdings Plc"/>
<dc element="dc.date.published" value="1997-06-20"/>
<dc element="dc.source" value="Reuters"/>
<dc element="dc.creator.location" value="KINSHASA"/>
<dc element="dc.creator.location.country.name" value="CONGO"/>
<dc element="dc.source" value="Reuters"/>
</metadata>
</newsitem>
