<?xml version="1.0" encoding="iso-8859-1" ?>
<newsitem itemid="695186" id="root" date="1997-06-30" xml:lang="en">
<title>USA: North America Chinese mark &quot;glorious&quot; or &quot;sad&quot; day.</title>
<headline>North America Chinese mark &quot;glorious&quot; or &quot;sad&quot; day.</headline>
<byline>Hagar Scher</byline>
<dateline>NEW YORK 1997-06-30</dateline>
<text>
<p>Chinese in major North American cities watched and celebrated on Monday as China took control of Hong Kong from Britain, but some protested and said they feared human rights abuses.</p>
<p>Thousands gathered in the Chinatown section of New York, gleefully waving flags and cheering the floats in a colorful parade.</p>
<p>&quot;This is a glorious day for us, especially since it's a peaceful day,&quot; parade organizer Yi Lum said. &quot;We feel very proud that Hong Kong is being returned to China. We see a very bright future.&quot;</p>
<p>Folksingers adorned in silk and flowers sang traditional songs, dancing dragon puppets entertained children, and community leaders drew loud cheers from the crowds with chants of &quot;Long live China.&quot;</p>
<p>One float depicted a handshake and proclaimed, &quot;Everlasting peace with America.&quot;</p>
<p>&quot;We're here to show our love for our country,&quot; teen-ager Andy Sit, who marched in the parade, said. &quot;Hong Kong is Chinese. It should be part of China.&quot;</p>
<p>&quot;Hong Kong will still be free economically to be capitalist,&quot; a beaming Jean Zhu said. &quot;It will be an opportunity to show the government the benefits and problems of capitalism.&quot;</p>
<p>But outside the Chinese Embassy, dissident Lian Shengde, a leader of the 1989 Tiananmen Square protest who was granted political asylum in the United States last year, spoke of his concern for Hong Kong.</p>
<p>&quot;This should not be a day of celebration,&quot; he said. &quot;July 1 is a very sad day. This is not about China getting back land they once had. It's about totalitarianism spreading into a free, democratic and prosperous region.&quot;</p>
<p>In Washington, President Bill Clinton said he expected China would be obliged to allow some &quot;dissent&quot; in the region under its 1984 agreement with Britain.</p>
<p>&quot;The agreement says that there will be one China and two systems,&quot; he said. &quot;And it's hard to have a system with free elections and freedom of speech and open press without dissent. I can't imagine how you could have it any other way.&quot;     In San</p>
<p>Francisco, some Chinese residents were pleased about the handover but voiced concern about a possible loss of civil liberties in Hong Kong.</p>
<p>&quot;I'm happy for the Chinese,&quot; Philip Poon said. &quot;If the Chinese can keep their promises, I think everybody will be OK. Otherwise I feel sorry for the Hong Kong people.&quot;</p>
<p>In Vancouver, Canada, which has seen a dramatic influx of immigrants from Hong Kong in recent years, celebrations included an early-morning party at a classical garden in the city's Chinatown.</p>
<p>Demonstrators scheduled pro-democracy protests outside Chinese diplomatic posts in Vancouver, Toronto and Ottawa.</p>
<p>&quot;With the largest Hong Kong immigrant population in the world, the Chinese communities in Canada are visibly concerned about the loss of civil liberties after the handover,&quot; said Henry Chau, head of the Vancouver Society in Support of Democratic Movement.</p>
<p>More than 600,000 people of Chinese descent live in Canada, mostly in Toronto and Vancouver. About two-thirds of them are from Hong Kong.</p>
<p>&quot;We wholeheartedly support the return of Hong Kong to China, but we don't think everything is going to be smooth sailing,&quot; Chau said.</p>
<p>&quot;We have to be vigilant to guard against further erosion of human rights and fundamental freedoms in Hong Kong.&quot;</p>
<p>At the United Nations, U.N. employees crowded around television sets as the red flag of China was hoisted over Hong Kong, with Chinese staff clapping loudly at midnight Hong Kong time -- precisely noon in New York.</p>
</text>
<copyright>(c) Reuters Limited 1997</copyright>
<metadata>
<codes class="bip:countries:1.0">
  <code code="CHINA">
    <editdetail attribution="Reuters BIP Coding Group" action="confirmed" date="1997-06-30"/>
  </code>
  <code code="HKONG">
    <editdetail attribution="Reuters BIP Coding Group" action="confirmed" date="1997-06-30"/>
  </code>
  <code code="UK">
    <editdetail attribution="Reuters BIP Coding Group" action="confirmed" date="1997-06-30"/>
  </code>
  <code code="USA">
    <editdetail attribution="Reuters BIP Coding Group" action="confirmed" date="1997-06-30"/>
  </code>
</codes>
<codes class="bip:topics:1.0">
  <code code="GCAT">
    <editdetail attribution="Reuters BIP Coding Group" action="confirmed" date="1997-06-30"/>
  </code>
  <code code="GDIP">
    <editdetail attribution="Reuters BIP Coding Group" action="confirmed" date="1997-06-30"/>
  </code>
  <code code="GPOL">
    <editdetail attribution="Reuters BIP Coding Group" action="confirmed" date="1997-06-30"/>
  </code>
</codes>
<dc element="dc.date.created" value="1997-06-30"/>
<dc element="dc.publisher" value="Reuters Holdings Plc"/>
<dc element="dc.date.published" value="1997-06-30"/>
<dc element="dc.source" value="Reuters"/>
<dc element="dc.creator.location" value="NEW YORK"/>
<dc element="dc.creator.location.country.name" value="USA"/>
<dc element="dc.source" value="Reuters"/>
</metadata>
</newsitem>
