<?xml version="1.0" encoding="iso-8859-1" ?>
<newsitem itemid="695182" id="root" date="1997-06-30" xml:lang="en">
<title>CANADA: Canadian 88 CEO says company not on block.</title>
<headline>Canadian 88 CEO says company not on block.</headline>
<dateline>CALGARY 1997-06-30</dateline>
<text>
<p>Canadian 88 Energy Corp Chief Executive Greg Noval said on Monday he had been approached by potential suitors, but added the company was not for sale.</p>
<p>Canadian 88 was rumored to be entertaining offers after its failed bid for Morrison Petroleums early this year. Noval denied the reports at the time.</p>
<p>In a terse question and answer session with reporters after Canadian 88's annual meeting today, he said he would reject any offer of C$6 a share, but would consider C$7. &quot;It would be something we'd have to look at -- who makes the offer,&quot; Noval said.  </p>
<p>&quot;I'd look seriously at any offer, but I guess what I would have to do is stack it up with the growth. If you look at the growth we can create here at Canadian 88, then the company's not for sale at six bucks,&quot; he said.</p>
<p>Noval told shareholders he expected major financial and production gains over the next two years on the strength of deep gas drilling in the foothills of Alberta.</p>
<p>He said cash flow per share was projected to climb to C$0.72 in 1997 and C$1.26 in 1998 from C$0.35 in 1996.</p>
<p>Earnings per share were expected to jump to C$0.38 in 1997 and C$0.59 in 1998 from C$0.12 last year.  </p>
<p>Natural gas production this year was projected to average 115 million cubic feet a day, up from 56.8 MMCFD in 1996, while oil and gas liquids output was targeted at 4,500 barrels a day, an increase from 2,168 last year, he said.</p>
<p>Noval said the company was on track to drill three additional deep sour gas wells before the end of the year at its much-publicized Waterton play in the southern Alberta foothills.</p>
<p>Waterton's reserve potential after last year's discovery well was estimated at 300 billion-500 billion cubic feet of gas.  </p>
<p>He declined to tell reporters the hydrogen sulphide content in the gas at Waterton, opting instead to quote the expected &quot;total shrinkage&quot; at about 35 percent.</p>
<p>Hydrogen sulphide, or H2S, is the &quot;sour&quot; in sour natural gas. Costs of processing rise in proportion with how much H2S is in the gas.</p>
<p>Noval defined shrinkage as H2S content as well as other factors such as the amount of gas used for fuel at a processing plant.</p>
<p>Shell Canada Ltd's Waterton gas plant, where Canadian 88 expects to process its production from the play, can currently take in volumes with H2S content of 30 to 35 percent, Shell Canada vice-president Ron Blakely said.</p>
<p>Noval said Canadian 88 produced gas at its Olds/Crossfield play with H2S content of over 40 percent. &quot;The play...is completely viable or we wouldn't be spending the money we're spending.&quot;</p>
<p>He also told shareholders Canadian 88's board of directors was slated to discuss later on Monday whether to distribute the company's 51 percent stake in Prize Energy Inc to shareholders in the form of a dividend.</p>
<p>Canadian 88 shares were unchanged on Monday at 5.55 on the Toronto Stock Exchange.</p>
<p>((Jeffrey Jones, Reuters Calgary Bureau (403) 531-1624))  </p>
<p>Two of the C$6-million wells were being drilled, with the first of those currently at the 3,000 metre depth level, about 3/4 of its target depth, he said.</p>
<p>Production from the first well on the play was slated to start producing in September at about 15 million cubic feet a day and development work was scheduled to increase output to 30 million by November, he said.</p>
<p>By next summer, Canadian 88's Waterton gas production was targeted at over 70 MMCFD, Noval said.</p>
</text>
<copyright>(c) Reuters Limited 1997</copyright>
<metadata>
<codes class="bip:countries:1.0">
  <code code="CANA">
    <editdetail attribution="Reuters BIP Coding Group" action="confirmed" date="1997-06-30"/>
  </code>
</codes>
<codes class="bip:industries:1.0">
  <code code="I14000">
    <editdetail attribution="Reuters BIP Coding Group" action="confirmed" date="1997-06-30"/>
  </code>
  <code code="I81502">
    <editdetail attribution="Reuters BIP Coding Group" action="confirmed" date="1997-06-30"/>
  </code>
  <code code="I8150206">
    <editdetail attribution="Reuters BIP Coding Group" action="confirmed" date="1997-06-30"/>
  </code>
</codes>
<codes class="bip:topics:1.0">
  <code code="C18">
    <editdetail attribution="Reuters BIP Coding Group" action="confirmed" date="1997-06-30"/>
  </code>
  <code code="C181">
    <editdetail attribution="Reuters BIP Coding Group" action="confirmed" date="1997-06-30"/>
  </code>
  <code code="CCAT">
    <editdetail attribution="Reuters BIP Coding Group" action="confirmed" date="1997-06-30"/>
  </code>
</codes>
<dc element="dc.date.created" value="1997-06-30"/>
<dc element="dc.publisher" value="Reuters Holdings Plc"/>
<dc element="dc.date.published" value="1997-06-30"/>
<dc element="dc.source" value="Reuters"/>
<dc element="dc.creator.location" value="CALGARY"/>
<dc element="dc.creator.location.country.name" value="CANADA"/>
<dc element="dc.source" value="Reuters"/>
</metadata>
</newsitem>
