<?xml version="1.0" encoding="iso-8859-1" ?>
<newsitem itemid="695178" id="root" date="1997-06-30" xml:lang="en">
<title>EU: Official Journal contents - OJ C 198 of June 28, 1997.</title>
<headline>Official Journal contents - OJ C 198 of June 28, 1997.</headline>
<text>
<p>*</p>
<p>(Note - contents are displayed in reverse order to that in the printed Journal)</p>
<p>*</p>
<p>Amendment to notice of invitation to tender for the refund for the export of milled round-grain rice to certain third countries (97/C 198/12)</p>
<p>Amendment to notice of invitation to tender for the refund for the export of milled medium-grain and long-grain A rice to certain third countries (97/C 198/11)</p>
<p>Initiation of proceedings (Case No IV/M.938 - Guinness/Grand Metropolitan) (97/C 198/10)</p>
<p>Withdrawal of notification of a concentration (Case No IV/M.948 - Watt AG) (97/C 198/09)</p>
<p>Non-opposition to a notified concentration (Case No IV/M.875 - DBV/Gothaer/GPM) (97/C 198/08)</p>
<p>Prior notification of a concentration (Case No IV/M.937 - Lear/Keiper) (97/C 198/07)</p>
<p>Commission communication on the method of application of Article 92 (3) (c) of the EC Treaty to national regional aid (97/C 198/06)</p>
<p>Information concerning social measures in connection with the restructuring of the coal industry (1998 to 1999/2000) (97/C 198/05)</p>
<p>STATE AID Italy (97/C 198/04)</p>
<p>Withdrawal of notification of a concentration (Case No IV/M.892 - Hochtief/Deutsche Bank/Holzmann) (97/C 198/03)</p>
<p>UNIFORM APPLICATION OF THE COMBINED NOMENCLATURE (CN) (Classification of goods) (97/C 198/02)</p>
<p>Ecu (1) 27 June 1997 (97/C 198/01) END OF DOCUMENT.</p>
</text>
<copyright>(c) Reuters Limited 1997</copyright>
<metadata>
<codes class="bip:countries:1.0">
  <code code="EEC">
    <editdetail attribution="Reuters BIP Coding Group" action="confirmed" date="1997-06-30"/>
  </code>
</codes>
<codes class="bip:topics:1.0">
  <code code="G15">
    <editdetail attribution="Reuters BIP Coding Group" action="confirmed" date="1997-06-30"/>
  </code>
  <code code="GCAT">
    <editdetail attribution="Reuters BIP Coding Group" action="confirmed" date="1997-06-30"/>
  </code>
</codes>
<dc element="dc.publisher" value="Reuters Holdings Plc"/>
<dc element="dc.date.published" value="1997-06-30"/>
<dc element="dc.source" value="Reuters"/>
<dc element="dc.creator.location.country.name" value="EU"/>
<dc element="dc.source" value="Reuters"/>
</metadata>
</newsitem>
