<?xml version="1.0" encoding="iso-8859-1" ?>
<newsitem itemid="695176" id="root" date="1997-06-30" xml:lang="en">
<title>EU: Official Journal contents - OJ L 170 of June 28, 1997.</title>
<headline>Official Journal contents - OJ L 170 of June 28, 1997.</headline>
<text>
<p>*</p>
<p>(Note - contents are displayed in reverse order to that in the printed Journal)</p>
<p>*</p>
<p>COMMISSION DECISION of 25 June 1997 on protective measures in relation to classical swine fever in the Czech Republic (Text with EEA relevance) (97/408/EC)</p>
<p>COMMISSION REGULATION (EC) No 1220/97 of 27 June 1997 temporarily suspending the issuing of export licences for certain milk products and determining what proportion of the amounts covered by pending applications for export licences may be allocated</p>
<p>COMMISSION REGULATION (EC) No 1219/97 of 27 June 1997 amending Regulation (EC) No 806/97 fixing the maximum amounts of compensatory aid relating to appreciable revaluations of the Irish pound, the pound sterling and the Italian lira occurring prior to 31 March 1997</p>
<p>COMMISSION REGULATION (EC) No 1218/97 of 27 June 1997 renewing prior Community surveillance of imports of certain steel cables originating in non-member countries</p>
<p>COMMISSION REGULATION (EC) No 1217/97 of 27 June 1997 establishing the standard import values for determining the entry price of certain fruit and vegetables</p>
<p>COMMISSION REGULATION (EC) No 1216/97 of 27 June 1997 suspending the issue of import licences for fresh sour cherries originating in the Republics of Bosnia-Herzegovina, Croatia, the Federal Republic of Yugoslavia and the former Yugoslav Republic of Macedonia</p>
<p>COMMISSION REGULATION (EC) No 1215/97 of 27 June 1997 fixing the refunds applicable to cereal and rice sector products supplied as Community and national food aid</p>
<p>COMMISSION REGULATION (EC) No 1214/97 of 27 June 1997 fixing the maximum buying-in price and the quantities of beef to be bought in under the 184th partial invitation to tender as a general intervention measure pursuant to Regulation (EEC) No 1627/89</p>
<p>COMMISSION REGULATION (EC) No 1213/97 of 27 June 1997 on the issuing of export licences for products processed from fruit and vegetables</p>
<p>COMMISSION REGULATION (EC) No 1212/97 of 27 June 1997 on the issuing of A1 export licences for fruit and vegetables</p>
<p>COMMISSION REGULATION (EC) No 1211/97 of 27 June 1997 amending Regulation (EC) No 1251/96 opening and providing for the administration of the tariff quotas in the poultrymeat sector</p>
<p>COMMISSION REGULATION (EC) No 1210/97 of 27 June 1997 establishing the forecast supply balance for pigmeat for the Azores and Madeira and amending Regulation (EEC) No 1725/92</p>
<p>COMMISSION REGULATION (EC) No 1209/97 of 27 June 1997 amending Regulation (EC) No 1487/95 establishing the supply balance for the Canary Islands for products from the pigmeat sector and fixing the aid for products coming from the Community</p>
<p>COMMISSION REGULATION (EC) No 1208/97 of 27 June 1997 fixing for the 1997/1998 marketing year the amount of the levy in connection with the offsetting of storage costs for sugar</p>
<p>COMMISSION REGULATION (EC) No 1207/97 of 27 June 1997 amending Regulation (EEC) No 904/90 laying down detailed rules for the application of the arrangements applicable to imports of certain pigmeat products originating in the African, Caribbean and Pacific States (ACP) or in the overseas countries and territories (OCT), in order to implement the Agricultural Agreement concluded during the Uruguay Round of negotiations</p>
<p>COMMISSION REGULATION (EC) No 1206/97 of 27 June 1997 amending Regulation (EEC) No 903/90 laying down detailed rules for the application of the arrangements applicable to imports of certain poultrymeat products originating in the African, Caribbean and Pacific States (ACP) or in the overseas countries and territories (OCT), in order to implement the Agricultural Agreement concluded during the Uruguay Round of negotiations</p>
<p>COMMISSION REGULATION (EC) No 1205/97 of 27 June 1997 fixing the weighting coefficients to be used in calculating the Community market price for pig carcases and repealing Regulation (EC) No 1175/96</p>
<p>COMMISSION REGULATION (EC) No 1204/97 of 27 June 1997 amending Regulation (EEC) No 3472/85 on the buying in and storage of olive oil by intervention agencies</p>
<p>COMMISSION REGULATION (EC) No 1203/97 of 27 June 1997 amending Regulation (EEC) No 1445/76 specifying the different varieties of Lolium perenne L.</p>
<p>COMMISSION REGULATION (EC) No 1202/97 of 27 June 1997 amending Regulation (EEC) No 2179/92 laying down detailed rules for the application of the specific import measures for the Canary Islands as regards tobacco</p>
<p>COMMISSION REGULATION (EC) No 1201/97 of 27 June 1997 amending Regulation (EEC) No 2225/92 on the detailed rules for the implementation of the specific arrangements for the supply of hops to Madeira</p>
<p>COMMISSION REGULATION (EC) No 1200/97 of 27 June 1997 amending Regulation (EEC) No 2224/92 on the detailed rules for the implementation of the specific arrangements for the supply of hops to the Canary Islands</p>
<p>COMMISSION REGULATION (EC) No 1199/97 of 27 June 1997 amending Regulation (EEC) No 3600/92 laying down the detailed rules for the implementation of the first stage of the programme of work referred to in Article 8 (2) of Council Directive 91/414/EEC concerning the placing of plant protection products on the market</p>
<p>COMMISSION REGULATION (EC) No 1198/97 of 27 June 1997 setting the amounts of aid for the supply of rice products from the Community to the Azores and Madeira</p>
<p>COMMISSION REGULATION (EC) No 1197/97 of 27 June 1997 setting the amounts of aid for the supply of rice products from the Community to the Canary Islands</p>
<p>COMMISSION REGULATION (EC) No 1196/97 of 27 June 1997 concerning the classification of certain goods in the combined nomenclature</p>
<p>COMMISSION REGULATION (EC) No 1195/97 of 27 June 1997 amending Annex I to Council Regulation (EEC) No 2658/87 on the tariff and statistical nomenclature and on the Common Customs Tariff</p>
<p>COMMISSION REGULATION (EC) No 1194/97 of 27 June 1997 amending Annex I to Council Regulation (EEC) No 2658/87 on the tariff and statistical nomenclature and on the Common Customs Tariff</p>
<p>COMMISSION REGULATION (EC) No 1193/97 of 26 June 1997 concerning the stopping of fishing for cod by vessels flying the flag of Ireland</p>
<p>COUNCIL REGULATION (EC) No 1192/97 of 25 June 1997 fixing the basic price and the standard quality for pig carcases for the period 1 July 1997 to 30 June 1998</p>
<p>COUNCIL REGULATION (EC) No 1191/97 of 25 June 1997 fixing, for the 1997/1998 marketing year, the intervention price for adult bovine animals</p>
<p>COUNCIL REGULATION (EC) No 1190/97 of 25 June 1997 fixing the target price for milk and the intervention prices for butter and skimmed-milk powder for the 1997/1998 milk marketing year</p>
<p>COUNCIL REGULATION (EC) No 1189/97 of 25 June 1997 fixing the amount of aid in respect of silkworms for the 1997/1998 rearing year</p>
<p>COUNCIL REGULATION (EC) No 1188/97 of 25 June 1997 fixing, for the 1997/1998 marketing year, the derived intervention prices for white sugar, the intervention price for raw sugar, the minimum prices for A and B beet, and the amount of compensation for storage costs</p>
<p>COUNCIL REGULATION (EC) No 1187/97 of 25 June 1997 fixing, for the 1997/1998 marketing year, certain sugar prices and the standard quality of beet END OF DOCUMENT 300835 GMT jun 97 [.</p>
</text>
<copyright>(c) Reuters Limited 1997</copyright>
<metadata>
<codes class="bip:countries:1.0">
  <code code="EEC">
    <editdetail attribution="Reuters BIP Coding Group" action="confirmed" date="1997-06-30"/>
  </code>
</codes>
<codes class="bip:topics:1.0">
  <code code="G15">
    <editdetail attribution="Reuters BIP Coding Group" action="confirmed" date="1997-06-30"/>
  </code>
  <code code="GCAT">
    <editdetail attribution="Reuters BIP Coding Group" action="confirmed" date="1997-06-30"/>
  </code>
</codes>
<dc element="dc.publisher" value="Reuters Holdings Plc"/>
<dc element="dc.date.published" value="1997-06-30"/>
<dc element="dc.source" value="Reuters"/>
<dc element="dc.creator.location.country.name" value="EU"/>
<dc element="dc.source" value="Reuters"/>
</metadata>
</newsitem>
