<?xml version="1.0" encoding="iso-8859-1" ?>
<newsitem itemid="695180" id="root" date="1997-06-30" xml:lang="en">
<title>CANADA: Toronto stocks end firmer after dull day.</title>
<headline>Toronto stocks end firmer after dull day.</headline>
<dateline>TORONTO 1997-06-30</dateline>
<text>
<p>CHANGE</p>
<p>TSE	 6437.74   +11.34   HI 6437.74	     LO  6404.94</p>
<p>DJI	 7672.79   -14.93   GOLD (LONDON)   US$334.55  -2.00</p>
<p>FTSE	4604.60   -35.70   GOLD (NY-SPOT)  US$335.30  -0.60</p>
<p>NIKKEI   20604.96   +81.21   LME CASH NICKEL US$6785  -180.00</p>
<p>CANDLR     1.3807		LME CASH ALUM   US$1560.0   +8.0</p>
<p>CAN 30-YR  113.95    -1.33   BRENT CRUDE     US$18.48   +0.33</p>
<p>---------------------MARKET COMMENT--------------------------</p>
<p>* Toronto stocks ended a few ticks higher in meager turnover on Monday ahead of Canada Day public and market holiday. * Very light trading of 44 million shares worth C$723 million.  </p>
<p>Toronto's key stock index finished firmer in extremely thin trade on Monday, unfazed by weaker bonds while a skeleton crew of players staffed desks ahead of Tuesday's public and market holiday.</p>
<p>The Toronto Stock Exchange's key 300 Composite Index added 11.34 points to reach 6437.74.</p>
<p>The nation celebrates Canada Day on Tuesday.</p>
<p>&quot;We're holding onto very modest gains while bonds and bills sold off today,&quot; said MMS International analyst Katherine Beattie. &quot;But you can't read too much into it because volumes are low.&quot;</p>
</text>
<copyright>(c) Reuters Limited 1997</copyright>
<metadata>
<codes class="bip:countries:1.0">
  <code code="CANA">
    <editdetail attribution="Reuters BIP Coding Group" action="confirmed" date="1997-06-30"/>
  </code>
</codes>
<codes class="bip:topics:1.0">
  <code code="M11">
    <editdetail attribution="Reuters BIP Coding Group" action="confirmed" date="1997-06-30"/>
  </code>
  <code code="MCAT">
    <editdetail attribution="Reuters BIP Coding Group" action="confirmed" date="1997-06-30"/>
  </code>
</codes>
<dc element="dc.date.created" value="1997-06-30"/>
<dc element="dc.publisher" value="Reuters Holdings Plc"/>
<dc element="dc.date.published" value="1997-06-30"/>
<dc element="dc.source" value="Reuters"/>
<dc element="dc.creator.location" value="TORONTO"/>
<dc element="dc.creator.location.country.name" value="CANADA"/>
<dc element="dc.source" value="Reuters"/>
</metadata>
</newsitem>
