<?xml version="1.0" encoding="iso-8859-1" ?>
<newsitem itemid="695204" id="root" date="1997-06-30" xml:lang="en">
<title>USA: U.S. FCC issues licenses for 'Big LEO' systems.</title>
<headline>U.S. FCC issues licenses for 'Big LEO' systems.</headline>
<dateline>WASHINGTON 1997-06-30</dateline>
<text>
<p>The Federal Communications Commission on Monday issued licenses to Constellation Communications Inc and Mobile Communications Holdings Inc to construct and launch two satellite systems.</p>
<p>The systems will operate according to the rules governing the &quot;Big LEO&quot; service, the FCC said in a statement.</p>
<p>&quot;Granting these licenses enhances the prospects for competition and consumer choice among offerings of global voice-and-data communications via handheld telephones,&quot; the statement said.</p>
<p>The systems can also offer services such as search and rescue communications, disaster manangement communications, industrial and environmental monitoring and paging services.</p>
<p>((--Washington Newsroom 202 898-8300))</p>
</text>
<copyright>(c) Reuters Limited 1997</copyright>
<metadata>
<codes class="bip:countries:1.0">
  <code code="USA">
    <editdetail attribution="Reuters BIP Coding Group" action="confirmed" date="1997-06-30"/>
  </code>
</codes>
<codes class="bip:industries:1.0">
  <code code="I79020">
    <editdetail attribution="Reuters BIP Coding Group" action="confirmed" date="1997-06-30"/>
  </code>
</codes>
<codes class="bip:topics:1.0">
  <code code="C13">
    <editdetail attribution="Reuters BIP Coding Group" action="confirmed" date="1997-06-30"/>
  </code>
  <code code="C33">
    <editdetail attribution="Reuters BIP Coding Group" action="confirmed" date="1997-06-30"/>
  </code>
  <code code="CCAT">
    <editdetail attribution="Reuters BIP Coding Group" action="confirmed" date="1997-06-30"/>
  </code>
</codes>
<dc element="dc.date.created" value="1997-06-30"/>
<dc element="dc.publisher" value="Reuters Holdings Plc"/>
<dc element="dc.date.published" value="1997-06-30"/>
<dc element="dc.source" value="Reuters"/>
<dc element="dc.creator.location" value="WASHINGTON"/>
<dc element="dc.creator.location.country.name" value="USA"/>
<dc element="dc.source" value="Reuters"/>
</metadata>
</newsitem>
