<?xml version="1.0" encoding="iso-8859-1" ?>
<newsitem itemid="695295" id="root" date="1997-06-30" xml:lang="en">
<title>USA: Milestone skips qtrly payment on pfd shares.</title>
<headline>Milestone skips qtrly payment on pfd shares.</headline>
<dateline>BOCA RATON, Fla. 1997-06-30</dateline>
<text>
<p>Milestone Properties Inc said Monday it will not pay a dividend on its $0.78 convertible series A preferred stock for the quarter ended June 30.</p>
<p>Milestone said the latest omission marks the sixth quarter for which the company skipped dividend payments on it series A preferred stock.</p>
<p>Preferred shareholders were no longer entitled to receive dividends on a cumulative basis as of September 30 1995, the company added.</p>
</text>
<copyright>(c) Reuters Limited 1997</copyright>
<metadata>
<codes class="bip:countries:1.0">
  <code code="USA">
    <editdetail attribution="Reuters BIP Coding Group" action="confirmed" date="1997-06-30"/>
  </code>
</codes>
<codes class="bip:industries:1.0">
  <code code="I85000">
    <editdetail attribution="Reuters BIP Coding Group" action="confirmed" date="1997-06-30"/>
  </code>
</codes>
<codes class="bip:topics:1.0">
  <code code="C15">
    <editdetail attribution="Reuters BIP Coding Group" action="confirmed" date="1997-06-30"/>
  </code>
  <code code="C151">
    <editdetail attribution="Reuters BIP Coding Group" action="confirmed" date="1997-06-30"/>
  </code>
  <code code="CCAT">
    <editdetail attribution="Reuters BIP Coding Group" action="confirmed" date="1997-06-30"/>
  </code>
</codes>
<dc element="dc.date.created" value="1997-06-30"/>
<dc element="dc.publisher" value="Reuters Holdings Plc"/>
<dc element="dc.date.published" value="1997-06-30"/>
<dc element="dc.source" value="Reuters"/>
<dc element="dc.creator.location" value="BOCA RATON, Fla."/>
<dc element="dc.creator.location.country.name" value="USA"/>
<dc element="dc.source" value="Reuters"/>
</metadata>
</newsitem>
