<?xml version="1.0" encoding="iso-8859-1" ?>
<newsitem itemid="695251" id="root" date="1997-06-30" xml:lang="en">
<title>USA: FedEx says Q4 US package volumes up 10 pct.</title>
<headline>FedEx says Q4 US package volumes up 10 pct.</headline>
<dateline>MEMPHIS, Tenn. 1997-06-30</dateline>
<text>
<p>Federal Express Corp said Monday its package volume in the U.S. rose 10 percent year-over-year in the fourth quarter.</p>
<p>The company said its total average daily express volume was 2.8 billion compared to 2.5 billion for the same period a year ago.</p>
<p>The company said this volume growth was accompanied by a 1.1 percent rise in underlying revenue per package.</p>
<p>At the same time, U.S. cost per package rose 2.4 percent, primarily due to increased fuel and contract trucking expenses.</p>
<p>The company reported earnings per share for the quarter of $1.14 compared to $1.01 for the same period a year ago.</p>
</text>
<copyright>(c) Reuters Limited 1997</copyright>
<metadata>
<codes class="bip:countries:1.0">
  <code code="USA">
    <editdetail attribution="Reuters BIP Coding Group" action="confirmed" date="1997-06-30"/>
  </code>
</codes>
<codes class="bip:industries:1.0">
  <code code="I77002">
    <editdetail attribution="Reuters BIP Coding Group" action="confirmed" date="1997-06-30"/>
  </code>
</codes>
<codes class="bip:topics:1.0">
  <code code="C31">
    <editdetail attribution="Reuters BIP Coding Group" action="confirmed" date="1997-06-30"/>
  </code>
  <code code="CCAT">
    <editdetail attribution="Reuters BIP Coding Group" action="confirmed" date="1997-06-30"/>
  </code>
</codes>
<dc element="dc.date.created" value="1997-06-30"/>
<dc element="dc.publisher" value="Reuters Holdings Plc"/>
<dc element="dc.date.published" value="1997-06-30"/>
<dc element="dc.source" value="Reuters"/>
<dc element="dc.creator.location" value="MEMPHIS, Tenn."/>
<dc element="dc.creator.location.country.name" value="USA"/>
<dc element="dc.source" value="Reuters"/>
</metadata>
</newsitem>
