<?xml version="1.0" encoding="iso-8859-1" ?>
<newsitem itemid="695254" id="root" date="1997-06-30" xml:lang="en">
<title>USA: Rhone-poulenc grants Watson license.</title>
<headline>Rhone-poulenc grants Watson license.</headline>
<dateline>COLLEGEVILLE, Pa. 1997-06-30</dateline>
<text>
<p>Rhone-Poulenc Rorer Inc said Monday it will grant to Watson Pharmaceuticals Inc for about $190 million plus royalties an exclusive license to its Dilacor XR drug, used to treat hypertension and angina.</p>
<p>The company said the licensing period is four and a half years.</p>
<p>The deal includes a prepayment for the option to purchase the rights at the conclusion of the licensing period.</p>
<p>The agreement excludes certain non-U.S. markets in which Rhone-Poulenc currently markets Dilacor XR.</p>
<p>During the licensing period, Watson will pay an annual licensing fee and a royalty on sales.</p>
<p>Dilacor XR has been available for the treatment of hypertension since June 1992, and was approved for the treatment of chronic stable angina in March 1995 in the U.S.</p>
</text>
<copyright>(c) Reuters Limited 1997</copyright>
<metadata>
<codes class="bip:countries:1.0">
  <code code="USA">
    <editdetail attribution="Reuters BIP Coding Group" action="confirmed" date="1997-06-30"/>
  </code>
</codes>
<codes class="bip:industries:1.0">
  <code code="I25000">
    <editdetail attribution="Reuters BIP Coding Group" action="confirmed" date="1997-06-30"/>
  </code>
  <code code="I25700">
    <editdetail attribution="Reuters BIP Coding Group" action="confirmed" date="1997-06-30"/>
  </code>
</codes>
<codes class="bip:topics:1.0">
  <code code="C13">
    <editdetail attribution="Reuters BIP Coding Group" action="confirmed" date="1997-06-30"/>
  </code>
  <code code="CCAT">
    <editdetail attribution="Reuters BIP Coding Group" action="confirmed" date="1997-06-30"/>
  </code>
</codes>
<dc element="dc.date.created" value="1997-06-30"/>
<dc element="dc.publisher" value="Reuters Holdings Plc"/>
<dc element="dc.date.published" value="1997-06-30"/>
<dc element="dc.source" value="Reuters"/>
<dc element="dc.creator.location" value="COLLEGEVILLE, Pa."/>
<dc element="dc.creator.location.country.name" value="USA"/>
<dc element="dc.source" value="Reuters"/>
</metadata>
</newsitem>
