<?xml version="1.0" encoding="iso-8859-1" ?>
<newsitem itemid="695278" id="root" date="1997-06-30" xml:lang="en">
<title>USA: Green group wary of Salem nuke plant fire safety.</title>
<headline>Green group wary of Salem nuke plant fire safety.</headline>
<dateline>WASHINGTON 1997-06-30</dateline>
<text>
<p>The Union of Concerned Scientists wants the Nuclear Regulatory Commission to change or enforce its rule on fire safety seals before the Salem nuclear plant in New Jersey is allowed to restart, an official with the environmental group said Monday.</p>
<p>NRC staff last week recommended that the Salem plant, run by Public Service Electric and Gas, should be allowed to come out of a two-year outage.</p>
<p>But the Union of Concerned Scientsts said the silicone foam that the plant uses as a fire seal in the holes in walls, floors and ceilings where wires and pipes pass through does not meet existing NRC rules for fire barriers.</p>
<p>The group is urging Democratic Sen. Joseph Biden of Delaware to pressure the NRC to change or enforce its rule requiring the seal material to be non-combustible before the plant restarts.</p>
<p>&quot;We're trying get Biden's office to make the foam issue a restart item for the plant,&quot; said David Lochbaum, nuclear safety engineer for the environmental group. &quot;We want the NRC to change the rule before the restart or get the company to apply for an exemption.&quot;</p>
<p>While the widely-used foam is considered good enough to prevent fire spreading from one room to another, the material smolders and does not technically meet the NRC requirement for fire barrier penetration seals to be &quot;non-combustible&quot;.</p>
<p>The NRC last year proposed to revise its 17-year-old rule to allow silicone foam to be used, but the agency has yet to make the change. Technically, any plant that uses the material is out of compliance with the NRC rule.</p>
<p>In a statement Monday, Rep. Ed Markey Monday slammed the commission's plan to rewrite its rule.</p>
<p>&quot;This decision to relax fire safety requirements will no doubt save nuclear utilities millions of dollars; what it will not do is help to save people's lives in the event of a fire,&quot; the Massachusetts Democrat and NRC critic said in a statement.</p>
<p>An NRC official defended the proposal, saying that when the fire regulation was written in 1979 it was intended to bar the use of highly combustible materials, not silicone foam.</p>
<p>&quot;(Silicone foam)'s difficult to ignite and if it does burn, it burns slowly,&quot; said Steven West, the NRC's fire protection engineering chief.</p>
<p>In addition to PSE&amp;G, owners of Salem are PECO Energy Co, D elmarva Power &amp; Light Co, and Atlantic Energy Inc.</p>
</text>
<copyright>(c) Reuters Limited 1997</copyright>
<metadata>
<codes class="bip:countries:1.0">
  <code code="USA">
    <editdetail attribution="Reuters BIP Coding Group" action="confirmed" date="1997-06-30"/>
  </code>
</codes>
<codes class="bip:industries:1.0">
  <code code="I16000">
    <editdetail attribution="Reuters BIP Coding Group" action="confirmed" date="1997-06-30"/>
  </code>
  <code code="I16100">
    <editdetail attribution="Reuters BIP Coding Group" action="confirmed" date="1997-06-30"/>
  </code>
  <code code="I1610109">
    <editdetail attribution="Reuters BIP Coding Group" action="confirmed" date="1997-06-30"/>
  </code>
</codes>
<codes class="bip:topics:1.0">
  <code code="C13">
    <editdetail attribution="Reuters BIP Coding Group" action="confirmed" date="1997-06-30"/>
  </code>
  <code code="C24">
    <editdetail attribution="Reuters BIP Coding Group" action="confirmed" date="1997-06-30"/>
  </code>
  <code code="CCAT">
    <editdetail attribution="Reuters BIP Coding Group" action="confirmed" date="1997-06-30"/>
  </code>
  <code code="GCAT">
    <editdetail attribution="Reuters BIP Coding Group" action="confirmed" date="1997-06-30"/>
  </code>
  <code code="GENV">
    <editdetail attribution="Reuters BIP Coding Group" action="confirmed" date="1997-06-30"/>
  </code>
</codes>
<dc element="dc.date.created" value="1997-06-30"/>
<dc element="dc.publisher" value="Reuters Holdings Plc"/>
<dc element="dc.date.published" value="1997-06-30"/>
<dc element="dc.source" value="Reuters"/>
<dc element="dc.creator.location" value="WASHINGTON"/>
<dc element="dc.creator.location.country.name" value="USA"/>
<dc element="dc.source" value="Reuters"/>
</metadata>
</newsitem>
