<?xml version="1.0" encoding="iso-8859-1" ?>
<newsitem itemid="695274" id="root" date="1997-06-30" xml:lang="en">
<title>USA: Xircom sells Netaccess to Brooktrout.</title>
<headline>Xircom sells Netaccess to Brooktrout.</headline>
<dateline>THOUSAND OAKS, Calif. 1997-06-30</dateline>
<text>
<p>Xircom Inc said Monday it has completed the sale of Netaccess Inc, the company's remote access unit, to Brooktrout Technology Inc for $11 million.</p>
<p>The company said in a statement it will realize net cash proceeds of $9 million, including future tax benefits retained by Xircom, from the sale and will record a loss from discontinued operations of $0.27 cents a share.</p>
<p>&quot;With the closing of this transaction we have completed the two corporate goals we established at the outset of this quarter -- to bring the PC Card channel inventory back into our target range and to divest the Netaccess business unit,&quot; said Dirk Gates, chairman, president and chief executive officer. &quot;We are exiting this quarter having accomplished both strategic goals and are focused 100 percent on the rapidly growing market for PC Card communications products.&quot;</p>
</text>
<copyright>(c) Reuters Limited 1997</copyright>
<metadata>
<codes class="bip:countries:1.0">
  <code code="USA">
    <editdetail attribution="Reuters BIP Coding Group" action="confirmed" date="1997-06-30"/>
  </code>
</codes>
<codes class="bip:industries:1.0">
  <code code="I33030">
    <editdetail attribution="Reuters BIP Coding Group" action="confirmed" date="1997-06-30"/>
  </code>
  <code code="I34400">
    <editdetail attribution="Reuters BIP Coding Group" action="confirmed" date="1997-06-30"/>
  </code>
</codes>
<codes class="bip:topics:1.0">
  <code code="C18">
    <editdetail attribution="Reuters BIP Coding Group" action="confirmed" date="1997-06-30"/>
  </code>
  <code code="C181">
    <editdetail attribution="Reuters BIP Coding Group" action="confirmed" date="1997-06-30"/>
  </code>
  <code code="CCAT">
    <editdetail attribution="Reuters BIP Coding Group" action="confirmed" date="1997-06-30"/>
  </code>
</codes>
<dc element="dc.date.created" value="1997-06-30"/>
<dc element="dc.publisher" value="Reuters Holdings Plc"/>
<dc element="dc.date.published" value="1997-06-30"/>
<dc element="dc.source" value="Reuters"/>
<dc element="dc.creator.location" value="THOUSAND OAKS, Calif."/>
<dc element="dc.creator.location.country.name" value="USA"/>
<dc element="dc.source" value="Reuters"/>
</metadata>
</newsitem>
