<?xml version="1.0" encoding="iso-8859-1" ?>
<newsitem itemid="695222" id="root" date="1997-06-30" xml:lang="en">
<title>USA: Credit Store posts Q1 loss of $4.6 mln.</title>
<headline>Credit Store posts Q1 loss of $4.6 mln.</headline>
<dateline>SIOUX FALLS, S.D. 1997-06-30</dateline>
<text>
<p>Credit Store Inc, a sub-prime lender, said Monday it posted a loss of $4.6 million or $0.15 a share for its first quarter ended March 31, 1997.</p>
<p>Revenues for the first quarter totaled $2.8 million, of which $1.8 million was derived from the company's portfolio of consumer receivables, $663,000 from various servicing contracts, and $327,000 from other sources.</p>
<p>Operating expenses in the quarter totaled $7 million.</p>
<p>Credit Store began its operations on October 8, 1996.</p>
<p>In another development, Credit Store said it agreed to acquire two portfolios of non-performing debt including $141.6 million in gross principal of automobile deficiency paper and $281 million in charged-off credit receivables from a money center bank.</p>
<p>After completion of these transactions, the gross principal on non-performing debt acquired the company will be about $1.87 billion.</p>
<p>Credit Store markets credit cards to consumers who had an interruption in the repayment of their debt and may be excluded from financing through traditional sources.</p>
<p>Shares of Credit Store rose 1-3/4 to 8-3/4.</p>
<p>((Chicago newsdesk 312 408 8787))</p>
</text>
<copyright>(c) Reuters Limited 1997</copyright>
<metadata>
<codes class="bip:countries:1.0">
  <code code="USA">
    <editdetail attribution="Reuters BIP Coding Group" action="confirmed" date="1997-06-30"/>
  </code>
</codes>
<codes class="bip:topics:1.0">
  <code code="C15">
    <editdetail attribution="Reuters BIP Coding Group" action="confirmed" date="1997-06-30"/>
  </code>
  <code code="C151">
    <editdetail attribution="Reuters BIP Coding Group" action="confirmed" date="1997-06-30"/>
  </code>
  <code code="CCAT">
    <editdetail attribution="Reuters BIP Coding Group" action="confirmed" date="1997-06-30"/>
  </code>
</codes>
<dc element="dc.date.created" value="1997-06-30"/>
<dc element="dc.publisher" value="Reuters Holdings Plc"/>
<dc element="dc.date.published" value="1997-06-30"/>
<dc element="dc.source" value="Reuters"/>
<dc element="dc.creator.location" value="SIOUX FALLS, S.D."/>
<dc element="dc.creator.location.country.name" value="USA"/>
<dc element="dc.source" value="Reuters"/>
</metadata>
</newsitem>
