<?xml version="1.0" encoding="iso-8859-1" ?>
<newsitem itemid="695253" id="root" date="1997-06-30" xml:lang="en">
<title>USA: Videoserver sees Q2 loss of $0.60-$0.67/shr.</title>
<headline>Videoserver sees Q2 loss of $0.60-$0.67/shr.</headline>
<dateline>BURLINGTON, Mass. 1997-06-30</dateline>
<text>
<p>VideoServer Inc said Monday it expects to report a net loss of about $8-$9 million or $0.60-$0.67 per share in the second quarter on revenues of about $11 million.</p>
<p>The company said the loss would include a pre-tax charge of about $14 million for purchased research and development related to the acquisition of the network access card business unit of Promptus Communications.</p>
<p>Without the charge, the company said it would have been &quot;modestly profitable&quot; for the second quarter.</p>
<p>It said it expects to release final results for the quarter on July 10.</p>
<p>In the second quarter of 1996, VideoServer reported a  net income of $2.243 million or $0.17 per share, on net revenues of $11.27 million.</p>
</text>
<copyright>(c) Reuters Limited 1997</copyright>
<metadata>
<codes class="bip:countries:1.0">
  <code code="USA">
    <editdetail attribution="Reuters BIP Coding Group" action="confirmed" date="1997-06-30"/>
  </code>
</codes>
<codes class="bip:industries:1.0">
  <code code="I34410">
    <editdetail attribution="Reuters BIP Coding Group" action="confirmed" date="1997-06-30"/>
  </code>
</codes>
<codes class="bip:topics:1.0">
  <code code="C15">
    <editdetail attribution="Reuters BIP Coding Group" action="confirmed" date="1997-06-30"/>
  </code>
  <code code="C152">
    <editdetail attribution="Reuters BIP Coding Group" action="confirmed" date="1997-06-30"/>
  </code>
  <code code="CCAT">
    <editdetail attribution="Reuters BIP Coding Group" action="confirmed" date="1997-06-30"/>
  </code>
</codes>
<dc element="dc.date.created" value="1997-06-30"/>
<dc element="dc.publisher" value="Reuters Holdings Plc"/>
<dc element="dc.date.published" value="1997-06-30"/>
<dc element="dc.source" value="Reuters"/>
<dc element="dc.creator.location" value="BURLINGTON, Mass."/>
<dc element="dc.creator.location.country.name" value="USA"/>
<dc element="dc.source" value="Reuters"/>
</metadata>
</newsitem>
