<?xml version="1.0" encoding="iso-8859-1" ?>
<newsitem itemid="695276" id="root" date="1997-06-30" xml:lang="en">
<title>USA: Colonial Penn to add to GE Capital earnings.</title>
<headline>Colonial Penn to add to GE Capital earnings.</headline>
<dateline>NEW YORK 1997-06-30</dateline>
<text>
<p>GE Capital said on Monday it expects Colonial Penn P&amp;C Group to make an immediate contribution to the company's earnings after the acquisition is completed.</p>
<p>GE Capital agreed to acquire Colonial Penn P&amp;C, a direct marketer of personal auto insurance, from Leucadia National Corp for $950 million.</p>
<p>Although a GE Capital spokesman said the deal will add to earnings, he said he could not provide an estimate of the size of that earnings contribution.  </p>
<p>The deal is expected to close 1997 fourth quarter.</p>
<p>GE Capital, which owns major reinsurance and life insurance businesses, gains a new presence in the personal property insurance market with the acquisition of Colonial Penn.</p>
<p>&quot;This is a new niche business for us,&quot; GE Capital spokesman Neal McGarity said. Therefore, the company plans to keep Colonial Penn's management team and operational platform in place.</p>
<p>However, Colonial Penn will become a subsidiary of GE Capital's Richmond-based Consumer Savings and Insurance Group (CSIG).</p>
<p>GE Capital is a wholly owned subsidiary of General Electric Co.</p>
</text>
<copyright>(c) Reuters Limited 1997</copyright>
<metadata>
<codes class="bip:countries:1.0">
  <code code="USA">
    <editdetail attribution="Reuters BIP Coding Group" action="confirmed" date="1997-06-30"/>
  </code>
</codes>
<codes class="bip:industries:1.0">
  <code code="I34000">
    <editdetail attribution="Reuters BIP Coding Group" action="confirmed" date="1997-06-30"/>
  </code>
  <code code="I83960">
    <editdetail attribution="Reuters BIP Coding Group" action="confirmed" date="1997-06-30"/>
  </code>
</codes>
<codes class="bip:topics:1.0">
  <code code="C15">
    <editdetail attribution="Reuters BIP Coding Group" action="confirmed" date="1997-06-30"/>
  </code>
  <code code="C152">
    <editdetail attribution="Reuters BIP Coding Group" action="confirmed" date="1997-06-30"/>
  </code>
  <code code="C18">
    <editdetail attribution="Reuters BIP Coding Group" action="confirmed" date="1997-06-30"/>
  </code>
  <code code="C181">
    <editdetail attribution="Reuters BIP Coding Group" action="confirmed" date="1997-06-30"/>
  </code>
  <code code="CCAT">
    <editdetail attribution="Reuters BIP Coding Group" action="confirmed" date="1997-06-30"/>
  </code>
</codes>
<dc element="dc.date.created" value="1997-06-30"/>
<dc element="dc.publisher" value="Reuters Holdings Plc"/>
<dc element="dc.date.published" value="1997-06-30"/>
<dc element="dc.source" value="Reuters"/>
<dc element="dc.creator.location" value="NEW YORK"/>
<dc element="dc.creator.location.country.name" value="USA"/>
<dc element="dc.source" value="Reuters"/>
</metadata>
</newsitem>
