<?xml version="1.0" encoding="iso-8859-1" ?>
<newsitem itemid="695224" id="root" date="1997-06-30" xml:lang="en">
<title>USA: Nat'l Media sees FY pre-tax loss of $40 to $45 mln.</title>
<headline>Nat'l Media sees FY pre-tax loss of $40 to $45 mln.</headline>
<dateline>PHILADELPHIA 1997-06-30</dateline>
<text>
<p>National Media Corp said Monday it expects to report a pre-tax loss of $40 million to $45 million for its fiscal year ended March 31.</p>
<p>The company will report results for the year and the fourth fiscal quarter on July 15.</p>
<p>The company also said that result of its losses and its weakened cash position, it is in technical violation of certain financial ratio covenants under its loan agreement with its primary lending institution.</p>
<p>As a result,  the company said it will receive a &quot;going concern&quot; opinion, rather than an unqualified opinion, from its auditors when the audit of its year-end results is completed.</p>
<p>The company said its loss includes about $25 million in write-offs and adjustments.</p>
<p>The write-offs and adjustments are principally related to its prior acquisition of Positive Response Television, excess and obsolete inventory, the carrying value and amortization of production costs, severance and legal costs, as well as non-recurring costs related to the restructuring of the company.</p>
</text>
<copyright>(c) Reuters Limited 1997</copyright>
<metadata>
<codes class="bip:countries:1.0">
  <code code="USA">
    <editdetail attribution="Reuters BIP Coding Group" action="confirmed" date="1997-06-30"/>
  </code>
</codes>
<codes class="bip:industries:1.0">
  <code code="I65600">
    <editdetail attribution="Reuters BIP Coding Group" action="confirmed" date="1997-06-30"/>
  </code>
  <code code="I6560003">
    <editdetail attribution="Reuters BIP Coding Group" action="confirmed" date="1997-06-30"/>
  </code>
</codes>
<codes class="bip:topics:1.0">
  <code code="C15">
    <editdetail attribution="Reuters BIP Coding Group" action="confirmed" date="1997-06-30"/>
  </code>
  <code code="C152">
    <editdetail attribution="Reuters BIP Coding Group" action="confirmed" date="1997-06-30"/>
  </code>
  <code code="CCAT">
    <editdetail attribution="Reuters BIP Coding Group" action="confirmed" date="1997-06-30"/>
  </code>
</codes>
<dc element="dc.date.created" value="1997-06-30"/>
<dc element="dc.publisher" value="Reuters Holdings Plc"/>
<dc element="dc.date.published" value="1997-06-30"/>
<dc element="dc.source" value="Reuters"/>
<dc element="dc.creator.location" value="PHILADELPHIA"/>
<dc element="dc.creator.location.country.name" value="USA"/>
<dc element="dc.source" value="Reuters"/>
</metadata>
</newsitem>
