<?xml version="1.0" encoding="iso-8859-1" ?>
<newsitem itemid="695296" id="root" date="1997-06-30" xml:lang="en">
<title>USA: Lilly to advertise Prozac directly to consumers.</title>
<headline>Lilly to advertise Prozac directly to consumers.</headline>
<dateline>INDIANAPOLIS, Ind. 1997-06-30</dateline>
<text>
<p>Drug manufacturing giant Eli Lilly and Co. said Monday it will begin consumer advertising for Prozac, its top-selling antidepressant that faces mounting competitive pressures.</p>
<p>The Indianapolis-based firm said the campaign will be launched in August in national consumer magazines, including Newsweek and U.S. News &amp; World Report.</p>
<p>&quot;Additional advertising is being planned but a specific schedule has not yet been determined,&quot; Lilly said.</p>
<p>The campaign will mark Lilly's second step into direct-to-consumer advertising. The company has previously advertised diabetes medication.</p>
<p>&quot;This campaign is designed to give people with untreated depression hope and inspire them to seek the help they need,&quot; said Dr. Gary Tollefson, a psychiatrist and vice president of Lilly Research Laboratories.</p>
<p>Since its debut 10 years ago, Prozac has become the world's top-selling antidepressant and the third-largest selling U.S. drug of any type. Sales in 1996 were $1.69 billion.</p>
<p>To date, the medication has been prescribed for more than 17 million Americans, Lilly said.</p>
<p>More broadly, Prozac has entered the pop culture lexicon and become a touchstone for changing American attitudes about psychiatry. &quot;In many ways, the introduction of Prozac helped change the way we view and treat depression,&quot; Tollefson said.</p>
<p>Prozac's market dominance is being challenged by rivals, such as Zoloft from Pfizer Inc., Paxil from SmithKline Beecham Plc, Effexor from American Home Products Corp. and Serzone from Bristol-Myers Squibb.</p>
<p>Through the fourth quarter of 1996 and the first quarter of 1997, Prozac held a roughly 20 percent market share among antidepressants, but its growth has slowed, analysts said.</p>
<p>The advertising campaign will be handled by the Chicago-based Leo Burnett USA advertising firm.</p>
<p>((--Kevin Drawbaugh, Chicago Newsdesk 312-408-8787))</p>
</text>
<copyright>(c) Reuters Limited 1997</copyright>
<metadata>
<codes class="bip:countries:1.0">
  <code code="USA">
    <editdetail attribution="Reuters BIP Coding Group" action="confirmed" date="1997-06-30"/>
  </code>
</codes>
<codes class="bip:industries:1.0">
  <code code="I25700">
    <editdetail attribution="Reuters BIP Coding Group" action="confirmed" date="1997-06-30"/>
  </code>
</codes>
<codes class="bip:topics:1.0">
  <code code="C31">
    <editdetail attribution="Reuters BIP Coding Group" action="confirmed" date="1997-06-30"/>
  </code>
  <code code="C32">
    <editdetail attribution="Reuters BIP Coding Group" action="confirmed" date="1997-06-30"/>
  </code>
  <code code="CCAT">
    <editdetail attribution="Reuters BIP Coding Group" action="confirmed" date="1997-06-30"/>
  </code>
</codes>
<dc element="dc.date.created" value="1997-06-30"/>
<dc element="dc.publisher" value="Reuters Holdings Plc"/>
<dc element="dc.date.published" value="1997-06-30"/>
<dc element="dc.source" value="Reuters"/>
<dc element="dc.creator.location" value="INDIANAPOLIS, Ind."/>
<dc element="dc.creator.location.country.name" value="USA"/>
<dc element="dc.source" value="Reuters"/>
</metadata>
</newsitem>
