<?xml version="1.0" encoding="iso-8859-1" ?>
<newsitem itemid="695264" id="root" date="1997-06-30" xml:lang="en">
<title>USA: Video Update Inc April 30 profit vs loss.</title>
<headline>Video Update Inc April 30 profit vs loss.</headline>
<dateline>ST. PAUL, Minn. 1997-06-30</dateline>
<text>
<p>Fourth Quarter	     Fiscal Year</p>
<p>				 1997	1996	1997	  1996</p>
<p>Revenues:</p>
<p>     Rental revenue  $ 23,821  $ 16,531  $ 83,489   $  46,592</p>
<p>     Service fees	   148	 128	 567	   491</p>
<p>     Product sales	3,000	 963     7,743	 3,421</p>
<p>			     26,969    17,622    91,799	50,504</p>
<p>Costs and expenses:</p>
<p>Store operating</p>
<p>	expenses	   20,038    16,128    69,366	39,685</p>
<p>	S/G/A		 2,151     1,637     8,231	 5,362</p>
<p>Cost of</p>
<p>	product sales     1,702	 220     4,544	 1,880</p>
<p>Amortization of</p>
<p>	goodwill		474	 399     1,613	 1,072</p>
<p>			     24,365    18,384    83,754	47,999</p>
<p> Operating income	 2,604     (762)     8,045	 2,505</p>
<p> Interest expense	 (195)	(31)     (544)	 (232)</p>
<p> Other income	     (105)	 187	 461	   548</p>
<p>				(300)	 156	(83)	   316</p>
<p>Income from</p>
<p>continuing</p>
<p>operations before</p>
<p>     income taxes	 2,304     (606)     7,962	 2,821</p>
<p> Income tax expense	 996     (271)     3,342	 1,193</p>
<p> Net income		 1,308     (335)     4,620	 1,628</p>
<p> Net per share primary(a) 0.07   (0.03)	0.28	  0.15</p>
<p> Net per share diluted(a) 0.07   (0.03)	0.28	  0.14</p>
<p> Per share diluted	19,217   12,354    16,271	11,229</p>
<p>		 (In thousands, except per share amounts)</p>
<p>(a) Net income per share for the quarter and year ended April 30, 1997, are based on a significantly greater amount of shares outstanding compared with the respective prior periods resulting primarily from the company's exercise of Class A warrants in September, 1995 and the subsequent public offering completed in October, 1996.</p>
<p>		   ((Chicago newsdesk 312 408 8787))</p>
</text>
<copyright>(c) Reuters Limited 1997</copyright>
<metadata>
<codes class="bip:countries:1.0">
  <code code="USA">
    <editdetail attribution="Reuters BIP Coding Group" action="confirmed" date="1997-06-30"/>
  </code>
</codes>
<codes class="bip:industries:1.0">
  <code code="I65400">
    <editdetail attribution="Reuters BIP Coding Group" action="confirmed" date="1997-06-30"/>
  </code>
</codes>
<codes class="bip:topics:1.0">
  <code code="C15">
    <editdetail attribution="Reuters BIP Coding Group" action="confirmed" date="1997-06-30"/>
  </code>
  <code code="C151">
    <editdetail attribution="Reuters BIP Coding Group" action="confirmed" date="1997-06-30"/>
  </code>
  <code code="CCAT">
    <editdetail attribution="Reuters BIP Coding Group" action="confirmed" date="1997-06-30"/>
  </code>
</codes>
<dc element="dc.date.created" value="1997-06-30"/>
<dc element="dc.publisher" value="Reuters Holdings Plc"/>
<dc element="dc.date.published" value="1997-06-30"/>
<dc element="dc.source" value="Reuters"/>
<dc element="dc.creator.location" value="ST. PAUL, Minn."/>
<dc element="dc.creator.location.country.name" value="USA"/>
<dc element="dc.source" value="Reuters"/>
</metadata>
</newsitem>
