<?xml version="1.0" encoding="iso-8859-1" ?>
<newsitem itemid="695223" id="root" date="1997-06-30" xml:lang="en">
<title>USA: Ascend completes Cascade deal.</title>
<headline>Ascend completes Cascade deal.</headline>
<dateline>ALAMEDA, Calif. 1997-06-30</dateline>
<text>
<p>Ascend Communications Inc Monday said it completed its acquisition of Cascade Communications Corp.</p>
<p>Under terms of the merger agreement stockholders of Cascade received 0.7 of a share of Ascend Common Stock for each share of Cascade common stock they held.</p>
<p>The company said the transaction will be accounted for as a pooling of interests. Combined second quarter earnings for Ascend and Cascade will be announced after the close of the financial markets on July 15.  </p>
<p>The company said it expects the transaction will be non-dilutive to Ascend earnings in the second half of 1997 and will be accretive in 1998.</p>
<p>Ascend has previously said it  will report a one-time charge of $42.2 million related to certain merger costs and related expenses.</p>
<p>As previously announced, Mory Ejabat remains as Ascend's president and chief executive officer, and Bob Dahl continues to serve as chief financial officer of the combined company.</p>
<p>Dan Smith, formerly president and chief executive officer of Cascade has joined Ascend as executive vice president and general manager of the Core Switching Systems group, and Gururaj &quot;Desh&quot; Deshpande, formerly executive vice president and chairman of the board of Cascade, has joined Ascend as executive vice president, responsible for strategic planning.</p>
<p>In other personnel changes, Robert Machlin, formerly vice president of marketing for Cascade, has joined Ascend as vice president of marketing. Machlin replaces Maureen Lawrence, who has left Ascend to pursue other interests.</p>
<p>Paul Blondin, chief financial officer of Cascade, Michael Champa, vice president of worldwide sales for Cascade, and James Dolce, vice president of remote access for Cascade, will not remain with the combined company.</p>
</text>
<copyright>(c) Reuters Limited 1997</copyright>
<metadata>
<codes class="bip:countries:1.0">
  <code code="USA">
    <editdetail attribution="Reuters BIP Coding Group" action="confirmed" date="1997-06-30"/>
  </code>
</codes>
<codes class="bip:industries:1.0">
  <code code="I34440">
    <editdetail attribution="Reuters BIP Coding Group" action="confirmed" date="1997-06-30"/>
  </code>
  <code code="I79020">
    <editdetail attribution="Reuters BIP Coding Group" action="confirmed" date="1997-06-30"/>
  </code>
</codes>
<codes class="bip:topics:1.0">
  <code code="C18">
    <editdetail attribution="Reuters BIP Coding Group" action="confirmed" date="1997-06-30"/>
  </code>
  <code code="C181">
    <editdetail attribution="Reuters BIP Coding Group" action="confirmed" date="1997-06-30"/>
  </code>
  <code code="CCAT">
    <editdetail attribution="Reuters BIP Coding Group" action="confirmed" date="1997-06-30"/>
  </code>
</codes>
<dc element="dc.date.created" value="1997-06-30"/>
<dc element="dc.publisher" value="Reuters Holdings Plc"/>
<dc element="dc.date.published" value="1997-06-30"/>
<dc element="dc.source" value="Reuters"/>
<dc element="dc.creator.location" value="ALAMEDA, Calif."/>
<dc element="dc.creator.location.country.name" value="USA"/>
<dc element="dc.source" value="Reuters"/>
</metadata>
</newsitem>
