<?xml version="1.0" encoding="iso-8859-1" ?>
<newsitem itemid="695255" id="root" date="1997-06-30" xml:lang="en">
<title>USA: Emerging markets debt mixed in slow trade Monday.</title>
<headline>Emerging markets debt mixed in slow trade Monday.</headline>
<dateline>NEW YORK 1997-06-30</dateline>
<text>
<p>Emerging market debt traded mixed on Monday, with many issues moving lower in sympathy with U.S. Treasuries, traders said.</p>
<p>&quot;Things are quiet but doing well,&quot; one trader said. &quot;We lost a little ground this morning, but things have held up since then.&quot;</p>
<p>Early in the session, expansionary U.S. economic reports pointed the market lower, traders said. The Chicagoland Business Barometer rose to 61.5 in June from 56.8 in May, and new home sales grew to an annual rate of 825,000 last month from 770,000 the month before.  </p>
<p>Ecuador debt tallied the day's greatest losses as investors awaited word on the future of the country's financial leadership. PDIs ECPDI=RR were off 3/8 at 64-5/8 in late trading.</p>
<p>Finance Minister Carlos Davalos tendered his resignation last week, but President Fabian Alarcon had not yet announced whether he would accept his withdrawal.</p>
<p>&quot;We're still waiting to hear who has resigned and if other resignations will happen,&quot; one trader said. &quot;The bonds have widened out, and we would expect that to continue.&quot;  </p>
<p>But other traders said buyers began to step back into Ecuador on Monday, perhaps betting that central bank head Fidel Jaramillo would remain in office.</p>
<p>&quot;We've seen small Ecuadorean accounts buying in at these levels,&quot; another trader said. &quot;It doesn't look like the governor of the central bank will be replaced or resign.&quot;</p>
<p>Among major Latin America issues, Brazil &quot;C&quot; BR8D14=RR were off 3/8 at 80-3/8, Argentina FRBs ARFLC05 were up 1/4 at 94 and Mexico pars MX625L19=RR were off 1/4 at 77-1/4.  </p>
<p>Looking ahead, investors are focused on Thursday's U.S. employment report rather than the two-day Federal Reserve policy meeting that begins Tuesday, traders said.</p>
<p>Wall Street economists in a Reuters poll unanimously projected no rate shift at the July 1-2 Federal Open market Committee Meeting.</p>
<p>June payrolls, however, are seen as an important indicator of what the Fed might do at its next meeting, in August. On average, economists forecast an addition of 222,000 to payrolls this month, compared with 138,000 in May.</p>
<p>(( -- Scott Gerlach, 212-859-1868 ))</p>
</text>
<copyright>(c) Reuters Limited 1997</copyright>
<metadata>
<codes class="bip:countries:1.0">
  <code code="USA">
    <editdetail attribution="Reuters BIP Coding Group" action="confirmed" date="1997-06-30"/>
  </code>
</codes>
<codes class="bip:topics:1.0">
  <code code="M12">
    <editdetail attribution="Reuters BIP Coding Group" action="confirmed" date="1997-06-30"/>
  </code>
  <code code="MCAT">
    <editdetail attribution="Reuters BIP Coding Group" action="confirmed" date="1997-06-30"/>
  </code>
</codes>
<dc element="dc.date.created" value="1997-06-30"/>
<dc element="dc.publisher" value="Reuters Holdings Plc"/>
<dc element="dc.date.published" value="1997-06-30"/>
<dc element="dc.source" value="Reuters"/>
<dc element="dc.creator.location" value="NEW YORK"/>
<dc element="dc.creator.location.country.name" value="USA"/>
<dc element="dc.source" value="Reuters"/>
</metadata>
</newsitem>
