<?xml version="1.0" encoding="iso-8859-1" ?>
<newsitem itemid="695225" id="root" date="1997-06-30" xml:lang="en">
<title>USA: U.S. spot resids mostly gain again on hot weather.</title>
<headline>U.S. spot resids mostly gain again on hot weather.</headline>
<dateline>NEW YORK 1997-06-30</dateline>
<text>
<p>U.S. spot residual fuel prices were steady to up slightly again Monday in moderate activity, with continued heat on the East Coast and forecasts for more through the week still lifting the complex.</p>
<p>&quot;Low sulphur seems to be jumping. There's some life in low sulphur because of the heat,&quot; said one cash trader, noting some East Coast utilities quietly were looking for more barrels.</p>
<p>In New York Harbor, reports a local utility was looking for 75-80,000 barrels of 0.3 high pour helped boost prices another 25-50 cents to about $18.25 a barrel, traders said.  </p>
<p>A Mid-Atlantic utility bought 30,000 barrels of prompt 0.5 percent material at an index-related price less a small discount and reportedly was looking for another 50,000 barrels. In addition, a New England utility late last week was reported looking for 225,000 barrels of 0.7 percent for second-half July delivery.</p>
<p>Physical one percent in New York held steady at $16.25-50, with July one percent paper gaining another 30 cents to $16.70-90 on firmer crude. August paper also was quoted higher at $16.45-65, with Sept at $16.25-50 and Q4 at $16.65-85.</p>
<p>High sulphurs in New York firmed slightly, with 2.2 percent now quoted on either side of $14.75.</p>
<p>At the U.S. Gulf, prices were stable, with three percent still at $13.25-50 and one percent at $15.25-50.</p>
<p>New York city gate gas prices held relatively steady Monday in the mid-$2.40s/mmBtu, or $15.50 a barrel equivalent. Gas at Henry Hub, the NYMEX delivery point, was talked in the $2.17/mmBtu area, or $13.67 a barrel.</p>
<p>((--J Silha, New York Power Desk 212-859-1624))</p>
</text>
<copyright>(c) Reuters Limited 1997</copyright>
<metadata>
<codes class="bip:countries:1.0">
  <code code="USA">
    <editdetail attribution="Reuters BIP Coding Group" action="confirmed" date="1997-06-30"/>
  </code>
</codes>
<codes class="bip:topics:1.0">
  <code code="M14">
    <editdetail attribution="Reuters BIP Coding Group" action="confirmed" date="1997-06-30"/>
  </code>
  <code code="M143">
    <editdetail attribution="Reuters BIP Coding Group" action="confirmed" date="1997-06-30"/>
  </code>
  <code code="MCAT">
    <editdetail attribution="Reuters BIP Coding Group" action="confirmed" date="1997-06-30"/>
  </code>
</codes>
<dc element="dc.date.created" value="1997-06-30"/>
<dc element="dc.publisher" value="Reuters Holdings Plc"/>
<dc element="dc.date.published" value="1997-06-30"/>
<dc element="dc.source" value="Reuters"/>
<dc element="dc.creator.location" value="NEW YORK"/>
<dc element="dc.creator.location.country.name" value="USA"/>
<dc element="dc.source" value="Reuters"/>
</metadata>
</newsitem>
