<?xml version="1.0" encoding="iso-8859-1" ?>
<newsitem itemid="695331" id="root" date="1997-06-30" xml:lang="en">
<title>USA: Oppenheimer Capital FY 97 net income rises.</title>
<headline>Oppenheimer Capital FY 97 net income rises.</headline>
<dateline>NEW YORK 1997-06-30</dateline>
<text>
<p>Oppenheimer Capital LP said Monday that net income rose to $13.6 million or $0.88 per unit for the fourth fiscal quarter ended April 30 compared to $10.9 million or $0.71 a share in the year-ago period.</p>
<p>Operating income of its Oppenheimer Capital subsidiary for the fourth quarter increased to $20.9 million from $16.7 million the year before.</p>
<p>Oppenheimer Capital LP has a 67.5 percent general partner stake in the investment management firm Oppenheimer Capital.</p>
</text>
<copyright>(c) Reuters Limited 1997</copyright>
<metadata>
<codes class="bip:countries:1.0">
  <code code="USA">
    <editdetail attribution="Reuters BIP Coding Group" action="confirmed" date="1997-06-30"/>
  </code>
</codes>
<codes class="bip:industries:1.0">
  <code code="I83100">
    <editdetail attribution="Reuters BIP Coding Group" action="confirmed" date="1997-06-30"/>
  </code>
</codes>
<codes class="bip:topics:1.0">
  <code code="C15">
    <editdetail attribution="Reuters BIP Coding Group" action="confirmed" date="1997-06-30"/>
  </code>
  <code code="C151">
    <editdetail attribution="Reuters BIP Coding Group" action="confirmed" date="1997-06-30"/>
  </code>
  <code code="C1511">
    <editdetail attribution="Reuters BIP Coding Group" action="confirmed" date="1997-06-30"/>
  </code>
  <code code="CCAT">
    <editdetail attribution="Reuters BIP Coding Group" action="confirmed" date="1997-06-30"/>
  </code>
</codes>
<dc element="dc.date.created" value="1997-06-30"/>
<dc element="dc.publisher" value="Reuters Holdings Plc"/>
<dc element="dc.date.published" value="1997-06-30"/>
<dc element="dc.source" value="Reuters"/>
<dc element="dc.creator.location" value="NEW YORK"/>
<dc element="dc.creator.location.country.name" value="USA"/>
<dc element="dc.source" value="Reuters"/>
</metadata>
</newsitem>
