<?xml version="1.0" encoding="iso-8859-1" ?>
<newsitem itemid="695305" id="root" date="1997-06-30" xml:lang="en">
<title>USA: U.S. Treasury balances at Fed rose on June 27.</title>
<headline>U.S. Treasury balances at Fed rose on June 27.</headline>
<dateline>WASHINGTON 1997-06-30</dateline>
<text>
<p>U.S. Treasury balances at Federal Reserve based on Treasury Department's latest budget statement.</p>
<p>			  (BILLIONS OF DLRS)</p>
<p>				 June 27		June 26</p>
<p>Fed acct			15.504		 15.302</p>
<p>Tax/loan note acct	  36.871		 36.547</p>
<p>Cash balance		  52.375		 51.849</p>
<p>---</p>
<p>Total public debt,</p>
<p> subject to limit	5,251.753	     5,251.343</p>
<p>---</p>
<p>Treasury said individual income tax refunds valued at $650 million were issued and $33 million of corporate refunds were issued.</p>
</text>
<copyright>(c) Reuters Limited 1997</copyright>
<metadata>
<codes class="bip:countries:1.0">
  <code code="USA">
    <editdetail attribution="Reuters BIP Coding Group" action="confirmed" date="1997-06-30"/>
  </code>
</codes>
<codes class="bip:topics:1.0">
  <code code="E51">
    <editdetail attribution="Reuters BIP Coding Group" action="confirmed" date="1997-06-30"/>
  </code>
  <code code="E513">
    <editdetail attribution="Reuters BIP Coding Group" action="confirmed" date="1997-06-30"/>
  </code>
  <code code="ECAT">
    <editdetail attribution="Reuters BIP Coding Group" action="confirmed" date="1997-06-30"/>
  </code>
</codes>
<dc element="dc.date.created" value="1997-06-30"/>
<dc element="dc.publisher" value="Reuters Holdings Plc"/>
<dc element="dc.date.published" value="1997-06-30"/>
<dc element="dc.source" value="Reuters"/>
<dc element="dc.creator.location" value="WASHINGTON"/>
<dc element="dc.creator.location.country.name" value="USA"/>
<dc element="dc.source" value="Reuters"/>
</metadata>
</newsitem>
