<?xml version="1.0" encoding="iso-8859-1" ?>
<newsitem itemid="695370" id="root" date="1997-06-30" xml:lang="en">
<title>USA: Total Entertainment changes proposed IPO terms.</title>
<headline>Total Entertainment changes proposed IPO terms.</headline>
<dateline>NEW YORK 1997-06-30</dateline>
<text>
<p>Sports restaurant company Total Entertainment Restaurant Corp changed the proposed terms of its initial public offering to raise slightly less than when it first filed to go public.</p>
<p>The company will raise $18.9 million in gross proceeds by selling 2.1 million shares for $8.50 to $9.50 each. In its initial filing, it planned to offer two million shares for between $9 and $11 each. That would have raised $20 million.</p>
<p>The deal is tentatively slated for the week of June 14, 1997, according to lead underwriter Montgomery Securities.  </p>
<p>The shares are proposed to trade on the Nasdaq under the symbol &quot;TENT&quot;. After the offering, there would be roughly 10 million shares outstanding.</p>
<p>The company owns and operates 12 restaurants -- nine Bailey's Sports Grilles three Fox &amp; Hound restaurants in Arkansas, Indiana, North Carolina, South Carolina, Tennessee and Texas. Before 1997, the two restaurant chains were operated as separate companies. Only three of the restaurants have been operating for more than three years.</p>
<p>The restaurants combine full menus and full-service bars with sports entertainment, billiards and late-night dining and entertainment, according to the company's prospectus.</p>
<p>Total Entertainment plans to open five locations in 1997, 20 in 1998 and an additional 20 in 1999. It has said it plans to incur substantional costs over the near term in connection with the expansion plans.</p>
</text>
<copyright>(c) Reuters Limited 1997</copyright>
<metadata>
<codes class="bip:countries:1.0">
  <code code="USA">
    <editdetail attribution="Reuters BIP Coding Group" action="confirmed" date="1997-06-30"/>
  </code>
</codes>
<codes class="bip:industries:1.0">
  <code code="I66100">
    <editdetail attribution="Reuters BIP Coding Group" action="confirmed" date="1997-06-30"/>
  </code>
</codes>
<codes class="bip:topics:1.0">
  <code code="C14">
    <editdetail attribution="Reuters BIP Coding Group" action="confirmed" date="1997-06-30"/>
  </code>
  <code code="C17">
    <editdetail attribution="Reuters BIP Coding Group" action="confirmed" date="1997-06-30"/>
  </code>
  <code code="C171">
    <editdetail attribution="Reuters BIP Coding Group" action="confirmed" date="1997-06-30"/>
  </code>
  <code code="CCAT">
    <editdetail attribution="Reuters BIP Coding Group" action="confirmed" date="1997-06-30"/>
  </code>
</codes>
<dc element="dc.date.created" value="1997-06-30"/>
<dc element="dc.publisher" value="Reuters Holdings Plc"/>
<dc element="dc.date.published" value="1997-06-30"/>
<dc element="dc.source" value="Reuters"/>
<dc element="dc.creator.location" value="NEW YORK"/>
<dc element="dc.creator.location.country.name" value="USA"/>
<dc element="dc.source" value="Reuters"/>
</metadata>
</newsitem>
