<?xml version="1.0" encoding="iso-8859-1" ?>
<newsitem itemid="695347" id="root" date="1997-06-30" xml:lang="en">
<title>USA: TWA sees worse Q2 financial performance.</title>
<headline>TWA sees worse Q2 financial performance.</headline>
<dateline>WASHINGTON 1997-06-30</dateline>
<text>
<p>Trans World Airlines Inc, the nation's seventh-largest air carrier, said Monday it expects its second quarter financial performance will be worse than its results during the same period last year.</p>
<p>&quot;The company's unit revenues, yields and cash position continue to be adversely affected by the negative impact on consumer demand created by the previous deterioration in operating performance,&quot; it said in a filing with the U.S. Securities and Exchange Commission.  It said the Flight 800 crash last year &quot;distracted management's attention from core operating issues and led to lost bookings and revenues.&quot;  </p>
<p>In late 1996, St. Louis'based TWA said its management began to implement a series of actions to boost the airline's performance, including ending a maintenance contract with the government, restructuring New York services and continuing its replacement of 747 and L-1011 fleets by the end of 1997.</p>
<p>&quot;The company believes that operating and financial results at (New York airport) JFK will be improved by the company's recently announced plancs to accelerate retirement of its remaining 747 and L-1011 fleets to year-end 1997,&quot; the company said, adding that they will be replaced by smaller, more efficient new or later-model used 757s, 767s and MD80s.  </p>
<p>Even so, TWA said its second quarter results will be worse than the year-earlier period and follow first quarter results that &quot;compare unfavorably&quot; with the first quarter of 1996.</p>
<p>TWA's operating revenue of $762.3 million during the first quarter of 1997 represented a $20.1 million decrease from the first quarter of 1996, when the company's operating revenue totaled $782.4 million.</p>
<p>The company said reduced revenue during the first quarter reflected a planned reduction in passenger capacity because larger aircraft were replaced with smaller planes.  In addition, fuel costs during the first quarter increased by 11.2 percent.</p>
<p>As a result, the company said it experienced an operating loss of $99.5 million and a net loss of $71.6 million during the first quarter, which compares with an operating loss of $54.2 million and a net loss of $37.1 million during the first quarter of 1996.</p>
</text>
<copyright>(c) Reuters Limited 1997</copyright>
<metadata>
<codes class="bip:countries:1.0">
  <code code="USA">
    <editdetail attribution="Reuters BIP Coding Group" action="confirmed" date="1997-06-30"/>
  </code>
</codes>
<codes class="bip:industries:1.0">
  <code code="I75000">
    <editdetail attribution="Reuters BIP Coding Group" action="confirmed" date="1997-06-30"/>
  </code>
</codes>
<codes class="bip:topics:1.0">
  <code code="C15">
    <editdetail attribution="Reuters BIP Coding Group" action="confirmed" date="1997-06-30"/>
  </code>
  <code code="C152">
    <editdetail attribution="Reuters BIP Coding Group" action="confirmed" date="1997-06-30"/>
  </code>
  <code code="CCAT">
    <editdetail attribution="Reuters BIP Coding Group" action="confirmed" date="1997-06-30"/>
  </code>
</codes>
<dc element="dc.date.created" value="1997-06-30"/>
<dc element="dc.publisher" value="Reuters Holdings Plc"/>
<dc element="dc.date.published" value="1997-06-30"/>
<dc element="dc.source" value="Reuters"/>
<dc element="dc.creator.location" value="WASHINGTON"/>
<dc element="dc.creator.location.country.name" value="USA"/>
<dc element="dc.source" value="Reuters"/>
</metadata>
</newsitem>
