<?xml version="1.0" encoding="iso-8859-1" ?>
<newsitem itemid="695308" id="root" date="1997-06-30" xml:lang="en">
<title>USA: Three exchanges to list Ascent options.</title>
<headline>Three exchanges to list Ascent options.</headline>
<dateline>CHICAGO 1997-06-30</dateline>
<text>
<p>The American Stock Exchange (AMEX), Pacific Exchange (PCX) and Philadelphia Stock Exchange (PHLX) said Monday they will begin trading options on shares of Ascent Entertainment Group on July 8.</p>
<p>The options will open with strike prices of 7-1/2, 10 and 12-1/2, with position limits of 4,500 contracts. Expirations will be in August, September, November and February.</p>
<p>At the AMEX, the specialist unit for the options will be AGS Specialist Partners and at the PHLX, the specialist will be Spear, Leeds &amp; Kellogg. The options have been allocated to lead market maker Sheldon Kahn at the PCX.</p>
<p>((--Derivatives desk, 312 408 8750))</p>
<p>E-mail: derivatives@reuters.com</p>
</text>
<copyright>(c) Reuters Limited 1997</copyright>
<metadata>
<codes class="bip:countries:1.0">
  <code code="USA">
    <editdetail attribution="Reuters BIP Coding Group" action="confirmed" date="1997-06-30"/>
  </code>
</codes>
<codes class="bip:topics:1.0">
  <code code="C15">
    <editdetail attribution="Reuters BIP Coding Group" action="confirmed" date="1997-06-30"/>
  </code>
  <code code="C152">
    <editdetail attribution="Reuters BIP Coding Group" action="confirmed" date="1997-06-30"/>
  </code>
  <code code="CCAT">
    <editdetail attribution="Reuters BIP Coding Group" action="confirmed" date="1997-06-30"/>
  </code>
</codes>
<dc element="dc.date.created" value="1997-06-30"/>
<dc element="dc.publisher" value="Reuters Holdings Plc"/>
<dc element="dc.date.published" value="1997-06-30"/>
<dc element="dc.source" value="Reuters"/>
<dc element="dc.creator.location" value="CHICAGO"/>
<dc element="dc.creator.location.country.name" value="USA"/>
<dc element="dc.source" value="Reuters"/>
</metadata>
</newsitem>
