<?xml version="1.0" encoding="iso-8859-1" ?>
<newsitem itemid="695338" id="root" date="1997-06-30" xml:lang="en">
<title>USA: Moscom says suit filed by former CEO.</title>
<headline>Moscom says suit filed by former CEO.</headline>
<dateline>PITTSFORD, N.Y. 1997-06-30</dateline>
<text>
<p>MOSCOM Corp said Monday its former chief executive Albert Montevecchio filed a suit against the company contesting the size and scope of his recent retirement package.</p>
<p>The company also said it named John Mooney chairman, replacing Montevecchio, who resigned in May.</p>
<p>MOSCOM said Montevecchio's lawsuit also concerns the status of his continued relationship with the company.</p>
<p>The company said it plans to meet its legal obligations to Montevecchio but will &quot;vigorously oppose&quot; any action for enhanced benefits or status relating his retirement.</p>
<p>The company said Montevecchio's retirement was announced on May 22, at which time it said it was discussing terms of his retirement.</p>
<p>Mooney is also president and CEO of Essex Investment Group Inc and had been a director of MOSCOM from 1985 until his resignation on May 7.</p>
<p>MOSCOM makes telecommunications management and billing systems.</p>
</text>
<copyright>(c) Reuters Limited 1997</copyright>
<metadata>
<codes class="bip:countries:1.0">
  <code code="USA">
    <editdetail attribution="Reuters BIP Coding Group" action="confirmed" date="1997-06-30"/>
  </code>
</codes>
<codes class="bip:industries:1.0">
  <code code="I34400">
    <editdetail attribution="Reuters BIP Coding Group" action="confirmed" date="1997-06-30"/>
  </code>
</codes>
<codes class="bip:topics:1.0">
  <code code="C12">
    <editdetail attribution="Reuters BIP Coding Group" action="confirmed" date="1997-06-30"/>
  </code>
  <code code="C41">
    <editdetail attribution="Reuters BIP Coding Group" action="confirmed" date="1997-06-30"/>
  </code>
  <code code="C411">
    <editdetail attribution="Reuters BIP Coding Group" action="confirmed" date="1997-06-30"/>
  </code>
  <code code="CCAT">
    <editdetail attribution="Reuters BIP Coding Group" action="confirmed" date="1997-06-30"/>
  </code>
  <code code="GCAT">
    <editdetail attribution="Reuters BIP Coding Group" action="confirmed" date="1997-06-30"/>
  </code>
  <code code="GCRIM">
    <editdetail attribution="Reuters BIP Coding Group" action="confirmed" date="1997-06-30"/>
  </code>
</codes>
<dc element="dc.date.created" value="1997-06-30"/>
<dc element="dc.publisher" value="Reuters Holdings Plc"/>
<dc element="dc.date.published" value="1997-06-30"/>
<dc element="dc.source" value="Reuters"/>
<dc element="dc.creator.location" value="PITTSFORD, N.Y."/>
<dc element="dc.creator.location.country.name" value="USA"/>
<dc element="dc.source" value="Reuters"/>
</metadata>
</newsitem>
