<?xml version="1.0" encoding="iso-8859-1" ?>
<newsitem itemid="695384" id="root" date="1997-06-30" xml:lang="en">
<title>USA: Wall Street stocks retrace some lost ground.</title>
<headline>Wall Street stocks retrace some lost ground.</headline>
<dateline>NEW YORK 1997-06-30</dateline>
<text>
<p>Wall Street stocks pulled off session lows early Monday afternoon, recovering some ground that was lost after the release of stronger-than-expected manufacturing and home-sales data.</p>
<p>The Dow Jones Industrial Average was down around 26 points at 7661, as the New York Stock Exchange lifted trading curbs.</p>
<p>The long bond was down 27/32 to yield 6.81 percent.</p>
<p>The Nasdaq Composite moved to positive territory, trading up around one point to 1439.</p>
<p>The market remained focused on the Federal Reserve policy meeting, which begins Tuesday, and manufacturing and employment data, due to be released this week.</p>
<p>((Wall Street desk, 212-859-1730))</p>
</text>
<copyright>(c) Reuters Limited 1997</copyright>
<metadata>
<codes class="bip:countries:1.0">
  <code code="USA">
    <editdetail attribution="Reuters BIP Coding Group" action="confirmed" date="1997-06-30"/>
  </code>
</codes>
<codes class="bip:topics:1.0">
  <code code="M11">
    <editdetail attribution="Reuters BIP Coding Group" action="confirmed" date="1997-06-30"/>
  </code>
  <code code="MCAT">
    <editdetail attribution="Reuters BIP Coding Group" action="confirmed" date="1997-06-30"/>
  </code>
</codes>
<dc element="dc.date.created" value="1997-06-30"/>
<dc element="dc.publisher" value="Reuters Holdings Plc"/>
<dc element="dc.date.published" value="1997-06-30"/>
<dc element="dc.source" value="Reuters"/>
<dc element="dc.creator.location" value="NEW YORK"/>
<dc element="dc.creator.location.country.name" value="USA"/>
<dc element="dc.source" value="Reuters"/>
</metadata>
</newsitem>
