<?xml version="1.0" encoding="iso-8859-1" ?>
<newsitem itemid="695358" id="root" date="1997-06-30" xml:lang="en">
<title>USA: Schick Technologies IPO range increased.</title>
<headline>Schick Technologies IPO range increased.</headline>
<dateline>NEW YORK 1997-06-30</dateline>
<text>
<p>Schick Technologies Inc has increased the price to buy shares in its initial public offering, due to price Monday for trading Tuesday.</p>
<p>According to lead underwriter Lehman Brothers, the 1.75 million shares will sell for between $17 and $19. When the company first filed to go public in May, it estimated shares would price between $15 and $17 each.</p>
<p>The Long Island City, N.Y. company makes digital radiography devices used in dental X-ray computer imaging systems. The shares are due to trade on Nasdaq under the symbol &quot;SCHK&quot;.</p>
</text>
<copyright>(c) Reuters Limited 1997</copyright>
<metadata>
<codes class="bip:countries:1.0">
  <code code="USA">
    <editdetail attribution="Reuters BIP Coding Group" action="confirmed" date="1997-06-30"/>
  </code>
</codes>
<codes class="bip:industries:1.0">
  <code code="I37200">
    <editdetail attribution="Reuters BIP Coding Group" action="confirmed" date="1997-06-30"/>
  </code>
</codes>
<codes class="bip:topics:1.0">
  <code code="C17">
    <editdetail attribution="Reuters BIP Coding Group" action="confirmed" date="1997-06-30"/>
  </code>
  <code code="C171">
    <editdetail attribution="Reuters BIP Coding Group" action="confirmed" date="1997-06-30"/>
  </code>
  <code code="CCAT">
    <editdetail attribution="Reuters BIP Coding Group" action="confirmed" date="1997-06-30"/>
  </code>
</codes>
<dc element="dc.date.created" value="1997-06-30"/>
<dc element="dc.publisher" value="Reuters Holdings Plc"/>
<dc element="dc.date.published" value="1997-06-30"/>
<dc element="dc.source" value="Reuters"/>
<dc element="dc.creator.location" value="NEW YORK"/>
<dc element="dc.creator.location.country.name" value="USA"/>
<dc element="dc.source" value="Reuters"/>
</metadata>
</newsitem>
