<?xml version="1.0" encoding="iso-8859-1" ?>
<newsitem itemid="695382" id="root" date="1997-06-30" xml:lang="en">
<title>USA: Concord Fabrics Inc Q3 June 1 net rises.</title>
<headline>Concord Fabrics Inc Q3 June 1 net rises.</headline>
<dateline>NEW YORK 1997-06-30</dateline>
<text>
<p>1997			1996</p>
<p> Shr			  $0.18		    $0.04</p>
<p> Net			    666			136</p>
<p> Revs			25,972		   37,475</p>
<p> Avg shrs		   3,665		    3,627</p>
<p>	   9 MONTHS</p>
<p> Shr			  $0.50		    $0.21</p>
<p> Net			  1,826			750</p>
<p> Revs			78,845		  110,938</p>
<p> Avg shrs		   3,660		    3,626</p>
<p>(All data above 000s except per share numbers)</p>
<p>NOTE: 1996 periods include a charge of $750,000 pretax or $450,000 ($0.12 a share) after tax restructuring charge.</p>
</text>
<copyright>(c) Reuters Limited 1997</copyright>
<metadata>
<codes class="bip:countries:1.0">
  <code code="USA">
    <editdetail attribution="Reuters BIP Coding Group" action="confirmed" date="1997-06-30"/>
  </code>
</codes>
<codes class="bip:industries:1.0">
  <code code="I43000">
    <editdetail attribution="Reuters BIP Coding Group" action="confirmed" date="1997-06-30"/>
  </code>
</codes>
<codes class="bip:topics:1.0">
  <code code="C15">
    <editdetail attribution="Reuters BIP Coding Group" action="confirmed" date="1997-06-30"/>
  </code>
  <code code="C151">
    <editdetail attribution="Reuters BIP Coding Group" action="confirmed" date="1997-06-30"/>
  </code>
  <code code="CCAT">
    <editdetail attribution="Reuters BIP Coding Group" action="confirmed" date="1997-06-30"/>
  </code>
</codes>
<dc element="dc.date.created" value="1997-06-30"/>
<dc element="dc.publisher" value="Reuters Holdings Plc"/>
<dc element="dc.date.published" value="1997-06-30"/>
<dc element="dc.source" value="Reuters"/>
<dc element="dc.creator.location" value="NEW YORK"/>
<dc element="dc.creator.location.country.name" value="USA"/>
<dc element="dc.source" value="Reuters"/>
</metadata>
</newsitem>
