<?xml version="1.0" encoding="iso-8859-1" ?>
<newsitem itemid="695326" id="root" date="1997-06-30" xml:lang="en">
<title>USA: Centrum Q4 shr $0.06, with tax benefit.</title>
<headline>Centrum Q4 shr $0.06, with tax benefit.</headline>
<dateline>HOLLAND, Ohio 1997-06-30</dateline>
<text>
<p>(In thousands except per share data)</p>
<p>				    Three Months Ended  Year Ended</p>
<p>					  March 31,	   March 31,</p>
<p>					1997     1996     1997     1996</p>
<p> Net sales		     $18,748  $10,595  $71,155  $27,526</p>
<p> Cost of sales		  14,445    7,683   53,436   20,307</p>
<p> Gross profit		    4,303    2,912   17,719    7,219</p>
<p> Depreciation &amp; Amortization   592	244    1,489	314</p>
<p>Selling, general and</p>
<p>   administrative expenses   2,892    2,016   12,078    5,439</p>
<p> Operating income		  819	652    4,152    1,466</p>
<p> Interest income		    52	  0	199	 18</p>
<p> Interest expense		(741)    (245)  (2,750)    (516)</p>
<p> Miscellaneous		    (14)	 54	 76	 95</p>
<p> Income before tax		 116	461    1,677    1,063</p>
<p> Income taxes (Benefit)	(451)	 95    (773)	258</p>
<p> Net income			  567	366    2,450	805</p>
<p> Earnings per share	     0.06     0.06     0.28     0.13</p>
<p> Common shares outstanding   9,505    6,386    8,638    6,243</p>
<p>Full company name is Centrum Industries Inc.</p>
<p>--((New York Newsdesk 212 859-1610))</p>
</text>
<copyright>(c) Reuters Limited 1997</copyright>
<metadata>
<codes class="bip:countries:1.0">
  <code code="USA">
    <editdetail attribution="Reuters BIP Coding Group" action="confirmed" date="1997-06-30"/>
  </code>
</codes>
<codes class="bip:topics:1.0">
  <code code="C15">
    <editdetail attribution="Reuters BIP Coding Group" action="confirmed" date="1997-06-30"/>
  </code>
  <code code="C151">
    <editdetail attribution="Reuters BIP Coding Group" action="confirmed" date="1997-06-30"/>
  </code>
  <code code="C1511">
    <editdetail attribution="Reuters BIP Coding Group" action="confirmed" date="1997-06-30"/>
  </code>
  <code code="CCAT">
    <editdetail attribution="Reuters BIP Coding Group" action="confirmed" date="1997-06-30"/>
  </code>
</codes>
<dc element="dc.date.created" value="1997-06-30"/>
<dc element="dc.publisher" value="Reuters Holdings Plc"/>
<dc element="dc.date.published" value="1997-06-30"/>
<dc element="dc.source" value="Reuters"/>
<dc element="dc.creator.location" value="HOLLAND, Ohio"/>
<dc element="dc.creator.location.country.name" value="USA"/>
<dc element="dc.source" value="Reuters"/>
</metadata>
</newsitem>
