<?xml version="1.0" encoding="iso-8859-1" ?>
<newsitem itemid="695443" id="root" date="1997-06-30" xml:lang="en">
<title>SOUTH AFRICA: CRICKET-SOUTH AFRICA TO BACK FLOODLIGHT TESTS.</title>
<headline>CRICKET-SOUTH AFRICA TO BACK FLOODLIGHT TESTS.</headline>
<dateline>JOHANNESBURG 1997-06-30</dateline>
<text>
<p>Tests between Australia and South Africa later this year could be played under floodlights if cricket's world ruling body gives the go-ahead.</p>
<p>The United Cricket Board of South Africa (UCBSA) is to back an Australian proposal to allow tests under lights, it was announced on Monday.</p>
<p>Ali Bacher, the UCBSA managing director, told a news conference it would fully support the Australian Cricket Board (ACB) which is to table the motion at an International Cricket Council (ICC) meeting in London next week.</p>
<p>Bacher said: &quot;The ACB proposal comes as a direct result of experiencing first-class cricket under floodlights in South Africa earlier this year&quot;.</p>
<p>Mark Taylor's Australian team played tour games in Cape Town and Newlands where floodlights were turned on as a result of bad light.</p>
<p>Bacher said: &quot;If the ICC gives the go-ahead to turning on the lights in tests in the event of bad light, the series between Australia and South Africa later this year could be the first to be played under the new dispensation&quot;.</p>
<p>South Africa are touring Australia starting in December.</p>
</text>
<copyright>(c) Reuters Limited 1997</copyright>
<metadata>
<codes class="bip:countries:1.0">
  <code code="AUSTR">
    <editdetail attribution="Reuters BIP Coding Group" action="confirmed" date="1997-06-30"/>
  </code>
  <code code="SAFR">
    <editdetail attribution="Reuters BIP Coding Group" action="confirmed" date="1997-06-30"/>
  </code>
</codes>
<codes class="bip:topics:1.0">
  <code code="GCAT">
    <editdetail attribution="Reuters BIP Coding Group" action="confirmed" date="1997-06-30"/>
  </code>
  <code code="GSPO">
    <editdetail attribution="Reuters BIP Coding Group" action="confirmed" date="1997-06-30"/>
  </code>
</codes>
<dc element="dc.date.created" value="1997-06-30"/>
<dc element="dc.publisher" value="Reuters Holdings Plc"/>
<dc element="dc.date.published" value="1997-06-30"/>
<dc element="dc.source" value="Reuters"/>
<dc element="dc.creator.location" value="JOHANNESBURG"/>
<dc element="dc.creator.location.country.name" value="SOUTH AFRICA"/>
<dc element="dc.source" value="Reuters"/>
</metadata>
</newsitem>
