<?xml version="1.0" encoding="iso-8859-1" ?>
<newsitem itemid="695405" id="root" date="1997-06-30" xml:lang="en">
<title>SPAIN: SOCCER-BARCELONA CONFIRM VAN GAAL AS NEW COACH.</title>
<headline>SOCCER-BARCELONA CONFIRM VAN GAAL AS NEW COACH.</headline>
<dateline>BARCELONA 1997-06-30</dateline>
<text>
<p>Barcelona confirmed on Monday that Ajax Amsterdam boss Louis van Gaal would take over from Bobby Robson as coach for the next three seasons.</p>
<p>An official at the Spanish first division club said former England manager Robson had agreed &quot;in principle&quot; to stay as technical director, with special responsibility for signing players.</p>
<p>The official said Van Gaal would be formally presented on Monday at 4.30 pm (1430 gmt).</p>
<p>In the coming week the club is expected to announce the signing of several players chosen by the new coach.</p>
<p>Dutch defender Michael Reiziger and French striker Christian Dugarry are both likely to move to Barcelona from AC Milan.</p>
<p>In his time at Dutch club Ajax, van Gaal built up a side from largely home-grown talent that looked likely to dominate the European game for several years.</p>
<p>But after beating AC Milan in the 1995 European Cup final, Ajax fell to Juventus at the final hurdle in 1996 and struggled in last season's competition with the departure of key players.</p>
<p>Van Gaal said earlier in the season he would not stay on at Ajax, and that he had reached agreement with a major European club he refused to name.</p>
<p>Van Gaal had been linked to Barcelona since the end of fellow Dutchman Johan Cruyff's eight-year spell in charge of the club.</p>
<p>Cruyff was sacked in May last year, and Robson was hurriedly brought to the Camp Nou from Portugal's Porto.</p>
<p>But despite winning the Spanish Cup, the European Cup Winners' Cup and the Spanish Super Cup in Robson's first season, Barcelona played second fiddle to arch-rivals Real Madrid in the league, and fans quickly turned against the English coach.</p>
</text>
<copyright>(c) Reuters Limited 1997</copyright>
<metadata>
<codes class="bip:countries:1.0">
  <code code="NETH">
    <editdetail attribution="Reuters BIP Coding Group" action="confirmed" date="1997-06-30"/>
  </code>
  <code code="SPAIN">
    <editdetail attribution="Reuters BIP Coding Group" action="confirmed" date="1997-06-30"/>
  </code>
</codes>
<codes class="bip:topics:1.0">
  <code code="GCAT">
    <editdetail attribution="Reuters BIP Coding Group" action="confirmed" date="1997-06-30"/>
  </code>
  <code code="GSPO">
    <editdetail attribution="Reuters BIP Coding Group" action="confirmed" date="1997-06-30"/>
  </code>
</codes>
<dc element="dc.date.created" value="1997-06-30"/>
<dc element="dc.publisher" value="Reuters Holdings Plc"/>
<dc element="dc.date.published" value="1997-06-30"/>
<dc element="dc.source" value="Reuters"/>
<dc element="dc.creator.location" value="BARCELONA"/>
<dc element="dc.creator.location.country.name" value="SPAIN"/>
<dc element="dc.source" value="Reuters"/>
</metadata>
</newsitem>
