<?xml version="1.0" encoding="iso-8859-1" ?>
<newsitem itemid="695423" id="root" date="1997-06-30" xml:lang="en">
<title>UK: TENNIS-LATEST WIMBLEDON BETTING.</title>
<headline>TENNIS-LATEST WIMBLEDON BETTING.</headline>
<dateline>LONDON 1997-06-30</dateline>
<text>
<p>Latest William Hill Wimbledon</p>
<p>betting after Monday's matches:</p>
<p>Men's singles</p>
<p>11-8 Pete Sampras</p>
<p>9-2 Richard Krajicek</p>
<p>11-2 Boris Becker</p>
<p>8-1 Yevgeny Kafelnikov</p>
<p>Greg Rusedski</p>
<p>12-1 Patrick Rafter</p>
<p>16-1 Tim Henman</p>
<p>20-1 Michael Stich</p>
<p>28-1 Petr Korda</p>
<p>40-1 and upwards others</p>
<p>(Odds against a British winner 5-1)</p>
<p>Women's singles</p>
<p>4-6 Martina Hingis</p>
<p>9-2 Jana Novotna</p>
<p>Arantxa Sanchez-Vicario</p>
<p>16-1 Iva Majoli, Mary Pierce, Mary Joe Fernandez</p>
<p>25-1 Anna Kournikova</p>
<p>50-1 and upwards others</p>
</text>
<copyright>(c) Reuters Limited 1997</copyright>
<metadata>
<codes class="bip:countries:1.0">
  <code code="UK">
    <editdetail attribution="Reuters BIP Coding Group" action="confirmed" date="1997-06-30"/>
  </code>
</codes>
<codes class="bip:topics:1.0">
  <code code="GCAT">
    <editdetail attribution="Reuters BIP Coding Group" action="confirmed" date="1997-06-30"/>
  </code>
  <code code="GSPO">
    <editdetail attribution="Reuters BIP Coding Group" action="confirmed" date="1997-06-30"/>
  </code>
</codes>
<dc element="dc.date.created" value="1997-06-30"/>
<dc element="dc.publisher" value="Reuters Holdings Plc"/>
<dc element="dc.date.published" value="1997-06-30"/>
<dc element="dc.source" value="Reuters"/>
<dc element="dc.creator.location" value="LONDON"/>
<dc element="dc.creator.location.country.name" value="UK"/>
<dc element="dc.source" value="Reuters"/>
</metadata>
</newsitem>
