<?xml version="1.0" encoding="iso-8859-1" ?>
<newsitem itemid="695424" id="root" date="1997-06-30" xml:lang="en">
<title>UK: TENNIS-HINGIS LOOKS TO HAVE CLEAR RUN AS SEEDS FALL.</title>
<headline>TENNIS-HINGIS LOOKS TO HAVE CLEAR RUN AS SEEDS FALL.</headline>
<byline>Clare Lovell</byline>
<dateline>LONDON 1997-06-30</dateline>
<text>
<p>Ill Wimbledon winds have blown away more than half the women's seeds before the fourth round this year, leaving Swiss prodigy Martina Hingis with a practically clear run to the final.</p>
<p>Hingis, the 16-year-old world number one, wobbled during her first round match against Luxembourg qualifier Anne Kremer before coming through 6-4 6-4, but has looked secure since.</p>
<p>She meets 19th-ranked Belgian Sabine Appelmans in Tuesday's fourth round with the prospect of a quarter-final against relative unknowns Denisa Chladkova, an 18-year-old Czech or Venezuelan Maria Alejandra Vento ranked 136 in the world.</p>
<p>The only seeds in her half of the draw are slow-court specialists Irina Spirlea of Romania and Iva Majoli, the woman who beat her in the French open final earlier this month.</p>
<p>The 19-year-old Croatian, who is in fact the only woman to defeat Hingis this year, is likely to prove more of a psychological than competitive barrier.</p>
<p>She has never progressed beyond the first round here before and struggled to win a third round clash with Briton Karen Cross, ranked 320 in the world, 4-6 7-6 6-4.</p>
<p>A more testing opponent might be found in the winner of the duel between two women in form -- Czech Helena Sukova, veteran of 16 Wimbledons and the Russian pretender Anna Kournikova, at 16 years old half her age.</p>
<p>The bottom half of the draw is more crowded. Eighth seed Aranxta Sanchez Vicario, twice runner-up here and ninth seed Mary Pierce must slug it out for a quarter-final place against either Nathalie Tauziat or Sandrine Testud of France.</p>
<p>Sanchez Vicario, who has lost just nine games, the fewest in the draw, in three matches so far, said it was her best start ever at Wimbledon.</p>
<p>&quot;I feel more comfortable with myself now on grass and I've had good preparation,&quot; she said.</p>
<p>Testud, ranked 23 in the world, ousted an out-of-sorts second seed Monica Seles 0-6 6-4 8-6 on Monday.</p>
<p>Seles, whose father is ill with cancer, said she could not account for her bad form. She was rattled by a controversial over-ruled call when serving for the match and never recovered.</p>
<p>Testud said top 10 players had to watch out as women's tennis was becoming more competitive.</p>
<p>&quot;Women's tennis has improved a lot. If they don't play really well they can lose and that's what's happening now,&quot; the 23-year-old said.</p>
<p>The highest seed left in the bottom half, Jana Novotna, is also the most experienced with a classic serve and volley game well adapted to grass but a fragile psyche.</p>
<p>She is best remembered her for weeping after throwing away a big lead in the 1993 final against Steffi Graf.</p>
<p>Novotna plays 11th seed Mary Joe Fernandez. &quot;That's going to be a tough one,&quot; she said.</p>
<p>The pair have met eight times in the last 10 years and they have four victories apiece.</p>
</text>
<copyright>(c) Reuters Limited 1997</copyright>
<metadata>
<codes class="bip:countries:1.0">
  <code code="SWITZ">
    <editdetail attribution="Reuters BIP Coding Group" action="confirmed" date="1997-06-30"/>
  </code>
  <code code="UK">
    <editdetail attribution="Reuters BIP Coding Group" action="confirmed" date="1997-06-30"/>
  </code>
</codes>
<codes class="bip:topics:1.0">
  <code code="GCAT">
    <editdetail attribution="Reuters BIP Coding Group" action="confirmed" date="1997-06-30"/>
  </code>
  <code code="GSPO">
    <editdetail attribution="Reuters BIP Coding Group" action="confirmed" date="1997-06-30"/>
  </code>
</codes>
<dc element="dc.date.created" value="1997-06-30"/>
<dc element="dc.publisher" value="Reuters Holdings Plc"/>
<dc element="dc.date.published" value="1997-06-30"/>
<dc element="dc.source" value="Reuters"/>
<dc element="dc.creator.location" value="LONDON"/>
<dc element="dc.creator.location.country.name" value="UK"/>
<dc element="dc.source" value="Reuters"/>
</metadata>
</newsitem>
