<?xml version="1.0" encoding="iso-8859-1" ?>
<newsitem itemid="695481" id="root" date="1997-06-30" xml:lang="en">
<title>ZIMBABWE: ZIMBABWE DOLLAR STARTS NEW WEEK MIXED ON UNITS.</title>
<headline>ZIMBABWE DOLLAR STARTS NEW WEEK MIXED ON UNITS.</headline>
<dateline>HARARE 1997-06-30</dateline>
<text>
<p>The Zimbabwe dollar was quoted mixed against hard currencies on Monday with dealers expecting it to stabilise on the key U.S. dollar after last week's steep fall.</p>
<p>The local currency lost seven cents on the U.S. dollar last week on the back of import pressure which overwhelmed the export resources available, prompting the central Reserve Bank to intervene on Friday to smoothen the decline.</p>
<p>&quot;We've seen a big movement over a short space of time and I think now the dollar should stabilise or even appreciate a little,&quot; one dealer said on Monday.</p>
<p>However at around 0810 GMT, the local currency was trading softer on the U.S. unit at 11.3950/4050 compared to Friday's 11.3825/3925 but was little changed at 18.9400/9600 from 18.9400/9685 versus sterling.</p>
<p>It firmed to 6.5400/5600 from 6.5650/5725 against the mark and to 2.5100/5175 on the rand from 2.5195/5235.</p>
<p>--Stella Mapenzauswa, Harare Newsroom: +263-4 72 52 27/8/9--</p>
</text>
<copyright>(c) Reuters Limited 1997</copyright>
<metadata>
<codes class="bip:countries:1.0">
  <code code="ZIMBAB">
    <editdetail attribution="Reuters BIP Coding Group" action="confirmed" date="1997-06-30"/>
  </code>
</codes>
<codes class="bip:topics:1.0">
  <code code="M13">
    <editdetail attribution="Reuters BIP Coding Group" action="confirmed" date="1997-06-30"/>
  </code>
  <code code="M132">
    <editdetail attribution="Reuters BIP Coding Group" action="confirmed" date="1997-06-30"/>
  </code>
  <code code="MCAT">
    <editdetail attribution="Reuters BIP Coding Group" action="confirmed" date="1997-06-30"/>
  </code>
</codes>
<dc element="dc.date.created" value="1997-06-30"/>
<dc element="dc.publisher" value="Reuters Holdings Plc"/>
<dc element="dc.date.published" value="1997-06-30"/>
<dc element="dc.source" value="Reuters"/>
<dc element="dc.creator.location" value="HARARE"/>
<dc element="dc.creator.location.country.name" value="ZIMBABWE"/>
<dc element="dc.source" value="Reuters"/>
</metadata>
</newsitem>
