<?xml version="1.0" encoding="iso-8859-1" ?>
<newsitem itemid="695482" id="root" date="1997-06-30" xml:lang="en">
<title>BOTSWANA: BOTSWANA NEEDS ACTIVE SECONDARY MARKET - C.BANK.</title>
<headline>BOTSWANA NEEDS ACTIVE SECONDARY MARKET - C.BANK.</headline>
<dateline>GABORONE 1997-06-30</dateline>
<text>
<p>Botswana needs to develop an active secondary capital market to help boost access to finance, the Bank of Botswana said in its annual economic review for 1966.</p>
<p>The central bank highlighted the lack of commercial credit and finance to small and medium scale enterprises and said the objectives of Botswana's National Development Plan 8 (NDP8), which will run from the end of 1997 for five years, would be furthered by a more efficient and deeper financial sector.</p>
<p>&quot;Effort is needed to develop an active secondary market for money and capital market instruments,&quot; the Bank said.</p>
<p>&quot;The financial sector is not channelling resources to private sector investment projects to the extent necessary for significant economic diversification.&quot;</p>
<p>&quot;The financial system has grown along with the economy, but has not increased its role,&quot; the Bank says.</p>
<p>To finance smaller enterprises, the Bank suggests the formation of a &quot;second-tier&quot; on the Botswana Stock Exchange (BSE), a Venture Capital Company (VCC) and an indigenous bank to compete with the four foreign-owned operators, who should reassess their risk criteria and change their attitudes.</p>
<p>&quot;A 'second tier' market on the BSE could encourage smaller, newer firms - which do not meet the profitability and track record requirements for a normal listing - to raise funds,&quot; the Bank says.</p>
<p>&quot;An alternative is the establishment of a venture capital company to seek out and fund new, risky, but promising, businesses.&quot;</p>
<p>The VCC could itself be listed on the BSE, thus providing indirect access for firms to the equity market.</p>
<p>The Bank added that although government would not need to borrow during NDP 8, it could introduce measures to develop the debt market, through issues of government securities, such as Treasury Bills or Government Bonds.</p>
<p>Lending to parastatals accounted for 2,750 million out of a total of 5,200 million pula oustanding loans and advances as at the end of 1996.</p>
<p>The securitising of these loans - selling the rights to the flow of interest and capital payments - would bear the characteristics of a long term bond which could be marketable, and be quoted and traded on the BSE.</p>
<p>It was likely that a bond issue by Botswana Teleocmmunications would be made in 1997 and it was hoped more parastatals would be in a position to raise funds in this way during NDP8.</p>
</text>
<copyright>(c) Reuters Limited 1997</copyright>
<metadata>
<codes class="bip:countries:1.0">
  <code code="BOTS">
    <editdetail attribution="Reuters BIP Coding Group" action="confirmed" date="1997-06-30"/>
  </code>
</codes>
<codes class="bip:topics:1.0">
  <code code="E12">
    <editdetail attribution="Reuters BIP Coding Group" action="confirmed" date="1997-06-30"/>
  </code>
  <code code="ECAT">
    <editdetail attribution="Reuters BIP Coding Group" action="confirmed" date="1997-06-30"/>
  </code>
  <code code="M11">
    <editdetail attribution="Reuters BIP Coding Group" action="confirmed" date="1997-06-30"/>
  </code>
  <code code="M12">
    <editdetail attribution="Reuters BIP Coding Group" action="confirmed" date="1997-06-30"/>
  </code>
  <code code="M13">
    <editdetail attribution="Reuters BIP Coding Group" action="confirmed" date="1997-06-30"/>
  </code>
  <code code="M131">
    <editdetail attribution="Reuters BIP Coding Group" action="confirmed" date="1997-06-30"/>
  </code>
  <code code="MCAT">
    <editdetail attribution="Reuters BIP Coding Group" action="confirmed" date="1997-06-30"/>
  </code>
</codes>
<dc element="dc.date.created" value="1997-06-30"/>
<dc element="dc.publisher" value="Reuters Holdings Plc"/>
<dc element="dc.date.published" value="1997-06-30"/>
<dc element="dc.source" value="Reuters"/>
<dc element="dc.creator.location" value="GABORONE"/>
<dc element="dc.creator.location.country.name" value="BOTSWANA"/>
<dc element="dc.source" value="Reuters"/>
</metadata>
</newsitem>
