<?xml version="1.0" encoding="iso-8859-1" ?>
<newsitem itemid="695478" id="root" date="1997-06-30" xml:lang="en">
<title>SOUTH AFRICA: QUALITY SEEN FOCUS IN S.AFRICAN FRUIT DEREGULATION.</title>
<headline>QUALITY SEEN FOCUS IN S.AFRICAN FRUIT DEREGULATION.</headline>
<dateline>CAPE TOWN 1997-06-30</dateline>
<text>
<p>Quality control would become even more important when the deciduous fruit industry was deregulated later this year, Unifruco public affairs manager Fred Meintjies said on Monday.</p>
<p>In terms of the new Agricultural Marketing Act, Unifruco's statutory dominance of the export marketing of deciduous fruit will come to an end after September, opening up the way for newcomers already testing the market.</p>
<p>Meintjies told Reuters that the biggest change would be that Unifruco would have to negotiate contracts with individual producers, instead of just with the Deciduous Fruit Board.</p>
<p>There were about 2,000 deciduous fruit producers, of which about 100 produced 60 percent of the crop.</p>
<p>&quot;They have all been visited and they all have the contracts in their possession,&quot; Meintjies said.</p>
<p>&quot;Many of them have signed already, some of them are still discussing certain clarifications, but we are impressed with their reaction to this and most are looking forward to becoming preferred suppliers to Unifruco.&quot;</p>
<p>Producers who had a poor track record on quality would not be offered contracts.</p>
<p>&quot;We are looking forward to placing more emphasis on quality for our key customers and we know that the vast majority of producers are supporting this stance of ours and are gearing themselves up to be part of this new system,&quot; he said.</p>
<p>&quot;There will be a few growers who will want to do their own thing and we accept that.&quot;</p>
<p>Just who would be Unifruco's main competitors still had to emerge. A few firms started exporting under special licences last season but Meintjies said Unifruco was confident that the bulk of its suppliers would prefer to stay with it and benefit from the expertise and infrastructure that it had built up over the years.</p>
<p>-- Lynda Loxton, Cape Town newsroom +27 21 25-2238</p>
</text>
<copyright>(c) Reuters Limited 1997</copyright>
<metadata>
<codes class="bip:countries:1.0">
  <code code="SAFR">
    <editdetail attribution="Reuters BIP Coding Group" action="confirmed" date="1997-06-30"/>
  </code>
</codes>
<codes class="bip:industries:1.0">
  <code code="I01002">
    <editdetail attribution="Reuters BIP Coding Group" action="confirmed" date="1997-06-30"/>
  </code>
  <code code="I0100206">
    <editdetail attribution="Reuters BIP Coding Group" action="confirmed" date="1997-06-30"/>
  </code>
</codes>
<codes class="bip:topics:1.0">
  <code code="C13">
    <editdetail attribution="Reuters BIP Coding Group" action="confirmed" date="1997-06-30"/>
  </code>
  <code code="C31">
    <editdetail attribution="Reuters BIP Coding Group" action="confirmed" date="1997-06-30"/>
  </code>
  <code code="CCAT">
    <editdetail attribution="Reuters BIP Coding Group" action="confirmed" date="1997-06-30"/>
  </code>
</codes>
<dc element="dc.date.created" value="1997-06-30"/>
<dc element="dc.publisher" value="Reuters Holdings Plc"/>
<dc element="dc.date.published" value="1997-06-30"/>
<dc element="dc.source" value="Reuters"/>
<dc element="dc.creator.location" value="CAPE TOWN"/>
<dc element="dc.creator.location.country.name" value="SOUTH AFRICA"/>
<dc element="dc.source" value="Reuters"/>
</metadata>
</newsitem>
