<?xml version="1.0" encoding="iso-8859-1" ?>
<newsitem itemid="695469" id="root" date="1997-06-30" xml:lang="en">
<title>GERMANY: SOCCER-BECKENBAUER TELLS MATTHAEUS TO KEEP QUIET.</title>
<headline>SOCCER-BECKENBAUER TELLS MATTHAEUS TO KEEP QUIET.</headline>
<dateline>BONN 1997-06-30</dateline>
<text>
<p>Bayern Munich president Franz Beckenbauer lashed out on Monday at Lothar Matthaeus, blaming Germany's most capped player for a public row between senior squad members.</p>
<p>Matthaeus has launched a series of attacks on fellow players and club officials after he was dropped as club captain earlier this month. He was stripped of the armband for publishing his &quot;Secret Diaries&quot;, a behind-the-scenes look at Bayern's season.</p>
<p>Beckenbauer said he would tell Matthaeus when they met at a special match in Hong Kong this week that &quot;all this rubbish is his fault, that he triggered off this whole landslide and that he should finally be quiet&quot;.</p>
<p>Beckenbauer told Kicker magazine that Matthaeus was taking himself too seriously. &quot;Lothar should finally understand that his comments are not interesting. He thinks he has to have his say about everything. This is complete madness.&quot;</p>
<p>Despite being on holiday off the Great Barrier Reef, the 36-year-old libero has provided journalists with a steady stream of angry statements about his deposal as captain.</p>
<p>He has even called for a public apology from his successor, Thomas Helmer, who described him as &quot;sick&quot;, and also wants public explanations from Markus Babbel and Thomas Strunz about comments attributed to them in the press.</p>
<p>&quot;Lothar should go and speak to them directly and sort the matter out, as men should do,&quot; Beckenbauer said. &quot;Lothar should finally stop all this nonsense.&quot;</p>
<p>But despite the row, Beckenbauer said Matthaeus still had a future at the club.</p>
<p>&quot;Lothar can even extend his contract, if he feels physically and above all mentally able to,&quot; he said. &quot;I hope he plays even longer at Bayern, perhaps even until he's 40.&quot;</p>
</text>
<copyright>(c) Reuters Limited 1997</copyright>
<metadata>
<codes class="bip:countries:1.0">
  <code code="GFR">
    <editdetail attribution="Reuters BIP Coding Group" action="confirmed" date="1997-06-30"/>
  </code>
</codes>
<codes class="bip:topics:1.0">
  <code code="GCAT">
    <editdetail attribution="Reuters BIP Coding Group" action="confirmed" date="1997-06-30"/>
  </code>
  <code code="GSPO">
    <editdetail attribution="Reuters BIP Coding Group" action="confirmed" date="1997-06-30"/>
  </code>
</codes>
<dc element="dc.date.created" value="1997-06-30"/>
<dc element="dc.publisher" value="Reuters Holdings Plc"/>
<dc element="dc.date.published" value="1997-06-30"/>
<dc element="dc.source" value="Reuters"/>
<dc element="dc.creator.location" value="BONN"/>
<dc element="dc.creator.location.country.name" value="GERMANY"/>
<dc element="dc.source" value="Reuters"/>
</metadata>
</newsitem>
