<?xml version="1.0" encoding="iso-8859-1" ?>
<newsitem itemid="695427" id="root" date="1997-06-30" xml:lang="en">
<title>UK: TENNIS-BORIS BLOWS AWAY BRIT BUT NO ONE MINDS MUCH.</title>
<headline>TENNIS-BORIS BLOWS AWAY BRIT BUT NO ONE MINDS MUCH.</headline>
<byline>Clare Lovell</byline>
<dateline>LONDON 1997-06-30</dateline>
<text>
<p>Boris Becker beat a Briton at Wimbledon on Monday but the normally highly-partisan crowd did not mind a bit.</p>
<p>The 29-year-old German playing his 14th consecutive Wimbledon is something of an adopted son at the All England Club which he describes as his back yard.</p>
<p>After becoming the youngest champion as a 17-year-old, successfully defending his title a year later and winning again in 1989, Becker is one of the few players known universally by his first name -- like one of the family.</p>
<p>Even during mundane victories such as Monday's 6-3  6-3 6-2 stroll against Mark Petchey, Becker still produces moments of magic.</p>
<p>His first break of the Briton's serve in the second set involved a full length forehand dive and double roll on the grass, his racket flying from his hand. It was Boris of old and a winning shot.</p>
<p>Most of the time, perhaps mindful of his status as the most elderly seed in the draw, Becker has practised extreme economy of movement but he has still reached the fourth round without dropping a set.</p>
<p>On Monday he ran down only the rallies he really wanted to win and faced just one break point on his often deadly serve. He dismissed the point haughtily with an unreturnable serve and an ace.</p>
<p>&quot;You never expect easy matches -- you take them if they come along but you always expect the worst,&quot; he said afterwards.</p>
<p>&quot;I've been having a good time on my shots, on my serve. And I've been giving other players trouble all along from very early on in the matches,&quot; he added.</p>
<p>Becker believes he is the exception in winning Wimbledon so young, most others have been older and better able to withstand the psychological strains of a two-week tournament.</p>
<p>&quot;You need to be very, very patient. Your nerves have to be excellent,&quot; he said. This has been particularly true this tournament with two days lost to rain and the schedule turned on its head.</p>
<p>Despite defaulting last year in the third round with a ruptured tendon and suffering a string of injury problems since, Becker feels he still has one Grand Slam left in him.</p>
<p>Petchey is convinced he can do it. &quot;Boris is special...He's obviously got a chance of winning, there's no question,&quot; he said.</p>
<p>But Becker is in the tougher end of the draw and faces world number one Pete Sampras if both progress to the quarter-finals.</p>
<p>After Mondays's roars of delight when the smiling German flung his towels into the crowd then stopped to sign autographs, there is little doubt who would be the crowd's sentimental favourite.</p>
</text>
<copyright>(c) Reuters Limited 1997</copyright>
<metadata>
<codes class="bip:countries:1.0">
  <code code="GFR">
    <editdetail attribution="Reuters BIP Coding Group" action="confirmed" date="1997-06-30"/>
  </code>
  <code code="UK">
    <editdetail attribution="Reuters BIP Coding Group" action="confirmed" date="1997-06-30"/>
  </code>
</codes>
<codes class="bip:topics:1.0">
  <code code="GCAT">
    <editdetail attribution="Reuters BIP Coding Group" action="confirmed" date="1997-06-30"/>
  </code>
  <code code="GSPO">
    <editdetail attribution="Reuters BIP Coding Group" action="confirmed" date="1997-06-30"/>
  </code>
</codes>
<dc element="dc.date.created" value="1997-06-30"/>
<dc element="dc.publisher" value="Reuters Holdings Plc"/>
<dc element="dc.date.published" value="1997-06-30"/>
<dc element="dc.source" value="Reuters"/>
<dc element="dc.creator.location" value="LONDON"/>
<dc element="dc.creator.location.country.name" value="UK"/>
<dc element="dc.source" value="Reuters"/>
</metadata>
</newsitem>
