<?xml version="1.0" encoding="iso-8859-1" ?>
<newsitem itemid="695439" id="root" date="1997-06-30" xml:lang="en">
<title>UK: BOXING-BRITISH PAPERS EXPRESS REVULSION OVER TYSON.</title>
<headline>BOXING-BRITISH PAPERS EXPRESS REVULSION OVER TYSON.</headline>
<dateline>LONDON 1997-06-30</dateline>
<text>
<p>British newspapers on Monday punched out front-page headlines such as &quot;Savage&quot; and &quot;Ban the beast&quot; to express revulsion at Mike Tyson turning his world title bout against Evander Holyfield into a bloody ear-chewing battle.</p>
<p>&quot;World Chomp -- Tyson chews ear off,&quot; declared the top-selling Sun tabloid, which devoted all of its first five pages and three sports pages to reports, pictures and comment on boxing's night of shame in Las Vegas.</p>
<p>The Sun carried a picture of Tyson biting one of champion Holyfield's ears on its main sports page with the headline: &quot;Beast Tyson must never fight again&quot;.</p>
<p>&quot;Boxing must not be dragged down by his animal bloodlust. Tyson must be banned from the ring for good,&quot; the tabloid said in an editorial.</p>
<p>The Daily Express headlined its front-page story: &quot;Savage -- World-wide revulsion as Tyson bites off opponent's ear and takes boxing to new depths of depravity.&quot;</p>
<p>The Times' boxing correspondent Srikumar Sen said in his report from Las Vegas: &quot;Mike Tyson's behaviour in the ring in the early hours here yesterday morning will leave an indelible stain on boxing.</p>
<p>&quot;He is not only guilty of the worst crime in the sport, that of casting aside the rules and resorting to street fighting, he is also the most recognisable sportsman, if that is the word for him, in the world.</p>
<p>&quot;Viewed by millions of families across the world, his act, which started like a caress, ended up as one of the most horrific actions witnessed in an event going under the banner of sport.&quot;</p>
<p>The Guardian's ringside correspondent Richard Williams said: &quot;By stripping away the thin veneer of civilised behaviour which generally keeps prize fighting within the accepted bounds of professional sport, Tyson turned this into the most demeaning, not to say disgusting, night in the history of the heavyweight championship.&quot;</p>
<p>Referee Mills Lane disqualified Tyson before the start of the fourth round of Saturday night's bout after the challenger twice bit Holyfield's ears. The champion lost a small chunk from his right ear from the first bite and will have to undergo reconstructive surgery after doctors were unable to re-attach the torn flesh.</p>
<p>The Nevada State Athletic Commission, which regulates boxing in the state, was to hold an emergency meeting on Tuesday to decide whether to fine Tyson or suspend his licence for his behaviour in what had been an eagerly awaited rematch with Holyfield for the World Boxing Association heavyweight title.</p>
<p>The Nevada legislature's Senate Judiciary Committee met on Sunday morning and voted to amend its &quot;unarmed combat legislation&quot;, which covers boxing.</p>
<p>Under the new rules, ear biting will be banned and may result in a fine of up to 50 percent of a fighter's purse. Up till now, they could fine Tyson only 10 percent of his $30 million fee.</p>
<p>Tyson became the youngest world heavyweight champion at the age of 20.</p>
</text>
<copyright>(c) Reuters Limited 1997</copyright>
<metadata>
<codes class="bip:countries:1.0">
  <code code="UK">
    <editdetail attribution="Reuters BIP Coding Group" action="confirmed" date="1997-06-30"/>
  </code>
  <code code="USA">
    <editdetail attribution="Reuters BIP Coding Group" action="confirmed" date="1997-06-30"/>
  </code>
</codes>
<codes class="bip:topics:1.0">
  <code code="GCAT">
    <editdetail attribution="Reuters BIP Coding Group" action="confirmed" date="1997-06-30"/>
  </code>
  <code code="GSPO">
    <editdetail attribution="Reuters BIP Coding Group" action="confirmed" date="1997-06-30"/>
  </code>
</codes>
<dc element="dc.date.created" value="1997-06-30"/>
<dc element="dc.publisher" value="Reuters Holdings Plc"/>
<dc element="dc.date.published" value="1997-06-30"/>
<dc element="dc.source" value="Reuters"/>
<dc element="dc.creator.location" value="LONDON"/>
<dc element="dc.creator.location.country.name" value="UK"/>
<dc element="dc.source" value="Reuters"/>
</metadata>
</newsitem>
