<?xml version="1.0" encoding="iso-8859-1" ?>
<newsitem itemid="695417" id="root" date="1997-06-30" xml:lang="en">
<title>UK: TENNIS-WIMBLEDON ORDER OF PLAY ON THE SHOW COURTS ON TUESDAY.</title>
<headline>TENNIS-WIMBLEDON ORDER OF PLAY ON THE SHOW COURTS ON TUESDAY.</headline>
<dateline>LONDON 1997-06-30</dateline>
<text>
<p>Tuesday's singles order of play</p>
<p>for fourth round matches on the show courts at the Wimbledon</p>
<p>tennis championships (prefix denotes seeding):</p>
<p>Centre Court (starts 1100GMT)</p>
<p>8-Aranxta Sanchez Vicario (Spain) v 9-Mary Pierce (France)</p>
<p>9-Marcelo Rios (Chile) v 8-Boris Becker (Germany)</p>
<p>14-Tim Henman (Britain) v 4-Richard Krajicek (Netherlands)</p>
<p>Court One (1100GMT)</p>
<p>Greg Rusedski (Britain) v Richey Reneberg (U.S.)</p>
<p>11-Mary Joe Fernandez v 3-Jana Novotna (Czech Republic)</p>
<p>1-Pete Sampras (U.S.) v 16-Petr Korda (Czech Republic)</p>
<p>Court Two (1000GMT)</p>
<p>12-Patrick Rafter (Australia) v Todd Woodbridge (Australia)</p>
<p>1-Martina Hingis (Switzerland) v Sabine Appelmans (Belgium)</p>
</text>
<copyright>(c) Reuters Limited 1997</copyright>
<metadata>
<codes class="bip:countries:1.0">
  <code code="UK">
    <editdetail attribution="Reuters BIP Coding Group" action="confirmed" date="1997-06-30"/>
  </code>
</codes>
<codes class="bip:topics:1.0">
  <code code="GCAT">
    <editdetail attribution="Reuters BIP Coding Group" action="confirmed" date="1997-06-30"/>
  </code>
  <code code="GSPO">
    <editdetail attribution="Reuters BIP Coding Group" action="confirmed" date="1997-06-30"/>
  </code>
</codes>
<dc element="dc.date.created" value="1997-06-30"/>
<dc element="dc.publisher" value="Reuters Holdings Plc"/>
<dc element="dc.date.published" value="1997-06-30"/>
<dc element="dc.source" value="Reuters"/>
<dc element="dc.creator.location" value="LONDON"/>
<dc element="dc.creator.location.country.name" value="UK"/>
<dc element="dc.source" value="Reuters"/>
</metadata>
</newsitem>
