<?xml version="1.0" encoding="iso-8859-1" ?>
<newsitem itemid="695542" id="root" date="1997-06-30" xml:lang="en">
<title>UK: Granada seeks hotel chief - paper.</title>
<headline>Granada seeks hotel chief - paper.</headline>
<dateline>LONDON 1996-07-01</dateline>
<text>
<p>Granada Group Plc appointed head-hunters to find a chief for its Forte hotels division as part of its hotel operations, the Financial Times said on Tuesday.</p>
<p>The paper said it was unclear whether the new recruit would replace Patrick Copeland, chief executive of Forte hotels, or would occupy a new position above Copeland.</p>
<p>It said Granada, which acquired Forte last year, would not comment. --London Newsroom +44 171 542 5106</p>
</text>
<copyright>(c) Reuters Limited 1997</copyright>
<metadata>
<codes class="bip:countries:1.0">
  <code code="UK">
    <editdetail attribution="Reuters BIP Coding Group" action="confirmed" date="1997-06-30"/>
  </code>
</codes>
<codes class="bip:industries:1.0">
  <code code="I9741102">
    <editdetail attribution="Reuters BIP Coding Group" action="confirmed" date="1997-06-30"/>
  </code>
</codes>
<codes class="bip:topics:1.0">
  <code code="C41">
    <editdetail attribution="Reuters BIP Coding Group" action="confirmed" date="1997-06-30"/>
  </code>
  <code code="C411">
    <editdetail attribution="Reuters BIP Coding Group" action="confirmed" date="1997-06-30"/>
  </code>
  <code code="CCAT">
    <editdetail attribution="Reuters BIP Coding Group" action="confirmed" date="1997-06-30"/>
  </code>
</codes>
<dc element="dc.date.created" value="1996-07-01"/>
<dc element="dc.publisher" value="Reuters Holdings Plc"/>
<dc element="dc.date.published" value="1997-06-30"/>
<dc element="dc.source" value="Reuters"/>
<dc element="dc.creator.location" value="LONDON"/>
<dc element="dc.creator.location.country.name" value="UK"/>
<dc element="dc.source" value="Reuters"/>
</metadata>
</newsitem>
