<?xml version="1.0" encoding="iso-8859-1" ?>
<newsitem itemid="695564" id="root" date="1997-06-30" xml:lang="en">
<title>UK: Crude tanker rates steady, Med slips on tonnage.</title>
<headline>Crude tanker rates steady, Med slips on tonnage.</headline>
<dateline>LONDON 1997-06-30</dateline>
<text>
<p>World crude tanker charter rates were broadly steady on Monday as the market got off to a slow start to the week. The cross Mediterranean sector, which had shown strength and activity last week was slowing and rates easier.</p>
<p>In the key Middle East Gulf sector traders said VLCCs were attracting similar rates to last week.</p>
<p>&quot;There has been no real change it is all ticking along with with east and west (discharges) seen,&quot; said one London shipbroker.</p>
<p>VLCCs heading to Japan were assessed at W68-70 while 250,000 tonners heading westwards were at W55-57.</p>
<p>In the Mediterranean position details for several tankers have become known and recent pressure has eased. Shipping brokers said the market now looked a touch softer with below W120 achievable for mid-month loading on 80,000 tonners. An oil major looking for an aframax within the first decade might have to pay last week's levels of W120-125.</p>
<p>Suezmaxes looking for cross Mediterranean business were pegged at W90 for good quality tonnage while older ships would have to accept W85, dealers said.</p>
<p>In the North Sea benchmark 80,000 tonners were hovering around W120 for typical trips, although above and below was fixed.</p>
<p>West African crude continued to be drawn to the U.S with million barrel vessels paying a steady W85 for mid-late month trips.</p>
<p>-- London Newsroom +44 171 542 8980</p>
</text>
<copyright>(c) Reuters Limited 1997</copyright>
<metadata>
<codes class="bip:countries:1.0">
  <code code="UK">
    <editdetail attribution="Reuters BIP Coding Group" action="confirmed" date="1997-06-30"/>
  </code>
</codes>
<codes class="bip:topics:1.0">
  <code code="M14">
    <editdetail attribution="Reuters BIP Coding Group" action="confirmed" date="1997-06-30"/>
  </code>
  <code code="MCAT">
    <editdetail attribution="Reuters BIP Coding Group" action="confirmed" date="1997-06-30"/>
  </code>
</codes>
<dc element="dc.date.created" value="1997-06-30"/>
<dc element="dc.publisher" value="Reuters Holdings Plc"/>
<dc element="dc.date.published" value="1997-06-30"/>
<dc element="dc.source" value="Reuters"/>
<dc element="dc.creator.location" value="LONDON"/>
<dc element="dc.creator.location.country.name" value="UK"/>
<dc element="dc.source" value="Reuters"/>
</metadata>
</newsitem>
