<?xml version="1.0" encoding="iso-8859-1" ?>
<newsitem itemid="695561" id="root" date="1997-06-30" xml:lang="en">
<title>UK: UK natural gas trades -- June 30.</title>
<headline>UK natural gas trades -- June 30.</headline>
<dateline>LONDON 1997-06-30</dateline>
<text>
<p>11.00 pence a therm (within day, NBP, 100,000 therms)</p>
<p>11.80 pence a therm (within day, entry assisted at several locations, 500,000 therms)</p>
<p>10.50 pence a therm (day ahead, NBP, 100,000 therms)</p>
<p>12.30 pence a therm (Q4 97, NBP, 25,000 th/d)</p>
<p>12.35 pence a therm (Q4 97, NBP, 50,000 th/d)</p>
<p>12.40 pence a therm (Q4 97, NBP, 25,000 th/d)</p>
<p>12.40 pence a therm (Q4 97, NBP, 50,000 th/d)</p>
<p>12.40 pence a therm (Q4 97, NBP, 75,000 th/d)</p>
<p>14.10 pence a therm (Q4 97/Q1 98, NBP, 25,000 th/d)</p>
<p>14.10 pence a therm (Q4 97/Q1 98, NBP, 25,000 th/d)</p>
<p>--London Newsroom, +44 171 542 6412</p>
</text>
<copyright>(c) Reuters Limited 1997</copyright>
<metadata>
<codes class="bip:countries:1.0">
  <code code="UK">
    <editdetail attribution="Reuters BIP Coding Group" action="confirmed" date="1997-06-30"/>
  </code>
</codes>
<codes class="bip:topics:1.0">
  <code code="M14">
    <editdetail attribution="Reuters BIP Coding Group" action="confirmed" date="1997-06-30"/>
  </code>
  <code code="M143">
    <editdetail attribution="Reuters BIP Coding Group" action="confirmed" date="1997-06-30"/>
  </code>
  <code code="MCAT">
    <editdetail attribution="Reuters BIP Coding Group" action="confirmed" date="1997-06-30"/>
  </code>
</codes>
<dc element="dc.date.created" value="1997-06-30"/>
<dc element="dc.publisher" value="Reuters Holdings Plc"/>
<dc element="dc.date.published" value="1997-06-30"/>
<dc element="dc.source" value="Reuters"/>
<dc element="dc.creator.location" value="LONDON"/>
<dc element="dc.creator.location.country.name" value="UK"/>
<dc element="dc.source" value="Reuters"/>
</metadata>
</newsitem>
