<?xml version="1.0" encoding="iso-8859-1" ?>
<newsitem itemid="695517" id="root" date="1997-06-30" xml:lang="en">
<title>LITHUANIA: LITHUANIA - CURRENCY FIXINGS FOR JUNE 30/JULY 1.</title>
<headline>LITHUANIA - CURRENCY FIXINGS FOR JUNE 30/JULY 1.</headline>
<dateline>VILNIUS 1997-06-30</dateline>
<text>
<p>The Bank of Lithuania set the</p>
<p>following currency fixings for Tuesday, July 1, on Monday. The</p>
<p>litas is pegged to the U.S. dollar at a rate of four to one.</p>
<p>		   01.07.97	  30.07.97</p>
<p>    USD	  4.0000	    4.0000</p>
<p>    GBP	  6.6504	    6.6620</p>
<p>    DEM	  2.3017	    2.3173</p>
<p>    ECU	  4.5120	    4.5482</p>
<p>    100JPY     3.5008	    3.5042</p>
<p>    SEK	  0.5188	    0.5203</p>
<p>    FIM	  0.7717	    0.7764</p>
<p>    EEK	  0.2875	    0.2897</p>
<p>    LAT	  7.0022	    7.0194</p>
<p>    1000RUR    0.6930	    0.6938</p>
<p>    PLN	  1.2223	    1.2255</p>
<p>-- Burton Frierson, Vilnius newsroom +370 2 22 35 17</p>
</text>
<copyright>(c) Reuters Limited 1997</copyright>
<metadata>
<codes class="bip:countries:1.0">
  <code code="LITH">
    <editdetail attribution="Reuters BIP Coding Group" action="confirmed" date="1997-06-30"/>
  </code>
</codes>
<codes class="bip:topics:1.0">
  <code code="M13">
    <editdetail attribution="Reuters BIP Coding Group" action="confirmed" date="1997-06-30"/>
  </code>
  <code code="M132">
    <editdetail attribution="Reuters BIP Coding Group" action="confirmed" date="1997-06-30"/>
  </code>
  <code code="MCAT">
    <editdetail attribution="Reuters BIP Coding Group" action="confirmed" date="1997-06-30"/>
  </code>
</codes>
<dc element="dc.date.created" value="1997-06-30"/>
<dc element="dc.publisher" value="Reuters Holdings Plc"/>
<dc element="dc.date.published" value="1997-06-30"/>
<dc element="dc.source" value="Reuters"/>
<dc element="dc.creator.location" value="VILNIUS"/>
<dc element="dc.creator.location.country.name" value="LITHUANIA"/>
<dc element="dc.source" value="Reuters"/>
</metadata>
</newsitem>
