<?xml version="1.0" encoding="iso-8859-1" ?>
<newsitem itemid="695512" id="root" date="1997-06-30" xml:lang="en">
<title>ESTONIA: ACTIVE OPTIONS TRADE FOCUSES ON LONG-TERM CALLS.</title>
<headline>ACTIVE OPTIONS TRADE FOCUSES ON LONG-TERM CALLS.</headline>
<dateline>TALLINN 1997-06-30</dateline>
<text>
<p>Hansapank stock options trading snapped out of a period of inactivity last week with a healthly volume of 40 million kroons as investors chased long-term calls, Hanspank said on Monday.</p>
<p>&quot;December and November calls in banking stocks were the most active during the short three-day week,&quot; Tonis Haavel, Hansapank's options trader, told Reuters.</p>
<p>&quot;There was almost no interest in short puts,&quot; he added.</p>
<p>Following the general trend, calls based on predictions of a rising bourse in autumn still dominated trade.</p>
<p>&quot;Investors are still expecting a repeat of last year's autumn rise,&quot; he added.</p>
<p>With almost no trade in puts, December Talse 270 calls were 35 kroons and September 270 calls were at 21.50 kroons.</p>
<p>December Hansapank 150 calls were at 22.8 kroons, while three-month September 145 calls were at 25 kroons.</p>
<p>Hoiupank's December 150 calls were at 24.9 kroons and three-month calls 150 were 14 kroons.</p>
<p>Norma's December 75 calls were 10.9 kroons and September 75 calls were 5.4 kroons.</p>
<p>The maturity date for options is the third Friday of each month.</p>
<p>Both Hansapank and Tallinna Pank actively trade stock options.</p>
<p>The Tallinn bourse said earlier on Monday that it planned to launch trade in stock options in 1998. --David Mardiste, Tallinn newsroom +372 620 9202 reuters@reuters.ee</p>
</text>
<copyright>(c) Reuters Limited 1997</copyright>
<metadata>
<codes class="bip:countries:1.0">
  <code code="ESTNIA">
    <editdetail attribution="Reuters BIP Coding Group" action="confirmed" date="1997-06-30"/>
  </code>
</codes>
<codes class="bip:topics:1.0">
  <code code="M11">
    <editdetail attribution="Reuters BIP Coding Group" action="confirmed" date="1997-06-30"/>
  </code>
  <code code="MCAT">
    <editdetail attribution="Reuters BIP Coding Group" action="confirmed" date="1997-06-30"/>
  </code>
</codes>
<dc element="dc.date.created" value="1997-06-30"/>
<dc element="dc.publisher" value="Reuters Holdings Plc"/>
<dc element="dc.date.published" value="1997-06-30"/>
<dc element="dc.source" value="Reuters"/>
<dc element="dc.creator.location" value="TALLINN"/>
<dc element="dc.creator.location.country.name" value="ESTONIA"/>
<dc element="dc.source" value="Reuters"/>
</metadata>
</newsitem>
