<?xml version="1.0" encoding="iso-8859-1" ?>
<newsitem itemid="695628" id="root" date="1997-06-30" xml:lang="en">
<title>ANGOLA: Angola's UNITA deserts U.N. camp in diamond area.</title>
<headline>Angola's UNITA deserts U.N. camp in diamond area.</headline>
<dateline>LUANDA 1997-06-30</dateline>
<text>
<p>Angolan former rebel UNITA troops, awaiting demobilisation at a U.N.-run camp in the northeast, have abandoned the site after clashes nearby between UNITA and the government, a U.N. official said on Monday.</p>
<p>&quot;There is no doubt that the Muchinda camp is empty. Apparently UNITA has abandoned the area,&quot; Carlo Scaramella of the U.N.'s humanitarian agency (UCAH) told Reuters.</p>
<p>The agency is one of the main groups overseeing the demobilisation of 100,000 UNITA and government troops in terms of a 1994 peace treaty between both sides to end two decades of civil war.</p>
<p>&quot;The U.N. is considering closing down the area as there is is no way we can carry out demobilisation because there is no one there,&quot; Scaramella added.</p>
<p>The Muchinda camp, located in the diamond-rich Lunda Norte province, is one of 14 assembly sites set up by the U.N. to disarm UNITA troops under the 1994 peace agreement.</p>
<p>Around 4,500 UNITA troops were disarmed at Muchinda since last year, but since clashes erupted a month ago the troops have slowly deserted the site.</p>
<p>Aid officials working in the camp told Reuters the troops had said they were leaving to protect their families against government advances.</p>
<p>The government's army launched an offensive against UNITA-held areas in the northeast in May to retake diamond territory captured by UNITA during the civil war.</p>
<p>Although both sides were joined in a unity government in April, UNITA refuses to let go of its 80 percent stake in the country's diamond wealth.</p>
</text>
<copyright>(c) Reuters Limited 1997</copyright>
<metadata>
<codes class="bip:countries:1.0">
  <code code="ANGOL">
    <editdetail attribution="Reuters BIP Coding Group" action="confirmed" date="1997-06-30"/>
  </code>
  <code code="UN">
    <editdetail attribution="Reuters BIP Coding Group" action="confirmed" date="1997-06-30"/>
  </code>
</codes>
<codes class="bip:topics:1.0">
  <code code="GCAT">
    <editdetail attribution="Reuters BIP Coding Group" action="confirmed" date="1997-06-30"/>
  </code>
  <code code="GVIO">
    <editdetail attribution="Reuters BIP Coding Group" action="confirmed" date="1997-06-30"/>
  </code>
</codes>
<dc element="dc.date.created" value="1997-06-30"/>
<dc element="dc.publisher" value="Reuters Holdings Plc"/>
<dc element="dc.date.published" value="1997-06-30"/>
<dc element="dc.source" value="Reuters"/>
<dc element="dc.creator.location" value="LUANDA"/>
<dc element="dc.creator.location.country.name" value="ANGOLA"/>
<dc element="dc.source" value="Reuters"/>
</metadata>
</newsitem>
