<?xml version="1.0" encoding="iso-8859-1" ?>
<newsitem itemid="695671" id="root" date="1997-06-30" xml:lang="en">
<title>ZAMBIA: PRESS DIGEST - Zambia - June 30.</title>
<headline>PRESS DIGEST - Zambia - June 30.</headline>
<dateline>LUSAKA 1997-06-30</dateline>
<text>
<p>These are the leading stories in the Zambian press on Monday.</p>
<p>Reuters has not verified these stories and does not vouch for their accuracy.</p>
<p>- - - -</p>
<p>TIMES OF ZAMBIA</p>
<p>- Planned talks between the government and opposition leaders to resolve differences arising from elections held last year, hang in the balance as the government says it will not be pushed by the opposition.</p>
<p>- Former president Kenneth Kaunda burns voters cards collected from supporters last year after his party resolved to boycott general elections.</p>
<p>- President Frederick Chiluba leaves for a one-day state visit to the Democratic Republic of Congo to attend that country's 37th independence anniversary.</p>
<p>- - - -</p>
<p>ZAMBIA DAILY MAIL</p>
<p>- A suspended high court judge threatens to sue president Frederick Chiluba within 30 days if he does not remove chief justice Mathew Ngulube from office.</p>
<p>-- Lusaka newsroom +2601 222 689</p>
</text>
<copyright>(c) Reuters Limited 1997</copyright>
<metadata>
<codes class="bip:countries:1.0">
  <code code="ZAMBIA">
    <editdetail attribution="Reuters BIP Coding Group" action="confirmed" date="1997-06-30"/>
  </code>
</codes>
<codes class="bip:topics:1.0">
  <code code="GCAT">
    <editdetail attribution="Reuters BIP Coding Group" action="confirmed" date="1997-06-30"/>
  </code>
</codes>
<dc element="dc.date.created" value="1997-06-30"/>
<dc element="dc.publisher" value="Reuters Holdings Plc"/>
<dc element="dc.date.published" value="1997-06-30"/>
<dc element="dc.source" value="Reuters"/>
<dc element="dc.creator.location" value="LUSAKA"/>
<dc element="dc.creator.location.country.name" value="ZAMBIA"/>
<dc element="dc.source" value="Reuters"/>
</metadata>
</newsitem>
