<?xml version="1.0" encoding="iso-8859-1" ?>
<newsitem itemid="695600" id="root" date="1997-06-30" xml:lang="en">
<title>CANADA: Petro-Canada revises light oil prices.</title>
<headline>Petro-Canada revises light oil prices.</headline>
<text>
<p>COMPANY	 EFF DATE	LT SWEET		LT SOUR</p>
<p>				CDLR/BBL CDLR/M3   CDLR/BBL   CDLR/M3</p>
<p>IMPERIAL OIL  06/27/97   26.07  164.00	24.48     154.00</p>
<p>SHELL CANADA  06/27/97   25.91  163.00	24.48     154.00</p>
<p>SUNCOR*	 06/23/97   25.91  163.00	24.48     154.00</p>
<p>PETRO-CANADA  06/27/97   25.91  163.00	24.48     154.00</p>
<p>KOCH OIL	06/27/97   26.07  164.73	24.33     153.00</p>
<p>Light sweet marker crude</p>
<p> at Edmonton/Swan Hills......40 API, 0.3 pct sulphur</p>
<p>Light sour at Cromer, Man....33 API, 1.1 pct sulphur</p>
<p>*Suncor light sour...........35 API, 1.2 pct sulphur</p>
</text>
<copyright>(c) Reuters Limited 1997</copyright>
<metadata>
<codes class="bip:countries:1.0">
  <code code="CANA">
    <editdetail attribution="Reuters BIP Coding Group" action="confirmed" date="1997-06-30"/>
  </code>
</codes>
<codes class="bip:topics:1.0">
  <code code="M14">
    <editdetail attribution="Reuters BIP Coding Group" action="confirmed" date="1997-06-30"/>
  </code>
  <code code="M143">
    <editdetail attribution="Reuters BIP Coding Group" action="confirmed" date="1997-06-30"/>
  </code>
  <code code="MCAT">
    <editdetail attribution="Reuters BIP Coding Group" action="confirmed" date="1997-06-30"/>
  </code>
</codes>
<dc element="dc.publisher" value="Reuters Holdings Plc"/>
<dc element="dc.date.published" value="1997-06-30"/>
<dc element="dc.source" value="Reuters"/>
<dc element="dc.creator.location.country.name" value="CANADA"/>
<dc element="dc.source" value="Reuters"/>
</metadata>
</newsitem>
