<?xml version="1.0" encoding="iso-8859-1" ?>
<newsitem itemid="695655" id="root" date="1997-06-30" xml:lang="en">
<title>SOUTH AFRICA: Brokerage error sees Rex Trueform skyrocket.</title>
<headline>Brokerage error sees Rex Trueform skyrocket.</headline>
<dateline>JOHANNESBURG 1997-06-30</dateline>
<text>
<p>A trading error by a brokerage firm saw shares in Rex Trueform skyrocket to 184.00 rand from 5.30 rand on Monday, lifting the clothing, footwear and textile index nearly 40 percent, dealers said.</p>
<p>Syfrets Securities managing director Richard Pyott confirmed his company had bought the shares at 184 rand, adding it was now investigating adjusting the transaction.</p>
<p>&quot;There is no comment at this stage. The deal is being adjusted,&quot; Pyott told Reuters.</p>
<p>Dealers said it appeared as if the brokerage had wanted to buy Investec Bank shares but ended up buying Rex Trueform stocks instead.</p>
<p>&quot;There was an error in coding. It seems they wanted to buy Investec but somehow they bought Rex Trueform,&quot; a dealer said.</p>
<p>Rex Trueform jumped to 184 -- the same price as Investec -- although only 100 shares were traded.</p>
<p>The clothing footwear and textiles index leapt to 1,319.1 from 959.0 points on Friday as a result.</p>
<p>Brokerage Consilium Capital, the sellers of the Rex Trueform shares, said a client saw the bid of 184 rand on his screen and asked if there was a buyer at that price. When Consilium confirmed that there was, the client instructed them to sell 1,000 shares at that price but they could only sell 100 shares.</p>
<p>Consilium said the client wanted the deal to stand. The brokerage emphasised that the bid price was left on the screen for some time.</p>
<p>-- Charles Phahlane, Johannesburg newsroom +27 11 482 1003</p>
</text>
<copyright>(c) Reuters Limited 1997</copyright>
<metadata>
<codes class="bip:countries:1.0">
  <code code="SAFR">
    <editdetail attribution="Reuters BIP Coding Group" action="confirmed" date="1997-06-30"/>
  </code>
</codes>
<codes class="bip:industries:1.0">
  <code code="I45300">
    <editdetail attribution="Reuters BIP Coding Group" action="confirmed" date="1997-06-30"/>
  </code>
</codes>
<codes class="bip:topics:1.0">
  <code code="C15">
    <editdetail attribution="Reuters BIP Coding Group" action="confirmed" date="1997-06-30"/>
  </code>
  <code code="C152">
    <editdetail attribution="Reuters BIP Coding Group" action="confirmed" date="1997-06-30"/>
  </code>
  <code code="CCAT">
    <editdetail attribution="Reuters BIP Coding Group" action="confirmed" date="1997-06-30"/>
  </code>
</codes>
<dc element="dc.date.created" value="1997-06-30"/>
<dc element="dc.publisher" value="Reuters Holdings Plc"/>
<dc element="dc.date.published" value="1997-06-30"/>
<dc element="dc.source" value="Reuters"/>
<dc element="dc.creator.location" value="JOHANNESBURG"/>
<dc element="dc.creator.location.country.name" value="SOUTH AFRICA"/>
<dc element="dc.source" value="Reuters"/>
</metadata>
</newsitem>
