<?xml version="1.0" encoding="iso-8859-1" ?>
<newsitem itemid="695644" id="root" date="1997-06-30" xml:lang="en">
<title>SOUTH AFRICA: SAfrica JSE says Rex Trueform trade stands.</title>
<headline>SAfrica JSE says Rex Trueform trade stands.</headline>
<dateline>JOHANNESBURG 1997-06-30</dateline>
<text>
<p>The Johannesburg Stock Exchange said on Monday that a trade in Rex Trueform Ltd shares at a huge premium would not be reversed, but it was reviewing its impact on the indices and ruling price.</p>
<p>Syfrets Securities earlier bought 100 Rex Trueform shares, which closed at 5.30 rand on Friday, at 184 rand.</p>
<p>&quot;We have spoken to the parties involved and we both agreed that we will not reverse the deal,&quot; Dannie Muton, JSE market support manager, told Reuters.</p>
<p>&quot;We now have to look at what we are going to do with the ruling price and its impact on the IX58 (clothing, footwear and textile index) and the all-share index.&quot;</p>
<p>He said the exchange did not want the share price move to distort the market and a decision would be taken later.</p>
<p>Muton noted that the JSE's electronic trading system had warning devices and if traders ignored them then they would have to bear the consequences.</p>
<p>&quot;The system warns them three times before putting through a transaction. If you ignore all the warnings...then you will have to pay for it,&quot; he said.</p>
<p>-- Charles Phahlane, Johannesburg newsroom +27 11 482 1003</p>
</text>
<copyright>(c) Reuters Limited 1997</copyright>
<metadata>
<codes class="bip:countries:1.0">
  <code code="SAFR">
    <editdetail attribution="Reuters BIP Coding Group" action="confirmed" date="1997-06-30"/>
  </code>
</codes>
<codes class="bip:industries:1.0">
  <code code="I45300">
    <editdetail attribution="Reuters BIP Coding Group" action="confirmed" date="1997-06-30"/>
  </code>
</codes>
<codes class="bip:topics:1.0">
  <code code="C13">
    <editdetail attribution="Reuters BIP Coding Group" action="confirmed" date="1997-06-30"/>
  </code>
  <code code="C15">
    <editdetail attribution="Reuters BIP Coding Group" action="confirmed" date="1997-06-30"/>
  </code>
  <code code="C152">
    <editdetail attribution="Reuters BIP Coding Group" action="confirmed" date="1997-06-30"/>
  </code>
  <code code="CCAT">
    <editdetail attribution="Reuters BIP Coding Group" action="confirmed" date="1997-06-30"/>
  </code>
</codes>
<dc element="dc.date.created" value="1997-06-30"/>
<dc element="dc.publisher" value="Reuters Holdings Plc"/>
<dc element="dc.date.published" value="1997-06-30"/>
<dc element="dc.source" value="Reuters"/>
<dc element="dc.creator.location" value="JOHANNESBURG"/>
<dc element="dc.creator.location.country.name" value="SOUTH AFRICA"/>
<dc element="dc.source" value="Reuters"/>
</metadata>
</newsitem>
