<?xml version="1.0" encoding="iso-8859-1" ?>
<newsitem itemid="695642" id="root" date="1997-06-30" xml:lang="en">
<title>ZAMBIA: Zambia bourse market capitalisation doubles in H1.</title>
<headline>Zambia bourse market capitalisation doubles in H1.</headline>
<byline>Jowie Mwiinga</byline>
<dateline>LUSAKA 1997-06-30</dateline>
<text>
<p>Zambia's three-year-old Lusaka Stock Exchange (LuSE) has doubled its market capitalisation in the first six months of this year, making it the fastest growing exchange in sub-Saharan Africa, an official said on Monday.</p>
<p>The LuSE index has risen to 219.67 on June 27 from 100 on January 2.</p>
<p>By June 20, when the index stood at 199.36, it had risen 93 percent in dollar terms, exchange general manager Charles Mate told Reuters.</p>
<p>Market capitalisation had increased to U.S.$456 million in June from U.S.$231 million in January.</p>
<p>Mate said he believed the market's growth had been propelled by the country's privatisation programme.</p>
<p>&quot;We believe the LuSE market to date is the best-performing sub-Saharan market and has significant room for growth and expansion, driven by Zambia's highly regarded and aggressive privatisation programme,&quot; he said.</p>
<p>Other exchanges on the continent had recorded markedly lower growth so far this year, Mate said.</p>
<p>&quot;As at May, the Zimbabwe exchange had grown by 17 percent, the Botswana exchange by 25 percent and the Kenyan exchange by 4.75 percent,&quot; he said.</p>
<p>The Namibian exchange had risen 15.1 percent, while the Nigerian exchange had increased by 16.5 percent.</p>
<p>Last week, traded volume on the Lusaka Stock Exchange increased twelve-fold, mainly as a result of heavy turnover in Chilanga Cement.</p>
<p>The exchange said total traded volumes surged to 6.3 million shares valued at 748.3 million kwacha, compared with 563,492 shares valued at 22.7 million kwacha in the previous week.</p>
<p>Chilanga Cement rose 22.5 kwacha to close at 130 kwacha, on traded volume of 5.5 million shares valued at 713.6 million kwacha.</p>
<p>Mate said the Lusaka market's growth had been boosted by its trading system, which he described as the most modern in sub-Saharan Africa in terms of clearing and settlement procedures and market regulation.</p>
<p>&quot;We believe our modern clearing facilities and procedures place us a step well ahead of other sub-Saharan markets,&quot; he said.</p>
<p>-- Lusaka newsroom, +26 01 222-689</p>
</text>
<copyright>(c) Reuters Limited 1997</copyright>
<metadata>
<codes class="bip:countries:1.0">
  <code code="ZAMBIA">
    <editdetail attribution="Reuters BIP Coding Group" action="confirmed" date="1997-06-30"/>
  </code>
</codes>
<codes class="bip:topics:1.0">
  <code code="M11">
    <editdetail attribution="Reuters BIP Coding Group" action="confirmed" date="1997-06-30"/>
  </code>
  <code code="MCAT">
    <editdetail attribution="Reuters BIP Coding Group" action="confirmed" date="1997-06-30"/>
  </code>
</codes>
<dc element="dc.date.created" value="1997-06-30"/>
<dc element="dc.publisher" value="Reuters Holdings Plc"/>
<dc element="dc.date.published" value="1997-06-30"/>
<dc element="dc.source" value="Reuters"/>
<dc element="dc.creator.location" value="LUSAKA"/>
<dc element="dc.creator.location.country.name" value="ZAMBIA"/>
<dc element="dc.source" value="Reuters"/>
</metadata>
</newsitem>
