<?xml version="1.0" encoding="iso-8859-1" ?>
<newsitem itemid="695627" id="root" date="1997-06-30" xml:lang="en">
<title>SOUTH AFRICA: S.African golds tumble, but industrials at peaks.</title>
<headline>S.African golds tumble, but industrials at peaks.</headline>
<dateline>JOHANNESBURG</dateline>
<text>
<p>Bullion's slide to its weakest level in over four years winded South African gold shares, tearing three percent off the index at the close and wounding marginal mines specialist Randgold.</p>
<p>But industrial stocks turned a blind eye to the gold board's woes surging to new peaks as share prices were inflated by Monday's quarter close-out for many unit trusts and heavy early morning futures arbitrage dealings.</p>
<p>Dealers and analysts said that in addition to bullion's fall to $334, gold shares were further pressured by bleak prospects for the South African industry's second quarter results which were expected to show a loss for the first time ever.</p>
<p>The all gold index fell 29.8 points to 965.0, its lowest level since March 1993. The industrial index finished at a fresh closing high of 8,790.5, a gain of 42.9 points and lifting the all-share index nine points to 7,420.0.</p>
<p>Views were mixed on market direction for Tuesday with some dealers worried about possible further weakness in the rand which touched five-month lows ahead of the easing of foreign exchange controls on private individuals on Tuesday.</p>
<p>But others were upbeat on the positive outlook for an interest rate cut.</p>
</text>
<copyright>(c) Reuters Limited 1997</copyright>
<metadata>
<codes class="bip:countries:1.0">
  <code code="SAFR">
    <editdetail attribution="Reuters BIP Coding Group" action="confirmed" date="1997-06-30"/>
  </code>
</codes>
<codes class="bip:topics:1.0">
  <code code="M14">
    <editdetail attribution="Reuters BIP Coding Group" action="confirmed" date="1997-06-30"/>
  </code>
  <code code="M142">
    <editdetail attribution="Reuters BIP Coding Group" action="confirmed" date="1997-06-30"/>
  </code>
  <code code="MCAT">
    <editdetail attribution="Reuters BIP Coding Group" action="confirmed" date="1997-06-30"/>
  </code>
</codes>
<dc element="dc.publisher" value="Reuters Holdings Plc"/>
<dc element="dc.date.published" value="1997-06-30"/>
<dc element="dc.source" value="Reuters"/>
<dc element="dc.creator.location" value="JOHANNESBURG"/>
<dc element="dc.creator.location.country.name" value="SOUTH AFRICA"/>
<dc element="dc.source" value="Reuters"/>
</metadata>
</newsitem>
