<?xml version="1.0" encoding="iso-8859-1" ?>
<newsitem itemid="695636" id="root" date="1997-06-30" xml:lang="en">
<title>SOUTH AFRICA: S.Africa rand/bonds closing report.</title>
<headline>S.Africa rand/bonds closing report.</headline>
<dateline>JOHANNESBURG 1997-06-30</dateline>
<text>
<p>The rand weakened 1.5 cents on Monday to its lowest level in five months as local importers and banks positioned themselves ahead of Tuesday's foreign exchange control relaxation.</p>
<p>At 1400 GMT, it was quoted at 4.5280/5310 against the dollar from 4.5145/5175 late on Friday after touching a day's weakest level of 4.5295 bid -- its lowest since February 5 when it touched 4.5330 bid.</p>
<p>&quot;Once again we've seen pressure on the rand ahead of tomorrow. Importers have been covering a bit...and we've seen a bit of buying from the local banks as well,&quot; a trader said.</p>
<p>On Tuesday, South African individuals will be allowed to invest 200,000 rand offshore or hold that amount in foreign exchange in a local bank account.</p>
<p>The markets had been nervous of the move, fearing a wholesale exodus of capital from the country, but their concerns have been soothed by the Reserve Bank's buildup of reserves and credit lines of some 38 billion rand which it has said it can access to smooth possible market volatility.</p>
<p>Dealers said the diminishing unease about the move was reflected in the rand.</p>
<p>&quot;If you look at the rand at 4.53 it is not bad at all. It has performed very well considering the exchange control move,&quot; a trader said.</p>
<p>On Tuesday, dealers said the rand was expected to weaken further although mainly on sentiment and not on any outflow of dollars.</p>
<p>&quot;It is going to be a normal day's trade tomorrow. The only thing that changes is that people can start applying to take money out which is not going to be aproved immediately so it doesn't have an immediate effect,&quot; a trader said.</p>
<p>&quot;The only effect is sentiment.&quot;</p>
<p>Dealers said that with the prospect of a weaker rand, exporters were content to hold on to their dollars for now.</p>
<p>&quot;We are still seeing demand for dollars and it is a foregone conclusion that the rand weakens.</p>
<p>&quot;It is not going to be dramatic and it's not necessarily going to be a rush so people are happier buying and covering on the import side and the exporters are waiting for better levels.&quot;</p>
<p>One trader said he expected a 4.5250 to 4.5350 range on Tuesday, while another said the rand could head towards 4.55 where offshore players were likely to sell dollars.  </p>
<p>The rand also dropped to a fresh low against sterling, hitting 7.5602 at one point -- its weakest since January 22, this year -- before recovering to 7.5379/5508 from 7.5008/5094 on Friday.</p>
<p>Against the mark it was last trading at 0.3838/3843 marks from 0.3843/3848 marks previously and at 25.1996/2494 yen from 25.3437/3798 yen before.</p>
<p>On the bond market, yields edged higher in what traders said was a market that appeared technically overbought.</p>
<p>The R150 was last yielding 14.36 percent from 14.30 percent from Friday.</p>
<p>Dealers said trade on the day had been characterised by good foreign and local institutional demand, but that after its recent downrun, the market appeared in need of a slight correction.</p>
<p>&quot;Technically it is looking a bit overbought and I would say we should be looking at 14.44 (percent) where we can flush out a few of the longs, let the guys take some profits and head down again,&quot; one trader said.</p>
<p>Dealers said concern about July 1, in the bond market was relatively muted and players were focussing their attention on the gold and foreign exchange reserves which are due out on Tuesday.</p>
<p>Economists expect reserves to show a three billion rand increase in June to 24.68 billion rand from 21.8 billion rand in May.</p>
<p>Money market rates held steady in early trade. Three-month NCDs were quoted at 15.85 percent offered, while the 90-day BA rate was at between 15.40 and 15.25 percent.</p>
<p>The Reserve Bank quoted the money market shortage at 5.376 billion rand on Saturday from 5.378 billion rand on Friday.</p>
<p>Bond Exchange figures showed foreigners were net sellers of 267.89 million rand's worth of South African bonds on Friday after buying 39.04 million rand's worth on Thursday.</p>
<p>Nominal cumulative volumes on the bond market on Friday were 9.48 billion rand from 44.75 billion rand on Thursday -- settlement day.</p>
<p>-- Paul Richardson, Johannesburg newsroom, +27 11 482-1003</p>
</text>
<copyright>(c) Reuters Limited 1997</copyright>
<metadata>
<codes class="bip:countries:1.0">
  <code code="SAFR">
    <editdetail attribution="Reuters BIP Coding Group" action="confirmed" date="1997-06-30"/>
  </code>
</codes>
<codes class="bip:topics:1.0">
  <code code="M12">
    <editdetail attribution="Reuters BIP Coding Group" action="confirmed" date="1997-06-30"/>
  </code>
  <code code="M13">
    <editdetail attribution="Reuters BIP Coding Group" action="confirmed" date="1997-06-30"/>
  </code>
  <code code="M132">
    <editdetail attribution="Reuters BIP Coding Group" action="confirmed" date="1997-06-30"/>
  </code>
  <code code="MCAT">
    <editdetail attribution="Reuters BIP Coding Group" action="confirmed" date="1997-06-30"/>
  </code>
</codes>
<dc element="dc.date.created" value="1997-06-30"/>
<dc element="dc.publisher" value="Reuters Holdings Plc"/>
<dc element="dc.date.published" value="1997-06-30"/>
<dc element="dc.source" value="Reuters"/>
<dc element="dc.creator.location" value="JOHANNESBURG"/>
<dc element="dc.creator.location.country.name" value="SOUTH AFRICA"/>
<dc element="dc.source" value="Reuters"/>
</metadata>
</newsitem>
