<?xml version="1.0" encoding="iso-8859-1" ?>
<newsitem itemid="724522" id="root" date="1997-08-11" xml:lang="en">
<title>HUNGARY: PICK SAYS H1 SALES, PROFIT EXCEED PLANS.</title>
<headline>PICK SAYS H1 SALES, PROFIT EXCEED PLANS.</headline>
<dateline>BUDAPEST 1997-08-11</dateline>
<text>
<p>Hungarian meat processor Pick Szeged Rt said on Monday that its sales and profit for the first half of 1997 were above plans.</p>
<p>&quot;The pre-tax profit increase from the basis period (the first half of 1996) was 32.1 percent or 289 million forints,&quot; Pick said in its earnings report.</p>
<p>Pick's consolidated pre-tax profit in the first half of 1997 was 1.19 billion forints compared with 901 million forints in the same period of 1996 and a plan of 1.12 billion forints.</p>
<p>Pick said domestic sales of processed products rose in volume terms due to an increased presence in the cooperatives retail chain, supermarket chains and own retail outlets.</p>
<p>Export sales also were above both the respective figures of 1996 and plans, Pick said.</p>
<p>&quot;Export sales grew above both the basis period and plans for the first half of this year due to prices, exchange rates, favourable product structure and a higher volume of dry products,&quot; Pick said.</p>
<p>It added that the sale of dry products was 113 tonnes higher than in the first half of 1996 and exports to Russia accounted for 60 tonnes of the increase.</p>
<p>Pick also said that the direct cost of sales, made up 70 percent of the purchase price of live hogs, was in line with plans but could rise further in the second half of 1997.</p>
<p>&quot;The drop in supply already shows its effects in the third quarter and we expect higher average (purchase) prices for the second half,&quot; it said.</p>
<p>-- Budapest newsroom +36 1 327 4040</p>
</text>
<copyright>(c) Reuters Limited 1997</copyright>
<metadata>
<codes class="bip:countries:1.0">
  <code code="HUNG">
    <editdetail attribution="Reuters BIP Coding Group" action="confirmed" date="1997-08-11"/>
  </code>
</codes>
<codes class="bip:industries:1.0">
  <code code="I41220">
    <editdetail attribution="Reuters BIP Coding Group" action="confirmed" date="1997-08-11"/>
  </code>
</codes>
<codes class="bip:topics:1.0">
  <code code="C15">
    <editdetail attribution="Reuters BIP Coding Group" action="confirmed" date="1997-08-11"/>
  </code>
  <code code="C151">
    <editdetail attribution="Reuters BIP Coding Group" action="confirmed" date="1997-08-11"/>
  </code>
  <code code="CCAT">
    <editdetail attribution="Reuters BIP Coding Group" action="confirmed" date="1997-08-11"/>
  </code>
</codes>
<dc element="dc.date.created" value="1997-08-11"/>
<dc element="dc.publisher" value="Reuters Holdings Plc"/>
<dc element="dc.date.published" value="1997-08-11"/>
<dc element="dc.source" value="Reuters"/>
<dc element="dc.creator.location" value="BUDAPEST"/>
<dc element="dc.creator.location.country.name" value="HUNGARY"/>
<dc element="dc.source" value="Reuters"/>
</metadata>
</newsitem>
