<?xml version="1.0" encoding="iso-8859-1" ?>
<newsitem itemid="724517" id="root" date="1997-08-11" xml:lang="en">
<title>JAPAN: Dollar's dive likely to be limited - Tokyo dealers.</title>
<headline>Dollar's dive likely to be limited - Tokyo dealers.</headline>
<byline>Yoko Nishikawa</byline>
<dateline>TOKYO 1997-08-11</dateline>
<text>
<p>Despite a nearly four-yen tumble on Friday, the dollar is unlikely to sink to the 110-yen level it approached in May because of the strong fundamentals in the United States, dealers said on Monday.</p>
<p>But they added that moves in U.S. asset markets would be the key to the dollar's trend, and that another heavy selloff in U.S. stocks and bonds could put further pressure on the greenback.</p>
<p>&quot;The latest drop in the dollar was basically due to position-adjustment sales after excessive longs were built up in recent trade... The situation is not the same as in May when the dollar experienced a freefall,&quot; said Katsunori Shiga, vice president at Chase Manhattan Bank in Tokyo.</p>
<p>He added that unlike the situation in May, when the dollar fell more than 15 yen within a month, there had been no significant attempt by Japanese monetary officials to halt the dollar's advance.</p>
<p>&quot;No significant change in fundamental factors was detected behind the dollar's fall against the yen,&quot; Shiga said.</p>
<p>The dollar stood at around 115.05/10 yen in late-afternoon trade on Monday due to purchases by Japanese investors and U.S. fund operators. The rebound came after it hit a low of 114.25 yen in New York on Friday. In May, the dollar had fallen below 112 yen.</p>
<p>Dealers said relative strength in the U.S. economy and the poor outlook for Japan economy will underpin the dollar.</p>
<p>&quot;I don't think the dollar will weaken to 110 yen soon. If you consider the current fundamentals (in Japan), you don't want to buy the yen aggressively either,&quot; said Toshiaki Enomoto, manager at Sanwa Bank.</p>
<p>But dealers said whether the dollar's fall would be short-lived or not would depend on moves in U.S. stocks and bonds.</p>
<p>&quot;The key point (for currency markets) will be how far U.S. asset markets, such as stocks and bonds, will face further corrective sales in the future,&quot; said Nobuya Shida, manager of trading division at the Long-Term Credit Bank of Japan.</p>
<p>He added that the dollar's latest dip was still a corrective phase of the dollar/yen rate, but if U.S. stock markets collapsed after the recent strong rally, it would be another story for the dollar.</p>
<p>Dealers said they were focusing on U.S. data due out this week, including a retail sales report for July on Wednesday, for clues to U.S. asset markets.</p>
<p>Nobuo Kihara, head of foreign-exchange marketing at Banque Paribas in Tokyo said the dollar's decline against the yen may be more limited than against the mark.</p>
<p>He cited possible buying back of the mark against the yen in cross trade, which would indirectly support the dollar against the yen.</p>
</text>
<copyright>(c) Reuters Limited 1997</copyright>
<metadata>
<codes class="bip:countries:1.0">
  <code code="JAP">
    <editdetail attribution="Reuters BIP Coding Group" action="confirmed" date="1997-08-11"/>
  </code>
</codes>
<codes class="bip:topics:1.0">
  <code code="M13">
    <editdetail attribution="Reuters BIP Coding Group" action="confirmed" date="1997-08-11"/>
  </code>
  <code code="M132">
    <editdetail attribution="Reuters BIP Coding Group" action="confirmed" date="1997-08-11"/>
  </code>
  <code code="MCAT">
    <editdetail attribution="Reuters BIP Coding Group" action="confirmed" date="1997-08-11"/>
  </code>
</codes>
<dc element="dc.date.created" value="1997-08-11"/>
<dc element="dc.publisher" value="Reuters Holdings Plc"/>
<dc element="dc.date.published" value="1997-08-11"/>
<dc element="dc.source" value="Reuters"/>
<dc element="dc.creator.location" value="TOKYO"/>
<dc element="dc.creator.location.country.name" value="JAPAN"/>
<dc element="dc.source" value="Reuters"/>
</metadata>
</newsitem>
