<?xml version="1.0" encoding="iso-8859-1" ?>
<newsitem itemid="790295" id="root" date="1997-08-11" xml:lang="en">
<title>USA: E-Z Serve ends deal to sell 37 stores.</title>
<headline>E-Z Serve ends deal to sell 37 stores.</headline>
<dateline>HOUSTON 1997-08-11</dateline>
<text>
<p>E-Z Serve Corp said Monday it has terminated its agreement to sell 37 locations in central Florida to Island Holdings Ltd.</p>
<p>The company said it continues to actively pursue other potential buyers. It did not disclose a reason for terminating the deal, and was not immediately available for comment.</p>
<p>E-Z Serve operates 665 convenience stores and seven franchises in 15 states.  </p>
<p>Chief Financial Officer John Miller told Reuters that the deal was terminated because of &quot;an inability to finalize negotiations&quot; with Island Holdings.</p>
<p>The company is continuing to seek a buyer for the stores, he said.</p>
<p>((-- New York Newsdesk 212-859-1610))</p>
</text>
<copyright>(c) Reuters Limited 1997</copyright>
<metadata>
<codes class="bip:countries:1.0">
  <code code="USA">
    <editdetail attribution="Reuters BIP Coding Group" action="confirmed" date="1997-08-11"/>
  </code>
</codes>
<codes class="bip:industries:1.0">
  <code code="I65600">
    <editdetail attribution="Reuters BIP Coding Group" action="confirmed" date="1997-08-11"/>
  </code>
</codes>
<codes class="bip:topics:1.0">
  <code code="C18">
    <editdetail attribution="Reuters BIP Coding Group" action="confirmed" date="1997-08-11"/>
  </code>
  <code code="C182">
    <editdetail attribution="Reuters BIP Coding Group" action="confirmed" date="1997-08-11"/>
  </code>
  <code code="CCAT">
    <editdetail attribution="Reuters BIP Coding Group" action="confirmed" date="1997-08-11"/>
  </code>
</codes>
<dc element="dc.date.created" value="1997-08-11"/>
<dc element="dc.publisher" value="Reuters Holdings Plc"/>
<dc element="dc.date.published" value="1997-08-11"/>
<dc element="dc.source" value="Reuters"/>
<dc element="dc.creator.location" value="HOUSTON"/>
<dc element="dc.creator.location.country.name" value="USA"/>
<dc element="dc.source" value="Reuters"/>
</metadata>
</newsitem>
