<?xml version="1.0" encoding="iso-8859-1" ?>
<newsitem itemid="790262" id="root" date="1997-08-11" xml:lang="en">
<title>USA: CBOT T-Notes prelim vol/open int for Aug 8.</title>
<headline>CBOT T-Notes prelim vol/open int for Aug 8.</headline>
<text>
<p>TREASURY	    EVE  PROJ A  DAY VOL   CASH  OPEN INT CHANGE</p>
<p>10-YR   SEP97   1,368  9,553   156,509  3,550   362,053  4,394-</p>
<p>	  DEC97	 1	2     3,456	     37,675  1,197+</p>
<p>	  MAR98			     65		1,383     40+</p>
<p>	  TOTAL   1,369  9,555   160,030  3,550   401,111  3,157-</p>
<p>5-YR    SEP97     378  2,240   109,058	    214,820  1,963+</p>
<p>	  DEC97	 1	     10,809	     13,781  1,548+</p>
<p>	  TOTAL     379  2,240   119,867	    228,601  3,511+</p>
<p>2-YR    SEP97	 8     11     2,698	     45,923    306+</p>
<p>	  DEC97		  1	   3		  559</p>
<p>	  TOTAL	 8     12     2,701	     46,482    306+</p>
<p>Note: All figures in contracts. (Chicago newsdesk 312 408 8720)</p>
</text>
<copyright>(c) Reuters Limited 1997</copyright>
<metadata>
<codes class="bip:countries:1.0">
  <code code="USA">
    <editdetail attribution="Reuters BIP Coding Group" action="confirmed" date="1997-08-11"/>
  </code>
</codes>
<codes class="bip:topics:1.0">
  <code code="M14">
    <editdetail attribution="Reuters BIP Coding Group" action="confirmed" date="1997-08-11"/>
  </code>
  <code code="M141">
    <editdetail attribution="Reuters BIP Coding Group" action="confirmed" date="1997-08-11"/>
  </code>
  <code code="MCAT">
    <editdetail attribution="Reuters BIP Coding Group" action="confirmed" date="1997-08-11"/>
  </code>
</codes>
<dc element="dc.publisher" value="Reuters Holdings Plc"/>
<dc element="dc.date.published" value="1997-08-11"/>
<dc element="dc.source" value="Reuters"/>
<dc element="dc.creator.location.country.name" value="USA"/>
<dc element="dc.source" value="Reuters"/>
</metadata>
</newsitem>
