<?xml version="1.0" encoding="iso-8859-1" ?>
<newsitem itemid="790245" id="root" date="1997-08-11" xml:lang="en">
<title>CANADA: PRESS DIGEST - Canada - Aug 11.</title>
<headline>PRESS DIGEST - Canada - Aug 11.</headline>
<text>
<p>TORONTO, Aug 11 Reuter) - The following are top headlines from selected  Canadian newspapers. Reuters has not verified these stories and does not vouch for their accuracy.</p>
<p>THE GLOBE AND MAIL:</p>
<p>-Ottawa skips reactor advice:  Warnings about environmental impact ignored in Candu sale to China, documents show</p>
<p>-Stiffer drug penalties urged:  Attorney-General of B.C. seeks change</p>
<p>-Arafat, Israeli officials meet:  U.S. envoy brings sides together</p>
<p>-Police predict showdown over inclusion in Bill 136: Proposed Ontario law rules out independendent arbitration</p>
<p>-Camp alumni relive old days:  Adults are returning to their childhood vacation spots, for work and play, to reclaim their memories and have some simple fun.</p>
<p>Report on Business Section:</p>
<p>-Crunch time looms for Eaton's:  As court date nears, the big question is how much new equity is in retailer's survival plan</p>
<p>-U.S. bold, Canada cautious on deficit strategy: Washington races ahead with tax cuts; Ottawa makes no promises for surplus</p>
<p>-CanWest, WICC to vie for Quebec's anglo TV viewers:  Major showdown expected over news broadcasts</p>
<p>-Fired-up steels won't be tempered, analysts say</p>
<p>THE FINANCIAL POST:</p>
<p>Bond selloff triggers rush out of equities:  Employment figures add to market gloom</p>
<p>-Quarterly profits continue upward march</p>
<p>-Mitel snaps up Gandalf assets in fire sale</p>
<p>((Reuters Toronto Bureau (416) 941-8100))</p>
</text>
<copyright>(c) Reuters Limited 1997</copyright>
<metadata>
<codes class="bip:countries:1.0">
  <code code="CANA">
    <editdetail attribution="Reuters BIP Coding Group" action="confirmed" date="1997-08-11"/>
  </code>
</codes>
<codes class="bip:topics:1.0">
  <code code="GCAT">
    <editdetail attribution="Reuters BIP Coding Group" action="confirmed" date="1997-08-11"/>
  </code>
</codes>
<dc element="dc.publisher" value="Reuters Holdings Plc"/>
<dc element="dc.date.published" value="1997-08-11"/>
<dc element="dc.source" value="Reuters"/>
<dc element="dc.creator.location.country.name" value="CANADA"/>
<dc element="dc.source" value="Reuters"/>
</metadata>
</newsitem>
