<?xml version="1.0" encoding="iso-8859-1" ?>
<newsitem itemid="790266" id="root" date="1997-08-11" xml:lang="en">
<title>USA: PRESS DIGEST - New York Times front page - Aug 11.</title>
<headline>PRESS DIGEST - New York Times front page - Aug 11.</headline>
<dateline>NEW YORK 1997-08-11</dateline>
<text>
<p>The New York Times reported the following stories on its front page Monday:</p>
<p>* President Clinton will exercise his line-item veto authority on Monday and kill some new items from the recently signed balanced-budget and tax-cut legislation.</p>
<p>* Inhabitants of Montserrat are worried that all of their island may soon be unfit for human habitation after a volcano there.</p>
<p>* President Clinton's special envoy to the Middle East ran into obstacles Sunday as he tried to restore ties between Israel and Palestine.</p>
<p>* The U.S. is increasing its dependence on oil exports.</p>
<p>* The criminals who are deported from the U.S. are finding it surprisingly easy to return.</p>
<p>((-New York Newsdesk 212-859-1610))</p>
</text>
<copyright>(c) Reuters Limited 1997</copyright>
<metadata>
<codes class="bip:countries:1.0">
  <code code="USA">
    <editdetail attribution="Reuters BIP Coding Group" action="confirmed" date="1997-08-11"/>
  </code>
</codes>
<codes class="bip:topics:1.0">
  <code code="GCAT">
    <editdetail attribution="Reuters BIP Coding Group" action="confirmed" date="1997-08-11"/>
  </code>
</codes>
<dc element="dc.date.created" value="1997-08-11"/>
<dc element="dc.publisher" value="Reuters Holdings Plc"/>
<dc element="dc.date.published" value="1997-08-11"/>
<dc element="dc.source" value="Reuters"/>
<dc element="dc.creator.location" value="NEW YORK"/>
<dc element="dc.creator.location.country.name" value="USA"/>
<dc element="dc.source" value="Reuters"/>
</metadata>
</newsitem>
