<?xml version="1.0" encoding="iso-8859-1" ?>
<newsitem itemid="790273" id="root" date="1997-08-11" xml:lang="en">
<title>USA: Judge denies plea to suspend U.S. weapons tests.</title>
<headline>Judge denies plea to suspend U.S. weapons tests.</headline>
<dateline>WASHINGTON 1997-08-11</dateline>
<text>
<p>A federal judge denied a request by anti-nuclear groups to halt the U.S. government's $40 billion program for maintaining and modernizing its nuclear arsenal, the groups said on Monday.</p>
<p>The groups had sought to block underground nuclear materials tests which the Energy Department resumed last month and other lab work which the government said is needed to keep weapons ready without violating an international ban on test explosions.</p>
<p>&quot;We regret that Judge (Stanley) Sporkin did not issue a preliminary injunction, which would have immediately suspended these activities pending resolution of the case,&quot; the groups, including Greenpeace, Natural Resources Defense Council, and Peace Action, said in a statement.</p>
<p>&quot;We shall continue to oppose the wasteful, provocative and environmentally dangerous Stockpile Steward and Management program in every possible venue,&quot; they said.</p>
<p>The lawsuit said the Energy Department failed to evaluate the environmental effects of its program to manage radioactive wastes from the tests, and failed to look at alternatives to its costly plan for maintaining its weapons.</p>
<p>In response to the request to suspend the program, U.S. District Judge Stanley Sporkin ordered the Energy Department to disclose more information about its plutonium pit remanufacturing plans, its National Ignition Facility and alternatives to the stockpile management program.</p>
<p>The case now goes to a full hearing of the issues.</p>
<p>The Energy Department said it was pleased with the decision, which will allow it to &quot;proceed as planned&quot; with its weapons maintenance program.</p>
<p>&quot;As we had agreed during oral arguments, the department will provide additional environmental information and we look forward to doing so,&quot; an Energy Department spokeswoman said.</p>
</text>
<copyright>(c) Reuters Limited 1997</copyright>
<metadata>
<codes class="bip:countries:1.0">
  <code code="USA">
    <editdetail attribution="Reuters BIP Coding Group" action="confirmed" date="1997-08-11"/>
  </code>
</codes>
<codes class="bip:topics:1.0">
  <code code="GCAT">
    <editdetail attribution="Reuters BIP Coding Group" action="confirmed" date="1997-08-11"/>
  </code>
  <code code="GCRIM">
    <editdetail attribution="Reuters BIP Coding Group" action="confirmed" date="1997-08-11"/>
  </code>
  <code code="GDEF">
    <editdetail attribution="Reuters BIP Coding Group" action="confirmed" date="1997-08-11"/>
  </code>
</codes>
<dc element="dc.date.created" value="1997-08-11"/>
<dc element="dc.publisher" value="Reuters Holdings Plc"/>
<dc element="dc.date.published" value="1997-08-11"/>
<dc element="dc.source" value="Reuters"/>
<dc element="dc.creator.location" value="WASHINGTON"/>
<dc element="dc.creator.location.country.name" value="USA"/>
<dc element="dc.source" value="Reuters"/>
</metadata>
</newsitem>
