<?xml version="1.0" encoding="iso-8859-1" ?>
<newsitem itemid="790299" id="root" date="1997-08-11" xml:lang="en">
<title>USA: Oryx Energy files $500 mln shelf offering.</title>
<headline>Oryx Energy files $500 mln shelf offering.</headline>
<dateline>WASHINGTON 1997-08-11</dateline>
<text>
<p>Oryx Energy Co filed Monday with the U.S. Securities and Exchange Commission to register a shelf offering of up to $500 million in debt securities, preferred stock and common shares.</p>
<p>The oil and gas exploration company said proceeds from the sale will be used for general corporate purposes, which may include repaying outstanding debt and capital expenditures.</p>
<p>No underwriters were named in the shelf offering.</p>
</text>
<copyright>(c) Reuters Limited 1997</copyright>
<metadata>
<codes class="bip:countries:1.0">
  <code code="USA">
    <editdetail attribution="Reuters BIP Coding Group" action="confirmed" date="1997-08-11"/>
  </code>
</codes>
<codes class="bip:industries:1.0">
  <code code="I13000">
    <editdetail attribution="Reuters BIP Coding Group" action="confirmed" date="1997-08-11"/>
  </code>
  <code code="I1300003">
    <editdetail attribution="Reuters BIP Coding Group" action="confirmed" date="1997-08-11"/>
  </code>
</codes>
<codes class="bip:topics:1.0">
  <code code="C17">
    <editdetail attribution="Reuters BIP Coding Group" action="confirmed" date="1997-08-11"/>
  </code>
  <code code="C172">
    <editdetail attribution="Reuters BIP Coding Group" action="confirmed" date="1997-08-11"/>
  </code>
  <code code="CCAT">
    <editdetail attribution="Reuters BIP Coding Group" action="confirmed" date="1997-08-11"/>
  </code>
</codes>
<dc element="dc.date.created" value="1997-08-11"/>
<dc element="dc.publisher" value="Reuters Holdings Plc"/>
<dc element="dc.date.published" value="1997-08-11"/>
<dc element="dc.source" value="Reuters"/>
<dc element="dc.creator.location" value="WASHINGTON"/>
<dc element="dc.creator.location.country.name" value="USA"/>
<dc element="dc.source" value="Reuters"/>
</metadata>
</newsitem>
