<?xml version="1.0" encoding="iso-8859-1" ?>
<newsitem itemid="790250" id="root" date="1997-08-11" xml:lang="en">
<title>USA: Fedders unit to issue $100mln in sr notes.</title>
<headline>Fedders unit to issue $100mln in sr notes.</headline>
<dateline>LIBERTY CORNER, N.J. 1997-08-11</dateline>
<text>
<p>Fedders Corp said Monday its wholly owned subsidiary Fedders North America Inc agreed to issue $100 million principal amount of 9.375 percent senior subordinated notes due 2007.</p>
<p>The air conditioner maker said it will use the offering's proceeds to redeem Fedders Corp's 8.5 percent convertible subordinated debentures due 2012 in the aggregate amount of about $22 million; to fund its $50 million stock repurchase program; and for general corporate purposes.</p>
<p>Fedders, which guarantees the new notes on a senior subordinated basis, expected to close the deal August 18.</p>
</text>
<copyright>(c) Reuters Limited 1997</copyright>
<metadata>
<codes class="bip:countries:1.0">
  <code code="USA">
    <editdetail attribution="Reuters BIP Coding Group" action="confirmed" date="1997-08-11"/>
  </code>
</codes>
<codes class="bip:industries:1.0">
  <code code="I32840">
    <editdetail attribution="Reuters BIP Coding Group" action="confirmed" date="1997-08-11"/>
  </code>
</codes>
<codes class="bip:topics:1.0">
  <code code="C17">
    <editdetail attribution="Reuters BIP Coding Group" action="confirmed" date="1997-08-11"/>
  </code>
  <code code="C172">
    <editdetail attribution="Reuters BIP Coding Group" action="confirmed" date="1997-08-11"/>
  </code>
  <code code="CCAT">
    <editdetail attribution="Reuters BIP Coding Group" action="confirmed" date="1997-08-11"/>
  </code>
</codes>
<dc element="dc.date.created" value="1997-08-11"/>
<dc element="dc.publisher" value="Reuters Holdings Plc"/>
<dc element="dc.date.published" value="1997-08-11"/>
<dc element="dc.source" value="Reuters"/>
<dc element="dc.creator.location" value="LIBERTY CORNER, N.J."/>
<dc element="dc.creator.location.country.name" value="USA"/>
<dc element="dc.source" value="Reuters"/>
</metadata>
</newsitem>
