<?xml version="1.0" encoding="iso-8859-1" ?>
<newsitem itemid="790289" id="root" date="1997-08-11" xml:lang="en">
<title>USA: TABLE - LCC International Inc Q2 net rises.</title>
<headline>TABLE - LCC International Inc Q2 net rises.</headline>
<dateline>MCLEAN, Va. 1997-08-11</dateline>
<text>
<p>(In thousands, except per share data)</p>
<p>				 Three months ended  Six months ended</p>
<p>						June 30,     June 30,</p>
<p>					1997    1996     1997	1996</p>
<p>REVENUES:</p>
<p>  Service revenues	   $23,812 $21,825   $44,036  $39,281</p>
<p>  Product revenues	    13,488  11,452    27,634   21,083</p>
<p>				    37,300  33,277    71,670   60,364</p>
<p>COST OF REVENUES:</p>
<p>  Service revenues	    17,067  14,752    31,847   26,103</p>
<p>  Product revenues	     9,052   6,648    18,885   13,423</p>
<p>				    26,119  21,400    50,732   39,526</p>
<p> GROSS PROFIT		   11,181  11,877    20,938   20,838</p>
<p>OPERATING EXPENSES:</p>
<p>  Sales and marketing	  1,707   1,609     3,656    3,041</p>
<p>General and administrative</p>
<p>				     3,954   3,163     7,480    5,818</p>
<p>  Research and development     936     809     2,229    1,443</p>
<p>  Non-cash compensation	  332   3,133	 490    3,599</p>
<p>Depreciation and amortization</p>
<p>				     1,643   1,309     3,363    2,522</p>
<p>				     8,572  10,023    17,218   16,423</p>
<p> OPERATING INCOME		2,609   1,854     3,720    4,415</p>
<p>OTHER INCOME (EXPENSE):</p>
<p>  Interest income		  113     197	 253	332</p>
<p>  Interest expense	     (924)   (954)   (1,800)  (1,627)</p>
<p>  Other				208     506	 603    1,670</p>
<p>				     (603)   (251)     (944)	375</p>
<p> INCOME BEFORE INCOME TAXES  2,006   1,603     2,776    4,790</p>
<p> PROVISION FOR INCOME TAXES    877   1,061     1,257    1,769</p>
<p> NET INCOME			1,129     542     1,519    3,021</p>
<p> NET INCOME PER SHARE	   0.09     N/A	0.14	N/A</p>
<p>PRO FORMA INCOME DATA:</p>
<p>Income before income taxes</p>
<p>						 1,603		  4,790</p>
<p>Pro forma provision</p>
<p>   for income taxes			  641		  1,916</p>
<p>	 Pro forma net income		962		  2,874</p>
<p>Pro forma net income per share:</p>
<p>						  0.07		   0.21</p>
<p>NORMALIZED PRO FORMA INCOME DATA (A):</p>
<p>Income before income taxes</p>
<p>				     2,006   1,603     2,776    4,790</p>
<p>  Non-cash compensation	  332   3,133	 490    3,599</p>
<p>  C-Block earnings		  --  (1,958)	 --  (1,958)</p>
<p>	 Normalized income before</p>
<p>	 income taxes	    2,338   2,778     3,266    6,431</p>
<p>Pro forma provision</p>
<p>    for income taxes	   1,010   1,111     1,453    2,572</p>
<p>	 Normalized pro forma</p>
<p>	  net income	     1,328   1,667     1,813    3,859</p>
<p>NORMALIZED PRO FORMA NET</p>
<p>  INCOME PER SHARE:	     0.10    0.12	0.15     0.27</p>
<p>Common and common equivalent</p>
<p>shares used in the calculation</p>
<p>    of per share DATA:	18,710  15,579    18,700   15,579</p>
<p>NOTE - (A): Normalized to exclude effect of non-cash compensation charges recognized in association with LCC's initial public offering and 1996 earnings from Pocket and NextWave engagements.</p>
<p>((-- New York Newsdesk 212-859-1610))</p>
</text>
<copyright>(c) Reuters Limited 1997</copyright>
<metadata>
<codes class="bip:countries:1.0">
  <code code="USA">
    <editdetail attribution="Reuters BIP Coding Group" action="confirmed" date="1997-08-11"/>
  </code>
</codes>
<codes class="bip:industries:1.0">
  <code code="I34400">
    <editdetail attribution="Reuters BIP Coding Group" action="confirmed" date="1997-08-11"/>
  </code>
</codes>
<codes class="bip:topics:1.0">
  <code code="C15">
    <editdetail attribution="Reuters BIP Coding Group" action="confirmed" date="1997-08-11"/>
  </code>
  <code code="C151">
    <editdetail attribution="Reuters BIP Coding Group" action="confirmed" date="1997-08-11"/>
  </code>
  <code code="CCAT">
    <editdetail attribution="Reuters BIP Coding Group" action="confirmed" date="1997-08-11"/>
  </code>
</codes>
<dc element="dc.date.created" value="1997-08-11"/>
<dc element="dc.publisher" value="Reuters Holdings Plc"/>
<dc element="dc.date.published" value="1997-08-11"/>
<dc element="dc.source" value="Reuters"/>
<dc element="dc.creator.location" value="MCLEAN, Va."/>
<dc element="dc.creator.location.country.name" value="USA"/>
<dc element="dc.source" value="Reuters"/>
</metadata>
</newsitem>
