<?xml version="1.0" encoding="iso-8859-1" ?>
<newsitem itemid="790282" id="root" date="1997-08-11" xml:lang="en">
<title>USA: TABLE - Nuclear Metals Inc Q3 shr rises.</title>
<headline>TABLE - Nuclear Metals Inc Q3 shr rises.</headline>
<dateline>CONCORD, Mass. 1997-08-11</dateline>
<text>
<p>THIRD QUARTER ENDED  NINE MONTHS ENDED</p>
<p>			 Jun 30,    Jun 30,     Jun 30,     Jun 30,</p>
<p>			    1997	1996	  1997	  1996</p>
<p> Sales	    $7,013,000 $6,434,000 $19,627,000 $23,126,000</p>
<p>Net Income (Loss)</p>
<p>			 293,000    249,000     911,000     596,000</p>
<p> Earnings Per Share   0.06	 0.05	  0.18	  0.12</p>
<p>Net Average</p>
<p>Number of Shares</p>
<p>		     4,973,625  4,822,807   4,938,127   4,792,713</p>
<p> Backlog		   ---	  ---  30,853,000  21,596,000</p>
<p>((-- New York Newsdesk 212-859-1610))</p>
</text>
<copyright>(c) Reuters Limited 1997</copyright>
<metadata>
<codes class="bip:countries:1.0">
  <code code="USA">
    <editdetail attribution="Reuters BIP Coding Group" action="confirmed" date="1997-08-11"/>
  </code>
</codes>
<codes class="bip:industries:1.0">
  <code code="I32000">
    <editdetail attribution="Reuters BIP Coding Group" action="confirmed" date="1997-08-11"/>
  </code>
</codes>
<codes class="bip:topics:1.0">
  <code code="C15">
    <editdetail attribution="Reuters BIP Coding Group" action="confirmed" date="1997-08-11"/>
  </code>
  <code code="C151">
    <editdetail attribution="Reuters BIP Coding Group" action="confirmed" date="1997-08-11"/>
  </code>
  <code code="CCAT">
    <editdetail attribution="Reuters BIP Coding Group" action="confirmed" date="1997-08-11"/>
  </code>
</codes>
<dc element="dc.date.created" value="1997-08-11"/>
<dc element="dc.publisher" value="Reuters Holdings Plc"/>
<dc element="dc.date.published" value="1997-08-11"/>
<dc element="dc.source" value="Reuters"/>
<dc element="dc.creator.location" value="CONCORD, Mass."/>
<dc element="dc.creator.location.country.name" value="USA"/>
<dc element="dc.source" value="Reuters"/>
</metadata>
</newsitem>
