<?xml version="1.0" encoding="iso-8859-1" ?>
<newsitem itemid="790271" id="root" date="1997-08-11" xml:lang="en">
<title>USA: TABLE - Envirodyne Q2 shr loss widens.</title>
<headline>TABLE - Envirodyne Q2 shr loss widens.</headline>
<dateline>OAK HILL, Ill. 1997-08-11</dateline>
<text>
<p>1997			1996</p>
<p> Shr loss		   $0.31     loss	 $0.29</p>
<p> Net loss		   4,500     loss	 4,200</p>
<p> Revs		     156,500		  165,700</p>
<p>	  6  MONTHS</p>
<p> Shr loss		   $0.48     loss	 $0.72</p>
<p> Net loss		   7,100     loss	10,100</p>
<p> Revs		     311,100		  325,500</p>
<p>(All data above 000s except per share numbers)</p>
<p>NOTE - Full company name is Envirodyne Industries Inc</p>
<p>((-- New York Newsdesk 212-859-1610))</p>
</text>
<copyright>(c) Reuters Limited 1997</copyright>
<metadata>
<codes class="bip:countries:1.0">
  <code code="USA">
    <editdetail attribution="Reuters BIP Coding Group" action="confirmed" date="1997-08-11"/>
  </code>
</codes>
<codes class="bip:industries:1.0">
  <code code="I25140">
    <editdetail attribution="Reuters BIP Coding Group" action="confirmed" date="1997-08-11"/>
  </code>
</codes>
<codes class="bip:topics:1.0">
  <code code="C15">
    <editdetail attribution="Reuters BIP Coding Group" action="confirmed" date="1997-08-11"/>
  </code>
  <code code="C151">
    <editdetail attribution="Reuters BIP Coding Group" action="confirmed" date="1997-08-11"/>
  </code>
  <code code="CCAT">
    <editdetail attribution="Reuters BIP Coding Group" action="confirmed" date="1997-08-11"/>
  </code>
</codes>
<dc element="dc.date.created" value="1997-08-11"/>
<dc element="dc.publisher" value="Reuters Holdings Plc"/>
<dc element="dc.date.published" value="1997-08-11"/>
<dc element="dc.source" value="Reuters"/>
<dc element="dc.creator.location" value="OAK HILL, Ill."/>
<dc element="dc.creator.location.country.name" value="USA"/>
<dc element="dc.source" value="Reuters"/>
</metadata>
</newsitem>
