<?xml version="1.0" encoding="iso-8859-1" ?>
<newsitem itemid="790267" id="root" date="1997-08-11" xml:lang="en">
<title>USA: NeXstar, Liposome settle suit.</title>
<headline>NeXstar, Liposome settle suit.</headline>
<dateline>BOULDER, Colo. 1997-08-11</dateline>
<text>
<p>NeXstar Pharmaceuticals Inc and Liposome Co Inc said Monday they had reached a settlement related to all of their outstanding patent litigation.</p>
<p>Under the terms of the settlement, all current U.S. and international litigation proceedings between Liposome and NeXstar will be dismissed, and Liposome has granted NeXstar immunity from suit in connection with the worldwide production and sales of AmBisome, NeXstar liposomal formulation of amphotericin B.</p>
<p>In addition, the companies said they have granted each other options to take licenses under other patented technology.</p>
<p>As part of the settlement, NeXstar has agrees to make certain payments to Liposome; the amounts of those payments were not disclosed.</p>
<p>Other terms of the settlement were not disclosed by the companies.</p>
<p>Fujisawa USA Inc, which licenses the U.S. and Canadian marketing and distribution rights to AmBisome, is also a party to the settlement.</p>
<p>((-- New York Newsdesk 212-859-1610))</p>
</text>
<copyright>(c) Reuters Limited 1997</copyright>
<metadata>
<codes class="bip:countries:1.0">
  <code code="USA">
    <editdetail attribution="Reuters BIP Coding Group" action="confirmed" date="1997-08-11"/>
  </code>
</codes>
<codes class="bip:industries:1.0">
  <code code="I25700">
    <editdetail attribution="Reuters BIP Coding Group" action="confirmed" date="1997-08-11"/>
  </code>
</codes>
<codes class="bip:topics:1.0">
  <code code="C12">
    <editdetail attribution="Reuters BIP Coding Group" action="confirmed" date="1997-08-11"/>
  </code>
  <code code="CCAT">
    <editdetail attribution="Reuters BIP Coding Group" action="confirmed" date="1997-08-11"/>
  </code>
  <code code="GCAT">
    <editdetail attribution="Reuters BIP Coding Group" action="confirmed" date="1997-08-11"/>
  </code>
  <code code="GCRIM">
    <editdetail attribution="Reuters BIP Coding Group" action="confirmed" date="1997-08-11"/>
  </code>
</codes>
<dc element="dc.date.created" value="1997-08-11"/>
<dc element="dc.publisher" value="Reuters Holdings Plc"/>
<dc element="dc.date.published" value="1997-08-11"/>
<dc element="dc.source" value="Reuters"/>
<dc element="dc.creator.location" value="BOULDER, Colo."/>
<dc element="dc.creator.location.country.name" value="USA"/>
<dc element="dc.source" value="Reuters"/>
</metadata>
</newsitem>
