<?xml version="1.0" encoding="iso-8859-1" ?>
<newsitem itemid="790366" id="root" date="1997-08-11" xml:lang="en">
<title>USA: Detroit Diesel extends Outboard Marine offer.</title>
<headline>Detroit Diesel extends Outboard Marine offer.</headline>
<dateline>DETROIT 1997-08-11</dateline>
<text>
<p>Detroit Diesel Corp said Monday it has extended its tender offer for Outboard Marine Corp until August 25 at Outboard Marine's request.</p>
<p>Last week, a Greenway Partners affiliate said it was starting an $18 a share tender offer, $2 a share higher than Detroit Diesel's offer for Outboard Marine.  </p>
<p>The Detroit Diesel tender offer was originally scheduled to expire Monday.</p>
<p>About 1.9 million shares of Outboard Marine common stock had been validly tendered and not withdrawn as of the close of business Friday, Detroit Diesel said.</p>
<p>Outboard Marine shares were up 3/16 at 17-15/16 Monday and Detroit Diesel shares were down 4/16 at 25-1/16.</p>
<p>((--Chicago newsdesk, 312-408-8787))</p>
</text>
<copyright>(c) Reuters Limited 1997</copyright>
<metadata>
<codes class="bip:countries:1.0">
  <code code="USA">
    <editdetail attribution="Reuters BIP Coding Group" action="confirmed" date="1997-08-11"/>
  </code>
</codes>
<codes class="bip:industries:1.0">
  <code code="I32000">
    <editdetail attribution="Reuters BIP Coding Group" action="confirmed" date="1997-08-11"/>
  </code>
  <code code="I36102">
    <editdetail attribution="Reuters BIP Coding Group" action="confirmed" date="1997-08-11"/>
  </code>
</codes>
<codes class="bip:topics:1.0">
  <code code="C18">
    <editdetail attribution="Reuters BIP Coding Group" action="confirmed" date="1997-08-11"/>
  </code>
  <code code="C181">
    <editdetail attribution="Reuters BIP Coding Group" action="confirmed" date="1997-08-11"/>
  </code>
  <code code="CCAT">
    <editdetail attribution="Reuters BIP Coding Group" action="confirmed" date="1997-08-11"/>
  </code>
</codes>
<dc element="dc.date.created" value="1997-08-11"/>
<dc element="dc.publisher" value="Reuters Holdings Plc"/>
<dc element="dc.date.published" value="1997-08-11"/>
<dc element="dc.source" value="Reuters"/>
<dc element="dc.creator.location" value="DETROIT"/>
<dc element="dc.creator.location.country.name" value="USA"/>
<dc element="dc.source" value="Reuters"/>
</metadata>
</newsitem>
