<?xml version="1.0" encoding="iso-8859-1" ?>
<newsitem itemid="790329" id="root" date="1997-08-11" xml:lang="en">
<title>USA: TABLE - Brandywine Realty net profit vs loss.</title>
<headline>TABLE - Brandywine Realty net profit vs loss.</headline>
<dateline>NEWTOWN SQUARE, Pa. 1997-08-11</dateline>
<text>
<p>1997			1996</p>
<p> Shr profit		 $0.17     loss	 $0.01</p>
<p> Net profit		 1,700     loss	     9</p>
<p>FFO per share profit</p>
<p>				 0.44   profit	  0.32</p>
<p> FFO profit		 5,000   profit	   200</p>
<p> Revs			12,100		    1,000</p>
<p> Avg shrs		   9,830			636</p>
<p>	   6 MONTHS</p>
<p> Shr profit		 $0.36			nil</p>
<p> Net profit		 3,708   profit	     1</p>
<p>FFO per share profit</p>
<p>				 0.88   profit	  0.71</p>
<p> FFO profit		 9,298   profit	   450</p>
<p> Revs			20,718		    2,027</p>
<p> Avg shrs		   8,809			630</p>
<p>(All data above millions, except per share numbers)</p>
<p>NOTE:  Full name of company is Brandywine Realty Trust.</p>
</text>
<copyright>(c) Reuters Limited 1997</copyright>
<metadata>
<codes class="bip:countries:1.0">
  <code code="USA">
    <editdetail attribution="Reuters BIP Coding Group" action="confirmed" date="1997-08-11"/>
  </code>
</codes>
<codes class="bip:industries:1.0">
  <code code="I81502">
    <editdetail attribution="Reuters BIP Coding Group" action="confirmed" date="1997-08-11"/>
  </code>
  <code code="I8150206">
    <editdetail attribution="Reuters BIP Coding Group" action="confirmed" date="1997-08-11"/>
  </code>
</codes>
<codes class="bip:topics:1.0">
  <code code="C15">
    <editdetail attribution="Reuters BIP Coding Group" action="confirmed" date="1997-08-11"/>
  </code>
  <code code="C151">
    <editdetail attribution="Reuters BIP Coding Group" action="confirmed" date="1997-08-11"/>
  </code>
  <code code="CCAT">
    <editdetail attribution="Reuters BIP Coding Group" action="confirmed" date="1997-08-11"/>
  </code>
</codes>
<dc element="dc.date.created" value="1997-08-11"/>
<dc element="dc.publisher" value="Reuters Holdings Plc"/>
<dc element="dc.date.published" value="1997-08-11"/>
<dc element="dc.source" value="Reuters"/>
<dc element="dc.creator.location" value="NEWTOWN SQUARE, Pa."/>
<dc element="dc.creator.location.country.name" value="USA"/>
<dc element="dc.source" value="Reuters"/>
</metadata>
</newsitem>
