<?xml version="1.0" encoding="iso-8859-1" ?>
<newsitem itemid="790322" id="root" date="1997-08-11" xml:lang="en">
<title>USA: TABLE-American Insured Q2 units falls.</title>
<headline>TABLE-American Insured Q2 units falls.</headline>
<dateline>ROCKVILLE, Md. 1997-08-11</dateline>
<text>
<p>1997			1996</p>
<p> Unit			 $0.29		    $0.35</p>
<p> Net			  3,675		    4,417</p>
<p> Revs			 4,318		    4,529</p>
<p> Avg units		 12,080		   12,080</p>
<p>	  6  MONTHS</p>
<p> Unit			 $0.60		    $0.66</p>
<p> Net			  7,522		    8.345</p>
<p> Revs			 8,593		    9,142</p>
<p> Avg units		 12,080		   12,080</p>
<p>(All data above 000s except per share numbers)</p>
<p>Full name of company is American Insured Mortgage Investors Series 85 LP</p>
</text>
<copyright>(c) Reuters Limited 1997</copyright>
<metadata>
<codes class="bip:countries:1.0">
  <code code="USA">
    <editdetail attribution="Reuters BIP Coding Group" action="confirmed" date="1997-08-11"/>
  </code>
</codes>
<codes class="bip:industries:1.0">
  <code code="I81502">
    <editdetail attribution="Reuters BIP Coding Group" action="confirmed" date="1997-08-11"/>
  </code>
</codes>
<codes class="bip:topics:1.0">
  <code code="C15">
    <editdetail attribution="Reuters BIP Coding Group" action="confirmed" date="1997-08-11"/>
  </code>
  <code code="C151">
    <editdetail attribution="Reuters BIP Coding Group" action="confirmed" date="1997-08-11"/>
  </code>
  <code code="CCAT">
    <editdetail attribution="Reuters BIP Coding Group" action="confirmed" date="1997-08-11"/>
  </code>
</codes>
<dc element="dc.date.created" value="1997-08-11"/>
<dc element="dc.publisher" value="Reuters Holdings Plc"/>
<dc element="dc.date.published" value="1997-08-11"/>
<dc element="dc.source" value="Reuters"/>
<dc element="dc.creator.location" value="ROCKVILLE, Md."/>
<dc element="dc.creator.location.country.name" value="USA"/>
<dc element="dc.source" value="Reuters"/>
</metadata>
</newsitem>
