<?xml version="1.0" encoding="iso-8859-1" ?>
<newsitem itemid="790382" id="root" date="1997-08-11" xml:lang="en">
<title>USA: Oakhurst to sell Steel City Products plant.</title>
<headline>Oakhurst to sell Steel City Products plant.</headline>
<dateline>GRAND PRAIRIE, Texas 1997-08-11</dateline>
<text>
<p>Oakhurst Co said Monday it agreed to sell its Steel City Products plant in Pittsburgh for $2.85 million and to move the car accessories ditributor's operations to a leased facility in the Pittsburgh area at the end of 1997.</p>
<p>The company said it intends to use the sale's net proceeds -- after repaying a $1.1 million term loan and selling expenses -- to reduce working capital credit lines and cover moving expenses. Oakhurst added it expected to close the sale in December.  A company spokesman was not immediately available to elaborate.</p>
</text>
<copyright>(c) Reuters Limited 1997</copyright>
<metadata>
<codes class="bip:countries:1.0">
  <code code="USA">
    <editdetail attribution="Reuters BIP Coding Group" action="confirmed" date="1997-08-11"/>
  </code>
</codes>
<codes class="bip:industries:1.0">
  <code code="I61000">
    <editdetail attribution="Reuters BIP Coding Group" action="confirmed" date="1997-08-11"/>
  </code>
</codes>
<codes class="bip:topics:1.0">
  <code code="C18">
    <editdetail attribution="Reuters BIP Coding Group" action="confirmed" date="1997-08-11"/>
  </code>
  <code code="C182">
    <editdetail attribution="Reuters BIP Coding Group" action="confirmed" date="1997-08-11"/>
  </code>
  <code code="C24">
    <editdetail attribution="Reuters BIP Coding Group" action="confirmed" date="1997-08-11"/>
  </code>
  <code code="CCAT">
    <editdetail attribution="Reuters BIP Coding Group" action="confirmed" date="1997-08-11"/>
  </code>
</codes>
<dc element="dc.date.created" value="1997-08-11"/>
<dc element="dc.publisher" value="Reuters Holdings Plc"/>
<dc element="dc.date.published" value="1997-08-11"/>
<dc element="dc.source" value="Reuters"/>
<dc element="dc.creator.location" value="GRAND PRAIRIE, Texas"/>
<dc element="dc.creator.location.country.name" value="USA"/>
<dc element="dc.source" value="Reuters"/>
</metadata>
</newsitem>
