<?xml version="1.0" encoding="iso-8859-1" ?>
<newsitem itemid="790320" id="root" date="1997-08-11" xml:lang="en">
<title>USA: TABLE - Allin Communications Corp Q2 loss.</title>
<headline>TABLE - Allin Communications Corp Q2 loss.</headline>
<dateline>PITTSBURGH 1997-08-11</dateline>
<text>
<p>Second Quarter	    First Half</p>
<p> Revenue		  $2,543	  $84     $6,625	 $163</p>
<p> Cost of Sales	   1,383	   21	4,086	   40</p>
<p> Gross Profit	    1,160	   63	2,539	  123</p>
<p>Selling, general &amp;</p>
<p>  administrative	 4,370	1,408	8,518	2,167</p>
<p> Loss from Operations (3,210)    (1,345)    (5,979)    (2,044)</p>
<p>Interest Expense</p>
<p>  (Income), net	   (106)	 267	 (283)	 468</p>
<p>Provision for income</p>
<p>  taxes			 48	    0	   48	    0</p>
<p> Net Loss		 (3,152)    (1,612)    (5,744)    (2,512)</p>
<p>Accretion and dividends</p>
<p>  on preferred stock	55	    0	  119	    0</p>
<p> Net loss per share    (0.62)     (0.62)     (1.13)     (0.96)</p>
<p>Average shares</p>
<p>    outstanding    5,184,067  2,603,385  5,184,067  2,603,385</p>
<p>-- New York Newsdesk 212 859-1610</p>
</text>
<copyright>(c) Reuters Limited 1997</copyright>
<metadata>
<codes class="bip:countries:1.0">
  <code code="USA">
    <editdetail attribution="Reuters BIP Coding Group" action="confirmed" date="1997-08-11"/>
  </code>
</codes>
<codes class="bip:industries:1.0">
  <code code="I83954">
    <editdetail attribution="Reuters BIP Coding Group" action="confirmed" date="1997-08-11"/>
  </code>
</codes>
<codes class="bip:topics:1.0">
  <code code="C15">
    <editdetail attribution="Reuters BIP Coding Group" action="confirmed" date="1997-08-11"/>
  </code>
  <code code="C151">
    <editdetail attribution="Reuters BIP Coding Group" action="confirmed" date="1997-08-11"/>
  </code>
  <code code="CCAT">
    <editdetail attribution="Reuters BIP Coding Group" action="confirmed" date="1997-08-11"/>
  </code>
</codes>
<dc element="dc.date.created" value="1997-08-11"/>
<dc element="dc.publisher" value="Reuters Holdings Plc"/>
<dc element="dc.date.published" value="1997-08-11"/>
<dc element="dc.source" value="Reuters"/>
<dc element="dc.creator.location" value="PITTSBURGH"/>
<dc element="dc.creator.location.country.name" value="USA"/>
<dc element="dc.source" value="Reuters"/>
</metadata>
</newsitem>
