<?xml version="1.0" encoding="iso-8859-1" ?>
<newsitem itemid="790432" id="root" date="1997-08-11" xml:lang="en">
<title>USA: Universal hires firm to explore options.</title>
<headline>Universal hires firm to explore options.</headline>
<dateline>HOUSTON 1997-08-11</dateline>
<text>
<p>Universal Seismic Associates Inc said Monday that it hired Morgan Keegan Inc to assist it in exploring, developing and recommending various strategic alternatives designed to enhance shareholder value.</p>
<p>These alternatives may include the possible merger or business combination of the company with another entity as well as capital raising or recapitalization strategies, a news release issued by Universal said.</p>
</text>
<copyright>(c) Reuters Limited 1997</copyright>
<metadata>
<codes class="bip:countries:1.0">
  <code code="USA">
    <editdetail attribution="Reuters BIP Coding Group" action="confirmed" date="1997-08-11"/>
  </code>
</codes>
<codes class="bip:industries:1.0">
  <code code="I83700">
    <editdetail attribution="Reuters BIP Coding Group" action="confirmed" date="1997-08-11"/>
  </code>
</codes>
<codes class="bip:topics:1.0">
  <code code="C11">
    <editdetail attribution="Reuters BIP Coding Group" action="confirmed" date="1997-08-11"/>
  </code>
  <code code="CCAT">
    <editdetail attribution="Reuters BIP Coding Group" action="confirmed" date="1997-08-11"/>
  </code>
</codes>
<dc element="dc.date.created" value="1997-08-11"/>
<dc element="dc.publisher" value="Reuters Holdings Plc"/>
<dc element="dc.date.published" value="1997-08-11"/>
<dc element="dc.source" value="Reuters"/>
<dc element="dc.creator.location" value="HOUSTON"/>
<dc element="dc.creator.location.country.name" value="USA"/>
<dc element="dc.source" value="Reuters"/>
</metadata>
</newsitem>
