<?xml version="1.0" encoding="iso-8859-1" ?>
<newsitem itemid="790448" id="root" date="1997-08-11" xml:lang="en">
<title>USA: Sun Hydraulics sees margin squeeze in Q3.</title>
<headline>Sun Hydraulics sees margin squeeze in Q3.</headline>
<dateline>SARASOTA, Fla. 1997-08-11</dateline>
<text>
<p>Sun Hydraulics Corp said Monday that it expects to see margins adversely impacted in the third quarter as a result of costs associated with expediting its backlog of customer orders.</p>
<p>In a statement accompanying the release of second quarter earnings, released today, Clyde Nixon, Sun Hydraulics president, said &quot; We expect to address our backlog in the third quarter and anticipate higher than planned shipments. The incremental costs associated with expediting orders to meet customer requirements have negatively impacted our gross margins as a percent of sales, an effect that will continue into the third quarter.&quot;</p>
<p>The company reported per-share earnings for the second quarter, ended June 30, of $0.17 per share, versus $0.15 per share, on a proforma basis.</p>
<p>Sun makes high performance screw-in hydraulic cartridge valves and manifolds for global mobile and industrial markets.</p>
</text>
<copyright>(c) Reuters Limited 1997</copyright>
<metadata>
<codes class="bip:countries:1.0">
  <code code="USA">
    <editdetail attribution="Reuters BIP Coding Group" action="confirmed" date="1997-08-11"/>
  </code>
</codes>
<codes class="bip:topics:1.0">
  <code code="C15">
    <editdetail attribution="Reuters BIP Coding Group" action="confirmed" date="1997-08-11"/>
  </code>
  <code code="C152">
    <editdetail attribution="Reuters BIP Coding Group" action="confirmed" date="1997-08-11"/>
  </code>
  <code code="CCAT">
    <editdetail attribution="Reuters BIP Coding Group" action="confirmed" date="1997-08-11"/>
  </code>
</codes>
<dc element="dc.date.created" value="1997-08-11"/>
<dc element="dc.publisher" value="Reuters Holdings Plc"/>
<dc element="dc.date.published" value="1997-08-11"/>
<dc element="dc.source" value="Reuters"/>
<dc element="dc.creator.location" value="SARASOTA, Fla."/>
<dc element="dc.creator.location.country.name" value="USA"/>
<dc element="dc.source" value="Reuters"/>
</metadata>
</newsitem>
