<?xml version="1.0" encoding="iso-8859-1" ?>
<newsitem itemid="790441" id="root" date="1997-08-11" xml:lang="en">
<title>USA: Ill. riverboat revs up 12.25 pct in July over June.</title>
<headline>Ill. riverboat revs up 12.25 pct in July over June.</headline>
<dateline>CHICAGO 1997-08-11</dateline>
<text>
<p>Illinois riverboat casino revenues rose 12.25 percent in July to $91.18 million compared to the previous month, and showed a slight increase from a year ago, the state gaming board reported.</p>
<p>Despite the monthly increase in adjusted gross receipts, the year-to-date revenues of $619.8 million for the state's riverboat casinos reflect an 11 percent decline from 1996 year-to-date figures.</p>
<p>Casino admissions rose 13 percent in July over the previous month, to 2.22 million. Admissions ran 4.6 percent over July 1996.</p>
<p>((--David Bailey, Chicago Newsroom, 312-408-8647))</p>
</text>
<copyright>(c) Reuters Limited 1997</copyright>
<metadata>
<codes class="bip:countries:1.0">
  <code code="USA">
    <editdetail attribution="Reuters BIP Coding Group" action="confirmed" date="1997-08-11"/>
  </code>
</codes>
<codes class="bip:industries:1.0">
  <code code="I97912">
    <editdetail attribution="Reuters BIP Coding Group" action="confirmed" date="1997-08-11"/>
  </code>
</codes>
<codes class="bip:topics:1.0">
  <code code="C15">
    <editdetail attribution="Reuters BIP Coding Group" action="confirmed" date="1997-08-11"/>
  </code>
  <code code="C151">
    <editdetail attribution="Reuters BIP Coding Group" action="confirmed" date="1997-08-11"/>
  </code>
  <code code="CCAT">
    <editdetail attribution="Reuters BIP Coding Group" action="confirmed" date="1997-08-11"/>
  </code>
</codes>
<dc element="dc.date.created" value="1997-08-11"/>
<dc element="dc.publisher" value="Reuters Holdings Plc"/>
<dc element="dc.date.published" value="1997-08-11"/>
<dc element="dc.source" value="Reuters"/>
<dc element="dc.creator.location" value="CHICAGO"/>
<dc element="dc.creator.location.country.name" value="USA"/>
<dc element="dc.source" value="Reuters"/>
</metadata>
</newsitem>
