<?xml version="1.0" encoding="iso-8859-1" ?>
<newsitem itemid="790473" id="root" date="1997-08-11" xml:lang="en">
<title>USA: TABLE - Ambassador Apartments Inc Q2 loss.</title>
<headline>TABLE - Ambassador Apartments Inc Q2 loss.</headline>
<dateline>CHICAGO 1997-08-11</dateline>
<text>
<p>Second Quarter</p>
<p>								June 30,</p>
<p>							  1997	  1996</p>
<p>OPERATING DATA</p>
<p> Rental income				    21,013	15,015</p>
<p> Other income					1,692	 1,220</p>
<p>   Total revenues				 22,705	16,235</p>
<p> Property operating and maintenance	  6,530	 4,880</p>
<p> Real estate taxes				 2,117	 1,272</p>
<p> General and administrative		    1,808	 1,090</p>
<p> Interest and financing fees(A)		5,928	 3,823</p>
<p> Depreciation and amortization		 4,836	 3,764</p>
<p>(Income) Loss from unconsolidated</p>
<p>   real estate(A)				    142	   126</p>
<p>     Total expenses			     21,361	14,955</p>
<p>Net income (loss) before minority</p>
<p>   interest					  1,344	 1,280</p>
<p> Preferred dividends ($0.42/share)	   (567)	     0</p>
<p> Income allocated to minority interest     (347)	 (282)</p>
<p> Extraordinary item				(900)	     0</p>
<p>Net income (loss) to common</p>
<p>   shareholders				    (470)	   998</p>
<p>Interest expense coverage ratio</p>
<p>   (NOI/Interest expense &amp; fin.fees)(A)     2.07	  2.35</p>
<p> FUNDS FROM OPERATIONS				    % Change</p>
<p>Net income (loss) before</p>
<p>   minority interest			 1,344     1,280     --</p>
<p> Real estate depreciation		  4,563     3,336     --</p>
<p> Adjustments to joint ventures	     211	 121     --</p>
<p> Other non-recurring FFO adjustments	 0	 136     --</p>
<p>Funds from operations - fully diluted</p>
<p>						   6,118     4,873    26%</p>
<p>Distributions to Joint Venture partners</p>
<p>						   (593)     (529)     --</p>
<p> Preferred per share dividends	   (567)	   0     --</p>
<p>Funds from operations available to</p>
<p>     common shareholders		   4,958     4,344    14%</p>
<p>PER SHARE DATA</p>
<p> Net income (loss) - primary	    (0.05)	0.11 (146%)</p>
<p> Funds from operations - fully diluted  0.50	0.44    14%</p>
<p>Funds available for distribution -</p>
<p>   fully diluted				0.42	0.40     7%</p>
<p> Cash distributions			   0.40	0.40     0%</p>
<p> FFO Payout ratio				80%	 91%  (11%)</p>
<p>Weighted average number of common and</p>
<p>common equivalent shares outstanding</p>
<p>     Primary				   9,192     8,959     3%</p>
<p>     Fully diluted(B)		     12,355    11,118    11%</p>
<p>PROPERTY DATA</p>
<p> Total properties (at end of period)	52	  39    33%</p>
<p>Total units in properties</p>
<p>   (at end of period)		     15,728    11,526    36%</p>
<p> Total units (weighted average)	 14,656    11,111    32%</p>
<p> Same property NOI (11,115 units)	9,874     9,600   2.9%</p>
<p>(In $ thousands, except per share and property data amounts)</p>
<p>(A) -- Net amount after giving effect to interest received by the Company on tax exempt bonds owned by it.</p>
<p>(B) -- Assumes 9,192,246 weighted average common shares, conversion of all weighted average UPREIT partnership units (892,780), Jupiter limited partnership units (1,018,422), and preferred stock (1,251,251 CS equivalent).</p>
</text>
<copyright>(c) Reuters Limited 1997</copyright>
<metadata>
<codes class="bip:countries:1.0">
  <code code="USA">
    <editdetail attribution="Reuters BIP Coding Group" action="confirmed" date="1997-08-11"/>
  </code>
</codes>
<codes class="bip:industries:1.0">
  <code code="I81502">
    <editdetail attribution="Reuters BIP Coding Group" action="confirmed" date="1997-08-11"/>
  </code>
  <code code="I8150206">
    <editdetail attribution="Reuters BIP Coding Group" action="confirmed" date="1997-08-11"/>
  </code>
</codes>
<codes class="bip:topics:1.0">
  <code code="C15">
    <editdetail attribution="Reuters BIP Coding Group" action="confirmed" date="1997-08-11"/>
  </code>
  <code code="C151">
    <editdetail attribution="Reuters BIP Coding Group" action="confirmed" date="1997-08-11"/>
  </code>
  <code code="CCAT">
    <editdetail attribution="Reuters BIP Coding Group" action="confirmed" date="1997-08-11"/>
  </code>
</codes>
<dc element="dc.date.created" value="1997-08-11"/>
<dc element="dc.publisher" value="Reuters Holdings Plc"/>
<dc element="dc.date.published" value="1997-08-11"/>
<dc element="dc.source" value="Reuters"/>
<dc element="dc.creator.location" value="CHICAGO"/>
<dc element="dc.creator.location.country.name" value="USA"/>
<dc element="dc.source" value="Reuters"/>
</metadata>
</newsitem>
