<?xml version="1.0" encoding="iso-8859-1" ?>
<newsitem itemid="790492" id="root" date="1997-08-11" xml:lang="en">
<title>USA: Electropharmacology to merge with Eurobiotech.</title>
<headline>Electropharmacology to merge with Eurobiotech.</headline>
<dateline>POMPANO BEACH, Fla. 1997-08-11</dateline>
<text>
<p>Electropharmacology Inc said Monday it executed a letter of intent to merge with Eurobiotech Group Inc, a biotechnology company.</p>
<p>The company said it will issue 9 million shares of its common stock to Eurobiotech stockholders, and warrants to buy 4.5 million shares of its common stock at an exercise price of $3.00 per share.</p>
<p>The warrants are exercisable during the period beginning 24 months and ending 48 months after the merger date.</p>
<p>As a condition to the proposed merger, the combined company will privately place about 2 million shares with a medical technology investment fund in exchange for $5 million cash investment.</p>
<p>Electropharmacology said its name will be changed to Eurobiotech Group Inc in the merger.</p>
<p>In addition, Electropharmacology stockholders will receive warrants to buy 2 million shares of its common stock on the same exercise terms provided the combined entity meets certain minimum sales revenues during fiscal years 1997 and 1998.</p>
<p>Eurobiotech is a privately held &quot;technology incubator&quot; company.</p>
</text>
<copyright>(c) Reuters Limited 1997</copyright>
<metadata>
<codes class="bip:countries:1.0">
  <code code="USA">
    <editdetail attribution="Reuters BIP Coding Group" action="confirmed" date="1997-08-11"/>
  </code>
</codes>
<codes class="bip:topics:1.0">
  <code code="C18">
    <editdetail attribution="Reuters BIP Coding Group" action="confirmed" date="1997-08-11"/>
  </code>
  <code code="C181">
    <editdetail attribution="Reuters BIP Coding Group" action="confirmed" date="1997-08-11"/>
  </code>
  <code code="CCAT">
    <editdetail attribution="Reuters BIP Coding Group" action="confirmed" date="1997-08-11"/>
  </code>
</codes>
<dc element="dc.date.created" value="1997-08-11"/>
<dc element="dc.publisher" value="Reuters Holdings Plc"/>
<dc element="dc.date.published" value="1997-08-11"/>
<dc element="dc.source" value="Reuters"/>
<dc element="dc.creator.location" value="POMPANO BEACH, Fla."/>
<dc element="dc.creator.location.country.name" value="USA"/>
<dc element="dc.source" value="Reuters"/>
</metadata>
</newsitem>
