<?xml version="1.0" encoding="iso-8859-1" ?>
<newsitem itemid="790417" id="root" date="1997-08-11" xml:lang="en">
<title>USA: TABLE - Eateries Q2 shr profit vs loss.</title>
<headline>TABLE - Eateries Q2 shr profit vs loss.</headline>
<dateline>OKLAHOMA CITY, Oklahoma 1997-08-11</dateline>
<text>
<p>1997			1996</p>
<p> Shr profit		 $0.01     loss	 $0.04</p>
<p> Net profit		    24     loss	   166</p>
<p> Revs			13,726		   13,426</p>
<p> Avg shrs		   3,955		    3,843</p>
<p>	  6  MONTHS</p>
<p> Shr profit		 $0.06     loss	 $0.03</p>
<p> Net profit		   252     loss	   129</p>
<p> Revs			27,930		   26,197</p>
<p> Avg shrs		   4,019		    3,888</p>
<p>(All data above 000s except per share numbers)</p>
<p>NOTE: Full company name is Eateries Inc.</p>
</text>
<copyright>(c) Reuters Limited 1997</copyright>
<metadata>
<codes class="bip:countries:1.0">
  <code code="USA">
    <editdetail attribution="Reuters BIP Coding Group" action="confirmed" date="1997-08-11"/>
  </code>
</codes>
<codes class="bip:topics:1.0">
  <code code="C15">
    <editdetail attribution="Reuters BIP Coding Group" action="confirmed" date="1997-08-11"/>
  </code>
  <code code="C151">
    <editdetail attribution="Reuters BIP Coding Group" action="confirmed" date="1997-08-11"/>
  </code>
  <code code="CCAT">
    <editdetail attribution="Reuters BIP Coding Group" action="confirmed" date="1997-08-11"/>
  </code>
</codes>
<dc element="dc.date.created" value="1997-08-11"/>
<dc element="dc.publisher" value="Reuters Holdings Plc"/>
<dc element="dc.date.published" value="1997-08-11"/>
<dc element="dc.source" value="Reuters"/>
<dc element="dc.creator.location" value="OKLAHOMA CITY, Oklahoma"/>
<dc element="dc.creator.location.country.name" value="USA"/>
<dc element="dc.source" value="Reuters"/>
</metadata>
</newsitem>
