<?xml version="1.0" encoding="iso-8859-1" ?>
<newsitem itemid="790480" id="root" date="1997-08-11" xml:lang="en">
<title>USA: TABLE-Creative BioMolecules Q2 full results.</title>
<headline>TABLE-Creative BioMolecules Q2 full results.</headline>
<dateline>HOPKINTON, Mass. 1997-08-11</dateline>
<text>
<p>1997			1996</p>
<p> Shr loss		   $0.13     loss	 $0.08</p>
<p> Net loss		   4,223     loss	 3,392</p>
<p> Revs			 3,916		    3,460</p>
<p> Avg shrs		  33,016		   29,072</p>
<p>	   6 MONTHS</p>
<p> Shr loss		   $0.24     loss	 $0.20</p>
<p> Net loss		   7,972     loss	 5,833</p>
<p> Revs			 7,563		    5,500</p>
<p> Avg shrs		  32,935		   29,050</p>
<p>(All data above 000s except per share numbers)</p>
<p>NOTE:  Creative Biomolecules Inc said the increase in revenue during the second quarter of 1997 reflects additional research funding from the renal disease therapy partnership established in late 1996 with Biogen Inc.</p>
<p>The company said the increased net loss in the second quarter of 1997 resulted from expanded research and development activities.</p>
</text>
<copyright>(c) Reuters Limited 1997</copyright>
<metadata>
<codes class="bip:countries:1.0">
  <code code="USA">
    <editdetail attribution="Reuters BIP Coding Group" action="confirmed" date="1997-08-11"/>
  </code>
</codes>
<codes class="bip:industries:1.0">
  <code code="I25700">
    <editdetail attribution="Reuters BIP Coding Group" action="confirmed" date="1997-08-11"/>
  </code>
</codes>
<codes class="bip:topics:1.0">
  <code code="C15">
    <editdetail attribution="Reuters BIP Coding Group" action="confirmed" date="1997-08-11"/>
  </code>
  <code code="C151">
    <editdetail attribution="Reuters BIP Coding Group" action="confirmed" date="1997-08-11"/>
  </code>
  <code code="CCAT">
    <editdetail attribution="Reuters BIP Coding Group" action="confirmed" date="1997-08-11"/>
  </code>
</codes>
<dc element="dc.date.created" value="1997-08-11"/>
<dc element="dc.publisher" value="Reuters Holdings Plc"/>
<dc element="dc.date.published" value="1997-08-11"/>
<dc element="dc.source" value="Reuters"/>
<dc element="dc.creator.location" value="HOPKINTON, Mass."/>
<dc element="dc.creator.location.country.name" value="USA"/>
<dc element="dc.source" value="Reuters"/>
</metadata>
</newsitem>
