<?xml version="1.0" encoding="iso-8859-1" ?>
<newsitem itemid="790433" id="root" date="1997-08-11" xml:lang="en">
<title>USA: TABLE-Miller Building Systems Inc Q4 net.</title>
<headline>TABLE-Miller Building Systems Inc Q4 net.</headline>
<dateline>ELKHART, Ind. 1997-08-11</dateline>
<text>
<p>1997			1996</p>
<p> Shr			$  0.19		   $ 0.12</p>
<p> Net			    629			394</p>
<p> Revs			13,008		   11,945</p>
<p> Avg shrs		   3,363		    3,228</p>
<p>	  12 MONTHS</p>
<p> Shr			$  0.47		   $ 0.16</p>
<p> Net			  1,574			486</p>
<p> Revs			46,287		   37,858</p>
<p> Avg shrs		   3,335		    3,129</p>
<p>(All data above 000s except per share numbers)</p>
<p>NOTE: Periods end June 28, 1997 and June 29, 1996, respectively.</p>
<p>		 ((Chicago newsdesk 312 408 8787))</p>
</text>
<copyright>(c) Reuters Limited 1997</copyright>
<metadata>
<codes class="bip:countries:1.0">
  <code code="USA">
    <editdetail attribution="Reuters BIP Coding Group" action="confirmed" date="1997-08-11"/>
  </code>
</codes>
<codes class="bip:topics:1.0">
  <code code="C15">
    <editdetail attribution="Reuters BIP Coding Group" action="confirmed" date="1997-08-11"/>
  </code>
  <code code="C151">
    <editdetail attribution="Reuters BIP Coding Group" action="confirmed" date="1997-08-11"/>
  </code>
  <code code="C1511">
    <editdetail attribution="Reuters BIP Coding Group" action="confirmed" date="1997-08-11"/>
  </code>
  <code code="CCAT">
    <editdetail attribution="Reuters BIP Coding Group" action="confirmed" date="1997-08-11"/>
  </code>
</codes>
<dc element="dc.date.created" value="1997-08-11"/>
<dc element="dc.publisher" value="Reuters Holdings Plc"/>
<dc element="dc.date.published" value="1997-08-11"/>
<dc element="dc.source" value="Reuters"/>
<dc element="dc.creator.location" value="ELKHART, Ind."/>
<dc element="dc.creator.location.country.name" value="USA"/>
<dc element="dc.source" value="Reuters"/>
</metadata>
</newsitem>
