<?xml version="1.0" encoding="iso-8859-1" ?>
<newsitem itemid="790586" id="root" date="1997-08-11" xml:lang="en">
<title>SOUTH AFRICA: ABACUS SAYS IN TALKS, CAUTIONS HOLDERS.</title>
<headline>ABACUS SAYS IN TALKS, CAUTIONS HOLDERS.</headline>
<dateline>JOHANNESBURG 1997-08-11</dateline>
<text>
<p>Abacus Technology Holdings Ltd said on Monday it was still in talks which if succesfully concluded could impact on its share price.</p>
<p>Shareholders were urged to exercise caution in their share dealings. No further details were given in a brief announcement.</p>
<p>-- Johannesburg newsroom +27 11 482 1003</p>
<p>E-mail: johannesburg.newsroom@reuters.com</p>
</text>
<copyright>(c) Reuters Limited 1997</copyright>
<metadata>
<codes class="bip:countries:1.0">
  <code code="SAFR">
    <editdetail attribution="Reuters BIP Coding Group" action="confirmed" date="1997-08-11"/>
  </code>
</codes>
<codes class="bip:industries:1.0">
  <code code="I47200">
    <editdetail attribution="Reuters BIP Coding Group" action="confirmed" date="1997-08-11"/>
  </code>
</codes>
<codes class="bip:topics:1.0">
  <code code="C18">
    <editdetail attribution="Reuters BIP Coding Group" action="confirmed" date="1997-08-11"/>
  </code>
  <code code="C181">
    <editdetail attribution="Reuters BIP Coding Group" action="confirmed" date="1997-08-11"/>
  </code>
  <code code="CCAT">
    <editdetail attribution="Reuters BIP Coding Group" action="confirmed" date="1997-08-11"/>
  </code>
</codes>
<dc element="dc.date.created" value="1997-08-11"/>
<dc element="dc.publisher" value="Reuters Holdings Plc"/>
<dc element="dc.date.published" value="1997-08-11"/>
<dc element="dc.source" value="Reuters"/>
<dc element="dc.creator.location" value="JOHANNESBURG"/>
<dc element="dc.creator.location.country.name" value="SOUTH AFRICA"/>
<dc element="dc.source" value="Reuters"/>
</metadata>
</newsitem>
