<?xml version="1.0" encoding="iso-8859-1" ?>
<newsitem itemid="790532" id="root" date="1997-08-11" xml:lang="en">
<title>UK: CRICKET-CARRY ON CAPTAIN ATHERTON, SAYS GRAVENEY.</title>
<headline>CRICKET-CARRY ON CAPTAIN ATHERTON, SAYS GRAVENEY.</headline>
<dateline>NOTTINGHAM, England 1997-08-11</dateline>
<text>
<p>England selectors' chief David Graveney wants beaten Ashes captain Mike Atherton to lead the team on the tour of West Indies early next year.</p>
<p>Graveney's vote of confidence came after Australia beat Atherton's side by 264 runs in the fifth test at Trent Bridge on Sunday to take a winning 3-1 lead in the six-test series and retain the Ashes.</p>
<p>Chairman of selectors Graveney believes Atherton is still the right man to captain England despite the failure to add to their early-season successes against Australia when they won the one-day series and the first test at Edgbaston.</p>
<p>Atherton, who became captain four years and 45 tests ago, said his great ambition was to regain the Ashes, but now his hopes have been shattered, some close confidantes of the England skipper believe he is ready to step down at the end of the series.</p>
<p>Graveney said: &quot;I will be having a chat with Mike after the last test at The Oval, and whatever decisions are made will be in the best interests of English cricket.</p>
<p>&quot;But he will definitely be in charge at The Oval -- we appointed Mike for the whole of the series.</p>
<p>&quot;But, personally, I think that he does a great job for the team and I would be happy for him to be captain for this winter's tour.</p>
<p>&quot;If we both feel that it would be in the best interests of England and would mean us having the best chance of winning in the West Indies, then Mike would be my choice to skipper the side.</p>
<p>&quot;He certainly has great pride in representing his country and if that is the case then it is also the ultimate honour to be the captain.&quot;</p>
<p>Atherton also still has the backing of his players, but a factor in any decision may be his own batting form.</p>
<p>Having thrived on the responsibility of leading his country by making significant scores as an opener, Atherton has endured a moderate Ashes series.</p>
<p>England's captain, who has compiled 241 runs from 10 innings at an average of 26, said: &quot;I have not played at my best, but it has been very hard work as an opening batsman.&quot;</p>
<p>The sixth and final test starts at The Oval on August 21.</p>
</text>
<copyright>(c) Reuters Limited 1997</copyright>
<metadata>
<codes class="bip:countries:1.0">
  <code code="AUSTR">
    <editdetail attribution="Reuters BIP Coding Group" action="confirmed" date="1997-08-11"/>
  </code>
  <code code="UK">
    <editdetail attribution="Reuters BIP Coding Group" action="confirmed" date="1997-08-11"/>
  </code>
</codes>
<codes class="bip:topics:1.0">
  <code code="GCAT">
    <editdetail attribution="Reuters BIP Coding Group" action="confirmed" date="1997-08-11"/>
  </code>
  <code code="GSPO">
    <editdetail attribution="Reuters BIP Coding Group" action="confirmed" date="1997-08-11"/>
  </code>
</codes>
<dc element="dc.date.created" value="1997-08-11"/>
<dc element="dc.publisher" value="Reuters Holdings Plc"/>
<dc element="dc.date.published" value="1997-08-11"/>
<dc element="dc.source" value="Reuters"/>
<dc element="dc.creator.location" value="NOTTINGHAM, England"/>
<dc element="dc.creator.location.country.name" value="UK"/>
<dc element="dc.source" value="Reuters"/>
</metadata>
</newsitem>
