<?xml version="1.0" encoding="iso-8859-1" ?>
<newsitem itemid="790518" id="root" date="1997-08-11" xml:lang="en">
<title>USA: N.Y. metal futures opening forecasts.</title>
<headline>N.Y. metal futures opening forecasts.</headline>
<dateline>NEW YORK 1997-08-11</dateline>
<text>
<p>New York metals futures were called to open by traders as follows:</p>
<p>COMEX Dec gold - unchanged to up 50 cents an ounce</p>
<p>COMEX Sept silver - unchanged to up 1.0 cents an ounce</p>
<p>NYMEX Oct platinum - unchanged to down $3.00 an ounce</p>
<p>NYMEX Sept palladium - unchanged to down $3.00 an ounce</p>
<p>COMEX Sept copper - unchanged to up 0.30 cent a pound</p>
<p>((New York Commodity Desk 212-859-1640))</p>
</text>
<copyright>(c) Reuters Limited 1997</copyright>
<metadata>
<codes class="bip:countries:1.0">
  <code code="USA">
    <editdetail attribution="Reuters BIP Coding Group" action="confirmed" date="1997-08-11"/>
  </code>
</codes>
<codes class="bip:topics:1.0">
  <code code="M14">
    <editdetail attribution="Reuters BIP Coding Group" action="confirmed" date="1997-08-11"/>
  </code>
  <code code="M142">
    <editdetail attribution="Reuters BIP Coding Group" action="confirmed" date="1997-08-11"/>
  </code>
  <code code="MCAT">
    <editdetail attribution="Reuters BIP Coding Group" action="confirmed" date="1997-08-11"/>
  </code>
</codes>
<dc element="dc.date.created" value="1997-08-11"/>
<dc element="dc.publisher" value="Reuters Holdings Plc"/>
<dc element="dc.date.published" value="1997-08-11"/>
<dc element="dc.source" value="Reuters"/>
<dc element="dc.creator.location" value="NEW YORK"/>
<dc element="dc.creator.location.country.name" value="USA"/>
<dc element="dc.source" value="Reuters"/>
</metadata>
</newsitem>
