<?xml version="1.0" encoding="iso-8859-1" ?>
<newsitem itemid="790548" id="root" date="1997-08-11" xml:lang="en">
<title>LATVIA: SOCCER-LATVIAN CHAMPIONSHIP RESULTS/STANDINGS.</title>
<headline>SOCCER-LATVIAN CHAMPIONSHIP RESULTS/STANDINGS.</headline>
<dateline>RIGA 1997-08-11</dateline>
<text>
<p>Results of Latvian soccer championship matches played over the weekend:</p>
<p> Daugava		5  Lokomotive	   1</p>
<p> Liepajas Metalurgs 1  Universitate	 2</p>
<p> FK Valmiera	  2  FK Ventspils	 1</p>
<p> Dinaburg	     0  Skonto		 0</p>
<p>Standings (tabulated under played, won, drawn, lost, goals for, goals against, points)</p>
<p>			  P  W  D  L  F A  PTS</p>
<p> Skonto		14 11  3  0 45 2   36</p>
<p> Daugava	     14  9  1  4 21 13  28</p>
<p> Dinaburga	   14  8  4  2 19 5   28</p>
<p> FK Ventspils	14  6  3  5 17 14  21</p>
<p> Liepaja Metalurgs 15  6  2  7 17 16  20</p>
<p> FK Valmiera	 13  5  1  7 13 22  16</p>
<p> Universitate	11  4  0  7 11 21  12</p>
<p> Lokomotive	  14  3  1 10 17 32  10</p>
<p> FK Rezekne	  13  0  3 10  3 38   3</p>
</text>
<copyright>(c) Reuters Limited 1997</copyright>
<metadata>
<codes class="bip:countries:1.0">
  <code code="LATV">
    <editdetail attribution="Reuters BIP Coding Group" action="confirmed" date="1997-08-11"/>
  </code>
</codes>
<codes class="bip:topics:1.0">
  <code code="GCAT">
    <editdetail attribution="Reuters BIP Coding Group" action="confirmed" date="1997-08-11"/>
  </code>
  <code code="GSPO">
    <editdetail attribution="Reuters BIP Coding Group" action="confirmed" date="1997-08-11"/>
  </code>
</codes>
<dc element="dc.date.created" value="1997-08-11"/>
<dc element="dc.publisher" value="Reuters Holdings Plc"/>
<dc element="dc.date.published" value="1997-08-11"/>
<dc element="dc.source" value="Reuters"/>
<dc element="dc.creator.location" value="RIGA"/>
<dc element="dc.creator.location.country.name" value="LATVIA"/>
<dc element="dc.source" value="Reuters"/>
</metadata>
</newsitem>
