<?xml version="1.0" encoding="iso-8859-1" ?>
<newsitem itemid="790576" id="root" date="1997-08-11" xml:lang="en">
<title>SRI LANKA: CRICKET-GANGULY HITS TEST BEST 147.</title>
<headline>CRICKET-GANGULY HITS TEST BEST 147.</headline>
<dateline>COLOMBO 1997-08-11</dateline>
<text>
<p>Saurav Ganguly hit his highest test score of 147 as India took a slender first innings lead of 43 on the third day of the final test against Sri Lanka on Monday.</p>
<p>By the close, Sri Lanka had reached 77 for the loss of Marvan Attapattu who edged an awkward climbing delivery from leg-spinner Anil Kumble to Mohammed Azharuddin at slip shortly before the close.</p>
<p>Sanath Jayasuriya, who made 340 in the first test, was undefeated on 34.</p>
<p>Ganguly resumed his innings on 47 in the morning and extended a fine stand with captain Sachin Tendulkar to 150, a record for India's fifth wicket against Sri Lanka, before Tendulkar fell for 139.</p>
<p>The Indian captain, who was dropped on 34, had posted his 13th test century on Sunday and was finally dismissed when a flowing cover drive off Ravindra Pushpakumara was brilliantly caught by Muthiah Muralitharan at extra cover. He batted for 403 minutes and faced 266 balls, hitting 16 fours.</p>
<p>Ganguly then held the innings together as left-arm fast-medium bowler Sajeeva de Silva and off-spinner Muralitharan worked their way through the rest of the batting. Muralitharan took three for eight in 19 balls to finish with four for 99.</p>
<p>Only wicketkeeper Nayan Mongia, who contributed 15 in 108 minutes to a sixth wicket partnership of 52, gave him any worthwhile support.</p>
<p>When Ganguly was finally out, caught by Chaminda Vaas off Sajeeva de Silva, he had faced 309 balls in 426 minutes and hit 19 fours.</p>
</text>
<copyright>(c) Reuters Limited 1997</copyright>
<metadata>
<codes class="bip:countries:1.0">
  <code code="INDIA">
    <editdetail attribution="Reuters BIP Coding Group" action="confirmed" date="1997-08-11"/>
  </code>
  <code code="SRILAN">
    <editdetail attribution="Reuters BIP Coding Group" action="confirmed" date="1997-08-11"/>
  </code>
</codes>
<codes class="bip:topics:1.0">
  <code code="GCAT">
    <editdetail attribution="Reuters BIP Coding Group" action="confirmed" date="1997-08-11"/>
  </code>
  <code code="GSPO">
    <editdetail attribution="Reuters BIP Coding Group" action="confirmed" date="1997-08-11"/>
  </code>
</codes>
<dc element="dc.date.created" value="1997-08-11"/>
<dc element="dc.publisher" value="Reuters Holdings Plc"/>
<dc element="dc.date.published" value="1997-08-11"/>
<dc element="dc.source" value="Reuters"/>
<dc element="dc.creator.location" value="COLOMBO"/>
<dc element="dc.creator.location.country.name" value="SRI LANKA"/>
<dc element="dc.source" value="Reuters"/>
</metadata>
</newsitem>
