<?xml version="1.0" encoding="iso-8859-1" ?>
<newsitem itemid="790570" id="root" date="1997-08-11" xml:lang="en">
<title>FRANCE: SOCCER-LAMA SAID CLOSE TO SIGNING FOR REAL MADRID.</title>
<headline>SOCCER-LAMA SAID CLOSE TO SIGNING FOR REAL MADRID.</headline>
<dateline>PARIS 1997-08-11</dateline>
<text>
<p>Paris St Germain's French international goalkeeper Bernard Lama is due in Madrid this week to try and reach an agreement with Real Madrid, sources close to the player said on Monday.</p>
<p>Lama has another year to run on his contract with PSG but the Parisian club have agreed to his move abroad and have played Christophe Revault, signed from Le Havre in the off-season, in goal.</p>
<p>While PSG are away in Bucharest for their European Cup preliminary round first leg against Steaua, Lama hopes to meet with Real president Lorenzo Sanz and make a deal before the August 15 deadline for Champions' League registrations.</p>
<p>The sources said PSG and Real have already settled on a transfer fee of around eight million francs ($1.5 million) for the 33-year-old goalkeeper whom coach Jupp Heynckes is said to be keen to have in his squad.</p>
</text>
<copyright>(c) Reuters Limited 1997</copyright>
<metadata>
<codes class="bip:countries:1.0">
  <code code="FRA">
    <editdetail attribution="Reuters BIP Coding Group" action="confirmed" date="1997-08-11"/>
  </code>
  <code code="SPAIN">
    <editdetail attribution="Reuters BIP Coding Group" action="confirmed" date="1997-08-11"/>
  </code>
</codes>
<codes class="bip:topics:1.0">
  <code code="GCAT">
    <editdetail attribution="Reuters BIP Coding Group" action="confirmed" date="1997-08-11"/>
  </code>
  <code code="GSPO">
    <editdetail attribution="Reuters BIP Coding Group" action="confirmed" date="1997-08-11"/>
  </code>
</codes>
<dc element="dc.date.created" value="1997-08-11"/>
<dc element="dc.publisher" value="Reuters Holdings Plc"/>
<dc element="dc.date.published" value="1997-08-11"/>
<dc element="dc.source" value="Reuters"/>
<dc element="dc.creator.location" value="PARIS"/>
<dc element="dc.creator.location.country.name" value="FRANCE"/>
<dc element="dc.source" value="Reuters"/>
</metadata>
</newsitem>
