<?xml version="1.0" encoding="iso-8859-1" ?>
<newsitem itemid="790565" id="root" date="1997-08-11" xml:lang="en">
<title>GERMANY: SOCCER-DORTMUND COACH STANDS FIRM OVER MOELLER.</title>
<headline>SOCCER-DORTMUND COACH STANDS FIRM OVER MOELLER.</headline>
<dateline>BONN 1997-08-11</dateline>
<text>
<p>Borussia Dortmund coach Nevio Scala said on Monday he had no intention of bowing to criticism from Andreas Moeller after playing the German international midfielder as a striker.</p>
<p>Moeller had complained about the switch after Dortmund lost to Schalke 1-0 on Saturday.</p>
<p>&quot;I am sticking with my philosophy and will keep working on that,&quot; Scala said after a training session where he was involved in animated discussions with Moeller.</p>
<p>&quot;There is no possibility of discussing it at the moment,&quot; added Scala, who took over at the European Cup winning-club from Ottmar Hitzfeld at the end of last season.</p>
<p>Moeller voiced his disappointment in the wake of Dortmund's poor start to the season -- they have just four points from three games.</p>
<p>&quot;Two months ago we were the best team in Europe,&quot; Moeller said after the latest defeat. &quot;Now Karlheinz Riedle is gone (to Liverpool), Stephane Chapusiat is out of the picture and I have been made a striker. You can just throw everything away.&quot;</p>
<p>But he was calmer on Monday, saying: &quot;I had to let go of some frustration. Perhaps it was a mistake to say so much.&quot;</p>
</text>
<copyright>(c) Reuters Limited 1997</copyright>
<metadata>
<codes class="bip:countries:1.0">
  <code code="GFR">
    <editdetail attribution="Reuters BIP Coding Group" action="confirmed" date="1997-08-11"/>
  </code>
</codes>
<codes class="bip:topics:1.0">
  <code code="GCAT">
    <editdetail attribution="Reuters BIP Coding Group" action="confirmed" date="1997-08-11"/>
  </code>
  <code code="GSPO">
    <editdetail attribution="Reuters BIP Coding Group" action="confirmed" date="1997-08-11"/>
  </code>
</codes>
<dc element="dc.date.created" value="1997-08-11"/>
<dc element="dc.publisher" value="Reuters Holdings Plc"/>
<dc element="dc.date.published" value="1997-08-11"/>
<dc element="dc.source" value="Reuters"/>
<dc element="dc.creator.location" value="BONN"/>
<dc element="dc.creator.location.country.name" value="GERMANY"/>
<dc element="dc.source" value="Reuters"/>
</metadata>
</newsitem>
