<?xml version="1.0" encoding="iso-8859-1" ?>
<newsitem itemid="790535" id="root" date="1997-08-11" xml:lang="en">
<title>UK: SOCCER-ENGLISH PREMIER LEAGUE SUMMARY.</title>
<headline>SOCCER-ENGLISH PREMIER LEAGUE SUMMARY.</headline>
<dateline>LONDON 1997-08-11</dateline>
<text>
<p>Summary of an English premier</p>
<p>league match on Monday:</p>
<p> Arsenal	2 - Wright 29, 47</p>
<p> Coventry     0</p>
<p>HT: 1-0.  Att: 37,324</p>
</text>
<copyright>(c) Reuters Limited 1997</copyright>
<metadata>
<codes class="bip:countries:1.0">
  <code code="UK">
    <editdetail attribution="Reuters BIP Coding Group" action="confirmed" date="1997-08-11"/>
  </code>
</codes>
<codes class="bip:topics:1.0">
  <code code="GCAT">
    <editdetail attribution="Reuters BIP Coding Group" action="confirmed" date="1997-08-11"/>
  </code>
  <code code="GSPO">
    <editdetail attribution="Reuters BIP Coding Group" action="confirmed" date="1997-08-11"/>
  </code>
</codes>
<dc element="dc.date.created" value="1997-08-11"/>
<dc element="dc.publisher" value="Reuters Holdings Plc"/>
<dc element="dc.date.published" value="1997-08-11"/>
<dc element="dc.source" value="Reuters"/>
<dc element="dc.creator.location" value="LONDON"/>
<dc element="dc.creator.location.country.name" value="UK"/>
<dc element="dc.source" value="Reuters"/>
</metadata>
</newsitem>
