<?xml version="1.0" encoding="iso-8859-1" ?>
<newsitem itemid="790671" id="root" date="1997-08-11" xml:lang="en">
<title>FINLAND: FINNISH AKTIA SAYS LISTING PLAN STILL ON ICE.</title>
<headline>FINNISH AKTIA SAYS LISTING PLAN STILL ON ICE.</headline>
<dateline>HELSINKI 1997-08-11</dateline>
<text>
<p>Finnish Aktia Bank's plan to seek a listing is currently on ice and since the bank does not need new capital it is a matter for the owners alone, CEO Johan Horelli said on Monday.</p>
<p>&quot;We do not need capital ... a listing is an issue for the owners which is currently on ice,&quot; Horelli told Reuters.</p>
<p>Finnish savings bank foundations own 50.9 percent of Aktia and Swedish savings bank Swedbank owns 25 percent, with a view to help develop it, not take it over.</p>
<p>Aktia earlier reported more than doubled first-half earnings with operating profit at 30.3 million markka versus 14.3 million in the first half last year, and Horelli said the interim report confirmed a trend of falling credit losses.</p>
<p>Credit and guarantee losses fell to 23.6 million markka in January-June from 25.1 million in the year-ago period.</p>
<p>Horelli declined to give any more specific full-year 1997 forecasts than the bank's statement that earnings would continue to develop favourably during the rest of the year.</p>
<p>-- Helsinki Newsroom +358-9-680 50 242, news@reuters.fi</p>
</text>
<copyright>(c) Reuters Limited 1997</copyright>
<metadata>
<codes class="bip:countries:1.0">
  <code code="FIN">
    <editdetail attribution="Reuters BIP Coding Group" action="confirmed" date="1997-08-11"/>
  </code>
  <code code="SWED">
    <editdetail attribution="Reuters BIP Coding Group" action="confirmed" date="1997-08-11"/>
  </code>
</codes>
<codes class="bip:industries:1.0">
  <code code="I81403">
    <editdetail attribution="Reuters BIP Coding Group" action="confirmed" date="1997-08-11"/>
  </code>
</codes>
<codes class="bip:topics:1.0">
  <code code="C14">
    <editdetail attribution="Reuters BIP Coding Group" action="confirmed" date="1997-08-11"/>
  </code>
  <code code="C17">
    <editdetail attribution="Reuters BIP Coding Group" action="confirmed" date="1997-08-11"/>
  </code>
  <code code="C171">
    <editdetail attribution="Reuters BIP Coding Group" action="confirmed" date="1997-08-11"/>
  </code>
  <code code="CCAT">
    <editdetail attribution="Reuters BIP Coding Group" action="confirmed" date="1997-08-11"/>
  </code>
</codes>
<dc element="dc.date.created" value="1997-08-11"/>
<dc element="dc.publisher" value="Reuters Holdings Plc"/>
<dc element="dc.date.published" value="1997-08-11"/>
<dc element="dc.source" value="Reuters"/>
<dc element="dc.creator.location" value="HELSINKI"/>
<dc element="dc.creator.location.country.name" value="FINLAND"/>
<dc element="dc.source" value="Reuters"/>
</metadata>
</newsitem>
