<?xml version="1.0" encoding="iso-8859-1" ?>
<newsitem itemid="790695" id="root" date="1997-08-11" xml:lang="en">
<title>UK: THE PROTEUS COLUMN - U.S. ACQUISITIONS.</title>
<headline>THE PROTEUS COLUMN - U.S. ACQUISITIONS.</headline>
<text>
<p>THE PROTEUS COLUMN</p>
<p>Finding a bargain in the U.S. insurance acquisition market is becoming tougher and tougher.</p>
<p>In the last few months, buyers have paid top dollar for some of the big insurance companies that were up for sale as they moved to establish themselves as survivors in the rapidly changing U.S. market.</p>
<p>SAFECO Corp, often viewed as a cautious company, stunned observers in June when it agreed to pay Lincoln National Corp $2.8 billion for its American States Financial Corp property-casualty business.</p>
<p>A month later Lincoln National agreed to acquire the individual life insurance business of CIGNA Corp for $1.4 billion.</p>
<p>The American States property-casualty business sold at 16.7 times trailing twelve month earnings compared with an industry median of 10.3 in the first half of 1997 and 14.8 in 1996.</p>
<p>CIGNA's life business sold at 17.7 times trailing twelve month earnings compared with an industry median of 15.3 in the first half of 1997 and 14.3 in 1996.</p>
<p>The increase in the prices was confirmed last week in a report from U.S. research firm SNL Securities.</p>
<p>Prices are increasing as buyers scramble to snap up attractive properties in a bid to gain economies of scale and competitive advantages in an otherwise stagnant market.</p>
<p>And in what has become a game of musical chairs, the remaining good companies are the ones that command the higher prices, Schroder &amp; Co analyst Andrew Kligerman noted.</p>
<p>But with deal prices at such high levels, the pool of potential buyers may begin to narrow.</p>
<p>Merrill Lynch analyst Jay Cohen sees the strongest buyers as those with large amounts of cash on their balance sheets or with access to cheap capital.</p>
<p>That leaves just a handful of companies in the United States and a group of big foreign companies on the list of potential buyers.</p>
<p>Cohen also sees the high prices leaving buyers little room for error after an acquisition is made. Such an environment may favour proven consolidators over newcomers to the merger market.</p>
<p>The high prices also may start to tempt more insurers to put themselves on the auction block.</p>
<p>That may keep deal prices from escalating further. But Cohen said buying interest is so high at the moment that he does not expect a decline in prices either.</p>
<p>			    --OO0OO--</p>
<p>THE PROTEUS COLUMN is an insight piece produced by Reuters journalists based on their own research and interpretations. While it aims to be as accurate and incisive as possible, it does not necessarily reflect the views of Reuters.</p>
<p>	   **************************************</p>
<p>THE PROTEUS COLUMN appears in the GLOBAL INSURANCE NEWS SUMMARY every weekday</p>
<p>on Reuters Insurance Briefing.</p>
<p>For enquiries, contact -</p>
<p>Gordon Mackenzie, Editor, London</p>
<p>Tel: 44 171 542 2770</p>
<p>Fax 44 171 542 2583</p>
<p>e-mail gordon.mackenzie@reuters.com</p>
<p>John Sanders, News Editor, London</p>
<p>Tel: 44 171 542 2769</p>
<p>e-mail john.sanders@reuters.com</p>
<p>		****************************************</p>
</text>
<copyright>(c) Reuters Limited 1997</copyright>
<metadata>
<codes class="bip:countries:1.0">
  <code code="UK">
    <editdetail attribution="Reuters BIP Coding Group" action="confirmed" date="1997-08-11"/>
  </code>
  <code code="USA">
    <editdetail attribution="Reuters BIP Coding Group" action="confirmed" date="1997-08-11"/>
  </code>
</codes>
<codes class="bip:industries:1.0">
  <code code="I82000">
    <editdetail attribution="Reuters BIP Coding Group" action="confirmed" date="1997-08-11"/>
  </code>
  <code code="I82001">
    <editdetail attribution="Reuters BIP Coding Group" action="confirmed" date="1997-08-11"/>
  </code>
  <code code="I82002">
    <editdetail attribution="Reuters BIP Coding Group" action="confirmed" date="1997-08-11"/>
  </code>
  <code code="I82003">
    <editdetail attribution="Reuters BIP Coding Group" action="confirmed" date="1997-08-11"/>
  </code>
</codes>
<codes class="bip:topics:1.0">
  <code code="C18">
    <editdetail attribution="Reuters BIP Coding Group" action="confirmed" date="1997-08-11"/>
  </code>
  <code code="C181">
    <editdetail attribution="Reuters BIP Coding Group" action="confirmed" date="1997-08-11"/>
  </code>
  <code code="CCAT">
    <editdetail attribution="Reuters BIP Coding Group" action="confirmed" date="1997-08-11"/>
  </code>
</codes>
<dc element="dc.publisher" value="Reuters Holdings Plc"/>
<dc element="dc.date.published" value="1997-08-11"/>
<dc element="dc.source" value="Reuters"/>
<dc element="dc.creator.location.country.name" value="UK"/>
<dc element="dc.source" value="Reuters"/>
</metadata>
</newsitem>
