<?xml version="1.0" encoding="iso-8859-1" ?>
<newsitem itemid="790634" id="root" date="1997-08-11" xml:lang="en">
<title>ESTONIA: ESTONIA-NEW CAR REGISTRATIONS IN JULY UP TO 656 CARS.</title>
<headline>ESTONIA-NEW CAR REGISTRATIONS IN JULY UP TO 656 CARS.</headline>
<dateline>TALLINN 1997-08-11</dateline>
<text>
<p>New car registrations reached a new high in July of 656 units compared with 441 in June, the car registry office said on Monday.</p>
<p>The total numbers of cars registered so far this year is 2,664 units, the office said in a statement.  </p>
<p>The most popular new cars were Toyota with 450 registered followed by Nissan with 357 new cars on local roads.</p>
<p>The office gave no figures for the previous year.</p>
<p>-- Tallinn newsroom, +327 620 9202 reuters@reuters.ee</p>
</text>
<copyright>(c) Reuters Limited 1997</copyright>
<metadata>
<codes class="bip:countries:1.0">
  <code code="ESTNIA">
    <editdetail attribution="Reuters BIP Coding Group" action="confirmed" date="1997-08-11"/>
  </code>
</codes>
<codes class="bip:industries:1.0">
  <code code="I35101">
    <editdetail attribution="Reuters BIP Coding Group" action="confirmed" date="1997-08-11"/>
  </code>
  <code code="I65100">
    <editdetail attribution="Reuters BIP Coding Group" action="confirmed" date="1997-08-11"/>
  </code>
</codes>
<codes class="bip:topics:1.0">
  <code code="C31">
    <editdetail attribution="Reuters BIP Coding Group" action="confirmed" date="1997-08-11"/>
  </code>
  <code code="CCAT">
    <editdetail attribution="Reuters BIP Coding Group" action="confirmed" date="1997-08-11"/>
  </code>
</codes>
<dc element="dc.date.created" value="1997-08-11"/>
<dc element="dc.publisher" value="Reuters Holdings Plc"/>
<dc element="dc.date.published" value="1997-08-11"/>
<dc element="dc.source" value="Reuters"/>
<dc element="dc.creator.location" value="TALLINN"/>
<dc element="dc.creator.location.country.name" value="ESTONIA"/>
<dc element="dc.source" value="Reuters"/>
</metadata>
</newsitem>
