<?xml version="1.0" encoding="iso-8859-1" ?>
<newsitem itemid="790658" id="root" date="1997-08-11" xml:lang="en">
<title>BELGIUM: AIRLINES, EU IN OZONE MEASURING PROJECT - SABENA.</title>
<headline>AIRLINES, EU IN OZONE MEASURING PROJECT - SABENA.</headline>
<dateline>BRUSSELS 1997-08-11</dateline>
<text>
<p>Four European airlines are starting a project to measure levels of ozone during flights to assess the impact of pollution on the environment.</p>
<p>Belgian airline Sabena -- one of the participating carriers -- on Monday said the Mozaic project would study the effect of industry in general as well as aviation in particular on the climate, public health and flora.</p>
<p>Half of the cost of Mozaic, or Measurement of OZone by Airbus In-service airCraft, will be borne by the European Union, while the Airbus consortium, the airlines and research institutes will cover the remainder, a Sabena spokesman said.</p>
<p>Information will be collected on flights by Sabena, Lufthansa of Germany, Air France and Austrian Airlines to the United States, Africa, Latin America, Australia, Russia and northern Asia.</p>
<p>Five aircraft, one of them an Airbus company jet, will carry equipment collecting data on ozone concentrations at high altitudes, which will be processed in France before publication on the Internet. The Web address is not known at present.</p>
<p>Jets' kerosene-powered engines produce gases such as carbon dioxide and nitrous oxide which contribute to the formation of ozone and smog and to global warming.</p>
<p>Sabena said jet aircraft worldwide accounted for two or three percent of the total of nitrous oxide produced by man.</p>
<p>It said the results of the study would help aviation companies produce cleaner and more efficient engines.</p>
<p>The European Union has said it aims to cut carbon emissions from coal, oil and other fossil fuels by 15 percent from 1990 levels by 2010.</p>
<p>-- Nieck Ammerlaan, Brussels Newsroom +32 2 287 6816, Fax +32 2 230 7710</p>
</text>
<copyright>(c) Reuters Limited 1997</copyright>
<metadata>
<codes class="bip:countries:1.0">
  <code code="AUST">
    <editdetail attribution="Reuters BIP Coding Group" action="confirmed" date="1997-08-11"/>
  </code>
  <code code="BELG">
    <editdetail attribution="Reuters BIP Coding Group" action="confirmed" date="1997-08-11"/>
  </code>
  <code code="EEC">
    <editdetail attribution="Reuters BIP Coding Group" action="confirmed" date="1997-08-11"/>
  </code>
  <code code="FRA">
    <editdetail attribution="Reuters BIP Coding Group" action="confirmed" date="1997-08-11"/>
  </code>
  <code code="GFR">
    <editdetail attribution="Reuters BIP Coding Group" action="confirmed" date="1997-08-11"/>
  </code>
</codes>
<codes class="bip:industries:1.0">
  <code code="I75000">
    <editdetail attribution="Reuters BIP Coding Group" action="confirmed" date="1997-08-11"/>
  </code>
</codes>
<codes class="bip:topics:1.0">
  <code code="C11">
    <editdetail attribution="Reuters BIP Coding Group" action="confirmed" date="1997-08-11"/>
  </code>
  <code code="C13">
    <editdetail attribution="Reuters BIP Coding Group" action="confirmed" date="1997-08-11"/>
  </code>
  <code code="CCAT">
    <editdetail attribution="Reuters BIP Coding Group" action="confirmed" date="1997-08-11"/>
  </code>
  <code code="G15">
    <editdetail attribution="Reuters BIP Coding Group" action="confirmed" date="1997-08-11"/>
  </code>
  <code code="G156">
    <editdetail attribution="Reuters BIP Coding Group" action="confirmed" date="1997-08-11"/>
  </code>
  <code code="GCAT">
    <editdetail attribution="Reuters BIP Coding Group" action="confirmed" date="1997-08-11"/>
  </code>
  <code code="GENV">
    <editdetail attribution="Reuters BIP Coding Group" action="confirmed" date="1997-08-11"/>
  </code>
</codes>
<dc element="dc.date.created" value="1997-08-11"/>
<dc element="dc.publisher" value="Reuters Holdings Plc"/>
<dc element="dc.date.published" value="1997-08-11"/>
<dc element="dc.source" value="Reuters"/>
<dc element="dc.creator.location" value="BRUSSELS"/>
<dc element="dc.creator.location.country.name" value="BELGIUM"/>
<dc element="dc.source" value="Reuters"/>
</metadata>
</newsitem>
