<?xml version="1.0" encoding="iso-8859-1" ?>
<newsitem itemid="790668" id="root" date="1997-08-11" xml:lang="en">
<title>GREECE: CITIBANK, ATHENS KEEPS BASE LOAN RATES STEADY.</title>
<headline>CITIBANK, ATHENS KEEPS BASE LOAN RATES STEADY.</headline>
<dateline>ATHENS 1997-08-11</dateline>
<text>
<p>Citibank will keep its base</p>
<p>lending rates unchanged for a week effective Tuesday August 12,</p>
<p>it said.</p>
<p>Citibank, which reviews its rates weekly, offers the</p>
<p>following lending rate structure:</p>
<p>** Base rate for working capital loans at 16.50 percent</p>
<p>** Business and professional base lending rate at 16.75 percent</p>
<p>** Base rate for freely investible funds at 16.75 percent</p>
<p>** Mortgage rates*:</p>
<p>insurance cost included 14.50 percent</p>
<p>insurance cost not included 14.00 percent</p>
<p>without prenotice 16.00 percent</p>
<p>* customers participating in the New Banking Relationship</p>
<p>are entitled to a 1.0 percent cut in all mortgage rates</p>
<p>** Auto loans through representative at 18.00 percent</p>
<p>** Branch auto loans at 19.00 percent</p>
<p>** Personal installment loans steady at 19.50 percent</p>
<p>** Personal installment loans with invoices at 17.00 percent</p>
<p>** Citi-Credit at 21.00 percent</p>
<p>Contribution under Law 128 is not included in the rates</p>
<p>quoted, it said.</p>
<p>Base rates on working capital loans in foreign currency for</p>
<p>this week will be:</p>
<p>    US dollars     :  8.32 percent</p>
<p>    Yen		:  3.30 percent</p>
<p>    Marks	    :  5.94 percent</p>
<p>    Ecu		:  6.98 percent</p>
<p>    Guilders	 :  5.94 percent</p>
<p>    French francs  :  6.02 percent</p>
<p>    Pounds sterling:  9.76 percent</p>
<p>    Swiss francs   :  4.32 percent</p>
<p>    Belgian francs :  6.21 percent</p>
<p>    Italian lira   :  9.52 percent</p>
<p>--Angelos Kiosklis, Athens Newsroom +301 3311812-4</p>
</text>
<copyright>(c) Reuters Limited 1997</copyright>
<metadata>
<codes class="bip:countries:1.0">
  <code code="GREECE">
    <editdetail attribution="Reuters BIP Coding Group" action="confirmed" date="1997-08-11"/>
  </code>
</codes>
<codes class="bip:industries:1.0">
  <code code="I81402">
    <editdetail attribution="Reuters BIP Coding Group" action="confirmed" date="1997-08-11"/>
  </code>
</codes>
<codes class="bip:topics:1.0">
  <code code="C31">
    <editdetail attribution="Reuters BIP Coding Group" action="confirmed" date="1997-08-11"/>
  </code>
  <code code="CCAT">
    <editdetail attribution="Reuters BIP Coding Group" action="confirmed" date="1997-08-11"/>
  </code>
</codes>
<dc element="dc.date.created" value="1997-08-11"/>
<dc element="dc.publisher" value="Reuters Holdings Plc"/>
<dc element="dc.date.published" value="1997-08-11"/>
<dc element="dc.source" value="Reuters"/>
<dc element="dc.creator.location" value="ATHENS"/>
<dc element="dc.creator.location.country.name" value="GREECE"/>
<dc element="dc.source" value="Reuters"/>
</metadata>
</newsitem>
