<?xml version="1.0" encoding="iso-8859-1" ?>
<newsitem itemid="790635" id="root" date="1997-08-11" xml:lang="en">
<title>LATVIA: PAREKS BANK 7-MO PROFIT 5.4 MLN LATS.</title>
<headline>PAREKS BANK 7-MO PROFIT 5.4 MLN LATS.</headline>
<dateline>RIGA 1997-08-11</dateline>
<text>
<p>Seven months 1997</p>
<p>				  (million lats unless stated)</p>
<p> Net profit					    5.45</p>
<p> Assets						245.57</p>
<p> Claims on other credit institutions	  48.30</p>
<p> Deposits					    138.48</p>
<p> Business deposits				 106.92</p>
<p> Individuals deposits			     25.33</p>
<p> Claims on clients				  21.31</p>
<p>NOTE - Latvia's largest bank, Pareks Bank, did not provide</p>
<p>comparisons for its seven-month profit.</p>
<p>-- Riga newsroom, +371 721 5240</p>
</text>
<copyright>(c) Reuters Limited 1997</copyright>
<metadata>
<codes class="bip:countries:1.0">
  <code code="LATV">
    <editdetail attribution="Reuters BIP Coding Group" action="confirmed" date="1997-08-11"/>
  </code>
</codes>
<codes class="bip:industries:1.0">
  <code code="I81402">
    <editdetail attribution="Reuters BIP Coding Group" action="confirmed" date="1997-08-11"/>
  </code>
  <code code="I83100">
    <editdetail attribution="Reuters BIP Coding Group" action="confirmed" date="1997-08-11"/>
  </code>
</codes>
<codes class="bip:topics:1.0">
  <code code="C15">
    <editdetail attribution="Reuters BIP Coding Group" action="confirmed" date="1997-08-11"/>
  </code>
  <code code="C151">
    <editdetail attribution="Reuters BIP Coding Group" action="confirmed" date="1997-08-11"/>
  </code>
  <code code="CCAT">
    <editdetail attribution="Reuters BIP Coding Group" action="confirmed" date="1997-08-11"/>
  </code>
</codes>
<dc element="dc.date.created" value="1997-08-11"/>
<dc element="dc.publisher" value="Reuters Holdings Plc"/>
<dc element="dc.date.published" value="1997-08-11"/>
<dc element="dc.source" value="Reuters"/>
<dc element="dc.creator.location" value="RIGA"/>
<dc element="dc.creator.location.country.name" value="LATVIA"/>
<dc element="dc.source" value="Reuters"/>
</metadata>
</newsitem>
