<?xml version="1.0" encoding="iso-8859-1" ?>
<newsitem itemid="790621" id="root" date="1997-08-11" xml:lang="en">
<title>MACEDONIA: PRESS DIGEST - MACEDONIA - AUG 11.</title>
<headline>PRESS DIGEST - MACEDONIA - AUG 11.</headline>
<dateline>SKOPJE 1997-08-11</dateline>
<text>
<p>These are the highlights of main stories in the Skopje press on Monday. Reuters has not verified these stories and does not vouch for their accuracy.</p>
<p>NOVA MAKEDONIJA</p>
<p>- The Macedonian government to review a number of draft laws at its regular session. Parliament to return from summer break on August 20. New session planned for August 24 at which the interior ministry's report on the events in Tetovo and Gostivar will be discussed.</p>
<p>DNEVNIK</p>
<p>- Macedonian customs officials from the region of Radika watchtower, bordering Albania, seized 15 automatic guns, 31 flak jackets and 1,703 bullets from a group of ten Albanians trying to enter Macedonia illegally. Customs officials warned the group to stop, after which it dropped the weapons and fled in the direction of Albania.</p>
<p>- &quot;The confidence of the Macedonian citizens in the system's institutions must be restored and this will positively reflect on Macedonian immigrants who have money and are willing to invest in their country,&quot; said Vladimir Ralev, prominent Macedonian businessman.</p>
<p>VECER</p>
<p>- A total of 203 million German marks have been collected so far from privatisation in Macedonia, of which 164 million from the sell-off of companies. During the first several months of the year, an inflow of 36 millon marks registered in the Privatisation Agency.</p>
<p>-- Mircela Casule, Skopje newsroom +389 91 201 196</p>
</text>
<copyright>(c) Reuters Limited 1997</copyright>
<metadata>
<codes class="bip:countries:1.0">
  <code code="MCDNIA">
    <editdetail attribution="Reuters BIP Coding Group" action="confirmed" date="1997-08-11"/>
  </code>
</codes>
<codes class="bip:topics:1.0">
  <code code="GCAT">
    <editdetail attribution="Reuters BIP Coding Group" action="confirmed" date="1997-08-11"/>
  </code>
</codes>
<dc element="dc.date.created" value="1997-08-11"/>
<dc element="dc.publisher" value="Reuters Holdings Plc"/>
<dc element="dc.date.published" value="1997-08-11"/>
<dc element="dc.source" value="Reuters"/>
<dc element="dc.creator.location" value="SKOPJE"/>
<dc element="dc.creator.location.country.name" value="MACEDONIA"/>
<dc element="dc.source" value="Reuters"/>
</metadata>
</newsitem>
