<?xml version="1.0" encoding="iso-8859-1" ?>
<newsitem itemid="790702" id="root" date="1997-08-11" xml:lang="en">
<title>UK: LIFFE COCOA ENDS MIXED, VOLUME THIN.</title>
<headline>LIFFE COCOA ENDS MIXED, VOLUME THIN.</headline>
<dateline>LONDON 1997-08-11</dateline>
<text>
<p>LIFFE cocoa ended tightly mixed, with the nearby months firmer in quiet trade.</p>
<p>Front month September last traded one stg higher at 1,022 stg, on volume of 739 lots, having ranged between 1,017 and 1,028.</p>
<p>Active December, with 916 of the total 2,467 lots, last traded two stg higher at 1,053 stg. Its day's range was 1,048 to 1,060 stg.</p>
<p>&quot;It's been one of the quietest days for a long time,&quot; one trader said.</p>
<p>Cocoa had opened higher as expected, but came back from highs during the morning as the third month March failed to make a convincing break of resistance, traders said.</p>
<p>However, it was underpinned by concerns over the effect on the crop of the El Nino weather system, the trader said.</p>
<p>Afternoon trade was extremely quiet. &quot;A lot of the industry closes in August,&quot; the trader said. And many traders had taken the chance to go away.</p>
<p>--Christopher Lyddon, London newsroom +44 171 542 7928</p>
</text>
<copyright>(c) Reuters Limited 1997</copyright>
<metadata>
<codes class="bip:countries:1.0">
  <code code="UK">
    <editdetail attribution="Reuters BIP Coding Group" action="confirmed" date="1997-08-11"/>
  </code>
</codes>
<codes class="bip:topics:1.0">
  <code code="M14">
    <editdetail attribution="Reuters BIP Coding Group" action="confirmed" date="1997-08-11"/>
  </code>
  <code code="M141">
    <editdetail attribution="Reuters BIP Coding Group" action="confirmed" date="1997-08-11"/>
  </code>
  <code code="MCAT">
    <editdetail attribution="Reuters BIP Coding Group" action="confirmed" date="1997-08-11"/>
  </code>
</codes>
<dc element="dc.date.created" value="1997-08-11"/>
<dc element="dc.publisher" value="Reuters Holdings Plc"/>
<dc element="dc.date.published" value="1997-08-11"/>
<dc element="dc.source" value="Reuters"/>
<dc element="dc.creator.location" value="LONDON"/>
<dc element="dc.creator.location.country.name" value="UK"/>
<dc element="dc.source" value="Reuters"/>
</metadata>
</newsitem>
