<?xml version="1.0" encoding="iso-8859-1" ?>
<newsitem itemid="780728" id="root" date="1997-08-06" xml:lang="en">
<title>CANADA: Computalog Ltd Q2 turns to profit.</title>
<headline>Computalog Ltd Q2 turns to profit.</headline>
<dateline>CALGARY 1997-08-06</dateline>
<text>
<p>1997			  1996</p>
<p> Shr	 Profit	C$0.15     Loss	C$0.09</p>
<p> Net	 Profit	 1,922     Loss	   769</p>
<p> Revs			43,278		   26,718</p>
<p>	   6 MONTHS</p>
<p> Shr	 Profit	C$0.61   Profit	C$0.30</p>
<p> Net	 Profit	 7,989   Profit	 3,774</p>
<p> Revs			98,087		   63,728</p>
<p> Avg shrs		     n/a			n/a</p>
<p>		  (All data above 000s except per share numbers)</p>
<p>Company full name is Computalog Ltd. ((Reuters Calgary Bureau (403) 531-1624))</p>
</text>
<copyright>(c) Reuters Limited 1997</copyright>
<metadata>
<codes class="bip:countries:1.0">
  <code code="CANA">
    <editdetail attribution="Reuters BIP Coding Group" action="confirmed" date="1997-08-06"/>
  </code>
</codes>
<codes class="bip:industries:1.0">
  <code code="I83700">
    <editdetail attribution="Reuters BIP Coding Group" action="confirmed" date="1997-08-06"/>
  </code>
</codes>
<codes class="bip:topics:1.0">
  <code code="C15">
    <editdetail attribution="Reuters BIP Coding Group" action="confirmed" date="1997-08-06"/>
  </code>
  <code code="C151">
    <editdetail attribution="Reuters BIP Coding Group" action="confirmed" date="1997-08-06"/>
  </code>
  <code code="CCAT">
    <editdetail attribution="Reuters BIP Coding Group" action="confirmed" date="1997-08-06"/>
  </code>
</codes>
<dc element="dc.date.created" value="1997-08-06"/>
<dc element="dc.publisher" value="Reuters Holdings Plc"/>
<dc element="dc.date.published" value="1997-08-06"/>
<dc element="dc.source" value="Reuters"/>
<dc element="dc.creator.location" value="CALGARY"/>
<dc element="dc.creator.location.country.name" value="CANADA"/>
<dc element="dc.source" value="Reuters"/>
</metadata>
</newsitem>
