<?xml version="1.0" encoding="iso-8859-1" ?>
<newsitem itemid="780797" id="root" date="1997-08-06" xml:lang="en">
<title>USA: Heilig-Meyers sees q2 earnings under press.</title>
<headline>Heilig-Meyers sees q2 earnings under press.</headline>
<dateline>RICHMOND, Va. 1997-08-06</dateline>
<text>
<p>Furniture retailer Heilig-Meyers said on Wednesday that its second quarter earnings for the period ending August 31, 1997, would be &quot;under pressure&quot; because of a weak performance for the first two months of the quarter.</p>
<p>Troy Peery Jr., president and chief operating officer, said in a statement that July sales were soft, primarily in the company's Heilig-Meyers stores where sales of seasonal goods were particularly slow.</p>
<p>Peery said sales at the company's other formats, including Berrios and Mattress Discounters, were better than planned.</p>
</text>
<copyright>(c) Reuters Limited 1997</copyright>
<metadata>
<codes class="bip:countries:1.0">
  <code code="USA">
    <editdetail attribution="Reuters BIP Coding Group" action="confirmed" date="1997-08-06"/>
  </code>
</codes>
<codes class="bip:industries:1.0">
  <code code="I65400">
    <editdetail attribution="Reuters BIP Coding Group" action="confirmed" date="1997-08-06"/>
  </code>
</codes>
<codes class="bip:topics:1.0">
  <code code="C15">
    <editdetail attribution="Reuters BIP Coding Group" action="confirmed" date="1997-08-06"/>
  </code>
  <code code="C152">
    <editdetail attribution="Reuters BIP Coding Group" action="confirmed" date="1997-08-06"/>
  </code>
  <code code="CCAT">
    <editdetail attribution="Reuters BIP Coding Group" action="confirmed" date="1997-08-06"/>
  </code>
</codes>
<dc element="dc.date.created" value="1997-08-06"/>
<dc element="dc.publisher" value="Reuters Holdings Plc"/>
<dc element="dc.date.published" value="1997-08-06"/>
<dc element="dc.source" value="Reuters"/>
<dc element="dc.creator.location" value="RICHMOND, Va."/>
<dc element="dc.creator.location.country.name" value="USA"/>
<dc element="dc.source" value="Reuters"/>
</metadata>
</newsitem>
