<?xml version="1.0" encoding="iso-8859-1" ?>
<newsitem itemid="780794" id="root" date="1997-08-06" xml:lang="en">
<title>USA: TABLE - Commercial Net Q2 net rises.</title>
<headline>TABLE - Commercial Net Q2 net rises.</headline>
<dateline>ORLANDO, Fla. 1997-08-06</dateline>
<text>
<p>(in thousands, except per share data)</p>
<p>		For the quarter ended     For the six months ended</p>
<p>		06/30/97	 06/30/96     06/30/97	06/30/96</p>
<p>    Income:    12,067	   7,631	 23,083	  14,555</p>
<p>    Expenses:   4,859	   3,097	  9,401	   6,031</p>
<p>Net earnings</p>
<p>		   $7,208	  $4,534	$13,953	  $8,524</p>
<p>Weighted average</p>
<p>shares outstanding</p>
<p>		   23,394	  15,689	 22,631	  15,000</p>
<p>Earnings per share</p>
<p>		    $0.31	   $0.29	  $0.62	   $0.57</p>
<p>				  6/30/97		     12/31/96</p>
<p>   Total assets:	   $473,414		    $370,953</p>
<p>NOTE: The company said it completed property acquisitions totaling $41 million in Q2 and $105 million in the first half of 1997.</p>
<p>Full name is Commercial Net Lease Realty Inc.</p>
</text>
<copyright>(c) Reuters Limited 1997</copyright>
<metadata>
<codes class="bip:countries:1.0">
  <code code="USA">
    <editdetail attribution="Reuters BIP Coding Group" action="confirmed" date="1997-08-06"/>
  </code>
</codes>
<codes class="bip:industries:1.0">
  <code code="I85000">
    <editdetail attribution="Reuters BIP Coding Group" action="confirmed" date="1997-08-06"/>
  </code>
</codes>
<codes class="bip:topics:1.0">
  <code code="C15">
    <editdetail attribution="Reuters BIP Coding Group" action="confirmed" date="1997-08-06"/>
  </code>
  <code code="C151">
    <editdetail attribution="Reuters BIP Coding Group" action="confirmed" date="1997-08-06"/>
  </code>
  <code code="CCAT">
    <editdetail attribution="Reuters BIP Coding Group" action="confirmed" date="1997-08-06"/>
  </code>
</codes>
<dc element="dc.date.created" value="1997-08-06"/>
<dc element="dc.publisher" value="Reuters Holdings Plc"/>
<dc element="dc.date.published" value="1997-08-06"/>
<dc element="dc.source" value="Reuters"/>
<dc element="dc.creator.location" value="ORLANDO, Fla."/>
<dc element="dc.creator.location.country.name" value="USA"/>
<dc element="dc.source" value="Reuters"/>
</metadata>
</newsitem>
