<?xml version="1.0" encoding="iso-8859-1" ?>
<newsitem itemid="780771" id="root" date="1997-08-06" xml:lang="en">
<title>USA: Clinton - US could join global anti-tobacco effort.</title>
<headline>Clinton - US could join global anti-tobacco effort.</headline>
<dateline>WASHINGTON 1997-08-06</dateline>
<text>
<p>President Bill Clinton suggested on Wednesday that the United States might participate in international efforts aimed at curbing sales of tobacco, especially to children.</p>
<p>&quot;I think that there may be some multilateral actions that we would want to be part of,&quot; Clinton said in response to a question about possible efforts to slow tobacco sales overseas.</p>
<p>&quot;I know that sales have been declining in the United States and Latin America and going up in Asia and in Eastern Europe, and that it's natural to expect that the companies will try to accelerate the growing markets,&quot; he said at a White House news conference.</p>
<p>&quot;If they're dangerous to children here, they're dangerous to children there,&quot; he said.</p>
<p>Clinton said he was now evaluating a proposed settlement between the tobacco industry and the state attorneys general in which cigarette manufacturers promised to pay out $368 billion, partly to reimburse states for smoking-related health costs and partly to fund anti-smoking efforts.</p>
<p>However, Clinton noted that &quot;it is inevitable as the sun coming up today that international institutions will be called upon and nations will be called upon to responsively deal with this.&quot;</p>
</text>
<copyright>(c) Reuters Limited 1997</copyright>
<metadata>
<codes class="bip:countries:1.0">
  <code code="USA">
    <editdetail attribution="Reuters BIP Coding Group" action="confirmed" date="1997-08-06"/>
  </code>
</codes>
<codes class="bip:industries:1.0">
  <code code="I42900">
    <editdetail attribution="Reuters BIP Coding Group" action="confirmed" date="1997-08-06"/>
  </code>
  <code code="I83960">
    <editdetail attribution="Reuters BIP Coding Group" action="confirmed" date="1997-08-06"/>
  </code>
</codes>
<codes class="bip:topics:1.0">
  <code code="C31">
    <editdetail attribution="Reuters BIP Coding Group" action="confirmed" date="1997-08-06"/>
  </code>
  <code code="C312">
    <editdetail attribution="Reuters BIP Coding Group" action="confirmed" date="1997-08-06"/>
  </code>
  <code code="CCAT">
    <editdetail attribution="Reuters BIP Coding Group" action="confirmed" date="1997-08-06"/>
  </code>
  <code code="E51">
    <editdetail attribution="Reuters BIP Coding Group" action="confirmed" date="1997-08-06"/>
  </code>
  <code code="E512">
    <editdetail attribution="Reuters BIP Coding Group" action="confirmed" date="1997-08-06"/>
  </code>
  <code code="ECAT">
    <editdetail attribution="Reuters BIP Coding Group" action="confirmed" date="1997-08-06"/>
  </code>
  <code code="GCAT">
    <editdetail attribution="Reuters BIP Coding Group" action="confirmed" date="1997-08-06"/>
  </code>
  <code code="GDIP">
    <editdetail attribution="Reuters BIP Coding Group" action="confirmed" date="1997-08-06"/>
  </code>
  <code code="GHEA">
    <editdetail attribution="Reuters BIP Coding Group" action="confirmed" date="1997-08-06"/>
  </code>
</codes>
<dc element="dc.date.created" value="1997-08-06"/>
<dc element="dc.publisher" value="Reuters Holdings Plc"/>
<dc element="dc.date.published" value="1997-08-06"/>
<dc element="dc.source" value="Reuters"/>
<dc element="dc.creator.location" value="WASHINGTON"/>
<dc element="dc.creator.location.country.name" value="USA"/>
<dc element="dc.source" value="Reuters"/>
</metadata>
</newsitem>
