<?xml version="1.0" encoding="iso-8859-1" ?>
<newsitem itemid="780753" id="root" date="1997-08-06" xml:lang="en">
<title>USA: CSCE cocoa sinks at midday on spec liquidation.</title>
<headline>CSCE cocoa sinks at midday on spec liquidation.</headline>
<dateline>NEW YORK 1997-08-06</dateline>
<text>
<p>CSCE cocoa futures sank at midday under a wave of speculative long liquidation, dealers said.</p>
<p>But steady scale-down manufacturer buying, as well as light trade interest, stemmed further losses, they added.</p>
<p>&quot;It's pretty much what we've been seeing the last couple of days -- spec selling into manufacturer and trade buying,&quot; said one trader.</p>
<p>At 1201 EDT, benchmark September was down $18 at $1,465 a tonne, traded $1,488 to $1,462. Second-month December was $17 lower at $1,512, while the back months fell $13 to $18.</p>
<p>Cocoa prices headed higher at the outset, as expected, in line with gains overnight in London. Traders said September's inability to get past chart resistance at $1,490 dampened buyers' enthusiasm.</p>
<p>They also said a still-strong dollar against sterling and other European currencies weighed on the market.</p>
<p>&quot;There was a little currency-related arb selling early on, but they have backed off,&quot; said a trader.</p>
<p>Downward momentum accelerated after September fell through $1,475, triggering sell-stop orders.</p>
<p>On the charts, traders said September now faced support at $1,460, followed by $1,448 and $1,438 to $1,436. Resistance was still seen near $1,490.</p>
<p>Volume as of 1100 EDT was heavy, at an estimated 7,076 lots.</p>
<p>((--Patricia Avidan, New York Commodity Desk +1 212 859 1640))</p>
</text>
<copyright>(c) Reuters Limited 1997</copyright>
<metadata>
<codes class="bip:countries:1.0">
  <code code="USA">
    <editdetail attribution="Reuters BIP Coding Group" action="confirmed" date="1997-08-06"/>
  </code>
</codes>
<codes class="bip:topics:1.0">
  <code code="M14">
    <editdetail attribution="Reuters BIP Coding Group" action="confirmed" date="1997-08-06"/>
  </code>
  <code code="M141">
    <editdetail attribution="Reuters BIP Coding Group" action="confirmed" date="1997-08-06"/>
  </code>
  <code code="MCAT">
    <editdetail attribution="Reuters BIP Coding Group" action="confirmed" date="1997-08-06"/>
  </code>
</codes>
<dc element="dc.date.created" value="1997-08-06"/>
<dc element="dc.publisher" value="Reuters Holdings Plc"/>
<dc element="dc.date.published" value="1997-08-06"/>
<dc element="dc.source" value="Reuters"/>
<dc element="dc.creator.location" value="NEW YORK"/>
<dc element="dc.creator.location.country.name" value="USA"/>
<dc element="dc.source" value="Reuters"/>
</metadata>
</newsitem>
