<?xml version="1.0" encoding="iso-8859-1" ?>
<newsitem itemid="780714" id="root" date="1997-08-06" xml:lang="en">
<title>UK: Study explains how bacteria survive airless depths.</title>
<headline>Study explains how bacteria survive airless depths.</headline>
<dateline>LONDON 1997-08-06</dateline>
<text>
<p>Marine scientists said on Wednesday they may have explained how bacteria can survive, and even thrive, deep in the airless sediments under the sea.</p>
<p>They said burying organic matter -- such as the remains of dead plants or fish -- generated acetate, which the bacteria seemed to like.</p>
<p>John Parkes and colleagues at the University of Bristol in Britain and Norway's University of Bergen did a series of tests to simulate the hot, distant depths under the ocean sediments.</p>
<p>They knew acetate could be a source of carbon -- the basis for all life on Earth -- but analysis of the sediments shows acetate concentrations are low.</p>
<p>The secret could be heat -- and layers of soil do get hotter as they go deeper and nearer the Earth's hot mantle.</p>
<p>&quot;Heating surface coastal marine sediments to simulate increasing temperature during burial produces an increase of over three orders of magnitude in acetate concentrations and increases bacterial activity,&quot; they wrote in a report in the science journal Nature.</p>
<p>They also took samples and found more acetate at depths below 150 metres (500 feet), and more bacterial activity there, too.</p>
<p>&quot;Thus, acetate generation from organic matter during burial may explain the presence of a deep bacterial biosphere in marine sediments, and could underpin an even deeper and hotter biosphere than has previously been considered,&quot; they concluded.</p>
<p>Scientists have been mystified in recent years by where they can find bacteria. They thrive in hot sulphur springs, deep under the Earth's surface and in the layers of sediment beneath the sea.</p>
<p>Finding such extremophiles, as they are dubbed, raises the possibility that life could exist elsewhere in the universe, where conditions are not so benevolent as the Earth's surface.</p>
</text>
<copyright>(c) Reuters Limited 1997</copyright>
<metadata>
<codes class="bip:countries:1.0">
  <code code="UK">
    <editdetail attribution="Reuters BIP Coding Group" action="confirmed" date="1997-08-06"/>
  </code>
</codes>
<codes class="bip:topics:1.0">
  <code code="GCAT">
    <editdetail attribution="Reuters BIP Coding Group" action="confirmed" date="1997-08-06"/>
  </code>
  <code code="GENV">
    <editdetail attribution="Reuters BIP Coding Group" action="confirmed" date="1997-08-06"/>
  </code>
  <code code="GSCI">
    <editdetail attribution="Reuters BIP Coding Group" action="confirmed" date="1997-08-06"/>
  </code>
</codes>
<dc element="dc.date.created" value="1997-08-06"/>
<dc element="dc.publisher" value="Reuters Holdings Plc"/>
<dc element="dc.date.published" value="1997-08-06"/>
<dc element="dc.source" value="Reuters"/>
<dc element="dc.creator.location" value="LONDON"/>
<dc element="dc.creator.location.country.name" value="UK"/>
<dc element="dc.source" value="Reuters"/>
</metadata>
</newsitem>
