<?xml version="1.0" encoding="iso-8859-1" ?>
<newsitem itemid="780767" id="root" date="1997-08-06" xml:lang="en">
<title>USA: Spelling Entertainment CFO resigns.</title>
<headline>Spelling Entertainment CFO resigns.</headline>
<dateline>LOS ANGELES 1997-08-06</dateline>
<text>
<p>Spelling Entertainment Group Inc said Wednesday Chief Financial Officer William Clark has resigned &quot;to pursue other interests.&quot;</p>
<p>Clark joined the company in November 1996.</p>
<p>The company said that on an interim basis, Clark's responsibilities will be shared by James Miller, the company's vice president, controller and chief accounting officer, and Ross Landsbaum, vice president of finance and tax.</p>
<p>((-- New York Newsdesk 212-859-1610))</p>
</text>
<copyright>(c) Reuters Limited 1997</copyright>
<metadata>
<codes class="bip:countries:1.0">
  <code code="USA">
    <editdetail attribution="Reuters BIP Coding Group" action="confirmed" date="1997-08-06"/>
  </code>
</codes>
<codes class="bip:industries:1.0">
  <code code="I97100">
    <editdetail attribution="Reuters BIP Coding Group" action="confirmed" date="1997-08-06"/>
  </code>
</codes>
<codes class="bip:topics:1.0">
  <code code="C41">
    <editdetail attribution="Reuters BIP Coding Group" action="confirmed" date="1997-08-06"/>
  </code>
  <code code="C411">
    <editdetail attribution="Reuters BIP Coding Group" action="confirmed" date="1997-08-06"/>
  </code>
  <code code="CCAT">
    <editdetail attribution="Reuters BIP Coding Group" action="confirmed" date="1997-08-06"/>
  </code>
</codes>
<dc element="dc.date.created" value="1997-08-06"/>
<dc element="dc.publisher" value="Reuters Holdings Plc"/>
<dc element="dc.date.published" value="1997-08-06"/>
<dc element="dc.source" value="Reuters"/>
<dc element="dc.creator.location" value="LOS ANGELES"/>
<dc element="dc.creator.location.country.name" value="USA"/>
<dc element="dc.source" value="Reuters"/>
</metadata>
</newsitem>
