<?xml version="1.0" encoding="iso-8859-1" ?>
<newsitem itemid="780729" id="root" date="1997-08-06" xml:lang="en">
<title>CANADA: Poco boosts 1997 capital spending.</title>
<headline>Poco boosts 1997 capital spending.</headline>
<dateline>CALGARY 1997-08-06</dateline>
<text>
<p>Poco Petroleums Ltd said on Wednesday it planned to increase its capital spending in 1997 to C$500 million from the previously budgeted C$400 million.</p>
<p>Poco, which reported big increases in oil and gas reserves and production for the first half, said the richer budget would consist of C$400 million for exploration and development and C$100 million for acquisitions.</p>
<p>&quot;This program was increased from C$400 million due to increased drilling projected for the fourth quarter, additional Crown (government) land acquisitions and the O'Chiese and Alder Flats plant expansions,&quot; the company said.  </p>
<p>It said its 1997 production was expected to average 460 million cubic feet of natural gas and 40,000 barrels of oil and gas liquids a day. Exit rates for 1997 were projected at 500 million cubic feet of gas and 44,000 barrels of oil and liquids a day.</p>
<p>Poco said its 1997 cash flow was expected to reach C$2.50 to C$2.60 a share, based on assumptions of C$22 a barrel for oil and liquids (US$20 per barrel WTI) and C$1.90 per thousand cubic feet of gas.</p>
<p>The company's cash flow in 1996 was C$2.02 a share.</p>
</text>
<copyright>(c) Reuters Limited 1997</copyright>
<metadata>
<codes class="bip:countries:1.0">
  <code code="CANA">
    <editdetail attribution="Reuters BIP Coding Group" action="confirmed" date="1997-08-06"/>
  </code>
</codes>
<codes class="bip:industries:1.0">
  <code code="I13000">
    <editdetail attribution="Reuters BIP Coding Group" action="confirmed" date="1997-08-06"/>
  </code>
  <code code="I1300003">
    <editdetail attribution="Reuters BIP Coding Group" action="confirmed" date="1997-08-06"/>
  </code>
</codes>
<codes class="bip:topics:1.0">
  <code code="C24">
    <editdetail attribution="Reuters BIP Coding Group" action="confirmed" date="1997-08-06"/>
  </code>
  <code code="CCAT">
    <editdetail attribution="Reuters BIP Coding Group" action="confirmed" date="1997-08-06"/>
  </code>
</codes>
<dc element="dc.date.created" value="1997-08-06"/>
<dc element="dc.publisher" value="Reuters Holdings Plc"/>
<dc element="dc.date.published" value="1997-08-06"/>
<dc element="dc.source" value="Reuters"/>
<dc element="dc.creator.location" value="CALGARY"/>
<dc element="dc.creator.location.country.name" value="CANADA"/>
<dc element="dc.source" value="Reuters"/>
</metadata>
</newsitem>
