<?xml version="1.0" encoding="iso-8859-1" ?>
<newsitem itemid="780766" id="root" date="1997-08-06" xml:lang="en">
<title>USA: Bucyrus International deal gets FTC nod.</title>
<headline>Bucyrus International deal gets FTC nod.</headline>
<dateline>SOUTH MILWAUKEE, Wis. 1997-08-06</dateline>
<text>
<p>Bucyrus International Inc said Wednesday the Federal Trade Commission has granted early termination of the waiting period under the Hart-Scott-Rodino Antitrust Improvements Act.</p>
<p>This will allow Bucyrus to complete its previously announced acquisition of the assets of the Marion Power Shovel Co and the assets of the certain related businesses from Global Industrial Technologies Inc.</p>
<p>The transaction is expected to be completed within 15 days, Bucyrus said in a news release.</p>
<p>((Chicago newsdesk 312 408 8787))</p>
</text>
<copyright>(c) Reuters Limited 1997</copyright>
<metadata>
<codes class="bip:countries:1.0">
  <code code="USA">
    <editdetail attribution="Reuters BIP Coding Group" action="confirmed" date="1997-08-06"/>
  </code>
</codes>
<codes class="bip:industries:1.0">
  <code code="I32510">
    <editdetail attribution="Reuters BIP Coding Group" action="confirmed" date="1997-08-06"/>
  </code>
</codes>
<codes class="bip:topics:1.0">
  <code code="C13">
    <editdetail attribution="Reuters BIP Coding Group" action="confirmed" date="1997-08-06"/>
  </code>
  <code code="C18">
    <editdetail attribution="Reuters BIP Coding Group" action="confirmed" date="1997-08-06"/>
  </code>
  <code code="C181">
    <editdetail attribution="Reuters BIP Coding Group" action="confirmed" date="1997-08-06"/>
  </code>
  <code code="CCAT">
    <editdetail attribution="Reuters BIP Coding Group" action="confirmed" date="1997-08-06"/>
  </code>
</codes>
<dc element="dc.date.created" value="1997-08-06"/>
<dc element="dc.publisher" value="Reuters Holdings Plc"/>
<dc element="dc.date.published" value="1997-08-06"/>
<dc element="dc.source" value="Reuters"/>
<dc element="dc.creator.location" value="SOUTH MILWAUKEE, Wis."/>
<dc element="dc.creator.location.country.name" value="USA"/>
<dc element="dc.source" value="Reuters"/>
</metadata>
</newsitem>
