<?xml version="1.0" encoding="iso-8859-1" ?>
<newsitem itemid="780719" id="root" date="1997-08-06" xml:lang="en">
<title>CANADA: Canada dollar ends weaker, further losses seen.</title>
<headline>Canada dollar ends weaker, further losses seen.</headline>
<text>
<p>FORECAST RANGE   1.3850/1.3900	   ASIAN CLOSE     1.3812</p>
<p>RESISTANCE 1.3800   SUPPORT 1.3950     HI 1.3836   LO  1.3807</p>
<p>CANADA OPEN  1.3835/40    HI 1.3865    EUROPE OPEN     1.3802</p>
<p>PREV CLOSE   1.3800/05    LO 1.3813    HI 1.3816   LO  1.3802</p>
<p>---------------------MARKET COMMENT--------------------------</p>
<p>* Canada's dollar ended weaker around C$1.3875 (US$0.7207) on</p>
<p>Wednesday from Tuesday's close at C$1.3800 (US$0.7246).</p>
<p>* Further weakness expected overnight with a possible move to</p>
<p>C$1.3900 level, traders said.</p>
<p>* Earlier break through key C$1.3845-50 level triggered</p>
<p>stop-loss orders on International Money Market.</p>
<p>&quot;We're looking at a very negative close at these levels. We</p>
<p>may see some weakness toward C$1.3900 (overnight),&quot; another</p>
<p>trader said.</p>
<p>The unit was expected to favor the weak side of its trading</p>
<p>range as the market awaited Canada's July labor force data due</p>
<p>on Friday.</p>
<p>Canada's July unemployment rate was forecast to ease to</p>
<p>9.08 percent from 9.1 percent in June, according to a Reuters</p>
<p>survey of economists.</p>
<p>In other news, Bank of Montreal on Wednesday predicted</p>
<p>Canada would see strong economic growth in 1997 and 1998.  </p>
<p>In its mid-year economic review, Canada's third largest bank forecast Canadian economic growth of 3.5 percent in 1997 and 3.7 percent in 1998.</p>
<p>The bank predicted the Canadian dollar would appreciate through the rest of 1997 and 1998, although it would remain undervalued and continue to be supportive of Canadian exporters.</p>
<p>On the crosses, the Canadian dollar slipped to 85.42 Japanese yen from Tuesday's close of 85.69, but climbed to 1.3551 marks from Tuesday's 1.3479 marks.</p>
<p>((Reuters Toronto Bureau (416) 941-8100))</p>
</text>
<copyright>(c) Reuters Limited 1997</copyright>
<metadata>
<codes class="bip:countries:1.0">
  <code code="CANA">
    <editdetail attribution="Reuters BIP Coding Group" action="confirmed" date="1997-08-06"/>
  </code>
</codes>
<codes class="bip:topics:1.0">
  <code code="M13">
    <editdetail attribution="Reuters BIP Coding Group" action="confirmed" date="1997-08-06"/>
  </code>
  <code code="M132">
    <editdetail attribution="Reuters BIP Coding Group" action="confirmed" date="1997-08-06"/>
  </code>
  <code code="MCAT">
    <editdetail attribution="Reuters BIP Coding Group" action="confirmed" date="1997-08-06"/>
  </code>
</codes>
<dc element="dc.publisher" value="Reuters Holdings Plc"/>
<dc element="dc.date.published" value="1997-08-06"/>
<dc element="dc.source" value="Reuters"/>
<dc element="dc.creator.location.country.name" value="CANADA"/>
<dc element="dc.source" value="Reuters"/>
</metadata>
</newsitem>
