<?xml version="1.0" encoding="iso-8859-1" ?>
<newsitem itemid="780822" id="root" date="1997-08-06" xml:lang="en">
<title>USA: TABLE - Kennedy-Wilson Inc Q2 results.</title>
<headline>TABLE - Kennedy-Wilson Inc Q2 results.</headline>
<dateline>SANTA MONICA, Calif. 1997-08-06</dateline>
<text>
<p>Kennedy-Wilson Inc.</p>
<p>		 Consolidated Condensed Statements of Operations</p>
<p>			    (000s except per-share data)</p>
<p>				    (Unaudited)</p>
<p>						  Three Months Ended</p>
<p>							June 30,</p>
<p>						     1997	 1996</p>
<p> Revenues					$3,967     $9,952</p>
<p> Expenses					 3,800	9,119</p>
<p>Income before provisions for taxes</p>
<p>  and extraordinary items		     167	  833</p>
<p> Provision for taxes			     50	   32</p>
<p> Income before extraordinary item	   117	  801</p>
<p> Extraordinary item			     288	   --</p>
<p> Net income					 405	  801</p>
<p>Net income per common share before</p>
<p>  extraordinary item			   0.10	 0.60</p>
<p>Net income per common share after</p>
<p>  extraordinary item			   0.36	 0.60</p>
<p> Weighted average shares outstanding    1,125	1,339</p>
<p>				 Kennedy-Wilson Inc.</p>
<p>	     Consolidated Condensed Statements of Operation</p>
<p>			  (000s except per-share data)</p>
<p>				  (Unaudited)</p>
<p>						    Six Months Ended</p>
<p>							 June 30,</p>
<p>						    1997	    1996</p>
<p> Revenues					$9,836	$18,404</p>
<p> Expenses					 9,001	 16,097</p>
<p>Income before provisions for taxes</p>
<p>  and before extraordinary item	     835	  2,307</p>
<p> Provision for taxes			    100	     82</p>
<p> Income before extraordinary item	   735	  2,225</p>
<p> Extraordinary item			     288	     --</p>
<p> Net income				     1,023	  2,225</p>
<p>Net income per common share before</p>
<p>  extraordinary item			   0.63	   1.62</p>
<p>Net income per common share after</p>
<p>  extraordinary item			   0.88	   1.62</p>
<p> Weighted average shares outstanding    1,161	  1,370</p>
</text>
<copyright>(c) Reuters Limited 1997</copyright>
<metadata>
<codes class="bip:countries:1.0">
  <code code="USA">
    <editdetail attribution="Reuters BIP Coding Group" action="confirmed" date="1997-08-06"/>
  </code>
</codes>
<codes class="bip:industries:1.0">
  <code code="I83400">
    <editdetail attribution="Reuters BIP Coding Group" action="confirmed" date="1997-08-06"/>
  </code>
</codes>
<codes class="bip:topics:1.0">
  <code code="C15">
    <editdetail attribution="Reuters BIP Coding Group" action="confirmed" date="1997-08-06"/>
  </code>
  <code code="C151">
    <editdetail attribution="Reuters BIP Coding Group" action="confirmed" date="1997-08-06"/>
  </code>
  <code code="CCAT">
    <editdetail attribution="Reuters BIP Coding Group" action="confirmed" date="1997-08-06"/>
  </code>
</codes>
<dc element="dc.date.created" value="1997-08-06"/>
<dc element="dc.publisher" value="Reuters Holdings Plc"/>
<dc element="dc.date.published" value="1997-08-06"/>
<dc element="dc.source" value="Reuters"/>
<dc element="dc.creator.location" value="SANTA MONICA, Calif."/>
<dc element="dc.creator.location.country.name" value="USA"/>
<dc element="dc.source" value="Reuters"/>
</metadata>
</newsitem>
