<?xml version="1.0" encoding="iso-8859-1" ?>
<newsitem itemid="780888" id="root" date="1997-08-06" xml:lang="en">
<title>USA: American to operate extra San Juan freight.</title>
<headline>American to operate extra San Juan freight.</headline>
<dateline>FORT WORTH 1997-08-06</dateline>
<text>
<p>American Airlines will make a special freight run between New York and San Juan, Puerto Rico, tonight to relieve a cargo and mail backlog partly attributable to the United Parcel Service strike, AA Cargo vice-president sales Mark Najarian said.</p>
<p>Though the A300 is a passenger aircraft, it will carry only mail and freight, he said. With no passenger luggage aboard, the aircraft will be able to use the entire belly hold for mail and freight.</p>
<p>The flight will leave New York-JFK before midnight and return by early morning to operate its Thursday schedule of passenger flights, he said.</p>
<p>Najarian said the backlog probably reflects several factors, including the UPS strike.</p>
<p>Even without the strike, cargo demand is strong on the San Juan routes, said Najarian.</p>
<p>While American may be moving more cargo and mail throughout its system due to the strike, it has not had to deny space to other cargo customers to accommodate increased mail traffic.</p>
<p>Najarian noted that much of the increase in mail is in parcels, which are less dense than letter traffic. - Reuters Air Cargo Service Tel+ 44 171 542 7706 Fax +5017 - www.racs.com cg</p>
</text>
<copyright>(c) Reuters Limited 1997</copyright>
<metadata>
<codes class="bip:countries:1.0">
  <code code="PURI">
    <editdetail attribution="Reuters BIP Coding Group" action="confirmed" date="1997-08-06"/>
  </code>
  <code code="USA">
    <editdetail attribution="Reuters BIP Coding Group" action="confirmed" date="1997-08-06"/>
  </code>
</codes>
<codes class="bip:industries:1.0">
  <code code="I75000">
    <editdetail attribution="Reuters BIP Coding Group" action="confirmed" date="1997-08-06"/>
  </code>
</codes>
<codes class="bip:topics:1.0">
  <code code="C21">
    <editdetail attribution="Reuters BIP Coding Group" action="confirmed" date="1997-08-06"/>
  </code>
  <code code="CCAT">
    <editdetail attribution="Reuters BIP Coding Group" action="confirmed" date="1997-08-06"/>
  </code>
</codes>
<dc element="dc.date.created" value="1997-08-06"/>
<dc element="dc.publisher" value="Reuters Holdings Plc"/>
<dc element="dc.date.published" value="1997-08-06"/>
<dc element="dc.source" value="Reuters"/>
<dc element="dc.creator.location" value="FORT WORTH"/>
<dc element="dc.creator.location.country.name" value="USA"/>
<dc element="dc.source" value="Reuters"/>
</metadata>
</newsitem>
