<?xml version="1.0" encoding="iso-8859-1" ?>
<newsitem itemid="780823" id="root" date="1997-08-06" xml:lang="en">
<title>USA: Jan Bell July same-store sales fall.</title>
<headline>Jan Bell July same-store sales fall.</headline>
<dateline>SUNRISE, Fla. 1997-08-06</dateline>
<text>
<p>Jan Bell Marketing Inc said on Wednesday its same-store sales for the four weeks ended August 2, 1997, fell 12.17 percent from the year ago period.</p>
<p>Sales dropped 10.22 percent to $12.2 million from the $13.6 million in the similar period of the prior year, Jan Bell said in a statement.</p>
<p>For the twenty-six week period ended August 2, 1997, sales decreased 2.66 percent to $93.3 million, while comparable-store sales fell 4.02 percent from the year ago period.</p>
<p>As of August 2, 1997, Jan Bell operated 445 leased jewelry department operations in all domestic and Puerto Rican Sam's Clubs.</p>
</text>
<copyright>(c) Reuters Limited 1997</copyright>
<metadata>
<codes class="bip:countries:1.0">
  <code code="USA">
    <editdetail attribution="Reuters BIP Coding Group" action="confirmed" date="1997-08-06"/>
  </code>
</codes>
<codes class="bip:topics:1.0">
  <code code="C31">
    <editdetail attribution="Reuters BIP Coding Group" action="confirmed" date="1997-08-06"/>
  </code>
  <code code="CCAT">
    <editdetail attribution="Reuters BIP Coding Group" action="confirmed" date="1997-08-06"/>
  </code>
</codes>
<dc element="dc.date.created" value="1997-08-06"/>
<dc element="dc.publisher" value="Reuters Holdings Plc"/>
<dc element="dc.date.published" value="1997-08-06"/>
<dc element="dc.source" value="Reuters"/>
<dc element="dc.creator.location" value="SUNRISE, Fla."/>
<dc element="dc.creator.location.country.name" value="USA"/>
<dc element="dc.source" value="Reuters"/>
</metadata>
</newsitem>
