<?xml version="1.0" encoding="iso-8859-1" ?>
<newsitem itemid="780895" id="root" date="1997-08-06" xml:lang="en">
<title>USA: Gateway 2000 cuts price of big screen TV.</title>
<headline>Gateway 2000 cuts price of big screen TV.</headline>
<dateline>NORTH SIOUX CITY, S.D. 1997-08-06</dateline>
<text>
<p>Gateway 2000 Inc said Wednesday it is cutting prices by up to 13 percent on four models of its Destination Big Screen PC/TV product line.</p>
<p>The Destination product, which can be used to watch movies or TV, play video games or use the Web, will now be priced as low as $2,499.</p>
<p>Gateway, a direct marketer of personal computer products, said the reduced prices reflect the lower cost of components.</p>
<p>Gateway declined to disclose the number of units it has sold since the April 1996 introduction of the Destination product.  However, Stacy Hand, marketing manager for Destination, said, &quot;We are very excited about sales so far and even more excited by prospects down the road.&quot;</p>
<p>Shares of Gateway were trading up 1-13/16 to 42-3/16.</p>
<p>		((Chicago newsdesk 312 408 8787))</p>
</text>
<copyright>(c) Reuters Limited 1997</copyright>
<metadata>
<codes class="bip:countries:1.0">
  <code code="USA">
    <editdetail attribution="Reuters BIP Coding Group" action="confirmed" date="1997-08-06"/>
  </code>
</codes>
<codes class="bip:industries:1.0">
  <code code="I33020">
    <editdetail attribution="Reuters BIP Coding Group" action="confirmed" date="1997-08-06"/>
  </code>
</codes>
<codes class="bip:topics:1.0">
  <code code="C31">
    <editdetail attribution="Reuters BIP Coding Group" action="confirmed" date="1997-08-06"/>
  </code>
  <code code="CCAT">
    <editdetail attribution="Reuters BIP Coding Group" action="confirmed" date="1997-08-06"/>
  </code>
</codes>
<dc element="dc.date.created" value="1997-08-06"/>
<dc element="dc.publisher" value="Reuters Holdings Plc"/>
<dc element="dc.date.published" value="1997-08-06"/>
<dc element="dc.source" value="Reuters"/>
<dc element="dc.creator.location" value="NORTH SIOUX CITY, S.D."/>
<dc element="dc.creator.location.country.name" value="USA"/>
<dc element="dc.source" value="Reuters"/>
</metadata>
</newsitem>
