<?xml version="1.0" encoding="iso-8859-1" ?>
<newsitem itemid="780899" id="root" date="1997-08-06" xml:lang="en">
<title>USA: TABLE - Questron Technology Q2 net rises.</title>
<headline>TABLE - Questron Technology Q2 net rises.</headline>
<dateline>BOCA RATON, Fla. 1997-08-06</dateline>
<text>
<p>Three Months Ended    Six Months Ended</p>
<p>				 June 30,		  June 30,</p>
<p>			     1997	 1996	 1997	 1996</p>
<p>Revenue:</p>
<p> Sales		$5,156,400 $2,848,086 $9,053,164 $5,615,223</p>
<p> Fee income	     24,660     40,550     40,173     91,913</p>
<p>			 5,181,060  2,888,636  9,093,337  5,707,136</p>
<p>Costs and expenses:</p>
<p>Cost of products and</p>
<p>  services sold    3,130,894  1,691,449  5,459,268  3,366,936</p>
<p>Selling, general and</p>
<p>administrative</p>
<p>  expenses	   1,432,135    908,298  2,518,155  1,769,652</p>
<p>Depreciation and</p>
<p>  amortization	 103,901     64,677    183,771    128,949</p>
<p>			 4,666,930  2,664,424  8,161,194  5,265,537</p>
<p> Operating income    514,130    224,212    932,143    441,599</p>
<p> Interest expense     66,890     80,093    127,099    159,253</p>
<p>Income before income</p>
<p>  taxes		  447,240    144,119    805,044    282,346</p>
<p>Provision for income</p>
<p>  taxes		   40,524     18,697     73,274     39,650</p>
<p> Net income	    406,716    125,422    731,770    242,696</p>
<p>Net income used in per</p>
<p>common share calculation</p>
<p>(reflecting deduction for</p>
<p>preferred stock</p>
<p>  dividends)	   373,653    125,422    698,707    242,696</p>
<p>Net income per common</p>
<p>  share		     0.12	 0.08	 0.27	 0.16</p>
<p>Average number of common</p>
<p>shares and common share</p>
<p>equivalents</p>
<p>  outstanding	3,237,886  1,539,817  2,607,376  1,540,533</p>
<p>NOTE: The company said higher earnings for the current quarter and six-month period reflects internal growth and contributions from Webb, acquired in March 1997.</p>
<p>Full name is Questron Technology Inc.</p>
</text>
<copyright>(c) Reuters Limited 1997</copyright>
<metadata>
<codes class="bip:countries:1.0">
  <code code="USA">
    <editdetail attribution="Reuters BIP Coding Group" action="confirmed" date="1997-08-06"/>
  </code>
</codes>
<codes class="bip:industries:1.0">
  <code code="I83500">
    <editdetail attribution="Reuters BIP Coding Group" action="confirmed" date="1997-08-06"/>
  </code>
</codes>
<codes class="bip:topics:1.0">
  <code code="C15">
    <editdetail attribution="Reuters BIP Coding Group" action="confirmed" date="1997-08-06"/>
  </code>
  <code code="C151">
    <editdetail attribution="Reuters BIP Coding Group" action="confirmed" date="1997-08-06"/>
  </code>
  <code code="CCAT">
    <editdetail attribution="Reuters BIP Coding Group" action="confirmed" date="1997-08-06"/>
  </code>
</codes>
<dc element="dc.date.created" value="1997-08-06"/>
<dc element="dc.publisher" value="Reuters Holdings Plc"/>
<dc element="dc.date.published" value="1997-08-06"/>
<dc element="dc.source" value="Reuters"/>
<dc element="dc.creator.location" value="BOCA RATON, Fla."/>
<dc element="dc.creator.location.country.name" value="USA"/>
<dc element="dc.source" value="Reuters"/>
</metadata>
</newsitem>
