<?xml version="1.0" encoding="iso-8859-1" ?>
<newsitem itemid="780836" id="root" date="1997-08-06" xml:lang="en">
<title>USA: TABLE - Aureal Semiconductor Q2 results.</title>
<headline>TABLE - Aureal Semiconductor Q2 results.</headline>
<dateline>FREMONT, Calif. 1997-08-06</dateline>
<text>
<p>Aureal Semiconductor Inc.</p>
<p>			 Second Quarter 1997 Financial Information</p>
<p>		(dollars in thousands, except per share amounts)</p>
<p>Condensed Statements of Operations:</p>
<p>				 Six Months Ended  Three Months Ended</p>
<p>				     Jun 29,  Jun 30, Jun 29, Jun 30,</p>
<p>					 1997	1996    1997    1996</p>
<p>						   (Unaudited)</p>
<p> Sales				$1,122   $3,043    $695    $511</p>
<p> Gross Profit			1,079    2,801     672     388</p>
<p>Operating Expenses:</p>
<p>  Research and Development     2,999    3,322   1,561   1,705</p>
<p>  Sales and Marketing	    1,674	405     896     255</p>
<p>  Administrative and General   1,181    1,292     597     738</p>
<p>Amortization of Reorganization</p>
<p>   Asset			     1,250    1,250     625     625</p>
<p>Write-off of Acquired R&amp;D</p>
<p>   In Progress			  --    6,013	--   6,013</p>
<p>   Total Operating Expenses    7,104   12,282   3,679   9,336</p>
<p> Interest Expense and Other	961    1,169     495     630</p>
<p> Net Loss			  (6,986) (10,650) (3,502) (9,578)</p>
<p> Net Loss per Share	     (0.18)   (0.39)  (0.09)  (0.30)</p>
</text>
<copyright>(c) Reuters Limited 1997</copyright>
<metadata>
<codes class="bip:countries:1.0">
  <code code="USA">
    <editdetail attribution="Reuters BIP Coding Group" action="confirmed" date="1997-08-06"/>
  </code>
</codes>
<codes class="bip:industries:1.0">
  <code code="I33020">
    <editdetail attribution="Reuters BIP Coding Group" action="confirmed" date="1997-08-06"/>
  </code>
  <code code="I3302004">
    <editdetail attribution="Reuters BIP Coding Group" action="confirmed" date="1997-08-06"/>
  </code>
</codes>
<codes class="bip:topics:1.0">
  <code code="C15">
    <editdetail attribution="Reuters BIP Coding Group" action="confirmed" date="1997-08-06"/>
  </code>
  <code code="C151">
    <editdetail attribution="Reuters BIP Coding Group" action="confirmed" date="1997-08-06"/>
  </code>
  <code code="CCAT">
    <editdetail attribution="Reuters BIP Coding Group" action="confirmed" date="1997-08-06"/>
  </code>
</codes>
<dc element="dc.date.created" value="1997-08-06"/>
<dc element="dc.publisher" value="Reuters Holdings Plc"/>
<dc element="dc.date.published" value="1997-08-06"/>
<dc element="dc.source" value="Reuters"/>
<dc element="dc.creator.location" value="FREMONT, Calif."/>
<dc element="dc.creator.location.country.name" value="USA"/>
<dc element="dc.source" value="Reuters"/>
</metadata>
</newsitem>
