<?xml version="1.0" encoding="iso-8859-1" ?>
<newsitem itemid="780962" id="root" date="1997-08-06" xml:lang="en">
<title>USA: U.S. equity fund flows down in 2-day period-survey.</title>
<headline>U.S. equity fund flows down in 2-day period-survey.</headline>
<dateline>SANTA ROSA, Calif. 1997-08-06</dateline>
<text>
<p>U.S. equity funds took in an estimated $437 million for the two days ended August 4, for a month pace of $4.8 billion, Mutual Fund Trim Tabs reported on Wednesday.</p>
<p>In the previous three-day period ending July 31, U.S. equity funds took in an estimated $2.5 billion, it said.</p>
<p>Outflows from international equity funds were unusually high at $1.8 billion, the tracking agency said. In the prior period, an estimated $1.4 billion went into international equity funds, it said.</p>
<p>Total equity funds registered outflows of $1.4 billion compared to inflows of $3.9 billion in the previous three-day period, the firm said.</p>
<p>Aggressive growth funds saw outflows $349 million versus inflows of $278 million, while growth funds took in $324 million compared to $870 million, it said.</p>
<p>Funds into growth and income funds also dropped to $466 million from $1.4 billion, the tracking firm said.</p>
<p>Total flows into bond funds rose to $504 million from $159 milion, with $158 million going into high-yield bond funds.</p>
<p>((Mary Kelleher 212-859-1730))</p>
</text>
<copyright>(c) Reuters Limited 1997</copyright>
<metadata>
<codes class="bip:countries:1.0">
  <code code="USA">
    <editdetail attribution="Reuters BIP Coding Group" action="confirmed" date="1997-08-06"/>
  </code>
</codes>
<codes class="bip:industries:1.0">
  <code code="I81502">
    <editdetail attribution="Reuters BIP Coding Group" action="confirmed" date="1997-08-06"/>
  </code>
  <code code="I8150211">
    <editdetail attribution="Reuters BIP Coding Group" action="confirmed" date="1997-08-06"/>
  </code>
</codes>
<codes class="bip:topics:1.0">
  <code code="C31">
    <editdetail attribution="Reuters BIP Coding Group" action="confirmed" date="1997-08-06"/>
  </code>
  <code code="CCAT">
    <editdetail attribution="Reuters BIP Coding Group" action="confirmed" date="1997-08-06"/>
  </code>
</codes>
<dc element="dc.date.created" value="1997-08-06"/>
<dc element="dc.publisher" value="Reuters Holdings Plc"/>
<dc element="dc.date.published" value="1997-08-06"/>
<dc element="dc.source" value="Reuters"/>
<dc element="dc.creator.location" value="SANTA ROSA, Calif."/>
<dc element="dc.creator.location.country.name" value="USA"/>
<dc element="dc.source" value="Reuters"/>
</metadata>
</newsitem>
