<?xml version="1.0" encoding="iso-8859-1" ?>
<newsitem itemid="780939" id="root" date="1997-08-06" xml:lang="en">
<title>USA: George Stoe joins Wise Metals as executive VP.</title>
<headline>George Stoe joins Wise Metals as executive VP.</headline>
<dateline>NEW YORK 1997-08-06</dateline>
<text>
<p>George Stoe, the former executive vice president of Alumax Inc's mill products division, is joining Wise Metals in a newly created position of executive vice president, Wise Metals said in a statement.</p>
<p>&quot;Mr. Stoe's responsibilities will include helping direct the firm's effort to broaden its role from one of physical activity into that of a 'full service' merchant house serving the aluminum industry,&quot; the statement said.</p>
<p>The appointment is effective &quot;within a couple of weeks,&quot; a company executive said.</p>
<p>Stoe headed Alumax's mill products division before suddenly submitting his resignation in early March. His departure was attributed to &quot;management diffetences.&quot;</p>
<p>He is a 28-year veteran of the aluminum industry.</p>
<p>((New York Commodity Desk, 212-859-1646))</p>
</text>
<copyright>(c) Reuters Limited 1997</copyright>
<metadata>
<codes class="bip:countries:1.0">
  <code code="USA">
    <editdetail attribution="Reuters BIP Coding Group" action="confirmed" date="1997-08-06"/>
  </code>
</codes>
<codes class="bip:topics:1.0">
  <code code="C41">
    <editdetail attribution="Reuters BIP Coding Group" action="confirmed" date="1997-08-06"/>
  </code>
  <code code="C411">
    <editdetail attribution="Reuters BIP Coding Group" action="confirmed" date="1997-08-06"/>
  </code>
  <code code="CCAT">
    <editdetail attribution="Reuters BIP Coding Group" action="confirmed" date="1997-08-06"/>
  </code>
</codes>
<dc element="dc.date.created" value="1997-08-06"/>
<dc element="dc.publisher" value="Reuters Holdings Plc"/>
<dc element="dc.date.published" value="1997-08-06"/>
<dc element="dc.source" value="Reuters"/>
<dc element="dc.creator.location" value="NEW YORK"/>
<dc element="dc.creator.location.country.name" value="USA"/>
<dc element="dc.source" value="Reuters"/>
</metadata>
</newsitem>
