<?xml version="1.0" encoding="iso-8859-1" ?>
<newsitem itemid="780964" id="root" date="1997-08-06" xml:lang="en">
<title>USA: RESEARCH ALERT - Wireless services firms started.</title>
<headline>RESEARCH ALERT - Wireless services firms started.</headline>
<dateline>SAN FRANCISCO 1997-08-06</dateline>
<text>
<p>Robertson, Stephens &amp; Company said research analyst Steven Yanis initiated coverage on 12 wireless services companies.</p>
<p>-- said the following stocks were started with buy ratings: AirTouch Communications Inc, Omnipoint Corp, Western Wireless Corp and CommNet Cellular Inc .</p>
<p>-- said started four companies as long-term attractive: 360 Communications Co, Nextel Communications Inc, Vanguard Cellular Systems Inc and Telephone and Data Systems Inc.  </p>
<p>-- said interest in the group has increased, pushing a few stocks &quot;meaningfully higher&quot; following recent leveraged buyouts.</p>
<p>-- said interest also increased on speculation of possible foreign investment in PCS companies, and the FCC's indication that it may permit foreign entities to own up to 100 percent of wireless licenses.</p>
<p>-- said &quot;We believe investors are intrigued but still wary regarding wireless services pricing.&quot;</p>
</text>
<copyright>(c) Reuters Limited 1997</copyright>
<metadata>
<codes class="bip:countries:1.0">
  <code code="USA">
    <editdetail attribution="Reuters BIP Coding Group" action="confirmed" date="1997-08-06"/>
  </code>
</codes>
<codes class="bip:industries:1.0">
  <code code="I34400">
    <editdetail attribution="Reuters BIP Coding Group" action="confirmed" date="1997-08-06"/>
  </code>
  <code code="I79020">
    <editdetail attribution="Reuters BIP Coding Group" action="confirmed" date="1997-08-06"/>
  </code>
</codes>
<codes class="bip:topics:1.0">
  <code code="C15">
    <editdetail attribution="Reuters BIP Coding Group" action="confirmed" date="1997-08-06"/>
  </code>
  <code code="C152">
    <editdetail attribution="Reuters BIP Coding Group" action="confirmed" date="1997-08-06"/>
  </code>
  <code code="CCAT">
    <editdetail attribution="Reuters BIP Coding Group" action="confirmed" date="1997-08-06"/>
  </code>
</codes>
<dc element="dc.date.created" value="1997-08-06"/>
<dc element="dc.publisher" value="Reuters Holdings Plc"/>
<dc element="dc.date.published" value="1997-08-06"/>
<dc element="dc.source" value="Reuters"/>
<dc element="dc.creator.location" value="SAN FRANCISCO"/>
<dc element="dc.creator.location.country.name" value="USA"/>
<dc element="dc.source" value="Reuters"/>
</metadata>
</newsitem>
