<?xml version="1.0" encoding="iso-8859-1" ?>
<newsitem itemid="780913" id="root" date="1997-08-06" xml:lang="en">
<title>USA: SpectRx Inc sells 160,000 shrs at $7/shr.</title>
<headline>SpectRx Inc sells 160,000 shrs at $7/shr.</headline>
<dateline>NORCROSS, Ga. 1997-08-06</dateline>
<text>
<p>SpectRx Inc said Wednesday it sold 160,000 shares of common stock at $7.00 per share, in a partial exercise of its underwriters' over-allotment option.</p>
<p>The company said it had granted its underwriters an option to buy up to 330,255 more shares, in connection with its July 1 public offering of 2,201,699 shares.</p>
<p>The total proceeds to the company before commissions and expenses is $15,120,000, said SpectRx, which now has about 7.7 million shares outstanding.</p>
<p>SpectRx specializes in minimally and non-invasive diagnostic and monitoring systems which are designed to reduce or eliminate pain, require no blood and provide rapid results.</p>
</text>
<copyright>(c) Reuters Limited 1997</copyright>
<metadata>
<codes class="bip:countries:1.0">
  <code code="USA">
    <editdetail attribution="Reuters BIP Coding Group" action="confirmed" date="1997-08-06"/>
  </code>
</codes>
<codes class="bip:industries:1.0">
  <code code="I37200">
    <editdetail attribution="Reuters BIP Coding Group" action="confirmed" date="1997-08-06"/>
  </code>
</codes>
<codes class="bip:topics:1.0">
  <code code="C17">
    <editdetail attribution="Reuters BIP Coding Group" action="confirmed" date="1997-08-06"/>
  </code>
  <code code="C171">
    <editdetail attribution="Reuters BIP Coding Group" action="confirmed" date="1997-08-06"/>
  </code>
  <code code="CCAT">
    <editdetail attribution="Reuters BIP Coding Group" action="confirmed" date="1997-08-06"/>
  </code>
</codes>
<dc element="dc.date.created" value="1997-08-06"/>
<dc element="dc.publisher" value="Reuters Holdings Plc"/>
<dc element="dc.date.published" value="1997-08-06"/>
<dc element="dc.source" value="Reuters"/>
<dc element="dc.creator.location" value="NORCROSS, Ga."/>
<dc element="dc.creator.location.country.name" value="USA"/>
<dc element="dc.source" value="Reuters"/>
</metadata>
</newsitem>
