<?xml version="1.0" encoding="iso-8859-1" ?>
<newsitem itemid="780920" id="root" date="1997-08-06" xml:lang="en">
<title>USA: NYMEX electricity mixed, PV higher on physicals.</title>
<headline>NYMEX electricity mixed, PV higher on physicals.</headline>
<dateline>NEW YORK 1997-08-06</dateline>
<text>
<p>NYMEX electricity futures were mixed Wednesday, with Palo Verde (PV) futures higher based on strong physical power prices, industry sources said.</p>
<p>&quot;The daily prices (at PV) are a lot higher, and that seems to be pulling the futures up,&quot; said one Western futures trader.</p>
<p>As of 1235 EDT, September PV was up 74 cents at the day's high of $31.90 per megawatt hour (MWh) after slipping as low as $31.20 per MWh, while October was up three cents at the day's high of $23.00 following trade as low as $22.80 per MWh.</p>
<p>September California Oregon Border (COB) was down 15 cents at $24.10 following exchanges in a range of $24.00-25.00, while October was down 10 cents at $22.10 after exchanges in a range of $22.05-22.20 per MWh.</p>
<p>NYMEX said as of 1150 EDT an estimated total of 176 PV and 70 COB contracts had traded.</p>
<p>Next-day power prices were said to be surging, with peak PV power for tomorrow trading at $110.00-165.00, while peak COB next-day power was trading up over $5.00 on the day at $37.00-42.50 per MWh.</p>
<p>Higher spot prices were said to be the result of hot, humid weather and near-record demand in parts of the West, although traders said some players may have been caught short, giving the market additional strength.</p>
<p>Much above-normal temperatures in Arizona, Nevada, southern Utah and California were expected to cool to three to six degrees above normal by the weekend. Colorado and New Mexico, where cool weather was expected today, was called to moderate to slightly below normal levels over the weekend.</p>
<p>In the Pacific Northwest, temperatures were forecast to cool to near-normal levels Friday and Saturday.</p>
<p>Forecasts for Aug 10-14 called for near-normal temperatures through much of the West, with the exception of Oregon and Washington state, which were expected to see above-normal temperatures.</p>
<p>In generation news, a 750 megawatt (MW) unit at the Ormond Beach power plant in Ventura County, Calif., which tripped off line Tuesday due to a voltage dip caused by the line outage, was returned to operation, a spokesman said.</p>
<p>SoCal Edison said Wednesday the voltage dip was caused when two 500 kilovolt (kv) high-voltage transmission lines near Los Angeles were knocked out of service when a light plane crashed into them Tuesday. The lines had been restored to service Wednesday.</p>
<p>Also, two 700 MW coal-fired power generators that tripped off line Tuesday at the Colstrip power complex in Montana were said to be back in service Wednesday.</p>
<p>Electricity output from the 1,221 MW Palo Verde nuclear power unit 3 in Wintersburg, Ariz., held at 90 percent power early Wednesday for repairs to a condensate pump.</p>
<p>The adjacent 1,221 MW Palo Verde nuclear power unit 2 was operating at 91 percent of capacity as of early Wednesday as the unit coasts down to a scheduled refueling outage September 6.</p>
<p>Water flow into regional hydroelectric systems in the Northwest and Canada has been slowed in recent days to refill reservoirs for fish migration requirements.</p>
<p>Separately, the operating limit on the Pacific Intertie transmission system was to have been increased to 6,900 MW from 6,300 MW as of 2400 PDT Tuesday.</p>
<p>The 6,900 MW limit will continue until the next seasonal operating plan is put together and reviewed by the Western System Coordinating Council.</p>
<p>COB open interest for Aug 5 rose 180 to 5,346, while PV open interest rose 80 to 5,334, NYMEX said.</p>
<p>((--Chris Reese, New York Power Desk +1 212 859 1627))</p>
</text>
<copyright>(c) Reuters Limited 1997</copyright>
<metadata>
<codes class="bip:countries:1.0">
  <code code="USA">
    <editdetail attribution="Reuters BIP Coding Group" action="confirmed" date="1997-08-06"/>
  </code>
</codes>
<codes class="bip:topics:1.0">
  <code code="M14">
    <editdetail attribution="Reuters BIP Coding Group" action="confirmed" date="1997-08-06"/>
  </code>
  <code code="M143">
    <editdetail attribution="Reuters BIP Coding Group" action="confirmed" date="1997-08-06"/>
  </code>
  <code code="MCAT">
    <editdetail attribution="Reuters BIP Coding Group" action="confirmed" date="1997-08-06"/>
  </code>
</codes>
<dc element="dc.date.created" value="1997-08-06"/>
<dc element="dc.publisher" value="Reuters Holdings Plc"/>
<dc element="dc.date.published" value="1997-08-06"/>
<dc element="dc.source" value="Reuters"/>
<dc element="dc.creator.location" value="NEW YORK"/>
<dc element="dc.creator.location.country.name" value="USA"/>
<dc element="dc.source" value="Reuters"/>
</metadata>
</newsitem>
