<?xml version="1.0" encoding="iso-8859-1" ?>
<newsitem itemid="780932" id="root" date="1997-08-06" xml:lang="en">
<title>USA: Honda to offer low-emission Civics in U.S..</title>
<headline>Honda to offer low-emission Civics in U.S..</headline>
<dateline>TORRANCE, Calif. 1997-08-06</dateline>
<text>
<p>Honda Motor Co. Ltd. said Wednesday it will add nearly 200,000 1998 Civics to the number of cars meeting California's &quot;Low Emission Vehicle&quot; (LEV) standard that it will sell in all 50 states.</p>
<p>Honda previously announced that about 240,000 cars from the all-new 1998 Accord lineup would be sold nationally with the advanced LEV technology.</p>
<p>The Civic and Accord models also will be sold throughout Canada. The California LEV standard is about 70 percent lower for non-methane organic gases, the main ingredient of smog, than the most stringent U.S. federal standard.  </p>
<p>&quot;Honda is committed to expanding its environmental efforts,&quot; said Tom Elliott, American Honda executive vice president. &quot;More than half of all the Honda vehicles sold throughout the U.S. will now be equipped with advanced low emission technology.&quot;</p>
<p>Honda said the LEV Civics include all CX, DX and LX Hatchbacks, Sedans and Coupes and are powered by a 16-valve, 106-horsepower, 4-cylinder engine, which are expected to give the car fuel economy ratings of about 32 miles per gallon in the city and 38 miles per gallon in highway driving.</p>
<p>Final 1998 pricing has not been set, but will remain in the current price range, Honda said.</p>
<p>In addition, Honda intends to offer a natural-gas-powered Civic GX model during 1998, which, the company claims, will be the cleanest vehicle ever made with an internal combustion engine, producing &quot;almost zero&quot; emissions.</p>
</text>
<copyright>(c) Reuters Limited 1997</copyright>
<metadata>
<codes class="bip:countries:1.0">
  <code code="USA">
    <editdetail attribution="Reuters BIP Coding Group" action="confirmed" date="1997-08-06"/>
  </code>
</codes>
<codes class="bip:industries:1.0">
  <code code="I35101">
    <editdetail attribution="Reuters BIP Coding Group" action="confirmed" date="1997-08-06"/>
  </code>
</codes>
<codes class="bip:topics:1.0">
  <code code="C22">
    <editdetail attribution="Reuters BIP Coding Group" action="confirmed" date="1997-08-06"/>
  </code>
  <code code="C31">
    <editdetail attribution="Reuters BIP Coding Group" action="confirmed" date="1997-08-06"/>
  </code>
  <code code="CCAT">
    <editdetail attribution="Reuters BIP Coding Group" action="confirmed" date="1997-08-06"/>
  </code>
  <code code="GCAT">
    <editdetail attribution="Reuters BIP Coding Group" action="confirmed" date="1997-08-06"/>
  </code>
  <code code="GENV">
    <editdetail attribution="Reuters BIP Coding Group" action="confirmed" date="1997-08-06"/>
  </code>
</codes>
<dc element="dc.date.created" value="1997-08-06"/>
<dc element="dc.publisher" value="Reuters Holdings Plc"/>
<dc element="dc.date.published" value="1997-08-06"/>
<dc element="dc.source" value="Reuters"/>
<dc element="dc.creator.location" value="TORRANCE, Calif."/>
<dc element="dc.creator.location.country.name" value="USA"/>
<dc element="dc.source" value="Reuters"/>
</metadata>
</newsitem>
