<?xml version="1.0" encoding="iso-8859-1" ?>
<newsitem itemid="780995" id="root" date="1997-08-06" xml:lang="en">
<title>USA: NHL ICE HOCKEY-DUCKS CAN HIRE PIERRE PAGE AFTER COMPENSATING FLAMES.</title>
<headline>NHL ICE HOCKEY-DUCKS CAN HIRE PIERRE PAGE AFTER COMPENSATING FLAMES.</headline>
<dateline>ANAHEIM, California 1997-08-05</dateline>
<text>
<p>The Mighty Ducks of Anaheim cleared the way to making Pierre Page their next coach by reaching a compensation agreement Tuesday with the Calgary Flames, his former team.</p>
<p>&quot;We have reached an agreement with Calgary and will begin negotiations with Pierre Page to be Anaheim's next coach,&quot; Ducks vice president Jack Ferreira said in a statement. &quot;We are pleased that an agreement could be reached, enabling us to move forward on hiring a head coach.&quot;</p>
<p>Page resigned as Flames coach June 18 and was courted by Ferreira, who was looking for a replacement for Ron Wilson. One month later, NHL commissioner Gary Bettman ruled that Page could become Anaheim's coach without compensation on or after October 1.</p>
<p>The Ducks, who were without Wilson for part of training camp last year, avoided having to wait until October for Page by offering the Flames a conditional draft pick.</p>
<p>Despite the first playoff appearance in franchise history, the Ducks fired Wilson, who guided Team USA to victory in the 1996 World Cup and is now the coach of the Washington Capitals. Brian Sutter replaced Page as coach of the Flames.</p>
<p>The 49-year-old Page was not retained by the Flames because he was seeking a contract extension that general manager Al Coates refused to give. Ferreira asked formal permission to interview Page, but the Ducks balked at a deal involving compensation until Bettman ruled.</p>
<p>In two seasons as Flames coach, Page was just 66-78-20. He guided them to the playoffs in 1996 but the team was shut out of the playoffs last season.</p>
<p>The Ducks would be the fourth NHL coaching job for Page, who also was in charge of the Minnesota North Stars and the Quebec Nordiques.</p>
</text>
<copyright>(c) Reuters Limited 1997</copyright>
<metadata>
<codes class="bip:countries:1.0">
  <code code="CANA">
    <editdetail attribution="Reuters BIP Coding Group" action="confirmed" date="1997-08-06"/>
  </code>
  <code code="USA">
    <editdetail attribution="Reuters BIP Coding Group" action="confirmed" date="1997-08-06"/>
  </code>
</codes>
<codes class="bip:topics:1.0">
  <code code="GCAT">
    <editdetail attribution="Reuters BIP Coding Group" action="confirmed" date="1997-08-06"/>
  </code>
  <code code="GSPO">
    <editdetail attribution="Reuters BIP Coding Group" action="confirmed" date="1997-08-06"/>
  </code>
</codes>
<dc element="dc.date.created" value="1997-08-05"/>
<dc element="dc.publisher" value="Reuters Holdings Plc"/>
<dc element="dc.date.published" value="1997-08-06"/>
<dc element="dc.source" value="Reuters"/>
<dc element="dc.creator.location" value="ANAHEIM, California"/>
<dc element="dc.creator.location.country.name" value="USA"/>
<dc element="dc.source" value="Reuters"/>
</metadata>
</newsitem>
