<?xml version="1.0" encoding="iso-8859-1" ?>
<newsitem itemid="780996" id="root" date="1997-08-06" xml:lang="en">
<title>UK: SOCCER-SCOTTISH DIVISION TWO RESULTS.</title>
<headline>SOCCER-SCOTTISH DIVISION TWO RESULTS.</headline>
<dateline>GLASGOW 1997-08-06</dateline>
<text>
<p>Results of Scottish second</p>
<p>division soccer matches on Wednesday:</p>
<p> Inverness C. Thistle  1 Livingston   1</p>
<p> Stranrar		  0 Clyde	  0</p>
</text>
<copyright>(c) Reuters Limited 1997</copyright>
<metadata>
<codes class="bip:countries:1.0">
  <code code="UK">
    <editdetail attribution="Reuters BIP Coding Group" action="confirmed" date="1997-08-06"/>
  </code>
</codes>
<codes class="bip:topics:1.0">
  <code code="GCAT">
    <editdetail attribution="Reuters BIP Coding Group" action="confirmed" date="1997-08-06"/>
  </code>
  <code code="GSPO">
    <editdetail attribution="Reuters BIP Coding Group" action="confirmed" date="1997-08-06"/>
  </code>
</codes>
<dc element="dc.date.created" value="1997-08-06"/>
<dc element="dc.publisher" value="Reuters Holdings Plc"/>
<dc element="dc.date.published" value="1997-08-06"/>
<dc element="dc.source" value="Reuters"/>
<dc element="dc.creator.location" value="GLASGOW"/>
<dc element="dc.creator.location.country.name" value="UK"/>
<dc element="dc.source" value="Reuters"/>
</metadata>
</newsitem>
