<?xml version="1.0" encoding="iso-8859-1" ?>
<newsitem itemid="780968" id="root" date="1997-08-06" xml:lang="en">
<title>USA: Southwest Airlines to offer special fares.</title>
<headline>Southwest Airlines to offer special fares.</headline>
<dateline>DALLAS 1997-08-06</dateline>
<text>
<p>Southwest Airlines said Wednesday it is offering special fares that are at least 50 percent lower than the usual full fares, with none higher than $99 one-way nationwide.</p>
<p>For example, the one-way sale fare from Chicago to Cleveland is $39 one-way, a 50.6 percent savings over the usual $79 one-way full fare.  From Houston to Las Vegas, the one-way sale fare is $99, a 61.6 percent savings over the usual $258 one-way full fare.</p>
<p>The company said fares must be purchased within one day of making reservations and by Saturday, Aug. 9.</p>
<p>Travel for these special fares is valid beginning Sept. 3 through Dec. 16 with these blackout dates:  Nov. 25 through Dec. 1.</p>
<p>Fares are quoted one-way with no stayover required.  Seats are limited and may not be available during peak travel times.</p>
<p>Southwest Airlines currently serves 50 cities in 24 states.</p>
</text>
<copyright>(c) Reuters Limited 1997</copyright>
<metadata>
<codes class="bip:countries:1.0">
  <code code="USA">
    <editdetail attribution="Reuters BIP Coding Group" action="confirmed" date="1997-08-06"/>
  </code>
</codes>
<codes class="bip:industries:1.0">
  <code code="I75000">
    <editdetail attribution="Reuters BIP Coding Group" action="confirmed" date="1997-08-06"/>
  </code>
</codes>
<codes class="bip:topics:1.0">
  <code code="C31">
    <editdetail attribution="Reuters BIP Coding Group" action="confirmed" date="1997-08-06"/>
  </code>
  <code code="CCAT">
    <editdetail attribution="Reuters BIP Coding Group" action="confirmed" date="1997-08-06"/>
  </code>
</codes>
<dc element="dc.date.created" value="1997-08-06"/>
<dc element="dc.publisher" value="Reuters Holdings Plc"/>
<dc element="dc.date.published" value="1997-08-06"/>
<dc element="dc.source" value="Reuters"/>
<dc element="dc.creator.location" value="DALLAS"/>
<dc element="dc.creator.location.country.name" value="USA"/>
<dc element="dc.source" value="Reuters"/>
</metadata>
</newsitem>
