<?xml version="1.0" encoding="iso-8859-1" ?>
<newsitem itemid="780954" id="root" date="1997-08-06" xml:lang="en">
<title>USA: Loral expects positive earnings by 1999.</title>
<headline>Loral expects positive earnings by 1999.</headline>
<dateline>NEW YORK 1997-08-06</dateline>
<text>
<p>Loral Space &amp; Communications Ltd, reporting a second-quarter loss, said Wednesday it expected to see revenues accelerate in the second half and projected a profit by 1999.</p>
<p>&quot;We expect to see accelerated revenues and EBITDA in the second half of the year and beyond,&quot; said chief executive Bernard Schwartz in a statement. &quot;By 1999 .... we expect to generate positive earnings.&quot;  </p>
<p>The satellite manufacturer posted a net loss of $13.2 million, or $0.06 a share, on revenues of $291.2 million. Loral said its 1996 results are not meaningful because it started operations in April 1996 and did not account for its Space Systems/Loral unit results on a consolidated basis.</p>
<p>Earnings before interest, taxes, depreciation and amortization were $20.8 milion for the quarter.</p>
<p>Schwartz said the company should post higher revenues in the second half because of increased contributions from its Skynet unit's recent satellite launch and improving margins at the Space Systems/Loral unit.</p>
<p>The company's stock traded at 16-1/4, up 3/8, Wednesday afternoon.</p>
</text>
<copyright>(c) Reuters Limited 1997</copyright>
<metadata>
<codes class="bip:countries:1.0">
  <code code="USA">
    <editdetail attribution="Reuters BIP Coding Group" action="confirmed" date="1997-08-06"/>
  </code>
</codes>
<codes class="bip:topics:1.0">
  <code code="C15">
    <editdetail attribution="Reuters BIP Coding Group" action="confirmed" date="1997-08-06"/>
  </code>
  <code code="C152">
    <editdetail attribution="Reuters BIP Coding Group" action="confirmed" date="1997-08-06"/>
  </code>
  <code code="CCAT">
    <editdetail attribution="Reuters BIP Coding Group" action="confirmed" date="1997-08-06"/>
  </code>
</codes>
<dc element="dc.date.created" value="1997-08-06"/>
<dc element="dc.publisher" value="Reuters Holdings Plc"/>
<dc element="dc.date.published" value="1997-08-06"/>
<dc element="dc.source" value="Reuters"/>
<dc element="dc.creator.location" value="NEW YORK"/>
<dc element="dc.creator.location.country.name" value="USA"/>
<dc element="dc.source" value="Reuters"/>
</metadata>
</newsitem>
