<?xml version="1.0" encoding="iso-8859-1" ?>
<newsitem itemid="780902" id="root" date="1997-08-06" xml:lang="en">
<title>USA: TABLE - FRP Properties Q3 net rises.</title>
<headline>TABLE - FRP Properties Q3 net rises.</headline>
<dateline>JACKSONVILLE, Fla. 1997-08-06</dateline>
<text>
<p>(Dollars in thousands except per share amounts)</p>
<p>				    Three Months	Nine Months</p>
<p>					 Ended		 Ended</p>
<p>					June 30	     June 30</p>
<p>			     1997	 1996	 1997	 1996</p>
<p> Revenues		$17,533    $16,706    $50,152    $47,976</p>
<p> Gross profit	    4,077	4,050     10,684     11,264</p>
<p>Income before income</p>
<p>  taxes		    2,038	1,992	4,681	5,148</p>
<p> Net income		1,243	1,215	2,855	3,140</p>
<p>Earnings per common</p>
<p>  share			.35	  .33	  .80	  .84</p>
<p>Weighted average</p>
<p>  shares	     3,544,270  3,650,401  3,571,672  3,712,615</p>
<p>((-- New York Newsdesk 212 859-1610))</p>
</text>
<copyright>(c) Reuters Limited 1997</copyright>
<metadata>
<codes class="bip:countries:1.0">
  <code code="USA">
    <editdetail attribution="Reuters BIP Coding Group" action="confirmed" date="1997-08-06"/>
  </code>
</codes>
<codes class="bip:industries:1.0">
  <code code="I83960">
    <editdetail attribution="Reuters BIP Coding Group" action="confirmed" date="1997-08-06"/>
  </code>
</codes>
<codes class="bip:topics:1.0">
  <code code="C15">
    <editdetail attribution="Reuters BIP Coding Group" action="confirmed" date="1997-08-06"/>
  </code>
  <code code="C151">
    <editdetail attribution="Reuters BIP Coding Group" action="confirmed" date="1997-08-06"/>
  </code>
  <code code="CCAT">
    <editdetail attribution="Reuters BIP Coding Group" action="confirmed" date="1997-08-06"/>
  </code>
</codes>
<dc element="dc.date.created" value="1997-08-06"/>
<dc element="dc.publisher" value="Reuters Holdings Plc"/>
<dc element="dc.date.published" value="1997-08-06"/>
<dc element="dc.source" value="Reuters"/>
<dc element="dc.creator.location" value="JACKSONVILLE, Fla."/>
<dc element="dc.creator.location.country.name" value="USA"/>
<dc element="dc.source" value="Reuters"/>
</metadata>
</newsitem>
