<?xml version="1.0" encoding="iso-8859-1" ?>
<newsitem itemid="780918" id="root" date="1997-08-06" xml:lang="en">
<title>USA: TABLE - Winston Resources Q2 net rises.</title>
<headline>TABLE - Winston Resources Q2 net rises.</headline>
<dateline>NEW YORK 1997-08-06</dateline>
<text>
<p>Three months ended</p>
<p>						   6/30/97	  6/30/96</p>
<p>Revenue:</p>
<p>Placement fees and related income</p>
<p>						$11,837,000    $9,289,000</p>
<p> Net Income				     343,000	 201,000</p>
<p> Net Income per share-			   0.10	    0.06</p>
<p>Weighted average number of common</p>
<p>   shares outstanding:		    3,440,190     3,262,421</p>
<p>							   Six months ended</p>
<p>						    6/30/97	 6/30/96</p>
<p>Revenue:</p>
<p>Placement fees and related income</p>
<p>					     $ 22,619,000  $ 18,422,000</p>
<p> Net Income				     569,000	 367,000</p>
<p> Net Income per share-			   0.17	    0.11</p>
<p>Weighted average number of common</p>
<p>   shares outstanding:		    3,435,418     3,176,901</p>
<p>NOTE: The full name is Winston Resources Inc.</p>
</text>
<copyright>(c) Reuters Limited 1997</copyright>
<metadata>
<codes class="bip:countries:1.0">
  <code code="USA">
    <editdetail attribution="Reuters BIP Coding Group" action="confirmed" date="1997-08-06"/>
  </code>
</codes>
<codes class="bip:industries:1.0">
  <code code="I83954">
    <editdetail attribution="Reuters BIP Coding Group" action="confirmed" date="1997-08-06"/>
  </code>
</codes>
<codes class="bip:topics:1.0">
  <code code="C15">
    <editdetail attribution="Reuters BIP Coding Group" action="confirmed" date="1997-08-06"/>
  </code>
  <code code="C151">
    <editdetail attribution="Reuters BIP Coding Group" action="confirmed" date="1997-08-06"/>
  </code>
  <code code="CCAT">
    <editdetail attribution="Reuters BIP Coding Group" action="confirmed" date="1997-08-06"/>
  </code>
</codes>
<dc element="dc.date.created" value="1997-08-06"/>
<dc element="dc.publisher" value="Reuters Holdings Plc"/>
<dc element="dc.date.published" value="1997-08-06"/>
<dc element="dc.source" value="Reuters"/>
<dc element="dc.creator.location" value="NEW YORK"/>
<dc element="dc.creator.location.country.name" value="USA"/>
<dc element="dc.source" value="Reuters"/>
</metadata>
</newsitem>
