<?xml version="1.0" encoding="iso-8859-1" ?>
<newsitem itemid="780903" id="root" date="1997-08-06" xml:lang="en">
<title>USA: TABLE - Defiance Inc Q4 profit vs loss.</title>
<headline>TABLE - Defiance Inc Q4 profit vs loss.</headline>
<dateline>CLEVELAND 1997-08-06</dateline>
<text>
<p>Three Months Ended  Twelve Months Ended</p>
<p>Operations/Cash Flow6/30/97  6/30/96  6/30/97  6/30/96</p>
<p> Net sales   $24,948,000 $26,649,000 $92,123,000 $103,975,000</p>
<p>Cost of goods sold</p>
<p>		  20,085,000  21,386,000  72,719,000   84,519,000</p>
<p>Selling and</p>
<p>administrative</p>
<p>   expenses    2,541,000   2,496,000  10,699,000   11,279,000</p>
<p>Charge to terminate</p>
<p>   pension plan	 --	    --     632,000	     --</p>
<p>Charge for sale of</p>
<p>   business	     --   2,600,000	    --    2,600,000</p>
<p>Operating earnings</p>
<p>		   2,322,000     167,000   8,073,000    5,577,000</p>
<p>Interest expense - net</p>
<p>		     404,000     411,000   1,673,000    1,680,000</p>
<p>Earnings before</p>
<p>income tax provision</p>
<p>		   1,918,000   (244,000)   6,400,000    3,897,000</p>
<p>Income tax provision</p>
<p>		     555,000     835,000   2,065,000    2,299,000</p>
<p>Net earnings</p>
<p>		   1,363,000 (1,079,000)   4,335,000    1,598,000</p>
<p>Net earnings per</p>
<p>   common share     0.21	(0.16)	  0.67	   0.24</p>
<p>Average common</p>
<p>outstanding shares</p>
<p>		   6,469,520   6,627,313   6,505,456    6,707,078</p>
<p>Cash dividends per share</p>
<p>			  0.04	  0.04	  0.16	   0.16</p>
<p>Depreciation and</p>
<p>amortization</p>
<p>		   1,809,000   1,793,000   7,155,000    5,982,000</p>
<p>Capital expenditures</p>
<p>		   1,067,000   1,747,000   4,208,000    9,994,000</p>
<p>-- New York Newsdesk 212 859-1610</p>
</text>
<copyright>(c) Reuters Limited 1997</copyright>
<metadata>
<codes class="bip:countries:1.0">
  <code code="USA">
    <editdetail attribution="Reuters BIP Coding Group" action="confirmed" date="1997-08-06"/>
  </code>
</codes>
<codes class="bip:industries:1.0">
  <code code="I35300">
    <editdetail attribution="Reuters BIP Coding Group" action="confirmed" date="1997-08-06"/>
  </code>
</codes>
<codes class="bip:topics:1.0">
  <code code="C15">
    <editdetail attribution="Reuters BIP Coding Group" action="confirmed" date="1997-08-06"/>
  </code>
  <code code="C151">
    <editdetail attribution="Reuters BIP Coding Group" action="confirmed" date="1997-08-06"/>
  </code>
  <code code="C1511">
    <editdetail attribution="Reuters BIP Coding Group" action="confirmed" date="1997-08-06"/>
  </code>
  <code code="CCAT">
    <editdetail attribution="Reuters BIP Coding Group" action="confirmed" date="1997-08-06"/>
  </code>
</codes>
<dc element="dc.date.created" value="1997-08-06"/>
<dc element="dc.publisher" value="Reuters Holdings Plc"/>
<dc element="dc.date.published" value="1997-08-06"/>
<dc element="dc.source" value="Reuters"/>
<dc element="dc.creator.location" value="CLEVELAND"/>
<dc element="dc.creator.location.country.name" value="USA"/>
<dc element="dc.source" value="Reuters"/>
</metadata>
</newsitem>
