<?xml version="1.0" encoding="iso-8859-1" ?>
<newsitem itemid="780991" id="root" date="1997-08-06" xml:lang="en">
<title>USA: NFL AMERICAN FOOTBALL-ELWAY SEES EARLY RETURN DESPITE ARM INJURY.</title>
<headline>NFL AMERICAN FOOTBALL-ELWAY SEES EARLY RETURN DESPITE ARM INJURY.</headline>
<dateline>DENVER, Colorado 1997-08-05</dateline>
<text>
<p>Despite a torn right bicep tendon, Denver Broncos quarterback John Elway expects to return to action soon enough to play one more exhibition game.</p>
<p>Elway had a magnetic resonance imaging exam Tuesday to explore the extent of an injury to his throwing arm that he suffered in a preseason loss to the Miami Dolphins on Monday night in Mexico City.</p>
<p>Doctors say his recovery should take two to four weeks.</p>
<p>The Broncos visit Carolina on Saturday and New England on August 17 before a home game against San Francisco August 23 -- the game Elway apparently is aiming for.</p>
<p>&quot;I'm planning on playing in one more preseason game,&quot; he said. &quot;Now it's just a matter of getting the soreness out and going from there.&quot;</p>
<p>Broncos coach Mike Shanahan suggested Elway might be back even a week earlier than the 49ers game and said at a news conference that the injury was a &quot;best-case scenario&quot; because the tear was at the end of the tendon, near the shoulder.</p>
<p>He added that Elway could be throwing again by the end of the week.</p>
<p>&quot;He's a tough son-of-a-gun,&quot; Shanahan said.  &quot;I wouldn't be surprised if he is back a little bit quicker.&quot;</p>
<p>Elway injured his right bicep while throwing a pass in the first quarter and did not return. He completed 5-of-8 passes for 62 yards.</p>
<p>&quot;He wanted to go back in the game and we kept him out,&quot; Shanahan said. &quot;Thank God we did because I think if he would have went back in he would have tore it completely.&quot;</p>
<p>The 37-year-old Elway was voted to his fifth Pro Bowl last season, throwing for 3,328 yards and 26 touchdowns. He has passed for 3,000 yards in 11 of his 14 NFL seasons and last year became the quarterback with the most wins in league history with 126.</p>
<p>Bubby Brister and Jeff Lewis are the backup quarterbacks for the Broncos. Each played Monday night.</p>
<p>Defensive end Alfred Williams also underwent an MRI Tuesday. It revealed a torn left triceps muscle that will sideline him for six weeks. Williams started all 16 regular-season games at right defensive tackle last season and was named to his first Pro Bowl.</p>
<p>Defensive end Neil Smith, signed as a free agent away from the rival Kansas City Chiefs, also left Monday's game with a bruised right knee. The recurring injury was not considered serious but Smith did not return to the game.</p>
</text>
<copyright>(c) Reuters Limited 1997</copyright>
<metadata>
<codes class="bip:countries:1.0">
  <code code="USA">
    <editdetail attribution="Reuters BIP Coding Group" action="confirmed" date="1997-08-06"/>
  </code>
</codes>
<codes class="bip:topics:1.0">
  <code code="GCAT">
    <editdetail attribution="Reuters BIP Coding Group" action="confirmed" date="1997-08-06"/>
  </code>
  <code code="GSPO">
    <editdetail attribution="Reuters BIP Coding Group" action="confirmed" date="1997-08-06"/>
  </code>
</codes>
<dc element="dc.date.created" value="1997-08-05"/>
<dc element="dc.publisher" value="Reuters Holdings Plc"/>
<dc element="dc.date.published" value="1997-08-06"/>
<dc element="dc.source" value="Reuters"/>
<dc element="dc.creator.location" value="DENVER, Colorado"/>
<dc element="dc.creator.location.country.name" value="USA"/>
<dc element="dc.source" value="Reuters"/>
</metadata>
</newsitem>
