<?xml version="1.0" encoding="iso-8859-1" ?>
<newsitem itemid="781006" id="root" date="1997-08-06" xml:lang="en">
<title>NIGERIA: SOCCER-NIGERIA AT ODDS WITH FRENCH MANAGER.</title>
<headline>SOCCER-NIGERIA AT ODDS WITH FRENCH MANAGER.</headline>
<dateline>LAGOS 1997-08-06</dateline>
<text>
<p>Nigeria kick off a four-nation soccer tournament in Tunisia on Thursday with doubts surrounding the future of their absent French manager who guided the team to the 1998 World Cup finals.</p>
<p>Local newspapers have reported that manager Phillipe Troussier wants to leave Nigeria because of contract disagreements with the Nigerian Football Association (NFA).</p>
<p>The NFA has made no comment on the reports but were clearly not in harmony with the manager, who was not accompanying the team to Tunisia.</p>
<p>&quot;Troussier has been on holiday in Morocco without permission for over three weeks now and hasn't contacted us on when he will return,&quot; said NFA spokesman Austin Mgbolu.</p>
<p>Eleven players left Lagos for Tunis on Tuesday with local coaches Monday Sinclair and James Peters.</p>
<p>They will be joined by overseas-based players for the knockout Maghrebian tournament with Cameroon, Zambia and Tunisia, Mgbolu said.</p>
<p>Troussier was appointed in March on a six month contract and was given the task of getting Nigeria, the reigning Olympic champions, into next year's World Cup finals in France. They have qualified with a game in hand.</p>
</text>
<copyright>(c) Reuters Limited 1997</copyright>
<metadata>
<codes class="bip:countries:1.0">
  <code code="FRA">
    <editdetail attribution="Reuters BIP Coding Group" action="confirmed" date="1997-08-06"/>
  </code>
  <code code="NIGEA">
    <editdetail attribution="Reuters BIP Coding Group" action="confirmed" date="1997-08-06"/>
  </code>
  <code code="TUNIS">
    <editdetail attribution="Reuters BIP Coding Group" action="confirmed" date="1997-08-06"/>
  </code>
</codes>
<codes class="bip:topics:1.0">
  <code code="GCAT">
    <editdetail attribution="Reuters BIP Coding Group" action="confirmed" date="1997-08-06"/>
  </code>
  <code code="GSPO">
    <editdetail attribution="Reuters BIP Coding Group" action="confirmed" date="1997-08-06"/>
  </code>
</codes>
<dc element="dc.date.created" value="1997-08-06"/>
<dc element="dc.publisher" value="Reuters Holdings Plc"/>
<dc element="dc.date.published" value="1997-08-06"/>
<dc element="dc.source" value="Reuters"/>
<dc element="dc.creator.location" value="LAGOS"/>
<dc element="dc.creator.location.country.name" value="NIGERIA"/>
<dc element="dc.source" value="Reuters"/>
</metadata>
</newsitem>
