<?xml version="1.0" encoding="iso-8859-1" ?>
<newsitem itemid="781053" id="root" date="1997-08-06" xml:lang="en">
<title>GREECE: ATHLETICS-PROFILE OF WORLD STEEPLECHASE CHAMPION KIPKETER.</title>
<headline>ATHLETICS-PROFILE OF WORLD STEEPLECHASE CHAMPION KIPKETER.</headline>
<dateline>ATHENS 1997-08-06</dateline>
<text>
<p>Profile of William Boit Kipketer, who won the world 3,000 metres steeplechase title on Wednesday.</p>
<p>Born June 10, 1973. Kenya.</p>
<p>Improved in 1996 from a time of eight minutes 27.90 set at altitude in 1994 to 8:11.29.</p>
<p>Improved his personal best in Wednesday's final, which he won in 8:05.84.</p>
<p>Known as Wilson Boit Kipketer to distinguish him from world 800 metres champion Wilson Kipketer.</p>
</text>
<copyright>(c) Reuters Limited 1997</copyright>
<metadata>
<codes class="bip:countries:1.0">
  <code code="GREECE">
    <editdetail attribution="Reuters BIP Coding Group" action="confirmed" date="1997-08-06"/>
  </code>
</codes>
<codes class="bip:topics:1.0">
  <code code="GCAT">
    <editdetail attribution="Reuters BIP Coding Group" action="confirmed" date="1997-08-06"/>
  </code>
  <code code="GSPO">
    <editdetail attribution="Reuters BIP Coding Group" action="confirmed" date="1997-08-06"/>
  </code>
</codes>
<dc element="dc.date.created" value="1997-08-06"/>
<dc element="dc.publisher" value="Reuters Holdings Plc"/>
<dc element="dc.date.published" value="1997-08-06"/>
<dc element="dc.source" value="Reuters"/>
<dc element="dc.creator.location" value="ATHENS"/>
<dc element="dc.creator.location.country.name" value="GREECE"/>
<dc element="dc.source" value="Reuters"/>
</metadata>
</newsitem>
