<?xml version="1.0" encoding="iso-8859-1" ?>
<newsitem itemid="781057" id="root" date="1997-08-06" xml:lang="en">
<title>GREECE: ATHLETICS-GEBRSELASSIE WINS WORLD MEN'S 10,000 METRES TITLE.</title>
<headline>ATHLETICS-GEBRSELASSIE WINS WORLD MEN'S 10,000 METRES TITLE.</headline>
<dateline>ATHENS 1997-08-06</dateline>
<text>
<p>Ethiopian Haile Gebrselassie won the world men's 10,000 metres gold medal on Wednesday.</p>
<p>Paul Tergat of Kenya took the silver and Moroccan Salah Hissou the bronze.</p>
</text>
<copyright>(c) Reuters Limited 1997</copyright>
<metadata>
<codes class="bip:countries:1.0">
  <code code="ETHPA">
    <editdetail attribution="Reuters BIP Coding Group" action="confirmed" date="1997-08-06"/>
  </code>
  <code code="GREECE">
    <editdetail attribution="Reuters BIP Coding Group" action="confirmed" date="1997-08-06"/>
  </code>
  <code code="KENYA">
    <editdetail attribution="Reuters BIP Coding Group" action="confirmed" date="1997-08-06"/>
  </code>
  <code code="MOROC">
    <editdetail attribution="Reuters BIP Coding Group" action="confirmed" date="1997-08-06"/>
  </code>
</codes>
<codes class="bip:topics:1.0">
  <code code="GCAT">
    <editdetail attribution="Reuters BIP Coding Group" action="confirmed" date="1997-08-06"/>
  </code>
  <code code="GSPO">
    <editdetail attribution="Reuters BIP Coding Group" action="confirmed" date="1997-08-06"/>
  </code>
</codes>
<dc element="dc.date.created" value="1997-08-06"/>
<dc element="dc.publisher" value="Reuters Holdings Plc"/>
<dc element="dc.date.published" value="1997-08-06"/>
<dc element="dc.source" value="Reuters"/>
<dc element="dc.creator.location" value="ATHENS"/>
<dc element="dc.creator.location.country.name" value="GREECE"/>
<dc element="dc.source" value="Reuters"/>
</metadata>
</newsitem>
