<?xml version="1.0" encoding="iso-8859-1" ?>
<newsitem itemid="781068" id="root" date="1997-08-06" xml:lang="en">
<title>GREECE: ATHLETICS-GUNNELL PULLS OUT OF WORLD CHAMPIONSHIPS.</title>
<headline>ATHLETICS-GUNNELL PULLS OUT OF WORLD CHAMPIONSHIPS.</headline>
<dateline>ATHENS 1997-08-06</dateline>
<text>
<p>Sally Gunnell of Britain, the former world and Olympic champion, pulled out of the world championships on Wednesday after injuring her calf during her first round race on Tuesday.</p>
<p>Gunnell, 31, taking part in her last international competition, was due to run in the 400 hurdles semifinals later on Wednesday.</p>
<p>Team manager Malcolm Arnold confirmed: &quot;She strained a muscle in her left calf during yesterday's race and it was serious enough for her to withdraw from the competition. The doctor confirmed she had done the right thing.&quot;</p>
<p>Gunnell, who announced her retirement from international competition earlier this summer, won the Olympic title in 1992 and the world title in 1993 when she also set the previous world record in the event of 52.74 seconds.</p>
<p>It was the second consecutive major championship in which injury has ruined her hopes of success. After missing most of the 1995 season injured, she returned in 1996 but broke down in the Olympic semifinal.</p>
</text>
<copyright>(c) Reuters Limited 1997</copyright>
<metadata>
<codes class="bip:countries:1.0">
  <code code="GREECE">
    <editdetail attribution="Reuters BIP Coding Group" action="confirmed" date="1997-08-06"/>
  </code>
  <code code="UK">
    <editdetail attribution="Reuters BIP Coding Group" action="confirmed" date="1997-08-06"/>
  </code>
</codes>
<codes class="bip:topics:1.0">
  <code code="GCAT">
    <editdetail attribution="Reuters BIP Coding Group" action="confirmed" date="1997-08-06"/>
  </code>
  <code code="GSPO">
    <editdetail attribution="Reuters BIP Coding Group" action="confirmed" date="1997-08-06"/>
  </code>
</codes>
<dc element="dc.date.created" value="1997-08-06"/>
<dc element="dc.publisher" value="Reuters Holdings Plc"/>
<dc element="dc.date.published" value="1997-08-06"/>
<dc element="dc.source" value="Reuters"/>
<dc element="dc.creator.location" value="ATHENS"/>
<dc element="dc.creator.location.country.name" value="GREECE"/>
<dc element="dc.source" value="Reuters"/>
</metadata>
</newsitem>
