<?xml version="1.0" encoding="iso-8859-1" ?>
<newsitem itemid="781013" id="root" date="1997-08-06" xml:lang="en">
<title>ALBANIA: SOCCER-FIFA TO DECIDE ALBANIAN QUALIFIER VENUE NEXT WEEK.</title>
<headline>SOCCER-FIFA TO DECIDE ALBANIAN QUALIFIER VENUE NEXT WEEK.</headline>
<dateline>TIRANA 1997-08-06</dateline>
<text>
<p>World soccer's governing body FIFA said a decision on whether Albania's home World Cup qualifier against Northern Ireland on September 10 could be played in Tirana would be taken on Tuesday.</p>
<p>Recent civil unrest in the Balkan country led FIFA to move all Albania's home group nine ties to Spain. Matches against Germany and the Ukraine were played there earlier in the year.</p>
<p>Officials of FIFA and UEFA, European soccer's governing body, visited Albania over the past two days and held talks with the country's soccer federation and the government.</p>
<p>&quot;We are concerned about the overall security in the stadiums because in other respects there is no problem,&quot; Per Ravn Omdal, UEFA vice-president and member of FIFA's executive committee, said on Wednesday.</p>
<p>The second stage of the 1996-97 Albanian league, which was suspended in February because of the armed unrest, resumed last Saturday after the government promised adequate security in stadiums.</p>
<p>The new season is scheduled to begin on September 13, although many clubs have been left heavily in debt and with badly damaged stadiums.</p>
<p>Albanian clubs have been suspended by UEFA from the 1997-98 European club cup competitions.</p>
<p>&quot;Unfortunately there will be no financial compensation for the teams not participating in European cups,&quot; Omdal said.</p>
</text>
<copyright>(c) Reuters Limited 1997</copyright>
<metadata>
<codes class="bip:countries:1.0">
  <code code="ALB">
    <editdetail attribution="Reuters BIP Coding Group" action="confirmed" date="1997-08-06"/>
  </code>
  <code code="SPAIN">
    <editdetail attribution="Reuters BIP Coding Group" action="confirmed" date="1997-08-06"/>
  </code>
  <code code="UK">
    <editdetail attribution="Reuters BIP Coding Group" action="confirmed" date="1997-08-06"/>
  </code>
</codes>
<codes class="bip:topics:1.0">
  <code code="GCAT">
    <editdetail attribution="Reuters BIP Coding Group" action="confirmed" date="1997-08-06"/>
  </code>
  <code code="GSPO">
    <editdetail attribution="Reuters BIP Coding Group" action="confirmed" date="1997-08-06"/>
  </code>
</codes>
<dc element="dc.date.created" value="1997-08-06"/>
<dc element="dc.publisher" value="Reuters Holdings Plc"/>
<dc element="dc.date.published" value="1997-08-06"/>
<dc element="dc.source" value="Reuters"/>
<dc element="dc.creator.location" value="TIRANA"/>
<dc element="dc.creator.location.country.name" value="ALBANIA"/>
<dc element="dc.source" value="Reuters"/>
</metadata>
</newsitem>
