<?xml version="1.0" encoding="iso-8859-1" ?>
<newsitem itemid="781028" id="root" date="1997-08-06" xml:lang="en">
<title>USA: BASEBALL-TUESDAY'S MAJOR LEAGUE RESULTS.</title>
<headline>BASEBALL-TUESDAY'S MAJOR LEAGUE RESULTS.</headline>
<dateline>NEW YORK 1997-08-05</dateline>
<text>
<p>Results of Major League</p>
<p>Baseball games on Tuesday (home team in CAPS):</p>
<p>	    American League</p>
<p> DETROIT	     6  Cleveland	   4</p>
<p> Toronto	     8  MINNESOTA	   3</p>
<p> Chi White Sox     3  OAKLAND	     0</p>
<p> NY Yankees	  4  KANSAS CITY	 1</p>
<p> Boston	     17  TEXAS		 1</p>
<p> ANAHEIM	     6  Milwaukee	   5</p>
<p> SEATTLE	     4  Baltimore	   3</p>
<p>	    National League</p>
<p> FLORIDA	     6  Houston	     5</p>
<p> CINCINNATI	  7  San Diego	   3</p>
<p> Los Angeles	 5  MONTREAL	    4 (in 10)</p>
<p> Colorado	    4  PHILADELPHIA	2</p>
<p> PITTSBURGH	  5  Atlanta	     4</p>
<p> NY METS	     5  St Louis	    4 (in 10)</p>
<p> San Francisco     8  CHICAGO CUBS	2</p>
</text>
<copyright>(c) Reuters Limited 1997</copyright>
<metadata>
<codes class="bip:countries:1.0">
  <code code="CANA">
    <editdetail attribution="Reuters BIP Coding Group" action="confirmed" date="1997-08-06"/>
  </code>
  <code code="USA">
    <editdetail attribution="Reuters BIP Coding Group" action="confirmed" date="1997-08-06"/>
  </code>
</codes>
<codes class="bip:topics:1.0">
  <code code="GCAT">
    <editdetail attribution="Reuters BIP Coding Group" action="confirmed" date="1997-08-06"/>
  </code>
  <code code="GSPO">
    <editdetail attribution="Reuters BIP Coding Group" action="confirmed" date="1997-08-06"/>
  </code>
</codes>
<dc element="dc.date.created" value="1997-08-05"/>
<dc element="dc.publisher" value="Reuters Holdings Plc"/>
<dc element="dc.date.published" value="1997-08-06"/>
<dc element="dc.source" value="Reuters"/>
<dc element="dc.creator.location" value="NEW YORK"/>
<dc element="dc.creator.location.country.name" value="USA"/>
<dc element="dc.source" value="Reuters"/>
</metadata>
</newsitem>
