<?xml version="1.0" encoding="iso-8859-1" ?>
<newsitem itemid="781076" id="root" date="1997-08-06" xml:lang="en">
<title>GREECE: ATHLETICS-WORLD CHAMPIONSHIPS RESULTS - WOMEN.</title>
<headline>ATHLETICS-WORLD CHAMPIONSHIPS RESULTS - WOMEN.</headline>
<dateline>ATHENS 1997-08-06</dateline>
<text>
<p>Results of women's events at the</p>
<p>world athletics championships on Wednesday:</p>
<p>800 metres first round (first 2 in each heat plus 6 fastest</p>
<p>losers to semifinals):</p>
<p>Heat 1 of 5</p>
<p> 1. Ludmila Formanova (Czech Republic) 2 minutes 01.46 seconds</p>
<p> 2. Natalya Dukhnova (Belarus)		     2:02.39</p>
<p> 3. Linda Kisabaka (Germany)			 2:03.22</p>
<p> 4. Julia Sakara (Zimbabwe)			  2:03.55</p>
<p> 5. Oznur Dursun (Turkey)			    2:04.62</p>
<p> 6. Leontine Tsiba (Congo)			   2:07.34</p>
<p> 7. Abok Shol (Sudan)				  2:16.74</p>
<p>    Malin Ewerlof (Sweden)			   did not start</p>
<p>Heat 2</p>
<p> 1. Ana Fedelia Quirot (Cuba)			2:01.56</p>
<p> 2. Yelena Buzhenko (Ukraine)			2:02.00</p>
<p> 3. Toni Hodgkinson (New Zealand)		  2:02.21</p>
<p> 4. Jill McMullen (U.S.)			     2:06.16</p>
<p> 5. Theoni Kostopoulou (Greece)		    2:07.32</p>
<p> 6. Jolanda Ceplak (Slovenia)			2:10.97</p>
<p> 7. Adama Njie (Gambia)				2:13.50</p>
<p>800 metres first round:</p>
<p>Heat 3</p>
<p> 1. Letitia Vriesde (Surinam)	2:00.92</p>
<p> 2. Stella Jongmans (Netherlands)  2:01.06</p>
<p> 3. Liubov Tsyoma (Russia)	   2:01.87</p>
<p> 4. Rosa Kutty (India)		 2:02.22</p>
<p> 5. Kathy Rounds (U.S.)		2:03.33</p>
<p> 6. Dawn-Sewer Williams (Dominica) 2:03.35</p>
<p> 7. Natalia Al Farran (Lebanon)    2:18.11</p>
<p> 8. Donata Mutegwamaso (Rwanda)    2:25.07</p>
<p>Heat 4</p>
<p> 1. Maria Mutola (Mozambique)	2:08.88</p>
<p> 2. Joetta Clark (U.S.)		2:01.15</p>
<p> 3. Petia Strashilova (Bulgaria)   2:01.49</p>
<p> 4. Nouria Benida-Merah (Algeria)  2:01.54</p>
<p> 5. Stephanie Graf (Austria)	 2:02.52</p>
<p> 6. Charmaine Crooks (Canada)	2:02.84</p>
<p> 7. Yaznee Nasheeda (Maldives)     2:36.18</p>
<p>Anbel Alberta Cape (Guinea Bisseau) did not start</p>
<p>800 metres first round:</p>
<p>Heat 5</p>
<p> 1. Yelena Afanasyeva (Russia)  2:00.12</p>
<p> 2. Luciana Mendes (Brazil)     2:00.89</p>
<p> 3. Hasna Ben Hassi (Morocco)   2:01.56</p>
<p> 4. Malgorzata Rydz (Poland)    2:01.68</p>
<p> 5. Iryna Nedelenko (Ukraine)   2:03.56</p>
<p> 6. Monika Kinnunen (Finland)   2:04.11</p>
<p> 7. Monica Randi (San Marino)   2:16.00</p>
<p>200 metres (first 4 in each heat plus 4 fastest losers to</p>
<p>second round):</p>
<p>Heat 1 (zero wind)</p>
<p> 1. Zhanna Pintussevich (Ukraine)	  22.85</p>
<p> 2. Zundra Feagin (U.S.)		     22.99</p>
<p> 3. Melanie Paschke (Germany)		23.10</p>
<p> 4. Lauren Hewitt (Australia)		23.18</p>
<p> 5. Katherine Merry (Britain)		23.20</p>
<p> 6. Melissa Straker (Barbados)	     23.45</p>
<p> 7. Ameerah Bello (U.S. Virgin Islands)  24.31</p>
<p>Heat 2 (zero wind)</p>
<p> 1. Melinda Gainsford-Taylor (Australia) 22.76</p>
<p> 2. Merlene Frazer (Jamaica)		 22.91</p>
<p> 3. Simmone Jacobs (Britain)		 23.23</p>
<p> 4. Shanta Ghosh (Germany)		   23.58</p>
<p> 5. Aida Diop (Senegal)			23.71</p>
<p> 6. Danielle Perpoli (Italy)		 23.96</p>
<p>    Kaltouma Nadjina (Chad)		  did not start</p>
<p>200 metres first round:</p>
<p>Heat 3 (-1.4)</p>
<p> 1. Marie Jose Perec (France)    22.87</p>
<p> 2. Marina Trandenkova (Russia)  22.94</p>
<p> 3. Ekaterini Koffa (Greece)     22.97</p>
<p> 4. Yan Jiankui (China)	    23.11</p>
<p> 5. Felipa Palacios (Colombia)   23.15</p>
<p> 6. N.Safronnikova (Belarus)     23.66</p>
<p> 7. S.Bodritskaya (Kazakhstan)   23.96</p>
<p>Heat 4 (+1.8)</p>
<p> 1. Susanthika Jayasinghe (Sri Lanka) 22.44</p>
<p> 2. Yekaterina Leshchova (Russia)     22.47</p>
<p> 3. Merlene Ottey (Jamaica)	     22.47</p>
<p> 4. Sylvianne Felix (France)	    22.71</p>
<p> 5. Petia Pendareva (Bulgaria)	  23.02</p>
<p> 6. Gabriele Rockmeier (Germany)	23.22</p>
<p> 7. Patricia Rodriguez (Colombia)     23.45</p>
<p> 8. Vernatta Lesforis (St Lucia)	24.27</p>
<p>200 metres first round:</p>
<p>Heat 5 (-2.0)</p>
<p> 1. Juliet Cuthbert (Jamaica)     23.08</p>
<p> 2. Pauline Davis (Bahamas)	 23.26</p>
<p> 3. Cheryl Taplin (U.S.)	    23.28</p>
<p> 4. Katia Benth (France)	    23.33</p>
<p>5. Marina Filipovic (Yugoslavia) 23.54</p>
<p> 6. Heather Samuel (Antigua)	23.93</p>
<p> 7. Sittina Djabiri (Cormoros)    30.88</p>
<p> 8. Natalya Voronova (Russia)     did not finish</p>
<p>Heat 6 (-0.8)</p>
<p> 1. Inger Miller (U.S.)	     22.55</p>
<p> 2. Liu Xiaomei (China)	     22.99</p>
<p> 3. Juliet Campbell (Jamaica)     23.00</p>
<p> 4. Lucrecia Jardim (Portugal)    23.04</p>
<p> 5. Sanna Hernesniemi (Finland)   23.17</p>
<p>6. Monika Gatchevska (Bulgaria)  23.55</p>
<p> 7. Dora Kyriacou (Cyprus)	  24.08</p>
<p> 8. Laure Kuetey (Benin)	    25.15</p>
<p>Heat 7 (+1.8)</p>
<p> 1. Li Xuemei (China)		  22.44</p>
<p>2. Hana Benesova (Czech Republic) 22.76</p>
<p> 3. Chandra Sturrup (Bahamas)	22.77</p>
<p> 4. Alenka Bikar (Slovenia)	  22.81</p>
<p> 5. Ladonna Antoine (Canada)	 23.86</p>
<p> 6. Georgette Nkoma (Cameroon)     24.53</p>
<p>7. Rossa Maira (Papua New Guinea) 25.02</p>
<p> 8. Fanta Dao (Mali)		   25.35</p>
</text>
<copyright>(c) Reuters Limited 1997</copyright>
<metadata>
<codes class="bip:countries:1.0">
  <code code="GREECE">
    <editdetail attribution="Reuters BIP Coding Group" action="confirmed" date="1997-08-06"/>
  </code>
</codes>
<codes class="bip:topics:1.0">
  <code code="GCAT">
    <editdetail attribution="Reuters BIP Coding Group" action="confirmed" date="1997-08-06"/>
  </code>
  <code code="GSPO">
    <editdetail attribution="Reuters BIP Coding Group" action="confirmed" date="1997-08-06"/>
  </code>
</codes>
<dc element="dc.date.created" value="1997-08-06"/>
<dc element="dc.publisher" value="Reuters Holdings Plc"/>
<dc element="dc.date.published" value="1997-08-06"/>
<dc element="dc.source" value="Reuters"/>
<dc element="dc.creator.location" value="ATHENS"/>
<dc element="dc.creator.location.country.name" value="GREECE"/>
<dc element="dc.source" value="Reuters"/>
</metadata>
</newsitem>
