<?xml version="1.0" encoding="iso-8859-1" ?>
<newsitem itemid="781183" id="root" date="1997-08-06" xml:lang="en">
<title>UK: MED OIL PRODUCTS FIRM AMID NAPHTHA, MOGAS GAINS.</title>
<headline>MED OIL PRODUCTS FIRM AMID NAPHTHA, MOGAS GAINS.</headline>
<dateline>LONDON 1997-08-06</dateline>
<text>
<p>Med oil products were mostly steady to slightly higher on Wednesday with prompt gasoline cargoes notionally $3 up and naphtha physical values seen $2 higher.</p>
<p>Tight prompt markets pushed first half August mogas up $3 but notional gains were more modest for the whole month.</p>
<p>NWE and Med cargo values were seen by dealers $2 up on the day after a naphtha physical trade at $196 CIF NWE for pipeline spec and a slight gain on August swap values confirmed firmer sentiments, despite lower crude futures values.</p>
<p>Gas oil was little changed but dealers said the tone was firmer in line with northwest Europe.</p>
<p>Premiums for Italian heating oil held around $3.50 to $4.00 a tonne above high quotes, perhaps 50 cents above recent levels.</p>
<p>&quot;Its like the north, fairly tight in the prompt,&quot; said a trader who saw few prompt Russian cargoes on offer.</p>
<p>Cracked high sulphur fuel was still assessed strong, in the $83/$84 fob range. Two high density cargoes were still being offered by a French refiner but no buyers were seen.</p>
<p>High sulphur straight-run was steady but traders said that the arrival of fresh Iraqi crude on the Mediterranean market soon will make straight-run less attractive to refiners.</p>
<p>Traders said one Mersin stem of high sulphur straight-run was available from a European major. Two M-100 Russian cargoes will also be available soon at premia of $3 to $4 over high cif Med quote, the same level for two trades earlier this week.</p>
<p>One percent was unchanged with little activity reported in the market, but levels were notionally up following the stronger numbers in the north for low sulphur cargoes.</p>
<p>-- London newsroom +44 171 542 4984</p>
</text>
<copyright>(c) Reuters Limited 1997</copyright>
<metadata>
<codes class="bip:countries:1.0">
  <code code="UK">
    <editdetail attribution="Reuters BIP Coding Group" action="confirmed" date="1997-08-06"/>
  </code>
</codes>
<codes class="bip:topics:1.0">
  <code code="M14">
    <editdetail attribution="Reuters BIP Coding Group" action="confirmed" date="1997-08-06"/>
  </code>
  <code code="M143">
    <editdetail attribution="Reuters BIP Coding Group" action="confirmed" date="1997-08-06"/>
  </code>
  <code code="MCAT">
    <editdetail attribution="Reuters BIP Coding Group" action="confirmed" date="1997-08-06"/>
  </code>
</codes>
<dc element="dc.date.created" value="1997-08-06"/>
<dc element="dc.publisher" value="Reuters Holdings Plc"/>
<dc element="dc.date.published" value="1997-08-06"/>
<dc element="dc.source" value="Reuters"/>
<dc element="dc.creator.location" value="LONDON"/>
<dc element="dc.creator.location.country.name" value="UK"/>
<dc element="dc.source" value="Reuters"/>
</metadata>
</newsitem>
