<?xml version="1.0" encoding="iso-8859-1" ?>
<newsitem itemid="781168" id="root" date="1997-08-06" xml:lang="en">
<title>UK: UK/BENELUX PETROL PRICES RAISED ON MOGAS GAINS.</title>
<headline>UK/BENELUX PETROL PRICES RAISED ON MOGAS GAINS.</headline>
<dateline>LONDON 1997-08-06</dateline>
<text>
<p>Oil companies raised petrol prices in the U.K. and all the Benelux countries on Wednesday amidst continent-wide efforts to recoup rapidly rising gasoline prices.</p>
<p>British Petroleum Co. plc said it had raised its U.K. pump prices by 2 pence a litter effective Wednesday as Shell said it had raised its wholesale prices by 2 pence and Esso said it would seek to raise its prices in line with hikes by other suppliers.</p>
<p>Supermarket chain and petrol retailer, Asda Plc, said it would maintain its policy of keeping its petrol prices 4 percent below the national average.</p>
<p>Belgian petrol prices were meanwhile raised Wednesday by BEF1.10 a litre, a move described by Peter Regnier of Oil Price Assessments Ltd (OPAL) as the biggest non-tax related pump price hike in Belgium for 25 years.</p>
<p>The Belgian increase took the level for premium unleaded 95 Ron gasoline at the pump to BEF38.50 as the Netherlands saw a 2 cents gain to NLG2.24 and Luxembourg also registered an LUF1.10 rise, Regnier said.</p>
<p>An Esso Hamburg spokesman said German pump prices had been raised as many as 20 times so far this year, although fierce competition among suppliers had led to most if not all of those gains being wiped out.</p>
<p>Regnier said German and Dutch pump prices had been raised six times in the past two months, adding that a further Dutch increase was expected by this weekend.</p>
<p>Italian oil firms earlier Wednesday bowed to government pressure by saying they would freeze pump prices for at least eight days, having Tuesday announced hikes of ITL5.0 a litre.</p>
<p>BP, Shell and Esso all said the U.K. increases were a response to recent strong gains in the international gasoline market as one U.K. oil company source indicated further hikes could be forthcoming.</p>
<p>&quot;Two pence is probably not enough; more increased are needed to make up for a $25 a tonne rise in gasoline prices during July alone, so more increases could be in the pipeline,&quot; the source said.</p>
<p>The scale of recent physical gasoline price gains were underlined earlier Wednesday by a $240.25 FOB AR deal for prompt premium unleaded gasoline, the highest recorded level since the 1990/91 Gulf War.</p>
<p>While U.K. oil majors and petrol retailers also point to wafer thin margins since Esso introduced its Pricewatch scheme in January 1996, continental suppliers have more recently seen their margins squeezed by a combination of rising dollar prices and rapid gains in the dollar's value against their currencies.</p>
<p>--Keyvan Hedvat, London newsroom +44 171 542 8185</p>
</text>
<copyright>(c) Reuters Limited 1997</copyright>
<metadata>
<codes class="bip:countries:1.0">
  <code code="BELG">
    <editdetail attribution="Reuters BIP Coding Group" action="confirmed" date="1997-08-06"/>
  </code>
  <code code="LUX">
    <editdetail attribution="Reuters BIP Coding Group" action="confirmed" date="1997-08-06"/>
  </code>
  <code code="NETH">
    <editdetail attribution="Reuters BIP Coding Group" action="confirmed" date="1997-08-06"/>
  </code>
  <code code="UK">
    <editdetail attribution="Reuters BIP Coding Group" action="confirmed" date="1997-08-06"/>
  </code>
  <code code="USA">
    <editdetail attribution="Reuters BIP Coding Group" action="confirmed" date="1997-08-06"/>
  </code>
</codes>
<codes class="bip:industries:1.0">
  <code code="I13000">
    <editdetail attribution="Reuters BIP Coding Group" action="confirmed" date="1997-08-06"/>
  </code>
  <code code="I1300003">
    <editdetail attribution="Reuters BIP Coding Group" action="confirmed" date="1997-08-06"/>
  </code>
  <code code="I64100">
    <editdetail attribution="Reuters BIP Coding Group" action="confirmed" date="1997-08-06"/>
  </code>
  <code code="I65200">
    <editdetail attribution="Reuters BIP Coding Group" action="confirmed" date="1997-08-06"/>
  </code>
</codes>
<codes class="bip:topics:1.0">
  <code code="C31">
    <editdetail attribution="Reuters BIP Coding Group" action="confirmed" date="1997-08-06"/>
  </code>
  <code code="CCAT">
    <editdetail attribution="Reuters BIP Coding Group" action="confirmed" date="1997-08-06"/>
  </code>
  <code code="M14">
    <editdetail attribution="Reuters BIP Coding Group" action="confirmed" date="1997-08-06"/>
  </code>
  <code code="M143">
    <editdetail attribution="Reuters BIP Coding Group" action="confirmed" date="1997-08-06"/>
  </code>
  <code code="MCAT">
    <editdetail attribution="Reuters BIP Coding Group" action="confirmed" date="1997-08-06"/>
  </code>
</codes>
<dc element="dc.date.created" value="1997-08-06"/>
<dc element="dc.publisher" value="Reuters Holdings Plc"/>
<dc element="dc.date.published" value="1997-08-06"/>
<dc element="dc.source" value="Reuters"/>
<dc element="dc.creator.location" value="LONDON"/>
<dc element="dc.creator.location.country.name" value="UK"/>
<dc element="dc.source" value="Reuters"/>
</metadata>
</newsitem>
