<?xml version="1.0" encoding="iso-8859-1" ?>
<newsitem itemid="781131" id="root" date="1997-08-06" xml:lang="en">
<title>ESTONIA: TALIBOR/TALIBID INTERBANK 1-MO RATES RISE.</title>
<headline>TALIBOR/TALIBID INTERBANK 1-MO RATES RISE.</headline>
<dateline>TALLINN 1997-06-25</dateline>
<text>
<p>Average interbank rates rose in</p>
<p>the one-month period while one-week and three-month rates</p>
<p>stable, the central bank said on Wednesday.</p>
<p>&quot;The increase was surprising, as liquidity has been very</p>
<p>good and the number of transactions has been very low,&quot; Erki</p>
<p>Raasuke, head of Hansapank's money market desk, told Reuters.</p>
<p>&quot;Someone, for whatever reason, has adjusted their rates and</p>
<p>this is reflected in the change,&quot; he added.</p>
<p>Raasuke said that the good liquidity is expected to stay and</p>
<p>no significant changes are expected during the next week.</p>
<p>    TALIBOR/TALIBID   1Week	 1Month    3Month</p>
<p>    August 6	    4.25/3.25  5.62/4.62  7.00/6.00</p>
<p>    July 30	     4.25/3.25  5.52/4.52  7.00/6.00</p>
<p>-- Tallinn newsroom +372 620 9202 reuters@reuters.ee</p>
</text>
<copyright>(c) Reuters Limited 1997</copyright>
<metadata>
<codes class="bip:countries:1.0">
  <code code="ESTNIA">
    <editdetail attribution="Reuters BIP Coding Group" action="confirmed" date="1997-08-06"/>
  </code>
</codes>
<codes class="bip:topics:1.0">
  <code code="M13">
    <editdetail attribution="Reuters BIP Coding Group" action="confirmed" date="1997-08-06"/>
  </code>
  <code code="M131">
    <editdetail attribution="Reuters BIP Coding Group" action="confirmed" date="1997-08-06"/>
  </code>
  <code code="MCAT">
    <editdetail attribution="Reuters BIP Coding Group" action="confirmed" date="1997-08-06"/>
  </code>
</codes>
<dc element="dc.date.created" value="1997-06-25"/>
<dc element="dc.publisher" value="Reuters Holdings Plc"/>
<dc element="dc.date.published" value="1997-08-06"/>
<dc element="dc.source" value="Reuters"/>
<dc element="dc.creator.location" value="TALLINN"/>
<dc element="dc.creator.location.country.name" value="ESTONIA"/>
<dc element="dc.source" value="Reuters"/>
</metadata>
</newsitem>
