<?xml version="1.0" encoding="iso-8859-1" ?>
<newsitem itemid="781144" id="root" date="1997-08-06" xml:lang="en">
<title>CZECH REPUBLIC: CZECH CBANK 1-WK REPO AVERAGE YIELD 14.5 PCT.</title>
<headline>CZECH CBANK 1-WK REPO AVERAGE YIELD 14.5 PCT.</headline>
<dateline>PRAGUE 1997-08-06</dateline>
<text>
<p>The Czech National Bank (CNB) said on Wednesday that average and maximum yield in a one-week reverse repo operation to drain liquidity, was unchanged at 14.5 percent at which all bids were accepted.</p>
<p>-- Prague Newsroom, 420-2-2423-0003</p>
</text>
<copyright>(c) Reuters Limited 1997</copyright>
<metadata>
<codes class="bip:countries:1.0">
  <code code="CZREP">
    <editdetail attribution="Reuters BIP Coding Group" action="confirmed" date="1997-08-06"/>
  </code>
</codes>
<codes class="bip:topics:1.0">
  <code code="M13">
    <editdetail attribution="Reuters BIP Coding Group" action="confirmed" date="1997-08-06"/>
  </code>
  <code code="M131">
    <editdetail attribution="Reuters BIP Coding Group" action="confirmed" date="1997-08-06"/>
  </code>
  <code code="MCAT">
    <editdetail attribution="Reuters BIP Coding Group" action="confirmed" date="1997-08-06"/>
  </code>
</codes>
<dc element="dc.date.created" value="1997-08-06"/>
<dc element="dc.publisher" value="Reuters Holdings Plc"/>
<dc element="dc.date.published" value="1997-08-06"/>
<dc element="dc.source" value="Reuters"/>
<dc element="dc.creator.location" value="PRAGUE"/>
<dc element="dc.creator.location.country.name" value="CZECH REPUBLIC"/>
<dc element="dc.source" value="Reuters"/>
</metadata>
</newsitem>
