<?xml version="1.0" encoding="iso-8859-1" ?>
<newsitem itemid="781121" id="root" date="1997-08-06" xml:lang="en">
<title>ROMANIA: GOLDMAN SACHS IN ROMANIA TELECOMS PRIVATISATION.</title>
<headline>GOLDMAN SACHS IN ROMANIA TELECOMS PRIVATISATION.</headline>
<dateline>BUCHAREST 1997-08-06</dateline>
<text>
<p>Romania's Communications Ministry has signed a contract with investment bank Goldman Sachs to advise on privatisation of state-run Romtelecom RA telephone operator, the ministry said on Wednesday.</p>
<p>Last month, Goldman Sachs won a tender called by the ministry to designate an adviser to help it choose a strategic investor in the telephone monopoly.</p>
<p>Under the arrangement, Goldman Sachs will manage the bid for Romtelecom's privatisation, which would be preceded by the transformation of Romtelecom into a state-owned joint-stock company next month.</p>
<p>In the initial stage, the ministry plans to sell a 30 percent stake in the telephone operator by mid-1998. The remaining 70 percent would be eventually offered through the Bucharest stock exchange and in over-the-counter-trading.</p>
<p>The ministry recently said it had evaluated Romtelecom's assets and the market it could offer at around $6 billion.</p>
<p>-- Bucharest Newsroom 40-1 3120264</p>
</text>
<copyright>(c) Reuters Limited 1997</copyright>
<metadata>
<codes class="bip:countries:1.0">
  <code code="ROM">
    <editdetail attribution="Reuters BIP Coding Group" action="confirmed" date="1997-08-06"/>
  </code>
</codes>
<codes class="bip:industries:1.0">
  <code code="I79020">
    <editdetail attribution="Reuters BIP Coding Group" action="confirmed" date="1997-08-06"/>
  </code>
  <code code="I83100">
    <editdetail attribution="Reuters BIP Coding Group" action="confirmed" date="1997-08-06"/>
  </code>
</codes>
<codes class="bip:topics:1.0">
  <code code="C18">
    <editdetail attribution="Reuters BIP Coding Group" action="confirmed" date="1997-08-06"/>
  </code>
  <code code="C183">
    <editdetail attribution="Reuters BIP Coding Group" action="confirmed" date="1997-08-06"/>
  </code>
  <code code="C33">
    <editdetail attribution="Reuters BIP Coding Group" action="confirmed" date="1997-08-06"/>
  </code>
  <code code="CCAT">
    <editdetail attribution="Reuters BIP Coding Group" action="confirmed" date="1997-08-06"/>
  </code>
</codes>
<dc element="dc.date.created" value="1997-08-06"/>
<dc element="dc.publisher" value="Reuters Holdings Plc"/>
<dc element="dc.date.published" value="1997-08-06"/>
<dc element="dc.source" value="Reuters"/>
<dc element="dc.creator.location" value="BUCHAREST"/>
<dc element="dc.creator.location.country.name" value="ROMANIA"/>
<dc element="dc.source" value="Reuters"/>
</metadata>
</newsitem>
