<?xml version="1.0" encoding="iso-8859-1" ?>
<newsitem itemid="781163" id="root" date="1997-08-06" xml:lang="en">
<title>UK: NWE VGO PRICES FIRM ON STRONG US PRODUCTS, DEMAND.</title>
<headline>NWE VGO PRICES FIRM ON STRONG US PRODUCTS, DEMAND.</headline>
<dateline>LONDON 1997-08-04</dateline>
<text>
<p>bid/ask	prev bid/ask</p>
<p> Low sulphur cargoes fob NWE	  137/139	  134/136</p>
<p> High sulphur cargoes fob NWE	 129/131	  125/126</p>
<p> High sulphur barges fob ARA	  132/133	  126/127</p>
<p> Formula quotation fob Med	     18/23	    18/23</p>
<p>--------------------------------------------------------</p>
<p>European vacuum gas oil prices rose mid-week on the back of stronger U.S. product prices and continued demand from the United States, Europe and the Mediterranean, traders said.</p>
<p>They said that the net back from selling low sulphur VGO into the United States was in the high $130s.</p>
<p>&quot;VGO prices are generally stronger following better product prices in the United States and there is some local demand in Europe,&quot; a trader with a major said.</p>
<p>Traders said the Germans ware also buying low sulphur VGO and there was demand into Israel. There was also demand into Augusta for high sulphur material.</p>
<p>One major will be offering 20,000 tonnes of low sulphur VGO at $140 fob and a similar sized cargo of high sulphur material at about $131/$132 fob for second half August.</p>
<p>-- London newsroom +44 171 542 8145</p>
</text>
<copyright>(c) Reuters Limited 1997</copyright>
<metadata>
<codes class="bip:countries:1.0">
  <code code="UK">
    <editdetail attribution="Reuters BIP Coding Group" action="confirmed" date="1997-08-06"/>
  </code>
</codes>
<codes class="bip:topics:1.0">
  <code code="M14">
    <editdetail attribution="Reuters BIP Coding Group" action="confirmed" date="1997-08-06"/>
  </code>
  <code code="M143">
    <editdetail attribution="Reuters BIP Coding Group" action="confirmed" date="1997-08-06"/>
  </code>
  <code code="MCAT">
    <editdetail attribution="Reuters BIP Coding Group" action="confirmed" date="1997-08-06"/>
  </code>
</codes>
<dc element="dc.date.created" value="1997-08-04"/>
<dc element="dc.publisher" value="Reuters Holdings Plc"/>
<dc element="dc.date.published" value="1997-08-06"/>
<dc element="dc.source" value="Reuters"/>
<dc element="dc.creator.location" value="LONDON"/>
<dc element="dc.creator.location.country.name" value="UK"/>
<dc element="dc.source" value="Reuters"/>
</metadata>
</newsitem>
