<?xml version="1.0" encoding="iso-8859-1" ?>
<newsitem itemid="781134" id="root" date="1997-08-06" xml:lang="en">
<title>LATVIA: C.BANK CHIEF INSISTS ON BALANCED BUDGET.</title>
<headline>C.BANK CHIEF INSISTS ON BALANCED BUDGET.</headline>
<dateline>RIGA 1997-08-06</dateline>
<text>
<p>Latvian central bank chief Einar Repshe on Wednesday insisted that the country needed to keep to a balanced budget or risk hurting economic development.</p>
<p>&quot;Moving from a balanced budget would be a big blow to Latvia's economy,&quot; Repshe told a news conference.</p>
<p>The finance ministry has warned that tax collection is below the planned level and that there is a risk of a budget deficit of 10 million lats to 12 million lats.</p>
<p>The new government of Guntar Krasts also wants to have a balanced budget this year. It has pledged definitely to have one next year if it turns out to impossible for 1997.</p>
<p>Repshe said the biggest achievement of outgoing prime minister Andris Shkele was the passing of the balanced budget.</p>
<p>He warned that if the state moved into deficit again then interest rates would rise and banks would again make easy profits from T-bills rather than trying to make money from lending and helping economic growth by extending credits.</p>
<p>-- Patrick Lannin, Riga newsroom, +371 721 5240</p>
</text>
<copyright>(c) Reuters Limited 1997</copyright>
<metadata>
<codes class="bip:countries:1.0">
  <code code="LATV">
    <editdetail attribution="Reuters BIP Coding Group" action="confirmed" date="1997-08-06"/>
  </code>
</codes>
<codes class="bip:topics:1.0">
  <code code="E12">
    <editdetail attribution="Reuters BIP Coding Group" action="confirmed" date="1997-08-06"/>
  </code>
  <code code="E21">
    <editdetail attribution="Reuters BIP Coding Group" action="confirmed" date="1997-08-06"/>
  </code>
  <code code="E211">
    <editdetail attribution="Reuters BIP Coding Group" action="confirmed" date="1997-08-06"/>
  </code>
  <code code="ECAT">
    <editdetail attribution="Reuters BIP Coding Group" action="confirmed" date="1997-08-06"/>
  </code>
</codes>
<dc element="dc.date.created" value="1997-08-06"/>
<dc element="dc.publisher" value="Reuters Holdings Plc"/>
<dc element="dc.date.published" value="1997-08-06"/>
<dc element="dc.source" value="Reuters"/>
<dc element="dc.creator.location" value="RIGA"/>
<dc element="dc.creator.location.country.name" value="LATVIA"/>
<dc element="dc.source" value="Reuters"/>
</metadata>
</newsitem>
