<?xml version="1.0" encoding="iso-8859-1" ?>
<newsitem itemid="781124" id="root" date="1997-08-06" xml:lang="en">
<title>ESTONIA: FOREKS TAKES 20 MLN MARK SYDICATED LOAN.</title>
<headline>FOREKS TAKES 20 MLN MARK SYDICATED LOAN.</headline>
<dateline>TALLINN 1997-08-06</dateline>
<text>
<p>Forekspank signed an agreement to take a 20 million German mark syndicated loan, Forekspank said on Wednesday.</p>
<p>In a statement the bank said that three year loan with a interest rate of the German Libor plus 1.75 percent was organised by Deutche Morgan Grenfell.</p>
<p>Forekspank plans to use the new loan to help finance the construction of their new building and strengthen their lending base.</p>
<p>-- Tallinn newsroom +372 620 9202  reuters@reuters.ee</p>
</text>
<copyright>(c) Reuters Limited 1997</copyright>
<metadata>
<codes class="bip:countries:1.0">
  <code code="ESTNIA">
    <editdetail attribution="Reuters BIP Coding Group" action="confirmed" date="1997-08-06"/>
  </code>
</codes>
<codes class="bip:industries:1.0">
  <code code="I81402">
    <editdetail attribution="Reuters BIP Coding Group" action="confirmed" date="1997-08-06"/>
  </code>
</codes>
<codes class="bip:topics:1.0">
  <code code="C17">
    <editdetail attribution="Reuters BIP Coding Group" action="confirmed" date="1997-08-06"/>
  </code>
  <code code="C173">
    <editdetail attribution="Reuters BIP Coding Group" action="confirmed" date="1997-08-06"/>
  </code>
  <code code="CCAT">
    <editdetail attribution="Reuters BIP Coding Group" action="confirmed" date="1997-08-06"/>
  </code>
</codes>
<dc element="dc.date.created" value="1997-08-06"/>
<dc element="dc.publisher" value="Reuters Holdings Plc"/>
<dc element="dc.date.published" value="1997-08-06"/>
<dc element="dc.source" value="Reuters"/>
<dc element="dc.creator.location" value="TALLINN"/>
<dc element="dc.creator.location.country.name" value="ESTONIA"/>
<dc element="dc.source" value="Reuters"/>
</metadata>
</newsitem>
