<?xml version="1.0" encoding="iso-8859-1" ?>
<newsitem itemid="781114" id="root" date="1997-08-06" xml:lang="en">
<title>ESTONIA: INDICATORS - ESTONIA - UPDATED AUGUST 5.</title>
<headline>INDICATORS - ESTONIA - UPDATED AUGUST 5.</headline>
<text>
<p>TALLINN, Reuters - Estonia's latest economic statistics for</p>
<p>1997, in percentage changes on a month-to-month basis unless</p>
<p>otherwise indicated. (* = updated this week)</p>
<p> INDICATOR			PERIOD   PCT    A YR AGO LAST/NEXT</p>
<p> Consumer price Index	 June     0.7	0.7   07/07-07-08</p>
<p> Consumer prices (Yr/Yr)    June    10.8     24.7   07/07-07/08</p>
<p> *Trade balance (Bln EEK)   June    -1.8     -1.0   05/08-05/09</p>
<p> GDP (Bln EEK constant prices)Q1 97  5.7	5.1   01/08-31/10</p>
<p> GDP (Bln EEK current prices)Q1 97  13.1     10.8   01/08-31/10</p>
<p> GDP (Bln EEK current prices)96     52.4     41.5   01/08-31/10</p>
<p> GDP (percent change Yr/Yr) Q1 97  +10.8     +0.4   01/08-31/10</p>
<p> GDP#(pct change vs prev Q) Q1 97  -12.9    -15.7   01/08-31/10</p>
<p> BOP (Bln EEK)		  1996     1.2	1.2   07/04-Na</p>
<p> BOP (Bln EEK)		  Q1 97    0.2	0.1   20/06-Na</p>
<p> Current account  (Bln EEK) 1996    -5.3     -2.1   07/04-Na</p>
<p> Current account  (Bln EEK) Q1 97   -2.2     -1.1   20/06-Na</p>
<p> Cbnk gold/fx res (Bln EEK) June     8.6	7.2   07/07-Na</p>
<p> Export price index	   June     0.6     -0.4   21/07-20/08</p>
<p> Export price index(Yr/Yr)  June     9.5	9.9   21/07-20/08</p>
<p> Producer Price Index (PPI) June     0.4	2.2   21/07-20/08</p>
<p> PPI (Yr/Yr)		    June     9.1     17.5   21/07-20/08</p>
<p> Unemployment (LB)	    June     3.7	4.1   14/07-14/08</p>
<p>(LB=Labour Board figures based on percentage of workforce</p>
<p>actively seeking jobs through the state labour exchange.)</p>
<p># No seasonally adjusted figures available.</p>
<p>-- Tallinn newsroom +372 620 9202/1 reuters@reuters.ee</p>
</text>
<copyright>(c) Reuters Limited 1997</copyright>
<metadata>
<codes class="bip:countries:1.0">
  <code code="ESTNIA">
    <editdetail attribution="Reuters BIP Coding Group" action="confirmed" date="1997-08-06"/>
  </code>
</codes>
<codes class="bip:topics:1.0">
  <code code="E71">
    <editdetail attribution="Reuters BIP Coding Group" action="confirmed" date="1997-08-06"/>
  </code>
  <code code="ECAT">
    <editdetail attribution="Reuters BIP Coding Group" action="confirmed" date="1997-08-06"/>
  </code>
</codes>
<dc element="dc.publisher" value="Reuters Holdings Plc"/>
<dc element="dc.date.published" value="1997-08-06"/>
<dc element="dc.source" value="Reuters"/>
<dc element="dc.creator.location.country.name" value="ESTONIA"/>
<dc element="dc.source" value="Reuters"/>
</metadata>
</newsitem>
