<?xml version="1.0" encoding="iso-8859-1" ?>
<newsitem itemid="781155" id="root" date="1997-08-06" xml:lang="en">
<title>ESTONIA: TALLINNA PANK JULY PROFIT 7.4MLN KROONS.</title>
<headline>TALLINNA PANK JULY PROFIT 7.4MLN KROONS.</headline>
<dateline>TALLINN 1997-08-06</dateline>
<text>
<p>July 1997</p>
<p>				   (million kroons unless stated)</p>
<p> Net profit				   7.4  vs not given</p>
<p> Total assets   (billions of kroons) 2.74  vs 2.45</p>
<p> Total assets    (billion kroons)	 2.74 vs 2.45</p>
<p> Demand deposits (billion kroons)	 1.05 vs 0.96</p>
<p> Time deposits				 292.8 vs 278.5</p>
<p> Loans	     (billion kroons)	 1.44 vs  1.34</p>
<p> Total own capital			     302 vs 294.6</p>
<p>NOTE -- Results for Tallinna Pank compare July 1997 with</p>
<p>June 1997.</p>
<p>-- Tallinn newsroom +372 620 9202 reuters@reuters.ee</p>
</text>
<copyright>(c) Reuters Limited 1997</copyright>
<metadata>
<codes class="bip:countries:1.0">
  <code code="ESTNIA">
    <editdetail attribution="Reuters BIP Coding Group" action="confirmed" date="1997-08-06"/>
  </code>
</codes>
<codes class="bip:industries:1.0">
  <code code="I33030">
    <editdetail attribution="Reuters BIP Coding Group" action="confirmed" date="1997-08-06"/>
  </code>
  <code code="I81402">
    <editdetail attribution="Reuters BIP Coding Group" action="confirmed" date="1997-08-06"/>
  </code>
</codes>
<codes class="bip:topics:1.0">
  <code code="C15">
    <editdetail attribution="Reuters BIP Coding Group" action="confirmed" date="1997-08-06"/>
  </code>
  <code code="C151">
    <editdetail attribution="Reuters BIP Coding Group" action="confirmed" date="1997-08-06"/>
  </code>
  <code code="CCAT">
    <editdetail attribution="Reuters BIP Coding Group" action="confirmed" date="1997-08-06"/>
  </code>
</codes>
<dc element="dc.date.created" value="1997-08-06"/>
<dc element="dc.publisher" value="Reuters Holdings Plc"/>
<dc element="dc.date.published" value="1997-08-06"/>
<dc element="dc.source" value="Reuters"/>
<dc element="dc.creator.location" value="TALLINN"/>
<dc element="dc.creator.location.country.name" value="ESTONIA"/>
<dc element="dc.source" value="Reuters"/>
</metadata>
</newsitem>
