<?xml version="1.0" encoding="iso-8859-1" ?>
<newsitem itemid="781185" id="root" date="1997-08-06" xml:lang="en">
<title>UK: LIFFE WHITE SUGAR ENDS TOUCH SOFTER, OFF LOWS.</title>
<headline>LIFFE WHITE SUGAR ENDS TOUCH SOFTER, OFF LOWS.</headline>
<dateline>LONDON 1997-08-06</dateline>
<text>
<p>London's nearby white sugar contracts consolidated on Wednesday, ending with pared losses.</p>
<p>October finished the evening 30 cents weaker at $324.90 per tonne, off a low of $323.90.</p>
<p>On Tuesday, the contract touched $323.10, finding good support after a string of losses.</p>
<p>December closed 10 cents softer at $322.00, off its low of $320.90.</p>
<p>Turnover was 1,053 lots, with 648 lots in October.</p>
<p>In Paris, October ended 40 cents firmer at $324.80 and December 10 cents higher at $321.60.</p>
<p>--London Newsroom +44 171 542-8065</p>
</text>
<copyright>(c) Reuters Limited 1997</copyright>
<metadata>
<codes class="bip:countries:1.0">
  <code code="UK">
    <editdetail attribution="Reuters BIP Coding Group" action="confirmed" date="1997-08-06"/>
  </code>
</codes>
<codes class="bip:topics:1.0">
  <code code="M14">
    <editdetail attribution="Reuters BIP Coding Group" action="confirmed" date="1997-08-06"/>
  </code>
  <code code="M141">
    <editdetail attribution="Reuters BIP Coding Group" action="confirmed" date="1997-08-06"/>
  </code>
  <code code="MCAT">
    <editdetail attribution="Reuters BIP Coding Group" action="confirmed" date="1997-08-06"/>
  </code>
</codes>
<dc element="dc.date.created" value="1997-08-06"/>
<dc element="dc.publisher" value="Reuters Holdings Plc"/>
<dc element="dc.date.published" value="1997-08-06"/>
<dc element="dc.source" value="Reuters"/>
<dc element="dc.creator.location" value="LONDON"/>
<dc element="dc.creator.location.country.name" value="UK"/>
<dc element="dc.source" value="Reuters"/>
</metadata>
</newsitem>
