<?xml version="1.0" encoding="iso-8859-1" ?>
<newsitem itemid="781166" id="root" date="1997-08-06" xml:lang="en">
<title>UK: Scientists count all the genes in ulcer bug.</title>
<headline>Scientists count all the genes in ulcer bug.</headline>
<byline>Maggie Fox</byline>
<dateline>LONDON 1997-08-06</dateline>
<text>
<p>U.S. researchers said on Wednesday they had counted and identified every single gene in a microbe that causes stomach ulcers and cancer.</p>
<p>Craig Venter and his team at The Institute for Genomic Research (TIGR) in Rockville, Maryland said they had completely sequenced the genome of Helicobacter pylori, a bacterium that commonly infects the stomach.</p>
<p>&quot;This is information that I think scientists are going to use for centuries,&quot; Venter said in a telephone interview.</p>
<p>&quot;They are fundamental discoveries about the basic essence of nature and as such will probably have an impact for a very, very long time.&quot;</p>
<p>It is only recently that scientists have realised that stomach ulcers and, eventually, cancer, could be caused by a bacterial infection.</p>
<p>H pylori is also responsible for most ulcers of the duodenum, the very first part of the intestine which attaches to the stomach.</p>
<p>Since H pylori has been identified as the villain, doctors have reported cures for stomach ulcers using antibiotics. But it usually takes a long time and several antibiotics are often required.</p>
<p>Sequencing the genome -- identifying every single gene -- can help scientists target vulnerable parts of the bacterium and design more effective drugs to eradicate it.</p>
<p>H pylori is only the fifth bacterium to have been entirely sequenced, and the fourth to be done by TIGR, which was set up specifically to do such work.</p>
<p>More than half the world's population may be infected with H pylori, which researchers believe can be passed on by personal contact. Crowded living conditions are one big risk factor.</p>
<p>The bacterium has 1,590 genes arranged on a single, circular chromosome, the TIGR team reported in a paper published in the science journal Nature. Humans have 80,000 genes on 46 x-shaped chromosomes.</p>
<p>Analysis of the bacterium's genes shows it is similar to other bacteria such as its cousin E coli and probably eats glucose, as well as amino acids.</p>
<p>&quot;We have a unique perspective,&quot; Venter said. &quot;We are seeing these for the first time in history from in the inside out.&quot;</p>
<p>Venter's 150 scientists were working on the bacteria responsible for tuberculosis and cholera. &quot;By the end of next year we should have up to a dozen more,&quot; he said.</p>
<p>&quot;Is this new sequence big news?&quot; Russell Doolittle, a molecular geneticist at the University of California at San Diego, asked in a commentary in Nature.</p>
<p>&quot;The answer has to be a resounding 'yes' -- Helicobacter pylori is the organism that causes peptic ulcers and, astonishingly, it may infect as much as half the world's population.&quot;</p>
<p>Drug companies have paid millions for just small bits of genetic information about microbes, but TIGR is publishing all the information free on the World Wide Web.</p>
<p>&quot;You might argue that I'm not very bright,&quot; Venter said. &quot;If you're a business person I get the stupid award. But my view is that scientists around the world are going to use this information to make basic discoveries to move forward drug development and vaccine development more than any single company could do.&quot;</p>
</text>
<copyright>(c) Reuters Limited 1997</copyright>
<metadata>
<codes class="bip:countries:1.0">
  <code code="UK">
    <editdetail attribution="Reuters BIP Coding Group" action="confirmed" date="1997-08-06"/>
  </code>
  <code code="USA">
    <editdetail attribution="Reuters BIP Coding Group" action="confirmed" date="1997-08-06"/>
  </code>
</codes>
<codes class="bip:topics:1.0">
  <code code="GCAT">
    <editdetail attribution="Reuters BIP Coding Group" action="confirmed" date="1997-08-06"/>
  </code>
  <code code="GHEA">
    <editdetail attribution="Reuters BIP Coding Group" action="confirmed" date="1997-08-06"/>
  </code>
  <code code="GSCI">
    <editdetail attribution="Reuters BIP Coding Group" action="confirmed" date="1997-08-06"/>
  </code>
</codes>
<dc element="dc.date.created" value="1997-08-06"/>
<dc element="dc.publisher" value="Reuters Holdings Plc"/>
<dc element="dc.date.published" value="1997-08-06"/>
<dc element="dc.source" value="Reuters"/>
<dc element="dc.creator.location" value="LONDON"/>
<dc element="dc.creator.location.country.name" value="UK"/>
<dc element="dc.source" value="Reuters"/>
</metadata>
</newsitem>
