<?xml version="1.0" encoding="iso-8859-1" ?>
<newsitem itemid="781211" id="root" date="1997-08-06" xml:lang="en">
<title>CAMBODIA: GOVERNMENT LIST.</title>
<headline>GOVERNMENT LIST.</headline>
<text>
<p>CAMBODIA GOVERNMENT LIST (970806)</p>
<p>  ***********************************************************</p>
<p>  * 15 Jul 97 - Second Prime Minister Hun Sen said that     *</p>
<p>  *		 elections would be held next May 23.	  *</p>
<p>  ***********************************************************</p>
<p>			   - - - - - - -</p>
<p> Head of state (Installed 24 Sep 93).............King SIHANOUK</p>
<p>			   - - - - - - -</p>
<p>COALITION GOVERNMENT (formed 29 Oct 93)</p>
<p>(For party affiliations see end of list)</p>
<p> First Prime Minister..............Ung HUOT (F)</p>
<p>(Also Minister of Foreign Affairs)</p>
<p> Second Prime Minister..............HUN SEN (C)</p>
<p> Vice Prime Minister..............Ing KIETH (F)</p>
<p>(Also Minister of Public Works &amp; Minister of State)</p>
<p> Vice Prime Minister..............Sar KHENG (C)</p>
<p>(Also a joint Minister of Interior &amp; National Security)</p>
<p>			     - - - - - - -</p>
<p>MINISTERS OF STATE:</p>
<p>Keat CHHON (C) (Also Minister of Finance)</p>
<p>Ung PHAN (F)</p>
<p>Van MOULYVAN (C)</p>
<p>Chem SNGUON (C) (Also Minister of Justice)</p>
<p>Ing KIETH (F) (Also Minister of Public Works &amp;</p>
<p>		   Deputy Prime Minister)</p>
<p>			    - - - - - - -</p>
<p>MINISTERS:</p>
<p> Agriculture, Forests &amp; Fishery..............Tao Seng HOUR (F)</p>
<p> Commerce.......Cham PRASIDH (C)</p>
<p>Defence (joint ministers).General Tea BANH (C)</p>
<p>							     Tea CHAMPAT (F)</p>
<p>Education, Youth &amp; Sport.............Tol LAH**</p>
<p>							  (**No party given)</p>
<p>Finance &amp; Economy...............Keat CHHON (C)</p>
<p>Foreign Affairs.......See First Prime Minister</p>
<p>Health..........Chhea THAIN (C)</p>
<p>Industry, Mines &amp; Energy.....Pou SOUTHIRAK (F) Information......Ieng MOULY (B)</p>
<p>Interior &amp; National Security (joint ministers)...See Vice PMs</p>
<p>								 You HOKRY (F)</p>
<p> Justice.........Chem SNGUON (C)</p>
<p>(Also a Minister of State)</p>
<p> Planning........Chea CHANTO (C)</p>
<p> Public Works &amp; Transport..........See Vice PMs</p>
<p>Trade &amp; Industry...Var HUOT (C)</p>
<p>				  - - - - - - -</p>
<p>SECRETARIES OF STATE:</p>
<p> Culture &amp; Fine Arts.............Nut NARANG (C)</p>
<p> Education, Youth &amp; Sport..........Hul SAVOAN**</p>
<p>							  (**No party given)</p>
<p> Post &amp; Telecommunications..........So KHUN (C)</p>
<p> Religion &amp; Cults..............Hean VANRATH (C)</p>
<p>Social Action &amp; Veterans Affairs...Suy SEM (C)  Tourism......Veng SEREYVUTH (F)</p>
<p>				  - - - - - - -</p>
<p>President of Parliament (elected 25 October 93)..Chea SIM (C)</p>
<p> First Vice-President........Loy SIMCHHEANG (F)</p>
<p> Second Vice-President..........Son SOUBERT (B)</p>
<p>				  - - - - - - -</p>
<p>PARTY AFFILIATIONS:</p>
<p>B = The Buddhist Liberal Democratic Party.</p>
<p>C = Formerly communist Cambodian People's Party</p>
<p>F = FUNCINPEC, the French acronym for the National United</p>
<p>Front for an Independent, Neutral, Peaceful and</p>
<p>Cooperative Cambodia.</p>
<p>				  - - - - - - -</p>
<p>President &amp; Director-General of National</p>
<p> People's Bank of Cambodia......Thor PENG LEATH</p>
<p>(Central Bank Governor)</p>
<p>				  - - - - - - -</p>
<p>	 NOTE: Any comments/queries on the content of this</p>
<p>		 government list, please contact the Reuter</p>
<p>		 Editorial Reference Unit, London, on (171) 542</p>
<p>		 7968.</p>
<p>			   (End Government List)</p>
</text>
<copyright>(c) Reuters Limited 1997</copyright>
<metadata>
<codes class="bip:countries:1.0">
  <code code="KAMPA">
    <editdetail attribution="Reuters BIP Coding Group" action="confirmed" date="1997-08-06"/>
  </code>
</codes>
<codes class="bip:topics:1.0">
  <code code="GCAT">
    <editdetail attribution="Reuters BIP Coding Group" action="confirmed" date="1997-08-06"/>
  </code>
  <code code="GPOL">
    <editdetail attribution="Reuters BIP Coding Group" action="confirmed" date="1997-08-06"/>
  </code>
</codes>
<dc element="dc.publisher" value="Reuters Holdings Plc"/>
<dc element="dc.date.published" value="1997-08-06"/>
<dc element="dc.source" value="Reuters"/>
<dc element="dc.creator.location.country.name" value="CAMBODIA"/>
<dc element="dc.source" value="Reuters"/>
</metadata>
</newsitem>
