<?xml version="1.0" encoding="iso-8859-1" ?>
<newsitem itemid="781206" id="root" date="1997-08-06" xml:lang="en">
<title>NEW ZEALAND: NZ SPORT - MEHRTENS GETS HURRY-UP FROM AUCKLAND.</title>
<headline>NZ SPORT - MEHRTENS GETS HURRY-UP FROM AUCKLAND.</headline>
<text>
<p>TAURANGA, Aug 6 - Reserve All Black first five-eighths Andrew Mehrtens was given a torrid time as Bay of Plenty lost 58-12 to a young Auckland side in a non-championship rugby match at the Tauranga Domain on Wednesday.</p>
<p>Mehrtens, making a guest appearance for the Bay, was put under pressure by Auckland's relentless loose forwards -- Dylan Mika, Andrew Blowers and Mark Carter in the first half and then Finau Maka and Charles Riechelmann in the second half.  </p>
<p>The Canterbury first-five, on the comeback trail from a hamstring injury which cost him his place in the All Blacks' starting 15, kicked four first-half penalties for the home side and was given a searching workout by Auckland's non-stop attacking play.</p>
<p>Auckland ran in two tries in the first half to lead 20-12 at the break and added a further six tries in the second spell.</p>
<p>The five All Blacks in action -- Mehrtens, Carter, Riechelmann, Auckland halfback Ofisa Tonu'u and Auckland fullback Adrian Cashmore -- were all given plenty of game time, with Riechelmann and Mehrtens playing the full 80 minutes.  </p>
<p>Another encouraging display for the All Blacks selectors came from flanker Andrew Blowers, who produced a fine 40 minutes. The 1996 All Black is battling back from a stress fracture to his back which has kept him out of rugby for three months.</p>
<p>Bay of Plenty stayed with Auckland for most of the first half thanks to Mehrtens' penalties, but just before the break the visitors stretched their advantage out to eight points thanks to a try from prop Paul Thomson, which was converted by fullback Adrian Cashmore.  </p>
<p>Cashmore left the field early in the second half with a calf muscle problem and his replacement, Esera Puleita, scored a try on debut.</p>
<p>Mehrtens was disappointed with his performance, saying he needed to sharpen up his timing.</p>
<p>&quot;It was disappointing in general, but then it was made to look worse because we were playing Auckland,&quot; he said.</p>
<p>&quot;If you make mistakes you get punished by them.&quot;</p>
<p>While Mehrtens was fairly happy with his fitness, he said he needed more match play.  </p>
<p>&quot;My kicking got better after I relaxed but I need to work generally on getting a bit of speed back and I'll have to do some work on it. I just need to sharpen up.&quot;</p>
<p>Mehrtens and the Aucklanders who are in the All Blacks squad for Saturday's tri-series test against South Africa at Eden Park will rejoin the New Zealand squad in Auckland tonight.</p>
</text>
<copyright>(c) Reuters Limited 1997</copyright>
<metadata>
<codes class="bip:countries:1.0">
  <code code="NZ">
    <editdetail attribution="Reuters BIP Coding Group" action="confirmed" date="1997-08-06"/>
  </code>
</codes>
<codes class="bip:topics:1.0">
  <code code="GCAT">
    <editdetail attribution="Reuters BIP Coding Group" action="confirmed" date="1997-08-06"/>
  </code>
  <code code="GSPO">
    <editdetail attribution="Reuters BIP Coding Group" action="confirmed" date="1997-08-06"/>
  </code>
</codes>
<dc element="dc.publisher" value="Reuters Holdings Plc"/>
<dc element="dc.date.published" value="1997-08-06"/>
<dc element="dc.source" value="Reuters"/>
<dc element="dc.creator.location.country.name" value="NEW ZEALAND"/>
<dc element="dc.source" value="Reuters"/>
</metadata>
</newsitem>
