<?xml version="1.0" encoding="iso-8859-1" ?>
<newsitem itemid="774786" id="root" date="1997-08-04" xml:lang="en">
<title>RUSSIA: Aeroflot seeks to reconquer 'domestic' market.</title>
<headline>Aeroflot seeks to reconquer 'domestic' market.</headline>
<dateline>MOSCOW 1997-08-04</dateline>
<text>
<p>Aeroflot -- Russian International Airlines -- said on Monday it was seeking to reestablish routes within Russia and neighbouring republics lost when the former Soviet monopoly was broken up in 1992.</p>
<p>Leonid Mokhov, Aeroflot's deputy head of marketing, told Reuters that the airline planned to double the number of passengers carried on domestic and regional routes to 260,000 this year from 130,000 carried in 1996.</p>
<p>&quot;This market is very promising and we will develop it,&quot; Mokhov said, adding that Aeroflot also planned to start direct international flights from big Russian cities apart from Moscow.</p>
<p>&quot;We are also going to make regular flights from Bryansk in Central Russia to Istambul and from the northern city of Murmansk to Amsterdam,&quot; he said.</p>
<p>Aeroflot currently flies to 13 destinations in Russia, former Soviet republics grouped in the Commonwealth of Independent States and the Baltic states.</p>
<p>After the 1992 breakup, which spawned hundreds of so-called &quot;babyflots&quot;, the private Vnukovo Airlines became the biggest domestic carrier, while Aeroflot concentrated on international routes.</p>
<p>Mokhov said Aeroflot would begin a regular passenger service from Moscow to Petropalovsk-Kamchatsky in the Russian Far East and from Moscow to Kaliningrad, the Russian enclave on the Baltic Sea, later this month.</p>
<p>Over the past two weeks, Aeroflot has launched scheduled flights from Moscow to Arkhangelsk and Murmansk in the Russian Arctic and to Vladivostok, the Far Eastern port.</p>
<p>Other carriers -- the private Transaero and state-owned Domodedovo Airlines -- currently account for most traffic on the Vladivostok route following the suspension of flights by the troubled Orient-Avia company on July 10.</p>
<p>Mokhov also said that Aeroflot would start flying four times a week between Moscow and Tallinn, the capital of Estonia, from August 15, operating Tupolev Tu-134 jets belonging to private Estonian carrier ELK.</p>
</text>
<copyright>(c) Reuters Limited 1997</copyright>
<metadata>
<codes class="bip:countries:1.0">
  <code code="RUSS">
    <editdetail attribution="Reuters BIP Coding Group" action="confirmed" date="1997-08-04"/>
  </code>
</codes>
<codes class="bip:topics:1.0">
  <code code="C31">
    <editdetail attribution="Reuters BIP Coding Group" action="confirmed" date="1997-08-04"/>
  </code>
</codes>
<dc element="dc.date.created" value="1997-08-04"/>
<dc element="dc.publisher" value="Reuters Holdings Plc"/>
<dc element="dc.date.published" value="1997-08-04"/>
<dc element="dc.source" value="Reuters"/>
<dc element="dc.creator.location" value="MOSCOW"/>
<dc element="dc.creator.location.country.name" value="RUSSIA"/>
<dc element="dc.source" value="Reuters"/>
</metadata>
</newsitem>
