<?xml version="1.0" encoding="iso-8859-1" ?>
<newsitem itemid="774788" id="root" date="1997-08-04" xml:lang="en">
<title>USA: SEC alleges insider trades in Pechiney affair.</title>
<headline>SEC alleges insider trades in Pechiney affair.</headline>
<dateline>WASHINGTON 1997-08-04</dateline>
<text>
<p>The U.S. Securities and Exchange Commission said Monday that two individuals agreed to settle the agency's charges of insider trading in connection with the 1988 takeover of Triangle Industries Inc. by France's Pechiney SA.</p>
<p>The SEC complaint, which seeks the forfeiture of a total of about $6.5 million in allegedly illegal trading profits related to the so-called &quot;Pechiney affair,&quot; also names five other foreign nationals and two foreign firms.</p>
<p>The two defendants who agreed to settle charges, Lebanese businessman Samir Traboulsi and Patrick Gruman, did so without admitting or denying the allegations, the SEC said.</p>
<p>All of the individual defendants in the SEC case were convicted in France for their involvement in the high-profile insider trading case, part of a spate of scandals contributing to the Socialists' general election defeat in 1993.</p>
<p>Triangle was the parent company of U.S.-based American Can.</p>
<p>To settle the SEC case, Traboulsi agreed to pay $250,000, which the SEC said represents part of the proceeds of the Triangle trades made by individuals he allegedly alerted to the pending takeover. The SEC said it waived financial penalties for Gruman due to his inability to pay.</p>
<p>The SEC said its action also involves the forfeiture of about $1.1 million in profits and in prejudgment interest realised on certain trades by the late Roger-Patrice Pelat.</p>
<p>The agency said it is still pursuing its case against the other defendants.</p>
</text>
<copyright>(c) Reuters Limited 1997</copyright>
<metadata>
<codes class="bip:countries:1.0">
  <code code="FRA">
    <editdetail attribution="Reuters BIP Coding Group" action="confirmed" date="1997-08-04"/>
  </code>
  <code code="USA">
    <editdetail attribution="Reuters BIP Coding Group" action="confirmed" date="1997-08-04"/>
  </code>
</codes>
<codes class="bip:topics:1.0">
  <code code="C12">
    <editdetail attribution="Reuters BIP Coding Group" action="confirmed" date="1997-08-04"/>
  </code>
  <code code="C13">
    <editdetail attribution="Reuters BIP Coding Group" action="confirmed" date="1997-08-04"/>
  </code>
  <code code="C181">
    <editdetail attribution="Reuters BIP Coding Group" action="confirmed" date="1997-08-04"/>
  </code>
  <code code="GCRIM">
    <editdetail attribution="Reuters BIP Coding Group" action="confirmed" date="1997-08-04"/>
  </code>
  <code code="M11">
    <editdetail attribution="Reuters BIP Coding Group" action="confirmed" date="1997-08-04"/>
  </code>
</codes>
<dc element="dc.date.created" value="1997-08-04"/>
<dc element="dc.publisher" value="Reuters Holdings Plc"/>
<dc element="dc.date.published" value="1997-08-04"/>
<dc element="dc.source" value="Reuters"/>
<dc element="dc.creator.location" value="WASHINGTON"/>
<dc element="dc.creator.location.country.name" value="USA"/>
<dc element="dc.source" value="Reuters"/>
</metadata>
</newsitem>
