<?xml version="1.0" encoding="iso-8859-1" ?>
<newsitem itemid="774890" id="root" date="1997-08-04" xml:lang="en">
<title>GREECE: ATHLETICS-U.S. SPRINTERS RETURNING TO FUNDAMENTALS.</title>
<headline>ATHLETICS-U.S. SPRINTERS RETURNING TO FUNDAMENTALS.</headline>
<byline>Gene Cherry</byline>
<dateline>ATHENS 1997-08-04</dateline>
<text>
<p>Top U.S. coach John Smith offers a simple explanation for the sudden resurgence in American sprinting.</p>
<p>&quot;It's timing,&quot; Smith said on Monday, the day after Maurice Greene and Marion Jones clinched a golden double for the United States in the 100 metres at the world championships here. &quot;We have got back to basic fundamentals.&quot;</p>
<p>Smith said young American sprinters were learning how to run properly and then seeking to emulate nine times Olympic champion Carl Lewis now that he was easing towards retirement.</p>
<p>Damaged pride has also had an effect. Not since the 1984 Olympics in Los Angeles had U.S. sprinters crossed the finish line first in both the men's and women's 100 metres at a major championship.</p>
<p>&quot;It hurt a lot to watch the United States win neither the 100 nor the (4x100-metre) relay at Atlanta,&quot; Greene said. &quot;I wish I had been there to do something about it, I'm there now, and it's time to change some of those things.&quot;</p>
<p>Greene took the first step on Monday by defeating Canadian world record holder Donovan Bailey, the source of much humiliation for American athletics fans in recent years.</p>
<p>Not only had Bailey won the 100 metres at the 1995 world championships and at last year's Olympics, but he had defeated the double Olympic champion Michael Johnson in their 150 metres showdown at Toronto on June 1.</p>
<p>&quot;Certain people north of the border were talking about how they were going to put us in our place again,&quot; Smith said.</p>
<p>&quot;But Maurice was bold enough to say, 'If you want us, come check us.'&quot;</p>
<p>Check number two will come on Sunday when the Americans, with Greene running anchor, seek to end Canada's recent domination of the 4x100-metre relay.</p>
<p>&quot;It's going to be fun,&quot; said Greene, who hopes to take Bailey's 100 metres world record before the northern summer ends.</p>
<p>Jones, who has been playing basketball for the past four years, also hopes to claim a world record over 100 metres but the 21-year-old sees Florence Griffith Joyner's record of 10.49 seconds as a long range project.</p>
<p>The two victors differed on whether their golden runs would have a long-term effect on the sport in the United States.</p>
<p>&quot;It is going to take more than two world champions,&quot; said Jones. &quot;We have had great sprinters in the past. But look at the (sparsely attended) U.S. championships.&quot;</p>
<p>Greene, however, said the victories &quot;will help the U.S. a great deal&quot;.</p>
<p>&quot;Track and field is not as big in the United States, but we are trying to make it grow as big as possible. Try to get it known as big as football and basketball.&quot;</p>
<p>Such interest would be sweet music to the ears of world athletics chief Primo Nebiolo, who noted on Monday that &quot;the U.S. have taken revenge after losing the 100 in Atlanta&quot;.</p>
<p>&quot;We need the United States,&quot; said the president of the International Amateur Athletic Federation. &quot;Without the United States, athletics is not athletics.&quot;</p>
</text>
<copyright>(c) Reuters Limited 1997</copyright>
<metadata>
<codes class="bip:countries:1.0">
  <code code="GREECE">
    <editdetail attribution="Reuters BIP Coding Group" action="confirmed" date="1997-08-04"/>
  </code>
  <code code="USA">
    <editdetail attribution="Reuters BIP Coding Group" action="confirmed" date="1997-08-04"/>
  </code>
</codes>
<codes class="bip:topics:1.0">
  <code code="GCAT">
    <editdetail attribution="Reuters BIP Coding Group" action="confirmed" date="1997-08-04"/>
  </code>
  <code code="GSPO">
    <editdetail attribution="Reuters BIP Coding Group" action="confirmed" date="1997-08-04"/>
  </code>
</codes>
<dc element="dc.date.created" value="1997-08-04"/>
<dc element="dc.publisher" value="Reuters Holdings Plc"/>
<dc element="dc.date.published" value="1997-08-04"/>
<dc element="dc.source" value="Reuters"/>
<dc element="dc.creator.location" value="ATHENS"/>
<dc element="dc.creator.location.country.name" value="GREECE"/>
<dc element="dc.source" value="Reuters"/>
</metadata>
</newsitem>
