<?xml version="1.0" encoding="iso-8859-1" ?>
<newsitem itemid="774888" id="root" date="1997-08-04" xml:lang="en">
<title>GREECE: ATHLETICS-JOHNSON MAKES NO MISTAKE IN 400 METRES SEMIFINALS.</title>
<headline>ATHLETICS-JOHNSON MAKES NO MISTAKE IN 400 METRES SEMIFINALS.</headline>
<byline>Adrian Warner</byline>
<dateline>ATHENS 1997-08-04</dateline>
<text>
<p>Double Olympic champion Michael Johnson made no mistake clinching a place in the final of the 400 metres on Monday after almost crashing out in an earlier round because of a badly-judged finish.</p>
<p>The American defending champion set a fast pace in the first 300 metres before easing off in the home straight to win his semifinal in 44.37 seconds and move comfortably into Tuesday's final.</p>
<p>Compatriot Jerome Young, Uganda's Olympic bronze medallist Davis Kamoga and Britain's Iwan Thomas finished second, third and fourth respectively to take the other places in the final from the second heat.</p>
<p>Johnson was almost eliminated in the second round on Sunday after he misjudged the final metres of a heat and failed to qualify directly for the next round as one of the top three finishers. The American scraped through as one of the four fastest losers.</p>
<p>&quot;It felt good,&quot; he said on Monday. &quot;I do not have a problem, I did not have a problem yesterday. I just made a mistake and I am very disappointed with myself for doing that but it happened.</p>
<p>&quot;I am ready to go out there and do the best I can to win the race.&quot;</p>
<p>American Tyree Washington won a tight finish to the first heat in 44.61 and immediately started boxing the air in celebration after the finish. Britain's Mark Richardson, Jamie Baulch and American Antonio Pettigrew took the other places in the final.</p>
<p>Washington said was not concerned about Johnson who has struggled with injury this season.</p>
<p>&quot;I do not fear the man. He's human,&quot; he said.</p>
<p>Johnson was allowed to compete in Athens after the world governing body decided to give automatic entry to defending champions.</p>
<p>The 200 and 400 world champion was not selected for the U.S. team after failing to compete in the national trials because of an injury to his left quadriceps.</p>
</text>
<copyright>(c) Reuters Limited 1997</copyright>
<metadata>
<codes class="bip:countries:1.0">
  <code code="GREECE">
    <editdetail attribution="Reuters BIP Coding Group" action="confirmed" date="1997-08-04"/>
  </code>
  <code code="USA">
    <editdetail attribution="Reuters BIP Coding Group" action="confirmed" date="1997-08-04"/>
  </code>
</codes>
<codes class="bip:topics:1.0">
  <code code="GCAT">
    <editdetail attribution="Reuters BIP Coding Group" action="confirmed" date="1997-08-04"/>
  </code>
  <code code="GSPO">
    <editdetail attribution="Reuters BIP Coding Group" action="confirmed" date="1997-08-04"/>
  </code>
</codes>
<dc element="dc.date.created" value="1997-08-04"/>
<dc element="dc.publisher" value="Reuters Holdings Plc"/>
<dc element="dc.date.published" value="1997-08-04"/>
<dc element="dc.source" value="Reuters"/>
<dc element="dc.creator.location" value="ATHENS"/>
<dc element="dc.creator.location.country.name" value="GREECE"/>
<dc element="dc.source" value="Reuters"/>
</metadata>
</newsitem>
