<?xml version="1.0" encoding="iso-8859-1" ?>
<newsitem itemid="774835" id="root" date="1997-08-04" xml:lang="en">
<title>CANADA: BASEBALL-MARTINEZ NOTCHES 10TH COMPLETE GAME FOR EXPOS.</title>
<headline>BASEBALL-MARTINEZ NOTCHES 10TH COMPLETE GAME FOR EXPOS.</headline>
<dateline>MONTREAL 1997-08-04</dateline>
<text>
<p>Pedro Martinez hurled a three-hitter for his major league-leading 10th complete game to carry the Montreal Expos to a 6-3 victory over the San Diego Padres on Sunday.</p>
<p>Doug Strange and Darrin Fletcher each hit two-run homers in a six-run fifth inning for the Expos, who took three of four games in the series.</p>
<p>Martinez (13-5) allowed three runs -- one earned -- with three walks and 10 strikeouts for his third complete game in five starts as he lowered his league-leading ERA to 1.76.</p>
<p>After struggling a bit early, Martinez retired 17 straight batters before Ken Caminiti led off the ninth with a home run.</p>
<p>&quot;He got in a rhythm, he's one of the best pitchers in the game,&quot; Padres manager Bruce Bochy said. &quot;We got a break early with a couple of unearned runs. But he's as tough as there is, he can flat out pitch.&quot;</p>
<p>Andy Ashby (6-8) held the Expos scoreless the first four innings before falling apart in the fifth.</p>
<p>Mark Grudzielanek led off with a single and Strange followed with his seventh home run to tie it at 2-2. The Expos scratched out two more runs before Fletcher sent Ashby's 3-1 pitch over the right-field wall to cap the six-run outburst.</p>
<p>In Chicago, Sammy Sosa's two-out, two-run homer into the left-field bleachers off closer Todd Worrell in the bottom of the 12th inning lifted the Cubs to a dramatic 4-3 victory over the Los Angeles Dodgers.</p>
<p>Sosa tied the game in the eighth with an RBI double after Raul Mondesi's second solo homer of the game had put the Dodgers ahead 2-1 in the seventh.</p>
<p>The Dodgers went in front again in the top of the 12th on Greg Gagne's solo homer to centre. But with Mark Grace on base and the Cubs down to their last out, Sosa hit a hanging breaking ball for his 23rd homer to end the contest.</p>
<p>In Cincinnati, Darryl Hamilton's RBI single with one out in the top of the 10th inning ignited a five-run explosion as the San Francisco Giants beat the Reds 8-3.</p>
<p>Hamilton's single off reliever Jeff Shaw snapped a 3-3 tie. Barry Bonds added an RBI double and J.T. Snow capped the inning with a two-run, ground-rule double.</p>
<p>Roberto Hernandez (1-0), the fourth Giants pitcher, tossed two scoreless innings to earn his first National League win.</p>
<p>Shaw, who had allowed just 10 earned runs all season, was charged with all five runs on four hits and two walks.</p>
<p>At Florida, Devon White had four hits and three RBI to lead the Marlins to an 8-4 victory over the Atlanta Braves.</p>
<p>White singled and scored in the first inning, added a two-run single and scored in the second, doubled in the third and had an RBI single in the fifth.</p>
<p>&quot;This was a great series,&quot; Florida manager Jim Leyland said after his team won three of four to close within 5 1/2 games of the Braves in the East. &quot;This weekend we took a big step forward.&quot;</p>
<p>Alex Fernandez (13-8) allowed four runs and seven hits in eight innings and struck out 10. Kevin Millwood (2-3) was torched for seven runs and eight hits in three innings.</p>
<p>In Houston, Craig Biggio hit a two-run homer in the seventh and scored the winning run in the ninth as the Astros edged the New York Mets 3-2.</p>
<p>Todd Hundley gave the Mets to a 2-0 lead in the first with a towering homer off Shane Reynolds. Biggio tied it with his two-run shot off reliever Juan Acevedo in the seventh.</p>
<p>With two out in the ninth, Biggio singled to right against Greg McMichael (7-9), who walked the next two batters before hitting Luis Gonzalez to force in the winning run.</p>
<p>Tom Martin (4-2) got the win with two scoreless innings.</p>
<p>In Philadelphia, Mark Leiter pitched a complete-game seven-hitter and Kevin Sefcik and Scott Rolen homered in a five-run third inning that propelled the Phillies to a 10-1 rout of the St Louis Cardinals.</p>
<p>Rookie Tony Barron went 4-for-4 with a pair of doubles and three runs scored for the Phillies.</p>
<p>Leiter (7-11) allowed a run and walked one with six strikeouts. Donovan Osborne (1-4) was ripped for eight runs and seven hits in three-plus innings.</p>
<p>In Pittsburgh, Kevin Polcovich had a two-run double and Tony Womack added a two-run homer in a five-run eighth inning that lifted the Pirates an 8-4 win over the Colorado Rockies.</p>
<p>Womack had his second four-hit game in eight days for the Pirates, who took three of four from Colorado.</p>
<p>Colorado grabbed a 4-3 lead on Larry Walker's RBI single in the seventh, but Pittsburgh scored five times in the eighth off relievers Steve Reed (3-5) and Curtis Leskanic.</p>
<p>Matt Ruebel (3-2) picked up the win in relief.</p>
<p>In Chicago,</p>
</text>
<copyright>(c) Reuters Limited 1997</copyright>
<metadata>
<codes class="bip:countries:1.0">
  <code code="CANA">
    <editdetail attribution="Reuters BIP Coding Group" action="confirmed" date="1997-08-04"/>
  </code>
  <code code="USA">
    <editdetail attribution="Reuters BIP Coding Group" action="confirmed" date="1997-08-04"/>
  </code>
</codes>
<codes class="bip:topics:1.0">
  <code code="GCAT">
    <editdetail attribution="Reuters BIP Coding Group" action="confirmed" date="1997-08-04"/>
  </code>
  <code code="GSPO">
    <editdetail attribution="Reuters BIP Coding Group" action="confirmed" date="1997-08-04"/>
  </code>
</codes>
<dc element="dc.date.created" value="1997-08-04"/>
<dc element="dc.publisher" value="Reuters Holdings Plc"/>
<dc element="dc.date.published" value="1997-08-04"/>
<dc element="dc.source" value="Reuters"/>
<dc element="dc.creator.location" value="MONTREAL"/>
<dc element="dc.creator.location.country.name" value="CANADA"/>
<dc element="dc.source" value="Reuters"/>
</metadata>
</newsitem>
