<?xml version="1.0" encoding="iso-8859-1" ?>
<newsitem itemid="774805" id="root" date="1997-08-04" xml:lang="en">
<title>UK: BRITISH TOP THE EUROPEAN CHOCOHOLICS LEAGUE.</title>
<headline>BRITISH TOP THE EUROPEAN CHOCOHOLICS LEAGUE.</headline>
<dateline>LONDON 1997-08-04</dateline>
<text>
<p>The British are Europe's largest consumers of chocolate, spending an average of $91.11 per person each year, according to a new market report.</p>
<p>Market research group Datamonitor said on Monday that the European chocolate market is worth about $18 billion annually, up from $16.84 billion in 1992. The total European confectionary market is worth about $30 billion.</p>
<p>The British chocolate market is the biggest in Europe at $5.32 billion a year, up from $4.45 billion in 1992. Germany is the second largest market at $4.27 billion a year, though per capita spending is only $52.01, Datamonitor said.</p>
<p>The Irish are the second biggest consumers of chocolate, spending an average of $90.39 each per year, with the Swedish in third place at $88.19 a year.</p>
<p>Despite the high reputation of Swiss chocolate, the Swiss rank only eighth, spending an average of $64.57 each per year, Datamonitor said.</p>
<p>Trailing the 16 European countries is Spain, with average chocolate spending of $11.64, Datamonitor said.</p>
<p>-- London Advertising Newsdesk +44 171 542 2815</p>
</text>
<copyright>(c) Reuters Limited 1997</copyright>
<metadata>
<codes class="bip:countries:1.0">
  <code code="BELG">
    <editdetail attribution="Reuters BIP Coding Group" action="confirmed" date="1997-08-04"/>
  </code>
  <code code="GFR">
    <editdetail attribution="Reuters BIP Coding Group" action="confirmed" date="1997-08-04"/>
  </code>
  <code code="SWITZ">
    <editdetail attribution="Reuters BIP Coding Group" action="confirmed" date="1997-08-04"/>
  </code>
  <code code="UK">
    <editdetail attribution="Reuters BIP Coding Group" action="confirmed" date="1997-08-04"/>
  </code>
</codes>
<codes class="bip:industries:1.0">
  <code code="I42100">
    <editdetail attribution="Reuters BIP Coding Group" action="confirmed" date="1997-08-04"/>
  </code>
</codes>
<codes class="bip:topics:1.0">
  <code code="C31">
    <editdetail attribution="Reuters BIP Coding Group" action="confirmed" date="1997-08-04"/>
  </code>
  <code code="CCAT">
    <editdetail attribution="Reuters BIP Coding Group" action="confirmed" date="1997-08-04"/>
  </code>
  <code code="GCAT">
    <editdetail attribution="Reuters BIP Coding Group" action="confirmed" date="1997-08-04"/>
  </code>
  <code code="GODD">
    <editdetail attribution="Reuters BIP Coding Group" action="confirmed" date="1997-08-04"/>
  </code>
</codes>
<dc element="dc.date.created" value="1997-08-04"/>
<dc element="dc.publisher" value="Reuters Holdings Plc"/>
<dc element="dc.date.published" value="1997-08-04"/>
<dc element="dc.source" value="Reuters"/>
<dc element="dc.creator.location" value="LONDON"/>
<dc element="dc.creator.location.country.name" value="UK"/>
<dc element="dc.source" value="Reuters"/>
</metadata>
</newsitem>
