<?xml version="1.0" encoding="iso-8859-1" ?>
<newsitem itemid="774848" id="root" date="1997-08-04" xml:lang="en">
<title>LATVIA: LATVIA-SOCCER CHAMPIONSHIP RESULTS/STANDINGS.</title>
<headline>LATVIA-SOCCER CHAMPIONSHIP RESULTS/STANDINGS.</headline>
<dateline>RIGA 1997-08-04</dateline>
<text>
<p>Results of Latvian soccer</p>
<p>championship matches played over the weekend:</p>
<p>    Lokomotive	   1  Liepajas Metalurgs 3</p>
<p>    FK Ventspils	 1  Dinaburga	    1</p>
<p>    FK Rezekne	   0  FK Valmiera	  1</p>
<p>Standings (tabulated under played, won, drawn, lost, goals</p>
<p>for, goals against, points)</p>
<p>			     P  W  D  L  F A  PTS</p>
<p>    Skonto		12 10  2  0 39 2   32</p>
<p>    Dinaburga	   13  8  3  2 19 5   27</p>
<p>    Daugava	     12  8  1  3 16 6   25</p>
<p>    FK Ventspils	13  6  3  4 16 12  21</p>
<p>    Liepaja Metalurgs 14  6  2  6 16 14  20</p>
<p>    FK Valmiera	 12  4  1  7 11 21  13</p>
<p>    Lokomotive	  13  3  1  9 16 27  10</p>
<p>    Universitate	10  3  0  7  9 20   9</p>
<p>    FK Rezekne	  13  0  3  10 3 38   3</p>
<p>-- Riga newsroom, +371 721 5240</p>
</text>
<copyright>(c) Reuters Limited 1997</copyright>
<metadata>
<codes class="bip:countries:1.0">
  <code code="LATV">
    <editdetail attribution="Reuters BIP Coding Group" action="confirmed" date="1997-08-04"/>
  </code>
</codes>
<codes class="bip:topics:1.0">
  <code code="GCAT">
    <editdetail attribution="Reuters BIP Coding Group" action="confirmed" date="1997-08-04"/>
  </code>
  <code code="GSPO">
    <editdetail attribution="Reuters BIP Coding Group" action="confirmed" date="1997-08-04"/>
  </code>
</codes>
<dc element="dc.date.created" value="1997-08-04"/>
<dc element="dc.publisher" value="Reuters Holdings Plc"/>
<dc element="dc.date.published" value="1997-08-04"/>
<dc element="dc.source" value="Reuters"/>
<dc element="dc.creator.location" value="RIGA"/>
<dc element="dc.creator.location.country.name" value="LATVIA"/>
<dc element="dc.source" value="Reuters"/>
</metadata>
</newsitem>
