<?xml version="1.0" encoding="iso-8859-1" ?>
<newsitem itemid="774807" id="root" date="1997-08-04" xml:lang="en">
<title>USA: GOLF-U.S. RYDER CUP TEAMS STANDINGS LEADERS.</title>
<headline>GOLF-U.S. RYDER CUP TEAMS STANDINGS LEADERS.</headline>
<dateline>PALM BEACH GARDENS, Florida 1997-08-04</dateline>
<text>
<p>U.S. Ryder</p>
<p>Cup team standings leaders as issued by the PGA of America on</p>
<p>Monday:</p>
<p>  1. Tiger Woods		1,165.000 points</p>
<p>  2. Tom Lehman		 1,016.286</p>
<p>  3. Justin Leonard	     888.500</p>
<p>  4. Jim Furyk		    867.500</p>
<p>  5. Phil Mickelson	     809.286</p>
<p>  6. Mark O'Meara		 801.250</p>
<p>  7. Brad Faxon		   727.500</p>
<p>  8. Scott Hoch		   711.952</p>
<p>  9. Tommy Tolles		 689.285</p>
<p> 10. Davis Love		   657.166</p>
<p> 11. Jeff Maggert		 646.625</p>
<p> 12. Steve Jones		  579.280</p>
<p> 13. Mark Brooks		  549.750</p>
<p> 14. Paul Stankowski	    503.334</p>
<p> 15. David Duval		  470.000</p>
<p> 16. Fred Couples		 458.040</p>
<p> 17. Tom Watson		   433.667</p>
<p> 18. Michael Bradley	    402.500</p>
<p> 19. John Cook		    376.000</p>
<p> 20= Kenny Perry		  372.500</p>
<p> 20= Steve Stricker	     372.500</p>
<p>Note: The top 10 following this month's PGA Championship</p>
<p>automatically qualify for the 12-man U.S. team to play the</p>
<p>32nd Ryder Cup against Europe September 26-28 at Valderrama in</p>
<p>Sotogrande, Spain</p>
</text>
<copyright>(c) Reuters Limited 1997</copyright>
<metadata>
<codes class="bip:countries:1.0">
  <code code="USA">
    <editdetail attribution="Reuters BIP Coding Group" action="confirmed" date="1997-08-04"/>
  </code>
</codes>
<codes class="bip:topics:1.0">
  <code code="GCAT">
    <editdetail attribution="Reuters BIP Coding Group" action="confirmed" date="1997-08-04"/>
  </code>
  <code code="GSPO">
    <editdetail attribution="Reuters BIP Coding Group" action="confirmed" date="1997-08-04"/>
  </code>
</codes>
<dc element="dc.date.created" value="1997-08-04"/>
<dc element="dc.publisher" value="Reuters Holdings Plc"/>
<dc element="dc.date.published" value="1997-08-04"/>
<dc element="dc.source" value="Reuters"/>
<dc element="dc.creator.location" value="PALM BEACH GARDENS, Florida"/>
<dc element="dc.creator.location.country.name" value="USA"/>
<dc element="dc.source" value="Reuters"/>
</metadata>
</newsitem>
