<?xml version="1.0" encoding="iso-8859-1" ?>
<newsitem itemid="774849" id="root" date="1997-08-04" xml:lang="en">
<title>ESTONIA: SOCCER-ESTONIAN CHAMPIONSHIP RESULTS/STANDINGS.</title>
<headline>SOCCER-ESTONIAN CHAMPIONSHIP RESULTS/STANDINGS.</headline>
<dateline>TALLINN 1997-08-04</dateline>
<text>
<p>Results of Estonian</p>
<p>soccer championship matches played at the weekend:</p>
<p>    Narva Trans	1 Johvi EP	    0</p>
<p>    Lantana	    2 Tallinna Sadam    2</p>
<p>    TVMK		 0 Viljandi Tulevik  0</p>
<p>    FC Flora	   7 Lelle Sk	    0</p>
<p>Standings</p>
<p>			  P  W  D  L   F  A  PTS</p>
<p> 1. Narva Trans     3  3  0  0   6  3   9</p>
<p> 2. FC Flora	  3  2  0  1  12  3   6</p>
<p> 3. Tallinna Sadam  3  1  2  0  10  5   5</p>
<p> 4. Viljandi Tulvi  4  1  2  1   8  7   5</p>
<p> 5. FC Lantana	2  1  1  0   5  3   4</p>
<p> 6. TVMK		3  0  2  1   3  5   2</p>
<p> 7. Johvi EP	  3  0  1  2   2  7   1</p>
<p> 8. Lelle SK	  3  0  0  3   1 14   0</p>
</text>
<copyright>(c) Reuters Limited 1997</copyright>
<metadata>
<codes class="bip:countries:1.0">
  <code code="ESTNIA">
    <editdetail attribution="Reuters BIP Coding Group" action="confirmed" date="1997-08-04"/>
  </code>
</codes>
<codes class="bip:topics:1.0">
  <code code="GCAT">
    <editdetail attribution="Reuters BIP Coding Group" action="confirmed" date="1997-08-04"/>
  </code>
  <code code="GSPO">
    <editdetail attribution="Reuters BIP Coding Group" action="confirmed" date="1997-08-04"/>
  </code>
</codes>
<dc element="dc.date.created" value="1997-08-04"/>
<dc element="dc.publisher" value="Reuters Holdings Plc"/>
<dc element="dc.date.published" value="1997-08-04"/>
<dc element="dc.source" value="Reuters"/>
<dc element="dc.creator.location" value="TALLINN"/>
<dc element="dc.creator.location.country.name" value="ESTONIA"/>
<dc element="dc.source" value="Reuters"/>
</metadata>
</newsitem>
