<?xml version="1.0" encoding="iso-8859-1" ?>
<newsitem itemid="774834" id="root" date="1997-08-04" xml:lang="en">
<title>UK: GOLF-LEADING WORLD RANKINGS.</title>
<headline>GOLF-LEADING WORLD RANKINGS.</headline>
<dateline>LONDON 1997-08-04</dateline>
<text>
<p>Leading world golf rankings issued</p>
<p>on Monday (U.S. unless stated):</p>
<p>  1. Tiger Woods		     11.00 points average</p>
<p>  2. Ernie Els (South Africa)    10.24</p>
<p>  3. Greg Norman (Australia)     10.06</p>
<p>4. Colin Montgomerie (Britain)  9.76</p>
<p>  5. Nick Price (Zimbabwe)	  9.66</p>
<p>  6. Tom Lehman			 8.47</p>
<p>  7. Phil Mickelson		   8.26</p>
<p>8. Steve Elkington (Australia)  8.16</p>
<p>  9. Masashi Ozaki (Japan)	  7.83</p>
<p> 10. Mark O'Meara		     7.46</p>
<p> 11. Brad Faxon			 6.88</p>
<p> 12. Fred Couples		     6.81</p>
<p> 13. Nick Faldo (Britain)	   6.58</p>
<p> 14. Scott Hoch			 6.32</p>
<p> 15. Justin Leonard		   6.32</p>
<p> 16. Jesper Parnevik (Sweden)     6.27</p>
<p> 17. Davis Love III		   5.73</p>
<p> 18. Ian Woosnam (Britain)	  5.34</p>
<p> 19. Tom Watson			 5.30</p>
<p> 20. Bernhard Langer (Germany)    5.24</p>
</text>
<copyright>(c) Reuters Limited 1997</copyright>
<metadata>
<codes class="bip:countries:1.0">
  <code code="UK">
    <editdetail attribution="Reuters BIP Coding Group" action="confirmed" date="1997-08-04"/>
  </code>
  <code code="USA">
    <editdetail attribution="Reuters BIP Coding Group" action="confirmed" date="1997-08-04"/>
  </code>
</codes>
<codes class="bip:topics:1.0">
  <code code="GCAT">
    <editdetail attribution="Reuters BIP Coding Group" action="confirmed" date="1997-08-04"/>
  </code>
  <code code="GSPO">
    <editdetail attribution="Reuters BIP Coding Group" action="confirmed" date="1997-08-04"/>
  </code>
</codes>
<dc element="dc.date.created" value="1997-08-04"/>
<dc element="dc.publisher" value="Reuters Holdings Plc"/>
<dc element="dc.date.published" value="1997-08-04"/>
<dc element="dc.source" value="Reuters"/>
<dc element="dc.creator.location" value="LONDON"/>
<dc element="dc.creator.location.country.name" value="UK"/>
<dc element="dc.source" value="Reuters"/>
</metadata>
</newsitem>
