<?xml version="1.0" encoding="iso-8859-1" ?>
<newsitem itemid="774877" id="root" date="1997-08-04" xml:lang="en">
<title>GREECE: ATHLETICS-BRAUN RECAPTURES WORLD HEPTATHLON TITLE.</title>
<headline>ATHLETICS-BRAUN RECAPTURES WORLD HEPTATHLON TITLE.</headline>
<dateline>ATHENS 1997-08-04</dateline>
<text>
<p>Germany's Sabine Braun recaptured the world heptathlon title on Monday after leading the competition from start to finish. </p>
<p>The 32-year-old 1991 champion, who finished a disappointing seventh at last year's Atlanta Olympics, ended the 800 metres 85 points ahead of her British rival Denise Lewis, the bronze medallist in Atlanta.</p>
<p>European champion Braun totalled 6,739 points with Lewis on 6,654 ahead of bronze medallist Remigia Nazaroviene of Lithuania who finished with 6,566.</p>
<p>Braun went into the 800 with an 82-point lead over Lewis and made sure of victory over Lewis by passing her in the last few strides of the race.</p>
</text>
<copyright>(c) Reuters Limited 1997</copyright>
<metadata>
<codes class="bip:countries:1.0">
  <code code="GFR">
    <editdetail attribution="Reuters BIP Coding Group" action="confirmed" date="1997-08-04"/>
  </code>
  <code code="GREECE">
    <editdetail attribution="Reuters BIP Coding Group" action="confirmed" date="1997-08-04"/>
  </code>
  <code code="USA">
    <editdetail attribution="Reuters BIP Coding Group" action="confirmed" date="1997-08-04"/>
  </code>
</codes>
<codes class="bip:topics:1.0">
  <code code="GCAT">
    <editdetail attribution="Reuters BIP Coding Group" action="confirmed" date="1997-08-04"/>
  </code>
  <code code="GSPO">
    <editdetail attribution="Reuters BIP Coding Group" action="confirmed" date="1997-08-04"/>
  </code>
</codes>
<dc element="dc.date.created" value="1997-08-04"/>
<dc element="dc.publisher" value="Reuters Holdings Plc"/>
<dc element="dc.date.published" value="1997-08-04"/>
<dc element="dc.source" value="Reuters"/>
<dc element="dc.creator.location" value="ATHENS"/>
<dc element="dc.creator.location.country.name" value="GREECE"/>
<dc element="dc.source" value="Reuters"/>
</metadata>
</newsitem>
