<?xml version="1.0" encoding="iso-8859-1" ?>
<newsitem itemid="774964" id="root" date="1997-08-04" xml:lang="en">
<title>POLAND: JELFA Q2 NET RISES TO PLN 9.1 MLN.</title>
<headline>JELFA Q2 NET RISES TO PLN 9.1 MLN.</headline>
<dateline>WARSAW 1997-08-04</dateline>
<text>
<p>Jelfa preliminary results for the</p>
<p>second quarter of the year ending June 30, 1997.</p>
<p>(Figures in millions of zlotys unless stated)</p>
<p>						Q2 1997	Q2 1996</p>
<p>    operating profit		    13.65   vs    8.00</p>
<p>    pre-tax profit			14.31   vs    9.02</p>
<p>    net profit			     9.10   vs    6.27</p>
<p>NOTE - full company name is: Przedsiebiorstwo</p>
<p>Farmaceutyczne Jelfa SA.</p>
<p>    net sales			     53.57   vs   37.58</p>
<p>    costs of sales			28.14   vs   21.83</p>
<p>    extraordinary profit		 0.00   vs    0.00</p>
<p>    income tax			     5.70   vs    1.15</p>
<p>    other taxes		   refund 0.49   vs    1.61</p>
<p>    financial revenues		   1.36   vs    1.25</p>
<p>    financial costs			0.70   vs    0.23</p>
<p>    investment			     6.62   vs   13.47</p>
<p>						H1 1997	H1 1996</p>
<p>    operating profit		    21.69   vs   14.50</p>
<p>    pre-tax profit			21.91   vs   15.85</p>
<p>    net profit			    15.15   vs   11.02</p>
<p>    net sales			     93.70   vs   73.01</p>
<p>    costs of sales			50.45   vs   44.00</p>
<p>    extraordinary profit		 0.00   vs    0.00</p>
<p>    income tax			     7.04   vs    1.98</p>
<p>    other taxes		   refund 0.28   vs    2.85</p>
<p>    financial revenues		   1.72   vs    1.81</p>
<p>    financial costs			1.49   vs    0.45</p>
<p>    investment			    12.38   vs   25.67</p>
<p>-- Warsaw Newsroom +48 22 653 9700</p>
</text>
<copyright>(c) Reuters Limited 1997</copyright>
<metadata>
<codes class="bip:countries:1.0">
  <code code="POL">
    <editdetail attribution="Reuters BIP Coding Group" action="confirmed" date="1997-08-04"/>
  </code>
</codes>
<codes class="bip:industries:1.0">
  <code code="I25700">
    <editdetail attribution="Reuters BIP Coding Group" action="confirmed" date="1997-08-04"/>
  </code>
</codes>
<codes class="bip:topics:1.0">
  <code code="C15">
    <editdetail attribution="Reuters BIP Coding Group" action="confirmed" date="1997-08-04"/>
  </code>
  <code code="C151">
    <editdetail attribution="Reuters BIP Coding Group" action="confirmed" date="1997-08-04"/>
  </code>
  <code code="CCAT">
    <editdetail attribution="Reuters BIP Coding Group" action="confirmed" date="1997-08-04"/>
  </code>
</codes>
<dc element="dc.date.created" value="1997-08-04"/>
<dc element="dc.publisher" value="Reuters Holdings Plc"/>
<dc element="dc.date.published" value="1997-08-04"/>
<dc element="dc.source" value="Reuters"/>
<dc element="dc.creator.location" value="WARSAW"/>
<dc element="dc.creator.location.country.name" value="POLAND"/>
<dc element="dc.source" value="Reuters"/>
</metadata>
</newsitem>
