<?xml version="1.0" encoding="iso-8859-1" ?>
<newsitem itemid="774932" id="root" date="1997-08-04" xml:lang="en">
<title>BULGARIA: INDICATORS - BULGARIA - UPDATED AUG 4.</title>
<headline>INDICATORS - BULGARIA - UPDATED AUG 4.</headline>
<text>
<p>week July 31-25</p>
<p> GROSS DOMESTIC PRODUCT     Q1'97    Q1'96     1996    1995</p>
<p> Yr/yr change, pct real     -11.7    -3.5     -10.9    +2.5</p>
<p> trln levs			 2.18    0.33	1.66    0.85</p>
<p>CENTRAL EXCHANGE RATE-Bulgarian National Bank daily fixing,</p>
<p>levs/dlr 1,847.70 (Aug 4) 495.74 (Dec31'96) 70.657(Dec31'95)</p>
<p>CENTRAL BANK MAIN LEV INTEREST RATE - 5.50 pct simple annual</p>
<p>from August 4 (5.42 pct July 18-August 3)</p>
<p>CENTRAL BANK</p>
<p> ISSUE DEPT ASSETS, trln BGL    3.461 (July31)   3.117 (July25)</p>
<p>					     MONTH	MTH AGO   YR AGO</p>
<p>CONSUMER PRICE INFLATION, pct</p>
<p> mth/mth				  +0.8(June)     +5.6   +20.2</p>
<p> cumulative since Jan 1	   +484.2(June)   +479.4   +47.5</p>
<p> yr/yr				+1,526.7(June) +1,840.2    N.A.</p>
<p>PRODUCER PRICE INFLATION, pct</p>
<p> mth/mth				 +1.8 (June)     +0.5   +18.9</p>
<p> yr/yr			     +1,271.7 (June) +1,455.8    N.A.</p>
<p>UNEMPLOYMENT RATE</p>
<p> monthly total		    541,599(June)  567,320   380,291</p>
<p> pct of workforce		    14.2(June)     14.8	10.0</p>
<p>INDUSTRIAL OUTPUT, pct real</p>
<p> yr/yr				  -15.4 (Q1)    +0.9(Q1'96)</p>
<p>RECEIPTS FROM INDUSTRIAL SALES, pct real</p>
<p> yr/yr				   -12.0(June)   -8.0     -4.0</p>
<p> RETAIL SALES	  Jan-June     Jan-May	  Jan-June'96</p>
<p> yr/yr, pct real	-52.0	  -53.8	     +4.2</p>
<p> CENTRAL GOVT BUDGET (bln levs)    nominal	pct of plan</p>
<p> revenue				349.979 (1996)	N.A.</p>
<p> spending			     540.949 (1996)	N.A.</p>
<p> deficit			     -190.869 (1996)	N.A.</p>
<p> revenue			    1,140.26 (July 17)    43.03</p>
<p> expenditure			1,570.20 (July 17)    43.78</p>
<p> deficit			     -429.94 (July 17)    45.90</p>
<p>CONSOLIDATED STATE BUDGET, bln levs:</p>
<p> revenue		    777.911 (April 25); pct of GDP - N.A.</p>
<p> spending		 1,059.804 (April 25); pct of GDP - N.A.</p>
<p> deficit		   -281.893 (April 25); pct of GDP - N.A.</p>
<p>GOVT DEBT (trln levs = lev debt + domestic dollar bonds):</p>
<p>3.789 (June30) 2.920 (May31) 2.558 (April30) 1.053 (Dec31,'96)</p>
<p> FOREIGN DEBT,	     Q1'97   1996    1995    1994    1993</p>
<p> total mln USD	     9,494  9,659  10,513  11,411  13,889</p>
<p> FOREIGN DEBT/GDP	   N.A.   99.1    80.9   118.9   131.0</p>
<p> DEBT SERVICE/GDP	   N.A.   10.8     7.3    15.1     4.0</p>
<p> DEBT/EXPORTS		 N.A.  158.8   155.1   219.8   283.6</p>
<p> DEBT SERVICE/EXPORTS     N.A.   17.2    13.9    27.9     8.7</p>
<p> CURRENT ACCOUNT		Q1'97     Q1'96</p>
<p> mln USD			 +234.7    -175.3</p>
<p> TRADE BALANCE, mln USD    +379.0     -38.8</p>
<p> exports FOB		  1,144.5   1,191.6</p>
<p> imports FOB		    765.5   1,224.4</p>
<p> SERVICES NET		   -25.8     -23.5</p>
<p> INCOME NET		    -153.7    -166.2</p>
<p> receipts			  65.9	54.6</p>
<p> payments			 219.6    -220.8</p>
<p> TRANSFERS NET		   35.2	47.1</p>
<p>CAPITAL &amp; FINANCIAL ACCOUNT,</p>
<p> mln USD			 -101.2    -101.2</p>
<p>* NOTES: Consolidated state budget comprises the central</p>
<p>government budget and the budgets of the judicial system, the</p>
<p>ministries and municipalities.</p>
<p>(P) denotes preliminary figures.</p>
<p>-- Sofia Newsroom, (++359-2) 91188</p>
</text>
<copyright>(c) Reuters Limited 1997</copyright>
<metadata>
<codes class="bip:countries:1.0">
  <code code="BUL">
    <editdetail attribution="Reuters BIP Coding Group" action="confirmed" date="1997-08-04"/>
  </code>
</codes>
<codes class="bip:topics:1.0">
  <code code="E71">
    <editdetail attribution="Reuters BIP Coding Group" action="confirmed" date="1997-08-04"/>
  </code>
  <code code="ECAT">
    <editdetail attribution="Reuters BIP Coding Group" action="confirmed" date="1997-08-04"/>
  </code>
</codes>
<dc element="dc.publisher" value="Reuters Holdings Plc"/>
<dc element="dc.date.published" value="1997-08-04"/>
<dc element="dc.source" value="Reuters"/>
<dc element="dc.creator.location.country.name" value="BULGARIA"/>
<dc element="dc.source" value="Reuters"/>
</metadata>
</newsitem>
