<?xml version="1.0" encoding="iso-8859-1" ?>
<newsitem itemid="774933" id="root" date="1997-08-04" xml:lang="en">
<title>ESTONIA: BOURSE CLOSE - INDEX UP 5.49 PCT TO NEW RECORD.</title>
<headline>BOURSE CLOSE - INDEX UP 5.49 PCT TO NEW RECORD.</headline>
<text>
<p>* Preliminary closing data show bourse turnover at 91.4</p>
<p>million kroons compared to 95 million kroons.</p>
<p>* Index gains 5.49 percent to set new record at 383.49.</p>
<p>* Hoiupank most active, turns over 25.2 million</p>
<p>kroons to gain 5.9 kroons to 230 kroons, setting a new high.</p>
<p>* Hansapank gains 19.2 kroons to close at new</p>
<p>record high of 221.00 kroons, turns over 23.8 million kroons.</p>
<p>* Forekspank follows with 17.7 million kroons</p>
<p>traded to gain five kroons to 240 kroons.</p>
<p>(See http://www.tse.ee/online/total.htm for market data)</p>
</text>
<copyright>(c) Reuters Limited 1997</copyright>
<metadata>
<codes class="bip:countries:1.0">
  <code code="ESTNIA">
    <editdetail attribution="Reuters BIP Coding Group" action="confirmed" date="1997-08-04"/>
  </code>
</codes>
<codes class="bip:topics:1.0">
  <code code="M11">
    <editdetail attribution="Reuters BIP Coding Group" action="confirmed" date="1997-08-04"/>
  </code>
  <code code="MCAT">
    <editdetail attribution="Reuters BIP Coding Group" action="confirmed" date="1997-08-04"/>
  </code>
</codes>
<dc element="dc.publisher" value="Reuters Holdings Plc"/>
<dc element="dc.date.published" value="1997-08-04"/>
<dc element="dc.source" value="Reuters"/>
<dc element="dc.creator.location.country.name" value="ESTONIA"/>
<dc element="dc.source" value="Reuters"/>
</metadata>
</newsitem>
