<?xml version="1.0" encoding="iso-8859-1" ?>
<newsitem itemid="774986" id="root" date="1997-08-04" xml:lang="en">
<title>RUSSIA: PRESS DIGEST - RUSSIA - AUG 4.</title>
<headline>PRESS DIGEST - RUSSIA - AUG 4.</headline>
<dateline>MOSCOW 1997-08-04</dateline>
<text>
<p>Following are some of the leading stories in Russian newspapers this morning. Reuters has not verified these stories and does not vouch for their accuracy.</p>
<p>SEVODNYA</p>
<p>- The ten days since the auction of the government's stake in Svyazinvest, Russia's telecommunication giant, have shaken the country's establishment.</p>
<p>- Special measures are to be taken to ensure the safety of the Mir orbital station and its crew during future dockings with cargo ships.</p>
<p>NOVAYA GAZETA</p>
<p>- The current banking war in Russia has been to a certain extent initiated by the ruling authorities but it may lead to consequences which they have not foreseen.</p>
<p>- Russia's Eastern oil company is to be auctioned soon. The public is expecting a new scandal.</p>
<p>-- Svetlana Kovaleva, Moscow Newsroom, +7095 941 8520</p>
</text>
<copyright>(c) Reuters Limited 1997</copyright>
<metadata>
<codes class="bip:countries:1.0">
  <code code="RUSS">
    <editdetail attribution="Reuters BIP Coding Group" action="confirmed" date="1997-08-04"/>
  </code>
</codes>
<codes class="bip:topics:1.0">
  <code code="GCAT">
    <editdetail attribution="Reuters BIP Coding Group" action="confirmed" date="1997-08-04"/>
  </code>
</codes>
<dc element="dc.date.created" value="1997-08-04"/>
<dc element="dc.publisher" value="Reuters Holdings Plc"/>
<dc element="dc.date.published" value="1997-08-04"/>
<dc element="dc.source" value="Reuters"/>
<dc element="dc.creator.location" value="MOSCOW"/>
<dc element="dc.creator.location.country.name" value="RUSSIA"/>
<dc element="dc.source" value="Reuters"/>
</metadata>
</newsitem>
