<?xml version="1.0" encoding="iso-8859-1" ?>
<newsitem itemid="774957" id="root" date="1997-08-04" xml:lang="en">
<title>POLAND: RAFAKO TURNS TO PLN 13.7 MLN LOSS IN JUNE.</title>
<headline>RAFAKO TURNS TO PLN 13.7 MLN LOSS IN JUNE.</headline>
<dateline>WARSAW 1997-08-04</dateline>
<text>
<p>Preliminary results June</p>
<p>(in million zlotys unless stated)</p>
<p> JUNE		     1997     1996</p>
<p> Net loss		13.69 vs   3.72 profit</p>
<p> Pre-tax loss	  13.69 vs   3.72 profit</p>
<p> Operating profit     3.93 vs   5.41</p>
<p> Sales		   31.50 vs  31.37</p>
<p> JANUARY-JUNE	   1997     1996</p>
<p> Net loss		11.67 vs   8.16 profit</p>
<p> Pre-tax loss	  11.67 vs   8.16 profit</p>
<p> Operating profit    10.09 vs  15.47</p>
<p> Sales		  152.64 vs 196.61</p>
<p>Note. Full name of the Polish boiler maker is Fabryka Kotlow</p>
<p>Rafako SA.</p>
<p>-- Warsaw Newsroom +48 22 653 9700</p>
</text>
<copyright>(c) Reuters Limited 1997</copyright>
<metadata>
<codes class="bip:countries:1.0">
  <code code="POL">
    <editdetail attribution="Reuters BIP Coding Group" action="confirmed" date="1997-08-04"/>
  </code>
</codes>
<codes class="bip:industries:1.0">
  <code code="I32050">
    <editdetail attribution="Reuters BIP Coding Group" action="confirmed" date="1997-08-04"/>
  </code>
</codes>
<codes class="bip:topics:1.0">
  <code code="C15">
    <editdetail attribution="Reuters BIP Coding Group" action="confirmed" date="1997-08-04"/>
  </code>
  <code code="C151">
    <editdetail attribution="Reuters BIP Coding Group" action="confirmed" date="1997-08-04"/>
  </code>
  <code code="CCAT">
    <editdetail attribution="Reuters BIP Coding Group" action="confirmed" date="1997-08-04"/>
  </code>
</codes>
<dc element="dc.date.created" value="1997-08-04"/>
<dc element="dc.publisher" value="Reuters Holdings Plc"/>
<dc element="dc.date.published" value="1997-08-04"/>
<dc element="dc.source" value="Reuters"/>
<dc element="dc.creator.location" value="WARSAW"/>
<dc element="dc.creator.location.country.name" value="POLAND"/>
<dc element="dc.source" value="Reuters"/>
</metadata>
</newsitem>
