<?xml version="1.0" encoding="iso-8859-1" ?>
<newsitem itemid="775051" id="root" date="1997-08-04" xml:lang="en">
<title>UK: Repsol confirms Tarragona petchem cracker restart.</title>
<headline>Repsol confirms Tarragona petchem cracker restart.</headline>
<dateline>LONDON 1997-08-04</dateline>
<text>
<p>Spain's Repsol SA restarted its 550,000 tonnes a year ethylene cracker in Tarragona at the weekend after an outage of &quot;some days&quot;, a Repsol petrochemical marketing source said Monday.</p>
<p>But a source at Dow Chemical Co said the U.S. producer's 500,000 tonnes a year Dutch cracker at Terneuzen could be down until August 15, having suffered compressor damage during a July 27 outage.</p>
<p>Naphtha market players said that the outages at the large-scale crackers had come close to wiping out the already limited prompt/August demand for naphtha, the main feedstock used in European petchem cracking.</p>
<p>The Repsol source said the Tarragona unit, cited as the main cause for concern in naphtha markets, suffered production problems for six days until its restart Saturday, with the outage accounting for some of those days.</p>
<p>The Dow source said he expected Terneuzen, which has been down since July 27, would be &quot;back up and running anytime from August 12 to 15.&quot;</p>
<p>--Keyvan Hedvat, London newsroom +44 171 542 8185</p>
</text>
<copyright>(c) Reuters Limited 1997</copyright>
<metadata>
<codes class="bip:countries:1.0">
  <code code="SPAIN">
    <editdetail attribution="Reuters BIP Coding Group" action="confirmed" date="1997-08-04"/>
  </code>
  <code code="UK">
    <editdetail attribution="Reuters BIP Coding Group" action="confirmed" date="1997-08-04"/>
  </code>
  <code code="USA">
    <editdetail attribution="Reuters BIP Coding Group" action="confirmed" date="1997-08-04"/>
  </code>
</codes>
<codes class="bip:industries:1.0">
  <code code="I14000">
    <editdetail attribution="Reuters BIP Coding Group" action="confirmed" date="1997-08-04"/>
  </code>
  <code code="I25000">
    <editdetail attribution="Reuters BIP Coding Group" action="confirmed" date="1997-08-04"/>
  </code>
</codes>
<codes class="bip:topics:1.0">
  <code code="C24">
    <editdetail attribution="Reuters BIP Coding Group" action="confirmed" date="1997-08-04"/>
  </code>
  <code code="CCAT">
    <editdetail attribution="Reuters BIP Coding Group" action="confirmed" date="1997-08-04"/>
  </code>
</codes>
<dc element="dc.date.created" value="1997-08-04"/>
<dc element="dc.publisher" value="Reuters Holdings Plc"/>
<dc element="dc.date.published" value="1997-08-04"/>
<dc element="dc.source" value="Reuters"/>
<dc element="dc.creator.location" value="LONDON"/>
<dc element="dc.creator.location.country.name" value="UK"/>
<dc element="dc.source" value="Reuters"/>
</metadata>
</newsitem>
