<?xml version="1.0" encoding="iso-8859-1" ?>
<newsitem itemid="775013" id="root" date="1997-08-04" xml:lang="en">
<title>UK: UK natural gas firms slightly, but OTC quiet.</title>
<headline>UK natural gas firms slightly, but OTC quiet.</headline>
<dateline>LONDON 1997-08-04</dateline>
<text>
<p>The UK natural gas spot market was slightly firmer but fairly quiet on Monday with traders choosing to do most of their business on the futures market.</p>
<p>Prices were slightly stronger across the forward curve, with a couple of prompt deals done at 9.7 pence a therm (p/th) for day ahead gas and 9.775 p/th for within day.</p>
<p>The fourth quarter was heard traded at 13.40 p/th and more deals were heard to have been done on a confidential basis.</p>
<p>&quot;It's basically slightly stronger, although it's nothing really dramatic,&quot; said one trader.</p>
<p>First quarter 1998 was traded at 17.10 p/th and 17.20 p/th, and was heavily traded on the futures market with a major shipper dominating proceedings.</p>
<p>Next summer was untraded on the over-the-counter market, but made healthy gains on the futures market, although traders said there was no fundamental sentiment behind it.</p>
<p>&quot;It was all profit-related. We bought it when it was low and threw it out when people thought there was a buyer,&quot; said one active player.</p>
<p>--Rosalind Russell, London Newsroom +44 171 542 5387</p>
</text>
<copyright>(c) Reuters Limited 1997</copyright>
<metadata>
<codes class="bip:countries:1.0">
  <code code="UK">
    <editdetail attribution="Reuters BIP Coding Group" action="confirmed" date="1997-08-04"/>
  </code>
</codes>
<codes class="bip:topics:1.0">
  <code code="M14">
    <editdetail attribution="Reuters BIP Coding Group" action="confirmed" date="1997-08-04"/>
  </code>
  <code code="M143">
    <editdetail attribution="Reuters BIP Coding Group" action="confirmed" date="1997-08-04"/>
  </code>
  <code code="MCAT">
    <editdetail attribution="Reuters BIP Coding Group" action="confirmed" date="1997-08-04"/>
  </code>
</codes>
<dc element="dc.date.created" value="1997-08-04"/>
<dc element="dc.publisher" value="Reuters Holdings Plc"/>
<dc element="dc.date.published" value="1997-08-04"/>
<dc element="dc.source" value="Reuters"/>
<dc element="dc.creator.location" value="LONDON"/>
<dc element="dc.creator.location.country.name" value="UK"/>
<dc element="dc.source" value="Reuters"/>
</metadata>
</newsitem>
