<?xml version="1.0" encoding="iso-8859-1" ?>
<newsitem itemid="775043" id="root" date="1997-08-04" xml:lang="en">
<title>UK: European physical metal trades - August 4.</title>
<headline>European physical metal trades - August 4.</headline>
<dateline>LONDON 1997-08-04</dateline>
<text>
<p>Trades reported as follows. All prices in $/tonne and premium to LME unless stated.</p>
<p>JULY 29</p>
<p>Russian A6 aluminium, cif Rotterdam, $30.</p>
<p>Russian A5 aluminium, cif Rotterdam, $25.</p>
<p>JULY 28</p>
<p>Duty-upaid Western aluminium, cif Rotterdam, $50.</p>
<p>JULY 22</p>
<p>CIS unpaid zinc, cif Rotterdam, $20.</p>
<p>Western duty unpaid aluminium, cif Rotterdam, $45, $50.</p>
<p>Chinese tin, cif Rotterdam, $25.</p>
<p>JULY 21</p>
<p>Western aluminium duty-unpaid, cif Rotterdam, $55.</p>
<p>JULY 18</p>
<p>Antimony, cif Rotterdam, $2,020, $1,980 (outright).</p>
<p>JULY 17</p>
<p>Cadmium 99.95 percent, $0.56/lb (outright).</p>
<p>Russian cobalt, $20.00/lb, $20.30/lb (outright).</p>
<p>Ferro-vanadium, Germany, $19.55/kg (outright).</p>
<p>JULY 15</p>
<p>Antimony, cif Rotterdam, $1,960 (outright)</p>
<p>JULY 11</p>
<p>Antimony, cif Rotterdam, $2,025 (outright).</p>
<p>JULY 10</p>
<p>Antimony, cif Rotterdam, $1,985 (outright).</p>
<p>CIS lead warrant, $19.</p>
<p>Chinese tin, cif Rotterdam, $30.</p>
<p>Malaysian tin, cif Rotterdam, $10.</p>
<p>JULY 9</p>
<p>Grade A copper, cif U.K., $38.</p>
<p>Russian standard copper, cif Rotterdam, $30 discount.</p>
<p>JULY 8</p>
<p>Russian uncut nickel, cif Rotterdam, $70 discount.</p>
<p>JULY 7</p>
<p>Russian A0 aluminium, cif Rotterdam, $10.</p>
<p>Western plating nickel, cif Rotterdam, $330.</p>
<p>JULY 4</p>
<p>Antimony, cif Rotterdam, $1,980 (outright).</p>
<p>JULY 1</p>
<p>Cobalt ingot, cif Rotterdam, $19.80/lb (outright).</p>
<p>Russian magnesium, cif Rotterdam, $2,540 (outright).</p>
<p>--London Newsroom 44 171 542 8080</p>
</text>
<copyright>(c) Reuters Limited 1997</copyright>
<metadata>
<codes class="bip:countries:1.0">
  <code code="UK">
    <editdetail attribution="Reuters BIP Coding Group" action="confirmed" date="1997-08-04"/>
  </code>
</codes>
<codes class="bip:topics:1.0">
  <code code="M14">
    <editdetail attribution="Reuters BIP Coding Group" action="confirmed" date="1997-08-04"/>
  </code>
  <code code="M142">
    <editdetail attribution="Reuters BIP Coding Group" action="confirmed" date="1997-08-04"/>
  </code>
  <code code="MCAT">
    <editdetail attribution="Reuters BIP Coding Group" action="confirmed" date="1997-08-04"/>
  </code>
</codes>
<dc element="dc.date.created" value="1997-08-04"/>
<dc element="dc.publisher" value="Reuters Holdings Plc"/>
<dc element="dc.date.published" value="1997-08-04"/>
<dc element="dc.source" value="Reuters"/>
<dc element="dc.creator.location" value="LONDON"/>
<dc element="dc.creator.location.country.name" value="UK"/>
<dc element="dc.source" value="Reuters"/>
</metadata>
</newsitem>
