<?xml version="1.0" encoding="iso-8859-1" ?>
<newsitem itemid="775035" id="root" date="1997-08-04" xml:lang="en">
<title>UK: Aluminium extends rally, nickel, copper weaker.</title>
<headline>Aluminium extends rally, nickel, copper weaker.</headline>
<dateline>LONDON 1997-08-04</dateline>
<text>
<p>LME aluminium kept up its relentless rise on Monday afternoon, ratcheting up to a 22-month high, but some of the other metals eased on profit-taking and trade selling.</p>
<p>Three months aluminium touched $1,747 per tonne, the highest since early October 1995, as tightness bubbled under the market. It ended the afternoon kerb $5 firmer at $1,744.</p>
<p>The cash/three months spread ended the day at a $6/$10 backwardation, some $3/$4 wider than on Friday.</p>
<p>A squeeze centred on August coupled with a steady erosion in inventories and upside options plays were helping the market extend its bull run despite overbought signals, analysts said.</p>
<p>LME stocks fell by 450 tonnes on Monday and since the beginning of the year they have declined by about one third, said analyst Martin Squires of broker Rudolf Wolff.</p>
<p>The market has the potential for more gains, especially in the run up to Wednesday's options declaration, but profit-taking is expected to come in at some point, traders said.</p>
<p>Zinc also finished the day stronger, adding $31 to $1,494 as borrowing interest in spreads underpinned prices.</p>
<p>The premium of cash over three month metal straddled $100, with September the focus of the tightness.</p>
<p>The bulk of it was in the September/October spread, which held firm at a $73 backwardation.</p>
<p>A stocks rise of 1,700 tonnes was seen as a one-off increase that would not dent the consistent erosion of inventories. LME stocks have fallen a total of 21 percent by the end of last week, Squires said.</p>
<p>Three month prices still had scope to climb to $1,530, the highest price seen since the market plunged last week, he added.</p>
<p>Other markets, however, did not fare so well.</p>
<p>Copper continued its short-term downtrend, losing grip of the $2,300 mark as stocks kept rising.</p>
<p>July's jump in LME inventories of 106,625 tonnes was the biggest ever monthly increase, analysts said.</p>
<p>On Monday they rose by 2,800 tonnes.</p>
<p>Prices shed $27.50 to $2,282, with support pegged at $2,270 and $2,250.</p>
<p>Nickel fell back under profit-taking after a strike at Canada's Falconbridge failed to spark interest. Only an extended strike would impact on the fundamentals, analysts said.</p>
<p>Trade selling hit tin, which lost $55 to $5,585 after several days of speculative gains.</p>
<p>Lead moved sideways again in a narrow range, ending $2 easier at $637.</p>
<p>Alloy closed slightly weaker at $1,530/35, down from $1,540.</p>
<p>--Eric Onstad, London Newsroom +44 171 542-8065</p>
</text>
<copyright>(c) Reuters Limited 1997</copyright>
<metadata>
<codes class="bip:countries:1.0">
  <code code="UK">
    <editdetail attribution="Reuters BIP Coding Group" action="confirmed" date="1997-08-04"/>
  </code>
</codes>
<codes class="bip:topics:1.0">
  <code code="M14">
    <editdetail attribution="Reuters BIP Coding Group" action="confirmed" date="1997-08-04"/>
  </code>
  <code code="M142">
    <editdetail attribution="Reuters BIP Coding Group" action="confirmed" date="1997-08-04"/>
  </code>
  <code code="MCAT">
    <editdetail attribution="Reuters BIP Coding Group" action="confirmed" date="1997-08-04"/>
  </code>
</codes>
<dc element="dc.date.created" value="1997-08-04"/>
<dc element="dc.publisher" value="Reuters Holdings Plc"/>
<dc element="dc.date.published" value="1997-08-04"/>
<dc element="dc.source" value="Reuters"/>
<dc element="dc.creator.location" value="LONDON"/>
<dc element="dc.creator.location.country.name" value="UK"/>
<dc element="dc.source" value="Reuters"/>
</metadata>
</newsitem>
