<?xml version="1.0" encoding="iso-8859-1" ?>
<newsitem itemid="775015" id="root" date="1997-08-04" xml:lang="en">
<title>UK: Med gasoline up $13, other products mostly steady.</title>
<headline>Med gasoline up $13, other products mostly steady.</headline>
<dateline>LONDON 1997-08-04</dateline>
<text>
<p>Mediterranean oil products saw little change in values on Monday with the exception of gasoline, which gained in line with a $13 jump in cargo values in the north.</p>
<p>The Med gasoline market was quieter than in NWE but just as tight and saw notional gains at least on a par with the gains seen on NWE cargoes on the day.</p>
<p>One Med trader referred to a shortage of Greek and Isreali export volumes, Italian purchasing of Eurograde and exports of lower-quality gasolines.</p>
<p>A French refiner was heard seeking volumes for Lebanon and having to search for in the north, rather than the Med.</p>
<p>The naphtha market was quiet, with levels steady in the $186-$189 CIF Med range for cargoes.</p>
<p>Gas oil was looking a touch firmer with talk that recent plentiful Russian supplies were drying up with fears Italy is nearly sold-out until mid to late August.</p>
<p>Traders said Italian heating oil was pegged around fob high quotes +3-3.50 with unconfirmed talk of an Italian selling at high fob quotes +$3.</p>
<p>High sulphur cracked cargoes were a little weaker, offered at $91 and $90 cif for poorer quality material with little buying interest seen. One trader said he bid $88.</p>
<p>&quot;The market is weaker. There's some demand into the barge market but cracked cargoes are under pressure,&quot; one trader said.</p>
<p>But scarce bunker spec remains steady with traders saying it will continue to fetch $100. High sulphur straight-run was said to have traded at a $3 premium to high cif Med quotes on Monday, with a cargo bought by an Italian refiner out of Mersin.</p>
<p>One percent remains quiet with traders saying a large buyer will be eyeing fewer cargoes for August.</p>
<p>&quot;If somebody has a low sulphur cargo, he will sell into barges and get better value,&quot; one trader said.</p>
</text>
<copyright>(c) Reuters Limited 1997</copyright>
<metadata>
<codes class="bip:countries:1.0">
  <code code="UK">
    <editdetail attribution="Reuters BIP Coding Group" action="confirmed" date="1997-08-04"/>
  </code>
</codes>
<codes class="bip:topics:1.0">
  <code code="M14">
    <editdetail attribution="Reuters BIP Coding Group" action="confirmed" date="1997-08-04"/>
  </code>
  <code code="M143">
    <editdetail attribution="Reuters BIP Coding Group" action="confirmed" date="1997-08-04"/>
  </code>
  <code code="MCAT">
    <editdetail attribution="Reuters BIP Coding Group" action="confirmed" date="1997-08-04"/>
  </code>
</codes>
<dc element="dc.date.created" value="1997-08-04"/>
<dc element="dc.publisher" value="Reuters Holdings Plc"/>
<dc element="dc.date.published" value="1997-08-04"/>
<dc element="dc.source" value="Reuters"/>
<dc element="dc.creator.location" value="LONDON"/>
<dc element="dc.creator.location.country.name" value="UK"/>
<dc element="dc.source" value="Reuters"/>
</metadata>
</newsitem>
