<?xml version="1.0" encoding="iso-8859-1" ?>
<newsitem itemid="775000" id="root" date="1997-08-04" xml:lang="en">
<title>UK: Pollution may cause heart attacks, study finds.</title>
<headline>Pollution may cause heart attacks, study finds.</headline>
<dateline>LONDON 1996-08-05</dateline>
<text>
<p>Up to one in 50 heart attacks treated at London hospitals may be caused by air pollution, British researchers reported on Tuesday.</p>
<p>They said levels of black smoke, nitric oxide, carbon monoxide and sulphur dioxode were all linked with heart attack.</p>
<p>Writing in the journal Occupational and Environmental Medicine, Jan Polniecki of London's St George's Hospital Medical School and colleagues said there were other heath effects, too.</p>
<p>Nitric oxide was linked with irregular heart rhythms, black smoke with chest pain and carbon monoxide with other circulatory diseases.</p>
<p>&quot;No association was found between ozone and circulatory diseases,&quot; they added.</p>
<p>Polniecki's team measured levels of the chemical pollutants and cross-checked them against data on heart attacks and other heart complaints.</p>
<p>They found significant associations with heart attack, but only in the &quot;cool season,&quot; they wrote.</p>
<p>&quot;Biologically plausible mechanisms have been advanced by which emissions, mainly from motor vehicles, might trigger circulatory disorders,&quot; they wrote. This could include inflammation of the airways, they added.</p>
<p>&quot;Our results strengthen the case for the existence of a causal link with myocardial infarction (heart attack).&quot;</p>
<p>They said more research, involving more people, was needed.</p>
</text>
<copyright>(c) Reuters Limited 1997</copyright>
<metadata>
<codes class="bip:countries:1.0">
  <code code="UK">
    <editdetail attribution="Reuters BIP Coding Group" action="confirmed" date="1997-08-04"/>
  </code>
</codes>
<codes class="bip:topics:1.0">
  <code code="GCAT">
    <editdetail attribution="Reuters BIP Coding Group" action="confirmed" date="1997-08-04"/>
  </code>
  <code code="GENV">
    <editdetail attribution="Reuters BIP Coding Group" action="confirmed" date="1997-08-04"/>
  </code>
  <code code="GHEA">
    <editdetail attribution="Reuters BIP Coding Group" action="confirmed" date="1997-08-04"/>
  </code>
  <code code="GSCI">
    <editdetail attribution="Reuters BIP Coding Group" action="confirmed" date="1997-08-04"/>
  </code>
</codes>
<dc element="dc.date.created" value="1996-08-05"/>
<dc element="dc.publisher" value="Reuters Holdings Plc"/>
<dc element="dc.date.published" value="1997-08-04"/>
<dc element="dc.source" value="Reuters"/>
<dc element="dc.creator.location" value="LONDON"/>
<dc element="dc.creator.location.country.name" value="UK"/>
<dc element="dc.source" value="Reuters"/>
</metadata>
</newsitem>
