<?xml version="1.0" encoding="iso-8859-1" ?>
<newsitem itemid="775040" id="root" date="1997-08-04" xml:lang="en">
<title>UK: UK cocoa imports rose in June.</title>
<headline>UK cocoa imports rose in June.</headline>
<dateline>LONDON 1997-08-04</dateline>
<text>
<p>UK cocoa imports in tonnes issued by UK Customs - cocoa beans whole or broken, raw or roasted:</p>
<p>			   JUN     MAY   JAN/JUN 1997    JAN/JUN 1996</p>
<p> TOTAL		 6,005   4,104	97,119	    135,063</p>
<p> Sierra Leone	  150	34	 2,581		1,830</p>
<p> Ivory Coast	   355   1,028	24,771	     32,704</p>
<p> Ghana		 1,225     750	24,394	     65,548</p>
<p> Nigeria		 292   1,401	27,625	     23,519</p>
<p> Cameroon		nil     nil	 2,155		1,616</p>
<p> Sao Tome-Principe   nil     nil	   nil		  310</p>
<p> Tanzania		184	70	   863		  744</p>
<p> Mexico		   57     270	 1,002		  522</p>
<p> Indonesia	   3,430     100	 8,561		2,525</p>
<p> Papua New Guinea    132	33	 1,724		  996</p>
<p> Vanuatu		 nil     200	   614		1,116</p>
<p> Others		  176     213	 2,821		3,629</p>
<p>		     Cocoa butter, fat and oil</p>
<p> TOTAL		   737     771	 5,852		5,556</p>
<p> Turkey		  nil     nil	   140		   60</p>
<p> Ghana		   204     310	 1,796		2,815</p>
<p> Nigeria		 413     242	 2,462		  106</p>
<p> Indonesia	     nil     nil	   220		  800</p>
<p> Malaysia		120     nil	   640		1,419</p>
<p> Others		  nil     219	   593		  355</p>
</text>
<copyright>(c) Reuters Limited 1997</copyright>
<metadata>
<codes class="bip:countries:1.0">
  <code code="UK">
    <editdetail attribution="Reuters BIP Coding Group" action="confirmed" date="1997-08-04"/>
  </code>
</codes>
<codes class="bip:industries:1.0">
  <code code="I01001">
    <editdetail attribution="Reuters BIP Coding Group" action="confirmed" date="1997-08-04"/>
  </code>
  <code code="I0100144">
    <editdetail attribution="Reuters BIP Coding Group" action="confirmed" date="1997-08-04"/>
  </code>
</codes>
<codes class="bip:topics:1.0">
  <code code="C31">
    <editdetail attribution="Reuters BIP Coding Group" action="confirmed" date="1997-08-04"/>
  </code>
  <code code="C311">
    <editdetail attribution="Reuters BIP Coding Group" action="confirmed" date="1997-08-04"/>
  </code>
  <code code="CCAT">
    <editdetail attribution="Reuters BIP Coding Group" action="confirmed" date="1997-08-04"/>
  </code>
  <code code="M14">
    <editdetail attribution="Reuters BIP Coding Group" action="confirmed" date="1997-08-04"/>
  </code>
  <code code="M141">
    <editdetail attribution="Reuters BIP Coding Group" action="confirmed" date="1997-08-04"/>
  </code>
  <code code="MCAT">
    <editdetail attribution="Reuters BIP Coding Group" action="confirmed" date="1997-08-04"/>
  </code>
</codes>
<dc element="dc.date.created" value="1997-08-04"/>
<dc element="dc.publisher" value="Reuters Holdings Plc"/>
<dc element="dc.date.published" value="1997-08-04"/>
<dc element="dc.source" value="Reuters"/>
<dc element="dc.creator.location" value="LONDON"/>
<dc element="dc.creator.location.country.name" value="UK"/>
<dc element="dc.source" value="Reuters"/>
</metadata>
</newsitem>
