<?xml version="1.0" encoding="iso-8859-1" ?>
<newsitem itemid="775096" id="root" date="1997-08-04" xml:lang="en">
<title>SAO TOME AND PRINCIPE: China demands Sao Tome repays debt.</title>
<headline>China demands Sao Tome repays debt.</headline>
<dateline>SAOTOME 1997-08-04</dateline>
<text>
<p>China has urged the tiny West African island state of Sao Tome and Principe to repay a loan of $17 million after a break in diplomatic ties between the two countries, Sao Tomean officials said on Monday.</p>
<p>The officials said China had given the former Portuguese colony 90 days in which to repay the loan, which previously had a term of 30 years and an annual interest rate of three percent.</p>
<p>Sao Tomean Finance Minister Acacio Bonfim said he was &quot;surprised&quot; by the Chinese demand and lamented the decision.</p>
<p>Sao Tomean officials said they did not know what action China might take if the country failed to repay the loan, but they doubted the impoverished nation would be able to meet the new deadline.</p>
<p>Last month China suspended diplomatic relations with Sao Tome because it had set up official ties with Beijing's arch-rival Taiwan.</p>
<p>Taiwan sealed official links with Sao Tome and Principe in May when it set up an embassy there despite fierce protests from Beijing. China regards Taiwan as a rebel province not entitled to diplomatic ties. The two split in 1949 after a civil war.</p>
</text>
<copyright>(c) Reuters Limited 1997</copyright>
<metadata>
<codes class="bip:countries:1.0">
  <code code="CHINA">
    <editdetail attribution="Reuters BIP Coding Group" action="confirmed" date="1997-08-04"/>
  </code>
  <code code="PST">
    <editdetail attribution="Reuters BIP Coding Group" action="confirmed" date="1997-08-04"/>
  </code>
</codes>
<codes class="bip:topics:1.0">
  <code code="E21">
    <editdetail attribution="Reuters BIP Coding Group" action="confirmed" date="1997-08-04"/>
  </code>
  <code code="E212">
    <editdetail attribution="Reuters BIP Coding Group" action="confirmed" date="1997-08-04"/>
  </code>
  <code code="ECAT">
    <editdetail attribution="Reuters BIP Coding Group" action="confirmed" date="1997-08-04"/>
  </code>
</codes>
<dc element="dc.date.created" value="1997-08-04"/>
<dc element="dc.publisher" value="Reuters Holdings Plc"/>
<dc element="dc.date.published" value="1997-08-04"/>
<dc element="dc.source" value="Reuters"/>
<dc element="dc.creator.location" value="SAOTOME"/>
<dc element="dc.creator.location.country.name" value="SAO TOME AND PRINCIPE"/>
<dc element="dc.source" value="Reuters"/>
</metadata>
</newsitem>
