<?xml version="1.0" encoding="iso-8859-1" ?>
<newsitem itemid="775132" id="root" date="1997-08-04" xml:lang="en">
<title>SOUTH AFRICA: S.Africa BER says time ripe for interest rate cut.</title>
<headline>S.Africa BER says time ripe for interest rate cut.</headline>
<dateline>CAPE TOWN 1997-08-04</dateline>
<text>
<p>A South African economic think-tank said on Monday the case for interest rate cuts was stronger than ever before despite the negative impact of the lower gold price on the balance of payments.</p>
<p>The University of Stellenbosch's Bureau for Economic Research (BER) said in its latest economic update a two percentage point fall in the Bank rate and prime overdraft rates were still on the cards in the second half of this year, and the first cut could be made as early as this month.</p>
<p>&quot;A third (cut) is still possible early next year,&quot; BER said.</p>
<p>The recent fall in the price of gold was expected to lead to the closure of unprofitable gold mines, which would affect gross domestic product and the current account.</p>
<p>The latter could lead to upwards pressure on interest rates, but BER said it believed that the healthy capital account, coupled with a recovery in non-gold exports, would rule out the need to raise interest rates in the immediate future.</p>
<p>&quot;The cumulative balance of payments impact of a persistently weak gold price could be more significant, though,&quot; BER said.</p>
<p>The Bureau remains convinced of the need for interest rate cuts because falling real gross domestic expenditure and the broad-based deterioration of business confidence indicated that the economy was slowing down.</p>
<p>Growth forecasts for 1997 were downgraded to 2.2 percent from the previous estimate of 3.1 percent. Next year's economic growth was seen at 3.4 percent.</p>
<p>The inflation cycle caused by the rand's sharp depreciation in 1996 appeared to have turned the corner, BER said, while inflows on the capital account of the balance of payments had been stronger than expected.</p>
<p>&quot;The hurdle of the July 1 exchange control relaxation furthermore appears to be safely out of the way, although one must not underestimate the vulnerable reserve position, even at present healthier levels, and the possibility of downward financial volatility,&quot; BER said.</p>
<p>-- Cape Town newsroom +27 21 25-2238</p>
</text>
<copyright>(c) Reuters Limited 1997</copyright>
<metadata>
<codes class="bip:countries:1.0">
  <code code="SAFR">
    <editdetail attribution="Reuters BIP Coding Group" action="confirmed" date="1997-08-04"/>
  </code>
</codes>
<codes class="bip:topics:1.0">
  <code code="E12">
    <editdetail attribution="Reuters BIP Coding Group" action="confirmed" date="1997-08-04"/>
  </code>
  <code code="ECAT">
    <editdetail attribution="Reuters BIP Coding Group" action="confirmed" date="1997-08-04"/>
  </code>
</codes>
<dc element="dc.date.created" value="1997-08-04"/>
<dc element="dc.publisher" value="Reuters Holdings Plc"/>
<dc element="dc.date.published" value="1997-08-04"/>
<dc element="dc.source" value="Reuters"/>
<dc element="dc.creator.location" value="CAPE TOWN"/>
<dc element="dc.creator.location.country.name" value="SOUTH AFRICA"/>
<dc element="dc.source" value="Reuters"/>
</metadata>
</newsitem>
