<?xml version="1.0" encoding="iso-8859-1" ?>
<newsitem itemid="775136" id="root" date="1997-08-04" xml:lang="en">
<title>KENYA: Kenyan airport strike causes major cargo delays.</title>
<headline>Kenyan airport strike causes major cargo delays.</headline>
<byline>Maja Wallengren</byline>
<dateline>NAIROBI 1997-08-04</dateline>
<text>
<p>Air cargo giant Lufthansa Cargo and freight forwarders in Nairobi on Monday called for urgent government action to find a solution to a strike at Nairobi's Jomo Kenyata airport which is causing major delays to air cargo.</p>
<p>Lufthansa said the majority of their Frankfurt-bound perishable cargo over the weekend had been more than 24 hours delayed because of the problems in Nairobi, which resulted in lost connections.</p>
<p>Both Nairobi's Jomo Kenyatta International Airport and the Moi International Airport in Mombasa have been crippled since midnight Friday, when air traffic controllers went on strike demanding better pay and working conditions.</p>
<p>Airlink, an 85 percent-owned subsidiary of Swiss freight forwarders Kuehne &amp; Nagel, said it stood to loose an entire cargo of fresh cut flowers, which have awaited flight connection to Johannesburg since Saturday.</p>
<p>&quot;We have had delays on all our flights which is very bad because the aircraft rotation time is very tight and two hours delay at this end can result in loosing our trucking connection at the other end,&quot; said David Keary, Lufthansa Cargo's general manager for East and Central Africa.</p>
<p>&quot;So you could loose a whole day in distribution which is critical when you are dealing with perishable goods, which is what has happened in most cases,&quot; he added.</p>
<p>A Lufthansa Cargo Boeing-747 freighter scheduled for departure Saturday morning was more than two hours delayed whilst ten Airbus passenger flights, which also carry smaller loads of cargo, on both Saturday and Sunday were delayed for hours.</p>
<p>Airlink was scheduled to fly some five tonnes of cut flowers to Johannesburg Saturday morning, but due to the go-slow the flight was cancelled and by Monday noon the cargo load had still not left Nairobi.</p>
<p>&quot;This is a major problem, all of it is perishable cargo which was going to Johannesburg for connecting flights to Taipei and Australia.</p>
<p>&quot;Now it's two days delayed and if we can't make it with the connecting flights we will have to cancel the cargo. We are still trying to get it on the first possible flight, but the Kenya Airways flight scheduled for 9.30 local time (0600 GMT) Monday morning still has not departed,&quot; an official with Airlink said at 1300 local (10.00 GMT).</p>
<p>Airlink had another of their own freight charters scheduled for Johannesburg on Monday, but they did not know if it would make it, he added.</p>
<p>Airlink also had booked some 20 tonnes of cargo shipments with British Airways, Emirates, Gulf Air and Olympic Air, which had all been delayed causing some inbound cargo to be stranded.</p>
<p>David Keary said Lufthansa Cargo was preparing a written expression of concern to the government, urging them to take immediate action as the strike was greatly damaging to both the industry and the economy.</p>
<p>&quot;It definitively jeopardises the business when you are dealing with perishable goods and if it continues much longer it can damage Kenya's reputation as being unreliable for delivery, as well as it's bad for passengers,&quot; said Keary.</p>
<p>&quot;I am going to express concern to the government of the damage it does to both the industry and the economy, they (the government) should be aware of the fact that this is very damaging,&quot; he said.</p>
</text>
<copyright>(c) Reuters Limited 1997</copyright>
<metadata>
<codes class="bip:countries:1.0">
  <code code="GFR">
    <editdetail attribution="Reuters BIP Coding Group" action="confirmed" date="1997-08-04"/>
  </code>
  <code code="KENYA">
    <editdetail attribution="Reuters BIP Coding Group" action="confirmed" date="1997-08-04"/>
  </code>
</codes>
<codes class="bip:industries:1.0">
  <code code="I75000">
    <editdetail attribution="Reuters BIP Coding Group" action="confirmed" date="1997-08-04"/>
  </code>
  <code code="I77002">
    <editdetail attribution="Reuters BIP Coding Group" action="confirmed" date="1997-08-04"/>
  </code>
</codes>
<codes class="bip:topics:1.0">
  <code code="C21">
    <editdetail attribution="Reuters BIP Coding Group" action="confirmed" date="1997-08-04"/>
  </code>
  <code code="C42">
    <editdetail attribution="Reuters BIP Coding Group" action="confirmed" date="1997-08-04"/>
  </code>
  <code code="CCAT">
    <editdetail attribution="Reuters BIP Coding Group" action="confirmed" date="1997-08-04"/>
  </code>
  <code code="E41">
    <editdetail attribution="Reuters BIP Coding Group" action="confirmed" date="1997-08-04"/>
  </code>
  <code code="ECAT">
    <editdetail attribution="Reuters BIP Coding Group" action="confirmed" date="1997-08-04"/>
  </code>
  <code code="GCAT">
    <editdetail attribution="Reuters BIP Coding Group" action="confirmed" date="1997-08-04"/>
  </code>
  <code code="GJOB">
    <editdetail attribution="Reuters BIP Coding Group" action="confirmed" date="1997-08-04"/>
  </code>
</codes>
<dc element="dc.date.created" value="1997-08-04"/>
<dc element="dc.publisher" value="Reuters Holdings Plc"/>
<dc element="dc.date.published" value="1997-08-04"/>
<dc element="dc.source" value="Reuters"/>
<dc element="dc.creator.location" value="NAIROBI"/>
<dc element="dc.creator.location.country.name" value="KENYA"/>
<dc element="dc.source" value="Reuters"/>
</metadata>
</newsitem>
