<?xml version="1.0" encoding="iso-8859-1" ?>
<newsitem itemid="775183" id="root" date="1997-08-04" xml:lang="en">
<title>POLAND: Best board replaces management.</title>
<headline>Best board replaces management.</headline>
<dateline>WARSAW 1997-08-04</dateline>
<text>
<p>The supervisory board of the Polish trader Best sacked the management of the firm, quoting delays in the implementation of Best's development plan, and appointed a new management, the firm said in a statement.</p>
<p>It said it fired president Wojciech Zurawik and deputy president Wojciech Krainski, replacing them with Krzysztof Banaszak and Piotr Kaczynski respectively, it said.</p>
<p>Banaszak had previously worked as the director of the board in the Gdynia shipyard while Kaczynski had been one of the directors of Bank Gdanski.</p>
<p>-- Warsaw Newsroom +48 22 653 9700</p>
</text>
<copyright>(c) Reuters Limited 1997</copyright>
<metadata>
<codes class="bip:countries:1.0">
  <code code="POL">
    <editdetail attribution="Reuters BIP Coding Group" action="confirmed" date="1997-08-04"/>
  </code>
</codes>
<codes class="bip:industries:1.0">
  <code code="I64800">
    <editdetail attribution="Reuters BIP Coding Group" action="confirmed" date="1997-08-04"/>
  </code>
  <code code="I81402">
    <editdetail attribution="Reuters BIP Coding Group" action="confirmed" date="1997-08-04"/>
  </code>
</codes>
<codes class="bip:topics:1.0">
  <code code="C41">
    <editdetail attribution="Reuters BIP Coding Group" action="confirmed" date="1997-08-04"/>
  </code>
  <code code="C411">
    <editdetail attribution="Reuters BIP Coding Group" action="confirmed" date="1997-08-04"/>
  </code>
  <code code="CCAT">
    <editdetail attribution="Reuters BIP Coding Group" action="confirmed" date="1997-08-04"/>
  </code>
</codes>
<dc element="dc.date.created" value="1997-08-04"/>
<dc element="dc.publisher" value="Reuters Holdings Plc"/>
<dc element="dc.date.published" value="1997-08-04"/>
<dc element="dc.source" value="Reuters"/>
<dc element="dc.creator.location" value="WARSAW"/>
<dc element="dc.creator.location.country.name" value="POLAND"/>
<dc element="dc.source" value="Reuters"/>
</metadata>
</newsitem>
