<?xml version="1.0" encoding="iso-8859-1" ?>
<newsitem itemid="775180" id="root" date="1997-08-04" xml:lang="en">
<title>BOSNIA: U.S. soldier dies of gunshot wound in Bosnia.</title>
<headline>U.S. soldier dies of gunshot wound in Bosnia.</headline>
<dateline>SARAJEVO 1997-08-04</dateline>
<text>
<p>An American soldier serving with the NATO-led peacekeeping force in Bosnia died on Monday of a gunshot wound to the head, spokesman Cory Check told Reuters.</p>
<p>&quot;The death is being treated as an isolated incident and is not related to any former warring faction,&quot; Check said.</p>
<p>The soldier was pronounced dead in a military hospital near the U.S. base in Tuzla, northeast Bosnia, at 3.10 p.m. (1310 GMT).</p>
<p>No other details were about him were available but Check said the soldier's weapon was found with his body.</p>
<p>Around 8,500 American soldiers are serving in the multinational force which first deployed in December 1995 to police the Dayton peace agreement that ended four years of war in former Yugoslavia.</p>
<p>Ten U.S. soldiers have died, all of them through accidents, natural causes or suicide.</p>
</text>
<copyright>(c) Reuters Limited 1997</copyright>
<metadata>
<codes class="bip:countries:1.0">
  <code code="BSHZG">
    <editdetail attribution="Reuters BIP Coding Group" action="confirmed" date="1997-08-04"/>
  </code>
  <code code="NATO">
    <editdetail attribution="Reuters BIP Coding Group" action="confirmed" date="1997-08-04"/>
  </code>
  <code code="USA">
    <editdetail attribution="Reuters BIP Coding Group" action="confirmed" date="1997-08-04"/>
  </code>
</codes>
<codes class="bip:topics:1.0">
  <code code="GCAT">
    <editdetail attribution="Reuters BIP Coding Group" action="confirmed" date="1997-08-04"/>
  </code>
  <code code="GVIO">
    <editdetail attribution="Reuters BIP Coding Group" action="confirmed" date="1997-08-04"/>
  </code>
</codes>
<dc element="dc.date.created" value="1997-08-04"/>
<dc element="dc.publisher" value="Reuters Holdings Plc"/>
<dc element="dc.date.published" value="1997-08-04"/>
<dc element="dc.source" value="Reuters"/>
<dc element="dc.creator.location" value="SARAJEVO"/>
<dc element="dc.creator.location.country.name" value="BOSNIA"/>
<dc element="dc.source" value="Reuters"/>
</metadata>
</newsitem>
