<?xml version="1.0" encoding="iso-8859-1" ?>
<newsitem itemid="775145" id="root" date="1997-08-04" xml:lang="en">
<title>SOUTH AFRICA: Foreigners net buyers of S.Africa bonds last week.</title>
<headline>Foreigners net buyers of S.Africa bonds last week.</headline>
<dateline>JOHANNESBURG 1997-08-04</dateline>
<text>
<p>Foreigners were net buyers of South African bonds last week, latest Bond Exchange of South Africa figures show.</p>
<p>Non-resident transactions (million rand):</p>
<p>				     Week to Aug 1   Year to date</p>
<p>    - purchases		  13,761.20	   244,807.43</p>
<p>    - sales			13,127.57	   229,331.31</p>
<p>    - net purchases (sales)     633.63	    15,476.12</p>
<p>-- Johannesburg newsroom +27 11 482 1003</p>
</text>
<copyright>(c) Reuters Limited 1997</copyright>
<metadata>
<codes class="bip:countries:1.0">
  <code code="SAFR">
    <editdetail attribution="Reuters BIP Coding Group" action="confirmed" date="1997-08-04"/>
  </code>
</codes>
<codes class="bip:topics:1.0">
  <code code="M12">
    <editdetail attribution="Reuters BIP Coding Group" action="confirmed" date="1997-08-04"/>
  </code>
  <code code="MCAT">
    <editdetail attribution="Reuters BIP Coding Group" action="confirmed" date="1997-08-04"/>
  </code>
</codes>
<dc element="dc.date.created" value="1997-08-04"/>
<dc element="dc.publisher" value="Reuters Holdings Plc"/>
<dc element="dc.date.published" value="1997-08-04"/>
<dc element="dc.source" value="Reuters"/>
<dc element="dc.creator.location" value="JOHANNESBURG"/>
<dc element="dc.creator.location.country.name" value="SOUTH AFRICA"/>
<dc element="dc.source" value="Reuters"/>
</metadata>
</newsitem>
