<?xml version="1.0" encoding="iso-8859-1" ?>
<newsitem itemid="775193" id="root" date="1997-08-04" xml:lang="en">
<title>POLAND: Stomil turns to PLN 2.9 mln loss in Q2.</title>
<headline>Stomil turns to PLN 2.9 mln loss in Q2.</headline>
<dateline>WARSAW 1997-08-04</dateline>
<text>
<p>Stomil Olsztyn SA preliminary results for the second quarter of the year ending June 30, 1997.</p>
<p>(Figures in millions of zlotys unless stated)</p>
<p>						Q2 1997	Q2 1996</p>
<p>    operating loss			   1.37 vs     8.96 profit</p>
<p>    pre-tax loss			     6.59 vs    10.91 profit</p>
<p>    net loss				   2.86 vs     8.91 profit</p>
<p>NOTE - full company name is: Stomil Olsztyn SA.</p>
<p>    net sales				181.13 vs   168.65</p>
<p>    costs of sales			 129.71 vs   126.24</p>
<p>    extraordinary profit		   0.00 vs     0.00</p>
<p>    income tax				 3.70 vs     2.00</p>
<p>    other taxes				0.00 vs     0.00</p>
<p>    financial revenues		     1.68 vs    58.07</p>
<p>    financial costs			  6.90 vs    56.12</p>
<p>    investment				38.07 vs    17.52</p>
<p>						H1 1997	H1 1996</p>
<p>    operating profit			20.63 vs    31.07</p>
<p>    pre-tax profit			  13.40 vs    36.26</p>
<p>    net profit				12.34 vs    23.63</p>
<p>    net sales				342.36 vs   314.72</p>
<p>    costs of sales			 250.48 vs   231.01</p>
<p>    extraordinary profit		   0.00 vs     0.00</p>
<p>    income tax				 1.06 vs    12.63</p>
<p>    other taxes				0.00 vs     0.00</p>
<p>    financial revenues		     2.98 vs    82.98</p>
<p>    financial costs			 10.22 vs    77.78</p>
<p>    investment				99.18 vs    34.70</p>
<p>-- Warsaw Newsroom +48 22 653 9700</p>
</text>
<copyright>(c) Reuters Limited 1997</copyright>
<metadata>
<codes class="bip:countries:1.0">
  <code code="POL">
    <editdetail attribution="Reuters BIP Coding Group" action="confirmed" date="1997-08-04"/>
  </code>
</codes>
<codes class="bip:industries:1.0">
  <code code="I48110">
    <editdetail attribution="Reuters BIP Coding Group" action="confirmed" date="1997-08-04"/>
  </code>
</codes>
<codes class="bip:topics:1.0">
  <code code="C15">
    <editdetail attribution="Reuters BIP Coding Group" action="confirmed" date="1997-08-04"/>
  </code>
  <code code="C151">
    <editdetail attribution="Reuters BIP Coding Group" action="confirmed" date="1997-08-04"/>
  </code>
  <code code="CCAT">
    <editdetail attribution="Reuters BIP Coding Group" action="confirmed" date="1997-08-04"/>
  </code>
</codes>
<dc element="dc.date.created" value="1997-08-04"/>
<dc element="dc.publisher" value="Reuters Holdings Plc"/>
<dc element="dc.date.published" value="1997-08-04"/>
<dc element="dc.source" value="Reuters"/>
<dc element="dc.creator.location" value="WARSAW"/>
<dc element="dc.creator.location.country.name" value="POLAND"/>
<dc element="dc.source" value="Reuters"/>
</metadata>
</newsitem>
