<?xml version="1.0" encoding="iso-8859-1" ?>
<newsitem itemid="775109" id="root" date="1997-08-04" xml:lang="en">
<title>KENYA: Kenya airport strike may cost 'millions'- Lufthansa.</title>
<headline>Kenya airport strike may cost 'millions'- Lufthansa.</headline>
<byline>Maja Wallengren</byline>
<dateline>NAIROBI 1997-08-04</dateline>
<text>
<p>Lufthansa Cargo on Monday said a strike currently crippling all Kenya's airports could cost the air cargo industry here &quot;millions of dollars&quot; if it continued must longer.</p>
<p>At the same time air traffic controllers at the international airport in Nairobi said they planned to increase delays on flights from Tuesday and were determined to continue until the government met their demands.</p>
<p>&quot;So far we have not heard anything from the government and we are in fact trying to increase flight delays,&quot; said one air traffic controller, who wished to remain anonymous, told Reuters. &quot;Right now we are delaying flights by at least an hour, but we are planning to double the delay.&quot;</p>
<p>The strike, which began at midnight on Friday in both Nairobi's Jomo Kenyatta International Airport and Moi International Airport in Mombasa, the country's second city and centre of Kenya's tourist industry, continued throughout Monday with demands for better pay and working conditions.</p>
<p>&quot;This time we are determined to continue the strike until we get what we want,&quot; the controller said.</p>
<p>Lufthansa Cargo and freight forwarders earlier on Monday called for urgent action from the government to find a solution on the strike which continued to cause major delays to air cargo and passenger traffic.</p>
<p>&quot;I think this is disastrous,&quot;  David Keary, general manager for Lufthansa Cargo in East and Central Africa told Reuters.</p>
<p>&quot;An airline industry is very sensitive to such things. It's not just this one flight here which is delayed, it's flights in the whole system which get delayed and if this goes on much longer...it could cost millions (of dollars).&quot;</p>
<p>He said since the perishable goods industry accounted for some 90 percent of all Kenya's air freight, the loss of customers due to unreliable delivery could be a severe blow to air cargo as well as the horticulture industry.</p>
<p>&quot;The air cargo here is mostly based on perishable goods and if you took it away it would be the death of the air cargo industry,&quot; Keary said.</p>
<p>&quot;If this continues much longer we will have to look around for other places to fill up our freighters, we can't sit around and wait for the Kenyan government to sort out their problems with the air traffic controllers.&quot;</p>
<p>Lufthansa Cargo said the majority of all their weekend Frankfurt-bound perishable cargo had been delayed more than 24 hours by the strike.</p>
<p>Airlink, an 85 percent-owned subsidiary of Swiss freight forwarders Kuehne &amp; Nagel, said late Monday it was close to writing-off five tonnes of fresh cut flowers, which have awaited flight connection to Johannesburg since Saturday.</p>
<p>Airlink was scheduled to fly that particular flower load to Johannesburg Saturday morning, but due to the go-slow the flight was cancelled and by Monday evening the cargo had still not left Nairobi.</p>
<p>&quot;This is a major problem. All of it is perishable cargo which was going to Johannesburg with a lot of it bound for connecting flights to Taipei and Australia,&quot; an Airlink spokesman said.</p>
<p>&quot;It's very bad for the flowers, we have more or the less lost it,&quot; he said.</p>
<p>-- Reuters Air Cargo Service Tel+ 44 171 542 7706</p>
<p>Fax   +5017</p>
<p>-- www.racs.com</p>
</text>
<copyright>(c) Reuters Limited 1997</copyright>
<metadata>
<codes class="bip:countries:1.0">
  <code code="KENYA">
    <editdetail attribution="Reuters BIP Coding Group" action="confirmed" date="1997-08-04"/>
  </code>
</codes>
<codes class="bip:industries:1.0">
  <code code="I75000">
    <editdetail attribution="Reuters BIP Coding Group" action="confirmed" date="1997-08-04"/>
  </code>
  <code code="I76400">
    <editdetail attribution="Reuters BIP Coding Group" action="confirmed" date="1997-08-04"/>
  </code>
  <code code="I77002">
    <editdetail attribution="Reuters BIP Coding Group" action="confirmed" date="1997-08-04"/>
  </code>
</codes>
<codes class="bip:topics:1.0">
  <code code="C21">
    <editdetail attribution="Reuters BIP Coding Group" action="confirmed" date="1997-08-04"/>
  </code>
  <code code="C42">
    <editdetail attribution="Reuters BIP Coding Group" action="confirmed" date="1997-08-04"/>
  </code>
  <code code="CCAT">
    <editdetail attribution="Reuters BIP Coding Group" action="confirmed" date="1997-08-04"/>
  </code>
  <code code="E41">
    <editdetail attribution="Reuters BIP Coding Group" action="confirmed" date="1997-08-04"/>
  </code>
  <code code="ECAT">
    <editdetail attribution="Reuters BIP Coding Group" action="confirmed" date="1997-08-04"/>
  </code>
  <code code="GCAT">
    <editdetail attribution="Reuters BIP Coding Group" action="confirmed" date="1997-08-04"/>
  </code>
  <code code="GJOB">
    <editdetail attribution="Reuters BIP Coding Group" action="confirmed" date="1997-08-04"/>
  </code>
</codes>
<dc element="dc.date.created" value="1997-08-04"/>
<dc element="dc.publisher" value="Reuters Holdings Plc"/>
<dc element="dc.date.published" value="1997-08-04"/>
<dc element="dc.source" value="Reuters"/>
<dc element="dc.creator.location" value="NAIROBI"/>
<dc element="dc.creator.location.country.name" value="KENYA"/>
<dc element="dc.source" value="Reuters"/>
</metadata>
</newsitem>
