<?xml version="1.0" encoding="iso-8859-1" ?>
<newsitem itemid="775188" id="root" date="1997-08-04" xml:lang="en">
<title>POLAND: Rolimpex Q2 net falls to PLN 0.7 mln.</title>
<headline>Rolimpex Q2 net falls to PLN 0.7 mln.</headline>
<dateline>WARSAW 1997-08-04</dateline>
<text>
<p>Rolimpex preliminary results for the second quarter of the year ending June 30, 1997.</p>
<p>(Figures in millions of zlotys unless stated)</p>
<p>						Q2 1997	Q2 1996</p>
<p>    operating profit			 6.86 vs     17.07</p>
<p>    pre-tax profit			   3.35 vs	6.93</p>
<p>    net profit				 0.67 vs	3.50</p>
<p>NOTE - full company name is: Rolimpex SA.</p>
<p>    net sales				315.05 vs    331.84</p>
<p>    costs of sales			 279.32 vs    278.81</p>
<p>    extraordinary profit		   0.00 vs	0.01 loss</p>
<p>    income tax				 2.69 vs	3.43</p>
<p>    other taxes				0.00 vs	0.00</p>
<p>    financial revenues		    32.18 vs	7.17</p>
<p>    financial costs			 35.69 vs     17.31</p>
<p>    investment				 2.36 vs	5.03</p>
<p>						H1 1997	H1 1996</p>
<p>    operating profit			31.59 vs     41.12</p>
<p>    pre-tax profit			   9.56 vs     21.83</p>
<p>    net profit				 5.27 vs     12.96</p>
<p>    net sales				718.76 vs    635.57</p>
<p>    costs of sales			 622.15 vs    531.55</p>
<p>    extraordinary profit		   0.00 vs	0.01 loss</p>
<p>    income tax				 4.29 vs	8.88</p>
<p>    other taxes				0.00 vs	0.00</p>
<p>    financial revenues		    37.38 vs	8.68</p>
<p>    financial costs			 59.42 vs     27.96</p>
<p>    investment				14.84 vs     12.03</p>
<p>-- Warsaw Newsroom +48 22 653 9700</p>
</text>
<copyright>(c) Reuters Limited 1997</copyright>
<metadata>
<codes class="bip:countries:1.0">
  <code code="POL">
    <editdetail attribution="Reuters BIP Coding Group" action="confirmed" date="1997-08-04"/>
  </code>
</codes>
<codes class="bip:industries:1.0">
  <code code="I61000">
    <editdetail attribution="Reuters BIP Coding Group" action="confirmed" date="1997-08-04"/>
  </code>
</codes>
<codes class="bip:topics:1.0">
  <code code="C15">
    <editdetail attribution="Reuters BIP Coding Group" action="confirmed" date="1997-08-04"/>
  </code>
  <code code="C151">
    <editdetail attribution="Reuters BIP Coding Group" action="confirmed" date="1997-08-04"/>
  </code>
  <code code="CCAT">
    <editdetail attribution="Reuters BIP Coding Group" action="confirmed" date="1997-08-04"/>
  </code>
</codes>
<dc element="dc.date.created" value="1997-08-04"/>
<dc element="dc.publisher" value="Reuters Holdings Plc"/>
<dc element="dc.date.published" value="1997-08-04"/>
<dc element="dc.source" value="Reuters"/>
<dc element="dc.creator.location" value="WARSAW"/>
<dc element="dc.creator.location.country.name" value="POLAND"/>
<dc element="dc.source" value="Reuters"/>
</metadata>
</newsitem>
