<?xml version="1.0" encoding="iso-8859-1" ?>
<newsitem itemid="775189" id="root" date="1997-08-04" xml:lang="en">
<title>YUGOSLAVIA: Three wounded in Kosovo attack on Serbian police.</title>
<headline>Three wounded in Kosovo attack on Serbian police.</headline>
<dateline>BELGRADE 1997-08-04</dateline>
<text>
<p>Two policemen were seriously wounded in Serbia's troubled province of Kosovo when their vehicle was attacked on Monday, the Yugoslav news agency Tanjug reported.</p>
<p>It said the policemen came under automatic weapons fire on a road in the Srbica area of Kosovo. A passenger in the vehicle was slightly wounded.</p>
<p>The agency said two &quot;terrorist attacks&quot; on police had occurred in the province over the last two days. In the other attack, a police vehicle was shot at and damaged on a road near the village of Bradas.</p>
<p>The attacks coincide with court proceedings against 21 ethnic Albanians last week. They are charged with belonging to a &quot;hostile terrorist association&quot;.</p>
<p>No trial date has been set.</p>
<p>The group was charged with a number of premeditated murders and attempted murders in several dozen attacks on policemen, police stations, refugee buildings and other locations.</p>
<p>Kosovo, where ethnic Albanians outnumber Serbs nine to one, is widely regarded as a political powder keg which, if ignited, could wreck international peace efforts in the Balkans.</p>
<p>Some 30 people, both Serbs and Albanians, have been killed over the past year in guerrilla violence.</p>
<p>Serbian police cracked down in the province in January, arresting some 70 people in a sweep after the guerrilla wave.</p>
<p>The United States has made an improvement in Serbia's treatment of Kosovo one of its conditions for lifting remaining sanctions in force against federal Yugoslavia, made up of Serbia and the tiny republic of Montenegro.</p>
<p>Serbia revoked Kosovo's autonomy in 1989, claiming its Albanian population wanted to secede and join neighbouring Albania. Albanians have boycotted Serbian institutions since then but they have been warned by the United States that secession is not an option.</p>
</text>
<copyright>(c) Reuters Limited 1997</copyright>
<metadata>
<codes class="bip:countries:1.0">
  <code code="YUG">
    <editdetail attribution="Reuters BIP Coding Group" action="confirmed" date="1997-08-04"/>
  </code>
</codes>
<codes class="bip:topics:1.0">
  <code code="GCAT">
    <editdetail attribution="Reuters BIP Coding Group" action="confirmed" date="1997-08-04"/>
  </code>
  <code code="GCRIM">
    <editdetail attribution="Reuters BIP Coding Group" action="confirmed" date="1997-08-04"/>
  </code>
</codes>
<dc element="dc.date.created" value="1997-08-04"/>
<dc element="dc.publisher" value="Reuters Holdings Plc"/>
<dc element="dc.date.published" value="1997-08-04"/>
<dc element="dc.source" value="Reuters"/>
<dc element="dc.creator.location" value="BELGRADE"/>
<dc element="dc.creator.location.country.name" value="YUGOSLAVIA"/>
<dc element="dc.source" value="Reuters"/>
</metadata>
</newsitem>
