<?xml version="1.0" encoding="iso-8859-1" ?>
<newsitem itemid="775125" id="root" date="1997-08-04" xml:lang="en">
<title>SOUTH AFRICA: CNA leaps after Wooltru buy.</title>
<headline>CNA leaps after Wooltru buy.</headline>
<dateline>JOHANNESBURG 1997-08-04</dateline>
<text>
<p>Shares in South African stationary to music firm CNA Gallo leapt in late trading on Monday on better growth prospects following the firm's purchase late last week by clothing retailer Wooltru Ltd, dealers said.</p>
<p>CNA added over nine percent or 45 cents to a new 1997 high of 520 in brisk volume of almost 500,000 shares in an otherwise quiet market.  </p>
<p>&quot;(The rise) seems to be on the Wooltru buy,&quot; a stock market dealer said.</p>
<p>&quot;The market seems to be looking at CNA favourably as they are keeping their profitable entertainment unit and getting rid of the slower, more pedestrian retail side,&quot; he said.</p>
<p>CNA-Gallo said last Thursday it had reached agreement in principle to dispose of all its interests in Central News Agency Ltd and Constantia Greetings (Pty) Ltd to Wooltru.</p>
<p>Earnings from CNA's entertainment Gallo division had recently overtaken those from the retail side. Major shareholder, The Premier Group Ltd said in June that it was considering unbundling the unit and splitting it.</p>
<p>A spokeswoman for CNA said that the firm was still trading under a cautionary announcement warning shareholders it was in talks that may effect its share price and that it would be renewed on Friday.</p>
<p>A further announcement about the Wooltru buy is expected to be made around August 29.</p>
<p>-- Johannesburg newsroom 27 11 482 1003</p>
</text>
<copyright>(c) Reuters Limited 1997</copyright>
<metadata>
<codes class="bip:countries:1.0">
  <code code="SAFR">
    <editdetail attribution="Reuters BIP Coding Group" action="confirmed" date="1997-08-04"/>
  </code>
</codes>
<codes class="bip:industries:1.0">
  <code code="I41000">
    <editdetail attribution="Reuters BIP Coding Group" action="confirmed" date="1997-08-04"/>
  </code>
  <code code="I65600">
    <editdetail attribution="Reuters BIP Coding Group" action="confirmed" date="1997-08-04"/>
  </code>
  <code code="I83960">
    <editdetail attribution="Reuters BIP Coding Group" action="confirmed" date="1997-08-04"/>
  </code>
</codes>
<codes class="bip:topics:1.0">
  <code code="C15">
    <editdetail attribution="Reuters BIP Coding Group" action="confirmed" date="1997-08-04"/>
  </code>
  <code code="C152">
    <editdetail attribution="Reuters BIP Coding Group" action="confirmed" date="1997-08-04"/>
  </code>
  <code code="CCAT">
    <editdetail attribution="Reuters BIP Coding Group" action="confirmed" date="1997-08-04"/>
  </code>
</codes>
<dc element="dc.date.created" value="1997-08-04"/>
<dc element="dc.publisher" value="Reuters Holdings Plc"/>
<dc element="dc.date.published" value="1997-08-04"/>
<dc element="dc.source" value="Reuters"/>
<dc element="dc.creator.location" value="JOHANNESBURG"/>
<dc element="dc.creator.location.country.name" value="SOUTH AFRICA"/>
<dc element="dc.source" value="Reuters"/>
</metadata>
</newsitem>
