<?xml version="1.0" encoding="iso-8859-1" ?>
<newsitem itemid="775272" id="root" date="1997-08-04" xml:lang="en">
<title>UKRAINE: Traders see slight drop in Ukraine T-bill yields.</title>
<headline>Traders see slight drop in Ukraine T-bill yields.</headline>
<dateline>KIEV 1997-08-04</dateline>
<text>
<p>A slow decline in Ukraine Treasury bills, hovering between 20 and 30 percent for six- to 18-month paper, has been part of a government attempt to make its first foreign bonds more attractive, traders said on Monday.</p>
<p>First Ukrainian International Bank's Serhiy Monokha said the Finance Ministry and central bank were reducing T-bill yields to switch interest to foreign bonds, which Ukraine has said it will launch in September.</p>
<p>&quot;Yields on Eurobonds would not be very big and T-bills with high yields would be better,&quot; Monokha said.</p>
<p>&quot;If they decrease yields, it would make the Eurobond more interesting to foreigners.&quot;</p>
<p>Ukraine has announced the debut launch of dollar-denominated Eurobonds in September or October, to be preceded by a Samurai bond on Japanese markets.</p>
<p>Monokha said the ministry had also lowered issue volumes for Tuesday auctions. A central bank statement put six-month volumes at 12.6 million hryvnias, nine-month volumes at 11 million hryvnias, 12-month volumes at 22.6 million hryvnias, and 18-month volumes at 6.8 million hryvnias.</p>
<p>&quot;There will be a decrease in yields, as usual,&quot; Monokha said.</p>
<p>&quot;I don't know why there are such small volumes for 18-month bills,&quot; he added.</p>
<p>Six-month bills eased to 20.03 from 20.05 percent, nine-month bills slipped to 26.61 from 26.98 percent, 12-month bills to 26.61 from 26.98 percent and 18-month bills to 31.97 from 32.17 percent at auctions last week.</p>
<p>Alfa Capital analyst Erik Naiman predicted a further increase in demand for Ukrainian T-bills, especially from foreign buyers diverted by falling yields in neighbouring Russia.</p>
<p>&quot;Yields on Russian GKOs have dropped so much in the last few months that they have significantly distanced themselves from yields on Ukrainian OVDPs,&quot; he said in a statement.</p>
<p>Naiman also forecast that yields in Ukrainian paper would continue to fall in the near future.</p>
<p>--Irene Marushko, Kiev Newsroom +380 44 244-9150</p>
</text>
<copyright>(c) Reuters Limited 1997</copyright>
<metadata>
<codes class="bip:countries:1.0">
  <code code="UKRN">
    <editdetail attribution="Reuters BIP Coding Group" action="confirmed" date="1997-08-04"/>
  </code>
</codes>
<codes class="bip:topics:1.0">
  <code code="M13">
    <editdetail attribution="Reuters BIP Coding Group" action="confirmed" date="1997-08-04"/>
  </code>
  <code code="M131">
    <editdetail attribution="Reuters BIP Coding Group" action="confirmed" date="1997-08-04"/>
  </code>
  <code code="MCAT">
    <editdetail attribution="Reuters BIP Coding Group" action="confirmed" date="1997-08-04"/>
  </code>
</codes>
<dc element="dc.date.created" value="1997-08-04"/>
<dc element="dc.publisher" value="Reuters Holdings Plc"/>
<dc element="dc.date.published" value="1997-08-04"/>
<dc element="dc.source" value="Reuters"/>
<dc element="dc.creator.location" value="KIEV"/>
<dc element="dc.creator.location.country.name" value="UKRAINE"/>
<dc element="dc.source" value="Reuters"/>
</metadata>
</newsitem>
