<?xml version="1.0" encoding="iso-8859-1" ?>
<newsitem itemid="593702" id="root" date="1997-05-19" xml:lang="en">
<title>USA: Sun encryption plan may shake U.S. debate.</title>
<headline>Sun encryption plan may shake U.S. debate.</headline>
<byline>Aaron Pressman</byline>
<dateline>WASHINGTON 1997-05-19</dateline>
<text>
<p>Sun Microsystem Inc's decision to use powerful computer encoding software made in Russia put added pressure on the Clinton administration on Monday to relax strict U.S. export controls on similiar products made by American companies.</p>
<p>Encryption products, which scramble information and render it unreadable without a password or software &quot;key,&quot; have become a critical component of global communications and online commerce over the Internet.  </p>
<p>But encryption's power to prevent hackers from snooping on telephone calls and credit card numbers sent over the Internet can also be employed by drug cartels or terrorists to thwart law enforcement survellience.</p>
<p>Clinton administration officials oppose allowing exports of powerful U.S. encryption programs unless the software is designed to allow the government to crack the codes by gaining access to the software keys.</p>
<p>Federal Bureau of Investigation Director Louis Freeh and others have said repeatedly that the encryption &quot;genie&quot; is not yet &quot;out of the bottle.&quot;  </p>
<p>&quot;It's an arguably legal way around what is clearly a ludicrous export control policy of the administration that is creating jobs in Russia,&quot; Rep. Bob Goodlatte said in a telephone interview.</p>
<p>Goodlatte, Republican of Virginia, introduced one of several measures being considered by Congress to relax the export controls. The bill was passed by the House Judiciary Committee last week and is awaiting action by the International Relations Committee.</p>
<p>If U.S. export restrictions stay in place, industry officials warned, other companies will go the same route.</p>
<p>&quot;A lot of U.S. companies have been contemplating this,&quot; said Jon Englund, vice president at the Information Technology Association of America. &quot;Sun's move is the first example of a trend that will continue. We'll see more and more of that.&quot;</p>
<p>Administration officials had no comment on the Sun announcement.</p>
<p>((202-898-8312))</p>
</text>
<copyright>(c) Reuters Limited 1997</copyright>
<metadata>
<codes class="bip:countries:1.0">
  <code code="RUSS">
    <editdetail attribution="Reuters BIP Coding Group" action="confirmed" date="1997-05-19"/>
  </code>
  <code code="USA">
    <editdetail attribution="Reuters BIP Coding Group" action="confirmed" date="1997-05-19"/>
  </code>
</codes>
<codes class="bip:industries:1.0">
  <code code="I33020">
    <editdetail attribution="Reuters BIP Coding Group" action="confirmed" date="1997-05-19"/>
  </code>
  <code code="I3302003">
    <editdetail attribution="Reuters BIP Coding Group" action="confirmed" date="1997-05-19"/>
  </code>
</codes>
<codes class="bip:topics:1.0">
  <code code="C13">
    <editdetail attribution="Reuters BIP Coding Group" action="confirmed" date="1997-05-19"/>
  </code>
  <code code="C31">
    <editdetail attribution="Reuters BIP Coding Group" action="confirmed" date="1997-05-19"/>
  </code>
  <code code="C312">
    <editdetail attribution="Reuters BIP Coding Group" action="confirmed" date="1997-05-19"/>
  </code>
  <code code="CCAT">
    <editdetail attribution="Reuters BIP Coding Group" action="confirmed" date="1997-05-19"/>
  </code>
</codes>
<dc element="dc.date.created" value="1997-05-19"/>
<dc element="dc.publisher" value="Reuters Holdings Plc"/>
<dc element="dc.date.published" value="1997-05-19"/>
<dc element="dc.source" value="Reuters"/>
<dc element="dc.creator.location" value="WASHINGTON"/>
<dc element="dc.creator.location.country.name" value="USA"/>
<dc element="dc.source" value="Reuters"/>
</metadata>
</newsitem>
