<?xml version="1.0" encoding="iso-8859-1" ?>
<newsitem itemid="593708" id="root" date="1997-05-19" xml:lang="en">
<title>USA: Boeing awarded NASA contract.</title>
<headline>Boeing awarded NASA contract.</headline>
<dateline>SEAL BEACH, Calif. 1997-05-19</dateline>
<text>
<p>The Boeing Co said Monday it has been awarded a contract to study the consolidation of NASA's space operations elements.</p>
<p>Boeing said in a statement NASA awarded $4 million Phase I study contracts to Boeing and Lockheed Martin Corp, and intends to use the study results to implement agency-wide space operations efficiency measures. The winning Phase II contractor will be a key participant in the implementation.</p>
<p>NASA has said that the contract could potentially be worth $4 billion to $6 billion over the next 10 years.</p>
<p>The Phase I consolidated space operations contract will develop an integrated operations architecture that will explore the feasibility of shifting responsibility for various NASA space operations to one contractor in order to save money and free up funding for other NASA projects.</p>
</text>
<copyright>(c) Reuters Limited 1997</copyright>
<metadata>
<codes class="bip:countries:1.0">
  <code code="USA">
    <editdetail attribution="Reuters BIP Coding Group" action="confirmed" date="1997-05-19"/>
  </code>
</codes>
<codes class="bip:industries:1.0">
  <code code="I36400">
    <editdetail attribution="Reuters BIP Coding Group" action="confirmed" date="1997-05-19"/>
  </code>
  <code code="I3640010">
    <editdetail attribution="Reuters BIP Coding Group" action="confirmed" date="1997-05-19"/>
  </code>
</codes>
<codes class="bip:topics:1.0">
  <code code="C33">
    <editdetail attribution="Reuters BIP Coding Group" action="confirmed" date="1997-05-19"/>
  </code>
  <code code="CCAT">
    <editdetail attribution="Reuters BIP Coding Group" action="confirmed" date="1997-05-19"/>
  </code>
</codes>
<dc element="dc.date.created" value="1997-05-19"/>
<dc element="dc.publisher" value="Reuters Holdings Plc"/>
<dc element="dc.date.published" value="1997-05-19"/>
<dc element="dc.source" value="Reuters"/>
<dc element="dc.creator.location" value="SEAL BEACH, Calif."/>
<dc element="dc.creator.location.country.name" value="USA"/>
<dc element="dc.source" value="Reuters"/>
</metadata>
</newsitem>
