<?xml version="1.0" encoding="iso-8859-1" ?>
<newsitem itemid="593742" id="root" date="1997-05-19" xml:lang="en">
<title>USA: Beckley to merge with Horizon.</title>
<headline>Beckley to merge with Horizon.</headline>
<dateline>BECKLEY, W.Va. 1997-05-19</dateline>
<text>
<p>Horizon Bancorp Inc said Monday it has signed a non-binding letter of intent to acquire Beckley Bancorp Inc for $25.64, per share, cash. The total value of the transaction is about $16.9 million.</p>
<p>The merger said the bank will be accounted for as a purchase transaction.</p>
<p>The transaction, said the bank, is subject to approval by the appropriate regulatory authorities and the stockholders of Horizon and Beckley. The merger is expected to close, said the bank, during the third quarter of 1997.</p>
<p>Horizon operates five banks with 21 offices in West Virginia and at March 31, had consolidated assets of $942.8 million.</p>
<p>Beckley operates one bank with two offices located in Beckley, Raleigh County, West Virginia.</p>
<p>It reported total assets of $44.6 million on March 31.</p>
</text>
<copyright>(c) Reuters Limited 1997</copyright>
<metadata>
<codes class="bip:countries:1.0">
  <code code="USA">
    <editdetail attribution="Reuters BIP Coding Group" action="confirmed" date="1997-05-19"/>
  </code>
</codes>
<codes class="bip:industries:1.0">
  <code code="I81402">
    <editdetail attribution="Reuters BIP Coding Group" action="confirmed" date="1997-05-19"/>
  </code>
</codes>
<codes class="bip:topics:1.0">
  <code code="C18">
    <editdetail attribution="Reuters BIP Coding Group" action="confirmed" date="1997-05-19"/>
  </code>
  <code code="C181">
    <editdetail attribution="Reuters BIP Coding Group" action="confirmed" date="1997-05-19"/>
  </code>
  <code code="CCAT">
    <editdetail attribution="Reuters BIP Coding Group" action="confirmed" date="1997-05-19"/>
  </code>
</codes>
<dc element="dc.date.created" value="1997-05-19"/>
<dc element="dc.publisher" value="Reuters Holdings Plc"/>
<dc element="dc.date.published" value="1997-05-19"/>
<dc element="dc.source" value="Reuters"/>
<dc element="dc.creator.location" value="BECKLEY, W.Va."/>
<dc element="dc.creator.location.country.name" value="USA"/>
<dc element="dc.source" value="Reuters"/>
</metadata>
</newsitem>
