<?xml version="1.0" encoding="iso-8859-1" ?>
<newsitem itemid="593790" id="root" date="1997-05-19" xml:lang="en">
<title>USA: Bradies close mixed, awaiting Fed's decision.</title>
<headline>Bradies close mixed, awaiting Fed's decision.</headline>
<dateline>NEW YORK 1997-05-19</dateline>
<text>
<p>Emerging market debt prices traded narrowly mixed on Monday ahead of the Federal Reserve's key policy meeting Tuesday, Brady bond traders said.</p>
<p>Dealers reported minimal trading activity with opinions split over whether the Fed will raise U.S. rates. In a Reuters survey, a slight majority of U.S. primary dealers believed the Fed would keep key rates unchanged.</p>
<p>The Fed generally announces its decision around 1415 EDT/1815 GMT.</p>
<p>&quot;Nobody wants to do anything until tomorrow,&quot; one Brady bond trader said.  </p>
<p>Of the most liquid Brady instruments, the Argentine FRBs slipped 1/8 to 92-1/4, while Brazil &quot;C&quot; bonds were unchanged at 76 bid.</p>
<p>Venezuelan DCBs dipped 1/4 to 89-5/8, and FLIRBs lost 1/2 to 90-1/8, while Mexican discounts gained 1/4 to 91-1/4 bid.</p>
<p>&quot;This has probably been my lowest volume day in a year-and-a-half,&quot; one Brady bond trader said. &quot;Everybody set up their books ahead of time.&quot;</p>
<p>Joe Petry, chief economist Latin America at Citicorp Securities, said the market seemed to be fairly balanced in its Brady positions.</p>
<p>&quot;We're a little bit cautious going in,&quot; Petry said. &quot;I would say theres more downside than upside right now. The market probably hasn't fully hasn't discounted a move tomorrow.&quot;</p>
<p>-- G. Lerner, 212-859-1671</p>
</text>
<copyright>(c) Reuters Limited 1997</copyright>
<metadata>
<codes class="bip:countries:1.0">
  <code code="USA">
    <editdetail attribution="Reuters BIP Coding Group" action="confirmed" date="1997-05-19"/>
  </code>
</codes>
<codes class="bip:topics:1.0">
  <code code="M12">
    <editdetail attribution="Reuters BIP Coding Group" action="confirmed" date="1997-05-19"/>
  </code>
  <code code="MCAT">
    <editdetail attribution="Reuters BIP Coding Group" action="confirmed" date="1997-05-19"/>
  </code>
</codes>
<dc element="dc.date.created" value="1997-05-19"/>
<dc element="dc.publisher" value="Reuters Holdings Plc"/>
<dc element="dc.date.published" value="1997-05-19"/>
<dc element="dc.source" value="Reuters"/>
<dc element="dc.creator.location" value="NEW YORK"/>
<dc element="dc.creator.location.country.name" value="USA"/>
<dc element="dc.source" value="Reuters"/>
</metadata>
</newsitem>
