<?xml version="1.0" encoding="iso-8859-1" ?>
<newsitem itemid="593770" id="root" date="1997-05-19" xml:lang="en">
<title>USA: BP sells June Cusiana cargo to independent.</title>
<headline>BP sells June Cusiana cargo to independent.</headline>
<dateline>NEW YORK 1997-05-19</dateline>
<text>
<p>British Petroleum sold a cargo of light sweet Colombian Cusiana crude oil Monday for June 21-22 loading, according to market sources.</p>
<p>Accounts of who took the cargo were divided between two different U.S. independent refiners, and the price was pegged at a $1.22 or $1.23 a barrel discount to benchmark July West Texas Intermediate/Cushing on an fob basis, sources said.</p>
<p>Neither BP, nor either of the two potential buyers could be immediately reached to confirm or deny the sale of the crude, which yields relatively high amounts of gasoline.</p>
<p>Traders also said state-owned oil company Ecopetrol sold an end-June cargo of the high-quality Cusiana crude late last week to another independent refiner at a range of $1.20 to $1.23 a barrel discount to July WTI/Cushing.</p>
<p>The placement of the BP and Ecopetrol cargoes takes care of half the June Cusiana loading program, leaving outastanding one more Ecopetrol cargo for June 14-18 loading and one Total cargo for end June-early July loading.</p>
<p>-- Oliver Ludwig New York Energy Desk +1 212 859 1633</p>
</text>
<copyright>(c) Reuters Limited 1997</copyright>
<metadata>
<codes class="bip:countries:1.0">
  <code code="USA">
    <editdetail attribution="Reuters BIP Coding Group" action="confirmed" date="1997-05-19"/>
  </code>
</codes>
<codes class="bip:industries:1.0">
  <code code="I13000">
    <editdetail attribution="Reuters BIP Coding Group" action="confirmed" date="1997-05-19"/>
  </code>
  <code code="I1300003">
    <editdetail attribution="Reuters BIP Coding Group" action="confirmed" date="1997-05-19"/>
  </code>
</codes>
<codes class="bip:topics:1.0">
  <code code="C33">
    <editdetail attribution="Reuters BIP Coding Group" action="confirmed" date="1997-05-19"/>
  </code>
  <code code="CCAT">
    <editdetail attribution="Reuters BIP Coding Group" action="confirmed" date="1997-05-19"/>
  </code>
  <code code="M14">
    <editdetail attribution="Reuters BIP Coding Group" action="confirmed" date="1997-05-19"/>
  </code>
  <code code="M143">
    <editdetail attribution="Reuters BIP Coding Group" action="confirmed" date="1997-05-19"/>
  </code>
  <code code="MCAT">
    <editdetail attribution="Reuters BIP Coding Group" action="confirmed" date="1997-05-19"/>
  </code>
</codes>
<dc element="dc.date.created" value="1997-05-19"/>
<dc element="dc.publisher" value="Reuters Holdings Plc"/>
<dc element="dc.date.published" value="1997-05-19"/>
<dc element="dc.source" value="Reuters"/>
<dc element="dc.creator.location" value="NEW YORK"/>
<dc element="dc.creator.location.country.name" value="USA"/>
<dc element="dc.source" value="Reuters"/>
</metadata>
</newsitem>
