<?xml version="1.0" encoding="iso-8859-1" ?>
<newsitem itemid="593710" id="root" date="1997-05-19" xml:lang="en">
<title>USA: Energy Search ups reserves value sharply.</title>
<headline>Energy Search ups reserves value sharply.</headline>
<dateline>NEW YORK 1997-05-19</dateline>
<text>
<p>Energy Search, Inc, a small exploration company traded on the NASDAQ since last January, has had a remarkable record of successful gas finds in the Appalachian Basin, in West Virginia.</p>
<p>The company said in a statement on Monday that it &quot;has drilled 13 consecutive successful natural gas wells on its Beaver project in Raleigh County of southern West Virginia,&quot; with the result that the value of the company's reserves at the end of the first quarter were 25 percent higher than year end 1996 at more than $26.8 million.</p>
<p>&quot;This is the kind of success rate, 13 out of 13, when you start pinching yourself,&quot; said Charles Torrey, Chief Executive Officer of Energy Search in a telephone interview.</p>
<p>&quot;The average estimated ultimate recoverable reserves of the 13 wells drilled to date is 484 million cubic feet (MMCF) per well, or 49% higher than the targeted estimate of 325 MMCF per well,&quot; Torrey said.</p>
<p>The gas is all &quot;dry,&quot; with no associated liquids, which means the recovery costs are around 40 cents per thousand cubic foot, compared with a financial target of 75 cents when the company's stock was launched and around $1.10 per mcf for other producers in the area.</p>
<p>The gas has a slightly-above-normal British Termal Units content, which means it achieves a premium on the open market, which is among the more expensive in the country in the Appalachian region, Torrey said.</p>
<p>--New York Energy Desk, +1 212 859 1623</p>
</text>
<copyright>(c) Reuters Limited 1997</copyright>
<metadata>
<codes class="bip:countries:1.0">
  <code code="USA">
    <editdetail attribution="Reuters BIP Coding Group" action="confirmed" date="1997-05-19"/>
  </code>
</codes>
<codes class="bip:industries:1.0">
  <code code="I13000">
    <editdetail attribution="Reuters BIP Coding Group" action="confirmed" date="1997-05-19"/>
  </code>
</codes>
<codes class="bip:topics:1.0">
  <code code="C24">
    <editdetail attribution="Reuters BIP Coding Group" action="confirmed" date="1997-05-19"/>
  </code>
  <code code="CCAT">
    <editdetail attribution="Reuters BIP Coding Group" action="confirmed" date="1997-05-19"/>
  </code>
</codes>
<dc element="dc.date.created" value="1997-05-19"/>
<dc element="dc.publisher" value="Reuters Holdings Plc"/>
<dc element="dc.date.published" value="1997-05-19"/>
<dc element="dc.source" value="Reuters"/>
<dc element="dc.creator.location" value="NEW YORK"/>
<dc element="dc.creator.location.country.name" value="USA"/>
<dc element="dc.source" value="Reuters"/>
</metadata>
</newsitem>
