<?xml version="1.0" encoding="iso-8859-1" ?>
<newsitem itemid="593799" id="root" date="1997-05-19" xml:lang="en">
<title>USA: Platinum hopes to see new Eagle soar - J Matthey.</title>
<headline>Platinum hopes to see new Eagle soar - J Matthey.</headline>
<dateline>NEW YORK 1997-05-19</dateline>
<text>
<p>The new platinum collector's proof version of the Eagle coin being sold by the U.S. Mint from early June will consume just under 40,000 ounces of platinum, but a bullion version for investors could consume much more, Jeremy Coombes, general manager of Johnson Matthey's precious metals division, said.</p>
<p>&quot;It's not unreasonable to suppose 100,000 ounces of production, and possibly more,&quot; Coombes said during the company's presentation on platinum group metals in New York Monday.</p>
<p>Much will depend on how well demand for the bullion coin turns out, Coombes said.</p>
<p>The Mint confirmed the collector's proof coin was tentatively due to launch June 6, but no date was fixed for the bullion coin's appearance.</p>
<p>((New York Commodity Desk 212-859-1646))</p>
</text>
<copyright>(c) Reuters Limited 1997</copyright>
<metadata>
<codes class="bip:countries:1.0">
  <code code="USA">
    <editdetail attribution="Reuters BIP Coding Group" action="confirmed" date="1997-05-19"/>
  </code>
</codes>
<codes class="bip:industries:1.0">
  <code code="I22472">
    <editdetail attribution="Reuters BIP Coding Group" action="confirmed" date="1997-05-19"/>
  </code>
</codes>
<codes class="bip:topics:1.0">
  <code code="C21">
    <editdetail attribution="Reuters BIP Coding Group" action="confirmed" date="1997-05-19"/>
  </code>
  <code code="CCAT">
    <editdetail attribution="Reuters BIP Coding Group" action="confirmed" date="1997-05-19"/>
  </code>
</codes>
<dc element="dc.date.created" value="1997-05-19"/>
<dc element="dc.publisher" value="Reuters Holdings Plc"/>
<dc element="dc.date.published" value="1997-05-19"/>
<dc element="dc.source" value="Reuters"/>
<dc element="dc.creator.location" value="NEW YORK"/>
<dc element="dc.creator.location.country.name" value="USA"/>
<dc element="dc.source" value="Reuters"/>
</metadata>
</newsitem>
