<?xml version="1.0" encoding="iso-8859-1" ?>
<newsitem itemid="593737" id="root" date="1997-05-19" xml:lang="en">
<title>USA: Sundance Homes Inc Q1 loss widens.</title>
<headline>Sundance Homes Inc Q1 loss widens.</headline>
<dateline>SCHAUMBURG, Ill. 1997-05-19</dateline>
<text>
<p>(in thousands, except unit and per share data)</p>
<p>				   Three Mos Ended    Three Mos Ended</p>
<p>					Mar 31, 1997	 Mar 31, 1996</p>
<p> Sales Units				    91		    114</p>
<p> Sales Revenue			   $15,131		$19,831</p>
<p> Gross Profit				  632		  1,711</p>
<p> SG&amp;A					  3,305		  3,165</p>
<p> Income (Loss) Before Income Taxes (2,673)		(1,454)</p>
<p> Net Income (Loss)		     (1,604)		  (873)</p>
<p> Net Income (Loss) Per Share	  (0.21)		 (0.11)</p>
<p> Shares Outstanding			7,807		  7,805</p>
<p>((Chicago newsdesk, 312-408-8787))</p>
</text>
<copyright>(c) Reuters Limited 1997</copyright>
<metadata>
<codes class="bip:countries:1.0">
  <code code="USA">
    <editdetail attribution="Reuters BIP Coding Group" action="confirmed" date="1997-05-19"/>
  </code>
</codes>
<codes class="bip:industries:1.0">
  <code code="I50100">
    <editdetail attribution="Reuters BIP Coding Group" action="confirmed" date="1997-05-19"/>
  </code>
  <code code="I5010022">
    <editdetail attribution="Reuters BIP Coding Group" action="confirmed" date="1997-05-19"/>
  </code>
</codes>
<codes class="bip:topics:1.0">
  <code code="C15">
    <editdetail attribution="Reuters BIP Coding Group" action="confirmed" date="1997-05-19"/>
  </code>
  <code code="C151">
    <editdetail attribution="Reuters BIP Coding Group" action="confirmed" date="1997-05-19"/>
  </code>
  <code code="CCAT">
    <editdetail attribution="Reuters BIP Coding Group" action="confirmed" date="1997-05-19"/>
  </code>
</codes>
<dc element="dc.date.created" value="1997-05-19"/>
<dc element="dc.publisher" value="Reuters Holdings Plc"/>
<dc element="dc.date.published" value="1997-05-19"/>
<dc element="dc.source" value="Reuters"/>
<dc element="dc.creator.location" value="SCHAUMBURG, Ill."/>
<dc element="dc.creator.location.country.name" value="USA"/>
<dc element="dc.source" value="Reuters"/>
</metadata>
</newsitem>
