<?xml version="1.0" encoding="iso-8859-1" ?>
<newsitem itemid="593744" id="root" date="1997-05-19" xml:lang="en">
<title>USA: Esprit Telecom Q2 shr loss.</title>
<headline>Esprit Telecom Q2 shr loss.</headline>
<dateline>NEW YORK 1997-05-19</dateline>
<text>
<p>Three Months Ended  Six Months Ended</p>
<p>					March 31	     March 31</p>
<p>				    1997     1996	1997	1996</p>
<p>Consolidated Profit and Loss</p>
<p>Account Data:</p>
<p> Revenue			10,640    6,005     19,267   10,835</p>
<p>  Cost of revenue	  (8,916)  (4,593)   (15,666)  (8,337)</p>
<p>   Gross profit		1,724    1,412	3,601    2,498</p>
<p>Other operating expenses:</p>
<p>Selling, general and</p>
<p>   administrative	  (2,994)  (1,568)    (5,813)  (3,035)</p>
<p>    Restructuring costs    (377)	 --	(377)	 --</p>
<p>Depreciation and amortisation</p>
<p>				   (626)    (339)    (1,150)    (581)</p>
<p>Operating (loss) before</p>
<p>  interest		   (2,273)    (495)    (3,739)  (1,118)</p>
<p>Net interest income/(expense)</p>
<p>					95     (72)	   66     (62)</p>
<p>Loss on ordinary activities</p>
<p>   before taxation	 (2,178)    (567)    (3,673)  (1,180)</p>
<p>Taxation on loss on</p>
<p>   ordinary activities	  --	 --	   --	 --</p>
<p> Loss for the period     (2,178)    (567)    (3,673)  (1,180)</p>
<p>Pro forma loss per</p>
<p>   Ordinary Share	   (0.02)   (0.01)     (0.04)   (0.02)</p>
<p>Pro forma weighted average</p>
<p>   number of shares (2)   96,764   65,752     89,000   65,752</p>
<p>(In thousands, except per ordinary share amount)</p>
<p>NOTE: Company's full name is Esprit Telecom Group plc.</p>
<p>Currency measured in pounds sterling.</p>
<p>Company prepares its financial statements in accordance with accounting principles generally accepted in the United Kingdom, which differ in certain significant respects from the accounting principles generally accepted in the United States.</p>
<p>Esprit Telecom reported 772 customers in the quarter ended March 31, compared with 397 for the year-ago period.</p>
</text>
<copyright>(c) Reuters Limited 1997</copyright>
<metadata>
<codes class="bip:countries:1.0">
  <code code="UK">
    <editdetail attribution="Reuters BIP Coding Group" action="confirmed" date="1997-05-19"/>
  </code>
  <code code="USA">
    <editdetail attribution="Reuters BIP Coding Group" action="confirmed" date="1997-05-19"/>
  </code>
</codes>
<codes class="bip:industries:1.0">
  <code code="I79020">
    <editdetail attribution="Reuters BIP Coding Group" action="confirmed" date="1997-05-19"/>
  </code>
</codes>
<codes class="bip:topics:1.0">
  <code code="C15">
    <editdetail attribution="Reuters BIP Coding Group" action="confirmed" date="1997-05-19"/>
  </code>
  <code code="C151">
    <editdetail attribution="Reuters BIP Coding Group" action="confirmed" date="1997-05-19"/>
  </code>
  <code code="CCAT">
    <editdetail attribution="Reuters BIP Coding Group" action="confirmed" date="1997-05-19"/>
  </code>
</codes>
<dc element="dc.date.created" value="1997-05-19"/>
<dc element="dc.publisher" value="Reuters Holdings Plc"/>
<dc element="dc.date.published" value="1997-05-19"/>
<dc element="dc.source" value="Reuters"/>
<dc element="dc.creator.location" value="NEW YORK"/>
<dc element="dc.creator.location.country.name" value="USA"/>
<dc element="dc.source" value="Reuters"/>
</metadata>
</newsitem>
