<?xml version="1.0" encoding="iso-8859-1" ?>
<newsitem itemid="593793" id="root" date="1997-05-19" xml:lang="en">
<title>USA: AMA backs partial birth abortion ban.</title>
<headline>AMA backs partial birth abortion ban.</headline>
<dateline>WASHINGTON 1997-05-19</dateline>
<text>
<p>The chief sponsor of the so-called partial birth abortion ban announced Monday that he had won the backing of the American Medical Association, an influential doctors' professional body.</p>
<p>The ban, sponsored by Pennsylvania Republican Rick Santorum, is expected to face a Senate vote Tuesday.</p>
<p>Santorum has enough votes to pass the ban, but is still trying to win over five more votes needed to withstand a promised veto by President Bill Clinton. The measure passed the House of Representatives by a veto-proof majority.</p>
<p>He released a letter in which the AMA confirmed it supported the ban.</p>
<p>To win AMA backing, Santorum added a change to the bill so that a doctor who performed the procedure would face a review by a state medical board before any criminal proceedings could take place and the board's findings would be admissible in court.</p>
<p>&quot;The president might have to look very long and hard about whether he wants to veto this,&quot; Senate Majority Leader Trent Lott, who backs the ban on the procedure, also known as dilation and evacuation, said earlier in the day.</p>
<p>An anti-abortion activist said the AMA directly may not swing votes but would undercut the argument made by Clinton and other opponents of the ban that exemptions were needed to protect the health of a pregnant woman. The bill only allows the procedure to save the life of a woman.</p>
<p>The American College of Obstretricians and Gynecologists has opposed the ban, saying there can be rare health situations when it is the best medical option.</p>
</text>
<copyright>(c) Reuters Limited 1997</copyright>
<metadata>
<codes class="bip:countries:1.0">
  <code code="USA">
    <editdetail attribution="Reuters BIP Coding Group" action="confirmed" date="1997-05-19"/>
  </code>
</codes>
<codes class="bip:topics:1.0">
  <code code="GCAT">
    <editdetail attribution="Reuters BIP Coding Group" action="confirmed" date="1997-05-19"/>
  </code>
  <code code="GHEA">
    <editdetail attribution="Reuters BIP Coding Group" action="confirmed" date="1997-05-19"/>
  </code>
  <code code="GPOL">
    <editdetail attribution="Reuters BIP Coding Group" action="confirmed" date="1997-05-19"/>
  </code>
</codes>
<dc element="dc.date.created" value="1997-05-19"/>
<dc element="dc.publisher" value="Reuters Holdings Plc"/>
<dc element="dc.date.published" value="1997-05-19"/>
<dc element="dc.source" value="Reuters"/>
<dc element="dc.creator.location" value="WASHINGTON"/>
<dc element="dc.creator.location.country.name" value="USA"/>
<dc element="dc.source" value="Reuters"/>
</metadata>
</newsitem>
