<?xml version="1.0" encoding="iso-8859-1" ?>
<newsitem itemid="593712" id="root" date="1997-05-19" xml:lang="en">
<title>USA: Permanent Bancorp stake raised by group.</title>
<headline>Permanent Bancorp stake raised by group.</headline>
<dateline>WASHINGTON 1997-05-19</dateline>
<text>
<p>A group of Michigan investors, including LaSalle Capital Management Inc, on Monday said it increased its stake in Permanent Bancorp Inc to 142,900 shares, or 6.7 percent, from 121,000 shares, or 5.7 percent.</p>
<p>In a filing with the U.S. Securities and Exchange Commission, the group said it bought 21,700 shares between May 2 and May 16 at $23.25 to $23.625 each.  </p>
<p>Separately, the group, which previously disclosed that it plans to seek representation on Permanent's board, proposed a third nominee, Ronald Hollander. The nomination was made in a letter to Permanent, the group said in its SEC filing.</p>
<p>The group last month submitted both Wallace Riley and Robert Lucas as nominees for the company's board.</p>
<p>&quot;The group's purpose in seeking representation on the issuer's board of directors is primarily to attempt to influence the board of directors to consider all possible strategic alternatives available,&quot; the LaSalle group said in the SEC filing.</p>
<p>&quot;One way of achieving this goal is to seek out another financial institution and attempt to implement a business combination,&quot; the group said in the SEC filing.</p>
<p>Further, the LaSalle group said it wants to influence the company's board &quot;to explore seriously&quot; such a plan, among others, in consultation with independent financial advisers.</p>
</text>
<copyright>(c) Reuters Limited 1997</copyright>
<metadata>
<codes class="bip:countries:1.0">
  <code code="USA">
    <editdetail attribution="Reuters BIP Coding Group" action="confirmed" date="1997-05-19"/>
  </code>
</codes>
<codes class="bip:topics:1.0">
  <code code="C18">
    <editdetail attribution="Reuters BIP Coding Group" action="confirmed" date="1997-05-19"/>
  </code>
  <code code="C181">
    <editdetail attribution="Reuters BIP Coding Group" action="confirmed" date="1997-05-19"/>
  </code>
  <code code="CCAT">
    <editdetail attribution="Reuters BIP Coding Group" action="confirmed" date="1997-05-19"/>
  </code>
</codes>
<dc element="dc.date.created" value="1997-05-19"/>
<dc element="dc.publisher" value="Reuters Holdings Plc"/>
<dc element="dc.date.published" value="1997-05-19"/>
<dc element="dc.source" value="Reuters"/>
<dc element="dc.creator.location" value="WASHINGTON"/>
<dc element="dc.creator.location.country.name" value="USA"/>
<dc element="dc.source" value="Reuters"/>
</metadata>
</newsitem>
