<?xml version="1.0" encoding="iso-8859-1" ?>
<newsitem itemid="593735" id="root" date="1997-05-19" xml:lang="en">
<title>USA: AT&amp;T says will launch new toll-free number.</title>
<headline>AT&amp;T says will launch new toll-free number.</headline>
<dateline>DALLAS, Texas 1997-05-19</dateline>
<text>
<p>AT&amp;T said on Monday that it plans to introduce a new toll-free prefix in one year to meet a growing demand for toll-free services.</p>
<p>A year ago, AT&amp;T created an 888 toll-free code to supplement a dwindling supply of 800 numbers. The company said those new numbers are being consumed so quickly that it is working to create another pool of available numbers using an 877 code.</p>
<p>&quot;Of 7.78 million available combinations available, 7.71 million, or 99.9 percent, are working, reserved or otherwise taken from the pool of available numbers,&quot; AT&amp;T said of the original batch of 800 numbers.</p>
<p>In addition, 3.3 million of the possible eight million 888 numbers have also been taken, the company said.</p>
<p>&quot;This means the industry could exhaust the supply of 888 numbers as soon as next year,&quot; the company added.</p>
<p>The next code, 877, is scheduled to be operational by April 4, the company said.</p>
</text>
<copyright>(c) Reuters Limited 1997</copyright>
<metadata>
<codes class="bip:countries:1.0">
  <code code="USA">
    <editdetail attribution="Reuters BIP Coding Group" action="confirmed" date="1997-05-19"/>
  </code>
</codes>
<codes class="bip:industries:1.0">
  <code code="I79020">
    <editdetail attribution="Reuters BIP Coding Group" action="confirmed" date="1997-05-19"/>
  </code>
</codes>
<codes class="bip:topics:1.0">
  <code code="C21">
    <editdetail attribution="Reuters BIP Coding Group" action="confirmed" date="1997-05-19"/>
  </code>
  <code code="CCAT">
    <editdetail attribution="Reuters BIP Coding Group" action="confirmed" date="1997-05-19"/>
  </code>
</codes>
<dc element="dc.date.created" value="1997-05-19"/>
<dc element="dc.publisher" value="Reuters Holdings Plc"/>
<dc element="dc.date.published" value="1997-05-19"/>
<dc element="dc.source" value="Reuters"/>
<dc element="dc.creator.location" value="DALLAS, Texas"/>
<dc element="dc.creator.location.country.name" value="USA"/>
<dc element="dc.source" value="Reuters"/>
</metadata>
</newsitem>
