<?xml version="1.0" encoding="iso-8859-1" ?>
<newsitem itemid="593778" id="root" date="1997-05-19" xml:lang="en">
<title>USA: Raptor, V-One in marketing pact.</title>
<headline>Raptor, V-One in marketing pact.</headline>
<dateline>WALTHAM, Mass. 1997-05-19</dateline>
<text>
<p>Raptor Systems Inc on Monday said it has entered into a marketing pact with V-ONE Corp whose terms include V-ONE's agreement to resell Raptor's firewall software.</p>
<p>The alliance pairs Raptor's Eagle' firewall product and V-ONE's SmartGate security software, which establishes secure communication and transaction channels for businesses over public networks like the Internet.</p>
<p>Firewalls are the software programs that restrict the flow of information between a company's network and the Internet in order to keep sensitive information private.</p>
<p>Financial details of the deal were not disclosed.</p>
</text>
<copyright>(c) Reuters Limited 1997</copyright>
<metadata>
<codes class="bip:countries:1.0">
  <code code="USA">
    <editdetail attribution="Reuters BIP Coding Group" action="confirmed" date="1997-05-19"/>
  </code>
</codes>
<codes class="bip:industries:1.0">
  <code code="I33020">
    <editdetail attribution="Reuters BIP Coding Group" action="confirmed" date="1997-05-19"/>
  </code>
  <code code="I3302021">
    <editdetail attribution="Reuters BIP Coding Group" action="confirmed" date="1997-05-19"/>
  </code>
  <code code="I33030">
    <editdetail attribution="Reuters BIP Coding Group" action="confirmed" date="1997-05-19"/>
  </code>
</codes>
<codes class="bip:topics:1.0">
  <code code="C33">
    <editdetail attribution="Reuters BIP Coding Group" action="confirmed" date="1997-05-19"/>
  </code>
  <code code="CCAT">
    <editdetail attribution="Reuters BIP Coding Group" action="confirmed" date="1997-05-19"/>
  </code>
</codes>
<dc element="dc.date.created" value="1997-05-19"/>
<dc element="dc.publisher" value="Reuters Holdings Plc"/>
<dc element="dc.date.published" value="1997-05-19"/>
<dc element="dc.source" value="Reuters"/>
<dc element="dc.creator.location" value="WALTHAM, Mass."/>
<dc element="dc.creator.location.country.name" value="USA"/>
<dc element="dc.source" value="Reuters"/>
</metadata>
</newsitem>
