<?xml version="1.0" encoding="iso-8859-1" ?>
<newsitem itemid="593820" id="root" date="1997-05-19" xml:lang="en">
<title>USA: Future Petroleum Corp year net rises.</title>
<headline>Future Petroleum Corp year net rises.</headline>
<dateline>DALLAS 1997-05-19</dateline>
<text>
<p>Year ended Dec. 31</p>
<p>					     1996		1995</p>
<p> Revenues			     $378,000	  $253,000</p>
<p> Net income			    119,000	    58,000</p>
<p> Net income per share		   0.03		0.02</p>
<p>Weighted average shares</p>
<p>  used in computation	    3,486,779	 3,426,903</p>
<p>-- New York Newsdesk 212 859-1610</p>
</text>
<copyright>(c) Reuters Limited 1997</copyright>
<metadata>
<codes class="bip:countries:1.0">
  <code code="USA">
    <editdetail attribution="Reuters BIP Coding Group" action="confirmed" date="1997-05-19"/>
  </code>
</codes>
<codes class="bip:topics:1.0">
  <code code="C15">
    <editdetail attribution="Reuters BIP Coding Group" action="confirmed" date="1997-05-19"/>
  </code>
  <code code="C151">
    <editdetail attribution="Reuters BIP Coding Group" action="confirmed" date="1997-05-19"/>
  </code>
  <code code="C1511">
    <editdetail attribution="Reuters BIP Coding Group" action="confirmed" date="1997-05-19"/>
  </code>
  <code code="CCAT">
    <editdetail attribution="Reuters BIP Coding Group" action="confirmed" date="1997-05-19"/>
  </code>
</codes>
<dc element="dc.date.created" value="1997-05-19"/>
<dc element="dc.publisher" value="Reuters Holdings Plc"/>
<dc element="dc.date.published" value="1997-05-19"/>
<dc element="dc.source" value="Reuters"/>
<dc element="dc.creator.location" value="DALLAS"/>
<dc element="dc.creator.location.country.name" value="USA"/>
<dc element="dc.source" value="Reuters"/>
</metadata>
</newsitem>
