<?xml version="1.0" encoding="iso-8859-1" ?>
<newsitem itemid="593832" id="root" date="1997-05-19" xml:lang="en">
<title>USA: Hussey copper price drops to 132 cents May 19.</title>
<headline>Hussey copper price drops to 132 cents May 19.</headline>
<dateline>NEW YORK 1997-05-19</dateline>
<text>
<p>Hussey Copper Ltd said its contained copper price was down one cent to 132.00 cents a lb effective with today's shipments.</p>
<p>--New York Commodity Desk, 212-859-1640</p>
</text>
<copyright>(c) Reuters Limited 1997</copyright>
<metadata>
<codes class="bip:countries:1.0">
  <code code="USA">
    <editdetail attribution="Reuters BIP Coding Group" action="confirmed" date="1997-05-19"/>
  </code>
</codes>
<codes class="bip:topics:1.0">
  <code code="M14">
    <editdetail attribution="Reuters BIP Coding Group" action="confirmed" date="1997-05-19"/>
  </code>
  <code code="M142">
    <editdetail attribution="Reuters BIP Coding Group" action="confirmed" date="1997-05-19"/>
  </code>
  <code code="MCAT">
    <editdetail attribution="Reuters BIP Coding Group" action="confirmed" date="1997-05-19"/>
  </code>
</codes>
<dc element="dc.date.created" value="1997-05-19"/>
<dc element="dc.publisher" value="Reuters Holdings Plc"/>
<dc element="dc.date.published" value="1997-05-19"/>
<dc element="dc.source" value="Reuters"/>
<dc element="dc.creator.location" value="NEW YORK"/>
<dc element="dc.creator.location.country.name" value="USA"/>
<dc element="dc.source" value="Reuters"/>
</metadata>
</newsitem>
