<?xml version="1.0" encoding="iso-8859-1" ?>
<newsitem itemid="593882" id="root" date="1997-05-19" xml:lang="en">
<title>USA: ABC unveils fall primetime TV lineup.</title>
<headline>ABC unveils fall primetime TV lineup.</headline>
<dateline>NEW YORK 1997-05-19</dateline>
<text>
<p>Walt Disney Co's ABC Television Network unit Monday unveiled its 1997-98 primetime schedule, adding five new 30-minute situation comedies and five one-hour dramas.</p>
<p>Among the changes announced by ABC was a new edition of the news program, &quot;20/20&quot; on Thursday nights at 2200 Eastern time, aimed at combating the ratings success of General Electric Co unit NBC's &quot;Dateline&quot; news program.  NBC will air &quot;Dateline&quot; on three separate nights.  ABC will also bring back &quot;Wonderful World of Disney&quot; Sundays at 1900 Eastern time as a lead-in to its &quot;Sunday Night Movie.&quot;  </p>
<p>Jamie Tarses, the new president of ABC Entertainment, was to formally introduce the new fall schedule to advertisers on Monday afternoon at Radio City Music Hall.</p>
<p>ABC is placing a heavy bet on one new series, &quot;Timecop,&quot; a science fiction show set in the year 2007. It will air at 2000 ET, preceding &quot;Monday Night Football.&quot;</p>
<p>Two 30-minute teen-oriented sitcoms, &quot;Genie&quot; about a divorced mother of two and a genie, and &quot;Teen Angel,&quot; about a 15-year-old whose friend dies and comes back as his guardian angel, will air Fridays, beginning at 2100 ET.</p>
<p>&quot;Dharma &amp; Greg,&quot; about a free spirit daughter of hippie parents who marries the descendent of a family of blue bloods, airs Wednesdays at 2030 ET, between &quot;Spin City&quot; and &quot;The Drew Carey Show.&quot;</p>
<p>On Tuesdays, with the departure of the hit, &quot;Roseanne,&quot; &quot;Home Improvement&quot; moves from 2000 ET to 2100 ET. &quot;Soul Man&quot; takes over at 2000 ET and two new sitcoms will air: &quot;Over the Top,&quot; with Tim Curry as an out-of-luck actor, airs at 2030 ET; &quot;Hiller and Diller,&quot; about two TV comedy writers and written by real-life comedy writers Lowell Ganz and Babaloo Mandel, airs at 2130 ET.</p>
</text>
<copyright>(c) Reuters Limited 1997</copyright>
<metadata>
<codes class="bip:countries:1.0">
  <code code="USA">
    <editdetail attribution="Reuters BIP Coding Group" action="confirmed" date="1997-05-19"/>
  </code>
</codes>
<codes class="bip:industries:1.0">
  <code code="I97100">
    <editdetail attribution="Reuters BIP Coding Group" action="confirmed" date="1997-05-19"/>
  </code>
  <code code="I9741102">
    <editdetail attribution="Reuters BIP Coding Group" action="confirmed" date="1997-05-19"/>
  </code>
</codes>
<codes class="bip:topics:1.0">
  <code code="C22">
    <editdetail attribution="Reuters BIP Coding Group" action="confirmed" date="1997-05-19"/>
  </code>
  <code code="CCAT">
    <editdetail attribution="Reuters BIP Coding Group" action="confirmed" date="1997-05-19"/>
  </code>
  <code code="GCAT">
    <editdetail attribution="Reuters BIP Coding Group" action="confirmed" date="1997-05-19"/>
  </code>
  <code code="GENT">
    <editdetail attribution="Reuters BIP Coding Group" action="confirmed" date="1997-05-19"/>
  </code>
</codes>
<dc element="dc.date.created" value="1997-05-19"/>
<dc element="dc.publisher" value="Reuters Holdings Plc"/>
<dc element="dc.date.published" value="1997-05-19"/>
<dc element="dc.source" value="Reuters"/>
<dc element="dc.creator.location" value="NEW YORK"/>
<dc element="dc.creator.location.country.name" value="USA"/>
<dc element="dc.source" value="Reuters"/>
</metadata>
</newsitem>
