<?xml version="1.0" encoding="iso-8859-1" ?>
<newsitem itemid="593815" id="root" date="1997-05-19" xml:lang="en">
<title>USA: UCAR International names Robert Hart COO.</title>
<headline>UCAR International names Robert Hart COO.</headline>
<dateline>DANBURY, Conn. 1997-05-19</dateline>
<text>
<p>UCAR International Inc said on Monday that it has named Robert Hart to the newly-created positions of chief operating officer and senior vice-president.</p>
<p>Hart was previously vice-president and general manager of North Ameria and South America operations for the company.</p>
<p>UCAR is a manufacturer of graphite and carbon electrodes used principally in electric arc furnaces for steel production.</p>
<p>The company had $948 million in sales in 1996.</p>
</text>
<copyright>(c) Reuters Limited 1997</copyright>
<metadata>
<codes class="bip:countries:1.0">
  <code code="USA">
    <editdetail attribution="Reuters BIP Coding Group" action="confirmed" date="1997-05-19"/>
  </code>
</codes>
<codes class="bip:industries:1.0">
  <code code="I25000">
    <editdetail attribution="Reuters BIP Coding Group" action="confirmed" date="1997-05-19"/>
  </code>
</codes>
<codes class="bip:topics:1.0">
  <code code="C41">
    <editdetail attribution="Reuters BIP Coding Group" action="confirmed" date="1997-05-19"/>
  </code>
  <code code="C411">
    <editdetail attribution="Reuters BIP Coding Group" action="confirmed" date="1997-05-19"/>
  </code>
  <code code="CCAT">
    <editdetail attribution="Reuters BIP Coding Group" action="confirmed" date="1997-05-19"/>
  </code>
</codes>
<dc element="dc.date.created" value="1997-05-19"/>
<dc element="dc.publisher" value="Reuters Holdings Plc"/>
<dc element="dc.date.published" value="1997-05-19"/>
<dc element="dc.source" value="Reuters"/>
<dc element="dc.creator.location" value="DANBURY, Conn."/>
<dc element="dc.creator.location.country.name" value="USA"/>
<dc element="dc.source" value="Reuters"/>
</metadata>
</newsitem>
