<?xml version="1.0" encoding="iso-8859-1" ?>
<newsitem itemid="593896" id="root" date="1997-05-19" xml:lang="en">
<title>USA: National Income sees $33 mln in projects.</title>
<headline>National Income sees $33 mln in projects.</headline>
<dateline>NEW YORK 1997-05-19</dateline>
<text>
<p>National Income Realty Trust and Rohdhouse Investments Inc said Monday they will develop two new luxury multi-family projects.</p>
<p>The companies said these will be the second and third projects for the National Income and Rohdhouse Joint Venture.</p>
<p>National Income said the first project is a $14 million 200-unit luxury garden apartment complex in Panama City, Fla., scheduled to begin construction next month.</p>
<p>And National Income said it and Rohdhouse have contracted to buy 26 acres in Savannah, Ga., for a planned $19 million, 250-unit luxury garden apartment complex.</p>
</text>
<copyright>(c) Reuters Limited 1997</copyright>
<metadata>
<codes class="bip:countries:1.0">
  <code code="USA">
    <editdetail attribution="Reuters BIP Coding Group" action="confirmed" date="1997-05-19"/>
  </code>
</codes>
<codes class="bip:industries:1.0">
  <code code="I81502">
    <editdetail attribution="Reuters BIP Coding Group" action="confirmed" date="1997-05-19"/>
  </code>
  <code code="I8150206">
    <editdetail attribution="Reuters BIP Coding Group" action="confirmed" date="1997-05-19"/>
  </code>
</codes>
<codes class="bip:topics:1.0">
  <code code="C11">
    <editdetail attribution="Reuters BIP Coding Group" action="confirmed" date="1997-05-19"/>
  </code>
  <code code="C24">
    <editdetail attribution="Reuters BIP Coding Group" action="confirmed" date="1997-05-19"/>
  </code>
  <code code="CCAT">
    <editdetail attribution="Reuters BIP Coding Group" action="confirmed" date="1997-05-19"/>
  </code>
</codes>
<dc element="dc.date.created" value="1997-05-19"/>
<dc element="dc.publisher" value="Reuters Holdings Plc"/>
<dc element="dc.date.published" value="1997-05-19"/>
<dc element="dc.source" value="Reuters"/>
<dc element="dc.creator.location" value="NEW YORK"/>
<dc element="dc.creator.location.country.name" value="USA"/>
<dc element="dc.source" value="Reuters"/>
</metadata>
</newsitem>
