<?xml version="1.0" encoding="iso-8859-1" ?>
<newsitem itemid="593822" id="root" date="1997-05-19" xml:lang="en">
<title>USA: Reliv International Inc sets payout.</title>
<headline>Reliv International Inc sets payout.</headline>
<dateline>CHESTERFIELD, Mo. 1997-05-19</dateline>
<text>
<p>Reliv International Inc said Monday its board declared a cash dividend of $0.02 ar share, payable June 13 to shareholders of record as of May 30.</p>
<p>The payment of future dividends will depend on the revenues, earnings, capital requirements and other factors considered relevant by the board of directors, the company said.</p>
<p>In February, it paid a 10 percent stock dividend and a cash dividend of $0.005 a share.</p>
<p>Reliv manufactures and distributes several lines of food products, including nutritional and fiber supplements, diet management products, functional foods, sports drink mixes and premium skin care products.</p>
<p>((Reuters Chicago Newsdesk (312) 408-8787))</p>
</text>
<copyright>(c) Reuters Limited 1997</copyright>
<metadata>
<codes class="bip:countries:1.0">
  <code code="USA">
    <editdetail attribution="Reuters BIP Coding Group" action="confirmed" date="1997-05-19"/>
  </code>
</codes>
<codes class="bip:industries:1.0">
  <code code="I42390">
    <editdetail attribution="Reuters BIP Coding Group" action="confirmed" date="1997-05-19"/>
  </code>
</codes>
<codes class="bip:topics:1.0">
  <code code="C15">
    <editdetail attribution="Reuters BIP Coding Group" action="confirmed" date="1997-05-19"/>
  </code>
  <code code="C151">
    <editdetail attribution="Reuters BIP Coding Group" action="confirmed" date="1997-05-19"/>
  </code>
  <code code="CCAT">
    <editdetail attribution="Reuters BIP Coding Group" action="confirmed" date="1997-05-19"/>
  </code>
</codes>
<dc element="dc.date.created" value="1997-05-19"/>
<dc element="dc.publisher" value="Reuters Holdings Plc"/>
<dc element="dc.date.published" value="1997-05-19"/>
<dc element="dc.source" value="Reuters"/>
<dc element="dc.creator.location" value="CHESTERFIELD, Mo."/>
<dc element="dc.creator.location.country.name" value="USA"/>
<dc element="dc.source" value="Reuters"/>
</metadata>
</newsitem>
