<?xml version="1.0" encoding="iso-8859-1" ?>
<newsitem itemid="593810" id="root" date="1997-05-19" xml:lang="en">
<title>USA: Loral gets FCC ok to build CyberStar.</title>
<headline>Loral gets FCC ok to build CyberStar.</headline>
<dateline>NEW YORK 1997-05-19</dateline>
<text>
<p>Loral Space &amp; Communications Ltd  said on Monday that the U.S. Federal Communications Commission had granted the company a license to build and launch its CyberStar satellite-based digital communications system.</p>
<p>The $1.6 billion CyberStar system is a satellite-based digital telecommunications system designed to offer high-speed data and telecommunications services from leased Ku-band transponders satellites beginning in late 1997, Loral said in a statement.  </p>
<p>CyberStar services will include low-cost Internet access, broadband interconnection, video-on-demand and other data services, the company said.</p>
<p>It anticipates that the services eventually will be delivered through a constellation of three interconnected geostationary satellites positioned over the Americas, Europe and the Middle East. The first of three CyberStar satellites is scheduled for launch and operation in 1999, the company said.</p>
<p>Space Systems/Loral, the designer of the CyberStar, will also provide the satellites, it added.</p>
<p>Loral Space &amp; Communications Ltd., headquartered in New York, is a high-technology company that concentrates on satellite manufacturing and satellite-based services.</p>
<p>Loral recently announced an agreement to increase its ownership in Space Systems/Loral, its manufacturing unit, to 100 percent.</p>
</text>
<copyright>(c) Reuters Limited 1997</copyright>
<metadata>
<codes class="bip:countries:1.0">
  <code code="USA">
    <editdetail attribution="Reuters BIP Coding Group" action="confirmed" date="1997-05-19"/>
  </code>
</codes>
<codes class="bip:topics:1.0">
  <code code="C13">
    <editdetail attribution="Reuters BIP Coding Group" action="confirmed" date="1997-05-19"/>
  </code>
  <code code="C22">
    <editdetail attribution="Reuters BIP Coding Group" action="confirmed" date="1997-05-19"/>
  </code>
  <code code="CCAT">
    <editdetail attribution="Reuters BIP Coding Group" action="confirmed" date="1997-05-19"/>
  </code>
</codes>
<dc element="dc.date.created" value="1997-05-19"/>
<dc element="dc.publisher" value="Reuters Holdings Plc"/>
<dc element="dc.date.published" value="1997-05-19"/>
<dc element="dc.source" value="Reuters"/>
<dc element="dc.creator.location" value="NEW YORK"/>
<dc element="dc.creator.location.country.name" value="USA"/>
<dc element="dc.source" value="Reuters"/>
</metadata>
</newsitem>
