<?xml version="1.0" encoding="iso-8859-1" ?>
<newsitem itemid="593819" id="root" date="1997-05-19" xml:lang="en">
<title>USA: Intellicell Corp 1996 shr $0.14.</title>
<headline>Intellicell Corp 1996 shr $0.14.</headline>
<dateline>VAN NUYS, Calif. 1997-05-19</dateline>
<text>
<p>INTELLICELL CORP.</p>
<p>				 Summary Financial Data</p>
<p>						  For the Years Ended</p>
<p>							  December 31,</p>
<p>						   1995		 1996</p>
<p>Statement of Income Data:</p>
<p> Net sales			    $ 69,850,000     $ 81,225,000</p>
<p> Gross profit			    2,365,000	  3,670,000</p>
<p> Income before income tax benefit    402,000	    531,000</p>
<p> Income tax benefit			     --	    308,000</p>
<p> Net income				  402,000	    839,000</p>
<p> Income before income taxes	    402,00O	    531,000</p>
<p> Pro forma income taxes		  166,000	    216,000</p>
<p> Pro forma net income		    236,000	    315,000</p>
<p>Primary Pro forma net income</p>
<p>   per share				     .12		  .14</p>
<p>Fully Diluted Pro forma</p>
<p>   net income per share			.12		  .14</p>
</text>
<copyright>(c) Reuters Limited 1997</copyright>
<metadata>
<codes class="bip:countries:1.0">
  <code code="USA">
    <editdetail attribution="Reuters BIP Coding Group" action="confirmed" date="1997-05-19"/>
  </code>
</codes>
<codes class="bip:industries:1.0">
  <code code="I61000">
    <editdetail attribution="Reuters BIP Coding Group" action="confirmed" date="1997-05-19"/>
  </code>
</codes>
<codes class="bip:topics:1.0">
  <code code="C15">
    <editdetail attribution="Reuters BIP Coding Group" action="confirmed" date="1997-05-19"/>
  </code>
  <code code="C151">
    <editdetail attribution="Reuters BIP Coding Group" action="confirmed" date="1997-05-19"/>
  </code>
  <code code="CCAT">
    <editdetail attribution="Reuters BIP Coding Group" action="confirmed" date="1997-05-19"/>
  </code>
</codes>
<dc element="dc.date.created" value="1997-05-19"/>
<dc element="dc.publisher" value="Reuters Holdings Plc"/>
<dc element="dc.date.published" value="1997-05-19"/>
<dc element="dc.source" value="Reuters"/>
<dc element="dc.creator.location" value="VAN NUYS, Calif."/>
<dc element="dc.creator.location.country.name" value="USA"/>
<dc element="dc.source" value="Reuters"/>
</metadata>
</newsitem>
