<?xml version="1.0" encoding="iso-8859-1" ?>
<newsitem itemid="593992" id="root" date="1997-05-19" xml:lang="en">
<title>ITALY: MOTORCYCLING-THE BIKE THAT KING KENNY BUILT.</title>
<headline>MOTORCYCLING-THE BIKE THAT KING KENNY BUILT.</headline>
<byline>Alan Baldwin</byline>
<dateline>MUGELLO, Italy 1997-05-19</dateline>
<text>
<p>The most talked-about motorcycle on the 500cc grand prix grid this season holds little allure for triple world champion Michael Doohan.</p>
<p>&quot;I wouldn't want to climb on the thing,&quot; the Australian said after winning the Italian Grand Prix at the weekend.</p>
<p>&quot;I want to race bikes, not develop them.&quot;</p>
<p>But if three times 500cc world champion and winning team owner &quot;King&quot; Kenny Roberts is right, his new Modenas KR V3 will be challenging the best before too long.</p>
<p>With an engine built by Tom Walkinshaw, boss of the Arrows motor racing team, the three-cylinder motorcycle brings together Britain's flourishing Formula One industry, one of motorcycling's biggest names and Malaysian money.</p>
<p>For Roberts, it is the face of the future. It is also a genuine challenge to the mighty Japanese.</p>
<p>&quot;We wanted to design a total concept bike...the KR V3 has been created as a Formula One type of entity,&quot; he said before the bike's debut race at the start of the season.</p>
<p>&quot;I believe this is the way racing has to go if it is to grow. It needs to be more like Formula One cars, with its own industry. This way the money comes back into the racing industry, rather than ending up outside.&quot;</p>
<p>Doohan, a Honda rider who never likes to sit on his laurels, agrees on that. &quot;What Kenny has done is good,&quot; he said.</p>
<p>&quot;By trying to beat the Japanese it should force them to develop their own bikes more.&quot;</p>
<p>There is no denying that Roberts has shaken up the sport, dominated by Honda for the past three seasons.</p>
<p>While the ambitious Arrows team caused a stir in Formula One circles by signing world champion Damon Hill, it was nothing to the shock sent through motorcycling when Roberts broke with Yamaha last year and began building his own bike.</p>
<p>Heralded as the most important new grand prix bike of the past two decades, the Modenas intends to challenge Honda, Yamaha and Suzuki who have won every 500cc title since 1973.</p>
<p>That is still some way off, however.</p>
<p>First, just like Hill's troubled Arrows, there are one or two fairly major problems to be ironed out.</p>
<p>&quot;We're probably the slowest motorcycle on the race-track in terms of actual top speed,&quot; Roberts said in an interview. &quot;But top speed is not the total picture.&quot;</p>
<p>Far from it. The bike also has problems with handling, riding quality and weight as well as over-heating.</p>
<p>The death of Malaysian business leader Yahaya Ahmed in a plane crash in February was also a huge blow.</p>
<p>Modenas stands for Motorsikal Dan Enjin Nasional Sdn Bhd, an ambitious Malaysian manufacturer whose motorcycle output is currently limited to 110cc scooters.</p>
<p>It is owned by Yahaya's Hicom Holding bhd which also controls the carmaker Proton.</p>
<p>&quot;We're behind in development, we're behind in time scales and meetings and priorities and commitments,&quot; added Roberts, who described the project as &quot;scary&quot; but also &quot;the most exciting thing I've done since I stopped racing&quot;.</p>
<p>&quot;This season is really a development one. We're nowhere close to what we're going to be this time next year.&quot;</p>
<p>In fact, progress has been remarkable already.</p>
<p>Work started on the bike in secrecy in May 1996 with Roberts building his own chassis from scratch.</p>
<p>It made its race debut less than a year later at the Malaysian Grand Prix in April.</p>
<p>The first qualifying session for that race was the first time the bike had been put through its paces with no limits imposed on the rpm or the throttle.</p>
<p>Since then, the Modenas has caused a fair stir.</p>
<p>French rider Jean-Michel Bayle, who had his first ride on the bike in Britain in January, was eighth at Mugello after finishing in the points at the two previous races.</p>
<p>&quot;We learned a lot this weekend and made a lot of progress,&quot; said Roberts. &quot;You should see some big improvements from here.&quot;</p>
<p>&quot;We should have a test bike up and running this week and that is going to make a big difference.&quot;</p>
<p>The team has moved its headquarters from Amsterdam to the English town of Banbury for closer ties with Walkinshaw, whose responsibilities cover engine development.</p>
<p>Roberts said he had little choice in leaving Yamaha after failing to convince the Japanese bosses that Honda, as has since happened, were about to raise their game.</p>
<p>&quot;We'd seen a huge thrust from Honda coming and just were unable to get them to believe it,&quot; he said.</p>
<p>&quot;When the (Japanese Yamaha) management changed it made it all more difficult and I just gave up.&quot;</p>
<p>The main difference between the V3 and the four-cylinder works Hondas and Yamahas is that the regulations allow Roberts's machine to be 15 kilos lighter than the others.</p>
<p>That advantage has not been banked yet, with the team struggling to lose the weight, but when the problem is resolved it should enable the lighter bike to be more manoeuvrable, easier to ride and offering a better delivery of engine power.</p>
<p>That is the theory but there is still a long way to go in improving the riding quality for Bayle and Roberts Junior.</p>
<p>&quot;Kenny's suffering more than Jean-Michel,&quot; said Roberts. &quot;His riding style on the bike is not working well yet. But we're having a real look, trying to get Junior comfortable.&quot;</p>
</text>
<copyright>(c) Reuters Limited 1997</copyright>
<metadata>
<codes class="bip:countries:1.0">
  <code code="AUSTR">
    <editdetail attribution="Reuters BIP Coding Group" action="confirmed" date="1997-05-19"/>
  </code>
  <code code="ITALY">
    <editdetail attribution="Reuters BIP Coding Group" action="confirmed" date="1997-05-19"/>
  </code>
  <code code="MALAY">
    <editdetail attribution="Reuters BIP Coding Group" action="confirmed" date="1997-05-19"/>
  </code>
  <code code="UK">
    <editdetail attribution="Reuters BIP Coding Group" action="confirmed" date="1997-05-19"/>
  </code>
</codes>
<codes class="bip:topics:1.0">
  <code code="GCAT">
    <editdetail attribution="Reuters BIP Coding Group" action="confirmed" date="1997-05-19"/>
  </code>
  <code code="GSPO">
    <editdetail attribution="Reuters BIP Coding Group" action="confirmed" date="1997-05-19"/>
  </code>
</codes>
<dc element="dc.date.created" value="1997-05-19"/>
<dc element="dc.publisher" value="Reuters Holdings Plc"/>
<dc element="dc.date.published" value="1997-05-19"/>
<dc element="dc.source" value="Reuters"/>
<dc element="dc.creator.location" value="MUGELLO, Italy"/>
<dc element="dc.creator.location.country.name" value="ITALY"/>
<dc element="dc.source" value="Reuters"/>
</metadata>
</newsitem>
