<?xml version="1.0" encoding="iso-8859-1" ?>
<newsitem itemid="593994" id="root" date="1997-05-19" xml:lang="en">
<title>UK: MOTOR RACING-CONCERN IN FORMULA ONE OVER TOBACCO THREAT.</title>
<headline>MOTOR RACING-CONCERN IN FORMULA ONE OVER TOBACCO THREAT.</headline>
<dateline>LONDON 1997-05-19</dateline>
<text>
<p>Formula One teams expressed concern over the ban on sponsorship of sporting events by tobacco companies announced on Monday by Britain's new Labour government.</p>
<p>Motor racing's top outfits are heavily supported by cigarette manufacturers, including McLaren, Benetton, Williams and Jordan, and could be forced to search for alternative financial backing.</p>
<p>Ian Phillips, commercial director of Jordan Grand Prix, conceded the matter was of concern to the team, but pointed out that tobacco advertising had not been carried on their cars in Britain for a number of seasons.</p>
<p>&quot;We have not advertised tobacco in Britain for a few years now because of television,&quot; he said.</p>
<p>&quot;But at the moment it's a gentleman's agreement with the tobacco companies. We abide by what they say and therefore do not show the tobacco names on our cars in Britain.&quot;</p>
<p>John Postlethwaite, marketing director of the Benetton team, said he did not expect the ban to have any dire effects on Formula One teams.</p>
<p>&quot;We have been aware of the possibilities for some time,&quot; he said. &quot;I cannot see it being too serious for the sport as a whole. There are many other sponsors and everyone has a wide spread of sponsors involved.&quot;</p>
<p>Max Mosley, president of the International Automobile Federation (FIA), said the legislation was a matter of concern to him.</p>
<p>&quot;We are the world governing body and this is a problem in one country,&quot; he said. &quot;The Government is aware of our position.&quot;</p>
<p>Earlier this season, the Canadian Grand Prix had come under threat when the country's government proposed a similar ban on tobacco advertising, although an amendment was eventually passed which excluded the Formula One race.</p>
<p>At the time, Formula One supremo Bernie Ecclestone had threatened to drop the race from the calendar. &quot;For us it won't be a problem,&quot; he said. &quot;We have half a dozen countries asking us to stage a race for them.</p>
<p>There was a cautious reaction from golf's European Tour whose British programme has just one tobacco-sponsored event, the recently staged Benson and Hedges International at the Oxfordshire course.</p>
<p>Tour executive director Ken Schofield said: &quot;We have had this speculation before. We are probably a little different from other sports in that we trade in about 20 different countries, so we are familiar with the situation.</p>
<p>&quot;For some years we have been unable to accept tobacco and alcohol sponsors in numerous continental European countries. We must now wait to see how this progresses, but we have always been law-abiding.&quot;</p>
</text>
<copyright>(c) Reuters Limited 1997</copyright>
<metadata>
<codes class="bip:countries:1.0">
  <code code="UK">
    <editdetail attribution="Reuters BIP Coding Group" action="confirmed" date="1997-05-19"/>
  </code>
</codes>
<codes class="bip:topics:1.0">
  <code code="GCAT">
    <editdetail attribution="Reuters BIP Coding Group" action="confirmed" date="1997-05-19"/>
  </code>
  <code code="GSPO">
    <editdetail attribution="Reuters BIP Coding Group" action="confirmed" date="1997-05-19"/>
  </code>
</codes>
<dc element="dc.date.created" value="1997-05-19"/>
<dc element="dc.publisher" value="Reuters Holdings Plc"/>
<dc element="dc.date.published" value="1997-05-19"/>
<dc element="dc.source" value="Reuters"/>
<dc element="dc.creator.location" value="LONDON"/>
<dc element="dc.creator.location.country.name" value="UK"/>
<dc element="dc.source" value="Reuters"/>
</metadata>
</newsitem>
