<?xml version="1.0" encoding="iso-8859-1" ?>
<newsitem itemid="593969" id="root" date="1997-05-19" xml:lang="en">
<title>USA: Collins Industries Q2 shr $0.26 vs $0.18. [CORRECTED 20:55 GMT]</title>
<headline>Collins Industries Q2 shr $0.26 vs $0.18. [CORRECTED 20:55 GMT]</headline>
<dateline>HUTCHINSON, Kansas 1997-05-19</dateline>
<text>
<p>1997			1996</p>
<p> Shr			  $0.26		    $0.18</p>
<p> Net			  2,036		    1,336</p>
<p>(Corrects 1997 Net to 2,036 from 2,836.)</p>
<p> Sales		     41,412		   37,638</p>
<p> Avg shrs		   7,686		    7,522</p>
<p>	  6  MONTHSEnded April 30</p>
<p> Shr			  $0.39		    $0.28</p>
<p> Net			  3,049		    2,070</p>
<p> Sales		     76,693		   70,046</p>
<p> Avg shrs		   7,727		    7,405</p>
<p>(All data above 000s except per share numbers)</p>
<p>Note: The company reported earnings per share assuming full dilution for the 1996 quarter of $0.17. The weighted average number of shares assuming full dilution for that period was 7,727.</p>
</text>
<copyright>(c) Reuters Limited 1997</copyright>
<metadata>
<codes class="bip:countries:1.0">
  <code code="USA">
    <editdetail attribution="Reuters BIP Coding Group" action="confirmed" date="1997-05-19"/>
  </code>
</codes>
<codes class="bip:industries:1.0">
  <code code="I35102">
    <editdetail attribution="Reuters BIP Coding Group" action="confirmed" date="1997-05-19"/>
  </code>
</codes>
<codes class="bip:topics:1.0">
  <code code="C15">
    <editdetail attribution="Reuters BIP Coding Group" action="confirmed" date="1997-05-19"/>
  </code>
  <code code="C151">
    <editdetail attribution="Reuters BIP Coding Group" action="confirmed" date="1997-05-19"/>
  </code>
  <code code="CCAT">
    <editdetail attribution="Reuters BIP Coding Group" action="confirmed" date="1997-05-19"/>
  </code>
</codes>
<dc element="dc.date.created" value="1997-05-19"/>
<dc element="dc.publisher" value="Reuters Holdings Plc"/>
<dc element="dc.date.published" value="1997-05-19"/>
<dc element="dc.source" value="Reuters"/>
<dc element="dc.creator.location" value="HUTCHINSON, Kansas"/>
<dc element="dc.creator.location.country.name" value="USA"/>
<dc element="dc.source" value="Reuters"/>
</metadata>
</newsitem>
