<?xml version="1.0" encoding="iso-8859-1" ?>
<newsitem itemid="593916" id="root" date="1997-05-19" xml:lang="en">
<title>USA: Lehman names co-heads for Los Angeles office.</title>
<headline>Lehman names co-heads for Los Angeles office.</headline>
<dateline>NEW YORK 1997-05-19</dateline>
<text>
<p>Lehman Brothers Holdings Inc on Monday said it named Todd Zelek and Philip Erlanger to jointly run the company's Los Angeles-based investment banking activities.</p>
<p>Lehman said Erlanger and Zelek, both managing directors, would head the firm's corporate finance and advisory business throughout Southern California.</p>
<p>The firm said Zelek would have particular responsibility for general industrial companies as well as companies in a range of growth-oriented industries. Erlanger will focus on expanding Lehman's business with financial services companies.</p>
<p>((-- New York Newsdesk, 212-859-1610))</p>
</text>
<copyright>(c) Reuters Limited 1997</copyright>
<metadata>
<codes class="bip:countries:1.0">
  <code code="USA">
    <editdetail attribution="Reuters BIP Coding Group" action="confirmed" date="1997-05-19"/>
  </code>
</codes>
<codes class="bip:industries:1.0">
  <code code="I83100">
    <editdetail attribution="Reuters BIP Coding Group" action="confirmed" date="1997-05-19"/>
  </code>
</codes>
<codes class="bip:topics:1.0">
  <code code="C41">
    <editdetail attribution="Reuters BIP Coding Group" action="confirmed" date="1997-05-19"/>
  </code>
  <code code="C411">
    <editdetail attribution="Reuters BIP Coding Group" action="confirmed" date="1997-05-19"/>
  </code>
  <code code="CCAT">
    <editdetail attribution="Reuters BIP Coding Group" action="confirmed" date="1997-05-19"/>
  </code>
</codes>
<dc element="dc.date.created" value="1997-05-19"/>
<dc element="dc.publisher" value="Reuters Holdings Plc"/>
<dc element="dc.date.published" value="1997-05-19"/>
<dc element="dc.source" value="Reuters"/>
<dc element="dc.creator.location" value="NEW YORK"/>
<dc element="dc.creator.location.country.name" value="USA"/>
<dc element="dc.source" value="Reuters"/>
</metadata>
</newsitem>
