<?xml version="1.0" encoding="iso-8859-1" ?>
<newsitem itemid="593989" id="root" date="1997-05-19" xml:lang="en">
<title>FRANCE: YACHTING - FRENCH SAILOR BREAKS WORLD RECORD.</title>
<headline>YACHTING - FRENCH SAILOR BREAKS WORLD RECORD.</headline>
<dateline>BREST, France 1997-05-19</dateline>
<text>
<p>French sailor Olivier de Kersauzon and a crew of six set a new around-the-world sailing record on Monday, circling the globe in 71 days, 14 hours, 18 minutes and eight seconds in his Sport-Elec trimaran yacht.</p>
<p>The previous record, set by New Zealander Sir Peter Blake three years ago, was 74 days 22 hours and 17 minutes.  </p>
<p>Kersauzon's yacht crossed the finish line at 6.59 a.m. GMT, making it the winner of the Jules Verne trophy, offered for sailing around the world in under 80 days.</p>
<p>Named after author Jules Verne's 1872 novel Around the World in 80 Days, the race ends at an imaginary line across the English Channel between the southernmost tip of Britain's Lizard Point and France's Ouessant Island.</p>
<p>Tens of thousands of fans were expected to welcome them in a few hours on their arrival in the port of Brest, western France, which they left on March 4.</p>
<p>Blake, on his trimaran Enza-New Zealand, had beaten de Kersauzon in 1994. Blake that year broke a record of 79 days six hours and 15 minutes set a year earlier by France's Bruno Peyron on his trimaran Commodore explorer.</p>
</text>
<copyright>(c) Reuters Limited 1997</copyright>
<metadata>
<codes class="bip:countries:1.0">
  <code code="FRA">
    <editdetail attribution="Reuters BIP Coding Group" action="confirmed" date="1997-05-19"/>
  </code>
</codes>
<codes class="bip:topics:1.0">
  <code code="GCAT">
    <editdetail attribution="Reuters BIP Coding Group" action="confirmed" date="1997-05-19"/>
  </code>
  <code code="GSPO">
    <editdetail attribution="Reuters BIP Coding Group" action="confirmed" date="1997-05-19"/>
  </code>
</codes>
<dc element="dc.date.created" value="1997-05-19"/>
<dc element="dc.publisher" value="Reuters Holdings Plc"/>
<dc element="dc.date.published" value="1997-05-19"/>
<dc element="dc.source" value="Reuters"/>
<dc element="dc.creator.location" value="BREST, France"/>
<dc element="dc.creator.location.country.name" value="FRANCE"/>
<dc element="dc.source" value="Reuters"/>
</metadata>
</newsitem>
