<?xml version="1.0" encoding="iso-8859-1" ?>
<newsitem itemid="593903" id="root" date="1997-05-19" xml:lang="en">
<title>USA: Colorocs president, COO McKeon resigns.</title>
<headline>Colorocs president, COO McKeon resigns.</headline>
<dateline>NORCROSS, Ga. 1997-05-19</dateline>
<text>
<p>Colorocs Information Technologies Inc said on Monday that its president and chief operating officer, Alan McKeon, has resigned to pursue new ventures.</p>
<p>McKeon remains a Colorocs director, the company said.</p>
<p>McKeon also resigned as president and chief executive of ViewCall America, a Colorocs majority-owned subsidiary bought by NetChannel Inc, a privately held firm based in South San Francisco, Calif.</p>
<p>That sale recently closed, Colorocs said.  ViewCall is an Internet TV system.  NetChannel plans to provide Internet access via the television.</p>
<p>Colorocs said its chairman and chief executive, Rudolph Russo, will assume McKeon's duties at that company.</p>
</text>
<copyright>(c) Reuters Limited 1997</copyright>
<metadata>
<codes class="bip:countries:1.0">
  <code code="USA">
    <editdetail attribution="Reuters BIP Coding Group" action="confirmed" date="1997-05-19"/>
  </code>
</codes>
<codes class="bip:industries:1.0">
  <code code="I61000">
    <editdetail attribution="Reuters BIP Coding Group" action="confirmed" date="1997-05-19"/>
  </code>
</codes>
<codes class="bip:topics:1.0">
  <code code="C41">
    <editdetail attribution="Reuters BIP Coding Group" action="confirmed" date="1997-05-19"/>
  </code>
  <code code="C411">
    <editdetail attribution="Reuters BIP Coding Group" action="confirmed" date="1997-05-19"/>
  </code>
  <code code="CCAT">
    <editdetail attribution="Reuters BIP Coding Group" action="confirmed" date="1997-05-19"/>
  </code>
</codes>
<dc element="dc.date.created" value="1997-05-19"/>
<dc element="dc.publisher" value="Reuters Holdings Plc"/>
<dc element="dc.date.published" value="1997-05-19"/>
<dc element="dc.source" value="Reuters"/>
<dc element="dc.creator.location" value="NORCROSS, Ga."/>
<dc element="dc.creator.location.country.name" value="USA"/>
<dc element="dc.source" value="Reuters"/>
</metadata>
</newsitem>
