<?xml version="1.0" encoding="iso-8859-1" ?>
<newsitem itemid="593920" id="root" date="1997-05-19" xml:lang="en">
<title>USA: Panamsat says court affirms suit dismissal.</title>
<headline>Panamsat says court affirms suit dismissal.</headline>
<dateline>GREENWICH, Conn. 1997-05-19</dateline>
<text>
<p>PanAmSat Corp said Monday the U.S. Court of Appeals affirmed the dismissal of its antitrust lawsuit against Comsat Corp.</p>
<p>PanAmSat said the U.S. Court of Appeals for the Second Circuit affirmed on May 16 a lower court's refusal to consider evidence of Comsat's participation with other Intelsat owners in an anticompetitive boycott of PanAmSat.</p>
<p>The company said the refusal was based on what the lower court determined to be Comsat's immunity from U.S. antitrust laws due to its status as a partial owner of the treat-based Intelsat organization, which operates a global satellite system.</p>
<p>PanAmSat's original suit was filed in 1989.</p>
</text>
<copyright>(c) Reuters Limited 1997</copyright>
<metadata>
<codes class="bip:countries:1.0">
  <code code="USA">
    <editdetail attribution="Reuters BIP Coding Group" action="confirmed" date="1997-05-19"/>
  </code>
</codes>
<codes class="bip:industries:1.0">
  <code code="I79020">
    <editdetail attribution="Reuters BIP Coding Group" action="confirmed" date="1997-05-19"/>
  </code>
</codes>
<codes class="bip:topics:1.0">
  <code code="C12">
    <editdetail attribution="Reuters BIP Coding Group" action="confirmed" date="1997-05-19"/>
  </code>
  <code code="C34">
    <editdetail attribution="Reuters BIP Coding Group" action="confirmed" date="1997-05-19"/>
  </code>
  <code code="CCAT">
    <editdetail attribution="Reuters BIP Coding Group" action="confirmed" date="1997-05-19"/>
  </code>
  <code code="GCAT">
    <editdetail attribution="Reuters BIP Coding Group" action="confirmed" date="1997-05-19"/>
  </code>
  <code code="GCRIM">
    <editdetail attribution="Reuters BIP Coding Group" action="confirmed" date="1997-05-19"/>
  </code>
</codes>
<dc element="dc.date.created" value="1997-05-19"/>
<dc element="dc.publisher" value="Reuters Holdings Plc"/>
<dc element="dc.date.published" value="1997-05-19"/>
<dc element="dc.source" value="Reuters"/>
<dc element="dc.creator.location" value="GREENWICH, Conn."/>
<dc element="dc.creator.location.country.name" value="USA"/>
<dc element="dc.source" value="Reuters"/>
</metadata>
</newsitem>
