<?xml version="1.0" encoding="iso-8859-1" ?>
<newsitem itemid="593981" id="root" date="1997-05-19" xml:lang="en">
<title>ITALY: SOCCER-PARMA COACH HITS OUT AT REFEREES.</title>
<headline>SOCCER-PARMA COACH HITS OUT AT REFEREES.</headline>
<dateline>PARMA, Italy 1997-05-19</dateline>
<text>
<p>Parma coach Carlo Ancelotti, shown a red card on Sunday in a 1-1 draw that effectively handed the Italian championship to Juventus, said on Monday that refereeing mistakes had cost his club dearly.</p>
<p>&quot;It would be exaggerated to say that the championship has been dictated by refereeing decisions, Juventus deserved to win and a penalty more or a penalty less cannot undermine certain values,&quot; he said.</p>
<p>&quot;Parma recognises certain qualities but we cannot stay silent in the face of decisions obvious to all.&quot;</p>
<p>Ancelotti said that Parma had suffered refereeing mistakes in their last two matches, when they suffered a late equalising penalty by AC Milan and then by Juventus on Sunday.</p>
<p>He said the dubious call against Milan meant that second-placed Parma faced Juventus with a six-point difference rather than four. &quot;It would have been a different match. Yesterday the referee got it wrong,&quot; he said.</p>
<p>Juventus grabbed a first half equaliser on Sunday when Christian Vieri was judged to have been fouled. Ancelotti was shown the red card for protesting with his players.</p>
<p>Ancelotti said his biggest regret was Parma's shaky start to the season, when his job looked in danger and midfielder Gianfranco Zola left to join Chelsea in England.</p>
<p>He said he had not wanted Zola to leave and had intended to find a way to play him with Argentine striker Hernan Crespo and Italy's Enrico Chiesa. &quot;We might have let in more goals, but we would have scored far more,&quot; he said.</p>
</text>
<copyright>(c) Reuters Limited 1997</copyright>
<metadata>
<codes class="bip:countries:1.0">
  <code code="ITALY">
    <editdetail attribution="Reuters BIP Coding Group" action="confirmed" date="1997-05-19"/>
  </code>
</codes>
<codes class="bip:topics:1.0">
  <code code="GCAT">
    <editdetail attribution="Reuters BIP Coding Group" action="confirmed" date="1997-05-19"/>
  </code>
  <code code="GSPO">
    <editdetail attribution="Reuters BIP Coding Group" action="confirmed" date="1997-05-19"/>
  </code>
</codes>
<dc element="dc.date.created" value="1997-05-19"/>
<dc element="dc.publisher" value="Reuters Holdings Plc"/>
<dc element="dc.date.published" value="1997-05-19"/>
<dc element="dc.source" value="Reuters"/>
<dc element="dc.creator.location" value="PARMA, Italy"/>
<dc element="dc.creator.location.country.name" value="ITALY"/>
<dc element="dc.source" value="Reuters"/>
</metadata>
</newsitem>
