<?xml version="1.0" encoding="iso-8859-1" ?>
<newsitem itemid="593997" id="root" date="1997-05-19" xml:lang="en">
<title>UK: BRITAIN BANS TOBACCO SPORTS SPONSORSHIP.</title>
<headline>BRITAIN BANS TOBACCO SPORTS SPONSORSHIP.</headline>
<byline>Giles Elgood</byline>
<dateline>LONDON 1997-05-19</dateline>
<text>
<p>Britain's new Labour government announced on Monday that it was banning sponsorship of sporting events by tobacco companies, dealing a blow to many of the nation's favourite fixtures.</p>
<p>Anti-smoking campaigners welcomed the move but tobacco companies said they were disappointed by a decision they said would not bring a drop in tobacco consumption.</p>
<p>Cigarette companies spend millions sponsoring sports such as cricket, golf, darts, rugby league, show-jumping and Formula One motor racing.</p>
<p>But Health Secretary Frank Dobson said the sports promoters would have to learn to live without tobacco advertising and sponsorship.</p>
<p>&quot;We recognise that some sports are heavily dependent on tobacco sponsorship,&quot; he said in a speech to the Congress of the Royal College of Nursing.</p>
<p>&quot;We do not wish to harm these sports. We will therefore give them time and help to reduce their dependency on tobacco and replace it with sponsorship from more benign sources.&quot;</p>
<p>The government, who trounced the Conservatives in the May 1 election, confirmed last week that it planned to outlaw tobacco advertising, but made no mention at the time of extending the ban to sports sponsorship.</p>
<p>Dobson said sports authorities had to recognise that by helping to promote the sales of tobacco they were harming the health of many fans.</p>
<p>&quot;The fact is that the tobacco industry, unique amongst all industries, kills around 120,000 of its own customers every year,&quot; Dobson said.</p>
<p>He was backed by one of Britain's main cancer charities, the Imperial Cancer Research Fund.</p>
<p>Spokeswoman Margaret Swain said: &quot;We would welcome any moves that the government make to ban tobacco advertising and sponsorship.&quot;</p>
<p>The Tobacco Manufacturers' Association said a variety of sports would suffer financially as a result of the ban.</p>
<p>The group's executive director of industry affairs John Carlisle said: &quot;We think that banning sport sponsorship will have no effect on the consumption of tobacco products.</p>
<p>&quot;What it will do is make life extremely difficult for several sports who so heavily rely on tobacco sponsorship.&quot;</p>
<p>Tobacco companies argue that a ban on advertising would not cut cigarette consumption as the ads only persuade existing smokers to change brands.</p>
<p>Paul Sadler, a spokesman for Imperial Tobacco, whose Embassy cigarettes sponsor snooker and darts competitions, said his company was &quot;very disappointed&quot; by the move.</p>
<p>&quot;Advertising and sponsorship are very much linked to brand share. They are nothing whatsover to do with total consumption in the marketplace,&quot; he said on BBC radio.</p>
<p>Ben Scofield, executive director of the Professional Golfers' Association European Tour, which attracts tobacco sponsorship in Britain, said this was banned in many other countries.</p>
<p>&quot;We will wait and see how this progresses,&quot; he said.</p>
<p>One way sponsorship might be allowed to continue would be for the same companies to advertise products other than cigarettes.</p>
<p>Amongst the most high-profile recipients of tobacco industry sponsorship are British-based Formula One motor racing teams.</p>
<p>These include Williams, Benetton, Jordan, Tyrell and McLaren.</p>
</text>
<copyright>(c) Reuters Limited 1997</copyright>
<metadata>
<codes class="bip:countries:1.0">
  <code code="UK">
    <editdetail attribution="Reuters BIP Coding Group" action="confirmed" date="1997-05-19"/>
  </code>
</codes>
<codes class="bip:topics:1.0">
  <code code="GCAT">
    <editdetail attribution="Reuters BIP Coding Group" action="confirmed" date="1997-05-19"/>
  </code>
  <code code="GSPO">
    <editdetail attribution="Reuters BIP Coding Group" action="confirmed" date="1997-05-19"/>
  </code>
</codes>
<dc element="dc.date.created" value="1997-05-19"/>
<dc element="dc.publisher" value="Reuters Holdings Plc"/>
<dc element="dc.date.published" value="1997-05-19"/>
<dc element="dc.source" value="Reuters"/>
<dc element="dc.creator.location" value="LONDON"/>
<dc element="dc.creator.location.country.name" value="UK"/>
<dc element="dc.source" value="Reuters"/>
</metadata>
</newsitem>
