<?xml version="1.0" encoding="iso-8859-1" ?>
<newsitem itemid="593901" id="root" date="1997-05-19" xml:lang="en">
<title>USA: Hewlett-Packard consolidates sales segments.</title>
<headline>Hewlett-Packard consolidates sales segments.</headline>
<dateline>PALO ALTO, Calif. 1997-05-19</dateline>
<text>
<p>Hewlett-Packard Co said it is consolidating sales and channel-management activities within its Computer Organization and realigning segments of the organization's operating units.</p>
<p>It said the move is aimed at increasing focus on emerging and growing markets, including electronic commerce and other opportunities created by the Internet.</p>
<p>A spokeswoman said the consolidation included no layoffs.</p>
</text>
<copyright>(c) Reuters Limited 1997</copyright>
<metadata>
<codes class="bip:countries:1.0">
  <code code="USA">
    <editdetail attribution="Reuters BIP Coding Group" action="confirmed" date="1997-05-19"/>
  </code>
</codes>
<codes class="bip:industries:1.0">
  <code code="I33020">
    <editdetail attribution="Reuters BIP Coding Group" action="confirmed" date="1997-05-19"/>
  </code>
  <code code="I3302003">
    <editdetail attribution="Reuters BIP Coding Group" action="confirmed" date="1997-05-19"/>
  </code>
</codes>
<codes class="bip:topics:1.0">
  <code code="C11">
    <editdetail attribution="Reuters BIP Coding Group" action="confirmed" date="1997-05-19"/>
  </code>
  <code code="CCAT">
    <editdetail attribution="Reuters BIP Coding Group" action="confirmed" date="1997-05-19"/>
  </code>
</codes>
<dc element="dc.date.created" value="1997-05-19"/>
<dc element="dc.publisher" value="Reuters Holdings Plc"/>
<dc element="dc.date.published" value="1997-05-19"/>
<dc element="dc.source" value="Reuters"/>
<dc element="dc.creator.location" value="PALO ALTO, Calif."/>
<dc element="dc.creator.location.country.name" value="USA"/>
<dc element="dc.source" value="Reuters"/>
</metadata>
</newsitem>
