<?xml version="1.0" encoding="iso-8859-1" ?>
<newsitem itemid="593936" id="root" date="1997-05-19" xml:lang="en">
<title>USA: Republic says judge freezes car dealer deal.</title>
<headline>Republic says judge freezes car dealer deal.</headline>
<dateline>FORT LAUDERDALE, Fla. 1997-05-19</dateline>
<text>
<p>Republic Industries Inc said Monday that an administrative law judge from the Texas Department of Transportation has denied its request to lift a stay of its pending acquisition of Joe Myers Toyota of Houston, Texas.</p>
<p>The stay was imposed automatically when Toyota Motors USA filed an action with the department, in which Toyota, a unit of the Japanese car company, is seeking to block its acquisition of the dealership, Republic said in a statement.  </p>
<p>Responding to the decision, the Toyota unit said, &quot;The judge's decision is a decisive victory for Texas consumers, as well as for Toyota and our dealers.&quot;</p>
<p>Republic, in its statement, said that in her ruling, Administrative Law Judge Molly Singletary ordered that the stay remain in effect until the Texas Motor Vehicle Board makes a final determination regarding the proposed acquisition of Joe Myers Toyota.</p>
<p>Republic's  president and co-chief executive officer Steven R. Berrard said Republic was &quot;disappointed but not surprised by this decision.&quot;</p>
<p>He noted that the process before the Texas Motor Vehicle Board is in its early stages and that Republic believes it will ultimately &quot;prevail in our effort to make acquisitions without regard to Toyota's arbitrary policies.&quot;</p>
<p>&quot;Republic remains committed to its strategy and will pursue every means to execute that strategy,&quot; he said.</p>
<p>&quot;We tried to get the stay lifted because we believe we will ultimately prevail on the merits, but it's important to remember that the judge's decision to keep the stay in place does not in any way lend credibility to Toyota's original complaint,&quot; he said.</p>
</text>
<copyright>(c) Reuters Limited 1997</copyright>
<metadata>
<codes class="bip:countries:1.0">
  <code code="JAP">
    <editdetail attribution="Reuters BIP Coding Group" action="confirmed" date="1997-05-19"/>
  </code>
  <code code="USA">
    <editdetail attribution="Reuters BIP Coding Group" action="confirmed" date="1997-05-19"/>
  </code>
</codes>
<codes class="bip:industries:1.0">
  <code code="I35101">
    <editdetail attribution="Reuters BIP Coding Group" action="confirmed" date="1997-05-19"/>
  </code>
  <code code="I65100">
    <editdetail attribution="Reuters BIP Coding Group" action="confirmed" date="1997-05-19"/>
  </code>
  <code code="I92110">
    <editdetail attribution="Reuters BIP Coding Group" action="confirmed" date="1997-05-19"/>
  </code>
</codes>
<codes class="bip:topics:1.0">
  <code code="C12">
    <editdetail attribution="Reuters BIP Coding Group" action="confirmed" date="1997-05-19"/>
  </code>
  <code code="C18">
    <editdetail attribution="Reuters BIP Coding Group" action="confirmed" date="1997-05-19"/>
  </code>
  <code code="C181">
    <editdetail attribution="Reuters BIP Coding Group" action="confirmed" date="1997-05-19"/>
  </code>
  <code code="CCAT">
    <editdetail attribution="Reuters BIP Coding Group" action="confirmed" date="1997-05-19"/>
  </code>
  <code code="GCAT">
    <editdetail attribution="Reuters BIP Coding Group" action="confirmed" date="1997-05-19"/>
  </code>
  <code code="GCRIM">
    <editdetail attribution="Reuters BIP Coding Group" action="confirmed" date="1997-05-19"/>
  </code>
</codes>
<dc element="dc.date.created" value="1997-05-19"/>
<dc element="dc.publisher" value="Reuters Holdings Plc"/>
<dc element="dc.date.published" value="1997-05-19"/>
<dc element="dc.source" value="Reuters"/>
<dc element="dc.creator.location" value="FORT LAUDERDALE, Fla."/>
<dc element="dc.creator.location.country.name" value="USA"/>
<dc element="dc.source" value="Reuters"/>
</metadata>
</newsitem>
