<?xml version="1.0" encoding="iso-8859-1" ?>
<newsitem itemid="593918" id="root" date="1997-05-19" xml:lang="en">
<title>USA: US House lawmakers to introduce litigation reform.</title>
<headline>US House lawmakers to introduce litigation reform.</headline>
<dateline>WASHINGTON 1997-05-19</dateline>
<text>
<p>Two House lawmakers said Monday they will introduce legislation in the House of Representatives on May 21 that would stop securities class action suits from migrating to state courts.</p>
<p>Representative Anna Eshoo, a California Democrat, said in a statement that she and Rick White, a Republican from Washington, will hold a press briefing on Wednesday to &quot;mark the introduction of bipartisan legislation to establish uniform, national standards for frivolous securities lawsuits.&quot;</p>
<p>The legislation has been sought by the Uniform Standards Coalition, a nationwide organization of hi-tech companies, venture capitalists and others who are seeking congressional action to put an end to what they call frivolous lawsuits.</p>
<p>In December 1995, Congress passed the Private Securities Litigation Reform Act of 1995, over a presidential veto. That bill was designed to provide relief to companies from such lawsuits, but the lawmakers say now a federal preemption over state jurisdiction in these cases is needed.</p>
<p>&quot;Lawyers are now avoiding federal courts in favor of state courts, where companies are more vulnerable,&quot; Eshoo's office said in the statement.</p>
</text>
<copyright>(c) Reuters Limited 1997</copyright>
<metadata>
<codes class="bip:countries:1.0">
  <code code="USA">
    <editdetail attribution="Reuters BIP Coding Group" action="confirmed" date="1997-05-19"/>
  </code>
</codes>
<codes class="bip:industries:1.0">
  <code code="I83100">
    <editdetail attribution="Reuters BIP Coding Group" action="confirmed" date="1997-05-19"/>
  </code>
</codes>
<codes class="bip:topics:1.0">
  <code code="C12">
    <editdetail attribution="Reuters BIP Coding Group" action="confirmed" date="1997-05-19"/>
  </code>
  <code code="CCAT">
    <editdetail attribution="Reuters BIP Coding Group" action="confirmed" date="1997-05-19"/>
  </code>
  <code code="GCAT">
    <editdetail attribution="Reuters BIP Coding Group" action="confirmed" date="1997-05-19"/>
  </code>
  <code code="GCRIM">
    <editdetail attribution="Reuters BIP Coding Group" action="confirmed" date="1997-05-19"/>
  </code>
  <code code="GPOL">
    <editdetail attribution="Reuters BIP Coding Group" action="confirmed" date="1997-05-19"/>
  </code>
</codes>
<dc element="dc.date.created" value="1997-05-19"/>
<dc element="dc.publisher" value="Reuters Holdings Plc"/>
<dc element="dc.date.published" value="1997-05-19"/>
<dc element="dc.source" value="Reuters"/>
<dc element="dc.creator.location" value="WASHINGTON"/>
<dc element="dc.creator.location.country.name" value="USA"/>
<dc element="dc.source" value="Reuters"/>
</metadata>
</newsitem>
