<?xml version="1.0" encoding="iso-8859-1" ?>
<newsitem itemid="593919" id="root" date="1997-05-19" xml:lang="en">
<title>USA: LL&amp;E well off Indonesia in production.</title>
<headline>LL&amp;E well off Indonesia in production.</headline>
<dateline>NEW ORLEANS 1997-05-19</dateline>
<text>
<p>Louisiana Land and Exploration Co said Monday production from the Nelayan-1 discovery well in the KAKAP Production Sharing Contract, offshore Indonesia, has stabilized at a flow rate of about 4,500 barrels of oil per day.</p>
<p>LL&amp;E owns a 15 percent working interest in the KAKAP contract, which is operated by Gulf Canada Resources Ltd. Gulf has a 31.25 percent interest, NOVUS has 25 percent, Premier Kakap 18.75 percent and Indonesian state oil firm Pertamina 10 percent.  </p>
<p>LL&amp;E said the Nelayan-1 was directionally drilled from the existing KG Platform to a depth of 3,625 meters (11,900 feet) and began production in early May.  This well encountered about 70 meters (230 feet) of net oil pay with good reservoir quality in several stacked oil-bearing sands, it said.</p>
<p>LL&amp;E said the well also confirmed excellent follow-up potential in the Nelayan structure and in similar structures along the KAKAP wrench fault trend.  Three additional exploratory wells along the wrench fault are planned for drilling at KAKAP later this year.</p>
<p>It also said the KR-1 well at the KR Field, one of three fields discovered in 1995 that are being tied back to existing production facilities via subsea completions, recently went on production at an initial rate of 3,000 barrels of oil per day. The other two new fields, KRN and KG5, are expected to be placed on production by the end of May.</p>
<p>((-- New York Newsdesk 212-859-1610.))</p>
</text>
<copyright>(c) Reuters Limited 1997</copyright>
<metadata>
<codes class="bip:countries:1.0">
  <code code="INDON">
    <editdetail attribution="Reuters BIP Coding Group" action="confirmed" date="1997-05-19"/>
  </code>
  <code code="USA">
    <editdetail attribution="Reuters BIP Coding Group" action="confirmed" date="1997-05-19"/>
  </code>
</codes>
<codes class="bip:industries:1.0">
  <code code="I13000">
    <editdetail attribution="Reuters BIP Coding Group" action="confirmed" date="1997-05-19"/>
  </code>
  <code code="I1300003">
    <editdetail attribution="Reuters BIP Coding Group" action="confirmed" date="1997-05-19"/>
  </code>
</codes>
<codes class="bip:topics:1.0">
  <code code="C21">
    <editdetail attribution="Reuters BIP Coding Group" action="confirmed" date="1997-05-19"/>
  </code>
  <code code="C24">
    <editdetail attribution="Reuters BIP Coding Group" action="confirmed" date="1997-05-19"/>
  </code>
  <code code="CCAT">
    <editdetail attribution="Reuters BIP Coding Group" action="confirmed" date="1997-05-19"/>
  </code>
</codes>
<dc element="dc.date.created" value="1997-05-19"/>
<dc element="dc.publisher" value="Reuters Holdings Plc"/>
<dc element="dc.date.published" value="1997-05-19"/>
<dc element="dc.source" value="Reuters"/>
<dc element="dc.creator.location" value="NEW ORLEANS"/>
<dc element="dc.creator.location.country.name" value="USA"/>
<dc element="dc.source" value="Reuters"/>
</metadata>
</newsitem>
