<?xml version="1.0" encoding="iso-8859-1" ?>
<newsitem itemid="593947" id="root" date="1997-05-19" xml:lang="en">
<title>USA: Lone Star Intl to retire 3.4 mln shares.</title>
<headline>Lone Star Intl to retire 3.4 mln shares.</headline>
<dateline>WEATHERFORD, Texas 1997-05-19</dateline>
<text>
<p>Lone Star International Energy Inc said Monday it was retiring 3.4 million of its common shares.</p>
<p>With the retirement of the shares, the company's issued and outstanding common stock will decline to 16,465,283 shares, it said.</p>
</text>
<copyright>(c) Reuters Limited 1997</copyright>
<metadata>
<codes class="bip:countries:1.0">
  <code code="USA">
    <editdetail attribution="Reuters BIP Coding Group" action="confirmed" date="1997-05-19"/>
  </code>
</codes>
<codes class="bip:topics:1.0">
  <code code="C17">
    <editdetail attribution="Reuters BIP Coding Group" action="confirmed" date="1997-05-19"/>
  </code>
  <code code="C171">
    <editdetail attribution="Reuters BIP Coding Group" action="confirmed" date="1997-05-19"/>
  </code>
  <code code="CCAT">
    <editdetail attribution="Reuters BIP Coding Group" action="confirmed" date="1997-05-19"/>
  </code>
</codes>
<dc element="dc.date.created" value="1997-05-19"/>
<dc element="dc.publisher" value="Reuters Holdings Plc"/>
<dc element="dc.date.published" value="1997-05-19"/>
<dc element="dc.source" value="Reuters"/>
<dc element="dc.creator.location" value="WEATHERFORD, Texas"/>
<dc element="dc.creator.location.country.name" value="USA"/>
<dc element="dc.source" value="Reuters"/>
</metadata>
</newsitem>
