<?xml version="1.0" encoding="iso-8859-1" ?>
<newsitem itemid="593966" id="root" date="1997-05-19" xml:lang="en">
<title>USA: Rhone-Poulenc p53 gene therapy shows action.</title>
<headline>Rhone-Poulenc p53 gene therapy shows action.</headline>
<dateline>DENVER 1997-05-19</dateline>
<text>
<p>Houston researchers on Monday said the first gene therapy study of tumor suppressor p53 gene was safe and showed evidence of clinical activity, setting the stage for Phase II trials by Rhone-Poulenc Rorer.</p>
<p>Researchers from The University of Texas M.D. Anderson Cancer Center disclosed results of the Phase I trial of 30 patients with recurrent head and neck cancer during the American Society of Clinical Oncology annual meeting being held here.  </p>
<p>&quot;The treatment appears to be safe and did not cause any serious side effects,&quot; researchers said in a prepared statement, adding it &quot;resulted in tumor regression in several patients who could not undergo surgery for their recurrent tumors.&quot;</p>
<p>The dose-escalation trial is being sponsored by privately held Introgen Therapeutics Inc of Austin, Texas, and RPR Gencell, the gene therapy division of Rhone-Poulenc Rorer based in Collegeville, Pa.  </p>
<p>All were end-stage patients who had failed conventional treatments, the researchers said, adding their tumors were directly injected with p53 gene that had been loaded into an adenovirus.</p>
<p>By the end of the trial five of the 17 non-operable patients were stable and two exhibited partial regression -- defined as at least a fifty percent reduction in injected tumor. They had received injections every other day for two weeks.</p>
</text>
<copyright>(c) Reuters Limited 1997</copyright>
<metadata>
<codes class="bip:countries:1.0">
  <code code="USA">
    <editdetail attribution="Reuters BIP Coding Group" action="confirmed" date="1997-05-19"/>
  </code>
</codes>
<codes class="bip:industries:1.0">
  <code code="I25000">
    <editdetail attribution="Reuters BIP Coding Group" action="confirmed" date="1997-05-19"/>
  </code>
  <code code="I25700">
    <editdetail attribution="Reuters BIP Coding Group" action="confirmed" date="1997-05-19"/>
  </code>
</codes>
<codes class="bip:topics:1.0">
  <code code="C23">
    <editdetail attribution="Reuters BIP Coding Group" action="confirmed" date="1997-05-19"/>
  </code>
  <code code="CCAT">
    <editdetail attribution="Reuters BIP Coding Group" action="confirmed" date="1997-05-19"/>
  </code>
  <code code="GCAT">
    <editdetail attribution="Reuters BIP Coding Group" action="confirmed" date="1997-05-19"/>
  </code>
  <code code="GHEA">
    <editdetail attribution="Reuters BIP Coding Group" action="confirmed" date="1997-05-19"/>
  </code>
</codes>
<dc element="dc.date.created" value="1997-05-19"/>
<dc element="dc.publisher" value="Reuters Holdings Plc"/>
<dc element="dc.date.published" value="1997-05-19"/>
<dc element="dc.source" value="Reuters"/>
<dc element="dc.creator.location" value="DENVER"/>
<dc element="dc.creator.location.country.name" value="USA"/>
<dc element="dc.source" value="Reuters"/>
</metadata>
</newsitem>
