<?xml version="1.0" encoding="iso-8859-1" ?>
<newsitem itemid="593959" id="root" date="1997-05-19" xml:lang="en">
<title>USA: Texaco -Eugene Island 176 kbpd line shut.</title>
<headline>Texaco -Eugene Island 176 kbpd line shut.</headline>
<dateline>NEW YORK 1997-05-19</dateline>
<text>
<p>Texaco Inc said Monday that its 176,000 barrels per day (bpd) Eugene Island pipeline was shut in since Friday evening after a split in the pipeline caused a spill into Lake Barre in Louisiana.</p>
<p>About 20,000 bpd of the crude oil has been diverted to the Poseidon pipeline system, also operated by Texaco, and the company was looking for alternative routes for more oil, said Pierre DeGruy, a Texaco Spokesman.</p>
<p>The pipeline break caused a spill of between 250 and 400 barrels of crude oil into the lake, which was being attended by Texaco, Coast Guard and other response teams.  </p>
<p>The spill occured Friday evening in the water at Lake Barre, Terrebone, which is located about 27 miles from Houma, in south Louisiana near the Gulf of Mexico coast, said Texaco spokesman Paul Weeditz in Houston.</p>
<p>&quot;Our Gulf Coast spill response team responded and the Coast Guard were mobilizing a number of ships -- about 17 skimming vessels, I believe -- over the weekend,&quot; said Weeditz.</p>
<p>There was no report of damage to local wildlife so far and part of the response operation was to boom off a number of grassy islands in the lake, he said.</p>
<p>--((New York Energy Desk, +1 212 859 1623))</p>
</text>
<copyright>(c) Reuters Limited 1997</copyright>
<metadata>
<codes class="bip:countries:1.0">
  <code code="USA">
    <editdetail attribution="Reuters BIP Coding Group" action="confirmed" date="1997-05-19"/>
  </code>
</codes>
<codes class="bip:industries:1.0">
  <code code="I13000">
    <editdetail attribution="Reuters BIP Coding Group" action="confirmed" date="1997-05-19"/>
  </code>
  <code code="I1300003">
    <editdetail attribution="Reuters BIP Coding Group" action="confirmed" date="1997-05-19"/>
  </code>
</codes>
<codes class="bip:topics:1.0">
  <code code="C21">
    <editdetail attribution="Reuters BIP Coding Group" action="confirmed" date="1997-05-19"/>
  </code>
  <code code="C24">
    <editdetail attribution="Reuters BIP Coding Group" action="confirmed" date="1997-05-19"/>
  </code>
  <code code="CCAT">
    <editdetail attribution="Reuters BIP Coding Group" action="confirmed" date="1997-05-19"/>
  </code>
  <code code="GCAT">
    <editdetail attribution="Reuters BIP Coding Group" action="confirmed" date="1997-05-19"/>
  </code>
  <code code="GENV">
    <editdetail attribution="Reuters BIP Coding Group" action="confirmed" date="1997-05-19"/>
  </code>
</codes>
<dc element="dc.date.created" value="1997-05-19"/>
<dc element="dc.publisher" value="Reuters Holdings Plc"/>
<dc element="dc.date.published" value="1997-05-19"/>
<dc element="dc.source" value="Reuters"/>
<dc element="dc.creator.location" value="NEW YORK"/>
<dc element="dc.creator.location.country.name" value="USA"/>
<dc element="dc.source" value="Reuters"/>
</metadata>
</newsitem>
