<?xml version="1.0" encoding="iso-8859-1" ?>
<newsitem itemid="594078" id="root" date="1997-05-19" xml:lang="en">
<title>POLAND: LDA APRIL NET RISES TO PLN 0.1 MLN.</title>
<headline>LDA APRIL NET RISES TO PLN 0.1 MLN.</headline>
<dateline>WARSAW 1997-05-19</dateline>
<text>
<p>Preliminary results April </p>
<p>(in million zlotys unless stated)</p>
<p> APRIL		    1997     1996</p>
<p> Net profit	     0.13 vs   0.10</p>
<p> Pre-tax profit	 0.19 vs   0.16</p>
<p> Operating profit     0.20 vs   0.13</p>
<p> Sales		    3.18 vs   2.77</p>
<p> JANUARY-APRIL	  1997     1996</p>
<p> Net profit	     0.45 vs   0.32</p>
<p> Pre-tax profit	 0.73 vs   0.55</p>
<p> Operating profit     0.75 vs   0.54</p>
<p> Sales		   11.69 vs  10.35</p>
<p>Note. Full name of the Polish printing house is Lodzka</p>
<p>Drukarnia Akcydensowa SA.</p>
<p>-- Warsaw Newsroom +48 22 653 9700</p>
</text>
<copyright>(c) Reuters Limited 1997</copyright>
<metadata>
<codes class="bip:countries:1.0">
  <code code="POL">
    <editdetail attribution="Reuters BIP Coding Group" action="confirmed" date="1997-05-19"/>
  </code>
</codes>
<codes class="bip:industries:1.0">
  <code code="I47500">
    <editdetail attribution="Reuters BIP Coding Group" action="confirmed" date="1997-05-19"/>
  </code>
</codes>
<codes class="bip:topics:1.0">
  <code code="C15">
    <editdetail attribution="Reuters BIP Coding Group" action="confirmed" date="1997-05-19"/>
  </code>
  <code code="C151">
    <editdetail attribution="Reuters BIP Coding Group" action="confirmed" date="1997-05-19"/>
  </code>
  <code code="CCAT">
    <editdetail attribution="Reuters BIP Coding Group" action="confirmed" date="1997-05-19"/>
  </code>
</codes>
<dc element="dc.date.created" value="1997-05-19"/>
<dc element="dc.publisher" value="Reuters Holdings Plc"/>
<dc element="dc.date.published" value="1997-05-19"/>
<dc element="dc.source" value="Reuters"/>
<dc element="dc.creator.location" value="WARSAW"/>
<dc element="dc.creator.location.country.name" value="POLAND"/>
<dc element="dc.source" value="Reuters"/>
</metadata>
</newsitem>
