<?xml version="1.0" encoding="iso-8859-1" ?>
<newsitem itemid="594061" id="root" date="1997-05-19" xml:lang="en">
<title>SOUTH AFRICA: S.AFRICAN INTELLECTUAL PROPERTY BILL AMENDED.</title>
<headline>S.AFRICAN INTELLECTUAL PROPERTY BILL AMENDED.</headline>
<dateline>CAPE TOWN 1997-05-19</dateline>
<text>
<p>The parliamentary trade and industry committee on Monday acted to limit the sweeping powers originally proposed for government officials examining intellectual property rights infringements.</p>
<p>Committee chairman Rob Davies said there had been concern that the Intellectual Property Laws Amendment Bill gave inspectors too wide authority to enter or search premises for counterfeit goods without warrants.</p>
<p>The committee accepted an amendment that would allow entry and search without warrants as long as warrants were obtained within 10 days.</p>
<p>It also introduced a clause that would ensure that people being investigated or questioned would be given the right to remain silent and informed of the consequences of remaining silent.</p>
<p>The committee broadened the definition of guilt to ensure that people found guilty of trade in counterfeit goods were aware that the goods were counterfeit rather than merely being in possession of them.</p>
<p>The bill, which is linked to the Counterfeit Goods Bill which the committee passed without amendment, is aimed at cracking down on the growing trade in counterfeit goods in South Africa since the lifting of sanctions. It is in line with the country's World Trade Organisation obligations.</p>
<p>-- Parliamentary newsroom +27 21 403-2502</p>
</text>
<copyright>(c) Reuters Limited 1997</copyright>
<metadata>
<codes class="bip:countries:1.0">
  <code code="SAFR">
    <editdetail attribution="Reuters BIP Coding Group" action="confirmed" date="1997-05-19"/>
  </code>
</codes>
<codes class="bip:topics:1.0">
  <code code="C12">
    <editdetail attribution="Reuters BIP Coding Group" action="confirmed" date="1997-05-19"/>
  </code>
  <code code="C13">
    <editdetail attribution="Reuters BIP Coding Group" action="confirmed" date="1997-05-19"/>
  </code>
  <code code="CCAT">
    <editdetail attribution="Reuters BIP Coding Group" action="confirmed" date="1997-05-19"/>
  </code>
  <code code="GCAT">
    <editdetail attribution="Reuters BIP Coding Group" action="confirmed" date="1997-05-19"/>
  </code>
  <code code="GCRIM">
    <editdetail attribution="Reuters BIP Coding Group" action="confirmed" date="1997-05-19"/>
  </code>
  <code code="GPOL">
    <editdetail attribution="Reuters BIP Coding Group" action="confirmed" date="1997-05-19"/>
  </code>
</codes>
<dc element="dc.date.created" value="1997-05-19"/>
<dc element="dc.publisher" value="Reuters Holdings Plc"/>
<dc element="dc.date.published" value="1997-05-19"/>
<dc element="dc.source" value="Reuters"/>
<dc element="dc.creator.location" value="CAPE TOWN"/>
<dc element="dc.creator.location.country.name" value="SOUTH AFRICA"/>
<dc element="dc.source" value="Reuters"/>
</metadata>
</newsitem>
