<?xml version="1.0" encoding="iso-8859-1" ?>
<newsitem itemid="594065" id="root" date="1997-05-19" xml:lang="en">
<title>SOUTH AFRICA: SA WEEK AHEAD - MARKETS SEEN CHEERED BY UPBEAT DATA.</title>
<headline>SA WEEK AHEAD - MARKETS SEEN CHEERED BY UPBEAT DATA.</headline>
<dateline>JOHANNESBURG 1997-05-19</dateline>
<text>
<p>South African financial markets can look forward to a positive set of economic figures over the next fortnight after a roller coaster ride last week, economists said on Friday.</p>
<p>The April trade balance is expected in the second half of the week, but the more closely watched figure will be the consumer inflation number.</p>
<p>Most economists expected the April consumer price index this week, but the Central Statistical Service (CSS) said on Friday the number was due out only in the week starting May 26.</p>
<p>A Reuters consensus poll of nine economists forecast CPI would remain flat from the March figure at 0.6 percent month-on-month or 9.6 percent year-on-year when inflation dipped for the first time in 11 months.</p>
<p>&quot;The good news is that the April figure should either confirm that the 9.8 percent (year-on-year rise) in February was the peak or that, if the figure surprises on the high side, that will represent the peak,&quot; said Rand Merchant Bank treasury economist Julia Roy.</p>
<p>The monthly pace of increasing food prices was starting to moderate and the benefits of lower imported inflation due to the rand's appreciation this year should start flowing through, Roy said.</p>
<p>Sandra Gordon of Syfrets saw a peak of 0.8 percent month-on-month or 9.8 percent year-on-year in April with inflation expected to taper off to around 9.4 percent in May.</p>
<p>The unfavourable prospect of double digit inflation -- anticipated at the start of the year -- was fast receding, economists agreed, with inflation seen edging lower after the April number.</p>
<p>Factors seen putting pressure on inflation in April included increaSed taxes on tobacco and alcohol introduced in the March budget and a low base factor from a year ago.</p>
<p>&quot;Normally the April number can be a bit of a jump and last April happened to be quite low so there is potential for the index to move up a bit,&quot; said Kevin Lings of Nedcor, forecasting a year-on-year rise above consensus at 9.9 percent or 0.9 percent month-on-month.</p>
<p>But he agreed April would likely represent the peak in consumer inflation, although producer inflation could still peak beyond the consumer figure, possibly !bove ten percent.</p>
<p>Producer price inflation rose to a 21-month high of 0.1 percent or 9.6 percent in March after rising 9.3 percent in February.</p>
<p>Most economists again shied away from forecasting a number for the traditionally volatile trade figure, but generally looked for an improving performance on the back of healthier export growth relative to that of imports.</p>
<p>Those brave enough to stick out their necks expected another surplus of around 900 million rand after a 1.98 billion surplus in March and from a 451.6 million deficit in February.</p>
<p>&quot;On an average type basis the performance is looking quite good with expectatiols of imports easing and exports doing a bit better,&quot; Nedcor's Lings said.</p>
<p>Others searching their crystal balls expected an on-going improvement on a rolling three-month basis with the pace of export growth picking up relative to that of imports, restoring confidence in a substantially reduced 1997 current account deficit.</p>
<p>-- Johannesburg newsroom 27 11 482 1003</p>
</text>
<copyright>(c) Reuters Limited 1997</copyright>
<metadata>
<codes class="bip:countries:1.0">
  <code code="SAFR">
    <editdetail attribution="Reuters BIP Coding Group" action="confirmed" date="1997-05-19"/>
  </code>
</codes>
<codes class="bip:topics:1.0">
  <code code="M11">
    <editdetail attribution="Reuters BIP Coding Group" action="confirmed" date="1997-05-19"/>
  </code>
  <code code="M12">
    <editdetail attribution="Reuters BIP Coding Group" action="confirmed" date="1997-05-19"/>
  </code>
  <code code="M13">
    <editdetail attribution="Reuters BIP Coding Group" action="confirmed" date="1997-05-19"/>
  </code>
  <code code="M132">
    <editdetail attribution="Reuters BIP Coding Group" action="confirmed" date="1997-05-19"/>
  </code>
  <code code="MCAT">
    <editdetail attribution="Reuters BIP Coding Group" action="confirmed" date="1997-05-19"/>
  </code>
</codes>
<dc element="dc.date.created" value="1997-05-19"/>
<dc element="dc.publisher" value="Reuters Holdings Plc"/>
<dc element="dc.date.published" value="1997-05-19"/>
<dc element="dc.source" value="Reuters"/>
<dc element="dc.creator.location" value="JOHANNESBURG"/>
<dc element="dc.creator.location.country.name" value="SOUTH AFRICA"/>
<dc element="dc.source" value="Reuters"/>
</metadata>
</newsitem>
