<?xml version="1.0" encoding="iso-8859-1" ?>
<newsitem itemid="594031" id="root" date="1997-05-19" xml:lang="en">
<title>SPAIN: SOCCER-SPANISH CHAMPIONSHIP SUMMARIES.</title>
<headline>SOCCER-SPANISH CHAMPIONSHIP SUMMARIES.</headline>
<dateline>MADRID 1997-05-19</dateline>
<text>
<p>Spanish championship summaries:</p>
<p>played Monday:</p>
<p> Celta Vigo   1 - Haim Revivo 57</p>
<p> Barcelona    3 - Oscar Garcia 29, 40, Ronaldo 64</p>
<p>HT: 0-2  Attendance: 20,000</p>
<p>Red cards: Juan Diezma (CV) 71, Alejo Indias 90 (CV).</p>
<p>- - - - - - - - -</p>
<p>played Sunday:</p>
<p> Extremadura	1 - Juanito Rodriguez 85</p>
<p>Athletic Bilbao  2 - Bittor Alkiza 24, Jose Ziganda 84</p>
<p>HT: 0-1 Att: 11,000</p>
<p>- - - - - - - - -</p>
<p> Espanyol   1 - Cristobal 52</p>
<p> Tenerife   0</p>
<p>HT: 0-0 Att: 20,000.</p>
<p>- - - - - - - - -</p>
<p> Real Sociedad    1 - Gheorghe Craioveanu 74</p>
<p>Atletico Madrid  1 - Roberto Fresnedoso 84</p>
<p>HT: 0-0 Att: 23,000.</p>
<p>- - - - - - - - -</p>
<p> Real Madrid		1 - Davor Suker pen 55</p>
<p> Valladolid		 0</p>
<p>HT: 0-0 Att: 100,000</p>
<p>Red card: Juan Pena (V) 68.</p>
<p>- - - - - - - - -</p>
<p> Hercules   0</p>
<p> Valencia   2 - Farinos 65, Goran Vlaovic 73.</p>
<p>HT: 0-0 Att: 25,000.</p>
<p>- - - - - - - - -</p>
<p> Rayo Vallecano	   1 - Guilherme 67</p>
<p> Logrones		   0</p>
<p>HT: 0-0 Att: 10,000.</p>
<p>- - - - - - - - -</p>
<p> Oviedo		     2 - Ivan Annia 4, Mitko Stojkovski 39</p>
<p> Compostela		 2 - Christopher Ohen 65, Manuel Mosquera</p>
<p>83.</p>
<p>HT: 2-0 Att: 18,000.</p>
<p>- - - - - - - - -</p>
<p> Racing Santander	 1  - Jesus Merino 65</p>
<p> Zaragoza		   2  - Garitano 32, Gustavo Poyet 75</p>
<p>HT: 0-1 Att: 16,000.</p>
<p>- - - - - - - - -</p>
<p> Deportivo Coruna	  0</p>
<p> Sporting Gijon	    0</p>
<p>		Att: 24,000.</p>
<p>- - - - - - - - -</p>
<p>played Saturday:</p>
<p> Real Betis   3 - Robert Jarni 8, 48, Juan Canas 83</p>
<p> Sevilla	3 - Robert Prosinecki pen 27, Salva Ballesta 86,</p>
<p>Jesus Galvan 90</p>
<p>HT: 1-1 Att: 47,000</p>
<p>Red card: Roberto Rios (RB) 27.</p>
</text>
<copyright>(c) Reuters Limited 1997</copyright>
<metadata>
<codes class="bip:countries:1.0">
  <code code="SPAIN">
    <editdetail attribution="Reuters BIP Coding Group" action="confirmed" date="1997-05-19"/>
  </code>
</codes>
<codes class="bip:topics:1.0">
  <code code="GCAT">
    <editdetail attribution="Reuters BIP Coding Group" action="confirmed" date="1997-05-19"/>
  </code>
  <code code="GSPO">
    <editdetail attribution="Reuters BIP Coding Group" action="confirmed" date="1997-05-19"/>
  </code>
</codes>
<dc element="dc.date.created" value="1997-05-19"/>
<dc element="dc.publisher" value="Reuters Holdings Plc"/>
<dc element="dc.date.published" value="1997-05-19"/>
<dc element="dc.source" value="Reuters"/>
<dc element="dc.creator.location" value="MADRID"/>
<dc element="dc.creator.location.country.name" value="SPAIN"/>
<dc element="dc.source" value="Reuters"/>
</metadata>
</newsitem>
