<?xml version="1.0" encoding="iso-8859-1" ?>
<newsitem itemid="594024" id="root" date="1997-05-19" xml:lang="en">
<title>USA: SOCCER-DALLAS BURN MOVE INTO FIRST AS ALVAREZ STARS.</title>
<headline>SOCCER-DALLAS BURN MOVE INTO FIRST AS ALVAREZ STARS.</headline>
<dateline>DALLAS 1997-05-19</dateline>
<text>
<p>Mexican star Damian Alvarez enjoyed a successful debut, scoring one goal and setting up another as the Dallas Burn recorded a 2-0 victory over the Tampa Bay Mutiny to move into first place in the Western Conference in weekend action in Major League Soccer.</p>
<p>The Burn (6-4) moved past the Kansas City Wizards (4-4), who dropped a 1-0 decision to the New York/New Jersey MetroStars.</p>
<p>Alvarez set up Dante Washington's 22nd-minute goal and converted a penalty kick in the 63rd minute after former U.S. international Cle Kooiman pulled down Washington in the penalty area.</p>
<p>Goalkeeper Mark Dodd made six saves to register his first shutout in a rough game that featured 50 fouls and eight yellow cards. Tampa Bay fell to 5-3.</p>
<p>Goalkeeper Marcus Hanhemann, who made only one save in regulation, stopped four of five shots in the shootout to give the Colorado Rapids (4-6) a 2-1 win over the Colombus Crew (6-3) in Denver, Colorado.</p>
<p>Shaun Bartlett, who scored with two minutes remaining in regulation, and Chris Henderson converted their attempts in the shootout, in which the Rapids prevailed, 2-1.</p>
<p>Second-half substitute Pete Marino scored for Columbus in the 76th minute.</p>
<p>The New England Revolution (5-4) split a pair of shootout decisions.</p>
<p>On Friday night, the Revolution defeated the San Jose Clash, 2-1, in San Jose, California.</p>
<p>Joe-Max Moore, Imad Baba and Erik Imler scored on their shootout attempts in the tie-breaker, won by the Revolution, 3-0. Former Italian World Cup goalkeeper Walter Zenga made one save in the shootout. Troy Dayak had given the Clash (4-6) a 1-0 lead, but Baba equalised.</p>
<p>On Sunday, D.C. United (6-3) defeated the Revolution, 4-2, after playing to a scoreless tie in regulation in Foxboro, Massachusetts.</p>
<p>Nigerian defender Ben Iroha, acquired in a trade with San Jose for Honduran defender Ben Iroha, scored the game-winning shootout goal.</p>
<p>The MetroStars (4-6) broke their league-record scoreless streak at 361 minutes in a 1-0 win over the Wizards as Colombian international striker Antony De Avila scored the lone goal in the 18th minute in East Rutherford, New Jersey.</p>
<p>Former U.S. World Cup captain and goalkeeper Tony Meola made eight of his nine saves in the second half, including one on Zimbabwean international Digital Takawira with six seconds left.</p>
<p>The Los Angeles Galaxy (2-7) snapped a four-game losing streak by defeating the Clash in a shootout, 3-1, after playing to a 1-1 draw in regulation in Pasadena, California.</p>
<p>Cobi Jones, Chris Armas and Robin Fraser converted their chances in the tie-breaker. Brazilian Welton scored for Los Angeles, ending a 317-minute scoreless streak. Lawrence Lozzano tallied for San Jose.</p>
</text>
<copyright>(c) Reuters Limited 1997</copyright>
<metadata>
<codes class="bip:countries:1.0">
  <code code="USA">
    <editdetail attribution="Reuters BIP Coding Group" action="confirmed" date="1997-05-19"/>
  </code>
</codes>
<codes class="bip:topics:1.0">
  <code code="GCAT">
    <editdetail attribution="Reuters BIP Coding Group" action="confirmed" date="1997-05-19"/>
  </code>
  <code code="GSPO">
    <editdetail attribution="Reuters BIP Coding Group" action="confirmed" date="1997-05-19"/>
  </code>
</codes>
<dc element="dc.date.created" value="1997-05-19"/>
<dc element="dc.publisher" value="Reuters Holdings Plc"/>
<dc element="dc.date.published" value="1997-05-19"/>
<dc element="dc.source" value="Reuters"/>
<dc element="dc.creator.location" value="DALLAS"/>
<dc element="dc.creator.location.country.name" value="USA"/>
<dc element="dc.source" value="Reuters"/>
</metadata>
</newsitem>
