<?xml version="1.0" encoding="iso-8859-1" ?>
<newsitem itemid="594044" id="root" date="1997-05-19" xml:lang="en">
<title>FRANCE: TENNIS-BECKER PULLS OUT OF FRENCH OPEN. [CORRECTED 17:10 GMT]</title>
<headline>TENNIS-BECKER PULLS OUT OF FRENCH OPEN. [CORRECTED 17:10 GMT]</headline>
<dateline>PARIS 1997-05-19</dateline>
<text>
<p>Boris Becker has pulled out of the French Open tennis championships through injury, organisers said on Monday.</p>
<p>The three-times Wimbledon champion, ranked 12th in the world rankings, will be replaced in the men's draw by Italian Andrea Gaudenzi.  </p>
<p>Organisers did not say what injury forced Becker to pull out of the French Open starting at Roland Garros next Monday.</p>
<p>The German has been hampered by a lingering wrist injury, and has played only three tournaments in the past three months, in Monte Carlo, Hamburg and the Italian Open.</p>
<p>(Corrects to make clear Becker has played in three tournaments in the last three months, not two tournaments).</p>
<p>Becker has yet to win a tournament on clay, and his best performance at Roland Garros was reaching the semifinals three times.</p>
</text>
<copyright>(c) Reuters Limited 1997</copyright>
<metadata>
<codes class="bip:countries:1.0">
  <code code="FRA">
    <editdetail attribution="Reuters BIP Coding Group" action="confirmed" date="1997-05-19"/>
  </code>
</codes>
<codes class="bip:topics:1.0">
  <code code="GCAT">
    <editdetail attribution="Reuters BIP Coding Group" action="confirmed" date="1997-05-19"/>
  </code>
  <code code="GSPO">
    <editdetail attribution="Reuters BIP Coding Group" action="confirmed" date="1997-05-19"/>
  </code>
</codes>
<dc element="dc.date.created" value="1997-05-19"/>
<dc element="dc.publisher" value="Reuters Holdings Plc"/>
<dc element="dc.date.published" value="1997-05-19"/>
<dc element="dc.source" value="Reuters"/>
<dc element="dc.creator.location" value="PARIS"/>
<dc element="dc.creator.location.country.name" value="FRANCE"/>
<dc element="dc.source" value="Reuters"/>
</metadata>
</newsitem>
