<?xml version="1.0" encoding="iso-8859-1" ?>
<newsitem itemid="594095" id="root" date="1997-05-19" xml:lang="en">
<title>POLAND: FORTE APRIL NET FALLS TO PLN 200,600.</title>
<headline>FORTE APRIL NET FALLS TO PLN 200,600.</headline>
<dateline>WARSAW 1997-05-19</dateline>
<text>
<p>Preliminary results April </p>
<p>(in million zlotys unless stated)</p>
<p> APRIL		    1997     1996</p>
<p> Net profit	     0.20 vs   0.26</p>
<p> Pre-tax profit	 0.29 vs   0.26</p>
<p> Operating profit     0.50 vs   0.50</p>
<p> Sales		   23.89 vs  17.91</p>
<p> JANUARY-APRIL	  1997     1996</p>
<p> Net profit	     4.27 vs   3.69</p>
<p> Pre-tax profit	 5.81 vs   3.70</p>
<p> Operating profit     6.22 vs   5.92</p>
<p> Sales		  100.95 vs  82.61</p>
<p>Note. Full name of the Polish furniture maker is Fabryki Mebli</p>
<p>Forte SA.</p>
<p>-- Warsaw Newsroom +48 22 653 9700</p>
</text>
<copyright>(c) Reuters Limited 1997</copyright>
<metadata>
<codes class="bip:countries:1.0">
  <code code="POL">
    <editdetail attribution="Reuters BIP Coding Group" action="confirmed" date="1997-05-19"/>
  </code>
</codes>
<codes class="bip:industries:1.0">
  <code code="I46700">
    <editdetail attribution="Reuters BIP Coding Group" action="confirmed" date="1997-05-19"/>
  </code>
</codes>
<codes class="bip:topics:1.0">
  <code code="C15">
    <editdetail attribution="Reuters BIP Coding Group" action="confirmed" date="1997-05-19"/>
  </code>
  <code code="C151">
    <editdetail attribution="Reuters BIP Coding Group" action="confirmed" date="1997-05-19"/>
  </code>
  <code code="CCAT">
    <editdetail attribution="Reuters BIP Coding Group" action="confirmed" date="1997-05-19"/>
  </code>
</codes>
<dc element="dc.date.created" value="1997-05-19"/>
<dc element="dc.publisher" value="Reuters Holdings Plc"/>
<dc element="dc.date.published" value="1997-05-19"/>
<dc element="dc.source" value="Reuters"/>
<dc element="dc.creator.location" value="WARSAW"/>
<dc element="dc.creator.location.country.name" value="POLAND"/>
<dc element="dc.source" value="Reuters"/>
</metadata>
</newsitem>
