<?xml version="1.0" encoding="iso-8859-1" ?>
<newsitem itemid="594059" id="root" date="1997-05-19" xml:lang="en">
<title>SOUTH AFRICA: S.AFRICAN JOBS SUMMIT PLANNED - LABOUR MINISTER.</title>
<headline>S.AFRICAN JOBS SUMMIT PLANNED - LABOUR MINISTER.</headline>
<dateline>CAPE TOWN 1997-05-19</dateline>
<text>
<p>South Africa's deep-rooted unemployment problems would be the focus of a Presidential Jobs Summit to be held later this year, Labour Minister Tito Mboweni said on Monday.</p>
<p>&quot;It is hoped that at this summit, government together with the social partners will commit themselves to specific actions intended to promote employment in a manner that is quantitatively and qualitatively different from what has been the case so far,&quot; Mboweni said.</p>
<p>Opening the parliamentary debate on his 1997/98 budget vote, Mboweni said discussions at the summit would be based on an employment strategy now being finalised.</p>
<p>Around a third of South Africa's workforce is unemployed.</p>
<p>The aim of the summit, which had been recommended by the Labour Market Commission, would be to thrash out an Accord for Employment and Growth that would commit government, business and labour to stabilising prices, wages and other economic indicators and to developmental initiatives at national and regional levels.</p>
<p>He said it was &quot;quite erroneous&quot; to believe that the task of creating jobs was the task of his ministry alone. Instead, it required the participation of government as a whole as well as the public and private sectors and organised labour.</p>
<p>This was because of the fragmented nature of the labour market as well as inherited labour market inefficiencies and inequalities.</p>
<p>Mboweni said that his department planned to present three new bills to parliament this year which would cover employment and occupational equity, basic conditions of employment and national skills development.</p>
<p>-- Parliamentary newsroom +27 21 403-2502</p>
</text>
<copyright>(c) Reuters Limited 1997</copyright>
<metadata>
<codes class="bip:countries:1.0">
  <code code="SAFR">
    <editdetail attribution="Reuters BIP Coding Group" action="confirmed" date="1997-05-19"/>
  </code>
</codes>
<codes class="bip:topics:1.0">
  <code code="E41">
    <editdetail attribution="Reuters BIP Coding Group" action="confirmed" date="1997-05-19"/>
  </code>
  <code code="E411">
    <editdetail attribution="Reuters BIP Coding Group" action="confirmed" date="1997-05-19"/>
  </code>
  <code code="ECAT">
    <editdetail attribution="Reuters BIP Coding Group" action="confirmed" date="1997-05-19"/>
  </code>
  <code code="GCAT">
    <editdetail attribution="Reuters BIP Coding Group" action="confirmed" date="1997-05-19"/>
  </code>
  <code code="GJOB">
    <editdetail attribution="Reuters BIP Coding Group" action="confirmed" date="1997-05-19"/>
  </code>
</codes>
<dc element="dc.date.created" value="1997-05-19"/>
<dc element="dc.publisher" value="Reuters Holdings Plc"/>
<dc element="dc.date.published" value="1997-05-19"/>
<dc element="dc.source" value="Reuters"/>
<dc element="dc.creator.location" value="CAPE TOWN"/>
<dc element="dc.creator.location.country.name" value="SOUTH AFRICA"/>
<dc element="dc.source" value="Reuters"/>
</metadata>
</newsitem>
