<?xml version="1.0" encoding="iso-8859-1" ?>
<newsitem itemid="594002" id="root" date="1997-05-19" xml:lang="en">
<title>UK: ATHLETICS-IOC TO INTRODUCE TEST FOR TESTOSTERONE THIS YEAR.</title>
<headline>ATHLETICS-IOC TO INTRODUCE TEST FOR TESTOSTERONE THIS YEAR.</headline>
<byline>John Mehaffey</byline>
<dateline>LONDON 1997-05-19</dateline>
<text>
<p>The International Olympic Committee (IOC) will shortly introduce a test which can detect if an woman athlete has taken the male sex hormone testosterone.</p>
<p>At present athletes are suspended if their urine sample shows an excessively high ratio of testosterone to epitestosterone. But the present method does not show if the testosterone has been introduced artificially.</p>
<p>International Amateur Athletic Federation (IAAF) spokesman Giorgio Reineri told Reuters on Monday the new test would show definitely if an athlete had taken testosterone.</p>
<p>&quot;I spoke yesterday to the head of the IOC medical commission Prince Alexandre de Merode,&quot; Reineri said from the IAAF's headquarters in Monte Carlo.</p>
<p>&quot;He told me that in the next two or three months a test would be ready able to show if somebody had taken testosterone.&quot;</p>
<p>Reineri said the test could be ready in time for the world athletics championships in Athens in August.</p>
<p>U.S. athletics sources said at the weekend that American 400 metres hurdler Sandra Farmer-Patrick had been suspended for four years after testing positive for testosterone.</p>
<p>The sources said Farmer-Patrick, the world silver medallist at Stuttgart in 1993, had tested positive after the U.S. trials last year.</p>
<p>The American governing body U.S.A. Track and Field does not automatically suspend athletes after the first sample and Farmer-Patrick was allowed to compete at the Atlanta Olympics where she was eliminated in the semifinals.</p>
<p>The sources said she had subsequently been suspended after further tests were also positive.</p>
<p>Veteran Mary Slaney, a double gold medallist at the inaugural world championships in Helsinki 14 years ago, is also being investigated by the U.S. authorities over a drugs test at the American trials.</p>
<p>Slaney's lawyer Doriane Lambelet Coleman confirmed last week that a sample had shown a ratio higher than six-to-one, the level at which an athlete faces suspension, but added: &quot;There has not been a suspension and we do not expect her to be suspended.&quot;</p>
<p>British middle-distance runner Diane Modahl, whose ratio was 42-1 in a test in Lisbon in 1994, successfully appealed against a four-year ban when she argued that the sample had been degraded after it had been stored in excessively hot conditions.</p>
</text>
<copyright>(c) Reuters Limited 1997</copyright>
<metadata>
<codes class="bip:countries:1.0">
  <code code="MONAC">
    <editdetail attribution="Reuters BIP Coding Group" action="confirmed" date="1997-05-19"/>
  </code>
  <code code="UK">
    <editdetail attribution="Reuters BIP Coding Group" action="confirmed" date="1997-05-19"/>
  </code>
  <code code="USA">
    <editdetail attribution="Reuters BIP Coding Group" action="confirmed" date="1997-05-19"/>
  </code>
</codes>
<codes class="bip:topics:1.0">
  <code code="GCAT">
    <editdetail attribution="Reuters BIP Coding Group" action="confirmed" date="1997-05-19"/>
  </code>
  <code code="GSPO">
    <editdetail attribution="Reuters BIP Coding Group" action="confirmed" date="1997-05-19"/>
  </code>
</codes>
<dc element="dc.date.created" value="1997-05-19"/>
<dc element="dc.publisher" value="Reuters Holdings Plc"/>
<dc element="dc.date.published" value="1997-05-19"/>
<dc element="dc.source" value="Reuters"/>
<dc element="dc.creator.location" value="LONDON"/>
<dc element="dc.creator.location.country.name" value="UK"/>
<dc element="dc.source" value="Reuters"/>
</metadata>
</newsitem>
