<?xml version="1.0" encoding="iso-8859-1" ?>
<newsitem itemid="594035" id="root" date="1997-05-19" xml:lang="en">
<title>USA: BASKETBALL-UNIVERSITY OF GEORGIA TABS ASSISTANT JIRSA AS COACH.</title>
<headline>BASKETBALL-UNIVERSITY OF GEORGIA TABS ASSISTANT JIRSA AS COACH.</headline>
<dateline>ATHENS, Georgia 1997-05-19</dateline>
<text>
<p>The University of Georgia turned to one of its own to take over the men's basketball team, promoting assistant Ron Jirsa to head coach on Monday.</p>
<p>Jirsa takes over from Tubby Smith, who left Georgia last Monday to replace new Boston Celtics chief Rick Pitino as coach of Kentucky.</p>
<p>Georgia Athletic Director Vince Dooley said Jirsa's total package would be worth about $300,000 per year.</p>
<p>&quot;He's ready,&quot; Dooley added. &quot;There's no question he's hungry, and he is certainly excited about this opportunity.&quot;</p>
<p>The 37-year-old Jirsa has been Smith's right-hand man through the years since meeting him at Virginia Commonwealth, where the two were assistant coaches for the 1984-85 season.</p>
<p>In 1991, Smith became head coach at Tulsa and asked Jirsa to join him. He was an assistant for two seasons and was associate head coach in 1994 and 1995 before both came over to Georgia prior to the 1995-96 season.</p>
<p>Jirsa was chief recruiting coach for Smith at Georgia and helped Smith create a team that went 24-9 last season despite losing its entire starting lineup from 1996's Sweet 16 team.</p>
<p>The entire Bulldogs team is expected to return. The only possible defection is Smith's son, G.G. Smith, who has not announced whether he will transfer and join his father at Kentucky.</p>
</text>
<copyright>(c) Reuters Limited 1997</copyright>
<metadata>
<codes class="bip:countries:1.0">
  <code code="USA">
    <editdetail attribution="Reuters BIP Coding Group" action="confirmed" date="1997-05-19"/>
  </code>
</codes>
<codes class="bip:topics:1.0">
  <code code="GCAT">
    <editdetail attribution="Reuters BIP Coding Group" action="confirmed" date="1997-05-19"/>
  </code>
  <code code="GSPO">
    <editdetail attribution="Reuters BIP Coding Group" action="confirmed" date="1997-05-19"/>
  </code>
</codes>
<dc element="dc.date.created" value="1997-05-19"/>
<dc element="dc.publisher" value="Reuters Holdings Plc"/>
<dc element="dc.date.published" value="1997-05-19"/>
<dc element="dc.source" value="Reuters"/>
<dc element="dc.creator.location" value="ATHENS, Georgia"/>
<dc element="dc.creator.location.country.name" value="USA"/>
<dc element="dc.source" value="Reuters"/>
</metadata>
</newsitem>
