<?xml version="1.0" encoding="iso-8859-1" ?>
<newsitem itemid="594099" id="root" date="1997-05-19" xml:lang="en">
<title>POLAND: ZREW APRIL NET RISES TO PLN 372,400.</title>
<headline>ZREW APRIL NET RISES TO PLN 372,400.</headline>
<dateline>WARSAW 1997-05-19</dateline>
<text>
<p>Preliminary results April </p>
<p>(in million zlotys unless stated)</p>
<p> APRIL		    1997     1996</p>
<p> Net profit	     0.37 vs   0.36</p>
<p> Pre-tax profit	 0.28 vs   0.36</p>
<p> Operating profit     0.24 vs   0.32</p>
<p> Sales		    5.41 vs   3.71</p>
<p> JANUARY-APRIL	  1997     1996</p>
<p> Net profit	     0.44 vs   0.41 loss</p>
<p> Pre-tax profit	 0.85 vs   0.41 loss</p>
<p> Operating profit     0.61 vs   0.48 loss</p>
<p> Sales		   18.83 vs  12.57 </p>
<p>Note. Full name of the Polish electric equipment maker is</p>
<p>Zaklady Remontowe Energetyki Warszawa SA.</p>
<p>-- Warsaw Newsroom +48 22 653 9700</p>
</text>
<copyright>(c) Reuters Limited 1997</copyright>
<metadata>
<codes class="bip:countries:1.0">
  <code code="POL">
    <editdetail attribution="Reuters BIP Coding Group" action="confirmed" date="1997-05-19"/>
  </code>
</codes>
<codes class="bip:industries:1.0">
  <code code="I32000">
    <editdetail attribution="Reuters BIP Coding Group" action="confirmed" date="1997-05-19"/>
  </code>
</codes>
<codes class="bip:topics:1.0">
  <code code="C15">
    <editdetail attribution="Reuters BIP Coding Group" action="confirmed" date="1997-05-19"/>
  </code>
  <code code="C151">
    <editdetail attribution="Reuters BIP Coding Group" action="confirmed" date="1997-05-19"/>
  </code>
  <code code="CCAT">
    <editdetail attribution="Reuters BIP Coding Group" action="confirmed" date="1997-05-19"/>
  </code>
</codes>
<dc element="dc.date.created" value="1997-05-19"/>
<dc element="dc.publisher" value="Reuters Holdings Plc"/>
<dc element="dc.date.published" value="1997-05-19"/>
<dc element="dc.source" value="Reuters"/>
<dc element="dc.creator.location" value="WARSAW"/>
<dc element="dc.creator.location.country.name" value="POLAND"/>
<dc element="dc.source" value="Reuters"/>
</metadata>
</newsitem>
