<?xml version="1.0" encoding="iso-8859-1" ?>
<newsitem itemid="594033" id="root" date="1997-05-19" xml:lang="en">
<title>SPAIN: SOCCER-SPANISH LEAGUE RESULT AND STANDINGS.</title>
<headline>SOCCER-SPANISH LEAGUE RESULT AND STANDINGS.</headline>
<dateline>MADRID 1997-05-19</dateline>
<text>
<p>Spanish first division result on</p>
<p>Monday:</p>
<p> Celta Vigo   1    Barcelona   3</p>
<p>played Sunday:</p>
<p> Extremadura   1    Athletic Bilbao 2</p>
<p> Real Madrid   1    Valladolid  0</p>
<p> Deportivo Coruna  0    Sporting Gijon 0</p>
<p> Hercules   0    Valencia  2</p>
<p> Rayo Vallecano  1    Logrones  0</p>
<p> Oviedo   2    Compostela  2</p>
<p> Espanyol   1    Tenerife  0</p>
<p> Racing Santander  1    Zaragoza  2</p>
<p> Real Sociedad   1    Atletico Madrid 1</p>
<p>played Saturday:</p>
<p> Real Betis   3    Sevilla   3</p>
<p>    Standings	     P     W    D    L  F   A   Pts</p>
<p> 1.Real Madrid	   38    25   11    2  77  30   86</p>
<p> 2.Barcelona	     38    25    6    7  95  46   81</p>
<p> 3.Deportivo Coruna    38    20   14    4  56  26   74</p>
<p> 4.Real Betis	    38    20   13    5  76  39   73</p>
<p> 5.Atletico Madrid     38    19   10    9  71  55   67</p>
<p> 6.Valladolid	    38    16   10   12  54  43   58</p>
<p> 7.Athletic Bilbao     38    13   16    9  66  54   55</p>
<p> 8.Real Sociedad	 38    15    9   14  43  42   54</p>
<p> 9.Valencia		38    14   10   14  57  51   52</p>
<p> 10.Tenerife	     38    14    9   15  60  48   51</p>
<p> 11.Racing Santander   38    11   14   13  45  44   47</p>
<p> 12.Zaragoza	     38    11   13   14  49  54   46</p>
<p> 13.Espanyol	     38    12    9   17  42  48   45</p>
<p> 14.Compostela	   38    11   13   14  43  59   44</p>
<p> 15.Celta Vigo	   38    10   13   15  45  49   43</p>
<p> 16.Oviedo		 38    11   10   17  45  61   43</p>
<p> 17.Rayo Vallecano     38    12    6   20  39  54   42</p>
<p> 18.Sporting Gijon     38    10   10   18  39  63   40</p>
<p> 19.Extremadura	  38    10   10   18  32  57   40</p>
<p> 20.Hercules	     38    10    5   23  35  71   35</p>
<p> 21.Sevilla		38     9    7   22  39  64   34</p>
<p> 22.Logrones	     38     9    4   25  29  76   31</p>
<p>Note:Two teams qualify for the European Cup, four qualify</p>
<p>for the UEFA Cup, four are automatically relegated, and one more</p>
<p>must face a relegation play-off with the third-placed team from</p>
<p>the second division.</p>
</text>
<copyright>(c) Reuters Limited 1997</copyright>
<metadata>
<codes class="bip:countries:1.0">
  <code code="SPAIN">
    <editdetail attribution="Reuters BIP Coding Group" action="confirmed" date="1997-05-19"/>
  </code>
</codes>
<codes class="bip:topics:1.0">
  <code code="GCAT">
    <editdetail attribution="Reuters BIP Coding Group" action="confirmed" date="1997-05-19"/>
  </code>
  <code code="GSPO">
    <editdetail attribution="Reuters BIP Coding Group" action="confirmed" date="1997-05-19"/>
  </code>
</codes>
<dc element="dc.date.created" value="1997-05-19"/>
<dc element="dc.publisher" value="Reuters Holdings Plc"/>
<dc element="dc.date.published" value="1997-05-19"/>
<dc element="dc.source" value="Reuters"/>
<dc element="dc.creator.location" value="MADRID"/>
<dc element="dc.creator.location.country.name" value="SPAIN"/>
<dc element="dc.source" value="Reuters"/>
</metadata>
</newsitem>
