<?xml version="1.0" encoding="iso-8859-1" ?>
<newsitem itemid="594025" id="root" date="1997-05-19" xml:lang="en">
<title>USA: BASEBALL-MAJOR LEAGUE STANDINGS AFTER SATURDAY'S GAMES.</title>
<headline>BASEBALL-MAJOR LEAGUE STANDINGS AFTER SATURDAY'S GAMES.</headline>
<dateline>NEW YORK 1997-05-19</dateline>
<text>
<p>Standings of Major League</p>
<p>Baseball teams after games played on Sunday (tabulate under</p>
<p>wins, losses, winning percentage and games behind first):</p>
<p>		  AMERICAN LEAGUE</p>
<p>		  EAST DIVISION</p>
<p>			W    L   PCT  GB</p>
<p>BALTIMORE	  28   13  .683   -</p>
<p>NY YANKEES	 25   18  .581   4</p>
<p>TORONTO	    21   19  .525   6 1/2</p>
<p>DETROIT	    19   23  .452   9 1/2</p>
<p>BOSTON	     16   24  .400  11 1/2</p>
<p>		   CENTRAL DIVISION</p>
<p>			W    L   PCT  GB</p>
<p>KANSAS CITY	20   20  .500   -</p>
<p>CLEVELAND	  20   20  .500   -</p>
<p>MILWAUKEE	  19   20  .487     1/2</p>
<p>CHI WHITE SOX    18   22  .450   2</p>
<p>MINNESOTA	  17   26  .395   4 1/2</p>
<p>		   WEST DIVISION</p>
<p>			W    L   PCT  GB</p>
<p>TEXAS		23   17  .575   -</p>
<p>SEATTLE	    23   19  .548   1</p>
<p>ANAHEIM	    21   19  .525   2</p>
<p>OAKLAND	    17   27  .386   8</p>
<p>MONDAY, MAY 19TH SCHEDULE</p>
<p>SEATTLE AT ANAHEIM </p>
<p>		   NATIONAL LEAGUE</p>
<p>		   EAST DIVISION</p>
<p>			W    L   PCT  GB</p>
<p>ATLANTA	    29   13  .690   -</p>
<p>FLORIDA	    26   16  .619   3</p>
<p>MONTREAL	   23   17  .575   5</p>
<p>NY METS	    22   20  .524   7</p>
<p>PHILADELPHIA     16   25  .390  12 1/2</p>
<p>		    CENTRAL DIVISION</p>
<p>			W    L   PCT  GB</p>
<p>HOUSTON	    22   21  .512   -</p>
<p>PITTSBURGH	 21   21  .500     1/2</p>
<p>ST LOUIS	   17   24  .415   4</p>
<p>CHICAGO CUBS     14   27  .341   7</p>
<p>CINCINNATI	 13   28  .317   8</p>
<p>		    WEST DIVISION</p>
<p>			W    L   PCT  GB</p>
<p>SAN FRANCISCO    24   16  .600   -</p>
<p>LOS ANGELES	23   17  .575   1</p>
<p>COLORADO	   23   18  .561   1 1/2</p>
<p>SAN DIEGO	  15   25  .375   9</p>
<p>MONDAY, MAY 19TH SCHEDULE</p>
<p>SAN DIEGO AT CINCINNATI	</p>
<p>LOS ANGELES AT MONTREAL	</p>
<p>COLORADO AT NY METS	    </p>
<p>SAN FRANCISCO AT CHICAGO CUBS</p>
<p>HOUSTON AT PHILADELPHIA	</p>
<p>ST LOUIS AT ATLANTA</p>
</text>
<copyright>(c) Reuters Limited 1997</copyright>
<metadata>
<codes class="bip:countries:1.0">
  <code code="USA">
    <editdetail attribution="Reuters BIP Coding Group" action="confirmed" date="1997-05-19"/>
  </code>
</codes>
<codes class="bip:topics:1.0">
  <code code="GCAT">
    <editdetail attribution="Reuters BIP Coding Group" action="confirmed" date="1997-05-19"/>
  </code>
  <code code="GSPO">
    <editdetail attribution="Reuters BIP Coding Group" action="confirmed" date="1997-05-19"/>
  </code>
</codes>
<dc element="dc.date.created" value="1997-05-19"/>
<dc element="dc.publisher" value="Reuters Holdings Plc"/>
<dc element="dc.date.published" value="1997-05-19"/>
<dc element="dc.source" value="Reuters"/>
<dc element="dc.creator.location" value="NEW YORK"/>
<dc element="dc.creator.location.country.name" value="USA"/>
<dc element="dc.source" value="Reuters"/>
</metadata>
</newsitem>
