<?xml version="1.0" encoding="iso-8859-1" ?>
<newsitem itemid="594075" id="root" date="1997-05-19" xml:lang="en">
<title>POLAND: NO JOBLESS STUNTMEN AND UMPIRES IN POLAND.</title>
<headline>NO JOBLESS STUNTMEN AND UMPIRES IN POLAND.</headline>
<dateline>WARSAW 1997-05-19</dateline>
<text>
<p>Although unemployment in Poland now stands at 12.4 percent, down from 13 percent last month, there were no stuntment, sports referees or sedimentologists among the jobless, PAP news agency said on Monday.</p>
<p>Other occupations with full employment include goat-rearing and lampshade-making, said the report based partly on registrations at employment offices.</p>
<p>Among the new occupations which have emerged since the collapse of communism in 1989, the unemployed included 52 employment-agency workers, 17 tax advisers, some 2,000 security guards and more than 200 advertising agents.</p>
<p>Unemployment dropped last year compared with 1995 among bootblacks, journalists and mayonnaise-production workers.</p>
<p>In the same period, unemployment grew slightly among film actors, chewing-gum-production workers, magicians and foster mothers.</p>
<p>-- Warsaw Newsroom +48 22 653 9700</p>
</text>
<copyright>(c) Reuters Limited 1997</copyright>
<metadata>
<codes class="bip:countries:1.0">
  <code code="POL">
    <editdetail attribution="Reuters BIP Coding Group" action="confirmed" date="1997-05-19"/>
  </code>
</codes>
<codes class="bip:topics:1.0">
  <code code="C42">
    <editdetail attribution="Reuters BIP Coding Group" action="confirmed" date="1997-05-19"/>
  </code>
  <code code="CCAT">
    <editdetail attribution="Reuters BIP Coding Group" action="confirmed" date="1997-05-19"/>
  </code>
  <code code="E41">
    <editdetail attribution="Reuters BIP Coding Group" action="confirmed" date="1997-05-19"/>
  </code>
  <code code="ECAT">
    <editdetail attribution="Reuters BIP Coding Group" action="confirmed" date="1997-05-19"/>
  </code>
  <code code="GCAT">
    <editdetail attribution="Reuters BIP Coding Group" action="confirmed" date="1997-05-19"/>
  </code>
  <code code="GJOB">
    <editdetail attribution="Reuters BIP Coding Group" action="confirmed" date="1997-05-19"/>
  </code>
  <code code="GODD">
    <editdetail attribution="Reuters BIP Coding Group" action="confirmed" date="1997-05-19"/>
  </code>
</codes>
<dc element="dc.date.created" value="1997-05-19"/>
<dc element="dc.publisher" value="Reuters Holdings Plc"/>
<dc element="dc.date.published" value="1997-05-19"/>
<dc element="dc.source" value="Reuters"/>
<dc element="dc.creator.location" value="WARSAW"/>
<dc element="dc.creator.location.country.name" value="POLAND"/>
<dc element="dc.source" value="Reuters"/>
</metadata>
</newsitem>
