<?xml version="1.0" encoding="iso-8859-1" ?>
<newsitem itemid="594131" id="root" date="1997-05-19" xml:lang="en">
<title>POLAND: MOSTOSTAL-W APRIL GROUP NET PLN 0.75 MLN.</title>
<headline>MOSTOSTAL-W APRIL GROUP NET PLN 0.75 MLN.</headline>
<dateline>WARSAW 1997-05-19</dateline>
<text>
<p>Preliminary group results April</p>
<p>(in million zlotys unless stated)</p>
<p> APRIL		    1997     1996</p>
<p> Net profit	     0.75 vs   na</p>
<p> Pre-tax profit	 1.08 vs   na</p>
<p> Operating profit     1.02 vs   na</p>
<p> Sales		   21.61 vs   na</p>
<p> JANUARY-APRIL	  1997     1996</p>
<p> Net profit	     2.31 vs   na</p>
<p> Pre-tax profit	 3.69 vs   na</p>
<p> Operating profit     3.50 vs   na</p>
<p> Sales		   73.56 vs   na</p>
<p>Note. Full name of the Polish construction firm is Mostostal</p>
<p>Warszawa.</p>
<p>-- Warsaw Newsroom +48 22 653 9700</p>
</text>
<copyright>(c) Reuters Limited 1997</copyright>
<metadata>
<codes class="bip:countries:1.0">
  <code code="POL">
    <editdetail attribution="Reuters BIP Coding Group" action="confirmed" date="1997-05-19"/>
  </code>
</codes>
<codes class="bip:industries:1.0">
  <code code="I34000">
    <editdetail attribution="Reuters BIP Coding Group" action="confirmed" date="1997-05-19"/>
  </code>
  <code code="I50200">
    <editdetail attribution="Reuters BIP Coding Group" action="confirmed" date="1997-05-19"/>
  </code>
</codes>
<codes class="bip:topics:1.0">
  <code code="C15">
    <editdetail attribution="Reuters BIP Coding Group" action="confirmed" date="1997-05-19"/>
  </code>
  <code code="C151">
    <editdetail attribution="Reuters BIP Coding Group" action="confirmed" date="1997-05-19"/>
  </code>
  <code code="CCAT">
    <editdetail attribution="Reuters BIP Coding Group" action="confirmed" date="1997-05-19"/>
  </code>
</codes>
<dc element="dc.date.created" value="1997-05-19"/>
<dc element="dc.publisher" value="Reuters Holdings Plc"/>
<dc element="dc.date.published" value="1997-05-19"/>
<dc element="dc.source" value="Reuters"/>
<dc element="dc.creator.location" value="WARSAW"/>
<dc element="dc.creator.location.country.name" value="POLAND"/>
<dc element="dc.source" value="Reuters"/>
</metadata>
</newsitem>
