<?xml version="1.0" encoding="iso-8859-1" ?>
<newsitem itemid="594128" id="root" date="1997-05-19" xml:lang="en">
<title>POLAND: BYTOM TURNS TO PLN 0.7 MLN LOSS IN APRIL.</title>
<headline>BYTOM TURNS TO PLN 0.7 MLN LOSS IN APRIL.</headline>
<dateline>WARSAW 1997-05-19</dateline>
<text>
<p>Preliminary results April </p>
<p>(in million zlotys unless stated)</p>
<p> APRIL		    1997     1996</p>
<p> Net loss		 0.72 vs   0.51 profit</p>
<p> Pre-tax loss	   0.72 vs   0.88 profit</p>
<p> Operating loss	 0.23 vs   1.37 profit</p>
<p> Sales		    8.43 vs   8.31</p>
<p> JANUARY-APRIL	  1997     1996</p>
<p> Net loss		 2.51 vs   0.86 profit</p>
<p> Pre-tax loss	   2.51 vs   1.57 profit</p>
<p> Operating loss	 0.30 vs   3.87 profit</p>
<p> Sales		   31.29 vs  31.45</p>
<p>Note. Full name of the Polish garment maker is Zaklady</p>
<p>Odziezowe Bytom SA.</p>
<p>-- Warsaw Newsroom +48 22 653 9700</p>
</text>
<copyright>(c) Reuters Limited 1997</copyright>
<metadata>
<codes class="bip:countries:1.0">
  <code code="POL">
    <editdetail attribution="Reuters BIP Coding Group" action="confirmed" date="1997-05-19"/>
  </code>
</codes>
<codes class="bip:industries:1.0">
  <code code="I45300">
    <editdetail attribution="Reuters BIP Coding Group" action="confirmed" date="1997-05-19"/>
  </code>
</codes>
<codes class="bip:topics:1.0">
  <code code="C15">
    <editdetail attribution="Reuters BIP Coding Group" action="confirmed" date="1997-05-19"/>
  </code>
  <code code="C151">
    <editdetail attribution="Reuters BIP Coding Group" action="confirmed" date="1997-05-19"/>
  </code>
  <code code="CCAT">
    <editdetail attribution="Reuters BIP Coding Group" action="confirmed" date="1997-05-19"/>
  </code>
</codes>
<dc element="dc.date.created" value="1997-05-19"/>
<dc element="dc.publisher" value="Reuters Holdings Plc"/>
<dc element="dc.date.published" value="1997-05-19"/>
<dc element="dc.source" value="Reuters"/>
<dc element="dc.creator.location" value="WARSAW"/>
<dc element="dc.creator.location.country.name" value="POLAND"/>
<dc element="dc.source" value="Reuters"/>
</metadata>
</newsitem>
