<?xml version="1.0" encoding="iso-8859-1" ?>
<newsitem itemid="594167" id="root" date="1997-05-19" xml:lang="en">
<title>LATVIA: VELDZE IN TALKS WITH FOREIGN PARTNERS.</title>
<headline>VELDZE IN TALKS WITH FOREIGN PARTNERS.</headline>
<dateline>RIGA 1997-05-19</dateline>
<text>
<p>Veldze soft drinks factory said on Monday that it currently is in talks with foreign partners, following failed attempts earlier to produce Pepsi-Cola products.</p>
<p>&quot;We are currently in talks with new potential foreign partners following the failed attempt to team up with Pepsi,&quot; Ivars Ilzinsh, Veldze's manager, told Reuters.</p>
<p>Veldze earlier had the rights to produce some Pepsi-Cola drinks, now being imported by Pepsi's representatives in Poland.</p>
<p>&quot;After these talks, expected to be complete by the second half of 1997, we will definitely have a more clear-cut future strategy,&quot; Ilzinsh added.</p>
<p>Veldze is 51 percent controlled by Mono company and 26.5 percent of its shares were sold in a public offer.</p>
<p>Mono has to invest 300,000 lats in the company by January 1999.</p>
<p>&quot;The controlling stake owner has invested approximately 10,000 lats to date,&quot; Ilzinsh said.</p>
<p>-- Martinsh Gravitis, Riga Newsroom, +371 721 5240</p>
</text>
<copyright>(c) Reuters Limited 1997</copyright>
<metadata>
<codes class="bip:countries:1.0">
  <code code="LATV">
    <editdetail attribution="Reuters BIP Coding Group" action="confirmed" date="1997-05-19"/>
  </code>
</codes>
<codes class="bip:industries:1.0">
  <code code="I42800">
    <editdetail attribution="Reuters BIP Coding Group" action="confirmed" date="1997-05-19"/>
  </code>
</codes>
<codes class="bip:topics:1.0">
  <code code="C11">
    <editdetail attribution="Reuters BIP Coding Group" action="confirmed" date="1997-05-19"/>
  </code>
  <code code="C33">
    <editdetail attribution="Reuters BIP Coding Group" action="confirmed" date="1997-05-19"/>
  </code>
  <code code="CCAT">
    <editdetail attribution="Reuters BIP Coding Group" action="confirmed" date="1997-05-19"/>
  </code>
</codes>
<dc element="dc.date.created" value="1997-05-19"/>
<dc element="dc.publisher" value="Reuters Holdings Plc"/>
<dc element="dc.date.published" value="1997-05-19"/>
<dc element="dc.source" value="Reuters"/>
<dc element="dc.creator.location" value="RIGA"/>
<dc element="dc.creator.location.country.name" value="LATVIA"/>
<dc element="dc.source" value="Reuters"/>
</metadata>
</newsitem>
