<?xml version="1.0" encoding="iso-8859-1" ?>
<newsitem itemid="594147" id="root" date="1997-05-19" xml:lang="en">
<title>ESTONIA: HANSA TO CONSIDER BOND ISSUE IN AUTUMN.</title>
<headline>HANSA TO CONSIDER BOND ISSUE IN AUTUMN.</headline>
<dateline>TALLINN 1997-05-19</dateline>
<text>
<p>Hansapank, Estonia's leading commercial bank, said on Monday it might consider a Eurobond issue this autumn.  </p>
<p>Hansapank might mull the issue when the bank has been assigned a rating, if a need exists and when the market conditions are favourable, Erkki Raasuke, head of interest rate products and financial risks at the bank, told Reuters. </p>
<p>&quot;If those conditions are filled, we might issue bonds in September, October or November,&quot; he said.</p>
<p>Raasuke added the bank might need to refinance some previous loans and improve its liquidity by that point in time.</p>
<p>Hansapank is not considering the issue earlier, because it recently received a 100 million DM syndicated loan and is also due to receive a 15 million DM subordinated loan soon.</p>
<p>-- Eva Palu, Tallinn Newsroom, +372 630 8400, reuters@reuters.ee</p>
</text>
<copyright>(c) Reuters Limited 1997</copyright>
<metadata>
<codes class="bip:countries:1.0">
  <code code="ESTNIA">
    <editdetail attribution="Reuters BIP Coding Group" action="confirmed" date="1997-05-19"/>
  </code>
</codes>
<codes class="bip:industries:1.0">
  <code code="I81402">
    <editdetail attribution="Reuters BIP Coding Group" action="confirmed" date="1997-05-19"/>
  </code>
</codes>
<codes class="bip:topics:1.0">
  <code code="C17">
    <editdetail attribution="Reuters BIP Coding Group" action="confirmed" date="1997-05-19"/>
  </code>
  <code code="C172">
    <editdetail attribution="Reuters BIP Coding Group" action="confirmed" date="1997-05-19"/>
  </code>
  <code code="CCAT">
    <editdetail attribution="Reuters BIP Coding Group" action="confirmed" date="1997-05-19"/>
  </code>
</codes>
<dc element="dc.date.created" value="1997-05-19"/>
<dc element="dc.publisher" value="Reuters Holdings Plc"/>
<dc element="dc.date.published" value="1997-05-19"/>
<dc element="dc.source" value="Reuters"/>
<dc element="dc.creator.location" value="TALLINN"/>
<dc element="dc.creator.location.country.name" value="ESTONIA"/>
<dc element="dc.source" value="Reuters"/>
</metadata>
</newsitem>
