<?xml version="1.0" encoding="iso-8859-1" ?>
<newsitem itemid="594106" id="root" date="1997-05-19" xml:lang="en">
<title>POLAND: BPH APRIL NET FALLS TO PLN 20.4 MLN.</title>
<headline>BPH APRIL NET FALLS TO PLN 20.4 MLN.</headline>
<dateline>WARSAW 1997-05-19</dateline>
<text>
<p>Preliminary results April</p>
<p>(in million zlotys unless stated)</p>
<p> APRIL						 1997	 1996</p>
<p> Net profit					 20.42 vs   23.80</p>
<p> Pre-tax profit				   40.95 vs   30.50</p>
<p> Profit on banking operations		 67.99 vs   56.02</p>
<p> Interest and other related revenues     105.15 vs   87.05</p>
<p> JANUARY-APRIL				     1997	 1996</p>
<p> Net profit					 94.92 vs  105.97</p>
<p> Pre-tax profit				  146.32 vs  154.73</p>
<p> Profit on banking operations		248.09 vs  223.97</p>
<p> Interest and other related revenues     394.64 vs  343.20</p>
<p>Note. Full name of the Polish bank is Bank</p>
<p>Przemyslowo-Handlowy SA.</p>
<p>-- Warsaw Newsroom +48 22 653 9700</p>
</text>
<copyright>(c) Reuters Limited 1997</copyright>
<metadata>
<codes class="bip:countries:1.0">
  <code code="POL">
    <editdetail attribution="Reuters BIP Coding Group" action="confirmed" date="1997-05-19"/>
  </code>
</codes>
<codes class="bip:industries:1.0">
  <code code="I81402">
    <editdetail attribution="Reuters BIP Coding Group" action="confirmed" date="1997-05-19"/>
  </code>
</codes>
<codes class="bip:topics:1.0">
  <code code="C15">
    <editdetail attribution="Reuters BIP Coding Group" action="confirmed" date="1997-05-19"/>
  </code>
  <code code="C151">
    <editdetail attribution="Reuters BIP Coding Group" action="confirmed" date="1997-05-19"/>
  </code>
  <code code="CCAT">
    <editdetail attribution="Reuters BIP Coding Group" action="confirmed" date="1997-05-19"/>
  </code>
</codes>
<dc element="dc.date.created" value="1997-05-19"/>
<dc element="dc.publisher" value="Reuters Holdings Plc"/>
<dc element="dc.date.published" value="1997-05-19"/>
<dc element="dc.source" value="Reuters"/>
<dc element="dc.creator.location" value="WARSAW"/>
<dc element="dc.creator.location.country.name" value="POLAND"/>
<dc element="dc.source" value="Reuters"/>
</metadata>
</newsitem>
