<?xml version="1.0" encoding="iso-8859-1" ?>
<newsitem itemid="594149" id="root" date="1997-05-19" xml:lang="en">
<title>LATVIA: C.BANK DEPO RATE STABLE THIRD STRAIGHT WEEK.</title>
<headline>C.BANK DEPO RATE STABLE THIRD STRAIGHT WEEK.</headline>
<dateline>RIGA 1997-05-19</dateline>
<text>
<p>Latvia's central bank said on Monday that it has set an unchanged rate for its 31-day deposits at 1.5 percent from next week.</p>
<p>The bank said in a statement that it will accept 31-day deposits at this rate on May 26 and the payment date will be June 26.</p>
<p>The rate for 31-day deposits has remained stable since it was cut from 2.0 percent on May 5.</p>
<p>-- Martinsh Gravitis, Riga Newsroom, +371 721 5240</p>
</text>
<copyright>(c) Reuters Limited 1997</copyright>
<metadata>
<codes class="bip:countries:1.0">
  <code code="LATV">
    <editdetail attribution="Reuters BIP Coding Group" action="confirmed" date="1997-05-19"/>
  </code>
</codes>
<codes class="bip:topics:1.0">
  <code code="M13">
    <editdetail attribution="Reuters BIP Coding Group" action="confirmed" date="1997-05-19"/>
  </code>
  <code code="M131">
    <editdetail attribution="Reuters BIP Coding Group" action="confirmed" date="1997-05-19"/>
  </code>
  <code code="MCAT">
    <editdetail attribution="Reuters BIP Coding Group" action="confirmed" date="1997-05-19"/>
  </code>
</codes>
<dc element="dc.date.created" value="1997-05-19"/>
<dc element="dc.publisher" value="Reuters Holdings Plc"/>
<dc element="dc.date.published" value="1997-05-19"/>
<dc element="dc.source" value="Reuters"/>
<dc element="dc.creator.location" value="RIGA"/>
<dc element="dc.creator.location.country.name" value="LATVIA"/>
<dc element="dc.source" value="Reuters"/>
</metadata>
</newsitem>
