<?xml version="1.0" encoding="iso-8859-1" ?>
<newsitem itemid="594105" id="root" date="1997-05-19" xml:lang="en">
<title>POLAND: MOSTOSTAL-Z APRIL NET UP TO PLN 0.7 MLN.</title>
<headline>MOSTOSTAL-Z APRIL NET UP TO PLN 0.7 MLN.</headline>
<dateline>WARSAW 1997-05-19</dateline>
<text>
<p>Preliminary results April </p>
<p>(in million zlotys unless stated)</p>
<p> APRIL		    1997     1996</p>
<p> Net profit	     0.66 vs   0.46</p>
<p> Pre-tax profit	 1.00 vs   0.53</p>
<p> Operating profit     0.05 vs   0.65</p>
<p> Sales		    9.22 vs   8.11</p>
<p> JANUARY-APRIL	  1997     1996</p>
<p> Net profit	     2.88 vs   2.18</p>
<p> Pre-tax profit	 4.38 vs   2.70</p>
<p> Operating profit     3.00 vs   3.25</p>
<p> Sales		   45.09 vs  58.03</p>
<p>Note. Full name of the Polish construction company is</p>
<p>Mostostal Zabrze SA.</p>
<p>-- Warsaw Newsroom +48 22 653 9700</p>
</text>
<copyright>(c) Reuters Limited 1997</copyright>
<metadata>
<codes class="bip:countries:1.0">
  <code code="POL">
    <editdetail attribution="Reuters BIP Coding Group" action="confirmed" date="1997-05-19"/>
  </code>
</codes>
<codes class="bip:industries:1.0">
  <code code="I50200">
    <editdetail attribution="Reuters BIP Coding Group" action="confirmed" date="1997-05-19"/>
  </code>
</codes>
<codes class="bip:topics:1.0">
  <code code="C15">
    <editdetail attribution="Reuters BIP Coding Group" action="confirmed" date="1997-05-19"/>
  </code>
  <code code="C151">
    <editdetail attribution="Reuters BIP Coding Group" action="confirmed" date="1997-05-19"/>
  </code>
  <code code="CCAT">
    <editdetail attribution="Reuters BIP Coding Group" action="confirmed" date="1997-05-19"/>
  </code>
</codes>
<dc element="dc.date.created" value="1997-05-19"/>
<dc element="dc.publisher" value="Reuters Holdings Plc"/>
<dc element="dc.date.published" value="1997-05-19"/>
<dc element="dc.source" value="Reuters"/>
<dc element="dc.creator.location" value="WARSAW"/>
<dc element="dc.creator.location.country.name" value="POLAND"/>
<dc element="dc.source" value="Reuters"/>
</metadata>
</newsitem>
