<?xml version="1.0" encoding="iso-8859-1" ?>
<newsitem itemid="594173" id="root" date="1997-05-19" xml:lang="en">
<title>ESTONIA: TALLINNA AND UHISPANK END ROW.</title>
<headline>TALLINNA AND UHISPANK END ROW.</headline>
<dateline>TALLINN 1997-05-19</dateline>
<text>
<p>Uhispank and Tallinna Pank said in an joint statement on Monday that they will end their public squabbling and make no further claims about each other.</p>
<p>&quot;Tallinna Pank and Uhispank admit that they do not have any claims about each other... and the parties wish to continue competition according to good banking pratice,&quot; the joint statement said.</p>
<p>The statement was signed by Ain Hanschmidt, Uhispank's president, and Guido Sammelselg, chairman of Tallinna Pank's board.</p>
<p>The hatchet burying brings to an end a week-long series of statements and newspaper reports on the two banks' methods of operations.</p>
<p>--David Mardiste, Tallinn newsroom +372 630 8400 reuters@reuters.ee</p>
</text>
<copyright>(c) Reuters Limited 1997</copyright>
<metadata>
<codes class="bip:countries:1.0">
  <code code="ESTNIA">
    <editdetail attribution="Reuters BIP Coding Group" action="confirmed" date="1997-05-19"/>
  </code>
</codes>
<codes class="bip:industries:1.0">
  <code code="I33030">
    <editdetail attribution="Reuters BIP Coding Group" action="confirmed" date="1997-05-19"/>
  </code>
  <code code="I81402">
    <editdetail attribution="Reuters BIP Coding Group" action="confirmed" date="1997-05-19"/>
  </code>
</codes>
<codes class="bip:topics:1.0">
  <code code="C11">
    <editdetail attribution="Reuters BIP Coding Group" action="confirmed" date="1997-05-19"/>
  </code>
  <code code="CCAT">
    <editdetail attribution="Reuters BIP Coding Group" action="confirmed" date="1997-05-19"/>
  </code>
</codes>
<dc element="dc.date.created" value="1997-05-19"/>
<dc element="dc.publisher" value="Reuters Holdings Plc"/>
<dc element="dc.date.published" value="1997-05-19"/>
<dc element="dc.source" value="Reuters"/>
<dc element="dc.creator.location" value="TALLINN"/>
<dc element="dc.creator.location.country.name" value="ESTONIA"/>
<dc element="dc.source" value="Reuters"/>
</metadata>
</newsitem>
