<?xml version="1.0" encoding="iso-8859-1" ?>
<newsitem itemid="594111" id="root" date="1997-05-19" xml:lang="en">
<title>POLAND: IRENA APRIL NET FLAT PLN 0.7 MLN.</title>
<headline>IRENA APRIL NET FLAT PLN 0.7 MLN.</headline>
<dateline>WARSAW 1997-05-19</dateline>
<text>
<p>Preliminary results April </p>
<p>(in million zlotys unless stated)</p>
<p> APRIL		    1997     1996</p>
<p> Net profit	     0.70 vs   0.69</p>
<p> Pre-tax profit	 0.99 vs   0.75</p>
<p> Operating profit     0.92 vs   0.16</p>
<p> Sales		    5.48 vs   4.87</p>
<p> JANUARY-APRIL	  1997     1996</p>
<p> Net profit	     2.70 vs   2.07</p>
<p> Pre-tax profit	 3.76 vs   2.77</p>
<p> Operating profit     2.74 vs   0.94</p>
<p> Sales		   19.87 vs  17.22</p>
<p>Note. Full name of the Polish glassmaker is Huta Szkla</p>
<p>Gospodarczego Irena SA.</p>
<p>-- Warsaw Newsroom +48 22 653 9700</p>
</text>
<copyright>(c) Reuters Limited 1997</copyright>
<metadata>
<codes class="bip:countries:1.0">
  <code code="POL">
    <editdetail attribution="Reuters BIP Coding Group" action="confirmed" date="1997-05-19"/>
  </code>
</codes>
<codes class="bip:industries:1.0">
  <code code="I24700">
    <editdetail attribution="Reuters BIP Coding Group" action="confirmed" date="1997-05-19"/>
  </code>
</codes>
<codes class="bip:topics:1.0">
  <code code="C15">
    <editdetail attribution="Reuters BIP Coding Group" action="confirmed" date="1997-05-19"/>
  </code>
  <code code="C151">
    <editdetail attribution="Reuters BIP Coding Group" action="confirmed" date="1997-05-19"/>
  </code>
  <code code="CCAT">
    <editdetail attribution="Reuters BIP Coding Group" action="confirmed" date="1997-05-19"/>
  </code>
</codes>
<dc element="dc.date.created" value="1997-05-19"/>
<dc element="dc.publisher" value="Reuters Holdings Plc"/>
<dc element="dc.date.published" value="1997-05-19"/>
<dc element="dc.source" value="Reuters"/>
<dc element="dc.creator.location" value="WARSAW"/>
<dc element="dc.creator.location.country.name" value="POLAND"/>
<dc element="dc.source" value="Reuters"/>
</metadata>
</newsitem>
