<?xml version="1.0" encoding="iso-8859-1" ?>
<newsitem itemid="594104" id="root" date="1997-05-19" xml:lang="en">
<title>POLAND: EFEKT APRIL NET FALLS TO PLN 22,600.</title>
<headline>EFEKT APRIL NET FALLS TO PLN 22,600.</headline>
<dateline>WARSAW 1997-05-19</dateline>
<text>
<p>Preliminary results April </p>
<p>(in million zlotys unless stated)</p>
<p> APRIL		    1997     1996</p>
<p> Net profit	     0.02 vs   0.04</p>
<p> Pre-tax profit	 0.04 vs   0.08</p>
<p> Operating profit     0.04 vs   0.06</p>
<p> Sales		    2.54 vs   1.30</p>
<p> JANUARY-APRIL	  1997     1996</p>
<p> Net profit	     0.28 vs   0.38</p>
<p> Pre-tax profit	 0.48 vs   0.65</p>
<p> Operating profit     0.35 vs   0.31</p>
<p> Sales		    9.56 vs   4.48</p>
<p>Note. Full name of the Polish wholesaler is Korporacja</p>
<p>Gospodarcza Efekt SA.</p>
<p>-- Warsaw Newsroom +48 22 653 9700</p>
</text>
<copyright>(c) Reuters Limited 1997</copyright>
<metadata>
<codes class="bip:countries:1.0">
  <code code="POL">
    <editdetail attribution="Reuters BIP Coding Group" action="confirmed" date="1997-05-19"/>
  </code>
</codes>
<codes class="bip:industries:1.0">
  <code code="I61000">
    <editdetail attribution="Reuters BIP Coding Group" action="confirmed" date="1997-05-19"/>
  </code>
</codes>
<codes class="bip:topics:1.0">
  <code code="C15">
    <editdetail attribution="Reuters BIP Coding Group" action="confirmed" date="1997-05-19"/>
  </code>
  <code code="C151">
    <editdetail attribution="Reuters BIP Coding Group" action="confirmed" date="1997-05-19"/>
  </code>
  <code code="CCAT">
    <editdetail attribution="Reuters BIP Coding Group" action="confirmed" date="1997-05-19"/>
  </code>
</codes>
<dc element="dc.date.created" value="1997-05-19"/>
<dc element="dc.publisher" value="Reuters Holdings Plc"/>
<dc element="dc.date.published" value="1997-05-19"/>
<dc element="dc.source" value="Reuters"/>
<dc element="dc.creator.location" value="WARSAW"/>
<dc element="dc.creator.location.country.name" value="POLAND"/>
<dc element="dc.source" value="Reuters"/>
</metadata>
</newsitem>
