<?xml version="1.0" encoding="iso-8859-1" ?>
<newsitem itemid="552764" id="root" date="1997-05-01" xml:lang="en">
<title>CANADA: Stone-Consolidated prices debt securities.</title>
<headline>Stone-Consolidated prices debt securities.</headline>
<dateline>MONTREAL 1997-05-01</dateline>
<text>
<p>Stone-Consolidated Corp said on Thursday it priced its previously announced tender of 10.25 percent senior secured notes due 2000 and 10-3/4 percent senior secured notes due 2001.</p>
<p>The company said that it priced each US$1,000 principal amount of the senior secured notes due 2000 at C$1,068.02 with a fixed spread of 50 basis points over the 5-3/4 percent U.S. treasury note due December 31, 1998 for a yield of 6.18 percent.</p>
<p>Stone-Consolidated said that it priced each US$1,000 principal amount of the senior secured notes due 2001 at US$1,100.75 with a fixed spread of 55 basis points over the six percent U.S. government treasury note due October 15, 1999 for a yield of 6.29 percent.</p>
<p>It said the pricing terms excluded accrued and unpaid interest up to May 16.</p>
<p>Stone-Consolidated said the tender offer would expire at 2400 EDT/0400 GMT on May 15.</p>
<p>((Reuters Toronto Bureau 416 941-8100))</p>
</text>
<copyright>(c) Reuters Limited 1997</copyright>
<metadata>
<codes class="bip:countries:1.0">
  <code code="CANA">
    <editdetail attribution="Reuters BIP Coding Group" action="confirmed" date="1997-05-01"/>
  </code>
</codes>
<codes class="bip:industries:1.0">
  <code code="I47100">
    <editdetail attribution="Reuters BIP Coding Group" action="confirmed" date="1997-05-01"/>
  </code>
</codes>
<codes class="bip:topics:1.0">
  <code code="C17">
    <editdetail attribution="Reuters BIP Coding Group" action="confirmed" date="1997-05-01"/>
  </code>
  <code code="C172">
    <editdetail attribution="Reuters BIP Coding Group" action="confirmed" date="1997-05-01"/>
  </code>
  <code code="CCAT">
    <editdetail attribution="Reuters BIP Coding Group" action="confirmed" date="1997-05-01"/>
  </code>
</codes>
<dc element="dc.date.created" value="1997-05-01"/>
<dc element="dc.publisher" value="Reuters Holdings Plc"/>
<dc element="dc.date.published" value="1997-05-01"/>
<dc element="dc.source" value="Reuters"/>
<dc element="dc.creator.location" value="MONTREAL"/>
<dc element="dc.creator.location.country.name" value="CANADA"/>
<dc element="dc.source" value="Reuters"/>
</metadata>
</newsitem>
