<?xml version="1.0" encoding="iso-8859-1" ?>
<newsitem itemid="552760" id="root" date="1997-05-01" xml:lang="en">
<title>CANADA: Toronto stocks end higher, extends recent gains.</title>
<headline>Toronto stocks end higher, extends recent gains.</headline>
<dateline>TORONTO 1997-05-01</dateline>
<text>
<p>CHANGE				    CHANGE</p>
<p>TSE	  6009.90    +33.27   HI 6010.11	    LO  5973.29</p>
<p>DJI	  6976.48    -32.51   GOLD (LONDON)   US$339.25 -0.90</p>
<p>FTSE100    4445.00     +9.00   GOLD (NY-COMEX) US$341.70 +0.50</p>
<p>NIKKEI    19275.33   +124.21   LME CASH NICKEL US$7225   -55.0</p>
<p>CANDLR	1.3874		 LME CASH ALUM   US$1598.0 -12.0</p>
<p>CAN 30-YR   110.45     +0.65   BRENT CRUDE     US$18.28  -0.23</p>
<p>--------------------MARKET COMMENT----------------------------</p>
<p>* Toronto stocks ended higher on Thursday as inflation and rate hike fears eased * 12 of 14 sub-indices rallied, led by banks. * 95.3 million shares traded worth C$1.7 billion.  </p>
<p>Toronto's stock market extended its winning streak to end higher on Thursday, powered by surging banks as fears of a Canadian interest rate hike eased.</p>
<p>The Toronto Stock Exchange's key 300 Composite Index rose 33.27 points to 6009.90. Trading was heavy at 95.3 million shares worth C$1.7 billion. In the past three sessions, Canada's largest market jumped by more than 2.5 percent.</p>
<p>Banks led 12 of Toronto's 14 sub-indices to higher ground, rising almost 1.8 percent as investors put aside worries that Canada would raise interest rates to match U.S. hikes.</p>
</text>
<copyright>(c) Reuters Limited 1997</copyright>
<metadata>
<codes class="bip:countries:1.0">
  <code code="CANA">
    <editdetail attribution="Reuters BIP Coding Group" action="confirmed" date="1997-05-01"/>
  </code>
</codes>
<codes class="bip:topics:1.0">
  <code code="E11">
    <editdetail attribution="Reuters BIP Coding Group" action="confirmed" date="1997-05-01"/>
  </code>
  <code code="ECAT">
    <editdetail attribution="Reuters BIP Coding Group" action="confirmed" date="1997-05-01"/>
  </code>
</codes>
<dc element="dc.date.created" value="1997-05-01"/>
<dc element="dc.publisher" value="Reuters Holdings Plc"/>
<dc element="dc.date.published" value="1997-05-01"/>
<dc element="dc.source" value="Reuters"/>
<dc element="dc.creator.location" value="TORONTO"/>
<dc element="dc.creator.location.country.name" value="CANADA"/>
<dc element="dc.source" value="Reuters"/>
</metadata>
</newsitem>
