<?xml version="1.0" encoding="iso-8859-1" ?>
<newsitem itemid="552779" id="root" date="1997-05-01" xml:lang="en">
<title>CANADA: Barrick Gold capex/earnings to rise in '97.</title>
<headline>Barrick Gold capex/earnings to rise in '97.</headline>
<dateline>TORONTO 1997-05-01</dateline>
<text>
<p>Barrick Gold Corp said on Thursday that its capital expenditures are estimated at US$325 million in 1997 compared to US$374 million in capital and development expenditures in 1996.</p>
<p>The major items include a water treatment facility at Goldstrike, shaft sinking at Rodeo and development of the Pierina Pascua mine, Chief Financial Officer Randall Oliphant said in a speech to shareholders.</p>
<p>&quot;All these costs will be funded entirely from operating cash flow,&quot; he said.</p>
<p>Based on Barick's 1997 mining plan production is expected to rise in the second half to produce over three million ouces for the year.</p>
<p>&quot;Earnings will be higher than last year and cash flow will rise to approximately a half billion dollars,&quot; Oliphant said.</p>
<p>President John Carrington said Barrick's Meikle mine in the U.S. is exceeding the company's expectations.</p>
<p>&quot;While our 1997 production targets for Meikle is 435,000 ounces, the mine is performing even better than expected,&quot; Carrington said in a speech to shareholders.</p>
<p>The mine contains six million high grade ounces and there is room to increase annual production.</p>
<p>Carrington said Meikle will produce gold at a cost of US$125 an ounce.</p>
<p>Carrington also said Barrick's exploration budget for 1997 is about US$100 million -- primarily for work in North and South America and some projects in Asia.</p>
<p>((Reuters Toronto Bureau 416 941-8100))</p>
</text>
<copyright>(c) Reuters Limited 1997</copyright>
<metadata>
<codes class="bip:countries:1.0">
  <code code="CANA">
    <editdetail attribution="Reuters BIP Coding Group" action="confirmed" date="1997-05-01"/>
  </code>
</codes>
<codes class="bip:industries:1.0">
  <code code="I21000">
    <editdetail attribution="Reuters BIP Coding Group" action="confirmed" date="1997-05-01"/>
  </code>
</codes>
<codes class="bip:topics:1.0">
  <code code="C11">
    <editdetail attribution="Reuters BIP Coding Group" action="confirmed" date="1997-05-01"/>
  </code>
  <code code="CCAT">
    <editdetail attribution="Reuters BIP Coding Group" action="confirmed" date="1997-05-01"/>
  </code>
</codes>
<dc element="dc.date.created" value="1997-05-01"/>
<dc element="dc.publisher" value="Reuters Holdings Plc"/>
<dc element="dc.date.published" value="1997-05-01"/>
<dc element="dc.source" value="Reuters"/>
<dc element="dc.creator.location" value="TORONTO"/>
<dc element="dc.creator.location.country.name" value="CANADA"/>
<dc element="dc.source" value="Reuters"/>
</metadata>
</newsitem>
