<?xml version="1.0" encoding="iso-8859-1" ?>
<newsitem itemid="552797" id="root" date="1997-05-01" xml:lang="en">
<title>USA: IBAH names CFO, chief oper officer.</title>
<headline>IBAH names CFO, chief oper officer.</headline>
<dateline>BLUE BELL, Pa. 1997-05-01</dateline>
<text>
<p>IBAH Inc said on Thursday that it appointed Leonard Stigliano chief operating officer and Cornelius Lansing chief financial officer.</p>
<p>Stigliano joined IBAH in 1995 as the chief financial officer, IBAH said.</p>
<p>Lansing is joining IBAH with extensive business experience from Dun &amp; Bradstreet Corp and ACNielsen, IBAH said.</p>
<p>IBAH said in a separate statement that it also appointed Rudi Weekers to the position of president of the company's International CRO business.</p>
</text>
<copyright>(c) Reuters Limited 1997</copyright>
<metadata>
<codes class="bip:countries:1.0">
  <code code="USA">
    <editdetail attribution="Reuters BIP Coding Group" action="confirmed" date="1997-05-01"/>
  </code>
</codes>
<codes class="bip:industries:1.0">
  <code code="I25700">
    <editdetail attribution="Reuters BIP Coding Group" action="confirmed" date="1997-05-01"/>
  </code>
</codes>
<codes class="bip:topics:1.0">
  <code code="C41">
    <editdetail attribution="Reuters BIP Coding Group" action="confirmed" date="1997-05-01"/>
  </code>
  <code code="C411">
    <editdetail attribution="Reuters BIP Coding Group" action="confirmed" date="1997-05-01"/>
  </code>
  <code code="CCAT">
    <editdetail attribution="Reuters BIP Coding Group" action="confirmed" date="1997-05-01"/>
  </code>
</codes>
<dc element="dc.date.created" value="1997-05-01"/>
<dc element="dc.publisher" value="Reuters Holdings Plc"/>
<dc element="dc.date.published" value="1997-05-01"/>
<dc element="dc.source" value="Reuters"/>
<dc element="dc.creator.location" value="BLUE BELL, Pa."/>
<dc element="dc.creator.location.country.name" value="USA"/>
<dc element="dc.source" value="Reuters"/>
</metadata>
</newsitem>
