<?xml version="1.0" encoding="iso-8859-1" ?>
<newsitem itemid="552827" id="root" date="1997-05-01" xml:lang="en">
<title>USA: AMISYS Managed Care Q1 net increases.</title>
<headline>AMISYS Managed Care Q1 net increases.</headline>
<dateline>ROCKVILLE, Md. 1997-05-01</dateline>
<text>
<p>Three Months Ended</p>
<p>								March 31,</p>
<p>							   1997	  1996</p>
<p> Total revenues				    12,262	 9,628</p>
<p> Net income					   1,013	   737</p>
<p>Net income per common share and common share</p>
<p>  equivalent					   0.12	  0.09</p>
<p>Weighted average number of common shares</p>
<p>  outstanding					 8,295	 8,124</p>
<p>		 (dollars in thousands, except per share data)</p>
<p>NOTE:  Full name of company is AMISYS Managed Care Systems Inc.</p>
</text>
<copyright>(c) Reuters Limited 1997</copyright>
<metadata>
<codes class="bip:countries:1.0">
  <code code="USA">
    <editdetail attribution="Reuters BIP Coding Group" action="confirmed" date="1997-05-01"/>
  </code>
</codes>
<codes class="bip:industries:1.0">
  <code code="I33020">
    <editdetail attribution="Reuters BIP Coding Group" action="confirmed" date="1997-05-01"/>
  </code>
  <code code="I3302020">
    <editdetail attribution="Reuters BIP Coding Group" action="confirmed" date="1997-05-01"/>
  </code>
</codes>
<codes class="bip:topics:1.0">
  <code code="C15">
    <editdetail attribution="Reuters BIP Coding Group" action="confirmed" date="1997-05-01"/>
  </code>
  <code code="C151">
    <editdetail attribution="Reuters BIP Coding Group" action="confirmed" date="1997-05-01"/>
  </code>
  <code code="CCAT">
    <editdetail attribution="Reuters BIP Coding Group" action="confirmed" date="1997-05-01"/>
  </code>
</codes>
<dc element="dc.date.created" value="1997-05-01"/>
<dc element="dc.publisher" value="Reuters Holdings Plc"/>
<dc element="dc.date.published" value="1997-05-01"/>
<dc element="dc.source" value="Reuters"/>
<dc element="dc.creator.location" value="ROCKVILLE, Md."/>
<dc element="dc.creator.location.country.name" value="USA"/>
<dc element="dc.source" value="Reuters"/>
</metadata>
</newsitem>
