<?xml version="1.0" encoding="iso-8859-1" ?>
<newsitem itemid="552877" id="root" date="1997-05-01" xml:lang="en">
<title>USA: Huntsman MTBE unit down on operation problems.</title>
<headline>Huntsman MTBE unit down on operation problems.</headline>
<dateline>NEW YORK 1997-05-01</dateline>
<text>
<p>The MTBE unit at Huntsman Corp's propylene oxide/methyl tertiary butyl ether (PO/MTBE) site has come down due to an operational problem, the company said Thursday.</p>
<p>The Port Neches, Texas, MTBE unit, which has a rated capacity of 16,000 barrels per day, went down Wednesday for a five to seven maintenance.</p>
<p>&quot;It's an easy problem to solve and we will resolve it quickly,&quot; said a company official, adding the glitch occurred in the unit's reactor sector.</p>
<p>The official said the company will meet all of its commitments.</p>
<p>Huntsman recently bought the PO/MTBE plant from Texaco Inc. but has operated the site since it opened August 1994.</p>
<p>-- Laney Salisbury, New Energy Desk 1212 859-1631--</p>
</text>
<copyright>(c) Reuters Limited 1997</copyright>
<metadata>
<codes class="bip:countries:1.0">
  <code code="USA">
    <editdetail attribution="Reuters BIP Coding Group" action="confirmed" date="1997-05-01"/>
  </code>
</codes>
<codes class="bip:industries:1.0">
  <code code="I14000">
    <editdetail attribution="Reuters BIP Coding Group" action="confirmed" date="1997-05-01"/>
  </code>
  <code code="I25000">
    <editdetail attribution="Reuters BIP Coding Group" action="confirmed" date="1997-05-01"/>
  </code>
</codes>
<codes class="bip:topics:1.0">
  <code code="C24">
    <editdetail attribution="Reuters BIP Coding Group" action="confirmed" date="1997-05-01"/>
  </code>
  <code code="CCAT">
    <editdetail attribution="Reuters BIP Coding Group" action="confirmed" date="1997-05-01"/>
  </code>
</codes>
<dc element="dc.date.created" value="1997-05-01"/>
<dc element="dc.publisher" value="Reuters Holdings Plc"/>
<dc element="dc.date.published" value="1997-05-01"/>
<dc element="dc.source" value="Reuters"/>
<dc element="dc.creator.location" value="NEW YORK"/>
<dc element="dc.creator.location.country.name" value="USA"/>
<dc element="dc.source" value="Reuters"/>
</metadata>
</newsitem>
