<?xml version="1.0" encoding="iso-8859-1" ?>
<newsitem itemid="552849" id="root" date="1997-05-01" xml:lang="en">
<title>USA: Connetics Corp Q1 shr loss $0.84.</title>
<headline>Connetics Corp Q1 shr loss $0.84.</headline>
<dateline>PALO ALTO, Calif.,</dateline>
<text>
<p>CONNETICS CORPORATION</p>
<p>			   Condensed Statement of Operations</p>
<p>			(in thousands, except per share amounts)</p>
<p>						     Three Months Ended</p>
<p>							    March 31,</p>
<p>						     1997	     1996</p>
<p> Product revenues			   $ 1,453	   $     0</p>
<p>Operating expenses:</p>
<p>  Cost of product sales			 226		   -</p>
<p>  License amortization			1,781		   -</p>
<p>  Research and development		  5,165	     2,144</p>
<p>  General and administrative		1,621	     1,299</p>
<p> Total operating expenses		   8,793	     3,443</p>
<p> Interest expense and expense (net)     (217)		 (3)</p>
<p> Net loss				     (7,557)	   (3,446)</p>
<p> Net loss per share			  (0.84)	    (0.72)</p>
<p>Shares used in computation of</p>
<p> net loss per share		     9,077,580	 4,790,875</p>
</text>
<copyright>(c) Reuters Limited 1997</copyright>
<metadata>
<codes class="bip:countries:1.0">
  <code code="USA">
    <editdetail attribution="Reuters BIP Coding Group" action="confirmed" date="1997-05-01"/>
  </code>
</codes>
<codes class="bip:industries:1.0">
  <code code="I25700">
    <editdetail attribution="Reuters BIP Coding Group" action="confirmed" date="1997-05-01"/>
  </code>
</codes>
<codes class="bip:topics:1.0">
  <code code="C15">
    <editdetail attribution="Reuters BIP Coding Group" action="confirmed" date="1997-05-01"/>
  </code>
  <code code="C151">
    <editdetail attribution="Reuters BIP Coding Group" action="confirmed" date="1997-05-01"/>
  </code>
  <code code="CCAT">
    <editdetail attribution="Reuters BIP Coding Group" action="confirmed" date="1997-05-01"/>
  </code>
</codes>
<dc element="dc.publisher" value="Reuters Holdings Plc"/>
<dc element="dc.date.published" value="1997-05-01"/>
<dc element="dc.source" value="Reuters"/>
<dc element="dc.creator.location" value="PALO ALTO, Calif., )"/>
<dc element="dc.creator.location.country.name" value="USA"/>
<dc element="dc.source" value="Reuters"/>
</metadata>
</newsitem>
