<?xml version="1.0" encoding="iso-8859-1" ?>
<newsitem itemid="552820" id="root" date="1997-05-01" xml:lang="en">
<title>USA: EROX Corp Q1 shr $0.02 vs $0.01.</title>
<headline>EROX Corp Q1 shr $0.02 vs $0.01.</headline>
<dateline>FREMONT, Calif. 1997-05-01</dateline>
<text>
<p>Condensed Financial Data</p>
<p>					    Three months ended Jan. 31,</p>
<p>							  1997	  1996</p>
<p> Net sales				    $5,096,289   $4,050,857</p>
<p> Cost of goods				   907,686    1,059,841</p>
<p> Gross profit				  4,188,603    2,991,016</p>
<p> Selling, general and administrative   3,907,278    2,857,157</p>
<p> Research and development		     91,770	 83,037</p>
<p> Operating income				189,555	 50,822</p>
<p> Other income				     10,911	  9,189</p>
<p> Income before taxes			   200,466	 60,011</p>
<p> Taxes on income				  10,783	     --</p>
<p> Net income					189,683	 60,011</p>
<p> Net income per share			     0.02	   0.01</p>
<p>Common and common equivalent shares used in</p>
<p>	 the calculation of net income (loss) per</p>
<p>share</p>
<p>					   10,577,397	  10,300,187</p>
</text>
<copyright>(c) Reuters Limited 1997</copyright>
<metadata>
<codes class="bip:countries:1.0">
  <code code="USA">
    <editdetail attribution="Reuters BIP Coding Group" action="confirmed" date="1997-05-01"/>
  </code>
</codes>
<codes class="bip:industries:1.0">
  <code code="I25800">
    <editdetail attribution="Reuters BIP Coding Group" action="confirmed" date="1997-05-01"/>
  </code>
</codes>
<codes class="bip:topics:1.0">
  <code code="C15">
    <editdetail attribution="Reuters BIP Coding Group" action="confirmed" date="1997-05-01"/>
  </code>
  <code code="C151">
    <editdetail attribution="Reuters BIP Coding Group" action="confirmed" date="1997-05-01"/>
  </code>
  <code code="CCAT">
    <editdetail attribution="Reuters BIP Coding Group" action="confirmed" date="1997-05-01"/>
  </code>
</codes>
<dc element="dc.date.created" value="1997-05-01"/>
<dc element="dc.publisher" value="Reuters Holdings Plc"/>
<dc element="dc.date.published" value="1997-05-01"/>
<dc element="dc.source" value="Reuters"/>
<dc element="dc.creator.location" value="FREMONT, Calif."/>
<dc element="dc.creator.location.country.name" value="USA"/>
<dc element="dc.source" value="Reuters"/>
</metadata>
</newsitem>
