<?xml version="1.0" encoding="iso-8859-1" ?>
<newsitem itemid="552828" id="root" date="1997-05-01" xml:lang="en">
<title>USA: Avert Inc Q1 net increases.</title>
<headline>Avert Inc Q1 net increases.</headline>
<dateline>FORT COLLINS, Colo. 1997-05-01</dateline>
<text>
<p>EARNINGS RECAPNGS RECAP	  First Quarter Ended March 31,</p>
<p> (unaudited)			     1997		     1996</p>
<p> Revenue			    $2,095,900	     $1,652,300</p>
<p> Net Income			    248,700		  191,000</p>
<p> Net Income per common share	   .07			.06</p>
<p>Primary Weighted avg.</p>
<p>   shares outstanding	    3,400,000		3,437,107</p>
</text>
<copyright>(c) Reuters Limited 1997</copyright>
<metadata>
<codes class="bip:countries:1.0">
  <code code="USA">
    <editdetail attribution="Reuters BIP Coding Group" action="confirmed" date="1997-05-01"/>
  </code>
</codes>
<codes class="bip:topics:1.0">
  <code code="C15">
    <editdetail attribution="Reuters BIP Coding Group" action="confirmed" date="1997-05-01"/>
  </code>
  <code code="C151">
    <editdetail attribution="Reuters BIP Coding Group" action="confirmed" date="1997-05-01"/>
  </code>
  <code code="CCAT">
    <editdetail attribution="Reuters BIP Coding Group" action="confirmed" date="1997-05-01"/>
  </code>
</codes>
<dc element="dc.date.created" value="1997-05-01"/>
<dc element="dc.publisher" value="Reuters Holdings Plc"/>
<dc element="dc.date.published" value="1997-05-01"/>
<dc element="dc.source" value="Reuters"/>
<dc element="dc.creator.location" value="FORT COLLINS, Colo."/>
<dc element="dc.creator.location.country.name" value="USA"/>
<dc element="dc.source" value="Reuters"/>
</metadata>
</newsitem>
