<?xml version="1.0" encoding="iso-8859-1" ?>
<newsitem itemid="552841" id="root" date="1997-05-01" xml:lang="en">
<title>USA: UAW local may strike at GM plant in Kansas.</title>
<headline>UAW local may strike at GM plant in Kansas.</headline>
<dateline>KANSAS CITY, Mo. 1997-05-01</dateline>
<text>
<p>Members of a United Auto Workers (UAW) local voted to strike if a dispute with management at General Motors Corp's Fairfax, Kansas., plant cannot be resolved, a union representative said Thursday.</p>
<p>More than 2,000 workers, out of about 3,500 who belong the local, voted on the proposal Wednesday night, and 90.5 percent of the vote was in favor of striking if necessary, said Dan Mallett, bargaining chairman of UAW Local 31.</p>
<p>&quot;At this time we're still talking. A strike is the last resort. Hopefully we can avert it,&quot; Mallett told Reuters.  </p>
<p>Mallett said the dispute centers on the production of more vehicles at the Fairfax plant without hiring more employees. The local wants the plant to hire 150 more workers, although safety issues were also part of the dispute, Mallett said.</p>
<p>Janine Fruehan, a GM spokeswoman, told Reuters there were &quot;issues between the company and the union that need to be resolved,&quot; but she declined to provide details.</p>
<p>Mallett said the UAW's international office would send a representative to participate in talks next week between plant managers and local union members.  </p>
<p>The international would have to approve the local's request to strike, but Mallett said he already had the go-ahead from the international if needed.</p>
<p>&quot;I've been in discussion with the international for the last three months, and before I went this far I talked with them about whether they'd give us a strike authorization. If we need it, they'll give it to us,&quot; Mallett said.</p>
<p>The Fairfax plant produces the Pontiac Grand Prix and the Oldsmobile Cutlass Supreme. Workers at the plant recently began building the new Oldsmobile Intrigue, which was due to reach dealers' showrooms in June.</p>
<p>The Kansas City Star newspaper said Thursday the Fairfax plant currently operates two shifts and produces 75 cars an hour.</p>
<p>((--Greg Frost, 816 561-8671))</p>
</text>
<copyright>(c) Reuters Limited 1997</copyright>
<metadata>
<codes class="bip:countries:1.0">
  <code code="USA">
    <editdetail attribution="Reuters BIP Coding Group" action="confirmed" date="1997-05-01"/>
  </code>
</codes>
<codes class="bip:industries:1.0">
  <code code="I35101">
    <editdetail attribution="Reuters BIP Coding Group" action="confirmed" date="1997-05-01"/>
  </code>
</codes>
<codes class="bip:topics:1.0">
  <code code="C42">
    <editdetail attribution="Reuters BIP Coding Group" action="confirmed" date="1997-05-01"/>
  </code>
  <code code="CCAT">
    <editdetail attribution="Reuters BIP Coding Group" action="confirmed" date="1997-05-01"/>
  </code>
  <code code="E41">
    <editdetail attribution="Reuters BIP Coding Group" action="confirmed" date="1997-05-01"/>
  </code>
  <code code="ECAT">
    <editdetail attribution="Reuters BIP Coding Group" action="confirmed" date="1997-05-01"/>
  </code>
  <code code="GCAT">
    <editdetail attribution="Reuters BIP Coding Group" action="confirmed" date="1997-05-01"/>
  </code>
  <code code="GJOB">
    <editdetail attribution="Reuters BIP Coding Group" action="confirmed" date="1997-05-01"/>
  </code>
</codes>
<dc element="dc.date.created" value="1997-05-01"/>
<dc element="dc.publisher" value="Reuters Holdings Plc"/>
<dc element="dc.date.published" value="1997-05-01"/>
<dc element="dc.source" value="Reuters"/>
<dc element="dc.creator.location" value="KANSAS CITY, Mo."/>
<dc element="dc.creator.location.country.name" value="USA"/>
<dc element="dc.source" value="Reuters"/>
</metadata>
</newsitem>
