<?xml version="1.0" encoding="iso-8859-1" ?>
<newsitem itemid="552896" id="root" date="1997-05-01" xml:lang="en">
<title>USA: QuadraMed Corp Q1 net rises.</title>
<headline>QuadraMed Corp Q1 net rises.</headline>
<dateline>LARKSPUR, Calif. 1997-05-01</dateline>
<text>
<p>(In thousands, except per share amounts)</p>
<p>							 Three Months Ended</p>
<p>						    March 31,    March 31,</p>
<p>							 1997	   1996</p>
<p>Revenues:</p>
<p>    Licenses					 $4,163	 $4,026</p>
<p>    Services					    971	    740</p>
<p>	  Total revenues			    5,134	  4,766</p>
<p>Operating expenses:</p>
<p>    Cost of licenses				1,601	  1,734</p>
<p>    Cost of services				  573	    759</p>
<p>    General and administration		    832	    656</p>
<p>    Sales and marketing			     765	    632</p>
<p>    Research and development			647	    666</p>
<p>    Amortization of goodwill			120	    112</p>
<p>    Non-recurring charges			   334		-</p>
<p>Total operating expenses			  4,872	  4,559</p>
<p>Income from operations				262	    207</p>
<p>Interest income (expense)			   226</p>
<p>	  (115) Other income (expense)</p>
<p>							    (5)	   (26)</p>
<p>Provision for income taxes			   38		-</p>
<p>    Net income					 $445	    $66</p>
<p>Net income per share(b)			   $0.06	  $0.02</p>
<p>Weighted average shares outstanding	   7,404	  3,611</p>
<p>(b) Net income per share excluding non-recurring charges of $334,000 in the first quarter of 1997 was $0.11.</p>
</text>
<copyright>(c) Reuters Limited 1997</copyright>
<metadata>
<codes class="bip:countries:1.0">
  <code code="USA">
    <editdetail attribution="Reuters BIP Coding Group" action="confirmed" date="1997-05-01"/>
  </code>
</codes>
<codes class="bip:industries:1.0">
  <code code="I83940">
    <editdetail attribution="Reuters BIP Coding Group" action="confirmed" date="1997-05-01"/>
  </code>
</codes>
<codes class="bip:topics:1.0">
  <code code="C15">
    <editdetail attribution="Reuters BIP Coding Group" action="confirmed" date="1997-05-01"/>
  </code>
  <code code="C151">
    <editdetail attribution="Reuters BIP Coding Group" action="confirmed" date="1997-05-01"/>
  </code>
  <code code="CCAT">
    <editdetail attribution="Reuters BIP Coding Group" action="confirmed" date="1997-05-01"/>
  </code>
</codes>
<dc element="dc.date.created" value="1997-05-01"/>
<dc element="dc.publisher" value="Reuters Holdings Plc"/>
<dc element="dc.date.published" value="1997-05-01"/>
<dc element="dc.source" value="Reuters"/>
<dc element="dc.creator.location" value="LARKSPUR, Calif."/>
<dc element="dc.creator.location.country.name" value="USA"/>
<dc element="dc.source" value="Reuters"/>
</metadata>
</newsitem>
