<?xml version="1.0" encoding="iso-8859-1" ?>
<newsitem itemid="552981" id="root" date="1997-05-01" xml:lang="en">
<title>USA: J&amp;L Specialty Steel delays price hikes.</title>
<headline>J&amp;L Specialty Steel delays price hikes.</headline>
<dateline>PITTSBURGH 1997-05-01</dateline>
<text>
<p>J&amp;L Specialty Steel Inc said Thursday that it is delaying a price increase it originally set for May 4 until June 1.</p>
<p>The company had planned to increase its steel prices by decreasing market discounts by three percentage points on all 200, 300 and 400 series grades of stainless sheet and strip and continuous mill plate products after May 4.</p>
<p>It had also planned to cut discounts on stainless steel commodity products and hot rolled products.</p>
<p>A company spokesman said the decision was due to the competitive pressures in the North American marketplace.</p>
</text>
<copyright>(c) Reuters Limited 1997</copyright>
<metadata>
<codes class="bip:countries:1.0">
  <code code="USA">
    <editdetail attribution="Reuters BIP Coding Group" action="confirmed" date="1997-05-01"/>
  </code>
</codes>
<codes class="bip:industries:1.0">
  <code code="I22100">
    <editdetail attribution="Reuters BIP Coding Group" action="confirmed" date="1997-05-01"/>
  </code>
</codes>
<codes class="bip:topics:1.0">
  <code code="C31">
    <editdetail attribution="Reuters BIP Coding Group" action="confirmed" date="1997-05-01"/>
  </code>
  <code code="CCAT">
    <editdetail attribution="Reuters BIP Coding Group" action="confirmed" date="1997-05-01"/>
  </code>
</codes>
<dc element="dc.date.created" value="1997-05-01"/>
<dc element="dc.publisher" value="Reuters Holdings Plc"/>
<dc element="dc.date.published" value="1997-05-01"/>
<dc element="dc.source" value="Reuters"/>
<dc element="dc.creator.location" value="PITTSBURGH"/>
<dc element="dc.creator.location.country.name" value="USA"/>
<dc element="dc.source" value="Reuters"/>
</metadata>
</newsitem>
