<?xml version="1.0" encoding="iso-8859-1" ?>
<newsitem itemid="552992" id="root" date="1997-05-01" xml:lang="en">
<title>USA: Colonial Commercial Corp Q1 shr loss nil.</title>
<headline>Colonial Commercial Corp Q1 shr loss nil.</headline>
<dateline>LEVITTOWN, N.Y. 1997-05-01</dateline>
<text>
<p>Three Months Ended March 31,</p>
<p>					   1997			1996</p>
<p> Revenues		     $  5,801,662	   $  5,311,665</p>
<p> Net loss			   (68,296)		 (60,749)</p>
<p>Loss per equivalent</p>
<p>   share				 (.00)		    (.00)</p>
</text>
<copyright>(c) Reuters Limited 1997</copyright>
<metadata>
<codes class="bip:countries:1.0">
  <code code="USA">
    <editdetail attribution="Reuters BIP Coding Group" action="confirmed" date="1997-05-01"/>
  </code>
</codes>
<codes class="bip:industries:1.0">
  <code code="I83100">
    <editdetail attribution="Reuters BIP Coding Group" action="confirmed" date="1997-05-01"/>
  </code>
</codes>
<codes class="bip:topics:1.0">
  <code code="C15">
    <editdetail attribution="Reuters BIP Coding Group" action="confirmed" date="1997-05-01"/>
  </code>
  <code code="C151">
    <editdetail attribution="Reuters BIP Coding Group" action="confirmed" date="1997-05-01"/>
  </code>
  <code code="CCAT">
    <editdetail attribution="Reuters BIP Coding Group" action="confirmed" date="1997-05-01"/>
  </code>
</codes>
<dc element="dc.date.created" value="1997-05-01"/>
<dc element="dc.publisher" value="Reuters Holdings Plc"/>
<dc element="dc.date.published" value="1997-05-01"/>
<dc element="dc.source" value="Reuters"/>
<dc element="dc.creator.location" value="LEVITTOWN, N.Y."/>
<dc element="dc.creator.location.country.name" value="USA"/>
<dc element="dc.source" value="Reuters"/>
</metadata>
</newsitem>
