<?xml version="1.0" encoding="iso-8859-1" ?>
<newsitem itemid="552918" id="root" date="1997-05-01" xml:lang="en">
<title>USA: Vulcan International Corp qrtly div.</title>
<headline>Vulcan International Corp qrtly div.</headline>
<dateline>WILMINGTON, Del. 1997-05-01</dateline>
<text>
<p>Quarterly</p>
<p>		  Latest		     Prior</p>
<p> Amount	  $0.20		     $0.20</p>
<p> Pay	     June 13</p>
<p> Record	  June 2</p>
<p>Note: Full name of company is Vulcan International Corp.</p>
</text>
<copyright>(c) Reuters Limited 1997</copyright>
<metadata>
<codes class="bip:countries:1.0">
  <code code="USA">
    <editdetail attribution="Reuters BIP Coding Group" action="confirmed" date="1997-05-01"/>
  </code>
</codes>
<codes class="bip:industries:1.0">
  <code code="I45100">
    <editdetail attribution="Reuters BIP Coding Group" action="confirmed" date="1997-05-01"/>
  </code>
</codes>
<codes class="bip:topics:1.0">
  <code code="C15">
    <editdetail attribution="Reuters BIP Coding Group" action="confirmed" date="1997-05-01"/>
  </code>
  <code code="C151">
    <editdetail attribution="Reuters BIP Coding Group" action="confirmed" date="1997-05-01"/>
  </code>
  <code code="CCAT">
    <editdetail attribution="Reuters BIP Coding Group" action="confirmed" date="1997-05-01"/>
  </code>
</codes>
<dc element="dc.date.created" value="1997-05-01"/>
<dc element="dc.publisher" value="Reuters Holdings Plc"/>
<dc element="dc.date.published" value="1997-05-01"/>
<dc element="dc.source" value="Reuters"/>
<dc element="dc.creator.location" value="WILMINGTON, Del."/>
<dc element="dc.creator.location.country.name" value="USA"/>
<dc element="dc.source" value="Reuters"/>
</metadata>
</newsitem>
