<?xml version="1.0" encoding="iso-8859-1" ?>
<newsitem itemid="552907" id="root" date="1997-05-01" xml:lang="en">
<title>USA: Brothers Gourmet says volume trends up.</title>
<headline>Brothers Gourmet says volume trends up.</headline>
<dateline>BOCA RATON, Fla. 1997-05-01</dateline>
<text>
<p>Brothers Gourmet Coffees Inc said on Thursday that volume trends were improving and predicted that gross margins would improve during the year.</p>
<p>In a statement accompanying its first quarter earnings results, the company said that volume trends are now responding to the company's focus on the wholesale gourmet coffee business, noting that volume for the quarter was up 94 percent from a year ago.</p>
<p>&quot;We have initiated a price increase, effective April 15, to absorb the latest increase in coffee cost and anticipate that gross margins will improve during the year,&quot; added company president and chief executive Donald Breen.</p>
<p>Brothers Gourmet posted a first quarter loss of $2.46 million, or $.22 per share from continuing operations, for the three months ended March 28, 1997, as compared to a loss of $412,000, $.04 per share, a year ago.</p>
<p>Breen added that although coffee costs had dropped considerably by this time last year, pricing still reflected previous increases taken to absorb high coffee costs caused by the 1994 Brazilian frost.</p>
<p>Brothers Gourmet Coffees Inc is a wholesale supplier of branded gourmet coffees.</p>
</text>
<copyright>(c) Reuters Limited 1997</copyright>
<metadata>
<codes class="bip:countries:1.0">
  <code code="USA">
    <editdetail attribution="Reuters BIP Coding Group" action="confirmed" date="1997-05-01"/>
  </code>
</codes>
<codes class="bip:industries:1.0">
  <code code="I42390">
    <editdetail attribution="Reuters BIP Coding Group" action="confirmed" date="1997-05-01"/>
  </code>
</codes>
<codes class="bip:topics:1.0">
  <code code="C15">
    <editdetail attribution="Reuters BIP Coding Group" action="confirmed" date="1997-05-01"/>
  </code>
  <code code="C151">
    <editdetail attribution="Reuters BIP Coding Group" action="confirmed" date="1997-05-01"/>
  </code>
  <code code="CCAT">
    <editdetail attribution="Reuters BIP Coding Group" action="confirmed" date="1997-05-01"/>
  </code>
</codes>
<dc element="dc.date.created" value="1997-05-01"/>
<dc element="dc.publisher" value="Reuters Holdings Plc"/>
<dc element="dc.date.published" value="1997-05-01"/>
<dc element="dc.source" value="Reuters"/>
<dc element="dc.creator.location" value="BOCA RATON, Fla."/>
<dc element="dc.creator.location.country.name" value="USA"/>
<dc element="dc.source" value="Reuters"/>
</metadata>
</newsitem>
