<?xml version="1.0" encoding="iso-8859-1" ?>
<newsitem itemid="552995" id="root" date="1997-05-01" xml:lang="en">
<title>USA: Chrysler April US car sales fall.</title>
<headline>Chrysler April US car sales fall.</headline>
<dateline>DETROIT 1997-05-01</dateline>
<text>
<p>Chrysler Corp</p>
<p>			Apr 1-30, 1997     Apr 1-30, 1996 *Pct Chng</p>
<p> Domestic Car	    69,914	    81,163	    -13.9</p>
<p> Domestic Truck	 134,166	   148,768	     -9.8</p>
<p> Import Car		     0		 538	     N.A.</p>
<p> Import Truck		   0		   0	     N.A.</p>
<p>		  Jan 1-Apr 30, 1997 Jan 1-Apr 30, 1996 *Pct Chng</p>
<p> Domestic Car	   272,891	   294,204	     -6.3</p>
<p> Domestic Truck	 503,844	   524,927	     -3.1</p>
<p> Import Car		     0	     2,644	     N.A.</p>
<p> Import Truck		   0		   0	     N.A.</p>
<p>* Pct change based on daily selling rate. Sale days 26 in latest month vs 26, 102 for year to date vs 103 in year ago.</p>
</text>
<copyright>(c) Reuters Limited 1997</copyright>
<metadata>
<codes class="bip:countries:1.0">
  <code code="USA">
    <editdetail attribution="Reuters BIP Coding Group" action="confirmed" date="1997-05-01"/>
  </code>
</codes>
<codes class="bip:industries:1.0">
  <code code="I35101">
    <editdetail attribution="Reuters BIP Coding Group" action="confirmed" date="1997-05-01"/>
  </code>
</codes>
<codes class="bip:topics:1.0">
  <code code="C31">
    <editdetail attribution="Reuters BIP Coding Group" action="confirmed" date="1997-05-01"/>
  </code>
  <code code="CCAT">
    <editdetail attribution="Reuters BIP Coding Group" action="confirmed" date="1997-05-01"/>
  </code>
</codes>
<dc element="dc.date.created" value="1997-05-01"/>
<dc element="dc.publisher" value="Reuters Holdings Plc"/>
<dc element="dc.date.published" value="1997-05-01"/>
<dc element="dc.source" value="Reuters"/>
<dc element="dc.creator.location" value="DETROIT"/>
<dc element="dc.creator.location.country.name" value="USA"/>
<dc element="dc.source" value="Reuters"/>
</metadata>
</newsitem>
