<?xml version="1.0" encoding="iso-8859-1" ?>
<newsitem itemid="552901" id="root" date="1997-05-01" xml:lang="en">
<title>USA: Calcol's Chinese license, venture in peril.</title>
<headline>Calcol's Chinese license, venture in peril.</headline>
<dateline>NEW YORK 1997-05-01</dateline>
<text>
<p>Calcol Inc, a Beechwood, Ohio, company seeking business opportunities in China, said Thursday there was &quot;substantial likelihood&quot; it may lose its business license and see its joint venture with a Chinese partner terminated.</p>
<p>It said in a statement that it recently received a notice of from its partner, Changbaisan Enterprises Co Ltd, about the actions the Chinese firm may take because of Calcol's failure to make a required $5.1 million additional investments in Shenzhen-Calcol Changbaishan Pharmaceutical Co Ltd, their joint venture.  </p>
<p>Calcol said it invested $900,000 in the venture, while Changbaishan, which is based in China's southern city of Shenzehen, had put up $5.0 million.</p>
<p>It said it and Calcol Hazak LLC, to which it transferred its 50 percent interest in the venture, had been seeking a buyer for the stake or alternative financing.</p>
<p>But efforts have been fruitless so far, Calcol said.</p>
<p>&quot;We're trying various investment sources,&quot; said David Orlean, a Calcol official, in a phone interview. He said there was always a chance funds may be obtained, but did not give details.  </p>
<p>Calcol said in the statement it expects liquidation of the joint venture assets if its business license was revoked. It added it may be subject to penalties for breach of contract.</p>
<p>Calcol said it also received notice from another Chinese partner, China National Food Industry Group Co, of Beijing, that it was in default of an obligation to make an additional $3.6 million bottling equipment investment in a soft-drink joint venture, Sanhe Mei-le Soft Drinks Co.</p>
<p>In addition, it had not made a required $3.2 million investment in the venture, it said.  </p>
<p>In the venture, it said it had had invested $1.762 million while the Chinese government had invested $1.44 million and had made a commmitted for an additional $560,000.</p>
<p>Calcol said it has been in discussions with various financing sources, including Asia-based sources, to fund the venture's soft-drink project and for the possible sale of its stake. It said there can be no assurance that any sort of financing or sale will be completed.</p>
<p>Its business license with the Sanhe Mei-le Soft Drinks Co Ltd has been extended until June 30 pending results of financing talks. If it is unable to raise funds, it said the license may be suspeended or revoked and assets of the venture may be liquidated.</p>
</text>
<copyright>(c) Reuters Limited 1997</copyright>
<metadata>
<codes class="bip:countries:1.0">
  <code code="CHINA">
    <editdetail attribution="Reuters BIP Coding Group" action="confirmed" date="1997-05-01"/>
  </code>
  <code code="USA">
    <editdetail attribution="Reuters BIP Coding Group" action="confirmed" date="1997-05-01"/>
  </code>
</codes>
<codes class="bip:industries:1.0">
  <code code="I25700">
    <editdetail attribution="Reuters BIP Coding Group" action="confirmed" date="1997-05-01"/>
  </code>
</codes>
<codes class="bip:topics:1.0">
  <code code="C11">
    <editdetail attribution="Reuters BIP Coding Group" action="confirmed" date="1997-05-01"/>
  </code>
  <code code="C13">
    <editdetail attribution="Reuters BIP Coding Group" action="confirmed" date="1997-05-01"/>
  </code>
  <code code="CCAT">
    <editdetail attribution="Reuters BIP Coding Group" action="confirmed" date="1997-05-01"/>
  </code>
</codes>
<dc element="dc.date.created" value="1997-05-01"/>
<dc element="dc.publisher" value="Reuters Holdings Plc"/>
<dc element="dc.date.published" value="1997-05-01"/>
<dc element="dc.source" value="Reuters"/>
<dc element="dc.creator.location" value="NEW YORK"/>
<dc element="dc.creator.location.country.name" value="USA"/>
<dc element="dc.source" value="Reuters"/>
</metadata>
</newsitem>
