<?xml version="1.0" encoding="iso-8859-1" ?>
<newsitem itemid="552942" id="root" date="1997-05-01" xml:lang="en">
<title>USA: USG jet fuel diffs weaken in lackluster trading.</title>
<headline>USG jet fuel diffs weaken in lackluster trading.</headline>
<dateline>NEW YORK 1997-05-01</dateline>
<text>
<p>U.S. Gulf (USG) jet fuel differentials weakened slightly in thin conditions, with many players out of the market following Wednesday's industry outing.</p>
<p>On NYMEX, June heating oil futures shed 0.59 cents by the settlement.</p>
<p>USG 54-grade jet fuel for delivery on the back 13th cycle of the Colonial Pipeline was offered at 1.15 cents under the screen, down about 0.15 cent from Wednesday levels.</p>
<p>The 54-grade in NYH was talked in wide range, with no reports of barrels changing hands emerging. Bids for prompt barrels sat near 2.50 cents over the screen, while offers were near 4.00 cents over.</p>
<p>-- New York Energy Desk +1 212 859 1620</p>
</text>
<copyright>(c) Reuters Limited 1997</copyright>
<metadata>
<codes class="bip:countries:1.0">
  <code code="USA">
    <editdetail attribution="Reuters BIP Coding Group" action="confirmed" date="1997-05-01"/>
  </code>
</codes>
<codes class="bip:topics:1.0">
  <code code="M14">
    <editdetail attribution="Reuters BIP Coding Group" action="confirmed" date="1997-05-01"/>
  </code>
  <code code="M143">
    <editdetail attribution="Reuters BIP Coding Group" action="confirmed" date="1997-05-01"/>
  </code>
  <code code="MCAT">
    <editdetail attribution="Reuters BIP Coding Group" action="confirmed" date="1997-05-01"/>
  </code>
</codes>
<dc element="dc.date.created" value="1997-05-01"/>
<dc element="dc.publisher" value="Reuters Holdings Plc"/>
<dc element="dc.date.published" value="1997-05-01"/>
<dc element="dc.source" value="Reuters"/>
<dc element="dc.creator.location" value="NEW YORK"/>
<dc element="dc.creator.location.country.name" value="USA"/>
<dc element="dc.source" value="Reuters"/>
</metadata>
</newsitem>
