<?xml version="1.0" encoding="iso-8859-1" ?>
<newsitem itemid="552974" id="root" date="1997-05-01" xml:lang="en">
<title>USA: CA Short Co Q1 shr loss vs profit.</title>
<headline>CA Short Co Q1 shr loss vs profit.</headline>
<dateline>SHELBY, N.C. 1997-05-01</dateline>
<text>
<p>Mar 31, 1997  Mar 31, 1996</p>
<p> Operating Revenue			    4,216,085   5,825,390</p>
<p> Operating Expense			    4,242,977   5,355,551</p>
<p>Income (Loss) before cumulative</p>
<p>effect of change in accounting</p>
<p>  principle				     (155,745)     309,564</p>
<p>Cumulative effect of change in</p>
<p>accounting principle net of</p>
<p>  income tax of $397,850			     --     596,814</p>
<p> Net Income (Loss)			    (155,745)     906,378</p>
<p> Shares Outstanding			     929,103     915,293</p>
<p>Income (Loss) per common share:</p>
<p>Income (Loss) before cumulative</p>
<p>effect of change in accounting</p>
<p>  principle					   (.17)	   .34</p>
<p>Cumulative effect of change</p>
<p>  in accounting principle			    --	   .65</p>
<p> Net Income (Loss)				  (.17)	   .99</p>
<p>((-- New York newsdesk 212-859-1610))</p>
</text>
<copyright>(c) Reuters Limited 1997</copyright>
<metadata>
<codes class="bip:countries:1.0">
  <code code="USA">
    <editdetail attribution="Reuters BIP Coding Group" action="confirmed" date="1997-05-01"/>
  </code>
</codes>
<codes class="bip:topics:1.0">
  <code code="C15">
    <editdetail attribution="Reuters BIP Coding Group" action="confirmed" date="1997-05-01"/>
  </code>
  <code code="C151">
    <editdetail attribution="Reuters BIP Coding Group" action="confirmed" date="1997-05-01"/>
  </code>
  <code code="CCAT">
    <editdetail attribution="Reuters BIP Coding Group" action="confirmed" date="1997-05-01"/>
  </code>
</codes>
<dc element="dc.date.created" value="1997-05-01"/>
<dc element="dc.publisher" value="Reuters Holdings Plc"/>
<dc element="dc.date.published" value="1997-05-01"/>
<dc element="dc.source" value="Reuters"/>
<dc element="dc.creator.location" value="SHELBY, N.C."/>
<dc element="dc.creator.location.country.name" value="USA"/>
<dc element="dc.source" value="Reuters"/>
</metadata>
</newsitem>
