<?xml version="1.0" encoding="iso-8859-1" ?>
<newsitem itemid="552982" id="root" date="1997-05-01" xml:lang="en">
<title>USA: Airline stocks soften on Merrill downgrade.</title>
<headline>Airline stocks soften on Merrill downgrade.</headline>
<dateline>NEW YORK 1997-05-01</dateline>
<text>
<p>Airline stocks softened Thursday as investors viewed Merrill Lynch's downgrade of two carriers as a reason to unload and take profits, analysts said.</p>
<p>Merrill Lynch cut UAL Corp to near-term neutral from buy and to long-term accumulate from buy. Merrill also cut Alaska Air Group Inc to near-term neutral from accumulate and to long-term accumulate from buy. Additional details were not immediately available.  </p>
<p>Analysts said Merrill's downgrade of United, the nation's largest airline, set the tone for Thursday's session. The Dow Jones Transportation Average slipped 1.56 percent or about 40 points to 2533, falling slightly more than the 1.11 percent drop in the Dow industrials.</p>
<p>Airline stock had risen steady in the weeks ahead of their robust first quarter earnings. Companies such as Delta Air Lines Inc and UAL Corp hit new 52-week highs before sliding as investors took profits on the company's record earnings.</p>
<p>Stocks have fallen further as some analysts suggested the airlines have little potential for a near-term upswing.</p>
<p>&quot;These stocks, in general, have really been at near-high levels. The '97 numbers are really fairly valued. And you have to look to the 1998 numbers before they begin to look undervalued,&quot; said Helane Becker, an analyst at Smith Barney.</p>
<p>UAL lost 3-1/8 to 71-1/4, AMR shed 2-3/8 to 90-3/4 and US Airways Group Inc slipped 1-1/8 to 31-1/4. Alaska Air lost 1 to 23-7/8.</p>
</text>
<copyright>(c) Reuters Limited 1997</copyright>
<metadata>
<codes class="bip:countries:1.0">
  <code code="USA">
    <editdetail attribution="Reuters BIP Coding Group" action="confirmed" date="1997-05-01"/>
  </code>
</codes>
<codes class="bip:industries:1.0">
  <code code="I75000">
    <editdetail attribution="Reuters BIP Coding Group" action="confirmed" date="1997-05-01"/>
  </code>
</codes>
<codes class="bip:topics:1.0">
  <code code="C15">
    <editdetail attribution="Reuters BIP Coding Group" action="confirmed" date="1997-05-01"/>
  </code>
  <code code="C152">
    <editdetail attribution="Reuters BIP Coding Group" action="confirmed" date="1997-05-01"/>
  </code>
  <code code="CCAT">
    <editdetail attribution="Reuters BIP Coding Group" action="confirmed" date="1997-05-01"/>
  </code>
</codes>
<dc element="dc.date.created" value="1997-05-01"/>
<dc element="dc.publisher" value="Reuters Holdings Plc"/>
<dc element="dc.date.published" value="1997-05-01"/>
<dc element="dc.source" value="Reuters"/>
<dc element="dc.creator.location" value="NEW YORK"/>
<dc element="dc.creator.location.country.name" value="USA"/>
<dc element="dc.source" value="Reuters"/>
</metadata>
</newsitem>
