<?xml version="1.0" encoding="iso-8859-1" ?>
<newsitem itemid="552963" id="root" date="1997-05-01" xml:lang="en">
<title>USA: Green groups plan lawsuit over salmon plan in U.S.</title>
<headline>Green groups plan lawsuit over salmon plan in U.S.</headline>
<dateline>PORTLAND, Ore. 1997-05-01</dateline>
<text>
<p>A coalition of environmental and fishing organizations has told the federal government it will take legal action against a decision not to list coho salmon as endangered in Oregon.</p>
<p>The move comes after the Clinton administration decided last week to allow Oregon to implement a state plan to protect coho rather than put the species on the endangered species list. The fish was listed as threatened in coastal northern California, home of a much smaller population.</p>
<p>The groups fighting the decision by the National Marine Fisheries Service support Oregon's plan but believe it is insufficient to protect the fish.</p>
<p>The coalition of 25 groups said on Wednesday it planned to sue the federal government in 60 days under the Endangered Species Act.</p>
<p>Mark Hubbard, spokesman for the Oregon Natural Resources Council, said the coalition must give the government a chance to &quot;correct its actions&quot; before filing a lawsuit.</p>
<p>He does not expect any changes.</p>
<p>&quot;We do not expect the National Marine Fisheries Service to turn around and protect coho,&quot; Hubbard said.</p>
<p>Oregon's coho salmon plan is based on voluntary measures to protect areas where the fish spawn. The plan, which will cost $30 million over two years, is funded by $15 million from the Legislature, $13.6 million from the state's timber industry and $1.4 million from fishing and gravel industries.</p>
</text>
<copyright>(c) Reuters Limited 1997</copyright>
<metadata>
<codes class="bip:countries:1.0">
  <code code="USA">
    <editdetail attribution="Reuters BIP Coding Group" action="confirmed" date="1997-05-01"/>
  </code>
</codes>
<codes class="bip:industries:1.0">
  <code code="I03000">
    <editdetail attribution="Reuters BIP Coding Group" action="confirmed" date="1997-05-01"/>
  </code>
</codes>
<codes class="bip:topics:1.0">
  <code code="C13">
    <editdetail attribution="Reuters BIP Coding Group" action="confirmed" date="1997-05-01"/>
  </code>
  <code code="C21">
    <editdetail attribution="Reuters BIP Coding Group" action="confirmed" date="1997-05-01"/>
  </code>
  <code code="CCAT">
    <editdetail attribution="Reuters BIP Coding Group" action="confirmed" date="1997-05-01"/>
  </code>
  <code code="GCAT">
    <editdetail attribution="Reuters BIP Coding Group" action="confirmed" date="1997-05-01"/>
  </code>
  <code code="GENV">
    <editdetail attribution="Reuters BIP Coding Group" action="confirmed" date="1997-05-01"/>
  </code>
</codes>
<dc element="dc.date.created" value="1997-05-01"/>
<dc element="dc.publisher" value="Reuters Holdings Plc"/>
<dc element="dc.date.published" value="1997-05-01"/>
<dc element="dc.source" value="Reuters"/>
<dc element="dc.creator.location" value="PORTLAND, Ore."/>
<dc element="dc.creator.location.country.name" value="USA"/>
<dc element="dc.source" value="Reuters"/>
</metadata>
</newsitem>
