<?xml version="1.0" encoding="iso-8859-1" ?>
<newsitem itemid="552906" id="root" date="1997-05-01" xml:lang="en">
<title>USA: NYMEX Hub natgas closes up on technicals, cash.</title>
<headline>NYMEX Hub natgas closes up on technicals, cash.</headline>
<dateline>NEW YORK 1997-05-01</dateline>
<text>
<p>NYMEX Henry Hub natural gas futures mostly ended higher Thursday in fairly active trade, helped by technical buying and reports of firmer physical prices as May flows began, industry sources said.</p>
<p>June gained 5.9 cents to close at $2.243 per million British thermal units. July settled 5.7 cents higher at $2.261. Most others ended up by 1.8 to 5.1 cents.</p>
<p>&quot;Cash was up a couple of cents but not enough to support this move. There was a lot of technical upside on NYMEX today, but not a lot of hard information,&quot; said one East Coast trader, noting June's move above $2.24 triggered chart buying.  </p>
<p>Despite prospects for steady storage demand this month, most remained skeptical current prices will be sustained without broader cooling loads. While parts of Texas and the West are expected to heat up next week, most other regions were forecast at seasonal to below-seasonal temperatures.</p>
<p>And while the technical picture looked constructive, chart watchers said the market was overbought and due for a correction after an eight percent rally in three days amid rising open interest.</p>
<p>They pegged next resistance in June in the $2.33 area and then at the $2.385 contract high. Support was seen at $2.05 and then along the up trendline at $2.01.</p>
<p>In the cash, Gulf Coast swing prices firmed a couple of cents Thursday to the mid-teens. Midcon pipes were up about a nickel to the low-$2s. New York city gate gas also gained five cents to the mid-$2.40s.</p>
<p>The NYMEX 12-month Hub strip rose 4.5 cents to $2.307.</p>
<p>On the KCBT, June finished 6.3 cents higher at $2.08, while deferreds ended up by one to five cents. The East/West spread narrowed by 0.4 cent to 16.3 cents (NYMEX premium). KCBT said 875 lots changed hands, up sharply from Wednesday's total of 372.</p>
<p>((J Silha, New York Power Desk 212-859-1624))</p>
</text>
<copyright>(c) Reuters Limited 1997</copyright>
<metadata>
<codes class="bip:countries:1.0">
  <code code="USA">
    <editdetail attribution="Reuters BIP Coding Group" action="confirmed" date="1997-05-01"/>
  </code>
</codes>
<codes class="bip:topics:1.0">
  <code code="M14">
    <editdetail attribution="Reuters BIP Coding Group" action="confirmed" date="1997-05-01"/>
  </code>
  <code code="M143">
    <editdetail attribution="Reuters BIP Coding Group" action="confirmed" date="1997-05-01"/>
  </code>
  <code code="MCAT">
    <editdetail attribution="Reuters BIP Coding Group" action="confirmed" date="1997-05-01"/>
  </code>
</codes>
<dc element="dc.date.created" value="1997-05-01"/>
<dc element="dc.publisher" value="Reuters Holdings Plc"/>
<dc element="dc.date.published" value="1997-05-01"/>
<dc element="dc.source" value="Reuters"/>
<dc element="dc.creator.location" value="NEW YORK"/>
<dc element="dc.creator.location.country.name" value="USA"/>
<dc element="dc.source" value="Reuters"/>
</metadata>
</newsitem>
