<?xml version="1.0" encoding="iso-8859-1" ?>
<newsitem itemid="552951" id="root" date="1997-05-01" xml:lang="en">
<title>USA: Trans-Lux Corp buys scoreboard sign segment.</title>
<headline>Trans-Lux Corp buys scoreboard sign segment.</headline>
<dateline>NORWALK, Conn. 1997-05-01</dateline>
<text>
<p>Trans-Lux Corp said on Thursday that its subsidiary had aquired the catalog and custom scoreboard sign business segment of Fairtron Corp, to enable it to reach broader markets.</p>
<p>The company did not say how much the acquisition was worth, but reported that revenues for the latest fiscal year for the catalog scoreboard business, excluding revenues of the custom business, were about $8.5 million.</p>
<p>&quot;The catalog scoreboard business primarily serves college and high school sports facilities and is a natural follow-up to the company's previous acquisitions,&quot; said Trans-Lux chief executive Victor Liss.</p>
<p>Trans-Lux manufactures and services real-time electronic information displays.</p>
</text>
<copyright>(c) Reuters Limited 1997</copyright>
<metadata>
<codes class="bip:countries:1.0">
  <code code="USA">
    <editdetail attribution="Reuters BIP Coding Group" action="confirmed" date="1997-05-01"/>
  </code>
</codes>
<codes class="bip:industries:1.0">
  <code code="I84000">
    <editdetail attribution="Reuters BIP Coding Group" action="confirmed" date="1997-05-01"/>
  </code>
</codes>
<codes class="bip:topics:1.0">
  <code code="C18">
    <editdetail attribution="Reuters BIP Coding Group" action="confirmed" date="1997-05-01"/>
  </code>
  <code code="C181">
    <editdetail attribution="Reuters BIP Coding Group" action="confirmed" date="1997-05-01"/>
  </code>
  <code code="C182">
    <editdetail attribution="Reuters BIP Coding Group" action="confirmed" date="1997-05-01"/>
  </code>
  <code code="CCAT">
    <editdetail attribution="Reuters BIP Coding Group" action="confirmed" date="1997-05-01"/>
  </code>
</codes>
<dc element="dc.date.created" value="1997-05-01"/>
<dc element="dc.publisher" value="Reuters Holdings Plc"/>
<dc element="dc.date.published" value="1997-05-01"/>
<dc element="dc.source" value="Reuters"/>
<dc element="dc.creator.location" value="NORWALK, Conn."/>
<dc element="dc.creator.location.country.name" value="USA"/>
<dc element="dc.source" value="Reuters"/>
</metadata>
</newsitem>
