<?xml version="1.0" encoding="iso-8859-1" ?>
<newsitem itemid="552953" id="root" date="1997-05-01" xml:lang="en">
<title>USA: U.S. blue chips end lower ahead of key jobs report.</title>
<headline>U.S. blue chips end lower ahead of key jobs report.</headline>
<byline>Richard Melville</byline>
<dateline>NEW YORK 1997-05-01</dateline>
<text>
<p>The Dow industrials retreated back below the 7000 level on Thursday as investors took profits from the market's sizzling advance and braced for a critical payroll and wage report due Friday morning.</p>
<p>The Dow fell 33 points to close unofficially at 6976, snapping a three-session winning streak for the blue-chip average.</p>
<p>The broader market enjoyed a solid day, however. Advancing issues outpaced decliners on the major exchanges, with small cap and tech stocks showing particular strength.  </p>
<p>The performance encouraged analysts, who have warily watched the broad market fail to follow the lead set by the Dow during its powerful recovery from a monthlong correction.</p>
<p>&quot;The recovery, even in the S&amp;P 500, has really been led by 10 or 15 companies,&quot; said Jack Shaughnessy, director of research at Advest. &quot;You really want many more stocks participating to have a sustainable advance.&quot;</p>
<p>Analysts said the Dow's pause was almost inevitable on the day before the monthly U.S. wage and payrolls data, one of the very few reports that draw almost universal attention on Wall Street.  </p>
<p>Last summer, a stronger-than-expected payroll report triggered the initial sell-off in what proved to be a steep decline. Analysts said a surprise on Friday, either way, could easily lead to another tempestuous session.</p>
<p>&quot;Could we get another 100-point-plus day either way tomorrow? Absolutely,&quot; said Charlie Crane, chief market strategist at Key Asset Management.</p>
<p>The balance of data this week by and large has proved reassuring to investors, showing a very strong economy without inflation -- the so-called &quot;Goldilocks&quot; economy because its pace is believed to be neither too hot nor too cold.  </p>
<p>&quot;For the most part, the inflation watch is focused on the wages,&quot; said Alan Ackerman, market strategist at Fahnestock &amp; Co. &quot;The other side of the issue is how do we relate wage increases to productivity growth.&quot;</p>
<p>&quot;For now, the market seems comfortable, because we're seeing fast growth but we're not seeing inflation accelerate,&quot; he said.</p>
<p>In individual issues, Aames Financial Corp tumbled 3-1/8 to 12-1/4. Late Wednesday, the mortgage lender warned that a plan to review the pricing of loans made by third party brokers could hurt its future earnings.  </p>
<p>Adobe Systems Inc jumped 2-5/8 to 41-3/4, a day after Standard &amp; Poor's announced the software company would fill a vacancy in its S&amp;P 500 Index. The index, a benchmark for large-cap equities, is used to set investment allocations at many mutual funds.</p>
<p>Adobe had been a component of S&amp;P's MidCap 400 Index. Its replacement there, Hillenbrand Industries Inc, gained 2-3/8 to 45-3/8. Both changes take effect next Monday.</p>
<p>Hallwood Group Inc rose 2-5/8 to 27-1/8. The diversified holding company said it planned to buy back 19.1 percent of its shares for $27.50 each in a self-tender.  </p>
<p>The S&amp;P 500 index fell 2.81 points to 798.53.</p>
<p>The Nasdaq Composite rose 9.74 points to 1270.50.</p>
<p>The Russell 2000 index rose 2.66 points to 345.66.</p>
<p>((-- Wall Street desk, 212-859-1730)) (c) Reuters Limited 1997</p>
</text>
<copyright>(c) Reuters Limited 1997</copyright>
<metadata>
<codes class="bip:countries:1.0">
  <code code="USA">
    <editdetail attribution="Reuters BIP Coding Group" action="confirmed" date="1997-05-01"/>
  </code>
</codes>
<codes class="bip:topics:1.0">
  <code code="M11">
    <editdetail attribution="Reuters BIP Coding Group" action="confirmed" date="1997-05-01"/>
  </code>
  <code code="MCAT">
    <editdetail attribution="Reuters BIP Coding Group" action="confirmed" date="1997-05-01"/>
  </code>
</codes>
<dc element="dc.date.created" value="1997-05-01"/>
<dc element="dc.publisher" value="Reuters Holdings Plc"/>
<dc element="dc.date.published" value="1997-05-01"/>
<dc element="dc.source" value="Reuters"/>
<dc element="dc.creator.location" value="NEW YORK"/>
<dc element="dc.creator.location.country.name" value="USA"/>
<dc element="dc.source" value="Reuters"/>
</metadata>
</newsitem>
