<?xml version="1.0" encoding="iso-8859-1" ?>
<newsitem itemid="552934" id="root" date="1997-05-01" xml:lang="en">
<title>USA: Invacare sees results below analysts views.</title>
<headline>Invacare sees results below analysts views.</headline>
<dateline>ELYRIA, Ohio 1997-05-01</dateline>
<text>
<p>Invacare Corp said Thursday it foresees quarter-to-quarter improvement and a record year, but believes its results will be less than analysts' estimates.</p>
<p>Wall Street is expecting the company to report earnings of $0.37 a share in the second quarter, $0.41 a share in the third quarter and $0.48 a share in the fourth quarter, according to First Call estimates.  </p>
<p>The maker of home medical equipment cited a temporary slowdown in sales growth and the possible effects of proposed budget cuts on purchases of its equipment. It also said dampened sales growth during the past two quarters could be a trend that continues for the balance of the year.</p>
<p>Invacare said European reimbursement pressures continue, particularly in Germany, and this pressure, coupled with the strong dollar, will limit European sales growth for the balance of 1997.</p>
<p>Nonetheless, the company said it expects a record year in 1997.</p>
<p>&quot;These developments are temporary in nature, and the industry has compelling growth demographics that will allow the industry and Invacare to resume more normal growth in 1998,&quot; a company statement said.</p>
</text>
<copyright>(c) Reuters Limited 1997</copyright>
<metadata>
<codes class="bip:countries:1.0">
  <code code="USA">
    <editdetail attribution="Reuters BIP Coding Group" action="confirmed" date="1997-05-01"/>
  </code>
</codes>
<codes class="bip:industries:1.0">
  <code code="I37200">
    <editdetail attribution="Reuters BIP Coding Group" action="confirmed" date="1997-05-01"/>
  </code>
</codes>
<codes class="bip:topics:1.0">
  <code code="C15">
    <editdetail attribution="Reuters BIP Coding Group" action="confirmed" date="1997-05-01"/>
  </code>
  <code code="C152">
    <editdetail attribution="Reuters BIP Coding Group" action="confirmed" date="1997-05-01"/>
  </code>
  <code code="CCAT">
    <editdetail attribution="Reuters BIP Coding Group" action="confirmed" date="1997-05-01"/>
  </code>
</codes>
<dc element="dc.date.created" value="1997-05-01"/>
<dc element="dc.publisher" value="Reuters Holdings Plc"/>
<dc element="dc.date.published" value="1997-05-01"/>
<dc element="dc.source" value="Reuters"/>
<dc element="dc.creator.location" value="ELYRIA, Ohio"/>
<dc element="dc.creator.location.country.name" value="USA"/>
<dc element="dc.source" value="Reuters"/>
</metadata>
</newsitem>
