<?xml version="1.0" encoding="iso-8859-1" ?>
<newsitem itemid="553082" id="root" date="1997-05-01" xml:lang="en">
<title>USA: Computer Language still sees improved 1997.</title>
<headline>Computer Language still sees improved 1997.</headline>
<dateline>CARROLLTON, Texas 1997-05-01</dateline>
<text>
<p>Computer Language Research Inc Thursday reiterated that it expects revenue growth in 1997 of about 13 percent to 15 percent.</p>
<p>The company also repeated a forecast from earlier in the year that 1997 operating margins for 1997, excluding amortization and other acquisition-related charges, will return to more historical levels. Those levels are also in the range of 13 to 15 percent.</p>
<p>In 1996 the company said revenue growth was 16.7 percent over 1995.</p>
<p>The company said pre-acquisition margins, excluding amortization and other acquisition-related charges, was about 11 percent in 1996.</p>
<p>Computer Language noted at the time of its fiscal first quarter report in late February that some 12 acquisitions during 1995 and 1996 had depressed operating results for those periods below normal levels.</p>
</text>
<copyright>(c) Reuters Limited 1997</copyright>
<metadata>
<codes class="bip:countries:1.0">
  <code code="USA">
    <editdetail attribution="Reuters BIP Coding Group" action="confirmed" date="1997-05-01"/>
  </code>
</codes>
<codes class="bip:industries:1.0">
  <code code="I33020">
    <editdetail attribution="Reuters BIP Coding Group" action="confirmed" date="1997-05-01"/>
  </code>
  <code code="I3302021">
    <editdetail attribution="Reuters BIP Coding Group" action="confirmed" date="1997-05-01"/>
  </code>
</codes>
<codes class="bip:topics:1.0">
  <code code="C15">
    <editdetail attribution="Reuters BIP Coding Group" action="confirmed" date="1997-05-01"/>
  </code>
  <code code="C152">
    <editdetail attribution="Reuters BIP Coding Group" action="confirmed" date="1997-05-01"/>
  </code>
  <code code="CCAT">
    <editdetail attribution="Reuters BIP Coding Group" action="confirmed" date="1997-05-01"/>
  </code>
</codes>
<dc element="dc.date.created" value="1997-05-01"/>
<dc element="dc.publisher" value="Reuters Holdings Plc"/>
<dc element="dc.date.published" value="1997-05-01"/>
<dc element="dc.source" value="Reuters"/>
<dc element="dc.creator.location" value="CARROLLTON, Texas"/>
<dc element="dc.creator.location.country.name" value="USA"/>
<dc element="dc.source" value="Reuters"/>
</metadata>
</newsitem>
