<?xml version="1.0" encoding="iso-8859-1" ?>
<newsitem itemid="553005" id="root" date="1997-05-01" xml:lang="en">
<title>USA: Isis says cancer compounds appear safe.</title>
<headline>Isis says cancer compounds appear safe.</headline>
<dateline>CARLSBAD, Calif. 1997-05-01</dateline>
<text>
<p>Isis Pharmaceuticals Inc said Thursday that Phase I clinical trials of two of its anti-cancer compounds are near completion and appear to demonstrate &quot;safety and preliminary evidence of response in some patients.&quot;</p>
<p>The company said plans are under way to initiate Phase II trials for those compounds, ISIS 5332 and ISIS 3521, in the second half of this year. Both compounds are being tested on a variety of solid tumors.</p>
<p>It also said it plans to initiate Phase I trials for a third anti-tumor compoud, ISIS 2503, around mid-year.</p>
<p>And it said it expects to complete Phase III trials of ISIS 2922 (fomivirsen) later this year. Fomivirsen is a compound designed to treat CMV retinitis, a virus that often strikes late-stage AIDS patients and can lead to blindness.</p>
</text>
<copyright>(c) Reuters Limited 1997</copyright>
<metadata>
<codes class="bip:countries:1.0">
  <code code="USA">
    <editdetail attribution="Reuters BIP Coding Group" action="confirmed" date="1997-05-01"/>
  </code>
</codes>
<codes class="bip:industries:1.0">
  <code code="I25700">
    <editdetail attribution="Reuters BIP Coding Group" action="confirmed" date="1997-05-01"/>
  </code>
</codes>
<codes class="bip:topics:1.0">
  <code code="C23">
    <editdetail attribution="Reuters BIP Coding Group" action="confirmed" date="1997-05-01"/>
  </code>
  <code code="CCAT">
    <editdetail attribution="Reuters BIP Coding Group" action="confirmed" date="1997-05-01"/>
  </code>
  <code code="GCAT">
    <editdetail attribution="Reuters BIP Coding Group" action="confirmed" date="1997-05-01"/>
  </code>
  <code code="GHEA">
    <editdetail attribution="Reuters BIP Coding Group" action="confirmed" date="1997-05-01"/>
  </code>
</codes>
<dc element="dc.date.created" value="1997-05-01"/>
<dc element="dc.publisher" value="Reuters Holdings Plc"/>
<dc element="dc.date.published" value="1997-05-01"/>
<dc element="dc.source" value="Reuters"/>
<dc element="dc.creator.location" value="CARLSBAD, Calif."/>
<dc element="dc.creator.location.country.name" value="USA"/>
<dc element="dc.source" value="Reuters"/>
</metadata>
</newsitem>
