<?xml version="1.0" encoding="iso-8859-1" ?>
<newsitem itemid="553003" id="root" date="1997-05-01" xml:lang="en">
<title>USA: US budget plan has $140 bln gross tax cut -- Hobson.</title>
<headline>US budget plan has $140 bln gross tax cut -- Hobson.</headline>
<dateline>WASHINGTON 1997-05-01</dateline>
<text>
<p>U.S. Rep. David Hobson, a Republican from Ohio, said a proposed budget framework presented to House Republicans Thursday included $85 billion to $90 billion in net tax cuts and $140 billion to $145 billion in gross tax cuts over five years.</p>
<p>The plan included $60 billion in increased spending and $115 billion in Medicare savings over five years, Hobson told reporters.  </p>
<p>The proposal also included $200 billion in entitlement savings over the first five years, which would balloon to $700 billion to $800 billion in savings over 10 years, Hobson said.</p>
<p>The plan had Medicaid savings of about $25 billion to $35 billion, he said.</p>
<p>The tax portion of a budget pact was expected to include a capital gains tax cut, estate tax reduction and a $500 child tax credit, Hobson said. Also likely to be included would be provisions for child health and tuition, he said.</p>
<p>Rep W.J. Tauzin, a Louisiana Republican, said that if there were anything related to the consumer price index in the plan, it would not be a &quot;legislative fix.&quot;</p>
</text>
<copyright>(c) Reuters Limited 1997</copyright>
<metadata>
<codes class="bip:countries:1.0">
  <code code="USA">
    <editdetail attribution="Reuters BIP Coding Group" action="confirmed" date="1997-05-01"/>
  </code>
</codes>
<codes class="bip:topics:1.0">
  <code code="E21">
    <editdetail attribution="Reuters BIP Coding Group" action="confirmed" date="1997-05-01"/>
  </code>
  <code code="E211">
    <editdetail attribution="Reuters BIP Coding Group" action="confirmed" date="1997-05-01"/>
  </code>
  <code code="ECAT">
    <editdetail attribution="Reuters BIP Coding Group" action="confirmed" date="1997-05-01"/>
  </code>
  <code code="GCAT">
    <editdetail attribution="Reuters BIP Coding Group" action="confirmed" date="1997-05-01"/>
  </code>
  <code code="GPOL">
    <editdetail attribution="Reuters BIP Coding Group" action="confirmed" date="1997-05-01"/>
  </code>
</codes>
<dc element="dc.date.created" value="1997-05-01"/>
<dc element="dc.publisher" value="Reuters Holdings Plc"/>
<dc element="dc.date.published" value="1997-05-01"/>
<dc element="dc.source" value="Reuters"/>
<dc element="dc.creator.location" value="WASHINGTON"/>
<dc element="dc.creator.location.country.name" value="USA"/>
<dc element="dc.source" value="Reuters"/>
</metadata>
</newsitem>
