<?xml version="1.0" encoding="iso-8859-1" ?>
<newsitem itemid="553017" id="root" date="1997-05-01" xml:lang="en">
<title>USA: David White Inc Q1 net, sales rise.</title>
<headline>David White Inc Q1 net, sales rise.</headline>
<dateline>GERMANTOWN, Wis. 1997-05-01</dateline>
<text>
<p>1997			1996</p>
<p> Shr			 $ 0.59		   $ 0.50</p>
<p> Net			    268			228</p>
<p> Sales			4,128		    3,953</p>
<p> Avg shrs		     457			457</p>
<p>(All data above 000s except per share numbers)</p>
<p>	     ((Chicago newsdesk 312 408 8787))</p>
</text>
<copyright>(c) Reuters Limited 1997</copyright>
<metadata>
<codes class="bip:countries:1.0">
  <code code="USA">
    <editdetail attribution="Reuters BIP Coding Group" action="confirmed" date="1997-05-01"/>
  </code>
</codes>
<codes class="bip:industries:1.0">
  <code code="I37300">
    <editdetail attribution="Reuters BIP Coding Group" action="confirmed" date="1997-05-01"/>
  </code>
</codes>
<codes class="bip:topics:1.0">
  <code code="C15">
    <editdetail attribution="Reuters BIP Coding Group" action="confirmed" date="1997-05-01"/>
  </code>
  <code code="C151">
    <editdetail attribution="Reuters BIP Coding Group" action="confirmed" date="1997-05-01"/>
  </code>
  <code code="CCAT">
    <editdetail attribution="Reuters BIP Coding Group" action="confirmed" date="1997-05-01"/>
  </code>
</codes>
<dc element="dc.date.created" value="1997-05-01"/>
<dc element="dc.publisher" value="Reuters Holdings Plc"/>
<dc element="dc.date.published" value="1997-05-01"/>
<dc element="dc.source" value="Reuters"/>
<dc element="dc.creator.location" value="GERMANTOWN, Wis."/>
<dc element="dc.creator.location.country.name" value="USA"/>
<dc element="dc.source" value="Reuters"/>
</metadata>
</newsitem>
