<?xml version="1.0" encoding="iso-8859-1" ?>
<newsitem itemid="553045" id="root" date="1997-05-01" xml:lang="en">
<title>USA: Dart Group Q4 shr loss $7.32 vs loss $0.57.</title>
<headline>Dart Group Q4 shr loss $7.32 vs loss $0.57.</headline>
<dateline>LANDOVER, Md. 1997-05-01</dateline>
<text>
<p>Dart Group Corp.</p>
<p>					(in thousands)</p>
<p>				(except earnings per share)</p>
<p>			Three Months Ended   Twelve Months Ended</p>
<p>		     Jan. 31	Jan. 31	Jan. 31    Jan. 31</p>
<p>			  1997	   1996	  1997	  1996</p>
<p> Sales	    $186,159     $199,333     $668,089   $678,136</p>
<p>Income (loss) before income taxes, equity in affiliate and minority   interest	(17,582)	  (814)     (28,402)   (12,683)</p>
<p> Net loss	 (14,764)	  (501)     (16,693)   (13,424)</p>
<p> Loss Per Share   (7.32)	  (.57)	 (8.73)     (7.88)</p>
<p>Weighted average shares</p>
<p>   outstanding     2,087	  2,074	  2,076	1,862</p>
<p>NOTE: The net loss for the year ended Jan 31, 1997, includs a $17 million reserve for litigation, and a $4.9 million charge for the company's closed store and restructuring reserve.</p>
<p>The net loss for the year ended Jan 31, 1996 also includes an $8.8 million charge for the company's closed store and restructuring reserve.</p>
</text>
<copyright>(c) Reuters Limited 1997</copyright>
<metadata>
<codes class="bip:countries:1.0">
  <code code="USA">
    <editdetail attribution="Reuters BIP Coding Group" action="confirmed" date="1997-05-01"/>
  </code>
</codes>
<codes class="bip:industries:1.0">
  <code code="I81502">
    <editdetail attribution="Reuters BIP Coding Group" action="confirmed" date="1997-05-01"/>
  </code>
</codes>
<codes class="bip:topics:1.0">
  <code code="C15">
    <editdetail attribution="Reuters BIP Coding Group" action="confirmed" date="1997-05-01"/>
  </code>
  <code code="C151">
    <editdetail attribution="Reuters BIP Coding Group" action="confirmed" date="1997-05-01"/>
  </code>
  <code code="C1511">
    <editdetail attribution="Reuters BIP Coding Group" action="confirmed" date="1997-05-01"/>
  </code>
  <code code="CCAT">
    <editdetail attribution="Reuters BIP Coding Group" action="confirmed" date="1997-05-01"/>
  </code>
</codes>
<dc element="dc.date.created" value="1997-05-01"/>
<dc element="dc.publisher" value="Reuters Holdings Plc"/>
<dc element="dc.date.published" value="1997-05-01"/>
<dc element="dc.source" value="Reuters"/>
<dc element="dc.creator.location" value="LANDOVER, Md."/>
<dc element="dc.creator.location.country.name" value="USA"/>
<dc element="dc.source" value="Reuters"/>
</metadata>
</newsitem>
