<?xml version="1.0" encoding="iso-8859-1" ?>
<newsitem itemid="553038" id="root" date="1997-05-01" xml:lang="en">
<title>USA: First Alert says restructuring helps Q1 earnings.</title>
<headline>First Alert says restructuring helps Q1 earnings.</headline>
<dateline>AURORA, Ill. 1997-05-01</dateline>
<text>
<p>First Alert Inc said Thursday its restructuring program and cost reduction efforts have helped the company.</p>
<p>First Alert reported a first quarter loss of $0.13 a share, compared with a loss of $0.18 a share last year. The company said sales were on target at $37 million despite softness in the carbon monoxide detector market.</p>
<p>&quot;Our first quarter results demonstrate the positive impact of restructuring and cost reduction efforts undertaken to position our company for improved and sustainable profitability in the future,&quot; B. Joseph Messner, president and chief executive, said in a statement.</p>
<p>&quot;As a result of the restructuring program taken in the fourth quarter, we have right-sized our manufacturing operations, reduced our selling, general and administrative cost structures and are continuing the planned elimination of non-performing product lines,&quot; he said.</p>
<p>First Alert said its vendor/management team cut costs by about $2 million. It said inventory levels were reduced by $25.5 million or 34 percent from the 1996 first quarter and by $8.8 million or 15 percent from the fourth quarter.</p>
<p>((--Chicago newsdesk, 312-408-8787))</p>
</text>
<copyright>(c) Reuters Limited 1997</copyright>
<metadata>
<codes class="bip:countries:1.0">
  <code code="USA">
    <editdetail attribution="Reuters BIP Coding Group" action="confirmed" date="1997-05-01"/>
  </code>
</codes>
<codes class="bip:industries:1.0">
  <code code="I34330">
    <editdetail attribution="Reuters BIP Coding Group" action="confirmed" date="1997-05-01"/>
  </code>
</codes>
<codes class="bip:topics:1.0">
  <code code="C15">
    <editdetail attribution="Reuters BIP Coding Group" action="confirmed" date="1997-05-01"/>
  </code>
  <code code="C151">
    <editdetail attribution="Reuters BIP Coding Group" action="confirmed" date="1997-05-01"/>
  </code>
  <code code="CCAT">
    <editdetail attribution="Reuters BIP Coding Group" action="confirmed" date="1997-05-01"/>
  </code>
</codes>
<dc element="dc.date.created" value="1997-05-01"/>
<dc element="dc.publisher" value="Reuters Holdings Plc"/>
<dc element="dc.date.published" value="1997-05-01"/>
<dc element="dc.source" value="Reuters"/>
<dc element="dc.creator.location" value="AURORA, Ill."/>
<dc element="dc.creator.location.country.name" value="USA"/>
<dc element="dc.source" value="Reuters"/>
</metadata>
</newsitem>
