<?xml version="1.0" encoding="iso-8859-1" ?>
<newsitem itemid="553083" id="root" date="1997-05-01" xml:lang="en">
<title>USA: White House hails Mexico's drug reorganization.</title>
<headline>White House hails Mexico's drug reorganization.</headline>
<dateline>WASHINGTON 1997-05-01</dateline>
<text>
<p>The White House on Thursday welcomed Mexico's decision to dismantle its scandal-marred anti-drug agency and replace it with a new body of trained agents who be screened on a regular basis.</p>
<p>&quot;It's a positive and encouraging development taken independently by the government of Mexico,&quot; White House spokesman Mike McCurry told reporters.</p>
<p>Presidential counselor Thomas &quot;Mack&quot; McLarty, the White House coordinator for U.S. policy toward Latin America, said the move showed Mexico &quot;has exhibited the will to fight against drug traffickers.&quot;</p>
<p>&quot;President (Ernesto) Zedillo said in 1994 that the number one national security threat to Mexico was narcotics and narcotics trafficking,&quot; McLarty said. &quot;I think there's clearly a belief and strong feeling on the part of the Mexican people that this is a serious, very, very serious and concerning problem that must be addressed.&quot;</p>
<p>McLarty spoke with a group of reporters at the National Press Club one day after Mexican Attorney General Jorge Madrazo Cuellar announced that the new agency, the Special Prosecutor's Office for Crimes Against Health, would begin work immediately.</p>
<p>Drug offenses are termed crimes against health in Mexico.</p>
<p>The new agency replaces the National Institute for Drug Combat (INCD), which fell under a cloud when its chief, Gen. Jesus Gutierrez Rebollo, was arrested in February and charged with taking bribes from Mexico's most wanted drug lord, Amado Carrillo Fuentes.</p>
<p>The reorganization came five days before President Bill Clinton was due to arrive in Mexico for a visit that will include discussions on fighting drugs.</p>
<p>Washington has applied heavy pressure on Mexico in recent years to root out drug corruption and stop narcotics smuggling across the border. But despite constant pledges and new programs, anti-drug agents say the flow of cocaine, marijuana and heroin continues hardly checked. neeydpokeyCwhat we want to do is first to achieve a clear understanding of the problem lets agree on the problem the depth of it and i think we're very close to doinbg that. and then agree on what steps we need to take in a collaborative way' to deal with it.</p>
<p>tghytjhreweaagree rtbaioverldfiun3x</p>
</text>
<copyright>(c) Reuters Limited 1997</copyright>
<metadata>
<codes class="bip:countries:1.0">
  <code code="MEX">
    <editdetail attribution="Reuters BIP Coding Group" action="confirmed" date="1997-05-01"/>
  </code>
  <code code="USA">
    <editdetail attribution="Reuters BIP Coding Group" action="confirmed" date="1997-05-01"/>
  </code>
</codes>
<codes class="bip:topics:1.0">
  <code code="GCAT">
    <editdetail attribution="Reuters BIP Coding Group" action="confirmed" date="1997-05-01"/>
  </code>
  <code code="GCRIM">
    <editdetail attribution="Reuters BIP Coding Group" action="confirmed" date="1997-05-01"/>
  </code>
  <code code="GDIP">
    <editdetail attribution="Reuters BIP Coding Group" action="confirmed" date="1997-05-01"/>
  </code>
  <code code="GPOL">
    <editdetail attribution="Reuters BIP Coding Group" action="confirmed" date="1997-05-01"/>
  </code>
</codes>
<dc element="dc.date.created" value="1997-05-01"/>
<dc element="dc.publisher" value="Reuters Holdings Plc"/>
<dc element="dc.date.published" value="1997-05-01"/>
<dc element="dc.source" value="Reuters"/>
<dc element="dc.creator.location" value="WASHINGTON"/>
<dc element="dc.creator.location.country.name" value="USA"/>
<dc element="dc.source" value="Reuters"/>
</metadata>
</newsitem>
