<?xml version="1.0" encoding="iso-8859-1" ?>
<newsitem itemid="553059" id="root" date="1997-05-01" xml:lang="en">
<title>USA: Grand Casinos higher as chairman ups stake.</title>
<headline>Grand Casinos higher as chairman ups stake.</headline>
<dateline>NEW YORK 1997-05-01</dateline>
<text>
<p>Grand Casinos Inc shares climbed nine percent in unusually heavy trade Thursday after Grand's chairman raised his already-large stake in the company by 300,000 shares.</p>
<p>At midsession New York Stock Exchange trade, Grand shares were up one to 12, easing off an intraday high of 12-1/2, a level last reached January 23.</p>
<p>Trading volume was heavy at more than 500,000 shares.</p>
<p>&quot;(Chairman) Lyle Berman bought 300,000 shares in the company and the investment community is encouraged by that purchase,&quot; said Jason Ader, Bear Stearns gaming analyst.  </p>
<p>A Grand spokeswomen said Berman, also the company chief executive, purchased the 300,000 shares for between 10-3/8 and 10-1/2 in the open market over the past two weeks.</p>
<p>The new purchases lift Berman's stake in Grand to about 4.6 million shares, or &quot;a little over 10 percent,&quot; of the roughly 42 million shares outstanding, the spokeswoman said.</p>
<p>Grand, based in Minneapolis, operates casinos on the Mississippi Gulf Coast, manages land-based Native American-owned casinos in Minnesota and Louisiana, and is the owner of about 50 percent of Stratosphere Corp, a casino complex in Las Vegas which declared bankruptcy in January 1997, according to Bear Stearns' Global Gaming Almanac.</p>
<p>((--Brendan Intindola, Wall Street Desk, 212-859-1734))</p>
</text>
<copyright>(c) Reuters Limited 1997</copyright>
<metadata>
<codes class="bip:countries:1.0">
  <code code="USA">
    <editdetail attribution="Reuters BIP Coding Group" action="confirmed" date="1997-05-01"/>
  </code>
</codes>
<codes class="bip:industries:1.0">
  <code code="I97912">
    <editdetail attribution="Reuters BIP Coding Group" action="confirmed" date="1997-05-01"/>
  </code>
</codes>
<codes class="bip:topics:1.0">
  <code code="C15">
    <editdetail attribution="Reuters BIP Coding Group" action="confirmed" date="1997-05-01"/>
  </code>
  <code code="C152">
    <editdetail attribution="Reuters BIP Coding Group" action="confirmed" date="1997-05-01"/>
  </code>
  <code code="C18">
    <editdetail attribution="Reuters BIP Coding Group" action="confirmed" date="1997-05-01"/>
  </code>
  <code code="C181">
    <editdetail attribution="Reuters BIP Coding Group" action="confirmed" date="1997-05-01"/>
  </code>
  <code code="CCAT">
    <editdetail attribution="Reuters BIP Coding Group" action="confirmed" date="1997-05-01"/>
  </code>
</codes>
<dc element="dc.date.created" value="1997-05-01"/>
<dc element="dc.publisher" value="Reuters Holdings Plc"/>
<dc element="dc.date.published" value="1997-05-01"/>
<dc element="dc.source" value="Reuters"/>
<dc element="dc.creator.location" value="NEW YORK"/>
<dc element="dc.creator.location.country.name" value="USA"/>
<dc element="dc.source" value="Reuters"/>
</metadata>
</newsitem>
