<?xml version="1.0" encoding="iso-8859-1" ?>
<newsitem itemid="553065" id="root" date="1997-05-01" xml:lang="en">
<title>USA: Allegheny says delays May steel price hike.</title>
<headline>Allegheny says delays May steel price hike.</headline>
<dateline>PITTSBURGH 1997-05-01</dateline>
<text>
<p>The chairman of Allegheny Teledyne Inc said Thursday the company's five percent price hike on flat-rolled stainless steel, originally scheduled for May 6, was delayed until at least June 2.</p>
<p>&quot;The May 6 increase has now been delayed until sometime after June 1,&quot; Richard Simmons, Allegheny Teledyne chairman, told reporters after the company's annual shareholders meeting. &quot;The market will determine whether that increase goes in in June or July or August.&quot;  </p>
<p>Simmons said imports are continuing to enter the domestic market at a high level, keeping downward pressure on pricing and dampening the chances for a successful price hike. He said steel demand is strong but prices are remaining sluggish due to the oversupply.</p>
<p>Stainless steel prices have fallen about 20 percent in the past year.</p>
<p>Simmons also told reporters his company may make an acquisition of &quot;material size&quot; by the end of the year.  </p>
<p>He declined to elaborate.</p>
<p>&quot;We will attempt to make a material strategic acquisition that will support one of the segments of the company and it would not be appropriate for me to identify which segment,&quot; he said.</p>
<p>((Pittsburgh newsroom 412-471-7088))</p>
</text>
<copyright>(c) Reuters Limited 1997</copyright>
<metadata>
<codes class="bip:countries:1.0">
  <code code="USA">
    <editdetail attribution="Reuters BIP Coding Group" action="confirmed" date="1997-05-01"/>
  </code>
</codes>
<codes class="bip:industries:1.0">
  <code code="I32000">
    <editdetail attribution="Reuters BIP Coding Group" action="confirmed" date="1997-05-01"/>
  </code>
</codes>
<codes class="bip:topics:1.0">
  <code code="C31">
    <editdetail attribution="Reuters BIP Coding Group" action="confirmed" date="1997-05-01"/>
  </code>
  <code code="CCAT">
    <editdetail attribution="Reuters BIP Coding Group" action="confirmed" date="1997-05-01"/>
  </code>
</codes>
<dc element="dc.date.created" value="1997-05-01"/>
<dc element="dc.publisher" value="Reuters Holdings Plc"/>
<dc element="dc.date.published" value="1997-05-01"/>
<dc element="dc.source" value="Reuters"/>
<dc element="dc.creator.location" value="PITTSBURGH"/>
<dc element="dc.creator.location.country.name" value="USA"/>
<dc element="dc.source" value="Reuters"/>
</metadata>
</newsitem>
