<?xml version="1.0" encoding="iso-8859-1" ?>
<newsitem itemid="553087" id="root" date="1997-05-01" xml:lang="en">
<title>USA: Semiconductor Packaging unit plans acquisition.</title>
<headline>Semiconductor Packaging unit plans acquisition.</headline>
<dateline>ARMONK, N.Y. 1997-05-01</dateline>
<text>
<p>Semiconductor Packaging Materials Co Inc said Thursday its unit, Retconn Inc, has signed a letter of intent to acquire S.T. Electronics Inc of Rancho Cordova, Calif.</p>
<p>Terms of the proposed deal, which is subject to several conditions including the execution of a definitive agreement, were not disclosed.  Torrington, Conn.,-based Retconn said it expects to close the transaction as soon as possible.</p>
<p>Retconn designs and makes &quot;D&quot; subminiature coaxial contacts and connectors which are sold mainly to manufacturers in the communcation and computer industries.</p>
<p>S.T. Electronics makes and sells custom cable and cable harness assemblies primarily for the communications industry. It uses coaxial connectors of the type that Retconn makes.</p>
<p>Semiconductor Packaging and its units provide specialty materials and services to the microelectronic and semiconductor industries.</p>
</text>
<copyright>(c) Reuters Limited 1997</copyright>
<metadata>
<codes class="bip:countries:1.0">
  <code code="USA">
    <editdetail attribution="Reuters BIP Coding Group" action="confirmed" date="1997-05-01"/>
  </code>
</codes>
<codes class="bip:industries:1.0">
  <code code="I34531">
    <editdetail attribution="Reuters BIP Coding Group" action="confirmed" date="1997-05-01"/>
  </code>
</codes>
<codes class="bip:topics:1.0">
  <code code="C18">
    <editdetail attribution="Reuters BIP Coding Group" action="confirmed" date="1997-05-01"/>
  </code>
  <code code="C181">
    <editdetail attribution="Reuters BIP Coding Group" action="confirmed" date="1997-05-01"/>
  </code>
  <code code="CCAT">
    <editdetail attribution="Reuters BIP Coding Group" action="confirmed" date="1997-05-01"/>
  </code>
</codes>
<dc element="dc.date.created" value="1997-05-01"/>
<dc element="dc.publisher" value="Reuters Holdings Plc"/>
<dc element="dc.date.published" value="1997-05-01"/>
<dc element="dc.source" value="Reuters"/>
<dc element="dc.creator.location" value="ARMONK, N.Y."/>
<dc element="dc.creator.location.country.name" value="USA"/>
<dc element="dc.source" value="Reuters"/>
</metadata>
</newsitem>
