<?xml version="1.0" encoding="iso-8859-1" ?>
<newsitem itemid="553195" id="root" date="1997-05-01" xml:lang="en">
<title>UK: UK's Labour wins key seat of Basildon.</title>
<headline>UK's Labour wins key seat of Basildon.</headline>
<dateline>LONDON 1996-05-02</dateline>
<text>
<p>Britain's opposition Labour Party has won the key seat of Basildon, number 29 on its list of most winnable seats.</p>
<p>The 13,280 majority represented a swing to Labour of 15 percent. The seat achieved mythical status at the 1992 election when the Conservatives held on against the odds with a majority of 2,646, giving an early indication the ruling party was heading for a shock win. The constituency contains a large number of skilled manual labourers, many of whom flourished under Conservative rule in the 1980s. It also boasts the highest proportion of readers of The Sun, Britain's most popular tabloid.</p>
<p>The paper backed the Conservatives at the last election, claiming afterwards it had played a pivotal role in returning the Tories to power.</p>
<p>This time The Sun departed from its right-wing roots and backed the Labour Party.</p>
<p>-- Rosemary Bennett +44 171 542 7715</p>
</text>
<copyright>(c) Reuters Limited 1997</copyright>
<metadata>
<codes class="bip:countries:1.0">
  <code code="UK">
    <editdetail attribution="Reuters BIP Coding Group" action="confirmed" date="1997-05-01"/>
  </code>
</codes>
<codes class="bip:topics:1.0">
  <code code="GCAT">
    <editdetail attribution="Reuters BIP Coding Group" action="confirmed" date="1997-05-01"/>
  </code>
  <code code="GPOL">
    <editdetail attribution="Reuters BIP Coding Group" action="confirmed" date="1997-05-01"/>
  </code>
  <code code="GVOTE">
    <editdetail attribution="Reuters BIP Coding Group" action="confirmed" date="1997-05-01"/>
  </code>
</codes>
<dc element="dc.date.created" value="1996-05-02"/>
<dc element="dc.publisher" value="Reuters Holdings Plc"/>
<dc element="dc.date.published" value="1997-05-01"/>
<dc element="dc.source" value="Reuters"/>
<dc element="dc.creator.location" value="LONDON"/>
<dc element="dc.creator.location.country.name" value="UK"/>
<dc element="dc.source" value="Reuters"/>
</metadata>
</newsitem>
