<?xml version="1.0" encoding="iso-8859-1" ?>
<newsitem itemid="553117" id="root" date="1997-05-01" xml:lang="en">
<title>USA: NBA-BULLS SWEEP BULLETS, PORTLAND STAYS ALIVE.</title>
<headline>NBA-BULLS SWEEP BULLETS, PORTLAND STAYS ALIVE.</headline>
<dateline>LANDOVER, Maryland 1997-05-01</dateline>
<text>
<p>Michael Jordan scored 28 points and led a rally capped by Scottie Pippen's driving dunk with 7.4 seconds left that lifted the Chicago Bulls to a 96-95 victory over the Washington Bullets and a sweep of their Eastern Conference first-round series on Wednesday.</p>
<p>Jordan scored 10 points in the final four minutes and was nearly as dominant as he was in Game Two, when he scored 55 points, 20 in the fourth quarter. Pippen, almost a bystander in Game Two, scored 20 points, including the basket that clinched the best-of-five series.</p>
<p>The Bulls advance to the conference semifinals and await the winner of the Atlanta-Detroit series.</p>
<p>&quot;I thought we didn't play to our potential, Jordan said. &quot;What won this was our experience in the playoffs and we were able to utilize our maturity. Their lack of playoff experience is what won this series for us.&quot;</p>
<p>Rod Strickland had 24 points and nine assists for Washington, which was hosting its first playoff game in nine years.</p>
<p>The Bullets blew a nine-point lead with four minutes left and were swept by a combined 18 points by the defending NBA champions.</p>
<p>It was the end of an era for the Bullets, who next season are changing their nickname to Wizards.</p>
<p>In Portland, Kenny Anderson scored 17 of his 30 points in the first quarter and the Portland Trail Blazers built a 31-point lead before hanging on to defeat the Los Angeles Lakers, 98-90 and stave off elimination in their Western Conference first-round series.</p>
<p>Los Angeles leads the best-of-five series 2-1.</p>
<p>Anderson, who made his first seven shots, finished 9-of-11 from the floor. He added five assists and five rebounds for Portland, which won a first-round Game Three at home for the third time in the last four years.</p>
<p>Rasheed Wallace added 20 points and Cliff Robinson had 18 for the Trail Blazers, who built a 69-38 lead with eight minutes left in the third quarter. They still maintained a 26-point advantage heading into the final 12 minutes, but saw a furious Lakers rally cut the lead to six in the final minute.</p>
<p>The Trail Blazers won despite getting no points and just five rebounds from starting centre Arvydas Sabonis. Shaquille O'Neal led Los Angeles with 29 points while rookie Kobe Bryant added 22, including 14 in the final period.</p>
<p>Bryant's performance partially offset another bad game by Nick Van Exel, who missed all six of his shots from the field, including three from beyond the arc.</p>
<p>In addition to Van Exel, starting forwards Robert Horry and Elden Campbell also failed to show up.  Horry was scoreless in 23 minutes while Campbell had just four points and three rebounds in his 23 minutes.</p>
<p>Game Four is Friday in Portland.</p>
</text>
<copyright>(c) Reuters Limited 1997</copyright>
<metadata>
<codes class="bip:countries:1.0">
  <code code="USA">
    <editdetail attribution="Reuters BIP Coding Group" action="confirmed" date="1997-05-01"/>
  </code>
</codes>
<codes class="bip:topics:1.0">
  <code code="GCAT">
    <editdetail attribution="Reuters BIP Coding Group" action="confirmed" date="1997-05-01"/>
  </code>
  <code code="GSPO">
    <editdetail attribution="Reuters BIP Coding Group" action="confirmed" date="1997-05-01"/>
  </code>
</codes>
<dc element="dc.date.created" value="1997-05-01"/>
<dc element="dc.publisher" value="Reuters Holdings Plc"/>
<dc element="dc.date.published" value="1997-05-01"/>
<dc element="dc.source" value="Reuters"/>
<dc element="dc.creator.location" value="LANDOVER, Maryland"/>
<dc element="dc.creator.location.country.name" value="USA"/>
<dc element="dc.source" value="Reuters"/>
</metadata>
</newsitem>
