<?xml version="1.0" encoding="iso-8859-1" ?>
<newsitem itemid="553154" id="root" date="1997-05-01" xml:lang="en">
<title>FRANCE: SOCCER-ALGERIAN FIRST DIVISION RESULTS.</title>
<headline>SOCCER-ALGERIAN FIRST DIVISION RESULTS.</headline>
<dateline>PARIS 1997-05-01</dateline>
<text>
<p>Results of Algerian first division</p>
<p>soccer matches played on Thursday:</p>
<p> CR Belouizdad   0  WA Boufarik     0</p>
<p> WA Tlemcen	1  CS Constantine  1</p>
<p> WA Mostaganem   6  JS Kabylie	0</p>
<p> USM El Harrach  1  NA Hussein-Dey  1</p>
<p> MO Constantine  1  US Chaouia	1</p>
<p>Postponed: MC Alger v MC Oran, CA Batna v USM Alger, AS Ain</p>
<p>M'lila v USM Ain Beida</p>
</text>
<copyright>(c) Reuters Limited 1997</copyright>
<metadata>
<codes class="bip:countries:1.0">
  <code code="ALG">
    <editdetail attribution="Reuters BIP Coding Group" action="confirmed" date="1997-05-01"/>
  </code>
</codes>
<codes class="bip:topics:1.0">
  <code code="GCAT">
    <editdetail attribution="Reuters BIP Coding Group" action="confirmed" date="1997-05-01"/>
  </code>
  <code code="GSPO">
    <editdetail attribution="Reuters BIP Coding Group" action="confirmed" date="1997-05-01"/>
  </code>
</codes>
<dc element="dc.date.created" value="1997-05-01"/>
<dc element="dc.publisher" value="Reuters Holdings Plc"/>
<dc element="dc.date.published" value="1997-05-01"/>
<dc element="dc.source" value="Reuters"/>
<dc element="dc.creator.location" value="PARIS"/>
<dc element="dc.creator.location.country.name" value="FRANCE"/>
<dc element="dc.source" value="Reuters"/>
</metadata>
</newsitem>
