<?xml version="1.0" encoding="iso-8859-1" ?>
<newsitem itemid="553151" id="root" date="1997-05-01" xml:lang="en">
<title>ITALY: SOCCER-SEASON OVER FOR FIORENTINA'S SCHWARZ.</title>
<headline>SOCCER-SEASON OVER FOR FIORENTINA'S SCHWARZ.</headline>
<dateline>FLORENCE, Italy 1997-05-01</dateline>
<text>
<p>Fiorentina's Stefan Schwarz will miss the rest of this season's serie A championship after fracturing a shin in Sweden's World Cup match against Scotland, the Italian club said on Thursday.</p>
<p>A doctor who inspected the player on his return to Italy after Wednesday's 2-1 win for Sweden in Gothenburg said the injury was slight but that at best Schwarz could expect the fracture to mend in around 20 days.</p>
<p>&quot;The recovery will be very quick but the championship is definitely over for him,&quot; said doctor Giorgio Galante.</p>
<p>The serie A championship ends on June 1. Fiorentina, beaten European Cup Winners' Cup semifinalists, are ninth.</p>
</text>
<copyright>(c) Reuters Limited 1997</copyright>
<metadata>
<codes class="bip:countries:1.0">
  <code code="ITALY">
    <editdetail attribution="Reuters BIP Coding Group" action="confirmed" date="1997-05-01"/>
  </code>
  <code code="SWED">
    <editdetail attribution="Reuters BIP Coding Group" action="confirmed" date="1997-05-01"/>
  </code>
  <code code="UK">
    <editdetail attribution="Reuters BIP Coding Group" action="confirmed" date="1997-05-01"/>
  </code>
</codes>
<codes class="bip:topics:1.0">
  <code code="GCAT">
    <editdetail attribution="Reuters BIP Coding Group" action="confirmed" date="1997-05-01"/>
  </code>
  <code code="GSPO">
    <editdetail attribution="Reuters BIP Coding Group" action="confirmed" date="1997-05-01"/>
  </code>
</codes>
<dc element="dc.date.created" value="1997-05-01"/>
<dc element="dc.publisher" value="Reuters Holdings Plc"/>
<dc element="dc.date.published" value="1997-05-01"/>
<dc element="dc.source" value="Reuters"/>
<dc element="dc.creator.location" value="FLORENCE, Italy"/>
<dc element="dc.creator.location.country.name" value="ITALY"/>
<dc element="dc.source" value="Reuters"/>
</metadata>
</newsitem>
