<?xml version="1.0" encoding="iso-8859-1" ?>
<newsitem itemid="553174" id="root" date="1997-05-01" xml:lang="en">
<title>UK: State of the parties in UK election -- 2300 GMT.</title>
<headline>State of the parties in UK election -- 2300 GMT.</headline>
<dateline>LONDON 1996-05-02</dateline>
<text>
<p>Following is a breakdown of the number of parliamentary seats each party has won so far in Thursday's British election, with four results in from Britain's 659 constituencies -</p>
<p>CONSERVATIVES - 0</p>
<p>LABOUR - 4</p>
<p>LIBERAL DEMOCRATS - 0</p>
<p>OTHERS - 0</p>
<p>Average swing to Labour from Conservatives - 9.1 percent.</p>
<p>Exit polls released after polling closed at 2100 GMT -</p>
<p>BBC - Conservatives 29 percent, Labour 47 percent, Liberal Democrats 18 percent, others six percent.</p>
<p>ITN - Labour predicted to win an overall majority of 159 seats. Conservatives to win 177 seats, Labour 409, Liberal Democrats 45, others 28.</p>
</text>
<copyright>(c) Reuters Limited 1997</copyright>
<metadata>
<codes class="bip:countries:1.0">
  <code code="UK">
    <editdetail attribution="Reuters BIP Coding Group" action="confirmed" date="1997-05-01"/>
  </code>
</codes>
<codes class="bip:topics:1.0">
  <code code="GCAT">
    <editdetail attribution="Reuters BIP Coding Group" action="confirmed" date="1997-05-01"/>
  </code>
  <code code="GPOL">
    <editdetail attribution="Reuters BIP Coding Group" action="confirmed" date="1997-05-01"/>
  </code>
  <code code="GVOTE">
    <editdetail attribution="Reuters BIP Coding Group" action="confirmed" date="1997-05-01"/>
  </code>
</codes>
<dc element="dc.date.created" value="1996-05-02"/>
<dc element="dc.publisher" value="Reuters Holdings Plc"/>
<dc element="dc.date.published" value="1997-05-01"/>
<dc element="dc.source" value="Reuters"/>
<dc element="dc.creator.location" value="LONDON"/>
<dc element="dc.creator.location.country.name" value="UK"/>
<dc element="dc.source" value="Reuters"/>
</metadata>
</newsitem>
