<?xml version="1.0" encoding="iso-8859-1" ?>
<newsitem itemid="553125" id="root" date="1997-05-01" xml:lang="en">
<title>UK: SOCCER-CHELSEA SIGN URUGUAYAN MIDFIELDER POYET.</title>
<headline>SOCCER-CHELSEA SIGN URUGUAYAN MIDFIELDER POYET.</headline>
<dateline>LONDON 1997-05-01</dateline>
<text>
<p>Premier league Chelsea have signed Uruguayan midfielder Gustavo Poyet from Spain's Real Zaragoza on a free transfer.</p>
<p>Poyet will join Chelsea on June 30.</p>
</text>
<copyright>(c) Reuters Limited 1997</copyright>
<metadata>
<codes class="bip:countries:1.0">
  <code code="SPAIN">
    <editdetail attribution="Reuters BIP Coding Group" action="confirmed" date="1997-05-01"/>
  </code>
  <code code="UK">
    <editdetail attribution="Reuters BIP Coding Group" action="confirmed" date="1997-05-01"/>
  </code>
  <code code="URU">
    <editdetail attribution="Reuters BIP Coding Group" action="confirmed" date="1997-05-01"/>
  </code>
</codes>
<codes class="bip:topics:1.0">
  <code code="GCAT">
    <editdetail attribution="Reuters BIP Coding Group" action="confirmed" date="1997-05-01"/>
  </code>
  <code code="GSPO">
    <editdetail attribution="Reuters BIP Coding Group" action="confirmed" date="1997-05-01"/>
  </code>
</codes>
<dc element="dc.date.created" value="1997-05-01"/>
<dc element="dc.publisher" value="Reuters Holdings Plc"/>
<dc element="dc.date.published" value="1997-05-01"/>
<dc element="dc.source" value="Reuters"/>
<dc element="dc.creator.location" value="LONDON"/>
<dc element="dc.creator.location.country.name" value="UK"/>
<dc element="dc.source" value="Reuters"/>
</metadata>
</newsitem>
