<?xml version="1.0" encoding="iso-8859-1" ?>
<newsitem itemid="553176" id="root" date="1997-05-01" xml:lang="en">
<title>UK: UK Labour heads for record election victory.</title>
<headline>UK Labour heads for record election victory.</headline>
<byline>Alan Wheatley</byline>
<dateline>LONDON 1997-05-01</dateline>
<text>
<p>Tony Blair's Labour party was set on Thursday to end 18 years of Conservative rule in Britain with a landslide election victory on a scale unseen since 1832.</p>
<p>Exit polls by Britain's two main television news broadcasters, released as voting ended at 2100 GMT, projected that Labour would have a huge majority in the 659-seat parliament of more than 150.</p>
<p>ITN said Labour could have a majority of 159 seats on a swing to Labour from the Conservatives of 12.2 percent.</p>
<p>The BBC's exit polls gave Labour 47 percent support, 29 percent for the Conservatives and 18 percent for the centre-left Liberal Democrats. It said the majority could be nearer to 200.</p>
<p>&quot;A number of people thought it couldn't happen but if it does, Labour will have its largest majority ever, the Conservatives will have their lowest share of the vote since at least 1859 -- an historic night indeed,&quot; political professor Colin Rallings told ITN.</p>
<p>Politicians reacted cautiously, as if unable to believe that the actual results, most of which will be announced overnight, would confirm the huge opinion poll lead that Labour carved out and then maintained during a gruelling six-week campaign.</p>
<p>&quot;I am sure these exit polls are exaggerated, but it does look like a good win and obviously I am very pleased,&quot; Peter Mandelson, who organised Labour's campaign, told ITN.</p>
<p>Leading Conservatives hoped the margin of defeat would be narrower than the polls suggested but Lord Jeffrey Archer, a close friend of Prime Minister John Major, was the first to concede defeat and congratulate Blair.</p>
<p>Labour, which lost the four preceding elections, stormed to power in 1945 with a 144-seat majority. Anything greater than that would be the biggest victory since 1832.</p>
<p>&quot;There has been nothing like it this century. It is a like an asteroid destroying practically all life on earth,&quot; politics professor Anthony King said.</p>
<p>The first result to be announced was in the safe Labour seat of Sunderland South, which Chris Mullin held with an increased majority on a swing from the Conservatives of 10.5 percent.</p>
<p>If the swing is repeated across the country, it will represent a ringing endorsement for Blair's crusade, since he became Labour leader three years ago, to dump the party's socialist baggage and reposition it in the political centre.</p>
<p>&quot;This is much the biggest thing that has happened since the war to any party in any election. This is a turnover of monumental scale,&quot; Oxford academic David Butler said.</p>
<p>Blair, 43, would be the youngest prime minister this century. He was a student at Oxford University when Labour last won a British election in 1974.</p>
<p>Defeat for Major, who defied polls to come from behind to win the 1992 election, would mark the end of the longest period of single-party government this century in Britain.</p>
<p>Over 18 years, first under &quot;Iron Lady&quot; Margaret Thatcher and then under Major, the Conservatives turned Britain upside down, halting decades of relative economic decline by privatising vast swathes of industry and taming powerful trade unions.</p>
<p>But critics said the price of greater economic efficiency was too high, with the gap between rich and poor widening more than in any other developed country except New Zealand.</p>
<p>In the course of a gruelling but largely uneventful campaign, Blair hammered home his argument that Britain had become a less fair, less decent society and promised to turn it into a country &quot;for the many, not the few&quot;.</p>
<p>Major's appeal to voters was &quot;better the devil you know than the devil you don't&quot;, but deep divisions over Europe, broken promises over tax and allegations of sleaze in the ruling party meant he had a Herculean task.</p>
<p>Defence Secretary Michael Portillo, a likely contender in any future Conservative leadership fight, admitted that infighting over Europe had damged the Conservatives.</p>
<p>&quot;We don't know what the result was, but I'm sure the Conservatives would have done better if they had been united in the past few years,&quot; he said.</p>
</text>
<copyright>(c) Reuters Limited 1997</copyright>
<metadata>
<codes class="bip:countries:1.0">
  <code code="UK">
    <editdetail attribution="Reuters BIP Coding Group" action="confirmed" date="1997-05-01"/>
  </code>
</codes>
<codes class="bip:topics:1.0">
  <code code="GCAT">
    <editdetail attribution="Reuters BIP Coding Group" action="confirmed" date="1997-05-01"/>
  </code>
  <code code="GPOL">
    <editdetail attribution="Reuters BIP Coding Group" action="confirmed" date="1997-05-01"/>
  </code>
  <code code="GVOTE">
    <editdetail attribution="Reuters BIP Coding Group" action="confirmed" date="1997-05-01"/>
  </code>
</codes>
<dc element="dc.date.created" value="1997-05-01"/>
<dc element="dc.publisher" value="Reuters Holdings Plc"/>
<dc element="dc.date.published" value="1997-05-01"/>
<dc element="dc.source" value="Reuters"/>
<dc element="dc.creator.location" value="LONDON"/>
<dc element="dc.creator.location.country.name" value="UK"/>
<dc element="dc.source" value="Reuters"/>
</metadata>
</newsitem>
