<?xml version="1.0" encoding="iso-8859-1" ?>
<newsitem itemid="553178" id="root" date="1997-05-01" xml:lang="en">
<title>UK: Fidelity Brokerage fined $324,000 in Britain.</title>
<headline>Fidelity Brokerage fined $324,000 in Britain.</headline>
<dateline>LONDON</dateline>
<text>
<p>British regulators Thursday fined Fidelity Brokerage Services, the British brokerage arm of Fidelity Investments, 200,000 pounds ($324,000) for breaking rules in settling trades.</p>
<p>Fidelity, which admitted failings in its settlements system, also agreed to pay costs of 162,500 pounds ($270,000), the Securities and Futures Authority said in a statement. The regulatory agency also said it had removed restrictions on Fidelity that have been in place since last October.</p>
<p>The Securities and Futures Authority said Fidelity had experienced problems from converting to a new computer system and an increased volume of business. This led to accounting and reconciliation problems and numerous customer complaints.</p>
<p>&quot;SFA ... is satisfied that the firm now has adequate systems and controls in place to enable it to take on new customers and to introduce new services and ... has restored a satisfactory level of customer service,&quot; the authority said.</p>
<p>A Fidelity spokesman said that the SFA acted in an appropriate manner in all its dealings with Fidelity.</p>
<p>&quot;We are very pleased that the SFA has lifted the restrictions on Fidelity Brokerage and that confirms the operational difficulties we had are behind us,&quot; spokesman Phil West told Reuters.</p>
<p>West said it would not be appropriate to comment on the size of the fine.</p>
<p>SFA spokesman David Jones said the securities watchdog would &quot;keep close tabs on how they are resuming that business&quot; and Fidelity would be providing regular reports on its progress.</p>
<p>In reaching the settlement, the authority said it had taken into account that investors' money and securities had not been in danger, Fidelity had cooperated fully and the firm had &quot;suffered a significant loss of revenue as a result of the restrictions on new business.&quot;</p>
<p>Fidelity had also taken appropriate measures to compensate customers and had devoted significant resources to remedying operational problems and addressing customer concerns, it said.</p>
</text>
<copyright>(c) Reuters Limited 1997</copyright>
<metadata>
<codes class="bip:countries:1.0">
  <code code="UK">
    <editdetail attribution="Reuters BIP Coding Group" action="confirmed" date="1997-05-01"/>
  </code>
</codes>
<codes class="bip:industries:1.0">
  <code code="I81502">
    <editdetail attribution="Reuters BIP Coding Group" action="confirmed" date="1997-05-01"/>
  </code>
  <code code="I83100">
    <editdetail attribution="Reuters BIP Coding Group" action="confirmed" date="1997-05-01"/>
  </code>
</codes>
<codes class="bip:topics:1.0">
  <code code="C12">
    <editdetail attribution="Reuters BIP Coding Group" action="confirmed" date="1997-05-01"/>
  </code>
  <code code="C13">
    <editdetail attribution="Reuters BIP Coding Group" action="confirmed" date="1997-05-01"/>
  </code>
  <code code="CCAT">
    <editdetail attribution="Reuters BIP Coding Group" action="confirmed" date="1997-05-01"/>
  </code>
  <code code="GCAT">
    <editdetail attribution="Reuters BIP Coding Group" action="confirmed" date="1997-05-01"/>
  </code>
  <code code="GCRIM">
    <editdetail attribution="Reuters BIP Coding Group" action="confirmed" date="1997-05-01"/>
  </code>
</codes>
<dc element="dc.publisher" value="Reuters Holdings Plc"/>
<dc element="dc.date.published" value="1997-05-01"/>
<dc element="dc.source" value="Reuters"/>
<dc element="dc.creator.location" value="LONDON"/>
<dc element="dc.creator.location.country.name" value="UK"/>
<dc element="dc.source" value="Reuters"/>
</metadata>
</newsitem>
