<?xml version="1.0" encoding="iso-8859-1" ?>
<newsitem itemid="553120" id="root" date="1997-05-01" xml:lang="en">
<title>ST VINCENT AND THE GRENADINES: CRICKET-GIBSON, BROWNE INSPIRE DRAMATIC WEST INDIES WIN.</title>
<headline>CRICKET-GIBSON, BROWNE INSPIRE DRAMATIC WEST INDIES WIN.</headline>
<dateline>KINGSTOWN, St Vincent 1997-04-30</dateline>
<text>
<p>Paceman Ottis Gibson and wicket-keeper Courtney Browne, jeered by the crowd early in the day, inspired West Indies to a dramatic 18-run in their third one-day international against India on Wednesday.</p>
<p>Gibson, taken out of the West Indies attack after his first two overs cost 18 runs, returned with a vengeance to claim four wickets, breaking the key Indian partnership of Saurav Ganguly (79) and Rahul Dravid (74) in the process.</p>
<p>Browne was involved in three run outs as India, chasing the West Indies 50-over total of 249 for nine, embarked on a mad rush for runs.</p>
<p>Earlier, Stuart Williams had made 76 for the West Indies, his best score in one-day cricket, and was named man-of-the- match.</p>
<p>India were eventually bowled out for 231 in their 49th over, losing their last seven wickets for just 30 runs as West Indies took a 2-1 lead in the four-match series. The final game will be in Bridgetown, Barbados, on Saturday.</p>
<p>Gibson and Browne, both from Barbados, were jeered by a St Vincent crowd angry at their inclusion but later silenced their critics.</p>
<p>India overcame the early loss of captain Sachin Tendulkar for nine and were cruising to victory as Ganguly and Dravid, both batting sensibly, added 130 runs for the second wicket.</p>
<p>Dravid showed little discomfort from a painful shoulder injury sustained in Sunday's second game in Trinidad as he quickly went on to the attack, hitting Gibson for three fours in his first over.</p>
<p>Gibson's revenge came in the first over of his second spell when Dravid dragged a wide delivery onto his stumps with the score on 157.</p>
<p>Ganguly followed 18 runs later when he was caught at mid-on by Curtly Ambrose when hitting out against Franklyn Rose before Gibson struck again, bowling Ajay Jadeja for nine and getting Mohammad Azharuddin caught by Carl Hooper for 24.</p>
<p>At that stage, India required another 49 runs off 53 balls with five wickets left but when Robin Singh skied a catch to Jimmy Adams with the score on 214 and five overs left, the tourists were clearly wobbling.</p>
<p>Browne brillianty ran out Anil Kumble for a duck and shortly afterwards, Gibson accounted for Syed Karim, who made six.</p>
<p>Browne then removed Abey Kuruvilla and Venkatesh Prasad, both without scoring, triggering an invasion of the field by hundreds of spectators. Noel David was not out eight.</p>
<p>Earlier, West Indies, sent in to bat on a placid pitch before a capacity bank-holiday crowd of 12,000, made a cautious start.</p>
<p>Williams went on the attack after West Indies scored a mere 11 runs in the first eight overs and lost the wicket of Shivnarine Chanderpaul for five.</p>
<p>Williams, who had six fours and a six in his 110-ball innings, and Brian Lara, who hit five fours in a breezy 33 off 38 deliveries, added 60 for the second wicket.</p>
<p>Lara struck medium-pacer Robin Singh for three fours in one over but the bowler had his revenge, bowling him off the inside edge.</p>
<p>Adams made just nine but from 86 for three, Williams and Hooper, who stroked a fluent 48, brought stability in a fourth wicket stand of 84 in 16.2 overs.</p>
<p>West Indies lost the wickets of Williams, Hooper, Gibson (3), Roland Holder (16) and Curtly Ambrose (13) in the late charge for quick runs.</p>
<p>Seamer Prasad took two for 53 while paceman Kuruvilla (1-34) and off-spinner David (1-38) bowled economically.</p>
</text>
<copyright>(c) Reuters Limited 1997</copyright>
<metadata>
<codes class="bip:countries:1.0">
  <code code="INDIA">
    <editdetail attribution="Reuters BIP Coding Group" action="confirmed" date="1997-05-01"/>
  </code>
  <code code="SVIN">
    <editdetail attribution="Reuters BIP Coding Group" action="confirmed" date="1997-05-01"/>
  </code>
  <code code="WEIND">
    <editdetail attribution="Reuters BIP Coding Group" action="confirmed" date="1997-05-01"/>
  </code>
</codes>
<codes class="bip:topics:1.0">
  <code code="GCAT">
    <editdetail attribution="Reuters BIP Coding Group" action="confirmed" date="1997-05-01"/>
  </code>
  <code code="GSPO">
    <editdetail attribution="Reuters BIP Coding Group" action="confirmed" date="1997-05-01"/>
  </code>
</codes>
<dc element="dc.date.created" value="1997-04-30"/>
<dc element="dc.publisher" value="Reuters Holdings Plc"/>
<dc element="dc.date.published" value="1997-05-01"/>
<dc element="dc.source" value="Reuters"/>
<dc element="dc.creator.location" value="KINGSTOWN, St Vincent"/>
<dc element="dc.creator.location.country.name" value="ST VINCENT AND THE GRENADINES"/>
<dc element="dc.source" value="Reuters"/>
</metadata>
</newsitem>
