<?xml version="1.0" encoding="iso-8859-1" ?>
<newsitem itemid="553147" id="root" date="1997-05-01" xml:lang="en">
<title>USA: NBA BASKETBALL-WEDNESDAY'S PLAYOFF RESULTS.</title>
<headline>NBA BASKETBALL-WEDNESDAY'S PLAYOFF RESULTS.</headline>
<dateline>NEW YORK 1997-05-01</dateline>
<text>
<p>Results of first-round NBA</p>
<p>playoff games on Wednesday (home team in CAPS):</p>
<p>		  EASTERN CONFERENCE</p>
<p> Chicago	    96  WASHINGTON     95</p>
<p>(Chicago wins best-of-five series 3-0)</p>
<p>		 WESTERN CONFERENCE</p>
<p> PORTLAND	   98  La Lakers	90</p>
<p>(Los Angeles leads best-of-five series 2-1)</p>
</text>
<copyright>(c) Reuters Limited 1997</copyright>
<metadata>
<codes class="bip:countries:1.0">
  <code code="USA">
    <editdetail attribution="Reuters BIP Coding Group" action="confirmed" date="1997-05-01"/>
  </code>
</codes>
<codes class="bip:topics:1.0">
  <code code="GCAT">
    <editdetail attribution="Reuters BIP Coding Group" action="confirmed" date="1997-05-01"/>
  </code>
  <code code="GSPO">
    <editdetail attribution="Reuters BIP Coding Group" action="confirmed" date="1997-05-01"/>
  </code>
</codes>
<dc element="dc.date.created" value="1997-05-01"/>
<dc element="dc.publisher" value="Reuters Holdings Plc"/>
<dc element="dc.date.published" value="1997-05-01"/>
<dc element="dc.source" value="Reuters"/>
<dc element="dc.creator.location" value="NEW YORK"/>
<dc element="dc.creator.location.country.name" value="USA"/>
<dc element="dc.source" value="Reuters"/>
</metadata>
</newsitem>
