<?xml version="1.0" encoding="iso-8859-1" ?>
<newsitem itemid="553123" id="root" date="1997-05-01" xml:lang="en">
<title>UK: SOCCER-FIFTEEN-YEAR-OLD SET TO MAKE LEAGUE DEBUT.</title>
<headline>SOCCER-FIFTEEN-YEAR-OLD SET TO MAKE LEAGUE DEBUT.</headline>
<dateline>LONDON 1997-05-01</dateline>
<text>
<p>Fifteen-year-old Matthew Etherington is set to become one of the youngest players ever to appear in the English League on Saturday when he turns out for Peterborough.</p>
<p>Manager Barry Fry had to ask Matthew's head teacher for permission to play him in the second division match at Brentford.</p>
<p>Fry said on Thursday: &quot;I've always said if you're good enough, you're old enough. He honestly reminds me of a young George Best. He's got one hell of a future.&quot;</p>
<p>Left-winger Etherington will be 15 years and 261 days old when he plays, just 103 days' senior to the league's youngest two players.</p>
<p>The two youngest were Albert Geldard who was 15 years 158 days when he represented second division Bradford Park Avenue against Millwall in 1929 and Ken Roberts, who was exactly the same age when he played for Wrexham against Bradford Park Avenue in 1951.</p>
</text>
<copyright>(c) Reuters Limited 1997</copyright>
<metadata>
<codes class="bip:countries:1.0">
  <code code="UK">
    <editdetail attribution="Reuters BIP Coding Group" action="confirmed" date="1997-05-01"/>
  </code>
</codes>
<codes class="bip:topics:1.0">
  <code code="GCAT">
    <editdetail attribution="Reuters BIP Coding Group" action="confirmed" date="1997-05-01"/>
  </code>
  <code code="GSPO">
    <editdetail attribution="Reuters BIP Coding Group" action="confirmed" date="1997-05-01"/>
  </code>
</codes>
<dc element="dc.date.created" value="1997-05-01"/>
<dc element="dc.publisher" value="Reuters Holdings Plc"/>
<dc element="dc.date.published" value="1997-05-01"/>
<dc element="dc.source" value="Reuters"/>
<dc element="dc.creator.location" value="LONDON"/>
<dc element="dc.creator.location.country.name" value="UK"/>
<dc element="dc.source" value="Reuters"/>
</metadata>
</newsitem>
