<?xml version="1.0" encoding="iso-8859-1" ?>
<newsitem itemid="553148" id="root" date="1997-05-01" xml:lang="en">
<title>USA: SOCCER-ROMARIO SCORES HAT-TRICK AS BRAZIL HAMMER MEXICO.</title>
<headline>SOCCER-ROMARIO SCORES HAT-TRICK AS BRAZIL HAMMER MEXICO.</headline>
<dateline>MIAMI 1997-04-30</dateline>
<text>
<p>Striker Romario scored a hat trick as Brazil destroyed Mexico 4-0 with a vintage performance on Wednesday.</p>
<p>Brazil, with 1994 World Cup captain Dunga recalled after a two-year absence, were three goals ahead within 20 minutes as they tore apart a badly-organised Mexican defence.</p>
<p>Brazil had scored four goals in each of their previous friendlies at home to Poland and Chile but their first oppoents had been jet-lagged and the second missing their three top players.</p>
<p>Wednesday's game, against the full-strength CONCACAF World Cup group leaders, was far more meaningful</p>
<p>Midfielder Djalminha set up the first goal in the fifth minute with a through pass to Leonardo, who scored with a right- foot shot.</p>
<p>Seven minutes later, Romario threw himself theatrically over in the Mexican penalty area. His fall fooled almost nobody except the referee who awarded a penalty, which was converted by Romario himself.</p>
<p>Romario added a third five minutes later, when he scored from the edge of the area after the Mexican defence had failed to clear the ball.</p>
<p>Mexico missed two chances to reduce the deficit before halftime, firstly when Brazilian-born striker Zague hit his shot straight at goalkeeper Taffarel and then when Alberto Garcia Aspe struck the post.</p>
<p>Romario completed his hat-trick fifteen minutes from time after being brilliantly set-up by fellow striker Ronaldo.</p>
<p>It was Romario's fifth goal in three games since he made his international comeback this year. Previously, he had been left out for two years by coach Mario Zagallo for lack of enthusiasm.</p>
<p>Teams:</p>
<p>Brasil: 1-Taffarel; 2-Cafu, 3-Andre Cruz, 4-Marcio Santos (14-Celio Silva, 70), 6-Roberto Carlos (16-Andre Luis, 81), 7- Djalminha (20-Donizete, 86), 8-Dunga, 5-Mauro Silva (17-Cesar Sampaio, 84), 10-Leonardo, 9-Ronaldo, 11-Romario (21-Edmundo, 81).</p>
<p>Mexico: 25-Adolfo Rios, 2-Claudio Surez, 5-Duilio Davino, 7- Ramon Ramirez (20-Camilo Romero, 67), 13-Pavel Pardo, 8-Alberto Garcia Aspe, 15-Luis Hernandez (21-Cuauthemoc Blanco,72), 16- Alberto Coyote, 17-Benjamn Galindo (6-Marcelino Bernal, 30), 27- Carlos Hermosillo, 11-Luis Roberto Alves (4-German Villa, 30).</p>
</text>
<copyright>(c) Reuters Limited 1997</copyright>
<metadata>
<codes class="bip:countries:1.0">
  <code code="BRAZ">
    <editdetail attribution="Reuters BIP Coding Group" action="confirmed" date="1997-05-01"/>
  </code>
  <code code="MEX">
    <editdetail attribution="Reuters BIP Coding Group" action="confirmed" date="1997-05-01"/>
  </code>
  <code code="USA">
    <editdetail attribution="Reuters BIP Coding Group" action="confirmed" date="1997-05-01"/>
  </code>
</codes>
<codes class="bip:topics:1.0">
  <code code="GCAT">
    <editdetail attribution="Reuters BIP Coding Group" action="confirmed" date="1997-05-01"/>
  </code>
  <code code="GSPO">
    <editdetail attribution="Reuters BIP Coding Group" action="confirmed" date="1997-05-01"/>
  </code>
</codes>
<dc element="dc.date.created" value="1997-04-30"/>
<dc element="dc.publisher" value="Reuters Holdings Plc"/>
<dc element="dc.date.published" value="1997-05-01"/>
<dc element="dc.source" value="Reuters"/>
<dc element="dc.creator.location" value="MIAMI"/>
<dc element="dc.creator.location.country.name" value="USA"/>
<dc element="dc.source" value="Reuters"/>
</metadata>
</newsitem>
