<?xml version="1.0" encoding="iso-8859-1" ?>
<newsitem itemid="553167" id="root" date="1997-05-01" xml:lang="en">
<title>POLAND: POLISH OPPOSITION DEPUTY SUGGESTS CHECKS ON RICH.</title>
<headline>POLISH OPPOSITION DEPUTY SUGGESTS CHECKS ON RICH.</headline>
<dateline>WARSAW 1997-05-01</dateline>
<text>
<p>Adam Slomka, head of one party in Poland's opposition Solidarity Election Action (AWS), said on Thursday that people with more than $500,000 should have to prove the origins of their wealth, PAP news agency reported.</p>
<p>&quot;They should produce documents showing the source from which their money comes,&quot; the agency reported Slomka, head of the Confederation for an Independent Poland -- Patriotic Camp (KPN-OP), as saying.</p>
<p>&quot;Undocumented wealth should be spent on purposes indicated by the state treasury,&quot; Slomka was reported as telling a PAP reporter in the western city Gorzow Wielkopolski.</p>
<p>The KPN-OP is one of dozens of small rightist parties which have formed the AWS alliance around the Solidarity trade union in hopes of winning parliamentary polls due around September.</p>
<p>Slomka, one of few rightists to enter parliament in 1993 polls, when the present ruling coalition of ex-communists and a Peasant party swept to power, is among more than 20 members of the AWS national coordinating team.</p>
<p>PAP said he admitted his idea was seen as controversial by some other members of the AWS, which has yet to publish a programme and whose member parties have widely differing views.</p>
<p>Slomka said a newly-rich class which had emerged when many state assets were privatised since the 1989 fall of communism, presented a bigger menace than people who had secretly collaborated with the old communist security police.</p>
<p>Dealing with them was therefore a more important theme for the AWS election campaign than its current high priority of calling for former police informers to be exposed.</p>
<p>The AWS spokesman could not immediately be reached for comment on whether Slomka's proposal for so-called &quot;economic vetting&quot; had any wider backing within the alliance, which is dominated by the Solidarity trade union.</p>
<p>Right-leaning parties have long argued that much of Poland's wealth has been snapped up by people who used links with the network of old communist officials to acquire former state firms cheap at the expense of other Poles.</p>
<p>Solidarity disagrees with Poland's past policies on privatisation -- selling firms off to strategic investors or in a limited mass privatisation of around 500 firms -- and wants a more sweeping distribution of remaining state wealth. -- Anthony Barker +48 22 653 9700</p>
</text>
<copyright>(c) Reuters Limited 1997</copyright>
<metadata>
<codes class="bip:countries:1.0">
  <code code="POL">
    <editdetail attribution="Reuters BIP Coding Group" action="confirmed" date="1997-05-01"/>
  </code>
</codes>
<codes class="bip:topics:1.0">
  <code code="GCAT">
    <editdetail attribution="Reuters BIP Coding Group" action="confirmed" date="1997-05-01"/>
  </code>
  <code code="GPOL">
    <editdetail attribution="Reuters BIP Coding Group" action="confirmed" date="1997-05-01"/>
  </code>
  <code code="GVOTE">
    <editdetail attribution="Reuters BIP Coding Group" action="confirmed" date="1997-05-01"/>
  </code>
</codes>
<dc element="dc.date.created" value="1997-05-01"/>
<dc element="dc.publisher" value="Reuters Holdings Plc"/>
<dc element="dc.date.published" value="1997-05-01"/>
<dc element="dc.source" value="Reuters"/>
<dc element="dc.creator.location" value="WARSAW"/>
<dc element="dc.creator.location.country.name" value="POLAND"/>
<dc element="dc.source" value="Reuters"/>
</metadata>
</newsitem>
