<?xml version="1.0" encoding="iso-8859-1" ?>
<newsitem itemid="553137" id="root" date="1997-05-01" xml:lang="en">
<title>USA: NHL ICE HOCKEY-SABRES GOALIE HASEK SUSPENDED THREE GAMES FOR ALTERCATION.</title>
<headline>NHL ICE HOCKEY-SABRES GOALIE HASEK SUSPENDED THREE GAMES FOR ALTERCATION.</headline>
<text>
<p>NEW YORK, May 1 (Reuter) Buffalo Sabres star goaltender Dominik Hasek was suspended for three playoff games and fined $10,000 by the NHL Thursday for grabbing a reporter who had written a critical story about him.</p>
<p>Hasek, enraged by a column written by Jim Kelley of the Buffalo News, confronted Kelley outside the Sabres locker room after Saturday's Game Five of the Eastern Conference series against the Ottawa Senators, grabbed him and ripped his shirt.</p>
<p>Hasek missed the final four games of the series with a sprained right knee, an injury which Kelley suggested in print was not as serious as announced.</p>
<p>Hasek will be suspended for the first three games of the series against the Philadelphia Flyers, although there had been no word on whether he would have been fit to play. Backup Steve Shields has been starting in his place.</p>
<p>&quot;There is no dispute that Mr. Hasek had physical contact with Mr. Kelley,&quot; NHL commissioner Gary Bettman said in a statement. &quot;Such contact between any National Hockey League personnel - coaches, players, league officials or team executives - and media personnel will not be tolerated.</p>
<p>&quot;We want a clear message sent to the media who cover our games that they have a safe environment in which to work.&quot;</p>
<p>Bettman met with Hasek on Thursday to discuss the incident.</p>
<p>&quot;Mr. Hasek has expressed his regret to me over the incident,&quot; Bettman said. &quot;He has also apologised to Mr. Kelley and the Buffalo News. Mr. Hasek also apologises to his team and to the fans of the Sabres and of hockey.</p>
<p>Hasek, a leading contender for the Hart Trophy as league MVP, will be allowed to practice and travel with the team. He will be eligible to play in Game 4 on May 9.</p>
</text>
<copyright>(c) Reuters Limited 1997</copyright>
<metadata>
<codes class="bip:countries:1.0">
  <code code="CANA">
    <editdetail attribution="Reuters BIP Coding Group" action="confirmed" date="1997-05-01"/>
  </code>
  <code code="USA">
    <editdetail attribution="Reuters BIP Coding Group" action="confirmed" date="1997-05-01"/>
  </code>
</codes>
<codes class="bip:topics:1.0">
  <code code="GCAT">
    <editdetail attribution="Reuters BIP Coding Group" action="confirmed" date="1997-05-01"/>
  </code>
  <code code="GSPO">
    <editdetail attribution="Reuters BIP Coding Group" action="confirmed" date="1997-05-01"/>
  </code>
</codes>
<dc element="dc.publisher" value="Reuters Holdings Plc"/>
<dc element="dc.date.published" value="1997-05-01"/>
<dc element="dc.source" value="Reuters"/>
<dc element="dc.creator.location.country.name" value="USA"/>
<dc element="dc.source" value="Reuters"/>
</metadata>
</newsitem>
