<?xml version="1.0" encoding="iso-8859-1" ?>
<newsitem itemid="553170" id="root" date="1997-05-01" xml:lang="en">
<title>ROMANIA: GERMANY PLEDGES SUPPORT FOR ROMANIA NATO, EU ENTRY.</title>
<headline>GERMANY PLEDGES SUPPORT FOR ROMANIA NATO, EU ENTRY.</headline>
<byline>Karin Popescu</byline>
<dateline>BUCHAREST 1997-04-30</dateline>
<text>
<p>Foreign Minister Klaus Kinkel on Wednesday said Germany was ready to throw its weight behind Romania's longshot drive to win early admission to NATO and the European Union.</p>
<p>&quot;Germany will support you as much as it can along the path to Euro-Atlantic institutions,&quot; Kinkel told a joint session of parliament's two chambers at the start of a two-day visit.</p>
<p>&quot;Germany remains an advocate for Central and East European countries, Romania included, in their attempts to move closer to Euro-Atlantic organisations.&quot;</p>
<p>Kinkel's remarks appeared to end Bonn's coolness over supporting Romania's rapid integration into the western alliance.</p>
<p>Most countries on NATO's southern flank, including France and Italy, back Romania's bid to be included in the first expansion wave to be announced at a July summit in Madrid.</p>
<p>The United States, Britain and Germany have been more restrained, declining to support Bucharest openly. A U.S. State Department official said last week that Washington would not decide until May or June which countries to back.</p>
<p>Poland, Hungary and the Czech Republic are favourites for inclusion. Romania's chances have improved since reformists ousted ex-communists in elections last November, and Slovenia is also regarded as a longshot hope.</p>
<p>Russia, opposed to expansion, hopes to sign a treaty next month setting down the terms of a special relationship with the Alliance and rejects any military buildup in new member-states.</p>
<p>Kinkel, greeted by huge applause, said Romania's campaign for early membership &quot;is on the table at the summit and will be examined very carefully. Romania's big progress over the past few years will play an important role.&quot;</p>
<p>He later told reporters after meeting Prime Minister Victor Ciorbea there was &quot;no doubt Romania will become a member of the EU and NATO and I would like this to happen as soon as possible&quot;.</p>
<p>But he said any forecast on which countries might be asked to join in July would be &quot;mere speculation&quot;.</p>
<p>In his speech to parliament, Kinkel praised the government's public commitment to market reforms after seven years of what Romanian and Western experts regard as foot-dragging under the previous leftist administration.</p>
<p>He said Romania had played a &quot;stabilising role&quot; in central Europe with the conclusion of a treaty last year with longstanding rival Hungary. A similar accord is planned with the former Soviet republic of Ukraine.</p>
<p>Kinkel's visit to Romania marks five years since the two states signed a post-communist treaty. It also marks 30 years since Romania formally recognised the old West Germany after World War Two, the first communist country to do so.</p>
<p>Romania was the first former Warsaw Pact state to join NATO's Partnership for Peace programme. It has an association agreement with the EU but President Emil Constantinescu acknowledges that EU membership remains a long-term goal.</p>
</text>
<copyright>(c) Reuters Limited 1997</copyright>
<metadata>
<codes class="bip:countries:1.0">
  <code code="EEC">
    <editdetail attribution="Reuters BIP Coding Group" action="confirmed" date="1997-05-01"/>
  </code>
  <code code="GFR">
    <editdetail attribution="Reuters BIP Coding Group" action="confirmed" date="1997-05-01"/>
  </code>
  <code code="NATO">
    <editdetail attribution="Reuters BIP Coding Group" action="confirmed" date="1997-05-01"/>
  </code>
  <code code="ROM">
    <editdetail attribution="Reuters BIP Coding Group" action="confirmed" date="1997-05-01"/>
  </code>
</codes>
<codes class="bip:topics:1.0">
  <code code="G15">
    <editdetail attribution="Reuters BIP Coding Group" action="confirmed" date="1997-05-01"/>
  </code>
  <code code="G158">
    <editdetail attribution="Reuters BIP Coding Group" action="confirmed" date="1997-05-01"/>
  </code>
  <code code="GCAT">
    <editdetail attribution="Reuters BIP Coding Group" action="confirmed" date="1997-05-01"/>
  </code>
  <code code="GDEF">
    <editdetail attribution="Reuters BIP Coding Group" action="confirmed" date="1997-05-01"/>
  </code>
  <code code="GDIP">
    <editdetail attribution="Reuters BIP Coding Group" action="confirmed" date="1997-05-01"/>
  </code>
</codes>
<dc element="dc.date.created" value="1997-04-30"/>
<dc element="dc.publisher" value="Reuters Holdings Plc"/>
<dc element="dc.date.published" value="1997-05-01"/>
<dc element="dc.source" value="Reuters"/>
<dc element="dc.creator.location" value="BUCHAREST"/>
<dc element="dc.creator.location.country.name" value="ROMANIA"/>
<dc element="dc.source" value="Reuters"/>
</metadata>
</newsitem>
