<?xml version="1.0" encoding="iso-8859-1" ?>
<newsitem itemid="553122" id="root" date="1997-05-01" xml:lang="en">
<title>UK: SOCCER-ENGLISH FIRST DIVISION RESULT/STANDINGS.</title>
<headline>SOCCER-ENGLISH FIRST DIVISION RESULT/STANDINGS.</headline>
<dateline>LONDON 1997-05-01</dateline>
<text>
<p>Result of an English first division</p>
<p>soccer match on Thursday:</p>
<p> Bradford   1    Charlton    0   </p>
<p>    Standings		   P  W  D  L  F A   Pts</p>
<p>  1.Bolton		     45 28 13  4 98 51   97</p>
<p>  2.Barnsley		   45 22 14  9 75 50   80</p>
<p>  3.Wolverhampton	    45 22 10 13 68 50   76</p>
<p>  4.Ipswich		    45 20 13 12 67 49   73</p>
<p>  5.Sheffield United	 45 20 12 13 75 52   72</p>
<p>  6.Crystal Palace	   45 19 13 13 77 47   70</p>
<p>  7.Queens Park Rangers    45 18 12 15 64 57   66</p>
<p>  8.Port Vale		  45 17 15 13 57 54   66</p>
<p>  9.Portsmouth		 45 19  8 18 58 53   65</p>
<p> 10.Birmingham		 45 17 14 14 51 47   65</p>
<p> 11.Tranmere		   45 17 13 15 61 54   64</p>
<p> 12.Norwich		    45 17 12 16 63 65   63</p>
<p> 13.Stoke			45 17 10 18 49 56   61</p>
<p> 14.Manchester City	  45 16 10 19 56 58   58</p>
<p> 15.Charlton		   45 16 10 19 52 66   58</p>
<p> 16.West Bromwich	    45 14 15 16 67 70   57</p>
<p> 17.Reading		    45 15 12 18 56 64   57</p>
<p> 18.Oxford		     45 15  9 21 59 67   54</p>
<p> 19.Swindon		    45 15  8 22 52 71   53</p>
<p> 20.Huddersfield	     45 13 14 18 48 61   53</p>
<p> 21.Bradford		   45 11 12 22 44 72   45</p>
<p> 22.Grimsby		    45 10 13 22 56 81   43</p>
<p> 23.Oldham		     45  9 13 23 48 66   40</p>
<p> 24.Southend		   45  8 15 22 42 82   39</p>
</text>
<copyright>(c) Reuters Limited 1997</copyright>
<metadata>
<codes class="bip:countries:1.0">
  <code code="UK">
    <editdetail attribution="Reuters BIP Coding Group" action="confirmed" date="1997-05-01"/>
  </code>
</codes>
<codes class="bip:topics:1.0">
  <code code="GCAT">
    <editdetail attribution="Reuters BIP Coding Group" action="confirmed" date="1997-05-01"/>
  </code>
  <code code="GSPO">
    <editdetail attribution="Reuters BIP Coding Group" action="confirmed" date="1997-05-01"/>
  </code>
</codes>
<dc element="dc.date.created" value="1997-05-01"/>
<dc element="dc.publisher" value="Reuters Holdings Plc"/>
<dc element="dc.date.published" value="1997-05-01"/>
<dc element="dc.source" value="Reuters"/>
<dc element="dc.creator.location" value="LONDON"/>
<dc element="dc.creator.location.country.name" value="UK"/>
<dc element="dc.source" value="Reuters"/>
</metadata>
</newsitem>
