<?xml version="1.0" encoding="iso-8859-1" ?>
<newsitem itemid="553239" id="root" date="1997-05-01" xml:lang="en">
<title>UK: British stockbroker Killik clarifies Galileo role.</title>
<headline>British stockbroker Killik clarifies Galileo role.</headline>
<byline>Alexander Smith</byline>
<dateline>LONDON 1997-05-01</dateline>
<text>
<p>British stockbroking firm Killik &amp; Co on Thursday clarified its dealings with Galileo Group, the vehicle which was to have been used in a now discredited bid for Britain's Co-operative Wholesale Society (CWS).</p>
<p>Galileo, an offshoot of entrepreneur Andrew Regan's Guernsey-based investment trust Lanica, failed in its takeover attempt last week when the supermarkets-to-funeral parlours group defeated it in the courts and a key backer withdrew.</p>
<p>Killik, a shareholder in both Galileo and Lanica, said in a statement it &quot;condemns the use of dishonest tactics and sincerely regrets that their name has been associated with any improper behaviour&quot;.</p>
<p>It had not previously made any comment on the affair, which has since widened to involve Britain's Serious Fraud Office (SFO).</p>
<p>The group said it had severed all links with Regan, the 31-year-old chairman of Galileo and chief executive of Lanica, who masterminded the 1.2 billion pound ($1.9 billion) bid attempt.</p>
<p>It said it was strongly influenced in its decision to recommend investment in Galileo and Lanica &quot;by the pedigree of Lanica's advisers and other backers&quot;.</p>
<p>British merchant bank Hambros, which advised both Galileo and Lanica, made an unreserved apology to the 153-year-old mutually-owned CWS on Monday for its involvement in the bid.</p>
<p>Peter Large, the senior corporate financier at Hambros responsible for the bid, has since requested &quot;to be relieved of his executive responsibilities for the time being&quot; to enable him to concentrate on an internal probe into Hambros' conduct.</p>
<p>Hambros' climbdown followed an intense defence campaign by CWS chief executive Graham Melmoth which uncovered the leaking of confidential papers by a senior CWS manager to Regan and his backers.</p>
<p>Galileo said the documents were provided &quot;voluntarily&quot; but last week a High Court judge ruled that the case represented &quot;a gross, wilful and disgraceful breach of confidence&quot;.</p>
<p>He also awarded punitive costs against Regan, Galileo chairman David Lyons, Lanica and Galileo.</p>
<p>But on Wednesday Galileo went into voluntary solvent liquidation and its liquidator said there were sufficient assets to repay creditors in full, and enable a return to be made to shareholders.</p>
<p>Killik said that when it bought Lanica and Galileo shares on behalf of 200 investors, including certain partners and staff, &quot;no one within the firm was aware of the business to be acquired&quot;.</p>
<p>It also said the purchases had &quot;fully complied with the SFA (Securities and Futures Authority) conduct of business rules&quot;.</p>
<p>Killik said of 281,326 shares in Lanica held by its investors, 37,372 were held by certain partners and staff. &quot;A total of 2.0 million pounds was further invested in Galileo of which certain partners and staff invested 122,398 pounds,&quot; it added.</p>
<p>Galileo's intention to bid for CWS first surfaced early in February and led to the suspension of Lanica's shares at 19.5 pounds on February 10 on the London Stock Exchange.</p>
<p>Killik said following a request in January it was informed &quot;of the intention to approach the CWS&quot;.</p>
<p>It said no one at the firm had seen any CWS confidential papers &quot;nor were they aware that such documents were in circulation until this issue became public&quot;. The firm is now &quot;seeking to safeguard the interests of their investors&quot;.</p>
<p>On Wednesday British investment bank Schroders  also distanced itself from the affair, saying that its investment management arm had considered withdrawing from Galileo when the controversy first arose but was &quot;trumped&quot; by the fact it was wound up.</p>
<p>Schroders said it was purely a portfolio investor in the firms and its combined total investment was below two million pounds. Banking sources said Galileo had total assets of around 10 million pounds.</p>
<p>The affair is now set to rumble on in the courts, with CWS pursuing private actions against Regan, Lyons, Lanica and Galileo and the SFO probing a controversial 2.4 million pound payment to a third party in an early deal between a Regan-run firm and the CWS.</p>
<p>($ = 0.616 British Pounds)</p>
</text>
<copyright>(c) Reuters Limited 1997</copyright>
<metadata>
<codes class="bip:countries:1.0">
  <code code="UK">
    <editdetail attribution="Reuters BIP Coding Group" action="confirmed" date="1997-05-01"/>
  </code>
</codes>
<codes class="bip:industries:1.0">
  <code code="I64100">
    <editdetail attribution="Reuters BIP Coding Group" action="confirmed" date="1997-05-01"/>
  </code>
  <code code="I81502">
    <editdetail attribution="Reuters BIP Coding Group" action="confirmed" date="1997-05-01"/>
  </code>
  <code code="I83100">
    <editdetail attribution="Reuters BIP Coding Group" action="confirmed" date="1997-05-01"/>
  </code>
</codes>
<codes class="bip:topics:1.0">
  <code code="C18">
    <editdetail attribution="Reuters BIP Coding Group" action="confirmed" date="1997-05-01"/>
  </code>
  <code code="C181">
    <editdetail attribution="Reuters BIP Coding Group" action="confirmed" date="1997-05-01"/>
  </code>
  <code code="CCAT">
    <editdetail attribution="Reuters BIP Coding Group" action="confirmed" date="1997-05-01"/>
  </code>
</codes>
<dc element="dc.date.created" value="1997-05-01"/>
<dc element="dc.publisher" value="Reuters Holdings Plc"/>
<dc element="dc.date.published" value="1997-05-01"/>
<dc element="dc.source" value="Reuters"/>
<dc element="dc.creator.location" value="LONDON"/>
<dc element="dc.creator.location.country.name" value="UK"/>
<dc element="dc.source" value="Reuters"/>
</metadata>
</newsitem>
