<?xml version="1.0" encoding="iso-8859-1" ?>
<newsitem itemid="486595" id="root" date="1997-04-04" xml:lang="en">
<title>RUSSIA: SOCCER-BAN INCREASES PRESSURE ON ALANIA IN RUSSIAN LEAGUE.</title>
<headline>SOCCER-BAN INCREASES PRESSURE ON ALANIA IN RUSSIAN LEAGUE.</headline>
<dateline>MOSCOW 1997-04-04</dateline>
<text>
<p>Alania Vladikavkaz, who have missed three penalties in two successive defeats, face a further test of their Russian league resolve on Saturday.</p>
<p>The 1996 runners-up and 1995 champions, with just three points from three games so far, travel to Samara where Krylya Sovietov (Soviet Wings) are joint top with maximum points.</p>
<p>To make matters worse, the league disciplinary committee on Friday confirmed a five-match ban on Alania striker Anatoly Kanishchev. He missed Wednesday's 2-0 home defeat by Zenit after a provisional suspension imposed when he failed to show up for international duty against Cyprus last weekend.</p>
<p>At least Alania, who lost last year's championship in a playoff to Spartak Moscow, will have the services of Georgian sweeper Kakhaber Tskhadadze. A defensive organiser as well as a goalscorer, he also missed Wednesday's game through suspension.</p>
<p>Ominously, though, Samara, whose miserly defence earned the curious nickname &quot;The Volga Clothes-pegs&quot; in Soviet days, have yet to concede a goal.</p>
<p>After a 5-0 hammering of KamAZ on the first day of the season, Alania's only real scoring chances in the last two games have been four penalties. They only managed to convert one of them.</p>
<p>Champions and joint leaders Spartak, who humiliated capital rivals Torpedo with three spectacular goals without reply on Wednesday, should have few problems at lowly Tyumen.</p>
</text>
<copyright>(c) Reuters Limited 1997</copyright>
<metadata>
<codes class="bip:countries:1.0">
  <code code="RUSS">
    <editdetail attribution="Reuters BIP Coding Group" action="confirmed" date="1997-04-04"/>
  </code>
</codes>
<codes class="bip:topics:1.0">
  <code code="GCAT">
    <editdetail attribution="Reuters BIP Coding Group" action="confirmed" date="1997-04-04"/>
  </code>
  <code code="GSPO">
    <editdetail attribution="Reuters BIP Coding Group" action="confirmed" date="1997-04-04"/>
  </code>
</codes>
<dc element="dc.date.created" value="1997-04-04"/>
<dc element="dc.publisher" value="Reuters Holdings Plc"/>
<dc element="dc.date.published" value="1997-04-04"/>
<dc element="dc.source" value="Reuters"/>
<dc element="dc.creator.location" value="MOSCOW"/>
<dc element="dc.creator.location.country.name" value="RUSSIA"/>
<dc element="dc.source" value="Reuters"/>
</metadata>
</newsitem>
