<?xml version="1.0" encoding="iso-8859-1" ?>
<newsitem itemid="486643" id="root" date="1997-04-04" xml:lang="en">
<title>HONG KONG: TENNIS-WRIST INJURY KEEPS SAMPRAS FROM HK OPEN.</title>
<headline>TENNIS-WRIST INJURY KEEPS SAMPRAS FROM HK OPEN.</headline>
<dateline>HONG KONG 1997-04-04</dateline>
<text>
<p>World number one Pete Sampras has withdrawn from next week's Hong Kong Open Tennis because of a wrist injury, robbing the tournament of one of its biggest names and leaving American Michael Chang as the favourite.</p>
<p>&quot;While we regret Pete will not be able to come to Hong Kong, we understand that injuries are part of professional sports. We hope he will make a speedy recovery,&quot; tournament director Michael Luevano told reporters on Thursday night.</p>
<p>Sampras, injured in a Key Biscayne, Florida, championship last month, had also decided to pull out of the Japan Open starting on April 14 to undergo therapy.</p>
<p>Chang will be promoted to number one seed in the Hong Kong meeting, giving him a chance to win his fourth Hong Kong Open.</p>
<p>&quot;I think in any tournament it would be great to get the world's number one. I would like to have met Sampras in the final,&quot; Chang said on his arrival on Thursday night.</p>
<p>&quot;It's premature to say how well I'm going to do. I will always play my best. This year is no exception. I have prepared for it well but the tournament still looks very strong.&quot;</p>
</text>
<copyright>(c) Reuters Limited 1997</copyright>
<metadata>
<codes class="bip:countries:1.0">
  <code code="HKONG">
    <editdetail attribution="Reuters BIP Coding Group" action="confirmed" date="1997-04-04"/>
  </code>
  <code code="USA">
    <editdetail attribution="Reuters BIP Coding Group" action="confirmed" date="1997-04-04"/>
  </code>
</codes>
<codes class="bip:topics:1.0">
  <code code="GCAT">
    <editdetail attribution="Reuters BIP Coding Group" action="confirmed" date="1997-04-04"/>
  </code>
  <code code="GSPO">
    <editdetail attribution="Reuters BIP Coding Group" action="confirmed" date="1997-04-04"/>
  </code>
</codes>
<dc element="dc.date.created" value="1997-04-04"/>
<dc element="dc.publisher" value="Reuters Holdings Plc"/>
<dc element="dc.date.published" value="1997-04-04"/>
<dc element="dc.source" value="Reuters"/>
<dc element="dc.creator.location" value="HONG KONG"/>
<dc element="dc.creator.location.country.name" value="HONG KONG"/>
<dc element="dc.source" value="Reuters"/>
</metadata>
</newsitem>
