<?xml version="1.0" encoding="iso-8859-1" ?>
<newsitem itemid="486668" id="root" date="1997-04-04" xml:lang="en">
<title>ITALY: SOCCER-MIHAJLOVIC OUT OF ACTION FOR A MONTH.</title>
<headline>SOCCER-MIHAJLOVIC OUT OF ACTION FOR A MONTH.</headline>
<dateline>GENOA, Italy 1997-04-04</dateline>
<text>
<p>Sampdoria's Yugoslav defender Sinisa Mihajlovic, who recently had a four-match disciplinary ban halved, heard on Friday he would be sidelined for the next month anyway due to a thigh injury.</p>
<p>Mihajlovic picked up the injury during a World Cup qualifier against the Czech Republic on Wednesday.</p>
<p>Sampdoria officials said the injury was more serious than first thought and the Yugoslav was likely to be out until the club's match against Juventus in Turin on May 4.</p>
<p>Mihajlovic was handed a four-match ban after being sent off in a league match for kicking a ball at a referee after a penalty was awarded against his Genoa club. It was reduced to two matches on appeal.</p>
</text>
<copyright>(c) Reuters Limited 1997</copyright>
<metadata>
<codes class="bip:countries:1.0">
  <code code="CZREP">
    <editdetail attribution="Reuters BIP Coding Group" action="confirmed" date="1997-04-04"/>
  </code>
  <code code="ITALY">
    <editdetail attribution="Reuters BIP Coding Group" action="confirmed" date="1997-04-04"/>
  </code>
  <code code="YUG">
    <editdetail attribution="Reuters BIP Coding Group" action="confirmed" date="1997-04-04"/>
  </code>
</codes>
<codes class="bip:topics:1.0">
  <code code="GCAT">
    <editdetail attribution="Reuters BIP Coding Group" action="confirmed" date="1997-04-04"/>
  </code>
  <code code="GSPO">
    <editdetail attribution="Reuters BIP Coding Group" action="confirmed" date="1997-04-04"/>
  </code>
</codes>
<dc element="dc.date.created" value="1997-04-04"/>
<dc element="dc.publisher" value="Reuters Holdings Plc"/>
<dc element="dc.date.published" value="1997-04-04"/>
<dc element="dc.source" value="Reuters"/>
<dc element="dc.creator.location" value="GENOA, Italy"/>
<dc element="dc.creator.location.country.name" value="ITALY"/>
<dc element="dc.source" value="Reuters"/>
</metadata>
</newsitem>
