<?xml version="1.0" encoding="iso-8859-1" ?>
<newsitem itemid="486606" id="root" date="1997-04-04" xml:lang="en">
<title>UK: SOCCER-ENGLISH DIVISION ONE RESULT.</title>
<headline>SOCCER-ENGLISH DIVISION ONE RESULT.</headline>
<dateline>LONDON 1997-04-04</dateline>
<text>
<p>Result of an English division one</p>
<p>soccer match on Friday:</p>
<p> Tranmere   3   Bradford   0</p>
</text>
<copyright>(c) Reuters Limited 1997</copyright>
<metadata>
<codes class="bip:countries:1.0">
  <code code="UK">
    <editdetail attribution="Reuters BIP Coding Group" action="confirmed" date="1997-04-04"/>
  </code>
</codes>
<codes class="bip:topics:1.0">
  <code code="GCAT">
    <editdetail attribution="Reuters BIP Coding Group" action="confirmed" date="1997-04-04"/>
  </code>
  <code code="GSPO">
    <editdetail attribution="Reuters BIP Coding Group" action="confirmed" date="1997-04-04"/>
  </code>
</codes>
<dc element="dc.date.created" value="1997-04-04"/>
<dc element="dc.publisher" value="Reuters Holdings Plc"/>
<dc element="dc.date.published" value="1997-04-04"/>
<dc element="dc.source" value="Reuters"/>
<dc element="dc.creator.location" value="LONDON"/>
<dc element="dc.creator.location.country.name" value="UK"/>
<dc element="dc.source" value="Reuters"/>
</metadata>
</newsitem>
