<?xml version="1.0" encoding="iso-8859-1" ?>
<newsitem itemid="486635" id="root" date="1997-04-04" xml:lang="en">
<title>AUSTRALIA: RUGBY LEAGUE-SUPER LEAGUE FACES LEGAL CHALLENGE.</title>
<headline>RUGBY LEAGUE-SUPER LEAGUE FACES LEGAL CHALLENGE.</headline>
<dateline>SYDNEY 1997-04-04</dateline>
<text>
<p>Australia's fledgling Super League, already struggling to make an impact with rugby league fans, found itself at the receiving end of a legal threat on Friday from a banned player.</p>
<p>Former test forward Mark Geyer threatened to take media tycoon Rupert Murdoch's breakaway league to the civil courts after being suspended for 10 matches for eye-gouging and a high tackle in a match last weekend.</p>
<p>&quot;To be found guilty of eye-gouging in rugby league circles is the equivalent of being called a paedophile,&quot; Geyer said. &quot;We'll seek other avenues.&quot;</p>
<p>The ruling against the Perth Reds captain also prompted Geyer's lawyer to launch into an extraordinary tirade against Super League disciplinary panel.</p>
<p>During the hearing on Thursday evening, solicitor Chris Murphy questioned the panel's competence and independence.</p>
<p>&quot;I think you're incompetent, grossly incompetent,&quot; said Murphy. &quot;It's an utter joke, a disgrace, a kangaroo court and an idiotic process.&quot;</p>
<p>Super League, launched and funded in Australia by Murdoch, has failed to excite supporters after a glitzy launch last month and a costly advertising campaign.</p>
<p>Despite Murdoch's promise to take the game to new heights, attendances at Super League matches have fallen well below pre-launch expectations.</p>
<p>In a break with past practice, Super League employed three former players under the guidance of a senior lawyer to hand out suspensions for foul play.</p>
<p>&quot;I think having three football players to decide this matter is a total joke. This is Mr Murdoch's court,&quot; Murphy said.</p>
<p>Geyer was banned for seven weeks for gouging the eyes of an Adelaide Rams player and a further three weeks for a reckless high tackle in the same match.</p>
</text>
<copyright>(c) Reuters Limited 1997</copyright>
<metadata>
<codes class="bip:countries:1.0">
  <code code="AUSTR">
    <editdetail attribution="Reuters BIP Coding Group" action="confirmed" date="1997-04-04"/>
  </code>
</codes>
<codes class="bip:topics:1.0">
  <code code="GCAT">
    <editdetail attribution="Reuters BIP Coding Group" action="confirmed" date="1997-04-04"/>
  </code>
  <code code="GSPO">
    <editdetail attribution="Reuters BIP Coding Group" action="confirmed" date="1997-04-04"/>
  </code>
</codes>
<dc element="dc.date.created" value="1997-04-04"/>
<dc element="dc.publisher" value="Reuters Holdings Plc"/>
<dc element="dc.date.published" value="1997-04-04"/>
<dc element="dc.source" value="Reuters"/>
<dc element="dc.creator.location" value="SYDNEY"/>
<dc element="dc.creator.location.country.name" value="AUSTRALIA"/>
<dc element="dc.source" value="Reuters"/>
</metadata>
</newsitem>
