<?xml version="1.0" encoding="iso-8859-1" ?>
<newsitem itemid="486651" id="root" date="1997-04-04" xml:lang="en">
<title>USA: BASEBALL-MAJOR LEAGUE STANDINGS AFTER THURSDAY'S GAMES.</title>
<headline>BASEBALL-MAJOR LEAGUE STANDINGS AFTER THURSDAY'S GAMES.</headline>
<dateline>NEW YORK 1997-04-04</dateline>
<text>
<p>Standings of Major League</p>
<p>Baseball teams after games played on Thursday (tabulate under</p>
<p>wins, losses, winning percentage and games behind first):</p>
<p>	    AMERICAN LEAGUE</p>
<p>	     EAST DIVISION</p>
<p>			 W    L   PCT  GB</p>
<p> BALTIMORE	   2    0 1.000   -</p>
<p> BOSTON		1    1  .500   1</p>
<p> NY YANKEES	  1    1  .500   1</p>
<p> TORONTO	     1    1  .500   1</p>
<p> DETROIT	     0    3  .000   2 1/2</p>
<p>		CENTRAL DIVISION</p>
<p>			 W    L   PCT  GB</p>
<p> MINNESOTA	   3    0 1.000   -</p>
<p> CLEVELAND	   1    1  .500   1 1/2</p>
<p> CHI WHITE SOX     1    1  .500   1 1/2</p>
<p> MILWAUKEE	   0    1  .000   2</p>
<p> KANSAS CITY	 0    2  .000   2 1/2</p>
<p>		WEST DIVISION</p>
<p>			 W    L   PCT  GB</p>
<p> TEXAS		 1    0 1.000   -</p>
<p> SEATTLE	     1    1  .500     1/2</p>
<p> ANAHEIM	     1    1  .500     1/2</p>
<p> OAKLAND	     1    1  .500     1/2</p>
<p>FRIDAY, APRIL 4 SCHEDULE</p>
<p>DETROIT AT CHICAGO</p>
<p> MILWAUKEE AT TORONTO   </p>
<p>KANSAS CITY AT MINNESOTA</p>
<p> BALTIMORE AT TEXAS     </p>
<p>CLEVELAND AT ANAHEIM  </p>
<p> BOSTON AT SEATTLE     </p>
<p>NY YANKEES AT OAKLAND </p>
<p>	     NATIONAL LEAGUE</p>
<p>		EAST DIVISION</p>
<p>			 W    L   PCT  GB</p>
<p> FLORIDA	     3    0 1.000   -</p>
<p> MONTREAL	    3    0 1.000   -</p>
<p> PHILADELPHIA	1    2  .333   2</p>
<p> ATLANTA	     1    2  .333   2</p>
<p> NY METS	     1    2  .333   2</p>
<p>		CENTRAL DIVISION</p>
<p>			 W    L   PCT  GB</p>
<p> CINCINNATI	  2    1  .667   -</p>
<p> HOUSTON	     2    1  .667   -</p>
<p> PITTSBURGH	  1    1  .500     1/2</p>
<p> CHICAGO CUBS	0    3  .000   2</p>
<p> ST LOUIS	    0    3  .000   2</p>
<p>		 WEST DIVISION</p>
<p>			 W    L   PCT  GB</p>
<p> SAN DIEGO	   2    1  .667   -</p>
<p> LOS ANGELES	 2    1  .667   -</p>
<p> SAN FRANCISCO     1    1  .500     1/2</p>
<p> COLORADO	    1    2  .333   1</p>
<p>FRIDAY, APRIL 4 SCHEDULE</p>
<p>CINCINNATI AT FLORIDA </p>
<p>COLORADO AT MONTREAL  </p>
<p>CHICAGO AT ATLANTA</p>
<p> ST LOUIS AT HOUSTON    </p>
<p>PITTSBURGH AT LOS ANGELES</p>
<p>PHILADELPHIA AT SAN DIEGO</p>
<p>NY METS AT SAN FRANCISCO</p>
</text>
<copyright>(c) Reuters Limited 1997</copyright>
<metadata>
<codes class="bip:countries:1.0">
  <code code="USA">
    <editdetail attribution="Reuters BIP Coding Group" action="confirmed" date="1997-04-04"/>
  </code>
</codes>
<codes class="bip:topics:1.0">
  <code code="GCAT">
    <editdetail attribution="Reuters BIP Coding Group" action="confirmed" date="1997-04-04"/>
  </code>
  <code code="GSPO">
    <editdetail attribution="Reuters BIP Coding Group" action="confirmed" date="1997-04-04"/>
  </code>
</codes>
<dc element="dc.date.created" value="1997-04-04"/>
<dc element="dc.publisher" value="Reuters Holdings Plc"/>
<dc element="dc.date.published" value="1997-04-04"/>
<dc element="dc.source" value="Reuters"/>
<dc element="dc.creator.location" value="NEW YORK"/>
<dc element="dc.creator.location.country.name" value="USA"/>
<dc element="dc.source" value="Reuters"/>
</metadata>
</newsitem>
