<?xml version="1.0" encoding="iso-8859-1" ?>
<newsitem itemid="486686" id="root" date="1997-04-04" xml:lang="en">
<title>SOUTH AFRICA: S.AFRICA'S GRINAKER AVITRONICS MERGES WITH DELCON.</title>
<headline>S.AFRICA'S GRINAKER AVITRONICS MERGES WITH DELCON.</headline>
<dateline>SIMONSTOWN, South Africa 1997-04-04</dateline>
<text>
<p>Grinaker Avitronics and Delcon Control Systems (Pty) Ltd said on Friday they had merged to improve their marketing of naval electronic warfare (EW) systems.</p>
<p>&quot;We firmly believe that this merger will enable us to be a significant world player in the naval EW arena and we are specifically addressing the upgrade and logistical support requirements of navies that do not have indigenous EW capabilities,&quot; Grinaker Avitronics managing director Alan Holloway said in a statement.</p>
<p>Both Grinaker Avitronics, a division of Grinaker Electronics Ltd , and Delcon already supply the South African navy.</p>
<p>-- Cape Town newsroom +2721 252-238</p>
</text>
<copyright>(c) Reuters Limited 1997</copyright>
<metadata>
<codes class="bip:countries:1.0">
  <code code="SAFR">
    <editdetail attribution="Reuters BIP Coding Group" action="confirmed" date="1997-04-04"/>
  </code>
</codes>
<codes class="bip:topics:1.0">
  <code code="C18">
    <editdetail attribution="Reuters BIP Coding Group" action="confirmed" date="1997-04-04"/>
  </code>
  <code code="C181">
    <editdetail attribution="Reuters BIP Coding Group" action="confirmed" date="1997-04-04"/>
  </code>
  <code code="CCAT">
    <editdetail attribution="Reuters BIP Coding Group" action="confirmed" date="1997-04-04"/>
  </code>
</codes>
<dc element="dc.date.created" value="1997-04-04"/>
<dc element="dc.publisher" value="Reuters Holdings Plc"/>
<dc element="dc.date.published" value="1997-04-04"/>
<dc element="dc.source" value="Reuters"/>
<dc element="dc.creator.location" value="SIMONSTOWN, South Africa"/>
<dc element="dc.creator.location.country.name" value="SOUTH AFRICA"/>
<dc element="dc.source" value="Reuters"/>
</metadata>
</newsitem>
