<?xml version="1.0" encoding="iso-8859-1" ?>
<newsitem itemid="486694" id="root" date="1997-04-04" xml:lang="en">
<title>SOUTH AFRICA: JOHNNIC, OMNI CANCEL AGREEMENT.</title>
<headline>JOHNNIC, OMNI CANCEL AGREEMENT.</headline>
<dateline>JOHANNESBURG 1997-04-04</dateline>
<text>
<p>Johnnic Ltd and Omni Media Corporation Ltd on Friday withdrew an earlier cautionary announcement, saying they had cancelled an agreement whereby Omni would acquire Johnnic's 5.5 percent interest in Nethold BV in exchange for Omni shares.</p>
<p>&quot;The agreement entered into between Omni and Johnnic governing the acquisition has, to the extent necessary, been cancelled, and the boards of directors of Omini and Johnnic have resolved not to proceed with the acquisition,&quot; the companies said in a joint announcement.</p>
<p>The earlier agreement included Omni proposing to distribute all its shareholding in Times Media Ltd to Omni shareholders.</p>
<p>Friday's announcement added that Omni had decided, for the time being, not to implement the distribution but said this could still take place at some stage.</p>
<p>-- Johannesburg newsroom +27 11 482-1003</p>
</text>
<copyright>(c) Reuters Limited 1997</copyright>
<metadata>
<codes class="bip:countries:1.0">
  <code code="SAFR">
    <editdetail attribution="Reuters BIP Coding Group" action="confirmed" date="1997-04-04"/>
  </code>
</codes>
<codes class="bip:industries:1.0">
  <code code="I47500">
    <editdetail attribution="Reuters BIP Coding Group" action="confirmed" date="1997-04-04"/>
  </code>
  <code code="I47510">
    <editdetail attribution="Reuters BIP Coding Group" action="confirmed" date="1997-04-04"/>
  </code>
  <code code="I83960">
    <editdetail attribution="Reuters BIP Coding Group" action="confirmed" date="1997-04-04"/>
  </code>
  <code code="I9741110">
    <editdetail attribution="Reuters BIP Coding Group" action="confirmed" date="1997-04-04"/>
  </code>
</codes>
<codes class="bip:topics:1.0">
  <code code="C18">
    <editdetail attribution="Reuters BIP Coding Group" action="confirmed" date="1997-04-04"/>
  </code>
  <code code="C181">
    <editdetail attribution="Reuters BIP Coding Group" action="confirmed" date="1997-04-04"/>
  </code>
  <code code="CCAT">
    <editdetail attribution="Reuters BIP Coding Group" action="confirmed" date="1997-04-04"/>
  </code>
</codes>
<dc element="dc.date.created" value="1997-04-04"/>
<dc element="dc.publisher" value="Reuters Holdings Plc"/>
<dc element="dc.date.published" value="1997-04-04"/>
<dc element="dc.source" value="Reuters"/>
<dc element="dc.creator.location" value="JOHANNESBURG"/>
<dc element="dc.creator.location.country.name" value="SOUTH AFRICA"/>
<dc element="dc.source" value="Reuters"/>
</metadata>
</newsitem>
