<?xml version="1.0" encoding="iso-8859-1" ?>
<newsitem itemid="486713" id="root" date="1997-04-04" xml:lang="en">
<title>LATVIA: RIGA SHIPYARD EXPECTED SOON ON BOURSE.</title>
<headline>RIGA SHIPYARD EXPECTED SOON ON BOURSE.</headline>
<dateline>RIGA 1997-04-04</dateline>
<text>
<p>Riga stock exchange said on Friday, that Riga Shipyard can be expected to be listed on the bourse soon after next week's public offer for cash.</p>
<p>Some 8.37 percent of the shipyard's shares or 837,140 shares with a minimum value of 1.30 lats will be auctioned on April 14.</p>
<p>However, the privatisation agency said that there were several risk factors linked to the company, including claims that former land owners have against it and a lack of co-operation from the management in providing information.</p>
<p>&quot;Riga Shipyard will very soon appear on either of the two bourse's lists after the public offer for cash is completed,&quot; Uldis Cerps, stock exchange president, told a news conference.</p>
<p>The company has posted a 1.05 million lat profit on turnover of 6.48 million during nine months of 1996 versus 887,000 lats in the same period of the previous year.</p>
<p>It registered after-tax profit of 1.116 million in 1995.</p>
<p>A controlling stake in the company or 4.37 million shares is held by Remar-Riga, co-owned by the employees and the stock company Baltijas Holdings, which have 32 percent and 43.7 percent respectively.</p>
<p>The bourse also said that once the company is listed it will have to compy with all the rules on releasing information.</p>
<p>-- Riga Newsroom, +371 721 5240</p>
</text>
<copyright>(c) Reuters Limited 1997</copyright>
<metadata>
<codes class="bip:countries:1.0">
  <code code="LATV">
    <editdetail attribution="Reuters BIP Coding Group" action="confirmed" date="1997-04-04"/>
  </code>
</codes>
<codes class="bip:industries:1.0">
  <code code="I36101">
    <editdetail attribution="Reuters BIP Coding Group" action="confirmed" date="1997-04-04"/>
  </code>
</codes>
<codes class="bip:topics:1.0">
  <code code="C14">
    <editdetail attribution="Reuters BIP Coding Group" action="confirmed" date="1997-04-04"/>
  </code>
  <code code="C17">
    <editdetail attribution="Reuters BIP Coding Group" action="confirmed" date="1997-04-04"/>
  </code>
  <code code="C171">
    <editdetail attribution="Reuters BIP Coding Group" action="confirmed" date="1997-04-04"/>
  </code>
  <code code="CCAT">
    <editdetail attribution="Reuters BIP Coding Group" action="confirmed" date="1997-04-04"/>
  </code>
</codes>
<dc element="dc.date.created" value="1997-04-04"/>
<dc element="dc.publisher" value="Reuters Holdings Plc"/>
<dc element="dc.date.published" value="1997-04-04"/>
<dc element="dc.source" value="Reuters"/>
<dc element="dc.creator.location" value="RIGA"/>
<dc element="dc.creator.location.country.name" value="LATVIA"/>
<dc element="dc.source" value="Reuters"/>
</metadata>
</newsitem>
