<?xml version="1.0" encoding="iso-8859-1" ?>
<newsitem itemid="486793" id="root" date="1997-04-04" xml:lang="en">
<title>UK: LIFFE coffee futures trim losses by close.</title>
<headline>LIFFE coffee futures trim losses by close.</headline>
<dateline>LONDON 1997-04-04</dateline>
<text>
<p>London robusta coffee futures trimmed some losses but still ended lower on Friday after falling by some five percent early in the session.</p>
<p>Light stop-loss selling by investment funds had contributed to the sharp falls. But traders said active price-fixing by roasters following the slide took prices back from the nadir.</p>
<p>New York arabica futures also came in lower on spill-over selling after Thursday's heavy fund-led long liquidation.</p>
<p>But the decline was slowed by further industry buying. News of widening port strike in Brazil could have provided some background support.</p>
<p>By the close, London's May was just $40 down at $1,570 a tonne, after recovering from a week's low of $1,515, a five-percent fall on the day.</p>
<p>Before the New York's sell-off, traders predicted that May could remain in the $1,610-$1,675 range for a while although they admitted that the recent wild swings had made it difficult to foretell the market direction.</p>
<p>Resistance is now seen at the chart gap of $1,590-$1,610 while support is seen at $1,530.</p>
<p>Traders noted sizeable rolling of May positions into July, which also lost $40 on the day at $1,580.</p>
<p>Overall volume was 6,276 lots, with May and July accounting for some 5,000 lots.</p>
<p>After the market had closed, private U.S. forecaster Weather Services Corp said cooler temperaturs were heading towards Brazil's coffee belt next week, but there was no threat of frost.</p>
<p>While the weather would be unusually cool for this time of the year, temperatures in Brazil's coffee areas were only expected to drop into the lows 50s Fahrenheit (low teens C). It need temperatures in the mid-30s to get frost.</p>
<p>Two severe frosts in 1994, one in late June and another in early July, damaged Brazilian crop. -- Jalil Hamid, London newsroom +44 171 542 4985</p>
</text>
<copyright>(c) Reuters Limited 1997</copyright>
<metadata>
<codes class="bip:countries:1.0">
  <code code="UK">
    <editdetail attribution="Reuters BIP Coding Group" action="confirmed" date="1997-04-04"/>
  </code>
</codes>
<codes class="bip:topics:1.0">
  <code code="M14">
    <editdetail attribution="Reuters BIP Coding Group" action="confirmed" date="1997-04-04"/>
  </code>
  <code code="M141">
    <editdetail attribution="Reuters BIP Coding Group" action="confirmed" date="1997-04-04"/>
  </code>
  <code code="MCAT">
    <editdetail attribution="Reuters BIP Coding Group" action="confirmed" date="1997-04-04"/>
  </code>
</codes>
<dc element="dc.date.created" value="1997-04-04"/>
<dc element="dc.publisher" value="Reuters Holdings Plc"/>
<dc element="dc.date.published" value="1997-04-04"/>
<dc element="dc.source" value="Reuters"/>
<dc element="dc.creator.location" value="LONDON"/>
<dc element="dc.creator.location.country.name" value="UK"/>
<dc element="dc.source" value="Reuters"/>
</metadata>
</newsitem>
