<?xml version="1.0" encoding="iso-8859-1" ?>
<newsitem itemid="486797" id="root" date="1997-04-04" xml:lang="en">
<title>UK: Feelgood factor returns for UK small cos - survey.</title>
<headline>Feelgood factor returns for UK small cos - survey.</headline>
<dateline>LONDON 1996-04-07</dateline>
<text>
<p>UK smaller companies are among the most optimistic in Europe, with firms' confidence in the economy, commercial prospects and employment levels far outstripping their French, German and Italian counterparts, a survey released on Monday showed.</p>
<p>They 3i European Enterprise Centre said its European Enterprise Index showed British and Spanish small and medium enterprises emerged as the most confident about commercial issues, with the majority expecting further improvement in 1997.</p>
<p>The survey by the UK centre is funded by investment firm 3i. It is conducted every six months among 8,000 small and medium sized enterprises in Britain, France, Germany, Italy and Spain. It was carried out in December.</p>
<p>The centre's main Enterprise Index comprises the Economy and Business Indices which reflect expectations for the next six months about the economy and other business issues, including performance, expenditure, investment and labour respectively.</p>
<p>The pan-European economy index remained negative, but the picture was improving, it said.</p>
<p>British and Spanish firms are also optimistic about their own performance, expecting to take on more staff, raise turnover and profit and to invest more on plant and equipment, IT, training and research and development.</p>
<p>The survey said managers in France, Italy and Germany all expect to see a decline in profitability and employment levels. Also, fewer firms in those countries expect to raise additional finance.</p>
<p>More firms in Britain expect to raise additional finance, while the amount looking to do so in Spain is unchanged.</p>
<p>But it said that even in countries where confidence in the economy is relatively low, managers are prepared to step up spending.</p>
<p>German managers expect to spend more on training, research and development and marketing, while French managers are prepared to invest further in plant and IT.</p>
<p>&quot;It is pleasing to see a clear rise in the pan-European Economy Index but the differences in confidence between countries remains distinctly diverse,&quot; 3i marketing director Adam Quarry said.</p>
<p>-- Andrew Gill, London newsroom +171 542 5887</p>
</text>
<copyright>(c) Reuters Limited 1997</copyright>
<metadata>
<codes class="bip:countries:1.0">
  <code code="UK">
    <editdetail attribution="Reuters BIP Coding Group" action="confirmed" date="1997-04-04"/>
  </code>
</codes>
<codes class="bip:topics:1.0">
  <code code="CCAT">
    <editdetail attribution="Reuters BIP Coding Group" action="confirmed" date="1997-04-04"/>
  </code>
  <code code="E11">
    <editdetail attribution="Reuters BIP Coding Group" action="confirmed" date="1997-04-04"/>
  </code>
  <code code="ECAT">
    <editdetail attribution="Reuters BIP Coding Group" action="confirmed" date="1997-04-04"/>
  </code>
</codes>
<dc element="dc.date.created" value="1996-04-07"/>
<dc element="dc.publisher" value="Reuters Holdings Plc"/>
<dc element="dc.date.published" value="1997-04-04"/>
<dc element="dc.source" value="Reuters"/>
<dc element="dc.creator.location" value="LONDON"/>
<dc element="dc.creator.location.country.name" value="UK"/>
<dc element="dc.source" value="Reuters"/>
</metadata>
</newsitem>
