<?xml version="1.0" encoding="iso-8859-1" ?>
<newsitem itemid="486786" id="root" date="1997-04-04" xml:lang="en">
<title>UK: N.Sea crude broadly firmer despite wild card Brent.</title>
<headline>N.Sea crude broadly firmer despite wild card Brent.</headline>
<dateline>LONDON 1997-04-04</dateline>
<text>
<p>Most North Sea crudes strengthened on Friday, helped by a surge of refinery demand which soaked up at least six million April barrels but benchmark Brent lagged behind amid uncertainty over the fate of six cargoes held by Shell, traders said.</p>
<p>&quot;The grades have definitely improved big time today but it's possible that those Brents will be dumped back on the market next week,&quot; said a trader.</p>
<p>Norwegian Oseberg gained 10-15 cents to trade at Dated Brent -15 cents and UK Forties saw its discount narrow by a similar amount to trade at Dated Brent -5 cents.  </p>
<p>Traders said Forties was benefitting from the cancellation of six April cargoes because of lower than expected production at one of the system's fields but robust refining margins and a deep contango were also helping push values higher.</p>
<p>&quot;It's beginning to pick up, partly because storage is working for some and because margins are healthy,&quot; said one.</p>
<p>But Dated Brent was struggling with some traders expecting Shell to sell up to six Brent cargoes back into northwest Europe next week, partly to benefit a short CFD position.</p>
<p>The major was exploring arbitrage opportunities to the U.S. but traders doubted whether the economics would work.  </p>
<p>May Brent was steady at $18.18 a barrel and intermonth spreads were also unmoved, May/June trading at -22 cents and June/July at -11 and -10 cents.</p>
<p>Brent CFDs picked up a couple of cents as next week's dates traded at June Brent -92 cents but activity was slow with dealers unwilling to anticipate Shell's next move.</p>
<p>&quot;Dated Brent will probably trade lower than the CFDs next week but it won't be as low as May -95 cents,&quot; said a trader.</p>
<p>Two Brent turning wet on Friday were kept by trader Arcadia and a third by British Petroleum, dealers said.</p>
<p>-- Mark Thompson, London Newsroom +44 171 542 7930</p>
</text>
<copyright>(c) Reuters Limited 1997</copyright>
<metadata>
<codes class="bip:countries:1.0">
  <code code="UK">
    <editdetail attribution="Reuters BIP Coding Group" action="confirmed" date="1997-04-04"/>
  </code>
</codes>
<codes class="bip:topics:1.0">
  <code code="M14">
    <editdetail attribution="Reuters BIP Coding Group" action="confirmed" date="1997-04-04"/>
  </code>
  <code code="M143">
    <editdetail attribution="Reuters BIP Coding Group" action="confirmed" date="1997-04-04"/>
  </code>
  <code code="MCAT">
    <editdetail attribution="Reuters BIP Coding Group" action="confirmed" date="1997-04-04"/>
  </code>
</codes>
<dc element="dc.date.created" value="1997-04-04"/>
<dc element="dc.publisher" value="Reuters Holdings Plc"/>
<dc element="dc.date.published" value="1997-04-04"/>
<dc element="dc.source" value="Reuters"/>
<dc element="dc.creator.location" value="LONDON"/>
<dc element="dc.creator.location.country.name" value="UK"/>
<dc element="dc.source" value="Reuters"/>
</metadata>
</newsitem>
