<?xml version="1.0" encoding="iso-8859-1" ?>
<newsitem itemid="486762" id="root" date="1997-04-04" xml:lang="en">
<title>UK: German inland gas oil eases, buying still weak.</title>
<headline>German inland gas oil eases, buying still weak.</headline>
<text>
<p>(DLR/DM=1.6807)   DM/100 LTRS     DLRS/100 LTRS   LAST DM</p>
<p> HAMBURG	     32.10/32.50     19.10/19.34   32.20/32.60</p>
<p> BREMEN		32.10/32.50     19.10/19.34   32.20/32.60</p>
<p> DUISBURG	    32.30/32.70     19.22/19.46   32.40/32.80</p>
<p> FRANKFURT	   32.50/32.90     19.34/19.58   32.60/33.00</p>
<p> KARLSRUHE	   32.40/32.80     19.27/19.52   32.50/32.90</p>
<p> INGOLSTADT	  33.20/33.70     19.75/20.05   33.30/33.80</p>
<p>German inland gas oil slipped a touch on Friday, but the lower prices failed to attract significantly extra demand.</p>
<p>&quot;Everyone wants lower, lower prices,&quot; commented one trader.</p>
<p>-- London Newsroom +44 171 542 8980</p>
</text>
<copyright>(c) Reuters Limited 1997</copyright>
<metadata>
<codes class="bip:countries:1.0">
  <code code="GFR">
    <editdetail attribution="Reuters BIP Coding Group" action="confirmed" date="1997-04-04"/>
  </code>
  <code code="UK">
    <editdetail attribution="Reuters BIP Coding Group" action="confirmed" date="1997-04-04"/>
  </code>
</codes>
<codes class="bip:topics:1.0">
  <code code="M14">
    <editdetail attribution="Reuters BIP Coding Group" action="confirmed" date="1997-04-04"/>
  </code>
  <code code="M143">
    <editdetail attribution="Reuters BIP Coding Group" action="confirmed" date="1997-04-04"/>
  </code>
  <code code="MCAT">
    <editdetail attribution="Reuters BIP Coding Group" action="confirmed" date="1997-04-04"/>
  </code>
</codes>
<dc element="dc.publisher" value="Reuters Holdings Plc"/>
<dc element="dc.date.published" value="1997-04-04"/>
<dc element="dc.source" value="Reuters"/>
<dc element="dc.creator.location.country.name" value="UK"/>
<dc element="dc.source" value="Reuters"/>
</metadata>
</newsitem>
