<?xml version="1.0" encoding="iso-8859-1" ?>
<newsitem itemid="486722" id="root" date="1997-04-04" xml:lang="en">
<title>ESTONIA: TALLINN APPROVES WATER COMPANY SELLOFF.</title>
<headline>TALLINN APPROVES WATER COMPANY SELLOFF.</headline>
<dateline>TALLINN 1997-04-03</dateline>
<text>
<p>Tallinn city government on Friday approved the restructuring plan of the Tallinn Water and Sewage Company, including 66 percent of its shares to be sold, city government officials said.</p>
<p>&quot;The sale will involve a large sum of money and it seems that investors and interest groups are interested,&quot; Tallinn deputy mayor, Ants Leemets, told Reuters.</p>
<p>He declined to name the groups who have shown interest.</p>
<p>&quot;The first step is to form a joint-stock company and then decide how to sell the shares,&quot; Leemets added.</p>
<p>The municipal company is to be formed into a joint-stock company with share capital of 865.79 million kroons and all of the shares held by city government.</p>
<p>The board of the joint-stock company will be responsible for taking the company's shares to the stock exchange, Leemets said.</p>
<p>&quot;I do not want to forecast but it seems to me that it will be taken to the stock exchange relatively quickly,&quot; he said.</p>
<p>The city government decision is still to be discussed and approved by the city council.</p>
<p>-- Eva Palu, Tallinn newsroom, +372 630</p>
</text>
<copyright>(c) Reuters Limited 1997</copyright>
<metadata>
<codes class="bip:countries:1.0">
  <code code="ESTNIA">
    <editdetail attribution="Reuters BIP Coding Group" action="confirmed" date="1997-04-04"/>
  </code>
</codes>
<codes class="bip:industries:1.0">
  <code code="I17000">
    <editdetail attribution="Reuters BIP Coding Group" action="confirmed" date="1997-04-04"/>
  </code>
</codes>
<codes class="bip:topics:1.0">
  <code code="C17">
    <editdetail attribution="Reuters BIP Coding Group" action="confirmed" date="1997-04-04"/>
  </code>
  <code code="C171">
    <editdetail attribution="Reuters BIP Coding Group" action="confirmed" date="1997-04-04"/>
  </code>
  <code code="C18">
    <editdetail attribution="Reuters BIP Coding Group" action="confirmed" date="1997-04-04"/>
  </code>
  <code code="C183">
    <editdetail attribution="Reuters BIP Coding Group" action="confirmed" date="1997-04-04"/>
  </code>
  <code code="CCAT">
    <editdetail attribution="Reuters BIP Coding Group" action="confirmed" date="1997-04-04"/>
  </code>
</codes>
<dc element="dc.date.created" value="1997-04-03"/>
<dc element="dc.publisher" value="Reuters Holdings Plc"/>
<dc element="dc.date.published" value="1997-04-04"/>
<dc element="dc.source" value="Reuters"/>
<dc element="dc.creator.location" value="TALLINN"/>
<dc element="dc.creator.location.country.name" value="ESTONIA"/>
<dc element="dc.source" value="Reuters"/>
</metadata>
</newsitem>
