<?xml version="1.0" encoding="iso-8859-1" ?>
<newsitem itemid="486710" id="root" date="1997-04-04" xml:lang="en">
<title>LITHUANIA: SHARES MIXED, NO BIG GAINS IN SIGHT.</title>
<headline>SHARES MIXED, NO BIG GAINS IN SIGHT.</headline>
<dateline>VILNIUS 1997-04-04</dateline>
<text>
<p>Lithuania shares were mixed on Friday and dealers said that no big gains were looming on the horizon.</p>
<p>&quot;We expect more of the same next week...up and down and no really big price increases,&quot; Tomas Andrejauskas of brokerage house Suprema told Reuters.</p>
<p>Dealers say that the market is in a state of flux in the wake of shareholders' meetings as some investors bail with dividends in hand while others snap at cheap shares.</p>
<p>But brokers said that one positive sign was an increase in the activity of banking shares.</p>
<p>&quot;When the banks pick up, the rest of the market usually folows,&quot; one dealer said.</p>
<p>Dealers said that unexpectedly good 1996 results from the sector, which was rocked by a crisis late in 1995, have helped to restore confidence in banking shares.</p>
<p>Banks accounted for the lion's share of central market activity, turning over 1.26 million litas.</p>
<p>Overall central market volume was over 1.7 million litas and the Litin A index dipped 11.16 points to 2,568.99.</p>
<p>Hermis Bank was by far the most active listing in trade of almost 1.1 million litas at the unchanged price of 190.00 litas.</p>
<p>Several blue chips eased, including Birzai Dairy, which fell to 9.00 litas from 9.50 litas in trade of only 684.00 litas.</p>
<p>The session's few gainers included Ragutis brewery, which climbed to 18.40 litas from 17.60 litas in trade of 19,500 litas.</p>
<p>Block trades reached over 1.7 million litas.</p>
<p>--Ed Stoddard, Vilnius newsroom +370 2 22 35 17</p>
</text>
<copyright>(c) Reuters Limited 1997</copyright>
<metadata>
<codes class="bip:countries:1.0">
  <code code="LITH">
    <editdetail attribution="Reuters BIP Coding Group" action="confirmed" date="1997-04-04"/>
  </code>
</codes>
<codes class="bip:topics:1.0">
  <code code="M11">
    <editdetail attribution="Reuters BIP Coding Group" action="confirmed" date="1997-04-04"/>
  </code>
  <code code="MCAT">
    <editdetail attribution="Reuters BIP Coding Group" action="confirmed" date="1997-04-04"/>
  </code>
</codes>
<dc element="dc.date.created" value="1997-04-04"/>
<dc element="dc.publisher" value="Reuters Holdings Plc"/>
<dc element="dc.date.published" value="1997-04-04"/>
<dc element="dc.source" value="Reuters"/>
<dc element="dc.creator.location" value="VILNIUS"/>
<dc element="dc.creator.location.country.name" value="LITHUANIA"/>
<dc element="dc.source" value="Reuters"/>
</metadata>
</newsitem>
