<?xml version="1.0" encoding="iso-8859-1" ?>
<newsitem itemid="486782" id="root" date="1997-04-04" xml:lang="en">
<title>UK: NWE naphtha ends steady in quiet market.</title>
<headline>NWE naphtha ends steady in quiet market.</headline>
<dateline>LONDON 1997-04-04</dateline>
<text>
<p>NWE naphtha was steady to stable on Friday in a fairly quiet market, traders said.</p>
<p>Traders said modest gains in crude prices had helped stabilise the naphtha prices, but that demand remained patchy.</p>
<p>A cargo was reported offered out of Grangemouth at around $188 cif NWE, but as usual buyers and sellers remained wide apart with end-users looking to pay prices in the low $180s.</p>
<p>While a refiner was understood to have sold 6,000 tonne of 72 paraffinic material into the barge market on a floating basis.</p>
<p>Traders said the Far East remained the main support for the region with an estimated 400-500,000 tonnes ear-marked for that direction in April, but some trader note the eastern markets were beginning to look slightly weak as arbitrage cargoes arrived from northwest Europe.</p>
<p>&quot;Thank goodness for the East in the past few months, without that we'd be $20 down by now,&quot; said one trader.</p>
<p>-- London Newsroom +44 171 542 8185</p>
</text>
<copyright>(c) Reuters Limited 1997</copyright>
<metadata>
<codes class="bip:countries:1.0">
  <code code="UK">
    <editdetail attribution="Reuters BIP Coding Group" action="confirmed" date="1997-04-04"/>
  </code>
</codes>
<codes class="bip:topics:1.0">
  <code code="M14">
    <editdetail attribution="Reuters BIP Coding Group" action="confirmed" date="1997-04-04"/>
  </code>
  <code code="M143">
    <editdetail attribution="Reuters BIP Coding Group" action="confirmed" date="1997-04-04"/>
  </code>
  <code code="MCAT">
    <editdetail attribution="Reuters BIP Coding Group" action="confirmed" date="1997-04-04"/>
  </code>
</codes>
<dc element="dc.date.created" value="1997-04-04"/>
<dc element="dc.publisher" value="Reuters Holdings Plc"/>
<dc element="dc.date.published" value="1997-04-04"/>
<dc element="dc.source" value="Reuters"/>
<dc element="dc.creator.location" value="LONDON"/>
<dc element="dc.creator.location.country.name" value="UK"/>
<dc element="dc.source" value="Reuters"/>
</metadata>
</newsitem>
