<?xml version="1.0" encoding="iso-8859-1" ?>
<newsitem itemid="486791" id="root" date="1997-04-04" xml:lang="en">
<title>UK: Financials give managers best returns in March.</title>
<headline>Financials give managers best returns in March.</headline>
<dateline>LONDON 1997-04-04</dateline>
<text>
<p>Futures managers who traded in the financial markets realised the best returns during March, according to data and research company TASS Management Ltd</p>
<p>In its Flash Report for March TASS said many of the top-performing managers for the month earned most of their trading gains by shorting U.S. stock index and bond contracts.</p>
<p>Profits were also made by going long in the grain markets such as soya beans and meal and also in the base metals markets, TASS said.</p>
<p>&quot;March was a respectable month for futures traders, but performance wasn't nearly as good as it had been in either January or February,' Nicola Meaden, TASS chief-executive of management said.</p>
<p>Meaden also noted that, for the first time in six months, profits from foreign exchange trading did not contribute substantially to the performance of the top ten managers for the month.</p>
<p>TASS follows the performance of 70 futures and currency managers, each with a minimum of $45 under management.</p>
<p>London Newsroom, +44 171 542 7771</p>
</text>
<copyright>(c) Reuters Limited 1997</copyright>
<metadata>
<codes class="bip:countries:1.0">
  <code code="UK">
    <editdetail attribution="Reuters BIP Coding Group" action="confirmed" date="1997-04-04"/>
  </code>
  <code code="USA">
    <editdetail attribution="Reuters BIP Coding Group" action="confirmed" date="1997-04-04"/>
  </code>
</codes>
<codes class="bip:topics:1.0">
  <code code="M11">
    <editdetail attribution="Reuters BIP Coding Group" action="confirmed" date="1997-04-04"/>
  </code>
  <code code="M12">
    <editdetail attribution="Reuters BIP Coding Group" action="confirmed" date="1997-04-04"/>
  </code>
  <code code="MCAT">
    <editdetail attribution="Reuters BIP Coding Group" action="confirmed" date="1997-04-04"/>
  </code>
</codes>
<dc element="dc.date.created" value="1997-04-04"/>
<dc element="dc.publisher" value="Reuters Holdings Plc"/>
<dc element="dc.date.published" value="1997-04-04"/>
<dc element="dc.source" value="Reuters"/>
<dc element="dc.creator.location" value="LONDON"/>
<dc element="dc.creator.location.country.name" value="UK"/>
<dc element="dc.source" value="Reuters"/>
</metadata>
</newsitem>
