<?xml version="1.0" encoding="iso-8859-1" ?>
<newsitem itemid="486772" id="root" date="1997-04-04" xml:lang="en">
<title>UK: IPE Brent ends lower after hitting nine-month low.</title>
<headline>IPE Brent ends lower after hitting nine-month low.</headline>
<dateline>LONDON 1997-04-04</dateline>
<text>
<p>IPE Brent futures plummeted to a new nine month low in the final hour of trade on Friday to settle below the $18 psychogical support level some 50 cents down at $17.67 per tonne.</p>
<p>The May IPE contract plunged to as low as $17.65 in the final hour of trade having spent most the session some 9-10 cents up on Thursday's close.</p>
<p>Traders said a break below $19.35 a barrel by May NYMEX crude had sparked the fall on the IPE.</p>
<p>&quot;Everyone was jumping on the back of a break through support,&quot; said one trader.</p>
<p>The next nearest low on the prompt month chart lies at $17.48 a barrel, the low of June 14.</p>
<p>Some traders had suggested that the moderate gains seen earlier in the session meant prices -- which have fallen 25 percent in the last three months -- were in for a period of consolidation, but most remained cautious citing concerns about crude oversupply which continued to linger in the background.</p>
<p>&quot;I didn't want to this happen,&quot; said one trader. &quot;And I'm not sure the fall is over now that WTI's broken through the $19.19 level,&quot; said one trader. -- London Newsroom, +44 171 542 7714.</p>
</text>
<copyright>(c) Reuters Limited 1997</copyright>
<metadata>
<codes class="bip:countries:1.0">
  <code code="UK">
    <editdetail attribution="Reuters BIP Coding Group" action="confirmed" date="1997-04-04"/>
  </code>
</codes>
<codes class="bip:topics:1.0">
  <code code="M14">
    <editdetail attribution="Reuters BIP Coding Group" action="confirmed" date="1997-04-04"/>
  </code>
  <code code="M143">
    <editdetail attribution="Reuters BIP Coding Group" action="confirmed" date="1997-04-04"/>
  </code>
  <code code="MCAT">
    <editdetail attribution="Reuters BIP Coding Group" action="confirmed" date="1997-04-04"/>
  </code>
</codes>
<dc element="dc.date.created" value="1997-04-04"/>
<dc element="dc.publisher" value="Reuters Holdings Plc"/>
<dc element="dc.date.published" value="1997-04-04"/>
<dc element="dc.source" value="Reuters"/>
<dc element="dc.creator.location" value="LONDON"/>
<dc element="dc.creator.location.country.name" value="UK"/>
<dc element="dc.source" value="Reuters"/>
</metadata>
</newsitem>
