<?xml version="1.0" encoding="iso-8859-1" ?>
<newsitem itemid="486759" id="root" date="1997-04-04" xml:lang="en">
<title>NETHERLANDS: EUREKO INSURANCE ALLIANCE SEEKS NEW MEMBERS.</title>
<headline>EUREKO INSURANCE ALLIANCE SEEKS NEW MEMBERS.</headline>
<dateline>AMSTERDAM 1997-04-04</dateline>
<text>
<p>Eureko, an alliance of six European financial services companies, said on Friday it was holding talks with a view to adding two new members.</p>
<p>&quot;We are in talks with candidates in France and Italy,&quot; said Gijs Swalef chairman of Dutch Eureko member Achmea said.</p>
<p>But Swalef added that the talks might take quite some time before they came to a final conclusion.</p>
<p>Earlier today, Achmea announced that 1996 net profit rose 21.5 percent to 572 million guilders.</p>
<p>Eureko was established in 1992 and unlisted Achmea has been involved from the very beginning.</p>
<p>The other five members are Britain's Friends Provident, German Gothaer Versicherungen, Sweden's Wasa and listed Topdanmark and BCP of Portugal.</p>
<p>Swalef told reporters he expected Eureko's turnover to rise by 10 to 15 billion guilders or more by 2000, from some 35 billion guilders at present.</p>
<p>&quot;Our group should have a maximum of eight members,&quot; Swalef said, adding that a greater number would make it difficult for the group to make decisions.</p>
<p>&quot;Decisions are based on the consensus-principle,&quot; he said.</p>
<p>Swalef did not rule out a further integration of Eureko-members, but added that there were no direct plans for further integration just yet.</p>
<p>He said Eureko was not yet thinking of a bourse listing for the whole group but he did not rule out such a move in the future.</p>
<p>&quot;If we make a big acquisition we might need an extra source of finance,&quot; he said.</p>
<p>Currently all six partners have a stake in Eureko, which in turn holds a stake in each of the six partners.</p>
<p>-- Wendy Braanker, Amsterdam newsroom +31 20 504 5000</p>
</text>
<copyright>(c) Reuters Limited 1997</copyright>
<metadata>
<codes class="bip:countries:1.0">
  <code code="FRA">
    <editdetail attribution="Reuters BIP Coding Group" action="confirmed" date="1997-04-04"/>
  </code>
  <code code="ITALY">
    <editdetail attribution="Reuters BIP Coding Group" action="confirmed" date="1997-04-04"/>
  </code>
  <code code="NETH">
    <editdetail attribution="Reuters BIP Coding Group" action="confirmed" date="1997-04-04"/>
  </code>
</codes>
<codes class="bip:industries:1.0">
  <code code="I81402">
    <editdetail attribution="Reuters BIP Coding Group" action="confirmed" date="1997-04-04"/>
  </code>
  <code code="I82000">
    <editdetail attribution="Reuters BIP Coding Group" action="confirmed" date="1997-04-04"/>
  </code>
</codes>
<codes class="bip:topics:1.0">
  <code code="C11">
    <editdetail attribution="Reuters BIP Coding Group" action="confirmed" date="1997-04-04"/>
  </code>
  <code code="CCAT">
    <editdetail attribution="Reuters BIP Coding Group" action="confirmed" date="1997-04-04"/>
  </code>
</codes>
<dc element="dc.date.created" value="1997-04-04"/>
<dc element="dc.publisher" value="Reuters Holdings Plc"/>
<dc element="dc.date.published" value="1997-04-04"/>
<dc element="dc.source" value="Reuters"/>
<dc element="dc.creator.location" value="AMSTERDAM"/>
<dc element="dc.creator.location.country.name" value="NETHERLANDS"/>
<dc element="dc.source" value="Reuters"/>
</metadata>
</newsitem>
