<?xml version="1.0" encoding="iso-8859-1" ?>
<newsitem itemid="486871" id="root" date="1997-04-04" xml:lang="en">
<title>USA: Great Lakes Aviation loss widened by charge.</title>
<headline>Great Lakes Aviation loss widened by charge.</headline>
<dateline>BLOOMINGTON MINN. 1997-04-04</dateline>
<text>
<p>Great Lakes Aviation Ltd reported its final net loss for the year ended December 31, 1996 was $12.8 million after recognition of a special $1.5 million charge to write down the value of certain inventories.</p>
<p>The company previously reported it was considering such a charge when it posted a preliminary $11.3 million year loss.</p>
<p>As a result of reducing the number of Beech 1900C aircraft in its fleet, Great Lakes Aviation said it believes it has spare parts in excess of its requirements. The adjustment reduces the investment in this inventory to estimated net realizable value.</p>
<p>	  ((Reuters Chicago Newsdesk (312) 408-8787))</p>
</text>
<copyright>(c) Reuters Limited 1997</copyright>
<metadata>
<codes class="bip:countries:1.0">
  <code code="USA">
    <editdetail attribution="Reuters BIP Coding Group" action="confirmed" date="1997-04-04"/>
  </code>
</codes>
<codes class="bip:industries:1.0">
  <code code="I75000">
    <editdetail attribution="Reuters BIP Coding Group" action="confirmed" date="1997-04-04"/>
  </code>
</codes>
<codes class="bip:topics:1.0">
  <code code="C15">
    <editdetail attribution="Reuters BIP Coding Group" action="confirmed" date="1997-04-04"/>
  </code>
  <code code="C151">
    <editdetail attribution="Reuters BIP Coding Group" action="confirmed" date="1997-04-04"/>
  </code>
  <code code="C1511">
    <editdetail attribution="Reuters BIP Coding Group" action="confirmed" date="1997-04-04"/>
  </code>
  <code code="CCAT">
    <editdetail attribution="Reuters BIP Coding Group" action="confirmed" date="1997-04-04"/>
  </code>
</codes>
<dc element="dc.date.created" value="1997-04-04"/>
<dc element="dc.publisher" value="Reuters Holdings Plc"/>
<dc element="dc.date.published" value="1997-04-04"/>
<dc element="dc.source" value="Reuters"/>
<dc element="dc.creator.location" value="BLOOMINGTON MINN."/>
<dc element="dc.creator.location.country.name" value="USA"/>
<dc element="dc.source" value="Reuters"/>
</metadata>
</newsitem>
