<?xml version="1.0" encoding="iso-8859-1" ?>
<newsitem itemid="486867" id="root" date="1997-04-04" xml:lang="en">
<title>USA: RESEARCH ALERT-Chesapeake Energy rated buy.</title>
<headline>RESEARCH ALERT-Chesapeake Energy rated buy.</headline>
<text>
<p>--ABN Amro Chicago Corp said Friday it initiated coverage of Chesapeake Energy Corp with a buy rating.</p>
<p>--Its earnings per share estimates for the company are $0.83 for 1997 and $1.03 for 1998.</p>
<p>--Chesapeake Energy ended off 1/8 alt 21-1/2.</p>
<p>	 ((Reuters Chicago Newsdesk (312) 408-8787))</p>
</text>
<copyright>(c) Reuters Limited 1997</copyright>
<metadata>
<codes class="bip:countries:1.0">
  <code code="USA">
    <editdetail attribution="Reuters BIP Coding Group" action="confirmed" date="1997-04-04"/>
  </code>
</codes>
<codes class="bip:industries:1.0">
  <code code="I13000">
    <editdetail attribution="Reuters BIP Coding Group" action="confirmed" date="1997-04-04"/>
  </code>
</codes>
<codes class="bip:topics:1.0">
  <code code="C15">
    <editdetail attribution="Reuters BIP Coding Group" action="confirmed" date="1997-04-04"/>
  </code>
  <code code="C152">
    <editdetail attribution="Reuters BIP Coding Group" action="confirmed" date="1997-04-04"/>
  </code>
  <code code="CCAT">
    <editdetail attribution="Reuters BIP Coding Group" action="confirmed" date="1997-04-04"/>
  </code>
</codes>
<dc element="dc.publisher" value="Reuters Holdings Plc"/>
<dc element="dc.date.published" value="1997-04-04"/>
<dc element="dc.source" value="Reuters"/>
<dc element="dc.creator.location.country.name" value="USA"/>
<dc element="dc.source" value="Reuters"/>
</metadata>
</newsitem>
