<?xml version="1.0" encoding="iso-8859-1" ?>
<newsitem itemid="486893" id="root" date="1997-04-04" xml:lang="en">
<title>USA: RESEARCH ALERT - DuPont rated buy.</title>
<headline>RESEARCH ALERT - DuPont rated buy.</headline>
<text>
<p>-- JP Morgan said analyst Donald Carson initiated coverage of DuPont Co with a buy rating.</p>
<p>-- estimated earnings at $7.35 per share for 1997 and $8.35 for 1998, compared to $6.54 for 1996.</p>
<p>-- said company is &quot;in the midst of a transformation to a company with above-market growth potential from a low-growth, somewhat cyclical chemical and energy entity.&quot;</p>
<p>-- set 12-month price target of $135.</p>
</text>
<copyright>(c) Reuters Limited 1997</copyright>
<metadata>
<codes class="bip:countries:1.0">
  <code code="USA">
    <editdetail attribution="Reuters BIP Coding Group" action="confirmed" date="1997-04-04"/>
  </code>
</codes>
<codes class="bip:industries:1.0">
  <code code="I25000">
    <editdetail attribution="Reuters BIP Coding Group" action="confirmed" date="1997-04-04"/>
  </code>
</codes>
<codes class="bip:topics:1.0">
  <code code="C15">
    <editdetail attribution="Reuters BIP Coding Group" action="confirmed" date="1997-04-04"/>
  </code>
  <code code="C152">
    <editdetail attribution="Reuters BIP Coding Group" action="confirmed" date="1997-04-04"/>
  </code>
  <code code="CCAT">
    <editdetail attribution="Reuters BIP Coding Group" action="confirmed" date="1997-04-04"/>
  </code>
</codes>
<dc element="dc.publisher" value="Reuters Holdings Plc"/>
<dc element="dc.date.published" value="1997-04-04"/>
<dc element="dc.source" value="Reuters"/>
<dc element="dc.creator.location.country.name" value="USA"/>
<dc element="dc.source" value="Reuters"/>
</metadata>
</newsitem>
