<?xml version="1.0" encoding="iso-8859-1" ?>
<newsitem itemid="486879" id="root" date="1997-04-04" xml:lang="en">
<title>USA: RESEARCH ALERT - Klabin still a buy.</title>
<headline>RESEARCH ALERT - Klabin still a buy.</headline>
<text>
<p>-- Salomon Brothers/Patrimonio said in a report it was maintaining their buy rating on Brazilian pulp and paper company Klabin.</p>
<p>-- It said Klabin reported 1996 results of $51.3 million, which were lower than their forecast of $78 million.</p>
<p>-- However, they maintained their rating on the stock based on expected future higher earnings stemming from a price upcycle for the industry in early 1998 and the company's focus on the Brazilian tissue and packaging paper market niche.</p>
<p>-- Klabin preferred shares were flat at 1.04 reais.</p>
<p>((--Romina Nicaretta, Sao Paulo Newsroom, 5511 248 5415))</p>
</text>
<copyright>(c) Reuters Limited 1997</copyright>
<metadata>
<codes class="bip:countries:1.0">
  <code code="BRAZ">
    <editdetail attribution="Reuters BIP Coding Group" action="confirmed" date="1997-04-04"/>
  </code>
  <code code="USA">
    <editdetail attribution="Reuters BIP Coding Group" action="confirmed" date="1997-04-04"/>
  </code>
</codes>
<codes class="bip:industries:1.0">
  <code code="I47100">
    <editdetail attribution="Reuters BIP Coding Group" action="confirmed" date="1997-04-04"/>
  </code>
</codes>
<codes class="bip:topics:1.0">
  <code code="C15">
    <editdetail attribution="Reuters BIP Coding Group" action="confirmed" date="1997-04-04"/>
  </code>
  <code code="C152">
    <editdetail attribution="Reuters BIP Coding Group" action="confirmed" date="1997-04-04"/>
  </code>
  <code code="CCAT">
    <editdetail attribution="Reuters BIP Coding Group" action="confirmed" date="1997-04-04"/>
  </code>
</codes>
<dc element="dc.publisher" value="Reuters Holdings Plc"/>
<dc element="dc.date.published" value="1997-04-04"/>
<dc element="dc.source" value="Reuters"/>
<dc element="dc.creator.location.country.name" value="USA"/>
<dc element="dc.source" value="Reuters"/>
</metadata>
</newsitem>
