<?xml version="1.0" encoding="iso-8859-1" ?>
<newsitem itemid="486824" id="root" date="1997-04-04" xml:lang="en">
<title>UK: UK approves Firststeel buyout by Brit Steel.</title>
<headline>UK approves Firststeel buyout by Brit Steel.</headline>
<dateline>LONDON 1997-04-04</dateline>
<text>
<p>Britain on Friday said it would not refer the acquisition of Firststeel Holdings Ltd by British Steel to the Monopolies and Mergers Commission.</p>
<p>The secretary of state for trade and industry, Ian Lang, said the government had also approved the acquistiion of Alpha Beta Ltd by BTP Chemicals and the takeover of Westbury Hotels by Chelsfield Plc.</p>
<p>The acquisitions of Harrisons &amp; Sons Ltd by De La Rue Plc and of Radio Wyvern Plc by GWR Group Plc were also approved and would not be referred to the commission.</p>
<p>--London Newsroom +44 171 542 4366</p>
</text>
<copyright>(c) Reuters Limited 1997</copyright>
<metadata>
<codes class="bip:countries:1.0">
  <code code="UK">
    <editdetail attribution="Reuters BIP Coding Group" action="confirmed" date="1997-04-04"/>
  </code>
</codes>
<codes class="bip:industries:1.0">
  <code code="I22100">
    <editdetail attribution="Reuters BIP Coding Group" action="confirmed" date="1997-04-04"/>
  </code>
  <code code="I25000">
    <editdetail attribution="Reuters BIP Coding Group" action="confirmed" date="1997-04-04"/>
  </code>
  <code code="I47500">
    <editdetail attribution="Reuters BIP Coding Group" action="confirmed" date="1997-04-04"/>
  </code>
  <code code="I85000">
    <editdetail attribution="Reuters BIP Coding Group" action="confirmed" date="1997-04-04"/>
  </code>
  <code code="I9741105">
    <editdetail attribution="Reuters BIP Coding Group" action="confirmed" date="1997-04-04"/>
  </code>
</codes>
<codes class="bip:topics:1.0">
  <code code="C18">
    <editdetail attribution="Reuters BIP Coding Group" action="confirmed" date="1997-04-04"/>
  </code>
  <code code="C181">
    <editdetail attribution="Reuters BIP Coding Group" action="confirmed" date="1997-04-04"/>
  </code>
  <code code="C34">
    <editdetail attribution="Reuters BIP Coding Group" action="confirmed" date="1997-04-04"/>
  </code>
  <code code="CCAT">
    <editdetail attribution="Reuters BIP Coding Group" action="confirmed" date="1997-04-04"/>
  </code>
</codes>
<dc element="dc.date.created" value="1997-04-04"/>
<dc element="dc.publisher" value="Reuters Holdings Plc"/>
<dc element="dc.date.published" value="1997-04-04"/>
<dc element="dc.source" value="Reuters"/>
<dc element="dc.creator.location" value="LONDON"/>
<dc element="dc.creator.location.country.name" value="UK"/>
<dc element="dc.source" value="Reuters"/>
</metadata>
</newsitem>
