<?xml version="1.0" encoding="iso-8859-1" ?>
<newsitem itemid="486889" id="root" date="1997-04-04" xml:lang="en">
<title>USA: RESEARCH ALERT - CONMED cut to buy.</title>
<headline>RESEARCH ALERT - CONMED cut to buy.</headline>
<text>
<p>-- UBS Securities analysts Kevin Kotler, Samuel Navarro and Joanne Wuensch Friday downgraded their rating for CONMED Corp to buy from strong buy.</p>
<p>-- &quot;We believe CNMD's sales force reorganization during 1Q97 could result in an EPS shortfall of around $0.06, resulting in an EPS of approximately $0.25,&quot; they wrote in a report.</p>
<p>-- &quot;... We are changing our rating ... just to reflect the near-term uncertainty&quot; about the first quarter shortfall and uncertainty about near-term acquisitions.</p>
<p>-- The analysts cut their 1997 estimate for earnings per share to $1.29 from $1.43 and to $1.50 from $1.75 for 1998.</p>
<p>-- Shares in the Utica, N.Y., electrosurgical systems maker were up 1/8 to 14-3/8.</p>
<p>((-- Wall Street desk (212) 859-1730))</p>
</text>
<copyright>(c) Reuters Limited 1997</copyright>
<metadata>
<codes class="bip:countries:1.0">
  <code code="USA">
    <editdetail attribution="Reuters BIP Coding Group" action="confirmed" date="1997-04-04"/>
  </code>
</codes>
<codes class="bip:industries:1.0">
  <code code="I37200">
    <editdetail attribution="Reuters BIP Coding Group" action="confirmed" date="1997-04-04"/>
  </code>
</codes>
<codes class="bip:topics:1.0">
  <code code="C15">
    <editdetail attribution="Reuters BIP Coding Group" action="confirmed" date="1997-04-04"/>
  </code>
  <code code="C152">
    <editdetail attribution="Reuters BIP Coding Group" action="confirmed" date="1997-04-04"/>
  </code>
  <code code="CCAT">
    <editdetail attribution="Reuters BIP Coding Group" action="confirmed" date="1997-04-04"/>
  </code>
</codes>
<dc element="dc.publisher" value="Reuters Holdings Plc"/>
<dc element="dc.date.published" value="1997-04-04"/>
<dc element="dc.source" value="Reuters"/>
<dc element="dc.creator.location.country.name" value="USA"/>
<dc element="dc.source" value="Reuters"/>
</metadata>
</newsitem>
