<?xml version="1.0" encoding="iso-8859-1" ?>
<newsitem itemid="486842" id="root" date="1997-04-04" xml:lang="en">
<title>CANADA: Bre-X active as Toronto solves share trading problem.</title>
<headline>Bre-X active as Toronto solves share trading problem.</headline>
<byline>Darren Schuettler</byline>
<dateline>TORONTO 1997-04-04</dateline>
<text>
<p>Shares in Bre-X Minerals Ltd. dominated the actives list on the Toronto Stock Exchange on Friday as exchange officials said problems that have hampered recent trading in the stock were now fixed.</p>
<p>Bre-X finished its first full session since last week on the TSE -- Canada's biggest stock market -- closing down C25 cents at C$3.18 in massive turnover of eight million shares. On Nasdaq, Bre-X fell 25 cents to $2.375.</p>
<p>The stock earlier hit a session high of C$3.78 amid market rumors that early test results of the Busang gold site by an independent mining consultant looked positive.</p>
<p>&quot;I heard it was rumors around Strathcona that got them up today, but those rumors petered out so that's why it is down,&quot; one analyst said.</p>
<p>Toronto-based mining consultant Strathcona Mineral Services Ltd. has remained silent since it was hired two weeks ago by Bre-X to conduct an audit of the Busang gold site.</p>
<p>The final results of Strathcona's review are not expected until early May.</p>
<p>Bre-X has been under siege since last week when its partner in Indonesia, New Orleans-based Freeport-McMoRan Copper &amp; Gold Inc., revealed that early drilling samples performed during its due diligence process on the Busang gold property in the rain forests of Borneo turned up only tiny amounts of gold.</p>
<p>Frantic trading in Bre-X shares forced the TSE to stop trading in the stock on Thursday -- the third time this week that the TSE halted Bre-X because of heavy order volumes and an outdated computer system.</p>
<p>TSE President Rowland Fleming said on Friday that the exchange fixed the problem by rewriting a section of computer code.</p>
<p>&quot;(It was) easily rectified. I'm confident we will not (have any more problems),&quot; Fleming told Reuters.</p>
<p>He dismissed suggestions that the TSE's reputation had been tarnished by the trading interruptions. &quot;Every exchange from time to time with this kind of sophisticated technology has difficulties,&quot; Fleming said.</p>
<p>He said the TSE was cooperating with the Ontario Securities Commission, which confirmed on Thursday that it has launched a probe into whether Bre-X violated insider trading and disclosure laws.</p>
<p>Bre-X Chief Executive David Walsh, his wife and other company officials added more than C$37 million ($26.6 million) to their bank accounts after they sold Bre-X stock at prices ranging from C$24.40 ($17.57) to C$28.40 ($20.45) between August and October.</p>
<p>The sales were controversial because they occurred shortly after Bre-X learned that its preliminary license had been canceled by the Indonesian government, a development the company did not reveal publicly until last October.</p>
<p>&quot;Mr. Walsh and all of the others...are perfectly entitled to buy and sell their stock as they see fit, and make money or lose money as the case may be, as long as they do not do that using insider information,&quot; Fleming said.</p>
<p>He said there was no evidence to date that Bre-X officials had acted improperly.</p>
</text>
<copyright>(c) Reuters Limited 1997</copyright>
<metadata>
<codes class="bip:countries:1.0">
  <code code="CANA">
    <editdetail attribution="Reuters BIP Coding Group" action="confirmed" date="1997-04-04"/>
  </code>
</codes>
<codes class="bip:industries:1.0">
  <code code="I21000">
    <editdetail attribution="Reuters BIP Coding Group" action="confirmed" date="1997-04-04"/>
  </code>
</codes>
<codes class="bip:topics:1.0">
  <code code="C15">
    <editdetail attribution="Reuters BIP Coding Group" action="confirmed" date="1997-04-04"/>
  </code>
  <code code="C152">
    <editdetail attribution="Reuters BIP Coding Group" action="confirmed" date="1997-04-04"/>
  </code>
  <code code="CCAT">
    <editdetail attribution="Reuters BIP Coding Group" action="confirmed" date="1997-04-04"/>
  </code>
</codes>
<dc element="dc.date.created" value="1997-04-04"/>
<dc element="dc.publisher" value="Reuters Holdings Plc"/>
<dc element="dc.date.published" value="1997-04-04"/>
<dc element="dc.source" value="Reuters"/>
<dc element="dc.creator.location" value="TORONTO"/>
<dc element="dc.creator.location.country.name" value="CANADA"/>
<dc element="dc.source" value="Reuters"/>
</metadata>
</newsitem>
