<?xml version="1.0" encoding="iso-8859-1" ?>
<newsitem itemid="486880" id="root" date="1997-04-04" xml:lang="en">
<title>USA: RESEARCH ALERT - Datum started at buy.</title>
<headline>RESEARCH ALERT - Datum started at buy.</headline>
<text>
<p>-- Hambrecht &amp; Quist said it has started coverage on Datum Inc with a buy rating based on its view that Datum, a provider of timing products for space, scientific and industrial measurement applications, will see strong growth in the personal communications services market.</p>
<p>-- H&amp;Q also sees strong possibilities for growth in international and original equipment manufacturer businesses.</p>
<p>-- It estimates March quarter earnings for Datum at $0.19 a share on revenue of $27.1 million, and full year 1997 earnings of $0.89 a share on revenues of $115.1 million.</p>
</text>
<copyright>(c) Reuters Limited 1997</copyright>
<metadata>
<codes class="bip:countries:1.0">
  <code code="USA">
    <editdetail attribution="Reuters BIP Coding Group" action="confirmed" date="1997-04-04"/>
  </code>
</codes>
<codes class="bip:industries:1.0">
  <code code="I37100">
    <editdetail attribution="Reuters BIP Coding Group" action="confirmed" date="1997-04-04"/>
  </code>
</codes>
<codes class="bip:topics:1.0">
  <code code="C15">
    <editdetail attribution="Reuters BIP Coding Group" action="confirmed" date="1997-04-04"/>
  </code>
  <code code="C152">
    <editdetail attribution="Reuters BIP Coding Group" action="confirmed" date="1997-04-04"/>
  </code>
  <code code="CCAT">
    <editdetail attribution="Reuters BIP Coding Group" action="confirmed" date="1997-04-04"/>
  </code>
</codes>
<dc element="dc.publisher" value="Reuters Holdings Plc"/>
<dc element="dc.date.published" value="1997-04-04"/>
<dc element="dc.source" value="Reuters"/>
<dc element="dc.creator.location.country.name" value="USA"/>
<dc element="dc.source" value="Reuters"/>
</metadata>
</newsitem>
