<?xml version="1.0" encoding="iso-8859-1" ?>
<newsitem itemid="486881" id="root" date="1997-04-04" xml:lang="en">
<title>USA: RESEARCH ALERT - NGC Corp raised to buy.</title>
<headline>RESEARCH ALERT - NGC Corp raised to buy.</headline>
<text>
<p>-- Jefferies &amp; Co Inc said it raised its rating on shares of NGC Corp to buy from hold based on a positive reassessment of the company's outlook after it disclosed first quarter charges in its natural gas liquids wholesale business.</p>
<p>-- In a statement, Jefferies said its review points to several developments that should prevent similar charges in the future. It notes the adoption of improved operational and accounting procedures, structural changes which will improve informational access and operating control, and restructuring of some personnel. Also, the chief financial officer position is expected to be filled shortly, Jefferies said.</p>
</text>
<copyright>(c) Reuters Limited 1997</copyright>
<metadata>
<codes class="bip:countries:1.0">
  <code code="USA">
    <editdetail attribution="Reuters BIP Coding Group" action="confirmed" date="1997-04-04"/>
  </code>
</codes>
<codes class="bip:industries:1.0">
  <code code="I13000">
    <editdetail attribution="Reuters BIP Coding Group" action="confirmed" date="1997-04-04"/>
  </code>
  <code code="I1300014">
    <editdetail attribution="Reuters BIP Coding Group" action="confirmed" date="1997-04-04"/>
  </code>
</codes>
<codes class="bip:topics:1.0">
  <code code="C15">
    <editdetail attribution="Reuters BIP Coding Group" action="confirmed" date="1997-04-04"/>
  </code>
  <code code="C152">
    <editdetail attribution="Reuters BIP Coding Group" action="confirmed" date="1997-04-04"/>
  </code>
  <code code="CCAT">
    <editdetail attribution="Reuters BIP Coding Group" action="confirmed" date="1997-04-04"/>
  </code>
</codes>
<dc element="dc.publisher" value="Reuters Holdings Plc"/>
<dc element="dc.date.published" value="1997-04-04"/>
<dc element="dc.source" value="Reuters"/>
<dc element="dc.creator.location.country.name" value="USA"/>
<dc element="dc.source" value="Reuters"/>
</metadata>
</newsitem>
