<?xml version="1.0" encoding="iso-8859-1" ?>
<newsitem itemid="486938" id="root" date="1997-04-04" xml:lang="en">
<title>USA: U.S. Defense Stockpile accepts lead tender bids.</title>
<headline>U.S. Defense Stockpile accepts lead tender bids.</headline>
<dateline>NEW YORK 1997-04-04</dateline>
<text>
<p>The U.S. Defense Stockpile said Friday it had accepted bids on 1,040 tonnes of lead worth $731,437 in its tender held Thursday.</p>
<p>The largest award was made to East Penn Manufacturing Co, of Lyon Station, Pennsylvania, which took a total of 700 tonnes at unit prices between 31.71-32.00 cents a pound.</p>
<p>Other awards were made to American Iron &amp; Metal of Montreal, Canada, Speciality Metals &amp; Minerals of Baton Rouge, Louisiana, and Hirsch Metals Corp of Boca Raton, Florida.</p>
<p>The next lead tender will be on Thursday May 1.</p>
<p>((--New York Commodities Desk, +1-212-859-1641))</p>
</text>
<copyright>(c) Reuters Limited 1997</copyright>
<metadata>
<codes class="bip:countries:1.0">
  <code code="USA">
    <editdetail attribution="Reuters BIP Coding Group" action="confirmed" date="1997-04-04"/>
  </code>
</codes>
<codes class="bip:topics:1.0">
  <code code="M14">
    <editdetail attribution="Reuters BIP Coding Group" action="confirmed" date="1997-04-04"/>
  </code>
  <code code="M142">
    <editdetail attribution="Reuters BIP Coding Group" action="confirmed" date="1997-04-04"/>
  </code>
  <code code="MCAT">
    <editdetail attribution="Reuters BIP Coding Group" action="confirmed" date="1997-04-04"/>
  </code>
</codes>
<dc element="dc.date.created" value="1997-04-04"/>
<dc element="dc.publisher" value="Reuters Holdings Plc"/>
<dc element="dc.date.published" value="1997-04-04"/>
<dc element="dc.source" value="Reuters"/>
<dc element="dc.creator.location" value="NEW YORK"/>
<dc element="dc.creator.location.country.name" value="USA"/>
<dc element="dc.source" value="Reuters"/>
</metadata>
</newsitem>
