<?xml version="1.0" encoding="iso-8859-1" ?>
<newsitem itemid="486975" id="root" date="1997-04-04" xml:lang="en">
<title>USA: U.S. Xpress to acquire truckload carrier.</title>
<headline>U.S. Xpress to acquire truckload carrier.</headline>
<dateline>CHATTANOOGA, Tenn. 1997-04-04</dateline>
<text>
<p>U.S. Xpress Enterprises Inc on Friday said it has reached an agreement to acquire all of the outstanding stock of privately held JTI Inc and its related affiliates.</p>
<p>Terms of the acquisition were not disclosed. The acquisition is expected to be completed by April 30.</p>
<p>JTI is a non-union truckload carrier based in Lincoln, Nebraska, with annual revenues of about $25 million.</p>
<p>JTI Inc will operate as a wholly owned subsidiary of U.S. Xpress Enterprises. JTI management will continue to lead the company, headed by David Parker, chairman, and Alan Hingst, president.</p>
</text>
<copyright>(c) Reuters Limited 1997</copyright>
<metadata>
<codes class="bip:countries:1.0">
  <code code="USA">
    <editdetail attribution="Reuters BIP Coding Group" action="confirmed" date="1997-04-04"/>
  </code>
</codes>
<codes class="bip:industries:1.0">
  <code code="I77002">
    <editdetail attribution="Reuters BIP Coding Group" action="confirmed" date="1997-04-04"/>
  </code>
</codes>
<codes class="bip:topics:1.0">
  <code code="C18">
    <editdetail attribution="Reuters BIP Coding Group" action="confirmed" date="1997-04-04"/>
  </code>
  <code code="C181">
    <editdetail attribution="Reuters BIP Coding Group" action="confirmed" date="1997-04-04"/>
  </code>
  <code code="CCAT">
    <editdetail attribution="Reuters BIP Coding Group" action="confirmed" date="1997-04-04"/>
  </code>
</codes>
<dc element="dc.date.created" value="1997-04-04"/>
<dc element="dc.publisher" value="Reuters Holdings Plc"/>
<dc element="dc.date.published" value="1997-04-04"/>
<dc element="dc.source" value="Reuters"/>
<dc element="dc.creator.location" value="CHATTANOOGA, Tenn."/>
<dc element="dc.creator.location.country.name" value="USA"/>
<dc element="dc.source" value="Reuters"/>
</metadata>
</newsitem>
