<?xml version="1.0" encoding="iso-8859-1" ?>
<newsitem itemid="486979" id="root" date="1997-04-04" xml:lang="en">
<title>USA: OraVax Inc approves rights plan.</title>
<headline>OraVax Inc approves rights plan.</headline>
<dateline>CAMBRIDGE, Mass. 1997-04-04</dateline>
<text>
<p>OraVax Inc said on Friday that its board of directors had approved the adoption of a shareholder rights plan to deter coercive or unfair takeover tactics.</p>
<p>The preferred stock purchase rights will be distributed on April 15, 1997 as a dividend at the rate of one right for each share of OraVax outstanding as of the close of business on that date, the company said.</p>
<p>The rights will be exercisable only if a person or group has acquired beneficial ownership of 20 percent or more of OraVax's common stock or announces a tender or exchange offer that would result in a person or group owning 30 percent of the company's common stock, OraVax said.</p>
<p>The rights will expire on April 17, 2007 unless earlier redeemed, exchanged or terminated, OraVax said.</p>
<p>OraVax said the rights plan will not restrict the company's ability to consider a takeover offer on favorable terms.</p>
</text>
<copyright>(c) Reuters Limited 1997</copyright>
<metadata>
<codes class="bip:countries:1.0">
  <code code="USA">
    <editdetail attribution="Reuters BIP Coding Group" action="confirmed" date="1997-04-04"/>
  </code>
</codes>
<codes class="bip:industries:1.0">
  <code code="I25700">
    <editdetail attribution="Reuters BIP Coding Group" action="confirmed" date="1997-04-04"/>
  </code>
</codes>
<codes class="bip:topics:1.0">
  <code code="C11">
    <editdetail attribution="Reuters BIP Coding Group" action="confirmed" date="1997-04-04"/>
  </code>
  <code code="CCAT">
    <editdetail attribution="Reuters BIP Coding Group" action="confirmed" date="1997-04-04"/>
  </code>
</codes>
<dc element="dc.date.created" value="1997-04-04"/>
<dc element="dc.publisher" value="Reuters Holdings Plc"/>
<dc element="dc.date.published" value="1997-04-04"/>
<dc element="dc.source" value="Reuters"/>
<dc element="dc.creator.location" value="CAMBRIDGE, Mass."/>
<dc element="dc.creator.location.country.name" value="USA"/>
<dc element="dc.source" value="Reuters"/>
</metadata>
</newsitem>
