<?xml version="1.0" encoding="iso-8859-1" ?>
<newsitem itemid="486957" id="root" date="1997-04-04" xml:lang="en">
<title>USA: Ex-CBOE vice chairman to head Chicago trading firm.</title>
<headline>Ex-CBOE vice chairman to head Chicago trading firm.</headline>
<dateline>CHICAGO 1997-04-04</dateline>
<text>
<p>William Floersch, former vice chairman of the Chicago Board Options Exchange, has been named president and chief executive officer of futures and options trading firm O'Connor &amp; Co, the firm said Friday.</p>
<p>The Chicago-based company said Floersch would be responsible for all O'Connor &amp; Co operations.</p>
<p>Floersch will head a management team that will concentrate on expanding the firm's execution and clearing business, with an emphasis on fund managers and other institutional investors, the company said.  </p>
<p>Floersch, previously an independent market maker at the CBOE, had stepped down at the end of 1996 after serving six consecutive one-year terms as vice chairman of the exchange. He was also chairman of the CBOE's executive committee.</p>
<p>He had been in the running to succeed CBOE chairman Alger &quot;Duke&quot; Chapman. That job went to William Brodsky, former president of the Chicago Mercantile Exchange.</p>
<p>((--Derivatives desk, 312 408 8750))</p>
<p>E-mail: derivatives@reuters.com</p>
</text>
<copyright>(c) Reuters Limited 1997</copyright>
<metadata>
<codes class="bip:countries:1.0">
  <code code="USA">
    <editdetail attribution="Reuters BIP Coding Group" action="confirmed" date="1997-04-04"/>
  </code>
</codes>
<codes class="bip:topics:1.0">
  <code code="C41">
    <editdetail attribution="Reuters BIP Coding Group" action="confirmed" date="1997-04-04"/>
  </code>
  <code code="C411">
    <editdetail attribution="Reuters BIP Coding Group" action="confirmed" date="1997-04-04"/>
  </code>
  <code code="CCAT">
    <editdetail attribution="Reuters BIP Coding Group" action="confirmed" date="1997-04-04"/>
  </code>
</codes>
<dc element="dc.date.created" value="1997-04-04"/>
<dc element="dc.publisher" value="Reuters Holdings Plc"/>
<dc element="dc.date.published" value="1997-04-04"/>
<dc element="dc.source" value="Reuters"/>
<dc element="dc.creator.location" value="CHICAGO"/>
<dc element="dc.creator.location.country.name" value="USA"/>
<dc element="dc.source" value="Reuters"/>
</metadata>
</newsitem>
