<?xml version="1.0" encoding="iso-8859-1" ?>
<newsitem itemid="486936" id="root" date="1997-04-04" xml:lang="en">
<title>USA: Hess launches derivatives oil trading unit.</title>
<headline>Hess launches derivatives oil trading unit.</headline>
<dateline>NEW YORK 1997-04-04</dateline>
<text>
<p>Amerada Hess Corp, seeking to improve its ability to manage price risk in volatile oil markets, has launched a new joint venture oil derivatives trading company.</p>
<p>&quot;It's a propietary joint venture trading company to manage financial commodity risk,&quot; said Carl Tursi, spokesman at New York-based Hess, without giving further details.</p>
<p>Industry sources said the new company, Hess Energy Trading Co, will deal in derivatives such as options or swaps as well as in physical commodities, including crude oil and refined products.</p>
<p>The sources said the new company is made up of two traders recruited from J. Aron, Goldman Sachs oil trading arm, and a third trader already with Hess. The traders will hold stock in the new company.</p>
<p>Traders welcomed the Hess foray into the world of oil derivatives, saying it would add liquidity to a sector of the oil market that has contracted in recent years amid regulatory risk related to the launch of cleaner motor fuels.</p>
<p>The U.S. derivative market itself has shrunk, the traders said, and is dominated by big Wall Street players like Morgan Stanley Group Inc, JP Morgan &amp; Co and Phibro, the commmodities trading arm of Salomon Inc.</p>
<p>Sources said Hess will join other relatively recent entrants into the derivatives realm from the energy industry like Koch Oil Co and Trammochem.</p>
<p>&quot;It's good news. We need the liquidity,&quot; said one refined products broker referring to Hess's new unit.</p>
<p>-- Oliver Ludwig New York Energy Desk +1 212 859 1633</p>
</text>
<copyright>(c) Reuters Limited 1997</copyright>
<metadata>
<codes class="bip:countries:1.0">
  <code code="USA">
    <editdetail attribution="Reuters BIP Coding Group" action="confirmed" date="1997-04-04"/>
  </code>
</codes>
<codes class="bip:industries:1.0">
  <code code="I14000">
    <editdetail attribution="Reuters BIP Coding Group" action="confirmed" date="1997-04-04"/>
  </code>
  <code code="I81402">
    <editdetail attribution="Reuters BIP Coding Group" action="confirmed" date="1997-04-04"/>
  </code>
  <code code="I83100">
    <editdetail attribution="Reuters BIP Coding Group" action="confirmed" date="1997-04-04"/>
  </code>
</codes>
<codes class="bip:topics:1.0">
  <code code="C11">
    <editdetail attribution="Reuters BIP Coding Group" action="confirmed" date="1997-04-04"/>
  </code>
  <code code="CCAT">
    <editdetail attribution="Reuters BIP Coding Group" action="confirmed" date="1997-04-04"/>
  </code>
</codes>
<dc element="dc.date.created" value="1997-04-04"/>
<dc element="dc.publisher" value="Reuters Holdings Plc"/>
<dc element="dc.date.published" value="1997-04-04"/>
<dc element="dc.source" value="Reuters"/>
<dc element="dc.creator.location" value="NEW YORK"/>
<dc element="dc.creator.location.country.name" value="USA"/>
<dc element="dc.source" value="Reuters"/>
</metadata>
</newsitem>
