<?xml version="1.0" encoding="iso-8859-1" ?>
<newsitem itemid="486940" id="root" date="1997-04-04" xml:lang="en">
<title>USA: Con Edison settlement faces court test.</title>
<headline>Con Edison settlement faces court test.</headline>
<byline>Jim Brumm</byline>
<dateline>NEW YORK 1997-04-04</dateline>
<text>
<p>The settlement Consolidated Edison Co of New York Inc reached after negotiations on its competitive opportunities filing faces a court challenge if approved by the state Public Service Commission, a New York Assembly hearing was told Friday.</p>
<p>&quot;The agreement lays the foundation for the most significant change in the way electric service is provided in the metropolitan area in the last half century,&quot; Con Edison told the hearing called by the Assembly committees on Energy, Corporations and Consumer Afairs.  </p>
<p>Those opposed to the settlement told the hearing the agreement fails to meet its stated objective of providing &quot;meaningful rate reduction.&quot;</p>
<p>They said it also fails to establish a level playing field for competition and &quot;ignores the reality that retail access is technically feasible for all customers.&quot;</p>
<p>As a result &quot;the settlement offers no hope of cost reductions or service enhancements through competition,&quot; Aaron Breidenbauch, the Independent Power Producers of New York's deputy director and director of regulatory affairs, said.  </p>
<p>Others questioned on why the settlement discriminates between customers classes, giving the largest -- 25 percent -- cuts to an estimated 20 industrial customers in an area that no longer depends on industrial activity for economic growth.</p>
<p>Several joined Energy Committee chairman Paul D. Tonko in questioning the process by which the agreement was reached.</p>
<p>It appears to have been &quot;negotiated directly by senior Department of Public Service staff and senior Con Ed officials,&quot; Breidenbaugh said, asserting the utility &quot;struck a bargain (to make) token rate reductions in return for withdrawal&quot; from suit challenging the restructuring process.  </p>
<p>Later, he told Reuters all three utilities reaching a restructuring settlement -- Central Hudson Gas &amp; Electric Corp, Orange &amp; Rockland Utilities Inc and Con Edison -- agreed to withdraw from the New York Energy Association's lawsuit challenging the Public Service Commission's May 1996 Competitive Opportunities order.</p>
<p>That order now &quot;appears to be nothing more than a dim memory,&quot; Tonko said.</p>
<p>New York Public Interest Research Group's senior attorney, Larry Shapiro, said he believes &quot;deals were made.&quot;  </p>
<p>It &quot;appears this plan will allow Con Ed to do less than other companies&quot; who have settled with the commission, American Association of Retired Persons legislative representative Travis Plunkett said.</p>
<p>Assemblyman Richard L. Brodsky, chairman of the Assembly Environmental Committee, said &quot;this is corporate welfare.&quot;</p>
<p>&quot;It's my belief a deal was cut by (Commission Chairman John) O'Mara and (Con Edison chief executive Eugene) McGrath in a room,&quot; he said. Con Edison corporate planning vice president Kevin &quot;Burke did not answer the questions (about the talks that led to the pact) to my satisfaction,&quot; Brodksy said.  </p>
<p>&quot;Nor to ours,&quot; Tonko said. During Burke's testimony he requested the utility official to provide information in writing about participants in the negotiations.</p>
<p>Brodsky, who represents part of Con Edison's service territory north of New York City, suggested that the information be supoenaed.</p>
<p>But Shapiro, like Burke a participant in the negotiations, suggested the Con Edison official &quot;went over the line&quot; on the confidentiality agreement covering the talks. Shapiro declined to discuss the talks because of that agreement.  </p>
<p>If the settlement &quot;plays out solely before the PSC, it will be litigated,&quot; he said.</p>
<p>&quot;There will more than likely be low suits by concerned parties,&quot; Tonko agreed, citing the unequal treatment of various groups by the settlement.</p>
<p>It will go to court after the commission rules in June, the Assemblyman said, explaining he does not see the commission making the needed adjustments in Con Edison's revenue flow.</p>
<p>It appears the settlement &quot;will be approved as written&quot; by the commission, Breidenbaugh said.</p>
<p>&quot;If so, it will be challenged in court,&quot; he said, adding the commission &quot;will get a stay and (the Con Edison settlement) will go into effect.</p>
<p>&quot;Our hope is the commission will see the light&quot; and make the changes to bring Con Edison's restructuring back into line with the proposals the regulators laid down in May 1996, Breidenbaugh said. ((-- New York Newsdesk 212-859-1610))</p>
</text>
<copyright>(c) Reuters Limited 1997</copyright>
<metadata>
<codes class="bip:countries:1.0">
  <code code="USA">
    <editdetail attribution="Reuters BIP Coding Group" action="confirmed" date="1997-04-04"/>
  </code>
</codes>
<codes class="bip:industries:1.0">
  <code code="I16000">
    <editdetail attribution="Reuters BIP Coding Group" action="confirmed" date="1997-04-04"/>
  </code>
  <code code="I16100">
    <editdetail attribution="Reuters BIP Coding Group" action="confirmed" date="1997-04-04"/>
  </code>
</codes>
<codes class="bip:topics:1.0">
  <code code="C12">
    <editdetail attribution="Reuters BIP Coding Group" action="confirmed" date="1997-04-04"/>
  </code>
  <code code="CCAT">
    <editdetail attribution="Reuters BIP Coding Group" action="confirmed" date="1997-04-04"/>
  </code>
  <code code="GCAT">
    <editdetail attribution="Reuters BIP Coding Group" action="confirmed" date="1997-04-04"/>
  </code>
  <code code="GCRIM">
    <editdetail attribution="Reuters BIP Coding Group" action="confirmed" date="1997-04-04"/>
  </code>
</codes>
<dc element="dc.date.created" value="1997-04-04"/>
<dc element="dc.publisher" value="Reuters Holdings Plc"/>
<dc element="dc.date.published" value="1997-04-04"/>
<dc element="dc.source" value="Reuters"/>
<dc element="dc.creator.location" value="NEW YORK"/>
<dc element="dc.creator.location.country.name" value="USA"/>
<dc element="dc.source" value="Reuters"/>
</metadata>
</newsitem>
