<?xml version="1.0" encoding="iso-8859-1" ?>
<newsitem itemid="486989" id="root" date="1997-04-04" xml:lang="en">
<title>USA: IMM currencies end sharply down on Rivlin comments.</title>
<headline>IMM currencies end sharply down on Rivlin comments.</headline>
<dateline>CHICAGO 1997-04-04</dateline>
<text>
<p>IMM currency futures closed sharply lower as comments from a U.S. Federal Reserve official dragged key contracts to session lows, traders and floor analysts said.</p>
<p>In fact, June yen finished the day near the contract low of $0.008127 after Fed vice chairwoman Alice Rivlin said the dollar was strengthening due to the general food feeling that the rest of the world was having about the U.S. economy.</p>
<p>Rivlin's comments reflected market sentiment that was articulated by one currency trader on Friday morning.  </p>
<p>&quot;The U.S. is looking a lot better than Continental Europe and Japan,&quot; he said.</p>
<p>Some traders thought June yen would attempt to test $0.008115, or about 124.50 spot yen, before the end of the session. The contract cracked to $0.008130 in reaction to U.S. Treasury secretary Robert Rubin's dollar-friendly comments in Tokyo overnight.</p>
<p>Rivlin said the U.S. economy, rather than the level of U.S. interest rates was strengthening the dollar.  </p>
<p>However, several traders said higher U.S. interest rates would support the dollar's appreciation against most currencies, and that declines in U.S. stock and bond prices as rates moved higher would not weigh on the U.S. currency.</p>
<p>Traders said heavy sell-stop orders at the $0.008135 to $0.008130 pressured June yen lower. About 2,000 to 3,000 contracts were sold in that area.</p>
<p>Rivlin also said the higher dollar was based in part from doubts about the European Monetary Union (EMU).  </p>
<p>June marks and Swiss francs edged lower, but limited losses above Thursday's overall lows at $0.5981 and $0.6966, respectively.</p>
<p>The rise in U.S. March payrolls -- while below average trade estimates -- was enough to weaken the contracts' tone. Meanwhile, June Canadian dollars eroded further, falling towards the GLOBEX low of $0.7202, which is the lowest level since February 1996. One U.S. firm sold 600 June Canadian dollars at $0.7215.  </p>
<p>At the end of pit trade, June yen was off $0.000114 at $0.008129, marks lost $0.0061 to $0.5966, Swiss francs fell $0.0049 to $0.6985, sterling was down $0.0112 to $1.6328, Canadian dollar was off $0.0008 to $0.7214, Australian dollars were down $0.0015 to $0.7750, and Mexican pesos were up $0.000450 at $0.121750. ((DerivativesDesk(312)408-8750)) E-mail:derivatives@reuters.com</p>
</text>
<copyright>(c) Reuters Limited 1997</copyright>
<metadata>
<codes class="bip:countries:1.0">
  <code code="USA">
    <editdetail attribution="Reuters BIP Coding Group" action="confirmed" date="1997-04-04"/>
  </code>
</codes>
<codes class="bip:topics:1.0">
  <code code="M13">
    <editdetail attribution="Reuters BIP Coding Group" action="confirmed" date="1997-04-04"/>
  </code>
  <code code="M132">
    <editdetail attribution="Reuters BIP Coding Group" action="confirmed" date="1997-04-04"/>
  </code>
  <code code="MCAT">
    <editdetail attribution="Reuters BIP Coding Group" action="confirmed" date="1997-04-04"/>
  </code>
</codes>
<dc element="dc.date.created" value="1997-04-04"/>
<dc element="dc.publisher" value="Reuters Holdings Plc"/>
<dc element="dc.date.published" value="1997-04-04"/>
<dc element="dc.source" value="Reuters"/>
<dc element="dc.creator.location" value="CHICAGO"/>
<dc element="dc.creator.location.country.name" value="USA"/>
<dc element="dc.source" value="Reuters"/>
</metadata>
</newsitem>
