<?xml version="1.0" encoding="iso-8859-1" ?>
<newsitem itemid="486918" id="root" date="1997-04-04" xml:lang="en">
<title>USA: Universal holders ok MEDIQ merger.</title>
<headline>Universal holders ok MEDIQ merger.</headline>
<dateline>PENNSAUKEN, N.J. 1997-04-04</dateline>
<text>
<p>MEDIQ Inc and Universal Hospital Services Inc said Friday that Universal shareholders had approved the company's acquisition by MEDIQ.</p>
<p>The company also said that the waiting period under the Hart-Scott-Rodino federal antitrust act, which was originally scheduled to expire in March, is now set to expire April 10 and could be extended by the Federal Trade Commission at any time on or before that date.</p>
<p>The companies agreed to combine in February in a cash merger with a total purchase price of about $138 million, including the assumption of debt.</p>
</text>
<copyright>(c) Reuters Limited 1997</copyright>
<metadata>
<codes class="bip:countries:1.0">
  <code code="USA">
    <editdetail attribution="Reuters BIP Coding Group" action="confirmed" date="1997-04-04"/>
  </code>
</codes>
<codes class="bip:industries:1.0">
  <code code="I95100">
    <editdetail attribution="Reuters BIP Coding Group" action="confirmed" date="1997-04-04"/>
  </code>
</codes>
<codes class="bip:topics:1.0">
  <code code="C18">
    <editdetail attribution="Reuters BIP Coding Group" action="confirmed" date="1997-04-04"/>
  </code>
  <code code="C181">
    <editdetail attribution="Reuters BIP Coding Group" action="confirmed" date="1997-04-04"/>
  </code>
  <code code="CCAT">
    <editdetail attribution="Reuters BIP Coding Group" action="confirmed" date="1997-04-04"/>
  </code>
</codes>
<dc element="dc.date.created" value="1997-04-04"/>
<dc element="dc.publisher" value="Reuters Holdings Plc"/>
<dc element="dc.date.published" value="1997-04-04"/>
<dc element="dc.source" value="Reuters"/>
<dc element="dc.creator.location" value="PENNSAUKEN, N.J."/>
<dc element="dc.creator.location.country.name" value="USA"/>
<dc element="dc.source" value="Reuters"/>
</metadata>
</newsitem>
