<?xml version="1.0" encoding="iso-8859-1" ?>
<newsitem itemid="486961" id="root" date="1997-04-04" xml:lang="en">
<title>USA: Seragen Inc Q4 full results.</title>
<headline>Seragen Inc Q4 full results.</headline>
<dateline>HOPKINTON, Mass. 1997-04-04</dateline>
<text>
<p>SERAGEN, INC.</p>
<p>				STATEMENTS OF OPERATIONS</p>
<p>							For the years ended</p>
<p>						 December 31,</p>
<p>					 1994	  1995	   1996</p>
<p>Revenue:</p>
<p>Contract revenue and license fees</p>
<p>				   $588,350   $3,337,388  $10,542,315</p>
<p>Operating expenses:</p>
<p>Cost of contract revenue and</p>
<p>   license fees		 588,350    3,337,388    5,704,243</p>
<p>Research and development</p>
<p>				 15,240,195   14,086,632   13,959,405</p>
<p>General and administrative</p>
<p>				  4,903,963    4,904,226    7,208,465</p>
<p>Licensed technology for research and</p>
<p>   development		2,824,217	    ---	    ---</p>
<p>				 23,556,725   22,328,246   26,872,113</p>
<p>Loss from operations</p>
<p>			     (22,968,375) (18,990,858) (16,329,798)</p>
<p>Loss incurred in connection with Canadian</p>
<p>  affiliate			   ---	390,136    2,923,864</p>
<p> Interest income		438,338	 92,924	120,740</p>
<p> Interest expense	     113,756    1,813,128    5,453,638</p>
<p>	 Net loss	  (22,643,793) (21,101,198) (24,586,560)</p>
<p>Preferred stock dividends and accretion</p>
<p>					  ---	    ---   10,394,918</p>
<p>Net loss applicable to common</p>
<p>   stockholders	  (22,643,793) (21,101,198) (34,981,478)</p>
<p> Net loss per common share   (1.45)	 (1.29)	 (2.09)</p>
<p>Weighted average common shares</p>
<p>used in computing net loss</p>
<p>   per share		 15,631,333   16,355,587   16,724,493</p>
<p>				     SERAGEN, INC.</p>
<p>		     BALANCE SHEETS</p>
<p>							  December 31,</p>
<p> Assets						1995	   1996</p>
<p>Current assets:</p>
<p>  Cash and cash equivalents		$435,460    $1,548,392</p>
<p>  Restricted cash			     435,318	 610,318</p>
<p>  Contract receivable			 686,055	 485,261</p>
<p>  Unbilled contract receivable	    496,147	 833,983</p>
<p>Prepaid expenses and other current assets</p>
<p>						    335,238	 285,356</p>
<p>	     Total current assets	 2,388,218     3,763,310</p>
<p>  Property and equipment, net	   5,198,136     4,604,115</p>
<p>  Investment in affiliate		 2,599,864	     ---</p>
<p>  Deferred commission		     2,060,000	     ---</p>
<p>  Prepaid interest			  3,528,677	     ---</p>
<p>  Other assets				  524,613	  77,183</p>
<p>		Total assets		 16,299,508     8,444,608</p>
<p>	   Liabilities and Stockholders' (Deficit)</p>
<p>Current liabilities:</p>
<p>   Accounts payable			   725,326     1,111,477</p>
<p>  Current maturities of long-term debt  248,494	  37,418</p>
<p>  Accrued commission payable		300,000	     ---</p>
<p>  Accrued expenses			  2,413,284     3,177,467</p>
<p>  Preferred stock redemption liability	---     1,236,753</p>
<p>Short-term obligation, less unamortized discount</p>
<p>							  ---     4,128,097</p>
<p>		 Total current liabilities  3,687,104   9,691,212</p>
<p>Non-current liabilities:</p>
<p>Long-term debt, less current maturities</p>
<p>						 12,537,417	     ---</p>
<p> Deferred revenue			   5,000,000	     ---</p>
<p>Long-term obligation, less unamortized discount</p>
<p>						  3,440,482	     ---</p>
<p> Lilly contract obligation			---     1,200,000</p>
<p>Canadian affiliate put option liability</p>
<p>						  2,076,000     2,400,000</p>
<p>	   Total non-current liabilities  23,053,899  3,600,000</p>
<p>Commitments and contingencies</p>
<p>Stockholders' (deficit);</p>
<p>Preferred stock, $.01 par value; 5,000,000 shares authorized</p>
<p>Convertible preferred stock, Series A,</p>
<p>$.01 par value; issued and outstanding</p>
<p>3,105 shares at December 31, 1996, $2,015,522</p>
<p>     liquidation preference		     ---     2,015,522</p>
<p>Convertible preferred stock, Series B, $.01</p>
<p>par value; issued and outstanding</p>
<p>23,800 shares at</p>
<p>December 31, 1996, $23,800,000</p>
<p>     liquidation preference		     ---    23,800,000</p>
<p>Convertible preferred stock, Series C, $.01</p>
<p>par value; issued and outstanding</p>
<p>5,000 shares at December 31, 1996,</p>
<p>     $5,100,000 liquidation preference	---     5,100,000</p>
<p>Common stock, $.01 par value; 70,000,000 shares</p>
<p>authorized; issued 16,521,212 and 17,199,458</p>
<p>shares at December 31,</p>
<p>     1995 and 1996, respectively	  165,212	 171,994</p>
<p>  Additional paid in capital	   41,759,580   151,323,022</p>
<p>  Accumulated deficit		 (152,273,333) (187,254,811)</p>
<p>					     (10,348,541)   (4,844,273)</p>
<p>Less-treasury stock (14,632 and 777 shares at</p>
<p>cost at December 31, 1995 and 1996,</p>
<p>   respectively)			     (92,954)	 (2,331)</p>
<p>Total stockholders' (deficit)</p>
<p>					     (10,441,495)   (4,846,604)</p>
<p>Total liabilities and stockholders'</p>
<p>	(deficit)			    16,299,508     8,444,608</p>
<p>((-- New York Newsdesk 212 859-1610))</p>
</text>
<copyright>(c) Reuters Limited 1997</copyright>
<metadata>
<codes class="bip:countries:1.0">
  <code code="USA">
    <editdetail attribution="Reuters BIP Coding Group" action="confirmed" date="1997-04-04"/>
  </code>
</codes>
<codes class="bip:industries:1.0">
  <code code="I25700">
    <editdetail attribution="Reuters BIP Coding Group" action="confirmed" date="1997-04-04"/>
  </code>
</codes>
<codes class="bip:topics:1.0">
  <code code="C15">
    <editdetail attribution="Reuters BIP Coding Group" action="confirmed" date="1997-04-04"/>
  </code>
  <code code="C151">
    <editdetail attribution="Reuters BIP Coding Group" action="confirmed" date="1997-04-04"/>
  </code>
  <code code="C1511">
    <editdetail attribution="Reuters BIP Coding Group" action="confirmed" date="1997-04-04"/>
  </code>
  <code code="CCAT">
    <editdetail attribution="Reuters BIP Coding Group" action="confirmed" date="1997-04-04"/>
  </code>
</codes>
<dc element="dc.date.created" value="1997-04-04"/>
<dc element="dc.publisher" value="Reuters Holdings Plc"/>
<dc element="dc.date.published" value="1997-04-04"/>
<dc element="dc.source" value="Reuters"/>
<dc element="dc.creator.location" value="HOPKINTON, Mass."/>
<dc element="dc.creator.location.country.name" value="USA"/>
<dc element="dc.source" value="Reuters"/>
</metadata>
</newsitem>
