<?xml version="1.0" encoding="iso-8859-1" ?>
<newsitem itemid="486948" id="root" date="1997-04-04" xml:lang="en">
<title>USA: Rowan sees well termination hurting Q1.</title>
<headline>Rowan sees well termination hurting Q1.</headline>
<dateline>HOUSTON 1997-04-04</dateline>
<text>
<p>Rowan Cos Inc said it and Pennzoil Co's Production &amp; Exporation Co unit have agreed to terminate a contract for a well being drilled offshore Louisiana in a move that will hurt Rowan's first quarter earnings by about $20 million.</p>
<p>Rowan earned $6.3 million or $0.03 per share in last year's first quarter. </p>
<p>&quot;It was time to fold 'em. The drilling team on the Rowan-Juneau gave it their best for 477 days, but after a series of underground blowouts, stuck pipe, lost holes and an uncontrollable, unstable heaving shale section, it became apparent that we would be unable to reach the contract depth,&quot; said Rowan chairman C.R. Palmer.</p>
</text>
<copyright>(c) Reuters Limited 1997</copyright>
<metadata>
<codes class="bip:countries:1.0">
  <code code="USA">
    <editdetail attribution="Reuters BIP Coding Group" action="confirmed" date="1997-04-04"/>
  </code>
</codes>
<codes class="bip:industries:1.0">
  <code code="I13000">
    <editdetail attribution="Reuters BIP Coding Group" action="confirmed" date="1997-04-04"/>
  </code>
  <code code="I14000">
    <editdetail attribution="Reuters BIP Coding Group" action="confirmed" date="1997-04-04"/>
  </code>
</codes>
<codes class="bip:topics:1.0">
  <code code="C15">
    <editdetail attribution="Reuters BIP Coding Group" action="confirmed" date="1997-04-04"/>
  </code>
  <code code="C152">
    <editdetail attribution="Reuters BIP Coding Group" action="confirmed" date="1997-04-04"/>
  </code>
  <code code="C24">
    <editdetail attribution="Reuters BIP Coding Group" action="confirmed" date="1997-04-04"/>
  </code>
  <code code="CCAT">
    <editdetail attribution="Reuters BIP Coding Group" action="confirmed" date="1997-04-04"/>
  </code>
</codes>
<dc element="dc.date.created" value="1997-04-04"/>
<dc element="dc.publisher" value="Reuters Holdings Plc"/>
<dc element="dc.date.published" value="1997-04-04"/>
<dc element="dc.source" value="Reuters"/>
<dc element="dc.creator.location" value="HOUSTON"/>
<dc element="dc.creator.location.country.name" value="USA"/>
<dc element="dc.source" value="Reuters"/>
</metadata>
</newsitem>
