<?xml version="1.0" encoding="iso-8859-1" ?>
<newsitem itemid="486990" id="root" date="1997-04-04" xml:lang="en">
<title>USA: Sabratek offering raises $19 million.</title>
<headline>Sabratek offering raises $19 million.</headline>
<dateline>NILES, Ill. 1997-04-04</dateline>
<text>
<p>Sabratek Corp said Friday it completed a secondary $18 per share offering that raised $19 million.</p>
<p>Of the 1,276,575 shares of common stock sold, 1.1 million shares were sold by the company and 176,574 shares by certain stockholders.</p>
<p>Bear, Stearns &amp; Co Inc, Salomon Brothers Inc, Smith Barney Inc and Jefferies &amp; Co Inc are managers of the offering.</p>
<p>Upon completion of the offering, Sabratek will have about 9.6 million shares of common stock outstanding. The company also granted underwriters a 191,486 share overallotment option.</p>
<p>Sabratek develops, produces and markets advanced, intractive therapeutic and diagnostic medical systems designed to meet the needs of the alternative-site healthcare market. The company said it will use proceeds from the offering to expand its manufacturing capabilities, to fund product development and expand sales and marketing activities. A portion may go toward future joint ventures or acquisitions.</p>
<p>		((Reuters Chicago Newsdesk (312) 408-8787))</p>
</text>
<copyright>(c) Reuters Limited 1997</copyright>
<metadata>
<codes class="bip:countries:1.0">
  <code code="USA">
    <editdetail attribution="Reuters BIP Coding Group" action="confirmed" date="1997-04-04"/>
  </code>
</codes>
<codes class="bip:industries:1.0">
  <code code="I37200">
    <editdetail attribution="Reuters BIP Coding Group" action="confirmed" date="1997-04-04"/>
  </code>
</codes>
<codes class="bip:topics:1.0">
  <code code="C17">
    <editdetail attribution="Reuters BIP Coding Group" action="confirmed" date="1997-04-04"/>
  </code>
  <code code="C171">
    <editdetail attribution="Reuters BIP Coding Group" action="confirmed" date="1997-04-04"/>
  </code>
  <code code="CCAT">
    <editdetail attribution="Reuters BIP Coding Group" action="confirmed" date="1997-04-04"/>
  </code>
</codes>
<dc element="dc.date.created" value="1997-04-04"/>
<dc element="dc.publisher" value="Reuters Holdings Plc"/>
<dc element="dc.date.published" value="1997-04-04"/>
<dc element="dc.source" value="Reuters"/>
<dc element="dc.creator.location" value="NILES, Ill."/>
<dc element="dc.creator.location.country.name" value="USA"/>
<dc element="dc.source" value="Reuters"/>
</metadata>
</newsitem>
