<?xml version="1.0" encoding="iso-8859-1" ?>
<newsitem itemid="487025" id="root" date="1997-04-04" xml:lang="en">
<title>USA: Transmation completes EIL unit purchase.</title>
<headline>Transmation completes EIL unit purchase.</headline>
<dateline>ROCHESTER, N.Y. 1997-04-04</dateline>
<text>
<p>Transmation Inc said on Friday it completed its previously announced $22 million purchase of the sales and service division of EIL Instruments Inc.</p>
<p>The purchase was financed entirely with senior bank debt, Transmation said.</p>
<p>The division acquired includes EIL's test and measurement equipment distribution business, its repair and calibration business and its value-added and meter modification business.</p>
<p>The purchase is expected to bring Transmation's annual sales to nearly $100 million, the company said.</p>
</text>
<copyright>(c) Reuters Limited 1997</copyright>
<metadata>
<codes class="bip:countries:1.0">
  <code code="USA">
    <editdetail attribution="Reuters BIP Coding Group" action="confirmed" date="1997-04-04"/>
  </code>
</codes>
<codes class="bip:topics:1.0">
  <code code="C17">
    <editdetail attribution="Reuters BIP Coding Group" action="confirmed" date="1997-04-04"/>
  </code>
  <code code="C18">
    <editdetail attribution="Reuters BIP Coding Group" action="confirmed" date="1997-04-04"/>
  </code>
  <code code="C181">
    <editdetail attribution="Reuters BIP Coding Group" action="confirmed" date="1997-04-04"/>
  </code>
  <code code="CCAT">
    <editdetail attribution="Reuters BIP Coding Group" action="confirmed" date="1997-04-04"/>
  </code>
</codes>
<dc element="dc.date.created" value="1997-04-04"/>
<dc element="dc.publisher" value="Reuters Holdings Plc"/>
<dc element="dc.date.published" value="1997-04-04"/>
<dc element="dc.source" value="Reuters"/>
<dc element="dc.creator.location" value="ROCHESTER, N.Y."/>
<dc element="dc.creator.location.country.name" value="USA"/>
<dc element="dc.source" value="Reuters"/>
</metadata>
</newsitem>
