<?xml version="1.0" encoding="iso-8859-1" ?>
<newsitem itemid="487001" id="root" date="1997-04-04" xml:lang="en">
<title>USA: FAA probes near-collision of planes in California.</title>
<headline>FAA probes near-collision of planes in California.</headline>
<dateline>SAN FRANCISCO, Calif. 1997-04-04</dateline>
<text>
<p>The Federal Aviation Administration launched an investigation into the near-collision of a Reno Air passenger jet and a private plane in San Jose, California, a spokesman said Friday.</p>
<p>&quot;We are looking to determine what precisely occurred,&quot; said FAA spokesman Mitch Barker.</p>
<p>The airplanes were taking off early Thursday from the San Jose International Airport, 40 miles south of San Francisco, on parallel runways when the private Cessna 172 turned into the path of the Reno Air MD83 jetliner.</p>
<p>The Reno Air jet, carrying 111 passengers and five crew members, took evasive action to avert a collision with the small private plane, Reno Air spokesman Steve Sarner said.</p>
<p>Sarner said the airline had not determined how close the two planes came to colliding. But according to local news reports they came to within 100 to 200 feet of each other.</p>
<p>The Reno Air jet, on route to Las Vegas, continued to its destination without further incident, the airline said. There were no injuries.</p>
</text>
<copyright>(c) Reuters Limited 1997</copyright>
<metadata>
<codes class="bip:countries:1.0">
  <code code="USA">
    <editdetail attribution="Reuters BIP Coding Group" action="confirmed" date="1997-04-04"/>
  </code>
</codes>
<codes class="bip:industries:1.0">
  <code code="I75000">
    <editdetail attribution="Reuters BIP Coding Group" action="confirmed" date="1997-04-04"/>
  </code>
</codes>
<codes class="bip:topics:1.0">
  <code code="C13">
    <editdetail attribution="Reuters BIP Coding Group" action="confirmed" date="1997-04-04"/>
  </code>
  <code code="CCAT">
    <editdetail attribution="Reuters BIP Coding Group" action="confirmed" date="1997-04-04"/>
  </code>
  <code code="GCAT">
    <editdetail attribution="Reuters BIP Coding Group" action="confirmed" date="1997-04-04"/>
  </code>
  <code code="GDIS">
    <editdetail attribution="Reuters BIP Coding Group" action="confirmed" date="1997-04-04"/>
  </code>
</codes>
<dc element="dc.date.created" value="1997-04-04"/>
<dc element="dc.publisher" value="Reuters Holdings Plc"/>
<dc element="dc.date.published" value="1997-04-04"/>
<dc element="dc.source" value="Reuters"/>
<dc element="dc.creator.location" value="SAN FRANCISCO, Calif."/>
<dc element="dc.creator.location.country.name" value="USA"/>
<dc element="dc.source" value="Reuters"/>
</metadata>
</newsitem>
