<?xml version="1.0" encoding="iso-8859-1" ?>
<newsitem itemid="487034" id="root" date="1997-04-04" xml:lang="en">
<title>USA: U.S. spot natgas prices rise ahead of weekend.</title>
<headline>U.S. spot natgas prices rise ahead of weekend.</headline>
<dateline>NEW YORK 1997-04-04</dateline>
<text>
<p>U.S. spot natural gas prices were mostly higher Friday amid cooler weather in parts of the Midwest and firmer futures, market sources said.</p>
<p>On the Louisiana Gulf Coast, swing prices on Transco (Station 65) were steady to higher at $1.87-1.90, while Henry Hub gained a few cents to $1.89-1.93 per mmBtu. Most other Gulf prices were also higher in the mid-to-high $1.80s.</p>
<p>At 1411 EST, NYMEX's Henry Hub May natgas futures were 3.5 cents firmer at $1.94, the high of the session.  </p>
<p>In south Texas, prices were up only about one cent to the low-$1.80s, as cooler, rainy weather in the region capped air-conditioning demand.</p>
<p>At the New York city-gate, the market extended its losses ahead of a mild weekend, as prices drifted another two to five cents lower to $2.08-2.13.</p>
<p>In the Appalachian region, prices were steady to higher at $2.02-2.05 on Columbia and $2.12-2.13 on CNG in response to the inflated values on the Gulf pipes.</p>
<p>In the Midcontinent, prices were up about two cents to about $1.75-1.76 as cooler weather moved into the area. Forecasts are calling for mostly below-normal temperatures to continue through at least the middle of next week.</p>
<p>Despite the strengthening in the Gulf, Permian basin prices eased by about two cents due to the expected return of Pacific Gas and Electric's 1,073 megawatt (MW) Diablo Canyon 2 nuclear unit in California.</p>
<p>The company said the unit will likely restart sometime today and achieve full power this weekend.</p>
<p>At the southern California border, prices also reacted to the plant restart by falling three cents to $1.79-1.81.</p>
<p>((--H McCulloch, New York Power Desk +212-859-1628))</p>
</text>
<copyright>(c) Reuters Limited 1997</copyright>
<metadata>
<codes class="bip:countries:1.0">
  <code code="USA">
    <editdetail attribution="Reuters BIP Coding Group" action="confirmed" date="1997-04-04"/>
  </code>
</codes>
<codes class="bip:topics:1.0">
  <code code="M14">
    <editdetail attribution="Reuters BIP Coding Group" action="confirmed" date="1997-04-04"/>
  </code>
  <code code="M143">
    <editdetail attribution="Reuters BIP Coding Group" action="confirmed" date="1997-04-04"/>
  </code>
  <code code="MCAT">
    <editdetail attribution="Reuters BIP Coding Group" action="confirmed" date="1997-04-04"/>
  </code>
</codes>
<dc element="dc.date.created" value="1997-04-04"/>
<dc element="dc.publisher" value="Reuters Holdings Plc"/>
<dc element="dc.date.published" value="1997-04-04"/>
<dc element="dc.source" value="Reuters"/>
<dc element="dc.creator.location" value="NEW YORK"/>
<dc element="dc.creator.location.country.name" value="USA"/>
<dc element="dc.source" value="Reuters"/>
</metadata>
</newsitem>
