<?xml version="1.0" encoding="iso-8859-1" ?>
<newsitem itemid="789593" id="root" date="1997-08-09" xml:lang="en">
<title>DENMARK: CYCLING-POLE WINS DENMARK TOUR STAGE AFTER CRASH.</title>
<headline>CYCLING-POLE WINS DENMARK TOUR STAGE AFTER CRASH.</headline>
<dateline>COPENHAGEN 1997-08-09</dateline>
<text>
<p>Polish rider Jacek Mieckiwicz won the fourth stage of Tour of Denmark on Saturday after last year's winner Fabrizio Guidi of Italy suffered a dramatic fall only metres from the finish.</p>
<p>Guidi, manoeuvring to avoid a collision with Australia's Robbie McEwen who swerved at him in the last spurt of the stage, crashed into a barrier at a speed of some 70 kph and was sent to hospital with a broken left collar bone.</p>
<p>In the confusion, Miekiwicz edged home to win the 235-km stage from Kolding to Odense in five hours 34 minutes 44 seconds.</p>
<p>McEwen, who surrendered the yellow jersey to Giovanni Lombardi of Italy after Friday's third stage, was disqualified and relegated to bottom position in the day's stage.</p>
<p>Servais Knaven of the Netherlands retained the yellow jersey after coming in 21st in the same time as Mieckiwicz.</p>
<p>He holds an 11-second lead over Denmark's Peter Meinert and is the favourite to win the 859-km race which ends in Copenhagen on Sunday with the fifth and final 153-km stage.</p>
</text>
<copyright>(c) Reuters Limited 1997</copyright>
<metadata>
<codes class="bip:countries:1.0">
  <code code="AUSTR">
    <editdetail attribution="Reuters BIP Coding Group" action="confirmed" date="1997-08-09"/>
  </code>
  <code code="DEN">
    <editdetail attribution="Reuters BIP Coding Group" action="confirmed" date="1997-08-09"/>
  </code>
  <code code="ITALY">
    <editdetail attribution="Reuters BIP Coding Group" action="confirmed" date="1997-08-09"/>
  </code>
  <code code="POL">
    <editdetail attribution="Reuters BIP Coding Group" action="confirmed" date="1997-08-09"/>
  </code>
</codes>
<codes class="bip:topics:1.0">
  <code code="GCAT">
    <editdetail attribution="Reuters BIP Coding Group" action="confirmed" date="1997-08-09"/>
  </code>
  <code code="GSPO">
    <editdetail attribution="Reuters BIP Coding Group" action="confirmed" date="1997-08-09"/>
  </code>
</codes>
<dc element="dc.date.created" value="1997-08-09"/>
<dc element="dc.publisher" value="Reuters Holdings Plc"/>
<dc element="dc.date.published" value="1997-08-09"/>
<dc element="dc.source" value="Reuters"/>
<dc element="dc.creator.location" value="COPENHAGEN"/>
<dc element="dc.creator.location.country.name" value="DENMARK"/>
<dc element="dc.source" value="Reuters"/>
</metadata>
</newsitem>
