<?xml version="1.0" encoding="iso-8859-1" ?>
<newsitem itemid="789598" id="root" date="1997-08-09" xml:lang="en">
<title>UK: CRICKET-AUSTRALIA V ENGLAND FIFTH TEST SCOREBOARD.</title>
<headline>CRICKET-AUSTRALIA V ENGLAND FIFTH TEST SCOREBOARD.</headline>
<dateline>NOTTINGHAM, England 1997-08-09</dateline>
<text>
<p>Scoreboard on the</p>
<p>third day of the fifth test between England and Australia at</p>
<p>Trent Bridge on Saturday:</p>
<p>Australia first innings 427 (M.Taylor 76, S.Waugh 75,</p>
<p>M.Elliott 69, M.Waugh 68; D.Headley 4-87)</p>
<p>England first innings (overnight 188-4)</p>
<p> M.Atherton c Healy b Warne	   27</p>
<p> A.Stewart c Healy b Warne	    87</p>
<p> J.Crawley c Healy b McGrath	  18</p>
<p> N.Hussain b Warne			 2</p>
<p> G.Thorpe c Blewett b Warne	   53</p>
<p> A.Hollioake c Taylor b Reiffel     45</p>
<p> B.Hollioake c M.Waugh b Reiffel    28</p>
<p> R.Croft c Blewett b McGrath	  18</p>
<p> A.Caddick c Healy b McGrath	   0</p>
<p> D.Headley not out			10</p>
<p> D.Malcolm b McGrath		    12</p>
<p> Extras (b-2 lb-6 nb-5)		 13</p>
<p> Total				     313</p>
<p>Fall of wickets: 1-106 2-129 3-135 4-141 5-243 6-243 7-272</p>
<p>8-290 9-290</p>
<p>Bowling: McGrath 29.5-9-71-4, Reiffel 21-2-101-2, Gillespie</p>
<p>11-3-47-0, Warne 32-8-86-4.</p>
</text>
<copyright>(c) Reuters Limited 1997</copyright>
<metadata>
<codes class="bip:countries:1.0">
  <code code="AUSTR">
    <editdetail attribution="Reuters BIP Coding Group" action="confirmed" date="1997-08-09"/>
  </code>
  <code code="UK">
    <editdetail attribution="Reuters BIP Coding Group" action="confirmed" date="1997-08-09"/>
  </code>
</codes>
<codes class="bip:topics:1.0">
  <code code="GCAT">
    <editdetail attribution="Reuters BIP Coding Group" action="confirmed" date="1997-08-09"/>
  </code>
  <code code="GSPO">
    <editdetail attribution="Reuters BIP Coding Group" action="confirmed" date="1997-08-09"/>
  </code>
</codes>
<dc element="dc.date.created" value="1997-08-09"/>
<dc element="dc.publisher" value="Reuters Holdings Plc"/>
<dc element="dc.date.published" value="1997-08-09"/>
<dc element="dc.source" value="Reuters"/>
<dc element="dc.creator.location" value="NOTTINGHAM, England"/>
<dc element="dc.creator.location.country.name" value="UK"/>
<dc element="dc.source" value="Reuters"/>
</metadata>
</newsitem>
