<?xml version="1.0" encoding="iso-8859-1" ?>
<newsitem itemid="789589" id="root" date="1997-08-09" xml:lang="en">
<title>POLAND: TENNIS-POLISH OPEN SEMIFINAL RESULTS.</title>
<headline>TENNIS-POLISH OPEN SEMIFINAL RESULTS.</headline>
<dateline>SOPOT, Poland 1997-08-09</dateline>
<text>
<p>Results of semifinals from</p>
<p>the Polish Open women's tennis tournament on Saturday (prefix</p>
<p>number denotes seeding):</p>
<p>3-Magdalena Grzybowska (Poland) beat Sandra Dopfer (Austria)</p>
<p>7-5 2-6 6-4</p>
<p>1-Denisa Chladkova (Czech Republic) beat Olga Lugina (Ukraine)</p>
<p>5-7 6-4 6-4.</p>
</text>
<copyright>(c) Reuters Limited 1997</copyright>
<metadata>
<codes class="bip:countries:1.0">
  <code code="POL">
    <editdetail attribution="Reuters BIP Coding Group" action="confirmed" date="1997-08-09"/>
  </code>
</codes>
<codes class="bip:topics:1.0">
  <code code="GCAT">
    <editdetail attribution="Reuters BIP Coding Group" action="confirmed" date="1997-08-09"/>
  </code>
  <code code="GSPO">
    <editdetail attribution="Reuters BIP Coding Group" action="confirmed" date="1997-08-09"/>
  </code>
</codes>
<dc element="dc.date.created" value="1997-08-09"/>
<dc element="dc.publisher" value="Reuters Holdings Plc"/>
<dc element="dc.date.published" value="1997-08-09"/>
<dc element="dc.source" value="Reuters"/>
<dc element="dc.creator.location" value="SOPOT, Poland"/>
<dc element="dc.creator.location.country.name" value="POLAND"/>
<dc element="dc.source" value="Reuters"/>
</metadata>
</newsitem>
