<?xml version="1.0" encoding="iso-8859-1" ?>
<newsitem itemid="789618" id="root" date="1997-08-09" xml:lang="en">
<title>ROMANIA: SOCCER-ROMANIAN FIRST DIVISION RESULTS/STANDINGS.</title>
<headline>SOCCER-ROMANIAN FIRST DIVISION RESULTS/STANDINGS.</headline>
<dateline>BUCHAREST 1997-08-09</dateline>
<text>
<p>Results of the Romanian first</p>
<p>division soccer matches played on Saturday:</p>
<p> Foresta Falticeni	    1  F.C. Petrolul Ploiesti   0</p>
<p> Universitatea Craiova	4  F.C. Chindia  Tirgoviste 0</p>
<p> Rapid Bucharest		1  F.C. Arges Pitesti	 2</p>
<p> Otelul Galati		  3  Universitatea Cluj	 0</p>
<p> Jiul Petrosani		 0  Steaua Bucharest	   2</p>
<p> F.C. National Bucharest    2  Gloria Bistrita	    0</p>
<p> CSM Resita		     2  Sportul Studentesc	 1</p>
<p> FCM Bacau			1  F.C. Farul Constanta     0</p>
<p> Dinamo Bucharest	     2  Ceahlaul Piatra Neamt    0</p>
<p>    Standings		    P   W   D   L   F   A  Pts</p>
<p>  1. Otelul Galati	     3   3   0   0  10   0   9</p>
<p>  2. F.C. National Bucharest 3   3   0   0   5   0   9</p>
<p>  3. Steaua Bucharest	  3   3   0   0   6   2   9</p>
<p>  4. F.C. Arges Pitesti	3   3   0   0   5   2   9</p>
<p>  5. CSM Resita		  3   2   1   0   5   1   7</p>
<p>  6. Universitatea Craiova   3   2   0   1   6   2   6</p>
<p>  7. FCM Bacau		   3   1   2   0   4   3   5</p>
<p>  8. Rapid Bucharest	   3   1   1   1   3   2   4</p>
<p>  9. F.C. Chindia Tirgoviste 3   1   1   1   2   5   4</p>
<p> 10. Gloria Bistrita	   3   1   0   2   5   5   3</p>
<p> 11. Universitatea Cluj	3   1   0   2   4   5   3</p>
<p> 12. Dinamo Bucharest	  3   1   0   2   3   4   3</p>
<p> 13. Foresta Falticeni	 3   1   0   2   2   3   3</p>
<p> 14. F.C. Petrolul Ploiesti  3   0   1   2   2   5   1</p>
<p> 15. Ceahlaul Piatra Neamt   3   0   1   2   1   4   1</p>
<p> 16. F.C. Farul Constanta    3   0   1   2   1   4   1</p>
<p> 17. Sportul Studentesc	3   0   0   3   1   7   0</p>
<p> 18. Jiul Petrosani	    3   0   0   3   0   9   0</p>
</text>
<copyright>(c) Reuters Limited 1997</copyright>
<metadata>
<codes class="bip:countries:1.0">
  <code code="ROM">
    <editdetail attribution="Reuters BIP Coding Group" action="confirmed" date="1997-08-09"/>
  </code>
</codes>
<codes class="bip:topics:1.0">
  <code code="GCAT">
    <editdetail attribution="Reuters BIP Coding Group" action="confirmed" date="1997-08-09"/>
  </code>
  <code code="GSPO">
    <editdetail attribution="Reuters BIP Coding Group" action="confirmed" date="1997-08-09"/>
  </code>
</codes>
<dc element="dc.date.created" value="1997-08-09"/>
<dc element="dc.publisher" value="Reuters Holdings Plc"/>
<dc element="dc.date.published" value="1997-08-09"/>
<dc element="dc.source" value="Reuters"/>
<dc element="dc.creator.location" value="BUCHAREST"/>
<dc element="dc.creator.location.country.name" value="ROMANIA"/>
<dc element="dc.source" value="Reuters"/>
</metadata>
</newsitem>
