<?xml version="1.0" encoding="iso-8859-1" ?>
<newsitem itemid="789686" id="root" date="1997-08-09" xml:lang="en">
<title>SRI LANKA: CRICKET-SRI LANKA 316-7 V INDIA AT CLOSE.</title>
<headline>CRICKET-SRI LANKA 316-7 V INDIA AT CLOSE.</headline>
<dateline>COLOMBO 1997-08-09</dateline>
<text>
<p>Sri Lanka were 316-7 in their</p>
<p>first innings when play was called off due to bad light on the</p>
<p>first day of the second and final test match against India in</p>
<p>Colombo on Saturday.</p>
</text>
<copyright>(c) Reuters Limited 1997</copyright>
<metadata>
<codes class="bip:countries:1.0">
  <code code="INDIA">
    <editdetail attribution="Reuters BIP Coding Group" action="confirmed" date="1997-08-09"/>
  </code>
  <code code="SRILAN">
    <editdetail attribution="Reuters BIP Coding Group" action="confirmed" date="1997-08-09"/>
  </code>
</codes>
<codes class="bip:topics:1.0">
  <code code="GCAT">
    <editdetail attribution="Reuters BIP Coding Group" action="confirmed" date="1997-08-09"/>
  </code>
  <code code="GSPO">
    <editdetail attribution="Reuters BIP Coding Group" action="confirmed" date="1997-08-09"/>
  </code>
</codes>
<dc element="dc.date.created" value="1997-08-09"/>
<dc element="dc.publisher" value="Reuters Holdings Plc"/>
<dc element="dc.date.published" value="1997-08-09"/>
<dc element="dc.source" value="Reuters"/>
<dc element="dc.creator.location" value="COLOMBO"/>
<dc element="dc.creator.location.country.name" value="SRI LANKA"/>
<dc element="dc.source" value="Reuters"/>
</metadata>
</newsitem>
