<?xml version="1.0" encoding="iso-8859-1" ?>
<newsitem itemid="789634" id="root" date="1997-08-09" xml:lang="en">
<title>NEW ZEALAND: RUGBY UNION-NEW ZEALAND BEAT SOUTH AFRICA 55-35.</title>
<headline>RUGBY UNION-NEW ZEALAND BEAT SOUTH AFRICA 55-35.</headline>
<dateline>AUCKLAND 1997-08-09</dateline>
<text>
<p>New Zealand beat South Africa 55-35 (halftime 23-21) in a Tri-Nations test at Eden Park on Saturday.</p>
<p>Scorers:</p>
<p>New Zealand - Tries: Alama Ieremia, Carlos Spencer, Christian Cullen (2), Justin Marshall, Taine Randell, Tana Umaga. Conversions: Spencer (4). Penalties: Spencer (4).</p>
<p>South Africa - Tries: Ruben Kruger, Gary Teichmann, Percy Montgomery, Joost van der Westhuizen, Pieter Rossouw. Conversions: Jannie de Beer (3), Henry Honiball (2).</p>
</text>
<copyright>(c) Reuters Limited 1997</copyright>
<metadata>
<codes class="bip:countries:1.0">
  <code code="NZ">
    <editdetail attribution="Reuters BIP Coding Group" action="confirmed" date="1997-08-09"/>
  </code>
  <code code="SAFR">
    <editdetail attribution="Reuters BIP Coding Group" action="confirmed" date="1997-08-09"/>
  </code>
</codes>
<codes class="bip:topics:1.0">
  <code code="GCAT">
    <editdetail attribution="Reuters BIP Coding Group" action="confirmed" date="1997-08-09"/>
  </code>
  <code code="GSPO">
    <editdetail attribution="Reuters BIP Coding Group" action="confirmed" date="1997-08-09"/>
  </code>
</codes>
<dc element="dc.date.created" value="1997-08-09"/>
<dc element="dc.publisher" value="Reuters Holdings Plc"/>
<dc element="dc.date.published" value="1997-08-09"/>
<dc element="dc.source" value="Reuters"/>
<dc element="dc.creator.location" value="AUCKLAND"/>
<dc element="dc.creator.location.country.name" value="NEW ZEALAND"/>
<dc element="dc.source" value="Reuters"/>
</metadata>
</newsitem>
