<?xml version="1.0" encoding="iso-8859-1" ?>
<newsitem itemid="789682" id="root" date="1997-08-09" xml:lang="en">
<title>GREECE: ATHLETICS-SUZUKI WINS WORLD WOMEN'S MARATHON TITLE.</title>
<headline>ATHLETICS-SUZUKI WINS WORLD WOMEN'S MARATHON TITLE.</headline>
<dateline>ATHENS 1997-08-09</dateline>
<text>
<p>Japanese Hiromi Suzuki won the world women's marathon gold medal on Saturday.</p>
<p>Manuela Machado of Portugal took the silver and Romanian Lidia Simon the bronze.</p>
</text>
<copyright>(c) Reuters Limited 1997</copyright>
<metadata>
<codes class="bip:countries:1.0">
  <code code="GREECE">
    <editdetail attribution="Reuters BIP Coding Group" action="confirmed" date="1997-08-09"/>
  </code>
  <code code="JAP">
    <editdetail attribution="Reuters BIP Coding Group" action="confirmed" date="1997-08-09"/>
  </code>
  <code code="PORL">
    <editdetail attribution="Reuters BIP Coding Group" action="confirmed" date="1997-08-09"/>
  </code>
</codes>
<codes class="bip:topics:1.0">
  <code code="GCAT">
    <editdetail attribution="Reuters BIP Coding Group" action="confirmed" date="1997-08-09"/>
  </code>
  <code code="GSPO">
    <editdetail attribution="Reuters BIP Coding Group" action="confirmed" date="1997-08-09"/>
  </code>
</codes>
<dc element="dc.date.created" value="1997-08-09"/>
<dc element="dc.publisher" value="Reuters Holdings Plc"/>
<dc element="dc.date.published" value="1997-08-09"/>
<dc element="dc.source" value="Reuters"/>
<dc element="dc.creator.location" value="ATHENS"/>
<dc element="dc.creator.location.country.name" value="GREECE"/>
<dc element="dc.source" value="Reuters"/>
</metadata>
</newsitem>
