<?xml version="1.0" encoding="iso-8859-1" ?>
<newsitem itemid="789653" id="root" date="1997-08-09" xml:lang="en">
<title>GREECE: ATHLETICS-HATTESTAD WINS WORLD WOMEN'S JAVELIN TITLE.</title>
<headline>ATHLETICS-HATTESTAD WINS WORLD WOMEN'S JAVELIN TITLE.</headline>
<dateline>ATHENS 1997-08-09</dateline>
<text>
<p>Norwegian Trine Hattestad won the world women's javelin gold medal on Saturday.</p>
<p>Joanna Stone of Australia took the silver and German Tanja Damaske the bronze.</p>
</text>
<copyright>(c) Reuters Limited 1997</copyright>
<metadata>
<codes class="bip:countries:1.0">
  <code code="AUSTR">
    <editdetail attribution="Reuters BIP Coding Group" action="confirmed" date="1997-08-09"/>
  </code>
  <code code="GFR">
    <editdetail attribution="Reuters BIP Coding Group" action="confirmed" date="1997-08-09"/>
  </code>
  <code code="GREECE">
    <editdetail attribution="Reuters BIP Coding Group" action="confirmed" date="1997-08-09"/>
  </code>
  <code code="NORW">
    <editdetail attribution="Reuters BIP Coding Group" action="confirmed" date="1997-08-09"/>
  </code>
</codes>
<codes class="bip:topics:1.0">
  <code code="GCAT">
    <editdetail attribution="Reuters BIP Coding Group" action="confirmed" date="1997-08-09"/>
  </code>
  <code code="GSPO">
    <editdetail attribution="Reuters BIP Coding Group" action="confirmed" date="1997-08-09"/>
  </code>
</codes>
<dc element="dc.date.created" value="1997-08-09"/>
<dc element="dc.publisher" value="Reuters Holdings Plc"/>
<dc element="dc.date.published" value="1997-08-09"/>
<dc element="dc.source" value="Reuters"/>
<dc element="dc.creator.location" value="ATHENS"/>
<dc element="dc.creator.location.country.name" value="GREECE"/>
<dc element="dc.source" value="Reuters"/>
</metadata>
</newsitem>
