<?xml version="1.0" encoding="iso-8859-1" ?>
<newsitem itemid="789640" id="root" date="1997-08-09" xml:lang="en">
<title>BELGIUM: SOCCER-SPEHAR HAT-TRICK LAUNCHES CLUB BRUGES' SEASON.</title>
<headline>SOCCER-SPEHAR HAT-TRICK LAUNCHES CLUB BRUGES' SEASON.</headline>
<dateline>BRUSSELS 1997-08-09</dateline>
<text>
<p>A hat-trick by Croatia international Robert Spehar gave title contenders Club Bruges the best possible start to the Belgian season on Saturday.</p>
<p>Spehar's scoring boosted Club Bruges to a 4-0 win at Ghent.</p>
<p>Defending champions Lierse opened with a 3-0 home success against Lokeren despite losing more than half their team on the European transfer market.</p>
<p>Cup winners Ekeren thumped RWD Molenbeek 3-1 while promoted Westerlo trounced Sint-Truiden 4-1.</p>
</text>
<copyright>(c) Reuters Limited 1997</copyright>
<metadata>
<codes class="bip:countries:1.0">
  <code code="BELG">
    <editdetail attribution="Reuters BIP Coding Group" action="confirmed" date="1997-08-09"/>
  </code>
  <code code="CRTIA">
    <editdetail attribution="Reuters BIP Coding Group" action="confirmed" date="1997-08-09"/>
  </code>
</codes>
<codes class="bip:topics:1.0">
  <code code="GCAT">
    <editdetail attribution="Reuters BIP Coding Group" action="confirmed" date="1997-08-09"/>
  </code>
  <code code="GSPO">
    <editdetail attribution="Reuters BIP Coding Group" action="confirmed" date="1997-08-09"/>
  </code>
</codes>
<dc element="dc.date.created" value="1997-08-09"/>
<dc element="dc.publisher" value="Reuters Holdings Plc"/>
<dc element="dc.date.published" value="1997-08-09"/>
<dc element="dc.source" value="Reuters"/>
<dc element="dc.creator.location" value="BRUSSELS"/>
<dc element="dc.creator.location.country.name" value="BELGIUM"/>
<dc element="dc.source" value="Reuters"/>
</metadata>
</newsitem>
