<?xml version="1.0" encoding="iso-8859-1" ?>
<newsitem itemid="789639" id="root" date="1997-08-09" xml:lang="en">
<title>USA: BASEBALL-FRIDAY'S MAJOR LEAGUE RESULTS.</title>
<headline>BASEBALL-FRIDAY'S MAJOR LEAGUE RESULTS.</headline>
<dateline>NEW YORK 1997-08-08</dateline>
<text>
<p>Results of Major League</p>
<p>Baseball games on Friday (home team in CAPS):</p>
<p>	    American League</p>
<p> BOSTON		8  Kansas City	 2</p>
<p> Texas		 6  CLEVELAND	   5</p>
<p> TORONTO	     6  Detroit	     3</p>
<p> MINNESOTA	   9  NY Yankees	  1</p>
<p> Baltimore	   6  ANAHEIM	     2</p>
<p> SEATTLE	     5  Chi White Sox     0</p>
<p>	    National League</p>
<p> CHICAGO CUBS	3  San Diego	   1</p>
<p> Los Angeles	10  CINCINNATI	  5</p>
<p> San Francisco     4  MONTREAL	    0</p>
<p> Florida	     6  ATLANTA	     4</p>
<p> NY METS	     6  Houston	     1</p>
<p> ST LOUIS	    6  Philadelphia	1</p>
<p> COLORADO	    5  Pittsburgh	  3</p>
</text>
<copyright>(c) Reuters Limited 1997</copyright>
<metadata>
<codes class="bip:countries:1.0">
  <code code="CANA">
    <editdetail attribution="Reuters BIP Coding Group" action="confirmed" date="1997-08-09"/>
  </code>
  <code code="USA">
    <editdetail attribution="Reuters BIP Coding Group" action="confirmed" date="1997-08-09"/>
  </code>
</codes>
<codes class="bip:topics:1.0">
  <code code="GCAT">
    <editdetail attribution="Reuters BIP Coding Group" action="confirmed" date="1997-08-09"/>
  </code>
  <code code="GSPO">
    <editdetail attribution="Reuters BIP Coding Group" action="confirmed" date="1997-08-09"/>
  </code>
</codes>
<dc element="dc.date.created" value="1997-08-08"/>
<dc element="dc.publisher" value="Reuters Holdings Plc"/>
<dc element="dc.date.published" value="1997-08-09"/>
<dc element="dc.source" value="Reuters"/>
<dc element="dc.creator.location" value="NEW YORK"/>
<dc element="dc.creator.location.country.name" value="USA"/>
<dc element="dc.source" value="Reuters"/>
</metadata>
</newsitem>
