<?xml version="1.0" encoding="iso-8859-1" ?>
<newsitem itemid="789641" id="root" date="1997-08-09" xml:lang="en">
<title>BELGIUM: SOCCER-BELGIAN FIRST DIVISION RESULTS.</title>
<headline>SOCCER-BELGIAN FIRST DIVISION RESULTS.</headline>
<dateline>BRUSSELS 1997-08-09</dateline>
<text>
<p>Results of Belgian first division</p>
<p>matches played on Saturday:</p>
<p> Westerlo	   4   Sint-Truiden	  1</p>
<p> Beveren	    0   Aalst		   0</p>
<p> Germinal Ekeren  3   RWD Molenbeek	 1</p>
<p> Lierse	     3   Lokeren		 0</p>
<p> Genk		 4   Charleroi	     0</p>
<p> Ghent		0   Club Bruges	   4</p>
<p>Postponed: Antwerp v Anderlecht</p>
<p>Playing on Sunday: Harelbeke v Lommel</p>
<p>Played on Friday:</p>
<p> Standard Liege   1    Excelsior Mouscron 1</p>
</text>
<copyright>(c) Reuters Limited 1997</copyright>
<metadata>
<codes class="bip:countries:1.0">
  <code code="BELG">
    <editdetail attribution="Reuters BIP Coding Group" action="confirmed" date="1997-08-09"/>
  </code>
</codes>
<codes class="bip:topics:1.0">
  <code code="GCAT">
    <editdetail attribution="Reuters BIP Coding Group" action="confirmed" date="1997-08-09"/>
  </code>
  <code code="GSPO">
    <editdetail attribution="Reuters BIP Coding Group" action="confirmed" date="1997-08-09"/>
  </code>
</codes>
<dc element="dc.date.created" value="1997-08-09"/>
<dc element="dc.publisher" value="Reuters Holdings Plc"/>
<dc element="dc.date.published" value="1997-08-09"/>
<dc element="dc.source" value="Reuters"/>
<dc element="dc.creator.location" value="BRUSSELS"/>
<dc element="dc.creator.location.country.name" value="BELGIUM"/>
<dc element="dc.source" value="Reuters"/>
</metadata>
</newsitem>
