<?xml version="1.0" encoding="iso-8859-1" ?>
<newsitem itemid="789652" id="root" date="1997-08-09" xml:lang="en">
<title>GREECE: ATHLETICS-PROFILE OF WORLD WOMEN'S 5,000 METRES CHAMPION SZABO.</title>
<headline>ATHLETICS-PROFILE OF WORLD WOMEN'S 5,000 METRES CHAMPION SZABO.</headline>
<dateline>ATHENS 1997-08-09</dateline>
<text>
<p>Profile of Gabriela Szabo, who won the world women's 5,000 metres title on Saturday.</p>
<p>Born November 14, 1975. Bistrita, Romania.</p>
<p>Youngest ever world indoor champion at 19 over 3,000 metres in 1995.</p>
<p>Was fourth that same year in Gothenburg, where the 5,000 metres was introduced at world outdoor championships.</p>
<p>Took Olympic silver over 1,500 metres last year in Atlanta after failing to qualify for the 5,000 final.</p>
<p>Set a year's best of 14 minutes 42.43 seconds for the 5,000 last month in Oslo.</p>
</text>
<copyright>(c) Reuters Limited 1997</copyright>
<metadata>
<codes class="bip:countries:1.0">
  <code code="GREECE">
    <editdetail attribution="Reuters BIP Coding Group" action="confirmed" date="1997-08-09"/>
  </code>
  <code code="ROM">
    <editdetail attribution="Reuters BIP Coding Group" action="confirmed" date="1997-08-09"/>
  </code>
</codes>
<codes class="bip:topics:1.0">
  <code code="GCAT">
    <editdetail attribution="Reuters BIP Coding Group" action="confirmed" date="1997-08-09"/>
  </code>
  <code code="GSPO">
    <editdetail attribution="Reuters BIP Coding Group" action="confirmed" date="1997-08-09"/>
  </code>
</codes>
<dc element="dc.date.created" value="1997-08-09"/>
<dc element="dc.publisher" value="Reuters Holdings Plc"/>
<dc element="dc.date.published" value="1997-08-09"/>
<dc element="dc.source" value="Reuters"/>
<dc element="dc.creator.location" value="ATHENS"/>
<dc element="dc.creator.location.country.name" value="GREECE"/>
<dc element="dc.source" value="Reuters"/>
</metadata>
</newsitem>
