<?xml version="1.0" encoding="iso-8859-1" ?>
<newsitem itemid="789624" id="root" date="1997-08-09" xml:lang="en">
<title>BULGARIA: SOCCER-BULGARIAN FIRST DIVISION RESULTS/STANDINGS.</title>
<headline>SOCCER-BULGARIAN FIRST DIVISION RESULTS/STANDINGS.</headline>
<dateline>SOFIA 1997-08-09</dateline>
<text>
<p>Results of Bulgarian first division</p>
<p>soccer matches on Friday and Saturday:</p>
<p> Spartak Pleven	  2    Levski Sofia	    5</p>
<p> Lokomotiv Sofia	 4    Levski Kyustendil     2</p>
<p> Olympic Galata	  3    Neftochimik Bourgas   1</p>
<p> Dobrudzha Dobrich     1    Metalurg Pernik	 0</p>
<p> Minyor Pernik	   2    Spartak Varna	   1</p>
<p> Etur Veliko Tarnovo   1    Litex  Lovech	   3</p>
<p> Slavia Sofia	    2    CSKA  Sofia	     3</p>
<p> Botev Plovdiv	   1    Lokomotiv Plovdiv     0</p>
<p>     Standings		  P   W   D   L   G   A Pts</p>
<p>  1. CSKA  Sofia		2   2   0   0   8   3   6</p>
<p>  2. Levski Sofia	     2   2   0   0   8   3   6</p>
<p>  3. Litex  Lovech	    2   2   0   0   5   1   6</p>
<p>  4. Spartak Varna	    2   1   0   1   5   2   3</p>
<p>  5. Slavia Sofia	     2   1   0   1   5   3   3</p>
<p>  6. Neftochimik Bourgas    2   1   0   1   5   4   3</p>
<p>  7. Lokomotiv Plovdiv	2   1   0   1   2   1   3</p>
<p>  8. Metalurg Pernik	  2   1   0   1   2   1   3</p>
<p>  9. Olympic Galata	   2   1   0   1   3   3   3</p>
<p> 10. Lokomotiv Sofia	  2   1   0   1   5   6   3</p>
<p> 11. Minyor Pernik	    2   1   0   1   2   3   3</p>
<p> 12. Dobrudzha Dobrich	2   1   0   1   1   2   3</p>
<p> 13. Botev Plovdiv	    2   1   0   1   1   4   3</p>
<p> 14. Levski Kyustendil	2   0   0   2   3   7   0</p>
<p> 15. Spartak Pleven	   2   0   0   2   2   8   0</p>
<p> 16. Etur Veliko Tarnovo    2   0   0   2   2   8   0</p>
</text>
<copyright>(c) Reuters Limited 1997</copyright>
<metadata>
<codes class="bip:countries:1.0">
  <code code="BUL">
    <editdetail attribution="Reuters BIP Coding Group" action="confirmed" date="1997-08-09"/>
  </code>
</codes>
<codes class="bip:topics:1.0">
  <code code="GCAT">
    <editdetail attribution="Reuters BIP Coding Group" action="confirmed" date="1997-08-09"/>
  </code>
  <code code="GSPO">
    <editdetail attribution="Reuters BIP Coding Group" action="confirmed" date="1997-08-09"/>
  </code>
</codes>
<dc element="dc.date.created" value="1997-08-09"/>
<dc element="dc.publisher" value="Reuters Holdings Plc"/>
<dc element="dc.date.published" value="1997-08-09"/>
<dc element="dc.source" value="Reuters"/>
<dc element="dc.creator.location" value="SOFIA"/>
<dc element="dc.creator.location.country.name" value="BULGARIA"/>
<dc element="dc.source" value="Reuters"/>
</metadata>
</newsitem>
