<?xml version="1.0" encoding="iso-8859-1" ?>
<newsitem itemid="789612" id="root" date="1997-08-09" xml:lang="en">
<title>UK: SOCCER-ENGLISH LEAGUE RESULTS.</title>
<headline>SOCCER-ENGLISH LEAGUE RESULTS.</headline>
<dateline>LONDON 1997-08-09</dateline>
<text>
<p>Results of English soccer matches</p>
<p>on Saturday:</p>
<p>Premier league</p>
<p> Barnsley	     1  West Ham		  2</p>
<p> Blackburn	    1  Derby		     0</p>
<p> Coventry	     3  Chelsea		   2</p>
<p> Everton		1  Crystal Palace	  2</p>
<p> Leeds		  1  Arsenal		   1</p>
<p> Leicester	    1  Aston Villa	     0</p>
<p> Newcastle	    2  Sheffield Wednesday   1</p>
<p> Southampton	  0  Bolton		    1</p>
<p> Wimbledon	    1  Liverpool		 1</p>
<p>Playing Sunday: Tottenham v Manchester United</p>
</text>
<copyright>(c) Reuters Limited 1997</copyright>
<metadata>
<codes class="bip:countries:1.0">
  <code code="UK">
    <editdetail attribution="Reuters BIP Coding Group" action="confirmed" date="1997-08-09"/>
  </code>
</codes>
<codes class="bip:topics:1.0">
  <code code="GCAT">
    <editdetail attribution="Reuters BIP Coding Group" action="confirmed" date="1997-08-09"/>
  </code>
  <code code="GSPO">
    <editdetail attribution="Reuters BIP Coding Group" action="confirmed" date="1997-08-09"/>
  </code>
</codes>
<dc element="dc.date.created" value="1997-08-09"/>
<dc element="dc.publisher" value="Reuters Holdings Plc"/>
<dc element="dc.date.published" value="1997-08-09"/>
<dc element="dc.source" value="Reuters"/>
<dc element="dc.creator.location" value="LONDON"/>
<dc element="dc.creator.location.country.name" value="UK"/>
<dc element="dc.source" value="Reuters"/>
</metadata>
</newsitem>
