<?xml version="1.0" encoding="iso-8859-1" ?>
<newsitem itemid="789626" id="root" date="1997-08-09" xml:lang="en">
<title>RUSSIA: SOCCER-RUSSIAN PREMIER LEAGUE RESULTS/STANDINGS.</title>
<headline>SOCCER-RUSSIAN PREMIER LEAGUE RESULTS/STANDINGS.</headline>
<dateline>MOSCOW 1997-08-09</dateline>
<text>
<p>Results of Russian premier league</p>
<p>matches played on Saturday:</p>
<p> Rostselmash Rostov	  1   Dynamo Moscow		  3</p>
<p> Lokomotiv Moscow	    2   Fakel Voronezh		 0</p>
<p> Tyumen			  2   Lokomotiv Nizhny Novgorod  1</p>
<p> Krylya Sovietov Samara    1   Rotor Volgograd		2</p>
<p> Zenit St Petersburg	 2   Zhemchuzhina Sochi	   0</p>
<p> CSKA Moscow		   0   Shinnik Yaroslavl	    0</p>
<p> KamAZ Naberezhniye Chelny 1   Torpedo LM Moscow	    3</p>
<p>Played on Friday:</p>
<p> Baltika Kaliningrad	 1   Alania Vladikavkaz	   2</p>
<p>    Standings			   P  W   D  L  F  A    Pts</p>
<p>  1. Rotor Volgograd		  22 13  4  5  41 21   43</p>
<p>  2. Dynamo Moscow		    22 12  7  3  27 12   43</p>
<p>  3. Spartak Moscow		   21 12  5  4  32 14   41</p>
<p>  4. Torpedo LM Moscow		22 11  4  7  35 25   37</p>
<p>  5. Lokomotiv Moscow		 22  9  9  4  28 19   36</p>
<p>  6. Alania Vladikavkaz	     22 10  3  9  36 25   33</p>
<p>  7. Chernomorets Novorossiisk    21  8  8  5  23 20   32</p>
<p>  8. Rostselmash Rostov	     22  7 10  5  23 18   31</p>
<p>  9. Baltika Kaliningrad	    22  6 12  4  23 17   30</p>
<p> 10. Zhemchuzhina Sochi	     22  8  5  9  21 26   29</p>
<p> 11. Zenit St Petersburg	    22  7  8  7  13 17   29</p>
<p> 12. Krylya Sovietov Samara	 22  7  6  9  17 20   27</p>
<p> 13. Shinnik Yaroslavl		22  6  9  7  17 25   27</p>
<p> 14. CSKA Moscow			22  6  6 10  18 29   24</p>
<p> 15. Tyumen			     22  6  5 11  18 27   23</p>
<p> 16. KamAZ Naberezhniye Chelny    22  6  1 15  25 47   19</p>
<p> 17. Lokomotiv Nizhny Novgorod    22  5  3 14  16 35   18</p>
<p> 18. Fakel Voronezh		   22  4  3 15  12 27   15</p>
</text>
<copyright>(c) Reuters Limited 1997</copyright>
<metadata>
<codes class="bip:countries:1.0">
  <code code="RUSS">
    <editdetail attribution="Reuters BIP Coding Group" action="confirmed" date="1997-08-09"/>
  </code>
</codes>
<codes class="bip:industries:1.0">
  <code code="I35102">
    <editdetail attribution="Reuters BIP Coding Group" action="confirmed" date="1997-08-09"/>
  </code>
</codes>
<codes class="bip:topics:1.0">
  <code code="GCAT">
    <editdetail attribution="Reuters BIP Coding Group" action="confirmed" date="1997-08-09"/>
  </code>
  <code code="GSPO">
    <editdetail attribution="Reuters BIP Coding Group" action="confirmed" date="1997-08-09"/>
  </code>
</codes>
<dc element="dc.date.created" value="1997-08-09"/>
<dc element="dc.publisher" value="Reuters Holdings Plc"/>
<dc element="dc.date.published" value="1997-08-09"/>
<dc element="dc.source" value="Reuters"/>
<dc element="dc.creator.location" value="MOSCOW"/>
<dc element="dc.creator.location.country.name" value="RUSSIA"/>
<dc element="dc.source" value="Reuters"/>
</metadata>
</newsitem>
