<?xml version="1.0" encoding="iso-8859-1" ?>
<newsitem itemid="789774" id="root" date="1997-08-09" xml:lang="en">
<title>INDIA: INDIAN CHEMICALS PRICES - DELHI - AUG 9.</title>
<headline>INDIAN CHEMICALS PRICES - DELHI - AUG 9.</headline>
<text>
<p>Rates supplied by Asian News International, New Delhi.</p>
<p>     Time: 091330	   -- Tel: 011 331 2724</p>
<p>					     indicative	    previous</p>
<p>						  open		 close</p>
<p>Chemicals		  (in rupees per 50 kg. unless stated)</p>
<p>----------------------------------------------------------------</p>
<p>Ammonium Bicarb (25 kg)		   260-265		260-265</p>
<p>Soda Ash (75 bag)			   860-900		860-900</p>
<p>Amonium Chloride			    250		    250</p>
<p>Stable Bleaching Powder (25 kg)	 340-360		340-360</p>
<p>Soda Hydro Sulphate(one kg)		76		     76</p>
<p>Boric Acid technical		     1850		    1850</p>
<p>Borax Granular			     1390		    1390</p>
<p>Sodium Nitrite			     1275-1400	     1275-1400</p>
<p>Camphor (one kg)			    245-275		 240-270</p>
<p>Oxalic Acid PCPL(red)		    1550		    1550</p>
<p>S.H.M.P. (one kg)			    53			53</p>
<p>T.S.P.					 1100		    1100</p>
<p>Glycerine (one kg)			   87			88</p>
<p>Titanium Dioxide  (one kg)		103		     102</p>
<p>Caustic  Soda (50 kg)		     750		     750</p>
<p>Acetic Acid   (one kg)		     33			33</p>
<p>Source: Delhi chemicals market traders</p>
<p>To contribute to this daily table of indicative market rates</p>
<p>please fax Delhi on 011-332 0841, attention: Subhash  Chopra &amp;</p>
<p>Satish Sharma.</p>
</text>
<copyright>(c) Reuters Limited 1997</copyright>
<metadata>
<codes class="bip:countries:1.0">
  <code code="INDIA">
    <editdetail attribution="Reuters BIP Coding Group" action="confirmed" date="1997-08-09"/>
  </code>
</codes>
<codes class="bip:topics:1.0">
  <code code="M14">
    <editdetail attribution="Reuters BIP Coding Group" action="confirmed" date="1997-08-09"/>
  </code>
  <code code="M141">
    <editdetail attribution="Reuters BIP Coding Group" action="confirmed" date="1997-08-09"/>
  </code>
  <code code="MCAT">
    <editdetail attribution="Reuters BIP Coding Group" action="confirmed" date="1997-08-09"/>
  </code>
</codes>
<dc element="dc.publisher" value="Reuters Holdings Plc"/>
<dc element="dc.date.published" value="1997-08-09"/>
<dc element="dc.source" value="Reuters"/>
<dc element="dc.creator.location.country.name" value="INDIA"/>
<dc element="dc.source" value="Reuters"/>
</metadata>
</newsitem>
