<?xml version="1.0" encoding="iso-8859-1" ?>
<newsitem itemid="789781" id="root" date="1997-08-09" xml:lang="en">
<title>PAKISTAN: PRESS DIGEST - PAKISTAN - AUGUST 9.</title>
<headline>PRESS DIGEST - PAKISTAN - AUGUST 9.</headline>
<text>
<p>These are the leading stories in the Pakistani press on Saturday. Reuters has not verified these stories and does not vouch for their accuracy.</p>
<p>THE MUSLIM</p>
<p>- President Farooq Leghari said that no sect but a foreign hand was involved in sectarian violence in Punjab. He urged the govenment to crush the terrorist elements.</p>
<p>THE NEWS</p>
<p>- Police baton-charged opposition Pakistan People's Party workers at district courts.</p>
<p>THE NATION</p>
<p>- A group of 25 people gangraped 15 ladies and molested boys of a rival tribe in Soon Topa village near Rawalakot in Azad Kashmir.</p>
<p>DAWN</p>
<p>- The government has allowed another private airline to operate flights on domestic routes.</p>
<p>- Prime Minister Nawaz Sharif appointed a 12-member National Council for Engineering and Industrial Coordination to strengthen industrial structure and reduce the import of engineering goods.</p>
<p>- The judiciary cannot remain a silent spectator to the situation prevailing in the country, which is engaged in a struggle for survival, Chief Justice Sajjad Ali Shah told a seminar on the 50th year of journalism in Pakistan.</p>
<p>- A Pakistan Law Commission report on jail reforms has recommended that the government abolish whipping and putting bar fetters on prisoners.</p>
<p>- A Foreign Office spokesman has expressed satisfaction with the expression of regret and apology communicated by the Fairfax County Attorney Robert Horan in a letter to the Prime Minister.</p>
<p>- Shaheen Roohi Bukhari, deputy editor of an Urdu daily, was taken into custody by Quetta police in a subversion case.</p>
<p>BUSINESS RECORDER</p>
<p>- The prices of palm oil have shot up 100 rupees ($2.46) per maund (37.32 kg) to 1,255 in the last two days.</p>
<p>- The government may empower the Privatisation Commission to handle all matters relating to privatisation in future.</p>
<p>- Karachi is one of the 10 cities of the world where people are believed to be most exposed to high lead levels causing them physical and mental sufferings of different kinds</p>
<p>- ABN-AMRO Bank will expand its operations in Pakistan and the new strategy under the plan-2000 will be completed within a few months.</p>
<p>FINANCIAL POST</p>
<p>- The Ministry of Petroleum and Natural Resources has asked the government to restore the fiscal concessions under the National Mineral Policy 1995.</p>
<p>($1=40.62 rupees)</p>
<p>-- Islamabad newsroom 9251-274757</p>
</text>
<copyright>(c) Reuters Limited 1997</copyright>
<metadata>
<codes class="bip:countries:1.0">
  <code code="PAKIS">
    <editdetail attribution="Reuters BIP Coding Group" action="confirmed" date="1997-08-09"/>
  </code>
</codes>
<codes class="bip:topics:1.0">
  <code code="GCAT">
    <editdetail attribution="Reuters BIP Coding Group" action="confirmed" date="1997-08-09"/>
  </code>
</codes>
<dc element="dc.publisher" value="Reuters Holdings Plc"/>
<dc element="dc.date.published" value="1997-08-09"/>
<dc element="dc.source" value="Reuters"/>
<dc element="dc.creator.location.country.name" value="PAKISTAN"/>
<dc element="dc.source" value="Reuters"/>
</metadata>
</newsitem>
