<?xml version="1.0" encoding="iso-8859-1" ?>
<newsitem itemid="789730" id="root" date="1997-08-09" xml:lang="en">
<title>INDONESIA: JAKARTA'S SHANGRI-LA HOTEL EVACUATED AFTER FIRE.</title>
<headline>JAKARTA'S SHANGRI-LA HOTEL EVACUATED AFTER FIRE.</headline>
<dateline>JAKARTA 1997-08-08</dateline>
<text>
<p>Hundreds of guests staying at the Shangri-La Hotel in the Indonesian capital Jakarta were evacuated early on Saturday morning after a fire in a storage area on the 17th floor, a hotel spokeswoman said.</p>
<p>&quot;There was very slight damage to the hotel and were no casualities,&quot; Jakarta Shangri-La communications manager Romy Herlembeng told Retuers.</p>
<p>Herlembeng said the fire in a house keeping storeroom triggered alarms and sprinklers at around 7:15 a.m. and guests were evacuated after the smoke from the fire entered the hotel's centralised air conditioning system.</p>
<p>The fire was extinguished by hotel staff and units from the Jakarta fire brigade also attended the scene, she added.</p>
<p>She said the guests spent almost three hours in a restaurant area in the hotel's gardens before being allowed to return to their rooms once the smoke had cleared.</p>
<p>-- Jakarta newsroom (6221) 384-6364; Fax (6221) 344-8404</p>
<p>-- Email: jakarta.newsroom@reuters.com</p>
</text>
<copyright>(c) Reuters Limited 1997</copyright>
<metadata>
<codes class="bip:countries:1.0">
  <code code="INDON">
    <editdetail attribution="Reuters BIP Coding Group" action="confirmed" date="1997-08-09"/>
  </code>
</codes>
<codes class="bip:industries:1.0">
  <code code="I66500">
    <editdetail attribution="Reuters BIP Coding Group" action="confirmed" date="1997-08-09"/>
  </code>
</codes>
<codes class="bip:topics:1.0">
  <code code="C24">
    <editdetail attribution="Reuters BIP Coding Group" action="confirmed" date="1997-08-09"/>
  </code>
  <code code="CCAT">
    <editdetail attribution="Reuters BIP Coding Group" action="confirmed" date="1997-08-09"/>
  </code>
  <code code="GCAT">
    <editdetail attribution="Reuters BIP Coding Group" action="confirmed" date="1997-08-09"/>
  </code>
  <code code="GDIS">
    <editdetail attribution="Reuters BIP Coding Group" action="confirmed" date="1997-08-09"/>
  </code>
</codes>
<dc element="dc.date.created" value="1997-08-08"/>
<dc element="dc.publisher" value="Reuters Holdings Plc"/>
<dc element="dc.date.published" value="1997-08-09"/>
<dc element="dc.source" value="Reuters"/>
<dc element="dc.creator.location" value="JAKARTA"/>
<dc element="dc.creator.location.country.name" value="INDONESIA"/>
<dc element="dc.source" value="Reuters"/>
</metadata>
</newsitem>
