<?xml version="1.0" encoding="iso-8859-1" ?>
<newsitem itemid="789753" id="root" date="1997-08-09" xml:lang="en">
<title>TUNISIA: PRESS DIGEST - Tunisia - Aug 9.</title>
<headline>PRESS DIGEST - Tunisia - Aug 9.</headline>
<dateline>TUNIS 1997-08-09</dateline>
<text>
<p>These are the leading stories in the Tunisian press on Saturday. Reuters has not verified these stories and does not vouch for their accuracy.</p>
<p>LA PRESSE</p>
<p>- President Ben Ali chaired a cabinet meeting that discussed the situation in the tourism sector. Results this season are seen satisfactory.</p>
<p>- John Koo, Chairman of South-Korean firm LGF Electronics praised President Ben Ali efforts on Tunisia's economic development.</p>
<p>LE TEMPS</p>
<p>- Tunisian ambassadors abroad and businessmen met to discuss how to promote Tunisia's exports and attract more investors. The meeting was chaired by Foreign Affairs Minister Abderrahim Zouari and the chairman of Tunisian bosses Hedi Jilani.</p>
<p>- Airline Tunis Air passenger traffic rose by 22.04 percent in July this year compared to the same month last year.</p>
</text>
<copyright>(c) Reuters Limited 1997</copyright>
<metadata>
<codes class="bip:countries:1.0">
  <code code="TUNIS">
    <editdetail attribution="Reuters BIP Coding Group" action="confirmed" date="1997-08-09"/>
  </code>
</codes>
<codes class="bip:topics:1.0">
  <code code="GCAT">
    <editdetail attribution="Reuters BIP Coding Group" action="confirmed" date="1997-08-09"/>
  </code>
</codes>
<dc element="dc.date.created" value="1997-08-09"/>
<dc element="dc.publisher" value="Reuters Holdings Plc"/>
<dc element="dc.date.published" value="1997-08-09"/>
<dc element="dc.source" value="Reuters"/>
<dc element="dc.creator.location" value="TUNIS"/>
<dc element="dc.creator.location.country.name" value="TUNISIA"/>
<dc element="dc.source" value="Reuters"/>
</metadata>
</newsitem>
