<?xml version="1.0" encoding="iso-8859-1" ?>
<newsitem itemid="758253" id="root" date="1997-07-26" xml:lang="en">
<title>AUSTRIA: TENNIS-ALONSO REACHES FIRST ATP TOUR FINAL.</title>
<headline>TENNIS-ALONSO REACHES FIRST ATP TOUR FINAL.</headline>
<byline>Adriana Pontieri</byline>
<dateline>KITZBUEHEL, Austria 1997-07-26</dateline>
<text>
<p>Spain's Julian Alonso reached his first ATP Tour final at only his third attempt when he beat Czech Slava Dosedel at the Generali Open on Saturday.</p>
<p>Alonso, 19, who this week received his lowest-ever world ranking of 92, dominated much of the clay court match which lasted little more than an hour and ended 6-3 6-4.</p>
<p>Earlier this year, Alonso made the third round at Key Biscayne by defeating Steve Bryan and Tim Henman, and the second round in Barcelona.</p>
<p>He also won two challenger tournaments in 1997 in Venice and Contrexville. His entry into the top 100 has given Spain a record 15 players in the category.</p>
<p>&quot;I didn't think I could make it this far, but I improved from match to match and now I think I could even win this tournament,&quot; said Alonso.</p>
<p>&quot;I don't care who my next opponent is. When I am on the court I am at war with myself and not my opponent.&quot;</p>
<p>His rioval on Sunday will be the winner of the semifinal between compatriot Galo Blanco and 10th-seeded Belgian Filip Dewulf.</p>
<p>Alonso, sponsored and managed by former leading Spanish player Emilio Sanchez, took a quick 5-1 lead in the first set before his form wavered slightly and he dropped serve at 5-2.</p>
<p>But he quickly recuperated, re-broke and took the set on serve before beginning the second set with a break.</p>
<p>Although 15th-seeded Dosedel stepped up a gear and broke for 2-2, he was unable to match Alonso's pace. Dosedel lost his serve at 4-3 and three games later was out.</p>
</text>
<copyright>(c) Reuters Limited 1997</copyright>
<metadata>
<codes class="bip:countries:1.0">
  <code code="AUST">
    <editdetail attribution="Reuters BIP Coding Group" action="confirmed" date="1997-07-26"/>
  </code>
  <code code="CZREP">
    <editdetail attribution="Reuters BIP Coding Group" action="confirmed" date="1997-07-26"/>
  </code>
  <code code="SPAIN">
    <editdetail attribution="Reuters BIP Coding Group" action="confirmed" date="1997-07-26"/>
  </code>
</codes>
<codes class="bip:topics:1.0">
  <code code="GCAT">
    <editdetail attribution="Reuters BIP Coding Group" action="confirmed" date="1997-07-26"/>
  </code>
  <code code="GSPO">
    <editdetail attribution="Reuters BIP Coding Group" action="confirmed" date="1997-07-26"/>
  </code>
</codes>
<dc element="dc.date.created" value="1997-07-26"/>
<dc element="dc.publisher" value="Reuters Holdings Plc"/>
<dc element="dc.date.published" value="1997-07-26"/>
<dc element="dc.source" value="Reuters"/>
<dc element="dc.creator.location" value="KITZBUEHEL, Austria"/>
<dc element="dc.creator.location.country.name" value="AUSTRIA"/>
<dc element="dc.source" value="Reuters"/>
</metadata>
</newsitem>
