<?xml version="1.0" encoding="iso-8859-1" ?>
<newsitem itemid="758262" id="root" date="1997-07-26" xml:lang="en">
<title>ANTIGUA: CRICKET-WALSH NAMED WEST INDIES CAPTAIN FOR PAKISTAN TOUR.</title>
<headline>CRICKET-WALSH NAMED WEST INDIES CAPTAIN FOR PAKISTAN TOUR.</headline>
<dateline>ST. JOHN'S, Antigua 1997-07-26</dateline>
<text>
<p>Fast bowler Courtney Walsh has been appointed captain of the West Indies cricket team to tour Pakistan later this year.</p>
<p>Walsh, 34, retains his position ahead of  brilliant but temperamental 27-year-old batsman Brian Lara, who is widely regarded as captain-in-waiting.</p>
<p>Walsh has led the West Indies team in their last four test series but this will be his first tour to Pakistan as captain.</p>
<p>West Indies will play a four-way limited overs tournament and three tests in November and December in Pakistan before going to Sharjah for the charity benefit fund series.</p>
<p>The Jamaican fast bowler, who replaced the retired Richie Richardson after the World Cup last year, has led the side to winning series against New Zealand, India and Sri Lanka, while losing 2-3 to Australia.</p>
</text>
<copyright>(c) Reuters Limited 1997</copyright>
<metadata>
<codes class="bip:countries:1.0">
  <code code="ANTA">
    <editdetail attribution="Reuters BIP Coding Group" action="confirmed" date="1997-07-26"/>
  </code>
  <code code="PAKIS">
    <editdetail attribution="Reuters BIP Coding Group" action="confirmed" date="1997-07-26"/>
  </code>
  <code code="WEIND">
    <editdetail attribution="Reuters BIP Coding Group" action="confirmed" date="1997-07-26"/>
  </code>
</codes>
<codes class="bip:topics:1.0">
  <code code="GCAT">
    <editdetail attribution="Reuters BIP Coding Group" action="confirmed" date="1997-07-26"/>
  </code>
  <code code="GSPO">
    <editdetail attribution="Reuters BIP Coding Group" action="confirmed" date="1997-07-26"/>
  </code>
</codes>
<dc element="dc.date.created" value="1997-07-26"/>
<dc element="dc.publisher" value="Reuters Holdings Plc"/>
<dc element="dc.date.published" value="1997-07-26"/>
<dc element="dc.source" value="Reuters"/>
<dc element="dc.creator.location" value="ST. JOHN'S, Antigua"/>
<dc element="dc.creator.location.country.name" value="ANTIGUA"/>
<dc element="dc.source" value="Reuters"/>
</metadata>
</newsitem>
