<?xml version="1.0" encoding="iso-8859-1" ?>
<newsitem itemid="758298" id="root" date="1997-07-26" xml:lang="en">
<title>GREECE: ATHLETICS-GEBRSELASSIE TO COMPETE IN ATHENS.</title>
<headline>ATHLETICS-GEBRSELASSIE TO COMPETE IN ATHENS.</headline>
<dateline>ATHENS 1997-07-26</dateline>
<text>
<p>Ethiopian Olympic 10,000 metres champion Haile Gebrselassie will compete in the world championships, International Amateur Athletic Federation president Primo Nebiolo said on Saturday.</p>
<p>Last week Gebrselassie said he would not run in Athens because the track was too hard for distance runners.</p>
<p>But Nebiolo said on his arrival in Athens: &quot;We were informed today that Gebreselassie will run in the 10,000 metres.&quot;</p>
</text>
<copyright>(c) Reuters Limited 1997</copyright>
<metadata>
<codes class="bip:countries:1.0">
  <code code="ETHPA">
    <editdetail attribution="Reuters BIP Coding Group" action="confirmed" date="1997-07-26"/>
  </code>
  <code code="GREECE">
    <editdetail attribution="Reuters BIP Coding Group" action="confirmed" date="1997-07-26"/>
  </code>
</codes>
<codes class="bip:topics:1.0">
  <code code="GCAT">
    <editdetail attribution="Reuters BIP Coding Group" action="confirmed" date="1997-07-26"/>
  </code>
  <code code="GSPO">
    <editdetail attribution="Reuters BIP Coding Group" action="confirmed" date="1997-07-26"/>
  </code>
</codes>
<dc element="dc.date.created" value="1997-07-26"/>
<dc element="dc.publisher" value="Reuters Holdings Plc"/>
<dc element="dc.date.published" value="1997-07-26"/>
<dc element="dc.source" value="Reuters"/>
<dc element="dc.creator.location" value="ATHENS"/>
<dc element="dc.creator.location.country.name" value="GREECE"/>
<dc element="dc.source" value="Reuters"/>
</metadata>
</newsitem>
