<?xml version="1.0" encoding="iso-8859-1" ?>
<newsitem itemid="758273" id="root" date="1997-07-26" xml:lang="en">
<title>SOUTH AFRICA: SOCCER-MOZAMBIQUE BEAT MALAWI TO REACH FINALS.</title>
<headline>SOCCER-MOZAMBIQUE BEAT MALAWI TO REACH FINALS.</headline>
<dateline>JOHANNESBURG 1997-07-26</dateline>
<text>
<p>Two goals in the last five minutes gave Mozambique a dramatic 2-1 win over Malawi on Saturday and a place in next year's African Nations' Cup finals.</p>
<p>Malawi needed a draw to qualify for only the second time in their history and looked on course when defender Manson Shabba Phiri stunned the hosts with a goal in the 62nd minute.</p>
<p>But Pinto Barros equalised five minutes from time and, roared on by a 35,000 crowd at the Machava Stadium, Mozambique pushed forward and striker Tico Tico hit the winner two minutes later.</p>
<p>The victory sent Mozambique to the 1998 tournament, the third time they have reached the finals after 1986 and 1996.</p>
<p>Zambia clinched the top spot in the group and their place in the finals with a 1-0 win over Mauritius in Lusaka.</p>
<p>Vincent Mutale scored just before halftime to give the injury-weakened Zambian side victory and ensure that Mauritius finished the six-match qualifying campaign in last place.</p>
<p>Hosts Burkina Faso, holders South Africa, Cameroon, Ghana, Guinea, Morocco, Togo and Tunisia have already qualified for the tournament which will be held next February.</p>
<p>The remaining six qualifying places will be decided on Sunday when nine other qualifiers are played around the continent.</p>
</text>
<copyright>(c) Reuters Limited 1997</copyright>
<metadata>
<codes class="bip:countries:1.0">
  <code code="MALAW">
    <editdetail attribution="Reuters BIP Coding Group" action="confirmed" date="1997-07-26"/>
  </code>
  <code code="MOZAM">
    <editdetail attribution="Reuters BIP Coding Group" action="confirmed" date="1997-07-26"/>
  </code>
  <code code="SAFR">
    <editdetail attribution="Reuters BIP Coding Group" action="confirmed" date="1997-07-26"/>
  </code>
</codes>
<codes class="bip:topics:1.0">
  <code code="GCAT">
    <editdetail attribution="Reuters BIP Coding Group" action="confirmed" date="1997-07-26"/>
  </code>
  <code code="GSPO">
    <editdetail attribution="Reuters BIP Coding Group" action="confirmed" date="1997-07-26"/>
  </code>
</codes>
<dc element="dc.date.created" value="1997-07-26"/>
<dc element="dc.publisher" value="Reuters Holdings Plc"/>
<dc element="dc.date.published" value="1997-07-26"/>
<dc element="dc.source" value="Reuters"/>
<dc element="dc.creator.location" value="JOHANNESBURG"/>
<dc element="dc.creator.location.country.name" value="SOUTH AFRICA"/>
<dc element="dc.source" value="Reuters"/>
</metadata>
</newsitem>
