<?xml version="1.0" encoding="iso-8859-1" ?>
<newsitem itemid="758249" id="root" date="1997-07-26" xml:lang="en">
<title>UK: CRICKET-AUSTRALIA 373-5 V ENGLAND (172), 4TH TEST - CLOSE.</title>
<headline>CRICKET-AUSTRALIA 373-5 V ENGLAND (172), 4TH TEST - CLOSE.</headline>
<text>
<p>=== resumption after lunch delayed because of rain ===</p>
<p> M.Taylor c Stewart b Gough	0</p>
<p> M.Elliott not out		 164</p>
<p> G.Blewett c Stewart b Gough     1</p>
<p> M.Waugh c and b Headley	   8</p>
<p> S.Waugh c Crawley b Headley     4</p>
<p> R.Ponting c Ealham b Gough    127</p>
<p> I.Healy not out		    27</p>
<p> Extras				 42</p>
<p>Fall of wickets - 0-1 2-16 3-43 4-50 5-318</p>
<p>To bat - S.Warne, P.Reiffel, J.Gillespie, G.McGrath</p>
<p>England 1st inns 172 all out (J.Gillespie 7-37)</p>
<p>Six-test series level at 1-1 with one drawn</p>
</text>
<copyright>(c) Reuters Limited 1997</copyright>
<metadata>
<codes class="bip:countries:1.0">
  <code code="AUSTR">
    <editdetail attribution="Reuters BIP Coding Group" action="confirmed" date="1997-07-26"/>
  </code>
  <code code="UK">
    <editdetail attribution="Reuters BIP Coding Group" action="confirmed" date="1997-07-26"/>
  </code>
</codes>
<codes class="bip:topics:1.0">
  <code code="GCAT">
    <editdetail attribution="Reuters BIP Coding Group" action="confirmed" date="1997-07-26"/>
  </code>
  <code code="GSPO">
    <editdetail attribution="Reuters BIP Coding Group" action="confirmed" date="1997-07-26"/>
  </code>
</codes>
<dc element="dc.publisher" value="Reuters Holdings Plc"/>
<dc element="dc.date.published" value="1997-07-26"/>
<dc element="dc.source" value="Reuters"/>
<dc element="dc.creator.location.country.name" value="UK"/>
<dc element="dc.source" value="Reuters"/>
</metadata>
</newsitem>
