<?xml version="1.0" encoding="iso-8859-1" ?>
<newsitem itemid="758308" id="root" date="1997-07-26" xml:lang="en">
<title>LATVIA: LATVIA-NOON RADIO HEADLINES-JULY 25.</title>
<headline>LATVIA-NOON RADIO HEADLINES-JULY 25.</headline>
<dateline>RIGA 1997-07-25</dateline>
<text>
<p>These were the headlines on Latvian state radio at noon. Reuters has not verified these reports and does not vouch for their accuracy:</p>
<p>- The ruling parties are to meet Prime Minister Andris Shkele today and inform him that they want to form a new government. It is still unclear whether Shkele will resign.</p>
<p>- Shkele will hold a press conference after the meeting.</p>
<p>- President Guntis Ulmanis is to rush back from a trip to Liepaja and will also hold a press conference to give his views of the political troubles. Ulmanis has already given his full backing to Shkele.</p>
<p>-- Riga newsroom, +371 721 5240</p>
</text>
<copyright>(c) Reuters Limited 1997</copyright>
<metadata>
<codes class="bip:countries:1.0">
  <code code="LATV">
    <editdetail attribution="Reuters BIP Coding Group" action="confirmed" date="1997-07-26"/>
  </code>
</codes>
<codes class="bip:topics:1.0">
  <code code="GCAT">
    <editdetail attribution="Reuters BIP Coding Group" action="confirmed" date="1997-07-26"/>
  </code>
</codes>
<dc element="dc.date.created" value="1997-07-25"/>
<dc element="dc.publisher" value="Reuters Holdings Plc"/>
<dc element="dc.date.published" value="1997-07-26"/>
<dc element="dc.source" value="Reuters"/>
<dc element="dc.creator.location" value="RIGA"/>
<dc element="dc.creator.location.country.name" value="LATVIA"/>
<dc element="dc.source" value="Reuters"/>
</metadata>
</newsitem>
