<?xml version="1.0" encoding="iso-8859-1" ?>
<newsitem itemid="758369" id="root" date="1997-07-26" xml:lang="en">
<title>PHILIPPINES: Philippines' Ramos again says he wants to retire.</title>
<headline>Philippines' Ramos again says he wants to retire.</headline>
<dateline>MANILA 1997-07-26</dateline>
<text>
<p>Philippine President Fidel Ramos, long tipped as a closet candidate for the 1998 presidential election despite a constitutional ban on a second term, has again denied he wants to stay in the top job.</p>
<p>&quot;I do not seek another term and will not seek it...I graduate in June 1998, period,&quot; Ramos told a dinner on Friday night.</p>
<p>A private petition, which claims to have more than five million signatures, is aimed at trying to overturn the ban on a president serving more than one six-year term so Ramos can seek re-election next June.</p>
<p>Analysts have repeatedly suggested the former general has been quietly engineering a second term and warned it could polarise a society only just returning to normal after the dictatorship of Ferdinand Marcos.</p>
<p>While Ramos said he sympathised with attempts to change the constitution, an end to the ban on a second term would anyway come too late for him to stand in the next election.</p>
<p>At a news conference in Manila last week, Ramos said that after June 1998 he wanted to enjoy his retirement.</p>
<p>The constitution was rewritten 10 years ago after Marcos fled the country, and included the presidential term limit with Marcos specifically in mind.</p>
<p>Ramos is widely seen as having presided over one of the most successful periods of Philippine history, with sustained economic growth and political stability.</p>
<p>At least a dozen candidates are already jockeying for front position to replace him and Ramos has invited all to go on brief &quot;presidential courses&quot; to get a feel for the job.</p>
<p>At the moment the most popular candidate is vice-president, and opposition party member, Joseph Estrada.</p>
<p>However, while the former action movie hero is hugely popular among the masses, he is widely distrusted by the business community who question his economic knowledge.</p>
</text>
<copyright>(c) Reuters Limited 1997</copyright>
<metadata>
<codes class="bip:countries:1.0">
  <code code="PHLNS">
    <editdetail attribution="Reuters BIP Coding Group" action="confirmed" date="1997-07-26"/>
  </code>
</codes>
<codes class="bip:topics:1.0">
  <code code="GCAT">
    <editdetail attribution="Reuters BIP Coding Group" action="confirmed" date="1997-07-26"/>
  </code>
  <code code="GPOL">
    <editdetail attribution="Reuters BIP Coding Group" action="confirmed" date="1997-07-26"/>
  </code>
  <code code="GVOTE">
    <editdetail attribution="Reuters BIP Coding Group" action="confirmed" date="1997-07-26"/>
  </code>
</codes>
<dc element="dc.date.created" value="1997-07-26"/>
<dc element="dc.publisher" value="Reuters Holdings Plc"/>
<dc element="dc.date.published" value="1997-07-26"/>
<dc element="dc.source" value="Reuters"/>
<dc element="dc.creator.location" value="MANILA"/>
<dc element="dc.creator.location.country.name" value="PHILIPPINES"/>
<dc element="dc.source" value="Reuters"/>
</metadata>
</newsitem>
