<?xml version="1.0" encoding="iso-8859-1" ?>
<newsitem itemid="758387" id="root" date="1997-07-26" xml:lang="en">
<title>USA: Robb Peck McCooey opens muni underwriting dept.</title>
<headline>Robb Peck McCooey opens muni underwriting dept.</headline>
<dateline>NEW YORK 1997-07-25</dateline>
<text>
<p>Robb Peck McCooey Clearing Corp has thrown its hat into the municipal underwriting ring, hiring Bob Cembor to launch a new department.</p>
<p>&quot;Robb Peck McCooey is the second oldest specialist house on the Street. They've been in business for over 60 years,&quot; said Cembor, who joined the New York City-based firm as a vice president of underwriting July 16.</p>
<p>While the firm's primary focus is equities, it believes now is a good time to get into the municipal underwriting business, he said.</p>
<p>&quot;They have over 20 retail reps here now, and some of the customers have the municipal product, and (Robb Peck) wants to be full service, and offer more product to their customer base,&quot; Cembor said.</p>
<p>The firm, which plans to underwrite both negotiated and competitive offerings, has had a municipal trader -- Gene Gulka -- on staff as a vice president for about a year, Cembor said.</p>
<p>&quot;We'll be looking to grow, but we want to grow the right way,&quot; he said.</p>
<p>Cembor, a former manager of Compass Mutual Funds for Midlantic Bank, has been in the industry for roughly 30 years.</p>
<p>((--Kathie O'Donnell, 212-859-1655))</p>
</text>
<copyright>(c) Reuters Limited 1997</copyright>
<metadata>
<codes class="bip:countries:1.0">
  <code code="USA">
    <editdetail attribution="Reuters BIP Coding Group" action="confirmed" date="1997-07-26"/>
  </code>
</codes>
<codes class="bip:industries:1.0">
  <code code="I83100">
    <editdetail attribution="Reuters BIP Coding Group" action="confirmed" date="1997-07-26"/>
  </code>
</codes>
<codes class="bip:topics:1.0">
  <code code="C21">
    <editdetail attribution="Reuters BIP Coding Group" action="confirmed" date="1997-07-26"/>
  </code>
  <code code="CCAT">
    <editdetail attribution="Reuters BIP Coding Group" action="confirmed" date="1997-07-26"/>
  </code>
  <code code="E21">
    <editdetail attribution="Reuters BIP Coding Group" action="confirmed" date="1997-07-26"/>
  </code>
  <code code="E212">
    <editdetail attribution="Reuters BIP Coding Group" action="confirmed" date="1997-07-26"/>
  </code>
  <code code="ECAT">
    <editdetail attribution="Reuters BIP Coding Group" action="confirmed" date="1997-07-26"/>
  </code>
</codes>
<dc element="dc.date.created" value="1997-07-25"/>
<dc element="dc.publisher" value="Reuters Holdings Plc"/>
<dc element="dc.date.published" value="1997-07-26"/>
<dc element="dc.source" value="Reuters"/>
<dc element="dc.creator.location" value="NEW YORK"/>
<dc element="dc.creator.location.country.name" value="USA"/>
<dc element="dc.source" value="Reuters"/>
</metadata>
</newsitem>
