<?xml version="1.0" encoding="iso-8859-1" ?>
<newsitem itemid="758359" id="root" date="1997-07-26" xml:lang="en">
<title>THAILAND: Thailand prepares for Cambodian refugee influx.</title>
<headline>Thailand prepares for Cambodian refugee influx.</headline>
<dateline>BANGKOK 1997-07-26</dateline>
<text>
<p>The Thai Public Health Ministry on Saturday said it had ordered medical teams at the Cambodian border to prepare for a possible influx of Cambodian refugees, many sick with malaria.</p>
<p>Thousands of Cambodians who fled this month's fighting between the rival troops of ousted First Prime Minister Prince Norodom Ranariddh and strongman Hun Sen, were waiting at points along the border in the hope of crossing into Thailand, ministry said in a statement.</p>
<p>The Thai border has been sealed, but Thai military officials said they would allow Cambodians to enter Thailand if the fighting worsened.</p>
<p>Refugees who are extremely ill are being admitted to one Thai hospital near the border, and doctors in Cambodia said they would ask permission to send more of their sickest patients across the border for treatment.</p>
<p>&quot;Many of them are infected with malaria and other kinds of sicknesses, (so) the Public Health Ministry has ordered medical teams on the scene to prepare medicine and personnel to help those people,&quot; the statement said.</p>
<p>Ministry records said that 49 Cambodian patients had already been admitted to hospital in Thailand's Kab Cherng district in Surin province. The patients included 16 malaria cases and eight people with battle wounds. The remainder were suffering from flu or diarrhoea.</p>
<p>More than 23,000 civilians -- half of them refugees -- are living in the Thai district which borders the town of O'Smach in Cambodia. Most of the refugees are women and children, who fled fighting in northern Cambodia and settled in O'Smach, which is currently controlled by troops loyal to Ranariddh.</p>
<p>&quot;These people escaped from fighting in their villages and towns, and since Thailand has seized the border, we have to keep them there. But the problem is, we are running short of food and medicine for them,&quot; said the town's chief administrator, Rom Thkkha Muny.</p>
<p>Sithy Men, a Cambodian doctor who fled Phnom Penh to O'Smach one week after Hun Sen's forces drove Ranariddh's men out of the capital, said more than 100 people a day were visiting a makeshift clinic he set up.</p>
<p>&quot;We have no modern medical equipment and medicine here, so those patients who are suffering from serious illnesses will be sent to the hospital inside Thailand,&quot; the doctor said.</p>
</text>
<copyright>(c) Reuters Limited 1997</copyright>
<metadata>
<codes class="bip:countries:1.0">
  <code code="KAMPA">
    <editdetail attribution="Reuters BIP Coding Group" action="confirmed" date="1997-07-26"/>
  </code>
  <code code="THAIL">
    <editdetail attribution="Reuters BIP Coding Group" action="confirmed" date="1997-07-26"/>
  </code>
</codes>
<codes class="bip:topics:1.0">
  <code code="GCAT">
    <editdetail attribution="Reuters BIP Coding Group" action="confirmed" date="1997-07-26"/>
  </code>
  <code code="GPOL">
    <editdetail attribution="Reuters BIP Coding Group" action="confirmed" date="1997-07-26"/>
  </code>
</codes>
<dc element="dc.date.created" value="1997-07-26"/>
<dc element="dc.publisher" value="Reuters Holdings Plc"/>
<dc element="dc.date.published" value="1997-07-26"/>
<dc element="dc.source" value="Reuters"/>
<dc element="dc.creator.location" value="BANGKOK"/>
<dc element="dc.creator.location.country.name" value="THAILAND"/>
<dc element="dc.source" value="Reuters"/>
</metadata>
</newsitem>
