<?xml version="1.0" encoding="iso-8859-1" ?>
<newsitem itemid="758363" id="root" date="1997-07-26" xml:lang="en">
<title>CAMBODIA: Cambodia's Hun Sen seeks reassure Taiwan investors.</title>
<headline>Cambodia's Hun Sen seeks reassure Taiwan investors.</headline>
<dateline>PHNOM PENH 1997-07-26</dateline>
<text>
<p>Cambodian strongman Hun Sen told investors from Taiwan on Saturday the closure of Taipei's representative office in Phnom Penh did not signal and end to investment by Taiwan companies.</p>
<p>He said Taiwan companies would face no obstacles to investing in Cambodia despite Phnom Penh's strict one-China policy.</p>
<p>Taiwan is the largest foreign investor in the country.</p>
<p>Hun Sen said last Tuesday that Taiwan's representative office in Cambodia was being closed due to its alleged involvement in supporting forces loyal to First Prime Minister Prince Norodom Ranariddh, whom Hun Sen, the second prime minister, ousted on July 6.</p>
<p>&quot;The closure of the Taipei liaison office in Phnom Penh does not mean the closing of Taiwanese investment here. On the contrary, we are opening up more freely (to investment),&quot; he told investors from China, Taiwan, Macau and Hong Kong.</p>
<p>Hun Sen made no mention of Cambodia's relations with the Association of South East Asian Nations (ASEAN) or the confusion surrounding his stand on the group playing a mediation role in Cambodia's political troubles.</p>
<p>Hun Sen said in a statement on Friday that ASEAN had a role to play in ensuring Cambodia's stability in terms of preventing foreign interference in Cambodia's internal affairs.</p>
<p>&quot;There are no obstacles to Taiwanese investors,&quot; Hun Sen said. &quot;Our one-China policy is not a problem for Taiwanese investment and tourism.&quot;</p>
<p>He said if Taiwanese investors had any problems in Cambodia they could report to the Chinese Embassy.</p>
<p>Taiwan has described Hun Sen's closure of its unofficial office as unacceptable and &quot;ridiculous&quot; and said it hoped that Cambodia would reverse the decision.</p>
<p>Officials in Taipei, which has denied any involvement in the Cambodian conflict, have threatened drastic countermeasures, including a boycott of Cambodian trade and tourism, if talks on re-opening the office failed.</p>
<p>Communist China, which has regarded Nationalist-ruled Taiwan as a renegade province since the end of the civil war in 1949, hailed Cambodia's decision to shut Taiwan's office.</p>
<p>Hun Sen said Cambodia needed investment in several priority areas including agro-industry.</p>
<p>&quot;I believe southern China has possibilities for investment there. We have land but we lack capital and technology,&quot; he said.</p>
<p>&quot;China can plant rubber in Cambodia and export the raw material to China,&quot; he said.</p>
<p>He also appealed for investment in transport and infrastructure. He said Cambodia could offer contracts on build, operate and transfer (BOT) terms for roads and airports.</p>
<p>He also suggested that investors might be interested in upgrading a railway line between Phnom Penh and Cambodia's main port of Sihanoukville.</p>
<p>Hun Sen said his government might amend laws to allow tax-free import of construction materials by companies which suffered damage or looting in the recent turmoil.</p>
<p>Taxes on the import and export of garments might also be abolished and the land law might be changed to allow foreigners to own property.</p>
</text>
<copyright>(c) Reuters Limited 1997</copyright>
<metadata>
<codes class="bip:countries:1.0">
  <code code="CHINA">
    <editdetail attribution="Reuters BIP Coding Group" action="confirmed" date="1997-07-26"/>
  </code>
  <code code="KAMPA">
    <editdetail attribution="Reuters BIP Coding Group" action="confirmed" date="1997-07-26"/>
  </code>
  <code code="TAIWAN">
    <editdetail attribution="Reuters BIP Coding Group" action="confirmed" date="1997-07-26"/>
  </code>
</codes>
<codes class="bip:topics:1.0">
  <code code="E51">
    <editdetail attribution="Reuters BIP Coding Group" action="confirmed" date="1997-07-26"/>
  </code>
  <code code="ECAT">
    <editdetail attribution="Reuters BIP Coding Group" action="confirmed" date="1997-07-26"/>
  </code>
  <code code="GCAT">
    <editdetail attribution="Reuters BIP Coding Group" action="confirmed" date="1997-07-26"/>
  </code>
  <code code="GDIP">
    <editdetail attribution="Reuters BIP Coding Group" action="confirmed" date="1997-07-26"/>
  </code>
</codes>
<dc element="dc.date.created" value="1997-07-26"/>
<dc element="dc.publisher" value="Reuters Holdings Plc"/>
<dc element="dc.date.published" value="1997-07-26"/>
<dc element="dc.source" value="Reuters"/>
<dc element="dc.creator.location" value="PHNOM PENH"/>
<dc element="dc.creator.location.country.name" value="CAMBODIA"/>
<dc element="dc.source" value="Reuters"/>
</metadata>
</newsitem>
