<?xml version="1.0" encoding="iso-8859-1" ?>
<newsitem itemid="758354" id="root" date="1997-07-26" xml:lang="en">
<title>JAPAN: Yaohan to sell controlling stake in Shanghai store.</title>
<headline>Yaohan to sell controlling stake in Shanghai store.</headline>
<dateline>TOKYO 1997-07-26</dateline>
<text>
<p>Shanghai-based Japanese retailer Yaohan group plans to sell 15 percent of its 55-percent stake in a Shanghai department store to its Chinese partner, Japanese media reports said on Saturday.</p>
<p>Much of the proceeds from the deal will be used to finance debt repayment of the financially troubled Yaohan Japan Corp, which operates a supermarket chain in Japan, the reports said.</p>
<p>The Yaohan group in 1995 opened Nextage Shanghai, a department store billed as the world's largest with a floor space of some 110,000 square metres, as a joint venture with Shanghai No. 1 Department Store, which holds the other 45-percent stake.</p>
<p>Yaohan International Holdings Ltd, the group's holding company for Chinese operations, including Yaohan Hong Kong Corp, holds 36 percent of Nextage Shanghai. Yaohan Japan holds 19 percent.</p>
<p>The group is considering selling part of Yaohan Holdings' stake in Nextage Shanghai to Shanghai No. 1 Department Store for several billion yen, Kyodo news agency reported.</p>
<p>As a result of the sale, Shanghai No. 1 would gain a controlling stake in the venture and Yaohan would effectively relinquish its control on the business, the Nihon Keizai said.</p>
<p>Mitsumasa Wada, president of Yaohan Japan, was quoted by Kyodo as saying: &quot;The group is considering selling its Nextage shares to the Chinese partner as part of restructuring measures. The Chinese side will beef up Nextage's sluggish business by localising its management.&quot;</p>
<p>Yaohan officials were not available to comment on the reports.</p>
</text>
<copyright>(c) Reuters Limited 1997</copyright>
<metadata>
<codes class="bip:countries:1.0">
  <code code="JAP">
    <editdetail attribution="Reuters BIP Coding Group" action="confirmed" date="1997-07-26"/>
  </code>
</codes>
<codes class="bip:industries:1.0">
  <code code="I65600">
    <editdetail attribution="Reuters BIP Coding Group" action="confirmed" date="1997-07-26"/>
  </code>
  <code code="I6560002">
    <editdetail attribution="Reuters BIP Coding Group" action="confirmed" date="1997-07-26"/>
  </code>
</codes>
<codes class="bip:topics:1.0">
  <code code="C18">
    <editdetail attribution="Reuters BIP Coding Group" action="confirmed" date="1997-07-26"/>
  </code>
  <code code="C181">
    <editdetail attribution="Reuters BIP Coding Group" action="confirmed" date="1997-07-26"/>
  </code>
  <code code="CCAT">
    <editdetail attribution="Reuters BIP Coding Group" action="confirmed" date="1997-07-26"/>
  </code>
</codes>
<dc element="dc.date.created" value="1997-07-26"/>
<dc element="dc.publisher" value="Reuters Holdings Plc"/>
<dc element="dc.date.published" value="1997-07-26"/>
<dc element="dc.source" value="Reuters"/>
<dc element="dc.creator.location" value="TOKYO"/>
<dc element="dc.creator.location.country.name" value="JAPAN"/>
<dc element="dc.source" value="Reuters"/>
</metadata>
</newsitem>
