<?xml version="1.0" encoding="iso-8859-1" ?>
<newsitem itemid="758318" id="root" date="1997-07-26" xml:lang="en">
<title>USA: Blast at U.S. nuclear site caused chaos: LA Times.</title>
<headline>Blast at U.S. nuclear site caused chaos: LA Times.</headline>
<dateline>WASHINGTON 1997-07-26</dateline>
<text>
<p>The response to a chemical explosion at the Hanford Nuclear Reservation in May was flawed to the point of failure, exposing workers to danger and not notifying outside authorities for hours, the Los Angeles Times reported in Saturday's editions.</p>
<p>&quot;In a series of extraordinary admissions, the Department of Energy and Fluor Daniel Hanford, inc., manager of the huge nuclear site in central Washington State detailed a series of failures in almost every link of the emergency response chain...,&quot; the newspaper reported from Seattle.</p>
<p>The incident took place at Hanford's Plutonium Reclamation Facility.</p>
<p>The Department of Energy admitted the chemicals were not stored properly. It said workers &quot;were ordered outside a trailer to walk through a toxic plume, had to drive themselves to the hospital four hours after the event and did not have their radiological tests scrutinized until a month after the accident,&quot; the Times said.</p>
<p>The report &quot;paints a picture of a late-night chemical explosion followed by hours of apparent chaos in which workers were given conflicting orders; procedures for emergency response were nonexistent or ignored and there was no early notification to civilian authorities...,&quot; the newspaper reported.</p>
<p>&quot;The findings of this report are not good. In fact, they're downright ugly,&quot; Lloyd Piper, the Energy Department's acting manager at the plant told the Times.</p>
<p>&quot;We failed in some key areas of responsibility. Our actions in the wake of the explosion did not meet our high exxpectations,&quot; Piper told the newspaper.</p>
</text>
<copyright>(c) Reuters Limited 1997</copyright>
<metadata>
<codes class="bip:countries:1.0">
  <code code="USA">
    <editdetail attribution="Reuters BIP Coding Group" action="confirmed" date="1997-07-26"/>
  </code>
</codes>
<codes class="bip:industries:1.0">
  <code code="I1610109">
    <editdetail attribution="Reuters BIP Coding Group" action="confirmed" date="1997-07-26"/>
  </code>
  <code code="I50200">
    <editdetail attribution="Reuters BIP Coding Group" action="confirmed" date="1997-07-26"/>
  </code>
</codes>
<codes class="bip:topics:1.0">
  <code code="C24">
    <editdetail attribution="Reuters BIP Coding Group" action="confirmed" date="1997-07-26"/>
  </code>
  <code code="CCAT">
    <editdetail attribution="Reuters BIP Coding Group" action="confirmed" date="1997-07-26"/>
  </code>
  <code code="GCAT">
    <editdetail attribution="Reuters BIP Coding Group" action="confirmed" date="1997-07-26"/>
  </code>
  <code code="GDIS">
    <editdetail attribution="Reuters BIP Coding Group" action="confirmed" date="1997-07-26"/>
  </code>
  <code code="GENV">
    <editdetail attribution="Reuters BIP Coding Group" action="confirmed" date="1997-07-26"/>
  </code>
</codes>
<dc element="dc.date.created" value="1997-07-26"/>
<dc element="dc.publisher" value="Reuters Holdings Plc"/>
<dc element="dc.date.published" value="1997-07-26"/>
<dc element="dc.source" value="Reuters"/>
<dc element="dc.creator.location" value="WASHINGTON"/>
<dc element="dc.creator.location.country.name" value="USA"/>
<dc element="dc.source" value="Reuters"/>
</metadata>
</newsitem>
