<?xml version="1.0" encoding="iso-8859-1" ?>
<newsitem itemid="758362" id="root" date="1997-07-26" xml:lang="en">
<title>CHINA: HK press welcomes Jiang Enzhu as Xinhua chief.</title>
<headline>HK press welcomes Jiang Enzhu as Xinhua chief.</headline>
<dateline>HONG KONG 1997-07-26</dateline>
<text>
<p>Hong Kong newspapers welcomed the appointment of diplomat Jiang Enzhu to head the local branch of China's official Xinhua News Agency, which acted as a de facto embassy under British rule.</p>
<p>Editorial comments pronounced Jiang an able diplomat and the harbinger of fairer political winds after years of Sino-British wrangling over Hong Kong.</p>
<p>&quot;Hong Kong people hope Jiang Enzhu and Ma Yuzhen (local head of China's Foreign Ministry)...can change the unyielding image of Beijing officials and adopt a more open attitude,&quot; the Chinese-language Apple Daily said.</p>
<p>Britain handed the territory to China at midnight on June 30 after more than 150 years of colonial rule. China promised the Special Administrative Region (SAR) considerable autonomy under a &quot;one country two systems&quot; formula.</p>
<p>The Oriental Daily said that the departure of the previous Xinhua chief, Zhou Nan, meant one fewer British enemy at the agency.</p>
<p>Zhou was dispatched to head Xinhua in Hong Kong shortly after China's People's Liberation Army (PLA) cracked down on unarmed students in Tiananmen Square in 1989.</p>
<p>&quot;Jiang Enzhu's image is very different from Zhou Nan's,&quot; the Oriental Daily editorial said.</p>
<p>The Ming Pao said it hoped Xinhua would stick to news gathering and not become another centre of Chinese power.</p>
<p>&quot;Jiang's most urgent task is...to establish a new Xinhua News Agency which can continue to contribute to Hong Kong's prosperity through an appropriate scale and status,&quot; the Oriental Daily said.</p>
<p>-- Hong Kong Newsroom (852) 2843 6358</p>
</text>
<copyright>(c) Reuters Limited 1997</copyright>
<metadata>
<codes class="bip:countries:1.0">
  <code code="CHINA">
    <editdetail attribution="Reuters BIP Coding Group" action="confirmed" date="1997-07-26"/>
  </code>
  <code code="HKONG">
    <editdetail attribution="Reuters BIP Coding Group" action="confirmed" date="1997-07-26"/>
  </code>
</codes>
<codes class="bip:industries:1.0">
  <code code="I83954">
    <editdetail attribution="Reuters BIP Coding Group" action="confirmed" date="1997-07-26"/>
  </code>
</codes>
<codes class="bip:topics:1.0">
  <code code="C41">
    <editdetail attribution="Reuters BIP Coding Group" action="confirmed" date="1997-07-26"/>
  </code>
  <code code="C411">
    <editdetail attribution="Reuters BIP Coding Group" action="confirmed" date="1997-07-26"/>
  </code>
  <code code="CCAT">
    <editdetail attribution="Reuters BIP Coding Group" action="confirmed" date="1997-07-26"/>
  </code>
  <code code="GCAT">
    <editdetail attribution="Reuters BIP Coding Group" action="confirmed" date="1997-07-26"/>
  </code>
  <code code="GPOL">
    <editdetail attribution="Reuters BIP Coding Group" action="confirmed" date="1997-07-26"/>
  </code>
</codes>
<dc element="dc.date.created" value="1997-07-26"/>
<dc element="dc.publisher" value="Reuters Holdings Plc"/>
<dc element="dc.date.published" value="1997-07-26"/>
<dc element="dc.source" value="Reuters"/>
<dc element="dc.creator.location" value="HONG KONG"/>
<dc element="dc.creator.location.country.name" value="CHINA"/>
<dc element="dc.source" value="Reuters"/>
</metadata>
</newsitem>
