<?xml version="1.0" encoding="iso-8859-1" ?>
<newsitem itemid="758376" id="root" date="1997-07-26" xml:lang="en">
<title>JAPAN: Typhoon Rosie heads for southwest Japan.</title>
<headline>Typhoon Rosie heads for southwest Japan.</headline>
<dateline>TOKYO 1997-07-26</dateline>
<text>
<p>Typhoon Rosie, packing maximum winds of 144 kph (90 mph), was expected to hit southwestern Japan later on Saturday, the MeteorologicaL Agency said.</p>
<p>At 10 a.m. (0100 GMT) on Saturday, the typhoon was about 140 km (87.5 miles) southeast of Japan's southwestern island of Shikoku, the agency said.</p>
<p>The storm, moving north at 35 kph (16 mph), was expected to dump up to 80 cm (31 inches) of rain, it said.</p>
<p>Rosie, described by the agency as a &quot;medium-sized but powerul&quot; typhoon, has already paralysed local air, rail and ocean traffic.</p>
<p>Airport authorities said nearly 200 domestic flights had been cancelled.</p>
</text>
<copyright>(c) Reuters Limited 1997</copyright>
<metadata>
<codes class="bip:countries:1.0">
  <code code="JAP">
    <editdetail attribution="Reuters BIP Coding Group" action="confirmed" date="1997-07-26"/>
  </code>
</codes>
<codes class="bip:topics:1.0">
  <code code="GCAT">
    <editdetail attribution="Reuters BIP Coding Group" action="confirmed" date="1997-07-26"/>
  </code>
  <code code="GDIS">
    <editdetail attribution="Reuters BIP Coding Group" action="confirmed" date="1997-07-26"/>
  </code>
  <code code="GWEA">
    <editdetail attribution="Reuters BIP Coding Group" action="confirmed" date="1997-07-26"/>
  </code>
</codes>
<dc element="dc.date.created" value="1997-07-26"/>
<dc element="dc.publisher" value="Reuters Holdings Plc"/>
<dc element="dc.date.published" value="1997-07-26"/>
<dc element="dc.source" value="Reuters"/>
<dc element="dc.creator.location" value="TOKYO"/>
<dc element="dc.creator.location.country.name" value="JAPAN"/>
<dc element="dc.source" value="Reuters"/>
</metadata>
</newsitem>
