<?xml version="1.0" encoding="iso-8859-1" ?>
<newsitem itemid="758339" id="root" date="1997-07-26" xml:lang="en">
<title>MEXICO: TABLE - GFPromex-Finamex 6-mo net falls.</title>
<headline>TABLE - GFPromex-Finamex 6-mo net falls.</headline>
<dateline>MEXICO CITY 1997-07-25</dateline>
<text>
<p>H1 1997			H1 1996</p>
<p>	Shr		  n.a.		     n.a.</p>
<p>	Net		  6.09 million		 76.21 million</p>
<p>	Revs		 95.26 million		200.19 million</p>
<p>	Oper Loss	  825,000	 Income 25.63 million</p>
<p>	  NOTE: All figures in Mexican pesos.</p>
<p>		Full company name is Grupo Financiero Promex</p>
<p>Finamex SA de CV.</p>
<p>((--Dan Trotta, Mexico City, +525 728-9507))</p>
</text>
<copyright>(c) Reuters Limited 1997</copyright>
<metadata>
<codes class="bip:countries:1.0">
  <code code="MEX">
    <editdetail attribution="Reuters BIP Coding Group" action="confirmed" date="1997-07-26"/>
  </code>
</codes>
<codes class="bip:industries:1.0">
  <code code="I81402">
    <editdetail attribution="Reuters BIP Coding Group" action="confirmed" date="1997-07-26"/>
  </code>
</codes>
<codes class="bip:topics:1.0">
  <code code="C15">
    <editdetail attribution="Reuters BIP Coding Group" action="confirmed" date="1997-07-26"/>
  </code>
  <code code="C151">
    <editdetail attribution="Reuters BIP Coding Group" action="confirmed" date="1997-07-26"/>
  </code>
  <code code="CCAT">
    <editdetail attribution="Reuters BIP Coding Group" action="confirmed" date="1997-07-26"/>
  </code>
</codes>
<dc element="dc.date.created" value="1997-07-25"/>
<dc element="dc.publisher" value="Reuters Holdings Plc"/>
<dc element="dc.date.published" value="1997-07-26"/>
<dc element="dc.source" value="Reuters"/>
<dc element="dc.creator.location" value="MEXICO CITY"/>
<dc element="dc.creator.location.country.name" value="MEXICO"/>
<dc element="dc.source" value="Reuters"/>
</metadata>
</newsitem>
