<?xml version="1.0" encoding="iso-8859-1" ?>
<newsitem itemid="758418" id="root" date="1997-07-26" xml:lang="en">
<title>SRI LANKA: Sri Lanka paper hails Mahathir as Asia's leader.</title>
<headline>Sri Lanka paper hails Mahathir as Asia's leader.</headline>
<dateline>COLOMBO 1997-07-26</dateline>
<text>
<p>Sri Lanka's government-run Daily News hailed Malaysian Prime Minister Mahathir Mohamad as Asia's new leader on Saturday after his outspoken rejection of Western interference in the region's affairs.</p>
<p>The newspaper, which tends to reflect closely the opinion of the Sri Lankan government, said Mahathir was a &quot;Godsend&quot; for the Third World and Asia.</p>
<p>&quot;Here's one Asian leader who doesn't see Red on confronting a white skin. Nor is he overawed by the military and economic might of the West. As far as Asia is concerned, Mahathir, indeed, seems to be the long awaited model leader,&quot; the Daily News said in an editorial.</p>
<p>In an address to foreign ministers of the Association of South East Asian Nations (ASEAN) on Thursday, the Malaysian leader said outsiders should keep out of the region's business.</p>
<p>&quot;We will resolve our problems in our own way and in our own time. No one, but no one, should assume that only they know the solutions to all problems,&quot; he said.</p>
<p>Mahathir has made a series of attacks on financial speculators in recent days, accusing them of deliberately undermining Southeast Asian currencies and calling them &quot;robbers&quot;, &quot;anarchists&quot; and &quot;brigands&quot;.</p>
<p>On Saturday, Mahathir named U.S. based financier George Soros as the man responsible for the current decline in the Malaysian ringgit, the Malaysian news agency Bernama reported.</p>
<p>The Daily news praised what it said was a new sense of independence in the region.</p>
<p>&quot;There seems to be a flowering in Southeast Asia, for instance, a sturdy independence of spirit, an attitudinal change which sees through Western designs and the demeaning ideological baggage the West has been heaping on the East to keep it in servitude,&quot; it said.</p>
<p>Most Asian countries were bound to marvel at Mahathir's daring, it said.</p>
<p>&quot;Whether it be in human rights or the restructuring of the U.N., to better represent a changed global power balance, Mahathir has proved to be a Godsend for the Third World in general and the Asiatic region in particular.</p>
<p>&quot;On all these hotly debated issues, the Malaysian leader has almost single-handed taken on the West and fearlessly championed the views of the less advantaged sections of the world community.</p>
<p>&quot;He has told the West 'where to get off',&quot; it said.</p>
</text>
<copyright>(c) Reuters Limited 1997</copyright>
<metadata>
<codes class="bip:countries:1.0">
  <code code="MALAY">
    <editdetail attribution="Reuters BIP Coding Group" action="confirmed" date="1997-07-26"/>
  </code>
  <code code="SRILAN">
    <editdetail attribution="Reuters BIP Coding Group" action="confirmed" date="1997-07-26"/>
  </code>
</codes>
<codes class="bip:topics:1.0">
  <code code="GCAT">
    <editdetail attribution="Reuters BIP Coding Group" action="confirmed" date="1997-07-26"/>
  </code>
  <code code="GDIP">
    <editdetail attribution="Reuters BIP Coding Group" action="confirmed" date="1997-07-26"/>
  </code>
  <code code="GPOL">
    <editdetail attribution="Reuters BIP Coding Group" action="confirmed" date="1997-07-26"/>
  </code>
</codes>
<dc element="dc.date.created" value="1997-07-26"/>
<dc element="dc.publisher" value="Reuters Holdings Plc"/>
<dc element="dc.date.published" value="1997-07-26"/>
<dc element="dc.source" value="Reuters"/>
<dc element="dc.creator.location" value="COLOMBO"/>
<dc element="dc.creator.location.country.name" value="SRI LANKA"/>
<dc element="dc.source" value="Reuters"/>
</metadata>
</newsitem>
