<?xml version="1.0" encoding="iso-8859-1" ?>
<newsitem itemid="758406" id="root" date="1997-07-26" xml:lang="en">
<title>FRANCE: Moslem rebels killed 38 people in Algeria-paper.</title>
<headline>Moslem rebels killed 38 people in Algeria-paper.</headline>
<dateline>PARIS 1997-07-26</dateline>
<text>
<p>Suspected Moslem militants  killed 38 villagers in two attacks on hamlets southwest of the Algerian capital this week, an Algerian newspaper said on Saturday.</p>
<p>Le Matin said the 38 villagers were killed overnight Wednesday-Thursday by having their throats cut or decapitated and their bodies burnt. Two other newspapers, reporting the same attacks, put the number of dead at 36.</p>
</text>
<copyright>(c) Reuters Limited 1997</copyright>
<metadata>
<codes class="bip:countries:1.0">
  <code code="ALG">
    <editdetail attribution="Reuters BIP Coding Group" action="confirmed" date="1997-07-26"/>
  </code>
</codes>
<codes class="bip:topics:1.0">
  <code code="GCAT">
    <editdetail attribution="Reuters BIP Coding Group" action="confirmed" date="1997-07-26"/>
  </code>
  <code code="GVIO">
    <editdetail attribution="Reuters BIP Coding Group" action="confirmed" date="1997-07-26"/>
  </code>
</codes>
<dc element="dc.date.created" value="1997-07-26"/>
<dc element="dc.publisher" value="Reuters Holdings Plc"/>
<dc element="dc.date.published" value="1997-07-26"/>
<dc element="dc.source" value="Reuters"/>
<dc element="dc.creator.location" value="PARIS"/>
<dc element="dc.creator.location.country.name" value="FRANCE"/>
<dc element="dc.source" value="Reuters"/>
</metadata>
</newsitem>
