<?xml version="1.0" encoding="iso-8859-1" ?>
<newsitem itemid="758423" id="root" date="1997-07-26" xml:lang="en">
<title>INDIA: TABLE-India Shipping-Bombay/Kandla cargoes,July 26.</title>
<headline>TABLE-India Shipping-Bombay/Kandla cargoes,July 26.</headline>
<dateline>BOMBAY 1997-07-26</dateline>
<text>
<p>Following is the berthing schedule of major vessels unloading at Bombay and Kandla ports:</p>
<p>   Commodity	  Tons/TEUs    Port    Ship Berthing</p>
<p>---------------------------------------------------------------</p>
<p>   Containers	  1,236/101    ID   Oyster Bay	  21/07</p>
<p>Containers 2,021/127 ID Trade Fast 23/07</p>
<p>   N.Print/woodpulp   1,528/--    ID   Panormos Wind     23/07</p>
<p>   Gen./cont.	   1,610/--    ID   S/O A.P.	    16/07</p>
<p>   General		  743/--    ID   Hijaz		 24/07</p>
<p>   Palm fatty acid    2,400/--    ID   Oriental Lily     22/07</p>
<p>   Gen./cont.	   1,328/--    ID   Alam Talang	 24/07</p>
<p>   Steel,gen.&amp; cont.    764/--    ID   Alam Tegas	  13/07</p>
<p>   Chickpeas		210/--    ID   Clover Trust	08/06</p>
<p>   Gen./cont.	     225/--    ID   Veer Savakar	06/07</p>
<p>   Rock phosphate     1,159/--    ID   Flying Dragon     17/07</p>
<p>   Green peas &amp; woodpulp571/--    ID   Lucy Oldendroff   03/07</p>
<p>   Gen./cont.	     474/17    ID   Vishva Pallav     24/07</p>
<p>   SBM,rice,steel &amp; gen.355/--    ID   Prerana	     22/07</p>
<p>   Chickpeas		633/--    ID   J.Michelle	  22/06</p>
<p>   Steel/gen.	     716/--    ID   Young Jiang	 12/07</p>
<p>   Shredded scrap	 569/--    ID   Tropeon	     23/07</p>
<p>   Pulses/gen.	  1,223/--    ID   Ritz		  23/07</p>
<p>   Steel coils &amp; prod.4,561/--    ID   Ikan Tanda	  23/04</p>
<p>   Containers	  2,795/215    ID   Prospect	    24/07</p>
<p>   Containers	  2,252/191    ID   Sinar Toba	  23/07</p>
<p>---------------------------------------------------------------</p>
<p>Liquid cargo tankers :(as on 25/07/97)</p>
<p>   SKO			22,000    KD   SeaForce	    OJ-1</p>
<p>   RBD palmolein	   3,000    KD   Load Star Prince  OJ-11</p>
<p>   HSD			22,000    KD   Amer Power	  OJ-111</p>
<p>   HSD			16,000    KD   J.N.Vyas	    VJ-1</p>
<p>   HSD			20,000    KD   Jag Prayog	  VJ-11</p>
<p>   SKO			32,940    KD   Tomis South	 stream</p>
<p>   HSD			43,262    KD   N.J.Shekhon	 stream</p>
<p>   HSD			45,000    KD   Byzanton	    stream</p>
<p>   HSD			43,978    KD   Albert Ekka	 stream</p>
<p>   HSD			44,999    KD   OBO Victory	 stream</p>
<p>   HSD			95,600    KD   Ocean Success     stream</p>
<p>   HSD			43,838    KD   Jag Pradeep	 stream</p>
<p>   HSD			38,172    KD   Torm Asia	   stream</p>
<p>   HSD			43,726    KD   Provence	    stream</p>
<p>   GPS &amp; paraffin	  3,469    KD   Oriental Lily     stream</p>
<p>   HSD			50,000    KD   Cielo D Singapore stream</p>
<p>   HSD			43,915    KD   A.K.Pal	     stream</p>
<p>   HSD			42,300    KD   B.C.Chatterjee    stream</p>
<p>   EDC			17,000    KD   Relchem Arjun     stream</p>
<p>   HSD			45,000    KD   Cielo Di Parma    stream</p>
<p>   HSD			32,000    KD   Aspheron	    stream</p>
<p>   HSD			15,000    KD   Shakti Doot	 stream</p>
<p>   HSD			29,500    KD   Amer Energy	 stream</p>
<p>   SKO			22,000    KD   Maykop		25/07</p>
<p>   SKO			23,000    KD   Al Kuwaitiah	25/07</p>
<p>   HSD			42,734    KD   Ascot		 26/07</p>
<p>   Chemicals		 6,900    KD   Hollan Park	 25/07</p>
<p>   HSD			41,000    KD   Dynamic Express   26/07</p>
<p>----------------------------------------------------------------</p>
<p>Ships awaiting berth:</p>
<p>   Rock phosphate	  8,800    ID   Wladyslawowo	16/07</p>
<p>   Sulphur		  11,224    ID   Wald Al Agouz     19/07</p>
<p>   Containers		  300    ID   Putvil		20/07</p>
<p>   Sulphur		   8,008    ID   Augusta	     20/07</p>
<p>   Containers		  350    ID   Orient Commerce   21/07</p>
<p>   Lube			2,974    ID   Vijay Doot	  23/07</p>
<p>   Wood pulp		 4,200    ID   Auroral Ace	 24/07</p>
<p>   Gen.&amp; newsprint	 6,254    ID   Arunachal Pradesh 24/07</p>
<p>   Containers		  898    ID   Al Wattyah	  24/07</p>
<p>---------------------------------------------------------------</p>
<p>Berthing vessels:</p>
<p>Cal.Crbide/st.Pipes/white logwoods/SBM</p>
<p>	     992/400/1,900/7,000    ID   Majestic	    06/07</p>
<p>   Rock phosphate	 17,250    ID   Prabhu Gopal	09/07</p>
<p>   SBM			 3,500    ID   Armada Glory	17/07</p>
<p>   Steel &amp; gen.	    9,273    ID   Hijaz		 19/07</p>
<p>   Cont./gen.	  352/1,050    ID   Hoegh Clipper     19/07</p>
<p>   Containers		1,122    ID   Kota Selamat	19/07</p>
<p>   Palm oil		  7,509    ID   Abdoun Symphony   21/07</p>
<p>   Containers		  740    ID   Ocean Strength    21/07</p>
<p>   Containers		  160    ID   Fas colombo	 22/07</p>
<p>   S.Slabs &amp; H.Lifts 18,000/8,000 ID   Troia		 22/07</p>
<p>   Logs			5,579    ID   Selia		 23/07</p>
<p>Coils &amp; sheets/N.Print/asbestos/rubber</p>
<p>		5,158/3,086/425/38    ID   Pericles	    24/07</p>
<p>---------------------------------------------------------------</p>
<p>BPT: Bombay Port Trust</p>
<p>ID:  Bombay Indira Docks, Harbour Wall</p>
<p>P&amp;V: Bombay Princess and Victoria Docks</p>
<p>KD:  Kandla</p>
<p>-- Bombay newsroom +91-22-265 9000</p>
</text>
<copyright>(c) Reuters Limited 1997</copyright>
<metadata>
<codes class="bip:countries:1.0">
  <code code="INDIA">
    <editdetail attribution="Reuters BIP Coding Group" action="confirmed" date="1997-07-26"/>
  </code>
</codes>
<codes class="bip:topics:1.0">
  <code code="M14">
    <editdetail attribution="Reuters BIP Coding Group" action="confirmed" date="1997-07-26"/>
  </code>
  <code code="MCAT">
    <editdetail attribution="Reuters BIP Coding Group" action="confirmed" date="1997-07-26"/>
  </code>
</codes>
<dc element="dc.date.created" value="1997-07-26"/>
<dc element="dc.publisher" value="Reuters Holdings Plc"/>
<dc element="dc.date.published" value="1997-07-26"/>
<dc element="dc.source" value="Reuters"/>
<dc element="dc.creator.location" value="BOMBAY"/>
<dc element="dc.creator.location.country.name" value="INDIA"/>
<dc element="dc.source" value="Reuters"/>
</metadata>
</newsitem>
