<?xml version="1.0" encoding="iso-8859-1" ?>
<newsitem itemid="648789" id="root" date="1997-06-10" xml:lang="en">
<title>EU:  Reuter EC Report Long-Term Diary for June 16-Dec 31, 1997 (page 1/4 - June 16-30).</title>
<headline>Reuter EC Report Long-Term Diary for June 16-Dec 31, 1997 (page 1/4 - June 16-30).</headline>
<text>
<p>****</p>
<p>HIGHLIGHTS</p>
<p>****</p>
<p>AMSTERDAM - The Netherlands hosts summit of European Union leaders (June 16-17).</p>
<p>MADRID - NATO holds summit to set the course for enlargement (July 8 and 9).</p>
<p>LUXEMBOURG - Luxembourg hosts summit of European Union leaders (December 12-13).</p>
<p>MONDAY, JUNE 16</p>
<p>LUXEMBOURG (MODIFIED ITEM) - EU fisheries ministers meeting HAS BEEN CANCELLED.</p>
<p>AMSTERDAM - Dutch presidency hosts European Council of heads of state or government (to June 17). The leaders aim to complete an inter-governmental conference on EU treaty reforms, including institutional reforms such as the size of the European Commission and voting procedures, immigration and asylum policy, employment and the Social Chapter, a common foreign and security policy and &quot;flexibility&quot; - the possibility for some members to forge deeper ties, with more reluctant partners free to catch up when they want to. Other agenda items include presentation of a report on organised crime, legal framework for introducing the euro single currency, European Commission action plan and timetable for removing remaining internal trade barriers by the time the euro is introduced.</p>
<p>TUESDAY, JUNE 17</p>
<p>LUXEMBOURG - EU transport ministers meet (To June 18). Provisional agenda includes air transport noise, air transport negotiations with the United States and Central and East European countries, EU membership in the European Organisation for the Safety of Air Navigation, proposed European organisation responsible for civil aviation safety, charges on heavy goods vehicles, seafarer training, sea passenger registration, transport negotiations with Switzerland.</p>
<p>BRUSSELS - European Food Law sixth annual conference (To June 18). Main issues discussed are food safety, genetically modified foods and food law. Speakers include: Head of Commission Directorate-General XXIV (Consumer Policy) Horst Reichenbach. Venue: Radisson Hotel. Contact: IBC (44) 1892 511 807.</p>
<p>WEDNESDAY, JUNE 18</p>
<p>BRUSSELS - European Commission regular meeting.</p>
<p>Provisional agenda includes:</p>
<p>- International regulation of nuclear non-proliferation.</p>
<p>THURSDAY, JUNE 19</p>
<p>LUXEMBOURG - EU environment ministers meet (to June 20). Provisional agenda includes climate change, control of car emissions, acidification, biological diversity, petrol and diesel fuel quality, water quality, waste landfills, waste shipments.</p>
<p>BRUSSELS (NEW ITEM) - European Institute for Asian Studies holds lunchtime meeting on &quot;Is China's WTO accession in sight&quot; (1230/1030 GMT). Venue: 35 avenue des Deux Eglises. Contact: Zoe McCarthy (322) 230 8122.</p>
<p>BRUSSELS - Centre for European Policy Studies (CEPS) holds lunchtime meeting on &quot;What happened at the European Council in Amsterdam, June 16-17 - How will the EU decisions affect business?&quot; (1230/1030 GMT). Venue: CEPS. Contact: CEPS (322) 229 3911.</p>
<p>FRIDAY, JUNE 20</p>
<p>BRUSSELS - Centre for European Policy Studies (CEPS) holds lunchtime meeting on &quot;Agricultural and rural development policy for the 21st century&quot; (1315/1115 GMT). Speaker is: European Commissioner Fischler. Venue: CEPS. Contact: CEPS (322) 229 3911.</p>
<p>DENVER, United States - Group of Seven (Britain, U.S., Canada, France, Germany, Italy and Japan) hold summit (To June 22).</p>
<p>MONDAY, JUNE 23</p>
<p>LUXEMBOURG - EU agriculture ministers meet (To June 25). Main agenda item will be the 1997/1998 farm price package.</p>
<p>LUXEMBOURG - EU finance ministers meet. Provisional agenda includes follow-up to the EU Amsterdam summit, preparation for introduction of the single currency, adoption of 1997 economic policy guidelines.</p>
<p>BRUSSELS - European Centre for Policy Studies (CEPS) holds conference on &quot;The Maghreb: an economic and political assessment&quot; (0945/0745 GMT). Venue: CEPS. Contact&quot; CEPS (322) 229 3911.</p>
<p>HELSINKI - International Union of Railways holds third Pan-European transport conference (To March 25). Contact: International Union of Railways (33) 1 44 49 20 50.</p>
<p>TUESDAY, JUNE 24</p>
<p>BRUSSELS (NEW ITEM) - International Donors conference for Bosnia.</p>
<p>BRUSSELS - Centre for European Policy Studies (CEPS) holds lunchtime meeting on &quot;The Luxembourg presidency of the Council of ministers&quot; (1315/1115 GMT). Speaker is: Permanent Representative of Luxembourg to the EU Jean-Jacques Kasel. Venue: CEPS. Contact: CEPS (322) 229 3911.</p>
<p>BRUSSELS - Forum Europe holds conference on &quot;Making Europe's defence industry work&quot; (0930/0730 GMT). Agenda includes: towards an EU single defence market; structures for future rationalisation; Europe and the U.S. - Doing business between allies; building a transatlantic partnership. Venue: Concert Noble. Contact: Forum Europe (322) 736 1430.</p>
<p>WEDNESDAY, JUNE 25</p>
<p>BRUSSELS (NEW ITEM) - EU Monetary Committee meets.</p>
<p>BRUSSELS - European Parliament holds mini session (To June 26).</p>
<p>PALERMO, Italy - Euro-Mediterranean Finance Institute holds conference on &quot;Investment and trade in the Mediterranean region: challenges and opportunities&quot; (To June 27). Venue: Castello Utveggio. Contact: Tanguy de Craecker (322) 733 5940.</p>
<p>AMSTERDAM - The Netherlands Industrial and Agricultural Biotechnology (NIAB) Foundation holds &quot;EuropaBio '97&quot; (To June 27). Speakers include: European Commissioner Brittan, Dutch Economic Affairs Minister Hans Wijers. Venue: RAI Congress Centre. Contact: Lidy Groot Congress Events (31) 20 679 3218.</p>
<p>THURSDAY, JUNE 26</p>
<p>LUXEMBOURG - EU foreign ministers meet. Provisional agenda includes signature of cooperation agreements with Albania, Yemen and Andorra; signature of partnership and cooperation agreement with Turkmenistan; follow-up to the EU Amsterdam summit; former Yugoslavia and the Middle East peace process.</p>
<p>LUXEMBOURG - EU education ministers meet. Provisional agenda includes European Commission reports on education and training, mobility in higher education, learning in the &quot;information society&quot;.</p>
<p>LONDON - Congress on &quot;Digital television - Economics, regulation and strategy&quot; (To June 27). Venue: Le Meridien. Contact: Fiona Walker (44) 171 421 3500.</p>
<p>NORROEPING, Sweden - EU Committee of the Regions holds seminar on &quot;Transport problems in the Baltic area&quot;. Contact: Committee of the Regions (322) 282 2155.</p>
<p>FRIDAY, JUNE 27</p>
<p>AMSTERDAM - EU will brief central and eastern European countries on the outcome of the EU Amsterdam summit.</p>
<p>LUXEMBOURG (NEW ITEM) - EU social affairs ministers meet (1000/0800 GMT). Agenda includes burden of proof in sex discrimination cases, workers' protection against cancer agents at work, interim report on employment, modernising and improving social protection, European sustems of worker involvement, worker consultation, social dialogue.</p>
<p>MONDAY, JUNE 30</p>
<p>LUXEMBOURG - EU culture ministers meet. Provisional agenda includes amendments to the &quot;television without frontiers&quot; directive on cross-border broadcasting, proposed fund for EU audiovisual producers, cooperation between public broadcast corporations, decision on European Cultural Cities.</p>
<p>BRUSSELS - Centre for European Policy Studies (CEPS) holds lunchtime meeting on &quot;Preparing the EU for the 21st century: the Amsterdam Council and beyond&quot; (1315/1115 GMT). Speakers include Permanent Representative of Belgium to the EU Philippe de Schoutheete. Venue: CEPS. Contact: CEPS (322) 229 3911.</p>
<p>* Dutch EU presidency ends. Luxembourg takes over to December 31, 1997. 101056 DED:BC-DIARY-LONGTERM =2 Reuter EC Report Long-Term Diary (page 2/4 - July 2-Oct 1)</p>
<p>WEDNESDAY, JULY 2</p>
<p>RIGA, Lativia (NEW ITEM) - Council of the Baltic States holds sixth ministerial session.</p>
<p>THURSDAY, JULY 3</p>
<p>LUXEMBOURG - European Commission on official visit to Luxembourg.</p>
<p>BRUSSELS - Centre for European Policy Studies (CEPS) holds lunchtime meeting on &quot;The Madrid NATO summit&quot; (1315/1115 GMT). Speaker is: Former WEU Secretary General Willem van Eekelen. Venue: CEPS. Contact: CEPS (322) 229 3911.</p>
<p>SUNDAY, JULY 6</p>
<p>BONN - European ministerial conference on &quot;Global information networks: realising the potential&quot; (To July 8). The conference is organised in four plenary sessions: building confidence, empowering the user, making the most of content resources, creating a favourable environment for electronic commerce. The conclusions of the conferencee will take the form of a common ministerial declaration outlining principles governing the use of global information networks and cooperative steps in international forums.</p>
<p>MONDAY, JULY 7</p>
<p>BRUSSELS - EU finance ministers meet and hold structured dialogue with Central and East European countries.</p>
<p>TUESDAY, JULY 8</p>
<p>MADRID - NATO holds summit to chart course for enlargement and invite a number of former communist foes to begin membership talks (To July 9). (possibly) In margins of the summit, EU Luxembourg presidency, European Commission and U.S. meet to discuss transatlantic issues.</p>
<p>WEDNESDAY, JULY 9</p>
<p>BRUSSELS - EU Economic and Social Committee (ECOSOC) holds plenary session (To July 10).</p>
<p>BRUSSELS - Centre for European Policy Studies (CEPS) holds lunchtime meeting on &quot;Reporting the EU&quot; (1315/1115 GMT). Speaker is: The Guardian European Editor John Palmer. Venue: CEPS. Contact: CEPS (322) 229 3911.</p>
<p>THURSDAY, JULY 10</p>
<p>EDINBURGH - Centre for European Policy Studies (CEPS) holds conference on &quot;Network industries in Europe: preparing for competition&quot; (To July 11). Speakers include: European Commissioner Neil Kinnock. Venue: Balmoral Hotel. Contact: CEPS (322) 229 3911.</p>
<p>SATURDAY, JULY 12</p>
<p>LUXEMBOURG - EU social affairs ministers hold informal meeting (To July 13). No agenda yet available.</p>
<p>MONDAY, JULY 14</p>
<p>STRASBOURG - European Parliament holds plenary session (to July 18).</p>
<p>BRUSSELS - Centre for European Policy Studies (CEPS) holds lunchtime meeting on &quot;EU enlargement-The industrial consequences&quot; (1315/1115 GMT). Speaker is: DG III Director General Stefano Micossi. Venue: CEPS. Contact: CEPS (322) 229 3911.</p>
<p>WEDNESDAY, JULY 16</p>
<p>STRASBOURG - (possibly) European Commission gives opinions on EU membership applications of Eastern European countries.</p>
<p>STRASBOURG - Luxembourg EU presidency presents work programme to the European Parliament.</p>
<p>MONDAY, JULY 21</p>
<p>- EU institutions closed for Belgian National Day holiday.</p>
<p>TUESDAY, JULY 22</p>
<p>BRUSSELS - EU foreign ministers meet (To July 23). No agenda yet available.</p>
<p>BRUSSELS - EU agriculture ministers meet (To July 23). No agenda yet available.</p>
<p>THURSDAY, JULY 24</p>
<p>BRUSSELS - EU budget minsters meet. No agenda yet available.</p>
<p>AUGUST</p>
<p>- EU institutions closed for summer holidays.</p>
<p>SUNDAY, SEPTEMBER 7</p>
<p>ECHTERNACH, Luxembourg - EU agriculture ministers hold informal meeting (To September 9). No agenda yet available.</p>
<p>FRIDAY, SEPTEMBER 12</p>
<p>MONDORF, Luxembourg - EU finance ministers hold informal meeting (To September 14). No agenda yet available.</p>
<p>MONDAY, SEPTEMBER 15</p>
<p>BRUSSELS - EU foreign ministers meet (To September 16). No agenda yet available.</p>
<p>STRASBOURG - European Parliament holds plenary session (To September 19).</p>
<p>WEDNESDAY, SEPTEMBER 17</p>
<p>BRUSSELS - EU Committee of the Regions holds plenary session (To September 18).</p>
<p>FRIDAY, SEPTEMBER 19</p>
<p>BANGKOK - European and Asian finance ministers meet under the Asia-Europe Meeting (ASEM) framework.</p>
<p>MONDAY, SEPTEMBER 22</p>
<p>BRUSSELS - EU justice and home affairs ministers meet (To September 23). No agenda yet available.</p>
<p>BRUSSELS - EU agriculture ministers meet (To September 23). No agenda yet available.</p>
<p>THURSDAY, SEPTEMBER 25</p>
<p>BRUSSELS - International Centre of Research and Information on the Public and Cooperative Economy (CIRIEC) holds conference on &quot;The public, social and cooperative economy and the general interest - Which roles in the 21st century?&quot; (0830/0630 GMT) (To September 26). Speakers include European Commissioner Monika Wulf-Mathies. Venue: Palais des Congres. Contact: CIRIEC (322) 366 2746.</p>
<p>SATURDAY, SEPTEMBER 27</p>
<p>TOKYO - Asian and European economy ministers meet under the Asia-Europe Meeting (ASEM) framework. (To September 29).</p>
<p>MONDAY, SEPTEMBER 29</p>
<p>BRUSSELS - Euromanagement hosts third annual conference on &quot;National telecoms debate&quot; (0830/0630 GMT) (To September 30). Venue: Holiday Inn. Contact: Christiane Vander Motte (322) 469 3650.</p>
<p>OCTOBER</p>
<p>LUXEMBOURG - Luxembourg EU Presidency hosts high-level meeting in the framework of preparations for the second Asia-Europe Meeting (ASEM) summit to be held in London in April 1998.</p>
<p>WEDNESDAY, OCTOBER 1</p>
<p>BRUSSELS - European Parliament holds mini session (To October 2).</p>
<p>BRUSSELS - EU Economic and Social Committee (ECOSOC) holds plenary session (To October 2).</p>
<p>BRUSSELS - Global Standards Conference holds conference on &quot;Building the global information society for the 21st century - New applications and business opportunities - Coherent standards and regulations&quot; (To October 3). Venue: Palace Hotel. Contact: European Commission DG III (Industry) (322) 511 7455. 101105 DED:BC-DIARY-LONGTERM =3 Reuter EC Report Long-Term Diary (page 3/4 - Oct 2-Nov 24)</p>
<p>THURSDAY, OCTOBER 2</p>
<p>LUXEMBOURG - EU telecoms ministers meet. No agenda yet available.</p>
<p>VIENNA - European Intermodal Association (EIA) holds conference on &quot;Europe towards intermodal transport&quot; (0930/0730 GMT) (To October 3). Speakers include: European Commissioner Kinnock. Venue: Hilton Hotel. Contact: EIA (322) 514 5654.</p>
<p>FRIDAY, OCTOBER 3</p>
<p>LUXEMBOURG - EU internal market ministers hold informal meeting and structured dialogue with Central and East European countries (To October 4). No agenda yet available.</p>
<p>MONDAY, OCTOBER 6</p>
<p>LUXEMBOURG - EU foreign ministers meet (To October 7). No agenda yet available.</p>
<p>TUESDAY, OCTOBER 7</p>
<p>LUXEMBOURG - EU social affairs ministers meet.</p>
<p>BRUSSELS - Aeronautica holds conference on &quot;The European air transport conference&quot; (To October 8). The theme of the conference is globalisation and in this context it will look closely at airline profitability, alliances, competition and safety. Venue: Sheraton Hotel and Towers. Contact: Aeronautica (44) 181 893 3795.</p>
<p>THURSDAY, OCTOBER 9</p>
<p>ECHTERNACH, Luxembourg - EU justice and home affairs hold informal meeting (To October 10).</p>
<p>LUXEMBOURG - EU transport ministers meet and hold structured dialogue with Central and East European countries. No agenda yet available.</p>
<p>BONN - Committee of the Regions holds seminar on &quot;Cross-border and inter-regonal cooperation&quot;. Contact: Committee of the Regions (322) 282 2155.</p>
<p>MONDAY, OCTOBER 13</p>
<p>LUXEMBOURG - EU finance ministers meet. No agenda yet available.</p>
<p>THURSDAY, OCTOBER 16</p>
<p>LUXEMBOURG - EU environment ministers meet (or October 26). No agenda yet available.</p>
<p>MONDAY, OCTOBER 20</p>
<p>LUXEMBOURG - EU agriculture ministers meet (To October 21). No agenda yet available.</p>
<p>STRASBOURG - European Parliament holds plenary session (To October 24).</p>
<p>WEDNESDAY, OCTOBER 22</p>
<p>AALBORG, Denmark - Euro Communication '97 conference &quot;Electronic government - as a driving force for the information society&quot; (0900/0700 GMT) (To October 24). Venue: Congress and Culture Centre. Contact: Congress and Culture Centre (45) 99 35 5555.</p>
<p>THURSDAY, OCTOBER 23</p>
<p>LUXEMBOURG - EU environment ministers meeting has been RESCHEDULED to October 16 or 26.</p>
<p>ATHENS - EU Committee of the Regions holds seminar on &quot;Combined transport&quot;. Contact: Committee of the Regions (322) 282 2155.</p>
<p>SATURDAY, OCTOBER 25</p>
<p>MONDORF, Luxembourg - EU foreign ministers hold informal meeting (To October 26).</p>
<p>WEDNESDAY, OCTOBER 29</p>
<p>BRUSSELS - EU Economic and Social Committee (ECOSOC) holds plenary session (To October 30).</p>
<p>LONDON - Agra Europe holds conference on &quot;Food &amp; agribusiness in Central and Eastern Europe&quot; (To Oct 30). Contact: Agra Europe (44) 1892 511 807.</p>
<p>THURSDAY, OCTOBER 30</p>
<p>LUXEMBOURG - EU fisheries ministers meet. No agenda yet available.</p>
<p>MARRAKESH - Euro-Mediterranean ministerial meeting on industrial cooperation (To October 31).</p>
<p>MONDAY, NOVEMBER 3</p>
<p>BRUSSELS - EU consumers ministers meet. No agenda yet available.</p>
<p>WEDNESDAY, NOVEMBER 5</p>
<p>BRUSSELS - European Parliament holds mini session (To November 6).</p>
<p>MONDAY, NOVEMBER 10</p>
<p>BRUSSELS - EU research ministers meet. No agenda yet available.</p>
<p>THURSDAY, NOVEMBER 6</p>
<p>LIBREVILLE, Gabon - African, Caribbean, Pacific heads of state and government hold summit (To November 7).</p>
<p>WEDNESDAY, NOVEMBER 12</p>
<p>TOULOUSE, France - European People's Party (EPP) holds congress on &quot;Europe and globalisation&quot; (To November 14). Contact: EPP (322) 285 41 57.</p>
<p>THURSDAY, NOVEMBER 13</p>
<p>BRUSSELS - EU industry ministers meet. No agenda yet available.</p>
<p>MONDAY, NOVEMBER 17</p>
<p>BRUSSELS - EU finance ministers meet. No agenda yet available.</p>
<p>BRUSSELS - EU agriculture ministers meet (To November 18). No agenda yet available.</p>
<p>STRASBOURG - European Parliament holds plenary session (To November 21).</p>
<p>WEDNESDAY, NOVEMBER 19</p>
<p>BRUSSELS - (possibly) EU fisheries ministers meet. No agenda yet available.</p>
<p>BRUSSELS - EU Committee of the Regions holds plenary session (To November 20).</p>
<p>THURSDAY, NOVEMBER 20</p>
<p>BRUSSELS - EU education ministers meet and hold structured dialogue with Central and East European countries. No agenda yet available.</p>
<p>MILAN - Third European conference for craft/trade and small businesses (To November 22). Contact: UEAPME (322) 230 7599.</p>
<p>FRIDAY, NOVEMBER 21</p>
<p>BRUSSELS - EU budget ministers meet. No agenda yet available.</p>
<p>MONDAY, NOVEMBER 24</p>
<p>BRUSSELS - EU foreign ministers meet (To November 25). No agenda yet available.</p>
<p>BRUSSELS - EU culture ministers meet. No agenda yet available.</p>
<p>LUXEMBOURG - The European Finance Convention and the Euro Week hold 11th annual convention (To November 28). Main topics discussed are the euro's impact on financial markets; European payment systems and implications for bank profitability; an overview of the enlargement programme - benefits and disadvantages of the first wave of entries. Speakers include: European Commission President Santer; Belgian Finance Minister Philippe Maystadt; European Commissioners Yves-Thibault de Silguy, Mario Monti, Monika Wulf-Mathies, Emma Bonino and Hans van den Broek; MEP Karl Von Wogau; Bank of England Governor Eddie George; Spanish Foreign Minister Abel Matutes; Spanish Economy Minister Rodrigo de Rato; World Trade Organisation Director General Renato Ruggiero; French Economy Minister Jean Arthuis; European Investment Bank President Brian Unwin. 101110 DED:BC-DIARY-LONGTERM =4 Reuter EC Report Long-Term Diary (page 4/4 - Nov 27-Dec 31)</p>
<p>THURSDAY, NOVEMBER 27</p>
<p>BRUSSELS - EU internal market ministers meet. No agenda yet available.</p>
<p>BRUSSELS - EU development ministers meet. No agenda yet available.</p>
<p>FRIDAY, NOVEMBER 28</p>
<p>HELSINKI - Environment ministerial conference on the framework of the Barcelona process.</p>
<p>MONDAY, DECEMBER 1</p>
<p>BRUSSELS - EU finance ministers meet. No agenda yet available.</p>
<p>BRUSSELS - (possibly) EU telecoms ministers meet. No agenda yet available.</p>
<p>LONDON - EU Committee of the Regions holds seminar on &quot;Green paper on the citizens's network&quot;. European Commissioner Kinnock attends. Contact: Committee of the Regions (322) 282 2155.</p>
<p>TUESDAY, DECEMBER 2</p>
<p>BRUSSELS - EU social affairs ministers meet. No agenda yet available.</p>
<p>WEDNESDAY, DECEMBER 3</p>
<p>BRUSSELS - European Parliament holds mini session (To December 4).</p>
<p>THURSDAY, DECEMBER 4</p>
<p>BRUSSELS - EU health ministers meet. No agenda yet available.</p>
<p>BRUSSELS - EU justice and home affairs ministers meet. No agenda yet available.</p>
<p>MONTEVIDEO - European Association of Chambers of Commerce (Eurochambres) sponsors a trade initiative bringing together some 200 EU companies and up to 300 companies from Argentina, Brazil, Chile, Paraguay and Uruguay (To December 5). Contact: Eurochambres (322) 282 0850.</p>
<p>MONDAY, DECEMBER 8</p>
<p>BRUSSELS - EU foreign ministers meet (To December 9). No agenda yet available.</p>
<p>BRUSSELS - EU energy ministers meet. No agenda yet available.</p>
<p>WEDNESDAY, DECEMBER 10</p>
<p>BRUSSELS - EU transport ministers meet (To December 11). No agenda yet available.</p>
<p>BRUSSELS - EU Economic and Social Committee (ECOSOC) holds plenary session (To December 11).</p>
<p>FRIDAY, DECEMBER 12</p>
<p>LUXEMBOURG - Luxembourg presidency hosts European Council of heads of state and government (To December 13).</p>
<p>MONDAY, DECEMBER 15</p>
<p>BRUSSELS - EU agriculture ministers meet (To December 16). No agenda yet available.</p>
<p>STRASBOURG - European Parliament holds plenary session (To December 19).</p>
<p>TUESDAY, DECEMBER 16</p>
<p>BRUSSELS - EU environment ministers meet (To December 17). No agenda yet available.</p>
<p>TUESDAY, DECEMBER 17</p>
<p>STRASBOURG - Presentation on the outcome of the Luxembourg EU presidency to the European Parliament.</p>
<p>THURSDAY, DECEMBER 18</p>
<p>BRUSSELS - EU fisheries ministers meet (To December 19). No agenda yet available.</p>
<p>LUXEMBOURG - Closing of the European Year Against Racism (To December 19).</p>
<p>MONDAY, DECEMBER 22</p>
<p>BRUSSELS - (possibly) EU finance ministers meet. No agenda yet available.</p>
<p>WEDNESDAY, DECEMBER 24</p>
<p>- EU institutions closed for Christmas holidays until Sunday, January 4 inclusive.</p>
<p>1998</p>
<p>BIRMINGHAM, United Kingdom - Group of Seven (G7) - Britain, U.S., Canada, France, Germany, Italy and Japan - hold summit.</p>
<p>If you have items for inclusion in the Reuter European</p>
<p>Community diary, please contact:</p>
<p>Telephone: Cynthia Simpson (322) 287 6851</p>
<p>Fax: (322) 230 5573</p>
<p>For technical queries regarding</p>
<p>the service, please call (322) 287 6666</p>
<p>- - - - - - - - - - - - - - - - - - - - - - -</p>
<p>EC Report (C)opyright Reuters Limited.</p>
</text>
<copyright>(c) Reuters Limited 1997</copyright>
<metadata>
<codes class="bip:countries:1.0">
  <code code="EEC">
    <editdetail attribution="Reuters BIP Coding Group" action="confirmed" date="1997-06-10"/>
  </code>
</codes>
<codes class="bip:topics:1.0">
  <code code="G15">
    <editdetail attribution="Reuters BIP Coding Group" action="confirmed" date="1997-06-10"/>
  </code>
  <code code="GCAT">
    <editdetail attribution="Reuters BIP Coding Group" action="confirmed" date="1997-06-10"/>
  </code>
</codes>
<dc element="dc.publisher" value="Reuters Holdings Plc"/>
<dc element="dc.date.published" value="1997-06-10"/>
<dc element="dc.source" value="Reuters"/>
<dc element="dc.creator.location.country.name" value="EU"/>
<dc element="dc.source" value="Reuters"/>
</metadata>
</newsitem>
