<?xml version="1.0" encoding="iso-8859-1" ?>
<newsitem itemid="648797" id="root" date="1997-06-10" xml:lang="en">
<title>CANADA: Kinross resumes underground ops at Macassa.</title>
<headline>Kinross resumes underground ops at Macassa.</headline>
<dateline>TORONTO 1997-06-10</dateline>
<text>
<p>Kinross Gold Corp said on Tuesday that it resumed underground activities at its Macassa Mine Division in Kirkland Lake, Ontario after resolving some issues with the Ontario Labor Ministry.</p>
<p>Kinross said the ministry issued an order last week for Kinross to stop underground operations at Macassa.</p>
<p>Kinross had canceled underground production shifts on April 12 at Macassa after rock bursts occurred in the area of the number three shaft following a routine longhole production blast.</p>
<p>Kinross said more information would be available after its board meeting later this week.</p>
<p>((Reuters Toronto Bureau 416 941-8100))</p>
</text>
<copyright>(c) Reuters Limited 1997</copyright>
<metadata>
<codes class="bip:countries:1.0">
  <code code="CANA">
    <editdetail attribution="Reuters BIP Coding Group" action="confirmed" date="1997-06-10"/>
  </code>
</codes>
<codes class="bip:industries:1.0">
  <code code="I13000">
    <editdetail attribution="Reuters BIP Coding Group" action="confirmed" date="1997-06-10"/>
  </code>
  <code code="I1300003">
    <editdetail attribution="Reuters BIP Coding Group" action="confirmed" date="1997-06-10"/>
  </code>
</codes>
<codes class="bip:topics:1.0">
  <code code="C21">
    <editdetail attribution="Reuters BIP Coding Group" action="confirmed" date="1997-06-10"/>
  </code>
  <code code="C24">
    <editdetail attribution="Reuters BIP Coding Group" action="confirmed" date="1997-06-10"/>
  </code>
  <code code="CCAT">
    <editdetail attribution="Reuters BIP Coding Group" action="confirmed" date="1997-06-10"/>
  </code>
</codes>
<dc element="dc.date.created" value="1997-06-10"/>
<dc element="dc.publisher" value="Reuters Holdings Plc"/>
<dc element="dc.date.published" value="1997-06-10"/>
<dc element="dc.source" value="Reuters"/>
<dc element="dc.creator.location" value="TORONTO"/>
<dc element="dc.creator.location.country.name" value="CANADA"/>
<dc element="dc.source" value="Reuters"/>
</metadata>
</newsitem>
