<?xml version="1.0" encoding="iso-8859-1" ?>
<newsitem itemid="648872" id="root" date="1997-06-10" xml:lang="en">
<title>USA: Brent steady in late U.S. paper trading.</title>
<headline>Brent steady in late U.S. paper trading.</headline>
<dateline>NEW YORK 1997-06-10</dateline>
<text>
<p>North Sea Brent blend crude oil was steady in forward contract trading late in the U.S. day during the &quot;window&quot; to set the reference price for Tuesday, traders said.</p>
<p>July Brent paper traded at $17.72 a barrel for a full cargo and at $17.75 and $17.73 for partials. August traded at $17.83.</p>
<p>July traded against August at a 31-cent discount for two full cargo sizes, at 31 cents under for a cargo and August against September at a 19 cent discount for a cargo size.</p>
<p>Various traders were involved and there was no featured buyer or seller.</p>
<p>--New York Energy Desk, +1 212 859 1620</p>
</text>
<copyright>(c) Reuters Limited 1997</copyright>
<metadata>
<codes class="bip:countries:1.0">
  <code code="USA">
    <editdetail attribution="Reuters BIP Coding Group" action="confirmed" date="1997-06-10"/>
  </code>
</codes>
<codes class="bip:topics:1.0">
  <code code="M14">
    <editdetail attribution="Reuters BIP Coding Group" action="confirmed" date="1997-06-10"/>
  </code>
  <code code="M143">
    <editdetail attribution="Reuters BIP Coding Group" action="confirmed" date="1997-06-10"/>
  </code>
  <code code="MCAT">
    <editdetail attribution="Reuters BIP Coding Group" action="confirmed" date="1997-06-10"/>
  </code>
</codes>
<dc element="dc.date.created" value="1997-06-10"/>
<dc element="dc.publisher" value="Reuters Holdings Plc"/>
<dc element="dc.date.published" value="1997-06-10"/>
<dc element="dc.source" value="Reuters"/>
<dc element="dc.creator.location" value="NEW YORK"/>
<dc element="dc.creator.location.country.name" value="USA"/>
<dc element="dc.source" value="Reuters"/>
</metadata>
</newsitem>
