<?xml version="1.0" encoding="iso-8859-1" ?>
<newsitem itemid="648856" id="root" date="1997-06-10" xml:lang="en">
<title>USA: Halliburton deal positions it for long-term.</title>
<headline>Halliburton deal positions it for long-term.</headline>
<byline>David Chance</byline>
<dateline>NEW YORK 1997-06-10</dateline>
<text>
<p>Halliburton Co's decision to pay almost twice the market price for oil logging company NUMAR Corp may dilute earnings in the short term, but long-term it positions the company for growth, analysts say.</p>
<p>&quot;I really believe that this will give Halliburton a major competitive advantage in bidding for business,&quot; said Philip Putnam of Brean, Murray &amp; Co.</p>
<p>Halliburton said on Tuesday that it would buy NUMAR in a stock transaction valued at $360 million, or $39.62 per NUMAR share, compared with 20-3/4 at which the stock closed.  </p>
<p>NUMAR has a magnetic resonance imaging logging tool that uses the same technology as medical MRI tools to chart fractures in rock that indicate the presence of oil and natural gas.</p>
<p>Putnam estimates that NUMAR technology is used in two percent, or 800, of the 40,000 wells drilled in 1996 and they estimate that NUMAR's gross annual revenues could grow to $100 milllion and net profit to $2.00 per share.</p>
<p>&quot;This company was an abvious target, the only surprise is how quickly the acquisition came, not the price,&quot; Putnam said.  </p>
<p>Putnam noted that Western Atlas Inc had been another potential bidder.</p>
<p>Halliburton's chief operating officer Dave Lesar said in a telephone interview that the company would honour contracts that make NUMAR's technology available to competitors, such as Western Atlas, but would review them when they expired.</p>
<p>&quot;Although we obviusly would have liked to pay less, there will be a very minor earnings per share dilution for the remainder of 1997. It's short term pain that we have to bear,&quot; Lesar said.  </p>
<p>Lesar noted that Schlumberger Ltd, the largest oilwell logging company had competing technology, but the NUMAR technology was better and gave Halliburton access to the rough offshore waters, where so much of the world's oil exploration is carried out.</p>
<p>&quot;This is a tool which is much more robust, logs faster than Schlumberger's and gives more detail,&quot; Lesar said.</p>
<p>Putnam at Brean Murray concurs, saying NUMAR's technology is way ahead of Schlumberger's.</p>
<p>&quot;This acquisition opens up whole new areas of business to Halliburton,&quot; he said.  </p>
<p>NUMAR had a net loss of $1.1 million, or seven cents per share, in 1996, although the fourth quarter was in the black and in the first quarter of 1997, its net income was $923,000, or 11 cents per share.</p>
<p>Halliburton is ranked third in its industry sector, behind giant Schlumberger and Western Atlas. Net income was $107.6 million in 1996, or $0.85 per share.</p>
<p>The companies expect the acquisition to be completed in the third quarter of this year.</p>
<p>((-- David Chance New York Newsroom 212 859 1902))</p>
</text>
<copyright>(c) Reuters Limited 1997</copyright>
<metadata>
<codes class="bip:countries:1.0">
  <code code="USA">
    <editdetail attribution="Reuters BIP Coding Group" action="confirmed" date="1997-06-10"/>
  </code>
</codes>
<codes class="bip:industries:1.0">
  <code code="I13000">
    <editdetail attribution="Reuters BIP Coding Group" action="confirmed" date="1997-06-10"/>
  </code>
  <code code="I32510">
    <editdetail attribution="Reuters BIP Coding Group" action="confirmed" date="1997-06-10"/>
  </code>
</codes>
<codes class="bip:topics:1.0">
  <code code="C15">
    <editdetail attribution="Reuters BIP Coding Group" action="confirmed" date="1997-06-10"/>
  </code>
  <code code="C152">
    <editdetail attribution="Reuters BIP Coding Group" action="confirmed" date="1997-06-10"/>
  </code>
  <code code="C18">
    <editdetail attribution="Reuters BIP Coding Group" action="confirmed" date="1997-06-10"/>
  </code>
  <code code="C181">
    <editdetail attribution="Reuters BIP Coding Group" action="confirmed" date="1997-06-10"/>
  </code>
  <code code="CCAT">
    <editdetail attribution="Reuters BIP Coding Group" action="confirmed" date="1997-06-10"/>
  </code>
</codes>
<dc element="dc.date.created" value="1997-06-10"/>
<dc element="dc.publisher" value="Reuters Holdings Plc"/>
<dc element="dc.date.published" value="1997-06-10"/>
<dc element="dc.source" value="Reuters"/>
<dc element="dc.creator.location" value="NEW YORK"/>
<dc element="dc.creator.location.country.name" value="USA"/>
<dc element="dc.source" value="Reuters"/>
</metadata>
</newsitem>
