<?xml version="1.0" encoding="iso-8859-1" ?>
<newsitem itemid="648832" id="root" date="1997-06-10" xml:lang="en">
<title>USA: Washington court dismisses Medicaid tobacco claims.</title>
<headline>Washington court dismisses Medicaid tobacco claims.</headline>
<dateline>NEW YORK 1997-06-10</dateline>
<text>
<p>A Washington state Superior Court judge dismissed most of the state's claims against cigarette makers in its lawsuit seeking reimbursement for the public costs of treating illnesses related to smoking, two tobacco companies said Tuesday.</p>
<p>A spokeswoman for one of the companies, R.J. Reynolds Tobacco Co, said the remaining claims pertained to antitrust matters and a state law about targetting cigarette marketing to minors.</p>
<p>In an 18-page opinion dated June 6, 1997, Judge George Finkle rejected the state's claims of breach of special and general duties, unjust enrichment, performance of another's duties to the public, and restitution and/or disgorgement of the defendants' profits, the companies said.</p>
<p>Philip Morris Cos Inc, one of the companies that issued a statement about the ruling, maintains that the state's few remaining claims are legally flawed.</p>
<p>Reynolds, a unit of RJR Nabisco Holdings Corp, said the state was unable to bring claims that satisfied the law regarding a third party bringing claims for damages.</p>
<p>Representatives of Washington's attorney general were not immediately available for comment.  </p>
<p>.</p>
</text>
<copyright>(c) Reuters Limited 1997</copyright>
<metadata>
<codes class="bip:countries:1.0">
  <code code="USA">
    <editdetail attribution="Reuters BIP Coding Group" action="confirmed" date="1997-06-10"/>
  </code>
</codes>
<codes class="bip:industries:1.0">
  <code code="I42900">
    <editdetail attribution="Reuters BIP Coding Group" action="confirmed" date="1997-06-10"/>
  </code>
</codes>
<codes class="bip:topics:1.0">
  <code code="C12">
    <editdetail attribution="Reuters BIP Coding Group" action="confirmed" date="1997-06-10"/>
  </code>
  <code code="CCAT">
    <editdetail attribution="Reuters BIP Coding Group" action="confirmed" date="1997-06-10"/>
  </code>
  <code code="GCAT">
    <editdetail attribution="Reuters BIP Coding Group" action="confirmed" date="1997-06-10"/>
  </code>
  <code code="GCRIM">
    <editdetail attribution="Reuters BIP Coding Group" action="confirmed" date="1997-06-10"/>
  </code>
</codes>
<dc element="dc.date.created" value="1997-06-10"/>
<dc element="dc.publisher" value="Reuters Holdings Plc"/>
<dc element="dc.date.published" value="1997-06-10"/>
<dc element="dc.source" value="Reuters"/>
<dc element="dc.creator.location" value="NEW YORK"/>
<dc element="dc.creator.location.country.name" value="USA"/>
<dc element="dc.source" value="Reuters"/>
</metadata>
</newsitem>
