<?xml version="1.0" encoding="iso-8859-1" ?>
<newsitem itemid="648801" id="root" date="1997-06-10" xml:lang="en">
<title>CANADA: CBRS cuts rating on Royal Bank Canada E pfd.</title>
<headline>CBRS cuts rating on Royal Bank Canada E pfd.</headline>
<dateline>MONTREAL 1997-06-10</dateline>
<text>
<p>Canadian Bond Rating Service said on Tuesday that it cut the rating on Royal Bank of Canada's series E first preferred shares to P-2 from P-1.</p>
<p>The Montreal-based rating agency said it downgraded the preferred shares of Canada's largest bank after Royal Bank said it proposed to amend the C$150 million worth of preferred shares to change the dividends to non-cumulative from cumulative.</p>
<p>CBRS said the rating change was automatic and not a reflection of a change in the underlying credit of Royal Bank.</p>
<p>&quot;It is CBRS's policy to rate non-cumulative preferred shares one full category lower than the cumulative preferred shares,&quot; Canadian Bond said.</p>
<p>((Reuters Toronto Bureau 416 941-8100))</p>
</text>
<copyright>(c) Reuters Limited 1997</copyright>
<metadata>
<codes class="bip:countries:1.0">
  <code code="CANA">
    <editdetail attribution="Reuters BIP Coding Group" action="confirmed" date="1997-06-10"/>
  </code>
</codes>
<codes class="bip:industries:1.0">
  <code code="I81402">
    <editdetail attribution="Reuters BIP Coding Group" action="confirmed" date="1997-06-10"/>
  </code>
</codes>
<codes class="bip:topics:1.0">
  <code code="C17">
    <editdetail attribution="Reuters BIP Coding Group" action="confirmed" date="1997-06-10"/>
  </code>
  <code code="C174">
    <editdetail attribution="Reuters BIP Coding Group" action="confirmed" date="1997-06-10"/>
  </code>
  <code code="CCAT">
    <editdetail attribution="Reuters BIP Coding Group" action="confirmed" date="1997-06-10"/>
  </code>
</codes>
<dc element="dc.date.created" value="1997-06-10"/>
<dc element="dc.publisher" value="Reuters Holdings Plc"/>
<dc element="dc.date.published" value="1997-06-10"/>
<dc element="dc.source" value="Reuters"/>
<dc element="dc.creator.location" value="MONTREAL"/>
<dc element="dc.creator.location.country.name" value="CANADA"/>
<dc element="dc.source" value="Reuters"/>
</metadata>
</newsitem>
