<?xml version="1.0" encoding="iso-8859-1" ?>
<newsitem itemid="648883" id="root" date="1997-06-10" xml:lang="en">
<title>USA: API says U.S. crude stocks rose in week.</title>
<headline>API says U.S. crude stocks rose in week.</headline>
<dateline>WASHINGTON 1997-06-10</dateline>
<text>
<p>U.S. crude oil stocks held in primary storage rose 336,000 barrels in the week ended June 6 to 323.96 million barrels from 323.62 million barrels the previous week, the American Petroleum Institute said Tuesday.</p>
<p>API said that crude stocks excluding PADD 5 (Petroleum Administration for Defense District) fell 50,000 barrels in the week to 255.97 million barrels.</p>
<p>Distillate stocks rose 1.94 million barrels to 109.25 million barrels from 107.32 million barrels the prior week.</p>
<p>API said PADD 1 distillate stocks rose 2.31 million barrels to 37.03 million barrels.</p>
<p>It said gasoline production fell 216,000 barrels in the week to 7.98 million bpd from 8.20 million in the prior week.</p>
<p>Gasoline stocks rose 2.71 million barrels in the week to 202.44 million barrels from 199.72 million barrels the previous week.</p>
<p>Percent of stocks capacity fell to 98.3 percent from 98.4 percent the previous week.</p>
<p>API said reformulated gasoline stocks (RFG) rose 1.28 million barrels to 39.48 million barrels from 38.20 million barrels the previous week.  </p>
<p>API also said crude runs refinery operating rate excluding PADD 5 fell to 98.6 percent in the week from 99.9 percent the previous week.</p>
<p>API said total crude runs to processing units fell to 15.17 million barrels per day from 15.21 million the previous week.</p>
<p>Residual fuel stocks in the latest week rose to 40.93 million barrels from 39.85 million in the previous week.</p>
<p>Crude oil imports rose to 8.43 million barrels per day from 8.37 million, API said.</p>
</text>
<copyright>(c) Reuters Limited 1997</copyright>
<metadata>
<codes class="bip:countries:1.0">
  <code code="USA">
    <editdetail attribution="Reuters BIP Coding Group" action="confirmed" date="1997-06-10"/>
  </code>
</codes>
<codes class="bip:industries:1.0">
  <code code="I13000">
    <editdetail attribution="Reuters BIP Coding Group" action="confirmed" date="1997-06-10"/>
  </code>
  <code code="I1300003">
    <editdetail attribution="Reuters BIP Coding Group" action="confirmed" date="1997-06-10"/>
  </code>
  <code code="I14000">
    <editdetail attribution="Reuters BIP Coding Group" action="confirmed" date="1997-06-10"/>
  </code>
</codes>
<codes class="bip:topics:1.0">
  <code code="C21">
    <editdetail attribution="Reuters BIP Coding Group" action="confirmed" date="1997-06-10"/>
  </code>
  <code code="CCAT">
    <editdetail attribution="Reuters BIP Coding Group" action="confirmed" date="1997-06-10"/>
  </code>
  <code code="M14">
    <editdetail attribution="Reuters BIP Coding Group" action="confirmed" date="1997-06-10"/>
  </code>
  <code code="M143">
    <editdetail attribution="Reuters BIP Coding Group" action="confirmed" date="1997-06-10"/>
  </code>
  <code code="MCAT">
    <editdetail attribution="Reuters BIP Coding Group" action="confirmed" date="1997-06-10"/>
  </code>
</codes>
<dc element="dc.date.created" value="1997-06-10"/>
<dc element="dc.publisher" value="Reuters Holdings Plc"/>
<dc element="dc.date.published" value="1997-06-10"/>
<dc element="dc.source" value="Reuters"/>
<dc element="dc.creator.location" value="WASHINGTON"/>
<dc element="dc.creator.location.country.name" value="USA"/>
<dc element="dc.source" value="Reuters"/>
</metadata>
</newsitem>
