<?xml version="1.0" encoding="iso-8859-1" ?>
<newsitem itemid="648807" id="root" date="1997-06-10" xml:lang="en">
<title>USA: U.S. Cattle/Beef Daily Summary.</title>
<headline>U.S. Cattle/Beef Daily Summary.</headline>
<text>
<p>Midwest and High Plains Direct Slaughter Cattle: Tue, June 10, 1997</p>
<p>==========================================================================</p>
<p>	   : Tex-OK: KS    : NE    : IA    : CO    5 Area  Lst Wk :Lst Yr</p>
<p>-------------------------------(Movement)---------------------------------</p>
<p>Tuesday  : 18,000: 42,100: 18,100:  1,500:  8,600 88,300143,300: 38,600</p>
<p>Wk-Date  : 66,300: 52,800: 37,700:  4,800:  8,600170,200	 :</p>
<p>Lst Wk   :114,400:111,100: 88,000: 23,200: 16,100352,800	 :</p>
<p>Lst Yr   : 18,700: 12,500: 48,700: 18,000:  7,900105,800	 :</p>
<p>--------------------------------(Prices)----------------------------------</p>
<p>Tue Lv   : 63.00 : 63.00 : 63.00-: 63.50-: 62.50- 62.50-  63.00-: 62.00-</p>
<p> Str     :	 :	 : 64.00 : 64.00 : 63.00  64.00   65.50 : 63.25</p>
<p>Tue Lv   : 63.00 : 63.00 : 62.50-: 63.50-: 62.50- 62.50   63.00-: 62.00-</p>
<p> Hfr     :	 :	 : 64.00 : 64.00 : 63.00  64.00   65.50 : 63.00</p>
<p>Tue Dr   :	 :100.00 :102.00-:102.00-:100.00-100.00- 102.00-: 99.00-</p>
<p> Str     :	 :	 :102.50 :103.00 :101.00 103.00  105.00 :102.00</p>
<p>Tue Dr   :	 :100.00 :100.00-:102.00-:100.00-100.00- 102.00-: 99.00-</p>
<p> Hfr     :	 :	 :103.00 :102.50 :101.00 103.00  104.00 :101.00</p>
<p>==========================================================================</p>
<p>Live Strs: (Wted Averages for Mon, Jun 09, 1997)		    :</p>
<p>No. Hd   : 15,832:    229:    ---:    274:    --- 16,335   5,726:  4,437</p>
<p>Av. Wt   :   1167:   1259:   ----:   1231:   ----   1169    1202:   1210</p>
<p>Av. Pr   :  63.00:  63.00:  -----:  63.92:  -----  63.02   64.20:  61.89</p>
<p>--------------------------------------------------------------------------</p>
<p>Live Hfrs: (Wted Averages for Mon, Jun 09, 1997)		    :</p>
<p>No. Hd   : 12,468:    150:    ---:     90:    --- 12,708   8,305:  2,967</p>
<p>Av. Wt   :   1066:   1050:   ----:   1063:   ----   1065    1073:   1099</p>
<p>Av. Pr   :  63.00:  63.00:  -----:  63.00:  -----  63.00   64.11:  61.85</p>
<p>--------------------------------------------------------------------------</p>
<p>Drsd Strs: (Wted Averages for Mon, Jun 09, 1997)		    :</p>
<p>No. Hd   :    ---:    ---:     61:    474:     44    579   2,253:    919</p>
<p>Av. Wt   :   ----:   ----:   1225:   1231:   1275   1233    1226:   1225</p>
<p>Av. Pr   : ------: ------: 102.00: 102.00: 101.00 101.92  104.66:  98.34</p>
<p>--------------------------------------------------------------------------</p>
<p>Drsd Hfrs: (Wted Averages for Mon, Jun 09, 1997)		    :</p>
<p>No. Hd   :    ---:    ---:    125:    830:    ---    955   2,168:    682</p>
<p>Av. Wt   :   ----:   ----:   1187:   1125:   ----   1133    1131:   1126</p>
<p>Av. Pr   : ------: ------: 102.00: 101.19: ------ 101.30  104.64:  97.85</p>
<p>--------------------------------------------------------------------------</p>
<p>Mon   Wtd: 28,300:    379:    186:  1,668:     44 30,577  18,452:  9,005</p>
<p>Ttl other: 18,816:  3,462:  8,248:    732:     -- 31,258  29,809: 21,016</p>
<p>==========================================================================</p>
<p>(06-10-97) Boxed Beef	     Choice	  Select	361 Fab lds</p>
<p> Cutout Value:   550-700 lbs   99.79 -1.86   94.06 -1.74   20 50's lds</p>
<p>		     700-850 lbs   99.83 -1.28   93.73 -1.03   32 Grd lds</p>
<p>==========================================================================</p>
<p>						  (06-10-97) (--------) Week to date</p>
<p>Est'd Fed Inspected Cattle Slaughter:   132,000		  263,000</p>
<p>=========================================================================</p>
<p>** Notice to all Market News offices and subscribers - the two columns on the right side of report (Lst Wk; Lst Yr) are comparisons to last week and last year for the various areas and the weighted averages for the 5 Area report. This will be a permanent part of the report **</p>
</text>
<copyright>(c) Reuters Limited 1997</copyright>
<metadata>
<codes class="bip:countries:1.0">
  <code code="USA">
    <editdetail attribution="Reuters BIP Coding Group" action="confirmed" date="1997-06-10"/>
  </code>
</codes>
<codes class="bip:topics:1.0">
  <code code="M14">
    <editdetail attribution="Reuters BIP Coding Group" action="confirmed" date="1997-06-10"/>
  </code>
  <code code="M141">
    <editdetail attribution="Reuters BIP Coding Group" action="confirmed" date="1997-06-10"/>
  </code>
  <code code="MCAT">
    <editdetail attribution="Reuters BIP Coding Group" action="confirmed" date="1997-06-10"/>
  </code>
</codes>
<dc element="dc.publisher" value="Reuters Holdings Plc"/>
<dc element="dc.date.published" value="1997-06-10"/>
<dc element="dc.source" value="Reuters"/>
<dc element="dc.creator.location.country.name" value="USA"/>
<dc element="dc.source" value="Reuters"/>
</metadata>
</newsitem>
