<?xml version="1.0" encoding="iso-8859-1" ?>
<newsitem itemid="648885" id="root" date="1997-06-10" xml:lang="en">
<title>USA: North Pittsburgh Systems qtly div $0.14.</title>
<headline>North Pittsburgh Systems qtly div $0.14.</headline>
<dateline>GIBSONIA, Pa. 1997-06-10</dateline>
<text>
<p>Quarterly</p>
<p>			  Latest		   Prior</p>
<p> Amount		  $0.14		   $0.14</p>
<p> Pay		   July 15</p>
<p> Record		 July 1</p>
<p>NOTE: Full name is North Pittsburgh Systems Inc.</p>
</text>
<copyright>(c) Reuters Limited 1997</copyright>
<metadata>
<codes class="bip:countries:1.0">
  <code code="USA">
    <editdetail attribution="Reuters BIP Coding Group" action="confirmed" date="1997-06-10"/>
  </code>
</codes>
<codes class="bip:topics:1.0">
  <code code="C15">
    <editdetail attribution="Reuters BIP Coding Group" action="confirmed" date="1997-06-10"/>
  </code>
  <code code="C151">
    <editdetail attribution="Reuters BIP Coding Group" action="confirmed" date="1997-06-10"/>
  </code>
  <code code="CCAT">
    <editdetail attribution="Reuters BIP Coding Group" action="confirmed" date="1997-06-10"/>
  </code>
</codes>
<dc element="dc.date.created" value="1997-06-10"/>
<dc element="dc.publisher" value="Reuters Holdings Plc"/>
<dc element="dc.date.published" value="1997-06-10"/>
<dc element="dc.source" value="Reuters"/>
<dc element="dc.creator.location" value="GIBSONIA, Pa."/>
<dc element="dc.creator.location.country.name" value="USA"/>
<dc element="dc.source" value="Reuters"/>
</metadata>
</newsitem>
