<?xml version="1.0" encoding="iso-8859-1" ?>
<newsitem itemid="648831" id="root" date="1997-06-10" xml:lang="en">
<title>USA: Gaming Venture Q2 April 30 net increases.</title>
<headline>Gaming Venture Q2 April 30 net increases.</headline>
<dateline>FORT LEE, N.J. 1997-06-10</dateline>
<text>
<p>Three Months Ended April 30</p>
<p>						1997		    1996</p>
<p> Revenues			     $176,716		 $ 69,842</p>
<p> Net Income			    117,275		   51,036</p>
<p>Per Share Information:</p>
<p>Weighted Average Number of Common</p>
<p>	Shares Outstanding	 1,602,234		1,591,834</p>
<p> Net Income Per Share		   0.07		     0.03</p>
<p>------</p>
<p>					   Six Months Ended April 30</p>
<p>					     1997		    1996</p>
<p> Revenues			     $311,638		$114,499</p>
<p> Net Income			    198,253		  66,195</p>
<p>Per Share Information:</p>
<p>Weighted Average Number of Common</p>
<p>     Shares Outstanding	  1,593,734	     1,591,834</p>
<p> Net Income Per Share		   0.12		    0.04</p>
<p>NOTE:  Full name of company is Gaming Venture Corp.</p>
</text>
<copyright>(c) Reuters Limited 1997</copyright>
<metadata>
<codes class="bip:countries:1.0">
  <code code="USA">
    <editdetail attribution="Reuters BIP Coding Group" action="confirmed" date="1997-06-10"/>
  </code>
</codes>
<codes class="bip:industries:1.0">
  <code code="I81502">
    <editdetail attribution="Reuters BIP Coding Group" action="confirmed" date="1997-06-10"/>
  </code>
  <code code="I8150203">
    <editdetail attribution="Reuters BIP Coding Group" action="confirmed" date="1997-06-10"/>
  </code>
</codes>
<codes class="bip:topics:1.0">
  <code code="C15">
    <editdetail attribution="Reuters BIP Coding Group" action="confirmed" date="1997-06-10"/>
  </code>
  <code code="C151">
    <editdetail attribution="Reuters BIP Coding Group" action="confirmed" date="1997-06-10"/>
  </code>
  <code code="CCAT">
    <editdetail attribution="Reuters BIP Coding Group" action="confirmed" date="1997-06-10"/>
  </code>
</codes>
<dc element="dc.date.created" value="1997-06-10"/>
<dc element="dc.publisher" value="Reuters Holdings Plc"/>
<dc element="dc.date.published" value="1997-06-10"/>
<dc element="dc.source" value="Reuters"/>
<dc element="dc.creator.location" value="FORT LEE, N.J."/>
<dc element="dc.creator.location.country.name" value="USA"/>
<dc element="dc.source" value="Reuters"/>
</metadata>
</newsitem>
