<?xml version="1.0" encoding="iso-8859-1" ?>
<newsitem itemid="648940" id="root" date="1997-06-10" xml:lang="en">
<title>USA: Jonathan Levin family creates memorial fund.</title>
<headline>Jonathan Levin family creates memorial fund.</headline>
<dateline>NEW YORK 1997-06-10</dateline>
<text>
<p>The family of Jonathan Levin, the slain son of Time Warner Inc chairman Gerald Levin, has set up a memorial fund at the high school where the younger Levin taught, the company said on Tuesday.</p>
<p>The family said it has received &quot;numerous inquiries as to how to honor Jonathan's memory,&quot; and decided to establish a fund at Taft High School in The Bronx, where Levin taught.</p>
<p>The fund will be used in three ways: To create a media academy to give students experience in the information and entertainment industries; create a scholarship to be awarded to a student pursuing a teaching career; and rehabilitate the school's unusable athletic field, which will be named for the slain teacher.</p>
<p>In a statement released by the company, the family said it was &quot;moved and comforted by the sheer scope and emotion of the public's reaction to Jonathan's death.&quot;</p>
<p>Levin's accused killers, Corey Arthur, 19, and Montoun Hart, 25, were arraigned Sunday on murder and robbery charges.</p>
<p>Levin was slain on May 30 in his Manhattan apartment.</p>
</text>
<copyright>(c) Reuters Limited 1997</copyright>
<metadata>
<codes class="bip:countries:1.0">
  <code code="USA">
    <editdetail attribution="Reuters BIP Coding Group" action="confirmed" date="1997-06-10"/>
  </code>
</codes>
<codes class="bip:industries:1.0">
  <code code="I83960">
    <editdetail attribution="Reuters BIP Coding Group" action="confirmed" date="1997-06-10"/>
  </code>
</codes>
<codes class="bip:topics:1.0">
  <code code="CCAT">
    <editdetail attribution="Reuters BIP Coding Group" action="confirmed" date="1997-06-10"/>
  </code>
  <code code="GCAT">
    <editdetail attribution="Reuters BIP Coding Group" action="confirmed" date="1997-06-10"/>
  </code>
  <code code="GCRIM">
    <editdetail attribution="Reuters BIP Coding Group" action="confirmed" date="1997-06-10"/>
  </code>
  <code code="GPRO">
    <editdetail attribution="Reuters BIP Coding Group" action="confirmed" date="1997-06-10"/>
  </code>
</codes>
<dc element="dc.date.created" value="1997-06-10"/>
<dc element="dc.publisher" value="Reuters Holdings Plc"/>
<dc element="dc.date.published" value="1997-06-10"/>
<dc element="dc.source" value="Reuters"/>
<dc element="dc.creator.location" value="NEW YORK"/>
<dc element="dc.creator.location.country.name" value="USA"/>
<dc element="dc.source" value="Reuters"/>
</metadata>
</newsitem>
