<?xml version="1.0" encoding="iso-8859-1" ?>
<newsitem itemid="648915" id="root" date="1997-06-10" xml:lang="en">
<title>USA: Comstock Texas well tests gas, condensate.</title>
<headline>Comstock Texas well tests gas, condensate.</headline>
<dateline>DALLAS 1997-06-10</dateline>
<text>
<p>Comstock Resources Inc said that its West Bay Carter 1 well had tested at 7,285,000 cubic feet per day of natural gas and 240 barrels of condensate per day on a 16/64 inch choke with flowing tubing pressure of 6,350 pounds per square inch.</p>
<p>The Polk County, Texas well was drilled to 14,530 feet and completed in the Upper Woodbine formation through perforations at 13,981 feet to 14,024 feet, the company said.</p>
<p>Comstock owns a 43 percent in the well and is the operator.</p>
<p>Comstock said its Carter E-12, a 14,400 foot development well on the North edge of the Double A Wells field, is currently drilling at 10,064 feet.</p>
<p>((-- New York Newsroom 212 859 1902))</p>
</text>
<copyright>(c) Reuters Limited 1997</copyright>
<metadata>
<codes class="bip:countries:1.0">
  <code code="USA">
    <editdetail attribution="Reuters BIP Coding Group" action="confirmed" date="1997-06-10"/>
  </code>
</codes>
<codes class="bip:industries:1.0">
  <code code="I13000">
    <editdetail attribution="Reuters BIP Coding Group" action="confirmed" date="1997-06-10"/>
  </code>
  <code code="I1300003">
    <editdetail attribution="Reuters BIP Coding Group" action="confirmed" date="1997-06-10"/>
  </code>
</codes>
<codes class="bip:topics:1.0">
  <code code="C24">
    <editdetail attribution="Reuters BIP Coding Group" action="confirmed" date="1997-06-10"/>
  </code>
  <code code="CCAT">
    <editdetail attribution="Reuters BIP Coding Group" action="confirmed" date="1997-06-10"/>
  </code>
</codes>
<dc element="dc.date.created" value="1997-06-10"/>
<dc element="dc.publisher" value="Reuters Holdings Plc"/>
<dc element="dc.date.published" value="1997-06-10"/>
<dc element="dc.source" value="Reuters"/>
<dc element="dc.creator.location" value="DALLAS"/>
<dc element="dc.creator.location.country.name" value="USA"/>
<dc element="dc.source" value="Reuters"/>
</metadata>
</newsitem>
