<?xml version="1.0" encoding="iso-8859-1" ?>
<newsitem itemid="648933" id="root" date="1997-06-10" xml:lang="en">
<title>USA: CSCE world sugar ends lower, July holds support.</title>
<headline>CSCE world sugar ends lower, July holds support.</headline>
<dateline>NEW YORK 1997-06-10</dateline>
<text>
<p>CSCE world sugar futures settled weaker but off the lows as trade buying stymied early losses, trading sources said.</p>
<p>Speculative rolling of July positions pinched the July/October spread to 0.12 cent July premium on the close, from 0.14 cent on Monday.</p>
<p>The speculators triggered light sell stops early and pushed July below 11.37, where a double bottom had formed on the charts, to 11.32 cents.</p>
<p>While the trade absorbed a significant amount of the selling, market sources expect the speculators, who hold a heavy net long position, to continue to chip away at prices.</p>
<p>&quot;The specs have no choice but to roll at current levels,&quot; a trader said.</p>
<p>Support was pegged from 11.20 to 11.00 cents basis July.</p>
<p>July closed 0.08 cent lower to 11.37 cents per lb, having ranged from 11.41 to 11.32 cents. October settled down 0.06 at 11.25, while the outer months went out 0.04 to 0.07 weaker.</p>
<p>Volume reached an estimated 24,223 lots, compared with Monday's official 17,318 lots, CSCE said.</p>
<p>Liquidation of the front month is expected to accelerate once July options expire on Friday.</p>
<p>Open interest in July remains high with just 14 trading days before expiry.</p>
<p>Open interest in July stood at 75,732 lots, down 2,686 lots as of early Monday. Second-position October gained 2,159 lots to 65,512 lots.</p>
<p>((Suzanne Rostler, New York Commodity Desk 212 859 1640))</p>
</text>
<copyright>(c) Reuters Limited 1997</copyright>
<metadata>
<codes class="bip:countries:1.0">
  <code code="USA">
    <editdetail attribution="Reuters BIP Coding Group" action="confirmed" date="1997-06-10"/>
  </code>
</codes>
<codes class="bip:topics:1.0">
  <code code="M14">
    <editdetail attribution="Reuters BIP Coding Group" action="confirmed" date="1997-06-10"/>
  </code>
  <code code="M141">
    <editdetail attribution="Reuters BIP Coding Group" action="confirmed" date="1997-06-10"/>
  </code>
  <code code="MCAT">
    <editdetail attribution="Reuters BIP Coding Group" action="confirmed" date="1997-06-10"/>
  </code>
</codes>
<dc element="dc.date.created" value="1997-06-10"/>
<dc element="dc.publisher" value="Reuters Holdings Plc"/>
<dc element="dc.date.published" value="1997-06-10"/>
<dc element="dc.source" value="Reuters"/>
<dc element="dc.creator.location" value="NEW YORK"/>
<dc element="dc.creator.location.country.name" value="USA"/>
<dc element="dc.source" value="Reuters"/>
</metadata>
</newsitem>
