<?xml version="1.0" encoding="iso-8859-1" ?>
<newsitem itemid="648937" id="root" date="1997-06-10" xml:lang="en">
<title>USA: COMEX copper ends higher after late rally.</title>
<headline>COMEX copper ends higher after late rally.</headline>
<dateline>NEW YORK 1997-06-10</dateline>
<text>
<p>COMEX copper futures sprung higher late in the day after laying dormant for most of the session, as speculators bought the market on the heels of a rally in London.</p>
<p>COMEX July copper rose 2.55 cents a lb on the day, to close at a new one-year high of 120.10 cents. Trades were posted from 117.50 to 120.45 cents.</p>
<p>Most of the buying appeared to be chart-driven, traders said, with automatic buy orders activated above last week's highs at 118.70 basis July.</p>
<p>Traders said a drawdown on LME inventories overnight also offered some initial support this morning. LME warehouse stocks fell by 2,750 tonnes today, after registering a 1,750-tonne drop on Monday.</p>
<p>In addition, dealers noted some currency-related interest from the Far East, as end-users sought to capitalize on the U.S. dollar's recent weakness.</p>
<p>&quot;It was a pretty impressive price performance, but I think it was more technical with stops being triggered,&quot; said Smith Barney analyst David Rineheimer. &quot;The question is, can it sustain these price levels?&quot;</p>
<p>While stocks remain relatively tight worldwide, a seaonsal downturn in demand over the summer could limit the market's upside potential, he added.</p>
<p>Meanwhile, traders continued to monitor an ongoing strike at the Inco complex in Sudbury, Ontario. Workers at the plant, which produces about 90,000 tonnes of copper annually, have been on strike since the beginning of the month.</p>
<p>Inco officials said on Tuesday they would seek the help of a mediator to resolve the strike.</p>
<p>Technically, today's breach of the widely-watched 120.00 cent level opened up the opportunity to challenge one-year highs near 130 cents, analysts said.</p>
<p>((Wendy Pollack, New York Commodities Desk +1 212 859 1640))</p>
</text>
<copyright>(c) Reuters Limited 1997</copyright>
<metadata>
<codes class="bip:countries:1.0">
  <code code="USA">
    <editdetail attribution="Reuters BIP Coding Group" action="confirmed" date="1997-06-10"/>
  </code>
</codes>
<codes class="bip:topics:1.0">
  <code code="M14">
    <editdetail attribution="Reuters BIP Coding Group" action="confirmed" date="1997-06-10"/>
  </code>
  <code code="M142">
    <editdetail attribution="Reuters BIP Coding Group" action="confirmed" date="1997-06-10"/>
  </code>
  <code code="MCAT">
    <editdetail attribution="Reuters BIP Coding Group" action="confirmed" date="1997-06-10"/>
  </code>
</codes>
<dc element="dc.date.created" value="1997-06-10"/>
<dc element="dc.publisher" value="Reuters Holdings Plc"/>
<dc element="dc.date.published" value="1997-06-10"/>
<dc element="dc.source" value="Reuters"/>
<dc element="dc.creator.location" value="NEW YORK"/>
<dc element="dc.creator.location.country.name" value="USA"/>
<dc element="dc.source" value="Reuters"/>
</metadata>
</newsitem>
