<?xml version="1.0" encoding="iso-8859-1" ?>
<newsitem itemid="649089" id="root" date="1997-06-10" xml:lang="en">
<title>USA: ATHLETICS-SLANEY TO BE SUSPENDED FROM U.S. MEET.</title>
<headline>ATHLETICS-SLANEY TO BE SUSPENDED FROM U.S. MEET.</headline>
<byline>Gene Cherry</byline>
<dateline>INDIANAPOLIS 1997-06-10</dateline>
<text>
<p>U.S. athletics officials said on Tuesday they would invalidate suspended runner Mary Slaney's entry into this week's national championships once they received formal notification of her suspension by the International Amateur Athletic Federation (IAAF).</p>
<p>The world governing body's secretary-general, Istvan Gyulai, said the notification had been faxed on Tuesday and that U.S. officials had been told to suspend Slaney if she is not cleared by an American hearing panel of a disputed doping test.</p>
<p>&quot;They have been instructed to suspend her and to inform all the other athletes of her suspension,&quot; Gyulai said from IAAF headquarters in Monte Carlo. &quot;She is prohibited from running nationally or internationally.&quot;</p>
<p>Asked about Gyulai's comments, USA Track &amp; Field spokesman Pete Cava said when the notification  was received &quot;we will have to invalidate her entry&quot; into the championships, which start here on Wednesday.</p>
<p>&quot;We have to adhere to IAAF rules,&quot; Cava said.</p>
<p>Slaney's choices now will be either not to compete or to seek court action, arbitration, or relief from the United States Olympic Committee.</p>
<p>Slaney's husband, Richard, said from their home in Eugene, Oregon, that Mary had not decided what to do.</p>
<p>&quot;They have to tell us that her entry is invalidated, then we will go from there,&quot; he said.</p>
<p>&quot;But I can't imagine Mary wanting to seek a court order or go to arbitration. So what ... (if she wins a court order or arbitration) she runs and wins. Then so what. She would not be allowed to compete in the world championships.&quot;</p>
<p>Slaney's attorney, Jim Coleman, accused USA Track and Field of not protecting her rights and said the organisation &quot;would be held accountable&quot; under the U.S. Amateur Sports Act and the U.S. Olympic Committee's constitution. He would not specify what action he planned to take.</p>
<p>Slaney and fellow Americans Sandra Farmer-Patrick and Stephon Flenoy were suspended by the IAAF 10 days ago pending the outcome of U.S. hearings into drug tests last summer. In each case the athlete was found to have a higher than acceptable ratio of testerone to epi-testerone. Under IAAF rules, any ratio above 6-1 is considered suspicious and an athlete is subject to suspension.</p>
<p>Farmer-Patrick, a former U.S. women's 400-meter hurdles record holder, tried unsuccessfully on Monday to enter the U.S. championships.</p>
<p>She and Flenoy, a little-known hurdler, have been suspended by the U.S. federation. Slaney has not.</p>
<p>Farmer-Patrick was still pursuing ways on Tuesday to enter the championships. Flenoy has a U.S. Olympic Committee arbitration hearing scheduled for Wednesday. If successful, he would be permitted to run.</p>
<p>Slaney and Farmer-Patrick have denied taking any substance banned by the IAAF, but Gyulai said, &quot;There is a very clear indication that this (Slaney) is a doping case.&quot;</p>
<p>Asked what would happen if the U.S. federation decided at some point to allow Slaney to compete, Gyulai said: &quot;I don't believe any member of the IAAF can ignore the actions of the IAAF. There would be outrage.&quot;</p>
<p>Even if the U.S. federation clears Slaney, the IAAF would take the case to arbitration between the two federations, he said.</p>
</text>
<copyright>(c) Reuters Limited 1997</copyright>
<metadata>
<codes class="bip:countries:1.0">
  <code code="USA">
    <editdetail attribution="Reuters BIP Coding Group" action="confirmed" date="1997-06-10"/>
  </code>
</codes>
<codes class="bip:topics:1.0">
  <code code="GCAT">
    <editdetail attribution="Reuters BIP Coding Group" action="confirmed" date="1997-06-10"/>
  </code>
  <code code="GSPO">
    <editdetail attribution="Reuters BIP Coding Group" action="confirmed" date="1997-06-10"/>
  </code>
</codes>
<dc element="dc.date.created" value="1997-06-10"/>
<dc element="dc.publisher" value="Reuters Holdings Plc"/>
<dc element="dc.date.published" value="1997-06-10"/>
<dc element="dc.source" value="Reuters"/>
<dc element="dc.creator.location" value="INDIANAPOLIS"/>
<dc element="dc.creator.location.country.name" value="USA"/>
<dc element="dc.source" value="Reuters"/>
</metadata>
</newsitem>
