<?xml version="1.0" encoding="iso-8859-1" ?>
<newsitem itemid="649015" id="root" date="1997-06-10" xml:lang="en">
<title>USA: DuPont Photomasks to build $75 mln plant.</title>
<headline>DuPont Photomasks to build $75 mln plant.</headline>
<dateline>ROUND ROCK, Texas 1997-06-10</dateline>
<text>
<p>DuPont Photomasks Inc said Tuesday it will build a $75 million production plant in the Portland, Ore., area.</p>
<p>The company said the 55,000-square-foot plant will employ about 250 people when it goes on line toward the end of 1998. A specific site has not been identified, but a search will begin immediately, it said.</p>
<p>In a written statement, company chairman and chief executive J. Michael Hardinger said the company chose the area because the Pacific Northwest has become an international center for semiconductor production. Photomasks are key components in the production of semiconductors.</p>
<p>&quot;We see a clear need to establish a production facility there,&quot; Hardinger said.</p>
<p>The plant will produce photomasks using the advanced technology required to fabricate extremely minute semiconductors, the company said.</p>
<p>The company said the plant will be its fourth in the United States and its 11th world wide.</p>
</text>
<copyright>(c) Reuters Limited 1997</copyright>
<metadata>
<codes class="bip:countries:1.0">
  <code code="USA">
    <editdetail attribution="Reuters BIP Coding Group" action="confirmed" date="1997-06-10"/>
  </code>
</codes>
<codes class="bip:industries:1.0">
  <code code="I34531">
    <editdetail attribution="Reuters BIP Coding Group" action="confirmed" date="1997-06-10"/>
  </code>
</codes>
<codes class="bip:topics:1.0">
  <code code="C24">
    <editdetail attribution="Reuters BIP Coding Group" action="confirmed" date="1997-06-10"/>
  </code>
  <code code="CCAT">
    <editdetail attribution="Reuters BIP Coding Group" action="confirmed" date="1997-06-10"/>
  </code>
</codes>
<dc element="dc.date.created" value="1997-06-10"/>
<dc element="dc.publisher" value="Reuters Holdings Plc"/>
<dc element="dc.date.published" value="1997-06-10"/>
<dc element="dc.source" value="Reuters"/>
<dc element="dc.creator.location" value="ROUND ROCK, Texas"/>
<dc element="dc.creator.location.country.name" value="USA"/>
<dc element="dc.source" value="Reuters"/>
</metadata>
</newsitem>
