<?xml version="1.0" encoding="iso-8859-1" ?>
<newsitem itemid="649097" id="root" date="1997-06-10" xml:lang="en">
<title>USA: NBA BASKETBALL-DENNIS DOES VEGAS.</title>
<headline>NBA BASKETBALL-DENNIS DOES VEGAS.</headline>
<byline>Gary Hill</byline>
<dateline>SALT LAKE CITY, Utah 1997-06-09</dateline>
<text>
<p>Scottie Pippen does not sound happy about Dennis Rodman's trip to Las Vegas after another sub-par showing in the Chicago Bulls' Finals-tying loss to the Utah Jazz Sunday night.</p>
<p>&quot;We don't have any control of what Dennis does off the court,&quot; Pippen said gravely. &quot;It's his preference what he wants to do after the game.</p>
<p>&quot;You would think that he would want to start to look and evaluate what's going on on the court with himself but as I stated it's his priority, and whatever he chooses to do, as a teammate I don't have any say-so about it.&quot;</p>
<p>Coach Phil Jackson said he had not &quot;endorsed&quot; Rodman's trip out of strait-laced Utah to the big &quot;Sin City&quot; in neighbouring Nevada. &quot;I didn't endorse where he went. I thought maybe he was going to the state line. He made it beyond that,&quot; said Jackson.</p>
<p>Still, Jackson said, &quot;Dennis is the kind of person that needs to blow off some steam and I imagine he got it done.&quot;</p>
<p>The coach added that Rodman returned for Monday's workouts in a timely fashion. &quot;He was here early,&quot; Jackson said.</p>
<p>Teammate Steve Kerr had no concern about Rodman's trip. &quot;No, I encourage that,&quot; he said with a laugh. &quot;I think it's good for Dennis. He plays best when he does stuff like that.&quot;</p>
<p>Rodman himself, after getting no points and just six rebounds, made no apologies. &quot;I went out and had a good time and was relaxing. I got rid of this bad taste in my mouth. I had to do that,&quot; said Rodman, who has won NBA titles with the Detroit Piston &quot;Bad Boys&quot; and last season's Bulls.</p>
<p>The flamboyant six-time rebounding champion added: &quot;I'm not married. I don't have to entertain a family or nothing like that. So we have two days off (before Wednesday's Game 5) so I wanted to get the hell out of here and relax.&quot;</p>
<p>Rodman, who missed the last 13 games of the regular season with a knee strain, said he was still only about 80 percent physically.</p>
<p>&quot;Sometimes you get in a little lull, or a funk, and it happens to be at the worst time. I got hurt at the wrong time of the season and it's haunting me right now. I just have to keep playing and hope I can get out of it right now,&quot; Rodman said.</p>
</text>
<copyright>(c) Reuters Limited 1997</copyright>
<metadata>
<codes class="bip:countries:1.0">
  <code code="USA">
    <editdetail attribution="Reuters BIP Coding Group" action="confirmed" date="1997-06-10"/>
  </code>
</codes>
<codes class="bip:topics:1.0">
  <code code="GCAT">
    <editdetail attribution="Reuters BIP Coding Group" action="confirmed" date="1997-06-10"/>
  </code>
  <code code="GSPO">
    <editdetail attribution="Reuters BIP Coding Group" action="confirmed" date="1997-06-10"/>
  </code>
</codes>
<dc element="dc.date.created" value="1997-06-09"/>
<dc element="dc.publisher" value="Reuters Holdings Plc"/>
<dc element="dc.date.published" value="1997-06-10"/>
<dc element="dc.source" value="Reuters"/>
<dc element="dc.creator.location" value="SALT LAKE CITY, Utah"/>
<dc element="dc.creator.location.country.name" value="USA"/>
<dc element="dc.source" value="Reuters"/>
</metadata>
</newsitem>
