<?xml version="1.0" encoding="iso-8859-1" ?>
<newsitem itemid="649029" id="root" date="1997-06-10" xml:lang="en">
<title>USA: Empire of Carolina says closing conditions met.</title>
<headline>Empire of Carolina says closing conditions met.</headline>
<dateline>DELRAY BEACH, Fla. 1997-06-10</dateline>
<text>
<p>Empire of Carolina INC said Tuesday that HPA Associates, LLC, private investors in the company, said that certain closing conditions for a $16 million investment in the company, have been satisfied and that funds are being placed in escrow to finance the purchase of preferred stock and warrants.</p>
<p>Closing, said Empire, will take place on or before June 16, pending documentation and satisfaction of final closing conditions.</p>
<p>The company also said that its lenders have extended, until June 30, the requirement that it obtain $6 million of additional financing by May 31, 1997 as required by the amendments to its senior loan agreement.</p>
<p>Empire of Carolina designs, develops, manufactures and markets a broad range of basic plastic children's toys.  Its Holiday Products Division produces and markets decorative seasonal items including Christmas, Halloween and Easter illuminated products.</p>
</text>
<copyright>(c) Reuters Limited 1997</copyright>
<metadata>
<codes class="bip:countries:1.0">
  <code code="USA">
    <editdetail attribution="Reuters BIP Coding Group" action="confirmed" date="1997-06-10"/>
  </code>
</codes>
<codes class="bip:industries:1.0">
  <code code="I49410">
    <editdetail attribution="Reuters BIP Coding Group" action="confirmed" date="1997-06-10"/>
  </code>
</codes>
<codes class="bip:topics:1.0">
  <code code="C17">
    <editdetail attribution="Reuters BIP Coding Group" action="confirmed" date="1997-06-10"/>
  </code>
  <code code="C171">
    <editdetail attribution="Reuters BIP Coding Group" action="confirmed" date="1997-06-10"/>
  </code>
  <code code="CCAT">
    <editdetail attribution="Reuters BIP Coding Group" action="confirmed" date="1997-06-10"/>
  </code>
</codes>
<dc element="dc.date.created" value="1997-06-10"/>
<dc element="dc.publisher" value="Reuters Holdings Plc"/>
<dc element="dc.date.published" value="1997-06-10"/>
<dc element="dc.source" value="Reuters"/>
<dc element="dc.creator.location" value="DELRAY BEACH, Fla."/>
<dc element="dc.creator.location.country.name" value="USA"/>
<dc element="dc.source" value="Reuters"/>
</metadata>
</newsitem>
