<?xml version="1.0" encoding="iso-8859-1" ?>
<newsitem itemid="649011" id="root" date="1997-06-10" xml:lang="en">
<title>USA: Rhone-Poulenc to file on Lyme disease vaccine.</title>
<headline>Rhone-Poulenc to file on Lyme disease vaccine.</headline>
<dateline>SWIFTWATER, Pa. 1997-06-10</dateline>
<text>
<p>Pasteur Merieux Connaught, a unit of the Rhone-Poulenc Group said it plans to submit a product license application to the U.S. Food and Drug Administration for its Lyme disease vaccine.</p>
<p>The company also said that it will offer the vaccine to all study participants who received placebo during the trial. The Phase III trial to determine whether the vaccine protected recipients against Lyme disease was completed in March 1996.</p>
<p>The company said the results are promising in terms of efficacy and have prompted it submit the PLA in the next few months. The company added that it will soon offer its vaccine to all participants in the placebo group of the Phase III trial.</p>
</text>
<copyright>(c) Reuters Limited 1997</copyright>
<metadata>
<codes class="bip:countries:1.0">
  <code code="USA">
    <editdetail attribution="Reuters BIP Coding Group" action="confirmed" date="1997-06-10"/>
  </code>
</codes>
<codes class="bip:industries:1.0">
  <code code="I25000">
    <editdetail attribution="Reuters BIP Coding Group" action="confirmed" date="1997-06-10"/>
  </code>
</codes>
<codes class="bip:topics:1.0">
  <code code="C13">
    <editdetail attribution="Reuters BIP Coding Group" action="confirmed" date="1997-06-10"/>
  </code>
  <code code="C22">
    <editdetail attribution="Reuters BIP Coding Group" action="confirmed" date="1997-06-10"/>
  </code>
  <code code="CCAT">
    <editdetail attribution="Reuters BIP Coding Group" action="confirmed" date="1997-06-10"/>
  </code>
  <code code="GCAT">
    <editdetail attribution="Reuters BIP Coding Group" action="confirmed" date="1997-06-10"/>
  </code>
  <code code="GHEA">
    <editdetail attribution="Reuters BIP Coding Group" action="confirmed" date="1997-06-10"/>
  </code>
</codes>
<dc element="dc.date.created" value="1997-06-10"/>
<dc element="dc.publisher" value="Reuters Holdings Plc"/>
<dc element="dc.date.published" value="1997-06-10"/>
<dc element="dc.source" value="Reuters"/>
<dc element="dc.creator.location" value="SWIFTWATER, Pa."/>
<dc element="dc.creator.location.country.name" value="USA"/>
<dc element="dc.source" value="Reuters"/>
</metadata>
</newsitem>
