<?xml version="1.0" encoding="iso-8859-1" ?>
<newsitem itemid="649027" id="root" date="1997-06-10" xml:lang="en">
<title>USA: Custom Chrome Inc Q1 shr falls to $0.45.</title>
<headline>Custom Chrome Inc Q1 shr falls to $0.45.</headline>
<dateline>MORGAN HILL, Calif. 1997-06-10</dateline>
<text>
<p>Custom Chrome Inc.</p>
<p>			Consolidated Statements of Operations</p>
<p>			(In thousands, except per share data)</p>
<p>				  (Unaudited)</p>
<p>					     For the three months ended</p>
<p>						 Apr 30,	    Apr 30,</p>
<p>						   1997		  1996</p>
<p> Sales, net				  $31,707	    $30,627</p>
<p> Cost of sales				19,872	     17,635</p>
<p>  Gross profit				11,835	     12,992</p>
<p>Operating expenses:</p>
<p>  Selling, general and administrative  7,166		6,986</p>
<p>  Product development			  363		  338</p>
<p>						   7,529		7,324</p>
<p>  Operating income			   4,306		5,668</p>
<p> Interest expense				457		  627</p>
<p>  Income before income taxes	     3,849		5,041</p>
<p> Income taxes				  1,506		2,033</p>
<p>  Net income				   2,343		3,008</p>
<p>Per share data:</p>
<p>  Net income per share			0.45		 0.58</p>
<p> Weighted average shares outstanding   5,224		5,230</p>
</text>
<copyright>(c) Reuters Limited 1997</copyright>
<metadata>
<codes class="bip:countries:1.0">
  <code code="USA">
    <editdetail attribution="Reuters BIP Coding Group" action="confirmed" date="1997-06-10"/>
  </code>
</codes>
<codes class="bip:industries:1.0">
  <code code="I35300">
    <editdetail attribution="Reuters BIP Coding Group" action="confirmed" date="1997-06-10"/>
  </code>
</codes>
<codes class="bip:topics:1.0">
  <code code="C15">
    <editdetail attribution="Reuters BIP Coding Group" action="confirmed" date="1997-06-10"/>
  </code>
  <code code="C151">
    <editdetail attribution="Reuters BIP Coding Group" action="confirmed" date="1997-06-10"/>
  </code>
  <code code="CCAT">
    <editdetail attribution="Reuters BIP Coding Group" action="confirmed" date="1997-06-10"/>
  </code>
</codes>
<dc element="dc.date.created" value="1997-06-10"/>
<dc element="dc.publisher" value="Reuters Holdings Plc"/>
<dc element="dc.date.published" value="1997-06-10"/>
<dc element="dc.source" value="Reuters"/>
<dc element="dc.creator.location" value="MORGAN HILL, Calif."/>
<dc element="dc.creator.location.country.name" value="USA"/>
<dc element="dc.source" value="Reuters"/>
</metadata>
</newsitem>
