<?xml version="1.0" encoding="iso-8859-1" ?>
<newsitem itemid="649087" id="root" date="1997-06-10" xml:lang="en">
<title>USA: NBA BASKETBALL-ANDERSON REJOINS JAZZ AFTER DEATH OF HIS FATHER.</title>
<headline>NBA BASKETBALL-ANDERSON REJOINS JAZZ AFTER DEATH OF HIS FATHER.</headline>
<byline>Gary Hill</byline>
<dateline>SALT LAKE CITY, Utah 1997-06-10</dateline>
<text>
<p>Shandon Anderson's father kept assuring him the Utah Jazz would make the NBA Finals this year. But he didn't live to see it happen.</p>
<p>&quot;From the middle of the season I'd always call home and he'd say, 'You will be there, you will be in the championship game,'&quot; said Anderson, back with the team after missing two games for his father's funeral.</p>
<p>&quot;And for him to say that and then for me to be here and him not be here to share this moment with me, that's probably the toughest thing.&quot;</p>
<p>Willie Anderson died last Wednesday of throat cancer, and the funeral was Sunday in Greenville, South Carolina. His son returned to Utah Monday night to work out with the team ahead of the pivotal Game 5 Wednesday that will unknot the best-of-seven NBA Finals.</p>
<p>&quot;It's a real emotional situation right now,&quot; he acknowledged to reporters on Tuesday.</p>
<p>Rather than the jubilation his team and all of Utah felt when the Jazz erased an 0-2 Finals deficit at home, the championship series will always be linked in his memory with this sadness, the 23-year-old said.</p>
<p>He would prefer that people not express their sympathy all the time. &quot;I don't want that type of greeting,&quot; Anderson said. &quot;I want to move on. I don't want to be reminded of the situation all the time.&quot;</p>
<p>He said his coach had it right, yelling at him in practice as always. &quot;Typical Jerry Sloan,&quot; Anderson said with a smile. &quot;Treats you like he always does.&quot;</p>
<p>The backup guard, whose main duty is to take some of the shifts guarding the unstoppable Michael Jordan, knows the team does not have the luxury of waiting for him to work his way back into a playing rhythm.</p>
<p>Asked if he expects to be yanked from the game if he doesn't play well immediately, he answered: &quot;Oh, definitely.&quot;</p>
<p>Anderson, the lone rookie on the Jazz, has played only in their two Finals losses, not the two games they won here. With that in mind, he said, he asked his teammates in the locker room: &quot;I don't know, should I come back? We got something good going here, so I don't want to come in and mess up anything.&quot;</p>
<p>Utah superstar Karl Malone put a quick end to that type of talk.</p>
<p>&quot;We're glad he's back, Malone said.</p>
<p>&quot;It is a tragedy any time you lose anybody in your family. We've been kidding him a little bit to try to bring him back in, make him welcome.&quot;</p>
<p>&quot;We didn't know exactly know when he was coming back, we were just hoping he'd come back,&quot; added teammate Antoine Carr.</p>
<p>&quot;I feel at ease,&quot; said Anderson. &quot;The big thing for me was just to get here, get some rest, because last Friday, Saturday and Sunday I really didn't get any sleep.&quot;</p>
<p>Anderson, who before every game at the University of Georgia always made sure his parents were in the stands, learned of his father's death in a phone message from his mother at his hotel in Chicago.</p>
<p>&quot;She called me on my voicemail,&quot; said Anderson. &quot;I picked up the message. 'call home.' I sat down and hesitated before calling her, 20-25 minutes before I called her.&quot;</p>
<p>The death had been expected. &quot;The cancer was in remission about four years. He really didn't have any problems,&quot; said Anderson. &quot;Then about six months ago is when it really started happening rapidly.&quot;</p>
<p>Even though, &quot;you know it's happening, you know it's coming,&quot; he said, &quot;it still took some time to actually grasp it.&quot; He made sure to say goodbye, several times. &quot;I didn't know whether I was going to see him again.&quot;</p>
<p>His father, who also played basketball when he was young, watched the Jazz's dramatic victory over the Rockets in Houston to reach the Finals. &quot;I got to see him, hold his hand,&quot; Anderson said.</p>
<p>&quot;He'd always say 'just play your game, just play hard,'&quot; he remembered.</p>
<p>Anderson was asked about his mother, Dorothy. &quot;I don't think she's taking it too well,&quot; he said. &quot;She's going to miss my father.&quot; They were married for 31 years.</p>
<p>Anderson's brother Willie, an NBA veteran most recently with the Miami Heat, has never won a championship but is not jealous of his rookie sibling.</p>
<p>&quot;He said he'd love to see me get a ring. I think if I get a ring it won't be just me getting a ring, it'll be both of us.&quot;</p>
<p>He also has a family in basketball, he said. During the Western Conference finals, Charles Barkley and other opponents would say to him: &quot;'My thoughts are with you, be strong, I hope your father's doing well,' things like that.</p>
<p>&quot;Just to have those guys say that makes you feel a little bit better. Basketball's like a family. Basically these guys really care about what's going on in your outside life.&quot;</p>
</text>
<copyright>(c) Reuters Limited 1997</copyright>
<metadata>
<codes class="bip:countries:1.0">
  <code code="USA">
    <editdetail attribution="Reuters BIP Coding Group" action="confirmed" date="1997-06-10"/>
  </code>
</codes>
<codes class="bip:topics:1.0">
  <code code="GCAT">
    <editdetail attribution="Reuters BIP Coding Group" action="confirmed" date="1997-06-10"/>
  </code>
  <code code="GSPO">
    <editdetail attribution="Reuters BIP Coding Group" action="confirmed" date="1997-06-10"/>
  </code>
</codes>
<dc element="dc.date.created" value="1997-06-10"/>
<dc element="dc.publisher" value="Reuters Holdings Plc"/>
<dc element="dc.date.published" value="1997-06-10"/>
<dc element="dc.source" value="Reuters"/>
<dc element="dc.creator.location" value="SALT LAKE CITY, Utah"/>
<dc element="dc.creator.location.country.name" value="USA"/>
<dc element="dc.source" value="Reuters"/>
</metadata>
</newsitem>
