<?xml version="1.0" encoding="iso-8859-1" ?>
<newsitem itemid="649033" id="root" date="1997-06-10" xml:lang="en">
<title>USA: Caretenders Q4 March 31 net increases.</title>
<headline>Caretenders Q4 March 31 net increases.</headline>
<dateline>LOUISVILLE, Ky. 1997-06-10</dateline>
<text>
<p>Quarter Ended	   Year Ended</p>
<p>		   3/31/97	  3/31/96  3/31/97	  3/31/96</p>
<p> Net Revenues $20,238,649 $16,029,571 $76,773,039 $63,226,968</p>
<p> Net Income	 414,524     255,352   1,759,370   1,579,283</p>
<p>Weighted primary Shares</p>
<p>		    3,133,300   3,151,583   3,141,865   3,148,707</p>
<p>Net Income Per Share</p>
<p>			   0.13	  0.08	  0.56	  0.50</p>
<p>NOTE:  Caretenders HealthCorp said its net income for the fourth quarter and fiscal 1997 includes $370,000, or $0.12 per share, of operating losses related to startup operations.</p>
<p>Net income for fiscal 1997 also includes $1.2 million, or $0.39 per share, of operating losses related to startup operations.</p>
</text>
<copyright>(c) Reuters Limited 1997</copyright>
<metadata>
<codes class="bip:countries:1.0">
  <code code="USA">
    <editdetail attribution="Reuters BIP Coding Group" action="confirmed" date="1997-06-10"/>
  </code>
</codes>
<codes class="bip:industries:1.0">
  <code code="I95100">
    <editdetail attribution="Reuters BIP Coding Group" action="confirmed" date="1997-06-10"/>
  </code>
</codes>
<codes class="bip:topics:1.0">
  <code code="C15">
    <editdetail attribution="Reuters BIP Coding Group" action="confirmed" date="1997-06-10"/>
  </code>
  <code code="C151">
    <editdetail attribution="Reuters BIP Coding Group" action="confirmed" date="1997-06-10"/>
  </code>
  <code code="C1511">
    <editdetail attribution="Reuters BIP Coding Group" action="confirmed" date="1997-06-10"/>
  </code>
  <code code="CCAT">
    <editdetail attribution="Reuters BIP Coding Group" action="confirmed" date="1997-06-10"/>
  </code>
</codes>
<dc element="dc.date.created" value="1997-06-10"/>
<dc element="dc.publisher" value="Reuters Holdings Plc"/>
<dc element="dc.date.published" value="1997-06-10"/>
<dc element="dc.source" value="Reuters"/>
<dc element="dc.creator.location" value="LOUISVILLE, Ky."/>
<dc element="dc.creator.location.country.name" value="USA"/>
<dc element="dc.source" value="Reuters"/>
</metadata>
</newsitem>
