<?xml version="1.0" encoding="iso-8859-1" ?>
<newsitem itemid="649076" id="root" date="1997-06-10" xml:lang="en">
<title>SOUTH AFRICA: ATHLETICS-MARATHON RUNNER BANNED FOR FOUR YEARS.</title>
<headline>ATHLETICS-MARATHON RUNNER BANNED FOR FOUR YEARS.</headline>
<dateline>JOHANNESBURG 1997-06-10</dateline>
<text>
<p>South African marathon runner Desmond Witbooi has been banned for four years after testing positive for an anabolic steroid, Athletics South Africa announced on Tuesday.</p>
<p>Witbooi, 24, failed a drugs test after finishing fifth in February's Cape Town marathon. He represented South Africa at the 1996 African Marathon Championships.</p>
</text>
<copyright>(c) Reuters Limited 1997</copyright>
<metadata>
<codes class="bip:countries:1.0">
  <code code="SAFR">
    <editdetail attribution="Reuters BIP Coding Group" action="confirmed" date="1997-06-10"/>
  </code>
</codes>
<codes class="bip:topics:1.0">
  <code code="GCAT">
    <editdetail attribution="Reuters BIP Coding Group" action="confirmed" date="1997-06-10"/>
  </code>
  <code code="GSPO">
    <editdetail attribution="Reuters BIP Coding Group" action="confirmed" date="1997-06-10"/>
  </code>
</codes>
<dc element="dc.date.created" value="1997-06-10"/>
<dc element="dc.publisher" value="Reuters Holdings Plc"/>
<dc element="dc.date.published" value="1997-06-10"/>
<dc element="dc.source" value="Reuters"/>
<dc element="dc.creator.location" value="JOHANNESBURG"/>
<dc element="dc.creator.location.country.name" value="SOUTH AFRICA"/>
<dc element="dc.source" value="Reuters"/>
</metadata>
</newsitem>
