<?xml version="1.0" encoding="iso-8859-1" ?>
<newsitem itemid="649008" id="root" date="1997-06-10" xml:lang="en">
<title>USA: RESEARCH ALERT - Airline estimates are lowered.</title>
<headline>RESEARCH ALERT - Airline estimates are lowered.</headline>
<dateline>NEW YORK 1997-06-10</dateline>
<text>
<p>CS First Boston said Tuesday it had lowered its 1997 earnings estimates for several airline companies. It said it expects weak second quarter results because of fare sales.</p>
<p>-- Analyst Tom Schreier said he lowered his full-year 1997 estimate on Delta Air Lines Inc to $11.78 per share from $12.23, and cut his second quarter estimate to $4.14 from $4.58.  </p>
<p>-- &quot;From the domestic perspective, we expect second quarter weakness across the sector,&quot; he said. &quot;We attribute the weakness to a fare sale by Delta which is over now but which put too much inventory on sale at too low a price.&quot;</p>
<p>-- Schreier said industry sales generated air traffic at the expense of revenue yield.</p>
<p>-- He said he lowered his 1997 earnings estimate on AMR Corp to $9.50 per share from $9.77, and cut his second quarter estimate to $3.20 from $3.41.  </p>
<p>-- For Northwest Airlines Corp, Schreier cut his 1997 estimate to $4.68 per share from $5.52, and cut his second quarter estimate to $1.07 from $1.58.</p>
<p>-- &quot;In addition to domestic weakness, the Pacific region is weak and Northwest has high Japan-exposure,&quot; he said. &quot;Japan traffic is tough and the company also made an ill-timed yen hedge which will cost it about $30 million in the second quarter.&quot;</p>
<p>((--Wall Street Desk 212-859-1730))</p>
</text>
<copyright>(c) Reuters Limited 1997</copyright>
<metadata>
<codes class="bip:countries:1.0">
  <code code="USA">
    <editdetail attribution="Reuters BIP Coding Group" action="confirmed" date="1997-06-10"/>
  </code>
</codes>
<codes class="bip:industries:1.0">
  <code code="I75000">
    <editdetail attribution="Reuters BIP Coding Group" action="confirmed" date="1997-06-10"/>
  </code>
</codes>
<codes class="bip:topics:1.0">
  <code code="C15">
    <editdetail attribution="Reuters BIP Coding Group" action="confirmed" date="1997-06-10"/>
  </code>
  <code code="C152">
    <editdetail attribution="Reuters BIP Coding Group" action="confirmed" date="1997-06-10"/>
  </code>
  <code code="CCAT">
    <editdetail attribution="Reuters BIP Coding Group" action="confirmed" date="1997-06-10"/>
  </code>
</codes>
<dc element="dc.date.created" value="1997-06-10"/>
<dc element="dc.publisher" value="Reuters Holdings Plc"/>
<dc element="dc.date.published" value="1997-06-10"/>
<dc element="dc.source" value="Reuters"/>
<dc element="dc.creator.location" value="NEW YORK"/>
<dc element="dc.creator.location.country.name" value="USA"/>
<dc element="dc.source" value="Reuters"/>
</metadata>
</newsitem>
