<?xml version="1.0" encoding="iso-8859-1" ?>
<newsitem itemid="649122" id="root" date="1997-06-10" xml:lang="en">
<title>FRANCE: SOCCER-FRANCE NEED VICTORY IN LAST MATCH OF TOURNOI.</title>
<headline>SOCCER-FRANCE NEED VICTORY IN LAST MATCH OF TOURNOI.</headline>
<byline>Rex Gowar</byline>
<dateline>PARIS 1997-06-10</dateline>
<text>
<p>France face the tough task of proving to their supporters that they are on the right World Cup track when they meet Italy in the last match of the Tournoi de France at Parc des Princes on Wednesday.</p>
<p>Aime Jacquet's French side have so far disappointed, losing 1-0 to England at Montpellier after a creditable second half against Brazil in which they snatched a 1-1 draw in Lyon in the opening match of their 1998 World Cup warm-up tournament.</p>
<p>Both sides will be looking to avoid the wooden spoon, the Italians after a 2-0 defeat by tournament winners England and their memorable 3-3 draw with world champions Brazil in Lyon on Sunday.</p>
<p>Jacquet began his France career in 1994 with a 1-0 win over Italy in a friendly in Naples at the start of a 30-match unbeaten run that ended away to Denmark in Copenhagen in November.</p>
<p>Now the circumstances are quite different and Jacquet, keeping his cards close to his chest, will not name his team until the last minute.</p>
<p>Jacquet, whose bete noir is an attack short of goals, argues that what counts at this experimental stage is &quot;that the French team should be ready in a year.&quot;</p>
<p>&quot;Those two teams (Brazil and Italy) are superior to us in the domaine of finishing,&quot; Jacquet said after praising their 3-3 draw. France, although conceding only two goals, have scored just one in the tournament.</p>
<p>Goalkeeper Fabien Barthez will miss the match after injuring a finger when Alan Shearer scored England's winner. Auxerre veteran Lionel Charbonnier steps up for his first cap. Le Havre's Christophe Revault has interrupted his holidays to join the squad as reserve 'keeper.</p>
<p>In midfield, Christian Karembeu should be back after twisting an ankle early in the game against Brazil in a side close to Jacquet's classic best.</p>
<p>France are expected to bring back attacking midfielder Ibrahim Ba on the right, line up with their most experienced back four and put both Zinedine Zidane and Youri Djorkaeff in the playmaking department.</p>
<p>This would leave room for just one striker, AC Milan's Christophe Dugarry, as in Euro 96.</p>
<p>The Italians, who have not beaten France since the 1978 World Cup finals in Argentina but lead 17-6 in 29 meetings so far, are forced through injuries to make several changes.</p>
<p>Neither Dino Baggio nor Demetrio Albertini, who played against Brazil, are fit, the Milan player having left France early for planned groin surgery.</p>
<p>This will probably mean Gianfranco Zola, who prefers a forward role, linking up with Attilio Lombardo and his Chelsea team mate Roberto Di Matteo in midfield behind the unchanged strike pair of Christian Vieri and Alessandro Del Piero.</p>
<p>At the back, and with captain Paolo Maldini doubtful, coach and father Cesare will probably include both Stefano Torrisi and Alessandro Nesta while bringing back Antonio Benarrivo to replace the younger Maldini.</p>
<p>The Italians greatest concern is the five goals they have conceded in two matches.</p>
<p>&quot;A great fatigue provoked the spaces which Brazil needed to express themselves,&quot; said Dino Baggio. &quot;In good health, Brazil would not have caught up with us.&quot;</p>
<p>Probable teams:</p>
<p>France - Lionel Charbonnier; Lilian Thuram, Laurent Blanc, Marcel Desailly, Bixente Lizarazu; Ibrahim Ba, Christian Karembeu, Didier Deschamps, Zinedine Zidane; Youri Djorkaeff, Christophe Dugarry.</p>
<p>Italy - Angelo Peruzzi; Christian Panucci, Alessandro Nesta, Alessandro Costacurta, Stefano Torrisi, Antonio Benarrivo; Attilio Lombardo, Gianfranco Zola, Roberto Di Matteo; Christian Vieri, Alessandro Del Piero.</p>
<p>Referee: Antonio Lopez Nieto (Spain)</p>
</text>
<copyright>(c) Reuters Limited 1997</copyright>
<metadata>
<codes class="bip:countries:1.0">
  <code code="BRAZ">
    <editdetail attribution="Reuters BIP Coding Group" action="confirmed" date="1997-06-10"/>
  </code>
  <code code="FRA">
    <editdetail attribution="Reuters BIP Coding Group" action="confirmed" date="1997-06-10"/>
  </code>
  <code code="ITALY">
    <editdetail attribution="Reuters BIP Coding Group" action="confirmed" date="1997-06-10"/>
  </code>
  <code code="UK">
    <editdetail attribution="Reuters BIP Coding Group" action="confirmed" date="1997-06-10"/>
  </code>
</codes>
<codes class="bip:topics:1.0">
  <code code="GCAT">
    <editdetail attribution="Reuters BIP Coding Group" action="confirmed" date="1997-06-10"/>
  </code>
  <code code="GSPO">
    <editdetail attribution="Reuters BIP Coding Group" action="confirmed" date="1997-06-10"/>
  </code>
</codes>
<dc element="dc.date.created" value="1997-06-10"/>
<dc element="dc.publisher" value="Reuters Holdings Plc"/>
<dc element="dc.date.published" value="1997-06-10"/>
<dc element="dc.source" value="Reuters"/>
<dc element="dc.creator.location" value="PARIS"/>
<dc element="dc.creator.location.country.name" value="FRANCE"/>
<dc element="dc.source" value="Reuters"/>
</metadata>
</newsitem>
