<?xml version="1.0" encoding="iso-8859-1" ?>
<newsitem itemid="649156" id="root" date="1997-06-10" xml:lang="en">
<title>LATVIA: LATVIAN OVERNIGHT RATES EASE, LAT FIRMS VS DOLLAR.</title>
<headline>LATVIAN OVERNIGHT RATES EASE, LAT FIRMS VS DOLLAR.</headline>
<dateline>RIGA 1997-06-10</dateline>
<text>
<p>Latvian overnight rates eased as bank liquidity stays high while the lat firmed against the dollar, money market dealers said on Tuesday.</p>
<p>Overnight lending rates have fallen to 1.90/2.90 percent from around 3.0 percent and some two million lats were lent overnight on Monday, dealers said.</p>
<p>&quot;The liquidity situation in the banks looks good right now,&quot; said one dealer.</p>
<p>Meanwhile, the lat climbed against the dollar after the U.S. currency slipped against the mark on Monday. The dollar later rebounded but dealers said Monday's dollar dip was still feeding through to the Latvian market.</p>
<p>The lat was trading at 0.5680/0.5688 range after opening Monday at around 0.5705.</p>
<p>Dealers said that around three to four million dollars had been traded so far in lat/dollar activity.</p>
<p>-- Ed Stoddard, Riga newsroom +371 721 52 40</p>
</text>
<copyright>(c) Reuters Limited 1997</copyright>
<metadata>
<codes class="bip:countries:1.0">
  <code code="LATV">
    <editdetail attribution="Reuters BIP Coding Group" action="confirmed" date="1997-06-10"/>
  </code>
</codes>
<codes class="bip:topics:1.0">
  <code code="M13">
    <editdetail attribution="Reuters BIP Coding Group" action="confirmed" date="1997-06-10"/>
  </code>
  <code code="M131">
    <editdetail attribution="Reuters BIP Coding Group" action="confirmed" date="1997-06-10"/>
  </code>
  <code code="M132">
    <editdetail attribution="Reuters BIP Coding Group" action="confirmed" date="1997-06-10"/>
  </code>
  <code code="MCAT">
    <editdetail attribution="Reuters BIP Coding Group" action="confirmed" date="1997-06-10"/>
  </code>
</codes>
<dc element="dc.date.created" value="1997-06-10"/>
<dc element="dc.publisher" value="Reuters Holdings Plc"/>
<dc element="dc.date.published" value="1997-06-10"/>
<dc element="dc.source" value="Reuters"/>
<dc element="dc.creator.location" value="RIGA"/>
<dc element="dc.creator.location.country.name" value="LATVIA"/>
<dc element="dc.source" value="Reuters"/>
</metadata>
</newsitem>
