<?xml version="1.0" encoding="iso-8859-1" ?>
<newsitem itemid="649192" id="root" date="1997-06-10" xml:lang="en">
<title>UK: Field narrows in UK Conservative leadership fight.</title>
<headline>Field narrows in UK Conservative leadership fight.</headline>
<byline>Paul Mylrea</byline>
<dateline>LONDON 1997-06-10</dateline>
<text>
<p>The race to succeed former prime minister John Major as leader of Britain's main opposition Conservative party heated up on Tuesday as two of the five candidates dropped out after the first-round ballot.</p>
<p>Former social security secretary Peter Lilley, who came fourth in the ballot, and former home secretary Michael Howard, who came last, said they were pulling out of the contest and backing former Welsh secretary William Hague.</p>
<p>The news was a huge boost to Hague, at 36 the youngest in the field, who came second on Tuesday. One bookmaker immediately made him the favourite to win the contest.</p>
<p>But it was bad news for former finance minister Kenneth Clarke, the winner of the first round, and it was a body blow for third-placed John Redwood.</p>
<p>Redwood, who quit the cabinet in June 1995 to mount a challenge to Major's leadership that fell short, had called on Lilley and Howard to back him to unite the right-wing vote.</p>
<p>But both Howard and Lilley clearly felt that Hague was the only chance of stopping Clarke, who is despised by the Conservative right for his centre-left and pro-European views.</p>
<p>Lilley told reporters: &quot;I do not propose to stand in further rounds of the leadership election. My aim in standing was always to reunite, rebuild and renew the Conservative party.</p>
<p>&quot;I believe that William Hague is now best placed to carry forward those objectives and to win the next general election.&quot;</p>
<p>Howard echoed that message. &quot;I have decided to withdraw and support William Hague. I believe he is best placed to unite the party and lead us to victory at the next election,&quot; he said.</p>
<p>Aides to Redwood declined to comment on the news and there was no immediate reaction from the Clarke camp.</p>
<p>But Hague said he was delighted. &quot;I now go into the second ballot with still greater confidence that I am the candidate who can unite the Conservative party,&quot; he said.</p>
<p>A leading bookmaker immediately replaced Clarke with Hague as favourite to win the contest.</p>
<p>Bookmakers William Hill quoted Hague at 4-5. Clarke was given odds of 11-10 and John Redwood 7-1.</p>
<p>To win next Tuesday, the leading candidate needs the votes of more than half the 164 Conservative MPs who survived Labour's landslide May 1 election victory.</p>
<p>If there is no winner, the two front-runners will slug it out in a third ballot two days later.</p>
<p>Aides were frantically calculating the possible outcome.</p>
<p>On Tuesday Clarke won 49 votes, Hague 41, Redwood 27, Lilley 24 and Howard 23.</p>
<p>On paper, if all the supporters of Lilley and Howard back Hague, he will take over the Conservative leadership from Major and take on Labour Prime Minister Tony Blair.</p>
<p>But commentators said neither Lilley nor Howard could guarantee that all their votes would go to another candidate.</p>
<p>Clarke is the most experienced of the five candidates.</p>
<p>Although he topped a consultative poll of senior party activists on Tuesday which does not count in the ballot, his pro-European views mean he cannot be sure of gathering the support of right-wingers in the second round.</p>
<p>To add spice, the race is now open to candidates who did not fight the first round, although none have come forward.</p>
</text>
<copyright>(c) Reuters Limited 1997</copyright>
<metadata>
<codes class="bip:countries:1.0">
  <code code="UK">
    <editdetail attribution="Reuters BIP Coding Group" action="confirmed" date="1997-06-10"/>
  </code>
</codes>
<codes class="bip:topics:1.0">
  <code code="GCAT">
    <editdetail attribution="Reuters BIP Coding Group" action="confirmed" date="1997-06-10"/>
  </code>
  <code code="GPOL">
    <editdetail attribution="Reuters BIP Coding Group" action="confirmed" date="1997-06-10"/>
  </code>
  <code code="GVOTE">
    <editdetail attribution="Reuters BIP Coding Group" action="confirmed" date="1997-06-10"/>
  </code>
</codes>
<dc element="dc.date.created" value="1997-06-10"/>
<dc element="dc.publisher" value="Reuters Holdings Plc"/>
<dc element="dc.date.published" value="1997-06-10"/>
<dc element="dc.source" value="Reuters"/>
<dc element="dc.creator.location" value="LONDON"/>
<dc element="dc.creator.location.country.name" value="UK"/>
<dc element="dc.source" value="Reuters"/>
</metadata>
</newsitem>
