<?xml version="1.0" encoding="iso-8859-1" ?>
<newsitem itemid="649173" id="root" date="1997-06-10" xml:lang="en">
<title>ESTONIA: KUNDA CEMENT TO ISSUE CPS, OTHERS TO COME.</title>
<headline>KUNDA CEMENT TO ISSUE CPS, OTHERS TO COME.</headline>
<dateline>TALLINN 1997-06-10</dateline>
<text>
<p>Kunda Nordic Cement will issue its first commercial papers on June 27 worth 20 million kroons, Hansapank said on Tuesday.</p>
<p>The yield for three-month commercial papers is 8.5 percent, Hansapank's interest rate products manager, Ulo Kallas, told Reuters.</p>
<p>Kallas added the company has signed an agreement for one year to issue commercial papers up to 100 million kroons.</p>
<p>Tallinn Port will on June 13 issue 50 million kroons in CPs. The three-month commercial papers have a yield of 7.5 percent.</p>
<p>Tallinn Port will also issue 30 million kroons of three-month commercial papers with a yield of 7.35 percent on June 25.</p>
<p>Hansa Leasing will issue three-month commercial papers worth 40 million kroons on June 17. The yield for the papers is 7.25 percent.</p>
<p>-- Eva Palu, Tallinn newsroom, +372 6209 201, reuters@reuters.ee</p>
</text>
<copyright>(c) Reuters Limited 1997</copyright>
<metadata>
<codes class="bip:countries:1.0">
  <code code="ESTNIA">
    <editdetail attribution="Reuters BIP Coding Group" action="confirmed" date="1997-06-10"/>
  </code>
</codes>
<codes class="bip:topics:1.0">
  <code code="C17">
    <editdetail attribution="Reuters BIP Coding Group" action="confirmed" date="1997-06-10"/>
  </code>
  <code code="C172">
    <editdetail attribution="Reuters BIP Coding Group" action="confirmed" date="1997-06-10"/>
  </code>
  <code code="CCAT">
    <editdetail attribution="Reuters BIP Coding Group" action="confirmed" date="1997-06-10"/>
  </code>
  <code code="M12">
    <editdetail attribution="Reuters BIP Coding Group" action="confirmed" date="1997-06-10"/>
  </code>
  <code code="MCAT">
    <editdetail attribution="Reuters BIP Coding Group" action="confirmed" date="1997-06-10"/>
  </code>
</codes>
<dc element="dc.date.created" value="1997-06-10"/>
<dc element="dc.publisher" value="Reuters Holdings Plc"/>
<dc element="dc.date.published" value="1997-06-10"/>
<dc element="dc.source" value="Reuters"/>
<dc element="dc.creator.location" value="TALLINN"/>
<dc element="dc.creator.location.country.name" value="ESTONIA"/>
<dc element="dc.source" value="Reuters"/>
</metadata>
</newsitem>
