<?xml version="1.0" encoding="iso-8859-1" ?>
<newsitem itemid="649196" id="root" date="1997-06-10" xml:lang="en">
<title>UK: Energy Group in PacifiCorp's sights.</title>
<headline>Energy Group in PacifiCorp's sights.</headline>
<byline>Mike Elliott</byline>
<dateline>LONDON 1997-06-10</dateline>
<text>
<p>Britain's Energy Group Plc, which demerged from conglomerate Hanson only in February, said on Tuesday it is in talks with PacifiCorp of the United States which may lead to a recommended offer being made for it.</p>
<p>The group, Britain's biggest electricity distributor, said in a statement that any offer would be expected to be priced at a premium of around 20 percent to the company's closing share price on the London Stock Exchange of 5.80 pounds ($9.49).</p>
<p>At 5.80 pounds per share, the group is valued at around three billion pounds.</p>
<p>&quot;I'm not surprised that talks have been taking place,&quot; said Nigel Hawkins, analyst with Yamaichi. &quot;(Energy Group) is one of few relatively vertically integrated utilities in the UK&quot;.</p>
<p>Energy Group owns Eastern Electricity, a regional electricity supplier, and is Britain's fourth biggest generator after buying 6,000 megaWatts of capacity from National Power and PowerGen. It also owns the U.S. coal business Peabody Resources Ltd.</p>
<p>&quot;It was seen from all that...as being quite an attractive takeover target post its demerger from Hanson,&quot; Hawkins added.</p>
<p>Energy Group, which had been due to report its results for the six months to March 31 on Thursday, said it would not now be releasing the figures until the outcome of its talks with PacifiCorp had been settled.</p>
<p>It said a further announcement, to include the results, would be issued &quot;as soon as practicable&quot;.</p>
<p>Energy Group announced the talks with PacifiCorp following a recent jump in the company's share price. It had gained 18-1/2 pence to Tuesday's 5.80 pound close.</p>
<p>Hawkins said the price was likely to firm to the 6.50 to 7.00 pounds area when the London Stock Market reopens on Wednesday.</p>
<p>He said the only clouds on the horizon might be some &quot;regulatory concerns&quot; over the takeover and the uncertainty about any windfall tax the new Labour government might impose on the group's Eastern Electricity unit.</p>
<p>Eastern Electricity was one of the 12 regional electricity companies privatised by the former Conservative government.</p>
<p>There was also a question mark over whether PacifiCorp would be prepared to pay the 20 percent premium to the 5.80 pound closing price.</p>
<p>&quot;The outcome of these discussion will be awaited with considerable impatience,&quot; Hawkins said. ($ = 0.610 British Pounds)</p>
</text>
<copyright>(c) Reuters Limited 1997</copyright>
<metadata>
<codes class="bip:countries:1.0">
  <code code="UK">
    <editdetail attribution="Reuters BIP Coding Group" action="confirmed" date="1997-06-10"/>
  </code>
  <code code="USA">
    <editdetail attribution="Reuters BIP Coding Group" action="confirmed" date="1997-06-10"/>
  </code>
</codes>
<codes class="bip:industries:1.0">
  <code code="I16000">
    <editdetail attribution="Reuters BIP Coding Group" action="confirmed" date="1997-06-10"/>
  </code>
  <code code="I16100">
    <editdetail attribution="Reuters BIP Coding Group" action="confirmed" date="1997-06-10"/>
  </code>
</codes>
<codes class="bip:topics:1.0">
  <code code="C15">
    <editdetail attribution="Reuters BIP Coding Group" action="confirmed" date="1997-06-10"/>
  </code>
  <code code="C152">
    <editdetail attribution="Reuters BIP Coding Group" action="confirmed" date="1997-06-10"/>
  </code>
  <code code="C18">
    <editdetail attribution="Reuters BIP Coding Group" action="confirmed" date="1997-06-10"/>
  </code>
  <code code="C181">
    <editdetail attribution="Reuters BIP Coding Group" action="confirmed" date="1997-06-10"/>
  </code>
  <code code="CCAT">
    <editdetail attribution="Reuters BIP Coding Group" action="confirmed" date="1997-06-10"/>
  </code>
</codes>
<dc element="dc.date.created" value="1997-06-10"/>
<dc element="dc.publisher" value="Reuters Holdings Plc"/>
<dc element="dc.date.published" value="1997-06-10"/>
<dc element="dc.source" value="Reuters"/>
<dc element="dc.creator.location" value="LONDON"/>
<dc element="dc.creator.location.country.name" value="UK"/>
<dc element="dc.source" value="Reuters"/>
</metadata>
</newsitem>
