<?xml version="1.0" encoding="iso-8859-1" ?>
<newsitem itemid="649126" id="root" date="1997-06-10" xml:lang="en">
<title>ZIMBABWE: ZIMBABWE DOLLAR ENDS TUESDAY LARGELY FIRMER.</title>
<headline>ZIMBABWE DOLLAR ENDS TUESDAY LARGELY FIRMER.</headline>
<dateline>HARARE 1997-06-10</dateline>
<text>
<p>The Zimbabwe dollar closed on Tuesday a touch firmer on the U.S. unit, the mark and South Africa's rand but eased a little against pound sterling.</p>
<p>&quot;The market managed to pick up a few export receipts but other than that there was nothing much happening,&quot; one foreign exchange dealer said.</p>
<p>The local unit finished the day at 11.3100/3200 on the U.S. dollar, gaining a cent from 11.3150/3250 the previous day and was quoted three cents firmer at 6.5900/6100 from 6.6200/6400 versus the mark.</p>
<p>It was at 2.5000/5200 from 2.5150/5160 against the rand but closed weaker on sterling at 18.5300/5500 compared to 18.5030/5390.</p>
<p>--Stella Mapenzauswa, Harare Newsroom: +263-4 72 52 27/8/9</p>
</text>
<copyright>(c) Reuters Limited 1997</copyright>
<metadata>
<codes class="bip:countries:1.0">
  <code code="SAFR">
    <editdetail attribution="Reuters BIP Coding Group" action="confirmed" date="1997-06-10"/>
  </code>
  <code code="ZIMBAB">
    <editdetail attribution="Reuters BIP Coding Group" action="confirmed" date="1997-06-10"/>
  </code>
</codes>
<codes class="bip:topics:1.0">
  <code code="M13">
    <editdetail attribution="Reuters BIP Coding Group" action="confirmed" date="1997-06-10"/>
  </code>
  <code code="M132">
    <editdetail attribution="Reuters BIP Coding Group" action="confirmed" date="1997-06-10"/>
  </code>
  <code code="MCAT">
    <editdetail attribution="Reuters BIP Coding Group" action="confirmed" date="1997-06-10"/>
  </code>
</codes>
<dc element="dc.date.created" value="1997-06-10"/>
<dc element="dc.publisher" value="Reuters Holdings Plc"/>
<dc element="dc.date.published" value="1997-06-10"/>
<dc element="dc.source" value="Reuters"/>
<dc element="dc.creator.location" value="HARARE"/>
<dc element="dc.creator.location.country.name" value="ZIMBABWE"/>
<dc element="dc.source" value="Reuters"/>
</metadata>
</newsitem>
