<?xml version="1.0" encoding="iso-8859-1" ?>
<newsitem itemid="649160" id="root" date="1997-06-10" xml:lang="en">
<title>LITHUANIA: LITHUANIA-C.BANK SAYS 2ND REPO AUCTION JUNE 12.</title>
<headline>LITHUANIA-C.BANK SAYS 2ND REPO AUCTION JUNE 12.</headline>
<dateline>VILNIUS 1997-06-10</dateline>
<text>
<p>Lithuania's central bank said on Tuesday it decided to launch its second repurchase (repo) auction on Thursday, June 12.</p>
<p>&quot;The central bank will offer commercial banks T-bills for a maximum sum of 20 million litas, for a seven percent annual interest rate with seven days maturity,&quot; Arvydas Kregzhde, the director of the bank's market operations, told Reuters.</p>
<p>The Bank of Lithuania launched its first repo auction last week as part of attempts to regain more of the functions of a central bank of which it was stripped under the currency board.</p>
<p>One commercial bank participated in the first repo auction last week and a deal of 300,000 litas was registered. The maturity of the deal expires on Thursday.</p>
<p>The Bank of Lithuania said earlier it wants to hold the auctions on regular basis but a timetable has not been set.</p>
<p>-- Andrius Vilkancas, Vilnius newsroom +370 2 22 35 17</p>
</text>
<copyright>(c) Reuters Limited 1997</copyright>
<metadata>
<codes class="bip:countries:1.0">
  <code code="LITH">
    <editdetail attribution="Reuters BIP Coding Group" action="confirmed" date="1997-06-10"/>
  </code>
</codes>
<codes class="bip:topics:1.0">
  <code code="M13">
    <editdetail attribution="Reuters BIP Coding Group" action="confirmed" date="1997-06-10"/>
  </code>
  <code code="M131">
    <editdetail attribution="Reuters BIP Coding Group" action="confirmed" date="1997-06-10"/>
  </code>
  <code code="MCAT">
    <editdetail attribution="Reuters BIP Coding Group" action="confirmed" date="1997-06-10"/>
  </code>
</codes>
<dc element="dc.date.created" value="1997-06-10"/>
<dc element="dc.publisher" value="Reuters Holdings Plc"/>
<dc element="dc.date.published" value="1997-06-10"/>
<dc element="dc.source" value="Reuters"/>
<dc element="dc.creator.location" value="VILNIUS"/>
<dc element="dc.creator.location.country.name" value="LITHUANIA"/>
<dc element="dc.source" value="Reuters"/>
</metadata>
</newsitem>
