<?xml version="1.0" encoding="iso-8859-1" ?>
<newsitem itemid="649162" id="root" date="1997-06-10" xml:lang="en">
<title>POLAND: POLISH BANKS BID TO PLACE PLN 45 MLN AT DRAINAGE.</title>
<headline>POLISH BANKS BID TO PLACE PLN 45 MLN AT DRAINAGE.</headline>
<dateline>WARSAW 1997-06-10</dateline>
<text>
<p>Polish banks bid to place 45 million zlotys, in nominal terms, at the National Bank of Poland's reverse NBP-bill repurchase auction against a 150 million zloty offer, the NBP said.</p>
<p>Polish banks also bid for 82 million zlotys of 91-day NBP-bills against the central bank's 150 million zloty offer.</p>
<p>Results of the auction should be available at about 1300 local time. -- Warsaw Newsroom +48 22 653 9700</p>
</text>
<copyright>(c) Reuters Limited 1997</copyright>
<metadata>
<codes class="bip:countries:1.0">
  <code code="POL">
    <editdetail attribution="Reuters BIP Coding Group" action="confirmed" date="1997-06-10"/>
  </code>
</codes>
<codes class="bip:topics:1.0">
  <code code="M13">
    <editdetail attribution="Reuters BIP Coding Group" action="confirmed" date="1997-06-10"/>
  </code>
  <code code="M131">
    <editdetail attribution="Reuters BIP Coding Group" action="confirmed" date="1997-06-10"/>
  </code>
  <code code="MCAT">
    <editdetail attribution="Reuters BIP Coding Group" action="confirmed" date="1997-06-10"/>
  </code>
</codes>
<dc element="dc.date.created" value="1997-06-10"/>
<dc element="dc.publisher" value="Reuters Holdings Plc"/>
<dc element="dc.date.published" value="1997-06-10"/>
<dc element="dc.source" value="Reuters"/>
<dc element="dc.creator.location" value="WARSAW"/>
<dc element="dc.creator.location.country.name" value="POLAND"/>
<dc element="dc.source" value="Reuters"/>
</metadata>
</newsitem>
