<?xml version="1.0" encoding="iso-8859-1" ?>
<newsitem itemid="649140" id="root" date="1997-06-10" xml:lang="en">
<title>LATVIA: LATVIA-NOON RADIO HEADLINES-JUNE 10.</title>
<headline>LATVIA-NOON RADIO HEADLINES-JUNE 10.</headline>
<dateline>RIGA 1997-06-10</dateline>
<text>
<p>These were some of the headlines on Latvian state radio on Tuesday. Reuters has not verified these headlines and does not vouch for their accuracy:</p>
<p>- Foreign Minister Valdis Birkavs heads to the U.S. for a visit ahead of the July summit on NATO.</p>
<p>- There has been no agreement on where to base the Baltic defence college at a meeting of Nordic and Baltic defence ministers on the island of Saaremaa.</p>
<p>- EU Commissioner Hans Van Den Broek is to announce what will happen with those nations left of the first wave of EU enlargement.</p>
<p>-- Riga newsroom, +371 721 5240</p>
</text>
<copyright>(c) Reuters Limited 1997</copyright>
<metadata>
<codes class="bip:countries:1.0">
  <code code="LATV">
    <editdetail attribution="Reuters BIP Coding Group" action="confirmed" date="1997-06-10"/>
  </code>
</codes>
<codes class="bip:topics:1.0">
  <code code="GCAT">
    <editdetail attribution="Reuters BIP Coding Group" action="confirmed" date="1997-06-10"/>
  </code>
</codes>
<dc element="dc.date.created" value="1997-06-10"/>
<dc element="dc.publisher" value="Reuters Holdings Plc"/>
<dc element="dc.date.published" value="1997-06-10"/>
<dc element="dc.source" value="Reuters"/>
<dc element="dc.creator.location" value="RIGA"/>
<dc element="dc.creator.location.country.name" value="LATVIA"/>
<dc element="dc.source" value="Reuters"/>
</metadata>
</newsitem>
