<?xml version="1.0" encoding="iso-8859-1" ?>
<newsitem itemid="649189" id="root" date="1997-06-10" xml:lang="en">
<title>LATVIA: REUTERS BALTIC NEWS - MARKETS WHILE YOU SLEPT.</title>
<headline>REUTERS BALTIC NEWS - MARKETS WHILE YOU SLEPT.</headline>
<dateline>RIGA 1997-06-10</dateline>
<text>
<p>These are the main developments on markets overnight:</p>
<p>EQUITIES MARKETS</p>
<p>NEW-YORK. U.S. stocks finished higher as their record run continues in wake of Friday's U.S. jobs report. Dow rose by 43 points to 7478, its second straight record. Dow gains now stand at more than 1,000 points since start of 1997. Bonds weakened, meanwhile.</p>
<p>TOKYO. Stocks maintained their gains in early afternoon trade on Tuesday, supported by futures-linked buying as the yen/dollar rate stabilised.</p>
<p>The Nikkey average gained 267.83 to 20,491.65.</p>
<p>LONDON. UK shares ended close day's highs, supported by Dow, strong FTSE futures and UK bank sector. Market shrugged off weak T-bills, sharp drop in European bourses.</p>
<p>FTSE finished at 4,686.7, rising by 41.7 points.</p>
<p>FOREX ACTIVITIES</p>
<p>The dollar was steady by Tokyo noon due to buy-back interst by overseas speculative funds and public and private institutional investors.</p>
<p>The U.S. unit stood 112.86/89 against the yen at 0300 GMT.</p>
<p>The dollar's recovery against the yen from early lows was helped by a large pound buying for the yen by a major local brokerage firm.</p>
<p>-- Riga Newsroom +371 721 5240</p>
</text>
<copyright>(c) Reuters Limited 1997</copyright>
<metadata>
<codes class="bip:countries:1.0">
  <code code="ESTNIA">
    <editdetail attribution="Reuters BIP Coding Group" action="confirmed" date="1997-06-10"/>
  </code>
  <code code="JAP">
    <editdetail attribution="Reuters BIP Coding Group" action="confirmed" date="1997-06-10"/>
  </code>
  <code code="LATV">
    <editdetail attribution="Reuters BIP Coding Group" action="confirmed" date="1997-06-10"/>
  </code>
  <code code="LITH">
    <editdetail attribution="Reuters BIP Coding Group" action="confirmed" date="1997-06-10"/>
  </code>
  <code code="UK">
    <editdetail attribution="Reuters BIP Coding Group" action="confirmed" date="1997-06-10"/>
  </code>
  <code code="USA">
    <editdetail attribution="Reuters BIP Coding Group" action="confirmed" date="1997-06-10"/>
  </code>
</codes>
<codes class="bip:topics:1.0">
  <code code="M11">
    <editdetail attribution="Reuters BIP Coding Group" action="confirmed" date="1997-06-10"/>
  </code>
  <code code="M13">
    <editdetail attribution="Reuters BIP Coding Group" action="confirmed" date="1997-06-10"/>
  </code>
  <code code="M132">
    <editdetail attribution="Reuters BIP Coding Group" action="confirmed" date="1997-06-10"/>
  </code>
  <code code="MCAT">
    <editdetail attribution="Reuters BIP Coding Group" action="confirmed" date="1997-06-10"/>
  </code>
</codes>
<dc element="dc.date.created" value="1997-06-10"/>
<dc element="dc.publisher" value="Reuters Holdings Plc"/>
<dc element="dc.date.published" value="1997-06-10"/>
<dc element="dc.source" value="Reuters"/>
<dc element="dc.creator.location" value="RIGA"/>
<dc element="dc.creator.location.country.name" value="LATVIA"/>
<dc element="dc.source" value="Reuters"/>
</metadata>
</newsitem>
