<?xml version="1.0" encoding="iso-8859-1" ?>
<newsitem itemid="649109" id="root" date="1997-06-10" xml:lang="en">
<title>PORTUGAL: SOCCER-BOAVISTA CUP WIN CLOSES BENFICA'S POOR SEASON.</title>
<headline>SOCCER-BOAVISTA CUP WIN CLOSES BENFICA'S POOR SEASON.</headline>
<dateline>LISBON 1997-06-10</dateline>
<text>
<p>Two goals from Bolivian Edwin Sanchez helped Boavista to a hard-fought 3-2 victory over Benfica in the Portuguese Cup final on Tuesday.</p>
<p>Sanchez opened the scoring in the seventh minute with a wickedly struck free-kick and hit the northern side's third from a penalty in the 58th.</p>
<p>Defeat completed a miserable season for cup holders Benfica, who finished third in the league, well behind champions Porto and traditional Lisbon rivals Sporting.</p>
<p>Benfica defender Jose Calado scored his club's first in the 34rd minute and their second arrived in the second half when a fierce shot by Moroccan defender El Hadrioui took a deflection and beat Ricardo Pereira in the Boavista goal.</p>
<p>Benfica-bound Boavista striker Nuno Gomes should have made the game safe in the 75th minute but he pushed the ball wide with the goal at his mercy.</p>
<p>It was Boavista's fifth Portuguese Cup success after an indifferent league season in the league.</p>
</text>
<copyright>(c) Reuters Limited 1997</copyright>
<metadata>
<codes class="bip:countries:1.0">
  <code code="BOL">
    <editdetail attribution="Reuters BIP Coding Group" action="confirmed" date="1997-06-10"/>
  </code>
  <code code="PORL">
    <editdetail attribution="Reuters BIP Coding Group" action="confirmed" date="1997-06-10"/>
  </code>
</codes>
<codes class="bip:topics:1.0">
  <code code="GCAT">
    <editdetail attribution="Reuters BIP Coding Group" action="confirmed" date="1997-06-10"/>
  </code>
  <code code="GSPO">
    <editdetail attribution="Reuters BIP Coding Group" action="confirmed" date="1997-06-10"/>
  </code>
</codes>
<dc element="dc.date.created" value="1997-06-10"/>
<dc element="dc.publisher" value="Reuters Holdings Plc"/>
<dc element="dc.date.published" value="1997-06-10"/>
<dc element="dc.source" value="Reuters"/>
<dc element="dc.creator.location" value="LISBON"/>
<dc element="dc.creator.location.country.name" value="PORTUGAL"/>
<dc element="dc.source" value="Reuters"/>
</metadata>
</newsitem>
