<?xml version="1.0" encoding="iso-8859-1" ?>
<newsitem itemid="649274" id="root" date="1997-06-10" xml:lang="en">
<title>NEW ZEALAND: NZ SPORT - Zinny contracted till end 1998 - NZRFU.</title>
<headline>NZ SPORT - Zinny contracted till end 1998 - NZRFU.</headline>
<text>
<p>WELLINGTON, June 11 - Whatever happens in contract talks between All Black Zinzan Brooke and his New Zealand Rugby Football Union (NZRFU) employers, Brooke will play his rugby in New Zealand until the end of 1998, NZPA reported on Wednesday.</p>
<p>NZRFU chief executive David Moffett said he was &quot;flabbergasted&quot; by reports that Brooke was having trouble organising a new contract and that he might go overseas as a result.</p>
<p>&quot;Zinny is contracted to us until the end of 1998,&quot; Moffett said.  </p>
<p>&quot;And we've been having very amicable discussions with him about his future.&quot;</p>
<p>The reports came from yesterday's Fiji-Counties match, where Counties coach Mac McCallion is reported to have suggested Brooke was having trouble reaching a contractual agreement and might be looking overseas.</p>
<p>A fortnight ago Brooke, amid rumours he might be considering a lucrative offer to play in Britain, said he expected to sign his contract on Tuesday last week.</p>
<p>The NZRFU is in the process of &quot;rolling over&quot; contracts with leading players at present.  </p>
<p>Moffett says many contracts have been completed with the present All Black squad, with a few to go -- Brooke being one of them.</p>
<p>Brooke is likely to return to the All Blacks for next week's Wellington test match with Argentina.</p>
<p>Otago's Taine Randell will play in the No 8 position against Fiji on Saturday in Albany.</p>
<p>There were still about 7000 tickets to sell yesterday for the Albany match. The North Harbour stadium holds 25,000 people.</p>
<p>Sales for the Wellington test, against Argentina on June 21, reached 16,000 by early today.</p>
</text>
<copyright>(c) Reuters Limited 1997</copyright>
<metadata>
<codes class="bip:countries:1.0">
  <code code="NZ">
    <editdetail attribution="Reuters BIP Coding Group" action="confirmed" date="1997-06-10"/>
  </code>
</codes>
<codes class="bip:topics:1.0">
  <code code="GCAT">
    <editdetail attribution="Reuters BIP Coding Group" action="confirmed" date="1997-06-10"/>
  </code>
  <code code="GSPO">
    <editdetail attribution="Reuters BIP Coding Group" action="confirmed" date="1997-06-10"/>
  </code>
</codes>
<dc element="dc.publisher" value="Reuters Holdings Plc"/>
<dc element="dc.date.published" value="1997-06-10"/>
<dc element="dc.source" value="Reuters"/>
<dc element="dc.creator.location.country.name" value="NEW ZEALAND"/>
<dc element="dc.source" value="Reuters"/>
</metadata>
</newsitem>
