<?xml version="1.0" encoding="iso-8859-1" ?>
<newsitem itemid="649257" id="root" date="1997-06-10" xml:lang="en">
<title>UK: Eurobonds - Expected new issues.</title>
<headline>Eurobonds - Expected new issues.</headline>
<dateline>LONDON 1997-06-10</dateline>
<text>
<p>Following is a summary of expected new issues in the international primary debt market.</p>
<p>The list was compiled from information provided by borrowers, banks mandated to lead manage the issues and other primary market sources. All terms and conditions are indicative.</p>
<p>Details of upcoming bond issues can be telephoned into the London newsroom on +44 171 542 7658</p>
<p>(OFFICIAL indicates confirmed by borrower)</p>
<p>* * * DOLLARS * * *</p>
<p>+ BAYERLB seen planning $1.0 billion 10-year global</p>
<p>+ BGB FINANCE, eyeing $500 million five-year bond, +20 bp</p>
<p>+ JAPAN HIGHWAY, JFM and TOKYO all eyeing dollars</p>
<p>+ WORLD BANK, CANADA, CANADIAN PROVINCES, eyeing 10-years</p>
<p>+ XEROX, up to $250 million at three to five years</p>
<p>* * * DUTCH GUILDERS * * *</p>
<p>+ AUSTRIA, eyeing sector</p>
<p>+ KREDITANSTALT FUER WEIDERAUFBAU, eyeing sector</p>
<p>* * * FRENCH FRANCS * * *</p>
<p>+ FANNIE MAE global bond issue in French francs possible</p>
<p>+ FINLAND, eyeing a deal in French francs for May/June</p>
<p>+ ITALY, debut French franc bond, CDC/J.P Morgan, 5.0 billion FRF</p>
<p>at 10 years, week of June 9</p>
<p>+ LVMH, said to be eyeing sector</p>
<p>* * * LIRE * * *</p>
<p>+ BENNETTON GROUP, 500 billion lire</p>
<p>+ FANNIE MAE, considering global bond</p>
<p>* * * MARKS * * *</p>
<p>+ GERMAN LANDER, said to be planning third Lander jumbo deal</p>
<p>+ ITALY, up to 1.0 billion marks at five- or seven-years</p>
<p>* * * STERLING * * *</p>
<p>+ German banks eyeing sector</p>
<p>+ BICC Plc, 10-year bond, HSBC and SBC Warburg</p>
<p>* * * SWISS FRANCS * * *</p>
<p>+ TOKYO ELECTRIC POWER, eyeing sector</p>
<p>+ AFRICAN DEVELOPMENT BANK, eyeing sector</p>
<p>* * * YEN * * *</p>
<p>+ PEREGRINE INVESTMENTS HOLDINGS LTD will launch 30 billion</p>
<p>yen samurai two/tranche bond (one fixed rate, one floater)</p>
<p>in June -NIKKO SECURITIES (OFFICIAL).</p>
<p>* * * ASSET-BACKED/STRUCTURED * * *</p>
<p>+ AT&amp;T UNIVERSAL CARDS, $1.0 billion asset-backed bond</p>
<p>+ BRITANNIA BUILDING SOCIETY, mortgage-backed bond.</p>
<p>+ CITIBANK, DEAN WITTER, securitised mark bonds</p>
<p>+ FIRST CHICAGO, self-led 7 or 10-yr asset-backed global FRN</p>
<p>+ MORGAN STANLEY, said to be preparing a 1.0 bln lire</p>
<p>securitisation of a pool of mortgages the bank bought from</p>
<p>Istituto Bancario San Paolo di Torino and a sterling deal of</p>
<p>up to 200 million stg to finance the M6 road.</p>
<p>+ NORWEST FINANCIAL, $1.0 billion auto-loan backed issue via</p>
<p>Lehman Brothers.</p>
<p>+ ORCHID SECURITIES, $400 million asset-backed FRN,Merrill Lynch</p>
<p>+ SPV RESIDENTIAL REINSURANCE LTD, $500 million, Merrill</p>
<p>Lynch, first public bond whose principal payments</p>
<p>dependent on losses incurred by insurance group USAA.</p>
</text>
<copyright>(c) Reuters Limited 1997</copyright>
<metadata>
<codes class="bip:countries:1.0">
  <code code="UK">
    <editdetail attribution="Reuters BIP Coding Group" action="confirmed" date="1997-06-10"/>
  </code>
</codes>
<codes class="bip:topics:1.0">
  <code code="M12">
    <editdetail attribution="Reuters BIP Coding Group" action="confirmed" date="1997-06-10"/>
  </code>
  <code code="MCAT">
    <editdetail attribution="Reuters BIP Coding Group" action="confirmed" date="1997-06-10"/>
  </code>
</codes>
<dc element="dc.date.created" value="1997-06-10"/>
<dc element="dc.publisher" value="Reuters Holdings Plc"/>
<dc element="dc.date.published" value="1997-06-10"/>
<dc element="dc.source" value="Reuters"/>
<dc element="dc.creator.location" value="LONDON"/>
<dc element="dc.creator.location.country.name" value="UK"/>
<dc element="dc.source" value="Reuters"/>
</metadata>
</newsitem>
