<?xml version="1.0" encoding="iso-8859-1" ?>
<newsitem itemid="649237" id="root" date="1997-06-10" xml:lang="en">
<title>UK: ICI calls EGM on ICI Australia sale June 30.</title>
<headline>ICI calls EGM on ICI Australia sale June 30.</headline>
<dateline>LONDON 1997-06-10</dateline>
<text>
<p>Imperial Chemical Industries Plc said on Tuesday it had called an extraordinary general meeting(EGM)for June 30 in London, seeking shareholder approval for the sale of its 62.4 percent stake in ICI Australia .</p>
<p>The group said in a statement it was actively pursuing the sale through a global equity offering with a view, depending on market conditions, to conduct the offering in July. Further details are to be announced shortly, it added.</p>
<p>The sale is part of the 3.0 billion stg divestment programme announced on May 7 when the chemical company also said it was buying Unilever Plc's speciality chemicals businesses.</p>
<p>-- London newsroom +44 171 542 4365</p>
</text>
<copyright>(c) Reuters Limited 1997</copyright>
<metadata>
<codes class="bip:countries:1.0">
  <code code="AUSTR">
    <editdetail attribution="Reuters BIP Coding Group" action="confirmed" date="1997-06-10"/>
  </code>
  <code code="UK">
    <editdetail attribution="Reuters BIP Coding Group" action="confirmed" date="1997-06-10"/>
  </code>
</codes>
<codes class="bip:industries:1.0">
  <code code="I25000">
    <editdetail attribution="Reuters BIP Coding Group" action="confirmed" date="1997-06-10"/>
  </code>
  <code code="I41000">
    <editdetail attribution="Reuters BIP Coding Group" action="confirmed" date="1997-06-10"/>
  </code>
</codes>
<codes class="bip:topics:1.0">
  <code code="C11">
    <editdetail attribution="Reuters BIP Coding Group" action="confirmed" date="1997-06-10"/>
  </code>
  <code code="C18">
    <editdetail attribution="Reuters BIP Coding Group" action="confirmed" date="1997-06-10"/>
  </code>
  <code code="C181">
    <editdetail attribution="Reuters BIP Coding Group" action="confirmed" date="1997-06-10"/>
  </code>
  <code code="CCAT">
    <editdetail attribution="Reuters BIP Coding Group" action="confirmed" date="1997-06-10"/>
  </code>
</codes>
<dc element="dc.date.created" value="1997-06-10"/>
<dc element="dc.publisher" value="Reuters Holdings Plc"/>
<dc element="dc.date.published" value="1997-06-10"/>
<dc element="dc.source" value="Reuters"/>
<dc element="dc.creator.location" value="LONDON"/>
<dc element="dc.creator.location.country.name" value="UK"/>
<dc element="dc.source" value="Reuters"/>
</metadata>
</newsitem>
