<?xml version="1.0" encoding="iso-8859-1" ?>
<newsitem itemid="649231" id="root" date="1997-06-10" xml:lang="en">
<title>UK: UK Conservatives vote again for leader on June 17.</title>
<headline>UK Conservatives vote again for leader on June 17.</headline>
<dateline>LONDON 1997-06-10</dateline>
<text>
<p>Conservative MPs will vote again to choose their leader on June 17 after none of the five current candidates won enough support to take the first round outright.</p>
<p>Former Chancellor of the Exchequer Kenneth Clarke won 49 votes, short of the level needed to win outright, followed by four other former ministers: William Hague with 41, John Redwood with 27, Peter Lilley with 24 and Michael Howard with 23.</p>
<p>Nominations for the June 17 ballot close at 1100 GMT on Thursday, June 12. Most observers expect at least one of the candidates in Tuesday's ballot to step down. But to complicate matters, the rules say new candidates can enter the race.</p>
<p>The rules for the second ballot are eased to make a victor more likely. In the first round Clarke would have needed the votes of more than half of all 164 Conservative MPs and a margin of 15 percent over his nearest challenger for outright victory.</p>
<p>To win on the second ballot, a simple majority (83 votes) is needed. If there is no winner on June 17, the two front-runners will square off in a third and final ballot on June 19.</p>
<p>-- London newsroom 44-171-542 7767</p>
</text>
<copyright>(c) Reuters Limited 1997</copyright>
<metadata>
<codes class="bip:countries:1.0">
  <code code="UK">
    <editdetail attribution="Reuters BIP Coding Group" action="confirmed" date="1997-06-10"/>
  </code>
</codes>
<codes class="bip:topics:1.0">
  <code code="GCAT">
    <editdetail attribution="Reuters BIP Coding Group" action="confirmed" date="1997-06-10"/>
  </code>
  <code code="GPOL">
    <editdetail attribution="Reuters BIP Coding Group" action="confirmed" date="1997-06-10"/>
  </code>
</codes>
<dc element="dc.date.created" value="1997-06-10"/>
<dc element="dc.publisher" value="Reuters Holdings Plc"/>
<dc element="dc.date.published" value="1997-06-10"/>
<dc element="dc.source" value="Reuters"/>
<dc element="dc.creator.location" value="LONDON"/>
<dc element="dc.creator.location.country.name" value="UK"/>
<dc element="dc.source" value="Reuters"/>
</metadata>
</newsitem>
