<?xml version="1.0" encoding="iso-8859-1" ?>
<newsitem itemid="537979" id="root" date="1997-04-25" xml:lang="en">
<title>USA: RESEARCH ALERT - SciClone begun at outperform.</title>
<headline>RESEARCH ALERT - SciClone begun at outperform.</headline>
<text>
<p>-- EVEREN Securities said Friday it began coverage of SciClone Pharmaceuticals Inc with an outperform rating, both intermediate and long-term, with an aggressive suitability.</p>
<p>-- SciClone's leading product is an immune enhancer for the treatment of chronic viral infections and cancers, EVEREN said.</p>
<p>-- Six-month price target is $16 and 18-month target is $24, EVEREN said in a research note.</p>
<p>--SciClone shares were up 1/4 at 5-1/4 Friday.</p>
<p>((Chicago newsdesk, 312-408-8787))</p>
</text>
<copyright>(c) Reuters Limited 1997</copyright>
<metadata>
<codes class="bip:countries:1.0">
  <code code="USA">
    <editdetail attribution="Reuters BIP Coding Group" action="confirmed" date="1997-04-25"/>
  </code>
</codes>
<codes class="bip:industries:1.0">
  <code code="I25700">
    <editdetail attribution="Reuters BIP Coding Group" action="confirmed" date="1997-04-25"/>
  </code>
</codes>
<codes class="bip:topics:1.0">
  <code code="C15">
    <editdetail attribution="Reuters BIP Coding Group" action="confirmed" date="1997-04-25"/>
  </code>
  <code code="C152">
    <editdetail attribution="Reuters BIP Coding Group" action="confirmed" date="1997-04-25"/>
  </code>
  <code code="CCAT">
    <editdetail attribution="Reuters BIP Coding Group" action="confirmed" date="1997-04-25"/>
  </code>
</codes>
<dc element="dc.publisher" value="Reuters Holdings Plc"/>
<dc element="dc.date.published" value="1997-04-25"/>
<dc element="dc.source" value="Reuters"/>
<dc element="dc.creator.location.country.name" value="USA"/>
<dc element="dc.source" value="Reuters"/>
</metadata>
</newsitem>
