<?xml version="1.0" encoding="iso-8859-1" ?>
<newsitem itemid="537997" id="root" date="1997-04-25" xml:lang="en">
<title>USA: Occidental offers to meet with Colombian Indians.</title>
<headline>Occidental offers to meet with Colombian Indians.</headline>
<byline>David Brinkerhoff</byline>
<dateline>SANTA MONICA, Calif. 1997-04-25</dateline>
<text>
<p>Occidental Petroleum Corp offered on Friday to meet members of a Colombian indian tribe who have threatened mass suicide over oil exploration on their land.</p>
<p>Occidental President Dale Laurance, facing stockholders at the company's annual meeting here, said he had sent a letter to the president of the U'wa, a 5,000-strong tribe which has lost several court battles trying to block exploration.</p>
<p>At stake are potentially oil-rich lands in the Boyaca region of northeast Colombia which the nomadic U'wa claim is part of a tribal migratory route.</p>
<p>&quot;We don't want to talk to intermediaries. We want to talk face-to-face with them,&quot; Laurance told the audience as two dozen protesters led peaceful demonstrations outside.</p>
<p>Protesters, organized by the environmental groups Action Resources Center and Amazon Watch, shouted &quot;No blood for oil&quot; and waved placards reading &quot;Don't destroy the U'wa Indians.&quot;</p>
<p>&quot;I think if Occidental drills on their ancestral lands it will destroy (U'wa) culture,&quot; said one protester Brett Doran.</p>
<p>&quot;We're here to raise the issue of self-determination for the U'wa,&quot; he added.</p>
<p>He said U'wa Council Chief Roberto Cobaria planned to visit the United States May 2-6, in hopes of getting Occidental off the indians' land.</p>
<p>Tribal representatives threatened at a news conference in Bogota in January to commit mass suicide if their lands were opened to Occidental, a world-wide oil producer, through leases.</p>
<p>&quot;Is it a crafty publicity move or part of their culture? I'm not sure,&quot; Carl Wirdak, Occidental's director of Environmental Affairs told Reuters.</p>
<p>After the U'wa claim bounced around in Colombia's courts, the country's Council of State overturned a high court ruling in March which prevented Occidental from exploring lands.</p>
<p>The president of Occidental's Colombian division said earlier this month the company was very interested in new exploration since production from its current Cano Limon field was expected to fall 10 percent every year until Occidental's license expired in 2007.</p>
<p>Colombia is also eager to hold onto foreign oil companies like Occidental, which has endured costly acts of sabotage on its main crude oil pipeline.</p>
<p>The Colombian government takes about 83 percent in taxes from oil projects, one of the highest levels in Latin America.</p>
</text>
<copyright>(c) Reuters Limited 1997</copyright>
<metadata>
<codes class="bip:countries:1.0">
  <code code="COL">
    <editdetail attribution="Reuters BIP Coding Group" action="confirmed" date="1997-04-25"/>
  </code>
  <code code="USA">
    <editdetail attribution="Reuters BIP Coding Group" action="confirmed" date="1997-04-25"/>
  </code>
</codes>
<codes class="bip:industries:1.0">
  <code code="I14000">
    <editdetail attribution="Reuters BIP Coding Group" action="confirmed" date="1997-04-25"/>
  </code>
</codes>
<codes class="bip:topics:1.0">
  <code code="C24">
    <editdetail attribution="Reuters BIP Coding Group" action="confirmed" date="1997-04-25"/>
  </code>
  <code code="CCAT">
    <editdetail attribution="Reuters BIP Coding Group" action="confirmed" date="1997-04-25"/>
  </code>
  <code code="GCAT">
    <editdetail attribution="Reuters BIP Coding Group" action="confirmed" date="1997-04-25"/>
  </code>
  <code code="GPOL">
    <editdetail attribution="Reuters BIP Coding Group" action="confirmed" date="1997-04-25"/>
  </code>
  <code code="GVIO">
    <editdetail attribution="Reuters BIP Coding Group" action="confirmed" date="1997-04-25"/>
  </code>
</codes>
<dc element="dc.date.created" value="1997-04-25"/>
<dc element="dc.publisher" value="Reuters Holdings Plc"/>
<dc element="dc.date.published" value="1997-04-25"/>
<dc element="dc.source" value="Reuters"/>
<dc element="dc.creator.location" value="SANTA MONICA, Calif."/>
<dc element="dc.creator.location.country.name" value="USA"/>
<dc element="dc.source" value="Reuters"/>
</metadata>
</newsitem>
