<?xml version="1.0" encoding="iso-8859-1" ?>
<newsitem itemid="537953" id="root" date="1997-04-25" xml:lang="en">
<title>EU:  EC REPORT WEEKLY DIARY FOR MONDAY, APRIL 28-SUNDAY, MAY 4.</title>
<headline>EC REPORT WEEKLY DIARY FOR MONDAY, APRIL 28-SUNDAY, MAY 4.</headline>
<text>
<p>***</p>
<p>HIGHLIGHTS</p>
<p>****</p>
<p>LUXEMBOURG - EU justice and home affairs ministers meet. Discussions focus on a report on organised crime to be presented to the Amsterdam European Council (Monday).</p>
<p>LUXEMBOURG - EU foreign ministers meet (Monday-Tuesday). Discussions focus on relations with Iran and Turkey, preparations by Poland and Hungary to join the EU, inter-governmental conference on EU treaty reforms.</p>
<p>THE HAGUE - Dutch Social and Economic Council holds forum on &quot;The future of the social dialogue at Community level&quot; (Monday-Tuesday). Social and Economic Council President Klaas de Vries holds press briefing, Dutch Prime Minister Wim Kok addresses the conference participants at a dinner (Monday).</p>
<p>BRUSSELS - European Commission holds regular weekly meeting.</p>
<p>* Thursday - EU institutions closed for Labour Day.</p>
<p>* Thursday-British elections.</p>
<p>MONDAY, APRIL 28</p>
<p>LUXEMBOURG (EXPANDED ITEM) - EU justice and home affairs ministers meet (1430/1230 GMT). Discussions focus on a report on organised crime to be presented to the Amsterdam European Council.</p>
<p>BRUSSELS (EXPANDED ITEM) - European Commission hosts &quot;European cohesion forum&quot; (1430/1230 GMT) (to Wednesday). Discussions focus on the upcoming reform of the EU's structural funds, the EU's achievements in improving social and economic cohesion and possible improvements for the future. Speakers include: European Commission President Santer, Dutch Prime Minister Wim Kok, EP President Jose Maria Gil-Robles, Committee of the Regions President Pasquall Maragall, ECOSOC President Tom Jenkins, European Commissioners Wulf-Mathies, Flynn and Fischler. Venue: Palais des Congres. Contact: Mr Scheins (322) 295 1409.</p>
<p>BRUSSELS (NEW ITEM) - European Commission hosts conference on &quot;The new computerised transit system&quot; uniting EU officials, economic operators and national authorities from 31 European countries. The conference will present the new system for tracking goods subject to customs duties that are transported across the EU.</p>
<p>BRUSSELS (NEW ITEM) - Romanian Foreign Minister Adrian Severin holds news conference on the outcome of his meeting at NATO (1230/1030 GMT). Venue: NATO. Contact: Romanian Liaison Mission to NATO (322) 707 3617.</p>
<p>BRUSSELS (NEW ITEM) - World Customs Organisation holds forum on &quot;Reshaping customs - a strategic outlook&quot; (0930/0730 GMT) (to Wednesday). Contact: Francoise Le Grand by fax (322) 508 4241.</p>
<p>LEUVEN, Belgium (NEW ITEM) - Leuven Catholic University, Law Faculty, holds news conference on &quot;Working time developments in Europe&quot; (1645/1445 GMT). Venue: Law Faculty (32) 16 32 52 02.</p>
<p>THE HAGUE (NEW ITEM) - Dutch Social and Economic Council holds forum on &quot;The future of the social dialogue at Community level&quot; (and Tuesday). Social and Economic Council President Klaas de Vries holds press briefing at 1130/0930 GMT. Dutch Prime Minister Wim Kok addresses the conference participants at a dinner at the Kurhaus, Scheveningen, at 2000/1800 GMT. Speakers include: Dutch Employment and Social Affairs Minister Ad Melkert and European Commission Directorate-General V (Social Affairs) Director General Allan Larsson. Venue: Congress Centre. Contact: Dutch Social and Economic Council (31) 70 3 499 499.</p>
<p>TUESDAY, APRIL 29</p>
<p>LUXEMBOURG (EXPANDED ITEM) - EU foreign ministers meet (and Tuesday).</p>
<p>Agenda includes:</p>
<p>- (0930/0730 GMT) EU position for Association Council with Poland.</p>
<p>- EU position for Association Council with Hungary.</p>
<p>- Trade issues:</p>
<p>- Community preferential trade agreements;</p>
<p>- Textile imports (EC regulation 3030/93).</p>
<p>- (possibly) Live bovine imports.</p>
<p>- Transatlantic relations.</p>
<p>- Switzerland.</p>
<p>- Mediterranean policy: Malta Euro-Med Conference April 15-16.</p>
<p>- Racism and xenophobia monitoring centre.</p>
<p>- EU position for Association Council with Turkey.</p>
<p>- Situation in former Yugoslavia, Belarus, Iran and Great Lakes Regions.</p>
<p>- Middle East peace process.</p>
<p>- Commission presentation on Hong Kong.</p>
<p>- (1330/1130 GMT) Signature ceremonies with Laos and Cambodia.</p>
<p>- (1600/1400 GMT) Inter-governmental conference (IGC) ministerial meeting; EP President Jose Maria Gil-Robles attends.</p>
<p>- (1830/1630 GMT) Signature ceremony with Former Yugoslavian Republic of Macedonia.</p>
<p>- (1900/1700 GMT) Association Council with Turkey followed by dinner.</p>
<p>BRUSSELS - British Chamber of Commerce in Belgium holds conference on &quot;Vertical restraints green paper: does it meet business needs?&quot; (0900/0700 GMT). Venue: Radisson SAS Hotel.</p>
<p>BRUSSELS - Centre for Economic Policy Research and ECARE (European Studies Institute, Free University of Brussels) hold joint lunchtime meeting on &quot;EMU: getting the end-game right&quot; (1330/1130 GMT). Venue: ECARE, 39 avenue Franklin Roosevelt. Contact: Nancy De Munck, ECARE (322) 650 3075.</p>
<p>BRUSSELS - The Philip Morris Institute (PMI) holds conference on &quot;World trade policy for the 21st century - Delivering the goods after Singapore&quot;. Contact: PMI (322) 732 1156.</p>
<p>WEDNESDAY, APRIL 30</p>
<p>LUXEMBOURG (EXPANDED ITEM) - EU foreign ministers meeting continues.</p>
<p>Agenda includes:</p>
<p>- (0930/0730 GMT) Inter-governmental conference (IGC) resumes - followed by lunch</p>
<p>- (1500/1300 GMT) Association Council with Poland.</p>
<p>- (1630/1430 GMT) Association Council with Hungary.</p>
<p>- (1830/1630 GMT) Dinner with Hungary and Poland.</p>
<p>BRUSSELS (NEW ITEM) - European Commission holds regular weekly meeting (0900/0700 GMT).</p>
<p>Provisional agenda includes:</p>
<p>- Commissioner Liikanen communication on draft budget for 1998.</p>
<p>- Commissioner Van Miert, Bangemann, Monti communication on the implementation of Commission decision of December 18, 1996, on the granting of concessions in the telecoms sector.</p>
<p>- Commissioners Monti and Gradin action plan for transit in Europe - new customs policy.</p>
<p>- Commission President Santer and Commissioner Monti action plan for the single market.</p>
<p>- Commission President Santer and Commissioners Bonino, Bangemann, Flynn, Cresson and Monti communication on control and scientific consultation in food safety.</p>
<p>- Commissioners Cresson and Flynn report on access to continuing training in the EU.</p>
<p>THURSDAY, MAY 1</p>
<p>- EU institutions closed for Labour Day.</p>
<p>- British elections.</p>
<p>FRIDAY, MAY 2</p>
<p>No events scheduled.</p>
<p>SATURDAY, MAY 3</p>
<p>No events scheduled.</p>
<p>SUNDAY, MAY 4</p>
<p>No events scheduled.</p>
<p>If you have items for inclusion in the Reuter European</p>
<p>Community diary, please contact:</p>
<p>Telephone: Cynthia Simpson (322) 287 6851</p>
<p>Fax: (322) 230 5573</p>
<p>For technical queries regarding</p>
<p>the service, please call (322) 287 6666</p>
<p>- - - - - - - - - - - - - - - - - - - - - - -</p>
<p>EC Report (C)opyright Reuters Limited.</p>
</text>
<copyright>(c) Reuters Limited 1997</copyright>
<metadata>
<codes class="bip:countries:1.0">
  <code code="EEC">
    <editdetail attribution="Reuters BIP Coding Group" action="confirmed" date="1997-04-25"/>
  </code>
</codes>
<codes class="bip:topics:1.0">
  <code code="G15">
    <editdetail attribution="Reuters BIP Coding Group" action="confirmed" date="1997-04-25"/>
  </code>
  <code code="GCAT">
    <editdetail attribution="Reuters BIP Coding Group" action="confirmed" date="1997-04-25"/>
  </code>
</codes>
<dc element="dc.publisher" value="Reuters Holdings Plc"/>
<dc element="dc.date.published" value="1997-04-25"/>
<dc element="dc.source" value="Reuters"/>
<dc element="dc.creator.location.country.name" value="EU"/>
<dc element="dc.source" value="Reuters"/>
</metadata>
</newsitem>
