<?xml version="1.0" encoding="iso-8859-1" ?>
<newsitem itemid="537976" id="root" date="1997-04-25" xml:lang="en">
<title>USA: RESEARCH ALERT - Wallace Computer cut.</title>
<headline>RESEARCH ALERT - Wallace Computer cut.</headline>
<text>
<p>--Jefferies &amp; Co cut its rating on Wallace Computer to accumulate from buy following a company statement on Thursday that it would not meet analysts' expectations for the third quarter.</p>
<p>--cut earnings estimates for fiscal 1997 to $1.85 a share from $2.02 a share and for fiscal 1998 to $2.05 a share from $2.27 a share.</p>
<p>--said that despite the lower short term outlook Wallace is positioned for long term success.</p>
<p>--shares of Wallace were 1-1/8 higher at 26-3/4 in afternoon trading on the New York Stock Exchange.</p>
</text>
<copyright>(c) Reuters Limited 1997</copyright>
<metadata>
<codes class="bip:countries:1.0">
  <code code="USA">
    <editdetail attribution="Reuters BIP Coding Group" action="confirmed" date="1997-04-25"/>
  </code>
</codes>
<codes class="bip:industries:1.0">
  <code code="I83940">
    <editdetail attribution="Reuters BIP Coding Group" action="confirmed" date="1997-04-25"/>
  </code>
</codes>
<codes class="bip:topics:1.0">
  <code code="C15">
    <editdetail attribution="Reuters BIP Coding Group" action="confirmed" date="1997-04-25"/>
  </code>
  <code code="C152">
    <editdetail attribution="Reuters BIP Coding Group" action="confirmed" date="1997-04-25"/>
  </code>
  <code code="CCAT">
    <editdetail attribution="Reuters BIP Coding Group" action="confirmed" date="1997-04-25"/>
  </code>
</codes>
<dc element="dc.publisher" value="Reuters Holdings Plc"/>
<dc element="dc.date.published" value="1997-04-25"/>
<dc element="dc.source" value="Reuters"/>
<dc element="dc.creator.location.country.name" value="USA"/>
<dc element="dc.source" value="Reuters"/>
</metadata>
</newsitem>
