<?xml version="1.0" encoding="iso-8859-1" ?>
<newsitem itemid="537955" id="root" date="1997-04-25" xml:lang="en">
<title>EU:  OFFICIAL JOURNAL CONTENTS - OJ L 108 OF APRIL 25, 1997.</title>
<headline>OFFICIAL JOURNAL CONTENTS - OJ L 108 OF APRIL 25, 1997.</headline>
<text>
<p>*</p>
<p>(Note - contents are displayed in reverse order to that in the printed Journal)</p>
<p>*</p>
<p>Corrigendum to Commission Regulation (EC) No 503/97 of 19 March 1997 amending Regulation (EC) No 1600/95 laying down detailed rules for the application of the import arrangements and opening tariff quotas for milk and milk products (Official Journal of the European Communities No L 78 of 20 March 1997)</p>
<p>COMMISSION DECISION of 11 April 1997 amending Decision 93/437/EEC laying down special conditions governing imports of fishery products originating in Argentina (Text with EEA relevance) (97/276/EC)</p>
<p>COMMISSION DECISION of 9 April 1997 amending Decision 93/25/EEC approving certain treatments to inhibit the development of pathogenic micro-organisms in bivalve molluscs and marine gastropods (Text with EEA relevance) (97/275/EC)</p>
<p>COMMISSION DECISION of 4 April 1997 on protective measures with regard to fishery products originating in Tanzania (Text with EEA relevance) (97/274/EC)</p>
<p>COMMISSION DECISION of 4 April 1997 on protective measures with regard to fishery products originating in Uganda (Text with EEA relevance) (97/273/EC)</p>
<p>COMMISSION DECISION of 4 April 1997 on protective measures with regard to fishery products originating in Kenya (Text with EEA relevance) (97/272/EC)</p>
<p>COMMISSION REGULATION (EC) No 738/97 of 24 April 1997 derogating temporarily from Regulation (EC) No 1445/95 on rules of application for import and export licences in the beef and veal sector</p>
<p>COMMISSION REGULATION (EC) No 737/97 of 24 April 1997 amending representative prices and additional duties for the import of certain products in the sugar sector</p>
<p>COMMISSION REGULATION (EC) No 736/97 of 24 April 1997 fixing the export refunds on malt</p>
<p>COMMISSION REGULATION (EC) No 735/97 of 24 April 1997 fixing the export refunds on cereals and on wheat or rye flour, groats and meal</p>
<p>COMMISSION REGULATION (EC) No 734/97 of 24 April 1997 concerning tenders submitted in response to the invitation to tender for the export of husked long grain rice to the island of Reunion referred to in Regulation (EC) No 531/97</p>
<p>COMMISSION REGULATION (EC) No 733/97 of 24 April 1997 fixing the maximum export refund on wholly milled long grain rice in connection with the invitation to tender issued in Regulation (EC) No 530/97</p>
<p>COMMISSION REGULATION (EC) No 732/97 of 24 April 1997 establishing the standard import values for determining the entry price of certain fruit and vegetables</p>
<p>COMMISSION REGULATION (EC) No 731/97 of 24 April 1997 altering the rate of refunds applicable for certain products of the cereals and rice sectors exported in the form of goods not covered by Annex II to the Treaty</p>
<p>COMMISSION REGULATION (EC) No 730/97 of 24 April 1997 fixing the export refunds on milk and milk products</p>
<p>COMMISSION REGULATION (EC) No 729/97 of 24 April 1997 amending Regulation (EC) No 658/96 on certain conditions for granting compensatory payments under the support system for producers of certain arable crops</p>
<p>COMMISSION REGULATION (EC) No 728/97 of 24 April 1997 redistributing unused portions of the 1996 quantitative quotas for certain products originating in the People's Republic of China</p>
<p>COMMISSION REGULATION (EC) No 727/97 of 24 April 1997 establishing a list of products excluded from the application of Council Regulation (EEC) No 737/90 on the conditions governing imports of agricultural products originating in third countries following the accident at the Chernobyl nuclear power station</p>
<p>COMMISSION REGULATION (EC) No 726/97 of 24 April 1997 determining the extent to which applications lodged in April 1997 for import licences for certain egg sector products and poultrymeat pursuant to Regulations (EC) No 1474/95 and (EC) No 1251/96 can be accepted</p>
<p>COUNCIL REGULATION (EC) No 725/97 of 22 April 1997 amending Regulation (EEC) No 1789/81 laying down general rules concerning the system of minimum stocks in the sugar sector</p>
<p>COUNCIL REGULATION (EC) No 724/97 of 22 April 1997 determining measures and compensation relating to appreciable revaluations that affect farm incomes</p>
<p>COUNCIL REGULATION (EC) No 723/97 of 22 April 1997 on the implementation of Member States' action programmes on control of EAGGF Guarantee Section expenditure</p>
<p>COUNCIL REGULATION (EC) No 722/97 of 22 April 1997 on environmental measures in developing countries in the context of sustainable development END OF DOCUMENT.</p>
</text>
<copyright>(c) Reuters Limited 1997</copyright>
<metadata>
<codes class="bip:countries:1.0">
  <code code="EEC">
    <editdetail attribution="Reuters BIP Coding Group" action="confirmed" date="1997-04-25"/>
  </code>
</codes>
<codes class="bip:topics:1.0">
  <code code="G15">
    <editdetail attribution="Reuters BIP Coding Group" action="confirmed" date="1997-04-25"/>
  </code>
  <code code="GCAT">
    <editdetail attribution="Reuters BIP Coding Group" action="confirmed" date="1997-04-25"/>
  </code>
</codes>
<dc element="dc.publisher" value="Reuters Holdings Plc"/>
<dc element="dc.date.published" value="1997-04-25"/>
<dc element="dc.source" value="Reuters"/>
<dc element="dc.creator.location.country.name" value="EU"/>
<dc element="dc.source" value="Reuters"/>
</metadata>
</newsitem>
