<?xml version="1.0" encoding="iso-8859-1" ?>
<newsitem itemid="538046" id="root" date="1997-04-25" xml:lang="en">
<title>USA: BDO withdraws from Genesis engagement.</title>
<headline>BDO withdraws from Genesis engagement.</headline>
<dateline>NEW YORK 1997-04-25</dateline>
<text>
<p>BDO Binder S.C., the Mexican member of the accounting firm BDO International, said Friday it withdrew from a deal to conduct a due diligence review on behalf of Genesis International Financial Services.</p>
<p>The review is for assets included in the proposed sale of Genesis' major operating unit, CRIC, to an international investment group, BDO Binder said.</p>
<p>In a statement issued from Mexico City, BDO Binder said that it has also withdrawn its preliminary due diligene reports about the assets and have advised that neither the company nor the potential investors should rely on such reports.</p>
<p>In February, Genesis said it had reached an agreemnent in principle with an international investment group to sell CRIC for $117 million.</p>
</text>
<copyright>(c) Reuters Limited 1997</copyright>
<metadata>
<codes class="bip:countries:1.0">
  <code code="USA">
    <editdetail attribution="Reuters BIP Coding Group" action="confirmed" date="1997-04-25"/>
  </code>
</codes>
<codes class="bip:industries:1.0">
  <code code="I83600">
    <editdetail attribution="Reuters BIP Coding Group" action="confirmed" date="1997-04-25"/>
  </code>
</codes>
<codes class="bip:topics:1.0">
  <code code="C15">
    <editdetail attribution="Reuters BIP Coding Group" action="confirmed" date="1997-04-25"/>
  </code>
  <code code="C151">
    <editdetail attribution="Reuters BIP Coding Group" action="confirmed" date="1997-04-25"/>
  </code>
  <code code="C18">
    <editdetail attribution="Reuters BIP Coding Group" action="confirmed" date="1997-04-25"/>
  </code>
  <code code="C181">
    <editdetail attribution="Reuters BIP Coding Group" action="confirmed" date="1997-04-25"/>
  </code>
  <code code="C33">
    <editdetail attribution="Reuters BIP Coding Group" action="confirmed" date="1997-04-25"/>
  </code>
  <code code="CCAT">
    <editdetail attribution="Reuters BIP Coding Group" action="confirmed" date="1997-04-25"/>
  </code>
</codes>
<dc element="dc.date.created" value="1997-04-25"/>
<dc element="dc.publisher" value="Reuters Holdings Plc"/>
<dc element="dc.date.published" value="1997-04-25"/>
<dc element="dc.source" value="Reuters"/>
<dc element="dc.creator.location" value="NEW YORK"/>
<dc element="dc.creator.location.country.name" value="USA"/>
<dc element="dc.source" value="Reuters"/>
</metadata>
</newsitem>
