<?xml version="1.0" encoding="iso-8859-1" ?>
<newsitem itemid="538083" id="root" date="1997-04-25" xml:lang="en">
<title>USA: Logimetrics says merges with mm-Tech.</title>
<headline>Logimetrics says merges with mm-Tech.</headline>
<dateline>PLAINVIEW, N.Y. 1997-04-25</dateline>
<text>
<p>LogiMetrics Inc said on Friday it completed its acquisition of mm-Tech Inc and the outstanding shares of mm-Tech common stock was converted into an aggregate of 19,247,800 shares of LogiMetrics common stock.</p>
<p>The deal, which made mm-Tech a wholly owned subsidiary of LogiMetrics, is intended to be tax free and will be accounted for as a &quot;pooling of interests,&quot; LogiMetrics said in a statement.</p>
<p>It also said that Charles Brand, the founder of mm-Tech, will become chairman and chief executive officer of LogiMetrics, as well as the company's largest shareholder.  </p>
<p>Norman Phipps, the current chairman and acting president of LogiMetrics, will remain with the company as president and chief operating officer, the company said.</p>
<p>It added that its board of directors had been reconstituted to consist of Brand, Phipps, Alfred Mendelsohn, Frank Brand and Jean-Francois Carreras. In another announcement, the company said it completed a restructuring of its senior bank facilities with North Fork Bank.  </p>
<p>Pursuant to the restructuring, it said, the holder of the company's senior subordinated indebtedness had also agreed to waive some outstanding events of default to provide the company with time to obtain additional financing.</p>
<p>&quot;Now that we have cured the outstanding defaults on substantially all of our existing indebtedness, the company can turn its attention to finalizing its plans to raise additional capital to solidify its capital base and to support the implementation of our growth strategy,&quot; said company president Phipps.</p>
<p>LogiMetrics is a manufacturer of high power RF equipment. Recently, the company has been redirecting its focus away from defense applications and toward commercial opportunities.</p>
<p>mm-Tech supplies transmitters and other equipment for the local multipoint distribution service market.</p>
</text>
<copyright>(c) Reuters Limited 1997</copyright>
<metadata>
<codes class="bip:countries:1.0">
  <code code="USA">
    <editdetail attribution="Reuters BIP Coding Group" action="confirmed" date="1997-04-25"/>
  </code>
</codes>
<codes class="bip:topics:1.0">
  <code code="C18">
    <editdetail attribution="Reuters BIP Coding Group" action="confirmed" date="1997-04-25"/>
  </code>
  <code code="C181">
    <editdetail attribution="Reuters BIP Coding Group" action="confirmed" date="1997-04-25"/>
  </code>
  <code code="CCAT">
    <editdetail attribution="Reuters BIP Coding Group" action="confirmed" date="1997-04-25"/>
  </code>
</codes>
<dc element="dc.date.created" value="1997-04-25"/>
<dc element="dc.publisher" value="Reuters Holdings Plc"/>
<dc element="dc.date.published" value="1997-04-25"/>
<dc element="dc.source" value="Reuters"/>
<dc element="dc.creator.location" value="PLAINVIEW, N.Y."/>
<dc element="dc.creator.location.country.name" value="USA"/>
<dc element="dc.source" value="Reuters"/>
</metadata>
</newsitem>
