<?xml version="1.0" encoding="iso-8859-1" ?>
<newsitem itemid="538052" id="root" date="1997-04-25" xml:lang="en">
<title>USA: Peoples Bancorp to acquire Gateway for $20.5 mln.</title>
<headline>Peoples Bancorp to acquire Gateway for $20.5 mln.</headline>
<dateline>MARIETTA, Ohio 1997-04-25</dateline>
<text>
<p>Peoples Bancorp Inc said Friday it has signed a letter of intent to acquire Gateway Bancorp Inc for about $20.5 million.</p>
<p>Peoples said it will acquire all shares of Gateway common stock for $6.00 each, plus a number of shares of the common stock of Peoples, which will result in an aggregate purchase price of $18.75 per share.  </p>
<p>Based on the closing price of the Peoples common stock on April 24, the stockholders of Gateway would receive .40 shares of Peoples Common stock per share of Gateway and the aggregate price of the transaction, exclusive of payment for Gateway stock options, is $20,170,388. The total price for Gateway's stock options is approximately $383,250.</p>
<p>The transaction, is subject to Peoples receipt of permission from federal regulators to enter into a definitive agreement with Gateway.</p>
<p>The definitive agreement is expected to provide the Gateway stockholders with an election to receive all cash, all Peoples common stock or a combination of both, provided, however, that not more than 68 percent of the total price shall be paid in Peoples common stock.</p>
<p>The merger is also subject to approval by the shareholders of Gateway and the appropriate Federal regulators. It is expected the transaction will be consummated in approximately six months.</p>
</text>
<copyright>(c) Reuters Limited 1997</copyright>
<metadata>
<codes class="bip:countries:1.0">
  <code code="USA">
    <editdetail attribution="Reuters BIP Coding Group" action="confirmed" date="1997-04-25"/>
  </code>
</codes>
<codes class="bip:topics:1.0">
  <code code="C18">
    <editdetail attribution="Reuters BIP Coding Group" action="confirmed" date="1997-04-25"/>
  </code>
  <code code="C181">
    <editdetail attribution="Reuters BIP Coding Group" action="confirmed" date="1997-04-25"/>
  </code>
  <code code="CCAT">
    <editdetail attribution="Reuters BIP Coding Group" action="confirmed" date="1997-04-25"/>
  </code>
</codes>
<dc element="dc.date.created" value="1997-04-25"/>
<dc element="dc.publisher" value="Reuters Holdings Plc"/>
<dc element="dc.date.published" value="1997-04-25"/>
<dc element="dc.source" value="Reuters"/>
<dc element="dc.creator.location" value="MARIETTA, Ohio"/>
<dc element="dc.creator.location.country.name" value="USA"/>
<dc element="dc.source" value="Reuters"/>
</metadata>
</newsitem>
