<?xml version="1.0" encoding="iso-8859-1" ?>
<newsitem itemid="538035" id="root" date="1997-04-25" xml:lang="en">
<title>USA: Ivex Packaging Corp Q1 net vs loss.</title>
<headline>Ivex Packaging Corp Q1 net vs loss.</headline>
<dateline>LINCOLNSHIRE, Ill. 1997-04-25</dateline>
<text>
<p>1997			1996</p>
<p> Net profit		   324     loss	   791</p>
<p> Revs		     127,900		  104,200</p>
<p>(All data above 000s except per share numbers)</p>
<p>NOTE: Operating income before depreciation and amortization was $18.0 million in 1997 versus $15.9 million in 1996.</p>
<p>((Chicago newsdesk (312) 408-8787))</p>
</text>
<copyright>(c) Reuters Limited 1997</copyright>
<metadata>
<codes class="bip:countries:1.0">
  <code code="USA">
    <editdetail attribution="Reuters BIP Coding Group" action="confirmed" date="1997-04-25"/>
  </code>
</codes>
<codes class="bip:industries:1.0">
  <code code="I48300">
    <editdetail attribution="Reuters BIP Coding Group" action="confirmed" date="1997-04-25"/>
  </code>
</codes>
<codes class="bip:topics:1.0">
  <code code="C15">
    <editdetail attribution="Reuters BIP Coding Group" action="confirmed" date="1997-04-25"/>
  </code>
  <code code="C151">
    <editdetail attribution="Reuters BIP Coding Group" action="confirmed" date="1997-04-25"/>
  </code>
  <code code="CCAT">
    <editdetail attribution="Reuters BIP Coding Group" action="confirmed" date="1997-04-25"/>
  </code>
</codes>
<dc element="dc.date.created" value="1997-04-25"/>
<dc element="dc.publisher" value="Reuters Holdings Plc"/>
<dc element="dc.date.published" value="1997-04-25"/>
<dc element="dc.source" value="Reuters"/>
<dc element="dc.creator.location" value="LINCOLNSHIRE, Ill."/>
<dc element="dc.creator.location.country.name" value="USA"/>
<dc element="dc.source" value="Reuters"/>
</metadata>
</newsitem>
