<?xml version="1.0" encoding="iso-8859-1" ?>
<newsitem itemid="538006" id="root" date="1997-04-25" xml:lang="en">
<title>USA: NUMAR Corp Q1 net profit vs loss.</title>
<headline>NUMAR Corp Q1 net profit vs loss.</headline>
<dateline>MALVERN, Pa. 1997-04-25</dateline>
<text>
<p>For the three months ended</p>
<p>							     March 31,</p>
<p>							   1997	 1996</p>
<p>							     (Unaudited)</p>
<p> Revenue						$6,548     $2,973</p>
<p> Income tax expense (benefit)			 81	 (16)</p>
<p>   Net income (loss)				   923	(845)</p>
<p>   Net income (loss) per share		     .11	(.10)</p>
<p>Weighted average common shares outstanding</p>
<p>						     8,733,534  8,273,460</p>
<p>		     (In thousands, except for share data)</p>
</text>
<copyright>(c) Reuters Limited 1997</copyright>
<metadata>
<codes class="bip:countries:1.0">
  <code code="USA">
    <editdetail attribution="Reuters BIP Coding Group" action="confirmed" date="1997-04-25"/>
  </code>
</codes>
<codes class="bip:industries:1.0">
  <code code="I32510">
    <editdetail attribution="Reuters BIP Coding Group" action="confirmed" date="1997-04-25"/>
  </code>
</codes>
<codes class="bip:topics:1.0">
  <code code="C15">
    <editdetail attribution="Reuters BIP Coding Group" action="confirmed" date="1997-04-25"/>
  </code>
  <code code="C151">
    <editdetail attribution="Reuters BIP Coding Group" action="confirmed" date="1997-04-25"/>
  </code>
  <code code="CCAT">
    <editdetail attribution="Reuters BIP Coding Group" action="confirmed" date="1997-04-25"/>
  </code>
</codes>
<dc element="dc.date.created" value="1997-04-25"/>
<dc element="dc.publisher" value="Reuters Holdings Plc"/>
<dc element="dc.date.published" value="1997-04-25"/>
<dc element="dc.source" value="Reuters"/>
<dc element="dc.creator.location" value="MALVERN, Pa."/>
<dc element="dc.creator.location.country.name" value="USA"/>
<dc element="dc.source" value="Reuters"/>
</metadata>
</newsitem>
