<?xml version="1.0" encoding="iso-8859-1" ?>
<newsitem itemid="538045" id="root" date="1997-04-25" xml:lang="en">
<title>USA: Catalyst Int'l posts Q1 loss after charge.</title>
<headline>Catalyst Int'l posts Q1 loss after charge.</headline>
<dateline>MILWAUKEE 1997-04-25</dateline>
<text>
<p>Catalyst International Inc said Friday a charge related to a reorganization program in addition to lower revenues contributed to a loss in the first quarter ended March 31.</p>
<p>The company reported a loss of $2.3 million, or $0.34 a share, compared to a profit of $731,000, or $0.09, in the first quarter of 1996. Revenues in the period fell to $4.1 million from $6.4 million in the same quarter last year.</p>
<p>The company said the charge related to the reorganization, which is expected to help the company control costs, was $187,000.</p>
<p>Catalyst is a warehouse management software developer whose shares closed off 1/16 Friday at 2-7/16.</p>
<p>((Chicago newsdesk (312) 408-8787))</p>
</text>
<copyright>(c) Reuters Limited 1997</copyright>
<metadata>
<codes class="bip:countries:1.0">
  <code code="USA">
    <editdetail attribution="Reuters BIP Coding Group" action="confirmed" date="1997-04-25"/>
  </code>
</codes>
<codes class="bip:industries:1.0">
  <code code="I83940">
    <editdetail attribution="Reuters BIP Coding Group" action="confirmed" date="1997-04-25"/>
  </code>
</codes>
<codes class="bip:topics:1.0">
  <code code="C15">
    <editdetail attribution="Reuters BIP Coding Group" action="confirmed" date="1997-04-25"/>
  </code>
  <code code="C151">
    <editdetail attribution="Reuters BIP Coding Group" action="confirmed" date="1997-04-25"/>
  </code>
  <code code="CCAT">
    <editdetail attribution="Reuters BIP Coding Group" action="confirmed" date="1997-04-25"/>
  </code>
</codes>
<dc element="dc.date.created" value="1997-04-25"/>
<dc element="dc.publisher" value="Reuters Holdings Plc"/>
<dc element="dc.date.published" value="1997-04-25"/>
<dc element="dc.source" value="Reuters"/>
<dc element="dc.creator.location" value="MILWAUKEE"/>
<dc element="dc.creator.location.country.name" value="USA"/>
<dc element="dc.source" value="Reuters"/>
</metadata>
</newsitem>
