<?xml version="1.0" encoding="iso-8859-1" ?>
<newsitem itemid="538088" id="root" date="1997-04-25" xml:lang="en">
<title>USA: Southwest Georgia Financial Q1 net decreases.</title>
<headline>Southwest Georgia Financial Q1 net decreases.</headline>
<dateline>MOULTRIE, Ga. 1997-04-25</dateline>
<text>
<p>1997			1996</p>
<p> Shr			  $0.33		    $0.35</p>
<p>Net interest income</p>
<p>				2,546		    2,434</p>
<p>Provision for loan losses</p>
<p>				   45			 45</p>
<p> Net			    839			907</p>
<p> Avg shrs		   2,561		    2,555</p>
<p>(All data above 000s except per share numbers)</p>
<p>NOTE:  Southwest Georgia Financial Corp said its results for 1996 have been adjusted for a two-for-one stock split in July 1996.</p>
</text>
<copyright>(c) Reuters Limited 1997</copyright>
<metadata>
<codes class="bip:countries:1.0">
  <code code="USA">
    <editdetail attribution="Reuters BIP Coding Group" action="confirmed" date="1997-04-25"/>
  </code>
</codes>
<codes class="bip:topics:1.0">
  <code code="C15">
    <editdetail attribution="Reuters BIP Coding Group" action="confirmed" date="1997-04-25"/>
  </code>
  <code code="C151">
    <editdetail attribution="Reuters BIP Coding Group" action="confirmed" date="1997-04-25"/>
  </code>
  <code code="CCAT">
    <editdetail attribution="Reuters BIP Coding Group" action="confirmed" date="1997-04-25"/>
  </code>
</codes>
<dc element="dc.date.created" value="1997-04-25"/>
<dc element="dc.publisher" value="Reuters Holdings Plc"/>
<dc element="dc.date.published" value="1997-04-25"/>
<dc element="dc.source" value="Reuters"/>
<dc element="dc.creator.location" value="MOULTRIE, Ga."/>
<dc element="dc.creator.location.country.name" value="USA"/>
<dc element="dc.source" value="Reuters"/>
</metadata>
</newsitem>
