<?xml version="1.0" encoding="iso-8859-1" ?>
<newsitem itemid="538074" id="root" date="1997-04-25" xml:lang="en">
<title>USA: North Pittsburgh Systems Q1 shr $0.21.</title>
<headline>North Pittsburgh Systems Q1 shr $0.21.</headline>
<dateline>GIBSONIA, PA. 1997-04-25</dateline>
<text>
<p>1997			1996</p>
<p> Net shr	   $0.21		    $0.20</p>
<p> Net		 3,195		    3,056</p>
<p> Avg shrs	  n/a			n/a</p>
<p>(All data above 000s except per share numbers)</p>
</text>
<copyright>(c) Reuters Limited 1997</copyright>
<metadata>
<codes class="bip:countries:1.0">
  <code code="USA">
    <editdetail attribution="Reuters BIP Coding Group" action="confirmed" date="1997-04-25"/>
  </code>
</codes>
<codes class="bip:topics:1.0">
  <code code="C15">
    <editdetail attribution="Reuters BIP Coding Group" action="confirmed" date="1997-04-25"/>
  </code>
  <code code="C151">
    <editdetail attribution="Reuters BIP Coding Group" action="confirmed" date="1997-04-25"/>
  </code>
  <code code="CCAT">
    <editdetail attribution="Reuters BIP Coding Group" action="confirmed" date="1997-04-25"/>
  </code>
</codes>
<dc element="dc.date.created" value="1997-04-25"/>
<dc element="dc.publisher" value="Reuters Holdings Plc"/>
<dc element="dc.date.published" value="1997-04-25"/>
<dc element="dc.source" value="Reuters"/>
<dc element="dc.creator.location" value="GIBSONIA, PA."/>
<dc element="dc.creator.location.country.name" value="USA"/>
<dc element="dc.source" value="Reuters"/>
</metadata>
</newsitem>
