<?xml version="1.0" encoding="iso-8859-1" ?>
<newsitem itemid="538090" id="root" date="1997-04-25" xml:lang="en">
<title>USA: Aircoa says expects to finish talks with RHM.</title>
<headline>Aircoa says expects to finish talks with RHM.</headline>
<dateline>DENVER, Colo. 1997-04-25</dateline>
<text>
<p>Aircoa Hotel Partners LP said Friday it expects to conclude in two weeks negotiations to buy Regal Hotel Management Inc.</p>
<p>The company said the negotiations are for the purchase of all the class A and B units not owned by RHM or its affiliates for $2.35 per class A unit and $16.80 per class B unit.</p>
<p>The company said the discussions have concerned a possible merger in which cash would be paid to holders of the class A ond class B units, not affiliated with RHM and its affiliates.</p>
<p>The company said the RHM proposal currently does not represent a binding offer and could be withdrawn at any time.</p>
</text>
<copyright>(c) Reuters Limited 1997</copyright>
<metadata>
<codes class="bip:countries:1.0">
  <code code="USA">
    <editdetail attribution="Reuters BIP Coding Group" action="confirmed" date="1997-04-25"/>
  </code>
</codes>
<codes class="bip:industries:1.0">
  <code code="I66500">
    <editdetail attribution="Reuters BIP Coding Group" action="confirmed" date="1997-04-25"/>
  </code>
</codes>
<codes class="bip:topics:1.0">
  <code code="C18">
    <editdetail attribution="Reuters BIP Coding Group" action="confirmed" date="1997-04-25"/>
  </code>
  <code code="C181">
    <editdetail attribution="Reuters BIP Coding Group" action="confirmed" date="1997-04-25"/>
  </code>
  <code code="CCAT">
    <editdetail attribution="Reuters BIP Coding Group" action="confirmed" date="1997-04-25"/>
  </code>
</codes>
<dc element="dc.date.created" value="1997-04-25"/>
<dc element="dc.publisher" value="Reuters Holdings Plc"/>
<dc element="dc.date.published" value="1997-04-25"/>
<dc element="dc.source" value="Reuters"/>
<dc element="dc.creator.location" value="DENVER, Colo."/>
<dc element="dc.creator.location.country.name" value="USA"/>
<dc element="dc.source" value="Reuters"/>
</metadata>
</newsitem>
