<?xml version="1.0" encoding="iso-8859-1" ?>
<newsitem itemid="538073" id="root" date="1997-04-25" xml:lang="en">
<title>USA: CB Financial Corp Q1 net declines.</title>
<headline>CB Financial Corp Q1 net declines.</headline>
<dateline>JACKSON, Mich. 1997-04-25</dateline>
<text>
<p>1997			1996</p>
<p> Shr			  $0.60		    $0.68</p>
<p> Net			  1,681		    1,916</p>
<p>(All data above 000s except per share numbers)</p>
<p>Total assets $809.6 million vs $825.0 million</p>
<p>Total deposits $709.3 million vs $735.8 million</p>
<p>Total loans $619.8 million vs $609.0 million</p>
<p>((Chicago newsdesk (312) 408-8787))</p>
</text>
<copyright>(c) Reuters Limited 1997</copyright>
<metadata>
<codes class="bip:countries:1.0">
  <code code="USA">
    <editdetail attribution="Reuters BIP Coding Group" action="confirmed" date="1997-04-25"/>
  </code>
</codes>
<codes class="bip:topics:1.0">
  <code code="C15">
    <editdetail attribution="Reuters BIP Coding Group" action="confirmed" date="1997-04-25"/>
  </code>
  <code code="C151">
    <editdetail attribution="Reuters BIP Coding Group" action="confirmed" date="1997-04-25"/>
  </code>
  <code code="CCAT">
    <editdetail attribution="Reuters BIP Coding Group" action="confirmed" date="1997-04-25"/>
  </code>
</codes>
<dc element="dc.date.created" value="1997-04-25"/>
<dc element="dc.publisher" value="Reuters Holdings Plc"/>
<dc element="dc.date.published" value="1997-04-25"/>
<dc element="dc.source" value="Reuters"/>
<dc element="dc.creator.location" value="JACKSON, Mich."/>
<dc element="dc.creator.location.country.name" value="USA"/>
<dc element="dc.source" value="Reuters"/>
</metadata>
</newsitem>
