<?xml version="1.0" encoding="iso-8859-1" ?>
<newsitem itemid="538129" id="root" date="1997-04-25" xml:lang="en">
<title>USA: Mazel Stores to hold call on profit.</title>
<headline>Mazel Stores to hold call on profit.</headline>
<dateline>NEW YORK 1997-04-25</dateline>
<text>
<p>Mazel Stores Inc is to hold a telephone conference call with analysts at 1630 EDT/2030 GMT on Friday concerning its earnings expectations for the first quarter, according to Salomon Brothers analyst David Childe.</p>
<p>Company officials were not immediately available for comment.</p>
<p>Shares plunged 6-5/8, or 34 percent, to 12-5/8 in mid-afternoon trade before the stock was halted by Nasdaq.</p>
<p>The company's first quarter ends in April, and Wall Street's mean estimate is $0.24 per share for the period, according to Zacks.</p>
<p>Childe declined to say whether he had spoken to company officials, saying &quot;One can probably infer from the stock that they are not going to beat estimates.&quot;</p>
<p>The company, a regional closeout retailer and wholesaler, went public last November at $16.</p>
</text>
<copyright>(c) Reuters Limited 1997</copyright>
<metadata>
<codes class="bip:countries:1.0">
  <code code="USA">
    <editdetail attribution="Reuters BIP Coding Group" action="confirmed" date="1997-04-25"/>
  </code>
</codes>
<codes class="bip:industries:1.0">
  <code code="I64000">
    <editdetail attribution="Reuters BIP Coding Group" action="confirmed" date="1997-04-25"/>
  </code>
</codes>
<codes class="bip:topics:1.0">
  <code code="C15">
    <editdetail attribution="Reuters BIP Coding Group" action="confirmed" date="1997-04-25"/>
  </code>
  <code code="C152">
    <editdetail attribution="Reuters BIP Coding Group" action="confirmed" date="1997-04-25"/>
  </code>
  <code code="CCAT">
    <editdetail attribution="Reuters BIP Coding Group" action="confirmed" date="1997-04-25"/>
  </code>
</codes>
<dc element="dc.date.created" value="1997-04-25"/>
<dc element="dc.publisher" value="Reuters Holdings Plc"/>
<dc element="dc.date.published" value="1997-04-25"/>
<dc element="dc.source" value="Reuters"/>
<dc element="dc.creator.location" value="NEW YORK"/>
<dc element="dc.creator.location.country.name" value="USA"/>
<dc element="dc.source" value="Reuters"/>
</metadata>
</newsitem>
