<?xml version="1.0" encoding="iso-8859-1" ?>
<newsitem itemid="538112" id="root" date="1997-04-25" xml:lang="en">
<title>USA: First USA to redeem convertible preferred.</title>
<headline>First USA to redeem convertible preferred.</headline>
<dateline>DALLAS 1997-04-25</dateline>
<text>
<p>First USA Inc said Friday it has elected to redeem all the outstanding shares of its 6-1/4 percent convertible preferred stock on May 20.</p>
<p>The company said it will deliver 1.67 shares of its common stock in exchange for each of the about 5.74 million outstanding shares of convertible preferred stock.</p>
<p>The company said cash will be paid in place of any fractional shares of common stock that would otherwise be issuable.</p>
<p>The company said holders of shares of convertible preferred stock on the close of business May 1 will be entitled to receive a quarterly dividend of $0.498 per share of preferred stock on May 20.</p>
</text>
<copyright>(c) Reuters Limited 1997</copyright>
<metadata>
<codes class="bip:countries:1.0">
  <code code="USA">
    <editdetail attribution="Reuters BIP Coding Group" action="confirmed" date="1997-04-25"/>
  </code>
</codes>
<codes class="bip:industries:1.0">
  <code code="I81501">
    <editdetail attribution="Reuters BIP Coding Group" action="confirmed" date="1997-04-25"/>
  </code>
  <code code="I8150108">
    <editdetail attribution="Reuters BIP Coding Group" action="confirmed" date="1997-04-25"/>
  </code>
</codes>
<codes class="bip:topics:1.0">
  <code code="C17">
    <editdetail attribution="Reuters BIP Coding Group" action="confirmed" date="1997-04-25"/>
  </code>
  <code code="C171">
    <editdetail attribution="Reuters BIP Coding Group" action="confirmed" date="1997-04-25"/>
  </code>
  <code code="CCAT">
    <editdetail attribution="Reuters BIP Coding Group" action="confirmed" date="1997-04-25"/>
  </code>
</codes>
<dc element="dc.date.created" value="1997-04-25"/>
<dc element="dc.publisher" value="Reuters Holdings Plc"/>
<dc element="dc.date.published" value="1997-04-25"/>
<dc element="dc.source" value="Reuters"/>
<dc element="dc.creator.location" value="DALLAS"/>
<dc element="dc.creator.location.country.name" value="USA"/>
<dc element="dc.source" value="Reuters"/>
</metadata>
</newsitem>
