<?xml version="1.0" encoding="iso-8859-1" ?>
<newsitem itemid="538163" id="root" date="1997-04-25" xml:lang="en">
<title>USA: Compuserve settles suit with Time magazine.</title>
<headline>Compuserve settles suit with Time magazine.</headline>
<dateline>COLUMBUS, Ohio 1997-04-25</dateline>
<text>
<p>CompuServe Corp has reached an &quot;amicable resolution&quot; with Time Magazine, Time Warner Inc's flagship publication, of a lawsuit concerning CompuServe's early termination of an original two-year contract, the companies announced Friday.</p>
<p>The two companies have also reached a financial compromise resulting from the agreement, but did not reveal specific terms, they said.</p>
<p>Under the agreement, Time Magazine content would be restored in CompuServe's CSi service, effective April 25, they said.  </p>
<p>Further, Time's area on CSi will include an online version of the current edition of the magazine and features and stories from Time Daily and Time Digital, two other products of the publication.</p>
<p>Time will continue to manage the Time Forum areas in the CS1, they said.</p>
<p>&quot;We are pleased that we have reached a mutually satisfactory agreement that allows us to further our valued relationship with Time,&quot; said Denny Matteucci, CompuServe's president of interactive services.  </p>
<p>&quot;Time is happy to continue its relationship with CompuServe and our readers on CompuServe,&quot; said Ken Godshall, Time's vice president of consumer marketing.</p>
<p>CompuServe provides online/Internet access through its CSi and SPRYNET brands.  Time became the first online newsmagazine in 1993 and in 1994 was the first magazine launched on the Internet.</p>
</text>
<copyright>(c) Reuters Limited 1997</copyright>
<metadata>
<codes class="bip:countries:1.0">
  <code code="USA">
    <editdetail attribution="Reuters BIP Coding Group" action="confirmed" date="1997-04-25"/>
  </code>
</codes>
<codes class="bip:industries:1.0">
  <code code="I83940">
    <editdetail attribution="Reuters BIP Coding Group" action="confirmed" date="1997-04-25"/>
  </code>
  <code code="I83960">
    <editdetail attribution="Reuters BIP Coding Group" action="confirmed" date="1997-04-25"/>
  </code>
</codes>
<codes class="bip:topics:1.0">
  <code code="C12">
    <editdetail attribution="Reuters BIP Coding Group" action="confirmed" date="1997-04-25"/>
  </code>
  <code code="C33">
    <editdetail attribution="Reuters BIP Coding Group" action="confirmed" date="1997-04-25"/>
  </code>
  <code code="CCAT">
    <editdetail attribution="Reuters BIP Coding Group" action="confirmed" date="1997-04-25"/>
  </code>
  <code code="GCAT">
    <editdetail attribution="Reuters BIP Coding Group" action="confirmed" date="1997-04-25"/>
  </code>
  <code code="GCRIM">
    <editdetail attribution="Reuters BIP Coding Group" action="confirmed" date="1997-04-25"/>
  </code>
</codes>
<dc element="dc.date.created" value="1997-04-25"/>
<dc element="dc.publisher" value="Reuters Holdings Plc"/>
<dc element="dc.date.published" value="1997-04-25"/>
<dc element="dc.source" value="Reuters"/>
<dc element="dc.creator.location" value="COLUMBUS, Ohio"/>
<dc element="dc.creator.location.country.name" value="USA"/>
<dc element="dc.source" value="Reuters"/>
</metadata>
</newsitem>
