<?xml version="1.0" encoding="iso-8859-1" ?>
<newsitem itemid="538125" id="root" date="1997-04-25" xml:lang="en">
<title>USA: Clinton does not want forex used for trade gains.</title>
<headline>Clinton does not want forex used for trade gains.</headline>
<dateline>WASHINGTON 1997-04-25</dateline>
<text>
<p>President Clinton said Friday he does not believe foreign currency exchange markets should be used to gain undue advantage in global trade.</p>
<p>&quot;We do not want a weak dollar simply to improve our trade position,&quot; Clinton said at a joint news conference with Japanese Prime Minister Ryutaro Hashimoto.</p>
<p>&quot;That is not our economic policy to go out and seek a weak dollar,&quot; Clinton said. He added the United States wants a strong, healthy dollar, which reflects its strong economy.  </p>
<p>&quot;But neither do we want any other actions to have the effect of throwing the exchange rate system out of whack in order to gain undue advantage in international trade,&quot; Clinton said.</p>
<p>U.S. Treasury Secretary Robert Rubin voiced concern on Friday about the weak yen. In a briefing with reporters, he also reiterated that U.S. dollar policy remained unchanged.</p>
</text>
<copyright>(c) Reuters Limited 1997</copyright>
<metadata>
<codes class="bip:countries:1.0">
  <code code="JAP">
    <editdetail attribution="Reuters BIP Coding Group" action="confirmed" date="1997-04-25"/>
  </code>
  <code code="USA">
    <editdetail attribution="Reuters BIP Coding Group" action="confirmed" date="1997-04-25"/>
  </code>
</codes>
<codes class="bip:topics:1.0">
  <code code="E12">
    <editdetail attribution="Reuters BIP Coding Group" action="confirmed" date="1997-04-25"/>
  </code>
  <code code="E51">
    <editdetail attribution="Reuters BIP Coding Group" action="confirmed" date="1997-04-25"/>
  </code>
  <code code="ECAT">
    <editdetail attribution="Reuters BIP Coding Group" action="confirmed" date="1997-04-25"/>
  </code>
  <code code="M13">
    <editdetail attribution="Reuters BIP Coding Group" action="confirmed" date="1997-04-25"/>
  </code>
  <code code="M132">
    <editdetail attribution="Reuters BIP Coding Group" action="confirmed" date="1997-04-25"/>
  </code>
  <code code="MCAT">
    <editdetail attribution="Reuters BIP Coding Group" action="confirmed" date="1997-04-25"/>
  </code>
</codes>
<dc element="dc.date.created" value="1997-04-25"/>
<dc element="dc.publisher" value="Reuters Holdings Plc"/>
<dc element="dc.date.published" value="1997-04-25"/>
<dc element="dc.source" value="Reuters"/>
<dc element="dc.creator.location" value="WASHINGTON"/>
<dc element="dc.creator.location.country.name" value="USA"/>
<dc element="dc.source" value="Reuters"/>
</metadata>
</newsitem>
