<?xml version="1.0" encoding="iso-8859-1" ?>
<newsitem itemid="538115" id="root" date="1997-04-25" xml:lang="en">
<title>USA: Fed's inflation vigil may prolong growth - Broaddus.</title>
<headline>Fed's inflation vigil may prolong growth - Broaddus.</headline>
<dateline>RICHMOND, Va. 1997-04-25</dateline>
<text>
<p>President of the Federal Reserve Bank of Richmond, Alfred Broaddus, said the central bank's &quot;inflation vigilance&quot; may prolong the current U.S. economic expansion.</p>
<p>&quot;If we do that, I think there is an excellent chance that this expansion can continue not only in 1997 but beyond that,&quot; Broaddus told the Carolinas and Virginias chapter of Robert Morris Associates, a banking organization, here.</p>
<p>&quot;The time to resist inflation is precisely the time when there isn't very much of it,&quot; Broaddus added.  </p>
<p>Broaddus said the economic scenario continues to look good and, in many ways, as good as it gets. &quot;The general economic picture is really bright, almost as bright as it gets,&quot; Broaddus said.</p>
<p>Citing a consensus of professional forecasters, Broaddus said that fourth quarter 1996 and first quarter 1997 Gross Domestic Product (GDP) growth combined may be over 4.0 percent.</p>
<p>He added that strong consumer spending has been a factor contributing to current U.S. economic expansion. &quot;Consumer spending has been especially strong in this period and that's definitely been a factor,&quot; Broaddus said.</p>
<p>The Richmond Fed chief also reiterated that the sees the risks in the U.S. economy skewed to the upside. &quot;My own feeling is that the risk in the forecast is weighed on the upside,&quot; Broaddus said.</p>
<p>(( -- N.A. Treasury Desk, 212-859-1660 ))</p>
</text>
<copyright>(c) Reuters Limited 1997</copyright>
<metadata>
<codes class="bip:countries:1.0">
  <code code="USA">
    <editdetail attribution="Reuters BIP Coding Group" action="confirmed" date="1997-04-25"/>
  </code>
</codes>
<codes class="bip:topics:1.0">
  <code code="E11">
    <editdetail attribution="Reuters BIP Coding Group" action="confirmed" date="1997-04-25"/>
  </code>
  <code code="E12">
    <editdetail attribution="Reuters BIP Coding Group" action="confirmed" date="1997-04-25"/>
  </code>
  <code code="E13">
    <editdetail attribution="Reuters BIP Coding Group" action="confirmed" date="1997-04-25"/>
  </code>
  <code code="E131">
    <editdetail attribution="Reuters BIP Coding Group" action="confirmed" date="1997-04-25"/>
  </code>
  <code code="ECAT">
    <editdetail attribution="Reuters BIP Coding Group" action="confirmed" date="1997-04-25"/>
  </code>
</codes>
<dc element="dc.date.created" value="1997-04-25"/>
<dc element="dc.publisher" value="Reuters Holdings Plc"/>
<dc element="dc.date.published" value="1997-04-25"/>
<dc element="dc.source" value="Reuters"/>
<dc element="dc.creator.location" value="RICHMOND, Va."/>
<dc element="dc.creator.location.country.name" value="USA"/>
<dc element="dc.source" value="Reuters"/>
</metadata>
</newsitem>
