<?xml version="1.0" encoding="iso-8859-1" ?>
<newsitem itemid="538240" id="root" date="1997-04-25" xml:lang="en">
<title>USA: Northwest Airlines co-chair Checchi resigns.</title>
<headline>Northwest Airlines co-chair Checchi resigns.</headline>
<dateline>NEW YORK 1997-04-25</dateline>
<text>
<p>Northwest Airlines said Friday that board Co-Chairman Al Checchi has submitted his resignation, which is effective immediately.</p>
<p>Northwest said that  Checchi, who is intensifying his exploration of a possible candidacy for governor of California, will continue to serve as a member of the board.</p>
<p>The company said Gary Wilson was appointed chairman of the Northwest board.  </p>
<p>Wilson, who was co-chairman before the appointment, is a principal investor in the airline's parent, NWA Inc.</p>
<p>He is also a director of Walt Disney Co, which he joined in 1985 and in which he served as executive vice president and chief financial officer until 1990.</p>
<p>Before joining Disney, he served in various executive positions for 11 years at hotelier Marriott Corp.  </p>
<p>In announcing his resignation, Checchi said his years at the airline company have been &quot;exciting and deeply gratifying.&quot;</p>
<p>&quot;I am proud of what we have achieved and look forward to continuing my relationship with the company as an active board member and long-term investor,&quot; he said.</p>
<p>&quot;As my attention turns more to public service, this seems an appropriate step for me, for my family and for Northwest.&quot; he added.</p>
</text>
<copyright>(c) Reuters Limited 1997</copyright>
<metadata>
<codes class="bip:countries:1.0">
  <code code="USA">
    <editdetail attribution="Reuters BIP Coding Group" action="confirmed" date="1997-04-25"/>
  </code>
</codes>
<codes class="bip:industries:1.0">
  <code code="I66500">
    <editdetail attribution="Reuters BIP Coding Group" action="confirmed" date="1997-04-25"/>
  </code>
  <code code="I75000">
    <editdetail attribution="Reuters BIP Coding Group" action="confirmed" date="1997-04-25"/>
  </code>
  <code code="I97100">
    <editdetail attribution="Reuters BIP Coding Group" action="confirmed" date="1997-04-25"/>
  </code>
</codes>
<codes class="bip:topics:1.0">
  <code code="C41">
    <editdetail attribution="Reuters BIP Coding Group" action="confirmed" date="1997-04-25"/>
  </code>
  <code code="C411">
    <editdetail attribution="Reuters BIP Coding Group" action="confirmed" date="1997-04-25"/>
  </code>
  <code code="CCAT">
    <editdetail attribution="Reuters BIP Coding Group" action="confirmed" date="1997-04-25"/>
  </code>
</codes>
<dc element="dc.date.created" value="1997-04-25"/>
<dc element="dc.publisher" value="Reuters Holdings Plc"/>
<dc element="dc.date.published" value="1997-04-25"/>
<dc element="dc.source" value="Reuters"/>
<dc element="dc.creator.location" value="NEW YORK"/>
<dc element="dc.creator.location.country.name" value="USA"/>
<dc element="dc.source" value="Reuters"/>
</metadata>
</newsitem>
