<?xml version="1.0" encoding="iso-8859-1" ?>
<newsitem itemid="538217" id="root" date="1997-04-25" xml:lang="en">
<title>USA: Rexene says accepts Huntsman due diligence.</title>
<headline>Rexene says accepts Huntsman due diligence.</headline>
<dateline>DALLAS 1997-04-25</dateline>
<text>
<p>Rexene Corp said on Friday it would provide Huntsman Corp with the materials to complete a due diligence review on Rexene.</p>
<p>However, Andrew Smith, Rexene's chief executive, said a letter sent by Huntsman yesterday did not prove the company could fullly finance a $16 per share offer for Rexene.</p>
<p>&quot;The letters furnished by your potential financing sources do not, as you know, commit them to provide any funds for an acquisition of Rexene,&quot; Smith said.</p>
<p>Rexene would agree to a due diligence review as soon as Huntsman signed a confidentiality agreement.</p>
<p>Huntsman said on Thursday it would make a final $16 per share offer for Rexene and that it could finance any deal.</p>
<p>((-- David Chance New York Newsroom 212 859 1902))</p>
</text>
<copyright>(c) Reuters Limited 1997</copyright>
<metadata>
<codes class="bip:countries:1.0">
  <code code="USA">
    <editdetail attribution="Reuters BIP Coding Group" action="confirmed" date="1997-04-25"/>
  </code>
</codes>
<codes class="bip:industries:1.0">
  <code code="I25000">
    <editdetail attribution="Reuters BIP Coding Group" action="confirmed" date="1997-04-25"/>
  </code>
  <code code="I25140">
    <editdetail attribution="Reuters BIP Coding Group" action="confirmed" date="1997-04-25"/>
  </code>
</codes>
<codes class="bip:topics:1.0">
  <code code="C18">
    <editdetail attribution="Reuters BIP Coding Group" action="confirmed" date="1997-04-25"/>
  </code>
  <code code="C181">
    <editdetail attribution="Reuters BIP Coding Group" action="confirmed" date="1997-04-25"/>
  </code>
  <code code="CCAT">
    <editdetail attribution="Reuters BIP Coding Group" action="confirmed" date="1997-04-25"/>
  </code>
</codes>
<dc element="dc.date.created" value="1997-04-25"/>
<dc element="dc.publisher" value="Reuters Holdings Plc"/>
<dc element="dc.date.published" value="1997-04-25"/>
<dc element="dc.source" value="Reuters"/>
<dc element="dc.creator.location" value="DALLAS"/>
<dc element="dc.creator.location.country.name" value="USA"/>
<dc element="dc.source" value="Reuters"/>
</metadata>
</newsitem>
