<?xml version="1.0" encoding="iso-8859-1" ?>
<newsitem itemid="538297" id="root" date="1997-04-25" xml:lang="en">
<title>GHANA: SOCCER-GHANA DROP YEBOAH FOR CUP QUALIFIER.</title>
<headline>SOCCER-GHANA DROP YEBOAH FOR CUP QUALIFIER.</headline>
<dateline>ACCRA 1997-04-25</dateline>
<text>
<p>Ghana striker Tony Yeboah has been punished for bad behaviour and dropped for his country's World Cup qualifier against Gabon on Sunday.</p>
<p>Yeboah, who plays with English premier league club Leeds, clashed with Ghana's deputy coach Sam Arday after being substituted in a qualifier against Sierra Leone two weeks ago.</p>
<p>He has been replaced in the side by Luton Town's Kim Grant.</p>
<p>&quot;(Yeboah's) behaviour cannot be tolerated,&quot; Dutch coach Israel Rinus said. &quot;When I am in charge it is impossible to accept such things.</p>
<p>The Ghanaian landed in hot water after a similar incident at his English club last month.</p>
<p>He was fined two weeks' pay for ripping off his Leeds shirt and throwing it at manager George Graham after being substituted in a league match.</p>
<p>Yeboah, who joined Leeds from Germany's Eintracht Frankfurt for 3.4 million pounds ($5.4 million), was sidelined for two months late last year after a cartilage operation.</p>
<p>&quot;I was satisfied by Yeboah's form in the first 70 minutes of the game,&quot; said Rinus, adding that Arday had no hand in the substitution decision. &quot;I realised that (Yeboah) was not fit to play for the full 90 minutes.&quot;</p>
<p>Israel was appointed national coach last month.</p>
<p>Ghana's chances received a boost following Munich 1860's decision to release captain Abedi Pele for the vital qualifying match. Ghana's Football Association had threatened the German club with FIFA sanctions.</p>
<p>Ghana must beat Gabon to keep alive their slim hopes of qualifying for next year's finals in France.</p>
</text>
<copyright>(c) Reuters Limited 1997</copyright>
<metadata>
<codes class="bip:countries:1.0">
  <code code="GABON">
    <editdetail attribution="Reuters BIP Coding Group" action="confirmed" date="1997-04-25"/>
  </code>
  <code code="GHANA">
    <editdetail attribution="Reuters BIP Coding Group" action="confirmed" date="1997-04-25"/>
  </code>
  <code code="SILEN">
    <editdetail attribution="Reuters BIP Coding Group" action="confirmed" date="1997-04-25"/>
  </code>
</codes>
<codes class="bip:topics:1.0">
  <code code="GCAT">
    <editdetail attribution="Reuters BIP Coding Group" action="confirmed" date="1997-04-25"/>
  </code>
  <code code="GSPO">
    <editdetail attribution="Reuters BIP Coding Group" action="confirmed" date="1997-04-25"/>
  </code>
</codes>
<dc element="dc.date.created" value="1997-04-25"/>
<dc element="dc.publisher" value="Reuters Holdings Plc"/>
<dc element="dc.date.published" value="1997-04-25"/>
<dc element="dc.source" value="Reuters"/>
<dc element="dc.creator.location" value="ACCRA"/>
<dc element="dc.creator.location.country.name" value="GHANA"/>
<dc element="dc.source" value="Reuters"/>
</metadata>
</newsitem>
