<?xml version="1.0" encoding="iso-8859-1" ?>
<newsitem itemid="538291" id="root" date="1997-04-25" xml:lang="en">
<title>UK: SOCCER-ENGLISH/SCOTTISH LEAGUE FIXTURES.</title>
<headline>SOCCER-ENGLISH/SCOTTISH LEAGUE FIXTURES.</headline>
<dateline>LONDON 1997-04-25</dateline>
<text>
<p>English and Scottish league</p>
<p>fixtures for April 25 to April 27:</p>
<p>Friday, April 25:</p>
<p>English division one - Bolton v Charlton, Norwich v Manchester</p>
<p>City, Portsmouth v Ipswich, Sheffield United v Stoke.</p>
<p>Saturday, April 26:</p>
<p>English division one - Barnsley v Bradford, Birmingham v Oxford</p>
<p>United, QPR v Tranmere, Reading v Oldham, Southend v</p>
<p>Huddersfield, Swindon v Crystal Palace, West Brom v Grimsby.</p>
<p>English division two - Bournemouth v Wrexham, Blackpool v</p>
<p>Bristol Rovers, Bristol City v Plymouth, Crewe v Chesterfield,</p>
<p>Millwall v Gillingham, Notts County v Burnley, Peterborough v</p>
<p>Luton, Rotherham v York, Shrewsbury v Preston, Stockport v</p>
<p>Wycombe, Walsall v Brentford, Watford v Bury.</p>
<p>English divsion three - Brighton v Doncaster, Cardiff v</p>
<p>Carlisle, Colchester v Northampton, Exeter v Chester, Fulham v</p>
<p>Hull, Hartlepool v Barnet, Leyton Orient v Hereford, Mansfield v</p>
<p>Darlington, Rochdale v Cambridge United, Scarborough v Lincoln,</p>
<p>Scunthorpe v Swansea, Torquay v Wigan.</p>
<p>Scottish division one - Airdrie v Stirling, Clydebank v Greenock</p>
<p>Morton, Dundee v Partick, Falkirk v St Johnstone, St Mirren v</p>
<p>East Fife.</p>
<p>Scottish division two - Berwick v Clyde, Brechin v</p>
<p>Stenhousemuir, Hamilton v Ayr, Queen of South v Livingston,</p>
<p>Stranraer v Dumbarton.</p>
<p>Scottish division three - Alloa v Montrose, Cowdenbeath v</p>
<p>Inverness C. Thistle, East Stirling v Queens Park, Forfar v</p>
<p>Albion, Ross County v Arbroath.</p>
<p>Sunday, April 27</p>
<p>English division one - Port Vale v Wolverhampton</p>
</text>
<copyright>(c) Reuters Limited 1997</copyright>
<metadata>
<codes class="bip:countries:1.0">
  <code code="UK">
    <editdetail attribution="Reuters BIP Coding Group" action="confirmed" date="1997-04-25"/>
  </code>
</codes>
<codes class="bip:topics:1.0">
  <code code="GCAT">
    <editdetail attribution="Reuters BIP Coding Group" action="confirmed" date="1997-04-25"/>
  </code>
  <code code="GSPO">
    <editdetail attribution="Reuters BIP Coding Group" action="confirmed" date="1997-04-25"/>
  </code>
</codes>
<dc element="dc.date.created" value="1997-04-25"/>
<dc element="dc.publisher" value="Reuters Holdings Plc"/>
<dc element="dc.date.published" value="1997-04-25"/>
<dc element="dc.source" value="Reuters"/>
<dc element="dc.creator.location" value="LONDON"/>
<dc element="dc.creator.location.country.name" value="UK"/>
<dc element="dc.source" value="Reuters"/>
</metadata>
</newsitem>
