<?xml version="1.0" encoding="iso-8859-1" ?>
<newsitem itemid="538277" id="root" date="1997-04-25" xml:lang="en">
<title>UK: TABLE TENNIS-HONG KONG MARCH TOWARDS CHINA SHOWDOWN.</title>
<headline>TABLE TENNIS-HONG KONG MARCH TOWARDS CHINA SHOWDOWN.</headline>
<dateline>MANCHESTER, England 1997-04-25</dateline>
<text>
<p>Hong Kong moved a step closer to a showdown with China following their 3-0 win against Italy in the women's team competition at the world table tennis championships on Friday.</p>
<p>The victory ensured Hong Kong a top three finish in their six-nation group and a place in the next stage of the competition.</p>
<p>Hong Kong, which reverts to Chinese rule at midnight on June 30 after more than 150 years of British rule, have set their sights on bettering their bronze medal performances of 1989 and 1985.</p>
<p>Former Chinese internationals Chai Poh Wa and Chan Tan Luiot have led Hong Kong's climb to prominence and would dearly like a crack at defending champions China.</p>
<p>Chai crossed the border in 1986 two years ahead of Chan.</p>
<p>&quot;They feel they are Hong Kong people after being here (in Hong Kong) so long,&quot; said women's team coach Cheung Yin.</p>
<p>&quot;Playing against China has always been that little bit special for them and I suppose this championship has something extra about it.&quot;</p>
<p>Unbeaten China took the opportunity to rest world champion Deng Yaping and still had enough firepower to outclass Canada 3-0.</p>
</text>
<copyright>(c) Reuters Limited 1997</copyright>
<metadata>
<codes class="bip:countries:1.0">
  <code code="CHINA">
    <editdetail attribution="Reuters BIP Coding Group" action="confirmed" date="1997-04-25"/>
  </code>
  <code code="HKONG">
    <editdetail attribution="Reuters BIP Coding Group" action="confirmed" date="1997-04-25"/>
  </code>
  <code code="ITALY">
    <editdetail attribution="Reuters BIP Coding Group" action="confirmed" date="1997-04-25"/>
  </code>
  <code code="UK">
    <editdetail attribution="Reuters BIP Coding Group" action="confirmed" date="1997-04-25"/>
  </code>
</codes>
<codes class="bip:topics:1.0">
  <code code="GCAT">
    <editdetail attribution="Reuters BIP Coding Group" action="confirmed" date="1997-04-25"/>
  </code>
  <code code="GSPO">
    <editdetail attribution="Reuters BIP Coding Group" action="confirmed" date="1997-04-25"/>
  </code>
</codes>
<dc element="dc.date.created" value="1997-04-25"/>
<dc element="dc.publisher" value="Reuters Holdings Plc"/>
<dc element="dc.date.published" value="1997-04-25"/>
<dc element="dc.source" value="Reuters"/>
<dc element="dc.creator.location" value="MANCHESTER, England"/>
<dc element="dc.creator.location.country.name" value="UK"/>
<dc element="dc.source" value="Reuters"/>
</metadata>
</newsitem>
