<?xml version="1.0" encoding="iso-8859-1" ?>
<newsitem itemid="538210" id="root" date="1997-04-25" xml:lang="en">
<title>USA: Equitable Life Assurance sued over policies.</title>
<headline>Equitable Life Assurance sued over policies.</headline>
<dateline>BOSTON 1997-04-25</dateline>
<text>
<p>Equitable Life Assurance Society of the United States is being sued over its practices in selling variable life insurance policies, a law firm said Friday.</p>
<p>The law firm of Berman, DeValerio &amp; Pease LLP said in a statement that it filed a class-action lawsuit against the company on behalf of Massachusetts residents who purchased the policies between January 9, 1993, and the present.</p>
<p>Equitable Life Assurance is an operating unit of Equitable Cos Inc.</p>
<p>A company spokesman did not immediately have a comment, saying he had not yet seen the lawsuit.</p>
<p>The complaint alleges that Equitable Life Assurance marketed its variable life insurance policies as a means of savings, &quot;while misrepresenting or failing to properly disclose the substantial fees, charges and life insurance costs,&quot; the law firm said in a statement.</p>
<p>The complaint contends the company's sales practices for those policies violated the Massachusetts consumer protection act and state securities laws, and amounted to a breach of contract.  </p>
<p>&quot;We have reviewed the allegations contained in the complaint and have determined that they are without merit,&quot; company spokesman Jim Lacey said later Friday.</p>
<p>&quot;The named policyholder purchased a variable life insurance policy which is sold with a prospectus. At minimum, the plain language of the policy and the prospectus state that the policyholder was purchasing life insurance and described fees, charges and cost of insurance,&quot; Lacey said.</p>
<p>&quot;We intend to vigorously defend the lawsuit,&quot; he added.</p>
</text>
<copyright>(c) Reuters Limited 1997</copyright>
<metadata>
<codes class="bip:countries:1.0">
  <code code="USA">
    <editdetail attribution="Reuters BIP Coding Group" action="confirmed" date="1997-04-25"/>
  </code>
</codes>
<codes class="bip:industries:1.0">
  <code code="I82000">
    <editdetail attribution="Reuters BIP Coding Group" action="confirmed" date="1997-04-25"/>
  </code>
</codes>
<codes class="bip:topics:1.0">
  <code code="C12">
    <editdetail attribution="Reuters BIP Coding Group" action="confirmed" date="1997-04-25"/>
  </code>
  <code code="C21">
    <editdetail attribution="Reuters BIP Coding Group" action="confirmed" date="1997-04-25"/>
  </code>
  <code code="CCAT">
    <editdetail attribution="Reuters BIP Coding Group" action="confirmed" date="1997-04-25"/>
  </code>
  <code code="GCAT">
    <editdetail attribution="Reuters BIP Coding Group" action="confirmed" date="1997-04-25"/>
  </code>
  <code code="GCRIM">
    <editdetail attribution="Reuters BIP Coding Group" action="confirmed" date="1997-04-25"/>
  </code>
</codes>
<dc element="dc.date.created" value="1997-04-25"/>
<dc element="dc.publisher" value="Reuters Holdings Plc"/>
<dc element="dc.date.published" value="1997-04-25"/>
<dc element="dc.source" value="Reuters"/>
<dc element="dc.creator.location" value="BOSTON"/>
<dc element="dc.creator.location.country.name" value="USA"/>
<dc element="dc.source" value="Reuters"/>
</metadata>
</newsitem>
