<?xml version="1.0" encoding="iso-8859-1" ?>
<newsitem itemid="538265" id="root" date="1997-04-25" xml:lang="en">
<title>USA: Capital Savings Bancorp Inc Q3 March 31 net. [CORRECTED 19:35 GMT]</title>
<headline>Capital Savings Bancorp Inc Q3 March 31 net. [CORRECTED 19:35 GMT]</headline>
<dateline>JEFFERSON CITY, Mo. 1997-04-24</dateline>
<text>
<p>1997			1996</p>
<p> Shr			  $0.29		    $0.23</p>
<p> Net			    553			455</p>
<p> Avg shrs		   1,893		    1,999</p>
<p>	  9 MONTHS</p>
<p> Shr			  $0.51		    $0.69</p>
<p> Net			    965		    1,371</p>
<p> Avg shrs		   1,894		    1,991</p>
<p>(All data above 000s except per share numbers)</p>
<p>NOTE: Nine months 1997 includes special assessment for Savings Associaiton Insurance Fund. Without assessment, net income would have been $1.6 million, or $0.82 a share.</p>
<p>(Company corrects both amounts in footnote).</p>
<p>((Chicago newsdesk, 312-408-8787))</p>
</text>
<copyright>(c) Reuters Limited 1997</copyright>
<metadata>
<codes class="bip:countries:1.0">
  <code code="USA">
    <editdetail attribution="Reuters BIP Coding Group" action="confirmed" date="1997-04-25"/>
  </code>
</codes>
<codes class="bip:industries:1.0">
  <code code="I81402">
    <editdetail attribution="Reuters BIP Coding Group" action="confirmed" date="1997-04-25"/>
  </code>
</codes>
<codes class="bip:topics:1.0">
  <code code="C15">
    <editdetail attribution="Reuters BIP Coding Group" action="confirmed" date="1997-04-25"/>
  </code>
  <code code="C151">
    <editdetail attribution="Reuters BIP Coding Group" action="confirmed" date="1997-04-25"/>
  </code>
  <code code="CCAT">
    <editdetail attribution="Reuters BIP Coding Group" action="confirmed" date="1997-04-25"/>
  </code>
</codes>
<dc element="dc.date.created" value="1997-04-24"/>
<dc element="dc.publisher" value="Reuters Holdings Plc"/>
<dc element="dc.date.published" value="1997-04-25"/>
<dc element="dc.source" value="Reuters"/>
<dc element="dc.creator.location" value="JEFFERSON CITY, Mo."/>
<dc element="dc.creator.location.country.name" value="USA"/>
<dc element="dc.source" value="Reuters"/>
</metadata>
</newsitem>
