<?xml version="1.0" encoding="iso-8859-1" ?>
<newsitem itemid="538233" id="root" date="1997-04-25" xml:lang="en">
<title>USA: Virginia Gas Co Q1 EPS $0.08 vs $0.12.</title>
<headline>Virginia Gas Co Q1 EPS $0.08 vs $0.12.</headline>
<dateline>ABINGDON, Va. 1997-04-25</dateline>
<text>
<p>1997		     1996</p>
<p> Shr		 $0.08		    $0.12</p>
<p> Net		 299			163</p>
<p> Operating rev   2,139		    512</p>
<p> Avg shrs	  3,189		    809</p>
<p>(All data above 000s except per share numbers)</p>
<p>NOTE: Quarters ended March 31</p>
</text>
<copyright>(c) Reuters Limited 1997</copyright>
<metadata>
<codes class="bip:countries:1.0">
  <code code="USA">
    <editdetail attribution="Reuters BIP Coding Group" action="confirmed" date="1997-04-25"/>
  </code>
</codes>
<codes class="bip:topics:1.0">
  <code code="C15">
    <editdetail attribution="Reuters BIP Coding Group" action="confirmed" date="1997-04-25"/>
  </code>
  <code code="C151">
    <editdetail attribution="Reuters BIP Coding Group" action="confirmed" date="1997-04-25"/>
  </code>
  <code code="CCAT">
    <editdetail attribution="Reuters BIP Coding Group" action="confirmed" date="1997-04-25"/>
  </code>
</codes>
<dc element="dc.date.created" value="1997-04-25"/>
<dc element="dc.publisher" value="Reuters Holdings Plc"/>
<dc element="dc.date.published" value="1997-04-25"/>
<dc element="dc.source" value="Reuters"/>
<dc element="dc.creator.location" value="ABINGDON, Va."/>
<dc element="dc.creator.location.country.name" value="USA"/>
<dc element="dc.source" value="Reuters"/>
</metadata>
</newsitem>
