<?xml version="1.0" encoding="iso-8859-1" ?>
<newsitem itemid="538218" id="root" date="1997-04-25" xml:lang="en">
<title>USA: Elmira Savings Bank FSB Q1 shr increases.</title>
<headline>Elmira Savings Bank FSB Q1 shr increases.</headline>
<dateline>ELMIRA, N.Y. 1997-04-25</dateline>
<text>
<p>1997			1996</p>
<p> Shr			  $0.24		    $0.23</p>
<p> Net			    167			160</p>
<p>(All data above 000s except per share numbers)</p>
<p>NOTE - Q1 1997 provision for loan losses was $109,000 versus $100,000. Assets at March 31, 1997 were $222.62 million versus $223.03 million at March 31, 1996.</p>
<p>((-- New York newsdesk 212-859-1610))</p>
</text>
<copyright>(c) Reuters Limited 1997</copyright>
<metadata>
<codes class="bip:countries:1.0">
  <code code="USA">
    <editdetail attribution="Reuters BIP Coding Group" action="confirmed" date="1997-04-25"/>
  </code>
</codes>
<codes class="bip:topics:1.0">
  <code code="C15">
    <editdetail attribution="Reuters BIP Coding Group" action="confirmed" date="1997-04-25"/>
  </code>
  <code code="C151">
    <editdetail attribution="Reuters BIP Coding Group" action="confirmed" date="1997-04-25"/>
  </code>
  <code code="CCAT">
    <editdetail attribution="Reuters BIP Coding Group" action="confirmed" date="1997-04-25"/>
  </code>
</codes>
<dc element="dc.date.created" value="1997-04-25"/>
<dc element="dc.publisher" value="Reuters Holdings Plc"/>
<dc element="dc.date.published" value="1997-04-25"/>
<dc element="dc.source" value="Reuters"/>
<dc element="dc.creator.location" value="ELMIRA, N.Y."/>
<dc element="dc.creator.location.country.name" value="USA"/>
<dc element="dc.source" value="Reuters"/>
</metadata>
</newsitem>
