<?xml version="1.0" encoding="iso-8859-1" ?>
<newsitem itemid="538362" id="root" date="1997-04-25" xml:lang="en">
<title>SOUTH AFRICA: S.AFRICA'S JSE RE-ELECTS JOHNSTON AS CHAIRMAN.</title>
<headline>S.AFRICA'S JSE RE-ELECTS JOHNSTON AS CHAIRMAN.</headline>
<dateline>JOHANNESBURG 1997-04-25</dateline>
<text>
<p>The Johannesburg Stock Exchange said on Friday that Bobby Johnston had been re-elected its chairman for the coming year.</p>
<p>Norman Lowenthal had also been re-elected deputy chairman, the exchange said in a statement.</p>
<p>-- Johannesburg newsroom, +27 11 482-1003</p>
</text>
<copyright>(c) Reuters Limited 1997</copyright>
<metadata>
<codes class="bip:countries:1.0">
  <code code="SAFR">
    <editdetail attribution="Reuters BIP Coding Group" action="confirmed" date="1997-04-25"/>
  </code>
</codes>
<codes class="bip:industries:1.0">
  <code code="I83100">
    <editdetail attribution="Reuters BIP Coding Group" action="confirmed" date="1997-04-25"/>
  </code>
</codes>
<codes class="bip:topics:1.0">
  <code code="C13">
    <editdetail attribution="Reuters BIP Coding Group" action="confirmed" date="1997-04-25"/>
  </code>
  <code code="C41">
    <editdetail attribution="Reuters BIP Coding Group" action="confirmed" date="1997-04-25"/>
  </code>
  <code code="C411">
    <editdetail attribution="Reuters BIP Coding Group" action="confirmed" date="1997-04-25"/>
  </code>
  <code code="CCAT">
    <editdetail attribution="Reuters BIP Coding Group" action="confirmed" date="1997-04-25"/>
  </code>
</codes>
<dc element="dc.date.created" value="1997-04-25"/>
<dc element="dc.publisher" value="Reuters Holdings Plc"/>
<dc element="dc.date.published" value="1997-04-25"/>
<dc element="dc.source" value="Reuters"/>
<dc element="dc.creator.location" value="JOHANNESBURG"/>
<dc element="dc.creator.location.country.name" value="SOUTH AFRICA"/>
<dc element="dc.source" value="Reuters"/>
</metadata>
</newsitem>
