<?xml version="1.0" encoding="iso-8859-1" ?>
<newsitem itemid="538385" id="root" date="1997-04-25" xml:lang="en">
<title>LATVIA: LATTELEKOM SET FOR MONOPOLY TALKS, PM SAYS.</title>
<headline>LATTELEKOM SET FOR MONOPOLY TALKS, PM SAYS.</headline>
<dateline>RIGA 1997-04-24</dateline>
<text>
<p>Latvia has launched talks to shorten the monopoly period of national phone operator Lattelekom, in which Britain's Cable &amp; Wireless has a big stake, Prime Minister Andris Shkele said on Friday.</p>
<p>He said both sides could reach agreement in the controversial talks after around six months.</p>
<p>&quot;The monopoly situation has to be changed and we have embarked on talks already,&quot; Shkele told a news conference, saying he met C&amp;W officials on April 24.</p>
<p>&quot;I expect the basic discussions to be over within the coming half year and both sides to be satisfied,&quot; Shkele said.</p>
<p>Lattelekom is 49 percent-owned by Tilts Communications, formed by C&amp;W, Telecom Finland and the World Bank's International Finance Corp.</p>
<p>The group has been given monopoly status until 2013 but political pressure has forced the government into talks to shorten the monopoly concession period. It is now proposed to shorten the monopoly to 2003.</p>
<p>Lattelekom has said it would not be able to continue the costly upgrading of Latvia's telephone system if its monopoly period was cut short.</p>
<p>Since 1994, Tilts has invested $160.3 million in Latvia and it reported a 1996 after-tax profit of 4.08 million lats against 3.29 million lats the year before.</p>
<p>It said this profit was not enough to keep up the pace of modernisation, which was a third completed.</p>
<p>-- Martinsh Gravitis, Riga Newsroom, +371 721 5240</p>
</text>
<copyright>(c) Reuters Limited 1997</copyright>
<metadata>
<codes class="bip:countries:1.0">
  <code code="LATV">
    <editdetail attribution="Reuters BIP Coding Group" action="confirmed" date="1997-04-25"/>
  </code>
</codes>
<codes class="bip:industries:1.0">
  <code code="I79020">
    <editdetail attribution="Reuters BIP Coding Group" action="confirmed" date="1997-04-25"/>
  </code>
</codes>
<codes class="bip:topics:1.0">
  <code code="C13">
    <editdetail attribution="Reuters BIP Coding Group" action="confirmed" date="1997-04-25"/>
  </code>
  <code code="C34">
    <editdetail attribution="Reuters BIP Coding Group" action="confirmed" date="1997-04-25"/>
  </code>
  <code code="CCAT">
    <editdetail attribution="Reuters BIP Coding Group" action="confirmed" date="1997-04-25"/>
  </code>
</codes>
<dc element="dc.date.created" value="1997-04-24"/>
<dc element="dc.publisher" value="Reuters Holdings Plc"/>
<dc element="dc.date.published" value="1997-04-25"/>
<dc element="dc.source" value="Reuters"/>
<dc element="dc.creator.location" value="RIGA"/>
<dc element="dc.creator.location.country.name" value="LATVIA"/>
<dc element="dc.source" value="Reuters"/>
</metadata>
</newsitem>
