<?xml version="1.0" encoding="iso-8859-1" ?>
<newsitem itemid="538337" id="root" date="1997-04-25" xml:lang="en">
<title>MONACO: TENNIS-MOYA LEADS SPANISH CHARGE IN MONTE CARLO.</title>
<headline>TENNIS-MOYA LEADS SPANISH CHARGE IN MONTE CARLO.</headline>
<byline>Francois Thomazeau</byline>
<dateline>MONTE CARLO 1997-04-25</dateline>
<text>
<p>Australian Open finalist Carlos Moya led the Spanish charge at the Monte Carlo tennis Open on Friday, beating Wimbledon champion Richard Krajicek in three sets to force his way into the semifinals.</p>
<p>The Spaniard, seeded sixth, changed pace early in the second set of his quarter-final clash with the Dutchman to win 1-6 6-2 6-4 and qualify for his second consecutive semifinal on clay after Barcelona last week.</p>
<p>Moya will be one of two Spaniards in the last four. Compatriot Alex Corretja, seeded 12th, crushed Norwegian qualifier Christian Ruud 6-2 6-0.</p>
<p>Spaniards were not as impressive as in recent weeks though when there were four of them in the semifinals in both Estoril and Barcelona, the two previous European claycourt tournaments.</p>
<p>Frenchman Fabrice Santoro prevented qualifier Carlos Costa from joining his compatriots in the last four. Santoro, who beat claycourt kings Thomas Muster and Sergi Bruguera in the previous rounds, won 6-3 7-5.</p>
<p>He will meet Corretja in the semifinal, hoping to reach his first ATP Tour final since 1994.</p>
<p>&quot;I slowed my serve a little bit at the start of the second set because trying to hit too hard in the first set I realised I was giving him chances to go to the net,&quot; said Moya, whose serve has been recorded at 214 kph.</p>
<p>&quot;It's useless on clay. You just need a different mentality,&quot; added Moya, the sixth seed, who has ironically achieved his best results on hardcourt despite being bred on the slow surface like most Spaniards.</p>
<p>Krajicek is not a claycourt specialist, despite reaching the French Open semifinals in 1993, and it showed on Friday as he relied much too heavily on his serve and volley game and was far too impatient.</p>
<p>&quot;I'm not afraid of anybody on clay,&quot; he said.</p>
<p>&quot;But physically I was not in good shape. I felt a little bit sleepy. I was just tired and I was rushing too much to finish points,&quot; said the Dutchman who won in Tokyo on hardcourt last week.</p>
<p>&quot;It's just tough to play on clay. It takes a little bit of time to move the right way.&quot;</p>
<p>The tournament's fourth seed also complained about spectators who have lunch outside above central court and talk loudly regardless of the match taking place below.</p>
<p>&quot;It's just rude. Telephones go off. It's a joke sometimes. They should show a little respect for the players and I regret they just don't,&quot; he said.</p>
</text>
<copyright>(c) Reuters Limited 1997</copyright>
<metadata>
<codes class="bip:countries:1.0">
  <code code="AUSTR">
    <editdetail attribution="Reuters BIP Coding Group" action="confirmed" date="1997-04-25"/>
  </code>
  <code code="MONAC">
    <editdetail attribution="Reuters BIP Coding Group" action="confirmed" date="1997-04-25"/>
  </code>
  <code code="SPAIN">
    <editdetail attribution="Reuters BIP Coding Group" action="confirmed" date="1997-04-25"/>
  </code>
</codes>
<codes class="bip:topics:1.0">
  <code code="GCAT">
    <editdetail attribution="Reuters BIP Coding Group" action="confirmed" date="1997-04-25"/>
  </code>
  <code code="GSPO">
    <editdetail attribution="Reuters BIP Coding Group" action="confirmed" date="1997-04-25"/>
  </code>
</codes>
<dc element="dc.date.created" value="1997-04-25"/>
<dc element="dc.publisher" value="Reuters Holdings Plc"/>
<dc element="dc.date.published" value="1997-04-25"/>
<dc element="dc.source" value="Reuters"/>
<dc element="dc.creator.location" value="MONTE CARLO"/>
<dc element="dc.creator.location.country.name" value="MONACO"/>
<dc element="dc.source" value="Reuters"/>
</metadata>
</newsitem>
