<?xml version="1.0" encoding="iso-8859-1" ?>
<newsitem itemid="538344" id="root" date="1997-04-25" xml:lang="en">
<title>FRANCE: SOCCER-FRENCH FIRST DIVISION STANDINGS.</title>
<headline>SOCCER-FRENCH FIRST DIVISION STANDINGS.</headline>
<dateline>PARIS 1997-04-25</dateline>
<text>
<p>Standings in the French first</p>
<p>division before this weekend's matches:</p>
<p>				   P   W  D  L   F  A  Pts</p>
<p>  1.Monaco		    33  20  8  5  57  25  68</p>
<p>  2.Paris St Germain	33  15 12  6  47  27  57</p>
<p>  3.Nantes		    33  14 14  5  53  28  56</p>
<p>  4.Bastia		    33  15 10  8  46  38  55</p>
<p>  5.Bordeaux		  33  14 12  7  50  35  54</p>
<p>  6.Strasbourg		33  17  2 14  44  42  53</p>
<p>  7.Auxerre		   33  14 10  9  40  27  52</p>
<p>  8.Metz			33  13 11  9  34  26  50</p>
<p>  9.Lyon			33  13 10 10  44  46  49</p>
<p> 10.Montpellier	     33  10 14  9  34  32  44</p>
<p> 11.Guingamp		  33  11 11 11  31  32  44</p>
<p> 12.Marseille		 33  10 12 11  38  36  42</p>
<p> 13.Cannes		    33   9 12 12  21  31  39</p>
<p> 14.Rennes		    33  10  8 15  35  46  38</p>
<p> 15.Lens			33  10  8 15  36  49  38</p>
<p> 16.Le Havre		  33   8 11 14  27  37  35</p>
<p> 17.Lille		     33   8  9 16  30  53  33</p>
<p> 18.Caen			33   6 13 14  29  42  31</p>
<p> 19.Nancy		     33   7  9 17  28  44  30</p>
<p> 20.Nice			33   4  8 21  26  58  20</p>
<p>Note: Top two qualify for European Cup, next three -- not</p>
<p>counting League Cup winners Strasbourg -- go into UEFA Cup,</p>
<p>bottom four relegated.</p>
</text>
<copyright>(c) Reuters Limited 1997</copyright>
<metadata>
<codes class="bip:countries:1.0">
  <code code="FRA">
    <editdetail attribution="Reuters BIP Coding Group" action="confirmed" date="1997-04-25"/>
  </code>
</codes>
<codes class="bip:topics:1.0">
  <code code="GCAT">
    <editdetail attribution="Reuters BIP Coding Group" action="confirmed" date="1997-04-25"/>
  </code>
  <code code="GSPO">
    <editdetail attribution="Reuters BIP Coding Group" action="confirmed" date="1997-04-25"/>
  </code>
</codes>
<dc element="dc.date.created" value="1997-04-25"/>
<dc element="dc.publisher" value="Reuters Holdings Plc"/>
<dc element="dc.date.published" value="1997-04-25"/>
<dc element="dc.source" value="Reuters"/>
<dc element="dc.creator.location" value="PARIS"/>
<dc element="dc.creator.location.country.name" value="FRANCE"/>
<dc element="dc.source" value="Reuters"/>
</metadata>
</newsitem>
