<?xml version="1.0" encoding="iso-8859-1" ?>
<newsitem itemid="538308" id="root" date="1997-04-25" xml:lang="en">
<title>USA: SOCCER-MLS TEAMS SET UP INTERNATIONAL MATCHES.</title>
<headline>SOCCER-MLS TEAMS SET UP INTERNATIONAL MATCHES.</headline>
<dateline>NEW YORK 1997-04-25</dateline>
<text>
<p>Major League Soccer clubs, attempting to improve their international profile, are inviting prominent international clubs to play in the United States throughout the year, the league said Friday.</p>
<p>Three clubs have announced international matches, with the Los Angeles Galaxy leading the way with a match in Los Angeles against English Premier League's Aston Villa. The match is scheduled for May 21 at the Rose Bowl.</p>
<p>Also announcing international matches were the New York/New Jersey MetroStars and the Kansas City Wizards.</p>
<p>The MetroStars will host top Turkish club Galatasaray, which formerly featured Columbus Crew and U.S. National goalkeeper Brad Friedel. The match is scheduled for Giants Stadium on July 16.</p>
<p>The MetroStars are also playing an exhibition against the Colombian National Team at Giants Stadium on May 14.</p>
<p>Kansas City will be playing its first international match on April 30, when the squad travels to Bermuda to take on that island-nation's national team.</p>
<p>The meeting will mark the first away contest by an MLS team against a national team. The Bermuda National Team is coached by the legendary Clyde Best, a former standout for West Ham United of the Premier League.</p>
</text>
<copyright>(c) Reuters Limited 1997</copyright>
<metadata>
<codes class="bip:countries:1.0">
  <code code="USA">
    <editdetail attribution="Reuters BIP Coding Group" action="confirmed" date="1997-04-25"/>
  </code>
</codes>
<codes class="bip:topics:1.0">
  <code code="GCAT">
    <editdetail attribution="Reuters BIP Coding Group" action="confirmed" date="1997-04-25"/>
  </code>
  <code code="GSPO">
    <editdetail attribution="Reuters BIP Coding Group" action="confirmed" date="1997-04-25"/>
  </code>
</codes>
<dc element="dc.date.created" value="1997-04-25"/>
<dc element="dc.publisher" value="Reuters Holdings Plc"/>
<dc element="dc.date.published" value="1997-04-25"/>
<dc element="dc.source" value="Reuters"/>
<dc element="dc.creator.location" value="NEW YORK"/>
<dc element="dc.creator.location.country.name" value="USA"/>
<dc element="dc.source" value="Reuters"/>
</metadata>
</newsitem>
