<?xml version="1.0" encoding="iso-8859-1" ?>
<newsitem itemid="538367" id="root" date="1997-04-25" xml:lang="en">
<title>POLAND: STOMIL SEES '96 PAYOUT AT PLN 0.4/SHARE.</title>
<headline>STOMIL SEES '96 PAYOUT AT PLN 0.4/SHARE.</headline>
<dateline>POZNAN, Poland 1997-04-25</dateline>
<text>
<p>The management of Polish tyre maker Stomil Olsztyn SA wants to set the firm's 1996 dividend at 0.4 zloty per share, the company's financial director said on Friday.  </p>
<p>&quot;As far as the dividend is concerned, the general shareholders' meeting will make a decision in the second half of May...the management has recommended earmarking 40 groszes (0.4 zlotys per share,&quot; Bohdan Stankiewicz told a news conference.</p>
<p>He said Stomil, which netted 56.9 million zlotys last year, was likely to slightly increase the profit in 1997.</p>
<p>&quot;This (1997) is not a year, in which Stomil and also other companies, will try to push hard for the financial result. They will focus on expenses needed to strengthen marketing and on investment, which will be a burden for financial results,&quot; Stankiewicz said.  </p>
<p>French tyre maker Michelin has 52.1 percent of shares in Stomil, based in north-eastern city of Olsztyn.</p>
<p>The firm's trade director Zbigniew Kosacki, also present, said the company planned to increase its passenger car tyre market share in Poland to more than 30 percent in 1997 from last year's 26 percent.</p>
<p>He said the company would also try to defend its 80-percent market share in tractor tyres, but this would be difficult.</p>
<p>Kosacki also urged the government to ban imports of used tyres, which he said posed a threat to traffic safety and cost Poland jobs in tyre industry.--Warsaw Newsroom +48 22 653 9700</p>
</text>
<copyright>(c) Reuters Limited 1997</copyright>
<metadata>
<codes class="bip:countries:1.0">
  <code code="FRA">
    <editdetail attribution="Reuters BIP Coding Group" action="confirmed" date="1997-04-25"/>
  </code>
  <code code="POL">
    <editdetail attribution="Reuters BIP Coding Group" action="confirmed" date="1997-04-25"/>
  </code>
</codes>
<codes class="bip:industries:1.0">
  <code code="I48110">
    <editdetail attribution="Reuters BIP Coding Group" action="confirmed" date="1997-04-25"/>
  </code>
</codes>
<codes class="bip:topics:1.0">
  <code code="C15">
    <editdetail attribution="Reuters BIP Coding Group" action="confirmed" date="1997-04-25"/>
  </code>
  <code code="C151">
    <editdetail attribution="Reuters BIP Coding Group" action="confirmed" date="1997-04-25"/>
  </code>
  <code code="CCAT">
    <editdetail attribution="Reuters BIP Coding Group" action="confirmed" date="1997-04-25"/>
  </code>
</codes>
<dc element="dc.date.created" value="1997-04-25"/>
<dc element="dc.publisher" value="Reuters Holdings Plc"/>
<dc element="dc.date.published" value="1997-04-25"/>
<dc element="dc.source" value="Reuters"/>
<dc element="dc.creator.location" value="POZNAN, Poland"/>
<dc element="dc.creator.location.country.name" value="POLAND"/>
<dc element="dc.source" value="Reuters"/>
</metadata>
</newsitem>
