<?xml version="1.0" encoding="iso-8859-1" ?>
<newsitem itemid="538383" id="root" date="1997-04-25" xml:lang="en">
<title>RUSSIA: PRESS DIGEST - RUSSIA IZVESTIA - APRIL 25.</title>
<headline>PRESS DIGEST - RUSSIA IZVESTIA - APRIL 25.</headline>
<dateline>MOSCOW 1997-04-25</dateline>
<text>
<p>Following are some of the leading stories in the April 26 edition of Russia's Izvestia newspaper. Reuters has not verified these stories and does not vouch for their accuracy.</p>
<p>- The State Duma, lower house of the Russian parliament, postponed on Friday ratification of an international treaty banning chemical weapons. The Duma's intransigence could end up bringing international sanctions on Russia, the paper says.</p>
<p>- Ukrainian President Leonid Kuchma says there is no problem over the status of Sevastopol, the disputed site of the Black Sea Fleet. But Moscow does not agree.</p>
<p>- The Russian government and Central Bank are to sign a join statement on the 1997 economic policy.</p>
<p>- The authorities in Taganrog, a port on the Azov Sea, proposed that a controversial new monument to the Russian tsar Peter the Great be transferred from Moscow to their town, which was founded by the tsar.</p>
<p>-- Svetlana Kovaleva, Moscow Newsroom, +7095 941 8520</p>
</text>
<copyright>(c) Reuters Limited 1997</copyright>
<metadata>
<codes class="bip:countries:1.0">
  <code code="RUSS">
    <editdetail attribution="Reuters BIP Coding Group" action="confirmed" date="1997-04-25"/>
  </code>
</codes>
<codes class="bip:topics:1.0">
  <code code="GCAT">
    <editdetail attribution="Reuters BIP Coding Group" action="confirmed" date="1997-04-25"/>
  </code>
</codes>
<dc element="dc.date.created" value="1997-04-25"/>
<dc element="dc.publisher" value="Reuters Holdings Plc"/>
<dc element="dc.date.published" value="1997-04-25"/>
<dc element="dc.source" value="Reuters"/>
<dc element="dc.creator.location" value="MOSCOW"/>
<dc element="dc.creator.location.country.name" value="RUSSIA"/>
<dc element="dc.source" value="Reuters"/>
</metadata>
</newsitem>
