<?xml version="1.0" encoding="iso-8859-1" ?>
<newsitem itemid="538352" id="root" date="1997-04-25" xml:lang="en">
<title>AUSTRIA: MOTOR RACING-LAUDA UNDERGOES KIDNEY TRANSPLANT.</title>
<headline>MOTOR RACING-LAUDA UNDERGOES KIDNEY TRANSPLANT.</headline>
<dateline>VIENNA 1997-04-25</dateline>
<text>
<p>Former Formula One world champion turned airline owner Niki Lauda has undergone a kidney transplant in Vienna, the Austrian news agency APA said on Friday.</p>
<p>APA said the 48-year-old Lauda had received a kidney from his younger brother Florian and both men were stable after Thursday's two-hour operation.</p>
<p>A spokesman at Vienna's AKH hospital said the brothers would stay in hospital for several days. Niki Lauda had asked for the operation to be kept secret until doctors were sure of a successful outcome.</p>
<p>Lauda had been suffering from a chronic kidney inflammation for some time. But the spokesman said the illness was not a consequence of the Austrian's horrific crash at the Nuerburgring Grand Prix in August 1976 when he suffered near-fatal burns.</p>
<p>Lauda, three times world champion, quit motor racing in 1985. He founded an airline and acts as a consultant for his former team Ferrari.</p>
</text>
<copyright>(c) Reuters Limited 1997</copyright>
<metadata>
<codes class="bip:countries:1.0">
  <code code="AUST">
    <editdetail attribution="Reuters BIP Coding Group" action="confirmed" date="1997-04-25"/>
  </code>
</codes>
<codes class="bip:topics:1.0">
  <code code="GCAT">
    <editdetail attribution="Reuters BIP Coding Group" action="confirmed" date="1997-04-25"/>
  </code>
  <code code="GSPO">
    <editdetail attribution="Reuters BIP Coding Group" action="confirmed" date="1997-04-25"/>
  </code>
</codes>
<dc element="dc.date.created" value="1997-04-25"/>
<dc element="dc.publisher" value="Reuters Holdings Plc"/>
<dc element="dc.date.published" value="1997-04-25"/>
<dc element="dc.source" value="Reuters"/>
<dc element="dc.creator.location" value="VIENNA"/>
<dc element="dc.creator.location.country.name" value="AUSTRIA"/>
<dc element="dc.source" value="Reuters"/>
</metadata>
</newsitem>
