<?xml version="1.0" encoding="iso-8859-1" ?>
<newsitem itemid="538325" id="root" date="1997-04-25" xml:lang="en">
<title>NETHERLANDS: SOCCER-DUTCH FIRST DIVISION SUMMARY.</title>
<headline>SOCCER-DUTCH FIRST DIVISION SUMMARY.</headline>
<dateline>AMSTERDAM 1997-04-25</dateline>
<text>
<p>Summary of a Dutch first</p>
<p>division soccer match played on Friday:</p>
<p> Vitesse Arnhem	     4 - Makaay 10, pen 66, 84, Korsten 60</p>
<p> Twente Enschede	    2 - Petrov 29, Bosvelt 70</p>
<p>    HT: 1-1	Att: 7,000</p>
</text>
<copyright>(c) Reuters Limited 1997</copyright>
<metadata>
<codes class="bip:countries:1.0">
  <code code="NETH">
    <editdetail attribution="Reuters BIP Coding Group" action="confirmed" date="1997-04-25"/>
  </code>
</codes>
<codes class="bip:topics:1.0">
  <code code="GCAT">
    <editdetail attribution="Reuters BIP Coding Group" action="confirmed" date="1997-04-25"/>
  </code>
  <code code="GSPO">
    <editdetail attribution="Reuters BIP Coding Group" action="confirmed" date="1997-04-25"/>
  </code>
</codes>
<dc element="dc.date.created" value="1997-04-25"/>
<dc element="dc.publisher" value="Reuters Holdings Plc"/>
<dc element="dc.date.published" value="1997-04-25"/>
<dc element="dc.source" value="Reuters"/>
<dc element="dc.creator.location" value="AMSTERDAM"/>
<dc element="dc.creator.location.country.name" value="NETHERLANDS"/>
<dc element="dc.source" value="Reuters"/>
</metadata>
</newsitem>
