<?xml version="1.0" encoding="iso-8859-1" ?>
<newsitem itemid="538394" id="root" date="1997-04-25" xml:lang="en">
<title>ESTONIA: INTERVIEW-RUHRGAS TO RAISE ITS STAKE IN ESTONIA, LATVIA.</title>
<headline>INTERVIEW-RUHRGAS TO RAISE ITS STAKE IN ESTONIA, LATVIA.</headline>
<byline>Eva Palu</byline>
<dateline>TALLINN 1997-04-25</dateline>
<text>
<p>Germany's Ruhrgas wants to increase its stakes in Estonia and Latvia's gas companies to 25 percent in the long-term, the vice-president of Ruhrgas, Eberhard R. Kranz, said on Friday.</p>
<p>Ruhrgas has a 15 percent stake in Eesti Gaas (Estonian Gas), the natural gas distributor in Estonia. It bought 16.25 percent of Latvijas Gaze (Latvian Gas) earlier this month.</p>
<p>&quot;The aim is to increase the stake up to 25 percent,&quot; Kranz told Reuters in an interview.</p>
<p>&quot;Such a move is a long way off - not this year or next year... we will see what the market will show us,&quot; he said.</p>
<p>Kranz said the stake in Latvian gas distributor company will increase to 18.2 percent by the end of the year. Ruhrgas will pay the tax debt the company owes to state, which will be exchanged for shares, he said.</p>
<p>The Estonian and Latvian gas companies both also have Russia's Gazprom as a shareholder with 30.64 percent.</p>
<p>&quot;In my opinion, both companies should cooperate in future more than they have in the past,&quot; Kranz said.</p>
<p>For example, he said Estonian Gas could make use of Latvian Gas' considerable storage facilities.</p>
<p>The two gas companies are also both planning to list their shares on their local stock exchanges. The private shares in Lithuania's state-run gas firm, Lithuanian Gas, are active on the Vilnius bourse.</p>
<p>The Estonian Privatization Agency will sell 12.33 percent of Estonian Gas' shares in May or June. In Latvia, the state wants to sell up to 30 percent of Latvian Gas to its employees, Latvian citizens through vouchers and to the Savings bank.</p>
<p>Kranz said Ruhrgas was also interested in Lithuanian Gas.</p>
<p>&quot;We are in discussions to learn a little bit about the gas industry in Lithuania,&quot; he said.</p>
<p>The Lithuanian government has committed itself to selling off several energy firms but has yet to put Lithuanian Gas on its privatisation list.</p>
<p>German Ruhrgas had a turnover of 13 billion DM and a net profit of 662 million DM in 1996.</p>
<p>-- Eva Palu, Tallinn Newsroom, +372 630 8400, reuters@reuters.ee</p>
</text>
<copyright>(c) Reuters Limited 1997</copyright>
<metadata>
<codes class="bip:countries:1.0">
  <code code="ESTNIA">
    <editdetail attribution="Reuters BIP Coding Group" action="confirmed" date="1997-04-25"/>
  </code>
  <code code="GFR">
    <editdetail attribution="Reuters BIP Coding Group" action="confirmed" date="1997-04-25"/>
  </code>
  <code code="LATV">
    <editdetail attribution="Reuters BIP Coding Group" action="confirmed" date="1997-04-25"/>
  </code>
</codes>
<codes class="bip:industries:1.0">
  <code code="I13000">
    <editdetail attribution="Reuters BIP Coding Group" action="confirmed" date="1997-04-25"/>
  </code>
  <code code="I16200">
    <editdetail attribution="Reuters BIP Coding Group" action="confirmed" date="1997-04-25"/>
  </code>
</codes>
<codes class="bip:topics:1.0">
  <code code="C18">
    <editdetail attribution="Reuters BIP Coding Group" action="confirmed" date="1997-04-25"/>
  </code>
  <code code="C181">
    <editdetail attribution="Reuters BIP Coding Group" action="confirmed" date="1997-04-25"/>
  </code>
  <code code="CCAT">
    <editdetail attribution="Reuters BIP Coding Group" action="confirmed" date="1997-04-25"/>
  </code>
</codes>
<dc element="dc.date.created" value="1997-04-25"/>
<dc element="dc.publisher" value="Reuters Holdings Plc"/>
<dc element="dc.date.published" value="1997-04-25"/>
<dc element="dc.source" value="Reuters"/>
<dc element="dc.creator.location" value="TALLINN"/>
<dc element="dc.creator.location.country.name" value="ESTONIA"/>
<dc element="dc.source" value="Reuters"/>
</metadata>
</newsitem>
