<?xml version="1.0" encoding="iso-8859-1" ?>
<newsitem itemid="538400" id="root" date="1997-04-25" xml:lang="en">
<title>LITHUANIA: FOCUS - BEARISH BOURSE GIVES LITHUANIAN DEALERS THE BLUES.</title>
<headline>FOCUS - BEARISH BOURSE GIVES LITHUANIAN DEALERS THE BLUES.</headline>
<byline>Ed Stoddard</byline>
<dateline>VILNIUS 1997-04-25</dateline>
<text>
<p>Lithuania's bearish bourse has most Lithuanian dealers singing the blues, but they remain up beat about the struggling exchange's long-term prospects.</p>
<p>A brief survey of five Lithuanian brokerage houses conducted by Reuters found dealers divided over when they think prices and activity will pick up and the general mood was gloomy.</p>
<p>The most optimistic forecast saw prices rising slowly next week while the most cautious put prices up at the end of summer. One dealer was unsure and two saw slight gains in two to four weeks' time.</p>
<p>However, there was a consensus that things will start rolling by autumn at the latest as serious portflio investors come to the market.</p>
<p>Shares went on a wild bull-run in January, with the Litin A index, which tracks the bourse's most active listings, surging to 3,242.25, over double its late October value.</p>
<p>Things have been mostly down hill ever since, with the index stumbling 158.89 points on Thursday to 2,219.55.</p>
<p>On the bright side, the index is still over a third higher than its October level - an impressive gain even in today's world of soaring share prices.</p>
<p>Dealers say that January's rapid climb was fueled by domestic buyers and was for the most speculative and not based on a serious analysis of the market.</p>
<p>The January events were also touched off by a switch to equities from debt in response to falling Treasury bill yields.</p>
<p>&quot;January's situation was not based on any careful examination of companies,&quot; said one dealer.</p>
<p>&quot;Today's situation has not been helped by disappointing first quarter results,&quot; he added.</p>
<p>&quot;Serious investors are only examining the market now...it won't pick up before summer,&quot; said Kestutis Kupsys of brokerage firm Mendes Prior Europe.</p>
<p>His comments were echoed by other dealers, who said that long-term foreign investors were expected to arrive in the next few months.</p>
<p>A group of senior fund managers visited Lithuania last week on a fact finding-mission.</p>
<p>Members of the delegation interviewed by Reuters said that Lithuania's equities market had a lot of potential for future growth and lucrative returns.</p>
<p>The government's commitment to selling off attractive state enterprises, a good macroeconomic climate, political stability and bargain prices bode well for the future.</p>
<p>But in the short-term, dealers see no reason to change their gloomy tune.</p>
<p>Brokerage house Suprema is the exception to the rule, though its dealers are far from bullish about the short-term.</p>
<p>&quot;Prices may begin rising slightly next week simply because they are so low right now,&quot; said Arvydas Jacikevicius of Suprema.</p>
<p>-- Riga newsroom, +371 721 52 40</p>
</text>
<copyright>(c) Reuters Limited 1997</copyright>
<metadata>
<codes class="bip:countries:1.0">
  <code code="LITH">
    <editdetail attribution="Reuters BIP Coding Group" action="confirmed" date="1997-04-25"/>
  </code>
</codes>
<codes class="bip:topics:1.0">
  <code code="M11">
    <editdetail attribution="Reuters BIP Coding Group" action="confirmed" date="1997-04-25"/>
  </code>
  <code code="MCAT">
    <editdetail attribution="Reuters BIP Coding Group" action="confirmed" date="1997-04-25"/>
  </code>
</codes>
<dc element="dc.date.created" value="1997-04-25"/>
<dc element="dc.publisher" value="Reuters Holdings Plc"/>
<dc element="dc.date.published" value="1997-04-25"/>
<dc element="dc.source" value="Reuters"/>
<dc element="dc.creator.location" value="VILNIUS"/>
<dc element="dc.creator.location.country.name" value="LITHUANIA"/>
<dc element="dc.source" value="Reuters"/>
</metadata>
</newsitem>
