<?xml version="1.0" encoding="iso-8859-1" ?>
<newsitem itemid="538434" id="root" date="1997-04-25" xml:lang="en">
<title>UK: Clean tanker fixtures/enquiries.</title>
<headline>Clean tanker fixtures/enquiries.</headline>
<dateline>LONDON 1997-04-25</dateline>
<text>
<p>Latest fixtures: - MIDDLE EAST Jag Padma	  43.5   9/5    Mideast/WCIndia    W175     KPC</p>
<p>Temryuk	    41    11/5    Mideast/WCIndia    W175     KPC</p>
<p>Stavangar Pride  28    30/4    Cross Mideast $130,000	Vitol</p>
<p>Nol Sagitta	40     1/5    Yanbu/S'pore	 W180     Mobil</p>
<p>- WESTERN HEMISPHERE</p>
<p>Ulyanovsk	  28.5  27/4    Caribs/USAC	  W265     Citgo</p>
<p>Pbulk Runner     28     1/5    Caribs/USAC	  W267.5  Conoco</p>
</text>
<copyright>(c) Reuters Limited 1997</copyright>
<metadata>
<codes class="bip:countries:1.0">
  <code code="UK">
    <editdetail attribution="Reuters BIP Coding Group" action="confirmed" date="1997-04-25"/>
  </code>
</codes>
<codes class="bip:topics:1.0">
  <code code="M14">
    <editdetail attribution="Reuters BIP Coding Group" action="confirmed" date="1997-04-25"/>
  </code>
  <code code="MCAT">
    <editdetail attribution="Reuters BIP Coding Group" action="confirmed" date="1997-04-25"/>
  </code>
</codes>
<dc element="dc.date.created" value="1997-04-25"/>
<dc element="dc.publisher" value="Reuters Holdings Plc"/>
<dc element="dc.date.published" value="1997-04-25"/>
<dc element="dc.source" value="Reuters"/>
<dc element="dc.creator.location" value="LONDON"/>
<dc element="dc.creator.location.country.name" value="UK"/>
<dc element="dc.source" value="Reuters"/>
</metadata>
</newsitem>
