<?xml version="1.0" encoding="iso-8859-1" ?>
<newsitem itemid="694271" id="root" date="1997-06-28" xml:lang="en">
<title>UK: CRICKET-AUSTRALIA V HAMPSHIRE SCOREBOARD.</title>
<headline>CRICKET-AUSTRALIA V HAMPSHIRE SCOREBOARD.</headline>
<dateline>SOUTHAMPTON, England 1997-06-28</dateline>
<text>
<p>Scoreboard on the</p>
<p>first day of the three-day match between Hampshire and Australia</p>
<p>on Saturday:</p>
<p>Hampshire first innings</p>
<p> J.Laney lbw b Kasprowicz		6</p>
<p> M.Hayden c Blewett b Kasprowicz     6</p>
<p> M.Keech c and b Reiffel		17</p>
<p> R.Smith c Healy b Warne		22</p>
<p> W.Kendall c M.Waugh b Reiffel	 0</p>
<p> J.Stephenson c Taylor b Gillespie   0</p>
<p> A.Aymes not out			  31</p>
<p> S.Udal c Healy b Warne		  2</p>
<p> S.Renshaw lbw b Warne		   4</p>
<p> J.Bovill lbw b Gillespie		9</p>
<p> S.Milburn b Kasprowicz		 23</p>
<p> Extras (b-1 lb-10 w-1 nb-24)	 36</p>
<p> Total (49.1 overs)		    156</p>
<p>Fall of wickets: 1-9 2-30 3-45 4-57 5-79 6-83 7-85  8-93</p>
<p>9-112.</p>
<p>Bowling: Kasprowicz 11.1-2-33-3, Gillespie 16-2-65-2,</p>
<p>Reiffel 7-1-17-2, Warne 15-4-30-3.</p>
<p>Australia first innings</p>
<p> M.Elliott c Keech b Udal	  61</p>
<p> M.Taylor not out		    61</p>
<p> G.Blewett run out		    2</p>
<p> M.Waugh not out		     25</p>
<p> Extras (lb-5 w-1 nb-2)	     8</p>
<p> Total (for 2 wickets)	    157</p>
<p>To bat: S.Waugh, M.Bevan, I.Healy, S.Warne, P.Reiffel,</p>
<p>J.Gillespie.</p>
<p>Fall of wickets: 1-95 2-118.</p>
<p>Bowling (to date): Renshaw 10-1-34-0, Bovill</p>
<p>14-6-37-0, Milburn 7-2-20-0, Stephenson 8-1-29-0, Udal</p>
<p>12-1-32-1.</p>
</text>
<copyright>(c) Reuters Limited 1997</copyright>
<metadata>
<codes class="bip:countries:1.0">
  <code code="AUSTR">
    <editdetail attribution="Reuters BIP Coding Group" action="confirmed" date="1997-06-28"/>
  </code>
  <code code="UK">
    <editdetail attribution="Reuters BIP Coding Group" action="confirmed" date="1997-06-28"/>
  </code>
</codes>
<codes class="bip:topics:1.0">
  <code code="GCAT">
    <editdetail attribution="Reuters BIP Coding Group" action="confirmed" date="1997-06-28"/>
  </code>
  <code code="GSPO">
    <editdetail attribution="Reuters BIP Coding Group" action="confirmed" date="1997-06-28"/>
  </code>
</codes>
<dc element="dc.date.created" value="1997-06-28"/>
<dc element="dc.publisher" value="Reuters Holdings Plc"/>
<dc element="dc.date.published" value="1997-06-28"/>
<dc element="dc.source" value="Reuters"/>
<dc element="dc.creator.location" value="SOUTHAMPTON, England"/>
<dc element="dc.creator.location.country.name" value="UK"/>
<dc element="dc.source" value="Reuters"/>
</metadata>
</newsitem>
