<?xml version="1.0" encoding="iso-8859-1" ?>
<newsitem itemid="694289" id="root" date="1997-06-28" xml:lang="en">
<title>USA: GOLF-LEADING SCORES AT ST. JUDE CLASSIC.</title>
<headline>GOLF-LEADING SCORES AT ST. JUDE CLASSIC.</headline>
<dateline>GERMANTOWN, Tennessee 1997-06-27</dateline>
<text>
<p>Leading scores</p>
<p>at the $1.5 million St. Jude Classic when second-round play</p>
<p>was suspended Friday with 103 golfers yet to complete the</p>
<p>round (players U.S. unless stated):</p>
<p>10 under - Gene Sauers 65, 4 under after 17</p>
<p>9 under - Greg Norman (Australia) 68 65</p>
<p>8 under - Jay Don Blake 70 64, Tommy Armour 67 67, Charlie</p>
<p>Rymer 71, 8 under after 17</p>
<p>7 under - Peter Jordan 69 66, Michael Bradley 68 67, Skip</p>
<p>Kendall 68 67</p>
<p>6 under - John Adams 70 66, Jay Haas 70 66, Guy Boros 67 69,</p>
<p>Ted Tryba 68 68, Fuzzy Zoeller 69 67, Nick Price (Zimbabwe)</p>
<p>66, 1 under after 2, Robert Damron 65, yet to tee off</p>
<p>Add international players</p>
<p>4 under - Bradley Hughes (Australia) 67, yet to tee off</p>
<p>3 under - Rafael Alarcon (Mexico) 71, 3 under after 15,</p>
<p>Fulton Allem (South Africa) 68, even after 1, Craig Parry</p>
<p>(Australia) 68, 1 under after 4</p>
<p>even - David Frost (South Africa) 70, 1 over after 2</p>
<p>1 over - Gabriel Hjertstedt (Sweden) 72, still to tee off</p>
<p>2 over - Hideki Kase (Japan) 70, 3 over after 15</p>
<p>4 over - Phil Tataurangi (New Zealand) 75, still to tee off</p>
</text>
<copyright>(c) Reuters Limited 1997</copyright>
<metadata>
<codes class="bip:countries:1.0">
  <code code="USA">
    <editdetail attribution="Reuters BIP Coding Group" action="confirmed" date="1997-06-28"/>
  </code>
</codes>
<codes class="bip:topics:1.0">
  <code code="GCAT">
    <editdetail attribution="Reuters BIP Coding Group" action="confirmed" date="1997-06-28"/>
  </code>
  <code code="GSPO">
    <editdetail attribution="Reuters BIP Coding Group" action="confirmed" date="1997-06-28"/>
  </code>
</codes>
<dc element="dc.date.created" value="1997-06-27"/>
<dc element="dc.publisher" value="Reuters Holdings Plc"/>
<dc element="dc.date.published" value="1997-06-28"/>
<dc element="dc.source" value="Reuters"/>
<dc element="dc.creator.location" value="GERMANTOWN, Tennessee"/>
<dc element="dc.creator.location.country.name" value="USA"/>
<dc element="dc.source" value="Reuters"/>
</metadata>
</newsitem>
