<?xml version="1.0" encoding="iso-8859-1" ?>
<newsitem itemid="694370" id="root" date="1997-06-28" xml:lang="en">
<title>CAMEROON: Cholera kills 100 people in north Cameroon.</title>
<headline>Cholera kills 100 people in north Cameroon.</headline>
<dateline>YAOUNDE 1997-06-28</dateline>
<text>
<p>Cholera, an annual rainy season scourge in the Central African state of Cameroon, has killed 100 people in the north near the border with Chad so far this year, medical workers in the region said on Saturday.</p>
<p>The outbreak, which is concentrated in the regions of Maga, Yagoua and Kousseri, had infected a further 400 people, they added. Cholera killed 500 people in Cameroon last year, mostly in the same area.</p>
</text>
<copyright>(c) Reuters Limited 1997</copyright>
<metadata>
<codes class="bip:countries:1.0">
  <code code="CAMER">
    <editdetail attribution="Reuters BIP Coding Group" action="confirmed" date="1997-06-28"/>
  </code>
</codes>
<codes class="bip:topics:1.0">
  <code code="GCAT">
    <editdetail attribution="Reuters BIP Coding Group" action="confirmed" date="1997-06-28"/>
  </code>
  <code code="GHEA">
    <editdetail attribution="Reuters BIP Coding Group" action="confirmed" date="1997-06-28"/>
  </code>
</codes>
<dc element="dc.date.created" value="1997-06-28"/>
<dc element="dc.publisher" value="Reuters Holdings Plc"/>
<dc element="dc.date.published" value="1997-06-28"/>
<dc element="dc.source" value="Reuters"/>
<dc element="dc.creator.location" value="YAOUNDE"/>
<dc element="dc.creator.location.country.name" value="CAMEROON"/>
<dc element="dc.source" value="Reuters"/>
</metadata>
</newsitem>
