<?xml version="1.0" encoding="iso-8859-1" ?>
<newsitem itemid="694375" id="root" date="1997-06-28" xml:lang="en">
<title>KENYA: PRESS DIGEST - Kenya - June 28.</title>
<headline>PRESS DIGEST - Kenya - June 28.</headline>
<dateline>NAIROBI 1997-06-28</dateline>
<text>
<p>These are the leading stories in the Kenyan press on Saturday. Reuters has not verified these stories and does not vouch for their accuracy.</p>
<p>DAILY NATION</p>
<p>- The coalition National Convention Assembly of churches, opposition parties, and civil society call for pro-reform rallies across Kenya on July 7. A similar rally in Nairobi on July 7, 1990 turned violent and at least 20 people were killed as a campaign for a switch to pluralist politics gathered pace.</p>
<p>- The High Court awards 10 million Kenyan shillings to presidential aide Joshuah Kulei after finding that The People newspaper owned by opposition leader Kenneth Matiba defamed him. Award is highest-ever for demafation in Kenya's history.</p>
<p>- Opposition FORD-Asili chairman Kenneth Matiba's decision not to register as a voter -- effectively barring himself from contesting parliamentary and presidential elections later this year -- receives mixed reactions from rank and file of party.</p>
<p>- Attempts by seven (opposition) parliament members to have President Daniel arap Moi censured for commenting on a matter before the courts fails after judge declines any comments.</p>
<p>EAST AFRICAN STANDARD</p>
<p>- Confusion and panic grips FORD-Asili supporters countrywide after Matiba announces decision not to register as a voter. Declaration will end his parliamentary career.</p>
<p>- Kenya Revenue Authority, government's tax collecting agency, says it is owed 25 billion shillings by parastatals.</p>
<p>- Nairobi Stock Exchange (NSE) Chairman Jimnah Mbaru expects over one million investors on the Kenyan bourse after completion of a nationwide awareness campaign launched by authorities this year. Campaign has taken bourse officials to the provinces where they hope to convince ruralfolk to invest on the NSE.</p>
<p>KENYA TIMES</p>
<p>- Britain will not take sides in Kenya's impending general election, Minister of State for Foreign and Commonwealth Affairs Tony Lloyd says during visit to Kenyan capital.</p>
<p>- Members of the Nairobi Christian Church question monthly salary of 198,000 Kenyan shillings paid to their Nigerian-born Pastor Richard Alawaye. Pastor rejects allegation and says his pay comes from Boston-based International Church of Christ.(Average Kenyan middle class workers earn average monthly salary of 25,000 shillings).</p>
<p>($1=55 shillings).</p>
</text>
<copyright>(c) Reuters Limited 1997</copyright>
<metadata>
<codes class="bip:countries:1.0">
  <code code="KENYA">
    <editdetail attribution="Reuters BIP Coding Group" action="confirmed" date="1997-06-28"/>
  </code>
</codes>
<codes class="bip:topics:1.0">
  <code code="GCAT">
    <editdetail attribution="Reuters BIP Coding Group" action="confirmed" date="1997-06-28"/>
  </code>
</codes>
<dc element="dc.date.created" value="1997-06-28"/>
<dc element="dc.publisher" value="Reuters Holdings Plc"/>
<dc element="dc.date.published" value="1997-06-28"/>
<dc element="dc.source" value="Reuters"/>
<dc element="dc.creator.location" value="NAIROBI"/>
<dc element="dc.creator.location.country.name" value="KENYA"/>
<dc element="dc.source" value="Reuters"/>
</metadata>
</newsitem>
