<?xml version="1.0" encoding="iso-8859-1" ?>
<newsitem itemid="694481" id="root" date="1997-06-28" xml:lang="en">
<title>MALAYSIA: Malaysia Tekala year net 182.99 mln rgt.</title>
<headline>Malaysia Tekala year net 182.99 mln rgt.</headline>
<dateline>KUALA LUMPUR 1997-06-28</dateline>
<text>
<p>Period to March 31</p>
<p>		   (in million ringgit unless stated)</p>
<p>    Net profit		  44.86   vs	  12.65</p>
<p>    Group shr (cents)	 33.86   vs	   9.54</p>
<p>    Turnover		   182.99   vs	    -</p>
<p>    Pre-tax profit	    50.44   vs	  13.02</p>
<p>    Dividend  (percent)	8.0    vs	   nil</p>
<p>NOTE - Malaysia's Tekala Corp Bhd is involved in the timber business.</p>
<p>-- Kuala Lumpur newsroom (603-201 4813)</p>
</text>
<copyright>(c) Reuters Limited 1997</copyright>
<metadata>
<codes class="bip:countries:1.0">
  <code code="MALAY">
    <editdetail attribution="Reuters BIP Coding Group" action="confirmed" date="1997-06-28"/>
  </code>
</codes>
<codes class="bip:industries:1.0">
  <code code="I46000">
    <editdetail attribution="Reuters BIP Coding Group" action="confirmed" date="1997-06-28"/>
  </code>
</codes>
<codes class="bip:topics:1.0">
  <code code="C15">
    <editdetail attribution="Reuters BIP Coding Group" action="confirmed" date="1997-06-28"/>
  </code>
  <code code="C151">
    <editdetail attribution="Reuters BIP Coding Group" action="confirmed" date="1997-06-28"/>
  </code>
  <code code="C1511">
    <editdetail attribution="Reuters BIP Coding Group" action="confirmed" date="1997-06-28"/>
  </code>
  <code code="CCAT">
    <editdetail attribution="Reuters BIP Coding Group" action="confirmed" date="1997-06-28"/>
  </code>
</codes>
<dc element="dc.date.created" value="1997-06-28"/>
<dc element="dc.publisher" value="Reuters Holdings Plc"/>
<dc element="dc.date.published" value="1997-06-28"/>
<dc element="dc.source" value="Reuters"/>
<dc element="dc.creator.location" value="KUALA LUMPUR"/>
<dc element="dc.creator.location.country.name" value="MALAYSIA"/>
<dc element="dc.source" value="Reuters"/>
</metadata>
</newsitem>
