<?xml version="1.0" encoding="iso-8859-1" ?>
<newsitem itemid="694488" id="root" date="1997-06-28" xml:lang="en">
<title>MALAYSIA: Malaysia Larut year net 65.89 mln rgt.</title>
<headline>Malaysia Larut year net 65.89 mln rgt.</headline>
<dateline>KUALA LUMPUR 1997-06-28</dateline>
<text>
<p>Period to March 31</p>
<p>		   (in million ringgit unless stated)</p>
<p>    Net profit		  65.89   vs	  57.70</p>
<p>    Group shr (cents)	 34.8    vs	  30.6</p>
<p>    Turnover		   269.00   vs	 279.99</p>
<p>    Pre-tax profit	   121.19   vs	  96.59</p>
<p>    Minorities	   less 12.92   vs  less   6.33</p>
<p>    Extraordinaries     add  2.51   vs  less  14.15</p>
<p>    Dividend   (cents)	10.0    vs	   6.0</p>
<p>NOTE - Malaysia's Larut Consolidated Bhd is involved in property development and management.</p>
<p>-- Kuala Lumpur newsroom (603-201 4813)</p>
</text>
<copyright>(c) Reuters Limited 1997</copyright>
<metadata>
<codes class="bip:countries:1.0">
  <code code="MALAY">
    <editdetail attribution="Reuters BIP Coding Group" action="confirmed" date="1997-06-28"/>
  </code>
</codes>
<codes class="bip:industries:1.0">
  <code code="I83960">
    <editdetail attribution="Reuters BIP Coding Group" action="confirmed" date="1997-06-28"/>
  </code>
</codes>
<codes class="bip:topics:1.0">
  <code code="C15">
    <editdetail attribution="Reuters BIP Coding Group" action="confirmed" date="1997-06-28"/>
  </code>
  <code code="C151">
    <editdetail attribution="Reuters BIP Coding Group" action="confirmed" date="1997-06-28"/>
  </code>
  <code code="C1511">
    <editdetail attribution="Reuters BIP Coding Group" action="confirmed" date="1997-06-28"/>
  </code>
  <code code="CCAT">
    <editdetail attribution="Reuters BIP Coding Group" action="confirmed" date="1997-06-28"/>
  </code>
</codes>
<dc element="dc.date.created" value="1997-06-28"/>
<dc element="dc.publisher" value="Reuters Holdings Plc"/>
<dc element="dc.date.published" value="1997-06-28"/>
<dc element="dc.source" value="Reuters"/>
<dc element="dc.creator.location" value="KUALA LUMPUR"/>
<dc element="dc.creator.location.country.name" value="MALAYSIA"/>
<dc element="dc.source" value="Reuters"/>
</metadata>
</newsitem>
