<?xml version="1.0" encoding="iso-8859-1" ?>
<newsitem itemid="694451" id="root" date="1997-06-28" xml:lang="en">
<title>HONG KONG: Prince Charles heads for Hong Kong handover.</title>
<headline>Prince Charles heads for Hong Kong handover.</headline>
<dateline>HONG KONG 1997-06-28</dateline>
<text>
<p>Britain's heir to the throne Prince Charles flew into Hong Kong on Saturday from London for Monday's handover of the British colony to China.</p>
<p>The prince arrived aboard a chartered British Airways 747 jetliner which carried 200 members of Britain's delegation to the handover ceremonies.</p>
<p>Among those travelling with the prince were Foreign Secretary Robin Cook, former prime minister Edward Heath and former foreign secretary Lord (Geoffrey) Howe.</p>
<p>The prince, representing his mother, head of state Queen Elizabeth, will formally hand back the territory to Chinese President Jiang Zemin. He will then sail home on the royal yacht Britannia with governor Chris Patten.</p>
<p>The prince was driven from the airport to the Britannia, which is anchored in Victoria Harbour, within sight of the futuristic conference centre where the handover will take place.</p>
</text>
<copyright>(c) Reuters Limited 1997</copyright>
<metadata>
<codes class="bip:countries:1.0">
  <code code="CHINA">
    <editdetail attribution="Reuters BIP Coding Group" action="confirmed" date="1997-06-28"/>
  </code>
  <code code="HKONG">
    <editdetail attribution="Reuters BIP Coding Group" action="confirmed" date="1997-06-28"/>
  </code>
  <code code="UK">
    <editdetail attribution="Reuters BIP Coding Group" action="confirmed" date="1997-06-28"/>
  </code>
</codes>
<codes class="bip:topics:1.0">
  <code code="GCAT">
    <editdetail attribution="Reuters BIP Coding Group" action="confirmed" date="1997-06-28"/>
  </code>
  <code code="GDIP">
    <editdetail attribution="Reuters BIP Coding Group" action="confirmed" date="1997-06-28"/>
  </code>
  <code code="GPOL">
    <editdetail attribution="Reuters BIP Coding Group" action="confirmed" date="1997-06-28"/>
  </code>
</codes>
<dc element="dc.date.created" value="1997-06-28"/>
<dc element="dc.publisher" value="Reuters Holdings Plc"/>
<dc element="dc.date.published" value="1997-06-28"/>
<dc element="dc.source" value="Reuters"/>
<dc element="dc.creator.location" value="HONG KONG"/>
<dc element="dc.creator.location.country.name" value="HONG KONG"/>
<dc element="dc.source" value="Reuters"/>
</metadata>
</newsitem>
