<?xml version="1.0" encoding="iso-8859-1" ?>
<newsitem itemid="694469" id="root" date="1997-06-28" xml:lang="en">
<title>HONG KONG: French airport strike grounds Patten's HK pooches.</title>
<headline>French airport strike grounds Patten's HK pooches.</headline>
<dateline>HONG KONG 1997-06-28</dateline>
<text>
<p>Hong Kong's &quot;first dogs&quot;, Whisky and Soda, have been stranded in the territory because of a baggage handlers' strike at Paris airport.</p>
<p>The pet terriers of last colonial Governor Chris Patten were due to fly to his retreat in France on Friday, as the master prepared a family exit on the territory's June 30 handover to China.</p>
<p>But the pair will be packed off late on Sunday instead, a spokesman at Government House said.</p>
<p>&quot;Whisky and Soda were originally scheduled to leave on Friday but there was this strike in the Paris (Charles de Gaulle) airport.</p>
<p>&quot;So they have been rescheduled to leave on Sunday and would arrive on Monday when they would be taken care of,&quot; he said.</p>
<p>Patten and family, together with heir to the throne Prince Charles, will sail out of Hong Kong shortly after midnight June 30, when 156 years of colonial rule ends.</p>
<p>The dogs will arrive ahead of the Pattens at their holiday home in Toulouse, France.</p>
</text>
<copyright>(c) Reuters Limited 1997</copyright>
<metadata>
<codes class="bip:countries:1.0">
  <code code="CHINA">
    <editdetail attribution="Reuters BIP Coding Group" action="confirmed" date="1997-06-28"/>
  </code>
  <code code="FRA">
    <editdetail attribution="Reuters BIP Coding Group" action="confirmed" date="1997-06-28"/>
  </code>
  <code code="HKONG">
    <editdetail attribution="Reuters BIP Coding Group" action="confirmed" date="1997-06-28"/>
  </code>
</codes>
<codes class="bip:industries:1.0">
  <code code="I75000">
    <editdetail attribution="Reuters BIP Coding Group" action="confirmed" date="1997-06-28"/>
  </code>
</codes>
<codes class="bip:topics:1.0">
  <code code="C21">
    <editdetail attribution="Reuters BIP Coding Group" action="confirmed" date="1997-06-28"/>
  </code>
  <code code="C42">
    <editdetail attribution="Reuters BIP Coding Group" action="confirmed" date="1997-06-28"/>
  </code>
  <code code="CCAT">
    <editdetail attribution="Reuters BIP Coding Group" action="confirmed" date="1997-06-28"/>
  </code>
  <code code="E41">
    <editdetail attribution="Reuters BIP Coding Group" action="confirmed" date="1997-06-28"/>
  </code>
  <code code="ECAT">
    <editdetail attribution="Reuters BIP Coding Group" action="confirmed" date="1997-06-28"/>
  </code>
  <code code="GCAT">
    <editdetail attribution="Reuters BIP Coding Group" action="confirmed" date="1997-06-28"/>
  </code>
  <code code="GJOB">
    <editdetail attribution="Reuters BIP Coding Group" action="confirmed" date="1997-06-28"/>
  </code>
</codes>
<dc element="dc.date.created" value="1997-06-28"/>
<dc element="dc.publisher" value="Reuters Holdings Plc"/>
<dc element="dc.date.published" value="1997-06-28"/>
<dc element="dc.source" value="Reuters"/>
<dc element="dc.creator.location" value="HONG KONG"/>
<dc element="dc.creator.location.country.name" value="HONG KONG"/>
<dc element="dc.source" value="Reuters"/>
</metadata>
</newsitem>
