<?xml version="1.0" encoding="iso-8859-1" ?>
<newsitem itemid="694408" id="root" date="1997-06-28" xml:lang="en">
<title>PERU: Peru says 1997 Q1 current account deficit 3.9 pct.</title>
<headline>Peru says 1997 Q1 current account deficit 3.9 pct.</headline>
<dateline>LIMA 1997-06-27</dateline>
<text>
<p>Peru's Central Bank said Friday that the first quarter current account deficit was 3.9 percent of gross domestic product (GDP) versus 4.8 percent in the same period of last year.</p>
<p>The bank added that domestic savings had risen in the same period to the equivalent of 21.2 percent of GDP, from 19.1 percent in the first quarter of 1996.</p>
<p>&quot;The improvement in the domestic savings is based on better tax collection that rose from 12.4 percent to 13.4 percent of GDP in the first quarter of 1996 and 1997 respectively,&quot; the bank said in a statement.</p>
<p>&quot;The results of state companies, whose primary surplus increased from 0.1 percent to 0.8 percent of GDP, also helped,&quot; the statement added.</p>
<p>Total investment rose to 25.1 percent of GDP in the first quarter, from 23.9 percent in the same period last year.</p>
<p>((-- Lima newsroom, 511 221-2134))</p>
</text>
<copyright>(c) Reuters Limited 1997</copyright>
<metadata>
<codes class="bip:countries:1.0">
  <code code="PERU">
    <editdetail attribution="Reuters BIP Coding Group" action="confirmed" date="1997-06-28"/>
  </code>
</codes>
<codes class="bip:topics:1.0">
  <code code="E51">
    <editdetail attribution="Reuters BIP Coding Group" action="confirmed" date="1997-06-28"/>
  </code>
  <code code="E511">
    <editdetail attribution="Reuters BIP Coding Group" action="confirmed" date="1997-06-28"/>
  </code>
  <code code="E512">
    <editdetail attribution="Reuters BIP Coding Group" action="confirmed" date="1997-06-28"/>
  </code>
  <code code="ECAT">
    <editdetail attribution="Reuters BIP Coding Group" action="confirmed" date="1997-06-28"/>
  </code>
</codes>
<dc element="dc.date.created" value="1997-06-27"/>
<dc element="dc.publisher" value="Reuters Holdings Plc"/>
<dc element="dc.date.published" value="1997-06-28"/>
<dc element="dc.source" value="Reuters"/>
<dc element="dc.creator.location" value="LIMA"/>
<dc element="dc.creator.location.country.name" value="PERU"/>
<dc element="dc.source" value="Reuters"/>
</metadata>
</newsitem>
