<?xml version="1.0" encoding="iso-8859-1" ?>
<newsitem itemid="694414" id="root" date="1997-06-28" xml:lang="en">
<title>HONG KONG: Cook, Thatcher chide China on PLA.</title>
<headline>Cook, Thatcher chide China on PLA.</headline>
<dateline>HONG KONG 1997-06-28</dateline>
<text>
<p>British Foreign Secretary Robin Cook flew into Hong Kong on Saturday and scolded China for its plan to send a big military force with armoured cars into the territory just hours after Monday night's handover.</p>
<p>Former British prime minister Margaret Thatcher, who signed the treaty that gives Hong Kong back to China, added her voice, telling Beijing not to rekindle memories of the bloody 1989 anti-democracy crackdown around Tiananmen Square.</p>
<p>Cook also warned China to live up to its pledges to preserve Hong Kong's freedoms and way of life or face the prospect of Britain taking the matter to the United Nations.</p>
<p>He intended to tell Chinese Foreign Minister Qian Qichen and future Hong Kong leader Tung Chee-hwa the most important thing about the transfer was how Hong Kong fares over the next half century, China having promised to leave its way of life intact.</p>
<p>Cook arrived in Hong Kong with heir to the throne Prince Charles ready for a gala handover ceremony to end 156 years of colonial rule.</p>
<p>Two days away from the historic event, Britain and China are locking horns over China's plan to send 4,000 troops into Hong Kong with armoured personnel carriers at dawn on Tuesday.</p>
<p>Cook acknowledged that the 1984 Sino-British treaty on the handover gave China the right to move troops into the territory.</p>
<p>&quot;The Joint Declaration does give China the right to position troops of the PLA in Hong Kong,&quot; he said in an arrival statement.</p>
<p>But he added: &quot;We regret the scale at which the initial deployment is being made and in particular we regard the provision of armoured personnel carriers as unecessary and inappropriate.&quot;</p>
<p>&quot;But much more important for local people are the 50 years for which the terms of the Joint Declaration will remain in force,&quot; Cook said.</p>
<p>Britain was determined, he said, that throughout that period &quot;the people of Hong Kong will continue to enjoy the two key benefits which Britain leaves in place on June 30&quot;.</p>
<p>These were prosperity and &quot;the freedoms of Hong Kong which enable its residents to enjoy free speech, civil liberty and democratic elections&quot;.</p>
<p>In a later interview with government-run Hong Kong radio, he reminded China the 1984 accord had the status of an international treaty which was registered at the United Nations.</p>
<p>&quot;It remains open to Britain to raise it (allegations of treaty violations) at the UN if at any time it felt there were grounds to do so,&quot; he told the station. Thatcher, who is also in Hong Kong, said it was not the size of the troop deployment that mattered, but the style.</p>
<p>&quot;The 4,000 seem to be coming in with armoured personnel carriers and that is very unwise. After all, it was that kind of carrier that was, I believe, used in Tiananmen Square.</p>
<p>&quot;It's not only they are coming in, it's more the manner in which they are doing it and what the manner reveals is, I'm afraid, that people in the Communist government are not as sensitive about the people as they should be,&quot; Thatcher said.</p>
<p>Hong Kong's Financial Secretary Sir Donald Tsang said how the army behaved in the territory in future was far more important than how they would arrive on July 1.</p>
<p>&quot;While the manner in which it's arriving is important, I think...the most important thing is how the PLA behaves in Hong Kong,&quot; Tsang said.</p>
<p>&quot;Whether they are going to abide by the laws of Hong Kong is far more important than considering how, where exactly it will be deployed,&quot; Tsang said on government-funded radio.</p>
</text>
<copyright>(c) Reuters Limited 1997</copyright>
<metadata>
<codes class="bip:countries:1.0">
  <code code="CHINA">
    <editdetail attribution="Reuters BIP Coding Group" action="confirmed" date="1997-06-28"/>
  </code>
  <code code="HKONG">
    <editdetail attribution="Reuters BIP Coding Group" action="confirmed" date="1997-06-28"/>
  </code>
  <code code="UK">
    <editdetail attribution="Reuters BIP Coding Group" action="confirmed" date="1997-06-28"/>
  </code>
</codes>
<codes class="bip:topics:1.0">
  <code code="GCAT">
    <editdetail attribution="Reuters BIP Coding Group" action="confirmed" date="1997-06-28"/>
  </code>
  <code code="GDEF">
    <editdetail attribution="Reuters BIP Coding Group" action="confirmed" date="1997-06-28"/>
  </code>
  <code code="GDIP">
    <editdetail attribution="Reuters BIP Coding Group" action="confirmed" date="1997-06-28"/>
  </code>
  <code code="GPOL">
    <editdetail attribution="Reuters BIP Coding Group" action="confirmed" date="1997-06-28"/>
  </code>
</codes>
<dc element="dc.date.created" value="1997-06-28"/>
<dc element="dc.publisher" value="Reuters Holdings Plc"/>
<dc element="dc.date.published" value="1997-06-28"/>
<dc element="dc.source" value="Reuters"/>
<dc element="dc.creator.location" value="HONG KONG"/>
<dc element="dc.creator.location.country.name" value="HONG KONG"/>
<dc element="dc.source" value="Reuters"/>
</metadata>
</newsitem>
