<?xml version="1.0" encoding="iso-8859-1" ?>
<newsitem itemid="694587" id="root" date="1997-06-28" xml:lang="en">
<title>SWITZERLAND: Clariant to decide later on dyestuffs.</title>
<headline>Clariant to decide later on dyestuffs.</headline>
<dateline>ZURICH 1997-06-28</dateline>
<text>
<p>Swiss specialty chemicals maker Clariant AG told a newspaper it expected to decide later this year &quot;what will happen&quot; with its textile dyestuff business, which Germany's DyStar GmbH has said it was interested in.</p>
<p>The Swiss business bi-weekly Finanz und Wirtschaft quoted Clariant chairman Rolf Schweizer as saying his group was generally interested in actively managing its portfolio of business areas.</p>
<p>&quot;A swap, sale or acquisition of particular product lines is always possible if it serves the goals we have set,&quot; he said in an interview.</p>
<p>&quot;DyStar has in fact shown interest in our textile dyestuff business, as other competitors have also done,&quot; Schweizer said.</p>
<p>&quot;We will probably decide in the second half of the year what will happen with our dyestuff business,&quot; he added without elaborating.</p>
<p>DyStar said on May 27 it would be interested in obtaining the textile dyestuff business from Clariant but that it was not in a position to make a decision.</p>
<p>&quot;We are interested, but the decision making process rests with someone else,&quot; DyStar general manager Alfred Rad told a news conference.</p>
<p>DyStar, the world's leading textile dyestuff company, is jointly owned by German chemical giants Bayer AG and Hoechst AG.</p>
<p>It was thrust into a difficult position when Hoechst last December announced it was taking a 45 percent stake in DyStar's competitor Clariant as partial payment for selling Hoechst Speciality Chemicals to the Swiss group.</p>
<p>-- Zurich Newsroom, +41-1-631 7340</p>
</text>
<copyright>(c) Reuters Limited 1997</copyright>
<metadata>
<codes class="bip:countries:1.0">
  <code code="GFR">
    <editdetail attribution="Reuters BIP Coding Group" action="confirmed" date="1997-06-28"/>
  </code>
  <code code="SWITZ">
    <editdetail attribution="Reuters BIP Coding Group" action="confirmed" date="1997-06-28"/>
  </code>
</codes>
<codes class="bip:industries:1.0">
  <code code="I25000">
    <editdetail attribution="Reuters BIP Coding Group" action="confirmed" date="1997-06-28"/>
  </code>
  <code code="I25160">
    <editdetail attribution="Reuters BIP Coding Group" action="confirmed" date="1997-06-28"/>
  </code>
</codes>
<codes class="bip:topics:1.0">
  <code code="C11">
    <editdetail attribution="Reuters BIP Coding Group" action="confirmed" date="1997-06-28"/>
  </code>
  <code code="C18">
    <editdetail attribution="Reuters BIP Coding Group" action="confirmed" date="1997-06-28"/>
  </code>
  <code code="C181">
    <editdetail attribution="Reuters BIP Coding Group" action="confirmed" date="1997-06-28"/>
  </code>
  <code code="CCAT">
    <editdetail attribution="Reuters BIP Coding Group" action="confirmed" date="1997-06-28"/>
  </code>
</codes>
<dc element="dc.date.created" value="1997-06-28"/>
<dc element="dc.publisher" value="Reuters Holdings Plc"/>
<dc element="dc.date.published" value="1997-06-28"/>
<dc element="dc.source" value="Reuters"/>
<dc element="dc.creator.location" value="ZURICH"/>
<dc element="dc.creator.location.country.name" value="SWITZERLAND"/>
<dc element="dc.source" value="Reuters"/>
</metadata>
</newsitem>
