<?xml version="1.0" encoding="iso-8859-1" ?>
<newsitem itemid="694589" id="root" date="1997-06-28" xml:lang="en">
<title>GERMANY: Waigel say France still wants to meet EMU deficit.</title>
<headline>Waigel say France still wants to meet EMU deficit.</headline>
<dateline>GUNZENHAUSEN, Germany 1997-06-28</dateline>
<text>
<p>German Finance Minister Theo Waigel said on Saturday that France still wanted to try to cut its budget deficit to conform with the Maastricht treaty on monetary union.  </p>
<p>Waigel was speaking at a meeting of his Christian Social Union (CSU) party a day after his French counterpart Dominique Strauss-Kahn said that France's deficit would probably exceed three percent of gross domestic product this year.</p>
<p>&quot;Strauss-Kahn said France would stick to the criteria. This statement is important,&quot; Waigel said.</p>
<p>The Maastricht treat sets a number of fiscal targets including limits on budget deficits which will be used to determine which European Union members qualify to join monetary union when it starts on January 1, 1999.</p>
<p>-- Bonn Newsroom, 49 228 26097 150</p>
</text>
<copyright>(c) Reuters Limited 1997</copyright>
<metadata>
<codes class="bip:countries:1.0">
  <code code="EEC">
    <editdetail attribution="Reuters BIP Coding Group" action="confirmed" date="1997-06-28"/>
  </code>
  <code code="FRA">
    <editdetail attribution="Reuters BIP Coding Group" action="confirmed" date="1997-06-28"/>
  </code>
  <code code="GFR">
    <editdetail attribution="Reuters BIP Coding Group" action="confirmed" date="1997-06-28"/>
  </code>
</codes>
<codes class="bip:topics:1.0">
  <code code="E12">
    <editdetail attribution="Reuters BIP Coding Group" action="confirmed" date="1997-06-28"/>
  </code>
  <code code="E21">
    <editdetail attribution="Reuters BIP Coding Group" action="confirmed" date="1997-06-28"/>
  </code>
  <code code="E211">
    <editdetail attribution="Reuters BIP Coding Group" action="confirmed" date="1997-06-28"/>
  </code>
  <code code="ECAT">
    <editdetail attribution="Reuters BIP Coding Group" action="confirmed" date="1997-06-28"/>
  </code>
  <code code="G15">
    <editdetail attribution="Reuters BIP Coding Group" action="confirmed" date="1997-06-28"/>
  </code>
  <code code="G151">
    <editdetail attribution="Reuters BIP Coding Group" action="confirmed" date="1997-06-28"/>
  </code>
  <code code="G154">
    <editdetail attribution="Reuters BIP Coding Group" action="confirmed" date="1997-06-28"/>
  </code>
  <code code="GCAT">
    <editdetail attribution="Reuters BIP Coding Group" action="confirmed" date="1997-06-28"/>
  </code>
</codes>
<dc element="dc.date.created" value="1997-06-28"/>
<dc element="dc.publisher" value="Reuters Holdings Plc"/>
<dc element="dc.date.published" value="1997-06-28"/>
<dc element="dc.source" value="Reuters"/>
<dc element="dc.creator.location" value="GUNZENHAUSEN, Germany"/>
<dc element="dc.creator.location.country.name" value="GERMANY"/>
<dc element="dc.source" value="Reuters"/>
</metadata>
</newsitem>
