<?xml version="1.0" encoding="iso-8859-1" ?>
<newsitem itemid="694566" id="root" date="1997-06-28" xml:lang="en">
<title>ITALY: Details of third tranche sale of Eni shares.</title>
<headline>Details of third tranche sale of Eni shares.</headline>
<dateline>ROME 1997-06-28</dateline>
<text>
<p>The Italian Treasury on Saturday completed the biggest placement of shares in its history, with the third tranche offer of stock in energy group Eni.</p>
<p>Here are details of the sale:</p>
<p>-- 858 million shares sold to retail investors in Italy, including 68 million shares for Eni employees.</p>
<p>-- Retail investors pay 9,288 lire per share, a three percent discount on Eni's closing price on the Milan bourse on Friday. Eni employees pay 9,192 lire, a four percent discount.</p>
<p>-- 407 million shares sold to institutions, of which:</p>
<p>	     Italian institutions get 109 million.</p>
<p>	     U.S. and Canadians institutions get 136 million.</p>
<p>	     British investors get 90 million.</p>
<p>	     Institutions in the rest of the world get 72</p>
<p>	     million.</p>
<p>-- In addition, 143 million shares, or 11.3 percent of the global placement, will be offered to the institutional investors under the terms of the greenshoe over-allotment clause.</p>
<p>-- Institutions will pay 9,575 lire per share -- Eni's closing price on Friday.</p>
<p>-- If all the greenshoe is taken up, the Treasury will make 13.3 trillion lire from the sale. If none is taken up, the Treasury will have raised 11.9 trillion lire.</p>
<p>-- The Treasury can offer a fourth tranche in Eni six months after the closure of the third tranche sale.</p>
<p>-- Rome newsroom +396 6782501</p>
</text>
<copyright>(c) Reuters Limited 1997</copyright>
<metadata>
<codes class="bip:countries:1.0">
  <code code="ITALY">
    <editdetail attribution="Reuters BIP Coding Group" action="confirmed" date="1997-06-28"/>
  </code>
</codes>
<codes class="bip:industries:1.0">
  <code code="I13000">
    <editdetail attribution="Reuters BIP Coding Group" action="confirmed" date="1997-06-28"/>
  </code>
</codes>
<codes class="bip:topics:1.0">
  <code code="C17">
    <editdetail attribution="Reuters BIP Coding Group" action="confirmed" date="1997-06-28"/>
  </code>
  <code code="C171">
    <editdetail attribution="Reuters BIP Coding Group" action="confirmed" date="1997-06-28"/>
  </code>
  <code code="C18">
    <editdetail attribution="Reuters BIP Coding Group" action="confirmed" date="1997-06-28"/>
  </code>
  <code code="C183">
    <editdetail attribution="Reuters BIP Coding Group" action="confirmed" date="1997-06-28"/>
  </code>
  <code code="CCAT">
    <editdetail attribution="Reuters BIP Coding Group" action="confirmed" date="1997-06-28"/>
  </code>
</codes>
<dc element="dc.date.created" value="1997-06-28"/>
<dc element="dc.publisher" value="Reuters Holdings Plc"/>
<dc element="dc.date.published" value="1997-06-28"/>
<dc element="dc.source" value="Reuters"/>
<dc element="dc.creator.location" value="ROME"/>
<dc element="dc.creator.location.country.name" value="ITALY"/>
<dc element="dc.source" value="Reuters"/>
</metadata>
</newsitem>
