<?xml version="1.0" encoding="iso-8859-1" ?>
<newsitem itemid="694504" id="root" date="1997-06-28" xml:lang="en">
<title>LEBANON: Israeli soldier wounded in Lebanon shelling.</title>
<headline>Israeli soldier wounded in Lebanon shelling.</headline>
<dateline>MARJAYOUN, Lebanon 1997-06-28</dateline>
<text>
<p>An Israeli soldier was slightly wounded on Saturday night when his outpost in southern Lebanon was shelled, pro-Israeli militia sources said.</p>
<p>In Beirut, the pro-Iranian Hizbollah (Party of God) said its guerrillas carried out the attack.</p>
<p>&quot;This was a routine operation against the Zionists. It was an attack against a Zionist unit moving near there,&quot; a Hizbollah spokesman said.</p>
<p>The pro-Israeli militia sources said the attack took place at the outpost of Sojoud on the edge of Israel's south Lebanon occupation zone and was followed by retaliatory Israeli shelling.</p>
<p>Hizbollah guerrillas are fighting to oust Israeli troops and their local militia allies from a 15-km (nine miles)-wide border zone they hold in south Lebanon.</p>
<p>Israel has held the border strip since its first invasion of Lebanon in 1978. It set the current boundaries of the zone in 1985 after withdrawing the bulk of its forces following a second invasion in 1982.</p>
</text>
<copyright>(c) Reuters Limited 1997</copyright>
<metadata>
<codes class="bip:countries:1.0">
  <code code="ISRAEL">
    <editdetail attribution="Reuters BIP Coding Group" action="confirmed" date="1997-06-28"/>
  </code>
  <code code="LEBAN">
    <editdetail attribution="Reuters BIP Coding Group" action="confirmed" date="1997-06-28"/>
  </code>
</codes>
<codes class="bip:topics:1.0">
  <code code="GCAT">
    <editdetail attribution="Reuters BIP Coding Group" action="confirmed" date="1997-06-28"/>
  </code>
  <code code="GVIO">
    <editdetail attribution="Reuters BIP Coding Group" action="confirmed" date="1997-06-28"/>
  </code>
</codes>
<dc element="dc.date.created" value="1997-06-28"/>
<dc element="dc.publisher" value="Reuters Holdings Plc"/>
<dc element="dc.date.published" value="1997-06-28"/>
<dc element="dc.source" value="Reuters"/>
<dc element="dc.creator.location" value="MARJAYOUN, Lebanon"/>
<dc element="dc.creator.location.country.name" value="LEBANON"/>
<dc element="dc.source" value="Reuters"/>
</metadata>
</newsitem>
