<?xml version="1.0" encoding="iso-8859-1" ?>
<newsitem itemid="694523" id="root" date="1997-06-28" xml:lang="en">
<title>TUNISIA: Jordan PM supports Middle East economic summit.</title>
<headline>Jordan PM supports Middle East economic summit.</headline>
<dateline>TUNIS 1997-06-28</dateline>
<text>
<p>Jordan's Prime Minister Abdul-Salam al-Majali on Saturday vowed support to a planned Middle East and North Africa economic summit in November to be attended by Israel despite criticism from several Arab countries.</p>
<p>&quot;By attending, we will be able to promote our rights particularly on the economic, water and refugees issues,&quot; Majali told a press conference at the end of a three-day visit to Tunisia.</p>
<p>Qatar plans to hold the summit, part of the Middle East peace multilateral talks, but the move was criticised by several Arab countries who promote the boycott because of the freeze in Israeli-PLO peacemaking following Israel's groundbreaking in March on a new Jewish settlement in Arab east Jerusalem.</p>
<p>Syria, Egypt and six Gulf Arab states meeting in the Syrian resort of Latakia on Thursday made an indirect criticism of Qatar's plan to hold the summit.</p>
</text>
<copyright>(c) Reuters Limited 1997</copyright>
<metadata>
<codes class="bip:countries:1.0">
  <code code="ISRAEL">
    <editdetail attribution="Reuters BIP Coding Group" action="confirmed" date="1997-06-28"/>
  </code>
  <code code="JORDAN">
    <editdetail attribution="Reuters BIP Coding Group" action="confirmed" date="1997-06-28"/>
  </code>
  <code code="TUNIS">
    <editdetail attribution="Reuters BIP Coding Group" action="confirmed" date="1997-06-28"/>
  </code>
</codes>
<codes class="bip:topics:1.0">
  <code code="GCAT">
    <editdetail attribution="Reuters BIP Coding Group" action="confirmed" date="1997-06-28"/>
  </code>
  <code code="GDIP">
    <editdetail attribution="Reuters BIP Coding Group" action="confirmed" date="1997-06-28"/>
  </code>
</codes>
<dc element="dc.date.created" value="1997-06-28"/>
<dc element="dc.publisher" value="Reuters Holdings Plc"/>
<dc element="dc.date.published" value="1997-06-28"/>
<dc element="dc.source" value="Reuters"/>
<dc element="dc.creator.location" value="TUNIS"/>
<dc element="dc.creator.location.country.name" value="TUNISIA"/>
<dc element="dc.source" value="Reuters"/>
</metadata>
</newsitem>
