<?xml version="1.0" encoding="iso-8859-1" ?>
<newsitem itemid="694594" id="root" date="1997-06-28" xml:lang="en">
<title>FRANCE: PRESS DIGEST - Algeria - June 28.</title>
<headline>PRESS DIGEST - Algeria - June 28.</headline>
<dateline>PARIS 1997-06-28</dateline>
<text>
<p>These are the leading stories in the Algerian press on Saturday. Reuters has not verified these stories and does not vouch for their accuracy.</p>
<p>EL WATAN</p>
<p>- &quot;Terrorists&quot; kill 22 people in a village near Medea, 70 km (45 miles) south of Algiers on Thursday night. Among the dead were women and children and a whole family of nine. &quot;Terrorists&quot; cut the throats of six peasants on Wednesday night in Tipaza, west of Algiers.</p>
<p>- Air Algerie launches tenders to lease nine planes.</p>
<p>- Club Sportif of Constantine wins Algeria's soccer championship.</p>
<p>L'AUTHENTIQUE</p>
<p>- Fifth anniversary of the murder of president Mohamed Boudiaf.</p>
<p>- President Liamine Zeroual proposes October 2 as a tentative date for the local elections.</p>
<p>AL CHAAB</p>
<p>- Three political parties form a coalition government to implement one programme.</p>
<p>AL ALAM ASSIASSI</p>
<p>- Zeroual proposes October 2 as date for the local poll but the National Liberation Front favours November instead.</p>
</text>
<copyright>(c) Reuters Limited 1997</copyright>
<metadata>
<codes class="bip:countries:1.0">
  <code code="ALG">
    <editdetail attribution="Reuters BIP Coding Group" action="confirmed" date="1997-06-28"/>
  </code>
</codes>
<codes class="bip:topics:1.0">
  <code code="GCAT">
    <editdetail attribution="Reuters BIP Coding Group" action="confirmed" date="1997-06-28"/>
  </code>
</codes>
<dc element="dc.date.created" value="1997-06-28"/>
<dc element="dc.publisher" value="Reuters Holdings Plc"/>
<dc element="dc.date.published" value="1997-06-28"/>
<dc element="dc.source" value="Reuters"/>
<dc element="dc.creator.location" value="PARIS"/>
<dc element="dc.creator.location.country.name" value="FRANCE"/>
<dc element="dc.source" value="Reuters"/>
</metadata>
</newsitem>
