<?xml version="1.0" encoding="iso-8859-1" ?>
<newsitem itemid="694610" id="root" date="1997-06-28" xml:lang="en">
<title>PAKISTAN: Pakistan to auction six-month maturity bonds.</title>
<headline>Pakistan to auction six-month maturity bonds.</headline>
<dateline>KARACHI, Pakistan 1997-06-28</dateline>
<text>
<p>The State (central) Bank of Pakistan said on Saturday it had invited bids to be submitted by Wednesday for six-month short-term federal bonds.</p>
<p>It said the auction result would be announced on Thursday with settlement set for the same day. The central bank set a pre-auction target of 2.1 billion rupees, but reserved the right to reject bids without giving any reason.</p>
<p>In the last auction on June 24, bids worth 25.336 billion rupees were accepted at a weighted average yield of 16.0525 percent a year.</p>
<p>($1=40.56) -- Amir Zia 9221-5685192</p>
</text>
<copyright>(c) Reuters Limited 1997</copyright>
<metadata>
<codes class="bip:countries:1.0">
  <code code="PAKIS">
    <editdetail attribution="Reuters BIP Coding Group" action="confirmed" date="1997-06-28"/>
  </code>
</codes>
<codes class="bip:topics:1.0">
  <code code="E21">
    <editdetail attribution="Reuters BIP Coding Group" action="confirmed" date="1997-06-28"/>
  </code>
  <code code="E212">
    <editdetail attribution="Reuters BIP Coding Group" action="confirmed" date="1997-06-28"/>
  </code>
  <code code="ECAT">
    <editdetail attribution="Reuters BIP Coding Group" action="confirmed" date="1997-06-28"/>
  </code>
  <code code="M12">
    <editdetail attribution="Reuters BIP Coding Group" action="confirmed" date="1997-06-28"/>
  </code>
  <code code="MCAT">
    <editdetail attribution="Reuters BIP Coding Group" action="confirmed" date="1997-06-28"/>
  </code>
</codes>
<dc element="dc.date.created" value="1997-06-28"/>
<dc element="dc.publisher" value="Reuters Holdings Plc"/>
<dc element="dc.date.published" value="1997-06-28"/>
<dc element="dc.source" value="Reuters"/>
<dc element="dc.creator.location" value="KARACHI, Pakistan"/>
<dc element="dc.creator.location.country.name" value="PAKISTAN"/>
<dc element="dc.source" value="Reuters"/>
</metadata>
</newsitem>
