<?xml version="1.0" encoding="iso-8859-1" ?>
<newsitem itemid="694614" id="root" date="1997-06-28" xml:lang="en">
<title>INDIA: India Finolex Ind 1996/97 net down.</title>
<headline>India Finolex Ind 1996/97 net down.</headline>
<dateline>BOMBAY 1997-06-28</dateline>
<text>
<p>Year to March 31, 1997.</p>
<p>	     (in million rupees unless stated)</p>
<p>    Net profit		209.81	vs	364.27</p>
<p>    Net sales	     5,767.84	vs    5,517.64</p>
<p>    Other income	     74.50	vs	 81.74</p>
<p>    Expenditure	   4,715.96	vs    4,384.82</p>
<p>    Interest		  552.93	vs	522.31</p>
<p>    Depreciation	    332.10	vs	324.60</p>
<p>    Tax			  31.60	vs	  0.60</p>
<p>Note: India's Finolex Industries Ltd said its profits had been affected mainly on account of steep increase in raw material prices and higher interest costs.</p>
<p>-- Bombay equities desk +91-22-265 9000</p>
</text>
<copyright>(c) Reuters Limited 1997</copyright>
<metadata>
<codes class="bip:countries:1.0">
  <code code="INDIA">
    <editdetail attribution="Reuters BIP Coding Group" action="confirmed" date="1997-06-28"/>
  </code>
</codes>
<codes class="bip:topics:1.0">
  <code code="C15">
    <editdetail attribution="Reuters BIP Coding Group" action="confirmed" date="1997-06-28"/>
  </code>
  <code code="C151">
    <editdetail attribution="Reuters BIP Coding Group" action="confirmed" date="1997-06-28"/>
  </code>
  <code code="C1511">
    <editdetail attribution="Reuters BIP Coding Group" action="confirmed" date="1997-06-28"/>
  </code>
  <code code="CCAT">
    <editdetail attribution="Reuters BIP Coding Group" action="confirmed" date="1997-06-28"/>
  </code>
</codes>
<dc element="dc.date.created" value="1997-06-28"/>
<dc element="dc.publisher" value="Reuters Holdings Plc"/>
<dc element="dc.date.published" value="1997-06-28"/>
<dc element="dc.source" value="Reuters"/>
<dc element="dc.creator.location" value="BOMBAY"/>
<dc element="dc.creator.location.country.name" value="INDIA"/>
<dc element="dc.source" value="Reuters"/>
</metadata>
</newsitem>
