<?xml version="1.0" encoding="iso-8859-1" ?>
<newsitem itemid="694625" id="root" date="1997-06-28" xml:lang="en">
<title>PAKISTAN: Pakistan vegoil rates seen down on low demand.</title>
<headline>Pakistan vegoil rates seen down on low demand.</headline>
<dateline>KARACHI, Pakistan 1997-06-28</dateline>
<text>
<p>Pakistani vegetable oil rates are likely to slip next week on low domestic demand and depressed international prices, dealers said on Saturday.</p>
<p>&quot;During summer, vegoil demand usually drops,&quot; dealer Amir Chattha of Saulat Enterprises said. &quot;Vegoil rates are also under pressure in the international market.&quot;</p>
<p>Dealer Mohammad Kamran said sellers were unloading stocks to square their positions before the end of fiscal 1996/97 (July-June). &quot;But in July, domestic prices could rise slightly.&quot;</p>
<p>Three ships with around 24,800 tonnes of vegoil are due in the next couple of days, while 182,000 tonnes of unsold stocks are available in the market, dealers said.</p>
<p>Local vegoil production is expected to rise in 1997/98. &quot;Sunflower oil supplies have already started, while cotton seed and canola oil will start coming by August,&quot; Chattha said.</p>
<p>Vegoil stocks rose to around 182,000 tonnes from 157,000 tonnes on June 21.</p>
<p>Saulat Enterprises estimates of stock position in tonnes:</p>
<p>					     Saturday     June 21</p>
<p>    RBD palm oil/olein		 125,000	 95,000</p>
<p>    Soyoil/sunflower oil		57,000	 62,000</p>
<p>---------------------------------------------------</p>
<p>Indicative prices C&amp;F Karachi for July shipment:</p>
<p>					     Saturday	June 21</p>
<p>    RBD palm oil			 $537	    $535</p>
<p>    Soyoil				 $560	    $565</p>
<p>---------------------------------------------------</p>
<p>Local prices in rupees per maund (37.32 kg):</p>
<p>					     Saturday	June 21</p>
<p>    Palm oil (at Karachi)	    1,245	   1,245</p>
<p>    Palm oil (at Port Qasim)	 1,195	   1,220</p>
<p>    Soyoil (Karachi)		   1,185	   1,212</p>
<p>    Soyoil (Port Qasim)		1,195	   1,200</p>
<p>    Sunflower oil			N.A.	    1,122</p>
<p>    Rapeseed oil			 N.A.	    1,240</p>
<p>---------------------------------------------------</p>
<p>Shipping movements and expected time of arrival (ETA):</p>
<p>    Commodity   Tonnes (Approx)  Vessel	    Due</p>
<p>========================================================</p>
<p>    Palm oil     6,000	     Wawasan Murni   due</p>
<p>    Soyoil	10,850	     C.D. Millano    due</p>
<p>    Palm oil     8,000	     Jian She-36     29/6</p>
<p>--------------------------------------------------------------</p>
<p>($1 = 40.56 rupees) -- Amir Zia 9221-5685192</p>
</text>
<copyright>(c) Reuters Limited 1997</copyright>
<metadata>
<codes class="bip:countries:1.0">
  <code code="PAKIS">
    <editdetail attribution="Reuters BIP Coding Group" action="confirmed" date="1997-06-28"/>
  </code>
</codes>
<codes class="bip:topics:1.0">
  <code code="M14">
    <editdetail attribution="Reuters BIP Coding Group" action="confirmed" date="1997-06-28"/>
  </code>
  <code code="M141">
    <editdetail attribution="Reuters BIP Coding Group" action="confirmed" date="1997-06-28"/>
  </code>
  <code code="MCAT">
    <editdetail attribution="Reuters BIP Coding Group" action="confirmed" date="1997-06-28"/>
  </code>
</codes>
<dc element="dc.date.created" value="1997-06-28"/>
<dc element="dc.publisher" value="Reuters Holdings Plc"/>
<dc element="dc.date.published" value="1997-06-28"/>
<dc element="dc.source" value="Reuters"/>
<dc element="dc.creator.location" value="KARACHI, Pakistan"/>
<dc element="dc.creator.location.country.name" value="PAKISTAN"/>
<dc element="dc.source" value="Reuters"/>
</metadata>
</newsitem>
