<?xml version="1.0" encoding="iso-8859-1" ?>
<newsitem itemid="694620" id="root" date="1997-06-28" xml:lang="en">
<title>INDIA: India rupee convertibility linked to trade deficit.</title>
<headline>India rupee convertibility linked to trade deficit.</headline>
<dateline>NEW DELHI 1997-06-28</dateline>
<text>
<p>India will not make the rupee fully convertible until its trade deficit turns into a surplus, the country's commerce minister told the Press Trust of India (PTI) on Saturday.</p>
<p>People are talking about full convertibility, but I do not think it is feasible as we recorded a trade deficit of about $ 5 billion,&quot; the news agency quoted B.B. Ramaiah as saying.</p>
<p>PTI said that the minister wanted India to start generating trade surpluses first.</p>
<p>It added that Ramaiah disfavoured devaluation of the rupee in favour of exporters, stating that a downward adjustment would significantly raise import bills for oil, fertilisers and other essential commodities.</p>
<p>The minister expressed concern over India's export performance, saying that while India was exporting wheat, sugar and edible oils, it had become an importer of foodgrains, PTI said.</p>
<p>The commerce minister's comments come weeks after India's central bank, the Reserve Bank of India released a report recommending convertibility by 2000.</p>
<p>-- New Delhi newsroom +91 11 301 2024</p>
</text>
<copyright>(c) Reuters Limited 1997</copyright>
<metadata>
<codes class="bip:countries:1.0">
  <code code="INDIA">
    <editdetail attribution="Reuters BIP Coding Group" action="confirmed" date="1997-06-28"/>
  </code>
</codes>
<codes class="bip:topics:1.0">
  <code code="E12">
    <editdetail attribution="Reuters BIP Coding Group" action="confirmed" date="1997-06-28"/>
  </code>
  <code code="E51">
    <editdetail attribution="Reuters BIP Coding Group" action="confirmed" date="1997-06-28"/>
  </code>
  <code code="E512">
    <editdetail attribution="Reuters BIP Coding Group" action="confirmed" date="1997-06-28"/>
  </code>
  <code code="ECAT">
    <editdetail attribution="Reuters BIP Coding Group" action="confirmed" date="1997-06-28"/>
  </code>
  <code code="M13">
    <editdetail attribution="Reuters BIP Coding Group" action="confirmed" date="1997-06-28"/>
  </code>
  <code code="M132">
    <editdetail attribution="Reuters BIP Coding Group" action="confirmed" date="1997-06-28"/>
  </code>
  <code code="MCAT">
    <editdetail attribution="Reuters BIP Coding Group" action="confirmed" date="1997-06-28"/>
  </code>
</codes>
<dc element="dc.date.created" value="1997-06-28"/>
<dc element="dc.publisher" value="Reuters Holdings Plc"/>
<dc element="dc.date.published" value="1997-06-28"/>
<dc element="dc.source" value="Reuters"/>
<dc element="dc.creator.location" value="NEW DELHI"/>
<dc element="dc.creator.location.country.name" value="INDIA"/>
<dc element="dc.source" value="Reuters"/>
</metadata>
</newsitem>
