<?xml version="1.0" encoding="iso-8859-1" ?>
<newsitem itemid="694615" id="root" date="1997-06-28" xml:lang="en">
<title>PAKISTAN: Two wounded in Karachi explosion.</title>
<headline>Two wounded in Karachi explosion.</headline>
<dateline>KARACHI, Pakistan 1997-06-28</dateline>
<text>
<p>At least two people were wounded on Saturday in a blast in Pakistan's port city of Karachi, ambulance officials said.</p>
<p>An official of the Edhi Ambulance Service said the explosion occurred in the eastern Landhi area of Karachi.</p>
<p>No details were immediately available.</p>
<p>More than 120 people have been killed in political and sectarian violence in Karachi this year, compared to 500 in 1996 and more than 2,000 in 1995.</p>
</text>
<copyright>(c) Reuters Limited 1997</copyright>
<metadata>
<codes class="bip:countries:1.0">
  <code code="PAKIS">
    <editdetail attribution="Reuters BIP Coding Group" action="confirmed" date="1997-06-28"/>
  </code>
</codes>
<codes class="bip:topics:1.0">
  <code code="GCAT">
    <editdetail attribution="Reuters BIP Coding Group" action="confirmed" date="1997-06-28"/>
  </code>
  <code code="GDIS">
    <editdetail attribution="Reuters BIP Coding Group" action="confirmed" date="1997-06-28"/>
  </code>
  <code code="GVIO">
    <editdetail attribution="Reuters BIP Coding Group" action="confirmed" date="1997-06-28"/>
  </code>
</codes>
<dc element="dc.date.created" value="1997-06-28"/>
<dc element="dc.publisher" value="Reuters Holdings Plc"/>
<dc element="dc.date.published" value="1997-06-28"/>
<dc element="dc.source" value="Reuters"/>
<dc element="dc.creator.location" value="KARACHI, Pakistan"/>
<dc element="dc.creator.location.country.name" value="PAKISTAN"/>
<dc element="dc.source" value="Reuters"/>
</metadata>
</newsitem>
