<?xml version="1.0" encoding="iso-8859-1" ?>
<newsitem itemid="774346" id="root" date="1997-08-03" xml:lang="en">
<title>UK: PRESS DIGEST - LONDON-BASED ARAB NEWSPAPERS - AUG 3.</title>
<headline>PRESS DIGEST - LONDON-BASED ARAB NEWSPAPERS - AUG 3.</headline>
<dateline>LONDON 1997-08-03</dateline>
<text>
<p>These are some of the leading stories in two London-based Arabic-language newspapers on Sunday. Reuters has not verified these stories and does not vouch for their accuracy.</p>
<p>AL-HAYAT</p>
<p>- U.S. mediator to visit Israel and self-ruled Palestinian areas this week.</p>
<p>- Turkey sacks officers accused of joining Hizbollah.</p>
<p>- World Bank extends Egypt $300 million agricultural loan.</p>
<p>- Egyptian-Lebanese higher committee to meet on Thursday for talks on setting up a free trade zone.</p>
<p>ASHARQ AL-AWSAT</p>
<p>- Palestinian President Arafat says Israeli Prime Minister Netanyahu in a war against Palestinians not terrorism.</p>
<p>- Iraq's vice president is in Amman for treatment.</p>
<p>- Egyptian government offers six projects at a cost of $2 billion to the private sector.</p>
</text>
<copyright>(c) Reuters Limited 1997</copyright>
<metadata>
<codes class="bip:countries:1.0">
  <code code="UK">
    <editdetail attribution="Reuters BIP Coding Group" action="confirmed" date="1997-08-03"/>
  </code>
</codes>
<codes class="bip:topics:1.0">
  <code code="GCAT">
    <editdetail attribution="Reuters BIP Coding Group" action="confirmed" date="1997-08-03"/>
  </code>
</codes>
<dc element="dc.date.created" value="1997-08-03"/>
<dc element="dc.publisher" value="Reuters Holdings Plc"/>
<dc element="dc.date.published" value="1997-08-03"/>
<dc element="dc.source" value="Reuters"/>
<dc element="dc.creator.location" value="LONDON"/>
<dc element="dc.creator.location.country.name" value="UK"/>
<dc element="dc.source" value="Reuters"/>
</metadata>
</newsitem>
