<?xml version="1.0" encoding="iso-8859-1" ?>
<newsitem itemid="774368" id="root" date="1997-08-03" xml:lang="en">
<title>USA: TENNIS-HINGIS CRUSHES PIERCE TO REACH TOSHIBA CLASSIC FINAL.</title>
<headline>TENNIS-HINGIS CRUSHES PIERCE TO REACH TOSHIBA CLASSIC FINAL.</headline>
<dateline>CARLSBAD, California 1997-08-02</dateline>
<text>
<p>World number one Martina Hingis stormed into her 10th final of the year Saturday with an overpowering semifinal victory over sixth seed Mary Pierce at the Toshiba Tennis Classic.</p>
<p>The 16-year-old Swiss sensation played a near flawless match and even unleashed seven aces for a 6-0 6-2 49-minute thumping of Pierce in a rematch of the Australian Open final.</p>
<p>&quot;I played so good, I almost didn't make one error,&quot; Hingis said with a broad smile.</p>
<p>Hingis, who last Sunday added her eighth title of the year to her Australian Open and Wimbledon crowns, goes for number nine Sunday against either second seed Monica Seles or third seed Amanda Coetzer, who were to clash in a night semifinal.</p>
<p>The top seed, who ran her 1997 match record to 53-1 -- her lone blemish a defeat in the French Open final -- stroked 21 winners but was especially proud of her performance from the service line Saturday.</p>
<p>&quot;For me, it was always hard to serve and return well in the same match, but that's what I did today. I was so happy with my serve.&quot;</p>
<p>Pierce had been in such good form in her quarter-final win over French compatriot Sandrine Testud Friday that it seemed she might be able to give Hingis a contest. But that challenge never materialised with Pierce winning just eight points in the brief first set.</p>
<p>&quot;I don't know what to say,&quot; she laughed. &quot;Today, I just didn't have it like in the other matches. I'm just really disappointed I didn't play well to give myself a chance and see what I can do against her.&quot;</p>
<p>Despite an edge in experience and three previous victories over Hingis, Pierce fell victim to self-imposed pressure and was never in the match.</p>
<p>&quot;I was trying to make too good of a shot,&quot; she said. &quot;I was going for it too soon instead of giving her a chance to make a mistake.</p>
<p>&quot;This match to me wasn't a match,&quot; Pierce said.</p>
<p>&quot;When you lose the first set 6-0 in 18 minutes, you know nothing happened. It was just mistake, next point.&quot;</p>
<p>But the next point wasn't much better for Pierce, who double-faulted away the opening game of the second set as the rout continued to its inevitable conclusion.</p>
<p>&quot;Mary, she was trying but she played a very risky match,&quot; Hingis said, &quot;and I played a great match.&quot;</p>
</text>
<copyright>(c) Reuters Limited 1997</copyright>
<metadata>
<codes class="bip:countries:1.0">
  <code code="FRA">
    <editdetail attribution="Reuters BIP Coding Group" action="confirmed" date="1997-08-03"/>
  </code>
  <code code="SWITZ">
    <editdetail attribution="Reuters BIP Coding Group" action="confirmed" date="1997-08-03"/>
  </code>
  <code code="USA">
    <editdetail attribution="Reuters BIP Coding Group" action="confirmed" date="1997-08-03"/>
  </code>
</codes>
<codes class="bip:topics:1.0">
  <code code="GCAT">
    <editdetail attribution="Reuters BIP Coding Group" action="confirmed" date="1997-08-03"/>
  </code>
  <code code="GSPO">
    <editdetail attribution="Reuters BIP Coding Group" action="confirmed" date="1997-08-03"/>
  </code>
</codes>
<dc element="dc.date.created" value="1997-08-02"/>
<dc element="dc.publisher" value="Reuters Holdings Plc"/>
<dc element="dc.date.published" value="1997-08-03"/>
<dc element="dc.source" value="Reuters"/>
<dc element="dc.creator.location" value="CARLSBAD, California"/>
<dc element="dc.creator.location.country.name" value="USA"/>
<dc element="dc.source" value="Reuters"/>
</metadata>
</newsitem>
