<?xml version="1.0" encoding="iso-8859-1" ?>
<newsitem itemid="774388" id="root" date="1997-08-03" xml:lang="en">
<title>BULGARIA: SOCCER-BULGARIAN FIRST DIVISION RESULTS/STANDINGS.</title>
<headline>SOCCER-BULGARIAN FIRST DIVISION RESULTS/STANDINGS.</headline>
<dateline>SOFIA 1997-08-03</dateline>
<text>
<p>Results of Bulgarian first division</p>
<p>soccer matches over the weekend:</p>
<p> Slavia Sofia	    3    Spartak Pleven 0</p>
<p> CSKA Sofia		5    Etur Veliko Tarnovo   1</p>
<p> Litex Lovech	    2    Minyor Pernik	   0</p>
<p> Spartak Varna	   4    Botev Plovdiv	   0</p>
<p> Lokomotiv Plovdiv     2    Dobrudzha Dobrich     0</p>
<p> Metalurg Pernik	 2    Olympic Galata	  0</p>
<p> Neftochimik Bourgas   4    Lokomotiv Sofia	 1</p>
<p> Levski Kyustendil     1    Levski Sofia	    3</p>
<p>     Standings		  P   W   D   L   G   A  Pts</p>
<p>  1. CSKA  Sofia		1   1   0   0   5   1   3</p>
<p>  2. Spartak Varna	    1   1   0   0   4   0   3</p>
<p>  3. Neftochimik Bourgas    1   1   0   0   4   1   3</p>
<p>  4. Slavia Sofia	     1   1   0   0   3   0   3</p>
<p>  5. Levski Sofia	     1   1   0   0   3   1   3</p>
<p>  6. Litex  Lovech	    1   1   0   0   2   0   3</p>
<p>  7. Lokomotiv Plovdiv	1   1   0   0   2   0   3</p>
<p>  8. Metalurg Pernik	  1   1   0   0   2   0   3</p>
<p>  9. Levski Kyustendil	1   0   0   1   1   3   0</p>
<p> 10. Olympic Galata	   1   0   0   1   0   2   0</p>
<p> 11. Dobrudzha Dobrich	1   0   0   1   0   2   0</p>
<p> 12. Minyor Pernik	    1   0   0   1   0   2   0</p>
<p> 13. Lokomotiv Sofia	  1   0   0   1   1   4   0</p>
<p> 14. Spartak Pleven	   1   0   0   1   0   3   0</p>
<p> 15. Etur Veliko Tarnovo    1   0   0   1   1   5   0</p>
<p> 16. Botev Plovdiv	    1   0   0   1   0   4   0</p>
</text>
<copyright>(c) Reuters Limited 1997</copyright>
<metadata>
<codes class="bip:countries:1.0">
  <code code="BUL">
    <editdetail attribution="Reuters BIP Coding Group" action="confirmed" date="1997-08-03"/>
  </code>
</codes>
<codes class="bip:topics:1.0">
  <code code="GCAT">
    <editdetail attribution="Reuters BIP Coding Group" action="confirmed" date="1997-08-03"/>
  </code>
  <code code="GSPO">
    <editdetail attribution="Reuters BIP Coding Group" action="confirmed" date="1997-08-03"/>
  </code>
</codes>
<dc element="dc.date.created" value="1997-08-03"/>
<dc element="dc.publisher" value="Reuters Holdings Plc"/>
<dc element="dc.date.published" value="1997-08-03"/>
<dc element="dc.source" value="Reuters"/>
<dc element="dc.creator.location" value="SOFIA"/>
<dc element="dc.creator.location.country.name" value="BULGARIA"/>
<dc element="dc.source" value="Reuters"/>
</metadata>
</newsitem>
