<?xml version="1.0" encoding="iso-8859-1" ?>
<newsitem itemid="774489" id="root" date="1997-08-03" xml:lang="en">
<title>UK: BA plane crashlands at Manchester, all safe--BBC.</title>
<headline>BA plane crashlands at Manchester, all safe--BBC.</headline>
<dateline>LONDON 1997-08-03</dateline>
<text>
<p>A British Airways passenger plane crash-landed at Manchester airport on Sunday after the undercarriage failed but none of the 70 people on board was injured, the British Broadcasting Corporation reported.</p>
<p>The BBC said the British Aerospace ATP twin-propeller airliner was forced to land after the captain reported an emergency. All on board evacuated safely once the plane came to a halt.</p>
<p>A British Airways spokeswoman contacted by telephone said she could not immediately comment since she was in the process of receiving information on the incident.</p>
<p>The BBC said the plane was on its way to Knock in Ireland when the emergency occurred. It did not say where the plane had taken off from.</p>
</text>
<copyright>(c) Reuters Limited 1997</copyright>
<metadata>
<codes class="bip:countries:1.0">
  <code code="UK">
    <editdetail attribution="Reuters BIP Coding Group" action="confirmed" date="1997-08-03"/>
  </code>
</codes>
<codes class="bip:industries:1.0">
  <code code="I75000">
    <editdetail attribution="Reuters BIP Coding Group" action="confirmed" date="1997-08-03"/>
  </code>
</codes>
<codes class="bip:topics:1.0">
  <code code="CCAT">
    <editdetail attribution="Reuters BIP Coding Group" action="confirmed" date="1997-08-03"/>
  </code>
  <code code="GCAT">
    <editdetail attribution="Reuters BIP Coding Group" action="confirmed" date="1997-08-03"/>
  </code>
  <code code="GDIS">
    <editdetail attribution="Reuters BIP Coding Group" action="confirmed" date="1997-08-03"/>
  </code>
</codes>
<dc element="dc.date.created" value="1997-08-03"/>
<dc element="dc.publisher" value="Reuters Holdings Plc"/>
<dc element="dc.date.published" value="1997-08-03"/>
<dc element="dc.source" value="Reuters"/>
<dc element="dc.creator.location" value="LONDON"/>
<dc element="dc.creator.location.country.name" value="UK"/>
<dc element="dc.source" value="Reuters"/>
</metadata>
</newsitem>
