<?xml version="1.0" encoding="iso-8859-1" ?>
<newsitem itemid="774438" id="root" date="1997-08-03" xml:lang="en">
<title>NETHERLANDS: TENNIS-UNSEEDED DOSEDEL WINS AMSTERDAM TITLE.</title>
<headline>TENNIS-UNSEEDED DOSEDEL WINS AMSTERDAM TITLE.</headline>
<dateline>AMSTERDAM 1997-08-03</dateline>
<text>
<p>Unseeded Czech Slava Dosedel surprised top seed Carlos Moya of Spain to win the $475,000 Amsterdam Open in four sets on Sunday.</p>
<p>Dosedel, ranked 59th in the world, played a hard-hitting game to keep his 10th-ranked opponent on the run throughout a match lasting just over three and a half hours and clinched a 7-6 7-6 6-7 6-2 victory .</p>
<p>&quot;It was a really good match...my best tournament win so far,&quot; a beaming Dosedel said afterwards.</p>
<p>&quot;Looking back, I played a good tournament, although obviously I am disappointed I didn't win,&quot; said Moya, who also lost out to Dosedel in Munich last year.</p>
<p>&quot;All I can do is come back again next year,&quot; he said.</p>
<p>The Czech fell 3-1 behind in the opening set but broke back to force a tie break which he won 7-4 and went on to take the second, also in a tie-break.</p>
<p>Although the Spaniard recovered to take the third set in another tie-break, Dosedel dominated the fourth, winning it comfortably.</p>
</text>
<copyright>(c) Reuters Limited 1997</copyright>
<metadata>
<codes class="bip:countries:1.0">
  <code code="CZREP">
    <editdetail attribution="Reuters BIP Coding Group" action="confirmed" date="1997-08-03"/>
  </code>
  <code code="NETH">
    <editdetail attribution="Reuters BIP Coding Group" action="confirmed" date="1997-08-03"/>
  </code>
  <code code="SPAIN">
    <editdetail attribution="Reuters BIP Coding Group" action="confirmed" date="1997-08-03"/>
  </code>
</codes>
<codes class="bip:topics:1.0">
  <code code="GCAT">
    <editdetail attribution="Reuters BIP Coding Group" action="confirmed" date="1997-08-03"/>
  </code>
  <code code="GSPO">
    <editdetail attribution="Reuters BIP Coding Group" action="confirmed" date="1997-08-03"/>
  </code>
</codes>
<dc element="dc.date.created" value="1997-08-03"/>
<dc element="dc.publisher" value="Reuters Holdings Plc"/>
<dc element="dc.date.published" value="1997-08-03"/>
<dc element="dc.source" value="Reuters"/>
<dc element="dc.creator.location" value="AMSTERDAM"/>
<dc element="dc.creator.location.country.name" value="NETHERLANDS"/>
<dc element="dc.source" value="Reuters"/>
</metadata>
</newsitem>
