<?xml version="1.0" encoding="iso-8859-1" ?>
<newsitem itemid="774400" id="root" date="1997-08-03" xml:lang="en">
<title>AUSTRALIA: RUGBY LEAGUE-SUPER LEAGUE RESULTS/STANDINGS.</title>
<headline>RUGBY LEAGUE-SUPER LEAGUE RESULTS/STANDINGS.</headline>
<dateline>SYDNEY 1997-08-03</dateline>
<text>
<p>Results of SuperLeague world</p>
<p>club championship matches played at the weekend.</p>
<p>Played Sunday:</p>
<p> Auckland (New Zealand)  16 Warrington (England)     4</p>
<p> Hunter (Australia)	58 Sheffield (England)     12</p>
<p>Played Saturday:</p>
<p> Cronulla (Australia)    40 Bradford (England)	12</p>
<p>Played Friday:</p>
<p> Perth (Australia)	 30 Paris (France )12</p>
</text>
<copyright>(c) Reuters Limited 1997</copyright>
<metadata>
<codes class="bip:countries:1.0">
  <code code="AUSTR">
    <editdetail attribution="Reuters BIP Coding Group" action="confirmed" date="1997-08-03"/>
  </code>
  <code code="FRA">
    <editdetail attribution="Reuters BIP Coding Group" action="confirmed" date="1997-08-03"/>
  </code>
  <code code="NZ">
    <editdetail attribution="Reuters BIP Coding Group" action="confirmed" date="1997-08-03"/>
  </code>
  <code code="UK">
    <editdetail attribution="Reuters BIP Coding Group" action="confirmed" date="1997-08-03"/>
  </code>
</codes>
<codes class="bip:topics:1.0">
  <code code="GCAT">
    <editdetail attribution="Reuters BIP Coding Group" action="confirmed" date="1997-08-03"/>
  </code>
  <code code="GSPO">
    <editdetail attribution="Reuters BIP Coding Group" action="confirmed" date="1997-08-03"/>
  </code>
</codes>
<dc element="dc.date.created" value="1997-08-03"/>
<dc element="dc.publisher" value="Reuters Holdings Plc"/>
<dc element="dc.date.published" value="1997-08-03"/>
<dc element="dc.source" value="Reuters"/>
<dc element="dc.creator.location" value="SYDNEY"/>
<dc element="dc.creator.location.country.name" value="AUSTRALIA"/>
<dc element="dc.source" value="Reuters"/>
</metadata>
</newsitem>
