<?xml version="1.0" encoding="iso-8859-1" ?>
<newsitem itemid="774436" id="root" date="1997-08-03" xml:lang="en">
<title>SWEDEN: GOLF-HAEGGMAN WINS MASTERS AS GARRIDO EYES CUP SPOT.</title>
<headline>GOLF-HAEGGMAN WINS MASTERS AS GARRIDO EYES CUP SPOT.</headline>
<byline>Norman Dabell</byline>
<dateline>MALMO, Sweden 1997-08-03</dateline>
<text>
<p>Joakim Haeggman of Sweden completed a runaway four-shot victory in the Scandinavian Masters on Sunday with his three-under-par final round of 69.</p>
<p>His 18-under-par total of 270 earned the Swede his second European Tour victory four years after his first, but much of the talk at Malmo concerned the Ryder Cup.</p>
<p>Spaniard Ignacio Garrido finished second to replace compatriot Jose Maria Olazabal in the 10th and last place in the Ryder Cup points table for automatic selection, with just three counting events left.</p>
<p>Irishman Padraig Harrington finished sixth to stay in 11th as Olazabal dropped to 12th.</p>
<p>European captain Severiano Ballesteros is hoping Olazabal will make it automatically to Valderrama so that he can use his two wild cards on Nick Faldo and Swede Jesper Parnevik, but his shared 38th place on Sunday did nothing to help that scenario.</p>
<p>Haeggman began the final round four ahead of the field and increased his lead until taking bogeys in the middle of his back-nine. But he finished with a flourish as his fifth birdie gave him a three-under-par round of 69.</p>
<p>The victory gave him an outside chance of his second Ryder Cup appearance following that in 1993 when he became the first Swede to play in the competition.</p>
<p>&quot;The way I'm playing I can win again in the last three events,&quot; said Haeggman, who has moved up from 41st to 17th in the Cup table. &quot;At least I have hope now.</p>
<p>&quot;Four years was a long wait but I feel my game is back to the way it was in 1993, I'm focused again, too, so why not the Ryder Cup?&quot;</p>
<p>Garrido's 67 for 274 included six birdies, three of them over the first four holes where he also ran up his only bogey by hitting into a hazard.</p>
<p>This left him one shot clear of another Swede, Mats Hallberg, and Peter Baker of England, with Welshman Mark Mouland a further stroke back and Harrington on 277 with Spaniard Jose Rivero.</p>
<p>If Garrido does make it into the Ryder Cup team he will follow in the footsteps of father Antonio, who partnered Ballesteros in the 1979 competition.</p>
<p>&quot;My father will probably be far more excited and nervous about this than me,&quot; said a relaxed Garrido, who needed only 25 putts on his final round.</p>
<p>&quot;I wasn't in the least bit nervous as I played today, even when I realised what second place was going to mean.</p>
<p>&quot;I feel I can play good golf under pressure nowadays since I won in Germany and I think I am going to make it into the team. I have three events to go and just a couple of top-20s will get me in.&quot;</p>
</text>
<copyright>(c) Reuters Limited 1997</copyright>
<metadata>
<codes class="bip:countries:1.0">
  <code code="SWED">
    <editdetail attribution="Reuters BIP Coding Group" action="confirmed" date="1997-08-03"/>
  </code>
</codes>
<codes class="bip:topics:1.0">
  <code code="GCAT">
    <editdetail attribution="Reuters BIP Coding Group" action="confirmed" date="1997-08-03"/>
  </code>
  <code code="GSPO">
    <editdetail attribution="Reuters BIP Coding Group" action="confirmed" date="1997-08-03"/>
  </code>
</codes>
<dc element="dc.date.created" value="1997-08-03"/>
<dc element="dc.publisher" value="Reuters Holdings Plc"/>
<dc element="dc.date.published" value="1997-08-03"/>
<dc element="dc.source" value="Reuters"/>
<dc element="dc.creator.location" value="MALMO, Sweden"/>
<dc element="dc.creator.location.country.name" value="SWEDEN"/>
<dc element="dc.source" value="Reuters"/>
</metadata>
</newsitem>
