<?xml version="1.0" encoding="iso-8859-1" ?>
<newsitem itemid="774431" id="root" date="1997-08-03" xml:lang="en">
<title>GREECE: ATHLETICS-PROFILE OF HAMMER WORLD CHAMPION WEIS.</title>
<headline>ATHLETICS-PROFILE OF HAMMER WORLD CHAMPION WEIS.</headline>
<dateline>ATHENS 1997-08-03</dateline>
<text>
<p>Profile of Heinz Weis, who won the world hammer title on Sunday. </p>
<p>Born July 14, 1963. Trier, Germany</p>
<p>A 34-year-old veteran who was still chasing his first major title. His best result at previous world championships had been third place in 1991.</p>
<p>Consistently among the world's best throwers, he won the World Cup after an excellent season in 1989.</p>
<p>Warmed up for the world championships by beating his personal best with a throw of 83.04 metres and said before the competition that he was in the best form of his career.</p>
</text>
<copyright>(c) Reuters Limited 1997</copyright>
<metadata>
<codes class="bip:countries:1.0">
  <code code="GREECE">
    <editdetail attribution="Reuters BIP Coding Group" action="confirmed" date="1997-08-03"/>
  </code>
</codes>
<codes class="bip:topics:1.0">
  <code code="GCAT">
    <editdetail attribution="Reuters BIP Coding Group" action="confirmed" date="1997-08-03"/>
  </code>
  <code code="GSPO">
    <editdetail attribution="Reuters BIP Coding Group" action="confirmed" date="1997-08-03"/>
  </code>
</codes>
<dc element="dc.date.created" value="1997-08-03"/>
<dc element="dc.publisher" value="Reuters Holdings Plc"/>
<dc element="dc.date.published" value="1997-08-03"/>
<dc element="dc.source" value="Reuters"/>
<dc element="dc.creator.location" value="ATHENS"/>
<dc element="dc.creator.location.country.name" value="GREECE"/>
<dc element="dc.source" value="Reuters"/>
</metadata>
</newsitem>
