<?xml version="1.0" encoding="iso-8859-1" ?>
<newsitem itemid="774469" id="root" date="1997-08-03" xml:lang="en">
<title>UK: Nomura plans overseas unit shake-up-report.</title>
<headline>Nomura plans overseas unit shake-up-report.</headline>
<dateline>LONDON 1997-08-03</dateline>
<text>
<p>Japanese securities group Nomura plans to restructure its overseas divisions in a bid to make them more effective against western investment banks, said the Financial Times on Monday.</p>
<p>The report said Nomura planned to switch from regional organisation to a centralised global structure, sub-divided into product lines, according to Junichi Ujiie, Nomura president.</p>
<p>He told the FT in an interview &quot;We have some strong areas, such as securitisation. But in other areas we are behind groups like Merrill Lynch and Goldman Sachs. That is because we do not have an integrated global distribution system.&quot;</p>
<p>The news comes after the Japanese government banned Nomura from parts of the domestic market for several months for its connections with sokaiya -- the Japanese corporate racketeers.</p>
<p>The Nomura president said he planned to unveil the plans at a meeting of branch managers in September.</p>
<p>--London newsroom +44 171 5427717.</p>
</text>
<copyright>(c) Reuters Limited 1997</copyright>
<metadata>
<codes class="bip:countries:1.0">
  <code code="JAP">
    <editdetail attribution="Reuters BIP Coding Group" action="confirmed" date="1997-08-03"/>
  </code>
  <code code="UK">
    <editdetail attribution="Reuters BIP Coding Group" action="confirmed" date="1997-08-03"/>
  </code>
</codes>
<codes class="bip:industries:1.0">
  <code code="I83100">
    <editdetail attribution="Reuters BIP Coding Group" action="confirmed" date="1997-08-03"/>
  </code>
</codes>
<codes class="bip:topics:1.0">
  <code code="C11">
    <editdetail attribution="Reuters BIP Coding Group" action="confirmed" date="1997-08-03"/>
  </code>
  <code code="CCAT">
    <editdetail attribution="Reuters BIP Coding Group" action="confirmed" date="1997-08-03"/>
  </code>
</codes>
<dc element="dc.date.created" value="1997-08-03"/>
<dc element="dc.publisher" value="Reuters Holdings Plc"/>
<dc element="dc.date.published" value="1997-08-03"/>
<dc element="dc.source" value="Reuters"/>
<dc element="dc.creator.location" value="LONDON"/>
<dc element="dc.creator.location.country.name" value="UK"/>
<dc element="dc.source" value="Reuters"/>
</metadata>
</newsitem>
