<?xml version="1.0" encoding="iso-8859-1" ?>
<newsitem itemid="774418" id="root" date="1997-08-03" xml:lang="en">
<title>GREECE: ATHLETICS-WORLD CHAMPIONSHIPS MEDALS TABLE.</title>
<headline>ATHLETICS-WORLD CHAMPIONSHIPS MEDALS TABLE.</headline>
<dateline>ATHENS 1997-08-03</dateline>
<text>
<p>Medals table after the second day</p>
<p>of competition at the world athletics championships on</p>
<p>Sunday (tabulated under gold, silver, bronze):</p>
<p>			 G    S   B</p>
<p> United States     2    1   1</p>
<p> Ukraine	     1    2   0</p>
<p> Germany	     1    0   1</p>
<p> Mexico		1    0   0</p>
<p> Russia		0    1   1</p>
<p> Canada		0    1   0</p>
<p> Belarus	     0    0   1</p>
<p> Bahamas	     0    0   1</p>
</text>
<copyright>(c) Reuters Limited 1997</copyright>
<metadata>
<codes class="bip:countries:1.0">
  <code code="BAH">
    <editdetail attribution="Reuters BIP Coding Group" action="confirmed" date="1997-08-03"/>
  </code>
  <code code="BYELRS">
    <editdetail attribution="Reuters BIP Coding Group" action="confirmed" date="1997-08-03"/>
  </code>
  <code code="CANA">
    <editdetail attribution="Reuters BIP Coding Group" action="confirmed" date="1997-08-03"/>
  </code>
  <code code="GFR">
    <editdetail attribution="Reuters BIP Coding Group" action="confirmed" date="1997-08-03"/>
  </code>
  <code code="GREECE">
    <editdetail attribution="Reuters BIP Coding Group" action="confirmed" date="1997-08-03"/>
  </code>
  <code code="MEX">
    <editdetail attribution="Reuters BIP Coding Group" action="confirmed" date="1997-08-03"/>
  </code>
  <code code="RUSS">
    <editdetail attribution="Reuters BIP Coding Group" action="confirmed" date="1997-08-03"/>
  </code>
  <code code="UKRN">
    <editdetail attribution="Reuters BIP Coding Group" action="confirmed" date="1997-08-03"/>
  </code>
  <code code="USA">
    <editdetail attribution="Reuters BIP Coding Group" action="confirmed" date="1997-08-03"/>
  </code>
</codes>
<codes class="bip:topics:1.0">
  <code code="GCAT">
    <editdetail attribution="Reuters BIP Coding Group" action="confirmed" date="1997-08-03"/>
  </code>
  <code code="GSPO">
    <editdetail attribution="Reuters BIP Coding Group" action="confirmed" date="1997-08-03"/>
  </code>
</codes>
<dc element="dc.date.created" value="1997-08-03"/>
<dc element="dc.publisher" value="Reuters Holdings Plc"/>
<dc element="dc.date.published" value="1997-08-03"/>
<dc element="dc.source" value="Reuters"/>
<dc element="dc.creator.location" value="ATHENS"/>
<dc element="dc.creator.location.country.name" value="GREECE"/>
<dc element="dc.source" value="Reuters"/>
</metadata>
</newsitem>
