<?xml version="1.0" encoding="iso-8859-1" ?>
<newsitem itemid="774468" id="root" date="1997-08-03" xml:lang="en">
<title>BAHRAIN: PRESS DIGEST - SAUDI NEWSPAPERS - AUG 3.</title>
<headline>PRESS DIGEST - SAUDI NEWSPAPERS - AUG 3.</headline>
<dateline>MANAMA 1997-08-03</dateline>
<text>
<p>These are some of the leading stories in the Saudi Arabian press on Sunday. Reuters has not verified these stories and does not vouch for their accuracy.</p>
<p>ARAB NEWS</p>
<p>- Total storage capacity of dams in Saudi Arabia will reach 1.3 billion cubic metres when current dam projects are completed.</p>
<p>- Some 25 shops in Madina were closed for breaking Saudisation rules.</p>
<p>- Around 600 foreigners who stayed in Saudi Arabia beyond the period permitted by their visas were deported from Jeddah port.</p>
<p>- Singapore Airlines will begin operations from Jeddah with an inaugural flight on Sunday.</p>
<p>- A new British-made mine sweeper will start sailing to the kingdom from Britain on Thursday.</p>
<p>AL-RIYADH</p>
<p>- Around 30 restaurants were closed in Riyadh for violating health regulations, 290 restaurants were warned and fined.</p>
<p>- Chase Manhattan Bank leads a 1.6 billion riyal financing facility to National Shipping Company of Saudi Arabia.</p>
<p>AL-YAUM</p>
<p>- Bosnia's deputy president says Saudi Arabia assistance helped unity and stability of Bosnia. Saudi has recently built 100 houses in Bosnia.</p>
<p>- Imports of frozen meat from Sudan are increasing.</p>
</text>
<copyright>(c) Reuters Limited 1997</copyright>
<metadata>
<codes class="bip:countries:1.0">
  <code code="BAHRN">
    <editdetail attribution="Reuters BIP Coding Group" action="confirmed" date="1997-08-03"/>
  </code>
  <code code="SAARAB">
    <editdetail attribution="Reuters BIP Coding Group" action="confirmed" date="1997-08-03"/>
  </code>
</codes>
<codes class="bip:topics:1.0">
  <code code="GCAT">
    <editdetail attribution="Reuters BIP Coding Group" action="confirmed" date="1997-08-03"/>
  </code>
</codes>
<dc element="dc.date.created" value="1997-08-03"/>
<dc element="dc.publisher" value="Reuters Holdings Plc"/>
<dc element="dc.date.published" value="1997-08-03"/>
<dc element="dc.source" value="Reuters"/>
<dc element="dc.creator.location" value="MANAMA"/>
<dc element="dc.creator.location.country.name" value="BAHRAIN"/>
<dc element="dc.source" value="Reuters"/>
</metadata>
</newsitem>
