<?xml version="1.0" encoding="iso-8859-1" ?>
<newsitem itemid="774427" id="root" date="1997-08-03" xml:lang="en">
<title>GERMANY: SOCCER-GERMAN FIRST DIVISION SUMMARIES.</title>
<headline>SOCCER-GERMAN FIRST DIVISION SUMMARIES.</headline>
<dateline>BONN 1997-08-03</dateline>
<text>
<p>Summaries of Sunday's German league</p>
<p>championship matches:</p>
<p> Herta Berlin	1 - Covic  35</p>
<p>Borussia Dortmund 1 - Ricken 26</p>
<p>    HT: 1-1   Att: 76,243</p>
<p>- - - -</p>
<p> Hamburg	     2 - Weetendorf 72, Salihamidzic 90</p>
<p>Moenchengladbach  2 - Pettersson 38, 47</p>
<p>    HT: 0-1   Att: 32.337.</p>
</text>
<copyright>(c) Reuters Limited 1997</copyright>
<metadata>
<codes class="bip:countries:1.0">
  <code code="GFR">
    <editdetail attribution="Reuters BIP Coding Group" action="confirmed" date="1997-08-03"/>
  </code>
</codes>
<codes class="bip:topics:1.0">
  <code code="GCAT">
    <editdetail attribution="Reuters BIP Coding Group" action="confirmed" date="1997-08-03"/>
  </code>
  <code code="GSPO">
    <editdetail attribution="Reuters BIP Coding Group" action="confirmed" date="1997-08-03"/>
  </code>
</codes>
<dc element="dc.date.created" value="1997-08-03"/>
<dc element="dc.publisher" value="Reuters Holdings Plc"/>
<dc element="dc.date.published" value="1997-08-03"/>
<dc element="dc.source" value="Reuters"/>
<dc element="dc.creator.location" value="BONN"/>
<dc element="dc.creator.location.country.name" value="GERMANY"/>
<dc element="dc.source" value="Reuters"/>
</metadata>
</newsitem>
