<?xml version="1.0" encoding="iso-8859-1" ?>
<newsitem itemid="774567" id="root" date="1997-08-03" xml:lang="en">
<title>JAPAN: INSIGHT -JGBs may edge higher, watching Nikkei.</title>
<headline>INSIGHT -JGBs may edge higher, watching Nikkei.</headline>
<text>
<p>--------------------------------------------------------------</p>
<p>FUTURE RANGE/DAY   SPPRT    RSTNC    RSI-9   MA-5     MA-25</p>
<p>JGB 126.40-126.80 126.30   127.00   82 PCT  126.19   125.16</p>
<p>OUTLOOK OF BOJ OPERATION AT 0020 GMT: injection of 400 bln</p>
<p>-------------VIEWS FROM THE MARKET - Aug 4 ------------------</p>
<p>*JGBs are likely to edge higher during Monday Tokyo trade, although moves depend on activity of Nikkei stock index, which fell by over 500 on Friday. *Further falls to provoke buying, while quick recovery to 20,000 level will cap topside. *Buying of cash bonds by investors also will lend support. *Friday falls in U.S. bonds and concern about high prices to cap gains.</p>
</text>
<copyright>(c) Reuters Limited 1997</copyright>
<metadata>
<codes class="bip:countries:1.0">
  <code code="JAP">
    <editdetail attribution="Reuters BIP Coding Group" action="confirmed" date="1997-08-03"/>
  </code>
</codes>
<codes class="bip:topics:1.0">
  <code code="M12">
    <editdetail attribution="Reuters BIP Coding Group" action="confirmed" date="1997-08-03"/>
  </code>
  <code code="MCAT">
    <editdetail attribution="Reuters BIP Coding Group" action="confirmed" date="1997-08-03"/>
  </code>
</codes>
<dc element="dc.publisher" value="Reuters Holdings Plc"/>
<dc element="dc.date.published" value="1997-08-03"/>
<dc element="dc.source" value="Reuters"/>
<dc element="dc.creator.location.country.name" value="JAPAN"/>
<dc element="dc.source" value="Reuters"/>
</metadata>
</newsitem>
