<?xml version="1.0" encoding="iso-8859-1" ?>
<newsitem itemid="774570" id="root" date="1997-08-03" xml:lang="en">
<title>SINGAPORE: Exports seen boosting battered Asia markets.</title>
<headline>Exports seen boosting battered Asia markets.</headline>
<byline>Phil Smith</byline>
<dateline>SINGAPORE 1997-08-03</dateline>
<text>
<p>Battered financial markets around Asia should get some relief in the months ahead as cyclical upturns in demand for Asian exports aid growth throughout most of the region, economists say.</p>
<p>&quot;Encouraging trends in stocks and production in the OECD countries point to higher demand for Asian exports during the rest of 1997,&quot; said Larry Hatheway, chief East Asia economist at UBS in Singapore.</p>
<p>&quot;The electronics cycle, in particular, appears increasingly favourable. An expected export turnaround will result in higher GDP (gross domestic product) growth throughout most of Southeast Asia.&quot;</p>
<p>The recent currency shakeout ultimately means more competitive exports and this, on top of improving overseas demand, should allow countries like Thailand and the Philippines to rein in their current account deficits in the longer term. The same goes for Indonesia and Malaysia but to a lesser extent, analysts said.</p>
<p>Asset price inflation will continue to be a problem, particularly in Singapore, Malaysia and Hong Kong. But with capital inflows tailing off following the currency crises, the problems of raging asset price inflation should be dampened.</p>
<p>In the region as a whole it is Thailand which has seen the biggest currency adjustment, over 20 percent, and is in the most trouble economically.</p>
<p>&quot;Having taken the biggest hit on the exchange rate there is still no real sign of interest rates coming down quickly,&quot; said Chiang Yao Chye, head of Asia Pacific research at CIBC.</p>
<p>&quot;As long as Thai rates stay at these levels it's going to depress all activity, whether it's on the asset side or the real side. The rest of the region is certainly not as badly off.&quot;</p>
<p>As one analyst remarked, &quot;Fundamentals always matter, but in a currency crisis investors view any change in economic indicators under a magnifying glass.&quot;</p>
<p>Following is a brief look at the state of growth in each of the economies caught up in the recent currency turmoil.</p>
<p>THAILAND</p>
<p>Most analysts have trimmed projections of Thai GDP this year to 3.00-4.00 percent after the July 2 baht float from their earlier forecasts averaging over five percent.</p>
<p>But investment bank Merrill Lynch's latest research says the economy should pick up to post a 6.3 percent expansion in 1998 as the baht regains stability.</p>
<p>&quot;Exports would likely be the main engine, underpinned by cyclical rebound in electronics, a slightly more competitive currency, slower wage growth and restructuring that are already forced upon the lower-end industries,&quot; Merrill said.</p>
<p>A central bank spokeswoman said this month she expected the bank would need to scale down its earlier 5.9 percent GDP growth projection for 1997, but she declined to say by how much.</p>
<p>Real GDP growth in Thailand in 1996 was 6.4 percent.</p>
<p>PHILIPPINES</p>
<p>Not unusually, government officials are more bullish for the economic outlook than analysts.</p>
<p>Central bank governor Gabriel Singson said last week, &quot;The fundamentals remain ... sound and good&quot; while President Fidel Ramos said there was no need to change the key economic targets for this year.</p>
<p>But economists were not as sanguine and Emilio Neri, a senior economist at the University of Asia and the Pacific, said short-term adjustments will lead to a slowdown. Analysts are looking for between 5.5 and 6.0 percent growth in 1997.</p>
<p>&quot;The growth rate will be flat this year if not decelerate a bit,&quot; he said, adding that the slowdown should be a welcome breather for the economy after five years of steady growth.</p>
<p>Real GDP growth in the Philippines in 1996 was 6.4 percent.</p>
<p>INDONESIA</p>
<p>The impact of the rupiah depreciation is not seen having a material effect and analysts say the economy remains on a steady growth path with virtually no signs of a slowdown.</p>
<p>&quot;Indonesia managed a soft landing last year and looking at the monthly indicators so far it appears to be that we have a very nice sideways trend in growth,&quot; said Christa Marti, senior economist at UBS in Singapore. She was looking for growth to remain unchanged at the 1996 level this year and possibly next.</p>
<p>Real GDP growth in Indonesia in 1996 was 7.8 percent.</p>
<p>TAIWAN</p>
<p>Analysts generally concur that Taiwan's economy is launching a sound recovery from its 1995-96 slump, although they differ on the exact extent of the recovery.</p>
<p>The economy broke out of the slump by posting strong 6.83 percent gross domestic product growth in the first quarter. The government forecasts full-year GDP growth at 6.24 percent.</p>
<p>Much of the bullish forecast relies on an expected late-year boom in sales of Taiwan's bread-and-butter electronics industry.</p>
<p>&quot;The economy really cannot be hurt significantly by a fall in the Taiwan dollar, but it can benefit, especially exports,&quot; said Daniel Chen, chief economist at Chinatrust Commercial Bank.</p>
<p>Real GDP growth in Taiwan in 1996 was 5.7 percent.</p>
<p>SOUTH KOREA</p>
<p>Seoul's economy is struggling under a string of corporate failures that has hit even the upper echelons of the country's business conglomerates, known as chaebol.</p>
<p>The economy had otherwise been predicted to bottom out by the end of the first half with exports recovering on the back of the Japanese yen's strength and rising export prices.</p>
<p>This year's GDP growth has officially been forecast at 6.0 percent but some analysts are forecasting levels closer to 3.5 percent. Others, including analysts in South Korea, have predicted growth of up to 6.5 percent for 1997.</p>
<p>Real GDP growth in South Korea in 1996 was 7.1 percent.</p>
<p>MALAYSIA</p>
<p>Government backed think-tank the Malaysian Institute of Economic Research said last week that it expected GDP to grow by 8.2 percent this year, but many analysts disagree and are looking for growth this year more in the region of 7.6 percent.</p>
<p>Earlier this year manufacturing output grew faster than sales and this led to a rise in stocks. This points to a slowdown in manufacturing output in the coming months which will impact on overall activity despite a possible modest upturn in export growth, analysts said.</p>
<p>Real GDP growth in Malaysia in 1996 was 8.2 percent.</p>
<p>SINGAPORE</p>
<p>Here, the recovery in the electronics sector is crucial and the strength of non-oil exports together with the recovering electronics sector should boost overall output.</p>
<p>The government is projecting 1997 GDP at between 5.00 and 7.00 percent but analysts are on the whole bullish and looking more to the upper end of that range. The average forecast settles around the 6.8 percent level.</p>
<p>Real GDP growth in Singapore in 1996 was 7.0 percent.</p>
<p>HONG KONG</p>
<p>Post-handover measures to cool the overheated property market are unlikely to have too much impact on growth, with forecasts for GDP this year centred on a rise of around 5.5 percent. This level is expected to be sustained in 1998.</p>
<p>&quot;The underlying trend for asset markets in Hong Kong which include the property and the stock markets is still up, and that goes into our baseline assumption for GDP growth,&quot; said Chi Lo, regional economist at Deutsche Morgan Grenfell in Singapore.</p>
<p>Real GDP growth in Hong Kong in 1996 was 4.7 percent.</p>
</text>
<copyright>(c) Reuters Limited 1997</copyright>
<metadata>
<codes class="bip:countries:1.0">
  <code code="OECD">
    <editdetail attribution="Reuters BIP Coding Group" action="confirmed" date="1997-08-03"/>
  </code>
  <code code="SINGP">
    <editdetail attribution="Reuters BIP Coding Group" action="confirmed" date="1997-08-03"/>
  </code>
  <code code="SKOREA">
    <editdetail attribution="Reuters BIP Coding Group" action="confirmed" date="1997-08-03"/>
  </code>
</codes>
<codes class="bip:topics:1.0">
  <code code="E11">
    <editdetail attribution="Reuters BIP Coding Group" action="confirmed" date="1997-08-03"/>
  </code>
  <code code="E51">
    <editdetail attribution="Reuters BIP Coding Group" action="confirmed" date="1997-08-03"/>
  </code>
  <code code="E512">
    <editdetail attribution="Reuters BIP Coding Group" action="confirmed" date="1997-08-03"/>
  </code>
  <code code="ECAT">
    <editdetail attribution="Reuters BIP Coding Group" action="confirmed" date="1997-08-03"/>
  </code>
  <code code="M11">
    <editdetail attribution="Reuters BIP Coding Group" action="confirmed" date="1997-08-03"/>
  </code>
  <code code="M13">
    <editdetail attribution="Reuters BIP Coding Group" action="confirmed" date="1997-08-03"/>
  </code>
  <code code="MCAT">
    <editdetail attribution="Reuters BIP Coding Group" action="confirmed" date="1997-08-03"/>
  </code>
</codes>
<dc element="dc.date.created" value="1997-08-03"/>
<dc element="dc.publisher" value="Reuters Holdings Plc"/>
<dc element="dc.date.published" value="1997-08-03"/>
<dc element="dc.source" value="Reuters"/>
<dc element="dc.creator.location" value="SINGAPORE"/>
<dc element="dc.creator.location.country.name" value="SINGAPORE"/>
<dc element="dc.source" value="Reuters"/>
</metadata>
</newsitem>
