<?xml version="1.0" encoding="iso-8859-1" ?>
<newsitem itemid="774512" id="root" date="1997-08-03" xml:lang="en">
<title>UGANDA: Museveni blames rebels for Uganda grenade attacks.</title>
<headline>Museveni blames rebels for Uganda grenade attacks.</headline>
<dateline>KAMPALA 1997-08-03</dateline>
<text>
<p>President Yoweri Museveni blamed grenade attacks which killed nine people in Kampala last week on a rebel group which recently launched raids on western Uganda from the neighbouring Democratic Republic of the Congo.</p>
<p>Addressing a public meeting in Fort Portal, western Uganda, on Saturday, Museveni also accused the Sudan government of aiding the Allied Democratic Forces (ADF) rebels, witnesses said.</p>
<p>He said the three grenade attacks in Kampala suburbs were carried out by remnants of the ADF group which earlier had been repulsed by the Uganda army on the Congo border.</p>
<p>Local officials in Kampala had earlier said the grenade attacks were apparently the work of ordinary criminals.</p>
<p>Officials in Kampala said on Sunday the police had been placed on alert to guard against further attacks. They said last week's attacks appeared to be directed partly against the police and local defence groups.</p>
</text>
<copyright>(c) Reuters Limited 1997</copyright>
<metadata>
<codes class="bip:countries:1.0">
  <code code="SUDAN">
    <editdetail attribution="Reuters BIP Coding Group" action="confirmed" date="1997-08-03"/>
  </code>
  <code code="UGANDA">
    <editdetail attribution="Reuters BIP Coding Group" action="confirmed" date="1997-08-03"/>
  </code>
  <code code="ZAIRE">
    <editdetail attribution="Reuters BIP Coding Group" action="confirmed" date="1997-08-03"/>
  </code>
</codes>
<codes class="bip:topics:1.0">
  <code code="GCAT">
    <editdetail attribution="Reuters BIP Coding Group" action="confirmed" date="1997-08-03"/>
  </code>
  <code code="GDIP">
    <editdetail attribution="Reuters BIP Coding Group" action="confirmed" date="1997-08-03"/>
  </code>
  <code code="GVIO">
    <editdetail attribution="Reuters BIP Coding Group" action="confirmed" date="1997-08-03"/>
  </code>
</codes>
<dc element="dc.date.created" value="1997-08-03"/>
<dc element="dc.publisher" value="Reuters Holdings Plc"/>
<dc element="dc.date.published" value="1997-08-03"/>
<dc element="dc.source" value="Reuters"/>
<dc element="dc.creator.location" value="KAMPALA"/>
<dc element="dc.creator.location.country.name" value="UGANDA"/>
<dc element="dc.source" value="Reuters"/>
</metadata>
</newsitem>
