<?xml version="1.0" encoding="iso-8859-1" ?>
<newsitem itemid="774536" id="root" date="1997-08-03" xml:lang="en">
<title>AUSTRALIA: DIARY-Australia initial public offerings - Aug 4.</title>
<headline>DIARY-Australia initial public offerings - Aug 4.</headline>
<dateline>SYDNEY 1996-08-04</dateline>
<text>
<p>The companies listed have made application for admission to the official list of the Australian Stock Exchange (ASX) and have been allocated a provisional ASX code. The ASX advises that allocation of a code does not imply that the company's application will be approved. Listing dates are expected listing dates only and are subject to change.</p>
<p>								   Amount Sought</p>
<p>Company		    Code   Price Underwriter(s)     A$ million</p>
<p>----------------------------------------------------------------</p>
<p>Australian Commercial  ACY.AX 1.00  ANZ Securities	 113.0</p>
<p>Property Trust</p>
<p>Business: Property trust Listing date: mid August</p>
<p>----------------------------------------------------------------</p>
<p>Australian Food and    AFF.AX n/a   n/a			n/a</p>
<p>Fibre Ltd</p>
<p>Business: Rural property investor-this firm holds the assets of the old Rural Property Trust. Listing date: n/a</p>
<p>----------------------------------------------------------------</p>
<p>Hudson Property Group  HPG.AX 0.30  Hudson Corporate	 8.0</p>
<p>Business: Property investor Listing date: end August</p>
<p>----------------------------------------------------------------</p>
<p>Kinetic Power Ltd	KPL.AX  1.00 PG Intercapital	 16.0</p>
<p>Business: Battery manufacturer  Listing date: n/a</p>
<p>----------------------------------------------------------------</p>
<p>Lafayette Mining NL    LAF.AX  0.20  State One Equities    8.0</p>
<p>Business: Gold explorer Listing date: early August</p>
<p>----------------------------------------------------------------</p>
<p>North Rand Ltd	   NRD.AX  0.20 D &amp; D Tolhurst	   7.0</p>
<p>Business: Mineral explorer Listing date: late July</p>
<p>----------------------------------------------------------------</p>
<p>Oakford Property Trust OKF.AX  1.00 Not underwritten	25.5</p>
<p>						Broker to issue</p>
<p>						Bridges Financial</p>
<p>Business: Property investor  Listing date: n/a</p>
<p>----------------------------------------------------------------</p>
<p>Oceanfast Ltd	    OFT.AX  0.50 William Noall	    5.5</p>
<p>Business: Marine builder  Listing date: August 15</p>
<p>----------------------------------------------------------------</p>
<p>Optiscan Imaging Ltd   OIL.AX  0.20 Not underwritten	 3.0</p>
<p>						Sponsoring broker</p>
<p>						Lodge &amp; Co.</p>
<p>Business: Medical technology Listing date: August 21</p>
<p>----------------------------------------------------------------</p>
<p>Resource Exploration NL REE.AX 0.20 Intersuisse		 3.5</p>
<p>Business: Gold explorer Listing date: mid-September</p>
<p>----------------------------------------------------------------</p>
<p>Roper River Gold NL    RRG.AX  0.20  Not underwritten	 2.7</p>
<p>						 Sponsoring broker</p>
<p>						 Day Cutten</p>
<p>Business: Gold explorer Listing date: n/a</p>
<p>----------------------------------------------------------------</p>
<p>Tulloch Resources NL   TUL.AX  0.25  Not underwritten up to 5.0</p>
<p>						 Corporate adviser</p>
<p>						 Montagu Pty Ltd</p>
<p>Business: Gold explorer Listing date: n/a</p>
<p>----------------------------------------------------------------</p>
<p>-- Sydney Newsroom 61-2 9373-1800</p>
</text>
<copyright>(c) Reuters Limited 1997</copyright>
<metadata>
<codes class="bip:countries:1.0">
  <code code="AUSTR">
    <editdetail attribution="Reuters BIP Coding Group" action="confirmed" date="1997-08-03"/>
  </code>
</codes>
<codes class="bip:topics:1.0">
  <code code="C14">
    <editdetail attribution="Reuters BIP Coding Group" action="confirmed" date="1997-08-03"/>
  </code>
  <code code="C17">
    <editdetail attribution="Reuters BIP Coding Group" action="confirmed" date="1997-08-03"/>
  </code>
  <code code="C171">
    <editdetail attribution="Reuters BIP Coding Group" action="confirmed" date="1997-08-03"/>
  </code>
  <code code="CCAT">
    <editdetail attribution="Reuters BIP Coding Group" action="confirmed" date="1997-08-03"/>
  </code>
</codes>
<dc element="dc.date.created" value="1996-08-04"/>
<dc element="dc.publisher" value="Reuters Holdings Plc"/>
<dc element="dc.date.published" value="1997-08-03"/>
<dc element="dc.source" value="Reuters"/>
<dc element="dc.creator.location" value="SYDNEY"/>
<dc element="dc.creator.location.country.name" value="AUSTRALIA"/>
<dc element="dc.source" value="Reuters"/>
</metadata>
</newsitem>
