<?xml version="1.0" encoding="iso-8859-1" ?>
<newsitem itemid="774564" id="root" date="1997-08-03" xml:lang="en">
<title>NEW ZEALAND: NZ unveils Southern Hemisphere's tallest tower.</title>
<headline>NZ unveils Southern Hemisphere's tallest tower.</headline>
<dateline>AUCKLAND 1997-08-03</dateline>
<text>
<p>Tens of thousands of people braved cold, blustery weather to watch a fireworks and laser display celebrating the opening of New Zealand's Sky Tower on Sunday.</p>
<p>Much of Auckland was locked in traffic jams as spectators rushed to the best vantage points to see the tower, which stands 328 metres (yards) tall, light up like a roman candle and the harbour erupt to the effects of 44 tonnes of pyrotechnics.</p>
<p>The Sky Tower, said to be the tallest building in the Southern Hemisphere, forms part of the Sky City casino complex, which was officially opened last year.</p>
</text>
<copyright>(c) Reuters Limited 1997</copyright>
<metadata>
<codes class="bip:countries:1.0">
  <code code="NZ">
    <editdetail attribution="Reuters BIP Coding Group" action="confirmed" date="1997-08-03"/>
  </code>
</codes>
<codes class="bip:industries:1.0">
  <code code="I97912">
    <editdetail attribution="Reuters BIP Coding Group" action="confirmed" date="1997-08-03"/>
  </code>
</codes>
<codes class="bip:topics:1.0">
  <code code="C24">
    <editdetail attribution="Reuters BIP Coding Group" action="confirmed" date="1997-08-03"/>
  </code>
  <code code="CCAT">
    <editdetail attribution="Reuters BIP Coding Group" action="confirmed" date="1997-08-03"/>
  </code>
  <code code="GCAT">
    <editdetail attribution="Reuters BIP Coding Group" action="confirmed" date="1997-08-03"/>
  </code>
</codes>
<dc element="dc.date.created" value="1997-08-03"/>
<dc element="dc.publisher" value="Reuters Holdings Plc"/>
<dc element="dc.date.published" value="1997-08-03"/>
<dc element="dc.source" value="Reuters"/>
<dc element="dc.creator.location" value="AUCKLAND"/>
<dc element="dc.creator.location.country.name" value="NEW ZEALAND"/>
<dc element="dc.source" value="Reuters"/>
</metadata>
</newsitem>
