<?xml version="1.0" encoding="iso-8859-1" ?>
<newsitem itemid="774589" id="root" date="1997-08-03" xml:lang="en">
<title>TAIWAN: Taiwan may shut more overseas outposts -paper.</title>
<headline>Taiwan may shut more overseas outposts -paper.</headline>
<dateline>TAIPEI 1997-08-03</dateline>
<text>
<p>Taipei, which recently severed unofficial ties with Cambodia and cited arch-rival China as the reason, may shut down more overseas representative offices, a local newspaper reported on Sunday.</p>
<p>The foreign ministry was mulling closing its unofficial outposts that serve more &quot;symbolic&quot; than real diplomatic purposes, the Independence Evening Post quoted unnamed ministry sources as saying.</p>
<p>The newspaper did not say which offices Taipei may close and the ministry could not be reached immediately for comment.</p>
<p>Taipei on Monday withdrew its representatives from Phnom Penh and ordered Cambodia's Taipei office closed.</p>
<p>Cambodian strongman Hun Sen on July 22 had ordered the closing of Taiwan's office, alleging Taiwanese interference in his bloody early July showdown with the forces of royalist co-premier Prince Norodom Ranariddh.</p>
<p>Taipei has denied complicity in Cambodia's political turmoil and laid the blame for the row squarely with communist China, saying Beijing was calling the shots in Phnom Penh and now was widening its long-time diplomatic embargo of Taiwan to non-official spheres.</p>
<p>Beijing, rivals with Taipei since they were split by a civil war in 1949, considers Taiwan a renegade province not entitled to foreign contacts.</p>
<p>Taiwan currently has formal diplomatic ties with only 30 countries -- mostly poor states dependent on the wealthy island for economic succour.</p>
<p>It maintains unofficial relations with most other countries, including vibrant trade links with economic powers like the United States, Japan and even mainland China.</p>
</text>
<copyright>(c) Reuters Limited 1997</copyright>
<metadata>
<codes class="bip:countries:1.0">
  <code code="CHINA">
    <editdetail attribution="Reuters BIP Coding Group" action="confirmed" date="1997-08-03"/>
  </code>
  <code code="KAMPA">
    <editdetail attribution="Reuters BIP Coding Group" action="confirmed" date="1997-08-03"/>
  </code>
  <code code="TAIWAN">
    <editdetail attribution="Reuters BIP Coding Group" action="confirmed" date="1997-08-03"/>
  </code>
</codes>
<codes class="bip:topics:1.0">
  <code code="GCAT">
    <editdetail attribution="Reuters BIP Coding Group" action="confirmed" date="1997-08-03"/>
  </code>
  <code code="GDIP">
    <editdetail attribution="Reuters BIP Coding Group" action="confirmed" date="1997-08-03"/>
  </code>
</codes>
<dc element="dc.date.created" value="1997-08-03"/>
<dc element="dc.publisher" value="Reuters Holdings Plc"/>
<dc element="dc.date.published" value="1997-08-03"/>
<dc element="dc.source" value="Reuters"/>
<dc element="dc.creator.location" value="TAIPEI"/>
<dc element="dc.creator.location.country.name" value="TAIWAN"/>
<dc element="dc.source" value="Reuters"/>
</metadata>
</newsitem>
