<?xml version="1.0" encoding="iso-8859-1" ?>
<newsitem itemid="774521" id="root" date="1997-08-03" xml:lang="en">
<title>BOSNIA: Bosnian Croats force resettling Moslems to flee. [CORRECTED 20:50 GMT]</title>
<headline>Bosnian Croats force resettling Moslems to flee. [CORRECTED 20:50 GMT]</headline>
<dateline>SARAJEVO 1997-08-03</dateline>
<text>
<p>Hundreds of Moslems who returned to their pre-war homes over the last three weeks in a Croat-controlled area of Bosnia have been forced to flee again by drunken Croat mobs, officials said on Sunday.</p>
<p>The refugees had been filtering back to the town of Jajce and surrounding villages, about 100 km (60 miles) northwest of Sarajevo, a spokesman for the NATO-led peace force in Bosnia (SFOR) said.</p>
<p>A crowd of local Croats, realising how many Moslems had returned to the area, blocked a road all day on Friday to prevent more from coming back, United Nations International Police Task Force (IPTF) spokesman Alex Ivanko said.</p>
<p>Local police failed to disband the crowd after it turned violent, Ivanko said, and the situation continued through Saturday into the night as Croats intimidated Moslem returnees.</p>
<p>Moslems and Bosnian Croats allied with each other in 1994 under a U.S. brokered deal and are now joined in a Moslem-Croat Federation which makes up half of post-war Bosnia.</p>
<p>However the federation is still peppered with areas populated mainly by either Bosnian Croats or Moslems.</p>
<p>&quot;Groups of Croats hung around the area in the night drinking heavily and waiting for the (Moslems) to return. One empty house was seen burning in the area and an IPTF vehicle was stoned early this morning by Croats who were heavily intoxicated,&quot; Ivanko told Reuters.</p>
<p>He said 372 Moslems decided not to stay and moved to a police station in a nearby Moslem-controlled area.</p>
<p>&quot;It is not good news of course. Jajce was one of the few areas where there was quite a substantial number of (Moslem) families who had returned to their homes over the past three weeks,&quot; Ivanko said.</p>
<p>&quot;Now a very big portion of those families doesn't feel secure there. The police are not able to provide security.&quot;</p>
<p>Under the Dayton peace agreement which ended the Bosnian war in November 1995, all refugees in the former Yugoslavia have the right to return to their pre-war homes. However progress has been slow throughout the region.</p>
<p>An SFOR source (corrects from &quot;The SFOR spokesman&quot;) said Bosnian Croats have been prevented from returning to the town of Bugojno, in a Moslem area, and were angered by the return to their area by Moslems.</p>
<p>On Friday in the Sarajevo suburb of Vogosca, a Serb group of refugees who had come to negotiate their possible return to the area were stoned by an angry group of Moslem women who fled the enclave of Srebrenica in 1995.</p>
<p>Thousands of Moslem men disappeared in Srebrenica and are believed to have been massacred by Serb soldiers who captured the town.</p>
</text>
<copyright>(c) Reuters Limited 1997</copyright>
<metadata>
<codes class="bip:countries:1.0">
  <code code="BSHZG">
    <editdetail attribution="Reuters BIP Coding Group" action="confirmed" date="1997-08-03"/>
  </code>
  <code code="CRTIA">
    <editdetail attribution="Reuters BIP Coding Group" action="confirmed" date="1997-08-03"/>
  </code>
</codes>
<codes class="bip:topics:1.0">
  <code code="GCAT">
    <editdetail attribution="Reuters BIP Coding Group" action="confirmed" date="1997-08-03"/>
  </code>
  <code code="GVIO">
    <editdetail attribution="Reuters BIP Coding Group" action="confirmed" date="1997-08-03"/>
  </code>
</codes>
<dc element="dc.date.created" value="1997-08-03"/>
<dc element="dc.publisher" value="Reuters Holdings Plc"/>
<dc element="dc.date.published" value="1997-08-03"/>
<dc element="dc.source" value="Reuters"/>
<dc element="dc.creator.location" value="SARAJEVO"/>
<dc element="dc.creator.location.country.name" value="BOSNIA"/>
<dc element="dc.source" value="Reuters"/>
</metadata>
</newsitem>
