<?xml version="1.0" encoding="iso-8859-1" ?>
<newsitem itemid="774693" id="root" date="1997-08-03" xml:lang="en">
<title>USA: Union prepares to strike at United Parcel Service.</title>
<headline>Union prepares to strike at United Parcel Service.</headline>
<byline>Jim Wolf</byline>
<dateline>WASHINGTON 1997-08-03</dateline>
<text>
<p>The International Brotherhood of Teamsters prepared on Sunday to go on strike against United Parcel Service, the biggest U.S. shipper, with contract talks at a standstill.</p>
<p>The Teamsters sent a revised contract proposal to the company on Saturday, but no negotiations were scheduled as of noon EDT (1600 GMT) Sunday. The union set a strike deadline of midnight EDT (0400 on Monday GMT).</p>
<p>&quot;We're waiting to hear from the company. The ball's in their court,&quot; said Rand Wilson, a union spokesman. &quot;They have to come to the table and negotiate. Otherwise at midnight tonight, there will be a strike.&quot;</p>
<p>Wilson said the Teamsters had made &quot;slight modifications&quot; in their latest offer based on the 15 hours of talks over two days with the company and federal mediators. He declined to discuss the substance of the changes.</p>
<p>UPS and officials of the Federal Mediation and Conciliation Service in Washington did not return repeated phone calls seeking comment.</p>
<p>More than 185,000 Teamster package sorters, loaders and drivers were scheduled to walk out in the absence of a new contract shifting more workers into full-time jobs than the company has agreed to so far.</p>
<p>About 60 percent of UPS workers are part-timers, according to the union, which wants the company to provide thousands of new full-time job openings. The company proposed on Wednesday night to create 200 new full-time jobs per year from part-time positions, the union said.</p>
<p>The union and UPS also remain apart on curbing the company's ability to subcontract jobs, strengthening pension benefits and boosting health and safety standards.</p>
<p>With its trademark brown trucks, UPS normally handles an estimated four-fifths of the packages shipped by ground nationwide.</p>
<p>But the threat of a strike has hurt business at UPS, which typically delivers 12 million packages a day. The company said last week it was losing about $5 million a day in business to competitors such as the U.S. Postal Service and Federal Express Corp.</p>
<p>Talks between the union and Atlanta-based UPS were recessed on Friday night. The union postponed an initial strike deadline of midnight Thursday at the request of federal mediation service director John Calhoun Wells.</p>
<p>On Saturday UPS expressed interest in continuing talks, but a company spokeswoman, Gina Ellrich, called it &quot;very unfortunate&quot; that a new deadline had been set.</p>
<p>With revenue of $22.4 billion in 1996, UPS annually handles about three billion parcels and documents, shipped to more than 200 countries from 1,700 hubs and centres.</p>
</text>
<copyright>(c) Reuters Limited 1997</copyright>
<metadata>
<codes class="bip:countries:1.0">
  <code code="USA">
    <editdetail attribution="Reuters BIP Coding Group" action="confirmed" date="1997-08-03"/>
  </code>
</codes>
<codes class="bip:industries:1.0">
  <code code="I79010">
    <editdetail attribution="Reuters BIP Coding Group" action="confirmed" date="1997-08-03"/>
  </code>
</codes>
<codes class="bip:topics:1.0">
  <code code="C42">
    <editdetail attribution="Reuters BIP Coding Group" action="confirmed" date="1997-08-03"/>
  </code>
  <code code="CCAT">
    <editdetail attribution="Reuters BIP Coding Group" action="confirmed" date="1997-08-03"/>
  </code>
  <code code="E41">
    <editdetail attribution="Reuters BIP Coding Group" action="confirmed" date="1997-08-03"/>
  </code>
  <code code="ECAT">
    <editdetail attribution="Reuters BIP Coding Group" action="confirmed" date="1997-08-03"/>
  </code>
  <code code="GCAT">
    <editdetail attribution="Reuters BIP Coding Group" action="confirmed" date="1997-08-03"/>
  </code>
  <code code="GJOB">
    <editdetail attribution="Reuters BIP Coding Group" action="confirmed" date="1997-08-03"/>
  </code>
</codes>
<dc element="dc.date.created" value="1997-08-03"/>
<dc element="dc.publisher" value="Reuters Holdings Plc"/>
<dc element="dc.date.published" value="1997-08-03"/>
<dc element="dc.source" value="Reuters"/>
<dc element="dc.creator.location" value="WASHINGTON"/>
<dc element="dc.creator.location.country.name" value="USA"/>
<dc element="dc.source" value="Reuters"/>
</metadata>
</newsitem>
