<?xml version="1.0" encoding="iso-8859-1" ?>
<newsitem itemid="774642" id="root" date="1997-08-03" xml:lang="en">
<title>EGYPT: Egypt puts on trial 23 suspected Moslem militants.</title>
<headline>Egypt puts on trial 23 suspected Moslem militants.</headline>
<byline>Esmat Salaheddin</byline>
<dateline>CAIRO 1997-08-03</dateline>
<text>
<p>A Cairo state security court began on Sunday the trial of 23 suspected Moslem militants on charges of plotting to overthrow the government and planning to kill senior officials, police officers and tourists.</p>
<p>Four of the defendants are still at large, including Mustafa Hamza, whom Egypt and Ethiopia say masterminded the failed assassination attempt against Egyptian President Hosni Mubarak in Addis Ababa in 1995.</p>
<p>The defendants in court pleaded not guilty to the charges, which also include belonging to an illegal group, a reference to the al-Gama'a al-Islamiya (Islamic Group), and to planning to damage state establishments.</p>
<p>Prosecutors said police seized weapons and money belonging to the group, which they said received military training in Sudan and Afghanistan. It is not clear what sentence the prosecution wants.</p>
<p>&quot;The charges are just the same as in all other trials of that kind,&quot; one of the defence lawyers said.</p>
<p>One of the defendants was a juvenile at the time of the alleged crimes, which prosecutors said took place between June 1994 and March 1995.</p>
<p>He is standing trial with the adults despite a new law which says juvenile militants can be tried in special courts with a maximum sentence of life imprisonment with hard labour. The 18-year-old has been in detention for more than two years and his inclusion in the state security trial means he could receive a death sentence.</p>
<p>&quot;As in other cases, defence arguments about trying a juvenile in an adult court were rejected (by the judge),&quot; said Mohamed el-Sawi, a human rights activist.</p>
<p>Two of the prosecution's nine witnesses, all of them state security officers, told the court they did not find anything illegal with two of the defendants they had arrested.</p>
<p>Most of the defendants were arrested in early 1995. The trial adjourned until September 1.</p>
<p>Lawyers complained they had not been allowed to read the case files and had been prevented from talking to their clients.</p>
<p>&quot;We have not read one page in this case and we do not know their conditions because visits are not allowed,&quot; said defence lawyer Yehia Ahmed Mutwalli.</p>
<p>&quot;My client has a court ruling allowing him to attend exams at the faculty of medicine, but he was not even allowed to get his books,&quot; defence lawyer Mohamed Abdul Qawi said.</p>
<p>One defendant's relative who declined to be named said: &quot;We have not been permitted to visit them (in prison) for over three years.&quot; He said there were 10 to 15 defendants in each prison cell and that illnesses such as tuberculosis and skin diseases were widespread.</p>
<p>The defendants looked calm and sat quietly in the court cage, talking in the break with relatives. Some held up copies of the Holy Quran.</p>
<p>The judge, Salah Bodoor, talked to the defendants before the session. One of them told Reuters &quot;Bodoor said, 'You are in fair hands.' But he is well-known for his severe sentences&quot;.</p>
<p>The Gama'a has been fighting the government since 1992 to establish a strict Islamic state. More than 1,000 people have been killed in the conflict.</p>
</text>
<copyright>(c) Reuters Limited 1997</copyright>
<metadata>
<codes class="bip:countries:1.0">
  <code code="EGYPT">
    <editdetail attribution="Reuters BIP Coding Group" action="confirmed" date="1997-08-03"/>
  </code>
  <code code="ETHPA">
    <editdetail attribution="Reuters BIP Coding Group" action="confirmed" date="1997-08-03"/>
  </code>
</codes>
<codes class="bip:topics:1.0">
  <code code="GCAT">
    <editdetail attribution="Reuters BIP Coding Group" action="confirmed" date="1997-08-03"/>
  </code>
  <code code="GCRIM">
    <editdetail attribution="Reuters BIP Coding Group" action="confirmed" date="1997-08-03"/>
  </code>
  <code code="GVIO">
    <editdetail attribution="Reuters BIP Coding Group" action="confirmed" date="1997-08-03"/>
  </code>
</codes>
<dc element="dc.date.created" value="1997-08-03"/>
<dc element="dc.publisher" value="Reuters Holdings Plc"/>
<dc element="dc.date.published" value="1997-08-03"/>
<dc element="dc.source" value="Reuters"/>
<dc element="dc.creator.location" value="CAIRO"/>
<dc element="dc.creator.location.country.name" value="EGYPT"/>
<dc element="dc.source" value="Reuters"/>
</metadata>
</newsitem>
