<?xml version="1.0" encoding="iso-8859-1" ?>
<newsitem itemid="774697" id="root" date="1997-08-03" xml:lang="en">
<title>USA: Gingrich says U.S. budget deal only &quot;half the loaf&quot;.</title>
<headline>Gingrich says U.S. budget deal only &quot;half the loaf&quot;.</headline>
<dateline>WASHINGTON 1997-08-03</dateline>
<text>
<p>Republican Speaker Newt Gingrich on Sunday acclaimed last week's budget legislation as proof that a Republican Congress &quot;makes a difference,&quot; but said the job was only half done and promised more tax cuts.</p>
<p>Speaking on &quot;Fox News Sunday,&quot; the Georgia Republican said, &quot;We cut taxes, reformed welfare, balanced the budget and saved Medicare, and that -- pretty much in terms of what the Contract with America started in 1994 -- that's an historic achievement ... to work toward goals the American people want.&quot;</p>
<p>Addressing criticism from conservatives that the balanced budget deal did not go far enough, Gingrich said Thursday's passage of the bill by Congress was a launching point and said there would be more tax cuts in each of the next three years.</p>
<p>He said any concerns that the Republican-controlled Congress had compromised with the Democrat White House would be remedied by more tax cuts next year.</p>
<p>&quot;We are going to move another tax cut in 1998. My point to conservatives would be take this half loaf, put some jam and jelly on it, enjoy it, now let's bake another half loaf in '98, then let's win the '98 election, let's come back in '99, have another tax cut, come back in 2000, have another tax cut,&quot; he said.</p>
<p>&quot;These four tax cuts, all signed by Bill Clinton, will move us toward a country with smaller government, lower taxes, more growth. It seems to be that's what conservatives stand for.</p>
<p>&quot;Let's not sit around and gripe and complain because we only got half a loaf when we really wanted to have the whole loaf.&quot;</p>
<p>In an early display of drum beating for next year's mid-term Congress elections, Gingrich said, &quot;Now you have proof that a Republican Congress does make a difference. Every family with children is going to have real proof in January; everyone who saves and invests is going to have real proof, everyone who has a small family farm is going to have real proof.</p>
<p>&quot;As people see in their pocket that they have more real spending power the Republican Congress will have more meaning in their lives.&quot;</p>
<p>The tax legislation, still to be signed by Clinton, includes a $500 per-child tax credit, credits for college education and a reduction in the top capital gains tax rate to 20 percent from 28 percent.</p>
<p>It also provides inheritance tax relief by raising the threshold at which the estate tax kicks in to $1 million from the current $600,000 over several years.</p>
</text>
<copyright>(c) Reuters Limited 1997</copyright>
<metadata>
<codes class="bip:countries:1.0">
  <code code="USA">
    <editdetail attribution="Reuters BIP Coding Group" action="confirmed" date="1997-08-03"/>
  </code>
</codes>
<codes class="bip:topics:1.0">
  <code code="E21">
    <editdetail attribution="Reuters BIP Coding Group" action="confirmed" date="1997-08-03"/>
  </code>
  <code code="E211">
    <editdetail attribution="Reuters BIP Coding Group" action="confirmed" date="1997-08-03"/>
  </code>
  <code code="ECAT">
    <editdetail attribution="Reuters BIP Coding Group" action="confirmed" date="1997-08-03"/>
  </code>
  <code code="GCAT">
    <editdetail attribution="Reuters BIP Coding Group" action="confirmed" date="1997-08-03"/>
  </code>
  <code code="GPOL">
    <editdetail attribution="Reuters BIP Coding Group" action="confirmed" date="1997-08-03"/>
  </code>
</codes>
<dc element="dc.date.created" value="1997-08-03"/>
<dc element="dc.publisher" value="Reuters Holdings Plc"/>
<dc element="dc.date.published" value="1997-08-03"/>
<dc element="dc.source" value="Reuters"/>
<dc element="dc.creator.location" value="WASHINGTON"/>
<dc element="dc.creator.location.country.name" value="USA"/>
<dc element="dc.source" value="Reuters"/>
</metadata>
</newsitem>
