<?xml version="1.0" encoding="iso-8859-1" ?>
<newsitem itemid="774691" id="root" date="1997-08-03" xml:lang="en">
<title>USA: Top 10 movies at U.S. box office.</title>
<headline>Top 10 movies at U.S. box office.</headline>
<dateline>LOS ANGELES 1997-08-03</dateline>
<text>
<p>Following are movie ticket sales at the U.S. box office for the August 1-3 weekend, according to studio estimates from Exhibitor Relations Co.</p>
<p>Final data will be issued on Monday.</p>
<p> 1 (1) Air Force One ..........................  $26.2 million</p>
<p> 2 (*) Spawn ..................................  $21.5 million</p>
<p> 3 (2) George of the Jungle ....................  $8.4 million</p>
<p> 4 (3) Men in Black ............................  $8.0 million</p>
<p> 5 (*) Picture Perfect .........................  $7.5 million</p>
<p> 6 (4) Contact .................................  $6.1 million</p>
<p> 7 (*) Air Bud .................................  $4.7 million</p>
<p> 8 (6) Nothing To Lose .........................  $4.3 million</p>
<p> 9 (7) Face/Off ................................  $3.8 million</p>
<p> 10(5) Good Burger .............................  $3.6 million</p>
<p>NOTE: Last weekend's position in parentheses. * denotes new release.</p>
<p>&quot;Air Force One&quot; and &quot;Men in Black&quot; are released by Columbia Pictures, a unit of Sony Corp. Sony's TriStar studio released &quot;My Best Friend's Wedding.&quot;</p>
<p>&quot;Spawn&quot; is released by New Line Cinema, a unit of Time Warner Inc.</p>
<p>&quot;George of the Jungle,&quot; &quot;Air Bud&quot; and &quot;Nothing to Lose&quot; are from Walt Disney Co.</p>
<p>&quot;Picture Perfect&quot; is released by 20th Century Fox, a unit of News Corp.</p>
<p>&quot;Contact&quot; is released by Warner Bros, a unit of Time Warner.</p>
<p>&quot;Good Burger&quot; and &quot;Face/Off&quot; are released by Paramount Pictures, a unit of Viacom Inc..</p>
</text>
<copyright>(c) Reuters Limited 1997</copyright>
<metadata>
<codes class="bip:countries:1.0">
  <code code="USA">
    <editdetail attribution="Reuters BIP Coding Group" action="confirmed" date="1997-08-03"/>
  </code>
</codes>
<codes class="bip:industries:1.0">
  <code code="I34540">
    <editdetail attribution="Reuters BIP Coding Group" action="confirmed" date="1997-08-03"/>
  </code>
  <code code="I47500">
    <editdetail attribution="Reuters BIP Coding Group" action="confirmed" date="1997-08-03"/>
  </code>
  <code code="I83960">
    <editdetail attribution="Reuters BIP Coding Group" action="confirmed" date="1997-08-03"/>
  </code>
  <code code="I97100">
    <editdetail attribution="Reuters BIP Coding Group" action="confirmed" date="1997-08-03"/>
  </code>
  <code code="I97400">
    <editdetail attribution="Reuters BIP Coding Group" action="confirmed" date="1997-08-03"/>
  </code>
</codes>
<codes class="bip:topics:1.0">
  <code code="C31">
    <editdetail attribution="Reuters BIP Coding Group" action="confirmed" date="1997-08-03"/>
  </code>
  <code code="CCAT">
    <editdetail attribution="Reuters BIP Coding Group" action="confirmed" date="1997-08-03"/>
  </code>
  <code code="GCAT">
    <editdetail attribution="Reuters BIP Coding Group" action="confirmed" date="1997-08-03"/>
  </code>
  <code code="GENT">
    <editdetail attribution="Reuters BIP Coding Group" action="confirmed" date="1997-08-03"/>
  </code>
</codes>
<dc element="dc.date.created" value="1997-08-03"/>
<dc element="dc.publisher" value="Reuters Holdings Plc"/>
<dc element="dc.date.published" value="1997-08-03"/>
<dc element="dc.source" value="Reuters"/>
<dc element="dc.creator.location" value="LOS ANGELES"/>
<dc element="dc.creator.location.country.name" value="USA"/>
<dc element="dc.source" value="Reuters"/>
</metadata>
</newsitem>
