<?xml version="1.0" encoding="iso-8859-1" ?>
<newsitem itemid="774634" id="root" date="1997-08-03" xml:lang="en">
<title>ISRAEL: Palestinians strained by Israel entry ban.</title>
<headline>Palestinians strained by Israel entry ban.</headline>
<dateline>NABLUS, West Bank 1997-08-03</dateline>
<text>
<p>Since two suicide bombers killed 13 people in a Jewish market four days ago Zuhair, 35, has been barred from Israel and out of work.</p>
<p>&quot;I spent from my savings and I can continue this for a couple of days,&quot; said Zuhair, a Palestinian who supports his family of seven by laying tiles in Tel Aviv for $35 a day.</p>
<p>&quot;But if I don't go back to my work soon, I don't know how I can manage,&quot; he told Reuters, declining to give his last name.</p>
<p>Israel closed its borders to the two million Palestinians of the West Bank and Gaza Strip immediately after Wednesday's bombing and restricted travel between Arab villages, cities and towns in the territories.</p>
<p>&quot;Palestinians are under house arrest because of this double closure,&quot; said Shaher Saed, General-Secretary of the Palestine General Federation of Trade Unions.</p>
<p>&quot;People are eating stored food. Someday we'll run out,&quot; said Fraij al-Khairy, Palestinian Deputy Minister of Civil Affairs.</p>
<p>Khairy said trade between the territories and Israel stopped after the bombing when Palestinians refused an offer to import Israeli goods without being allowed to export their own.</p>
<p>&quot;This is the strictest closure ever since the Palestinian Authority took over... We are in a big and crucial prison. This closure is beyond the human imagination,&quot; he said.</p>
<p>Since the bombing, the Allenby Bridge, which links Jordan and the West Bank, has been closed to Palestinians as has been the crossing linking the Gaza Strip and Egypt.</p>
<p>Under interim peace deals between Israel and the Palestine Liberation Organisation (PLO) since September 1993, Israel remains in charge of international borders. The Palestinian Authority is in charge of self-rule enclaves set up in most of Gaza and parts of the West Bank under the deals.</p>
<p>Israel is also withholding tax refunds of $200 million it owes the authority.</p>
<p>&quot;They'll be resumed like everything else when we see a change of attitude in the Palestinian Authority,&quot; said David Bar-Illan, communications chief for Israeli Prime Minister Benjamin Netanyahu.</p>
<p>Israeli officials say the restrictions are necessary to prevent more suicide bomb attacks.</p>
<p>Palestinians say the closures and other steps are collective punishment.</p>
<p>&quot;The idea is to exchange land for peace, not labour for peace. Every time there is a violent act, they put a ban on the workers,&quot; said Mohammed Shtayyeh, Director of the Palestinian Economic Council for Development and Reconstruction.</p>
<p>Since Israel and PLO signed their historic 1993 deal, as many as 60,000 Palestinians daily entered Israel legally to work. But periodic closures for security reasons have often kept them from work and played havoc with the Palestinian economy.</p>
<p>Normally, unemployment in the West Bank and Gaza ranges from 15 to 26 percent, but during closures it can jump to more than 60 percent, Palestinian analysts said.</p>
<p>They said the current restrictions could cost the Palestinian economy $6-7 million per day.</p>
<p>Even if the borders open relatively quickly, Palestinian workers may find they've been replaced by foreign workers.</p>
<p>Israel's Association of Contractors and Builders put a ban on hiring Palestinians after the bombing.</p>
<p>&quot;We are not against the Palestinians, we are against the situation,&quot; said Amos Baram, head of the association.</p>
<p>&quot;But of the 40,000 to 50,000 Palestinians entering each day to work...one might be one of them (a bomber). We can't take any more responsibility.&quot;</p>
</text>
<copyright>(c) Reuters Limited 1997</copyright>
<metadata>
<codes class="bip:countries:1.0">
  <code code="ISRAEL">
    <editdetail attribution="Reuters BIP Coding Group" action="confirmed" date="1997-08-03"/>
  </code>
</codes>
<codes class="bip:topics:1.0">
  <code code="GCAT">
    <editdetail attribution="Reuters BIP Coding Group" action="confirmed" date="1997-08-03"/>
  </code>
  <code code="GPOL">
    <editdetail attribution="Reuters BIP Coding Group" action="confirmed" date="1997-08-03"/>
  </code>
  <code code="GVIO">
    <editdetail attribution="Reuters BIP Coding Group" action="confirmed" date="1997-08-03"/>
  </code>
</codes>
<dc element="dc.date.created" value="1997-08-03"/>
<dc element="dc.publisher" value="Reuters Holdings Plc"/>
<dc element="dc.date.published" value="1997-08-03"/>
<dc element="dc.source" value="Reuters"/>
<dc element="dc.creator.location" value="NABLUS, West Bank"/>
<dc element="dc.creator.location.country.name" value="ISRAEL"/>
<dc element="dc.source" value="Reuters"/>
</metadata>
</newsitem>
