<?xml version="1.0" encoding="iso-8859-1" ?>
<newsitem itemid="774618" id="root" date="1997-08-03" xml:lang="en">
<title>IRAN: Iran, EU miss chance for fresh start.</title>
<headline>Iran, EU miss chance for fresh start.</headline>
<byline>Ashraf Fouad</byline>
<dateline>TEHRAN 1997-08-03</dateline>
<text>
<p>Iran and the European Union appear to have missed an opportunity to make a fresh start in thorny relations by failing to agree on procedures for the return of EU ambassadors to Tehran, diplomats said on Sunday.</p>
<p>&quot;The idea was that (Mohammad) Khatami's inauguration on Sunday (as Iran's new president) offered a very good opportunity to solve the problem,&quot; a Western diplomat said.</p>
<p>Khatami, elected by a landslide in May, was confirmed as president on Sunday by supreme leader Ayatollah Ali Khamenei in a ceremony to which all ambassadors accredited by Iran -- but not their deputies -- were invited.</p>
<p>The ambassadors, including EU envoys, were also invited to Khatami's oath-taking in parliament on Monday.</p>
<p>&quot;Nothing is impossible,&quot; said one diplomat close to efforts to resolve the dispute over the manner of the diplomats' return. &quot;But it is far too late now and I think the EU has given up&quot; on using the Khatami inauguration to send back their envoys.</p>
<p>The EU ambassadors left Tehran after a German court concluded in April that Iran's top leaders ordered the killing of Kurdish dissidents in Berlin's Mykonos restaurant in 1992.</p>
<p>At the same time the EU suspended ministerial contacts with Iran and halted its policy, championed by Germany, of &quot;critical dialogue&quot; with the Islamic republic.</p>
<p>Iran, furious at the implication of its top leadership, recalled its ambassadors from European capitals in retaliation and insisted German ambassador Horst Beschmann should be the last EU envoy to return.</p>
<p>The EU refused to allow Tehran to dictate its terms.</p>
<p>Iran said on Saturday night the ambassadors were welcomed to return and &quot;admit they made a mistake&quot;, insisting the German should be the last man in.</p>
<p>The EU proposed working around the demand by making other EU ambassadors fly back to Tehran with the German envoy who would be the last man to disembark from the aircraft.</p>
<p>Diplomats said Iran rejected that proposal but appeared to ease its demand.</p>
<p>&quot;When the idea was first floated, Iran said the German ambassador could return 10 days after the others but later dropped it to one day&quot; as the inauguration date got closer, one diplomat said.</p>
<p>But the EU refuses to fall in with Iran's plan.</p>
<p>&quot;The EU will not send back the ambassadors if the German ambassador is the last one in,&quot; said the diplomat. &quot;It is self protection because it could happen to any of us in the future.&quot;</p>
<p>The EU negotiations with Iran were conducted by Luxembourg which is current holder of the rotating EU presidency but does not have an embassy in Tehran.</p>
<p>Diplomats said the Iranian Foreign Ministry would have liked to deal with each EU state bilateraly. &quot;The leverage as a single group is much greater. We could not have them single out one country like this.&quot;</p>
<p>But even if the two sides eventually reach a formula it would not be the end of Tehran's troubles with the EU.</p>
<p>While some EU states see Khatami as a moderate Iranian clergyman they realise he would be commiting political suicide if he attempted early in his presidency to resolve the lingering dispute over a death edict by late Iranian leader Ayatollah Ruhollah Khomeini against British author Salman Rushdie for blaspheming Islam in his novel &quot;The Satanic Verses&quot;.</p>
</text>
<copyright>(c) Reuters Limited 1997</copyright>
<metadata>
<codes class="bip:countries:1.0">
  <code code="EEC">
    <editdetail attribution="Reuters BIP Coding Group" action="confirmed" date="1997-08-03"/>
  </code>
  <code code="IRAN">
    <editdetail attribution="Reuters BIP Coding Group" action="confirmed" date="1997-08-03"/>
  </code>
</codes>
<codes class="bip:topics:1.0">
  <code code="G15">
    <editdetail attribution="Reuters BIP Coding Group" action="confirmed" date="1997-08-03"/>
  </code>
  <code code="G158">
    <editdetail attribution="Reuters BIP Coding Group" action="confirmed" date="1997-08-03"/>
  </code>
  <code code="GCAT">
    <editdetail attribution="Reuters BIP Coding Group" action="confirmed" date="1997-08-03"/>
  </code>
  <code code="GDIP">
    <editdetail attribution="Reuters BIP Coding Group" action="confirmed" date="1997-08-03"/>
  </code>
</codes>
<dc element="dc.date.created" value="1997-08-03"/>
<dc element="dc.publisher" value="Reuters Holdings Plc"/>
<dc element="dc.date.published" value="1997-08-03"/>
<dc element="dc.source" value="Reuters"/>
<dc element="dc.creator.location" value="TEHRAN"/>
<dc element="dc.creator.location.country.name" value="IRAN"/>
<dc element="dc.source" value="Reuters"/>
</metadata>
</newsitem>
