<?xml version="1.0" encoding="iso-8859-1" ?>
<newsitem itemid="774683" id="root" date="1997-08-03" xml:lang="en">
<title>USA: UPS, Teamsters resume talks to avert strike.</title>
<headline>UPS, Teamsters resume talks to avert strike.</headline>
<dateline>WASHINGTON 1997-08-03</dateline>
<text>
<p>The International Brotherhood of Teamsters and United Parcel Service, the biggest U.S. parcel carrier, resumed contract talks on Sunday evening in a last-ditch bid to avert a threatened strike.</p>
<p>Teamsters president Ron Carey repeated the union's threat to walk out at a midnight EDT deadline, if no new contract had been agreed. &quot;If the company does not address the issues ... I assure you at 12:01, we'll be on strike,&quot; Carey told reporters as the union delegation arrived for the talks.  </p>
<p>&quot;We are willing and ready to continue talking with the Teamsters this evening,&quot; said UPS spokeswoman Gina Ellrich, noting that the threat of a strike had already reduced the carrier's shipping volume by one million packages from 12 million, forcing it to lay off several thousand workers.</p>
<p>&quot;We are working hard to resolve the issues together,&quot; she said.</p>
<p>Carey said the union had submitted a comprehensive contract proposal to the federal mediator Saturday evening, but the company had not yet responded. He said the union was particularly concerned about preventing work going to subcontractors rather than union workers, the pension plan and health and safety issues.</p>
<p>UPS Chairman and CEO James Kelly and his negotiating team arrived around 6:30 p.m. EDT to meet with the mediator and consider the union proposal.</p>
</text>
<copyright>(c) Reuters Limited 1997</copyright>
<metadata>
<codes class="bip:countries:1.0">
  <code code="USA">
    <editdetail attribution="Reuters BIP Coding Group" action="confirmed" date="1997-08-03"/>
  </code>
</codes>
<codes class="bip:industries:1.0">
  <code code="I79010">
    <editdetail attribution="Reuters BIP Coding Group" action="confirmed" date="1997-08-03"/>
  </code>
</codes>
<codes class="bip:topics:1.0">
  <code code="C42">
    <editdetail attribution="Reuters BIP Coding Group" action="confirmed" date="1997-08-03"/>
  </code>
  <code code="CCAT">
    <editdetail attribution="Reuters BIP Coding Group" action="confirmed" date="1997-08-03"/>
  </code>
  <code code="E41">
    <editdetail attribution="Reuters BIP Coding Group" action="confirmed" date="1997-08-03"/>
  </code>
  <code code="ECAT">
    <editdetail attribution="Reuters BIP Coding Group" action="confirmed" date="1997-08-03"/>
  </code>
  <code code="GCAT">
    <editdetail attribution="Reuters BIP Coding Group" action="confirmed" date="1997-08-03"/>
  </code>
  <code code="GJOB">
    <editdetail attribution="Reuters BIP Coding Group" action="confirmed" date="1997-08-03"/>
  </code>
</codes>
<dc element="dc.date.created" value="1997-08-03"/>
<dc element="dc.publisher" value="Reuters Holdings Plc"/>
<dc element="dc.date.published" value="1997-08-03"/>
<dc element="dc.source" value="Reuters"/>
<dc element="dc.creator.location" value="WASHINGTON"/>
<dc element="dc.creator.location.country.name" value="USA"/>
<dc element="dc.source" value="Reuters"/>
</metadata>
</newsitem>
