<?xml version="1.0" encoding="iso-8859-1" ?>
<newsitem itemid="774633" id="root" date="1997-08-03" xml:lang="en">
<title>BAHRAIN: Saudi's National Shipping in $427 mln Chase deal.</title>
<headline>Saudi's National Shipping in $427 mln Chase deal.</headline>
<dateline>MANAMA, Bahrain</dateline>
<text>
<p>National Shipping Company of Saudi Arabia said Sunday it had signed two financing facilities worth $427 million with Chase Manhattan Bank.</p>
<p>A statement said the first deal worth $300 million would be used to refinance the purchase of five very large crude carriers (VLCC) and the second worth $127 million to finance the building of three container ships.</p>
<p>NSCSA, 28.8 percent owned by the Saudi government, has already taken delivery of the five VLCCs built at a cost of around $400 million by Japan's Mitsubishi Heavy Industries.</p>
<p>The ships will carry crude produced by state-run Saudi Aramco under a three-year agreement signed last year with Aramco shipping arm Vela International Marine.</p>
<p>The statement said South Korea's Samsung would build three container ships for NSCSA. The vessels would be delivered in 1999.</p>
</text>
<copyright>(c) Reuters Limited 1997</copyright>
<metadata>
<codes class="bip:countries:1.0">
  <code code="SAARAB">
    <editdetail attribution="Reuters BIP Coding Group" action="confirmed" date="1997-08-03"/>
  </code>
</codes>
<codes class="bip:industries:1.0">
  <code code="I74000">
    <editdetail attribution="Reuters BIP Coding Group" action="confirmed" date="1997-08-03"/>
  </code>
</codes>
<codes class="bip:topics:1.0">
  <code code="C17">
    <editdetail attribution="Reuters BIP Coding Group" action="confirmed" date="1997-08-03"/>
  </code>
  <code code="C173">
    <editdetail attribution="Reuters BIP Coding Group" action="confirmed" date="1997-08-03"/>
  </code>
  <code code="CCAT">
    <editdetail attribution="Reuters BIP Coding Group" action="confirmed" date="1997-08-03"/>
  </code>
</codes>
<dc element="dc.publisher" value="Reuters Holdings Plc"/>
<dc element="dc.date.published" value="1997-08-03"/>
<dc element="dc.source" value="Reuters"/>
<dc element="dc.creator.location" value="MANAMA, Bahrain"/>
<dc element="dc.creator.location.country.name" value="BAHRAIN"/>
<dc element="dc.source" value="Reuters"/>
</metadata>
</newsitem>
