<?xml version="1.0" encoding="iso-8859-1" ?>
<newsitem itemid="774652" id="root" date="1997-08-03" xml:lang="en">
<title>BAHRAIN: Bahrain's population grows 3.6 percent in a year.</title>
<headline>Bahrain's population grows 3.6 percent in a year.</headline>
<dateline>MANAMA 1997-08-03</dateline>
<text>
<p>Bahrain's population grew 3.6 percent in the year to end-June mainly due to an increase in the number of foreigners in the Gulf Arab state, official figures showed on Sunday.</p>
<p>Data from the Central Statistic Organisation (CSO) showed Bahrain's population expanded to 620,378 on June 30, 1997 from 598,625 a year earlier.</p>
<p>Foreigners -- mainly from India, Pakistan, Bangladesh and the Philippines -- make up almost 39 percent of the population.</p>
<p>The figures show the number of foreigners in the island state grew 4.8 percent to 240,423 and the number of nationals rose 2.9 percent to 379,955 in the year to June 30, 1997.</p>
<p>&quot;It is no secret the rate of growth in population in Bahrain is among the highest in the world and we must ensure that we plan our families,&quot; CSO president Sheikh Mohammed Atiyatullah al-Khalifa said in remarks published last week.</p>
<p>&quot;It is...important to note that the burden of the government to provide services...is increasing,&quot; Sheikh Mohammed said.</p>
<p>Bahrain's government last month gave foreigners staying illegally in the island until October 31 to legalise their stay or leave without any penalty.</p>
<p>Foreign workers, mainly low-paid and unskilled from India, Pakistan, Bangladesh and the Philippines, hold around 130,000 jobs in Bahrain out of a total workforce of 239,000.</p>
<p>Bahrain has embarked on an ambitious vocational training programme to find more jobs for Bahrainis to combat rising unemployment that has helped fuel sporadic anti-government unrest since December 1994.</p>
</text>
<copyright>(c) Reuters Limited 1997</copyright>
<metadata>
<codes class="bip:countries:1.0">
  <code code="BAHRN">
    <editdetail attribution="Reuters BIP Coding Group" action="confirmed" date="1997-08-03"/>
  </code>
</codes>
<codes class="bip:topics:1.0">
  <code code="GCAT">
    <editdetail attribution="Reuters BIP Coding Group" action="confirmed" date="1997-08-03"/>
  </code>
</codes>
<dc element="dc.date.created" value="1997-08-03"/>
<dc element="dc.publisher" value="Reuters Holdings Plc"/>
<dc element="dc.date.published" value="1997-08-03"/>
<dc element="dc.source" value="Reuters"/>
<dc element="dc.creator.location" value="MANAMA"/>
<dc element="dc.creator.location.country.name" value="BAHRAIN"/>
<dc element="dc.source" value="Reuters"/>
</metadata>
</newsitem>
