<?xml version="1.0" encoding="iso-8859-1" ?>
<newsitem itemid="774690" id="root" date="1997-08-03" xml:lang="en">
<title>USA: Netanyahu says Arafat must curb terrorism &quot;now&quot;.</title>
<headline>Netanyahu says Arafat must curb terrorism &quot;now&quot;.</headline>
<dateline>WASHINGTON 1997-08-03</dateline>
<text>
<p>Israeli Prime Minister Benjamin Netanyahu said on Sunday that the future of the Middle East peace process depends on whether Yasser Arafat decides &quot;now&quot; to crack down on militants to stop bloodshed by suicide bombers in Israel.</p>
<p>&quot;We expect the Palestinian Authority to do what it hasn't done so far. That is, to make an all-out effort, an all-out sweep to round up the terrorists, the leaders and interrogate them,&quot; he said on the CBS-TV programme &quot;Face the Nation.&quot;</p>
<p>He spoke from Jerusalem, where Israeli authorities were taking extra precautions against further strikes by Islamic militants after two suicide bombers killed 13 people there last week.</p>
<p>Police were on alert ahead of a demand that Israel free all Palestinian prisoners by 2 p.m. EDT (1800 GMT)  on Sunday. A leaflet claiming the attack on Wednesday in the name of the Islamic militant Hamas group made the demand.</p>
<p>&quot;If the Palestinian Authority made a bold decision to move with the side of peace and with the side of the difficult but necessary and extremely important negotiations for peace with Israel, rather than curry favour with terrorist, they would have made the right choice ....</p>
<p>&quot;The whole peace is at stake. Arafat must make a choice and must make it now,&quot; Netanyahu said.</p>
<p>Under the Oslo peace agreement Israel agreed to give the Palestinians territory in return for a pledge that Arafat &quot;will fight terrorism from within,&quot; Netanyahu said.</p>
<p>Wednesday's attack at a Jerusalem market was the deadliest since Netanyahu won election in 1996 vowing to bolster security.</p>
<p>He could not say whether there was any connection between the bombing in Jerusalem and the suspects arrested last week in an alleged New York subway suicide bombing plot. New York authorities said there was a link between the suspects and a radical Palestinian group.</p>
<p>Appearing on the same programme, National Security Advisor Sandy Berger said the United States has not established any direct relationship between the New York suspects and the Middle East, though he said, &quot;Obviously the individuals involved in the New York plot had Middle East connections.&quot;</p>
<p>He said that U.S. Middle East envoy Dennis Ross, who postponed a planned trip to Israel until after a mourning period for last week's bombing victims, will discuss Israel's security when he visits Israel.</p>
</text>
<copyright>(c) Reuters Limited 1997</copyright>
<metadata>
<codes class="bip:countries:1.0">
  <code code="ISRAEL">
    <editdetail attribution="Reuters BIP Coding Group" action="confirmed" date="1997-08-03"/>
  </code>
  <code code="USA">
    <editdetail attribution="Reuters BIP Coding Group" action="confirmed" date="1997-08-03"/>
  </code>
</codes>
<codes class="bip:topics:1.0">
  <code code="GCAT">
    <editdetail attribution="Reuters BIP Coding Group" action="confirmed" date="1997-08-03"/>
  </code>
  <code code="GDIP">
    <editdetail attribution="Reuters BIP Coding Group" action="confirmed" date="1997-08-03"/>
  </code>
  <code code="GVIO">
    <editdetail attribution="Reuters BIP Coding Group" action="confirmed" date="1997-08-03"/>
  </code>
</codes>
<dc element="dc.date.created" value="1997-08-03"/>
<dc element="dc.publisher" value="Reuters Holdings Plc"/>
<dc element="dc.date.published" value="1997-08-03"/>
<dc element="dc.source" value="Reuters"/>
<dc element="dc.creator.location" value="WASHINGTON"/>
<dc element="dc.creator.location.country.name" value="USA"/>
<dc element="dc.source" value="Reuters"/>
</metadata>
</newsitem>
