<?xml version="1.0" encoding="iso-8859-1" ?>
<newsitem itemid="774617" id="root" date="1997-08-03" xml:lang="en">
<title>ISRAEL: Israelis tense as Islamist deadline passes.</title>
<headline>Israelis tense as Islamist deadline passes.</headline>
<byline>Danny Gur-arieh</byline>
<dateline>JERUSALEM 1997-08-03</dateline>
<text>
<p>Israel, fearful of more bombings after last week's suicide blasts, was on heightened security alert on Sunday as the deadline passed for an Islamic militant ultimatum.</p>
<p>Police said they were taking every precaution as tension rose in the light of a demand that Israel free all Palestinian prisoners by 9 p.m. (1800 GMT).</p>
<p>Shortly before the deadline passed, police reported that a Palestinian was found shot dead near Carmel Jewish settlement in the West Bank, not far from Hebron.</p>
<p>The circumstances of the man's death were not clear. Palestinians said he was shot by a Jewish settler in a passing car. Police said they had two separate reports from the area: of shots fired by unidentified gunmen in a car and a body found.</p>
<p>&quot;We don't know if there is a connection,&quot; a police spokeswoman said.</p>
<p>The demand for the freeing of Palestinian prisoners was made in a leaflet claiming Wednesday's double suicide bombing, which killed 13 people and wounded 170, in the name of the Islamic militant Hamas group.</p>
<p>Some Israeli and Palestinian officials voiced doubts, however, about the leaflet's authenticity.</p>
<p>Israel announced no plans to free anyone. The leaflet did not spell out what would happen if the ultimatum was refused.</p>
<p>Prime Minister Benjamin Netanyahu told his cabinet that Israel would not honour peace deals it signed with Yasser Arafat unless the Palestinian leader cracked down on militants.</p>
<p>&quot;If Arafat honours his commitments in the agreement, chiefly to fight terrorism, the agreement will survive. If he doesn't, we will not keep up our part of the bargain unequivocally,&quot; an official statement quoted Netanyahu as saying.</p>
<p>He later told CBS-TV's &quot;Face the Nation&quot;: &quot;The whole peace is at stake. Arafat must make a choice and make it now.&quot;</p>
<p>But top Palestinian negotiator Saeb Erekat, in an interview on CNN television network, said Arafat had offered to join Netanyahu in fighting militants and had been spurned.</p>
<p>&quot;Mr Netanyahu, instead of accepting President Arafat's offer to join him in fighting terror and the enemies of peace, he declared a series of collective punishment measures against the Palestinian people,&quot; Erekat said.</p>
<p>Israeli U.N. Ambassador-designate Dore Gold, with Erekat in the studio, asked if Netanyahu had spurned Arafat's offer, said: &quot;Well, I don't think that's exactly correct&quot;.</p>
<p>Gold did not elaborate but said that prior to the attack on Wednesday, Palestinian security officials were making cooperation in the fight against militants conditional on Israel making &quot;certain tangible concessions&quot;.</p>
<p>Palestinians have demanded Israel halt Jewish settlement of occupied Arab lands which they say pre-empts peace talks.</p>
<p>Troops overnight arrested another 37 Palestinians in the West Bank suspected of involvement in Islamic militant groups, bringing to 116 the number arrested since the bombing in the main Jewish street market.</p>
<p>Israeli Police Commissioner Assaf Hefetz, asked if Israel had specific information about more attacks, told army radio: &quot;It's more than just an estimate. We have a series of...details that point to this possibility.&quot;</p>
<p>He said after four days of investigation, officials were still uncertain who carried out Wednesday's attack.</p>
<p>Thousands of Israeli police guarded shopping malls, bus stations and other places where crowds gather in Israel's main cities, and stopped cars for inspection along key roads.</p>
<p>The suicide bombing revived memories of a bombing spree last year in which Islamic miliants struck four times in nine days, killing 57 people.</p>
<p>Israel suspended already dormant peace talks with the Palestinians as a result of Wednesday's bombing and sealed off the West Bank and Gaza Strip, barring tens of thousands of Palestinians from reaching their jobs in the Jewish state.</p>
<p>Palestinians accused Israel of imposing collective punishment on Palestinians and expressed hope U.S. Middle East envoy Dennis Ross, due later this week on another mediation mission, could put peacemaking back on track.</p>
<p>U.S. Republican Speaker Newt Gingrich told Fox Television he backed Israel taking action if necessary on Palestinian territory and condemned Arafat for not fighting militants.</p>
<p>Top Israeli security officials met their Palestinian counterparts overnight to discuss the investigation into Wednesday's bombing, security sources said.</p>
<p>But Jibril al-Rajoub, the head of the Palestinian preventive security in the West Bank, said the meetings did not constitute a renewal of security cooperation.</p>
<p>Arafat is to go to Jordan on Monday for talks with King Hussein on the deepening crisis, his office said. Israeli Foreign Minister David Levy's office said he would go to Egypt on Tuesday for talks with President Hosni Mubarak.</p>
</text>
<copyright>(c) Reuters Limited 1997</copyright>
<metadata>
<codes class="bip:countries:1.0">
  <code code="ISRAEL">
    <editdetail attribution="Reuters BIP Coding Group" action="confirmed" date="1997-08-03"/>
  </code>
</codes>
<codes class="bip:topics:1.0">
  <code code="GCAT">
    <editdetail attribution="Reuters BIP Coding Group" action="confirmed" date="1997-08-03"/>
  </code>
  <code code="GPOL">
    <editdetail attribution="Reuters BIP Coding Group" action="confirmed" date="1997-08-03"/>
  </code>
  <code code="GVIO">
    <editdetail attribution="Reuters BIP Coding Group" action="confirmed" date="1997-08-03"/>
  </code>
</codes>
<dc element="dc.date.created" value="1997-08-03"/>
<dc element="dc.publisher" value="Reuters Holdings Plc"/>
<dc element="dc.date.published" value="1997-08-03"/>
<dc element="dc.source" value="Reuters"/>
<dc element="dc.creator.location" value="JERUSALEM"/>
<dc element="dc.creator.location.country.name" value="ISRAEL"/>
<dc element="dc.source" value="Reuters"/>
</metadata>
</newsitem>
