<?xml version="1.0" encoding="iso-8859-1" ?>
<newsitem itemid="774600" id="root" date="1997-08-03" xml:lang="en">
<title>CAMBODIA: Cambodians march for peace through capital.</title>
<headline>Cambodians march for peace through capital.</headline>
<dateline>PHNOM PENH 1997-08-03</dateline>
<text>
<p>Some 1,300 people, led by hundreds of Buddhist monks and nuns, marched through central Phnom Penh on Sunday to urge Cambodia's political leaders to resolve problems without resorting to violence.</p>
<p>The peace march was organised by a prominent Buddhist monk, the Venerable Maha Ghosananda, and came four weeks after the city was rocked by two days of battles when Second Prime Minister Hun Sen ousted his senior coalition partner, Prince Norodom Ranariddh.</p>
<p>&quot;We want to see the Cambodian leaders who are arguing calm down and avoid violence,&quot; 26-year-old Buddhist monk Peah Savorn told Reuters.</p>
<p>The procession passed without incident. Co-Interior Minister Sar Kheng, a senior member of Hun Sen's party, joined the march at its conclusion and told reporters it was a significant event and he agreed with the call for peace.</p>
<p>Many foreign aid workers joined the march, and U.S. Ambassador Kenneth Quinn spoke to some participants at the city's Independence Monument where the procession ended and the marchers meditated for three minutes.</p>
<p>Organiser Thida Khus said the message of peace was directed at Cambodia's political leaders as well as ordinary people.</p>
<p>&quot;The main purpose of this march is to convey the message, not only to the people but the government, we want to see Cambodian leaders resolving their problems peacefully,&quot; she said.</p>
<p>Some 60 people were killed and up to 200 wounded when forces loyal to the rival premiers battled in the capital a month ago. Most of the casualties were civilians caught in the crossfire.</p>
<p>Human rights workers say about 40 opposition figures were killed in a subsequent crackdown against the ousted prince's party.</p>
<p>Forces loyal to the two prime ministers have clashed intermittently in parts of northern and northwestern Cambodia since Ranariddh's ouster.</p>
</text>
<copyright>(c) Reuters Limited 1997</copyright>
<metadata>
<codes class="bip:countries:1.0">
  <code code="KAMPA">
    <editdetail attribution="Reuters BIP Coding Group" action="confirmed" date="1997-08-03"/>
  </code>
</codes>
<codes class="bip:topics:1.0">
  <code code="GCAT">
    <editdetail attribution="Reuters BIP Coding Group" action="confirmed" date="1997-08-03"/>
  </code>
  <code code="GPOL">
    <editdetail attribution="Reuters BIP Coding Group" action="confirmed" date="1997-08-03"/>
  </code>
  <code code="GVIO">
    <editdetail attribution="Reuters BIP Coding Group" action="confirmed" date="1997-08-03"/>
  </code>
</codes>
<dc element="dc.date.created" value="1997-08-03"/>
<dc element="dc.publisher" value="Reuters Holdings Plc"/>
<dc element="dc.date.published" value="1997-08-03"/>
<dc element="dc.source" value="Reuters"/>
<dc element="dc.creator.location" value="PHNOM PENH"/>
<dc element="dc.creator.location.country.name" value="CAMBODIA"/>
<dc element="dc.source" value="Reuters"/>
</metadata>
</newsitem>
