<?xml version="1.0" encoding="iso-8859-1" ?>
<newsitem itemid="774694" id="root" date="1997-08-03" xml:lang="en">
<title>USA: New York murderer says he is now &quot;Son of Hope&quot;.</title>
<headline>New York murderer says he is now &quot;Son of Hope&quot;.</headline>
<dateline>NEW YORK 1997-08-03</dateline>
<text>
<p>Twenty years after murdering six people and terrorising New York as the Son of Sam, David Berkowitz says he has become a born-again Christian and the &quot;Son of Hope,&quot; the New York Daily News reported Sunday.</p>
<p>His comments came in a letter written to the newspaper.</p>
<p>Berkowitz shot couples and young women on the street and in parked cars in eight incidents between June 1976 and June 1977, wounding eight people as well as killing six. At the scene of one shooting, he left a letter saying: &quot;I am a monster. I am the Son of Sam.&quot;</p>
<p>He pleaded guilty to the crimes, said he was taking instructions from a neighbour's dog and received six consecutive sentences of 25 years to life.</p>
<p>In his new letter, directed to a specific but undisclosed writer at the News, Berkowitz said, &quot;I truly deserve punishment and death.&quot; He said he prayed for his victims and their families and was &quot;sure that their suffering will continue for many years to come.&quot;</p>
<p>He wrote that he had little recollection of his crimes. &quot;Sir, please understand that the past is too painful for me to dwell on,&quot; he said.</p>
<p>The News said Berkowitz worked for 21 cents an hour as a clerk/typist for Chaplain Services at Sullivan Correctional Facility in upstate Fallsburg, New York.</p>
<p>The paper treated the letter as a news story and did not run it in its entirety or disclose its length or date.</p>
</text>
<copyright>(c) Reuters Limited 1997</copyright>
<metadata>
<codes class="bip:countries:1.0">
  <code code="USA">
    <editdetail attribution="Reuters BIP Coding Group" action="confirmed" date="1997-08-03"/>
  </code>
</codes>
<codes class="bip:topics:1.0">
  <code code="GCAT">
    <editdetail attribution="Reuters BIP Coding Group" action="confirmed" date="1997-08-03"/>
  </code>
  <code code="GCRIM">
    <editdetail attribution="Reuters BIP Coding Group" action="confirmed" date="1997-08-03"/>
  </code>
</codes>
<dc element="dc.date.created" value="1997-08-03"/>
<dc element="dc.publisher" value="Reuters Holdings Plc"/>
<dc element="dc.date.published" value="1997-08-03"/>
<dc element="dc.source" value="Reuters"/>
<dc element="dc.creator.location" value="NEW YORK"/>
<dc element="dc.creator.location.country.name" value="USA"/>
<dc element="dc.source" value="Reuters"/>
</metadata>
</newsitem>
