<?xml version="1.0" encoding="iso-8859-1" ?>
<newsitem itemid="774778" id="root" date="1997-08-03" xml:lang="en">
<title>INDIA: WEEK AHEAD-Indian shares seen consolidating gains.</title>
<headline>WEEK AHEAD-Indian shares seen consolidating gains.</headline>
<byline>Ranjit Gangadharan</byline>
<dateline>BOMBAY 1997-08-03</dateline>
<text>
<p>Revival of domestic institutional demand is expected to help Indian shares consolidate gains this week, brokers said.</p>
<p>&quot;The outlook is positive. I expect domestic institutional participation to supplement foreign fund buying,&quot; said broker Maulik Sharedalal at the Bombay Stock Exchange (BSE).</p>
<p>Fresh demand is seen chiefly coming from Unit Trust of India (UTI), the country's largest mutual fund, which collected about 20 billion rupees in July through the sale of units, traders said.</p>
<p>&quot;One of the main factors for the stocks rally was because the UTI had stopped selling,&quot; said Rasesh Maniar, a dealer at Mukesh Babu Securities Ltd. &quot;We expect UTI to become a net buyer this year.&quot;</p>
<p>Last week the BSE's benchmark 30-share index jumped 157.51 points, or 3.76 percent, to 4,347.32.</p>
<p>Analysts said the market was being driven by expectations of economic revival in the second half of 1997/98 (April-March) after a slowdown hit demand and squeezed company profits.</p>
<p>&quot;Even though the industry took 18-20 months to recover after the FY92 (financial year ended March 31, 1992) recession, we believe the turnaround this time will set in within 12-14 months -- it should start in FY98 itself,&quot; Anindya Chatterjee, economist at NatWest Markets said.</p>
<p>&quot;Our model suggests 9.5 percent growth in manufacturing in FY98, implying a clear turnaround from the average 3.3 percent growth in November 1996-March 1997,&quot; he said in a report.</p>
<p>Effective lending rates have fallen more than 300 basis points in the last 10 months, boosting liquidity and giving companies a sigh of relief, Chatterjee added.</p>
<p>&quot;Rates are likely to remain soft for most of FY98, so investment and consumption demand are set to rise,&quot; he said.</p>
<p>Traders expect the market to trade between 4,400 points and 4,448 -- the year's high reached a few weeks ago.</p>
<p>&quot;We'll see some resistance at the year's high,&quot; said Kanu Dave, a technical analyst. &quot;I don't see it being breached -- the market will consolidate.&quot;</p>
</text>
<copyright>(c) Reuters Limited 1997</copyright>
<metadata>
<codes class="bip:countries:1.0">
  <code code="INDIA">
    <editdetail attribution="Reuters BIP Coding Group" action="confirmed" date="1997-08-03"/>
  </code>
</codes>
<codes class="bip:topics:1.0">
  <code code="C11">
    <editdetail attribution="Reuters BIP Coding Group" action="confirmed" date="1997-08-03"/>
  </code>
  <code code="M11">
    <editdetail attribution="Reuters BIP Coding Group" action="confirmed" date="1997-08-03"/>
  </code>
</codes>
<dc element="dc.date.created" value="1997-08-03"/>
<dc element="dc.publisher" value="Reuters Holdings Plc"/>
<dc element="dc.date.published" value="1997-08-03"/>
<dc element="dc.source" value="Reuters"/>
<dc element="dc.creator.location" value="BOMBAY"/>
<dc element="dc.creator.location.country.name" value="INDIA"/>
<dc element="dc.source" value="Reuters"/>
</metadata>
</newsitem>
