<?xml version="1.0" encoding="iso-8859-1" ?>
<newsitem itemid="774751" id="root" date="1997-08-03" xml:lang="en">
<title>INDIA: At least 20 killed in India lorry crash.</title>
<headline>At least 20 killed in India lorry crash.</headline>
<dateline>NEW DELHI 1997-08-03</dateline>
<text>
<p>At least 20 people were killed and 33 injured on Sunday when a lorry overturned in the southern Indian state of Karnataka, United News of India (UNI) said.</p>
<p>The news agency said the crash occurred near Byadgi,  300 km (190 miles) northwest of state capital Bangalore.</p>
<p>UNI quoted state police officials as saying 20 people died on the spot. Two of the injured were in critical condition. It did not say how many people the vehicle was carrying.</p>
<p>More than 50,000 people die in road accidents every year in India.</p>
</text>
<copyright>(c) Reuters Limited 1997</copyright>
<metadata>
<codes class="bip:countries:1.0">
  <code code="INDIA">
    <editdetail attribution="Reuters BIP Coding Group" action="confirmed" date="1997-08-03"/>
  </code>
</codes>
<codes class="bip:topics:1.0">
  <code code="GCAT">
    <editdetail attribution="Reuters BIP Coding Group" action="confirmed" date="1997-08-03"/>
  </code>
  <code code="GDIS">
    <editdetail attribution="Reuters BIP Coding Group" action="confirmed" date="1997-08-03"/>
  </code>
</codes>
<dc element="dc.date.created" value="1997-08-03"/>
<dc element="dc.publisher" value="Reuters Holdings Plc"/>
<dc element="dc.date.published" value="1997-08-03"/>
<dc element="dc.source" value="Reuters"/>
<dc element="dc.creator.location" value="NEW DELHI"/>
<dc element="dc.creator.location.country.name" value="INDIA"/>
<dc element="dc.source" value="Reuters"/>
</metadata>
</newsitem>
