<?xml version="1.0" encoding="iso-8859-1" ?>
<newsitem itemid="774711" id="root" date="1997-08-03" xml:lang="en">
<title>USA: American Eagle unit sells some operations.</title>
<headline>American Eagle unit sells some operations.</headline>
<dateline>DALLAS 1997-08-01</dateline>
<text>
<p>American Eagle Group Inc said Friday its American Eagle Insurance Co (AEIC) subsidiary agreed to sell the inforce aviation business to Great American Insurance Co (GAIC).</p>
<p>American Eagle Group said in a news release that it was informed of the transaction from the unit's conservator.</p>
<p>The conservator informed the parent company that the deal will provide continued protection to American Eagle's inforce policyholders and provide additional resources for use by American Eagle for the benefit of its remaining policyholders and creditors, according to a news release.</p>
<p>The conservator terminated the positions of chairman, chief executve and chief financial officer as salaried positions of the insurance company subsidiary, effective August 1, in a bid to save money, the company said.</p>
<p>Philip Guthrie will retain his post as chairman, president and CEO at the parent company, and Richard Kurz will keep his post as CFO at AEG.</p>
<p>The company said the conservator is pursuing other capital and strategic alternatives to minimize cost and expenses while attempting to maximizing assets.</p>
</text>
<copyright>(c) Reuters Limited 1997</copyright>
<metadata>
<codes class="bip:countries:1.0">
  <code code="USA">
    <editdetail attribution="Reuters BIP Coding Group" action="confirmed" date="1997-08-03"/>
  </code>
</codes>
<codes class="bip:industries:1.0">
  <code code="I82000">
    <editdetail attribution="Reuters BIP Coding Group" action="confirmed" date="1997-08-03"/>
  </code>
  <code code="I82003">
    <editdetail attribution="Reuters BIP Coding Group" action="confirmed" date="1997-08-03"/>
  </code>
</codes>
<codes class="bip:topics:1.0">
  <code code="C18">
    <editdetail attribution="Reuters BIP Coding Group" action="confirmed" date="1997-08-03"/>
  </code>
  <code code="C181">
    <editdetail attribution="Reuters BIP Coding Group" action="confirmed" date="1997-08-03"/>
  </code>
  <code code="CCAT">
    <editdetail attribution="Reuters BIP Coding Group" action="confirmed" date="1997-08-03"/>
  </code>
</codes>
<dc element="dc.date.created" value="1997-08-01"/>
<dc element="dc.publisher" value="Reuters Holdings Plc"/>
<dc element="dc.date.published" value="1997-08-03"/>
<dc element="dc.source" value="Reuters"/>
<dc element="dc.creator.location" value="DALLAS"/>
<dc element="dc.creator.location.country.name" value="USA"/>
<dc element="dc.source" value="Reuters"/>
</metadata>
</newsitem>
