<?xml version="1.0" encoding="iso-8859-1" ?>
<newsitem itemid="774766" id="root" date="1997-08-03" xml:lang="en">
<title>USA: UPS, Teamsters to resume contract talks.</title>
<headline>UPS, Teamsters to resume contract talks.</headline>
<dateline>WASHINGTON 1997-08-03</dateline>
<text>
<p>The International Brotherhood of Teamsters and United Parcel Service, the biggest U.S. shipper, will resume contract talks on Sunday evening in an effort to avert a threatened strike, a federal mediator said.</p>
<p>&quot;We will resume those discussions at 6 p.m. EDT (2200 GMT)&quot; in Washington, said John Calhoun Wells, director of the Federal Mediation and Conciliation Service.  </p>
<p>Wells said the two sides remained apart on a number of points.</p>
<p>He cited the Teamsters president, Ron Carey, as having said that the union would not again extend its midnight Thursday.</p>
<p>&quot;He (Carey) has told me unequivocally this is a drop-dead deadline,&quot; Wells told reporters outside the headquarters of the mediation service.</p>
<p>&quot;We are going into this negotiating session with a real sense of urgency,&quot; he said.</p>
</text>
<copyright>(c) Reuters Limited 1997</copyright>
<metadata>
<codes class="bip:countries:1.0">
  <code code="USA">
    <editdetail attribution="Reuters BIP Coding Group" action="confirmed" date="1997-08-03"/>
  </code>
</codes>
<dc element="dc.date.created" value="1997-08-03"/>
<dc element="dc.publisher" value="Reuters Holdings Plc"/>
<dc element="dc.date.published" value="1997-08-03"/>
<dc element="dc.source" value="Reuters"/>
<dc element="dc.creator.location" value="WASHINGTON"/>
<dc element="dc.creator.location.country.name" value="USA"/>
<dc element="dc.source" value="Reuters"/>
</metadata>
</newsitem>
