<?xml version="1.0" encoding="iso-8859-1" ?>
<newsitem itemid="774746" id="root" date="1997-08-03" xml:lang="en">
<title>INDIA: Indian seeks British Queen's apology for massacre.</title>
<headline>Indian seeks British Queen's apology for massacre.</headline>
<byline>Rajesh Bhambi</byline>
<dateline>LUDHIANA, India 1997-08-03</dateline>
<text>
<p>A proposed visit by Britain's Queen Elizabeth to India has sparked demands from the nephew of an executed Indian revolutionary that she apologise for a British massacre of unarmed civilians in 1919.</p>
<p>&quot;If Japan can apologise to Korea for excesses committed against Korean women who were used for the pleasure of Japanese soldiers, why should the British not for this massacre,&quot; said Jagmohan Singh, a professor at Punjab Agricultural University in the northern city of Ludhiana.</p>
<p>On the harvest festival of Baisakhi in April 1919, British troops opened fire on thousands of Indians gathered peacefully within a walled ground after blocking the only exit.</p>
<p>Indians say thousands of people died in the shooting and the ensuing stampede in Jallianwala Bagh in the city of Amritsar but official British figures say 379 were killed as they tried to flee. The massacre quickly become a symbol of colonial cruelty.</p>
<p>India will celebrate its 50th anniversary of freedom from British colonial rule on August 15.</p>
<p>The queen is due to start a visit to India around October 12, but a British High Commission spokeswoman in New Delhi said the itinerary had not been finalised.</p>
<p>&quot;At the moment all we know is she will, naturally, be coming to Delhi. Other sites have not yet been decided,&quot; the spokeswoman told Reuters.</p>
<p>&quot;A reconnaissance team did visit Amritsar but no decision has been taken yet on whether the Queen will or will not visit Amritsar,&quot; she said.</p>
<p>Amritsar, located in the agriculture-rich northern state of Punjab, is home to the Sikhs' holiest shrine, the Golden Temple.</p>
<p>Jagmohan Singh is the nephew of a socialist revolutionary, Bhagat Singh, who was hanged by the British for sedition in 1931.</p>
<p>Other Indians closely linked to the struggle for freedom say the Queen's visit itself would imply regret on the behalf of the British government.</p>
<p>&quot;This demand for an apology is out of place in the present circumstances,&quot; said Vijay Chopra, whose family was involved in the anti-colonial movement. &quot;The visit itself is an act of atonement.&quot;</p>
</text>
<copyright>(c) Reuters Limited 1997</copyright>
<metadata>
<codes class="bip:countries:1.0">
  <code code="INDIA">
    <editdetail attribution="Reuters BIP Coding Group" action="confirmed" date="1997-08-03"/>
  </code>
  <code code="UK">
    <editdetail attribution="Reuters BIP Coding Group" action="confirmed" date="1997-08-03"/>
  </code>
</codes>
<codes class="bip:topics:1.0">
  <code code="GCAT">
    <editdetail attribution="Reuters BIP Coding Group" action="confirmed" date="1997-08-03"/>
  </code>
  <code code="GDIP">
    <editdetail attribution="Reuters BIP Coding Group" action="confirmed" date="1997-08-03"/>
  </code>
</codes>
<dc element="dc.date.created" value="1997-08-03"/>
<dc element="dc.publisher" value="Reuters Holdings Plc"/>
<dc element="dc.date.published" value="1997-08-03"/>
<dc element="dc.source" value="Reuters"/>
<dc element="dc.creator.location" value="LUDHIANA, India"/>
<dc element="dc.creator.location.country.name" value="INDIA"/>
<dc element="dc.source" value="Reuters"/>
</metadata>
</newsitem>
