<?xml version="1.0" encoding="iso-8859-1" ?>
<newsitem itemid="774774" id="root" date="1997-08-03" xml:lang="en">
<title>INDIA: India may offer only two more GDR issues in 1997.</title>
<headline>India may offer only two more GDR issues in 1997.</headline>
<byline>Ranjit Gangadharan</byline>
<dateline>BOMBAY 1997-08-03</dateline>
<text>
<p>India's state-owned monopoly firms are likely to offer only two Euroissues in the remaining months of calendar 1997 though international appetite for Indian paper is strong, merchant bankers said.</p>
<p>&quot;The earliest date really is October,&quot; said one merchant banker at a London-based investment firm. &quot;I can't see more than two issues hitting the market in 1997.&quot;</p>
<p>India last month said it planned to sell stakes in four firms: the Gas Authority of India Ltd (GAIL), Mahanagar Telephone Nigam Ltd (MTNL), Indian Oil Corp (IOC) and Container Corp of India.</p>
<p>The privatisation drive is planned partly through an offer of global depository receipts (GDRs) to overseas investors.</p>
<p>Although the size of each will depend on the final pricing, the merchant banker said he expected a $700 million GDR issue by GAIL and another $800 million offering by MTNL.</p>
<p>&quot;There's a substantial appetite for Indian GDRs,&quot; said Rupa Bose, strategist at Asia Equity Ltd, a fully owned subsidiary of Banque Paribas.</p>
<p>She said Indian GDRs listed overseas were quoted at an average premium of 15-to-20 percent over the domestic price of the underlying stock on Indian exchanges.</p>
<p>&quot;Whether you get that sort of premium is a difficult call to make,&quot; she told Reuters from her office in Singapore. &quot;The pricing depends on sentiment and demand and supply at the time of issue.&quot;</p>
<p>Typically, international funds allocate 15-to-20 percent of their cash to oil and gas, but there have not been Indian GDRs in these sectors, analysts said.</p>
<p>&quot;There's very definite demand for oil and gas,&quot; a foreign investment banker said. &quot;But, I don't see IOC coming through until the government resolves freer pricing policy for oil.&quot;</p>
<p>IOC is the sole canalising agency for the country's imports of crude oil and major petroleum products. IOC supplies nearly 55 percent of petroleum products sold in India.</p>
<p>But the firm is being forced to borrow heavily because the government has been unable to reimburse the firm for selling oil at subsidised rates.</p>
<p>Analysts said there must be a gap between the GAIL and MTNL offerings to ensure a smooth ride.</p>
<p>&quot;The government must produce a sensible calendar for GDRs to make them successful,&quot; a fund manager said. &quot;Or, both will get knocked down.&quot;</p>
<p>He said GDR issues in the last quarter of a calendar year would not cause problems because international funds would get fresh inflows and juggle portfolios to subscribe to what they consider attractive offerings.</p>
<p>The banker said a GDR issue by Container Corp was unlikely before April 1998.</p>
<p>So far this year, only India's overseas telecommunication monopoly, Videsh Sanchar Nigam Ltd, has raised $526.6 million by selling 37.8 million GDRs in March.</p>
</text>
<copyright>(c) Reuters Limited 1997</copyright>
<metadata>
<codes class="bip:countries:1.0">
  <code code="INDIA">
    <editdetail attribution="Reuters BIP Coding Group" action="confirmed" date="1997-08-03"/>
  </code>
</codes>
<codes class="bip:topics:1.0">
  <code code="E21">
    <editdetail attribution="Reuters BIP Coding Group" action="confirmed" date="1997-08-03"/>
  </code>
  <code code="E212">
    <editdetail attribution="Reuters BIP Coding Group" action="confirmed" date="1997-08-03"/>
  </code>
</codes>
<dc element="dc.date.created" value="1997-08-03"/>
<dc element="dc.publisher" value="Reuters Holdings Plc"/>
<dc element="dc.date.published" value="1997-08-03"/>
<dc element="dc.source" value="Reuters"/>
<dc element="dc.creator.location" value="BOMBAY"/>
<dc element="dc.creator.location.country.name" value="INDIA"/>
<dc element="dc.source" value="Reuters"/>
</metadata>
</newsitem>
