<?xml version="1.0" encoding="iso-8859-1" ?>
<newsitem itemid="774737" id="root" date="1997-08-03" xml:lang="en">
<title>FRANCE: PRESS DIGEST - Algeria - Aug 3.</title>
<headline>PRESS DIGEST - Algeria - Aug 3.</headline>
<dateline>PARIS 1997-08-03</dateline>
<text>
<p>These are the leading stories in the Algerian press on Sunday. Reuters has not verified these stories and does not vouch for their accuracy.</p>
<p>LE MATIN</p>
<p>- Ain Defla province governor encourages peasants to arm themselves to ward off &quot;terrorist&quot; attacks. More than 40 villagers were slaughtered by &quot;terrorists&quot; in Matmata, in Ain Defla, south of Algiers, last week.</p>
<p>- Bomb explodes on train linking Algiers to the western town of Oran, causing no casualties.</p>
<p>AL KHABAR</p>
<p>- Security forces kill a &quot;dangerous terrorist&quot; in Medea province, south of Algiers.</p>
<p>- National Liberation Front postpones central committee meeting until after the local elections planned for October 23.</p>
<p>LA TRIBUNE</p>
<p>- Political parties, three months away from the local elections, were still awaiting the government to disburse promised state subsidies for the June 5 general elections.</p>
<p>AL CHAAB</p>
<p>- The government programme will be debated at ministers' council today before being presented to the National Assembly.</p>
</text>
<copyright>(c) Reuters Limited 1997</copyright>
<metadata>
<codes class="bip:countries:1.0">
  <code code="ALG">
    <editdetail attribution="Reuters BIP Coding Group" action="confirmed" date="1997-08-03"/>
  </code>
  <code code="FRA">
    <editdetail attribution="Reuters BIP Coding Group" action="confirmed" date="1997-08-03"/>
  </code>
</codes>
<codes class="bip:topics:1.0">
  <code code="GCAT">
    <editdetail attribution="Reuters BIP Coding Group" action="confirmed" date="1997-08-03"/>
  </code>
</codes>
<dc element="dc.date.created" value="1997-08-03"/>
<dc element="dc.publisher" value="Reuters Holdings Plc"/>
<dc element="dc.date.published" value="1997-08-03"/>
<dc element="dc.source" value="Reuters"/>
<dc element="dc.creator.location" value="PARIS"/>
<dc element="dc.creator.location.country.name" value="FRANCE"/>
<dc element="dc.source" value="Reuters"/>
</metadata>
</newsitem>
