<?xml version="1.0" encoding="iso-8859-1" ?>
<newsitem itemid="542383" id="root" date="1997-04-28" xml:lang="en">
<title>CANADA: CBRS reaffirms Seagram debt ratings.</title>
<headline>CBRS reaffirms Seagram debt ratings.</headline>
<dateline>MONTREAL 1997-04-28</dateline>
<text>
<p>Canadian Bond Rating Service said on Monday it reaffirmed the ratings of Seagram Co Ltd bonds and debentures at A+(Low) and its commercial paper at A-1+, all with a stable rating outlook.</p>
<p>&quot;Despite declining worldwide consumption of spirits and wines, the company's beverage margins remain strong, while sales of the flagship Tropicana orange juice brand are robust,&quot; the agency said.</p>
<p>&quot;The general risks found in the entertainment business are mitigated by a portfolio-based approach to the production and acquisition of films, as well as the company's growing presence in the music and recreation businesses,&quot; it added.</p>
<p>((Reuters Toronto Bureau (416) 941-8100))</p>
</text>
<copyright>(c) Reuters Limited 1997</copyright>
<metadata>
<codes class="bip:countries:1.0">
  <code code="CANA">
    <editdetail attribution="Reuters BIP Coding Group" action="confirmed" date="1997-04-28"/>
  </code>
</codes>
<codes class="bip:industries:1.0">
  <code code="I42400">
    <editdetail attribution="Reuters BIP Coding Group" action="confirmed" date="1997-04-28"/>
  </code>
</codes>
<codes class="bip:topics:1.0">
  <code code="C17">
    <editdetail attribution="Reuters BIP Coding Group" action="confirmed" date="1997-04-28"/>
  </code>
  <code code="C174">
    <editdetail attribution="Reuters BIP Coding Group" action="confirmed" date="1997-04-28"/>
  </code>
  <code code="CCAT">
    <editdetail attribution="Reuters BIP Coding Group" action="confirmed" date="1997-04-28"/>
  </code>
</codes>
<dc element="dc.date.created" value="1997-04-28"/>
<dc element="dc.publisher" value="Reuters Holdings Plc"/>
<dc element="dc.date.published" value="1997-04-28"/>
<dc element="dc.source" value="Reuters"/>
<dc element="dc.creator.location" value="MONTREAL"/>
<dc element="dc.creator.location.country.name" value="CANADA"/>
<dc element="dc.source" value="Reuters"/>
</metadata>
</newsitem>
