<?xml version="1.0" encoding="iso-8859-1" ?>
<newsitem itemid="542387" id="root" date="1997-04-28" xml:lang="en">
<title>CANADA: Canadian T-bills open weaker, eye on upcoming data.</title>
<headline>Canadian T-bills open weaker, eye on upcoming data.</headline>
<dateline>TORONTO 1997-04-28</dateline>
<text>
<p>Canadian T-bills opened weaker on Monday, amid softer U.S. and Canadian fixed-income markets and a weaker currency, with investors largely focused on key economic data out tomorrow, analysts said.</p>
<p>&quot;The weakness that you're seeing in the bill market is consistent with weakness in fixed-income markets generally in North America,&quot; said Doug Sannuto, director of Canada cash markets with Bank of Montreal. &quot;I would think we'd continue to see a weakish tone here going into the employment cost index.&quot;</p>
<p>Canada's three-month when-issued T-bill weakened to yield 3.29 percent from 3.26 percent at Friday's close.  </p>
<p>Both Candian and U.S. fixed-income markets are focused on this week's U.S. employment cost, gross domestic product and payroll employment data. The reports are seen as a key indication of whether U.S. interest rates will rise further in the near future.</p>
<p>Canada's dollar opened softer on Monday on selling in Europe overnight after Canada set an official election date of June 2. Traders said the election is unlikely to have a dramatic near-term impact on financial markets because the ruling Liberal Party is such a clear front-runner and investors remain tightly focused on the U.S. rate situation.  </p>
<p>In other prices, the six-month when-issued T-bill softened to yield 3.72 percent from 3.67 percent on Friday.</p>
<p>The one-year T-bill softened to yield 4.35 percent, from 4.28 percent on Friday.</p>
<p>The call loan rate traded at 3.05 percent, near the center of the Bank of Canada's 2.75-3.25 percent target range. ((Jeffrey Hodgson (416) 941-8105, e-mail: jeffrey.hodgson@reuters.com))</p>
</text>
<copyright>(c) Reuters Limited 1997</copyright>
<metadata>
<codes class="bip:countries:1.0">
  <code code="CANA">
    <editdetail attribution="Reuters BIP Coding Group" action="confirmed" date="1997-04-28"/>
  </code>
</codes>
<codes class="bip:topics:1.0">
  <code code="M13">
    <editdetail attribution="Reuters BIP Coding Group" action="confirmed" date="1997-04-28"/>
  </code>
  <code code="M131">
    <editdetail attribution="Reuters BIP Coding Group" action="confirmed" date="1997-04-28"/>
  </code>
  <code code="MCAT">
    <editdetail attribution="Reuters BIP Coding Group" action="confirmed" date="1997-04-28"/>
  </code>
</codes>
<dc element="dc.date.created" value="1997-04-28"/>
<dc element="dc.publisher" value="Reuters Holdings Plc"/>
<dc element="dc.date.published" value="1997-04-28"/>
<dc element="dc.source" value="Reuters"/>
<dc element="dc.creator.location" value="TORONTO"/>
<dc element="dc.creator.location.country.name" value="CANADA"/>
<dc element="dc.source" value="Reuters"/>
</metadata>
</newsitem>
