<?xml version="1.0" encoding="iso-8859-1" ?>
<newsitem itemid="542436" id="root" date="1997-04-28" xml:lang="en">
<title>USA: IMF's Camdessus - so far, so good on currencies.</title>
<headline>IMF's Camdessus - so far, so good on currencies.</headline>
<dateline>WASHINGTON 1997-04-28</dateline>
<text>
<p>International Monetary Fund Managing Director Michel Camdessus said on Monday that the current foreign exchange levels have served the world economy well but there is some question about the outlook, given the expected change in the economic cycle among major countries.</p>
<p>&quot;We have, at this stage, the constellation of exchange rates which has served the world economy well,&quot; Camdessus said. &quot;So far, so good.&quot;  </p>
<p>Camdessus said what was important now was that exchange rates reflect economic fundamentals and follow the strengthening of the recovery of Europe and Japan, which have been depressed. He said that he believed the markets expect that the exchange rate will follow the business cycle.</p>
<p>Camdessus met with reporters after a meeting of the policymaking Interim Committee.</p>
<p>He said there had been some concern expressed among panel members about an increase in the Japanese trade surplus, but he said if exchange rates were to follow the fundamentals, &quot;Trade surpluses in Japan shouldn't normally materialize.&quot;  </p>
<p>Asked if the launch of European monetary union could lead to disruptions in world currency markets, Camdessus replied, &quot;You could imagine scenarios of that kind.&quot; But, he added, &quot;The baseline scenario ... of the (IMF) membership is not this one.&quot;</p>
<p>In its communique, the Interim Committee welcomed the progress made toward the establishment of EMU and called the creation of a single European currency a very important international monetary development.</p>
<p>&quot;There is a quite positive perception of what EMU could be,&quot; Camdessus said. But he acknowledged that the launch of a single currency could be &quot;very delicate.&quot;</p>
<p>&quot;We will be vigilant,&quot; he said.</p>
</text>
<copyright>(c) Reuters Limited 1997</copyright>
<metadata>
<codes class="bip:countries:1.0">
  <code code="USA">
    <editdetail attribution="Reuters BIP Coding Group" action="confirmed" date="1997-04-28"/>
  </code>
</codes>
<codes class="bip:industries:1.0">
  <code code="I81501">
    <editdetail attribution="Reuters BIP Coding Group" action="confirmed" date="1997-04-28"/>
  </code>
  <code code="I8150106">
    <editdetail attribution="Reuters BIP Coding Group" action="confirmed" date="1997-04-28"/>
  </code>
</codes>
<codes class="bip:topics:1.0">
  <code code="E12">
    <editdetail attribution="Reuters BIP Coding Group" action="confirmed" date="1997-04-28"/>
  </code>
  <code code="ECAT">
    <editdetail attribution="Reuters BIP Coding Group" action="confirmed" date="1997-04-28"/>
  </code>
  <code code="M13">
    <editdetail attribution="Reuters BIP Coding Group" action="confirmed" date="1997-04-28"/>
  </code>
  <code code="M132">
    <editdetail attribution="Reuters BIP Coding Group" action="confirmed" date="1997-04-28"/>
  </code>
  <code code="MCAT">
    <editdetail attribution="Reuters BIP Coding Group" action="confirmed" date="1997-04-28"/>
  </code>
</codes>
<dc element="dc.date.created" value="1997-04-28"/>
<dc element="dc.publisher" value="Reuters Holdings Plc"/>
<dc element="dc.date.published" value="1997-04-28"/>
<dc element="dc.source" value="Reuters"/>
<dc element="dc.creator.location" value="WASHINGTON"/>
<dc element="dc.creator.location.country.name" value="USA"/>
<dc element="dc.source" value="Reuters"/>
</metadata>
</newsitem>
