<?xml version="1.0" encoding="iso-8859-1" ?>
<newsitem itemid="542499" id="root" date="1997-04-28" xml:lang="en">
<title>USA: DBT Online Inc Q1 full results.</title>
<headline>DBT Online Inc Q1 full results.</headline>
<dateline>LAS VEGAS 1997-04-28</dateline>
<text>
<p>Three Months Ended</p>
<p>							  March 31,</p>
<p>						   1997		 1996</p>
<p>					     Unaudited	  Unaudited</p>
<p> Revenues				 $6,081,500	 $3,349,800</p>
<p> Patent royalties			1,517,500		  ---</p>
<p> Total revenues and royalties	7,599,000	  3,349,800</p>
<p> Cost of revenues			3,270,700	  1,552,500</p>
<p> Selling and promotion		   593,000	    315,900</p>
<p> Research and development		529,700	    398,500</p>
<p> General and administrative	  1,800,300	    767,100</p>
<p> Total expenses			  6,193,700	  3,034,000</p>
<p> Income from operations		1,405,300	    315,800</p>
<p> Interest income (expense), net	 31,300	   (35,400)</p>
<p> Income before income taxes	  1,436,600	    280,400</p>
<p> Provision for income taxes	    545,900	    105,500</p>
<p> Net income				  890,700	    174,900</p>
<p> Net income per common share		0.11		 0.03</p>
<p>Weighted average shares outstanding</p>
<p>					     8,053,000	  5,127,600</p>
</text>
<copyright>(c) Reuters Limited 1997</copyright>
<metadata>
<codes class="bip:countries:1.0">
  <code code="USA">
    <editdetail attribution="Reuters BIP Coding Group" action="confirmed" date="1997-04-28"/>
  </code>
</codes>
<codes class="bip:industries:1.0">
  <code code="I81502">
    <editdetail attribution="Reuters BIP Coding Group" action="confirmed" date="1997-04-28"/>
  </code>
  <code code="I8150206">
    <editdetail attribution="Reuters BIP Coding Group" action="confirmed" date="1997-04-28"/>
  </code>
</codes>
<codes class="bip:topics:1.0">
  <code code="C15">
    <editdetail attribution="Reuters BIP Coding Group" action="confirmed" date="1997-04-28"/>
  </code>
  <code code="C151">
    <editdetail attribution="Reuters BIP Coding Group" action="confirmed" date="1997-04-28"/>
  </code>
  <code code="CCAT">
    <editdetail attribution="Reuters BIP Coding Group" action="confirmed" date="1997-04-28"/>
  </code>
</codes>
<dc element="dc.date.created" value="1997-04-28"/>
<dc element="dc.publisher" value="Reuters Holdings Plc"/>
<dc element="dc.date.published" value="1997-04-28"/>
<dc element="dc.source" value="Reuters"/>
<dc element="dc.creator.location" value="LAS VEGAS"/>
<dc element="dc.creator.location.country.name" value="USA"/>
<dc element="dc.source" value="Reuters"/>
</metadata>
</newsitem>
