<?xml version="1.0" encoding="iso-8859-1" ?>
<newsitem itemid="542403" id="root" date="1997-04-28" xml:lang="en">
<title>USA: RESEARCH ALERT-Goldman starts Vail as buy.</title>
<headline>RESEARCH ALERT-Goldman starts Vail as buy.</headline>
<text>
<p>-- Goldman Sachs &amp; Co said it started coverage of Vail Resorts Inc with a buy rating and put the ski mountain resort company on its recommended list.</p>
<p>-- Goldman was one of the underwriters of the company's February initial public offering.</p>
<p>-- That shares rose 3/4 to 18-1/4 early Monday afternoon. Vail went public at $22 a share.  </p>
<p>-- Goldman is the last of the IPO's underwriters to initiate coverage of the stock.</p>
<p>-- Bear Stearns, Smith Barney, and Salomon Brothers have rated the shares a buy. Schroder Wertheim has given an outperform rating to Vail.</p>
<p>-- Furman Selz has said it recommends purchase of the stock with a 12-month price target of $30.</p>
</text>
<copyright>(c) Reuters Limited 1997</copyright>
<metadata>
<codes class="bip:countries:1.0">
  <code code="USA">
    <editdetail attribution="Reuters BIP Coding Group" action="confirmed" date="1997-04-28"/>
  </code>
</codes>
<codes class="bip:industries:1.0">
  <code code="I66500">
    <editdetail attribution="Reuters BIP Coding Group" action="confirmed" date="1997-04-28"/>
  </code>
</codes>
<codes class="bip:topics:1.0">
  <code code="C15">
    <editdetail attribution="Reuters BIP Coding Group" action="confirmed" date="1997-04-28"/>
  </code>
  <code code="C152">
    <editdetail attribution="Reuters BIP Coding Group" action="confirmed" date="1997-04-28"/>
  </code>
  <code code="CCAT">
    <editdetail attribution="Reuters BIP Coding Group" action="confirmed" date="1997-04-28"/>
  </code>
</codes>
<dc element="dc.publisher" value="Reuters Holdings Plc"/>
<dc element="dc.date.published" value="1997-04-28"/>
<dc element="dc.source" value="Reuters"/>
<dc element="dc.creator.location.country.name" value="USA"/>
<dc element="dc.source" value="Reuters"/>
</metadata>
</newsitem>
