<?xml version="1.0" encoding="iso-8859-1" ?>
<newsitem itemid="542470" id="root" date="1997-04-28" xml:lang="en">
<title>USA: Brock International Q1 results.</title>
<headline>Brock International Q1 results.</headline>
<dateline>ATLANTA 1997-04-28</dateline>
<text>
<p>Brock International Inc said its net loss for the first quarter of 1997 ended in March was $799,000 on revenues of $3.4 million.</p>
<p>The First Call consensus estimate for the first quarter of 1997 was a loss of $0.08 per share.</p>
<p>The company was not available to comment on its earnings per share for the first quarter of 1997 or year ago comparisons.</p>
</text>
<copyright>(c) Reuters Limited 1997</copyright>
<metadata>
<codes class="bip:countries:1.0">
  <code code="USA">
    <editdetail attribution="Reuters BIP Coding Group" action="confirmed" date="1997-04-28"/>
  </code>
</codes>
<codes class="bip:industries:1.0">
  <code code="I33020">
    <editdetail attribution="Reuters BIP Coding Group" action="confirmed" date="1997-04-28"/>
  </code>
</codes>
<codes class="bip:topics:1.0">
  <code code="C15">
    <editdetail attribution="Reuters BIP Coding Group" action="confirmed" date="1997-04-28"/>
  </code>
  <code code="C151">
    <editdetail attribution="Reuters BIP Coding Group" action="confirmed" date="1997-04-28"/>
  </code>
  <code code="CCAT">
    <editdetail attribution="Reuters BIP Coding Group" action="confirmed" date="1997-04-28"/>
  </code>
</codes>
<dc element="dc.date.created" value="1997-04-28"/>
<dc element="dc.publisher" value="Reuters Holdings Plc"/>
<dc element="dc.date.published" value="1997-04-28"/>
<dc element="dc.source" value="Reuters"/>
<dc element="dc.creator.location" value="ATLANTA"/>
<dc element="dc.creator.location.country.name" value="USA"/>
<dc element="dc.source" value="Reuters"/>
</metadata>
</newsitem>
