<?xml version="1.0" encoding="iso-8859-1" ?>
<newsitem itemid="542457" id="root" date="1997-04-28" xml:lang="en">
<title>USA: M.G. Products return to profit in 97 hurt.</title>
<headline>M.G. Products return to profit in 97 hurt.</headline>
<dateline>SAN ANTONIO 1997-04-28</dateline>
<text>
<p>M.G. Products Inc said Monday that its principal customer has decided to substantially cut its orders.</p>
<p>The maker and wholesaler of light fixtures said the move will significantly reduce 1997 sales revenue and hamper its efforts to return to profitability.</p>
<p>&quot;In response to this anticipated decrease in sales revenue, management is developing plans to reduce production and administrative expenses, as well as aggressively pursuing new sales opportunities,&quot; the company said in a release.</p>
</text>
<copyright>(c) Reuters Limited 1997</copyright>
<metadata>
<codes class="bip:countries:1.0">
  <code code="USA">
    <editdetail attribution="Reuters BIP Coding Group" action="confirmed" date="1997-04-28"/>
  </code>
</codes>
<codes class="bip:industries:1.0">
  <code code="I83800">
    <editdetail attribution="Reuters BIP Coding Group" action="confirmed" date="1997-04-28"/>
  </code>
</codes>
<codes class="bip:topics:1.0">
  <code code="C15">
    <editdetail attribution="Reuters BIP Coding Group" action="confirmed" date="1997-04-28"/>
  </code>
  <code code="C152">
    <editdetail attribution="Reuters BIP Coding Group" action="confirmed" date="1997-04-28"/>
  </code>
  <code code="C33">
    <editdetail attribution="Reuters BIP Coding Group" action="confirmed" date="1997-04-28"/>
  </code>
  <code code="CCAT">
    <editdetail attribution="Reuters BIP Coding Group" action="confirmed" date="1997-04-28"/>
  </code>
</codes>
<dc element="dc.date.created" value="1997-04-28"/>
<dc element="dc.publisher" value="Reuters Holdings Plc"/>
<dc element="dc.date.published" value="1997-04-28"/>
<dc element="dc.source" value="Reuters"/>
<dc element="dc.creator.location" value="SAN ANTONIO"/>
<dc element="dc.creator.location.country.name" value="USA"/>
<dc element="dc.source" value="Reuters"/>
</metadata>
</newsitem>
