<?xml version="1.0" encoding="iso-8859-1" ?>
<newsitem itemid="542472" id="root" date="1997-04-28" xml:lang="en">
<title>USA: Smith International names Kennedy CFO.</title>
<headline>Smith International names Kennedy CFO.</headline>
<dateline>HOUSTON 1997-04-28</dateline>
<text>
<p>Smith International Inc said Monday it had named John Kennedy as chief financial officer and senior vice president.</p>
<p>Kennedy joined Smith in 1986 and was appointed treasurer in 1991. In 1994, he became vice president and chief accounting officer, the company said.</p>
<p>Smith, a supplier of products and services to the oil and gas drilling industries, said former chief financial officer Loren Carroll will continue as director and executive vice president of the company, as well as serving as president and chief executive officer of its largest operating unit, M-I Drilling Fluids LLC.</p>
</text>
<copyright>(c) Reuters Limited 1997</copyright>
<metadata>
<codes class="bip:countries:1.0">
  <code code="USA">
    <editdetail attribution="Reuters BIP Coding Group" action="confirmed" date="1997-04-28"/>
  </code>
</codes>
<codes class="bip:industries:1.0">
  <code code="I32540">
    <editdetail attribution="Reuters BIP Coding Group" action="confirmed" date="1997-04-28"/>
  </code>
</codes>
<codes class="bip:topics:1.0">
  <code code="C41">
    <editdetail attribution="Reuters BIP Coding Group" action="confirmed" date="1997-04-28"/>
  </code>
  <code code="C411">
    <editdetail attribution="Reuters BIP Coding Group" action="confirmed" date="1997-04-28"/>
  </code>
  <code code="CCAT">
    <editdetail attribution="Reuters BIP Coding Group" action="confirmed" date="1997-04-28"/>
  </code>
</codes>
<dc element="dc.date.created" value="1997-04-28"/>
<dc element="dc.publisher" value="Reuters Holdings Plc"/>
<dc element="dc.date.published" value="1997-04-28"/>
<dc element="dc.source" value="Reuters"/>
<dc element="dc.creator.location" value="HOUSTON"/>
<dc element="dc.creator.location.country.name" value="USA"/>
<dc element="dc.source" value="Reuters"/>
</metadata>
</newsitem>
