<?xml version="1.0" encoding="iso-8859-1" ?>
<newsitem itemid="542435" id="root" date="1997-04-28" xml:lang="en">
<title>USA: Titan says to finish Ill. plant expansion.</title>
<headline>Titan says to finish Ill. plant expansion.</headline>
<dateline>QUINCY, Ill. 1997-04-28</dateline>
<text>
<p>Titan Wheel Corp said it will complete a multi-million dollar capacity expansion at its off-highway wheel plant in Quincy, Ill.</p>
<p>&quot;The expansion was prompted by increased worldwide production demands in the agricultural market,&quot; Titan said.</p>
<p>The expansion includes addition of an automated welding line and a press line. Titan will also be extending its number of robotic welding cells to perform wheel assembly. Two rim lines will supplement Titan's current wheel manufacturing capabilities, the company said.</p>
<p>Titan said it expects further expansion programs.</p>
<p>((--Chicago Newsdesk 312-408-8787))</p>
</text>
<copyright>(c) Reuters Limited 1997</copyright>
<metadata>
<codes class="bip:countries:1.0">
  <code code="USA">
    <editdetail attribution="Reuters BIP Coding Group" action="confirmed" date="1997-04-28"/>
  </code>
</codes>
<codes class="bip:industries:1.0">
  <code code="I35000">
    <editdetail attribution="Reuters BIP Coding Group" action="confirmed" date="1997-04-28"/>
  </code>
</codes>
<codes class="bip:topics:1.0">
  <code code="C24">
    <editdetail attribution="Reuters BIP Coding Group" action="confirmed" date="1997-04-28"/>
  </code>
  <code code="CCAT">
    <editdetail attribution="Reuters BIP Coding Group" action="confirmed" date="1997-04-28"/>
  </code>
</codes>
<dc element="dc.date.created" value="1997-04-28"/>
<dc element="dc.publisher" value="Reuters Holdings Plc"/>
<dc element="dc.date.published" value="1997-04-28"/>
<dc element="dc.source" value="Reuters"/>
<dc element="dc.creator.location" value="QUINCY, Ill."/>
<dc element="dc.creator.location.country.name" value="USA"/>
<dc element="dc.source" value="Reuters"/>
</metadata>
</newsitem>
