<?xml version="1.0" encoding="iso-8859-1" ?>
<newsitem itemid="542458" id="root" date="1997-04-28" xml:lang="en">
<title>USA: Duckwall-ALCO Stores to add 25 stores.</title>
<headline>Duckwall-ALCO Stores to add 25 stores.</headline>
<dateline>ABILENE, Kan. 1997-04-28</dateline>
<text>
<p>Retailer Duckwall-ALCO Stores Inc, which operates 200 stores, said Monday it will add 25 new stores between now and the end of its fiscal year that ends February 1, 1998.</p>
<p>Since 1990, Duckwall-ALCO has doubled its number of retail locations and increased geographic coverage by more than 80 percent. It now operates 140 ALCO stores and 60 Duckwall stores in 18 states.</p>
<p>Duckwall variety stores usually are located in smaller communities and are intended to act as the primary convenience retailer for the community. ALCO discount stores are full-line discount stores and usually are located in communities where no major discount chains are present.</p>
<p>((Chicago newsdesk 312 408 8787))</p>
</text>
<copyright>(c) Reuters Limited 1997</copyright>
<metadata>
<codes class="bip:countries:1.0">
  <code code="USA">
    <editdetail attribution="Reuters BIP Coding Group" action="confirmed" date="1997-04-28"/>
  </code>
</codes>
<codes class="bip:industries:1.0">
  <code code="I65600">
    <editdetail attribution="Reuters BIP Coding Group" action="confirmed" date="1997-04-28"/>
  </code>
</codes>
<codes class="bip:topics:1.0">
  <code code="C24">
    <editdetail attribution="Reuters BIP Coding Group" action="confirmed" date="1997-04-28"/>
  </code>
  <code code="CCAT">
    <editdetail attribution="Reuters BIP Coding Group" action="confirmed" date="1997-04-28"/>
  </code>
</codes>
<dc element="dc.date.created" value="1997-04-28"/>
<dc element="dc.publisher" value="Reuters Holdings Plc"/>
<dc element="dc.date.published" value="1997-04-28"/>
<dc element="dc.source" value="Reuters"/>
<dc element="dc.creator.location" value="ABILENE, Kan."/>
<dc element="dc.creator.location.country.name" value="USA"/>
<dc element="dc.source" value="Reuters"/>
</metadata>
</newsitem>
