<?xml version="1.0" encoding="iso-8859-1" ?>
<newsitem itemid="542569" id="root" date="1997-04-28" xml:lang="en">
<title>USA: PSC Inc Q1 shr $0.08 vs $0.04.</title>
<headline>PSC Inc Q1 shr $0.08 vs $0.04.</headline>
<dateline>ROCHESTER, N.Y. 1997-04-28</dateline>
<text>
<p>THREE MONTHS ENDED</p>
<p>						APR 4,		MAR 31,</p>
<p>					(UNAUDITED)	   (UNAUDITED)</p>
<p>						 1997		    1996</p>
<p> Net Sales				 $54,236		$21,499</p>
<p> Cost of Sales			    31,535		 12,343</p>
<p>    Gross Profit			  22,701		  9,156</p>
<p>Operating Expenses:</p>
<p>Engineering, Research &amp;</p>
<p>    Development			    3,441		  1,780</p>
<p>Selling, General &amp;</p>
<p>    Administrative			13,076		  6,523</p>
<p>Amortization of Intangibles Resulting</p>
<p>     from Business Acquisitions	1,677		    223</p>
<p> Income from Operations		  4,507		    630</p>
<p>Interest and Other</p>
<p>  Income/(Expense), Net		(3,101)		     61</p>
<p>Income from Continuing Operations before</p>
<p>     Income Tax Provision		1,406		    691</p>
<p> Income Tax Provision			520		    256</p>
<p> Income from Continuing Operations     886		    435</p>
<p>Discontinued Operations:</p>
<p>Loss from Discontinued  </p>
<p>    Operations, Net of Tax		  16			0</p>
<p> Net Income				    870		    435</p>
<p>Net Income Per Common &amp;</p>
<p>Common Equivalent Share:</p>
<p>    Continuing Operations		 0.08		   0.04</p>
<p>    Discontinued Operations	     0.00		   0.00</p>
<p> Net Income				   0.08		   0.04</p>
<p>Weighted Average Number of</p>
<p>Common &amp; Common Equivalent</p>
<p>     Shares Outstanding		 11,302		 10,204</p>
<p>	     (ALL AMOUNTS IN THOUSANDS, EXCEPT PER SHARE DATA)</p>
</text>
<copyright>(c) Reuters Limited 1997</copyright>
<metadata>
<codes class="bip:countries:1.0">
  <code code="USA">
    <editdetail attribution="Reuters BIP Coding Group" action="confirmed" date="1997-04-28"/>
  </code>
</codes>
<codes class="bip:industries:1.0">
  <code code="I37100">
    <editdetail attribution="Reuters BIP Coding Group" action="confirmed" date="1997-04-28"/>
  </code>
</codes>
<codes class="bip:topics:1.0">
  <code code="C15">
    <editdetail attribution="Reuters BIP Coding Group" action="confirmed" date="1997-04-28"/>
  </code>
  <code code="C151">
    <editdetail attribution="Reuters BIP Coding Group" action="confirmed" date="1997-04-28"/>
  </code>
  <code code="CCAT">
    <editdetail attribution="Reuters BIP Coding Group" action="confirmed" date="1997-04-28"/>
  </code>
</codes>
<dc element="dc.date.created" value="1997-04-28"/>
<dc element="dc.publisher" value="Reuters Holdings Plc"/>
<dc element="dc.date.published" value="1997-04-28"/>
<dc element="dc.source" value="Reuters"/>
<dc element="dc.creator.location" value="ROCHESTER, N.Y."/>
<dc element="dc.creator.location.country.name" value="USA"/>
<dc element="dc.source" value="Reuters"/>
</metadata>
</newsitem>
