<?xml version="1.0" encoding="iso-8859-1" ?>
<newsitem itemid="542577" id="root" date="1997-04-28" xml:lang="en">
<title>USA: Dow snaps 3-session losing streak despite Boeing.</title>
<headline>Dow snaps 3-session losing streak despite Boeing.</headline>
<byline>Richard Melville</byline>
<dateline>NEW YORK 1997-04-28</dateline>
<text>
<p>Wall Street stocks finished higher on Monday, as the Dow industrials overcame a sharp decline in Boeing Co to end their three-session losing streak.</p>
<p>Boeing, a Dow component, slid 6-3/4 to 95-1/4 after the company reported disappointing first-quarter earnings and warned that its shift to newer aircraft models was likely to keep profit margins under pressure for the near term.</p>
<p>The Dow managed to shrug off Boeing's woes, however, gaining 44 points to close unofficially at 6783.  </p>
<p>Boeing, which also cited overtime costs and a rapid rise in employment for its lower-than-expected earnings, announced its results at a time when analysts have been on alert for any sign of wage inflation. But such concerns apparently did not hold back the market on Monday.</p>
<p>&quot;It appears no one chose to draw the inference Boeing's problems will translate into the same kinds of problems for other companies,&quot; said Michael Metz, chief investment strategist at Oppenheimer &amp; Co.</p>
<p>&quot;That suggests there's still a high degree of confidence in this market,&quot; he added.  </p>
<p>Interest rate-sensitive stocks, which stand to suffer the most should inflation emerge as a threat, rallied throughout the session.</p>
<p>The gains, which were concentrated among banking shares, surprised some on Wall Street, coming as they did just ahead of a heavy calendar of economic data.</p>
<p>&quot;To some degree, people are placing their bets,&quot; said Peter Green, vice president of technical research at Gruntal &amp; Co, &quot;and those bets are interest rate sensitive.&quot;</p>
<p>Among banks, Wells Fargo and Co gained 8-5/8 to 259-1/4, and Citicorp rose 3-7/8 to 107-1/4.  </p>
<p>Interest rates edged lower, with the yield on the benchmark 30-year U.S. Treasury easing two basis points to 7.12 percent in late trading.</p>
<p>Beyond the bank rally, the broad market's performance was cautious and mixed, with gainers edging out losers by a six-to-five margin on lighter-than-average volume of about 400 million shares on the New York Stock Exchange.</p>
<p>Due before Tuesday's market open is the first-quarter Employment Cost Index (ECI). The index, a closely-watched barometer of wage inflation, is the first of a series of key reports scheduled for release this week.  </p>
<p>With data on employment, gross domestic product and manufacturing due later in the week, analysts said the mood was likely to become even more cautious in the next few days.</p>
<p>&quot;We still have a very full plate in front of us,&quot; said Dick Stein, vice president at U.S. Clearing Corp. &quot;This is a case where the other team has the ball and the rest of us play defense.&quot;</p>
<p>Among individual issues, machine toolmaker Giddings &amp; Lewis Inc jumped 6-47/64 to 20-23/64 after Harnischfeger Industries Inc launched a $19-per-share hostile tender offer for the company.  </p>
<p>The jump in Giddings' shares suggested investors felt a higher bid would be forthcoming, but analysts expressed doubt Giddings would receive a better offer. Shares in Harnischfeger fell 3-1/8 to 42-1/4.</p>
<p>Nike Inc fell 2-3/4 to 53-3/8 after Hambrecht &amp; Quist downgraded the company to hold from buy, citing a weak U.S. market for the athletic footwear maker.</p>
<p>McDermott International Inc and its majority-owned J. Ray McDermott unit both failed to open for trading. McDermott said the companies would report larger-than-expected fourth-quarter losses.  </p>
<p>McDermott also said it was investigating allegations of wrongdoing by former employees. It did not elaborate on the allegations, saying only that they were unrelated to the forecasted losses.</p>
<p>The S&amp;P 500 index rose 7.59 points to 772.96.</p>
<p>The Nasdaq Composite rose 7.74 points to 1217.03.</p>
<p>((-- Wall Street desk, 212-859-1730))</p>
</text>
<copyright>(c) Reuters Limited 1997</copyright>
<metadata>
<codes class="bip:countries:1.0">
  <code code="USA">
    <editdetail attribution="Reuters BIP Coding Group" action="confirmed" date="1997-04-28"/>
  </code>
</codes>
<codes class="bip:topics:1.0">
  <code code="M11">
    <editdetail attribution="Reuters BIP Coding Group" action="confirmed" date="1997-04-28"/>
  </code>
  <code code="MCAT">
    <editdetail attribution="Reuters BIP Coding Group" action="confirmed" date="1997-04-28"/>
  </code>
</codes>
<dc element="dc.date.created" value="1997-04-28"/>
<dc element="dc.publisher" value="Reuters Holdings Plc"/>
<dc element="dc.date.published" value="1997-04-28"/>
<dc element="dc.source" value="Reuters"/>
<dc element="dc.creator.location" value="NEW YORK"/>
<dc element="dc.creator.location.country.name" value="USA"/>
<dc element="dc.source" value="Reuters"/>
</metadata>
</newsitem>
