<?xml version="1.0" encoding="iso-8859-1" ?>
<newsitem itemid="542587" id="root" date="1997-04-28" xml:lang="en">
<title>USA: Christiana Cos Inc Q3 net rises.</title>
<headline>Christiana Cos Inc Q3 net rises.</headline>
<dateline>MILWAUKEE 1997-04-28</dateline>
<text>
<p>Nine Months Ended     Three Months Ended</p>
<p>				March 31,		 March 31,</p>
<p>			     1997	 1996	 1997	 1996</p>
<p> Revenues		$63,271    $59,004    $22,450    $19,416</p>
<p> Costs and Expenses   59,165     55,088     21,357     18,606</p>
<p>Earnings from operations</p>
<p>			     4,106	3,916	1,093	  810</p>
<p>Earnings before income taxes</p>
<p>			     9,562	5,453	1,671	1,510</p>
<p> Net earnings	    5,831	3,316	1,019	  918</p>
<p> Net EPS		    1.14	 0.64	 0.20	 0.18</p>
<p> Average shares    5,136,630  5,191,605  5,136,630  5,186,630</p>
<p>		     (In Thousands Except Per Share Data)</p>
</text>
<copyright>(c) Reuters Limited 1997</copyright>
<metadata>
<codes class="bip:countries:1.0">
  <code code="USA">
    <editdetail attribution="Reuters BIP Coding Group" action="confirmed" date="1997-04-28"/>
  </code>
</codes>
<codes class="bip:industries:1.0">
  <code code="I85000">
    <editdetail attribution="Reuters BIP Coding Group" action="confirmed" date="1997-04-28"/>
  </code>
</codes>
<codes class="bip:topics:1.0">
  <code code="C15">
    <editdetail attribution="Reuters BIP Coding Group" action="confirmed" date="1997-04-28"/>
  </code>
  <code code="C151">
    <editdetail attribution="Reuters BIP Coding Group" action="confirmed" date="1997-04-28"/>
  </code>
  <code code="CCAT">
    <editdetail attribution="Reuters BIP Coding Group" action="confirmed" date="1997-04-28"/>
  </code>
</codes>
<dc element="dc.date.created" value="1997-04-28"/>
<dc element="dc.publisher" value="Reuters Holdings Plc"/>
<dc element="dc.date.published" value="1997-04-28"/>
<dc element="dc.source" value="Reuters"/>
<dc element="dc.creator.location" value="MILWAUKEE"/>
<dc element="dc.creator.location.country.name" value="USA"/>
<dc element="dc.source" value="Reuters"/>
</metadata>
</newsitem>
