<?xml version="1.0" encoding="iso-8859-1" ?>
<newsitem itemid="542505" id="root" date="1997-04-28" xml:lang="en">
<title>USA: Eateries Inc Q1 March 30 net rises.</title>
<headline>Eateries Inc Q1 March 30 net rises.</headline>
<dateline>OKLAHOMA CITY 1997-04-28</dateline>
<text>
<p>(Amounts in thousands except per share amounts)</p>
<p>						    Quarter Ended</p>
<p>					    Mar 31,	   Mar 30,</p>
<p>						1996		 1997</p>
<p> Revenues				  12,772	    14,203</p>
<p> Net Income				    37		 229</p>
<p> Net Income per Share		    $.01		$.06</p>
<p>Weighted average shares</p>
<p>  outstanding			     3,932	     4,084</p>
</text>
<copyright>(c) Reuters Limited 1997</copyright>
<metadata>
<codes class="bip:countries:1.0">
  <code code="USA">
    <editdetail attribution="Reuters BIP Coding Group" action="confirmed" date="1997-04-28"/>
  </code>
</codes>
<codes class="bip:topics:1.0">
  <code code="C15">
    <editdetail attribution="Reuters BIP Coding Group" action="confirmed" date="1997-04-28"/>
  </code>
  <code code="C151">
    <editdetail attribution="Reuters BIP Coding Group" action="confirmed" date="1997-04-28"/>
  </code>
  <code code="CCAT">
    <editdetail attribution="Reuters BIP Coding Group" action="confirmed" date="1997-04-28"/>
  </code>
</codes>
<dc element="dc.date.created" value="1997-04-28"/>
<dc element="dc.publisher" value="Reuters Holdings Plc"/>
<dc element="dc.date.published" value="1997-04-28"/>
<dc element="dc.source" value="Reuters"/>
<dc element="dc.creator.location" value="OKLAHOMA CITY"/>
<dc element="dc.creator.location.country.name" value="USA"/>
<dc element="dc.source" value="Reuters"/>
</metadata>
</newsitem>
