<?xml version="1.0" encoding="iso-8859-1" ?>
<newsitem itemid="542572" id="root" date="1997-04-28" xml:lang="en">
<title>USA: Chart Industries Q1 shr $0.45 vs $0.32.</title>
<headline>Chart Industries Q1 shr $0.45 vs $0.32.</headline>
<dateline>EASTLAKE, Ohio 1997-04-28</dateline>
<text>
<p>CHART INDUSTRIES, INC. AND SUBSIDIARIES</p>
<p>CONDENSED CONSOLIDATED STATEMENTS OF OPERATIONS (UNAUDITED)</p>
<p>		   (in thousands, except per share amounts)</p>
<p>							Three Months Ended</p>
<p>							    March 31,</p>
<p>						    1997		 1996</p>
<p> Sales					$ 42,440	   $ 34,727</p>
<p> Cost of products sold		    30,272	     24,710</p>
<p> Gross Profit				 12,168	     10,017</p>
<p>Selling, general &amp; administrative</p>
<p>  expenses				     5,386		4,907</p>
<p> Operating Income			    6,782		5,110</p>
<p> Interest (income) expense - net	   (8)		  237</p>
<p> Income Before Income Taxes		6,790		4,873</p>
<p> Income Taxes				  2,309		1,664</p>
<p> Net Income				    4,481		3,209</p>
<p> Net Income per Common Share		0.45		 0.32</p>
<p>Shares used in per share calculations</p>
<p>						   9,978	     10,085</p>
</text>
<copyright>(c) Reuters Limited 1997</copyright>
<metadata>
<codes class="bip:countries:1.0">
  <code code="USA">
    <editdetail attribution="Reuters BIP Coding Group" action="confirmed" date="1997-04-28"/>
  </code>
</codes>
<codes class="bip:industries:1.0">
  <code code="I34420">
    <editdetail attribution="Reuters BIP Coding Group" action="confirmed" date="1997-04-28"/>
  </code>
</codes>
<codes class="bip:topics:1.0">
  <code code="C15">
    <editdetail attribution="Reuters BIP Coding Group" action="confirmed" date="1997-04-28"/>
  </code>
  <code code="C151">
    <editdetail attribution="Reuters BIP Coding Group" action="confirmed" date="1997-04-28"/>
  </code>
  <code code="CCAT">
    <editdetail attribution="Reuters BIP Coding Group" action="confirmed" date="1997-04-28"/>
  </code>
</codes>
<dc element="dc.date.created" value="1997-04-28"/>
<dc element="dc.publisher" value="Reuters Holdings Plc"/>
<dc element="dc.date.published" value="1997-04-28"/>
<dc element="dc.source" value="Reuters"/>
<dc element="dc.creator.location" value="EASTLAKE, Ohio"/>
<dc element="dc.creator.location.country.name" value="USA"/>
<dc element="dc.source" value="Reuters"/>
</metadata>
</newsitem>
