<?xml version="1.0" encoding="iso-8859-1" ?>
<newsitem itemid="542550" id="root" date="1997-04-28" xml:lang="en">
<title>USA: Seachange International Inc Q1 net rises.</title>
<headline>Seachange International Inc Q1 net rises.</headline>
<dateline>MAYNARD, Mass. 1997-04-28</dateline>
<text>
<p>(Unaudited, in thousands, except per share data)</p>
<p>							 Three months ended</p>
<p>								 March 31,</p>
<p>							  1997	   1996</p>
<p> Revenues					   $18,052     $10,229</p>
<p> Net income					   1,733	   719</p>
<p> Net income per share				0.13	  0.06</p>
<p>Weighted average common shares and</p>
<p>equivalent common shares outstanding 13,413,555  11,583,835</p>
<p>((-- New York Newsdesk 212 859-1610))</p>
</text>
<copyright>(c) Reuters Limited 1997</copyright>
<metadata>
<codes class="bip:countries:1.0">
  <code code="USA">
    <editdetail attribution="Reuters BIP Coding Group" action="confirmed" date="1997-04-28"/>
  </code>
</codes>
<codes class="bip:industries:1.0">
  <code code="I33020">
    <editdetail attribution="Reuters BIP Coding Group" action="confirmed" date="1997-04-28"/>
  </code>
</codes>
<codes class="bip:topics:1.0">
  <code code="C15">
    <editdetail attribution="Reuters BIP Coding Group" action="confirmed" date="1997-04-28"/>
  </code>
  <code code="C151">
    <editdetail attribution="Reuters BIP Coding Group" action="confirmed" date="1997-04-28"/>
  </code>
  <code code="CCAT">
    <editdetail attribution="Reuters BIP Coding Group" action="confirmed" date="1997-04-28"/>
  </code>
</codes>
<dc element="dc.date.created" value="1997-04-28"/>
<dc element="dc.publisher" value="Reuters Holdings Plc"/>
<dc element="dc.date.published" value="1997-04-28"/>
<dc element="dc.source" value="Reuters"/>
<dc element="dc.creator.location" value="MAYNARD, Mass."/>
<dc element="dc.creator.location.country.name" value="USA"/>
<dc element="dc.source" value="Reuters"/>
</metadata>
</newsitem>
