<?xml version="1.0" encoding="iso-8859-1" ?>
<newsitem itemid="542547" id="root" date="1997-04-28" xml:lang="en">
<title>USA: Hvide says stock downgrade overdone.</title>
<headline>Hvide says stock downgrade overdone.</headline>
<dateline>NEW YORK 1997-04-28</dateline>
<text>
<p>Hvide Marine, whose stock fell 22.62 percent on Monday, said the pessimistic outlook presented in a conference call by Donaldson Lufkin &amp; Jenrette was overdone.</p>
<p>&quot;Arvind Sanger has called the top on the whole industry,&quot; said a spokesman for the company.</p>
<p>Hvide shares closed off 4-3/4 at 16-1/4, having been as low as 14-7/8.</p>
<p>Sanger lowered earnings multiples for the sector and cited the firm order for 10 new offshore support vessels plus seven provisional orders by Edison Chouest, a privately-held company.</p>
<p>&quot;We have other assets such as chemical carriers and only half our earnings come from the offshore,&quot; said the Hvide spokesman.</p>
<p>((-- David Chance New York Newsroom 212 859 1902))</p>
</text>
<copyright>(c) Reuters Limited 1997</copyright>
<metadata>
<codes class="bip:countries:1.0">
  <code code="USA">
    <editdetail attribution="Reuters BIP Coding Group" action="confirmed" date="1997-04-28"/>
  </code>
</codes>
<codes class="bip:industries:1.0">
  <code code="I74000">
    <editdetail attribution="Reuters BIP Coding Group" action="confirmed" date="1997-04-28"/>
  </code>
</codes>
<codes class="bip:topics:1.0">
  <code code="C15">
    <editdetail attribution="Reuters BIP Coding Group" action="confirmed" date="1997-04-28"/>
  </code>
  <code code="C152">
    <editdetail attribution="Reuters BIP Coding Group" action="confirmed" date="1997-04-28"/>
  </code>
  <code code="CCAT">
    <editdetail attribution="Reuters BIP Coding Group" action="confirmed" date="1997-04-28"/>
  </code>
</codes>
<dc element="dc.date.created" value="1997-04-28"/>
<dc element="dc.publisher" value="Reuters Holdings Plc"/>
<dc element="dc.date.published" value="1997-04-28"/>
<dc element="dc.source" value="Reuters"/>
<dc element="dc.creator.location" value="NEW YORK"/>
<dc element="dc.creator.location.country.name" value="USA"/>
<dc element="dc.source" value="Reuters"/>
</metadata>
</newsitem>
