<?xml version="1.0" encoding="iso-8859-1" ?>
<newsitem itemid="542554" id="root" date="1997-04-28" xml:lang="en">
<title>USA: Main Street &amp; Main Q1 shr $0.06 vs $0.09.</title>
<headline>Main Street &amp; Main Q1 shr $0.06 vs $0.09.</headline>
<dateline>PHOENIX 1997-04-28</dateline>
<text>
<p>(Unaudited)</p>
<p>		  (In Thousands, Except Per Share Amounts)</p>
<p>						 Three Months Ended</p>
<p>					    Mar 31, 1997    Apr 1, 1996</p>
<p> Revenue				     $  26,548	$  33,251</p>
<p>Restaurant Operating Expenses:</p>
<p>    Cost of sales				7,440	    9,459</p>
<p>    Payroll and benefits		     8,165	   10,234</p>
<p>    Depreciation and amortization	    880	    1,175</p>
<p>    Other operating expenses		 7,551	    9,525</p>
<p>	 Total restaurant operating</p>
<p>	   expenses			     24,036	   30,393</p>
<p> Income from restaurant operations	 2,512	    2,858</p>
<p>Other Operating (Income) Expenses:</p>
<p>    Depreciation and amortization	    209		386</p>
<p>    General and administrative expenses  1,008		958</p>
<p>    Gain on disposal of assets	   (1,595)		 --</p>
<p> Operating income				2,890	    1,514</p>
<p>    Interest expense, net			638		815</p>
<p>	 Net income before taxes	     2,252		699</p>
<p>    Income tax expense			    --		 --</p>
<p>	 Net income before extraordinary</p>
<p>	  item				     2,252		699</p>
<p>Extraordinary loss from debt</p>
<p>     extinguishment			    1,638		 --</p>
<p> Net income					  614		699</p>
<p>Net Income Per Share:</p>
<p>Net income before extraordinary</p>
<p>     item					   0.22	     0.09</p>
<p>Extraordinary loss from debt</p>
<p>	extinguishment			  (0.16)		 --</p>
<p>    Net income				    0.06	     0.09</p>
<p> Weighted average shares outstanding     9,968	    7,952</p>
</text>
<copyright>(c) Reuters Limited 1997</copyright>
<metadata>
<codes class="bip:countries:1.0">
  <code code="USA">
    <editdetail attribution="Reuters BIP Coding Group" action="confirmed" date="1997-04-28"/>
  </code>
</codes>
<codes class="bip:industries:1.0">
  <code code="I83952">
    <editdetail attribution="Reuters BIP Coding Group" action="confirmed" date="1997-04-28"/>
  </code>
</codes>
<codes class="bip:topics:1.0">
  <code code="C15">
    <editdetail attribution="Reuters BIP Coding Group" action="confirmed" date="1997-04-28"/>
  </code>
  <code code="C151">
    <editdetail attribution="Reuters BIP Coding Group" action="confirmed" date="1997-04-28"/>
  </code>
  <code code="CCAT">
    <editdetail attribution="Reuters BIP Coding Group" action="confirmed" date="1997-04-28"/>
  </code>
</codes>
<dc element="dc.date.created" value="1997-04-28"/>
<dc element="dc.publisher" value="Reuters Holdings Plc"/>
<dc element="dc.date.published" value="1997-04-28"/>
<dc element="dc.source" value="Reuters"/>
<dc element="dc.creator.location" value="PHOENIX"/>
<dc element="dc.creator.location.country.name" value="USA"/>
<dc element="dc.source" value="Reuters"/>
</metadata>
</newsitem>
