<?xml version="1.0" encoding="iso-8859-1" ?>
<newsitem itemid="542533" id="root" date="1997-04-28" xml:lang="en">
<title>USA: Grupo Mexicano De Desarrollo q1 shr loss.</title>
<headline>Grupo Mexicano De Desarrollo q1 shr loss.</headline>
<dateline>NEW YORK 1997-04-28</dateline>
<text>
<p>GRUPO MEXICANO DE DESARROLLO, S.A. and Subsidiaries</p>
<p>			Operating Results (Unaudited)</p>
<p>(in thousands of US Dollars, except per share amounts)(a)</p>
<p>					     First Quarter Ended</p>
<p>							 March 31,</p>
<p>					     1997		    1996</p>
<p>Mexican GAAP:</p>
<p>Revenues			     US$ 33,174	    US$ 25,613</p>
<p>Operating income (loss)		(7,935)		 (9,331)</p>
<p>Income (loss) before foreign</p>
<p> exchange gain (loss)		 (36,573)		   (298)</p>
<p>Foreign exchange gain (loss)	 (1,031)		  7,163</p>
<p>Net income (loss)		     (37,604)		  6,865</p>
<p>Net income (loss) per share(b)	(0.83)		   0.15</p>
<p>U.S. GAAP:</p>
<p>Revenues			     US$ 33,174	    US$ 25,613</p>
<p>Income (loss) before foreign</p>
<p> exchange gain (loss)		  (7,196)		 30,279</p>
<p>Foreign exchange gain (loss)	 (1,031)		  7,163</p>
<p>Net income (loss)			(8,227)		 37,442</p>
<p>Net income (loss) per share(b)	(0.18)		   0.83</p>
</text>
<copyright>(c) Reuters Limited 1997</copyright>
<metadata>
<codes class="bip:countries:1.0">
  <code code="MEX">
    <editdetail attribution="Reuters BIP Coding Group" action="confirmed" date="1997-04-28"/>
  </code>
</codes>
<codes class="bip:industries:1.0">
  <code code="I50100">
    <editdetail attribution="Reuters BIP Coding Group" action="confirmed" date="1997-04-28"/>
  </code>
</codes>
<codes class="bip:topics:1.0">
  <code code="C15">
    <editdetail attribution="Reuters BIP Coding Group" action="confirmed" date="1997-04-28"/>
  </code>
  <code code="C151">
    <editdetail attribution="Reuters BIP Coding Group" action="confirmed" date="1997-04-28"/>
  </code>
  <code code="CCAT">
    <editdetail attribution="Reuters BIP Coding Group" action="confirmed" date="1997-04-28"/>
  </code>
</codes>
<dc element="dc.date.created" value="1997-04-28"/>
<dc element="dc.publisher" value="Reuters Holdings Plc"/>
<dc element="dc.date.published" value="1997-04-28"/>
<dc element="dc.source" value="Reuters"/>
<dc element="dc.creator.location" value="NEW YORK"/>
<dc element="dc.creator.location.country.name" value="USA"/>
<dc element="dc.source" value="Reuters"/>
</metadata>
</newsitem>
