<?xml version="1.0" encoding="iso-8859-1" ?>
<newsitem itemid="542512" id="root" date="1997-04-28" xml:lang="en">
<title>USA: SIGCORP Inc Q1 net down.</title>
<headline>SIGCORP Inc Q1 net down.</headline>
<dateline>EVANSVILLE, Ind. 1997-04-28</dateline>
<text>
<p>FOR THE PERIODS ENDED MARCH 31, 1997 AND 1996 (Unaudited)</p>
<p>			    (in thousands except per share data)</p>
<p>				     Quarter	   Twelve Months</p>
<p>				    Ended 3/31	  Ended 3/31</p>
<p>			     1997	 1996	 1997	 1996</p>
<p>Utility Operating Revenues</p>
<p>   Electric	    $64,876    $66,865   $274,491   $282,045</p>
<p>   Gas		    33,857     39,612     90,496     78,705</p>
<p>     Total		98,733    106,477    364,987    360,750</p>
<p>Utility Operating Income</p>
<p>			    17,049     16,330     61,760     57,533</p>
<p>Net Income applicable to</p>
<p>   common stock	 13,113     13,271     43,106     42,313</p>
<p>Earnings per common share*</p>
<p>				0.55	 0.56	 1.82	 1.79</p>
<p>Average common shares</p>
<p>   outstanding*	 23,631     23,631     23,631     23,631</p>
<p>*Reflects 3 for 2 common stock split effective March 27, 1997.</p>
<p>((Chicago newsdesk, 312-408-8787))</p>
</text>
<copyright>(c) Reuters Limited 1997</copyright>
<metadata>
<codes class="bip:countries:1.0">
  <code code="USA">
    <editdetail attribution="Reuters BIP Coding Group" action="confirmed" date="1997-04-28"/>
  </code>
</codes>
<codes class="bip:industries:1.0">
  <code code="I16200">
    <editdetail attribution="Reuters BIP Coding Group" action="confirmed" date="1997-04-28"/>
  </code>
</codes>
<codes class="bip:topics:1.0">
  <code code="C15">
    <editdetail attribution="Reuters BIP Coding Group" action="confirmed" date="1997-04-28"/>
  </code>
  <code code="C151">
    <editdetail attribution="Reuters BIP Coding Group" action="confirmed" date="1997-04-28"/>
  </code>
  <code code="CCAT">
    <editdetail attribution="Reuters BIP Coding Group" action="confirmed" date="1997-04-28"/>
  </code>
</codes>
<dc element="dc.date.created" value="1997-04-28"/>
<dc element="dc.publisher" value="Reuters Holdings Plc"/>
<dc element="dc.date.published" value="1997-04-28"/>
<dc element="dc.source" value="Reuters"/>
<dc element="dc.creator.location" value="EVANSVILLE, Ind."/>
<dc element="dc.creator.location.country.name" value="USA"/>
<dc element="dc.source" value="Reuters"/>
</metadata>
</newsitem>
