<?xml version="1.0" encoding="iso-8859-1" ?>
<newsitem itemid="542503" id="root" date="1997-04-28" xml:lang="en">
<title>USA: HealthPlan Q1 net, shr down after charge.</title>
<headline>HealthPlan Q1 net, shr down after charge.</headline>
<dateline>TAMPA, Fla. 1997-04-28</dateline>
<text>
<p>(In thousands except per share amount)</p>
<p>					     Quarter Ended March 31,</p>
<p>					   1997			  1996</p>
<p> Operating Revenue		$72,764		     $30,298</p>
<p> Interest Income			829			   710</p>
<p> Total Revenue		     73,593			31,008</p>
<p> Agent Commissions		 17,793			 9,762</p>
<p> Personnel Expenses		28,977			 8,393</p>
<p> General and Administrative    15,223			 5,821</p>
<p>Pre-Operating and Contract</p>
<p>  Start-Up Costs			 94			   277</p>
<p> Integration			  1,398			     0</p>
<p> Operating Expenses		63,485			24,253</p>
<p>Earnings Before Interest Expense,</p>
<p>Provision for Income Taxes,</p>
<p>  Depreciation and Amortization 10,108			6,755</p>
<p> Depreciation and Amortization  3,870			 1,274</p>
<p>Earnings Before Interest Expense</p>
<p>  and Income Taxes		  6,238			 5,481</p>
<p> Interest Expense		   1,200			    16</p>
<p> Income Before Provision for Taxes5,038		     5,465</p>
<p> Provision for Income Taxes     2,239			 2,131</p>
<p> Net Income			   2,799			 3,334</p>
<p>Historical Earnings Per Share of</p>
<p>  Common Stock			 0.19			  0.25</p>
<p>Historical Weighted Average Number</p>
<p>  of Shares Outstanding	  15,058			13,456</p>
<p>NOTES: Q1 1997 saw $1.4 million of integration expenses. EPS without the charge was $0.24.</p>
<p>Full company name is HealthPlan Services Corp.</p>
</text>
<copyright>(c) Reuters Limited 1997</copyright>
<metadata>
<codes class="bip:countries:1.0">
  <code code="USA">
    <editdetail attribution="Reuters BIP Coding Group" action="confirmed" date="1997-04-28"/>
  </code>
</codes>
<codes class="bip:topics:1.0">
  <code code="C15">
    <editdetail attribution="Reuters BIP Coding Group" action="confirmed" date="1997-04-28"/>
  </code>
  <code code="C151">
    <editdetail attribution="Reuters BIP Coding Group" action="confirmed" date="1997-04-28"/>
  </code>
  <code code="CCAT">
    <editdetail attribution="Reuters BIP Coding Group" action="confirmed" date="1997-04-28"/>
  </code>
</codes>
<dc element="dc.date.created" value="1997-04-28"/>
<dc element="dc.publisher" value="Reuters Holdings Plc"/>
<dc element="dc.date.published" value="1997-04-28"/>
<dc element="dc.source" value="Reuters"/>
<dc element="dc.creator.location" value="TAMPA, Fla."/>
<dc element="dc.creator.location.country.name" value="USA"/>
<dc element="dc.source" value="Reuters"/>
</metadata>
</newsitem>
