<?xml version="1.0" encoding="iso-8859-1" ?>
<newsitem itemid="542521" id="root" date="1997-04-28" xml:lang="en">
<title>USA: Everest Reinsurance Q1 shr higher.</title>
<headline>Everest Reinsurance Q1 shr higher.</headline>
<dateline>NEWARK, N.J. 1997-04-28</dateline>
<text>
<p>EVEREST REINSURANCE HOLDINGS, INC.</p>
<p>			CONSOLIDATED STATEMENTS OF OPERATIONS</p>
<p>		(Dollars in thousands, except per share amounts)</p>
<p>						     Three Months Ended</p>
<p>							   March 31,</p>
<p>						    1997		 1996</p>
<p>							  (unaudited)</p>
<p>REVENUES:</p>
<p> Premiums earned			 $ 230,443	  $ 210,269</p>
<p> Net investment income		    54,042	     44,768</p>
<p> Net realized capital gain/(loss)	(199)		3,812</p>
<p> Other income/(loss)			 3,234		(376)</p>
<p>						 287,520	    258,473</p>
<p>CLAIMS AND EXPENSES:</p>
<p>Incurred loss and loss adjustment</p>
<p>  expenses				   166,841	    155,125</p>
<p> Commission and brokerage expenses    61,045	     54,479</p>
<p> Other underwriting expenses	    13,709	     13,871</p>
<p>						 241,595	    223,475</p>
<p> INCOME BEFORE TAXES			45,925	     34,998</p>
<p> Income tax				   11,461		7,247</p>
<p> NET INCOME				   34,464	     27,751</p>
<p>PER SHARE DATA:</p>
<p>Average shares outstanding (000's)</p>
<p>						  50,490	     50,793</p>
<p>    Net income per share		    0.68		 0.55</p>
<p>NOTE: After-tax operating income, which excluded realized capital gains and losses, was $0.69 a share against $0.50.</p>
</text>
<copyright>(c) Reuters Limited 1997</copyright>
<metadata>
<codes class="bip:countries:1.0">
  <code code="USA">
    <editdetail attribution="Reuters BIP Coding Group" action="confirmed" date="1997-04-28"/>
  </code>
</codes>
<codes class="bip:industries:1.0">
  <code code="I82003">
    <editdetail attribution="Reuters BIP Coding Group" action="confirmed" date="1997-04-28"/>
  </code>
  <code code="I8200318">
    <editdetail attribution="Reuters BIP Coding Group" action="confirmed" date="1997-04-28"/>
  </code>
</codes>
<codes class="bip:topics:1.0">
  <code code="C15">
    <editdetail attribution="Reuters BIP Coding Group" action="confirmed" date="1997-04-28"/>
  </code>
  <code code="C151">
    <editdetail attribution="Reuters BIP Coding Group" action="confirmed" date="1997-04-28"/>
  </code>
  <code code="CCAT">
    <editdetail attribution="Reuters BIP Coding Group" action="confirmed" date="1997-04-28"/>
  </code>
</codes>
<dc element="dc.date.created" value="1997-04-28"/>
<dc element="dc.publisher" value="Reuters Holdings Plc"/>
<dc element="dc.date.published" value="1997-04-28"/>
<dc element="dc.source" value="Reuters"/>
<dc element="dc.creator.location" value="NEWARK, N.J."/>
<dc element="dc.creator.location.country.name" value="USA"/>
<dc element="dc.source" value="Reuters"/>
</metadata>
</newsitem>
