<?xml version="1.0" encoding="iso-8859-1" ?>
<newsitem itemid="542511" id="root" date="1997-04-28" xml:lang="en">
<title>USA: American Indemnity Q1 loss vs profit.</title>
<headline>American Indemnity Q1 loss vs profit.</headline>
<dateline>GALVESTON, Texas 1997-04-28</dateline>
<text>
<p>American Indemnity Financial Corp</p>
<p>				  1997			1996</p>
<p> Shr loss		  $ 0.13   profit	$ 0.55</p>
<p> Net loss		     259   profit	 1,066</p>
<p> Avg shrs primary	 1,960		    1,947</p>
<p>(All data above 000s except per share numbers)</p>
</text>
<copyright>(c) Reuters Limited 1997</copyright>
<metadata>
<codes class="bip:countries:1.0">
  <code code="USA">
    <editdetail attribution="Reuters BIP Coding Group" action="confirmed" date="1997-04-28"/>
  </code>
</codes>
<codes class="bip:industries:1.0">
  <code code="I82003">
    <editdetail attribution="Reuters BIP Coding Group" action="confirmed" date="1997-04-28"/>
  </code>
</codes>
<codes class="bip:topics:1.0">
  <code code="C15">
    <editdetail attribution="Reuters BIP Coding Group" action="confirmed" date="1997-04-28"/>
  </code>
  <code code="C151">
    <editdetail attribution="Reuters BIP Coding Group" action="confirmed" date="1997-04-28"/>
  </code>
  <code code="CCAT">
    <editdetail attribution="Reuters BIP Coding Group" action="confirmed" date="1997-04-28"/>
  </code>
</codes>
<dc element="dc.date.created" value="1997-04-28"/>
<dc element="dc.publisher" value="Reuters Holdings Plc"/>
<dc element="dc.date.published" value="1997-04-28"/>
<dc element="dc.source" value="Reuters"/>
<dc element="dc.creator.location" value="GALVESTON, Texas"/>
<dc element="dc.creator.location.country.name" value="USA"/>
<dc element="dc.source" value="Reuters"/>
</metadata>
</newsitem>
