<?xml version="1.0" encoding="iso-8859-1" ?>
<newsitem itemid="542598" id="root" date="1997-04-28" xml:lang="en">
<title>USA: U.S. OPTIONS FOCUS/Indices quiet ahead of data.</title>
<headline>U.S. OPTIONS FOCUS/Indices quiet ahead of data.</headline>
<dateline>CHICAGO 1997-04-28</dateline>
<text>
<p>Major U.S. index options trading remained subdued Monday as investors prepared for the week's onslaught of economic news, highlighted by the April employment report due Friday, traders said.</p>
<p>&quot;I think it's more just fear than anything,&quot; one broker in Chicago said. &quot;I don't think people want to do anything.&quot;</p>
<p>He said a few of his clients had traded some S&amp;P 100 index options, betting on a downward move.</p>
<p>&quot;Maybe they figure the market will sell off into the numbers,&quot; he said. &quot;But the market's not cooperating right now.&quot;  </p>
<p>In late trading, the OEX was up 5.70 at 753.82. The S&amp;P 500 index was up 5.48 at 770.85. June S&amp;P 500 futures were up 5.80 at 774.70.</p>
<p>Fair value for June S&amp;Ps was pegged at roughly 3.55 points over cash, with arbitrage buy programs expected at 4.40 points over and sell programs at about 2.80 points over.</p>
<p>The economic data due this week include the first quarter employment cost index on Tuesday, Chicago purchasing managers index for April on Wedenesday, March personal income and consumption on Thursday and the April jobs report on Friday.  </p>
<p>Moby Waller at Investment Research Institute said in a report that investor fear remains high, suggesting the market could be poised for a move higher.</p>
<p>Waller cited the 0.59 reading on the 10-day moving average of the CBOE's equity put/call ratio and the fact that last Thursday's reading was the highest since 1990 as two signs of investor fear.</p>
<p>&quot;Stated simply, this means that speculators are more willing to buy puts versus calls now than they were in the 1996 summer market correction or in the 1994 'stealth' bear market,&quot; Waller said.  </p>
<p>Waller added that the pricing on certain OEX options suggested investors were willing to pay up for far out-of-the-money puts, another indication the market is not near a top.</p>
<p>Jerry Hegarty at Thomson Financial Services said Thursday and Friday of this week could be positive from first-of-the-month money flows.</p>
<p>&quot;On the other hand, Friday is the monthly employment report which almost always is a major catalyst for volatility,&quot; he said in a report.  </p>
<p>The broker in Chicago agreed that even if trading volume remains thin for most of the week, volatilities will likely hold firm as investors price-in the chance of a sharp market reaction to the economic data.</p>
<p>With the market moving higher Monday, the CBOE's volatility index, priced off certain OEX options, fell 0.63, or about 2.75 percent, to 22.10. It rose intraday to 23.19 before easing.</p>
<p>((Gregory Crawford, 312 408 8750))</p>
<p>E-mail: derivatives@reuters.com</p>
</text>
<copyright>(c) Reuters Limited 1997</copyright>
<metadata>
<codes class="bip:countries:1.0">
  <code code="USA">
    <editdetail attribution="Reuters BIP Coding Group" action="confirmed" date="1997-04-28"/>
  </code>
</codes>
<codes class="bip:topics:1.0">
  <code code="M11">
    <editdetail attribution="Reuters BIP Coding Group" action="confirmed" date="1997-04-28"/>
  </code>
  <code code="MCAT">
    <editdetail attribution="Reuters BIP Coding Group" action="confirmed" date="1997-04-28"/>
  </code>
</codes>
<dc element="dc.date.created" value="1997-04-28"/>
<dc element="dc.publisher" value="Reuters Holdings Plc"/>
<dc element="dc.date.published" value="1997-04-28"/>
<dc element="dc.source" value="Reuters"/>
<dc element="dc.creator.location" value="CHICAGO"/>
<dc element="dc.creator.location.country.name" value="USA"/>
<dc element="dc.source" value="Reuters"/>
</metadata>
</newsitem>
