<?xml version="1.0" encoding="iso-8859-1" ?>
<newsitem itemid="542656" id="root" date="1997-04-28" xml:lang="en">
<title>USA: CV Reit to buy 22 strip malls for $110 mln.</title>
<headline>CV Reit to buy 22 strip malls for $110 mln.</headline>
<dateline>WEST PALM BEACH, Fla. 1997-04-28</dateline>
<text>
<p>CV Reit Inc said Monday it has entered into a contract to acquire 22 strip shopping centers valued at approximately $110 million.</p>
<p>The company said it entered into the previously announced agreement with several private owners and entities for the acquisition of a commercial real estate management company, corporate offices and up to 22 strip shopping centers located primarily in eastern Pennsylvania and southern New Jersey. The agreement, said CV,  provides for a 45 day due-diligence period and is subject to shareholder approval.  The transaction is projected to close in September.</p>
<p>Hilcoast Development Corp the financial advisor to CV Reit, said that the transaction contemplates the formation of a limited partnership with CV Reit as the general partner.  The company will either issue stock or partnership units in exchange for interests in real estate.</p>
</text>
<copyright>(c) Reuters Limited 1997</copyright>
<metadata>
<codes class="bip:countries:1.0">
  <code code="USA">
    <editdetail attribution="Reuters BIP Coding Group" action="confirmed" date="1997-04-28"/>
  </code>
</codes>
<codes class="bip:industries:1.0">
  <code code="I81502">
    <editdetail attribution="Reuters BIP Coding Group" action="confirmed" date="1997-04-28"/>
  </code>
  <code code="I8150206">
    <editdetail attribution="Reuters BIP Coding Group" action="confirmed" date="1997-04-28"/>
  </code>
</codes>
<codes class="bip:topics:1.0">
  <code code="C18">
    <editdetail attribution="Reuters BIP Coding Group" action="confirmed" date="1997-04-28"/>
  </code>
  <code code="C182">
    <editdetail attribution="Reuters BIP Coding Group" action="confirmed" date="1997-04-28"/>
  </code>
  <code code="CCAT">
    <editdetail attribution="Reuters BIP Coding Group" action="confirmed" date="1997-04-28"/>
  </code>
</codes>
<dc element="dc.date.created" value="1997-04-28"/>
<dc element="dc.publisher" value="Reuters Holdings Plc"/>
<dc element="dc.date.published" value="1997-04-28"/>
<dc element="dc.source" value="Reuters"/>
<dc element="dc.creator.location" value="WEST PALM BEACH, Fla."/>
<dc element="dc.creator.location.country.name" value="USA"/>
<dc element="dc.source" value="Reuters"/>
</metadata>
</newsitem>
