<?xml version="1.0" encoding="iso-8859-1" ?>
<newsitem itemid="542612" id="root" date="1997-04-28" xml:lang="en">
<title>USA: Valmont votes 2-for-1 split, hikes payout.</title>
<headline>Valmont votes 2-for-1 split, hikes payout.</headline>
<dateline>OMAHA, Neb. 1997-04-28</dateline>
<text>
<p>Valmont Industries Inc said Monday its directors have approved a two-for-one stock split, to be effected in the form of a stock dividend, and increased the company's quarterly cash dividend.</p>
<p>The second quarter cash dividend will be $0.05625 a share (post-split) payable on July 15, record June 27.</p>
<p>The dividend is an increase of 12.5 percent from the previous quarter's dividend, and indicates an annual rate of $0.225 per share (post-split).  </p>
<p>The additional shares from the stock split will be issued on May 30, 1997 to shareholders of record on May 9, 1997.</p>
<p>After the split, Valmont will have about 27.4 million shares outstanding.</p>
<p>Valmont designs and makes poles, towers, and structures for lighting, communication, and utility markets. The company also makes mechanized agricultural irrigation equipment.</p>
<p>Shares of Valmont were trading up 3/4 to 39.</p>
<p>			 ((Chicago newsdesk 312 408 8787))</p>
</text>
<copyright>(c) Reuters Limited 1997</copyright>
<metadata>
<codes class="bip:countries:1.0">
  <code code="USA">
    <editdetail attribution="Reuters BIP Coding Group" action="confirmed" date="1997-04-28"/>
  </code>
</codes>
<codes class="bip:industries:1.0">
  <code code="I32100">
    <editdetail attribution="Reuters BIP Coding Group" action="confirmed" date="1997-04-28"/>
  </code>
</codes>
<codes class="bip:topics:1.0">
  <code code="C15">
    <editdetail attribution="Reuters BIP Coding Group" action="confirmed" date="1997-04-28"/>
  </code>
  <code code="C151">
    <editdetail attribution="Reuters BIP Coding Group" action="confirmed" date="1997-04-28"/>
  </code>
  <code code="C17">
    <editdetail attribution="Reuters BIP Coding Group" action="confirmed" date="1997-04-28"/>
  </code>
  <code code="C171">
    <editdetail attribution="Reuters BIP Coding Group" action="confirmed" date="1997-04-28"/>
  </code>
  <code code="CCAT">
    <editdetail attribution="Reuters BIP Coding Group" action="confirmed" date="1997-04-28"/>
  </code>
</codes>
<dc element="dc.date.created" value="1997-04-28"/>
<dc element="dc.publisher" value="Reuters Holdings Plc"/>
<dc element="dc.date.published" value="1997-04-28"/>
<dc element="dc.source" value="Reuters"/>
<dc element="dc.creator.location" value="OMAHA, Neb."/>
<dc element="dc.creator.location.country.name" value="USA"/>
<dc element="dc.source" value="Reuters"/>
</metadata>
</newsitem>
