<?xml version="1.0" encoding="iso-8859-1" ?>
<newsitem itemid="542689" id="root" date="1997-04-28" xml:lang="en">
<title>USA: Italy's Dini says spending cuts must take place.</title>
<headline>Italy's Dini says spending cuts must take place.</headline>
<dateline>WASHINGTON 1997-04-28</dateline>
<text>
<p>Italian Foreign Minister Lamberto Dini said Monday that his country must cut government spending, including implementing pension cuts, even if it means doing so with a different government majority.</p>
<p>In remarks prepared for delivery to the World Economy Laboratory conference here, Dini said &quot;structural measures to reduce spending must be adopted even if the parliamentary majority supporting them does not fully coincide with the one that has supported the center-left government so far.&quot;  </p>
<p>Dini said his support and that of his party for the government led by Romano Prodi was conditioned on it succeeding in achieving promised budgetary consolidation.</p>
<p>&quot;If the extreme left and trade unions continue to oppose spending cuts or any change in the welfare state, the government must take the initiative and submit a bill to Parliament for which it will be possible to obtain the support of the opposition,&quot; Dini said in a text of his address.</p>
<p>The government led by Romano Prodi has the support of the hard left Communist Refoundation Party, which however has no seats in government. Dini's own party, Rinnovamento Italiano, fared poorly at partial local elections Sunday, with early returns showing less that one percent of total votes in its favor.</p>
<p>Dini said Italy had made major progress towards reaching the three percent budget deficit-to-GDP target needed to enter the European single currency. But it must now attack structural spending to ensure its sustainability and time was running short.</p>
<p>&quot;The area where this can be done with the greatest long-run impact and the least social cost is the pension system&quot; Dini said.</p>
</text>
<copyright>(c) Reuters Limited 1997</copyright>
<metadata>
<codes class="bip:countries:1.0">
  <code code="ITALY">
    <editdetail attribution="Reuters BIP Coding Group" action="confirmed" date="1997-04-28"/>
  </code>
  <code code="USA">
    <editdetail attribution="Reuters BIP Coding Group" action="confirmed" date="1997-04-28"/>
  </code>
</codes>
<codes class="bip:topics:1.0">
  <code code="E12">
    <editdetail attribution="Reuters BIP Coding Group" action="confirmed" date="1997-04-28"/>
  </code>
  <code code="E21">
    <editdetail attribution="Reuters BIP Coding Group" action="confirmed" date="1997-04-28"/>
  </code>
  <code code="E211">
    <editdetail attribution="Reuters BIP Coding Group" action="confirmed" date="1997-04-28"/>
  </code>
  <code code="ECAT">
    <editdetail attribution="Reuters BIP Coding Group" action="confirmed" date="1997-04-28"/>
  </code>
</codes>
<dc element="dc.date.created" value="1997-04-28"/>
<dc element="dc.publisher" value="Reuters Holdings Plc"/>
<dc element="dc.date.published" value="1997-04-28"/>
<dc element="dc.source" value="Reuters"/>
<dc element="dc.creator.location" value="WASHINGTON"/>
<dc element="dc.creator.location.country.name" value="USA"/>
<dc element="dc.source" value="Reuters"/>
</metadata>
</newsitem>
