<?xml version="1.0" encoding="iso-8859-1" ?>
<newsitem itemid="542608" id="root" date="1997-04-28" xml:lang="en">
<title>USA: NYS Thruway sets $350 mln bond sale for next week.</title>
<headline>NYS Thruway sets $350 mln bond sale for next week.</headline>
<dateline>NEW YORK 1997-04-28</dateline>
<text>
<p>The New York State Thruway Authority plans to sell next week around $350 million of general revenue bonds through a syndicate led by Dillon, Read, the underwriting firm said on Monday.</p>
<p>Moody's Investors Service earlier said it upgraded the Authority's revenue bonds to Aa3 from A1 in part because of the strength of the agency's financial performance and planning and its continued operational autonomy from the state.</p>
<p>The rating agency said that with the sale, the Authority will have about $1.2 billion of general revenue bonds outstanding.</p>
<p>((--Joan Gralla, 212-859-1654))</p>
</text>
<copyright>(c) Reuters Limited 1997</copyright>
<metadata>
<codes class="bip:countries:1.0">
  <code code="USA">
    <editdetail attribution="Reuters BIP Coding Group" action="confirmed" date="1997-04-28"/>
  </code>
</codes>
<codes class="bip:topics:1.0">
  <code code="C17">
    <editdetail attribution="Reuters BIP Coding Group" action="confirmed" date="1997-04-28"/>
  </code>
  <code code="C174">
    <editdetail attribution="Reuters BIP Coding Group" action="confirmed" date="1997-04-28"/>
  </code>
  <code code="CCAT">
    <editdetail attribution="Reuters BIP Coding Group" action="confirmed" date="1997-04-28"/>
  </code>
  <code code="E21">
    <editdetail attribution="Reuters BIP Coding Group" action="confirmed" date="1997-04-28"/>
  </code>
  <code code="E212">
    <editdetail attribution="Reuters BIP Coding Group" action="confirmed" date="1997-04-28"/>
  </code>
  <code code="ECAT">
    <editdetail attribution="Reuters BIP Coding Group" action="confirmed" date="1997-04-28"/>
  </code>
</codes>
<dc element="dc.date.created" value="1997-04-28"/>
<dc element="dc.publisher" value="Reuters Holdings Plc"/>
<dc element="dc.date.published" value="1997-04-28"/>
<dc element="dc.source" value="Reuters"/>
<dc element="dc.creator.location" value="NEW YORK"/>
<dc element="dc.creator.location.country.name" value="USA"/>
<dc element="dc.source" value="Reuters"/>
</metadata>
</newsitem>
