<?xml version="1.0" encoding="iso-8859-1" ?>
<newsitem itemid="542650" id="root" date="1997-04-28" xml:lang="en">
<title>USA: U.S. bill auction rates average 5.22, 5.45 pct.</title>
<headline>U.S. bill auction rates average 5.22, 5.45 pct.</headline>
<dateline>WASHINGTON 1997-04-28</dateline>
<text>
<p>The U.S. Treasury said its auction of three and six-month bills brought these results:</p>
<p>91-DAY BILLS DUE JULY 31, 1997 * $7.085 BILLION</p>
<p>	 DISCOUNT INVESTMENT PRICE</p>
<p> Low	  5.21   5.35   98.683   HIGH SINCE 5.26%--24.Mar.97</p>
<p> High	 5.22   5.36   98.681   ACCEPTED AT HIGH   37 PCT</p>
<p> Average    5.22   5.36   98.681   AVG RATE LAST WK    5.21</p>
<p>182-DAY BILLS DUE OCT 30, 1997 * $7.035 BILLION</p>
<p> Low	  5.45   5.68   97.245   HIGH SINCE 5.46%--24.Jul.95</p>
<p> High	 5.46   5.69   97.240   ACCEPTED AT HIGH   9 PCT</p>
<p> Average    5.45   5.68   97.245   AVG RATE LAST WK    5.38</p>
<p> U.S. TREASURY (GOVERNMENT DEBT)		 MATURITY 31.Jul.97</p>
<p> MATURITY/TYPE    91-DAY BILLS		   PAY DATE 01.May.97</p>
<p> TYPE OF DEBT     STRAIGHT			 LAUNCHED 28.Apr.97</p>
<p> ISSUED/ACCEPTED   7.085 BLN USD		 CUSIP    9127945G5</p>
<p> BIDS SUBMITTED   44.476			   COUNTRY	  USA</p>
<p> NONCOMPETITIVE    1.401			    AUCTION AVERAGES</p>
<p> NY FED DISTRICT    N.A.			   DISCOUNT     5.22</p>
<p> FOREIGN INSTITN  667.50 MLN		     PRICE	98.681</p>
<p> BIDDING RANGE     5.21-5.22 PCT		 YIELD	  5.36</p>
<p>	 COVER (Bids Over Amount Auctioned) = 6.278 TIMES</p>
<p>	 TAIL  (High  Minus Average  Yield) = 0 BASIS PTS</p>
<p> U.S. TREASURY (GOVERNMENT DEBT)		 MATURITY 30.Oct.97</p>
<p> MATURITY/TYPE    182-DAY BILLS		  PAY DATE 01.May.97</p>
<p> TYPE OF DEBT     STRAIGHT			 LAUNCHED 28.Apr.97</p>
<p> ISSUED/ACCEPTED   7.035 BLN USD		 CUSIP    9127945S9</p>
<p> BIDS SUBMITTED   42.113			   COUNTRY	  USA</p>
<p> NONCOMPETITIVE    1.157			    AUCTION AVERAGES</p>
<p> NY FED DISTRICT    N.A.			   DISCOUNT     5.45</p>
<p> FOREIGN INSTITN   3.692			   PRICE	97.245</p>
<p> BIDDING RANGE     5.45-5.46 PCT		 YIELD	  5.68</p>
<p>	 COVER (Bids Over Amount Auctioned) = 5.986 TIMES</p>
<p>	 TAIL  (High  Minus Average  Yield) = 1 BASIS PTS</p>
</text>
<copyright>(c) Reuters Limited 1997</copyright>
<metadata>
<codes class="bip:countries:1.0">
  <code code="USA">
    <editdetail attribution="Reuters BIP Coding Group" action="confirmed" date="1997-04-28"/>
  </code>
</codes>
<codes class="bip:topics:1.0">
  <code code="M13">
    <editdetail attribution="Reuters BIP Coding Group" action="confirmed" date="1997-04-28"/>
  </code>
  <code code="M131">
    <editdetail attribution="Reuters BIP Coding Group" action="confirmed" date="1997-04-28"/>
  </code>
  <code code="MCAT">
    <editdetail attribution="Reuters BIP Coding Group" action="confirmed" date="1997-04-28"/>
  </code>
</codes>
<dc element="dc.date.created" value="1997-04-28"/>
<dc element="dc.publisher" value="Reuters Holdings Plc"/>
<dc element="dc.date.published" value="1997-04-28"/>
<dc element="dc.source" value="Reuters"/>
<dc element="dc.creator.location" value="WASHINGTON"/>
<dc element="dc.creator.location.country.name" value="USA"/>
<dc element="dc.source" value="Reuters"/>
</metadata>
</newsitem>
