<?xml version="1.0" encoding="iso-8859-1" ?>
<newsitem itemid="542772" id="root" date="1997-04-28" xml:lang="en">
<title>USA: Staffmark says acquisition to aid 1997 EPS.</title>
<headline>Staffmark says acquisition to aid 1997 EPS.</headline>
<dateline>FAYETTEVILLE, Ark. 1997-04-28</dateline>
<text>
<p>StaffMark, Inc said Monday it had acquired Lindenberg &amp; Associates, an information technology consulting firm based in St. Louis, Missouri, and expected the purchase to boost 1997 earnings per share.</p>
<p>StaffMark, which did not disclose terms of the purchase, said Lindenberg &amp; Associates had revenues in 1996 of $18 million.  </p>
<p>&quot;The acquisition of Lindenberg &amp; Associates is a significant step toward our objective of growing StaffMark's professional/information technology revenues,&quot; said Clete Brewer, StaffMark's president and chief executive officer. &quot;Because of the technical expertise required, information technology staffing and consulting generally has a higher profit margin than commercial staffing,&quot; he added.</p>
<p>((- New York Newsdesk, 212 859-1610))</p>
</text>
<copyright>(c) Reuters Limited 1997</copyright>
<metadata>
<codes class="bip:countries:1.0">
  <code code="USA">
    <editdetail attribution="Reuters BIP Coding Group" action="confirmed" date="1997-04-28"/>
  </code>
</codes>
<codes class="bip:industries:1.0">
  <code code="I83954">
    <editdetail attribution="Reuters BIP Coding Group" action="confirmed" date="1997-04-28"/>
  </code>
</codes>
<codes class="bip:topics:1.0">
  <code code="C15">
    <editdetail attribution="Reuters BIP Coding Group" action="confirmed" date="1997-04-28"/>
  </code>
  <code code="C152">
    <editdetail attribution="Reuters BIP Coding Group" action="confirmed" date="1997-04-28"/>
  </code>
  <code code="C18">
    <editdetail attribution="Reuters BIP Coding Group" action="confirmed" date="1997-04-28"/>
  </code>
  <code code="C181">
    <editdetail attribution="Reuters BIP Coding Group" action="confirmed" date="1997-04-28"/>
  </code>
  <code code="CCAT">
    <editdetail attribution="Reuters BIP Coding Group" action="confirmed" date="1997-04-28"/>
  </code>
</codes>
<dc element="dc.date.created" value="1997-04-28"/>
<dc element="dc.publisher" value="Reuters Holdings Plc"/>
<dc element="dc.date.published" value="1997-04-28"/>
<dc element="dc.source" value="Reuters"/>
<dc element="dc.creator.location" value="FAYETTEVILLE, Ark."/>
<dc element="dc.creator.location.country.name" value="USA"/>
<dc element="dc.source" value="Reuters"/>
</metadata>
</newsitem>
