<?xml version="1.0" encoding="iso-8859-1" ?>
<newsitem itemid="542707" id="root" date="1997-04-28" xml:lang="en">
<title>USA: UNIFI Communications completes $175 mln offering.</title>
<headline>UNIFI Communications completes $175 mln offering.</headline>
<dateline>LOWELL, Mass. 1997-04-28</dateline>
<text>
<p>UNIFI Communications Inc said on Monday it had completed its first public financing by issuing $175 million in high-yield debt securities.</p>
<p>UNIFI Communications, a privately owned company that provides enhanced facsimile transmission and delivery services, said it intends to use the net proceeds from its debt offering to finance the expansion of its Intelligent Delivery Network to include 47 new network nodes in 27 countries, among other purposes.</p>
<p>The offering was made through Smith Barney Inc, the company said in a statement.</p>
<p>It added that it has agreed to file an exchange offer registration statement with the Securities and Exchange Commission within 60 days from the date of original issuance, after which bondholders will be permitted to exchange their originally issued bonds for identical, publicly registered bonds.</p>
</text>
<copyright>(c) Reuters Limited 1997</copyright>
<metadata>
<codes class="bip:countries:1.0">
  <code code="USA">
    <editdetail attribution="Reuters BIP Coding Group" action="confirmed" date="1997-04-28"/>
  </code>
</codes>
<codes class="bip:industries:1.0">
  <code code="I83940">
    <editdetail attribution="Reuters BIP Coding Group" action="confirmed" date="1997-04-28"/>
  </code>
</codes>
<codes class="bip:topics:1.0">
  <code code="C17">
    <editdetail attribution="Reuters BIP Coding Group" action="confirmed" date="1997-04-28"/>
  </code>
  <code code="C172">
    <editdetail attribution="Reuters BIP Coding Group" action="confirmed" date="1997-04-28"/>
  </code>
  <code code="CCAT">
    <editdetail attribution="Reuters BIP Coding Group" action="confirmed" date="1997-04-28"/>
  </code>
</codes>
<dc element="dc.date.created" value="1997-04-28"/>
<dc element="dc.publisher" value="Reuters Holdings Plc"/>
<dc element="dc.date.published" value="1997-04-28"/>
<dc element="dc.source" value="Reuters"/>
<dc element="dc.creator.location" value="LOWELL, Mass."/>
<dc element="dc.creator.location.country.name" value="USA"/>
<dc element="dc.source" value="Reuters"/>
</metadata>
</newsitem>
