<?xml version="1.0" encoding="iso-8859-1" ?>
<newsitem itemid="542757" id="root" date="1997-04-28" xml:lang="en">
<title>USA: Exide Q2 March 31 profit vs loss.</title>
<headline>Exide Q2 March 31 profit vs loss.</headline>
<dateline>RALEIGH, N.C. 1997-04-28</dateline>
<text>
<p>EXIDE ELECTRONICS GROUP INC</p>
<p>		     CONSOLIDATED STATEMENT OF OPERATIONS</p>
<p>	    (unaudited, in thousands, except per share amounts)</p>
<p>					     Q2		Six Months</p>
<p>				     1997	1996     1997     1996</p>
<p>Revenues</p>
<p>  Products		    $109,714  $73,819 $209,126 $131,478</p>
<p>  Services			29,124   27,869   60,634   53,513</p>
<p>   Total revenues	    138,838  101,688  269,760  184,991</p>
<p>Cost of revenues</p>
<p>  Products			78,029   53,579  146,569   96,087</p>
<p>  Services			19,581   19,423   40,357   38,003</p>
<p>   Total cost of revenues   97,610   73,002  186,926  134,090</p>
<p>   Gross profit		 41,228   28,686   82,834   50,901</p>
<p>Selling, general and</p>
<p>  administrative expense    29,268   21,025   58,199   38,482</p>
<p>Research and development</p>
<p>  expense			  3,944    2,577    7,519    5,086</p>
<p>Acquisition and restructuring</p>
<p>  expense			     --   11,621	 --   11,621</p>
<p>Income (loss) from</p>
<p>    operations		   8,016  (6,537)   17,116  (4,288)</p>
<p> Interest expense		7,074    7,435   14,073    8,932</p>
<p> Interest income		 (107)    (180)    (292)    (211)</p>
<p> Other (income) expense	(122)	 68	 36	185</p>
<p>Income (loss) before income</p>
<p>taxes and extraordinary item</p>
<p>				    1,171  (13,860)   3,299  (13,194)</p>
<p>Provision (benefit) for</p>
<p>  income taxes		     592  (4,869)    1,650  (4,616)</p>
<p>Minority interest in subsidiaries</p>
<p>					  81	 --	192	 --</p>
<p>Income (loss) before</p>
<p>  extraordinary item	     499  (8,991)    1,458  (8,578)</p>
<p>  Extraordinary item	   2,376	 --    2,376	 --</p>
<p> Net loss			(1,878)  (8,991)    (919)  (8,578)</p>
<p>Preferred stock accretion</p>
<p>  and dividends		    342	 67	684	 67</p>
<p>Net loss applicable to</p>
<p>  common shareholders	(2,220)  (9,058)  (1,603)  (8,645)</p>
<p>Pro forma net income</p>
<p>excluding nonrecurring</p>
<p>   and extraordinary items     499    1,655    1,458    2,068</p>
<p>  EBITDA(1)		     13,444    8,282   27,855   12,984</p>
<p>Primary earnings per share</p>
<p>Income (loss) before</p>
<p>   extraordinary item	   0.02   (0.97)     0.08   (0.93)</p>
<p>  Extraordinary item	  (0.24)	 --   (0.24)	 --</p>
<p>  Net loss			(0.22)   (0.97)   (0.16)   (0.93)</p>
<p>Pro forma net income</p>
<p>excluding nonrecurring</p>
<p>   and extraordinary items    0.02     0.17     0.08     0.21</p>
<p>Weighted average number</p>
<p>of common and equivalent</p>
<p>   shares outstanding	 10,051    9,313   10,018    9,272</p>
<p>Pro forma weighted</p>
<p>average number of</p>
<p>common and equivalent</p>
<p>   shares outstanding	 10,051    9,361   10,018    9,341</p>
<p>Fully diluted earnings</p>
<p>per share</p>
<p>Income (loss) before</p>
<p>   extraordinary item	   0.02   (0.97)     0.08   (0.93)</p>
<p>  Extraordinary item	  (0.24)	 --   (0.24)	 --</p>
<p>  Net loss			(0.22)   (0.97)   (0.16)   (0.93)</p>
<p>Pro forma net income</p>
<p>excluding nonrecurring</p>
<p>   and extraordinary items    0.02     0.17     0.08     0.21</p>
<p>Weighted average number</p>
<p>of common and</p>
<p>equivalent shares</p>
<p>   outstanding		  10,052    9,313   10,052    9,423</p>
<p>Pro forma weighted</p>
<p>average number of</p>
<p>common and equivalent</p>
<p>   shares outstanding	 10,052    9,361   10,052    9,493</p>
<p>(1) EBITDA represents income from operations plus depreciation and amortization, acquisition and restructuring expenses and other one-time charges.</p>
</text>
<copyright>(c) Reuters Limited 1997</copyright>
<metadata>
<codes class="bip:countries:1.0">
  <code code="USA">
    <editdetail attribution="Reuters BIP Coding Group" action="confirmed" date="1997-04-28"/>
  </code>
</codes>
<codes class="bip:industries:1.0">
  <code code="I34420">
    <editdetail attribution="Reuters BIP Coding Group" action="confirmed" date="1997-04-28"/>
  </code>
</codes>
<codes class="bip:topics:1.0">
  <code code="C15">
    <editdetail attribution="Reuters BIP Coding Group" action="confirmed" date="1997-04-28"/>
  </code>
  <code code="C151">
    <editdetail attribution="Reuters BIP Coding Group" action="confirmed" date="1997-04-28"/>
  </code>
  <code code="CCAT">
    <editdetail attribution="Reuters BIP Coding Group" action="confirmed" date="1997-04-28"/>
  </code>
</codes>
<dc element="dc.date.created" value="1997-04-28"/>
<dc element="dc.publisher" value="Reuters Holdings Plc"/>
<dc element="dc.date.published" value="1997-04-28"/>
<dc element="dc.source" value="Reuters"/>
<dc element="dc.creator.location" value="RALEIGH, N.C."/>
<dc element="dc.creator.location.country.name" value="USA"/>
<dc element="dc.source" value="Reuters"/>
</metadata>
</newsitem>
