<?xml version="1.0" encoding="iso-8859-1" ?>
<newsitem itemid="542742" id="root" date="1997-04-28" xml:lang="en">
<title>USA: Tanger Factory Q1 shr $0.36 vs $0.26.</title>
<headline>Tanger Factory Q1 shr $0.36 vs $0.26.</headline>
<dateline>GREENSBORO, N.C. 1997-04-28</dateline>
<text>
<p>(In thousands, except share data)</p>
<p>				  1997		 1996</p>
<p>Total Revenues	  $  19,225	  $  18,123</p>
<p>Net income		    2,858		2,288</p>
<p>Income per share</p>
<p>before extraordinary</p>
<p> item			    0.36		 0.35</p>
<p>Net income per share	 0.36		 0.26</p>
</text>
<copyright>(c) Reuters Limited 1997</copyright>
<metadata>
<codes class="bip:countries:1.0">
  <code code="USA">
    <editdetail attribution="Reuters BIP Coding Group" action="confirmed" date="1997-04-28"/>
  </code>
</codes>
<codes class="bip:industries:1.0">
  <code code="I81502">
    <editdetail attribution="Reuters BIP Coding Group" action="confirmed" date="1997-04-28"/>
  </code>
  <code code="I8150206">
    <editdetail attribution="Reuters BIP Coding Group" action="confirmed" date="1997-04-28"/>
  </code>
</codes>
<codes class="bip:topics:1.0">
  <code code="C15">
    <editdetail attribution="Reuters BIP Coding Group" action="confirmed" date="1997-04-28"/>
  </code>
  <code code="C151">
    <editdetail attribution="Reuters BIP Coding Group" action="confirmed" date="1997-04-28"/>
  </code>
  <code code="CCAT">
    <editdetail attribution="Reuters BIP Coding Group" action="confirmed" date="1997-04-28"/>
  </code>
</codes>
<dc element="dc.date.created" value="1997-04-28"/>
<dc element="dc.publisher" value="Reuters Holdings Plc"/>
<dc element="dc.date.published" value="1997-04-28"/>
<dc element="dc.source" value="Reuters"/>
<dc element="dc.creator.location" value="GREENSBORO, N.C."/>
<dc element="dc.creator.location.country.name" value="USA"/>
<dc element="dc.source" value="Reuters"/>
</metadata>
</newsitem>
