<?xml version="1.0" encoding="iso-8859-1" ?>
<newsitem itemid="542763" id="root" date="1997-04-28" xml:lang="en">
<title>USA: Amplicon Inc Q3 shr rises to $0.71.</title>
<headline>Amplicon Inc Q3 shr rises to $0.71.</headline>
<dateline>SANTA ANA, Calif. 1997-04-28</dateline>
<text>
<p>AMPLICON INC.</p>
<p>	     Condensed Consolidated Statements of Earnings</p>
<p>			(000's except per share data)</p>
<p>			   Three Months Ended   Nine Months Ended</p>
<p>				March 31,		 March 31,</p>
<p>			  1997	  1996	1997	   1996</p>
<p>					    (unaudited)</p>
<p>Revenues	    $76,692     $66,842   $217,581     $188,893</p>
<p>Gross Profit	 12,629	10,439     34,521	 28,372</p>
<p>Earnings before</p>
<p>income taxes	  6,689	 5,534     18,454	 15,195</p>
<p>Net earnings	$ 4,156     $ 3,348   $ 11,164     $  9,193</p>
<p>Net earnings</p>
<p>per share	   $  0.71     $  0.57   $   1.91     $   1.57</p>
<p>Weighted average</p>
<p>number of shares</p>
<p>outstanding	   5,836	 5,839	5,835	  5,852</p>
</text>
<copyright>(c) Reuters Limited 1997</copyright>
<metadata>
<codes class="bip:countries:1.0">
  <code code="USA">
    <editdetail attribution="Reuters BIP Coding Group" action="confirmed" date="1997-04-28"/>
  </code>
</codes>
<codes class="bip:industries:1.0">
  <code code="I83940">
    <editdetail attribution="Reuters BIP Coding Group" action="confirmed" date="1997-04-28"/>
  </code>
</codes>
<codes class="bip:topics:1.0">
  <code code="C15">
    <editdetail attribution="Reuters BIP Coding Group" action="confirmed" date="1997-04-28"/>
  </code>
  <code code="C151">
    <editdetail attribution="Reuters BIP Coding Group" action="confirmed" date="1997-04-28"/>
  </code>
  <code code="CCAT">
    <editdetail attribution="Reuters BIP Coding Group" action="confirmed" date="1997-04-28"/>
  </code>
</codes>
<dc element="dc.date.created" value="1997-04-28"/>
<dc element="dc.publisher" value="Reuters Holdings Plc"/>
<dc element="dc.date.published" value="1997-04-28"/>
<dc element="dc.source" value="Reuters"/>
<dc element="dc.creator.location" value="SANTA ANA, Calif."/>
<dc element="dc.creator.location.country.name" value="USA"/>
<dc element="dc.source" value="Reuters"/>
</metadata>
</newsitem>
