<?xml version="1.0" encoding="iso-8859-1" ?>
<newsitem itemid="542797" id="root" date="1997-04-28" xml:lang="en">
<title>USA: Global PC unit shipments rise 16 pct in Q1 - IDC.</title>
<headline>Global PC unit shipments rise 16 pct in Q1 - IDC.</headline>
<dateline>MOUNTAIN VIEW, Calif. 1997-04-28</dateline>
<text>
<p>Global unit shipments of personal computers jumped 16 percent over the first quarter of 1996, according to research firm International Data Corp.</p>
<p>By comparison, IDC said that Worldwide shipments rose by 13 percent in the fourth quarter of 1996 against the year before.  </p>
<p>IDC said U.S. shipments marked a 20 percent rise, the fastest of any major region, and the best quarterly domestic growth rate since the end of 1995.</p>
<p>The firm attributed the sales growth to new products, including those with powerful multimedia chips and systems costing less than $1000, as well as high-end portables PCs.</p>
<p>Compaq Computer Corp continued to be the global sales leader, with an 11.1 percent share, the report said.</p>
<p>International Business Machines Corp was second in global sales, while Dell Computer Corp was third.</p>
<p>All three of the firms scored an increase in units shipped and market share in 1997's first quarter, compared to the same period in 1996, IDC said.</p>
<p>The research firm said PC shipments in Western Europe rose 13 percent in the quarter, on stronger corporate buying.</p>
<p>Economic uncertainty weighed upon sales in major Asian markets, holding shipment growth in Japan to 14 percent and in the rest of the Asia/Pacific region to 13 percent, unusually low for that fast-growing part of the world, IDC said.</p>
<p>Demand was stronger in Japan than the shipment numbers indicate, however, as businesses were unable to buy all the systems they wanted due to a shortage of notebook PCs.</p>
</text>
<copyright>(c) Reuters Limited 1997</copyright>
<metadata>
<codes class="bip:countries:1.0">
  <code code="USA">
    <editdetail attribution="Reuters BIP Coding Group" action="confirmed" date="1997-04-28"/>
  </code>
</codes>
<codes class="bip:industries:1.0">
  <code code="I33020">
    <editdetail attribution="Reuters BIP Coding Group" action="confirmed" date="1997-04-28"/>
  </code>
  <code code="I3302003">
    <editdetail attribution="Reuters BIP Coding Group" action="confirmed" date="1997-04-28"/>
  </code>
</codes>
<codes class="bip:topics:1.0">
  <code code="C21">
    <editdetail attribution="Reuters BIP Coding Group" action="confirmed" date="1997-04-28"/>
  </code>
  <code code="C31">
    <editdetail attribution="Reuters BIP Coding Group" action="confirmed" date="1997-04-28"/>
  </code>
  <code code="C313">
    <editdetail attribution="Reuters BIP Coding Group" action="confirmed" date="1997-04-28"/>
  </code>
  <code code="CCAT">
    <editdetail attribution="Reuters BIP Coding Group" action="confirmed" date="1997-04-28"/>
  </code>
</codes>
<dc element="dc.date.created" value="1997-04-28"/>
<dc element="dc.publisher" value="Reuters Holdings Plc"/>
<dc element="dc.date.published" value="1997-04-28"/>
<dc element="dc.source" value="Reuters"/>
<dc element="dc.creator.location" value="MOUNTAIN VIEW, Calif."/>
<dc element="dc.creator.location.country.name" value="USA"/>
<dc element="dc.source" value="Reuters"/>
</metadata>
</newsitem>
