<?xml version="1.0" encoding="iso-8859-1" ?>
<newsitem itemid="542725" id="root" date="1997-04-28" xml:lang="en">
<title>USA: Xpedite names De Vita VP/operations.</title>
<headline>Xpedite names De Vita VP/operations.</headline>
<dateline>EATONTOWN, N.J. 1997-04-28</dateline>
<text>
<p>Xpedite Systems Inc said Monday it had promoted Vincent De Vita to the newly created position of vice-president/operations, where he will be responsible for the day-to-day operations of all systems and networks.</p>
<p>De Vita previously served as director of international operations for Xpedite Systems, and before that as chief operating officer of ViTel International Inc, an international telecommunications company that was acquired by Xpedite in November 1995.</p>
<p>Xpedite provides a wide range of computer and fax-based services,</p>
</text>
<copyright>(c) Reuters Limited 1997</copyright>
<metadata>
<codes class="bip:countries:1.0">
  <code code="USA">
    <editdetail attribution="Reuters BIP Coding Group" action="confirmed" date="1997-04-28"/>
  </code>
</codes>
<codes class="bip:industries:1.0">
  <code code="I79020">
    <editdetail attribution="Reuters BIP Coding Group" action="confirmed" date="1997-04-28"/>
  </code>
</codes>
<codes class="bip:topics:1.0">
  <code code="C41">
    <editdetail attribution="Reuters BIP Coding Group" action="confirmed" date="1997-04-28"/>
  </code>
  <code code="C411">
    <editdetail attribution="Reuters BIP Coding Group" action="confirmed" date="1997-04-28"/>
  </code>
  <code code="CCAT">
    <editdetail attribution="Reuters BIP Coding Group" action="confirmed" date="1997-04-28"/>
  </code>
</codes>
<dc element="dc.date.created" value="1997-04-28"/>
<dc element="dc.publisher" value="Reuters Holdings Plc"/>
<dc element="dc.date.published" value="1997-04-28"/>
<dc element="dc.source" value="Reuters"/>
<dc element="dc.creator.location" value="EATONTOWN, N.J."/>
<dc element="dc.creator.location.country.name" value="USA"/>
<dc element="dc.source" value="Reuters"/>
</metadata>
</newsitem>
