<?xml version="1.0" encoding="iso-8859-1" ?>
<newsitem itemid="542770" id="root" date="1997-04-28" xml:lang="en">
<title>USA: Executone lowers 1997 per share estimate.</title>
<headline>Executone lowers 1997 per share estimate.</headline>
<dateline>MILFORD, Conn. 1997-04-28</dateline>
<text>
<p>Executone Information Systems Inc said on Monday that its first-quarter results were lower than planned and that it may fall short of its full-year targets by up to $0.07 per share.</p>
<p>Executone reported a first-quarter profit of $0.01, which bettered the loss of $0.10 it had for the same period a year ago but was lower than its planned $0.02 per share profit.</p>
<p>Executone said current estimates for 1997 range from $0.20 per share to $0.26, but it now projects full-year revenues in the range of $185 million to $195 million and net income in the range of $0.14 to $0.19 per share.  </p>
<p>The company said the current estimates exclude any effect of its Unistar subsidiary, which has launched a test roll-out of the Coeur d'Alene Tribe's national lottery game.</p>
<p>First-quarter results were lower than expected mainly due to a $1.9 million revenue shortfall at the company's computer telephony distribution channel and a $1 million shortfall in call center revenue, Executone said.</p>
<p>Executone makes voice and data communications systems.</p>
</text>
<copyright>(c) Reuters Limited 1997</copyright>
<metadata>
<codes class="bip:countries:1.0">
  <code code="USA">
    <editdetail attribution="Reuters BIP Coding Group" action="confirmed" date="1997-04-28"/>
  </code>
</codes>
<codes class="bip:industries:1.0">
  <code code="I34400">
    <editdetail attribution="Reuters BIP Coding Group" action="confirmed" date="1997-04-28"/>
  </code>
</codes>
<codes class="bip:topics:1.0">
  <code code="C15">
    <editdetail attribution="Reuters BIP Coding Group" action="confirmed" date="1997-04-28"/>
  </code>
  <code code="C152">
    <editdetail attribution="Reuters BIP Coding Group" action="confirmed" date="1997-04-28"/>
  </code>
  <code code="CCAT">
    <editdetail attribution="Reuters BIP Coding Group" action="confirmed" date="1997-04-28"/>
  </code>
</codes>
<dc element="dc.date.created" value="1997-04-28"/>
<dc element="dc.publisher" value="Reuters Holdings Plc"/>
<dc element="dc.date.published" value="1997-04-28"/>
<dc element="dc.source" value="Reuters"/>
<dc element="dc.creator.location" value="MILFORD, Conn."/>
<dc element="dc.creator.location.country.name" value="USA"/>
<dc element="dc.source" value="Reuters"/>
</metadata>
</newsitem>
