<?xml version="1.0" encoding="iso-8859-1" ?>
<newsitem itemid="542789" id="root" date="1997-04-28" xml:lang="en">
<title>USA: Executone cancels proposed reverse split.</title>
<headline>Executone cancels proposed reverse split.</headline>
<dateline>MILFORD, Conn. 1997-04-28</dateline>
<text>
<p>EXECUTONE Information Systems Inc said its board has decided not to propose and recommend to shareholders the one-for-three reverse stock split that it previously announced on February 20, 1997.</p>
<p>The decision is based on a several factors including the company's stock price, response from some major shareholders, and market volatility in &quot;small cap&quot; stocks, it said.</p>
</text>
<copyright>(c) Reuters Limited 1997</copyright>
<metadata>
<codes class="bip:countries:1.0">
  <code code="USA">
    <editdetail attribution="Reuters BIP Coding Group" action="confirmed" date="1997-04-28"/>
  </code>
</codes>
<codes class="bip:industries:1.0">
  <code code="I34400">
    <editdetail attribution="Reuters BIP Coding Group" action="confirmed" date="1997-04-28"/>
  </code>
</codes>
<codes class="bip:topics:1.0">
  <code code="C17">
    <editdetail attribution="Reuters BIP Coding Group" action="confirmed" date="1997-04-28"/>
  </code>
  <code code="C171">
    <editdetail attribution="Reuters BIP Coding Group" action="confirmed" date="1997-04-28"/>
  </code>
  <code code="CCAT">
    <editdetail attribution="Reuters BIP Coding Group" action="confirmed" date="1997-04-28"/>
  </code>
</codes>
<dc element="dc.date.created" value="1997-04-28"/>
<dc element="dc.publisher" value="Reuters Holdings Plc"/>
<dc element="dc.date.published" value="1997-04-28"/>
<dc element="dc.source" value="Reuters"/>
<dc element="dc.creator.location" value="MILFORD, Conn."/>
<dc element="dc.creator.location.country.name" value="USA"/>
<dc element="dc.source" value="Reuters"/>
</metadata>
</newsitem>
