<?xml version="1.0" encoding="iso-8859-1" ?>
<newsitem itemid="542746" id="root" date="1997-04-28" xml:lang="en">
<title>USA: Foster Wheeler ups qtly div to $0.21/shr.</title>
<headline>Foster Wheeler ups qtly div to $0.21/shr.</headline>
<dateline>CLINTON, N.J. 1997-04-28</dateline>
<text>
<p>Quarterly</p>
<p>				Latest		   Prior</p>
<p> Amount			$0.21		   $0.205</p>
<p> Pay		   June 16</p>
<p> Record		 May 15</p>
<p>NOTE: Full name is Foster Wheeler Corp.</p>
</text>
<copyright>(c) Reuters Limited 1997</copyright>
<metadata>
<codes class="bip:countries:1.0">
  <code code="USA">
    <editdetail attribution="Reuters BIP Coding Group" action="confirmed" date="1997-04-28"/>
  </code>
</codes>
<codes class="bip:industries:1.0">
  <code code="I32000">
    <editdetail attribution="Reuters BIP Coding Group" action="confirmed" date="1997-04-28"/>
  </code>
</codes>
<codes class="bip:topics:1.0">
  <code code="C15">
    <editdetail attribution="Reuters BIP Coding Group" action="confirmed" date="1997-04-28"/>
  </code>
  <code code="C151">
    <editdetail attribution="Reuters BIP Coding Group" action="confirmed" date="1997-04-28"/>
  </code>
  <code code="CCAT">
    <editdetail attribution="Reuters BIP Coding Group" action="confirmed" date="1997-04-28"/>
  </code>
</codes>
<dc element="dc.date.created" value="1997-04-28"/>
<dc element="dc.publisher" value="Reuters Holdings Plc"/>
<dc element="dc.date.published" value="1997-04-28"/>
<dc element="dc.source" value="Reuters"/>
<dc element="dc.creator.location" value="CLINTON, N.J."/>
<dc element="dc.creator.location.country.name" value="USA"/>
<dc element="dc.source" value="Reuters"/>
</metadata>
</newsitem>
