<?xml version="1.0" encoding="iso-8859-1" ?>
<newsitem itemid="542726" id="root" date="1997-04-28" xml:lang="en">
<title>USA: Iomega Corp awards Euro RSCG with account.</title>
<headline>Iomega Corp awards Euro RSCG with account.</headline>
<dateline>ROY, Utah 1997-04-28</dateline>
<text>
<p>Iomega Corp said on Monday that it had awarded an account to Euro RSCG to handle its global advertising efforts, making the New York and Paris-based advertising agency one of Iomega's three marketing partners worldwide.</p>
<p>&quot;Strong global partnerships, such as our alliance with Euro RSCG, enable us to extend our messaging as well as to ensure continuity and consistency with our brand worldwide,&quot; said Timothy Hill, vice president of sales and marketing at Iomega.</p>
<p>Iomega did not specify how much the account was worth.</p>
<p>Iomega Corp provides personal computer storage solutions for use in homes, businesses, government and education.</p>
</text>
<copyright>(c) Reuters Limited 1997</copyright>
<metadata>
<codes class="bip:countries:1.0">
  <code code="USA">
    <editdetail attribution="Reuters BIP Coding Group" action="confirmed" date="1997-04-28"/>
  </code>
</codes>
<codes class="bip:industries:1.0">
  <code code="I33020">
    <editdetail attribution="Reuters BIP Coding Group" action="confirmed" date="1997-04-28"/>
  </code>
  <code code="I3302019">
    <editdetail attribution="Reuters BIP Coding Group" action="confirmed" date="1997-04-28"/>
  </code>
  <code code="I83800">
    <editdetail attribution="Reuters BIP Coding Group" action="confirmed" date="1997-04-28"/>
  </code>
</codes>
<codes class="bip:topics:1.0">
  <code code="C33">
    <editdetail attribution="Reuters BIP Coding Group" action="confirmed" date="1997-04-28"/>
  </code>
  <code code="CCAT">
    <editdetail attribution="Reuters BIP Coding Group" action="confirmed" date="1997-04-28"/>
  </code>
</codes>
<dc element="dc.date.created" value="1997-04-28"/>
<dc element="dc.publisher" value="Reuters Holdings Plc"/>
<dc element="dc.date.published" value="1997-04-28"/>
<dc element="dc.source" value="Reuters"/>
<dc element="dc.creator.location" value="ROY, Utah"/>
<dc element="dc.creator.location.country.name" value="USA"/>
<dc element="dc.source" value="Reuters"/>
</metadata>
</newsitem>
