<?xml version="1.0" encoding="iso-8859-1" ?>
<newsitem itemid="542818" id="root" date="1997-04-28" xml:lang="en">
<title>USA: TII sees Q3 sales of $12.5 million. [CORRECTED 15:22 GMT]</title>
<headline>TII sees Q3 sales of $12.5 million. [CORRECTED 15:22 GMT]</headline>
<dateline>COPIAGUE, N.Y. 1997-04-28</dateline>
<text>
<p>TII Industries Inc's Chief Financial Officer, Paul Sebetic, said the company sees third quarter ending March (corrects from June) 1997 sales of $12.5 million and earnings of $500,000, or $0.07 per share fully diluted, prior to a one-time restructuring charge of $3.0 million, or $0.36 per share.  </p>
<p>Sebetic also said that &quot;management believes that revenues will ... exceed $50 million this fiscal year.&quot;</p>
<p>TII Industries designs, manufactures and sells overvoltage surge protection, fiber optic, network interface and electronic products.  </p>
<p>The company said the restructuring, which will begin in the third quarter, should be completed during the fourth quarter ending June 1997.</p>
<p>The charge will cover a reduction of its workforce, consolidation and relocation of operations, and will also eliminate certain products and related inventories with limited growth potential, TII said.</p>
<p>TII also said that at the end of the third quarter, Access Network Technologies, a joint venture between Lucent Technologies Inc and Raychem Corp, informed the company that it would discontinue its operations.</p>
<p>As a result both TII and Raychem intend to directly manufacture and market the products that were previously sold by the Access Network, it said.</p>
</text>
<copyright>(c) Reuters Limited 1997</copyright>
<metadata>
<codes class="bip:countries:1.0">
  <code code="USA">
    <editdetail attribution="Reuters BIP Coding Group" action="confirmed" date="1997-04-28"/>
  </code>
</codes>
<codes class="bip:industries:1.0">
  <code code="I34100">
    <editdetail attribution="Reuters BIP Coding Group" action="confirmed" date="1997-04-28"/>
  </code>
  <code code="I34400">
    <editdetail attribution="Reuters BIP Coding Group" action="confirmed" date="1997-04-28"/>
  </code>
</codes>
<codes class="bip:topics:1.0">
  <code code="C11">
    <editdetail attribution="Reuters BIP Coding Group" action="confirmed" date="1997-04-28"/>
  </code>
  <code code="C15">
    <editdetail attribution="Reuters BIP Coding Group" action="confirmed" date="1997-04-28"/>
  </code>
  <code code="C152">
    <editdetail attribution="Reuters BIP Coding Group" action="confirmed" date="1997-04-28"/>
  </code>
  <code code="CCAT">
    <editdetail attribution="Reuters BIP Coding Group" action="confirmed" date="1997-04-28"/>
  </code>
</codes>
<dc element="dc.date.created" value="1997-04-28"/>
<dc element="dc.publisher" value="Reuters Holdings Plc"/>
<dc element="dc.date.published" value="1997-04-28"/>
<dc element="dc.source" value="Reuters"/>
<dc element="dc.creator.location" value="COPIAGUE, N.Y."/>
<dc element="dc.creator.location.country.name" value="USA"/>
<dc element="dc.source" value="Reuters"/>
</metadata>
</newsitem>
