<?xml version="1.0" encoding="iso-8859-1" ?>
<newsitem itemid="542827" id="root" date="1997-04-28" xml:lang="en">
<title>USA: John B. Sanfilippo &amp; Son Inc Q1 loss.</title>
<headline>John B. Sanfilippo &amp; Son Inc Q1 loss.</headline>
<dateline>ELK GROVE VILLAGE, Ill. 1997-04-28</dateline>
<text>
<p>(Dollars in thousands, except per share)</p>
<p>					     For the First Quarter Ended</p>
<p>					   March 27, 1997  March 28, 1996</p>
<p> Net sales				     $  58,525   $   53,059</p>
<p> Cost of sales				    48,962	 44,883</p>
<p> Gross profit					9,563	  8,176</p>
<p> Selling expenses				  5,448	  4,750</p>
<p> Administrative expenses			 2,493	  2,892</p>
<p>   Total					     7,941	  7,642</p>
<p> Income from operations			  1,622	    534</p>
<p>Other income (expense)</p>
<p>   Interest expense			    (2,019)	(2,555)</p>
<p>   Interest income				     6	     13</p>
<p>   Rental income				     115	     78</p>
<p>     Total					 (1,898)	(2,464)</p>
<p> Loss before income tax			  (276)	(1,930)</p>
<p> Income tax benefit				   84	    746</p>
<p> Net loss					    (192)	(1,184)</p>
<p> Loss per share				   (0.02)	 (0.13)</p>
<p> Weighted average shares outstanding   9,147,666    9,147,666</p>
<p>((Reuters Chicago Newsdesk (312) 408-8787))</p>
</text>
<copyright>(c) Reuters Limited 1997</copyright>
<metadata>
<codes class="bip:countries:1.0">
  <code code="USA">
    <editdetail attribution="Reuters BIP Coding Group" action="confirmed" date="1997-04-28"/>
  </code>
</codes>
<codes class="bip:industries:1.0">
  <code code="I42390">
    <editdetail attribution="Reuters BIP Coding Group" action="confirmed" date="1997-04-28"/>
  </code>
</codes>
<codes class="bip:topics:1.0">
  <code code="C15">
    <editdetail attribution="Reuters BIP Coding Group" action="confirmed" date="1997-04-28"/>
  </code>
  <code code="C151">
    <editdetail attribution="Reuters BIP Coding Group" action="confirmed" date="1997-04-28"/>
  </code>
  <code code="CCAT">
    <editdetail attribution="Reuters BIP Coding Group" action="confirmed" date="1997-04-28"/>
  </code>
</codes>
<dc element="dc.date.created" value="1997-04-28"/>
<dc element="dc.publisher" value="Reuters Holdings Plc"/>
<dc element="dc.date.published" value="1997-04-28"/>
<dc element="dc.source" value="Reuters"/>
<dc element="dc.creator.location" value="ELK GROVE VILLAGE, Ill."/>
<dc element="dc.creator.location.country.name" value="USA"/>
<dc element="dc.source" value="Reuters"/>
</metadata>
</newsitem>
