<?xml version="1.0" encoding="iso-8859-1" ?>
<newsitem itemid="542803" id="root" date="1997-04-28" xml:lang="en">
<title>USA: Boeing says productivity down.</title>
<headline>Boeing says productivity down.</headline>
<dateline>SEATTLE 1997-04-28</dateline>
<text>
<p>Boeing Co said Monday a near-term decline in productivity at company facilities and at some supplier locations had resulted from a rapid increase in employment and parts requirements associated with increased commercial aircraft production rates.</p>
<p>Overtime work in engineering and production areas has been at high levels, Boeing said.</p>
<p>The company expects this will continue for the next several months.  </p>
<p>In the longer term, progress continues to be made in developing and implementing design and production systems to improve efficiency and reduce cycle times, Boeing said.</p>
<p>The company projects healthy commercial aircraft demand over the next 20 years, with the world's airlines taking delivery of $1.1 trillion of new jets to meet the needs of continued strong air travel growth and the replacement of older aircraft.</p>
<p>The airline industry is in an up cycle, with robust traffic growth, increasing load factors and record profits, Boeing said.  </p>
<p>As a result, aircraft deliveries should rise sharply during the next two or three years, Boeing said.</p>
<p>Competition for new orders remains intense, it said.</p>
<p>Total market for new orders for high-value aircraft of 100 seats or more for growth and replacement markets is expected to average about 700-800 aircraft annually over the next decade, the company said.</p>
</text>
<copyright>(c) Reuters Limited 1997</copyright>
<metadata>
<codes class="bip:countries:1.0">
  <code code="USA">
    <editdetail attribution="Reuters BIP Coding Group" action="confirmed" date="1997-04-28"/>
  </code>
</codes>
<codes class="bip:industries:1.0">
  <code code="I36400">
    <editdetail attribution="Reuters BIP Coding Group" action="confirmed" date="1997-04-28"/>
  </code>
  <code code="I3640010">
    <editdetail attribution="Reuters BIP Coding Group" action="confirmed" date="1997-04-28"/>
  </code>
</codes>
<codes class="bip:topics:1.0">
  <code code="C21">
    <editdetail attribution="Reuters BIP Coding Group" action="confirmed" date="1997-04-28"/>
  </code>
  <code code="CCAT">
    <editdetail attribution="Reuters BIP Coding Group" action="confirmed" date="1997-04-28"/>
  </code>
</codes>
<dc element="dc.date.created" value="1997-04-28"/>
<dc element="dc.publisher" value="Reuters Holdings Plc"/>
<dc element="dc.date.published" value="1997-04-28"/>
<dc element="dc.source" value="Reuters"/>
<dc element="dc.creator.location" value="SEATTLE"/>
<dc element="dc.creator.location.country.name" value="USA"/>
<dc element="dc.source" value="Reuters"/>
</metadata>
</newsitem>
