<?xml version="1.0" encoding="iso-8859-1" ?>
<newsitem itemid="542835" id="root" date="1997-04-28" xml:lang="en">
<title>USA: Arterial Vascular Q3 March 31 shr rises.</title>
<headline>Arterial Vascular Q3 March 31 shr rises.</headline>
<dateline>SANTA ROSA, Calif. 1997-04-28</dateline>
<text>
<p>ARTERIAL VASCULAR ENGINEERING INC AND SUBSIDIARIES</p>
<p>		     (in thousands, except per share data)</p>
<p>				Q3			   Nine Months</p>
<p>		    1997	    1996	   1997	    1996</p>
<p>  Net sales $ 20,402	 $15,589     $ 57,197	$ 37,303</p>
<p>Total operating</p>
<p>  expenses     9,549	   8,068	 22,998	  10,530</p>
<p>Operating</p>
<p>    income     6,257	   4,625	 22,959	  18,959</p>
<p>  Net income  $4,633	  $3,101     $ 17,004	$ 12,728</p>
<p>Net income</p>
<p>    per share  $0.15	   $0.11	  $0.54	   $0.46</p>
<p>Shares used in per share</p>
<p>  calculation  31,588	  27,513	 31,603	  27,347</p>
</text>
<copyright>(c) Reuters Limited 1997</copyright>
<metadata>
<codes class="bip:countries:1.0">
  <code code="USA">
    <editdetail attribution="Reuters BIP Coding Group" action="confirmed" date="1997-04-28"/>
  </code>
</codes>
<codes class="bip:industries:1.0">
  <code code="I37200">
    <editdetail attribution="Reuters BIP Coding Group" action="confirmed" date="1997-04-28"/>
  </code>
</codes>
<codes class="bip:topics:1.0">
  <code code="C15">
    <editdetail attribution="Reuters BIP Coding Group" action="confirmed" date="1997-04-28"/>
  </code>
  <code code="C151">
    <editdetail attribution="Reuters BIP Coding Group" action="confirmed" date="1997-04-28"/>
  </code>
  <code code="CCAT">
    <editdetail attribution="Reuters BIP Coding Group" action="confirmed" date="1997-04-28"/>
  </code>
</codes>
<dc element="dc.date.created" value="1997-04-28"/>
<dc element="dc.publisher" value="Reuters Holdings Plc"/>
<dc element="dc.date.published" value="1997-04-28"/>
<dc element="dc.source" value="Reuters"/>
<dc element="dc.creator.location" value="SANTA ROSA, Calif."/>
<dc element="dc.creator.location.country.name" value="USA"/>
<dc element="dc.source" value="Reuters"/>
</metadata>
</newsitem>
