<?xml version="1.0" encoding="iso-8859-1" ?>
<newsitem itemid="542863" id="root" date="1997-04-28" xml:lang="en">
<title>USA: NY precious metals called to open lower.</title>
<headline>NY precious metals called to open lower.</headline>
<dateline>NEW YORK 1997-04-28</dateline>
<text>
<p>COMEX and NYMEX precious metals futures were called to open lower Monday, with sharp losses expected in platinum and palladium on talk that Japan could secure supplies from the free market amid continued delays in Russian metal shipments, traders said.</p>
<p>COMEX June gold was called off $0.50 to $1.00 from Friday's close of $343.90 an ounce after trading from $343.70 to $343.20 on ACCESS. Early bullion was quoted at $341.00/50.</p>
<p>COMEX July silver was called 1.00 to 2.00 cents lower.</p>
</text>
<copyright>(c) Reuters Limited 1997</copyright>
<metadata>
<codes class="bip:countries:1.0">
  <code code="USA">
    <editdetail attribution="Reuters BIP Coding Group" action="confirmed" date="1997-04-28"/>
  </code>
</codes>
<codes class="bip:topics:1.0">
  <code code="M14">
    <editdetail attribution="Reuters BIP Coding Group" action="confirmed" date="1997-04-28"/>
  </code>
  <code code="M142">
    <editdetail attribution="Reuters BIP Coding Group" action="confirmed" date="1997-04-28"/>
  </code>
  <code code="MCAT">
    <editdetail attribution="Reuters BIP Coding Group" action="confirmed" date="1997-04-28"/>
  </code>
</codes>
<dc element="dc.date.created" value="1997-04-28"/>
<dc element="dc.publisher" value="Reuters Holdings Plc"/>
<dc element="dc.date.published" value="1997-04-28"/>
<dc element="dc.source" value="Reuters"/>
<dc element="dc.creator.location" value="NEW YORK"/>
<dc element="dc.creator.location.country.name" value="USA"/>
<dc element="dc.source" value="Reuters"/>
</metadata>
</newsitem>
