<?xml version="1.0" encoding="iso-8859-1" ?>
<newsitem itemid="542806" id="root" date="1997-04-28" xml:lang="en">
<title>USA: Lyondell earnings aided by refinery upgrade.</title>
<headline>Lyondell earnings aided by refinery upgrade.</headline>
<dateline>HOUSTON 1997-04-28</dateline>
<text>
<p>Lyondell Petrochemical Co said Monday that a refining upgrade at its 265,000 barrel per day (bpd) Lyondell-Citgo Refining Co (LCR) joint venture would stabilize and improve earnings and cash flow.</p>
<p>&quot;Strong operating performance, combined with higher volumes of heavy Venezuelan crude oil processed under the crude supply agreement, enabled LCR to contribute $6 million to Lyondell's results for the quarter, versus a loss of $23 million in the fourth quarter of last year,&quot; the company said in a statement with earnings.  </p>
<p>Lyondell has a 60 percent of the venture with Venezuelan owned Citgo.</p>
<p>The upgrade was in service as of March 1, one month ahead of schedule.  The $1.1 billion project upgraded the refinery's capacity to process over 215,000 bpd of heavy crude oil when in full conversion mode.</p>
<p>&quot;We began to see the benefits of this accomplishment in first quarter results and believe that LCR is on track toward a significant improvement in earnings and cash flow as the new units are optimized,&quot; said Dan Smith, Lyondell's chief executive.  </p>
<p>Operating at Lyondell's petrochemicals division was $83 million in the first quarter, versus $57 million in the fourth quarter of 1996, excluding one time items from a year ago.</p>
<p>&quot;Profitability improved significantly over the year ago first quarter primarily due to higher product revenues,&quot; Smith said.</p>
<p>Operating earnings in polymers fell to $16 million in the from to $28 million in the fourth quarter of 1996, primarily due to lower product prices, higher feedstock costs, and lower sales volumes due to a planned maintenance turnaround at the company's Matagorda plant.</p>
<p>Smith said polymer margins began to improve late in the quarter as a result of price increases for high density and low density polyethylene implemented.</p>
<p>&quot;We are seeing continuing strong sales demand for petrochemicals and polymers as we enter the second quarter and feedstock costs appear to be stabilizing,&quot; he added.</p>
<p>((-- David Chance New York Newsroom 212 859 1902))</p>
</text>
<copyright>(c) Reuters Limited 1997</copyright>
<metadata>
<codes class="bip:countries:1.0">
  <code code="USA">
    <editdetail attribution="Reuters BIP Coding Group" action="confirmed" date="1997-04-28"/>
  </code>
</codes>
<codes class="bip:industries:1.0">
  <code code="I13000">
    <editdetail attribution="Reuters BIP Coding Group" action="confirmed" date="1997-04-28"/>
  </code>
  <code code="I1300003">
    <editdetail attribution="Reuters BIP Coding Group" action="confirmed" date="1997-04-28"/>
  </code>
  <code code="I14000">
    <editdetail attribution="Reuters BIP Coding Group" action="confirmed" date="1997-04-28"/>
  </code>
</codes>
<codes class="bip:topics:1.0">
  <code code="C15">
    <editdetail attribution="Reuters BIP Coding Group" action="confirmed" date="1997-04-28"/>
  </code>
  <code code="C151">
    <editdetail attribution="Reuters BIP Coding Group" action="confirmed" date="1997-04-28"/>
  </code>
  <code code="C24">
    <editdetail attribution="Reuters BIP Coding Group" action="confirmed" date="1997-04-28"/>
  </code>
  <code code="CCAT">
    <editdetail attribution="Reuters BIP Coding Group" action="confirmed" date="1997-04-28"/>
  </code>
</codes>
<dc element="dc.date.created" value="1997-04-28"/>
<dc element="dc.publisher" value="Reuters Holdings Plc"/>
<dc element="dc.date.published" value="1997-04-28"/>
<dc element="dc.source" value="Reuters"/>
<dc element="dc.creator.location" value="HOUSTON"/>
<dc element="dc.creator.location.country.name" value="USA"/>
<dc element="dc.source" value="Reuters"/>
</metadata>
</newsitem>
