<?xml version="1.0" encoding="iso-8859-1" ?>
<newsitem itemid="542804" id="root" date="1997-04-28" xml:lang="en">
<title>USA: Infinity in pact for $12 mln financing.</title>
<headline>Infinity in pact for $12 mln financing.</headline>
<dateline>CHANUTE, Kan. 1997-04-28</dateline>
<text>
<p>Infinity Inc said its CIS Oil &amp; Gas Inc subsidiary has signed an agreement which will provide up to $12 million in financing to accelerate the development of CIS' gas properties in the Raton field in southeastern Colorado.</p>
<p>CIS has signed a non-binding letter of understanding for a subsidiary of a global energy company to loan CIS the funds, according to a statement issued by Infinity.  The global energy company was not identified.  </p>
<p>The agreement requires, among other things, due diligence on the Raton properties and approval by directors of each company, Infinity said.</p>
<p>The Raton properties consist of about 23,000 acres in southeastern Colorado.  Infinity said it believes that if the entire $12 million were borrowed, the company would be able to complete the development of the entire property, including up to 130 natural gas wells and the related gas gathering systems.</p>
<p>		 ((Chicago newsdesk 312 408 8787))</p>
</text>
<copyright>(c) Reuters Limited 1997</copyright>
<metadata>
<codes class="bip:countries:1.0">
  <code code="USA">
    <editdetail attribution="Reuters BIP Coding Group" action="confirmed" date="1997-04-28"/>
  </code>
</codes>
<codes class="bip:topics:1.0">
  <code code="C17">
    <editdetail attribution="Reuters BIP Coding Group" action="confirmed" date="1997-04-28"/>
  </code>
  <code code="C173">
    <editdetail attribution="Reuters BIP Coding Group" action="confirmed" date="1997-04-28"/>
  </code>
  <code code="C24">
    <editdetail attribution="Reuters BIP Coding Group" action="confirmed" date="1997-04-28"/>
  </code>
  <code code="CCAT">
    <editdetail attribution="Reuters BIP Coding Group" action="confirmed" date="1997-04-28"/>
  </code>
</codes>
<dc element="dc.date.created" value="1997-04-28"/>
<dc element="dc.publisher" value="Reuters Holdings Plc"/>
<dc element="dc.date.published" value="1997-04-28"/>
<dc element="dc.source" value="Reuters"/>
<dc element="dc.creator.location" value="CHANUTE, Kan."/>
<dc element="dc.creator.location.country.name" value="USA"/>
<dc element="dc.source" value="Reuters"/>
</metadata>
</newsitem>
