<?xml version="1.0" encoding="iso-8859-1" ?>
<newsitem itemid="542847" id="root" date="1997-04-28" xml:lang="en">
<title>USA: Burlington Industries Q2 shr $0.34 vs $0.33.</title>
<headline>Burlington Industries Q2 shr $0.34 vs $0.33.</headline>
<dateline>GREENSBORO, N.C. 1997-04-28</dateline>
<text>
<p>BURLINGTON INDUSTRIES, INC. AND SUBSIDIARY COMPANIES</p>
<p>			 Consolidated Statements of Operations</p>
<p>	   (Amounts in thousands, except for per share amounts)</p>
<p>				     3	  3	    6	    6</p>
<p>				months   months     months     months</p>
<p>				ended     ended     ended	ended</p>
<p>			     Mar 29,  Mar 30,    Mar 29,    Mar 30,</p>
<p>				 1997	1996	1997	 1996</p>
<p> Net sales	     $ 537,161$ 572,081 $1,013,651 $1,084,775</p>
<p> Cost of sales	   450,196  471,760    854,106    906,449</p>
<p> Gross profit	     86,965  100,321    159,545    178,326</p>
<p>Selling, administrative and</p>
<p>   general expenses     37,993   43,925     75,332     84,876</p>
<p>Amortization of goodwill</p>
<p>				 4,540    4,552	9,079	9,105</p>
<p>Operating income before</p>
<p>   interest and taxes   44,432   51,844     75,134     84,345</p>
<p> Interest expense	 14,849   16,621     29,485     32,922</p>
<p> Other expense (income) - net  (5,620)  (362)  (6,186)   (73)</p>
<p>Income before income taxes</p>
<p>				35,203   35,585     51,835     51,496</p>
<p>Income tax expense:</p>
<p>   Current		   9,949   13,448     12,187     17,346</p>
<p>   Deferred		  4,139    1,436	9,148	4,976</p>
<p>Total income tax expense</p>
<p>				14,088   14,884     21,335     22,322</p>
<p>Income before</p>
<p>   extraordinary item   21,115   20,701     30,500     29,174</p>
<p>Extraordinary item:</p>
<p>Loss from early</p>
<p>extinguishment of debt, net</p>
<p>of income tax benefit of</p>
<p>$454 for the six months</p>
<p>    ended March 30, 1996     -	  -	    -	  697</p>
<p> Net income		 21,115   20,701     30,500     28,477</p>
<p>Average common shares</p>
<p>   outstanding	    61,962   62,501     62,469     63,822</p>
<p>Net income per common share:</p>
<p>Income before</p>
<p>    extraordinary item    0.34     0.33	 0.49	 0.46</p>
<p>   Extraordinary item	  -	  -	    -     (0.01)</p>
<p>				  0.34     0.33	 0.49	 0.45</p>
</text>
<copyright>(c) Reuters Limited 1997</copyright>
<metadata>
<codes class="bip:countries:1.0">
  <code code="USA">
    <editdetail attribution="Reuters BIP Coding Group" action="confirmed" date="1997-04-28"/>
  </code>
</codes>
<codes class="bip:industries:1.0">
  <code code="I43000">
    <editdetail attribution="Reuters BIP Coding Group" action="confirmed" date="1997-04-28"/>
  </code>
</codes>
<codes class="bip:topics:1.0">
  <code code="C15">
    <editdetail attribution="Reuters BIP Coding Group" action="confirmed" date="1997-04-28"/>
  </code>
  <code code="C151">
    <editdetail attribution="Reuters BIP Coding Group" action="confirmed" date="1997-04-28"/>
  </code>
  <code code="CCAT">
    <editdetail attribution="Reuters BIP Coding Group" action="confirmed" date="1997-04-28"/>
  </code>
</codes>
<dc element="dc.date.created" value="1997-04-28"/>
<dc element="dc.publisher" value="Reuters Holdings Plc"/>
<dc element="dc.date.published" value="1997-04-28"/>
<dc element="dc.source" value="Reuters"/>
<dc element="dc.creator.location" value="GREENSBORO, N.C."/>
<dc element="dc.creator.location.country.name" value="USA"/>
<dc element="dc.source" value="Reuters"/>
</metadata>
</newsitem>
