<?xml version="1.0" encoding="iso-8859-1" ?>
<newsitem itemid="489027" id="root" date="1997-04-05" xml:lang="en">
<title>USA: TENNIS-HILTON HEAD ISLAND WOMEN'S RESULTS.</title>
<headline>TENNIS-HILTON HEAD ISLAND WOMEN'S RESULTS.</headline>
<dateline>HILTON HEAD ISLAND, South Carolina 1997-04-05</dateline>
<text>
<p>Results from $926,250 Family Circle Cup women's tennis</p>
<p>tournament on Saturday (prefix number denotes seeding):</p>
<p>Quarter-finals</p>
<p>1-Martina Hingis (Switzerland) beat 14-Brenda</p>
<p>Schultz-McCarthy (Netherlands) 5-7 6-3 6-2</p>
<p>4-Monica Seles (U.S.) beat 5-Conchita Martinez (Spain) 6-3</p>
<p>6-4</p>
</text>
<copyright>(c) Reuters Limited 1997</copyright>
<metadata>
<codes class="bip:countries:1.0">
  <code code="USA">
    <editdetail attribution="Reuters BIP Coding Group" action="confirmed" date="1997-04-05"/>
  </code>
</codes>
<codes class="bip:topics:1.0">
  <code code="GCAT">
    <editdetail attribution="Reuters BIP Coding Group" action="confirmed" date="1997-04-05"/>
  </code>
  <code code="GSPO">
    <editdetail attribution="Reuters BIP Coding Group" action="confirmed" date="1997-04-05"/>
  </code>
</codes>
<dc element="dc.date.created" value="1997-04-05"/>
<dc element="dc.publisher" value="Reuters Holdings Plc"/>
<dc element="dc.date.published" value="1997-04-05"/>
<dc element="dc.source" value="Reuters"/>
<dc element="dc.creator.location" value="HILTON HEAD ISLAND, South Carolina"/>
<dc element="dc.creator.location.country.name" value="USA"/>
<dc element="dc.source" value="Reuters"/>
</metadata>
</newsitem>
