<?xml version="1.0" encoding="iso-8859-1" ?>
<newsitem itemid="489059" id="root" date="1997-04-05" xml:lang="en">
<title>UK: RUGBY LEAGUE-SUPER LEAGUE RESULT/STANDINGS.</title>
<headline>RUGBY LEAGUE-SUPER LEAGUE RESULT/STANDINGS.</headline>
<dateline>LONDON 1997-04-05</dateline>
<text>
<p>Result of a rugby league Super</p>
<p>League match on Saturday:</p>
<p> Paris	 6   St Helens   44</p>
<p>    Standings	    </p>
<p>			     P  W  D  L   F    A   PTS St Helens		  4  4  0  0  124   52   8</p>
<p> Bradford		  3  3  0  0  126   50   6</p>
<p> London		    4  3  0  1  122   78   6</p>
<p> Halifax		   4  3  0  1   89   66   6</p>
<p> Salford		   3  3  0  0   66   52   6</p>
<p> Wigan		     5  3  0  2   93  105   6</p>
<p> Leeds		     4  2  0  2   94   81   4</p>
<p> Paris		     5  1  0  4   72  131   2</p>
<p> Sheffield		 4  1  0  3   64   86   2</p>
<p> Warrington		4  1  0  3   91  152   2</p>
<p> Oldham		    4  0  0  4   88  129   0</p>
<p> Castleford		4  0  0  4   38   93   0</p>
</text>
<copyright>(c) Reuters Limited 1997</copyright>
<metadata>
<codes class="bip:countries:1.0">
  <code code="FRA">
    <editdetail attribution="Reuters BIP Coding Group" action="confirmed" date="1997-04-05"/>
  </code>
  <code code="UK">
    <editdetail attribution="Reuters BIP Coding Group" action="confirmed" date="1997-04-05"/>
  </code>
</codes>
<codes class="bip:topics:1.0">
  <code code="GCAT">
    <editdetail attribution="Reuters BIP Coding Group" action="confirmed" date="1997-04-05"/>
  </code>
  <code code="GSPO">
    <editdetail attribution="Reuters BIP Coding Group" action="confirmed" date="1997-04-05"/>
  </code>
</codes>
<dc element="dc.date.created" value="1997-04-05"/>
<dc element="dc.publisher" value="Reuters Holdings Plc"/>
<dc element="dc.date.published" value="1997-04-05"/>
<dc element="dc.source" value="Reuters"/>
<dc element="dc.creator.location" value="LONDON"/>
<dc element="dc.creator.location.country.name" value="UK"/>
<dc element="dc.source" value="Reuters"/>
</metadata>
</newsitem>
