<?xml version="1.0" encoding="iso-8859-1" ?>
<newsitem itemid="489052" id="root" date="1997-04-05" xml:lang="en">
<title>USA: TENNIS-HINGIS EXPRESS ROLLS ALONG WITH WIN OVER PROBST.</title>
<headline>TENNIS-HINGIS EXPRESS ROLLS ALONG WITH WIN OVER PROBST.</headline>
<dateline>HILTON HEAD ISLAND, South Carolina 1997-04-04</dateline>
<text>
<p>The Martina Hingis express rolled on at the Family Circle Cup tournament Friday as the world number one took just 49 minutes to beat German Wiltrud Probst 6-2 6-0 to reach the semifinals.</p>
<p>The 16-year-old Swiss, the youngest person ever to reach the top of the rankings, is now 29-0 this year and having fun every step of the way.</p>
<p>&quot;Well, why shouldn't I?&quot; she said. &quot;I have no reason not to enjoy anything. I became the youngest number one in the world. I play great tennis and I cna show the crowd that I really enjoy it. That's what I do.&quot;</p>
<p>Hingis will face 14th seed Brenda Schultz-McCarthy, who boomed 15 aces in upsetting Olympic champion Lindsay Davenport 4-6 6-4 6-2.</p>
<p>&quot;You obviously know it's going to come really hard,&quot; Davenport said about the Dutch woman's vaunted serve. &quot;But she served pretty consistently today at a very high rate of speed.&quot;</p>
<p>Despite running a high temperature brough on by a virus, third-seeded Monica Seles mirrored Hingis's ease in advancing by sweeping seventh seed Anke Huber of Germany 6-3 6-0.</p>
<p>Seles meets fifth-seeded Spaniard Conchita Martinez, a 6-1 6-3 winner over South Africa's Amanda Coetzer.</p>
<p>After an initial feeling out in the first few games, Hingis found a groove against Probst, a qualifier who reached the quarters after her last two opponents, Magdalena Maleeva and Irina Spirlea, both withdrew with wrist injuries.</p>
<p>&quot;I found a real good rhythm with her,&quot; Hingis said. &quot;She just gave me time to make it slow and take it easy and that was very important.&quot;</p>
<p>Hingis was pleased by her quarter-final breather.</p>
<p>&quot;I like it better this way,&quot; she said. &quot;I mean, everybody likes to have an easy match. I looked at the draw the first day when I came here and it was nine of the top 10 players and I was like 'Oh, I just had a tough tournament in Key Biscayne, not again.&quot;</p>
<p>Seles also needed just 49 minutes. &quot;It was hot out there,&quot; she said. &quot;I didn't want to stay out there tht long. I wasn't feeling well, so I just said go out there and keep the points short and attack.&quot;</p>
</text>
<copyright>(c) Reuters Limited 1997</copyright>
<metadata>
<codes class="bip:countries:1.0">
  <code code="SWITZ">
    <editdetail attribution="Reuters BIP Coding Group" action="confirmed" date="1997-04-05"/>
  </code>
  <code code="USA">
    <editdetail attribution="Reuters BIP Coding Group" action="confirmed" date="1997-04-05"/>
  </code>
</codes>
<codes class="bip:topics:1.0">
  <code code="GCAT">
    <editdetail attribution="Reuters BIP Coding Group" action="confirmed" date="1997-04-05"/>
  </code>
  <code code="GSPO">
    <editdetail attribution="Reuters BIP Coding Group" action="confirmed" date="1997-04-05"/>
  </code>
</codes>
<dc element="dc.date.created" value="1997-04-04"/>
<dc element="dc.publisher" value="Reuters Holdings Plc"/>
<dc element="dc.date.published" value="1997-04-05"/>
<dc element="dc.source" value="Reuters"/>
<dc element="dc.creator.location" value="HILTON HEAD ISLAND, South Carolina"/>
<dc element="dc.creator.location.country.name" value="USA"/>
<dc element="dc.source" value="Reuters"/>
</metadata>
</newsitem>
