<?xml version="1.0" encoding="iso-8859-1" ?>
<newsitem itemid="489091" id="root" date="1997-04-05" xml:lang="en">
<title>RUSSIA: SOCCER-SPARTAK DROP PRECIOUS POINTS IN SIBERIA.</title>
<headline>SOCCER-SPARTAK DROP PRECIOUS POINTS IN SIBERIA.</headline>
<dateline>MOSCOW 1997-04-05</dateline>
<text>
<p>Russian champions Spartak Moscow dropped their first points of the season on Saturday when they allowed newly-promoted Tyumen to snatch a couple of goals in the last 12 minutes for a 2-2 draw in Siberia.</p>
<p>The Muscovites stayed top with 10 points from four matches although Rotor Volgograd, third last season, beat Zenit 1-0 in St Petersburg to move level with Spartak on points.</p>
<p>Former Zenit striker Denis Zubko, who joined Volgograd in the close season, scored just before halftime.</p>
<p>Alania Vladikavkaz, 1996 runners up, recovered from two straight defeats with a comfortable 3-1 win over previously unbeaten Krylya Sovietov in Samara.</p>
<p>Alania, who had missed three penalties in two matches, were without striker Anatoly Kanishchev, who was handed a five-game ban on Friday for failing to appear for Russian international duty against Cyprus last week.</p>
<p>Another title contender, CSKA Moscow, had to salvage a 1-1 home draw against lowly Zhemchuzhina Sochi. CSKA's Vladimir Kulik equalised from the spot just five minutes from time.</p>
<p>KamAZ Chelny, with no points, no goals and 11 goals against after their first three games, restored some pride by toppling newcomers Shinnik Yaroslavl 3-0 at home.</p>
</text>
<copyright>(c) Reuters Limited 1997</copyright>
<metadata>
<codes class="bip:countries:1.0">
  <code code="RUSS">
    <editdetail attribution="Reuters BIP Coding Group" action="confirmed" date="1997-04-05"/>
  </code>
</codes>
<codes class="bip:topics:1.0">
  <code code="GCAT">
    <editdetail attribution="Reuters BIP Coding Group" action="confirmed" date="1997-04-05"/>
  </code>
  <code code="GSPO">
    <editdetail attribution="Reuters BIP Coding Group" action="confirmed" date="1997-04-05"/>
  </code>
</codes>
<dc element="dc.date.created" value="1997-04-05"/>
<dc element="dc.publisher" value="Reuters Holdings Plc"/>
<dc element="dc.date.published" value="1997-04-05"/>
<dc element="dc.source" value="Reuters"/>
<dc element="dc.creator.location" value="MOSCOW"/>
<dc element="dc.creator.location.country.name" value="RUSSIA"/>
<dc element="dc.source" value="Reuters"/>
</metadata>
</newsitem>
