<?xml version="1.0" encoding="iso-8859-1" ?>
<newsitem itemid="489088" id="root" date="1997-04-05" xml:lang="en">
<title>SOUTH AFRICA: CRICKET-AUSTRALIA 211-9 V SOUTH AFRICA.</title>
<headline>CRICKET-AUSTRALIA 211-9 V SOUTH AFRICA.</headline>
<dateline>DURBAN 1997-04-05</dateline>
<text>
<p>Australia scored 211 for nine</p>
<p>from their 50 overs against South Africa in the fourth one-day</p>
<p>international at Kingsmead on Saturday.</p>
</text>
<copyright>(c) Reuters Limited 1997</copyright>
<metadata>
<codes class="bip:countries:1.0">
  <code code="AUSTR">
    <editdetail attribution="Reuters BIP Coding Group" action="confirmed" date="1997-04-05"/>
  </code>
  <code code="SAFR">
    <editdetail attribution="Reuters BIP Coding Group" action="confirmed" date="1997-04-05"/>
  </code>
</codes>
<codes class="bip:topics:1.0">
  <code code="GCAT">
    <editdetail attribution="Reuters BIP Coding Group" action="confirmed" date="1997-04-05"/>
  </code>
  <code code="GSPO">
    <editdetail attribution="Reuters BIP Coding Group" action="confirmed" date="1997-04-05"/>
  </code>
</codes>
<dc element="dc.date.created" value="1997-04-05"/>
<dc element="dc.publisher" value="Reuters Holdings Plc"/>
<dc element="dc.date.published" value="1997-04-05"/>
<dc element="dc.source" value="Reuters"/>
<dc element="dc.creator.location" value="DURBAN"/>
<dc element="dc.creator.location.country.name" value="SOUTH AFRICA"/>
<dc element="dc.source" value="Reuters"/>
</metadata>
</newsitem>
