<?xml version="1.0" encoding="iso-8859-1" ?>
<newsitem itemid="489075" id="root" date="1997-04-05" xml:lang="en">
<title>UK: SOCCER-ENGLISH LEAGUE RESULTS.</title>
<headline>SOCCER-ENGLISH LEAGUE RESULTS.</headline>
<dateline>LONDON 1997-04-05</dateline>
<text>
<p>Results of English league soccer</p>
<p>matches on Saturday:</p>
<p>Premier league</p>
<p> Aston Villa	     3  Everton		   1</p>
<p> Chelsea		   0  Arsenal		   3</p>
<p> Manchster United	2  Derby		     3</p>
<p> Newcastle		 1  Sunderland		1</p>
<p> Nottingham Forest     1  Southampton	     3</p>
<p> Tottenham		 1  Wimbledon		 0</p>
<p>Postponed: Leicester v Sheffield Wednesday, West Ham v</p>
<p>Middlesbrough</p>
<p>Playing Sunday:</p>
<p>League Cup final (at Wembley)</p>
<p> Leicester		 v  Middlesbrough	   </p>
<p>Premier league</p>
<p> Liverpool		 v  Coventry		  </p>
<p>Playing Monday:</p>
<p> Leeds		     v  Blackburn		 </p>
<p>Division one</p>
<p> Barnsley		  0  Birmingham		1</p>
<p> Bolton		    2  Queens Park Rangers   1</p>
<p> Charlton		  1  Manchester City	 1</p>
<p> Crystal Palace	  1  Huddersfield	    1</p>
<p> Ipswich		   4  Oldham		    0</p>
<p> Oxford		    0  Port Vale		 2</p>
<p> Portsmouth		1  Grimsby		   0</p>
<p> Sheffield United	1  West Bromwich	   2</p>
<p> Stoke		     1  Reading		   1</p>
<p> Swindon		   0  Southend		  0</p>
<p> Wolverhampton	   3  Norwich		   2</p>
<p>Played Friday:</p>
<p> Tranmere		  3  Bradford		  0</p>
<p>Division two</p>
<p> Brentford		 0  Shrewsbury		0</p>
<p> Bristol City	    1  Bury			0</p>
<p> Burnley		   1  Millwall		  0</p>
<p> Chesterfield	    2  Gillingham		2</p>
<p> Peterborough	    3  Bournemouth	     1</p>
<p> Preston		   1  Plymouth		  1</p>
<p> Rotherham		 0  Luton		     3</p>
<p> Stockport		 1  Bristol Rovers	  0</p>
<p> Watford		   0  Crewe		     1</p>
<p> Wrexham		   1  Walsall		   2</p>
<p> Wycombe		   1  Blackpool		 0</p>
<p> York			1  Notts County	    2</p>
<p>Division three</p>
<p> Barnet		    1  Hull			0</p>
<p> Cardiff		   0  Cambridge		 0</p>
<p> Carlisle		  1  Fulham		    2</p>
<p> Chester		   1  Wigan		     1</p>
<p> Darlington		0  Doncaster		 3</p>
<p> Exeter		    1  Torquay		   1</p>
<p> Hartlepool		3  Leyton Orient	   1</p>
<p> Hereford		  1  Colchester		0</p>
<p> Lincoln		   4  Swansea		   0</p>
<p> Northampton	     1  Scarborough	     0</p>
<p> Rochdale		  0  Mansfield		 1</p>
<p> Scunthorpe		1  Brighton		  0</p>
</text>
<copyright>(c) Reuters Limited 1997</copyright>
<metadata>
<codes class="bip:countries:1.0">
  <code code="UK">
    <editdetail attribution="Reuters BIP Coding Group" action="confirmed" date="1997-04-05"/>
  </code>
</codes>
<codes class="bip:topics:1.0">
  <code code="GCAT">
    <editdetail attribution="Reuters BIP Coding Group" action="confirmed" date="1997-04-05"/>
  </code>
  <code code="GSPO">
    <editdetail attribution="Reuters BIP Coding Group" action="confirmed" date="1997-04-05"/>
  </code>
</codes>
<dc element="dc.date.created" value="1997-04-05"/>
<dc element="dc.publisher" value="Reuters Holdings Plc"/>
<dc element="dc.date.published" value="1997-04-05"/>
<dc element="dc.source" value="Reuters"/>
<dc element="dc.creator.location" value="LONDON"/>
<dc element="dc.creator.location.country.name" value="UK"/>
<dc element="dc.source" value="Reuters"/>
</metadata>
</newsitem>
