<?xml version="1.0" encoding="iso-8859-1" ?>
<newsitem itemid="489086" id="root" date="1997-04-05" xml:lang="en">
<title>SOUTH AFRICA: NEW ZEALAND RUGBY PLAYER ACCUSED OF SAFRICAN RAPE.</title>
<headline>NEW ZEALAND RUGBY PLAYER ACCUSED OF SAFRICAN RAPE.</headline>
<dateline>DURBAN, South Africa 1997-04-05</dateline>
<text>
<p>A New Zealand rugby player was charged with rape in a South African court on Saturday.</p>
<p>Roger Randle, a winger for the Wellington Hurricanes of the Super 12 professional league, was not asked to plead and was granted 5,000 rand ($1,134) bail.</p>
<p>&quot;He has appeared in court and was charged with rape,&quot; police spokesman Bala Naidoo told Reuters, adding that the case has been adjourned to Monday.</p>
<p>He said a 31-year-old woman in the east coast port city of Durban alleged she was raped by Randle in a city hotel room in the early hours of Saturday morning.</p>
</text>
<copyright>(c) Reuters Limited 1997</copyright>
<metadata>
<codes class="bip:countries:1.0">
  <code code="NZ">
    <editdetail attribution="Reuters BIP Coding Group" action="confirmed" date="1997-04-05"/>
  </code>
  <code code="SAFR">
    <editdetail attribution="Reuters BIP Coding Group" action="confirmed" date="1997-04-05"/>
  </code>
</codes>
<codes class="bip:topics:1.0">
  <code code="GCAT">
    <editdetail attribution="Reuters BIP Coding Group" action="confirmed" date="1997-04-05"/>
  </code>
  <code code="GSPO">
    <editdetail attribution="Reuters BIP Coding Group" action="confirmed" date="1997-04-05"/>
  </code>
</codes>
<dc element="dc.date.created" value="1997-04-05"/>
<dc element="dc.publisher" value="Reuters Holdings Plc"/>
<dc element="dc.date.published" value="1997-04-05"/>
<dc element="dc.source" value="Reuters"/>
<dc element="dc.creator.location" value="DURBAN, South Africa"/>
<dc element="dc.creator.location.country.name" value="SOUTH AFRICA"/>
<dc element="dc.source" value="Reuters"/>
</metadata>
</newsitem>
