<?xml version="1.0" encoding="iso-8859-1" ?>
<newsitem itemid="489098" id="root" date="1997-04-05" xml:lang="en">
<title>AUSTRALIA: TENNIS-AUSTRALIA IN DAVIS CUP QUARTER FINAL WIN.</title>
<headline>TENNIS-AUSTRALIA IN DAVIS CUP QUARTER FINAL WIN.</headline>
<dateline>ADELAIDE, Australia 1997-04-05</dateline>
<text>
<p>Todd Woodbridge and Mark Woodforde gave Australia a 3-0 quarter final Davis Cup win against the Czech Republic on Saturday but the world number one pair were pushed harder than expected in their doubles match.</p>
<p>Czech due Martin Damm and David Rikl surprised their hosts by taking the first set at Memorial Drive before capitulating 4-6 6-1 7-5 6-4 on the grass centre court.</p>
<p>Pat Rafter and Mark Philippoussis both won their singles rubbers on Friday to set Australia on the way to a semi-final meeting with either the United States or the Netherlands.</p>
<p>Woodbridge was Australia's weak link in the opening set, twice dropping his serve to allow the unfancied Czech pair an ideal start.</p>
<p>But the Australians gradually asserted their domination as Woodbridge found his timing and touch with both his serve and service returns.</p>
<p>The Czechs, already weakened by the decision of several top players including veteran Petr Korda to make themselves unavailable, suffered another setback on Friday when singles player Jiri Novak was forced to withdraw because of a virus.</p>
<p>The two sides will play two reverse dead singles rubbers on Sunday.</p>
<p>Australia upset Davis Cup holders France, also on grass, in the previous round two months ago in Sydney.</p>
</text>
<copyright>(c) Reuters Limited 1997</copyright>
<metadata>
<codes class="bip:countries:1.0">
  <code code="AUSTR">
    <editdetail attribution="Reuters BIP Coding Group" action="confirmed" date="1997-04-05"/>
  </code>
  <code code="CZREP">
    <editdetail attribution="Reuters BIP Coding Group" action="confirmed" date="1997-04-05"/>
  </code>
</codes>
<codes class="bip:topics:1.0">
  <code code="GCAT">
    <editdetail attribution="Reuters BIP Coding Group" action="confirmed" date="1997-04-05"/>
  </code>
  <code code="GSPO">
    <editdetail attribution="Reuters BIP Coding Group" action="confirmed" date="1997-04-05"/>
  </code>
</codes>
<dc element="dc.date.created" value="1997-04-05"/>
<dc element="dc.publisher" value="Reuters Holdings Plc"/>
<dc element="dc.date.published" value="1997-04-05"/>
<dc element="dc.source" value="Reuters"/>
<dc element="dc.creator.location" value="ADELAIDE, Australia"/>
<dc element="dc.creator.location.country.name" value="AUSTRALIA"/>
<dc element="dc.source" value="Reuters"/>
</metadata>
</newsitem>
