<?xml version="1.0" encoding="iso-8859-1" ?>
<newsitem itemid="489118" id="root" date="1997-04-05" xml:lang="en">
<title>PORTUGAL: SOCCER-PORTUGUESE FIRST DIVISION SUMMARies.</title>
<headline>SOCCER-PORTUGUESE FIRST DIVISION SUMMARies.</headline>
<dateline>LISBON 1997-04-05</dateline>
<text>
<p>Summary of Saturday's Portuguese first division match:</p>
<p>Benfica  1 - Joao Pinto 16</p>
<p>Sporting 0 </p>
<p>HT: 1-0 Att: 38,000</p>
<p>Red Card: Pedro Barbosa (S) 75</p>
</text>
<copyright>(c) Reuters Limited 1997</copyright>
<metadata>
<codes class="bip:countries:1.0">
  <code code="PORL">
    <editdetail attribution="Reuters BIP Coding Group" action="confirmed" date="1997-04-05"/>
  </code>
</codes>
<codes class="bip:topics:1.0">
  <code code="GCAT">
    <editdetail attribution="Reuters BIP Coding Group" action="confirmed" date="1997-04-05"/>
  </code>
  <code code="GSPO">
    <editdetail attribution="Reuters BIP Coding Group" action="confirmed" date="1997-04-05"/>
  </code>
</codes>
<dc element="dc.date.created" value="1997-04-05"/>
<dc element="dc.publisher" value="Reuters Holdings Plc"/>
<dc element="dc.date.published" value="1997-04-05"/>
<dc element="dc.source" value="Reuters"/>
<dc element="dc.creator.location" value="LISBON"/>
<dc element="dc.creator.location.country.name" value="PORTUGAL"/>
<dc element="dc.source" value="Reuters"/>
</metadata>
</newsitem>
