<?xml version="1.0" encoding="iso-8859-1" ?>
<newsitem itemid="489149" id="root" date="1997-04-05" xml:lang="en">
<title>NETHERLANDS: SOCCER-KLUIVERT FACES KNEE SURGERY, WILL MISS CUP SEMI-FINAL.</title>
<headline>SOCCER-KLUIVERT FACES KNEE SURGERY, WILL MISS CUP SEMI-FINAL.</headline>
<dateline>AMSTERDAM 1997-04-05</dateline>
<text>
<p>Ajax Amsterdam striker Patrick Kluivert may have played his last game for the Dutch champions.</p>
<p>Kluivert, 20, will undergo surgery on a troublesome cartilage injury in his right knee on Wednesday, just hours before his side is due to play Juventus in the first leg of their European Cup semi-final, Dutch media reported on Saturday.</p>
<p>The player, who will join AC Milan at the end of this season, will need at least six weeks to recover from the operation to be performed at an Amsterdam hospital, doctors were quoted as saying.</p>
<p>Kluivert had said that he wanted to play in the Juventus game but was under doctors' orders to have the operation.</p>
<p>&quot;That (playing) was just not very sensible,&quot; Ajax doctor Piet van Bon was quoted as saying.</p>
<p>Kluivert was injured during the Netherlands 1-0 defeat by Turkey in a World Cup qualifier last Wednesday.</p>
<p>-- Amsterdam newsroom +31 20 504 5000, Fax +31 20 504 5040</p>
</text>
<copyright>(c) Reuters Limited 1997</copyright>
<metadata>
<codes class="bip:countries:1.0">
  <code code="ITALY">
    <editdetail attribution="Reuters BIP Coding Group" action="confirmed" date="1997-04-05"/>
  </code>
  <code code="NETH">
    <editdetail attribution="Reuters BIP Coding Group" action="confirmed" date="1997-04-05"/>
  </code>
</codes>
<codes class="bip:topics:1.0">
  <code code="GCAT">
    <editdetail attribution="Reuters BIP Coding Group" action="confirmed" date="1997-04-05"/>
  </code>
  <code code="GSPO">
    <editdetail attribution="Reuters BIP Coding Group" action="confirmed" date="1997-04-05"/>
  </code>
</codes>
<dc element="dc.date.created" value="1997-04-05"/>
<dc element="dc.publisher" value="Reuters Holdings Plc"/>
<dc element="dc.date.published" value="1997-04-05"/>
<dc element="dc.source" value="Reuters"/>
<dc element="dc.creator.location" value="AMSTERDAM"/>
<dc element="dc.creator.location.country.name" value="NETHERLANDS"/>
<dc element="dc.source" value="Reuters"/>
</metadata>
</newsitem>
