<?xml version="1.0" encoding="iso-8859-1" ?>
<newsitem itemid="489183" id="root" date="1997-04-05" xml:lang="en">
<title>ZAIRE: Back to work, Zaire rebels tell fallen Mbuji-Mayi.</title>
<headline>Back to work, Zaire rebels tell fallen Mbuji-Mayi.</headline>
<byline>Richard Meares</byline>
<dateline>LUBUMBASHI, Zaire 1997-04-05</dateline>
<text>
<p>Residents cheered on Saturday after Zairean rebels took their town and said they wanted to get business back to normal at the diamond mines and on the streets of Mbuji-Mayi.</p>
<p>&quot;They appeared on local television saying they wanted everything to get back to normal. They warned people they risked being shot if they looted,&quot; one mining source told Reuters by telephone from the city.</p>
<p>&quot;They want the shops and schools to reopen on Monday.&quot;</p>
<p>Soldiers looted the Zairean diamond capital before fleeing on Friday and the rebels marched in without a fight to take their most important economic prize yet in the war to end the 32-year rule of ailing President Mobutu Sese Seko.</p>
<p>&quot;People are cheering in the streets, there's a heck of a lot of noise. They are treating this as very good news,&quot; one mining source said.</p>
<p>He said local people estimated around 1,000 rebel soldiers were in the city, capital of Kasai province whose industrial quality diamonds are Zaire's main foreign currency earner.</p>
<p>Rebel leader Laurent Kabila was expected to arrive in Mbuji- Mayi at the weekend and hold a rally on Monday in the football stadium.</p>
<p>Illegal diggers, profiting from the chaos during the city's capture, invaded the diamond mines of the part Belgian-owned MIBA concern which dominates the local economy to grab what they can before order is restored, the sources said.</p>
<p>The rebels stamped their authority on Mbuji-Mayi on Saturday -- just as peace talks with Mobutu's representatives began in South Africa.</p>
<p>As in other cities taken by Kabila's forces, the only reports of combat were between rival factions of Zaire's disintegrating army and not between army and rebels.</p>
<p>&quot;Some people wounded by the military were brought in from the bush this morning,&quot; one source said.</p>
<p>He said rebels led by a General Mulufa had met the governor of Mbuji-Mayi and MIBA president Mukamba Kadiata Nzemba.</p>
<p>&quot;We hope that when the negotiations are over the rebels will go in and clear the areas of the mines which have been invaded by illegal diggers,&quot; the mining source said.</p>
<p>Trouble began early on Friday in the city, some 1,000 km (600 miles) east of the capital Kinshasa and as far west of the second city Lubumbashi, when soldiers set up roadblocks and robbed people of vehicles, watches and money.</p>
<p>They started firing around town, shooting off locks of houses, shops, MIBA installations and the premises of Lebanese diamond buyers in the city -- many of whom had earlier fled.</p>
<p>&quot;Some soldiers took off their uniforms, shot their way in here and robbed us,&quot; said the source.</p>
<p>&quot;There was looting and shooting, they took all they could and then suddenly, at around two p.m., the soldiers left town. They made their escape in MIBA vehicles.&quot;</p>
<p>&quot;Then local people, mostly youths, started to pillage. We were attacked with stones by a crowd of hooligans, I was hit on the head,&quot; he said.</p>
<p>There was no immediate official word on the biggest blow so far to the purse of Mobutu's authorities.</p>
<p>Rebels have now taken more than third of Zaire since October.</p>
<p>Mbuji-Mayi's fall has raised tension in Lubumbashi, which Kabila has vowed to take and which looks likely to be next.</p>
</text>
<copyright>(c) Reuters Limited 1997</copyright>
<metadata>
<codes class="bip:countries:1.0">
  <code code="ZAIRE">
    <editdetail attribution="Reuters BIP Coding Group" action="confirmed" date="1997-04-05"/>
  </code>
</codes>
<codes class="bip:topics:1.0">
  <code code="GCAT">
    <editdetail attribution="Reuters BIP Coding Group" action="confirmed" date="1997-04-05"/>
  </code>
  <code code="GVIO">
    <editdetail attribution="Reuters BIP Coding Group" action="confirmed" date="1997-04-05"/>
  </code>
</codes>
<dc element="dc.date.created" value="1997-04-05"/>
<dc element="dc.publisher" value="Reuters Holdings Plc"/>
<dc element="dc.date.published" value="1997-04-05"/>
<dc element="dc.source" value="Reuters"/>
<dc element="dc.creator.location" value="LUBUMBASHI, Zaire"/>
<dc element="dc.creator.location.country.name" value="ZAIRE"/>
<dc element="dc.source" value="Reuters"/>
</metadata>
</newsitem>
