<?xml version="1.0" encoding="iso-8859-1" ?>
<newsitem itemid="489134" id="root" date="1997-04-05" xml:lang="en">
<title>FRANCE: CYCLING-ROMINGER OPTIMISTIC ABOUT RECORD.</title>
<headline>CYCLING-ROMINGER OPTIMISTIC ABOUT RECORD.</headline>
<dateline>BORDEAUX 1997-04-05</dateline>
<text>
<p>Switzerland's Tony Rominger said he was optimistic he could beat the one-hour cycling world record before the end of 1997 after tests on the Bordeaux track on Saturday.</p>
<p>The 36-year-old Swiss tested a new bicycle and equipment for more than five hours and said : &quot;It went better than I expected. I've improved a lot in recent weeks.&quot;</p>
<p>Rominger, who beat the record twice on this track in 1994, is to do further tests on Monday in Manchester, where Briton Chris Boardman set the present mark of 56.3759 km.</p>
<p>&quot;Then we'll know which track is the fastest,&quot; he said.</p>
<p>He confirmed he would probably make a record attempt at the end of the season, after the Tour de France.</p>
<p>&quot;The Tour de France remains my top priority. If I could win a stage, it would be great,&quot; said the Swiss, who finished second in the world's most famous race in 1993.</p>
</text>
<copyright>(c) Reuters Limited 1997</copyright>
<metadata>
<codes class="bip:countries:1.0">
  <code code="FRA">
    <editdetail attribution="Reuters BIP Coding Group" action="confirmed" date="1997-04-05"/>
  </code>
  <code code="SWITZ">
    <editdetail attribution="Reuters BIP Coding Group" action="confirmed" date="1997-04-05"/>
  </code>
</codes>
<codes class="bip:topics:1.0">
  <code code="GCAT">
    <editdetail attribution="Reuters BIP Coding Group" action="confirmed" date="1997-04-05"/>
  </code>
  <code code="GSPO">
    <editdetail attribution="Reuters BIP Coding Group" action="confirmed" date="1997-04-05"/>
  </code>
</codes>
<dc element="dc.date.created" value="1997-04-05"/>
<dc element="dc.publisher" value="Reuters Holdings Plc"/>
<dc element="dc.date.published" value="1997-04-05"/>
<dc element="dc.source" value="Reuters"/>
<dc element="dc.creator.location" value="BORDEAUX"/>
<dc element="dc.creator.location.country.name" value="FRANCE"/>
<dc element="dc.source" value="Reuters"/>
</metadata>
</newsitem>
