<?xml version="1.0" encoding="iso-8859-1" ?>
<newsitem itemid="489104" id="root" date="1997-04-05" xml:lang="en">
<title>USA: BASEBALL-JONES CAPS SPECIAL NIGHT WITH WINNING HIT FOR BRAVES.</title>
<headline>BASEBALL-JONES CAPS SPECIAL NIGHT WITH WINNING HIT FOR BRAVES.</headline>
<dateline>ATLANTA 1997-04-05</dateline>
<text>
<p>Chipper Jones delivered a happy ending on a special night in Atlanta Friday as he drove in the go-ahead run in the eighth to boost the Braves to a 5-4 win over the Chicago Cubs in the first regular-season game at their new Turner Field home.</p>
<p>&quot;This is a great win,&quot; said Jones. &quot;I had a feeling about tonight.</p>
<p>&quot;It was cool tonight. All the guys were up for the pre-game ceremony,&quot; he said. &quot;Hank (Aaron) walking out of centre field gave me chill bumps. The whole team was pumped up.&quot;</p>
<p>Everything did not go smoothly at first.</p>
<p>The game was delayed for six minutes in the bottom of the first inning due to a power outage that was caused when a car ran into a transformer outside the stadium.</p>
<p>Then the Braves, who lost two of three in Houston before coming home to open their new park, fell behind and trailed 4-2 in the seventh before mounting their charge.</p>
<p>Brad Clontz (1-0) pitched 1 1/3 hitless innings to get the win. Mark Wohlers picked up his second save.</p>
<p>Following the game, there was a fireworks display honouring the National League champion Braves as the team of the '90s.</p>
<p>&quot;That's kind of cool. We're 70 games better than anyone else,&quot; Jones said, defending the Braves' claim.</p>
<p>Terry Adams (0-1) took the loss for the Cubs, who are 0-4.</p>
<p>At Florida, Reggie Sanders tied a career high with six RBI, including a three-run homer that began a six-run seventh inning, as the Cincinnati Reds rallied for a 9-7 victory over the Florida Marlins.</p>
<p>The Reds erased a 6-3 deficit with their big rally.</p>
<p>&quot;I was looking for something over the plate, he gave me a fastball right where I was looking,&quot; said Sanders. &quot;I took an easy swing and I don't think I can hit a ball any harder.&quot;</p>
<p>Jeff Conine, who is 9-for-15 for the season, and Charles Johnson hit back-to-back homers for Florida in the fifth.</p>
<p>Kent Mercker (1-0) picked up the win.</p>
<p>Cincinnati's Hal Morris went 0-for-4 to end a 32-game hit streak dating back to last season.</p>
<p>In Montreal, former Expo Larry Walker hit his league-leading third home run and drove in two as the Colorado Rockies handed Montreal its first loss of the season 5-4.</p>
<p>Walker delivered an RBI double in a two-run first inning, then led off the sixth with a homer.</p>
<p>&quot;I was expecting the boos, but we got the win and there was cheering on our side afterwards. That's all that matters,&quot; Walker said. &quot;That home run was one of the hardest balls I ever hit. It was out over the plate and it just kept going.&quot;</p>
<p>Jamey Wright took the win, and Marc Valdes was the loser.</p>
<p>In Houston, Jeff Bagwell's one-out single in the bottom of the 11th inning scored Ray Montgomery with the winning run as the Houston Astros edged the winless St. Louis Cardinals 3-2.</p>
<p>Russ Springer (1-0) pitched a scoreless 11th for his first victory as an Astro. Reliever Eric Ludwick allowed one run and two hits while retiring only one batter for St. Louis (0-4).</p>
<p>&quot;There have been some high-scoring games in other parks in the country at the start of the season, but not here,&quot; said Astros rookie manager Larry Dierker. &quot;This was Astrodome-type baseball. When we win, this is how we win -- by keeping it close and trying to get the last run.&quot;</p>
<p>In Los Angeles, Billy Ashley and rookie Wilton Guerrero each drove in runs in the seventh inning to lift the Los Angeles Dodgers to their third straight win, 5-3 over the Pittsburgh Pirates.</p>
<p>Tom Candiotti (1-0), forced out of the starting rotation, picked up the win with two scoreless innings of relief. Todd Worrell worked a 1-2-3 ninth for his second save.</p>
<p>Dave Wainhouse took the loss.</p>
<p>Raul Mondesi hit a solo homer -- his second in as many games -- in the eighth for Los Angeles.</p>
<p>In San Diego, Greg Vaughn hit a pair of solo homers and Wally Joyner added another as the San Diego Padres used a pair of five-run innings to power their way past the Philadelphia Phillies 13-3.</p>
<p>Tim Worrell gave up two runs and four hits over seven innings for the win. Bobby Munoz was the loser.</p>
<p>In San Francisco, Glenallen Hill's RBI single snapped a tie and keyed a three-run seventh inning as the San Francisco Giants defeated the New York Mets 6-4.</p>
<p>Hill also threw out the potential go-ahead run at the plate to end the top of the seventh, gunning down Andy Tomberlin, who was trying to score on John Olerud's single. The play made a winner out of Rich Rodriguez (1-1).</p>
<p>Rod Beck allowed a run in the ninth, but got his second save when he struck out Olerud with men at first and second.</p>
<p>Reliever Ricardo Jordan (0-2) took the loss as the Mets bullpen again failed to deliver.</p>
</text>
<copyright>(c) Reuters Limited 1997</copyright>
<metadata>
<codes class="bip:countries:1.0">
  <code code="USA">
    <editdetail attribution="Reuters BIP Coding Group" action="confirmed" date="1997-04-05"/>
  </code>
</codes>
<codes class="bip:topics:1.0">
  <code code="GCAT">
    <editdetail attribution="Reuters BIP Coding Group" action="confirmed" date="1997-04-05"/>
  </code>
  <code code="GSPO">
    <editdetail attribution="Reuters BIP Coding Group" action="confirmed" date="1997-04-05"/>
  </code>
</codes>
<dc element="dc.date.created" value="1997-04-05"/>
<dc element="dc.publisher" value="Reuters Holdings Plc"/>
<dc element="dc.date.published" value="1997-04-05"/>
<dc element="dc.source" value="Reuters"/>
<dc element="dc.creator.location" value="ATLANTA"/>
<dc element="dc.creator.location.country.name" value="USA"/>
<dc element="dc.source" value="Reuters"/>
</metadata>
</newsitem>
