<?xml version="1.0" encoding="iso-8859-1" ?>
<newsitem itemid="489244" id="root" date="1997-04-05" xml:lang="en">
<title>ARGENTINA: Mexican rebel says peace further away than ever.</title>
<headline>Mexican rebel says peace further away than ever.</headline>
<dateline>BUENOS AIRES 1997-04-05</dateline>
<text>
<p>Peace between leftist Zapatista guerrillas and the Mexican government is further away than ever, guerrilla leader Subcommander Marcos said in an interview published in an Argentine magazine on Saturday.</p>
<p>Marcos told Noticias in an interview conducted in the Mexican jungles in January that the guerrillas were prepared to meet any new government offensive with greater violence than in the past.</p>
<p>Noticias said that the tape of the interview was seized by Mexican government authorities and only returned partially damaged 70 days later on the condition that the journalist leave the country immediately.</p>
<p>&quot;Peace seems further away than ever,&quot; Marcos said. &quot;When you have two adversaries locked in war, even though they say they are talking and negotiating, the reality is that they are trying to annihilate each other.&quot;</p>
<p>Marcos blamed the Mexican government for the failure of peace talks to end the three-year old uprising in the impoverished southern jungle state of Chiapas. Accusing the authorities of plotting a new military offensive, he warned the guerrillas would fight back.</p>
<p>&quot;If they attacked us again, as they did in 1995, we would have to revise our response. On that occasion we decided to retreat and hide out in the mountains. Now that we're already in the mountains, we would have no other option than to resist and fight,&quot; he said.</p>
<p>The Zapatistas will not lay down their arms until their demands for improved conditions for the local Maya indians are met, Marcos said.</p>
<p>&quot;The Zapatista army cannot disappear because that would mean handing over the indigenous villages to the military and the armed groups that are waging a new dirty war,&quot; he said.</p>
<p>He said Mexican forces were being advised by Chilean and Argentine experts in intelligence and interrogation, including mercenaries from the United States.</p>
<p>Marcos called on Mexican and foreign civilians to pressure for an end to the conflict.</p>
<p>&quot;Civilian society is more sensitive to the problems of the indigenous community, it tends to oppose the military solution and the use of force by either the government or the EZLN,&quot; Marcos said. &quot;We would be closer to peace if that third force pressured the two sides.&quot;</p>
<p>Marcos is well-known for his literary musings on the Internet and his hooded features now rival that of legendary Argentine guerrilla Ernesto &quot;Che&quot; Guevara as a Latin American pop art icon.</p>
<p>Asked during the interview if he had listened to a recent compact disc of his speeches set to rap music, he said: &quot;I have been very busy with questions of peace and war. For the moment I am neglecting my artistic career.&quot;</p>
<p>The compact disc called &quot;Chiapas&quot; sold out in Mexican cities in March.</p>
</text>
<copyright>(c) Reuters Limited 1997</copyright>
<metadata>
<codes class="bip:countries:1.0">
  <code code="ARG">
    <editdetail attribution="Reuters BIP Coding Group" action="confirmed" date="1997-04-05"/>
  </code>
  <code code="MEX">
    <editdetail attribution="Reuters BIP Coding Group" action="confirmed" date="1997-04-05"/>
  </code>
</codes>
<codes class="bip:topics:1.0">
  <code code="GCAT">
    <editdetail attribution="Reuters BIP Coding Group" action="confirmed" date="1997-04-05"/>
  </code>
  <code code="GVIO">
    <editdetail attribution="Reuters BIP Coding Group" action="confirmed" date="1997-04-05"/>
  </code>
</codes>
<dc element="dc.date.created" value="1997-04-05"/>
<dc element="dc.publisher" value="Reuters Holdings Plc"/>
<dc element="dc.date.published" value="1997-04-05"/>
<dc element="dc.source" value="Reuters"/>
<dc element="dc.creator.location" value="BUENOS AIRES"/>
<dc element="dc.creator.location.country.name" value="ARGENTINA"/>
<dc element="dc.source" value="Reuters"/>
</metadata>
</newsitem>
