<?xml version="1.0" encoding="iso-8859-1" ?>
<newsitem itemid="489239" id="root" date="1997-04-05" xml:lang="en">
<title>COLOMBIA: Bogota's madcap mayor resigns to run for presidency.</title>
<headline>Bogota's madcap mayor resigns to run for presidency.</headline>
<dateline>BOGOTA 1997-04-05</dateline>
<text>
<p>Bogota's madcap mayor Antanas Mockus handed in his resignation on Saturday in readiness to run in next year's presidential elections.</p>
<p>Under Colombian law anybody seeking to run for the presidency must resign from public office a year before elections, which are scheduled for May 1998.</p>
<p>Mockus, whose headline grabbing antics include baring his backside in public and getting married in a tigers' cage, said he would give President Ernesto Samper a list of possible successors and be out of City Hall by mid-April.</p>
<p>Mockus, a self-described &quot;neo-anarchist&quot; and academic with a passion for mathematics and metaphysics, took office in January 1995 for a two-year term.</p>
<p>The mayor has done little to solve Bogota's infrastructure and chronic traffic problems or cut soaring crime rates but has scored consistently well in voter opinion polls.</p>
<p>Political analysts see his popularity as symptomatic of the need for change in a country torn by drugs and violence where two parties, Samper's Liberals and the opposition Conservatives, have shared jealously-guarded power since a bloody civil war that ended in 1958.</p>
<p>It was initially thought Mockus may run for the vice- presidency on a joint ticket with Chief Prosecutor Alfonso Valdivieso. But Valdivieso has denied cutting any deal with the Bogota mayor and has not even declared if he will stand.</p>
</text>
<copyright>(c) Reuters Limited 1997</copyright>
<metadata>
<codes class="bip:countries:1.0">
  <code code="COL">
    <editdetail attribution="Reuters BIP Coding Group" action="confirmed" date="1997-04-05"/>
  </code>
</codes>
<codes class="bip:topics:1.0">
  <code code="GCAT">
    <editdetail attribution="Reuters BIP Coding Group" action="confirmed" date="1997-04-05"/>
  </code>
  <code code="GPOL">
    <editdetail attribution="Reuters BIP Coding Group" action="confirmed" date="1997-04-05"/>
  </code>
  <code code="GVOTE">
    <editdetail attribution="Reuters BIP Coding Group" action="confirmed" date="1997-04-05"/>
  </code>
</codes>
<dc element="dc.date.created" value="1997-04-05"/>
<dc element="dc.publisher" value="Reuters Holdings Plc"/>
<dc element="dc.date.published" value="1997-04-05"/>
<dc element="dc.source" value="Reuters"/>
<dc element="dc.creator.location" value="BOGOTA"/>
<dc element="dc.creator.location.country.name" value="COLOMBIA"/>
<dc element="dc.source" value="Reuters"/>
</metadata>
</newsitem>
