<?xml version="1.0" encoding="iso-8859-1" ?>
<newsitem itemid="489270" id="root" date="1997-04-05" xml:lang="en">
<title>PHILIPPINES: Eight injured in Philippine air base bomb blasts.</title>
<headline>Eight injured in Philippine air base bomb blasts.</headline>
<dateline>MANILA 1997-04-05</dateline>
<text>
<p>Eight people were injured on Saturday when two bombs exploded inside a Philippine Air Force base north of Manila, officials said.</p>
<p>The explosion occurred at the ammunition dump of the Basa air base in Floridablanca town in Pampanga province, 80 km (50 miles) north of Manila, Pampanga police officer Major Jesus Menenang told radio station DZRH.</p>
<p>An Air Force sergeant said the bomb explosions were &quot;accidental&quot; but other Air Force officers said the cause of the blasts has yet to be determined.</p>
<p>Firemen rushed to the scene to help put out a fire that broke out after the explosion, Menenang said.</p>
<p>&quot;Based on our initial report eight (people) were injured. But these were minor injuries,&quot; Air Force spokesman Colonel Charles Hotchkiss told radio station ZNN Radio Veritas.</p>
</text>
<copyright>(c) Reuters Limited 1997</copyright>
<metadata>
<codes class="bip:countries:1.0">
  <code code="PHLNS">
    <editdetail attribution="Reuters BIP Coding Group" action="confirmed" date="1997-04-05"/>
  </code>
</codes>
<codes class="bip:topics:1.0">
  <code code="GCAT">
    <editdetail attribution="Reuters BIP Coding Group" action="confirmed" date="1997-04-05"/>
  </code>
  <code code="GVIO">
    <editdetail attribution="Reuters BIP Coding Group" action="confirmed" date="1997-04-05"/>
  </code>
</codes>
<dc element="dc.date.created" value="1997-04-05"/>
<dc element="dc.publisher" value="Reuters Holdings Plc"/>
<dc element="dc.date.published" value="1997-04-05"/>
<dc element="dc.source" value="Reuters"/>
<dc element="dc.creator.location" value="MANILA"/>
<dc element="dc.creator.location.country.name" value="PHILIPPINES"/>
<dc element="dc.source" value="Reuters"/>
</metadata>
</newsitem>
