<?xml version="1.0" encoding="iso-8859-1" ?>
<newsitem itemid="489276" id="root" date="1997-04-05" xml:lang="en">
<title>HONG KONG: Canadian envoy told HK will stay &quot;distinctive&quot;.</title>
<headline>Canadian envoy told HK will stay &quot;distinctive&quot;.</headline>
<byline>Carrie Lee</byline>
<dateline>HONG KONG 1997-04-05</dateline>
<text>
<p>Canada's foreign minister ended a visit to China and Hong Kong on Saturday saying he had been promised that Hong Kong's distinctive character would be preserved after it reverts to China in July.</p>
<p>&quot;One thing I thought to me was very encouraging was the notion that there would be in the future a real distinctive Hong Kong way of doing things...and that the decisions about Hong Kong will be made by Hong Kong itself,&quot; said Lloyd Axworthy.</p>
<p>He met Hong Kong Governor Chris Patten and future leader Tung Chee-hwa on Saturday, after meeting Chinese Premier Li Peng, Foreign Minister Qian Qichen and the top Chinese official for Hong Kong Lu Ping in Beijing earlier this week.</p>
<p>&quot;There was very strong determination that whatever the decisions will be, and no one can forecast those, that they will be very much in the interest of retaining the autonomous position, living up to the two systems theory in one country,&quot; Axworthy told a news conference before returning to Canada.</p>
<p>Britain returns Hong Kong to China on July 1, ending more than 150 years of colonial rule.</p>
<p>The Basic Law, a Beijing-imposed constitution for post-handover Hong Kong, guarantees that the territory can function as a separate entity from the rest of China for 50 years after the transfer of sovereignty.</p>
<p>Axworthy said China had told him during his visit that commitments to the Basic Law and International Covenants on rights would be adhered to in Hong Kong. &quot;We were given again assurances that those commitments will be fulfilled.&quot;</p>
<p>He raised the issue of civil liberties with Tung, who backs China's plan to curb certain Hong Kong civil rights. The plan has drawn loud opposition, especially from the territory's Democratic Party, which has urged Canada to stand up for civil rights.</p>
<p>&quot;We got assurances that there would be a consultation process on it (the plan) as well,&quot; Axworthy said.</p>
<p>The Canadian minister was also told Hong Kong will hold elections before July 1 next year for a new legislature to succeed a China-appointed provisional body which will replace, upon the handover, the present elected Legislative Council.</p>
<p>Axworthy welcomed China's decision to give Hong Kong emigrants a grace period to return to the territory if they want to keep permanent residency rights.</p>
<p>He said he got the impression from both Beijing and Tung that the grace period would be sufficiently long, and China would specify the length &quot;fairly shortly&quot;. About 350,000 Hong Kong people have emigrated to Canada since 1970.</p>
<p>Axworthy said Beijing had assured him visa-free access for Canadians visiting Hong Kong after July 1, after Canada granted visa-free entry to holders of Hong Kong's post-handover passports.</p>
</text>
<copyright>(c) Reuters Limited 1997</copyright>
<metadata>
<codes class="bip:countries:1.0">
  <code code="CANA">
    <editdetail attribution="Reuters BIP Coding Group" action="confirmed" date="1997-04-05"/>
  </code>
  <code code="CHINA">
    <editdetail attribution="Reuters BIP Coding Group" action="confirmed" date="1997-04-05"/>
  </code>
  <code code="HKONG">
    <editdetail attribution="Reuters BIP Coding Group" action="confirmed" date="1997-04-05"/>
  </code>
</codes>
<codes class="bip:topics:1.0">
  <code code="GCAT">
    <editdetail attribution="Reuters BIP Coding Group" action="confirmed" date="1997-04-05"/>
  </code>
  <code code="GDIP">
    <editdetail attribution="Reuters BIP Coding Group" action="confirmed" date="1997-04-05"/>
  </code>
</codes>
<dc element="dc.date.created" value="1997-04-05"/>
<dc element="dc.publisher" value="Reuters Holdings Plc"/>
<dc element="dc.date.published" value="1997-04-05"/>
<dc element="dc.source" value="Reuters"/>
<dc element="dc.creator.location" value="HONG KONG"/>
<dc element="dc.creator.location.country.name" value="HONG KONG"/>
<dc element="dc.source" value="Reuters"/>
</metadata>
</newsitem>
