<?xml version="1.0" encoding="iso-8859-1" ?>
<newsitem itemid="489261" id="root" date="1997-04-05" xml:lang="en">
<title>SOUTH KOREA: N.Korea at last seen ready to reply to peace offer.</title>
<headline>N.Korea at last seen ready to reply to peace offer.</headline>
<byline>Jean Yoon</byline>
<dateline>SEOUL 1997-04-05</dateline>
<text>
<p>One year after U.S. President Bill Clinton and his South Korean counterpart Kim Young-sam proposed peace talks with North Korea, Pyongyang has finally agreed to give a response, South Korean state radio reported on Saturday.</p>
<p>The Korea Broadcasting System said North Korea had suggested a meeting this month to give its final answer.</p>
<p>It said South Korean authorities had given a &quot;favourable response&quot; to the suggestion.</p>
<p>The offer was made in a meeting of officials from the two Koreas and the United States in New York on Friday.</p>
<p>There was no indication whether Pyongyang would give a positive response, reject the offer or set further conditions for participation.</p>
<p>Kim and Clinton unveiled their proposal for peace talks, also including China, last April 16. The talks are aimed at establishing a permanent peace to replace the armistice that ended the 1950-53 Korean war.</p>
<p>Seoul officials were not immediately available for comment.</p>
<p>North Korea is keeping the world guessing on whether it is finally prepared to discuss burying Cold War enmities at a time when it is precariously balanced on the edge of famine.</p>
<p>It desperately needs international aid to stave off a human catastrophe and has been seeking to use its participation in the four-way talks as leverage to extract food assistance.</p>
<p>In its first formal reaction to the peace initiative, Pyongyang last month demanded substantial food aid as a condition for taking part in any talks.</p>
<p>Seoul and Washington rejected preconditions but said food aid could be discussed as part of the four-way talks.</p>
<p>South Korea pledged $6 million and the United States $10 million to a $41 million World Food Programme (WFP) appeal in aid for impoverished North Korea.</p>
<p>The WFP on Friday more than doubled the appeal to $95 million to feed babies and toddlers aged under six in the Stalinist state. Seoul and Washington have not announced whether they will boost their contribution.</p>
<p>U.S. State Department spokesman Nicholas Burns said Friday's session was &quot;just a routine meeting&quot; and declined to discuss the agenda or name the participants.</p>
<p>On March 5, officials from the United States and South Korea gave North Korean representatives a briefing on the proposal, and emerged cautiously optimistic that Pyongyang would participate.</p>
<p>Pyongyang's reported readiness to give an answer follows a round of high-level U.S. visits to both North and South Korea.</p>
<p>Five U.S. senators led by Ted Stevens, chairman of the Senate Appropriations Committee, headed to Pyongyang last week after a three-day trip to South Korea.</p>
<p>The senators said they were told of impatience within the military at the inability of Pyongyang's civilian officials to secure large scale food aid.</p>
<p>During a visit to South Korea last week, U.S. Vice President Al Gore said he believed North Korea was collapsing.</p>
<p>South Korea has softened its hardline position on food deliveries to its communist neighbour, lifting a ban on private groups providing rice aid and allowing domestic business groups to join food assistance programmes.</p>
</text>
<copyright>(c) Reuters Limited 1997</copyright>
<metadata>
<codes class="bip:countries:1.0">
  <code code="NKOREA">
    <editdetail attribution="Reuters BIP Coding Group" action="confirmed" date="1997-04-05"/>
  </code>
  <code code="SKOREA">
    <editdetail attribution="Reuters BIP Coding Group" action="confirmed" date="1997-04-05"/>
  </code>
  <code code="USA">
    <editdetail attribution="Reuters BIP Coding Group" action="confirmed" date="1997-04-05"/>
  </code>
</codes>
<codes class="bip:topics:1.0">
  <code code="GCAT">
    <editdetail attribution="Reuters BIP Coding Group" action="confirmed" date="1997-04-05"/>
  </code>
  <code code="GDIP">
    <editdetail attribution="Reuters BIP Coding Group" action="confirmed" date="1997-04-05"/>
  </code>
  <code code="GPOL">
    <editdetail attribution="Reuters BIP Coding Group" action="confirmed" date="1997-04-05"/>
  </code>
</codes>
<dc element="dc.date.created" value="1997-04-05"/>
<dc element="dc.publisher" value="Reuters Holdings Plc"/>
<dc element="dc.date.published" value="1997-04-05"/>
<dc element="dc.source" value="Reuters"/>
<dc element="dc.creator.location" value="SEOUL"/>
<dc element="dc.creator.location.country.name" value="SOUTH KOREA"/>
<dc element="dc.source" value="Reuters"/>
</metadata>
</newsitem>
