<?xml version="1.0" encoding="iso-8859-1" ?>
<newsitem itemid="489283" id="root" date="1997-04-05" xml:lang="en">
<title>CHINA: China's Deng memories subdued on tombsweeping day.</title>
<headline>China's Deng memories subdued on tombsweeping day.</headline>
<byline>William Kazer</byline>
<dateline>BEIJING 1997-04-05</dateline>
<text>
<p>China marked on Saturday the first &quot;tombsweeping&quot; day since the death of Deng Xiaoping with few outward signs of remembrance for the late paramount leader.</p>
<p>Thousands of Beijing residents streamed through the gates of Babaoshan cemetery for the Qingming festival, traditionally the day for tidying ancestral graves.</p>
<p>But for the most part this was a family occasion, far removed from the political limelight that surrounded Deng during his lifetime.</p>
<p>&quot;I have come here every year since my husband died in 1991,&quot; said a Beijing resident, holding the hand of her granddaughter as they left the cemetery.</p>
<p>&quot;This is a family matter. There is no connection with any political leaders.&quot;</p>
<p>A group of students from Deng's native province of Sichuan, all of them enrolled at a university in the Chinese capital, gathered at the cemetery gates. They too had a private reason for being there.</p>
<p>&quot;We are helping a friend sweep his father's grave,&quot; said one of the students.</p>
<p>Deng died on February 19 aged 92. He was cremated at Babaoshan and his ashes scattered at sea in accordance with his wishes.</p>
<p>That has left the public with no specific place to honour the man who steered China away from the radical policies of Mao Zedong and onto the path of economic development, even if it meant adopting capitalist ways.</p>
<p>Those pragmatic policies raised living standards and turned a backward Stalinist state into an economic powerhouse.</p>
<p>Beijing's central Tiananmen Square has been one such place to honour the nation's fallen heroes but public displays of respect were not encouraged on this day.</p>
<p>Early on Saturday, as a group of secondary students walked towards the shrine to martyrs of the revolution at the centre of the square, they were quickly approached by security men.</p>
<p>After a brief discussion, they were allowed to bow and then told to leave, witnesses said.</p>
<p>China's communist leaders have traditionally planted trees on the Qingming festival and that was how the official media chose to remember Deng.</p>
<p>The People's Daily, the Communist Party newspaper, showed photographs of Deng planting trees over the years since 1979, when he began his programme of reforms that changed China's political landscape.</p>
<p>&quot;Now these trees have grown tall,&quot; said the newspaper.</p>
<p>In the spirit of Deng's reforms, vendors of silk flowers were doing brisk business outside the Babaoshan cemetery.</p>
<p>Visitors queued up to buy wreaths similar to those that adorned grave sites inside.</p>
<p>Deng was in the thoughts of other Beijing residents, such as Bai Lansheng, a sculptor who is working on a bronze statue of the late leader.</p>
<p>&quot;We are getting ready to ship the plaster mould to Shanghai now,&quot; he said from his Beijing workshop. &quot;There it will be cast in bronze.&quot;</p>
<p>In June the six-metre (20-foot) statue will be shipped to the southern city of Shenzhen, which borders the British colony of Hong Kong.</p>
<p>Deng directed negotiations that led to the 1984 Sino-British accord under which the territory reverts to Chinese sovereignty on July 1.</p>
<p>Deng died before the colony's recovery but his statue will gaze across the border and &quot;witness&quot; the historic event.</p>
</text>
<copyright>(c) Reuters Limited 1997</copyright>
<metadata>
<codes class="bip:countries:1.0">
  <code code="CHINA">
    <editdetail attribution="Reuters BIP Coding Group" action="confirmed" date="1997-04-05"/>
  </code>
</codes>
<codes class="bip:topics:1.0">
  <code code="GCAT">
    <editdetail attribution="Reuters BIP Coding Group" action="confirmed" date="1997-04-05"/>
  </code>
  <code code="GPOL">
    <editdetail attribution="Reuters BIP Coding Group" action="confirmed" date="1997-04-05"/>
  </code>
</codes>
<dc element="dc.date.created" value="1997-04-05"/>
<dc element="dc.publisher" value="Reuters Holdings Plc"/>
<dc element="dc.date.published" value="1997-04-05"/>
<dc element="dc.source" value="Reuters"/>
<dc element="dc.creator.location" value="BEIJING"/>
<dc element="dc.creator.location.country.name" value="CHINA"/>
<dc element="dc.source" value="Reuters"/>
</metadata>
</newsitem>
