<?xml version="1.0" encoding="iso-8859-1" ?>
<newsitem itemid="489278" id="root" date="1997-04-05" xml:lang="en">
<title>PHILIPPINES: APEC to state major currency misalignments sorted.</title>
<headline>APEC to state major currency misalignments sorted.</headline>
<dateline>CEBU, Philippines 1997-04-05</dateline>
<text>
<p>Finance ministers of the Asia-Pacific Economic Cooperation (APEC) forum will state that major currency misalignments, as noted by the Group of Seven (G7) nations, have been corrected, Japanese delegation officials said on Saturday.</p>
<p>They said such a reference would be the first of its kind to be adopted by the APEC finance ministers, gathered at a luxury resort hotel here for their fourth annual meeting.</p>
<p>&quot;Asian economies are a large enough part of the world that there should be a common understanding on exchange rates,&quot; one official said.</p>
<p>Japanese officials said the reference in the finance ministers' communique, to be announced on Sunday, will endorse the G7 statement made in Berlin in February.</p>
<p>The G7 said that major misalignments in currencies noted at their meeting in April 1995 had been corrected and called for currency stability in the foreign exchange markets.</p>
<p>Three APEC members -- Japan, the United States and Canada -- belong to the G7, which also includes Britain, France, Italy and Germany.</p>
<p>The statement will also likely propose macroeconomic cooperation and a freer flow of capital among the members of APEC, which also include Australia, Brunei, China, Chile, Indonesia, Malaysia, Mexico, New Zealand, Papua New Guinea, Singapore, Hong Kong, Taiwan, Thailand, the Philippines and South Korea.</p>
</text>
<copyright>(c) Reuters Limited 1997</copyright>
<metadata>
<codes class="bip:countries:1.0">
  <code code="GSEVEN">
    <editdetail attribution="Reuters BIP Coding Group" action="confirmed" date="1997-04-05"/>
  </code>
  <code code="JAP">
    <editdetail attribution="Reuters BIP Coding Group" action="confirmed" date="1997-04-05"/>
  </code>
  <code code="PHLNS">
    <editdetail attribution="Reuters BIP Coding Group" action="confirmed" date="1997-04-05"/>
  </code>
</codes>
<codes class="bip:topics:1.0">
  <code code="E51">
    <editdetail attribution="Reuters BIP Coding Group" action="confirmed" date="1997-04-05"/>
  </code>
  <code code="E512">
    <editdetail attribution="Reuters BIP Coding Group" action="confirmed" date="1997-04-05"/>
  </code>
  <code code="ECAT">
    <editdetail attribution="Reuters BIP Coding Group" action="confirmed" date="1997-04-05"/>
  </code>
</codes>
<dc element="dc.date.created" value="1997-04-05"/>
<dc element="dc.publisher" value="Reuters Holdings Plc"/>
<dc element="dc.date.published" value="1997-04-05"/>
<dc element="dc.source" value="Reuters"/>
<dc element="dc.creator.location" value="CEBU, Philippines"/>
<dc element="dc.creator.location.country.name" value="PHILIPPINES"/>
<dc element="dc.source" value="Reuters"/>
</metadata>
</newsitem>
