<?xml version="1.0" encoding="iso-8859-1" ?>
<newsitem itemid="489340" id="root" date="1997-04-05" xml:lang="en">
<title>DUBAI: Saudi readies transport for haj pilgrimage.</title>
<headline>Saudi readies transport for haj pilgrimage.</headline>
<dateline>DUBAI 1997-04-05</dateline>
<text>
<p>Saudi Arabia is preparing a large-scale transport plan to cope with an estimated two million Moslem pilgrims expected to perform this year's haj in April, the daily Saudi Gazette said on Saturday.</p>
<p>&quot;Pilgrims are expected to spend an estimated 400 million riyals ($106 million) for their transport between cities and the holy sites,&quot; the daily said.</p>
<p>&quot;More than 12,000 buses with an estimated seating capacity of 552,000 will be deployed for this year's haj,&quot; it said.</p>
<p>About two million Moslams -- half of them from abroad -- are expected to perform this year's haj pilgrimage at Mecca and Medina, site of Islam's two holiest shrines. Moslems are obliged to perform the pilgrimage at least once in their lives if they are able and can afford the cost.</p>
<p>The number of pilgrims is governed by quotas agreed by the Organisation of the Islamic Conference which sets them in relation to each country's population.</p>
<p>($1=3.75 riyals)</p>
</text>
<copyright>(c) Reuters Limited 1997</copyright>
<metadata>
<codes class="bip:countries:1.0">
  <code code="SAARAB">
    <editdetail attribution="Reuters BIP Coding Group" action="confirmed" date="1997-04-05"/>
  </code>
</codes>
<codes class="bip:topics:1.0">
  <code code="GCAT">
    <editdetail attribution="Reuters BIP Coding Group" action="confirmed" date="1997-04-05"/>
  </code>
  <code code="GPOL">
    <editdetail attribution="Reuters BIP Coding Group" action="confirmed" date="1997-04-05"/>
  </code>
  <code code="GREL">
    <editdetail attribution="Reuters BIP Coding Group" action="confirmed" date="1997-04-05"/>
  </code>
</codes>
<dc element="dc.date.created" value="1997-04-05"/>
<dc element="dc.publisher" value="Reuters Holdings Plc"/>
<dc element="dc.date.published" value="1997-04-05"/>
<dc element="dc.source" value="Reuters"/>
<dc element="dc.creator.location" value="DUBAI"/>
<dc element="dc.creator.location.country.name" value="DUBAI"/>
<dc element="dc.source" value="Reuters"/>
</metadata>
</newsitem>
