<?xml version="1.0" encoding="iso-8859-1" ?>
<newsitem itemid="489305" id="root" date="1997-04-05" xml:lang="en">
<title>CHINA: China copper supply greater than demand- newspaper.</title>
<headline>China copper supply greater than demand- newspaper.</headline>
<dateline>SHANGHAI 1997-04-05</dateline>
<text>
<p>China's copper supplies are currently greater than demand and copper prices are unlikely to rise significantly in the short term, the China Securities newspaper said on Saturday.</p>
<p>In January and February, domestic output and imports of copper amounted to 165,000 tonnes, an increase of 18.5 percent against the same period last year, the newspaper said.</p>
<p>Of this, domestic output was 146,000 tonnes, a rise of 11.9 percent and imports were 19,000 tonnes, a rise of 30.2 percent, it said.</p>
<p>Demand in the two months was estimated to have increased by 14 percent against the same period of last year, a much lower growth rate than supply, it said.</p>
<p>By the end of February, China's copper prices were at an average of 21,000 yuan per tonne, an increase of 3.9 percent against the start of this year but a drop of 18.3 percent against the same period last year, the newspaper said.</p>
<p>&quot;Although copper prices in some cities have regained some ground this year, the overall market has not emerged from the shadow of the price slump last year,&quot; it said.</p>
<p>($1 = 8.3 yuan)</p>
</text>
<copyright>(c) Reuters Limited 1997</copyright>
<metadata>
<codes class="bip:countries:1.0">
  <code code="CHINA">
    <editdetail attribution="Reuters BIP Coding Group" action="confirmed" date="1997-04-05"/>
  </code>
</codes>
<codes class="bip:industries:1.0">
  <code code="I22460">
    <editdetail attribution="Reuters BIP Coding Group" action="confirmed" date="1997-04-05"/>
  </code>
</codes>
<codes class="bip:topics:1.0">
  <code code="C21">
    <editdetail attribution="Reuters BIP Coding Group" action="confirmed" date="1997-04-05"/>
  </code>
  <code code="CCAT">
    <editdetail attribution="Reuters BIP Coding Group" action="confirmed" date="1997-04-05"/>
  </code>
  <code code="M14">
    <editdetail attribution="Reuters BIP Coding Group" action="confirmed" date="1997-04-05"/>
  </code>
  <code code="M142">
    <editdetail attribution="Reuters BIP Coding Group" action="confirmed" date="1997-04-05"/>
  </code>
  <code code="MCAT">
    <editdetail attribution="Reuters BIP Coding Group" action="confirmed" date="1997-04-05"/>
  </code>
</codes>
<dc element="dc.date.created" value="1997-04-05"/>
<dc element="dc.publisher" value="Reuters Holdings Plc"/>
<dc element="dc.date.published" value="1997-04-05"/>
<dc element="dc.source" value="Reuters"/>
<dc element="dc.creator.location" value="SHANGHAI"/>
<dc element="dc.creator.location.country.name" value="CHINA"/>
<dc element="dc.source" value="Reuters"/>
</metadata>
</newsitem>
