<?xml version="1.0" encoding="iso-8859-1" ?>
<newsitem itemid="489323" id="root" date="1997-04-05" xml:lang="en">
<title>JORDAN: Jordan stocks hit 1997 low in dismal trade.</title>
<headline>Jordan stocks hit 1997 low in dismal trade.</headline>
<dateline>AMMAN 1997-04-05</dateline>
<text>
<p>Jordanian shares fell in minimal trade on Saturday to their lowest level this year, depressed by political tension in the Middle East and a lack of international buyers over the Western weekend.</p>
<p>The official Amman Financial Market (AFM) index fell 0.12 percent to 151.46 points, its lowest level since December. Turnover of just 122,000 dinars ($172,000) was the lowest in more than a year.</p>
<p>&quot;The market is weak across the board,&quot; said one broker. &quot;Everyone is pessimistic today.&quot;</p>
<p>Only two companines, Jordan Industrial Resources and Arab International for Investment and Education traded more than 10,000 dinars worth of shares. Both stocks fell.</p>
<p>&quot;Local investors are just waiting,&quot; said another broker. &quot;They are holding back because of the Palestinian problems.&quot;</p>
<p>The market was waiting to see if foreign funds would revive the market on Monday or whether they would also steer clear of business, he added.</p>
<p>Overall 18 shares fell on Saturday and 10 rose. Another eight were traded but closed unchanged.</p>
<p>-- Amman newsroom +9626 623776</p>
</text>
<copyright>(c) Reuters Limited 1997</copyright>
<metadata>
<codes class="bip:countries:1.0">
  <code code="JORDAN">
    <editdetail attribution="Reuters BIP Coding Group" action="confirmed" date="1997-04-05"/>
  </code>
</codes>
<codes class="bip:topics:1.0">
  <code code="M11">
    <editdetail attribution="Reuters BIP Coding Group" action="confirmed" date="1997-04-05"/>
  </code>
  <code code="MCAT">
    <editdetail attribution="Reuters BIP Coding Group" action="confirmed" date="1997-04-05"/>
  </code>
</codes>
<dc element="dc.date.created" value="1997-04-05"/>
<dc element="dc.publisher" value="Reuters Holdings Plc"/>
<dc element="dc.date.published" value="1997-04-05"/>
<dc element="dc.source" value="Reuters"/>
<dc element="dc.creator.location" value="AMMAN"/>
<dc element="dc.creator.location.country.name" value="JORDAN"/>
<dc element="dc.source" value="Reuters"/>
</metadata>
</newsitem>
