<?xml version="1.0" encoding="iso-8859-1" ?>
<newsitem itemid="489385" id="root" date="1997-04-05" xml:lang="en">
<title>USA: Phoenix sees Q2 EPS $0.11 to $0.14.</title>
<headline>Phoenix sees Q2 EPS $0.11 to $0.14.</headline>
<dateline>SAN JOSE, Calif 1997-04-04</dateline>
<text>
<p>Phoenix Technologies Ltd said Friday that it expects net income for the second quarter ending March 31 to be $0.11 and $0.14 per share based on nine percent more shares outstanding this year.</p>
<p>First Call estimates for the company were not immediately available, but the company said its year-ago second quarter results were $0.15 per share.</p>
<p>It also said revenues for the quarter are expected to be $18.8 million to $19.5 million, compared with $17.9 million for the 1996 quarter of 1996, but below analysts' estimates.</p>
<p>The company said it would report actual results April 17.</p>
</text>
<copyright>(c) Reuters Limited 1997</copyright>
<metadata>
<codes class="bip:countries:1.0">
  <code code="USA">
    <editdetail attribution="Reuters BIP Coding Group" action="confirmed" date="1997-04-05"/>
  </code>
</codes>
<codes class="bip:industries:1.0">
  <code code="I33020">
    <editdetail attribution="Reuters BIP Coding Group" action="confirmed" date="1997-04-05"/>
  </code>
  <code code="I3302020">
    <editdetail attribution="Reuters BIP Coding Group" action="confirmed" date="1997-04-05"/>
  </code>
</codes>
<codes class="bip:topics:1.0">
  <code code="C15">
    <editdetail attribution="Reuters BIP Coding Group" action="confirmed" date="1997-04-05"/>
  </code>
  <code code="C152">
    <editdetail attribution="Reuters BIP Coding Group" action="confirmed" date="1997-04-05"/>
  </code>
  <code code="CCAT">
    <editdetail attribution="Reuters BIP Coding Group" action="confirmed" date="1997-04-05"/>
  </code>
</codes>
<dc element="dc.date.created" value="1997-04-04"/>
<dc element="dc.publisher" value="Reuters Holdings Plc"/>
<dc element="dc.date.published" value="1997-04-05"/>
<dc element="dc.source" value="Reuters"/>
<dc element="dc.creator.location" value="SAN JOSE, Calif"/>
<dc element="dc.creator.location.country.name" value="USA"/>
<dc element="dc.source" value="Reuters"/>
</metadata>
</newsitem>
