<?xml version="1.0" encoding="iso-8859-1" ?>
<newsitem itemid="489352" id="root" date="1997-04-05" xml:lang="en">
<title>USA: Jordan's Hussein resting after prostate surgery.</title>
<headline>Jordan's Hussein resting after prostate surgery.</headline>
<dateline>ROCHESTER, Minn. 1997-04-05</dateline>
<text>
<p>Jordan's King Hussein was resting comfortably on Saturday after a one-hour operation to correct a benign enlargement of the prostate gland, his physician said in a statement.</p>
<p>No evidence of cancer was found and the operation was not related to surgery the king underwent in August 1992 for cancer, according to a statement from King Hussein's physician, released by the Mayo Clinic on Saturday.</p>
<p>According to Dr. Samir Farraj, who participated in the surgery with a Mayo surgeon, the king was awake during the operation and went through the operation &quot;without problems or discomfort of any kind.&quot;</p>
<p>King Hussein is expected to remain at Rochester Methodist Hospital for three to five days and doctors are expected to recommend restricted physical activity for three to four weeks, according to the statement from Farraj.</p>
<p>Hussein is expected to receive at least one visitor on Sunday -- Israeli Prime Minister Benjamin Netanyahu, who plans to visit the king in the afternoon before a White House meeting with (U.S.) President Bill Clinton on Monday.</p>
<p>The procedure King Hussein underwent on Saturday, a transurethral resection of the prostate, is the surgical procedure most often chosen by urologists to decrease the size of an enlarged prostate, according to the statement. The procedure usually relieves all of the symptoms caused by the enlarged gland, which include obstruction of the flow of urine.</p>
</text>
<copyright>(c) Reuters Limited 1997</copyright>
<metadata>
<codes class="bip:countries:1.0">
  <code code="JORDAN">
    <editdetail attribution="Reuters BIP Coding Group" action="confirmed" date="1997-04-05"/>
  </code>
  <code code="USA">
    <editdetail attribution="Reuters BIP Coding Group" action="confirmed" date="1997-04-05"/>
  </code>
</codes>
<codes class="bip:topics:1.0">
  <code code="GCAT">
    <editdetail attribution="Reuters BIP Coding Group" action="confirmed" date="1997-04-05"/>
  </code>
  <code code="GPOL">
    <editdetail attribution="Reuters BIP Coding Group" action="confirmed" date="1997-04-05"/>
  </code>
</codes>
<dc element="dc.date.created" value="1997-04-05"/>
<dc element="dc.publisher" value="Reuters Holdings Plc"/>
<dc element="dc.date.published" value="1997-04-05"/>
<dc element="dc.source" value="Reuters"/>
<dc element="dc.creator.location" value="ROCHESTER, Minn."/>
<dc element="dc.creator.location.country.name" value="USA"/>
<dc element="dc.source" value="Reuters"/>
</metadata>
</newsitem>
