<?xml version="1.0" encoding="iso-8859-1" ?>
<newsitem itemid="489331" id="root" date="1997-04-05" xml:lang="en">
<title>MOROCCO: PRESS DIGEST - Morocco - April 5.</title>
<headline>PRESS DIGEST - Morocco - April 5.</headline>
<dateline>RABAT 1997-04-05</dateline>
<text>
<p>These are the leading stories in the Moroccan press on Saturday. Reuters has not verified these stories and does not vouch for their accuracy.</p>
<p>L'OPINION</p>
<p>- Morocco and Libya agree to increase trade to $400 million and to set up a joint-venture to manufacture cars.</p>
<p>- Businessmen group meets govenment officials to assess cooperation between the business community and the authorities to spur development.</p>
<p>AL BAYANE</p>
<p>- Andre Azoulay, the king's economic adviser, meets a Malaysian business delegation.</p>
<p>- Petrol station owners threaten to strike on April 16.</p>
<p>ALMAGHRIB</p>
<p>- A French drug trafficker was arrested Morocco, smashing smuggling network in Spain and Morocco.</p>
</text>
<copyright>(c) Reuters Limited 1997</copyright>
<metadata>
<codes class="bip:countries:1.0">
  <code code="MOROC">
    <editdetail attribution="Reuters BIP Coding Group" action="confirmed" date="1997-04-05"/>
  </code>
</codes>
<codes class="bip:topics:1.0">
  <code code="GCAT">
    <editdetail attribution="Reuters BIP Coding Group" action="confirmed" date="1997-04-05"/>
  </code>
</codes>
<dc element="dc.date.created" value="1997-04-05"/>
<dc element="dc.publisher" value="Reuters Holdings Plc"/>
<dc element="dc.date.published" value="1997-04-05"/>
<dc element="dc.source" value="Reuters"/>
<dc element="dc.creator.location" value="RABAT"/>
<dc element="dc.creator.location.country.name" value="MOROCCO"/>
<dc element="dc.source" value="Reuters"/>
</metadata>
</newsitem>
