<?xml version="1.0" encoding="iso-8859-1" ?>
<newsitem itemid="489353" id="root" date="1997-04-05" xml:lang="en">
<title>USA: U.S. switches to daylight time on Sunday.</title>
<headline>U.S. switches to daylight time on Sunday.</headline>
<dateline>WASHINGTON 1997-04-05</dateline>
<text>
<p>Most of the United States switches to daylight saving time on Sunday for the next seven months when clocks are turned ahead one hour at 2 a.m. in each time zone.</p>
<p>There will be no time change in Arizona, Hawaii, the part of Indiana in the eastern time zone, Puerto Rico, the U.S. Virgin Islands and American Samoa which remain on standard time all year.</p>
<p>Daylight time is observed from the first Sunday in April until the last Sunday in October. Standard time returns to the rest of the country this year on Oct. 26.</p>
</text>
<copyright>(c) Reuters Limited 1997</copyright>
<metadata>
<codes class="bip:countries:1.0">
  <code code="USA">
    <editdetail attribution="Reuters BIP Coding Group" action="confirmed" date="1997-04-05"/>
  </code>
</codes>
<codes class="bip:topics:1.0">
  <code code="GCAT">
    <editdetail attribution="Reuters BIP Coding Group" action="confirmed" date="1997-04-05"/>
  </code>
</codes>
<dc element="dc.date.created" value="1997-04-05"/>
<dc element="dc.publisher" value="Reuters Holdings Plc"/>
<dc element="dc.date.published" value="1997-04-05"/>
<dc element="dc.source" value="Reuters"/>
<dc element="dc.creator.location" value="WASHINGTON"/>
<dc element="dc.creator.location.country.name" value="USA"/>
<dc element="dc.source" value="Reuters"/>
</metadata>
</newsitem>
