<?xml version="1.0" encoding="iso-8859-1" ?>
<newsitem itemid="489398" id="root" date="1997-04-05" xml:lang="en">
<title>NETHERLANDS: EU ministers agree detailed EMU budget pact.</title>
<headline>EU ministers agree detailed EMU budget pact.</headline>
<byline>Henry Engler</byline>
<dateline>NOORDWIJK, Netherlands 1997-04-05</dateline>
<text>
<p>European Union finance ministers on Saturday resolved all outstanding differences on a budget accord that would penalise governments running excessive deficits under a single currency.</p>
<p>In a meeting designed to finalise important details of economic and monetary union (EMU) -- set for launch in 1999 -- ministers reached a compromise on whether the fines under a Stability and Growth Pact would be cumulative.</p>
<p>Their agreement, coming amid a period of growing speculation on whether a delay to the single currency's start-date might be needed, gives the project a renewed sense of momentum.</p>
<p>Specifically, the ministers agreed that governments running deficits above three percent of Gross Domestic Product would face a maximum penalty of 0.5 percent of total output per year.</p>
<p>During the first year the fine would include a fixed portion -- 0.2 percent of GDP -- and a variable portion -- an additional 0.1 percent of GDP for every percentage point above the three percent threshold.</p>
<p>Should the offending government fail to bring its finances under control, additional fines, essentially the variable component, would be levied for every year above the target.</p>
<p>While the maximum annual penalty of 0.5 percent of GDP was agreed by EU leaders last December in Dublin, the deal struck on Saturday could in practice mean a much heavier penalty if the deficit lasted for several years.</p>
<p>&quot;This is an application of the Dublin agreement which reinforces the credibility of the Stability and Growth Pact,&quot; French Finance Minister Jean Arthuis told a news conference.</p>
<p>The ministerial gathering also agreed that only countries within EMU could benefit from the fines collected.</p>
<p>Cheered by German Chancellor Helmut Kohl's decision to stand for re-election next year, the ministers, accompanied by central bankers from the 15-nation bloc, are also expected to clarify the timetable for deciding which countries will join EMU.</p>
<p>The preferred time horizon appears to be late-April 1998, a period seen particularly helpful to France which holds parliamentary elections in March next year.</p>
<p>&quot;It's a very reasonable forecast,&quot; Alexandre Lamfalussy, president of the European Monetary Institute, forerunner to a European Central Bank, told reporters.</p>
<p>After weeks of intense speculation that the 1999 start-date might have to be delayed, Kohl's announcement, coupled with recent upbeat German economic figures, should give the group a chance to reaffirm a timely launch for EMU.</p>
<p>&quot;I think the most important function of this meeting is to confirm once again that this process is on track,&quot; Swedish central bank governor Urban Backstrom said.</p>
<p>Uncertainty over Bonn's ability to put its public finances in order in 1997 -- the critical year for those wishing to join the single currency club -- have been primarily behind renewed market speculation that a postponement might be needed.</p>
<p>Budget difficulties have been compounded by record unemployment in Germany and a political backdrop of widening labour unrest and public hostility to a common currency.</p>
<p>But Kohl's decision to stand again gave nearly all the ministers and central bankers renewed confidence in their assessment of the future.</p>
<p>&quot;It is an important decision in favour of the realisation of EMU,&quot; Italian Finance Minister Carlo Azaglio Ciampi told reporters during the meeting in this Dutch resort town.</p>
</text>
<copyright>(c) Reuters Limited 1997</copyright>
<metadata>
<codes class="bip:countries:1.0">
  <code code="EEC">
    <editdetail attribution="Reuters BIP Coding Group" action="confirmed" date="1997-04-05"/>
  </code>
  <code code="NETH">
    <editdetail attribution="Reuters BIP Coding Group" action="confirmed" date="1997-04-05"/>
  </code>
</codes>
<codes class="bip:topics:1.0">
  <code code="E12">
    <editdetail attribution="Reuters BIP Coding Group" action="confirmed" date="1997-04-05"/>
  </code>
  <code code="E21">
    <editdetail attribution="Reuters BIP Coding Group" action="confirmed" date="1997-04-05"/>
  </code>
  <code code="E211">
    <editdetail attribution="Reuters BIP Coding Group" action="confirmed" date="1997-04-05"/>
  </code>
  <code code="ECAT">
    <editdetail attribution="Reuters BIP Coding Group" action="confirmed" date="1997-04-05"/>
  </code>
  <code code="G15">
    <editdetail attribution="Reuters BIP Coding Group" action="confirmed" date="1997-04-05"/>
  </code>
  <code code="G154">
    <editdetail attribution="Reuters BIP Coding Group" action="confirmed" date="1997-04-05"/>
  </code>
  <code code="GCAT">
    <editdetail attribution="Reuters BIP Coding Group" action="confirmed" date="1997-04-05"/>
  </code>
</codes>
<dc element="dc.date.created" value="1997-04-05"/>
<dc element="dc.publisher" value="Reuters Holdings Plc"/>
<dc element="dc.date.published" value="1997-04-05"/>
<dc element="dc.source" value="Reuters"/>
<dc element="dc.creator.location" value="NOORDWIJK, Netherlands"/>
<dc element="dc.creator.location.country.name" value="NETHERLANDS"/>
<dc element="dc.source" value="Reuters"/>
</metadata>
</newsitem>
