<?xml version="1.0" encoding="iso-8859-1" ?>
<newsitem itemid="489349" id="root" date="1997-04-05" xml:lang="en">
<title>USA: Florida police investigating alleged serial killer.</title>
<headline>Florida police investigating alleged serial killer.</headline>
<byline>Brad Liston</byline>
<dateline>ST. AUGUSTINE, Fla. 1997-04-05</dateline>
<text>
<p>Authorities in three states said on Saturday they were hopeful they wouldl be able to close a number of murder cases, some decades old, now that William Darrell Lindsey has been identified as a potential serial killer.</p>
<p>Lindsey, a 61-year-old labourer, was charged in December with murdering a prostitute in Asheville, North Carolina. In January, detectives from St. Augustine, Florida, began to interview him about similar murders in northeast Florida.</p>
<p>St. John's County Sheriff, Neil J. Perry, said Lindsey would be charged with the murders of seven women between 1983 and 1995. Divers searched the murky waters of a gravel pit on Friday after Lindsey told them he had dumped the body of one of his victims there.</p>
<p>On Saturday, law enforcement officials in five other northeastern Florida counties said they would begin to correlate Lindsey's movements with murders in their jurisdictions.</p>
<p>Officials in North Carloina and Virginia, where Lindsey has been known to live, were also looking over old cases.</p>
<p>&quot;Police will be very interested in him because of his age,&quot; Robert Meyers, a forensic psychologist and author of several textbooks on criminal pathology said.</p>
<p>At this point, the earliest murders tied to Lindsey occurred when he was in his late 40s.</p>
<p>&quot;It would be very unusual for a serial killer to begin his career that late in life,&quot; Meyers said. &quot;Typically -- and this man may prove to be atypical -- but typically, serial killers begin killing in their early 20s.&quot;</p>
<p>Meyers said on Saturday it is also unusual for a serial killer to be active into his 60s. &quot;Most are either dead or in prison by their late 30s or early 40s,&quot; he said.</p>
<p>Perry said Lindsey's victims tended to be street women with drug problems. Some had arrest records for prostitution and most were bludgeoned to death and left in remote areas.</p>
<p>Making cases against Lindsey could be slow going, warned Bob Porter, the St. John's County sheriff's official supervising the Lindsey investigation.</p>
<p>&quot;This wasn't a matter of Lindsey coming forward and telling us he killed them,&quot; Porter said, adding that detectives were making little progress with the suspect until they used a female detective to provoke his anger against women in general. Then Lindsey became more cooperative with male detectives.</p>
<p>In one crucial aspect, Lindsey, who grew up in St. Augustine, does not fit the typical serial-killer profile, officials said. He has been married twice and raised five children.</p>
<p>One of Lindsey's sons, Bill Jr., described his father as a caring man who held a succession of odd jobs and struggled to keep his family together.</p>
<p>But a nephew, Fred Marjenhoff, recalled how Lindsey once dealt with a sick puppy.</p>
<p>&quot;It was so sick even the vet couldn't help it,&quot; he said. &quot;I was going to shoot it -- put it out of its misery, but Bill insisted on beating it with a brick. I tried to stop him, but he hit that puppy five or six times on the head before he finally killed it.&quot;</p>
<p>Marjenhoff said he never wanted to be around Lindsey again after that.</p>
</text>
<copyright>(c) Reuters Limited 1997</copyright>
<metadata>
<codes class="bip:countries:1.0">
  <code code="USA">
    <editdetail attribution="Reuters BIP Coding Group" action="confirmed" date="1997-04-05"/>
  </code>
</codes>
<codes class="bip:topics:1.0">
  <code code="GCAT">
    <editdetail attribution="Reuters BIP Coding Group" action="confirmed" date="1997-04-05"/>
  </code>
  <code code="GCRIM">
    <editdetail attribution="Reuters BIP Coding Group" action="confirmed" date="1997-04-05"/>
  </code>
</codes>
<dc element="dc.date.created" value="1997-04-05"/>
<dc element="dc.publisher" value="Reuters Holdings Plc"/>
<dc element="dc.date.published" value="1997-04-05"/>
<dc element="dc.source" value="Reuters"/>
<dc element="dc.creator.location" value="ST. AUGUSTINE, Fla."/>
<dc element="dc.creator.location.country.name" value="USA"/>
<dc element="dc.source" value="Reuters"/>
</metadata>
</newsitem>
