<?xml version="1.0" encoding="iso-8859-1" ?>
<newsitem itemid="489401" id="root" date="1997-04-05" xml:lang="en">
<title>NETHERLANDS: France open to p'ships on Thomson-CSF sale.</title>
<headline>France open to p'ships on Thomson-CSF sale.</headline>
<byline>Myra MacDonald</byline>
<dateline>NOORDWIJK, the Netherlands 1997-04-05</dateline>
<text>
<p>France is open to partnerships among companies bidding to buy defence electronics group Thomson-CSF, French Finance Minister Jean Arthuis said on Saturday.</p>
<p>He had been asked if the government was actively encouraging Britain's GEC to line up with French companies bidding for Thomson-CSF. GEC's own bid was rejected on Friday as against national security interests.</p>
<p>&quot;The government is open to partnerships,&quot; he told a news conference after a meeting of European Union finance ministers in this Dutch seaside town.</p>
<p>&quot;The government is ready to examine offers which include partnerships,&quot; he added.</p>
<p>France on Friday declared as acceptable intentions to bid submitted by electronics-to-publishing group Lagardere and electronics and engineering company Alcatel Alsthom .</p>
<p>&quot;However, because the sale to a foreign company of more than 50 percent of the share capital of Thomson-CSF goes against the interests of national security, the proposal by GEC has not been admitted,&quot; it added.</p>
<p>The French state controls 58 percent of Thomson-CSF.</p>
<p>Arthuis also suggested that bringing a non-French partner into a bid for Thomson-CSF would counter the risk that by rejecting GEC, France would fail in its ambition of creating a big European defence company capable of competing with U.S. giants.</p>
<p>&quot;The principle of a partnership avoids that risk,&quot; he said.</p>
<p>GEC said on Friday that it would hold talks with the two French companies bidding for Thomson-CSF and that the French government had encouraged it to do so.</p>
<p>Analysts had seen its declaration of interest in buying Thomson-CSF as a means of winning a stake in the company, since they said it had always seemed clear France would never allow a defence company to fall into foreign, albeit European, hands.</p>
<p>France had to cancel a previous attempt last year to privatise Thomson-CSF parent Thomson SA after the independent Privatisation Commission objected to the sale of Thomson subsidiary Thomson Multimedia to South Korea's Daewoo Electronics.</p>
<p>The government had already expressed a preference for a bid by Lagardere, which planned to buy all of the Thomson group but sell on Thomson Multimedia to the South Korean company.</p>
<p>Thomson-CSF is now being sold on its own.</p>
</text>
<copyright>(c) Reuters Limited 1997</copyright>
<metadata>
<codes class="bip:countries:1.0">
  <code code="FRA">
    <editdetail attribution="Reuters BIP Coding Group" action="confirmed" date="1997-04-05"/>
  </code>
  <code code="NETH">
    <editdetail attribution="Reuters BIP Coding Group" action="confirmed" date="1997-04-05"/>
  </code>
  <code code="UK">
    <editdetail attribution="Reuters BIP Coding Group" action="confirmed" date="1997-04-05"/>
  </code>
</codes>
<codes class="bip:industries:1.0">
  <code code="I34000">
    <editdetail attribution="Reuters BIP Coding Group" action="confirmed" date="1997-04-05"/>
  </code>
  <code code="I34400">
    <editdetail attribution="Reuters BIP Coding Group" action="confirmed" date="1997-04-05"/>
  </code>
  <code code="I34540">
    <editdetail attribution="Reuters BIP Coding Group" action="confirmed" date="1997-04-05"/>
  </code>
  <code code="I83960">
    <editdetail attribution="Reuters BIP Coding Group" action="confirmed" date="1997-04-05"/>
  </code>
</codes>
<codes class="bip:topics:1.0">
  <code code="C18">
    <editdetail attribution="Reuters BIP Coding Group" action="confirmed" date="1997-04-05"/>
  </code>
  <code code="C181">
    <editdetail attribution="Reuters BIP Coding Group" action="confirmed" date="1997-04-05"/>
  </code>
  <code code="C183">
    <editdetail attribution="Reuters BIP Coding Group" action="confirmed" date="1997-04-05"/>
  </code>
  <code code="CCAT">
    <editdetail attribution="Reuters BIP Coding Group" action="confirmed" date="1997-04-05"/>
  </code>
</codes>
<dc element="dc.date.created" value="1997-04-05"/>
<dc element="dc.publisher" value="Reuters Holdings Plc"/>
<dc element="dc.date.published" value="1997-04-05"/>
<dc element="dc.source" value="Reuters"/>
<dc element="dc.creator.location" value="NOORDWIJK, the Netherlands"/>
<dc element="dc.creator.location.country.name" value="NETHERLANDS"/>
<dc element="dc.source" value="Reuters"/>
</metadata>
</newsitem>
