<?xml version="1.0" encoding="iso-8859-1" ?>
<newsitem itemid="489417" id="root" date="1997-04-05" xml:lang="en">
<title>ITALY: Italy's Prodi rejects talk of govt crisis over Albania.</title>
<headline>Italy's Prodi rejects talk of govt crisis over Albania.</headline>
<byline>Paul Holmes</byline>
<dateline>ROME 1997-04-05</dateline>
<text>
<p>Prime Minister Romano Prodi dismissed talk on Saturday that his government could fall in a rift with a key ally over his plan to send 2,000 Italian troops to Albania at the head of a multinational security force.</p>
<p>&quot;Some people have been betting this government will fall...over Albania,&quot; Prodi told a business gathering in northern Italy.</p>
<p>&quot;I want to say that this government has a long-term outlook. It will maintain it. The government I lead was not born for a short life,&quot; he said.</p>
<p>Prodi is facing the toughest political challenge of his 11 months in office over the refusal of hard left party Communist Refoundation to back the deployment of the first Italian-led multinational force in post-World War Two history.</p>
<p>The party is not part of the centre-left coalition government but Prodi cannot command a majority in the lower house of parliament without its support.</p>
<p>Its leader, Fausto Bertinotti. said on Saturday he did not want to topple Prodi over Albania but insisted his party would vote 'no' when the force deployment is put to ballots in parliament's two houses next week.</p>
<p>&quot;The only room (for manoeuvre) is not to have the military mission. Frankly, it doesn't seem to me that that is the government's intention,&quot; Bertinotti told reporters.</p>
<p>Prodi's victory in the votes on Tuesday and Wednesday is technically not in doubt since he has the backing of the main centre-right opposition bloc. But one big party in the bloc, the hard right National Alliance, said it could change its position.</p>
<p>&quot;We're certainly not prepared to lend our votes in support of a Prodi government that loses the backing of Communist Refoundation,&quot; senior party official Maurizio Gasparri said.</p>
<p>The U.N.-authorised force of some 6,000 men from up to eight nations is due to deploy to Albania in the week starting April 14 to assist an international relief effort to the Balkan state, rocked by weeks of armed anarchy.</p>
<p>Refoundation's resistance has shaken Prodi's unsteady coalition to the core, raised doubts about the reaction if the force runs into trouble and, say Italian commentators, dented Italy's international credibility.</p>
<p>President Oscar Luigi Scalfaro, who would have to decide whether to call an early genral election if Prodi falls, appealed on Saturday for unanimous support for the force.</p>
<p>&quot;National unity in the face of a delicate mission...must not suffer distinctions between government and opposition nor lacerating and dangerous divisions,&quot; he said.</p>
<p>Political sources said Prodi had called a coalition summit for Monday to try to restore unity ahead of the votes in the Senate (upper house) and the Chamber of Deputies (lower house).</p>
<p>Coalition parties are already frustrated by Refoundation's refusal to countenance welfare spending cuts in Prodi's drive to put Italy on course to join Europe's planned single currency.</p>
<p>They now are talking openly of either moving to an early election or ditching Refoundation and trying to form a minority government unless Bertinotti backs down on Albania.</p>
<p>Foreign Minister Lamberto Dini called on Saturday for a swift showdown with Refoundation but said an early election would do more harm than good. &quot;It would mean saying goodbye to Europe,&quot; he said in a reference to Italy's bid to be part of the monetary union.</p>
</text>
<copyright>(c) Reuters Limited 1997</copyright>
<metadata>
<codes class="bip:countries:1.0">
  <code code="ALB">
    <editdetail attribution="Reuters BIP Coding Group" action="confirmed" date="1997-04-05"/>
  </code>
  <code code="ITALY">
    <editdetail attribution="Reuters BIP Coding Group" action="confirmed" date="1997-04-05"/>
  </code>
</codes>
<codes class="bip:topics:1.0">
  <code code="GCAT">
    <editdetail attribution="Reuters BIP Coding Group" action="confirmed" date="1997-04-05"/>
  </code>
  <code code="GDIP">
    <editdetail attribution="Reuters BIP Coding Group" action="confirmed" date="1997-04-05"/>
  </code>
  <code code="GPOL">
    <editdetail attribution="Reuters BIP Coding Group" action="confirmed" date="1997-04-05"/>
  </code>
  <code code="GVIO">
    <editdetail attribution="Reuters BIP Coding Group" action="confirmed" date="1997-04-05"/>
  </code>
</codes>
<dc element="dc.date.created" value="1997-04-05"/>
<dc element="dc.publisher" value="Reuters Holdings Plc"/>
<dc element="dc.date.published" value="1997-04-05"/>
<dc element="dc.source" value="Reuters"/>
<dc element="dc.creator.location" value="ROME"/>
<dc element="dc.creator.location.country.name" value="ITALY"/>
<dc element="dc.source" value="Reuters"/>
</metadata>
</newsitem>
