<?xml version="1.0" encoding="iso-8859-1" ?>
<newsitem itemid="489449" id="root" date="1997-04-05" xml:lang="en">
<title>SRI LANKA: * Sri Lanka key economic indicators April 5.</title>
<headline>* Sri Lanka key economic indicators April 5.</headline>
<text>
<p>............DAILY INDICATORS...</p>
<p>					    FRIDAY		 PREVIOUS</p>
<p>					  ---------		--------</p>
<p>Rupee/US				  58.36		    58.32</p>
<p>Rupee/Stg				 95.87		    95.86</p>
<p>All Share Price Index		641.10		   640.70</p>
<p>Sensitive Index			982.50		   980.20</p>
<p>Daily Turnover (Rs.Mln)	     20.24		    22.59</p>
<p>WEEKLY				   MAR 27		   WEEK AGO</p>
<p>Prime lending rate %		  14.7			 15.0</p>
<p>Treasury bill (1 yr yield)	  13.48			13.92</p>
<p>Call money rate %			9.9			 10.9</p>
<p>Central Bank REPO %		    9.0			  9.3</p>
<p> MONTHLY				    CURRENT	    YEAR-AGO</p>
<p>Growth in:</p>
<p>Consumer price index</p>
<p> (1952=100)(CCPI)	 FEB	   2,031.3	    1,757.7</p>
<p>Annual Average Change   FEB	     16.7%		 9.3%</p>
<p>M1 Rs. Bln.	    END-JAN	    77.6		 73.8</p>
<p>M2 Rs. Bln.	    END-JAN	   252.3		228.0</p>
<p>External Debt	  END-NOV	    $6.5bln	   $6.5bln</p>
<p>Total reserves	 END-JAN     $2,403 million	$2,538 million</p>
<p>Official reserves    END-JAN     $1,867 million	$2,061 million</p>
<p>Trade balance	  END-DEC    $-1,314 million     -$1,504 million</p>
<p>Exports		  END-DEC     $4,103 million	$3,807 million</p>
<p>Imports		  END-DEC     $5,417 million	$5,311 million</p>
<p>Manufacturing ExportsEND-DEC     $3,013 million	$2,870 million</p>
<p>    ANNUAL		  1995	1994	 1993	  1992</p>
<p>				----	----	 ----	  ----</p>
<p>GDP growth rate %	 5.5	  5.6	  6.9	  4.3</p>
<p>Inflation %		 7.7	  8.4	 11.7	 11.4</p>
<p>Budget deficit as</p>
<p>% of GDP		   -8.4	-10.0	 -8.4	 -7.3</p>
<p>Per capita GDP US$	713	 656	   588	  557</p>
<p>Debt service ratio %   13.8	 13.3	 13.8	 17.1</p>
<p>Trade balance US$     -1.4 bln   -1.6 bln   -1.1 bln   -0.9bln</p>
<p>Foreign Reserves US$   2.6 bln    2.6 bln    2.0 bln    1.4bln</p>
<p>Population (million)   18.1	 17.9	 17.6	17.4</p>
<p>Source: Central Bank, Finance &amp; Planning Ministry</p>
</text>
<copyright>(c) Reuters Limited 1997</copyright>
<metadata>
<codes class="bip:countries:1.0">
  <code code="SRILAN">
    <editdetail attribution="Reuters BIP Coding Group" action="confirmed" date="1997-04-05"/>
  </code>
</codes>
<codes class="bip:topics:1.0">
  <code code="E71">
    <editdetail attribution="Reuters BIP Coding Group" action="confirmed" date="1997-04-05"/>
  </code>
  <code code="ECAT">
    <editdetail attribution="Reuters BIP Coding Group" action="confirmed" date="1997-04-05"/>
  </code>
</codes>
<dc element="dc.publisher" value="Reuters Holdings Plc"/>
<dc element="dc.date.published" value="1997-04-05"/>
<dc element="dc.source" value="Reuters"/>
<dc element="dc.creator.location.country.name" value="SRI LANKA"/>
<dc element="dc.source" value="Reuters"/>
</metadata>
</newsitem>
