<?xml version="1.0" encoding="iso-8859-1" ?>
<newsitem itemid="489463" id="root" date="1997-04-05" xml:lang="en">
<title>BANGLADESH: Bangladesh searches for Islamic militants.</title>
<headline>Bangladesh searches for Islamic militants.</headline>
<byline>Nizam Ahmed</byline>
<dateline>CHITTAGONG, Bangladesh 1997-04-05</dateline>
<text>
<p>Bangladesh authorities are hunting unidentified Islamic militants who, according to a press report, are hiding out in the dense forests of Bandarban region in Chittagong Hill Tracts.</p>
<p>The daily newspaper Janakantha, published in Dhaka and four other districts in the country, said on Friday that heavily armed &quot;mujahid&quot; Islamic fighters had been sheltering in Bandarban and training young guerrillas disguised as students.</p>
<p>Bandarbas is one of three Hill Tracts districts where tribal Shanti Bahini guerrillas have waged an insurgency since 1973.</p>
<p>More than 8,500 guerrillas, government troops and civilians have been killed in the rebellion to back the Shanti Bahini's demand for autonomy for the 5,500 sq-mile (14,200 sq-km) Hill Tracts, bordering India and Burma.</p>
<p>Moslem rebels from Burma's western Arakan province had often entered the Bandarban region, counter-insurgency officials said.</p>
<p>&quot;But we have no official report about armed mujahids now hiding in the region,&quot; one official told Reuters on Saturday.</p>
<p>He said local security guards had been asked to look for any mujahid presence and to authorities if anyone suspicious was sighted or arrested.</p>
<p>The Janakantha report said the fighters hiding in the Naikhyangchhari area of Bandarban could be linked to the Islamic Taleban movement in Afghanistan.</p>
<p>The report said the militants possessed modern weapons.</p>
<p>Military sources said they had no confirmation of Taleban or other rebels in the jungles of Bandarban.</p>
<p>&quot;The region had been a safe zone for rebels from Bangladesh, India and Burma until the present government took office last June,&quot; one army officer said.</p>
<p>&quot;But the Awami League government (of Prime Minister Sheikh Hasina) gave instructions immediately after assuming power to clear the area of all illegal concentration,&quot; he told Reuters on Saturday.</p>
<p>&quot;We believe no such camps now exist anywhere in Bangladesh,&quot; he said. Other sources, however, said that &quot;some areas in the Hill Tracts are still difficult to access&quot;.</p>
<p>Bangladesh government has, meanwhile, asked people living along the border with Burma to be on alert for any activity or movement of &quot;Rohingya&quot; Moelsm guerrillas from Arakan.</p>
<p>Rohingya Solidarity Organisation (RSO), which is widely believed to operate a low-key insurgency from hideouts near the frontier, was believed to maintain links with different Islamic militant groups in various countries.</p>
<p>Intelligence sources often spoke of illegal presence of &quot;unarmed mujahids&quot; in Bandarban and neighbouring Cox's Bazar district.</p>
<p>&quot;They are eager to join Moslems fighting against occupation forces in different parts of the world,&quot; one source said.</p>
</text>
<copyright>(c) Reuters Limited 1997</copyright>
<metadata>
<codes class="bip:countries:1.0">
  <code code="BANDH">
    <editdetail attribution="Reuters BIP Coding Group" action="confirmed" date="1997-04-05"/>
  </code>
</codes>
<codes class="bip:topics:1.0">
  <code code="GCAT">
    <editdetail attribution="Reuters BIP Coding Group" action="confirmed" date="1997-04-05"/>
  </code>
  <code code="GVIO">
    <editdetail attribution="Reuters BIP Coding Group" action="confirmed" date="1997-04-05"/>
  </code>
</codes>
<dc element="dc.date.created" value="1997-04-05"/>
<dc element="dc.publisher" value="Reuters Holdings Plc"/>
<dc element="dc.date.published" value="1997-04-05"/>
<dc element="dc.source" value="Reuters"/>
<dc element="dc.creator.location" value="CHITTAGONG, Bangladesh"/>
<dc element="dc.creator.location.country.name" value="BANGLADESH"/>
<dc element="dc.source" value="Reuters"/>
</metadata>
</newsitem>
