<?xml version="1.0" encoding="iso-8859-1" ?>
<newsitem itemid="632661" id="root" date="1997-06-03" xml:lang="en">
<title>USA: U.S. certified coffee stocks down as of June 2.</title>
<headline>U.S. certified coffee stocks down as of June 2.</headline>
<text>
<p>TOTAL ALL WAREHOUSES: June  02 - 45,985 60-kg bags</p>
<p>			    May   30 - 48,235 bags</p>
<p>			    May   29 - 48,235 bags</p>
<p>Latest data as of June 2</p>
<p>Warehouses:  New York   New Orleans	 Miami     Total</p>
<p>Orgins:</p>
<p>Burundi		0		  0	     0	   0</p>
<p>Colombia	 1,016		  0	     0     1,016</p>
<p>Costa Rica	 875	    1,245	     0     2,120</p>
<p>Dominican Rep    250		397	 5,483     6,130</p>
<p>Ecuador		0		  0	     0	   0</p>
<p>Guatemala	2,567	    5,998	 2,000    10,565</p>
<p>Honduras	 1,755	    5,249	 5,750    12,754</p>
<p>India		  0		  0	     0	   0</p>
<p>Mexico	     250	    6,881	     0     7,131</p>
<p>Peru		   0		750	   500     1,250</p>
<p>El Salvador	  0	    4,250	   750     5,000</p>
<p>Nicaragua	    0		  0	     0	   0</p>
<p>Venezuela	    0		  0	    19	  19</p>
<p>Tanzania	     0		  0	     0	   0</p>
<p>TOTAL:	   6,713	   24,770	14,502    45,985</p>
<p>Net Change: down 2,250 bags.</p>
<p>Number of bags pending grading in New York: 570; New Orleans:</p>
<p>0; Miami: 750.</p>
<p>Number of bags graded in New York: 0, New Orleans: 0; Miami:</p>
<p>0.</p>
<p>Number of bags passed in New York: 0, New Orleans: 0; Miami:</p>
<p>0.</p>
<p>--New York Commodity Desk, +1-212-859-1640</p>
</text>
<copyright>(c) Reuters Limited 1997</copyright>
<metadata>
<codes class="bip:countries:1.0">
  <code code="USA">
    <editdetail attribution="Reuters BIP Coding Group" action="confirmed" date="1997-06-03"/>
  </code>
</codes>
<codes class="bip:topics:1.0">
  <code code="M14">
    <editdetail attribution="Reuters BIP Coding Group" action="confirmed" date="1997-06-03"/>
  </code>
  <code code="M141">
    <editdetail attribution="Reuters BIP Coding Group" action="confirmed" date="1997-06-03"/>
  </code>
  <code code="MCAT">
    <editdetail attribution="Reuters BIP Coding Group" action="confirmed" date="1997-06-03"/>
  </code>
</codes>
<dc element="dc.publisher" value="Reuters Holdings Plc"/>
<dc element="dc.date.published" value="1997-06-03"/>
<dc element="dc.source" value="Reuters"/>
<dc element="dc.creator.location.country.name" value="USA"/>
<dc element="dc.source" value="Reuters"/>
</metadata>
</newsitem>
