<?xml version="1.0" encoding="iso-8859-1" ?>
<newsitem itemid="632753" id="root" date="1997-06-03" xml:lang="en">
<title>USA: Dow jumps, then fades as blue chips turn choppy.</title>
<headline>Dow jumps, then fades as blue chips turn choppy.</headline>
<dateline>NEW YORK 1997-06-03</dateline>
<text>
<p>U.S. blue chips bounced higher in late afternoon on Tuesday, triggering program trading curbs on the New York Stock Exchange for a second time today.</p>
<p>Within minutes, however, the Dow settled back to the moderately higher levels it had maintained for most of the afternoon. With just minutes to go in the session, the Dow stood at 7328, up 38 points.</p>
<p>The NYSE reimposed index-arbitrage curbs at 1535 EDT/1935 GMT when the Dow's late rally pushed its gains past the 50-point mark.</p>
<p>((-- Wall Street desk, 212-859-1730))</p>
</text>
<copyright>(c) Reuters Limited 1997</copyright>
<metadata>
<codes class="bip:countries:1.0">
  <code code="USA">
    <editdetail attribution="Reuters BIP Coding Group" action="confirmed" date="1997-06-03"/>
  </code>
</codes>
<codes class="bip:topics:1.0">
  <code code="M11">
    <editdetail attribution="Reuters BIP Coding Group" action="confirmed" date="1997-06-03"/>
  </code>
  <code code="MCAT">
    <editdetail attribution="Reuters BIP Coding Group" action="confirmed" date="1997-06-03"/>
  </code>
</codes>
<dc element="dc.date.created" value="1997-06-03"/>
<dc element="dc.publisher" value="Reuters Holdings Plc"/>
<dc element="dc.date.published" value="1997-06-03"/>
<dc element="dc.source" value="Reuters"/>
<dc element="dc.creator.location" value="NEW YORK"/>
<dc element="dc.creator.location.country.name" value="USA"/>
<dc element="dc.source" value="Reuters"/>
</metadata>
</newsitem>
