<?xml version="1.0" encoding="iso-8859-1" ?>
<newsitem itemid="632795" id="root" date="1997-06-03" xml:lang="en">
<title>USA: Goodyear sues Bridgestone-Firestone over advertising.</title>
<headline>Goodyear sues Bridgestone-Firestone over advertising.</headline>
<dateline>AKRON, Ohio 1997-06-03</dateline>
<text>
<p>Goodyear Tire &amp; Rubber Co., the largest U.S. tiremaker, said Tuesday it filed a federal lawsuit against its largest competitor, Bridgestone Corp.'s Bridgestone-Firestone Inc. unit, charging false advertising and unfair and deceptive trade practices.</p>
<p>The lawsuit alleges Bridgestone-Firestone's ongoing national promotional campaign for its new FT70c tire uses false and misleading statements regarding its stopping perfomance against Goodyear's Aquatred II, Goodyear said.</p>
</text>
<copyright>(c) Reuters Limited 1997</copyright>
<metadata>
<codes class="bip:countries:1.0">
  <code code="USA">
    <editdetail attribution="Reuters BIP Coding Group" action="confirmed" date="1997-06-03"/>
  </code>
</codes>
<codes class="bip:industries:1.0">
  <code code="I48100">
    <editdetail attribution="Reuters BIP Coding Group" action="confirmed" date="1997-06-03"/>
  </code>
  <code code="I48110">
    <editdetail attribution="Reuters BIP Coding Group" action="confirmed" date="1997-06-03"/>
  </code>
</codes>
<codes class="bip:topics:1.0">
  <code code="C12">
    <editdetail attribution="Reuters BIP Coding Group" action="confirmed" date="1997-06-03"/>
  </code>
  <code code="CCAT">
    <editdetail attribution="Reuters BIP Coding Group" action="confirmed" date="1997-06-03"/>
  </code>
  <code code="GCAT">
    <editdetail attribution="Reuters BIP Coding Group" action="confirmed" date="1997-06-03"/>
  </code>
  <code code="GCRIM">
    <editdetail attribution="Reuters BIP Coding Group" action="confirmed" date="1997-06-03"/>
  </code>
</codes>
<dc element="dc.date.created" value="1997-06-03"/>
<dc element="dc.publisher" value="Reuters Holdings Plc"/>
<dc element="dc.date.published" value="1997-06-03"/>
<dc element="dc.source" value="Reuters"/>
<dc element="dc.creator.location" value="AKRON, Ohio"/>
<dc element="dc.creator.location.country.name" value="USA"/>
<dc element="dc.source" value="Reuters"/>
</metadata>
</newsitem>
