<?xml version="1.0" encoding="iso-8859-1" ?>
<newsitem itemid="632711" id="root" date="1997-06-03" xml:lang="en">
<title>USA: AFTER THE BELL - Integrated Systems down.</title>
<headline>AFTER THE BELL - Integrated Systems down.</headline>
<dateline>NEW YORK 1997-06-03</dateline>
<text>
<p>Integrated Systems Inc fell to 10 in after-hours trading from its close of 13-15/16 on the Nasdaq after it said it expected lower first-quarter earnings, dealers said Tuesday.  </p>
<p>The software developer said it expected to report earnings between $0.01 a share and $0.03 a share for the first quarter of fiscal 1998.</p>
<p>First Call's consensus among analysts had forecast its earnings at $0.06 a share.</p>
<p>Another trader said most of stocks remained fairly quiet.</p>
<p>&quot;There's really nothing that's jumping,&quot; he said.</p>
<p>The New York Stock Exchange said Tuesday that session one had a volume of 156,000 shares, compared with a much smaller 12,600. Session two had 4.3 million against 481,500, it said.</p>
</text>
<copyright>(c) Reuters Limited 1997</copyright>
<metadata>
<codes class="bip:countries:1.0">
  <code code="USA">
    <editdetail attribution="Reuters BIP Coding Group" action="confirmed" date="1997-06-03"/>
  </code>
</codes>
<codes class="bip:industries:1.0">
  <code code="I33020">
    <editdetail attribution="Reuters BIP Coding Group" action="confirmed" date="1997-06-03"/>
  </code>
  <code code="I3302021">
    <editdetail attribution="Reuters BIP Coding Group" action="confirmed" date="1997-06-03"/>
  </code>
</codes>
<codes class="bip:topics:1.0">
  <code code="C15">
    <editdetail attribution="Reuters BIP Coding Group" action="confirmed" date="1997-06-03"/>
  </code>
  <code code="C152">
    <editdetail attribution="Reuters BIP Coding Group" action="confirmed" date="1997-06-03"/>
  </code>
  <code code="CCAT">
    <editdetail attribution="Reuters BIP Coding Group" action="confirmed" date="1997-06-03"/>
  </code>
</codes>
<dc element="dc.date.created" value="1997-06-03"/>
<dc element="dc.publisher" value="Reuters Holdings Plc"/>
<dc element="dc.date.published" value="1997-06-03"/>
<dc element="dc.source" value="Reuters"/>
<dc element="dc.creator.location" value="NEW YORK"/>
<dc element="dc.creator.location.country.name" value="USA"/>
<dc element="dc.source" value="Reuters"/>
</metadata>
</newsitem>
