<?xml version="1.0" encoding="iso-8859-1" ?>
<newsitem itemid="632705" id="root" date="1997-06-03" xml:lang="en">
<title>USA: Provident American to post Q2 loss.</title>
<headline>Provident American to post Q2 loss.</headline>
<dateline>NORRISTOWN, Pa. 1997-06-03</dateline>
<text>
<p>Provident American Corp said on Tuesday that it will post a second quarter loss in the second quarter after it increased reserves in the range of $3 million to $5 million.</p>
<p>The company increased reserves because it expects a greater than expected loss ratio associated with higher out of network use by policyholers of its Solution health care plan, Provident said.  </p>
<p>Provident said it expects to report sequential operating earnings for the second half of 1997 and increased profitability for 1998.</p>
<p>After this adjustment, the company's capital will exceed its risk based capital requirements.</p>
<p>&quot;Recent developments indicated higher than expected loss ratios for our lower deductible and managed care plans,&quot; president and chief operating officer Jim Bowles said in a statement.</p>
<p>Provident said it has begun implementing more aggressive price increases for its lower deductible plans and changed its managed care plans so policy holders pay more when they are treated by doctors and hospitals outside the HealthCare COMPARE Corp network.</p>
<p>The company said it intends to boost use of the healthcare network to more than 85 percent from the present 50 percent. Provident said initial pricing of the plan was based on 80 percent use of the network.</p>
<p>Provident receives discounts up to 40 percent when its insureds use doctors and hospitals within HealthCare COMPARE's network, it said.</p>
</text>
<copyright>(c) Reuters Limited 1997</copyright>
<metadata>
<codes class="bip:countries:1.0">
  <code code="USA">
    <editdetail attribution="Reuters BIP Coding Group" action="confirmed" date="1997-06-03"/>
  </code>
</codes>
<codes class="bip:industries:1.0">
  <code code="I82000">
    <editdetail attribution="Reuters BIP Coding Group" action="confirmed" date="1997-06-03"/>
  </code>
</codes>
<codes class="bip:topics:1.0">
  <code code="C15">
    <editdetail attribution="Reuters BIP Coding Group" action="confirmed" date="1997-06-03"/>
  </code>
  <code code="C152">
    <editdetail attribution="Reuters BIP Coding Group" action="confirmed" date="1997-06-03"/>
  </code>
  <code code="CCAT">
    <editdetail attribution="Reuters BIP Coding Group" action="confirmed" date="1997-06-03"/>
  </code>
</codes>
<dc element="dc.date.created" value="1997-06-03"/>
<dc element="dc.publisher" value="Reuters Holdings Plc"/>
<dc element="dc.date.published" value="1997-06-03"/>
<dc element="dc.source" value="Reuters"/>
<dc element="dc.creator.location" value="NORRISTOWN, Pa."/>
<dc element="dc.creator.location.country.name" value="USA"/>
<dc element="dc.source" value="Reuters"/>
</metadata>
</newsitem>
