<?xml version="1.0" encoding="iso-8859-1" ?>
<newsitem itemid="632806" id="root" date="1997-06-03" xml:lang="en">
<title>USA: Firearms Training gets FBI, NYPD contracts.</title>
<headline>Firearms Training gets FBI, NYPD contracts.</headline>
<dateline>SUWANEE, Ga. 1997-06-03</dateline>
<text>
<p>Firearms Training Systems Inc said Tuesday it has won contracts to supply the Federal Bureau of Investigation and the New York Police Department with interactive firearms training simulation systems.</p>
<p>A company spokeswoman would not disclose the total value of the contracts but said they are worth &quot;a few hundred thousand dollars.&quot;</p>
<p>Both the FBI and the New York police use Firearms training systems already, the company said.</p>
<p>The FBI has ordered 10 additional systems, it said. The New York police ordered four new systems and an upgrade of an existing system.</p>
</text>
<copyright>(c) Reuters Limited 1997</copyright>
<metadata>
<codes class="bip:countries:1.0">
  <code code="USA">
    <editdetail attribution="Reuters BIP Coding Group" action="confirmed" date="1997-06-03"/>
  </code>
</codes>
<codes class="bip:industries:1.0">
  <code code="I83954">
    <editdetail attribution="Reuters BIP Coding Group" action="confirmed" date="1997-06-03"/>
  </code>
</codes>
<codes class="bip:topics:1.0">
  <code code="C33">
    <editdetail attribution="Reuters BIP Coding Group" action="confirmed" date="1997-06-03"/>
  </code>
  <code code="CCAT">
    <editdetail attribution="Reuters BIP Coding Group" action="confirmed" date="1997-06-03"/>
  </code>
</codes>
<dc element="dc.date.created" value="1997-06-03"/>
<dc element="dc.publisher" value="Reuters Holdings Plc"/>
<dc element="dc.date.published" value="1997-06-03"/>
<dc element="dc.source" value="Reuters"/>
<dc element="dc.creator.location" value="SUWANEE, Ga."/>
<dc element="dc.creator.location.country.name" value="USA"/>
<dc element="dc.source" value="Reuters"/>
</metadata>
</newsitem>
