<?xml version="1.0" encoding="iso-8859-1" ?>
<newsitem itemid="632850" id="root" date="1997-06-03" xml:lang="en">
<title>USA: Appeal filed in Tampa, Fla., Bucs bond case.</title>
<headline>Appeal filed in Tampa, Fla., Bucs bond case.</headline>
<dateline>TAMPA, Fla. 1997-06-03</dateline>
<text>
<p>Former Tampa Mayor Bill Poe has appealed the Florida Supreme Court's validation of $204.5 million of revenue bonds for the Buccaneers new stadium.</p>
<p>There has been no decision yet on whether to delay the bond sale, an assistant to the Tampa Sports Authority's executive director said Tuesday. Pricing is set for next week via Smith Barney.</p>
<p>Poe filed his request for a rehearing with the state Supreme Court late Monday, just minutes before the appeal deadline expired. The court clerk said there had been no ruling on the request Tuesday, and no hearing scheduled.</p>
<p>Poe has argued that the project would unconstitutionally use public money to benefit the private, for-profit football team.</p>
<p>The Florida Supreme Court unanimously rejected that argument when they validated the bond issue on May 22. The court said local officials acted within their authority when they agreed to build the stadium to keep the team from moving away.</p>
<p>Hillsborough County voters approved a sales tax increase for the stadium and other projects last fall. Construction on the 65,000-seat stadium began immediately, but without the bond proceeds, the county and City of Tampa will have only enough money to continue construction through July 1.</p>
<p>((--Jane Sutton, 305-374-5013))</p>
</text>
<copyright>(c) Reuters Limited 1997</copyright>
<metadata>
<codes class="bip:countries:1.0">
  <code code="USA">
    <editdetail attribution="Reuters BIP Coding Group" action="confirmed" date="1997-06-03"/>
  </code>
</codes>
<codes class="bip:industries:1.0">
  <code code="I50100">
    <editdetail attribution="Reuters BIP Coding Group" action="confirmed" date="1997-06-03"/>
  </code>
  <code code="I5010031">
    <editdetail attribution="Reuters BIP Coding Group" action="confirmed" date="1997-06-03"/>
  </code>
</codes>
<codes class="bip:topics:1.0">
  <code code="C17">
    <editdetail attribution="Reuters BIP Coding Group" action="confirmed" date="1997-06-03"/>
  </code>
  <code code="C24">
    <editdetail attribution="Reuters BIP Coding Group" action="confirmed" date="1997-06-03"/>
  </code>
  <code code="CCAT">
    <editdetail attribution="Reuters BIP Coding Group" action="confirmed" date="1997-06-03"/>
  </code>
  <code code="E21">
    <editdetail attribution="Reuters BIP Coding Group" action="confirmed" date="1997-06-03"/>
  </code>
  <code code="E212">
    <editdetail attribution="Reuters BIP Coding Group" action="confirmed" date="1997-06-03"/>
  </code>
  <code code="ECAT">
    <editdetail attribution="Reuters BIP Coding Group" action="confirmed" date="1997-06-03"/>
  </code>
  <code code="GCAT">
    <editdetail attribution="Reuters BIP Coding Group" action="confirmed" date="1997-06-03"/>
  </code>
  <code code="GCRIM">
    <editdetail attribution="Reuters BIP Coding Group" action="confirmed" date="1997-06-03"/>
  </code>
</codes>
<dc element="dc.date.created" value="1997-06-03"/>
<dc element="dc.publisher" value="Reuters Holdings Plc"/>
<dc element="dc.date.published" value="1997-06-03"/>
<dc element="dc.source" value="Reuters"/>
<dc element="dc.creator.location" value="TAMPA, Fla."/>
<dc element="dc.creator.location.country.name" value="USA"/>
<dc element="dc.source" value="Reuters"/>
</metadata>
</newsitem>
