<?xml version="1.0" encoding="iso-8859-1" ?>
<newsitem itemid="632880" id="root" date="1997-06-03" xml:lang="en">
<title>USA: Revlon unit signs $750 mln credit facility.</title>
<headline>Revlon unit signs $750 mln credit facility.</headline>
<dateline>NEW YORK 1997-06-03</dateline>
<text>
<p>Revlon Consumer Products Corp, a wholly owned subsidiary of Revlon Inc, said Tuesday that it had signed a $750 million credit agreement.</p>
<p>Revlon said the proceeds will be used to refinance, at lower interest rates and on more favorable terms, its existing facility and to redeem Revlon's 10-7/8 percent Sinking Fund Debentures due 2010.</p>
<p>The company said it expects to record an extraordinary item related to the early extinguishment of debt of about $15 million in the second quarter.</p>
<p>Revlon indicated that it expected to redeem the Debentures on or about July 15, 1997.</p>
</text>
<copyright>(c) Reuters Limited 1997</copyright>
<metadata>
<codes class="bip:countries:1.0">
  <code code="USA">
    <editdetail attribution="Reuters BIP Coding Group" action="confirmed" date="1997-06-03"/>
  </code>
</codes>
<codes class="bip:industries:1.0">
  <code code="I25800">
    <editdetail attribution="Reuters BIP Coding Group" action="confirmed" date="1997-06-03"/>
  </code>
</codes>
<codes class="bip:topics:1.0">
  <code code="C17">
    <editdetail attribution="Reuters BIP Coding Group" action="confirmed" date="1997-06-03"/>
  </code>
  <code code="C172">
    <editdetail attribution="Reuters BIP Coding Group" action="confirmed" date="1997-06-03"/>
  </code>
  <code code="C173">
    <editdetail attribution="Reuters BIP Coding Group" action="confirmed" date="1997-06-03"/>
  </code>
  <code code="CCAT">
    <editdetail attribution="Reuters BIP Coding Group" action="confirmed" date="1997-06-03"/>
  </code>
</codes>
<dc element="dc.date.created" value="1997-06-03"/>
<dc element="dc.publisher" value="Reuters Holdings Plc"/>
<dc element="dc.date.published" value="1997-06-03"/>
<dc element="dc.source" value="Reuters"/>
<dc element="dc.creator.location" value="NEW YORK"/>
<dc element="dc.creator.location.country.name" value="USA"/>
<dc element="dc.source" value="Reuters"/>
</metadata>
</newsitem>
