<?xml version="1.0" encoding="iso-8859-1" ?>
<newsitem itemid="632856" id="root" date="1997-06-03" xml:lang="en">
<title>USA: Enron to take $300 mln equity in Italy deal.</title>
<headline>Enron to take $300 mln equity in Italy deal.</headline>
<dateline>NEW YORK 1997-06-03</dateline>
<text>
<p>Enron Corp said that it would take a $300 million equity stake in its proposed electricity generating joint venture with Italy's Ente Nazionale per l'Energia Elettrica SpA (ENEL) and its Italian partner will take a similar amount.</p>
<p>A spokeswoman for the company said that the venture, for which a letter of intent had been signed in Houston on Tuesday, would also said some $2.4 billion in debt.</p>
<p>&quot;These figures are preliminary and many details of the venture need to be worked out,&quot; she said. ((-- David Chance New York Newsroom 212 859 1902))</p>
</text>
<copyright>(c) Reuters Limited 1997</copyright>
<metadata>
<codes class="bip:countries:1.0">
  <code code="ITALY">
    <editdetail attribution="Reuters BIP Coding Group" action="confirmed" date="1997-06-03"/>
  </code>
  <code code="USA">
    <editdetail attribution="Reuters BIP Coding Group" action="confirmed" date="1997-06-03"/>
  </code>
</codes>
<codes class="bip:industries:1.0">
  <code code="I13000">
    <editdetail attribution="Reuters BIP Coding Group" action="confirmed" date="1997-06-03"/>
  </code>
  <code code="I16100">
    <editdetail attribution="Reuters BIP Coding Group" action="confirmed" date="1997-06-03"/>
  </code>
</codes>
<codes class="bip:topics:1.0">
  <code code="C11">
    <editdetail attribution="Reuters BIP Coding Group" action="confirmed" date="1997-06-03"/>
  </code>
  <code code="CCAT">
    <editdetail attribution="Reuters BIP Coding Group" action="confirmed" date="1997-06-03"/>
  </code>
</codes>
<dc element="dc.date.created" value="1997-06-03"/>
<dc element="dc.publisher" value="Reuters Holdings Plc"/>
<dc element="dc.date.published" value="1997-06-03"/>
<dc element="dc.source" value="Reuters"/>
<dc element="dc.creator.location" value="NEW YORK"/>
<dc element="dc.creator.location.country.name" value="USA"/>
<dc element="dc.source" value="Reuters"/>
</metadata>
</newsitem>
