<?xml version="1.0" encoding="iso-8859-1" ?>
<newsitem itemid="632825" id="root" date="1997-06-03" xml:lang="en">
<title>USA: Summit Technology in class action suit.</title>
<headline>Summit Technology in class action suit.</headline>
<dateline>PHILADELPHIA 1997-06-03</dateline>
<text>
<p>A class action suit against Summit Technology Inc was filed in U.S. District Court in Boston on Tuesday, attorneys for the plaintiffs said.</p>
<p>The firm of Savett, Frutkin, Podell &amp; Ryan PC said the suit was filed on behalf of anyone who bought Summit call options or sold Summit put option between March 31, 1995, and July 3, 1996.</p>
<p>The suit alleges that Summit and five senior officers made materially false and misleading statements and omitted material facts concerning the marketing and selling of Summit's excimer lasers, the attorneys said.  The statements and omissions caused damage to traders of Summit options during the class period, they said.</p>
<p>Summit officials could not immediately be reached for comment.</p>
</text>
<copyright>(c) Reuters Limited 1997</copyright>
<metadata>
<codes class="bip:countries:1.0">
  <code code="USA">
    <editdetail attribution="Reuters BIP Coding Group" action="confirmed" date="1997-06-03"/>
  </code>
</codes>
<codes class="bip:industries:1.0">
  <code code="I37200">
    <editdetail attribution="Reuters BIP Coding Group" action="confirmed" date="1997-06-03"/>
  </code>
</codes>
<codes class="bip:topics:1.0">
  <code code="C12">
    <editdetail attribution="Reuters BIP Coding Group" action="confirmed" date="1997-06-03"/>
  </code>
  <code code="CCAT">
    <editdetail attribution="Reuters BIP Coding Group" action="confirmed" date="1997-06-03"/>
  </code>
  <code code="GCAT">
    <editdetail attribution="Reuters BIP Coding Group" action="confirmed" date="1997-06-03"/>
  </code>
  <code code="GCRIM">
    <editdetail attribution="Reuters BIP Coding Group" action="confirmed" date="1997-06-03"/>
  </code>
</codes>
<dc element="dc.date.created" value="1997-06-03"/>
<dc element="dc.publisher" value="Reuters Holdings Plc"/>
<dc element="dc.date.published" value="1997-06-03"/>
<dc element="dc.source" value="Reuters"/>
<dc element="dc.creator.location" value="PHILADELPHIA"/>
<dc element="dc.creator.location.country.name" value="USA"/>
<dc element="dc.source" value="Reuters"/>
</metadata>
</newsitem>
