<?xml version="1.0" encoding="iso-8859-1" ?>
<newsitem itemid="632858" id="root" date="1997-06-03" xml:lang="en">
<title>USA: Krause's Q1 shr loss $0.08 vs loss $0.88.</title>
<headline>Krause's Q1 shr loss $0.08 vs loss $0.88.</headline>
<dateline>BREA, Calif. 1997-06-03</dateline>
<text>
<p>KRAUSE'S FURNITURE INC.</p>
<p>			CONSOLIDATED STATEMENT OF OPERATIONS</p>
<p>			(In thousands, except per share data)</p>
<p>						  13 Wks	     13 Wks</p>
<p>						  Ended		 Ended</p>
<p>						 5/4/97	     4/28/96</p>
<p> Net furniture sales		    $ 27,642	   $ 29,637</p>
<p> Cost of sales				13,275	     15,723</p>
<p> Gross profit				 14,367	     13,914</p>
<p>Operating expenses:</p>
<p>   Selling				    13,028	     14,469</p>
<p>   General &amp; administrative		2,296		2,696</p>
<p>   Amortization of goodwill		  255		  255</p>
<p>						  15,579	     17,420</p>
<p> Loss from operations		    (1,212)	    (3,506)</p>
<p> Interest expense				340		  182</p>
<p> Other income (expense)		     (15)		   51</p>
<p> Net loss				    (1,567)	    (3,637)</p>
<p> Net loss per share			 (0.08)	     (0.88)</p>
<p>Average number of common</p>
<p>  shares outstanding			19,021		4,121</p>
</text>
<copyright>(c) Reuters Limited 1997</copyright>
<metadata>
<codes class="bip:countries:1.0">
  <code code="USA">
    <editdetail attribution="Reuters BIP Coding Group" action="confirmed" date="1997-06-03"/>
  </code>
</codes>
<codes class="bip:industries:1.0">
  <code code="I83960">
    <editdetail attribution="Reuters BIP Coding Group" action="confirmed" date="1997-06-03"/>
  </code>
</codes>
<codes class="bip:topics:1.0">
  <code code="C15">
    <editdetail attribution="Reuters BIP Coding Group" action="confirmed" date="1997-06-03"/>
  </code>
  <code code="C151">
    <editdetail attribution="Reuters BIP Coding Group" action="confirmed" date="1997-06-03"/>
  </code>
  <code code="CCAT">
    <editdetail attribution="Reuters BIP Coding Group" action="confirmed" date="1997-06-03"/>
  </code>
</codes>
<dc element="dc.date.created" value="1997-06-03"/>
<dc element="dc.publisher" value="Reuters Holdings Plc"/>
<dc element="dc.date.published" value="1997-06-03"/>
<dc element="dc.source" value="Reuters"/>
<dc element="dc.creator.location" value="BREA, Calif."/>
<dc element="dc.creator.location.country.name" value="USA"/>
<dc element="dc.source" value="Reuters"/>
</metadata>
</newsitem>
