<?xml version="1.0" encoding="iso-8859-1" ?>
<newsitem itemid="632824" id="root" date="1997-06-03" xml:lang="en">
<title>USA: Equitable unit wins $150 mln contract.</title>
<headline>Equitable unit wins $150 mln contract.</headline>
<dateline>PITTSBURGH 1997-06-03</dateline>
<text>
<p>Equitable Resources Inc said on Tuesday that its ERI Services unit won an energy savings performance contract valued at $150 million from the U.S. Department of Energy.</p>
<p>ERI is among five companies selected from 21 bidders for a project that will total $750 million, Equitable said.</p>
<p>Under the new contracts, energy service companies like ERI will install energy-saving technologies and equipment in federal buildings at no upfront cost to the government.  In return, the companies will receive, for a designated number of years, a percentage of the energy savings that are realized.  </p>
<p>ERI Services recently was awarded a similar order valued at $100 million for energy performance contracting by the Army Corps of Engineers for four southeastern states, the company said.</p>
<p>&quot;The overall effect of such programs, in addition to saving taxpayers' money, will be to increase the demand for these technologies in other sectors,&quot; said ERI president Frederick Abrew.</p>
<p>Over the next two years the federal government expects to award an additional $6.5 billion in energy performance contracts, the company said.</p>
<p>ERI Services, the newest of three primary business segments within the parent company Equitable Resources, delivers customized energy solutions to businesses seeking to improve their total energy efficiency.</p>
</text>
<copyright>(c) Reuters Limited 1997</copyright>
<metadata>
<codes class="bip:countries:1.0">
  <code code="USA">
    <editdetail attribution="Reuters BIP Coding Group" action="confirmed" date="1997-06-03"/>
  </code>
</codes>
<codes class="bip:industries:1.0">
  <code code="I16200">
    <editdetail attribution="Reuters BIP Coding Group" action="confirmed" date="1997-06-03"/>
  </code>
</codes>
<codes class="bip:topics:1.0">
  <code code="C33">
    <editdetail attribution="Reuters BIP Coding Group" action="confirmed" date="1997-06-03"/>
  </code>
  <code code="CCAT">
    <editdetail attribution="Reuters BIP Coding Group" action="confirmed" date="1997-06-03"/>
  </code>
</codes>
<dc element="dc.date.created" value="1997-06-03"/>
<dc element="dc.publisher" value="Reuters Holdings Plc"/>
<dc element="dc.date.published" value="1997-06-03"/>
<dc element="dc.source" value="Reuters"/>
<dc element="dc.creator.location" value="PITTSBURGH"/>
<dc element="dc.creator.location.country.name" value="USA"/>
<dc element="dc.source" value="Reuters"/>
</metadata>
</newsitem>
