<?xml version="1.0" encoding="iso-8859-1" ?>
<newsitem itemid="632863" id="root" date="1997-06-03" xml:lang="en">
<title>USA: Carrington Labs says CFO resigns.</title>
<headline>Carrington Labs says CFO resigns.</headline>
<dateline>IRVING, Texas 1997-06-03</dateline>
<text>
<p>Carrington Laboratories Inc said on Tuesday that Sheri Pantermuehl, its chief financial officer and treasurer, resigned to pursue other business opportunities.</p>
<p>The company said no replacement was named to take Pantermuehl's place. &quot;The company will evaluate its needs and begin a search as appropriate,&quot; it said in a statement.</p>
<p>Pantermuehl had been with the company for three years, serving as controller from June 1994 until October 1995 when she became CFO and treasurer.</p>
<p>Carrington is a research-based pharmaceutical and medical device company.</p>
</text>
<copyright>(c) Reuters Limited 1997</copyright>
<metadata>
<codes class="bip:countries:1.0">
  <code code="USA">
    <editdetail attribution="Reuters BIP Coding Group" action="confirmed" date="1997-06-03"/>
  </code>
</codes>
<codes class="bip:industries:1.0">
  <code code="I61000">
    <editdetail attribution="Reuters BIP Coding Group" action="confirmed" date="1997-06-03"/>
  </code>
</codes>
<codes class="bip:topics:1.0">
  <code code="C41">
    <editdetail attribution="Reuters BIP Coding Group" action="confirmed" date="1997-06-03"/>
  </code>
  <code code="C411">
    <editdetail attribution="Reuters BIP Coding Group" action="confirmed" date="1997-06-03"/>
  </code>
  <code code="CCAT">
    <editdetail attribution="Reuters BIP Coding Group" action="confirmed" date="1997-06-03"/>
  </code>
</codes>
<dc element="dc.date.created" value="1997-06-03"/>
<dc element="dc.publisher" value="Reuters Holdings Plc"/>
<dc element="dc.date.published" value="1997-06-03"/>
<dc element="dc.source" value="Reuters"/>
<dc element="dc.creator.location" value="IRVING, Texas"/>
<dc element="dc.creator.location.country.name" value="USA"/>
<dc element="dc.source" value="Reuters"/>
</metadata>
</newsitem>
