<?xml version="1.0" encoding="iso-8859-1" ?>
<newsitem itemid="632899" id="root" date="1997-06-03" xml:lang="en">
<title>USA: BEFORE THE BELL - Cabletron, networkers fall.</title>
<headline>BEFORE THE BELL - Cabletron, networkers fall.</headline>
<dateline>NEW YORK 1997-06-03</dateline>
<text>
<p>Cabletron Systems Inc's warning of first quarter results failing to meet analysts' estimates drove the computer networker's stock sharply lower before Tuesday's market open, traders said.</p>
<p>In early third market trade, Cabletron tumbled to 35 from last night's closing price of 45-3/4, they said.</p>
<p>Other networking stocks weakened on the news, announced after Monday's market close.</p>
<p>Cabletron said it expects to report first quarter income of about $0.37 per share versus the First Call consensus estimate of $0.50 per share.</p>
</text>
<copyright>(c) Reuters Limited 1997</copyright>
<metadata>
<codes class="bip:countries:1.0">
  <code code="USA">
    <editdetail attribution="Reuters BIP Coding Group" action="confirmed" date="1997-06-03"/>
  </code>
</codes>
<codes class="bip:industries:1.0">
  <code code="I33030">
    <editdetail attribution="Reuters BIP Coding Group" action="confirmed" date="1997-06-03"/>
  </code>
</codes>
<codes class="bip:topics:1.0">
  <code code="C15">
    <editdetail attribution="Reuters BIP Coding Group" action="confirmed" date="1997-06-03"/>
  </code>
  <code code="C152">
    <editdetail attribution="Reuters BIP Coding Group" action="confirmed" date="1997-06-03"/>
  </code>
  <code code="CCAT">
    <editdetail attribution="Reuters BIP Coding Group" action="confirmed" date="1997-06-03"/>
  </code>
</codes>
<dc element="dc.date.created" value="1997-06-03"/>
<dc element="dc.publisher" value="Reuters Holdings Plc"/>
<dc element="dc.date.published" value="1997-06-03"/>
<dc element="dc.source" value="Reuters"/>
<dc element="dc.creator.location" value="NEW YORK"/>
<dc element="dc.creator.location.country.name" value="USA"/>
<dc element="dc.source" value="Reuters"/>
</metadata>
</newsitem>
