<?xml version="1.0" encoding="iso-8859-1" ?>
<newsitem itemid="632817" id="root" date="1997-06-03" xml:lang="en">
<title>USA: Western Pacific May load factor rises.</title>
<headline>Western Pacific May load factor rises.</headline>
<dateline>COLORADO SPRINGS, Colo 1997-06-03</dateline>
<text>
<p>Western Pacific Airlines Inc on Tuesday said its passenger load factor in May increased 9.2 percentage points to 65.6 percent compared with the same month of 1996.</p>
<p>May 1997 revenue passenger miles increased 42 percent to 169,566,900 from 118,665,000 in the same period last year, Western Pacific said.</p>
<p>Available seat miles increased 22.8 percent to 258,418,000 from 210,484,400.  </p>
<p>Western Pacfic's load factor for the first five months of 1997 fell 2.5 percentage points to 55 percent from 57.5 percent in the same period of 1996, the carrier said.</p>
</text>
<copyright>(c) Reuters Limited 1997</copyright>
<metadata>
<codes class="bip:countries:1.0">
  <code code="USA">
    <editdetail attribution="Reuters BIP Coding Group" action="confirmed" date="1997-06-03"/>
  </code>
</codes>
<codes class="bip:industries:1.0">
  <code code="I75000">
    <editdetail attribution="Reuters BIP Coding Group" action="confirmed" date="1997-06-03"/>
  </code>
</codes>
<codes class="bip:topics:1.0">
  <code code="C31">
    <editdetail attribution="Reuters BIP Coding Group" action="confirmed" date="1997-06-03"/>
  </code>
  <code code="CCAT">
    <editdetail attribution="Reuters BIP Coding Group" action="confirmed" date="1997-06-03"/>
  </code>
</codes>
<dc element="dc.date.created" value="1997-06-03"/>
<dc element="dc.publisher" value="Reuters Holdings Plc"/>
<dc element="dc.date.published" value="1997-06-03"/>
<dc element="dc.source" value="Reuters"/>
<dc element="dc.creator.location" value="COLORADO SPRINGS, Colo"/>
<dc element="dc.creator.location.country.name" value="USA"/>
<dc element="dc.source" value="Reuters"/>
</metadata>
</newsitem>
