<?xml version="1.0" encoding="iso-8859-1" ?>
<newsitem itemid="632810" id="root" date="1997-06-03" xml:lang="en">
<title>USA: U.S. OPTIONS FOCUS/Index call vols up on rally.</title>
<headline>U.S. OPTIONS FOCUS/Index call vols up on rally.</headline>
<dateline>CHICAGO 1997-06-03</dateline>
<text>
<p>Volatilities in major U.S. stock index options popped up as the market shot higher in late morning trading, options traders said Tuesday.</p>
<p>&quot;The rally was fast and furious,&quot; one S&amp;P 500 index .SPX futures-options trader at the Chicago Mercantile Exchange said. &quot;It put some volatility in the calls.</p>
<p>&quot;The puts are still hanging out, but the calls really picked up,&quot; he said.</p>
<p>At about 1140 CDT/1640 GMT, the Dow industrial average .DJI was up 44 points at 7,333 shortly after reaching an intraday high of 7,340.  </p>
<p>The SPX was ahead 3.57 at 849.93 and the S&amp;P 100 index gained 4.57 to 831.51. June S&amp;P 500 futures added 6.40 to 852.60.</p>
<p>In the OEX, volatility as measured by the volatility index which is calculated off certain near-month options, was up 0.63, or 2.87 percent, at 22.55, off its 22.91 session high.</p>
<p>Jack Callahan, an independent market maker in the OEX, said volatility has been creeping higher recently and could continue to hold firm into Friday's all-important U.S. jobs report for May.  </p>
<p>&quot;There's not a supply of calls here, which has been the case,&quot; he said. &quot;I think you'll probably see prices appreciate going into Thursday evening, then we'll see if they merit a good move or not come Friday morning.&quot;</p>
<p>The employment report is scheduled for release Friday at 0730 CDT/1230 GMT, before the stock market opens.</p>
<p>According to a Reuters survey, economists on average expect nonfarm payrolls to rise by 221,000, compared with 142,000 in April. The jobless rate is expected to rise to 5.0 percent from 4.9 percent. Average hourly earnings are forecast to climb by 0.4 percent after a 0.1 percent drop in April.  </p>
<p>Options traders said activity had slowed down after a flurry of activity off the opening bell.</p>
<p>In the OEX, the heaviest volume was in the June 800 puts, which traded nearly 4,100 contracts. The June 820 put traded about 2,900 and the June 830 put traded 2,145.</p>
<p>Among OEX calls, the June 830 was most active, with turnover of 2,250 contracts. The June 820 calls traded about 2,230 and the June 850 and 860 calls each traded nearly 1,900 contracts.</p>
<p>((Gregory Crawford, 312 408 8750))</p>
<p>E-mail: derivatives@reuters.com</p>
</text>
<copyright>(c) Reuters Limited 1997</copyright>
<metadata>
<codes class="bip:countries:1.0">
  <code code="USA">
    <editdetail attribution="Reuters BIP Coding Group" action="confirmed" date="1997-06-03"/>
  </code>
</codes>
<codes class="bip:topics:1.0">
  <code code="M11">
    <editdetail attribution="Reuters BIP Coding Group" action="confirmed" date="1997-06-03"/>
  </code>
  <code code="MCAT">
    <editdetail attribution="Reuters BIP Coding Group" action="confirmed" date="1997-06-03"/>
  </code>
</codes>
<dc element="dc.date.created" value="1997-06-03"/>
<dc element="dc.publisher" value="Reuters Holdings Plc"/>
<dc element="dc.date.published" value="1997-06-03"/>
<dc element="dc.source" value="Reuters"/>
<dc element="dc.creator.location" value="CHICAGO"/>
<dc element="dc.creator.location.country.name" value="USA"/>
<dc element="dc.source" value="Reuters"/>
</metadata>
</newsitem>
