<?xml version="1.0" encoding="iso-8859-1" ?>
<newsitem itemid="632909" id="root" date="1997-06-03" xml:lang="en">
<title>USA: Brassie Golf names Cellura chairman.</title>
<headline>Brassie Golf names Cellura chairman.</headline>
<dateline>TAMPA, Fla. 1997-06-03</dateline>
<text>
<p>- Brassie Golf Corp said Tuesday that Joseph Cellura assumed the positions of chairman of the board of directors and chief executive officer of the company.</p>
<p>He is currently chairman and CEO of the Divot Corp.</p>
<p>William Horne, the former CEO of the company will be continuing as president of club operations and property Management Inc, a wholly owned subsidiary of Brassie.</p>
</text>
<copyright>(c) Reuters Limited 1997</copyright>
<metadata>
<codes class="bip:countries:1.0">
  <code code="USA">
    <editdetail attribution="Reuters BIP Coding Group" action="confirmed" date="1997-06-03"/>
  </code>
</codes>
<codes class="bip:industries:1.0">
  <code code="I97911">
    <editdetail attribution="Reuters BIP Coding Group" action="confirmed" date="1997-06-03"/>
  </code>
</codes>
<codes class="bip:topics:1.0">
  <code code="C41">
    <editdetail attribution="Reuters BIP Coding Group" action="confirmed" date="1997-06-03"/>
  </code>
  <code code="C411">
    <editdetail attribution="Reuters BIP Coding Group" action="confirmed" date="1997-06-03"/>
  </code>
  <code code="CCAT">
    <editdetail attribution="Reuters BIP Coding Group" action="confirmed" date="1997-06-03"/>
  </code>
</codes>
<dc element="dc.date.created" value="1997-06-03"/>
<dc element="dc.publisher" value="Reuters Holdings Plc"/>
<dc element="dc.date.published" value="1997-06-03"/>
<dc element="dc.source" value="Reuters"/>
<dc element="dc.creator.location" value="TAMPA, Fla."/>
<dc element="dc.creator.location.country.name" value="USA"/>
<dc element="dc.source" value="Reuters"/>
</metadata>
</newsitem>
