<?xml version="1.0" encoding="iso-8859-1" ?>
<newsitem itemid="632916" id="root" date="1997-06-03" xml:lang="en">
<title>ITALY: CYCLING-GIRO D'ITALIA 17TH STAGE PLACINGS.</title>
<headline>CYCLING-GIRO D'ITALIA 17TH STAGE PLACINGS.</headline>
<dateline>VERONA, Italy 1997-06-03</dateline>
<text>
<p>Leading placings in the</p>
<p>200-km 17h stage of the Giro d'Italia from Dalmine on Tuesday:</p>
<p> 1. Mirko Gualdi (Italy) Polti    4 hours 27 minutes 41 seconds</p>
<p>2. Alessandro Pozzi (Italy) Cantina Tollo</p>
<p> 3. Jose Gonzalez (Colombia) Kelme		  both same time</p>
<p> 4. Mariano Piccoli (Italy) Brescialat	    31 seconds</p>
<p>behind</p>
<p>5. Marco Vergnani (Italy) Amore and Vita</p>
<p>6. Andrea Brognara (Italy) Batik</p>
<p>7. Cristian Gasperoni (Italy) Scrigno</p>
<p> 8. Gianni Faresin (Italy) Mapei		    all same time</p>
<p> 9. Stefano Finesso (Italy) Ros Mary		40 secs</p>
<p> 10. Vyacheslav Djavanian (Russia) Roslotto   1:31</p>
<p> 11. Fabio Roscioli (Italy) Asics		 5:36</p>
<p>12. Elio Aggiano (Italy) Ceramiche Refin</p>
<p>13. Jose Vidal (Spain) Kelme</p>
<p>14. Bruno Cenghialata (Italy) Batik</p>
<p> 15. Andrea Patuelli (Italy) Amore and Vita   all same time</p>
<p>16. Mauro Santaromita (Italy) Maglificio MG  5:40</p>
<p> 17. Gianluca Bortolami (Italy) Festina	 5:46</p>
<p>18. Maurizio Molinari (Italy) Asics</p>
<p>19. Marcos Serrano (Italy) Kelme </p>
<p> 20. Paolo Savoldelli (Italy) Roslotto	  all same time</p>
<p>Leading overall standings after 17 stages:</p>
<p>1. Ivan Gotti (Italy) Saeco  78 hours 27 minutes 23 seconds</p>
<p> 2. Pavel Tonkov (Russia) Mapei		51 seconds behind</p>
<p> 3. Luc Leblanc (France) Polti			   3:02</p>
<p> 4. Alexandre Shefer (Kazakhstan) Asics		3:40</p>
<p> 5. Nicola Miceli (Italy) AKI			    4:07</p>
<p> 6. Giuseppe Guerini (Italy) Polti		     6:17</p>
<p> 7. Giuseppe di Grande (Italy) Mapei		   7:56</p>
<p> 8. Wladimir Belli (Italy) Brescialat		  8:17</p>
<p> 9. Axel Merckx (Belgium) Polti			  9:42</p>
<p> 10. Sergei Gontchar (Ukraine) AKI		    10:26</p>
<p> 11. Serrano						  11:31</p>
<p> 12. Leonardo Piepoli (Italy) Ceramiche Refin     11:37</p>
<p> 13. Felix Garcia (Spain) Festina		     11:58</p>
<p> 14. Stefano Garzelli (Italy) Mercatone Uno	 13:11</p>
<p> 15. Savoldelli					     13:45</p>
<p> 16. Andrea Noe' (Italy) Asics			  16:30</p>
<p> 17. Jose Rubiera (Spain) Kelme			 19:07</p>
<p> 18. Yevgeny Berzin (Russia) Batik		    19:14</p>
<p> 19. Paolo Bettini (Italy) Maglificio MG	    20:28</p>
<p> 20. Alberto Volpi (Italy) Batik			22:24</p>
</text>
<copyright>(c) Reuters Limited 1997</copyright>
<metadata>
<codes class="bip:countries:1.0">
  <code code="ITALY">
    <editdetail attribution="Reuters BIP Coding Group" action="confirmed" date="1997-06-03"/>
  </code>
</codes>
<codes class="bip:topics:1.0">
  <code code="GCAT">
    <editdetail attribution="Reuters BIP Coding Group" action="confirmed" date="1997-06-03"/>
  </code>
  <code code="GSPO">
    <editdetail attribution="Reuters BIP Coding Group" action="confirmed" date="1997-06-03"/>
  </code>
</codes>
<dc element="dc.date.created" value="1997-06-03"/>
<dc element="dc.publisher" value="Reuters Holdings Plc"/>
<dc element="dc.date.published" value="1997-06-03"/>
<dc element="dc.source" value="Reuters"/>
<dc element="dc.creator.location" value="VERONA, Italy"/>
<dc element="dc.creator.location.country.name" value="ITALY"/>
<dc element="dc.source" value="Reuters"/>
</metadata>
</newsitem>
