<?xml version="1.0" encoding="iso-8859-1" ?>
<newsitem itemid="632979" id="root" date="1997-06-03" xml:lang="en">
<title>FRANCE: TENNIS-FRENCH OPEN WOMEN'S SINGLES RESULTS (1415 GMT).</title>
<headline>TENNIS-FRENCH OPEN WOMEN'S SINGLES RESULTS (1415 GMT).</headline>
<dateline>PARIS 1997-06-03</dateline>
<text>
<p>Women's singles results on the</p>
<p>ninth day of the French Open tennis tournament on Tuesday:</p>
<p>Prefix number denotes seeding.</p>
<p>* denotes new results</p>
<p>Quarter-finals:</p>
<p>*11-Amanda Coetzer (South Africa) beat 2-Steffi Graf (Germany)</p>
<p>6-1 6-4</p>
<p>9-Iva Majoli (Croatia) beat Ruxandra Dragomir (Romania) 6-3 5-7</p>
<p>6-2</p>
</text>
<copyright>(c) Reuters Limited 1997</copyright>
<metadata>
<codes class="bip:countries:1.0">
  <code code="CRTIA">
    <editdetail attribution="Reuters BIP Coding Group" action="confirmed" date="1997-06-03"/>
  </code>
  <code code="FRA">
    <editdetail attribution="Reuters BIP Coding Group" action="confirmed" date="1997-06-03"/>
  </code>
  <code code="GFR">
    <editdetail attribution="Reuters BIP Coding Group" action="confirmed" date="1997-06-03"/>
  </code>
  <code code="ROM">
    <editdetail attribution="Reuters BIP Coding Group" action="confirmed" date="1997-06-03"/>
  </code>
  <code code="SAFR">
    <editdetail attribution="Reuters BIP Coding Group" action="confirmed" date="1997-06-03"/>
  </code>
</codes>
<codes class="bip:topics:1.0">
  <code code="GCAT">
    <editdetail attribution="Reuters BIP Coding Group" action="confirmed" date="1997-06-03"/>
  </code>
  <code code="GSPO">
    <editdetail attribution="Reuters BIP Coding Group" action="confirmed" date="1997-06-03"/>
  </code>
</codes>
<dc element="dc.date.created" value="1997-06-03"/>
<dc element="dc.publisher" value="Reuters Holdings Plc"/>
<dc element="dc.date.published" value="1997-06-03"/>
<dc element="dc.source" value="Reuters"/>
<dc element="dc.creator.location" value="PARIS"/>
<dc element="dc.creator.location.country.name" value="FRANCE"/>
<dc element="dc.source" value="Reuters"/>
</metadata>
</newsitem>
