<?xml version="1.0" encoding="iso-8859-1" ?>
<newsitem itemid="632996" id="root" date="1997-06-03" xml:lang="en">
<title>SOUTH AFRICA: RESULTS TODAY--SISTER FIRMS TO BOOST ANGLO .</title>
<headline>RESULTS TODAY--SISTER FIRMS TO BOOST ANGLO .</headline>
<byline>Melanie Cheary</byline>
<dateline>JOHANNESBURG</dateline>
<text>
<p>Anglo American Corp of South Africa will harvest wealthy profits from its sister companies De Beers Consolidated and Minorco SA to grow its year earnings by about 27 percent, analysts said.</p>
<p>Anglo results are due at 1400 GMT on Tuesday.</p>
<p>Analysts polled by Reuters forecast a consensus headline earnings per share figure of 2,220.5 cents compared to the previous year's 1,743 cents. Their numbers lay within a range of 2,165 and 2,294 cents.</p>
<p>They forecast a consensus dividend of 690 cents per share within a range of 680 cents to 700 cents and compared to 570 cents previously.</p>
<p>&quot;I think they're going to be particularly good,&quot; said Robynn Kearney at Barnard, Jacobs, Mellet and Co.</p>
<p>But analysts said the current financial year did not present as glowing a picture with earnings from gold operations likely to be much diminished because of the dismal bullion price.</p>
<p>Rich profits from both diamond giant De Beers and offshore arm Minorco would contribute greatly to Anglo's earnings.</p>
<p>&quot;De Beers was very good. It (the rise) will really be on De Beers. Minorco was also up,&quot; Kearney said.</p>
<p>Announcing year results in March, De Beers declared a dazzling $1,344 million year profit, up from $986 million previously. Also in March, Minorco jumped its year net income nine percent to $396.4 million.</p>
<p>But analysts said calculations could only rely on companies that have already reported and that profits from unlisted subsidiaries and exceptional items could throw a spanner in the works, either adding to or taking away from expectations.</p>
<p>&quot;We know about Amcoal, De Beers, Minorco. But what we don't know about are the funnies. It's what they bring to account by way of exceptionals and subsidiaries that can skew results,&quot; said an anlayst who asked not to be identified.</p>
<p>Earnings would also be helped by the rand's depreciation over the last year, but analysts said its current firmer leaning would be one of the reasons behind smaller profits in the current year.</p>
<p>&quot;There's the rand factor, too. A year ago the rand had not depreciated fully. But in 1998 we won't have the depreciation and it could could even strengthen. That wouldn't be good for Anglo because they're mostly commodity based,&quot; Kearney said.</p>
<p>Analysts said that Anglo's earnings for the 1997/98 financial year would be fairly flat, possibly rising 10 percent.</p>
<p>The current feeble bullion price would also likely take its toll on Anglo this year with gold mines already looking dismal.</p>
<p>Available profit for Anglo's gold mines decreased 34 percent in the quarter to end-March to 224.3 million rand.</p>
<p>-- Johannesburg newsroom +27 11 482-1003</p>
</text>
<copyright>(c) Reuters Limited 1997</copyright>
<metadata>
<codes class="bip:countries:1.0">
  <code code="SAFR">
    <editdetail attribution="Reuters BIP Coding Group" action="confirmed" date="1997-06-03"/>
  </code>
</codes>
<codes class="bip:industries:1.0">
  <code code="I23000">
    <editdetail attribution="Reuters BIP Coding Group" action="confirmed" date="1997-06-03"/>
  </code>
  <code code="I83960">
    <editdetail attribution="Reuters BIP Coding Group" action="confirmed" date="1997-06-03"/>
  </code>
</codes>
<codes class="bip:topics:1.0">
  <code code="C15">
    <editdetail attribution="Reuters BIP Coding Group" action="confirmed" date="1997-06-03"/>
  </code>
  <code code="C152">
    <editdetail attribution="Reuters BIP Coding Group" action="confirmed" date="1997-06-03"/>
  </code>
  <code code="CCAT">
    <editdetail attribution="Reuters BIP Coding Group" action="confirmed" date="1997-06-03"/>
  </code>
</codes>
<dc element="dc.publisher" value="Reuters Holdings Plc"/>
<dc element="dc.date.published" value="1997-06-03"/>
<dc element="dc.source" value="Reuters"/>
<dc element="dc.creator.location" value="JOHANNESBURG"/>
<dc element="dc.creator.location.country.name" value="SOUTH AFRICA"/>
<dc element="dc.source" value="Reuters"/>
</metadata>
</newsitem>
