<?xml version="1.0" encoding="iso-8859-1" ?>
<newsitem itemid="632951" id="root" date="1997-06-03" xml:lang="en">
<title>FRANCE: SOCCER-STATISTICS OF FRANCE-BRAZIL MATCH.</title>
<headline>SOCCER-STATISTICS OF FRANCE-BRAZIL MATCH.</headline>
<dateline>LYON, France 1997-06-03</dateline>
<text>
<p>Statistics in the Tournoi de</p>
<p>France international between France and Brazil on Tuesday:</p>
<p>				 France	  Brazil</p>
<p> Shots on goal		 9		  11</p>
<p> Shots on target	     3		   4</p>
<p> Corners conceded	    5		   8</p>
<p> Free kicks against	 17		  14</p>
<p> Offside			 1		   8</p>
<p> Yellow cards		  2		   3</p>
<p> Red cards		     0		   0</p>
</text>
<copyright>(c) Reuters Limited 1997</copyright>
<metadata>
<codes class="bip:countries:1.0">
  <code code="BRAZ">
    <editdetail attribution="Reuters BIP Coding Group" action="confirmed" date="1997-06-03"/>
  </code>
  <code code="FRA">
    <editdetail attribution="Reuters BIP Coding Group" action="confirmed" date="1997-06-03"/>
  </code>
</codes>
<codes class="bip:topics:1.0">
  <code code="GCAT">
    <editdetail attribution="Reuters BIP Coding Group" action="confirmed" date="1997-06-03"/>
  </code>
  <code code="GSPO">
    <editdetail attribution="Reuters BIP Coding Group" action="confirmed" date="1997-06-03"/>
  </code>
</codes>
<dc element="dc.date.created" value="1997-06-03"/>
<dc element="dc.publisher" value="Reuters Holdings Plc"/>
<dc element="dc.date.published" value="1997-06-03"/>
<dc element="dc.source" value="Reuters"/>
<dc element="dc.creator.location" value="LYON, France"/>
<dc element="dc.creator.location.country.name" value="FRANCE"/>
<dc element="dc.source" value="Reuters"/>
</metadata>
</newsitem>
