<?xml version="1.0" encoding="iso-8859-1" ?>
<newsitem itemid="632914" id="root" date="1997-06-03" xml:lang="en">
<title>ITALY: CYCLING-GUALDI BACK ON TOP OF THE WORLD.</title>
<headline>CYCLING-GUALDI BACK ON TOP OF THE WORLD.</headline>
<dateline>VERONA, Italy 1997-06-03</dateline>
<text>
<p>Former world champion Mirko Gualdi sprinted to his second biggest victory in eight years in Tuesday's 17th leg of the Giro d'Italia on the circuit that will host the 1999 world road race championships.</p>
<p>With Alessandro Pozzi and Colombian Jose Gonzalez in his wake, the Italian raced in after averaging almost 45 kph over the 200 kms from Dalmine.</p>
<p>They were five minutes and 46 seconds ahead of Giro leader Ivan Gotti and his rivals, Russian Pavel Tonkov and Frenchman Luc Leblanc, but were no threat to the contenders.</p>
<p>Gotti takes his advantage of 51 seconds into Wednesday's 40 kms time trial when his biggest worry will be Tonkov.</p>
<p>&quot;With the leader's pink jersey I feel stronger,&quot; Gotti said.</p>
<p>Gualdi won the world amateur road race title in Japan in 1990 then had to wait three years for his next success in the Tour of Poland.</p>
<p>This victory was only his third in a career punctuated by misfortune.</p>
<p>In 1994 he needed two operations on his shoulder then a year later spent two months in bed after another operation for a ruptured disc.</p>
<p>Gualdi has had to nurse himself through the last two days after sickness sent his temperature soaring.</p>
<p>&quot;Each time it seems I have had to restart my career,&quot; said Gualdi who was without a contract four years ago before Giosue' Zenoni, then manager of his current team, took him on.</p>
<p>&quot;He gave me a chance,&quot; said Gualdi who has stayed loyal to the team, and now has third-placed contender Leblanc as a teammate.</p>
<p>Gualdi had to chase to join leaders Gonzalez and Pozzi in the final 10 kms of Tuesday's stage where the first hour's racing covered almost 55 kms.</p>
</text>
<copyright>(c) Reuters Limited 1997</copyright>
<metadata>
<codes class="bip:countries:1.0">
  <code code="ITALY">
    <editdetail attribution="Reuters BIP Coding Group" action="confirmed" date="1997-06-03"/>
  </code>
  <code code="SPAIN">
    <editdetail attribution="Reuters BIP Coding Group" action="confirmed" date="1997-06-03"/>
  </code>
</codes>
<codes class="bip:topics:1.0">
  <code code="GCAT">
    <editdetail attribution="Reuters BIP Coding Group" action="confirmed" date="1997-06-03"/>
  </code>
  <code code="GSPO">
    <editdetail attribution="Reuters BIP Coding Group" action="confirmed" date="1997-06-03"/>
  </code>
</codes>
<dc element="dc.date.created" value="1997-06-03"/>
<dc element="dc.publisher" value="Reuters Holdings Plc"/>
<dc element="dc.date.published" value="1997-06-03"/>
<dc element="dc.source" value="Reuters"/>
<dc element="dc.creator.location" value="VERONA, Italy"/>
<dc element="dc.creator.location.country.name" value="ITALY"/>
<dc element="dc.source" value="Reuters"/>
</metadata>
</newsitem>
