<?xml version="1.0" encoding="iso-8859-1" ?>
<newsitem itemid="632961" id="root" date="1997-06-03" xml:lang="en">
<title>FRANCE: TENNIS-DAY NINE SNIPPETS FROM ROLAND GARROS.</title>
<headline>TENNIS-DAY NINE SNIPPETS FROM ROLAND GARROS.</headline>
<dateline>PARIS 1997-06-03</dateline>
<text>
<p>A brief selection of highlights from the ninth day of the French Open:</p>
<p>- - - -</p>
<p>Best quote - &quot;Probably not.&quot; Steffi Graf, when asked if she thought South African Amanda Coetzer, who had just beaten her in the quarter-finals, could win the tournament.</p>
<p>- - - -</p>
<p>Stat of the day - 66th. The highest-ranked player in the men's semifinal in the top half of the draw. Brazilan Gustavo Kuerten's opponent, Filip Dewulf, is 122nd.</p>
<p>- - - -</p>
<p>Only one seed left - Spaniard Sergi Bruguera, the men's 16th and lowest seed, is the only survivor among the men's seeds. Without the last-minute withdrawal of Swede Thomas Enqvist, he would not have been seeded.</p>
</text>
<copyright>(c) Reuters Limited 1997</copyright>
<metadata>
<codes class="bip:countries:1.0">
  <code code="FRA">
    <editdetail attribution="Reuters BIP Coding Group" action="confirmed" date="1997-06-03"/>
  </code>
  <code code="SAFR">
    <editdetail attribution="Reuters BIP Coding Group" action="confirmed" date="1997-06-03"/>
  </code>
</codes>
<codes class="bip:topics:1.0">
  <code code="GCAT">
    <editdetail attribution="Reuters BIP Coding Group" action="confirmed" date="1997-06-03"/>
  </code>
  <code code="GSPO">
    <editdetail attribution="Reuters BIP Coding Group" action="confirmed" date="1997-06-03"/>
  </code>
</codes>
<dc element="dc.date.created" value="1997-06-03"/>
<dc element="dc.publisher" value="Reuters Holdings Plc"/>
<dc element="dc.date.published" value="1997-06-03"/>
<dc element="dc.source" value="Reuters"/>
<dc element="dc.creator.location" value="PARIS"/>
<dc element="dc.creator.location.country.name" value="FRANCE"/>
<dc element="dc.source" value="Reuters"/>
</metadata>
</newsitem>
