<?xml version="1.0" encoding="iso-8859-1" ?>
<newsitem itemid="632992" id="root" date="1997-06-03" xml:lang="en">
<title>ZIMBABWE: IMPORT PRESSURE WEAKENS ZIMBABWE DOLLAR.</title>
<headline>IMPORT PRESSURE WEAKENS ZIMBABWE DOLLAR.</headline>
<dateline>HARARE 1997-06-03</dateline>
<text>
<p>The Zimbabwe dollar closed weaker against most hard units on the back of a combination of importer demand for foreign currency and central Reserve Bank intervention in the market, dealers said.</p>
<p>&quot;We witnessed quite a number of inflows today but the Zimbabwe dollar went down because of pressure on the other side coupled with the central bank which was buying at the 11.2975/3000 level,&quot; one dealer said.</p>
<p>The local unit ended the day at 11.3000/3100 versus the key U.S. dollar from 11.2950/3050 on Monday and was also quoted softer on sterling at 18.5000/5200 compared to 18.4820/5260, responding to the U.S. dollar's losses against the British unit overseas.</p>
<p>It was at 2.5300/5500 from 2.5275/5340 against the rand but firmed to 6.5500/5700 from 6.5860/6025 on the mark.</p>
<p>--Stella Mapenzauswa, Harare Newsroom: +263-4 72 52 27/8/9</p>
</text>
<copyright>(c) Reuters Limited 1997</copyright>
<metadata>
<codes class="bip:countries:1.0">
  <code code="ZIMBAB">
    <editdetail attribution="Reuters BIP Coding Group" action="confirmed" date="1997-06-03"/>
  </code>
</codes>
<codes class="bip:topics:1.0">
  <code code="M13">
    <editdetail attribution="Reuters BIP Coding Group" action="confirmed" date="1997-06-03"/>
  </code>
  <code code="M132">
    <editdetail attribution="Reuters BIP Coding Group" action="confirmed" date="1997-06-03"/>
  </code>
  <code code="MCAT">
    <editdetail attribution="Reuters BIP Coding Group" action="confirmed" date="1997-06-03"/>
  </code>
</codes>
<dc element="dc.date.created" value="1997-06-03"/>
<dc element="dc.publisher" value="Reuters Holdings Plc"/>
<dc element="dc.date.published" value="1997-06-03"/>
<dc element="dc.source" value="Reuters"/>
<dc element="dc.creator.location" value="HARARE"/>
<dc element="dc.creator.location.country.name" value="ZIMBABWE"/>
<dc element="dc.source" value="Reuters"/>
</metadata>
</newsitem>
