<?xml version="1.0" encoding="iso-8859-1" ?>
<newsitem itemid="632910" id="root" date="1997-06-03" xml:lang="en">
<title>FRANCE: SOCCER-FRANCE COME FROM BEHIND, HOLD WORLD CHAMPIONS 1-1.</title>
<headline>SOCCER-FRANCE COME FROM BEHIND, HOLD WORLD CHAMPIONS 1-1.</headline>
<byline>Rex Gowar</byline>
<dateline>LYON, France 1997-06-03</dateline>
<text>
<p>A 60th-minute equaliser by substitute striker Marc Keller gave 1998 World Cup hosts France a 1-1 draw with world champions Brazil in the opening match of the four-team Tournoi de France on Tuesday.</p>
<p>Real Madrid's Roberto Carlos put a wicked bend on the ball in typical Brazilian fashion to give Mario Zagallo's team the lead in spectacular fashion in the 21st minute.</p>
<p>His left-footed free kick, just to the right of centre and about 35 metres out, curled round France's four-man wall and in off Fabien Barthez's left-hand post with the surprised Monaco goalkeeper rooted to the spot.</p>
<p>France equalised in a move started by tricky right-sided midfielder Ibrahim Ba, who fed striker Florian Maurice, playing on the ground of his club Lyon.</p>
<p>Maurice's low shot was blocked by the diving Taffarel. But Karlsruhe's Keller, who came on for Robert Pires after the interval, pounced on the loose ball to nudge it into the net.</p>
<p>England and Italy, rivals in the same World Cup qualifying group, meet in the second match of the tournament, a dress rehearsal for next year's World Cup finals, in Nantes on Wednesday.</p>
<p>Zagallo, using a well worn cliche, said: &quot;It was a match of two halves.</p>
<p>&quot;I liked what the (Brazilian) selection did in the first half... France were better than Brazil in the second half.&quot;</p>
<p>Zagallo said he was satisfied given that Brazil rarely have time to train when they get together for matches.</p>
<p>&quot;One year from the World Cup finals, Brazil can't be at their top,&quot; the veteran coach said.</p>
<p>Brazil, in the words of France coach Aime Jacquet &quot;vexed by their defeat in Oslo (4-2 to Norway on Friday), full of conviction, concentration, aggression&quot;, forced the French on to their heels in the first half.</p>
<p>Strike pair Ronaldo and Romario were full of good runs that pierced the French defence. Barthez tipped over a fierce drive from the Barcelona player, set up with a fine cross ball by Flamengo's World Cup veteran, early on.</p>
<p>At the other end a minute later Taffarel saved from Ba at the feet of the AC Milan-bound Bordeaux player after he was put through by Zinedine Zidane.</p>
<p>Barthez also had to push over a hard shot from Brazil's right back Cafu, while Taffarel showed that even Brazilian goalkeepers have ball skills as he dangerously juggled with a back pass inside the six-yard box before clearing with a kick.</p>
<p>A free kick on the edge of the six-yard box four minutes into the second half presaged France's equaliser.</p>
<p>The whole Brazilian team stood on the goal-line but there was a metre wide gap to Taffarel's right where Zidane aimed his shot from the tapped free kick only for it to rebound off Cafu's leg.</p>
<p>Brazil captain Dunga brought a save from Barthez with a drive from outside the box and central defender Celio Silva was just wide with his header from the resulting corner as Brazil were forced deeper and attacked on the break.</p>
<p>France created numerous chances, one of the best in the dying minutes on the left where Athletic Bilbao left back Bixente Lizarazu and Keller set up Zidane, whose shot was just wide of the far post.</p>
<p>Jacquet said: &quot;The French team showed a very reassuring face, especially in the second half, against a very difficult team.</p>
<p>&quot;We managed to handle well the tough defensive work they put us through.&quot;</p>
<p>Sampdoria's Christian Karembeu, injured early on and substituted in the France team by Arsenal midfielder Patrick Vieira, went to hospital for an Xray. The French team said he might have a serious ankle injury.</p>
</text>
<copyright>(c) Reuters Limited 1997</copyright>
<metadata>
<codes class="bip:countries:1.0">
  <code code="BRAZ">
    <editdetail attribution="Reuters BIP Coding Group" action="confirmed" date="1997-06-03"/>
  </code>
  <code code="FRA">
    <editdetail attribution="Reuters BIP Coding Group" action="confirmed" date="1997-06-03"/>
  </code>
  <code code="ITALY">
    <editdetail attribution="Reuters BIP Coding Group" action="confirmed" date="1997-06-03"/>
  </code>
  <code code="UK">
    <editdetail attribution="Reuters BIP Coding Group" action="confirmed" date="1997-06-03"/>
  </code>
</codes>
<codes class="bip:topics:1.0">
  <code code="GCAT">
    <editdetail attribution="Reuters BIP Coding Group" action="confirmed" date="1997-06-03"/>
  </code>
  <code code="GSPO">
    <editdetail attribution="Reuters BIP Coding Group" action="confirmed" date="1997-06-03"/>
  </code>
</codes>
<dc element="dc.date.created" value="1997-06-03"/>
<dc element="dc.publisher" value="Reuters Holdings Plc"/>
<dc element="dc.date.published" value="1997-06-03"/>
<dc element="dc.source" value="Reuters"/>
<dc element="dc.creator.location" value="LYON, France"/>
<dc element="dc.creator.location.country.name" value="FRANCE"/>
<dc element="dc.source" value="Reuters"/>
</metadata>
</newsitem>
