<?xml version="1.0" encoding="iso-8859-1" ?>
<newsitem itemid="632963" id="root" date="1997-06-03" xml:lang="en">
<title>FRANCE: SOCCER-TEAMS FOR FRANCE VS BRAZIL.</title>
<headline>SOCCER-TEAMS FOR FRANCE VS BRAZIL.</headline>
<dateline>LYON, France 1997-06-03</dateline>
<text>
<p>Teams for the opening match of the four-team Tournoi de France between France and Brazil on Tuesday:</p>
<p>France - 16-Fabien Barthez; 2-Vincent Candela, 5-Laurent Blanc, 8-Marcel Desailly, 12-Bixente Lizarazu; 13-Ibrahim Ba, 19-Christian Karembeu, 7-Didier Deschamps, 10-Zinedine Zidane; 22-Florian Maurice, 14-Robert Pires.</p>
<p>Brazil - 1-Taffarel; 2-Cafu, 15-Celio Silva, 3-Aldair, 6-Roberto Carlos; 7-Giovanni, 5-Mauro Silva, 8-Dunga, 10-Leonardo; 9-Ronaldo, 11-Romario.</p>
<p>Referee: Kim Milton Nielsen (Denmark)</p>
</text>
<copyright>(c) Reuters Limited 1997</copyright>
<metadata>
<codes class="bip:countries:1.0">
  <code code="BRAZ">
    <editdetail attribution="Reuters BIP Coding Group" action="confirmed" date="1997-06-03"/>
  </code>
  <code code="FRA">
    <editdetail attribution="Reuters BIP Coding Group" action="confirmed" date="1997-06-03"/>
  </code>
</codes>
<codes class="bip:topics:1.0">
  <code code="GCAT">
    <editdetail attribution="Reuters BIP Coding Group" action="confirmed" date="1997-06-03"/>
  </code>
  <code code="GSPO">
    <editdetail attribution="Reuters BIP Coding Group" action="confirmed" date="1997-06-03"/>
  </code>
</codes>
<dc element="dc.date.created" value="1997-06-03"/>
<dc element="dc.publisher" value="Reuters Holdings Plc"/>
<dc element="dc.date.published" value="1997-06-03"/>
<dc element="dc.source" value="Reuters"/>
<dc element="dc.creator.location" value="LYON, France"/>
<dc element="dc.creator.location.country.name" value="FRANCE"/>
<dc element="dc.source" value="Reuters"/>
</metadata>
</newsitem>
