<?xml version="1.0" encoding="iso-8859-1" ?>
<newsitem itemid="632917" id="root" date="1997-06-03" xml:lang="en">
<title>USA: ATHLETICS-U.S., WORLD CHAMPIONSHIPS IN JEOPARDY FOR JOHNSON.</title>
<headline>ATHLETICS-U.S., WORLD CHAMPIONSHIPS IN JEOPARDY FOR JOHNSON.</headline>
<dateline>RALEIGH, North Carolina 1997-06-03</dateline>
<text>
<p>World 200-meter record-holder Michael Johnson's appearances in the U.S. and world championships are in jeopardy because of an injury the double Olympic champion suffered in Sunday's race with Canadian Donovan Bailey.</p>
<p>&quot;He has a severe pull in his left quadricep,&quot; a spokeswoman for Brad Hunt, Johnson's agent, quoted Hunt as saying on Monday. &quot;It will be at least a week before he can train. The national championships are in jeopardy.&quot;</p>
<p>If Johnson cannot compete in the U.S. championships, which begin June 11 in Indianapolis, he would not be eligible for the August world championships in Athens, U.S. athletics spokesman Pete Cava said.</p>
<p>&quot;He must finish in the top three to qualify for an individual event in the world championships,&quot; Cava said.</p>
<p>Johnson failed to finish his 150-meter match race with Bailey in Toronto's SkyDome on Sunday, saying he felt what he thought was a cramp in his left leg.</p>
<p>He has returned to his Dallas hometown and is under a doctor's supervision, the spokeswoman said.</p>
</text>
<copyright>(c) Reuters Limited 1997</copyright>
<metadata>
<codes class="bip:countries:1.0">
  <code code="CANA">
    <editdetail attribution="Reuters BIP Coding Group" action="confirmed" date="1997-06-03"/>
  </code>
  <code code="USA">
    <editdetail attribution="Reuters BIP Coding Group" action="confirmed" date="1997-06-03"/>
  </code>
</codes>
<codes class="bip:topics:1.0">
  <code code="GCAT">
    <editdetail attribution="Reuters BIP Coding Group" action="confirmed" date="1997-06-03"/>
  </code>
  <code code="GSPO">
    <editdetail attribution="Reuters BIP Coding Group" action="confirmed" date="1997-06-03"/>
  </code>
</codes>
<dc element="dc.date.created" value="1997-06-03"/>
<dc element="dc.publisher" value="Reuters Holdings Plc"/>
<dc element="dc.date.published" value="1997-06-03"/>
<dc element="dc.source" value="Reuters"/>
<dc element="dc.creator.location" value="RALEIGH, North Carolina"/>
<dc element="dc.creator.location.country.name" value="USA"/>
<dc element="dc.source" value="Reuters"/>
</metadata>
</newsitem>
