<?xml version="1.0" encoding="iso-8859-1" ?>
<newsitem itemid="632957" id="root" date="1997-06-03" xml:lang="en">
<title>FRANCE: TENNIS-GRAF GONE BUT HINGIS HOLDS ON.</title>
<headline>TENNIS-GRAF GONE BUT HINGIS HOLDS ON.</headline>
<byline>Steve Keating</byline>
<dateline>PARIS 1997-06-03</dateline>
<text>
<p>Top seed Martina Hingis breezed past former champion Aranxta Sanchez Vicario at the French Open on Tuesday, setting the scene for a semifinal clash with three-times winner Monica Seles.</p>
<p>In a tournament of wildly inconsistent results, including the unexpected departure of second seed Steffi Graf earlier in the day, the Swiss teenager has remained the sole constant, extending her unbeaten record this season to 36 matches with a 6-2 6-2 dismantling of the sixth-seeded Spaniard in just 64 minutes.</p>
<p>The Australian Open champion, sidelined for a month leading up to the grand slam event after injuring her knee in a horse riding fall, could have expected a much sterner test from Sanchez Vicario.</p>
<p>The Spaniard is renowned for her tenaciousness and traditionally saves her best tennis for Roland Garros, where she has twice won the tournament.</p>
<p>But this time Sanchez Vicario appeared helpless against the 16-year-old Swiss, who moved her around the court at will and confounded her with a wide array of shots.</p>
<p>&quot;It wasn't easy,&quot; Hingis said. &quot;At the beginning she was playing really well, hitting the ball really hard.</p>
<p>&quot;After I lost the first game I thought, either I start playing or go home. After that I started hitting everything in, I started playing an unbelievable game -- I couldn't believe it.&quot;</p>
<p>The victory set up a much anticipated showdown with Seles, who outlasted compatriot Mary Joe Fernandez 3-6 6-2 7-5 in an all-U.S. quarter-final clash to become the last remaining American in Paris.</p>
<p>It will be the third time this year the two will have clashed, adding fuel to what is rapidly turning into an intense rivalry.</p>
<p>&quot;I don't have a great track record against her lately,&quot; said Seles, who lost to Hingis in the finals of the Lipton and Hilton Head. &quot;She's playing great tennis right now and beat Arantxa very quickly.</p>
<p>&quot;She hasn't lost yet this year and I think that says it all.</p>
<p>&quot;I'm not going to think about those past results, I'm just going to think about the present.&quot;</p>
<p>The other semifinal pits South Africa's Amanda Coetzer against Croatia's Iva Majoli.</p>
<p>Coetzer earned her place in the final four by ending Graf's grand slam title hopes for the second time this year.</p>
<p>World number two Graf, who had reached the final at Roland Garros eight times in the last 10 years, was swept aside 6-1 6-4 by the opponent who humiliated her 6-0 6-1 in Berlin last month and dispatched her from the Australian Open in January.</p>
<p>&quot;I could sense she lacked confidence,&quot; Coetzer said. &quot;But I can understand that.</p>
<p>&quot;She's been injured and hasn't played much and I've had a couple of wins over her, so I know I would feel the same way.&quot;</p>
<p>Having missed three months of tennis earlier this year with tendinitis in her left knee, Graf was in trouble right from her opening serve as Coetzer broke her twice in the first set to jump out to a 4-0 lead.</p>
<p>Graf, winner of the last two French Opens, did her best to stage a comeback following a 30-minute rain delay in the second set but ultimately slid to her first defeat in Paris since losing in the 1994 semifinals to Mary Pierce.</p>
<p>&quot;It was a difficult match, I was really nervous and made a lot of mistakes,&quot; Graf, five times French Open champion, said.</p>
<p>&quot;It's just the state I'm in, I just don't seem to have the confidence against her. I've struggled in all my matches here but I was always able to turn them around. That wasn't the case today.&quot;</p>
<p>Coetzer will meet Iva Majoli in the semifinals and Graf, for one, does not fancy the diminutive South African's chances of advancing to the final over her 19-year-old Croatian opponent.</p>
<p>&quot;Probably not,&quot; said Graf when asked if she expected to see Coetzer in Saturday's final. &quot;She's playing with confidence and steady but to win the tournament would be difficult for her.&quot;</p>
<p>Majoli, the ninth seed, earned her first appearance in a grand slam semifinal after struggling to a 6-3 5-7 6-2 win over her doubles partner Ruxandra Dragomir in a gruelling match which took two hours and 23 minutes to complete.</p>
</text>
<copyright>(c) Reuters Limited 1997</copyright>
<metadata>
<codes class="bip:countries:1.0">
  <code code="FRA">
    <editdetail attribution="Reuters BIP Coding Group" action="confirmed" date="1997-06-03"/>
  </code>
  <code code="GFR">
    <editdetail attribution="Reuters BIP Coding Group" action="confirmed" date="1997-06-03"/>
  </code>
  <code code="SAFR">
    <editdetail attribution="Reuters BIP Coding Group" action="confirmed" date="1997-06-03"/>
  </code>
  <code code="SPAIN">
    <editdetail attribution="Reuters BIP Coding Group" action="confirmed" date="1997-06-03"/>
  </code>
  <code code="SWITZ">
    <editdetail attribution="Reuters BIP Coding Group" action="confirmed" date="1997-06-03"/>
  </code>
  <code code="USA">
    <editdetail attribution="Reuters BIP Coding Group" action="confirmed" date="1997-06-03"/>
  </code>
</codes>
<codes class="bip:topics:1.0">
  <code code="GCAT">
    <editdetail attribution="Reuters BIP Coding Group" action="confirmed" date="1997-06-03"/>
  </code>
  <code code="GSPO">
    <editdetail attribution="Reuters BIP Coding Group" action="confirmed" date="1997-06-03"/>
  </code>
</codes>
<dc element="dc.date.created" value="1997-06-03"/>
<dc element="dc.publisher" value="Reuters Holdings Plc"/>
<dc element="dc.date.published" value="1997-06-03"/>
<dc element="dc.source" value="Reuters"/>
<dc element="dc.creator.location" value="PARIS"/>
<dc element="dc.creator.location.country.name" value="FRANCE"/>
<dc element="dc.source" value="Reuters"/>
</metadata>
</newsitem>
