<?xml version="1.0" encoding="iso-8859-1" ?>
<newsitem itemid="633057" id="root" date="1997-06-03" xml:lang="en">
<title>UK: Britain bans two N.Ireland guerrilla groups.</title>
<headline>Britain bans two N.Ireland guerrilla groups.</headline>
<dateline>BELFAST 1997-06-03</dateline>
<text>
<p>Britain on Tuesday outlawed two Northern Ireland guerrilla groups responsible for violence over the past year.</p>
<p>A government statement said Mo Mowlam, Secretary of State for the province, had announced that the pro-British Loyalist Volunteer Force (LVF) and the pro-Irish Continuity Army Council (CAC) &quot;will be proscribed from midnight tonight (Tuesday)&quot;.</p>
<p>It said the ban was being implemented under Northern Ireland's Emergency Provisions Act which permits her to make an Order proscribing &quot;any organisation that appears to her to be concerned in terrorism or promoting or encouraging it&quot;.</p>
<p>The formal ban makes membership of either group a crime and adds the two groups to the list of banned organisations in Northern Ireland whose war for and against British rule in the past 29 years has killed 3,200 people.</p>
<p>&quot;I have to look at the information as to whether these organisations, the CAC and the LVF, should be proscribed and I am examining that case at the moment,&quot; Mowlam told reporters two hours before the ban was announced.</p>
<p>She was speaking during a break in Belfast peace talks from which Sinn Fein, political wing of the main Irish Republican Army guerrilla group, is banned because of the IRA's failure to restore a broken truce.</p>
<p>The LVF split from Northern Ireland's mainstream Loyalist movement, which is officially maintaining a ceasefire in its campaign to maintain British rule of the province.</p>
<p>It claimed responsibility for an aborted bomb attack on the Irish border town of Dundalk last week, accusing the Dublin government of interfering in British affairs in Northern Ireland.</p>
<p>Loyalists trace their name to allegiance to the British crown. Three other Loyalist groups have been banned for years and jointly declared a ceasefire in October 1994.</p>
<p>The CAC is a shadowy republican splinter group which was thought responsible for an attempted car bomb in Belfast three weeks ago and an attack on a country hotel in July last year.</p>
<p>It shares the IRA's goals of ending British rule of Northern Ireland and reuniting it with the Republic of Ireland.</p>
</text>
<copyright>(c) Reuters Limited 1997</copyright>
<metadata>
<codes class="bip:countries:1.0">
  <code code="UK">
    <editdetail attribution="Reuters BIP Coding Group" action="confirmed" date="1997-06-03"/>
  </code>
</codes>
<codes class="bip:topics:1.0">
  <code code="GCAT">
    <editdetail attribution="Reuters BIP Coding Group" action="confirmed" date="1997-06-03"/>
  </code>
  <code code="GPOL">
    <editdetail attribution="Reuters BIP Coding Group" action="confirmed" date="1997-06-03"/>
  </code>
  <code code="GVIO">
    <editdetail attribution="Reuters BIP Coding Group" action="confirmed" date="1997-06-03"/>
  </code>
</codes>
<dc element="dc.date.created" value="1997-06-03"/>
<dc element="dc.publisher" value="Reuters Holdings Plc"/>
<dc element="dc.date.published" value="1997-06-03"/>
<dc element="dc.source" value="Reuters"/>
<dc element="dc.creator.location" value="BELFAST"/>
<dc element="dc.creator.location.country.name" value="UK"/>
<dc element="dc.source" value="Reuters"/>
</metadata>
</newsitem>
