<?xml version="1.0" encoding="iso-8859-1" ?>
<newsitem itemid="633090" id="root" date="1997-06-03" xml:lang="en">
<title>UK: Med oil products weak, fuel jolted by low deal.</title>
<headline>Med oil products weak, fuel jolted by low deal.</headline>
<dateline>LONDON 1997-06-03</dateline>
<text>
<p>Mediterranean oil products were weaker on Tuesday as futures markets tumbled and fuel was given an extra downwards push by a deal at unexpectedly low numbers, traders said.</p>
<p>Gasoline prices fell with futures. A trader on the Iberian Atlantic was heard to have sold a mixed cargo of Eurograde/CCS to a transatlantic buyer at 6.25/9 cents under the July NYMEX screen.</p>
<p>While supply in the prompt period remains tight, availabilities of leaded and unleaded gasoline were seen from the Italian islands in the second half of the month.</p>
<p>Naphtha was weaker too, and buyers in NWE reported a fresh Greek availability, loading some time in early to mid June.</p>
<p>Gas oil continued to be a mixed bag with 0.02 percent material under pressure by large quantities of Russian gas oil.</p>
<p>Traders said premiums for 0.02 percent material were being quoted at quotes fob hi flat/+$1.0, although many thought sellers would have to be extremely &quot;lucky&quot; to get +$1.</p>
<p>Low sulphur diesel, meanwhile, remained tight with many refiners saying they would not be offering low sulphur product until late June while arbitrage opportunities to the north sucked up Algerian material.</p>
<p>Low sulphur was assessed at around quotes fob hi +$2.0/+$3.0 a tonne.</p>
<p>High sulphur fuel markets were jolted by reports of a trader to trader deal for Italian fob barrels at $75 a tonne, some way below current physical and swaps numbers.</p>
<p>With June paper at $77/$78 and prompt supply thin, dealers were perturbed by the effect on prices the deal would have. One of the parties was believed pricing large Italian cargoes this month  </p>
<p>Russians were scarce, with one vessel out of Odessa seen as an obvious candidate to fill the rather prompt Turkish high sulphur buy tender. Delivery date is June 12-14.</p>
<p>A stored Russian straight-run was heard traded out of Tunisia into an Italian refiner.</p>
<p>-- London newsroom +44 171 542 8167</p>
</text>
<copyright>(c) Reuters Limited 1997</copyright>
<metadata>
<codes class="bip:countries:1.0">
  <code code="UK">
    <editdetail attribution="Reuters BIP Coding Group" action="confirmed" date="1997-06-03"/>
  </code>
</codes>
<codes class="bip:topics:1.0">
  <code code="M14">
    <editdetail attribution="Reuters BIP Coding Group" action="confirmed" date="1997-06-03"/>
  </code>
  <code code="M143">
    <editdetail attribution="Reuters BIP Coding Group" action="confirmed" date="1997-06-03"/>
  </code>
  <code code="MCAT">
    <editdetail attribution="Reuters BIP Coding Group" action="confirmed" date="1997-06-03"/>
  </code>
</codes>
<dc element="dc.date.created" value="1997-06-03"/>
<dc element="dc.publisher" value="Reuters Holdings Plc"/>
<dc element="dc.date.published" value="1997-06-03"/>
<dc element="dc.source" value="Reuters"/>
<dc element="dc.creator.location" value="LONDON"/>
<dc element="dc.creator.location.country.name" value="UK"/>
<dc element="dc.source" value="Reuters"/>
</metadata>
</newsitem>
