<?xml version="1.0" encoding="iso-8859-1" ?>
<newsitem itemid="633094" id="root" date="1997-06-03" xml:lang="en">
<title>UK: NWE gasoline falls with futures after US sales.</title>
<headline>NWE gasoline falls with futures after US sales.</headline>
<dateline>LONDON 1997-06-03</dateline>
<text>
<p>NWE gasoline fell sharply on Tuesday alongside tumbling NYMEX unleaded gasoline futures, traders said.</p>
<p>Tanker brokers reported five fresh fixtures from northwest Europe to the U.S. but gasoline traders said four of these were old gasoline sales.</p>
<p>The fifth was heard done this week and involved 25,000 tonnes of Eurograde from the Iberian peninsula at July NYMEX minus 6.25 cents a gallon, and 8,000 tonnes of CCS at July minus nine cents.</p>
<p>Eurograde barges traded in the morning at $208.50, $210 and $211 a tonne fob ARA, and then in the afternoon at $206. Regular gasoline was heard sold at $203.35 a tonne.</p>
<p>A cargo bid for Eurograde into Hamburg from a refiner, seen as high as $200 cif in the morning, had disappeared by mid-afternoon, traders said. The requirement was filled by storage material already owned by the bidder.</p>
<p>-- Nicholas Shaxson, London newsroom +44 171 542 8167 (c) Reuters Limited 1997</p>
</text>
<copyright>(c) Reuters Limited 1997</copyright>
<metadata>
<codes class="bip:countries:1.0">
  <code code="UK">
    <editdetail attribution="Reuters BIP Coding Group" action="confirmed" date="1997-06-03"/>
  </code>
</codes>
<codes class="bip:topics:1.0">
  <code code="M14">
    <editdetail attribution="Reuters BIP Coding Group" action="confirmed" date="1997-06-03"/>
  </code>
  <code code="M143">
    <editdetail attribution="Reuters BIP Coding Group" action="confirmed" date="1997-06-03"/>
  </code>
  <code code="MCAT">
    <editdetail attribution="Reuters BIP Coding Group" action="confirmed" date="1997-06-03"/>
  </code>
</codes>
<dc element="dc.date.created" value="1997-06-03"/>
<dc element="dc.publisher" value="Reuters Holdings Plc"/>
<dc element="dc.date.published" value="1997-06-03"/>
<dc element="dc.source" value="Reuters"/>
<dc element="dc.creator.location" value="LONDON"/>
<dc element="dc.creator.location.country.name" value="UK"/>
<dc element="dc.source" value="Reuters"/>
</metadata>
</newsitem>
