<?xml version="1.0" encoding="iso-8859-1" ?>
<newsitem itemid="633062" id="root" date="1997-06-03" xml:lang="en">
<title>UK: FOCUS-Oil markets weaker as more Iraqi exports loom.</title>
<headline>FOCUS-Oil markets weaker as more Iraqi exports loom.</headline>
<dateline>LONDON 1997-06-03</dateline>
<text>
<p>World oil markets fell on Tuesday amid reports that the United Nations was likely to extend its &quot;oil-for-food&quot; deal with Iraq and jitters ahead of the release of weekly U.S. stocks data.</p>
<p>Members of the Security Council were scheduled to meet on Tuesday to draft a resolution which could be adopted on Wednesday allowing Iraq to sell another $2 billion worth of oil over the next six months.</p>
<p>&quot;The indications are that it will get the go-ahead this week. It might be adopted tomorrow if everyone is in agreement, it depends if anyone wants to take it back to their capitals...There is a formal meeting (of the Security Council) tentatively scheduled for Friday,&quot; a U.N. source said on Tuesday.</p>
<p>Brent Blend crude, the world benchmark grade, was trading 35 cents down at $19.17 a barrel at 1612 GMT in London, It has averaged $19.39 in the past four months.</p>
<p>But while the prospect of fresh Iraqi exports were providing a bearish backdrop to the market, dealers were expecting the deal to be renewed.</p>
<p>The rollover of the Iraqi deal is &quot;already built into the market,&quot; said Bob Finch, head trader at Vitol SA, the world's largest independent oil trading and refining company.</p>
<p>The only uncertainty in oil markets had been whether the United States would approve an extension of the plan.</p>
<p>But on Monday a source familiar with Washington policy said the United States &quot;will be looking favourably toward the rollover&quot;.</p>
<p>The current deal, a humanitarian exception to the broader economic sanctions in place since Iraq's invasion of Kuwait in 1990, expires on June 7.</p>
<p>Under its terms, Baghdad was allowed to use oil earnings to buy food, medicines and other necessities for ordinary Iraqis who have suffered under the sanctions regime.</p>
<p>The release of weekly U.S. stocks data from the American Petroleum Institute (API) after the close of trade on Tuesday were a more immediate attention grabber, traders said.</p>
<p>Oil markets have been volatile in recent weeks and   dealers</p>
<p>are waiting to see if the normal seasonal pick up in gasoline demand in the United States will be enough to underpin prices.</p>
<p>U.S. crude stocks, which have been running 18 million barrels above year-ago levels, will also be watched with interest.</p>
<p>&quot;There's no urge to move out of the current price range,&quot; said Nigel Saperia, managing director of the oil division at Bankers Trust International in London.</p>
<p>&quot;Fundamentally there's too much oil around but frankly there always is at this time of year,&quot; he added.</p>
<p>Despite an overhang of prompt oil, due in part to overproduction by OPEC, the forward outlook is more balanced with winter demand likely to mop up unsold barrels, said traders.</p>
<p>Saudi Arabia, the world's largest oil producer and OPEC heavyweight, expects rising world oil demand to keep crude prices buoyant for the remainder of the year, a Gulf source said recently.</p>
<p>The source, familiar with oil policy in the kingdom, said Saudi expectations for demand on Organisation of the Petroleum Exporting Countries crude this year had been revised higher.</p>
<p>Saudi Arabia saw demand on OPEC oil at around 27 million barrels a day (bpd) on average this year compared to a previous projection of 26.3 million bpd made at the end of last year.</p>
<p>Whereas world demand looked set to rise by some two million bpd this year, extra supplies in 1997 from non-OPEC nations would reach only one million bpd.</p>
<p>&quot;If you have what most people see as 27 million bpd from OPEC and no more than an extra one million coming from non-OPEC then the market will continue balanced to tight,&quot; the Gulf source said.</p>
<p>For the second year running analysts have cut their forecasts for non-OPEC supply growth because new North Sea fields have failed to come on stream when planned.</p>
<p>On Friday the International Energy Agency in Paris, the West's oil watchdog, is due to release figures estimating global oil demand for next winter and beyond.</p>
<p>&quot;The key may well be how oil demand in Asia develops over the rest of the year,&quot; said Scott Carter, senior oil trader at U.S. refiner Tosco in London.</p>
<p>Asia is set to stay one of the fastest growing areas of oil demand over the next few years with Western demand rising relatively slowly.</p>
<p>Crude oil prices in dollars per barrel:</p>
<p>						  June 3   June 2</p>
<p>						(1511 GMT) (close)</p>
<p> Dated Brent				 $18.78    $19.25</p>
<p> IPE July Brent			    $19.18    $19.52</p>
<p> NYMEX July light crude		  $20.56    $20.98</p>
<p>--London Newsroom, - 44 171 542 4984</p>
</text>
<copyright>(c) Reuters Limited 1997</copyright>
<metadata>
<codes class="bip:countries:1.0">
  <code code="UK">
    <editdetail attribution="Reuters BIP Coding Group" action="confirmed" date="1997-06-03"/>
  </code>
</codes>
<codes class="bip:topics:1.0">
  <code code="M14">
    <editdetail attribution="Reuters BIP Coding Group" action="confirmed" date="1997-06-03"/>
  </code>
  <code code="M143">
    <editdetail attribution="Reuters BIP Coding Group" action="confirmed" date="1997-06-03"/>
  </code>
  <code code="MCAT">
    <editdetail attribution="Reuters BIP Coding Group" action="confirmed" date="1997-06-03"/>
  </code>
</codes>
<dc element="dc.date.created" value="1997-06-03"/>
<dc element="dc.publisher" value="Reuters Holdings Plc"/>
<dc element="dc.date.published" value="1997-06-03"/>
<dc element="dc.source" value="Reuters"/>
<dc element="dc.creator.location" value="LONDON"/>
<dc element="dc.creator.location.country.name" value="UK"/>
<dc element="dc.source" value="Reuters"/>
</metadata>
</newsitem>
