<?xml version="1.0" encoding="iso-8859-1" ?>
<newsitem itemid="633031" id="root" date="1997-06-03" xml:lang="en">
<title>LITHUANIA: BIRZAI DAIRY FIVE MONTHS SALES 43.6 MLN LTL.</title>
<headline>BIRZAI DAIRY FIVE MONTHS SALES 43.6 MLN LTL.</headline>
<dateline>VILNIUS 1997-06-03</dateline>
<text>
<p>Lithuanian bourse official list company Birzai Dairy said on Tuesday that its sales during the first five months rose to 43.6 million litas from 34.5 million litas in the same period in 1996.  </p>
<p>The director general of the company Vladas Songaila also told Reuters that sales in May rose to 9.3 million litas compared to 8.2 million litas in April.</p>
<p>&quot;Our local sales in May were 5.2 million litas, a 400,000 litas rise compared to April,&quot; Songaila said.</p>
<p>The company was expecting export sales to exceed local ones in June, he said.</p>
<p>Songaila said that the company controlled around 12 percent of the local milk products market in May.</p>
<p>Birzai sales for 1996 amounted to 95.56 million litas and it had net profits of 1.223 million litas in the first four months.</p>
<p>The company's audited net profit for 1996 was 2.02 million litas.</p>
<p>-- Andrius Vilkancas, Vilnius newsroom +370 2 22 35 17</p>
</text>
<copyright>(c) Reuters Limited 1997</copyright>
<metadata>
<codes class="bip:countries:1.0">
  <code code="LITH">
    <editdetail attribution="Reuters BIP Coding Group" action="confirmed" date="1997-06-03"/>
  </code>
</codes>
<codes class="bip:industries:1.0">
  <code code="I41300">
    <editdetail attribution="Reuters BIP Coding Group" action="confirmed" date="1997-06-03"/>
  </code>
</codes>
<codes class="bip:topics:1.0">
  <code code="C31">
    <editdetail attribution="Reuters BIP Coding Group" action="confirmed" date="1997-06-03"/>
  </code>
  <code code="CCAT">
    <editdetail attribution="Reuters BIP Coding Group" action="confirmed" date="1997-06-03"/>
  </code>
</codes>
<dc element="dc.date.created" value="1997-06-03"/>
<dc element="dc.publisher" value="Reuters Holdings Plc"/>
<dc element="dc.date.published" value="1997-06-03"/>
<dc element="dc.source" value="Reuters"/>
<dc element="dc.creator.location" value="VILNIUS"/>
<dc element="dc.creator.location.country.name" value="LITHUANIA"/>
<dc element="dc.source" value="Reuters"/>
</metadata>
</newsitem>
