<?xml version="1.0" encoding="iso-8859-1" ?>
<newsitem itemid="633085" id="root" date="1997-06-03" xml:lang="en">
<title>UK: London LIFFE futures APT closing prices.</title>
<headline>London LIFFE futures APT closing prices.</headline>
<dateline>LONDON 1997-06-03</dateline>
<text>
<p>London International Financial</p>
<p>Futures Exchange automated pit trading (APT) tabular details:</p>
<p>   CONTRACT (MONTH)	APT CLOSE  SETTLEMENT  PREVIOUS SETTLE</p>
<p>   LONG GILT (JUN) (1/32)  113-15	 113-14	   112-21</p>
<p>   SHORT STERLING (JUN)     93.37	  93.37	    93.35</p>
<p>   GERMAN GOVT BOND (JUN)  101.49	 101.45	   100.77</p>
<p>   EUROMARK (JUN)	     96.81	  96.81	    96.80</p>
<p>   ITALIAN GOVT BOND (JUN) 129.97	 129.80	   129.18</p>
<p>   EUROLIRA (JUN)	     93.23	  93.21	    93.14</p>
<p>   EUROSWISS (JUN)	    98.72	  98.74	    98.81</p>
<p>   FTSE 100 (JUN)	  4,572.00     4,553.00	 4,550.00</p>
</text>
<copyright>(c) Reuters Limited 1997</copyright>
<metadata>
<codes class="bip:countries:1.0">
  <code code="UK">
    <editdetail attribution="Reuters BIP Coding Group" action="confirmed" date="1997-06-03"/>
  </code>
</codes>
<codes class="bip:topics:1.0">
  <code code="M12">
    <editdetail attribution="Reuters BIP Coding Group" action="confirmed" date="1997-06-03"/>
  </code>
  <code code="MCAT">
    <editdetail attribution="Reuters BIP Coding Group" action="confirmed" date="1997-06-03"/>
  </code>
</codes>
<dc element="dc.date.created" value="1997-06-03"/>
<dc element="dc.publisher" value="Reuters Holdings Plc"/>
<dc element="dc.date.published" value="1997-06-03"/>
<dc element="dc.source" value="Reuters"/>
<dc element="dc.creator.location" value="LONDON"/>
<dc element="dc.creator.location.country.name" value="UK"/>
<dc element="dc.source" value="Reuters"/>
</metadata>
</newsitem>
