<?xml version="1.0" encoding="iso-8859-1" ?>
<newsitem itemid="633118" id="root" date="1997-06-03" xml:lang="en">
<title>UK: IPE natgas ticks up in front months, OTC stays sof.</title>
<headline>IPE natgas ticks up in front months, OTC stays sof.</headline>
<dateline>LONDON 1997-06-03</dateline>
<text>
<p>IPE natural gas futures were quiet again on Tuesday afternoon, with only two trades done, one each in July and September. A total of 20 lots traded.</p>
<p>Both deals were done at stronger prices. &quot;That doesn't sit consistently with the OTC market,&quot; said a futures broker, pointing out that the bid/offer spread for the third quarter on the physical market on Tuesday afternoon was 10.25/10.40 pence a therm.</p>
<p>&quot;Figures of 10.50 and 10.70 (the prices on futures for July and September) don't really fit in with that,&quot; he said.</p>
<p>Bids and offers were generally few and far between on Tuesday, although bids were seen on 10 of the 12 contract months, and offers on 11, by the close.</p>
<p>Dealers said that most signals on the physical market, including the settlement of various litigation in the North Sea concerning Enron, and the tender for Balancing Margins gas to be sold by Transco over the summer, were bearish. This made it more surprising that prices had ticked up on the front months on futures.</p>
<p>--Sebastian Alison, London Newsroom, +44 171 542 6412</p>
</text>
<copyright>(c) Reuters Limited 1997</copyright>
<metadata>
<codes class="bip:countries:1.0">
  <code code="UK">
    <editdetail attribution="Reuters BIP Coding Group" action="confirmed" date="1997-06-03"/>
  </code>
</codes>
<codes class="bip:topics:1.0">
  <code code="M14">
    <editdetail attribution="Reuters BIP Coding Group" action="confirmed" date="1997-06-03"/>
  </code>
  <code code="M143">
    <editdetail attribution="Reuters BIP Coding Group" action="confirmed" date="1997-06-03"/>
  </code>
  <code code="MCAT">
    <editdetail attribution="Reuters BIP Coding Group" action="confirmed" date="1997-06-03"/>
  </code>
</codes>
<dc element="dc.date.created" value="1997-06-03"/>
<dc element="dc.publisher" value="Reuters Holdings Plc"/>
<dc element="dc.date.published" value="1997-06-03"/>
<dc element="dc.source" value="Reuters"/>
<dc element="dc.creator.location" value="LONDON"/>
<dc element="dc.creator.location.country.name" value="UK"/>
<dc element="dc.source" value="Reuters"/>
</metadata>
</newsitem>
