<?xml version="1.0" encoding="iso-8859-1" ?>
<newsitem itemid="633100" id="root" date="1997-06-03" xml:lang="en">
<title>UK: IPE gas oil ends weak, Brent slide gathers pace.</title>
<headline>IPE gas oil ends weak, Brent slide gathers pace.</headline>
<dateline>LONDON 1997-06-03</dateline>
<text>
<p>IPE gas oil ended weak on Tuesday, outstripping losses on Brent crude which slid through support levels against a weak fundamental background, brokers said.</p>
<p>June gas oil shed $4 to close at $170 a tonne. By 1700 GMT, July Brent was trading at $19 a barrel, down 52 cents on Monday's close.</p>
<p>&quot;The market this morning didn't have a view and was pretty passive but this afternoon we've started to get some price action without any particular news,&quot; said a senior broker.</p>
<p>July Brent pierced support around $19.10 a barrel as traders and investment funds joined an early local-led selling spree.  </p>
<p>&quot;There was trade selling of the spreads and outright price and as the market hit new lows it attracted heavier fund activity,&quot; said a broker.</p>
<p>Dealers said technical support at $19 on July Brent appeared to be holding but a break below the psychological level would open the way for further losses down to $18.88 last seen three weeks ago.</p>
<p>Expectations that American Petroleum Institute (API) figures due to be released later on Tuesday would show U.S. crude stocks rising further due to a flood of imports dented sentiment, they said.  </p>
<p>Brokers would also be watching the API data for further evidence of the strength of U.S. gasoline demand which typically sets the pace for oil markets during the early summer.</p>
<p>&quot;We're expecting a slight build given the high refinery throughputs,&quot; said a broker.</p>
<p>Also keeping dealers on their toes were continuing discussions in New York aimed at agreeing an extension of the six-month U.N. oil-for-food deal which expires on Saturday.</p>
<p>U.N. Security Council members are scheduled to meet on Tuesday to draft a resolution to allow the pact's renewal, probably by Friday at the latest. --London Newsroom +44 171 542 7930</p>
</text>
<copyright>(c) Reuters Limited 1997</copyright>
<metadata>
<codes class="bip:countries:1.0">
  <code code="UK">
    <editdetail attribution="Reuters BIP Coding Group" action="confirmed" date="1997-06-03"/>
  </code>
</codes>
<codes class="bip:topics:1.0">
  <code code="M14">
    <editdetail attribution="Reuters BIP Coding Group" action="confirmed" date="1997-06-03"/>
  </code>
  <code code="M143">
    <editdetail attribution="Reuters BIP Coding Group" action="confirmed" date="1997-06-03"/>
  </code>
  <code code="MCAT">
    <editdetail attribution="Reuters BIP Coding Group" action="confirmed" date="1997-06-03"/>
  </code>
</codes>
<dc element="dc.date.created" value="1997-06-03"/>
<dc element="dc.publisher" value="Reuters Holdings Plc"/>
<dc element="dc.date.published" value="1997-06-03"/>
<dc element="dc.source" value="Reuters"/>
<dc element="dc.creator.location" value="LONDON"/>
<dc element="dc.creator.location.country.name" value="UK"/>
<dc element="dc.source" value="Reuters"/>
</metadata>
</newsitem>
