<?xml version="1.0" encoding="iso-8859-1" ?>
<newsitem itemid="622484" id="root" date="1997-05-29" xml:lang="en">
<title>CANADA: Canada to auction C$500 mln real return bonds.</title>
<headline>Canada to auction C$500 mln real return bonds.</headline>
<dateline>OTTAWA 1997-05-29</dateline>
<text>
<p>The Government of Canada said it plans to auction on June 4 a total of C$500 million of real return bonds with a coupon of 4.25 percent and maturing on December 1, 2026.</p>
<p>The bonds will be dated and delivered on June 9.  </p>
<p>The bonds will be issued with accrued inflation compensation from December 7, 1995 and accrued coupon interest from June 1, 1997.</p>
<p>The reference consumer price index is 133.88065 and the index ratio on June 9, 1997 will be 1.02778.</p>
<p>The bonds are in addition to C$2.35 billion of the issue now outstanding. Proceeds will be used for general purposes.</p>
<p>((Reuters Toronto Bureau (416) 941-8100))</p>
</text>
<copyright>(c) Reuters Limited 1997</copyright>
<metadata>
<codes class="bip:countries:1.0">
  <code code="CANA">
    <editdetail attribution="Reuters BIP Coding Group" action="confirmed" date="1997-05-29"/>
  </code>
</codes>
<codes class="bip:topics:1.0">
  <code code="E21">
    <editdetail attribution="Reuters BIP Coding Group" action="confirmed" date="1997-05-29"/>
  </code>
  <code code="E212">
    <editdetail attribution="Reuters BIP Coding Group" action="confirmed" date="1997-05-29"/>
  </code>
  <code code="ECAT">
    <editdetail attribution="Reuters BIP Coding Group" action="confirmed" date="1997-05-29"/>
  </code>
</codes>
<dc element="dc.date.created" value="1997-05-29"/>
<dc element="dc.publisher" value="Reuters Holdings Plc"/>
<dc element="dc.date.published" value="1997-05-29"/>
<dc element="dc.source" value="Reuters"/>
<dc element="dc.creator.location" value="OTTAWA"/>
<dc element="dc.creator.location.country.name" value="CANADA"/>
<dc element="dc.source" value="Reuters"/>
</metadata>
</newsitem>
