<?xml version="1.0" encoding="iso-8859-1" ?>
<newsitem itemid="622489" id="root" date="1997-05-29" xml:lang="en">
<title>CANADA: Abitibi-Cons sees firmer newsprint prices.</title>
<headline>Abitibi-Cons sees firmer newsprint prices.</headline>
<dateline>MONTREAL 1997-05-29</dateline>
<text>
<p>James Doughan, president and chief executive of Abitibi-Consolidated Inc, said on Thursday that the North American publishing industry expects two newsprint price increases this year, including the one currently in effect.</p>
<p>&quot;I think the publishing industry expects two price increases this year, including the one that's already in effect,&quot; Doughan told reporters shortly after Stone-Consolidated shareholders approved the company's C$4.1 billion merger amalgamation with Abitibi-Price.</p>
<p>Doughan declined to speculate on the amount of any further price increase, but added that publishers fought hard against a March 1 US$75-a-tonne hike in newsprint prices.</p>
<p>Doughan, who was also president and chief executive of Stone-Consoldiated before the merger, said that company's transaction prices for newsprint were US$570 a metric ton.</p>
<p>Doughan said he was optimistic that the newsprint market would improve during the year. One source of uncertainty, however, was Western Canada, where Fletcher Challenge Canada Ltd was in contract talks with two major unions.</p>
<p>&quot;I am not familiar with the details, but my understanding is that they are poles apart in what they are asking,&quot; Doughan said.</p>
<p>&quot;I think there is some concern on the part of publisher and producer alike that there is also a possibility ... of a strike on the west coast,&quot; he said.</p>
<p>That would lead producers to continue to operate at high levels to maintain inventories, he added.</p>
<p>Fletcher Canada is majority owned by New Zealand's Fletcher Challenge Ltd.</p>
<p>In his speech to shareholders, Doughan said the newsprint industry cannot continue to operate at very high output levels because forecasts do not show a &quot;sold-out situation.&quot;</p>
<p>&quot;We think the industry should not continue flat-out production,&quot; he said.</p>
<p>High output levels make it more difficult to keep inventories in balance with demand, he said.</p>
<p>&quot;We find this worrisome despite the fact that inventories have decreased during this (latest) period,&quot; he said.</p>
<p>Doughan told reporters that Roger Stone, major shareholder of Stone Container Corp, which owns 47 percent of Stone-Consolidated and would own 25 percent of Abitibi-Consolidated, has not indicated any plans to sell his stake in the the merged company in the short term.</p>
<p>&quot;Roger has told me he is not interested in selling his share of Stone-Consolidated and paying the tax bill that he would have to pay on it,&quot; Doughan said. ((Reuters Montreal bureau 514-985-2434))</p>
</text>
<copyright>(c) Reuters Limited 1997</copyright>
<metadata>
<codes class="bip:countries:1.0">
  <code code="CANA">
    <editdetail attribution="Reuters BIP Coding Group" action="confirmed" date="1997-05-29"/>
  </code>
</codes>
<codes class="bip:industries:1.0">
  <code code="I47100">
    <editdetail attribution="Reuters BIP Coding Group" action="confirmed" date="1997-05-29"/>
  </code>
</codes>
<codes class="bip:topics:1.0">
  <code code="C18">
    <editdetail attribution="Reuters BIP Coding Group" action="confirmed" date="1997-05-29"/>
  </code>
  <code code="C181">
    <editdetail attribution="Reuters BIP Coding Group" action="confirmed" date="1997-05-29"/>
  </code>
  <code code="C31">
    <editdetail attribution="Reuters BIP Coding Group" action="confirmed" date="1997-05-29"/>
  </code>
  <code code="CCAT">
    <editdetail attribution="Reuters BIP Coding Group" action="confirmed" date="1997-05-29"/>
  </code>
</codes>
<dc element="dc.date.created" value="1997-05-29"/>
<dc element="dc.publisher" value="Reuters Holdings Plc"/>
<dc element="dc.date.published" value="1997-05-29"/>
<dc element="dc.source" value="Reuters"/>
<dc element="dc.creator.location" value="MONTREAL"/>
<dc element="dc.creator.location.country.name" value="CANADA"/>
<dc element="dc.source" value="Reuters"/>
</metadata>
</newsitem>
