<?xml version="1.0" encoding="iso-8859-1" ?>
<newsitem itemid="622492" id="root" date="1997-05-29" xml:lang="en">
<title>CANADA: Alberta regulator bans trading in Bre-X stock.</title>
<headline>Alberta regulator bans trading in Bre-X stock.</headline>
<dateline>CALGARY 1997-05-29</dateline>
<text>
<p>The Alberta Securities Commission on Thursday slapped a cease-trade order on shares of disgraced gold explorer Bre-X Minerals Ltd and sister company Bro-X Minerals Ltd for failing to file financial statements.</p>
<p>The order means shares in the Calgary-based companies, which were delisted on three North American exchanges after Bre-X's Busang gold property in Indonesia was deemed to be a major fraud, cannot be bought or sold in Alberta -- even in the over-the-counter market.  </p>
<p>Bre-X said last week it would not be able to release year-end financial statements in time to meet the commission's guidelines. The companies have not released audited financial statements since last December.</p>
<p>An interim cease-trade order on the shares was already in place in Alberta.</p>
<p>Company officials and its lawyers did not attend the hearing to contest the trading ban.</p>
<p>Commission chairman Bill Hess told reporters that other securities regulators, including the Ontario Securities Commission, had temporary bans in place and those would also likely be extended.</p>
<p>Bre-X and its sister companies have filed for creditor protection in the wake of a stunning report earlier this month that said the Busang property, once touted as the gold find of the century, was worthless and a fraud.</p>
<p>While Thursday's hearing was just to ban trading in Bre-X shares for failure to release financial data, investigations into other possible securities violations involving the company would continue, Hess said.</p>
<p>&quot;There are a number of issues relating to disclosure and insider trading we're looking at,&quot; he said.</p>
<p>Hess said he could not comment on specific details of the probe, including how long it was expected to take.</p>
<p>&quot;Investigations are very complicated. There's a lot of paper work, analysis of trading, computer record, things like that. They do take a long time,&quot; he said.</p>
<p>((Reuters Calgary Bureau (403) 531-1624))</p>
</text>
<copyright>(c) Reuters Limited 1997</copyright>
<metadata>
<codes class="bip:countries:1.0">
  <code code="CANA">
    <editdetail attribution="Reuters BIP Coding Group" action="confirmed" date="1997-05-29"/>
  </code>
  <code code="INDON">
    <editdetail attribution="Reuters BIP Coding Group" action="confirmed" date="1997-05-29"/>
  </code>
</codes>
<codes class="bip:industries:1.0">
  <code code="I21000">
    <editdetail attribution="Reuters BIP Coding Group" action="confirmed" date="1997-05-29"/>
  </code>
</codes>
<codes class="bip:topics:1.0">
  <code code="C13">
    <editdetail attribution="Reuters BIP Coding Group" action="confirmed" date="1997-05-29"/>
  </code>
  <code code="C14">
    <editdetail attribution="Reuters BIP Coding Group" action="confirmed" date="1997-05-29"/>
  </code>
  <code code="C15">
    <editdetail attribution="Reuters BIP Coding Group" action="confirmed" date="1997-05-29"/>
  </code>
  <code code="C152">
    <editdetail attribution="Reuters BIP Coding Group" action="confirmed" date="1997-05-29"/>
  </code>
  <code code="CCAT">
    <editdetail attribution="Reuters BIP Coding Group" action="confirmed" date="1997-05-29"/>
  </code>
</codes>
<dc element="dc.date.created" value="1997-05-29"/>
<dc element="dc.publisher" value="Reuters Holdings Plc"/>
<dc element="dc.date.published" value="1997-05-29"/>
<dc element="dc.source" value="Reuters"/>
<dc element="dc.creator.location" value="CALGARY"/>
<dc element="dc.creator.location.country.name" value="CANADA"/>
<dc element="dc.source" value="Reuters"/>
</metadata>
</newsitem>
