<?xml version="1.0" encoding="iso-8859-1" ?>
<newsitem itemid="622486" id="root" date="1997-05-29" xml:lang="en">
<title>CANADA: Canada dealers set mortgage-backed securities plan.</title>
<headline>Canada dealers set mortgage-backed securities plan.</headline>
<dateline>TORONTO 1997-05-29</dateline>
<text>
<p>Seven investment dealers said on Thursday they had formed a syndicate to revitalize the Canadian market for government-guaranteed National Housing Act Mortgage-Backed Securities.</p>
<p>The seven dealers are Goldman Sachs Canada, Nesbitt Burns, Scotia Capital Markets, CIBC-Wood Gundy Inc, Levesque Beaubien Geoffrion, RBC Dominion Securities Inc and Toronto-Dominion Securities, with Canada Trust committing to assist in developing liquidity and investor participation in the market.</p>
<p>The dealers said in a released statement that the securities offer AAA rated government guaranteed investment option for Canadian investors looking for alternatives to Canadian government bonds.</p>
<p>&quot;We believe this is just the beginning of an overdue Canadian securitization market, the magnitude of which should extend into the billions of dollars,&quot; said Nesbitt Burns Vice Chairman Jim Beqaj.</p>
<p>The securities represent an undivided interest in a Government of Canada guaranteed pool of residential mortgages for sale as fixed-yield debt securities for a minimum of C$5,000.</p>
<p>((Reuters Toronto Bureau 416 941-8100))</p>
</text>
<copyright>(c) Reuters Limited 1997</copyright>
<metadata>
<codes class="bip:countries:1.0">
  <code code="CANA">
    <editdetail attribution="Reuters BIP Coding Group" action="confirmed" date="1997-05-29"/>
  </code>
</codes>
<codes class="bip:industries:1.0">
  <code code="I81402">
    <editdetail attribution="Reuters BIP Coding Group" action="confirmed" date="1997-05-29"/>
  </code>
  <code code="I81501">
    <editdetail attribution="Reuters BIP Coding Group" action="confirmed" date="1997-05-29"/>
  </code>
  <code code="I8150103">
    <editdetail attribution="Reuters BIP Coding Group" action="confirmed" date="1997-05-29"/>
  </code>
  <code code="I83100">
    <editdetail attribution="Reuters BIP Coding Group" action="confirmed" date="1997-05-29"/>
  </code>
</codes>
<codes class="bip:topics:1.0">
  <code code="C11">
    <editdetail attribution="Reuters BIP Coding Group" action="confirmed" date="1997-05-29"/>
  </code>
  <code code="C17">
    <editdetail attribution="Reuters BIP Coding Group" action="confirmed" date="1997-05-29"/>
  </code>
  <code code="C172">
    <editdetail attribution="Reuters BIP Coding Group" action="confirmed" date="1997-05-29"/>
  </code>
  <code code="CCAT">
    <editdetail attribution="Reuters BIP Coding Group" action="confirmed" date="1997-05-29"/>
  </code>
  <code code="M12">
    <editdetail attribution="Reuters BIP Coding Group" action="confirmed" date="1997-05-29"/>
  </code>
  <code code="MCAT">
    <editdetail attribution="Reuters BIP Coding Group" action="confirmed" date="1997-05-29"/>
  </code>
</codes>
<dc element="dc.date.created" value="1997-05-29"/>
<dc element="dc.publisher" value="Reuters Holdings Plc"/>
<dc element="dc.date.published" value="1997-05-29"/>
<dc element="dc.source" value="Reuters"/>
<dc element="dc.creator.location" value="TORONTO"/>
<dc element="dc.creator.location.country.name" value="CANADA"/>
<dc element="dc.source" value="Reuters"/>
</metadata>
</newsitem>
