<?xml version="1.0" encoding="iso-8859-1" ?>
<newsitem itemid="622509" id="root" date="1997-05-29" xml:lang="en">
<title>USA: FULL TEXT - Sun City future in question.</title>
<headline>FULL TEXT - Sun City future in question.</headline>
<text>
<p>Sun City industries said Thursday it lost $0.59 in the fourth quarter vs a loss of $0.82 a year earlier, that its president Gustave Minkin had died, that it was no longer able to satisfy American Stock Exchange listing guidelines and that its ability to continue as a going concern was in question.</p>
<p>A full text of the company's press release follows.</p>
<p>--------------------Press Release--------------------------------</p>
<p>FORT LAUDERDALE, Fla., May 29 /PRNewswire/ -- The following was issued today by Sun City Industries, Inc. (AMEX: SNI):</p>
<p>Sun City Industries, Inc., which until the end of fiscal 1996 operated mainly as a processor and distributor of shell eggs along the eastern seaboard of the United States, today reported its twelve months and fourth quarter results as primarily a foodservice distribution company with its major sales concentration in the State of Florida.</p>
<p>For the fourth quarter, Sun City is reporting a net loss of $854,266 or $.59 per share versus a net loss of $1,184,922 or $.82 per share for the same period a year ago.  Sales for the fourth quarter amounted to $17,649,386 or 28.6% below the $24,715,194 reported for the same period a year earlier.</p>
<p>For the fiscal year, the Company incurred a net loss of $1,167,087 or $.8l per share, substantially below the loss of $2,761,305 or $1.92 per share reported for the previous fiscal year.  Sales for the fiscal year reached $68,245,383 versus $91,084,629 or 25.1% below the prior year.  The sales decreases for the fiscal year and fourth quarter are a direct result of the sale and elimination of three egg operations sold during fiscal 1996 and a decline in sales at the Port Richey, Florida foodservice operation.</p>
<p>As a result of the transition from an egg processing and distribution company to that of primarily a foodservice distributor, cost of sales decreased 1.2% from 95.2% in fiscal 1996 to 94.0% in the current fiscal year, while selling, general and administrative expense held steady at 6.5% for both fiscal years.</p>
<p>Although the Company by eliminating its egg processing operations reduced its losses appreciably, it fell victim to several factors which contributed to the negative fiscal year and fourth quarter results:</p>
<p>-- Reduced sales at the Port Richey operation, adversely affected operating results.</p>
<p>-- Relocation costs, expenses and high write-offs experienced in the Produce division during the period we relocated to larger facilities, reduced profits substantially in this division.</p>
<p>-- An overall greater provision and reserve for bad debts and doubtful accounts was required by year end.</p>
<p>-- And lastly, we were faced with much higher effective interest rates and increased costs associated with the Company's default with its major lender for the second half and fourth quarter of the fiscal year.</p>
<p>As a result of a major liquidity problem experienced during the second half of the fiscal year, the Company was unable to make its interest payments on the Senior Subordinated Convertible Debentures due August 1, 1996 and February 1, 1997 amounting to $119,000.  As a result, the $1.4 million of Bonds are being classified as a current liability.</p>
<p>Due to the losses experienced the past two years, the recent default with our major lender and our failure to make required interest payments to our bondholders, the report of the independent accountants questions the Company's ability to continue, as a going concern.  Additionally, as a result of our poor financial condition, the Company no longer satisfies the guidelines for continued listing on the American Stock Exchange. At this time, there can be no assurance that the Company will remain listed.</p>
<p>It is with the deepest regret, we announce the unfortunate passing of our beloved President, Mr. Gustave Minkin on May 25, 1997.  Mr. Minkin for the past 27 years has been a dedicated, devoted and loyal member of our management team and we will all miss him dearly.</p>
</text>
<copyright>(c) Reuters Limited 1997</copyright>
<metadata>
<codes class="bip:countries:1.0">
  <code code="USA">
    <editdetail attribution="Reuters BIP Coding Group" action="confirmed" date="1997-05-29"/>
  </code>
</codes>
<codes class="bip:industries:1.0">
  <code code="I41000">
    <editdetail attribution="Reuters BIP Coding Group" action="confirmed" date="1997-05-29"/>
  </code>
</codes>
<codes class="bip:topics:1.0">
  <code code="C14">
    <editdetail attribution="Reuters BIP Coding Group" action="confirmed" date="1997-05-29"/>
  </code>
  <code code="C15">
    <editdetail attribution="Reuters BIP Coding Group" action="confirmed" date="1997-05-29"/>
  </code>
  <code code="C151">
    <editdetail attribution="Reuters BIP Coding Group" action="confirmed" date="1997-05-29"/>
  </code>
  <code code="C1511">
    <editdetail attribution="Reuters BIP Coding Group" action="confirmed" date="1997-05-29"/>
  </code>
  <code code="C41">
    <editdetail attribution="Reuters BIP Coding Group" action="confirmed" date="1997-05-29"/>
  </code>
  <code code="C411">
    <editdetail attribution="Reuters BIP Coding Group" action="confirmed" date="1997-05-29"/>
  </code>
  <code code="CCAT">
    <editdetail attribution="Reuters BIP Coding Group" action="confirmed" date="1997-05-29"/>
  </code>
</codes>
<dc element="dc.publisher" value="Reuters Holdings Plc"/>
<dc element="dc.date.published" value="1997-05-29"/>
<dc element="dc.source" value="Reuters"/>
<dc element="dc.creator.location.country.name" value="USA"/>
<dc element="dc.source" value="Reuters"/>
</metadata>
</newsitem>
