<?xml version="1.0" encoding="iso-8859-1" ?>
<newsitem itemid="622561" id="root" date="1997-05-29" xml:lang="en">
<title>USA: Station Casinos sells $150 mln 144a notes.</title>
<headline>Station Casinos sells $150 mln 144a notes.</headline>
<dateline>NEW YORK 1997-05-29</dateline>
<text>
<p>The following debt issue from Station Casinos Inc was priced in the 144A private placement market on Thursday via BancAmerica Securities Inc, according to market sources.</p>
<p>Station Casinos is a Las-Vegas-based casino company that owns and operates facilities in Nevada and Missouri.</p>
<p>BORROWER STATION CASINOS INC</p>
<p>AMT $150 MLN	 COUPON 9.75 PCT   MATURITY 4/15/2007</p>
<p>TYPE SNR SUB NOTES ISS PRICE 96.90   FIRST PAY DATE 10/15/1997</p>
<p>LAST MOODY'S B2    YIELD 10.25 PCT   PAY FREQ  SEMI-ANNUAL</p>
<p>LAST S&amp;P B-PLUS    SPREAD +351 BPS   CALLABLE  NON-CALL FIVE</p>
<p>((--U.S. Corporate Bond Unit, 212 859-1678))</p>
</text>
<copyright>(c) Reuters Limited 1997</copyright>
<metadata>
<codes class="bip:countries:1.0">
  <code code="USA">
    <editdetail attribution="Reuters BIP Coding Group" action="confirmed" date="1997-05-29"/>
  </code>
</codes>
<codes class="bip:industries:1.0">
  <code code="I97912">
    <editdetail attribution="Reuters BIP Coding Group" action="confirmed" date="1997-05-29"/>
  </code>
</codes>
<codes class="bip:topics:1.0">
  <code code="C17">
    <editdetail attribution="Reuters BIP Coding Group" action="confirmed" date="1997-05-29"/>
  </code>
  <code code="C172">
    <editdetail attribution="Reuters BIP Coding Group" action="confirmed" date="1997-05-29"/>
  </code>
  <code code="CCAT">
    <editdetail attribution="Reuters BIP Coding Group" action="confirmed" date="1997-05-29"/>
  </code>
</codes>
<dc element="dc.date.created" value="1997-05-29"/>
<dc element="dc.publisher" value="Reuters Holdings Plc"/>
<dc element="dc.date.published" value="1997-05-29"/>
<dc element="dc.source" value="Reuters"/>
<dc element="dc.creator.location" value="NEW YORK"/>
<dc element="dc.creator.location.country.name" value="USA"/>
<dc element="dc.source" value="Reuters"/>
</metadata>
</newsitem>
