<?xml version="1.0" encoding="iso-8859-1" ?>
<newsitem itemid="622557" id="root" date="1997-05-29" xml:lang="en">
<title>USA: Analysts see Gucci as buy opportunity.</title>
<headline>Analysts see Gucci as buy opportunity.</headline>
<byline>Ian Simpson</byline>
<dateline>NEW YORK 1997-05-29</dateline>
<text>
<p>Wall Street analysts said luxury goods company Gucci Group NV  remained attractive despite a sharp drop in the company's shares Thursday.</p>
<p>They said Gucci's announcement of first quarter results showed some weakness in sales due partly to a softer yen. Gucci's American Depositary Receipts closed down 5-7/8 at 68-1/2 Thursday in heavy trade.</p>
<p>&quot;I think it's a total overreaction,&quot; said Kimberly Walin, an analyst at Furman Selz. &quot;I would be an aggressive buyer at this level.&quot;  </p>
<p>Following a telephone conference call with company executives, she raised her estimates for fiscal 1997 earnings per ADR to $3.35 from $3.30 and to $4 from $3.95 in fiscal 1998.</p>
<p>Stacy Pak, an analyst at Credit Suisse First Boston, said she had kept a 12-month price target of $95 for the ADRs.</p>
<p>&quot;I'm saying it's a buying opportunity and the reaction to the yen is overdone,&quot; she said.</p>
<p>The company reported Thursday that sales for the first quarter ended April 30 rose 31.5 percent to $254.3 million. The figures beat Gucci's expectations.  </p>
<p>Chief executive Domenico De Sole said in a statement the results came despite weakness in the yen that hurt Japanese tourism and spending, especially in April.</p>
<p>The company saw a big drop in Japanese travel and luxury goods spending during the Golden Week holiday at the end of April.</p>
<p>Andrea Ruggeri, an analyst with Goldman Sachs in London, said he was keeping his rating of market outperform on the stock but trimming his estimate for earnings per ADR.</p>
<p>&quot;This is entirely and exclusively due to weaker ready-to-wear sales and weaker&quot; sales of ties and scarves, he said.</p>
<p>Ruggeri called the weaker yen a short-term factor for Gucci.</p>
<p>&quot;I think the stock is fundamentally cheap so it is a long-term buying opportunity,&quot; he said.</p>
<p>He cut his estimate of earnings per ADR to $3.31 from $3.46 for fiscal 1997 and to $4.02 from $4.26 in the following year. Ruggeri kept an 18-month target of $80 to $85 on the stock.</p>
<p>((-- Wall Street desk (212) 859-1730))</p>
</text>
<copyright>(c) Reuters Limited 1997</copyright>
<metadata>
<codes class="bip:countries:1.0">
  <code code="USA">
    <editdetail attribution="Reuters BIP Coding Group" action="confirmed" date="1997-05-29"/>
  </code>
</codes>
<codes class="bip:industries:1.0">
  <code code="I44000">
    <editdetail attribution="Reuters BIP Coding Group" action="confirmed" date="1997-05-29"/>
  </code>
</codes>
<codes class="bip:topics:1.0">
  <code code="C15">
    <editdetail attribution="Reuters BIP Coding Group" action="confirmed" date="1997-05-29"/>
  </code>
  <code code="C152">
    <editdetail attribution="Reuters BIP Coding Group" action="confirmed" date="1997-05-29"/>
  </code>
  <code code="CCAT">
    <editdetail attribution="Reuters BIP Coding Group" action="confirmed" date="1997-05-29"/>
  </code>
</codes>
<dc element="dc.date.created" value="1997-05-29"/>
<dc element="dc.publisher" value="Reuters Holdings Plc"/>
<dc element="dc.date.published" value="1997-05-29"/>
<dc element="dc.source" value="Reuters"/>
<dc element="dc.creator.location" value="NEW YORK"/>
<dc element="dc.creator.location.country.name" value="USA"/>
<dc element="dc.source" value="Reuters"/>
</metadata>
</newsitem>
