<?xml version="1.0" encoding="iso-8859-1" ?>
<newsitem itemid="622533" id="root" date="1997-05-29" xml:lang="en">
<title>USA: Holly seeks Nasdaq listing hearing.</title>
<headline>Holly seeks Nasdaq listing hearing.</headline>
<dateline>BALA CYNWYD, Pa. 1997-05-29</dateline>
<text>
<p>Holly Holdings Inc said on Thursday it filed a request for a hearing before Nasdaq's listing qualifications committee, which delays the delisting of the company until the hearing.</p>
<p>Holly Holdings plans to present its restructuring and diversification plans, while bringing its Country World Casino project back on track, it said.</p>
<p>The company's Country World Casino Inc unit was in Chapter 11, but as of March 13, the unit has repaid creditors and is in talks to arrange financing.</p>
</text>
<copyright>(c) Reuters Limited 1997</copyright>
<metadata>
<codes class="bip:countries:1.0">
  <code code="USA">
    <editdetail attribution="Reuters BIP Coding Group" action="confirmed" date="1997-05-29"/>
  </code>
</codes>
<codes class="bip:industries:1.0">
  <code code="I46000">
    <editdetail attribution="Reuters BIP Coding Group" action="confirmed" date="1997-05-29"/>
  </code>
</codes>
<codes class="bip:topics:1.0">
  <code code="C14">
    <editdetail attribution="Reuters BIP Coding Group" action="confirmed" date="1997-05-29"/>
  </code>
  <code code="CCAT">
    <editdetail attribution="Reuters BIP Coding Group" action="confirmed" date="1997-05-29"/>
  </code>
</codes>
<dc element="dc.date.created" value="1997-05-29"/>
<dc element="dc.publisher" value="Reuters Holdings Plc"/>
<dc element="dc.date.published" value="1997-05-29"/>
<dc element="dc.source" value="Reuters"/>
<dc element="dc.creator.location" value="BALA CYNWYD, Pa."/>
<dc element="dc.creator.location.country.name" value="USA"/>
<dc element="dc.source" value="Reuters"/>
</metadata>
</newsitem>
