<?xml version="1.0" encoding="iso-8859-1" ?>
<newsitem itemid="622548" id="root" date="1997-05-29" xml:lang="en">
<title>USA: U.S. spot resids mostly hold again with crude.</title>
<headline>U.S. spot resids mostly hold again with crude.</headline>
<dateline>NEW YORK 1997-05-29</dateline>
<text>
<p>U.S. spot residual fuel prices mostly stayed unchanged on Wednesday in thin trade, helped by a slightly firmer crude market and prospects for better utility buying once hotter weather kicks in, market sources said.</p>
<p>&quot;The market feels stable to firm, but there's not a lot of demand. We're just waiting for the heat,&quot; said one cash trader, noting fairly mild eastern and southern weather was hampering utility demand.</p>
<p>In New York Harbor, physical one percent was still quoted in the $16.50-$16.75 a barrel area, while 0.3 percent high pour notionally edged up slightly to the low-$17s, traders said.  </p>
<p>High sulphurs in New York held relatively steady, with three percent still talked on either side of $14.50.</p>
<p>At the U.S. Gulf, one percent remained quoted at $16.25, while three percent also was little changed at $14.25-$14.50.</p>
<p>No NYH or USG deals were reported.</p>
<p>New York city gate June gas prices slipped about 10 cents to about the $2.50/mmBtu area, or $15.75 a barrel equivalent. June gas at Henry Hub, the NYMEX delivery point, fell by about a nickel to $2.29/mmBtu, or $14.43 a barrel.</p>
<p>((J Silha, New York Power Desk 212-859-1624))</p>
</text>
<copyright>(c) Reuters Limited 1997</copyright>
<metadata>
<codes class="bip:countries:1.0">
  <code code="USA">
    <editdetail attribution="Reuters BIP Coding Group" action="confirmed" date="1997-05-29"/>
  </code>
</codes>
<codes class="bip:topics:1.0">
  <code code="M14">
    <editdetail attribution="Reuters BIP Coding Group" action="confirmed" date="1997-05-29"/>
  </code>
  <code code="M143">
    <editdetail attribution="Reuters BIP Coding Group" action="confirmed" date="1997-05-29"/>
  </code>
  <code code="MCAT">
    <editdetail attribution="Reuters BIP Coding Group" action="confirmed" date="1997-05-29"/>
  </code>
</codes>
<dc element="dc.date.created" value="1997-05-29"/>
<dc element="dc.publisher" value="Reuters Holdings Plc"/>
<dc element="dc.date.published" value="1997-05-29"/>
<dc element="dc.source" value="Reuters"/>
<dc element="dc.creator.location" value="NEW YORK"/>
<dc element="dc.creator.location.country.name" value="USA"/>
<dc element="dc.source" value="Reuters"/>
</metadata>
</newsitem>
