<?xml version="1.0" encoding="iso-8859-1" ?>
<newsitem itemid="622580" id="root" date="1997-05-29" xml:lang="en">
<title>USA: As US stocks adjust to &quot;new&quot; economy, bonds don't.</title>
<headline>As US stocks adjust to &quot;new&quot; economy, bonds don't.</headline>
<byline>Steven Scheer</byline>
<dateline>NEW YORK 1997-05-29</dateline>
<text>
<p>A healthy economy coupled with no signs of inflationary pressures, a Federal Reserve unlikley to ratchet interest rates up substantially and major progress on a balanced budget deal seems like a good recipe for both stocks and bonds.</p>
<p>But for more than a year, U.S. stock prices have soared while bond prices have struggled, leading many analysts to believe the stock market has adjusted to the &quot;new&quot; economy of solid growth, low unemployment, high productivity and low inflation while the bond market has not adjusted and is still living in the past.  </p>
<p>&quot;Bond people are having a difficult time believing we could have growth close to 3 percent and not have that translate into upward pressure on inflation,&quot; said Steven Slifer, chief economist at Lehman Brothers Inc.</p>
<p>Therefore the bond market remains constantly worried that the U.S economy's growth rate continues to average above three percent while its unemployment rate keeps falling -- hitting a 24-year low in April at 4.9 percent -- which will eventually lead to wage pressures leading bond prices to suffer heavily.  </p>
<p>Wages have risen, but mainly in the high technology sector and in factories where the productivity gains have been greatest. Still, the market had been on alert for a rate hike since last July. Even though the Fed left rates alone at its May policy setting meeting, most traders and analysts believe the Fed still has a couple of more tightening steps to take.</p>
<p>The move to tighter monetary policy in March has clearly impacted both stocks and bonds, but in different ways.  </p>
<p>Since the beginning of the year, June bond futures have fallen 3.4 percent and the U.S. Treasury 30-year bond's yield rose to 7 percent from a low of 6.64 percent on December 31, while June stock futures have risen 13.3 percent and the Dow Jones industrial average has jumped nearly 1,000 points as it flirts with record levels almost daily evaporating a 10 percent correction in stocks and putting the Dow in sight of the 8,000 point level by year's end.  </p>
<p>Much of the stock market's success stems from corporate earnings that surpassed analysts expectations. But, analysts noted, the good earnings result from increased worker productivity and companies operating more efficiently.</p>
<p>&quot;Companies are keeping a tight reign on margins, so at the first hint of earnings slipping, they lay off people,&quot; said Slifer. &quot;Firms are paying close attention to labor costs but the bond market hasn't figured that out yet and continues to worry about wage pressures.&quot;  </p>
<p>Consumer inflation has stuck close to a 3 percent rate the past five years and is running at a 2.5 percent pace in 1997. But U.S. Treasury bond yields are about 7 percent. That 450 basis points spread is well above the historical norm of a 250 basis points between inflation and bonds.</p>
<p>So, bond yields should be at 5 percent given the current environment and historical patterns, analysts said.  </p>
<p>&quot;It's not (actual) inflation but the risk&quot; spooking the bond market, said Allen Sinai, chief global economist at Primark Descision Economics. &quot;I think the pricing is about right.&quot;</p>
<p>Sinai argued that in the past, a strong economy and a tight labor market led to a pickup in inflation.</p>
<p>This time around &quot;we won't get history, but the bond market can't forget history -- and shouldn't,&quot; he said. &quot;Someday, it will become crystal clear that the new economy will persist. Then, we will have a big rally in bonds. But for now, it is more likely (bonds) will have more trouble before the way is clear.&quot;  </p>
<p>Numerous factors point in favor of stocks outperforming bonds in the near term, Peter Canello, chief U.S. investment strategist at Dean Witter Reynolds said.</p>
<p>&quot;Everything I can think of helps the stock market and nothing helps the bond market,&quot; Canello said.</p>
<p>He cited favorable valuations and a slim 5 percent spread between stocks and bonds as a key reason more money is flowing into stocks, as well as the strong corporate earnings, a strong economy, a likely capital gains tax cut and huge stock inflows from 401(K) plans.  </p>
<p>Allocations for equities are generally stronger than for bonds from 401(K)'s by a 75 percent to 25 percent ratio. This ratio could widen as more people realize they are underinvensted for retirement.</p>
<p>At the same time, the U.S. budget deal favors stocks over bonds since the first few years of the five-year accord to balance the budget will have tax cuts and spending increases, only to reverse after the year 2000, some analysts argued.</p>
<p>Analysts also pointed out that the bond market doesn't usually like a strong economy because of its inflation potential, while a healthy economy is typically good for earnings.  </p>
<p>Furthermore current monetary policy helps stock prices as a few small rate hikes should ensure a longer non-inflationary economic expansion.</p>
<p>&quot;Stocks are winning because in a strong economy, good profits beat out (rising) interest rates,&quot; said Bob DiClemente, senior economist at Salomon Brothers.</p>
<p>&quot;But it could be worse for bonds,&quot; he added. &quot;We may not be at 6.5 percent (on bonds) but we are not at 7.5 percent either. The last time we were at 5.5 percent (fed funds), we were at least 50 basis points higher (for the long bond).&quot;  </p>
<p>Indeed, when the Fed hiked rates by 75 basis points to 5.5 percent on November 15, 1994, the 30-year bond yield was above 8 percent. The stock market also performed rather poorly for much of 1994 as interest rates rose significantly.</p>
<p>&quot;Inflation has stopped falling and slack has eroded. So, if demand continues the way it has the past year then there will be further real rate pressures and further challenges to the stock market,&quot; said DiClemente. &quot;We'll get higher rates and a squeeze on profit margins, which could be a tough go on equites.&quot;</p>
<p>&quot;There is a limit to how much of a different direction the equity market could go given current circumstances,&quot; said Bruce Steinberg, chief economist at Merrill Lynch &amp; Co. &quot;Bond yields over 7 percent will have an impact on equities in the near term.&quot;</p>
<p>(( -- N.A. Treasury Desk, 212-859-1867 ))</p>
</text>
<copyright>(c) Reuters Limited 1997</copyright>
<metadata>
<codes class="bip:countries:1.0">
  <code code="USA">
    <editdetail attribution="Reuters BIP Coding Group" action="confirmed" date="1997-05-29"/>
  </code>
</codes>
<codes class="bip:topics:1.0">
  <code code="M11">
    <editdetail attribution="Reuters BIP Coding Group" action="confirmed" date="1997-05-29"/>
  </code>
  <code code="M12">
    <editdetail attribution="Reuters BIP Coding Group" action="confirmed" date="1997-05-29"/>
  </code>
  <code code="MCAT">
    <editdetail attribution="Reuters BIP Coding Group" action="confirmed" date="1997-05-29"/>
  </code>
</codes>
<dc element="dc.date.created" value="1997-05-29"/>
<dc element="dc.publisher" value="Reuters Holdings Plc"/>
<dc element="dc.date.published" value="1997-05-29"/>
<dc element="dc.source" value="Reuters"/>
<dc element="dc.creator.location" value="NEW YORK"/>
<dc element="dc.creator.location.country.name" value="USA"/>
<dc element="dc.source" value="Reuters"/>
</metadata>
</newsitem>
