<?xml version="1.0" encoding="iso-8859-1" ?>
<newsitem itemid="622595" id="root" date="1997-05-29" xml:lang="en">
<title>USA: Privatized U.S. social security seen revenue boost.</title>
<headline>Privatized U.S. social security seen revenue boost.</headline>
<byline>Chris Stetkiewicz</byline>
<dateline>WASHINGTON 1997-05-29</dateline>
<text>
<p>Privatizing America's underfunded Social Security system would preserve or enhance its current payouts without higher taxes, according to researchers.</p>
<p>Two separate reports presented at the libertarian Cato Institute Thursday each urged action as soon as possible to minimize the transition costs involved with reforming the 62-year-old system.</p>
<p>&quot;The window of opportunity for such a privatized system is narrow, and the sooner it is undertaken, the better,&quot; said Jagadeesh Gokhale, an economist at the Federal Reserve Bank of Cleveland.</p>
<p>Gokhale and Peter Ferrara, chief economist at advocacy group Americans for Tax Reform, each outlined proposals.</p>
<p>Gokhale's would shift workers under a certain age to a new system allowing them to invest up to 46 percent of their Social Security taxes in private funds, including stocks, bonds and mutual funds, mimicking current Individual Retirement Accounts (IRAs).</p>
<p>The plan would preserve the current 6.4-percent Social Security payroll tax paid by both workers and employers.  </p>
<p>Ferrara's proposal would allow all workers to either stay in the current plan or pay a five percent tax, matched by employers, that would go toward private investments.</p>
<p>This plan would ultimately generate federal revenues, via higher savings and investment, that would far exceed current budget deficits, Ferrara claimed.</p>
<p>In addition, retirees would ultimately enjoy vastly higher payouts, he added.</p>
<p>&quot;With half the average stock returns in the United States over the past 70 years, today's young workers would receive about three times the benefits promised to them by Social Security,&quot; Ferrara said.</p>
<p>Each plan would require some transition financing, and the economists offered a variety of options, including temporary government borrowings which would be retired as the system began to accumulate reserves.</p>
<p>In addition, each plan would require reductions in other federal spending of at least $35 billion annually, roughly the amount the government would otherwise borrow from Social Security surpluses to fund current deficit spending.  </p>
<p>&quot;Instead of raising concern over the short-term budget impact of the transition in producing deficits, Social Security privatization should be seen as a way of eliminating long-term federal deficits,&quot; Ferrara said.</p>
<p>Social Security currently produces annual surpluses, but America's aging population threatens to bankrupt the system early next century, with deficits expected in 15 years or so.</p>
<p>Both economists recognized that shifting huge sums into investment markets could lower returns, particularly on bonds, much as Japan's high savings rate weighs down yields there.</p>
<p>But even well below the average after-tax private market returns Gokhale estimates at 8.0 percent annually, invested funds would grow much faster than the current pay-as-you-go system alows.</p>
<p>Under the current program, Social Security receipts would grow about 2.0 percent a year -- the sum of population growth plus productivity improvements, Gokhale asserted.</p>
<p>Neither plan addressed recent proposals to shave Social Security and other entitlement payments by reducing annual cost-of-living increases to account for reported upward bias in the consumer price index inflation gauge.  </p>
<p>&quot;CPI indexation is just a disguised benefit cut that would pull the rug out from retirees who are counting on those benefits, and that was not our intent,&quot; Gokhale told Reuters.</p>
<p>(( --202-898-8377 ))</p>
</text>
<copyright>(c) Reuters Limited 1997</copyright>
<metadata>
<codes class="bip:countries:1.0">
  <code code="USA">
    <editdetail attribution="Reuters BIP Coding Group" action="confirmed" date="1997-05-29"/>
  </code>
</codes>
<codes class="bip:topics:1.0">
  <code code="C18">
    <editdetail attribution="Reuters BIP Coding Group" action="confirmed" date="1997-05-29"/>
  </code>
  <code code="C183">
    <editdetail attribution="Reuters BIP Coding Group" action="confirmed" date="1997-05-29"/>
  </code>
  <code code="CCAT">
    <editdetail attribution="Reuters BIP Coding Group" action="confirmed" date="1997-05-29"/>
  </code>
  <code code="E12">
    <editdetail attribution="Reuters BIP Coding Group" action="confirmed" date="1997-05-29"/>
  </code>
  <code code="ECAT">
    <editdetail attribution="Reuters BIP Coding Group" action="confirmed" date="1997-05-29"/>
  </code>
  <code code="GCAT">
    <editdetail attribution="Reuters BIP Coding Group" action="confirmed" date="1997-05-29"/>
  </code>
  <code code="GWELF">
    <editdetail attribution="Reuters BIP Coding Group" action="confirmed" date="1997-05-29"/>
  </code>
</codes>
<dc element="dc.date.created" value="1997-05-29"/>
<dc element="dc.publisher" value="Reuters Holdings Plc"/>
<dc element="dc.date.published" value="1997-05-29"/>
<dc element="dc.source" value="Reuters"/>
<dc element="dc.creator.location" value="WASHINGTON"/>
<dc element="dc.creator.location.country.name" value="USA"/>
<dc element="dc.source" value="Reuters"/>
</metadata>
</newsitem>
