<?xml version="1.0" encoding="iso-8859-1" ?>
<newsitem itemid="622505" id="root" date="1997-05-29" xml:lang="en">
<title>USA: U.S. certified coffee stocks dip as of May 28.</title>
<headline>U.S. certified coffee stocks dip as of May 28.</headline>
<text>
<p>TOTAL ALL WAREHOUSES: May   28 - 49,258 60-kg bags</p>
<p>			    May   27 - 49,712 bags</p>
<p>			    May   23 - 49,712 bags</p>
<p>Latest data as of May 28</p>
<p>Warehouses:  New York   New Orleans	 Miami     Total</p>
<p>Orgins:</p>
<p>Burundi		0		  0	     0	   0</p>
<p>Colombia	 1,016		  0	     0     1,016</p>
<p>Costa Rica	 875	    1,245	     0     2,120</p>
<p>Dominican Rep  1,500		397	 5,506     7,403</p>
<p>Ecuador		0		  0	     0	   0</p>
<p>Guatemala	2,817	    6,248	 2,000    11,065</p>
<p>Honduras	 1,755	    5,499	 6,500    13,754</p>
<p>India		  0		  0	     0	   0</p>
<p>Mexico	     250	    7,381	     0     7,631</p>
<p>Peru		   0		750	   500     1,250</p>
<p>El Salvador	  0	    4,250	   750     5,000</p>
<p>Nicaragua	    0		  0	     0	   0</p>
<p>Venezuela	    0		  0	    19	  19</p>
<p>Tanzania	     0		  0	     0	   0</p>
<p>TOTAL:	   8,213	   25,770	15,275    49,258</p>
<p>Net Change: down 454 bags.</p>
<p>Number of bags pending grading in New York: 0; New Orleans: 0; Miami: 0.</p>
<p>Number of bags graded in New York: 0, New Orleans: 0; Miami: 0.</p>
<p>Number of bags passed in New York: 0, New Orleans: 0; Miami: 0.</p>
<p>* There are currently no exchange certified warehouses in the port of San Francisco.</p>
<p>--New York Commodity Desk, +1-212-859-1640</p>
</text>
<copyright>(c) Reuters Limited 1997</copyright>
<metadata>
<codes class="bip:countries:1.0">
  <code code="USA">
    <editdetail attribution="Reuters BIP Coding Group" action="confirmed" date="1997-05-29"/>
  </code>
</codes>
<codes class="bip:industries:1.0">
  <code code="I01001">
    <editdetail attribution="Reuters BIP Coding Group" action="confirmed" date="1997-05-29"/>
  </code>
  <code code="I0100137">
    <editdetail attribution="Reuters BIP Coding Group" action="confirmed" date="1997-05-29"/>
  </code>
</codes>
<codes class="bip:topics:1.0">
  <code code="C21">
    <editdetail attribution="Reuters BIP Coding Group" action="confirmed" date="1997-05-29"/>
  </code>
  <code code="CCAT">
    <editdetail attribution="Reuters BIP Coding Group" action="confirmed" date="1997-05-29"/>
  </code>
  <code code="M14">
    <editdetail attribution="Reuters BIP Coding Group" action="confirmed" date="1997-05-29"/>
  </code>
  <code code="M141">
    <editdetail attribution="Reuters BIP Coding Group" action="confirmed" date="1997-05-29"/>
  </code>
  <code code="MCAT">
    <editdetail attribution="Reuters BIP Coding Group" action="confirmed" date="1997-05-29"/>
  </code>
</codes>
<dc element="dc.publisher" value="Reuters Holdings Plc"/>
<dc element="dc.date.published" value="1997-05-29"/>
<dc element="dc.source" value="Reuters"/>
<dc element="dc.creator.location.country.name" value="USA"/>
<dc element="dc.source" value="Reuters"/>
</metadata>
</newsitem>
