<?xml version="1.0" encoding="iso-8859-1" ?>
<newsitem itemid="622565" id="root" date="1997-05-29" xml:lang="en">
<title>USA: Cotton farmers go high-tech with online marketing.</title>
<headline>Cotton farmers go high-tech with online marketing.</headline>
<byline>Suzanne Rostler</byline>
<dateline>NEW YORK 1997-05-29</dateline>
<text>
<p>In an attempt to keep pace with the increasingly high-tech world of agriculture, the National Cotton Council (NCC) has launched the first online risk management tool for farmers.</p>
<p>The software creates various fundamental market scenarios to help growers make decisions on a range of risk factors. It contains end-of-the-day futures and options activity, world price data, reports on risk management, and historic relationships between world prices and New York futures, on a single site.</p>
<p>Farmers can use daily values for soybeans, corn and wheat, for example, to gauge their return on cotton compared with other crops.</p>
<p>&quot;Growers can find this information in pieces and parts but they won't find it completely intergrated into a database with graphics capability and the ability to take futures and cash prices and bring them onto one chart,&quot; Mark Lange, an economist with the NCC, said. &quot;This software is unique.&quot;</p>
<p>He said the range of information offered through the software makes the program useful to both the &quot;first timer and the master marketer.&quot;</p>
<p>One of the more sophisticated features is a price model that provides growers with a current benchmark world cotton price, and identifies factors that have historically explained 95 percent of cotton price behavior.</p>
<p>Marketing sources said such a program is necessary under the Federal Agriculture Improvement and Reform Act (FAIR) of 1996, which put a cap on government subsidies to farmers and removed restrictions on which crops farmers may grow. Such flexibility will lead to volatility in futures markets while making growers more vulnerable to price swings, industry sources said.</p>
<p>&quot;We now have farm legislation that has the market be more of a signal maker for producers regarding what is planted and the resources allocated,&quot; Lange said.</p>
<p>Despite an easy-to-use, menu-driven format, critics say cotton growers will resist the new marketing tool, adding that many do not own a home computer.</p>
<p>The marketing service is available to NCC members on CD-Rom or through the organization's home page (http://www.cotton.org).</p>
<p>The program was funded by Zeneca Ag Products and the New York Cotton Exchange (NYCE).</p>
<p>((New York Commodities Desk, 212-859-1640))</p>
</text>
<copyright>(c) Reuters Limited 1997</copyright>
<metadata>
<codes class="bip:countries:1.0">
  <code code="USA">
    <editdetail attribution="Reuters BIP Coding Group" action="confirmed" date="1997-05-29"/>
  </code>
</codes>
<codes class="bip:industries:1.0">
  <code code="I01001">
    <editdetail attribution="Reuters BIP Coding Group" action="confirmed" date="1997-05-29"/>
  </code>
  <code code="I0100138">
    <editdetail attribution="Reuters BIP Coding Group" action="confirmed" date="1997-05-29"/>
  </code>
  <code code="I33030">
    <editdetail attribution="Reuters BIP Coding Group" action="confirmed" date="1997-05-29"/>
  </code>
</codes>
<codes class="bip:topics:1.0">
  <code code="C13">
    <editdetail attribution="Reuters BIP Coding Group" action="confirmed" date="1997-05-29"/>
  </code>
  <code code="C21">
    <editdetail attribution="Reuters BIP Coding Group" action="confirmed" date="1997-05-29"/>
  </code>
  <code code="CCAT">
    <editdetail attribution="Reuters BIP Coding Group" action="confirmed" date="1997-05-29"/>
  </code>
  <code code="M14">
    <editdetail attribution="Reuters BIP Coding Group" action="confirmed" date="1997-05-29"/>
  </code>
  <code code="M141">
    <editdetail attribution="Reuters BIP Coding Group" action="confirmed" date="1997-05-29"/>
  </code>
  <code code="MCAT">
    <editdetail attribution="Reuters BIP Coding Group" action="confirmed" date="1997-05-29"/>
  </code>
</codes>
<dc element="dc.date.created" value="1997-05-29"/>
<dc element="dc.publisher" value="Reuters Holdings Plc"/>
<dc element="dc.date.published" value="1997-05-29"/>
<dc element="dc.source" value="Reuters"/>
<dc element="dc.creator.location" value="NEW YORK"/>
<dc element="dc.creator.location.country.name" value="USA"/>
<dc element="dc.source" value="Reuters"/>
</metadata>
</newsitem>
