<?xml version="1.0" encoding="iso-8859-1" ?>
<newsitem itemid="622516" id="root" date="1997-05-29" xml:lang="en">
<title>USA: Loewen offering valued at $396 mln.</title>
<headline>Loewen offering valued at $396 mln.</headline>
<dateline>NEW YORK 1997-05-29</dateline>
<text>
<p>Funeral home operator Loewen Group Inc said on Thursday that its public offering of 12 million shares was priced at $33 a share, valuing the deal at $396 million.</p>
<p>U.S. and Canadian underwriters have been granted an overallotment option to buy up to an additional 1.8 million common shares, Loewen said.  </p>
<p>Loewen said proceeds will be used for working capital and general corporate purposes, including acquisitions. Pending the use of the proceeds for those purposes, the company will cut borrowings, Loewen said.</p>
<p>Smith Barney Inc and Nesbitt Burns Securities Inc managed the stock offering.</p>
</text>
<copyright>(c) Reuters Limited 1997</copyright>
<metadata>
<codes class="bip:countries:1.0">
  <code code="CANA">
    <editdetail attribution="Reuters BIP Coding Group" action="confirmed" date="1997-05-29"/>
  </code>
  <code code="USA">
    <editdetail attribution="Reuters BIP Coding Group" action="confirmed" date="1997-05-29"/>
  </code>
</codes>
<codes class="bip:topics:1.0">
  <code code="C17">
    <editdetail attribution="Reuters BIP Coding Group" action="confirmed" date="1997-05-29"/>
  </code>
  <code code="C171">
    <editdetail attribution="Reuters BIP Coding Group" action="confirmed" date="1997-05-29"/>
  </code>
  <code code="CCAT">
    <editdetail attribution="Reuters BIP Coding Group" action="confirmed" date="1997-05-29"/>
  </code>
</codes>
<dc element="dc.date.created" value="1997-05-29"/>
<dc element="dc.publisher" value="Reuters Holdings Plc"/>
<dc element="dc.date.published" value="1997-05-29"/>
<dc element="dc.source" value="Reuters"/>
<dc element="dc.creator.location" value="NEW YORK"/>
<dc element="dc.creator.location.country.name" value="USA"/>
<dc element="dc.source" value="Reuters"/>
</metadata>
</newsitem>
