<?xml version="1.0" encoding="iso-8859-1" ?>
<newsitem itemid="622512" id="root" date="1997-05-29" xml:lang="en">
<title>USA: Marvel denies involvement in Toy Biz move.</title>
<headline>Marvel denies involvement in Toy Biz move.</headline>
<dateline>NEW YORK 1997-05-29</dateline>
<text>
<p>Marvel Entertainment Group Inc denied that it was behind Toy Biz Inc's decision to withdraw from a joint reorganization of the bankrupt comic book maker.</p>
<p>&quot;This is a sour grapes PR (public relations) spin from bondholders,&quot; a Marvel spokesman said.</p>
<p>A spokesman for the bondholders said that Ronald Perelman, who controlled 80 percent of Marvel before the bankruptcy filing, pressured Toy Biz to withdraw from a bondholder-backed plan to bring Marvel out of bankruptcy.  </p>
<p>The reorganization of Marvel, which owns a stake in Toy Biz, has not yet involved Toy Biz's board, since there was no Toy Biz board meeting to consider a proposed term sheet of the reorganization, the Marvel spokesman said.</p>
<p>&quot;The notion that any pressure was brought to bear on the Toy Biz board was absolutely and categorically false,&quot; the Marvel spokesman said</p>
<p>Marvel's position is that the company holds an auction to get the best and highest bidder for the company &quot;to ensure the maximum recovery of all parties of interest, the Marvel spokesman said.</p>
</text>
<copyright>(c) Reuters Limited 1997</copyright>
<metadata>
<codes class="bip:countries:1.0">
  <code code="USA">
    <editdetail attribution="Reuters BIP Coding Group" action="confirmed" date="1997-05-29"/>
  </code>
</codes>
<codes class="bip:industries:1.0">
  <code code="I47520">
    <editdetail attribution="Reuters BIP Coding Group" action="confirmed" date="1997-05-29"/>
  </code>
  <code code="I49410">
    <editdetail attribution="Reuters BIP Coding Group" action="confirmed" date="1997-05-29"/>
  </code>
</codes>
<codes class="bip:topics:1.0">
  <code code="C16">
    <editdetail attribution="Reuters BIP Coding Group" action="confirmed" date="1997-05-29"/>
  </code>
  <code code="C17">
    <editdetail attribution="Reuters BIP Coding Group" action="confirmed" date="1997-05-29"/>
  </code>
  <code code="CCAT">
    <editdetail attribution="Reuters BIP Coding Group" action="confirmed" date="1997-05-29"/>
  </code>
</codes>
<dc element="dc.date.created" value="1997-05-29"/>
<dc element="dc.publisher" value="Reuters Holdings Plc"/>
<dc element="dc.date.published" value="1997-05-29"/>
<dc element="dc.source" value="Reuters"/>
<dc element="dc.creator.location" value="NEW YORK"/>
<dc element="dc.creator.location.country.name" value="USA"/>
<dc element="dc.source" value="Reuters"/>
</metadata>
</newsitem>
