<?xml version="1.0" encoding="iso-8859-1" ?>
<newsitem itemid="622652" id="root" date="1997-05-29" xml:lang="en">
<title>USA: Circus Circus Q1 April 30 net dips.</title>
<headline>Circus Circus Q1 April 30 net dips.</headline>
<dateline>LAS VEGAS 1997-05-29</dateline>
<text>
<p>CIRCUS CIRCUS ENTERPRISES, INC. AND SUBSIDIARIES</p>
<p>		 Condensed Consolidated Statements of Income</p>
<p>	  (Dollars in thousands, except share data, unaudited)</p>
<p>					     Three Month Ended April 30,</p>
<p>						   1997		 1996</p>
<p>    Revenues				$344,098	   $352,885</p>
<p>    Costs and expenses		   253,661	    255,859</p>
<p>Operating profit before</p>
<p>corporate expense and</p>
<p>     abandonment loss		     90,437	     97,026</p>
</text>
<copyright>(c) Reuters Limited 1997</copyright>
<metadata>
<codes class="bip:countries:1.0">
  <code code="USA">
    <editdetail attribution="Reuters BIP Coding Group" action="confirmed" date="1997-05-29"/>
  </code>
</codes>
<codes class="bip:industries:1.0">
  <code code="I97912">
    <editdetail attribution="Reuters BIP Coding Group" action="confirmed" date="1997-05-29"/>
  </code>
</codes>
<codes class="bip:topics:1.0">
  <code code="C15">
    <editdetail attribution="Reuters BIP Coding Group" action="confirmed" date="1997-05-29"/>
  </code>
  <code code="C151">
    <editdetail attribution="Reuters BIP Coding Group" action="confirmed" date="1997-05-29"/>
  </code>
  <code code="CCAT">
    <editdetail attribution="Reuters BIP Coding Group" action="confirmed" date="1997-05-29"/>
  </code>
</codes>
<dc element="dc.date.created" value="1997-05-29"/>
<dc element="dc.publisher" value="Reuters Holdings Plc"/>
<dc element="dc.date.published" value="1997-05-29"/>
<dc element="dc.source" value="Reuters"/>
<dc element="dc.creator.location" value="LAS VEGAS"/>
<dc element="dc.creator.location.country.name" value="USA"/>
<dc element="dc.source" value="Reuters"/>
</metadata>
</newsitem>
