<?xml version="1.0" encoding="iso-8859-1" ?>
<newsitem itemid="622692" id="root" date="1997-05-29" xml:lang="en">
<title>USA: J.M. Smucker sees year topping estimates.</title>
<headline>J.M. Smucker sees year topping estimates.</headline>
<dateline>ORRVILLE, Ohio 1997-05-29</dateline>
<text>
<p>J.M. Smucker Co said on Thursday that it expects to report earnings for the fourth quarter ending April 30 that surpass the year-ago quarter, and full-year earnings that would top analysts' consensus estimates.</p>
<p>Smucker said in a news release that it expects fourth-quarter sales to be up nearly eight percent from the same period the year before, and earnings from continuing operations to be up over 70 percent.</p>
<p>For the full year, sales were seen up three percent, and net income up five percent, to $1.06 per share.</p>
<p>Smucker said current estimates for the year ranged from $0.90 per share to $1.00 per share.</p>
<p>For full-year 1996, Smucker reported net income of $1.01 per share.</p>
<p>The company credited the results to higher sales, an effective cost-reduction effort and improved profitability in the international area.</p>
<p>Full results will be reported in late June.</p>
<p>Smucker makes branded preserves, jams, jellies and other fruit spreads, along with other food products.  Its shares were up 1/2 to 17-5/8 in afternoon trading.</p>
</text>
<copyright>(c) Reuters Limited 1997</copyright>
<metadata>
<codes class="bip:countries:1.0">
  <code code="USA">
    <editdetail attribution="Reuters BIP Coding Group" action="confirmed" date="1997-05-29"/>
  </code>
</codes>
<codes class="bip:industries:1.0">
  <code code="I41000">
    <editdetail attribution="Reuters BIP Coding Group" action="confirmed" date="1997-05-29"/>
  </code>
</codes>
<codes class="bip:topics:1.0">
  <code code="C15">
    <editdetail attribution="Reuters BIP Coding Group" action="confirmed" date="1997-05-29"/>
  </code>
  <code code="C152">
    <editdetail attribution="Reuters BIP Coding Group" action="confirmed" date="1997-05-29"/>
  </code>
  <code code="CCAT">
    <editdetail attribution="Reuters BIP Coding Group" action="confirmed" date="1997-05-29"/>
  </code>
</codes>
<dc element="dc.date.created" value="1997-05-29"/>
<dc element="dc.publisher" value="Reuters Holdings Plc"/>
<dc element="dc.date.published" value="1997-05-29"/>
<dc element="dc.source" value="Reuters"/>
<dc element="dc.creator.location" value="ORRVILLE, Ohio"/>
<dc element="dc.creator.location.country.name" value="USA"/>
<dc element="dc.source" value="Reuters"/>
</metadata>
</newsitem>
