<?xml version="1.0" encoding="iso-8859-1" ?>
<newsitem itemid="622630" id="root" date="1997-05-29" xml:lang="en">
<title>USA: DTE, Mechanical Tech in venture.</title>
<headline>DTE, Mechanical Tech in venture.</headline>
<dateline>DETROIT 1997-05-29</dateline>
<text>
<p>Edison Development Corp and Mechanical Technology Inc said Thursday they signed a letter of intent to form Plug Power LLC, a joint venture to develop and manufacture fuel cells.</p>
<p>A final agreement is expected by late June. Edison Development is a unit of DTE Energy Co.  Latham, N.Y.-based Mechanical Technology makes measurement and test systems.</p>
<p>Plug Power plans to develop a proton exchange membrane, or PEM, fuel cell system that converts natural gas to electricity without combustion.</p>
<p>The fuel cell could be installed inside or outside the home and should be capable of serving an entire household's energy needs, the companies said.  Residential market trials are expected to start in about three years.</p>
<p>The joint venture plans to seek additional partners such as chemical companies and high-tech firms to increase investment in research and development.</p>
</text>
<copyright>(c) Reuters Limited 1997</copyright>
<metadata>
<codes class="bip:countries:1.0">
  <code code="USA">
    <editdetail attribution="Reuters BIP Coding Group" action="confirmed" date="1997-05-29"/>
  </code>
</codes>
<codes class="bip:industries:1.0">
  <code code="I34420">
    <editdetail attribution="Reuters BIP Coding Group" action="confirmed" date="1997-05-29"/>
  </code>
</codes>
<codes class="bip:topics:1.0">
  <code code="C11">
    <editdetail attribution="Reuters BIP Coding Group" action="confirmed" date="1997-05-29"/>
  </code>
  <code code="C23">
    <editdetail attribution="Reuters BIP Coding Group" action="confirmed" date="1997-05-29"/>
  </code>
  <code code="CCAT">
    <editdetail attribution="Reuters BIP Coding Group" action="confirmed" date="1997-05-29"/>
  </code>
</codes>
<dc element="dc.date.created" value="1997-05-29"/>
<dc element="dc.publisher" value="Reuters Holdings Plc"/>
<dc element="dc.date.published" value="1997-05-29"/>
<dc element="dc.source" value="Reuters"/>
<dc element="dc.creator.location" value="DETROIT"/>
<dc element="dc.creator.location.country.name" value="USA"/>
<dc element="dc.source" value="Reuters"/>
</metadata>
</newsitem>
