<?xml version="1.0" encoding="iso-8859-1" ?>
<newsitem itemid="622675" id="root" date="1997-05-29" xml:lang="en">
<title>USA: U.S. June spot natgas prices ease on futures slump.</title>
<headline>U.S. June spot natgas prices ease on futures slump.</headline>
<dateline>NEW YORK 1997-05-29</dateline>
<text>
<p>U.S. spot natural gas prices for June 1 fell off previous highs on Thursday as futures faltered and cool weather continued in the East and Midwest, industry sources said.</p>
<p>June Louisiana Gulf Coast prices slipped about five cents to the mid-to-high $2.20s, with Transco (Station 65) quoted mostly at $2.28-2.30. These prices indicate a gain of about 15-20 cents from May indices.</p>
<p>Prompting physical gas to soften was the decline of NYMEX's July Henry Hub contract to a low of $2.24, down 7.6 cents from Wednesday's session.  </p>
<p>For Friday delivery, Gulf prices were also lower in the low-to-mid $2.20s.</p>
<p>In south Texas, June prices were quoted at $2.17-2.20, up 15 cents from May 1 amid temperature highs in Houston in the high-80s.</p>
<p>In the Midwest, where temperatures remain below normal, June 1 prices softened a few cents to about $2.10, indicating a jump of about 15 cents from May index levels.</p>
<p>Temperatures in Chicago were forecast to reach highs in the low-to-mid 60s Friday and Saturday, Weather Services Corp said.</p>
<p>In the East, New York city gate prices for June 1 were quoted at $2.48-2.53.</p>
<p>In the West, Permian prices began as high as $2.12 but then softened to about $2.06-2.07 by late morning. Southern California border prices covered a wide range of $2.14 to $2.26, with the lower-priced deals surfacing in late morning trade.</p>
<p>The 1,221 megawatt (MW) Palo Verde 1 nuclear unit, shut late Monday for repairs, is expected to restart late Thursday, while Texas Utilities' 1,150 MW Comanche Peak 2 unit was increasing power earlier today and expected to reach full power later today.</p>
<p>Meanwhile, Pacific Gas and Electric's 1,087 MW Diablo Canyon 1 nuclear unit is expected to restart this weekend following its refueling outage.</p>
<p>((--H McCulloch, New York Power Desk +212-859-1628))</p>
</text>
<copyright>(c) Reuters Limited 1997</copyright>
<metadata>
<codes class="bip:countries:1.0">
  <code code="USA">
    <editdetail attribution="Reuters BIP Coding Group" action="confirmed" date="1997-05-29"/>
  </code>
</codes>
<codes class="bip:topics:1.0">
  <code code="M14">
    <editdetail attribution="Reuters BIP Coding Group" action="confirmed" date="1997-05-29"/>
  </code>
  <code code="M143">
    <editdetail attribution="Reuters BIP Coding Group" action="confirmed" date="1997-05-29"/>
  </code>
  <code code="MCAT">
    <editdetail attribution="Reuters BIP Coding Group" action="confirmed" date="1997-05-29"/>
  </code>
</codes>
<dc element="dc.date.created" value="1997-05-29"/>
<dc element="dc.publisher" value="Reuters Holdings Plc"/>
<dc element="dc.date.published" value="1997-05-29"/>
<dc element="dc.source" value="Reuters"/>
<dc element="dc.creator.location" value="NEW YORK"/>
<dc element="dc.creator.location.country.name" value="USA"/>
<dc element="dc.source" value="Reuters"/>
</metadata>
</newsitem>
