<?xml version="1.0" encoding="iso-8859-1" ?>
<newsitem itemid="622639" id="root" date="1997-05-29" xml:lang="en">
<title>USA: Culligan Water hooks up with GE Appliances.</title>
<headline>Culligan Water hooks up with GE Appliances.</headline>
<dateline>NORTHBROOK, Ill. 1997-05-29</dateline>
<text>
<p>Culligan Water Technologies Inc said Thursday it entered a partnership with General Electric Co's GE Appliances to provide water filtration assemblies for a new line of GE products.</p>
<p>The partnership provides for the &quot;Water by Culligan&quot; logo to be displayed on the new GE refrigerator product and is part of Culligan's strategy of working with equipment makers to build new distribution channels, the company said.</p>
<p>The new GE refrigerator product is part of a full line of appliances to be introduced in GE's new series of GE Profile Performance appliances, according to a statement released by both companies.</p>
<p>&quot;Our partnership with GE Appliances, as well as our previously announced partnerships with Health-o-Meter and Moen Inc, give the Culligan brand a whole new presence in the home water filtration segment,&quot; said Douglas Pertz, Culligan's president and chief executive.</p>
<p>&quot;It remains our goal to grow the water filtration category by continually seeking ways to bring innovative water filtration solutions to our customers,&quot; he said.</p>
<p>(( -- Reuter Chicago Newsdesk 312-408-8787 ))</p>
</text>
<copyright>(c) Reuters Limited 1997</copyright>
<metadata>
<codes class="bip:countries:1.0">
  <code code="USA">
    <editdetail attribution="Reuters BIP Coding Group" action="confirmed" date="1997-05-29"/>
  </code>
</codes>
<codes class="bip:industries:1.0">
  <code code="I34000">
    <editdetail attribution="Reuters BIP Coding Group" action="confirmed" date="1997-05-29"/>
  </code>
</codes>
<codes class="bip:topics:1.0">
  <code code="C11">
    <editdetail attribution="Reuters BIP Coding Group" action="confirmed" date="1997-05-29"/>
  </code>
  <code code="C22">
    <editdetail attribution="Reuters BIP Coding Group" action="confirmed" date="1997-05-29"/>
  </code>
  <code code="CCAT">
    <editdetail attribution="Reuters BIP Coding Group" action="confirmed" date="1997-05-29"/>
  </code>
</codes>
<dc element="dc.date.created" value="1997-05-29"/>
<dc element="dc.publisher" value="Reuters Holdings Plc"/>
<dc element="dc.date.published" value="1997-05-29"/>
<dc element="dc.source" value="Reuters"/>
<dc element="dc.creator.location" value="NORTHBROOK, Ill."/>
<dc element="dc.creator.location.country.name" value="USA"/>
<dc element="dc.source" value="Reuters"/>
</metadata>
</newsitem>
