<?xml version="1.0" encoding="iso-8859-1" ?>
<newsitem itemid="622663" id="root" date="1997-05-29" xml:lang="en">
<title>USA: Stokely says charge caused covenant violation.</title>
<headline>Stokely says charge caused covenant violation.</headline>
<dateline>OCONOMOWOC, Wis. 1997-05-29</dateline>
<text>
<p>Stokely USA Inc said Thursday that a nonrecurring charge related to its decision to restructure its canned vegetable business and write off some debt had caused the company to be in violation of certain financial and other covenants.</p>
<p>It said required consents had been received from holders of all affected issues to amend those covenants to put the company back in compliance.  </p>
<p>Stokely today reported a net loss of $20.9 million, or $1.84 per share, for the fiscal year ended March 31, including a previously announced nonrecurring charge of $13.5 million, or $1.19 a share, for the restructuring and write-off.</p>
<p>Stokely said sales volume and pricing for canned vegetables were largely unchanged during the fourth quarter compared to a year earlier. But for the year, sales of canned vegetables decreased on lower volume, partially offset by higher prices.  </p>
<p>The company said it expects to see cost reductions of $12 million on a full year basis from its restructuring, though less than half of that was realized in fiscal 1997 due to timing issues.</p>
<p>Stokely said selling prices in the processed vegetable markets are currently depressed, due primarily to excess industry inventories. Reduced planting in sweet corn for canning could result in improved prices and margins in the second half of fiscal 1998, it said.</p>
<p>&quot;However, the significant margin pressure that currently exists is likely to prevail for most of the first half of fiscal 1998,&quot; Chief Executive Stephen Theobald said in a news release.</p>
<p>Stokely shares were unchanged at 1-1/8.</p>
<p>((--Chicago Newsdesk, 312-408-8787))</p>
</text>
<copyright>(c) Reuters Limited 1997</copyright>
<metadata>
<codes class="bip:countries:1.0">
  <code code="USA">
    <editdetail attribution="Reuters BIP Coding Group" action="confirmed" date="1997-05-29"/>
  </code>
</codes>
<codes class="bip:industries:1.0">
  <code code="I41000">
    <editdetail attribution="Reuters BIP Coding Group" action="confirmed" date="1997-05-29"/>
  </code>
</codes>
<codes class="bip:topics:1.0">
  <code code="C11">
    <editdetail attribution="Reuters BIP Coding Group" action="confirmed" date="1997-05-29"/>
  </code>
  <code code="C15">
    <editdetail attribution="Reuters BIP Coding Group" action="confirmed" date="1997-05-29"/>
  </code>
  <code code="C151">
    <editdetail attribution="Reuters BIP Coding Group" action="confirmed" date="1997-05-29"/>
  </code>
  <code code="C1511">
    <editdetail attribution="Reuters BIP Coding Group" action="confirmed" date="1997-05-29"/>
  </code>
  <code code="C17">
    <editdetail attribution="Reuters BIP Coding Group" action="confirmed" date="1997-05-29"/>
  </code>
  <code code="CCAT">
    <editdetail attribution="Reuters BIP Coding Group" action="confirmed" date="1997-05-29"/>
  </code>
</codes>
<dc element="dc.date.created" value="1997-05-29"/>
<dc element="dc.publisher" value="Reuters Holdings Plc"/>
<dc element="dc.date.published" value="1997-05-29"/>
<dc element="dc.source" value="Reuters"/>
<dc element="dc.creator.location" value="OCONOMOWOC, Wis."/>
<dc element="dc.creator.location.country.name" value="USA"/>
<dc element="dc.source" value="Reuters"/>
</metadata>
</newsitem>
