<?xml version="1.0" encoding="iso-8859-1" ?>
<newsitem itemid="622725" id="root" date="1997-05-29" xml:lang="en">
<title>USA: Maine electric deregulation bill signed.</title>
<headline>Maine electric deregulation bill signed.</headline>
<dateline>AUGUSTA, Maine 1997-05-29</dateline>
<text>
<p>Gov. Angus King Thursday signed legislation deregulating Maine's electric market, but he warned consumers not to expect to see rate reductions too quickly.</p>
<p>The bill allows an estimated 640,000 consumers to choose between competing power suppliers by March 1, 2000, and requires two utilities to divest their generating assets.</p>
<p>&quot;It is not a panacea but I believe this is the best bill in the country on this subject,&quot; said King, who has repeatedly complained Maine's high electric rates are hampering economic development.</p>
<p>King said consumers should not expect immediate rate reductions, &quot;but the expectation and historical evidence tells us that we will see lower electrical rates...in the forseeable future and the rest of the time that we're citizens here in Maine.&quot;</p>
<p>Maine's two largest utilities, Central Maine Power and Bangor Hydro, are required to divest their power generating assets. They will be primarily distribution companies but will have limited rights to market power.</p>
<p>Maine Public Service can keep its generating plants because its northern Maine distribution system works as part of the Canadian -- rather than U.S. -- power grid. MPS will have to allow competition in its service area.</p>
<p>Lawmakers have put off until next year a decision on how to compensate utilities for their &quot;stranded costs.&quot; CMP has proposed Maine use a securitization plan similar to that enacted by Pennsylvania and several other states.</p>
<p>The utilities have indicated they will ask lawmakers to eliminate a provision limiting transmission companies from selling power to more than 30 percent of the customers within their distribution area.</p>
<p>Utilities Committee co-chair Rep. Kyle Jones said Thursday some lawmakers wanted to bar CMP and Bangor Hydro from doing any power marketing, and he believes the final plan will allow them &quot;to not only survive but to thrive.&quot;</p>
</text>
<copyright>(c) Reuters Limited 1997</copyright>
<metadata>
<codes class="bip:countries:1.0">
  <code code="USA">
    <editdetail attribution="Reuters BIP Coding Group" action="confirmed" date="1997-05-29"/>
  </code>
</codes>
<codes class="bip:industries:1.0">
  <code code="I16100">
    <editdetail attribution="Reuters BIP Coding Group" action="confirmed" date="1997-05-29"/>
  </code>
  <code code="I1610107">
    <editdetail attribution="Reuters BIP Coding Group" action="confirmed" date="1997-05-29"/>
  </code>
</codes>
<codes class="bip:topics:1.0">
  <code code="C13">
    <editdetail attribution="Reuters BIP Coding Group" action="confirmed" date="1997-05-29"/>
  </code>
  <code code="C18">
    <editdetail attribution="Reuters BIP Coding Group" action="confirmed" date="1997-05-29"/>
  </code>
  <code code="C182">
    <editdetail attribution="Reuters BIP Coding Group" action="confirmed" date="1997-05-29"/>
  </code>
  <code code="C31">
    <editdetail attribution="Reuters BIP Coding Group" action="confirmed" date="1997-05-29"/>
  </code>
  <code code="CCAT">
    <editdetail attribution="Reuters BIP Coding Group" action="confirmed" date="1997-05-29"/>
  </code>
</codes>
<dc element="dc.date.created" value="1997-05-29"/>
<dc element="dc.publisher" value="Reuters Holdings Plc"/>
<dc element="dc.date.published" value="1997-05-29"/>
<dc element="dc.source" value="Reuters"/>
<dc element="dc.creator.location" value="AUGUSTA, Maine"/>
<dc element="dc.creator.location.country.name" value="USA"/>
<dc element="dc.source" value="Reuters"/>
</metadata>
</newsitem>
