<?xml version="1.0" encoding="iso-8859-1" ?>
<newsitem itemid="622728" id="root" date="1997-05-29" xml:lang="en">
<title>USA: US OPTIONS FOCUS/Index traders look to next week.</title>
<headline>US OPTIONS FOCUS/Index traders look to next week.</headline>
<dateline>CHICAGO 1997-05-29</dateline>
<text>
<p>Activity in major U.S. stock index options remained under wraps Thursday as investors had few incentives to be aggressive on either the long or the short side, traders said.</p>
<p>One S&amp;P 500 index .SPX options trader said several institutions on Wednesday had been actively buying and selling combinations in June, September and December expirations, but that activity had died down by Thursday.</p>
<p>&quot;I don't think the (trading) pit's expecting anything until later next week,&quot; he said. &quot;That's the consensus.&quot;  </p>
<p>The May U.S. jobless report is scheduled for release on June 6.</p>
<p>&quot;We're in for a slow week,&quot; said an SPX futures-options trader at the Chicago Mercantile Exchange, explaining that activity should be quiet up to the employment report.</p>
<p>He added that volatilities in the June series were fairly flat from Wednesday levels.</p>
<p>Another SPX futures-options trader said volatility in the June series had moved around since Wednesday morning but had come back to the 18.4 percent level seen Wednesday morning.  </p>
<p>At the Chicago Board Options Exchange, where SPX options trade, &quot;nothing's really coming out of volatility except for normal time decay,&quot; the SPX trader said.</p>
<p>In the S&amp;P 100 index .OEX, volatility as measured by the volatility index .VIX, which is calculated off certain OEX options contracts, was up 0.04 at 21.67 in afternoon activity.</p>
<p>The spot OEX was down 2.62 at 828.68 and the spot SPX was off 2.06 at 845.15. June S&amp;P 500 futures lost 3.35 to 847.20.</p>
<p>One firm had pegged June S&amp;P 500 fair value at two points premium to cash, with buy programs at 3.50 points over or wider and sell programs at 0.80 points over or narrower.  </p>
<p>SPX futures-options traders said large dealers were actively buying July call spreads out of the money, particularly the 895/910 call spread.</p>
<p>One firm was also seen selling some June call spreads.</p>
<p>&quot;A lot of people are looking at the market,&quot; one trader said. &quot;There are a lot of buyers of upside call spreads and sellers of downside September puts.&quot;</p>
<p>He added that one overseas financial house was an aggressive seller of some September puts.</p>
<p>((Gregory Crawford, 312 408 8750))</p>
<p>E-mail: derivatives@reuters.com</p>
</text>
<copyright>(c) Reuters Limited 1997</copyright>
<metadata>
<codes class="bip:countries:1.0">
  <code code="USA">
    <editdetail attribution="Reuters BIP Coding Group" action="confirmed" date="1997-05-29"/>
  </code>
</codes>
<codes class="bip:topics:1.0">
  <code code="M11">
    <editdetail attribution="Reuters BIP Coding Group" action="confirmed" date="1997-05-29"/>
  </code>
  <code code="MCAT">
    <editdetail attribution="Reuters BIP Coding Group" action="confirmed" date="1997-05-29"/>
  </code>
</codes>
<dc element="dc.date.created" value="1997-05-29"/>
<dc element="dc.publisher" value="Reuters Holdings Plc"/>
<dc element="dc.date.published" value="1997-05-29"/>
<dc element="dc.source" value="Reuters"/>
<dc element="dc.creator.location" value="CHICAGO"/>
<dc element="dc.creator.location.country.name" value="USA"/>
<dc element="dc.source" value="Reuters"/>
</metadata>
</newsitem>
