<?xml version="1.0" encoding="iso-8859-1" ?>
<newsitem itemid="622773" id="root" date="1997-05-29" xml:lang="en">
<title>USA: Cytyc, Mead Johnson to co-promote pap test.</title>
<headline>Cytyc, Mead Johnson to co-promote pap test.</headline>
<dateline>BOXBOROUGH, Mass. 1997-05-29</dateline>
<text>
<p>Cytyc Corp has entered an agreement with Mead Johnson &amp; Co, a division of Bristol-Myers Squibb Co, under which the companies will co-promote Cytyc's ThinPrep Pap Test for cervical cancer screening, Cytyc said.</p>
<p>As part of the multiyear agreement, announced Wednesday, Mead Johnson will use its sales force to help promote the test to about 15,000 obstetricians and gynecologists throughout the United States, Cytyc said.</p>
<p>Cytyc shares were up 3-1/4 to 22-7/8 early Thursday afternoon.  </p>
<p>The ThinPrep Pap Test was approved by the U.S. Food and Drug Administration in May 1996 as a replacement for the conventional Pap smear preparation, Cytyc said.</p>
<p>The company said clinical trials have shown the ThinPrep Pap Test to be significantly more effective than the conventional smear for the detection of low-grade and more severe lesions in a variety of patient populations and to significantly improve specimen quality.</p>
<p>Cytyc launched the ThinPrep Pap Test in January 1997 and has promoted the test through its own 55-person sales force.</p>
</text>
<copyright>(c) Reuters Limited 1997</copyright>
<metadata>
<codes class="bip:countries:1.0">
  <code code="USA">
    <editdetail attribution="Reuters BIP Coding Group" action="confirmed" date="1997-05-29"/>
  </code>
</codes>
<codes class="bip:industries:1.0">
  <code code="I25700">
    <editdetail attribution="Reuters BIP Coding Group" action="confirmed" date="1997-05-29"/>
  </code>
</codes>
<codes class="bip:topics:1.0">
  <code code="C33">
    <editdetail attribution="Reuters BIP Coding Group" action="confirmed" date="1997-05-29"/>
  </code>
  <code code="CCAT">
    <editdetail attribution="Reuters BIP Coding Group" action="confirmed" date="1997-05-29"/>
  </code>
</codes>
<dc element="dc.date.created" value="1997-05-29"/>
<dc element="dc.publisher" value="Reuters Holdings Plc"/>
<dc element="dc.date.published" value="1997-05-29"/>
<dc element="dc.source" value="Reuters"/>
<dc element="dc.creator.location" value="BOXBOROUGH, Mass."/>
<dc element="dc.creator.location.country.name" value="USA"/>
<dc element="dc.source" value="Reuters"/>
</metadata>
</newsitem>
