<?xml version="1.0" encoding="iso-8859-1" ?>
<newsitem itemid="622719" id="root" date="1997-05-29" xml:lang="en">
<title>USA: Seagate not planning conference call.</title>
<headline>Seagate not planning conference call.</headline>
<dateline>LOS ANGELES 1997-05-29</dateline>
<text>
<p>Seagate Technology Inc said Thursday it has no plans for a conference call with analysts.</p>
<p>Earlier, CNBC reported shares of the disk drive company were down on rumors the company scheduled a conference call with analysts to discuss its business outlook.</p>
<p>However, a spokeswoman for Seagate said rumors of a conference call were untrue.</p>
<p>Seagate was off 2-1/2 to 41-3/4 in New York Stock Exchange trading.  </p>
<p>Shares of other disk drive makers were also down in sympathy. Western Digital Corp was off 3-1/4 to 55-7/8.</p>
<p>Stocks of disk drive companies have been pressured by investor fears that disk drive prices will continue to decline.  </p>
<p>Seagate also declined to comment on rumors it may reduce production due to fears of oversupply.</p>
</text>
<copyright>(c) Reuters Limited 1997</copyright>
<metadata>
<codes class="bip:countries:1.0">
  <code code="USA">
    <editdetail attribution="Reuters BIP Coding Group" action="confirmed" date="1997-05-29"/>
  </code>
</codes>
<codes class="bip:industries:1.0">
  <code code="I33020">
    <editdetail attribution="Reuters BIP Coding Group" action="confirmed" date="1997-05-29"/>
  </code>
  <code code="I3302019">
    <editdetail attribution="Reuters BIP Coding Group" action="confirmed" date="1997-05-29"/>
  </code>
  <code code="I34531">
    <editdetail attribution="Reuters BIP Coding Group" action="confirmed" date="1997-05-29"/>
  </code>
</codes>
<codes class="bip:topics:1.0">
  <code code="C11">
    <editdetail attribution="Reuters BIP Coding Group" action="confirmed" date="1997-05-29"/>
  </code>
  <code code="C15">
    <editdetail attribution="Reuters BIP Coding Group" action="confirmed" date="1997-05-29"/>
  </code>
  <code code="C152">
    <editdetail attribution="Reuters BIP Coding Group" action="confirmed" date="1997-05-29"/>
  </code>
  <code code="CCAT">
    <editdetail attribution="Reuters BIP Coding Group" action="confirmed" date="1997-05-29"/>
  </code>
</codes>
<dc element="dc.date.created" value="1997-05-29"/>
<dc element="dc.publisher" value="Reuters Holdings Plc"/>
<dc element="dc.date.published" value="1997-05-29"/>
<dc element="dc.source" value="Reuters"/>
<dc element="dc.creator.location" value="LOS ANGELES"/>
<dc element="dc.creator.location.country.name" value="USA"/>
<dc element="dc.source" value="Reuters"/>
</metadata>
</newsitem>
