<?xml version="1.0" encoding="iso-8859-1" ?>
<newsitem itemid="622755" id="root" date="1997-05-29" xml:lang="en">
<title>USA: PC stocks hit by IBM downgrade, profit-taking.</title>
<headline>PC stocks hit by IBM downgrade, profit-taking.</headline>
<dateline>NEW YORK 1997-05-29</dateline>
<text>
<p>Shares of personal computer companies slid Thursday following a Salomon Brothers' downgrade in industry giant IBM and some profit-taking by investors taking advantage of a recent rally in technology issues, traders said.</p>
<p>&quot;It's probably a combination of IBM (being downgraded) and just some profit taking,&quot; said Patrick Davis, head of over-the-counter trading at Salomon Brothers.</p>
<p>&quot;The computer systems makers are off, and IBM is a part of that,&quot; said Greg Nie, senior vice president of technical research at Everen Securities.  </p>
<p>IBM shed 1-1/4 to 88-5/8. Dell Computer Corp lost 2-1/16 to 113-9/16, while Gateway 2000 Inc dropped 4 to 70-3/8.</p>
<p>&quot;It's partly IBM, as well as some concern about consumer demand for PCs. There's also been quite a run-up (in share prices) lately, so there's some profit-taking going on,&quot; said Vadim Zlotnikov, an analyst with Sanford Bernstein.</p>
<p>Gateway, a direct marketer of personal computers, is among the most vulnerable to concerns about PC demand and its stock was harded hit on Thursday, analysts said.</p>
<p>The American Stock Exchange computer index lost 2.03 points or 0.48 percent to 423.67.</p>
<p>Earlier on Thursday, Salomon Brothers analyst John Jones cut International Business Machines Corp to buy from strong buy. Jones said IBM hit Salomon's target price of $91, on a post-split basis, on May 28.</p>
<p>Despite the downgrade, Jones said he remains positive about IBM's long-term fundamentals and believes the shares could rise to $100 over the next nine months.</p>
</text>
<copyright>(c) Reuters Limited 1997</copyright>
<metadata>
<codes class="bip:countries:1.0">
  <code code="USA">
    <editdetail attribution="Reuters BIP Coding Group" action="confirmed" date="1997-05-29"/>
  </code>
</codes>
<codes class="bip:industries:1.0">
  <code code="I33020">
    <editdetail attribution="Reuters BIP Coding Group" action="confirmed" date="1997-05-29"/>
  </code>
  <code code="I3302003">
    <editdetail attribution="Reuters BIP Coding Group" action="confirmed" date="1997-05-29"/>
  </code>
</codes>
<codes class="bip:topics:1.0">
  <code code="C15">
    <editdetail attribution="Reuters BIP Coding Group" action="confirmed" date="1997-05-29"/>
  </code>
  <code code="C152">
    <editdetail attribution="Reuters BIP Coding Group" action="confirmed" date="1997-05-29"/>
  </code>
  <code code="CCAT">
    <editdetail attribution="Reuters BIP Coding Group" action="confirmed" date="1997-05-29"/>
  </code>
</codes>
<dc element="dc.date.created" value="1997-05-29"/>
<dc element="dc.publisher" value="Reuters Holdings Plc"/>
<dc element="dc.date.published" value="1997-05-29"/>
<dc element="dc.source" value="Reuters"/>
<dc element="dc.creator.location" value="NEW YORK"/>
<dc element="dc.creator.location.country.name" value="USA"/>
<dc element="dc.source" value="Reuters"/>
</metadata>
</newsitem>
