<?xml version="1.0" encoding="iso-8859-1" ?>
<newsitem itemid="622714" id="root" date="1997-05-29" xml:lang="en">
<title>USA: Russian PGM exports still seen in 3 weeks - Almaz.</title>
<headline>Russian PGM exports still seen in 3 weeks - Almaz.</headline>
<dateline>NEW YORK 1997-05-29</dateline>
<text>
<p>Russian exports of platinum group metals are still expected to resume in late June after a suspension since last December, a spokesman for the U.S. branch of Russian metals export agency Almaz said Thursday.</p>
<p>&quot;The situation is little changed from a week ago,&quot; Almaz USA spokesman Max Belov told Reuters.</p>
<p>&quot;We are still awaiting the finalization of some paperwork on the export licences and officials are going to Japan this weekend to negotiate export sales of platinum and palladium,&quot; he said.</p>
<p>Russian exports of platinum and palladium have been suspended since December 1996 due to Russian fiscal and administrative problems. However, some analysts suspect Russia changed its marketing policy in an attempt to conserve its stockpiles and push prices up.</p>
<p>Platinum and palladium prices have risen sharly this year, with platinum fixed in London Thursday at $417.40 an ounce, its highest since Feb 21, 1996, while palladium was fixed at an all-time high of $196.50.</p>
<p>&quot;The size of the export quotas remains secret, but as we are now nearly half way through the year, obviously Russian exports are likely to be less than last year,&quot; Belov said.</p>
<p>&quot;Sometimes in past years the government has added to the quotas during the year, but things have changed administratively this year with the central bank now more in control of the stockpile,&quot; he said.</p>
<p>Russia supplies about 60 percent of the world's palladium and about 20 percent of its platinum.</p>
<p>((Clive McKeef, New York Commodities Desk, 212-859-1641))</p>
</text>
<copyright>(c) Reuters Limited 1997</copyright>
<metadata>
<codes class="bip:countries:1.0">
  <code code="RUSS">
    <editdetail attribution="Reuters BIP Coding Group" action="confirmed" date="1997-05-29"/>
  </code>
  <code code="USA">
    <editdetail attribution="Reuters BIP Coding Group" action="confirmed" date="1997-05-29"/>
  </code>
</codes>
<codes class="bip:industries:1.0">
  <code code="I22472">
    <editdetail attribution="Reuters BIP Coding Group" action="confirmed" date="1997-05-29"/>
  </code>
</codes>
<codes class="bip:topics:1.0">
  <code code="C31">
    <editdetail attribution="Reuters BIP Coding Group" action="confirmed" date="1997-05-29"/>
  </code>
  <code code="C312">
    <editdetail attribution="Reuters BIP Coding Group" action="confirmed" date="1997-05-29"/>
  </code>
  <code code="CCAT">
    <editdetail attribution="Reuters BIP Coding Group" action="confirmed" date="1997-05-29"/>
  </code>
  <code code="M14">
    <editdetail attribution="Reuters BIP Coding Group" action="confirmed" date="1997-05-29"/>
  </code>
  <code code="M142">
    <editdetail attribution="Reuters BIP Coding Group" action="confirmed" date="1997-05-29"/>
  </code>
  <code code="MCAT">
    <editdetail attribution="Reuters BIP Coding Group" action="confirmed" date="1997-05-29"/>
  </code>
</codes>
<dc element="dc.date.created" value="1997-05-29"/>
<dc element="dc.publisher" value="Reuters Holdings Plc"/>
<dc element="dc.date.published" value="1997-05-29"/>
<dc element="dc.source" value="Reuters"/>
<dc element="dc.creator.location" value="NEW YORK"/>
<dc element="dc.creator.location.country.name" value="USA"/>
<dc element="dc.source" value="Reuters"/>
</metadata>
</newsitem>
