<?xml version="1.0" encoding="iso-8859-1" ?>
<newsitem itemid="622741" id="root" date="1997-05-29" xml:lang="en">
<title>USA: US Senate panel to hold fast track trade hearing.</title>
<headline>US Senate panel to hold fast track trade hearing.</headline>
<dateline>WASHINGTON 1997-05-29</dateline>
<text>
<p>The Senate Finance Committee said on Thursday it will hold a hearing June 3 on the need for renewal of the president's &quot;fast track&quot; trade negotiating authority.</p>
<p>U.S. Trade Representative Charlene Barshefsky is scheduled to testify at the hearing, which begins at 1000 EDT/1400 GMT.</p>
<p>Granting fast track authority would allow the president to negotiate international trade agreements that Congress then would either have to approve or reject without amendments.</p>
</text>
<copyright>(c) Reuters Limited 1997</copyright>
<metadata>
<codes class="bip:countries:1.0">
  <code code="USA">
    <editdetail attribution="Reuters BIP Coding Group" action="confirmed" date="1997-05-29"/>
  </code>
</codes>
<codes class="bip:topics:1.0">
  <code code="E51">
    <editdetail attribution="Reuters BIP Coding Group" action="confirmed" date="1997-05-29"/>
  </code>
  <code code="E512">
    <editdetail attribution="Reuters BIP Coding Group" action="confirmed" date="1997-05-29"/>
  </code>
  <code code="ECAT">
    <editdetail attribution="Reuters BIP Coding Group" action="confirmed" date="1997-05-29"/>
  </code>
  <code code="GCAT">
    <editdetail attribution="Reuters BIP Coding Group" action="confirmed" date="1997-05-29"/>
  </code>
  <code code="GPOL">
    <editdetail attribution="Reuters BIP Coding Group" action="confirmed" date="1997-05-29"/>
  </code>
</codes>
<dc element="dc.date.created" value="1997-05-29"/>
<dc element="dc.publisher" value="Reuters Holdings Plc"/>
<dc element="dc.date.published" value="1997-05-29"/>
<dc element="dc.source" value="Reuters"/>
<dc element="dc.creator.location" value="WASHINGTON"/>
<dc element="dc.creator.location.country.name" value="USA"/>
<dc element="dc.source" value="Reuters"/>
</metadata>
</newsitem>
