<?xml version="1.0" encoding="iso-8859-1" ?>
<newsitem itemid="622785" id="root" date="1997-05-29" xml:lang="en">
<title>USA: Dow slips to downside, Nasdaq also dips.</title>
<headline>Dow slips to downside, Nasdaq also dips.</headline>
<dateline>NEW YORK 1997-05-29</dateline>
<text>
<p>U.S. blue chips trended lower on Thursday after spending much of the morning tacking on minute gains, then retracing from them.  Nasdaq was nearly flat, hovering between positive and negative ground.</p>
<p>The Dow industrial average was trading off 22 points or 0.30 percent at 7335, while the Nasdaq composite was up about 0.21 point to 1410.</p>
<p>The long bond was trading up 9/32 at a 7.01 percent yield.</p>
<p>Dow component International Business Machines Corp was off 1-3/4 at 88-1/8. Salomon Brothers said it lowered the stock's rating to buy from strong buy as shares hit a target.</p>
<p>((Wall Street desk 212-859-1730))</p>
</text>
<copyright>(c) Reuters Limited 1997</copyright>
<metadata>
<codes class="bip:countries:1.0">
  <code code="USA">
    <editdetail attribution="Reuters BIP Coding Group" action="confirmed" date="1997-05-29"/>
  </code>
</codes>
<codes class="bip:topics:1.0">
  <code code="M11">
    <editdetail attribution="Reuters BIP Coding Group" action="confirmed" date="1997-05-29"/>
  </code>
  <code code="MCAT">
    <editdetail attribution="Reuters BIP Coding Group" action="confirmed" date="1997-05-29"/>
  </code>
</codes>
<dc element="dc.date.created" value="1997-05-29"/>
<dc element="dc.publisher" value="Reuters Holdings Plc"/>
<dc element="dc.date.published" value="1997-05-29"/>
<dc element="dc.source" value="Reuters"/>
<dc element="dc.creator.location" value="NEW YORK"/>
<dc element="dc.creator.location.country.name" value="USA"/>
<dc element="dc.source" value="Reuters"/>
</metadata>
</newsitem>
