<?xml version="1.0" encoding="iso-8859-1" ?>
<newsitem itemid="622731" id="root" date="1997-05-29" xml:lang="en">
<title>USA: Novell Inc Q2 earnings summary.</title>
<headline>Novell Inc Q2 earnings summary.</headline>
<dateline>PROVO, Utah 1997-05-29</dateline>
<text>
<p>1997		     1996</p>
<p> Shr loss		   $0.04     loss	 $0.15</p>
<p> Net loss		  14,634     loss	55,359</p>
<p> Revs		     273,107		  188,180</p>
<p> Avg shrs		 347,904		  362,442</p>
<p>	     MONTHS</p>
<p> Shr profit		 $0.10   profit	 $0.02</p>
<p> Net profit		36,178   profit	 8,202</p>
<p> Revs		     647,954		  626,099</p>
<p> Avg shrs		 347,499		  367,013</p>
<p>(All data above 000s except per share numbers)</p>
<p>NOTES: Periods ended April 30, 1997 and April 27, 1996</p>
<p>Q2 1996 results include an $18.4 million restrcutring charge and $19.8 million gain on the sale of assets.</p>
</text>
<copyright>(c) Reuters Limited 1997</copyright>
<metadata>
<codes class="bip:countries:1.0">
  <code code="USA">
    <editdetail attribution="Reuters BIP Coding Group" action="confirmed" date="1997-05-29"/>
  </code>
</codes>
<codes class="bip:industries:1.0">
  <code code="I33020">
    <editdetail attribution="Reuters BIP Coding Group" action="confirmed" date="1997-05-29"/>
  </code>
  <code code="I3302021">
    <editdetail attribution="Reuters BIP Coding Group" action="confirmed" date="1997-05-29"/>
  </code>
</codes>
<codes class="bip:topics:1.0">
  <code code="C15">
    <editdetail attribution="Reuters BIP Coding Group" action="confirmed" date="1997-05-29"/>
  </code>
  <code code="C151">
    <editdetail attribution="Reuters BIP Coding Group" action="confirmed" date="1997-05-29"/>
  </code>
  <code code="CCAT">
    <editdetail attribution="Reuters BIP Coding Group" action="confirmed" date="1997-05-29"/>
  </code>
</codes>
<dc element="dc.date.created" value="1997-05-29"/>
<dc element="dc.publisher" value="Reuters Holdings Plc"/>
<dc element="dc.date.published" value="1997-05-29"/>
<dc element="dc.source" value="Reuters"/>
<dc element="dc.creator.location" value="PROVO, Utah"/>
<dc element="dc.creator.location.country.name" value="USA"/>
<dc element="dc.source" value="Reuters"/>
</metadata>
</newsitem>
