<?xml version="1.0" encoding="iso-8859-1" ?>
<newsitem itemid="622797" id="root" date="1997-05-29" xml:lang="en">
<title>USA: Ambi says cardia salt study successful.</title>
<headline>Ambi says cardia salt study successful.</headline>
<dateline>TARRYTOWN, N.Y. 1997-05-29</dateline>
<text>
<p>Ambi Inc said Thursday results of a study show its dietary aid called cardia salt alternative significantly reduces blood pressure in hypertensive patients who treated with antihypertensive drugs.</p>
<p>Data from the double-blind, placebo-controlled, multicenter clinical study will be presented at the twelfth scientific meeting of the American Society of Hypertension in San Francisco on Saturday, May 31.</p>
<p>The company said the study found statistically significant reductions in blood pressure of 4.15 and 2.7 millimeters of mercury respectively in the cardia group compared to the regular salt group.</p>
</text>
<copyright>(c) Reuters Limited 1997</copyright>
<metadata>
<codes class="bip:countries:1.0">
  <code code="USA">
    <editdetail attribution="Reuters BIP Coding Group" action="confirmed" date="1997-05-29"/>
  </code>
</codes>
<codes class="bip:industries:1.0">
  <code code="I25700">
    <editdetail attribution="Reuters BIP Coding Group" action="confirmed" date="1997-05-29"/>
  </code>
</codes>
<codes class="bip:topics:1.0">
  <code code="C23">
    <editdetail attribution="Reuters BIP Coding Group" action="confirmed" date="1997-05-29"/>
  </code>
  <code code="CCAT">
    <editdetail attribution="Reuters BIP Coding Group" action="confirmed" date="1997-05-29"/>
  </code>
</codes>
<dc element="dc.date.created" value="1997-05-29"/>
<dc element="dc.publisher" value="Reuters Holdings Plc"/>
<dc element="dc.date.published" value="1997-05-29"/>
<dc element="dc.source" value="Reuters"/>
<dc element="dc.creator.location" value="TARRYTOWN, N.Y."/>
<dc element="dc.creator.location.country.name" value="USA"/>
<dc element="dc.source" value="Reuters"/>
</metadata>
</newsitem>
