<?xml version="1.0" encoding="iso-8859-1" ?>
<newsitem itemid="622737" id="root" date="1997-05-29" xml:lang="en">
<title>USA: Roche unit, Gilead start trial.</title>
<headline>Roche unit, Gilead start trial.</headline>
<dateline>FOSTER CITY, Calif. 1997-05-29</dateline>
<text>
<p>F. Hoffmann-La Roche Ltd and Gilead Sciences Inc on Thursday said they have begun Phase II human tests for an oral drug to treat and prevent viral influenza, called GS 4104.</p>
<p>The tests consist of two studies in which healthy volunteers will receive oral capsules of GS 4104 or placebo once or twice daily, the companies said in a statement.</p>
<p>One study is designed to determine the effect of GS 4104 in reducing symptoms after exposure to influenza. The other study assesses the effect of GS 4104 in preventing infection by administering the drug before exposure to influenza.</p>
<p>F. Hoffmann-La Roche, based in Basel, Switzerland, is part of global pharmaceutical conglomerate Roche Holding Ltd.</p>
</text>
<copyright>(c) Reuters Limited 1997</copyright>
<metadata>
<codes class="bip:countries:1.0">
  <code code="USA">
    <editdetail attribution="Reuters BIP Coding Group" action="confirmed" date="1997-05-29"/>
  </code>
</codes>
<codes class="bip:industries:1.0">
  <code code="I25000">
    <editdetail attribution="Reuters BIP Coding Group" action="confirmed" date="1997-05-29"/>
  </code>
  <code code="I25700">
    <editdetail attribution="Reuters BIP Coding Group" action="confirmed" date="1997-05-29"/>
  </code>
</codes>
<codes class="bip:topics:1.0">
  <code code="C23">
    <editdetail attribution="Reuters BIP Coding Group" action="confirmed" date="1997-05-29"/>
  </code>
  <code code="CCAT">
    <editdetail attribution="Reuters BIP Coding Group" action="confirmed" date="1997-05-29"/>
  </code>
</codes>
<dc element="dc.date.created" value="1997-05-29"/>
<dc element="dc.publisher" value="Reuters Holdings Plc"/>
<dc element="dc.date.published" value="1997-05-29"/>
<dc element="dc.source" value="Reuters"/>
<dc element="dc.creator.location" value="FOSTER CITY, Calif."/>
<dc element="dc.creator.location.country.name" value="USA"/>
<dc element="dc.source" value="Reuters"/>
</metadata>
</newsitem>
