<?xml version="1.0" encoding="iso-8859-1" ?>
<newsitem itemid="622863" id="root" date="1997-05-29" xml:lang="en">
<title>SWITZERLAND: SOCCER-LIVERPOOL'S FOWLER UP FOR FAIR PLAY AWARD.</title>
<headline>SOCCER-LIVERPOOL'S FOWLER UP FOR FAIR PLAY AWARD.</headline>
<dateline>ZURICH 1997-05-29</dateline>
<text>
<p>Liverpool's Robbie Fowler is in the running for a fair play award from world governing body FIFA for protesting that he had not been fouled when a referee gave a penalty in his favour during a key late season league match.</p>
<p>FIFA president Joao Havelange was so impressed by the incident that he said Fowler should go on the short list for FIFA's 1997 Fair Play Prize, a FIFA spokesman said on Thursday.</p>
<p>The incident took place during Liverpool's English premiership game against Arsenal on March 24.</p>
</text>
<copyright>(c) Reuters Limited 1997</copyright>
<metadata>
<codes class="bip:countries:1.0">
  <code code="SWITZ">
    <editdetail attribution="Reuters BIP Coding Group" action="confirmed" date="1997-05-29"/>
  </code>
  <code code="UK">
    <editdetail attribution="Reuters BIP Coding Group" action="confirmed" date="1997-05-29"/>
  </code>
</codes>
<codes class="bip:topics:1.0">
  <code code="GCAT">
    <editdetail attribution="Reuters BIP Coding Group" action="confirmed" date="1997-05-29"/>
  </code>
  <code code="GSPO">
    <editdetail attribution="Reuters BIP Coding Group" action="confirmed" date="1997-05-29"/>
  </code>
</codes>
<dc element="dc.date.created" value="1997-05-29"/>
<dc element="dc.publisher" value="Reuters Holdings Plc"/>
<dc element="dc.date.published" value="1997-05-29"/>
<dc element="dc.source" value="Reuters"/>
<dc element="dc.creator.location" value="ZURICH"/>
<dc element="dc.creator.location.country.name" value="SWITZERLAND"/>
<dc element="dc.source" value="Reuters"/>
</metadata>
</newsitem>
