<?xml version="1.0" encoding="iso-8859-1" ?>
<newsitem itemid="622841" id="root" date="1997-05-29" xml:lang="en">
<title>LITHUANIA: SOCCER-LITHUANIAN CHAMPIONSHIP RESULTS/STANDINGS.</title>
<headline>SOCCER-LITHUANIAN CHAMPIONSHIP RESULTS/STANDINGS.</headline>
<dateline>VILNIUS 1997-05-29</dateline>
<text>
<p>Results of Lithuanian soccer</p>
<p>championship matches played on Wednesday.</p>
<p>    Ekranas    3 Kaunas    0 (2:0)</p>
<p>    Zalgiris   1 Panerys   0 (1:0)</p>
<p>								  </p>
<p>    Standings		  Pl  W  D  L   F  A   Pts</p>
<p>    1.Kareda		   24  16 6  2  55  11  54</p>
<p>    3.Zalgiris		 24  16 4  4  53  15  52</p>
<p>    3.Inkaras		  24  14 7  3  38  13  49</p>
<p>    4.FBC Kaunas	     25  10 5 10  27  28  35</p>
<p>    5.Ekranas		  25   8 9  8  28  29  33</p>
<p>    6.Panerys		  24   4 7 13  15  37  19</p>
<p>    7.Atlantas		 24   4 4 16  17  57  16</p>
<p>    8.Zalgiris-Volmeta     24   2 4 18  13  56  10</p>
<p>-- Andrius Vilkancas, Vilnius newsroom + 370 22 35 17</p>
</text>
<copyright>(c) Reuters Limited 1997</copyright>
<metadata>
<codes class="bip:countries:1.0">
  <code code="LITH">
    <editdetail attribution="Reuters BIP Coding Group" action="confirmed" date="1997-05-29"/>
  </code>
</codes>
<codes class="bip:topics:1.0">
  <code code="GCAT">
    <editdetail attribution="Reuters BIP Coding Group" action="confirmed" date="1997-05-29"/>
  </code>
  <code code="GSPO">
    <editdetail attribution="Reuters BIP Coding Group" action="confirmed" date="1997-05-29"/>
  </code>
</codes>
<dc element="dc.date.created" value="1997-05-29"/>
<dc element="dc.publisher" value="Reuters Holdings Plc"/>
<dc element="dc.date.published" value="1997-05-29"/>
<dc element="dc.source" value="Reuters"/>
<dc element="dc.creator.location" value="VILNIUS"/>
<dc element="dc.creator.location.country.name" value="LITHUANIA"/>
<dc element="dc.source" value="Reuters"/>
</metadata>
</newsitem>
