<?xml version="1.0" encoding="iso-8859-1" ?>
<newsitem itemid="622811" id="root" date="1997-05-29" xml:lang="en">
<title>JAPAN: HUNGARY ADVANCE TO HANDBALL WORLD SEMI-FINALS.</title>
<headline>HUNGARY ADVANCE TO HANDBALL WORLD SEMI-FINALS.</headline>
<byline>Yvonne Chang</byline>
<dateline>KUMAMOTO, Japan 1997-05-29</dateline>
<text>
<p>Undefeated Russia and present world champions France advanced on Thursday to a semifinal clash in the men's handball World Championship.</p>
<p>In the other semifinal to be played on Saturday, Hungary will meet Sweden.</p>
<p>The undefeated Russians crushed Asian powerhouse South Korea 32-15 in their quarter-final match. France also had a comfortable win over Egypt 22-19.</p>
<p>&quot;Our defence was great today and a good defence leads to good counter-attack,&quot; Russian coach Vladimir Maximov said.</p>
<p>He singled out goalkeeper Andrei Lavrov, as well as Viacheslav Atavin and Oleg Grebnev for setting up a strong and tall wall of defense before the fast-moving Korean players.</p>
<p>France still lacked their best form against Egypt</p>
<p>&quot;We made many mistakes in our offense and kept missing goals,&quot; said French coach Daniel Costantini.</p>
<p>&quot;I guess we have a 25 percent chance of beating Russia,&quot; he added.</p>
<p>Stephane Stoecklin top-scored for the French team with five goals, followed by Philippe Julia with four.</p>
<p>In the first two quarter-finals, Sweden beat Olympic bronze medallist Spain 28-24 in extra time, while Hungary won 26-25 against Iceland.</p>
<p>Stefan Lovgren led the Swedes with six goals, while Steffan Olsson, Pierre Thorsson and Magnus Wislander each had five.</p>
<p>The score was tied 21-all at the start of extra time but the Swedes showed more stamina to net seven swift goals in the 10 minutes of extra time.</p>
<p>Zoltan Bergendi and Jozsef Eles scored five goals apiece as Hungary handed Iceland their first defeat in the championship and a surprise exit from the tournament.</p>
<p>After saturday's semifinals, the final will be played on Saturday.</p>
</text>
<copyright>(c) Reuters Limited 1997</copyright>
<metadata>
<codes class="bip:countries:1.0">
  <code code="FRA">
    <editdetail attribution="Reuters BIP Coding Group" action="confirmed" date="1997-05-29"/>
  </code>
  <code code="HUNG">
    <editdetail attribution="Reuters BIP Coding Group" action="confirmed" date="1997-05-29"/>
  </code>
  <code code="JAP">
    <editdetail attribution="Reuters BIP Coding Group" action="confirmed" date="1997-05-29"/>
  </code>
  <code code="RUSS">
    <editdetail attribution="Reuters BIP Coding Group" action="confirmed" date="1997-05-29"/>
  </code>
  <code code="SWED">
    <editdetail attribution="Reuters BIP Coding Group" action="confirmed" date="1997-05-29"/>
  </code>
</codes>
<codes class="bip:topics:1.0">
  <code code="GCAT">
    <editdetail attribution="Reuters BIP Coding Group" action="confirmed" date="1997-05-29"/>
  </code>
  <code code="GSPO">
    <editdetail attribution="Reuters BIP Coding Group" action="confirmed" date="1997-05-29"/>
  </code>
</codes>
<dc element="dc.date.created" value="1997-05-29"/>
<dc element="dc.publisher" value="Reuters Holdings Plc"/>
<dc element="dc.date.published" value="1997-05-29"/>
<dc element="dc.source" value="Reuters"/>
<dc element="dc.creator.location" value="KUMAMOTO, Japan"/>
<dc element="dc.creator.location.country.name" value="JAPAN"/>
<dc element="dc.source" value="Reuters"/>
</metadata>
</newsitem>
