<?xml version="1.0" encoding="iso-8859-1" ?>
<newsitem itemid="622886" id="root" date="1997-05-29" xml:lang="en">
<title>NETHERLANDS: ATHLETICS-GEBRSELASSIE, MORCELI CHASE $1 MILLION PRIZE.</title>
<headline>ATHLETICS-GEBRSELASSIE, MORCELI CHASE $1 MILLION PRIZE.</headline>
<byline>Andrew Clark</byline>
<dateline>AMSTERDAM 1997-05-29</dateline>
<text>
<p>Two of the world's finest distance runners warmed up on Thursday for a $1 million duel at the weekend which may provide a glimpse into the future of athletics.</p>
<p>Haile Gebrselassie of Ethiopia and Noureddine Morceli of Algeria compete over two miles in the Dutch town of Hengelo on Saturday, with the victor guaranteed the purse if he breaks eight minutes.</p>
<p>Head-to-head clashes are seen as a new opportunity to rekindle interest in athletics in today's crowded sporting market place.</p>
<p>&quot;People like this kind of one-to-one competition, they want to know who is the strongest -- like it is with boxers.&quot; said Gebrselassie, world 5,000 metres record holder and Olympic 10,000 metres champion.</p>
<p>&quot;It's a very, very good idea,&quot; agreed Morceli, world record holder for the mile, 1,500 and 2,000 metres.</p>
<p>&quot;People are enthusiastic to see something new and it will be more exciting for the spectators and for all fans.&quot;</p>
<p>The double mile was chosen as a compromise between the two athletes' favoured distances and for the symbolic value of the eight-minute barrier.</p>
<p>&quot;It could have the same impact as Roger Bannister breaking four minutes for the mile in 1954,&quot; said organiser Jos Hermans.</p>
<p>The current world record for the distance, held by Kenyan Daniel Komen, stands at eight minutes 3.54 seconds.</p>
<p>&quot;We need good pacemakers, we need good weather. We need everything to be perfect if we are going to do it,&quot; said Gebrselassie, who once set the world mark at 8:07.46.</p>
<p>The two will run in a field of 11, with three &quot;hares&quot; charged with taking them to the necessary split times over 1,000 and 2,000 metres.</p>
<p>Organisers will instal a photo-finish and a full team of judges in case of a world record performance.</p>
<p>The Hengelo race is followed on Sunday by a similar duel in Toronto between Michael Johnson and Donovan Bailey over 150 metres, also with $1 million at stake.</p>
<p>Gebrselassie said it was a pity they had been arranged so close together. &quot;People seem to have forgotten about us. Even in Ethiopia everyone was asking me about Mike Johnson and Donovan Bailey.&quot;</p>
<p>Morceli said that he would not let his friendship with Gebrselassie get in the way of a big-money opportunity. &quot;Off the track we are friends -- but on the track even if you were competing against your own father you would not acknowledge him.&quot;</p>
</text>
<copyright>(c) Reuters Limited 1997</copyright>
<metadata>
<codes class="bip:countries:1.0">
  <code code="ALG">
    <editdetail attribution="Reuters BIP Coding Group" action="confirmed" date="1997-05-29"/>
  </code>
  <code code="ETHPA">
    <editdetail attribution="Reuters BIP Coding Group" action="confirmed" date="1997-05-29"/>
  </code>
  <code code="NETH">
    <editdetail attribution="Reuters BIP Coding Group" action="confirmed" date="1997-05-29"/>
  </code>
</codes>
<codes class="bip:topics:1.0">
  <code code="GCAT">
    <editdetail attribution="Reuters BIP Coding Group" action="confirmed" date="1997-05-29"/>
  </code>
  <code code="GSPO">
    <editdetail attribution="Reuters BIP Coding Group" action="confirmed" date="1997-05-29"/>
  </code>
</codes>
<dc element="dc.date.created" value="1997-05-29"/>
<dc element="dc.publisher" value="Reuters Holdings Plc"/>
<dc element="dc.date.published" value="1997-05-29"/>
<dc element="dc.source" value="Reuters"/>
<dc element="dc.creator.location" value="AMSTERDAM"/>
<dc element="dc.creator.location.country.name" value="NETHERLANDS"/>
<dc element="dc.source" value="Reuters"/>
</metadata>
</newsitem>
