<?xml version="1.0" encoding="iso-8859-1" ?>
<newsitem itemid="622833" id="root" date="1997-05-29" xml:lang="en">
<title>SOUTH AFRICA: RUGBY UNION-JOHNSON, RODBER IN SHADOW LIONS SIDE.</title>
<headline>RUGBY UNION-JOHNSON, RODBER IN SHADOW LIONS SIDE.</headline>
<byline>Mark Stokes</byline>
<dateline>EAST LONDON 1997-05-29</dateline>
<text>
<p>British Lions captain Martin Johnson and number eight Tim Rodber will make their first appearances in the South African tour this Saturday in what is widely seen as a shadow Lions side for the first test against the Sprigboks.</p>
<p>Although Lions manager Fran Cotton stressed that the selectors were still trying out various playing combinations, the 15 named to square up to Western Province in Cape Town this weekend are close to a first-choice line-up.</p>
<p>&quot;We are still looking at various combinations and this shouldn't be considered as our test team,&quot; Cotton said.</p>
<p>Leicester lock Johnson will make his debut as tour captain after a much-needed break from the demanding northern hemisphere season while Rodber completes an impressive all-England back row, despite still carrying five stitches in a head wound.</p>
<p>Rodber was picked for the tour opener in Port Elizabeth eight days ago but then had to withdraw with a stomach virus.</p>
<p>Elsewhere, the Lions side appears fairly strong.</p>
<p>Bath centre Jeremy Guscott, who impressed in the first game against an Eastern Province invitation side, joins strong-running Allan Tait in the midfield while Welshman Ieuan Evans and John Bentley provide pace and experience on the wings.</p>
<p>Gregor Townsend and Rob Howley have a second chance to impress at halfback while Jason Leonard, Barry Williams and Graham Rowntree make up a formidable front row.</p>
<p>The Lions management will hope that Neath hooker Williams can provide accurate throwing to both Johnson and Simon Shaw in the lineouts - an area of some concern for them in the first two matches.</p>
<p>Although the Lions have won their opening two matches on tour, Wednesday's 18-14 victory over Border in sodden conditions was far from convincing.</p>
<p>&quot;Yesterday was very disappointing,&quot; said match captain Rob Wainwright. &quot;We didn't control the game throughout - and there's only so much excuse you can make for the poor conditions.&quot;</p>
<p>But Lions media liaison officer Bob Burrows was able to give positive news on the injury front, regarding both centre Scott Gibbs and scrumhalf Austin Healey.</p>
<p>&quot;Scott is already in Cape Town and had hydrotherapy treatment this morning. His doctor told me today he has nothing more serious than a sprained ankle - X-rays disclosed no fracture - and he should be fit to play again within seven and 10 days,&quot; Burros told Reuters.</p>
<p>&quot;Austin took a slight knock on the shoulder yesterday but it's nothing serious.&quot;</p>
<p>British Lions team: Tim Stimpson; Ieuan Evans, Jeremy Guscott, Allan Tait, John Bentley; Gregor Townsend, Rob Howley; Tim Rodber, Richard Hill, Lawrence Dallaglio, Simon Shaw, Martin Johnson (captain), Jason Leonard, Barry Williams, Graham Rowntree. Sbstitutes: Neil Jenkins, Matt Dawson, Will Greenwood, Mark Regan, Phil Wallace, Scott Quinnell.</p>
</text>
<copyright>(c) Reuters Limited 1997</copyright>
<metadata>
<codes class="bip:countries:1.0">
  <code code="SAFR">
    <editdetail attribution="Reuters BIP Coding Group" action="confirmed" date="1997-05-29"/>
  </code>
  <code code="UK">
    <editdetail attribution="Reuters BIP Coding Group" action="confirmed" date="1997-05-29"/>
  </code>
</codes>
<codes class="bip:topics:1.0">
  <code code="GCAT">
    <editdetail attribution="Reuters BIP Coding Group" action="confirmed" date="1997-05-29"/>
  </code>
  <code code="GSPO">
    <editdetail attribution="Reuters BIP Coding Group" action="confirmed" date="1997-05-29"/>
  </code>
</codes>
<dc element="dc.date.created" value="1997-05-29"/>
<dc element="dc.publisher" value="Reuters Holdings Plc"/>
<dc element="dc.date.published" value="1997-05-29"/>
<dc element="dc.source" value="Reuters"/>
<dc element="dc.creator.location" value="EAST LONDON"/>
<dc element="dc.creator.location.country.name" value="SOUTH AFRICA"/>
<dc element="dc.source" value="Reuters"/>
</metadata>
</newsitem>
