<?xml version="1.0" encoding="iso-8859-1" ?>
<newsitem itemid="622850" id="root" date="1997-05-29" xml:lang="en">
<title>USA: BASEBALL-MAJOR LEAGUE STANDINGS AFTER WEDNESDAY'S GAMES.</title>
<headline>BASEBALL-MAJOR LEAGUE STANDINGS AFTER WEDNESDAY'S GAMES.</headline>
<dateline>NEW YORK 1997-05-28</dateline>
<text>
<p>Standings of Major League</p>
<p>Baseball teams after games played on Wednesday (tabulate under</p>
<p>wins, losses, winning percentage and games behind first):</p>
<p>		  AMERICAN LEAGUE</p>
<p>		  EAST DIVISION</p>
<p>			W    L   PCT  GB</p>
<p>BALTIMORE	  34   15  .694   -</p>
<p>NY YANKEES	 27   24  .529   8</p>
<p>TORONTO	    25   23  .521   8 1/2</p>
<p>DETROIT	    23   27  .460  11 1/2</p>
<p>BOSTON	     21   27  .438  12 1/2</p>
<p>		  CENTRAL DIVISION</p>
<p>			W    L   PCT  GB</p>
<p>CLEVELAND	  27   22  .551   -</p>
<p>MILWAUKEE	  22   25  .468   4</p>
<p>CHI WHITE SOX    22   26  .458   4 1/2</p>
<p>KANSAS CITY	22   27  .449   5</p>
<p>MINNESOTA	  22   29  .431   6</p>
<p>		  WEST DIVISION</p>
<p>			W    L   PCT  GB</p>
<p>TEXAS		27   22  .551   -</p>
<p>ANAHEIM	    26   23  .531   1</p>
<p>SEATTLE	    27   24  .529   1</p>
<p>OAKLAND	    21   32  .396   8</p>
<p>THURSDAY, MAY 29TH SCHEDULE</p>
<p>NY YANKEES AT TORONTO	  </p>
<p>BALTIMORE AT DETROIT	   </p>
<p>MILWAUKEE AT MINNESOTA	 </p>
<p>ANAHEIM AT OAKLAND	     </p>
<p>CHI WHITE SOX AT BOSTON	</p>
<p>CLEVELAND AT KANSAS CITY     </p>
<p>TEXAS AT SEATTLE		 </p>
<p>		  NATIONAL LEAGUE</p>
<p>		   EAST DIVISION</p>
<p>			W    L   PCT  GB</p>
<p>ATLANTA	    35   15  .700   -</p>
<p>FLORIDA	    30   19  .612   4 1/2</p>
<p>NY METS	    28   23  .549   7 1/2</p>
<p>MONTREAL	   27   23  .540   8</p>
<p>PHILADELPHIA     19   32  .373  16 1/2</p>
<p>		  CENTRAL DIVISION</p>
<p>			W    L   PCT  GB</p>
<p>HOUSTON	    25   26  .490   -</p>
<p>PITTSBURGH	 25   26  .490   -</p>
<p>ST LOUIS	   21   28  .429   3</p>
<p>CHICAGO CUBS     19   31  .380   5 1/2</p>
<p>CINCINNATI	 19   32  .373   6</p>
<p>		  WEST DIVISION</p>
<p>			W    L   PCT  GB</p>
<p>SAN FRANCISCO    29   20  .592   -</p>
<p>COLORADO	   27   23  .540   2 1/2</p>
<p>LOS ANGELES	26   23  .531   3</p>
<p>SAN DIEGO	  20   29  .408   9</p>
<p>	 THURSDAY, MAY 29TH SCHEDULE</p>
<p>COLORADO AT FLORIDA	    </p>
<p>SAN FRANCISCO AT ATLANTA     </p>
<p>CINCINNATI AT CHICAGO CUBS   </p>
<p>SAN DIEGO AT HOUSTON	   </p>
<p>LOS ANGELES AT ST LOUIS</p>
</text>
<copyright>(c) Reuters Limited 1997</copyright>
<metadata>
<codes class="bip:countries:1.0">
  <code code="USA">
    <editdetail attribution="Reuters BIP Coding Group" action="confirmed" date="1997-05-29"/>
  </code>
</codes>
<codes class="bip:topics:1.0">
  <code code="GCAT">
    <editdetail attribution="Reuters BIP Coding Group" action="confirmed" date="1997-05-29"/>
  </code>
  <code code="GSPO">
    <editdetail attribution="Reuters BIP Coding Group" action="confirmed" date="1997-05-29"/>
  </code>
</codes>
<dc element="dc.date.created" value="1997-05-28"/>
<dc element="dc.publisher" value="Reuters Holdings Plc"/>
<dc element="dc.date.published" value="1997-05-29"/>
<dc element="dc.source" value="Reuters"/>
<dc element="dc.creator.location" value="NEW YORK"/>
<dc element="dc.creator.location.country.name" value="USA"/>
<dc element="dc.source" value="Reuters"/>
</metadata>
</newsitem>
