<?xml version="1.0" encoding="iso-8859-1" ?>
<newsitem itemid="622898" id="root" date="1997-05-29" xml:lang="en">
<title>FRANCE: TENNIS-'BAD BOY' INSISTS IT TAKES TWO TO TARANGO.</title>
<headline>TENNIS-'BAD BOY' INSISTS IT TAKES TWO TO TARANGO.</headline>
<byline>Steve Keating</byline>
<dateline>PARIS 1997-05-29</dateline>
<text>
<p>Volatile American Jeff Tarango's antics during his second round French Open match against Thomas Muster will not impress the authorities at Wimbledon as they prepare to receive him back to the All England Club next month.</p>
<p>Tarango has yet to confirm whether he plans to play at Wimbledon, but knows he is still a marked man after being suspended and hit with a record fine in 1995 when he walked off court during his third round match against German Alexander Mronz.</p>
<p>Accusing French referee Bruno Rebeuh of being &quot;the most corrupt official in the game&quot; -- an allegation later retracted -- earned him censure from all sides, yet he shows no signs of adopting a lower profile.</p>
<p>While Tarango completed his match this time, losing in four sets to the 1995 French champion on Wednesday, it did not end amicably.</p>
<p>The two men, at times acting more like the school children packed into the stands for Kids Day at Roland Garros, engaged in an ill-tempered affair littered with name-calling, mimicking and taunts.</p>
<p>It ended with the Austrian refusing to shake Tarango's hand amid deafening boos and whistles.</p>
<p>&quot;If the media wants to make me the bad boy, they can do that,&quot; said Tarango, a nine-year journeyman professional still searching for his first career tournament win. &quot;But I think if you come and watch my matches you will not get that impression.</p>
<p>&quot;My reputation precedes me a little bit, but I think it's a bit of a false reputation.&quot;</p>
<p>Over the years, Muster hasn't exactly ingratiated himself as a friend of Wimbledon either.</p>
<p>He has regularly refused to play there and said last year he planned to tear up all the grass at his home and replace it with asphalt.</p>
<p>Tarango's behaviour, however, left him even less impressed.</p>
<p>&quot;There's no excuse for certain behaviour on the court,&quot; argued Muster, not always a model of decorum on the court himself. &quot;I know I'm not always great but when I'm on the court I'm fighting, I'm giving everything, I'm looking at balls and ball marks.</p>
<p>&quot;But that's all within the rules. I don't think what we saw today was very professional</p>
<p>&quot;It's not right that you're playing a match and you can do anything you want, then at the end everyone smiles and shakes hands. That's not the way it works.&quot;</p>
<p>Hopefully, things will be calmer on Thursday when top games include number two seed Michael Chang against Jerome Golmard of France and Martina Hingis against Italy's Gloria Pizzichini.</p>
</text>
<copyright>(c) Reuters Limited 1997</copyright>
<metadata>
<codes class="bip:countries:1.0">
  <code code="FRA">
    <editdetail attribution="Reuters BIP Coding Group" action="confirmed" date="1997-05-29"/>
  </code>
  <code code="USA">
    <editdetail attribution="Reuters BIP Coding Group" action="confirmed" date="1997-05-29"/>
  </code>
</codes>
<codes class="bip:topics:1.0">
  <code code="GCAT">
    <editdetail attribution="Reuters BIP Coding Group" action="confirmed" date="1997-05-29"/>
  </code>
  <code code="GSPO">
    <editdetail attribution="Reuters BIP Coding Group" action="confirmed" date="1997-05-29"/>
  </code>
</codes>
<dc element="dc.date.created" value="1997-05-29"/>
<dc element="dc.publisher" value="Reuters Holdings Plc"/>
<dc element="dc.date.published" value="1997-05-29"/>
<dc element="dc.source" value="Reuters"/>
<dc element="dc.creator.location" value="PARIS"/>
<dc element="dc.creator.location.country.name" value="FRANCE"/>
<dc element="dc.source" value="Reuters"/>
</metadata>
</newsitem>
