<?xml version="1.0" encoding="iso-8859-1" ?>
<newsitem itemid="622834" id="root" date="1997-05-29" xml:lang="en">
<title>CROATIA: SOCCER-CROATIA RETAINS CUP TO COMPLETE DOUBLE.</title>
<headline>SOCCER-CROATIA RETAINS CUP TO COMPLETE DOUBLE.</headline>
<dateline>ZAGREB 1997-05-29</dateline>
<text>
<p>Croatia, who recently won the league title, completed a double on Thursday by adding the Croatian Cup with a 2-1 victory over Zagreb, another team from the capital.</p>
<p>Croatia's best scorer, Igor Cvitanovic, put his team in the lead with a 30th minute penalty and Mark Viduka added an effective second by scoring with a backheel in the 65th minute after a pass by Danijel Saric.</p>
<p>Zeljko Sopic scored for Zagreb 13 minutes from time after fooling Croatia's goalkeeper Drazen Ladic.</p>
</text>
<copyright>(c) Reuters Limited 1997</copyright>
<metadata>
<codes class="bip:countries:1.0">
  <code code="CRTIA">
    <editdetail attribution="Reuters BIP Coding Group" action="confirmed" date="1997-05-29"/>
  </code>
</codes>
<codes class="bip:topics:1.0">
  <code code="GCAT">
    <editdetail attribution="Reuters BIP Coding Group" action="confirmed" date="1997-05-29"/>
  </code>
  <code code="GSPO">
    <editdetail attribution="Reuters BIP Coding Group" action="confirmed" date="1997-05-29"/>
  </code>
</codes>
<dc element="dc.date.created" value="1997-05-29"/>
<dc element="dc.publisher" value="Reuters Holdings Plc"/>
<dc element="dc.date.published" value="1997-05-29"/>
<dc element="dc.source" value="Reuters"/>
<dc element="dc.creator.location" value="ZAGREB"/>
<dc element="dc.creator.location.country.name" value="CROATIA"/>
<dc element="dc.source" value="Reuters"/>
</metadata>
</newsitem>
