<?xml version="1.0" encoding="iso-8859-1" ?>
<newsitem itemid="622857" id="root" date="1997-05-29" xml:lang="en">
<title>ITALY: SOCCER-ITALIAN CUP FINAL SECOND LEG SUMMARY.</title>
<headline>SOCCER-ITALIAN CUP FINAL SECOND LEG SUMMARY.</headline>
<dateline>VICENZA, Italy 1997-05-29</dateline>
<text>
<p>Summary of Italian Cup final second leg played on Thursday:</p>
<p> Vicenza    3 - Gianpiero Maini 20, Maurizio Rossi 117,</p>
<p>Alessandro Iannuzzi 120</p>
<p> Napoli     0</p>
<p>Red Card: Nicola Caccia (Napoli) 91</p>
<p>HT 1-0 Attendance: 20,000</p>
<p>Vicenza win 3-1 on aggregate.</p>
</text>
<copyright>(c) Reuters Limited 1997</copyright>
<metadata>
<codes class="bip:countries:1.0">
  <code code="ITALY">
    <editdetail attribution="Reuters BIP Coding Group" action="confirmed" date="1997-05-29"/>
  </code>
</codes>
<codes class="bip:topics:1.0">
  <code code="GCAT">
    <editdetail attribution="Reuters BIP Coding Group" action="confirmed" date="1997-05-29"/>
  </code>
  <code code="GSPO">
    <editdetail attribution="Reuters BIP Coding Group" action="confirmed" date="1997-05-29"/>
  </code>
</codes>
<dc element="dc.date.created" value="1997-05-29"/>
<dc element="dc.publisher" value="Reuters Holdings Plc"/>
<dc element="dc.date.published" value="1997-05-29"/>
<dc element="dc.source" value="Reuters"/>
<dc element="dc.creator.location" value="VICENZA, Italy"/>
<dc element="dc.creator.location.country.name" value="ITALY"/>
<dc element="dc.source" value="Reuters"/>
</metadata>
</newsitem>
