<?xml version="1.0" encoding="iso-8859-1" ?>
<newsitem itemid="622935" id="root" date="1997-05-29" xml:lang="en">
<title>LATVIA: INTERBANK OVERNIGHT RATE FALLS SHARPLY.</title>
<headline>INTERBANK OVERNIGHT RATE FALLS SHARPLY.</headline>
<dateline>RIGA 1997-05-29</dateline>
<text>
<p>The overnight rate in Latvia's interbank market fell on Thursday to 1.5/2.0 percent from around 2.5 percent after an influx of lats caused by the purchase of a big chunk of Latvian Gas by German investors, dealers said.</p>
<p>German consortium Ruhrgas and Preussen bought 70 percent of its 16.25 percent stake in Latvian Gas for 7.8 million lats, the country's privatisation agency said on Thursday.</p>
<p>&quot;There are suddenly a lot more lats on the market and that brought rates down,&quot; said one dealer.</p>
<p>&quot;Another factor is the liquidity situation in the banks...it is common for rates to fall at the end of the month,&quot; the dealer added.</p>
<p>Interbank overnight rates were as high as 6.0 percent just one week ago, dealers said.</p>
<p>-- Ed Stoddard, Riga newsroom +371 721 52 40</p>
</text>
<copyright>(c) Reuters Limited 1997</copyright>
<metadata>
<codes class="bip:countries:1.0">
  <code code="LATV">
    <editdetail attribution="Reuters BIP Coding Group" action="confirmed" date="1997-05-29"/>
  </code>
</codes>
<codes class="bip:topics:1.0">
  <code code="M13">
    <editdetail attribution="Reuters BIP Coding Group" action="confirmed" date="1997-05-29"/>
  </code>
  <code code="M131">
    <editdetail attribution="Reuters BIP Coding Group" action="confirmed" date="1997-05-29"/>
  </code>
  <code code="MCAT">
    <editdetail attribution="Reuters BIP Coding Group" action="confirmed" date="1997-05-29"/>
  </code>
</codes>
<dc element="dc.date.created" value="1997-05-29"/>
<dc element="dc.publisher" value="Reuters Holdings Plc"/>
<dc element="dc.date.published" value="1997-05-29"/>
<dc element="dc.source" value="Reuters"/>
<dc element="dc.creator.location" value="RIGA"/>
<dc element="dc.creator.location.country.name" value="LATVIA"/>
<dc element="dc.source" value="Reuters"/>
</metadata>
</newsitem>
