<?xml version="1.0" encoding="iso-8859-1" ?>
<newsitem itemid="622928" id="root" date="1997-05-29" xml:lang="en">
<title>HUNGARY: NOON RADIO HEADLINES - MAY 29.</title>
<headline>NOON RADIO HEADLINES - MAY 29.</headline>
<dateline>BUDAPEST 1997-05-29</dateline>
<text>
<p>These are the main headlines on Hungary's Kossuth Radio midday news. Reuters cannot vouch for their accuracy:</p>
<p>- The government coalition parties back the idea of setting up a council, which would appoint the heads of courts and strengthen their independence from politics.</p>
<p>- The government discusses plans about a controversial amendment of the law on farmland, which may allow foreigners to buy Hungarian land under certain conditions.</p>
<p>-  Postabank plans to raise its registered capital by some 20 billion forints this year.</p>
<p>- The government is likely to decide on aid to Told, a village in northern Hungary hit by serious storm damages recently.</p>
<p>-- Budapest newsroom +36 1 327 4040</p>
</text>
<copyright>(c) Reuters Limited 1997</copyright>
<metadata>
<codes class="bip:countries:1.0">
  <code code="HUNG">
    <editdetail attribution="Reuters BIP Coding Group" action="confirmed" date="1997-05-29"/>
  </code>
</codes>
<codes class="bip:topics:1.0">
  <code code="GCAT">
    <editdetail attribution="Reuters BIP Coding Group" action="confirmed" date="1997-05-29"/>
  </code>
</codes>
<dc element="dc.date.created" value="1997-05-29"/>
<dc element="dc.publisher" value="Reuters Holdings Plc"/>
<dc element="dc.date.published" value="1997-05-29"/>
<dc element="dc.source" value="Reuters"/>
<dc element="dc.creator.location" value="BUDAPEST"/>
<dc element="dc.creator.location.country.name" value="HUNGARY"/>
<dc element="dc.source" value="Reuters"/>
</metadata>
</newsitem>
