<?xml version="1.0" encoding="iso-8859-1" ?>
<newsitem itemid="622951" id="root" date="1997-05-29" xml:lang="en">
<title>ESTONIA: TWO BIDS RECEIVED FOR ESTONIAN SHIPPING.</title>
<headline>TWO BIDS RECEIVED FOR ESTONIAN SHIPPING.</headline>
<dateline>TALLINN 1997-05-29</dateline>
<text>
<p>The Estonian Privativation Agency said on Thursday that two bids were received after the deadline for a second round of tenders for the Estonian Shipping company closed.</p>
<p>&quot;We can say that there were two bids in the box when it was opened,&quot; Silva Mannik, information officer with the agency, told Reuters.  </p>
<p>The agency declined to say from whom the bids were received.</p>
<p>But it said that after the commission has reviewed the bids the agency's board will make a decision on the sale of what is the largest shipping company in Estonia.</p>
<p>&quot;The board's decision may be announced on June 11,&quot; Mannik added.</p>
<p>Three bidders were choosen in the first round to submit tenders in the second round. The three were Arbonale, Baltic Cresco and ESCO holdings.</p>
<p>Newspaper Aripaev earlier reported that Cresco and ESCO have joined forces. Cresco has refused to confirm the report.</p>
<p>-- David Mardiste, Tallinn newsroom, +372 630 8400 reuters@reuters.ee</p>
</text>
<copyright>(c) Reuters Limited 1997</copyright>
<metadata>
<codes class="bip:countries:1.0">
  <code code="ESTNIA">
    <editdetail attribution="Reuters BIP Coding Group" action="confirmed" date="1997-05-29"/>
  </code>
</codes>
<codes class="bip:industries:1.0">
  <code code="I74000">
    <editdetail attribution="Reuters BIP Coding Group" action="confirmed" date="1997-05-29"/>
  </code>
</codes>
<codes class="bip:topics:1.0">
  <code code="C18">
    <editdetail attribution="Reuters BIP Coding Group" action="confirmed" date="1997-05-29"/>
  </code>
  <code code="C183">
    <editdetail attribution="Reuters BIP Coding Group" action="confirmed" date="1997-05-29"/>
  </code>
  <code code="CCAT">
    <editdetail attribution="Reuters BIP Coding Group" action="confirmed" date="1997-05-29"/>
  </code>
</codes>
<dc element="dc.date.created" value="1997-05-29"/>
<dc element="dc.publisher" value="Reuters Holdings Plc"/>
<dc element="dc.date.published" value="1997-05-29"/>
<dc element="dc.source" value="Reuters"/>
<dc element="dc.creator.location" value="TALLINN"/>
<dc element="dc.creator.location.country.name" value="ESTONIA"/>
<dc element="dc.source" value="Reuters"/>
</metadata>
</newsitem>
