<?xml version="1.0" encoding="iso-8859-1" ?>
<newsitem itemid="622958" id="root" date="1997-05-29" xml:lang="en">
<title>CZECH REPUBLIC: CZECH PRESIDENT LISTS DOUBTS ABOUT GOVT PROGRAMME.</title>
<headline>CZECH PRESIDENT LISTS DOUBTS ABOUT GOVT PROGRAMME.</headline>
<dateline>PRAGUE 1997-05-29</dateline>
<text>
<p>Czech President Vaclav Havel said on Thursday that he was pleased that leaders of the ruling centre-right coalition were ready to face its economic crisis, but he had doubts over the way the coalition agreed to do it.</p>
<p>In a statement he said that while the economic stabilisation programme agreed on Wednesday could possibly resolve the immediate situation, it did not address what the government intended to do in the longer term.  </p>
<p>Prime Minister Vaclav Klaus and leaders of the two junior coalition parties agreed on Wednesday to an austerity programme of unspecified budget cuts and public sector wage freezes and ministerial changes aimed at halting a crisis of confidence in the Czech crown and the economy.</p>
<p>In listing what he called &quot;several doubts&quot;, Havel said the plan &quot;still does not mention even a word about long-term programme aims of this coalition and government, and does not, in the new situation, develop and make concrete its programme statement.&quot;</p>
<p>Havel said it did not offer &quot;even a word&quot; of who was responsible for the economic crisis, and that he could not understand the connection between the personnel changes -- and the new programme.</p>
<p>Still, he said he indicated he would &quot;could&quot; confirm the personnel changes -- which included naming the education minister Ivan Pilip as the new finance minister -- on Monday.</p>
</text>
<copyright>(c) Reuters Limited 1997</copyright>
<metadata>
<codes class="bip:countries:1.0">
  <code code="CZREP">
    <editdetail attribution="Reuters BIP Coding Group" action="confirmed" date="1997-05-29"/>
  </code>
</codes>
<codes class="bip:topics:1.0">
  <code code="E12">
    <editdetail attribution="Reuters BIP Coding Group" action="confirmed" date="1997-05-29"/>
  </code>
  <code code="ECAT">
    <editdetail attribution="Reuters BIP Coding Group" action="confirmed" date="1997-05-29"/>
  </code>
  <code code="GCAT">
    <editdetail attribution="Reuters BIP Coding Group" action="confirmed" date="1997-05-29"/>
  </code>
  <code code="GPOL">
    <editdetail attribution="Reuters BIP Coding Group" action="confirmed" date="1997-05-29"/>
  </code>
</codes>
<dc element="dc.date.created" value="1997-05-29"/>
<dc element="dc.publisher" value="Reuters Holdings Plc"/>
<dc element="dc.date.published" value="1997-05-29"/>
<dc element="dc.source" value="Reuters"/>
<dc element="dc.creator.location" value="PRAGUE"/>
<dc element="dc.creator.location.country.name" value="CZECH REPUBLIC"/>
<dc element="dc.source" value="Reuters"/>
</metadata>
</newsitem>
