<?xml version="1.0" encoding="iso-8859-1" ?>
<newsitem itemid="622944" id="root" date="1997-05-29" xml:lang="en">
<title>CZECH REPUBLIC: CZECH CENTRAL BANK SAYS Q1 FDI HITS $303.7 MLN.</title>
<headline>CZECH CENTRAL BANK SAYS Q1 FDI HITS $303.7 MLN.</headline>
<dateline>PRAGUE 1997-05-29</dateline>
<text>
<p>Total foreign direct investment into the Czech Republic for the first quarter of 1997 was $303.7 million, the Czech National Bank (CNB) said on Thursday.</p>
<p>&quot;Direct foreign investment into the Czech Republic amounted to, in crown terms, about the same as the first quarter of last year (when adjusting for exchange rate developements)&quot; a CNB statement said.</p>
<p>The statement said that total FDI from January 1, 1990 to the end of March was $6.9 billion.</p>
<p>It said that of first quarter investment, the banking sector received a 42.1 percent share, followed by the trade and service sectors (25 percent), and the foodstuffs industrial sector (20.9 percent).</p>
<p>It added that Germany led all nations in the first quarter with 47.4 percent of first quarter FDI, with the U.S. second at 21.1 percent and the Netherlands with 16.7 percent.</p>
<p>-- Alan Crosby, Prague Newsroom, 420-2-2423-0003</p>
</text>
<copyright>(c) Reuters Limited 1997</copyright>
<metadata>
<codes class="bip:countries:1.0">
  <code code="CZREP">
    <editdetail attribution="Reuters BIP Coding Group" action="confirmed" date="1997-05-29"/>
  </code>
</codes>
<codes class="bip:topics:1.0">
  <code code="E51">
    <editdetail attribution="Reuters BIP Coding Group" action="confirmed" date="1997-05-29"/>
  </code>
  <code code="E511">
    <editdetail attribution="Reuters BIP Coding Group" action="confirmed" date="1997-05-29"/>
  </code>
  <code code="E512">
    <editdetail attribution="Reuters BIP Coding Group" action="confirmed" date="1997-05-29"/>
  </code>
  <code code="ECAT">
    <editdetail attribution="Reuters BIP Coding Group" action="confirmed" date="1997-05-29"/>
  </code>
</codes>
<dc element="dc.date.created" value="1997-05-29"/>
<dc element="dc.publisher" value="Reuters Holdings Plc"/>
<dc element="dc.date.published" value="1997-05-29"/>
<dc element="dc.source" value="Reuters"/>
<dc element="dc.creator.location" value="PRAGUE"/>
<dc element="dc.creator.location.country.name" value="CZECH REPUBLIC"/>
<dc element="dc.source" value="Reuters"/>
</metadata>
</newsitem>
