<?xml version="1.0" encoding="iso-8859-1" ?>
<newsitem itemid="574376" id="root" date="1997-05-11" xml:lang="en">
<title>UK: GOLF-LANGER CLINCHES SECOND SUCCESSIVE TOUR VICTORY.</title>
<headline>GOLF-LANGER CLINCHES SECOND SUCCESSIVE TOUR VICTORY.</headline>
<dateline>THAME, England 1997-05-11</dateline>
<text>
<p>German Bernhard Langer claimed his second successive European Tour title when he won the rain-hit Benson and Hedges International by two strokes from Ian Woosnam of Britain on Sunday.</p>
<p>It was a supreme display of golf by Langer in the most testing of conditions which saw play twice suspended because of lightning and torrential rain.</p>
<p>Langer, winner of the Italian Open last weekend, had a final round 69 to finish on 12-under-par 276. Woosnam had a 70 for 278 with Briton Lee Westwood third a further two strokes back on 280 after a 72.</p>
<p>Woosnam's chances looked to have disappeared when he double-bogeyed the par four 10th. But he pulled a shot back at the next and finished in marvellous style with birdies on four of the last five holes.</p>
<p>Westwood, after lying second for most of the round, saw his hopes perish on the 585-yard 17th when he went into the water and took a bogey six.</p>
</text>
<copyright>(c) Reuters Limited 1997</copyright>
<metadata>
<codes class="bip:countries:1.0">
  <code code="GFR">
    <editdetail attribution="Reuters BIP Coding Group" action="confirmed" date="1997-05-11"/>
  </code>
  <code code="UK">
    <editdetail attribution="Reuters BIP Coding Group" action="confirmed" date="1997-05-11"/>
  </code>
</codes>
<codes class="bip:topics:1.0">
  <code code="GCAT">
    <editdetail attribution="Reuters BIP Coding Group" action="confirmed" date="1997-05-11"/>
  </code>
  <code code="GSPO">
    <editdetail attribution="Reuters BIP Coding Group" action="confirmed" date="1997-05-11"/>
  </code>
</codes>
<dc element="dc.date.created" value="1997-05-11"/>
<dc element="dc.publisher" value="Reuters Holdings Plc"/>
<dc element="dc.date.published" value="1997-05-11"/>
<dc element="dc.source" value="Reuters"/>
<dc element="dc.creator.location" value="THAME, England"/>
<dc element="dc.creator.location.country.name" value="UK"/>
<dc element="dc.source" value="Reuters"/>
</metadata>
</newsitem>
