<?xml version="1.0" encoding="iso-8859-1" ?>
<newsitem itemid="574382" id="root" date="1997-05-11" xml:lang="en">
<title>FINLAND: ICE HOCKEY-SWEDEN TAKE ONE-GAME LEAD.</title>
<headline>ICE HOCKEY-SWEDEN TAKE ONE-GAME LEAD.</headline>
<byline>Steve Keating</byline>
<dateline>HELSINKI 1997-05-11</dateline>
<text>
<p>Sweden beat Canada 3-2 on Sunday to take a one-game lead in the best-of-three final of the ice hockey world championship.</p>
<p>Marcus Thuresson scored what proved to be the winning goal with just under four minutes to play.</p>
<p>Canadian netminder Sean Burke stopped Magnus Svensson on a breakaway but could not control the rebound as Thuresson lifted the loose puck over the sprawling goaltender to put Sweden ahead 3-1.</p>
<p>&quot;The puck just dropped down right in front of me,&quot; said Thuresson. &quot;I just happened to be there and flipped it home.&quot;</p>
<p>With Burke pulled in favour of an extra attacker, Anson Carter deflected Keith Primeau's pass past Tommy Salo to cut the deficit to 3-2 with 38 seconds left.</p>
<p>But the Canadians could not get the equaliser.</p>
<p>&quot;I think we played about up to 80 percent of our potenial offensively but defensively we were almost perfect,&quot; Swedish coach Kent Forsberg said.</p>
<p>&quot;The first two periods were like a boxing match with two contenders feeling each other out.</p>
<p>&quot;We played a little better as a team then Canada did and took better advantage of our scoring chances. That is why we won today.&quot;</p>
<p>Canadian coach Andy Murray, whose team must win game two on Tuesday to force a deciding game on Wednesday, said: &quot;I didn't know before this game started if I liked this format but after this game I think I like playing the best-of-three.&quot;</p>
<p>&quot;We didn't play as good a game as we're capable of playing yet the score was 3-2,&quot; said Murray. &quot;We took some bad penalties, especially against Sweden who have such a good power play.</p>
<p>&quot;The best way to kill penalties against Sweden is not to take any.</p>
<p>&quot;We tried to tell our players that all the time but it's just difficult because the game is called differently over here.&quot;</p>
<p>&quot;They're very patient, very good and to beat a team like that you can't make the mistakes we did,&quot; said Murray. &quot;Even thought we didn't play that well, we still had a chance at the end and that's encouraging.&quot;</p>
<p>In the first period the teams traded power play goals.</p>
<p>Mark Recchi of the Montreal Canadiens put Canada ahead 1-0 when he deflected Brian McCabe's slapshot through a crowd in front of the Sweden net.</p>
<p>Jonas Hoglund of the Calgary Flames replied for the Swedes, picking up a rebound at the side of the Canadian net and snapping a wrist-shot past Burke.</p>
<p>Niklas Sundblad's breakaway goal, set up by a perfect feed from Marcus Ragnarsson, accounted for all the scoring in the second period as Sweden took a 2-1 lead.</p>
</text>
<copyright>(c) Reuters Limited 1997</copyright>
<metadata>
<codes class="bip:countries:1.0">
  <code code="CANA">
    <editdetail attribution="Reuters BIP Coding Group" action="confirmed" date="1997-05-11"/>
  </code>
  <code code="FIN">
    <editdetail attribution="Reuters BIP Coding Group" action="confirmed" date="1997-05-11"/>
  </code>
  <code code="SWED">
    <editdetail attribution="Reuters BIP Coding Group" action="confirmed" date="1997-05-11"/>
  </code>
</codes>
<codes class="bip:topics:1.0">
  <code code="GCAT">
    <editdetail attribution="Reuters BIP Coding Group" action="confirmed" date="1997-05-11"/>
  </code>
  <code code="GSPO">
    <editdetail attribution="Reuters BIP Coding Group" action="confirmed" date="1997-05-11"/>
  </code>
</codes>
<dc element="dc.date.created" value="1997-05-11"/>
<dc element="dc.publisher" value="Reuters Holdings Plc"/>
<dc element="dc.date.published" value="1997-05-11"/>
<dc element="dc.source" value="Reuters"/>
<dc element="dc.creator.location" value="HELSINKI"/>
<dc element="dc.creator.location.country.name" value="FINLAND"/>
<dc element="dc.source" value="Reuters"/>
</metadata>
</newsitem>
