<?xml version="1.0" encoding="iso-8859-1" ?>
<newsitem itemid="574381" id="root" date="1997-05-11" xml:lang="en">
<title>ITALY: SOCCER-CRESPO HAT-TRICK SETS-UP THRILLING FINALE.</title>
<headline>SOCCER-CRESPO HAT-TRICK SETS-UP THRILLING FINALE.</headline>
<byline>Chris Endean</byline>
<dateline>ROME 1997-05-11</dateline>
<text>
<p>Argentine Hernan Crespo hit a spectacular hat-trick in Parma's 3-0 win over Vicenza on Sunday to keep serie A on course for its tightest championship finale in years.</p>
<p>With just four matches remaining, Carlo Ancelotti's side are four points adrift of leaders Juventus with the two sides due to meet in Turin next Sunday.</p>
<p>With Parma breathing down their necks, Juve kept their nerve to grind out a 2-0 win at lowly Verona.</p>
<p>Milan and Juventus have so dominated Serie A in recent years that the championship has usually been over long before the final ball was kicked.</p>
<p>Not since Sampdoria pipped Inter and Milan to the title in 1991 has the contest remained alive so long.</p>
<p>Crespo, whose 11 goals have lifted Parma from fifth last in November to title challengers, opened the scoring on the quarter-hour, lifting Massimo Crippa's cross into the net.</p>
<p>In the 56th, the Argentine added a brave second, diving among the studs to head home Enrico Chiesa's low cross.</p>
<p>Four minutes later, and Crespo single-handedly completed his hat-trick, dribbling through the heart of Vicenza's defence before sliding the ball in.</p>
<p>With Verona still battling to avoid relegation, Juventus had to wait until virtually the last kick of the first-half to break down a stubborn defence.</p>
<p>Veteran captain Ciro Ferrara headed home at the far post from a 45th minute corner after goalkeeper Matteo Guardalben had turned a Christian Vieri shot round the post.</p>
<p>After the break, the European Cup finalists, visibly tiring after a tough season, lived dangerously, as Alessandro Manetti saw his freekick cannon off the bar and Italy's Angelo Peruzzi saved bravely at the feet of Filippo Maniero.</p>
<p>Vladimir Jugovic finally put the result beyond doubt with an 89th minute shot direct from a freekick.</p>
<p>&quot;At this stage of the season, you have to take your chances,&quot; said coach Marcello Lippi, &quot;and today, we did just that.&quot;</p>
<p>Lippi also admitted the uncertainty of the title race was preventing him giving vital match practice to Alessandro Del Piero and Antonio Conte -- both recovering from injuries.</p>
<p>&quot;In an ideal situation, I would let them play all the time,&quot; said Lippi, &quot;but with Parma at our shoulders, it's impossible.&quot;</p>
<p>Third-placed Inter bounced back from their 1-0 defeat to Germany's Schalke 04 in last week's UEFA Cup final first leg, coming from behind to win 2-1 at Sampdoria.</p>
<p>The home side started strongly and took the lead in the 11th minute when Argentine Juan Veron finished off a delicate chip over the Inter defence by Roberto Mancini with an equally neat lob over Gianluca Pagliuca.</p>
<p>But Inter pulled themselves back into the game on the brink of half-time when Maurizio Ganz stole in between three Samp defenders to grab an equaliser.</p>
<p>In the 76th minute, Ganz was on hand again to head home Giuseppe Bergomi's cross for the winner.</p>
<p>Lazio and Bologna took full advantage of Sampdoria's defeat to leapfrog into fourth and fifth places respectively.</p>
<p>Pierluigi Casiraghi scored twice as Lazio pushed Perugia closer to serie B with a 4-1 win in Rome, while Bologna made light work of Cagliari at the Dall'Ara, winning 3-0.</p>
<p>Udinese, recent winners at Juventus and Parma, improved their growing chances of a place in Europe next season with another impressive away win -- 3-2 at Fiorentina.</p>
<p>At the other end of the table, Piacenza's 3-1 home win over Atalanta lifted them out of the relegation zone at the expense of Cagliari, but there was no saving Reggiana.</p>
<p>Despite having eight foreign players on their books, bottom-of-the-table Reggiana returned where they came from less than a season ago after losing 3-1 to AC Milan at the San Siro.</p>
</text>
<copyright>(c) Reuters Limited 1997</copyright>
<metadata>
<codes class="bip:countries:1.0">
  <code code="ARG">
    <editdetail attribution="Reuters BIP Coding Group" action="confirmed" date="1997-05-11"/>
  </code>
  <code code="ITALY">
    <editdetail attribution="Reuters BIP Coding Group" action="confirmed" date="1997-05-11"/>
  </code>
</codes>
<codes class="bip:topics:1.0">
  <code code="GCAT">
    <editdetail attribution="Reuters BIP Coding Group" action="confirmed" date="1997-05-11"/>
  </code>
  <code code="GSPO">
    <editdetail attribution="Reuters BIP Coding Group" action="confirmed" date="1997-05-11"/>
  </code>
</codes>
<dc element="dc.date.created" value="1997-05-11"/>
<dc element="dc.publisher" value="Reuters Holdings Plc"/>
<dc element="dc.date.published" value="1997-05-11"/>
<dc element="dc.source" value="Reuters"/>
<dc element="dc.creator.location" value="ROME"/>
<dc element="dc.creator.location.country.name" value="ITALY"/>
<dc element="dc.source" value="Reuters"/>
</metadata>
</newsitem>
