<?xml version="1.0" encoding="iso-8859-1" ?>
<newsitem itemid="574480" id="root" date="1997-05-11" xml:lang="en">
<title>ITALY: TENNIS-PIERCE BEATS INJURED MARTINEZ IN ITALIAN FINAL.</title>
<headline>TENNIS-PIERCE BEATS INJURED MARTINEZ IN ITALIAN FINAL.</headline>
<dateline>ROME 1997-05-11</dateline>
<text>
<p>France's Mary Pierce won the women's Italian Open for the first time on Sunday and ended an injured Conchita Martinez's record run of four consecutive titles.</p>
<p>The third-seeded Spaniard, undefeated on the Rome clay courts since the 1991 semifinals -- she did not compete in 1992 -- and who had not dropped a set on the way to the final, crashed to the 10th seed 6-4 6-0.</p>
<p>The 1994 Wimbledon champion said later she had suffered from a neck injury from the first set.</p>
<p>Martinez had problems with glare from objects in the crowd glinting in bright sunshine on her serve in the fourth game of the first set.</p>
<p>But the difficulties became more painful in the fifth game when she had a three-minute injury break.</p>
<p>&quot;I had a problem with my neck,&quot; she said, adding it was a recurrence of a two-year old injury.</p>
<p>The Spaniard stayed with Pierce in the first set, breaking her, after treatment, for a 3-2 lead.</p>
<p>Pierce then broke straight back, held serve and broke again to lead 5-3. Martinez narrowed to 5-4 but was unable to hold her serve and handed Pierce the opening set with a ground stroke into the net.</p>
<p>It was one-way in the second set, with Martinez tossing her racket aside in the second game and selecting another, as Pierce took an immediate break.</p>
<p>The Frenchwoman romped away with it and a thumped backhand return with Martinez serving at 0-5, 0-40 gave her victory after one hour and 20 minutes.</p>
</text>
<copyright>(c) Reuters Limited 1997</copyright>
<metadata>
<codes class="bip:countries:1.0">
  <code code="FRA">
    <editdetail attribution="Reuters BIP Coding Group" action="confirmed" date="1997-05-11"/>
  </code>
  <code code="ITALY">
    <editdetail attribution="Reuters BIP Coding Group" action="confirmed" date="1997-05-11"/>
  </code>
  <code code="SPAIN">
    <editdetail attribution="Reuters BIP Coding Group" action="confirmed" date="1997-05-11"/>
  </code>
</codes>
<codes class="bip:topics:1.0">
  <code code="GCAT">
    <editdetail attribution="Reuters BIP Coding Group" action="confirmed" date="1997-05-11"/>
  </code>
  <code code="GSPO">
    <editdetail attribution="Reuters BIP Coding Group" action="confirmed" date="1997-05-11"/>
  </code>
</codes>
<dc element="dc.date.created" value="1997-05-11"/>
<dc element="dc.publisher" value="Reuters Holdings Plc"/>
<dc element="dc.date.published" value="1997-05-11"/>
<dc element="dc.source" value="Reuters"/>
<dc element="dc.creator.location" value="ROME"/>
<dc element="dc.creator.location.country.name" value="ITALY"/>
<dc element="dc.source" value="Reuters"/>
</metadata>
</newsitem>
