<?xml version="1.0" encoding="iso-8859-1" ?>
<newsitem itemid="574401" id="root" date="1997-05-11" xml:lang="en">
<title>UK: CRICKET-ENGLISH SUNDAY LEAGUE RESULTS.</title>
<headline>CRICKET-ENGLISH SUNDAY LEAGUE RESULTS.</headline>
<dateline>LONDON 1997-05-11</dateline>
<text>
<p>Results of rain affected English</p>
<p>Sunday league cricket matches:</p>
<p>At Derby: Derbyshire v Surrey match abandoned.</p>
<p>At Hartlepool: Nottinghamshire beat Durham by nine wickets.</p>
<p>Durham 155-8 in 23 overs innings closed. Nottinghamshire 157-1</p>
<p>(P.Johnson 74).</p>
<p>At Worcester: Leicestershire beat Worcestershire by six</p>
<p>runs. Worcestershire 92-9 in 16 overs, innings closed.</p>
<p>Leicestrershire 98-8.</p>
<p>At Lord's: Middlesex beat Sussex by seven wickets. Sussex</p>
<p>131-9 innnings closed. Middlesex 132-3 in 27 overs (M.Ramprakash</p>
<p>57 not out).</p>
<p>At Bristol: Gloucestershire v Hampshire match drawn.</p>
<p>Gloucesershire 139-5 in 16 overs, innings closed (M.Lynch 88 not</p>
<p>out) - rain.</p>
<p>At Northampton: Northampton v Somerset match abandoned.</p>
<p>At Headingley: Yorkshire beat Glamorgan by seven wickets.</p>
<p>Glamorgan 192-6 in 32 overs. Yorkshire 193-3 in 26.3 overs</p>
<p>(D.Byas 83).</p>
</text>
<copyright>(c) Reuters Limited 1997</copyright>
<metadata>
<codes class="bip:countries:1.0">
  <code code="UK">
    <editdetail attribution="Reuters BIP Coding Group" action="confirmed" date="1997-05-11"/>
  </code>
</codes>
<codes class="bip:topics:1.0">
  <code code="GCAT">
    <editdetail attribution="Reuters BIP Coding Group" action="confirmed" date="1997-05-11"/>
  </code>
  <code code="GSPO">
    <editdetail attribution="Reuters BIP Coding Group" action="confirmed" date="1997-05-11"/>
  </code>
</codes>
<dc element="dc.date.created" value="1997-05-11"/>
<dc element="dc.publisher" value="Reuters Holdings Plc"/>
<dc element="dc.date.published" value="1997-05-11"/>
<dc element="dc.source" value="Reuters"/>
<dc element="dc.creator.location" value="LONDON"/>
<dc element="dc.creator.location.country.name" value="UK"/>
<dc element="dc.source" value="Reuters"/>
</metadata>
</newsitem>
