<?xml version="1.0" encoding="iso-8859-1" ?>
<newsitem itemid="574497" id="root" date="1997-05-11" xml:lang="en">
<title>USA: &quot;Seinfeld&quot; cast sign mult-million dollar contracts.</title>
<headline>&quot;Seinfeld&quot; cast sign mult-million dollar contracts.</headline>
<dateline>LOS ANGELES 1997-05-11</dateline>
<text>
<p>The cast of the hit NBC television series &quot;Seinfeld&quot; signed a multi-million dollar contract renewing the show by one season, with an option for a second season, Variety reported on Sunday.</p>
<p>Citing sources, Variety said cast members including Jason Alexander, Julia Louis-Dreyfus and Michael Richards agreed to a contract that raised their per-episode salaries from $150,000 to about $600,000.</p>
<p>Variety said the cast will each earn at least $13.2 million if they do 22 shows next season, which will be the series' ninth.</p>
<p>Jerry Seinfeld, the star of the show as well as its co-creator and producer of the comedy series, will get about $1 million per episode, the sources said.</p>
<p>Seinfeld also receives about $40 million from residuals.</p>
<p>The show is produced by Time Warner Inc's Castle Rock Entertainment. NBC is a subisidary of General Electric, Officials from both companies were unavailable for comment.</p>
</text>
<copyright>(c) Reuters Limited 1997</copyright>
<metadata>
<codes class="bip:countries:1.0">
  <code code="USA">
    <editdetail attribution="Reuters BIP Coding Group" action="confirmed" date="1997-05-11"/>
  </code>
</codes>
<codes class="bip:industries:1.0">
  <code code="I34000">
    <editdetail attribution="Reuters BIP Coding Group" action="confirmed" date="1997-05-11"/>
  </code>
  <code code="I83960">
    <editdetail attribution="Reuters BIP Coding Group" action="confirmed" date="1997-05-11"/>
  </code>
</codes>
<codes class="bip:topics:1.0">
  <code code="C33">
    <editdetail attribution="Reuters BIP Coding Group" action="confirmed" date="1997-05-11"/>
  </code>
  <code code="CCAT">
    <editdetail attribution="Reuters BIP Coding Group" action="confirmed" date="1997-05-11"/>
  </code>
  <code code="GCAT">
    <editdetail attribution="Reuters BIP Coding Group" action="confirmed" date="1997-05-11"/>
  </code>
  <code code="GENT">
    <editdetail attribution="Reuters BIP Coding Group" action="confirmed" date="1997-05-11"/>
  </code>
</codes>
<dc element="dc.date.created" value="1997-05-11"/>
<dc element="dc.publisher" value="Reuters Holdings Plc"/>
<dc element="dc.date.published" value="1997-05-11"/>
<dc element="dc.source" value="Reuters"/>
<dc element="dc.creator.location" value="LOS ANGELES"/>
<dc element="dc.creator.location.country.name" value="USA"/>
<dc element="dc.source" value="Reuters"/>
</metadata>
</newsitem>
