<?xml version="1.0" encoding="iso-8859-1" ?>
<newsitem itemid="574456" id="root" date="1997-05-11" xml:lang="en">
<title>ITALY: SOCCER-ITALIAN FIRST DIVISION SCORERS.</title>
<headline>SOCCER-ITALIAN FIRST DIVISION SCORERS.</headline>
<dateline>ROME 1997-05-11</dateline>
<text>
<p>Leading scorers in Italian first</p>
<p>division after matches on Sunday:</p>
<p>20 - Filippo Inzaghi (Atalanta)</p>
<p>18 - Vincenzo Montella (Sampdoria)</p>
<p>16 - Abel Balbo (Roma)</p>
<p>15 - Sandro Tovalieri (Cagliari)</p>
<p>13 - Roberto Mancini (Sampdoria), Marcelo Otero (Vicenza),</p>
<p>Giuseppe Signori (Lazio)</p>
<p>12 - Marcio Amoroso (Udinese), Youri Djorkaeff (Inter)</p>
<p>11 - Oliver Bierhoff (Udinese), Enrico Chiesa and Hernan Crespo</p>
<p>(both Parma), Igor Kolyvanov (Bologna), Pasquale Luiso</p>
<p>(Piacenza), Filippo Maniero (Verona), George Weah (Milan)</p>
<p>10 - Gabriel Batistuta (Fiorentina)</p>
<p>9 - Marco Negri (Perugia), Paolo Poggi (Udinese), Anselmo</p>
<p>Robbiati (Fiorentina)</p>
<p>8 -  Alfredo Aglietti (Napoli), Alessandro Del Piero and</p>
<p>Michele Padovano (both Juventus), Maurizio Ganz (Inter), Roberto</p>
<p>Muzzi (Cagliari)</p>
<p>7 - Demetrio Albertini (Milan)</p>
<p>6 - Nicola Caccia (Napoli), Marco Carparelli (Sampdoria),</p>
<p>Pierluigi Casiraghi and Pavel Nedved (both Lazio), Antonio De</p>
<p>Vitis (Verona), Roberto Murgita (Vicenza), Luis Oliveira</p>
<p>(Fiorentina), Igor Simutenkov (Reggiana), Ivan Zamorano (Inter)</p>
<p>5 - Roberto Baggio and Cristophe Dugarry (both Milan), Marco</p>
<p>Branca (Inter), Andre Cruz and Fabio Pecchia (both Napoli),</p>
<p>Giampiero Maini (Vicenza), Domenico Morfeo (Atalanta), Pierluigi</p>
<p>Orlandini (Verona), Igor Protti (Lazio), Christian Vieri and</p>
<p>Vladimir Jugovic (both Juventus)</p>
</text>
<copyright>(c) Reuters Limited 1997</copyright>
<metadata>
<codes class="bip:countries:1.0">
  <code code="ITALY">
    <editdetail attribution="Reuters BIP Coding Group" action="confirmed" date="1997-05-11"/>
  </code>
</codes>
<codes class="bip:topics:1.0">
  <code code="GCAT">
    <editdetail attribution="Reuters BIP Coding Group" action="confirmed" date="1997-05-11"/>
  </code>
  <code code="GSPO">
    <editdetail attribution="Reuters BIP Coding Group" action="confirmed" date="1997-05-11"/>
  </code>
</codes>
<dc element="dc.date.created" value="1997-05-11"/>
<dc element="dc.publisher" value="Reuters Holdings Plc"/>
<dc element="dc.date.published" value="1997-05-11"/>
<dc element="dc.source" value="Reuters"/>
<dc element="dc.creator.location" value="ROME"/>
<dc element="dc.creator.location.country.name" value="ITALY"/>
<dc element="dc.source" value="Reuters"/>
</metadata>
</newsitem>
