<?xml version="1.0" encoding="iso-8859-1" ?>
<newsitem itemid="574459" id="root" date="1997-05-11" xml:lang="en">
<title>SWITZERLAND: CYCLING-TONKOV HOLDS OFF BOARDMAN TO WIN TOUR OF ROMANDIE.</title>
<headline>CYCLING-TONKOV HOLDS OFF BOARDMAN TO WIN TOUR OF ROMANDIE.</headline>
<dateline>GENEVA 1997-05-11</dateline>
<text>
<p>Russia's Pavel Tonkov held off Britain's Chris Boardman to win the Tour of Romandie on Sunday.</p>
<p>Boardman, the hour world record holder, claimed the fifth and final stage, a 21.7 km time trial, in a time of 24 minutes 10 seconds but could not overcome the lead Tonkov had built up in the mountains on Saturday.</p>
<p>Tonkov was eighth, 54 seconds behind Boardman, but it was enough to give him a 45 seconds win over the Briton and his fourth Tour win.</p>
<p>The day began with Italy's Mario Cipollini winning the first half of the fifth stage, a 69.3 km sprint from Montreux to Nyon.</p>
<p>Cipollini was followed home by countrymen Adriano Baffi and Mario Manzoni, the entire field finishing in the same time as the winner.</p>
<p>The victory confirms Tonkov's fitness ahead of the defence of his Giro d'Italia title.</p>
<p>He broke a finger in a training crash in January and his wrist in another spill during the Tour of the Basque country in March.</p>
</text>
<copyright>(c) Reuters Limited 1997</copyright>
<metadata>
<codes class="bip:countries:1.0">
  <code code="RUSS">
    <editdetail attribution="Reuters BIP Coding Group" action="confirmed" date="1997-05-11"/>
  </code>
  <code code="SWITZ">
    <editdetail attribution="Reuters BIP Coding Group" action="confirmed" date="1997-05-11"/>
  </code>
  <code code="UK">
    <editdetail attribution="Reuters BIP Coding Group" action="confirmed" date="1997-05-11"/>
  </code>
</codes>
<codes class="bip:topics:1.0">
  <code code="GCAT">
    <editdetail attribution="Reuters BIP Coding Group" action="confirmed" date="1997-05-11"/>
  </code>
  <code code="GSPO">
    <editdetail attribution="Reuters BIP Coding Group" action="confirmed" date="1997-05-11"/>
  </code>
</codes>
<dc element="dc.date.created" value="1997-05-11"/>
<dc element="dc.publisher" value="Reuters Holdings Plc"/>
<dc element="dc.date.published" value="1997-05-11"/>
<dc element="dc.source" value="Reuters"/>
<dc element="dc.creator.location" value="GENEVA"/>
<dc element="dc.creator.location.country.name" value="SWITZERLAND"/>
<dc element="dc.source" value="Reuters"/>
</metadata>
</newsitem>
