<?xml version="1.0" encoding="iso-8859-1" ?>
<newsitem itemid="574471" id="root" date="1997-05-11" xml:lang="en">
<title>NETHERLANDS: SOCCER-PSV EXTEND LEAD AS FEYENOORD DRAW.</title>
<headline>SOCCER-PSV EXTEND LEAD AS FEYENOORD DRAW.</headline>
<dateline>AMSTERDAM 1997-05-11</dateline>
<text>
<p>PSV Eindhoven extended their lead in the Dutch first division to four points on Sunday when they beat Groningen 1-0,</p>
<p>Second-placed Feyenoord Rotterdam drew 1-1 against Twente Enschede and, with three games left to play, PSV now top the table with 71 points from 31 matches to 67 for Feyenoord from the same number.</p>
<p>In a lacklustre match, PSV defender Stan Valckx scored his first goal of the season with a long distance shot in the 70th minute to move the club a large step nearer their 14th league title.</p>
<p>Feyenoord seemed set to keep the pressure on when defender Henk Fraser scored after 10 minutes with a lob over Twente goalkeeper Sander Boschker.</p>
<p>But two minutes from time Joeri Petrov dented Feyenoord's hopes with a goal from 22 metres.</p>
<p>RKC Waalwijk dropped to last in the league by losing 3-0 to De Graafschap Doetinchem.</p>
<p>Waalwijk have 25 points along with AZ Alkmaar and NEC Nijmegen but have the worst goal difference.</p>
</text>
<copyright>(c) Reuters Limited 1997</copyright>
<metadata>
<codes class="bip:countries:1.0">
  <code code="NETH">
    <editdetail attribution="Reuters BIP Coding Group" action="confirmed" date="1997-05-11"/>
  </code>
</codes>
<codes class="bip:topics:1.0">
  <code code="GCAT">
    <editdetail attribution="Reuters BIP Coding Group" action="confirmed" date="1997-05-11"/>
  </code>
  <code code="GSPO">
    <editdetail attribution="Reuters BIP Coding Group" action="confirmed" date="1997-05-11"/>
  </code>
</codes>
<dc element="dc.date.created" value="1997-05-11"/>
<dc element="dc.publisher" value="Reuters Holdings Plc"/>
<dc element="dc.date.published" value="1997-05-11"/>
<dc element="dc.source" value="Reuters"/>
<dc element="dc.creator.location" value="AMSTERDAM"/>
<dc element="dc.creator.location.country.name" value="NETHERLANDS"/>
<dc element="dc.source" value="Reuters"/>
</metadata>
</newsitem>
