<?xml version="1.0" encoding="iso-8859-1" ?>
<newsitem itemid="574454" id="root" date="1997-05-11" xml:lang="en">
<title>ITALY: TENNIS-PIERCE FEELS LIKE A PLAYER REBORN.</title>
<headline>TENNIS-PIERCE FEELS LIKE A PLAYER REBORN.</headline>
<byline>Tom Wright</byline>
<dateline>ROME 1997-05-11</dateline>
<text>
<p>Mary Pierce, a former Australian Open champion once ranked third in the world, feels her career is back on track after her victory in the Italian Open on Sunday.</p>
<p>&quot;I feel like I'm just beginning my career. I've been playing for a long time but I feel like I'm just starting over,&quot; the 22-year-old Frenchwoman said.</p>
<p>The Canadian-born blonde has come through challenges in recent months that tested her far more than Conchita Martinez of Spain did in Sunday's final at the Foro Italico,.</p>
<p>Pierce won 6-4 6-0 and hardly gave Martinez a look-in, overpowering the four-times champion with an array of confident forehand passing shots.</p>
<p>Martinez said she was injured and unable to move her neck properly but there was no doubt that the crowd, who had warmed to Pierce's personality, wanted a new heroine.</p>
<p>The Frenchwoman, a semifinalist in 1995, brought both novelty and glamour to a tournament lacking the former in the absence of teen sensation Martina Hingis of Switzerland and the latter without former heart-throb Gabriela Sabatini.</p>
<p>The Argentine won four times in Rome and, with her Italian surname and Latin looks, was a perennial favourite.</p>
<p>The tall Pierce, whose earlier victims included Monice Seles, went a long way to filling the void, pleasing the crowd on a sun-drenched centre-court by attacking the net and beaming broadly at every well-timed shot.</p>
<p>But she has not had so much to smile about recently. After a string of poor performances last year she took three months off tennis to nurse a nerve injury in one shoulder.</p>
<p>The break has done her good, proved by her reaching the final of the Australian Open this year.</p>
<p>&quot;Since the end of December, after the three months off, I look at things differently. A lot of things have changed. I've learnt a lot and I'm still learning every day,&quot; she said.</p>
<p>Pierce, whose family problems have often disrupted her career, said the improvement in her game was due in large part to the work of new coach Craig Kardon, former trainer of now-retired Martina Navratilova.</p>
<p>&quot;The main thing with Craig that I haven't felt with any other coach is he really understands and is always there to talk about it,&quot; she said.</p>
<p>&quot;Some days are very hard for players and to get over those days is really important. He knows how to handle different situations. That's the thing that is comforting,&quot; she added.</p>
<p>Pierce, who began on the tour as a 14 year-old, was put under huge pressure in her early years by father and coach Jim.</p>
<p>The WTA tour banned him from attending any of his daughter's matches after an outburst from the stands in the 1993 French Open, forcing Pierce to strike out alone.</p>
<p>She climbed to number three in 1995, the year she won the Australian Open, but then suffered a series of blows.</p>
<p>The following year in Australia Pierce beame the first defending champion in the open era of tennis to lose before the quarter-finals there. The pressure began to tell and she failed to win a tournament all year, ending the season ranked 20th.</p>
<p>The concentration problems are still there.</p>
<p>Pierce still needs a long time to serve. She touches her ponytail, clears sand from the tram-lines and rearranges her skirt before the ball even gets thrown in the air.</p>
<p>But she said the key to her improved performance was that she now enjoys her tennis more.</p>
<p>&quot;I just go out there to have fun,&quot; she said.</p>
</text>
<copyright>(c) Reuters Limited 1997</copyright>
<metadata>
<codes class="bip:countries:1.0">
  <code code="FRA">
    <editdetail attribution="Reuters BIP Coding Group" action="confirmed" date="1997-05-11"/>
  </code>
  <code code="ITALY">
    <editdetail attribution="Reuters BIP Coding Group" action="confirmed" date="1997-05-11"/>
  </code>
  <code code="SPAIN">
    <editdetail attribution="Reuters BIP Coding Group" action="confirmed" date="1997-05-11"/>
  </code>
</codes>
<codes class="bip:topics:1.0">
  <code code="GCAT">
    <editdetail attribution="Reuters BIP Coding Group" action="confirmed" date="1997-05-11"/>
  </code>
  <code code="GSPO">
    <editdetail attribution="Reuters BIP Coding Group" action="confirmed" date="1997-05-11"/>
  </code>
</codes>
<dc element="dc.date.created" value="1997-05-11"/>
<dc element="dc.publisher" value="Reuters Holdings Plc"/>
<dc element="dc.date.published" value="1997-05-11"/>
<dc element="dc.source" value="Reuters"/>
<dc element="dc.creator.location" value="ROME"/>
<dc element="dc.creator.location.country.name" value="ITALY"/>
<dc element="dc.source" value="Reuters"/>
</metadata>
</newsitem>
