<?xml version="1.0" encoding="iso-8859-1" ?>
<newsitem itemid="574493" id="root" date="1997-05-11" xml:lang="en">
<title>POLAND: EX-PM ATTACKS POLISH PRESIDENT OVER CONSTITUTION.</title>
<headline>EX-PM ATTACKS POLISH PRESIDENT OVER CONSTITUTION.</headline>
<dateline>WARSAW 1997-05-11</dateline>
<text>
<p>Former prime minister Jan Olszewski on Sunday attacked Poland's ex-communist President Aleksander Kwasniewski for allegedly deceiving the nation ahead of this month's constitutiuonal referendum.</p>
<p>Olszewski, the leader of the rightist Reconstruction of Poland movement (ROP), said the new draft constitution being sent to citizens together with a letter by Kwasniewski were &quot;manipulative propaganda designed to mislead citizens,&quot; PAP news agency reported.</p>
<p>It will become law only if approved in a popular referendum on May 25, but in his letter Kwasniewski called it &quot;the Constitution of the Republic of Poland,&quot; he told a news conference.</p>
<p>He is misleading the public by failing to state that it is still only a draft, Olszewski argued.</p>
<p>ROP has been campaigning to let voters choose between the draft adopted by Poland's leftist-doiminated parliament and an independent version drawn up by the right-leaning Solidarity movement.</p>
<p>As things now stand, Poles will only be able to approve or reject the draft constitution being promoted by Kwasniewski.</p>
<p>Earlier on Sunday, Kwasniewski had expressed dismay at the allegation by Poland's Catholic bishops that the consitution raised &quot;serious moral objections.&quot;</p>
<p>He made the remarks on public radio's political-affairs breakfast show, saying he had hoped the Church would remain neutral towards the consitution.</p>
<p>Political emotions are hotting up in Poland ahead of the referendum and parliamentary elections expected in September.</p>
<p>On the breakfast show, Kwasniewski said the elections would probably take place on September 14.</p>
<p>-- Warsaw Newsroom +48 22 653 9700</p>
</text>
<copyright>(c) Reuters Limited 1997</copyright>
<metadata>
<codes class="bip:countries:1.0">
  <code code="POL">
    <editdetail attribution="Reuters BIP Coding Group" action="confirmed" date="1997-05-11"/>
  </code>
</codes>
<codes class="bip:topics:1.0">
  <code code="GCAT">
    <editdetail attribution="Reuters BIP Coding Group" action="confirmed" date="1997-05-11"/>
  </code>
  <code code="GPOL">
    <editdetail attribution="Reuters BIP Coding Group" action="confirmed" date="1997-05-11"/>
  </code>
</codes>
<dc element="dc.date.created" value="1997-05-11"/>
<dc element="dc.publisher" value="Reuters Holdings Plc"/>
<dc element="dc.date.published" value="1997-05-11"/>
<dc element="dc.source" value="Reuters"/>
<dc element="dc.creator.location" value="WARSAW"/>
<dc element="dc.creator.location.country.name" value="POLAND"/>
<dc element="dc.source" value="Reuters"/>
</metadata>
</newsitem>
