<?xml version="1.0" encoding="iso-8859-1" ?>
<newsitem itemid="574457" id="root" date="1997-05-11" xml:lang="en">
<title>AUSTRIA: SOCCER-AUSTRIAN LEAGUE RESULTS/STANDINGS.</title>
<headline>SOCCER-AUSTRIAN LEAGUE RESULTS/STANDINGS.</headline>
<dateline>VIENNA 1997-05-11</dateline>
<text>
<p>Result of an Austrian soccer</p>
<p>league championship match played on Sunday:</p>
<p> Rapid Vienna	 2   Casino Graz	  1</p>
<p>Played Saturday:</p>
<p> FC Linz		2   SV Salzburg	  2</p>
<p> SCN Admira Wacker  0   FC Tirol Innsbruck 1</p>
<p> Sturm Graz	   3   Austria Vienna     2</p>
<p> SV Ried		0   Linzer ASK	   0</p>
<p>    Standings		P   W   D   L   F   A  Pts</p>
<p>  1. Rapid Vienna	  31  17  10   4  59  28   61</p>
<p>  2. SV Salzburg	   31  16  11   4  45  19   59</p>
<p>  3. FC Tirol Innsbruck  31  14   7  10  41  33   49</p>
<p>  4. Sturm Graz	    31  12  11   8  42  27   47</p>
<p>  5. Linzer ASK	    31   9  15   7  33  33   42</p>
<p>  6. Casino Graz	   31   9  11  11  31  38   38</p>
<p>  7. SV Ried		 31  10   5  16  36  49   35</p>
<p>  8. Austria Vienna	31   9   8  14  34  48   35</p>
<p>  9. FC Linz		 31   5  11  15  24  41   26</p>
<p> 10. SCN Admira/Wacker   31   5   9  17  28  57   24</p>
</text>
<copyright>(c) Reuters Limited 1997</copyright>
<metadata>
<codes class="bip:countries:1.0">
  <code code="AUST">
    <editdetail attribution="Reuters BIP Coding Group" action="confirmed" date="1997-05-11"/>
  </code>
</codes>
<codes class="bip:topics:1.0">
  <code code="GCAT">
    <editdetail attribution="Reuters BIP Coding Group" action="confirmed" date="1997-05-11"/>
  </code>
  <code code="GSPO">
    <editdetail attribution="Reuters BIP Coding Group" action="confirmed" date="1997-05-11"/>
  </code>
</codes>
<dc element="dc.date.created" value="1997-05-11"/>
<dc element="dc.publisher" value="Reuters Holdings Plc"/>
<dc element="dc.date.published" value="1997-05-11"/>
<dc element="dc.source" value="Reuters"/>
<dc element="dc.creator.location" value="VIENNA"/>
<dc element="dc.creator.location.country.name" value="AUSTRIA"/>
<dc element="dc.source" value="Reuters"/>
</metadata>
</newsitem>
