<?xml version="1.0" encoding="iso-8859-1" ?>
<newsitem itemid="574464" id="root" date="1997-05-11" xml:lang="en">
<title>LUXEMBOURG: SOCCER-LUXEMBOURG FIRST DIVISION RESULTS/STANDINGS.</title>
<headline>SOCCER-LUXEMBOURG FIRST DIVISION RESULTS/STANDINGS.</headline>
<dateline>LUXEMBOURG 1997-05-11</dateline>
<text>
<p>Results of Luxembourg first</p>
<p>division soccer matches played on Sunday:</p>
<p> Union Luxembourg  2     US Rumelange	 2</p>
<p> Sporting Mertzig  6     F91 Dudelange	3</p>
<p> Spora Luxembourg  3     Avenir Beggen	2</p>
<p> FC Rodange	  0     Jeunesse Esch	1</p>
<p> CS Grevenmacher   6     CS Hobscheid	 1</p>
<p> FC Wiltz	    4     Aris Bonnevoie     2</p>
<p>    Standings	     P   W  D   L    F  A  Pts</p>
<p> 1. Jeunesse Esch	20  15  5   0   45   9  50</p>
<p> 2. CS Grevenmacher    20  13  5   2   46  18  44</p>
<p> 3. Avenir Beggen	20  11  4   5   42  21  37</p>
<p> 4. FC Wiltz	     20  10  3   7   29  32  33</p>
<p> 5. Union Luxembourg   20   8  8   4   38  22  32</p>
<p> 6. Sporting Mertzig   20   8  7   5   44  30  31</p>
<p> 7. Spora Luxembourg   20   6  5   9   32  34  23</p>
<p> 8. F91 Dudelange	20   6  4  10   26  38  22</p>
<p> 9. CS Hobscheid	 20   5  5  10   17  40  20</p>
<p>10. US Rumelange	 20   4  3  13   29  55  15</p>
<p>11. FC Rodange	   20   3  4  13   18  37  13</p>
<p>12. Aris Bonnevoie     20   2  5  13   19  44  11</p>
</text>
<copyright>(c) Reuters Limited 1997</copyright>
<metadata>
<codes class="bip:countries:1.0">
  <code code="LUX">
    <editdetail attribution="Reuters BIP Coding Group" action="confirmed" date="1997-05-11"/>
  </code>
</codes>
<codes class="bip:topics:1.0">
  <code code="GCAT">
    <editdetail attribution="Reuters BIP Coding Group" action="confirmed" date="1997-05-11"/>
  </code>
  <code code="GSPO">
    <editdetail attribution="Reuters BIP Coding Group" action="confirmed" date="1997-05-11"/>
  </code>
</codes>
<dc element="dc.date.created" value="1997-05-11"/>
<dc element="dc.publisher" value="Reuters Holdings Plc"/>
<dc element="dc.date.published" value="1997-05-11"/>
<dc element="dc.source" value="Reuters"/>
<dc element="dc.creator.location" value="LUXEMBOURG"/>
<dc element="dc.creator.location.country.name" value="LUXEMBOURG"/>
<dc element="dc.source" value="Reuters"/>
</metadata>
</newsitem>
