<?xml version="1.0" encoding="iso-8859-1" ?>
<newsitem itemid="574416" id="root" date="1997-05-11" xml:lang="en">
<title>CROATIA: SOCCER-CROATIAN PREMIER LEAGUE RESULTS/STANDINGS.</title>
<headline>SOCCER-CROATIAN PREMIER LEAGUE RESULTS/STANDINGS.</headline>
<dateline>ZAGREB 1997-05-11</dateline>
<text>
<p>Results of Croatian premier</p>
<p>division soccer matches played on Sunday:</p>
<p> Hajduk			2   Segesta		  0</p>
<p> Croatia		     2   Zadarkomerc	    0</p>
<p> Marsonia		    4   Inker		    1</p>
<p> Osijek			2   Istra		    0</p>
<p> Sibenik		     5   Orijent		  1</p>
<p>Played on Saturday:</p>
<p> Varteks		     1   Zagreb		   1</p>
<p> Hr. dragovoljac	   2   Mladost 127	    0</p>
<p>    Standings		  P   W    D    L   F   A   Pts</p>
<p>  1. Croatia		   26  22   5    4  78  19   69</p>
<p>  2. Hajduk		    26  17   5    4  45  15   56</p>
<p>  3. Hr. dragovoljac	 26  11   9    6  43  32   42</p>
<p>  4. Zagreb		    26  12   5    9  39  31   41</p>
<p>  5. Rijeka		    26  11   6    9  38  29   39</p>
<p>  6. Osijek		    26  12   3   11  37  32   39</p>
<p>  7. Mladost 127	     26   9   9    8  31  26   36</p>
<p>  8. Marsonia		  25  10   4   12  33  45   34</p>
<p>  9. Sibenik		   26   9   6   11  30  28   33</p>
<p> 10. Segesta		   26   7  11    8  29  27   32</p>
<p> 11. Varteks		   26   9   5   12  29  34   32</p>
<p> 12. Zadarkomerc	     26   9   5   12  30  39   32</p>
<p> 13. Cibalia		   26  10   0   16  29  49   30</p>
<p> 14. Istra		     26   5   7   14  22  47   22</p>
<p> 15. Inker		     26   6   3   17  19  54   21</p>
<p> 16. Orijent		   26   3  11   12  22  47   20</p>
</text>
<copyright>(c) Reuters Limited 1997</copyright>
<metadata>
<codes class="bip:countries:1.0">
  <code code="CRTIA">
    <editdetail attribution="Reuters BIP Coding Group" action="confirmed" date="1997-05-11"/>
  </code>
</codes>
<codes class="bip:topics:1.0">
  <code code="GCAT">
    <editdetail attribution="Reuters BIP Coding Group" action="confirmed" date="1997-05-11"/>
  </code>
  <code code="GSPO">
    <editdetail attribution="Reuters BIP Coding Group" action="confirmed" date="1997-05-11"/>
  </code>
</codes>
<dc element="dc.date.created" value="1997-05-11"/>
<dc element="dc.publisher" value="Reuters Holdings Plc"/>
<dc element="dc.date.published" value="1997-05-11"/>
<dc element="dc.source" value="Reuters"/>
<dc element="dc.creator.location" value="ZAGREB"/>
<dc element="dc.creator.location.country.name" value="CROATIA"/>
<dc element="dc.source" value="Reuters"/>
</metadata>
</newsitem>
