<?xml version="1.0" encoding="iso-8859-1" ?>
<newsitem itemid="574485" id="root" date="1997-05-11" xml:lang="en">
<title>FRANCE: HORSE RACING-RESULTS OF FEATURE RACES AT LONGCHAMP.</title>
<headline>HORSE RACING-RESULTS OF FEATURE RACES AT LONGCHAMP.</headline>
<dateline>PARIS 1997-05-11</dateline>
<text>
<p>Results of Group One races at</p>
<p>Longchamp on Sunday:</p>
<p>Poule d'Essai des Pouliches (French 1,000 Guineas) for</p>
<p>three-year-old fillies over one mile (1.6 kms): 1. Always Loyal</p>
<p>(ridden by Freddie Head) 2. Seebe (Cash Asmussen)</p>
<p>3. Red Camellia (George Duffield)</p>
<p>4. Dances With Dreams (John Reid)</p>
<p>Seven ran</p>
<p>Distances: Head, 3/4</p>
<p>Winner owned by Maktoum al Maktoum and trained in France by</p>
<p>Madame Criquette Head</p>
<p>Value to winning owner: 112,233 sterling (188,551 dollars)</p>
<p>Pari-Mutuel (to and including one franc stake) Win 2.40</p>
<p>(coupled with Star Profile and Nightbird); places 2.90. Straight</p>
<p>forecast 16.30.</p>
<p>Poule d'Essai des Poulains (French 2,000 Guineas) for</p>
<p>three-year-old colts over one mile (1.6 kms) 1. Daylami (Gerald</p>
<p>Mosse)</p>
<p>2. Loup Sauvage (Olivier Peslier)</p>
<p>3. Visionary (Thierry Jarnet)</p>
<p>4. Yalaietanee (Richard Quinn)</p>
<p>Six ran</p>
<p>Distances: 2 lengths, 2 1/2</p>
<p>Winner owned by the Aga Khan and trained in France by Alain</p>
<p>de Royer-Dupre</p>
<p>Value to winning owner: 112,233 sterling (188,551 dollars)</p>
<p>Pari-Mutuel: Win 2.60; places 1.40, 1.50. Straight forecast</p>
<p>7.90.</p>
<p>Group one Prix Lupin for three-year-olds over one mile two</p>
<p>and a half furlongs (2.1 kms):</p>
<p>1. Cloudings (Olivier Peslier)</p>
<p>2. Zenith Rose (Sylvain Guillot)</p>
<p>3. Kalimisik (Thierry Jarnet)</p>
<p>Five ran</p>
<p>Distances: Neck, 3 lengths</p>
<p>Winner owned by Sheikh Mohammed and trained in France by</p>
<p>Andre Fabre.</p>
<p>Value to winning owner: 54,377 sterling (75,420 dollars)</p>
<p>Pari-Mutuel: Win 1.90; places 1.50, 3.30. Straight forecast</p>
<p>24.30.</p>
</text>
<copyright>(c) Reuters Limited 1997</copyright>
<metadata>
<codes class="bip:countries:1.0">
  <code code="FRA">
    <editdetail attribution="Reuters BIP Coding Group" action="confirmed" date="1997-05-11"/>
  </code>
  <code code="UK">
    <editdetail attribution="Reuters BIP Coding Group" action="confirmed" date="1997-05-11"/>
  </code>
</codes>
<codes class="bip:topics:1.0">
  <code code="GCAT">
    <editdetail attribution="Reuters BIP Coding Group" action="confirmed" date="1997-05-11"/>
  </code>
  <code code="GSPO">
    <editdetail attribution="Reuters BIP Coding Group" action="confirmed" date="1997-05-11"/>
  </code>
</codes>
<dc element="dc.date.created" value="1997-05-11"/>
<dc element="dc.publisher" value="Reuters Holdings Plc"/>
<dc element="dc.date.published" value="1997-05-11"/>
<dc element="dc.source" value="Reuters"/>
<dc element="dc.creator.location" value="PARIS"/>
<dc element="dc.creator.location.country.name" value="FRANCE"/>
<dc element="dc.source" value="Reuters"/>
</metadata>
</newsitem>
