<?xml version="1.0" encoding="iso-8859-1" ?>
<newsitem itemid="574549" id="root" date="1997-05-11" xml:lang="en">
<title>UK: P&amp;U names AHP's Hassan chief exec.</title>
<headline>P&amp;U names AHP's Hassan chief exec.</headline>
<dateline>LONDON 1997-05-11</dateline>
<text>
<p>Swedish-U.S. drugs group Pharmacia &amp; Upjohn Inc said on Sunday that it had appointed American Home Products Corp executive vice president Fred Hassan as its new president and chief executive officer. In a statement, Pharmacia &amp; Upjohn said Hassan, 51, would take up the post immediately. The company has been searching for a new chief executive since the surprise resignation of John Zabriskie in January.  </p>
<p>The company said Jan Ekberg, who stepped into Zabriskie's shoes on a temporary basis, would resume his position as chairman of the board.</p>
<p>Ekberg said Hassan was &quot;exactly the right person  to lead Pharmacia &amp; Upjohn into the 21st century.&quot;</p>
<p>He said he had &quot;demonstrated leadership ability, the successful experience of running global operations and the organisational skills to complete the integration of the businesses and blend the cultures of Pharmacia &amp; Upjohn.&quot;  </p>
<p>Hassan said P&amp;U faced &quot;some clear challenges, but I am convinced of our strong fundamentals - global reach, a powerful R&amp;D (research and development) base and a solid new-product pipeline.&quot; The new chief executive officer has spent 26 years in the pharmaceutical industry, including 17 years with Sandoz Pharmaceuticals Corp in the U.S. He joined AHP in 1989 as president of its Wyeth-Ayerst Laboratories division. Since November 1995 he has had responsibility for AHP's global pharmaceutical, medical device and nutrition businesses as well as research and development. P&amp;U said Hassan was a U.S. citizen of Pakistani origin. He received a bachelor of science degree from Imperial College, London, and an MBA from Harvard.</p>
</text>
<copyright>(c) Reuters Limited 1997</copyright>
<metadata>
<codes class="bip:countries:1.0">
  <code code="SWED">
    <editdetail attribution="Reuters BIP Coding Group" action="confirmed" date="1997-05-11"/>
  </code>
  <code code="UK">
    <editdetail attribution="Reuters BIP Coding Group" action="confirmed" date="1997-05-11"/>
  </code>
  <code code="USA">
    <editdetail attribution="Reuters BIP Coding Group" action="confirmed" date="1997-05-11"/>
  </code>
</codes>
<codes class="bip:industries:1.0">
  <code code="I25700">
    <editdetail attribution="Reuters BIP Coding Group" action="confirmed" date="1997-05-11"/>
  </code>
</codes>
<codes class="bip:topics:1.0">
  <code code="C41">
    <editdetail attribution="Reuters BIP Coding Group" action="confirmed" date="1997-05-11"/>
  </code>
  <code code="C411">
    <editdetail attribution="Reuters BIP Coding Group" action="confirmed" date="1997-05-11"/>
  </code>
  <code code="CCAT">
    <editdetail attribution="Reuters BIP Coding Group" action="confirmed" date="1997-05-11"/>
  </code>
</codes>
<dc element="dc.date.created" value="1997-05-11"/>
<dc element="dc.publisher" value="Reuters Holdings Plc"/>
<dc element="dc.date.published" value="1997-05-11"/>
<dc element="dc.source" value="Reuters"/>
<dc element="dc.creator.location" value="LONDON"/>
<dc element="dc.creator.location.country.name" value="UK"/>
<dc element="dc.source" value="Reuters"/>
</metadata>
</newsitem>
