<?xml version="1.0" encoding="iso-8859-1" ?>
<newsitem itemid="574596" id="root" date="1997-05-11" xml:lang="en">
<title>ALBANIA: Albanian citizens' groups hail election deal.</title>
<headline>Albanian citizens' groups hail election deal.</headline>
<dateline>VLORE, Albania 1997-05-11</dateline>
<text>
<p>Leaders of Albania's so-called Salvation Committees met on Sunday and hailed an agreement signed by political parties on elections.</p>
<p>Under the agreement, brokered by European envoy Franz Vranitzky last week, the committees have to disband by May 14 but they reiterated that a bigger meeting on May 16 would decide the future of the groups.</p>
<p>The citizens' groups were formed to restore order after rioting erupted in southern Albania earlier this year over the collapse of pyramid investment schemes. They blame President Sali Berisha for the collapse of the schemes and want him to quit.</p>
<p>Their leaders met to discuss the deal brokered by Vranitzky, head of the Organisation for Security and Cooperation in Europe (OSCE), and signed by the 10 key parties.</p>
<p>&quot;The participants in the consultation hail the political contract of the parties and define it as an important step to solve the Albanian crisis,&quot; said a statement released after the meeting.</p>
<p>The deal committed the parties to deciding a new electoral law by Monday and passing it through parliament so Berisha can sign a decree by May 15 to order an election.</p>
<p>&quot;We (have) invited the 10 parties on May 16 and representatives of the OSCE and we want to ask them if there will really be free and fair political elections,&quot; said Xhevat Kocia, chairman of the committee in the town of Sarande.</p>
<p>&quot;They should assure us this would happen. Every future government should guarantee to us the return of the money (from the pyramid schemes) and the departure of Berisha from power,&quot; he added.</p>
</text>
<copyright>(c) Reuters Limited 1997</copyright>
<metadata>
<codes class="bip:countries:1.0">
  <code code="ALB">
    <editdetail attribution="Reuters BIP Coding Group" action="confirmed" date="1997-05-11"/>
  </code>
</codes>
<codes class="bip:topics:1.0">
  <code code="GCAT">
    <editdetail attribution="Reuters BIP Coding Group" action="confirmed" date="1997-05-11"/>
  </code>
  <code code="GPOL">
    <editdetail attribution="Reuters BIP Coding Group" action="confirmed" date="1997-05-11"/>
  </code>
  <code code="GVOTE">
    <editdetail attribution="Reuters BIP Coding Group" action="confirmed" date="1997-05-11"/>
  </code>
</codes>
<dc element="dc.date.created" value="1997-05-11"/>
<dc element="dc.publisher" value="Reuters Holdings Plc"/>
<dc element="dc.date.published" value="1997-05-11"/>
<dc element="dc.source" value="Reuters"/>
<dc element="dc.creator.location" value="VLORE, Albania"/>
<dc element="dc.creator.location.country.name" value="ALBANIA"/>
<dc element="dc.source" value="Reuters"/>
</metadata>
</newsitem>
