<?xml version="1.0" encoding="iso-8859-1" ?>
<newsitem itemid="574559" id="root" date="1997-05-11" xml:lang="en">
<title>UK: UK's Labour plans law to ban handguns.</title>
<headline>UK's Labour plans law to ban handguns.</headline>
<dateline>LONDON 1997-05-11</dateline>
<text>
<p>Britain's new Labour government plans to introduce a bill in parliament banning all handguns, government sources said on Sunday.</p>
<p>The proposed move sparked an angry retort from shooting groups with Michael Yardley of the Sportsmen's Association saying: 'This is going to wipe out the sport completely.'</p>
<p>'We are falling vitim to political correctness. Scapegoating the sport is so unjust,' he told Sky Television, arguing that Britain's Olympic pistol shooting team at the 2000 Olympics in Sydney would be wiped out.</p>
<p>Britain introduced a partial firearms ban in reaction to the massacre in March last year of 16 Scottish schoolchildren and their teacher in Dunblane by crazed lone gunman Thomas Hamilton who then committed suicide.</p>
<p>The Labour government, swept into power with a landslide election victory on May 1, now plans to introduce even tougher laws when their plans for the new parliament are laid out this week.</p>
<p>The vast majority of Labour members of parliament are said to back a total ban and party managers say they will be allowed to vote in the House of Commons according to their consciences.</p>
</text>
<copyright>(c) Reuters Limited 1997</copyright>
<metadata>
<codes class="bip:countries:1.0">
  <code code="UK">
    <editdetail attribution="Reuters BIP Coding Group" action="confirmed" date="1997-05-11"/>
  </code>
</codes>
<codes class="bip:topics:1.0">
  <code code="GCAT">
    <editdetail attribution="Reuters BIP Coding Group" action="confirmed" date="1997-05-11"/>
  </code>
  <code code="GCRIM">
    <editdetail attribution="Reuters BIP Coding Group" action="confirmed" date="1997-05-11"/>
  </code>
  <code code="GPOL">
    <editdetail attribution="Reuters BIP Coding Group" action="confirmed" date="1997-05-11"/>
  </code>
</codes>
<dc element="dc.date.created" value="1997-05-11"/>
<dc element="dc.publisher" value="Reuters Holdings Plc"/>
<dc element="dc.date.published" value="1997-05-11"/>
<dc element="dc.source" value="Reuters"/>
<dc element="dc.creator.location" value="LONDON"/>
<dc element="dc.creator.location.country.name" value="UK"/>
<dc element="dc.source" value="Reuters"/>
</metadata>
</newsitem>
