<?xml version="1.0" encoding="iso-8859-1" ?>
<newsitem itemid="574570" id="root" date="1997-05-11" xml:lang="en">
<title>ZAIRE: Zaire aid mission finds thousands more refugees.</title>
<headline>Zaire aid mission finds thousands more refugees.</headline>
<byline>David Fox</byline>
<dateline>KISANGANI, Zaire 1997-05-11</dateline>
<text>
<p>An aid mission to an area of eastern Zaire not visited by United Nations officials for weeks has discovered thousands of Rwandan Hutu refugees, many on the verge of death, U.N. officials said on Sunday.</p>
<p>Aid officials who travelled by rail to Ubolo village south of Kisangani distributed 26 tonnes of food before leaving with 468 refugees, mainly children.</p>
<p>&quot;We found about 5,000 to 6,000 refugees near a village at kilometre 82 (50 miles) south of Kisangani,&quot; said Julian Fleet, a U.N. refugee agency (UNHCR) official who led the mission. &quot;Many people have died there and many more are on the verge of death.&quot;</p>
<p>The mission reached Ubolo on Saturday night and returned to Kisangani on Sunday evening. Aid workers had to carry most of the refugees off the train to a ferry crossing the Zaire river as they were too weak to walk.</p>
<p>&quot;The local Zaireans have cared for them as best they could, but this is absolutely an emergency situation,&quot; said Fleet.</p>
<p>Fleet said the refugees mobbed the train when it arrived at the village, with thousands pleading for food or begging to be taken out.</p>
<p>Many could not walk and were crawling toward the train, he said. One refugee emerging from the forest a few kilometers from the village lay across the tracks and refused to move until he was promised passage home.</p>
<p>&quot;We also saw a lot more refugees in the forest, trying for the train as we passed,&quot; said Fleet.</p>
<p>Aid workers have been barred from travelling further than 41 kms (25 miles) south of Kisangani by Zairean rebels who now control the bulk of the country. Rebel soldiers sealed off the area after attacks on Biaro camp, about 41 kms (25 miles) south of Kisangani which refugees blamed on local Zaireans and rebel soldiers.</p>
<p>Over 80,000 refugees fled Biaro and nearby Kasese camps after the attacks -- including those now at Ubolo, aid officials said.</p>
<p>The refugees are the remnants of nearly two million Hutus who fled Rwanda in 1994 to escape reprisal for the genocide of up to 800.000 Tutsis and moderate Hutus.</p>
<p>U.N. officials said on Sunday hundreds of Rwandan Hutu refugees have made their way almost 1,500 km (900 miles) across the breadth of Zaire and have begun appearing in the Congo.</p>
<p>UNHCR spkesman Peter Kessler said 50 refugees had been seen at Loukolela, 350 kms (200 miles) northeast of Brazzaville. He said a western missionary at Liranga, 50 kms (30 miles) further east, reported over 2,600 refugee arrivals in the past few days.</p>
<p>&quot;We had a team confirm the Loukolela arrivals and hope to do the same for Liranga in the next day or so,&quot; Kessler told Reuters.</p>
<p>To have reached this point, the refugees have cut through some of the most dense forest on earth and traversed scores of rivers in their eight-month trek.</p>
<p>Scores of refugees on Sunday began arriving at Biaro Camp, about 41 kms (25 miles) south of Kisangani, in the hope of joining a U.N. airlift back to Rwanda. The new arrivals said they had walked from Ubundu, over 100 kms (65 miles) further south, after hearing the airlift had finally got underway.</p>
<p>One man, his foot broken from what he said was an attack by Zairean villagers, had limped almost the whole way while carrying his daughter.</p>
<p>The U.N. airlift continued on Sunday with nearly 2,000 more flying home, bringing the total since it began on April 27 to over 18,000. U.N. officials hope to complete an airlift of the remaining 25,000 refugees at Biaro camp within 10 days.</p>
<p>Aid organisations believe over 200,000 refugees are still unaccounted for, but Rwandan officials insist only around 55,000 remain.</p>
</text>
<copyright>(c) Reuters Limited 1997</copyright>
<metadata>
<codes class="bip:countries:1.0">
  <code code="UN">
    <editdetail attribution="Reuters BIP Coding Group" action="confirmed" date="1997-05-11"/>
  </code>
  <code code="ZAIRE">
    <editdetail attribution="Reuters BIP Coding Group" action="confirmed" date="1997-05-11"/>
  </code>
</codes>
<codes class="bip:topics:1.0">
  <code code="GCAT">
    <editdetail attribution="Reuters BIP Coding Group" action="confirmed" date="1997-05-11"/>
  </code>
  <code code="GDIP">
    <editdetail attribution="Reuters BIP Coding Group" action="confirmed" date="1997-05-11"/>
  </code>
  <code code="GVIO">
    <editdetail attribution="Reuters BIP Coding Group" action="confirmed" date="1997-05-11"/>
  </code>
</codes>
<dc element="dc.date.created" value="1997-05-11"/>
<dc element="dc.publisher" value="Reuters Holdings Plc"/>
<dc element="dc.date.published" value="1997-05-11"/>
<dc element="dc.source" value="Reuters"/>
<dc element="dc.creator.location" value="KISANGANI, Zaire"/>
<dc element="dc.creator.location.country.name" value="ZAIRE"/>
<dc element="dc.source" value="Reuters"/>
</metadata>
</newsitem>
