<?xml version="1.0" encoding="iso-8859-1" ?>
<newsitem itemid="574561" id="root" date="1997-05-11" xml:lang="en">
<title>UK: UK's Brown orders public spending review.</title>
<headline>UK's Brown orders public spending review.</headline>
<dateline>LONDON 1997-05-11</dateline>
<text>
<p>Labour's new finance minister Gordon Brown has ordered a fundamental review of public spending and plans the most radical welfare budget of the past 50 years in Britain.</p>
<p>Interviewed by The Observer newspaper, he said: 'I am not interested in measures that just alleviate the problem of youth and long-term unemployment for a few months.</p>
<p>'I'm interested in developing a welfare state built around the work ethic.'</p>
<p>Brown, who won praise from financial markets for giving the Bank of England independence to set interest rates, also promised immediate changes to capital gains tax and corporation tax.</p>
<p>This would encourage more long-term ownership and higher investment.</p>
<p>Amid media speculation that the budget could be introduced as early as June 10, Brown said he had instructed treasury officials to start a public spending review.</p>
<p>This would be completed in time to let him implement a three-year plan for spending from 1998 that would allow increases in priority areas.</p>
<p>In the Observer interview, Brown also promised a bill that would release over time five billion pounds of capital receipts from state council house sales to kick-start a huge social housing programme.</p>
<p>Brown has already promised to bring in a windfall tax on privatised utility companies that would be used to get the long-term jobless and young into work.</p>
</text>
<copyright>(c) Reuters Limited 1997</copyright>
<metadata>
<codes class="bip:countries:1.0">
  <code code="UK">
    <editdetail attribution="Reuters BIP Coding Group" action="confirmed" date="1997-05-11"/>
  </code>
</codes>
<codes class="bip:topics:1.0">
  <code code="E21">
    <editdetail attribution="Reuters BIP Coding Group" action="confirmed" date="1997-05-11"/>
  </code>
  <code code="E211">
    <editdetail attribution="Reuters BIP Coding Group" action="confirmed" date="1997-05-11"/>
  </code>
  <code code="ECAT">
    <editdetail attribution="Reuters BIP Coding Group" action="confirmed" date="1997-05-11"/>
  </code>
  <code code="GCAT">
    <editdetail attribution="Reuters BIP Coding Group" action="confirmed" date="1997-05-11"/>
  </code>
  <code code="GPOL">
    <editdetail attribution="Reuters BIP Coding Group" action="confirmed" date="1997-05-11"/>
  </code>
  <code code="GWELF">
    <editdetail attribution="Reuters BIP Coding Group" action="confirmed" date="1997-05-11"/>
  </code>
</codes>
<dc element="dc.date.created" value="1997-05-11"/>
<dc element="dc.publisher" value="Reuters Holdings Plc"/>
<dc element="dc.date.published" value="1997-05-11"/>
<dc element="dc.source" value="Reuters"/>
<dc element="dc.creator.location" value="LONDON"/>
<dc element="dc.creator.location.country.name" value="UK"/>
<dc element="dc.source" value="Reuters"/>
</metadata>
</newsitem>
