<?xml version="1.0" encoding="iso-8859-1" ?>
<newsitem itemid="574550" id="root" date="1997-05-11" xml:lang="en">
<title>UK: Trimble says N.Ireland Sinn Fein heads are IRA men.</title>
<headline>Trimble says N.Ireland Sinn Fein heads are IRA men.</headline>
<byline>Martin Cowley</byline>
<dateline>BELFAST 1997-05-11</dateline>
<text>
<p>Northern Ireland's chief Protestant politician, David Trimble, on Sunday branded two leading Irish nationalists who won seats in the British parliament as senior members of the outlawed Irish Republican Army (IRA).</p>
<p>But Irish Republic Deputy Prime Minister Dick Spring suggested the success of Sinn Fein party president Gerry Adams and his chief negotiator Martin McGuinness in Britain's May 1 election could improve chances of an IRA ceasefire in its struggle to end British rule in Northern Ireland.</p>
<p>Ulster Unionist Party leader Trimble, a bitter enemy of the IRA and its Sinn Fein political arm, said in a television interview there was no sign that Republicans were in a mood to call off violence to win places for Sinn Fein in all-party peace talks.</p>
<p>He told Sky News that British security forces believe both men hold high places in the command structure of the guerrilla movement that is fighting to oust Britain from the province.</p>
<p>&quot;The security forces in Northern Ireland...regard both Adams and McGuinness as still being members of the IRA's Army Council.</p>
<p>&quot;They are involved in directing the terrorist campaign, I think there is no doubt about that..,&quot; Trimble said.</p>
<p>&quot;IRA and Sinn Fein are inseparable and they are operating as one group, so that Adams and McGuinness must accept responsibility for all the actions of the IRA and of those groups that operate under their influence.&quot;</p>
<p>Adams and McGuinness have consistently denied they are linked with the underground extremist group.</p>
<p>Spring, in a separate Sky News interview, said he would &quot;like to think that the strengthened mandate that they now have would give them the authority to deliver a ceasefire...</p>
<p>&quot;A lot of people think that they will be the ones to deliver again.&quot;</p>
<p>A 17-month IRA truce broke down in February last year when the guerrillas accused Britain of breaking a deal to give Sinn Fein a place in talks on a political settlement.</p>
<p>Irish nationalists say that Adams and McGuinness had a a key role in persuading the IRA leadership to declare the first ceasefire in September 1994.</p>
<p>They were reported to be guerrilla commanders when the Northern Ireland conflict erupted some 27 years ago.</p>
<p>In 1972 both went to London with an IRA delegation for what proved to be abortive peace talks with a British Minister.</p>
<p>The new parliamentarians, who will not take their seats in the legislature in protest against British rule, say they head a party committed to a peaceful resolution of the province's conflict.</p>
<p>Violence flares again at the weekend when an off-duty police officer was shot dead in a bar by members of the Irish National Liberation Army, a small left-wing republican splinter group.</p>
<p>With tension high, a Protestant was attacked and seriously hurt by a Roman Catholic gang in Londonderry and a Catholic victim of a Protestant mob was buried in the town of Portadown.</p>
</text>
<copyright>(c) Reuters Limited 1997</copyright>
<metadata>
<codes class="bip:countries:1.0">
  <code code="IRE">
    <editdetail attribution="Reuters BIP Coding Group" action="confirmed" date="1997-05-11"/>
  </code>
  <code code="UK">
    <editdetail attribution="Reuters BIP Coding Group" action="confirmed" date="1997-05-11"/>
  </code>
</codes>
<codes class="bip:topics:1.0">
  <code code="GCAT">
    <editdetail attribution="Reuters BIP Coding Group" action="confirmed" date="1997-05-11"/>
  </code>
  <code code="GDIP">
    <editdetail attribution="Reuters BIP Coding Group" action="confirmed" date="1997-05-11"/>
  </code>
  <code code="GPOL">
    <editdetail attribution="Reuters BIP Coding Group" action="confirmed" date="1997-05-11"/>
  </code>
  <code code="GVIO">
    <editdetail attribution="Reuters BIP Coding Group" action="confirmed" date="1997-05-11"/>
  </code>
</codes>
<dc element="dc.date.created" value="1997-05-11"/>
<dc element="dc.publisher" value="Reuters Holdings Plc"/>
<dc element="dc.date.published" value="1997-05-11"/>
<dc element="dc.source" value="Reuters"/>
<dc element="dc.creator.location" value="BELFAST"/>
<dc element="dc.creator.location.country.name" value="UK"/>
<dc element="dc.source" value="Reuters"/>
</metadata>
</newsitem>
