<?xml version="1.0" encoding="iso-8859-1" ?>
<newsitem itemid="574500" id="root" date="1997-05-11" xml:lang="en">
<title>USA: Tiffany sees sparkling prospects - Barron's.</title>
<headline>Tiffany sees sparkling prospects - Barron's.</headline>
<dateline>NEW YORK 1997-05-11</dateline>
<text>
<p>After three years of solid growth, Tiffany &amp; Co chairman William Chaney sees sparkling prospects -- both domestically and internationally -- for its jewelry and other goods, according to an article in Barron's.</p>
<p>Chaney cited the strong economies in the U.S. and many other areas, especially the Asian Pacific Rim and Latin America, which are fueling affluence and demand for high-priced items.</p>
<p>Chaney's optimism is shared by many analysts on Wall Street, Barron's said. First Call reports a consensus estimate of $1.93 a share for fiscal 1997, which will end in January 1998. That would be more than 16 percent above fiscal 1996's $1.66 per share.</p>
<p>An argument for such bullishness is the performance of a store opened a year ago in Tokyo's plush Ginza district, Barron's said. Helped by the Tokyo store, Tiffany's retail sales in Japan have surged and Japan now represents well over 25 percent of the company's sales.</p>
<p>Tiffany's flagship Fifth Avenue store in New York remains the company's crown jewel however, still ringing up 17 percent of the retailer's total sales, Barron's said. A thriving tourist trade has been a consistent boost to the Fifth Avenue store.</p>
</text>
<copyright>(c) Reuters Limited 1997</copyright>
<metadata>
<codes class="bip:countries:1.0">
  <code code="USA">
    <editdetail attribution="Reuters BIP Coding Group" action="confirmed" date="1997-05-11"/>
  </code>
</codes>
<codes class="bip:industries:1.0">
  <code code="I65400">
    <editdetail attribution="Reuters BIP Coding Group" action="confirmed" date="1997-05-11"/>
  </code>
</codes>
<codes class="bip:topics:1.0">
  <code code="C15">
    <editdetail attribution="Reuters BIP Coding Group" action="confirmed" date="1997-05-11"/>
  </code>
  <code code="C152">
    <editdetail attribution="Reuters BIP Coding Group" action="confirmed" date="1997-05-11"/>
  </code>
  <code code="CCAT">
    <editdetail attribution="Reuters BIP Coding Group" action="confirmed" date="1997-05-11"/>
  </code>
</codes>
<dc element="dc.date.created" value="1997-05-11"/>
<dc element="dc.publisher" value="Reuters Holdings Plc"/>
<dc element="dc.date.published" value="1997-05-11"/>
<dc element="dc.source" value="Reuters"/>
<dc element="dc.creator.location" value="NEW YORK"/>
<dc element="dc.creator.location.country.name" value="USA"/>
<dc element="dc.source" value="Reuters"/>
</metadata>
</newsitem>
