<?xml version="1.0" encoding="iso-8859-1" ?>
<newsitem itemid="574589" id="root" date="1997-05-11" xml:lang="en">
<title>KENYA: Uganda, Sudan agree to release prisoners in peace move.</title>
<headline>Uganda, Sudan agree to release prisoners in peace move.</headline>
<dateline>NAIROBI 1997-05-11</dateline>
<text>
<p>The presidents of Uganda and Sudan, at talks arranged by Kenya, have agreed to release all those held captive in border clashes.</p>
<p>The agreement was contained in a formal communique published on Sunday after a meeting between Presidents Yoweri Museveni of Uganda, Omar Hassan al-Bashir of Sudan and Daniel arap Moi of Kenya in the west Kenyan town of Eldoret on Saturday.</p>
<p>Moi invited Museveni and Bashir to the meeting in an attempt to resolve the deep differences between Uganda and Sudan, which accuse each other of helping rebels on their common border.</p>
<p>The communique said Bashir and Museveni also agreed to reactivate past agreements between their countries. Uganda cut diplomatic relations with Sudan in 1995.</p>
<p>The official Kenyan Presidential Press Unit quoted Moi as saying in Eldoret that he hoped Uganda and Sudan would reach an amicable solution to their problems because the region needed development instead of conflict.</p>
<p>Moi said he was calling a meeting of a subcommittee of the Inter-Governmental Authority on Development (IGAD) to help end civil war in south Sudan. The committee includes representatives of Kenya, Uganda, Eritrea and Ethiopia.</p>
<p>Moi, who first held separate talks with Museveni and then with Lieutenant-General Bashir, said he hoped their meeting on Saturday would be a firm beginning towards trust between the member states of IGAD.</p>
<p>IGAD has in the past helped arrange meetings between the Sudanese goverment and the rebel Sudan People's Liberation Army (SPLA), led by Colonel John Garang.</p>
<p>Museveni and Bashir said they &quot;appreciated the positive points&quot; in the Sudanese government's recent peace agreement with southern factions other than the SPLA and agreed that Garang might have a role in solving &quot;other humanitarian problems&quot;.</p>
<p>Uganda accuses the Sudanese government of arming and giving bases in south Sudan to Ugandan rebels of the Lord's Resistance Army. Sudan accuses Uganda of arming and supporting the SPLA.</p>
<p>The SPLA has fought since 1983 for greater autonomy for the Christian and animist south from the Moslem, Arabised north and has scored its biggest success since 1991 with a series of offensives this year.</p>
<p>The LRA has been severely weakened by the strength of the SPLA in the south but Garang denies he is fighting for Uganda.</p>
<p>Uganda last month said its army killed 60 Sudanese soldiers and captured more than 100 just inside northern Uganda, beating back a joint attack by the Sudanese army and Ugandan rebels.</p>
<p>It displayed what it said were 114 captured Sudanese soldiers and 16 Ugandan rebels state-run radio said had fled into Uganda to escape attacks by the SPLA in southern Sudan.</p>
<p>At about the same time last month, Sudan displayed several men it said were Ugandan prisoners of war captured after a battle with the Sudanese army in south Sudan. Uganda denies sending its own troops to fight alongside the SPLA rebels.</p>
</text>
<copyright>(c) Reuters Limited 1997</copyright>
<metadata>
<codes class="bip:countries:1.0">
  <code code="KENYA">
    <editdetail attribution="Reuters BIP Coding Group" action="confirmed" date="1997-05-11"/>
  </code>
  <code code="SUDAN">
    <editdetail attribution="Reuters BIP Coding Group" action="confirmed" date="1997-05-11"/>
  </code>
  <code code="UGANDA">
    <editdetail attribution="Reuters BIP Coding Group" action="confirmed" date="1997-05-11"/>
  </code>
</codes>
<codes class="bip:topics:1.0">
  <code code="GCAT">
    <editdetail attribution="Reuters BIP Coding Group" action="confirmed" date="1997-05-11"/>
  </code>
  <code code="GDIP">
    <editdetail attribution="Reuters BIP Coding Group" action="confirmed" date="1997-05-11"/>
  </code>
  <code code="GVIO">
    <editdetail attribution="Reuters BIP Coding Group" action="confirmed" date="1997-05-11"/>
  </code>
</codes>
<dc element="dc.date.created" value="1997-05-11"/>
<dc element="dc.publisher" value="Reuters Holdings Plc"/>
<dc element="dc.date.published" value="1997-05-11"/>
<dc element="dc.source" value="Reuters"/>
<dc element="dc.creator.location" value="NAIROBI"/>
<dc element="dc.creator.location.country.name" value="KENYA"/>
<dc element="dc.source" value="Reuters"/>
</metadata>
</newsitem>
