<?xml version="1.0" encoding="iso-8859-1" ?>
<newsitem itemid="574610" id="root" date="1997-05-11" xml:lang="en">
<title>BRAZIL: Latam cities are awakening to nightmare of drugs.</title>
<headline>Latam cities are awakening to nightmare of drugs.</headline>
<byline>James Craig</byline>
<dateline>SAO PAULO, Brazil 1997-05-11</dateline>
<text>
<p>From glue-sniffing street kids in Lima to warring drug gangs in Rio de Janeiro, Latin America's cities are awakening to a nightmare that was once dismissed as a problem of rich countries, city officials said on Sunday.</p>
<p>&quot;Before, when we used to talk about drugs, we used to say 'It's a gringo problem',&quot; Fernando Andrade Carmona, mayor of Lima's Miraflores district, said.</p>
<p>&quot;Today, it is knocking on our door. It's in our neighbourhoods and on our streets,&quot; he said.</p>
<p>Faced with an onslaught of drug-related problems similar to those that struck the United States and Europe more than a decade ago, Latin American cities vowed on Sunday to take a tough stand against drugs.</p>
<p>Representatives of 37 cities and towns, from Managua, Nicaragua, to Sao Paulo, Brazil, signed a declaration promising to oppose legalisation of illegal drugs and promote drug prevention and enforcement efforts across the continent.</p>
<p>In a region traditionally considered a drug producer but where abuse was relatively rare, Latin Americans are now scrambling to check a rising tide of drug problems that have begun to tear at their societies.</p>
<p>&quot;In the past, there was not a good understanding of the real problem. We are beginning to learn,&quot; said Laura Baldivieso, a Bolivian and a coordinator of the First Latin American Cities Against Drugs Conference (ECLAD).</p>
<p>Other organisers of the three-day conference, held this weekend in Sao Paulo, said Latin Americans can draw from anti-drug successes in Europe and the United States as well as learn from its mistakes.</p>
<p>In a grim reminder of the issue's urgency for Brazil, nine people including a family of five were executed late on Friday in drug gang warfare in Rio de Janeiro, known today as much for its crime rate as its famous beaches.</p>
<p>&quot;Society is being threatened by drugs and needs to react,&quot; Sao Paulo Mayor Celso Pitta told the closing session of the three-day conference attended by 250 people.</p>
<p>Drug-producing countries like Bolivia, Colombia and Peru now face rising drug addiction and crime in their own cities.</p>
<p>Rony Pedro Colanzi, a councilman in Santa Cruz, Bolivia, said the problem now threatened the future development of his city because it affected children the most.</p>
<p>He stressed the need for poor countries to &quot;invest more in education rather than (infrastructure) projects.&quot;</p>
<p>Small towns also are now facing the drug scourge for the first time.</p>
<p>Jose Angel Oceguera, mayor of Tamazula, Mexico, said his town produced marijuana for years, mostly for export to the United States, but drug abuse among its residents was rare -- until recently.</p>
<p>&quot;People started to come back from the United States with these habits,&quot; he said. &quot;Now, we have a problem. It's very little (drug abuse) but its growing.&quot;</p>
<p>While the explosion in problems from family disintegration and violence to crack babies and AIDS has caught Latin America by surprise, it also has provoked a fast response, something experts say may help the region avoid pitfalls encountered by Europe and the United States.</p>
<p>&quot;In the U.S. in the 1970s, we were soft on drugs,&quot; said Stephanie Haynes, a Texan and conference coordinator. &quot;We had soft penalties, soft attitudes, soft laws. We're paying for that now.&quot;</p>
</text>
<copyright>(c) Reuters Limited 1997</copyright>
<metadata>
<codes class="bip:countries:1.0">
  <code code="BOL">
    <editdetail attribution="Reuters BIP Coding Group" action="confirmed" date="1997-05-11"/>
  </code>
  <code code="BRAZ">
    <editdetail attribution="Reuters BIP Coding Group" action="confirmed" date="1997-05-11"/>
  </code>
  <code code="COL">
    <editdetail attribution="Reuters BIP Coding Group" action="confirmed" date="1997-05-11"/>
  </code>
  <code code="MEX">
    <editdetail attribution="Reuters BIP Coding Group" action="confirmed" date="1997-05-11"/>
  </code>
  <code code="NICG">
    <editdetail attribution="Reuters BIP Coding Group" action="confirmed" date="1997-05-11"/>
  </code>
  <code code="PERU">
    <editdetail attribution="Reuters BIP Coding Group" action="confirmed" date="1997-05-11"/>
  </code>
</codes>
<codes class="bip:topics:1.0">
  <code code="GCAT">
    <editdetail attribution="Reuters BIP Coding Group" action="confirmed" date="1997-05-11"/>
  </code>
  <code code="GCRIM">
    <editdetail attribution="Reuters BIP Coding Group" action="confirmed" date="1997-05-11"/>
  </code>
</codes>
<dc element="dc.date.created" value="1997-05-11"/>
<dc element="dc.publisher" value="Reuters Holdings Plc"/>
<dc element="dc.date.published" value="1997-05-11"/>
<dc element="dc.source" value="Reuters"/>
<dc element="dc.creator.location" value="SAO PAULO, Brazil"/>
<dc element="dc.creator.location.country.name" value="BRAZIL"/>
<dc element="dc.source" value="Reuters"/>
</metadata>
</newsitem>
