<?xml version="1.0" encoding="iso-8859-1" ?>
<newsitem itemid="574663" id="root" date="1997-05-11" xml:lang="en">
<title>AUSTRALIA: Capital-hungry Ansett sets 10 pct profit margin.</title>
<headline>Capital-hungry Ansett sets 10 pct profit margin.</headline>
<dateline>MELBOURNE 1997-05-11</dateline>
<text>
<p>Loss-making Australian airline Ansett said on Sunday it was hungry for fresh capital and must achieve profit margins of about 10 percent to ensure its long-term viability.</p>
<p>Ansett executive chairman Rod Eddington said the airline would need a capital injection from its owners, media group News Corp and Air New Zealand, to fund a badly needed upgrade of its inefficient fleet.</p>
<p>But he said the two equal shareholders first needed to be persuaded that the fresh investment would deliver a sensible return and be convinced Ansett was flying toward profits.  </p>
<p>&quot;So I would be shooting for a target of about 10 percent profit as a percentage of sales,&quot; Eddington told the Nine Network's Business Sunday programme.</p>
<p>&quot;Ansett needs more capital and in order to get it, it must fix its operating costs...and generate cash flows,&quot; he added.</p>
<p>&quot;If it can do that, it will help its capital base and also encourage the two shareholders to step up to future capital injection.&quot;  </p>
<p>Eddington, who ran Cathay Pacific Airways before taking over the controls at Ansett in January, says profits are &quot;thin on the ground&quot; despite the airline's domestic operation posting a small profit in the third quarter ended March 31.</p>
<p>Ansett's fledgling international service continued to operate at a loss in the quarter, according to News Corp's latest accounts.</p>
<p>&quot;I believe both shareholders will invest capital provided they see themselves getting a sensible long-term return,&quot; Eddington said.  </p>
<p>Ansett has begun work on a plan to achieve 10 percent profit margins, with the emphasis on cutting costs, selling non-core assets like tourism resorts and finding efficiencies through its partnership with Air New Zealand, he added.</p>
<p>Ansett and Air New Zealand want to merge some parts of their business, like maintenance and information and technology.</p>
<p>Ansett is shopping for eight new planes, at an estimated cost of around A$2 billion, in order to streamline its fleet to five different aircraft types from seven.  </p>
<p>The contract is a close contest between European aircraft consortium Airbus Industrie's Airbus A330-200 and Boeing Co's 767-300.</p>
<p>Eddington said he would soon recommend his long-term fleet plan to Ansett's board. But, he added: &quot;we can't rush this.&quot;</p>
<p>-- Melbourne bureau 61-3 9286-1421</p>
</text>
<copyright>(c) Reuters Limited 1997</copyright>
<metadata>
<codes class="bip:countries:1.0">
  <code code="AUSTR">
    <editdetail attribution="Reuters BIP Coding Group" action="confirmed" date="1997-05-11"/>
  </code>
</codes>
<codes class="bip:industries:1.0">
  <code code="I47500">
    <editdetail attribution="Reuters BIP Coding Group" action="confirmed" date="1997-05-11"/>
  </code>
  <code code="I75000">
    <editdetail attribution="Reuters BIP Coding Group" action="confirmed" date="1997-05-11"/>
  </code>
</codes>
<codes class="bip:topics:1.0">
  <code code="C11">
    <editdetail attribution="Reuters BIP Coding Group" action="confirmed" date="1997-05-11"/>
  </code>
  <code code="C15">
    <editdetail attribution="Reuters BIP Coding Group" action="confirmed" date="1997-05-11"/>
  </code>
  <code code="C152">
    <editdetail attribution="Reuters BIP Coding Group" action="confirmed" date="1997-05-11"/>
  </code>
  <code code="C17">
    <editdetail attribution="Reuters BIP Coding Group" action="confirmed" date="1997-05-11"/>
  </code>
  <code code="CCAT">
    <editdetail attribution="Reuters BIP Coding Group" action="confirmed" date="1997-05-11"/>
  </code>
</codes>
<dc element="dc.date.created" value="1997-05-11"/>
<dc element="dc.publisher" value="Reuters Holdings Plc"/>
<dc element="dc.date.published" value="1997-05-11"/>
<dc element="dc.source" value="Reuters"/>
<dc element="dc.creator.location" value="MELBOURNE"/>
<dc element="dc.creator.location.country.name" value="AUSTRALIA"/>
<dc element="dc.source" value="Reuters"/>
</metadata>
</newsitem>
