<?xml version="1.0" encoding="iso-8859-1" ?>
<newsitem itemid="574683" id="root" date="1997-05-11" xml:lang="en">
<title>JAPAN: Dollar seen falling sharply vs yen in Asia.</title>
<headline>Dollar seen falling sharply vs yen in Asia.</headline>
<dateline>TOKYO 1996-05-12</dateline>
<text>
<p>The dollar is expected to keep falling against the yen during Asian trading time on Monday, as traders are likely to sell further amid expectations that the U.S.-Japan interest rate gap will narrow.</p>
<p>A tumble to 117.00 yen is possible with very few bids expected, while Japanese investors' hedge sales may speed up the dollar's fall, dealers said.</p>
<p>&quot;I don't see bids on the downside. A fall to 117 during Tokyo time is possible,&quot; said a trust bank dealer. He added substantial bids were not expected until the dollar neared 115 yen.  </p>
<p>Dealers said hedge sales by Japanese investors were expected to continue to weigh on the dollar.</p>
<p>With no fresh factors in early Tokyo trading, the dollar had already slipped below 118 yen, the lowest since late January, as traders, mostly interbank, and Japanese investors rushed to sell further. &quot;At this level, nobody is interested in buying,&quot; a city bank dealer said.</p>
<p>On Friday, the dollar plunged against the yen from an Asian session high of 123.72 yen to a U.S. session low of about 119.10 yen, the largest intra day fall in the dollar/yen rate since September 1995.  </p>
<p>On Saturday, Japanese officials were busy providing yen-supportive comments, while attending the annual meeting of the Asian Development Bank (ADB) in Fukuoka.</p>
<p>Asked if a nearly six-yen rise in the past week was an excessive gain, Eisuke Sakakibara, director-general of the Ministry of Finance's (MOF) International Finance Bureau, said: &quot;No, it is not overly excessive.&quot;</p>
<p>Finance Minister Hiroshi Mitsuzuka said he believed the yen's rise indicated that foreign exchange markets were finally digesting a Group of Seven (G7) statement made last month on currency stability.</p>
</text>
<copyright>(c) Reuters Limited 1997</copyright>
<metadata>
<codes class="bip:countries:1.0">
  <code code="JAP">
    <editdetail attribution="Reuters BIP Coding Group" action="confirmed" date="1997-05-11"/>
  </code>
</codes>
<codes class="bip:topics:1.0">
  <code code="M13">
    <editdetail attribution="Reuters BIP Coding Group" action="confirmed" date="1997-05-11"/>
  </code>
  <code code="M132">
    <editdetail attribution="Reuters BIP Coding Group" action="confirmed" date="1997-05-11"/>
  </code>
  <code code="MCAT">
    <editdetail attribution="Reuters BIP Coding Group" action="confirmed" date="1997-05-11"/>
  </code>
</codes>
<dc element="dc.date.created" value="1996-05-12"/>
<dc element="dc.publisher" value="Reuters Holdings Plc"/>
<dc element="dc.date.published" value="1997-05-11"/>
<dc element="dc.source" value="Reuters"/>
<dc element="dc.creator.location" value="TOKYO"/>
<dc element="dc.creator.location.country.name" value="JAPAN"/>
<dc element="dc.source" value="Reuters"/>
</metadata>
</newsitem>
