<?xml version="1.0" encoding="iso-8859-1" ?>
<newsitem itemid="574650" id="root" date="1997-05-11" xml:lang="en">
<title>AUSTRALIA: LAST QUOTES - Australian Eurobond benchmarks.</title>
<headline>LAST QUOTES - Australian Eurobond benchmarks.</headline>
<dateline>SYDNEY 1996-05-12</dateline>
<text>
<p>Last quotes from the International Securities Market Association for benchmark Australian dollar Eurobonds issued by Australian entities.</p>
<p>	     Coupon  Maturity Bid/Ask	     Previous</p>
<p>SAFA     6.50 pct  30.11.98  99.875/100.375  (100.000/100.375)</p>
<p>NAB     10.50 pct  23.02.98 102.875/103.375  (102.875/103.375)</p>
<p>SAFA     6.25 pct  25.02.99  99.375/99.875   ( 99.500/99.875 )</p>
<p>NAB	7.75 pct  04.01.99 101.375/101.750  (102.625/103.125)</p>
<p>CBA	8.25 pct  23.04.99 102.500/102.875  (102.625/103.125)</p>
<p>NAB	6.50 pct  17.03.00  98.875/99.250   ( 98.750/99.000 )</p>
<p>AIDC     7.00 pct  30.10.00 100.375/101.500  (100.125/101.125)</p>
<p>SBNSW    7.75 pct  21.02.01 101.750/102.125  (101.375/101.750)</p>
<p>CBA	7.75 pct  08.03.01 101.500/101.875  (101.250/101.625)</p>
<p>NAB	8.00 pct  10.04.01 102.375/103.000  (102.125/102.625)</p>
<p>AIDC     7.50 pct  27.09.01 100.625/101.125  (100.625/101.000)</p>
<p>SBNSW    7.75 pct  01.10.01 101.750/102.500  (101.125/101.875)</p>
<p>AIRSVCS 7.375 pct  15.11.01 100.000/100.375  ( 99.625/100.000)</p>
<p>NAB	7.50 pct  26.11.01 100.875/101.250  (100.500/101.000)</p>
<p>CBA	7.63 pct  05.08.03 100.500/100.875  (100.000/100.500)</p>
<p>SAFA     7.75 pct  30.06.03 101.000/101.500  (100.500/101.125)</p>
<p>CBA	9.00 pct  15.08.05 106.125/106.500  (105.125/105.500)</p>
<p>--Sydney newsroom 61-2 9373-1800</p>
</text>
<copyright>(c) Reuters Limited 1997</copyright>
<metadata>
<codes class="bip:countries:1.0">
  <code code="AUSTR">
    <editdetail attribution="Reuters BIP Coding Group" action="confirmed" date="1997-05-11"/>
  </code>
</codes>
<codes class="bip:topics:1.0">
  <code code="M12">
    <editdetail attribution="Reuters BIP Coding Group" action="confirmed" date="1997-05-11"/>
  </code>
  <code code="MCAT">
    <editdetail attribution="Reuters BIP Coding Group" action="confirmed" date="1997-05-11"/>
  </code>
</codes>
<dc element="dc.date.created" value="1996-05-12"/>
<dc element="dc.publisher" value="Reuters Holdings Plc"/>
<dc element="dc.date.published" value="1997-05-11"/>
<dc element="dc.source" value="Reuters"/>
<dc element="dc.creator.location" value="SYDNEY"/>
<dc element="dc.creator.location.country.name" value="AUSTRALIA"/>
<dc element="dc.source" value="Reuters"/>
</metadata>
</newsitem>
