<?xml version="1.0" encoding="iso-8859-1" ?>
<newsitem itemid="574696" id="root" date="1997-05-11" xml:lang="en">
<title>CHINA: China tells media HK handover news should be good.</title>
<headline>China tells media HK handover news should be good.</headline>
<dateline>BEIJING 1997-05-11</dateline>
<text>
<p>China has told its state-run broadcasters to emphasise good news to create a positive atmosphere in the run-up to the return of Hong Kong to Beijing rule on July 1, the Xinhua news agency said on Friday.</p>
<p>Radio and television station leaders should give priority to positive reports, improve programme quality and &quot;stick to the correct orientation&quot;, the official agency quoted Ding Guangen, a member of the Communist Party's elite Politburo, as saying.</p>
<p>&quot;Journalists should help create a favorable atmosphere for the resumption of the exercise of sovereignty over Hong Kong and the holding of the 15th Congress of the Communist Party of China,&quot; it quoted Ding as saying.</p>
<p>Analysts say Beijing is determined to ensure the return of Hong Kong to the motherland after 156 years of colonial British rule is seen by the Chinese people as a final end to national humiliation by foreign powers.</p>
<p>Social stability is also being stressed in the months leading up to the 15th party congress, a crucial gathering of the ruling party later this year.</p>
<p>Broadcasters should also make great efforts to push ideological progress and report advanced workers' meritorious deeds, Xinhua quoted Ding, who is also head of the Communist Party's propaganda department, as saying.</p>
<p>Radio and television stations should advocate the ideas of serving the people, patriotism, collectivism and socialism, while guiding the people to a correct outlook, he said.</p>
</text>
<copyright>(c) Reuters Limited 1997</copyright>
<metadata>
<codes class="bip:countries:1.0">
  <code code="CHINA">
    <editdetail attribution="Reuters BIP Coding Group" action="confirmed" date="1997-05-11"/>
  </code>
  <code code="HKONG">
    <editdetail attribution="Reuters BIP Coding Group" action="confirmed" date="1997-05-11"/>
  </code>
</codes>
<codes class="bip:topics:1.0">
  <code code="GCAT">
    <editdetail attribution="Reuters BIP Coding Group" action="confirmed" date="1997-05-11"/>
  </code>
  <code code="GDIP">
    <editdetail attribution="Reuters BIP Coding Group" action="confirmed" date="1997-05-11"/>
  </code>
  <code code="GENT">
    <editdetail attribution="Reuters BIP Coding Group" action="confirmed" date="1997-05-11"/>
  </code>
  <code code="GPOL">
    <editdetail attribution="Reuters BIP Coding Group" action="confirmed" date="1997-05-11"/>
  </code>
</codes>
<dc element="dc.date.created" value="1997-05-11"/>
<dc element="dc.publisher" value="Reuters Holdings Plc"/>
<dc element="dc.date.published" value="1997-05-11"/>
<dc element="dc.source" value="Reuters"/>
<dc element="dc.creator.location" value="BEIJING"/>
<dc element="dc.creator.location.country.name" value="CHINA"/>
<dc element="dc.source" value="Reuters"/>
</metadata>
</newsitem>
