<?xml version="1.0" encoding="iso-8859-1" ?>
<newsitem itemid="574637" id="root" date="1997-05-11" xml:lang="en">
<title>AUSTRALIA: Australian companies ex-div to May 23.</title>
<headline>Australian companies ex-div to May 23.</headline>
<dateline>SYDNEY 1996-05-12</dateline>
<text>
<p>The following is a list of companies going ex-dividend to May 16, compiled from information supplied by the Australian Stock Exchange.</p>
<p>Monday, May 12</p>
<p>   Greenchip Emerging		 31.0 cents</p>
<p>   Paladin Industrial		  1.5 cents</p>
<p>   Tuesday, May 13		     Nil</p>
<p>   Wednesday, May 14		   Nil</p>
<p>   Paladin Commercial		  2.35 cents</p>
<p>Thursday, May 15</p>
<p>   AAPC Ltd				0.5 cents</p>
<p>   Placer Dome Inc		   US7.5 cents</p>
<p>   Friday, May 16			Nil</p>
<p>Monday, May 19</p>
<p>   Whitefield Ltd			3.5 cents</p>
<p>   Whitefield Ltd  X		   4.0 cents</p>
<p>   Tuesday, May 20		     Nil</p>
<p>Wednesday, May 21</p>
<p>   Guangdong Corporation	     1.38 cents</p>
<p>Thursday, May 22</p>
<p>   Deep Sea Fisheries		  2.5 cents</p>
<p>   Green's Foods			 1.458 cents</p>
<p>   Grow Force Australia	     15.0 cents</p>
<p>   Lion Nathan Ltd		   NZ8.0 cents</p>
<p>Friday, May 23</p>
<p>   J.C. Ludowici		     5.0 cents</p>
<p>   J.C. Ludowici		     6.0 cents</p>
<p>-- Sydney Newsroom 61-2 9373-1800</p>
</text>
<copyright>(c) Reuters Limited 1997</copyright>
<metadata>
<codes class="bip:countries:1.0">
  <code code="AUSTR">
    <editdetail attribution="Reuters BIP Coding Group" action="confirmed" date="1997-05-11"/>
  </code>
</codes>
<codes class="bip:industries:1.0">
  <code code="I03000">
    <editdetail attribution="Reuters BIP Coding Group" action="confirmed" date="1997-05-11"/>
  </code>
  <code code="I21000">
    <editdetail attribution="Reuters BIP Coding Group" action="confirmed" date="1997-05-11"/>
  </code>
  <code code="I25130">
    <editdetail attribution="Reuters BIP Coding Group" action="confirmed" date="1997-05-11"/>
  </code>
  <code code="I42000">
    <editdetail attribution="Reuters BIP Coding Group" action="confirmed" date="1997-05-11"/>
  </code>
  <code code="I42700">
    <editdetail attribution="Reuters BIP Coding Group" action="confirmed" date="1997-05-11"/>
  </code>
  <code code="I50100">
    <editdetail attribution="Reuters BIP Coding Group" action="confirmed" date="1997-05-11"/>
  </code>
  <code code="I66500">
    <editdetail attribution="Reuters BIP Coding Group" action="confirmed" date="1997-05-11"/>
  </code>
  <code code="I81502">
    <editdetail attribution="Reuters BIP Coding Group" action="confirmed" date="1997-05-11"/>
  </code>
</codes>
<codes class="bip:topics:1.0">
  <code code="C15">
    <editdetail attribution="Reuters BIP Coding Group" action="confirmed" date="1997-05-11"/>
  </code>
  <code code="C151">
    <editdetail attribution="Reuters BIP Coding Group" action="confirmed" date="1997-05-11"/>
  </code>
  <code code="CCAT">
    <editdetail attribution="Reuters BIP Coding Group" action="confirmed" date="1997-05-11"/>
  </code>
</codes>
<dc element="dc.date.created" value="1996-05-12"/>
<dc element="dc.publisher" value="Reuters Holdings Plc"/>
<dc element="dc.date.published" value="1997-05-11"/>
<dc element="dc.source" value="Reuters"/>
<dc element="dc.creator.location" value="SYDNEY"/>
<dc element="dc.creator.location.country.name" value="AUSTRALIA"/>
<dc element="dc.source" value="Reuters"/>
</metadata>
</newsitem>
