<?xml version="1.0" encoding="iso-8859-1" ?>
<newsitem itemid="574608" id="root" date="1997-05-11" xml:lang="en">
<title>ARGENTINA: Argentine bourse head slams gov't-union labor deal.</title>
<headline>Argentine bourse head slams gov't-union labor deal.</headline>
<dateline>BUENOS AIRES 1997-05-11</dateline>
<text>
<p>The president of Buenos Aires stock exchange on Sunday blasted a government-union labour reform deal which had raised hopes of averting a looming general strike.</p>
<p>&quot;In principle it (the deal) is quite far from the points we had agreed upon at the Group of Eight (g8)&quot; main business lobbies, Julio Macchi, an influential business leader.</p>
<p>Macchi told Radio America the G8 wanted all special labor concessions for some unions abolished, wheras the deal announced Friday by the government and the CGT main union federation &quot;maintains the special statutes.&quot;  </p>
<p>The CGT threatens to launch a strike in May unless unions, the government and the business sector agree on labour reforms.</p>
<p>Three-way talks between the G8, the CGT and the government broke down in March over President Carlos Menem's plans to reform labor legislation as requested by the International Monetary Fund and the business community.</p>
<p>Cabinet chief Jorge Rodriguez Saturday called the agreement in principle a &quot;very positive&quot; development which should help reduce unemployment now standing at 17.3 percent.  </p>
<p>&quot;We hope that the agreements between government and unions will have the support of the business sector so that we can make headway in labor legislation modernization, which is a very important step towards improving work access for Argentines,&quot; he told a local radio station.</p>
<p>The CGT has said that if the G8 approved of the pact it might ditch its plans to call for a general strike sometime this month.</p>
<p>Macchi made clear his was only a preliminary reading and that the agreement would be scrutinized by G8 technicians. But he insisted some points represented &quot;a major step back.&quot;  </p>
<p>On Saturday, the hard-line Argentine Workers Center (CTA) called the accord, which reportedly includes an agreement to cut severance payment by 30 percent, unacceptable.</p>
<p>&quot;It is inadmissible that such a deal would not tackle the problem of unemployment,&quot; it said in a press release.</p>
<p>And the Business Unity Council of Buenos Aires, which gropus small entreprises in Argentina's main industrial belt, complained it was shut out of the talks despite representing &quot;the main sources of jobs in the country.&quot;</p>
<p>The government proposes swapping lump sum severance for unemployment insurance and allowing workers to make salary and labor condition deals directly with employers with no centralized union intervention. It is also pushing for a complete deregulation of the union-controlled private health system. ((--David Haskel, Buenos Aires Newsroom +541 318-0652))</p>
</text>
<copyright>(c) Reuters Limited 1997</copyright>
<metadata>
<codes class="bip:countries:1.0">
  <code code="ARG">
    <editdetail attribution="Reuters BIP Coding Group" action="confirmed" date="1997-05-11"/>
  </code>
</codes>
<codes class="bip:industries:1.0">
  <code code="I81502">
    <editdetail attribution="Reuters BIP Coding Group" action="confirmed" date="1997-05-11"/>
  </code>
  <code code="I83100">
    <editdetail attribution="Reuters BIP Coding Group" action="confirmed" date="1997-05-11"/>
  </code>
</codes>
<codes class="bip:topics:1.0">
  <code code="C13">
    <editdetail attribution="Reuters BIP Coding Group" action="confirmed" date="1997-05-11"/>
  </code>
  <code code="CCAT">
    <editdetail attribution="Reuters BIP Coding Group" action="confirmed" date="1997-05-11"/>
  </code>
  <code code="E41">
    <editdetail attribution="Reuters BIP Coding Group" action="confirmed" date="1997-05-11"/>
  </code>
  <code code="ECAT">
    <editdetail attribution="Reuters BIP Coding Group" action="confirmed" date="1997-05-11"/>
  </code>
  <code code="GCAT">
    <editdetail attribution="Reuters BIP Coding Group" action="confirmed" date="1997-05-11"/>
  </code>
  <code code="GJOB">
    <editdetail attribution="Reuters BIP Coding Group" action="confirmed" date="1997-05-11"/>
  </code>
  <code code="M11">
    <editdetail attribution="Reuters BIP Coding Group" action="confirmed" date="1997-05-11"/>
  </code>
  <code code="MCAT">
    <editdetail attribution="Reuters BIP Coding Group" action="confirmed" date="1997-05-11"/>
  </code>
</codes>
<dc element="dc.date.created" value="1997-05-11"/>
<dc element="dc.publisher" value="Reuters Holdings Plc"/>
<dc element="dc.date.published" value="1997-05-11"/>
<dc element="dc.source" value="Reuters"/>
<dc element="dc.creator.location" value="BUENOS AIRES"/>
<dc element="dc.creator.location.country.name" value="ARGENTINA"/>
<dc element="dc.source" value="Reuters"/>
</metadata>
</newsitem>
