<?xml version="1.0" encoding="iso-8859-1" ?>
<newsitem itemid="574626" id="root" date="1997-05-11" xml:lang="en">
<title>PERU: Japan PM visits foul-smelling Lima siege site.</title>
<headline>Japan PM visits foul-smelling Lima siege site.</headline>
<dateline>LIMA 1997-05-10</dateline>
<text>
<p>The blood was cleaned up but a putrid smell still hung in the air on Saturday as Japan's Prime Minister Ryutaro Hashimoto toured the burned-out ambassador's home where Tupac Amaru rebels held captives for 126 days.</p>
<p>The elegant white-brick mansion that housed Latin America's longest-ever hostage siege has turned into a rotting shell, littered with the debris of battle two weeks after Peruvian troops rescued 71 hostages in a violent raid.</p>
<p>The walls -- charred from explosions and riddled with bullet holes -- were testament to the bloody gunbattle that killed all 14 Tupac Amaru Revolutionary Movement (MRTA) rebels, one hostage and two commandos on April 22.</p>
<p>Built as a mockup of the antebellum home in &quot;Gone with the Wind,&quot; the colonnaded mansion in a quiet street of the upscale San Isidro district is now a filthy eye-sore, whose stench after weeks of being overun by rats refuses to die away.</p>
<p>&quot;It was really eerie, like going to a wake or something. Everything was burned black and the smell was horrible&quot; said Reuters photographer Eriko Sugita, who accompanied Hashimoto around the home.</p>
<p>Hashimoto inspected the battered ceiling and floor of the home's reception room, where commandoes exploded out of tunnels through the floor while the rebels played indoor soccer. He gingerly moved through the tall rooms strewn with broken doors and shattered windows.</p>
<p>Before moving outside, the Japanese leader -- on a one-day visit to Lima to thank President Alberto Fujimori for ending the crisis -- passed the grand stairwell where rebel leader Nestor Cerpa died in a hail of bullets.</p>
<p>With his score of dark-suited bodyguards, Hashimoto sedately strolled around the untended gardens. Beneath a now dirty-white marquee he sidestepped the still-upturned tables and battered Christmas tree used to decorate the ambassador's ill-fated lavish cocktail party.</p>
<p>Outside, in scenes reminiscent of the crisis, journalists jostled with security force officers to gain the best view of the compound and, evoking memories of provocative police tactics, a helicopter circled overhead.</p>
</text>
<copyright>(c) Reuters Limited 1997</copyright>
<metadata>
<codes class="bip:countries:1.0">
  <code code="JAP">
    <editdetail attribution="Reuters BIP Coding Group" action="confirmed" date="1997-05-11"/>
  </code>
  <code code="PERU">
    <editdetail attribution="Reuters BIP Coding Group" action="confirmed" date="1997-05-11"/>
  </code>
</codes>
<codes class="bip:topics:1.0">
  <code code="GCAT">
    <editdetail attribution="Reuters BIP Coding Group" action="confirmed" date="1997-05-11"/>
  </code>
  <code code="GDIP">
    <editdetail attribution="Reuters BIP Coding Group" action="confirmed" date="1997-05-11"/>
  </code>
  <code code="GVIO">
    <editdetail attribution="Reuters BIP Coding Group" action="confirmed" date="1997-05-11"/>
  </code>
</codes>
<dc element="dc.date.created" value="1997-05-10"/>
<dc element="dc.publisher" value="Reuters Holdings Plc"/>
<dc element="dc.date.published" value="1997-05-11"/>
<dc element="dc.source" value="Reuters"/>
<dc element="dc.creator.location" value="LIMA"/>
<dc element="dc.creator.location.country.name" value="PERU"/>
<dc element="dc.source" value="Reuters"/>
</metadata>
</newsitem>
