<?xml version="1.0" encoding="iso-8859-1" ?>
<newsitem itemid="574695" id="root" date="1997-05-11" xml:lang="en">
<title>JAPAN: ASEAN tells Japan they want less currency volatility.</title>
<headline>ASEAN tells Japan they want less currency volatility.</headline>
<dateline>FUKUOKA, Japan 1997-05-11</dateline>
<text>
<p>Finance officials of the Association of South East Asian Nations (ASEAN) said on Sunday that they would prefer less volatile foreign exchange rates, and Malaysia added it was concerned with the yen's rapid rise against the dollar.</p>
<p>In a meeting with Japanese Finance Minister Hiroshi Mitsuzuka, finance ministers of Indonesia, Thailand, the Philippines and the Malaysian finance ministry's secretary general said they were concerned at recent currency movements.</p>
<p>&quot;We are concerned with the movement in foreign exchange rates,&quot; Thai Finance Minister Amnuay Viravan told Mitsuzuka.</p>
<p>Philippine Finance Secretary Roberto de Ocampo agreed and Malaysia's Clifford Herbert said there should not be a too rapid rise in the yen against the dollar.</p>
<p>Japanes officials said Mitsuzuka gave no specific reply to ASEAN officials during a meeting on the sidelines of the 30th annual Asian Development Bank gathering.</p>
<p>The yen has risen sharply against the dollar in recent days, about six yen in the past week, to just below 120 to the dollar, on perceptions of a narrowing of U.S. and Japanese interest rates.</p>
<p>Asian currencies are loosely pegged to the U.S. dollar but some have recently shown strong synchronisation with the yen.</p>
<p>A stronger yen means Asian exports become cheaper and more competitive against Japanese rivals, but only if they can keep their own currencies from rising against the dollar.</p>
<p>Many ASEAN nations, such as Malaysia, also receive  yen loans from Japan's Official Development Assistance, and volatility in the yen makes it hard for it to plan its interest payments, Japanese officials said.</p>
<p>They said they had received similar calls for stability from ASEAN countries when the yen neared 80 to the dollar a couple of years ago.</p>
<p>But they added that none of the ministers mentioned specific levels for the dollar/yen at their meeting.</p>
</text>
<copyright>(c) Reuters Limited 1997</copyright>
<metadata>
<codes class="bip:countries:1.0">
  <code code="ASEAN">
    <editdetail attribution="Reuters BIP Coding Group" action="confirmed" date="1997-05-11"/>
  </code>
  <code code="INDON">
    <editdetail attribution="Reuters BIP Coding Group" action="confirmed" date="1997-05-11"/>
  </code>
  <code code="JAP">
    <editdetail attribution="Reuters BIP Coding Group" action="confirmed" date="1997-05-11"/>
  </code>
  <code code="MALAY">
    <editdetail attribution="Reuters BIP Coding Group" action="confirmed" date="1997-05-11"/>
  </code>
  <code code="PHLNS">
    <editdetail attribution="Reuters BIP Coding Group" action="confirmed" date="1997-05-11"/>
  </code>
  <code code="THAIL">
    <editdetail attribution="Reuters BIP Coding Group" action="confirmed" date="1997-05-11"/>
  </code>
</codes>
<codes class="bip:industries:1.0">
  <code code="I81501">
    <editdetail attribution="Reuters BIP Coding Group" action="confirmed" date="1997-05-11"/>
  </code>
  <code code="I8150106">
    <editdetail attribution="Reuters BIP Coding Group" action="confirmed" date="1997-05-11"/>
  </code>
</codes>
<codes class="bip:topics:1.0">
  <code code="E12">
    <editdetail attribution="Reuters BIP Coding Group" action="confirmed" date="1997-05-11"/>
  </code>
  <code code="ECAT">
    <editdetail attribution="Reuters BIP Coding Group" action="confirmed" date="1997-05-11"/>
  </code>
  <code code="M13">
    <editdetail attribution="Reuters BIP Coding Group" action="confirmed" date="1997-05-11"/>
  </code>
  <code code="M132">
    <editdetail attribution="Reuters BIP Coding Group" action="confirmed" date="1997-05-11"/>
  </code>
  <code code="MCAT">
    <editdetail attribution="Reuters BIP Coding Group" action="confirmed" date="1997-05-11"/>
  </code>
</codes>
<dc element="dc.date.created" value="1997-05-11"/>
<dc element="dc.publisher" value="Reuters Holdings Plc"/>
<dc element="dc.date.published" value="1997-05-11"/>
<dc element="dc.source" value="Reuters"/>
<dc element="dc.creator.location" value="FUKUOKA, Japan"/>
<dc element="dc.creator.location.country.name" value="JAPAN"/>
<dc element="dc.source" value="Reuters"/>
</metadata>
</newsitem>
