<?xml version="1.0" encoding="iso-8859-1" ?>
<newsitem itemid="574628" id="root" date="1997-05-11" xml:lang="en">
<title>AUSTRALIA: Australian bond yields higher as futures stalled.</title>
<headline>Australian bond yields higher as futures stalled.</headline>
<dateline>SYDNEY 1996-05-12</dateline>
<text>
<p>----------(Snapshot at 9.00 A.M./2300 GMT)------------------</p>
<p>FUTURES					  CASH YIELD</p>
<p>90-DAY BILLS  (JUN) 93.98  (- 0.02)    6.07    (UNCH)</p>
<p>3-YR T-BONDS  (JUN) 93.17  (- 0.02)    6.79    (+ 0.01)</p>
<p>10-YR T-BONDS (JUN) 92.290 (-0.030)    7.69    (+ 0.03)</p>
<p>AUD/USD  0.7760 (PREV 0.7782) US 30-YR  6.89   (- 0.05)</p>
<p>---------------------(May 12)-------------------------------</p>
<p>*Australian bond yields edged higher with the futures market running into resistance just after the opening and with little physical trade evident.</p>
<p>*March housing finance due at 11.30 a.m. (0130 GMT).  </p>
<p>Australian bond yields edged higher with the futures market running into resistance just after the opening and with little physical trade evident.</p>
<p>The June 10-year bond futures contract walked into a wall of resistance at 92.340, an area the market flirted with on Friday and levels not seen late February.</p>
<p>&quot;The market got smacked down at the opening, but there hasn't been any real (physical) flows to give a clue of outright direction at this stage,&quot; one trader said. &quot;The fall on the (U.S.) dollar hasn't had a direct impact as yet.&quot;</p>
<p>The U.S. dollar dropped sharply in early Asian trading.  </p>
<p>The U.S. dollar continued Friday's sell-off tumbling to a four-month low of 118 yen on aggressive Japanese selling.</p>
<p>The fall in the U.S. unit took the edge off a rally in U.S. Treasuries on Friday which followed remarks by Federal Reserve Chairman Alan Greenspan and were seen by some as hinting that the Fed may not hike rates later this month.</p>
<p>Locally, the key event will be Tuesday's 1997/98 Federal budget, which is expected to be market-friendly, not least because little or no net bond issuance is likely to be projected, analysts said.  </p>
<p>----------------------(SPREADS)---------------------------------</p>
<p> AUD VS   3-YR	   10-YR	* AUD 3-YR/10-YR SPREAD</p>
<p> USD	 38 (+ 01)   102 (+ 04) * FUTURES    89   (+ 05)</p>
<p> CAD	152 (+ 05)   113 (+ 09) * CASH	 92   (+ 04)</p>
<p> NZD	-74 (- 11)   +02 (- 01) *</p>
<p>----------------------------------------------------------------</p>
<p>The local market slightly underperformed against the U.S. in early trading ahead of the Tokyo opening. Canadian debt rallied strongly on Friday on fading fears of a U.S. tightening, while short dated New Zealand bond yields rose today after the RBNZ said it would prefer to see monetary conditions firm somewhat.  </p>
<p>------------------------(TECHNICALS)-------------------------</p>
<p>FUTURES	*SUP/RES     *SUP/RES 2ND *RSI    *MA-10 *MA-20</p>
<p>10-YEAR (JUN)*92.25-92.36 *92.18-92.41 *60 PCT *92.18 *92.15</p>
<p>3-YEAR  (JUN)*93.17-93.24 *93.11-93.28 *57 PCT *93.13 *93.13</p>
<p>90-DAY  (JUN)*93.97-94.01 *93.92-94.08 *48 PCT *94.03 *94.04</p>
<p>-------------------------------------------------------------</p>
<p>-- Colin Brinsden 61-2 9373-1800</p>
</text>
<copyright>(c) Reuters Limited 1997</copyright>
<metadata>
<codes class="bip:countries:1.0">
  <code code="AUSTR">
    <editdetail attribution="Reuters BIP Coding Group" action="confirmed" date="1997-05-11"/>
  </code>
</codes>
<codes class="bip:topics:1.0">
  <code code="M12">
    <editdetail attribution="Reuters BIP Coding Group" action="confirmed" date="1997-05-11"/>
  </code>
  <code code="MCAT">
    <editdetail attribution="Reuters BIP Coding Group" action="confirmed" date="1997-05-11"/>
  </code>
</codes>
<dc element="dc.date.created" value="1996-05-12"/>
<dc element="dc.publisher" value="Reuters Holdings Plc"/>
<dc element="dc.date.published" value="1997-05-11"/>
<dc element="dc.source" value="Reuters"/>
<dc element="dc.creator.location" value="SYDNEY"/>
<dc element="dc.creator.location.country.name" value="AUSTRALIA"/>
<dc element="dc.source" value="Reuters"/>
</metadata>
</newsitem>
