<?xml version="1.0" encoding="iso-8859-1" ?>
<newsitem itemid="574658" id="root" date="1997-05-11" xml:lang="en">
<title>AUSTRALIA: ICI says foreign company could make bid.</title>
<headline>ICI says foreign company could make bid.</headline>
<dateline>SYDNEY 1997-05-11</dateline>
<text>
<p>Chemicals group ICI Australia Ltd said on Sunday it was possible a foreign company could make a bid for it following plans by its British parent Imperial Chemical Industries Plc to sell its 62.4 percent sometime in July.</p>
<p>ICI Australia managing director Warren Haynes said on Sunday he was expecting foreign ownership of the company would be about 50 percent of the 62.4 percent stake ICI Plc is putting on the market if a competitor does not buy the whole company.</p>
</text>
<copyright>(c) Reuters Limited 1997</copyright>
<metadata>
<codes class="bip:countries:1.0">
  <code code="AUSTR">
    <editdetail attribution="Reuters BIP Coding Group" action="confirmed" date="1997-05-11"/>
  </code>
  <code code="UK">
    <editdetail attribution="Reuters BIP Coding Group" action="confirmed" date="1997-05-11"/>
  </code>
</codes>
<codes class="bip:industries:1.0">
  <code code="I25000">
    <editdetail attribution="Reuters BIP Coding Group" action="confirmed" date="1997-05-11"/>
  </code>
</codes>
<codes class="bip:topics:1.0">
  <code code="C18">
    <editdetail attribution="Reuters BIP Coding Group" action="confirmed" date="1997-05-11"/>
  </code>
  <code code="C181">
    <editdetail attribution="Reuters BIP Coding Group" action="confirmed" date="1997-05-11"/>
  </code>
  <code code="CCAT">
    <editdetail attribution="Reuters BIP Coding Group" action="confirmed" date="1997-05-11"/>
  </code>
</codes>
<dc element="dc.date.created" value="1997-05-11"/>
<dc element="dc.publisher" value="Reuters Holdings Plc"/>
<dc element="dc.date.published" value="1997-05-11"/>
<dc element="dc.source" value="Reuters"/>
<dc element="dc.creator.location" value="SYDNEY"/>
<dc element="dc.creator.location.country.name" value="AUSTRALIA"/>
<dc element="dc.source" value="Reuters"/>
</metadata>
</newsitem>
