<?xml version="1.0" encoding="iso-8859-1" ?>
<newsitem itemid="574642" id="root" date="1997-05-11" xml:lang="en">
<title>AUSTRALIA: Top 100 Australia companies by capitalisation.</title>
<headline>Top 100 Australia companies by capitalisation.</headline>
<dateline>SYDNEY 1996-05-12</dateline>
<text>
<p>Top 100 companies ranked by market capitalisation based on Friday's closing price.</p>
<p>Rank</p>
<p>This Last		    Mkt Cap   Last  Year   Year</p>
<p>Week Week  Name	  A$'000,000 Trade  High   Low</p>
<p>1    1  Broken Hill Pty   35766   18.00  18.97  16.45</p>
<p>2    2  Natl Aust Bank    27137   18.14  18.20  14.37</p>
<p>3    3  Commonwealth Bk   13395   14.40  14.42  11.94</p>
<p>4    4  Westpac Bkg	 13217    7.42   7.90   6.43</p>
<p>5    6  A N Z Bank	  12668    8.47   8.64   7.56</p>
<p>6    5  C R A		 12624   19.65  19.76  18.15</p>
<p>7    7  News Corp	   11779    6.04   7.11   5.65</p>
<p>8    8  WMC		    8914    7.93   8.45   7.50</p>
<p>9    9  Coca-Cola Am	 8107   14.75  15.25  11.00</p>
<p>10  11  Woodside Petrolm   7287   10.93  11.08   8.55</p>
<p>11  10  Coles Myer	   6961    6.42   6.46   4.93</p>
<p>12  12  Lend Lease Corp    6001   24.05  25.26  21.08</p>
<p>13  14  Amcor		  5488    8.65   8.67   7.79</p>
<p>14  13  Fosters Brew Grp   5142    2.62   2.74   2.47</p>
<p>15  15  Brambles Inds	5131   23.11  24.70  19.50</p>
<p>16  16  Carter Holt	  4927    2.85   3.08   2.55</p>
<p>17  17  CSR		    4813    4.77   5.00   4.25</p>
<p>18  18  Boral		  4415    3.87   3.95   3.36</p>
<p>19  19  Woolworths	   4374    3.91   3.98   2.99</p>
<p>20  21  Pioneer Intl	 3854    4.34   4.48   3.50</p>
<p>21  20  Comalco		3700    6.60   7.04   6.10</p>
<p>22  24  St George Bank     3581    8.13   8.18   7.20</p>
<p>23  23  Pacific Dunlop     3571    3.50   3.53   3.00</p>
<p>24  22  I C I Aust	   3424   11.55  13.40  10.80</p>
<p>25  25  Publish Broadcst   3326    6.58   6.92   5.82</p>
<p>26  26  National Mutual    3269    1.90   2.02   1.69</p>
<p>27  27  North Limited	3222    4.49   4.59   3.55</p>
<p>28  28  Brierley Invs	3132    1.17   1.27   1.11</p>
<p>29  29  Qantas		 3024    2.72   2.76   2.05</p>
<p>30  33  Santos		 2956    5.50   5.55   4.39</p>
<p>31  30  M.I.M. Hlds	  2850    1.74   1.90   1.61</p>
<p>32  31  Westfield Trust    2826    2.41   2.51   2.32</p>
<p>33  34  Southcorp Hldgs    2747    4.55   4.66   3.86</p>
<p>34  32  Gen Prop Tr	  2722    2.37   2.54   2.32</p>
<p>35  37  Wesfarmers	   2710   11.31  11.55   8.62</p>
<p>36  35  Normandy Min	 2609    1.62   1.85   1.54</p>
<p>37  38  John Fairfax	 2458    3.24   3.30   2.75</p>
<p>38  40  Westfield Hlds     2402   24.50  24.70  19.60</p>
<p>39  36  Mayne Nickless     2378    7.62   8.58   7.40</p>
<p>40  39  GIO Australian     2375    3.89   4.00   3.14</p>
<p>41  41  Aust Gas Light     2139    7.35   7.78   6.65</p>
<p>42  44  Howard Smith	 2124   11.41  11.57   9.76</p>
<p>43  42  QBE Insurance	2104    7.20   7.40   6.08</p>
<p>44  43  Goodman Fielder    2048    1.65   1.75   1.47</p>
<p>45  46  Pasminco	     1972    2.48   2.62   1.89</p>
<p>46  45  Tabcorp Holdings   1863    6.15   6.50   5.55</p>
<p>47  47  Lion Nathan Ltd    1709    3.12   3.40   2.80</p>
<p>48  48  Hardie Inds	  1648    4.15   4.15   3.50</p>
<p>49  52  Crown		  1563    2.15   2.80   1.91</p>
<p>50  49  Leighton Hlds	1492    5.75   6.00   4.93</p>
<p>51  53  Seven Network	1430    4.89   5.00   4.05</p>
<p>52  50  Macquarie Bank     1396    9.22   9.60   8.07</p>
<p>53  51  Oil Search	   1334    2.85   3.12   2.37</p>
<p>54  56  Aust Foundation    1323    2.27   2.32   2.01</p>
<p>55  54  Email		  1241    4.23   4.42   3.67</p>
<p>56  55  Bk Of Melbourne    1236    9.33   9.75   8.01</p>
<p>57  57  Soul Pattinson     1217   50.98  59.50  49.00</p>
<p>58  58  Arnotts		1197    8.60   9.01   8.26</p>
<p>59  61  Metway Bank	  1141    5.95   6.00   5.36</p>
<p>60  59  A Natl Inds	  1127    1.43   1.51   1.18</p>
<p>61  60  Burns,Philp &amp; Co   1124    2.15   2.24   1.90</p>
<p>62  67  Renison Goldflds   1069    5.10   5.55   4.40</p>
<p>63  65  Stockland Tr Grp   1065    3.25   3.35   3.09</p>
<p>64  63  QCT Resources	1064    1.63   1.81   1.51</p>
<p>65  62  QNI Ltd		1031    2.50   2.74   2.27</p>
<p>66  64  West Aust News     1021    5.31   5.52   5.01</p>
<p>67  66  Rothmans	     1013    8.31   8.96   8.02</p>
<p>68  68  FH Faulding	   988    7.85   8.70   7.16</p>
<p>69  73  CSL Limited	   949    7.30   7.35   5.68</p>
<p>70  75  Placer Pacific	940    1.50   1.85   1.40</p>
<p>71  71  Plutonic Rsc	  928    4.95   5.95   4.50</p>
<p>72  76  Lihir Gold	    925    2.40   2.44   1.98</p>
<p>73  84  Futuris Corp	  901    2.10   2.10   1.70</p>
<p>74  72  Village Roadshow    889    4.40   5.25   4.01</p>
<p>75  70  Winterthur Intl     878    2.80   3.30   2.68</p>
<p>76  80  Energy Rsc	    871    6.10   6.15   5.50</p>
<p>77  74  Weston (George)     862    7.95   9.10   7.25</p>
<p>78  79  Syd Hrbr Casino     861    2.22   2.45   1.84</p>
<p>79  87  Franked Incm-Un     850    3.51   3.53   2.52</p>
<p>80  82  Capral Aliminium    848    4.58   4.85   3.75</p>
<p>81  78  Cortecs Intl	  842    5.55   5.90   3.70</p>
<p>82  81  Amalgamated Hlds    830    6.94   7.06   5.60</p>
<p>83  85  PMP Comms	     813    3.23   3.69   2.98</p>
<p>84  77  Orogen Minerals     805    2.87   3.51   2.76</p>
<p>85  69  Newcrest Mining     793    3.35   5.40   3.35</p>
<p>86  86  Caltex Aust	   765    4.25   4.60   4.14</p>
<p>87  83  Schroder Prop	 763    2.13   2.39   2.12</p>
<p>88  88  Foodland		737    7.65   7.84   5.90</p>
<p>89  98  Aust Con Inv	  715    0.60   0.70   0.39</p>
<p>90  93  Jupiters Ltd	  705    2.92   3.02   2.48</p>
<p>91  91  Incitec		 692    6.35   6.78   5.93</p>
<p>92  94  Argo Inv		687    2.84   2.93   2.66</p>
<p>93  89  Hoyts Cinemas	 686    2.81   3.05   2.50</p>
<p>94  96  Gandel Retail Tr    679    0.94   0.96   0.86</p>
<p>95  92  Simsmetal Ltd	 673    8.39   8.60   6.98</p>
<p>96 100  Resolute Sam	  663    2.58   3.12   2.34</p>
<p>97 101  Harvey Norman	 651    6.80   6.85   5.70</p>
<p>98  99  Savage Rsc	    638    1.23   1.45   1.18</p>
<p>99 103  Pacific BBA	   638    4.88   5.05   4.19</p>
<p>100 90  Great Central	 635    2.50   3.55   2.37</p>
<p>--Sydney Newsroom 61-2 9373-1800</p>
</text>
<copyright>(c) Reuters Limited 1997</copyright>
<metadata>
<codes class="bip:countries:1.0">
  <code code="AUSTR">
    <editdetail attribution="Reuters BIP Coding Group" action="confirmed" date="1997-05-11"/>
  </code>
</codes>
<codes class="bip:industries:1.0">
  <code code="I02000">
    <editdetail attribution="Reuters BIP Coding Group" action="confirmed" date="1997-05-11"/>
  </code>
  <code code="I13000">
    <editdetail attribution="Reuters BIP Coding Group" action="confirmed" date="1997-05-11"/>
  </code>
  <code code="I1300003">
    <editdetail attribution="Reuters BIP Coding Group" action="confirmed" date="1997-05-11"/>
  </code>
  <code code="I21000">
    <editdetail attribution="Reuters BIP Coding Group" action="confirmed" date="1997-05-11"/>
  </code>
  <code code="I24000">
    <editdetail attribution="Reuters BIP Coding Group" action="confirmed" date="1997-05-11"/>
  </code>
  <code code="I35300">
    <editdetail attribution="Reuters BIP Coding Group" action="confirmed" date="1997-05-11"/>
  </code>
  <code code="I42700">
    <editdetail attribution="Reuters BIP Coding Group" action="confirmed" date="1997-05-11"/>
  </code>
  <code code="I42800">
    <editdetail attribution="Reuters BIP Coding Group" action="confirmed" date="1997-05-11"/>
  </code>
  <code code="I47100">
    <editdetail attribution="Reuters BIP Coding Group" action="confirmed" date="1997-05-11"/>
  </code>
  <code code="I47500">
    <editdetail attribution="Reuters BIP Coding Group" action="confirmed" date="1997-05-11"/>
  </code>
  <code code="I64100">
    <editdetail attribution="Reuters BIP Coding Group" action="confirmed" date="1997-05-11"/>
  </code>
  <code code="I65600">
    <editdetail attribution="Reuters BIP Coding Group" action="confirmed" date="1997-05-11"/>
  </code>
  <code code="I6560002">
    <editdetail attribution="Reuters BIP Coding Group" action="confirmed" date="1997-05-11"/>
  </code>
  <code code="I81402">
    <editdetail attribution="Reuters BIP Coding Group" action="confirmed" date="1997-05-11"/>
  </code>
  <code code="I83960">
    <editdetail attribution="Reuters BIP Coding Group" action="confirmed" date="1997-05-11"/>
  </code>
  <code code="I85000">
    <editdetail attribution="Reuters BIP Coding Group" action="confirmed" date="1997-05-11"/>
  </code>
  <code code="I97100">
    <editdetail attribution="Reuters BIP Coding Group" action="confirmed" date="1997-05-11"/>
  </code>
</codes>
<codes class="bip:topics:1.0">
  <code code="C15">
    <editdetail attribution="Reuters BIP Coding Group" action="confirmed" date="1997-05-11"/>
  </code>
  <code code="C152">
    <editdetail attribution="Reuters BIP Coding Group" action="confirmed" date="1997-05-11"/>
  </code>
  <code code="CCAT">
    <editdetail attribution="Reuters BIP Coding Group" action="confirmed" date="1997-05-11"/>
  </code>
  <code code="M11">
    <editdetail attribution="Reuters BIP Coding Group" action="confirmed" date="1997-05-11"/>
  </code>
  <code code="MCAT">
    <editdetail attribution="Reuters BIP Coding Group" action="confirmed" date="1997-05-11"/>
  </code>
</codes>
<dc element="dc.date.created" value="1996-05-12"/>
<dc element="dc.publisher" value="Reuters Holdings Plc"/>
<dc element="dc.date.published" value="1997-05-11"/>
<dc element="dc.source" value="Reuters"/>
<dc element="dc.creator.location" value="SYDNEY"/>
<dc element="dc.creator.location.country.name" value="AUSTRALIA"/>
<dc element="dc.source" value="Reuters"/>
</metadata>
</newsitem>
