<?xml version="1.0" encoding="iso-8859-1" ?>
<newsitem itemid="574677" id="root" date="1997-05-11" xml:lang="en">
<title>SINGAPORE: Singapore Initial Public Offerings - May 12.</title>
<headline>Singapore Initial Public Offerings - May 12.</headline>
<dateline>SINGAPORE 1996-05-12</dateline>
<text>
<p>Following is a list of expected initial public share offerings (IPOs) in Singapore.</p>
<p>* Stock Exchange of Singapore (SES) approval granted</p>
<p>===========================================================</p>
<p>  COMPANY	  SHRS     CURRENCY/   EXPECTED OPEN/  LEAD</p>
<p>		     (MLN)	PRICE	 LIST DATE</p>
<p>===========================================================</p>
<p>  Amara Holdings  --	   --		--	    --</p>
<p>(Amara Holdings Ltd is a hotel company.)</p>
<p>-----------------------------------------------------------</p>
<p>  Benefun	   --	   --		May	   --</p>
<p>(Fashion products retailer Befun International Holdings Ltd, a subsidiary of Singapore's Heshe Holdings, is expected to seek a primary listing in Hong Kong and a secondary listing in Singapore.)</p>
<p>-----------------------------------------------------------</p>
<p>  GES Singapore   --	   S$		--	    --</p>
<p>(GES Singapore Pte Ltd makes personal computers.)</p>
<p>-----------------------------------------------------------</p>
<p>  Huan Hsin	 --	  US$		--	   OCBC</p>
<p>(Taiwan telephone cord and accessories group Huan Hsin Holdings is expected to seek a listing on the main board of the SES, with part of the proceeds used to finance business expansion.)</p>
<p>-----------------------------------------------------------</p>
<p>  Inchcape	  --	   S$		--	    --</p>
<p>(Trading group Inchcape Berhad said it wants to list its marketing services group on the main board of the SES)</p>
<p>-----------------------------------------------------------</p>
<p>  *Poh Lian	 54	S$0.42	    May 15	UOB</p>
<p>(Integrated access equipment supplier Poh Lian Holdings will list on the SES main board. It said the net proceeds of about S$21 million would support efforts to expand selectively in high growth economies such as Malaysia and China.)</p>
<p>-----------------------------------------------------------</p>
<p>  Raffles Hldngs  --	  S$	     H2 1997	 --</p>
<p>(Raffles Holdings is the hotel arm of DBS Land and manages Singapore's Raffles Hotel.)</p>
<p>-----------------------------------------------------------</p>
<p>  Sinochem	  --	  --		 --	   UOB</p>
<p>(Sinochem Asia Holdings is an arm of the Chinese state oil and commodities company Sinochem. The company has applied to the SES for a listing, but recently said it has suspended the listing plan indefinitely.)</p>
<p>-----------------------------------------------------------</p>
<p>  Transtech Elec  --	  S$	     Q3 1997	 --</p>
<p>(Contract manufacturer Transtech Electronics Pte Ltd hopes to raise about S$18 million from an IPO expected around August. It will seek an SES mainboard listing.)</p>
<p>-----------------------------------------------------------</p>
<p>  *Tye Soon Ltd   60     S$0.31	     May 19     Stan Chart</p>
<p>(Vehicle parts distributor Tye Soon Pte Ltd said net proceeds of about S$18.7 million would be used to expand operations in Malaysia, build additional space in Singapore, and repay loans.)</p>
<p>-----------------------------------------------------------</p>
<p>  Winbox Holdings --	   --		--	    OCBC</p>
<p>(Winbox Holdings Pte Ltd carries out the packaging business of Hong Kong-based Goodwill Investment (Holdings) Ltd and has applied to list on the foreign board of the SES).</p>
<p>-----------------------------------------------------------</p>
<p>  Wireless Com    --	  --		 --	    --</p>
<p>(Mobile phone operator Wireless Communications Service, 45 percent owned by Thailand-based Total Access Communication, is reportedly considering a listing on the foreign board of the Stock Exchange of Singapore.)</p>
<p>===========================================================</p>
<p>-- Singapore newsroom (65-8703199) (Fax 65-7768112)</p>
</text>
<copyright>(c) Reuters Limited 1997</copyright>
<metadata>
<codes class="bip:countries:1.0">
  <code code="SINGP">
    <editdetail attribution="Reuters BIP Coding Group" action="confirmed" date="1997-05-11"/>
  </code>
</codes>
<codes class="bip:industries:1.0">
  <code code="I13000">
    <editdetail attribution="Reuters BIP Coding Group" action="confirmed" date="1997-05-11"/>
  </code>
  <code code="I32000">
    <editdetail attribution="Reuters BIP Coding Group" action="confirmed" date="1997-05-11"/>
  </code>
  <code code="I34410">
    <editdetail attribution="Reuters BIP Coding Group" action="confirmed" date="1997-05-11"/>
  </code>
  <code code="I45300">
    <editdetail attribution="Reuters BIP Coding Group" action="confirmed" date="1997-05-11"/>
  </code>
  <code code="I65100">
    <editdetail attribution="Reuters BIP Coding Group" action="confirmed" date="1997-05-11"/>
  </code>
  <code code="I83960">
    <editdetail attribution="Reuters BIP Coding Group" action="confirmed" date="1997-05-11"/>
  </code>
  <code code="I85000">
    <editdetail attribution="Reuters BIP Coding Group" action="confirmed" date="1997-05-11"/>
  </code>
</codes>
<codes class="bip:topics:1.0">
  <code code="C14">
    <editdetail attribution="Reuters BIP Coding Group" action="confirmed" date="1997-05-11"/>
  </code>
  <code code="C17">
    <editdetail attribution="Reuters BIP Coding Group" action="confirmed" date="1997-05-11"/>
  </code>
  <code code="C171">
    <editdetail attribution="Reuters BIP Coding Group" action="confirmed" date="1997-05-11"/>
  </code>
  <code code="CCAT">
    <editdetail attribution="Reuters BIP Coding Group" action="confirmed" date="1997-05-11"/>
  </code>
</codes>
<dc element="dc.date.created" value="1996-05-12"/>
<dc element="dc.publisher" value="Reuters Holdings Plc"/>
<dc element="dc.date.published" value="1997-05-11"/>
<dc element="dc.source" value="Reuters"/>
<dc element="dc.creator.location" value="SINGAPORE"/>
<dc element="dc.creator.location.country.name" value="SINGAPORE"/>
<dc element="dc.source" value="Reuters"/>
</metadata>
</newsitem>
