<?xml version="1.0" encoding="iso-8859-1" ?>
<newsitem itemid="574614" id="root" date="1997-05-11" xml:lang="en">
<title>COLOMBIA: Four dead in Medellin cab, gunmen slay three others.</title>
<headline>Four dead in Medellin cab, gunmen slay three others.</headline>
<dateline>BOGOTA 1997-05-11</dateline>
<text>
<p>Unidentified assassins killed seven people in two separate attacks in the notoriously-violent northwest Colombian city of Medellin, police said on Sunday.</p>
<p>Three men and a woman were found dead in the back of a taxi late on Saturday evening in a western district of the city, Colombia's third largest.</p>
<p>A police spokesman said the four were bound hand and foot and had been tortured before being strangled.</p>
<p>Two men and a 16-year-old boy were shot to death by suspected urban guerrillas in an eastern suburb of Medellin early on Sunday. A fourth man was injured, the police spokesman said.</p>
<p>Medellin with a population of about 1.5 million has one of the highest murder rates in the world. Last year more than 5,000 people were murdered there.</p>
</text>
<copyright>(c) Reuters Limited 1997</copyright>
<metadata>
<codes class="bip:countries:1.0">
  <code code="COL">
    <editdetail attribution="Reuters BIP Coding Group" action="confirmed" date="1997-05-11"/>
  </code>
</codes>
<codes class="bip:topics:1.0">
  <code code="GCAT">
    <editdetail attribution="Reuters BIP Coding Group" action="confirmed" date="1997-05-11"/>
  </code>
  <code code="GCRIM">
    <editdetail attribution="Reuters BIP Coding Group" action="confirmed" date="1997-05-11"/>
  </code>
</codes>
<dc element="dc.date.created" value="1997-05-11"/>
<dc element="dc.publisher" value="Reuters Holdings Plc"/>
<dc element="dc.date.published" value="1997-05-11"/>
<dc element="dc.source" value="Reuters"/>
<dc element="dc.creator.location" value="BOGOTA"/>
<dc element="dc.creator.location.country.name" value="COLOMBIA"/>
<dc element="dc.source" value="Reuters"/>
</metadata>
</newsitem>
