<?xml version="1.0" encoding="iso-8859-1" ?>
<newsitem itemid="574607" id="root" date="1997-05-11" xml:lang="en">
<title>COLOMBIA: Colombia ex-prosecutor denies being &quot;U.S. puppet&quot;.</title>
<headline>Colombia ex-prosecutor denies being &quot;U.S. puppet&quot;.</headline>
<dateline>BOGOTA 1997-05-11</dateline>
<text>
<p>Colombia's former chief prosecutor, who quit his post last week to prepare a bid for the presidency, rejected criticism that he was a puppet of the United States, in a newspaper interview on Sunday.</p>
<p>Alfonso Valdivieso, who resigned last Thursday after two-and-a-half years as the nation's top lawman, has been accused by his critics in Congress of &quot;bowing to the whims of U.S. imperialism.&quot;</p>
<p>He became a firm favorite with Washington for his crusade against corruption in the upper echelons of Colombian politics and for his outspoken support for tougher anti-drug measures, including the so-far unsuccessful move to lift Colombia's six-year ban on extradition.</p>
<p>&quot;The argument has been perversely twisted ... There has not been a single expression by the chief prosecutor's office that was due to pressure from the United States,&quot; Valdivieso told the respected regional El Pais newspaper.</p>
<p>The day after Valdivieso's resignation, U.S. ambassador to Bogota, Myles Frechette, said he had lost an &quot;ally&quot; in the prosecutor's office but, in what was interpreted as a gesture of tacit support, wished the outgoing official the &quot;best of luck&quot; for the presidential elections in May 1998.</p>
<p>Valdivieso, a member of the ruling Liberal Party, has consistently come out ahead in national polls of voter preferences.</p>
<p>He has, however, shunned the backing of his party leadership and said he will run as an independent -- a move that threatens to end a long-standing tradition of two-party politics where Liberals and Conservatives alternated in power.</p>
<p>&quot;I'm not calling on the party machinery. Quite the contrary, I'm ignoring it and even challenging it. Now is not the time for party politics,&quot; Valdivieso told El Pais.</p>
<p>In a forceful rebuttal to his critics, Valdivieso also accused President Ernesto Samper of caving in to U.S. pressures.</p>
<p>&quot;The government's actions against drug crop cultivation, trafficking and other drug issues were largely the product of U.S. pressure,&quot; the former chief prosecutor said.</p>
<p>Valdivieso's relationship with Samper, and other former senior politicians, has been rocky at best. He earned many public enemies by heading the so-called 8,000 Process, which investigated claims that Samper financed his 1994 election campaign with millions of dollars of cocaine cash.</p>
</text>
<copyright>(c) Reuters Limited 1997</copyright>
<metadata>
<codes class="bip:countries:1.0">
  <code code="COL">
    <editdetail attribution="Reuters BIP Coding Group" action="confirmed" date="1997-05-11"/>
  </code>
  <code code="USA">
    <editdetail attribution="Reuters BIP Coding Group" action="confirmed" date="1997-05-11"/>
  </code>
</codes>
<codes class="bip:topics:1.0">
  <code code="GCAT">
    <editdetail attribution="Reuters BIP Coding Group" action="confirmed" date="1997-05-11"/>
  </code>
  <code code="GCRIM">
    <editdetail attribution="Reuters BIP Coding Group" action="confirmed" date="1997-05-11"/>
  </code>
  <code code="GDIP">
    <editdetail attribution="Reuters BIP Coding Group" action="confirmed" date="1997-05-11"/>
  </code>
  <code code="GPOL">
    <editdetail attribution="Reuters BIP Coding Group" action="confirmed" date="1997-05-11"/>
  </code>
</codes>
<dc element="dc.date.created" value="1997-05-11"/>
<dc element="dc.publisher" value="Reuters Holdings Plc"/>
<dc element="dc.date.published" value="1997-05-11"/>
<dc element="dc.source" value="Reuters"/>
<dc element="dc.creator.location" value="BOGOTA"/>
<dc element="dc.creator.location.country.name" value="COLOMBIA"/>
<dc element="dc.source" value="Reuters"/>
</metadata>
</newsitem>
