<?xml version="1.0" encoding="iso-8859-1" ?>
<newsitem itemid="574792" id="root" date="1997-05-11" xml:lang="en">
<title>BAHRAIN: Aluminium Bahrain in $23.6 mln shipping terminal.</title>
<headline>Aluminium Bahrain in $23.6 mln shipping terminal.</headline>
<dateline>MANAMA 1997-05-11</dateline>
<text>
<p>Aluminium Bahrain BSC (Alba) said work had started on an 8.9 million dinar ($23.6 million) project to build a shipping terminal to handle liquid pitch.</p>
<p>An Alba newsletter said the project was in line with the company's plan to switch to the more environmentally-friendly liquid form of the raw material.</p>
<p>Alba, the biggest aluminium producer in the Middle East, has invested $250 million in advanced fume treatment systems to minimise the environmental impact of its operations.</p>
<p>The terminal is being built alongside existing facilities handling alumina and petroleum coke. Solid pitch is mixed with petroleum coke to make the anodes used in the production of aluminium.</p>
<p>Alba, which currently consumes 45,000 tonnes of pitch a year, said the terminal was due to be completed in May 1998.</p>
<p>With production capacity of more than 460,000 tonnes a year, the smelter is 77 percent owned by the Bahraini government and 20 percent by Saudi Arabia's Public Investment Fund. German group Breton Investments holds the rest.</p>
<p>($1 = 0.377 dinar)</p>
</text>
<copyright>(c) Reuters Limited 1997</copyright>
<metadata>
<codes class="bip:countries:1.0">
  <code code="BAHRN">
    <editdetail attribution="Reuters BIP Coding Group" action="confirmed" date="1997-05-11"/>
  </code>
</codes>
<codes class="bip:industries:1.0">
  <code code="I22450">
    <editdetail attribution="Reuters BIP Coding Group" action="confirmed" date="1997-05-11"/>
  </code>
</codes>
<codes class="bip:topics:1.0">
  <code code="C11">
    <editdetail attribution="Reuters BIP Coding Group" action="confirmed" date="1997-05-11"/>
  </code>
  <code code="C24">
    <editdetail attribution="Reuters BIP Coding Group" action="confirmed" date="1997-05-11"/>
  </code>
  <code code="CCAT">
    <editdetail attribution="Reuters BIP Coding Group" action="confirmed" date="1997-05-11"/>
  </code>
</codes>
<dc element="dc.date.created" value="1997-05-11"/>
<dc element="dc.publisher" value="Reuters Holdings Plc"/>
<dc element="dc.date.published" value="1997-05-11"/>
<dc element="dc.source" value="Reuters"/>
<dc element="dc.creator.location" value="MANAMA"/>
<dc element="dc.creator.location.country.name" value="BAHRAIN"/>
<dc element="dc.source" value="Reuters"/>
</metadata>
</newsitem>
