<?xml version="1.0" encoding="iso-8859-1" ?>
<newsitem itemid="574781" id="root" date="1997-05-11" xml:lang="en">
<title>ABU DHABI: UAE Central Bank urges bourse open to foreigners.</title>
<headline>UAE Central Bank urges bourse open to foreigners.</headline>
<dateline>ABU DHABI 1997-05-11</dateline>
<text>
<p>The UAE Central Bank has proposed to the cabinet that foreigners be allowed to own up to 49 percent of companies listed on the long-awaited official stock market, its governor said on Sunday.</p>
<p>&quot;We proposed allowing foreigners to own a percentage of local shares not exceeding the 49 percent allowed to foreigners under the company law,&quot; Sultan Nasser al-Suweidi told reporters on the sidelines of a meeting of Arab finance ministers and central bankers.</p>
<p>&quot;A draft law prepared by the Central Bank is one of three submitted to the cabinet,&quot; he added.</p>
<p>About three-quarters of the UAE's 2.4 million people are foreigners who have been excluded from the market.</p>
<p>For years, the UAE has been working on setting up an official exchange to replace the current system of trading through a handful of brokers and banks.</p>
<p>Last week, Dubai's Emirates Bank International (EBI) said it would launch in June the country's first equity fund, which would allow 20 percent foreign ownership.</p>
<p>($1=3.67 dirhams)</p>
</text>
<copyright>(c) Reuters Limited 1997</copyright>
<metadata>
<codes class="bip:countries:1.0">
  <code code="UAE">
    <editdetail attribution="Reuters BIP Coding Group" action="confirmed" date="1997-05-11"/>
  </code>
</codes>
<codes class="bip:industries:1.0">
  <code code="I81502">
    <editdetail attribution="Reuters BIP Coding Group" action="confirmed" date="1997-05-11"/>
  </code>
  <code code="I83100">
    <editdetail attribution="Reuters BIP Coding Group" action="confirmed" date="1997-05-11"/>
  </code>
</codes>
<codes class="bip:topics:1.0">
  <code code="C13">
    <editdetail attribution="Reuters BIP Coding Group" action="confirmed" date="1997-05-11"/>
  </code>
  <code code="CCAT">
    <editdetail attribution="Reuters BIP Coding Group" action="confirmed" date="1997-05-11"/>
  </code>
  <code code="E12">
    <editdetail attribution="Reuters BIP Coding Group" action="confirmed" date="1997-05-11"/>
  </code>
  <code code="E51">
    <editdetail attribution="Reuters BIP Coding Group" action="confirmed" date="1997-05-11"/>
  </code>
  <code code="E511">
    <editdetail attribution="Reuters BIP Coding Group" action="confirmed" date="1997-05-11"/>
  </code>
  <code code="ECAT">
    <editdetail attribution="Reuters BIP Coding Group" action="confirmed" date="1997-05-11"/>
  </code>
  <code code="M11">
    <editdetail attribution="Reuters BIP Coding Group" action="confirmed" date="1997-05-11"/>
  </code>
  <code code="MCAT">
    <editdetail attribution="Reuters BIP Coding Group" action="confirmed" date="1997-05-11"/>
  </code>
</codes>
<dc element="dc.date.created" value="1997-05-11"/>
<dc element="dc.publisher" value="Reuters Holdings Plc"/>
<dc element="dc.date.published" value="1997-05-11"/>
<dc element="dc.source" value="Reuters"/>
<dc element="dc.creator.location" value="ABU DHABI"/>
<dc element="dc.creator.location.country.name" value="ABU DHABI"/>
<dc element="dc.source" value="Reuters"/>
</metadata>
</newsitem>
