<?xml version="1.0" encoding="iso-8859-1" ?>
<newsitem itemid="574743" id="root" date="1997-05-11" xml:lang="en">
<title>CHINA: China's Tianjin launches $566 mln port expansion.</title>
<headline>China's Tianjin launches $566 mln port expansion.</headline>
<dateline>BEIJING 1997-05-11</dateline>
<text>
<p>China's northern city of Tianjin has launched a 4.7 billion yuan ($566 million) expansion of its port to boost handling capacity, the Xinhua news agency said.</p>
<p>The expansion would add five multi-function berths, five bulk carrier and specialised liquefied chemical berths and two international passenger berths, Xinhua said in a Saturday report.</p>
<p>Listed as a key state project in the Ninth Five-Year Plan (1996-2000), the expansion would include dredging the port's main navigation channel.</p>
<p>The first phase of the project would include transforming and expanding three berths of a barge terminal and a salt terminal, raising their handling capacity to 1.2 million tonnes, it said. It did not give their current capacity.</p>
<p>The terminals would be able to handle bulk and sundry goods carriers upon completion of the first phase, it said, but gave no further details. ($1 = 8.3 yuan)</p>
<p>-- Beijing Newsroom (8610) 6532-1921</p>
</text>
<copyright>(c) Reuters Limited 1997</copyright>
<metadata>
<codes class="bip:countries:1.0">
  <code code="CHINA">
    <editdetail attribution="Reuters BIP Coding Group" action="confirmed" date="1997-05-11"/>
  </code>
</codes>
<codes class="bip:industries:1.0">
  <code code="I50200">
    <editdetail attribution="Reuters BIP Coding Group" action="confirmed" date="1997-05-11"/>
  </code>
  <code code="I5020017">
    <editdetail attribution="Reuters BIP Coding Group" action="confirmed" date="1997-05-11"/>
  </code>
  <code code="I76300">
    <editdetail attribution="Reuters BIP Coding Group" action="confirmed" date="1997-05-11"/>
  </code>
</codes>
<codes class="bip:topics:1.0">
  <code code="C13">
    <editdetail attribution="Reuters BIP Coding Group" action="confirmed" date="1997-05-11"/>
  </code>
  <code code="C24">
    <editdetail attribution="Reuters BIP Coding Group" action="confirmed" date="1997-05-11"/>
  </code>
  <code code="CCAT">
    <editdetail attribution="Reuters BIP Coding Group" action="confirmed" date="1997-05-11"/>
  </code>
</codes>
<dc element="dc.date.created" value="1997-05-11"/>
<dc element="dc.publisher" value="Reuters Holdings Plc"/>
<dc element="dc.date.published" value="1997-05-11"/>
<dc element="dc.source" value="Reuters"/>
<dc element="dc.creator.location" value="BEIJING"/>
<dc element="dc.creator.location.country.name" value="CHINA"/>
<dc element="dc.source" value="Reuters"/>
</metadata>
</newsitem>
