<?xml version="1.0" encoding="iso-8859-1" ?>
<newsitem itemid="574740" id="root" date="1997-05-11" xml:lang="en">
<title>CHINA: FEATURE - Hangzhou is China's little bit of heaven.</title>
<headline>FEATURE - Hangzhou is China's little bit of heaven.</headline>
<byline>Lynne O'Donnell</byline>
<dateline>HANGZHOU, China 1997-05-11</dateline>
<text>
<p>Heaven and Hangzhou are difficult to tell apart, goes the old Chinese saying.</p>
<p>And heaven for China's tourism officials is written in the numbers they see when totting up receipts from the 10.4 million visitors who flock to the ancient capital each year.</p>
<p>&quot;Hangzhou's scenery is like a traditional Chinese ink and water painting,&quot; said Bu Zhaohui, vice director and chief engineer of the Hangzhou Garden and Relic Administration, and director of the Hangzhou Scenery Garden Society.</p>
<p>&quot;Hangzhou is China's most Chinese city,&quot; he told foreign reporters on a recent boat cruise on West Lake.</p>
<p>Hangzhou came into its own as a major trading port in the early 12th Century, when it became the capital of the Southern Song Dynasty, and remained so until the mid-19th century when it was reduced to rubble during the Taiping Rebellion.</p>
<p>Italian explorer Marco Polo described Hangzhou, when he passed through in the 13th Century, as one of the world's most splendid cities. It remains famous for its tea and silk.</p>
<p>ABOVE US IS HEAVEN, EARTH HAS HANGZHOU AND SUZHOU</p>
<p>Hangzhou is often coupled on the tourist trail with nearby Suzhou, both major drawcards for the tourism industry of east China.</p>
<p>&quot;Above us is heaven, here on earth we have Hangzhou and Suzhou,&quot; is the oft-repeated refrain when either is mentioned.</p>
<p>Hangzhou is the star of Zhejiang's tourism industry, the sixth biggest in China, according to Yao Shenghou, the deputy director of the Zhejiang Provincial Travel and Tourism Bureau.</p>
<p>Tourism accounts for 6.2 percent of the province's gross domestic product (GDP), earning Zhejiang a total of 27.1 billion yuan ($3.265 billion) in 1996, official figures show.</p>
<p>Earnings from overseas visitors alone in 1996 were $292 million, up 23.7 percent on the 1995 figure, Yao said. Foreign visitors in 1996 totalled 729,000, 8.4 percent up on 1995.</p>
<p>The number of Chinese who visited Zhejiang rose in 1996 by 5.1 percent over 1995, he said, to 37.73 million, earning the province 23.2 billion yuan, up 15 percent on 1995.</p>
<p>Of these, 10 million Chinese and 400,000 foreigners went to Hangzhou and all of them visited West Lake, Hangzhou's Bu said.</p>
<p>WEST LAKE: THE JEWEL IN HANGZHOU'S CROWN</p>
<p>Hangzhou's major natural asset, the 3,000-year-old West Lake, is indeed beautiful, changing colour often with the mood of the hills that surround it and the sky that hangs heavy overhead.</p>
<p>&quot;Hangzhou has more days of sunshine than rain, but people say West Lake is more beautiful when it rains because of the dreamy quality the mist brings,&quot; Bu said.</p>
<p>&quot;And it is even more beautiful in the evening because the moon is reflected in the waters of the lake,&quot; he said.</p>
<p>An inspiration for emperors and poets since it was formed by the silting of a bay, the land-blocked West Lake covers 5.6 sq km (2.16 miles), has a drainage area of 60 sq km (23 sq miles) and takes its waters from the nearby Qiantang River.</p>
<p>It is the job of Bu's office to make sure West Lake retains its beauty, and does not fall prey to the environmental degradation that is symptomatic of China's great economic leap towards the 21st century.</p>
<p>Progress has been made, Bu said.</p>
<p>ENIVRONMENTAL PROTECTION INVESTMENT IS PAYING OFF</p>
<p>In 1949, when the Chinese Communist Party took power, the lake held filthy stagnant water just 50 cm (20 in) deep, run-off from the surrounding hills that had been denuded by poor peasants desperate for food and fuel, Bu said.</p>
<p>&quot;In the 1950s the government carried out a large-scale reafforestation project and in 1958 the river was dredged,&quot; Bu said. In 1990, the Hangzhou city government invested 20 million yuan ($2.4 million) to build an underground pipeline from the Qiantang River to draw river water into the lake, he said.</p>
<p>Now the lake is 1.5 metres (4.6 ft) deep and the water is transparent to a depth of up to one metre (3.28 ft), he said.</p>
<p>Silt from the dredging was used to build the three tiny islands that dot the lake. The biggest of them is called Three Pools Mirroring the Moon.</p>
<p>So far, 1.1 billion yuan ($130 million) has been invested to protect the lake and surrounding areas from pollution, Bu said.</p>
<p>Another 120 million yuan ($14.4 million) a year is spent on construction and repairs, Bu said, reeling off a list of departments and teams -- including flag-waving school children who spend weekends patrolling the lake and chiding litter-dropping tourists -- created to preserve West Lake.</p>
<p>But problems remain, Bu said, as 300,000 tonnes of raw sewage is pumped into the lake every day because the local sewage treatment plant has a daily capacity of only 400,000 tonnes.</p>
<p>&quot;Now we are waiting for loans to expand the capacity of the treatment plant,&quot; he said.</p>
<p>($1 = 8.3 yuan)</p>
</text>
<copyright>(c) Reuters Limited 1997</copyright>
<metadata>
<codes class="bip:countries:1.0">
  <code code="CHINA">
    <editdetail attribution="Reuters BIP Coding Group" action="confirmed" date="1997-05-11"/>
  </code>
</codes>
<codes class="bip:topics:1.0">
  <code code="GCAT">
    <editdetail attribution="Reuters BIP Coding Group" action="confirmed" date="1997-05-11"/>
  </code>
  <code code="GENV">
    <editdetail attribution="Reuters BIP Coding Group" action="confirmed" date="1997-05-11"/>
  </code>
  <code code="GTOUR">
    <editdetail attribution="Reuters BIP Coding Group" action="confirmed" date="1997-05-11"/>
  </code>
</codes>
<dc element="dc.date.created" value="1997-05-11"/>
<dc element="dc.publisher" value="Reuters Holdings Plc"/>
<dc element="dc.date.published" value="1997-05-11"/>
<dc element="dc.source" value="Reuters"/>
<dc element="dc.creator.location" value="HANGZHOU, China"/>
<dc element="dc.creator.location.country.name" value="CHINA"/>
<dc element="dc.source" value="Reuters"/>
</metadata>
</newsitem>
