<?xml version="1.0" encoding="iso-8859-1" ?>
<newsitem itemid="574761" id="root" date="1997-05-11" xml:lang="en">
<title>EGYPT: INDICATORS - Egypt - updated May 11.</title>
<headline>INDICATORS - Egypt - updated May 11.</headline>
<text>
<p>---INTEREST RATES---</p>
<p>					Latest   Date  Pvs Rate  Mth ago</p>
<p>91-day treasury bill yield     9.480   24/4    9.726    9.865</p>
<p>182-day treasury bill yield    9.631   22/4    9.606    9.921</p>
<p>Central Bank discount rate     12.75    6/3   13.00	--</p>
<p>Av o/nite interbank (private)   7-3/4  11/5   5-1/4    7-5/8</p>
<p>Onite interbank (public)	 10-1/2  11/5   10-1/2   10-1/2</p>
<p>			     ---MONTHLY DATA--</p>
<p>				 Month		  Pvs Mth	Yr ago</p>
<p>CPI (yr-on-yr) (pct)	Feb	 5.4	  5.7	    6.3</p>
<p>Oil prod (bpd x 1000)     March     845	  845	    868</p>
<p>Suez Cnl ($million)	     March   153.7	134.9	  163.2</p>
<p>Tourism (x 1000 visitors) March     354	  317	    327</p>
<p>Money supply growth (pct) Jan     +12.9	+12.2	    --</p>
<p>Trade deficit (LE million)    Nov     2,504	2,738	  2,599</p>
<p>			    ---QUARTERLY DATA---</p>
<p>				    Q2 96-97     Q1 96-97	  Yr ago</p>
<p>M1 growth (year-on-year)    11.9 pct     11.8 pct	 10.1 pct</p>
<p>M2 growth (year-on-year)    12.2 pct     10.5 pct	  9.8 pct</p>
<p>Gvt budget deficit (LE million)     -525	 -1,437	     -336</p>
<p>  Expenditure		     15,946	 14,851	   15,258</p>
<p>  Revenue			   15,421	 13,414	   14,922</p>
<p>Trade balance	 ($million)  -2,692.5     -2,795.0	 -2,697.7</p>
<p> Imports		($million)   3,849.6	3,917.3	  3,693.5</p>
<p> Exports		($million)   1,157.1	1,122.3	    995.8</p>
<p>   Oil		  ($million)     675	    617		482</p>
<p>   Non-oil	    ($million)     482	    505		514</p>
<p>Services balance    ($million)  +1,910.7     +1,837.9	 +1,517.9</p>
<p>Transfers balance   ($million)    +955.1	 +976.2	   +803.4</p>
<p>C/A BALANCE	   ($million)    +173.3	  +19.1	   -376.4</p>
<p>Capital operations  ($million)    +557.2	 -314.6	   +647.2</p>
<p>Errors/omissions    ($million)     -21.4	 +190.3	   -402.2</p>
<p>BALANCE OF PAYMENTS ($million)    +709.1	 -105.2	   -131.4</p>
<p>				---ANNUAL DATA---</p>
<p>				 Year		Pvs year    Two yrs prv</p>
<p>GDP Growth (% change)   1996-7    5.7	  4.9	     4.7</p>
<p>Unemployment (%)	  1995-6    9.4	  9.6	     9.4</p>
<p>LE/$ RATE		   end-96   3.398	3.393	   3.392</p>
<p>Gvt Dfct (LE million)	 1995-6   2,996	2,530	   3,697</p>
<p> (all in $million)	     1995/6	  1994/5	 1993/4</p>
<p>Trade balance		-9,234	  -7,853     -7,309.8</p>
<p>Imports			13,827	  12,810     10,647.1</p>
<p>Exports			 4,593	   4,957	3,337.3</p>
<p>  Oil			   2,226	   2,176	1,772.1</p>
<p>  Non-oil		     2,367	   2,781	1,565.2</p>
<p>Services balance	   +5,377	  +4,042     +3,455.2</p>
<p>Transfers balance	  +3,732	  +4,198     +4,046.0</p>
<p>C/A BALANCE		    -125	    +387	  191.4</p>
<p>Capital operations	   +813	    +430     +2,510.9</p>
<p>Errors/omissions	     -111	     -63	 -596.1</p>
<p>BALANCE OF PAYMENTS	  +577	    +754     +2,106.2</p>
<p>Notes:</p>
<p>1. GDP growth, balance of payments, current account and government budget deficit figures are all based on fiscal years, which start on July 1.</p>
<p>2. Unemployment figures are from the Central Bank. Unofficial sources say they are underestimates.</p>
<p>3. M1 is shorthand for cash in circulation plus current account deposits in Egyptian pounds, M2 is M1 plus time deposits plus foreign exchange deposits, both current and time.</p>
<p>-- Cairo reporting unit +20 2 578 3290/1</p>
</text>
<copyright>(c) Reuters Limited 1997</copyright>
<metadata>
<codes class="bip:countries:1.0">
  <code code="EGYPT">
    <editdetail attribution="Reuters BIP Coding Group" action="confirmed" date="1997-05-11"/>
  </code>
</codes>
<codes class="bip:topics:1.0">
  <code code="E71">
    <editdetail attribution="Reuters BIP Coding Group" action="confirmed" date="1997-05-11"/>
  </code>
  <code code="ECAT">
    <editdetail attribution="Reuters BIP Coding Group" action="confirmed" date="1997-05-11"/>
  </code>
</codes>
<dc element="dc.publisher" value="Reuters Holdings Plc"/>
<dc element="dc.date.published" value="1997-05-11"/>
<dc element="dc.source" value="Reuters"/>
<dc element="dc.creator.location.country.name" value="EGYPT"/>
<dc element="dc.source" value="Reuters"/>
</metadata>
</newsitem>
