<?xml version="1.0" encoding="iso-8859-1" ?>
<newsitem itemid="574764" id="root" date="1997-05-11" xml:lang="en">
<title>IRAN: Iran quake death toll rises to 2,000, Iran radio.</title>
<headline>Iran quake death toll rises to 2,000, Iran radio.</headline>
<byline>Steven Swindells</byline>
<dateline>MASHHAD, Iran 1997-05-11</dateline>
<text>
<p>Up to 2,000 people have been killed in a powerful earthquake that hit eastern Iran on Saturday levelling or heavily damaging 200 villages, state Tehran Radio said on Sunday.</p>
<p>The radio, monitored by the British Broadcasting Corporation (BBC), quoted an Iranian Red Crescent statement as saying the casualty toll has risen to 2,000 in the earthquake which measured 7.1 on the Richter scale. The radio had earlier said 1,000 were killed.</p>
<p>The Red Crescent said the quake -- Iran's most severe since 1990 when a quake killed more than 35,000 people -- hit 200 villages inflicting damage between 70 percent and 100 percent.</p>
<p>The radio had earlier said 140 rescue teams were sent by helicopters to the devastated area outside the towns of Qaen and Birjand where they were digging in the rubbles for survivors.</p>
<p>Another 350 teams were on their way from other parts of Iran and army units were joining in to transport blankets, tents and food to the quake-stricken area, an agricultural region known for its saffron production.</p>
<p>The radio said 40,000 people were injured. Iranian television said 800 bodies were brought out from under rubble in villages outside Qaen and 200 more were reported dead in areas near Birjand in the south of Khorasan province.</p>
<p>Qaen's governor said his region was in need of doctors, blood, tents, food, ambulances, heavy earth-moving equipment and devices used in locating survivors, the radio said.</p>
<p>Iran's interior ministry appealed for international aid, saying Iran's relief agencies were &quot;ready to receive assistance from those countries that would like to assist the earthquake victims&quot;, the radio said.</p>
<p>The ministry said Iran was willing to set up a centre in the Afghan city of Herat for victims of the quake in neighbouring Afghanistan and help transport relief supplies to them.</p>
<p>The radio said France's charge d'affaires in Tehran had expressed his country's willingness to help the quake victims.</p>
<p>Some 70 aftershocks shook Qaen and Birjand in the hours after the quake hit the area at 12:28 p.m. (0758 GMT), also cutting off rural power and water supplies, the radio said.</p>
<p>The quake also jolted Mashhad, Iran's second largest city with a population of about two million, 370 km (230 miles) northwest of the earhquake's epicentre.</p>
<p>Iran's supreme leader Ayatollah Ali Khamenei expressed pain and sorrow and asked clergy in the stricken province to use religious endowments to help the victims.</p>
<p>President Akbar Hashemi Rafsanjani, on an official visit to Tajikistan, expressed great regret and called for immediate relief to be rushed to their aid.</p>
<p>Officials said the injured were rushed to hospitals in nearby towns and Mashhad.</p>
<p>Thousands of people in the rural region were made homeless by the quake, which was felt across four provinces and a city 800 km (500 miles) away.</p>
<p>The stricken area bordering Afghanistan and Turkmenistan is less densely populated than a region near the Caspian Sea where 35,000 people were killed by Iran's worst recorded quake, which measured 7.3, in 1990.</p>
<p>In February, about 1,000 people were killed and more than 36,000 made homeless when a quake measuring 5.5 on the Richter scale hit northwest Iran.</p>
</text>
<copyright>(c) Reuters Limited 1997</copyright>
<metadata>
<codes class="bip:countries:1.0">
  <code code="IRAN">
    <editdetail attribution="Reuters BIP Coding Group" action="confirmed" date="1997-05-11"/>
  </code>
</codes>
<codes class="bip:topics:1.0">
  <code code="GCAT">
    <editdetail attribution="Reuters BIP Coding Group" action="confirmed" date="1997-05-11"/>
  </code>
  <code code="GDIS">
    <editdetail attribution="Reuters BIP Coding Group" action="confirmed" date="1997-05-11"/>
  </code>
  <code code="GENV">
    <editdetail attribution="Reuters BIP Coding Group" action="confirmed" date="1997-05-11"/>
  </code>
</codes>
<dc element="dc.date.created" value="1997-05-11"/>
<dc element="dc.publisher" value="Reuters Holdings Plc"/>
<dc element="dc.date.published" value="1997-05-11"/>
<dc element="dc.source" value="Reuters"/>
<dc element="dc.creator.location" value="MASHHAD, Iran"/>
<dc element="dc.creator.location.country.name" value="IRAN"/>
<dc element="dc.source" value="Reuters"/>
</metadata>
</newsitem>
