<?xml version="1.0" encoding="iso-8859-1" ?>
<newsitem itemid="574785" id="root" date="1997-05-11" xml:lang="en">
<title>IRAN: Iran death toll rises to 2,400 - agency.</title>
<headline>Iran death toll rises to 2,400 - agency.</headline>
<dateline>QAEN, Iran 1997-05-11</dateline>
<text>
<p>The death toll from Iran's massive earthquake rose to nearly 2,400 on Sunday, the official Iranian news agency IRNA said.</p>
<p>The number of injured was 6,000, it said in a report from Mashhad, capital of the quake-stricken northeastern province of Khorasan.  </p>
<p>The agency said 2,000 of the dead were from villages around Qaen, 394 from Birjand and two from another town.</p>
<p>It quoted a senior Red Crescent official as saying the relief agency had erected 4,000 tents and sent 3,200 more to other stricken areas.</p>
<p>Rescue operations by 100 teams comprising 700 relief workers were under way in 180 villages, the official said.</p>
<p>The latest death toll came 24 hours after the quake measuring 7.1 on the Richter scale struck just after midday on Saturday.</p>
</text>
<copyright>(c) Reuters Limited 1997</copyright>
<metadata>
<codes class="bip:countries:1.0">
  <code code="IRAN">
    <editdetail attribution="Reuters BIP Coding Group" action="confirmed" date="1997-05-11"/>
  </code>
</codes>
<codes class="bip:topics:1.0">
  <code code="GCAT">
    <editdetail attribution="Reuters BIP Coding Group" action="confirmed" date="1997-05-11"/>
  </code>
  <code code="GDIS">
    <editdetail attribution="Reuters BIP Coding Group" action="confirmed" date="1997-05-11"/>
  </code>
  <code code="GENV">
    <editdetail attribution="Reuters BIP Coding Group" action="confirmed" date="1997-05-11"/>
  </code>
</codes>
<dc element="dc.date.created" value="1997-05-11"/>
<dc element="dc.publisher" value="Reuters Holdings Plc"/>
<dc element="dc.date.published" value="1997-05-11"/>
<dc element="dc.source" value="Reuters"/>
<dc element="dc.creator.location" value="QAEN, Iran"/>
<dc element="dc.creator.location.country.name" value="IRAN"/>
<dc element="dc.source" value="Reuters"/>
</metadata>
</newsitem>
