<?xml version="1.0" encoding="iso-8859-1" ?>
<newsitem itemid="574768" id="root" date="1997-05-11" xml:lang="en">
<title>KUWAIT: Kuwait could balance 1996/97 budget - minister.</title>
<headline>Kuwait could balance 1996/97 budget - minister.</headline>
<dateline>KUWAIT 1997-05-11</dateline>
<text>
<p>Kuwait might wipe out a forecast gross deficit of $5 billion in the current budget to end-June, a minister was quoted late on Saturday as saying.</p>
<p>&quot;The decrease in the budget deficit is expected to continue or even disappear according to the closing accounts for the 1996/97 fiscal year,&quot; Finance Minister Nasser al-Rodhan said in a document presented to parliament.</p>
<p>Reiterating earlier statements, the minister said that Kuwait had earned 732 million dinars ($2.4 billion) more than forecast in the first half of the fiscal year, the official Kuwait News Agency reported on Saturday night.  </p>
<p>The current 4.21 billion dinar budget carries a projected net deficit of 1.21 billion dinars and a gross deficit of 1.51 billion. By law, 10 percent of total revenues is placed in an overseas nest egg investment fund.</p>
<p>The added revenue in the current budget resulted from a rise in world oil prices last year and earlier this year above the conservative $13 a barrel Kuwait uses to calculate oil income.  </p>
<p>But world oil prices have dropped by about 30 percent in recent months with Benchmark Brent crude oil futures for June delivery settling on Friday 24 cents higher at $18.93 a barrel in London.</p>
<p>The next budget puts expenditure at 4.37 billion dinars with a net deficit of 1.17 billion dinars. Oil revenue, also calculated on $13 a barrel for Kuwaiti crudes, is forecast at 2.56 billion dinars, almost unchanged from the previous year, while non-oil revenue was unchanged at 645 million dinars.</p>
<p>OPEC member Kuwait produces about two million barrels of oil a day.</p>
</text>
<copyright>(c) Reuters Limited 1997</copyright>
<metadata>
<codes class="bip:countries:1.0">
  <code code="KUWAIT">
    <editdetail attribution="Reuters BIP Coding Group" action="confirmed" date="1997-05-11"/>
  </code>
</codes>
<codes class="bip:topics:1.0">
  <code code="E21">
    <editdetail attribution="Reuters BIP Coding Group" action="confirmed" date="1997-05-11"/>
  </code>
  <code code="E211">
    <editdetail attribution="Reuters BIP Coding Group" action="confirmed" date="1997-05-11"/>
  </code>
  <code code="ECAT">
    <editdetail attribution="Reuters BIP Coding Group" action="confirmed" date="1997-05-11"/>
  </code>
</codes>
<dc element="dc.date.created" value="1997-05-11"/>
<dc element="dc.publisher" value="Reuters Holdings Plc"/>
<dc element="dc.date.published" value="1997-05-11"/>
<dc element="dc.source" value="Reuters"/>
<dc element="dc.creator.location" value="KUWAIT"/>
<dc element="dc.creator.location.country.name" value="KUWAIT"/>
<dc element="dc.source" value="Reuters"/>
</metadata>
</newsitem>
