<?xml version="1.0" encoding="iso-8859-1" ?>
<newsitem itemid="574745" id="root" date="1997-05-11" xml:lang="en">
<title>HONG KONG: Starving N.Korean soldiers take food, money - report.</title>
<headline>Starving N.Korean soldiers take food, money - report.</headline>
<dateline>HONG KONG 1997-05-11</dateline>
<text>
<p>Many soldiers in North Korea's 1.1 million-strong army are starving and roaming famine-hit cities and rural areas with their weapons demanding food and money, Hong Kong's Sunday Morning Post reported.</p>
<p>The newspaper, which based its story on reports from ethnic Korean Chinese returning to China after visits to relatives in the impoverished state, said the accounts contradicted Pyongyang claims that it had been able to keep its army under control.</p>
<p>&quot;In Namyang city, soldiers wandered the streets at night. If they saw a light, they would break into homes threatening people with guns, demanding food and money,&quot; Kim Chan-shan, 50, was quoted as saying after returning from a three-week visit.</p>
<p>The soldiers believed only people with relatives in China would be well off enough to afford lighting, Kim said.</p>
<p>Some soldiers also staged night raids to steal animals or force peasants to reveal hidden grain stores, another visitor, Liu Jin-bin, was quoted as saying.</p>
<p>Devastated by floods in 1995 and 1996, North Korea needs at least 1.3 million tonnes of additional food to meet its basic needs this year, a United Nations food aid agency said recently.</p>
<p>North Korean authorities said earlier their food supplies were due to run out by the end of April.</p>
</text>
<copyright>(c) Reuters Limited 1997</copyright>
<metadata>
<codes class="bip:countries:1.0">
  <code code="CHINA">
    <editdetail attribution="Reuters BIP Coding Group" action="confirmed" date="1997-05-11"/>
  </code>
  <code code="HKONG">
    <editdetail attribution="Reuters BIP Coding Group" action="confirmed" date="1997-05-11"/>
  </code>
  <code code="NKOREA">
    <editdetail attribution="Reuters BIP Coding Group" action="confirmed" date="1997-05-11"/>
  </code>
</codes>
<codes class="bip:topics:1.0">
  <code code="GCAT">
    <editdetail attribution="Reuters BIP Coding Group" action="confirmed" date="1997-05-11"/>
  </code>
  <code code="GDEF">
    <editdetail attribution="Reuters BIP Coding Group" action="confirmed" date="1997-05-11"/>
  </code>
  <code code="GPOL">
    <editdetail attribution="Reuters BIP Coding Group" action="confirmed" date="1997-05-11"/>
  </code>
</codes>
<dc element="dc.date.created" value="1997-05-11"/>
<dc element="dc.publisher" value="Reuters Holdings Plc"/>
<dc element="dc.date.published" value="1997-05-11"/>
<dc element="dc.source" value="Reuters"/>
<dc element="dc.creator.location" value="HONG KONG"/>
<dc element="dc.creator.location.country.name" value="HONG KONG"/>
<dc element="dc.source" value="Reuters"/>
</metadata>
</newsitem>
