<?xml version="1.0" encoding="iso-8859-1" ?>
<newsitem itemid="574805" id="root" date="1997-05-11" xml:lang="en">
<title>JORDAN: PRESS DIGEST - Jordan - May 11.</title>
<headline>PRESS DIGEST - Jordan - May 11.</headline>
<dateline>AMMAN 1997-05-11</dateline>
<text>
<p>These are some of the leading stories in the Jordanian press on Sunday. Reuters has not verified these stories and does not vouch for their accuracy.</p>
<p>AL-RAI</p>
<p>- Minister of Water and Irrigation Munzir Haddadin says Jordan studying raising water prices.</p>
<p>- Hamas political leader Musa Abu Marzook says his chains were only unlocked half an hour before U.S. military plane bringing him from New York landed in Amman.</p>
<p>- Jordan agrees in principle to allowing Palestinian flights to fly to Amman from al-Arish in Egypt. Will switch from al-Arish to Gaza when Gaza airport ready.</p>
<p>AL-DUSTOUR</p>
<p>- King Hussein and Iraqi Deputy Prime Minister Tareq Aziz discuss strengthening bilateral relations and possibility of easing suffering of Iraqi people.</p>
<p>- Cabinet discusses results of Aqaba summit between King Hussein and Israeli Prime Minister Benjamin Netanyahu. Three-way meetings to discuss easing Jordanian trade with the West Bank.</p>
<p>- U.S. Middle East envoy expected in Amman today. Palestinians hold Israel responsible for his failure to restart negotiations between the two sides.</p>
<p>- Meeting between King Hussein and Egyptian President Hosni Mubarak expected soon.</p>
<p>AL-ASWAQ</p>
<p>- Cabinet passes new securities law, allowing companies law also to be ratified. Amman bourse enters new stage.</p>
<p>- Agreement for sale of Amman Bank for Investments to Arab Bank has been initialled. Final deal may be agreed by next week.</p>
<p>JORDAN TIMES</p>
<p>- King's meeting with Netanyahu in Aqaba also covered plans for a joint airport and increased trade, information minister says.</p>
<p>- World Bank to loan Jordan $60 million next month to help set up social safety net.</p>
</text>
<copyright>(c) Reuters Limited 1997</copyright>
<metadata>
<codes class="bip:countries:1.0">
  <code code="JORDAN">
    <editdetail attribution="Reuters BIP Coding Group" action="confirmed" date="1997-05-11"/>
  </code>
</codes>
<codes class="bip:topics:1.0">
  <code code="GCAT">
    <editdetail attribution="Reuters BIP Coding Group" action="confirmed" date="1997-05-11"/>
  </code>
</codes>
<dc element="dc.date.created" value="1997-05-11"/>
<dc element="dc.publisher" value="Reuters Holdings Plc"/>
<dc element="dc.date.published" value="1997-05-11"/>
<dc element="dc.source" value="Reuters"/>
<dc element="dc.creator.location" value="AMMAN"/>
<dc element="dc.creator.location.country.name" value="JORDAN"/>
<dc element="dc.source" value="Reuters"/>
</metadata>
</newsitem>
