<?xml version="1.0" encoding="iso-8859-1" ?>
<newsitem itemid="574812" id="root" date="1997-05-11" xml:lang="en">
<title>ISRAEL: Israel financial markets closed for 2-day holiday.</title>
<headline>Israel financial markets closed for 2-day holiday.</headline>
<dateline>TEL AVIV 1997-05-11</dateline>
<text>
<p>Israel's financial markets will be closed on Sunday in honour of Memorial Day and on Monday in observance of Independence Day. Trading will resume on Tuesday.</p>
<p>-Tel Aviv newsroom, 972-3-537-2211</p>
</text>
<copyright>(c) Reuters Limited 1997</copyright>
<metadata>
<codes class="bip:countries:1.0">
  <code code="ISRAEL">
    <editdetail attribution="Reuters BIP Coding Group" action="confirmed" date="1997-05-11"/>
  </code>
</codes>
<codes class="bip:topics:1.0">
  <code code="M11">
    <editdetail attribution="Reuters BIP Coding Group" action="confirmed" date="1997-05-11"/>
  </code>
  <code code="MCAT">
    <editdetail attribution="Reuters BIP Coding Group" action="confirmed" date="1997-05-11"/>
  </code>
</codes>
<dc element="dc.date.created" value="1997-05-11"/>
<dc element="dc.publisher" value="Reuters Holdings Plc"/>
<dc element="dc.date.published" value="1997-05-11"/>
<dc element="dc.source" value="Reuters"/>
<dc element="dc.creator.location" value="TEL AVIV"/>
<dc element="dc.creator.location.country.name" value="ISRAEL"/>
<dc element="dc.source" value="Reuters"/>
</metadata>
</newsitem>
