<?xml version="1.0" encoding="iso-8859-1" ?>
<newsitem itemid="574858" id="root" date="1997-05-11" xml:lang="en">
<title>ITALY: Italy's centre-right seen ahead in Milan mayor race.</title>
<headline>Italy's centre-right seen ahead in Milan mayor race.</headline>
<dateline>ROME 1997-05-11</dateline>
<text>
<p>The candidate backed by Italy's main centre-right opposition Freedom Alliance led in a run-off mayoral contest in the major northern city of Milan on Sunday but the race in Turin was too close to call, a television poll showed.</p>
<p>The poll, by the Abacus Institute for broadcasters RAI and Mediaset, was based on telephone questions to 1,000 people in each city. Sunday's second round local elections involved 77 mayors and five provincial presidents.  </p>
<p>The neighbouring cities of Milan and Turin were viewed as the key test in the elections. In another important race, the ruling Olive Tree coalition was seen ahead in the northeastern city of Trieste, the poll said.</p>
<p>Some 5.43 million Italians were eligible to vote in Sunday's elections which were held between the two frontrunners in places where no one gained more than 50 percent support in first round voting on April 27.</p>
<p>The first round ballot showed the left and right blocs roughly balanced on a national basis a year after Prime Minister Romano Prodi's broad-based coalition swept to power in a surprise general election win.</p>
<p>The television poll put the centre-left ahead in mayoral races in the cities of Lecco, Novara and Ancona. The centre-right led in Catanzaro and Crotone while the separatist Northern League party led in Pordenone. The poll gave no percentages but more detailed forecasts were due later.</p>
</text>
<copyright>(c) Reuters Limited 1997</copyright>
<metadata>
<codes class="bip:countries:1.0">
  <code code="ITALY">
    <editdetail attribution="Reuters BIP Coding Group" action="confirmed" date="1997-05-11"/>
  </code>
</codes>
<codes class="bip:topics:1.0">
  <code code="GCAT">
    <editdetail attribution="Reuters BIP Coding Group" action="confirmed" date="1997-05-11"/>
  </code>
  <code code="GPOL">
    <editdetail attribution="Reuters BIP Coding Group" action="confirmed" date="1997-05-11"/>
  </code>
  <code code="GVOTE">
    <editdetail attribution="Reuters BIP Coding Group" action="confirmed" date="1997-05-11"/>
  </code>
</codes>
<dc element="dc.date.created" value="1997-05-11"/>
<dc element="dc.publisher" value="Reuters Holdings Plc"/>
<dc element="dc.date.published" value="1997-05-11"/>
<dc element="dc.source" value="Reuters"/>
<dc element="dc.creator.location" value="ROME"/>
<dc element="dc.creator.location.country.name" value="ITALY"/>
<dc element="dc.source" value="Reuters"/>
</metadata>
</newsitem>
