<?xml version="1.0" encoding="iso-8859-1" ?>
<newsitem itemid="574836" id="root" date="1997-05-11" xml:lang="en">
<title>USA: Brother of NY Trade Center bomber goes on trial.</title>
<headline>Brother of NY Trade Center bomber goes on trial.</headline>
<byline>Jeanne King</byline>
<dateline>NEW YORK 1997-05-11</dateline>
<text>
<p>Jury selection begins on Monday in the trial of a New Jersey man charged with helping his brother escape arrest for his role in the bombing of the World Trade Centre, officials said.</p>
<p>According to the federal indictment, Mohammad Abouhalima, 33, drove his brother, Mahmud Abouhalima, to John F. Kennedy International Airport on March 2, 1993, just days after the Feb. 26, 1993, bombing that killed six people and injured more than 1,000.</p>
<p>The Egyptian-born Mohammad Abouhalima, a cab driver who lives in Avenel, New Jersey, with his wife and two children, has pleaded not guilty to the charge before U.S. District Judge Michael Mukasey.</p>
<p>He has been free on bail since his arrest last year. If convicted, he faces up to 15 years in a federal prison.</p>
<p>He was previously indicted in August 1993 on the broader charge of seditious conspiracy for the same act, and on charges of participating in a plot to kill Egyptian President Hosni Mubarak. But prosecutors decided in a superceding indictment not to pursue the Mubarak charge.</p>
<p>Prosecutors have also agreed to drop a second count in the indictment that charges him with lying to the Immigration and Naturalisation Service regarding his application for temporary resident status. He could be tried later on that count, a spokesman for the U.S. Attorney said.</p>
<p>Emad Salem, the government's key informant in the trial of radical Moslem cleric Sheikh Omar Abdel-Rahman and nine others, is expected to testify that Mohammad Abouhalima was aware that his brother participated in the trade centre explosion and helped him escape to Saudi Arabia.</p>
<p>Salem, a shadowy former Egyptian officer, was recruited by the FBI in 1991 to infiltrate Abdel-Rahman's inner circle and learn what prosecutors alleged was a massive plot to &quot;wage a war of urban terrorism&quot; in the United States. Abdel-Rahman and nine others were found guilty in October 1995 and are serving life sentences.</p>
<p>For his testimony during that trial and his work as an undercover informant, Salem received more than $1 million from the U.S. government.</p>
<p>Also expected to testify at Abouhalima's trial is Abdo Mohammed Haggag, a former aide to Abdel-Rahman and a member of his inner circle.</p>
<p>Haggag was originally charged, along with the cleric and others, with helping plan the deadly trade centre blast and plotting to bomb New York City landmarks and bridges, but he agreed to cooperate with authorities after his 1993 arrest.</p>
<p>Mahmud Abouhalima was arrested March 10, 1993, in his native Egypt and convicted in New York in March 1994 with three other militant Moslems of planting a 1,200 pound (540 kg) fertiliser bomb at the World Trade Centre in an attack that killed six people and injured more than 1,000.  He is serving a 240-year prison sentence.</p>
<p>Mahmud Abouhalima was an unindicted co-conspirator in the plot to blow up New York City landmarks.</p>
</text>
<copyright>(c) Reuters Limited 1997</copyright>
<metadata>
<codes class="bip:countries:1.0">
  <code code="USA">
    <editdetail attribution="Reuters BIP Coding Group" action="confirmed" date="1997-05-11"/>
  </code>
</codes>
<codes class="bip:topics:1.0">
  <code code="GCAT">
    <editdetail attribution="Reuters BIP Coding Group" action="confirmed" date="1997-05-11"/>
  </code>
  <code code="GCRIM">
    <editdetail attribution="Reuters BIP Coding Group" action="confirmed" date="1997-05-11"/>
  </code>
</codes>
<dc element="dc.date.created" value="1997-05-11"/>
<dc element="dc.publisher" value="Reuters Holdings Plc"/>
<dc element="dc.date.published" value="1997-05-11"/>
<dc element="dc.source" value="Reuters"/>
<dc element="dc.creator.location" value="NEW YORK"/>
<dc element="dc.creator.location.country.name" value="USA"/>
<dc element="dc.source" value="Reuters"/>
</metadata>
</newsitem>
