<?xml version="1.0" encoding="iso-8859-1" ?>
<newsitem itemid="574807" id="root" date="1997-05-11" xml:lang="en">
<title>EGYPT: PRESS DIGEST - Egypt - May 11.</title>
<headline>PRESS DIGEST - Egypt - May 11.</headline>
<dateline>CAIRO 1997-05-11</dateline>
<text>
<p>These are the leading stories in the Egyptian press on Sunday. Reuters has not verified these stories and does not vouch for their accuracy.</p>
<p>AL-AHRAM</p>
<p>- Ross briefs Mubarak on results of his talks aimed at saving peace with Arafat and Netanyahu. Ross says that Egypt is playing an important role in the peace process. Moussa says U.S. envoy suggested a few ideas.</p>
<p>- Jordanian foreign minister gives Mubarak message from King Hussein on bilateral ties and developments in the peace process.</p>
<p>- Government to dedicate 99 billion pounds for development of southern Egypt in new five year plan.</p>
<p>AL-AKHBAR</p>
<p>- Gulf war compensation payments begin in Cairo and other provinces.</p>
<p>AL-GOMHURIA</p>
<p>- Finance minister says public sector salaries and pensions to increase by 12 percent in new budget.</p>
<p>-- Cairo newsroom +202 578 3290/1</p>
</text>
<copyright>(c) Reuters Limited 1997</copyright>
<metadata>
<codes class="bip:countries:1.0">
  <code code="EGYPT">
    <editdetail attribution="Reuters BIP Coding Group" action="confirmed" date="1997-05-11"/>
  </code>
</codes>
<codes class="bip:topics:1.0">
  <code code="GCAT">
    <editdetail attribution="Reuters BIP Coding Group" action="confirmed" date="1997-05-11"/>
  </code>
</codes>
<dc element="dc.date.created" value="1997-05-11"/>
<dc element="dc.publisher" value="Reuters Holdings Plc"/>
<dc element="dc.date.published" value="1997-05-11"/>
<dc element="dc.source" value="Reuters"/>
<dc element="dc.creator.location" value="CAIRO"/>
<dc element="dc.creator.location.country.name" value="EGYPT"/>
<dc element="dc.source" value="Reuters"/>
</metadata>
</newsitem>
