<?xml version="1.0" encoding="iso-8859-1" ?>
<newsitem itemid="574850" id="root" date="1997-05-11" xml:lang="en">
<title>FRANCE: Four bombs kill six, wound 72 in Algeria - officials.</title>
<headline>Four bombs kill six, wound 72 in Algeria - officials.</headline>
<dateline>PARIS 1997-05-11</dateline>
<text>
<p>Four bombs exploded on Sunday in Algiers and the neighbouring Bordj el Kiffan town, killing at least six people and wounding 72 others, Algerian security forces said.</p>
<p>At least five people were killed in a car bomb explosion in the coastal town of Bordj el Kiffan, 18 km (11 miles) east of Algiers, they said in a statement read on Algerian state-run television.</p>
<p>The blast at 6.55 p.m (1755 GMT) also wounded 30 people, said the statement on a provisional toll.</p>
<p>One hour and 55 minutes earlier, a car bomb exploded near Algiers' law university in Ben Aknoun district, killing one and wounding 12, the security forces said in a separate statement on Algerian state-run radio.</p>
<p>A third car bomb went off 15 minutes earlier, several hundred metres (yards) away in the same Ben Aknoun district, wounding nine people, the statement added.</p>
<p>A home-made bomb went off one hour earlier near a disco in a par two kilometres (1.25 miles) away in the same area, wounding 21 people, the statement added.</p>
<p>The bombings came five days after a bomb killed three schoolgirls and a 12-year-old boy outside a high school in central Algiers.</p>
<p>About 60,000 people have been killed in Algerian violence since early 1992 when authorities cancelled a general election in which radical Islamists had taken a huge lead.</p>
</text>
<copyright>(c) Reuters Limited 1997</copyright>
<metadata>
<codes class="bip:countries:1.0">
  <code code="ALG">
    <editdetail attribution="Reuters BIP Coding Group" action="confirmed" date="1997-05-11"/>
  </code>
</codes>
<codes class="bip:topics:1.0">
  <code code="GCAT">
    <editdetail attribution="Reuters BIP Coding Group" action="confirmed" date="1997-05-11"/>
  </code>
  <code code="GVIO">
    <editdetail attribution="Reuters BIP Coding Group" action="confirmed" date="1997-05-11"/>
  </code>
</codes>
<dc element="dc.date.created" value="1997-05-11"/>
<dc element="dc.publisher" value="Reuters Holdings Plc"/>
<dc element="dc.date.published" value="1997-05-11"/>
<dc element="dc.source" value="Reuters"/>
<dc element="dc.creator.location" value="PARIS"/>
<dc element="dc.creator.location.country.name" value="FRANCE"/>
<dc element="dc.source" value="Reuters"/>
</metadata>
</newsitem>
