<?xml version="1.0" encoding="iso-8859-1" ?>
<newsitem itemid="783865" id="root" date="1997-08-07" xml:lang="en">
<title>USA: TABLE - RIT Technologies Ltd Q2 net loss.</title>
<headline>TABLE - RIT Technologies Ltd Q2 net loss.</headline>
<dateline>NEW YORK 1997-08-07</dateline>
<text>
<p>For the three     For the six</p>
<p>					 months ended     months ended</p>
<p>					   June 30,	   June 30,</p>
<p>				     1997    1996	 1997     1996</p>
<p>				     U.S. $  U.S.	$U.S.   U.S.$$</p>
<p> NET SALES			 4,578   3,508	8,427   6,431</p>
<p> NET INCOME (LOSS)	    (349)    (28)	 (792)   (228)</p>
<p>NET INCOME (LOSS) PER SHARE</p>
<p>				   (0.06)  (0.01)	(0.13)  (0.04)</p>
<p>WEIGHTED AVERAGE NUMBER</p>
<p> OF SHARES		5,913,045 5,913,045 5,913,045 5,913,045</p>
<p>			(In thousands, except per share data)</p>
<p>NOTE:  The company said it completed its initial public offering on July 21.</p>
</text>
<copyright>(c) Reuters Limited 1997</copyright>
<metadata>
<codes class="bip:countries:1.0">
  <code code="ISRAEL">
    <editdetail attribution="Reuters BIP Coding Group" action="confirmed" date="1997-08-07"/>
  </code>
  <code code="USA">
    <editdetail attribution="Reuters BIP Coding Group" action="confirmed" date="1997-08-07"/>
  </code>
</codes>
<codes class="bip:industries:1.0">
  <code code="I34100">
    <editdetail attribution="Reuters BIP Coding Group" action="confirmed" date="1997-08-07"/>
  </code>
</codes>
<codes class="bip:topics:1.0">
  <code code="C15">
    <editdetail attribution="Reuters BIP Coding Group" action="confirmed" date="1997-08-07"/>
  </code>
  <code code="C151">
    <editdetail attribution="Reuters BIP Coding Group" action="confirmed" date="1997-08-07"/>
  </code>
  <code code="CCAT">
    <editdetail attribution="Reuters BIP Coding Group" action="confirmed" date="1997-08-07"/>
  </code>
</codes>
<dc element="dc.date.created" value="1997-08-07"/>
<dc element="dc.publisher" value="Reuters Holdings Plc"/>
<dc element="dc.date.published" value="1997-08-07"/>
<dc element="dc.source" value="Reuters"/>
<dc element="dc.creator.location" value="NEW YORK"/>
<dc element="dc.creator.location.country.name" value="USA"/>
<dc element="dc.source" value="Reuters"/>
</metadata>
</newsitem>
