<?xml version="1.0" encoding="iso-8859-1" ?>
<newsitem itemid="783808" id="root" date="1997-08-07" xml:lang="en">
<title>USA: TABLE-Education Q4 June 30 shr profit $0.08.</title>
<headline>TABLE-Education Q4 June 30 shr profit $0.08.</headline>
<dateline>PITTSBURGH 1997-08-07</dateline>
<text>
<p>Education Management Corp and Subsidiaries</p>
<p>		  (Dollars in thousands, except per share data)</p>
<p>			    Three Months	    Twelve Months</p>
<p>			   ended June 30,	   ended June 30,</p>
<p>			     1997	  1996	1997	 1996</p>
<p>		  (unaudited) (unaudited) (unaudited)</p>
<p> Net revenues     $   46,728  $   37,258   182,849$   147,863</p>
<p> Cost and expenses:   44,613	36,213   164,030    133,611</p>
<p>Income before</p>
<p>  extraordinary item   1,256	   228     9,985	6,846</p>
<p>Extraordinary loss on early extinguishment</p>
<p>  of debt		    ---	   ---	 ---	  926</p>
<p> Net income		1,256	   228     9,985	5,920</p>
<p>Series A Preferred</p>
<p>Stock transactions:</p>
<p>    Dividends paid	 ---	 (562)	(83)    (2,249)</p>
<p>    Redemption premium   ---	   ---     (107)	  ---</p>
<p>Dividends accruable</p>
<p>     but not paid	  ---	   ---     (296)	  ---</p>
<p>Income(loss) applicable to common</p>
<p>  shareholders	   1,256	 (334)     9,499	3,671</p>
<p>Income (loss) per common and common equivalent share:</p>
<p>Income (loss) before extraordinary</p>
<p>    item		    0.08	(0.05)	0.72	 0.45</p>
<p>Extraordinary loss on early extinguishment</p>
<p>   of debt		   ---	   ---	 ---    ( 0.09)</p>
<p> Net income (loss)	0.08	(0.05)	0.72	 0.36</p>
<p>Weighted average number of shares outstanding</p>
<p>  (Primary)	14,821,458   6,918,019  3,235,024 10,170,449</p>
<p>((-- New York Newsdesk 212 859-1610))</p>
</text>
<copyright>(c) Reuters Limited 1997</copyright>
<metadata>
<codes class="bip:countries:1.0">
  <code code="USA">
    <editdetail attribution="Reuters BIP Coding Group" action="confirmed" date="1997-08-07"/>
  </code>
</codes>
<codes class="bip:industries:1.0">
  <code code="I83954">
    <editdetail attribution="Reuters BIP Coding Group" action="confirmed" date="1997-08-07"/>
  </code>
</codes>
<codes class="bip:topics:1.0">
  <code code="C15">
    <editdetail attribution="Reuters BIP Coding Group" action="confirmed" date="1997-08-07"/>
  </code>
  <code code="C151">
    <editdetail attribution="Reuters BIP Coding Group" action="confirmed" date="1997-08-07"/>
  </code>
  <code code="C1511">
    <editdetail attribution="Reuters BIP Coding Group" action="confirmed" date="1997-08-07"/>
  </code>
  <code code="CCAT">
    <editdetail attribution="Reuters BIP Coding Group" action="confirmed" date="1997-08-07"/>
  </code>
</codes>
<dc element="dc.date.created" value="1997-08-07"/>
<dc element="dc.publisher" value="Reuters Holdings Plc"/>
<dc element="dc.date.published" value="1997-08-07"/>
<dc element="dc.source" value="Reuters"/>
<dc element="dc.creator.location" value="PITTSBURGH"/>
<dc element="dc.creator.location.country.name" value="USA"/>
<dc element="dc.source" value="Reuters"/>
</metadata>
</newsitem>
