<?xml version="1.0" encoding="iso-8859-1" ?>
<newsitem itemid="783862" id="root" date="1997-08-07" xml:lang="en">
<title>USA: TABLE - Government Technology Q2 loss.</title>
<headline>TABLE - Government Technology Q2 loss.</headline>
<dateline>CHANTILLY, Va. 1997-08-07</dateline>
<text>
<p>(In thousands, except per share amounts)</p>
<p>			   (unaudited)</p>
<p>			     Second Quarter Ended  Six Months Ended</p>
<p>				 6/30/97   6/30/96   6/30/97  6/30/96</p>
<p>Income Statement Data:</p>
<p> Sales			  $94,464 $100,809  $182,871 $183,601</p>
<p> Cost of Sales		 87,800   94,054   169,199  169,695</p>
<p> Gross margin		   6,664    6,755    13,672   13,906</p>
<p> Operating expenses	   9,602    8,645    19,596   18,136</p>
<p>Income</p>
<p>    (loss) from operations(2,938)  (1,890)   (5,924)  (4,230)</p>
<p> Interest expense, net	   49	373	 467	972</p>
<p>Income (loss) before taxes</p>
<p>				  (2,987)  (2,263)   (6,391)  (5,202)</p>
<p>Income tax provision (benefit)</p>
<p>					 --    (853)	  --  (1,974)</p>
<p> Net income (loss)	  (2,987)  (1,410)   (6,391)  (3,228)</p>
<p>Net income (loss) per share</p>
<p>				   (0.44)   (0.21)    (0.95)   (0.48)</p>
<p>Weighted average shares</p>
<p>   outstanding		  6,725    6,677     6,725    6,678</p>
<p>((-- New York Newsdesk 212 859-1610))</p>
</text>
<copyright>(c) Reuters Limited 1997</copyright>
<metadata>
<codes class="bip:countries:1.0">
  <code code="USA">
    <editdetail attribution="Reuters BIP Coding Group" action="confirmed" date="1997-08-07"/>
  </code>
</codes>
<codes class="bip:industries:1.0">
  <code code="I33020">
    <editdetail attribution="Reuters BIP Coding Group" action="confirmed" date="1997-08-07"/>
  </code>
</codes>
<codes class="bip:topics:1.0">
  <code code="C15">
    <editdetail attribution="Reuters BIP Coding Group" action="confirmed" date="1997-08-07"/>
  </code>
  <code code="C151">
    <editdetail attribution="Reuters BIP Coding Group" action="confirmed" date="1997-08-07"/>
  </code>
  <code code="CCAT">
    <editdetail attribution="Reuters BIP Coding Group" action="confirmed" date="1997-08-07"/>
  </code>
</codes>
<dc element="dc.date.created" value="1997-08-07"/>
<dc element="dc.publisher" value="Reuters Holdings Plc"/>
<dc element="dc.date.published" value="1997-08-07"/>
<dc element="dc.source" value="Reuters"/>
<dc element="dc.creator.location" value="CHANTILLY, Va."/>
<dc element="dc.creator.location.country.name" value="USA"/>
<dc element="dc.source" value="Reuters"/>
</metadata>
</newsitem>
