<?xml version="1.0" encoding="iso-8859-1" ?>
<newsitem itemid="783881" id="root" date="1997-08-07" xml:lang="en">
<title>USA: Sara Lee units shows profit rises in FY97.</title>
<headline>Sara Lee units shows profit rises in FY97.</headline>
<dateline>CHICAGO 1997-08-07</dateline>
<text>
<p>Sara Lee Corp said Thursday operating profits increased in each of its four lines of business in fiscal 1997.</p>
<p>Packaged Meats and Bakery sales rose 15.4 percent to $1.9 billion in the fourth quarter, while operating income gained 10.5 percent to $134 million. For the year, its sales gained 16.6 percent to $7.6 billion and earnings rose 12.8 percent to $476 million.</p>
<p>Profit growth was particularly strong in packaged meats and foodservice during both periods, with double-digit gains reported, excluding acquisitions, Sara Lee said.  </p>
<p>Bakery sales and profits declined in the quarter and year, reflecting a weak retail market for frozen baked goods in the United States.</p>
<p>Coffee and grocery sales for the fourth quarter rose 4.1 percent to $724 million, while operating income rose 2.5 percent to $100 million. For the year sales fell 2.9 percent to $2.8 billion while operating income rose 2.9 percent to $440 million.</p>
<p>Results reflect the negative impact of a stronger dollar, Sara Lee said. In local currencies, sales increased during both periods and profits were up more than 10 percent.  </p>
<p>Household and Body Care fourth quarter sales rose two percent to $524 million and operating income gained 6.3 percent to $85 million. For the fiscal year, sales were up 0.3 percent to $1.8 billion and profits gained 6.4 percent to $228 million.</p>
<p>Personal products sales rose 0.7 percent in the fourth quarter to $1.8 billion and operating income rose 6.3 percent to $215 million. For the year, sales increased 1.5 percent to $7.5 billion and profits gained 4.4 percent to $761 million.</p>
<p>Earlier, Sara Lee reported earnings for fiscal 1997 ended June 38 of $1.0 billion or $2.03 a primary share, compared with year-ago earnings of $916.0 million or $1.83 a share. Sales for the year were $19.7 billion, up six percent from $18.6 billion a year ago.</p>
<p>For the fourth quarter, Sara Lee earned $280 million or $0.57 a primary share, up from $259 million or $0.52. Sales rose 6.5 percent to $4.9 billion from $4.6 billion.</p>
<p>((Reuters Chicago Newsdesk (312) 408-8787))</p>
</text>
<copyright>(c) Reuters Limited 1997</copyright>
<metadata>
<codes class="bip:countries:1.0">
  <code code="USA">
    <editdetail attribution="Reuters BIP Coding Group" action="confirmed" date="1997-08-07"/>
  </code>
</codes>
<codes class="bip:industries:1.0">
  <code code="I41000">
    <editdetail attribution="Reuters BIP Coding Group" action="confirmed" date="1997-08-07"/>
  </code>
</codes>
<codes class="bip:topics:1.0">
  <code code="C15">
    <editdetail attribution="Reuters BIP Coding Group" action="confirmed" date="1997-08-07"/>
  </code>
  <code code="C151">
    <editdetail attribution="Reuters BIP Coding Group" action="confirmed" date="1997-08-07"/>
  </code>
  <code code="C1511">
    <editdetail attribution="Reuters BIP Coding Group" action="confirmed" date="1997-08-07"/>
  </code>
  <code code="CCAT">
    <editdetail attribution="Reuters BIP Coding Group" action="confirmed" date="1997-08-07"/>
  </code>
</codes>
<dc element="dc.date.created" value="1997-08-07"/>
<dc element="dc.publisher" value="Reuters Holdings Plc"/>
<dc element="dc.date.published" value="1997-08-07"/>
<dc element="dc.source" value="Reuters"/>
<dc element="dc.creator.location" value="CHICAGO"/>
<dc element="dc.creator.location.country.name" value="USA"/>
<dc element="dc.source" value="Reuters"/>
</metadata>
</newsitem>
