<?xml version="1.0" encoding="iso-8859-1" ?>
<newsitem itemid="783870" id="root" date="1997-08-07" xml:lang="en">
<title>USA: TABLE - Immucor Inc Q4 shr flat.</title>
<headline>TABLE - Immucor Inc Q4 shr flat.</headline>
<dateline>NORCROSS, Ga. 1997-08-07</dateline>
<text>
<p>Three Months Ended  Fiscal Year Ended</p>
<p>			 5/31/97    5/31/96     5/31/97     5/31/96</p>
<p> Net sales	$9,699,798 $8,132,598 $35,653,617 $30,964,057</p>
<p> Cost of sales   4,463,923  3,374,696  15,055,254  12,004,831</p>
<p> Gross profit    5,235,875  4,757,902  20,598,363  18,959,226</p>
<p>Research &amp; Development:</p>
<p>   Instrument	159,308    119,212     342,040     493,010</p>
<p>   General	   149,397    137,114     565,101     504,902</p>
<p>Selling, general and</p>
<p>administrative</p>
<p>		     4,361,182  3,979,006  16,714,390  14,367,537</p>
<p>Total operating</p>
<p>   expenses	4,669,887  4,235,332  17,621,531  15,365,449</p>
<p>Income from</p>
<p>   operations	565,988    522,570   2,976,832   3,593,777</p>
<p> Other income	222,576    200,216     819,453     877,081</p>
<p>Interest expense</p>
<p>		     (123,164)   (56,344)   (366,525)   (294,322)</p>
<p> Other expense    (14,791)	  ---   (287,556)	 (250)</p>
<p> Total other	  84,621    143,872     165,372     582,509</p>
<p>Income before</p>
<p>   income taxes    650,609    666,442   3,142,204   4,176,286</p>
<p> Income taxes	234,808    227,923   1,302,290   1,403,651</p>
<p> Net income	  415,801    438,519   1,839,914   2,772,635</p>
<p>Net income per</p>
<p>common and common</p>
<p>   equivalent share   0.05	 0.05	  0.22	  0.32</p>
<p>Weighted average number</p>
<p>of common and common</p>
<p>equivalent shares</p>
<p>   outstanding   8,375,376  8,782,764   8,535,084   8,796,658</p>
<p>NOTE: Q4 and year-end results for 1997 included about $2.1 million in net sales from Dominion Biologicals Ltd, acquired in December 1996.</p>
<p>The company said Q4 and year-end net lower due to a decline in gross profit margin combined with higher spending levels.</p>
</text>
<copyright>(c) Reuters Limited 1997</copyright>
<metadata>
<codes class="bip:countries:1.0">
  <code code="USA">
    <editdetail attribution="Reuters BIP Coding Group" action="confirmed" date="1997-08-07"/>
  </code>
</codes>
<codes class="bip:industries:1.0">
  <code code="I25700">
    <editdetail attribution="Reuters BIP Coding Group" action="confirmed" date="1997-08-07"/>
  </code>
</codes>
<codes class="bip:topics:1.0">
  <code code="C15">
    <editdetail attribution="Reuters BIP Coding Group" action="confirmed" date="1997-08-07"/>
  </code>
  <code code="C151">
    <editdetail attribution="Reuters BIP Coding Group" action="confirmed" date="1997-08-07"/>
  </code>
  <code code="C1511">
    <editdetail attribution="Reuters BIP Coding Group" action="confirmed" date="1997-08-07"/>
  </code>
  <code code="CCAT">
    <editdetail attribution="Reuters BIP Coding Group" action="confirmed" date="1997-08-07"/>
  </code>
</codes>
<dc element="dc.date.created" value="1997-08-07"/>
<dc element="dc.publisher" value="Reuters Holdings Plc"/>
<dc element="dc.date.published" value="1997-08-07"/>
<dc element="dc.source" value="Reuters"/>
<dc element="dc.creator.location" value="NORCROSS, Ga."/>
<dc element="dc.creator.location.country.name" value="USA"/>
<dc element="dc.source" value="Reuters"/>
</metadata>
</newsitem>
