<?xml version="1.0" encoding="iso-8859-1" ?>
<newsitem itemid="783895" id="root" date="1997-08-07" xml:lang="en">
<title>USA: TABLE - Sulcus Computer Q2 loss vs profit.</title>
<headline>TABLE - Sulcus Computer Q2 loss vs profit.</headline>
<dateline>GREENSBURG, Pa. 1997-08-07</dateline>
<text>
<p>SULCUS COMPUTER CORPORATION</p>
<p>					    Three Months ended June 30,</p>
<p>							1997	    1996</p>
<p> Total revenue			   $13,986,150    $13,053,284</p>
<p> Income (loss) before income taxes   (115,250)	  902,219</p>
<p> Net income (loss)			 (115,250)	  902,219</p>
<p> Shares outstanding		     16,850,244     17,017,544</p>
<p> Net income per share			 (0.01)	     0.05</p>
<p>						Six Months ended June 30,</p>
<p>						     1997	     1996</p>
<p> Total revenue			   $26,955,233    $24,328,303</p>
<p> Income (loss) before income taxes (1,870,433)	1,423,623</p>
<p> Net income (loss)		     (1,870,433)	1,423,623</p>
<p> Shares outstanding		     16,868,902     16,844,442</p>
<p> Net income per share			 (0.11)	     0.08</p>
</text>
<copyright>(c) Reuters Limited 1997</copyright>
<metadata>
<codes class="bip:countries:1.0">
  <code code="USA">
    <editdetail attribution="Reuters BIP Coding Group" action="confirmed" date="1997-08-07"/>
  </code>
</codes>
<codes class="bip:industries:1.0">
  <code code="I33020">
    <editdetail attribution="Reuters BIP Coding Group" action="confirmed" date="1997-08-07"/>
  </code>
  <code code="I3302021">
    <editdetail attribution="Reuters BIP Coding Group" action="confirmed" date="1997-08-07"/>
  </code>
</codes>
<codes class="bip:topics:1.0">
  <code code="C15">
    <editdetail attribution="Reuters BIP Coding Group" action="confirmed" date="1997-08-07"/>
  </code>
  <code code="C151">
    <editdetail attribution="Reuters BIP Coding Group" action="confirmed" date="1997-08-07"/>
  </code>
  <code code="CCAT">
    <editdetail attribution="Reuters BIP Coding Group" action="confirmed" date="1997-08-07"/>
  </code>
</codes>
<dc element="dc.date.created" value="1997-08-07"/>
<dc element="dc.publisher" value="Reuters Holdings Plc"/>
<dc element="dc.date.published" value="1997-08-07"/>
<dc element="dc.source" value="Reuters"/>
<dc element="dc.creator.location" value="GREENSBURG, Pa."/>
<dc element="dc.creator.location.country.name" value="USA"/>
<dc element="dc.source" value="Reuters"/>
</metadata>
</newsitem>
