<?xml version="1.0" encoding="iso-8859-1" ?>
<newsitem itemid="783851" id="root" date="1997-08-07" xml:lang="en">
<title>USA: U.S. weekly upland cotton exports by country- USDA.</title>
<headline>U.S. weekly upland cotton exports by country- USDA.</headline>
<text>
<p>ALL UPLAND COTTON					    MARKETING YEAR 08/01 - 07/31</p>
<p>OUTSTANDING EXPORT SALES AND EXPORTS BY COUNTRY, REGION AND MARKETING YEAR</p>
<p>1000 RUNNING BALES	    AS OF JULY 31, 1997</p>
<p>-----------------------------------------------------------------------------</p>
<p>			    :	CURRENT MARKETING YEAR	  :NEXT MARKETING YEAR</p>
<p>			     --------------------------------------------------------</p>
<p>			    : CARRYOVER SALES :ACCUMULATED EXPORTS: OUTSTANDING SALES</p>
<p>			     -----------------------------------------1/-------------</p>
<p>   DESTINATION	  :THIS WEEK: YR AGO:THIS WEEK: YR AGO  :THIS WEEK: YR AGO</p>
<p>------------------------------------------------------------------------------</p>
<p>			    :</p>
<p>EUROPEAN UNION	  :    39.3     18.3     154.7    291.3	119.8     93.2</p>
<p>   AUSTRIA		:	.1	0.	  0.	 2.1	   .1	0.</p>
<p>   BELGIUM		:     0.	  .2	 1.0	5.9	  2.2	 .2</p>
<p>   DENMARK		:     1.8	2.4	11.5     11.9	  2.8	4.4</p>
<p>   FINLAND		:     0.	 0.	  0.	 1.6	  0.	 0.</p>
<p>   FRANCE		 :	.4	 .4	  .1	1.1	   .4	 .4</p>
<p>   GERM, FR	     :     1.2	 .6	10.8     13.3	  3.2	8.0</p>
<p>   GREECE		 :     0.	 0.	  2.6	1.8	  1.4	0.</p>
<p>   IRELAND		:    18.2	4.7	58.4     60.7	 75.0     54.4</p>
<p>   ITALY		  :     5.0	1.7	 9.9     89.1	 11.9	5.0</p>
<p>   PORTUGL		:	.5	0.	  1.2     12.9	   .5	1.2</p>
<p>   SPAIN		  :     7.9	3.3	28.8     54.7	 10.1     14.2</p>
<p>   SWEDEN		 :     3.6	4.4	23.2     23.0	  4.6	4.9</p>
<p>   U KING		 :	.5	 .5	 7.1     13.2	  7.8	 .5</p>
<p>			    :</p>
<p>OTHER WEST EUROPE     :    16.3	6.7     384.3     50.0	 25.4     10.0</p>
<p>   SWITZLD		:     0.	 0.	  4.8	6.2	  1.0	 .7</p>
<p>   TURKEY		 :    16.3	6.7     379.5     43.8	 24.5	9.4</p>
<p>			    :</p>
<p>EASTERN EUROPE	  :     0.	 0.	 25.3     54.7	  0.	 0.</p>
<p>   ROMANIA		:     0.	 0.	 25.3     54.2	  0.	 0.</p>
<p>   SLOVENIA	     :     0.	 0.	  0.	  .5	  0.	 0.</p>
<p>			    :</p>
<p>FORMER SOVIET UNION   :    27.6	0.	 13.7     32.6	 27.6	0.</p>
<p>   ESTONIA		:     0.	 0.	   .1     10.3	  0.	 0.</p>
<p>   RUSSIA		 :    27.6	0.	 13.6     22.2	 27.6	0.</p>
<p>			    :</p>
<p>JAPAN		     :    74.7     53.9     567.6    907.3	362.3    241.9</p>
<p>			    :</p>
<p>CHINA		     :    39.3     83.9    1568.4   1764.0	 81.9    143.5</p>
<p>			    :</p>
<p>TAIWAN		    :    12.7     13.7     226.5    241.4	 27.2     27.1</p>
<p>			    :</p>
<p>OTHER ASIA AND OCEANIA:   180.8    177.3    1576.9   2192.7	518.2    336.0</p>
<p>   AUSTRAL		:     0.	 0.	  0.	 1.0	  0.	 0.</p>
<p>   BANGLADH	     :    16.6     12.7	77.5     68.6	 17.2     15.0</p>
<p>   BURMA		  :     0.	 0.	  2.0	1.2	  0.	 0.</p>
<p>   HG KONG		:    11.6     32.2     168.6    210.1	 20.5     43.3</p>
<p>   INDNSIA		:    29.4     23.2     510.9    673.5	140.3     65.7</p>
<p>   ISRAEL		 :     0.	 0.	  2.1	1.3	  0.	 1.9</p>
<p>   KOR REP		:    65.0     34.3     526.5    731.5	271.3    122.9</p>
<p>   MALAYSA		:     0.	 0.	 10.3     18.5	  0.	 0.</p>
<p>   PAKISTN		:	.3     19.9	11.4	7.7	   .3     19.9</p>
<p>   PHIL		   :    10.5	6.2	81.5    143.1	 11.6	9.7</p>
<p>   SINGAPR		:     0.	 5.1	  .8	4.6	  0.	 5.1</p>
<p>   S ARAB		 :     0.	 0.	  2.0	5.4	  0.	 0.</p>
<p>   S LANKA		:     0.	 0.	   .5     10.2	  0.	 0.</p>
<p>   THAILND		:    11.7	8.9     162.3    296.7	 21.4     17.8</p>
<p>   VIETNAM		:    35.6     34.7	20.5     19.2	 35.6     34.7</p>
<p>			    :</p>
<p>AFRICA		    :     3.2     11.8	26.8    128.2	  8.5     15.4</p>
<p>   ALGERIA		:     0.	 6.6	10.3     22.4	  0.	 6.6</p>
<p>   EGYPT		  :     0.	 0.	  0.	90.0	  0.	 0.</p>
<p>   MOROC		  :     0.	 0.	  0.	 1.8	  0.	 0.</p>
<p>   REP SAF		:     0.	 0.	  5.3	1.7	  0.	 0.</p>
<p>   TUNISIA		:     3.2	5.3	11.2     12.2	  8.5	8.8</p>
<p>			    :</p>
<p>WESTERN HEMISPHERE    :   286.6    217.4    1715.5   1329.2     1144.5    522.1</p>
<p>   ARGENT		 :     1.6	1.6	 2.4	0.	   6.0	1.6</p>
<p>   BRAZIL		 :    34.4     39.4     189.0    168.6	129.9     83.7</p>
<p>   C RICA		 :     0.	 1.5	 0.	 1.4	  0.	 1.5</p>
<p>   CANADA		 :    37.3     33.8     213.1    224.8	207.6    100.6</p>
<p>   CHILE		  :	.2	0.	   .1	0.	    .2	0.</p>
<p>   COLOMB		 :     8.6	4.5	74.9     43.9	 35.2	4.5</p>
<p>   DOM REP		:	.1	0.	   .3	 .3	   .1	0.</p>
<p>   ECUADOR		:     8.6	3.1	57.5     39.7	 22.2	5.7</p>
<p>   GUATMAL		:     9.9     15.5     107.9     85.9	 56.6     48.7</p>
<p>   HONDURA		:	.3	0.	  4.1	1.5	  1.9	1.1</p>
<p>   MEXICO		 :   168.8    100.4     861.0    594.8	537.3    184.1</p>
<p>   PERU		   :     2.1	0.	 12.6     12.3	 13.1	3.0</p>
<p>   SALVADR		:     4.6	6.9     102.2     85.2	 53.0     34.7</p>
<p>   VENEZ		  :    10.2     10.7	90.4     71.1	 81.3     53.0</p>
<p>-------------------------------------------------------------------------------</p>
<p>TOTAL KNOWN	     :   680.4    583.0    6259.9   6991.3     2315.3   1389.2</p>
<p>TOTAL UNKNOWN	   :    11.4     35.5	 0.	 0.	  45.4     52.6</p>
<p>-------------------------------------------------------------------------------</p>
<p>TOTAL KNOWN &amp; UNKNOWN :   691.7    618.5    6259.9   6991.3     2360.7   1441.8</p>
<p>EXPORTS FOR OWN ACCT  :				0.	 0.</p>
<p>OPTIONAL ORIGIN	 :     0.	 0.				    0.	 0.</p>
<p>-------------------------------------------------------------------------------</p>
<p>1/ INCLUDES CARRYOVER SALES.</p>
</text>
<copyright>(c) Reuters Limited 1997</copyright>
<metadata>
<codes class="bip:countries:1.0">
  <code code="USA">
    <editdetail attribution="Reuters BIP Coding Group" action="confirmed" date="1997-08-07"/>
  </code>
</codes>
<codes class="bip:topics:1.0">
  <code code="M14">
    <editdetail attribution="Reuters BIP Coding Group" action="confirmed" date="1997-08-07"/>
  </code>
  <code code="M141">
    <editdetail attribution="Reuters BIP Coding Group" action="confirmed" date="1997-08-07"/>
  </code>
  <code code="MCAT">
    <editdetail attribution="Reuters BIP Coding Group" action="confirmed" date="1997-08-07"/>
  </code>
</codes>
<dc element="dc.publisher" value="Reuters Holdings Plc"/>
<dc element="dc.date.published" value="1997-08-07"/>
<dc element="dc.source" value="Reuters"/>
<dc element="dc.creator.location.country.name" value="USA"/>
<dc element="dc.source" value="Reuters"/>
</metadata>
</newsitem>
