<?xml version="1.0" encoding="iso-8859-1" ?>
<newsitem itemid="783839" id="root" date="1997-08-07" xml:lang="en">
<title>CANADA: DBRS confirms Newcourt Credit ratings.</title>
<headline>DBRS confirms Newcourt Credit ratings.</headline>
<dateline>TORONTO 1997-08-07</dateline>
<text>
<p>Dominion Bond Rating Service on Thursday said it confirmed the long- and short-term ratings of Newcourt Credit Group Inc with a stable trend.  </p>
<p>The bond rating agency confirmed the ratings after Newcourt said it has entered an agreement to purchase Commcorp Financial Services Inc.</p>
<p>DBRS confirmed Newcourt's senior debt at A (low) and commercial paper at R-1 (low) with a stable trend. The rating agency also confirmed the commercial paper of Newcourt Credit Group USA Inc at R-1 (low) with a stable trend.  </p>
<p>While the acquisition will present short-term challenges on issues such as integration and impose significant demands on senior management time, DBRS said there are numerous positive considerations.</p>
<p>These positives include that fact that because Newcourt plans to issue new equity, leverage ratios will remain virtually unchanged at very conservative levels. Other positives cited by DBRS include the fact that the Canadian Imperial Bank of Commerce will shift its ownership interest in Commcorp to Newcourt.</p>
<p>The merger will strengthen Newcourt's already solid position in the Canadian commercial financial market and it is a good fit, DBRS said.</p>
<p>It added that the merger is expected to result in meaningful economy of scale cost benefits, adds a base of experienced staff for Newcourt's ongoing expansion plans and presents potential opportunities to expand some of Commcorp's vendor relationships outside of Canada.</p>
<p>((Jeffrey Hodgson (416) 941-8105, e-mail: jeffrey.hodgson@reuters.com))</p>
</text>
<copyright>(c) Reuters Limited 1997</copyright>
<metadata>
<codes class="bip:countries:1.0">
  <code code="CANA">
    <editdetail attribution="Reuters BIP Coding Group" action="confirmed" date="1997-08-07"/>
  </code>
</codes>
<codes class="bip:industries:1.0">
  <code code="I81402">
    <editdetail attribution="Reuters BIP Coding Group" action="confirmed" date="1997-08-07"/>
  </code>
  <code code="I81501">
    <editdetail attribution="Reuters BIP Coding Group" action="confirmed" date="1997-08-07"/>
  </code>
  <code code="I84000">
    <editdetail attribution="Reuters BIP Coding Group" action="confirmed" date="1997-08-07"/>
  </code>
</codes>
<codes class="bip:topics:1.0">
  <code code="C17">
    <editdetail attribution="Reuters BIP Coding Group" action="confirmed" date="1997-08-07"/>
  </code>
  <code code="C174">
    <editdetail attribution="Reuters BIP Coding Group" action="confirmed" date="1997-08-07"/>
  </code>
  <code code="C18">
    <editdetail attribution="Reuters BIP Coding Group" action="confirmed" date="1997-08-07"/>
  </code>
  <code code="C181">
    <editdetail attribution="Reuters BIP Coding Group" action="confirmed" date="1997-08-07"/>
  </code>
  <code code="CCAT">
    <editdetail attribution="Reuters BIP Coding Group" action="confirmed" date="1997-08-07"/>
  </code>
</codes>
<dc element="dc.date.created" value="1997-08-07"/>
<dc element="dc.publisher" value="Reuters Holdings Plc"/>
<dc element="dc.date.published" value="1997-08-07"/>
<dc element="dc.source" value="Reuters"/>
<dc element="dc.creator.location" value="TORONTO"/>
<dc element="dc.creator.location.country.name" value="CANADA"/>
<dc element="dc.source" value="Reuters"/>
</metadata>
</newsitem>
