<?xml version="1.0" encoding="iso-8859-1" ?>
<newsitem itemid="783873" id="root" date="1997-08-07" xml:lang="en">
<title>USA: TABLE - Industrial Holdings Q2 net rises.</title>
<headline>TABLE - Industrial Holdings Q2 net rises.</headline>
<dateline>HOUSTON 1997-08-07</dateline>
<text>
<p>Quarter Ended June 30  Six Months Ended June 30</p>
<p>	 (in thousands, except EPS)  (in thousands, except EPS)</p>
<p> Operations Data:    1997	 1996	 1997	   1996</p>
<p> Sales		 $21,291   $13,612    $38,595	 $25,627</p>
<p>Income from</p>
<p>  Operations	   1,829	 788	3,051	   1,471</p>
<p> Net Income		827	 319	1,345	     556</p>
<p>Earnings</p>
<p>  Per Share		.12	 .07	  .21	     .14</p>
<p>Common Stock</p>
<p>  Equivalents	  6,714     4,256	6,488	   3,965</p>
<p>((-- New York Newsdesk 212 859-1610))</p>
</text>
<copyright>(c) Reuters Limited 1997</copyright>
<metadata>
<codes class="bip:countries:1.0">
  <code code="USA">
    <editdetail attribution="Reuters BIP Coding Group" action="confirmed" date="1997-08-07"/>
  </code>
</codes>
<codes class="bip:topics:1.0">
  <code code="C15">
    <editdetail attribution="Reuters BIP Coding Group" action="confirmed" date="1997-08-07"/>
  </code>
  <code code="C151">
    <editdetail attribution="Reuters BIP Coding Group" action="confirmed" date="1997-08-07"/>
  </code>
  <code code="CCAT">
    <editdetail attribution="Reuters BIP Coding Group" action="confirmed" date="1997-08-07"/>
  </code>
</codes>
<dc element="dc.date.created" value="1997-08-07"/>
<dc element="dc.publisher" value="Reuters Holdings Plc"/>
<dc element="dc.date.published" value="1997-08-07"/>
<dc element="dc.source" value="Reuters"/>
<dc element="dc.creator.location" value="HOUSTON"/>
<dc element="dc.creator.location.country.name" value="USA"/>
<dc element="dc.source" value="Reuters"/>
</metadata>
</newsitem>
