<?xml version="1.0" encoding="iso-8859-1" ?>
<newsitem itemid="783824" id="root" date="1997-08-07" xml:lang="en">
<title>CANADA: Shell Canada lowers heavy oil prices.</title>
<headline>Shell Canada lowers heavy oil prices.</headline>
<text>
<p>COMPANY	 EFF DATE   BOW RIVER   HARDISTY     MEDIUM,</p>
<p>(CDLR/M3)			BLEND     MEDIUM**     CROMER</p>
<p>IMPERIAL	08/05/97    140.00	  --	  154.00</p>
<p>SHELL CANADA  08/06/97	--	  154.00	151.00</p>
<p>SUNCOR	  08/05/97	--	    --	  153.00</p>
<p>PETRO-CANADA  08/05/97	--	  138.00*	 --</p>
<p>KOCH OIL	08/06/97    138.00	155.00	151.00</p>
<p>Bow River Blend, Hardisty.....24.9 API, 2.1 pct sulphur</p>
<p>Hardisty Medium...............29.3 API, 1.6 pct sulphur</p>
<p>*Petro-Can Hardisty Medium....25.7 API, 2.1 pct sulphur</p>
<p>Medium at Cromer, Man.........29.3 API, 2.0 pct sulphur</p>
</text>
<copyright>(c) Reuters Limited 1997</copyright>
<metadata>
<codes class="bip:countries:1.0">
  <code code="CANA">
    <editdetail attribution="Reuters BIP Coding Group" action="confirmed" date="1997-08-07"/>
  </code>
</codes>
<codes class="bip:topics:1.0">
  <code code="M14">
    <editdetail attribution="Reuters BIP Coding Group" action="confirmed" date="1997-08-07"/>
  </code>
  <code code="M143">
    <editdetail attribution="Reuters BIP Coding Group" action="confirmed" date="1997-08-07"/>
  </code>
  <code code="MCAT">
    <editdetail attribution="Reuters BIP Coding Group" action="confirmed" date="1997-08-07"/>
  </code>
</codes>
<dc element="dc.publisher" value="Reuters Holdings Plc"/>
<dc element="dc.date.published" value="1997-08-07"/>
<dc element="dc.source" value="Reuters"/>
<dc element="dc.creator.location.country.name" value="CANADA"/>
<dc element="dc.source" value="Reuters"/>
</metadata>
</newsitem>
