<?xml version="1.0" encoding="iso-8859-1" ?>
<newsitem itemid="783961" id="root" date="1997-08-07" xml:lang="en">
<title>USA: Coke Enterprises sees dilution from buys.</title>
<headline>Coke Enterprises sees dilution from buys.</headline>
<dateline>ATLANTA 1997-08-07</dateline>
<text>
<p>Coca-Cola Enterprises Inc said Thursday that it expects dilution from its acquisition of Coca-Cola Co's interest in Coke New York and Coke Canada to be about $0.02 a share in the third quarter and $0.03 a share in the fourth quarter of 1997.</p>
<p>Coca-Cola Enterprises said it expects that the acquisition will be dilutive to 1998 results by slightly more than $0.05 a share.</p>
<p>In a press release, Coke Enterprises said it has completed its acquisition of Coca-Cola' 49 percent interest in Coca-Cola Bottling Co of New York Inc and 48 percent interest in Coca-Cola Beverages Ltd, or Coke Canada.</p>
<p>Coca-Cola Enterprises also reported that it expects third quarter noncash selling, delivery, and administrative expenses related to certain performance-based stock compensation plans to exceed current expectations by about $35 million, or $0.05 a share.</p>
<p>The company also said that the British government has decreased the corporate tax rate to 31 percent from 33 percent, which will result in a third quarter 1997 tax benefit of about $58 million, or $0.15 a share.</p>
</text>
<copyright>(c) Reuters Limited 1997</copyright>
<metadata>
<codes class="bip:countries:1.0">
  <code code="USA">
    <editdetail attribution="Reuters BIP Coding Group" action="confirmed" date="1997-08-07"/>
  </code>
</codes>
<codes class="bip:industries:1.0">
  <code code="I42800">
    <editdetail attribution="Reuters BIP Coding Group" action="confirmed" date="1997-08-07"/>
  </code>
</codes>
<codes class="bip:topics:1.0">
  <code code="C15">
    <editdetail attribution="Reuters BIP Coding Group" action="confirmed" date="1997-08-07"/>
  </code>
  <code code="C152">
    <editdetail attribution="Reuters BIP Coding Group" action="confirmed" date="1997-08-07"/>
  </code>
  <code code="C18">
    <editdetail attribution="Reuters BIP Coding Group" action="confirmed" date="1997-08-07"/>
  </code>
  <code code="C181">
    <editdetail attribution="Reuters BIP Coding Group" action="confirmed" date="1997-08-07"/>
  </code>
  <code code="CCAT">
    <editdetail attribution="Reuters BIP Coding Group" action="confirmed" date="1997-08-07"/>
  </code>
</codes>
<dc element="dc.date.created" value="1997-08-07"/>
<dc element="dc.publisher" value="Reuters Holdings Plc"/>
<dc element="dc.date.published" value="1997-08-07"/>
<dc element="dc.source" value="Reuters"/>
<dc element="dc.creator.location" value="ATLANTA"/>
<dc element="dc.creator.location.country.name" value="USA"/>
<dc element="dc.source" value="Reuters"/>
</metadata>
</newsitem>
