<?xml version="1.0" encoding="iso-8859-1" ?>
<newsitem itemid="783949" id="root" date="1997-08-07" xml:lang="en">
<title>USA: U.S. judge schedules Friday hearing on UPS motion.</title>
<headline>U.S. judge schedules Friday hearing on UPS motion.</headline>
<dateline>BOSTON 1997-08-07</dateline>
<text>
<p>A federal judge in Boston scheduled a hearing for Friday on a motion by United Parcel Service of America Inc to prevent strikers from interfering with the giant shipper's operations.</p>
<p>U.S. District Judge George O'Toole scheduled an 1100 EDT (1500 GMT) hearing in Boston federal court, his clerk said. The motion seeks to prevent striking Teamsters in Massachusetts from interfering with the company's operations.</p>
<p>At least 47 strikers have been arrested in clashes with police at UPS facilities in the Boston area since the job action began at midnight Sunday, according to the motion.</p>
<p>Similar motions were also filed in a court in Ontario, Calif., and other areas where workers have tried to block business operations, UPS spokeswoman Jennifer Jiles confirmed.</p>
<p>Jiles said workers have tried to block working employees from entering facilities and delivery trucks from leaving at plants in Boston and Ontario, Calif., and elsewhere.</p>
<p>&quot;There are other areas dispersed sporadically around the country where there have been incidents,&quot; she said. &quot;They have been doing things like lying down on the road. For their own safety, we are doing this,&quot; she added. Meanwhile, talks between the striking Teamsters and UPS resumed in Washington.</p>
<p>((--Boston bureau, 617-367-4106))</p>
</text>
<copyright>(c) Reuters Limited 1997</copyright>
<metadata>
<codes class="bip:countries:1.0">
  <code code="USA">
    <editdetail attribution="Reuters BIP Coding Group" action="confirmed" date="1997-08-07"/>
  </code>
</codes>
<codes class="bip:industries:1.0">
  <code code="I79010">
    <editdetail attribution="Reuters BIP Coding Group" action="confirmed" date="1997-08-07"/>
  </code>
</codes>
<codes class="bip:topics:1.0">
  <code code="C12">
    <editdetail attribution="Reuters BIP Coding Group" action="confirmed" date="1997-08-07"/>
  </code>
  <code code="C24">
    <editdetail attribution="Reuters BIP Coding Group" action="confirmed" date="1997-08-07"/>
  </code>
  <code code="CCAT">
    <editdetail attribution="Reuters BIP Coding Group" action="confirmed" date="1997-08-07"/>
  </code>
  <code code="E41">
    <editdetail attribution="Reuters BIP Coding Group" action="confirmed" date="1997-08-07"/>
  </code>
  <code code="ECAT">
    <editdetail attribution="Reuters BIP Coding Group" action="confirmed" date="1997-08-07"/>
  </code>
  <code code="GCAT">
    <editdetail attribution="Reuters BIP Coding Group" action="confirmed" date="1997-08-07"/>
  </code>
  <code code="GCRIM">
    <editdetail attribution="Reuters BIP Coding Group" action="confirmed" date="1997-08-07"/>
  </code>
  <code code="GJOB">
    <editdetail attribution="Reuters BIP Coding Group" action="confirmed" date="1997-08-07"/>
  </code>
</codes>
<dc element="dc.date.created" value="1997-08-07"/>
<dc element="dc.publisher" value="Reuters Holdings Plc"/>
<dc element="dc.date.published" value="1997-08-07"/>
<dc element="dc.source" value="Reuters"/>
<dc element="dc.creator.location" value="BOSTON"/>
<dc element="dc.creator.location.country.name" value="USA"/>
<dc element="dc.source" value="Reuters"/>
</metadata>
</newsitem>
