<?xml version="1.0" encoding="iso-8859-1" ?>
<newsitem itemid="783979" id="root" date="1997-08-07" xml:lang="en">
<title>USA: KC Fed's Hoenig says U.S. economy in good shape.</title>
<headline>KC Fed's Hoenig says U.S. economy in good shape.</headline>
<dateline>JEFFERSON CITY, Mo. 1997-08-07</dateline>
<text>
<p>President of the Federal Reserve Bank of Kansas City Thomas Hoenig said the U.S. economy is performing well across the board, but highlighted the central bank's dilemma on inflation.  </p>
<p>Addressing a seminar sponsored by the Missouri State Treasurer here on Thursday, he said, &quot;It's a pleasure to be talking about the economy since it is uniformly very good everywhere I've gone in the country. It is a strong economy doing very well.&quot;</p>
<p>Still, Hoenig said, in the second quarter American consumers took a breather and slowed spending somewhat, although businesses appear to have &quot;picked up the slack.&quot;</p>
<p>Also, Hoenig said, in the second quarter the inventory-to-sales ratio remained very modest, manufacturing continued to grow and residential investment remained resilient.  </p>
<p>&quot;The one sector that appears somewhat sluggish right now is of course the export (sector) where the strong dollar and the sluggish growth abroad has softened demand for our goods,&quot; Hoenig said.</p>
<p>Turning to inflation, Hoenig said despite strong economic growth, the U.S. has been fortunate that price pressures have remained moderate. But, he said, while inflation trends have been favorable, central bankers still need to be cautious about inflation.</p>
<p>&quot;The critical issue is whether the strong growth in demand will be matched by continued strong growth in supply. If not, demand outstrips supply and we will have increased inflation.&quot;  </p>
<p>Helping the low-inflation scenario, Hoeing said, was a strong U.S. dollar.</p>
<p>As from where inflation might rear its ugly head in the future, the Kansas City Fed president said labor benefit costs bear watching. In addition, he pointed to upside risk on inflation given the historically low unemployment rate.</p>
<p>&quot;There is some upside risk when you look at that very favorable employment rate,&quot; he said.</p>
<p>Finally, Hoenig said the central bank faced a dilemma in the current inflation environment.</p>
<p>&quot;You don't want to act too soon, but you also don't want to wait too long, so you watch these numbers very carefully,&quot; he said.</p>
<p>(( -- Greg Frost, 816-561-8671 ))</p>
</text>
<copyright>(c) Reuters Limited 1997</copyright>
<metadata>
<codes class="bip:countries:1.0">
  <code code="USA">
    <editdetail attribution="Reuters BIP Coding Group" action="confirmed" date="1997-08-07"/>
  </code>
</codes>
<codes class="bip:topics:1.0">
  <code code="E11">
    <editdetail attribution="Reuters BIP Coding Group" action="confirmed" date="1997-08-07"/>
  </code>
  <code code="ECAT">
    <editdetail attribution="Reuters BIP Coding Group" action="confirmed" date="1997-08-07"/>
  </code>
</codes>
<dc element="dc.date.created" value="1997-08-07"/>
<dc element="dc.publisher" value="Reuters Holdings Plc"/>
<dc element="dc.date.published" value="1997-08-07"/>
<dc element="dc.source" value="Reuters"/>
<dc element="dc.creator.location" value="JEFFERSON CITY, Mo."/>
<dc element="dc.creator.location.country.name" value="USA"/>
<dc element="dc.source" value="Reuters"/>
</metadata>
</newsitem>
