<?xml version="1.0" encoding="iso-8859-1" ?>
<newsitem itemid="783962" id="root" date="1997-08-07" xml:lang="en">
<title>USA: TABLE - Aasche Transportation Q2 profit.</title>
<headline>TABLE - Aasche Transportation Q2 profit.</headline>
<dateline>SHANNON, Ill. 1997-08-07</dateline>
<text>
<p>Three Months Ended  Six Months Ended</p>
<p>				    June 30,	     June 30,</p>
<p>			     1997	 1996	 1997	 1996</p>
<p> NET REVENUES	  $16,799    $20,051    $34,111    $39,089</p>
<p>OPERATING EXPENSES:</p>
<p>Salaries, wages and benefits</p>
<p>			     5,723	6,831     11,868     13,239</p>
<p>   Fuel		    2,724	3,207	5,823	6,296</p>
<p>Purchased transportation</p>
<p>			     2,789	2,638	5,614	5,536</p>
<p>Supplies and maintenance</p>
<p>			     1,710	1,911	3,198	3,612</p>
<p>Depreciation and amortization</p>
<p>			     1,245	1,935	2,64l	4,126</p>
<p>   Taxes and licenses    420	  341	  882	  832</p>
<p>   Insurance		 482	  876	  993	1,530</p>
<p>Communications and utilities</p>
<p>				 202	  198	  424	  400</p>
<p>(Gain) loss on disposition</p>
<p>	equipment	   (27)	   38	 (64)	   68</p>
<p>   Litigation settlement  --	   --	   --	  150</p>
<p>Polar Expenses restructuring</p>
<p>				  --	  490	   --	  490</p>
<p>   Severance		  --	   42	   --	   42</p>
<p>   Other		     497	  696	1,012	  949</p>
<p>Total operating expenses</p>
<p>			    15,765     19,203     32,391     37,270</p>
<p>   OPERATING INCOME    1,034	  848	1,720	1,819</p>
<p>OTHER (EXPENSES) INCOME</p>
<p>     Interest expense  (586)	(873)    (1,173)    (1,837)</p>
<p>     Other		    12	   35	   16	   58</p>
<p>INCOME BEFORE INCOME TAX</p>
<p>     PROVISION	     460	   10	  563	   40</p>
<p>INCOME TAX PROVISION</p>
<p>			     (175)	 (55)	(214)	 (15)</p>
<p>   NET INCOME (LOSS)     285	 (45)	  349	   25</p>
<p>NET INCOME (LOSS) PER</p>
<p>     COMMON SHARE	 0.07     (0.01)	 0.09	 0.01</p>
<p>Weighted average common and</p>
<p>common equivalent shares</p>
<p>     outstanding   4,097,559  3,946,930  4,095,375  3,941,052</p>
<p>	  (in thousands, except per share and share data)</p>
<p>NOTE: Aasche Transportation Services Inc is full company name.</p>
<p>		 ((Chicago newsdesk 312 408 8787))</p>
</text>
<copyright>(c) Reuters Limited 1997</copyright>
<metadata>
<codes class="bip:countries:1.0">
  <code code="USA">
    <editdetail attribution="Reuters BIP Coding Group" action="confirmed" date="1997-08-07"/>
  </code>
</codes>
<codes class="bip:industries:1.0">
  <code code="I72300">
    <editdetail attribution="Reuters BIP Coding Group" action="confirmed" date="1997-08-07"/>
  </code>
</codes>
<codes class="bip:topics:1.0">
  <code code="C15">
    <editdetail attribution="Reuters BIP Coding Group" action="confirmed" date="1997-08-07"/>
  </code>
  <code code="C151">
    <editdetail attribution="Reuters BIP Coding Group" action="confirmed" date="1997-08-07"/>
  </code>
  <code code="CCAT">
    <editdetail attribution="Reuters BIP Coding Group" action="confirmed" date="1997-08-07"/>
  </code>
</codes>
<dc element="dc.date.created" value="1997-08-07"/>
<dc element="dc.publisher" value="Reuters Holdings Plc"/>
<dc element="dc.date.published" value="1997-08-07"/>
<dc element="dc.source" value="Reuters"/>
<dc element="dc.creator.location" value="SHANNON, Ill."/>
<dc element="dc.creator.location.country.name" value="USA"/>
<dc element="dc.source" value="Reuters"/>
</metadata>
</newsitem>
