<?xml version="1.0" encoding="iso-8859-1" ?>
<newsitem itemid="783991" id="root" date="1997-08-07" xml:lang="en">
<title>USA: DQE holders approve Alleheny Power merger.</title>
<headline>DQE holders approve Alleheny Power merger.</headline>
<dateline>PITTSBURGH 1997-08-07</dateline>
<text>
<p>DQE Inc, the parent organization of Duquesne Light Co, said on Thursday that its shareholders approved a proposed merger with Allegheny Power System Inc.</p>
<p>Later today, shareholders of Allegheny Power will vote on the deal, DQE said.</p>
<p>Completion of the merger, which will create the tenth largest investor-owned electric utility in the country, is expected to clear all regulatory agencies and take effect May 1998.</p>
<p>The formation of Allegheny Energy, which will be the name of the combined company, will result in a company with a combined equity value of $6.2 billion, serving two million customers in five states, DQE said.</p>
<p>The merger must be approved by several state and federal agencies including the Pennsylvania Public Utility Commission, the Federal Energy Regulatory Commission, the Nuclear Regulatory Commission and the Maryland Public Service Commission, the company said.</p>
</text>
<copyright>(c) Reuters Limited 1997</copyright>
<metadata>
<codes class="bip:countries:1.0">
  <code code="USA">
    <editdetail attribution="Reuters BIP Coding Group" action="confirmed" date="1997-08-07"/>
  </code>
</codes>
<codes class="bip:industries:1.0">
  <code code="I16100">
    <editdetail attribution="Reuters BIP Coding Group" action="confirmed" date="1997-08-07"/>
  </code>
</codes>
<codes class="bip:topics:1.0">
  <code code="C18">
    <editdetail attribution="Reuters BIP Coding Group" action="confirmed" date="1997-08-07"/>
  </code>
  <code code="C181">
    <editdetail attribution="Reuters BIP Coding Group" action="confirmed" date="1997-08-07"/>
  </code>
  <code code="CCAT">
    <editdetail attribution="Reuters BIP Coding Group" action="confirmed" date="1997-08-07"/>
  </code>
</codes>
<dc element="dc.date.created" value="1997-08-07"/>
<dc element="dc.publisher" value="Reuters Holdings Plc"/>
<dc element="dc.date.published" value="1997-08-07"/>
<dc element="dc.source" value="Reuters"/>
<dc element="dc.creator.location" value="PITTSBURGH"/>
<dc element="dc.creator.location.country.name" value="USA"/>
<dc element="dc.source" value="Reuters"/>
</metadata>
</newsitem>
