<?xml version="1.0" encoding="iso-8859-1" ?>
<newsitem itemid="783989" id="root" date="1997-08-07" xml:lang="en">
<title>USA: Washington Nat'l holder opposes deal.</title>
<headline>Washington Nat'l holder opposes deal.</headline>
<dateline>NEW YORK 1997-08-07</dateline>
<text>
<p>Paulson &amp; Co, an investment management firm with a 6.2 percent stake in Washington National Corp, said it opposes the life insurer's proposed merger with PennCorp Financial Group, calling the terms of the deal &quot;inadequate.&quot;</p>
<p>PennCorp agreed in November to acquire Washington National for $29.50 a share in cash and stock in a deal valued at $400 million.  </p>
<p>But John Paulson, a principal with Paulson &amp; Co, said that the price negotiated nine months ago is no longer adequate in today's marketplace.</p>
<p>The price PennCorp agreed to pay was below book value. But other life insurers have been sold recently at much higher values, he said.</p>
<p>Internationale Nederlanden Groep NV agreed to buy Equitable of Iowa Cos for 2.6 times book value and Lincoln National Corp agreed to buy CIGNA Corp's individual life insurance business for three times book value, he said.  </p>
<p>&quot;This deal was announced almost nine months ago and over the course of the nine months the valuation multiples both public and private have risen considerably,&quot; Paulson said in a a telephone interview with Reuters.</p>
<p>&quot;So the price they negotiated nine months ago does not appear adequate in today's market environment,&quot; he said.</p>
<p>PennCorp was not immediately available for comment. Washington National declined immediate comment.  </p>
<p>In a letter to Washington National chief executive Robert Patin, Paulson said he would support a plan that would allow the deal to expire on August 30, if PennCorp were unwilling to raise its bid, and have Morgan Stanley, the company's investment banker, re-solicit potential purchasers.</p>
<p>In addition, given the increase in life insurance valuations since the deal was announced, he said he doubted Morgan Stanley would be able to update its fairness opinion on the deal at the $29.50 a share price.  </p>
<p>PennCorp, a New York-based insurance holding company, underwrites and markets life, annuities and accident insurance through its subsidiaries to the middle market in the United States, Canada and Caribbean.</p>
<p>An investment fund affiliated with PennCorp earlier this week agreed to participate in a management buyout of the insurance brokerage operations of Acordia Inc from Anthem Inc.</p>
<p>Knightsbridge Capital LLC, the general partner of Knightsbridge Capital Fund, which is affiliated with PennCorp and Wand Partners, agreed to pay $320 million in cash and debt for Acordia.</p>
<p>Washington National, based in Lincolnshire, Ill., is an insurance holding company whose two main operating subsidiaries are Washington National Insurance Co, a writer of disability products to the educator market, and United Presidential Life, a writer of universal life products.</p>
<p>((Patricia Vowinkel 212-859-1716))</p>
</text>
<copyright>(c) Reuters Limited 1997</copyright>
<metadata>
<codes class="bip:countries:1.0">
  <code code="USA">
    <editdetail attribution="Reuters BIP Coding Group" action="confirmed" date="1997-08-07"/>
  </code>
</codes>
<codes class="bip:industries:1.0">
  <code code="I81402">
    <editdetail attribution="Reuters BIP Coding Group" action="confirmed" date="1997-08-07"/>
  </code>
  <code code="I82001">
    <editdetail attribution="Reuters BIP Coding Group" action="confirmed" date="1997-08-07"/>
  </code>
  <code code="I82002">
    <editdetail attribution="Reuters BIP Coding Group" action="confirmed" date="1997-08-07"/>
  </code>
</codes>
<codes class="bip:topics:1.0">
  <code code="C18">
    <editdetail attribution="Reuters BIP Coding Group" action="confirmed" date="1997-08-07"/>
  </code>
  <code code="C181">
    <editdetail attribution="Reuters BIP Coding Group" action="confirmed" date="1997-08-07"/>
  </code>
  <code code="CCAT">
    <editdetail attribution="Reuters BIP Coding Group" action="confirmed" date="1997-08-07"/>
  </code>
</codes>
<dc element="dc.date.created" value="1997-08-07"/>
<dc element="dc.publisher" value="Reuters Holdings Plc"/>
<dc element="dc.date.published" value="1997-08-07"/>
<dc element="dc.source" value="Reuters"/>
<dc element="dc.creator.location" value="NEW YORK"/>
<dc element="dc.creator.location.country.name" value="USA"/>
<dc element="dc.source" value="Reuters"/>
</metadata>
</newsitem>
