<?xml version="1.0" encoding="iso-8859-1" ?>
<newsitem itemid="783975" id="root" date="1997-08-07" xml:lang="en">
<title>USA: KC Fed's Hoenig sees more consolidation in banking.</title>
<headline>KC Fed's Hoenig sees more consolidation in banking.</headline>
<dateline>JEFFSERSON CITY, Mo. 1997-08-07</dateline>
<text>
<p>President of the Federal Reserve Bank of Kansas City Thomas Hoenig said Thursday he expected recent consolidation in the banking industry to continue due to advancements in technology.  </p>
<p>Addressing a seminar sponsored by the Missouri State Treasurer here, Hoenig said, &quot;We're seeing a very significant consolidation of the banking industry.</p>
<p>&quot;This consolidation is really occurring for a couple of reasons. One (reason) is we have an enormous advance in technology,&quot; allowing investment managers to develop new products and instruments.</p>
<p>In addition, Hoenig said advances in communications are enabling the investment community to inform potential investors of such new products.  </p>
<p>Speaking to reporters after the session, Hoenig said the local job market was tight, reflective, in his opinion, of the rest of the nation.</p>
<p>&quot;We are finding the (local) jobs market tight, both at the entry level and especially for high-tech areas, and it's very similar, I think, to much of the rest of the country,&quot; the Kansas City Fed chief said.</p>
<p>Asked if there were any great anomalies between the Tenth U.S. Economic District and the remainder of the country, Hoenig said he did not know of any.</p>
<p>&quot;Our manufacturing is good; as I said our demand for labor is strong ... and agriculture is doing reasonably well,&quot; he said.</p>
<p>(( -- Greg Frost, 816-561-8671 ))</p>
</text>
<copyright>(c) Reuters Limited 1997</copyright>
<metadata>
<codes class="bip:countries:1.0">
  <code code="USA">
    <editdetail attribution="Reuters BIP Coding Group" action="confirmed" date="1997-08-07"/>
  </code>
</codes>
<codes class="bip:industries:1.0">
  <code code="I81402">
    <editdetail attribution="Reuters BIP Coding Group" action="confirmed" date="1997-08-07"/>
  </code>
</codes>
<codes class="bip:topics:1.0">
  <code code="C18">
    <editdetail attribution="Reuters BIP Coding Group" action="confirmed" date="1997-08-07"/>
  </code>
  <code code="C181">
    <editdetail attribution="Reuters BIP Coding Group" action="confirmed" date="1997-08-07"/>
  </code>
  <code code="CCAT">
    <editdetail attribution="Reuters BIP Coding Group" action="confirmed" date="1997-08-07"/>
  </code>
</codes>
<dc element="dc.date.created" value="1997-08-07"/>
<dc element="dc.publisher" value="Reuters Holdings Plc"/>
<dc element="dc.date.published" value="1997-08-07"/>
<dc element="dc.source" value="Reuters"/>
<dc element="dc.creator.location" value="JEFFSERSON CITY, Mo."/>
<dc element="dc.creator.location.country.name" value="USA"/>
<dc element="dc.source" value="Reuters"/>
</metadata>
</newsitem>
