<?xml version="1.0" encoding="iso-8859-1" ?>
<newsitem itemid="783948" id="root" date="1997-08-07" xml:lang="en">
<title>USA: Toyota calls Republic suit without merit.</title>
<headline>Toyota calls Republic suit without merit.</headline>
<dateline>TORRANCE, Calif. 1997-08-07</dateline>
<text>
<p>Toyota Motor Corp's U.S. subsidiary said on Thursday that Republic Industries Inc's lawsuit against Toyota over the ownership of car dealerships is without merit.</p>
<p>&quot;There is no merit to Republic's allegations.  It is a desperate attempt to blame Toyota for Republic's own shortcomings,&quot; Toyota Motor Sales U.S.A vice president Yale Gieszl said in a statement.</p>
<p>Toyota claims that Republic intends to buy Toyota dealerships without having its performance evaluated.  </p>
<p>Republic said earlier today that it filed a petition with the Tennessee Motor Vehicle Commission seeking declaratory judgment, injunctive relief, and civil and criminal penalties and sanctions against Toyota.</p>
</text>
<copyright>(c) Reuters Limited 1997</copyright>
<metadata>
<codes class="bip:countries:1.0">
  <code code="USA">
    <editdetail attribution="Reuters BIP Coding Group" action="confirmed" date="1997-08-07"/>
  </code>
</codes>
<codes class="bip:industries:1.0">
  <code code="I35101">
    <editdetail attribution="Reuters BIP Coding Group" action="confirmed" date="1997-08-07"/>
  </code>
  <code code="I92110">
    <editdetail attribution="Reuters BIP Coding Group" action="confirmed" date="1997-08-07"/>
  </code>
</codes>
<codes class="bip:topics:1.0">
  <code code="C12">
    <editdetail attribution="Reuters BIP Coding Group" action="confirmed" date="1997-08-07"/>
  </code>
  <code code="CCAT">
    <editdetail attribution="Reuters BIP Coding Group" action="confirmed" date="1997-08-07"/>
  </code>
  <code code="GCAT">
    <editdetail attribution="Reuters BIP Coding Group" action="confirmed" date="1997-08-07"/>
  </code>
  <code code="GCRIM">
    <editdetail attribution="Reuters BIP Coding Group" action="confirmed" date="1997-08-07"/>
  </code>
</codes>
<dc element="dc.date.created" value="1997-08-07"/>
<dc element="dc.publisher" value="Reuters Holdings Plc"/>
<dc element="dc.date.published" value="1997-08-07"/>
<dc element="dc.source" value="Reuters"/>
<dc element="dc.creator.location" value="TORRANCE, Calif."/>
<dc element="dc.creator.location.country.name" value="USA"/>
<dc element="dc.source" value="Reuters"/>
</metadata>
</newsitem>
