<?xml version="1.0" encoding="iso-8859-1" ?>
<newsitem itemid="783911" id="root" date="1997-08-07" xml:lang="en">
<title>USA: TABLE - Southwest Gas Q2 results.</title>
<headline>TABLE - Southwest Gas Q2 results.</headline>
<dateline>LAS VEGAS 1997-08-07</dateline>
<text>
<p>SOUTHWEST GAS CONSOLIDATED EARNINGS DIGEST</p>
<p>						     1997	     1996</p>
<p>Quarter Ended June 30</p>
<p> Operating Revenues		  $136,938,000    $123,611,000</p>
<p>Net Loss Applicable to Common</p>
<p>  Stock				    12,748,000	11,943,000</p>
<p>Average Number Of Common Shares</p>
<p>     outstanding			 27,002,000	25,817,000</p>
<p> Loss Per Share of Common Stock	    0.47		0.46</p>
<p>Six Months  June 30,</p>
<p> Operating Revenues		   372,169,000     311,963,000</p>
<p>Net Income Applicable to Common</p>
<p>  Stock				     8,820,000	 2,916,000</p>
<p>Average Number of Common Shares</p>
<p>  Outstanding			    26,910,000	25,211,000</p>
<p> Earnings Per Share of Common Stock	0.33		0.12</p>
<p>Twelve Months Ended June 30</p>
<p> Operating Revenues		   704,267,000     549,755,000</p>
<p>Net Income - Continuing Operations</p>
<p>					     12,478,000	 1,072,000</p>
<p>Net Income (Loss) Applicable to</p>
<p>    Common Stock			 12,478,000    (17,387,000)</p>
<p>Average Number of Common Shares</p>
<p>    Outstanding			  26,733,000	24,773,000</p>
<p>Earnings Per Share from Continuing</p>
<p>    Operations				   0.47		0.04</p>
<p>Earnings (Loss) Per Share of</p>
<p>    Common Stock				 0.47	    (0.70)</p>
</text>
<copyright>(c) Reuters Limited 1997</copyright>
<metadata>
<codes class="bip:countries:1.0">
  <code code="USA">
    <editdetail attribution="Reuters BIP Coding Group" action="confirmed" date="1997-08-07"/>
  </code>
</codes>
<codes class="bip:industries:1.0">
  <code code="I16200">
    <editdetail attribution="Reuters BIP Coding Group" action="confirmed" date="1997-08-07"/>
  </code>
</codes>
<codes class="bip:topics:1.0">
  <code code="C15">
    <editdetail attribution="Reuters BIP Coding Group" action="confirmed" date="1997-08-07"/>
  </code>
  <code code="C151">
    <editdetail attribution="Reuters BIP Coding Group" action="confirmed" date="1997-08-07"/>
  </code>
  <code code="CCAT">
    <editdetail attribution="Reuters BIP Coding Group" action="confirmed" date="1997-08-07"/>
  </code>
</codes>
<dc element="dc.date.created" value="1997-08-07"/>
<dc element="dc.publisher" value="Reuters Holdings Plc"/>
<dc element="dc.date.published" value="1997-08-07"/>
<dc element="dc.source" value="Reuters"/>
<dc element="dc.creator.location" value="LAS VEGAS"/>
<dc element="dc.creator.location.country.name" value="USA"/>
<dc element="dc.source" value="Reuters"/>
</metadata>
</newsitem>
