<?xml version="1.0" encoding="iso-8859-1" ?>
<newsitem itemid="783968" id="root" date="1997-08-07" xml:lang="en">
<title>USA: RESEARCH ALERT - Sara Lee rating cut.</title>
<headline>RESEARCH ALERT - Sara Lee rating cut.</headline>
<dateline>NEW YORK 1997-08-07</dateline>
<text>
<p>Goldman Sachs analyst Nomi Ghez on Thursday cut her rating on food and consumer products company Sara Lee Corp to a market performer from market outperformer.</p>
<p>-- &quot;...(W)e believe a second year of single digit operating income, combined with continuing hosiery difficulties are likely to put a lid on the stock's appreciation in the current market environment,&quot; Ghez said in a report.  &quot;We believe the downside risk in the stock is limited due to its year-to-date relative underperformance, and continuing active share buybacks.&quot;  </p>
<p>-- Earlier, Sara Lee reported earnings for the fourth quarter of $0.57 a share, up from $0.52 a year ago.</p>
<p>-- Sara Lee said all of its four business units reported gains in operating profit.  In Personal Products, however, worldwide legwear units fell seven percent during the quarter, reflecting a nine percent decline in sheer hosiery unit volume and a one percent increase in socks.</p>
<p>-- Ghez said the earnings were in line with her estimates, but added operating income for Sara Lee was up only by a single-digit percentage in the fourth quarter and fiscal 1997, largely due to the effects of foreign currencies.</p>
<p>-- The analyst said she maintained her fiscal 1998 earnings estimate at $2.25 a share but said she now expected these results to be achieved with lower than previously expected tax rate and operating income up only by a mid-single-digit rate.</p>
<p>-- Sarea Lee shares were off 1-2/16 at 43-9/16.</p>
<p>((Reuters Chicago Newsdesk (312) 408-8787))</p>
</text>
<copyright>(c) Reuters Limited 1997</copyright>
<metadata>
<codes class="bip:countries:1.0">
  <code code="USA">
    <editdetail attribution="Reuters BIP Coding Group" action="confirmed" date="1997-08-07"/>
  </code>
</codes>
<codes class="bip:industries:1.0">
  <code code="I41000">
    <editdetail attribution="Reuters BIP Coding Group" action="confirmed" date="1997-08-07"/>
  </code>
</codes>
<codes class="bip:topics:1.0">
  <code code="C15">
    <editdetail attribution="Reuters BIP Coding Group" action="confirmed" date="1997-08-07"/>
  </code>
  <code code="C152">
    <editdetail attribution="Reuters BIP Coding Group" action="confirmed" date="1997-08-07"/>
  </code>
  <code code="CCAT">
    <editdetail attribution="Reuters BIP Coding Group" action="confirmed" date="1997-08-07"/>
  </code>
</codes>
<dc element="dc.date.created" value="1997-08-07"/>
<dc element="dc.publisher" value="Reuters Holdings Plc"/>
<dc element="dc.date.published" value="1997-08-07"/>
<dc element="dc.source" value="Reuters"/>
<dc element="dc.creator.location" value="NEW YORK"/>
<dc element="dc.creator.location.country.name" value="USA"/>
<dc element="dc.source" value="Reuters"/>
</metadata>
</newsitem>
