<?xml version="1.0" encoding="iso-8859-1" ?>
<newsitem itemid="783980" id="root" date="1997-08-07" xml:lang="en">
<title>USA: Wall Street gains as bonds rise after auction.</title>
<headline>Wall Street gains as bonds rise after auction.</headline>
<dateline>NEW YORK 1997-08-07</dateline>
<text>
<p>U.S. stocks rose in afternoon trade on Thursday, tracking bonds higher after a $10 billion Treasury auction of 30-year bonds was seen as yielding reasonably solid results.</p>
<p>The Dow Jones Industrial average, which opened higher then drifted down to negative territory, recouped some losses. It was up 14 points at 8273 as the long bond rose 10/32, its yield declining to 6.46 percent.</p>
<p>The Nasdaq composite also edged higher, gaining two points to 1633.  </p>
<p>The U.S. Treasury sold 30-year bonds at an average yield of 6.445 percent, in the final leg of its quarterly refunding operation.</p>
<p>((Wall Street desk 212-859-1730))</p>
</text>
<copyright>(c) Reuters Limited 1997</copyright>
<metadata>
<codes class="bip:countries:1.0">
  <code code="USA">
    <editdetail attribution="Reuters BIP Coding Group" action="confirmed" date="1997-08-07"/>
  </code>
</codes>
<codes class="bip:topics:1.0">
  <code code="M11">
    <editdetail attribution="Reuters BIP Coding Group" action="confirmed" date="1997-08-07"/>
  </code>
  <code code="M12">
    <editdetail attribution="Reuters BIP Coding Group" action="confirmed" date="1997-08-07"/>
  </code>
  <code code="MCAT">
    <editdetail attribution="Reuters BIP Coding Group" action="confirmed" date="1997-08-07"/>
  </code>
</codes>
<dc element="dc.date.created" value="1997-08-07"/>
<dc element="dc.publisher" value="Reuters Holdings Plc"/>
<dc element="dc.date.published" value="1997-08-07"/>
<dc element="dc.source" value="Reuters"/>
<dc element="dc.creator.location" value="NEW YORK"/>
<dc element="dc.creator.location.country.name" value="USA"/>
<dc element="dc.source" value="Reuters"/>
</metadata>
</newsitem>
