<?xml version="1.0" encoding="iso-8859-1" ?>
<newsitem itemid="783966" id="root" date="1997-08-07" xml:lang="en">
<title>USA: Ford to recall some Windstars, Taurus and Sables.</title>
<headline>Ford to recall some Windstars, Taurus and Sables.</headline>
<dateline>DETROIT 1997-08-07</dateline>
<text>
<p>Ford Motor Co said Thursday it is making a safety recall of 63,500 1997 and 1998 Windstar minivans and 47,300 1997 Taurus and Sable cars.</p>
<p>The vehicles, which contain AX4S automatic transaxles, are being recalled because the transaxle servo cover may fracture and result in the loss of transmission fluid on some vehicles, the automaker said.  </p>
<p>The loss of fluid may cause the transmission to disengage, causing the vehicle to coast to a stop, the company said.  In some cases, the fluid could contact the catalytic converter, creating the risk of fire.  However, no fires have been reported, Ford said.</p>
<p>Of the vehicles being recalled, 9,000 Windstars and 1,600 of the Tauruses and Sables are located in Canada, the company said.</p>
<p>The Windstar is manufacturered in Oakville, Ontario, and the Taurus and Sable are manufactured in both Chicago and Atlanta.</p>
<p>Ford shares were up 1-3/16 at 42-3/8.</p>
<p>((--Chicago newsdesk, 312-408-8787))</p>
</text>
<copyright>(c) Reuters Limited 1997</copyright>
<metadata>
<codes class="bip:countries:1.0">
  <code code="USA">
    <editdetail attribution="Reuters BIP Coding Group" action="confirmed" date="1997-08-07"/>
  </code>
</codes>
<codes class="bip:industries:1.0">
  <code code="I35101">
    <editdetail attribution="Reuters BIP Coding Group" action="confirmed" date="1997-08-07"/>
  </code>
</codes>
<codes class="bip:topics:1.0">
  <code code="C21">
    <editdetail attribution="Reuters BIP Coding Group" action="confirmed" date="1997-08-07"/>
  </code>
  <code code="CCAT">
    <editdetail attribution="Reuters BIP Coding Group" action="confirmed" date="1997-08-07"/>
  </code>
</codes>
<dc element="dc.date.created" value="1997-08-07"/>
<dc element="dc.publisher" value="Reuters Holdings Plc"/>
<dc element="dc.date.published" value="1997-08-07"/>
<dc element="dc.source" value="Reuters"/>
<dc element="dc.creator.location" value="DETROIT"/>
<dc element="dc.creator.location.country.name" value="USA"/>
<dc element="dc.source" value="Reuters"/>
</metadata>
</newsitem>
