<?xml version="1.0" encoding="iso-8859-1" ?>
<newsitem itemid="784009" id="root" date="1997-08-07" xml:lang="en">
<title>USA: RESEARCH ALERT - Salomon positive on airlines.</title>
<headline>RESEARCH ALERT - Salomon positive on airlines.</headline>
<dateline>NEW YORK 1997-08-07</dateline>
<text>
<p>Salomon Brothers said it remains postive on airline stocks and expects third quarter earnings to show improvement in operating and net income due to solid fundamentals.</p>
<p>-- said it expects earnings for 1997 will surpass last year, while 1998 will be even better than 1997.</p>
<p>-- said capacity remains under control, while traffic has grown.</p>
<p>-- said airline management now emphasizes earnings instead of marketshare.</p>
<p>-- said noise regulations will restrict capacity additions and upcoming emissions standards will further restrict capacity.</p>
<p>-- said the use of the Internet will reduce distribution costs and add revenue due to last minute seat sales.</p>
<p>-- said is positive on industry and recommends US Airways Group Inc, AMR Corp, America West Holdings Corp, Delta Air Lines Inc, Northwest Airlines Corp, Southwest Airlines Co and UAL Corp.</p>
</text>
<copyright>(c) Reuters Limited 1997</copyright>
<metadata>
<codes class="bip:countries:1.0">
  <code code="USA">
    <editdetail attribution="Reuters BIP Coding Group" action="confirmed" date="1997-08-07"/>
  </code>
</codes>
<codes class="bip:industries:1.0">
  <code code="I75000">
    <editdetail attribution="Reuters BIP Coding Group" action="confirmed" date="1997-08-07"/>
  </code>
</codes>
<codes class="bip:topics:1.0">
  <code code="C15">
    <editdetail attribution="Reuters BIP Coding Group" action="confirmed" date="1997-08-07"/>
  </code>
  <code code="C152">
    <editdetail attribution="Reuters BIP Coding Group" action="confirmed" date="1997-08-07"/>
  </code>
  <code code="CCAT">
    <editdetail attribution="Reuters BIP Coding Group" action="confirmed" date="1997-08-07"/>
  </code>
</codes>
<dc element="dc.date.created" value="1997-08-07"/>
<dc element="dc.publisher" value="Reuters Holdings Plc"/>
<dc element="dc.date.published" value="1997-08-07"/>
<dc element="dc.source" value="Reuters"/>
<dc element="dc.creator.location" value="NEW YORK"/>
<dc element="dc.creator.location.country.name" value="USA"/>
<dc element="dc.source" value="Reuters"/>
</metadata>
</newsitem>
