<?xml version="1.0" encoding="iso-8859-1" ?>
<newsitem itemid="784087" id="root" date="1997-08-07" xml:lang="en">
<title>USA: Venture says it in deal with Kimco.</title>
<headline>Venture says it in deal with Kimco.</headline>
<dateline>O'FALLON, Mo. 1997-08-07</dateline>
<text>
<p>Venture Stores Inc said Thursday it made a deal with Kimco Realty Corp valued at about $135 million involving the sale of various Venture real estate assets.</p>
<p>The transaction will provide Venture with about $75 million in cash to finance continuation of its repositioning as a family value retailer.</p>
<p>&quot;It also includes the assumption by Kimco of approximately $60 million of existing mortgage debt on certain properties,&quot; Venture said.  </p>
<p>Under the deal, Venture will lease back some of the properties, which include existing stores, vacant land and other properties.</p>
<p>&quot;With the cash from the real estate transaction and our other financial initiatives, Venture will have more than adequate funding available as we enter our peak borrowing season,&quot; Venture chairman and chief executive officer Robert Wildrick said in a news release.</p>
<p>Venture shares were up 1/8 at 2-3/8 and Kimco shares were up 5/16 at 35 Thursday.</p>
<p>((--Chicago newsdesk, 312-408-8787))</p>
</text>
<copyright>(c) Reuters Limited 1997</copyright>
<metadata>
<codes class="bip:countries:1.0">
  <code code="USA">
    <editdetail attribution="Reuters BIP Coding Group" action="confirmed" date="1997-08-07"/>
  </code>
</codes>
<codes class="bip:industries:1.0">
  <code code="I65600">
    <editdetail attribution="Reuters BIP Coding Group" action="confirmed" date="1997-08-07"/>
  </code>
  <code code="I85000">
    <editdetail attribution="Reuters BIP Coding Group" action="confirmed" date="1997-08-07"/>
  </code>
  <code code="I8500021">
    <editdetail attribution="Reuters BIP Coding Group" action="confirmed" date="1997-08-07"/>
  </code>
</codes>
<codes class="bip:topics:1.0">
  <code code="C18">
    <editdetail attribution="Reuters BIP Coding Group" action="confirmed" date="1997-08-07"/>
  </code>
  <code code="C182">
    <editdetail attribution="Reuters BIP Coding Group" action="confirmed" date="1997-08-07"/>
  </code>
  <code code="CCAT">
    <editdetail attribution="Reuters BIP Coding Group" action="confirmed" date="1997-08-07"/>
  </code>
</codes>
<dc element="dc.date.created" value="1997-08-07"/>
<dc element="dc.publisher" value="Reuters Holdings Plc"/>
<dc element="dc.date.published" value="1997-08-07"/>
<dc element="dc.source" value="Reuters"/>
<dc element="dc.creator.location" value="O'FALLON, Mo."/>
<dc element="dc.creator.location.country.name" value="USA"/>
<dc element="dc.source" value="Reuters"/>
</metadata>
</newsitem>
