<?xml version="1.0" encoding="iso-8859-1" ?>
<newsitem itemid="784088" id="root" date="1997-08-07" xml:lang="en">
<title>USA: TABLE-American Exploration Q2 shr loss $0.22.</title>
<headline>TABLE-American Exploration Q2 shr loss $0.22.</headline>
<dateline>HOUSTON 1997-08-07</dateline>
<text>
<p>American Exploration Co</p>
<p>(In thousands, except for per share amounts, unaudited)</p>
<p>			   For the Three Months  For the Six Months</p>
<p>				    Ended June 30,  Ended June 30,</p>
<p>				1997	  1996	1997	 1996</p>
<p> Total revenues	 19,874	17,291    44,611     33,856</p>
<p>Total costs and</p>
<p>  expenses		21,644	20,646    44,029     36,619</p>
<p>Income (loss) from</p>
<p> operations	    (1,770)     (3,355)	 582    (2,763)</p>
<p> Net loss		(3,003)     (4,312)   (1,743)    (4,527)</p>
<p>Preferred stock</p>
<p>  dividends		(450)	 (450)     (900)	(900)</p>
<p>Net loss to</p>
<p>  common stock	 (3,453)     (4,762)   (2,643)    (5,427)</p>
<p>Net loss per</p>
<p>  common share	  (0.22)	(0.40)    (0.17)     (0.46)</p>
<p>Average shares</p>
<p>  outstanding	   15,696	11,811    15,695     11,812</p>
</text>
<copyright>(c) Reuters Limited 1997</copyright>
<metadata>
<codes class="bip:countries:1.0">
  <code code="USA">
    <editdetail attribution="Reuters BIP Coding Group" action="confirmed" date="1997-08-07"/>
  </code>
</codes>
<codes class="bip:industries:1.0">
  <code code="I13000">
    <editdetail attribution="Reuters BIP Coding Group" action="confirmed" date="1997-08-07"/>
  </code>
  <code code="I1300003">
    <editdetail attribution="Reuters BIP Coding Group" action="confirmed" date="1997-08-07"/>
  </code>
</codes>
<codes class="bip:topics:1.0">
  <code code="C15">
    <editdetail attribution="Reuters BIP Coding Group" action="confirmed" date="1997-08-07"/>
  </code>
  <code code="C151">
    <editdetail attribution="Reuters BIP Coding Group" action="confirmed" date="1997-08-07"/>
  </code>
  <code code="CCAT">
    <editdetail attribution="Reuters BIP Coding Group" action="confirmed" date="1997-08-07"/>
  </code>
</codes>
<dc element="dc.date.created" value="1997-08-07"/>
<dc element="dc.publisher" value="Reuters Holdings Plc"/>
<dc element="dc.date.published" value="1997-08-07"/>
<dc element="dc.source" value="Reuters"/>
<dc element="dc.creator.location" value="HOUSTON"/>
<dc element="dc.creator.location.country.name" value="USA"/>
<dc element="dc.source" value="Reuters"/>
</metadata>
</newsitem>
