<?xml version="1.0" encoding="iso-8859-1" ?>
<newsitem itemid="784019" id="root" date="1997-08-07" xml:lang="en">
<title>USA: TABLE-Harold's Stores Inc Q2 same-store off.</title>
<headline>TABLE-Harold's Stores Inc Q2 same-store off.</headline>
<dateline>NORMAN, Okla. 1997-08-07</dateline>
<text>
<p>Percent change</p>
<p>		    1997	 1996	 Total     Same-Store</p>
<p>Quarter	    $26.8	$22.4     +19.8	 -3.7</p>
<p>Year-to-date     $55.2	$46.9     +17.7	 -3.7</p>
<p>NOTE: Figures in millions except percentage.</p>
<p>Quarter ended Aug 2.</p>
</text>
<copyright>(c) Reuters Limited 1997</copyright>
<metadata>
<codes class="bip:countries:1.0">
  <code code="USA">
    <editdetail attribution="Reuters BIP Coding Group" action="confirmed" date="1997-08-07"/>
  </code>
</codes>
<codes class="bip:industries:1.0">
  <code code="I65400">
    <editdetail attribution="Reuters BIP Coding Group" action="confirmed" date="1997-08-07"/>
  </code>
</codes>
<codes class="bip:topics:1.0">
  <code code="C31">
    <editdetail attribution="Reuters BIP Coding Group" action="confirmed" date="1997-08-07"/>
  </code>
  <code code="CCAT">
    <editdetail attribution="Reuters BIP Coding Group" action="confirmed" date="1997-08-07"/>
  </code>
</codes>
<dc element="dc.date.created" value="1997-08-07"/>
<dc element="dc.publisher" value="Reuters Holdings Plc"/>
<dc element="dc.date.published" value="1997-08-07"/>
<dc element="dc.source" value="Reuters"/>
<dc element="dc.creator.location" value="NORMAN, Okla."/>
<dc element="dc.creator.location.country.name" value="USA"/>
<dc element="dc.source" value="Reuters"/>
</metadata>
</newsitem>
