<?xml version="1.0" encoding="iso-8859-1" ?>
<newsitem itemid="784032" id="root" date="1997-08-07" xml:lang="en">
<title>USA: INTERVIEW-Columbia sees firmer plan in 90-100 days.</title>
<headline>INTERVIEW-Columbia sees firmer plan in 90-100 days.</headline>
<byline>Kevin Drawbaugh</byline>
<dateline>CHICAGO 1997-08-07</dateline>
<text>
<p>Columbia/HCA Healthcare Corp expects to work out a more definitive action plan for changing the company within about 90 to 100 days, said president Jack Bovender on Thursday.</p>
<p>In an interview with Reuters, Bovender said a broad outline of reforms unveiled Thursday was presented to the U.S Justice Department by Columbia attorneys on Wednesday.</p>
<p>&quot;Our lawyers did meet with the Justice Department yesterday, but it was not the intent to ask them to approve or disapprove this outline ... This is our plan and we wanted them to look at it,&quot; he said.  </p>
<p>&quot;Now what we're hopeful we can do is within the next ... 90 to 100 days come out with a more definitive plan,&quot; he said.</p>
<p>As part of a reform plan devised by Bovender and new chief executive Dr. Thomas Frist, Columbia said it will sell its home health business, which consists of 570 locations in 30 states. Its biggest home health markets are Florida, Texas, Tennessee, Kentucky, Georgia, Louisana and Oklahoma. &quot;I'm sure it's going to take months to do this,&quot; Bovender said.</p>
<p>Home health has been one of Columbia's fastest-growing businesses, but constitutes less than five percent of revenues. Bovender said he could not say whether or how much the company might have to charge against earnings on the sale.</p>
<p>&quot;I have no idea what the valuation of these are going to be ... We have not looked at that issue at all, but obviously we will be doing that as time goes on,&quot; he said.</p>
<p>As the largest U.S. for-profit hospital company, Columbia has been a leader in moving into home health with the strategy of continuing to make money off patients, even after they are discharged from one of its 342 acute-care hospitals.</p>
<p>Owning the home health locations that look after patients sent home from Columbia hospitals may not be necessary to preserve the company's revenue stream in this area, he said.  </p>
<p>&quot;What we would like to do is find a strategic partner or strategic partners in market areas that we can spin it off to or spin parts of it off to ... to make sure that we don't lose this continuum of care,&quot; Bovender said.</p>
<p>In dealing with the massive federal investigation that has forced a crisis at the Nashville, Tenn.-based hospital giant, Bovender said the next step is for executives to begin meeting with newly hired lawyers and accountants to hash out details of the broad action plan.</p>
<p>Columbia has hired the accounting firm of Deloitte &amp; Touche and the Washington, D.C.-based law firm of Latham &amp; Watkins for help. &quot;I'm sure they will divide their people into teams to work on specific points,&quot; Bovender said.</p>
<p>He said he did not know when Columbia executives would be drawn into the meetings with the government, but suggested it could be soon. &quot;I'm sure we're going to be having meetings going forward,&quot; he said.</p>
<p>Bovender said he was uncertain how many of its 285,000 employees would be affected by a halt in annual cash incentive pay announced Thursday, but he said most of the impact would be felt in the executive ranks.</p>
<p>&quot;That's where the bulk of it is,&quot; he said.</p>
<p>Columbia will not only stop selling equity interests in its hospitals to physicians, it will also attempt to unwind all existing physician syndication deals made over the past nine years, Bovender said.</p>
<p>&quot;We have physician syndications in about 40 of our markets, I believe, involving maybe 100 hospitals. But that only involved about four percent of our total medical staff members across the company,&quot; he said.</p>
<p>He said the company will unwind &quot;as many as we can possibly do,&quot; he said.</p>
<p>Shares in the company were up 1/2 to 35 in early trading on the New York Stock Exchange.</p>
<p>((--Chicago Newsdesk 312-408-8787))</p>
</text>
<copyright>(c) Reuters Limited 1997</copyright>
<metadata>
<codes class="bip:countries:1.0">
  <code code="USA">
    <editdetail attribution="Reuters BIP Coding Group" action="confirmed" date="1997-08-07"/>
  </code>
</codes>
<codes class="bip:industries:1.0">
  <code code="I95100">
    <editdetail attribution="Reuters BIP Coding Group" action="confirmed" date="1997-08-07"/>
  </code>
</codes>
<codes class="bip:topics:1.0">
  <code code="C11">
    <editdetail attribution="Reuters BIP Coding Group" action="confirmed" date="1997-08-07"/>
  </code>
  <code code="CCAT">
    <editdetail attribution="Reuters BIP Coding Group" action="confirmed" date="1997-08-07"/>
  </code>
</codes>
<dc element="dc.date.created" value="1997-08-07"/>
<dc element="dc.publisher" value="Reuters Holdings Plc"/>
<dc element="dc.date.published" value="1997-08-07"/>
<dc element="dc.source" value="Reuters"/>
<dc element="dc.creator.location" value="CHICAGO"/>
<dc element="dc.creator.location.country.name" value="USA"/>
<dc element="dc.source" value="Reuters"/>
</metadata>
</newsitem>
