<?xml version="1.0" encoding="iso-8859-1" ?>
<newsitem itemid="784069" id="root" date="1997-08-07" xml:lang="en">
<title>USA: NYCE cotton futures called to open steady.</title>
<headline>NYCE cotton futures called to open steady.</headline>
<dateline>NEW YORK 1997-08-07</dateline>
<text>
<p>NYCE cotton futures were called to open steady as of 1021 EDT on Thursday, floor sources said.</p>
<p>On Thursday, the U.S. Department of Agriculture said cotton net upland sales for the 1997/98 marketing year totaled 177,300 running bales (RB).</p>
<p>&quot;That is a good number for new crop sales,&quot; a Texas trader said. He also noted decent rain overnight in west Texas.</p>
<p>There was also good scale down mill buying under 75.00 cents, basis December, he said.</p>
<p>((--Doris Frankel, Chicago Commodity Desk, 312-983-7305))</p>
</text>
<copyright>(c) Reuters Limited 1997</copyright>
<metadata>
<codes class="bip:countries:1.0">
  <code code="USA">
    <editdetail attribution="Reuters BIP Coding Group" action="confirmed" date="1997-08-07"/>
  </code>
</codes>
<codes class="bip:topics:1.0">
  <code code="M14">
    <editdetail attribution="Reuters BIP Coding Group" action="confirmed" date="1997-08-07"/>
  </code>
  <code code="M141">
    <editdetail attribution="Reuters BIP Coding Group" action="confirmed" date="1997-08-07"/>
  </code>
  <code code="MCAT">
    <editdetail attribution="Reuters BIP Coding Group" action="confirmed" date="1997-08-07"/>
  </code>
</codes>
<dc element="dc.date.created" value="1997-08-07"/>
<dc element="dc.publisher" value="Reuters Holdings Plc"/>
<dc element="dc.date.published" value="1997-08-07"/>
<dc element="dc.source" value="Reuters"/>
<dc element="dc.creator.location" value="NEW YORK"/>
<dc element="dc.creator.location.country.name" value="USA"/>
<dc element="dc.source" value="Reuters"/>
</metadata>
</newsitem>
