<?xml version="1.0" encoding="iso-8859-1" ?>
<newsitem itemid="784018" id="root" date="1997-08-07" xml:lang="en">
<title>USA: TABLE-Technology Service Group Q1 results.</title>
<headline>TABLE-Technology Service Group Q1 results.</headline>
<dateline>ROSWELL, Ga. 1997-08-07</dateline>
<text>
<p>TECHNOLOGY SERVICE GROUP, INC.</p>
<p>		   CONSOLIDATED STATEMENTS OF OPERATIONS</p>
<p>		     (Unaudited)</p>
<p>						    First Quarter Ended</p>
<p>						    Jun 27,	 Jun 28,</p>
<p>							 1997	   1996</p>
<p> Net sales				  $ 6,216,558   $12,078,496</p>
<p>Costs and expenses:</p>
<p> Cost of goods sold			 5,122,640     9,840,449</p>
<p> General and administrative expenses    554,065	 644,985</p>
<p> Marketing and selling expenses	   164,555	 361,478</p>
<p>Engineering, research</p>
<p>  and development exps.		     292,028	 409,095</p>
<p> Litigation settlement			    ---     (105,146)</p>
<p> Interest expense				72,150	 141,540</p>
<p> Other (income) expense		    (14,089)	(16,187)</p>
<p> Total					  6,191,349    11,276,214</p>
<p> Income before income tax		    25,209	 802,282</p>
<p> Income tax benefit (expense)		11,921     (217,202)</p>
<p> Net income					37,130	 585,080</p>
<p>Income per common and common equivalent share:</p>
<p> Primary					     0.02	    0.13</p>
<p> Fully diluted				     0.02	    0.13</p>
<p>Weighted average number of common and common</p>
<p>equivalent shares outstanding:</p>
<p> Primary					5,025,208     4,501,732</p>
<p> Fully diluted				5,025,208     4,501,732</p>
</text>
<copyright>(c) Reuters Limited 1997</copyright>
<metadata>
<codes class="bip:countries:1.0">
  <code code="USA">
    <editdetail attribution="Reuters BIP Coding Group" action="confirmed" date="1997-08-07"/>
  </code>
</codes>
<codes class="bip:industries:1.0">
  <code code="I34400">
    <editdetail attribution="Reuters BIP Coding Group" action="confirmed" date="1997-08-07"/>
  </code>
</codes>
<codes class="bip:topics:1.0">
  <code code="C15">
    <editdetail attribution="Reuters BIP Coding Group" action="confirmed" date="1997-08-07"/>
  </code>
  <code code="C151">
    <editdetail attribution="Reuters BIP Coding Group" action="confirmed" date="1997-08-07"/>
  </code>
  <code code="CCAT">
    <editdetail attribution="Reuters BIP Coding Group" action="confirmed" date="1997-08-07"/>
  </code>
</codes>
<dc element="dc.date.created" value="1997-08-07"/>
<dc element="dc.publisher" value="Reuters Holdings Plc"/>
<dc element="dc.date.published" value="1997-08-07"/>
<dc element="dc.source" value="Reuters"/>
<dc element="dc.creator.location" value="ROSWELL, Ga."/>
<dc element="dc.creator.location.country.name" value="USA"/>
<dc element="dc.source" value="Reuters"/>
</metadata>
</newsitem>
