<?xml version="1.0" encoding="iso-8859-1" ?>
<newsitem itemid="784084" id="root" date="1997-08-07" xml:lang="en">
<title>USA: TABLE - Harborside Healthcare Corp Q2 net.</title>
<headline>TABLE - Harborside Healthcare Corp Q2 net.</headline>
<dateline>BOSTON 1997-08-07</dateline>
<text>
<p>(dollars in thousands, except per share amounts)</p>
<p>			Second Quarter		  First Half</p>
<p>		     1997	  1996	   1997	    1996</p>
<p> Revenues     $50,292     $36,872	$97,676	 $71,803</p>
<p>Income before extraordinary</p>
<p>	loss	1,593	   171	  3,095	     376</p>
<p>Extraordinary loss on early retirement</p>
<p>	of debt	--	(1,318)	    --	  (1,318)</p>
<p>Net income(loss)$1,593    $(1,147)	$3,095	   $(942)</p>
<p>Per share net    $0.20			 $0.39</p>
<p>Pro forma data:</p>
<p>Income before extraordinary</p>
<p>   loss			    260				385</p>
<p>  Extraordinary loss	(1,318)			  (1,318)</p>
<p>  Net income (loss)	$(1,058)			   $(933)</p>
<p>Pro forma net income (loss) per share:</p>
<p>  Before extraordinary loss$0.05			    $0.08</p>
<p>  Extraordinary loss	(0.26)			   (0.28)</p>
<p>  Net income (loss)	$(0.21)			  $(0.20)</p>
<p>Average shares</p>
<p>    out    8,028,000   5,092,000    8,026,000     4,760,000</p>
<p>((-- New York Newsdesk 212 859-1610))</p>
</text>
<copyright>(c) Reuters Limited 1997</copyright>
<metadata>
<codes class="bip:countries:1.0">
  <code code="USA">
    <editdetail attribution="Reuters BIP Coding Group" action="confirmed" date="1997-08-07"/>
  </code>
</codes>
<codes class="bip:topics:1.0">
  <code code="C15">
    <editdetail attribution="Reuters BIP Coding Group" action="confirmed" date="1997-08-07"/>
  </code>
  <code code="C151">
    <editdetail attribution="Reuters BIP Coding Group" action="confirmed" date="1997-08-07"/>
  </code>
  <code code="CCAT">
    <editdetail attribution="Reuters BIP Coding Group" action="confirmed" date="1997-08-07"/>
  </code>
</codes>
<dc element="dc.date.created" value="1997-08-07"/>
<dc element="dc.publisher" value="Reuters Holdings Plc"/>
<dc element="dc.date.published" value="1997-08-07"/>
<dc element="dc.source" value="Reuters"/>
<dc element="dc.creator.location" value="BOSTON"/>
<dc element="dc.creator.location.country.name" value="USA"/>
<dc element="dc.source" value="Reuters"/>
</metadata>
</newsitem>
