<?xml version="1.0" encoding="iso-8859-1" ?>
<newsitem itemid="784080" id="root" date="1997-08-07" xml:lang="en">
<title>USA: TABLE-Pronet Q2 loss narrows/wins contract.</title>
<headline>TABLE-Pronet Q2 loss narrows/wins contract.</headline>
<dateline>DALLAS 1997-08-07</dateline>
<text>
<p>Pronet Inc</p>
<p>			  Three Months Ended     Six Months Ended</p>
<p>				 June 30,		  June 30,</p>
<p>			     1997	 1996	 1997	 1996</p>
<p>Total Revenues	 $30,059     24,815     58,992     48,977</p>
<p>Operating (loss)    (15,962)   (10,246)   (24,780)   (12,738)</p>
<p>Net Loss		(20,304)   (14,147)   (33,566)   (20,270)</p>
<p>Net loss per share   (1.61)     (1.76)     (2.66)     (2.65)</p>
<p>Weighted average common shares outstanding</p>
<p>		     12,618	8,404     12,601	7,657 (1)</p>
<p>(In thousands except per share data)</p>
<p>NOTE: -- Company says took Q2 non-recurring charge of $6.6 million in cash and stock to be issued to cover settlement of the shareholders' lawsuit in 1997.  In 1996, the costs relate to the terminated Teletouch merger and related financing.</p>
<p>((-- New York Newsdesk 212 859-1700))</p>
</text>
<copyright>(c) Reuters Limited 1997</copyright>
<metadata>
<codes class="bip:countries:1.0">
  <code code="USA">
    <editdetail attribution="Reuters BIP Coding Group" action="confirmed" date="1997-08-07"/>
  </code>
</codes>
<codes class="bip:industries:1.0">
  <code code="I34330">
    <editdetail attribution="Reuters BIP Coding Group" action="confirmed" date="1997-08-07"/>
  </code>
</codes>
<codes class="bip:topics:1.0">
  <code code="C15">
    <editdetail attribution="Reuters BIP Coding Group" action="confirmed" date="1997-08-07"/>
  </code>
  <code code="C151">
    <editdetail attribution="Reuters BIP Coding Group" action="confirmed" date="1997-08-07"/>
  </code>
  <code code="CCAT">
    <editdetail attribution="Reuters BIP Coding Group" action="confirmed" date="1997-08-07"/>
  </code>
</codes>
<dc element="dc.date.created" value="1997-08-07"/>
<dc element="dc.publisher" value="Reuters Holdings Plc"/>
<dc element="dc.date.published" value="1997-08-07"/>
<dc element="dc.source" value="Reuters"/>
<dc element="dc.creator.location" value="DALLAS"/>
<dc element="dc.creator.location.country.name" value="USA"/>
<dc element="dc.source" value="Reuters"/>
</metadata>
</newsitem>
