<?xml version="1.0" encoding="iso-8859-1" ?>
<newsitem itemid="784068" id="root" date="1997-08-07" xml:lang="en">
<title>USA: TABLE -SCPIE Holdings Q2 results.</title>
<headline>TABLE -SCPIE Holdings Q2 results.</headline>
<dateline>BEVERLY HILLS, Calif. 1997-08-07</dateline>
<text>
<p>SCPIE HOLDINGS INC.</p>
<p>			     Statements of Income</p>
<p>				   (Unaudited)</p>
<p>		    (in thousands, except per share data)</p>
<p>			 Three Months Ended	 Six Months Ended</p>
<p>			 Jun 30,     Jun 30,     Jun 30,    Jun 30,</p>
<p>			   1997	  1996	  1997	 1996</p>
<p>Revenues:</p>
<p>  Premiums earned  $32,687     $29,623     $69,111    $61,128</p>
<p>Net investment income</p>
<p>			  10,637	10,378	21,209     20,939</p>
<p>Realized investment</p>
<p>    gains		1,975     (1,308)	 3,187     11,496</p>
<p>  Other revenue	  150	   124	   289	  124</p>
<p>Total revenues</p>
<p>			  45,449	38,817	93,796     93,687</p>
<p>Expenses:</p>
<p>Losses and loss</p>
<p>adjusting expenses</p>
<p>			  30,201	27,146	63,744     58,247</p>
<p>Other operating expenses</p>
<p>			   4,388	 3,166	 8,583	6,764</p>
<p>	 Total expenses</p>
<p>			  34,589	30,312	72,327     65,011</p>
<p>Income before</p>
<p>policyholders' dividends</p>
<p>and federal income taxes</p>
<p>  (benefit)	   10,860	 8,505	21,469     28,676</p>
<p>Policyholders' dividends</p>
<p>				 0	 9,000	     0	9,000</p>
<p>Federal income taxes</p>
<p>   (benefit)	   2,856	 (828)	 5,344	5,599</p>
<p>	 Net income    8,004	   333	16,125     14,077</p>
<p>Net income per share</p>
<p>  of common stock     0.65	  0.03	  1.35	 1.41</p>
<p>Average shares</p>
<p>  outstanding   12,294,652  10,000,000  11,927,001 10,000,000</p>
</text>
<copyright>(c) Reuters Limited 1997</copyright>
<metadata>
<codes class="bip:countries:1.0">
  <code code="USA">
    <editdetail attribution="Reuters BIP Coding Group" action="confirmed" date="1997-08-07"/>
  </code>
</codes>
<codes class="bip:industries:1.0">
  <code code="I82003">
    <editdetail attribution="Reuters BIP Coding Group" action="confirmed" date="1997-08-07"/>
  </code>
</codes>
<codes class="bip:topics:1.0">
  <code code="C15">
    <editdetail attribution="Reuters BIP Coding Group" action="confirmed" date="1997-08-07"/>
  </code>
  <code code="C151">
    <editdetail attribution="Reuters BIP Coding Group" action="confirmed" date="1997-08-07"/>
  </code>
  <code code="CCAT">
    <editdetail attribution="Reuters BIP Coding Group" action="confirmed" date="1997-08-07"/>
  </code>
</codes>
<dc element="dc.date.created" value="1997-08-07"/>
<dc element="dc.publisher" value="Reuters Holdings Plc"/>
<dc element="dc.date.published" value="1997-08-07"/>
<dc element="dc.source" value="Reuters"/>
<dc element="dc.creator.location" value="BEVERLY HILLS, Calif."/>
<dc element="dc.creator.location.country.name" value="USA"/>
<dc element="dc.source" value="Reuters"/>
</metadata>
</newsitem>
