<?xml version="1.0" encoding="iso-8859-1" ?>
<newsitem itemid="784100" id="root" date="1997-08-07" xml:lang="en">
<title>USA: CSCE sugar called to open flat to slightly lower.</title>
<headline>CSCE sugar called to open flat to slightly lower.</headline>
<dateline>NEW YORK 1997-08-07</dateline>
<text>
<p>CSCE world sugar was called to open unchanged to 0.05 cent lower as the London market drifted lower in technical trading.</p>
<p>The October contract closed Wednesday at 11.67 cents a lb, up 0.06 cents from Tuesday and traded in a range between 11.58 and 11.68 cents. The London October contract was $1.20 off at $325.50.</p>
<p>Sugar trading has been lackluster this week with locals kicking it to and fro, against the backdrop of Brazilian producer hedge selling and large speculative long position, that many believe is due for liquidation.</p>
<p>Syria tendered to buy 13,000 tonnes of whites and 13,000 tonnes of raws for October shipment. The deadline for offers is September 9. It also tendered to buy 13,000 tonnes of white sugar for shipment between September 20 and October 30.</p>
<p>((--New York Commodity Desk, 212-859-1640))</p>
</text>
<copyright>(c) Reuters Limited 1997</copyright>
<metadata>
<codes class="bip:countries:1.0">
  <code code="USA">
    <editdetail attribution="Reuters BIP Coding Group" action="confirmed" date="1997-08-07"/>
  </code>
</codes>
<codes class="bip:topics:1.0">
  <code code="M14">
    <editdetail attribution="Reuters BIP Coding Group" action="confirmed" date="1997-08-07"/>
  </code>
  <code code="M141">
    <editdetail attribution="Reuters BIP Coding Group" action="confirmed" date="1997-08-07"/>
  </code>
  <code code="MCAT">
    <editdetail attribution="Reuters BIP Coding Group" action="confirmed" date="1997-08-07"/>
  </code>
</codes>
<dc element="dc.date.created" value="1997-08-07"/>
<dc element="dc.publisher" value="Reuters Holdings Plc"/>
<dc element="dc.date.published" value="1997-08-07"/>
<dc element="dc.source" value="Reuters"/>
<dc element="dc.creator.location" value="NEW YORK"/>
<dc element="dc.creator.location.country.name" value="USA"/>
<dc element="dc.source" value="Reuters"/>
</metadata>
</newsitem>
