<?xml version="1.0" encoding="iso-8859-1" ?>
<newsitem itemid="784157" id="root" date="1997-08-07" xml:lang="en">
<title>USA: Columbia/HCA seen changing co's culture - NYT.</title>
<headline>Columbia/HCA seen changing co's culture - NYT.</headline>
<dateline>NEW YORK 1997-08-07</dateline>
<text>
<p>Columbia/HCA Healthcare Corp plans to drastically alter or abandon many of the business practices that made it a healthcare leader, the New York Times reported on Thursday, citing internal company documents.</p>
<p>The paper said the plans would bring about &quot;a total change in the culture&quot; of Columbia/HCA, according to the documents, and address virtually every practice that has drawn the interest of Federal investigators recently.</p>
<p>The company said in the documents that, among other things, it intends to sell its home health care business, eliminate cash-bonus programs and stop selling interests in its hospitals to doctors, the paper said.</p>
<p>The proposed changes are in response to a widespread criminal investigation of the company, the paper said.</p>
<p>Controversy surrounding the running of the firm has seen the ouster two weeks ago of former top executives, the indictments of three middle managers last week on fraud charges, the filing of 11 shareholder lawsuits and other troubles.</p>
</text>
<copyright>(c) Reuters Limited 1997</copyright>
<metadata>
<codes class="bip:countries:1.0">
  <code code="USA">
    <editdetail attribution="Reuters BIP Coding Group" action="confirmed" date="1997-08-07"/>
  </code>
</codes>
<codes class="bip:industries:1.0">
  <code code="I95100">
    <editdetail attribution="Reuters BIP Coding Group" action="confirmed" date="1997-08-07"/>
  </code>
</codes>
<codes class="bip:topics:1.0">
  <code code="C11">
    <editdetail attribution="Reuters BIP Coding Group" action="confirmed" date="1997-08-07"/>
  </code>
  <code code="C12">
    <editdetail attribution="Reuters BIP Coding Group" action="confirmed" date="1997-08-07"/>
  </code>
  <code code="C13">
    <editdetail attribution="Reuters BIP Coding Group" action="confirmed" date="1997-08-07"/>
  </code>
  <code code="CCAT">
    <editdetail attribution="Reuters BIP Coding Group" action="confirmed" date="1997-08-07"/>
  </code>
  <code code="GCAT">
    <editdetail attribution="Reuters BIP Coding Group" action="confirmed" date="1997-08-07"/>
  </code>
  <code code="GCRIM">
    <editdetail attribution="Reuters BIP Coding Group" action="confirmed" date="1997-08-07"/>
  </code>
</codes>
<dc element="dc.date.created" value="1997-08-07"/>
<dc element="dc.publisher" value="Reuters Holdings Plc"/>
<dc element="dc.date.published" value="1997-08-07"/>
<dc element="dc.source" value="Reuters"/>
<dc element="dc.creator.location" value="NEW YORK"/>
<dc element="dc.creator.location.country.name" value="USA"/>
<dc element="dc.source" value="Reuters"/>
</metadata>
</newsitem>
