<?xml version="1.0" encoding="iso-8859-1" ?>
<newsitem itemid="784179" id="root" date="1997-08-07" xml:lang="en">
<title>USA: EMERGENCY WEATHER CONDITIONS - WSC - 06-AUG.</title>
<headline>EMERGENCY WEATHER CONDITIONS - WSC - 06-AUG.</headline>
<text>
<p>Typhoon Tina is currently centered about 55 miles west southwest of Okinawa, moving north at 10 mph. Tina will pass west of Okinawa during the next 6 hours, bringing rain squalls, gusty winds, and rough surf to the island. Major damage is not expected, however. Tina has top winds near 100 mph but is weakening. It is expected to be a minimal typhoon as it passes just west of Cheju near southern Korea in 48 to 60 hours. Tina remains a threat to shipping in the East China Sea.  </p>
<p>Heavy rain and thunderstorms in Bangladesh the next few days may lead to further flooding resulting in crop and property damage.</p>
<p>In the USA  Southwest and Rockies, thunderstorms have caused local flash flooding in portions of the region. During the next couple days, the heaviest storms will be in eastern Colorado into the plains of western Kansas, where flash flooding may occur.  </p>
<p>Hurricane Guillermo has top winds of 130 mph but is over open waters in the eastern Pacific 1200 miles west southwest of the southern tip of Baja, moving to the west northwest. This system is a major threat to shipping. Guillermo is no threat to Hawaii at this time. It is expected to continue this track, weakening.</p>
</text>
<copyright>(c) Reuters Limited 1997</copyright>
<metadata>
<codes class="bip:countries:1.0">
  <code code="BANDH">
    <editdetail attribution="Reuters BIP Coding Group" action="confirmed" date="1997-08-07"/>
  </code>
  <code code="JAP">
    <editdetail attribution="Reuters BIP Coding Group" action="confirmed" date="1997-08-07"/>
  </code>
  <code code="USA">
    <editdetail attribution="Reuters BIP Coding Group" action="confirmed" date="1997-08-07"/>
  </code>
</codes>
<codes class="bip:topics:1.0">
  <code code="GCAT">
    <editdetail attribution="Reuters BIP Coding Group" action="confirmed" date="1997-08-07"/>
  </code>
  <code code="GWEA">
    <editdetail attribution="Reuters BIP Coding Group" action="confirmed" date="1997-08-07"/>
  </code>
</codes>
<dc element="dc.publisher" value="Reuters Holdings Plc"/>
<dc element="dc.date.published" value="1997-08-07"/>
<dc element="dc.source" value="Reuters"/>
<dc element="dc.creator.location.country.name" value="USA"/>
<dc element="dc.source" value="Reuters"/>
</metadata>
</newsitem>
