<?xml version="1.0" encoding="iso-8859-1" ?>
<newsitem itemid="784149" id="root" date="1997-08-07" xml:lang="en">
<title>USA: TABLE - Comfort Systems USA Q2 shr $0.15.</title>
<headline>TABLE - Comfort Systems USA Q2 shr $0.15.</headline>
<dateline>HOUSTON 1997-08-07</dateline>
<text>
<p>Three Months Ended</p>
<p>					   June 30,</p>
<p>				 1997	 %	1996	%</p>
<p> Revenues		 $ 47,395  100.0%  $43,939  100.0%</p>
<p> Gross profit	     13,800   29.1%   12,839   29.2%</p>
<p> Income from operations  5,343   11.3%    5,210   11.9%</p>
<p> Other (income) expense   (30)  (0.1%)     (58)  (0.1%)</p>
<p> Net income		  2,760    5.8%    2,485    5.7%</p>
<p> Earnings per share	 0.15     ---     0.14     ---</p>
<p>Shares used in computing net</p>
<p>  earnings per share    18,252     ---   18,252     ---</p>
<p> EBITDA			6,655     ---    6,436     ---</p>
<p>					 Six Months Ended</p>
<p>					 June 30,</p>
<p>				  1997	%	1996	%</p>
<p> Revenues		 $ 86,900  100.0%  $78,738  100.0%</p>
<p> Gross profit	     24,505   28.2%   21,879   27.8%</p>
<p> Income from operations  7,360    8.5%    6,876    8.7%</p>
<p> Net income		  3,621    4.2%    3,173    4.0%</p>
<p> Earnings per share	 0.20     ---     0.17     ---</p>
<p>Shares used in computing net</p>
<p>  earnings per share    18,252     ---   18,252     ---</p>
<p> EBITDA			9,972     ---    9,324     ---</p>
</text>
<copyright>(c) Reuters Limited 1997</copyright>
<metadata>
<codes class="bip:countries:1.0">
  <code code="USA">
    <editdetail attribution="Reuters BIP Coding Group" action="confirmed" date="1997-08-07"/>
  </code>
</codes>
<codes class="bip:industries:1.0">
  <code code="I32840">
    <editdetail attribution="Reuters BIP Coding Group" action="confirmed" date="1997-08-07"/>
  </code>
</codes>
<codes class="bip:topics:1.0">
  <code code="C15">
    <editdetail attribution="Reuters BIP Coding Group" action="confirmed" date="1997-08-07"/>
  </code>
  <code code="C151">
    <editdetail attribution="Reuters BIP Coding Group" action="confirmed" date="1997-08-07"/>
  </code>
  <code code="CCAT">
    <editdetail attribution="Reuters BIP Coding Group" action="confirmed" date="1997-08-07"/>
  </code>
</codes>
<dc element="dc.date.created" value="1997-08-07"/>
<dc element="dc.publisher" value="Reuters Holdings Plc"/>
<dc element="dc.date.published" value="1997-08-07"/>
<dc element="dc.source" value="Reuters"/>
<dc element="dc.creator.location" value="HOUSTON"/>
<dc element="dc.creator.location.country.name" value="USA"/>
<dc element="dc.source" value="Reuters"/>
</metadata>
</newsitem>
