<?xml version="1.0" encoding="iso-8859-1" ?>
<newsitem itemid="784150" id="root" date="1997-08-07" xml:lang="en">
<title>USA: TABLE - Musicland July same-store sales up.</title>
<headline>TABLE - Musicland July same-store sales up.</headline>
<dateline>MINNEAPOLIS 1997-08-07</dateline>
<text>
<p>Percent change</p>
<p>		    1997	 1996	     Total     Same-Store</p>
<p>Month	     $111.4     $109.9	+1.4	 +9.1</p>
<p>Year-to-date    $824.9     $866.6	-4.8	 +1.5</p>
<p>NOTE: Figures in millions except percentage.</p>
<p>    Month is	4 weeks ended	August 2.</p>
<p>    Full company name is		   Musicland Stores Corp</p>
</text>
<copyright>(c) Reuters Limited 1997</copyright>
<metadata>
<codes class="bip:countries:1.0">
  <code code="USA">
    <editdetail attribution="Reuters BIP Coding Group" action="confirmed" date="1997-08-07"/>
  </code>
</codes>
<codes class="bip:industries:1.0">
  <code code="I65400">
    <editdetail attribution="Reuters BIP Coding Group" action="confirmed" date="1997-08-07"/>
  </code>
</codes>
<codes class="bip:topics:1.0">
  <code code="C31">
    <editdetail attribution="Reuters BIP Coding Group" action="confirmed" date="1997-08-07"/>
  </code>
  <code code="CCAT">
    <editdetail attribution="Reuters BIP Coding Group" action="confirmed" date="1997-08-07"/>
  </code>
</codes>
<dc element="dc.date.created" value="1997-08-07"/>
<dc element="dc.publisher" value="Reuters Holdings Plc"/>
<dc element="dc.date.published" value="1997-08-07"/>
<dc element="dc.source" value="Reuters"/>
<dc element="dc.creator.location" value="MINNEAPOLIS"/>
<dc element="dc.creator.location.country.name" value="USA"/>
<dc element="dc.source" value="Reuters"/>
</metadata>
</newsitem>
