<?xml version="1.0" encoding="iso-8859-1" ?>
<newsitem itemid="784119" id="root" date="1997-08-07" xml:lang="en">
<title>USA: TABLE - Chemfab Q4 shr $0.36 vs $0.31.</title>
<headline>TABLE - Chemfab Q4 shr $0.36 vs $0.31.</headline>
<dateline>MERRIMAC, N.H. 1997-08-07</dateline>
<text>
<p>Chemfab Corporation</p>
<p>			Consolidated Income Statements</p>
<p>						   Quarter Ended</p>
<p>					    06/30/97	 06/30/96</p>
<p>					   (unaudited)   (unaudited)</p>
<p>Net Sales			    $25,272,000    $22,717,000</p>
<p>Gross Profit			   8,863,000	7,931,000</p>
<p>Selling, General and</p>
<p>  Administrative Expenses	  4,075,000	3,637,000</p>
<p>Research and Development	     634,000	  540,000</p>
<p>Other (Income) Expense, Net	  (45,000)	  36,000</p>
<p>Interest (Income) Expense, Net     (92,000)	  46,000</p>
<p>Income Before Taxes		  4,291,000	3,672,000</p>
<p>Provision for Income Taxes	 1,329,000	1,151,000</p>
<p>Net Income			    $2,962,000     $2,521,000</p>
<p>Earnings Per Share			 $0.36	    $0.31</p>
<p>Weighted Average Common and</p>
<p>  Common Equivalent Shares	 8,304,000	8,244,000</p>
<p>						 Fiscal Year Ended</p>
<p>					   06/30/97	  06/30/96</p>
<p>					  (unaudited)</p>
<p>Net Sales			   $90,783,000     $83,882,000</p>
<p>Gross Profit			 30,944,000	28,109,000</p>
<p>Selling, General and</p>
<p>  Administrative Expenses	15,539,000	14,157,000</p>
<p>Research and Development	  2,498,000	 2,270,000</p>
<p>Other (Income) Expense, Net	(213,000)	   51,000</p>
<p>Interest (Income) Expense, Net   (180,000)	  477,000</p>
<p>Income Before Taxes		13,300,000	11,154,000</p>
<p>Provision For Income Taxes	4,194,000	 3,440,000</p>
<p>Net Income			   $9,106,000	$7,714,000</p>
<p>Earnings Per Share			$1.10	     $0.94</p>
<p>Weighted Average Common and</p>
<p>  Common Equivalent Shares	8,278,000	 8,199,000</p>
</text>
<copyright>(c) Reuters Limited 1997</copyright>
<metadata>
<codes class="bip:countries:1.0">
  <code code="USA">
    <editdetail attribution="Reuters BIP Coding Group" action="confirmed" date="1997-08-07"/>
  </code>
</codes>
<codes class="bip:industries:1.0">
  <code code="I43000">
    <editdetail attribution="Reuters BIP Coding Group" action="confirmed" date="1997-08-07"/>
  </code>
</codes>
<codes class="bip:topics:1.0">
  <code code="C15">
    <editdetail attribution="Reuters BIP Coding Group" action="confirmed" date="1997-08-07"/>
  </code>
  <code code="C151">
    <editdetail attribution="Reuters BIP Coding Group" action="confirmed" date="1997-08-07"/>
  </code>
  <code code="C1511">
    <editdetail attribution="Reuters BIP Coding Group" action="confirmed" date="1997-08-07"/>
  </code>
  <code code="CCAT">
    <editdetail attribution="Reuters BIP Coding Group" action="confirmed" date="1997-08-07"/>
  </code>
</codes>
<dc element="dc.date.created" value="1997-08-07"/>
<dc element="dc.publisher" value="Reuters Holdings Plc"/>
<dc element="dc.date.published" value="1997-08-07"/>
<dc element="dc.source" value="Reuters"/>
<dc element="dc.creator.location" value="MERRIMAC, N.H."/>
<dc element="dc.creator.location.country.name" value="USA"/>
<dc element="dc.source" value="Reuters"/>
</metadata>
</newsitem>
