<?xml version="1.0" encoding="iso-8859-1" ?>
<newsitem itemid="784111" id="root" date="1997-08-07" xml:lang="en">
<title>USA: Chemfab says Montopoli to step down as CEO.</title>
<headline>Chemfab says Montopoli to step down as CEO.</headline>
<dateline>MERRIMACK, N.H. 1997-08-07</dateline>
<text>
<p>Chemfab Corp said Thursday that Duane Montopoli has informed the company he will end his tenure as president and chief executive officer on December 31.</p>
<p>John Verbicky, executive vice president and chief operating officer, will succeed him in both posts.</p>
<p>Montopoli will remain on the Company's board of directors and, effective with the CEO change, current outside director Nicholas Pappas will fill the newly-established office of chairman of the board.</p>
<p>Monopoli said he wanted to try other interests after 11 years in his position.</p>
</text>
<copyright>(c) Reuters Limited 1997</copyright>
<metadata>
<codes class="bip:countries:1.0">
  <code code="USA">
    <editdetail attribution="Reuters BIP Coding Group" action="confirmed" date="1997-08-07"/>
  </code>
</codes>
<codes class="bip:industries:1.0">
  <code code="I43000">
    <editdetail attribution="Reuters BIP Coding Group" action="confirmed" date="1997-08-07"/>
  </code>
</codes>
<codes class="bip:topics:1.0">
  <code code="C41">
    <editdetail attribution="Reuters BIP Coding Group" action="confirmed" date="1997-08-07"/>
  </code>
  <code code="C411">
    <editdetail attribution="Reuters BIP Coding Group" action="confirmed" date="1997-08-07"/>
  </code>
  <code code="CCAT">
    <editdetail attribution="Reuters BIP Coding Group" action="confirmed" date="1997-08-07"/>
  </code>
</codes>
<dc element="dc.date.created" value="1997-08-07"/>
<dc element="dc.publisher" value="Reuters Holdings Plc"/>
<dc element="dc.date.published" value="1997-08-07"/>
<dc element="dc.source" value="Reuters"/>
<dc element="dc.creator.location" value="MERRIMACK, N.H."/>
<dc element="dc.creator.location.country.name" value="USA"/>
<dc element="dc.source" value="Reuters"/>
</metadata>
</newsitem>
