<?xml version="1.0" encoding="iso-8859-1" ?>
<newsitem itemid="784193" id="root" date="1997-08-07" xml:lang="en">
<title>USA: TABLE- Domain Energy Corp Q2 net lower.</title>
<headline>TABLE- Domain Energy Corp Q2 net lower.</headline>
<dateline>HOUSTON 1997-08-06</dateline>
<text>
<p>Domain Energy Corporation</p>
<p>			  SECOND QUARTER RESULTS</p>
<p>		    (in thousands except per share amounts)</p>
<p>			    (Unaudited)</p>
<p>				 Three months ended  Six months ended</p>
<p>					    June 30,	  June 30,</p>
<p>				  1997	 1996	 1997     1996</p>
<p> Revenues		     9,841    14,653     23,063   30,796</p>
<p> EBITDA (A)		   8,272    11,329     20,655   23,555</p>
<p> Net Income		     673     3,855	  354    6,609</p>
<p>Discretionary Cash</p>
<p>   Flow (B)		   6,712	  NA     17,475	 NA</p>
<p>Weighted Average</p>
<p>Common Shares</p>
<p>   Outstanding		8,595	  NA	8,876	 NA</p>
<p> Earnings Per Share (C)    0.08	  NA	 0.04	 NA</p>
<p>NOTE: (A)  Earnings before interest, taxes, depreciation and amortization. Includes producer repayments from IPF Program. Excludes non-cash charge for stock compensation expense.</p>
<p>(B) EBITDA less cash taxes and interest expense and capitalized interest.</p>
<p>(C) Domain Energy completed an IPO of common stock on June 24, 1997.</p>
<p>-- New York Newsdesk 212 859-1610</p>
</text>
<copyright>(c) Reuters Limited 1997</copyright>
<metadata>
<codes class="bip:countries:1.0">
  <code code="USA">
    <editdetail attribution="Reuters BIP Coding Group" action="confirmed" date="1997-08-07"/>
  </code>
</codes>
<codes class="bip:industries:1.0">
  <code code="I13000">
    <editdetail attribution="Reuters BIP Coding Group" action="confirmed" date="1997-08-07"/>
  </code>
</codes>
<codes class="bip:topics:1.0">
  <code code="C15">
    <editdetail attribution="Reuters BIP Coding Group" action="confirmed" date="1997-08-07"/>
  </code>
  <code code="C151">
    <editdetail attribution="Reuters BIP Coding Group" action="confirmed" date="1997-08-07"/>
  </code>
  <code code="CCAT">
    <editdetail attribution="Reuters BIP Coding Group" action="confirmed" date="1997-08-07"/>
  </code>
</codes>
<dc element="dc.date.created" value="1997-08-06"/>
<dc element="dc.publisher" value="Reuters Holdings Plc"/>
<dc element="dc.date.published" value="1997-08-07"/>
<dc element="dc.source" value="Reuters"/>
<dc element="dc.creator.location" value="HOUSTON"/>
<dc element="dc.creator.location.country.name" value="USA"/>
<dc element="dc.source" value="Reuters"/>
</metadata>
</newsitem>
