<?xml version="1.0" encoding="iso-8859-1" ?>
<newsitem itemid="784131" id="root" date="1997-08-07" xml:lang="en">
<title>USA: TABLE - Powertel Q2 shr profit $0.33.</title>
<headline>TABLE - Powertel Q2 shr profit $0.33.</headline>
<dateline>WEST POINT, Ga. 1997-08-07</dateline>
<text>
<p>POWERTEL, INC.</p>
<p>			     Unaudited Financial Highlights</p>
<p>			   (in thousands, except per share data)</p>
<p>				 Three Months Ended  Six Months Ended</p>
<p>					   June 30	     June 30</p>
<p>					  1997    1996     1997    1996</p>
<p>Consolidated</p>
<p> Total Service Revenues     $ 14,272 $ 7,504 $ 28,356 $14,501</p>
<p> Total Revenues		   16,629   8,456   35,738  16,307</p>
<p>Depreciation and Amortization</p>
<p>					 9,632   1,631   19,150   3,243</p>
<p> Operating Income (loss)    (23,275) (1,182) (47,825)   (610)</p>
<p> Net Income (loss)	     12,137 (1,455) (17,429) (919)(a)</p>
<p> Net Income (loss) Per Share  0.33  (0.05)   (0.65) (0.04)(a)</p>
<p>Average Common and Common</p>
<p>Equivalent Shares Outstanding</p>
<p>					37,144  26,807   26,812  23,353</p>
<p>Total Subscribers (period end)</p>
<p>					69,602  42,442   69,602  42,442</p>
<p>(a) Excludes effect of cumulative change in accounting principle of $(2.6) million or $(0.11) per share.</p>
<p>-- New York Newsdesk 212 859-1610</p>
</text>
<copyright>(c) Reuters Limited 1997</copyright>
<metadata>
<codes class="bip:countries:1.0">
  <code code="USA">
    <editdetail attribution="Reuters BIP Coding Group" action="confirmed" date="1997-08-07"/>
  </code>
</codes>
<codes class="bip:industries:1.0">
  <code code="I79020">
    <editdetail attribution="Reuters BIP Coding Group" action="confirmed" date="1997-08-07"/>
  </code>
</codes>
<codes class="bip:topics:1.0">
  <code code="C15">
    <editdetail attribution="Reuters BIP Coding Group" action="confirmed" date="1997-08-07"/>
  </code>
  <code code="C151">
    <editdetail attribution="Reuters BIP Coding Group" action="confirmed" date="1997-08-07"/>
  </code>
  <code code="CCAT">
    <editdetail attribution="Reuters BIP Coding Group" action="confirmed" date="1997-08-07"/>
  </code>
</codes>
<dc element="dc.date.created" value="1997-08-07"/>
<dc element="dc.publisher" value="Reuters Holdings Plc"/>
<dc element="dc.date.published" value="1997-08-07"/>
<dc element="dc.source" value="Reuters"/>
<dc element="dc.creator.location" value="WEST POINT, Ga."/>
<dc element="dc.creator.location.country.name" value="USA"/>
<dc element="dc.source" value="Reuters"/>
</metadata>
</newsitem>
