<?xml version="1.0" encoding="iso-8859-1" ?>
<newsitem itemid="784110" id="root" date="1997-08-07" xml:lang="en">
<title>USA: TABLE - Metzler Group Inc Q2 proforma net.</title>
<headline>TABLE - Metzler Group Inc Q2 proforma net.</headline>
<dateline>DEERFIELD, Ill. 1997-08-07</dateline>
<text>
<p>Three Months     Six Months</p>
<p>					 Ended June 30,  Ended June 30,</p>
<p>					   1997    1996    1997    1996</p>
<p> Revenues			    $7,824  $5,513 $14,082 $10,857</p>
<p> Cost of services		   3,884   2,669   7,089   5,215</p>
<p> Gross profit			 3,940   2,844   6,993   5,642</p>
<p>Selling, general and</p>
<p>   administrative expenses	1,378     695   2,807   1,403</p>
<p> Operating income		   2,562   2,149   4,186   4,239</p>
<p> Other (income) expense, net    (306)     (1)   (599)	13</p>
<p> Income before income taxes     2,868   2,150   4,785   4,226</p>
<p> Income tax expense		 1,067	44   1,754	86</p>
<p> Net income			   1,801   2,106   3,031   4,140</p>
<p>Pro forma income data</p>
<p>   Net income as reported	 1,801   2,106   3,031   4,140</p>
<p>   Pro forma adjustments	     0  (1,122)	0  (2,216)</p>
<p>   Pro forma net income	   1,801     984   3,031   1,924</p>
<p>Pro forma net income per share</p>
<p>					   0.17    0.10    0.29    0.20</p>
<p>Weighted average common and</p>
<p>common equivalent shares</p>
<p>   outstanding		     10,629   9,803  10,628   9,803</p>
<p>(In thousands, except per share and selected operating data)</p>
<p>		   ((Chicago newsdesk 312 408 8787))</p>
</text>
<copyright>(c) Reuters Limited 1997</copyright>
<metadata>
<codes class="bip:countries:1.0">
  <code code="USA">
    <editdetail attribution="Reuters BIP Coding Group" action="confirmed" date="1997-08-07"/>
  </code>
</codes>
<codes class="bip:industries:1.0">
  <code code="I83954">
    <editdetail attribution="Reuters BIP Coding Group" action="confirmed" date="1997-08-07"/>
  </code>
</codes>
<codes class="bip:topics:1.0">
  <code code="C15">
    <editdetail attribution="Reuters BIP Coding Group" action="confirmed" date="1997-08-07"/>
  </code>
  <code code="C151">
    <editdetail attribution="Reuters BIP Coding Group" action="confirmed" date="1997-08-07"/>
  </code>
  <code code="CCAT">
    <editdetail attribution="Reuters BIP Coding Group" action="confirmed" date="1997-08-07"/>
  </code>
</codes>
<dc element="dc.date.created" value="1997-08-07"/>
<dc element="dc.publisher" value="Reuters Holdings Plc"/>
<dc element="dc.date.published" value="1997-08-07"/>
<dc element="dc.source" value="Reuters"/>
<dc element="dc.creator.location" value="DEERFIELD, Ill."/>
<dc element="dc.creator.location.country.name" value="USA"/>
<dc element="dc.source" value="Reuters"/>
</metadata>
</newsitem>
