<?xml version="1.0" encoding="iso-8859-1" ?>
<newsitem itemid="784120" id="root" date="1997-08-07" xml:lang="en">
<title>USA: TABLE-Sharper Image Q2 same-store sales off.</title>
<headline>TABLE-Sharper Image Q2 same-store sales off.</headline>
<dateline>SAN FRANCISCO 1997-08-07</dateline>
<text>
<p>Percent change</p>
<p>		    1997	 1996	     Total     Same-Store</p>
<p>Quarter	    $43.0	$41.7	+3.0	 -4.0</p>
<p>Year-to-date     $78.9	$75.6	+4.0	 -4.0</p>
<p>NOTE: Figures in millions except percentage.</p>
<p>Full company name is  Sharper Image Corp</p>
<p>Period ended July 31.</p>
</text>
<copyright>(c) Reuters Limited 1997</copyright>
<metadata>
<codes class="bip:countries:1.0">
  <code code="USA">
    <editdetail attribution="Reuters BIP Coding Group" action="confirmed" date="1997-08-07"/>
  </code>
</codes>
<codes class="bip:industries:1.0">
  <code code="I65400">
    <editdetail attribution="Reuters BIP Coding Group" action="confirmed" date="1997-08-07"/>
  </code>
</codes>
<codes class="bip:topics:1.0">
  <code code="C31">
    <editdetail attribution="Reuters BIP Coding Group" action="confirmed" date="1997-08-07"/>
  </code>
  <code code="CCAT">
    <editdetail attribution="Reuters BIP Coding Group" action="confirmed" date="1997-08-07"/>
  </code>
</codes>
<dc element="dc.date.created" value="1997-08-07"/>
<dc element="dc.publisher" value="Reuters Holdings Plc"/>
<dc element="dc.date.published" value="1997-08-07"/>
<dc element="dc.source" value="Reuters"/>
<dc element="dc.creator.location" value="SAN FRANCISCO"/>
<dc element="dc.creator.location.country.name" value="USA"/>
<dc element="dc.source" value="Reuters"/>
</metadata>
</newsitem>
