<?xml version="1.0" encoding="iso-8859-1" ?>
<newsitem itemid="784175" id="root" date="1997-08-07" xml:lang="en">
<title>USA: TABLE- BioTransplant Q2 net profit vs loss.</title>
<headline>TABLE- BioTransplant Q2 net profit vs loss.</headline>
<dateline>CHARLESTOWN, Mass. 1997-08-06</dateline>
<text>
<p>BIOTRANSPLANT INCORPORATED AND SUBSIDIARY</p>
<p>		CONDENSED CONSOLIDATED STATEMENTS OF OPERATIONS</p>
<p>(Unaudited)     (In Thousands, Except Per Share Amounts)</p>
<p>			     Three Months Ended    Six Months Ended</p>
<p>					 June 30,	    June 30,</p>
<p>			     1997	   1996	1997	 1996</p>
<p>    Total revenues     5,218	 3,555     6,873	5,631</p>
<p>    Total expenses     4,813	 3,714     8,870	6,777</p>
<p> Net income (loss)	 405	 (159)   (1,997)    (1,146)</p>
<p>Pro forma net income</p>
<p>  (loss) per		0.05	(0.02)    (0.23)     (0.18)</p>
<p>common share(A)</p>
<p>Shares used in computing</p>
<p>pro forma net</p>
<p>income (loss)</p>
<p>  per common share(A)  8,569	 7,302     8,565	6,217</p>
<p>NOTE (A): Net loss per common share and shares used in computing net loss per common share are based on the pro-forma weighted average number of common shares outstanding during the periods presented and reflect the automatic conversion of all preferred stock then outstanding into common stock.</p>
<p>-- New York Newsdesk 212 859-1610</p>
</text>
<copyright>(c) Reuters Limited 1997</copyright>
<metadata>
<codes class="bip:countries:1.0">
  <code code="USA">
    <editdetail attribution="Reuters BIP Coding Group" action="confirmed" date="1997-08-07"/>
  </code>
</codes>
<codes class="bip:industries:1.0">
  <code code="I25700">
    <editdetail attribution="Reuters BIP Coding Group" action="confirmed" date="1997-08-07"/>
  </code>
</codes>
<codes class="bip:topics:1.0">
  <code code="C15">
    <editdetail attribution="Reuters BIP Coding Group" action="confirmed" date="1997-08-07"/>
  </code>
  <code code="C151">
    <editdetail attribution="Reuters BIP Coding Group" action="confirmed" date="1997-08-07"/>
  </code>
  <code code="CCAT">
    <editdetail attribution="Reuters BIP Coding Group" action="confirmed" date="1997-08-07"/>
  </code>
</codes>
<dc element="dc.date.created" value="1997-08-06"/>
<dc element="dc.publisher" value="Reuters Holdings Plc"/>
<dc element="dc.date.published" value="1997-08-07"/>
<dc element="dc.source" value="Reuters"/>
<dc element="dc.creator.location" value="CHARLESTOWN, Mass."/>
<dc element="dc.creator.location.country.name" value="USA"/>
<dc element="dc.source" value="Reuters"/>
</metadata>
</newsitem>
