<?xml version="1.0" encoding="iso-8859-1" ?>
<newsitem itemid="784204" id="root" date="1997-08-07" xml:lang="en">
<title>USA: Coinmach acquires laundry companies.</title>
<headline>Coinmach acquires laundry companies.</headline>
<dateline>ROSLYN, N.Y. 1997-08-06</dateline>
<text>
<p>Coinmach Laundry Corp said on Wednesday it acquired National Coin Laundry Holding's operations for $19 million cash.</p>
<p>National Coin Laundry provides coin operated laundry equipment for apartment and townhouses and distributes commercial laundry equipment to laundromats.</p>
<p>National Coin Laundry's operations are primarily in the midwest and had 1996 revenues of $14.0 million.</p>
</text>
<copyright>(c) Reuters Limited 1997</copyright>
<metadata>
<codes class="bip:countries:1.0">
  <code code="USA">
    <editdetail attribution="Reuters BIP Coding Group" action="confirmed" date="1997-08-07"/>
  </code>
</codes>
<codes class="bip:industries:1.0">
  <code code="I98100">
    <editdetail attribution="Reuters BIP Coding Group" action="confirmed" date="1997-08-07"/>
  </code>
</codes>
<codes class="bip:topics:1.0">
  <code code="C18">
    <editdetail attribution="Reuters BIP Coding Group" action="confirmed" date="1997-08-07"/>
  </code>
  <code code="C181">
    <editdetail attribution="Reuters BIP Coding Group" action="confirmed" date="1997-08-07"/>
  </code>
  <code code="CCAT">
    <editdetail attribution="Reuters BIP Coding Group" action="confirmed" date="1997-08-07"/>
  </code>
</codes>
<dc element="dc.date.created" value="1997-08-06"/>
<dc element="dc.publisher" value="Reuters Holdings Plc"/>
<dc element="dc.date.published" value="1997-08-07"/>
<dc element="dc.source" value="Reuters"/>
<dc element="dc.creator.location" value="ROSLYN, N.Y."/>
<dc element="dc.creator.location.country.name" value="USA"/>
<dc element="dc.source" value="Reuters"/>
</metadata>
</newsitem>
