<?xml version="1.0" encoding="iso-8859-1" ?>
<newsitem itemid="784287" id="root" date="1997-08-07" xml:lang="en">
<title>FRANCE: SOCCER-FRENCH LEAGUE FIXTURE ALTERED FOR KOEPKE.</title>
<headline>SOCCER-FRENCH LEAGUE FIXTURE ALTERED FOR KOEPKE.</headline>
<dateline>PARIS 1997-08-07</dateline>
<text>
<p>Marseille's French league match at Montpellier next week has been rescheduled to allow their German goalkeeper Andreas Koepke time to join his country for their World Cup qualifier against Northern Ireland on August 20.</p>
<p>Montpellier were to have hosted the match, third of the league season, on Sunday, August 17, the day Koepke was due to join Berti Vogts' Germany squad in Belfast.</p>
<p>The French league (LNF) authorities have brought the match forward to Saturday, August 16, when six other games are scheduled. There are two games on Friday, August 15.</p>
<p>The French Football Federation (FFF), however, does not wish to be as accomodating as the LNF with the Germans.</p>
<p>Vogts has asked the FFF if Germany could play France in a friendly in Paris on November 15 if they win their World Cup qualifying group and avoid playoffs scheduled for that night.</p>
<p>The Germans would be looking to replace Croatia, scheduled to meet the World Cup hosts in the friendly in St Etienne, if the Croatians are forced into a playoff for a place in the 1998 finals instead.</p>
<p>A FFF spokesman said: &quot;We have made it clear (to Germany) that, in the current state of things, we can not envisage playing them before the 1998 World Cup.</p>
<p>&quot;For now it's Croatia. We'll wait until September 6.&quot;</p>
<p>Croatia, third in group one, four points behind leaders Denmark, are at home to Bosnia on September 6. They also visit Denmark four days later and Slovenia in their last match on October 11.</p>
</text>
<copyright>(c) Reuters Limited 1997</copyright>
<metadata>
<codes class="bip:countries:1.0">
  <code code="FRA">
    <editdetail attribution="Reuters BIP Coding Group" action="confirmed" date="1997-08-07"/>
  </code>
  <code code="GFR">
    <editdetail attribution="Reuters BIP Coding Group" action="confirmed" date="1997-08-07"/>
  </code>
  <code code="UK">
    <editdetail attribution="Reuters BIP Coding Group" action="confirmed" date="1997-08-07"/>
  </code>
</codes>
<codes class="bip:topics:1.0">
  <code code="GCAT">
    <editdetail attribution="Reuters BIP Coding Group" action="confirmed" date="1997-08-07"/>
  </code>
  <code code="GSPO">
    <editdetail attribution="Reuters BIP Coding Group" action="confirmed" date="1997-08-07"/>
  </code>
</codes>
<dc element="dc.date.created" value="1997-08-07"/>
<dc element="dc.publisher" value="Reuters Holdings Plc"/>
<dc element="dc.date.published" value="1997-08-07"/>
<dc element="dc.source" value="Reuters"/>
<dc element="dc.creator.location" value="PARIS"/>
<dc element="dc.creator.location.country.name" value="FRANCE"/>
<dc element="dc.source" value="Reuters"/>
</metadata>
</newsitem>
