<?xml version="1.0" encoding="iso-8859-1" ?>
<newsitem itemid="784203" id="root" date="1997-08-07" xml:lang="en">
<title>USA: TABLE - U.S. Franchise Q2 shr loss shrinks.</title>
<headline>TABLE - U.S. Franchise Q2 shr loss shrinks.</headline>
<dateline>ATLANTA 1997-08-06</dateline>
<text>
<p>3 Mos	  3 Mos	  6 Mos	  6 Mos</p>
<p>		     Ended	 Ended	  Ended	  Ended</p>
<p>		   Jun 30,	Jun 30,	Jun 30,	Jun 30,</p>
<p>			1997	  1996	   1997	   1996</p>
<p>REVENUES:</p>
<p>Marketing and</p>
<p>reservation fees</p>
<p>		  $481,000     $364,000     $857,000     $395,000</p>
<p>Franchise application</p>
<p>and royalty fees</p>
<p>		   363,000	     --	499,000	     --</p>
<p>   Other	  48,000	     --	 81,000	     --</p>
<p>   Total	 892,000	364,000    1,437,000	395,000</p>
<p>EXPENSES:</p>
<p>Marketing and</p>
<p>reservations</p>
<p>		   468,000	376,000	911,000	490,000</p>
<p>Other franchise sales</p>
<p>and advertising</p>
<p>		   956,000	799,000    1,802,000    1,263,000</p>
<p>Corporate salaries,</p>
<p>wages, and benefits</p>
<p>		   845,000	450,000    1,669,000	993,000</p>
<p>Other general and</p>
<p>administrative</p>
<p>		   557,000	519,000    1,275,000	835,000</p>
<p>Depreciation and</p>
<p>amortization</p>
<p>		   135,000	137,000	267,000	268,000</p>
<p>   Total     2,961,000    2,281,000    5,924,000    3,849,000</p>
<p>LOSS FROM OPERATIONS</p>
<p>	     (2,069,000)  (1,917,000)  (4,487,000)  (3,454,000)</p>
<p>OTHER INCOME (EXPENSE):</p>
<p>Interest income</p>
<p>		 (375,000)    (156,000)    (758,000)    (331,000)</p>
<p>Interest expense</p>
<p>		   480,000	 36,000	960,000	 72,000</p>
<p>NET  LOSS (2,174,000)  (1,797,000)  (4,689,000)  (3,195,000) LOSS APPLICABLE TO</p>
<p>COMMON STOCKHOLDERS</p>
<p>	     (2,174,000)  (2,216,000)  (4,689,000)  (4,033,000)</p>
<p>WEIGHTED AVERAGE</p>
<p>NUMBER OF COMMON</p>
<p>SHARES OUTSTANDING</p>
<p>		12,580,395   10,755,409   12,580,395   10,755,409</p>
<p>NET LOSS APPLICABLE TO</p>
<p>COMMON STOCKHOLDERS</p>
<p>   PER SHARE    (0.17)	 (0.21)	 (0.37)	 (0.38)</p>
<p>((-- New York Newsdesk 212-859-1610))</p>
</text>
<copyright>(c) Reuters Limited 1997</copyright>
<metadata>
<codes class="bip:countries:1.0">
  <code code="USA">
    <editdetail attribution="Reuters BIP Coding Group" action="confirmed" date="1997-08-07"/>
  </code>
</codes>
<codes class="bip:topics:1.0">
  <code code="C15">
    <editdetail attribution="Reuters BIP Coding Group" action="confirmed" date="1997-08-07"/>
  </code>
  <code code="C151">
    <editdetail attribution="Reuters BIP Coding Group" action="confirmed" date="1997-08-07"/>
  </code>
  <code code="CCAT">
    <editdetail attribution="Reuters BIP Coding Group" action="confirmed" date="1997-08-07"/>
  </code>
</codes>
<dc element="dc.date.created" value="1997-08-06"/>
<dc element="dc.publisher" value="Reuters Holdings Plc"/>
<dc element="dc.date.published" value="1997-08-07"/>
<dc element="dc.source" value="Reuters"/>
<dc element="dc.creator.location" value="ATLANTA"/>
<dc element="dc.creator.location.country.name" value="USA"/>
<dc element="dc.source" value="Reuters"/>
</metadata>
</newsitem>
