<?xml version="1.0" encoding="iso-8859-1" ?>
<newsitem itemid="784243" id="root" date="1997-08-07" xml:lang="en">
<title>BRAZIL: SOCCER-PELE GETS PRESIDENTIAL BACKING FOR SOCCER BILL.</title>
<headline>SOCCER-PELE GETS PRESIDENTIAL BACKING FOR SOCCER BILL.</headline>
<byline>Brian Homewood</byline>
<dateline>RIO DE JANEIRO 1997-08-07</dateline>
<text>
<p>Pele got presidential backing on Thursday for his attempt to reform Brazilian soccer despite a warning that the world champions could miss out on the 1998 World Cup as a consequence of the measures.</p>
<p>Pele, Brazil's sports minister, has drawn up a bill which would drastically reduce the powers of the Brazilian Football Confederation (CBF).</p>
<p>But Joao Havelange, the Brazilian president of world soccer governing body Fifa, warned on Wednesday that Brazil would be suspended or expelled if the bill becomes law because some of its contents infringe Fifa statutes.</p>
<p>On Thursday, the government appeared unmoved by Havelange's ultimatum.</p>
<p>&quot;President Fernando Henrique Cardoso reiterates his total backing for the minister's initiative,&quot; said a statement issued by the presidential press office on Thursday.</p>
<p>Pele, who presented the bill to Cardoso on Tuesday, said he would not back down.</p>
<p>&quot;I think it is a big mistake by him,&quot; said Pele, referring to Havelange's threat. &quot;We have reached a moment when we do not want to accept these impositions any more. We are not living in a dictatorship.&quot;</p>
<p>&quot;I think that it would be a joke if Brazil, which has won four World Cups on the pitch, were to miss a World Cup because of this.&quot;</p>
<p>Congressman Severino Alves said: &quot;I don't think this (Havelange's threat) will affect Congress.&quot;</p>
<p>Havelange, however, was adamant: &quot;I would ask him (Pele) to reflect on this and see that he has taken a step in the wrong direction.&quot;</p>
<p>Asked if Brazil could miss the next World Cup if the bill becomes law before then, Havelange said: &quot;Yes, Brazil could.&quot;</p>
<p>There is deep dissatisfaction in Brazil with the way the domestic game is being run.</p>
<p>The CBF, whose president Ricardo Teixeira is Havelange's son-in-law, suffered a severe blow to its credibility in June when it reinstated Fluminense and Bragantino to the national championship, even though they were relegated last year.</p>
<p>As a result, the national championship has 26 teams and fixtures are piling up. Ironically, Fluminense are again candidates for relegation.</p>
<p>The CBF was also hit by a corruption scandal which resulted in Ivens Mendes, former president of its refereeing department, being banned for life from any soccer-related activity.</p>
<p>Teixeira himself was not incriminated but admitted he had given too much power to Mendes.</p>
<p>Teixeira has also been under fire for allowing Atletico Paranaense, who were suspended for one year in the wake of the scandal, to take part in the Brazilian championship.</p>
<p>Congressman Jose Arruda commented: &quot;The one thing we can't do is leave Brazilian soccer as it is.&quot;</p>
</text>
<copyright>(c) Reuters Limited 1997</copyright>
<metadata>
<codes class="bip:countries:1.0">
  <code code="BRAZ">
    <editdetail attribution="Reuters BIP Coding Group" action="confirmed" date="1997-08-07"/>
  </code>
</codes>
<codes class="bip:topics:1.0">
  <code code="GCAT">
    <editdetail attribution="Reuters BIP Coding Group" action="confirmed" date="1997-08-07"/>
  </code>
  <code code="GSPO">
    <editdetail attribution="Reuters BIP Coding Group" action="confirmed" date="1997-08-07"/>
  </code>
</codes>
<dc element="dc.date.created" value="1997-08-07"/>
<dc element="dc.publisher" value="Reuters Holdings Plc"/>
<dc element="dc.date.published" value="1997-08-07"/>
<dc element="dc.source" value="Reuters"/>
<dc element="dc.creator.location" value="RIO DE JANEIRO"/>
<dc element="dc.creator.location.country.name" value="BRAZIL"/>
<dc element="dc.source" value="Reuters"/>
</metadata>
</newsitem>
