<?xml version="1.0" encoding="iso-8859-1" ?>
<newsitem itemid="784218" id="root" date="1997-08-07" xml:lang="en">
<title>UK: CRICKET-AUSTRALIA 302-3 AT CLOSE V ENGLAND.</title>
<headline>CRICKET-AUSTRALIA 302-3 AT CLOSE V ENGLAND.</headline>
<dateline>NOTTINGHAM, England 1997-08-07</dateline>
<text>
<p>Australia were 302 for three wickets at close of play on the first day of the fifth test against England at Trent Bridge on Thursday.</p>
<p>Scores: Australia 302-3 (M.Taylor 76, M.Elliott 69, M.Waugh 60 not out, G.Blewett 50) v England.</p>
</text>
<copyright>(c) Reuters Limited 1997</copyright>
<metadata>
<codes class="bip:countries:1.0">
  <code code="AUSTR">
    <editdetail attribution="Reuters BIP Coding Group" action="confirmed" date="1997-08-07"/>
  </code>
  <code code="UK">
    <editdetail attribution="Reuters BIP Coding Group" action="confirmed" date="1997-08-07"/>
  </code>
</codes>
<codes class="bip:topics:1.0">
  <code code="GCAT">
    <editdetail attribution="Reuters BIP Coding Group" action="confirmed" date="1997-08-07"/>
  </code>
  <code code="GSPO">
    <editdetail attribution="Reuters BIP Coding Group" action="confirmed" date="1997-08-07"/>
  </code>
</codes>
<dc element="dc.date.created" value="1997-08-07"/>
<dc element="dc.publisher" value="Reuters Holdings Plc"/>
<dc element="dc.date.published" value="1997-08-07"/>
<dc element="dc.source" value="Reuters"/>
<dc element="dc.creator.location" value="NOTTINGHAM, England"/>
<dc element="dc.creator.location.country.name" value="UK"/>
<dc element="dc.source" value="Reuters"/>
</metadata>
</newsitem>
