<?xml version="1.0" encoding="iso-8859-1" ?>
<newsitem itemid="784206" id="root" date="1997-08-07" xml:lang="en">
<title>USA: TABLE - White Pine Q2 share loss widens.</title>
<headline>TABLE - White Pine Q2 share loss widens.</headline>
<dateline>NASHUA, N.H. 1997-08-06</dateline>
<text>
<p>(in thousands, except per share data)</p>
<p>				 Three Months Ended  Six Months Ended</p>
<p>			    Jul 4,     Jun 30,    Jul 4,    Jun 30,</p>
<p>			     1997	   1996	1997	 1996</p>
<p>Revenue:</p>
<p>Software license fees</p>
<p>			    $4,575     $ 4,304    $2,312     $2,524</p>
<p> Services and other	313	   250	 650	  556</p>
<p> Total Revenue	   2,625	 2,774     5,225	4,860</p>
<p> Cost of revenue	   461	   548     1,020	  921</p>
<p> Gross profit	    2,164	 2,226     4,205	3,939</p>
<p>Operating expenses:</p>
<p> Sales and marketing   2,081	 1,500     4,085	2,810</p>
<p>Research and</p>
<p>   development	   1,586	   877     3,247	1,701</p>
<p>General and</p>
<p>   administrative	  603	   796     1,554	1,283</p>
<p> Restructuring	     661	    --	 661	   --</p>
<p>Total</p>
<p>   operating expenses  4,931	 3,173     9,547	5,794</p>
<p>Income (loss) from</p>
<p>   operations	  (2,767)	 (947)   (5,342)    (1,855)</p>
<p> Other income, net	 279	    51	 513	   23</p>
<p>Income (loss) before</p>
<p>provision for income</p>
<p>    taxes		(2,488)	 (896)   (4,829)    (1,832)</p>
<p>Provision for income</p>
<p>   taxes			--	    30	  --	   56</p>
<p> Net income (loss)   (2,488)	 (926)   (4,829)    (1,888)</p>
<p>Net income (loss) per</p>
<p>common and common</p>
<p>    equivalent share  (0.27)	(0.16)    (0.53)     (0.32)</p>
<p>Weighted average</p>
<p>number of common and</p>
<p>common equivalent</p>
<p>shares outstanding</p>
<p>			     9,097	 5,902     9,077	5,901</p>
<p>Full co name is WHITE PINE SOFTWARE INC.</p>
</text>
<copyright>(c) Reuters Limited 1997</copyright>
<metadata>
<codes class="bip:countries:1.0">
  <code code="USA">
    <editdetail attribution="Reuters BIP Coding Group" action="confirmed" date="1997-08-07"/>
  </code>
</codes>
<codes class="bip:industries:1.0">
  <code code="I33020">
    <editdetail attribution="Reuters BIP Coding Group" action="confirmed" date="1997-08-07"/>
  </code>
  <code code="I3302021">
    <editdetail attribution="Reuters BIP Coding Group" action="confirmed" date="1997-08-07"/>
  </code>
</codes>
<codes class="bip:topics:1.0">
  <code code="C15">
    <editdetail attribution="Reuters BIP Coding Group" action="confirmed" date="1997-08-07"/>
  </code>
  <code code="C151">
    <editdetail attribution="Reuters BIP Coding Group" action="confirmed" date="1997-08-07"/>
  </code>
  <code code="CCAT">
    <editdetail attribution="Reuters BIP Coding Group" action="confirmed" date="1997-08-07"/>
  </code>
</codes>
<dc element="dc.date.created" value="1997-08-06"/>
<dc element="dc.publisher" value="Reuters Holdings Plc"/>
<dc element="dc.date.published" value="1997-08-07"/>
<dc element="dc.source" value="Reuters"/>
<dc element="dc.creator.location" value="NASHUA, N.H."/>
<dc element="dc.creator.location.country.name" value="USA"/>
<dc element="dc.source" value="Reuters"/>
</metadata>
</newsitem>
