<?xml version="1.0" encoding="iso-8859-1" ?>
<newsitem itemid="784233" id="root" date="1997-08-07" xml:lang="en">
<title>UK: CRICKET-ENGLISH COUNTY CHAMPIONSHIP SECOND DAY SCORES.</title>
<headline>CRICKET-ENGLISH COUNTY CHAMPIONSHIP SECOND DAY SCORES.</headline>
<dateline>LONDON 1997-08-07</dateline>
<text>
<p>Close of play scores on the second day of four-day English county championship matches on Thursday:</p>
<p>At Lord's: Middlesex 442-8 declared (M.Ramprakash 190, O.Shah 77), Hampshire 69-2.</p>
<p>Taunton: Gloucestershire 119-4 v Somerset</p>
<p>Northampton: Worcestershire 551 (W.Weston 205, D.Leatherdale 110, S.Rhodes 55; S.Boswell 5-94), Northamptonshire 208-3 (R.Warren 85 not out, A.Fordham 57)</p>
<p>The Oval: Surrey 350-9 declared (J.Ratcliffe 76, I.Ward 56; J.Wood 4-73), Durham 120-6.  </p>
<p>Canterbury: Kent 525-9 declared (M.Fleming 138, A.Wells 109, M.Ealham 58, P.Strang 55, G.Cowdrey 53), Essex 80-5.</p>
<p>Blackpool: Warwickshire 139 and 241-8 (D.Brown 53; D.Shadford 4-73), Lancashire 362 (G.Lloyd 75, I.Austin 68, N.Fairbrother 60; G.Welch 6-115)</p>
</text>
<copyright>(c) Reuters Limited 1997</copyright>
<metadata>
<codes class="bip:countries:1.0">
  <code code="UK">
    <editdetail attribution="Reuters BIP Coding Group" action="confirmed" date="1997-08-07"/>
  </code>
</codes>
<codes class="bip:topics:1.0">
  <code code="GCAT">
    <editdetail attribution="Reuters BIP Coding Group" action="confirmed" date="1997-08-07"/>
  </code>
  <code code="GSPO">
    <editdetail attribution="Reuters BIP Coding Group" action="confirmed" date="1997-08-07"/>
  </code>
</codes>
<dc element="dc.date.created" value="1997-08-07"/>
<dc element="dc.publisher" value="Reuters Holdings Plc"/>
<dc element="dc.date.published" value="1997-08-07"/>
<dc element="dc.source" value="Reuters"/>
<dc element="dc.creator.location" value="LONDON"/>
<dc element="dc.creator.location.country.name" value="UK"/>
<dc element="dc.source" value="Reuters"/>
</metadata>
</newsitem>
