<?xml version="1.0" encoding="iso-8859-1" ?>
<newsitem itemid="784215" id="root" date="1997-08-07" xml:lang="en">
<title>UK: CRICKET-AUSTRALIA TIGHTEN GRIP ON ASHES.</title>
<headline>CRICKET-AUSTRALIA TIGHTEN GRIP ON ASHES.</headline>
<dateline>NOTTINGHAM, England 1997-08-07</dateline>
<text>
<p>England's faint hopes of regaining the Ashes all but disappeared on Thursday as Australia dominated the opening day of the penultimate test by rattling up 302 for three.</p>
<p>Trailing 2-1 in the six-match series,  England needed victory at Trent Bridge but lost the toss for the fifth successive time and with it the chance to bat on the best pitch so far.</p>
<p>Openers Mark Taylor (76) and Matthew Elliott (69) put on 117 for the first wicket and Greg Blewett then weighed in with 50.</p>
<p>England's wicket-takers included 19 year-old Ben Hollioake, making his test debut along with his older brother Adam.</p>
<p>But it was Australia's Waugh brothers who finished the day in control, with Mark not out 60 and Steve unbeaten on 38.</p>
</text>
<copyright>(c) Reuters Limited 1997</copyright>
<metadata>
<codes class="bip:countries:1.0">
  <code code="AUSTR">
    <editdetail attribution="Reuters BIP Coding Group" action="confirmed" date="1997-08-07"/>
  </code>
  <code code="UK">
    <editdetail attribution="Reuters BIP Coding Group" action="confirmed" date="1997-08-07"/>
  </code>
</codes>
<codes class="bip:topics:1.0">
  <code code="GCAT">
    <editdetail attribution="Reuters BIP Coding Group" action="confirmed" date="1997-08-07"/>
  </code>
  <code code="GSPO">
    <editdetail attribution="Reuters BIP Coding Group" action="confirmed" date="1997-08-07"/>
  </code>
</codes>
<dc element="dc.date.created" value="1997-08-07"/>
<dc element="dc.publisher" value="Reuters Holdings Plc"/>
<dc element="dc.date.published" value="1997-08-07"/>
<dc element="dc.source" value="Reuters"/>
<dc element="dc.creator.location" value="NOTTINGHAM, England"/>
<dc element="dc.creator.location.country.name" value="UK"/>
<dc element="dc.source" value="Reuters"/>
</metadata>
</newsitem>
