<?xml version="1.0" encoding="iso-8859-1" ?>
<newsitem itemid="784248" id="root" date="1997-08-07" xml:lang="en">
<title>USA: NFL-COWBOYS' SWITZER CHARGED IN AIRPORT GUN INCIDENT.</title>
<headline>NFL-COWBOYS' SWITZER CHARGED IN AIRPORT GUN INCIDENT.</headline>
<dateline>FORT WORTH, Texas 1997-08-07</dateline>
<text>
<p>Dallas Cowboys head coach Barry Switzer faces up to a year in jail if convicted on a misdemeanor charge filed on Thursday for carrying a loaded gun through Dallas-Fort Worth International Airport.</p>
<p>Prosecutors for the Tarrant County District Attorney's office said Switzer would be tried at a still undetermined date on the charge of unlawfully carrying a weapon, which carries a maximum punishment of a year in jail and a fine up to $4,000.</p>
<p>The misdemeanor was a break for Switzer, who could have faced the felony charge of carrying a weapon into an airport, which carries a maximum punishment of 10 years behind bars.</p>
<p>Assistant district attorney Robert Mayfield said the lesser charge was chosen because Switzer had no previous criminal record and appeared to have no &quot;ulterior motive&quot; in carrying the gun.</p>
<p>Switzer, in his fourth year as the Cowboys coach, was arrested on Monday at the airport when a .38 calibre handgun was found in his carry-on luggage as he walked through a security checkpoint before boarding a plane for Austin, Texas.</p>
<p>He apologised for the incident and said he had no idea the gun was in the bag. He said he hid it there last Saturday because there were three children visiting his house, and that he forgot to take it out later.</p>
<p>On Wednesday, Cowboys owner Jerry Jones fined Switzer $75,000 for the incident, which ran contrary to Jones' recent attempts to clean up the Cowboys' less than wholesome image following several unsavory off-the-field incidents in the last few years.</p>
</text>
<copyright>(c) Reuters Limited 1997</copyright>
<metadata>
<codes class="bip:countries:1.0">
  <code code="USA">
    <editdetail attribution="Reuters BIP Coding Group" action="confirmed" date="1997-08-07"/>
  </code>
</codes>
<codes class="bip:topics:1.0">
  <code code="GCAT">
    <editdetail attribution="Reuters BIP Coding Group" action="confirmed" date="1997-08-07"/>
  </code>
  <code code="GSPO">
    <editdetail attribution="Reuters BIP Coding Group" action="confirmed" date="1997-08-07"/>
  </code>
</codes>
<dc element="dc.date.created" value="1997-08-07"/>
<dc element="dc.publisher" value="Reuters Holdings Plc"/>
<dc element="dc.date.published" value="1997-08-07"/>
<dc element="dc.source" value="Reuters"/>
<dc element="dc.creator.location" value="FORT WORTH, Texas"/>
<dc element="dc.creator.location.country.name" value="USA"/>
<dc element="dc.source" value="Reuters"/>
</metadata>
</newsitem>
