<?xml version="1.0" encoding="iso-8859-1" ?>
<newsitem itemid="635797" id="root" date="1997-06-04" xml:lang="en">
<title>USA: Newfoundland aims to revive big hydro project.</title>
<headline>Newfoundland aims to revive big hydro project.</headline>
<dateline>NEWPORT, Rhode Island 1997-06-04</dateline>
<text>
<p>Deregulation of energy markets in the United States could spell the revival of long-contemplated plans for a huge hydroelectric project in Newfoundland, Premier Brian Tobin said on Wednesday.</p>
<p>Tobin, leader of Canada's most economically depressed province, said the proposed Lower Churchill River project could export some of its estimated 17 billion kilowatt hours of power to New England states, making it more viable.</p>
<p>The plan, which won environmental approval in the early 1980s, is one of the most economically and environmentally sound on the continent, Tobin said.  </p>
<p>&quot;There is a clear, competitive alternative,&quot; he said at the Annual Conference for the New England Governors and Eastern Canadian Premiers, held in Newport</p>
<p>&quot;We don't believe raising financing is a problem,&quot; he said. Later, he added: &quot;I think this is a project that is going to happen.&quot;</p>
<p>Tobin said he was seeking public and private partners, possibly including some in the United States, to get the plan off the ground.  </p>
<p>He declined to speculate about whether his province would become a competitor of neighboring Quebec in producing energy and exporting it to power-hungry New England.</p>
<p>How closely the two Canadian provinces cooperate could hinge on the handling of a long-running dispute over an electricity contract from the existing Churchill Falls facility.  </p>
<p>Newfoundland is locked into supplying Hydro-Quebec with low-cost electricity from upper Churchill Falls as part of a long-term deal signed before world energy prices jumped in the 1970s. The province has tried to renegotiate higher rates from Quebec, so far to no avail.</p>
<p>Hydro-Quebec has said it spends about C$100 million a year for Churchill Falls power and takes in about C$750 million reselling it to Quebec and New England customers.</p>
<p>Asked whether he had discussed energy at the conference with Quebec Premier Lucien Bouchard, Tobin told reporters: &quot;We've had energetic discussions.&quot;  </p>
<p>Bouchard said current talks between the two provinces about managing energy development were expected to be wrapped up in September, but he declined to say specifically whether the long-term supply contracts would be re-examined.</p>
<p>Both Newfoundland and Quebec are free to develop their own power capacity, he said. &quot;If there were other possibilities elsewhere, if some people are willing to talk with us about what happened in the past, what is the present situation, and what should happen in the future...then we are quite ready to sit down and discuss with an open mind.&quot;  </p>
<p>Bouchard called government-owned Hydro-Quebec a natural partner for Newfoundland in any hydroelectric developments.</p>
<p>If the lower Churchill project was to proceed, Tobin estimated it could begin produce power by around 2006. &quot;It's a realistic time-frame,&quot; he said.</p>
<p>Both Maine and Massachusetts officials expressed interest in the potential new supply of power.</p>
<p>((--Joan Gralla, New York newsroom))</p>
</text>
<copyright>(c) Reuters Limited 1997</copyright>
<metadata>
<codes class="bip:countries:1.0">
  <code code="CANA">
    <editdetail attribution="Reuters BIP Coding Group" action="confirmed" date="1997-06-04"/>
  </code>
  <code code="USA">
    <editdetail attribution="Reuters BIP Coding Group" action="confirmed" date="1997-06-04"/>
  </code>
</codes>
<codes class="bip:industries:1.0">
  <code code="I1610107">
    <editdetail attribution="Reuters BIP Coding Group" action="confirmed" date="1997-06-04"/>
  </code>
</codes>
<codes class="bip:topics:1.0">
  <code code="C13">
    <editdetail attribution="Reuters BIP Coding Group" action="confirmed" date="1997-06-04"/>
  </code>
  <code code="C24">
    <editdetail attribution="Reuters BIP Coding Group" action="confirmed" date="1997-06-04"/>
  </code>
  <code code="CCAT">
    <editdetail attribution="Reuters BIP Coding Group" action="confirmed" date="1997-06-04"/>
  </code>
  <code code="GCAT">
    <editdetail attribution="Reuters BIP Coding Group" action="confirmed" date="1997-06-04"/>
  </code>
  <code code="GENV">
    <editdetail attribution="Reuters BIP Coding Group" action="confirmed" date="1997-06-04"/>
  </code>
</codes>
<dc element="dc.date.created" value="1997-06-04"/>
<dc element="dc.publisher" value="Reuters Holdings Plc"/>
<dc element="dc.date.published" value="1997-06-04"/>
<dc element="dc.source" value="Reuters"/>
<dc element="dc.creator.location" value="NEWPORT, Rhode Island"/>
<dc element="dc.creator.location.country.name" value="USA"/>
<dc element="dc.source" value="Reuters"/>
</metadata>
</newsitem>
