<?xml version="1.0" encoding="iso-8859-1" ?>
<newsitem itemid="635782" id="root" date="1997-06-04" xml:lang="en">
<title>USA: Aerosonic Corp Q1 full results.</title>
<headline>Aerosonic Corp Q1 full results.</headline>
<dateline>CLEARWATER, Fla. 1997-06-04</dateline>
<text>
<p>Three Months Ended</p>
<p>							    April 30,</p>
<p>							1997	    1996</p>
<p> Net Sales				 $ 5,327,000    $ 4,661,000</p>
<p> Income (Loss) Before Taxes		425,000	(301,000)</p>
<p>Benefit (Provision) For Income Taxes</p>
<p>						 (147,000)	  102,000</p>
<p> Net Income/(Loss)			   278,000	(199,000)</p>
<p> Net Income/(Loss) Per Share		  0.07	   (0.05)</p>
<p>Weighted Average Number of Shares  and Common Shares Equivalents	 3,816,000	3,801,000</p>
<p>NOTE: The above figures reflected for the first quarter ended April 30, 1996 include operations from the ordnance division, which was discontinued through an asset sale in June 1996.</p>
<p>((-- New York Newsdesk 212 859-1610))</p>
</text>
<copyright>(c) Reuters Limited 1997</copyright>
<metadata>
<codes class="bip:countries:1.0">
  <code code="USA">
    <editdetail attribution="Reuters BIP Coding Group" action="confirmed" date="1997-06-04"/>
  </code>
</codes>
<codes class="bip:industries:1.0">
  <code code="I34420">
    <editdetail attribution="Reuters BIP Coding Group" action="confirmed" date="1997-06-04"/>
  </code>
</codes>
<codes class="bip:topics:1.0">
  <code code="C15">
    <editdetail attribution="Reuters BIP Coding Group" action="confirmed" date="1997-06-04"/>
  </code>
  <code code="C151">
    <editdetail attribution="Reuters BIP Coding Group" action="confirmed" date="1997-06-04"/>
  </code>
  <code code="CCAT">
    <editdetail attribution="Reuters BIP Coding Group" action="confirmed" date="1997-06-04"/>
  </code>
</codes>
<dc element="dc.date.created" value="1997-06-04"/>
<dc element="dc.publisher" value="Reuters Holdings Plc"/>
<dc element="dc.date.published" value="1997-06-04"/>
<dc element="dc.source" value="Reuters"/>
<dc element="dc.creator.location" value="CLEARWATER, Fla."/>
<dc element="dc.creator.location.country.name" value="USA"/>
<dc element="dc.source" value="Reuters"/>
</metadata>
</newsitem>
