<?xml version="1.0" encoding="iso-8859-1" ?>
<newsitem itemid="635773" id="root" date="1997-06-04" xml:lang="en">
<title>USA: West Marine May same-store sales up 2.0 pct.</title>
<headline>West Marine May same-store sales up 2.0 pct.</headline>
<dateline>WATSONVILLE, Cal. 1997-06-04</dateline>
<text>
<p>Percent change</p>
<p>		    1997	 1996	     Total     Same-Store</p>
<p>Month		$44.8	  $29     +54.3	 +2.0</p>
<p>Year-to-date    $156.8     $104.4     +50.2	 +3.8</p>
<p>NOTE: Figures in millions except percentage.</p>
<p>    Month is   four weeks ended	  May 24.</p>
<p>Full company name is West Marine Inc</p>
</text>
<copyright>(c) Reuters Limited 1997</copyright>
<metadata>
<codes class="bip:countries:1.0">
  <code code="USA">
    <editdetail attribution="Reuters BIP Coding Group" action="confirmed" date="1997-06-04"/>
  </code>
</codes>
<codes class="bip:industries:1.0">
  <code code="I65400">
    <editdetail attribution="Reuters BIP Coding Group" action="confirmed" date="1997-06-04"/>
  </code>
</codes>
<codes class="bip:topics:1.0">
  <code code="C31">
    <editdetail attribution="Reuters BIP Coding Group" action="confirmed" date="1997-06-04"/>
  </code>
  <code code="CCAT">
    <editdetail attribution="Reuters BIP Coding Group" action="confirmed" date="1997-06-04"/>
  </code>
</codes>
<dc element="dc.date.created" value="1997-06-04"/>
<dc element="dc.publisher" value="Reuters Holdings Plc"/>
<dc element="dc.date.published" value="1997-06-04"/>
<dc element="dc.source" value="Reuters"/>
<dc element="dc.creator.location" value="WATSONVILLE, Cal."/>
<dc element="dc.creator.location.country.name" value="USA"/>
<dc element="dc.source" value="Reuters"/>
</metadata>
</newsitem>
