<?xml version="1.0" encoding="iso-8859-1" ?>
<newsitem itemid="635752" id="root" date="1997-06-04" xml:lang="en">
<title>EU:  Official Journal contents - OJ L 144 of June 4, 1997.</title>
<headline>Official Journal contents - OJ L 144 of June 4, 1997.</headline>
<text>
<p>* (Note - contents are displayed in reverse order to that in the printed Journal)</p>
<p>* COUNCIL DECISION of 27 May 1997 appointing a member of the Economic and Social Committee (97/338/EC, Euratom)</p>
<p>COUNCIL DECISION of 27 May 1997 appointing a member of the Economic and Social Committee (97/337/EC, Euratom)</p>
<p>DIRECTIVE 97/7/EC OF THE EUROPEAN PARLIAMENT AND OF THE COUNCIL of 20 May 1997 on the protection of consumers in respect of distance contracts</p>
<p>COMMISSION REGULATION (EC) No 1000/97 of 3 June 1997 amending representative prices and additional duties for the import of certain products in the sugar sector</p>
<p>COMMISSION REGULATION (EC) No 999/97 of 3 June 1997 establishing the standard import values for determining the entry price of certain fruit and vegetables</p>
<p>COMMISSION REGULATION (EC) No 998/97 of 3 June 1997 adapting the Annexes to Council Regulation (EC) No 3281/94 applying a four-year scheme of generalized tariff preferences (1995 to 1998) in respect of certain industrial products originating in developing countries</p>
<p>COMMISSION REGULATION (EC) No 997/97 of 3 June 1997 amending Regulations (EC) No 1431/94, (EC) No 1474/95 and (EC) No 1251/96 laying down detailed rules for the application of certain tariff quotas for eggs and poultrymeat and prolonging the term of validity of certain licences in those sectors</p>
<p>COMMISSION REGULATION (EC) No 996/97 of 3 June 1997 on the opening and administration of an import tariff quota for frozen thin skirt of bovine animals falling within CN code 0206 29 91</p>
<p>COMMISSION REGULATION (EC) No 995/97 of 3 June 1997 laying down, for the period 1 July 1997 to 30 June 1998, detailed rules of application for the tariff quotas for beef provided for in Council Regulation (EC) No 1926/96 for Estonia, Latvia and Lithuania</p>
<p>COMMISSION REGULATION (EC) No 994/97 of 3 June 1997 amending Regulation (EC) No 763/97 establishing a system for the surveillance of imports of fresh sour cherries originating in the Republics of Bosnia-Herzegovina, Croatia and the former Yugoslav Republic of Macedonia END OF DOCUMENT.</p>
</text>
<copyright>(c) Reuters Limited 1997</copyright>
<metadata>
<codes class="bip:countries:1.0">
  <code code="EEC">
    <editdetail attribution="Reuters BIP Coding Group" action="confirmed" date="1997-06-04"/>
  </code>
</codes>
<codes class="bip:topics:1.0">
  <code code="G15">
    <editdetail attribution="Reuters BIP Coding Group" action="confirmed" date="1997-06-04"/>
  </code>
  <code code="GCAT">
    <editdetail attribution="Reuters BIP Coding Group" action="confirmed" date="1997-06-04"/>
  </code>
</codes>
<dc element="dc.publisher" value="Reuters Holdings Plc"/>
<dc element="dc.date.published" value="1997-06-04"/>
<dc element="dc.source" value="Reuters"/>
<dc element="dc.creator.location.country.name" value="EU"/>
<dc element="dc.source" value="Reuters"/>
</metadata>
</newsitem>
