<?xml version="1.0" encoding="iso-8859-1" ?>
<newsitem itemid="635796" id="root" date="1997-06-04" xml:lang="en">
<title>USA: DC Intertie power line down, seen back up by Thurs.</title>
<headline>DC Intertie power line down, seen back up by Thurs.</headline>
<dateline>LOS ANGELES 1997-06-04</dateline>
<text>
<p>The DC segment of the Pacific Intertie, which has a capacity of 3,100 megawatts (MW), was shut down Wednesday afternoon after a crane came in contact with the line, a spokeswoman for the Bonneville Power Administration.</p>
<p>The DC (direct current) line runs between the Pacific Northwest and Southern California.</p>
<p>The line was expected to be back in service by late Wednesday or Thursday morning.</p>
<p>((--Los Angeles bureau + 1 213 955 6761))</p>
</text>
<copyright>(c) Reuters Limited 1997</copyright>
<metadata>
<codes class="bip:countries:1.0">
  <code code="USA">
    <editdetail attribution="Reuters BIP Coding Group" action="confirmed" date="1997-06-04"/>
  </code>
</codes>
<codes class="bip:industries:1.0">
  <code code="I16100">
    <editdetail attribution="Reuters BIP Coding Group" action="confirmed" date="1997-06-04"/>
  </code>
</codes>
<codes class="bip:topics:1.0">
  <code code="C24">
    <editdetail attribution="Reuters BIP Coding Group" action="confirmed" date="1997-06-04"/>
  </code>
  <code code="CCAT">
    <editdetail attribution="Reuters BIP Coding Group" action="confirmed" date="1997-06-04"/>
  </code>
</codes>
<dc element="dc.date.created" value="1997-06-04"/>
<dc element="dc.publisher" value="Reuters Holdings Plc"/>
<dc element="dc.date.published" value="1997-06-04"/>
<dc element="dc.source" value="Reuters"/>
<dc element="dc.creator.location" value="LOS ANGELES"/>
<dc element="dc.creator.location.country.name" value="USA"/>
<dc element="dc.source" value="Reuters"/>
</metadata>
</newsitem>
