<?xml version="1.0" encoding="iso-8859-1" ?>
<newsitem itemid="635854" id="root" date="1997-06-04" xml:lang="en">
<title>USA: ABC upfront ad market rises to $1.6 bln.</title>
<headline>ABC upfront ad market rises to $1.6 bln.</headline>
<dateline>NEW YORK 1997-06-04</dateline>
<text>
<p>Walt Disney Co's ABC Television unit on Wednesday said it generated $1.6 billion in advance advertising sales for the new primetime TV season, compared with $1.5 billion in so-called upfront sales last year.</p>
<p>Primetime ad rates rose seven to eight percent over last year's rates, said Marvin Goldsmith, president of ABC television network sales and marketing.</p>
<p>In the so-called fringe market, daytime ad sales totaled $510 million, up about $10 million from last year, he said.</p>
<p>Goldsmith confirmed industry reports that the network moved more quickly than its rivals to sell upfront time rather than waiting for demand to surface in the remaining scattered market.</p>
<p>Among the four networks, the network finished third in last season's ratings race in terms of average household audience, leading ABC to lock up as much upfront revenue as it could, industry observers said.</p>
<p>Goldsmith said the network sold out about 85 percent of its commercial time, up from 75 percent last year.</p>
<p>He said automotive, packaged goods, retailing and fast food chains were the strongest categories.</p>
<p>((-- Jeff Benkoe, Wall Street Desk, 212-859-1735))</p>
</text>
<copyright>(c) Reuters Limited 1997</copyright>
<metadata>
<codes class="bip:countries:1.0">
  <code code="USA">
    <editdetail attribution="Reuters BIP Coding Group" action="confirmed" date="1997-06-04"/>
  </code>
</codes>
<codes class="bip:industries:1.0">
  <code code="I83800">
    <editdetail attribution="Reuters BIP Coding Group" action="confirmed" date="1997-06-04"/>
  </code>
  <code code="I97100">
    <editdetail attribution="Reuters BIP Coding Group" action="confirmed" date="1997-06-04"/>
  </code>
  <code code="I9741102">
    <editdetail attribution="Reuters BIP Coding Group" action="confirmed" date="1997-06-04"/>
  </code>
</codes>
<codes class="bip:topics:1.0">
  <code code="C31">
    <editdetail attribution="Reuters BIP Coding Group" action="confirmed" date="1997-06-04"/>
  </code>
  <code code="CCAT">
    <editdetail attribution="Reuters BIP Coding Group" action="confirmed" date="1997-06-04"/>
  </code>
</codes>
<dc element="dc.date.created" value="1997-06-04"/>
<dc element="dc.publisher" value="Reuters Holdings Plc"/>
<dc element="dc.date.published" value="1997-06-04"/>
<dc element="dc.source" value="Reuters"/>
<dc element="dc.creator.location" value="NEW YORK"/>
<dc element="dc.creator.location.country.name" value="USA"/>
<dc element="dc.source" value="Reuters"/>
</metadata>
</newsitem>
