<?xml version="1.0" encoding="iso-8859-1" ?>
<newsitem itemid="635838" id="root" date="1997-06-04" xml:lang="en">
<title>USA: Nasdaq shares continue slide amid tech concerns.</title>
<headline>Nasdaq shares continue slide amid tech concerns.</headline>
<dateline>NEW YORK 1997-06-04</dateline>
<text>
<p>Nasdaq shares dropped further Wednesday amid continuing concerns that recent earnings warnings by key technology companies may signal a slowdown in the personal computer industry, traders said.</p>
<p>The Nasdaq composite index shed 5.24 points or 0.38 percent to 1379.67. The session was mixed with advancing issues outpacing losing issues at a ratio of 6 to 5 on total volume of 605 million shares.</p>
<p>&quot;There's just a big storm cloud hanging over the techs. People are worried about earnings and until there's a clear signal that everything's going to be ok this quarter, it's tough to get buyers out there, even at lower prices,&quot; one trader said.</p>
<p>Rumors that Gateway 2000 Inc may warn of an earnings shortfall knocked other personal computer companies, traders said. Dell Computer Corp lost 3-3/8 to 104-3/4. Semiconductor giant Intel Corp shed 2-1/2 to 142-1/2. Microsoft Corp slipped 1-9/16 to 119-3/16.</p>
<p>Elsewhere, H.F. Ahmanson &amp; Co abandoned its hostile bid to acquire Great Western Financial Corp, clearing the way for Great Western to merge with Washington Mutual Inc, which gained 1-1/16 to 54-13/16.</p>
</text>
<copyright>(c) Reuters Limited 1997</copyright>
<metadata>
<codes class="bip:countries:1.0">
  <code code="USA">
    <editdetail attribution="Reuters BIP Coding Group" action="confirmed" date="1997-06-04"/>
  </code>
</codes>
<codes class="bip:topics:1.0">
  <code code="M11">
    <editdetail attribution="Reuters BIP Coding Group" action="confirmed" date="1997-06-04"/>
  </code>
  <code code="MCAT">
    <editdetail attribution="Reuters BIP Coding Group" action="confirmed" date="1997-06-04"/>
  </code>
</codes>
<dc element="dc.date.created" value="1997-06-04"/>
<dc element="dc.publisher" value="Reuters Holdings Plc"/>
<dc element="dc.date.published" value="1997-06-04"/>
<dc element="dc.source" value="Reuters"/>
<dc element="dc.creator.location" value="NEW YORK"/>
<dc element="dc.creator.location.country.name" value="USA"/>
<dc element="dc.source" value="Reuters"/>
</metadata>
</newsitem>
