<?xml version="1.0" encoding="iso-8859-1" ?>
<newsitem itemid="635829" id="root" date="1997-06-04" xml:lang="en">
<title>USA: AMEX closing averages.</title>
<headline>AMEX closing averages.</headline>
<dateline>NEW YORK 1997-06-04</dateline>
<text>
<p>Prices on the American Stock Exchange closed mixed in active trading.</p>
<p>The Amex Composite index closed at 607.73, down 1.29.</p>
<p>The average price per share fell $0.03.</p>
<p>Advancers beat decliners 274 to 272.</p>
<p>Preliminary volume was 18,945,135 compared with 22,503,165 on Tuesday.</p>
<p>(Prices official as of 1630 EST/2130 GMT)</p>
<p>((-- Wall Street desk, 212-859-1881))</p>
</text>
<copyright>(c) Reuters Limited 1997</copyright>
<metadata>
<codes class="bip:countries:1.0">
  <code code="USA">
    <editdetail attribution="Reuters BIP Coding Group" action="confirmed" date="1997-06-04"/>
  </code>
</codes>
<codes class="bip:topics:1.0">
  <code code="M11">
    <editdetail attribution="Reuters BIP Coding Group" action="confirmed" date="1997-06-04"/>
  </code>
  <code code="MCAT">
    <editdetail attribution="Reuters BIP Coding Group" action="confirmed" date="1997-06-04"/>
  </code>
</codes>
<dc element="dc.date.created" value="1997-06-04"/>
<dc element="dc.publisher" value="Reuters Holdings Plc"/>
<dc element="dc.date.published" value="1997-06-04"/>
<dc element="dc.source" value="Reuters"/>
<dc element="dc.creator.location" value="NEW YORK"/>
<dc element="dc.creator.location.country.name" value="USA"/>
<dc element="dc.source" value="Reuters"/>
</metadata>
</newsitem>
