<?xml version="1.0" encoding="iso-8859-1" ?>
<newsitem itemid="635835" id="root" date="1997-06-04" xml:lang="en">
<title>USA: Factory Card sees Q4 shr $0.22 to $0.25.</title>
<headline>Factory Card sees Q4 shr $0.22 to $0.25.</headline>
<dateline>BENSENVILLE, Ill. 1997-06-04</dateline>
<text>
<p>Factory Card Outlet Corp said on Wednesday that it expects its fourth quarter earnings to be in the range of $0.22 to $0.25 a share, which is below Wall Street consensus expectations of $0.34 a share.</p>
<p>In the fourth quarter ending June 28, 1997, Factory Card said it expects sales to range from $39 million to $40 million, compared with $31 million in last year's fourth quarter.</p>
<p>The retailer of party supplies and greeting cards had its initial public offering in early December.  </p>
<p>Factory Card said that it expects its fiscal year earnings to be in the range of $0.18 to $0.22 a share, compared with estimates of $0.33. In the prior fiscal year, the company reported earnings of $0.01 a share.</p>
<p>Gross margin percent and its selling, general and administrative expenses are estimated to be on plan for the quarter, Factory Card said.</p>
<p>The company said its fourth quarter results were hurt by some stores opening later than planned, some merchandise issues and an attempt to spur earlier Mother's Day business by mailing advertising a week earlier than it had last year.</p>
</text>
<copyright>(c) Reuters Limited 1997</copyright>
<metadata>
<codes class="bip:countries:1.0">
  <code code="USA">
    <editdetail attribution="Reuters BIP Coding Group" action="confirmed" date="1997-06-04"/>
  </code>
</codes>
<codes class="bip:industries:1.0">
  <code code="I65400">
    <editdetail attribution="Reuters BIP Coding Group" action="confirmed" date="1997-06-04"/>
  </code>
</codes>
<codes class="bip:topics:1.0">
  <code code="C15">
    <editdetail attribution="Reuters BIP Coding Group" action="confirmed" date="1997-06-04"/>
  </code>
  <code code="C152">
    <editdetail attribution="Reuters BIP Coding Group" action="confirmed" date="1997-06-04"/>
  </code>
  <code code="CCAT">
    <editdetail attribution="Reuters BIP Coding Group" action="confirmed" date="1997-06-04"/>
  </code>
</codes>
<dc element="dc.date.created" value="1997-06-04"/>
<dc element="dc.publisher" value="Reuters Holdings Plc"/>
<dc element="dc.date.published" value="1997-06-04"/>
<dc element="dc.source" value="Reuters"/>
<dc element="dc.creator.location" value="BENSENVILLE, Ill."/>
<dc element="dc.creator.location.country.name" value="USA"/>
<dc element="dc.source" value="Reuters"/>
</metadata>
</newsitem>
