<?xml version="1.0" encoding="iso-8859-1" ?>
<newsitem itemid="635861" id="root" date="1997-06-04" xml:lang="en">
<title>USA: U.S. mortgage-backeds edge lower, spreads flat.</title>
<headline>U.S. mortgage-backeds edge lower, spreads flat.</headline>
<dateline>NEW YORK 1997-06-04</dateline>
<text>
<p>U.S. mortgage-backed securities held modest losses in afternoon trade Wednesday as many market participants refrained from active trade, mortgage experts said.</p>
<p>Pass-through yield spreads to comparable Treasuries were mostly unchanged in relatively quiet trade, they said.</p>
<p>&quot;It's dead. Everybody is waiting for the (employment) number,&quot; said one trader at a regional brokerage firm.  </p>
<p>A head Ginnie trader in New York said Tuesday's large buyer of conventional mortgages, which had been used for a short-hedge position, were unloaded back into the market. That action put some weight on mortgage prices, he said.</p>
<p>A small amount of seven-year balloons and three-year agency collateralized mortgage obligation (CMO) paper was bought today, the trader said. But the size of the purchase was &quot;nothing to write home about,&quot; he added.</p>
<p>In late trade, Ginnie Mae 30-year 7.5-percent issues were off 5/32 at 99-28/32, yielding 98 basis points over the 10-year Treasury note.  </p>
<p>Comparable Fannie Mae and Freddie Mac issues were down 4/32, at 99-27/32 and 100 even, respectively.</p>
<p>The five-year Treasury note was off 2/32 at 6.49 percent, while the 10-year note was off 1/32 to yield 6.62 percent.</p>
<p>The U.S. labor department is scheduled to release the May employment data on Friday at 0830 EDT/1230 GMT.</p>
<p>On average, 22 economists in a Reuters poll had forecast payrolls rose to 219,000 in May from 142,000 in April. They projected the unemployment rate would inch up to 5.0 percent in May from 4.9 percent in the previous month.</p>
<p>(( -- Jeff Coelho, 212-859-1660 ))</p>
</text>
<copyright>(c) Reuters Limited 1997</copyright>
<metadata>
<codes class="bip:countries:1.0">
  <code code="USA">
    <editdetail attribution="Reuters BIP Coding Group" action="confirmed" date="1997-06-04"/>
  </code>
</codes>
<codes class="bip:topics:1.0">
  <code code="M12">
    <editdetail attribution="Reuters BIP Coding Group" action="confirmed" date="1997-06-04"/>
  </code>
  <code code="MCAT">
    <editdetail attribution="Reuters BIP Coding Group" action="confirmed" date="1997-06-04"/>
  </code>
</codes>
<dc element="dc.date.created" value="1997-06-04"/>
<dc element="dc.publisher" value="Reuters Holdings Plc"/>
<dc element="dc.date.published" value="1997-06-04"/>
<dc element="dc.source" value="Reuters"/>
<dc element="dc.creator.location" value="NEW YORK"/>
<dc element="dc.creator.location.country.name" value="USA"/>
<dc element="dc.source" value="Reuters"/>
</metadata>
</newsitem>
