<?xml version="1.0" encoding="iso-8859-1" ?>
<newsitem itemid="635830" id="root" date="1997-06-04" xml:lang="en">
<title>USA: JPM Co shareholders approve Denron merger.</title>
<headline>JPM Co shareholders approve Denron merger.</headline>
<dateline>LEWISBURG, Pa. 1997-06-04</dateline>
<text>
<p>JPM Co said on Wednesday that its shareholders approved the company's acquisition of privately held Denron Inc for 791,000 shares, valued at $23 million.</p>
<p>The final transaction is expected to close June 4, the company said.</p>
<p>Denron is an ISO registered manufacturer of cable assemblies and wire harnesses with principal operations in San Jose, Calif., and manufacturing support in China and Southeast Asia, JPM said.</p>
<p>Denron's sales for fiscal 1997, ended March 31 were approximately $26 million while JPM's sales for its latest fiscal year, ended Sept. 30, 1996 were $60 million.</p>
</text>
<copyright>(c) Reuters Limited 1997</copyright>
<metadata>
<codes class="bip:countries:1.0">
  <code code="USA">
    <editdetail attribution="Reuters BIP Coding Group" action="confirmed" date="1997-06-04"/>
  </code>
</codes>
<codes class="bip:industries:1.0">
  <code code="I34100">
    <editdetail attribution="Reuters BIP Coding Group" action="confirmed" date="1997-06-04"/>
  </code>
</codes>
<codes class="bip:topics:1.0">
  <code code="C18">
    <editdetail attribution="Reuters BIP Coding Group" action="confirmed" date="1997-06-04"/>
  </code>
  <code code="C181">
    <editdetail attribution="Reuters BIP Coding Group" action="confirmed" date="1997-06-04"/>
  </code>
  <code code="CCAT">
    <editdetail attribution="Reuters BIP Coding Group" action="confirmed" date="1997-06-04"/>
  </code>
</codes>
<dc element="dc.date.created" value="1997-06-04"/>
<dc element="dc.publisher" value="Reuters Holdings Plc"/>
<dc element="dc.date.published" value="1997-06-04"/>
<dc element="dc.source" value="Reuters"/>
<dc element="dc.creator.location" value="LEWISBURG, Pa."/>
<dc element="dc.creator.location.country.name" value="USA"/>
<dc element="dc.source" value="Reuters"/>
</metadata>
</newsitem>
