<?xml version="1.0" encoding="iso-8859-1" ?>
<newsitem itemid="635867" id="root" date="1997-06-04" xml:lang="en">
<title>USA: Rattlesnake no longer meets Nasdaq criteria.</title>
<headline>Rattlesnake no longer meets Nasdaq criteria.</headline>
<dateline>STAMFORD, Conn. 1997-06-04</dateline>
<text>
<p>Rattlesnake Holding Co Inc said Wednesday that it had received a letter from the Nasdaq Stock Market indicating that the company is no longer in compliance with the requirements for continuing the quotation of its securities on the Nasdaq Stock Market.</p>
<p>The company said it is preparing a response to Nasdaq and formulating a plan to achieve compliance with the maintenance standards.</p>
<p>However, there can be no assurance that continued Nasdaq quotation will be obtained, it said.</p>
</text>
<copyright>(c) Reuters Limited 1997</copyright>
<metadata>
<codes class="bip:countries:1.0">
  <code code="USA">
    <editdetail attribution="Reuters BIP Coding Group" action="confirmed" date="1997-06-04"/>
  </code>
</codes>
<codes class="bip:industries:1.0">
  <code code="I66100">
    <editdetail attribution="Reuters BIP Coding Group" action="confirmed" date="1997-06-04"/>
  </code>
</codes>
<codes class="bip:topics:1.0">
  <code code="C14">
    <editdetail attribution="Reuters BIP Coding Group" action="confirmed" date="1997-06-04"/>
  </code>
  <code code="CCAT">
    <editdetail attribution="Reuters BIP Coding Group" action="confirmed" date="1997-06-04"/>
  </code>
</codes>
<dc element="dc.date.created" value="1997-06-04"/>
<dc element="dc.publisher" value="Reuters Holdings Plc"/>
<dc element="dc.date.published" value="1997-06-04"/>
<dc element="dc.source" value="Reuters"/>
<dc element="dc.creator.location" value="STAMFORD, Conn."/>
<dc element="dc.creator.location.country.name" value="USA"/>
<dc element="dc.source" value="Reuters"/>
</metadata>
</newsitem>
