<?xml version="1.0" encoding="iso-8859-1" ?>
<newsitem itemid="635862" id="root" date="1997-06-04" xml:lang="en">
<title>USA: Procter &amp; Gamble suspends animal tests at lab.</title>
<headline>Procter &amp; Gamble suspends animal tests at lab.</headline>
<dateline>CINCINNATI 1997-06-04</dateline>
<text>
<p>Procter &amp; Gamble Co said Wednesday it suspended animal testing at the Huntington Life Sciences laboratory in New Jersey pending an investigation of the lab's treatment of animals.</p>
<p>The lab is not a Procter &amp; Gamble facility, the company said.  Recently, the company said, the lab conducted studies for one of a new class of drugs Procter &amp; Gamble is testing as a migraine and respiratory therapy.</p>
<p>Because such drugs are new, the U.S. Food and Drug Administration requires specific types of animal studies before they can be tested on people, the company said.  </p>
<p>The company said it suspended the studies after viewing video footage of animal testing at the lab released today by an animal rights group.</p>
<p>&quot;We're very concerned about what we've seen on this tape,&quot; the company said. &quot;The uncaring and unprofessional attitude and behavior of the lab technicians, as shown, is unacceptable to us and inconsistent with our principles.&quot;</p>
<p>Based on a request by the animal rights group, the U.S. Department of Agriculture has begun a review of this lab, Procter &amp; Gamble said.</p>
</text>
<copyright>(c) Reuters Limited 1997</copyright>
<metadata>
<codes class="bip:countries:1.0">
  <code code="USA">
    <editdetail attribution="Reuters BIP Coding Group" action="confirmed" date="1997-06-04"/>
  </code>
</codes>
<codes class="bip:industries:1.0">
  <code code="I25800">
    <editdetail attribution="Reuters BIP Coding Group" action="confirmed" date="1997-06-04"/>
  </code>
</codes>
<codes class="bip:topics:1.0">
  <code code="C13">
    <editdetail attribution="Reuters BIP Coding Group" action="confirmed" date="1997-06-04"/>
  </code>
  <code code="C23">
    <editdetail attribution="Reuters BIP Coding Group" action="confirmed" date="1997-06-04"/>
  </code>
  <code code="CCAT">
    <editdetail attribution="Reuters BIP Coding Group" action="confirmed" date="1997-06-04"/>
  </code>
  <code code="GCAT">
    <editdetail attribution="Reuters BIP Coding Group" action="confirmed" date="1997-06-04"/>
  </code>
  <code code="GCRIM">
    <editdetail attribution="Reuters BIP Coding Group" action="confirmed" date="1997-06-04"/>
  </code>
  <code code="GENV">
    <editdetail attribution="Reuters BIP Coding Group" action="confirmed" date="1997-06-04"/>
  </code>
</codes>
<dc element="dc.date.created" value="1997-06-04"/>
<dc element="dc.publisher" value="Reuters Holdings Plc"/>
<dc element="dc.date.published" value="1997-06-04"/>
<dc element="dc.source" value="Reuters"/>
<dc element="dc.creator.location" value="CINCINNATI"/>
<dc element="dc.creator.location.country.name" value="USA"/>
<dc element="dc.source" value="Reuters"/>
</metadata>
</newsitem>
