<?xml version="1.0" encoding="iso-8859-1" ?>
<newsitem itemid="635871" id="root" date="1997-06-04" xml:lang="en">
<title>USA: PepsiCo shares fall after analyst meeting.</title>
<headline>PepsiCo shares fall after analyst meeting.</headline>
<byline>Jeff Mamera</byline>
<dateline>NEW YORK 1997-06-04</dateline>
<text>
<p>PepsiCo Inc stock fell on Wednesday after the company disappointed analysts with its outlook on earnings and U.S. beverage sales, traders and analysts said.</p>
<p>Pepsi officials could not be immediately reached for comment, but traders said the company presented weaker-than-expected earnings growth projections during a meeting with analysts.  </p>
<p>In late afternoon trading, Pepsi's shares were down 2-1/4 at 36 on volume of more than 6.5 million shares.</p>
<p>According to analyst Edward Froelich of the Pershing division of Donaldson Lufin &amp; Jenrette, Pepsi said some of its projected 15 percent earnings growth for next year and beyond would come from the sale of assets, rather than solely from increased business.</p>
<p>&quot;That means Pepsi's EPS is not all organic growth but will be boosted by asset sales,&quot; Froelich said.</p>
<p>Schroeder Wertheim analyst Caroline Levy cut her earnings estimates for Pepsi's second quarter on the outlook. She now estimates Pepsi's earnings will show little change from the second quarter of last year, when it earned $0.36 a share. Earlier she estimated Pepsi's 1997 second-quarter profit at $0.38.</p>
<p>Froelich said some of the assets that Pepsi might be considering selling include extraneous bottling divisions.</p>
<p>The company on Monday said it would restructure its bottling operations into a separate unit with its own management structure. At the time, analysts said the move a prelude to a spinoff of the bottling operations.</p>
<p>Pepsi, however, denied it was preparing for a spinoff.</p>
</text>
<copyright>(c) Reuters Limited 1997</copyright>
<metadata>
<codes class="bip:countries:1.0">
  <code code="USA">
    <editdetail attribution="Reuters BIP Coding Group" action="confirmed" date="1997-06-04"/>
  </code>
</codes>
<codes class="bip:industries:1.0">
  <code code="I42800">
    <editdetail attribution="Reuters BIP Coding Group" action="confirmed" date="1997-06-04"/>
  </code>
</codes>
<codes class="bip:topics:1.0">
  <code code="C15">
    <editdetail attribution="Reuters BIP Coding Group" action="confirmed" date="1997-06-04"/>
  </code>
  <code code="C152">
    <editdetail attribution="Reuters BIP Coding Group" action="confirmed" date="1997-06-04"/>
  </code>
  <code code="CCAT">
    <editdetail attribution="Reuters BIP Coding Group" action="confirmed" date="1997-06-04"/>
  </code>
</codes>
<dc element="dc.date.created" value="1997-06-04"/>
<dc element="dc.publisher" value="Reuters Holdings Plc"/>
<dc element="dc.date.published" value="1997-06-04"/>
<dc element="dc.source" value="Reuters"/>
<dc element="dc.creator.location" value="NEW YORK"/>
<dc element="dc.creator.location.country.name" value="USA"/>
<dc element="dc.source" value="Reuters"/>
</metadata>
</newsitem>
