<?xml version="1.0" encoding="iso-8859-1" ?>
<newsitem itemid="635872" id="root" date="1997-06-04" xml:lang="en">
<title>USA: CBS-TV upfront ad market edges higher.</title>
<headline>CBS-TV upfront ad market edges higher.</headline>
<dateline>NEW YORK 1997-06-04</dateline>
<text>
<p>Westinghouse Electric Corp's CBS Television Network sold about $1.25 billion in upfront advertising for the fall primetime TV season, up about $100 million from last year, Joe Abruzzese, president of network TV sales, confirmed Wednesday.</p>
<p>Including sales during its coverage of the Nagano Winter Olympics next year, advertising sales totalled $1.81 billion, Abruzzese said.</p>
<p>He reported that the network's primetime ad rates rose about 11-12 percent.</p>
<p>Upfront sales in its daytime programming totalled about $400 million, little changed from last year, Abruzzese said, with ad rates increasing 11-12 percent.</p>
</text>
<copyright>(c) Reuters Limited 1997</copyright>
<metadata>
<codes class="bip:countries:1.0">
  <code code="USA">
    <editdetail attribution="Reuters BIP Coding Group" action="confirmed" date="1997-06-04"/>
  </code>
</codes>
<codes class="bip:industries:1.0">
  <code code="I34000">
    <editdetail attribution="Reuters BIP Coding Group" action="confirmed" date="1997-06-04"/>
  </code>
  <code code="I9741102">
    <editdetail attribution="Reuters BIP Coding Group" action="confirmed" date="1997-06-04"/>
  </code>
</codes>
<codes class="bip:topics:1.0">
  <code code="C31">
    <editdetail attribution="Reuters BIP Coding Group" action="confirmed" date="1997-06-04"/>
  </code>
  <code code="C32">
    <editdetail attribution="Reuters BIP Coding Group" action="confirmed" date="1997-06-04"/>
  </code>
  <code code="CCAT">
    <editdetail attribution="Reuters BIP Coding Group" action="confirmed" date="1997-06-04"/>
  </code>
</codes>
<dc element="dc.date.created" value="1997-06-04"/>
<dc element="dc.publisher" value="Reuters Holdings Plc"/>
<dc element="dc.date.published" value="1997-06-04"/>
<dc element="dc.source" value="Reuters"/>
<dc element="dc.creator.location" value="NEW YORK"/>
<dc element="dc.creator.location.country.name" value="USA"/>
<dc element="dc.source" value="Reuters"/>
</metadata>
</newsitem>
