<?xml version="1.0" encoding="iso-8859-1" ?>
<newsitem itemid="635857" id="root" date="1997-06-04" xml:lang="en">
<title>USA: CHS Electronics to acquire four companies.</title>
<headline>CHS Electronics to acquire four companies.</headline>
<dateline>MIAMI 1997-06-04</dateline>
<text>
<p>CHS Electronics Inc said on Wednesday it has signed definitive agreements to buy four privately held distribution companies doing business in South America and Eastern Europe.</p>
<p>The companies are being purchased for a combination of stock and cash, CHS said.</p>
<p>The acquisitions had combined 1996 revenues of $88 million and are expected to add $120 million to CHS revenues on a proforma basis in 1997, the company said.  </p>
<p>CHS Electrics said the acquisitions are expected to boost net income.</p>
<p>The company is acquiring Ameritech Exports Inc, a Miami-based distributor of Compaq products throughout South America; Ameritech Argentina SA, a microcomputer distributor based in Buenos Aires; CompExpress Informatica Ltda, an IBM distributor in Brazil; and Atlantis Skupina, a microcomputer products distributor in Slovenia.</p>
<p>Specific terms of the acquisitions were not disclosed.</p>
<p>CompExpress and Atlantis Skupina are being acquired through earn-outs based on future financial performance, CHS said.</p>
</text>
<copyright>(c) Reuters Limited 1997</copyright>
<metadata>
<codes class="bip:countries:1.0">
  <code code="USA">
    <editdetail attribution="Reuters BIP Coding Group" action="confirmed" date="1997-06-04"/>
  </code>
</codes>
<codes class="bip:topics:1.0">
  <code code="C18">
    <editdetail attribution="Reuters BIP Coding Group" action="confirmed" date="1997-06-04"/>
  </code>
  <code code="C181">
    <editdetail attribution="Reuters BIP Coding Group" action="confirmed" date="1997-06-04"/>
  </code>
  <code code="CCAT">
    <editdetail attribution="Reuters BIP Coding Group" action="confirmed" date="1997-06-04"/>
  </code>
</codes>
<dc element="dc.date.created" value="1997-06-04"/>
<dc element="dc.publisher" value="Reuters Holdings Plc"/>
<dc element="dc.date.published" value="1997-06-04"/>
<dc element="dc.source" value="Reuters"/>
<dc element="dc.creator.location" value="MIAMI"/>
<dc element="dc.creator.location.country.name" value="USA"/>
<dc element="dc.source" value="Reuters"/>
</metadata>
</newsitem>
