<?xml version="1.0" encoding="iso-8859-1" ?>
<newsitem itemid="635993" id="root" date="1997-06-04" xml:lang="en">
<title>SOUTH AFRICA: SOCCER-MANDELA GIVES GULLIT SPECIAL AWARD.</title>
<headline>SOCCER-MANDELA GIVES GULLIT SPECIAL AWARD.</headline>
<dateline>JOHANNESBURG 1997-06-04</dateline>
<text>
<p>Former Dutch international Ruud Gullit was given South Africa's highest decoration for foreigners by South African president Nelson Mandela on Wednesday.</p>
<p>Mandela presented Gullit, manager of English premier league club Chelsea, with the Order of Good Hope (commander class) at halftime in the friendly between South Africa and the Netherlands in Johannesburg.</p>
<p>Gullit was honoured for dedicating his 1987 European Footballer of the Year award to the then imprisoned South African leader.</p>
<p>&quot;You have been a longstanding supporter of South Africa's struggle for democracy and a champion on and off the field,&quot; Mandela told Gullit at the ceremony.</p>
<p>Gullitt said his dedication 10 years ago had not been a political statement.</p>
<p>&quot;I just thought it was something human to do. Every person in the world needs freedom.&quot;</p>
</text>
<copyright>(c) Reuters Limited 1997</copyright>
<metadata>
<codes class="bip:countries:1.0">
  <code code="NETH">
    <editdetail attribution="Reuters BIP Coding Group" action="confirmed" date="1997-06-04"/>
  </code>
  <code code="SAFR">
    <editdetail attribution="Reuters BIP Coding Group" action="confirmed" date="1997-06-04"/>
  </code>
</codes>
<codes class="bip:topics:1.0">
  <code code="GCAT">
    <editdetail attribution="Reuters BIP Coding Group" action="confirmed" date="1997-06-04"/>
  </code>
  <code code="GSPO">
    <editdetail attribution="Reuters BIP Coding Group" action="confirmed" date="1997-06-04"/>
  </code>
</codes>
<dc element="dc.date.created" value="1997-06-04"/>
<dc element="dc.publisher" value="Reuters Holdings Plc"/>
<dc element="dc.date.published" value="1997-06-04"/>
<dc element="dc.source" value="Reuters"/>
<dc element="dc.creator.location" value="JOHANNESBURG"/>
<dc element="dc.creator.location.country.name" value="SOUTH AFRICA"/>
<dc element="dc.source" value="Reuters"/>
</metadata>
</newsitem>
