<?xml version="1.0" encoding="iso-8859-1" ?>
<newsitem itemid="635979" id="root" date="1997-06-04" xml:lang="en">
<title>UK: CRICKET-KASPROWICZ WINS PLACE AHEAD OF JULIAN.</title>
<headline>CRICKET-KASPROWICZ WINS PLACE AHEAD OF JULIAN.</headline>
<dateline>BIRMINGHAM, England 1997-06-04</dateline>
<text>
<p>Queenslander Michael Kasprowicz has won a berth as the third pace bowler in the Australian side for Thursday's first test against England ahead of Brendon Julian.</p>
<p>Greg Blewett, who has been troubled by a knee injury, will bat at number three for the Australians, while fast bowler Jason Gillespie, who has a foot injury, has also been selected.</p>
<p>The team was announced after Wednesday's net practice.</p>
<p>Australia - Mark Taylor (captain), Matthew Elliott, Greg Blewett, Mark Waugh, Steve Waugh, Michael Bevan, Ian Healy, Shane Warne, Jason Gillespie, Michael Kasprowicz, Glenn McGrath.</p>
</text>
<copyright>(c) Reuters Limited 1997</copyright>
<metadata>
<codes class="bip:countries:1.0">
  <code code="AUSTR">
    <editdetail attribution="Reuters BIP Coding Group" action="confirmed" date="1997-06-04"/>
  </code>
  <code code="UK">
    <editdetail attribution="Reuters BIP Coding Group" action="confirmed" date="1997-06-04"/>
  </code>
</codes>
<codes class="bip:topics:1.0">
  <code code="GCAT">
    <editdetail attribution="Reuters BIP Coding Group" action="confirmed" date="1997-06-04"/>
  </code>
  <code code="GSPO">
    <editdetail attribution="Reuters BIP Coding Group" action="confirmed" date="1997-06-04"/>
  </code>
</codes>
<dc element="dc.date.created" value="1997-06-04"/>
<dc element="dc.publisher" value="Reuters Holdings Plc"/>
<dc element="dc.date.published" value="1997-06-04"/>
<dc element="dc.source" value="Reuters"/>
<dc element="dc.creator.location" value="BIRMINGHAM, England"/>
<dc element="dc.creator.location.country.name" value="UK"/>
<dc element="dc.source" value="Reuters"/>
</metadata>
</newsitem>
