<?xml version="1.0" encoding="iso-8859-1" ?>
<newsitem itemid="635925" id="root" date="1997-06-04" xml:lang="en">
<title>USA: ADT begins notes tender offer.</title>
<headline>ADT begins notes tender offer.</headline>
<dateline>NEW YORK 1997-06-04</dateline>
<text>
<p>ADT Ltd said Wednesday its ADT Operations Inc unit is commencing cash tender offers for all outstanding 8.25 percent senior notes due 2000 and for all oustanding 9.25 percent senior notes due 2003.</p>
<p>The tender offers are part of the proposed merger of ADT Ltd and Tyco International Ltd, it said.</p>
<p>The tender offers will expire at 1200 EDT/1600 GMT on July 2, the company said.</p>
<p>J.P. Morgan Securities Inc. is acting as dealer-manager for the tenders, the company said.</p>
</text>
<copyright>(c) Reuters Limited 1997</copyright>
<metadata>
<codes class="bip:countries:1.0">
  <code code="USA">
    <editdetail attribution="Reuters BIP Coding Group" action="confirmed" date="1997-06-04"/>
  </code>
</codes>
<codes class="bip:industries:1.0">
  <code code="I83960">
    <editdetail attribution="Reuters BIP Coding Group" action="confirmed" date="1997-06-04"/>
  </code>
</codes>
<codes class="bip:topics:1.0">
  <code code="C17">
    <editdetail attribution="Reuters BIP Coding Group" action="confirmed" date="1997-06-04"/>
  </code>
  <code code="C172">
    <editdetail attribution="Reuters BIP Coding Group" action="confirmed" date="1997-06-04"/>
  </code>
  <code code="CCAT">
    <editdetail attribution="Reuters BIP Coding Group" action="confirmed" date="1997-06-04"/>
  </code>
</codes>
<dc element="dc.date.created" value="1997-06-04"/>
<dc element="dc.publisher" value="Reuters Holdings Plc"/>
<dc element="dc.date.published" value="1997-06-04"/>
<dc element="dc.source" value="Reuters"/>
<dc element="dc.creator.location" value="NEW YORK"/>
<dc element="dc.creator.location.country.name" value="USA"/>
<dc element="dc.source" value="Reuters"/>
</metadata>
</newsitem>
