<?xml version="1.0" encoding="iso-8859-1" ?>
<newsitem itemid="635933" id="root" date="1997-06-04" xml:lang="en">
<title>USA: SmithKline to evaluate TCPI glucose test.</title>
<headline>SmithKline to evaluate TCPI glucose test.</headline>
<dateline>POMPANO BEACH, Fla. 1997-06-04</dateline>
<text>
<p>Technical Chemicals &amp; Products Inc said Wednesday that it signed a contract with SmithKline Beecham to evaluate its TD glucose monitoring system for six months and negotiate a definitive licensing agreement to market the system.</p>
<p>Terms of the contract include an upfront payment to TCPI as well as the mutual exchange of technical and marketing information related to the product, a non-invasive monitoring system for use by diabetics. The company did not disclose the amount of the payment.</p>
<p>TCPI said the global demand for glucose monitoring products is estimated to be $2.5 billion a year and growing by 15 percent annually.  At present, there are 11O million diabetics worldwide -- 18 million of whom regularly monitor their glucose levels.</p>
<p>The company said that it is on target with its original plans to have the product on the market in 1998.  In the second half of this year, TCPI said it expects clinical trials of the glucose monitoring system will be completed and a corresponding filing made with the Food and Drug Administration.</p>
</text>
<copyright>(c) Reuters Limited 1997</copyright>
<metadata>
<codes class="bip:countries:1.0">
  <code code="USA">
    <editdetail attribution="Reuters BIP Coding Group" action="confirmed" date="1997-06-04"/>
  </code>
</codes>
<codes class="bip:industries:1.0">
  <code code="I25700">
    <editdetail attribution="Reuters BIP Coding Group" action="confirmed" date="1997-06-04"/>
  </code>
</codes>
<codes class="bip:topics:1.0">
  <code code="C33">
    <editdetail attribution="Reuters BIP Coding Group" action="confirmed" date="1997-06-04"/>
  </code>
  <code code="CCAT">
    <editdetail attribution="Reuters BIP Coding Group" action="confirmed" date="1997-06-04"/>
  </code>
</codes>
<dc element="dc.date.created" value="1997-06-04"/>
<dc element="dc.publisher" value="Reuters Holdings Plc"/>
<dc element="dc.date.published" value="1997-06-04"/>
<dc element="dc.source" value="Reuters"/>
<dc element="dc.creator.location" value="POMPANO BEACH, Fla."/>
<dc element="dc.creator.location.country.name" value="USA"/>
<dc element="dc.source" value="Reuters"/>
</metadata>
</newsitem>
