<?xml version="1.0" encoding="iso-8859-1" ?>
<newsitem itemid="635914" id="root" date="1997-06-04" xml:lang="en">
<title>USA: California Microwave to divest 2 units.</title>
<headline>California Microwave to divest 2 units.</headline>
<dateline>REDWOOD CITY, Calif. 1997-06-03</dateline>
<text>
<p>California Microwave Inc Wednesday said it intends to sell its Satellite Transmission Systems and Microwave Networks business units and keep its satellite modem and other wireless radio divisions.</p>
<p>In a statement, the company said J.P. Morgan is handling the divestiture.</p>
<p>Satellite Transmission Systems, located in Hauppauge, NY, is a turnkey supplier of satellite communications earth stations and networks. It provides systems engineering and integration capabilities. Microwave Networks, with facilities in Stafford, Texas, and in Chelmsford, Mass., designs and manufactures microwave radio systems for cellular, personal communications services and public and private communications networks.</p>
</text>
<copyright>(c) Reuters Limited 1997</copyright>
<metadata>
<codes class="bip:countries:1.0">
  <code code="USA">
    <editdetail attribution="Reuters BIP Coding Group" action="confirmed" date="1997-06-04"/>
  </code>
</codes>
<codes class="bip:industries:1.0">
  <code code="I34400">
    <editdetail attribution="Reuters BIP Coding Group" action="confirmed" date="1997-06-04"/>
  </code>
</codes>
<codes class="bip:topics:1.0">
  <code code="C18">
    <editdetail attribution="Reuters BIP Coding Group" action="confirmed" date="1997-06-04"/>
  </code>
  <code code="C181">
    <editdetail attribution="Reuters BIP Coding Group" action="confirmed" date="1997-06-04"/>
  </code>
  <code code="CCAT">
    <editdetail attribution="Reuters BIP Coding Group" action="confirmed" date="1997-06-04"/>
  </code>
</codes>
<dc element="dc.date.created" value="1997-06-03"/>
<dc element="dc.publisher" value="Reuters Holdings Plc"/>
<dc element="dc.date.published" value="1997-06-04"/>
<dc element="dc.source" value="Reuters"/>
<dc element="dc.creator.location" value="REDWOOD CITY, Calif."/>
<dc element="dc.creator.location.country.name" value="USA"/>
<dc element="dc.source" value="Reuters"/>
</metadata>
</newsitem>
