<?xml version="1.0" encoding="iso-8859-1" ?>
<newsitem itemid="635963" id="root" date="1997-06-04" xml:lang="en">
<title>SOUTH AFRICA: RUGBY UNION-WEIR'S TOUR IN DOUBT AFTER KICKING INCIDENT.</title>
<headline>RUGBY UNION-WEIR'S TOUR IN DOUBT AFTER KICKING INCIDENT.</headline>
<byline>Andy Colquhoun</byline>
<dateline>WITBANK, South Africa 1997-06-04</dateline>
<text>
<p>Lock Doddie Weir may miss the remainder of the British Lions' tour of South Africa after being kicked in the knee during the tourists emphatic victory over Mpumalanga on Wednesday.</p>
<p>Lions coach Ian McGeechan was so incensed by the incident -- in which Marius Bosman was clearly seen kicking Weir's left knee during a maul -- that he considered citing the player.</p>
<p>McGeechan said after his side's 64-14 victory: &quot;I did say I planned to cite the player but I understand from International Rugby Board regulations and from the agreement on this tour we cannot cite if the referee takes action as he did on this occasion.</p>
<p>&quot;I was very disappointed by the incident. It wasn't in the context of the game and unfortunately something as cold blooded as that may have ended a Lions tour for Doddie.&quot;</p>
<p>Weir is feared to have medial ligament damage although it will be 24 hours before his fate is properly known.</p>
<p>Referee Carl Spannenberg awarded a penalty to the Lions following the incident and took similar action when a touch judge reported lock Elandre van der Bergh for stamping on flanker Rob Wainwright's head.</p>
<p>Wainwright was not injured in the incident, unlike England full-back Jonathan Callard who required 25 stitches to his face after the same player stamped on him in England's match against Eastern Province on their tour three years ago.</p>
<p>Gert Grobler, the Mpumalanga manager, said neither act had been intentional but he would study the video and take action if necessary.</p>
<p>McGeechan added: &quot;If somebody has rugby at heart they would be responsible for their players and if they take action we would be very pleased.&quot;</p>
<p>The incidents soured a match in which the Lions produced their best rugby in four tour matches to date.</p>
</text>
<copyright>(c) Reuters Limited 1997</copyright>
<metadata>
<codes class="bip:countries:1.0">
  <code code="SAFR">
    <editdetail attribution="Reuters BIP Coding Group" action="confirmed" date="1997-06-04"/>
  </code>
  <code code="UK">
    <editdetail attribution="Reuters BIP Coding Group" action="confirmed" date="1997-06-04"/>
  </code>
</codes>
<codes class="bip:topics:1.0">
  <code code="GCAT">
    <editdetail attribution="Reuters BIP Coding Group" action="confirmed" date="1997-06-04"/>
  </code>
  <code code="GSPO">
    <editdetail attribution="Reuters BIP Coding Group" action="confirmed" date="1997-06-04"/>
  </code>
</codes>
<dc element="dc.date.created" value="1997-06-04"/>
<dc element="dc.publisher" value="Reuters Holdings Plc"/>
<dc element="dc.date.published" value="1997-06-04"/>
<dc element="dc.source" value="Reuters"/>
<dc element="dc.creator.location" value="WITBANK, South Africa"/>
<dc element="dc.creator.location.country.name" value="SOUTH AFRICA"/>
<dc element="dc.source" value="Reuters"/>
</metadata>
</newsitem>
