<?xml version="1.0" encoding="iso-8859-1" ?>
<newsitem itemid="635943" id="root" date="1997-06-04" xml:lang="en">
<title>USA: Align-Rite Intl Q4 shr flat.</title>
<headline>Align-Rite Intl Q4 shr flat.</headline>
<dateline>LOS ANGELES 1997-06-04</dateline>
<text>
<p>ALIGN-RITE INTERNATIONAL, INC.</p>
<p>		    CONDENSED CONSOLIDATED STATEMENTS OF INCOME</p>
<p>		Three Months Ended		Twelve Months Ended</p>
<p>	 March 31,			     March 31,</p>
<p>	    1997 (Unaudited) 1996	     1997 (Audited) 1996</p>
<p>	   (thousands, except per share data)(thousands, except</p>
<p>per share data)</p>
<p>REVENUES</p>
<p>$9,427 100.00%$8,985 100.00%$38,001 100.00% $33,290  100.00%</p>
<p>COST</p>
<p>OF SALES</p>
<p>5,967 63.30%  5,338  59.41%  23,863  62.80%  20,689  62.15%</p>
<p>GROSS</p>
<p>PROFIT</p>
<p>3,460 36.70%  3,647  40.59%  14,138  37.20%  12,601  37.85%</p>
<p>SELLING AND</p>
<p>GENERAL</p>
<p>ADMINIS-</p>
<p>TRATIVE</p>
<p>  1,411  14.97%  1,426  15.87%  6,072  15.98%  5,571   16.73%</p>
<p>INCOME</p>
<p>FROM</p>
<p>OPERATIONS</p>
<p>  2,049  21.74%  2,221  24.72%  8,066  21.23%  7,030   21.12%</p>
<p>INTEREST</p>
<p>(INCOME)</p>
<p>EXPENSE AND</p>
<p>OTHER</p>
<p>INCOME, NET</p>
<p>  (36)(0.38%)     84   0.93%   (316) (0.83%)   (153)  (0.46%)</p>
<p>INCOME BEFORE</p>
<p>TAXES</p>
<p>  2,085  22.12%  2,137  23.78%  8,382  22.06%  7,183   21.58%</p>
<p>INCOME TAX</p>
<p>PROVISION</p>
<p>  720   7.64%    805   8.96%   3,056   8.04%   2,219    6.67%</p>
<p>NET INCOME</p>
<p>  1,365  14.48%  1,332  14.82%  5,326  14.02%  4,964   14.91%</p>
<p>Earnings</p>
<p>per share:</p>
<p>Primary</p>
<p>  0.28	    0.28		1.11		1.20</p>
<p>Weighted</p>
<p>average</p>
<p>number of</p>
<p>shares:</p>
<p>Primary</p>
<p>  4,838	  4,795	     4,799	     4,143</p>
</text>
<copyright>(c) Reuters Limited 1997</copyright>
<metadata>
<codes class="bip:countries:1.0">
  <code code="USA">
    <editdetail attribution="Reuters BIP Coding Group" action="confirmed" date="1997-06-04"/>
  </code>
</codes>
<codes class="bip:topics:1.0">
  <code code="C15">
    <editdetail attribution="Reuters BIP Coding Group" action="confirmed" date="1997-06-04"/>
  </code>
  <code code="C151">
    <editdetail attribution="Reuters BIP Coding Group" action="confirmed" date="1997-06-04"/>
  </code>
  <code code="C1511">
    <editdetail attribution="Reuters BIP Coding Group" action="confirmed" date="1997-06-04"/>
  </code>
  <code code="CCAT">
    <editdetail attribution="Reuters BIP Coding Group" action="confirmed" date="1997-06-04"/>
  </code>
</codes>
<dc element="dc.date.created" value="1997-06-04"/>
<dc element="dc.publisher" value="Reuters Holdings Plc"/>
<dc element="dc.date.published" value="1997-06-04"/>
<dc element="dc.source" value="Reuters"/>
<dc element="dc.creator.location" value="LOS ANGELES"/>
<dc element="dc.creator.location.country.name" value="USA"/>
<dc element="dc.source" value="Reuters"/>
</metadata>
</newsitem>
