<?xml version="1.0" encoding="iso-8859-1" ?>
<newsitem itemid="636080" id="root" date="1997-06-04" xml:lang="en">
<title>SLOVAKIA: SLOVAK MONEY MKT SQUEEZE MAY BOOST SHARES-DEALERS.</title>
<headline>SLOVAK MONEY MKT SQUEEZE MAY BOOST SHARES-DEALERS.</headline>
<byline>Peter Javurek</byline>
<dateline>BRATISLAVA 1997-06-04</dateline>
<text>
<p>A liquidity squeeze on the Slovak interbank market has led to a lull in share trading but brokers say the equities market could revive as companies mull share offerings as a cheaper way to raise funds.</p>
<p>The Bratislava Stock Exchange (BSE), one of central Europe's smaller bourses with market capitalisation of $2.5 billion, was inundated with foreign buying earlier this year, sending the SAX index to fresh highs on an almost daily baisis.</p>
<p>But investment ebbed in May, mainly driven by enormously high interest rates on the money market making it expensive to raise the funds to buy shares. Thus, the BSE has been illiquid.</p>
<p>&quot;I don't see any chance of a significant improvement, at least until the central bank would change its policy,&quot; Peter Krutil, chief trader at Creditanstalt Securities, told Reuters.</p>
<p>However, Krutil said that the current shortage of capital among some Slovak companies caused by high interest rates may parodixically offer a way out by itself, forcing cash-strapped firms to consider share offerings as an alternative to loans.</p>
<p>Overnight Slovak interbank rates were quoted at over 50 percent on Wednesday.</p>
<p>&quot;This may force them to enter the capital market relatively soon,&quot; Krutil said. &quot;I think investors would welcome any new reasonable share issues, as that is what this market has been desperately needing for years.&quot;</p>
<p>But, he added, a market revival driven by share offerings would not happen immediately because of the time involved in preparing the measure.</p>
<p>The thin market moved lower again on Wednesday. The SAX index eased 0.24 points to 190.49 in sluggish trading on Wednesday, with only 675 shares trading on the BSE's main floor, with turnover at just 572,440 crowns.</p>
<p>&quot;The cruel policy of the National Bank of Slovakia has caused a slowing down of the growth of economy, with no money in the system,&quot; said Vladimir Kuklis, an analyst at Ceskoslovenska Obchodni Banka.</p>
<p>The Slovak money market has been suffering from a severe liquidity crunch, with the central bank (NBS) remaining vigiliant in its strategy of keeping the local money market short to prevent speculative attacks on the crown.</p>
<p>As of June 2, banks lacked around 15 billion crowns, or some 34.71 percent of the funds needed to meet its minimum reserve requirements later this month.</p>
<p>The free-flow of share capital traded on the BSE totals only $900 million, against some $5.0 billion on the Prague bourse, $4.6 billion in Warsaw and $3.5 billion in Budapest.</p>
<p>-- Peter Javurek, Bratislava Newsroom, 421-7-521-8402</p>
</text>
<copyright>(c) Reuters Limited 1997</copyright>
<metadata>
<codes class="bip:countries:1.0">
  <code code="SLVAK">
    <editdetail attribution="Reuters BIP Coding Group" action="confirmed" date="1997-06-04"/>
  </code>
</codes>
<codes class="bip:topics:1.0">
  <code code="M11">
    <editdetail attribution="Reuters BIP Coding Group" action="confirmed" date="1997-06-04"/>
  </code>
  <code code="MCAT">
    <editdetail attribution="Reuters BIP Coding Group" action="confirmed" date="1997-06-04"/>
  </code>
</codes>
<dc element="dc.date.created" value="1997-06-04"/>
<dc element="dc.publisher" value="Reuters Holdings Plc"/>
<dc element="dc.date.published" value="1997-06-04"/>
<dc element="dc.source" value="Reuters"/>
<dc element="dc.creator.location" value="BRATISLAVA"/>
<dc element="dc.creator.location.country.name" value="SLOVAKIA"/>
<dc element="dc.source" value="Reuters"/>
</metadata>
</newsitem>
