<?xml version="1.0" encoding="iso-8859-1" ?>
<newsitem itemid="636003" id="root" date="1997-06-04" xml:lang="en">
<title>POLAND: SOCCER-POLISH FIRST DIVISIONN RESULTS/STANDINGS.</title>
<headline>SOCCER-POLISH FIRST DIVISIONN RESULTS/STANDINGS.</headline>
<dateline>WARSAW 1997-06-04</dateline>
<text>
<p>Results of Polish first division</p>
<p>soccer matches played on Wednesday:</p>
<p> Legia Warszawa   3   Ruch Chorzow   1</p>
<p> GKS Katowice     3   Widzew Lodz    4</p>
<p>    Standings	     P    W    D    L     F   A   Pts</p>
<p>  1.Widzew Lodz	  31   22    6    3    62   18   72</p>
<p>  2.Legia Warszawa     31   22    5    4    58   23   71</p>
<p>  3.GKS Katowice	 31   14   11    6    45   32   53</p>
<p>  4.Odra Wodzislaw     31   14    7   10    46   39   49</p>
<p>  5.Amica Wronki	 31   13    9    9    38   35   48</p>
<p>  6.Polonia Warszawa   32   13    8   11    39   41   47</p>
<p>  7.Zaglebie Lubin     32   11   10   11    38   38   43</p>
<p>  8.LKS Lodz	     31   11   10   10    46   43   43</p>
<p>  9.Lech Poznan	  32   11   10   11    39   36   43</p>
<p> 10.Stomil Olsztyn     32   11    8   13    40   41   41</p>
<p> 11.Rakow Czestochowa  32   10   11   11    31   34   41</p>
<p> 12.Wisla Krakow	 32   10    9   13    28   35   39</p>
<p> 13.Gornik Zabrze	31   10    6   15    35   42   36</p>
<p> 14.GKS Belchatow	32   10    6   16    33   42   36</p>
<p> 15.Hutnik Krakow	32    8   11   13    29   38   35</p>
<p> 16.Ruch Chorzow	 32    7   13   12    34   38   34</p>
<p> 17.Slask Wroclaw	31    6    6   19    24   47   24</p>
<p> 18.Sokol Tychy	  32    5    6   21    18   61   21</p>
</text>
<copyright>(c) Reuters Limited 1997</copyright>
<metadata>
<codes class="bip:countries:1.0">
  <code code="POL">
    <editdetail attribution="Reuters BIP Coding Group" action="confirmed" date="1997-06-04"/>
  </code>
</codes>
<codes class="bip:topics:1.0">
  <code code="GCAT">
    <editdetail attribution="Reuters BIP Coding Group" action="confirmed" date="1997-06-04"/>
  </code>
  <code code="GSPO">
    <editdetail attribution="Reuters BIP Coding Group" action="confirmed" date="1997-06-04"/>
  </code>
</codes>
<dc element="dc.date.created" value="1997-06-04"/>
<dc element="dc.publisher" value="Reuters Holdings Plc"/>
<dc element="dc.date.published" value="1997-06-04"/>
<dc element="dc.source" value="Reuters"/>
<dc element="dc.creator.location" value="WARSAW"/>
<dc element="dc.creator.location.country.name" value="POLAND"/>
<dc element="dc.source" value="Reuters"/>
</metadata>
</newsitem>
