<?xml version="1.0" encoding="iso-8859-1" ?>
<newsitem itemid="636015" id="root" date="1997-06-04" xml:lang="en">
<title>USA: NHL ICE HOCKEY - RED WINGS GRAB 2-0 LEAD OVER FLYERS IN STANLEY CUP FINALS.</title>
<headline>NHL ICE HOCKEY - RED WINGS GRAB 2-0 LEAD OVER FLYERS IN STANLEY CUP FINALS.</headline>
<dateline>PHILADELPHIA 1997-06-04</dateline>
<text>
<p>Brendan Shanahan opened and closed the scoring and Mike Vernon made 29 saves as the Detroit Red Wings again beat the Philadelphia Flyers 4-2 on Tuesday to take home a two games to none lead in the NHL Stanley Cup finals.</p>
<p>Kirk Maltby and Red Wings captain Steve Yzerman, who each scored in Game 1, picked up the other two goals for Detroit, which can complete a sweep of the best-of-seven championship series and end a 42-year title drought with victories at home on Thursday and Saturday.</p>
<p>Only two teams have ever come back to win the Stanley Cup after losing the first two games at home -- the 1942 Toronto Maple Leafs and 1966 Montreal Canadiens.</p>
<p>Rod Brind'Amour scored both goals for the Flyers 69 seconds apart on powerplay deflections to rally his team from two goals down in the first period.</p>
<p>But Philadelphia's goaltending change seemed to backfire on the Eastern Conference champions.</p>
<p>Flyers coach Terry Murray started Garth Snow Tuesday after Ron Hextall gave up a soft goal in the third period of Game 1 that killed Philadelphia's chances of mounting a comeback.</p>
<p>But Snow allowed two goals on long shots that he probably should have stopped, including Shanahan's opening tally on Detroit's first shot on goal just 97 seconds into the contest.</p>
<p>The shot caught defenceman Paul Coffey's skate, changed direction and fooled Snow.</p>
<p>Yzerman put Detroit up 2-0 at 9:22 with two seconds left on a penalty to Coffey off a rebound of a shot by Larry Murphy, silencing a pumped up Philadelphia crowd.</p>
<p>At that point the Red Wings were dominating play, outshooting Philadelphia 12-1.</p>
<p>Shanahan nearly made it 3-0 on a breakaway, but he slid the puck off the right post.</p>
<p>By then the Flyers had picked up their intensity level, eventually evening the first-period shots on goal.</p>
<p>Late in the period, Philadelphia got a powerplay chance and appeared to turn the game around as Brind'Amour scored just 33 seconds after a penalty to Slava Fetisov. Brind'Amour was stationed in front of Vernon and deflected Janne Niinimaa's slapper from the blue line down past the goalie's stick with 2:18 left in the first period.</p>
<p>Igor Larionov was in the penalty box just over a minute later when Brind'Amour scored an almost identical goal.</p>
<p>A pass attempt by Coffey to John LeClair missed its intended target and came to Niinimaa at the point. The Finnish rookie defenceman sent a shot waffling through the air that Brind'Amour knocked down into the Detroit net for his 13th post-season goal.</p>
<p>When Philadelphia tied the game with just 1:09 left in the opening period the crowd went wild, but it turned out to be the last good news of the night for Flyers fans.</p>
<p>Just 2:40 into the middle period, Maltby notched what turned out to be the game winner, scoring on a long slapper from just inside the blue line that beat Snow to the glove side at 2:39.</p>
<p>It was Maltby's fifth playoff goal and fourth in five games after scoring just three goals in 66 regular-season games.</p>
<p>The Red Wings had seven of the first eight shots in the second period, but the Flyers again finished strong with eight of the last 10, only to come up empty.</p>
<p>On their best chance, Eric Lindros sent a pretty behind-the-back pass in the low slot to Brind'Amour, who steered the puck just wide with 11:29 to go.</p>
<p>Midway through the third period, Shanahan gave Detroit a huge insurance goal, restoring their two-goal advantage.</p>
<p>Sergei Fedorov made a blind cross-ice pass to spring Martin Lapointe and Shanahan on a 2-on-1. Shanahan took a feed from Lapointe at the left circle and put a wrist shot past a diving Snow for his eighth goal of the playoffs.</p>
<p>Philadelphia outshot the Red Wings 31-28, becoming the first team to do so in 18 post-season games this year. But that will hardly make their trip to Detroit any happier as Wings coach Scotty Bowman picked up his 176th playoff victory.</p>
</text>
<copyright>(c) Reuters Limited 1997</copyright>
<metadata>
<codes class="bip:countries:1.0">
  <code code="USA">
    <editdetail attribution="Reuters BIP Coding Group" action="confirmed" date="1997-06-04"/>
  </code>
</codes>
<codes class="bip:topics:1.0">
  <code code="GCAT">
    <editdetail attribution="Reuters BIP Coding Group" action="confirmed" date="1997-06-04"/>
  </code>
  <code code="GSPO">
    <editdetail attribution="Reuters BIP Coding Group" action="confirmed" date="1997-06-04"/>
  </code>
</codes>
<dc element="dc.date.created" value="1997-06-04"/>
<dc element="dc.publisher" value="Reuters Holdings Plc"/>
<dc element="dc.date.published" value="1997-06-04"/>
<dc element="dc.source" value="Reuters"/>
<dc element="dc.creator.location" value="PHILADELPHIA"/>
<dc element="dc.creator.location.country.name" value="USA"/>
<dc element="dc.source" value="Reuters"/>
</metadata>
</newsitem>
