<?xml version="1.0" encoding="iso-8859-1" ?>
<newsitem itemid="636032" id="root" date="1997-06-04" xml:lang="en">
<title>MONACO: SOCCER-MONACO'S PETIT AND GRIMANDI TO JOIN ARSENAL.</title>
<headline>SOCCER-MONACO'S PETIT AND GRIMANDI TO JOIN ARSENAL.</headline>
<dateline>MONACO 1997-06-04</dateline>
<text>
<p>French international defender Emmanuel Petit and midfielder Gilles Grimandi are leaving Monaco to join Arsenal, the French soccer champions said on Wednesday.</p>
<p>The club did not disclose details of transfer fees.</p>
<p>Petit and Grimandi, both 26, will link up again with the English premier league club's coach Arsene Wenger, their Monaco boss when they began their professional careers.</p>
<p>Petit, linked with Spain's Valencia, Glasgow Rangers and Internazionale, has been capped 17 times.</p>
</text>
<copyright>(c) Reuters Limited 1997</copyright>
<metadata>
<codes class="bip:countries:1.0">
  <code code="FRA">
    <editdetail attribution="Reuters BIP Coding Group" action="confirmed" date="1997-06-04"/>
  </code>
  <code code="MONAC">
    <editdetail attribution="Reuters BIP Coding Group" action="confirmed" date="1997-06-04"/>
  </code>
  <code code="UK">
    <editdetail attribution="Reuters BIP Coding Group" action="confirmed" date="1997-06-04"/>
  </code>
</codes>
<codes class="bip:topics:1.0">
  <code code="GCAT">
    <editdetail attribution="Reuters BIP Coding Group" action="confirmed" date="1997-06-04"/>
  </code>
  <code code="GSPO">
    <editdetail attribution="Reuters BIP Coding Group" action="confirmed" date="1997-06-04"/>
  </code>
</codes>
<dc element="dc.date.created" value="1997-06-04"/>
<dc element="dc.publisher" value="Reuters Holdings Plc"/>
<dc element="dc.date.published" value="1997-06-04"/>
<dc element="dc.source" value="Reuters"/>
<dc element="dc.creator.location" value="MONACO"/>
<dc element="dc.creator.location.country.name" value="MONACO"/>
<dc element="dc.source" value="Reuters"/>
</metadata>
</newsitem>
