<?xml version="1.0" encoding="iso-8859-1" ?>
<newsitem itemid="636021" id="root" date="1997-06-04" xml:lang="en">
<title>USA: NHL ICE HOCKEY-GAME 2 LINESCORE IN STANLEY CUP FINALS.</title>
<headline>NHL ICE HOCKEY-GAME 2 LINESCORE IN STANLEY CUP FINALS.</headline>
<dateline>PHILADELPHIA 1997-06-03</dateline>
<text>
<p>Linescore from Game 2 of</p>
<p>the best-of-seven Stanley Cup finals on Tuesday:</p>
<p>				1ST  2ND  3RD     TOTAL</p>
<p>				---  ---  ---     -----</p>
<p>    DETROIT		  2    1    1	  4</p>
<p>    PHILADELPHIA	   2    0    0	  2</p>
<p>GOAL SCORING:</p>
<p>1ST PRD: DET - BRENDAN SHANAHAN 7 (UNASSISTED) 1:37</p>
<p>		   DET - (PP) STEVE YZERMAN 6 (LARRY MURPHY,</p>
<p>VIACHESLAV FETISOV) 9:22</p>
<p>		   PHI - (PP) ROD BRIND'AMOUR 12 (JANNE NIINIMAA)</p>
<p>17:42</p>
<p>		   PHI - (PP) ROD BRIND'AMOUR 13 (JANNE NIINIMAA,</p>
<p>JOHN LECLAIR) 18:51</p>
<p>2ND PRD: DET - KIRK MALTBY 5 (JOE KOCUR) 2:39</p>
<p>3RD PRD: DET - BRENDAN SHANAHAN 8 (MARTIN LAPOINTE,</p>
<p>SERGEI FEDOROV) 9:56</p>
<p>	 POWERPLAY CONVERSIONS: DET 1-OF-3, PHI 2-OF-4</p>
<p>	 SHOTS ON GOAL:   1ST  2ND  3RD     TOTAL</p>
<p>				---  ---  ---     -----</p>
<p>			DET   14    9    5	 28</p>
<p>			PHI   14    9    8	 31</p>
<p>	   GOALIES: DET - MIKE VERNON</p>
<p>			PHI - GARTH SNOW</p>
</text>
<copyright>(c) Reuters Limited 1997</copyright>
<metadata>
<codes class="bip:countries:1.0">
  <code code="USA">
    <editdetail attribution="Reuters BIP Coding Group" action="confirmed" date="1997-06-04"/>
  </code>
</codes>
<codes class="bip:topics:1.0">
  <code code="GCAT">
    <editdetail attribution="Reuters BIP Coding Group" action="confirmed" date="1997-06-04"/>
  </code>
  <code code="GSPO">
    <editdetail attribution="Reuters BIP Coding Group" action="confirmed" date="1997-06-04"/>
  </code>
</codes>
<dc element="dc.date.created" value="1997-06-03"/>
<dc element="dc.publisher" value="Reuters Holdings Plc"/>
<dc element="dc.date.published" value="1997-06-04"/>
<dc element="dc.source" value="Reuters"/>
<dc element="dc.creator.location" value="PHILADELPHIA"/>
<dc element="dc.creator.location.country.name" value="USA"/>
<dc element="dc.source" value="Reuters"/>
</metadata>
</newsitem>
