<?xml version="1.0" encoding="iso-8859-1" ?>
<newsitem itemid="636091" id="root" date="1997-06-04" xml:lang="en">
<title>POLAND: INVESTORS BID FOR PLN 1.349 BLN POLISH FIXED BONDS.</title>
<headline>INVESTORS BID FOR PLN 1.349 BLN POLISH FIXED BONDS.</headline>
<dateline>WARSAW 1997-06-04</dateline>
<text>
<p>Investors bid for 1.084 billion zlotys of Polish 15-percent two-year bonds and for 265 million of 12-percent five-year bonds, against the treasury's 800 million zloty joint offer, the central bank said.</p>
<p>Results of the auction should be available later today.</p>
<p>-- Warsaw Newsroom +48 22 653 9700</p>
</text>
<copyright>(c) Reuters Limited 1997</copyright>
<metadata>
<codes class="bip:countries:1.0">
  <code code="POL">
    <editdetail attribution="Reuters BIP Coding Group" action="confirmed" date="1997-06-04"/>
  </code>
</codes>
<codes class="bip:topics:1.0">
  <code code="E21">
    <editdetail attribution="Reuters BIP Coding Group" action="confirmed" date="1997-06-04"/>
  </code>
  <code code="E212">
    <editdetail attribution="Reuters BIP Coding Group" action="confirmed" date="1997-06-04"/>
  </code>
  <code code="ECAT">
    <editdetail attribution="Reuters BIP Coding Group" action="confirmed" date="1997-06-04"/>
  </code>
  <code code="M12">
    <editdetail attribution="Reuters BIP Coding Group" action="confirmed" date="1997-06-04"/>
  </code>
  <code code="MCAT">
    <editdetail attribution="Reuters BIP Coding Group" action="confirmed" date="1997-06-04"/>
  </code>
</codes>
<dc element="dc.date.created" value="1997-06-04"/>
<dc element="dc.publisher" value="Reuters Holdings Plc"/>
<dc element="dc.date.published" value="1997-06-04"/>
<dc element="dc.source" value="Reuters"/>
<dc element="dc.creator.location" value="WARSAW"/>
<dc element="dc.creator.location.country.name" value="POLAND"/>
<dc element="dc.source" value="Reuters"/>
</metadata>
</newsitem>
