<?xml version="1.0" encoding="iso-8859-1" ?>
<newsitem itemid="636085" id="root" date="1997-06-04" xml:lang="en">
<title>LITHUANIA: CENTRAL BANK FIRST REPO UNDER-SUBSCRIBED.</title>
<headline>CENTRAL BANK FIRST REPO UNDER-SUBSCRIBED.</headline>
<dateline>VILNIUS 1997-06-04</dateline>
<text>
<p>The Lithuanian central bank said on Wednesday that it bought 300,000 litas of Treasury bills in its first repurchase auction.</p>
<p>The bank had previously said it would buy back a maximum 20 million litas of paper at seven percent for a period of seven days.</p>
<p>A spokeswoman for the central bank said the auction had therefore been undersubscribed.  </p>
<p>The next auction will take place when the bank decides that market conditions call for it. It aims to carry out the auctions on a regular basis but it is waiting to see how often it needs to do the repurchase deals.</p>
<p>The repos are the first moves in the central bank's aim of having a more active policy of managing the liquidity of the markets and the litas currency under the government's three-stage plan to end the currency board system.</p>
<p>-- Andrius Vilkancas, Vilnius newsroom +370 2 223 517</p>
</text>
<copyright>(c) Reuters Limited 1997</copyright>
<metadata>
<codes class="bip:countries:1.0">
  <code code="LITH">
    <editdetail attribution="Reuters BIP Coding Group" action="confirmed" date="1997-06-04"/>
  </code>
</codes>
<codes class="bip:topics:1.0">
  <code code="M13">
    <editdetail attribution="Reuters BIP Coding Group" action="confirmed" date="1997-06-04"/>
  </code>
  <code code="M131">
    <editdetail attribution="Reuters BIP Coding Group" action="confirmed" date="1997-06-04"/>
  </code>
  <code code="MCAT">
    <editdetail attribution="Reuters BIP Coding Group" action="confirmed" date="1997-06-04"/>
  </code>
</codes>
<dc element="dc.date.created" value="1997-06-04"/>
<dc element="dc.publisher" value="Reuters Holdings Plc"/>
<dc element="dc.date.published" value="1997-06-04"/>
<dc element="dc.source" value="Reuters"/>
<dc element="dc.creator.location" value="VILNIUS"/>
<dc element="dc.creator.location.country.name" value="LITHUANIA"/>
<dc element="dc.source" value="Reuters"/>
</metadata>
</newsitem>
