<?xml version="1.0" encoding="iso-8859-1" ?>
<newsitem itemid="636140" id="root" date="1997-06-04" xml:lang="en">
<title>UK: Chemical in green tea stops tumours, study finds.</title>
<headline>Chemical in green tea stops tumours, study finds.</headline>
<dateline>LONDON 1997-06-04</dateline>
<text>
<p>Green tea could help prevent cancer through the action of a chemical known as a cathechin, researchers in the United States reported on Wednesday.</p>
<p>They said it was non-toxic in doses found in tea -- but a single cup of green tea contained huge amounts of the chemical.</p>
<p>&quot;One of the major ingredients of green tea inhibits urokinase, an enzyme crucial for cancer growth,&quot; Jerzy Jankun of the Medical College of Ohio in Toledo and colleagues wrote in a letter to the science journal Nature.</p>
<p>Researchers knew tea and especially green tea contained chemicals that could protect against cancer but have been unable to identify the precise mechanism.</p>
<p>Jankun's group said they had found epigallocathechin-3 gallate (EGCG) acted against urokinase, which is often found in large amounts in human cancers. EGCG attaches to it and prevents it from invading cells and forming tumours.</p>
<p>&quot;Inhibition of urokinase can decrease tumour size or even cause complete remission of cancers in mice,&quot; Jankun's group wrote.</p>
<p>Black tea -- the type drunk most often in the West -- does not work in this way because the brewing process destroys the effects of the cathechins.</p>
<p>Jankun's group compared the dose of cathechins in green tea to a drug, amiloride, that acts in a similar way but is usually used to treat high blood pressure and congestive heart failure.</p>
<p>&quot;Amiloride is administered in a maximum dose of 20 mg per day, whereas a single cup of tea contains 150 mg (of) EGCG, and some tea lovers consume up to 10 cups a day,&quot; they wrote.</p>
<p>&quot;Such high levels of a urokinase inhibitor are likely to have a physiological effect and could reduce incidence of cancer in humans or the size of cancers already formed.&quot;</p>
</text>
<copyright>(c) Reuters Limited 1997</copyright>
<metadata>
<codes class="bip:countries:1.0">
  <code code="UK">
    <editdetail attribution="Reuters BIP Coding Group" action="confirmed" date="1997-06-04"/>
  </code>
</codes>
<codes class="bip:topics:1.0">
  <code code="GCAT">
    <editdetail attribution="Reuters BIP Coding Group" action="confirmed" date="1997-06-04"/>
  </code>
  <code code="GHEA">
    <editdetail attribution="Reuters BIP Coding Group" action="confirmed" date="1997-06-04"/>
  </code>
  <code code="GSCI">
    <editdetail attribution="Reuters BIP Coding Group" action="confirmed" date="1997-06-04"/>
  </code>
</codes>
<dc element="dc.date.created" value="1997-06-04"/>
<dc element="dc.publisher" value="Reuters Holdings Plc"/>
<dc element="dc.date.published" value="1997-06-04"/>
<dc element="dc.source" value="Reuters"/>
<dc element="dc.creator.location" value="LONDON"/>
<dc element="dc.creator.location.country.name" value="UK"/>
<dc element="dc.source" value="Reuters"/>
</metadata>
</newsitem>
