<?xml version="1.0" encoding="iso-8859-1" ?>
<newsitem itemid="636172" id="root" date="1997-06-04" xml:lang="en">
<title>UK: EASDAQ expects number of stocks to double by July.</title>
<headline>EASDAQ expects number of stocks to double by July.</headline>
<dateline>LONDON 1997-06-04</dateline>
<text>
<p>Pan-European new growth stock market EASDAQ said on Wednesday it expected the number of companies quoted on the exchange to double by the summer.</p>
<p>Speaking at a conference in London to promote the exchange, Erik Hallmann, head of admissions to EASDAQ, said he expected a further eight companies to be listed on EASDAQ by July.</p>
<p>The Brussels-based market opened in November last year with a view to attracting fast growing companies with international aspirations looking to raise capital.</p>
<p>But the fledgling European exchange is still tiny in terms of turnover and number of companies quoted when compared with its American role-model, NASDAQ, the New York-based stock exchange.</p>
<p>Eight companies are currently listed on EASDAQ with a combined market capitalisation of $1.29 billion. EASDAQ said a total of $356 million dollars had been raised by the flotations.</p>
<p>Anthony Preece, head of market operations, said the average daily turnover was between 150,000 and 200,000 shares representing $1 million to $1.5 million.</p>
<p>&quot;The number of trades can vary enormously,&quot; said Preece. On one day there were 400 trades, but the exchange averages about 40 a day, he said.</p>
<p>Stocks on EASDAQ are traded over the telephone using a quote driven (market-maker) system designed to create maximum liquidity. It based its trading system on NASDAQ.</p>
<p>Hallmann said he was satisfied with liquidity for the stocks with a single listing on EASDAQ but liquidity was low for companies listed on both EASDAQ and NASDAQ.</p>
<p>EASDAQ said it aimed to provide a liquid, transparent and well regulated market for shares in growth companies with a high level of information disclosure.</p>
<p>The exchange said its criteria for the admission of companies to listing would not be compromised in an effort to gain more listings. It claimed thirty percent of applications for admission were rejected.</p>
<p>--Andrew Langlands, London Newsroom +44 171 542 3496</p>
</text>
<copyright>(c) Reuters Limited 1997</copyright>
<metadata>
<codes class="bip:countries:1.0">
  <code code="UK">
    <editdetail attribution="Reuters BIP Coding Group" action="confirmed" date="1997-06-04"/>
  </code>
</codes>
<codes class="bip:topics:1.0">
  <code code="M11">
    <editdetail attribution="Reuters BIP Coding Group" action="confirmed" date="1997-06-04"/>
  </code>
  <code code="MCAT">
    <editdetail attribution="Reuters BIP Coding Group" action="confirmed" date="1997-06-04"/>
  </code>
</codes>
<dc element="dc.date.created" value="1997-06-04"/>
<dc element="dc.publisher" value="Reuters Holdings Plc"/>
<dc element="dc.date.published" value="1997-06-04"/>
<dc element="dc.source" value="Reuters"/>
<dc element="dc.creator.location" value="LONDON"/>
<dc element="dc.creator.location.country.name" value="UK"/>
<dc element="dc.source" value="Reuters"/>
</metadata>
</newsitem>
