<?xml version="1.0" encoding="iso-8859-1" ?>
<newsitem itemid="636139" id="root" date="1997-06-04" xml:lang="en">
<title>UK: Experts find out why salty taste appeals.</title>
<headline>Experts find out why salty taste appeals.</headline>
<dateline>LONDON 1997-06-04</dateline>
<text>
<p>Salt may taste so good in food because it masks bitter flavours and enhances sweet ones, U.S. food researchers said on Wednesday.</p>
<p>Paul Breslin and Gary Beauchamp of the Monell Chemical Senses Centre in Philadelphia said experiments they had done showed that salt acted as a kind of flavour filter.</p>
<p>Their tests on 21 volunteers cleared up the puzzling results found in other studies that have found that salt had little effect on other flavours.</p>
<p>&quot;We used mixtures of aqueous solutions of a bitter substance, urea, which is strongly suppressed by sodium compounds; a sweetener, sucrose; and a salt, sodium acetate, which has a fairly mild taste,&quot; they wrote in a letter to the science journal Nature.</p>
<p>The volunteers were asked to rate how salty, sweet or bitter the drinks were.</p>
<p>&quot;As predicted, there was a selective suppression of the taste components by sodium acetate,&quot; they wrote. &quot;The bitterness of urea was suppressed much more by the salt than was the sweetness of sucrose.&quot;</p>
<p>When all three chemicals were put into the water, the mixture was sweeter than if the salt was not in there, they added.</p>
<p>&quot;Our data show that, in addition to adding desired saltiness to food, salts potentiate flavour through the selective suppression of bitterness (and perhaps other undesirable flavours), and the release from suppression of palatable flavours such as sweetness,&quot; they said.</p>
<p>&quot;The desire for sodium chloride (table salt) and other salts in foods as diverse as (often bitter) vegetables, oily foods and meats may be due in part to their ability to suppress unpleasant flavours.&quot;</p>
<p>This could be why low-sodium foods did not sell well. Perhaps efforts to market good low-salt substitutes should focus on blocking bitter taste, Breslin and Beauchamp suggested.</p>
</text>
<copyright>(c) Reuters Limited 1997</copyright>
<metadata>
<codes class="bip:countries:1.0">
  <code code="UK">
    <editdetail attribution="Reuters BIP Coding Group" action="confirmed" date="1997-06-04"/>
  </code>
</codes>
<codes class="bip:topics:1.0">
  <code code="GCAT">
    <editdetail attribution="Reuters BIP Coding Group" action="confirmed" date="1997-06-04"/>
  </code>
  <code code="GSCI">
    <editdetail attribution="Reuters BIP Coding Group" action="confirmed" date="1997-06-04"/>
  </code>
</codes>
<dc element="dc.date.created" value="1997-06-04"/>
<dc element="dc.publisher" value="Reuters Holdings Plc"/>
<dc element="dc.date.published" value="1997-06-04"/>
<dc element="dc.source" value="Reuters"/>
<dc element="dc.creator.location" value="LONDON"/>
<dc element="dc.creator.location.country.name" value="UK"/>
<dc element="dc.source" value="Reuters"/>
</metadata>
</newsitem>
