<?xml version="1.0" encoding="iso-8859-1" ?>
<newsitem itemid="636104" id="root" date="1997-06-04" xml:lang="en">
<title>LITHUANIA: RAGUTIS, GUBERNIJA SELL, MAKE MORE IN MAY.</title>
<headline>RAGUTIS, GUBERNIJA SELL, MAKE MORE IN MAY.</headline>
<dateline>VILNIUS 1997-06-04</dateline>
<text>
<p>The sales and production of the Ragutis and Gubernija breweries rose in May, the Breweries Association said on Wednesday.</p>
<p>The two companies are listed on the A list of the bourse.</p>
<p>The association said in a statement that Ragutis produced 127,000 decalitres of beer in May, a 19 percent increase over 107,000 decalitres in April.</p>
<p>It also said Ragutis sold 128,000 decalitres in May versus 106,000 litres in April and 86,000 decalitres were bottled.</p>
<p>Gubernija brewery produced 51,000 decalitres of beer in May, a sharp increase from 25,000 decalitres in April.</p>
<p>The sales of Gubernija also rose to 46,000 decalitres in May compared to 24,000 declitres a month before and 31,000 decalitres were bottled.</p>
<p>The association said earlier that the 10 biggest country's breweries produced 1.22 million decalitres and sold 1.19 million decalitres of beer in May.</p>
<p>It also said that 56,000 decalitres of beer went to exports and 960,000 decalitres were bottled.</p>
<p>-- Andrius Vilkancas, Vilnius newsroom +370 2 22 35 17</p>
</text>
<copyright>(c) Reuters Limited 1997</copyright>
<metadata>
<codes class="bip:countries:1.0">
  <code code="LITH">
    <editdetail attribution="Reuters BIP Coding Group" action="confirmed" date="1997-06-04"/>
  </code>
</codes>
<codes class="bip:industries:1.0">
  <code code="I42700">
    <editdetail attribution="Reuters BIP Coding Group" action="confirmed" date="1997-06-04"/>
  </code>
</codes>
<codes class="bip:topics:1.0">
  <code code="C21">
    <editdetail attribution="Reuters BIP Coding Group" action="confirmed" date="1997-06-04"/>
  </code>
  <code code="C31">
    <editdetail attribution="Reuters BIP Coding Group" action="confirmed" date="1997-06-04"/>
  </code>
  <code code="CCAT">
    <editdetail attribution="Reuters BIP Coding Group" action="confirmed" date="1997-06-04"/>
  </code>
</codes>
<dc element="dc.date.created" value="1997-06-04"/>
<dc element="dc.publisher" value="Reuters Holdings Plc"/>
<dc element="dc.date.published" value="1997-06-04"/>
<dc element="dc.source" value="Reuters"/>
<dc element="dc.creator.location" value="VILNIUS"/>
<dc element="dc.creator.location.country.name" value="LITHUANIA"/>
<dc element="dc.source" value="Reuters"/>
</metadata>
</newsitem>
