<?xml version="1.0" encoding="iso-8859-1" ?>
<newsitem itemid="636123" id="root" date="1997-06-04" xml:lang="en">
<title>UK: UK natural gas prices - June 4.</title>
<headline>UK natural gas prices - June 4.</headline>
<text>
<p>Bacton		    Bacton	    St Fergus</p>
<p>24 hr	 11.10/11.30				     11.20/11.40</p>
<p>bal. June   10.50/10.70				     10.30/10.50</p>
<p>Jul	   10.10/10.20					9.90/10.00</p>
<p>Aug	   10.10/10.20					9.90/10.00</p>
<p>Sep	   10.25/10.30</p>
<p>Oct	   12.30/12.50</p>
<p>Nov	   13.20/13.40</p>
<p>3Q97	  10.15/10.20</p>
<p>4Q97	  13.15/13.30</p>
<p>1Q98	  16.50/16.60	YrOct97   13.00/13.15</p>
</text>
<copyright>(c) Reuters Limited 1997</copyright>
<metadata>
<codes class="bip:countries:1.0">
  <code code="UK">
    <editdetail attribution="Reuters BIP Coding Group" action="confirmed" date="1997-06-04"/>
  </code>
</codes>
<codes class="bip:topics:1.0">
  <code code="M14">
    <editdetail attribution="Reuters BIP Coding Group" action="confirmed" date="1997-06-04"/>
  </code>
  <code code="M143">
    <editdetail attribution="Reuters BIP Coding Group" action="confirmed" date="1997-06-04"/>
  </code>
  <code code="MCAT">
    <editdetail attribution="Reuters BIP Coding Group" action="confirmed" date="1997-06-04"/>
  </code>
</codes>
<dc element="dc.publisher" value="Reuters Holdings Plc"/>
<dc element="dc.date.published" value="1997-06-04"/>
<dc element="dc.source" value="Reuters"/>
<dc element="dc.creator.location.country.name" value="UK"/>
<dc element="dc.source" value="Reuters"/>
</metadata>
</newsitem>
