<?xml version="1.0" encoding="iso-8859-1" ?>
<newsitem itemid="636120" id="root" date="1997-06-04" xml:lang="en">
<title>SWEDEN: VILNIAUS BANK MULLS GLOBAL MARKET TAP.</title>
<headline>VILNIAUS BANK MULLS GLOBAL MARKET TAP.</headline>
<dateline>STOCKHOLM 1997-06-04</dateline>
<text>
<p>Lithuania's leading bank Vilniaus Bank said on Wednesday that it would probably tap the international capital markets in 1997.  </p>
<p>&quot;We will probably have to raise additional capital this year as we plan to participate in the privatisation of the big state banks,&quot; Saulius Racevicius of Vilniaus Bank's brokerage house told Reuters at a conference on investment in the Baltic states.</p>
<p>&quot;It could be through GDRs, a eurobond, or a syndicated loan...it is too early to tell yet,&quot; he added.</p>
<p>Vilniaus Bank made its debut on the global markets last year when it raised $17.1 million through a GDR issue.</p>
<p>-- Ed Stoddard, Stockholm newsroom, +468 700 1004</p>
</text>
<copyright>(c) Reuters Limited 1997</copyright>
<metadata>
<codes class="bip:countries:1.0">
  <code code="LITH">
    <editdetail attribution="Reuters BIP Coding Group" action="confirmed" date="1997-06-04"/>
  </code>
  <code code="SWED">
    <editdetail attribution="Reuters BIP Coding Group" action="confirmed" date="1997-06-04"/>
  </code>
</codes>
<codes class="bip:industries:1.0">
  <code code="I81402">
    <editdetail attribution="Reuters BIP Coding Group" action="confirmed" date="1997-06-04"/>
  </code>
</codes>
<codes class="bip:topics:1.0">
  <code code="C17">
    <editdetail attribution="Reuters BIP Coding Group" action="confirmed" date="1997-06-04"/>
  </code>
  <code code="CCAT">
    <editdetail attribution="Reuters BIP Coding Group" action="confirmed" date="1997-06-04"/>
  </code>
</codes>
<dc element="dc.date.created" value="1997-06-04"/>
<dc element="dc.publisher" value="Reuters Holdings Plc"/>
<dc element="dc.date.published" value="1997-06-04"/>
<dc element="dc.source" value="Reuters"/>
<dc element="dc.creator.location" value="STOCKHOLM"/>
<dc element="dc.creator.location.country.name" value="SWEDEN"/>
<dc element="dc.source" value="Reuters"/>
</metadata>
</newsitem>
