<?xml version="1.0" encoding="iso-8859-1" ?>
<newsitem itemid="636170" id="root" date="1997-06-04" xml:lang="en">
<title>UK: LME must keep pace with technology - CEO.</title>
<headline>LME must keep pace with technology - CEO.</headline>
<dateline>LONDON 1997-06-04</dateline>
<text>
<p>The London Metal Exchange (LME) will be looking at technology-related matters with a view to further strengthening its position as the world's leading metal exchange, according to LME chief-executive David King.</p>
<p>&quot;It is essential that the LME embraces technologically-driven opportunities in order to maintain its global pre-eminence,&quot; King said in a speech prepared for delivery to the Fourth International Derivatives Conference in London on Wednesday.</p>
<p>&quot;We will also be considering other issues arising out of the ever-changing environment in which the LME operates,&quot; he said.</p>
<p>King gave an update on the LME's implementation of the recommendations made by UK regulator, the Securities and Investments Board, in the wake of huge losses made in the copper market by Japan's Sumitomo Corp due to unauthorised trading by its head trader.</p>
<p>The LME has already changed the structure of its Board, instituted daily stock reporting, which seems to be working well, and has recently turned its attention to its sub-committees, King said in a similar speech made recently at a conference in Seville, Spain.</p>
<p>&quot;The SIB report of December 1996, which the LME requested, identified no significant systemic risks arising from the way the LME operates. The SIB concluded that the LME, and its trading systems, continue to enjoy the overwhelming support of LME users,&quot; King said.</p>
<p>He said, &quot; Trading at the LME remains strong, overall trading volumes have increased since the 'Sumitomo affair', unlike the situation following the 'Tin Crisis' of 1985, and there has been no net loss of either clients of member.&quot;</p>
<p>The LME is the world's largest non-ferrous base metals market, turning over 47 million lots in 1996 and generating 250 million sterling of UK invisible earnings.</p>
<p>-- London Newsroom, +44 171 542 7771</p>
</text>
<copyright>(c) Reuters Limited 1997</copyright>
<metadata>
<codes class="bip:countries:1.0">
  <code code="UK">
    <editdetail attribution="Reuters BIP Coding Group" action="confirmed" date="1997-06-04"/>
  </code>
</codes>
<codes class="bip:topics:1.0">
  <code code="M14">
    <editdetail attribution="Reuters BIP Coding Group" action="confirmed" date="1997-06-04"/>
  </code>
  <code code="M142">
    <editdetail attribution="Reuters BIP Coding Group" action="confirmed" date="1997-06-04"/>
  </code>
  <code code="MCAT">
    <editdetail attribution="Reuters BIP Coding Group" action="confirmed" date="1997-06-04"/>
  </code>
</codes>
<dc element="dc.date.created" value="1997-06-04"/>
<dc element="dc.publisher" value="Reuters Holdings Plc"/>
<dc element="dc.date.published" value="1997-06-04"/>
<dc element="dc.source" value="Reuters"/>
<dc element="dc.creator.location" value="LONDON"/>
<dc element="dc.creator.location.country.name" value="UK"/>
<dc element="dc.source" value="Reuters"/>
</metadata>
</newsitem>
