<?xml version="1.0" encoding="iso-8859-1" ?>
<newsitem itemid="636129" id="root" date="1997-06-04" xml:lang="en">
<title>UK: FORECAST - Consensus of U.K. economic indicators.</title>
<headline>FORECAST - Consensus of U.K. economic indicators.</headline>
<text>
<p>GMT------------KEY INDICATOR-----------F/CAST-----RANGE---PRVS</p>
<p> 0830  Mon   UK  M0 (PROV.) SA    MAY  0.5  PCT  0.4/0.7    0.2</p>
<p> 0830  Mon   UK  M0 (PROV.) Y/Y   MAY  6.5  PCT  6.3/6.6    6.0</p>
<p> 0830  Mon   UK  M4 (FINAL)	 APR  0.3  PCT    N/A	0.3</p>
<p> 0830  Mon   UK  M4 (FINAL)(Y/Y)  APR  10.4 PCT    N/A     10.4</p>
<p> 0830  Mon   UK  M4 LENDING (FIN) APR  N/F  BLN    N/A	4.4</p>
<p> 0830  Mon   UK  PURCH MGR. INDEX.MAY  53.5 PCT    N/A     53.1</p>
<p> 0830  Mon   UK  CONSUMER CREDIT  MAY  860  MLN  800/950    780</p>
<p> 0830  Tue   UK  OFFICIAL RSRVS $ MAY  N/F  MLN    N/A	-93</p>
<p> 0830  Wed   UK  CIPS		 MAY  N/F  PCT    N/A     61.2</p>
<p> 0830  Thu   UK  CONST'N NEW ORDS APR  N/F  PCT    N/A     -5.0</p>
<p> 1030  Thu   UK  CBI SVY OF DISTRIBUTIVE TRADES - MAY</p>
<p> 0830  Fri   UK  CONSTRUCTION OUTPQ1   N/F  PCT    N/A	0.4</p>
<p>*ECONOMIC INDICATORS WEEK COMMENCING JUNE 9</p>
<p> 0830  Mon   UK  INDUSTRIAL PROD  APR  0.4  PCT  0.2/0.6    0.5</p>
<p> 0830  Mon   UK  INDUSTRIAL (Y/Y) APR  1.7  PCT  1.5/1.9   -0.1</p>
<p> 0830  Mon   UK  MANUF. OUTPUT    APR  0.2  PCT  0.2/0.3    1.4</p>
<p> 0830  Mon   UK  MANUF. (Y/Y)     APR  2.0  PCT  1.8/2.1   -0.1</p>
<p> 0830  Mon   UK  PPI (OUTPUT) NSA MAY  0.1  PCT -0.1/0.4    0.2</p>
<p> 0830  Mon   UK  PPI (OUTPUT)Y/Y  MAY  1.0  PCT  0.8/1.4    0.8</p>
<p> 0830  Mon   UK  OUTPUT EX FDT    MAY  0.1  PCT FLAT/0.2    0.1</p>
<p> 0830  Mon   UK  OUTPUT X FDT Y/Y MAY  0.6  PCT  0.5/0.7    0.5</p>
<p> 0830  Mon   UK  PPI (INPUT) SA   MAY  0.6  PCT -1.0/3.3   -1.9</p>
<p> 0830  Mon   UK  PPI (INPUT) Y/Y  MAY -8.6 PCT  -10./-5.9 -10.5</p>
<p> 0830  Mon   UK  HOUSING STARTS (YAPR  N/F  K	N/A	1.0</p>
<p> 0830  Mon   UK  HOUSING CMPLTNS (APR  N/F  K	N/A     -6.0</p>
<p> 0830  Wed   UK  AVERAGE EARNINGS APR  4.6  PCT  4.3/5.0    4.5</p>
<p> 0830  Wed   UK  UNEMPLOYMENT     MAY -45,000	N/A     -59K</p>
<p> 0830  Wed   UK  UNEMPLOYMENT     MAY  N/F  PCT    N/A	5.9</p>
<p> 0830  Wed   UK  UNIT WAGE COSTS 3APR  2.5  PCT    N/A	2.6</p>
<p> 0830  Thu   UK  RETAIL PRI (Y/Y) MAY  0.7  PCT  0.2/2.1    0.6</p>
<p> 0830  Thu   UK  RETAIL PRICES    MAY  2.5  PCT  2.4/2.5    2.4</p>
<p> 0830  Thu   UK  RPI-X	 Y/Y  MAY  2.5  PCT  2.4/2.6    2.5</p>
<p> 0830  Thu   UK  RPI-Y	 Y/Y  MAY  N/F  PCT    N/A	2.0</p>
<p>*ECONOMIC INDICATORS WEEK COMMENCING JUNE 16</p>
<p> 0830  Tue   UK  PSBR/DR	    MAY  N/F  BLN    N/A     -0.4</p>
<p> 0830  Wed   UK  RETAIL SALES SA  MAY  N/F  PCT    N/A	0.1</p>
<p> 0830  Wed   UK  RETAIL SLS (Y/Y) MAY  N/F  PCT    N/A	4.7</p>
<p> 0830  Thu   UK  MOTOR VHCL PROD  MAY  N/F  PCT    N/A	2.2</p>
<p> 0830  Thu   UK  M4(PROV.) SA     MAY  N/F  PCT    N/A	0.2</p>
<p> 0830  Thu   UK  M4 (PROV;Y/Y)    MAY  N/F  PCT    N/A     10.2</p>
<p> 0830  Thu   UK  M4 LENDING (PROV)MAY  N/F  BLN    N/A	4.4</p>
<p> 0830  Thu   UK  B/S NET MORT APPSMAY  N/F  BLN    N/A	3.3</p>
<p> 0030  Fri   UK  CBI MONTHLY TRENDJUN  N/F	   N/A	N/A</p>
<p>*ECONOMIC INDICATORS WEEK COMMENCING JUNE 23</p>
<p> 0830  Wed   UK  TRADE IN GOODS   APR  N/F  MLN    N/A     -671</p>
<p> 0830  Wed   UK  TRD IN GDS EX OILAPR  N/F  MLN    N/A    -1297</p>
<p> 0830  Wed   UK  NON-EU TRADE     MAY  N/F  MLN    N/A     -335</p>
<p> 0830  Wed   UK  HICP (Y/Y)	 MAY  N/F  PCT    N/A	1.6</p>
<p> 0830  Fri   UK  CURRENT ACCOUNT  Q1   0.1  BLN -1.1/0.9    0.9</p>
<p> 0830  Fri   UK  TRADE IN GOODS   Q1   -2.6 BLN -3.2/-1.4  -2.6</p>
<p> 0830  Fri   UK  GDP (PROV) Q/Q   Q1   N/F  PCT    N/A	1.6</p>
<p> 0830  Fri   UK  GDP (PROV) Y/Y   Q1   N/F  PCT    N/A	5.8</p>
<p> 0830  Fri   UK  GDP EX OIL (FINALQ1   N/F  PCT    N/A	1.0</p>
<p> 0830  Fri   UK  GDP EX OIL Y/Y   Q1   N/F  PCT    N/A	3.0</p>
<p>*ECONOMIC INDICATORS WEEK COMMENCING JUNE 30</p>
<p> 0830  Mon   UK  M0 (PROV) SA     JUN  N/F  PCT    N/A	0.3</p>
<p> 0830  Mon   UK  M0 (PROV) Y/Y    JUN  N/F  PCT    N/A	6.1</p>
<p> 0830  Mon   UK  M4 (FINAL)	 MAY  N/F  PCT    N/A	0.2</p>
<p> 0830  Mon   UK  M4 (FINAL)(Y/Y)  MAY  N/F  PCT    N/A     10.2</p>
<p> 0830  Mon   UK  M4 LENDING (FINALMAY  N/F  BLN    N/A	4.4</p>
<p> 0730  Tue   UK  CONSUMER CREDIT  MAY  N/F  MLN    N/A	691</p>
<p> 0830  Tue   UK  PURCH MGR. INDEX.JUN  N/F  PCT    N/A     54.6</p>
<p> 0830  Wed   UK  OFFICIAL RSRVS (UJUN  N/F  MLN    N/A	-26</p>
<p> 0830  Thu   UK  CONST'N NEW ORDS MAY  N/F  PCT    N/A	N/A</p>
<p> 1030  Thu   UK  CBI SVY OF DISTRIJUN  N/F	   N/A	N/A</p>
<p> 0830  Fri   UK  PURCH MGR SRVCS  JUN  N/F  PCT    N/A     64.8</p>
<p> 0830  Fri   UK  HOUSING STARTS (YMAY  N/F  K	N/A	N/A</p>
<p> 0830  Fri   UK  HOUSING CMPLTNS (MAY  N/F  K	N/A	N/A</p>
<p>*ECONOMIC INDICATORS WEEK COMMENCING JULY 7</p>
<p> 0830  Mon   UK  INDUSTRIAL PROD  MAY  N/F  PCT    N/A	N/A</p>
<p> 0830  Mon   UK  INDUSTRIAL (Y/Y) MAY  N/F  PCT    N/A	N/A</p>
<p> 0830  Mon   UK  MANUF. OUTPUT    MAY  N/F  PCT    N/A	N/A</p>
<p> 0830  Mon   UK  MANUF. (Y/Y)     MAY  N/F  PCT    N/A	N/A</p>
<p> 0830  Tue   UK  RETAIL PRICES    JUN  N/F  PCT    N/A	N/A</p>
<p> 0830  Tue   UK  RETAIL PRI (Y/Y) JUN  N/F  PCT    N/A	N/A</p>
<p> 0830  Tue   UK  RPI-X	 Y/Y  JUN  N/F  PCT    N/A	N/A</p>
<p> 0830  Tue   UK  RPI-Y	 Y/Y  JUN  N/F  PCT    N/A	N/A</p>
<p>*ECONOMIC INDICATORS WEEK COMMENCING JULY 14</p>
<p> 0830  Mon   UK  PPI (OUTPUT) NSA JUN  N/F  PCT    N/A	N/A</p>
<p> 0830  Mon   UK  PPI (OUTPUT)Y/Y  JUN  N/F  PCT    N/A	N/A</p>
<p> 0830  Mon   UK  OUTPUT EX FDT    JUN  N/F  PCT    N/A	N/A</p>
<p> 0830  Mon   UK  OUTPUT X FDT Y/Y JUN  N/F  PCT    N/A	N/A</p>
<p> 0830  Mon   UK  PPI (INPUT) SA   JUN  N/F  PCT    N/A	N/A</p>
<p> 0830  Mon   UK  PPI (INPUT) Y/Y  JUN  N/F  PCT    N/A	N/A</p>
<p> 0830  Wed   UK  AVERAGE EARNINGS MAY  N/F  PCT    N/A	N/A</p>
<p> 0830  Wed   UK  PSBR		 JUN  N/F  BLN    N/A	N/A</p>
<p> 0830  Wed   UK  UNEMPLOYMENT     JUN  N/F  K	N/A	N/A</p>
<p> 0830  Wed   UK  UNEMPLOYMENT     JUN  N/F  PCT    N/A	N/A</p>
<p> 0830  Wed   UK  UNIT WAGE COSTS 3MAY  N/F  PCT    N/A	N/A</p>
<p> 0830  Fri   UK  M4    (PROV.)    JUN  N/F  PCT    N/A	N/A</p>
<p> 0830  Fri   UK  M4 (PROV;Y/Y)    JUN  N/F  PCT    N/A	N/A</p>
<p> 0830  Fri   UK  M4 LENDING (PROV)JUN  N/F  BLN    N/A	N/A</p>
<p> 0830  Fri   UK  MOTOR VHCL PROD  JUN  N/F  PCT    N/A	N/A</p>
<p> 0830  Fri   UK  B/S NET MORT APPSJUN  N/F  BLN    N/A	N/A</p>
<p>*ECONOMIC INDICATORS WEEK COMMENCING JULY 21</p>
<p> 0830  Wed   UK  RETAIL SALES SA  JUN  N/F  PCT    N/A	N/A</p>
<p> 0830  Wed   UK  RETAIL SLS (Y/Y) JUN  N/F  PCT    N/A	N/A</p>
<p> 0830  Thu   UK  TRADE IN GOODS   MAY  N/F  MLN    N/A	N/A</p>
<p> 0830  Thu   UK  TRD IN GDS EX OILMAY  N/F  MLN    N/A	N/A</p>
<p> 0830  Thu   UK  NON-EU TRADE     JUN  N/F  MLN    N/A	N/A</p>
<p> 0830  Thu   UK  HICP (Y/Y)	 JUN  N/F  PCT    N/A	N/A</p>
<p> 1030  Thu   UK  CBI INDUSTRIAL TRJUL  N/F	   N/A	N/A</p>
<p> 0830  Fri   UK  GDP (PREL) Q/Q   Q2   N/F  PCT    N/A	1.6</p>
<p> 0830  Fri   UK  GDP (PREL) Y/Y   Q2   3.2  PCT  2.2/4.1    5.8</p>
<p> 0830  Fri   UK  GDP EX OIL (PROV)Q2   N/F  PCT    N/A	1.0</p>
<p> 0830  Fri   UK  GDP EX OIL Y/Y   Q2   N/F  PCT    N/A	2.9</p>
<p>*ECONOMIC INDICATORS WEEK COMMENCING JULY 28</p>
<p> 0830  Tue   UK  M4 (FINAL)	 JUN  N/F  PCT    N/A	N/A</p>
<p> 0830  Tue   UK  M4 (FINAL)(Y/Y)  JUN  N/F  PCT    N/A	N/A</p>
<p> 0830  Tue   UK  M4 LENDING (FIN) JUN  N/F  BLN    N/A	N/A</p>
<p> 0830  Fri   UK  PURCH MGR. INDEX.JUL  N/F  PCT    N/A	N/A</p>
<p> 0830  Fri   UK  CONSUMER CREDIT  JUN  N/F  MLN    N/A	N/A</p>
<p> 0830  Fri   UK  M0 (PROV.) SA    JUL  N/F  PCT    N/A	N/A</p>
<p> 0830  Fri   UK  M0 (PROV.) Y/Y   JUL  N/F  PCT    N/A	N/A</p>
<p>*ECONOMIC INDICATORS WEEK COMMENCING AUGUST 4</p>
<p> 0830  Mon   UK  OFFICIAL RSRVS $ JUL  N/F  MLN    N/A	N/A</p>
<p> 0830  Mon   UK  PURCH MGR SRVCS  JUL  N/F  PCT    N/A	N/A</p>
<p> 0830  Tue   UK  INDUSTRIAL PROD  JUN  N/F  PCT    N/A	N/A</p>
<p> 0830  Tue   UK  INDUSTRIAL (Y/Y) JUN  N/F  PCT    N/A	N/A</p>
<p> 1000  Tue   UK  CBI REGIONAL TRENAUG  N/F	   N/A	N/A</p>
<p> 0830  Thu   UK  CONST'N NEW ORDS JUN  N/F  PCT    N/A	N/A</p>
<p> 0830  Fri   UK  HOUSING CMPLTNS (JUN  N/F  K	N/A	N/A</p>
<p> 0830  Fri   UK  HOUSING STARTS (YJUN  N/F  K	N/A	N/A</p>
<p>*ECONOMIC INDICATORS WEEK COMMENCING AUGUST 11</p>
<p> 0830  Tue   UK  RETAIL PRICES    JUL  N/F  PCT    N/A	N/A</p>
<p> 0830  Tue   UK  RETAIL PRI (Y/Y) JUL  N/F  PCT    N/A	N/A</p>
<p> 0830  Tue   UK  RPI-X	 Y/Y  JUL  N/F  PCT    N/A	N/A</p>
<p> 0830  Tue   UK  RPI-Y	 Y/Y  JUL  N/F  PCT    N/A	N/A</p>
<p> 0830  Wed   UK  AVERAGE EARNINGS JUN  N/F  PCT    N/A	N/A</p>
<p> 0830  Wed   UK  UNEMPLOYMENT     JUL  N/F  K	N/A	N/A</p>
<p> 0830  Wed   UK  UNEMPLOYMENT     JUL  N/F  PCT    N/A	N/A</p>
<p> 0830  Wed   UK  UNIT WAGE COSTS 3JUN  N/F  PCT    N/A	N/A</p>
<p>*ECONOMIC INDICATORS WEEK COMMENCING AUGUST 18</p>
<p> 0830  Mon   UK  PSBR		 JUL  N/F  BLN    N/A	N/A</p>
<p> 0830  Mon   UK  M4    (PROV.)    JUL  N/F  PCT    N/A	N/A</p>
<p> 0830  Mon   UK  M4 (PROV;Y/Y)    JUL  N/F  PCT    N/A	N/A</p>
<p> 0830  Mon   UK  M4 LENDING	 JUL  N/F  PCT    N/A	N/A</p>
<p> 0830  Wed   UK  B/S NET MORT APPSJUL  N/F  BLN    N/A	N/A</p>
<p> 0830  Wed   UK  M4 (PROV)	  JUL  N/F  PCT    N/A	N/A</p>
<p> 0830  Wed   UK  M4 (PROV)(Y/Y)   JUL  N/F  PCT    N/A	N/A</p>
<p> 0830  Wed   UK  RETAIL SALES SA  JUL  N/F  PCT    N/A	N/A</p>
<p> 0830  Wed   UK  RETAIL SLS (Y/Y) JUL  N/F  PCT    N/A	N/A</p>
<p> 0830  Fri   UK  MOTOR VHCL PROD  JUL  N/F  PCT    N/A	N/A</p>
<p>*ECONOMIC INDICATORS WEEK COMMENCING AUGUST 25</p>
<p> 0830  Wed   UK  TRADE IN GOODS   JUN  N/F  MLN    N/A	N/A</p>
<p> 0830  Wed   UK  TRD IN GDS EX OILJUN  N/F  MLN    N/A	N/A</p>
<p> 0830  Wed   UK  NON-EU TRADE     JUL  N/F  MLN    N/A	N/A</p>
<p> 0830  Wed   UK  HICP (Y/Y)	 JUL  N/F  PCT    N/A	N/A</p>
<p>** Danielle Gann London newsroom +44 171 542 6425 **</p>
</text>
<copyright>(c) Reuters Limited 1997</copyright>
<metadata>
<codes class="bip:countries:1.0">
  <code code="UK">
    <editdetail attribution="Reuters BIP Coding Group" action="confirmed" date="1997-06-04"/>
  </code>
</codes>
<codes class="bip:topics:1.0">
  <code code="E71">
    <editdetail attribution="Reuters BIP Coding Group" action="confirmed" date="1997-06-04"/>
  </code>
  <code code="ECAT">
    <editdetail attribution="Reuters BIP Coding Group" action="confirmed" date="1997-06-04"/>
  </code>
</codes>
<dc element="dc.publisher" value="Reuters Holdings Plc"/>
<dc element="dc.date.published" value="1997-06-04"/>
<dc element="dc.source" value="Reuters"/>
<dc element="dc.creator.location.country.name" value="UK"/>
<dc element="dc.source" value="Reuters"/>
</metadata>
</newsitem>
