<?xml version="1.0" encoding="iso-8859-1" ?>
<newsitem itemid="636183" id="root" date="1997-06-04" xml:lang="en">
<title>UK: AMEC sees sustained profit recovery in '97.</title>
<headline>AMEC sees sustained profit recovery in '97.</headline>
<dateline>LONDON 1997-06-04</dateline>
<text>
<p>British engineering and construction group AMEC Plc said on Wednesday it expected its profit recovery to be sustained in 1997, boosted by an improved trading environment for its businesses.</p>
<p>&quot;In the United Kingdom in particular, the market at long last is now moving in our favour, not least because we have, over the years, been moving AMEC away from the traditional form of adversarial contracting into the new world of partnership and alliances,&quot; chairman Sir Alan Cockshaw said in a statement from AMEC's annual meeting.</p>
<p>However, he added that the company's German building and civil engineering business continued to incur trading losses due to that country's depressed market conditions.</p>
<p>&quot;Fortunately, the momentum of our profit recovery should be sustained in 1997 by the significant improvement in the performance of our housing business and paybacks from our recent investments,&quot; he said.</p>
<p>Cockshaw will retire next month and be succeeded by Sydney Gillibrand. --London Newsroom +44 171 542 7717</p>
</text>
<copyright>(c) Reuters Limited 1997</copyright>
<metadata>
<codes class="bip:countries:1.0">
  <code code="UK">
    <editdetail attribution="Reuters BIP Coding Group" action="confirmed" date="1997-06-04"/>
  </code>
</codes>
<codes class="bip:industries:1.0">
  <code code="I50100">
    <editdetail attribution="Reuters BIP Coding Group" action="confirmed" date="1997-06-04"/>
  </code>
</codes>
<codes class="bip:topics:1.0">
  <code code="C15">
    <editdetail attribution="Reuters BIP Coding Group" action="confirmed" date="1997-06-04"/>
  </code>
  <code code="C152">
    <editdetail attribution="Reuters BIP Coding Group" action="confirmed" date="1997-06-04"/>
  </code>
  <code code="CCAT">
    <editdetail attribution="Reuters BIP Coding Group" action="confirmed" date="1997-06-04"/>
  </code>
</codes>
<dc element="dc.date.created" value="1997-06-04"/>
<dc element="dc.publisher" value="Reuters Holdings Plc"/>
<dc element="dc.date.published" value="1997-06-04"/>
<dc element="dc.source" value="Reuters"/>
<dc element="dc.creator.location" value="LONDON"/>
<dc element="dc.creator.location.country.name" value="UK"/>
<dc element="dc.source" value="Reuters"/>
</metadata>
</newsitem>
