<?xml version="1.0" encoding="iso-8859-1" ?>
<newsitem itemid="636109" id="root" date="1997-06-04" xml:lang="en">
<title>CZECH REPUBLIC: CZECH CBANK TWO-WK REV REPO YIELD 39 PCT.</title>
<headline>CZECH CBANK TWO-WK REV REPO YIELD 39 PCT.</headline>
<dateline>PRAGUE 1997-06-04</dateline>
<text>
<p>Average yield in a Czech National Bank's (CNB) two-week reverse repo tender draining liquidity from the market on Wednesday reached the limit rate of 39 percent, the CNB said.  </p>
<p>The central bank had been offering maximum yields of 75 percent in its one-week tenders over the last two weeks in order to help the crown resist speculative attacks.</p>
<p>It was the first operation of such a maturity since the central bank raised rates to support the crown.</p>
<p>The wave of selling forced the CNB to float the crown last Monday, which resulted in an immediate eight percent drop in the currency's value.</p>
<p>-- Prague Newsroom, 420-2-2423-0003</p>
</text>
<copyright>(c) Reuters Limited 1997</copyright>
<metadata>
<codes class="bip:countries:1.0">
  <code code="CZREP">
    <editdetail attribution="Reuters BIP Coding Group" action="confirmed" date="1997-06-04"/>
  </code>
</codes>
<codes class="bip:topics:1.0">
  <code code="M13">
    <editdetail attribution="Reuters BIP Coding Group" action="confirmed" date="1997-06-04"/>
  </code>
  <code code="M131">
    <editdetail attribution="Reuters BIP Coding Group" action="confirmed" date="1997-06-04"/>
  </code>
  <code code="MCAT">
    <editdetail attribution="Reuters BIP Coding Group" action="confirmed" date="1997-06-04"/>
  </code>
</codes>
<dc element="dc.date.created" value="1997-06-04"/>
<dc element="dc.publisher" value="Reuters Holdings Plc"/>
<dc element="dc.date.published" value="1997-06-04"/>
<dc element="dc.source" value="Reuters"/>
<dc element="dc.creator.location" value="PRAGUE"/>
<dc element="dc.creator.location.country.name" value="CZECH REPUBLIC"/>
<dc element="dc.source" value="Reuters"/>
</metadata>
</newsitem>
