<?xml version="1.0" encoding="iso-8859-1" ?>
<newsitem itemid="636193" id="root" date="1997-06-04" xml:lang="en">
<title>UK: FOCUS - Palladium gleams among dull commodities.</title>
<headline>FOCUS - Palladium gleams among dull commodities.</headline>
<dateline>LONDON 1997-06-04</dateline>
<text>
<p>Worries about delays to supply from Russia on Wednesday triggered a fresh rally in prices of palladium to their highest in 17 years.</p>
<p>Commodity markets were otherwise duller than of late, with gold, oil and industrial metals just easier and coffee futures volatile now that profit-taking has blown the froth of their recent spectacular advance.</p>
<p>Palladium prices exploded in a market squeezed by protracted delays in Russian supplies.</p>
<p>The rare white metal, used in electronics, catalytic converters and dentistry, fixed at $210 an ounce.By contrast its previous fix on Tuesday was $188.50.</p>
<p>&quot;The market is extremely nervous about Russian deliveries. Palladium and platinum are much higher this morning even though there has really not being any fresh news,&quot; said analyst Hanspeter Hausheer of Swiss Bank Corp.</p>
<p>Gold fixed little changed at $341.75 an ounce in the London afternoon.</p>
<p>The gold market ignored the excitement in the platinum group metals (PGMs), as it did the German drama over plans to revalue gold reserves to qualify for European Monetary Union.</p>
<p>Industrial metals remained under pressure as investors reduce exposure to the sector ahead of the traditionally slow summer quarter in the Northern Hemisphere.</p>
<p>Late in London's day the three months delivery copper price had fallen to around $2,475 per tonne.</p>
<p>Coffee was volatile after last week's dramatic run-up to 20-year highs in New York. New York July arabica coffee futures, hit by speculative profit-taking in recent sessions, were around $2.55 per pound after the high at $3.18 last week.</p>
<p>Coffee trading on Wednesday began on the New York Coffee, Sugar and Cocoa Exchange with another speculative sell-off on news that Colombia opened &quot;unlimited&quot; July-August coffee export registrations.</p>
<p>But nervous buying on prospects of cool weather in Brazil, now in the season when it might have a damaging frost, and bargain hunting emerged.</p>
<p>Brazilian weather services on Wednesday were forecasting a cold weekend for key coffee regions, with temperatures possibly dropping to critical levels.</p>
<p>But Smith Barney meterologist Jon Davis said in his daily update there was little threat of frost or freeze damage in the next 10 days.</p>
<p>Benchmark London robusta coffee futures were also lower at $2,085 per tonne.</p>
<p>Oil markets were again slightly weaker on bearish data from the United States and the prospect of a speedy renewal of Iraq's &quot;oil-for-food&quot; deal.</p>
<p>Brent Blend crude, the world benchmark grade, was at one point down almost 15 cents $18.76 per barrel, just under the $19 average of the past three months.</p>
<p>Oil stocks rose nearly 17 million barrels in the United States last week to stand some 24 million barrels above year-ago levels, according to figures by the American Petroleum Institute (API).</p>
<p>The United Nations Security Council is also set to vote to extend an agreement to ease Gulf War sanctions on Iraq to let it sell more oil to buy food.</p>
<p>Grain prices were easier again on the Chicago Board of Trade, led by soybeans which fell amid speculation that the United States was importing more beans from Latin America.</p>
<p>Some key prices at 1700 GMT.</p>
<p>						Wednesday   Tuesday</p>
<p>Ldn Spot Gold($ per ounce)		341.75    342.85</p>
<p>IPE Brent Crude Oil (Jul)		  18.88     19.06</p>
<p>London Metal Exchange</p>
<p>(3 mths delivery)</p>
<p>Copper ($ per tonne)		    2,477.00  2,479.00</p>
<p>Aluminium ($ per tonne)		 1,592.00  1,578.00</p>
<p>LIFFE</p>
<p>Robusta Coffee ($/tonne) (Jul)	2,085.00  2,150.00</p>
<p>Cocoa (Stg/tonne) (Jul)		 1,016.00  1,017.00</p>
<p>White Sugar ($/tonne Aug)		 328.50    330.90</p>
<p>Chicago Board of Trade Wheat</p>
<p>     $/bushel) (Jul)			  3.55	3.61</p>
</text>
<copyright>(c) Reuters Limited 1997</copyright>
<metadata>
<codes class="bip:countries:1.0">
  <code code="UK">
    <editdetail attribution="Reuters BIP Coding Group" action="confirmed" date="1997-06-04"/>
  </code>
</codes>
<codes class="bip:topics:1.0">
  <code code="M14">
    <editdetail attribution="Reuters BIP Coding Group" action="confirmed" date="1997-06-04"/>
  </code>
  <code code="M142">
    <editdetail attribution="Reuters BIP Coding Group" action="confirmed" date="1997-06-04"/>
  </code>
  <code code="MCAT">
    <editdetail attribution="Reuters BIP Coding Group" action="confirmed" date="1997-06-04"/>
  </code>
</codes>
<dc element="dc.date.created" value="1997-06-04"/>
<dc element="dc.publisher" value="Reuters Holdings Plc"/>
<dc element="dc.date.published" value="1997-06-04"/>
<dc element="dc.source" value="Reuters"/>
<dc element="dc.creator.location" value="LONDON"/>
<dc element="dc.creator.location.country.name" value="UK"/>
<dc element="dc.source" value="Reuters"/>
</metadata>
</newsitem>
