<?xml version="1.0" encoding="iso-8859-1" ?>
<newsitem itemid="636178" id="root" date="1997-06-04" xml:lang="en">
<title>UK: Colombia coffee registrations in a few days - FNC.</title>
<headline>Colombia coffee registrations in a few days - FNC.</headline>
<dateline>LONDON 1997-06-04</dateline>
<text>
<p>Colombia's National Coffee Growers Federation (FNC) said on Wednesday July-August coffee registrations would be opened in the next few days and not today.</p>
<p>Clarifying a statement from Colombian Finance Minister Jose Antonio Ocampo, FNC director for Europe Fernando Casij said the sales would be opened once the normal procedures were completed.  </p>
<p>Casij, speaking by telephone from Brussels where he is based, said: &quot;There are certain procedures that had to be followed by the national (coffee) committee.</p>
<p>&quot;When everything is ready, the FNC will officially notify about the sales and this is expected in the next few days,&quot; Casij said.</p>
<p>Ocampo said Colombia was opening &quot;unlimited&quot; coffee registrations for July-August, a period in which the country was expected to export 2.5 million 60-kg bags of coffee.</p>
<p>Ocampo, who spoke after a weekly policy meeting of the National Coffee Growers' Federation, stressed that registrations opening on Wednesday morning for the two-month period would be &quot;without restrictions&quot;.</p>
<p>-- Jalil Hamid, London newsroom +44 171 542 4985</p>
</text>
<copyright>(c) Reuters Limited 1997</copyright>
<metadata>
<codes class="bip:countries:1.0">
  <code code="COL">
    <editdetail attribution="Reuters BIP Coding Group" action="confirmed" date="1997-06-04"/>
  </code>
  <code code="UK">
    <editdetail attribution="Reuters BIP Coding Group" action="confirmed" date="1997-06-04"/>
  </code>
</codes>
<codes class="bip:topics:1.0">
  <code code="M14">
    <editdetail attribution="Reuters BIP Coding Group" action="confirmed" date="1997-06-04"/>
  </code>
  <code code="M141">
    <editdetail attribution="Reuters BIP Coding Group" action="confirmed" date="1997-06-04"/>
  </code>
  <code code="MCAT">
    <editdetail attribution="Reuters BIP Coding Group" action="confirmed" date="1997-06-04"/>
  </code>
</codes>
<dc element="dc.date.created" value="1997-06-04"/>
<dc element="dc.publisher" value="Reuters Holdings Plc"/>
<dc element="dc.date.published" value="1997-06-04"/>
<dc element="dc.source" value="Reuters"/>
<dc element="dc.creator.location" value="LONDON"/>
<dc element="dc.creator.location.country.name" value="UK"/>
<dc element="dc.source" value="Reuters"/>
</metadata>
</newsitem>
