<?xml version="1.0" encoding="iso-8859-1" ?>
<newsitem itemid="636211" id="root" date="1997-06-04" xml:lang="en">
<title>UK: Enterprise at new high, talk of US briefing.</title>
<headline>Enterprise at new high, talk of US briefing.</headline>
<dateline>LONDON 1997-06-04</dateline>
<text>
<p>Shares in Enterprise Oil Plc jumped to a new record high on Wednesday as briefings to U.S. fund managers by executives from the oil exploration group sparked renewed investment demand, dealers said.</p>
<p>By 1445 GMT Enterprise shares were up 14p to 696-1/2 in volume of 2.1 million shares. Earlier it hit a new all-time-high of 702p, surpassing the previous record of 697-1/2p set on January 31.</p>
<p>&quot;There was much demand from institutions overseas&quot;, one trader said. At Enterprise nobody was immediately available for comment.</p>
<p>Separately Enterprise was among companies awarded licenses to drill for oil off the Irish west coast, but traders said they doubted that the news had an impact on the stock.</p>
<p>-- London Newsroom +44 171 542 7717</p>
</text>
<copyright>(c) Reuters Limited 1997</copyright>
<metadata>
<codes class="bip:countries:1.0">
  <code code="UK">
    <editdetail attribution="Reuters BIP Coding Group" action="confirmed" date="1997-06-04"/>
  </code>
</codes>
<codes class="bip:industries:1.0">
  <code code="I13000">
    <editdetail attribution="Reuters BIP Coding Group" action="confirmed" date="1997-06-04"/>
  </code>
  <code code="I1300003">
    <editdetail attribution="Reuters BIP Coding Group" action="confirmed" date="1997-06-04"/>
  </code>
</codes>
<codes class="bip:topics:1.0">
  <code code="C15">
    <editdetail attribution="Reuters BIP Coding Group" action="confirmed" date="1997-06-04"/>
  </code>
  <code code="C152">
    <editdetail attribution="Reuters BIP Coding Group" action="confirmed" date="1997-06-04"/>
  </code>
  <code code="CCAT">
    <editdetail attribution="Reuters BIP Coding Group" action="confirmed" date="1997-06-04"/>
  </code>
</codes>
<dc element="dc.date.created" value="1997-06-04"/>
<dc element="dc.publisher" value="Reuters Holdings Plc"/>
<dc element="dc.date.published" value="1997-06-04"/>
<dc element="dc.source" value="Reuters"/>
<dc element="dc.creator.location" value="LONDON"/>
<dc element="dc.creator.location.country.name" value="UK"/>
<dc element="dc.source" value="Reuters"/>
</metadata>
</newsitem>
