<?xml version="1.0" encoding="iso-8859-1" ?>
<newsitem itemid="636228" id="root" date="1997-06-04" xml:lang="en">
<title>QATAR: GOVERNMENT LIST.</title>
<headline>GOVERNMENT LIST.</headline>
<text>
<p>QATAR GOVERNMENT LIST (970604)</p>
<p> Emir (Ruler)...............Sheikh HAMAD bin Khalifa al-Thani</p>
<p>(Also Minister of Defence)</p>
<p> Crown Prince (heir apparent).........Sheikh JASSIM bin Hamad</p>
<p>						     bin Khalifa al-Thani</p>
<p>				  - - - - - - -</p>
<p>CABINET (Formed 30 Oct 96)</p>
<p> Prime Minister..........Sheikh ABDULLAH bin Khalifa al-Thani</p>
<p>(Apptd 29 Oct 96, also Minister of the Interior)</p>
<p>				  - - - - - - -</p>
<p>MINISTERS</p>
<p>Communications, Transport...Sheikh AHMAD bin Nasser al-Thani</p>
<p> Defence.............................................See Emir</p>
<p> Education........................Mohammad Abdel-Rahim KAFOUD</p>
<p> Endowments &amp; Islamic Affairs.........Ahmad Abdullah al-MARRI</p>
<p> Energy &amp; Industry..............Abdullah bin Hamad al-ATTIYAH</p>
<p>Finance, Economy &amp;</p>
<p>     Trade...............Sheikh MOHAMMAD bin Khalifa al-Thani</p>
<p>Foreign Affairs....Sheikh HAMAD bin Jassim bin Jabr al-Thani</p>
<p> Health...........................Abdulrahman Salem al-KAWARI</p>
<p>Housing &amp; Civil Services....Sheikh FALAH bin Jassim al-Thani</p>
<p> Interior..................................See Prime Minister</p>
<p> Justice....................................See Power &amp; Water</p>
<p> Municipal Affairs &amp; Agriculture........Ali Said al-KHIYAREEN</p>
<p> Power &amp; Water..................Ahmad Mohammad Ali al-SUBAI'E</p>
<p>(Also acting Justice Minister)</p>
<p>				  - - - - - - -</p>
<p>MINISTERS OF STATE</p>
<p>Sheikh MOHAMMAD bin Khaled al-Thani (for Cabinet Affairs)</p>
<p>Ahmad Abdullah al-MAHMOOD (for Foreign Affairs)</p>
<p>Sheikh ABDULLAH bin Khaled al-Thani (for Interior Affairs)</p>
<p>Sheikh AHMAD bin Saif al-Thani</p>
<p>Sheikh HASSAN bin Abdullah bin Mohammad al-Thani</p>
<p>Sheikh HAMAD bin Sahim al-Thani</p>
<p>Sheikh HAMAD bin Abdullah al-Thani</p>
<p>				  - - - - - - -</p>
<p> Central Bank Governor.........Abdullah bin Khaled al-ATTIYAH</p>
<p>				  - - - - - - -</p>
<p>	 NOTE: Any comments/queries on the content of this</p>
<p>		 government list, please contact the Reuter</p>
<p>		 Editorial Reference Unit, London, on (171) 542</p>
<p>		 7968.</p>
<p>			    (End Government List)</p>
</text>
<copyright>(c) Reuters Limited 1997</copyright>
<metadata>
<codes class="bip:countries:1.0">
  <code code="QATAR">
    <editdetail attribution="Reuters BIP Coding Group" action="confirmed" date="1997-06-04"/>
  </code>
</codes>
<codes class="bip:topics:1.0">
  <code code="GCAT">
    <editdetail attribution="Reuters BIP Coding Group" action="confirmed" date="1997-06-04"/>
  </code>
  <code code="GPOL">
    <editdetail attribution="Reuters BIP Coding Group" action="confirmed" date="1997-06-04"/>
  </code>
</codes>
<dc element="dc.publisher" value="Reuters Holdings Plc"/>
<dc element="dc.date.published" value="1997-06-04"/>
<dc element="dc.source" value="Reuters"/>
<dc element="dc.creator.location.country.name" value="QATAR"/>
<dc element="dc.source" value="Reuters"/>
</metadata>
</newsitem>
