<?xml version="1.0" encoding="iso-8859-1" ?>
<newsitem itemid="636202" id="root" date="1997-06-04" xml:lang="en">
<title>UK: CBI sees risk of protectionism if EMU flops.</title>
<headline>CBI sees risk of protectionism if EMU flops.</headline>
<dateline>LONDON 1997-06-04</dateline>
<text>
<p>Any failure of European Economic and Monetary Union (EMU) to get off the ground, or collapse shortly after it begins, could start a period of protectionist behaviour in Europe, an industry conference heard on Wednesday.</p>
<p>&quot;In the UK, we shouldn't be sanguine about the potential for EMU failure if we are on the sidelines,&quot; said Peter Agar, deputy general of the Confederation of British Industry.</p>
<p>&quot;If EMU fails, the single market would crumble and protectionist barriers will spring up. Europe will enter a long period of stagnation.&quot;</p>
<p>Even if EMU survives, John Stevens, Member of European Parliament, said there may be a temptation for Europe to lose the competitive edge.</p>
<p>He said the increased likelihood of a broad-based euro, with perhaps only Greece and Sweden outside, would force Britain's Labour government to agree to joining.</p>
<p>&quot;Otherwise, a weak euro could mean that sterling is significantly overvalued,&quot; said Stevens.</p>
<p>He said it was important for EMU to be capable of meeting competitive challenges from outside the union.</p>
<p>&quot;The ghost at the feast is protectionism,&quot; he said.</p>
<p>-- Lisa Wilson, International Bonds Unit + 44 171 542 6137</p>
</text>
<copyright>(c) Reuters Limited 1997</copyright>
<metadata>
<codes class="bip:countries:1.0">
  <code code="EEC">
    <editdetail attribution="Reuters BIP Coding Group" action="confirmed" date="1997-06-04"/>
  </code>
  <code code="UK">
    <editdetail attribution="Reuters BIP Coding Group" action="confirmed" date="1997-06-04"/>
  </code>
</codes>
<codes class="bip:topics:1.0">
  <code code="E12">
    <editdetail attribution="Reuters BIP Coding Group" action="confirmed" date="1997-06-04"/>
  </code>
  <code code="ECAT">
    <editdetail attribution="Reuters BIP Coding Group" action="confirmed" date="1997-06-04"/>
  </code>
  <code code="G15">
    <editdetail attribution="Reuters BIP Coding Group" action="confirmed" date="1997-06-04"/>
  </code>
  <code code="G154">
    <editdetail attribution="Reuters BIP Coding Group" action="confirmed" date="1997-06-04"/>
  </code>
  <code code="GCAT">
    <editdetail attribution="Reuters BIP Coding Group" action="confirmed" date="1997-06-04"/>
  </code>
</codes>
<dc element="dc.date.created" value="1997-06-04"/>
<dc element="dc.publisher" value="Reuters Holdings Plc"/>
<dc element="dc.date.published" value="1997-06-04"/>
<dc element="dc.source" value="Reuters"/>
<dc element="dc.creator.location" value="LONDON"/>
<dc element="dc.creator.location.country.name" value="UK"/>
<dc element="dc.source" value="Reuters"/>
</metadata>
</newsitem>
