<?xml version="1.0" encoding="iso-8859-1" ?>
<newsitem itemid="636214" id="root" date="1997-06-04" xml:lang="en">
<title>UK: UK's Orange launches group services.</title>
<headline>UK's Orange launches group services.</headline>
<dateline>LONDON 1997-06-04</dateline>
<text>
<p>Orange Plc is targeting small and medium-sized businesses with new services to facilitate group communications, the UK mobile phone company said on Wednesday.</p>
<p>The services will allow simultaneous voice or text messaging of up to 25 Orange phones.</p>
<p>Other innovations are a conference call facility to allow up to six people to talk together and a mechanism to group 50 handsets on the same bill.</p>
<p>The launch of the new services will be supported by a seven million stg national advertising campaign which will run on TV from June 8 and also cover press, radio and posters. Orange said it believed the services would appeal to a large number of its existing 930,000 subscribers and attract new customers.</p>
<p>&quot;We believe that the services will have considerable relevance to the business market and our research indicates that they will appeal to a broad range of small to medium-sized businesses,&quot; said Robert Fallow, group director of marketing.</p>
<p>&quot;Customers will benefit from savings on the cost of connection and by value for money tariffs and by cost effective Orange to Orange rates. Orange will benefit from greater call volume, attracting new customers and, we believe, strengthen customer loyalty,&quot; he added.</p>
<p>The voice messaging service is being introduced on Wednesday (today) while group text messaging will be added next month.</p>
<p>Under the conference call plan, only the initial caller needs a compatible Orange phone, the others can be on any fixed or mobile line.</p>
<p>-- Keith Weir, London Newsroom +44 171 542 8793</p>
</text>
<copyright>(c) Reuters Limited 1997</copyright>
<metadata>
<codes class="bip:countries:1.0">
  <code code="UK">
    <editdetail attribution="Reuters BIP Coding Group" action="confirmed" date="1997-06-04"/>
  </code>
</codes>
<codes class="bip:industries:1.0">
  <code code="I79020">
    <editdetail attribution="Reuters BIP Coding Group" action="confirmed" date="1997-06-04"/>
  </code>
</codes>
<codes class="bip:topics:1.0">
  <code code="C21">
    <editdetail attribution="Reuters BIP Coding Group" action="confirmed" date="1997-06-04"/>
  </code>
  <code code="C22">
    <editdetail attribution="Reuters BIP Coding Group" action="confirmed" date="1997-06-04"/>
  </code>
  <code code="C31">
    <editdetail attribution="Reuters BIP Coding Group" action="confirmed" date="1997-06-04"/>
  </code>
  <code code="CCAT">
    <editdetail attribution="Reuters BIP Coding Group" action="confirmed" date="1997-06-04"/>
  </code>
</codes>
<dc element="dc.date.created" value="1997-06-04"/>
<dc element="dc.publisher" value="Reuters Holdings Plc"/>
<dc element="dc.date.published" value="1997-06-04"/>
<dc element="dc.source" value="Reuters"/>
<dc element="dc.creator.location" value="LONDON"/>
<dc element="dc.creator.location.country.name" value="UK"/>
<dc element="dc.source" value="Reuters"/>
</metadata>
</newsitem>
