<?xml version="1.0" encoding="iso-8859-1" ?>
<newsitem itemid="636224" id="root" date="1997-06-04" xml:lang="en">
<title>AUSTRALIA: Golf-Norman turns down showdown with Woods.</title>
<headline>Golf-Norman turns down showdown with Woods.</headline>
<dateline>SYDNEY 1997-06-04</dateline>
<text>
<p>World number one golfer Greg Norman said on Wednesday he had turned down a lucrative offer to face Tiger Woods in a head-to-head challenge for television.</p>
<p>Norman said he declined the chance of a best-of-three challenge against the U.S. Masters champion because the timing of the event was not suitable.</p>
<p>Norman said the offer was made to him one month ago by an independent television production company in the United States.</p>
<p>But he gave no futher details to reporters during a video link-up from his Florida base.</p>
<p>The Australian golfer called the news conference to announce his first venture as a tournament organiser in his homeland.</p>
<p>Great White Shark Enterprises will run the Greg Norman Holden International tournament at The Australian course in Sydney in February 1998.</p>
<p>The company has given a four-year commitment to stage the tournament.</p>
<p>Norman has lent his name to tournaments in Australia before but this will be the first time he assumes total responsibility.</p>
</text>
<copyright>(c) Reuters Limited 1997</copyright>
<metadata>
<codes class="bip:countries:1.0">
  <code code="AUSTR">
    <editdetail attribution="Reuters BIP Coding Group" action="confirmed" date="1997-06-04"/>
  </code>
  <code code="USA">
    <editdetail attribution="Reuters BIP Coding Group" action="confirmed" date="1997-06-04"/>
  </code>
</codes>
<codes class="bip:topics:1.0">
  <code code="GCAT">
    <editdetail attribution="Reuters BIP Coding Group" action="confirmed" date="1997-06-04"/>
  </code>
  <code code="GSPO">
    <editdetail attribution="Reuters BIP Coding Group" action="confirmed" date="1997-06-04"/>
  </code>
</codes>
<dc element="dc.date.created" value="1997-06-04"/>
<dc element="dc.publisher" value="Reuters Holdings Plc"/>
<dc element="dc.date.published" value="1997-06-04"/>
<dc element="dc.source" value="Reuters"/>
<dc element="dc.creator.location" value="SYDNEY"/>
<dc element="dc.creator.location.country.name" value="AUSTRALIA"/>
<dc element="dc.source" value="Reuters"/>
</metadata>
</newsitem>
