<?xml version="1.0" encoding="iso-8859-1" ?>
<newsitem itemid="636225" id="root" date="1997-06-04" xml:lang="en">
<title>AUSTRALIA: RUGBY UNION-Mains chasing NSW coaching job - paper.</title>
<headline>RUGBY UNION-Mains chasing NSW coaching job - paper.</headline>
<text>
<p>SYDNEY, June 4 - Former All Black rugby coach Laurie Mains has offered his services to coach the New South Wales Waratahs next year, Sydney's Daily Telegraph newspaper reported on Wednesday.</p>
<p>The paper said Mains was keen to make a return and quoted current Waratahs coach Matt Williams as saying he was &quot;aware of Laurie's interest in coaching NSW&quot;.</p>
<p>Mains, who coached the All Blacks for four years, quit at the end of 1995 to continue running his Dunedin building company.  </p>
<p>Williams, speaking shortly before his side left Sydney to prepare for Saturday's State of the Union clash with Queensland at Ballymore, told the Daily Telegraph he was not concerned by Mains' interest.</p>
<p>&quot;I'm right as rain ... I've got a rock-solid contract for three years. In fact, we're well down the road planning for next season,&quot; he said.</p>
<p>Williams took the Waratahs coaching post after his predecessor Chris Hawkins was sacked mid-way through his contract.  </p>
<p>With Williams at the helm this season, the Waratahs have finished ninth in the Super 12.</p>
</text>
<copyright>(c) Reuters Limited 1997</copyright>
<metadata>
<codes class="bip:countries:1.0">
  <code code="AUSTR">
    <editdetail attribution="Reuters BIP Coding Group" action="confirmed" date="1997-06-04"/>
  </code>
</codes>
<codes class="bip:topics:1.0">
  <code code="GCAT">
    <editdetail attribution="Reuters BIP Coding Group" action="confirmed" date="1997-06-04"/>
  </code>
  <code code="GSPO">
    <editdetail attribution="Reuters BIP Coding Group" action="confirmed" date="1997-06-04"/>
  </code>
</codes>
<dc element="dc.publisher" value="Reuters Holdings Plc"/>
<dc element="dc.date.published" value="1997-06-04"/>
<dc element="dc.source" value="Reuters"/>
<dc element="dc.creator.location.country.name" value="AUSTRALIA"/>
<dc element="dc.source" value="Reuters"/>
</metadata>
</newsitem>
