<?xml version="1.0" encoding="iso-8859-1" ?>
<newsitem itemid="662624" id="root" date="1997-06-16" xml:lang="en">
<title>USA: FOCUS-Genesis, investors to buy Multicare for $1.4 bln.</title>
<headline>FOCUS-Genesis, investors to buy Multicare for $1.4 bln.</headline>
<byline>Robin Sidel</byline>
<dateline>NEW YORK 1997-06-16</dateline>
<text>
<p>Genesis Health Ventures Inc. said Monday it is teaming with two investment companies to buy long-term healthcare company Multicare Cos. Inc. for $1.4 billion.</p>
<p>The transaction will build upon Genesis' strategy of creating a healthcare network aimed at keeping the elderly out of nursing homes. It will create a new presence for the company in West Virginia, western Pennsylvania and eastern Ohio, as well as expand its existing role in states like Massachusetts and New Jersey.</p>
<p>&quot;Our goal is to help these individuals maintain their health and independence ... rather than being institutionalized,&quot; said Genesis Chief Executive Officer Michael Walker in a telephone conference call. In addition to long-term care, Genesis provides doctor services, medical and pharmaceutical supplies and home healthcare.</p>
<p>The deal calls for Genesis, based in Kennett Square, Pa., to join with private investment firms Cypress Group LLC and Texas Pacific Group to form ElderCare Acquisition Corp. and begin a tender offer for Multicare shares at $28 a share.</p>
<p>Under the agreement, Genesis will invest $300 million in exchange for about 42 percent of the new acquisition venture and Cypress and Texas Pacific will invest $420 million for the remaining 58 percent.</p>
<p>Genesis will have the option to acquire the equity of the new company from Cypress and Texas Pacific after four years, and Cypress and Texas Pacific will have the option to sell their equity of the new company to Genesis after five years.</p>
<p>Texas Pacific is an investment group that recently bought Del Monte Foods Co. and also owns Berringer Wine Estates. David Bonderman, one of the group's founders, helped pull Continental Airlines out of bankruptcy in 1993 and also has been named chairman of Irish low-cost airline Ryanair.</p>
<p>Cypress was formed in 1994 by a group of merchant bankers who previously worked at Lehman Brothers. Other investments have included Infinity Broadcasting Corp. mobile office firm Scotsman Holdings Inc., and industrial company Amtrol Inc.</p>
<p>The agreement, which was approved by the board of directors of both Genesis and MultiCare, is anticipated to close in the third quarter of 1997.</p>
<p>Multicare co-founders Daniel and Moshael Straus have agreed to tender and vote their shares in favor of the transaction, the companies said.</p>
<p>&quot;It will be an unmatched network. I don't think anybody will be able to touch it,&quot; said Jean Swenson of Alex. Brown &amp; Sons.</p>
<p>The transaction is expected to be neutral to Genesis earnings in the first 12 months and will add to earnings after that. Walker said the Genesis anticipated $19 million in cost savings from the acquisition.</p>
<p>Multicare's stock rose $1.25 to $26.875 on the New York Stock Exchange. Genesis was up 25 cents at $35.375, also on the NYSE.</p>
<p>Hackensack, N.J.-based Multicare, which had first-quarter 1997 annualized revenues of about $675 million, operates 155 facilities with about 16,000 beds.</p>
<p>Bank financing for the transaction will be provided by Mellon Bank, NationsBank, First Union and Citibank.  Morgan Stanley and Montgomery Securities will provide a bridge loan commitment and high yield take-out financing.</p>
<p>Montgomery Securities acted as advisor to Genesis and Morgan Stanley acted as advisor to Cypress and TPG.</p>
<p>Walker said Genesis does not intend to focus on acquisitions after the transaction.</p>
<p>&quot;We need to develop our infrastructure and our ability to market ourselves to the managed care organizations of the world,&quot; he said.</p>
</text>
<copyright>(c) Reuters Limited 1997</copyright>
<metadata>
<codes class="bip:countries:1.0">
  <code code="USA">
    <editdetail attribution="Reuters BIP Coding Group" action="confirmed" date="1997-06-16"/>
  </code>
</codes>
<codes class="bip:industries:1.0">
  <code code="I83100">
    <editdetail attribution="Reuters BIP Coding Group" action="confirmed" date="1997-06-16"/>
  </code>
  <code code="I95100">
    <editdetail attribution="Reuters BIP Coding Group" action="confirmed" date="1997-06-16"/>
  </code>
</codes>
<codes class="bip:topics:1.0">
  <code code="C18">
    <editdetail attribution="Reuters BIP Coding Group" action="confirmed" date="1997-06-16"/>
  </code>
  <code code="C181">
    <editdetail attribution="Reuters BIP Coding Group" action="confirmed" date="1997-06-16"/>
  </code>
  <code code="CCAT">
    <editdetail attribution="Reuters BIP Coding Group" action="confirmed" date="1997-06-16"/>
  </code>
</codes>
<dc element="dc.date.created" value="1997-06-16"/>
<dc element="dc.publisher" value="Reuters Holdings Plc"/>
<dc element="dc.date.published" value="1997-06-16"/>
<dc element="dc.source" value="Reuters"/>
<dc element="dc.creator.location" value="NEW YORK"/>
<dc element="dc.creator.location.country.name" value="USA"/>
<dc element="dc.source" value="Reuters"/>
</metadata>
</newsitem>
