<?xml version="1.0" encoding="iso-8859-1" ?>
<newsitem itemid="662684" id="root" date="1997-06-16" xml:lang="en">
<title>USA: Fedders Corp Q3 sales, net and share fall.</title>
<headline>Fedders Corp Q3 sales, net and share fall.</headline>
<dateline>LIBERTY CORNER, N.J. 1997-06-16</dateline>
<text>
<p>For the Third Quarter and Nine Months Ended</p>
<p>					May 31, 1997, 1996, 1995</p>
<p>		    Amounts in Thousands, Except Per Share Data</p>
<p> THIRD QUARTER				1997	1996     1995</p>
<p> Net sales				 $143,776 $173,868 $145,869</p>
<p>Costs and expenses</p>
<p>  Cost of sales			   112,934  136,009  115,380</p>
<p>Selling, general and</p>
<p>   administrative expense		10,221    9,035    7,550</p>
<p> Total costs and expenses	     123,155  145,044  122,930</p>
<p> Operating income			  20,621   28,824   22,939</p>
<p>Minority interest in joint</p>
<p>  venture's (income)/loss		    --	 84	 --</p>
<p> Net interest income/(expense)	(1,468)    (708)  (1,403)</p>
<p>Income from operations</p>
<p>  before income taxes		    19,153   28,200   21,536</p>
<p>Federal, state and foreign</p>
<p>  income taxes				6,513   10,770    3,730</p>
<p> Net income				  12,640   17,430   17,806</p>
<p>Preferred stock dividend</p>
<p>  requirement				   726	 --	 --</p>
<p>Income attributable to common</p>
<p>  stockholders			     11,914   17,430   17,806</p>
<p>Income per share:</p>
<p> Primary					 0.30     0.42     0.44</p>
<p> Fully diluted				 0.27     0.42     0.44</p>
<p>Weighted average number of shares:</p>
<p>  Primary				    39,605   41,704   40,701</p>
<p>  Fully diluted			    47,123   41,704   40,701</p>
<p> NINE MONTHS				  1997	1996     1995</p>
<p> Net sales				 $237,456 $290,004 $238,351</p>
<p>Costs and expenses</p>
<p>  Cost of sales			   185,158  227,363  189,870</p>
<p>Selling, general and</p>
<p>   administrative expense		28,904   22,686   19,478</p>
<p> Total costs and expenses	     214,062  250,049  209,348</p>
<p> Operating income			  23,394   39,955   29,003</p>
<p>Minority interest in joint</p>
<p>  venture's (income)/loss		   457	237	 --</p>
<p> Net interest income/(expense)	(2,782)  (1,164)  (2,213)</p>
<p>Income from operations</p>
<p>  before income taxes		    21,069   39,028   26,790</p>
<p>Federal, state and foreign</p>
<p>  income taxes				7,164   14,885    4,634</p>
<p> Net income				  13,905   24,143   22,156</p>
<p>Preferred stock dividend</p>
<p>  requirement				 2,178	 --	 --</p>
<p>Income attributable to</p>
<p>  common stockholders		    11,727   24,143   22,156</p>
<p>Income per share:</p>
<p> Primary					 0.28     0.58     0.55</p>
<p> Fully diluted				 0.29     0.58     0.55</p>
<p>Weighted average number of shares:</p>
<p>  Primary				    41,250   41,281   40,348</p>
<p>  Fully diluted			    48,768   41,281   40,348</p>
<p>-- New York Newsdesk 212 603-3310</p>
</text>
<copyright>(c) Reuters Limited 1997</copyright>
<metadata>
<codes class="bip:countries:1.0">
  <code code="USA">
    <editdetail attribution="Reuters BIP Coding Group" action="confirmed" date="1997-06-16"/>
  </code>
</codes>
<codes class="bip:industries:1.0">
  <code code="I32840">
    <editdetail attribution="Reuters BIP Coding Group" action="confirmed" date="1997-06-16"/>
  </code>
</codes>
<codes class="bip:topics:1.0">
  <code code="C15">
    <editdetail attribution="Reuters BIP Coding Group" action="confirmed" date="1997-06-16"/>
  </code>
  <code code="C151">
    <editdetail attribution="Reuters BIP Coding Group" action="confirmed" date="1997-06-16"/>
  </code>
  <code code="CCAT">
    <editdetail attribution="Reuters BIP Coding Group" action="confirmed" date="1997-06-16"/>
  </code>
</codes>
<dc element="dc.date.created" value="1997-06-16"/>
<dc element="dc.publisher" value="Reuters Holdings Plc"/>
<dc element="dc.date.published" value="1997-06-16"/>
<dc element="dc.source" value="Reuters"/>
<dc element="dc.creator.location" value="LIBERTY CORNER, N.J."/>
<dc element="dc.creator.location.country.name" value="USA"/>
<dc element="dc.source" value="Reuters"/>
</metadata>
</newsitem>
