<?xml version="1.0" encoding="iso-8859-1" ?>
<newsitem itemid="662622" id="root" date="1997-06-16" xml:lang="en">
<title>CANADA: Kmart sells Kmart Canada for C$185 mln.</title>
<headline>Kmart sells Kmart Canada for C$185 mln.</headline>
<dateline>TORONTO 1997-06-16</dateline>
<text>
<p>U.S.-based Kmart Corp said on Monday it sold most of its Kmart Canada Co unit to an investor group comprising York Management Services Inc, Capital d'Amerique CDPQ Inc and Cherokee Ventures Canada Inc for C$185 million.</p>
<p>Troubled Kmart Canada, the nation's third largest discount retailer, has been awaiting a savior for years. Troy, Michigan-based Kmart said it kept a 12.5 percent equity stake.</p>
<p>Also, Kmart Canada secured a new C$135 million line of credit from Congress Financial Corp. The new owners appointed George Heller, former Bata Industries North America and Europe president, as president and chief executive officer.  </p>
<p>The investor group includes the Capital d'Amerique CDPQ Inc, which is a wholly owned unit of Caisse de depot et placement du Quebec. The Quebec-based Caisse is a public-sector pension funds manager. Cherokee Ventures Canada is an arm of Denver-based Cherokee Group which makes private equity direct investments. York Management Services is a New Jersey-based investment and management firm.</p>
<p>Kmart Corp President and Chief Executive Floyd Hall said that the sale &quot;is in keeping with our commitment to focus on our core U.S.-based operations and continue improving our overall financial performance.&quot;  </p>
<p>Kmart Canada posted 1996 sales of more than C$1.1 billion and operates 123 outlets across the nation. It runs third in Canada's C$12 billion discount retail sector behind Wal-Mart Canada Inc, wholly-owned by Wal-Mart Stores Inc,  and Hudson's Bay Co's unit Zellers.</p>
<p>Heller said in a statement that: &quot;Our goal is to create a profitable business through improved customer service, the support of our associates, strengthened information and technology systems, and investment in Kmart Canada's presence and vitality.&quot;</p>
<p>Former chief executive Mike Lynch has returned to Kmart's U.S. operations.</p>
<p>((Reuters Toronto Bureau (416) 941-8100))</p>
</text>
<copyright>(c) Reuters Limited 1997</copyright>
<metadata>
<codes class="bip:countries:1.0">
  <code code="CANA">
    <editdetail attribution="Reuters BIP Coding Group" action="confirmed" date="1997-06-16"/>
  </code>
  <code code="USA">
    <editdetail attribution="Reuters BIP Coding Group" action="confirmed" date="1997-06-16"/>
  </code>
</codes>
<codes class="bip:industries:1.0">
  <code code="I65600">
    <editdetail attribution="Reuters BIP Coding Group" action="confirmed" date="1997-06-16"/>
  </code>
  <code code="I6560002">
    <editdetail attribution="Reuters BIP Coding Group" action="confirmed" date="1997-06-16"/>
  </code>
  <code code="I83100">
    <editdetail attribution="Reuters BIP Coding Group" action="confirmed" date="1997-06-16"/>
  </code>
</codes>
<codes class="bip:topics:1.0">
  <code code="C18">
    <editdetail attribution="Reuters BIP Coding Group" action="confirmed" date="1997-06-16"/>
  </code>
  <code code="C181">
    <editdetail attribution="Reuters BIP Coding Group" action="confirmed" date="1997-06-16"/>
  </code>
  <code code="CCAT">
    <editdetail attribution="Reuters BIP Coding Group" action="confirmed" date="1997-06-16"/>
  </code>
</codes>
<dc element="dc.date.created" value="1997-06-16"/>
<dc element="dc.publisher" value="Reuters Holdings Plc"/>
<dc element="dc.date.published" value="1997-06-16"/>
<dc element="dc.source" value="Reuters"/>
<dc element="dc.creator.location" value="TORONTO"/>
<dc element="dc.creator.location.country.name" value="CANADA"/>
<dc element="dc.source" value="Reuters"/>
</metadata>
</newsitem>
