<?xml version="1.0" encoding="iso-8859-1" ?>
<newsitem itemid="662644" id="root" date="1997-06-16" xml:lang="en">
<title>USA: American Eagle to announce fleet plan.</title>
<headline>American Eagle to announce fleet plan.</headline>
<dateline>NEW YORK 1997-06-16</dateline>
<text>
<p>AMR Corp's American Eagle regional airline said it will hold a media briefing Tuesday to discuss &quot;fleet planning decisions regarding regional jets.&quot;</p>
<p>The press briefing, held at AMR Corp's Fort Worth, Texas, headquarters, will start at 1030 EDT/1430 GMT.</p>
<p>American Eagle representatives did not provide additional details.</p>
<p>American Eagle is expected to announce an order for about 67 planes, either from Bombardier Inc's Canadair or from Brazil's state-owned Embraer SA, or from both, industry analysts said. The potential aircraft order is valued at more than $1 billion.</p>
</text>
<copyright>(c) Reuters Limited 1997</copyright>
<metadata>
<codes class="bip:countries:1.0">
  <code code="BRAZ">
    <editdetail attribution="Reuters BIP Coding Group" action="confirmed" date="1997-06-16"/>
  </code>
  <code code="CANA">
    <editdetail attribution="Reuters BIP Coding Group" action="confirmed" date="1997-06-16"/>
  </code>
  <code code="USA">
    <editdetail attribution="Reuters BIP Coding Group" action="confirmed" date="1997-06-16"/>
  </code>
</codes>
<codes class="bip:industries:1.0">
  <code code="I36400">
    <editdetail attribution="Reuters BIP Coding Group" action="confirmed" date="1997-06-16"/>
  </code>
  <code code="I3640010">
    <editdetail attribution="Reuters BIP Coding Group" action="confirmed" date="1997-06-16"/>
  </code>
  <code code="I75000">
    <editdetail attribution="Reuters BIP Coding Group" action="confirmed" date="1997-06-16"/>
  </code>
</codes>
<codes class="bip:topics:1.0">
  <code code="C24">
    <editdetail attribution="Reuters BIP Coding Group" action="confirmed" date="1997-06-16"/>
  </code>
  <code code="C33">
    <editdetail attribution="Reuters BIP Coding Group" action="confirmed" date="1997-06-16"/>
  </code>
  <code code="CCAT">
    <editdetail attribution="Reuters BIP Coding Group" action="confirmed" date="1997-06-16"/>
  </code>
</codes>
<dc element="dc.date.created" value="1997-06-16"/>
<dc element="dc.publisher" value="Reuters Holdings Plc"/>
<dc element="dc.date.published" value="1997-06-16"/>
<dc element="dc.source" value="Reuters"/>
<dc element="dc.creator.location" value="NEW YORK"/>
<dc element="dc.creator.location.country.name" value="USA"/>
<dc element="dc.source" value="Reuters"/>
</metadata>
</newsitem>
