<?xml version="1.0" encoding="iso-8859-1" ?>
<newsitem itemid="662620" id="root" date="1997-06-16" xml:lang="en">
<title>CANADA: Emco to sell C$75 mln 6.5 pct of conv debt.</title>
<headline>Emco to sell C$75 mln 6.5 pct of conv debt.</headline>
<dateline>TORONTO 1997-06-16</dateline>
<text>
<p>Emco Ltd said on Monday that it had agreed to sell C$75 million of 6.5 percent convertible debentures in a bought deal with a group of underwriters lead managed by CIBC-Wood Gundy Securities Inc.</p>
<p>Emco said the conversion price will be C$19.75 per Emco common share for a ratio of 50.633 common shares per C$1,000 principal amount of debentures.</p>
<p>The company said the C$1,000 principal amount is payable upon closing, which is expected on or about July 4, 1997.</p>
<p>Emco said proceeds of the offering will be used to fund acquisitions, redeem some outstanding debentures and general corporate purposes.</p>
<p>The offer is subject to all requisite regulatory approvals.</p>
<p>((Reuters Toronto Bureau 416 941-8100))</p>
</text>
<copyright>(c) Reuters Limited 1997</copyright>
<metadata>
<codes class="bip:countries:1.0">
  <code code="CANA">
    <editdetail attribution="Reuters BIP Coding Group" action="confirmed" date="1997-06-16"/>
  </code>
</codes>
<codes class="bip:industries:1.0">
  <code code="I61000">
    <editdetail attribution="Reuters BIP Coding Group" action="confirmed" date="1997-06-16"/>
  </code>
</codes>
<codes class="bip:topics:1.0">
  <code code="C17">
    <editdetail attribution="Reuters BIP Coding Group" action="confirmed" date="1997-06-16"/>
  </code>
  <code code="C172">
    <editdetail attribution="Reuters BIP Coding Group" action="confirmed" date="1997-06-16"/>
  </code>
  <code code="CCAT">
    <editdetail attribution="Reuters BIP Coding Group" action="confirmed" date="1997-06-16"/>
  </code>
</codes>
<dc element="dc.date.created" value="1997-06-16"/>
<dc element="dc.publisher" value="Reuters Holdings Plc"/>
<dc element="dc.date.published" value="1997-06-16"/>
<dc element="dc.source" value="Reuters"/>
<dc element="dc.creator.location" value="TORONTO"/>
<dc element="dc.creator.location.country.name" value="CANADA"/>
<dc element="dc.source" value="Reuters"/>
</metadata>
</newsitem>
