<?xml version="1.0" encoding="iso-8859-1" ?>
<newsitem itemid="662678" id="root" date="1997-06-16" xml:lang="en">
<title>USA: Biodynamics names intl operations head.</title>
<headline>Biodynamics names intl operations head.</headline>
<dateline>PARSIPPANY, N.J. 1997-06-16</dateline>
<text>
<p>Biodynamics International Inc said Monday it named Manfred Krueger to head its international operations as managing director of its German subsidiary, Biodynamics International (Deutschland) GmbH.</p>
<p>Biodynamics, which provides bio-implants for tissue repair, said Krueger served previously as executive vice president at Fresenius Critical Care International, a unit of Germany's Fresenius AG.</p>
</text>
<copyright>(c) Reuters Limited 1997</copyright>
<metadata>
<codes class="bip:countries:1.0">
  <code code="GFR">
    <editdetail attribution="Reuters BIP Coding Group" action="confirmed" date="1997-06-16"/>
  </code>
  <code code="USA">
    <editdetail attribution="Reuters BIP Coding Group" action="confirmed" date="1997-06-16"/>
  </code>
</codes>
<codes class="bip:industries:1.0">
  <code code="I95100">
    <editdetail attribution="Reuters BIP Coding Group" action="confirmed" date="1997-06-16"/>
  </code>
</codes>
<codes class="bip:topics:1.0">
  <code code="C41">
    <editdetail attribution="Reuters BIP Coding Group" action="confirmed" date="1997-06-16"/>
  </code>
  <code code="C411">
    <editdetail attribution="Reuters BIP Coding Group" action="confirmed" date="1997-06-16"/>
  </code>
  <code code="CCAT">
    <editdetail attribution="Reuters BIP Coding Group" action="confirmed" date="1997-06-16"/>
  </code>
</codes>
<dc element="dc.date.created" value="1997-06-16"/>
<dc element="dc.publisher" value="Reuters Holdings Plc"/>
<dc element="dc.date.published" value="1997-06-16"/>
<dc element="dc.source" value="Reuters"/>
<dc element="dc.creator.location" value="PARSIPPANY, N.J."/>
<dc element="dc.creator.location.country.name" value="USA"/>
<dc element="dc.source" value="Reuters"/>
</metadata>
</newsitem>
