<?xml version="1.0" encoding="iso-8859-1" ?>
<newsitem itemid="662696" id="root" date="1997-06-16" xml:lang="en">
<title>USA: LTV plant fire causes $4-$5 mln in damage, outage.</title>
<headline>LTV plant fire causes $4-$5 mln in damage, outage.</headline>
<dateline>CLEVELAND, Ohio 1997-06-16</dateline>
<text>
<p>LTV Corp said Monday a fire at two steel pickel lines at its LTV Steel Cleveland Works on Sunday caused between four and five million dollars in damages and outage.</p>
<p>The damaged units, a 56-inch and an 80-inch pickle line, affect only about 10 percent of LTV Steel's total production and the company is confident that it will minimize the impact of the outage on its customers' schedules, it said.  </p>
<p>It said that LTV Steel is assessing the extent of the damage and is reassigning production to other pickling units in the company, and, if necessary, would utilize outside resources.</p>
<p>It said the new &quot;push-pull&quot; pickle line at the facility was not affected.</p>
<p>It said the fire was discovered at the 56-inch pickle line at about 9:45 p.m. Sunday. The fire spread to the adjacent 80-inch unit before being put out by firefighters, it said.</p>
<p>It said the lines employ about 50 people and that no one was injured.</p>
<p>LTV Steel produces flat rolled and tubular steel products. It also supplies coated steel for the automotive, appliance, construction, container and service center industries.</p>
</text>
<copyright>(c) Reuters Limited 1997</copyright>
<metadata>
<codes class="bip:countries:1.0">
  <code code="USA">
    <editdetail attribution="Reuters BIP Coding Group" action="confirmed" date="1997-06-16"/>
  </code>
</codes>
<codes class="bip:industries:1.0">
  <code code="I83960">
    <editdetail attribution="Reuters BIP Coding Group" action="confirmed" date="1997-06-16"/>
  </code>
</codes>
<codes class="bip:topics:1.0">
  <code code="C24">
    <editdetail attribution="Reuters BIP Coding Group" action="confirmed" date="1997-06-16"/>
  </code>
  <code code="CCAT">
    <editdetail attribution="Reuters BIP Coding Group" action="confirmed" date="1997-06-16"/>
  </code>
  <code code="GCAT">
    <editdetail attribution="Reuters BIP Coding Group" action="confirmed" date="1997-06-16"/>
  </code>
  <code code="GDIS">
    <editdetail attribution="Reuters BIP Coding Group" action="confirmed" date="1997-06-16"/>
  </code>
</codes>
<dc element="dc.date.created" value="1997-06-16"/>
<dc element="dc.publisher" value="Reuters Holdings Plc"/>
<dc element="dc.date.published" value="1997-06-16"/>
<dc element="dc.source" value="Reuters"/>
<dc element="dc.creator.location" value="CLEVELAND, Ohio"/>
<dc element="dc.creator.location.country.name" value="USA"/>
<dc element="dc.source" value="Reuters"/>
</metadata>
</newsitem>
