<?xml version="1.0" encoding="iso-8859-1" ?>
<newsitem itemid="662659" id="root" date="1997-06-16" xml:lang="en">
<title>USA: RESEARCH ALERT - Ballard Medical started.</title>
<headline>RESEARCH ALERT - Ballard Medical started.</headline>
<dateline>NEW YORK 1997-06-16</dateline>
<text>
<p>Southwest Securities said on Monday it initiated coverage of Ballard Medical Products Inc with a neutral rating, as managed care pressures would continue to limit the pricing power of medical device makers.</p>
<p>-- Analyst Vincent Colicchio said in a research note his 1997 earnings estimate was $1.05 per share and his 1998 earnings estimate was $1.25 per share.</p>
<p>-- Colicchio said new product introductions and product acquisitions were critical for earnings growth, but device introductions were risky because of costs, regulations and changes in technology.</p>
<p>-- &quot;The company may be unable to acquire attractive companies and product lines at economical valuations,&quot; he said. Ballard closed unchanged at 19-3/4.</p>
<p>((Wall Street desk 212-859-1730))</p>
</text>
<copyright>(c) Reuters Limited 1997</copyright>
<metadata>
<codes class="bip:countries:1.0">
  <code code="USA">
    <editdetail attribution="Reuters BIP Coding Group" action="confirmed" date="1997-06-16"/>
  </code>
</codes>
<codes class="bip:industries:1.0">
  <code code="I37200">
    <editdetail attribution="Reuters BIP Coding Group" action="confirmed" date="1997-06-16"/>
  </code>
</codes>
<codes class="bip:topics:1.0">
  <code code="C15">
    <editdetail attribution="Reuters BIP Coding Group" action="confirmed" date="1997-06-16"/>
  </code>
  <code code="C152">
    <editdetail attribution="Reuters BIP Coding Group" action="confirmed" date="1997-06-16"/>
  </code>
  <code code="CCAT">
    <editdetail attribution="Reuters BIP Coding Group" action="confirmed" date="1997-06-16"/>
  </code>
</codes>
<dc element="dc.date.created" value="1997-06-16"/>
<dc element="dc.publisher" value="Reuters Holdings Plc"/>
<dc element="dc.date.published" value="1997-06-16"/>
<dc element="dc.source" value="Reuters"/>
<dc element="dc.creator.location" value="NEW YORK"/>
<dc element="dc.creator.location.country.name" value="USA"/>
<dc element="dc.source" value="Reuters"/>
</metadata>
</newsitem>
