<?xml version="1.0" encoding="iso-8859-1" ?>
<newsitem itemid="662670" id="root" date="1997-06-16" xml:lang="en">
<title>USA: Spice Entertainment adopts rights plan.</title>
<headline>Spice Entertainment adopts rights plan.</headline>
<dateline>NEW YORK 1997-06-16</dateline>
<text>
<p>Spice Entertainment Cos Inc, which provides adult television programming, said Monday its board adopted a shareholder rights plan aimed at protecting its investors from unfair takeover tactics.</p>
<p>The plan provides for a dividend distribution of one right for each outstanding common share to holders of record on June 27. The plan would take effect if an acquiring party accumulates 15 percent or more of the company's common stock.</p>
<p>If that happens, shareholders other than the acquiring party will have the right to buy either the company's common shares or shares of the acquiring party at half the market value of those securities.</p>
<p>Spice Entertainment may redeem the rights at one percent for each right at any time until the tenth day after the rights become exercisable. The rights will expire on June 12, 2007.</p>
<p>J. Faherty, chairman and chief executive officer of the company, said details of the new rights plan will be outlined in a letter to be mailed to shareholders after the June 27 record date.</p>
<p>Spice Entertainment was formerly known as Graff Pay-Per-View.</p>
</text>
<copyright>(c) Reuters Limited 1997</copyright>
<metadata>
<codes class="bip:countries:1.0">
  <code code="USA">
    <editdetail attribution="Reuters BIP Coding Group" action="confirmed" date="1997-06-16"/>
  </code>
</codes>
<codes class="bip:industries:1.0">
  <code code="I9741110">
    <editdetail attribution="Reuters BIP Coding Group" action="confirmed" date="1997-06-16"/>
  </code>
</codes>
<codes class="bip:topics:1.0">
  <code code="C11">
    <editdetail attribution="Reuters BIP Coding Group" action="confirmed" date="1997-06-16"/>
  </code>
  <code code="C17">
    <editdetail attribution="Reuters BIP Coding Group" action="confirmed" date="1997-06-16"/>
  </code>
  <code code="C171">
    <editdetail attribution="Reuters BIP Coding Group" action="confirmed" date="1997-06-16"/>
  </code>
  <code code="C18">
    <editdetail attribution="Reuters BIP Coding Group" action="confirmed" date="1997-06-16"/>
  </code>
  <code code="C181">
    <editdetail attribution="Reuters BIP Coding Group" action="confirmed" date="1997-06-16"/>
  </code>
  <code code="CCAT">
    <editdetail attribution="Reuters BIP Coding Group" action="confirmed" date="1997-06-16"/>
  </code>
</codes>
<dc element="dc.date.created" value="1997-06-16"/>
<dc element="dc.publisher" value="Reuters Holdings Plc"/>
<dc element="dc.date.published" value="1997-06-16"/>
<dc element="dc.source" value="Reuters"/>
<dc element="dc.creator.location" value="NEW YORK"/>
<dc element="dc.creator.location.country.name" value="USA"/>
<dc element="dc.source" value="Reuters"/>
</metadata>
</newsitem>
