<?xml version="1.0" encoding="iso-8859-1" ?>
<newsitem itemid="662635" id="root" date="1997-06-16" xml:lang="en">
<title>USA: US swap spreads mostly steady, eyes on 10-years.</title>
<headline>US swap spreads mostly steady, eyes on 10-years.</headline>
<dateline>CHICAGO 1997-06-16</dateline>
<text>
<p>U.S. interest rate swap spreads were mostly steady in relatively calm trade on Monday amid dimming prospects of an imminent Federal Reserve credit tightening, traders said.</p>
<p>The market's focus remained on the 10-year maturity, where spreads had widened last week on news that the U.S. Treasury would not hold 10-year note auctions as scheduled in July and October, they added.</p>
<p>&quot;That's where most of the activity has been,&quot; said a U.S. bank trader in California.  </p>
<p>He said 10-year spreads have been fluctuating fairly widely in the past month, tightening slightly about two weeks ago due to corporate bond issues and then bouncing back on concerns over tighter government note supply.</p>
<p>On Monday, 10-year spreads were quoted at about 36/37 basis points, where they have been since early last week, when they popped up about three bps in a matter of day or two.</p>
<p>&quot;It's been pretty much dealers buying each other's positions until they reached a level where the increased estimated value of repo specials was priced into the market, and that looks to be about three bps,&quot; the trader said.  </p>
<p>Traders said corporate bonds have had little impact on the market in recent days.</p>
<p>&quot;It's been pinned at those levels ever since people started talking about the 10-year note supply and word actually came out from the Treasury,&quot; said a Japanese bank trader in New York. &quot;I don't think there's been much interest on the corporate side.&quot;</p>
<p>At the shorter end of the curve, rates were little changed as the flow was largely dominated by day-to-day inter-dealer trades.  </p>
<p>&quot;It's more just book-management and probably some customer interest,&quot; said a European bank trader in New York. &quot;It's nothing out of the ordinary, just back and forth all day long.&quot;</p>
<p>Two-year spreads were roughly unchanged from late last week at around 25/28 bps.</p>
<p>-- Chicago Derivatives Desk (312) 408-8750</p>
<p>E-mail: derivatives@reuters.com</p>
</text>
<copyright>(c) Reuters Limited 1997</copyright>
<metadata>
<codes class="bip:countries:1.0">
  <code code="USA">
    <editdetail attribution="Reuters BIP Coding Group" action="confirmed" date="1997-06-16"/>
  </code>
</codes>
<codes class="bip:topics:1.0">
  <code code="M12">
    <editdetail attribution="Reuters BIP Coding Group" action="confirmed" date="1997-06-16"/>
  </code>
  <code code="MCAT">
    <editdetail attribution="Reuters BIP Coding Group" action="confirmed" date="1997-06-16"/>
  </code>
</codes>
<dc element="dc.date.created" value="1997-06-16"/>
<dc element="dc.publisher" value="Reuters Holdings Plc"/>
<dc element="dc.date.published" value="1997-06-16"/>
<dc element="dc.source" value="Reuters"/>
<dc element="dc.creator.location" value="CHICAGO"/>
<dc element="dc.creator.location.country.name" value="USA"/>
<dc element="dc.source" value="Reuters"/>
</metadata>
</newsitem>
