<?xml version="1.0" encoding="iso-8859-1" ?>
<newsitem itemid="662718" id="root" date="1997-06-16" xml:lang="en">
<title>USA: NYCE cotton ends lower, trade sells on close.</title>
<headline>NYCE cotton ends lower, trade sells on close.</headline>
<dateline>NEW YORK 1997-06-16</dateline>
<text>
<p>NYCE cotton futures closed lower as trade selling in new-crop December drove prices to session lows just ahead of the close, floor sources said.</p>
<p>&quot;The weather is fine and the crop looks good,&quot; a floor source said.</p>
<p>USDA will release its weekly crop progress report today amid expectations that the 1997/98 cotton crop is developing on schedule.</p>
<p>December settled at 74.93 cents a lb, down 1.09 cents, after trading from 76.25 to 74.80 cents. Spot July fell 0.91 cent to 72.24 cents, while the rest finished 0.78 to 1.03 lower.</p>
<p>Analysts said the market is not likely to retrace losses amid a lack of fundamental news before the official planted area estimate, released on June 30. The estimate is expected to prompt a revision in the July supply and demand numbers, analysts said.</p>
<p>&quot;The market's recent stability based on balanced supply and demand is vulnerable to any sizable shortfall in production,&quot; Carl Anderson, a cotton marketing specialist with Texas A&amp;M University, said in a weekly market comment.</p>
<p>He said many industry sources expect planted area to total about 14 million acres, which &quot;would barely produce enough cotton for the expected use.&quot;</p>
<p>But the world cotton supply will need to fall substantially for December futures to pierce 78.00 cents, where firm resistance has been pegged.</p>
<p>Volume was estimated at 15,000 lots compared with Friday's official 10,897 lots.</p>
<p>((Suzanne Rostler, New York Commodity Desk 212-859-1646))</p>
</text>
<copyright>(c) Reuters Limited 1997</copyright>
<metadata>
<codes class="bip:countries:1.0">
  <code code="USA">
    <editdetail attribution="Reuters BIP Coding Group" action="confirmed" date="1997-06-16"/>
  </code>
</codes>
<codes class="bip:topics:1.0">
  <code code="M14">
    <editdetail attribution="Reuters BIP Coding Group" action="confirmed" date="1997-06-16"/>
  </code>
  <code code="M141">
    <editdetail attribution="Reuters BIP Coding Group" action="confirmed" date="1997-06-16"/>
  </code>
  <code code="MCAT">
    <editdetail attribution="Reuters BIP Coding Group" action="confirmed" date="1997-06-16"/>
  </code>
</codes>
<dc element="dc.date.created" value="1997-06-16"/>
<dc element="dc.publisher" value="Reuters Holdings Plc"/>
<dc element="dc.date.published" value="1997-06-16"/>
<dc element="dc.source" value="Reuters"/>
<dc element="dc.creator.location" value="NEW YORK"/>
<dc element="dc.creator.location.country.name" value="USA"/>
<dc element="dc.source" value="Reuters"/>
</metadata>
</newsitem>
