<?xml version="1.0" encoding="iso-8859-1" ?>
<newsitem itemid="662702" id="root" date="1997-06-16" xml:lang="en">
<title>USA: Green Mountain seeks 16.7 pct rate increase.</title>
<headline>Green Mountain seeks 16.7 pct rate increase.</headline>
<dateline>SOUTH BURLINGTON, Vt. 1997-06-16</dateline>
<text>
<p>Green Mountain Power Corp said on Monday that it had asked the Vermont Public Service Board to authorize a 16.7 percent rate increase, in part to cover the rising cost of power purchased under contracts with Hydro-Quebec.</p>
<p>GMP said it needed $26 million in additional revenues in 1998, with about 70 percent of the increase required to meet rising power supply cost commitments. In 1998, GMP's cost for Hydro-Quebec power will be $17 million more than in 1997, the electric utility said in a statement.</p>
</text>
<copyright>(c) Reuters Limited 1997</copyright>
<metadata>
<codes class="bip:countries:1.0">
  <code code="USA">
    <editdetail attribution="Reuters BIP Coding Group" action="confirmed" date="1997-06-16"/>
  </code>
</codes>
<codes class="bip:industries:1.0">
  <code code="I16100">
    <editdetail attribution="Reuters BIP Coding Group" action="confirmed" date="1997-06-16"/>
  </code>
  <code code="I1610107">
    <editdetail attribution="Reuters BIP Coding Group" action="confirmed" date="1997-06-16"/>
  </code>
</codes>
<codes class="bip:topics:1.0">
  <code code="C13">
    <editdetail attribution="Reuters BIP Coding Group" action="confirmed" date="1997-06-16"/>
  </code>
  <code code="C31">
    <editdetail attribution="Reuters BIP Coding Group" action="confirmed" date="1997-06-16"/>
  </code>
  <code code="C33">
    <editdetail attribution="Reuters BIP Coding Group" action="confirmed" date="1997-06-16"/>
  </code>
  <code code="CCAT">
    <editdetail attribution="Reuters BIP Coding Group" action="confirmed" date="1997-06-16"/>
  </code>
</codes>
<dc element="dc.date.created" value="1997-06-16"/>
<dc element="dc.publisher" value="Reuters Holdings Plc"/>
<dc element="dc.date.published" value="1997-06-16"/>
<dc element="dc.source" value="Reuters"/>
<dc element="dc.creator.location" value="SOUTH BURLINGTON, Vt."/>
<dc element="dc.creator.location.country.name" value="USA"/>
<dc element="dc.source" value="Reuters"/>
</metadata>
</newsitem>
