<?xml version="1.0" encoding="iso-8859-1" ?>
<newsitem itemid="662728" id="root" date="1997-06-16" xml:lang="en">
<title>USA: Asia Pulp's Pabrik Kertas unit Q1 net rises.</title>
<headline>Asia Pulp's Pabrik Kertas unit Q1 net rises.</headline>
<dateline>NEW YORK 1997-06-16</dateline>
<text>
<p>(In million U.S. dollars)</p>
<p>				    1997		   1996</p>
<p>Net sales		    $   154		$   137</p>
<p>Oper income			 30		     20</p>
<p>Net income			  16			9</p>
<p>Full company name of parent is Asia Pulp and Paper Co Ltd, which is based in Singapore. PT Pabrik Kertas Tjiwi Kimia is a publicly traded unit in Indonesia.</p>
<p>--((New York newdesk 212 859-1610))</p>
</text>
<copyright>(c) Reuters Limited 1997</copyright>
<metadata>
<codes class="bip:countries:1.0">
  <code code="INDON">
    <editdetail attribution="Reuters BIP Coding Group" action="confirmed" date="1997-06-16"/>
  </code>
  <code code="SINGP">
    <editdetail attribution="Reuters BIP Coding Group" action="confirmed" date="1997-06-16"/>
  </code>
  <code code="USA">
    <editdetail attribution="Reuters BIP Coding Group" action="confirmed" date="1997-06-16"/>
  </code>
</codes>
<codes class="bip:industries:1.0">
  <code code="I47100">
    <editdetail attribution="Reuters BIP Coding Group" action="confirmed" date="1997-06-16"/>
  </code>
</codes>
<codes class="bip:topics:1.0">
  <code code="C15">
    <editdetail attribution="Reuters BIP Coding Group" action="confirmed" date="1997-06-16"/>
  </code>
  <code code="C151">
    <editdetail attribution="Reuters BIP Coding Group" action="confirmed" date="1997-06-16"/>
  </code>
  <code code="CCAT">
    <editdetail attribution="Reuters BIP Coding Group" action="confirmed" date="1997-06-16"/>
  </code>
</codes>
<dc element="dc.date.created" value="1997-06-16"/>
<dc element="dc.publisher" value="Reuters Holdings Plc"/>
<dc element="dc.date.published" value="1997-06-16"/>
<dc element="dc.source" value="Reuters"/>
<dc element="dc.creator.location" value="NEW YORK"/>
<dc element="dc.creator.location.country.name" value="USA"/>
<dc element="dc.source" value="Reuters"/>
</metadata>
</newsitem>
