<?xml version="1.0" encoding="iso-8859-1" ?>
<newsitem itemid="662710" id="root" date="1997-06-16" xml:lang="en">
<title>USA: Bolivia races to boost natural gas production.</title>
<headline>Bolivia races to boost natural gas production.</headline>
<dateline>HOUSTON 1997-06-16</dateline>
<text>
<p>Bolivia is seeking to more than double natural gas production to meet demand for exports to Brazil in the coming years, state officials and industry sources said on Monday.</p>
<p>Brazil last year signalled its intention to take 1.1 billion cubic feet of gas in the fifth year of a 20-year supply contract, pushing Bolivia to accelerate exploration and production in the gas-prone country.</p>
<p>&quot;It is not certain today whether Bolivia will have all the reserves to comply with the contract,&quot; Energy Secretary Jorge Berindoague said in a meeting with U.S. producers here.  </p>
<p>Industry sources said Bolivian natural gas production last year was about 500 million cubic feet per day (mmcfd), including 200 mmcfd exported to Argentina. The remaining gas was either flared or reinjected to produce associated liquids.</p>
<p>Bolivian energy officials were in Houston on Monday courting major and independent oil and gas companies interested in bidding on exploration tracts opened up under the country's new hydrocarbon law.</p>
<p>The country has pegged proven reserves at 4.3 trillion cubic feet (tcf), but dedicated 7 tcf of reserves for deliveries under the Brazilian export contract, an industry source active in Bolivia said.</p>
<p>The Brazilian exports will flow through a 1,900 mile pipeline capitalized by a consortium led by Shell and Enron Corp slated to be in operation by 1999.</p>
<p>About 13 percent of the acreage targeted for exploration and production is controlled by recently capitalized Yacimiementos Petroliferos Fiscales Bolivianos (YPFB) or other producers, and the remaining 87 percent is open for bidding.</p>
<p>Bolivia in July will open a lease round on acreage in the central part of the country, with nominations due July 7 and awards set for September 12.</p>
<p>((-- James Pierpoint, Houston Bureau 713 210-8508))</p>
</text>
<copyright>(c) Reuters Limited 1997</copyright>
<metadata>
<codes class="bip:countries:1.0">
  <code code="BOL">
    <editdetail attribution="Reuters BIP Coding Group" action="confirmed" date="1997-06-16"/>
  </code>
  <code code="BRAZ">
    <editdetail attribution="Reuters BIP Coding Group" action="confirmed" date="1997-06-16"/>
  </code>
  <code code="USA">
    <editdetail attribution="Reuters BIP Coding Group" action="confirmed" date="1997-06-16"/>
  </code>
</codes>
<codes class="bip:industries:1.0">
  <code code="I13000">
    <editdetail attribution="Reuters BIP Coding Group" action="confirmed" date="1997-06-16"/>
  </code>
  <code code="I1300014">
    <editdetail attribution="Reuters BIP Coding Group" action="confirmed" date="1997-06-16"/>
  </code>
</codes>
<codes class="bip:topics:1.0">
  <code code="C21">
    <editdetail attribution="Reuters BIP Coding Group" action="confirmed" date="1997-06-16"/>
  </code>
  <code code="C31">
    <editdetail attribution="Reuters BIP Coding Group" action="confirmed" date="1997-06-16"/>
  </code>
  <code code="C312">
    <editdetail attribution="Reuters BIP Coding Group" action="confirmed" date="1997-06-16"/>
  </code>
  <code code="CCAT">
    <editdetail attribution="Reuters BIP Coding Group" action="confirmed" date="1997-06-16"/>
  </code>
</codes>
<dc element="dc.date.created" value="1997-06-16"/>
<dc element="dc.publisher" value="Reuters Holdings Plc"/>
<dc element="dc.date.published" value="1997-06-16"/>
<dc element="dc.source" value="Reuters"/>
<dc element="dc.creator.location" value="HOUSTON"/>
<dc element="dc.creator.location.country.name" value="USA"/>
<dc element="dc.source" value="Reuters"/>
</metadata>
</newsitem>
