<?xml version="1.0" encoding="iso-8859-1" ?>
<newsitem itemid="662772" id="root" date="1997-06-16" xml:lang="en">
<title>USA: Unimed adopts shareholder rights plan.</title>
<headline>Unimed adopts shareholder rights plan.</headline>
<dateline>BUFFALO GROVE, Ill. 1997-06-16</dateline>
<text>
<p>Unimed Pharmaceuticals Inc, which develops and markets niche pharmaceuticals, said Monday its board of directors adopted a shareholder rights plan.</p>
<p>The company said the plan is not in response to any known effort to acquire control of the company.  </p>
<p>Under the plan, a dividend of one share purchase right is being declared for each share of common stock outstanding at the close of business Monday.</p>
<p>The rights generally will not be exercisable until 10 business days after a person or group acquires 15 percent or more of Unimed's common stock in a transaction that is not approved in advance by the board of directors or announces a tender offer, which could result in a person or group owning 15 percent or more of the common stock, the company said.</p>
<p>Under those circumstances, each right will entitle the holder, other than the acquiror, to buy common stock with a market value of twice the exercise price, for the right's then current exercise price.</p>
<p>In addition, if the company were to be acquired in a merger, stockholders with unexercised rights could purchase common stock of the acquiror with a value of twice the exercise price of the rights, the company said.</p>
<p>Unimed shares were down 1/8 at 5-1/8 Monday.</p>
<p>((Chicago newsdesk, 312-408-8787))</p>
</text>
<copyright>(c) Reuters Limited 1997</copyright>
<metadata>
<codes class="bip:countries:1.0">
  <code code="USA">
    <editdetail attribution="Reuters BIP Coding Group" action="confirmed" date="1997-06-16"/>
  </code>
</codes>
<codes class="bip:industries:1.0">
  <code code="I25700">
    <editdetail attribution="Reuters BIP Coding Group" action="confirmed" date="1997-06-16"/>
  </code>
</codes>
<codes class="bip:topics:1.0">
  <code code="C11">
    <editdetail attribution="Reuters BIP Coding Group" action="confirmed" date="1997-06-16"/>
  </code>
  <code code="C17">
    <editdetail attribution="Reuters BIP Coding Group" action="confirmed" date="1997-06-16"/>
  </code>
  <code code="C171">
    <editdetail attribution="Reuters BIP Coding Group" action="confirmed" date="1997-06-16"/>
  </code>
  <code code="C18">
    <editdetail attribution="Reuters BIP Coding Group" action="confirmed" date="1997-06-16"/>
  </code>
  <code code="C181">
    <editdetail attribution="Reuters BIP Coding Group" action="confirmed" date="1997-06-16"/>
  </code>
  <code code="CCAT">
    <editdetail attribution="Reuters BIP Coding Group" action="confirmed" date="1997-06-16"/>
  </code>
</codes>
<dc element="dc.date.created" value="1997-06-16"/>
<dc element="dc.publisher" value="Reuters Holdings Plc"/>
<dc element="dc.date.published" value="1997-06-16"/>
<dc element="dc.source" value="Reuters"/>
<dc element="dc.creator.location" value="BUFFALO GROVE, Ill."/>
<dc element="dc.creator.location.country.name" value="USA"/>
<dc element="dc.source" value="Reuters"/>
</metadata>
</newsitem>
