<?xml version="1.0" encoding="iso-8859-1" ?>
<newsitem itemid="662830" id="root" date="1997-06-16" xml:lang="en">
<title>UK: TENNIS-SAMPRAS HOT FAVOURITE FOR WIMBLEDON.</title>
<headline>TENNIS-SAMPRAS HOT FAVOURITE FOR WIMBLEDON.</headline>
<dateline>LONDON 1997-06-16</dateline>
<text>
<p>World number one Pete Sampras was installed on Monday as a short-priced favourite to win his fourth Wimbledon men's title in five years.</p>
<p>The American was quoted at 6-4 by bookmakers Ladbrokes, with the list of potential challengers headed by Boris Becker at 6-1.</p>
<p>The odds on a British champion have been cut to 20-1 following the recent form of Canadian-born Greg Rusedski.</p>
<p>&quot;With Rusedski playing the best tennis of his life and Tim Henman returning to Wimbledon, the prospect of a British men's champion is not the joke it once was,&quot; a Ladbroke's spokesman said.</p>
</text>
<copyright>(c) Reuters Limited 1997</copyright>
<metadata>
<codes class="bip:countries:1.0">
  <code code="UK">
    <editdetail attribution="Reuters BIP Coding Group" action="confirmed" date="1997-06-16"/>
  </code>
  <code code="USA">
    <editdetail attribution="Reuters BIP Coding Group" action="confirmed" date="1997-06-16"/>
  </code>
</codes>
<codes class="bip:topics:1.0">
  <code code="GCAT">
    <editdetail attribution="Reuters BIP Coding Group" action="confirmed" date="1997-06-16"/>
  </code>
  <code code="GSPO">
    <editdetail attribution="Reuters BIP Coding Group" action="confirmed" date="1997-06-16"/>
  </code>
</codes>
<dc element="dc.date.created" value="1997-06-16"/>
<dc element="dc.publisher" value="Reuters Holdings Plc"/>
<dc element="dc.date.published" value="1997-06-16"/>
<dc element="dc.source" value="Reuters"/>
<dc element="dc.creator.location" value="LONDON"/>
<dc element="dc.creator.location.country.name" value="UK"/>
<dc element="dc.source" value="Reuters"/>
</metadata>
</newsitem>
