<?xml version="1.0" encoding="iso-8859-1" ?>
<newsitem itemid="662884" id="root" date="1997-06-16" xml:lang="en">
<title>ESTONIA: SHARES GAIN PACE, BOURSE CONFIDENCE UP.</title>
<headline>SHARES GAIN PACE, BOURSE CONFIDENCE UP.</headline>
<dateline>TALLINN 1997-06-16</dateline>
<text>
<p>Estonian share prices gained in</p>
<p>Monday early trade with dealers saying confidence was stronger</p>
<p>and that the higher prices would hold for the day.</p>
<p>Volume on the main list at 0900 GMT was 41.1 million kroons</p>
<p>with the Talse online index 1.47 percent higher at 266.81.</p>
<p>&quot;Prices finished higher on Friday and local investors had a</p>
<p>chance to think it over on the break and placed buy orders for</p>
<p>the start of trading,&quot; one dealer said.</p>
<p>&quot;The bullish feel could last for as long as the week, but</p>
<p>beyond that, with the coming summer holidays, it is too hard to</p>
<p>predict,&quot; another dealer said.</p>
<p>The market had been gaining steam with higher liquidity and</p>
<p>expectations of good half results and revised profit estimates.</p>
<p>Uhispank saw trade of 14.7 million kroons to be the most</p>
<p>active stock for a higher spread of 54.50/54.90 kroons.</p>
<p>&quot;There is good interest in most banking stocks, but I can't</p>
<p>see any specific news to promote Uhis above other stocks,&quot;</p>
<p>another dealer said.</p>
<p>Most banking stocks gained in morning trade.</p>
<p>Hansapank saw trade of 6.8 million kroons of</p>
<p>shares to move higher on a bid/ask of 142.80/143.45 kroons</p>
<p>compared to 139.65 kroons.</p>
<p>On the free market, Norma was most the most active</p>
<p>stock with 2.8 million kroons traded for a spread of 73.25/74.40</p>
<p>kroons compared to 71.30 kroons.</p>
<p>&quot;The results of its five month profit (52.3 million kroons)</p>
<p>for Norma were as expected and it should support the stock's</p>
<p>price,&quot; another trader said.</p>
<p>-- David Mardiste, Tallinn newsroom, +372 620 9202/1,</p>
<p>reuters@reuters.ee</p>
</text>
<copyright>(c) Reuters Limited 1997</copyright>
<metadata>
<codes class="bip:countries:1.0">
  <code code="ESTNIA">
    <editdetail attribution="Reuters BIP Coding Group" action="confirmed" date="1997-06-16"/>
  </code>
</codes>
<codes class="bip:topics:1.0">
  <code code="M11">
    <editdetail attribution="Reuters BIP Coding Group" action="confirmed" date="1997-06-16"/>
  </code>
  <code code="MCAT">
    <editdetail attribution="Reuters BIP Coding Group" action="confirmed" date="1997-06-16"/>
  </code>
</codes>
<dc element="dc.date.created" value="1997-06-16"/>
<dc element="dc.publisher" value="Reuters Holdings Plc"/>
<dc element="dc.date.published" value="1997-06-16"/>
<dc element="dc.source" value="Reuters"/>
<dc element="dc.creator.location" value="TALLINN"/>
<dc element="dc.creator.location.country.name" value="ESTONIA"/>
<dc element="dc.source" value="Reuters"/>
</metadata>
</newsitem>
