<?xml version="1.0" encoding="iso-8859-1" ?>
<newsitem itemid="662824" id="root" date="1997-06-16" xml:lang="en">
<title>UK: TENNIS-MOYA, RIOS SUFFER ON GRASS.</title>
<headline>TENNIS-MOYA, RIOS SUFFER ON GRASS.</headline>
<dateline>LONDON 1997-06-16</dateline>
<text>
<p>Carlos Moya and Marcelo Rios did little to boost their fragile confidence on grass on Monday as both crashed out of the Nottingham Open in the first round.</p>
<p>The top-seeded Moya from Spain, seeded 10th at Wimbledon which starts next week, did his best to fight back after a poor start but still lost 1-6 7-6 6-4 by Romanian Adrian Voinea.</p>
<p>Chilean Rios, another claycourt specialist with scant experience on grass, also failed to justify his status as the tournament's second seed by going down 6-4 6-2 to Denmark's Kenneth Carlsen.</p>
</text>
<copyright>(c) Reuters Limited 1997</copyright>
<metadata>
<codes class="bip:countries:1.0">
  <code code="SPAIN">
    <editdetail attribution="Reuters BIP Coding Group" action="confirmed" date="1997-06-16"/>
  </code>
  <code code="UK">
    <editdetail attribution="Reuters BIP Coding Group" action="confirmed" date="1997-06-16"/>
  </code>
</codes>
<codes class="bip:topics:1.0">
  <code code="GCAT">
    <editdetail attribution="Reuters BIP Coding Group" action="confirmed" date="1997-06-16"/>
  </code>
  <code code="GSPO">
    <editdetail attribution="Reuters BIP Coding Group" action="confirmed" date="1997-06-16"/>
  </code>
</codes>
<dc element="dc.date.created" value="1997-06-16"/>
<dc element="dc.publisher" value="Reuters Holdings Plc"/>
<dc element="dc.date.published" value="1997-06-16"/>
<dc element="dc.source" value="Reuters"/>
<dc element="dc.creator.location" value="LONDON"/>
<dc element="dc.creator.location.country.name" value="UK"/>
<dc element="dc.source" value="Reuters"/>
</metadata>
</newsitem>
