<?xml version="1.0" encoding="iso-8859-1" ?>
<newsitem itemid="662852" id="root" date="1997-06-16" xml:lang="en">
<title>BARBADOS: CRICKET-SRI LANKA REPLACE INJURED PAIR.</title>
<headline>CRICKET-SRI LANKA REPLACE INJURED PAIR.</headline>
<dateline>BRIDGETOWN, Barbados 1997-06-16</dateline>
<text>
<p>Injury-hit  Sri Lanka are flying two replacement players to the Caribbean after losing the first test to West Indies inside three days in St John's, Antigua, on Sunday.</p>
<p>All-rounder Ruwan Kalpage and left-handed batsman Naveed Nawaz were expected in Antigua on Monday to join the battered Sri Lankan squad which has been reduced to 12 fit players.</p>
<p>Fast bowler Nuwan Zoysa, who missed the first match of the two-test series with a stress fracture of the lower back, has already returned home and will be joined by middle order batsman Hashan Tillekeratne, who was due to leave St John's on Monday.</p>
<p>Tillekeratne fractured his right forearm after being struck by a delivery from fast bowler Courtney Walsh on the opening day of the test, which West Indies won by six wickets.</p>
<p>He retired hurt on one and after his hand was placed in a cast, did not resume his innings nor bat in the second innings.</p>
<p>Batsman Marvan Atapattu, who was ruled out of the test with a fractured index finger, is staying in the Caribbean but remains doubtful for the second test starting in Kingstown, St Vincent, on Friday.</p>
<p>West Indies will be without Shivnarine Chanderpaul for the final test.</p>
<p>The left-hander, who missed the one-off limited overs international in Port of Spain and the first test, has been ordered to rest after seeing two doctors in Barbados at the weekend about his injured neck.</p>
<p>West Indies Cricket Board secretary Andrew Sealy said Chanderpaul has muscle spasms in the neck and has returned to his home in Guyana.</p>
</text>
<copyright>(c) Reuters Limited 1997</copyright>
<metadata>
<codes class="bip:countries:1.0">
  <code code="ANTA">
    <editdetail attribution="Reuters BIP Coding Group" action="confirmed" date="1997-06-16"/>
  </code>
  <code code="BARB">
    <editdetail attribution="Reuters BIP Coding Group" action="confirmed" date="1997-06-16"/>
  </code>
  <code code="SRILAN">
    <editdetail attribution="Reuters BIP Coding Group" action="confirmed" date="1997-06-16"/>
  </code>
</codes>
<codes class="bip:topics:1.0">
  <code code="GCAT">
    <editdetail attribution="Reuters BIP Coding Group" action="confirmed" date="1997-06-16"/>
  </code>
  <code code="GSPO">
    <editdetail attribution="Reuters BIP Coding Group" action="confirmed" date="1997-06-16"/>
  </code>
</codes>
<dc element="dc.date.created" value="1997-06-16"/>
<dc element="dc.publisher" value="Reuters Holdings Plc"/>
<dc element="dc.date.published" value="1997-06-16"/>
<dc element="dc.source" value="Reuters"/>
<dc element="dc.creator.location" value="BRIDGETOWN, Barbados"/>
<dc element="dc.creator.location.country.name" value="BARBADOS"/>
<dc element="dc.source" value="Reuters"/>
</metadata>
</newsitem>
