<?xml version="1.0" encoding="iso-8859-1" ?>
<newsitem itemid="662880" id="root" date="1997-06-16" xml:lang="en">
<title>LITHUANIA: TURNOVER EBBS, BUT SLIGHT RISE SEEN.</title>
<headline>TURNOVER EBBS, BUT SLIGHT RISE SEEN.</headline>
<dateline>VILNIUS 1997-06-16</dateline>
<text>
<p>* Official list shares ease 0.16 points to 880.31 points.</p>
<p>* Group A shares advance 19.89 points to 1899.82 points.</p>
<p>* Central market turnover slackens to 297,000 litas from</p>
<p>390,000 litas.</p>
<p>* Block trades turnover slips to 100,000 litas from 285,000</p>
<p>litas.</p>
<p>* Brokers expect little change in prices this week but</p>
<p>perhaps a small regaining of ground in turnover.</p>
<p>Turnover on the central market of Lithuania's stock exchange ebbed to 297,000 litas from 390,000 litas Monday, and brokers said they expected little change except a slight increase in turnover.</p>
<p>&quot;I don't expect major changes this week,&quot; said Aurimas Rishka, a broker with Litimpeks.</p>
<p>But dealers said they anticipated turnover to increase simply because volumes and prices are so low now.</p>
<p>Block trades turnover slipped to 100,000 litas from 285,000 litas.</p>
<p>Official list shares eased 0.16 points to 880.31 points, and group A shares advanced 19.89 points to 1899.82 points.</p>
<p>Lithuanian Sea Shipping Company (LISCO) rose to 6.49 litas from 6.42 litas and was the most active on the central market, turning over 69,000 litas.</p>
<p>&quot;I think it will be around 6.45 litas to 6.55 litas this week,&quot; one dealer said.</p>
<p>Baltic Shipyard edged up slightly to 7.96 litas from 7.95 litas amid central market turnover of 55,000 litas.</p>
<p>&quot;They have not been doing so well this year and performed poorly last year, but it's a company with potential in the long run,&quot; said one dealer.</p>
<p>Another company brokers say has long-term potential, despite present short-comings, is Lithuanian Gas, which advanced to 1.70 litas from 1.62 litas, although on a tiny turnover of only 680 litas.</p>
<p>Brokers also said that investors would remain keen on Hermis Bank, which has posted impressive results.</p>
<p>Despite its turnover of only 1,850 litas on the central market, Hermis shares continued their advance, rising to 185.00 litas from 182.00 litas.</p>
<p>&quot;I think it will be around 185.00 litas to 190.00 litas this week,&quot; said one dealer.</p>
<p>-- Burton Frierson, Vilnius newsroom + 370 2 22 35 18</p>
</text>
<copyright>(c) Reuters Limited 1997</copyright>
<metadata>
<codes class="bip:countries:1.0">
  <code code="LITH">
    <editdetail attribution="Reuters BIP Coding Group" action="confirmed" date="1997-06-16"/>
  </code>
</codes>
<codes class="bip:topics:1.0">
  <code code="M11">
    <editdetail attribution="Reuters BIP Coding Group" action="confirmed" date="1997-06-16"/>
  </code>
  <code code="MCAT">
    <editdetail attribution="Reuters BIP Coding Group" action="confirmed" date="1997-06-16"/>
  </code>
</codes>
<dc element="dc.date.created" value="1997-06-16"/>
<dc element="dc.publisher" value="Reuters Holdings Plc"/>
<dc element="dc.date.published" value="1997-06-16"/>
<dc element="dc.source" value="Reuters"/>
<dc element="dc.creator.location" value="VILNIUS"/>
<dc element="dc.creator.location.country.name" value="LITHUANIA"/>
<dc element="dc.source" value="Reuters"/>
</metadata>
</newsitem>
