<?xml version="1.0" encoding="iso-8859-1" ?>
<newsitem itemid="662986" id="root" date="1997-06-16" xml:lang="en">
<title>UK: UK's Henderson expects success in EU border talks.</title>
<headline>UK's Henderson expects success in EU border talks.</headline>
<dateline>LONDON 1997-06-16</dateline>
<text>
<p>Britain will successfully negotiate with its European Union partners to keep control of its borders, Minister for Europe Doug Henderson said on Monday.</p>
<p>&quot;We've indicated that getting control of our own borders is a priority and we are optimistic we will be able to achieve that over the next 24 hours,&quot; he told BBC radio from Amsterdam, where European Union leaders are meeting to ratify a new treaty, taking EU nations forward to a single currency.</p>
<p>On Monday, a stability pact deal was agreed, giving more emphasis to jobs and growth. But EU leaders continued to work through a blanket draft treaty to be written up for agreement on Tuesday.</p>
<p>Among other initiatives, it is expected to lift internal border controls across the continent.</p>
<p>Henderson said both border systems would be involved in the overall treaty. Ireland and Britain had different requirements because they were island nations, he said.</p>
<p>&quot;What we've said is we want to see the British system of frontier control put into the treaty. That means it's a balanced agreement which is what we are seeking.&quot;</p>
<p>But that did not mean Britain would be excluded forever from the rump of a bloc which has dropped common borders.</p>
<p>&quot;If at a later stage, we or the Irish wish to move to the same system or accept some of the system that the other countries have, then we must have the right to do that,&quot; he said.</p>
<p>&quot;We would be hope to tie that up in the text either tonight or tomorrow morning. These are important issues. We think we will be successful,&quot; he said.</p>
<p>-- Mike Peacock, London Newsroom +44 171 542 5109</p>
</text>
<copyright>(c) Reuters Limited 1997</copyright>
<metadata>
<codes class="bip:countries:1.0">
  <code code="EEC">
    <editdetail attribution="Reuters BIP Coding Group" action="confirmed" date="1997-06-16"/>
  </code>
  <code code="UK">
    <editdetail attribution="Reuters BIP Coding Group" action="confirmed" date="1997-06-16"/>
  </code>
</codes>
<codes class="bip:topics:1.0">
  <code code="G15">
    <editdetail attribution="Reuters BIP Coding Group" action="confirmed" date="1997-06-16"/>
  </code>
  <code code="G151">
    <editdetail attribution="Reuters BIP Coding Group" action="confirmed" date="1997-06-16"/>
  </code>
  <code code="GCAT">
    <editdetail attribution="Reuters BIP Coding Group" action="confirmed" date="1997-06-16"/>
  </code>
</codes>
<dc element="dc.date.created" value="1997-06-16"/>
<dc element="dc.publisher" value="Reuters Holdings Plc"/>
<dc element="dc.date.published" value="1997-06-16"/>
<dc element="dc.source" value="Reuters"/>
<dc element="dc.creator.location" value="LONDON"/>
<dc element="dc.creator.location.country.name" value="UK"/>
<dc element="dc.source" value="Reuters"/>
</metadata>
</newsitem>
