<?xml version="1.0" encoding="iso-8859-1" ?>
<newsitem itemid="662910" id="root" date="1997-06-16" xml:lang="en">
<title>LITHUANIA: LITHUANIA-YIELDS EASE ON 91-DAY T-BILLS.</title>
<headline>LITHUANIA-YIELDS EASE ON 91-DAY T-BILLS.</headline>
<dateline>VILNIUS 1997-06-16</dateline>
<text>
<p>Yields fell on 91-day</p>
<p>Lithuanian T-bills at Monday's auction although the 50 million</p>
<p>litas issue was undersubscribed, the country's central bank</p>
<p>said.</p>
<p>MATURITY  AV.YIELD  LAST  MIN/MAX   ISSUE  BID   SOLD</p>
<p>91-days    8.30     8.36  7.60/8.76  50   34.672 28.502</p>
<p>The settlement date is June 19 and the bills mature on</p>
<p>September 18.</p>
<p>The next auction is on Tuesday when 50 million litas of</p>
<p>182-day paper will be offered.</p>
<p>-- Ed Stoddard, Riga newsroom +371 721 52 40</p>
</text>
<copyright>(c) Reuters Limited 1997</copyright>
<metadata>
<codes class="bip:countries:1.0">
  <code code="LITH">
    <editdetail attribution="Reuters BIP Coding Group" action="confirmed" date="1997-06-16"/>
  </code>
</codes>
<codes class="bip:topics:1.0">
  <code code="M13">
    <editdetail attribution="Reuters BIP Coding Group" action="confirmed" date="1997-06-16"/>
  </code>
  <code code="M131">
    <editdetail attribution="Reuters BIP Coding Group" action="confirmed" date="1997-06-16"/>
  </code>
  <code code="MCAT">
    <editdetail attribution="Reuters BIP Coding Group" action="confirmed" date="1997-06-16"/>
  </code>
</codes>
<dc element="dc.date.created" value="1997-06-16"/>
<dc element="dc.publisher" value="Reuters Holdings Plc"/>
<dc element="dc.date.published" value="1997-06-16"/>
<dc element="dc.source" value="Reuters"/>
<dc element="dc.creator.location" value="VILNIUS"/>
<dc element="dc.creator.location.country.name" value="LITHUANIA"/>
<dc element="dc.source" value="Reuters"/>
</metadata>
</newsitem>
