<?xml version="1.0" encoding="iso-8859-1" ?>
<newsitem itemid="662990" id="root" date="1997-06-16" xml:lang="en">
<title>UK: LME copper ends sleepy day touch softer.</title>
<headline>LME copper ends sleepy day touch softer.</headline>
<dateline>LONDON 1997-06-16</dateline>
<text>
<p>LME copper was locked in a narrow range on Monday afternoon, taking a rest after attacking the $2,600 per tonne mark last week.</p>
<p>Third Wednesday pricing during the morning rings failed to spark much excitement and three month copper finished the afternoon kerb little changed at $2,588, down $2 from Friday.</p>
<p>In the morning it briefly looked at the downside, hitting a low of $2,565, but spent the afternoon hovering above $2,680.</p>
<p>The market is still overbought and may have trouble rechallenging last week's $2,609 peak in the near-term, analysts said. The 14-day RSI came down only one point on Monday to around 76 percent.</p>
<p>The cash/threes backwardation narrowed to $85/$95 from $95/$100 at the close of business on Friday.</p>
<p>The physical market has been spotty, with some traders reporting buying on the back of a strike at Inco's Sudbury operations, where 4,670 workers walked off the job at midnight on June 2.</p>
<p>Europe is tight with drawdowns from LME warehouses said to be moving to France.</p>
<p>Another physical trader, however, said business has been slow, with consumers wary of buying at high prices ahead of the summer lull.</p>
<p>Traders agreed that demand in Italy was soft and physical premiums had declined about $10 in recent weeks to about $15/$20.</p>
<p>The other metals followed copper's lead, lazily testing the downside.</p>
<p>Nickel chalked up a loss of $90, ending at $7,250, failing to respond to problems at Inco and Norilsk.</p>
<p>The movement has formed a bearish inside day on the charts, indicating further downside pressure.</p>
<p>Some analysts have questioned the strength of demand in the second half, since some stainless mills may need to lower output.</p>
<p>Aluminium was trapped in a tight $8 range between $1,577 and $1,585, ending right in the middle at $1,582, a loss of $4 from Friday's close.</p>
<p>Relentless stock draws have been shrugged off by the market recently, so Monday's erosion of 3,850 tonnes did nothing to encourage prices.</p>
<p>The market is worried that the metal is not going to end-users, but instead to consignment stocks, and also that idled production is being restarted at U.S. plants.</p>
<p>Every recent rally has been capped by producer selling, traders say.</p>
<p>Lead declined by $8 to $621 and may be heading towards its recent $615 lows, traders said.</p>
<p>Tin shed $20 to $5,560 and zinc ended $1 weaker at $1,373.</p>
<p>Alloy finished the kerb $5 easier indicated at $1,475/80.</p>
<p>--Eric Onstad, London Newsroom +44 171 542-8065</p>
</text>
<copyright>(c) Reuters Limited 1997</copyright>
<metadata>
<codes class="bip:countries:1.0">
  <code code="UK">
    <editdetail attribution="Reuters BIP Coding Group" action="confirmed" date="1997-06-16"/>
  </code>
</codes>
<codes class="bip:topics:1.0">
  <code code="M14">
    <editdetail attribution="Reuters BIP Coding Group" action="confirmed" date="1997-06-16"/>
  </code>
  <code code="M142">
    <editdetail attribution="Reuters BIP Coding Group" action="confirmed" date="1997-06-16"/>
  </code>
  <code code="MCAT">
    <editdetail attribution="Reuters BIP Coding Group" action="confirmed" date="1997-06-16"/>
  </code>
</codes>
<dc element="dc.date.created" value="1997-06-16"/>
<dc element="dc.publisher" value="Reuters Holdings Plc"/>
<dc element="dc.date.published" value="1997-06-16"/>
<dc element="dc.source" value="Reuters"/>
<dc element="dc.creator.location" value="LONDON"/>
<dc element="dc.creator.location.country.name" value="UK"/>
<dc element="dc.source" value="Reuters"/>
</metadata>
</newsitem>
