<?xml version="1.0" encoding="iso-8859-1" ?>
<newsitem itemid="662979" id="root" date="1997-06-16" xml:lang="en">
<title>UK: LIFFE coffee cuts losses by the close.</title>
<headline>LIFFE coffee cuts losses by the close.</headline>
<dateline>LONDON 1997-06-16</dateline>
<text>
<p>Nearby LIFFE coffee futures trimmed some losses to end Monday near their highs after players absorbed the less friendly crop estimates from the U.S. Department of Agriculture (USDA).</p>
<p>Traders said overall, London held pretty well with roaster buying helping nearby contracts to stay well above their session's floor.</p>
<p>Funds were also seen rolling forward their July positions further out into September. Arbitrage buying and selling against New York was also noted in the afternoon.</p>
<p>By the close, September stood $7 down at $1,778 a tonne and well above the day's low at $1,720. Its intraday peak was $1,780.</p>
<p>The USDA said late on Friday that Brazil's 1997/98 coffee crop could hit 28 million 60-kg bags, up from 27.5 million in 1996/97. It put world 1997/98 production at 103.7 million against 100.7 million in 1996/97.</p>
<p>Traders from Brazil to Indonesia have criticised the USDA estimates, which they said differed vastly from their own forecasts.</p>
<p>Volume reached 5,800 lots, inflated by July/Sept switches which changed hands at $27-$30.</p>
<p>U.S. Green Coffee Association is expected to release its May stock numbers after the close of the New York trading. Traders said the data were expected to show an increase of 200,000-300,000 bags.</p>
<p>Earlier on Monday, LIFFE's May certified stock data fell to 881 fiove-tonne lots from 4,858 lots in April.</p>
<p>But traders said data showed no real suprise in view of the new grading terms which come into effect with the July contract onwards.</p>
<p>Elsewhere, Brazil, confirming earlier trade expectation, has told the Association of Coffee Producing Countries that it was likely to exceed the 12 million bag export quota for the year to June 30.</p>
<p>-- Jalil Hamid, London Newsroom +44 171 542 4985</p>
</text>
<copyright>(c) Reuters Limited 1997</copyright>
<metadata>
<codes class="bip:countries:1.0">
  <code code="UK">
    <editdetail attribution="Reuters BIP Coding Group" action="confirmed" date="1997-06-16"/>
  </code>
</codes>
<codes class="bip:topics:1.0">
  <code code="M14">
    <editdetail attribution="Reuters BIP Coding Group" action="confirmed" date="1997-06-16"/>
  </code>
  <code code="M141">
    <editdetail attribution="Reuters BIP Coding Group" action="confirmed" date="1997-06-16"/>
  </code>
  <code code="MCAT">
    <editdetail attribution="Reuters BIP Coding Group" action="confirmed" date="1997-06-16"/>
  </code>
</codes>
<dc element="dc.date.created" value="1997-06-16"/>
<dc element="dc.publisher" value="Reuters Holdings Plc"/>
<dc element="dc.date.published" value="1997-06-16"/>
<dc element="dc.source" value="Reuters"/>
<dc element="dc.creator.location" value="LONDON"/>
<dc element="dc.creator.location.country.name" value="UK"/>
<dc element="dc.source" value="Reuters"/>
</metadata>
</newsitem>
