<?xml version="1.0" encoding="iso-8859-1" ?>
<newsitem itemid="662972" id="root" date="1997-06-16" xml:lang="en">
<title>UK: NWE gas oil eases, pressured by futures,low demand.</title>
<headline>NWE gas oil eases, pressured by futures,low demand.</headline>
<dateline>LONDON 1997-06-16</dateline>
<text>
<p>NWE gas oil softened further on Monday, pressured by weakening benchmark IPE gas oil futures, sloppy supply and poor demand.</p>
<p>July IPE gas oil settled $1.0 lower ar $161.75 a tonne.</p>
<p>The heating oil market was extremely quiet. Premiums for refinery material were quoted at July IPE flat/+50 cents fob AR, while storage material was assessed at July IPE -25 cents/flat.</p>
<p>&quot;It's dead,&quot; said one trader.</p>
<p>Low sulphur diesel barges were in a similar state with premiums talked around the July IPE +$5.50/+$6.50 level.</p>
<p>On the cargo side, EN590 continued to come under pressure. The arbitrage door for Algerian cargoes to the north appeared to have closed but a European Mediterranean player said he would sell to the north if he could not get the premiums he was looking for from local buyers.</p>
<p>There was even talk that U.S. players were considering putting cargoes into northern Europe.</p>
<p>Low sulphur premiums were talked in the region of July IPE +$5.00/+$6.00 cif NWE.</p>
<p>The 0.2 percent market was similarly moribund with Russian material valued at around July IPE flat/+50 cents fob ARA. German DIN was priced at around July IPE +$1.0/+$2.0 cif NWE. -- London Newsroom, +44 171 542 7714.</p>
</text>
<copyright>(c) Reuters Limited 1997</copyright>
<metadata>
<codes class="bip:countries:1.0">
  <code code="UK">
    <editdetail attribution="Reuters BIP Coding Group" action="confirmed" date="1997-06-16"/>
  </code>
</codes>
<codes class="bip:topics:1.0">
  <code code="M14">
    <editdetail attribution="Reuters BIP Coding Group" action="confirmed" date="1997-06-16"/>
  </code>
  <code code="M143">
    <editdetail attribution="Reuters BIP Coding Group" action="confirmed" date="1997-06-16"/>
  </code>
  <code code="MCAT">
    <editdetail attribution="Reuters BIP Coding Group" action="confirmed" date="1997-06-16"/>
  </code>
</codes>
<dc element="dc.date.created" value="1997-06-16"/>
<dc element="dc.publisher" value="Reuters Holdings Plc"/>
<dc element="dc.date.published" value="1997-06-16"/>
<dc element="dc.source" value="Reuters"/>
<dc element="dc.creator.location" value="LONDON"/>
<dc element="dc.creator.location.country.name" value="UK"/>
<dc element="dc.source" value="Reuters"/>
</metadata>
</newsitem>
