<?xml version="1.0" encoding="iso-8859-1" ?>
<newsitem itemid="662928" id="root" date="1997-06-16" xml:lang="en">
<title>LITHUANIA: MEDIENOS PLAUSHAS 5-MO PROFIT 1.675 MLN LITAS.</title>
<headline>MEDIENOS PLAUSHAS 5-MO PROFIT 1.675 MLN LITAS.</headline>
<dateline>VILNIUS 1997-06-16</dateline>
<text>
<p>Lithuanian cardboard producer Medienos Plaushas said Monday that its net profit for the first five months of this year was 1.675 million litas.</p>
<p>The company's general director, Petras Chesna, also told Reuters that the company's net profit for May was 402,000 litas.  </p>
<p>&quot;Last year the profit for the first five months was 1.1 million litas,&quot; Chesna added.</p>
<p>Medienos Plaushas posted an audited net profit of 1.7 million litas in 1996 and 830,000 litas for the first quarter of 1997.</p>
<p>The company said last week that it had agreed with the Bank of New York to convert around 30 percent of its current shares into global depository receipts in July.</p>
<p>Medienos Plaushas is one of three corporates listed on the elite official list of the Vilnius bourse and holds around 40 percent of the corrugated cardboard market in the country.</p>
<p>It is the sole producer of egg containers in the Baltic region.</p>
<p>-- Burton Frierson, Vilnius newsroom + 370 2 22 35 18</p>
</text>
<copyright>(c) Reuters Limited 1997</copyright>
<metadata>
<codes class="bip:countries:1.0">
  <code code="LITH">
    <editdetail attribution="Reuters BIP Coding Group" action="confirmed" date="1997-06-16"/>
  </code>
</codes>
<codes class="bip:industries:1.0">
  <code code="I47200">
    <editdetail attribution="Reuters BIP Coding Group" action="confirmed" date="1997-06-16"/>
  </code>
</codes>
<codes class="bip:topics:1.0">
  <code code="C15">
    <editdetail attribution="Reuters BIP Coding Group" action="confirmed" date="1997-06-16"/>
  </code>
  <code code="C151">
    <editdetail attribution="Reuters BIP Coding Group" action="confirmed" date="1997-06-16"/>
  </code>
  <code code="CCAT">
    <editdetail attribution="Reuters BIP Coding Group" action="confirmed" date="1997-06-16"/>
  </code>
</codes>
<dc element="dc.date.created" value="1997-06-16"/>
<dc element="dc.publisher" value="Reuters Holdings Plc"/>
<dc element="dc.date.published" value="1997-06-16"/>
<dc element="dc.source" value="Reuters"/>
<dc element="dc.creator.location" value="VILNIUS"/>
<dc element="dc.creator.location.country.name" value="LITHUANIA"/>
<dc element="dc.source" value="Reuters"/>
</metadata>
</newsitem>
