<?xml version="1.0" encoding="iso-8859-1" ?>
<newsitem itemid="663098" id="root" date="1997-06-16" xml:lang="en">
<title>ROMANIA: Romania miners' strikes spread to new regions.</title>
<headline>Romania miners' strikes spread to new regions.</headline>
<dateline>BUCHAREST 1997-06-16</dateline>
<text>
<p>Strikes by Romanian miners demanding higher pay and safeguards against government market reforms spread to two new coalfields on Monday, with pit workers blocking the country's main north-south highway.</p>
<p>It was unclear how many miners were on strike. It appeared from media reports to be a minority of the 100,000 employed in the largely loss-making sector throughout the country.</p>
<p>The state news agency Rompres said 3,000 miners in the western Banat coalfield, near the border with Yugoslavia, had stopped work to press demands for tax cuts.</p>
<p>Hundreds more launched a strike in Prahova, dragging trucks and bulldozers across the main highway linking Bucharest and the oil refining centre of Ploiesti. Police re-routed traffic down minor roads.</p>
<p>Striking miners in the Bihor region, near the Hungarian border, were staging marches in several towns.</p>
<p>The most militant miners in western Romania's Jiu Valley walked off the job last week demanding a 45 percent pay rise. They also want the release of trade union boss Miron Cosma, standing trial on charges of undermining the state.</p>
<p>Cosma is alleged to have led a rampage through Bucharest in September 1991 which ultimately toppled the country's first post-communist government.</p>
<p>Miners take home monthly pay of more than $100, compared to average wages of about $80. They also have communist-era privileges like rent, electricity and transport discounts.</p>
<p>Prime Minister Victor Ciorbea and ministers in his centrist coalition government were to meet miners later in the day.</p>
<p>The centrists, who ousted ex-communists in elections last November, are pressing ahead with tough reforms, including the closure of loss-making industries, such as mining.</p>
</text>
<copyright>(c) Reuters Limited 1997</copyright>
<metadata>
<codes class="bip:countries:1.0">
  <code code="ROM">
    <editdetail attribution="Reuters BIP Coding Group" action="confirmed" date="1997-06-16"/>
  </code>
</codes>
<codes class="bip:industries:1.0">
  <code code="I11000">
    <editdetail attribution="Reuters BIP Coding Group" action="confirmed" date="1997-06-16"/>
  </code>
</codes>
<codes class="bip:topics:1.0">
  <code code="C42">
    <editdetail attribution="Reuters BIP Coding Group" action="confirmed" date="1997-06-16"/>
  </code>
  <code code="CCAT">
    <editdetail attribution="Reuters BIP Coding Group" action="confirmed" date="1997-06-16"/>
  </code>
  <code code="E41">
    <editdetail attribution="Reuters BIP Coding Group" action="confirmed" date="1997-06-16"/>
  </code>
  <code code="ECAT">
    <editdetail attribution="Reuters BIP Coding Group" action="confirmed" date="1997-06-16"/>
  </code>
  <code code="GCAT">
    <editdetail attribution="Reuters BIP Coding Group" action="confirmed" date="1997-06-16"/>
  </code>
  <code code="GJOB">
    <editdetail attribution="Reuters BIP Coding Group" action="confirmed" date="1997-06-16"/>
  </code>
</codes>
<dc element="dc.date.created" value="1997-06-16"/>
<dc element="dc.publisher" value="Reuters Holdings Plc"/>
<dc element="dc.date.published" value="1997-06-16"/>
<dc element="dc.source" value="Reuters"/>
<dc element="dc.creator.location" value="BUCHAREST"/>
<dc element="dc.creator.location.country.name" value="ROMANIA"/>
<dc element="dc.source" value="Reuters"/>
</metadata>
</newsitem>
