<?xml version="1.0" encoding="iso-8859-1" ?>
<newsitem itemid="663073" id="root" date="1997-06-16" xml:lang="en">
<title>NIGERIA: Ethnic clashes in Nigerian oil town.</title>
<headline>Ethnic clashes in Nigerian oil town.</headline>
<dateline>LAGOS 1997-06-16</dateline>
<text>
<p>Youths from two rival tribes fought on Sunday in the Nigerian oil town of Warri, burning houses and cars after weeks of a fragile truce, newspapers said on Monday.</p>
<p>They said one person was feared dead in the clash set off by the arrest of a man alleged to have been harassing people in Warri in the midwestern state of Delta.</p>
<p>Order was restored several hours later when security agents intervened, they said.</p>
<p>Warri, where the Nigerian unit of oil giant Royal Dutch Shell Group has its western division operational headquarters, came into spotlight in March when Ijaw and Itsekiri tribesmen fought over the relocation of their local government headquarters.</p>
<p>The army intervened after weeks of mayhem to restore peace and a judicial commission is sitting to establish the cause of the crisis, which took scores of lives and forced Shell to close several oil wells.</p>
<p>A Shell spokesman in Lagos said the company's operations had not been affected by the latest clashes. &quot;Everything is running okay,&quot; he said.</p>
</text>
<copyright>(c) Reuters Limited 1997</copyright>
<metadata>
<codes class="bip:countries:1.0">
  <code code="NIGEA">
    <editdetail attribution="Reuters BIP Coding Group" action="confirmed" date="1997-06-16"/>
  </code>
</codes>
<codes class="bip:topics:1.0">
  <code code="GCAT">
    <editdetail attribution="Reuters BIP Coding Group" action="confirmed" date="1997-06-16"/>
  </code>
  <code code="GVIO">
    <editdetail attribution="Reuters BIP Coding Group" action="confirmed" date="1997-06-16"/>
  </code>
</codes>
<dc element="dc.date.created" value="1997-06-16"/>
<dc element="dc.publisher" value="Reuters Holdings Plc"/>
<dc element="dc.date.published" value="1997-06-16"/>
<dc element="dc.source" value="Reuters"/>
<dc element="dc.creator.location" value="LAGOS"/>
<dc element="dc.creator.location.country.name" value="NIGERIA"/>
<dc element="dc.source" value="Reuters"/>
</metadata>
</newsitem>
