<?xml version="1.0" encoding="iso-8859-1" ?>
<newsitem itemid="663034" id="root" date="1997-06-16" xml:lang="en">
<title>SOMALIA: Somaliland police find 200 skulls in mass graves.</title>
<headline>Somaliland police find 200 skulls in mass graves.</headline>
<dateline>HARGEISA, Somaliland 1997-06-16</dateline>
<text>
<p>Police in the self-declared Republic of Somaliland dug up a series of mass graves containing more than 200 skulls, eyewitnesses said on Monday.</p>
<p>The corpses, bound by the wrist in groups of ten and 15, were believed to have been killed by forces of then president Siad Barre in 1988, police said.</p>
<p>Floods at the Malka Durduro site in Hargeisa's dry river bed unearthed a series of mounds containing the bodies, half a kilometre (mile) from the main gate of the headquarters of the 26th division of the late President Siad Barre's army.</p>
<p>The finding is the first of its kind and confirms rumours that mass graves existed in the Somaliland capital, but the identities of the bodies and their manner of death remain unclear.</p>
<p>Police officers putting the skeletons into white sheeting told Reuters they had uncovered more than 200 heads.</p>
<p>Machinegun cartridges, army uniforms and civilian clothes littered the site and bones protruded from uncovered mounds.</p>
<p>Somaliland, which has just over one million people, proclaimed itself independent from Somalia in 1991 under Mohamed Egal, but has not been recognised by foreign governments.</p>
<p>Barre's warplanes and artillery pounded Hargeisa for three months in 1988 reducing it to rubble and forcing the entire population of 200,000 to flee.</p>
<p>Somalia has had no central government since Barre was ousted in 1991. Famine fuelled by the civil war that followed killed an estimated 300,000 in 1992.</p>
</text>
<copyright>(c) Reuters Limited 1997</copyright>
<metadata>
<codes class="bip:countries:1.0">
  <code code="SOMAL">
    <editdetail attribution="Reuters BIP Coding Group" action="confirmed" date="1997-06-16"/>
  </code>
</codes>
<codes class="bip:topics:1.0">
  <code code="GCAT">
    <editdetail attribution="Reuters BIP Coding Group" action="confirmed" date="1997-06-16"/>
  </code>
  <code code="GCRIM">
    <editdetail attribution="Reuters BIP Coding Group" action="confirmed" date="1997-06-16"/>
  </code>
  <code code="GVIO">
    <editdetail attribution="Reuters BIP Coding Group" action="confirmed" date="1997-06-16"/>
  </code>
</codes>
<dc element="dc.date.created" value="1997-06-16"/>
<dc element="dc.publisher" value="Reuters Holdings Plc"/>
<dc element="dc.date.published" value="1997-06-16"/>
<dc element="dc.source" value="Reuters"/>
<dc element="dc.creator.location" value="HARGEISA, Somaliland"/>
<dc element="dc.creator.location.country.name" value="SOMALIA"/>
<dc element="dc.source" value="Reuters"/>
</metadata>
</newsitem>
