<?xml version="1.0" encoding="iso-8859-1" ?>
<newsitem itemid="663014" id="root" date="1997-06-16" xml:lang="en">
<title>UK: Dirty tankers mainly flat to softer, quiet.</title>
<headline>Dirty tankers mainly flat to softer, quiet.</headline>
<dateline>LONDON 1997-06-16</dateline>
<text>
<p>Dirty tanker rates were mainly flat in quiet Monday trade, but Mideast/Japan very large crude carriers (VLCCs) showed signs of slippage on low enquiry, brokers said.</p>
<p>Mideast/Japan VLCCs eased to W70 from W72.5 last week and from their year high of W75 earlier this month.</p>
<p>A two-tier market in older and newer ships remained in evidence, with the 260,000 tonne, 1977-built Patriotic fixed at W65 to South Korea for Hanwha, while more modern ships achieved at least five points more.</p>
<p>The Mideast/west sector continued moribund, after no fixtures on this route were reported all last week.</p>
<p>The West Africa/U.S. Gulf VLCC market was also quiet, with W67.5/65 still the nominal rate, brokers said.</p>
<p>The 130,000 tonne (Suezmax) sector was steady at W87.5 in the Mediterranean and West Africa/U.S. Gulf.</p>
<p>Brokers said the 80,000 tonne (Aframax) U.K./Cont sector was also a two-tier market, with modern ships from non-Norwegian ports attracting some 10 points more than older vessels.</p>
<p>But one broker said the level of W135 achieved on Friday was &quot;over the top&quot; and W130 was more realistic for a modern ship on Monday, or W115/120 for older tonnage.</p>
<p>Aframaxes in the Med edged up to W125 from W120, with a good supply of cargoes accounting for the firmness. &quot;But I don't think it will go up much more from here. We seem to be at the top of the week, if not the month,&quot; an Italian broker said.</p>
<p>European fuel oil was quiet, with 25,000 tonne cargoes in the north easing to W235 from W240 but flat in the Med at about W200.</p>
<p>Caribs/upcoast rates were slightly softer, with 70,000 tonne crude cargoes around W175 and 50,000 tonne fuel oil stems at W192.5, brokers said. --London newsroom +44 171 542 4088</p>
</text>
<copyright>(c) Reuters Limited 1997</copyright>
<metadata>
<codes class="bip:countries:1.0">
  <code code="UK">
    <editdetail attribution="Reuters BIP Coding Group" action="confirmed" date="1997-06-16"/>
  </code>
</codes>
<codes class="bip:topics:1.0">
  <code code="M14">
    <editdetail attribution="Reuters BIP Coding Group" action="confirmed" date="1997-06-16"/>
  </code>
  <code code="MCAT">
    <editdetail attribution="Reuters BIP Coding Group" action="confirmed" date="1997-06-16"/>
  </code>
</codes>
<dc element="dc.date.created" value="1997-06-16"/>
<dc element="dc.publisher" value="Reuters Holdings Plc"/>
<dc element="dc.date.published" value="1997-06-16"/>
<dc element="dc.source" value="Reuters"/>
<dc element="dc.creator.location" value="LONDON"/>
<dc element="dc.creator.location.country.name" value="UK"/>
<dc element="dc.source" value="Reuters"/>
</metadata>
</newsitem>
