<?xml version="1.0" encoding="iso-8859-1" ?>
<newsitem itemid="663055" id="root" date="1997-06-16" xml:lang="en">
<title>MAURITIUS: Malawi in talks with Gencor on bauxite.</title>
<headline>Malawi in talks with Gencor on bauxite.</headline>
<dateline>GRAND BAIE, Mauritius 1997-06-16</dateline>
<text>
<p>Malawi has been in contact with South Africa's Gencor Ltd on the possible use of a large bauxite deposit for alumina feedstock in Gencor's planned Mozambique aluminium smelter, Malawi's Mines Minister Dumbo Lemani said on Moday.</p>
<p>Lemani told reporters ahead of a sub-Saharan Oil and Minerals conference that the country was seeking backers to develop the bauxite deposit.</p>
<p>Asked if he had been in contact with Gencor -- which plans to erect a 1.2 billion dollar aluminium smelter north of the Mozambican capital Maputo -- Lemani said Malawi and Gencor had been in contact.</p>
<p>&quot;There has been some correspondence with the people who are going to build the aluminium smelter in Mozambique,&quot; Lemani said.</p>
<p>He did not elaborate.</p>
<p>-- Marius Bosch, Mauritius office +230 211955</p>
</text>
<copyright>(c) Reuters Limited 1997</copyright>
<metadata>
<codes class="bip:countries:1.0">
  <code code="MALAW">
    <editdetail attribution="Reuters BIP Coding Group" action="confirmed" date="1997-06-16"/>
  </code>
  <code code="MAURTS">
    <editdetail attribution="Reuters BIP Coding Group" action="confirmed" date="1997-06-16"/>
  </code>
  <code code="MOZAM">
    <editdetail attribution="Reuters BIP Coding Group" action="confirmed" date="1997-06-16"/>
  </code>
  <code code="SAFR">
    <editdetail attribution="Reuters BIP Coding Group" action="confirmed" date="1997-06-16"/>
  </code>
</codes>
<codes class="bip:industries:1.0">
  <code code="I83960">
    <editdetail attribution="Reuters BIP Coding Group" action="confirmed" date="1997-06-16"/>
  </code>
</codes>
<codes class="bip:topics:1.0">
  <code code="C24">
    <editdetail attribution="Reuters BIP Coding Group" action="confirmed" date="1997-06-16"/>
  </code>
  <code code="C33">
    <editdetail attribution="Reuters BIP Coding Group" action="confirmed" date="1997-06-16"/>
  </code>
  <code code="CCAT">
    <editdetail attribution="Reuters BIP Coding Group" action="confirmed" date="1997-06-16"/>
  </code>
</codes>
<dc element="dc.date.created" value="1997-06-16"/>
<dc element="dc.publisher" value="Reuters Holdings Plc"/>
<dc element="dc.date.published" value="1997-06-16"/>
<dc element="dc.source" value="Reuters"/>
<dc element="dc.creator.location" value="GRAND BAIE, Mauritius"/>
<dc element="dc.creator.location.country.name" value="MAURITIUS"/>
<dc element="dc.source" value="Reuters"/>
</metadata>
</newsitem>
