<?xml version="1.0" encoding="iso-8859-1" ?>
<newsitem itemid="663025" id="root" date="1997-06-16" xml:lang="en">
<title>SOUTH KOREA: Baseball-Results of S.Korean pro baseball games.</title>
<headline>Baseball-Results of S.Korean pro baseball games.</headline>
<dateline>SEOUL 1997-06-16</dateline>
<text>
<p>Results of South Korean professional baseball games played on Sunday.</p>
<p>    Hanwha		   3	OB		   2</p>
<p>    Samsung		  4	Hyundai	    3</p>
<p>    Ssangbangwool	  5	LG		   4</p>
<p>    Haitai		   9	Lotte		2</p>
<p>Standings after games played on Sunday: (tabulate under won, drawn, lost, winning percentage, games behind first place)</p>
<p>			  W   D    L     PCT	   GB</p>
<p>    LG		 32   1   19    .625	    -</p>
<p>    Haitai	   31   0   21    .596	1 1/2</p>
<p>    Samsung	  27   3   20    .570	    3</p>
<p>    OB		 29   3   22    .565	    3</p>
<p>    Ssangbangwool  24   0   26    .480	7 1/2</p>
<p>    Hyundai	  20   3   30    .406     11 1/2</p>
<p>    Lotte	    20   0   31    .392	   12</p>
<p>    Hanwha	   18   2   32    .365     13 1/2</p>
</text>
<copyright>(c) Reuters Limited 1997</copyright>
<metadata>
<codes class="bip:countries:1.0">
  <code code="SKOREA">
    <editdetail attribution="Reuters BIP Coding Group" action="confirmed" date="1997-06-16"/>
  </code>
</codes>
<codes class="bip:topics:1.0">
  <code code="GCAT">
    <editdetail attribution="Reuters BIP Coding Group" action="confirmed" date="1997-06-16"/>
  </code>
  <code code="GSPO">
    <editdetail attribution="Reuters BIP Coding Group" action="confirmed" date="1997-06-16"/>
  </code>
</codes>
<dc element="dc.date.created" value="1997-06-16"/>
<dc element="dc.publisher" value="Reuters Holdings Plc"/>
<dc element="dc.date.published" value="1997-06-16"/>
<dc element="dc.source" value="Reuters"/>
<dc element="dc.creator.location" value="SEOUL"/>
<dc element="dc.creator.location.country.name" value="SOUTH KOREA"/>
<dc element="dc.source" value="Reuters"/>
</metadata>
</newsitem>
