<?xml version="1.0" encoding="iso-8859-1" ?>
<newsitem itemid="663059" id="root" date="1997-06-16" xml:lang="en">
<title>ZIMBABWE: Zimbabwean shares notch slightly up on Monday.</title>
<headline>Zimbabwean shares notch slightly up on Monday.</headline>
<dateline>HARARE 1997-06-16</dateline>
<text>
<p>Zimbabwe's industrial index edged a notch higher on Monday but brokers cautioned that activity on the bourse would remain rather muted despite a lower than expected May inflation figure.</p>
<p>Annual inflation fell to 20.7 percent in the year to May from 22.4 percent in April.</p>
<p>&quot;But everyone still thinks inflation will go up next month so there is not likely to be much activity on the stocks,&quot; one broker said, adding investors were likely to maintain a preference for the local money market.</p>
<p>He said he also expected some investor interest to be diverted towards the national dairy, Dairibord, following the government's announcmement last Thursday that it was sellig off 75 percent of its stake in the company to the public.</p>
<p>&quot;So we might not be seeing much activity on the stock market for quiet a while,&quot; the broker said.</p>
<p>The industrial index inched up 2.59 points to close at 10,467.04 on Monday, with gains recorded in food and wine firm Cairns which went up 120 cents to 1,500 while agricultural investors Chemco added 100 cents to 4,600 and Zimbabwe Sugar Refineries put on 50 cents to 1,550.</p>
<p>Construction and plastic investors IHL were also up 50 cents to 2,400, while sugar growers Hippo at 1,600 and financial house Finhold at 550 both climbed up 20 cents.</p>
<p>Mining counters traded largely unchanged and the seven-share mining index also closed unchanged from Friday's position at 954.32.</p>
<p>--Stella Mapenzauswa, Harare Newsroom: +263-4 72 52 27/8/9</p>
</text>
<copyright>(c) Reuters Limited 1997</copyright>
<metadata>
<codes class="bip:countries:1.0">
  <code code="ZIMBAB">
    <editdetail attribution="Reuters BIP Coding Group" action="confirmed" date="1997-06-16"/>
  </code>
</codes>
<codes class="bip:topics:1.0">
  <code code="M11">
    <editdetail attribution="Reuters BIP Coding Group" action="confirmed" date="1997-06-16"/>
  </code>
  <code code="MCAT">
    <editdetail attribution="Reuters BIP Coding Group" action="confirmed" date="1997-06-16"/>
  </code>
</codes>
<dc element="dc.date.created" value="1997-06-16"/>
<dc element="dc.publisher" value="Reuters Holdings Plc"/>
<dc element="dc.date.published" value="1997-06-16"/>
<dc element="dc.source" value="Reuters"/>
<dc element="dc.creator.location" value="HARARE"/>
<dc element="dc.creator.location.country.name" value="ZIMBABWE"/>
<dc element="dc.source" value="Reuters"/>
</metadata>
</newsitem>
