<?xml version="1.0" encoding="iso-8859-1" ?>
<newsitem itemid="663032" id="root" date="1997-06-16" xml:lang="en">
<title>CANADA: Focus on Bombardier ahead of plane order.</title>
<headline>Focus on Bombardier ahead of plane order.</headline>
<dateline>TORONTO 1997-06-16</dateline>
<text>
<p>Analysts were closely watching aerospace manufacturer Bombardier Inc on Monday ahead of an announcement expected by AMR Corp's American Eagle airlines on a US$1 billion-plus plane order.</p>
<p>American Eagle was expected to announce within the next few days an order for about 67 planes, either from Bombardier's Canadair or from Brazil's state-owned Embraer SA, or from both.</p>
<p>Analysts in Canada said there was speculation that an announcement on the order, worth more than US$1 billion, would be made at the Paris air show on Tuesday.</p>
<p>Canadair spokeswoman Catherine Chase told Reuters today that Bombardier was &quot;in discussions,&quot; but she declined to specify with whom, adding that the company had not scheduled a news conference for Tuesday at the Paris air show.</p>
<p>&quot;We are in negotiation and when a customer reaches a decision and is ready to make that public, if we are invovled, (we) will be very happy to do so,&quot; Chase said.</p>
<p>In the competition for the American Eagle order, Bombardier's 50-seat Canadair Regional Jet is competing with Embraer's EMB-145 50-seat twin-engine jet.</p>
<p>Analyst Margaret Cornish-Kehoe, of ScotiaMcLeod, said she was skeptical of speculation that American Eagle might split the order between Canadair and Embraer.</p>
<p>&quot;All of this talk over the last couple of weeks about whether they have it or don't have it is just American Airlines trying to bring pricing pressure on Bombardier,&quot; she said.</p>
<p>Cornish-Kehoe said American Eagle might be concerned whether Bombardier could deliver the jets fast enough, since Bombardier had commitments to deliver other Regional Jets in 1998 for other customers.</p>
<p>&quot;Whatever they choose, they want them in a hurry. Maybe that is the rationale for the split, but I think Bombardier can deliver then quite fast,&quot; she said.</p>
<p>Bombardier class B shares were unchanged at 30.20 on the Toronto Stock Exchange on Monday, after rising 0.30 earlier.</p>
<p>((Reuters Montreal bureau 514-985-2434))</p>
</text>
<copyright>(c) Reuters Limited 1997</copyright>
<metadata>
<codes class="bip:countries:1.0">
  <code code="BRAZ">
    <editdetail attribution="Reuters BIP Coding Group" action="confirmed" date="1997-06-16"/>
  </code>
  <code code="CANA">
    <editdetail attribution="Reuters BIP Coding Group" action="confirmed" date="1997-06-16"/>
  </code>
  <code code="USA">
    <editdetail attribution="Reuters BIP Coding Group" action="confirmed" date="1997-06-16"/>
  </code>
</codes>
<codes class="bip:industries:1.0">
  <code code="I36400">
    <editdetail attribution="Reuters BIP Coding Group" action="confirmed" date="1997-06-16"/>
  </code>
  <code code="I3640010">
    <editdetail attribution="Reuters BIP Coding Group" action="confirmed" date="1997-06-16"/>
  </code>
  <code code="I75000">
    <editdetail attribution="Reuters BIP Coding Group" action="confirmed" date="1997-06-16"/>
  </code>
</codes>
<codes class="bip:topics:1.0">
  <code code="C33">
    <editdetail attribution="Reuters BIP Coding Group" action="confirmed" date="1997-06-16"/>
  </code>
  <code code="CCAT">
    <editdetail attribution="Reuters BIP Coding Group" action="confirmed" date="1997-06-16"/>
  </code>
</codes>
<dc element="dc.date.created" value="1997-06-16"/>
<dc element="dc.publisher" value="Reuters Holdings Plc"/>
<dc element="dc.date.published" value="1997-06-16"/>
<dc element="dc.source" value="Reuters"/>
<dc element="dc.creator.location" value="TORONTO"/>
<dc element="dc.creator.location.country.name" value="CANADA"/>
<dc element="dc.source" value="Reuters"/>
</metadata>
</newsitem>
