<?xml version="1.0" encoding="iso-8859-1" ?>
<newsitem itemid="663046" id="root" date="1997-06-16" xml:lang="en">
<title>ETHIOPIA: OAU urges states to curb population growth.</title>
<headline>OAU urges states to curb population growth.</headline>
<dateline>ADDIS ABABA 1997-06-16</dateline>
<text>
<p>The Organisation of African Unity appealed to member states on Monday to take measures against continental population growth expected to reach 1.6 billion by the year 2025.</p>
<p>&quot;Unless appropriate and timely solutions are identified and implemented, the African continent will find itself teeming with 1.6 billion people who would mostly be underfed, malnourished and diseased,&quot; Vijay Makha, assistant OAU secretary-general, told an African Population Commission conference.</p>
<p>Makha urged states to link measures to improve life expectancy with improved social systems, addressing not only economic growth but food security, health, education and employment.</p>
<p>&quot;As much as population is an asset for a nation, it can easily constitute a negative factor to sustainable development when allowed to grow faster than the economy&quot;, he said.</p>
<p>Africa's economic growth rate stands at around 2.9 percent annually. Current population is around 750 million.</p>
<p>The four-day Commission, organised by the OAU, the Economic Commission for Africa and the African Development Bank, will draw up strategies for population and development in Africa beyond this century, conference organisers said.</p>
</text>
<copyright>(c) Reuters Limited 1997</copyright>
<metadata>
<codes class="bip:countries:1.0">
  <code code="ETHPA">
    <editdetail attribution="Reuters BIP Coding Group" action="confirmed" date="1997-06-16"/>
  </code>
  <code code="OAU">
    <editdetail attribution="Reuters BIP Coding Group" action="confirmed" date="1997-06-16"/>
  </code>
</codes>
<codes class="bip:topics:1.0">
  <code code="GCAT">
    <editdetail attribution="Reuters BIP Coding Group" action="confirmed" date="1997-06-16"/>
  </code>
  <code code="GDIP">
    <editdetail attribution="Reuters BIP Coding Group" action="confirmed" date="1997-06-16"/>
  </code>
</codes>
<dc element="dc.date.created" value="1997-06-16"/>
<dc element="dc.publisher" value="Reuters Holdings Plc"/>
<dc element="dc.date.published" value="1997-06-16"/>
<dc element="dc.source" value="Reuters"/>
<dc element="dc.creator.location" value="ADDIS ABABA"/>
<dc element="dc.creator.location.country.name" value="ETHIOPIA"/>
<dc element="dc.source" value="Reuters"/>
</metadata>
</newsitem>
