<?xml version="1.0" encoding="iso-8859-1" ?>
<newsitem itemid="663017" id="root" date="1997-06-16" xml:lang="en">
<title>UK: UK tanker broker Seascope to seek London listing.</title>
<headline>UK tanker broker Seascope to seek London listing.</headline>
<dateline>LONDON 1997-06-16</dateline>
<text>
<p>UK tanker broker Seascope Shipping Holdings Ltd said Monday it would seek a listing on the London Stock exchange this summer.</p>
<p>Seascope said it had strengthened its board in the run-up to listing by appointing as non-executive directors former deputy chairman of British Petroleum, Sir Peter Cazalet, and former managing director of Peninsular and Oriental Steam Navigation Co, Alexander Marshall.</p>
<p>The London and Aberdeen-based broker said it would use proceeds from the placing to clear debt and release cash for investment in its core sectors.</p>
<p>Seascope was formed 25 years ago and offers specialised broking and support services to the ship owning, shipbuilding and oil industries, the company said.</p>
<p>The issue is being sponsored by Guinness Mahon &amp; Co Ltd and Bell Lawrie White &amp; Co is broker, Seascope said. The pathfinder prospectus will be released on June 25.</p>
<p>The company operates particularly in the tanker chartering markets, including the vessel sale and purchase and new ship ordering sectors plus for the offshore oil industry.</p>
<p>&quot;Seascape is the only company currently operating in the London market which offers a unique combination of integrated services,&quot; it said in a statement.</p>
<p>It added that its clients number 200 and include oil industry majors.</p>
<p>Seascope reported pre-tax profits of 1.78 million pounds sterling on turnover of 6.61 million for the year ended December 31, 1996, it said. -Paul Berrill Reuters Shipping News + 44 171 542 4087. Fax 5107.</p>
</text>
<copyright>(c) Reuters Limited 1997</copyright>
<metadata>
<codes class="bip:countries:1.0">
  <code code="UK">
    <editdetail attribution="Reuters BIP Coding Group" action="confirmed" date="1997-06-16"/>
  </code>
</codes>
<codes class="bip:industries:1.0">
  <code code="I83200">
    <editdetail attribution="Reuters BIP Coding Group" action="confirmed" date="1997-06-16"/>
  </code>
</codes>
<codes class="bip:topics:1.0">
  <code code="C14">
    <editdetail attribution="Reuters BIP Coding Group" action="confirmed" date="1997-06-16"/>
  </code>
  <code code="C17">
    <editdetail attribution="Reuters BIP Coding Group" action="confirmed" date="1997-06-16"/>
  </code>
  <code code="C171">
    <editdetail attribution="Reuters BIP Coding Group" action="confirmed" date="1997-06-16"/>
  </code>
  <code code="C41">
    <editdetail attribution="Reuters BIP Coding Group" action="confirmed" date="1997-06-16"/>
  </code>
  <code code="C411">
    <editdetail attribution="Reuters BIP Coding Group" action="confirmed" date="1997-06-16"/>
  </code>
  <code code="CCAT">
    <editdetail attribution="Reuters BIP Coding Group" action="confirmed" date="1997-06-16"/>
  </code>
</codes>
<dc element="dc.date.created" value="1997-06-16"/>
<dc element="dc.publisher" value="Reuters Holdings Plc"/>
<dc element="dc.date.published" value="1997-06-16"/>
<dc element="dc.source" value="Reuters"/>
<dc element="dc.creator.location" value="LONDON"/>
<dc element="dc.creator.location.country.name" value="UK"/>
<dc element="dc.source" value="Reuters"/>
</metadata>
</newsitem>
