<?xml version="1.0" encoding="iso-8859-1" ?>
<newsitem itemid="663081" id="root" date="1997-06-16" xml:lang="en">
<title>RUSSIA: Yeltsin keeps up pressure on Russian parliament.</title>
<headline>Yeltsin keeps up pressure on Russian parliament.</headline>
<byline>Gareth Jones</byline>
<dateline>MOSCOW 1997-06-16</dateline>
<text>
<p>Russian President Boris Yeltsin urged the opposition-dominated parliament on Monday to approve a more liberal tax code and big cuts in social spending, but a top communist shot back that &quot;hot months&quot; are ahead.</p>
<p>Yeltsin, who later this week heads for a summit of the Group of Seven leading industrialised nations in the United States, met both his first deputy prime ministers, Anatoly Chubais and Boris Nemtsov, to discuss various social and economic issues.</p>
<p>&quot;Important decisions are expected this week from the State Duma (lower house of parliament) on a package of social measures and on the tax code,&quot; Yeltsin's press service said in a statement after the meeting.</p>
<p>The measures are due for debate on Tuesday and Thursday respectively.</p>
<p>&quot;The president is closely following the deputies' examination of these issues,&quot; it said in remarks clearly aimed at keeping up the pressure on the communist-dominated Duma before it breaks for its summer recess on June 24.</p>
<p>The social package includes a clampdown on housing, transport and other benefits paid out to millions of pensioners, war veterans and other politically sensitive groups.</p>
<p>The new tax code, which already forms the basis of the government's 1998 budget plans, aims to simplify the country's notoriously cumbersome and convoluted fiscal system.</p>
<p>The government suffered a setback on Monday, however, when the Duma's budget committee issued a non-binding recommendation to the chamber rejecting the tax code in favour of more piecemeal legislation to address the most pressing problems.</p>
<p>The communist speaker of the Duma, Gennady Seleznyov, said the liberal team now in charge of economic policy could fan social tensions in Russia.</p>
<p>&quot;Everything depends on the government. July, August -- these have to be hot months for the government, from the point of view of solving urgent problems that cannot wait until the autumn,&quot; Interfax news agency quoted Seleznyov as saying.</p>
<p>He also accused Chubais, a hate figure for the communists, of &quot;lying&quot; when he suggested that Russia could soon enter a period of economic stability.</p>
<p>Another item on the Duma's agenda this week is the government's plan to slash a fifth of budgeted spending in 1997, a total of 108 trillion roubles ($18.8 billion), to offset a big shortfall in tax revenues.</p>
<p>The Duma is angry about the cuts, saying they will hurt the poorest Russians during a continuing economic slump. But it wants to avoid a head-on clash with the government for fear of provoking Yeltsin into calling early parliamentary elections.</p>
<p>Last week parliament and the government set up a special commission to look in detail at where the cuts might fall. It has until Wednesday to draw up its recommendations.</p>
<p>A parliamentary source told Reuters that no concrete decisions had yet been made, but the commission was unlikely to approve cuts of more than 70 trillion roubles.</p>
<p>Chubais, who is also finance minister, has said that force of circumstance means the government will go ahead with the planned cuts regardless of parliament's decision, but he would prefer to win the Duma's backing.</p>
<p>The Kremlin has been using fear of an early Duma dissolution to cajole deputies into toeing the line, though the government is also known to be less than keen on early parliamentary elections.</p>
<p>&quot;We are absolutely unwilling to dissolve them but if there is open sabotage, and open challenges, then we will have to think hard,&quot; one Kremlin official told Reuters.</p>
<p>Yeltsin's spokesman, Sergei Yastrzhembsky, told Itar-Tass news agency such talk was &quot;idle chatter&quot;. He also denied reports Yeltsin had met Communist leader Gennady Zyuganov.</p>
<p>Aside from economic policy, Yeltsin and his parliamentary foes have clashed in recent days over such diverse issues as the return of art seized from Nazi Germany in World War Two and the possible burial of Lenin's mummified body.</p>
</text>
<copyright>(c) Reuters Limited 1997</copyright>
<metadata>
<codes class="bip:countries:1.0">
  <code code="RUSS">
    <editdetail attribution="Reuters BIP Coding Group" action="confirmed" date="1997-06-16"/>
  </code>
</codes>
<codes class="bip:topics:1.0">
  <code code="E21">
    <editdetail attribution="Reuters BIP Coding Group" action="confirmed" date="1997-06-16"/>
  </code>
  <code code="E211">
    <editdetail attribution="Reuters BIP Coding Group" action="confirmed" date="1997-06-16"/>
  </code>
  <code code="ECAT">
    <editdetail attribution="Reuters BIP Coding Group" action="confirmed" date="1997-06-16"/>
  </code>
  <code code="GCAT">
    <editdetail attribution="Reuters BIP Coding Group" action="confirmed" date="1997-06-16"/>
  </code>
  <code code="GPOL">
    <editdetail attribution="Reuters BIP Coding Group" action="confirmed" date="1997-06-16"/>
  </code>
</codes>
<dc element="dc.date.created" value="1997-06-16"/>
<dc element="dc.publisher" value="Reuters Holdings Plc"/>
<dc element="dc.date.published" value="1997-06-16"/>
<dc element="dc.source" value="Reuters"/>
<dc element="dc.creator.location" value="MOSCOW"/>
<dc element="dc.creator.location.country.name" value="RUSSIA"/>
<dc element="dc.source" value="Reuters"/>
</metadata>
</newsitem>
