<?xml version="1.0" encoding="iso-8859-1" ?>
<newsitem itemid="663006" id="root" date="1997-06-16" xml:lang="en">
<title>UK: Tanker broke up off Japan due to corrosion - Jiji.</title>
<headline>Tanker broke up off Japan due to corrosion - Jiji.</headline>
<dateline>LONDON 1997-06-16</dateline>
<text>
<p>Heavy corrosion has been cited as the reason for the loss of a Russian tanker off the coast of Japan in January, according to the Jiji Press agency.</p>
<p>Jiji Press reported Monday that a Japanese Transport Ministry investigation panel has found that the 20,471dwt Nakhodka broke up off Shimane Prefecture because its frame was unable to withstand the pounding of waves of between eight and 15 metres.</p>
<p>According to sources at the Ministry, tests have shown that the 27 year old ship's deck and hull were so corroded they were 20 percent to 30 percent thinner than designed.</p>
<p>Investigators were also said to have discovered oil was loaded in tanks too close to the bow which accelerated buckling of the deck section.</p>
<p>The full findings are expected to be presented at a meeting between the Japanese ministry and the Russian government in Moscow on July 14. - Reuters Shipping News + 44 171 542 4087. Fax 5107.</p>
</text>
<copyright>(c) Reuters Limited 1997</copyright>
<metadata>
<codes class="bip:countries:1.0">
  <code code="JAP">
    <editdetail attribution="Reuters BIP Coding Group" action="confirmed" date="1997-06-16"/>
  </code>
  <code code="RUSS">
    <editdetail attribution="Reuters BIP Coding Group" action="confirmed" date="1997-06-16"/>
  </code>
</codes>
<codes class="bip:industries:1.0">
  <code code="I74000">
    <editdetail attribution="Reuters BIP Coding Group" action="confirmed" date="1997-06-16"/>
  </code>
</codes>
<codes class="bip:topics:1.0">
  <code code="C13">
    <editdetail attribution="Reuters BIP Coding Group" action="confirmed" date="1997-06-16"/>
  </code>
  <code code="C24">
    <editdetail attribution="Reuters BIP Coding Group" action="confirmed" date="1997-06-16"/>
  </code>
  <code code="CCAT">
    <editdetail attribution="Reuters BIP Coding Group" action="confirmed" date="1997-06-16"/>
  </code>
  <code code="GCAT">
    <editdetail attribution="Reuters BIP Coding Group" action="confirmed" date="1997-06-16"/>
  </code>
  <code code="GDIS">
    <editdetail attribution="Reuters BIP Coding Group" action="confirmed" date="1997-06-16"/>
  </code>
</codes>
<dc element="dc.date.created" value="1997-06-16"/>
<dc element="dc.publisher" value="Reuters Holdings Plc"/>
<dc element="dc.date.published" value="1997-06-16"/>
<dc element="dc.source" value="Reuters"/>
<dc element="dc.creator.location" value="LONDON"/>
<dc element="dc.creator.location.country.name" value="UK"/>
<dc element="dc.source" value="Reuters"/>
</metadata>
</newsitem>
