<?xml version="1.0" encoding="iso-8859-1" ?>
<newsitem itemid="663054" id="root" date="1997-06-16" xml:lang="en">
<title>SIERRA LEONE: Sierra Leone coup leaders will accept peacekeepers.</title>
<headline>Sierra Leone coup leaders will accept peacekeepers.</headline>
<dateline>FREETOWN 1997-06-16</dateline>
<text>
<p>Sierra Leone's coup leaders will accept deployment of U.N. and West African peacekeepers as part of a settlement to the crisis in the country, a senior military source said on Monday.</p>
<p>The source, a member of the Armed Forces Ruling Council (AFRC) running the West African nation since the May 25 coup, said they had had regular meetings with parliamentarians who put forward a 10-point plan and were close to agreement.  </p>
<p>&quot;We are willing to allow the stationing of U.N. and ECOMOG peace forces in Sierra Leone to monitor the peace accord (when one is agreed) and to disarm combatants and ensure stability,&quot; he said.</p>
<p>&quot;We are discussing with the former parliamentarians about revoking the decree issued by the AFRC which banned the constitution,&quot; he added, hinting at a possible deal on restoration of political activity.</p>
<p>The source said that junior officers who staged the coup had misgivings about some elements of the potential deal with the parliamentarians and that senior military officers were trying to persuade them to accept it.</p>
<p>The junior officers toppled elected civilian president Ahmad Tejan Kabbah on May 25. They have accused him of humiliating the army, inciting tribalism and blocking peace with rebels, who took up arms in 1991, rallied to the coup and have flooded into the capital.</p>
</text>
<copyright>(c) Reuters Limited 1997</copyright>
<metadata>
<codes class="bip:countries:1.0">
  <code code="SILEN">
    <editdetail attribution="Reuters BIP Coding Group" action="confirmed" date="1997-06-16"/>
  </code>
  <code code="UN">
    <editdetail attribution="Reuters BIP Coding Group" action="confirmed" date="1997-06-16"/>
  </code>
</codes>
<codes class="bip:topics:1.0">
  <code code="GCAT">
    <editdetail attribution="Reuters BIP Coding Group" action="confirmed" date="1997-06-16"/>
  </code>
  <code code="GVIO">
    <editdetail attribution="Reuters BIP Coding Group" action="confirmed" date="1997-06-16"/>
  </code>
</codes>
<dc element="dc.date.created" value="1997-06-16"/>
<dc element="dc.publisher" value="Reuters Holdings Plc"/>
<dc element="dc.date.published" value="1997-06-16"/>
<dc element="dc.source" value="Reuters"/>
<dc element="dc.creator.location" value="FREETOWN"/>
<dc element="dc.creator.location.country.name" value="SIERRA LEONE"/>
<dc element="dc.source" value="Reuters"/>
</metadata>
</newsitem>
