<?xml version="1.0" encoding="iso-8859-1" ?>
<newsitem itemid="803996" id="root" date="1997-08-16" xml:lang="en">
<title>MONACO: ATHLETICS-MONACO GRAND PRIX RESULTS.</title>
<headline>ATHLETICS-MONACO GRAND PRIX RESULTS.</headline>
<text>
<p>MONACO, 16 Aug, Reuter - Results from the Monaco Grand Prix</p>
<p>athletics meeting on Saturday:</p>
<p>Women's 400 metres hurdles</p>
<p> 1. Kim Batten (U.S.)		53.06 seconds</p>
<p> 2. Deon Hemmings (Jamaica)	53.22</p>
<p> 3. Tatyana Tereshcuk (Ukraine)  53.64</p>
<p> 4. Debbie-Anne Parris (Jamaica) 55.06</p>
<p> 5. Gudrun Arnardottir (Iceland) 55.22 </p>
<p> 6. Andrea Blackett (Barbados)   55.23</p>
<p> 7. Anna Knoroz (Russia)	   55.24</p>
<p> 8. Susan Smith (Ireland)	  55.26</p>
<p>Men's 400 metres hurdles</p>
<p> 1. Bryan Bronson (U.S.)	   47.64</p>
<p> 2. Stephane Diagana (France)    47.77</p>
<p> 3. Fabrizio Mauri (Italy)	 47.79</p>
<p> 4. Samuel Matete (Zambia)	 47.84</p>
<p> 5. Rusian Mastchenko (Russia)   48.51</p>
<p> 6.Disndale Morgan (Jamaica)     48.53</p>
<p> 7.Derrick Adkins (U.S.)	   48.92</p>
<p> 8.Jiri Musik (Czech Republic)   51.27</p>
<p>Women's javelin</p>
<p> 1. Oksana Ovshinnkova (Russia) 68.38 metres</p>
<p> 2. Trine Hattestad (Norway)    67.64</p>
<p> 3. Mikaela Ingberg (Finland)   66.56</p>
<p> 4. Tanja Damaske (Germany)     64.80</p>
<p> 5. Heli Rantanen (Finland)     64.54</p>
<p> 6. Steffi Nerius (Germany)     63.96</p>
<p> 7. Karen Forkel (Germany)	63.06</p>
<p> 8. Rita Ramanauskate (Lithuania)  62.94</p>
<p> 9. Sonia Bisset (Cuba)	   61.84</p>
<p> 10. Silke Renk (Germany)	 61.28</p>
<p> 11. Felicia Tilea (Romania)    58.80    </p>
<p>Women's 400 metres</p>
<p> 1. Falilat Ogunkoya (Nigeria)   49.48 seconds</p>
<p> 2. Sandie Richards (Jamaica)    49.80</p>
<p> 3. Jearl Miles-Clark (U.S.)     49.90 </p>
<p> 4. Grit Breuer (Germany)	  49.98</p>
<p> 5. Dlabisi Afolabi (Nigeria)    50.58</p>
<p> 6. Helena Fuchsova (Czech Republic) 50.66 </p>
<p> 7. Christy Opara (Nigeria)     51.41</p>
<p> 8. Fatima Yusuf (Nigeria)	52.26    </p>
<p>Men's 800 metres</p>
<p>1. Wilson Kipketer (Denmark)    1:42.77</p>
<p>2. Patrick Konchela (Kenya)     1:44.27</p>
<p>3. Hezekiel Sepeng (South Africa) 1:44.41 </p>
<p>4. Patrick Ndururi (Kenya)	1:44.41 </p>
<p>5. Rich Kenah (U.S.)		1:44.42</p>
<p>6. Frederic Onyancha (Kenya)    1:45.29</p>
<p>7. Vebjorn Rodal (Norway))	1:45.43</p>
<p>8. David Kiptoo (Kenya)	   1:45.57</p>
<p>9. Andrea Longo (Italy)	   1:46.26</p>
<p>Women's triple jump</p>
<p>1. Rodica Mattescu (Romania)	   14.69 metres</p>
<p>2. Sarka Kasparkova (Czech Republic) 14.57</p>
<p>3. Yelena Gorova (Ukraine)	     14.37</p>
<p>4. Yelena Donkina (Russia)	     14.35</p>
<p>5. Teresa Marinova (Bulgaria)	  14.02 </p>
<p>6. Gundega Sproge (Latvia)	     13.98 </p>
<p>7. Natalya Kayukova (Russia)	   13.93 </p>
<p>8. Cynthia Rhodes (U.S.)		 13.58 </p>
<p>9. Ludmilla Ninova (Austria)	   13.11 </p>
<p>10. Betty Lise (France)		  13.04 </p>
<p>Women's 3,000  metres:</p>
<p>1. Roberta Brunet (Italy)    8 minutes 35.65 seconds</p>
<p>2. Sally Barsosio (Kenya)    8:35.89</p>
<p>3. Lydia Cheromei (Kenya)    8:37.92</p>
<p>4. Birhame Adere (Ethiopia)  8:4O.14</p>
<p>5. Marina Bastos (Portugal)  8:45.7O</p>
<p>6. Silvia Sommagio (Italy)   8:53.24</p>
<p>7. Marina Denboba (Ethiopia) 8:56.44</p>
<p>8. Florence Barsosio (Kenya) 8:56.44</p>
<p>9. Zohra Ouaziz (Morocco)    8:56.91</p>
<p>Women's 100 metres hurdles</p>
<p>1. Ludmilla Engquist (Sweden)  12.59 seconds</p>
<p>2. Michelle Freeman (Jamaica)  12.62</p>
<p>3. Svetla Dimitrova (Bulgaria) 12.77</p>
<p>4. Gillian Russell (Jamaica)   12.81</p>
<p>5. Patricia Girard (France)    13.1O</p>
<p>6. Yulia Graudyn (Russia)	13.11</p>
<p>7. Brigita Bukovec (Slovenia)  13.16</p>
<p>8. Melissa Morrison (U.S.)     13.29</p>
<p>Women's 800 metres</p>
<p>1. Maria Mutola (Mozambique)	    1:56.79</p>
<p>2. Anna Fidelia Quirot (Cuba)	   1:56.90</p>
<p>3. Yelena Afanasyeva (Russia)	   1:57.04</p>
<p>4. Laetitia Vriesde (Surinam)	   1:57.86</p>
<p>5. Joetta Clark (U.S)		     1:58.48</p>
<p>6. Ludmila Formanova (Czech Republic) 1:58.88</p>
<p>7. Lyubov Gurina (Russia)		 1:59.59</p>
<p>8. Toni Hodgkinson (New Zealand)	2:OO.18</p>
<p>9. Stella Jongnans (Netherlands)	2:OO.19</p>
<p>1O. Luciana Mendes (Brazil)	     2:O1.44</p>
<p>Men's 100 metres</p>
<p>1. Tim Montgomery (U.S.)	  9.99 seconds</p>
<p>2. Dennis Mitchell (U.S.)	 1O.O5</p>
<p>3. Maurice greene (U.S.)	  1O.O6</p>
<p>4. Davidson Ezinwa (Nigeria)    1O.12</p>
<p>5. Kareem Steete-Johnson (U.S.) 1O.17</p>
<p>6. Leroy Burrell (U.S)	    1O.25</p>
<p>7. Stephane Cali (France)	 1O.34</p>
<p>8. Ivan Garcia (Cuba)	     1O.52</p>
<p>Men's 1,500 metres</p>
<p> 1.Daniel Komen (Kenya)     3:29.47</p>
<p> 2.Venuste Niyongabo (Burundi)  3:30.47</p>
<p> 3.William Tanui (Kenya)    3:3O.58</p>
<p> 4.Fermin Cacho (Spain)     3:31.64</p>
<p> 5.John Kibowen (Kenya)     3:31.94</p>
<p> 6.Anthony Witeman (Britain) 3:32.34</p>
<p> 7.Steve Holman (U.S.)	 3:32.56</p>
<p> 8.Ali Hakimi (Tunisia)	3:32.71</p>
<p> 9.Noah Ngeny (Kenya	   3:32.91</p>
<p> 1O.Laban Rotich (kenya)     3:33.36</p>
<p> 11.Reyes Esteves (Spain)    3:33.73</p>
<p> 12.Nouredine Morcelli (Algeria)  3:33.98</p>
<p> 13.Nadir Bosch (France)    3:34.1O</p>
<p> 14.Robert K.Andersen (Denmark) 3:34.OO</p>
<p> 15.Abdelkader Chekhemani (France) 3:34.43</p>
<p>Women's 200 metres</p>
<p>  1.Marion Jones (U.S.)   21.92 secs</p>
<p>  2.Merlene Ottey (Jamaica)  22.O6</p>
<p>  3.Melinda Gainsfoird-Taylor (Australia) 22.36</p>
<p>  4.Inger Miller (U.S.)  22.4O</p>
<p>  5.Zhanna Pintusevitch (Ukraine)  22.59</p>
<p>  6.Juliet Cuthbert (Jamaica) 22.8O</p>
<p>Men's javelin</p>
<p>  1.Sergey Makarov (Russia) 86.22 metres</p>
<p>  2.Boris Henry (Germany)   85.96</p>
<p>  3.Patrick Oden (Sweden)   85.74</p>
<p>  4.Raymond Hecht (Germany) 85.22</p>
<p>  5.Jan Zelezny (Czech Republic) 84.94</p>
<p>  6.Mike Hill (Britain)     84.82</p>
<p>  7.Steve Backley (Britain) 84.48</p>
<p>  8.Andreas Linden (Germany) 83.56</p>
<p>  9.Peter Blank (Germany) 81.16</p>
<p>Men's 3,000 metres</p>
<p>1.Paul Bitok (Kenya) 7:30.23</p>
<p>2.Thomas Nyariki (Kenya) 7:30.94</p>
<p>3.William Kalya (Kenya) 7:31.94</p>
<p>4.Bob Kennedy (U.S.)  7:33.O7</p>
<p>5.Paul Koech (Kenya)  7:33.79</p>
<p>6.Wilson Boit Kipketer  (Kenya) 7:34.6O</p>
<p>7.Martin Keino (Kenya) 7:35.97</p>
<p>8.Fita Bayissa (Ethiopia) 7:42.35</p>
<p>9.Julius Kiptoo(Kenya) 7:42.44</p>
<p>10.Worku Bikila (Ethiopia) 7:42.57</p>
<p>11.Manuel Pancorbo (Spain) 7:42.85</p>
<p>12.Mustapha Essaid (France) 7:42.95</p>
<p>13.El Hassan Lahssini (Mauritius) 7:43.24</p>
<p>Women's high jump</p>
<p>  1.Inga Babakova (Ukraine) 1.98 metres</p>
<p>  2.Anny Acuff (U.S.)	 1.98</p>
<p>  3.Hanne Haugland (Norway) 1.96</p>
<p>  4.Alina Astafei (Germany) 1.91</p>
<p>  5.Olga Kaliturina (Russia) 1.91</p>
<p>  6.Monica Iagar (Romania)   1.91</p>
<p>  7.Britta Bilac (Slovakia) 1.88</p>
<p>  8.Heike Balk (Germany)    1.88</p>
<p>  9.Yuliya Lyakhova (Russia) 1.88</p>
<p> 1O.Viktoria Fyodorova (Russia) 1.88</p>
<p>Men's 110 metres hurdles</p>
<p> 1.Allen Johnson (U.S.) 13.18 secs</p>
<p> 2.Mark Crear (U.S.)    13.23</p>
<p> 3.Jack Pearce (U.S.)   13.23</p>
<p> 4.Terry Reese (U.S.)   13.24.</p>
<p> 5.Tony Jarrett (Britain) 13.27.</p>
<p> 6.Florian Schwarthoff (Germany) 13.4O.</p>
<p> 7.Igor Kovac (Slovakia) 13.59.</p>
<p> 8.Vincent Clarico (France) 13.65.</p>
<p>Women's 1,500 metres:</p>
<p> 1.Carla Sacramento (Portugal) 4:01.86</p>
<p> 2.Jackline Maranga (Kenya)    4:02.35.</p>
<p> 3.Hassiba Boulmerka (Algeria) 4:02.62.</p>
<p> 4.Suzy Hamilton (U.S.)	  4:03.56.</p>
<p> 5.Olga Nelyubova (Russia)     4:03.94.</p>
<p> 6.Mayte Zuniga (Spain)	  4:04.34.</p>
<p> 7.Theresia Kiesl (Austria)    4:05.95.</p>
<p> 8.Leah Pells (Canada)	   4:06.90.</p>
<p> 9.Kutre Dulecha (Ethiopia)    4:08.50.</p>
<p> 1O.Naomi Mugo (Kenya)	   4:10.86.</p>
<p> 11.Lyudmila Borisova (Russia) 4:11.15.</p>
<p> 12.Malgorzata Rydz (Poland)   4:11.49.</p>
<p> 13.Frederique Quentin (France) 4:11.96.</p>
<p> 14.Sylvia Kuhnenund (Ger)...Dnf. 15.Irina Samorokova(Rus)Dnf.</p>
<p>Pole Vault:</p>
<p> 1.Maksim Tarasov (Russia)    5.90 metres</p>
<p> 2.Jean Galfione (France)     5.80.</p>
<p> 3.Lawrence Johnson (U.S.)    5.80</p>
<p> 4.Viktor Chistyakov (Russia) 5.70.</p>
<p> 5.Dimitry Markov (Belarus)   5.70.</p>
<p> 6.Igor Potapovitch (Kazakhstan) 5.70.</p>
<p> 7.Kory Tarpenning (U.S.)     5.60.</p>
<p> 8.Piotr Bochkaryov (Russia)  5.50.</p>
<p> 9.Tim Lobinger (Germany)     5.50.</p>
<p> 10.Alain Andji (France)	5.50.</p>
<p> 11.Igor Trandenkov (Russia)  5.50.</p>
<p>Men's 2OO Metres:</p>
<p> 1.Frankie Fredricks (Namibia) 19.93 secs</p>
<p> 2.Ato Boldon (Trinidad)	 20.11.</p>
<p> 3.Tyree Washington (U.S.)     20.34.</p>
<p> 4.Obadele Thompson (Barbados) 20.45.</p>
<p> 5.Kevin Little (U.S.)	   20.51.</p>
<p> 6.Roshaan Griffin (U.S.)	20.53.</p>
<p> 7.Patrick Stevens (Belgium)   20.58.</p>
<p> 8.Claudinei Da Silva (Brazil) 20.78.</p>
<p>3,000 Steeplechase:</p>
<p> 1.Moses Kiptanui (Kenya)   8:02.85</p>
<p> 2.Bernard Barmasai(Kenya)  8:02.94.</p>
<p> 3.John Kosgei (Kenya)	8:03.89.</p>
<p> 4.Eliud Barngetuny (Kenya) 8:05.84.</p>
<p> 5.Patrick Sang (Kenya)     8:06.25.</p>
<p> 6.Saad Al Asmari (Saudi Arabia) 8:13.00.</p>
<p> 7.Mark Croghan (U.S.)	8:13.19.</p>
<p> 8.Christopher Koskei (Kenya) 8:15.97.</p>
<p> 9.Matthew Birir (Kenya)    8:17.81.</p>
<p> 1O.Angelo Carosi (Italy)   8:18.61.</p>
<p> 11.Joseph Keter (Kenya)    8:25.01.</p>
<p> 12.Paul Kosgei (Kenya)     8:26.45.</p>
<p> 13.Stephane Desaulty (France) 8:51.97.</p>
<p>Men's long jump:</p>
<p> 1.Ivan Peroso (Cuba)	 8:50.</p>
<p> 2.James Beckford (Jamaica) 8:35.</p>
<p> 3.Erik Walder (U.S.)	 8:24.</p>
<p> 4.Roland McGhee (U.S.)     8:18.</p>
<p> 5.Kiril Sosunov (Russia)   8:12.</p>
<p> 6.Carlos Calado (Portugal) 7:95.</p>
<p> 7.Sean Robbins (U.S.)	7:92.</p>
<p> 8.Kader Klouchi (France)   7:89.</p>
<p> 9.Alexandre Glovatsky (Russia) 7:78.</p>
<p>1O.Cheikh Toure (Senegal)  7:72.</p>
<p>11.Emmanuel Bangue (France)7:68.</p>
<p>12.Gregor Cankar (Slovakia)7:48.</p>
</text>
<copyright>(c) Reuters Limited 1997</copyright>
<metadata>
<codes class="bip:countries:1.0">
  <code code="MONAC">
    <editdetail attribution="Reuters BIP Coding Group" action="confirmed" date="1997-08-16"/>
  </code>
</codes>
<codes class="bip:topics:1.0">
  <code code="GCAT">
    <editdetail attribution="Reuters BIP Coding Group" action="confirmed" date="1997-08-16"/>
  </code>
  <code code="GSPO">
    <editdetail attribution="Reuters BIP Coding Group" action="confirmed" date="1997-08-16"/>
  </code>
</codes>
<dc element="dc.publisher" value="Reuters Holdings Plc"/>
<dc element="dc.date.published" value="1997-08-16"/>
<dc element="dc.source" value="Reuters"/>
<dc element="dc.creator.location.country.name" value="MONACO"/>
<dc element="dc.source" value="Reuters"/>
</metadata>
</newsitem>
