<?xml version="1.0" encoding="iso-8859-1" ?>
<newsitem itemid="803997" id="root" date="1997-08-16" xml:lang="en">
<title>FRANCE: BOXING-DOMINGUEZ RETAINS WINS WBC CRUISERWEIGHT TITLE.</title>
<headline>BOXING-DOMINGUEZ RETAINS WINS WBC CRUISERWEIGHT TITLE.</headline>
<dateline>LE CANNET, France 1997-08-16</dateline>
<text>
<p>Marcelo Dominguez of Argentina retained his World Boxing Council cruiserweight title when he outpointed Akim Tafer of France on Saturday.</p>
</text>
<copyright>(c) Reuters Limited 1997</copyright>
<metadata>
<codes class="bip:countries:1.0">
  <code code="ARG">
    <editdetail attribution="Reuters BIP Coding Group" action="confirmed" date="1997-08-16"/>
  </code>
  <code code="FRA">
    <editdetail attribution="Reuters BIP Coding Group" action="confirmed" date="1997-08-16"/>
  </code>
</codes>
<codes class="bip:topics:1.0">
  <code code="GCAT">
    <editdetail attribution="Reuters BIP Coding Group" action="confirmed" date="1997-08-16"/>
  </code>
  <code code="GSPO">
    <editdetail attribution="Reuters BIP Coding Group" action="confirmed" date="1997-08-16"/>
  </code>
</codes>
<dc element="dc.date.created" value="1997-08-16"/>
<dc element="dc.publisher" value="Reuters Holdings Plc"/>
<dc element="dc.date.published" value="1997-08-16"/>
<dc element="dc.source" value="Reuters"/>
<dc element="dc.creator.location" value="LE CANNET, France"/>
<dc element="dc.creator.location.country.name" value="FRANCE"/>
<dc element="dc.source" value="Reuters"/>
</metadata>
</newsitem>
