<?xml version="1.0" encoding="iso-8859-1" ?>
<newsitem itemid="804076" id="root" date="1997-08-16" xml:lang="en">
<title>SPAIN: WATER POLO-EUROPEAN CHAMPIONSHIPS RESULTS.</title>
<headline>WATER POLO-EUROPEAN CHAMPIONSHIPS RESULTS.</headline>
<dateline>SEVILLE 1997-08-16</dateline>
<text>
<p>Water polo results from the third</p>
<p>day of the European Championships in Seville on Saturday:</p>
<p>Women's preliminary rounds</p>
<p>Group A</p>
<p>Germany 2 Hungary 10 (1-3 0-3 1-2 0-2)</p>
<p>France 4 Greece 9 (1-2 2-3 0-1 1-3)</p>
<p>Group B Great Britain 1 Russia 13  (1-3 0-1 0-6 0-3)</p>
</text>
<copyright>(c) Reuters Limited 1997</copyright>
<metadata>
<codes class="bip:countries:1.0">
  <code code="SPAIN">
    <editdetail attribution="Reuters BIP Coding Group" action="confirmed" date="1997-08-16"/>
  </code>
</codes>
<codes class="bip:topics:1.0">
  <code code="GCAT">
    <editdetail attribution="Reuters BIP Coding Group" action="confirmed" date="1997-08-16"/>
  </code>
  <code code="GSPO">
    <editdetail attribution="Reuters BIP Coding Group" action="confirmed" date="1997-08-16"/>
  </code>
</codes>
<dc element="dc.date.created" value="1997-08-16"/>
<dc element="dc.publisher" value="Reuters Holdings Plc"/>
<dc element="dc.date.published" value="1997-08-16"/>
<dc element="dc.source" value="Reuters"/>
<dc element="dc.creator.location" value="SEVILLE"/>
<dc element="dc.creator.location.country.name" value="SPAIN"/>
<dc element="dc.source" value="Reuters"/>
</metadata>
</newsitem>
