<?xml version="1.0" encoding="iso-8859-1" ?>
<newsitem itemid="804065" id="root" date="1997-08-16" xml:lang="en">
<title>FRANCE: SOCCER-IKPEBA SCORES TWICE AS CHAMPIONS MONACO WIN 3-0 AWAY.</title>
<headline>SOCCER-IKPEBA SCORES TWICE AS CHAMPIONS MONACO WIN 3-0 AWAY.</headline>
<dateline>PARIS 1997-08-16</dateline>
<text>
<p>Croatian striker Robert Spehar found the net 14 minutes into his Monaco debut and Nigeria's Victor Ikpeba scored twice as the champions beat Lyon 3-0 away in the French first division on Saturday.</p>
<p>Monaco, who signed Spehar 48 hours ago, won for the first time this season after a defeat and a draw and are five points behind Paris St Germain and Metz.</p>
<p>PSG went top on goal difference as two former Lyon players, Franck Gava and Florian Maurice, inspired them to a 3-1 home win over Cannes.</p>
<p>Maurice laid on the first goal for Italian striker Marco Simone and Gava scored the crucial second after Cannes equalised with Dane Brian Jensen's second penalty in three matches.</p>
<p>PSG's Brazilian captain Rai scored the third goal in the 89th minute that lifted them over Metz, 2-1 winners at Chateauroux on Friday.</p>
</text>
<copyright>(c) Reuters Limited 1997</copyright>
<metadata>
<codes class="bip:countries:1.0">
  <code code="FRA">
    <editdetail attribution="Reuters BIP Coding Group" action="confirmed" date="1997-08-16"/>
  </code>
  <code code="MONAC">
    <editdetail attribution="Reuters BIP Coding Group" action="confirmed" date="1997-08-16"/>
  </code>
</codes>
<codes class="bip:topics:1.0">
  <code code="GCAT">
    <editdetail attribution="Reuters BIP Coding Group" action="confirmed" date="1997-08-16"/>
  </code>
  <code code="GSPO">
    <editdetail attribution="Reuters BIP Coding Group" action="confirmed" date="1997-08-16"/>
  </code>
</codes>
<dc element="dc.date.created" value="1997-08-16"/>
<dc element="dc.publisher" value="Reuters Holdings Plc"/>
<dc element="dc.date.published" value="1997-08-16"/>
<dc element="dc.source" value="Reuters"/>
<dc element="dc.creator.location" value="PARIS"/>
<dc element="dc.creator.location.country.name" value="FRANCE"/>
<dc element="dc.source" value="Reuters"/>
</metadata>
</newsitem>
