<?xml version="1.0" encoding="iso-8859-1" ?>
<newsitem itemid="804001" id="root" date="1997-08-16" xml:lang="en">
<title>USA: TENNNIS - RESULTS FROM INDIANAPOLIS MEN'S TOURNAMENT.</title>
<headline>TENNNIS - RESULTS FROM INDIANAPOLIS MEN'S TOURNAMENT.</headline>
<dateline>INDIANAPOLIS 1997-08-16</dateline>
<text>
<p>The following are</p>
<p>Saturday's results from the $1 million RCA Championships</p>
<p>(Prefix # denotes seeding)</p>
<p>Singles, semifinals</p>
<p>9-Jonas Bjorkman (Sweden) beat Mark Woodforde (Australia)</p>
<p>6-2 6-0</p>
<p>5-Carlos Moya (Spain) beat 10-Wayne Ferreira (South Africa)</p>
<p>6-4 6-2</p>
</text>
<copyright>(c) Reuters Limited 1997</copyright>
<metadata>
<codes class="bip:countries:1.0">
  <code code="USA">
    <editdetail attribution="Reuters BIP Coding Group" action="confirmed" date="1997-08-16"/>
  </code>
</codes>
<codes class="bip:topics:1.0">
  <code code="GCAT">
    <editdetail attribution="Reuters BIP Coding Group" action="confirmed" date="1997-08-16"/>
  </code>
  <code code="GSPO">
    <editdetail attribution="Reuters BIP Coding Group" action="confirmed" date="1997-08-16"/>
  </code>
</codes>
<dc element="dc.date.created" value="1997-08-16"/>
<dc element="dc.publisher" value="Reuters Holdings Plc"/>
<dc element="dc.date.published" value="1997-08-16"/>
<dc element="dc.source" value="Reuters"/>
<dc element="dc.creator.location" value="INDIANAPOLIS"/>
<dc element="dc.creator.location.country.name" value="USA"/>
<dc element="dc.source" value="Reuters"/>
</metadata>
</newsitem>
