<?xml version="1.0" encoding="iso-8859-1" ?>
<newsitem itemid="804067" id="root" date="1997-08-16" xml:lang="en">
<title>SWEDEN: SOCCER-SWEDISH FIRST DIVISION SOCCER RESULTS/STANDINGS.</title>
<headline>SOCCER-SWEDISH FIRST DIVISION SOCCER RESULTS/STANDINGS.</headline>
<dateline>STOCKHOLM 1997-08-16</dateline>
<text>
<p>Results in the Swedish first</p>
<p>division soccer league played on Saturday:</p>
<p> AIK		     1 Orgryte	    1</p>
<p> Degerfors	     1 Orebro	     2</p>
<p> Elfsborg		4 Oster		1</p>
<p> Gothenburg	    4 Norrkoping	 0</p>
<p> Halmstad		3 Helsingborg	1</p>
<p> Malmo		   1 Ljungskile	 1</p>
<p> Vasteras		0 Trelleborg	 2</p>
<p>     Standings	     P  W  D  L  F  A  Pts</p>
<p>  1.Gothenburg	    18 11  4  3 38 24  37</p>
<p>  2.Halmstad		18 12  0  6 36 22  36</p>
<p>  3.Elfsborg		18 10  3  5 37 23  33</p>
<p>  4.Helsingborg	   18  9  5  4 27 19  32</p>
<p>  5.AIK		     18  8  6  4 31 17  30</p>
<p>  6.Malmo		   18  7  8  3 35 21  29</p>
<p>  7.Orgryte		 18  8  5  5 22 21  29</p>
<p>  8.Orebro		  18  8  4  6 31 28  28</p>
<p>  9.Trelleborg	    18  7  1 10 29 38  22</p>
<p> 10.Norrkoping	    18  5  4  9 18 25  19</p>
<p> 11.Degerfors	     18  3  5 10 21 33  14</p>
<p> 12.Oster		   18  2  8  8 19 33  14</p>
<p> 13.Ljungskile	    18  3  4 11 22 38  13</p>
<p> 14.Vasteras		18  3  3 12 14 35  12</p>
</text>
<copyright>(c) Reuters Limited 1997</copyright>
<metadata>
<codes class="bip:countries:1.0">
  <code code="SWED">
    <editdetail attribution="Reuters BIP Coding Group" action="confirmed" date="1997-08-16"/>
  </code>
</codes>
<codes class="bip:topics:1.0">
  <code code="GCAT">
    <editdetail attribution="Reuters BIP Coding Group" action="confirmed" date="1997-08-16"/>
  </code>
  <code code="GSPO">
    <editdetail attribution="Reuters BIP Coding Group" action="confirmed" date="1997-08-16"/>
  </code>
</codes>
<dc element="dc.date.created" value="1997-08-16"/>
<dc element="dc.publisher" value="Reuters Holdings Plc"/>
<dc element="dc.date.published" value="1997-08-16"/>
<dc element="dc.source" value="Reuters"/>
<dc element="dc.creator.location" value="STOCKHOLM"/>
<dc element="dc.creator.location.country.name" value="SWEDEN"/>
<dc element="dc.source" value="Reuters"/>
</metadata>
</newsitem>
