<?xml version="1.0" encoding="iso-8859-1" ?>
<newsitem itemid="804060" id="root" date="1997-08-16" xml:lang="en">
<title>MONACO: ATHLETICS-INJURED TORRENCE'S SEASON COULD BE OVER.</title>
<headline>ATHLETICS-INJURED TORRENCE'S SEASON COULD BE OVER.</headline>
<dateline>MONACO 1997-08-16</dateline>
<text>
<p>Gwen Torrence's season looked in danger of being brought to a premature end on Saturday after the former Olympic champion pulled a leg muscle during a 200 metres race at the Monaco grand prix.</p>
<p>The American veteran had to be carried from the track on a stretcher after hurting her left thigh in the last 100 metres of the sprint.</p>
<p>She was treated immediately at the track and did not need to go to hospital for further treatment.</p>
</text>
<copyright>(c) Reuters Limited 1997</copyright>
<metadata>
<codes class="bip:countries:1.0">
  <code code="MONAC">
    <editdetail attribution="Reuters BIP Coding Group" action="confirmed" date="1997-08-16"/>
  </code>
  <code code="USA">
    <editdetail attribution="Reuters BIP Coding Group" action="confirmed" date="1997-08-16"/>
  </code>
</codes>
<codes class="bip:topics:1.0">
  <code code="GCAT">
    <editdetail attribution="Reuters BIP Coding Group" action="confirmed" date="1997-08-16"/>
  </code>
  <code code="GSPO">
    <editdetail attribution="Reuters BIP Coding Group" action="confirmed" date="1997-08-16"/>
  </code>
</codes>
<dc element="dc.date.created" value="1997-08-16"/>
<dc element="dc.publisher" value="Reuters Holdings Plc"/>
<dc element="dc.date.published" value="1997-08-16"/>
<dc element="dc.source" value="Reuters"/>
<dc element="dc.creator.location" value="MONACO"/>
<dc element="dc.creator.location.country.name" value="MONACO"/>
<dc element="dc.source" value="Reuters"/>
</metadata>
</newsitem>
