<?xml version="1.0" encoding="iso-8859-1" ?>
<newsitem itemid="804054" id="root" date="1997-08-16" xml:lang="en">
<title>USA: BASEBALL-FRIDAY'S MAJOR LEAGUE RESULTS.</title>
<headline>BASEBALL-FRIDAY'S MAJOR LEAGUE RESULTS.</headline>
<dateline>NEW YORK 1997-08-15</dateline>
<text>
<p>Results of Major League</p>
<p>Baseball games on Friday (home team in CAPS):</p>
<p>	     American League</p>
<p> BALTIMORE	  4  Seattle	    3 (1st game)</p>
<p> Seattle	    8  BALTIMORE	  3 (2nd game)</p>
<p> BOSTON	     5  Minnesota	  4 (in 10)</p>
<p> CLEVELAND	  5  Toronto	    4 (in 10)</p>
<p> Kansas City	5  DETROIT	    3</p>
<p> NY YANKEES	 5  Texas		2</p>
<p> Oakland	   11  CHI WHITE SOX    6</p>
<p> Anaheim	    5  MILWAUKEE	  3</p>
<p>	     National League</p>
<p> FLORIDA	    6  Pittsburgh	 5</p>
<p> Philadelphia     5  HOUSTON	    1</p>
<p> ST LOUIS	   3  Atlanta	    2 (in 12)</p>
<p> COLORADO	   6  NY Mets	    2</p>
<p> Cincinnati	 5  LOS ANGELES	3</p>
<p> SAN DIEGO	  5  Chicago Cubs     1</p>
<p> SAN FRANCISCO    6  Montreal	   2</p>
</text>
<copyright>(c) Reuters Limited 1997</copyright>
<metadata>
<codes class="bip:countries:1.0">
  <code code="CANA">
    <editdetail attribution="Reuters BIP Coding Group" action="confirmed" date="1997-08-16"/>
  </code>
  <code code="USA">
    <editdetail attribution="Reuters BIP Coding Group" action="confirmed" date="1997-08-16"/>
  </code>
</codes>
<codes class="bip:topics:1.0">
  <code code="GCAT">
    <editdetail attribution="Reuters BIP Coding Group" action="confirmed" date="1997-08-16"/>
  </code>
  <code code="GSPO">
    <editdetail attribution="Reuters BIP Coding Group" action="confirmed" date="1997-08-16"/>
  </code>
</codes>
<dc element="dc.date.created" value="1997-08-15"/>
<dc element="dc.publisher" value="Reuters Holdings Plc"/>
<dc element="dc.date.published" value="1997-08-16"/>
<dc element="dc.source" value="Reuters"/>
<dc element="dc.creator.location" value="NEW YORK"/>
<dc element="dc.creator.location.country.name" value="USA"/>
<dc element="dc.source" value="Reuters"/>
</metadata>
</newsitem>
