<?xml version="1.0" encoding="iso-8859-1" ?>
<newsitem itemid="804078" id="root" date="1997-08-16" xml:lang="en">
<title>SPAIN: DIVING-EUROPEAN CHAMPIONSHIP RESULTS.</title>
<headline>DIVING-EUROPEAN CHAMPIONSHIP RESULTS.</headline>
<dateline>SEVILLE 1997-08-16</dateline>
<text>
<p>Results of the diving on the</p>
<p>fourth day of the European Swimming Championships in Seville on</p>
<p>Friday:</p>
<p>Men's three-metre springboard semifinal (Five dives each.</p>
<p>Top twelve go forward to the final starting at 1445 GMT)</p>
<p>1. Dmitry Sautin (Russia) 649.86 points</p>
<p>2. Stefan Ahrens (Germany) 611.64 </p>
<p>3. Andreas Wels (Germany) 605.70</p>
<p>4. Andrey Semeniyk (Belarus) 587.01</p>
<p>5. Imre Lengyel (Hungary) 582.36</p>
<p>6. Ruben Santos (Spain) 576.24</p>
<p>7. Vasily Lisovsky (Russia) 571.71</p>
<p>8. Antonio Ali (Britain) 570.54 </p>
<p>9. Mark Shipman (Britain) 568.56 </p>
<p>10. Rafael Alvarez (Spain) 558.51</p>
<p>11. Davide Lorenzini (Italy) 552.54</p>
<p>12. Jukka Piekkanen (Finland) 551.16 </p>
<p>13. Maxim Lapin (Ukraine) 545.79 </p>
<p>14. Joroslav Makogin (Ukraine) 544.74  </p>
<p>15. Jimmy Sjodin (Sweden) 534.06 </p>
<p>16. Richard Frece (Austria) 529.44 </p>
<p>17. Thomas Bimis (Greece) 522.30 </p>
<p>18. David Lemasson (France) 508.08</p>
<p>Men's three-metre springboard final:</p>
<p>1. Dmitry Sautin (Russia) 661.68 points</p>
<p>2. Andreas Wels (Germany) 609.39</p>
<p>3. Stefan Ahrens (Germany) 597.66</p>
<p>4. Antonio Ali (Britain) 583.92</p>
<p>5. Rafael Alvarez (Spain) 572.88</p>
<p>6. Mark Shipman (Britain) 563.31</p>
<p>7. Imre Lengyel (Hungary) 550.65</p>
<p>8. Jukka Piekkanen (Finland) 547.23</p>
<p>9. Vasily Lisovsky (Russia) 546.51</p>
<p>10. Ruben Santos (Spain) 545.10</p>
<p>11. Andrei Semeniuk (Belarus) 538.20</p>
<p>12. Davide Lorenzini (Italy) 526.65</p>
<p>Women's three-metre springboard preliminary round (five</p>
<p>dives; all dive again in Sunday's semifinal):</p>
<p>1. Olga Yefimenko (Ukraine) 294.39 points</p>
<p>2. Anna Lindberg (Sweden) 291.96</p>
<p>3. Yulia Pakhalina (Russia) 291.75</p>
<p>4. Elena Zhupina (Ukraine) 273.42</p>
<p>5. Claudia Bockner (Germany) 268.41</p>
<p>6. Orsolya Pinter (Hungary) 267.33</p>
<p>7. Doerte Lindner (Germany) 261.03</p>
<p>8. Catherine Maliev Aviolat (France) 258.03</p>
<p>9. Francesca D'Oriano (Italy) 250.35</p>
<p>10. Jacqueline Schneider (Switzerland) 248.04</p>
<p>11. Jane Smith (Britain) 244.23</p>
<p>12. Vera Ilyina (Russia) 243.90</p>
<p>13. Julia Cruz (Spain) 243.24</p>
<p>14. Svetlana Alexeeva (Belarus) 240.75</p>
<p>15. Maria Lund (Sweden) 234.03</p>
<p>16. Sandra Ponthus (France) 215.16</p>
<p>17. Karen Smith (Britain) 210.15</p>
<p>18. Julie Danaux (France) 209.88</p>
</text>
<copyright>(c) Reuters Limited 1997</copyright>
<metadata>
<codes class="bip:countries:1.0">
  <code code="SPAIN">
    <editdetail attribution="Reuters BIP Coding Group" action="confirmed" date="1997-08-16"/>
  </code>
</codes>
<codes class="bip:topics:1.0">
  <code code="GCAT">
    <editdetail attribution="Reuters BIP Coding Group" action="confirmed" date="1997-08-16"/>
  </code>
  <code code="GSPO">
    <editdetail attribution="Reuters BIP Coding Group" action="confirmed" date="1997-08-16"/>
  </code>
</codes>
<dc element="dc.date.created" value="1997-08-16"/>
<dc element="dc.publisher" value="Reuters Holdings Plc"/>
<dc element="dc.date.published" value="1997-08-16"/>
<dc element="dc.source" value="Reuters"/>
<dc element="dc.creator.location" value="SEVILLE"/>
<dc element="dc.creator.location.country.name" value="SPAIN"/>
<dc element="dc.source" value="Reuters"/>
</metadata>
</newsitem>
