<?xml version="1.0" encoding="iso-8859-1" ?>
<newsitem itemid="804011" id="root" date="1997-08-16" xml:lang="en">
<title>UK: MOTOR CYCLING-LEADING PRACTICE TIMES FOR BRITISH GRAND PRIX.</title>
<headline>MOTOR CYCLING-LEADING PRACTICE TIMES FOR BRITISH GRAND PRIX.</headline>
<dateline>DONINGTON PARK, England 1997-08-16</dateline>
<text>
<p>Leading times in</p>
<p>Saturday's second and final practice session for Sunday's 500cc</p>
<p>British motorcycle Grand Prix:</p>
<p> 1. Michael Doohan (Australia) Honda One minute 32.872 seconds</p>
<p>(average speed 155.943 kph)</p>
<p> 2. Carlos Checa (Spain) Honda		    1:32.935</p>
<p> 3. Alex Barros (Brazil) Honda		    1:33.132</p>
<p> 4. Tadayuki Okada (Japan) Honda		  1:33.239</p>
<p> 5. Doriano Romboni (Italy) Aprilia	     1:33.564</p>
<p> 6. Nobuatsu Aoki (Japan) Honda		   1:33.681</p>
<p> 7. Luca Cadalora (Italy) Yamaha		  1:33.945</p>
<p> 8. Kenny Roberts Jnr (U.S.) Modenas	    1:34.005</p>
</text>
<copyright>(c) Reuters Limited 1997</copyright>
<metadata>
<codes class="bip:countries:1.0">
  <code code="UK">
    <editdetail attribution="Reuters BIP Coding Group" action="confirmed" date="1997-08-16"/>
  </code>
</codes>
<codes class="bip:topics:1.0">
  <code code="GCAT">
    <editdetail attribution="Reuters BIP Coding Group" action="confirmed" date="1997-08-16"/>
  </code>
  <code code="GSPO">
    <editdetail attribution="Reuters BIP Coding Group" action="confirmed" date="1997-08-16"/>
  </code>
</codes>
<dc element="dc.date.created" value="1997-08-16"/>
<dc element="dc.publisher" value="Reuters Holdings Plc"/>
<dc element="dc.date.published" value="1997-08-16"/>
<dc element="dc.source" value="Reuters"/>
<dc element="dc.creator.location" value="DONINGTON PARK, England"/>
<dc element="dc.creator.location.country.name" value="UK"/>
<dc element="dc.source" value="Reuters"/>
</metadata>
</newsitem>
