<?xml version="1.0" encoding="iso-8859-1" ?>
<newsitem itemid="804074" id="root" date="1997-08-16" xml:lang="en">
<title>AUSTRIA: SOCCER-AUSTRIAN LEAGUE RESULTS/STANDINGS.</title>
<headline>SOCCER-AUSTRIAN LEAGUE RESULTS/STANDINGS.</headline>
<dateline>VIENNA 1997-08-16</dateline>
<text>
<p>Results of Austrian soccer league</p>
<p>championship matches played on Saturday:</p>
<p> SV Salzburg	2    Graz AK	   1</p>
<p> Sturm Graz	 4    Admira/Wacker   0</p>
<p> Lustenau	   4    LASK Linz	 1</p>
<p> Ried		 2    Tirol Innsbruck 0</p>
<p>Played on Friday</p>
<p> Austria Vienna   0    Rapid Vienna   3</p>
<p> Standings			    P   W   D   L   F   A  Pts</p>
<p> 1. Sturm Graz			8   5   3   0  20   5  18</p>
<p> 2. Graz AK			   8   5   1   2  16   8  16</p>
<p> 3. Lustenau			  8   3   3   2  14   7  12</p>
<p> 4. Austria Vienna		  8   3   3   2  12   8  12</p>
<p> 5. Rapid Vienna		    8   3   3   2  10  10  12</p>
<p> 6. SV Ried			   8   2   4   2   9  11  10</p>
<p> 7. Tirol Innsbruck		 8   3   0   5  12  14   9</p>
<p> 8. SV Salzburg		     8   2   1   5  10  13   7</p>
<p> 9. LASK Linz			 8   2   1   5   6  16   7</p>
<p> 10. Admira Wacker		  8   2   1   5   6  23   7</p>
</text>
<copyright>(c) Reuters Limited 1997</copyright>
<metadata>
<codes class="bip:countries:1.0">
  <code code="AUST">
    <editdetail attribution="Reuters BIP Coding Group" action="confirmed" date="1997-08-16"/>
  </code>
</codes>
<codes class="bip:topics:1.0">
  <code code="GCAT">
    <editdetail attribution="Reuters BIP Coding Group" action="confirmed" date="1997-08-16"/>
  </code>
  <code code="GSPO">
    <editdetail attribution="Reuters BIP Coding Group" action="confirmed" date="1997-08-16"/>
  </code>
</codes>
<dc element="dc.date.created" value="1997-08-16"/>
<dc element="dc.publisher" value="Reuters Holdings Plc"/>
<dc element="dc.date.published" value="1997-08-16"/>
<dc element="dc.source" value="Reuters"/>
<dc element="dc.creator.location" value="VIENNA"/>
<dc element="dc.creator.location.country.name" value="AUSTRIA"/>
<dc element="dc.source" value="Reuters"/>
</metadata>
</newsitem>
