<?xml version="1.0" encoding="iso-8859-1" ?>
<newsitem itemid="804085" id="root" date="1997-08-16" xml:lang="en">
<title>UK: UK probing claims troops killed Iraqi POWs -paper.</title>
<headline>UK probing claims troops killed Iraqi POWs -paper.</headline>
<dateline>LONDON 1997-08-16</dateline>
<text>
<p>Ministry of Defence officials are looking into allegations that British troops shot dead seven Iraqi prisoners captured during the 1991 Gulf War, the Sunday Times newspaper said.</p>
<p>It said detectives from the army's special investigation branch had interviewed dozens of members of the Royal Highland Fusiliers who served in the Gulf about the claims.</p>
<p>Two former medical aides in the Gulf War offered this week to make statements about the alleged incident, it added.</p>
<p>The fusiliers ran the Maryhill prisoner-of-war camp near the town of Hafir al-Batin in Saudi Arabia to which dozens of Iraqi Republican Guards were taken after being captured by British troops.</p>
</text>
<copyright>(c) Reuters Limited 1997</copyright>
<metadata>
<codes class="bip:countries:1.0">
  <code code="IRAQ">
    <editdetail attribution="Reuters BIP Coding Group" action="confirmed" date="1997-08-16"/>
  </code>
  <code code="UK">
    <editdetail attribution="Reuters BIP Coding Group" action="confirmed" date="1997-08-16"/>
  </code>
</codes>
<codes class="bip:topics:1.0">
  <code code="GCAT">
    <editdetail attribution="Reuters BIP Coding Group" action="confirmed" date="1997-08-16"/>
  </code>
  <code code="GVIO">
    <editdetail attribution="Reuters BIP Coding Group" action="confirmed" date="1997-08-16"/>
  </code>
</codes>
<dc element="dc.date.created" value="1997-08-16"/>
<dc element="dc.publisher" value="Reuters Holdings Plc"/>
<dc element="dc.date.published" value="1997-08-16"/>
<dc element="dc.source" value="Reuters"/>
<dc element="dc.creator.location" value="LONDON"/>
<dc element="dc.creator.location.country.name" value="UK"/>
<dc element="dc.source" value="Reuters"/>
</metadata>
</newsitem>
