<?xml version="1.0" encoding="iso-8859-1" ?>
<newsitem itemid="804188" id="root" date="1997-08-16" xml:lang="en">
<title>IRAN: Iran energy minister designate outlines plans.</title>
<headline>Iran energy minister designate outlines plans.</headline>
<dateline>TEHRAN 1997-08-16</dateline>
<text>
<p>Iran's energy minister designate intends to implement plans for large-scale power and water projects if parliament confirms his appointment, the official news agency IRNA said on Saturday.</p>
<p>Habibollah Bitaraf, nominated by President Mohammad Khatami on Tuesday, told IRNA he planned to use his term to build 70 reservoir dams and boost water supply capacity in urban areas.</p>
<p>He said he would also improve piped water networks in urban areas to meet the needs of one million new subscribers and planned to raise hydroelectric power generating capacity.</p>
<p>&quot;He said that his ministry would increase its sewerage networks to 35,000 km (22,000 miles) and would admit 700,000 new subscribers in this sector,&quot; IRNA reported.</p>
<p>Bitaraf also planned to provide electricity to each village with more than 20 families, the agency said.</p>
<p>Iran has a population of over 60 million.</p>
<p>Khatami, who has a reputation for political openness, was elected president on a mandate of introducing social and economic reforms.</p>
<p>The 270-seat Majlis, or parliament, is expected to vote on his 22 nominated ministers next week.</p>
</text>
<copyright>(c) Reuters Limited 1997</copyright>
<metadata>
<codes class="bip:countries:1.0">
  <code code="IRAN">
    <editdetail attribution="Reuters BIP Coding Group" action="confirmed" date="1997-08-16"/>
  </code>
</codes>
<codes class="bip:industries:1.0">
  <code code="I1610107">
    <editdetail attribution="Reuters BIP Coding Group" action="confirmed" date="1997-08-16"/>
  </code>
  <code code="I17000">
    <editdetail attribution="Reuters BIP Coding Group" action="confirmed" date="1997-08-16"/>
  </code>
  <code code="I50200">
    <editdetail attribution="Reuters BIP Coding Group" action="confirmed" date="1997-08-16"/>
  </code>
  <code code="I5020011">
    <editdetail attribution="Reuters BIP Coding Group" action="confirmed" date="1997-08-16"/>
  </code>
</codes>
<codes class="bip:topics:1.0">
  <code code="C13">
    <editdetail attribution="Reuters BIP Coding Group" action="confirmed" date="1997-08-16"/>
  </code>
  <code code="C24">
    <editdetail attribution="Reuters BIP Coding Group" action="confirmed" date="1997-08-16"/>
  </code>
  <code code="CCAT">
    <editdetail attribution="Reuters BIP Coding Group" action="confirmed" date="1997-08-16"/>
  </code>
  <code code="GCAT">
    <editdetail attribution="Reuters BIP Coding Group" action="confirmed" date="1997-08-16"/>
  </code>
  <code code="GPOL">
    <editdetail attribution="Reuters BIP Coding Group" action="confirmed" date="1997-08-16"/>
  </code>
</codes>
<dc element="dc.date.created" value="1997-08-16"/>
<dc element="dc.publisher" value="Reuters Holdings Plc"/>
<dc element="dc.date.published" value="1997-08-16"/>
<dc element="dc.source" value="Reuters"/>
<dc element="dc.creator.location" value="TEHRAN"/>
<dc element="dc.creator.location.country.name" value="IRAN"/>
<dc element="dc.source" value="Reuters"/>
</metadata>
</newsitem>
