<?xml version="1.0" encoding="iso-8859-1" ?>
<newsitem itemid="804270" id="root" date="1997-08-16" xml:lang="en">
<title>GERMANY: Bavaria's Stoiber says EMU criteria must be met.</title>
<headline>Bavaria's Stoiber says EMU criteria must be met.</headline>
<dateline>BONN 1997-08-16</dateline>
<text>
<p>Bavarian premier Edmund Stoiber on Saturday kept up pressure to delay the launch of European economic and monetary union (EMU) if potential members fail to meet the entry criteria.</p>
<p>&quot;If Germany and France miss the criteria, then a currency union at the planned time is not possible,&quot; Stoiber told the Bild daily in an interview.</p>
<p>Stoiber, a senior member of the conservative Christian Social Union (CSU) party which forms part of Chancellor Helmut Kohl's ruling coalition, said the financial criteria for potential EMU members must be strictly interpreted.</p>
<p>He also repeated a plan he floated earlier this week, which would postpone the fixing of exchange rates among European currencies from 1999 until 2001 but still allow the new euro coins and notes to be introduced as planned in 2002.</p>
<p>&quot;The years 1998 and 1999 would then be used as additional trial years to meet the criteria credibly,&quot; he said.</p>
<p>The Maastricht Treaty, which lays down the ground rules for the project, states that EMU members will be selected on the basis of financial data for 1997.</p>
<p>The German government has repeatedly stressed it is not considering any change to the current timetable. It has vowed to hit the Maastricht budget deficit goal of three percent of gross domestic product both this year and in 1998.</p>
</text>
<copyright>(c) Reuters Limited 1997</copyright>
<metadata>
<codes class="bip:countries:1.0">
  <code code="EEC">
    <editdetail attribution="Reuters BIP Coding Group" action="confirmed" date="1997-08-16"/>
  </code>
  <code code="FRA">
    <editdetail attribution="Reuters BIP Coding Group" action="confirmed" date="1997-08-16"/>
  </code>
  <code code="GFR">
    <editdetail attribution="Reuters BIP Coding Group" action="confirmed" date="1997-08-16"/>
  </code>
</codes>
<codes class="bip:topics:1.0">
  <code code="E12">
    <editdetail attribution="Reuters BIP Coding Group" action="confirmed" date="1997-08-16"/>
  </code>
  <code code="ECAT">
    <editdetail attribution="Reuters BIP Coding Group" action="confirmed" date="1997-08-16"/>
  </code>
  <code code="G15">
    <editdetail attribution="Reuters BIP Coding Group" action="confirmed" date="1997-08-16"/>
  </code>
  <code code="G154">
    <editdetail attribution="Reuters BIP Coding Group" action="confirmed" date="1997-08-16"/>
  </code>
  <code code="GCAT">
    <editdetail attribution="Reuters BIP Coding Group" action="confirmed" date="1997-08-16"/>
  </code>
</codes>
<dc element="dc.date.created" value="1997-08-16"/>
<dc element="dc.publisher" value="Reuters Holdings Plc"/>
<dc element="dc.date.published" value="1997-08-16"/>
<dc element="dc.source" value="Reuters"/>
<dc element="dc.creator.location" value="BONN"/>
<dc element="dc.creator.location.country.name" value="GERMANY"/>
<dc element="dc.source" value="Reuters"/>
</metadata>
</newsitem>
