<?xml version="1.0" encoding="iso-8859-1" ?>
<newsitem itemid="804265" id="root" date="1997-08-16" xml:lang="en">
<title>GERMANY: Holbrooke warns Karadzic he must face trial.</title>
<headline>Holbrooke warns Karadzic he must face trial.</headline>
<dateline>BONN 1997-08-16</dateline>
<text>
<p>U.S. envoy Richard Holbrooke has warned indicted war criminals such as Bosnian Serb hardliner Radovan Karadzic they could face the same fate as other suspects apprehended by international peacekeepers.</p>
<p>&quot;A free Karadzic is incompatible with a peaceful Bosnia,&quot; Holbooke was quoted as saying in an interview with German news weekly Focus.</p>
<p>Troops from the NATO-led Stabilisation Force (SFOR) last month captured one suspect and shot dead another, former local police chief Simo Drljaca, in Prijedor, northwestern Bosnia.</p>
<p>&quot;What happened in Prijedor was a warning for everyone,&quot; Holbrooke said.</p>
<p>&quot;The police chief there, who was wanted as a war criminal, practically committed suicide. He was surrounded by British troops and shot back nevertheless. He could also have surrendered.&quot;</p>
<p>Holbrooke said he had told Yugoslav President Slobodan Milosevic and Momcilo Krajisnik, the Serb member of Bosnia's presidency, that Karadzic must be delivered to the international war crimes tribunal in The Haugue.</p>
<p>&quot;If they refuse to make him give himself up voluntarily, they are risking a great deal,&quot; Holbrooke told Focus in the interview, released ahead of publication on Monday.</p>
</text>
<copyright>(c) Reuters Limited 1997</copyright>
<metadata>
<codes class="bip:countries:1.0">
  <code code="BSHZG">
    <editdetail attribution="Reuters BIP Coding Group" action="confirmed" date="1997-08-16"/>
  </code>
  <code code="GFR">
    <editdetail attribution="Reuters BIP Coding Group" action="confirmed" date="1997-08-16"/>
  </code>
  <code code="USA">
    <editdetail attribution="Reuters BIP Coding Group" action="confirmed" date="1997-08-16"/>
  </code>
</codes>
<codes class="bip:topics:1.0">
  <code code="GCAT">
    <editdetail attribution="Reuters BIP Coding Group" action="confirmed" date="1997-08-16"/>
  </code>
  <code code="GCRIM">
    <editdetail attribution="Reuters BIP Coding Group" action="confirmed" date="1997-08-16"/>
  </code>
  <code code="GDIP">
    <editdetail attribution="Reuters BIP Coding Group" action="confirmed" date="1997-08-16"/>
  </code>
  <code code="GVIO">
    <editdetail attribution="Reuters BIP Coding Group" action="confirmed" date="1997-08-16"/>
  </code>
</codes>
<dc element="dc.date.created" value="1997-08-16"/>
<dc element="dc.publisher" value="Reuters Holdings Plc"/>
<dc element="dc.date.published" value="1997-08-16"/>
<dc element="dc.source" value="Reuters"/>
<dc element="dc.creator.location" value="BONN"/>
<dc element="dc.creator.location.country.name" value="GERMANY"/>
<dc element="dc.source" value="Reuters"/>
</metadata>
</newsitem>
