<?xml version="1.0" encoding="iso-8859-1" ?>
<newsitem itemid="804294" id="root" date="1997-08-16" xml:lang="en">
<title>PAKISTAN: Pakistan money rates plunge on lack of interest.</title>
<headline>Pakistan money rates plunge on lack of interest.</headline>
<dateline>KARACHI, Pakistan 1997-08-16</dateline>
<text>
<p>Pakistan's money rates plunged on Saturday on lack of borrowing interest, and dealers said the week ended with surplus funds.</p>
<p>&quot;Right from the begining, lenders were offering at 4.0 percent, but there was no major borrowing interest at these levels,&quot; a dealer at Standard Chartered Bank said. &quot;Later some deals were struck between 1.0 and 3.0 percent.&quot;</p>
<p>Dealers said there was an inflow of about 1.4 billion rupees at the maturity of three-year federal investment bonds and, as a result, the week ended at 1.0 percent.</p>
<p>-- Amir Zia (9221) 5685192; Fax 5673428</p>
</text>
<copyright>(c) Reuters Limited 1997</copyright>
<metadata>
<codes class="bip:countries:1.0">
  <code code="PAKIS">
    <editdetail attribution="Reuters BIP Coding Group" action="confirmed" date="1997-08-16"/>
  </code>
</codes>
<codes class="bip:topics:1.0">
  <code code="M13">
    <editdetail attribution="Reuters BIP Coding Group" action="confirmed" date="1997-08-16"/>
  </code>
  <code code="MCAT">
    <editdetail attribution="Reuters BIP Coding Group" action="confirmed" date="1997-08-16"/>
  </code>
</codes>
<dc element="dc.date.created" value="1997-08-16"/>
<dc element="dc.publisher" value="Reuters Holdings Plc"/>
<dc element="dc.date.published" value="1997-08-16"/>
<dc element="dc.source" value="Reuters"/>
<dc element="dc.creator.location" value="KARACHI, Pakistan"/>
<dc element="dc.creator.location.country.name" value="PAKISTAN"/>
<dc element="dc.source" value="Reuters"/>
</metadata>
</newsitem>
