<?xml version="1.0" encoding="iso-8859-1" ?>
<newsitem itemid="804222" id="root" date="1997-08-16" xml:lang="en">
<title>USA: Clinton plays golf in 100-degree heat.</title>
<headline>Clinton plays golf in 100-degree heat.</headline>
<dateline>ALEXANDRIA, Va. 1997-08-16</dateline>
<text>
<p>A day before he leaves for vacation, President Bill Clinton spent a sweltering Saturday afternoon playing golf in a Washington suburb.</p>
<p>Wearing a wide-brimmed straw hat, Clinton spent five hours shooting 18 holes at the private Belle Haven Country Club in Alexandria, Virginia, as temperatures topped 100 degrees.</p>
<p>The president was joined by two friends, Kit Ashby and Lee Williams, and by White House aide Marsha Scott.</p>
<p>Clinton plans to fly to Martha's Vineyard in Massachusetts on Sunday to start a three-week vacation. Aides say he'll spend the time playing more golf, reading and walking.</p>
</text>
<copyright>(c) Reuters Limited 1997</copyright>
<metadata>
<codes class="bip:countries:1.0">
  <code code="USA">
    <editdetail attribution="Reuters BIP Coding Group" action="confirmed" date="1997-08-16"/>
  </code>
</codes>
<codes class="bip:topics:1.0">
  <code code="GCAT">
    <editdetail attribution="Reuters BIP Coding Group" action="confirmed" date="1997-08-16"/>
  </code>
  <code code="GPOL">
    <editdetail attribution="Reuters BIP Coding Group" action="confirmed" date="1997-08-16"/>
  </code>
  <code code="GPRO">
    <editdetail attribution="Reuters BIP Coding Group" action="confirmed" date="1997-08-16"/>
  </code>
</codes>
<dc element="dc.date.created" value="1997-08-16"/>
<dc element="dc.publisher" value="Reuters Holdings Plc"/>
<dc element="dc.date.published" value="1997-08-16"/>
<dc element="dc.source" value="Reuters"/>
<dc element="dc.creator.location" value="ALEXANDRIA, Va."/>
<dc element="dc.creator.location.country.name" value="USA"/>
<dc element="dc.source" value="Reuters"/>
</metadata>
</newsitem>
