<?xml version="1.0" encoding="iso-8859-1" ?>
<newsitem itemid="804204" id="root" date="1997-08-16" xml:lang="en">
<title>MOROCCO: PRESS DIGEST - Morocco - Aug 16.</title>
<headline>PRESS DIGEST - Morocco - Aug 16.</headline>
<dateline>RABAT 1997-08-16</dateline>
<text>
<p>These are the leading stories in the Moroccan press on Saturday. Reuters has not verified these stories and does not vouch for their accuracy.</p>
<p>LE MATIN</p>
<p>- Moroccan chamber of representatives to examine draft laws on new bicameral parliament on Sunday.</p>
<p>L'OPINION</p>
<p>- A group of 12 Moroccan immigrants arrested in southern Spain.</p>
<p>- An offshore industrial area to be built in El Jadida, on the Atlantic Coast 120 km (75 miles) from Casablanca.</p>
<p>AL-MAGHRIB</p>
<p>- Moroccan-Egyptian ties have improved in recent years.</p>
<p>- More than 800,000 expatriates crossed the Gibraltar towards Morocco.</p>
<p>AL-ANBAA</p>
<p>- Europe remains Morocco's main foreign trading partner.</p>
</text>
<copyright>(c) Reuters Limited 1997</copyright>
<metadata>
<codes class="bip:countries:1.0">
  <code code="MOROC">
    <editdetail attribution="Reuters BIP Coding Group" action="confirmed" date="1997-08-16"/>
  </code>
</codes>
<codes class="bip:topics:1.0">
  <code code="GCAT">
    <editdetail attribution="Reuters BIP Coding Group" action="confirmed" date="1997-08-16"/>
  </code>
</codes>
<dc element="dc.date.created" value="1997-08-16"/>
<dc element="dc.publisher" value="Reuters Holdings Plc"/>
<dc element="dc.date.published" value="1997-08-16"/>
<dc element="dc.source" value="Reuters"/>
<dc element="dc.creator.location" value="RABAT"/>
<dc element="dc.creator.location.country.name" value="MOROCCO"/>
<dc element="dc.source" value="Reuters"/>
</metadata>
</newsitem>
