<?xml version="1.0" encoding="iso-8859-1" ?>
<newsitem itemid="804253" id="root" date="1997-08-16" xml:lang="en">
<title>GERMANY: Kinkel backs Plavsic in Bosnian power struggle.</title>
<headline>Kinkel backs Plavsic in Bosnian power struggle.</headline>
<dateline>FRANKFURT 1997-08-16</dateline>
<text>
<p>German Foreign Minister Klaus Kinkel said on Saturday he believed Bosnian Serb President Biljana Plavsic had acted legally by dissolving parliament, despite a constitutional court ruling to the contrary.</p>
<p>Kinkel said he backed the view of the international High Representative to Bosnia, Carlos Westendorp, that the court had reached its decision under pressure from former Bosnian Serb president Radovan Karadzic, Plavsic's arch enemy.</p>
<p>&quot;There are signs that the verdict was influenced by Karadzic and his followers and that pressure was exerted on certain members of the court,&quot; Kinkel told reporters after a meeting with Croatian Foreign Minister Mate Granic.</p>
<p>The Bosnian Serb Constitutional Court ruled on Friday that Plavsic's decision to disband the Serb parliament and call early elections was not in harmony with the constitution.</p>
<p>Kinkel said the Bosnian Serbs would remain isolated as long as Karadzic, who has been indicted by the international war crimes tribunal in The Hague, continued to pull the strings behind the scenes.</p>
</text>
<copyright>(c) Reuters Limited 1997</copyright>
<metadata>
<codes class="bip:countries:1.0">
  <code code="BSHZG">
    <editdetail attribution="Reuters BIP Coding Group" action="confirmed" date="1997-08-16"/>
  </code>
  <code code="GFR">
    <editdetail attribution="Reuters BIP Coding Group" action="confirmed" date="1997-08-16"/>
  </code>
  <code code="YUG">
    <editdetail attribution="Reuters BIP Coding Group" action="confirmed" date="1997-08-16"/>
  </code>
</codes>
<codes class="bip:topics:1.0">
  <code code="GCAT">
    <editdetail attribution="Reuters BIP Coding Group" action="confirmed" date="1997-08-16"/>
  </code>
  <code code="GDIP">
    <editdetail attribution="Reuters BIP Coding Group" action="confirmed" date="1997-08-16"/>
  </code>
  <code code="GPOL">
    <editdetail attribution="Reuters BIP Coding Group" action="confirmed" date="1997-08-16"/>
  </code>
  <code code="GVOTE">
    <editdetail attribution="Reuters BIP Coding Group" action="confirmed" date="1997-08-16"/>
  </code>
</codes>
<dc element="dc.date.created" value="1997-08-16"/>
<dc element="dc.publisher" value="Reuters Holdings Plc"/>
<dc element="dc.date.published" value="1997-08-16"/>
<dc element="dc.source" value="Reuters"/>
<dc element="dc.creator.location" value="FRANKFURT"/>
<dc element="dc.creator.location.country.name" value="GERMANY"/>
<dc element="dc.source" value="Reuters"/>
</metadata>
</newsitem>
