<?xml version="1.0" encoding="iso-8859-1" ?>
<newsitem itemid="804307" id="root" date="1997-08-16" xml:lang="en">
<title>PAKISTAN: Pakistan vegoil rates seen higher next week.</title>
<headline>Pakistan vegoil rates seen higher next week.</headline>
<dateline>KARACHI, Pakistan 1997-08-16</dateline>
<text>
<p>Pakistani vegetable oil rates are likely to increase in the next trading week after a rise in world prices and low imports, dealers said on Saturday.</p>
<p>&quot;Local vegoil rates would rise as the Malaysian vegoil market is bullish,&quot; said dealer Akbar Puri of Jalil Brothers Ltd. &quot;In the weeks ahead, vegoil imports would also remain low as no major shipment is coming.&quot;</p>
<p>Domestic vegoil prices eased last week on a technical correction after recent sharp gains, but will rise this week, dealers said.</p>
<p>There will be no increase in Pakistan's vegoil imports in fiscal 1997/98 (July-June) because of good local production, Puri said.</p>
<p>&quot;The arrival of cottonseed is good from the Sindh province, while from Punjab (province), it will pick up by the end of this month,&quot; he said.</p>
<p>Five ships with about 64,000 tonnes of vegoil are due in the next couple of days while 130,000 tonnes of unsold stocks -- almost unchanged from the previous week, are available in the market, Sault Enterprises said.</p>
<p>Saulat Enterprises estimates of stock position in tonnes:</p>
<p>					     Saturday     August 9</p>
<p>    RBD palm oil/olein		 110,000	105,000</p>
<p>    Soyoil/sunflower oil		20,000	 25,000</p>
<p>---------------------------------------------------</p>
<p>Indicative prices C&amp;F Karachi for August shipment:</p>
<p>					     Saturday	August 9</p>
<p>    RBD palm oil			 $520	    $525</p>
<p>    Soyoil				 $560	    $555</p>
<p>---------------------------------------------------</p>
<p>Local prices in rupees per maund (37.32 kg):</p>
<p>					     Saturday	August 9</p>
<p>    Palm oil (at Karachi)	    1,230	   1,255</p>
<p>    Palm oil (at Port Qasim)	 1,210	   1,230</p>
<p>    Soyoil (Karachi)		   1,270	   1,275</p>
<p>    Soyoil (Port Qasim)		1,250	   1,257</p>
<p>    Sunflower oil			1,230	   1,225</p>
<p>---------------------------------------------------</p>
<p>Shipping movements and expected time of arrival (ETA):</p>
<p>    Commodity   Tonnes (Approx)  Vessel	     Due</p>
<p>========================================================</p>
<p>    Soyoil	18,600	     Kristal	    due</p>
<p>    Tallow	 6,000	     Juliana	    20/8</p>
<p>    Tallow	 6,000	     Alam Kepong	22/8</p>
<p>    Palm oil     9,000	     Menado	     21/8</p>
<p>    Palm oil    25,000	     Wawasan Megah    23/8</p>
<p>--------------------------------------------------------------</p>
<p>($1 = 40.62 rupees) -- Amir Zia (9221) 5685192; Fax 5673428</p>
</text>
<copyright>(c) Reuters Limited 1997</copyright>
<metadata>
<codes class="bip:countries:1.0">
  <code code="PAKIS">
    <editdetail attribution="Reuters BIP Coding Group" action="confirmed" date="1997-08-16"/>
  </code>
</codes>
<codes class="bip:topics:1.0">
  <code code="M14">
    <editdetail attribution="Reuters BIP Coding Group" action="confirmed" date="1997-08-16"/>
  </code>
  <code code="M141">
    <editdetail attribution="Reuters BIP Coding Group" action="confirmed" date="1997-08-16"/>
  </code>
  <code code="MCAT">
    <editdetail attribution="Reuters BIP Coding Group" action="confirmed" date="1997-08-16"/>
  </code>
</codes>
<dc element="dc.date.created" value="1997-08-16"/>
<dc element="dc.publisher" value="Reuters Holdings Plc"/>
<dc element="dc.date.published" value="1997-08-16"/>
<dc element="dc.source" value="Reuters"/>
<dc element="dc.creator.location" value="KARACHI, Pakistan"/>
<dc element="dc.creator.location.country.name" value="PAKISTAN"/>
<dc element="dc.source" value="Reuters"/>
</metadata>
</newsitem>
