<?xml version="1.0" encoding="iso-8859-1" ?>
<newsitem itemid="804304" id="root" date="1997-08-16" xml:lang="en">
<title>INDIA: India set to pick socialist as vice-president.</title>
<headline>India set to pick socialist as vice-president.</headline>
<dateline>NEW DELHI 1997-08-16</dateline>
<text>
<p>Indian lawmakers are expected to elect a socialist independence veteran once jailed by British rulers to the largely-symbolic office of vice-president on Saturday.</p>
<p>Krishna Kant, 70, a scientist by training, was backed by Prime Minister Inder Kumar Gujral's United Front and its ally, the Congress party.</p>
<p>Officials said 790 lawmakers from the two houses of the federal parliament were eligible to take part in the voting that began early on Saturday.</p>
<p>Results were expected later in the day.</p>
<p>Kant, jailed by the British during the &quot;Quit India&quot; movement of 1942, later fought the then Prime Minister Indira Gandhi's Emergency rule in 1975 as a leading rebel.</p>
<p>He was expected to easily defeat his rival Surjit Singh Barnala, a leader of the Sikh Akali Dal party. Barnala received backing from the Hindu nationalist Bharatiya Janata Party (BJP) and its allies.</p>
<p>The office of the vice-president became vacant last month after the then incumbent, K.R. Narayanan, was elected as India's tenth president.</p>
<p>The vice-president is the chairman of the upper house, the Rajya Sabha, but the post is otherwise considered of minor importance except that the incumbent is rated as having a good chance in getting a nomination in presidential elections.</p>
<p>The president is a figurehead, but the job is currently considered significant in the formation of governments following the emergence of coalition politics in India.</p>
</text>
<copyright>(c) Reuters Limited 1997</copyright>
<metadata>
<codes class="bip:countries:1.0">
  <code code="INDIA">
    <editdetail attribution="Reuters BIP Coding Group" action="confirmed" date="1997-08-16"/>
  </code>
</codes>
<codes class="bip:topics:1.0">
  <code code="GCAT">
    <editdetail attribution="Reuters BIP Coding Group" action="confirmed" date="1997-08-16"/>
  </code>
  <code code="GPOL">
    <editdetail attribution="Reuters BIP Coding Group" action="confirmed" date="1997-08-16"/>
  </code>
</codes>
<dc element="dc.date.created" value="1997-08-16"/>
<dc element="dc.publisher" value="Reuters Holdings Plc"/>
<dc element="dc.date.published" value="1997-08-16"/>
<dc element="dc.source" value="Reuters"/>
<dc element="dc.creator.location" value="NEW DELHI"/>
<dc element="dc.creator.location.country.name" value="INDIA"/>
<dc element="dc.source" value="Reuters"/>
</metadata>
</newsitem>
