<?xml version="1.0" encoding="iso-8859-1" ?>
<newsitem itemid="804317" id="root" date="1997-08-16" xml:lang="en">
<title>INDIA: Indian call money, Aug 16 - 8.50-9.00 pct.</title>
<headline>Indian call money, Aug 16 - 8.50-9.00 pct.</headline>
<text>
<p>BOMBAY, Aug 16 (Reutes) - Call money at 1015 IST</p>
<p>    TIME    2-day-market range	DFHI	  STCI</p>
<p>    0940	  8.25-9.25	   ---------  ---------</p>
<p>    0945	  8.25-9.00	   8.50-9.00  8.25-8.75</p>
<p>    1015	  8.50-9.00	   ---------  ---------</p>
<p>The indicative call rates are based on contributions from the ABN Amro, Andhra Bank, Bank of Baroda, Bank of Indix, Bank of Nova Scotia, Birla Capital AMC, Canara Bank, Centurion Bank, Citibank N.A., Corporation Bank, Discount and Finance House of India, Global Trust Bank, Indusind Bank, Industrial Credit and Investment Corporation of India (ICICI), ICICI Securities &amp; Finance Co., Industrial Development Bank of India (IDBI), IDBI Bank Ltd, Indian Overseas Bank, Securities Trading Corporation of India (STCI), India (SBI), Standard Chartered Bank, Unit Trust of India (UTI) and UTI Bank.</p>
<p>For contributions contact money desk on (022) 265 9000</p>
</text>
<copyright>(c) Reuters Limited 1997</copyright>
<metadata>
<codes class="bip:countries:1.0">
  <code code="INDIA">
    <editdetail attribution="Reuters BIP Coding Group" action="confirmed" date="1997-08-16"/>
  </code>
</codes>
<codes class="bip:topics:1.0">
  <code code="M13">
    <editdetail attribution="Reuters BIP Coding Group" action="confirmed" date="1997-08-16"/>
  </code>
  <code code="M131">
    <editdetail attribution="Reuters BIP Coding Group" action="confirmed" date="1997-08-16"/>
  </code>
  <code code="MCAT">
    <editdetail attribution="Reuters BIP Coding Group" action="confirmed" date="1997-08-16"/>
  </code>
</codes>
<dc element="dc.publisher" value="Reuters Holdings Plc"/>
<dc element="dc.date.published" value="1997-08-16"/>
<dc element="dc.source" value="Reuters"/>
<dc element="dc.creator.location.country.name" value="INDIA"/>
<dc element="dc.source" value="Reuters"/>
</metadata>
</newsitem>
