<?xml version="1.0" encoding="iso-8859-1" ?>
<newsitem itemid="658569" id="root" date="1997-06-13" xml:lang="en">
<title>EU:  EP Culture Committee agenda - June 17-18.</title>
<headline>EP Culture Committee agenda - June 17-18.</headline>
<text>
<p>Committee on Culture, Youth, Education and the Media</p>
<p>[[ Tuesday 17 June 1997 ]]</p>
<p>===] TUESDAY 17 JUNE</p>
<p>===] 3 - 4.30 p.m.</p>
<p>1. Adoption of draft agenda (PE222.966 )</p>
<p>2. Chairman's announcements</p>
<p>===] In the presence of the Commission</p>
<p>3. Cohesion policy and culture: a contribution to employment (T05399) (T05399) COS0526 COM(96)0512 C4-0056/97 + JEUN Avis A VECCHI Luciano. (PSE) (PE222.345 ) F REGI Fond R AZZOLINI Claudio. (UPE) (PE221.486 )</p>
<p>- Consideration of draft opinion - Deadline for tabling amendments Deadline for tabling amendments: 4. Monitoring of the 1997 budget - situation concerning the 1998 draft budget - Rapporteur: Mair Eluned MORGAN - Exchange of views Exchange of views on the basis of a working document ===] 4.30 - 5.30 p.m. 5. Presentation of the European Communities Project by student representatives - European Business for European Schools (VIS0173 ) ===] 5.30 - 6.30 p.m. 6. Coordinators' meeting 6.0 ===] WEDNESDAY 18 JUNE ===] 9 a.m. - 12.30 p.m. and 2.30 - 6 p.m. 6.3 P U B L I C H E A R I N G 6.4 Promotion of music in Europe and the role of the European Union 6.5 (see separate programme) 6.6 ===] THURSDAY 19 JUNE ===] 9 a.m. - 12.30 p.m. 7. Chairman's announcements on decisions taken at the coordinators' meeting ===] In the presence of the Commission 8. The European Union's information policy - Rapporteur: Peter PEX - Consideration and adoption of a working document 9. Protection of minors and human dignity in audiovisual and information services (T05313) COS0490 COM(96)0483 C4-0621/96 + JEUN Fond R WHITEHEAD Phillip. (PSE) (PE221.804 ) - Adoption of draft report 10. Transatlantic trade and economic relations (T04596) (T04596) INI0452 INI0452 + JEUN Avis L (PE222.344 ) F RELA Fond R MANN Erika. (PSE) (PE220.981 ) - Adoption of a draft opinion in the form of a letter 11. CEEC participation (Romania, Hungary, Czech Republic) in Community programmes (training, youth, education) (T05099) (T05099) CNS97021 COM(97)0014 C4-0161/97 + JEUN Fond R LEPERRE-VERRIER Odil (ARE) (PE222.963 ) + JEUN Fond LEPERRE-VERRIER Odil (ARE) (PE222.963 ) - Consideration of draft report - Deadline for tabling amendments Deadline for tabling amendments: 12. Any other business 13. Date of next meeting (PE/XII/OJ/97-11 ) 14. 15. 16. The COM and SEC documents mentioned above will be available on request during the meeting. - A N N E X 1 - 0. ===] Appointment of rapporteurs and draftsmen - decisions on procedure 0.1 ===] - Opinion 1. Access to continuing training in the Union (T05161) (T05161) COS0552 COM(97)0180 C4-0208/97 + JEUN Avis F ASOC Fond - Draftsman - - - - - - - - - - - - - - - Group - - - - - Points - - - -2. Follow-up to the Green Paper on authors' rights and neighbouring rights in the information society (T04351) (T04351) COS0531 COM(96)0568 C4-0090/97 + JEUN Avis F JURI Fond R BARZANTI Roberto. (PSE) (PE221.450 ) - Draftsman - - - - - - - - - - - - - - - Group - - - - - Points - - - -3. Results of the IGC - Responsible: INST. - Draftsman - - - - - - - - - - - - - - - Group - - - - - Points - - - - ===] REFERRED SINCE THE LAST MEETING ===] - Responsible 4.0 4. Quality assurance in higher education (Council recommendation) (T05456) **I (T05456) SYN97121 COM(97)0159 + JEUN Fond R (PPE) - Rapporteur: PPE 4.1 4.2 All the documents mentioned may be obtained on request from Parliament's distribution services in Brussels. - FIN - 5 END OF DOCUMENT.</p>
</text>
<copyright>(c) Reuters Limited 1997</copyright>
<metadata>
<codes class="bip:countries:1.0">
  <code code="EEC">
    <editdetail attribution="Reuters BIP Coding Group" action="confirmed" date="1997-06-13"/>
  </code>
</codes>
<codes class="bip:topics:1.0">
  <code code="G15">
    <editdetail attribution="Reuters BIP Coding Group" action="confirmed" date="1997-06-13"/>
  </code>
  <code code="GCAT">
    <editdetail attribution="Reuters BIP Coding Group" action="confirmed" date="1997-06-13"/>
  </code>
</codes>
<dc element="dc.publisher" value="Reuters Holdings Plc"/>
<dc element="dc.date.published" value="1997-06-13"/>
<dc element="dc.source" value="Reuters"/>
<dc element="dc.creator.location.country.name" value="EU"/>
<dc element="dc.source" value="Reuters"/>
</metadata>
</newsitem>
