<?xml version="1.0" encoding="iso-8859-1" ?>
<newsitem itemid="658579" id="root" date="1997-06-13" xml:lang="en">
<title>EU:  Official Journal contents - OJ C 179 of June 13, 1997.</title>
<headline>Official Journal contents - OJ C 179 of June 13, 1997.</headline>
<text>
<p>*</p>
<p>(Note - contents are displayed in reverse order to that in the printed Journal)</p>
<p>*</p>
<p>STATE AID C 38/92 Italy (97/C 179/03)</p>
<p>STATE AID C 54/91 (ex N 175/91, N 177/91, N 178/91) France (97/C 179/02)</p>
<p>Ecu (1) 12 June 1997 (97/C 179/01) END OF DOCUMENT.</p>
</text>
<copyright>(c) Reuters Limited 1997</copyright>
<metadata>
<codes class="bip:countries:1.0">
  <code code="EEC">
    <editdetail attribution="Reuters BIP Coding Group" action="confirmed" date="1997-06-13"/>
  </code>
</codes>
<codes class="bip:topics:1.0">
  <code code="G15">
    <editdetail attribution="Reuters BIP Coding Group" action="confirmed" date="1997-06-13"/>
  </code>
  <code code="GCAT">
    <editdetail attribution="Reuters BIP Coding Group" action="confirmed" date="1997-06-13"/>
  </code>
</codes>
<dc element="dc.publisher" value="Reuters Holdings Plc"/>
<dc element="dc.date.published" value="1997-06-13"/>
<dc element="dc.source" value="Reuters"/>
<dc element="dc.creator.location.country.name" value="EU"/>
<dc element="dc.source" value="Reuters"/>
</metadata>
</newsitem>
