<?xml version="1.0" encoding="iso-8859-1" ?>
<newsitem itemid="658591" id="root" date="1997-06-13" xml:lang="en">
<title>CANADA: Algoma sells Ontario land for C$60 mln.</title>
<headline>Algoma sells Ontario land for C$60 mln.</headline>
<dateline>SAULT STE. MARIE, Ontario 1997-06-13</dateline>
<text>
<p>Algoma Central Corp said on Friday that it agreed to sell 816,000 acres of its forest land holdings in northern Ontario for C$60.2 million to privately held McDonald Investment Co.</p>
<p>The deal is set to close on or about September 10.</p>
<p>Algoma Central, an inland shipping fleet and real estate company, said that once the sale was finalized it would have sold all its forestry land holdings.</p>
<p>McDonald is a family-owned investment company.</p>
<p>((Reuters Toronto Bureau (416) 941-8100))</p>
</text>
<copyright>(c) Reuters Limited 1997</copyright>
<metadata>
<codes class="bip:countries:1.0">
  <code code="CANA">
    <editdetail attribution="Reuters BIP Coding Group" action="confirmed" date="1997-06-13"/>
  </code>
</codes>
<codes class="bip:industries:1.0">
  <code code="I83100">
    <editdetail attribution="Reuters BIP Coding Group" action="confirmed" date="1997-06-13"/>
  </code>
</codes>
<codes class="bip:topics:1.0">
  <code code="C18">
    <editdetail attribution="Reuters BIP Coding Group" action="confirmed" date="1997-06-13"/>
  </code>
  <code code="C182">
    <editdetail attribution="Reuters BIP Coding Group" action="confirmed" date="1997-06-13"/>
  </code>
  <code code="CCAT">
    <editdetail attribution="Reuters BIP Coding Group" action="confirmed" date="1997-06-13"/>
  </code>
</codes>
<dc element="dc.date.created" value="1997-06-13"/>
<dc element="dc.publisher" value="Reuters Holdings Plc"/>
<dc element="dc.date.published" value="1997-06-13"/>
<dc element="dc.source" value="Reuters"/>
<dc element="dc.creator.location" value="SAULT STE. MARIE, Ontario"/>
<dc element="dc.creator.location.country.name" value="CANADA"/>
<dc element="dc.source" value="Reuters"/>
</metadata>
</newsitem>
