<?xml version="1.0" encoding="iso-8859-1" ?>
<newsitem itemid="658585" id="root" date="1997-06-13" xml:lang="en">
<title>CANADA: Gulf sees mailing CS offer Monday.</title>
<headline>Gulf sees mailing CS offer Monday.</headline>
<dateline>CALGARY 1997-06-13</dateline>
<text>
<p>Gulf Canada Resources Ltd expects to receive takeover target CS Resources Ltd's shareholder list on Monday and hopes to mail its takeover offer immediately after, a Gulf spokesman said on Friday.</p>
<p>&quot;The normal course of events would be day 10 (after Gulf announced its bid intentions) and we'll try to mail that day,&quot; Gulf's Dennis Martin said.</p>
<p>Gulf said last week it intended to offer CS shareholders C$14.25 in cash, subject to a maximum of C$100 million, or 1.1539 of a Gulf share for each CS share in a C$413 million deal.  </p>
<p>CS meanwhile has said it expected to be in a position to announce a strategic alliance deal as an alternative to Gulf's offer.</p>
<p>The company has said it could say little about the Gulf bid until it received the formal offer.</p>
<p>CS shares closed up 0.10 on Friday to 14.75 in moderate volume of 166,360 shares. Gulf ended the Toronto Stock Exchange session down 0.15 to 11.70, placing the share swap value of its bid at C$13.50 for each CS share.</p>
<p>((Reuters Calgary Bureau (403) 531-1624))</p>
</text>
<copyright>(c) Reuters Limited 1997</copyright>
<metadata>
<codes class="bip:countries:1.0">
  <code code="CANA">
    <editdetail attribution="Reuters BIP Coding Group" action="confirmed" date="1997-06-13"/>
  </code>
</codes>
<codes class="bip:industries:1.0">
  <code code="I13000">
    <editdetail attribution="Reuters BIP Coding Group" action="confirmed" date="1997-06-13"/>
  </code>
  <code code="I1300003">
    <editdetail attribution="Reuters BIP Coding Group" action="confirmed" date="1997-06-13"/>
  </code>
</codes>
<codes class="bip:topics:1.0">
  <code code="C18">
    <editdetail attribution="Reuters BIP Coding Group" action="confirmed" date="1997-06-13"/>
  </code>
  <code code="C181">
    <editdetail attribution="Reuters BIP Coding Group" action="confirmed" date="1997-06-13"/>
  </code>
  <code code="CCAT">
    <editdetail attribution="Reuters BIP Coding Group" action="confirmed" date="1997-06-13"/>
  </code>
</codes>
<dc element="dc.date.created" value="1997-06-13"/>
<dc element="dc.publisher" value="Reuters Holdings Plc"/>
<dc element="dc.date.published" value="1997-06-13"/>
<dc element="dc.source" value="Reuters"/>
<dc element="dc.creator.location" value="CALGARY"/>
<dc element="dc.creator.location.country.name" value="CANADA"/>
<dc element="dc.source" value="Reuters"/>
</metadata>
</newsitem>
