<?xml version="1.0" encoding="iso-8859-1" ?>
<newsitem itemid="658563" id="root" date="1997-06-13" xml:lang="en">
<title>EU:  EC Report Weekly Diary for Monday, June 16 - Sunday, June 22.</title>
<headline>EC Report Weekly Diary for Monday, June 16 - Sunday, June 22.</headline>
<text>
<p>****</p>
<p>HIGHLIGHTS</p>
<p>****</p>
<p>AMSTERDAM - Dutch presidency hosts European Council of heads of state or government (Mon-Tues); the formal agenda will focus on the conclusion of the EU's inter-governmental conference (IGC), progress of Economic and Monetary Union (EMU) and the well-being of citizens including environment, transparency, democracy and the fight against organised crime and drugs.</p>
<p>LUXEMBOURG - EU transport ministers meet (Tues-Wed).</p>
<p>BRUSSELS - European Commission regular meeting (Weds).</p>
<p>LUXEMBOURG - EU environment ministers meet (Thurs-Fri).</p>
<p>DENVER, United States (EXPANDED ITEM) - Group of Seven (Britain, U.S., Canada, France, Germany, Italy and Japan) hold summit (Fri-Sun). European Commission President Santer, European Commissioners Brittan and de Silguy attend.</p>
<p>MONDAY, JUNE 16</p>
<p>AMSTERDAM - Dutch presidency hosts European Council of heads of state or government (and Tues).</p>
<p>Agenda includes:</p>
<p>- (0930/0730 GMT) First working session at the Dutch Central Bank building includes:</p>
<p>- Discussions on any outstanding questions related to the inter-governmental conference (IGC) especially examining the matter of &quot;The Union and citizens&quot; with particular emphasis on employment.</p>
<p>- In parallel, finance ministers will discuss the proposed European Council resolution on employment to accompany the resolution on the stability pact and European Monetary Union II - could continue over lunch.</p>
<p>- (1245/1045 GMT) Dutch Queen Beatrix hosts lunch in honour of European Council members and European Parliament President Jose Maria Gil Robles. Venue: Royal Palace on the Dam.</p>
<p>- (1515/1315 GMT) Second working session continues on the inter-governmental conference (IGC).</p>
<p>- (1700/1500 GMT) Third working session, in presence of finance ministers, devoted to employment in general and Economic and Monetary Union (EMU).</p>
<p>- (2030/1830 GMT) Over dinner, heads of government will continue deliberations on the inter-governmental conference (IGC). Venue: Rijksmuseum.</p>
<p>A separate dinner for foreign ministers will provide an opportunity to discuss foreign policy including the Middle East peace process and the situation in former Yugoslavia, Albania and Congo.</p>
<p>BRUSSELS (NEW ITEM) - European Parliament Foreign Affairs Committee - NATO Secretary General Javier Solana attends (1500/1300 GMT).</p>
<p>BRUSSELS (NEW ITEM) - European Parliament Fisheries Committee holds public hearing on &quot;Fishing effort and sustainable dvelopment&quot;.</p>
<p>TUESDAY, JUNE 17</p>
<p>AMSTERDAM - Dutch presidency hosts European Council of heads of state or government (second of two days).</p>
<p>Agenda includes:</p>
<p>- (0930/0730 GMT) Fourth working session to finalize any outstanding questions on the inter-governmental conference (IGC) and Economic and Monetary Union (EMU).</p>
<p>- (1330/1130 GMT) Heads of government lunch. Venue: Amstel Hotel.</p>
<p>- (1500/1300 GMT) Final working session - followed by a closing news conference at the Carre Theatre (no time availble yet).</p>
<p>LUXEMBOURG (EXPANDED ITEM) - EU transport ministers meet (1000/0800 GMT) (and Wed). Agenda includes third countries' air security; air traffic management; Eurovignette; trans-European rail corridors; promoting road safety in Europe; seafarer training; sea passenger registration; maritime transport negotiations with India and China; short distance sea transport.</p>
<p>BRUSSELS (NEW ITEM) - European Parliament Agriculture Committee - European Commissioner Fischler gives address on Common Agricultural Policy (CAP) (1500/1300 GMT).</p>
<p>BRUSSELS (NEW ITEM) - European Parliament Economic Committee - European Commissioner Van Miert gives address on the Commission's annual report on competition and matters of current interest (1500/1300 GMT).</p>
<p>BRUSSELS (NEW ITEM) - European Parliament Budgetary Control Committee - European Commissioner Marin attends.</p>
<p>BRUSSELS (NEW ITEM) - European Parliament Development Committee - Dutch Development Minister Jan Pronk (1500/1300 GMT), European Commissioner de Deus Pinheiro (1700/1500 GMT) attend.</p>
<p>BRUSSELS (NEW ITEM) - European Parliament Subcommittee on Human rights holds public hearing on &quot;The social clause: Human rights promotion or protectionism?&quot; (1500/1300 GMT).</p>
<p>BRUSSELS - European Food Law sixth annual conference (and Wednesday). Main issues discussed are food safety, genetically modified foods and food law. Speakers include: Head of Commission Directorate-General XXIV (Consumer Policy) Horst Reichenbach. Venue: Radisson Hotel. Contact: IBC (44) 1892 511 807. 131421 DED:BC-DIARY-WEEKLY =2 Reuter EC Report Weekly Diary (page 2/2 - Wednesday-Sunday)</p>
<p>WEDNESDAY, JUNE 18</p>
<p>LUXEMBOURG (NEW ITEM) - EU transport ministers meet (second of two days).</p>
<p>BRUSSELS - European Commission regular meeting (0900/0700 GMT).</p>
<p>Provisional agenda includes:</p>
<p>- International regulation of nuclear non-proliferation.</p>
<p>BRUSSELS (NEW ITEM) - European Parliament Economic Committee - Dutch Finance Minister attends (1500/1300 GMT).</p>
<p>BRUSSELS (NEW ITEM) - European Parliament Social Affairs Committee - European Commissioner Flynn gives address on the outcome of the Social Affairs Council and Amsterdam European summit (1700/1500 GMT).</p>
<p>BRUSSELS (NEW ITEM) - European Parliament Institutional Affairs Committee - EP President Jose Maria Gil Robles and European Commissioner Oreja give address on the outcome of the Amsterdam European summit (1500/1300 GMT).</p>
<p>BRUSSELS (NEW ITEM) - European Parliament Cultural Affairs Committee holds public hearing on &quot;Promotion of music in Europe and the role of the EU&quot; (0900/0700 GMT).</p>
<p>BRUSSELS (NEW ITEM) - Swiss Military Department Head Adolf Ogi meets NATO Secretary General Javier Solana (0940/0740 GMT).</p>
<p>THURSDAY, JUNE 19</p>
<p>LUXEMBOURG (EXPANDED ITEM) - EU environment ministers meet (and Fri). Agenda includes implementation of Community environment law; control of road transport emissions; petrol and diesel fuel quality; directive on water (public hearing at 1600/1400 GMT); climate change; use of organic solvants; fight against acidification; quality of water for human consumption; humane trapping standards with Russia and Canada; waste disposal.</p>
<p>BRUSSELS (NEW ITEM) - European Consumers Union Bureau (BEUC) holds n/conf on &quot;Car insurance across Europe&quot; (1100/0900 GMT). Venue: International Press Centre (IPC). Contact: BEUC (322) 542 3211.</p>
<p>BRUSSELS - European Institute for Asian Studies holds lunchtime meeting on &quot;Is China's WTO accession in sight&quot; (1230/1030 GMT). Venue: 35 avenue des Deux Eglises. Contact: Zoe McCarthy (322) 230 8122.</p>
<p>BRUSSELS - Centre for European Policy Studies (CEPS) holds lunchtime meeting on &quot;What happened at the European Council in Amsterdam, June 16-17 - How will the EU decisions affect business?&quot; (1230/1030 GMT). Venue: CEPS. Contact: CEPS (322) 229 3911.</p>
<p>FRIDAY, JUNE 20</p>
<p>LUXEMBOURG (NEW ITEM) - EU environment ministers meet (second of two days).</p>
<p>BRUSSELS (NEW ITEM) - European Commissioner Monti attends &quot;Taxation Policy Group&quot; meeting. Venue: Borschette Centre.</p>
<p>BRUSSELS - Centre for European Policy Studies (CEPS) holds lunchtime meeting on &quot;Agricultural and rural development policy for the 21st century&quot; (1315/1115 GMT). Speaker is: European Commissioner Fischler. Venue: CEPS. Contact: CEPS (322) 229 3911.</p>
<p>DENVER, United States (EXPANDED ITEM) - Group of Seven (Britain, U.S., Canada, France, Germany, Italy and Japan) hold summit (to Sun). European Commission President Santer, European Commissioners Brittan and de Silguy attend.</p>
<p>SATURDAY, JUNE 21</p>
<p>No events scheduled.</p>
<p>SUNDAY, JUNE 22</p>
<p>No events scheduled.</p>
<p>If you have items for inclusion in the Reuter European</p>
<p>Community diary, please contact:</p>
<p>Telephone: Cynthia Simpson (322) 287 6851</p>
<p>Fax: (322) 230 5573</p>
<p>For technical queries regarding</p>
<p>the service, please call (322) 287 6666</p>
<p>- - - - - - - - - - - - - - - - - - - - - - -</p>
<p>EC Report (C)opyright Reuters Limited.</p>
</text>
<copyright>(c) Reuters Limited 1997</copyright>
<metadata>
<codes class="bip:countries:1.0">
  <code code="EEC">
    <editdetail attribution="Reuters BIP Coding Group" action="confirmed" date="1997-06-13"/>
  </code>
</codes>
<codes class="bip:topics:1.0">
  <code code="G15">
    <editdetail attribution="Reuters BIP Coding Group" action="confirmed" date="1997-06-13"/>
  </code>
  <code code="GCAT">
    <editdetail attribution="Reuters BIP Coding Group" action="confirmed" date="1997-06-13"/>
  </code>
</codes>
<dc element="dc.publisher" value="Reuters Holdings Plc"/>
<dc element="dc.date.published" value="1997-06-13"/>
<dc element="dc.source" value="Reuters"/>
<dc element="dc.creator.location.country.name" value="EU"/>
<dc element="dc.source" value="Reuters"/>
</metadata>
</newsitem>
