<?xml version="1.0" encoding="iso-8859-1" ?>
<newsitem itemid="658696" id="root" date="1997-06-13" xml:lang="en">
<title>SOUTH AFRICA: LENCO, LENVEST STILL IN TALKS.</title>
<headline>LENCO, LENVEST STILL IN TALKS.</headline>
<dateline>JOHANNESBURG 1997-06-13</dateline>
<text>
<p>Lenco Investment Holdings Ltd and Lenco Holdings Ltd said on Friday talks referred to in an announcement on May 20 which could impact on both their share prices, were continuing.</p>
<p>A further announcement was expected to made in early July, they said in a joint statement.</p>
<p>Shareholders were urged to exercise caution until then.</p>
<p>Market talk has linked Lenco Holdings to a possible takeover of fellow packaging group Malbak Ltd , although directors at Lenco will not comment on the speculation.</p>
<p>-- Johannesburg newsroom, +27 11 482 1003</p>
</text>
<copyright>(c) Reuters Limited 1997</copyright>
<metadata>
<codes class="bip:countries:1.0">
  <code code="SAFR">
    <editdetail attribution="Reuters BIP Coding Group" action="confirmed" date="1997-06-13"/>
  </code>
</codes>
<codes class="bip:industries:1.0">
  <code code="I45300">
    <editdetail attribution="Reuters BIP Coding Group" action="confirmed" date="1997-06-13"/>
  </code>
  <code code="I83960">
    <editdetail attribution="Reuters BIP Coding Group" action="confirmed" date="1997-06-13"/>
  </code>
</codes>
<codes class="bip:topics:1.0">
  <code code="C15">
    <editdetail attribution="Reuters BIP Coding Group" action="confirmed" date="1997-06-13"/>
  </code>
  <code code="C152">
    <editdetail attribution="Reuters BIP Coding Group" action="confirmed" date="1997-06-13"/>
  </code>
  <code code="C18">
    <editdetail attribution="Reuters BIP Coding Group" action="confirmed" date="1997-06-13"/>
  </code>
  <code code="C181">
    <editdetail attribution="Reuters BIP Coding Group" action="confirmed" date="1997-06-13"/>
  </code>
  <code code="CCAT">
    <editdetail attribution="Reuters BIP Coding Group" action="confirmed" date="1997-06-13"/>
  </code>
</codes>
<dc element="dc.date.created" value="1997-06-13"/>
<dc element="dc.publisher" value="Reuters Holdings Plc"/>
<dc element="dc.date.published" value="1997-06-13"/>
<dc element="dc.source" value="Reuters"/>
<dc element="dc.creator.location" value="JOHANNESBURG"/>
<dc element="dc.creator.location.country.name" value="SOUTH AFRICA"/>
<dc element="dc.source" value="Reuters"/>
</metadata>
</newsitem>
