<?xml version="1.0" encoding="iso-8859-1" ?>
<newsitem itemid="658679" id="root" date="1997-06-13" xml:lang="en">
<title>GERMANY: SOCCER-STUTTGART ROW, COTTBUS RELAX BEFORE CUP.</title>
<headline>SOCCER-STUTTGART ROW, COTTBUS RELAX BEFORE CUP.</headline>
<byline>Emma Thomasson</byline>
<dateline>BONN 1997-06-13</dateline>
<text>
<p>Favourites VfB Stuttgart and newly promoted second division club Cottbus Energie go into Saturday's German Cup final in very different moods.</p>
<p>Stuttgart, who finished fourth in the Bundesliga last season, have been distracted by internal rows and Cottbus players plan to add a further distraction on the pitch -- they've dyed their hair bright colours.</p>
<p>Stuttgart strikers Fredi Bobic and Giovane Elber have recently poured scorn on their side.</p>
<p>Brazilian Elber, playing his last match for Stuttgart before moving to league champions Bayern Munich next season, criticised the club's management, citing that as one of the reasons he had decided to quit the club for Bayern.</p>
<p>German international Bobic, who scored 19 of Stuttgart's 78 goals last season, slammed the club for not telling him about a reputed transfer offer from Spain's Real Betis.</p>
<p>&quot;I will not let myself be treated like dirt,&quot; Bobic said.</p>
<p>The 25-year-old striker toned down his statement after talks with Stuttgart general director Ulrich Schaefer, who said the row had been the result of a misunderstanding and denied Betis had made an offer for Bobic.</p>
<p>Betis are known to be in the market for a strike partner for Spanish international Alfonso Perez, but have not made any official comment about Bobic.</p>
<p>Midfielder Matthias Hagner called on his teammates to stop arguing and concentrate on the final at Berlin's Olympic stadium, in front of a 75,800 sell-out crowd. &quot;If we lose this game we will be the fools of the nation,&quot; Hagner said.</p>
<p>Meanwhile, Cottbus, promoted to the second division after the best season of their 31-year history, prepared to give the final a carnival atmosphere, several players dyeing their hair bright colours for the occasion.</p>
<p>Cottbus became the first team from former communist East Germany to reach the German final and only the second regional league club in history to get that far -- emulating Hertha Berlin's effort in 1993 -- when they beat first division Karlsruhe 3-0 in April.</p>
<p>&quot;It will be the easiest game in the world. We will tackle this in a relaxed and comical way,&quot; said Cottbus coach Eduard Geyer after his club was promoted.</p>
<p>&quot;Our chances are around 10 percent, but we'll use those to the full. Stuttgart have had a hard time in the Bundesliga against smaller teams like Duisburg or Duesseldorf,&quot; said Geyer, former coach of East Germany's national team.</p>
<p>&quot;If we keep the scoreline to zero for long enough, they will get nervous,&quot; Cottbus's Jens Melzig said.</p>
<p>But Stuttgart, who have not won the Cup since 1958, are impatient for a win after leading the Bundesliga in March before falling away at the end of the season.</p>
<p>&quot;We have waited long enough. The team are well prepared and very concentrated,&quot; said Stuttgart coach Joachim Loew.</p>
<p>Probable teams:</p>
<p>Stuttgart - 1 Franz Wohlfahrt, 14 Thomas Schneider, 5 Frank Verlaat, 4 Thomas Berthold, 7 Matthias Hagner, 20 Zvonimir Soldo, 10 Krasimir Balakov, 16 Gerhard Poschner, 3 Thorsten Legat, 9 Giovane Elber, 11 Fredi Bobic.</p>
<p>Cottbus - 1 Kay Wehner, 3 Thomas Hossmang, 4 Sven Benken, 5 Jens Melzig, 7 Ingo Schneider, 6 Detlev Irrgang, 21 Willi Kronhardt, 8 Jens-Uwe Zoephel, 14 Jorg Woltmann, 9 Toralf Konetzke, 17 Frank Seifert.</p>
</text>
<copyright>(c) Reuters Limited 1997</copyright>
<metadata>
<codes class="bip:countries:1.0">
  <code code="GFR">
    <editdetail attribution="Reuters BIP Coding Group" action="confirmed" date="1997-06-13"/>
  </code>
</codes>
<codes class="bip:topics:1.0">
  <code code="GCAT">
    <editdetail attribution="Reuters BIP Coding Group" action="confirmed" date="1997-06-13"/>
  </code>
  <code code="GSPO">
    <editdetail attribution="Reuters BIP Coding Group" action="confirmed" date="1997-06-13"/>
  </code>
</codes>
<dc element="dc.date.created" value="1997-06-13"/>
<dc element="dc.publisher" value="Reuters Holdings Plc"/>
<dc element="dc.date.published" value="1997-06-13"/>
<dc element="dc.source" value="Reuters"/>
<dc element="dc.creator.location" value="BONN"/>
<dc element="dc.creator.location.country.name" value="GERMANY"/>
<dc element="dc.source" value="Reuters"/>
</metadata>
</newsitem>
