<?xml version="1.0" encoding="iso-8859-1" ?>
<newsitem itemid="658651" id="root" date="1997-06-13" xml:lang="en">
<title>ESTONIA: SOCCER-ESTONIAN CHAMPIONSHIP RESULT.</title>
<headline>SOCCER-ESTONIAN CHAMPIONSHIP RESULT.</headline>
<dateline>TALLINN 1997-06-13</dateline>
<text>
<p>Result of an Estonian soccer championship match played on Thursday:</p>
<p>FC Lantana  2  Tallinna Sadam  0</p>
</text>
<copyright>(c) Reuters Limited 1997</copyright>
<metadata>
<codes class="bip:countries:1.0">
  <code code="ESTNIA">
    <editdetail attribution="Reuters BIP Coding Group" action="confirmed" date="1997-06-13"/>
  </code>
</codes>
<codes class="bip:topics:1.0">
  <code code="GCAT">
    <editdetail attribution="Reuters BIP Coding Group" action="confirmed" date="1997-06-13"/>
  </code>
  <code code="GSPO">
    <editdetail attribution="Reuters BIP Coding Group" action="confirmed" date="1997-06-13"/>
  </code>
</codes>
<dc element="dc.date.created" value="1997-06-13"/>
<dc element="dc.publisher" value="Reuters Holdings Plc"/>
<dc element="dc.date.published" value="1997-06-13"/>
<dc element="dc.source" value="Reuters"/>
<dc element="dc.creator.location" value="TALLINN"/>
<dc element="dc.creator.location.country.name" value="ESTONIA"/>
<dc element="dc.source" value="Reuters"/>
</metadata>
</newsitem>
