<?xml version="1.0" encoding="iso-8859-1" ?>
<newsitem itemid="658680" id="root" date="1997-06-13" xml:lang="en">
<title>SPAIN: SOCCER-BETTING ON SUNDAY'S REAL MADRID V ATLETICO MADRID MATCH.</title>
<headline>SOCCER-BETTING ON SUNDAY'S REAL MADRID V ATLETICO MADRID MATCH.</headline>
<dateline>MADRID 1997-06-13</dateline>
<text>
<p>Betting on Sunday's Spanish</p>
<p>league clash between Real Madrid and Atletico Madrid:</p>
<p>Match odds: 7-4 on Real, Evens Atletico, 5-2 draw</p>
<p>Correct score:</p>
<p>    Real to win	    Atletico to win</p>
<p>    1-0     11-2	    9-1</p>
<p>    2-0	6-1	   18-1</p>
<p>    2-1	7-1	   16-1</p>
<p>    3-0     10-1	   66-1</p>
<p>    3-1     11-1	   66-1</p>
<p>    3-2     40-1	   66-1</p>
<p>    4-0     25-1</p>
<p>    4-1     25-1</p>
<p>    4-2     50-1</p>
<p>    5-0     50-1</p>
<p>    5-1     50-1</p>
<p>Draw odss:</p>
<p>    0-0	6-1</p>
<p>    1-1     11-2</p>
<p>    2-2     20-1</p>
<p>    3-3     80-1</p>
<p>First goalscorer:</p>
<p>	   Real		  Atletico</p>
<p>    5-1  Suker	     13-2 Senaider</p>
<p>    6-1  Mijatovic	  8-1 Kiko</p>
<p>    8-1  Raul		 9-1 Biagini</p>
<p>    12-1 Amausica	  11-1 Pantic</p>
<p>14-1 Victor Sanchez  14-1 Simeone</p>
<p>    16-1 and upwards others. 6-1 no goalscoer</p>
</text>
<copyright>(c) Reuters Limited 1997</copyright>
<metadata>
<codes class="bip:countries:1.0">
  <code code="SPAIN">
    <editdetail attribution="Reuters BIP Coding Group" action="confirmed" date="1997-06-13"/>
  </code>
</codes>
<codes class="bip:topics:1.0">
  <code code="GCAT">
    <editdetail attribution="Reuters BIP Coding Group" action="confirmed" date="1997-06-13"/>
  </code>
  <code code="GSPO">
    <editdetail attribution="Reuters BIP Coding Group" action="confirmed" date="1997-06-13"/>
  </code>
</codes>
<dc element="dc.date.created" value="1997-06-13"/>
<dc element="dc.publisher" value="Reuters Holdings Plc"/>
<dc element="dc.date.published" value="1997-06-13"/>
<dc element="dc.source" value="Reuters"/>
<dc element="dc.creator.location" value="MADRID"/>
<dc element="dc.creator.location.country.name" value="SPAIN"/>
<dc element="dc.source" value="Reuters"/>
</metadata>
</newsitem>
