<?xml version="1.0" encoding="iso-8859-1" ?>
<newsitem itemid="658632" id="root" date="1997-06-13" xml:lang="en">
<title>BOLIVIA: SOCCER-PERU BEAT URUGUAY 1-0 IN COPA AMERICA.</title>
<headline>SOCCER-PERU BEAT URUGUAY 1-0 IN COPA AMERICA.</headline>
<dateline>SUCRE, Bolivia 1997-06-12</dateline>
<text>
<p>Peru beat Uruguay 1-0</p>
<p>(halftime 0-0) in a Copa America first round group B match</p>
<p>Thursday.</p>
<p>Scorer: Martin Hidalgo (74th minute)</p>
<p>Attendance: 5,000</p>
</text>
<copyright>(c) Reuters Limited 1997</copyright>
<metadata>
<codes class="bip:countries:1.0">
  <code code="BOL">
    <editdetail attribution="Reuters BIP Coding Group" action="confirmed" date="1997-06-13"/>
  </code>
  <code code="PERU">
    <editdetail attribution="Reuters BIP Coding Group" action="confirmed" date="1997-06-13"/>
  </code>
  <code code="URU">
    <editdetail attribution="Reuters BIP Coding Group" action="confirmed" date="1997-06-13"/>
  </code>
</codes>
<codes class="bip:topics:1.0">
  <code code="GCAT">
    <editdetail attribution="Reuters BIP Coding Group" action="confirmed" date="1997-06-13"/>
  </code>
  <code code="GSPO">
    <editdetail attribution="Reuters BIP Coding Group" action="confirmed" date="1997-06-13"/>
  </code>
</codes>
<dc element="dc.date.created" value="1997-06-12"/>
<dc element="dc.publisher" value="Reuters Holdings Plc"/>
<dc element="dc.date.published" value="1997-06-13"/>
<dc element="dc.source" value="Reuters"/>
<dc element="dc.creator.location" value="SUCRE, Bolivia"/>
<dc element="dc.creator.location.country.name" value="BOLIVIA"/>
<dc element="dc.source" value="Reuters"/>
</metadata>
</newsitem>
