<?xml version="1.0" encoding="iso-8859-1" ?>
<newsitem itemid="658692" id="root" date="1997-06-13" xml:lang="en">
<title>LESOTHO: LESOTHO'S KING CALLS COUNCIL OF STATE ON CRISIS.</title>
<headline>LESOTHO'S KING CALLS COUNCIL OF STATE ON CRISIS.</headline>
<dateline>MASERU 1997-06-13</dateline>
<text>
<p>Lesotho's King Letsie has summoned a meeting of the country's council of state to discuss the political crisis in the kingdom, officials said on Friday.</p>
<p>Speaker John Kolane told the national assembly the council would meet at 11 a.m. on Monday and officials said the meeting was expected to review the crisis which followed Prime Minister Ntsu Mokhehle's formation of a new governing party last weekend.</p>
<p>Mokhehle, the ageing and ailing prime minister, formed the Lesotho Congress for Democracy Party with a faction of the ruling Basotholand Congress Party (BCP), taking with him a majority of the 65 members of parliament to form a new party in power.</p>
<p>Members of the BCP who are now in opposition walked out of parliament on Wednesday in protest.</p>
<p>The council of state includes the prime minister, speaker, two judges and the heads of the defence force and police, as well as a representative of the 22 top chiefs in the country.</p>
</text>
<copyright>(c) Reuters Limited 1997</copyright>
<metadata>
<codes class="bip:countries:1.0">
  <code code="LESOT">
    <editdetail attribution="Reuters BIP Coding Group" action="confirmed" date="1997-06-13"/>
  </code>
</codes>
<codes class="bip:topics:1.0">
  <code code="GCAT">
    <editdetail attribution="Reuters BIP Coding Group" action="confirmed" date="1997-06-13"/>
  </code>
  <code code="GPOL">
    <editdetail attribution="Reuters BIP Coding Group" action="confirmed" date="1997-06-13"/>
  </code>
</codes>
<dc element="dc.date.created" value="1997-06-13"/>
<dc element="dc.publisher" value="Reuters Holdings Plc"/>
<dc element="dc.date.published" value="1997-06-13"/>
<dc element="dc.source" value="Reuters"/>
<dc element="dc.creator.location" value="MASERU"/>
<dc element="dc.creator.location.country.name" value="LESOTHO"/>
<dc element="dc.source" value="Reuters"/>
</metadata>
</newsitem>
