<?xml version="1.0" encoding="iso-8859-1" ?>
<newsitem itemid="658640" id="root" date="1997-06-13" xml:lang="en">
<title>UK: SOCCER-MIDDLESBROUGH ABANDON BATTLE FOR POINTS.</title>
<headline>SOCCER-MIDDLESBROUGH ABANDON BATTLE FOR POINTS.</headline>
<dateline>LONDON 1997-06-13</dateline>
<text>
<p>Middlesbrough Football Club have accepted the Premier League's decision to deduct the three points which ultimately cost the English side its place in the top flight last season, the club said in a statement on Friday.</p>
<p>The club lost the points and were fined 50,000 pounds ($81,400) after pulling out of a December match against Blackburn due to illness and injury to 23 players.</p>
<p>But while millionaire chairman Steve Gibson reluctantly accepted the penalty, he slammed league officials in an angry letter to league chief executive Peter Leaver.</p>
<p>Gibson said: &quot;The attempts of my club to be heard and to receive a balanced and fair hearing have been met with a mixture of arrogance, complacency, incompetence, negligence and self-interest.&quot;</p>
<p>The club were critical of advice offered to them before the decision to postpone the game.</p>
<p>Gibson asked why league officials did not advise Middlesbrough that postponing a game when the club had more than 11 fit professionals could never constitute &quot;just cause&quot; when just three weeks later at a league commission hearing they were able to do so with such clarity.</p>
<p>Calling for an independent inquiry, Gibson said: &quot;The extent of the penalties imposed defies natural justice and my football club can no longer be forgiving.&quot;</p>
<p>A Premier League spokesman confirmed they had received the letter.</p>
<p>&quot;We will be responding in due course, but as far we are concerned the matter is closed and Middlesbrough ceased to be a member of the premier league at midnight on June 4,&quot; he said.</p>
<p>The club, which boast such international stars as Brazil's Juninho and Emerson as well as Italy's Fabrizio Ravanelli, received the support of Middlesbrough MP Stuart Bell who tabled a motion in Parliament on Thursday asking the league to appoint an independent body to review the case.</p>
<p>Middlesbrough suffered a roller-coaster season, ending up relegated but in two Wembley Cup finals, only to lose both.</p>
</text>
<copyright>(c) Reuters Limited 1997</copyright>
<metadata>
<codes class="bip:countries:1.0">
  <code code="UK">
    <editdetail attribution="Reuters BIP Coding Group" action="confirmed" date="1997-06-13"/>
  </code>
</codes>
<codes class="bip:topics:1.0">
  <code code="GCAT">
    <editdetail attribution="Reuters BIP Coding Group" action="confirmed" date="1997-06-13"/>
  </code>
  <code code="GSPO">
    <editdetail attribution="Reuters BIP Coding Group" action="confirmed" date="1997-06-13"/>
  </code>
</codes>
<dc element="dc.date.created" value="1997-06-13"/>
<dc element="dc.publisher" value="Reuters Holdings Plc"/>
<dc element="dc.date.published" value="1997-06-13"/>
<dc element="dc.source" value="Reuters"/>
<dc element="dc.creator.location" value="LONDON"/>
<dc element="dc.creator.location.country.name" value="UK"/>
<dc element="dc.source" value="Reuters"/>
</metadata>
</newsitem>
