<?xml version="1.0" encoding="iso-8859-1" ?>
<newsitem itemid="658629" id="root" date="1997-06-13" xml:lang="en">
<title>USA: NBA BASKETBALL-RODMAN FINED RECORD $50,000 BUT NOT SUSPENDED.</title>
<headline>NBA BASKETBALL-RODMAN FINED RECORD $50,000 BUT NOT SUSPENDED.</headline>
<dateline>DEERFIELD, Illinois 1997-06-12</dateline>
<text>
<p>NBA Commissioner David Stern fined Dennis Rodman $50,000 Thursday but did not suspend the Chicago Bulls bad boy for obscenity-laced comments he made about Mormons during the league's championship series.</p>
<p>&quot;I have indicated in previous actions that insensitive or derogatory comments involving race or other classifications are unacceptable in the NBA,&quot; Stern said in a statement.</p>
<p>&quot;Dennis Rodman's comments were exactly the kind of offensive remarks that cannot be tolerated or excused,&quot; Stern said.</p>
<p>The fine doubles the previous largest NBA fine of $25,000, levied three times, but the league did not go so far as to suspend the six-time NBA rebounding champion, who will be available to play for Chicago in Game 6 of the Finals Friday.</p>
<p>The defending champion Bulls stand one win away from their fifth championship, leading the Utah Jazz three games to two in the best-of-seven Finals.</p>
<p>Rodman, in a bizarre explanation of his poor play in the Finals, said last Saturday that he could not get his game in sync because of all the &quot;asshole Mormons&quot; in Utah.</p>
<p>Rodman -- who on Tuesday made a clumsy attempt to explain his remarks by saying &quot;The Mormons don't like me either, right?&quot; and claiming he was a frequent target of abuse in Utah -- apologised at the Bulls' practice facility here Thursday.</p>
<p>&quot;As far as religion, it's not about trying to put down anybody's religion,&quot; Rodman said. &quot;I apologise for that.&quot;</p>
<p>But he rapped the NBA's action: &quot;They have no reason, no business to even get involved. Like I said, I apologise for the religion.&quot;</p>
<p>Bulls coach Phil Jackson believes Rodman did not intend to disparage the Mormon religion.</p>
<p>&quot;To Dennis, a Mormon may be just a nickname for people from Utah,&quot; said Jackson. &quot;He may not even know it's a religious cult or sect, or whatever it is. I don't know what Dennis even associates with it.&quot;</p>
<p>The Mormon church -- The Church of Jesus Christ of Latter-day Saints, whose members make up about 70 percent of the Utah population -- declined comment on the controversy.</p>
<p>But anti-bigotry groups condemned Rodman's comments.</p>
<p>During the week that the NBA Finals were in Salt Lake City -- for Games 3, 4 and 5 -- Rodman fled strait-laced Utah to relax in anything-goes Las Vegas in neighbouring Nevada for two nights in a row, saying he &quot;wanted to get the hell out of here and relax.&quot;</p>
<p>Rodman's unusual lifestyle choices -- which include ever-changing garish hair colours, cross-dressing, body-piercing and gambling -- are the polar opposite of Mormon beliefs, which do not allow smoking, swearing or the consumption of alcohol or caffeine.</p>
<p>The most recent $25,000 fine was against New Jersey Nets coach John Calipari earlier this season for calling a sportswriter a &quot;stupid Mexican.&quot;</p>
<p>Rodman this season drew three suspensions that cost him 14 games and more than $1.2 million in fines and lost salary.</p>
<p>He was suspended for a pair of games by the Bulls in December for swearing during a live postgame interview.</p>
<p>He also drew a one-game ban from the league for a tussle with Milwaukee Bucks forward Joe Wolf in March.</p>
<p>The biggest suspension was an 11-game ban for kicking a courtside cameraman during a game at Minnesota on January 15.</p>
<p>Rodman, who also drew a $25,000 fine for the cameraman incident, has continued his temperamental play in the postseason. After averaging 16.1 rebounds per contest during the season, he has managed just 8.3 per game in the playoffs while collecting a record 17 technical fouls in 18 games.</p>
<p>Rodman earned $9 million this season and becomes a free agent on July 1. Speculation is strong that Rodman has worn out his welcome with the Bulls and will not be re-signed.</p>
</text>
<copyright>(c) Reuters Limited 1997</copyright>
<metadata>
<codes class="bip:countries:1.0">
  <code code="USA">
    <editdetail attribution="Reuters BIP Coding Group" action="confirmed" date="1997-06-13"/>
  </code>
</codes>
<codes class="bip:topics:1.0">
  <code code="GCAT">
    <editdetail attribution="Reuters BIP Coding Group" action="confirmed" date="1997-06-13"/>
  </code>
  <code code="GSPO">
    <editdetail attribution="Reuters BIP Coding Group" action="confirmed" date="1997-06-13"/>
  </code>
</codes>
<dc element="dc.date.created" value="1997-06-12"/>
<dc element="dc.publisher" value="Reuters Holdings Plc"/>
<dc element="dc.date.published" value="1997-06-13"/>
<dc element="dc.source" value="Reuters"/>
<dc element="dc.creator.location" value="DEERFIELD, Illinois"/>
<dc element="dc.creator.location.country.name" value="USA"/>
<dc element="dc.source" value="Reuters"/>
</metadata>
</newsitem>
