<?xml version="1.0" encoding="iso-8859-1" ?>
<newsitem itemid="658650" id="root" date="1997-06-13" xml:lang="en">
<title>UKRAINE: SOCCER-UKRAINIAN PREMIER DIVISION RESULTS/STANDINGS.</title>
<headline>SOCCER-UKRAINIAN PREMIER DIVISION RESULTS/STANDINGS.</headline>
<dateline>KIEV 1997-06-13</dateline>
<text>
<p>Results of Ukrainian premier</p>
<p>division soccer matches played on Thursday:</p>
<p>Dnipro Dnipropetrovsk  3  Chornomorets Odessa  2</p>
<p> Shakhtar Donetsk	 4  Vorskla Poltava	0</p>
<p>    Standings		P    W    D    L    F   A   Pts</p>
<p> 1.Dynamo		   27   22    2    3   66   18   68</p>
<p> 2.Shakhtar		 27   17    5    5   65   25   56</p>
<p> 3.Vorskla		  28   15    7    6   44   26   52</p>
<p> 4.Dnipro		   27   13   12    2   46   18   51</p>
<p> 5.Karpaty		  28   13    7    8   34   23   46</p>
<p> 6.Tavria		   28   12    5   11   34   41   41</p>
<p> 7.Chornomorets	   28   11    5   12   35   31   38</p>
<p> 8.Zirka-Nibas	    27   11    3   13   27   45   36</p>
<p> 9.Nyva Ternopil	  27   10    6   11   26   30   36</p>
<p>10.Metalurg		 27   10    4   13   40   42   34</p>
<p>11.CSKA		     27    8    7   12   25   30   31</p>
<p>12.Prykarpattya	   28    8    6   14   33   47   30</p>
<p>13.Kryvbas		  28    8    5   15   22   47   29</p>
<p>14.Torpedo		  27    7    5   15   22   46   26</p>
<p>15.Kremin		   28    7    3   18   28   52   24</p>
<p>16.Nyva Vinnytsya	 28    4    6   18   19   45   18</p>
</text>
<copyright>(c) Reuters Limited 1997</copyright>
<metadata>
<codes class="bip:countries:1.0">
  <code code="UKRN">
    <editdetail attribution="Reuters BIP Coding Group" action="confirmed" date="1997-06-13"/>
  </code>
</codes>
<codes class="bip:topics:1.0">
  <code code="GCAT">
    <editdetail attribution="Reuters BIP Coding Group" action="confirmed" date="1997-06-13"/>
  </code>
  <code code="GSPO">
    <editdetail attribution="Reuters BIP Coding Group" action="confirmed" date="1997-06-13"/>
  </code>
</codes>
<dc element="dc.date.created" value="1997-06-13"/>
<dc element="dc.publisher" value="Reuters Holdings Plc"/>
<dc element="dc.date.published" value="1997-06-13"/>
<dc element="dc.source" value="Reuters"/>
<dc element="dc.creator.location" value="KIEV"/>
<dc element="dc.creator.location.country.name" value="UKRAINE"/>
<dc element="dc.source" value="Reuters"/>
</metadata>
</newsitem>
