<?xml version="1.0" encoding="iso-8859-1" ?>
<newsitem itemid="658634" id="root" date="1997-06-13" xml:lang="en">
<title>USA: GOLF-MONTGOMERIE HOLDS FIRST ROUND LEAD AT U.S. OPEN.</title>
<headline>GOLF-MONTGOMERIE HOLDS FIRST ROUND LEAD AT U.S. OPEN.</headline>
<byline>Walter Bagley</byline>
<dateline>BETHESDA, Maryland 1997-06-12</dateline>
<text>
<p>Colin Montgomerie, who had said that Congresssional Country Club's treacherous golf course suited his game, proved it Thursday by shooting a five-under-par 65 to lead the first round of the U.S. Open.</p>
<p>Montgomerie, who says he loves tough courses, made Congressional -- the longest course in Open history -- look anything but tough as he birdied five of seven holes in the middle of his near-flawless round.</p>
<p>Hal Sutton, winner of the 1983 PGA Championship, and Steve Stricker -- both of whom have struggled on the tour this year -- shot four-under par 66s to stand second to Montgomerie, whose 65 matched his best effort in 22 U.S. Open rounds.</p>
<p>British Open champion Tom Lehman, who tied for second last year, and Mark McNulty of Zimbabwe both posted 67s for third place. They were one ahead of Hideki Kase of Japan, a rookie on the U.S. PGA Tour, and Nike Tour player Dave Schreyer -- who were both making their U.S. Open debuts.</p>
<p>Jeff Sluman, another former PGA champion who was second in the 1992 Open, was tied at 69 with Justin leonard, who won last week's Kemper Open just down the road.</p>
<p>Montgomerie said accuracy off the tee -- his speciality -- was the key to his fine round on a 7,213-yard course, where many top players struggled amid the thick rough, deep bunkers and four dangerous water holes.</p>
<p>&quot;I love this form of golf, where hitting fairways means something and par means something,&quot; Montgomerie said after getting off to his best start by far in this championship.</p>
<p>&quot;You can't play this golf course from the rough,&quot; added Montgomerie, who hit 13 of 14 fairways -- using a 3-wood.</p>
<p>On the only hole where Montgomerie missed the fairway, the very difficult sixth -- a par-5 turned into a 475-yard par-4 -- he managed to save par when he hit his 8-iron third shot stiff after driving into deep rough.</p>
<p>&quot;That was the most vital hole of the day,&quot; Montgomerie said. &quot;It was the most important par I've made in a long time.&quot;</p>
<p>Montgomerie, who has an excellent record in U.S. Opens, including a second and a third-place finish, could have been a stroke better, but he bogeyed the 480-yard, par-4 17th for the only blemish on his scorecard.</p>
<p>Tiger Woods, the young Masters champion and a heavy favourite here, got off to a rocky start and played very inconsistently throughout the warm, cloudy day.</p>
<p>He began par, birdie, bogey, birdie, bogey, par, birdie and made the turn at one under. However, after a birdie at the 10th, he made a double bogey at the 11th, bogeys at 13 and 15 and a double bogey at the par-3 last, where he dunked his tee shot in the lake shared by the 17th and 18th holes.</p>
<p>After finishing at four-over 74, the 21-year-old three-time U.S. Amateur champion stalked off the 18th green and headed right to the parking lot without talking to reporters.</p>
<p>He later told a championship official that he simply hit too many bad shots, especially on the back nine.</p>
<p>Asked what he was thinking after his disappointing round, a subdued Woods said: &quot;I don't know.&quot; Asked what he was going to do, he again answered: &quot;I don't know,&quot; according to a transcript of the conversation.</p>
<p>Montgomerie opened with six pars and then birdied the seventh and ninth holes, sinking three-footers on each, to make the turn at two-under-par 33.</p>
<p>He then birdied numbers 10, 12, 13 and 16 -- all from 15 feet or less -- to go to six under. But he gave one back at the 17th, Congressional's signature hole, a long, downhill par-4 whose green is nestled on the lake shore across from the 18th green.</p>
<p>Montgomerie, the best player on the European PGA Tour for the past four years, put his approach in a bunker to the right of the green, blasted to about 15 feet but then missed the putt as his ball just slipped past the hole.</p>
<p>He then made a routine par at the 190-yard 18th -- the first par-3 to conclude a U.S. Open since 1909 -- despite the presence of a big, black snake just off the green.</p>
<p>&quot;Those things happen. It came out of the water, I believe,&quot; Montgomerie said. &quot;The crowd seemed more intent on watching the snake than (watching) me trying to putt for 64, which was fine. It took the pressure off.&quot;</p>
<p>Montgomerie, however, missed the birdie try for 64.</p>
<p>Still, Montgomerie -- who says this is the championship he most wants to win -- was delighted with his round, which he called &quot;about the best round I ever put together.&quot;</p>
<p>Despite his lead, however, Montgomerie knew there was still a lot of golf yet to be played.</p>
<p>&quot;I've only done seven of the 28 miles (45 km),&quot; he said, referring to four trips over Congressional's 7,213 yards.</p>
<p>&quot;There's an awful long way to go, but I'm in position where I can compete.&quot;</p>
</text>
<copyright>(c) Reuters Limited 1997</copyright>
<metadata>
<codes class="bip:countries:1.0">
  <code code="UK">
    <editdetail attribution="Reuters BIP Coding Group" action="confirmed" date="1997-06-13"/>
  </code>
  <code code="USA">
    <editdetail attribution="Reuters BIP Coding Group" action="confirmed" date="1997-06-13"/>
  </code>
</codes>
<codes class="bip:topics:1.0">
  <code code="GCAT">
    <editdetail attribution="Reuters BIP Coding Group" action="confirmed" date="1997-06-13"/>
  </code>
  <code code="GSPO">
    <editdetail attribution="Reuters BIP Coding Group" action="confirmed" date="1997-06-13"/>
  </code>
</codes>
<dc element="dc.date.created" value="1997-06-12"/>
<dc element="dc.publisher" value="Reuters Holdings Plc"/>
<dc element="dc.date.published" value="1997-06-13"/>
<dc element="dc.source" value="Reuters"/>
<dc element="dc.creator.location" value="BETHESDA, Maryland"/>
<dc element="dc.creator.location.country.name" value="USA"/>
<dc element="dc.source" value="Reuters"/>
</metadata>
</newsitem>
