<?xml version="1.0" encoding="iso-8859-1" ?>
<newsitem itemid="658648" id="root" date="1997-06-13" xml:lang="en">
<title>ROMANIA: SOCCER-STEAUA TRAINER RESIGNS OVER TEAM'S FATE.</title>
<headline>SOCCER-STEAUA TRAINER RESIGNS OVER TEAM'S FATE.</headline>
<dateline>BUCHAREST 1997-06-13</dateline>
<text>
<p>Dumitru Dumitriu, trainer of Romanian league and cup holders Steaua Bucharest, has resigned in a row with his boss over the future of their side.</p>
<p>&quot;I decided to resign because of tensions with Steaua president Marcel Puscas, who wants to impose changes I don't agree with,&quot; Dumitriu said on Friday. &quot;I decided it was better to quit before being fired.&quot;</p>
<p>Puscas, appointed Steaua club president earlier this year, has campaigned to wrest the club from the umbrella of the military, which has set him at odds with Dumitriu.</p>
<p>The Steaua (The Star) was created 50 years ago by Communists who seized power in Romania with Moscow's help after World War Two. It was subordinated to the army, according to Soviet-style rules.</p>
<p>&quot;I don't agree with the separation of the soccer team from the Defence Ministry,&quot; Dumitriu said.</p>
<p>He argued that continued army patronage would guarantee the team's financial security against post-communist magnates, bent on reaping a quick profit from the team's successes.</p>
<p>&quot;I don't want the club to be taken over by some nouveaux riches.&quot;</p>
<p>Dumitriu, Steaua trainer since 1994, has won the national league three times with his side and the Romanian Cup twice. Steaua played the European Cup for the past three years but never got beyond group level to the quarter-finals.</p>
</text>
<copyright>(c) Reuters Limited 1997</copyright>
<metadata>
<codes class="bip:countries:1.0">
  <code code="ROM">
    <editdetail attribution="Reuters BIP Coding Group" action="confirmed" date="1997-06-13"/>
  </code>
</codes>
<codes class="bip:topics:1.0">
  <code code="GCAT">
    <editdetail attribution="Reuters BIP Coding Group" action="confirmed" date="1997-06-13"/>
  </code>
  <code code="GSPO">
    <editdetail attribution="Reuters BIP Coding Group" action="confirmed" date="1997-06-13"/>
  </code>
</codes>
<dc element="dc.date.created" value="1997-06-13"/>
<dc element="dc.publisher" value="Reuters Holdings Plc"/>
<dc element="dc.date.published" value="1997-06-13"/>
<dc element="dc.source" value="Reuters"/>
<dc element="dc.creator.location" value="BUCHAREST"/>
<dc element="dc.creator.location.country.name" value="ROMANIA"/>
<dc element="dc.source" value="Reuters"/>
</metadata>
</newsitem>
