<?xml version="1.0" encoding="iso-8859-1" ?>
<newsitem itemid="658639" id="root" date="1997-06-13" xml:lang="en">
<title>UK: TENNIS-BIG SERVERS TRIUMPH AT QUEEN'S.</title>
<headline>TENNIS-BIG SERVERS TRIUMPH AT QUEEN'S.</headline>
<dateline>LONDON 1997-06-13</dateline>
<text>
<p>Big serves triumphed at Queen's on Friday with Mark Philippoussis of Australia and Britain's Greg Rusedski taking full advantage of the fast surface to book places in the London Grass Court Championship semifinals.</p>
<p>Philippoussis, ranked 19th in the world, dismissed Germany's Jens Knippschild, a lowly 105, 6-2 6-7 6-4 without really raising his game.</p>
<p>&quot;I never felt concerned. I never looked like losing my serve,&quot; the 20-year-old Philippoussis, who has served 63 aces in four matches so far this tournament, said.</p>
<p>&quot;He played a really good tie-break, but I was always comfortable.&quot;</p>
<p>The tall brooding Australian, who has won tournaments in Munich and Scottsdale this year, holds the record for the fastest ever recorded serve in tennis at 229 kph.</p>
<p>He said the tournament was proving fine preparation for Wimbledon in 10 days' time. &quot;I'm playing great at the moment and I always feel comfortable on grass. I'm looking forward to it,&quot; he said.</p>
<p>Rusedski became the first British player ever to reach the semifinals at Queen's, beating French Open semifinalist Patrick Rafter 4-6 7-5 6-3.</p>
<p>The big-hitting Canadian-born Briton, seeded 16 and ranked 44th in the world, had to raise and tighten his game after a series of volleying errors in the first set.</p>
<p>&quot;Pat looked tired after his long run at the French,&quot; Rusedski said. &quot;And midway though the second set I started playing some of the best tennis I've played so far this year.</p>
<p>&quot;I can still make progress -- my volleying could be sharper, but I'm pleased with my progress,&quot; he said.</p>
</text>
<copyright>(c) Reuters Limited 1997</copyright>
<metadata>
<codes class="bip:countries:1.0">
  <code code="AUSTR">
    <editdetail attribution="Reuters BIP Coding Group" action="confirmed" date="1997-06-13"/>
  </code>
  <code code="GFR">
    <editdetail attribution="Reuters BIP Coding Group" action="confirmed" date="1997-06-13"/>
  </code>
  <code code="UK">
    <editdetail attribution="Reuters BIP Coding Group" action="confirmed" date="1997-06-13"/>
  </code>
</codes>
<codes class="bip:topics:1.0">
  <code code="GCAT">
    <editdetail attribution="Reuters BIP Coding Group" action="confirmed" date="1997-06-13"/>
  </code>
  <code code="GSPO">
    <editdetail attribution="Reuters BIP Coding Group" action="confirmed" date="1997-06-13"/>
  </code>
</codes>
<dc element="dc.date.created" value="1997-06-13"/>
<dc element="dc.publisher" value="Reuters Holdings Plc"/>
<dc element="dc.date.published" value="1997-06-13"/>
<dc element="dc.source" value="Reuters"/>
<dc element="dc.creator.location" value="LONDON"/>
<dc element="dc.creator.location.country.name" value="UK"/>
<dc element="dc.source" value="Reuters"/>
</metadata>
</newsitem>
