<?xml version="1.0" encoding="iso-8859-1" ?>
<newsitem itemid="658745" id="root" date="1997-06-13" xml:lang="en">
<title>LITHUANIA: ROKISHKIS 5MO PROFIT UP, 1997 SEEN 17 MLN LTL.</title>
<headline>ROKISHKIS 5MO PROFIT UP, 1997 SEEN 17 MLN LTL.</headline>
<dateline>VILNIUS 1997-06-13</dateline>
<text>
<p>Lithuania's Rokishkis Cheese on Friday said its net profit after five months rose to 7.15 million litas from 1.45 million litas in the same period last year.</p>
<p>The company also told Reuters that it expected a net profit of 17 million litas in the whole of 1997.  </p>
<p>&quot;We succeeded to increase our production this year and had some products in reserves  which were produced the last year,&quot; chief financial executive Valerija Shimeniene told Reuters.</p>
<p>&quot;Our net profit in May rose to 1.47 million litas compared to 1.385 million litas in April,&quot; Shimeniene added.</p>
<p>&quot;The company targets a net profit of  17-18 million litas litas at the end of this year compared to 10.463 million litas audited net profit in 1996,&quot; Shimeniene said.</p>
<p>The company reported earlier that its sales for the five months of the year advanced to 55.8 million litas compared to 30.3 million litas in the same period last year.</p>
<p>Shimeniene also said that the company dominated 28 percent of the local dairy products market in May.</p>
<p>&quot;The company is considering reducing prices for some products sold on the local market from June 16 and to increase its turnover and the share of the market,&quot; Shimeniene said.</p>
<p>-- Andrius Vilkancas, Vilnius Newsroom +370 2 22 35 17</p>
</text>
<copyright>(c) Reuters Limited 1997</copyright>
<metadata>
<codes class="bip:countries:1.0">
  <code code="LITH">
    <editdetail attribution="Reuters BIP Coding Group" action="confirmed" date="1997-06-13"/>
  </code>
</codes>
<codes class="bip:topics:1.0">
  <code code="C15">
    <editdetail attribution="Reuters BIP Coding Group" action="confirmed" date="1997-06-13"/>
  </code>
  <code code="C151">
    <editdetail attribution="Reuters BIP Coding Group" action="confirmed" date="1997-06-13"/>
  </code>
  <code code="C152">
    <editdetail attribution="Reuters BIP Coding Group" action="confirmed" date="1997-06-13"/>
  </code>
  <code code="CCAT">
    <editdetail attribution="Reuters BIP Coding Group" action="confirmed" date="1997-06-13"/>
  </code>
</codes>
<dc element="dc.date.created" value="1997-06-13"/>
<dc element="dc.publisher" value="Reuters Holdings Plc"/>
<dc element="dc.date.published" value="1997-06-13"/>
<dc element="dc.source" value="Reuters"/>
<dc element="dc.creator.location" value="VILNIUS"/>
<dc element="dc.creator.location.country.name" value="LITHUANIA"/>
<dc element="dc.source" value="Reuters"/>
</metadata>
</newsitem>
