<?xml version="1.0" encoding="iso-8859-1" ?>
<newsitem itemid="658759" id="root" date="1997-06-13" xml:lang="en">
<title>UK: LVMH seeks arbitration on Guinness merger.</title>
<headline>LVMH seeks arbitration on Guinness merger.</headline>
<dateline>LONDON</dateline>
<text>
<p>LVMH Moet Hennessy Louis Vuitton AS said Friday it asked the International Chamber of Commerce to arbitrate its dispute with Guinness Plc over the proposed merger between Guinness and Grand Metropolitan Plc.</p>
<p>French drinks and luxury goods company LVMH is the biggest shareholder in Guinness, with a 14.2 percent stake, and has opposed the planned merger.</p>
<p>The company wants the chamber to decide if the deal, announced in May, represents a change of control at Guinness. The arbitration concerns a dispute over whether the merger constitutes a &quot;control event&quot; under the terms of agreements between LVMH and Guinness.</p>
<p>Meanwhile, Guinness said LVMH's move to seek arbitration lacked any legal basis.</p>
<p>&quot;Guinness is clear that LVMH's claim that the proposed merger of GrandMet and Guinness would constitute a 'control event' lacks any legal basis, and is confident that the ICC (International Chamber of Commerce) arbitration will find accordingly,&quot; said the company in a statement.</p>
<p>LVMH argues that under the terms of agreements signed with Guinness, a &quot;control event&quot; would enable LVMH to operate its joint ventures with Guinness independently.</p>
<p>The company has argued that the terms would also allow it to market Guinness brands in key markets like the United States and the Far East for up to 10 years.</p>
</text>
<copyright>(c) Reuters Limited 1997</copyright>
<metadata>
<codes class="bip:countries:1.0">
  <code code="FRA">
    <editdetail attribution="Reuters BIP Coding Group" action="confirmed" date="1997-06-13"/>
  </code>
  <code code="UK">
    <editdetail attribution="Reuters BIP Coding Group" action="confirmed" date="1997-06-13"/>
  </code>
</codes>
<codes class="bip:industries:1.0">
  <code code="I42400">
    <editdetail attribution="Reuters BIP Coding Group" action="confirmed" date="1997-06-13"/>
  </code>
  <code code="I42600">
    <editdetail attribution="Reuters BIP Coding Group" action="confirmed" date="1997-06-13"/>
  </code>
  <code code="I42700">
    <editdetail attribution="Reuters BIP Coding Group" action="confirmed" date="1997-06-13"/>
  </code>
</codes>
<codes class="bip:topics:1.0">
  <code code="C12">
    <editdetail attribution="Reuters BIP Coding Group" action="confirmed" date="1997-06-13"/>
  </code>
  <code code="C18">
    <editdetail attribution="Reuters BIP Coding Group" action="confirmed" date="1997-06-13"/>
  </code>
  <code code="C181">
    <editdetail attribution="Reuters BIP Coding Group" action="confirmed" date="1997-06-13"/>
  </code>
  <code code="CCAT">
    <editdetail attribution="Reuters BIP Coding Group" action="confirmed" date="1997-06-13"/>
  </code>
  <code code="GCAT">
    <editdetail attribution="Reuters BIP Coding Group" action="confirmed" date="1997-06-13"/>
  </code>
  <code code="GCRIM">
    <editdetail attribution="Reuters BIP Coding Group" action="confirmed" date="1997-06-13"/>
  </code>
</codes>
<dc element="dc.publisher" value="Reuters Holdings Plc"/>
<dc element="dc.date.published" value="1997-06-13"/>
<dc element="dc.source" value="Reuters"/>
<dc element="dc.creator.location" value="LONDON"/>
<dc element="dc.creator.location.country.name" value="UK"/>
<dc element="dc.source" value="Reuters"/>
</metadata>
</newsitem>
