<?xml version="1.0" encoding="iso-8859-1" ?>
<newsitem itemid="658741" id="root" date="1997-06-13" xml:lang="en">
<title>ALBANIA: PRESS DIGEST - ALBANIA - JUNE 13.</title>
<headline>PRESS DIGEST - ALBANIA - JUNE 13.</headline>
<dateline>TIRANA 1997-06-13</dateline>
<text>
<p>These are the leading stories in the Albanian press on Friday. Reuters has not verified these stories and does not vouch for their accuracy.</p>
<p>KOHA JONE</p>
<p>- The newspaper editorial says a statement by an OSCE diplomat, denying he resigned for personal reasons, has put in doubt Albanians' trust of internatioal democratic institutions monitoring the elections.</p>
<p>- A private aeroplane with four Swiss citizens made an emergency landing outside Tirana. Its passengers were injured.</p>
<p>- An OSCE spokesman denied Albanian election results were being prepared ahead of the vote.</p>
<p>- The new Italian ambassador Marcello Spatafora arrived in Tirana.</p>
<p>- Twelve people were injured when President Sali Berisha's guards exchanged fire with opponents at an election rally in the central town of Elbasan on Thursday.</p>
<p>- Alba multinational troops acknowledge 54 tonnes of lek banknotes arrived at Rinasi airport. The news created fears of inflation.</p>
<p>GAZETA SHQIPTARE</p>
<p>- 10 people were injured in the central town of Elbasan after clashes as republican guards tried to secure a rally staged by President Sali Berisha.</p>
<p>- A report by the United Nations Development Program says Albania takes the 102nd place in a world list for human development.</p>
<p>- Kamberi company has started to pay back investors.</p>
<p>ALBANIA</p>
<p>- Berisha challenges communist terror, the paper says. It is referring to events in Elbasan where at least six people were injured in clashes, including a republican guard officer.</p>
<p>- The Socialist Party should not contest the election outcome, Turkish President Suleyman Demirel is quoted as telling Albanian Prime Minister Bashkim Fino</p>
<p>- Central bank governor Qamil Disha has denied local media allegations that new lek banknotes coming from Malta were printed for political purposes, saying it is about modern and secure notes.</p>
<p>INDIPENDENT</p>
<p>- Paper alleges President Sali Berisha came under fire from Cerrik residents who wanted to revenge attacks his guardsmen launched against their town last month.</p>
<p>- The number of Albanians leaving the country is on the rise.</p>
</text>
<copyright>(c) Reuters Limited 1997</copyright>
<metadata>
<codes class="bip:countries:1.0">
  <code code="ALB">
    <editdetail attribution="Reuters BIP Coding Group" action="confirmed" date="1997-06-13"/>
  </code>
</codes>
<codes class="bip:topics:1.0">
  <code code="GCAT">
    <editdetail attribution="Reuters BIP Coding Group" action="confirmed" date="1997-06-13"/>
  </code>
</codes>
<dc element="dc.date.created" value="1997-06-13"/>
<dc element="dc.publisher" value="Reuters Holdings Plc"/>
<dc element="dc.date.published" value="1997-06-13"/>
<dc element="dc.source" value="Reuters"/>
<dc element="dc.creator.location" value="TIRANA"/>
<dc element="dc.creator.location.country.name" value="ALBANIA"/>
<dc element="dc.source" value="Reuters"/>
</metadata>
</newsitem>
