<?xml version="1.0" encoding="iso-8859-1" ?>
<newsitem itemid="658774" id="root" date="1997-06-13" xml:lang="en">
<title>UK: N.Sea crude paper remains firm, wet market inactive.</title>
<headline>N.Sea crude paper remains firm, wet market inactive.</headline>
<dateline>LONDON 1997-06-13</dateline>
<text>
<p>The North Sea crude paper market maintained the morning's firmer levels late on Friday but wet remained virtually inactive due to a traders' gathering in Norway, traders said.</p>
<p>A cargo of Oseberg loading around June 24 moved at dated Brent -6 cents, slightly firmer that a cargo that changed hands on Tuesday at Dated -10 cents.</p>
<p>The trade was the only wet market play heard.</p>
<p>Two July Brents moved unchanged at $17.94 and $17.,95, while two August Brents changed hands at a slightly firmer $17.94 and $17.95.</p>
<p>Brent intermonth spreads continued firm, with July/August assessed at -25 cents and August/September at -16 cents and September/October some six cents stronger at -12 cents.</p>
<p>The paper market's strength derived from the expiry of the July IPE contract, and also from Iraqi comments hinting at delays to liftings under a second 180-day period of the oil for food programme.</p>
<p>In New York, Iraqi Ambassador to the U.N. Nizar Hamdoon said Baghdad had no interest in delaying renewed oil sales under the recently extended &quot;oil-for-food&quot; accord, but would not export more oil until an effective aid distribution plan was in place.</p>
<p>&quot;No, we have no interest in delaying the sales. But, we want this deal to not only be oil for money, but oil for food and medicine,&quot; said Hamdoon. &quot;We want to be assured on food and medicine distribution.&quot;</p>
<p>Iraq is permitted to sell $2.14 billion worth of crude over a 180-day period, in order to buy food, medicine and supplies outlawed by broad sanctions slapped on Baghdad after its troops invaded Kuwait in August 1990.</p>
<p>CFDs maintained their five to 10 cents morning advance, with next week (June 16-20) talked at August Brent -59/54 cents, while the following week (June 23-27) was talked at -52/-47.  </p>
<p>The next week (June 30-August 4) was talked at -43/-45 cents.</p>
<p>Outright levels for Brent were 28 cents higher.</p>
<p>IPE July Brent was at $17.72 a barrel at 1745 GMT as traders covered shorts ahead of the contract expiry.</p>
<p>Traders said another support for the outright value was a perception by some that the July Brent programme was smaller than expected.</p>
<p>The July programme released on Friday morning scheduled the equivalent of 40.5 cargoes, compared to 38.4 cargoes in June.</p>
<p>The heavier programme was attributed to the longer month in July and a lighter maintenance schedule.</p>
<p>Some traders said they were expecting an even bigger jump in volumes. But others said the loading programme was broadly in line with expectations.</p>
<p>Talk on the wet market was thin, despite plenty of physical Brent cargoes available, because many traders were attending a social gathering in Stavanger.</p>
<p>One trading house was heard bidding on Thursday at July -55 cents but most players still valued the market around the last done level of July -70 cents.</p>
<p>Two cargoes of Brent loading June 28-30 were kept before the five o'clock deadline, one by J Aron and the other by Koch.</p>
<p>-- London newsroom +44 171 542 7646</p>
</text>
<copyright>(c) Reuters Limited 1997</copyright>
<metadata>
<codes class="bip:countries:1.0">
  <code code="UK">
    <editdetail attribution="Reuters BIP Coding Group" action="confirmed" date="1997-06-13"/>
  </code>
</codes>
<codes class="bip:topics:1.0">
  <code code="M14">
    <editdetail attribution="Reuters BIP Coding Group" action="confirmed" date="1997-06-13"/>
  </code>
  <code code="M143">
    <editdetail attribution="Reuters BIP Coding Group" action="confirmed" date="1997-06-13"/>
  </code>
  <code code="MCAT">
    <editdetail attribution="Reuters BIP Coding Group" action="confirmed" date="1997-06-13"/>
  </code>
</codes>
<dc element="dc.date.created" value="1997-06-13"/>
<dc element="dc.publisher" value="Reuters Holdings Plc"/>
<dc element="dc.date.published" value="1997-06-13"/>
<dc element="dc.source" value="Reuters"/>
<dc element="dc.creator.location" value="LONDON"/>
<dc element="dc.creator.location.country.name" value="UK"/>
<dc element="dc.source" value="Reuters"/>
</metadata>
</newsitem>
