<?xml version="1.0" encoding="iso-8859-1" ?>
<newsitem itemid="658777" id="root" date="1997-06-13" xml:lang="en">
<title>UK: Transco tenders to sell 5.38 TW/H gas on July 1.</title>
<headline>Transco tenders to sell 5.38 TW/H gas on July 1.</headline>
<dateline>LONDON 1997-06-13</dateline>
<text>
<p>UK gas pipeline operator Transco has issued a tender to sell 5.38 terawatt-hours (TWH) of natural gas on July 1, according to a copy of the tender document obtained by Reuters.</p>
<p>Of this total 0.184 TWH will be made available at Partington, in northwest England, and 5.197 TWH will be sold at the Rough storage facility off northeastern England.  </p>
<p>The volume of 5.38 TWH is equivalent aproximately to 180 million therms.</p>
<p>The tender closes on June 20 and will be awarded on June 24, the document said, adding that the transfer date for the gas is July 1.</p>
<p>Transco originally said it would sell the gas under a variety of options in a phased disposal through the summer. Part of the sale would take place simply as a transfer of ownership of gas within existing storage facilities on July 1, August 1 and September 1.</p>
<p>The rest of the gas would have been sold on the over-the-counter gas market on a daily basis through July, August and September, at the National Balance Point, a notional node within the pipeline network which is increasingly becoming the focus of trade.</p>
<p>But these options were not available to Transco, a source at the company said, because it would have been forbidden by the Network Code, the complex bundle of rules governing the use of the U.K. pipeline system.</p>
<p>While Transco had not previously said how much gas they were going to sell under the tender, traders had been speculating it would be between 80 and 120 million therms.</p>
<p>-- Nicholas Shaxson, London Newsroom, +44 171 542 6412</p>
</text>
<copyright>(c) Reuters Limited 1997</copyright>
<metadata>
<codes class="bip:countries:1.0">
  <code code="UK">
    <editdetail attribution="Reuters BIP Coding Group" action="confirmed" date="1997-06-13"/>
  </code>
</codes>
<codes class="bip:industries:1.0">
  <code code="I16200">
    <editdetail attribution="Reuters BIP Coding Group" action="confirmed" date="1997-06-13"/>
  </code>
</codes>
<codes class="bip:topics:1.0">
  <code code="C33">
    <editdetail attribution="Reuters BIP Coding Group" action="confirmed" date="1997-06-13"/>
  </code>
  <code code="CCAT">
    <editdetail attribution="Reuters BIP Coding Group" action="confirmed" date="1997-06-13"/>
  </code>
  <code code="M14">
    <editdetail attribution="Reuters BIP Coding Group" action="confirmed" date="1997-06-13"/>
  </code>
  <code code="M143">
    <editdetail attribution="Reuters BIP Coding Group" action="confirmed" date="1997-06-13"/>
  </code>
  <code code="MCAT">
    <editdetail attribution="Reuters BIP Coding Group" action="confirmed" date="1997-06-13"/>
  </code>
</codes>
<dc element="dc.date.created" value="1997-06-13"/>
<dc element="dc.publisher" value="Reuters Holdings Plc"/>
<dc element="dc.date.published" value="1997-06-13"/>
<dc element="dc.source" value="Reuters"/>
<dc element="dc.creator.location" value="LONDON"/>
<dc element="dc.creator.location.country.name" value="UK"/>
<dc element="dc.source" value="Reuters"/>
</metadata>
</newsitem>
