<?xml version="1.0" encoding="iso-8859-1" ?>
<newsitem itemid="658708" id="root" date="1997-06-13" xml:lang="en">
<title>CZECH REPUBLIC: PRAGUE AND JOHANNESBURG STUCK ON INVESTMENT PACT.</title>
<headline>PRAGUE AND JOHANNESBURG STUCK ON INVESTMENT PACT.</headline>
<dateline>PRAGUE 1997-06-13</dateline>
<text>
<p>Czech and South African trade ministers said on Friday that they were still trying to hammer out an agreement to support and protect bilateral investment which was expected to be signed this week.</p>
<p>&quot;That (agreement) is certainly a complicated affair and thus it must be worked out to a realistically acceptable state for both sides,&quot; Czech Industry and Trade Minister Karel Kuhnl told journalist after a meeting his counterpart Alec Erwin.</p>
<p>The Czech side said the new agreement was expected to be signed during Erwin's visit with a South African trade delegation this week.</p>
<p>There was no indication of what was holding up the deal.</p>
<p>Last November the two countries signed an agreement to protect against double taxation in trade involving subjects of both countries.</p>
<p>Total trade was $14.2 million for the first four months of this year, with Prague having a trade deficit with Johannesburg of $4.8 million.</p>
<p>However, in 1996 Prague had a $96 million trade surplus on turnover of $164.2 million mainly due to large shipments of Czech computer technology.</p>
<p>&quot;The capacity of the South African market is significant, and its structure is advantageous for Czech products, which with their relatively good quality and favourable price can compete with foreign suppliers,&quot; the Czech ministry said in a statement.</p>
<p>&quot;Currently, the depreciation of the rand is complicating the position of Czech exporters,&quot; it added.</p>
<p>The South African rand lost more than 20 percent against the U.S. dollar in 1996 as speculators targeted the currency.</p>
<p>Meanwhile, the Czech crown came under heavy downward pressure last month and has lost about 15 percent of its value since its peak in February against major currencies.</p>
<p>&quot;We've come here as a delegation to strengthen the cooperation between the two economies... Trade is growing slowly, but steadily, and we think that prospects for much better trade are good,&quot; Erwin told the news conference.</p>
<p>-- John Mastrini, Prague Newsroom, 420-2-2423-0003</p>
</text>
<copyright>(c) Reuters Limited 1997</copyright>
<metadata>
<codes class="bip:countries:1.0">
  <code code="CZREP">
    <editdetail attribution="Reuters BIP Coding Group" action="confirmed" date="1997-06-13"/>
  </code>
  <code code="SAFR">
    <editdetail attribution="Reuters BIP Coding Group" action="confirmed" date="1997-06-13"/>
  </code>
</codes>
<codes class="bip:topics:1.0">
  <code code="E51">
    <editdetail attribution="Reuters BIP Coding Group" action="confirmed" date="1997-06-13"/>
  </code>
  <code code="E512">
    <editdetail attribution="Reuters BIP Coding Group" action="confirmed" date="1997-06-13"/>
  </code>
  <code code="ECAT">
    <editdetail attribution="Reuters BIP Coding Group" action="confirmed" date="1997-06-13"/>
  </code>
  <code code="GCAT">
    <editdetail attribution="Reuters BIP Coding Group" action="confirmed" date="1997-06-13"/>
  </code>
  <code code="GDIP">
    <editdetail attribution="Reuters BIP Coding Group" action="confirmed" date="1997-06-13"/>
  </code>
</codes>
<dc element="dc.date.created" value="1997-06-13"/>
<dc element="dc.publisher" value="Reuters Holdings Plc"/>
<dc element="dc.date.published" value="1997-06-13"/>
<dc element="dc.source" value="Reuters"/>
<dc element="dc.creator.location" value="PRAGUE"/>
<dc element="dc.creator.location.country.name" value="CZECH REPUBLIC"/>
<dc element="dc.source" value="Reuters"/>
</metadata>
</newsitem>
