<?xml version="1.0" encoding="iso-8859-1" ?>
<newsitem itemid="658787" id="root" date="1997-06-13" xml:lang="en">
<title>UK: FOCUS - Cocoa pleases sweet-toothed investors.</title>
<headline>FOCUS - Cocoa pleases sweet-toothed investors.</headline>
<byline>Donald Bradshaw</byline>
<dateline>LONDON 1997-06-13</dateline>
<text>
<p>World cocoa bean prices ended the week with another strong upward surge, pleasing speculators who had invested heavily in the chocolate-making commodity earlier in the week.</p>
<p>Once again predictions of disruptions to the world's weather patterns were the main reason behind the rise which has taken London cocoa July futures to their highest level for a year at 1,122 stg.</p>
<p>Late last week the price was languishing around 980 stg a tonne in a soggy looking market.</p>
<p>The catalyst for this near 15 percent increase in prices was the U.S. National Oceanic and Atmospheric Administration saying warm ocean temperatures off the western coast of South America had triggered an El Nino weather pattern in the Pacific.</p>
<p>This could bring dry, damaging weather to key cocoa-growing areas such as Indonesia, it said.</p>
<p>The havoc that this infrequently occurring phenomenon has traditionally played with world weather patterns caused other pundits to predict unusually dry weather could be expected in West Africa, another key cocoa producing area.</p>
<p>Despite scepticism on the part of some traders, one pointed out that statistics showed a high correlation between years when El Nino is around and years of cocoa deficits.</p>
<p>The heavy volume of business that accompanied the upward surge in prices convinced some traders that a sustainable bull trend had developed.</p>
<p>Among other commodities soybeans futures on the Chicago Board of Trade soared the maximum daily limit of 30 cents a bushel to $8.72 as supply concerns worried traders.</p>
<p>Importers of U.S. soyabeans about low soyabean stocks following supply and demand forecasts from the U.S. Department of Agriculture (USDA) on Thursday.</p>
<p>It forecast end crop-year (September/August) stocks at 130 million bushels.</p>
<p>&quot;130 million is still an extremely tight situation and there's some question about how many beans are actually out there,&quot; said Jerry Gidel, Chicago based analyst with Dean Whitter.</p>
<p>Elsewhere, industrial metals gave a mixed performance with lurking worries about stock levels available to the market in the summer months underpinning copper prices.</p>
<p>But aluminium again disappointed investors by being unable to sustain a recent rise above $1,600 despite a scenario of sharp falls in producer and market stocks this year.</p>
<p>&quot;The fear in this market is that some producers may be considering restarting some of their potlines which were idled a few years ago when prices were very low,' one analyst said.</p>
<p>Some key prices at 1700 GMT.</p>
<p>						   Friday   Thursday</p>
<p>Ldn Spot Gold($ per ounce)		 341.55    342.65</p>
<p>IPE Brent Crude Oil (Jul)		   17.78     17.54</p>
<p>London Metal Exchange</p>
<p>(3 mths delivery)</p>
<p>Copper ($ per tonne)		     2,590.00  2,580.00</p>
<p>Aluminium ($ per tonne)		  1,586.00  1,615.00</p>
<p>LIFFE</p>
<p>Robusta Coffee ($/tonne) (Jul)	 1,755.00  1,760.00</p>
<p>Cocoa (Stg/tonne) (Jul)		  1,116.00  1,077.00</p>
<p>White Sugar ($/tonne Aug)		  323.30    323.50</p>
<p>Chicago Board of Trade Wheat</p>
<p>     $/bushel) (Jul)			   3.51	3.58</p>
<p>Wednesday, 4 June 1997 16:24:00</p>
</text>
<copyright>(c) Reuters Limited 1997</copyright>
<metadata>
<codes class="bip:countries:1.0">
  <code code="UK">
    <editdetail attribution="Reuters BIP Coding Group" action="confirmed" date="1997-06-13"/>
  </code>
</codes>
<codes class="bip:topics:1.0">
  <code code="M14">
    <editdetail attribution="Reuters BIP Coding Group" action="confirmed" date="1997-06-13"/>
  </code>
  <code code="M141">
    <editdetail attribution="Reuters BIP Coding Group" action="confirmed" date="1997-06-13"/>
  </code>
  <code code="MCAT">
    <editdetail attribution="Reuters BIP Coding Group" action="confirmed" date="1997-06-13"/>
  </code>
</codes>
<dc element="dc.date.created" value="1997-06-13"/>
<dc element="dc.publisher" value="Reuters Holdings Plc"/>
<dc element="dc.date.published" value="1997-06-13"/>
<dc element="dc.source" value="Reuters"/>
<dc element="dc.creator.location" value="LONDON"/>
<dc element="dc.creator.location.country.name" value="UK"/>
<dc element="dc.source" value="Reuters"/>
</metadata>
</newsitem>
