<?xml version="1.0" encoding="iso-8859-1" ?>
<newsitem itemid="658703" id="root" date="1997-06-13" xml:lang="en">
<title>ESTONIA: BOURSE CLOSING - MODERATE TRADE, TALSE FIRMS.</title>
<headline>BOURSE CLOSING - MODERATE TRADE, TALSE FIRMS.</headline>
<text>
<p>* Preliminary data from the Estonian bourse on Friday put</p>
<p>total trade at 47.5 million kroons versus 81.5 million kroons on</p>
<p>Thursday.</p>
<p>* The Talse online index gained 0.76 percent to close at</p>
<p>2.63.04 (See index on stock exchange web site:</p>
<p>http://www.tse.ee/online/total.htm)</p>
<p>* Preliminary closing data put Tallinna Pank as</p>
<p>most active on 11.9 million kroons with a last deal price of</p>
<p>58.10 compared to 56.95 kroons.</p>
<p>* Hansapank turned over 11.8 million kroons to be</p>
<p>higher on 139.65 kroons compared to 138.30 kroons.</p>
</text>
<copyright>(c) Reuters Limited 1997</copyright>
<metadata>
<codes class="bip:countries:1.0">
  <code code="ESTNIA">
    <editdetail attribution="Reuters BIP Coding Group" action="confirmed" date="1997-06-13"/>
  </code>
</codes>
<codes class="bip:topics:1.0">
  <code code="M11">
    <editdetail attribution="Reuters BIP Coding Group" action="confirmed" date="1997-06-13"/>
  </code>
  <code code="MCAT">
    <editdetail attribution="Reuters BIP Coding Group" action="confirmed" date="1997-06-13"/>
  </code>
</codes>
<dc element="dc.publisher" value="Reuters Holdings Plc"/>
<dc element="dc.date.published" value="1997-06-13"/>
<dc element="dc.source" value="Reuters"/>
<dc element="dc.creator.location.country.name" value="ESTONIA"/>
<dc element="dc.source" value="Reuters"/>
</metadata>
</newsitem>
