<?xml version="1.0" encoding="iso-8859-1" ?>
<newsitem itemid="658727" id="root" date="1997-06-13" xml:lang="en">
<title>LATVIA: LATVIA-PRIVATISATION AGENCY KEEPS CURRENT DIRECTORS.</title>
<headline>LATVIA-PRIVATISATION AGENCY KEEPS CURRENT DIRECTORS.</headline>
<dateline>RIGA 1997-06-13</dateline>
<text>
<p>The Latvian privatisation agency (LPA) on Friday said that it has retained two current directors whose jobs were offered in a competition to replace them.</p>
<p>The two board members, Arvis Freibergs, technical manager, and Andrejs Tiknuss, privatisation process manager, were kept although 18 people applied for their jobs.</p>
<p>&quot;The current holders of the positons were the best candidates. They were chosen because of their experience, their knowledge of the privatisation process and because of their personal qualities,&quot; said Michael Clark, manager of accountants Deloitte and Touche, which organised the competition.</p>
<p>The competition was organised as a compromise after Economy Minister Guntar Krasts blocked the renewal of the directors' mandates.</p>
<p>LPA chief Janis Naglis was not surprised by the result.</p>
<p>&quot;I did not expect anything else...the main drawback of the other candidates was lack of experience,&quot; he said.</p>
<p>The competition results still have to be approved by Krasts.</p>
<p>-- Riga newsroom, +371 721 5240</p>
</text>
<copyright>(c) Reuters Limited 1997</copyright>
<metadata>
<codes class="bip:countries:1.0">
  <code code="LATV">
    <editdetail attribution="Reuters BIP Coding Group" action="confirmed" date="1997-06-13"/>
  </code>
</codes>
<codes class="bip:topics:1.0">
  <code code="C18">
    <editdetail attribution="Reuters BIP Coding Group" action="confirmed" date="1997-06-13"/>
  </code>
  <code code="C183">
    <editdetail attribution="Reuters BIP Coding Group" action="confirmed" date="1997-06-13"/>
  </code>
  <code code="CCAT">
    <editdetail attribution="Reuters BIP Coding Group" action="confirmed" date="1997-06-13"/>
  </code>
  <code code="E12">
    <editdetail attribution="Reuters BIP Coding Group" action="confirmed" date="1997-06-13"/>
  </code>
  <code code="ECAT">
    <editdetail attribution="Reuters BIP Coding Group" action="confirmed" date="1997-06-13"/>
  </code>
  <code code="GCAT">
    <editdetail attribution="Reuters BIP Coding Group" action="confirmed" date="1997-06-13"/>
  </code>
  <code code="GPOL">
    <editdetail attribution="Reuters BIP Coding Group" action="confirmed" date="1997-06-13"/>
  </code>
</codes>
<dc element="dc.date.created" value="1997-06-13"/>
<dc element="dc.publisher" value="Reuters Holdings Plc"/>
<dc element="dc.date.published" value="1997-06-13"/>
<dc element="dc.source" value="Reuters"/>
<dc element="dc.creator.location" value="RIGA"/>
<dc element="dc.creator.location.country.name" value="LATVIA"/>
<dc element="dc.source" value="Reuters"/>
</metadata>
</newsitem>
