<?xml version="1.0" encoding="iso-8859-1" ?>
<newsitem itemid="658778" id="root" date="1997-06-13" xml:lang="en">
<title>UK: NWE fuel oil barges end week firm, cargoes weak.</title>
<headline>NWE fuel oil barges end week firm, cargoes weak.</headline>
<dateline>LONDON 1997-06-13</dateline>
<text>
<p>European high sulphur fuel oil barges ended the weak on a positive note while cargoes seemed weaker with little buying interest, traders said.</p>
<p>High sulphur barges were talked late at $86/$87 a tonne fob Rotterdam after earlier trading a few times at $87, up to $2 higher than deals done on Thursday.</p>
<p>Demand was reportedly a little firmer than a day earlier at about 15,000 to 20,000 tonnes. One player was seen trying to push up the market to sell its own material at a good price, some traders said.</p>
<p>High sulphur cargoes seemed a little weaker with no buyers seen for two cargoes of bunker grade material offered at $79 fob and $81 fob respectively. The asking price on the latter had been lowered from $82 over the past two days.</p>
<p>But Russian material fetched a good price on Thursday with a U.K major said to have bought a 45,000 tonne cargo of E-4 at three means plus $2.65, or 15 cents a tonne higher than a deal for E-4 earlier this week.</p>
<p>One percent was quiet with buyers and sellers still far apart in the low and mid nineties respectively.</p>
</text>
<copyright>(c) Reuters Limited 1997</copyright>
<metadata>
<codes class="bip:countries:1.0">
  <code code="UK">
    <editdetail attribution="Reuters BIP Coding Group" action="confirmed" date="1997-06-13"/>
  </code>
</codes>
<codes class="bip:topics:1.0">
  <code code="M14">
    <editdetail attribution="Reuters BIP Coding Group" action="confirmed" date="1997-06-13"/>
  </code>
  <code code="M143">
    <editdetail attribution="Reuters BIP Coding Group" action="confirmed" date="1997-06-13"/>
  </code>
  <code code="MCAT">
    <editdetail attribution="Reuters BIP Coding Group" action="confirmed" date="1997-06-13"/>
  </code>
</codes>
<dc element="dc.date.created" value="1997-06-13"/>
<dc element="dc.publisher" value="Reuters Holdings Plc"/>
<dc element="dc.date.published" value="1997-06-13"/>
<dc element="dc.source" value="Reuters"/>
<dc element="dc.creator.location" value="LONDON"/>
<dc element="dc.creator.location.country.name" value="UK"/>
<dc element="dc.source" value="Reuters"/>
</metadata>
</newsitem>
