<?xml version="1.0" encoding="iso-8859-1" ?>
<newsitem itemid="658834" id="root" date="1997-06-13" xml:lang="en">
<title>AUSTRALIA: Soccer-Venables makes nine changes for Tahiti World Cup Match.</title>
<headline>Soccer-Venables makes nine changes for Tahiti World Cup Match.</headline>
<dateline>SYDNEY 1997-06-13</dateline>
<text>
<p>Australia soccer coach Terry Venables has made nine changes for the Oceania group World Cup qualifier against Tahiti on Friday.</p>
<p>Only midfielders Aurelio Vidmar and Ned Zelic have kept their places from the side that routed Solomon Islands 13-0 in the tournament opener at Parramatta Stadium on Wednesday.</p>
<p>A similar scoreline is expected against Tahiti, who are ranked 160th by world governing body, FIFA.</p>
<p>Vidmar, who plays for Tenerife in Spain, has taken over the captaincy from Adelaide City defender Alex Tobin.</p>
<p>Australia and New Zealand are virtually certain to win their respective qualifying groups to set up a Oceania play-off over two legs in June and July.</p>
<p>The winner will then face an Asian opponent in a final qualifier for a place in next year's World Cup finals in France.</p>
<p>Australia - Zeljko Kalac, Kevin Muscat, Craig Moore, Milan Ivanovic, Robbie Hooker, Matt Bingley, Robert Enes, Ned Zelic, Aurelio Vidmar, Graham Arnold, Paul Trimboli.</p>
<p>--Sydney Newsroom 61-2 9373 1800</p>
</text>
<copyright>(c) Reuters Limited 1997</copyright>
<metadata>
<codes class="bip:countries:1.0">
  <code code="AUSTR">
    <editdetail attribution="Reuters BIP Coding Group" action="confirmed" date="1997-06-13"/>
  </code>
</codes>
<codes class="bip:topics:1.0">
  <code code="GCAT">
    <editdetail attribution="Reuters BIP Coding Group" action="confirmed" date="1997-06-13"/>
  </code>
  <code code="GSPO">
    <editdetail attribution="Reuters BIP Coding Group" action="confirmed" date="1997-06-13"/>
  </code>
</codes>
<dc element="dc.date.created" value="1997-06-13"/>
<dc element="dc.publisher" value="Reuters Holdings Plc"/>
<dc element="dc.date.published" value="1997-06-13"/>
<dc element="dc.source" value="Reuters"/>
<dc element="dc.creator.location" value="SYDNEY"/>
<dc element="dc.creator.location.country.name" value="AUSTRALIA"/>
<dc element="dc.source" value="Reuters"/>
</metadata>
</newsitem>
