<?xml version="1.0" encoding="iso-8859-1" ?>
<newsitem itemid="658814" id="root" date="1997-06-13" xml:lang="en">
<title>UK: Callebaut plans chocolate school in Poland.</title>
<headline>Callebaut plans chocolate school in Poland.</headline>
<byline>Medora Lee</byline>
<dateline>LONDON 1997-06-13</dateline>
<text>
<p>Chocolate maker and cocoa bean processor Barry Callebaut said it plans to open a chocolate college in Lodz, Poland this year to help lay the foundations for further chocolate consumption growth in that region.</p>
<p>&quot;We're now also investing in a college in Poland,&quot; said Onno Bleeker, executive director of industrial sales and development. &quot;Why? Because we want to educate people on how to use chocolate.&quot;</p>
<p>Barry Callebaut already has six schools worldwide in France, Belgium, Italy, the United States, Canada and Singapore.</p>
<p>The world's largest cocoa bean processor is also planning a larger, global Barry Callebaut Institute to improve cocoa and chocolate innovations, education and information worldwide.</p>
<p>The institute is expected to bring together an international research and development (R&amp;D) centre federating the three existing R&amp;D centres in North America, France and Belgium. It will also include an international communication centre providing information on cocoa and chocolate and an internaional training centre involving the chocolate colleges.</p>
<p>A spokeswoman said the first stage is expected to begin by the end of the year and the second phase in early 1998.</p>
<p>Moving developing markets beyond just buying and eating the finished chocolate bars by teaching them how to use chocolate and cocoa in other products is key to growing the market.</p>
<p>&quot;It is not only (that) you are interested in big customers,&quot; Bleeker said. I think a market is built up by the smaller ones -- the bakeries, the pastry chefs, the small chocolatiers and then, gradually, the big industries will follow as well.&quot;</p>
<p>Because chocolate is seen as a luxury item people develop a taste for after incomes rise, many chocolate makers were hopeful for a new market after Eastern European communism collapsed.</p>
<p>Chocolate and cocoa consumption initially tumbled to very low levels immediately after communism fell, but chocolate makers and cocoa processors had expected economies there eventually to open up and people's living standards to rise to open the door to explosive growth.</p>
<p>Major chocolate manufacturers like Barry Callebaut, Cadbury Schweppes, Mars, Nestle and Kraft Jacobs Suchard have invested in production facilities in the region.</p>
<p>But though consumption has increased in the past two to three years, probably to about the levels seen before the fall of communism, the extent of that growth has remained more subdued and more unclear than in other emerging markets.</p>
<p>&quot;Eastern Europe hasn't shown as much growth as in other areas&quot; such as China and South America, an analyst said. But he did expect growth to continue, albeit at a slower pace compared to other developing regions.</p>
<p>Uncertainty in Eastern Europe was also reflected in Barry Callebaut's forecasts for world cocoa and chocolate consumption.</p>
<p>It forecasts a higher long-term trend for cocoa bean consumption in Western Europe, Eastern Europe, the Americas, Asia and Africa. That contrasts with expectations for about flat Eastern European growth.</p>
<p>For 1996/97, Callebaut estimated Eastern European cocoa bean consumption to fall to 158,000 tonnes from 1995/96's 163,000 tonnnes and 1994/95's 162,000 tonnes.</p>
<p>Barry Callebaut hopes to smooth out Eastern Europe's spotty growth by helping to grow the market through education on how to use chocolate and cocoa as ingredients in other foods.</p>
<p>&quot;A chocolate college is quite vital for our existence and future existence because chocolate is a product that you can work with,&quot; Bleeker said.</p>
<p>--London newsroom +44 171 542 8072</p>
</text>
<copyright>(c) Reuters Limited 1997</copyright>
<metadata>
<codes class="bip:countries:1.0">
  <code code="POL">
    <editdetail attribution="Reuters BIP Coding Group" action="confirmed" date="1997-06-13"/>
  </code>
  <code code="UK">
    <editdetail attribution="Reuters BIP Coding Group" action="confirmed" date="1997-06-13"/>
  </code>
</codes>
<codes class="bip:industries:1.0">
  <code code="I42100">
    <editdetail attribution="Reuters BIP Coding Group" action="confirmed" date="1997-06-13"/>
  </code>
</codes>
<codes class="bip:topics:1.0">
  <code code="C24">
    <editdetail attribution="Reuters BIP Coding Group" action="confirmed" date="1997-06-13"/>
  </code>
  <code code="CCAT">
    <editdetail attribution="Reuters BIP Coding Group" action="confirmed" date="1997-06-13"/>
  </code>
</codes>
<dc element="dc.date.created" value="1997-06-13"/>
<dc element="dc.publisher" value="Reuters Holdings Plc"/>
<dc element="dc.date.published" value="1997-06-13"/>
<dc element="dc.source" value="Reuters"/>
<dc element="dc.creator.location" value="LONDON"/>
<dc element="dc.creator.location.country.name" value="UK"/>
<dc element="dc.source" value="Reuters"/>
</metadata>
</newsitem>
