<?xml version="1.0" encoding="iso-8859-1" ?>
<newsitem itemid="658882" id="root" date="1997-06-13" xml:lang="en">
<title>KENYA: Ethiopian forces and Somali militia control border area.</title>
<headline>Ethiopian forces and Somali militia control border area.</headline>
<byline>Nicholas Kotch</byline>
<dateline>NAIROBI 1997-06-13</dateline>
<text>
<p>Ethiopian troops and Somali militia allies were in full control of an area inside Somalia on Friday after driving an Islamic fundamentalist group out of its stronghold, foreign aid and security sources said.</p>
<p>In Ethiopia's first comment, a foreign ministry official denied any involvement on Friday.</p>
<p>But the aid and security sources said there was no doubt that Ethiopian forces backed Omar Haji's Somali National Front (SNF) during the lightning offensive to capture the towns of Luq and Bulo Hawo in Gedo region.</p>
<p>&quot;An Ethiopian helicopter brought Haji to Bulo Hawo on Thursday and there are reliable reports of Ethiopian armoured cars taking part in the attack,&quot; one of the sources in neighbouring Kenya told Reuters.</p>
<p>The sources said the offensive was aimed against Al-Ittihad Al-Islam (Islamic Unity), a Somali fundamentalist group.</p>
<p>Al-Ittihad's spokesman in Mogadishu, the Somali capital, confirmed on Thursday that the group's fighters had retreated from their stronghold at Luq, 100 km (60 miles) from the Ethiopian frontier in a remote area also bordering Kenya.</p>
<p>&quot;The Ethiopians are holding the fort in Luq because the SNF are not strong enough to do that. But the majority of the force in Bulo Hawo are SNF,&quot; one aid worker said.</p>
<p>&quot;The two towns have been calm since Thursday afternoon,&quot; she added. Luq was captured in the early hours on Thursday.</p>
<p>Ethiopia sent troops into the same area twice last year, calling al-Ittihad a &quot;multinational terrorist group&quot;. Since last December Ethiopia had a military presence about 20 km (12 miles) inside Somalia but had not previously taken Luq.</p>
<p>All the foreign sources had heard rumours that the Ethiopian and SNF forces killed Afghani &quot;Taleban&quot; volunteers when they hit al-Ittihad training camps near Luq.</p>
<p>But there was no independent confirmation of those rumours which were sourced to Haji's SNF.</p>
<p>In Addis Ababa, a ministry of Foreign Affairs official told Reuters on Friday: &quot;Ethiopia was not involved.&quot;</p>
<p>&quot;Ethiopia has nothing to do with the current fighting inside Somalia,&quot; the official said.</p>
<p>Al-Ittihad set up its headquarters in Luq in 1992, a year after central government collapsed in the Horn of Africa country. Since 1991 Somalia has drifted through civil war and anarchy although most of the country is now relatively peaceful. There is no unified army to protect frontiers.</p>
<p>The lack of an internationally recognised government has meant that none of Ethiopia's incursions since August 1996 has drawn protests from the United Nations Security Council or the Organisation of African Unity (OAU).</p>
<p>In Mogadishu, the self-proclaimed government of Hussein Aideed condemned what it called an intolerable and deliberate violation of Somali's territorial integrity.</p>
<p>Aideed spokesman Abikar Sheikh Hussein Qalli called on the U.N. and OAU to react to Ethiopian aggression.</p>
<p>But the deputy chairman of the rival faction led by Ali Mahdi Mohamed denied there was any foreign involvement in Gedo. Hussein Haji Ahmed Bod said the fighting was between the SNF and al-Ittihad which he accused of destabilising the Gedo region and of recruiting foreign Moslem militants.</p>
<p>Diplomats in the region say Ethiopia, whose population of nearly 60 million is split between Moslems and Christians, has long been alarmed by al-Ittihad's presence close to its border.</p>
<p>Islamic fundamentalists are suspected by the Addis government of responsibility for bomb attacks on soft targets like hotels during the past two years.</p>
<p>Al-Ittihad's fighters have retreated about 40 km (25 miles) from Luq to regroup at Yergud.</p>
<p>It was unclear whether al-Ittihad, led in Gedo region by Sheikh Mohamed Haji Yusuf, would counter-attack.</p>
<p>A foreign security source said Ethiopia had strengthened the SNF since Haji's militia failed to hold its positions last year against the Islamic militiamen.</p>
<p>&quot;This time they've equipped them, put them in uniform and trained them,&quot; he said.</p>
</text>
<copyright>(c) Reuters Limited 1997</copyright>
<metadata>
<codes class="bip:countries:1.0">
  <code code="ETHPA">
    <editdetail attribution="Reuters BIP Coding Group" action="confirmed" date="1997-06-13"/>
  </code>
  <code code="SOMAL">
    <editdetail attribution="Reuters BIP Coding Group" action="confirmed" date="1997-06-13"/>
  </code>
</codes>
<codes class="bip:topics:1.0">
  <code code="GCAT">
    <editdetail attribution="Reuters BIP Coding Group" action="confirmed" date="1997-06-13"/>
  </code>
  <code code="GVIO">
    <editdetail attribution="Reuters BIP Coding Group" action="confirmed" date="1997-06-13"/>
  </code>
</codes>
<dc element="dc.date.created" value="1997-06-13"/>
<dc element="dc.publisher" value="Reuters Holdings Plc"/>
<dc element="dc.date.published" value="1997-06-13"/>
<dc element="dc.source" value="Reuters"/>
<dc element="dc.creator.location" value="NAIROBI"/>
<dc element="dc.creator.location.country.name" value="KENYA"/>
<dc element="dc.source" value="Reuters"/>
</metadata>
</newsitem>
