<?xml version="1.0" encoding="iso-8859-1" ?>
<newsitem itemid="658827" id="root" date="1997-06-13" xml:lang="en">
<title>UK: UK aerospace stocks firmer ahead of Paris Airshow.</title>
<headline>UK aerospace stocks firmer ahead of Paris Airshow.</headline>
<dateline>LONDON 1997-06-13</dateline>
<text>
<p>British aerospace stocks were firmer on Friday as speculation about pending big orders for some companies sparked interest ahead of the Paris Airshow, traders said.</p>
<p>British jet engine maker Rolls Royce Plc was up 6-1/2p to 265-1/2p on volume of 4.6 million shares. The stock hit a new year high at 267p.</p>
<p>British Aerospace Plc, which has a stake in Airbus Industrie, was up 14p at 13.93-1/2 stg, after striking a new year's high at 13.96 stg.</p>
<p>&quot;Some people expect big orders and go short&quot;, one analyst said. &quot;This is the usual bet of the City&quot;.</p>
<p>The Paris' airshow, the biggest in Europe and due to start on Saturday, was used by many companies to announce major orders, he said.</p>
<p>Elsewhere in the sector, General Electric Co Plc, which supplies electronic equipment for the industry, rose 4p to 373p, while GKN Plc whose subsidiary GKN Westland makes helicopters, firmed 16p to 10.47 stg. Instrument company Smith Industries Plc rose 13-1/2p to 816-1/2p.</p>
<p>-- Christian Gutlederer, London Newsroom +44 171 542 7717</p>
</text>
<copyright>(c) Reuters Limited 1997</copyright>
<metadata>
<codes class="bip:countries:1.0">
  <code code="FRA">
    <editdetail attribution="Reuters BIP Coding Group" action="confirmed" date="1997-06-13"/>
  </code>
  <code code="UK">
    <editdetail attribution="Reuters BIP Coding Group" action="confirmed" date="1997-06-13"/>
  </code>
</codes>
<codes class="bip:industries:1.0">
  <code code="I34000">
    <editdetail attribution="Reuters BIP Coding Group" action="confirmed" date="1997-06-13"/>
  </code>
  <code code="I34430">
    <editdetail attribution="Reuters BIP Coding Group" action="confirmed" date="1997-06-13"/>
  </code>
  <code code="I35300">
    <editdetail attribution="Reuters BIP Coding Group" action="confirmed" date="1997-06-13"/>
  </code>
  <code code="I36400">
    <editdetail attribution="Reuters BIP Coding Group" action="confirmed" date="1997-06-13"/>
  </code>
  <code code="I3640002">
    <editdetail attribution="Reuters BIP Coding Group" action="confirmed" date="1997-06-13"/>
  </code>
</codes>
<codes class="bip:topics:1.0">
  <code code="C15">
    <editdetail attribution="Reuters BIP Coding Group" action="confirmed" date="1997-06-13"/>
  </code>
  <code code="C152">
    <editdetail attribution="Reuters BIP Coding Group" action="confirmed" date="1997-06-13"/>
  </code>
  <code code="CCAT">
    <editdetail attribution="Reuters BIP Coding Group" action="confirmed" date="1997-06-13"/>
  </code>
</codes>
<dc element="dc.date.created" value="1997-06-13"/>
<dc element="dc.publisher" value="Reuters Holdings Plc"/>
<dc element="dc.date.published" value="1997-06-13"/>
<dc element="dc.source" value="Reuters"/>
<dc element="dc.creator.location" value="LONDON"/>
<dc element="dc.creator.location.country.name" value="UK"/>
<dc element="dc.source" value="Reuters"/>
</metadata>
</newsitem>
