<?xml version="1.0" encoding="iso-8859-1" ?>
<newsitem itemid="658863" id="root" date="1997-06-13" xml:lang="en">
<title>CONGO: Congo rebel leader wants international peace force.</title>
<headline>Congo rebel leader wants international peace force.</headline>
<byline>Bernard Edinger</byline>
<dateline>PARIS 1997-06-13</dateline>
<text>
<p>Congo's former Marxist President said in an interview published on Friday that a ceasefire between his forces and those of President Pascal Lissouba would hold only if an international peace force was deployed.</p>
<p>&quot;For the ceasefire to be maintained, an international force must be deployed,&quot; ex-President Denis Sassou Nguesso told the French daily newspaper Le Figaro.</p>
<p>Reports from the embattled capital Brazzaville said gunfire continued to rattle around the city after another day of fighting between supporters of Lissouba and his predecessor dashed hopes of a ceasefire.</p>
<p>Sassou Nguesso said the French army, which has more than 1,250 men in the field to protect foreign residents, could take part in the international force he wanted stationed there.</p>
<p>He also said a scheduled presidential election on July 27 &quot;could not take place without international control because Lissouba's people...are no longer qualified to organise the election.&quot;</p>
<p>Lissouba, also interviewed by Le Figaro, said: &quot;We are the ones who will organise the election but there can be international observers.&quot;</p>
<p>He said he was &quot;neither for nor against&quot; a peace force but feared such a deployment would delay holding the vote next month.</p>
<p>The interviews coincided with statements by the French military in Paris that they expected to have evacuated all French nationals and most other foreign civilians from Brazzaville within two days.</p>
<p>&quot;In another 36 to 48 hours, we will have pulled out all the French and most of the other foreigners from Brazza,&quot; a military spokesman told Reuters. He did not say how many foreigners remained to be pulled out.</p>
<p>&quot;Then we will be in a position where we can pull out our forces,&quot; the officer added.</p>
<p>He said the French troops, operating out of Brazzaville airport and making forays into the city to rescue endangered foreigners, had so far flown 3,420 foreign civilians, 1,410 of them French, out of the country.</p>
<p>France has said that its foreign legionnaires and marine paratroops would not intervene in the fighting and were on the spot solely to protect foreigners.</p>
</text>
<copyright>(c) Reuters Limited 1997</copyright>
<metadata>
<codes class="bip:countries:1.0">
  <code code="CONGO">
    <editdetail attribution="Reuters BIP Coding Group" action="confirmed" date="1997-06-13"/>
  </code>
  <code code="FRA">
    <editdetail attribution="Reuters BIP Coding Group" action="confirmed" date="1997-06-13"/>
  </code>
</codes>
<codes class="bip:topics:1.0">
  <code code="GCAT">
    <editdetail attribution="Reuters BIP Coding Group" action="confirmed" date="1997-06-13"/>
  </code>
  <code code="GDIP">
    <editdetail attribution="Reuters BIP Coding Group" action="confirmed" date="1997-06-13"/>
  </code>
  <code code="GPOL">
    <editdetail attribution="Reuters BIP Coding Group" action="confirmed" date="1997-06-13"/>
  </code>
  <code code="GVIO">
    <editdetail attribution="Reuters BIP Coding Group" action="confirmed" date="1997-06-13"/>
  </code>
  <code code="GVOTE">
    <editdetail attribution="Reuters BIP Coding Group" action="confirmed" date="1997-06-13"/>
  </code>
</codes>
<dc element="dc.date.created" value="1997-06-13"/>
<dc element="dc.publisher" value="Reuters Holdings Plc"/>
<dc element="dc.date.published" value="1997-06-13"/>
<dc element="dc.source" value="Reuters"/>
<dc element="dc.creator.location" value="PARIS"/>
<dc element="dc.creator.location.country.name" value="CONGO"/>
<dc element="dc.source" value="Reuters"/>
</metadata>
</newsitem>
