<?xml version="1.0" encoding="iso-8859-1" ?>
<newsitem itemid="658885" id="root" date="1997-06-13" xml:lang="en">
<title>ANGOLA: Government warns rebels not to restart Angolan war.</title>
<headline>Government warns rebels not to restart Angolan war.</headline>
<dateline>LUANDA 1997-06-13</dateline>
<text>
<p>The Angolan government on Friday said the former rebel movement UNITA was gathering soldiers and war material, posing a threat to the peace accord that ended the 20-year Angolan civil war in 1994.</p>
<p>In its first official statement on a three-week-old flareup of fighting between the two sides in the north, the government said UNITA's actions &quot;could put in danger the Lusaka protocols, with all the grave consequences that would entail&quot;.  </p>
<p>&quot;UNITA is gathering men and war materiel and its actions are not helping Angola's peace process,&quot; the statement said. &quot;The United Nations must adopt measures to stop these belligerent intentions.&quot;</p>
<p>&quot;The government has no intentions of returning to war...the government cannot ignore its own responsibilities to secure the frontier,&quot; it added.</p>
<p>A political analyst who declined to be named said UNITA was bringing in arms from Sofia, Bulgaria, to its Andula stronghold in DC-10 aircraft, after extending the landing strip there to accommodate the planes.</p>
<p>The fighting in the north began three weeks ago when the government ordered the army to advance into diamond-rich territory held by UNITA, which had just lost its main African ally, ex-Zaire president Mobutu Sese Seko, who was toppled in a revolt backed by Luanda.</p>
</text>
<copyright>(c) Reuters Limited 1997</copyright>
<metadata>
<codes class="bip:countries:1.0">
  <code code="ANGOL">
    <editdetail attribution="Reuters BIP Coding Group" action="confirmed" date="1997-06-13"/>
  </code>
  <code code="ZAMBIA">
    <editdetail attribution="Reuters BIP Coding Group" action="confirmed" date="1997-06-13"/>
  </code>
</codes>
<codes class="bip:topics:1.0">
  <code code="GCAT">
    <editdetail attribution="Reuters BIP Coding Group" action="confirmed" date="1997-06-13"/>
  </code>
  <code code="GPOL">
    <editdetail attribution="Reuters BIP Coding Group" action="confirmed" date="1997-06-13"/>
  </code>
  <code code="GVIO">
    <editdetail attribution="Reuters BIP Coding Group" action="confirmed" date="1997-06-13"/>
  </code>
</codes>
<dc element="dc.date.created" value="1997-06-13"/>
<dc element="dc.publisher" value="Reuters Holdings Plc"/>
<dc element="dc.date.published" value="1997-06-13"/>
<dc element="dc.source" value="Reuters"/>
<dc element="dc.creator.location" value="LUANDA"/>
<dc element="dc.creator.location.country.name" value="ANGOLA"/>
<dc element="dc.source" value="Reuters"/>
</metadata>
</newsitem>
