<?xml version="1.0" encoding="iso-8859-1" ?>
<newsitem itemid="658980" id="root" date="1997-06-13" xml:lang="en">
<title>RUSSIA: Russia to auction $100 mln regional bonds June 20.</title>
<headline>Russia to auction $100 mln regional bonds June 20.</headline>
<dateline>MOSCOW 1997-06-13</dateline>
<text>
<p>Russia's Finance Ministry will auction 571.88 billion roubles ($100 million) nominal value regional bonds on June 20 at a minimum price of 88 percent, a senior Finance Ministry official said on Friday.</p>
<p>&quot;We have set a minimum price at which the paper will be placed,&quot; the ministry's Securities Department Head Bella Zlatkis told Reuters. &quot;We are presenting six papers of subjects of the federation at the sale.&quot;</p>
<p>The sale kicks off a move to restructure and sell as securities debt to the federal government, in this case unrepaid 1996 federal agricultural credits.</p>
<p>Six regions will each issue discount bonds with one, two and three-year maturities, face values of 10 million roubles and 10 percent annual coupons. Discounts will vary by region.</p>
<p>More regions are in the process of preparing issues, which will be traded on the Moscow Interbank Currency Exchange (MICEX), in which foreigners can participate.</p>
<p>IFCI (International Company for Finance and Investments or Bank MFK) will be the trade agent and Uneximbank will act as depositary.</p>
<p>--Anna Smirnova, Moscow Newsroom, +7095 941 8520 $1=5,760 roubles</p>
</text>
<copyright>(c) Reuters Limited 1997</copyright>
<metadata>
<codes class="bip:countries:1.0">
  <code code="RUSS">
    <editdetail attribution="Reuters BIP Coding Group" action="confirmed" date="1997-06-13"/>
  </code>
</codes>
<codes class="bip:topics:1.0">
  <code code="E21">
    <editdetail attribution="Reuters BIP Coding Group" action="confirmed" date="1997-06-13"/>
  </code>
  <code code="E212">
    <editdetail attribution="Reuters BIP Coding Group" action="confirmed" date="1997-06-13"/>
  </code>
  <code code="ECAT">
    <editdetail attribution="Reuters BIP Coding Group" action="confirmed" date="1997-06-13"/>
  </code>
  <code code="M12">
    <editdetail attribution="Reuters BIP Coding Group" action="confirmed" date="1997-06-13"/>
  </code>
  <code code="MCAT">
    <editdetail attribution="Reuters BIP Coding Group" action="confirmed" date="1997-06-13"/>
  </code>
</codes>
<dc element="dc.date.created" value="1997-06-13"/>
<dc element="dc.publisher" value="Reuters Holdings Plc"/>
<dc element="dc.date.published" value="1997-06-13"/>
<dc element="dc.source" value="Reuters"/>
<dc element="dc.creator.location" value="MOSCOW"/>
<dc element="dc.creator.location.country.name" value="RUSSIA"/>
<dc element="dc.source" value="Reuters"/>
</metadata>
</newsitem>
