<?xml version="1.0" encoding="iso-8859-1" ?>
<newsitem itemid="658914" id="root" date="1997-06-13" xml:lang="en">
<title>ZAMBIA: PRESS DIGEST - Zambia - June 13.</title>
<headline>PRESS DIGEST - Zambia - June 13.</headline>
<dateline>LUSAKA 1997-06-13</dateline>
<text>
<p>These are the leading stories in the Zambian press on Friday.</p>
<p>Reuters has not verified these stories and does not vouch for their accuracy.</p>
<p>- - - -</p>
<p>TIMES OF ZAMBIA</p>
<p>- The law association backed recent salary increases for judges, saying they would help to increase confidence and avert corruption in the judiciary.</p>
<p>- Paramilitary police sealed off the University of Zambia and barred striking workers from entering the campus on Thursday.</p>
<p>- Public transport services announced a 25 percent increase in bus fares, following a 24 percent fuel price hike announced this week.</p>
<p>- - - -</p>
<p>ZAMBIA DAILY MAIL</p>
<p>- Belgium said it would maintain direct bilateral aid to Zambia.</p>
<p>- - - -</p>
</text>
<copyright>(c) Reuters Limited 1997</copyright>
<metadata>
<codes class="bip:countries:1.0">
  <code code="ZAMBIA">
    <editdetail attribution="Reuters BIP Coding Group" action="confirmed" date="1997-06-13"/>
  </code>
</codes>
<codes class="bip:topics:1.0">
  <code code="GCAT">
    <editdetail attribution="Reuters BIP Coding Group" action="confirmed" date="1997-06-13"/>
  </code>
</codes>
<dc element="dc.date.created" value="1997-06-13"/>
<dc element="dc.publisher" value="Reuters Holdings Plc"/>
<dc element="dc.date.published" value="1997-06-13"/>
<dc element="dc.source" value="Reuters"/>
<dc element="dc.creator.location" value="LUSAKA"/>
<dc element="dc.creator.location.country.name" value="ZAMBIA"/>
<dc element="dc.source" value="Reuters"/>
</metadata>
</newsitem>
