<?xml version="1.0" encoding="iso-8859-1" ?>
<newsitem itemid="658946" id="root" date="1997-06-13" xml:lang="en">
<title>CZECH REPUBLIC: FOCUS-East European shares mixed in summer lull.</title>
<headline>FOCUS-East European shares mixed in summer lull.</headline>
<byline>Robin Shepherd</byline>
<dateline>PRAGUE 1997-06-13</dateline>
<text>
<p>Central and east European bourses had mixed fortunes this week with Warsaw and Romania leading the gainers and Prague shrugging off a government confidence vote to close moderately higher.</p>
<p>Budapest ended a run of spectacular gains with a widely predicted correction in mid-week and Bratisalva continued to fall sharply. Ljubliana saw moderate losses and Croatian shares picked up, though analysts forecast price stagnation in both markets with few fresh factors seen.</p>
<p>The Central European Share Index (CESI), which measures price movements in 72 Czech, Hungarian, Polish, Slovak and Slovenian shares, moved higher.</p>
<p>PRAGUE</p>
<p>Czech shares edged slightly higher in a week dominated by a parliamentary confidence vote in the centre-right coalition government which, to the relief of many investors, the government won.</p>
<p>As tension surrounding the vote receded, dealers said the market would now redirect its sights to more fundamental economic issues such as government promises to regulate the capital markets and rein in the budget deficit.</p>
<p>&quot;Now it is time to get back to work and clean up the markets, stop corruption...it is the government's job to do this,&quot; said Jan Sykora of Wood and Company.</p>
<p>WARSAW</p>
<p>The Warsaw WIG index rose 3.0 percent this week, but analysts said the pace of growth was likely to slow with trading reverting back to the long term flat trend it has been on for several weeks.</p>
<p>Analysts said investor attention was likely to focus on the 15 National Investment Funds (NFI), of Poland's mass privatisation scheme, which started trading on the bourse on Thursday.</p>
<p>&quot;The growth doesn't look like a longer-term tendency, I suspect investors will start selling soon and the market's attention will shift to NFIs,&quot; said Dariusz Szepieniec, an analyst at Bank Slaski brokerage.</p>
<p>Analysts said bourse sentiment was likely to remain overshadowed by the prospect of large privatisations and general elections due in September.</p>
<p>BUDAPEST</p>
<p>Hungarian shares had a rollercoaster week, that started with the seventh successive daily record high on Monday.</p>
<p>Traders said improving macroeconomic figures and good corporate earnings fuelled the price rises.</p>
<p>But a two-day correction pulled prices down sharply before recovering on Thursday when major issues nudged the BUX back up.</p>
<p>Traders said Hungarian shares were likely to be stable for the next few weeks, but added that the long-term outlook remains positive.</p>
<p>BUCHAREST</p>
<p>Increased foreign interest in the Bucharest bourse after the announcement of new portfolio investment rules sent turnover to consecutive all-time highs on Wednesday and Thursday and the two main indices posted strong gains towards the end of the week.</p>
<p>Earlier this week, Romania set a 1.5 percent tax on each portfolio buying deal, amending previous portfolio flow rules which set a four percent fee on capital gains.</p>
<p>BRATISLAVA</p>
<p>The 16-share SAX index continued to decline in light trading on the Bratisalva Stock Exchange (BSE) with brokers expecting little change until there is a resolution to the current uncertainty surrounding the Slovak crown.</p>
<p>&quot;The decline is fuelled mainly by fears of a Slovak crown devaluation, but also the start of a listless summer season seems to be playing its role,&quot; said Dusan Sykora of ING Barings.</p>
<p>Sykora said he did not expect a reversal of the downtrend or a significant improvement in liquidity for at least two months.</p>
<p>&quot;The index might not significantly fall further, but in a wider perspective, the downtrend will be still visible at least by the end of the summer,&quot; he said.</p>
<p>LJUBLJANA</p>
<p>In Slovenia, prices and volumes fell with traders predicting a quiet summer season in the absence of any fresh factors to boost the market.</p>
<p>Market participants said future movements would largely depend on ratification of the EU association agreement, which was signed in June last year.</p>
<p>ZAGREB</p>
<p>Most Croatian stocks closed firmer in slow trading on Friday, but dealers forecast livelier business next week though prices were not expected to move dramatically.</p>
<p>&quot;I don't see any huge leaps in prices but investors are definitely interested in buying larger share packages,&quot; said Marko Nikolac of Metroholding brokerage.</p>
<p>		  CLOSE     WEEK'S CHANGE     1997 HIGH    1997 LOW</p>
<p>		  JUNE 13   PTS	 PCT</p>
<p> CESI	 1,456.62   +37.5    +2.64    1,751.89    1,407.94</p>
<p> BUDAPEST   6,290.35   -28.66    -0.45   6,362.93    4,291.29</p>
<p> PRAGUE	  506.0    +8.4     +1.68    629.4	  476.7</p>
<p> LJUBLJANA   1,235.63   -55.56    -4.25  1,655.4	1,156.02</p>
<p> WARSAW     16,482.1   +481.5     +3.0  18,339.4     14,421.6</p>
<p> BRATISLAVA    176.94    -8.64    -4.66   207.75	  174.05</p>
<p>BUCHAREST</p>
<p> VAB-Index  1,023.7   +14.7	 +2.3  1,072.5	   262.0</p>
<p> BIG-Index  1,081.76  +43.97  +8.77	1,081.76	 266.43</p>
<p>All-time highs: CESI 1,751.89 (Feb 24/1997); PX50 1,002.4</p>
<p>(April 7/1994); WIG 20,760.3 (March 8/1994); SAX 405.49 (Feb</p>
<p>23/1994); SBI 1,655.4 (Feb 10/1997) BUX 6,362.93 (June 9, 1997).</p>
</text>
<copyright>(c) Reuters Limited 1997</copyright>
<metadata>
<codes class="bip:countries:1.0">
  <code code="CZREP">
    <editdetail attribution="Reuters BIP Coding Group" action="confirmed" date="1997-06-13"/>
  </code>
  <code code="HUNG">
    <editdetail attribution="Reuters BIP Coding Group" action="confirmed" date="1997-06-13"/>
  </code>
  <code code="POL">
    <editdetail attribution="Reuters BIP Coding Group" action="confirmed" date="1997-06-13"/>
  </code>
  <code code="ROM">
    <editdetail attribution="Reuters BIP Coding Group" action="confirmed" date="1997-06-13"/>
  </code>
</codes>
<codes class="bip:topics:1.0">
  <code code="M11">
    <editdetail attribution="Reuters BIP Coding Group" action="confirmed" date="1997-06-13"/>
  </code>
  <code code="MCAT">
    <editdetail attribution="Reuters BIP Coding Group" action="confirmed" date="1997-06-13"/>
  </code>
</codes>
<dc element="dc.date.created" value="1997-06-13"/>
<dc element="dc.publisher" value="Reuters Holdings Plc"/>
<dc element="dc.date.published" value="1997-06-13"/>
<dc element="dc.source" value="Reuters"/>
<dc element="dc.creator.location" value="PRAGUE"/>
<dc element="dc.creator.location.country.name" value="CZECH REPUBLIC"/>
<dc element="dc.source" value="Reuters"/>
</metadata>
</newsitem>
