<?xml version="1.0" encoding="iso-8859-1" ?>
<newsitem itemid="658952" id="root" date="1997-06-13" xml:lang="en">
<title>POLAND: PRESS DIGEST - Poland - June 13.</title>
<headline>PRESS DIGEST - Poland - June 13.</headline>
<text>
<p>Here are highlights from Polish newspapers this morning.</p>
<p>FRONT PAGE POLITICAL NEWS</p>
<p>RZECZPOSPOLITA</p>
<p>- Poland and Yugoslavia signed an agreement on avoiding double taxation, during a visit of Yugoslav Prime Minister Radoje Kontic to Warsaw on Thursday.</p>
<p>ECONOMIC AND MARKET STORIES</p>
<p>RZECZPOSPOLITA</p>
<p>- Poland's gross domestic product (GDP) will grow by five percent in 1997 and by 4.9 percent in 1998, a report by the Organisation for Economic Coperation and Development (OECD) said.</p>
<p>- The Huta Katowice steel mill had a net loss of more than 100 million zlotys last year, more than any forecasts said. The supervisory board has dismissed the plant's president Bogdan Kolomyjski and appointed Jerzy Smedzik, the former board member, to the post.</p>
<p>- Kredyt Bank (KB) in Warsaw has signed a cooperation agreement with the West Ukrainian Commercial Bank in Kiev, KB said. Kredyt Bank together with the European Bank for Reconstruction and Development (EBRD), Rabobank and Bank Ukraina plan to launch the Kiev International Bank (KIB) this year.</p>
<p>- The listed ComputerLand's results in the first quarter of 1997 were bad due to insufficient cooperation between the firm's subsidiaries, Computerland's president Tomasz Sielicki said.</p>
<p>- The Gdansk municipality, northern Poland, has issued munibonds worth 18.8 million zlotys to finance the purchase of new buses for urban transport. The city will issue bonds worth 48.6 million zlotys by the end of 1997.</p>
<p>- AmerBank has joined a banking consortium, which is to extend a $22 million credit for the Gdynia shipyard.</p>
<p>DZIENNIK PRAWA I GOSPODARKI</p>
<p>- Foreign trade and distribution firm Net-Trade has proposed its creditors a 50 percent debt write-off and converting the remaining liabilities into shares, Net-Trade president Wojciech Topinski said.</p>
<p>GAZETA WYBORCZA</p>
<p>- The listed Debica tire maker netted 6.3 million zlotys in May on sales of 62.7 million zlotys, the company said.</p>
<p>- PPABank netted  948,300 zlotys in May and had revenues on interests of 6.8 million zlotys, the bank said.</p>
<p>ZYCIE</p>
<p>- Global economic boom forecast for the next two years may boost Polish exports, the cabinet's strategic studies president Zbigniew Kuzmiuk said.</p>
<p>PARKIET</p>
<p>- The listed Tonsil sound system maker will be Japanese Pioneer's main loudspeaker maker in Europe, the Pioneer Electronic Corporation president Seiya Matsumoto said. NOTE - Reuters has not verified these stories and does not vouch for their accuracy.</p>
<p>-- Warsaw Newsroom +48 22 653 9700</p>
</text>
<copyright>(c) Reuters Limited 1997</copyright>
<metadata>
<codes class="bip:countries:1.0">
  <code code="POL">
    <editdetail attribution="Reuters BIP Coding Group" action="confirmed" date="1997-06-13"/>
  </code>
</codes>
<codes class="bip:topics:1.0">
  <code code="GCAT">
    <editdetail attribution="Reuters BIP Coding Group" action="confirmed" date="1997-06-13"/>
  </code>
</codes>
<dc element="dc.publisher" value="Reuters Holdings Plc"/>
<dc element="dc.date.published" value="1997-06-13"/>
<dc element="dc.source" value="Reuters"/>
<dc element="dc.creator.location.country.name" value="POLAND"/>
<dc element="dc.source" value="Reuters"/>
</metadata>
</newsitem>
