<?xml version="1.0" encoding="iso-8859-1" ?>
<newsitem itemid="658918" id="root" date="1997-06-13" xml:lang="en">
<title>UGANDA: Uganda coffee exports on track despite crop disease.</title>
<headline>Uganda coffee exports on track despite crop disease.</headline>
<byline>Manoah Esipisu</byline>
<dateline>KAMPALA 1997-06-13</dateline>
<text>
<p>Uganda's coffee exports will reach between 3.8 million and 4.0 million bags in 1996/97 despite capricious weather and coffee disease, the Uganda Coffee Development Authority (UCDA) said on Friday.</p>
<p>UCDA Board Secretary William Naggaga told Reuters that exports in the first eight months of 1996/97 (Oct-May) were 3.17 million bags. Average exports of 250,000 bags per month in the remaining four months would get Uganda to the 4.0 million bag threshold, Naggaga added.</p>
<p>For the same period last year, Uganda exported 2.9 million bags of coffee and went on to export a record 4.2 million, according to Naggaga's figures.</p>
<p>&quot;We are going to meet our export targets. We have also had good prices on average in the last six months so the market situation is reasonable,&quot; Naggaga said.</p>
<p>He said the price of Ugandan robustas had reached around 2,000 pounds per tonne from around 1,100 pounds last year.</p>
<p>Ugandan President Yoweri Museveni told parliament on Thursday that he would send troops to southwestern Uganda, which is worst affected by the coffee wilt disease that completely kills trees, to help salvage the situation.</p>
<p>He said many peasants needed help to uproot and burn affected trees before planting replacements. He added that he was obliged to act to eradicate a disease that could destroy all Uganda's coffee in just five years.</p>
<p>Naggaga said the situation was very serious. Some 11 key growing districts were affected, but the government had taken urgent measures to stem any further spread.</p>
<p>Measures included immediate destruction of affected trees and a ban on the transport of coffee from affected areas.</p>
<p>UCDA has also set aside 200 million shillings to help in a campaign against the disease and will host a major international conference on the disease next month.</p>
<p>Finance Minister Jehoash Mayanja-Nkangi told parliament on Thursday, &quot;If our coffee wilts, this will mean a very big problem in the economy.&quot;</p>
<p>Coffee is Uganda's leading foreign exchange earner despite a campaign in the past five years to diversify. It accounts for as much as 70 percent of Uganda's hard currency earnings.</p>
<p>Uganda is Africa's leading exporter of coffee.</p>
<p>($ =1,070 Ugandan shillings)</p>
</text>
<copyright>(c) Reuters Limited 1997</copyright>
<metadata>
<codes class="bip:countries:1.0">
  <code code="UGANDA">
    <editdetail attribution="Reuters BIP Coding Group" action="confirmed" date="1997-06-13"/>
  </code>
</codes>
<codes class="bip:industries:1.0">
  <code code="I01001">
    <editdetail attribution="Reuters BIP Coding Group" action="confirmed" date="1997-06-13"/>
  </code>
  <code code="I0100137">
    <editdetail attribution="Reuters BIP Coding Group" action="confirmed" date="1997-06-13"/>
  </code>
</codes>
<codes class="bip:topics:1.0">
  <code code="C31">
    <editdetail attribution="Reuters BIP Coding Group" action="confirmed" date="1997-06-13"/>
  </code>
  <code code="C312">
    <editdetail attribution="Reuters BIP Coding Group" action="confirmed" date="1997-06-13"/>
  </code>
  <code code="CCAT">
    <editdetail attribution="Reuters BIP Coding Group" action="confirmed" date="1997-06-13"/>
  </code>
  <code code="M14">
    <editdetail attribution="Reuters BIP Coding Group" action="confirmed" date="1997-06-13"/>
  </code>
  <code code="M141">
    <editdetail attribution="Reuters BIP Coding Group" action="confirmed" date="1997-06-13"/>
  </code>
  <code code="MCAT">
    <editdetail attribution="Reuters BIP Coding Group" action="confirmed" date="1997-06-13"/>
  </code>
</codes>
<dc element="dc.date.created" value="1997-06-13"/>
<dc element="dc.publisher" value="Reuters Holdings Plc"/>
<dc element="dc.date.published" value="1997-06-13"/>
<dc element="dc.source" value="Reuters"/>
<dc element="dc.creator.location" value="KAMPALA"/>
<dc element="dc.creator.location.country.name" value="UGANDA"/>
<dc element="dc.source" value="Reuters"/>
</metadata>
</newsitem>
