<?xml version="1.0" encoding="iso-8859-1" ?>
<newsitem itemid="658957" id="root" date="1997-06-13" xml:lang="en">
<title>LATVIA: LATVIA - NOON RADIO HEADLINES - JUNE 13.</title>
<headline>LATVIA - NOON RADIO HEADLINES - JUNE 13.</headline>
<dateline>RIGA 1997-06-13</dateline>
<text>
<p>These are the main headlines on Radio Latvia's Friday noon news. Reuters has not verified these reports and cannot vouch for their accuracy.</p>
<p>- Parliament chairman Alfreds Chepanis and President Guntis Ulmanis met to discuss the current political situation. Ulmanis considers it stable enough to leave for a two-week holiday.</p>
<p>- Foreign Minister Valdis Birkavs meets U.S. Secretary of State Madeleine Aulbright in Washington. He is the last Baltic foreign minister to visit Washingtom before the Madrid NATO summit.</p>
<p>- Three Russian-language newspapers launced an appeal for donations to restore the bombed Victory monument.</p>
<p>- A fisherman in Jekabpils caught a 30 kg cat fish, 1.75 metres long. Big, but still way off the all-time record of a 56 kg catfish in Latvia.</p>
<p>-- Riga newsroom, +371 721 5240</p>
</text>
<copyright>(c) Reuters Limited 1997</copyright>
<metadata>
<codes class="bip:countries:1.0">
  <code code="LATV">
    <editdetail attribution="Reuters BIP Coding Group" action="confirmed" date="1997-06-13"/>
  </code>
</codes>
<codes class="bip:topics:1.0">
  <code code="GCAT">
    <editdetail attribution="Reuters BIP Coding Group" action="confirmed" date="1997-06-13"/>
  </code>
</codes>
<dc element="dc.date.created" value="1997-06-13"/>
<dc element="dc.publisher" value="Reuters Holdings Plc"/>
<dc element="dc.date.published" value="1997-06-13"/>
<dc element="dc.source" value="Reuters"/>
<dc element="dc.creator.location" value="RIGA"/>
<dc element="dc.creator.location.country.name" value="LATVIA"/>
<dc element="dc.source" value="Reuters"/>
</metadata>
</newsitem>
