<?xml version="1.0" encoding="iso-8859-1" ?>
<newsitem itemid="658911" id="root" date="1997-06-13" xml:lang="en">
<title>SOUTH AFRICA: FORECAST - S.African economic indicators consensus.</title>
<headline>FORECAST - S.African economic indicators consensus.</headline>
<dateline>JOHANNESBURG 1997-06-13</dateline>
<text>
<p>South African economic indicators scheduled for release next week include:</p>
<p>DAY----GMT---INDICATOR----PERIOD--FORECAST---RANGE-----PREVIOUS</p>
<p>THU    1500  CURR ACCT    1Q     -2.1 BLN  -0.5/-3.0   -0.05BLN</p>
<p>---------------------------------------------------</p>
<p>-- Johannesburg newsroom +27 11 482 1003</p>
</text>
<copyright>(c) Reuters Limited 1997</copyright>
<metadata>
<codes class="bip:countries:1.0">
  <code code="SAFR">
    <editdetail attribution="Reuters BIP Coding Group" action="confirmed" date="1997-06-13"/>
  </code>
</codes>
<codes class="bip:topics:1.0">
  <code code="E11">
    <editdetail attribution="Reuters BIP Coding Group" action="confirmed" date="1997-06-13"/>
  </code>
  <code code="ECAT">
    <editdetail attribution="Reuters BIP Coding Group" action="confirmed" date="1997-06-13"/>
  </code>
</codes>
<dc element="dc.date.created" value="1997-06-13"/>
<dc element="dc.publisher" value="Reuters Holdings Plc"/>
<dc element="dc.date.published" value="1997-06-13"/>
<dc element="dc.source" value="Reuters"/>
<dc element="dc.creator.location" value="JOHANNESBURG"/>
<dc element="dc.creator.location.country.name" value="SOUTH AFRICA"/>
<dc element="dc.source" value="Reuters"/>
</metadata>
</newsitem>
