<?xml version="1.0" encoding="iso-8859-1" ?>
<newsitem itemid="659038" id="root" date="1997-06-13" xml:lang="en">
<title>CZECH REPUBLIC: Czech IPS AGM approves CZK 3.5 1996 div.</title>
<headline>Czech IPS AGM approves CZK 3.5 1996 div.</headline>
<dateline>PRAGUE 1997-06-13</dateline>
<text>
<p>An annual general meeting of the largest Czech construction group, IPS a.s., agreed to pay a 1996 gross dividend of 3.5 crowns per share on 1996 net earnings of 79 million crowns, an IPS spokeswoman said.</p>
<p>The company did not pay a dividend on 1995 earnings.  </p>
<p>The spokeswoman, Katerina Martinkova, told Reuters that IPS management expects net 1997 unconsolidated net profit to rise to 208 million crowns, growing to 245 million crowns in 1998, and 273 million crowns the following year.</p>
<p>The execution date for the dividend was not disclosed.</p>
<p>The main shareholders of IPS as of the end of May were the Czech fund SPIF Cesky with a 15 percent stake and fund IPF Komercni Banky with 13 percent.</p>
<p>-- Prague Newsroom, 420-2-2423-0003</p>
</text>
<copyright>(c) Reuters Limited 1997</copyright>
<metadata>
<codes class="bip:countries:1.0">
  <code code="CZREP">
    <editdetail attribution="Reuters BIP Coding Group" action="confirmed" date="1997-06-13"/>
  </code>
</codes>
<codes class="bip:industries:1.0">
  <code code="I50000">
    <editdetail attribution="Reuters BIP Coding Group" action="confirmed" date="1997-06-13"/>
  </code>
  <code code="I81502">
    <editdetail attribution="Reuters BIP Coding Group" action="confirmed" date="1997-06-13"/>
  </code>
</codes>
<codes class="bip:topics:1.0">
  <code code="C15">
    <editdetail attribution="Reuters BIP Coding Group" action="confirmed" date="1997-06-13"/>
  </code>
  <code code="C151">
    <editdetail attribution="Reuters BIP Coding Group" action="confirmed" date="1997-06-13"/>
  </code>
  <code code="CCAT">
    <editdetail attribution="Reuters BIP Coding Group" action="confirmed" date="1997-06-13"/>
  </code>
</codes>
<dc element="dc.date.created" value="1997-06-13"/>
<dc element="dc.publisher" value="Reuters Holdings Plc"/>
<dc element="dc.date.published" value="1997-06-13"/>
<dc element="dc.source" value="Reuters"/>
<dc element="dc.creator.location" value="PRAGUE"/>
<dc element="dc.creator.location.country.name" value="CZECH REPUBLIC"/>
<dc element="dc.source" value="Reuters"/>
</metadata>
</newsitem>
