<?xml version="1.0" encoding="iso-8859-1" ?>
<newsitem itemid="659018" id="root" date="1997-06-13" xml:lang="en">
<title>POLAND: Polish shares close mixed in continuous trade.</title>
<headline>Polish shares close mixed in continuous trade.</headline>
<dateline>WARSAW 1997-06-13</dateline>
<text>
<p>Five stocks rose, four fell and six were flat in an 8.5-million-zloty continuous trade with the WIG 20 index closing at 1,650.8 points, 0.2 percent lower than at the regular session.</p>
<p>The remaining eight stocks did not trade.</p>
<p>NFI units rose one percent to 157.5 zlotys in a heavy 44.9-million-zloty turnover.</p>
<p>-- Warsaw Newsroom +48 22 653 9700</p>
</text>
<copyright>(c) Reuters Limited 1997</copyright>
<metadata>
<codes class="bip:countries:1.0">
  <code code="POL">
    <editdetail attribution="Reuters BIP Coding Group" action="confirmed" date="1997-06-13"/>
  </code>
</codes>
<codes class="bip:topics:1.0">
  <code code="M11">
    <editdetail attribution="Reuters BIP Coding Group" action="confirmed" date="1997-06-13"/>
  </code>
  <code code="MCAT">
    <editdetail attribution="Reuters BIP Coding Group" action="confirmed" date="1997-06-13"/>
  </code>
</codes>
<dc element="dc.date.created" value="1997-06-13"/>
<dc element="dc.publisher" value="Reuters Holdings Plc"/>
<dc element="dc.date.published" value="1997-06-13"/>
<dc element="dc.source" value="Reuters"/>
<dc element="dc.creator.location" value="WARSAW"/>
<dc element="dc.creator.location.country.name" value="POLAND"/>
<dc element="dc.source" value="Reuters"/>
</metadata>
</newsitem>
