<?xml version="1.0" encoding="iso-8859-1" ?>
<newsitem itemid="659059" id="root" date="1997-06-13" xml:lang="en">
<title>RUSSIA: Russia Perm to pick eurobond lead manager by July.</title>
<headline>Russia Perm to pick eurobond lead manager by July.</headline>
<dateline>MOSCOW 1997-06-13</dateline>
<text>
<p>Russia's Perm region, which plans to raise between $50 and $200 million through a Eurobond issue, will choose a lead-manager by next month, an aide to the region's deputy governor said on Friday.</p>
<p>Konstantin Zakharov told Reuters the region had invited applications from CS First Boston and Bank of San Francisco on Friday.</p>
<p>&quot;On June 25 a commission to choose the lead manager and a rating agency will start sitting,&quot; Zakharov said. &quot;Give them a week to consider all bids and clear up any misunderstandings.&quot;</p>
<p>The region had already received bids from ING-Barings, and Russian banks AB Inkombank and OAO Bank Menatep. It is also expecting a bid from Creditanstalt-Grant.</p>
<p>--Julie Tolkacheva, Moscow Newsroom, +7095 941 8520</p>
</text>
<copyright>(c) Reuters Limited 1997</copyright>
<metadata>
<codes class="bip:countries:1.0">
  <code code="RUSS">
    <editdetail attribution="Reuters BIP Coding Group" action="confirmed" date="1997-06-13"/>
  </code>
</codes>
<codes class="bip:topics:1.0">
  <code code="E21">
    <editdetail attribution="Reuters BIP Coding Group" action="confirmed" date="1997-06-13"/>
  </code>
  <code code="E212">
    <editdetail attribution="Reuters BIP Coding Group" action="confirmed" date="1997-06-13"/>
  </code>
  <code code="ECAT">
    <editdetail attribution="Reuters BIP Coding Group" action="confirmed" date="1997-06-13"/>
  </code>
</codes>
<dc element="dc.date.created" value="1997-06-13"/>
<dc element="dc.publisher" value="Reuters Holdings Plc"/>
<dc element="dc.date.published" value="1997-06-13"/>
<dc element="dc.source" value="Reuters"/>
<dc element="dc.creator.location" value="MOSCOW"/>
<dc element="dc.creator.location.country.name" value="RUSSIA"/>
<dc element="dc.source" value="Reuters"/>
</metadata>
</newsitem>
