<?xml version="1.0" encoding="iso-8859-1" ?>
<newsitem itemid="659036" id="root" date="1997-06-13" xml:lang="en">
<title>LATVIA: Latvian stocks slip, Olainfarm again in focus.</title>
<headline>Latvian stocks slip, Olainfarm again in focus.</headline>
<dateline>RIGA 1997-06-13</dateline>
<text>
<p>Latvian share trade slid lower on Friday, with drugs firm Olainfarm again standing out with high trade and a volatile price.</p>
<p>Turnover slipped to 70,000 lats versus Thursday's 112,000 lats and the Rietumu index lost 1.71 percent to 152.12, a fall of 3.85 percent during the week.</p>
<p>Brokers said the market was likely to stay around current levels in the following week.</p>
<p>They highlighted Olainfarm as again the most notable stock today as it slid to 2.09 lats from 2.40 lats on by far the highest trade of 42,600 lats.</p>
<p>Brokers differed over prospects for the stock after it joined the market on Monday. It has swung between 2.49 and 2.09 lats over the week.</p>
<p>Many brokers had expected a price of around 1.5 to 1.90 lats after it reported a shock first quarter loss.</p>
<p>&quot;This share price is exaggerated,&quot; said one broker, adding that he thought that Estonian investors who had bought the shares recently at 2.50 lats each were trying to support the price around that level.</p>
<p>&quot;It will be interesting to see how much longer they will be there,&quot; the broker said.</p>
<p>He said that once the Estonian efforts to support the price stopped, then it would probably fall to around 1.12 lats.</p>
<p>But Rietumu broker Dmitry Krutik said in his weekly market bulletin that Olainfarm was being looked on as a quality stock.</p>
<p>&quot;It is obvious that we can already say that some market participants look on Olainfarm as an investment object and that this company is a good candidate to be a blue chip on the Latvian market,&quot; Krutik said in a statement.</p>
<p>Unibanka was second most active on 13,900 lats, losing 11 santimes to 3.22 lats.</p>
<p>-- Patrick Lannin, Riga newsroom, +371 721 5240</p>
</text>
<copyright>(c) Reuters Limited 1997</copyright>
<metadata>
<codes class="bip:countries:1.0">
  <code code="LATV">
    <editdetail attribution="Reuters BIP Coding Group" action="confirmed" date="1997-06-13"/>
  </code>
</codes>
<codes class="bip:topics:1.0">
  <code code="M11">
    <editdetail attribution="Reuters BIP Coding Group" action="confirmed" date="1997-06-13"/>
  </code>
  <code code="MCAT">
    <editdetail attribution="Reuters BIP Coding Group" action="confirmed" date="1997-06-13"/>
  </code>
</codes>
<dc element="dc.date.created" value="1997-06-13"/>
<dc element="dc.publisher" value="Reuters Holdings Plc"/>
<dc element="dc.date.published" value="1997-06-13"/>
<dc element="dc.source" value="Reuters"/>
<dc element="dc.creator.location" value="RIGA"/>
<dc element="dc.creator.location.country.name" value="LATVIA"/>
<dc element="dc.source" value="Reuters"/>
</metadata>
</newsitem>
