<?xml version="1.0" encoding="iso-8859-1" ?>
<newsitem itemid="659004" id="root" date="1997-06-13" xml:lang="en">
<title>BULGARIA: Bulgaria to complete smelter sale by September.</title>
<headline>Bulgaria to complete smelter sale by September.</headline>
<dateline>SOFIA 1997-06-13</dateline>
<text>
<p>Bulgaria's Privatisation Agency said on Friday it had signed a preliminary agreement with Belgium's Union Miniere SA for the sale of 56 percent of the MDK copper smelter and hoped to finalise the deal by September.</p>
<p>An agency statement said Union Miniere, which had submitted the winning bid, had offered $80 million and an investment programme worth $220 million, which would make the deal Bulgaria's biggest sell-off so far.</p>
<p>The investment programme is aimed at increasing the plant's smelting capacity and the construction of a new refinery.</p>
<p>The preliminary agreement is pending the approval of the cabinet.</p>
<p>A key issue in the MDK sale has been pollution at the smelter site and the surrounding area and Union Miniere would fund and carry out an environmental study before finalising the deal, the statement said.</p>
<p>The study is expected to take up to eight weeks and the Privatisation Agency and the Belgium firm hope to be able to sign a final agreement by the beginning of September.</p>
<p>The World Bank said last December it was willing to help finance capacity expansion, upgrading and solving MDK's environmental problems once the company is privatised.</p>
<p>Another 30 percent of the plant, whose profit was more than 2.4 billion levs ($1.4 million) last year and some $3 million in 1995, have been offered for mass voucher privatisation.</p>
<p>MDK's turnover was $111.4 million in 1994 and $168 million in 1995. Its annual copper production capacity is up to 50,000 tonnes now, officials said. The plant imports some 30 percent of its raw materials.</p>
<p>Belgian chemicals and drugs group Solvay SA bought in April a 60 percent stake in soda ash producer Sodi for $160 million and under the contract will invest $67 million in the next five years.</p>
<p>-- Liliana Semerdjieva, Sofia Newsroom, 359-2-91188 ($ = 1686 Bulgarian Levs)</p>
</text>
<copyright>(c) Reuters Limited 1997</copyright>
<metadata>
<codes class="bip:countries:1.0">
  <code code="BELG">
    <editdetail attribution="Reuters BIP Coding Group" action="confirmed" date="1997-06-13"/>
  </code>
  <code code="BUL">
    <editdetail attribution="Reuters BIP Coding Group" action="confirmed" date="1997-06-13"/>
  </code>
</codes>
<codes class="bip:industries:1.0">
  <code code="I22400">
    <editdetail attribution="Reuters BIP Coding Group" action="confirmed" date="1997-06-13"/>
  </code>
</codes>
<codes class="bip:topics:1.0">
  <code code="C18">
    <editdetail attribution="Reuters BIP Coding Group" action="confirmed" date="1997-06-13"/>
  </code>
  <code code="C182">
    <editdetail attribution="Reuters BIP Coding Group" action="confirmed" date="1997-06-13"/>
  </code>
  <code code="CCAT">
    <editdetail attribution="Reuters BIP Coding Group" action="confirmed" date="1997-06-13"/>
  </code>
</codes>
<dc element="dc.date.created" value="1997-06-13"/>
<dc element="dc.publisher" value="Reuters Holdings Plc"/>
<dc element="dc.date.published" value="1997-06-13"/>
<dc element="dc.source" value="Reuters"/>
<dc element="dc.creator.location" value="SOFIA"/>
<dc element="dc.creator.location.country.name" value="BULGARIA"/>
<dc element="dc.source" value="Reuters"/>
</metadata>
</newsitem>
