<?xml version="1.0" encoding="iso-8859-1" ?>
<newsitem itemid="613163" id="root" date="1997-05-26" xml:lang="en">
<title>JAPAN: Tokyo stocks seen in tight range, eyes on yen.</title>
<headline>Tokyo stocks seen in tight range, eyes on yen.</headline>
<dateline>TOKYO 1996-05-27</dateline>
<text>
<p>Tokyo stocks are expected to drift in a tight range on Tuesday with investors eyeing the yen, which has slipped past 116 to the dollar and may encourage purchases of blue-chip issues, brokers said. They said trade is likely to be slow on what is the last day for May delivery.</p>
<p>On Monday, the 225-share Nikkei average gained 34.50 points, or 0.17 percent, to finish at 20,043.50. Its June futures were up 120 points at 20,150.</p>
<p>&quot;Trade should be even more subdued today than it was on Monday as dealers especially will hold off on taking up new positions,&quot; a broker at a second-tier brokerage said.  </p>
<p>Turnover on Monday was light, with 269 million shares changing hands on the first section of the Tokyo Stock Exchange, down from 368 million on Friday.  </p>
<p>Investors continued to flock to shares involved in the integrated circuit (IC) related business. Nippon Telegraph and Telephone Corp said it plans to begin converting its public phones into ones that use IC cards in the near future.</p>
<p>Mitsubishi Plastics Industries Ltd, one such share, was the second largest percentage gainer on the first section. It rose 41 yen or 9.76 percent to stand at 461.</p>
<p>Telecommunications equipment maker Tamura Electric Works added 41 yen to stand at 936. Shinko Electric Co, a electrical machinery maker, was bid-only at 502, after closing at 467 yen on Monday.  </p>
<p>Shares of Oki Electric Industry Co Ltd slumped 23 yen to stand at 583 on grim group earnings announced on Monday.</p>
<p>On the other hand, electric wire and cable maker Fujikura Ltd surged to a high for calendar 1997 on a robust earnings announcement. It stood at 993 yen, up 15 yen.</p>
<p>&quot;The market will be even more lost for direction once the earnings announcement peak is over,&quot; a broker at a second-tier brokerage said. &quot;Hopefully, the industrial production data due out later this week will make investors confident over the health of the economy and encourage them to buy.&quot;  </p>
<p>Preliminary industrial production figures for April and forecasts for May and June are due out on Thursday.</p>
<p>In sectors, transport equipment, non-ferrous metals, trading houses, insurance and iron/steel were at the top of the list of gaining sectors.</p>
<p>Ship building, real estate, sea transport, miscellaneous manufacturers and oil headed the list of retreating sectors.</p>
<p>In other indices, the TOPIX slipped 2.60 points or 0.17 percent to stand at 1,492.01. The Nikkei 300 shed 0.66 point or 0.23 percent to stand at 288.60.</p>
<p>--Masako Iijima, Tokyo Equities Desk (+81-3-3432-9052)</p>
</text>
<copyright>(c) Reuters Limited 1997</copyright>
<metadata>
<codes class="bip:countries:1.0">
  <code code="JAP">
    <editdetail attribution="Reuters BIP Coding Group" action="confirmed" date="1997-05-26"/>
  </code>
</codes>
<codes class="bip:topics:1.0">
  <code code="M11">
    <editdetail attribution="Reuters BIP Coding Group" action="confirmed" date="1997-05-26"/>
  </code>
  <code code="MCAT">
    <editdetail attribution="Reuters BIP Coding Group" action="confirmed" date="1997-05-26"/>
  </code>
</codes>
<dc element="dc.date.created" value="1996-05-27"/>
<dc element="dc.publisher" value="Reuters Holdings Plc"/>
<dc element="dc.date.published" value="1997-05-26"/>
<dc element="dc.source" value="Reuters"/>
<dc element="dc.creator.location" value="TOKYO"/>
<dc element="dc.creator.location.country.name" value="JAPAN"/>
<dc element="dc.source" value="Reuters"/>
</metadata>
</newsitem>
