<?xml version="1.0" encoding="iso-8859-1" ?>
<newsitem itemid="613168" id="root" date="1997-05-26" xml:lang="en">
<title>CANADA: Canadian bonds end little changed in quiet market.</title>
<headline>Canadian bonds end little changed in quiet market.</headline>
<dateline>TORONTO 1997-05-26</dateline>
<text>
<p>Canadian bonds ended the session little changed in very quiet trade on Monday, with the Memorial Day closing of the U.S. market sidelining many investors, analysts said.</p>
<p>&quot;There's no indicators. There's no business. It's very, very quiet. There's nothing much interesting to say,&quot; said Mark Chandler, senior economist with Goldman Sachs Canada.</p>
<p>Canada's 30-year benchmark bond rose C$0.05 to C$111.15 to yield 7.058 percent. The U.S. 30-year bond last traded with a yield of 6.99 percent on Friday. The spread between the bonds was unchanged at seven basis points.  </p>
<p>&quot;There was nothing going on at all,&quot; said Joe Lee, a portfolio manager with Laketon Investment Management. &quot;It's not unusual for the market to be flat on a day like this.&quot;</p>
<p>While there was no official close announced for the Canadian bond market, dealers said activity was extremely thin with the U.S. market closed for Memorial Day and London observing a banking holiday.</p>
<p>Trading volumes were also low because several brokerages were sponsoring golf tournaments on Monday, keeping many traders from the market.  </p>
<p>Looking ahead, dealers said the focus for the week was likely to be new supply in Canada and the United States. Canada has a five-year bond auction on Wednesday, while the United States has a two-year note auction on Wednesday and a five-year note auction on Thursday.</p>
<p>Lee said the market could also see some new issues of corporate bonds.</p>
<p>In other prices, Canada's 10-year benchmark bond rose C$0.02 to C$103.32 to yield 6.524 percent. The U.S. 10-year bond last traded with a yield of 6.75 percent at the close of trading on Friday.  </p>
<p>The negative spread between the two bonds was 23 basis points, unchanged from the close of trading on Friday.</p>
<p>The three-month cash T-bill traded with a yield of 2.88 percent against its U.S. equivalent which yielded 5.15 percent.</p>
<p>((Jeffrey Hodgson (416) 941-8105, e-mail: jeffrey.hodgson@reuters.com))</p>
</text>
<copyright>(c) Reuters Limited 1997</copyright>
<metadata>
<codes class="bip:countries:1.0">
  <code code="CANA">
    <editdetail attribution="Reuters BIP Coding Group" action="confirmed" date="1997-05-26"/>
  </code>
</codes>
<codes class="bip:topics:1.0">
  <code code="M12">
    <editdetail attribution="Reuters BIP Coding Group" action="confirmed" date="1997-05-26"/>
  </code>
  <code code="M13">
    <editdetail attribution="Reuters BIP Coding Group" action="confirmed" date="1997-05-26"/>
  </code>
  <code code="M131">
    <editdetail attribution="Reuters BIP Coding Group" action="confirmed" date="1997-05-26"/>
  </code>
  <code code="MCAT">
    <editdetail attribution="Reuters BIP Coding Group" action="confirmed" date="1997-05-26"/>
  </code>
</codes>
<dc element="dc.date.created" value="1997-05-26"/>
<dc element="dc.publisher" value="Reuters Holdings Plc"/>
<dc element="dc.date.published" value="1997-05-26"/>
<dc element="dc.source" value="Reuters"/>
<dc element="dc.creator.location" value="TORONTO"/>
<dc element="dc.creator.location.country.name" value="CANADA"/>
<dc element="dc.source" value="Reuters"/>
</metadata>
</newsitem>
