<?xml version="1.0" encoding="iso-8859-1" ?>
<newsitem itemid="613185" id="root" date="1997-05-26" xml:lang="en">
<title>USA: ATHLETICS-SLANEY SLAMS U.S. TRACK BODY.</title>
<headline>ATHLETICS-SLANEY SLAMS U.S. TRACK BODY.</headline>
<dateline>EUGENE, Oregon 1997-05-25</dateline>
<text>
<p>Veteran American runner Mary Slaney is in a rage over what she believes was the misreading and leaking of her drug testing results by the U.S. ruling body for her sport, USA Track &amp; Field.</p>
<p>&quot;I don't feel like giving anything to the sport right now,&quot; Slaney said in an interview with the Eugene Register-Guard published Sunday. &quot;If someone were to ask me how I feel about USA Track &amp; Field right now, I would say I hope it burns in hell.&quot;</p>
<p>In 25 years of elite racing, Slaney has experienced the highs of winning two world championships and the lows of numerous injuries and her infamous collision with Zola Budd in the 1984 Olympics.</p>
<p>But never has she been as boiling mad as she is now, since a report of her confidential urine test from last June's U.S. Olympic Trials was published by the New York Times.</p>
<p>Her urinalysis was reported to have shown a suspicious ratio of testosterone to epitestosterone, above the 6-to-1 level considered to be evidence of performance-enhancing drugs.</p>
<p>While the testosterone-to-epitestosterone level, or T/E, is considered constant in men, the ratio can vary in women depending on age, menstrual cycle and use of birth control pills.</p>
<p>At the time of her urine test at the U.S. Trials, Slaney, then 37, was menstruating and had recently begun taking birth control pills.</p>
<p>Slaney and her representatives say these factors could have skewed her T/E ratio enough to call into suspicion her urinalysis last June.</p>
<p>&quot;I've made Olympic teams in the past, I've broken world and American records, I've been drug-tested hundreds of times,&quot; Slaney told the Register-Guard. &quot;At my age, you don't start taking performance-enhancing substances to see what you can get out of the sport.&quot;</p>
<p>Last August the international ruling body, the IAAF, said it did not have enough information to declare Slaney's drug test positive. By February the IAAF told USA Track &amp; Field to proceed with the case against Slaney. USA Track &amp; Field's Custodial Board filed its findings on May 6.  </p>
<p>Slaney's attorney, Doriane Lambelet Coleman, has until Tuesday to file a rebuttal to the Custodial Board.</p>
<p>&quot;I was horrified,&quot; Slaney said of how she felt when first informed of the test results last July. &quot;My first response was how can I come up with any sort of questionable results in a drug test when I haven't taken anything?&quot;</p>
<p>With her case pending, Slaney said she intends to compete in the USA Track &amp; Field Championships June 11-15 with a goal of qualifying in the 1,500 meters for the U.S. team at the World Championships in Athens. A leg injury forced her to withdraw from Sunday's Prefontaine Classic here.</p>
</text>
<copyright>(c) Reuters Limited 1997</copyright>
<metadata>
<codes class="bip:countries:1.0">
  <code code="USA">
    <editdetail attribution="Reuters BIP Coding Group" action="confirmed" date="1997-05-26"/>
  </code>
</codes>
<codes class="bip:topics:1.0">
  <code code="GCAT">
    <editdetail attribution="Reuters BIP Coding Group" action="confirmed" date="1997-05-26"/>
  </code>
  <code code="GSPO">
    <editdetail attribution="Reuters BIP Coding Group" action="confirmed" date="1997-05-26"/>
  </code>
</codes>
<dc element="dc.date.created" value="1997-05-25"/>
<dc element="dc.publisher" value="Reuters Holdings Plc"/>
<dc element="dc.date.published" value="1997-05-26"/>
<dc element="dc.source" value="Reuters"/>
<dc element="dc.creator.location" value="EUGENE, Oregon"/>
<dc element="dc.creator.location.country.name" value="USA"/>
<dc element="dc.source" value="Reuters"/>
</metadata>
</newsitem>
