<?xml version="1.0" encoding="iso-8859-1" ?>
<newsitem itemid="613188" id="root" date="1997-05-26" xml:lang="en">
<title>UK: HORSE RACING-FALLON TO APPEAL AGAINST 10-DAY BAN.</title>
<headline>HORSE RACING-FALLON TO APPEAL AGAINST 10-DAY BAN.</headline>
<dateline>LONDON 1997-05-26</dateline>
<text>
<p>Leading jockey Kieren Fallon is to appeal against a 10-day ban imposed after his mount Musical Dancer veered off course in Sunday's Italian Derby.</p>
<p>Fallon, first jockey for top trainer Henry Cecil, is in danger of losing the ride on the favourite for the Epsom Oaks on June 6 and his mount in the Derby the following day.&quot;</p>
<p>Cecil said: &quot;He couldn't do anything about it. It was not intentional. It's a shame because he has been doing so well.&quot;</p>
<p>Fallon leads the jockeys' table by five ahead of champion Pat Eddery and Frankie Dettori.</p>
</text>
<copyright>(c) Reuters Limited 1997</copyright>
<metadata>
<codes class="bip:countries:1.0">
  <code code="UK">
    <editdetail attribution="Reuters BIP Coding Group" action="confirmed" date="1997-05-26"/>
  </code>
</codes>
<codes class="bip:topics:1.0">
  <code code="GCAT">
    <editdetail attribution="Reuters BIP Coding Group" action="confirmed" date="1997-05-26"/>
  </code>
  <code code="GSPO">
    <editdetail attribution="Reuters BIP Coding Group" action="confirmed" date="1997-05-26"/>
  </code>
</codes>
<dc element="dc.date.created" value="1997-05-26"/>
<dc element="dc.publisher" value="Reuters Holdings Plc"/>
<dc element="dc.date.published" value="1997-05-26"/>
<dc element="dc.source" value="Reuters"/>
<dc element="dc.creator.location" value="LONDON"/>
<dc element="dc.creator.location.country.name" value="UK"/>
<dc element="dc.source" value="Reuters"/>
</metadata>
</newsitem>
