<?xml version="1.0" encoding="iso-8859-1" ?>
<newsitem itemid="613249" id="root" date="1997-05-26" xml:lang="en">
<title>FRANCE: TENNIS-FRENCH OPEN MEN'S RESULTS-DAY ONE.</title>
<headline>TENNIS-FRENCH OPEN MEN'S RESULTS-DAY ONE.</headline>
<dateline>PARIS 1997-05-26</dateline>
<text>
<p>Men's singles results in the French</p>
<p>Open tennis tournament on Monday.</p>
<p>Prefix number denotes seeding</p>
<p>First round:</p>
<p>Jeff Tarango (U.S.) beat Marcelo Filippini (Urugay) 4-6 6-2 5-7</p>
<p>7-6 (9-7) 6-4</p>
<p>Filip Dewulf (Belgium) beat Cristiano Caratti (Italy)  6-3 6-3</p>
<p>6-1</p>
<p>9-Carlos Moya (Spain) v Alberto Martin (Spain) 6-3 6-7  (3-7)</p>
<p>5-7 6-3 bad light stopped play</p>
<p>15-Marc Rosset (Switzerland) beat Dominik Hrbaty (Slovakia) 7-5</p>
<p>3-6 7-6 (7-2) 6-4</p>
<p>5-Thomas Muster (Austria) beat Marc-Kevin Goellner (Germany) 4-6</p>
<p>7-6 (7-4) 6-2 6-7 (2-7) 6-4</p>
<p>Juan Albert Viloca (Spain) beat Christian Ruud (Norway) 5-7 6-4</p>
<p>6-1 4-1 retired injured</p>
<p>Andrei Medvedev (Ukraine) beat 12-Alberto Berasategui (Spain)</p>
<p>6-4 4-6 2-6 6-2 2-1 retired injured</p>
<p>Sebastien Lareau (Canada) beat Hernan Gumy (Argentina) 2-6 6-4</p>
<p>6-4 4-6 8-6</p>
<p>Francisco Clavet (Spain) beat Marcelo Charpentier (Argentina)</p>
<p>3-6 6-4 6-7 (2-7) 6-1 6-3</p>
<p>Albert Portas (Spain) beat Gerard Solves (France) 7-5  6-1 6-3</p>
<p>Jonathan Stark (U.S.) beat Mariano Zabaleta (Argentina) 6-4 7-6</p>
<p>(7-2) 7-6 (7-5)</p>
<p>Jason Stoltenberg (Australia) beat Alex Radulescu (Germany) 6-0</p>
<p>6-4 4-6 6-4</p>
<p>Jan Siemerink (Netherlands) beat Sebastien Grosjean (France) 6-3</p>
<p>4-6 6-4 6-4</p>
<p>Nicolas Escude (France) beat Thomas Johansson (Sweden) 6-3 2-6</p>
<p>7-5 7-6 (7-3)</p>
<p>Salvador Navarro (Spain) beat Marcos Aurelio Gorriz (Spain) 1-6</p>
<p>6-4 6-2 6-7 (2-7) 6-1</p>
<p>1-Pete Sampras (U.S.) beat Fabrice Santoro (France) 6-3 7-5 6-1</p>
<p>8-Alex Corretja (Spain) beat Karim Alami (Morocco) 6-3 6-4 6-1</p>
<p>Thierry Champion (France) beat Stephane Huet (France)  5-7 4-6</p>
<p>7-5 6-3 6-4</p>
<p>Cedric Pioline (France) beat Oliver Gross (Germany) 6-4 6-4 3-6</p>
<p>7-5</p>
<p>Fernando Meligeni (Brazil) beat Javier Frana (Argentina) 6-4 6-7</p>
<p>(3-7) 6-4 7-5</p>
<p>Jonas Bjorkman (Sweden) beat Richey Reneberg (U.S.) 6-2 6-1 4-6</p>
<p>6-2</p>
<p>Jens Knippschild (Germany) beat David Prinosil (Germany) 6-4 6-4</p>
<p>3-6 4-6 6-4</p>
<p>Guillaume Raoux (France) beat Vincent Spadea (U.S.) 6-2 6-0 6-1</p>
<p>Gustavo Kuerten (Brazil) beat Slava Dosedel (Czech Republic) 6-0</p>
<p>7-5 6-4</p>
<p>Magnus Norman (Sweden) beat Greg Rusedski (Britain) 6-3 6-2 3-6</p>
<p>4-6 9-7</p>
<p>Gaston Etlis (Argentina) beat Wolfgang Schranz (Austria) 6-4 6-2</p>
<p>6-3</p>
<p>3-Yevgeny Kafelnikov (Russia) beat Martin Damm (Czech Republic)</p>
<p>6-2 6-4 6-4</p>
<p>Leander Paes (India) beat Grant Stafford (South Africa) 6-4 3-6</p>
<p>6-3 6-2</p>
<p>Ramon Delgado (Paraguay) beat Sjeng Schalken (Netherlands) 2-6</p>
<p>7-6 (7-2) 7-5 6-4</p>
<p>Lionel Roux (France) beat Andrei Merinov (Russia) 6-0  6-2 7-6</p>
<p>(12-10)</p>
<p>(ends Monday's men's results)</p>
</text>
<copyright>(c) Reuters Limited 1997</copyright>
<metadata>
<codes class="bip:countries:1.0">
  <code code="FRA">
    <editdetail attribution="Reuters BIP Coding Group" action="confirmed" date="1997-05-26"/>
  </code>
</codes>
<codes class="bip:topics:1.0">
  <code code="GCAT">
    <editdetail attribution="Reuters BIP Coding Group" action="confirmed" date="1997-05-26"/>
  </code>
  <code code="GSPO">
    <editdetail attribution="Reuters BIP Coding Group" action="confirmed" date="1997-05-26"/>
  </code>
</codes>
<dc element="dc.date.created" value="1997-05-26"/>
<dc element="dc.publisher" value="Reuters Holdings Plc"/>
<dc element="dc.date.published" value="1997-05-26"/>
<dc element="dc.source" value="Reuters"/>
<dc element="dc.creator.location" value="PARIS"/>
<dc element="dc.creator.location.country.name" value="FRANCE"/>
<dc element="dc.source" value="Reuters"/>
</metadata>
</newsitem>
