<?xml version="1.0" encoding="iso-8859-1" ?>
<newsitem itemid="613221" id="root" date="1997-05-26" xml:lang="en">
<title>ARGENTINA: SOCCER-NEWELL'S OLD BOYS INCREASE LEAD IN ARGENTINA.</title>
<headline>SOCCER-NEWELL'S OLD BOYS INCREASE LEAD IN ARGENTINA.</headline>
<dateline>BUENOS AIRES 1997-05-25</dateline>
<text>
<p>Newell's Old Boys increased their lead at the top of the Argentine Clausura championship on Sunday when they beat Lanus 1-0 while second-placed Colon were held to a draw.</p>
<p>Cristian Paris scored the winner for Newell's who went three points clear as Colon drew 1-1 away to Velez Sarsfield.</p>
<p>Castano Suarez scored early in the game for Colon, who have never won a major title, but Martin Posse equalised on the stroke of halftime for Velez, who won both the tournaments played last season.</p>
<p>The Clausura is the second of the two tournaments played in the Argentine season. River Plate won this season's opening championship, known as the Apertura.</p>
</text>
<copyright>(c) Reuters Limited 1997</copyright>
<metadata>
<codes class="bip:countries:1.0">
  <code code="ARG">
    <editdetail attribution="Reuters BIP Coding Group" action="confirmed" date="1997-05-26"/>
  </code>
  <code code="FRA">
    <editdetail attribution="Reuters BIP Coding Group" action="confirmed" date="1997-05-26"/>
  </code>
</codes>
<codes class="bip:topics:1.0">
  <code code="GCAT">
    <editdetail attribution="Reuters BIP Coding Group" action="confirmed" date="1997-05-26"/>
  </code>
  <code code="GSPO">
    <editdetail attribution="Reuters BIP Coding Group" action="confirmed" date="1997-05-26"/>
  </code>
</codes>
<dc element="dc.date.created" value="1997-05-25"/>
<dc element="dc.publisher" value="Reuters Holdings Plc"/>
<dc element="dc.date.published" value="1997-05-26"/>
<dc element="dc.source" value="Reuters"/>
<dc element="dc.creator.location" value="BUENOS AIRES"/>
<dc element="dc.creator.location.country.name" value="ARGENTINA"/>
<dc element="dc.source" value="Reuters"/>
</metadata>
</newsitem>
