<?xml version="1.0" encoding="iso-8859-1" ?>
<newsitem itemid="613280" id="root" date="1997-05-26" xml:lang="en">
<title>GERMANY: SOCCER-GERMANS USE EUROPEAN FINAL TO PROMOTE WORLD CUP BID.</title>
<headline>SOCCER-GERMANS USE EUROPEAN FINAL TO PROMOTE WORLD CUP BID.</headline>
<dateline>MUNICH, Germany 1997-05-26</dateline>
<text>
<p>Germany will be using Wednesday's European Cup final in Munich to promote its bid to host the 2006 World Cup finals.</p>
<p>The German soccer federation (DFB), which is facing a rival European bid from England, has organised a gala for hundreds of officials and journaliststs at a Munich theatre on the eve of the final between Borussia Dortmund and Juventus.</p>
<p>The gala will be co-hosted by former World Cup-winning captain and coach Franz Beckenbauer who is heading the DFB bid. Guests will be shown details of Germany's plans for the finals, including a promotional video.</p>
</text>
<copyright>(c) Reuters Limited 1997</copyright>
<metadata>
<codes class="bip:countries:1.0">
  <code code="GFR">
    <editdetail attribution="Reuters BIP Coding Group" action="confirmed" date="1997-05-26"/>
  </code>
  <code code="UK">
    <editdetail attribution="Reuters BIP Coding Group" action="confirmed" date="1997-05-26"/>
  </code>
</codes>
<codes class="bip:topics:1.0">
  <code code="GCAT">
    <editdetail attribution="Reuters BIP Coding Group" action="confirmed" date="1997-05-26"/>
  </code>
  <code code="GSPO">
    <editdetail attribution="Reuters BIP Coding Group" action="confirmed" date="1997-05-26"/>
  </code>
</codes>
<dc element="dc.date.created" value="1997-05-26"/>
<dc element="dc.publisher" value="Reuters Holdings Plc"/>
<dc element="dc.date.published" value="1997-05-26"/>
<dc element="dc.source" value="Reuters"/>
<dc element="dc.creator.location" value="MUNICH, Germany"/>
<dc element="dc.creator.location.country.name" value="GERMANY"/>
<dc element="dc.source" value="Reuters"/>
</metadata>
</newsitem>
