<?xml version="1.0" encoding="iso-8859-1" ?>
<newsitem itemid="613287" id="root" date="1997-05-26" xml:lang="en">
<title>GERMANY: SOCCER-DORTMUND LOOK FOR ANOTHER PARTY ON RIVALS' PATCH.</title>
<headline>SOCCER-DORTMUND LOOK FOR ANOTHER PARTY ON RIVALS' PATCH.</headline>
<byline>Adrian Warner</byline>
<dateline>BONN 1997-05-26</dateline>
<text>
<p>It is fitting that Borussia Dortmund will be looking to clinch the biggest triumph of their history at the home ground of fierce German rivals Bayern Munich in Wednesday's European Cup final.</p>
<p>Dortmund have successfully taken on Germany's richest club Bayern on and off the pitch in the 1990s.</p>
<p>In terms of the quality of the team and the club's business, it is arguable that the Ruhr side are now on level terms with the Bavarians who dominated the German game in the 1970s and 1980s and used to be the country's main European campaigners.</p>
<p>It was somewhat embarrassing for Bayern fans last year when Dortmund clinched the Bundesliga title for the second consecutive year in Munich's Olympic stadium after a draw with 1860 Munich who also use the ground.</p>
<p>Borussia even celebrated the title in Bayern's changing rooms which are used by the away team when 1860 play at the stadium.</p>
<p>Even though Bayern have clinched the league crown this season, a Borussia victory over Italy's Juventus in Munich on Wednesday would be difficult for many Bavarians to swallow.</p>
<p>Throughout the 1990s Bayern chairman Franz Beckenbauer, who is almost certain to be in the stadium on Wednesday, has been desperate to see Bayern win the most prestigious club trophy for the first time since their three triumphs in the mid 1970s.</p>
<p>But in the past two seasons &quot;the Kaiser&quot; has had to watch his Ruhr rivals pick up the big cash from the Champions'League.</p>
<p>Until the 1990s when they won the title in 1995 and 1996 Dortmund were a pretty average club.</p>
<p>It could boast just three German championships in 1956, 1957 and 1963 and one triumph in Europe in the 1966 European Cup Winners' Cup when they beat Liverpool in a Glasgow final.</p>
<p>Historically, Dortmund have a long way to go before they can match Bayern's record 13 league titles.</p>
<p>But in the mid 1990s when money, marketing and television deals are the key elements of running a successful football club, Dortmund are major players.</p>
<p>Dortmund can boast just 4,500 members compared to Bayern's 49,800. But trying to buy a ticket in Borussia's Westfalenstadium for any league match is as testing as finding a German town centre without a sausage stand.</p>
<p>Last season Dortmund boasted average crowds of 41,886, the second highest in the league behind Bayern's 59,766.</p>
<p>The club have used the cash they have earned from numerous appearances in Europe in recent seasons to expand the stadium. Dortmund can fill the extra seats without trying.</p>
<p>Despite the unemployment problems of the industrial Ruhr the club have fanatical supporters, some of whom look to football for an escape from the harsh realities of life in the region.</p>
<p>The club is run with marketing flair. Walk around any shopping centre in Germany and there will be a 12-year-old wearing a bright yellow Borussia shirt.</p>
<p>Dortmund are all about solid sponsoring deals, marketing, guaranteed capacity crowds. Just a few years ago it would have been unthinkable that the club could have attracted Germany's big names to one of the most unattractive parts of the country.</p>
<p>Yet in recent years Dortmund have frustrated Bayern by buying up top internationals like libero Matthias Sammer, midfielder Andy Moeller, wing-back Stefan Reuter and defender Juergen Kohler when they returned from periods in Italy.</p>
</text>
<copyright>(c) Reuters Limited 1997</copyright>
<metadata>
<codes class="bip:countries:1.0">
  <code code="GFR">
    <editdetail attribution="Reuters BIP Coding Group" action="confirmed" date="1997-05-26"/>
  </code>
  <code code="ITALY">
    <editdetail attribution="Reuters BIP Coding Group" action="confirmed" date="1997-05-26"/>
  </code>
</codes>
<codes class="bip:topics:1.0">
  <code code="GCAT">
    <editdetail attribution="Reuters BIP Coding Group" action="confirmed" date="1997-05-26"/>
  </code>
  <code code="GSPO">
    <editdetail attribution="Reuters BIP Coding Group" action="confirmed" date="1997-05-26"/>
  </code>
</codes>
<dc element="dc.date.created" value="1997-05-26"/>
<dc element="dc.publisher" value="Reuters Holdings Plc"/>
<dc element="dc.date.published" value="1997-05-26"/>
<dc element="dc.source" value="Reuters"/>
<dc element="dc.creator.location" value="BONN"/>
<dc element="dc.creator.location.country.name" value="GERMANY"/>
<dc element="dc.source" value="Reuters"/>
</metadata>
</newsitem>
