<?xml version="1.0" encoding="iso-8859-1" ?>
<newsitem itemid="613232" id="root" date="1997-05-26" xml:lang="en">
<title>USA: NBA BASKETBALL-MONDAY'S PLAYOFF RESULT.</title>
<headline>NBA BASKETBALL-MONDAY'S PLAYOFF RESULT.</headline>
<dateline>NEW YORK 1997-05-26</dateline>
<text>
<p>Result of National Basketball</p>
<p>Association playoff game on Monday (home team in CAPS):</p>
<p>	  Eastern Conference finals</p>
<p> MIAMI		87     Chicago	 80</p>
<p>(Chicago leads best-of-seven series 3-1)</p>
</text>
<copyright>(c) Reuters Limited 1997</copyright>
<metadata>
<codes class="bip:countries:1.0">
  <code code="USA">
    <editdetail attribution="Reuters BIP Coding Group" action="confirmed" date="1997-05-26"/>
  </code>
</codes>
<codes class="bip:topics:1.0">
  <code code="GCAT">
    <editdetail attribution="Reuters BIP Coding Group" action="confirmed" date="1997-05-26"/>
  </code>
  <code code="GSPO">
    <editdetail attribution="Reuters BIP Coding Group" action="confirmed" date="1997-05-26"/>
  </code>
</codes>
<dc element="dc.date.created" value="1997-05-26"/>
<dc element="dc.publisher" value="Reuters Holdings Plc"/>
<dc element="dc.date.published" value="1997-05-26"/>
<dc element="dc.source" value="Reuters"/>
<dc element="dc.creator.location" value="NEW YORK"/>
<dc element="dc.creator.location.country.name" value="USA"/>
<dc element="dc.source" value="Reuters"/>
</metadata>
</newsitem>
