<?xml version="1.0" encoding="iso-8859-1" ?>
<newsitem itemid="613299" id="root" date="1997-05-26" xml:lang="en">
<title>LITHUANIA: COMMISSION REGISTERS LITIMPEKS BANK ISSUE.</title>
<headline>COMMISSION REGISTERS LITIMPEKS BANK ISSUE.</headline>
<dateline>VILNIUS 1997-05-26</dateline>
<text>
<p>Lithuania's securities commission said on Monday that it registered a 60 million litas share issue for Litimpeks Bank on Friday.</p>
<p>The commission also said in a statement that the share capital of the bank will be 64.09 million litas after the increase.</p>
<p>&quot;We plan to start the distribution of the share issue on Thursday,&quot; Litimpeks Bank's deputy chiarman, Edmundas Kachkus, told Reuters.</p>
<p>&quot;We also plan to name the financial advisor who will organise the distribution of the share issue on Friday,&quot; Kackus added, but declined to name the advisor at this stage.</p>
<p>The newspaper Verslo Zinios said last week that Norway's Balticum Managment S.A was acting as the bank's financial advisor.</p>
<p>&quot;We have no doubts about the successful distribution of the whole share issue before July 1,&quot; Kackus said.</p>
<p>He also said that potential buyers included a Japanese invstment company with partners, a few Norwegian funds active in Lithuania and local investors.</p>
<p>&quot;Each of the groups intends to acquire around one third of the issue but we think that no single investor will acquire more than a 10 percent stake,&quot; Kachkus said.</p>
<p>The bank has also been in talks in the past with Estonian and Polish banks.</p>
<p>Litimpeks Bank was shut in late 1995 at the start of a banking crisis but was reopened in June of 1996 and has been struggling to stay on its feet since.</p>
<p>--Andrius Vilkancas, Vilnius newsroom +370 2 22 35 17</p>
</text>
<copyright>(c) Reuters Limited 1997</copyright>
<metadata>
<codes class="bip:countries:1.0">
  <code code="LITH">
    <editdetail attribution="Reuters BIP Coding Group" action="confirmed" date="1997-05-26"/>
  </code>
</codes>
<codes class="bip:industries:1.0">
  <code code="I81402">
    <editdetail attribution="Reuters BIP Coding Group" action="confirmed" date="1997-05-26"/>
  </code>
</codes>
<codes class="bip:topics:1.0">
  <code code="C17">
    <editdetail attribution="Reuters BIP Coding Group" action="confirmed" date="1997-05-26"/>
  </code>
  <code code="C171">
    <editdetail attribution="Reuters BIP Coding Group" action="confirmed" date="1997-05-26"/>
  </code>
  <code code="CCAT">
    <editdetail attribution="Reuters BIP Coding Group" action="confirmed" date="1997-05-26"/>
  </code>
</codes>
<dc element="dc.date.created" value="1997-05-26"/>
<dc element="dc.publisher" value="Reuters Holdings Plc"/>
<dc element="dc.date.published" value="1997-05-26"/>
<dc element="dc.source" value="Reuters"/>
<dc element="dc.creator.location" value="VILNIUS"/>
<dc element="dc.creator.location.country.name" value="LITHUANIA"/>
<dc element="dc.source" value="Reuters"/>
</metadata>
</newsitem>
