<?xml version="1.0" encoding="iso-8859-1" ?>
<newsitem itemid="613264" id="root" date="1997-05-26" xml:lang="en">
<title>NETHERLANDS: SOCCER-DE BILDE MAKES ALL THE DIFERENCE FOR PSV.</title>
<headline>SOCCER-DE BILDE MAKES ALL THE DIFERENCE FOR PSV.</headline>
<byline>Philip Blenkinsop</byline>
<dateline>AMSTERDAM 1997-05-26</dateline>
<text>
<p>The arrival of combative Belgian forward Gilles De Bilde at PSV Eindhoven was one of the most significant days of the Dutch season.</p>
<p>Both PSV and Feyenoord Rotterdam, the leading title contenders, had wanted his signature. PSV won that skirmish and ultimately the championship.</p>
<p>&quot;If Feyenoord had had de Bilde, then Feyenoord would have been champions,&quot; said Jim Calderwood, manager of Willem II Tilburg. the side PSV beat 3-1 on Sunday to clinch the title.</p>
<p>&quot;Without De Bilde, there would have been no title,&quot; concluded the newspaper Algemeen Dagblad in similar vein.</p>
<p>And without De Bilde's &quot;bad boy&quot; antics, the player would almost certainly have stayed with Belgian side Andelecht.</p>
<p>&quot;If it weren't for the notorious punch, De Bilde would naturally not have been playing for us,&quot; said PSV coach Dick Advocaat.</p>
<p>De Bilde was suspended for three months for punching Aalst's Krist Porte, breaking his eye socket and nose during a match in December. He spent a night in police cells after the incident and was later banned by the Belgian soccer union.</p>
<p>In Belgium, De Bilde has fallen from grace since being voted Belgian Player of the Year in 1994. He also faces trial for allegedly hitting two male nurses in 1995 when he was denied access to his father in hospital.</p>
<p>FIFA had said De Bilde would not be able to obtain a licence to play in the Netherlands until the suspension was over by which time the Dutch transfer period would have ended.</p>
<p>That was sufficient to deter Feyenoord. But PSV pressed on and persuaded the national ruling body that, because they had signed De Bilde before the transfer deadline on March 7, he was eligible to play when the suspension ended.</p>
<p>De Bilde made his debut for the Eindhoven side at the start of April. In two months and just over 10 hours of play for PSV he has scored seven goals, including one in a vital 2-0 win over last year's champions Ajax.</p>
<p>He has also brought vital energy back to what was a deflated side. Most importantly, since De Bilde's debut in a goalless draw PSV have won all their matches.</p>
<p>So far his disciplinary record has been exemplary.</p>
<p>De Bilde himself is clearly delighted with his move to PSV.</p>
<p>&quot;I came straight to PSV during what was a difficult time for me -- into a team of quality. As I was looking for a sporting revival, I grasped the chance with both hands,&quot; he said on Sunday before gulping down a mouthful of champagne.</p>
</text>
<copyright>(c) Reuters Limited 1997</copyright>
<metadata>
<codes class="bip:countries:1.0">
  <code code="BELG">
    <editdetail attribution="Reuters BIP Coding Group" action="confirmed" date="1997-05-26"/>
  </code>
  <code code="NETH">
    <editdetail attribution="Reuters BIP Coding Group" action="confirmed" date="1997-05-26"/>
  </code>
</codes>
<codes class="bip:topics:1.0">
  <code code="GCAT">
    <editdetail attribution="Reuters BIP Coding Group" action="confirmed" date="1997-05-26"/>
  </code>
  <code code="GSPO">
    <editdetail attribution="Reuters BIP Coding Group" action="confirmed" date="1997-05-26"/>
  </code>
</codes>
<dc element="dc.date.created" value="1997-05-26"/>
<dc element="dc.publisher" value="Reuters Holdings Plc"/>
<dc element="dc.date.published" value="1997-05-26"/>
<dc element="dc.source" value="Reuters"/>
<dc element="dc.creator.location" value="AMSTERDAM"/>
<dc element="dc.creator.location.country.name" value="NETHERLANDS"/>
<dc element="dc.source" value="Reuters"/>
</metadata>
</newsitem>
