<?xml version="1.0" encoding="iso-8859-1" ?>
<newsitem itemid="613272" id="root" date="1997-05-26" xml:lang="en">
<title>FRANCE: TENNIS-LATEST FRENCH OPEN WOMEN'S SINGLES RESULTS.</title>
<headline>TENNIS-LATEST FRENCH OPEN WOMEN'S SINGLES RESULTS.</headline>
<dateline>PARIS 1997-05-26</dateline>
<text>
<p>Women's single results on the</p>
<p>opening day of the French Open tennis tournament on Monday.</p>
<p>Prefix number denotes seeding</p>
<p>* Denotes new result</p>
<p>First round:</p>
<p>*Silvija Talaja (Croatia) beat Marketa Kochta (Germany) 7-5 6-3</p>
<p>*Ines Gorrochategui (Argentina) beat Aleksandra Olsza (Poland)</p>
<p>6-3 6-3</p>
<p>Amy Frazier (U.S.) beat Denisa Chladkova (Czech Republic) 6-4</p>
<p>6-0</p>
<p>Nicole Arendt (U.S.) beat Rika Hiraki (Japan) 6-2  6-1</p>
<p>Alexandra Fusai (France) beat Ludmila Richterova (Czech</p>
<p>Republic) 7-5 3-0 retired injured</p>
<p>11-Amanda Coetzer (South Africa) beat Rita Grande (Italy) 6-4</p>
<p>6-0</p>
</text>
<copyright>(c) Reuters Limited 1997</copyright>
<metadata>
<codes class="bip:countries:1.0">
  <code code="ARG">
    <editdetail attribution="Reuters BIP Coding Group" action="confirmed" date="1997-05-26"/>
  </code>
  <code code="CRTIA">
    <editdetail attribution="Reuters BIP Coding Group" action="confirmed" date="1997-05-26"/>
  </code>
  <code code="CZREP">
    <editdetail attribution="Reuters BIP Coding Group" action="confirmed" date="1997-05-26"/>
  </code>
  <code code="FRA">
    <editdetail attribution="Reuters BIP Coding Group" action="confirmed" date="1997-05-26"/>
  </code>
  <code code="GFR">
    <editdetail attribution="Reuters BIP Coding Group" action="confirmed" date="1997-05-26"/>
  </code>
  <code code="ITALY">
    <editdetail attribution="Reuters BIP Coding Group" action="confirmed" date="1997-05-26"/>
  </code>
  <code code="JAP">
    <editdetail attribution="Reuters BIP Coding Group" action="confirmed" date="1997-05-26"/>
  </code>
  <code code="POL">
    <editdetail attribution="Reuters BIP Coding Group" action="confirmed" date="1997-05-26"/>
  </code>
  <code code="SAFR">
    <editdetail attribution="Reuters BIP Coding Group" action="confirmed" date="1997-05-26"/>
  </code>
  <code code="SPAIN">
    <editdetail attribution="Reuters BIP Coding Group" action="confirmed" date="1997-05-26"/>
  </code>
  <code code="USA">
    <editdetail attribution="Reuters BIP Coding Group" action="confirmed" date="1997-05-26"/>
  </code>
</codes>
<codes class="bip:topics:1.0">
  <code code="GCAT">
    <editdetail attribution="Reuters BIP Coding Group" action="confirmed" date="1997-05-26"/>
  </code>
  <code code="GSPO">
    <editdetail attribution="Reuters BIP Coding Group" action="confirmed" date="1997-05-26"/>
  </code>
</codes>
<dc element="dc.date.created" value="1997-05-26"/>
<dc element="dc.publisher" value="Reuters Holdings Plc"/>
<dc element="dc.date.published" value="1997-05-26"/>
<dc element="dc.source" value="Reuters"/>
<dc element="dc.creator.location" value="PARIS"/>
<dc element="dc.creator.location.country.name" value="FRANCE"/>
<dc element="dc.source" value="Reuters"/>
</metadata>
</newsitem>
