<?xml version="1.0" encoding="iso-8859-1" ?>
<newsitem itemid="613231" id="root" date="1997-05-26" xml:lang="en">
<title>USA: NBA BASKETBALL-HEAT AVOID SWEEP WITH VICTORY OVER BULLS.</title>
<headline>NBA BASKETBALL-HEAT AVOID SWEEP WITH VICTORY OVER BULLS.</headline>
<dateline>MIAMI 1997-05-26</dateline>
<text>
<p>The Miami Heat shook off a horrendous performance in Game 3 to avoid being swept from the NBA Eastern Conference finals by beating the defending champion Chicago Bulls 87-80 on Monday.</p>
<p>Tim Hardaway, held to six points Saturday, scored 25 and Alonzo Mourning added 18 points as the Heat held off Chicago despite Michael Jordan catching fire in the fourth quarter.</p>
<p>The Bulls still lead the best-of-seven series three games to one and can advance to the NBA Finals for the fifth time in seven years with a victory at home on Wednesday.</p>
<p>But the Heat improved to 5-0 when facing playoff elimination by handing the Bulls just their second loss of the post-season.</p>
<p>Jordan got off to a nightmare start, missing his first 14 shots. He went 0-for-11 in the first half and was just 2-for-22 after three quarters.</p>
<p>But he nearly pulled out the win single-handedly by scoring 20 of his game-high 29 points in the fourth quarter as Chicago recovered from a 21-point deficit to get within one at 79-78 with 2:17 remaining.</p>
<p>Jordan, however, missed a jumper that could have given the Bulls the lead, and Mourning had two free throws and a dunk in the final 90 seconds that sealed the win.</p>
<p>The Heat jumped out to a big lead by outscoring Chicago 23-12 in the second quarter to take a 47-31 advantage into the lockerroom at the half.</p>
<p>Miami centre Mourning had guaranteed his team would not be swept in four games after Saturday's miserable showing in which the Heat commited 32 turnovers and tied a record for fewest field goals in a playoff game with 21.</p>
<p>&quot;Everybody counted us out, they wrote us off but we thrive and play well in adverse situations,&quot; Mourning said. &quot;We believed in ourselves and that's what got it done today.&quot;</p>
<p>Mourning, who was battling Chicago's Dennis Rodman all game, also pulled down 14 rebounds and Jamal Mashburn chipped in with 17 points, including a clutch three-pointer down the stretch.</p>
<p>Scottie Pippen contributed 18 for the Bulls and Rodman added 11 points.</p>
</text>
<copyright>(c) Reuters Limited 1997</copyright>
<metadata>
<codes class="bip:countries:1.0">
  <code code="USA">
    <editdetail attribution="Reuters BIP Coding Group" action="confirmed" date="1997-05-26"/>
  </code>
</codes>
<codes class="bip:topics:1.0">
  <code code="GCAT">
    <editdetail attribution="Reuters BIP Coding Group" action="confirmed" date="1997-05-26"/>
  </code>
  <code code="GSPO">
    <editdetail attribution="Reuters BIP Coding Group" action="confirmed" date="1997-05-26"/>
  </code>
</codes>
<dc element="dc.date.created" value="1997-05-26"/>
<dc element="dc.publisher" value="Reuters Holdings Plc"/>
<dc element="dc.date.published" value="1997-05-26"/>
<dc element="dc.source" value="Reuters"/>
<dc element="dc.creator.location" value="MIAMI"/>
<dc element="dc.creator.location.country.name" value="USA"/>
<dc element="dc.source" value="Reuters"/>
</metadata>
</newsitem>
