<?xml version="1.0" encoding="iso-8859-1" ?>
<newsitem itemid="613279" id="root" date="1997-05-26" xml:lang="en">
<title>GERMANY: SOCCER-TROUBLED MOOD IN DORTMUND CAMP BEFORE EUROPEAN FINAL.</title>
<headline>SOCCER-TROUBLED MOOD IN DORTMUND CAMP BEFORE EUROPEAN FINAL.</headline>
<byline>Adrian Warner</byline>
<dateline>BONN 1997-05-26</dateline>
<text>
<p>Borussia Dortmund's failure to qualify directly for next season's Champions' League will give the Germans extra motivation for Wednesday's European Cup final against Juventus.</p>
<p>A 2-1 defeat at lowly Hamburg at the weekend ended Dortmund's slim hopes of stopping new champions Bayern Munich and second-placed Bayer Leverkusen from taking the Bundesliga's two spots in next season's European Cup.</p>
<p>Only a victory over favourites Juventus in Munich's Olympic stadium will ensure a place in the lucrative Champions' League for the 1995 and 1996 German champions whose form slipped in the crucial run-in to the title race.</p>
<p>&quot;We are obviously disappointed that we did not win the championship and have missed out on second place,&quot; coach Ottmar Hitzfeld said. &quot;But we are going to be concentrating hard on Wednesday. If we have a good day, we can win it.&quot;</p>
<p>Midfielder Andy Moeller admitted: &quot;The spirit in the team has suffered a bit of a setback after we didn't win the championship.&quot;</p>
<p>Dortmund's position contrasts sharply with Juventus who are sure of their place in the competition next season after clinching their 24th Italian league championship on Friday with a 1-1 draw with Atalanta.</p>
<p>There are certainly signs of problems in the German camp which may boil over if Dortmund lose.</p>
<p>There has been speculation that their injury-plagued European footballer-of-the-year Matthias Sammer might leave the club or even quit the game.</p>
<p>Libero Sammer, who has struggled with injuries all season, has been very disappointed by the way he has been treated in public during a tough time in recent months.</p>
<p>But Hitzfeld said: &quot;I can't imagine that he will finish his career. He will carry on.&quot;</p>
<p>Chairman Gerd Niebaum, however, conceded the mood in the German camp was far from perfect.</p>
<p>&quot;At the moment there is a great deal of frustration because we have not achieved our goals for the season,&quot; Niebaum said.</p>
<p>Nevertheless, Dortmund prepared to fly to Munich on Monday with few injuries worries. Moeller is fit again after a calf injury and striker Karlheinz Riedle has recovered from a shin problem.</p>
<p>By contrast Juventus and Yugoslavia midfielder Vladimir Jugovic is worried that too many people are taking it for granted that the Italians will beat the Germans in the Olympic stadium which staged the 1974 World Cup final.</p>
<p>&quot;This is a big match build-up that leaves me relaxed and worried at the same time and that's not a contradiction,&quot; he said.</p>
<p>&quot;People around us, the fans all seem to think that it is a mere formality for us and that is not a psychologically favourable situation.</p>
</text>
<copyright>(c) Reuters Limited 1997</copyright>
<metadata>
<codes class="bip:countries:1.0">
  <code code="GFR">
    <editdetail attribution="Reuters BIP Coding Group" action="confirmed" date="1997-05-26"/>
  </code>
</codes>
<codes class="bip:topics:1.0">
  <code code="GCAT">
    <editdetail attribution="Reuters BIP Coding Group" action="confirmed" date="1997-05-26"/>
  </code>
  <code code="GSPO">
    <editdetail attribution="Reuters BIP Coding Group" action="confirmed" date="1997-05-26"/>
  </code>
</codes>
<dc element="dc.date.created" value="1997-05-26"/>
<dc element="dc.publisher" value="Reuters Holdings Plc"/>
<dc element="dc.date.published" value="1997-05-26"/>
<dc element="dc.source" value="Reuters"/>
<dc element="dc.creator.location" value="BONN"/>
<dc element="dc.creator.location.country.name" value="GERMANY"/>
<dc element="dc.source" value="Reuters"/>
</metadata>
</newsitem>
