<?xml version="1.0" encoding="iso-8859-1" ?>
<newsitem itemid="613243" id="root" date="1997-05-26" xml:lang="en">
<title>PORTUGAL: SOCCER-PORTUGUESE FIRST DIVISION SUMMARIES.</title>
<headline>SOCCER-PORTUGUESE FIRST DIVISION SUMMARIES.</headline>
<dateline>LISBON 1997-05-26</dateline>
<text>
<p>Summaries of Portuguese first</p>
<p>division soccer matches:</p>
<p>Played on Monday:</p>
<p> Sporting	  0</p>
<p> Estrela Amadora 0</p>
<p>Att: 3,000</p>
<p>- - - -</p>
<p>Played on Sunday:</p>
<p> Boavista	  5 - Nuno Gomes 5, 52, 60, Jose Tavares 44,</p>
<p>			   Lewis 85</p>
<p> Salgueiros	0</p>
<p>HT: 2-0 Att: 6,000</p>
<p>- - - -</p>
<p> Espinho	   1 - Besirovic Nail 63</p>
<p> Chaves	    1 - Roberto Matute 5</p>
<p>HT: 0-1 Att: 6,000</p>
<p>- - - -</p>
<p> Farense	   4 - Hajry Redouane 9 pen, Milonja Djukic 32,</p>
<p>			   Saza Zirakish 71, Braulio Benitez 89</p>
<p> Uniao Leiria    0</p>
<p>HT: 2-0 Att: 5,000</p>
<p>Red Card: Luis Vouzela (U) 85</p>
<p>- - - -</p>
<p> Rio Ave -	 1 - Dibo 65</p>
<p> Setubal -	 0</p>
<p>HT: 0-0 Att: 7,000</p>
<p>- - - -</p>
<p> Maritimo	  6 - Edmilson Lucena 17, Alex Bunbury 35,</p>
<p>			   Herivelto Moreira 43, 68, 89, Edvar 73</p>
<p> Gil Vicente     0</p>
<p>HT: 3-0 Att: 5,000</p>
<p>- - - -</p>
<p> Leca		0</p>
<p> Braga	     0</p>
<p>Att: 4,000</p>
<p>- - - -</p>
<p> Guimaraes	 1 - Gilmar Estevan 6</p>
<p> Belenenses	0</p>
<p>HT: 1-0 Att: 7,000</p>
<p>Played on Saturday:</p>
<p> Porto	     3 - Mario Jardel 56, 62, Jorge Costa 76</p>
<p> Benfica	   1 - Valdir Moraes 71 pen</p>
<p>HT: 0-0 Att: 45,000</p>
<p>Red Card: Tahar Kalej (B) 75</p>
</text>
<copyright>(c) Reuters Limited 1997</copyright>
<metadata>
<codes class="bip:countries:1.0">
  <code code="PORL">
    <editdetail attribution="Reuters BIP Coding Group" action="confirmed" date="1997-05-26"/>
  </code>
</codes>
<codes class="bip:topics:1.0">
  <code code="GCAT">
    <editdetail attribution="Reuters BIP Coding Group" action="confirmed" date="1997-05-26"/>
  </code>
  <code code="GSPO">
    <editdetail attribution="Reuters BIP Coding Group" action="confirmed" date="1997-05-26"/>
  </code>
</codes>
<dc element="dc.date.created" value="1997-05-26"/>
<dc element="dc.publisher" value="Reuters Holdings Plc"/>
<dc element="dc.date.published" value="1997-05-26"/>
<dc element="dc.source" value="Reuters"/>
<dc element="dc.creator.location" value="LISBON"/>
<dc element="dc.creator.location.country.name" value="PORTUGAL"/>
<dc element="dc.source" value="Reuters"/>
</metadata>
</newsitem>
