<?xml version="1.0" encoding="iso-8859-1" ?>
<newsitem itemid="613200" id="root" date="1997-05-26" xml:lang="en">
<title>UK: N.IRELAND POLICE PROBE KICK-BOXER'S MATCH DEATH.</title>
<headline>N.IRELAND POLICE PROBE KICK-BOXER'S MATCH DEATH.</headline>
<dateline>BELFAST 1997-05-26</dateline>
<text>
<p>Norther Ireland police on Monday investigated the death of a kick boxer who collapsed and died in the ring in front of his family on Friday.</p>
<p>Sean McBride, 18, collapsed at the end of a bout in the town of Dungannon and did not regain consciousness. He died in a Belfast hospital on Sunday, his family said.</p>
<p>His parents and three sisters were at the bout, which featured the hybrid sport which mixes karate-style kicking and conventional boxing in gloves.</p>
</text>
<copyright>(c) Reuters Limited 1997</copyright>
<metadata>
<codes class="bip:countries:1.0">
  <code code="UK">
    <editdetail attribution="Reuters BIP Coding Group" action="confirmed" date="1997-05-26"/>
  </code>
</codes>
<codes class="bip:topics:1.0">
  <code code="GCAT">
    <editdetail attribution="Reuters BIP Coding Group" action="confirmed" date="1997-05-26"/>
  </code>
  <code code="GSPO">
    <editdetail attribution="Reuters BIP Coding Group" action="confirmed" date="1997-05-26"/>
  </code>
</codes>
<dc element="dc.date.created" value="1997-05-26"/>
<dc element="dc.publisher" value="Reuters Holdings Plc"/>
<dc element="dc.date.published" value="1997-05-26"/>
<dc element="dc.source" value="Reuters"/>
<dc element="dc.creator.location" value="BELFAST"/>
<dc element="dc.creator.location.country.name" value="UK"/>
<dc element="dc.source" value="Reuters"/>
</metadata>
</newsitem>
