<?xml version="1.0" encoding="iso-8859-1" ?>
<newsitem itemid="613222" id="root" date="1997-05-26" xml:lang="en">
<title>ARGENTINA: SOCCER-ARGENTINE CHAMPIONSHIP RESULTS/STANDINGS.</title>
<headline>SOCCER-ARGENTINE CHAMPIONSHIP RESULTS/STANDINGS.</headline>
<dateline>BUENOS AIRES 1997-05-25</dateline>
<text>
<p>Results of Argentine</p>
<p>Clausura championship matches played at the weekend:</p>
<p> Newell's Old Boys	1    Lanus			  0</p>
<p> Gimnasia-La Plata	3    Gimnasia-Jujuy	     2</p>
<p> Union			3    Rosario Central	    2</p>
<p> Velez Sarsfield	  1    Colon			  1</p>
<p> Deportivo Espanol	0    Racing Club		  2</p>
<p> Independiente	    2    Estudiantes		  0</p>
<p>Standings (tabulate under played, won, drawn, lost, goals</p>
<p>for, goals against, points)</p>
<p> Newell's Old Boys	  14  9  4  1 20 11 31</p>
<p> Colon			  14  7  7  0 31 17 28</p>
<p> Independiente		14  8  3  3 28 17 27</p>
<p> River Plate		  13  7  4  2 27 18 25</p>
<p> Velez Sarsfield	    13  7  3  3 19 10 24</p>
<p> Racing Club		  14  7  3  4 19 16 24</p>
<p> Union			  14  6  4  4 25 23 22</p>
<p> Gimnasia-La Plata	  14  5  5  4 17 20 20</p>
<p> San Lorenzo		  13  6  1  6 23 17 19</p>
<p> Ferro Carril Oeste	 13  4  6  3 17 15 18</p>
<p> Boca Juniors		 13  4  5  4 25 22 17</p>
<p> Platense		     13  4  5  4 15 16 17</p>
<p> Rosario Central	    14  2  6  6 16 19 12</p>
<p> Deportivo Espanol	  13  2  6  5 12 16 12</p>
<p> Lanus			  14  2  6  6 12 17 12</p>
<p> Huracan-Corrientes	 13  1  9  3 13 19 12</p>
<p> Estudiantes		  14  3  2  9 13 21 11</p>
<p> Huracan			13  2  5  5 12 26 11</p>
<p> Gimnasia-Jujuy	     14  1  6  7 15 28  9</p>
<p> Banfield		     13  2  2  9 11 22  8</p>
<p>Note: the Clausura is the second of two championships</p>
<p>played in the Argentine season. The teams meet each other once</p>
<p>in each and there is no overall champion.</p>
</text>
<copyright>(c) Reuters Limited 1997</copyright>
<metadata>
<codes class="bip:countries:1.0">
  <code code="ARG">
    <editdetail attribution="Reuters BIP Coding Group" action="confirmed" date="1997-05-26"/>
  </code>
</codes>
<codes class="bip:topics:1.0">
  <code code="GCAT">
    <editdetail attribution="Reuters BIP Coding Group" action="confirmed" date="1997-05-26"/>
  </code>
  <code code="GSPO">
    <editdetail attribution="Reuters BIP Coding Group" action="confirmed" date="1997-05-26"/>
  </code>
</codes>
<dc element="dc.date.created" value="1997-05-25"/>
<dc element="dc.publisher" value="Reuters Holdings Plc"/>
<dc element="dc.date.published" value="1997-05-26"/>
<dc element="dc.source" value="Reuters"/>
<dc element="dc.creator.location" value="BUENOS AIRES"/>
<dc element="dc.creator.location.country.name" value="ARGENTINA"/>
<dc element="dc.source" value="Reuters"/>
</metadata>
</newsitem>
