<?xml version="1.0" encoding="iso-8859-1" ?>
<newsitem itemid="613218" id="root" date="1997-05-26" xml:lang="en">
<title>ROMANIA: TENNIS-NASTASE AND TIRIAC GIVEN KEY FEDERATION POSTS.</title>
<headline>TENNIS-NASTASE AND TIRIAC GIVEN KEY FEDERATION POSTS.</headline>
<dateline>BUCHAREST 1997-05-26</dateline>
<text>
<p>Ilie Nastase and Ion Tiriac, Romania's top two tennis players in the 1970s, have been given key posts in the country's tennis federation.</p>
<p>&quot;Romanian tennis wants Nastase and Tiriac as its main decision men...to help rebuild a powerful set-up in our country,&quot; federation general secretary Lucian Vasiliu said on Monday.</p>
<p>Nastase has been chosen as the federation's executive president, while Tiriac was elected as honorary president for life.</p>
</text>
<copyright>(c) Reuters Limited 1997</copyright>
<metadata>
<codes class="bip:countries:1.0">
  <code code="ROM">
    <editdetail attribution="Reuters BIP Coding Group" action="confirmed" date="1997-05-26"/>
  </code>
</codes>
<codes class="bip:topics:1.0">
  <code code="GCAT">
    <editdetail attribution="Reuters BIP Coding Group" action="confirmed" date="1997-05-26"/>
  </code>
  <code code="GSPO">
    <editdetail attribution="Reuters BIP Coding Group" action="confirmed" date="1997-05-26"/>
  </code>
</codes>
<dc element="dc.date.created" value="1997-05-26"/>
<dc element="dc.publisher" value="Reuters Holdings Plc"/>
<dc element="dc.date.published" value="1997-05-26"/>
<dc element="dc.source" value="Reuters"/>
<dc element="dc.creator.location" value="BUCHAREST"/>
<dc element="dc.creator.location.country.name" value="ROMANIA"/>
<dc element="dc.source" value="Reuters"/>
</metadata>
</newsitem>
