<?xml version="1.0" encoding="iso-8859-1" ?>
<newsitem itemid="613216" id="root" date="1997-05-26" xml:lang="en">
<title>CZECH REPUBLIC: SOCCER-CZECH FIRST DIVISION RESULTS/STANDINGS.</title>
<headline>SOCCER-CZECH FIRST DIVISION RESULTS/STANDINGS.</headline>
<dateline>PRAGUE 1997-05-26</dateline>
<text>
<p>Results of Czech first division</p>
<p>soccer matches over the weekend:</p>
<p> Sparta Prague     2  FC Karvina	     2</p>
<p> Slovan Liberec    0  FK Teplice	     0</p>
<p> Banik Ostrava     0  FK Jablonec	    1</p>
<p> Boby Brno	   2  SK Ceske Budejovice  1</p>
<p> Petra Drnovice    4  Viktoria Zizkov	0</p>
<p> Viktoria Plzen    5  Kaucuk Opava	   1</p>
<p> Bohemians Prague  1  SK Hradec Kralove    2</p>
<p> Sigma Olomouc     0  Slavia Prague	  1</p>
<p>    Standings		    P   W   D   L   F  A  Pts</p>
<p>  1.Sparta Prague	     28  17   8   3  57  19  59</p>
<p>  2.Slavia Prague	     28  17   7   4  55  22  58</p>
<p>  3.FK Jablonec		 28  16   5   7  37  25  53</p>
<p>  4.Boby Brno		   28  12  10   6  37  33  46</p>
<p>  5.Slovan Liberec	    28  12   9   7  32  27  45</p>
<p>  6.SK Ceske Budejovice     28  10  11   7  36  35  41</p>
<p>  7.Petra Drnovice	    28  11   7  10  51  42  40</p>
<p>  8.Sigma Olomouc	     28   9  10   9  31  26  37</p>
<p>  9.Kaucuk Opava		28   9  10   9  30  34  37</p>
<p> 10.Banik Ostrava	     28   7  13   8  32  33  34</p>
<p> 11.Viktoria Plzen	    28   6  11  11  28  35  29</p>
<p> 12.FK Teplice		  28   6  10  12  20  34  28</p>
<p> 13.SK Hradec Kralove	 28   4  13  11  19  35  25</p>
<p> 14.Viktoria Zizkov	   28   5  10  13  15  32  25</p>
<p> 15.FC Karvina		  28   6   6  16  23  44  24</p>
<p> 16.Bohemians Prague	  28   4   6  18  22  49  18</p>
</text>
<copyright>(c) Reuters Limited 1997</copyright>
<metadata>
<codes class="bip:countries:1.0">
  <code code="CZREP">
    <editdetail attribution="Reuters BIP Coding Group" action="confirmed" date="1997-05-26"/>
  </code>
</codes>
<codes class="bip:topics:1.0">
  <code code="GCAT">
    <editdetail attribution="Reuters BIP Coding Group" action="confirmed" date="1997-05-26"/>
  </code>
  <code code="GSPO">
    <editdetail attribution="Reuters BIP Coding Group" action="confirmed" date="1997-05-26"/>
  </code>
</codes>
<dc element="dc.date.created" value="1997-05-26"/>
<dc element="dc.publisher" value="Reuters Holdings Plc"/>
<dc element="dc.date.published" value="1997-05-26"/>
<dc element="dc.source" value="Reuters"/>
<dc element="dc.creator.location" value="PRAGUE"/>
<dc element="dc.creator.location.country.name" value="CZECH REPUBLIC"/>
<dc element="dc.source" value="Reuters"/>
</metadata>
</newsitem>
