<?xml version="1.0" encoding="iso-8859-1" ?>
<newsitem itemid="613293" id="root" date="1997-05-26" xml:lang="en">
<title>ESTONIA: BOURSE CLOSING:TALSE DRIFTS, VOLUMES LOWER.</title>
<headline>BOURSE CLOSING:TALSE DRIFTS, VOLUMES LOWER.</headline>
<text>
<p>* Preliminary data from the Estonian bourse on Monday put</p>
<p>total trade at 21.9 million kroons versus 32.2 million kroons on</p>
<p>Friday.</p>
<p>* The Talse online index lost 0.77 percent to close at</p>
<p>250.21. (See index on stock exchange web site:</p>
<p>http://www.tse.ee/online/total.htm)</p>
<p>* Preliminary closing data put Hansapank 2.36</p>
<p>kroons lower at 127.55 kroons with a volume of 6.7 million</p>
<p>kroons.</p>
</text>
<copyright>(c) Reuters Limited 1997</copyright>
<metadata>
<codes class="bip:countries:1.0">
  <code code="ESTNIA">
    <editdetail attribution="Reuters BIP Coding Group" action="confirmed" date="1997-05-26"/>
  </code>
</codes>
<codes class="bip:topics:1.0">
  <code code="M11">
    <editdetail attribution="Reuters BIP Coding Group" action="confirmed" date="1997-05-26"/>
  </code>
  <code code="MCAT">
    <editdetail attribution="Reuters BIP Coding Group" action="confirmed" date="1997-05-26"/>
  </code>
</codes>
<dc element="dc.publisher" value="Reuters Holdings Plc"/>
<dc element="dc.date.published" value="1997-05-26"/>
<dc element="dc.source" value="Reuters"/>
<dc element="dc.creator.location.country.name" value="ESTONIA"/>
<dc element="dc.source" value="Reuters"/>
</metadata>
</newsitem>
