<?xml version="1.0" encoding="iso-8859-1" ?>
<newsitem itemid="613283" id="root" date="1997-05-26" xml:lang="en">
<title>GERMANY: SOCCER-BAYERN FANS WALK OFF WITH OLYMPIC STADIUM TURF.</title>
<headline>SOCCER-BAYERN FANS WALK OFF WITH OLYMPIC STADIUM TURF.</headline>
<dateline>MUNICH, Germany 1997-05-26</dateline>
<text>
<p>Groundstaff at Munich's Olympic stadium were working hard on Monday to restore the pitch for Wednesday's European Cup final after celebrating Bayern Munich fans walked off with the turf at the weekend.</p>
<p>The fans ripped up slabs of turf after the club clinched a record 14th German title on the ground on Saturday.</p>
<p>But stadium official Arno Hartung said the pitch would be in perfect order for the final between Borussia Dortmund and Juventus.</p>
<p>&quot;We had to do a bit more work than we would usually do after a normal Bundesliga match but all the preparations are going fine,&quot; he said.</p>
</text>
<copyright>(c) Reuters Limited 1997</copyright>
<metadata>
<codes class="bip:countries:1.0">
  <code code="GFR">
    <editdetail attribution="Reuters BIP Coding Group" action="confirmed" date="1997-05-26"/>
  </code>
</codes>
<codes class="bip:topics:1.0">
  <code code="GCAT">
    <editdetail attribution="Reuters BIP Coding Group" action="confirmed" date="1997-05-26"/>
  </code>
  <code code="GSPO">
    <editdetail attribution="Reuters BIP Coding Group" action="confirmed" date="1997-05-26"/>
  </code>
</codes>
<dc element="dc.date.created" value="1997-05-26"/>
<dc element="dc.publisher" value="Reuters Holdings Plc"/>
<dc element="dc.date.published" value="1997-05-26"/>
<dc element="dc.source" value="Reuters"/>
<dc element="dc.creator.location" value="MUNICH, Germany"/>
<dc element="dc.creator.location.country.name" value="GERMANY"/>
<dc element="dc.source" value="Reuters"/>
</metadata>
</newsitem>
