<?xml version="1.0" encoding="iso-8859-1" ?>
<newsitem itemid="613396" id="root" date="1997-05-26" xml:lang="en">
<title>SIERRA LEONE: Soldiers oust year-old Sierra Leone government. [CORRECTED 09:10 GMT]</title>
<headline>Soldiers oust year-old Sierra Leone government. [CORRECTED 09:10 GMT]</headline>
<byline>Claudia McElroy</byline>
<dateline>FREETOWN 1997-05-26</dateline>
<text>
<p>Army major Johnny Paul Koromah declared himself head of state in Sierra Leone on Monday after seizing power and ousting the government elected only a year ago.</p>
<p>(Corrects to fix spelling of Koromah throughout.)</p>
<p>Koromah said on national radio he overthrew the government of President Ahmad Tejan Kabbah on Sunday because of the &quot;cabals and sectional politics&quot; of the regime. Kabbah fled by helicopter to neighbouring Guinea.</p>
<p>&quot;We the armed forces, as the custodians of state security, had to step in,&quot; he said.</p>
<p>Koromah called for the release of a Sierra Leone rebel leader held in Nigeria, Corporal Foday Sankoh, and called on him to join the new government.</p>
<p>The fresh turmoil in a West African state whose mining-based economy was already shattered by civil war drew condemnation from U.N. Secretary-General Kofi Annan and Organisation of African Unity Secretary-General Salim Ahmed Salim.</p>
<p>&quot;The United Nations and the international community firmly uphold the principle that the will of the people shall be the basis of the authority of governments, and that governments, democratically elected, shall not be overthrown by force,&quot; he Annan said, describing himself as &quot;distressed&quot; by the news.</p>
<p>Salim, speaking in Zimbabwe, urged the continent to condemn Sierra Leone's new leaders and not to welcome them into OAU ranks: &quot;It is lamentable that some soldiers who have no mandate to rule at all should decide to challenge the legitimate position of the people. It is a setback for Africa's transition to democracy.&quot;</p>
<p>A coup spokesman first announced in a radio broadcast on Sunday that junior ranks had toppled Kabbah and asked Nigerian troops based in the country not to intervene.</p>
<p>One of their first decrees reflected army grievances against Kabbah, who took over in March 1996 from military rulers who had taken power four years earlier. It abolished a civilian militia on which Kabbah had come to rely to combat rebels in continuing fighting despite an accord last year ending five years of civil war.</p>
<p>The rebellious troops stormed Freetown's maximum security prison and freed 600 inmates, including soldiers charged with plotting against Kabbah. Sierra Leone's ambassador to the United States, John Leigh, said the soldiers gave arms to their jailed colleagues and common criminals to attack government buildings.</p>
<p>&quot;All the aid and all the job I have been doing over here to bring economic development to Sierra Leone are now on hold until this matter is resolved,&quot; he said.</p>
<p>State radio announced late on Sunday that the country's land borders and air and sea ports were closed until further notice.</p>
<p>The capital Freetown spent the night under a curfew imposed after looting of Lebanese-owned businesses, private homes and United Nations offices and residences.</p>
<p>A U.N. official in New York said some of its local security personnel were seized. The world body has a political office plus aid and development agencies there.</p>
<p>Hospital sources said at least five civilians died and several people, soldiers and civilians, were wounded in a day of sustained machinegun, mortar and rocket-propelled grenade fire.</p>
<p>Soldiers battled Nigerian troops stationed in Sierra Leone under regional defence pacts. Nigerian and Guinean troops had supported the government army against rebels, but the radio said all foreign troops had been ordered back to base.</p>
<p>The United States embassy was hit twice by rocket fire, prompting Washington to order its citizens to stay indoors. No one was injured but a White House spokesman said plans were ready for the evacuation of U.S. nationals if necessary.</p>
</text>
<copyright>(c) Reuters Limited 1997</copyright>
<metadata>
<codes class="bip:countries:1.0">
  <code code="SILEN">
    <editdetail attribution="Reuters BIP Coding Group" action="confirmed" date="1997-05-26"/>
  </code>
</codes>
<codes class="bip:topics:1.0">
  <code code="GCAT">
    <editdetail attribution="Reuters BIP Coding Group" action="confirmed" date="1997-05-26"/>
  </code>
  <code code="GPOL">
    <editdetail attribution="Reuters BIP Coding Group" action="confirmed" date="1997-05-26"/>
  </code>
  <code code="GVIO">
    <editdetail attribution="Reuters BIP Coding Group" action="confirmed" date="1997-05-26"/>
  </code>
</codes>
<dc element="dc.date.created" value="1997-05-26"/>
<dc element="dc.publisher" value="Reuters Holdings Plc"/>
<dc element="dc.date.published" value="1997-05-26"/>
<dc element="dc.source" value="Reuters"/>
<dc element="dc.creator.location" value="FREETOWN"/>
<dc element="dc.creator.location.country.name" value="SIERRA LEONE"/>
<dc element="dc.source" value="Reuters"/>
</metadata>
</newsitem>
