<?xml version="1.0" encoding="iso-8859-1" ?>
<newsitem itemid="613386" id="root" date="1997-05-26" xml:lang="en">
<title>SAO TOME AND PRINCIPE: China suspends aid to tiny Sao Tome over Taiwan.</title>
<headline>China suspends aid to tiny Sao Tome over Taiwan.</headline>
<dateline>SAOTOME 1997-05-26</dateline>
<text>
<p>China announced on Monday it was halting development projects in impoverished Sao Tome and Principe until the tiny African state made clear whether it intended to establish diplomatic ties with Taiwan.</p>
<p>Accusing Taiwan of waging a campaign of &quot;diplomatic aggression&quot; against the twin island state, a senior Chinese diplomat said all cooperation was being halted temporarily.</p>
<p>Sao Tome President Miguel Trovoada issued a decree last week confirming the establishing of relations with Taiwan, overruling an earlier parliament decision to oppose such a move.</p>
<p>Officials in Sao Tome, one of the world's poorest states, say the African republic has received pledges of aid from Taiwan totalling $30 million over the next decade after deciding to formalise ties with Taipei.</p>
<p>But Beijing has also been an active provider of support, with China currently building the country's first national sports stadium along with residential and engineering projects.</p>
<p>The diplomat, identified only as Mr Wu, told journalists that all the work was being stopped until Sao Tome &quot;took a final decision&quot; on the Taiwan issue.</p>
<p>China regards Taiwan was a rebel province and refuses to maintain full diplomatic relations with countries which recognise the island diplomatically. Taipei has diplomatic ties with some 30 states, most of them small, poor and dependent on its financial largesse.</p>
</text>
<copyright>(c) Reuters Limited 1997</copyright>
<metadata>
<codes class="bip:countries:1.0">
  <code code="CHINA">
    <editdetail attribution="Reuters BIP Coding Group" action="confirmed" date="1997-05-26"/>
  </code>
  <code code="PST">
    <editdetail attribution="Reuters BIP Coding Group" action="confirmed" date="1997-05-26"/>
  </code>
  <code code="TAIWAN">
    <editdetail attribution="Reuters BIP Coding Group" action="confirmed" date="1997-05-26"/>
  </code>
</codes>
<codes class="bip:topics:1.0">
  <code code="E51">
    <editdetail attribution="Reuters BIP Coding Group" action="confirmed" date="1997-05-26"/>
  </code>
  <code code="ECAT">
    <editdetail attribution="Reuters BIP Coding Group" action="confirmed" date="1997-05-26"/>
  </code>
  <code code="GCAT">
    <editdetail attribution="Reuters BIP Coding Group" action="confirmed" date="1997-05-26"/>
  </code>
  <code code="GDIP">
    <editdetail attribution="Reuters BIP Coding Group" action="confirmed" date="1997-05-26"/>
  </code>
</codes>
<dc element="dc.date.created" value="1997-05-26"/>
<dc element="dc.publisher" value="Reuters Holdings Plc"/>
<dc element="dc.date.published" value="1997-05-26"/>
<dc element="dc.source" value="Reuters"/>
<dc element="dc.creator.location" value="SAOTOME"/>
<dc element="dc.creator.location.country.name" value="SAO TOME AND PRINCIPE"/>
<dc element="dc.source" value="Reuters"/>
</metadata>
</newsitem>
