<?xml version="1.0" encoding="iso-8859-1" ?>
<newsitem itemid="613353" id="root" date="1997-05-26" xml:lang="en">
<title>BULGARIA: WEATHER FORECAST - BULGARIA - MAY 23 - CLOUDY, MILD.</title>
<headline>WEATHER FORECAST - BULGARIA - MAY 23 - CLOUDY, MILD.</headline>
<dateline>SOFIA 1997-05-26</dateline>
<text>
<p>Cloudy with sunny spells across the country, light winds from the northwest, rain expected in the eastern regions, state radio said.</p>
<p>Maximum temperatures are expected between 15 and 20 degrees, temperature in Sofia is seen at about 18 degrees. -- Sofia Newsroom, 359-2-91188</p>
</text>
<copyright>(c) Reuters Limited 1997</copyright>
<metadata>
<codes class="bip:countries:1.0">
  <code code="BUL">
    <editdetail attribution="Reuters BIP Coding Group" action="confirmed" date="1997-05-26"/>
  </code>
</codes>
<codes class="bip:topics:1.0">
  <code code="GCAT">
    <editdetail attribution="Reuters BIP Coding Group" action="confirmed" date="1997-05-26"/>
  </code>
  <code code="GWEA">
    <editdetail attribution="Reuters BIP Coding Group" action="confirmed" date="1997-05-26"/>
  </code>
</codes>
<dc element="dc.date.created" value="1997-05-26"/>
<dc element="dc.publisher" value="Reuters Holdings Plc"/>
<dc element="dc.date.published" value="1997-05-26"/>
<dc element="dc.source" value="Reuters"/>
<dc element="dc.creator.location" value="SOFIA"/>
<dc element="dc.creator.location.country.name" value="BULGARIA"/>
<dc element="dc.source" value="Reuters"/>
</metadata>
</newsitem>
