<?xml version="1.0" encoding="iso-8859-1" ?>
<newsitem itemid="613345" id="root" date="1997-05-26" xml:lang="en">
<title>LATVIA: SHIPPING COMPANY IN Q1 CONSOLIDATED PROFIT.</title>
<headline>SHIPPING COMPANY IN Q1 CONSOLIDATED PROFIT.</headline>
<dateline>RIGA 1997-05-26</dateline>
<text>
<p>The Latvian Shipping Company said on Monday that it posted a first quarter consolidated profit of $3.39 million against a planned loss of $5.5 million.  </p>
<p>The company's turnover in the first quarter was $72.0 million and its profit from its shipping operations was $7.99 million, the company said in a statement.</p>
<p>Intensive work with bad debts as well as a better than planned performance by its refridgerated and tanker fleets were the reasons behind the first quarter profit, Andris Klavinsh, the company's president, told a news conference.</p>
<p>&quot;The first quarter was not bad and we registered a profit of $4.79 million from our main business activity, operating ships,&quot; Klavinsh said.  </p>
<p>Latvian Shipping, which has budgeted for a $20 million 1997 consolidated loss, said it hoped to revise its forecast upwards at the beginning of August, if the half year result shows an extended upward trend, Druvis Skulte, the company's board chairman, said.</p>
<p>&quot;It has to be stressed, however, we will definitely not increase the expenditure side,&quot; Skulte said.</p>
<p>Latvian Shipping is estimated to be the world's 19th largest shipping firm and has 40 tankers, 24 reefers (refrigerated vessels) and seven dry cargo vessels.</p>
<p>In shipping operations, reefers and tankers have shown a slight turnover growth, while the dry cargo fleet has shown lower than planned results, Kalninsh said.</p>
<p>&quot;Despite a good first quarter, Latvian Shipping does not exclude the  possibility of facing difficulties in the coming quarters of 1997,&quot; Klavinsh said.</p>
<p>&quot;It could be connected to the planned restructuring of the dry cargo fleet, a fall in the reefer market in the second half of the year and planned ship repairs in the third quarter,&quot; he said.</p>
<p>Klavinsh said that the first quarter figures could increase the value of Latvian Shipping in the eyes of foreign investors interested in privatising the company.</p>
<p>Some 13 foreign companies, including the European Bank for Reconstruction and Development (EBRD) and Nomura have expressed an interest in participating in the privatisation of the company, to be completed in 1997.</p>
<p>-- Martinsh Gravitis, Riga Newsroom, +371 721 5240</p>
</text>
<copyright>(c) Reuters Limited 1997</copyright>
<metadata>
<codes class="bip:countries:1.0">
  <code code="LATV">
    <editdetail attribution="Reuters BIP Coding Group" action="confirmed" date="1997-05-26"/>
  </code>
</codes>
<codes class="bip:industries:1.0">
  <code code="I74000">
    <editdetail attribution="Reuters BIP Coding Group" action="confirmed" date="1997-05-26"/>
  </code>
</codes>
<codes class="bip:topics:1.0">
  <code code="C15">
    <editdetail attribution="Reuters BIP Coding Group" action="confirmed" date="1997-05-26"/>
  </code>
  <code code="C151">
    <editdetail attribution="Reuters BIP Coding Group" action="confirmed" date="1997-05-26"/>
  </code>
  <code code="CCAT">
    <editdetail attribution="Reuters BIP Coding Group" action="confirmed" date="1997-05-26"/>
  </code>
</codes>
<dc element="dc.date.created" value="1997-05-26"/>
<dc element="dc.publisher" value="Reuters Holdings Plc"/>
<dc element="dc.date.published" value="1997-05-26"/>
<dc element="dc.source" value="Reuters"/>
<dc element="dc.creator.location" value="RIGA"/>
<dc element="dc.creator.location.country.name" value="LATVIA"/>
<dc element="dc.source" value="Reuters"/>
</metadata>
</newsitem>
