<?xml version="1.0" encoding="iso-8859-1" ?>
<newsitem itemid="613350" id="root" date="1997-05-26" xml:lang="en">
<title>ROMANIA: HUNGARY PRESIDENT IN ROMANIA ON &quot;HISTORIC&quot; VISIT.</title>
<headline>HUNGARY PRESIDENT IN ROMANIA ON &quot;HISTORIC&quot; VISIT.</headline>
<dateline>BUCHAREST 1997-05-25</dateline>
<text>
<p>The presidents of Romania and Hungary, once uneasy neighbours, met on Sunday and said warming relations could help both countries join NATO and the European Union.</p>
<p>Hungary's Arpad Goncz arrived in Bucharest on Sunday for a three-day visit which he hailed as &quot;historic&quot;, the first by a Hungarian head of state for 70 years.</p>
<p>&quot;Our talks have been very sincere...our positions were identical,&quot; Hungarian President Arpad Goncz told reporters after meeting his Romanian counterpart Emil Constantinescu.</p>
<p>&quot;The intentions are clear...our intention is to boost political relations at all levels.&quot;</p>
<p>During his visit Goncz will meet senior officials and representatives of Romania's 1.6 million ethnic Hungarians. He will visit the Transylvanian cities of Tirgu Mures and Cluj, where he is likely to discuss the opening of a Hungarian consulate.</p>
<p>Ties between Romania and Hungary have been tainted until recently by what Hungary saw as Romania's poor treatment of its Hungarian minority and by Romanian suspicion that Hungary has territorial designs on Transylvania.</p>
<p>Last September, the two countries signed a political treaty which put an end to political sabre-rattling and laid the grounds for reconciliation.</p>
<p>Romania's new centrist government, which ousted the former leftist cabinet in elections last November, has launched a fast-paced crusade to implement the treaty.</p>
<p>Last week, the government amended the education and local administration laws, giving minorities the right of tuition in their mother tongue at all levels as well as the right to use their language in court or administration.</p>
<p>&quot;We are freed from all problems which led to hatred and disagreements in the past. We can deal now with real problems and a real democracy, not an abstarct one,&quot; Constantinescu told journalists.</p>
<p>Good relations between Romania and Hungary are seen by Western democracies as vital for both countries' ambitions to join the EU and NATO.</p>
<p>&quot;Our countries have identical interests as far as Euro-Atlantic integration is concerned,&quot; Goncz said, adding that Hungary would support Romania's NATO bid.</p>
<p>Romania hopes to be invited to join along with favourites Poland, Hungary and the Czech Republic, when NATO announces its first eastward expansion at a Madrid summit in July.  REUTER  251333 GMT may 97</p>
</text>
<copyright>(c) Reuters Limited 1997</copyright>
<metadata>
<codes class="bip:countries:1.0">
  <code code="EEC">
    <editdetail attribution="Reuters BIP Coding Group" action="confirmed" date="1997-05-26"/>
  </code>
  <code code="HUNG">
    <editdetail attribution="Reuters BIP Coding Group" action="confirmed" date="1997-05-26"/>
  </code>
  <code code="NATO">
    <editdetail attribution="Reuters BIP Coding Group" action="confirmed" date="1997-05-26"/>
  </code>
  <code code="ROM">
    <editdetail attribution="Reuters BIP Coding Group" action="confirmed" date="1997-05-26"/>
  </code>
</codes>
<codes class="bip:topics:1.0">
  <code code="G15">
    <editdetail attribution="Reuters BIP Coding Group" action="confirmed" date="1997-05-26"/>
  </code>
  <code code="G158">
    <editdetail attribution="Reuters BIP Coding Group" action="confirmed" date="1997-05-26"/>
  </code>
  <code code="GCAT">
    <editdetail attribution="Reuters BIP Coding Group" action="confirmed" date="1997-05-26"/>
  </code>
  <code code="GDEF">
    <editdetail attribution="Reuters BIP Coding Group" action="confirmed" date="1997-05-26"/>
  </code>
  <code code="GDIP">
    <editdetail attribution="Reuters BIP Coding Group" action="confirmed" date="1997-05-26"/>
  </code>
</codes>
<dc element="dc.date.created" value="1997-05-25"/>
<dc element="dc.publisher" value="Reuters Holdings Plc"/>
<dc element="dc.date.published" value="1997-05-26"/>
<dc element="dc.source" value="Reuters"/>
<dc element="dc.creator.location" value="BUCHAREST"/>
<dc element="dc.creator.location.country.name" value="ROMANIA"/>
<dc element="dc.source" value="Reuters"/>
</metadata>
</newsitem>
