<?xml version="1.0" encoding="iso-8859-1" ?>
<newsitem itemid="613362" id="root" date="1997-05-26" xml:lang="en">
<title>UK: Reuters historical calendar - June 2.</title>
<headline>Reuters historical calendar - June 2.</headline>
<dateline>LONDON 1997-05-26</dateline>
<text>
<p>Following are some of the major events to have occurred on June 2 in history:</p>
<p>1420 - Henry V of England married Catherine of Valois, daughter of Charles VI, king of France.</p>
<p>1734 - In the War of the Polish Succession, Russia and Austria finally took Danzig after a siege which had begun the previous October.</p>
<p>1740 - Comte Donatien Alphonse Francois de Sade, known as the Marquis de Sade, French writer and man of letters, born. Best remembered for his sexual perversions, from which the term sadism is derived.</p>
<p>1774 - The Quartering Act was revived in Britain, forcingpeople in America to provide housing for British troops in America.</p>
<p>1780 - Riots began in London led by Lord George Gordon in protest against Parliament's plans to extend the Catholic Relief Act (1778) cancelling restrictions on Roman Catholics.</p>
<p>1793 - After three days of revolt in France, 31 Girondists were arrested and ousted from the Convention.</p>
<p>1840 - Thomas Hardy, British writer, born; best known for his novels &quot;Tess of the D'Urbervilles&quot; and &quot;Jude the Obscure&quot;.</p>
<p>1857 - Sir Edward Elgar, English composer, born. Among his best known compositions are the &quot;Enigma Variations&quot; and his oratorio &quot;The Dream of Gerontius&quot;.</p>
<p>1882 - Giuseppe Garibaldi, Italian leader and patriot, died. He became a central figure in the fight for the indepedence of Italy leading his guerrilla army in the capture of Naples (1860).</p>
<p>1896 - Broadcasting by electromagnetic waves was first patented on this day by Guglielmo Marconi.</p>
<p>1899 - Spain ceded the Carolinas, Pelews, Marianne and Ladrones to Germany.</p>
<p>1904 - Johnny Weissmuller, U.S. and Olympic swimming champion, born. He later turned to acting playing Tarzan in films from 1932-48.</p>
<p>1932 - Major Frank Holmes, a New Zealand engineer, struck oil for the first time in Bahrain.</p>
<p>1940 - Constantine, former king of Greece, born. He was the son of Paul I and succeeded as King in 1964. After he left Greece in a coup in 1967, the military regime abolished the monarchy in 1973.</p>
<p>1953 - The coronation of Elizabeth II took place at Westminster Abbey in London. This coronation was the first to be televised.</p>
<p>1961 - George S. Kaufman, U.S. playwright and twice Pulitzer Prize winner, died. Best known for his contribution to &quot;Dinner at Eight&quot; and &quot;The Man who came to Dinner&quot; and the Marx Brothers film &quot;A Night at the Opera&quot;.</p>
<p>1979 - Pope John Paul II arrived in Poland in the first visit by a Pope to a communist country.</p>
<p>1987 - Andres Segovia, Spanish classical guitarist, died. He established the guitar as a serious classical instrument by his numerous concerts and by his transcriptions of many pieces of Bach and Handel.</p>
<p>1988 - In Canberra, the High Court unanimously rejected Britain's bid to ban further publication in Australia of the &quot;Spycatcher&quot; memoirs of former secret agent Peter Wright.</p>
<p>1992 - Denmark's voters rejected the EC Maastricht Treaty by the slimmest of margins, stunning the European Community and their own overwhelmingly pro-Treaty leaders.</p>
<p>1993 - Challenger Melchior Ndadaye toppled military president Pierre Buyoya in Burundi's first free elections to give the majority Hutu tribe its first national leader.</p>
<p>1994 - 29 people, including top Northern Ireland undercover police fighting the IRA, were killed when their helicopter crashed on a remote Scottish headland.</p>
</text>
<copyright>(c) Reuters Limited 1997</copyright>
<metadata>
<codes class="bip:countries:1.0">
  <code code="UK">
    <editdetail attribution="Reuters BIP Coding Group" action="confirmed" date="1997-05-26"/>
  </code>
</codes>
<codes class="bip:topics:1.0">
  <code code="GCAT">
    <editdetail attribution="Reuters BIP Coding Group" action="confirmed" date="1997-05-26"/>
  </code>
</codes>
<dc element="dc.date.created" value="1997-05-26"/>
<dc element="dc.publisher" value="Reuters Holdings Plc"/>
<dc element="dc.date.published" value="1997-05-26"/>
<dc element="dc.source" value="Reuters"/>
<dc element="dc.creator.location" value="LONDON"/>
<dc element="dc.creator.location.country.name" value="UK"/>
<dc element="dc.source" value="Reuters"/>
</metadata>
</newsitem>
