<?xml version="1.0" encoding="iso-8859-1" ?>
<newsitem itemid="613367" id="root" date="1997-05-26" xml:lang="en">
<title>SOUTH KOREA: Baseball-Results of S.Korean pro baseball games.</title>
<headline>Baseball-Results of S.Korean pro baseball games.</headline>
<dateline>SEOUL 1997-05-26</dateline>
<text>
<p>Results of South Korean professional baseball games played on Sunday.</p>
<p>    LG			 4	Ssangbangwool    3</p>
<p>    Haitai		   8	Lotte		3</p>
<p>    Hyundai		 11	Samsung	    6</p>
<p>    OB			 4	Hanwha	     3</p>
<p>Standings after games played on Sunday: (tabulate under won, drawn, lost, winning percentage, games behind first place)</p>
<p>			  W   D    L     PCT	   GB</p>
<p>    Haitai	   24   0   11    .686	    -</p>
<p>    LG		 24   0   12    .667	  1/2</p>
<p>    Samsung	  19   2   15    .556	4 1/2</p>
<p>    OB		 19   2   17    .526	5 1/2</p>
<p>Ssangbangwool  18   0   18    .500	6 1/2</p>
<p>    Hyundai	  14   2   22    .395     10 1/2</p>
<p>    Lotte	    13   0   23    .361     11 1/2</p>
<p>    Hanwha	   10   2   23    .314	   13</p>
</text>
<copyright>(c) Reuters Limited 1997</copyright>
<metadata>
<codes class="bip:countries:1.0">
  <code code="SKOREA">
    <editdetail attribution="Reuters BIP Coding Group" action="confirmed" date="1997-05-26"/>
  </code>
</codes>
<codes class="bip:topics:1.0">
  <code code="GCAT">
    <editdetail attribution="Reuters BIP Coding Group" action="confirmed" date="1997-05-26"/>
  </code>
  <code code="GSPO">
    <editdetail attribution="Reuters BIP Coding Group" action="confirmed" date="1997-05-26"/>
  </code>
</codes>
<dc element="dc.date.created" value="1997-05-26"/>
<dc element="dc.publisher" value="Reuters Holdings Plc"/>
<dc element="dc.date.published" value="1997-05-26"/>
<dc element="dc.source" value="Reuters"/>
<dc element="dc.creator.location" value="SEOUL"/>
<dc element="dc.creator.location.country.name" value="SOUTH KOREA"/>
<dc element="dc.source" value="Reuters"/>
</metadata>
</newsitem>
