<?xml version="1.0" encoding="iso-8859-1" ?>
<newsitem itemid="613356" id="root" date="1997-05-26" xml:lang="en">
<title>BELGIUM: COBEPA KEEN TO KEEP GOOD RELATIONS WITH FLANDERS.</title>
<headline>COBEPA KEEN TO KEEP GOOD RELATIONS WITH FLANDERS.</headline>
<dateline>BRUSSELS 1997-05-26</dateline>
<text>
<p>Belgian holding company Cobepa said on Monday that it would keep good relations with Flemish financial groups, despite its planned split with Flemish holding company Gevaert .</p>
<p>&quot;The Almanij-Gevaert group and we will remain on friendly terms...we are not losing our contact with the leading Flemish families,&quot; Cobepa chief executive officer Pierre Scohier told a news conference, where Paribas chairman Andre Levy-Lang was also present.</p>
<p>Cobepa is 60-percent owned by French Paribas .</p>
<p>On Friday, Cobepa cut its years-old ties with Gevaert, which will come under the wings of fellow Flemish holding company Almanij .</p>
<p>In a complex deal involving a series of share swaps in the autumn, Cobepa will keep half of Gevaert's assets, while Gevaert itself will become majority-owned by Almanij.</p>
<p>Currently, Gevaert is 35-percent owned by Cobepa and affiliates and 25 percent by families who act in concert with Cobepa. The rest is owned by the public.</p>
<p>Scohier said that Cobepa would keep nurturing close relations with the leading Flemish families in the financial world, as several of these families would remain partners in Cobepa or in Cobepa units.</p>
<p>Scohier said that he saw no competition between Gevaert and Cobepa-unit Ibel in the merchant banking business.</p>
<p>&quot;Traditionaly, Gevaert has never been interested in mall and medium sized companies,&quot; Scohier said. Ibel will focus on investments in small and medium-sized Flemish companies.</p>
<p>He added that if Ibel wanted to take on larger acquisitions, it would have to do this together with other partners. &quot;And Cobepa is always there as a back-up for bigger deals,&quot; he said.</p>
<p>-- Geert De Clercq, Brussels Newsroom +32 2 287 6813, Fax +32 2 230 7710</p>
</text>
<copyright>(c) Reuters Limited 1997</copyright>
<metadata>
<codes class="bip:countries:1.0">
  <code code="BELG">
    <editdetail attribution="Reuters BIP Coding Group" action="confirmed" date="1997-05-26"/>
  </code>
  <code code="FRA">
    <editdetail attribution="Reuters BIP Coding Group" action="confirmed" date="1997-05-26"/>
  </code>
</codes>
<codes class="bip:industries:1.0">
  <code code="I81402">
    <editdetail attribution="Reuters BIP Coding Group" action="confirmed" date="1997-05-26"/>
  </code>
  <code code="I81502">
    <editdetail attribution="Reuters BIP Coding Group" action="confirmed" date="1997-05-26"/>
  </code>
  <code code="I83100">
    <editdetail attribution="Reuters BIP Coding Group" action="confirmed" date="1997-05-26"/>
  </code>
  <code code="I83960">
    <editdetail attribution="Reuters BIP Coding Group" action="confirmed" date="1997-05-26"/>
  </code>
</codes>
<codes class="bip:topics:1.0">
  <code code="C18">
    <editdetail attribution="Reuters BIP Coding Group" action="confirmed" date="1997-05-26"/>
  </code>
  <code code="C181">
    <editdetail attribution="Reuters BIP Coding Group" action="confirmed" date="1997-05-26"/>
  </code>
  <code code="CCAT">
    <editdetail attribution="Reuters BIP Coding Group" action="confirmed" date="1997-05-26"/>
  </code>
</codes>
<dc element="dc.date.created" value="1997-05-26"/>
<dc element="dc.publisher" value="Reuters Holdings Plc"/>
<dc element="dc.date.published" value="1997-05-26"/>
<dc element="dc.source" value="Reuters"/>
<dc element="dc.creator.location" value="BRUSSELS"/>
<dc element="dc.creator.location.country.name" value="BELGIUM"/>
<dc element="dc.source" value="Reuters"/>
</metadata>
</newsitem>
