<?xml version="1.0" encoding="iso-8859-1" ?>
<newsitem itemid="613377" id="root" date="1997-05-26" xml:lang="en">
<title>CANADA: Canada's Chretien seeks to boost Western support.</title>
<headline>Canada's Chretien seeks to boost Western support.</headline>
<byline>Randall Palmer</byline>
<dateline>CALGARY, Alberta 1997-05-26</dateline>
<text>
<p>Prime Minister Jean Chretien flew into Western Canada on Monday to shore up his defenses, sagging under attacks by the right-wing Reform Party over the dominance of Quebec politicians in Canada.</p>
<p>Despite winning a strong parliamentary majority in the 1993 election, Chretien's ruling Liberals won only 10 of 58 seats in Reform's strongholds of Alberta and British Columbia, and were aiming to do better in the June 2 election.</p>
<p>But a Reform ad suggesting that Quebec politicians, including Chretien, might let the country fall apart, appears to have tapped into Western anger and jeopardized Liberal plans.</p>
<p>In Reform leader Preston Manning's hometown of Calgary, Chretien lit into Manning as divisive, while appealing to a vision of a country where dreams can become reality.</p>
<p>&quot;Here is a clear choice of two visions: there is a narrow vision that appeals to division, to intolerance and to exclusion, that appeals to a nostalgia for a past that never was,&quot; he said.</p>
<p>&quot;And there is a liberal vision based in a belief in a better future, in a sense of community and common purpose, in the recognition that this will not be a good country for any of us until it is a good country for all of us.&quot;</p>
<p>A Reuters poll released on Monday showed surging support for Reform in the West and a tight race among other parties in Quebec, although the Liberals retained a comfortable overall lead in Canada.</p>
<p>It put Reform near or above its levels achieved in the 1993 election in Alberta and British Columbia, where it took 46 seats and came within a whisker of forming the official opposition. The margin of error for regional samples was higher than the 3.2 points for the nation as a whole.</p>
<p>Some commentators have even begun to question if Energy Minister Anne McClellan of Alberta and Transport Minister David Anderson of British Columbia might lose their seats.</p>
<p>McClellan -- standing at Chretien's side as he pleaded with his Calgary crowd for more Alberta representation -- won by only 12 out of 35,000 ballots in 1993. But Liberal strategists insisted she had won respect from the oil industry while in office.</p>
<p>For 28 out of the past 29 years, Canada's prime ministers have been from French-speaking Quebec, where the debate has raged over whether to secede from Canada.</p>
<p>Both Chretien and Conservative leader Jean Charest, also from Quebec, talk about making further constitutional concessions to the province, leading some to hope for national reconciliation, but alienating others.</p>
<p>&quot;To a certain extent I think the attitude in the West is Quebec has held the rest of the country ransom for the separatist issue,&quot; Neil Campbell, an office worker, said as he walked past a restaurant where Chretien was speaking.</p>
<p>Earlier at a factory in the Prairie city of Winnipeg, Manitoba, machine operator Martin Friesen told Reuters he also thought there were too many Quebec politicians.</p>
<p>&quot;Quebeckers get a lot of stuff already,&quot; he said as Chretien proclaimed the benefits of government intervention.</p>
<p>Reform's message, while possibly solidifying its support in the West, did not appear to have budged its support in vote-rich Ontario, where the Liberals maintained a 35-point stranglehold in the polls.</p>
<p>But one in three Canadians had still not made up their mind -- as borne out by a stroll through the government- supported New Flyer Industries bus plant, where a few jeered as Chretien spoke. Most people said they had not yet decided how to vote.</p>
<p>Chretien led the federalist forces in Quebec's 1995 sovereignty referendum that separatists lost by only one percentage point. He repeated in Calgary on Monday that he would not agree to split the country if voters in a new Quebec referendum voted narrowly for separation.</p>
</text>
<copyright>(c) Reuters Limited 1997</copyright>
<metadata>
<codes class="bip:countries:1.0">
  <code code="CANA">
    <editdetail attribution="Reuters BIP Coding Group" action="confirmed" date="1997-05-26"/>
  </code>
</codes>
<codes class="bip:topics:1.0">
  <code code="GCAT">
    <editdetail attribution="Reuters BIP Coding Group" action="confirmed" date="1997-05-26"/>
  </code>
  <code code="GPOL">
    <editdetail attribution="Reuters BIP Coding Group" action="confirmed" date="1997-05-26"/>
  </code>
</codes>
<dc element="dc.date.created" value="1997-05-26"/>
<dc element="dc.publisher" value="Reuters Holdings Plc"/>
<dc element="dc.date.published" value="1997-05-26"/>
<dc element="dc.source" value="Reuters"/>
<dc element="dc.creator.location" value="CALGARY, Alberta"/>
<dc element="dc.creator.location.country.name" value="CANADA"/>
<dc element="dc.source" value="Reuters"/>
</metadata>
</newsitem>
