<?xml version="1.0" encoding="iso-8859-1" ?>
<newsitem itemid="613453" id="root" date="1997-05-26" xml:lang="en">
<title>SOUTH AFRICA: Old Mutual S.Africa takes over Syfrets unit.</title>
<headline>Old Mutual S.Africa takes over Syfrets unit.</headline>
<dateline>JOHANNESBURG 1997-05-26</dateline>
<text>
<p>South Africa's biggest investment group Old Mutual said on Monday it had bought Syfrets Bank Ltd's stake in Old Mutual Syfrets Trust Ltd (OMST) for an undisclosed sum.</p>
<p>&quot;Old Mutual Trust Ltd, as the company is to be called, will allow us to...offer an appropriate mix of specialist skills under one roof,&quot; Old Mutual general manager Bobbie Jooste said in a statement.</p>
<p>The new group would offer services ranging from tax and estate planning, to trust and estate administration, financial planning and investment and portfolio management.</p>
<p>OMST was set up as a joint venture in 1982 to enable Old Mutual clients, as part of their financial and estate planning, to have their wills drawn up and their estates and trusts professionally administered.</p>
<p>-- Johannesburg newsroom 27 11 482 1003</p>
</text>
<copyright>(c) Reuters Limited 1997</copyright>
<metadata>
<codes class="bip:countries:1.0">
  <code code="SAFR">
    <editdetail attribution="Reuters BIP Coding Group" action="confirmed" date="1997-05-26"/>
  </code>
</codes>
<codes class="bip:industries:1.0">
  <code code="I81402">
    <editdetail attribution="Reuters BIP Coding Group" action="confirmed" date="1997-05-26"/>
  </code>
  <code code="I81502">
    <editdetail attribution="Reuters BIP Coding Group" action="confirmed" date="1997-05-26"/>
  </code>
  <code code="I8150206">
    <editdetail attribution="Reuters BIP Coding Group" action="confirmed" date="1997-05-26"/>
  </code>
  <code code="I82002">
    <editdetail attribution="Reuters BIP Coding Group" action="confirmed" date="1997-05-26"/>
  </code>
</codes>
<codes class="bip:topics:1.0">
  <code code="C18">
    <editdetail attribution="Reuters BIP Coding Group" action="confirmed" date="1997-05-26"/>
  </code>
  <code code="C181">
    <editdetail attribution="Reuters BIP Coding Group" action="confirmed" date="1997-05-26"/>
  </code>
  <code code="CCAT">
    <editdetail attribution="Reuters BIP Coding Group" action="confirmed" date="1997-05-26"/>
  </code>
</codes>
<dc element="dc.date.created" value="1997-05-26"/>
<dc element="dc.publisher" value="Reuters Holdings Plc"/>
<dc element="dc.date.published" value="1997-05-26"/>
<dc element="dc.source" value="Reuters"/>
<dc element="dc.creator.location" value="JOHANNESBURG"/>
<dc element="dc.creator.location.country.name" value="SOUTH AFRICA"/>
<dc element="dc.source" value="Reuters"/>
</metadata>
</newsitem>
