<?xml version="1.0" encoding="iso-8859-1" ?>
<newsitem itemid="613491" id="root" date="1997-05-26" xml:lang="en">
<title>POLAND: Polish shares close lower on thin volume.</title>
<headline>Polish shares close lower on thin volume.</headline>
<text>
<p>1030 GMT - Polish shares extended their two-session fall in lower turnover with selling stronger after the price fixing.</p>
<p>* The main market's WIG index closed  279.4 points, or 1.7 percent, lower at 15,899.6, the WIG 20 fell 1.3 percent to 1,590.4 and the parallel market's WIRR fell 2.5 percent to 3,458.9.</p>
<p>* Turnover fell 6.6 percent to 131 million zlotys on all three markets as 83 issues fell, eight rose and nine were flat. Most active Mostostal Export fell 4.4 percent in a nine-million-zloty turnover. Electrodes maker ZEW started bourse trade at 36 zlotys, 20 percent below the issue price.</p>
<p>-- Warsaw Newsroom +48 22 653 9700</p>
</text>
<copyright>(c) Reuters Limited 1997</copyright>
<metadata>
<codes class="bip:countries:1.0">
  <code code="POL">
    <editdetail attribution="Reuters BIP Coding Group" action="confirmed" date="1997-05-26"/>
  </code>
</codes>
<codes class="bip:topics:1.0">
  <code code="M11">
    <editdetail attribution="Reuters BIP Coding Group" action="confirmed" date="1997-05-26"/>
  </code>
  <code code="MCAT">
    <editdetail attribution="Reuters BIP Coding Group" action="confirmed" date="1997-05-26"/>
  </code>
</codes>
<dc element="dc.publisher" value="Reuters Holdings Plc"/>
<dc element="dc.date.published" value="1997-05-26"/>
<dc element="dc.source" value="Reuters"/>
<dc element="dc.creator.location.country.name" value="POLAND"/>
<dc element="dc.source" value="Reuters"/>
</metadata>
</newsitem>
