<?xml version="1.0" encoding="iso-8859-1" ?>
<newsitem itemid="613432" id="root" date="1997-05-26" xml:lang="en">
<title>ZAIRE: DEMOCRATIC REPUBLIC OF CONGO - Kabila government bans Kinshasa demonstrations.</title>
<headline>DEMOCRATIC REPUBLIC OF CONGO - Kabila government bans Kinshasa demonstrations.</headline>
<dateline>KINSHASA 1997-05-26</dateline>
<text>
<p>Self-proclaimed president Laurent Kabila's government banned all public demonstrations in the capital Kinshasa until further notice, citing a need to maintain security, state television reported on Monday.  </p>
<p>At the same time the administration, formed after Kabila's forces drove veteran dictator Mobutu Sese Seko from power earlier this month, banned all activities of political parties in the city until further notice.</p>
<p>The television, quoting a communique issued by &quot;the higher national institutions&quot;, also said that no unit of Kabila's armed forces would be allowed to circulate in the city without specific orders.</p>
<p>&quot;Individual or collective public demonstrations are formally prohibited throughout the city of Kinshasa until further notice,&quot; it said. &quot;All the activities of the political parties are banned in Kinshasa until further notice.&quot;</p>
<p>Supporters of veteran opposition leader Etienne Tshisekedi said at the weekend that they would stage protest marches against Kabila and his government on Wednesday and Friday.</p>
</text>
<copyright>(c) Reuters Limited 1997</copyright>
<metadata>
<codes class="bip:countries:1.0">
  <code code="ZAIRE">
    <editdetail attribution="Reuters BIP Coding Group" action="confirmed" date="1997-05-26"/>
  </code>
</codes>
<codes class="bip:topics:1.0">
  <code code="GCAT">
    <editdetail attribution="Reuters BIP Coding Group" action="confirmed" date="1997-05-26"/>
  </code>
  <code code="GPOL">
    <editdetail attribution="Reuters BIP Coding Group" action="confirmed" date="1997-05-26"/>
  </code>
  <code code="GVIO">
    <editdetail attribution="Reuters BIP Coding Group" action="confirmed" date="1997-05-26"/>
  </code>
</codes>
<dc element="dc.date.created" value="1997-05-26"/>
<dc element="dc.publisher" value="Reuters Holdings Plc"/>
<dc element="dc.date.published" value="1997-05-26"/>
<dc element="dc.source" value="Reuters"/>
<dc element="dc.creator.location" value="KINSHASA"/>
<dc element="dc.creator.location.country.name" value="ZAIRE"/>
<dc element="dc.source" value="Reuters"/>
</metadata>
</newsitem>
