<?xml version="1.0" encoding="iso-8859-1" ?>
<newsitem itemid="613449" id="root" date="1997-05-26" xml:lang="en">
<title>SOUTH AFRICA: Absa shares slip on lacklustre results.</title>
<headline>Absa shares slip on lacklustre results.</headline>
<dateline>JOHANNESBURG 1997-05-26</dateline>
<text>
<p>Shares in Amalgamated Banks of South Africa Ltd Ltd fell on Monday after the company posted slightly weaker than expected earnings, dealers said.</p>
<p>&quot;Their results are a little bit weaker than what the market expected and that's why the share is now slipping,&quot; one dealer said.</p>
<p>Absa stock was up 10 cents before the results but shed 55 cents to reach 29.20 rand by 0950 GMT after they were announced.</p>
<p>The banking group's headline earnings per share totalled 222.2 cents in the year ended March 31, 1997, against 178.0 cents in 1995/96. The dividend rose to 72.0 cents from 59.0.</p>
<p>Analysts polled by Reuters had forcast earnings per share of 225.5 in a range of 223.0-228.8 cents and a dividend of 73.1 cents within a range of 70.8-75.5 cents.</p>
<p>&quot;Maybe the guys took the share a little bit higher on the back of the results coming out and now may be they've just decided that since the results are a bit tasteless they should knock off a bit there,&quot; one dealer added.</p>
<p>-- Ellis Mnyandu, Johannesburg newsroom +27 11 482 1003</p>
</text>
<copyright>(c) Reuters Limited 1997</copyright>
<metadata>
<codes class="bip:countries:1.0">
  <code code="SAFR">
    <editdetail attribution="Reuters BIP Coding Group" action="confirmed" date="1997-05-26"/>
  </code>
</codes>
<codes class="bip:industries:1.0">
  <code code="I81402">
    <editdetail attribution="Reuters BIP Coding Group" action="confirmed" date="1997-05-26"/>
  </code>
</codes>
<codes class="bip:topics:1.0">
  <code code="C15">
    <editdetail attribution="Reuters BIP Coding Group" action="confirmed" date="1997-05-26"/>
  </code>
  <code code="C152">
    <editdetail attribution="Reuters BIP Coding Group" action="confirmed" date="1997-05-26"/>
  </code>
  <code code="CCAT">
    <editdetail attribution="Reuters BIP Coding Group" action="confirmed" date="1997-05-26"/>
  </code>
</codes>
<dc element="dc.date.created" value="1997-05-26"/>
<dc element="dc.publisher" value="Reuters Holdings Plc"/>
<dc element="dc.date.published" value="1997-05-26"/>
<dc element="dc.source" value="Reuters"/>
<dc element="dc.creator.location" value="JOHANNESBURG"/>
<dc element="dc.creator.location.country.name" value="SOUTH AFRICA"/>
<dc element="dc.source" value="Reuters"/>
</metadata>
</newsitem>
