<?xml version="1.0" encoding="iso-8859-1" ?>
<newsitem itemid="613411" id="root" date="1997-05-26" xml:lang="en">
<title>LIBERIA: Peacekeepers in Liberia seal Sierra Leone border.</title>
<headline>Peacekeepers in Liberia seal Sierra Leone border.</headline>
<dateline>MONROVIA 1997-05-26</dateline>
<text>
<p>The ECOMOG African peacekeeping force in Liberia said on Monday its troops had sealed the land frontier with Sierra Leone and that naval units were patrolling coastal waters after the coup in Freetown.</p>
<p>Port officials and military sources in Monrovia said two naval boats left with hundreds of battle-ready ECOMOG troops on Sunday night, presumably heading for Sierra Leone. ECOMOG troops in Freetown were drawn into battle with coup soldiers on Sunday.  </p>
<p>ECOMOG deputy force commander Brigadier-General Joe Kwateng told reporters in Monrovia that peacekeeping soldiers deployed in Liberia's western Grand Cape Mount country had been ordered to seal the Sierra Leone border.</p>
<p>&quot;As part of the operation, soldiers of ECOMOG's navy battalion are continuing their patrol of international waters and have also stepped up border patrol,&quot; Kwateng said.</p>
<p>He declined to comment on the departure of boatloads of ECOMOG soldiers, but said: &quot;The situation in Sierra Leone is an internal matter, but our men are there going about their assigned duties.&quot;</p>
<p>The military seized power in Sierra Leone on Sunday. The coup leaders said they wanted to bring rebels of the Revolutionary United Front into the government to consolidate an elusive peace in the country's civil war.</p>
</text>
<copyright>(c) Reuters Limited 1997</copyright>
<metadata>
<codes class="bip:countries:1.0">
  <code code="LIBER">
    <editdetail attribution="Reuters BIP Coding Group" action="confirmed" date="1997-05-26"/>
  </code>
  <code code="SILEN">
    <editdetail attribution="Reuters BIP Coding Group" action="confirmed" date="1997-05-26"/>
  </code>
</codes>
<codes class="bip:topics:1.0">
  <code code="GCAT">
    <editdetail attribution="Reuters BIP Coding Group" action="confirmed" date="1997-05-26"/>
  </code>
  <code code="GVIO">
    <editdetail attribution="Reuters BIP Coding Group" action="confirmed" date="1997-05-26"/>
  </code>
</codes>
<dc element="dc.date.created" value="1997-05-26"/>
<dc element="dc.publisher" value="Reuters Holdings Plc"/>
<dc element="dc.date.published" value="1997-05-26"/>
<dc element="dc.source" value="Reuters"/>
<dc element="dc.creator.location" value="MONROVIA"/>
<dc element="dc.creator.location.country.name" value="LIBERIA"/>
<dc element="dc.source" value="Reuters"/>
</metadata>
</newsitem>
