<?xml version="1.0" encoding="iso-8859-1" ?>
<newsitem itemid="613407" id="root" date="1997-05-26" xml:lang="en">
<title>TOGO: Togo's premier sees 7.1 percent growth in 1997.</title>
<headline>Togo's premier sees 7.1 percent growth in 1997.</headline>
<dateline>LOME 1997-05-26</dateline>
<text>
<p>Togo's economy is expected to grow by 7.1 percent in 1997, up slightly from the 7.0 percent recorded in 1996, Prime Minister Kwassi Klutse said.</p>
<p>&quot;After falling 18.4 percent in 1993, gross domestic product has increased constantly in recent years and is stabilising,&quot; Klutse told Reuters in an interview last week.</p>
<p>Another sign of recovery is the growing balance of payments surplus, which reached 13.2 billion CFA francs ($23.3 million) in 1996, up from 1.5 billion in 1995.</p>
<p>Togo's external debt stood at 746 billion CFA francs at the end of 1996, and its internal debt -- money owed by the state and state firms -- amounted to 204 billion.</p>
<p>However, Klutse said the government intended to pay off some 65 billion of the internal debt this year, including seven billion that would go towards pay owed to civil servants.</p>
<p>Klutse said the pick-up in the economy owed much to increases in production of commodities such as coffee, cocoa, cotton and phosphate, which is its main export.</p>
<p>Togo has entered into a three-year structural adjustment agreement with the International Monetary Fund for 1997-99 and plans to privatise around 20 state companies.</p>
<p>($1 = 567 CFA francs)</p>
</text>
<copyright>(c) Reuters Limited 1997</copyright>
<metadata>
<codes class="bip:countries:1.0">
  <code code="TOGO">
    <editdetail attribution="Reuters BIP Coding Group" action="confirmed" date="1997-05-26"/>
  </code>
</codes>
<codes class="bip:topics:1.0">
  <code code="E11">
    <editdetail attribution="Reuters BIP Coding Group" action="confirmed" date="1997-05-26"/>
  </code>
  <code code="ECAT">
    <editdetail attribution="Reuters BIP Coding Group" action="confirmed" date="1997-05-26"/>
  </code>
</codes>
<dc element="dc.date.created" value="1997-05-26"/>
<dc element="dc.publisher" value="Reuters Holdings Plc"/>
<dc element="dc.date.published" value="1997-05-26"/>
<dc element="dc.source" value="Reuters"/>
<dc element="dc.creator.location" value="LOME"/>
<dc element="dc.creator.location.country.name" value="TOGO"/>
<dc element="dc.source" value="Reuters"/>
</metadata>
</newsitem>
