<?xml version="1.0" encoding="iso-8859-1" ?>
<newsitem itemid="613425" id="root" date="1997-05-26" xml:lang="en">
<title>SOUTH AFRICA: Stanbic shares hit as Pepsi bottler sinks.</title>
<headline>Stanbic shares hit as Pepsi bottler sinks.</headline>
<dateline>JOHANNESBURG 1997-05-26</dateline>
<text>
<p>Standard Bank Investment Corp Ltd fell on Monday after news that local Pepsi bottler New Age Beverages (NAB) had applied for liquidation, dealers said.</p>
<p>A Stanbic spokesman said that its Standard Merchant Bank unit was a major creditor of NAB which filed for voluntary liquidation on Friday.</p>
<p>Standard Bank shares fell as far as 200 rand from a previous close of 212.75 rand, before recovering slightly to 205.25 rand.</p>
<p>&quot;Stanbic is down on fears that it will have to write off millions and that is filtering through to its share price,&quot; a dealer said.</p>
<p>NAB is 25 percent owned by PepsiCo International and local black business owns eight percent. The rest is held by African-American investors.</p>
<p>NAB's application for liquidation comes just three years after it made a high-profile return to South Africa.</p>
<p>-- Charles Phahlane, Johannesburg newsroom +27 11 482 1003</p>
</text>
<copyright>(c) Reuters Limited 1997</copyright>
<metadata>
<codes class="bip:countries:1.0">
  <code code="SAFR">
    <editdetail attribution="Reuters BIP Coding Group" action="confirmed" date="1997-05-26"/>
  </code>
</codes>
<codes class="bip:industries:1.0">
  <code code="I42800">
    <editdetail attribution="Reuters BIP Coding Group" action="confirmed" date="1997-05-26"/>
  </code>
  <code code="I81402">
    <editdetail attribution="Reuters BIP Coding Group" action="confirmed" date="1997-05-26"/>
  </code>
</codes>
<codes class="bip:topics:1.0">
  <code code="C15">
    <editdetail attribution="Reuters BIP Coding Group" action="confirmed" date="1997-05-26"/>
  </code>
  <code code="C152">
    <editdetail attribution="Reuters BIP Coding Group" action="confirmed" date="1997-05-26"/>
  </code>
  <code code="C16">
    <editdetail attribution="Reuters BIP Coding Group" action="confirmed" date="1997-05-26"/>
  </code>
  <code code="CCAT">
    <editdetail attribution="Reuters BIP Coding Group" action="confirmed" date="1997-05-26"/>
  </code>
</codes>
<dc element="dc.date.created" value="1997-05-26"/>
<dc element="dc.publisher" value="Reuters Holdings Plc"/>
<dc element="dc.date.published" value="1997-05-26"/>
<dc element="dc.source" value="Reuters"/>
<dc element="dc.creator.location" value="JOHANNESBURG"/>
<dc element="dc.creator.location.country.name" value="SOUTH AFRICA"/>
<dc element="dc.source" value="Reuters"/>
</metadata>
</newsitem>
