<?xml version="1.0" encoding="iso-8859-1" ?>
<newsitem itemid="613448" id="root" date="1997-05-26" xml:lang="en">
<title>SOUTH AFRICA: South Africa gets down to business in crime fight.</title>
<headline>South Africa gets down to business in crime fight.</headline>
<byline>Richard Meares</byline>
<dateline>JOHANNESBURG 1997-05-26</dateline>
<text>
<p>South Africa has called in a leading businessman to overhaul its troubled police force and ended a moratorium on police recruitment, winning near universal praise on Monday from business, politicians and the media.</p>
<p>But the tough Meyer Kahn, group chairman of South African Breweries (SAB), will have a battle on his hands to turn around a demotivated, inefficient and sometimes corrupt service so it can fight rampant violent crime, analysts said.</p>
<p>&quot;Undeniably this is the most difficult job of my life,&quot; Kahn, whose two-year secondment to the police starts on August 1, told Monday's Citizen newspaper.</p>
<p>President Nelson Mandela has called in Kahn, who over three decades has built SAB into the world's fourth biggest brewer, to fill a new civilian position -- chief executive of the South African Police Service, SAPS.</p>
<p>Kahn said he would need all the aid he could muster to help police chief George Fivaz tackle some of the world's worst rates of armed robbery, murder, rape, car hijacking and burglary.</p>
<p>&quot;I'll ask for help and support from everybody and anybody. I intend to start with the Almighty and work my way down.&quot;</p>
<p>Deputy President Thabo Mbeki, announcing the appointment on Saturday, said the aim was to relieve the much-criticised National Commissioner Fivaz of administration and bureaucracy so he could concentrate on catching criminals.</p>
<p>&quot;As a civil service department SAPS is bound by often stifling regulations. Such red tape has reduced many management and crime-fighting initiatives to a snail's pace,&quot; Fivaz said.</p>
<p>&quot;I welcome the opportunity to concentrate more on crime-fighting.&quot;</p>
<p>He said the overburdened courts also needed an overhaul to make sure criminals who got caught would be convicted.</p>
<p>Cynical South Africans have sneered as police announce one initiative after another but crime shows no tangible sign of abating, despite official statistics that things are improving.</p>
<p>But the announcement last week of an end to a three-year freeze on hiring new police has boosted morale in the 140,000-strong force that had hit a low through poor pay, understaffing, lack of resources and dangerous work.</p>
<p>And Kahn's appointment just a few days later has been hailed by the private sector as just about the best news yet in the fight against a crime wave that has hit business badly and left South Africa a far less attractive place for foreign investors.</p>
<p>&quot;It is a bold and imaginative step,&quot; the South African Chamber of Business said.</p>
<p>&quot;The appointment of Mr Kahn, coming so soon after the (lifting) of the moratorium of recruitment, will undoubtedly further strengthen both local and investor confidence.&quot;</p>
<p>A recent business survey showed crime was making many foreign firms rethink the extent of investment in South Africa.</p>
<p>Kahn said he knew he could not refuse when Mbeki suggested the job to him, saying &quot;Your country needs you.&quot;</p>
<p>&quot;His toughness as a manager is tempered by a common touch he has retained since his boyhood,&quot; Mbeki said.</p>
<p>&quot;His mischievous humour and blunt style will no doubt make for a smooth entry into the police service.&quot;</p>
<p>The Star newspaper said on Monday in an editorial headed &quot;Let the battle now begin&quot; that Kahn faced an uphill struggle.</p>
<p>&quot;Violent crime has torn this country apart. Let us hope there is now light at the end of the tunnel.&quot;</p>
</text>
<copyright>(c) Reuters Limited 1997</copyright>
<metadata>
<codes class="bip:countries:1.0">
  <code code="SAFR">
    <editdetail attribution="Reuters BIP Coding Group" action="confirmed" date="1997-05-26"/>
  </code>
</codes>
<codes class="bip:industries:1.0">
  <code code="I42700">
    <editdetail attribution="Reuters BIP Coding Group" action="confirmed" date="1997-05-26"/>
  </code>
</codes>
<codes class="bip:topics:1.0">
  <code code="GCAT">
    <editdetail attribution="Reuters BIP Coding Group" action="confirmed" date="1997-05-26"/>
  </code>
  <code code="GCRIM">
    <editdetail attribution="Reuters BIP Coding Group" action="confirmed" date="1997-05-26"/>
  </code>
  <code code="GPOL">
    <editdetail attribution="Reuters BIP Coding Group" action="confirmed" date="1997-05-26"/>
  </code>
</codes>
<dc element="dc.date.created" value="1997-05-26"/>
<dc element="dc.publisher" value="Reuters Holdings Plc"/>
<dc element="dc.date.published" value="1997-05-26"/>
<dc element="dc.source" value="Reuters"/>
<dc element="dc.creator.location" value="JOHANNESBURG"/>
<dc element="dc.creator.location.country.name" value="SOUTH AFRICA"/>
<dc element="dc.source" value="Reuters"/>
</metadata>
</newsitem>
