<?xml version="1.0" encoding="iso-8859-1" ?>
<newsitem itemid="613465" id="root" date="1997-05-26" xml:lang="en">
<title>SOUTH AFRICA: IBCA reaffirms Syfrets domestic ratings.</title>
<headline>IBCA reaffirms Syfrets domestic ratings.</headline>
<dateline>JOHANNESBURG 1997-05-26</dateline>
<text>
<p>Credit rating agency IBCA said on Monday it had reaffirmed the domestic ratings of both Syfrets Bank Ltd and its holding company Syfrets Ltd at A2 short-term and A- long-term.</p>
<p>Syfrets had perfomed well in a difficult year in which interest margins and asset quality were under pressure, underlining the group's stable revenues with a sizeable proportion coming from asset management, IBCA said.</p>
<p>Syfrets is a unit of Nedcor Ltd.</p>
<p>-- Johannesburg newsroom +27 11 482 1003</p>
</text>
<copyright>(c) Reuters Limited 1997</copyright>
<metadata>
<codes class="bip:countries:1.0">
  <code code="SAFR">
    <editdetail attribution="Reuters BIP Coding Group" action="confirmed" date="1997-05-26"/>
  </code>
</codes>
<codes class="bip:industries:1.0">
  <code code="I81402">
    <editdetail attribution="Reuters BIP Coding Group" action="confirmed" date="1997-05-26"/>
  </code>
  <code code="I81502">
    <editdetail attribution="Reuters BIP Coding Group" action="confirmed" date="1997-05-26"/>
  </code>
  <code code="I8150206">
    <editdetail attribution="Reuters BIP Coding Group" action="confirmed" date="1997-05-26"/>
  </code>
</codes>
<codes class="bip:topics:1.0">
  <code code="C17">
    <editdetail attribution="Reuters BIP Coding Group" action="confirmed" date="1997-05-26"/>
  </code>
  <code code="C174">
    <editdetail attribution="Reuters BIP Coding Group" action="confirmed" date="1997-05-26"/>
  </code>
  <code code="CCAT">
    <editdetail attribution="Reuters BIP Coding Group" action="confirmed" date="1997-05-26"/>
  </code>
</codes>
<dc element="dc.date.created" value="1997-05-26"/>
<dc element="dc.publisher" value="Reuters Holdings Plc"/>
<dc element="dc.date.published" value="1997-05-26"/>
<dc element="dc.source" value="Reuters"/>
<dc element="dc.creator.location" value="JOHANNESBURG"/>
<dc element="dc.creator.location.country.name" value="SOUTH AFRICA"/>
<dc element="dc.source" value="Reuters"/>
</metadata>
</newsitem>
