<?xml version="1.0" encoding="iso-8859-1" ?>
<newsitem itemid="613589" id="root" date="1997-05-26" xml:lang="en">
<title>LATVIA: Latvian shares extend gains, more seen.</title>
<headline>Latvian shares extend gains, more seen.</headline>
<dateline>RIGA 1997-05-26</dateline>
<text>
<p>Latvian stocks extended their recent modest gains on Monday with the upward trend expected to persist, dealers said.</p>
<p>Total turnover came to 111,000 lats against 93,000 lats and the Rietumu index rose 1.76 percent to 190.59.</p>
<p>&quot;The bourse seems to be steady in its slow upward trend and no big changes are expected in the short-term,&quot; Robert Idelsons, Trasta securities department head, told Reuters.</p>
<p>Unibanka was the biggest gainer, adding 10 santimes to 3.40 lats on turnover of 48,400 lats.</p>
<p>Other blue chips also extended their recent gains and Valmiera Glassfibre led the secondary list in trade of 19,400 lats. It rose to 1.58 lats from 1.55 lats.</p>
<p>&quot;Kaija, the Riga Transport Fleet, Valmiera, and Manhgali Shipyard keep gaining as investors seem to be taking a more long-term approach,&quot; Idelsons said.</p>
<p>Elsewhere on the official list, the Riga Shipyard was up one santime to 1.38 lats in 10,100 lats of trade and the Riga Transport Fleet had volume of 7,800 lats as it edged up one santime to 1.31 lats.</p>
<p>Other secondary list stocks were sluggish and some 14 of them were not quoted on Monday.</p>
<p>-- Martinsh Gravitis, Riga Newsroom, +371 721 5240</p>
</text>
<copyright>(c) Reuters Limited 1997</copyright>
<metadata>
<codes class="bip:countries:1.0">
  <code code="LATV">
    <editdetail attribution="Reuters BIP Coding Group" action="confirmed" date="1997-05-26"/>
  </code>
</codes>
<codes class="bip:topics:1.0">
  <code code="M11">
    <editdetail attribution="Reuters BIP Coding Group" action="confirmed" date="1997-05-26"/>
  </code>
  <code code="MCAT">
    <editdetail attribution="Reuters BIP Coding Group" action="confirmed" date="1997-05-26"/>
  </code>
</codes>
<dc element="dc.date.created" value="1997-05-26"/>
<dc element="dc.publisher" value="Reuters Holdings Plc"/>
<dc element="dc.date.published" value="1997-05-26"/>
<dc element="dc.source" value="Reuters"/>
<dc element="dc.creator.location" value="RIGA"/>
<dc element="dc.creator.location.country.name" value="LATVIA"/>
<dc element="dc.source" value="Reuters"/>
</metadata>
</newsitem>
