<?xml version="1.0" encoding="iso-8859-1" ?>
<newsitem itemid="613593" id="root" date="1997-05-26" xml:lang="en">
<title>RUSSIA: Rouble o/n rates firm, trade calm on US holiday.</title>
<headline>Rouble o/n rates firm, trade calm on US holiday.</headline>
<dateline>MOSCOW</dateline>
<text>
<p>The rouble was little changed on Monday due to a U.S. holiday but dealers said rouble overnight credit rates firmed as banks sought funds to maintain liquidity in thinner trading.</p>
<p> roubles/dollar	May 26 midday  May 26 early   May 23 close</p>
<p> today settlement	   -		  -	   5,753-55</p>
<p> tomorrow settlement 5,755-56	 5,754-55	 5,753-55</p>
<p> overnight credit (%)   15-20	     5-10	     5-10</p>
<p>			   May 26				May 23</p>
<p> central bank	  5,754/93			    5,751/93</p>
<p> MICEX		   5,756				 5,754</p>
<p>&quot;Banks have to maintain liquidity on the credit market as the rouble/dollar is relatively illiquid because of the U.S. holiday,&quot; a Rossiisky Kredit Bank dealer said.</p>
<p>Another dealer said rouble credit rates were higher on demand from a major bank which is a major T-bill market-maker.</p>
<p>&quot;A market-maker came and was buying overnight roubles quite high and in big volumes,&quot; he said.</p>
<p>--Anna Smirnova, Moscow newsroom (095) 941 8520</p>
</text>
<copyright>(c) Reuters Limited 1997</copyright>
<metadata>
<codes class="bip:countries:1.0">
  <code code="RUSS">
    <editdetail attribution="Reuters BIP Coding Group" action="confirmed" date="1997-05-26"/>
  </code>
</codes>
<codes class="bip:topics:1.0">
  <code code="M13">
    <editdetail attribution="Reuters BIP Coding Group" action="confirmed" date="1997-05-26"/>
  </code>
  <code code="M131">
    <editdetail attribution="Reuters BIP Coding Group" action="confirmed" date="1997-05-26"/>
  </code>
  <code code="MCAT">
    <editdetail attribution="Reuters BIP Coding Group" action="confirmed" date="1997-05-26"/>
  </code>
</codes>
<dc element="dc.publisher" value="Reuters Holdings Plc"/>
<dc element="dc.date.published" value="1997-05-26"/>
<dc element="dc.source" value="Reuters"/>
<dc element="dc.creator.location" value="MOSCOW"/>
<dc element="dc.creator.location.country.name" value="RUSSIA"/>
<dc element="dc.source" value="Reuters"/>
</metadata>
</newsitem>
