<?xml version="1.0" encoding="iso-8859-1" ?>
<newsitem itemid="613560" id="root" date="1997-05-26" xml:lang="en">
<title>KAZAKHSTAN: UN refugee chiefs see no exodus from Afghanistan.</title>
<headline>UN refugee chiefs see no exodus from Afghanistan.</headline>
<byline>Dmitry Solovyov</byline>
<dateline>ALMATY 1997-05-26</dateline>
<text>
<p>The United Nations refugee agency on Monday played down fears that recent territorial gains by the Islamic Taleban militia in northern Afghanistan might trigger an exodus of refugees to former Soviet republics in Central Asia.</p>
<p>&quot;As far as I know...there is no fierce fighting in the north and so far there is no sign of a large movement of refugees from Afghanistan,&quot; Sadako Ogata, U.N. High Commissioner for Refugees, told a news conference in the Kazakh capital, Almaty.</p>
<p>Last weekend, the purist Islamic militia seized parts of northern Afghanistan from the opposition alliance, sending a wave of panic through ex-Soviet neighbours Tajikistan, Kazakhstan, Kyrgyzstan, Uzbekistan and Turkmenistan and causing concern in Moscow.</p>
<p>The Central Asian states have expressed concern over both a possible advent of militant, Taleban-style Islam and a huge influx of refugees from Afghanistan.</p>
<p>Last month Tajik President Imomali Rakhmonov said he feared that up to a million Afghan refugees could flood his impoverished and war-damaged country of 5.7 million in the event of fierce fighting across the frontier in Afghanistan.</p>
<p>Ogata, who on Sunday started a 10-day tour of the Central Asian states, said: &quot;I hope that his (Rakhmonov's) prediction will not come true.&quot;</p>
<p>&quot;There are still around 18,000 Tajik refugees in Afghanistan but whether the fighting will result in their movement, we will see,&quot; she added. Around 60,000 Tajiks fled to Afghanistan during the four-year civil war in Tajikistan, which ended last year.</p>
<p>Rupert Colville, regional public information officer for the refugee agency, said U.N. checkpoints in northern Afghanistan had so far witnessed no big movements of refugees.</p>
<p>&quot;Right now there seems to be, thank goodness, not too much fighting going on in northern Afghanistan, and if that continues there may not be much displacement,&quot; he said.</p>
<p>An agency statement said the number of refugees from Afghanistan after years of instability is nearly 2.68 million, with 1.20 million living in Pakistan and 1.40 million in Iran.</p>
<p>Colville said that around 300,000 Afghans had been displaced inside Afghanistan since last October, when the Taleban launched an offensive northward from the capital, Kabul.</p>
</text>
<copyright>(c) Reuters Limited 1997</copyright>
<metadata>
<codes class="bip:countries:1.0">
  <code code="AFGH">
    <editdetail attribution="Reuters BIP Coding Group" action="confirmed" date="1997-05-26"/>
  </code>
  <code code="KAZK">
    <editdetail attribution="Reuters BIP Coding Group" action="confirmed" date="1997-05-26"/>
  </code>
  <code code="UN">
    <editdetail attribution="Reuters BIP Coding Group" action="confirmed" date="1997-05-26"/>
  </code>
</codes>
<codes class="bip:topics:1.0">
  <code code="GCAT">
    <editdetail attribution="Reuters BIP Coding Group" action="confirmed" date="1997-05-26"/>
  </code>
  <code code="GDIP">
    <editdetail attribution="Reuters BIP Coding Group" action="confirmed" date="1997-05-26"/>
  </code>
  <code code="GVIO">
    <editdetail attribution="Reuters BIP Coding Group" action="confirmed" date="1997-05-26"/>
  </code>
</codes>
<dc element="dc.date.created" value="1997-05-26"/>
<dc element="dc.publisher" value="Reuters Holdings Plc"/>
<dc element="dc.date.published" value="1997-05-26"/>
<dc element="dc.source" value="Reuters"/>
<dc element="dc.creator.location" value="ALMATY"/>
<dc element="dc.creator.location.country.name" value="KAZAKHSTAN"/>
<dc element="dc.source" value="Reuters"/>
</metadata>
</newsitem>
