<?xml version="1.0" encoding="iso-8859-1" ?>
<newsitem itemid="613545" id="root" date="1997-05-26" xml:lang="en">
<title>CZECH REPUBLIC: DIRECT EQUITY TRADES ON THE CZECH PSE - MAY 26.</title>
<headline>DIRECT EQUITY TRADES ON THE CZECH PSE - MAY 26.</headline>
<dateline>PRAGUE 1997-05-26</dateline>
<text>
<p>The following is a list of direct equity trades made on the Prague Stock Exchange:</p>
<p> ISSUE		    Min. Price  Max.Price  Volume   Turnover</p>
<p>				   CZK	  CZK   (shares)(CZK 000's)</p>
<p> 1.IF ZIVNOBANKA	   336.00    490.00     10600    3654.000</p>
<p> C. RADIOKOMUNIKACE     3731.25   3756.96	6000   22503.231</p>
<p> CESKA SPORITELNA	  259.38    270.00     88730   23882.177</p>
<p> CEZ			   853.92    934.00    183600  164375.960</p>
<p> CEZ 2			 720.00    725.00	4000    2887.500</p>
<p> CKD PRAHA HOLDING	 787.67    795.00     21625   17143.325</p>
<p> COKOLADOVNY		3831.00   3860.01	1415    5427.202</p>
<p> DAEWOO AVIA		 300.00    310.00     20000    6100.000</p>
<p> DEZA			 2048.70   2048.70	 760    1557.016</p>
<p> ELEKTRARNY OPATOV.     4089.15   4117.22	 179     735.298</p>
<p> FATRA			 334.74    334.74	1009     337.753</p>
<p> GALENA		     1353.20   1525.22     12219   16773.880</p>
<p> CHEMOPETROL GROUP	1226.34   1259.67     11145   13900.830</p>
<p> JIHOC. ENERGETIKA	2900.00   2900.00	5400   15660.000</p>
<p> JIHOMOR. PLYNAREN.     3500.00   3554.00	2000    7054.000</p>
<p> KAUCUK GROUP	     1240.00   1310.00	4000    5070.000</p>
<p> KIF MOST		    150.00    150.00	1650     247.500</p>
<p> KOMERCNI BANKA	   1507.00   2065.00    244240  413242.866</p>
<p> MORAVSKOSL.VAGONKA	106.32    106.32     15000    1594.800</p>
<p> NOVA HUT		    410.00    415.00     17640    7276.500</p>
<p> PF IKS KB PLUS	    152.00    153.00     29000    4428.000</p>
<p> PRVNI SEVZAP.TEPL.     1393.00   1393.00     10000   13930.000</p>
<p> RAKOV.KER. ZAVODY	1472.88   1472.88	2920    4300.810</p>
<p> RIF			   682.50    860.00     42400   32383.785</p>
<p> SKLARNY KAVALIER	 1371.00   1371.00     39534   54201.114</p>
<p> SPIF VSEOBECNY	     77.00     77.77     23783    1844.714</p>
<p> SPT TELECOM		2770.00   3128.40    132200  381714.624</p>
<p> SSZ			   930.00    972.00	6000    5692.132</p>
<p> SKODA PLZEN		 925.87    925.87	1000     925.870</p>
<p> TABAK			7846.80   7846.80	 265    2079.402</p>
<p> VERTEX		     1828.20   1828.20    140140  256203.948</p>
<p>-- Prague Newsroom, 420-2-2423-0003</p>
</text>
<copyright>(c) Reuters Limited 1997</copyright>
<metadata>
<codes class="bip:countries:1.0">
  <code code="CZREP">
    <editdetail attribution="Reuters BIP Coding Group" action="confirmed" date="1997-05-26"/>
  </code>
</codes>
<codes class="bip:topics:1.0">
  <code code="M11">
    <editdetail attribution="Reuters BIP Coding Group" action="confirmed" date="1997-05-26"/>
  </code>
  <code code="MCAT">
    <editdetail attribution="Reuters BIP Coding Group" action="confirmed" date="1997-05-26"/>
  </code>
</codes>
<dc element="dc.date.created" value="1997-05-26"/>
<dc element="dc.publisher" value="Reuters Holdings Plc"/>
<dc element="dc.date.published" value="1997-05-26"/>
<dc element="dc.source" value="Reuters"/>
<dc element="dc.creator.location" value="PRAGUE"/>
<dc element="dc.creator.location.country.name" value="CZECH REPUBLIC"/>
<dc element="dc.source" value="Reuters"/>
</metadata>
</newsitem>
