<?xml version="1.0" encoding="iso-8859-1" ?>
<newsitem itemid="613527" id="root" date="1997-05-26" xml:lang="en">
<title>GEORGIA: IMF mission happy with Georgia reforms.</title>
<headline>IMF mission happy with Georgia reforms.</headline>
<dateline>TBILISI 1997-05-26</dateline>
<text>
<p>An International Monetary Fund (IMF) official on Monday praised the economic policy of the Georgian government.</p>
<p>&quot;The overall assessment of the present economic situation is positive,&quot; Mohammad-Shadman Valavi told Reuters by telephone.</p>
<p>Valavi, winding up a routine IMF mission to Georgia, said that country's main macroeconomic indicators meet the demands of the organisation.</p>
<p>He singled out the stability of the national currency , the lari, balancing at around 1.3 to dollar, and low monthly inflation which is holding at about 1.2 percent.</p>
<p>At the same time Valavi said the IMF still wanted Georgia to improve tax collection.</p>
<p>&quot;In spite of the increase in the tax revenues to eight percent of GDP (Gross Domestic Product) in 1996 (from two percent in 1994), this level remains very low,&quot; he said.</p>
<p>Valavi also said the pace of privatisation in Georgia was too slow. &quot;The improvement of the investment climate depends on the pace of the privatisation,&quot; he added.</p>
<p>He said he thought the continued stability of the economy would aid in ensuring that foreign investment in the economy would continue.</p>
<p>Valavi said the next IMF visit was planed for the end of July.</p>
<p>&quot;The second part of the $80 million ESAF credit will be allocated to the republic in September or October of this year after the visit in July,&quot; he said. $40 million has already been released to the government this year.</p>
<p>The 1997 ESAF loan package is part of a three-year $246 package, $80 million of which was disbursed in 1996.</p>
<p>--Tbilisi bureau +995-32 999-370</p>
</text>
<copyright>(c) Reuters Limited 1997</copyright>
<metadata>
<codes class="bip:countries:1.0">
  <code code="GRGIA">
    <editdetail attribution="Reuters BIP Coding Group" action="confirmed" date="1997-05-26"/>
  </code>
</codes>
<codes class="bip:topics:1.0">
  <code code="E12">
    <editdetail attribution="Reuters BIP Coding Group" action="confirmed" date="1997-05-26"/>
  </code>
  <code code="E21">
    <editdetail attribution="Reuters BIP Coding Group" action="confirmed" date="1997-05-26"/>
  </code>
  <code code="E212">
    <editdetail attribution="Reuters BIP Coding Group" action="confirmed" date="1997-05-26"/>
  </code>
  <code code="ECAT">
    <editdetail attribution="Reuters BIP Coding Group" action="confirmed" date="1997-05-26"/>
  </code>
</codes>
<dc element="dc.date.created" value="1997-05-26"/>
<dc element="dc.publisher" value="Reuters Holdings Plc"/>
<dc element="dc.date.published" value="1997-05-26"/>
<dc element="dc.source" value="Reuters"/>
<dc element="dc.creator.location" value="TBILISI"/>
<dc element="dc.creator.location.country.name" value="GEORGIA"/>
<dc element="dc.source" value="Reuters"/>
</metadata>
</newsitem>
