<?xml version="1.0" encoding="iso-8859-1" ?>
<newsitem itemid="613552" id="root" date="1997-05-26" xml:lang="en">
<title>HUNGARY: Budapest grains go limit-down, fall seen slowing.</title>
<headline>Budapest grains go limit-down, fall seen slowing.</headline>
<dateline>BUDAPEST 1997-05-26</dateline>
<text>
<p>Good international crop forecasts and favourable weather pushed most grains futures prices of the Budapest Commodity Exchange (BCE) limit-down and the falling trend was seen continuing, traders said on Monday.</p>
<p>&quot;Prices will probably fall further, although at a slowing pace,&quot; said Istvan Markus of Swap brokerage.</p>
<p>He added said that with the Chicago market closed on Monday, Tuesday's Hungarian market will receive less outside information for guidance.</p>
<p>On Monday, milling wheat futures went down the daily allowed 400 forints per tonne for all but July, to end at 23,300 forints for August, 24,500 for December and 26,500 for May.</p>
<p>However, maize prices did not reflect current, ideal weather conditions. July rose went limit-up to end at 20,400 forints, October remained flat at 19,710 forints and prices dropped for further maturities between 50 forints for November and 400 for each of May and July 1998.</p>
<p>&quot;July (1997) prices rose mainly because one player bought everything on offer,&quot; Markus said.</p>
<p>Barley and feed wheat prices went limit-down, mirroring milling wheat price changes but turnover remained low for all but July maize and October milling wheat, which, between them, accounted for one quarter of the day's turnover in volume terms.</p>
<p>The BCE's grains futures turnover edged up to 380.2 million forints or 844 from 342 million forints or 673 lots on Friday.</p>
<p>($1=180.83 Hungarian forints -- Lot size 20,000 kgs)</p>
<p>-- Denes Albert, Budapest newsroom +36 1 327 4040</p>
</text>
<copyright>(c) Reuters Limited 1997</copyright>
<metadata>
<codes class="bip:countries:1.0">
  <code code="HUNG">
    <editdetail attribution="Reuters BIP Coding Group" action="confirmed" date="1997-05-26"/>
  </code>
</codes>
<codes class="bip:topics:1.0">
  <code code="M14">
    <editdetail attribution="Reuters BIP Coding Group" action="confirmed" date="1997-05-26"/>
  </code>
  <code code="M141">
    <editdetail attribution="Reuters BIP Coding Group" action="confirmed" date="1997-05-26"/>
  </code>
  <code code="MCAT">
    <editdetail attribution="Reuters BIP Coding Group" action="confirmed" date="1997-05-26"/>
  </code>
</codes>
<dc element="dc.date.created" value="1997-05-26"/>
<dc element="dc.publisher" value="Reuters Holdings Plc"/>
<dc element="dc.date.published" value="1997-05-26"/>
<dc element="dc.source" value="Reuters"/>
<dc element="dc.creator.location" value="BUDAPEST"/>
<dc element="dc.creator.location.country.name" value="HUNGARY"/>
<dc element="dc.source" value="Reuters"/>
</metadata>
</newsitem>
