<?xml version="1.0" encoding="iso-8859-1" ?>
<newsitem itemid="613509" id="root" date="1997-05-26" xml:lang="en">
<title>RUSSIA: Inkombank U.S. ADR roadshow June 4-6.</title>
<headline>Inkombank U.S. ADR roadshow June 4-6.</headline>
<dateline>MOSCOW 1997-05-26</dateline>
<text>
<p>Inkombank, one of Russia's ten largest commercial banks, said it will have an investor roadshow for its level-one American Depositary Receipts in New York and Boston on June 4-6.</p>
<p>Inkombank ADRs are already trading in Germany and the U.S.</p>
<p>Brokerage C.A. Atlantic Securities Inc clinched the first two deals for 5,500 Inkombank ADRs at $12.25 per ADR in January this year. So far about 400,000 Inkombank ADRs, each of which covers 15 underlying shares, have been sold.</p>
<p>Inkombank was the first Russian bank to issue the receipts, which allow foreign trade in the shares. Under its ADR programme, Inkombank can issue up to three percent of charter capital, or nine million ordinary shares, to foreign investors.</p>
<p>No more than 600,000 Inkombank ADRs will be issued on the U.S. over-the-counter market.</p>
<p>The Bank of New York is acting as the depositary bank, ING-Bank Euroasia (Moscow) is the custodian for the deposited share, while Inkombank is acting as its own broker.</p>
<p>Inkombank plans to issue level-two and level-three ADRs in 1997 and 1998 but has not given details about the issue volume.</p>
<p>Russian bank Vozrozhdeniye sold three percent of its charter capital through ADRs in March to CS First Boston.</p>
<p>--Alexei Pankratov, Moscow Newsroom, +7095 941 8520</p>
</text>
<copyright>(c) Reuters Limited 1997</copyright>
<metadata>
<codes class="bip:countries:1.0">
  <code code="RUSS">
    <editdetail attribution="Reuters BIP Coding Group" action="confirmed" date="1997-05-26"/>
  </code>
  <code code="USA">
    <editdetail attribution="Reuters BIP Coding Group" action="confirmed" date="1997-05-26"/>
  </code>
</codes>
<codes class="bip:industries:1.0">
  <code code="I81402">
    <editdetail attribution="Reuters BIP Coding Group" action="confirmed" date="1997-05-26"/>
  </code>
</codes>
<codes class="bip:topics:1.0">
  <code code="C17">
    <editdetail attribution="Reuters BIP Coding Group" action="confirmed" date="1997-05-26"/>
  </code>
  <code code="C171">
    <editdetail attribution="Reuters BIP Coding Group" action="confirmed" date="1997-05-26"/>
  </code>
  <code code="CCAT">
    <editdetail attribution="Reuters BIP Coding Group" action="confirmed" date="1997-05-26"/>
  </code>
</codes>
<dc element="dc.date.created" value="1997-05-26"/>
<dc element="dc.publisher" value="Reuters Holdings Plc"/>
<dc element="dc.date.published" value="1997-05-26"/>
<dc element="dc.source" value="Reuters"/>
<dc element="dc.creator.location" value="MOSCOW"/>
<dc element="dc.creator.location.country.name" value="RUSSIA"/>
<dc element="dc.source" value="Reuters"/>
</metadata>
</newsitem>
