<?xml version="1.0" encoding="iso-8859-1" ?>
<newsitem itemid="613512" id="root" date="1997-05-26" xml:lang="en">
<title>ESTONIA: Baltic presidents urge NATO promise on new members.</title>
<headline>Baltic presidents urge NATO promise on new members.</headline>
<dateline>TALLINN 1997-05-26</dateline>
<text>
<p>The presidents of the three Baltic states, likely to be shut out of an early round of NATO expansion, on Monday asked the alliance for a commitment that other new members be accepted later.</p>
<p>They issued a declaration reaffirming their desire to join NATO as the alliance's leaders prepared to head for Paris for the signing on May 27 of a historic accord setting out relations with Russia.</p>
<p>On the same day, the Baltic presidents are also due to hold a regional summit with Polish President Aleksander Kwasniewski and Ukrainian President Leonid Kuchma.</p>
<p>Lithuanian President Algirdas Brazauskas, Latvia's Guntis Ulmanis and Estonian President Lennart Meri appealed to NATO members to show &quot;continuity&quot; in NATO enlargement.</p>
<p>In their declaration, they asked the alliance: &quot;To make a commitment to invite subsequent members to join NATO either before or when new states are admitted and to provide for a regular review of the enlargement process.&quot;</p>
<p>The Balts, independent for six years from the former Soviet Union, are anxious for NATO entry as they seek to break a cycle of history where they have come under the domination of more powerful neighbours, particularly Russia.</p>
<p>The leaders, meeting in the southern Estonian town of Otepaa, some 220 km (136 miles) from the capital Tallinn, also asked for support for their countries to join NATO and an institutional accession process.</p>
<p>The Balts are among those likely to be disappointed when NATO invites new members at a July summit in Madrid with favourites regarded as the Czech Republic, Hungary and Poland.</p>
<p>Moscow continues to object strongly to the inclusion of the Balts or any other former Soviet republic. The U.S. has also said that the Baltic armies are too weak to defend other NATO states, a key part of the alliance's treaty.</p>
</text>
<copyright>(c) Reuters Limited 1997</copyright>
<metadata>
<codes class="bip:countries:1.0">
  <code code="BALTST">
    <editdetail attribution="Reuters BIP Coding Group" action="confirmed" date="1997-05-26"/>
  </code>
  <code code="ESTNIA">
    <editdetail attribution="Reuters BIP Coding Group" action="confirmed" date="1997-05-26"/>
  </code>
  <code code="LATV">
    <editdetail attribution="Reuters BIP Coding Group" action="confirmed" date="1997-05-26"/>
  </code>
  <code code="LITH">
    <editdetail attribution="Reuters BIP Coding Group" action="confirmed" date="1997-05-26"/>
  </code>
  <code code="NATO">
    <editdetail attribution="Reuters BIP Coding Group" action="confirmed" date="1997-05-26"/>
  </code>
  <code code="RUSS">
    <editdetail attribution="Reuters BIP Coding Group" action="confirmed" date="1997-05-26"/>
  </code>
</codes>
<codes class="bip:topics:1.0">
  <code code="GCAT">
    <editdetail attribution="Reuters BIP Coding Group" action="confirmed" date="1997-05-26"/>
  </code>
  <code code="GDEF">
    <editdetail attribution="Reuters BIP Coding Group" action="confirmed" date="1997-05-26"/>
  </code>
  <code code="GDIP">
    <editdetail attribution="Reuters BIP Coding Group" action="confirmed" date="1997-05-26"/>
  </code>
</codes>
<dc element="dc.date.created" value="1997-05-26"/>
<dc element="dc.publisher" value="Reuters Holdings Plc"/>
<dc element="dc.date.published" value="1997-05-26"/>
<dc element="dc.source" value="Reuters"/>
<dc element="dc.creator.location" value="TALLINN"/>
<dc element="dc.creator.location.country.name" value="ESTONIA"/>
<dc element="dc.source" value="Reuters"/>
</metadata>
</newsitem>
