<?xml version="1.0" encoding="iso-8859-1" ?>
<newsitem itemid="613528" id="root" date="1997-05-26" xml:lang="en">
<title>ROMANIA: Romanian airline Tarom says to renew fleet.</title>
<headline>Romanian airline Tarom says to renew fleet.</headline>
<dateline>BUCHAREST 1997-05-26</dateline>
<text>
<p>Romania's state airline Tarom SA denied on Monday reports in the local press saying the company had given up plans to renew its ageing fleet.</p>
<p>&quot;Everything is on the right track as far as Tarom is concerned. We will go ahead with the plans to buy new aircraft,&quot; Tarom spokeswoman Rodica Balaci told Reuters.</p>
<p>On Monday, the daily newspaper Romania Libera quoted Tarom sources as saying the airline had suspended a plan to buy eight new Boeing 737s -- part of a project to upgrade Tarom's fleet -- following the Finance Ministry's alleged failure to issue a letter of credit needed to buy the new aircraft.</p>
<p>&quot;There was indeed a May 20 deadline for that letter, which was not observed by the Finance Ministry. But this is not Tarom's problem,&quot; Balaci said.</p>
<p>Finance Ministry officials were unavailable for comment.</p>
<p>Tarom's international network, which includes most cities in western Europe plus U.S. flights, operates with a fleet of Soviet-made Tupolevs and Antonovs and Romanian-made British Aerospace Plc BAC 1-11s. It also has a number of newer Airbus and Boeing aircraft.</p>
<p>Under its latest restructuring programme, headed by aircraft purchases, Tarom is in the market for a replacement for its two Airbus 310s, possibly with McDonnell Douglas MD-11s Combi. It also plans to buy eight Boeing Next Generation 737s and seven ATR-42s, to replace its Soviet-made Antonov 24s.</p>
<p>In 1995, Tarom suffered a heavy blow when one of its Airbus 310's crashed after takeoff, killing all 59 on board.</p>
<p>The airline faces competition on domestic flights and on some regional flights from private companies as the Romanian-American joint venture JARO or the DAC Air airline.</p>
<p>-- Adrian Dascalu, Bucharest newsroom 40-1 3120264</p>
</text>
<copyright>(c) Reuters Limited 1997</copyright>
<metadata>
<codes class="bip:countries:1.0">
  <code code="ROM">
    <editdetail attribution="Reuters BIP Coding Group" action="confirmed" date="1997-05-26"/>
  </code>
</codes>
<codes class="bip:industries:1.0">
  <code code="I36400">
    <editdetail attribution="Reuters BIP Coding Group" action="confirmed" date="1997-05-26"/>
  </code>
  <code code="I3640010">
    <editdetail attribution="Reuters BIP Coding Group" action="confirmed" date="1997-05-26"/>
  </code>
  <code code="I75000">
    <editdetail attribution="Reuters BIP Coding Group" action="confirmed" date="1997-05-26"/>
  </code>
</codes>
<codes class="bip:topics:1.0">
  <code code="C24">
    <editdetail attribution="Reuters BIP Coding Group" action="confirmed" date="1997-05-26"/>
  </code>
  <code code="C33">
    <editdetail attribution="Reuters BIP Coding Group" action="confirmed" date="1997-05-26"/>
  </code>
  <code code="CCAT">
    <editdetail attribution="Reuters BIP Coding Group" action="confirmed" date="1997-05-26"/>
  </code>
</codes>
<dc element="dc.date.created" value="1997-05-26"/>
<dc element="dc.publisher" value="Reuters Holdings Plc"/>
<dc element="dc.date.published" value="1997-05-26"/>
<dc element="dc.source" value="Reuters"/>
<dc element="dc.creator.location" value="BUCHAREST"/>
<dc element="dc.creator.location.country.name" value="ROMANIA"/>
<dc element="dc.source" value="Reuters"/>
</metadata>
</newsitem>
