<?xml version="1.0" encoding="iso-8859-1" ?>
<newsitem itemid="613554" id="root" date="1997-05-26" xml:lang="en">
<title>BULGARIA: Bulgaria lev closes flat amid higher dollar supply.</title>
<headline>Bulgaria lev closes flat amid higher dollar supply.</headline>
<dateline>SOFIA 1997-05-26</dateline>
<text>
<p>The Bulgarian lev closed at about 1,568-1,573 per dollar, flat on the morning's 1,567-1,573 after a calm and rangebound interbank trade as demand for levs for wage and tax payments was high, dealers said.</p>
<p>&quot;The lev was supported by foreign currency sales from banks and clients, which have to meet wage and tax payments due by the end of the month,&quot; a bank dealer said.</p>
<p>A cut in the central bank main interest rate by 8.4 points to 43.08 percent annually, which became effective on Monday, failed to pressure the lev.</p>
<p>The lev closed at around 1,575-1,578 per dollar on Friday.  </p>
<p>Dollar demand for pending payments by some final clients rose in the afternoon but foreign currency supply was high enough to counter a lev drop.</p>
<p>The mark closed at 928/932 levs.</p>
<p>The French franc changed hands at 274/276 levs, tracking the dollar/franc on international markets as local banks were trading francs in the usual light volume.  </p>
<p>The French franc's share in the local forex market turnover is below one percent. -- Sofia Newsroom, (++359-2) 911 88</p>
</text>
<copyright>(c) Reuters Limited 1997</copyright>
<metadata>
<codes class="bip:countries:1.0">
  <code code="BUL">
    <editdetail attribution="Reuters BIP Coding Group" action="confirmed" date="1997-05-26"/>
  </code>
</codes>
<codes class="bip:topics:1.0">
  <code code="M13">
    <editdetail attribution="Reuters BIP Coding Group" action="confirmed" date="1997-05-26"/>
  </code>
  <code code="M132">
    <editdetail attribution="Reuters BIP Coding Group" action="confirmed" date="1997-05-26"/>
  </code>
  <code code="MCAT">
    <editdetail attribution="Reuters BIP Coding Group" action="confirmed" date="1997-05-26"/>
  </code>
</codes>
<dc element="dc.date.created" value="1997-05-26"/>
<dc element="dc.publisher" value="Reuters Holdings Plc"/>
<dc element="dc.date.published" value="1997-05-26"/>
<dc element="dc.source" value="Reuters"/>
<dc element="dc.creator.location" value="SOFIA"/>
<dc element="dc.creator.location.country.name" value="BULGARIA"/>
<dc element="dc.source" value="Reuters"/>
</metadata>
</newsitem>
