<?xml version="1.0" encoding="iso-8859-1" ?>
<newsitem itemid="613500" id="root" date="1997-05-26" xml:lang="en">
<title>CZECH REPUBLIC: Czech cenbank raises discount rate as crown floats.</title>
<headline>Czech cenbank raises discount rate as crown floats.</headline>
<dateline>PRAGUE 1997-05-26</dateline>
<text>
<p>The Czech National Bank, which earlier said it would float the Czech crown beginning on Tuesday, raised its key discount lending rate on Monday to 13 percent from 10.5 percent.</p>
<p>In a statement, central bank spokesman Martin Svehla said that the bank would keep for the near future its last-resort Lombard rate at 50 percent. The CNB raised the Lombard rate to that level in an effort to cut off speculative short selling of the crown in the last 10 days.  </p>
<p>The statement said the central bank would further adjust its repo rates which regulate liquidity on the money market in line with market conditions, but it expected that rates would fall in the short term as the money market stabilised.</p>
<p>The average yield on the central bank's one-day repo operation on Monday was 72.37 percent, while a one-week repo yielded an average of 74.84 percent.</p>
<p>&quot;In a horizon of months&quot; the bank said it expected crown to stabilise in a range of between 17 to 19.5 to the mark. The crown was fixed on Monday at 18.078 to the mark and was trading at 18.066 after the central bank's announcements.  </p>
<p>&quot;The change of the exchange rate policy is strengthening the relationship of the crown and mark and it is creating room for movement of the exchange rate on levels which will contribute to a lowering of the external imbalances,&quot; the statement said.</p>
<p>The crown has come under pressure in the last 10 days amid investor concern at swelling current account and foreign trade deficits and a slowdown in economic growth.</p>
<p>&quot;The aim is to gradually create conditions for improvement in the development of the current account of the balance of payments, stabilising of the currency and in the long-term for more-balanced growth of the Czech economy,&quot; the statement said.</p>
<p>-- Jan Lopatka, Prague Newsroom, 420-2-2423-0003</p>
</text>
<copyright>(c) Reuters Limited 1997</copyright>
<metadata>
<codes class="bip:countries:1.0">
  <code code="CZREP">
    <editdetail attribution="Reuters BIP Coding Group" action="confirmed" date="1997-05-26"/>
  </code>
</codes>
<codes class="bip:topics:1.0">
  <code code="E12">
    <editdetail attribution="Reuters BIP Coding Group" action="confirmed" date="1997-05-26"/>
  </code>
  <code code="ECAT">
    <editdetail attribution="Reuters BIP Coding Group" action="confirmed" date="1997-05-26"/>
  </code>
  <code code="M13">
    <editdetail attribution="Reuters BIP Coding Group" action="confirmed" date="1997-05-26"/>
  </code>
  <code code="M132">
    <editdetail attribution="Reuters BIP Coding Group" action="confirmed" date="1997-05-26"/>
  </code>
  <code code="MCAT">
    <editdetail attribution="Reuters BIP Coding Group" action="confirmed" date="1997-05-26"/>
  </code>
</codes>
<dc element="dc.date.created" value="1997-05-26"/>
<dc element="dc.publisher" value="Reuters Holdings Plc"/>
<dc element="dc.date.published" value="1997-05-26"/>
<dc element="dc.source" value="Reuters"/>
<dc element="dc.creator.location" value="PRAGUE"/>
<dc element="dc.creator.location.country.name" value="CZECH REPUBLIC"/>
<dc element="dc.source" value="Reuters"/>
</metadata>
</newsitem>
