<?xml version="1.0" encoding="iso-8859-1" ?>
<newsitem itemid="613660" id="root" date="1997-05-26" xml:lang="en">
<title>RUSSIA: FEATURE - Upbeat investors brave power cuts in Russia Far East.</title>
<headline>FEATURE - Upbeat investors brave power cuts in Russia Far East.</headline>
<byline>Gareth Jones</byline>
<dateline>VLADIVOSTOK 1997-05-26</dateline>
<text>
<p>Andrew Fox is so robustly upbeat about business prospects in the far-flung corner of Russia that he has chosen to make his home.</p>
<p>&quot;Taking a long-term view you have to be optimistic about this region. Of course there are problems but investment is increasing. Vladivostok is becoming part of the Pacific Rim economy,&quot; said Fox, a youthful British-born stockbroker.</p>
<p>His Tiger Securities provides a good illustration of how Vladivostok's position on Russia's Far Eastern seaboard, seven time zones and 7,000 km (4,500 miles) away from Moscow, can be turned to commercial advantage.</p>
<p>Under a deal sealed earlier this year with Regent European Securities, part of the Hong Kong-based Regent Pacific Group, Fox's company now sells Russian blue chip stocks to Asian and other Pacific Rim investors in their own time zone.</p>
<p>&quot;Vladivostok could some day become Russia's second big financial centre,&quot; said Fox.</p>
<p>RESOURCE-RICH REGION BATTERED BY POWER CUTS, WAGE DELAYS</p>
<p>It is not difficult to see the Russian Far East's attractions for foreign investors. Only an hour's flight from Japan, it is rich in oil, gas, timber, gold, diamonds, metals and fish and has an extensive transport network.</p>
<p>It is home to Russia's three largest sea shipping firms and four of the country's nine biggest ports, accounting for 40 percent of national dry cargo turnover.</p>
<p>But a casual visitor roaming the pothole-ridden streets of this city of 700,000, which only opened to outsiders five years ago, might be forgiven for taking a more sceptical view.</p>
<p>A short distance from Fox's office, hundreds of protesters gather outside the imposing local government building to demand the resignation of regional governor Yevgeny Nazdratenko and to express their rage over chronic power cuts and wage arrears.</p>
<p>Like millions of people across the Russian Federation local miners and many other workers go months without pay due to a vicious circle of debt linking producers and customers, government and private sector.</p>
<p>Adding insult to injury, the citizens of Primorsky Krai region -- of which Vladivostok is the capital -- also endure frequent electricity blackouts because of heavy debts accumulated in the energy sector.</p>
<p>Some areas of Primorsky Krai are often without electricity and hot water for more than 20 hours a day.</p>
<p>REGION'S FUTURE HINGES ON EXPORTS, OUTSIDE CONTACTS</p>
<p>&quot;The energy crisis has a very adverse effect on business development here,&quot; said Viktor Tumanov, chief representative of ING Bank, the only Western bank with a branch in Vladivostok.</p>
<p>But he said many businesses, including the main hotels and restaurants, had solved the problem by installing their own generators. Central Vladivostok seems largely unmarked by the power cuts that have become such a way of life in the suburbs.</p>
<p>Tumanov echoed Fox's optimism about Vladivostok's prospects.</p>
<p>&quot;There are businesses here succeeding, finding markets for their products, especially in the food industry, in timber, mining and transport,&quot; he said.</p>
<p>&quot;Slowly the region is developing contacts abroad but it takes time. We are used to Moscow taking all the decisions.&quot;</p>
<p>Recent statistics showed that hard currency investments in Vladivostok were up 18 percent in 1996 from the previous year, with the biggest growth in transport and communications.</p>
<p>SOUTH KOREANS, JAPANESE, U.S. LOOK TO LONG TERM</p>
<p>Perhaps the most visible sign of outside confidence in Vladivostok's future is a vast new steel structure erected by South Korea's Hyundai Corp in the centre of town that will house a business centre. The investment is worth some $100 million.</p>
<p>Hyundai, looking to the long haul like many other South Korean investors here, is also considering developing a seaside resort area near Vladivostok.</p>
<p>Japan's big trading houses like Mitsubishi, Mitsui and Sumitomo are all represented in Vladivostok and are keen to tap the region's abundant natural resources but they take a generally more cautious investment stance than the South Koreans, due partly to a long-running territorial dispute.</p>
<p>Tokyo claims four tiny islands seized by Moscow at the end of World War Two. Despite Russia's refusal to return the islands, relations with Japan have recently been improving.</p>
<p>Japanese firms are particularly interested in the development of oil and gas reserves off Sakhalin Island to the northeast of Vladivostok, worth billions of dollars.</p>
<p>These projects will have a long-term, cumulative impact on Vladivostok's own economy, businessmen said.</p>
<p>The Russian Far East has been identified by the United States as a priority region for American investment, which currently totals about $200 million annually, mainly in the food import and telecommunications sectors.</p>
<p>BUSINESS KEEPS WARY EYE ON LOCAL POLITICAL BATTLES</p>
<p>Both foreign and Russian investors still face formidable obstacles. As elsewhere in Russia, they cite cumbersome bureaucracy, high and contradictory taxes arbitrarily enforced and -- especially damaging for a region so far from European markets -- crippling railway tariffs.</p>
<p>Vladivostok is hampered by a heavy preponderence of Soviet-era military plants, reflecting its status as home to the once mighty but now cash-strapped Pacific Fleet.</p>
<p>Politics, in the guise of a long-running dispute between the regional and city authorities, has also given investors cause for concern and stymied efforts to resolve the power shortages.</p>
<p>Mayor Viktor Cherepkov has accused Governor Nazdratenko of helping engineer the energy crisis by opposing higher electricity tariffs. The governor says these will hurt industry.</p>
<p>The crisis has taken its toll on the popularity of Nazdratenko, who had been close to some of President Boris Yeltsin's former conservative advisers but is known to be on bad terms with reformers like Finance Minister Anatoly Chubais who now wield the power in the Kremlin.</p>
<p>The governor's spokeswoman Nataliya Vstovskaya said it was unfair to blame Nazdratenko for all Primorsky Krai's ills in a system where power remains concentrated in distant Moscow.</p>
<p>&quot;You can't separate our problems here from the broader crisis in Russia's economy,&quot; she told Reuters.</p>
<p>&quot;We don't want confrontation with the centre, we just want them to listen to us more,&quot; she added.</p>
</text>
<copyright>(c) Reuters Limited 1997</copyright>
<metadata>
<codes class="bip:countries:1.0">
  <code code="RUSS">
    <editdetail attribution="Reuters BIP Coding Group" action="confirmed" date="1997-05-26"/>
  </code>
</codes>
<codes class="bip:topics:1.0">
  <code code="E51">
    <editdetail attribution="Reuters BIP Coding Group" action="confirmed" date="1997-05-26"/>
  </code>
  <code code="ECAT">
    <editdetail attribution="Reuters BIP Coding Group" action="confirmed" date="1997-05-26"/>
  </code>
</codes>
<dc element="dc.date.created" value="1997-05-26"/>
<dc element="dc.publisher" value="Reuters Holdings Plc"/>
<dc element="dc.date.published" value="1997-05-26"/>
<dc element="dc.source" value="Reuters"/>
<dc element="dc.creator.location" value="VLADIVOSTOK"/>
<dc element="dc.creator.location.country.name" value="RUSSIA"/>
<dc element="dc.source" value="Reuters"/>
</metadata>
</newsitem>
