<?xml version="1.0" encoding="iso-8859-1" ?>
<newsitem itemid="613608" id="root" date="1997-05-26" xml:lang="en">
<title>SLOVAKIA: Slovak referendum officially declared void.</title>
<headline>Slovak referendum officially declared void.</headline>
<dateline>BRATISLAVA 1997-05-26</dateline>
<text>
<p>A weekend referendum in Slovakia, already written off as a failed test of democracy by the political opposition and Western diplomats, was officially declared void on Monday.</p>
<p>&quot;In its report on the results of the referendum voting the UKR notes that the referendum...was nullified,&quot; the Central Referendum Committee (UKR) said in its report handed to parliament, adding that the ballot had not been carried out according to law.  </p>
<p>The voting ordered by President Michal Kovac twinned a three-question referendum on whether Slovakia should join NATO with a question on direct presidential elections. But Interior Minister Gustav Krajci removed the election question from the ballots, claiming the Constitutional Court had declared it illegal.</p>
<p>The UKR, which by law supervised the carrying out of a referendum, had insisted that Krajci had acted illegally and that only ballots with all four questions were valid. It could therefore not evaluate the results.</p>
<p>&quot;The UKR states that the total number of eligible voters taking part in the vote was nil.</p>
<p>&quot;The UKR states that the total number of citizens who replied &quot;yes&quot; and the total number of eligible voters who replied &quot;no&quot; cannot be assessed because no (valid) ballot papers were delivered,&quot; the committee's report said.</p>
</text>
<copyright>(c) Reuters Limited 1997</copyright>
<metadata>
<codes class="bip:countries:1.0">
  <code code="SLVAK">
    <editdetail attribution="Reuters BIP Coding Group" action="confirmed" date="1997-05-26"/>
  </code>
</codes>
<codes class="bip:topics:1.0">
  <code code="GCAT">
    <editdetail attribution="Reuters BIP Coding Group" action="confirmed" date="1997-05-26"/>
  </code>
  <code code="GPOL">
    <editdetail attribution="Reuters BIP Coding Group" action="confirmed" date="1997-05-26"/>
  </code>
  <code code="GVOTE">
    <editdetail attribution="Reuters BIP Coding Group" action="confirmed" date="1997-05-26"/>
  </code>
</codes>
<dc element="dc.date.created" value="1997-05-26"/>
<dc element="dc.publisher" value="Reuters Holdings Plc"/>
<dc element="dc.date.published" value="1997-05-26"/>
<dc element="dc.source" value="Reuters"/>
<dc element="dc.creator.location" value="BRATISLAVA"/>
<dc element="dc.creator.location.country.name" value="SLOVAKIA"/>
<dc element="dc.source" value="Reuters"/>
</metadata>
</newsitem>
