<?xml version="1.0" encoding="iso-8859-1" ?>
<newsitem itemid="613636" id="root" date="1997-05-26" xml:lang="en">
<title>RUSSIA: Russian beet sowing ends, area slightly down yr/yr.</title>
<headline>Russian beet sowing ends, area slightly down yr/yr.</headline>
<dateline>MOSCOW 1997-05-26</dateline>
<text>
<p>Russia has nearly completed its beet sowing campaign and the area planted is slightly below last year's 1.1 million hectares, an official at the Rossakhsvyokla sugar beet producers' association said on Monday.</p>
<p>&quot;About one million hectares were sown and we even had areas which planted a bit more than usual,&quot; said Alexei Kazartsev.</p>
<p>A government beet output target of 22 million tonnes could be realistic if good weather and sufficient moisture levels prevailed, but it was too early to say whether this would happen, he said.</p>
<p>Academy of Agricultural Sciences agronomist Viktor Shevelukha said he saw the 1997 beet harvest flat on 1996's 16.1 million tonnes due to low fertiliser levels during planting.</p>
<p>Frosts earlier this month across most beet growing areas had, as usual, damaged some cultures, Kazartsev said, but surplus plantings, especially in the Black Earth region, could offset losses.</p>
<p>Russia -- Central and Eastern Europe's second biggest beet producer after Ukraine -- has seen steep declines in beet output from 1995's 19.1 million tonnes and from the annual average for the first half of this decade of 21.7 million tonnes.</p>
<p>Kazartsev said Russia would conduct about 12 beet tests for sugar content beginning July 1 and lasting through the harvest, which ends in the first or second week of October.</p>
<p>Tests would generally run on the first, 10th and 20th of each month, with results available two or three days later.</p>
<p>Up to 60 percent of demand by Russian sugar refineries for feedstock is met by imports of raws, mostly of Cuban origin.</p>
<p>--Moscow Newsroom, +7095 941 8520</p>
</text>
<copyright>(c) Reuters Limited 1997</copyright>
<metadata>
<codes class="bip:countries:1.0">
  <code code="RUSS">
    <editdetail attribution="Reuters BIP Coding Group" action="confirmed" date="1997-05-26"/>
  </code>
</codes>
<codes class="bip:industries:1.0">
  <code code="I01001">
    <editdetail attribution="Reuters BIP Coding Group" action="confirmed" date="1997-05-26"/>
  </code>
  <code code="I0100128">
    <editdetail attribution="Reuters BIP Coding Group" action="confirmed" date="1997-05-26"/>
  </code>
</codes>
<codes class="bip:topics:1.0">
  <code code="C24">
    <editdetail attribution="Reuters BIP Coding Group" action="confirmed" date="1997-05-26"/>
  </code>
  <code code="CCAT">
    <editdetail attribution="Reuters BIP Coding Group" action="confirmed" date="1997-05-26"/>
  </code>
  <code code="M14">
    <editdetail attribution="Reuters BIP Coding Group" action="confirmed" date="1997-05-26"/>
  </code>
  <code code="M141">
    <editdetail attribution="Reuters BIP Coding Group" action="confirmed" date="1997-05-26"/>
  </code>
  <code code="MCAT">
    <editdetail attribution="Reuters BIP Coding Group" action="confirmed" date="1997-05-26"/>
  </code>
</codes>
<dc element="dc.date.created" value="1997-05-26"/>
<dc element="dc.publisher" value="Reuters Holdings Plc"/>
<dc element="dc.date.published" value="1997-05-26"/>
<dc element="dc.source" value="Reuters"/>
<dc element="dc.creator.location" value="MOSCOW"/>
<dc element="dc.creator.location.country.name" value="RUSSIA"/>
<dc element="dc.source" value="Reuters"/>
</metadata>
</newsitem>
