<?xml version="1.0" encoding="iso-8859-1" ?>
<newsitem itemid="613644" id="root" date="1997-05-26" xml:lang="en">
<title>CZECH REPUBLIC: Czech Jan-April trade deficit CZK 53.65 bln.</title>
<headline>Czech Jan-April trade deficit CZK 53.65 bln.</headline>
<dateline>PRAGUE 1997-05-26</dateline>
<text>
<p>The Czech Republic posted a January-April trade deficit of 53.652 billion crowns, compared to a 39.644 billion crown deficit for the same period in 1996, the Czech Statistical Bureau (CSU) said on Monday.</p>
<p>The CSU figures showed that April's trade deficit was 15.334 billion crowns and that the March deficit was revised to 13.082 billion crowns from a previously reported 13.429 billion.  </p>
<p> CZECH FOREIGN TRADE  JAN-APRIL 97  JAN-MARCH 97   JAN-APRIL 96</p>
<p>  imports (CZK bln)     261.652    186.618 (188.199)  235.348</p>
<p>  exports		   208.000    148.299 (148.018)  195.704</p>
<p>  balance		   -53.652    -38.319 (-40.181)  -39.644</p>
<p>Note. All figures in billions of crowns on customs-cleared basis and subject to revision. Previously reported first quarter figures in brackets.  </p>
<p>  (FOR JAN-APRIL 97)	    imports     exports     balance</p>
<p>BY TERRITORY (in billions of crowns)</p>
<p>Countries with a</p>
<p>  developed market economy    183.622     135.532     -48.090</p>
<p>   of that: EU countries	159.923     124.502     -35.421</p>
<p>  Developing countries	   13.592	10.099	-3.493</p>
<p>European countries with transitional economy, and</p>
<p>  CIS countries		    60.356	61.541	 1.185</p>
<p>Other countries with transitional or state</p>
<p>  economies			   3.857	 0.674	-3.183</p>
<p>  Unspecified countries	   0.225	 0.154	-0.071</p>
<p>  Total			     261.652     208.000     -53.652</p>
<p>   of that: OECD countries    197.523     151.466     -46.057</p>
<p>BY PRODUCT GROUPS (in billions of crowns)</p>
<p>Agricultural products</p>
<p>  and foodstuffs		   19.481	10.617	-8.864</p>
<p>Raw materials, unprocessed goods</p>
<p>  and chemical products	 114.938	92.864     -22.074</p>
<p>Machinery and</p>
<p>  transport equipment	    98.565	76.235     -22.330</p>
<p>Industrial consumer</p>
<p>  products			   28.668	28.284	-0.384</p>
<p>  Total			     261.652     208.000     -53.652</p>
<p>  Total index 1997/96 (pct)   111.2	 106.3</p>
<p>Note. All figures in billions of crowns on customs-cleared basis and subject to revision.</p>
<p>-- Prague Newsroom, 420-2-2423-0003</p>
</text>
<copyright>(c) Reuters Limited 1997</copyright>
<metadata>
<codes class="bip:countries:1.0">
  <code code="CZREP">
    <editdetail attribution="Reuters BIP Coding Group" action="confirmed" date="1997-05-26"/>
  </code>
</codes>
<codes class="bip:topics:1.0">
  <code code="E51">
    <editdetail attribution="Reuters BIP Coding Group" action="confirmed" date="1997-05-26"/>
  </code>
  <code code="E512">
    <editdetail attribution="Reuters BIP Coding Group" action="confirmed" date="1997-05-26"/>
  </code>
  <code code="ECAT">
    <editdetail attribution="Reuters BIP Coding Group" action="confirmed" date="1997-05-26"/>
  </code>
</codes>
<dc element="dc.date.created" value="1997-05-26"/>
<dc element="dc.publisher" value="Reuters Holdings Plc"/>
<dc element="dc.date.published" value="1997-05-26"/>
<dc element="dc.source" value="Reuters"/>
<dc element="dc.creator.location" value="PRAGUE"/>
<dc element="dc.creator.location.country.name" value="CZECH REPUBLIC"/>
<dc element="dc.source" value="Reuters"/>
</metadata>
</newsitem>
