<?xml version="1.0" encoding="iso-8859-1" ?>
<newsitem itemid="613606" id="root" date="1997-05-26" xml:lang="en">
<title>BULGARIA: Sofia, Belgrade restore air links.</title>
<headline>Sofia, Belgrade restore air links.</headline>
<dateline>SOFIA 1997-05-26</dateline>
<text>
<p>Sofia and Belgrade on Monday restored flights between the two Balkan neighbours, interrupted by a 28-month ban on international flights to and from Yugoslavia that was lifted three years ago.</p>
<p>Balkan Airlines spokesman Viktor Melamed told Reuters a plane of Bulgaria's state-owned airline had flown to Belgrade earlier on Monday.</p>
<p>&quot;We will fly to Belgrade two times a week and Yugoslavia's airline JAT will fly here once a week,&quot; Melamed said.</p>
</text>
<copyright>(c) Reuters Limited 1997</copyright>
<metadata>
<codes class="bip:countries:1.0">
  <code code="BUL">
    <editdetail attribution="Reuters BIP Coding Group" action="confirmed" date="1997-05-26"/>
  </code>
  <code code="YUG">
    <editdetail attribution="Reuters BIP Coding Group" action="confirmed" date="1997-05-26"/>
  </code>
</codes>
<codes class="bip:industries:1.0">
  <code code="I75000">
    <editdetail attribution="Reuters BIP Coding Group" action="confirmed" date="1997-05-26"/>
  </code>
</codes>
<codes class="bip:topics:1.0">
  <code code="C21">
    <editdetail attribution="Reuters BIP Coding Group" action="confirmed" date="1997-05-26"/>
  </code>
  <code code="CCAT">
    <editdetail attribution="Reuters BIP Coding Group" action="confirmed" date="1997-05-26"/>
  </code>
  <code code="GCAT">
    <editdetail attribution="Reuters BIP Coding Group" action="confirmed" date="1997-05-26"/>
  </code>
  <code code="GDIP">
    <editdetail attribution="Reuters BIP Coding Group" action="confirmed" date="1997-05-26"/>
  </code>
</codes>
<dc element="dc.date.created" value="1997-05-26"/>
<dc element="dc.publisher" value="Reuters Holdings Plc"/>
<dc element="dc.date.published" value="1997-05-26"/>
<dc element="dc.source" value="Reuters"/>
<dc element="dc.creator.location" value="SOFIA"/>
<dc element="dc.creator.location.country.name" value="BULGARIA"/>
<dc element="dc.source" value="Reuters"/>
</metadata>
</newsitem>
