<?xml version="1.0" encoding="iso-8859-1" ?>
<newsitem itemid="593146" id="root" date="1997-05-18" xml:lang="en">
<title>UK: GOLF-LEADING EUROPEAN RYDER CUP POINTS STANDINGS.</title>
<headline>GOLF-LEADING EUROPEAN RYDER CUP POINTS STANDINGS.</headline>
<dateline>WARE, England 1997-05-18</dateline>
<text>
<p>Leading European Ryder Cup</p>
<p>points standings after Sunday's English Open (Britain unless</p>
<p>stated):</p>
<p>  1. Colin Montgomerie		   353,068 points</p>
<p>  2. Bernhard Langer (Germany)	 329,090</p>
<p>  3. Per-Ulrik Johansson (Sweden)    304,945</p>
<p>  4. Constantino Rocca (Italy)	 282,867</p>
<p>  5. Miguel Angel Martin (Spain)     279,848</p>
<p>  6. Thomas Bjorn (Denmark)	    264,426</p>
<p>  7. Ian Woosnam			   263,426</p>
<p>  8. Darren Clarke			 255,928</p>
<p>  9. Lee Westwood			  229,803</p>
<p> 10. Paul Broadhurst		     204,384</p>
<p> 11. Jose Maria Olazabal (Spain)     186,638</p>
<p> 12. Sam Torrance			  181,974</p>
<p> 13. Peter Mitchell			178,585</p>
<p> 14. Jean Van de Velde (France)	175,926</p>
<p> 15. Padraig Harrington (Ireland)    163,470</p>
<p> 16. Roger Chapman			 158,167</p>
<p> 17. Mark James			    137,235</p>
<p> 18. Andrew Coltart			135,417</p>
<p> 19. David Howell			  125,496</p>
<p> 20. Miguel Angel Jimenez (Spain)    120,768</p>
</text>
<copyright>(c) Reuters Limited 1997</copyright>
<metadata>
<codes class="bip:countries:1.0">
  <code code="UK">
    <editdetail attribution="Reuters BIP Coding Group" action="confirmed" date="1997-05-18"/>
  </code>
</codes>
<codes class="bip:topics:1.0">
  <code code="GCAT">
    <editdetail attribution="Reuters BIP Coding Group" action="confirmed" date="1997-05-18"/>
  </code>
  <code code="GSPO">
    <editdetail attribution="Reuters BIP Coding Group" action="confirmed" date="1997-05-18"/>
  </code>
</codes>
<dc element="dc.date.created" value="1997-05-18"/>
<dc element="dc.publisher" value="Reuters Holdings Plc"/>
<dc element="dc.date.published" value="1997-05-18"/>
<dc element="dc.source" value="Reuters"/>
<dc element="dc.creator.location" value="WARE, England"/>
<dc element="dc.creator.location.country.name" value="UK"/>
<dc element="dc.source" value="Reuters"/>
</metadata>
</newsitem>
