<?xml version="1.0" encoding="iso-8859-1" ?>
<newsitem itemid="593187" id="root" date="1997-05-18" xml:lang="en">
<title>YUGOSLAVIA: SOCCER-YUGOSLAV LEAGUE RESULTS/STANDINGS.</title>
<headline>SOCCER-YUGOSLAV LEAGUE RESULTS/STANDINGS.</headline>
<dateline>BELGRADE 1997-05-18</dateline>
<text>
<p>Results of Yugoslav league</p>
<p>soccer matches played over the weekend:</p>
<p>Division A</p>
<p>Played Saturday</p>
<p> Borac	    0     Cukaricki	 2</p>
<p> Rad		3     Becej	     1</p>
<p> Partizan	 3     Proleter	  1</p>
<p> Red Star	 4     Buducnost (P)   1</p>
<p> Vojvodina	2     Hajduk	    0</p>
<p> Mladost (L)    2     Zemun	     2</p>
<p>    Standings	P     W    D    L   F   A   Pts</p>
<p>  1. Partizan	30   25    5    0   84  15   80</p>
<p>  2. Red Star	30   24    2    4   77  26   74</p>
<p>  3. Vojvodina     30   15    8    7   46  29   53</p>
<p>  4. Mladost (L)   30   12    5   13   44  55   41</p>
<p>  5. Hajduk	  30   10    8   12   28  33   38</p>
<p>  6. Cukaricki     30   10    6   14   29  43   36</p>
<p>  7. Zemun	   30    8   11   11   34  34   35</p>
<p>  8. Proleter	30   10    5   15   46  49   35</p>
<p>  9. Becej	   30   10    5   15   31  42   35</p>
<p> 10. Rad	     30    8    9   13   29  36   33</p>
<p> 11. Buducnost (P) 30    8    6   16   21  42   30</p>
<p> 12. Borac	   30    4    2   24   21  86   14</p>
<p>Division B</p>
<p>Played Sunday</p>
<p> Zeleznik	 3    Radnicki	   1</p>
<p>Played Saturday</p>
<p> Mladost (BJ)   3    Sloboda	    1</p>
<p> Spartak	  4    OFK Kikinda	0</p>
<p> Obilic	   2    Sutjeska	   0</p>
<p> Loznica	  4    Buducnost (V)    0</p>
<p> OFK Beograd    3    Rudar		0</p>
<p>Standings:</p>
<p>  1. Obilic	  30   24    3    3   61  14   75</p>
<p>  2. Zeleznik	30   17    4    9   47  31   55</p>
<p>  3. Loznica	 30   17    1   12   43  25   52</p>
<p>  4. Radnicki	30   15    6    9   59  32   51</p>
<p>  5. OFK Beograd   30   15    6    9   39  26   51</p>
<p>  6. Rudar	   30   13    4   13   41  40   43</p>
<p>  7. Sutjeska	30   12    4   14   40  47   40</p>
<p>  8. Buducnost (V) 30   11    6   13   38  43   39</p>
<p>  9. OFK Kikinda   30    8    5   17   16  39   29</p>
<p> 10. Spartak	 30    7    5   18   25  58   26</p>
<p> 11. Sloboda	 30    6    7   17   26  48   25</p>
<p> 12. Mladost (BJ)  30    5    9   16   21  53   24</p>
</text>
<copyright>(c) Reuters Limited 1997</copyright>
<metadata>
<codes class="bip:countries:1.0">
  <code code="YUG">
    <editdetail attribution="Reuters BIP Coding Group" action="confirmed" date="1997-05-18"/>
  </code>
</codes>
<codes class="bip:topics:1.0">
  <code code="GCAT">
    <editdetail attribution="Reuters BIP Coding Group" action="confirmed" date="1997-05-18"/>
  </code>
  <code code="GSPO">
    <editdetail attribution="Reuters BIP Coding Group" action="confirmed" date="1997-05-18"/>
  </code>
</codes>
<dc element="dc.date.created" value="1997-05-18"/>
<dc element="dc.publisher" value="Reuters Holdings Plc"/>
<dc element="dc.date.published" value="1997-05-18"/>
<dc element="dc.source" value="Reuters"/>
<dc element="dc.creator.location" value="BELGRADE"/>
<dc element="dc.creator.location.country.name" value="YUGOSLAVIA"/>
<dc element="dc.source" value="Reuters"/>
</metadata>
</newsitem>
