<?xml version="1.0" encoding="iso-8859-1" ?>
<newsitem itemid="593181" id="root" date="1997-05-18" xml:lang="en">
<title>UK: MOTOR RACING-FORMULA ONE STOCK FLOAT ON TRACK AGAIN - REPORT.</title>
<headline>MOTOR RACING-FORMULA ONE STOCK FLOAT ON TRACK AGAIN - REPORT.</headline>
<dateline>LONDON 1997-05-18</dateline>
<text>
<p>Formula One Grand Prix motor racing could now float on the stock exchange ahead of the Silverstone Grand Prix in July, Britain's Sunday Times newspaper reported.</p>
<p>The plans, first reported in March as targeted for the middle of the year, were said at the beginning of May to have been postponed.</p>
<p>Newspaper reports said then that there were also queries over a 2.5 billion pounds ($4.1 billion) price tag put on Formula One's business.</p>
<p>The Sunday Times said that Salomon Brothers, the investment bank handling the flotation, had told City backers last week that final arrangements were being settled with an announcement possible this week.</p>
<p>The newspaper said that Formula One's multi-millionaire owner Bernie Ecclestone had been persuaded to cut his stake to about 30 percent with some 50 percent of the business to be floated.</p>
<p>It added that Helmut Werner, former head of Mercedes-Benz, had been targeted as chairman for the new company.</p>
<p>The Sunday Times said that Salomon gave forecasts of 200 million pounds for turnover this year with pretax profits of 85 million pounds. ($1 = 0.611 British Pounds)</p>
</text>
<copyright>(c) Reuters Limited 1997</copyright>
<metadata>
<codes class="bip:countries:1.0">
  <code code="UK">
    <editdetail attribution="Reuters BIP Coding Group" action="confirmed" date="1997-05-18"/>
  </code>
</codes>
<codes class="bip:topics:1.0">
  <code code="GCAT">
    <editdetail attribution="Reuters BIP Coding Group" action="confirmed" date="1997-05-18"/>
  </code>
  <code code="GSPO">
    <editdetail attribution="Reuters BIP Coding Group" action="confirmed" date="1997-05-18"/>
  </code>
</codes>
<dc element="dc.date.created" value="1997-05-18"/>
<dc element="dc.publisher" value="Reuters Holdings Plc"/>
<dc element="dc.date.published" value="1997-05-18"/>
<dc element="dc.source" value="Reuters"/>
<dc element="dc.creator.location" value="LONDON"/>
<dc element="dc.creator.location.country.name" value="UK"/>
<dc element="dc.source" value="Reuters"/>
</metadata>
</newsitem>
