<?xml version="1.0" encoding="iso-8859-1" ?>
<newsitem itemid="593140" id="root" date="1997-05-18" xml:lang="en">
<title>USA: NBA BASKETBALL-SPURS WIN DRAFT LOTTERY; CELTICS PICK THIRD AND SIXTH.</title>
<headline>NBA BASKETBALL-SPURS WIN DRAFT LOTTERY; CELTICS PICK THIRD AND SIXTH.</headline>
<dateline>SECAUCUS, New Jersey 1997-05-18</dateline>
<text>
<p>The San Antonio Spurs were rewarded for the worst season in franchise history when they bucked tremendous odds in favour of the Boston Celtics and on Sunday won the first pick in the NBA draft lottery on Sunday.</p>
<p>The Spurs now are in position, when the NBA draft is held on June 25, to pair Robinson with Wake Forest centre Tim Duncan, the consensus top player available.</p>
<p>Decimated by injuries, specifically to All-Star centre David Robinson, the Spurs finished 20-62, the third-worst record in the league.</p>
<p>Duncan would provide immediate help to the Spurs, who have been looking for a power forward to team with Robinson since trading Dennis Rodman in 1995.</p>
<p>Duncan, from the Virgin Islands, averaged 20.8 points, 14.7 rebounds and 3.3 blocks last season. He was the consensus Player of the Year in college basketball.</p>
<p>Duncan would have been the top pick in each of the last two years had he left school. Unlike most college stars with NBA futures, Duncan decided to complete his eligibility and is clearly the best player in the draft.</p>
<p>The Celtics (15-67) were favoured to win the lottery, holding their own slot and that of the Dallas Mavericks. But despite owning 264 of 1,000 possible combinations, their name did not come up until the drawing for the third pick.</p>
<p>The Philadelphia 76ers (22-60), who selected Rookie of the Year Allen Iverson with the top overall pick last year, will pick second.</p>
<p>The Vancouver Grizzlies (14-68) will pick fourth, followed by the Denver Nuggets (21-61) and the Celtics again.</p>
<p>&quot;We'll have quality players coming on our team,&quot; said M.L. Carr, the former coach and general manager recently reassigned within the front office.</p>
<p>&quot;Obviously, number one is what you're shooting for. The balls can bounce a number of ways. In the final analysis, you're still going to get two very good players.&quot;</p>
<p>It was the  second time the Spurs have won the lottery, which began in 1985.</p>
<p>Sunday's bad luck continued a remarkable string for the Celtics, who have never made the top overall pick. They had it in 1980, but dealt it to the Golden State Warriors in a trade.</p>
<p>The New Jersey Nets will pick seventh, followed by the Golden State Warriors, Toronto Raptors, Milwaukee Bucks, Sacramento Kings, Indiana Pacers and Cleveland Cavaliers.</p>
</text>
<copyright>(c) Reuters Limited 1997</copyright>
<metadata>
<codes class="bip:countries:1.0">
  <code code="USA">
    <editdetail attribution="Reuters BIP Coding Group" action="confirmed" date="1997-05-18"/>
  </code>
</codes>
<codes class="bip:topics:1.0">
  <code code="GCAT">
    <editdetail attribution="Reuters BIP Coding Group" action="confirmed" date="1997-05-18"/>
  </code>
  <code code="GSPO">
    <editdetail attribution="Reuters BIP Coding Group" action="confirmed" date="1997-05-18"/>
  </code>
</codes>
<dc element="dc.date.created" value="1997-05-18"/>
<dc element="dc.publisher" value="Reuters Holdings Plc"/>
<dc element="dc.date.published" value="1997-05-18"/>
<dc element="dc.source" value="Reuters"/>
<dc element="dc.creator.location" value="SECAUCUS, New Jersey"/>
<dc element="dc.creator.location.country.name" value="USA"/>
<dc element="dc.source" value="Reuters"/>
</metadata>
</newsitem>
