<?xml version="1.0" encoding="iso-8859-1" ?>
<newsitem itemid="593143" id="root" date="1997-05-18" xml:lang="en">
<title>UK: CRICKET-IGNORED HICK HELPS EMBARRASS AUSSIES.</title>
<headline>CRICKET-IGNORED HICK HELPS EMBARRASS AUSSIES.</headline>
<dateline>WORCESTER, England 1997-05-18</dateline>
<text>
<p>Graeme Hick, ignored by England but still adored at Worcester, hit the day's top score as Australia were humbled by five wickets on Sunday.</p>
<p>On a day when he was overlooked for England's team to face Australia in the forthcoming one-day series, the Zimbabwe-born Hick made a crucial 35 as his side beat the tourists by five wickets.</p>
<p>The Australians were dismissed for just 121 and Worcestershire knocked off the runs with more than 11 overs to spare.</p>
<p>Their Western Australian captain, Tom Moody, said England's selectors had got it wrong by leaving Hick, a former test stalwart, out of the Texaco Trophy one-day squad.</p>
<p>&quot;I'm surprised Graeme's not in the squad. To my mind he's too good a player in one-day cricket to leave him out,&quot; Moody said.</p>
<p>&quot;I think he would have definitely been selected if he had made runs this season, but his lack of a few good early scores has made life difficult for him.</p>
<p>&quot;But he's beginning to hit the ball as well as he can, and from his point of view he will be pressing now to regain his Test place.&quot;</p>
<p>Hick's knock steadied Worcestershire after two wickets in successive balls by the outstanding Mike Kasprowicz had left the home side 65 for three.</p>
<p>But by then Hick had already spanked Shane Warne through extra cover for four and, although the demon leg-spinner took two wickets in a thoughtful spell, the Aussies knew they had simply not made enough runs.</p>
<p>To cap it all for the unhappy Aussies, their team coach had to be winched out of a muddy car park by a recovery truck.</p>
<p>The Australians were certainly unsettled by a damp pitch and ideal conditions for the steady medium pace of David Leatherdale and Gavin Haynes.</p>
<p>Haynes led the way by bowling his 10 overs straight through and taking the first four Aussie wickets for 40 runs. Then Leatherdale, 29, produced the spell of his career to shock Mark Taylor's team.</p>
<p>He took five for 10 from five overs, his best analysis in any form of senior cricket.</p>
<p>&quot;We did not bat well enough, and it is very disappointing,&quot; Taylor admitted.</p>
<p>&quot;We did not tough it out in the middle order, and yesterday at Northampton we also did not get the sort of total we should have made. We talked about being more solid today, but it did not happen and we now have to do better at Durham on Tuesday.&quot;</p>
<p>To be fair to Australia, they rested perhaps their two strongest batsmen _ Mark Waugh and Michael Slater _ for the match.</p>
</text>
<copyright>(c) Reuters Limited 1997</copyright>
<metadata>
<codes class="bip:countries:1.0">
  <code code="AUSTR">
    <editdetail attribution="Reuters BIP Coding Group" action="confirmed" date="1997-05-18"/>
  </code>
  <code code="UK">
    <editdetail attribution="Reuters BIP Coding Group" action="confirmed" date="1997-05-18"/>
  </code>
</codes>
<codes class="bip:topics:1.0">
  <code code="GCAT">
    <editdetail attribution="Reuters BIP Coding Group" action="confirmed" date="1997-05-18"/>
  </code>
  <code code="GSPO">
    <editdetail attribution="Reuters BIP Coding Group" action="confirmed" date="1997-05-18"/>
  </code>
</codes>
<dc element="dc.date.created" value="1997-05-18"/>
<dc element="dc.publisher" value="Reuters Holdings Plc"/>
<dc element="dc.date.published" value="1997-05-18"/>
<dc element="dc.source" value="Reuters"/>
<dc element="dc.creator.location" value="WORCESTER, England"/>
<dc element="dc.creator.location.country.name" value="UK"/>
<dc element="dc.source" value="Reuters"/>
</metadata>
</newsitem>
