<?xml version="1.0" encoding="iso-8859-1" ?>
<newsitem itemid="593245" id="root" date="1997-05-18" xml:lang="en">
<title>ZAIRE: ZAIRE'S KABILA CLAIMS VICTORY, MOBUTU IN MOROCCO. [CORRECTED 09:36 GMT]</title>
<headline>ZAIRE'S KABILA CLAIMS VICTORY, MOBUTU IN MOROCCO. [CORRECTED 09:36 GMT]</headline>
<byline>Douglas Hamilton</byline>
<dateline>KINSHASA 1997-05-18</dateline>
<text>
<p>Laurent Kabila and his rebels have proclaimed victory in Zaire's seven-month civil war and ousted president Mobutu Sese Seko has fled to Morocco.</p>
<p>Kabila, 56, declared himself head of state in a statement he read at his headquarters in the southern mining city of Lubumbashi on Saturday as his forces moved into the capital Kinshasa virtually unopposed, to the cheers of residents.</p>
<p>He purged Africa's third largest nation of one of the more obvious symbols of Mobutu's rule -- its name.</p>
<p>&quot;Mr Laurent Desire Kabila assumes from today the functions of the head of state of the Democratic Republic of the Congo,&quot; the statement said.</p>
<p>This was the name Zaire had from 1964 until Mobutu changed it in 1971 (corrects from &quot;...the name Zaire had on independence from Belgium in 1960 until Mobutu changed it in 1971&quot;).</p>
<p>Sporadic exchanges of mortar and automatic weapons fire were heard at nightfall in Kinshasa and reports of shootouts with diehard Mobutu loyalists suggested the rebels still had to consolidate their hold over the city of five million people.</p>
<p>In its first broadcast over national radio in Kinshasa, the rebel Alliance of Democratic Forces for the Liberation of Congo-Zaire ordered all government troops to report by Sunday morning and warned looters they would be severely punished.</p>
<p>Mobutu and his family flew to the Moroccan capital Rabat aboard three Gabonese aircraft late on Saturday night, a senior Moroccan security official said on Sunday.</p>
<p>He had fled from Kinshasa on Friday and was reported to have gone to his jungle palace at his northern ancestral home of Gbadolite.</p>
<p>&quot;Mobutu and his family arrived aboard three airplanes discreetly in the Rabat military airport. Mobutu and his family will stay at the 50-room Amphitrite Hotel,&quot; the official told Reuters. The hotel is some 20 km (12 miles) south of Rabat on the Atlantic coast close to the royal palace of Skhirat.</p>
<p>&quot;Three Gabonese aircraft transported Mobutu and his family to the Rabat military airport thanks to the cooperation of Moroccan authorities,&quot; said the official.</p>
<p>He could not say how long the former leader would be staying in Morocco. &quot;Mobutu and his family are expected to move later to the southern city of Marrakesh,&quot; the official said.</p>
<p>He declined to give any further details but a reliable source told Reuters that work had been under way at a luxury villa in Marrakesh in preparation for Mobutu.</p>
<p>A Reuters correspondent saw an unusual deployment of security forces around the Amphitrite hotel.</p>
<p>&quot;The hotel was booked for Mobutu and his family...Therefore it is now not open to the public,&quot; said a Moroccan official.</p>
<p>Mobutu met Morocco's King Hassan in February when he stopped in Rabat on his way home to Zaire from Europe. Kabila, whose revolt mushroomed from an October dispute over Zairean nationality for ethnic Tutsis, said he would set up a transitional government of public salvation within 72 hours.</p>
<p>He also pledged a constituent assembly within 60 days to work out a transitional constitution to replace the one agreed after a reluctant Mobutu bowed to foreign and domestic pressure for multi-party politics in 1990.</p>
<p>The United States, former colonial power Belgium, France, one of Mobutu's last friends, and Germany reacted to Kabila's victory by calling for a broad-based government and elections.</p>
<p>U.N. Secretary-General Kofi Annan, speaking in Moscow, had a similar message for Kabila, urging him to respect the &quot;choice and the voice&quot; of the Zairean people.</p>
<p>Mobutu, 66 and suffering from cancer, seized power in 1965 and proved one of Africa's most enduring strongmen. Western powers supported him as a Cold War bastion against Soviet communism.</p>
<p>Critics denounced him as everything from a dictator to a thief and accused him of plundering what is potentially one of Africa's richest countries and amassing a huge personal fortune while his people struggled against poverty and neglect.</p>
<p>Mobutu refused to resign as head of state, as demanded by Kabila, but his abrupt departure from the capital on Friday triggered intense speculation that he was on his way to exile.</p>
<p>Initial reports on casualties in Kinshasa as the rebels moved in were sketchy, but defence minister and army chief of staff General Mahele Lieko Bokungo was killed on Friday night by members of the presidential guard.</p>
<p>Diplomats said Mahele had been planning to meet Kabila to discuss handing over power.</p>
<p>The United States welcomed what it called a relatively smooth transfer of power and urged the new leadership to establish an inclusive transitional government leading to elections.</p>
</text>
<copyright>(c) Reuters Limited 1997</copyright>
<metadata>
<codes class="bip:countries:1.0">
  <code code="MOROC">
    <editdetail attribution="Reuters BIP Coding Group" action="confirmed" date="1997-05-18"/>
  </code>
  <code code="ZAIRE">
    <editdetail attribution="Reuters BIP Coding Group" action="confirmed" date="1997-05-18"/>
  </code>
</codes>
<codes class="bip:topics:1.0">
  <code code="GCAT">
    <editdetail attribution="Reuters BIP Coding Group" action="confirmed" date="1997-05-18"/>
  </code>
  <code code="GPOL">
    <editdetail attribution="Reuters BIP Coding Group" action="confirmed" date="1997-05-18"/>
  </code>
  <code code="GVIO">
    <editdetail attribution="Reuters BIP Coding Group" action="confirmed" date="1997-05-18"/>
  </code>
</codes>
<dc element="dc.date.created" value="1997-05-18"/>
<dc element="dc.publisher" value="Reuters Holdings Plc"/>
<dc element="dc.date.published" value="1997-05-18"/>
<dc element="dc.source" value="Reuters"/>
<dc element="dc.creator.location" value="KINSHASA"/>
<dc element="dc.creator.location.country.name" value="ZAIRE"/>
<dc element="dc.source" value="Reuters"/>
</metadata>
</newsitem>
