<?xml version="1.0" encoding="iso-8859-1" ?>
<newsitem itemid="593231" id="root" date="1997-05-18" xml:lang="en">
<title>BELGIUM: SOCCER - BELGIUM 1ST DIVISION RESULTS/STANDINGS.</title>
<headline>SOCCER - BELGIUM 1ST DIVISION RESULTS/STANDINGS.</headline>
<dateline>BRUSSELS 1997-05-18</dateline>
<text>
<p>Results of Belgian first division matches played on Sunday:</p>
<p> Lierse	  5   Genk	     2</p>
<p> Harelbeke     2   Standard Liege 3</p>
<p> Ghent	   1   Molenbeek	0</p>
<p> Antwerp	 2   Club Brugge    1</p>
<p> Cercle Brugge 2   Ekeren	   3</p>
<p> Anderlecht    6   Charleroi	0</p>
<p> Mouscron	4   Mechelen	 0</p>
<p> Lommel	  2   Aalst	    2</p>
<p> Sint-Truiden  0   Lokeren	  1</p>
<p>    Standings	 P   W   D   L    F    A  Pts</p>
<p> 1.Lierse	    33  20  10   3   67   38   70</p>
<p> 2.Club Brugge     33  21   5   7   68   34   68</p>
<p> 3.Mouscron	  33  17   9   7   60   38   60</p>
<p> 4.Lommel	    33  16   8   9   47   45   56</p>
<p> 5.Anderlecht	33  15  10   8   57   36   55</p>
<p> 6.Antwerp	   33  16   5  12   48   43   53</p>
<p> 7.Standard	  33  16   2  15   55   52   50</p>
<p> 8.Genk		33  13   8  12   48   42   47</p>
<p> 9.Harelbeke	 33  12  10  11   48   40   46</p>
<p>10.Ekeren	    33  12   7  14   50   54   43</p>
<p>11.Sint-Truiden    33  10   8  15   45   55   38</p>
<p>12.Charleroi	 33  10   7  16   43   55   37</p>
<p>13.Lokeren	   33  10   7  16   38   54   37</p>
<p>14.Ghent	     33  10   6  17   44   57   36</p>
<p>15.Aalst	     33   8  11  14   44   55   35</p>
<p>16.Molenbeek	 33   8  10  15   30   41   34</p>
<p>17.Mechelen	  33   7  10  16   33   53   31</p>
<p>18.Cercle Brugge   33   5   9  19   33   66   24</p>
</text>
<copyright>(c) Reuters Limited 1997</copyright>
<metadata>
<codes class="bip:countries:1.0">
  <code code="BELG">
    <editdetail attribution="Reuters BIP Coding Group" action="confirmed" date="1997-05-18"/>
  </code>
</codes>
<codes class="bip:topics:1.0">
  <code code="GCAT">
    <editdetail attribution="Reuters BIP Coding Group" action="confirmed" date="1997-05-18"/>
  </code>
  <code code="GSPO">
    <editdetail attribution="Reuters BIP Coding Group" action="confirmed" date="1997-05-18"/>
  </code>
</codes>
<dc element="dc.date.created" value="1997-05-18"/>
<dc element="dc.publisher" value="Reuters Holdings Plc"/>
<dc element="dc.date.published" value="1997-05-18"/>
<dc element="dc.source" value="Reuters"/>
<dc element="dc.creator.location" value="BRUSSELS"/>
<dc element="dc.creator.location.country.name" value="BELGIUM"/>
<dc element="dc.source" value="Reuters"/>
</metadata>
</newsitem>
