<?xml version="1.0" encoding="iso-8859-1" ?>
<newsitem itemid="593288" id="root" date="1997-05-18" xml:lang="en">
<title>USA: Integrated Orthopaedics Q1 loss vs profit.</title>
<headline>Integrated Orthopaedics Q1 loss vs profit.</headline>
<dateline>NEW YORK 1997-05-18</dateline>
<text>
<p>1997			1996</p>
<p> Shr loss		   $0.05   profit	     $0.02</p>
<p> Net loss		     213   profit		  84</p>
<p> Revs			 1,563			  4,062</p>
<p> Avg shrs		     n/a			    n/a</p>
<p>(All data above 000s except per share numbers)</p>
<p>---New York Newsdesk 212-859-1610</p>
</text>
<copyright>(c) Reuters Limited 1997</copyright>
<metadata>
<codes class="bip:countries:1.0">
  <code code="USA">
    <editdetail attribution="Reuters BIP Coding Group" action="confirmed" date="1997-05-18"/>
  </code>
</codes>
<codes class="bip:industries:1.0">
  <code code="I95100">
    <editdetail attribution="Reuters BIP Coding Group" action="confirmed" date="1997-05-18"/>
  </code>
</codes>
<codes class="bip:topics:1.0">
  <code code="C15">
    <editdetail attribution="Reuters BIP Coding Group" action="confirmed" date="1997-05-18"/>
  </code>
  <code code="C151">
    <editdetail attribution="Reuters BIP Coding Group" action="confirmed" date="1997-05-18"/>
  </code>
  <code code="CCAT">
    <editdetail attribution="Reuters BIP Coding Group" action="confirmed" date="1997-05-18"/>
  </code>
</codes>
<dc element="dc.date.created" value="1997-05-18"/>
<dc element="dc.publisher" value="Reuters Holdings Plc"/>
<dc element="dc.date.published" value="1997-05-18"/>
<dc element="dc.source" value="Reuters"/>
<dc element="dc.creator.location" value="NEW YORK"/>
<dc element="dc.creator.location.country.name" value="USA"/>
<dc element="dc.source" value="Reuters"/>
</metadata>
</newsitem>
