<?xml version="1.0" encoding="iso-8859-1" ?>
<newsitem itemid="593266" id="root" date="1997-05-18" xml:lang="en">
<title>UK: Sinn Fein M.P.'s to London to protest office ban.</title>
<headline>Sinn Fein M.P.'s to London to protest office ban.</headline>
<byline>Andrew Hill</byline>
<dateline>BELFAST 1997-05-18</dateline>
<text>
<p>The leaders of the IRA's political wing, Sinn Fein, travel to London on Monday to protest against a ban on them using offices in Britain's parliament, to which they were elected on May 1.</p>
<p>&quot;We will be at Westminister to secure our entitlement as elected representatives,&quot; Martin McGuinness, the party's chief negotiator told Sky Television.</p>
<p>Last week he and party President Gerry Adams were banned from using offices and other facilities in Britain's Westminister parliament because they refused to take the oath of allegiance to the Queen which every incoming legislator must.</p>
<p>Their party, and its Irish Republican Army (IRA) sympathisers, want an end to British rule of Northern Ireland and the reunification of the province with the Irish republic, while a Protestant majority want it to remain British.</p>
<p>Adams refused to say at the weekend whether his party would take legal action to try to secure offices, free telephones and other facilities to which the 659 legislators are entitled.</p>
<p>But McGuinness said the showdown might &quot;put the British people in a situation where they are exposed throughout the world.&quot;</p>
<p>The visit was aimed at &quot;explaining to the British people that we are entitled to be supported so that our people (voters) will not be disadvantaged or discriminated against.&quot;</p>
<p>Adams argued at the weekend that his party had no other place to send elected representatives even though it was to a parliament whose authority over Northern Ireland it contests.</p>
<p>He accused the Speaker of the parliament, Betty Boothroyd, who took the decision to ban Sinn Fein, of changing the rules. &quot;It's a case of one day Britannia rules the waves and next day Britannia waves the rules,&quot; he said.</p>
<p>The one-day London visit will take place amid moves by the new Labour government to hold preliminary talks with Sinn Fein, ending months of international isolation to punish the IRA for ending a 17-month ceasefire in February last year.</p>
<p>The initiative, announced in Belfast by Prime Minister Tony Blair on Friday, has met a lukewarm response from Sinn Fein, which says the ban was wrong in the first place and maintains that the IRA is a separate organisation.</p>
<p>The London visit will be part of a campaign by Sinn Fein to demand its inclusion at Belfast peace talks from which it has been banned since the start last year because of the IRA's failure to end its war against British rule.</p>
<p>McGuinness gave no hint of a new IRA ceasefire but said he wanted the talks to take place against a &quot;peaceful background&quot;. The IRA has not carried out any attacks in Northern Ireland since a sniper seriously wounded a policewoman last month.</p>
<p>He said Sinn Fein wanted assurances from Blair's government that the talks would have a six to nine-month time frame, be meaningful and credible and would not turn into negotiations to make the IRA surrender its arsenals.</p>
<p>&quot;We need to know that decommissioning is not going to be a blockage to substantive negotiations,&quot; McGuinness said.</p>
<p>The British government and pro-British Unionists in the province, who want it to remain British, argued that Sinn Fein cannot be admitted while its armed supporters could wreck or challenge any settlement it disapproved of.</p>
<p>The previous government said decommissioning could be tackled in parallel with talks on the province's future but insisted that the IRA had to prove a commitment to democracy.</p>
</text>
<copyright>(c) Reuters Limited 1997</copyright>
<metadata>
<codes class="bip:countries:1.0">
  <code code="UK">
    <editdetail attribution="Reuters BIP Coding Group" action="confirmed" date="1997-05-18"/>
  </code>
</codes>
<codes class="bip:topics:1.0">
  <code code="GCAT">
    <editdetail attribution="Reuters BIP Coding Group" action="confirmed" date="1997-05-18"/>
  </code>
  <code code="GPOL">
    <editdetail attribution="Reuters BIP Coding Group" action="confirmed" date="1997-05-18"/>
  </code>
</codes>
<dc element="dc.date.created" value="1997-05-18"/>
<dc element="dc.publisher" value="Reuters Holdings Plc"/>
<dc element="dc.date.published" value="1997-05-18"/>
<dc element="dc.source" value="Reuters"/>
<dc element="dc.creator.location" value="BELFAST"/>
<dc element="dc.creator.location.country.name" value="UK"/>
<dc element="dc.source" value="Reuters"/>
</metadata>
</newsitem>
