<?xml version="1.0" encoding="iso-8859-1" ?>
<newsitem itemid="593213" id="root" date="1997-05-18" xml:lang="en">
<title>USA: GOLF-LINDLEY, JOHNSON TIED FOR LPGA CHAMPIONSHIP LEAD.</title>
<headline>GOLF-LINDLEY, JOHNSON TIED FOR LPGA CHAMPIONSHIP LEAD.</headline>
<dateline>WILMINGTON, Delaware 1997-05-17</dateline>
<text>
<p>Leta Lindley bogeyed the 18th hole to fall into a tie for the lead with Chris Johnson after the third round of the LPGA Championship on Saturday.</p>
<p>Lindley and Johnson, who started the round two strokes off the lead, shot 2-under-par 69s and have 54-hole totals of three-under 210 over the par-71 layout that spans 6,386 yards.</p>
<p>First prize is $180,000.</p>
<p>Kim Saiki also shot 69 to move into a third-place tie with second-round leader Sherri Steinhauer at one-under 212. Steinhauer stumbled to a two-over 73, her first round above par in the tournament.</p>
<p>Barb Mucha is the only other player at break-even or better on the DuPont Country Club course. She's at par 213 after a 1-over 72.</p>
<p>Two-time U.S. Women's Open champion Annika Sorenstam of Sweden is tied for sixth with Judy Dickinson and Trish Johnson at 2-over 215.</p>
<p>Defending champion and first-round leader Laura Davies of Britain continued to struggle, carding a 3-over 74 to fall six shots back at 3-over 216.</p>
<p>Since starting the tournament with a 67, the 1996 Player of the Year is seven over as she tries to become just the fourth woman to win this event as many as three times. Davies is tied with Dawn Coe-Jones, who managed an even-par 71.</p>
<p>Lindley, the only golfer to break par on each of the last two days, is seeking her first win since joining the LPGA Tour in 1995.  Her best finish was a third-place tie at the 1995 Rail Classic.</p>
<p>Johnson is 12th on the money list with $155,029.</p>
</text>
<copyright>(c) Reuters Limited 1997</copyright>
<metadata>
<codes class="bip:countries:1.0">
  <code code="USA">
    <editdetail attribution="Reuters BIP Coding Group" action="confirmed" date="1997-05-18"/>
  </code>
</codes>
<codes class="bip:topics:1.0">
  <code code="GCAT">
    <editdetail attribution="Reuters BIP Coding Group" action="confirmed" date="1997-05-18"/>
  </code>
  <code code="GSPO">
    <editdetail attribution="Reuters BIP Coding Group" action="confirmed" date="1997-05-18"/>
  </code>
</codes>
<dc element="dc.date.created" value="1997-05-17"/>
<dc element="dc.publisher" value="Reuters Holdings Plc"/>
<dc element="dc.date.published" value="1997-05-18"/>
<dc element="dc.source" value="Reuters"/>
<dc element="dc.creator.location" value="WILMINGTON, Delaware"/>
<dc element="dc.creator.location.country.name" value="USA"/>
<dc element="dc.source" value="Reuters"/>
</metadata>
</newsitem>
