<?xml version="1.0" encoding="iso-8859-1" ?>
<newsitem itemid="593225" id="root" date="1997-05-18" xml:lang="en">
<title>GERMANY: SOCCER-GERMAN FIRST DIVISION SUMMARY.</title>
<headline>SOCCER-GERMAN FIRST DIVISION SUMMARY.</headline>
<dateline>BONN 1997-05-18</dateline>
<text>
<p>Summary of soccer match played in</p>
<p>the German league championship on Sunday:</p>
<p> Freiburg			 2 - Buric 43, Zeyer 86</p>
<p> Arminia Bielefeld	    1 - Maas 27</p>
<p>HT: 1-1  Att: 22,500</p>
<p>- - - -</p>
<p>Played on Saturday:</p>
<p> Borussia Moenchengladbach  6 - Schneider 60, Neun 68</p>
<p>					  Dahlin 70, 89, Lupescu 73</p>
<p>					  pen, Juskowiak 75</p>
<p> Bochum			   2 - Wosz 36, Hutwelker 83</p>
<p>HT: 0-1  Att: 30,100</p>
<p>- - - -</p>
<p> Bayer Leverkusen  3  - Kirsten 58, Meijer 75, Lehnhoff 82</p>
<p> St. Pauli	   0</p>
<p>HT: 0-0  Att: 22,000 (capacity)</p>
<p>- - - -</p>
<p> Borussia Dortmund 2  - Chapuisat 33, 75</p>
<p> Werder Bremen     1  - Unger 51</p>
<p>HT: 1-0  Att: 55,000 (capacity)</p>
<p>- - - -</p>
<p> 1860 Munich	 2 - Hamann 19, Heldt 36 pen</p>
<p> Schalke	     1 - Max 51</p>
<p>HT: 2-0  Att: 54,000</p>
<p>- - - -</p>
<p> VfB Stuttgart     0</p>
<p> Duisburg	    2 - Osthoff 52, 69</p>
<p>HT: 0-0  Att: 30,000</p>
<p>- - - -</p>
<p> Hamburg	     0</p>
<p> Cologne	     4 - Munteanu 41, Polster 48, 54, 67</p>
<p>HT: 0-1  Att: 23,089</p>
<p>- - - -</p>
<p>Played on Friday:</p>
<p> Hansa Rostock     0</p>
<p> Bayern Munich     3 - Ziege 33, Klinsmann 56, Scholl 62</p>
<p>HT: 0-1  Att: 24,200 (capacity)</p>
<p>- - - -</p>
<p>Fortuna Duesseldorf 0</p>
<p> Karlsruhe	     3 - Keller 68, 90, Dundee 73</p>
<p>HT: 0-0  Att: 17,000</p>
</text>
<copyright>(c) Reuters Limited 1997</copyright>
<metadata>
<codes class="bip:countries:1.0">
  <code code="GFR">
    <editdetail attribution="Reuters BIP Coding Group" action="confirmed" date="1997-05-18"/>
  </code>
</codes>
<codes class="bip:topics:1.0">
  <code code="GCAT">
    <editdetail attribution="Reuters BIP Coding Group" action="confirmed" date="1997-05-18"/>
  </code>
  <code code="GSPO">
    <editdetail attribution="Reuters BIP Coding Group" action="confirmed" date="1997-05-18"/>
  </code>
</codes>
<dc element="dc.date.created" value="1997-05-18"/>
<dc element="dc.publisher" value="Reuters Holdings Plc"/>
<dc element="dc.date.published" value="1997-05-18"/>
<dc element="dc.source" value="Reuters"/>
<dc element="dc.creator.location" value="BONN"/>
<dc element="dc.creator.location.country.name" value="GERMANY"/>
<dc element="dc.source" value="Reuters"/>
</metadata>
</newsitem>
