<?xml version="1.0" encoding="iso-8859-1" ?>
<newsitem itemid="593291" id="root" date="1997-05-18" xml:lang="en">
<title>USA: Gen'l Elec. may be up on new outlook - Barron's.</title>
<headline>Gen'l Elec. may be up on new outlook - Barron's.</headline>
<dateline>NEW YORK 1997-05-18</dateline>
<text>
<p>Some market observers say that General Elecric Co's recent share price rise reflects a realization among investors that the company's outlook is changing for the better, reports Andrew Bary in the May 19 issue of Barron's.</p>
<p>GE rose 2 last week to 60-1/4, after hitting a record high on Thursday of 62-3/8.  Barron's reports that the stock is up 21 percent for the year, following returns of 40 percent in 1996 and 45 percent in 1995.</p>
<p>Bary notes that GE is the main beneficiary of purchases from index funds. More importantly, there has been an increasing interest in the company on the part of institutional money and mutual fund managers who, the article said, &quot;have underestimated the earnings power of the multinationals and overestimated the profit potential of smaller stocks&quot;.</p>
<p>The article cites Nick Heymann, analyst at Natwest Securities, who says that GE will benefit from several factors, namely a quality assurance program that could save billions by 2000, a shift towards the high-margin service business, and growing sales abroad.</p>
<p>Heymann believes that profits per share over the next few years could rise at a 15 percent to 17 percent rate, against Wall Street estimates of 12 percent to 13 percent, the article said.</p>
<p>Heymann says GE could earn more than $4 in 2000, and that its stock could top 100.</p>
<p>The article said that others discount GE's rise as being part of the craze for &quot;Nifty-Fifty&quot; issues, and that much of its popularity stems from the &quot;cult status&quot; of its chief executive, Jack Welch.</p>
</text>
<copyright>(c) Reuters Limited 1997</copyright>
<metadata>
<codes class="bip:countries:1.0">
  <code code="USA">
    <editdetail attribution="Reuters BIP Coding Group" action="confirmed" date="1997-05-18"/>
  </code>
</codes>
<codes class="bip:industries:1.0">
  <code code="I34000">
    <editdetail attribution="Reuters BIP Coding Group" action="confirmed" date="1997-05-18"/>
  </code>
</codes>
<codes class="bip:topics:1.0">
  <code code="C15">
    <editdetail attribution="Reuters BIP Coding Group" action="confirmed" date="1997-05-18"/>
  </code>
  <code code="C152">
    <editdetail attribution="Reuters BIP Coding Group" action="confirmed" date="1997-05-18"/>
  </code>
  <code code="CCAT">
    <editdetail attribution="Reuters BIP Coding Group" action="confirmed" date="1997-05-18"/>
  </code>
</codes>
<dc element="dc.date.created" value="1997-05-18"/>
<dc element="dc.publisher" value="Reuters Holdings Plc"/>
<dc element="dc.date.published" value="1997-05-18"/>
<dc element="dc.source" value="Reuters"/>
<dc element="dc.creator.location" value="NEW YORK"/>
<dc element="dc.creator.location.country.name" value="USA"/>
<dc element="dc.source" value="Reuters"/>
</metadata>
</newsitem>
