<?xml version="1.0" encoding="iso-8859-1" ?>
<newsitem itemid="593299" id="root" date="1997-05-18" xml:lang="en">
<title>USA: San Onofre inspection uncovers some tube erosion.</title>
<headline>San Onofre inspection uncovers some tube erosion.</headline>
<dateline>SAN ONOFRE, Calif. 1997-05-18</dateline>
<text>
<p>An inspection at the San Onofre nuclear power plant's Unit 3, located near San Clemente in southern California, has turned up some erosion in heat transfer tubing but the deterioration is limited.</p>
<p>In a statement issued late Friday by Southern California Edison, the electric utility said the small tubes, numbering about 9,000 each in two of the unit's steam generators, transfer heat from the reactor coolant to water.</p>
<p>&quot;The areas affected appear limited in extent, and inspections done to date indicate that most areas are unaffected,&quot; the electric utility said.</p>
<p>Unit 3 is currently undergoing a scheduled refueling outage that is set to conclude on June 26.</p>
<p>The cause of the erosion is still being investigated, but preliminary analysis indicates the deterioration resulted from changes in flow patterns caused by a thin coating of deposits, which can be removed during the outage.</p>
<p>Corrective actions may include removing some tubes from service by plugging, which is a routine response to a variety of steam generator problems, the utility said.</p>
<p>Results of additional inspections and analyses, which should be completed by the end of May, will be reviewed with the Nuclear Regulatory Commission in early June.</p>
<p>An inspection of steam generators at San Onofre's Unit 2 was recently completed, and the similar tube supports showed no signs of the erosion described above.</p>
<p>The San Onofre plant is 75 percent owned by Southern California Edison, the principal operating unit of Edison International, 20 percent owned by Enova Corp and the remainder is owned by local municipalities.</p>
</text>
<copyright>(c) Reuters Limited 1997</copyright>
<metadata>
<codes class="bip:countries:1.0">
  <code code="USA">
    <editdetail attribution="Reuters BIP Coding Group" action="confirmed" date="1997-05-18"/>
  </code>
</codes>
<codes class="bip:industries:1.0">
  <code code="I16100">
    <editdetail attribution="Reuters BIP Coding Group" action="confirmed" date="1997-05-18"/>
  </code>
</codes>
<codes class="bip:topics:1.0">
  <code code="C24">
    <editdetail attribution="Reuters BIP Coding Group" action="confirmed" date="1997-05-18"/>
  </code>
  <code code="CCAT">
    <editdetail attribution="Reuters BIP Coding Group" action="confirmed" date="1997-05-18"/>
  </code>
</codes>
<dc element="dc.date.created" value="1997-05-18"/>
<dc element="dc.publisher" value="Reuters Holdings Plc"/>
<dc element="dc.date.published" value="1997-05-18"/>
<dc element="dc.source" value="Reuters"/>
<dc element="dc.creator.location" value="SAN ONOFRE, Calif."/>
<dc element="dc.creator.location.country.name" value="USA"/>
<dc element="dc.source" value="Reuters"/>
</metadata>
</newsitem>
