<?xml version="1.0" encoding="iso-8859-1" ?>
<newsitem itemid="593289" id="root" date="1997-05-18" xml:lang="en">
<title>USA: Network Event Theater Q3 shr loss $0.17.</title>
<headline>Network Event Theater Q3 shr loss $0.17.</headline>
<dateline>NEW YORK 1997-05-18</dateline>
<text>
<p>Network Event Theater Inc reported a net loss of $1.45 million, or $0.17 per share, for the fiscal third quarter ended March 31, 1997, on revenues of $2.27 million.</p>
<p>Excluding the effect of the purchase of Campus Voice, the company said its net loss for the period would have been $0.15 per share.</p>
<p>For the first nine months of fiscal 1997, revenues totaled $4.94 million, with a loss of $3.1 million or $0.36 per share.</p>
<p>The company did not provide comparative results for 1996.</p>
</text>
<copyright>(c) Reuters Limited 1997</copyright>
<metadata>
<codes class="bip:countries:1.0">
  <code code="USA">
    <editdetail attribution="Reuters BIP Coding Group" action="confirmed" date="1997-05-18"/>
  </code>
</codes>
<codes class="bip:topics:1.0">
  <code code="C15">
    <editdetail attribution="Reuters BIP Coding Group" action="confirmed" date="1997-05-18"/>
  </code>
  <code code="C151">
    <editdetail attribution="Reuters BIP Coding Group" action="confirmed" date="1997-05-18"/>
  </code>
  <code code="CCAT">
    <editdetail attribution="Reuters BIP Coding Group" action="confirmed" date="1997-05-18"/>
  </code>
</codes>
<dc element="dc.date.created" value="1997-05-18"/>
<dc element="dc.publisher" value="Reuters Holdings Plc"/>
<dc element="dc.date.published" value="1997-05-18"/>
<dc element="dc.source" value="Reuters"/>
<dc element="dc.creator.location" value="NEW YORK"/>
<dc element="dc.creator.location.country.name" value="USA"/>
<dc element="dc.source" value="Reuters"/>
</metadata>
</newsitem>
