<?xml version="1.0" encoding="iso-8859-1" ?>
<newsitem itemid="593241" id="root" date="1997-05-18" xml:lang="en">
<title>GERMANY: TENNIS-FERNANDEZ WINS GERMAN OPEN TENNIS.</title>
<headline>TENNIS-FERNANDEZ WINS GERMAN OPEN TENNIS.</headline>
<dateline>BERLIN 1997-05-18</dateline>
<text>
<p>Result of the final in the $926,000 women's German Open tennis tournament on Sunday (prefix denotes seeding):</p>
<p>10-Mary Joe Fernandez (U.S.) beat 12-Mary Pierce (France) 6-4 6-2</p>
</text>
<copyright>(c) Reuters Limited 1997</copyright>
<metadata>
<codes class="bip:countries:1.0">
  <code code="GFR">
    <editdetail attribution="Reuters BIP Coding Group" action="confirmed" date="1997-05-18"/>
  </code>
</codes>
<codes class="bip:topics:1.0">
  <code code="GCAT">
    <editdetail attribution="Reuters BIP Coding Group" action="confirmed" date="1997-05-18"/>
  </code>
  <code code="GSPO">
    <editdetail attribution="Reuters BIP Coding Group" action="confirmed" date="1997-05-18"/>
  </code>
</codes>
<dc element="dc.date.created" value="1997-05-18"/>
<dc element="dc.publisher" value="Reuters Holdings Plc"/>
<dc element="dc.date.published" value="1997-05-18"/>
<dc element="dc.source" value="Reuters"/>
<dc element="dc.creator.location" value="BERLIN"/>
<dc element="dc.creator.location.country.name" value="GERMANY"/>
<dc element="dc.source" value="Reuters"/>
</metadata>
</newsitem>
