<?xml version="1.0" encoding="iso-8859-1" ?>
<newsitem itemid="593308" id="root" date="1997-05-18" xml:lang="en">
<title>USA: Meridian Point Realty Trust Q1 shr $0.08.</title>
<headline>Meridian Point Realty Trust Q1 shr $0.08.</headline>
<dateline>SAN FRANCISCO 1997-05-18</dateline>
<text>
<p>Meridian Point Realty Trust VIII Co.</p>
<p>				Financial Highlights</p>
<p>					 Qtr Ended		Qtr Ended</p>
<p>				    Mar 31, 1997	   Mar 31, 1996</p>
<p> Revenues			   $2,697,061	     $2,346,639</p>
<p> Net Income			    493,123		   28,714</p>
<p> Funds from Operations	   1,097,924		  597,937</p>
<p>Per share</p>
<p>Net Income (Loss) per</p>
<p>    Common Share			  0.08		   (0.21)</p>
<p>Funds from Operations (Common</p>
<p>  and referred)			   0.16		     0.09</p>
<p>Distributions Paid</p>
<p>  Common				    0.07		     0.07</p>
<p>  Preferred				 0.07		     0.07</p>
<p>Shares Outstanding</p>
<p>  Common			     1,609,937		1,609,937</p>
<p>  Preferred			  5,273,927		5,273,927</p>
<p> Occupancy Rate			    97%			98%</p>
</text>
<copyright>(c) Reuters Limited 1997</copyright>
<metadata>
<codes class="bip:countries:1.0">
  <code code="USA">
    <editdetail attribution="Reuters BIP Coding Group" action="confirmed" date="1997-05-18"/>
  </code>
</codes>
<codes class="bip:industries:1.0">
  <code code="I81502">
    <editdetail attribution="Reuters BIP Coding Group" action="confirmed" date="1997-05-18"/>
  </code>
  <code code="I8150206">
    <editdetail attribution="Reuters BIP Coding Group" action="confirmed" date="1997-05-18"/>
  </code>
</codes>
<codes class="bip:topics:1.0">
  <code code="C15">
    <editdetail attribution="Reuters BIP Coding Group" action="confirmed" date="1997-05-18"/>
  </code>
  <code code="C151">
    <editdetail attribution="Reuters BIP Coding Group" action="confirmed" date="1997-05-18"/>
  </code>
  <code code="CCAT">
    <editdetail attribution="Reuters BIP Coding Group" action="confirmed" date="1997-05-18"/>
  </code>
</codes>
<dc element="dc.date.created" value="1997-05-18"/>
<dc element="dc.publisher" value="Reuters Holdings Plc"/>
<dc element="dc.date.published" value="1997-05-18"/>
<dc element="dc.source" value="Reuters"/>
<dc element="dc.creator.location" value="SAN FRANCISCO"/>
<dc element="dc.creator.location.country.name" value="USA"/>
<dc element="dc.source" value="Reuters"/>
</metadata>
</newsitem>
