<?xml version="1.0" encoding="iso-8859-1" ?>
<newsitem itemid="593322" id="root" date="1997-05-18" xml:lang="en">
<title>TOGO: Zaire's Mobutu fled Gbadolite rebel attack-Togo TV.</title>
<headline>Zaire's Mobutu fled Gbadolite rebel attack-Togo TV.</headline>
<dateline>LOME 1997-05-18</dateline>
<text>
<p>Zaire's ousted president, Mobutu Sese Seko, escaped a rebel attack on his home town of Gbadolite after coming under fire as he and members of his entourage fled by cargo plane, Togolese state television reported on Sunday.</p>
<p>It said the plane carrying the veteran leader, who is suffering from cancer, made a technical stop in Togo on Sunday before flying on, most likely to Morocco.</p>
<p>The report was the first suggestion that rebels had tried to attack Gbadolite, Mobutu's reported destination after he left Zaire's capital, Kinshasa, on Friday just before Laurent Kabila's rebels marched into the city.</p>
<p>The television said a government statement quoted sources close to Mobutu for its account of the circumstances of his departure. It said rebel forces tried to take the airport at Gbadolite, where Mobutu had a jungle palace.</p>
<p>Mystery has surrounded Mobutu's whereabouts with a security official in Morocco saying that he arrived there on Saturday and a family friend in Paris saying he was still in in Gbadolite on Sunday.</p>
</text>
<copyright>(c) Reuters Limited 1997</copyright>
<metadata>
<codes class="bip:countries:1.0">
  <code code="MOROC">
    <editdetail attribution="Reuters BIP Coding Group" action="confirmed" date="1997-05-18"/>
  </code>
  <code code="TOGO">
    <editdetail attribution="Reuters BIP Coding Group" action="confirmed" date="1997-05-18"/>
  </code>
  <code code="ZAIRE">
    <editdetail attribution="Reuters BIP Coding Group" action="confirmed" date="1997-05-18"/>
  </code>
</codes>
<codes class="bip:topics:1.0">
  <code code="GCAT">
    <editdetail attribution="Reuters BIP Coding Group" action="confirmed" date="1997-05-18"/>
  </code>
  <code code="GVIO">
    <editdetail attribution="Reuters BIP Coding Group" action="confirmed" date="1997-05-18"/>
  </code>
</codes>
<dc element="dc.date.created" value="1997-05-18"/>
<dc element="dc.publisher" value="Reuters Holdings Plc"/>
<dc element="dc.date.published" value="1997-05-18"/>
<dc element="dc.source" value="Reuters"/>
<dc element="dc.creator.location" value="LOME"/>
<dc element="dc.creator.location.country.name" value="TOGO"/>
<dc element="dc.source" value="Reuters"/>
</metadata>
</newsitem>
