<?xml version="1.0" encoding="iso-8859-1" ?>
<newsitem itemid="593391" id="root" date="1997-05-18" xml:lang="en">
<title>AUSTRALIA: AWF cuts Australian barley forecast to 6.27 MT.</title>
<headline>AWF cuts Australian barley forecast to 6.27 MT.</headline>
<dateline>MELBOURNE 1996-05-19</dateline>
<text>
<p>Australian Wheat Forecasters Pty Ltd (AWF) slashed its second forecast of the 1997/98 Australian barley crop by 470,000 tonnes after cutting its area estimate by 130,000 hectares.</p>
<p>The private forecaster put its latest crop forecast at 6.27 million tonnes, down from 6.74 million a month ago, against 6.22 million in 1996/97, and its area estimate at 3.46 million hectares.</p>
<p>AWF said a series of good but patchy rains throughout southern Australia encouraged growers to plant crops other than barley which do well when sown early in the season.  </p>
<p>&quot;The opportunity has been presented to sow more of these early crops, and it will be at some penalty to the Australian barley area,&quot; AWF said.</p>
<p>These crops include wheat, for which spot and forward prices are edging higher, canola and chickpeas, AWF said.</p>
<p>However, if the early May rains are not followed up with further rainfalls to fill in the gaps, then barley would become a more attractive cropping option, AWF said.</p>
<p>But this would not occur until late June or July.</p>
<p>AWF said there has been some scattered rain through Queensland but none of it has been used for planting barley.  </p>
<p>Similarly, the rain that has fallen in New South Wales has been used to plant wheat, canola or lupins.</p>
<p>Other crops are preferred to barley in both Victoria and South Australia at this time.</p>
<p>Western Australian barley hectares were hampered by a late start in the south for any grain last year.</p>
<p>The 1997 season, so far, indicates more barley will be sown in Western Australia although most will be sown in June.</p>
<p>The proportion of Australian barley classified as malting category is expected to be lower than last year, AWF said.  </p>
<p>AWF's state crop forecasts, in million tonnes, and area estimates, in million hectares, are as follows -</p>
<p>			  Crop		  Area	   Previous</p>
<p>		  1997/98   1996/97  1997/98  1996/97  Forecast</p>
<p>  Queensland   0.360     0.460    0.165    0.190    0.440</p>
<p>  NSW	    1.300     1.300    0.645    0.580    1.350</p>
<p>  Victoria     1.200     1.100    0.680    0.600    1.250</p>
<p>  S. Australia 2.000     1.900    1.050    1.050    2.200</p>
<p>  W. Australia 1.370     1.420    0.905    0.835    1.460</p>
<p>  Tasmania     0.040     0.037    0.015    0.015    0.040</p>
<p>  TOTAL	  6.270     6.217    3.460    3.270    6.740</p>
<p>-- Sydney newsroom 61-2 9373-1800</p>
</text>
<copyright>(c) Reuters Limited 1997</copyright>
<metadata>
<codes class="bip:countries:1.0">
  <code code="AUSTR">
    <editdetail attribution="Reuters BIP Coding Group" action="confirmed" date="1997-05-18"/>
  </code>
</codes>
<codes class="bip:industries:1.0">
  <code code="I01001">
    <editdetail attribution="Reuters BIP Coding Group" action="confirmed" date="1997-05-18"/>
  </code>
  <code code="I0100132">
    <editdetail attribution="Reuters BIP Coding Group" action="confirmed" date="1997-05-18"/>
  </code>
</codes>
<codes class="bip:topics:1.0">
  <code code="C21">
    <editdetail attribution="Reuters BIP Coding Group" action="confirmed" date="1997-05-18"/>
  </code>
  <code code="CCAT">
    <editdetail attribution="Reuters BIP Coding Group" action="confirmed" date="1997-05-18"/>
  </code>
  <code code="M14">
    <editdetail attribution="Reuters BIP Coding Group" action="confirmed" date="1997-05-18"/>
  </code>
  <code code="M141">
    <editdetail attribution="Reuters BIP Coding Group" action="confirmed" date="1997-05-18"/>
  </code>
  <code code="MCAT">
    <editdetail attribution="Reuters BIP Coding Group" action="confirmed" date="1997-05-18"/>
  </code>
</codes>
<dc element="dc.date.created" value="1996-05-19"/>
<dc element="dc.publisher" value="Reuters Holdings Plc"/>
<dc element="dc.date.published" value="1997-05-18"/>
<dc element="dc.source" value="Reuters"/>
<dc element="dc.creator.location" value="MELBOURNE"/>
<dc element="dc.creator.location.country.name" value="AUSTRALIA"/>
<dc element="dc.source" value="Reuters"/>
</metadata>
</newsitem>
