<?xml version="1.0" encoding="iso-8859-1" ?>
<newsitem itemid="593337" id="root" date="1997-05-18" xml:lang="en">
<title>RWANDA: Zaire tempers optimism under rebels with old fears.</title>
<headline>Zaire tempers optimism under rebels with old fears.</headline>
<byline>David Fox</byline>
<dateline>KIGALI 1997-05-18</dateline>
<text>
<p>A secretary to a company executive in Zaire's eastern city of Bukavu explained graphically some months ago what difference the arrival of Laurent Kabila's rebels made to her life.</p>
<p>&quot;Before, if I was raped once a week, that was a good week,&quot; she told Reuters.</p>
<p>&quot;I used to dress badly on purpose when I walked past army barracks. I used to try make myself look poor so that I would be left alone. Now I don't have to do that.&quot;</p>
<p>Civilians already living under rebel rule in eastern Zaire for months are overall optimistic and relieved at the departure of the corrupt government army, finally defeated with the fall of the capital Kinshasa this weekend.</p>
<p>In the northeastern city of Kisangani last week Clement Mapangala wore a white hat branded &quot;Association of Money Changers&quot; as he went about business trying to coax foreigners to buy Zaire's currency at the rate of 75,000 to the dollar.</p>
<p>&quot;I could never do this before,&quot; he said, openly touting wads of notes the size of house bricks. &quot;If the soldiers thought I had even a small amount of money they would take it.&quot;</p>
<p>For hundreds of thousands of people across Zaire, Kabila's rebellion has brought positive changes few dared dream would happen in their lifetime. But many of their old problems remain.</p>
<p>Those who have already tasted life under new Zaire strongman Kabila say it is far better than under the regime of ousted President Mobutu Sese Seko. But they add it still has a long way to go to meet their needs.</p>
<p>&quot;The important thing that Kabila has given us is hope,&quot; said Pyus Bitulu, a graduate engineer from Kisangani who has worked as a motorcycle taxi driver since leaving university in 1979.</p>
<p>&quot;Next week I am going to Goma to look for work as an engineer,&quot; he said. &quot;I have heard they are hiring people there.&quot;</p>
<p>In Goma, signs of Mobutu's rule vanished swiftly after the Alliance of Democratic Forces for the Liberation of Congo (AFDL) seized the city last November at the start of their revolt.</p>
<p>At the Sacred Heart girls school, a white patch stands out on the  yellowing walls inside all the classrooms -- Mobutu's official portraits have long been consigned to the rubbish bin.</p>
<p>A class of 16-year-old girls hisses in unison when asked what they think of their former ruler. They cheer and ululate when asked about Kabila.</p>
<p>But at an official level, signs of the old Zaire remain.</p>
<p>&quot;The alliance has replaced a corrupt, inefficient, cumbersome beauracracy with one that is merely inefficient and cumbersome,&quot; said a businessman who has worked in the region for more than 10 years.</p>
<p>In the past, traders had to bribe scores of officials to prompt them to do what they were supposed to be paid to do.</p>
<p>Today it costs just as much to do business. The bribes have merely been replaced by &quot;taxes&quot; complete with official receipts bearing stamps copied directly from the Walt Disney cartoon &quot;The Lion King&quot;.</p>
<p>In many cases even the officials have remained in place.</p>
<p>In Kisangani last week, taxi drivers became embroiled in a furious row with Airport Authority officials demanding they pay $10 every time they drop off passengers.</p>
<p>&quot;You disappeared when the Alliance came,&quot; shouted an angry driver. &quot;Now you are back -- even wearing the same uniforms. Go to hell.&quot;  Rebel soldiers intervened and the airport officials beat a retreat.</p>
<p>The fact ordinary Zaireans are prepared to have Kabila's forces intervene in disputes speaks volumes for the new-found faith they have in the army. But disquiet and suspicion remain.</p>
<p>Last week in Kisangani a taxi driver knocked down and injured a rebel. He was beaten up by other rebels and hustled into their barracks. Neither he nor his car has been seen since.</p>
<p>But local merchants, frequently the best barometer of confidence, are moving back into shops they abandoned years ago because they were being robbed nightly -- usually by soldiers.</p>
</text>
<copyright>(c) Reuters Limited 1997</copyright>
<metadata>
<codes class="bip:countries:1.0">
  <code code="ZAIRE">
    <editdetail attribution="Reuters BIP Coding Group" action="confirmed" date="1997-05-18"/>
  </code>
</codes>
<codes class="bip:topics:1.0">
  <code code="GCAT">
    <editdetail attribution="Reuters BIP Coding Group" action="confirmed" date="1997-05-18"/>
  </code>
  <code code="GVIO">
    <editdetail attribution="Reuters BIP Coding Group" action="confirmed" date="1997-05-18"/>
  </code>
</codes>
<dc element="dc.date.created" value="1997-05-18"/>
<dc element="dc.publisher" value="Reuters Holdings Plc"/>
<dc element="dc.date.published" value="1997-05-18"/>
<dc element="dc.source" value="Reuters"/>
<dc element="dc.creator.location" value="KIGALI"/>
<dc element="dc.creator.location.country.name" value="RWANDA"/>
<dc element="dc.source" value="Reuters"/>
</metadata>
</newsitem>
