<?xml version="1.0" encoding="iso-8859-1" ?>
<newsitem itemid="593360" id="root" date="1997-05-18" xml:lang="en">
<title>RUSSIA: Tajik govt, Islamists take step towards peace deal.</title>
<headline>Tajik govt, Islamists take step towards peace deal.</headline>
<dateline>MOSCOW 1997-05-18</dateline>
<text>
<p>Tajikistan's government and Islamist opposition took a big step towards a lasting peace settlement on Sunday when they signed a protocol on legalising major political parties, Russian news agencies said.</p>
<p>The agencies said the protocol, a major part of a planned comprehensive peace deal after a four-year civil war, was signed by Tajik President Imomali Rakhmonov and opposition leader Sayid Abdullo Nuri after two days of difficult talks in Bishkek, capital of neighbouring Kyrgyzstan.  </p>
<p>&quot;At last the Tajiks have come to their senses and realised how deadly is further confrontation,&quot; Itar-Tass news agency quoted Nuri as saying. Rakhmonov called the document a &quot;major breakthrough&quot;, Tass said.</p>
<p>Last December Rakhmonov's secular government and the Islamists agreed a ceasefire to end the civil war, which killed tens of thousands of people in the former Soviet Central Asian State and drove many more from their homes.</p>
<p>Military terms for the peace deal and a power-sharing agreement have been agreed. Legalisation of the opposition was the main outstanding issue in the talks mediated by the United Nations, Russia and Iran.</p>
</text>
<copyright>(c) Reuters Limited 1997</copyright>
<metadata>
<codes class="bip:countries:1.0">
  <code code="KIRGH">
    <editdetail attribution="Reuters BIP Coding Group" action="confirmed" date="1997-05-18"/>
  </code>
  <code code="TADZK">
    <editdetail attribution="Reuters BIP Coding Group" action="confirmed" date="1997-05-18"/>
  </code>
</codes>
<codes class="bip:topics:1.0">
  <code code="GCAT">
    <editdetail attribution="Reuters BIP Coding Group" action="confirmed" date="1997-05-18"/>
  </code>
  <code code="GPOL">
    <editdetail attribution="Reuters BIP Coding Group" action="confirmed" date="1997-05-18"/>
  </code>
  <code code="GVIO">
    <editdetail attribution="Reuters BIP Coding Group" action="confirmed" date="1997-05-18"/>
  </code>
</codes>
<dc element="dc.date.created" value="1997-05-18"/>
<dc element="dc.publisher" value="Reuters Holdings Plc"/>
<dc element="dc.date.published" value="1997-05-18"/>
<dc element="dc.source" value="Reuters"/>
<dc element="dc.creator.location" value="MOSCOW"/>
<dc element="dc.creator.location.country.name" value="RUSSIA"/>
<dc element="dc.source" value="Reuters"/>
</metadata>
</newsitem>
