<?xml version="1.0" encoding="iso-8859-1" ?>
<newsitem itemid="593398" id="root" date="1997-05-18" xml:lang="en">
<title>AUSTRALIA: Australia will have to reform taxation system - PM.</title>
<headline>Australia will have to reform taxation system - PM.</headline>
<dateline>CANBERRA 1996-05-19</dateline>
<text>
<p>Australian Prime Minister John Howard, in his strongest comments yet on tax reform, has said the Australian taxation system would have to be reformed at some stage.</p>
<p>&quot;I wouldn't yet start getting time specific about that, but there's no doubt that at some stage, sooner or later, we will have to reform the Australian taxation system,&quot; Howard said on the Seven Network's Face to Face programme on Sunday.</p>
<p>He had been asked when the government would look at introducing a Goods and Services Tax (GST).  </p>
<p>The conservative Liberal/National government promised before the March 1996 election not to introduce a GST, but has since qualified that promise by saying it applied to its first term of government.</p>
<p>The government is widely seen softening the ground for taxation reform and some type of GST to be introduced if it wins the election scheduled for the first half of 1999.</p>
<p>In late January Howard said Australia had a less than perfect taxation system and that he had not lost interest in reform. But he also said then a GST was decisively rejected at the 1993 election and it was not clear that voters had changed  </p>
<p>their mind on a GST.</p>
<p>Polls have recently shown support for a GST rising and several community groups have reversed their opposition to a GST.</p>
<p>Howard said on Sunday he had been a consistent supporter of tax reform, although he was concious of his committment not to introduce such reform in the current term of parliament.</p>
<p>&quot;But if you're saying to me, do I envisage the Australian taxation system remaining as it is for the next five or ten years, I'd have to say no.&quot;</p>
<p>-- Canberra bureau 61-6 273-2730</p>
</text>
<copyright>(c) Reuters Limited 1997</copyright>
<metadata>
<codes class="bip:countries:1.0">
  <code code="AUSTR">
    <editdetail attribution="Reuters BIP Coding Group" action="confirmed" date="1997-05-18"/>
  </code>
</codes>
<codes class="bip:topics:1.0">
  <code code="E21">
    <editdetail attribution="Reuters BIP Coding Group" action="confirmed" date="1997-05-18"/>
  </code>
  <code code="E211">
    <editdetail attribution="Reuters BIP Coding Group" action="confirmed" date="1997-05-18"/>
  </code>
  <code code="ECAT">
    <editdetail attribution="Reuters BIP Coding Group" action="confirmed" date="1997-05-18"/>
  </code>
  <code code="GCAT">
    <editdetail attribution="Reuters BIP Coding Group" action="confirmed" date="1997-05-18"/>
  </code>
  <code code="GPOL">
    <editdetail attribution="Reuters BIP Coding Group" action="confirmed" date="1997-05-18"/>
  </code>
</codes>
<dc element="dc.date.created" value="1996-05-19"/>
<dc element="dc.publisher" value="Reuters Holdings Plc"/>
<dc element="dc.date.published" value="1997-05-18"/>
<dc element="dc.source" value="Reuters"/>
<dc element="dc.creator.location" value="CANBERRA"/>
<dc element="dc.creator.location.country.name" value="AUSTRALIA"/>
<dc element="dc.source" value="Reuters"/>
</metadata>
</newsitem>
