<?xml version="1.0" encoding="iso-8859-1" ?>
<newsitem itemid="593366" id="root" date="1997-05-18" xml:lang="en">
<title>MEXICO: Mexico to stage second mining fair in Vancouver.</title>
<headline>Mexico to stage second mining fair in Vancouver.</headline>
<dateline>MEXICO CITY 1997-05-18</dateline>
<text>
<p>Mexico will host a second mining promotion fair in Vancouver on May 21 to boost mining projects and investments in seven mineral-rich states, the Trade Ministry said Sunday.</p>
<p>Around 150 North American companies will attend the Second Mexico Mining Panel in the Canadian city, the ministry added. The Trade Ministry covers mining activity in Mexico.</p>
<p>The states under the spotlight at this fair are Baja California, Baja California Sur, Guanajuato, Guerrero, Jalisco, Puebla and Veracruz.</p>
<p>At the First Mexico Mining Panel in October, companies pledged to invest $200 million in the state of Guerrero, $20 million in Zacatecas and a total of $15 million in the states of Chihuahua and Durango, the ministry added.</p>
<p>((--Chris Aspin, Mexico City newsroom +525 7287902))</p>
</text>
<copyright>(c) Reuters Limited 1997</copyright>
<metadata>
<codes class="bip:countries:1.0">
  <code code="CANA">
    <editdetail attribution="Reuters BIP Coding Group" action="confirmed" date="1997-05-18"/>
  </code>
  <code code="MEX">
    <editdetail attribution="Reuters BIP Coding Group" action="confirmed" date="1997-05-18"/>
  </code>
</codes>
<codes class="bip:industries:1.0">
  <code code="I21000">
    <editdetail attribution="Reuters BIP Coding Group" action="confirmed" date="1997-05-18"/>
  </code>
  <code code="I23000">
    <editdetail attribution="Reuters BIP Coding Group" action="confirmed" date="1997-05-18"/>
  </code>
</codes>
<codes class="bip:topics:1.0">
  <code code="C11">
    <editdetail attribution="Reuters BIP Coding Group" action="confirmed" date="1997-05-18"/>
  </code>
  <code code="C32">
    <editdetail attribution="Reuters BIP Coding Group" action="confirmed" date="1997-05-18"/>
  </code>
  <code code="CCAT">
    <editdetail attribution="Reuters BIP Coding Group" action="confirmed" date="1997-05-18"/>
  </code>
</codes>
<dc element="dc.date.created" value="1997-05-18"/>
<dc element="dc.publisher" value="Reuters Holdings Plc"/>
<dc element="dc.date.published" value="1997-05-18"/>
<dc element="dc.source" value="Reuters"/>
<dc element="dc.creator.location" value="MEXICO CITY"/>
<dc element="dc.creator.location.country.name" value="MEXICO"/>
<dc element="dc.source" value="Reuters"/>
</metadata>
</newsitem>
