<?xml version="1.0" encoding="iso-8859-1" ?>
<newsitem itemid="593311" id="root" date="1997-05-18" xml:lang="en">
<title>USA: Sands Regent Q3 shr loss $0.08.</title>
<headline>Sands Regent Q3 shr loss $0.08.</headline>
<dateline>RENO, Nev. 1997-05-16</dateline>
<text>
<p>Reno, Nevada and the Copa Casino in Gulfport, Mississippi.</p>
<p>				    THE SANDS REGENT</p>
<p>				  FINANCIAL HIGHLIGHTS</p>
<p>			(In Thousands except per share data)</p>
<p>				   Three Months	  Nine Months</p>
<p>				 ended March 31st   ended March 31st</p>
<p>				 1997     1996	  1997	1996</p>
<p> Revenues		 $13,184   $15,300     $42,320   $45,392</p>
<p>Income (Loss) from Operations</p>
<p>				(227)     1,248	 (712)     3,801</p>
<p> Net Income (Loss)	(371)	 544	 (876)     1,728</p>
<p>Net Income (Loss) per Share</p>
<p>				(.08)	 .12	 (.19)	 .38</p>
<p>Weighted Number of Shares   Outstanding	4,498,722  4,498,722  4,498,722  4,498,722</p>
</text>
<copyright>(c) Reuters Limited 1997</copyright>
<metadata>
<codes class="bip:countries:1.0">
  <code code="USA">
    <editdetail attribution="Reuters BIP Coding Group" action="confirmed" date="1997-05-18"/>
  </code>
</codes>
<codes class="bip:industries:1.0">
  <code code="I66500">
    <editdetail attribution="Reuters BIP Coding Group" action="confirmed" date="1997-05-18"/>
  </code>
</codes>
<codes class="bip:topics:1.0">
  <code code="C15">
    <editdetail attribution="Reuters BIP Coding Group" action="confirmed" date="1997-05-18"/>
  </code>
  <code code="C151">
    <editdetail attribution="Reuters BIP Coding Group" action="confirmed" date="1997-05-18"/>
  </code>
  <code code="CCAT">
    <editdetail attribution="Reuters BIP Coding Group" action="confirmed" date="1997-05-18"/>
  </code>
</codes>
<dc element="dc.date.created" value="1997-05-16"/>
<dc element="dc.publisher" value="Reuters Holdings Plc"/>
<dc element="dc.date.published" value="1997-05-18"/>
<dc element="dc.source" value="Reuters"/>
<dc element="dc.creator.location" value="RENO, Nev."/>
<dc element="dc.creator.location.country.name" value="USA"/>
<dc element="dc.source" value="Reuters"/>
</metadata>
</newsitem>
