<?xml version="1.0" encoding="iso-8859-1" ?>
<newsitem itemid="593355" id="root" date="1997-05-18" xml:lang="en">
<title>ALBANIA: Albanian gang in shootout with police.</title>
<headline>Albanian gang in shootout with police.</headline>
<dateline>TEPELENE, Albania 1997-05-18</dateline>
<text>
<p>One of the armed gangs said to be roaming near-lawless Albania clashed with police on Sunday in a street shootout in the south, local residents said.</p>
<p>Three passers-by were caught up in the battle and received gunshot wounds, they added.</p>
<p>They said that a gang of at least 15 men swept into the southern town of Tepelene, some 200 km (120 miles) from the capital Tirana, shooting wildly at the police station and demanding that police officers hand over their weapons.</p>
<p>But the police, reinforced by police in armoured cars from nearby Gjirokaster, fought back and drove the gang into another town nearby where they were being contained, residents said.</p>
<p>Albania was thrown into virtual anarchy in riots in February and March as people took to the streets after losing their life savings in shady pyramid investment schemes.</p>
<p>The situation has improved but the easy availability of an estimated one million weapons looted in the troubles and a seeming lack of state control in some regions has led to sporadic bouts of violence.</p>
</text>
<copyright>(c) Reuters Limited 1997</copyright>
<metadata>
<codes class="bip:countries:1.0">
  <code code="ALB">
    <editdetail attribution="Reuters BIP Coding Group" action="confirmed" date="1997-05-18"/>
  </code>
</codes>
<codes class="bip:topics:1.0">
  <code code="GCAT">
    <editdetail attribution="Reuters BIP Coding Group" action="confirmed" date="1997-05-18"/>
  </code>
  <code code="GCRIM">
    <editdetail attribution="Reuters BIP Coding Group" action="confirmed" date="1997-05-18"/>
  </code>
</codes>
<dc element="dc.date.created" value="1997-05-18"/>
<dc element="dc.publisher" value="Reuters Holdings Plc"/>
<dc element="dc.date.published" value="1997-05-18"/>
<dc element="dc.source" value="Reuters"/>
<dc element="dc.creator.location" value="TEPELENE, Albania"/>
<dc element="dc.creator.location.country.name" value="ALBANIA"/>
<dc element="dc.source" value="Reuters"/>
</metadata>
</newsitem>
