<?xml version="1.0" encoding="iso-8859-1" ?>
<newsitem itemid="593309" id="root" date="1997-05-18" xml:lang="en">
<title>USA: DNAP Holding Corp Q1 shr loss $0.06.</title>
<headline>DNAP Holding Corp Q1 shr loss $0.06.</headline>
<dateline>OAKLAND, Calif. 1997-05-18</dateline>
<text>
<p>DNAP HOLDING CORPORATION</p>
<p>	     UNAUDITED CONSOLIDATED STATEMENT OF OPERATIONS</p>
<p>			    Thousands of U.S. Dollars</p>
<p>			   (except per share amounts)</p>
<p>					   Three Months Ended March 31,</p>
<p>						  1997		 1996</p>
<p> Total revenues			   $ 77,123	   $ 51,359</p>
<p> Cost of sales			    (68,364)	   (44,466)</p>
<p>Selling and administrative expenses</p>
<p>						 (5,578)	    (3,059)</p>
<p> Research and development expenses     (566)		   --</p>
<p>Amortization of goodwill, patents</p>
<p>  and trademarks			     (895)		(135)</p>
<p>						(75,403)	   (47,660)</p>
<p> Operating income (loss)		   1,720		3,699</p>
<p> Interest expense			  (1,108)	    (1,658)</p>
<p> Interest income				 215		  510</p>
<p> Exchange gain (loss), net		   121	    (1,268)</p>
<p> Other non-operating income		  810		   --</p>
<p>							38	    (2,416)</p>
<p> Income (loss) before income tax	 1,758		1,283</p>
<p> Income tax benefit (expense)	  (1,009)	    (1,093)</p>
<p>Net income (loss) before minority</p>
<p>  interest					 749		  190</p>
<p>Minority interest in net loss (income)</p>
<p>  of subsidiaries			  (1,845)		(154)</p>
<p> Net income (loss)			 (1,096)		   36</p>
<p> Net income (loss) per share	    (0.06)</p>
</text>
<copyright>(c) Reuters Limited 1997</copyright>
<metadata>
<codes class="bip:countries:1.0">
  <code code="USA">
    <editdetail attribution="Reuters BIP Coding Group" action="confirmed" date="1997-05-18"/>
  </code>
</codes>
<codes class="bip:topics:1.0">
  <code code="C15">
    <editdetail attribution="Reuters BIP Coding Group" action="confirmed" date="1997-05-18"/>
  </code>
  <code code="C151">
    <editdetail attribution="Reuters BIP Coding Group" action="confirmed" date="1997-05-18"/>
  </code>
  <code code="CCAT">
    <editdetail attribution="Reuters BIP Coding Group" action="confirmed" date="1997-05-18"/>
  </code>
</codes>
<dc element="dc.date.created" value="1997-05-18"/>
<dc element="dc.publisher" value="Reuters Holdings Plc"/>
<dc element="dc.date.published" value="1997-05-18"/>
<dc element="dc.source" value="Reuters"/>
<dc element="dc.creator.location" value="OAKLAND, Calif."/>
<dc element="dc.creator.location.country.name" value="USA"/>
<dc element="dc.source" value="Reuters"/>
</metadata>
</newsitem>
