<?xml version="1.0" encoding="iso-8859-1" ?>
<newsitem itemid="593466" id="root" date="1997-05-18" xml:lang="en">
<title>CHINA: China to invite foreign bids for Bohai oil permits.</title>
<headline>China to invite foreign bids for Bohai oil permits.</headline>
<dateline>BEIJING 1997-05-18</dateline>
<text>
<p>Foreign companies would be invited in the next few months to explore the Qinhuangdao 32-6 area in the Bohai Bay, the Business Daily said on Sunday.</p>
<p>Bidding will begin in September, said the newspaper, published by the official China Daily.</p>
<p>An increasing number of Western companies have been attracted to the Bohai Bay area by a growing number of new discoveries. At least 10 wells were expected to be drilled in the bay this year and seven more oilfields developed.</p>
<p>The latest high-profile find in the bay was reported by the U.S. Kerr-Mcgee Corp, which said on Friday that a well in the bay tested at a rate of 4,100 barrels of light oil per day.</p>
</text>
<copyright>(c) Reuters Limited 1997</copyright>
<metadata>
<codes class="bip:countries:1.0">
  <code code="CHINA">
    <editdetail attribution="Reuters BIP Coding Group" action="confirmed" date="1997-05-18"/>
  </code>
</codes>
<codes class="bip:industries:1.0">
  <code code="I13000">
    <editdetail attribution="Reuters BIP Coding Group" action="confirmed" date="1997-05-18"/>
  </code>
  <code code="I1300002">
    <editdetail attribution="Reuters BIP Coding Group" action="confirmed" date="1997-05-18"/>
  </code>
</codes>
<codes class="bip:topics:1.0">
  <code code="C13">
    <editdetail attribution="Reuters BIP Coding Group" action="confirmed" date="1997-05-18"/>
  </code>
  <code code="C24">
    <editdetail attribution="Reuters BIP Coding Group" action="confirmed" date="1997-05-18"/>
  </code>
  <code code="CCAT">
    <editdetail attribution="Reuters BIP Coding Group" action="confirmed" date="1997-05-18"/>
  </code>
</codes>
<dc element="dc.date.created" value="1997-05-18"/>
<dc element="dc.publisher" value="Reuters Holdings Plc"/>
<dc element="dc.date.published" value="1997-05-18"/>
<dc element="dc.source" value="Reuters"/>
<dc element="dc.creator.location" value="BEIJING"/>
<dc element="dc.creator.location.country.name" value="CHINA"/>
<dc element="dc.source" value="Reuters"/>
</metadata>
</newsitem>
