<?xml version="1.0" encoding="iso-8859-1" ?>
<newsitem itemid="593438" id="root" date="1997-05-18" xml:lang="en">
<title>VIETNAM: Vietnam rails against EP human rights condemnation.</title>
<headline>Vietnam rails against EP human rights condemnation.</headline>
<byline>John Chalmers</byline>
<dateline>HANOI 1997-05-18</dateline>
<text>
<p>Vietnam has reacted angrily to a critical report by the European Parliament on the communist country's human rights record, saying no one had the right to interfere in the internal affairs of a nation.</p>
<p>&quot;The resolution of the European Parliament on so-called human rights violations in Vietnam is false and does not reflect the real situation in Vietnam...&quot; the Foreign Ministry said in a statement sent to Reuters late on Saturday.</p>
<p>The European Parliament's resolution, issued last week, condemned rights violations committed by the government and called on Hanoi to release all political and religious prisoners.</p>
<p>It said the government continued to restrict civil liberties and violate human rights by significantly restricting freedom of speech, the media, assembly, association and religion.</p>
<p>The resolution also noted that although Vietnam's constitution guarantees freedom of religion, Hanoi was still pursuing &quot;a policy of religious persecution&quot;, in particular against the Unified Buddhist Church of Vietnam (UBCV) and the Catholic Church.</p>
<p>It deplored the fact that all dignitaries of the now-outlawed UBCV had been imprisoned in &quot;inhuman conditions&quot;.</p>
<p>The Foreign Ministry said that no country or international organisation had the right to interfere in the internal affairs of other nations.</p>
<p>It added that the resolution was not in keeping with a principle agreed between Vietnam and the European Union to respect freedom and sovereignty and not to interfere in each other's domestic affairs, which -- it warned -- does not benefit the development of cooperation between the two sides.</p>
<p>Vietnam signed a framework cooperation agreement with the EU in July 1995 which covered trade, investment promotion, the opening of markets, human rights and refugees.</p>
<p>The European Parliament approved the agreement in February 1996, but insisted that the human rights clause in the accord should not just be empty words.</p>
<p>A U.S. State Department issued a report earlier this year which described Hanoi's record on upholding freedoms as poor.</p>
<p>It referred to reports that some prisons used forced labour for commercial ventures, quoted estimates that Vietnam was holding between 70 and 1,000 political prisoners and criticised the behaviour of members of the powerful internal security agency.</p>
<p>Vietnam dismissed that report and countered by highlighting racial problems and violence in the United States and accusing Washington of years of warmongering at home and abroad.</p>
<p>Vietnam habitually rebukes overseas critics of its human rights record. Communist Party officials say that rights issues are being used as a pretext by forces intent on subverting the country's political regime.</p>
</text>
<copyright>(c) Reuters Limited 1997</copyright>
<metadata>
<codes class="bip:countries:1.0">
  <code code="EEC">
    <editdetail attribution="Reuters BIP Coding Group" action="confirmed" date="1997-05-18"/>
  </code>
  <code code="VIETN">
    <editdetail attribution="Reuters BIP Coding Group" action="confirmed" date="1997-05-18"/>
  </code>
</codes>
<codes class="bip:topics:1.0">
  <code code="G15">
    <editdetail attribution="Reuters BIP Coding Group" action="confirmed" date="1997-05-18"/>
  </code>
  <code code="G158">
    <editdetail attribution="Reuters BIP Coding Group" action="confirmed" date="1997-05-18"/>
  </code>
  <code code="GCAT">
    <editdetail attribution="Reuters BIP Coding Group" action="confirmed" date="1997-05-18"/>
  </code>
  <code code="GDIP">
    <editdetail attribution="Reuters BIP Coding Group" action="confirmed" date="1997-05-18"/>
  </code>
  <code code="GPOL">
    <editdetail attribution="Reuters BIP Coding Group" action="confirmed" date="1997-05-18"/>
  </code>
</codes>
<dc element="dc.date.created" value="1997-05-18"/>
<dc element="dc.publisher" value="Reuters Holdings Plc"/>
<dc element="dc.date.published" value="1997-05-18"/>
<dc element="dc.source" value="Reuters"/>
<dc element="dc.creator.location" value="HANOI"/>
<dc element="dc.creator.location.country.name" value="VIETNAM"/>
<dc element="dc.source" value="Reuters"/>
</metadata>
</newsitem>
