<?xml version="1.0" encoding="iso-8859-1" ?>
<newsitem itemid="593464" id="root" date="1997-05-18" xml:lang="en">
<title>TAIWAN: Taiwan activists to fish near disupted islands.</title>
<headline>Taiwan activists to fish near disupted islands.</headline>
<dateline>TAIPEI 1997-05-18</dateline>
<text>
<p>Taiwan activists said on Sunday they would join colleagues from New York and Hong Kong for a fishing competition near disputed islands in the East China Sea on May 22.</p>
<p>They plan to leave a Taiwan port on Thursday evening and hold a fishing competition around 12 nautical miles off the islands, the activists said in a statement.</p>
<p>They said they were just following a government policy which encourages healthy outdoor sports, but the trip is seen as part of moves to take back the islands from the Japanese.</p>
<p>Hong Kong activists said on Saturday they had bought a 21-metre (69 ft) vessel for HK$500,000 (US$65,000) to sail to the rocky outcrops between Taiwan and Japan's Okinawa island chain next week to reclaim them from the Japanese.</p>
<p>They said it would take three days for the dozen activists to arrive at the islands, known as Diaoyu in China and Senkakus in Japan. China, Japan and Taiwan all claim ownership of them.</p>
<p>Taiwan and Hong Kong activists last week called off a planned trip to the islands from Taiwan because of a shortage of funds and pressure from the Taiwanese government.</p>
<p>The construction of a lighthouse on one of the islands by a Japanese rightist group in 1996 lit nationalist passions in Chinese communities in Hong Kong and Taiwan and sparked a wave of landing attempts, during which a Hong Kong activist drowned.</p>
<p>Activists have staged fresh protest marches and demonstrations outside Japan's consulate after several Japanese nationalists landed recently on the islands.</p>
<p>In October 1996, Taiwan and Hong Kong activists broke through a Japanese maritime cordon, went ashore on one of the islands and hoisted the flags of China and Taiwan in a bid to assert Chinese sovereignty over the rocky outcrops.</p>
</text>
<copyright>(c) Reuters Limited 1997</copyright>
<metadata>
<codes class="bip:countries:1.0">
  <code code="CHINA">
    <editdetail attribution="Reuters BIP Coding Group" action="confirmed" date="1997-05-18"/>
  </code>
  <code code="HKONG">
    <editdetail attribution="Reuters BIP Coding Group" action="confirmed" date="1997-05-18"/>
  </code>
  <code code="JAP">
    <editdetail attribution="Reuters BIP Coding Group" action="confirmed" date="1997-05-18"/>
  </code>
  <code code="TAIWAN">
    <editdetail attribution="Reuters BIP Coding Group" action="confirmed" date="1997-05-18"/>
  </code>
  <code code="USA">
    <editdetail attribution="Reuters BIP Coding Group" action="confirmed" date="1997-05-18"/>
  </code>
</codes>
<codes class="bip:topics:1.0">
  <code code="GCAT">
    <editdetail attribution="Reuters BIP Coding Group" action="confirmed" date="1997-05-18"/>
  </code>
  <code code="GDIP">
    <editdetail attribution="Reuters BIP Coding Group" action="confirmed" date="1997-05-18"/>
  </code>
  <code code="GVIO">
    <editdetail attribution="Reuters BIP Coding Group" action="confirmed" date="1997-05-18"/>
  </code>
</codes>
<dc element="dc.date.created" value="1997-05-18"/>
<dc element="dc.publisher" value="Reuters Holdings Plc"/>
<dc element="dc.date.published" value="1997-05-18"/>
<dc element="dc.source" value="Reuters"/>
<dc element="dc.creator.location" value="TAIPEI"/>
<dc element="dc.creator.location.country.name" value="TAIWAN"/>
<dc element="dc.source" value="Reuters"/>
</metadata>
</newsitem>
