<?xml version="1.0" encoding="iso-8859-1" ?>
<newsitem itemid="593487" id="root" date="1997-05-18" xml:lang="en">
<title>TURKEY: Turk helicopter crashes in Iraq, two dead - army.</title>
<headline>Turk helicopter crashes in Iraq, two dead - army.</headline>
<dateline>ANKARA 1997-05-18</dateline>
<text>
<p>Turkey's military headquarters said on Sunday an army helicopter had crashed in northern Iraq after a &quot;technical fault&quot; during the cross-border operation against separatist Kurdish rebels, killing two pilots.</p>
<p>&quot;A helicopter belonging to the army crashed because of a technical fault on May 18 at 7:30 a.m. (0430 GMT) south of the Cukurca area of Hakkari province,&quot; the general staff said in a brief statement.</p>
<p>On Saturday, pro-Kurdish MED-TV said the PKK had shot down a Turkish helicopter near Amediye, 70 km (45 miles) northeast of the Iraqi provincial capital Dohuk. MED-TV offered no other details.</p>
<p>Amediye is just across the Iraqi border from the Turkish province of Hakkari.</p>
<p>Journalists have been barred from the region by Turkish troops and their Iraqi Kurdish allies, the Kurdistan Democratic Party (KDP). Communications were also blocked, making independent confirmation of this and other incidents impossible.</p>
<p>The five-day-old operation against PKK guerrilla bases inside the Kurdish &quot;safe haven&quot; of northern Iraq has drawn criticism from Ankara's Western allies and the United Nations.</p>
<p>The military has said they have killed 902 guerrillas so far for the loss of 12 members of the security forces.</p>
<p>The Germany-based DEM agency, which is close to the PKK, said in a statement on Saturday that more than 40 Turkish soldiers had been killed in clashes with the rebels. It gave no figure for PKK losses.</p>
</text>
<copyright>(c) Reuters Limited 1997</copyright>
<metadata>
<codes class="bip:countries:1.0">
  <code code="IRAQ">
    <editdetail attribution="Reuters BIP Coding Group" action="confirmed" date="1997-05-18"/>
  </code>
  <code code="TURK">
    <editdetail attribution="Reuters BIP Coding Group" action="confirmed" date="1997-05-18"/>
  </code>
</codes>
<codes class="bip:topics:1.0">
  <code code="GCAT">
    <editdetail attribution="Reuters BIP Coding Group" action="confirmed" date="1997-05-18"/>
  </code>
  <code code="GDIS">
    <editdetail attribution="Reuters BIP Coding Group" action="confirmed" date="1997-05-18"/>
  </code>
  <code code="GVIO">
    <editdetail attribution="Reuters BIP Coding Group" action="confirmed" date="1997-05-18"/>
  </code>
</codes>
<dc element="dc.date.created" value="1997-05-18"/>
<dc element="dc.publisher" value="Reuters Holdings Plc"/>
<dc element="dc.date.published" value="1997-05-18"/>
<dc element="dc.source" value="Reuters"/>
<dc element="dc.creator.location" value="ANKARA"/>
<dc element="dc.creator.location.country.name" value="TURKEY"/>
<dc element="dc.source" value="Reuters"/>
</metadata>
</newsitem>
