<?xml version="1.0" encoding="iso-8859-1" ?>
<newsitem itemid="593456" id="root" date="1997-05-18" xml:lang="en">
<title>MONGOLIA: Mongolians cast votes for president in tight race.</title>
<headline>Mongolians cast votes for president in tight race.</headline>
<byline>Irja Halasz</byline>
<dateline>ULAN BATOR 1997-05-18</dateline>
<text>
<p>Mongolians went to the polls on Sunday to vote for a new president in a race seen neck and neck between the nation's reformist leader and his challenger from the former communist party.</p>
<p>Some voters arrived on horseback while others walked from their felt tents on the outskirts of the capital to reach polling stations that opened early on Sunday.</p>
<p>A smiling President Punsalmaagiin Ochirbat cast his ballot and told his electorate this was a crucial contest for the once-communist nation.</p>
<p>&quot;This is an important election,&quot; said the 55-year-old candidate of the Democratic Union Coalition as he and his wife Tsevelmaa greeted voters at a polling station in the capital.</p>
<p>&quot;The person who is elected will lead us into the next century.&quot;</p>
<p>Ochirbat, who won Mongolia's first direct presidential election in June 1993 as an opposition candidate after he was dumped by the then-ruling party, the formerly communist Mongolian People's Revolutionary Party, has promised to continue his drive for democracy with another four-year term.</p>
<p>He has also pledged to eradicate poverty in a country where one in five Mongolians lives below the official poverty line with an income of $10 a month.</p>
<p>His main opponent, Natsagiin Bagabandi of the opposition Mongolian People's Revolutionary Party that had ruled for 75 years before their surprise election defeat last year, has campaigned for a slowdown of reforms that have created widespread economic dislocation.</p>
<p>Bagabandi, 47, has tried to appeal to those who have been left jobless as Mongolia moves from Stalinist central planning to a market economy.</p>
<p>&quot;If I become president ... I will direct my efforts to make the state work like a real state,&quot; he said as he cast his vote.</p>
<p>A poll by the Sant Maaral Centre, a local think tank, gave the challenger 51 percent of the vote to the president's 44 percent.</p>
<p>Ochirbat's party controls parliament but the challenger, if elected, might be able to block legislation with a veto.</p>
<p>The 1.1 million eligible voters in this vast land wedged between Russia and China have a third candidate to choose from, Jambiin Gombojav, a parliament member running on the Mongolian Traditional United Party ticket. He is far behind the front-runners.</p>
<p>Poll officials said voter turnout would be high by Western standards but lower than the 90 percent seen in elections over the past few years.</p>
<p>&quot;We expect about 70 percent of the 1,700 voters in this constituency to turn up,&quot; said Chagnaa a leader from Amgalan district on the outskirts of the city.</p>
<p>Results from across the sprawling land of the steppes were expected to be known on Monday at the earliest.</p>
</text>
<copyright>(c) Reuters Limited 1997</copyright>
<metadata>
<codes class="bip:countries:1.0">
  <code code="MONGLA">
    <editdetail attribution="Reuters BIP Coding Group" action="confirmed" date="1997-05-18"/>
  </code>
</codes>
<codes class="bip:topics:1.0">
  <code code="GCAT">
    <editdetail attribution="Reuters BIP Coding Group" action="confirmed" date="1997-05-18"/>
  </code>
  <code code="GPOL">
    <editdetail attribution="Reuters BIP Coding Group" action="confirmed" date="1997-05-18"/>
  </code>
  <code code="GVOTE">
    <editdetail attribution="Reuters BIP Coding Group" action="confirmed" date="1997-05-18"/>
  </code>
</codes>
<dc element="dc.date.created" value="1997-05-18"/>
<dc element="dc.publisher" value="Reuters Holdings Plc"/>
<dc element="dc.date.published" value="1997-05-18"/>
<dc element="dc.source" value="Reuters"/>
<dc element="dc.creator.location" value="ULAN BATOR"/>
<dc element="dc.creator.location.country.name" value="MONGOLIA"/>
<dc element="dc.source" value="Reuters"/>
</metadata>
</newsitem>
