<?xml version="1.0" encoding="iso-8859-1" ?>
<newsitem itemid="593498" id="root" date="1997-05-18" xml:lang="en">
<title>ISRAEL: U.S. envoy slams Israeli trade policy.</title>
<headline>U.S. envoy slams Israeli trade policy.</headline>
<dateline>TEL AVIV 1997-05-18</dateline>
<text>
<p>U.S. Ambassador to Israel Martin Indyk on Sunday sharply criticised Israeli trade policy, saying the Jewish state had an obligation to step up imports from the United States.</p>
<p>&quot;You owe it to us. It's an important way to reciprocate our friendship and support, although we give it freely,&quot; Indyk said in a speech before the U.S.-Israel Chamber of Commerce also attended by Israeli Prime Minister Benjamin Netanyahu.</p>
<p>&quot;The problem is that you have a huge deficit in your trading relationship with Europe and you should share some of that with the U.S.,&quot; he said, noting that the United States accounted for 20 percent of imports to Israel versus Europe's 50 percent.</p>
<p>Israel's trade minister said recently that Israel's chronic trade deficit with Europe reached about $10 billion last year.</p>
<p>Indyk was critical of Israeli policy regarding government tenders. He said U.S. contractors felt the process was unfair.</p>
<p>He also faulted Israel's failing to respect intellectual property rights and noted that Israel had been placed on the U.S. trade representative's list of countries under surveillance for violating copyright and other related matters.</p>
<p>Israel was added to the list in April. A U.S. embassy spokesman said that Israeli actions would be monitored but there was no immediate threat of countervailing action.</p>
<p>Indyk said Israeli technical standards and packaging rules &quot;unfairly discriminate against U.S. products&quot;. He said Israel had repeatedly promised to take action but nothing had happened.</p>
<p>He added Israeli insurance rates discriminated against U.S.-made cars.</p>
<p>And he scored Israel's food import policy for banning both kosher and non-kosher meat imports -- kosher meat being that slaughtered according to Jewish ritual law.</p>
<p>Israel should allow imports of kosher U.S. meat, he said, describing a ban on kosher imports as &quot;not fair, pure and simple.&quot;</p>
<p>- Jerusalem newsroom 972-2-537-0502.</p>
</text>
<copyright>(c) Reuters Limited 1997</copyright>
<metadata>
<codes class="bip:countries:1.0">
  <code code="ISRAEL">
    <editdetail attribution="Reuters BIP Coding Group" action="confirmed" date="1997-05-18"/>
  </code>
  <code code="USA">
    <editdetail attribution="Reuters BIP Coding Group" action="confirmed" date="1997-05-18"/>
  </code>
</codes>
<codes class="bip:topics:1.0">
  <code code="E51">
    <editdetail attribution="Reuters BIP Coding Group" action="confirmed" date="1997-05-18"/>
  </code>
  <code code="E512">
    <editdetail attribution="Reuters BIP Coding Group" action="confirmed" date="1997-05-18"/>
  </code>
  <code code="ECAT">
    <editdetail attribution="Reuters BIP Coding Group" action="confirmed" date="1997-05-18"/>
  </code>
</codes>
<dc element="dc.date.created" value="1997-05-18"/>
<dc element="dc.publisher" value="Reuters Holdings Plc"/>
<dc element="dc.date.published" value="1997-05-18"/>
<dc element="dc.source" value="Reuters"/>
<dc element="dc.creator.location" value="TEL AVIV"/>
<dc element="dc.creator.location.country.name" value="ISRAEL"/>
<dc element="dc.source" value="Reuters"/>
</metadata>
</newsitem>
