<?xml version="1.0" encoding="iso-8859-1" ?>
<newsitem itemid="593411" id="root" date="1997-05-18" xml:lang="en">
<title>AUSTRALIA: Jailed Australian drugs baron Savvas dead.</title>
<headline>Jailed Australian drugs baron Savvas dead.</headline>
<dateline>SYDNEY 1997-05-18</dateline>
<text>
<p>Jailed Australian drug smuggler George Savvas was found dead in his prison cell on Sunday after attempting a jail break with Australia's most notorious serial killer Ivan Milat.</p>
<p>Australian police said Savvas' body was found hanging in his cell less than 24 hours after authorities foiled an escape plan he had planned with Milat and two others.</p>
<p>&quot;He had been seen by a few people last night, obviously being questioned about the escape,&quot; Australian Associated Press quoted a Corrective Services spokeswoman as saying.</p>
<p>&quot;It's fair to say that everyone here's very surprised. His personality would not be one where you would expect him to do something like that,&quot; she said.</p>
<p>&quot;He's had a big disappointment yesterday, I suppose you have to take that into account.&quot;</p>
<p>The spokeswoman said an inquest would be held into the death, a standard procedure when a prisoner dies in custody.</p>
<p>Savvas, 47, had served about six-and-a-half years of a 30-year sentence for conspiring to import heroin.</p>
<p>He escaped from another jail in July last year and was recaptured on March 20 at an exclusive Japanese restaurant in Sydney after police were tipped off.</p>
<p>Milat, 51, is serving a life sentence for the murder of seven backpackers, including five Europeans, outside Sydney.</p>
</text>
<copyright>(c) Reuters Limited 1997</copyright>
<metadata>
<codes class="bip:countries:1.0">
  <code code="AUSTR">
    <editdetail attribution="Reuters BIP Coding Group" action="confirmed" date="1997-05-18"/>
  </code>
</codes>
<codes class="bip:topics:1.0">
  <code code="GCAT">
    <editdetail attribution="Reuters BIP Coding Group" action="confirmed" date="1997-05-18"/>
  </code>
  <code code="GCRIM">
    <editdetail attribution="Reuters BIP Coding Group" action="confirmed" date="1997-05-18"/>
  </code>
</codes>
<dc element="dc.date.created" value="1997-05-18"/>
<dc element="dc.publisher" value="Reuters Holdings Plc"/>
<dc element="dc.date.published" value="1997-05-18"/>
<dc element="dc.source" value="Reuters"/>
<dc element="dc.creator.location" value="SYDNEY"/>
<dc element="dc.creator.location.country.name" value="AUSTRALIA"/>
<dc element="dc.source" value="Reuters"/>
</metadata>
</newsitem>
