<?xml version="1.0" encoding="iso-8859-1" ?>
<newsitem itemid="593497" id="root" date="1997-05-18" xml:lang="en">
<title>DUBAI: Hearing for British nurses in Saudi set for Monday.</title>
<headline>Hearing for British nurses in Saudi set for Monday.</headline>
<dateline>DUBAI 1997-05-18</dateline>
<text>
<p>The lawyer of two British nurses charged with killing an Australian colleague in Saudi Arabia said on Sunday the first court hearing in the murder case would be held on Monday.</p>
<p>&quot;There will be a first hearing tomorrow (Monday) at noon (0900 GMT),&quot; Saudi lawyer Salah al-Hejailan told Reuters. &quot;It's not expected to last more than an hour or an hour and a half, maybe two hours at most. It is a preliminary hearing.&quot;</p>
<p>Hejailan said it was not yet clear whether Deborah Parry, 41, and Lucille McLauchlan, 31, would appear in court.</p>
<p>The two women have been charged with the murder of nurse Yvonne Gilford, 55, in her dormitory room at the King Fahd medical complex in the eastern oil city of Dhahran on December 11. She had been stabbed, bludgeoned with a hammer and suffocated.</p>
<p>The women have been imprisoned in the nearby city of Dammam since December. If convicted of murder, they could face public beheading by the sword, the first time Western women would have been executed in the conservative Islamic kingdom.</p>
<p>Hejailan said the preliminary hearing would cover issues such as power of attorney and schedule future court sessions.</p>
<p>&quot;They will also fix a date for the prosecutor to read his report and outline the list of evidence,&quot; he said.</p>
<p>&quot;We will be getting a copy of that and then we will respond to each (piece) of evidence. We may need many hearings for that. Maybe we need examinations, maybe we need special tests,&quot; Hejailan added.</p>
<p>Saudi police said the nurses confessed to the murder and the confessions had been filed with Saudi judges.</p>
<p>But Hejailan's firm said the women had withdrawn their confessions, and one of them retracted a statement that she had had a lesbian relationship with the victim.</p>
<p>&quot;Still the position of my clients is that they haven't done it,&quot; Hejailan said. &quot;They have retracted everything. The formal position of my clients is still as it was declared before that they have retracted their confession and they have not done any act.&quot;</p>
</text>
<copyright>(c) Reuters Limited 1997</copyright>
<metadata>
<codes class="bip:countries:1.0">
  <code code="AUSTR">
    <editdetail attribution="Reuters BIP Coding Group" action="confirmed" date="1997-05-18"/>
  </code>
  <code code="SAARAB">
    <editdetail attribution="Reuters BIP Coding Group" action="confirmed" date="1997-05-18"/>
  </code>
  <code code="UK">
    <editdetail attribution="Reuters BIP Coding Group" action="confirmed" date="1997-05-18"/>
  </code>
</codes>
<codes class="bip:topics:1.0">
  <code code="GCAT">
    <editdetail attribution="Reuters BIP Coding Group" action="confirmed" date="1997-05-18"/>
  </code>
  <code code="GCRIM">
    <editdetail attribution="Reuters BIP Coding Group" action="confirmed" date="1997-05-18"/>
  </code>
</codes>
<dc element="dc.date.created" value="1997-05-18"/>
<dc element="dc.publisher" value="Reuters Holdings Plc"/>
<dc element="dc.date.published" value="1997-05-18"/>
<dc element="dc.source" value="Reuters"/>
<dc element="dc.creator.location" value="DUBAI"/>
<dc element="dc.creator.location.country.name" value="DUBAI"/>
<dc element="dc.source" value="Reuters"/>
</metadata>
</newsitem>
