<?xml version="1.0" encoding="iso-8859-1" ?>
<newsitem itemid="593435" id="root" date="1997-05-18" xml:lang="en">
<title>CHINA: China listed power firms EPS beats market in 1996.</title>
<headline>China listed power firms EPS beats market in 1996.</headline>
<dateline>SHANGHAI 1997-05-18</dateline>
<text>
<p>The average earnings per share (EPS) of China's domestically-listed power companies outpaced the overall market in 1996, the official China Daily Business Weekly reported on Sunday.</p>
<p>The average EPS for 17 locally-listed power companies was 0.39 yuan for 1996, 33 percent higher than the average for all the listed companies on the Shanghai and Shenzhen Stock Exchanges, the newspaper said.</p>
<p>The power companies registered satisfactory performances in 1996, helped by China's growing demand for electricity to fuel economic growth, it said, adding the government plans tax breaks and other favourable policies to ensure continued development of the industry.</p>
<p>($1=8.3 Chinese yuan)</p>
</text>
<copyright>(c) Reuters Limited 1997</copyright>
<metadata>
<codes class="bip:countries:1.0">
  <code code="CHINA">
    <editdetail attribution="Reuters BIP Coding Group" action="confirmed" date="1997-05-18"/>
  </code>
</codes>
<codes class="bip:industries:1.0">
  <code code="I16100">
    <editdetail attribution="Reuters BIP Coding Group" action="confirmed" date="1997-05-18"/>
  </code>
</codes>
<codes class="bip:topics:1.0">
  <code code="C15">
    <editdetail attribution="Reuters BIP Coding Group" action="confirmed" date="1997-05-18"/>
  </code>
  <code code="C151">
    <editdetail attribution="Reuters BIP Coding Group" action="confirmed" date="1997-05-18"/>
  </code>
  <code code="CCAT">
    <editdetail attribution="Reuters BIP Coding Group" action="confirmed" date="1997-05-18"/>
  </code>
</codes>
<dc element="dc.date.created" value="1997-05-18"/>
<dc element="dc.publisher" value="Reuters Holdings Plc"/>
<dc element="dc.date.published" value="1997-05-18"/>
<dc element="dc.source" value="Reuters"/>
<dc element="dc.creator.location" value="SHANGHAI"/>
<dc element="dc.creator.location.country.name" value="CHINA"/>
<dc element="dc.source" value="Reuters"/>
</metadata>
</newsitem>
