<?xml version="1.0" encoding="iso-8859-1" ?>
<newsitem itemid="593588" id="root" date="1997-05-18" xml:lang="en">
<title>USA: Willis' &quot;Element&quot; remains top movie at U.S. box office.</title>
<headline>Willis' &quot;Element&quot; remains top movie at U.S. box office.</headline>
<dateline>LOS ANGELES 1997-05-18</dateline>
<text>
<p>The Bruce Willis sci-fi picture &quot;The Fifth Element&quot; was the top film at the U.S. box office for the second consecutive weekend, during which the top five films were unchanged from the prior period, according to studio estimates released Sunday.</p>
<p>The top 10 contained only two new entries, &quot;Night Falls on Manhattan,&quot; tied for sixth place, and &quot;Sprung&quot; at eighth. The box office is in a holding pattern awaiting next Friday's opening of &quot;The Lost World: Jurassic Park&quot; from Steven Spielberg and Universal Pictures.</p>
<p>&quot;The Fifth Element,&quot; a French-made movie that critics have generally termed baffling, earned an estimated $11.6 million in the Friday-to-Sunday period, a reasonable 32 percent drop from last weekend. Its 10-day total stands at $34.4 million. This weekend, it earned an average of $4,640 from 2,500 screens, the highest average in the top 10.</p>
<p>The film was produced by major French studio Gaumont SA and released in the United States by Columbia Pictures, a unit of Sony Corp.</p>
<p>Warner Bros.' &quot;Fathers' Day&quot; was second with $6.4 million, followed by Paramount Pictures' &quot;Breakdown&quot; with $6.1 million, New Line Cinema's &quot;Austin Powers -- International Man of Mystery&quot; with $5.6 million and 20th Century Fox's &quot;Volcano&quot; with $3.6 million.</p>
<p>Universal's Jim Carrey comedy &quot;Liar Liar,&quot; which was sixth last week, had to share that spot this time with &quot;Night Falls on Manhattan,&quot; a Paramount crime drama starring Andy Garcia and Lena Olin. The $3,958 per-screen average for &quot;Night&quot; was the second-highest in the top 10.</p>
<p>&quot;Sprung,&quot; an urban comedy starring Tisha Campbell and writer/director Rusty Cundieff, earned $2.5 million over the weekend for a $3,205 average -- the third-highest in the top 10. Since opening on Wednesday, the picture has earned $3.0 million. It is released by Trimark Pictures.</p>
<p>Warner Bros. and New Line are units of Time Warner Inc.. Paramount is a unit of Viacom Inc. 20th Century Fox is a unit of News Corp.. Universal Pictures is a unit of Seagram Co. Ltd..</p>
</text>
<copyright>(c) Reuters Limited 1997</copyright>
<metadata>
<codes class="bip:countries:1.0">
  <code code="USA">
    <editdetail attribution="Reuters BIP Coding Group" action="confirmed" date="1997-05-18"/>
  </code>
</codes>
<codes class="bip:industries:1.0">
  <code code="I34540">
    <editdetail attribution="Reuters BIP Coding Group" action="confirmed" date="1997-05-18"/>
  </code>
  <code code="I42400">
    <editdetail attribution="Reuters BIP Coding Group" action="confirmed" date="1997-05-18"/>
  </code>
  <code code="I47500">
    <editdetail attribution="Reuters BIP Coding Group" action="confirmed" date="1997-05-18"/>
  </code>
  <code code="I83960">
    <editdetail attribution="Reuters BIP Coding Group" action="confirmed" date="1997-05-18"/>
  </code>
  <code code="I97100">
    <editdetail attribution="Reuters BIP Coding Group" action="confirmed" date="1997-05-18"/>
  </code>
  <code code="I97400">
    <editdetail attribution="Reuters BIP Coding Group" action="confirmed" date="1997-05-18"/>
  </code>
</codes>
<codes class="bip:topics:1.0">
  <code code="C31">
    <editdetail attribution="Reuters BIP Coding Group" action="confirmed" date="1997-05-18"/>
  </code>
  <code code="CCAT">
    <editdetail attribution="Reuters BIP Coding Group" action="confirmed" date="1997-05-18"/>
  </code>
  <code code="GCAT">
    <editdetail attribution="Reuters BIP Coding Group" action="confirmed" date="1997-05-18"/>
  </code>
  <code code="GENT">
    <editdetail attribution="Reuters BIP Coding Group" action="confirmed" date="1997-05-18"/>
  </code>
</codes>
<dc element="dc.date.created" value="1997-05-18"/>
<dc element="dc.publisher" value="Reuters Holdings Plc"/>
<dc element="dc.date.published" value="1997-05-18"/>
<dc element="dc.source" value="Reuters"/>
<dc element="dc.creator.location" value="LOS ANGELES"/>
<dc element="dc.creator.location.country.name" value="USA"/>
<dc element="dc.source" value="Reuters"/>
</metadata>
</newsitem>
