<?xml version="1.0" encoding="iso-8859-1" ?>
<newsitem itemid="593585" id="root" date="1997-05-18" xml:lang="en">
<title>USA: Top aide says Mideast peace not ripe for Clinton.</title>
<headline>Top aide says Mideast peace not ripe for Clinton.</headline>
<dateline>WASHINGTON 1997-05-18</dateline>
<text>
<p>President Bill Clinton's national security adviser on Sunday brushed off a Palestinian call for Clinton to make a dramatic intervention in the Middle East peace process.</p>
<p>&quot;Presidential involvement is happening every day,&quot; security adviser Samuel Berger said in an interview on CNN. He said the time was not ripe for a Camp David-style summit like that staged by President Jimmy Carter in 1978 to forge a peace between Israel and Egypt.</p>
<p>&quot;The point here is not dramatic moments, the point here is progress in the peace process,&quot; Berger said. &quot;And the parties themselves have to be prepared to make the kinds of compromises, the kinds of commitments, that would make a dramatic moment not only dramatic but successful.&quot;</p>
<p>Palestinian leader Yasser Arafat sent Clinton a letter on Friday declaring U.S. special envoy Dennis Ross's latest mission a failure and asking Clinton to interve personally in deadlocked Israeli-Palestinian talks.</p>
<p>Berger said the United States would continue to push to get the dialogue back on track, adding, however: &quot;You don't have grand gestures unless you believe they're going to be successful.&quot;</p>
</text>
<copyright>(c) Reuters Limited 1997</copyright>
<metadata>
<codes class="bip:countries:1.0">
  <code code="ISRAEL">
    <editdetail attribution="Reuters BIP Coding Group" action="confirmed" date="1997-05-18"/>
  </code>
  <code code="USA">
    <editdetail attribution="Reuters BIP Coding Group" action="confirmed" date="1997-05-18"/>
  </code>
</codes>
<codes class="bip:topics:1.0">
  <code code="GCAT">
    <editdetail attribution="Reuters BIP Coding Group" action="confirmed" date="1997-05-18"/>
  </code>
  <code code="GDIP">
    <editdetail attribution="Reuters BIP Coding Group" action="confirmed" date="1997-05-18"/>
  </code>
</codes>
<dc element="dc.date.created" value="1997-05-18"/>
<dc element="dc.publisher" value="Reuters Holdings Plc"/>
<dc element="dc.date.published" value="1997-05-18"/>
<dc element="dc.source" value="Reuters"/>
<dc element="dc.creator.location" value="WASHINGTON"/>
<dc element="dc.creator.location.country.name" value="USA"/>
<dc element="dc.source" value="Reuters"/>
</metadata>
</newsitem>
