<?xml version="1.0" encoding="iso-8859-1" ?>
<newsitem itemid="593527" id="root" date="1997-05-18" xml:lang="en">
<title>ISRAEL: PLO says Israel trying to destroy peace deals.</title>
<headline>PLO says Israel trying to destroy peace deals.</headline>
<byline>Wafa Amr</byline>
<dateline>AL-BIREH, West Bank 1997-05-18</dateline>
<text>
<p>A senior PLO official on Sunday accused Israel of systematically aiming to scrap peace deals and gradually implement a new plan depriving Palestinians of self-determination on their land.</p>
<p>&quot;The plan of the current Israeli government is to reach an unjust settlement with the Palestinians. It is to give Palestinians limited administrative powers but no control over the land,&quot; Palestinian Information and Culture Minister Yasser Abed-Rabbo told reporters.</p>
<p>&quot;Israel has started to implement this plan by gradually destroying the PLO-Israeli peace deals through land confiscations, building settlements and by demolishing Palestinian houses in areas not under its civilian jurisdiction,&quot; he told reporters.</p>
<p>Top PLO negotiator Mahmoud Abbas, better known as Abu Mazen, said Prime Minister Benjamin Netanyahu's government, which came to power last June, was returning to a formula of Likud Prime Minister Menachem Begin as part of the Camp David accords in 1978 with Egypt and rejected by Palestinians.</p>
<p>&quot;That proposal gave Palestinians limited powers to administer themselves but no control over the land,&quot; Abbas told Reuters.</p>
<p>&quot;An occupier has no right to build on Palestinian occupied land,&quot; he said.</p>
<p>Netanyahu came to power reluctant to carry out Israeli-PLO peace deals launched in 1993 by the Labour-led government he ousted. Peace talks have ground to a halt since March when Netanyahu started a Jewish settlement in East Jerusalem, which Israel occupied in 1967 and later annexed.</p>
<p>PLO officials said an Israeli plan to demolish 500 Palestinian homes in the West Bank amounted to a policy of ethnic cleansing likely to spark violence.</p>
<p>&quot;These actions are leading to mounting Palestinian frustration which could spark popular violence directed not only against Israel but also against the Palestinian Authority,&quot; Abed Rabbo said.</p>
<p>&quot;Palestinians only see land confiscations, building of settlements, house demolitions and a weak Authority. This will lead to a great explosion with dire consequences,&quot; Abed Rabbo said.</p>
</text>
<copyright>(c) Reuters Limited 1997</copyright>
<metadata>
<codes class="bip:countries:1.0">
  <code code="ISRAEL">
    <editdetail attribution="Reuters BIP Coding Group" action="confirmed" date="1997-05-18"/>
  </code>
</codes>
<codes class="bip:topics:1.0">
  <code code="GCAT">
    <editdetail attribution="Reuters BIP Coding Group" action="confirmed" date="1997-05-18"/>
  </code>
  <code code="GPOL">
    <editdetail attribution="Reuters BIP Coding Group" action="confirmed" date="1997-05-18"/>
  </code>
  <code code="GVIO">
    <editdetail attribution="Reuters BIP Coding Group" action="confirmed" date="1997-05-18"/>
  </code>
</codes>
<dc element="dc.date.created" value="1997-05-18"/>
<dc element="dc.publisher" value="Reuters Holdings Plc"/>
<dc element="dc.date.published" value="1997-05-18"/>
<dc element="dc.source" value="Reuters"/>
<dc element="dc.creator.location" value="AL-BIREH, West Bank"/>
<dc element="dc.creator.location.country.name" value="ISRAEL"/>
<dc element="dc.source" value="Reuters"/>
</metadata>
</newsitem>
