<?xml version="1.0" encoding="iso-8859-1" ?>
<newsitem itemid="593513" id="root" date="1997-05-18" xml:lang="en">
<title>ISRAEL: Israeli shares end higher after CPI.</title>
<headline>Israeli shares end higher after CPI.</headline>
<dateline>TEL AVIV 1997-05-18</dateline>
<text>
<p>Israeli shares closed higher on Sunday after the release of a lower-than-expected April consumer price index (CPI), traders said.</p>
<p>The benchmark Mishtanim index of the top 100 shares rose 0.66 percent, or 1.73 points, to 265.84 on all-share turnover of 115 million shekels against 160 million shekels on Thursday, the last day of trading before the Israeli weekend.</p>
<p>The Maof 25 blue chip index closed 0.71 percent higher at 273.27.</p>
<p>The April CPI, released after the end of the trading day on Thursday, rose 0.7 percent, lower than market expectations of a rise of 1.1 percent.</p>
<p>&quot;The relatively low CPI was the main reason for today's rise but the market is rising very slowly. It's difficult to predict where the market is going in the coming days and it is facing a test at the current level,&quot; said Yossi Weidelfeld at Eyal Securities.</p>
<p>&quot;The market made a nice move during the last few weeks and the lower-than-expected CPI is another indicator supporting the positive trend,&quot; said Jacques Goldhar, head of International Activities at Jerusalem Capital Markets.</p>
<p>Weidelfeld said that in the long term the market will continue to rise. &quot;The trend is positive but in the short term everything is possible,&quot; he said.</p>
<p>&quot;The CPI together with other economic indicators will put more pressure on the Bank of Israel to lower its key lending rate,&quot; Goldhar said.</p>
<p>The central bank last cut its key rate at the end of February to 13.9 percent.</p>
<p>&quot;I believe that we will see a moderate rate cut of less than 0.5 percentage points this month,&quot; Weidelfeld said.</p>
<p>Goldhar added that another indicator supporting the positive mood is that the market is rising with growing volume.</p>
<p>Bank Leumi, the most active share, rose 3.0 percent to 530 agorot on volume of 7.3 million shekels. The head of MI Holdings, the Israeli government agency charged with selling state-owned banks, said on Sunday a European road-show to woo investors for a share offering of Bank Leumi was sucessful.</p>
<p>Discount Investments rose 3.75 percent to 28,803 agorot. The company said on Sunday that earnings per share for the first quarter of 1997 rose to 7.1 shekels from 5.9 shekels a year earlier.</p>
<p>Delek, the Israel Fuel Corp, gained 2.25 percent to 10,534 agorot. Delek said on Sunday that net profit in the first quarter rose to 42.8 million shekels from 29.8 million shekels at the same quarter last year.</p>
<p>Other active share include Bank Discount which gained 1.25 percent to 368 agorot on turnover of 5.8 million shekels and Bezeq Israel Telecom, which rose 0.5 percent to 870 agorot on volume of 5.4 million shekels.</p>
<p>($1 = 3.39 shekels)</p>
<p>- Dan Gerstenfeld, Tel Aviv newsroom, 972-3-537-2211</p>
</text>
<copyright>(c) Reuters Limited 1997</copyright>
<metadata>
<codes class="bip:countries:1.0">
  <code code="ISRAEL">
    <editdetail attribution="Reuters BIP Coding Group" action="confirmed" date="1997-05-18"/>
  </code>
</codes>
<codes class="bip:topics:1.0">
  <code code="M11">
    <editdetail attribution="Reuters BIP Coding Group" action="confirmed" date="1997-05-18"/>
  </code>
  <code code="MCAT">
    <editdetail attribution="Reuters BIP Coding Group" action="confirmed" date="1997-05-18"/>
  </code>
</codes>
<dc element="dc.date.created" value="1997-05-18"/>
<dc element="dc.publisher" value="Reuters Holdings Plc"/>
<dc element="dc.date.published" value="1997-05-18"/>
<dc element="dc.source" value="Reuters"/>
<dc element="dc.creator.location" value="TEL AVIV"/>
<dc element="dc.creator.location.country.name" value="ISRAEL"/>
<dc element="dc.source" value="Reuters"/>
</metadata>
</newsitem>
