<?xml version="1.0" encoding="iso-8859-1" ?>
<newsitem itemid="593514" id="root" date="1997-05-18" xml:lang="en">
<title>LEBANON: Israeli planes strike in Lebanon.</title>
<headline>Israeli planes strike in Lebanon.</headline>
<dateline>RASHAYYA, Lebanon 1997-05-18</dateline>
<text>
<p>Israeli warplanes hit Hizbollah targets in south Lebanon on Sunday, security sources said.</p>
<p>Two Israeli fighter jets fired two rockets into the hills of Jabal ad-Dahr Daidaba southwest of the Bekaa Valley, where Hizbollah guerrillas killed three Israeli soldiers and wounded seven on Thursday, they said.  </p>
<p>There was no immediate word on casualties in the air raid -- the fifth into Lebanon in three days and the 35th in 1997.</p>
<p>Simultaneously, Israeli artillerymen rocketed the area and a pilotless reconnaissance aircraft was seen in the air.</p>
</text>
<copyright>(c) Reuters Limited 1997</copyright>
<metadata>
<codes class="bip:countries:1.0">
  <code code="ISRAEL">
    <editdetail attribution="Reuters BIP Coding Group" action="confirmed" date="1997-05-18"/>
  </code>
  <code code="LEBAN">
    <editdetail attribution="Reuters BIP Coding Group" action="confirmed" date="1997-05-18"/>
  </code>
</codes>
<codes class="bip:topics:1.0">
  <code code="GCAT">
    <editdetail attribution="Reuters BIP Coding Group" action="confirmed" date="1997-05-18"/>
  </code>
  <code code="GVIO">
    <editdetail attribution="Reuters BIP Coding Group" action="confirmed" date="1997-05-18"/>
  </code>
</codes>
<dc element="dc.date.created" value="1997-05-18"/>
<dc element="dc.publisher" value="Reuters Holdings Plc"/>
<dc element="dc.date.published" value="1997-05-18"/>
<dc element="dc.source" value="Reuters"/>
<dc element="dc.creator.location" value="RASHAYYA, Lebanon"/>
<dc element="dc.creator.location.country.name" value="LEBANON"/>
<dc element="dc.source" value="Reuters"/>
</metadata>
</newsitem>
