<?xml version="1.0" encoding="iso-8859-1" ?>
<newsitem itemid="593563" id="root" date="1997-05-18" xml:lang="en">
<title>KUWAIT: PRESS DIGEST - Kuwait - May 18.</title>
<headline>PRESS DIGEST - Kuwait - May 18.</headline>
<dateline>KUWAIT 1997-05-18</dateline>
<text>
<p>These are some of the leading stories in Kuwait's press on Sunday. Reuters has not verified these stories and does not vouch for their accuracy.</p>
<p>AL-WATAN</p>
<p>- Kuwait to prosecute 1,500 stateless people for allegedly hiding their original nationalities and demanding Kuwaiti citizenship. Some 100,000 stateless people, mainly Arabs, reside in Kuwait.</p>
<p>- Gulf Arab industry and commerce ministers to open talks in Riyadh on Sunday.</p>
<p>AL-QABAS</p>
<p>- Chamber of Commerce and Industry to form joint committees to review problems of commercial and industrial unions.</p>
<p>AL-ANBA</p>
<p>- Health insurance to be imposed on foreigners residing in Kuwait by July 1998.</p>
<p>ARAB TIMES</p>
<p>- Ministry of Social Affairs and Labour proposes harsher penalties on delinquent juveniles.</p>
<p>- Board members of Chamber of Commerce say foreign investors should be allowed to own majority stakes in local firms.</p>
</text>
<copyright>(c) Reuters Limited 1997</copyright>
<metadata>
<codes class="bip:countries:1.0">
  <code code="KUWAIT">
    <editdetail attribution="Reuters BIP Coding Group" action="confirmed" date="1997-05-18"/>
  </code>
</codes>
<codes class="bip:topics:1.0">
  <code code="GCAT">
    <editdetail attribution="Reuters BIP Coding Group" action="confirmed" date="1997-05-18"/>
  </code>
</codes>
<dc element="dc.date.created" value="1997-05-18"/>
<dc element="dc.publisher" value="Reuters Holdings Plc"/>
<dc element="dc.date.published" value="1997-05-18"/>
<dc element="dc.source" value="Reuters"/>
<dc element="dc.creator.location" value="KUWAIT"/>
<dc element="dc.creator.location.country.name" value="KUWAIT"/>
<dc element="dc.source" value="Reuters"/>
</metadata>
</newsitem>
