<?xml version="1.0" encoding="iso-8859-1" ?>
<newsitem itemid="593554" id="root" date="1997-05-18" xml:lang="en">
<title>ISRAEL: RESEARCH ALERT-Lehman cuts Elscint EPS.</title>
<headline>RESEARCH ALERT-Lehman cuts Elscint EPS.</headline>
<dateline>TEL AVIV 1997-05-18</dateline>
<text>
<p>Lehman Brothers cut its 1997 earnings per share estimate for Elscint Ltd following weaker than expected first quarter results for the Israeli company.</p>
<p>Lehman analyst Ted Kundtz said in a report released on Sunday that he was lowering his 1997 estimate to $0.39 from $0.55. In 1996 Elscint, which manufactures diagnostic imaging equipment, earned $0.51 a share.</p>
<p>&quot;The loss for the first quarter, which amounted to $0.05 per share versus a $0.16 per share profit a year ago, was due in large part to an exchange loss resulting from the strengthening of the U.S. dollar relative to the European currencies,&quot; the report said.</p>
<p>System sales were weaker in the first quarter due to lower dollar sales of computerised tomography equipment though unit volume rose.</p>
<p>The new estimate assumes no growth in overall revenues in 1997, Kundtz said.</p>
<p>&quot;While Elscint does not expect additional significant exchange losses in 1997, we believe earnings over the next three quarters will be below our earlier projections due to the likelihood of weaker sales,&quot; he said.</p>
<p>Lehman maintains its 3-Neutral rating.</p>
<p>-Tel Aviv newsroom, 972-3-537-2211</p>
</text>
<copyright>(c) Reuters Limited 1997</copyright>
<metadata>
<codes class="bip:countries:1.0">
  <code code="ISRAEL">
    <editdetail attribution="Reuters BIP Coding Group" action="confirmed" date="1997-05-18"/>
  </code>
</codes>
<codes class="bip:industries:1.0">
  <code code="I37200">
    <editdetail attribution="Reuters BIP Coding Group" action="confirmed" date="1997-05-18"/>
  </code>
</codes>
<codes class="bip:topics:1.0">
  <code code="C15">
    <editdetail attribution="Reuters BIP Coding Group" action="confirmed" date="1997-05-18"/>
  </code>
  <code code="C152">
    <editdetail attribution="Reuters BIP Coding Group" action="confirmed" date="1997-05-18"/>
  </code>
  <code code="CCAT">
    <editdetail attribution="Reuters BIP Coding Group" action="confirmed" date="1997-05-18"/>
  </code>
</codes>
<dc element="dc.date.created" value="1997-05-18"/>
<dc element="dc.publisher" value="Reuters Holdings Plc"/>
<dc element="dc.date.published" value="1997-05-18"/>
<dc element="dc.source" value="Reuters"/>
<dc element="dc.creator.location" value="TEL AVIV"/>
<dc element="dc.creator.location.country.name" value="ISRAEL"/>
<dc element="dc.source" value="Reuters"/>
</metadata>
</newsitem>
