<?xml version="1.0" encoding="iso-8859-1" ?>
<newsitem itemid="593538" id="root" date="1997-05-18" xml:lang="en">
<title>IRAQ: U.N. concerned by Turkish incursion in north Iraq.</title>
<headline>U.N. concerned by Turkish incursion in north Iraq.</headline>
<byline>Hassan Hafidh</byline>
<dateline>BAGHDAD 1997-05-18</dateline>
<text>
<p>Iraq's United Nations coordinator on Sunday expressed concern over Turkey's incursion into northern Iraq, saying it might block implementation of Iraq's oil-for-food deal with the world body.</p>
<p>Several thousand Turkish troops backed by tanks and heavy artillery have pushed into northern Iraq since Wednesday in a sweep against rebels of the Kurdistan Workers Party (PKK).</p>
<p>&quot;We are concerned about this development since it may produce an even more volatile security situation in the north, U.N. coordinator Staffan de Mistura told Reuters.</p>
<p>He said the attack might disrupt distribution of food under the pact in northern Iraq which started in April.</p>
<p>&quot;Implementation of Security Council Resolution 986 needs a stable environment,&quot; he added.</p>
<p>Iraq, under U.N. sanctions for invading Kuwait in 1990, began exporting oil last December under the oil-for-food deal allowing it to sell $2 billion worth of oil over six months to import mainly food and medicine.</p>
<p>The Iraqi government has been distributing food under the pact since April in areas under its control. Distribution in the Kurdish provinces of Dahouk, Arbil and Sulaimaniya, now outside central government control, is solely a U.N. responsibility.</p>
<p>Iraq's revenue from the partial oil sales will be about $1.3 billion after deducting 30 percent for Gulf War reparations and other U.N. costs. Kurds in the three provinces are entitled under the deal to get goods worth $260 million.</p>
<p>U.N. Secretary-General Kofi Annan and the European Union have condemned the incursion and urged Ankara to pull out its troops.</p>
<p>Iraqi official media on Sunday again condemned the attack. One paper urged Turkey to withdraw its troops or jeopardise its economic ties with Baghdad.</p>
<p>&quot;Such Turkish repeated operations would harm its interests...There is no choice for these troops but to withdraw immediately from Iraqi territory,&quot; Babel, owned by President Saddam Hussein's eldest son Uday, said in a front-page editorial.</p>
<p>A few days before the Turkish military operation began, Iraq and Turkey signed a gas deal worth billions of dollars.</p>
</text>
<copyright>(c) Reuters Limited 1997</copyright>
<metadata>
<codes class="bip:countries:1.0">
  <code code="IRAQ">
    <editdetail attribution="Reuters BIP Coding Group" action="confirmed" date="1997-05-18"/>
  </code>
  <code code="TURK">
    <editdetail attribution="Reuters BIP Coding Group" action="confirmed" date="1997-05-18"/>
  </code>
  <code code="UN">
    <editdetail attribution="Reuters BIP Coding Group" action="confirmed" date="1997-05-18"/>
  </code>
</codes>
<codes class="bip:topics:1.0">
  <code code="GCAT">
    <editdetail attribution="Reuters BIP Coding Group" action="confirmed" date="1997-05-18"/>
  </code>
  <code code="GDIP">
    <editdetail attribution="Reuters BIP Coding Group" action="confirmed" date="1997-05-18"/>
  </code>
  <code code="GVIO">
    <editdetail attribution="Reuters BIP Coding Group" action="confirmed" date="1997-05-18"/>
  </code>
</codes>
<dc element="dc.date.created" value="1997-05-18"/>
<dc element="dc.publisher" value="Reuters Holdings Plc"/>
<dc element="dc.date.published" value="1997-05-18"/>
<dc element="dc.source" value="Reuters"/>
<dc element="dc.creator.location" value="BAGHDAD"/>
<dc element="dc.creator.location.country.name" value="IRAQ"/>
<dc element="dc.source" value="Reuters"/>
</metadata>
</newsitem>
