<?xml version="1.0" encoding="iso-8859-1" ?>
<newsitem itemid="593575" id="root" date="1997-05-18" xml:lang="en">
<title>USA: Clinton vows AIDS vaccine within 10 years.</title>
<headline>Clinton vows AIDS vaccine within 10 years.</headline>
<byline>Gene Gibbons</byline>
<dateline>BALTIMORE 1997-05-18</dateline>
<text>
<p>President Bill Clinton on Sunday made it a national goal to develop an AIDS vaccine within a decade, and said a research centre would be established at the National Institutes of Health to help the effort.</p>
<p>&quot;With the strides of recent years, it is no longer a question of whether we can develop an AIDS vaccine -- it is simply a question of when,&quot; Clinton said in a commencement address at Morgan State University. &quot;And it cannot come a day too soon.&quot;</p>
<p>Harkening back to President John F. Kennedy's vow to put a man on the moon in the 1960s, Clinton said an AIDS vaccine should be the &quot;first great triumph&quot; of the 21st century.</p>
<p>&quot;He gave us a goal of reaching the moon and we achieved it ahead of time,&quot; Clinton told graduates of the predominantly black college in Maryland's largest city. &quot;Today, let us look within and step up to the challenge of our time.&quot;</p>
<p>Clinton said to help fulfil the goal a dedicated HIV vaccine research and development centre would be established at the National Institutes of Health.</p>
<p>The vaccine centre, which will be fully operational within the next several months, will unite scientists in immunology, virology and vaccinology to join in a highly collaborative effort to develop an AIDS vaccine, the White House said.</p>
<p>But one AIDS group immediately criticised the president's declaration, saying the goal of finding a vaccine was not backed up with a committment of new spending.</p>
<p>&quot;This is a sham and a hoax for Clinton to compare himself to Kennedy and then put no money behind it,&quot; Wayne Turner, spokesman for the activist group ACT-UP, said in a telephone interview. &quot;Clinton proposed a Manhattan Project to cure AIDS in 1992. If he had started that Manhattan Project back then, we'd be well on our way to a cure now.&quot;</p>
<p>Clinton said also that at a summit in Denver this summer, he will ask leaders of the world's other big industrial nations to support the AIDS vaccine initiative. The summit will bring together leaders of the United States, Britain, France, Germany, Italy, Canada, Japan and Russia.</p>
<p>&quot;I will enlist other nations to join us in a worldwide effort to find a vaccine to stop one of the world's greatest killers,&quot; Clinton said.</p>
<p>Clinton also challenged the U.S. pharmaceutical industry to increase their investment in AIDS-related research.</p>
<p>An AIDS vaccine should be part of the U.S. industry's &quot;basic mission,&quot; he said.</p>
<p>About three million people worldwide are infected yearly with the HIV virus that causes AIDS, and an estimated 29 million people carry the virus. Without a vaccine, AIDS will soon overtake tuberculosis and malaria as the leading killer disease of people 25-to-44 years of age, experts said.</p>
<p>Clinton chose Morgan State, which is known for its focus on science and technology, to announce the initiative to underscore his commitment to the black community, which is disproportionately affected by AIDS.</p>
<p>The university currently has an enrollment of 6,000 students, and 850 received undergraduate degrees at the commencement ceremony.</p>
</text>
<copyright>(c) Reuters Limited 1997</copyright>
<metadata>
<codes class="bip:countries:1.0">
  <code code="USA">
    <editdetail attribution="Reuters BIP Coding Group" action="confirmed" date="1997-05-18"/>
  </code>
</codes>
<codes class="bip:industries:1.0">
  <code code="I25700">
    <editdetail attribution="Reuters BIP Coding Group" action="confirmed" date="1997-05-18"/>
  </code>
</codes>
<codes class="bip:topics:1.0">
  <code code="C23">
    <editdetail attribution="Reuters BIP Coding Group" action="confirmed" date="1997-05-18"/>
  </code>
  <code code="CCAT">
    <editdetail attribution="Reuters BIP Coding Group" action="confirmed" date="1997-05-18"/>
  </code>
  <code code="GCAT">
    <editdetail attribution="Reuters BIP Coding Group" action="confirmed" date="1997-05-18"/>
  </code>
  <code code="GHEA">
    <editdetail attribution="Reuters BIP Coding Group" action="confirmed" date="1997-05-18"/>
  </code>
</codes>
<dc element="dc.date.created" value="1997-05-18"/>
<dc element="dc.publisher" value="Reuters Holdings Plc"/>
<dc element="dc.date.published" value="1997-05-18"/>
<dc element="dc.source" value="Reuters"/>
<dc element="dc.creator.location" value="BALTIMORE"/>
<dc element="dc.creator.location.country.name" value="USA"/>
<dc element="dc.source" value="Reuters"/>
</metadata>
</newsitem>
