<?xml version="1.0" encoding="iso-8859-1" ?>
<newsitem itemid="593595" id="root" date="1997-05-18" xml:lang="en">
<title>USA: Beijing says Hong Kong aids Taiwan reunification.</title>
<headline>Beijing says Hong Kong aids Taiwan reunification.</headline>
<dateline>NEW YORK 1997-05-18</dateline>
<text>
<p>Hong Kong's return to Chinese sovereignty could lay the groundwork for reunification with Taiwan, Chinese vice premier Zhu Rongji told Newsweek magazine in an interview released on Sunday.</p>
<p>&quot;I firmly believe that the successful implementation of one country, two systems will surely contribute to reunification,&quot; Zhu said in an exclusive interview in the news magazine's latest edition, due out on Monday.</p>
<p>&quot;Our terms for Taiwan's return to the motherland are more generous,&quot; Zhu said. &quot;We will not deploy troops or station troops on Taiwan, and Taiwan's leaders can come to be leaders in the central government. But as for when Taiwan will return to the motherland, it will be when forces in the U.S. no longer support an independent Taiwan.&quot;</p>
<p>Communist-ruled China has regarded Taiwan as a rebel province since 1949, when defeated Nationalist forces took refuge on the island after years of civil war.</p>
<p>Beijing, which reserves the right to invade Taiwan if it ever declares formal independence, has repeatedly demanded the island's leaders accept the principle of &quot;One China&quot; and prove their intention to eventually reunify with the mainland.</p>
<p>Zhu, the architect of China's economic reforms, reiterated Beijing's stance to its military option against Taiwan.</p>
<p>While he maintains that &quot;it is our consistent policy that we will achieve reunification through peaceful means,&quot; he added &quot;we will not give up the military option.&quot;</p>
<p>He said missile tests conducted by China off the coast of Taiwan last year were &quot;normal exercises&quot; and probably did not discourage Taiwan President Lee Teng-hui in his push for independence. &quot;I don't think he will really pull back when he can purchase and import advanced weapons from the U.S. at will,&quot; he added.</p>
<p>In a wide-ranging interview with Newsweek editor Maynard Parker in Beijing, Zhu also said there would be minimal interference by China's central government in Hong Kong after the handover from Britain in July.</p>
<p>&quot;Except for defense and foreign affairs, the central government of China won't interfere in Hong Kong's internal affairs and will pursue the policy of one country, two systems ... the facts will show that it will be successfully implemented,&quot; Zhu said.</p>
<p>He added, however, that Hong Kong's current success and development was due not only to its political system.</p>
<p>&quot;Hong Kong's success is mainly determined by Hong Kong's people. But without development in China, Hong Kong would not have enjoyed the level of development that it has today.&quot;</p>
</text>
<copyright>(c) Reuters Limited 1997</copyright>
<metadata>
<codes class="bip:countries:1.0">
  <code code="CHINA">
    <editdetail attribution="Reuters BIP Coding Group" action="confirmed" date="1997-05-18"/>
  </code>
  <code code="HKONG">
    <editdetail attribution="Reuters BIP Coding Group" action="confirmed" date="1997-05-18"/>
  </code>
  <code code="TAIWAN">
    <editdetail attribution="Reuters BIP Coding Group" action="confirmed" date="1997-05-18"/>
  </code>
  <code code="USA">
    <editdetail attribution="Reuters BIP Coding Group" action="confirmed" date="1997-05-18"/>
  </code>
</codes>
<codes class="bip:topics:1.0">
  <code code="GCAT">
    <editdetail attribution="Reuters BIP Coding Group" action="confirmed" date="1997-05-18"/>
  </code>
  <code code="GDEF">
    <editdetail attribution="Reuters BIP Coding Group" action="confirmed" date="1997-05-18"/>
  </code>
  <code code="GDIP">
    <editdetail attribution="Reuters BIP Coding Group" action="confirmed" date="1997-05-18"/>
  </code>
</codes>
<dc element="dc.date.created" value="1997-05-18"/>
<dc element="dc.publisher" value="Reuters Holdings Plc"/>
<dc element="dc.date.published" value="1997-05-18"/>
<dc element="dc.source" value="Reuters"/>
<dc element="dc.creator.location" value="NEW YORK"/>
<dc element="dc.creator.location.country.name" value="USA"/>
<dc element="dc.source" value="Reuters"/>
</metadata>
</newsitem>
