<?xml version="1.0" encoding="iso-8859-1" ?>
<newsitem itemid="593515" id="root" date="1997-05-18" xml:lang="en">
<title>ISRAEL: Watermelon takes a slice off Israeli inflation.</title>
<headline>Watermelon takes a slice off Israeli inflation.</headline>
<dateline>TEL AVIV 1996-05-19</dateline>
<text>
<p>Economists have cheered the unexpectedly low 0.7 percent rise in Israel's April consumer price index.</p>
<p>But others suspect pulp fiction. Watermelon prices were not included in the index, which according to at least one economist shaved 0.2 percentage points from the CPI.</p>
<p>&quot;If they had measured watermelon like they have every other year, there would have been a 120 percent increase, which would have added 0.2 point,&quot; said Jonathan Katz, chief economist at Solid Financial Markets.</p>
<p>The inflation rate is not just an academic issue in Israel, where everything from wages to bond prices are linked to the official CPI.</p>
<p>A spokesman for the government's Central Bureau of Statistics said the fruit's weighting in the consumer price index is a mere 0.015 percent and its inclusion would have caused virtually no change to the CPI.</p>
<p>Watermelon has regularly appeared in the April index over the last few years, which is what caught many inflation observers off guard. It was sliced from this year's calculation because there was not enough around to count.</p>
<p>&quot;A particular product gets into the index if during the month we find a certain minimum number of stores carrying it,&quot; the spokesman said, denying that the fruit was being manipuated to keep inflation down.</p>
<p>&quot;We treat watermelon as we treat any other product,&quot; he declared. Blame bad weather for the late harvest, he added.</p>
<p>Watermelon is now in abundance and prices have been falling, which should help keep the CPI low this month, Bank Hapoalim said in its monthly inflation report. It is predicting a 0.9 percent rise in May.</p>
<p>Will Bank of Israel Governor Jacob Frenkel have his eye on the produce counter when he decides interest rates later this month?</p>
<p>&quot;Watermelon had its effect, but there were other positive effects,&quot; said Katz, who said he was looking for an 0.3 point cut on the 13.9 percent base rate mainly because underlying inflation has been falling.</p>
<p>-David Rosenberg, Tel Aviv newsroom, 972-3-537-2211</p>
</text>
<copyright>(c) Reuters Limited 1997</copyright>
<metadata>
<codes class="bip:countries:1.0">
  <code code="ISRAEL">
    <editdetail attribution="Reuters BIP Coding Group" action="confirmed" date="1997-05-18"/>
  </code>
</codes>
<codes class="bip:topics:1.0">
  <code code="E13">
    <editdetail attribution="Reuters BIP Coding Group" action="confirmed" date="1997-05-18"/>
  </code>
  <code code="E131">
    <editdetail attribution="Reuters BIP Coding Group" action="confirmed" date="1997-05-18"/>
  </code>
  <code code="ECAT">
    <editdetail attribution="Reuters BIP Coding Group" action="confirmed" date="1997-05-18"/>
  </code>
</codes>
<dc element="dc.date.created" value="1996-05-19"/>
<dc element="dc.publisher" value="Reuters Holdings Plc"/>
<dc element="dc.date.published" value="1997-05-18"/>
<dc element="dc.source" value="Reuters"/>
<dc element="dc.creator.location" value="TEL AVIV"/>
<dc element="dc.creator.location.country.name" value="ISRAEL"/>
<dc element="dc.source" value="Reuters"/>
</metadata>
</newsitem>
