<?xml version="1.0" encoding="iso-8859-1" ?>
<newsitem itemid="593616" id="root" date="1997-05-18" xml:lang="en">
<title>ITALY: Aeroporti Roma asks clearance for bourse take-off.</title>
<headline>Aeroporti Roma asks clearance for bourse take-off.</headline>
<dateline>ROME 1997-05-18</dateline>
<text>
<p>Aeroporti di Roma, the state-controlled company which runs Rome airports, is rolling closer to privatisation and has asked permission to list on the Italian stock market, financial daily Il Sole said on Sunday.</p>
<p>The newspaper said Aeroporti had presented its request to stock market watchdog Consob on Friday and its flotation could take off as early as mid-July.</p>
<p>Il Sole said the total stake up for offer in the company, which runs Rome's Leonardo Da Vinci airport, was not yet known but state industrial holding Iri, which holds 73.58 percent, has said it will be between 25.62 and 49 percent.</p>
<p>The privatisation is to take the form of a public sale offer (OPV) on the bourse and a private placement with institutional investors, it said.</p>
<p>Shareholders will hold an extraordinary meeting on June 2 to discuss modifications to the company's statutes ahead of privatisation and they could set a ceiling of up to five percent on the size of stake a shareholder can have.</p>
<p>Il Sole noted however that timing of the sell-off was uncertain due to other privatisations in the offing, like the third tranche of energy giant Eni in June and the projected sale of Autostrade expected sometime in June or July.</p>
<p>If Aeroporti lost the July slot its bourse debut would be rescheduled after the summer.</p>
<p>The company boosted net profits 61 percent in 1996 to 90 billion lire and increased its turnover 11 percent to 1.16 trillion.</p>
</text>
<copyright>(c) Reuters Limited 1997</copyright>
<metadata>
<codes class="bip:countries:1.0">
  <code code="ITALY">
    <editdetail attribution="Reuters BIP Coding Group" action="confirmed" date="1997-05-18"/>
  </code>
</codes>
<codes class="bip:industries:1.0">
  <code code="I76400">
    <editdetail attribution="Reuters BIP Coding Group" action="confirmed" date="1997-05-18"/>
  </code>
</codes>
<codes class="bip:topics:1.0">
  <code code="C14">
    <editdetail attribution="Reuters BIP Coding Group" action="confirmed" date="1997-05-18"/>
  </code>
  <code code="C17">
    <editdetail attribution="Reuters BIP Coding Group" action="confirmed" date="1997-05-18"/>
  </code>
  <code code="C171">
    <editdetail attribution="Reuters BIP Coding Group" action="confirmed" date="1997-05-18"/>
  </code>
  <code code="CCAT">
    <editdetail attribution="Reuters BIP Coding Group" action="confirmed" date="1997-05-18"/>
  </code>
</codes>
<dc element="dc.date.created" value="1997-05-18"/>
<dc element="dc.publisher" value="Reuters Holdings Plc"/>
<dc element="dc.date.published" value="1997-05-18"/>
<dc element="dc.source" value="Reuters"/>
<dc element="dc.creator.location" value="ROME"/>
<dc element="dc.creator.location.country.name" value="ITALY"/>
<dc element="dc.source" value="Reuters"/>
</metadata>
</newsitem>
