<?xml version="1.0" encoding="iso-8859-1" ?>
<newsitem itemid="593608" id="root" date="1997-05-18" xml:lang="en">
<title>FRANCE: Mobutu believed still in Zaire - family friend.</title>
<headline>Mobutu believed still in Zaire - family friend.</headline>
<dateline>PARIS 1997-05-18</dateline>
<text>
<p>Zaire's ousted president Mobutu Sese Seko, earlier reported to have fled into exile in Morocco, was still in his home village of Gbadolite on Sunday morning, a friend of the family said.</p>
<p>The man, who asked not to be named, told Reuters he had been in touch by satellite telephone with Mobutu's family in Gbadolite at 10 a.m. (0800 GMT).</p>
<p>He said later attempts to speak to Gbadolite had failed but, even if he had left, Mobutu could not be in Morocco as the flight would take at least five hours.</p>
<p>&quot;I am sure he is not in Morocco...The report was wrong,&quot; he said.</p>
<p>A Moroccan official earlier said Mobutu and his family had fled Zaire after Laurent Kabila's rebels overran the capital Kinshasa, and were staying at the Amphitrite hotel, some 20 km (12 miles) south of Rabat. He said they were expected to move later to the southern Moroccan city of Marrakesh.</p>
<p>The Mobutu family friend, who said he was in Paris, was contacted on a portable telephone used by close aides of Mobutu when the ousted president was recovering from cancer surgery at his French Riviera mansion in Roquebrune Cap Martin earlier this year.</p>
<p>He said he did not know what Mobutu's plans were. &quot;Only he can decide,&quot; he said.</p>
<p>The spokesman in France of Kabila's rebels, Zamba Afri Kounyen, vowed to hunt Mobutu &quot;wherever he goes&quot; in exile.</p>
<p>&quot;With us, he will never be in peace. Wherever he goes we will find him,&quot; he told radio France-Info in an interview.</p>
<p>&quot;We know quite well where he will go,&quot; Kounyen added, warning France against giving shelter to Mobutu.</p>
<p>France backed Mobutu long after other western powers dropped him, but French officials say they are not aware of his plans.</p>
<p>Commentators say that Paris is unlikely to offer him shelter, at least before the May 25-June 1 parliamentary election for fear that his presence would be a campaign issue.</p>
</text>
<copyright>(c) Reuters Limited 1997</copyright>
<metadata>
<codes class="bip:countries:1.0">
  <code code="MOROC">
    <editdetail attribution="Reuters BIP Coding Group" action="confirmed" date="1997-05-18"/>
  </code>
  <code code="ZAIRE">
    <editdetail attribution="Reuters BIP Coding Group" action="confirmed" date="1997-05-18"/>
  </code>
</codes>
<codes class="bip:topics:1.0">
  <code code="GCAT">
    <editdetail attribution="Reuters BIP Coding Group" action="confirmed" date="1997-05-18"/>
  </code>
  <code code="GPOL">
    <editdetail attribution="Reuters BIP Coding Group" action="confirmed" date="1997-05-18"/>
  </code>
  <code code="GVIO">
    <editdetail attribution="Reuters BIP Coding Group" action="confirmed" date="1997-05-18"/>
  </code>
</codes>
<dc element="dc.date.created" value="1997-05-18"/>
<dc element="dc.publisher" value="Reuters Holdings Plc"/>
<dc element="dc.date.published" value="1997-05-18"/>
<dc element="dc.source" value="Reuters"/>
<dc element="dc.creator.location" value="PARIS"/>
<dc element="dc.creator.location.country.name" value="FRANCE"/>
<dc element="dc.source" value="Reuters"/>
</metadata>
</newsitem>
