<?xml version="1.0" encoding="iso-8859-1" ?>
<newsitem itemid="593606" id="root" date="1997-05-18" xml:lang="en">
<title>FRANCE: Rebel spokesman threatens France over Mobutu.</title>
<headline>Rebel spokesman threatens France over Mobutu.</headline>
<dateline>PARIS 1997-05-18</dateline>
<text>
<p>The spokesman in Paris for Zaire's new rulers on Sunday threatened to &quot;plant bombs&quot; in France if it gives exile shelter to Mobutu Sese Seko and demanded that the ousted president's property in the country be handed over.</p>
<p>&quot;If Mobutu comes into exile in France, we will start planting bombs,&quot; an infuriated N'Zamba Afri Ku-Nyeng told reporters outside the Zairean embassy in Paris after police prevented him and supporters from taking over the building.</p>
<p>&quot;If France accepts Mobutu, it will have to deal with all the Congolese people,&quot; said Ku-Nyeng, who had earlier vowed to hunt Mobutu &quot;wherever he goes&quot; in exile.</p>
<p>&quot;France must do everything so that we can recover everything Mobutu owns in France, apartments, villas and bank accounts,&quot; he said.</p>
<p>Despite animated arguments, the protest outside the Zairean embasy was not violent.</p>
<p>Mobutu owns a palatial mansion in the posh French Riviera resort of Roquebrune Cap Martin, near Nice, where he made several stays to recover from cancer surgery over the past few months while Laurent Kabila's rebels were gradually taking over the country he ruled.</p>
<p>There has been speculation that Mobutu may come into exile to France, which supported long after other western countries had dropped him.</p>
<p>But French foreign ministry officials say they are unaware of his whereabouts and plans. Commentators say that Paris is unlikely to offer him shelter, at least before a May 25-June 1 parliamentary election, for fear that his presence would be a campaign issue.</p>
<p>A friend in Paris of the Mobutu family said the ousted president, earlier reported to have fled into exile in Morocco after the rebels overran Kinshasa, was still in his home village of Gbadolite in northern Zaire on Sunday morning.</p>
<p>The man, who asked not to be named, told Reuters he had been in touch by satellite telephone with children of Mobutu in Gbadolite at 10 a.m. (0800 GMT) who told him he was in a meeting.</p>
<p>He said later attempts to speak to Gbadolite had failed.</p>
</text>
<copyright>(c) Reuters Limited 1997</copyright>
<metadata>
<codes class="bip:countries:1.0">
  <code code="FRA">
    <editdetail attribution="Reuters BIP Coding Group" action="confirmed" date="1997-05-18"/>
  </code>
  <code code="ZAIRE">
    <editdetail attribution="Reuters BIP Coding Group" action="confirmed" date="1997-05-18"/>
  </code>
</codes>
<codes class="bip:topics:1.0">
  <code code="GCAT">
    <editdetail attribution="Reuters BIP Coding Group" action="confirmed" date="1997-05-18"/>
  </code>
  <code code="GDIP">
    <editdetail attribution="Reuters BIP Coding Group" action="confirmed" date="1997-05-18"/>
  </code>
  <code code="GVIO">
    <editdetail attribution="Reuters BIP Coding Group" action="confirmed" date="1997-05-18"/>
  </code>
</codes>
<dc element="dc.date.created" value="1997-05-18"/>
<dc element="dc.publisher" value="Reuters Holdings Plc"/>
<dc element="dc.date.published" value="1997-05-18"/>
<dc element="dc.source" value="Reuters"/>
<dc element="dc.creator.location" value="PARIS"/>
<dc element="dc.creator.location.country.name" value="FRANCE"/>
<dc element="dc.source" value="Reuters"/>
</metadata>
</newsitem>
