<?xml version="1.0" encoding="iso-8859-1" ?>
<newsitem itemid="593623" id="root" date="1997-05-18" xml:lang="en">
<title>GERMANY: Waigel embarrassing Bonn with gold plan-institutes.</title>
<headline>Waigel embarrassing Bonn with gold plan-institutes.</headline>
<dateline>BONN 1997-05-18</dateline>
<text>
<p>Leading German economic institutes have accused Finance Minister Theo Waigel of embarrassing Germany and playing accounting tricks by seeking to revalue the Bundesbank's gold reserves to cut the public debt and deficit.</p>
<p>&quot;It is unsolid. It is also embarrassing in front of other Europeans,&quot; Heiner Flassbeck, director of the Institut fuer Wirtschaftsforschung in Berlin, told Bild am Sonntag newspaper published on Sunday.</p>
<p>&quot;Waigel always played the pope of correctness in front of them. Now we are finding he is preaching water while drinking wine.&quot;</p>
<p>Klaus-Werner Schatz, vice president of Kiel-based Institut fuer Weltwirtschaft, said, &quot;We mocked Italy with its Eurotax, that is no longer possible,&quot; and that Waigel was engaging in the &quot;tricks of a bookkeeper.&quot;</p>
<p>Italy introduced the Eurotax as part of a campaign to qualify for the planned single currency.</p>
<p>Under a controversial plan announced on Thursday, Waigel is seeking to revalue Bundesbank gold and currency reserves to plug holes in Germany's finances and improve its chances of qualifying for monetary union.</p>
<p>Those chances received a setback after an official estimate said 1997 tax revenue would be 18 billion marks less than previously forecast, casting further doubt on whether Germany can meet the Maastricht Treaty's fiscal convergence criteria.</p>
<p>The Treaty sets ceilings for a nation's public deficit and debt of three percent and 60 percent of gross domestic product, respectively, but allows overshoots in special circumstances.</p>
<p>&quot;What he is planning can only be done once. Then the instrument is gone,&quot; said Udo Ludwig, director of the Halle-based Institut fuer Wirtschaftsordnung.</p>
<p>Flassbeck at Berlin-based IW said the Bundesbank's cautious gold and dollar valuation had contributed to Germany being regarded as world champion of solidity.</p>
<p>&quot;Changing this in connection with the tax estimate leaves a very bad aftertaste.&quot;</p>
<p>((--David Crossland, Frankfurt Newsroom, +49 69 756525))</p>
</text>
<copyright>(c) Reuters Limited 1997</copyright>
<metadata>
<codes class="bip:countries:1.0">
  <code code="GFR">
    <editdetail attribution="Reuters BIP Coding Group" action="confirmed" date="1997-05-18"/>
  </code>
</codes>
<codes class="bip:topics:1.0">
  <code code="E12">
    <editdetail attribution="Reuters BIP Coding Group" action="confirmed" date="1997-05-18"/>
  </code>
  <code code="E21">
    <editdetail attribution="Reuters BIP Coding Group" action="confirmed" date="1997-05-18"/>
  </code>
  <code code="E211">
    <editdetail attribution="Reuters BIP Coding Group" action="confirmed" date="1997-05-18"/>
  </code>
  <code code="E212">
    <editdetail attribution="Reuters BIP Coding Group" action="confirmed" date="1997-05-18"/>
  </code>
  <code code="ECAT">
    <editdetail attribution="Reuters BIP Coding Group" action="confirmed" date="1997-05-18"/>
  </code>
  <code code="GCAT">
    <editdetail attribution="Reuters BIP Coding Group" action="confirmed" date="1997-05-18"/>
  </code>
  <code code="GPOL">
    <editdetail attribution="Reuters BIP Coding Group" action="confirmed" date="1997-05-18"/>
  </code>
  <code code="M14">
    <editdetail attribution="Reuters BIP Coding Group" action="confirmed" date="1997-05-18"/>
  </code>
  <code code="M142">
    <editdetail attribution="Reuters BIP Coding Group" action="confirmed" date="1997-05-18"/>
  </code>
  <code code="MCAT">
    <editdetail attribution="Reuters BIP Coding Group" action="confirmed" date="1997-05-18"/>
  </code>
</codes>
<dc element="dc.date.created" value="1997-05-18"/>
<dc element="dc.publisher" value="Reuters Holdings Plc"/>
<dc element="dc.date.published" value="1997-05-18"/>
<dc element="dc.source" value="Reuters"/>
<dc element="dc.creator.location" value="BONN"/>
<dc element="dc.creator.location.country.name" value="GERMANY"/>
<dc element="dc.source" value="Reuters"/>
</metadata>
</newsitem>
