<?xml version="1.0" encoding="iso-8859-1" ?>
<newsitem itemid="593618" id="root" date="1997-05-18" xml:lang="en">
<title>ITALY: Mother Teresa is &quot;unstoppable engine&quot; - Rome mayor.</title>
<headline>Mother Teresa is &quot;unstoppable engine&quot; - Rome mayor.</headline>
<dateline>ROME 1997-05-18</dateline>
<text>
<p>Rome mayor Francesco Rutelli said after an hour of talks with Mother Teresa of Calcutta on Sunday that she was as vigorous as ever and in fine form.</p>
<p>&quot;I found her extraordinarily well,&quot; Rutelli said after meeting the 86-year-old nun at the Rome branch of her Missionaries of Charity order. &quot;I found the same energy...Mother Teresa is an unstoppable little engine.&quot;</p>
<p>Fears about Mother Teresa's fragile health were raised when she flew into Rome on Friday from New Delhi and needed oxygen for about 20 minutes. But doctors said the procedure was normal for a woman of her age after a long trip and she was fine.</p>
<p>Rutelli said Mother Teresa, who has undergone three heart operations and stepped down in March as superior-general of her order because of ill-health, greeted him warmly in the courtyard and left her wheelchair to sit in the shade in an armchair. Doctors were on hand as a precaution.</p>
<p>She used the meeting to ask for a hospitality centres for homeless people and AIDS patients in Rome to be enlarged and other centres to be improved. Rutelli said he had agreed.</p>
<p>Mother Teresa, known as the saint of the gutters for her devotion to the poor, is expected to meet Pope John Paul and present to him the new head of her order, Sister Nirmala. A date for the meeting has not yet been set.</p>
</text>
<copyright>(c) Reuters Limited 1997</copyright>
<metadata>
<codes class="bip:countries:1.0">
  <code code="INDIA">
    <editdetail attribution="Reuters BIP Coding Group" action="confirmed" date="1997-05-18"/>
  </code>
  <code code="ITALY">
    <editdetail attribution="Reuters BIP Coding Group" action="confirmed" date="1997-05-18"/>
  </code>
</codes>
<codes class="bip:topics:1.0">
  <code code="GCAT">
    <editdetail attribution="Reuters BIP Coding Group" action="confirmed" date="1997-05-18"/>
  </code>
  <code code="GPRO">
    <editdetail attribution="Reuters BIP Coding Group" action="confirmed" date="1997-05-18"/>
  </code>
  <code code="GREL">
    <editdetail attribution="Reuters BIP Coding Group" action="confirmed" date="1997-05-18"/>
  </code>
</codes>
<dc element="dc.date.created" value="1997-05-18"/>
<dc element="dc.publisher" value="Reuters Holdings Plc"/>
<dc element="dc.date.published" value="1997-05-18"/>
<dc element="dc.source" value="Reuters"/>
<dc element="dc.creator.location" value="ROME"/>
<dc element="dc.creator.location.country.name" value="ITALY"/>
<dc element="dc.source" value="Reuters"/>
</metadata>
</newsitem>
