<?xml version="1.0" encoding="iso-8859-1" ?>
<newsitem itemid="748039" id="root" date="1997-07-23" xml:lang="en">
<title>USA: TABLE - Mesaba Holdings Inc Q1 results.</title>
<headline>TABLE - Mesaba Holdings Inc Q1 results.</headline>
<dateline>MINNEAPOLIS</dateline>
<text>
<p>(in Thousands except per share information)</p>
<p>			Quarter Ending June 30th</p>
<p>					 1997	  1996	 Change</p>
<p> Operating Revenue	     $54,424    $42,421	   28.3%</p>
<p> Operating Income		  6,209	5,069	   22.5%</p>
<p> Net Income			  3,974	3,001	   32.4%</p>
<p> Net Income Per Share	     0.30	 0.23	   30.4%</p>
<p>Weighted Avenge Shares Outstanding</p>
<p>					13,306     12,977		NM</p>
<p> Operating Margin	    11.4%	11.9%	   (0.5) pts</p>
<p> Net Margin			   7.3%	 7.1%	 0.2 pts</p>
<p>				  Operating Statistics</p>
<p>			    (Mesaba Aviation, Inc. only)</p>
<p>			Quarter Ending June 30th</p>
<p>					     1997	  1996    Change</p>
<p>	  Passengers		  622,900     470,600     32.4%</p>
<p> ASMs (000)			   263,851     195,019     35.3%</p>
<p> RPMs (000)			   145,485     104,212     39.6%</p>
<p> Load Factor (%)			55.1%	 53.4%   1.7 pts</p>
<p> RASM (a)				$0.204	$0.215    (5.1%)</p>
<p> CASM (a)				 0.183	 0.192    (4.8%)</p>
<p>    (a)    Turbo-prop operations only</p>
<p>RASM = Passenger Revenue per Available Seat Mile</p>
<p>CASM = Operating Cost per Available Seat Mile</p>
<p>		-- ((Reuters Chicago Newsdesk 312-408-8787))</p>
</text>
<copyright>(c) Reuters Limited 1997</copyright>
<metadata>
<codes class="bip:countries:1.0">
  <code code="USA">
    <editdetail attribution="Reuters BIP Coding Group" action="confirmed" date="1997-07-23"/>
  </code>
</codes>
<codes class="bip:industries:1.0">
  <code code="I75000">
    <editdetail attribution="Reuters BIP Coding Group" action="confirmed" date="1997-07-23"/>
  </code>
</codes>
<codes class="bip:topics:1.0">
  <code code="C15">
    <editdetail attribution="Reuters BIP Coding Group" action="confirmed" date="1997-07-23"/>
  </code>
  <code code="C151">
    <editdetail attribution="Reuters BIP Coding Group" action="confirmed" date="1997-07-23"/>
  </code>
  <code code="CCAT">
    <editdetail attribution="Reuters BIP Coding Group" action="confirmed" date="1997-07-23"/>
  </code>
</codes>
<dc element="dc.publisher" value="Reuters Holdings Plc"/>
<dc element="dc.date.published" value="1997-07-23"/>
<dc element="dc.source" value="Reuters"/>
<dc element="dc.creator.location" value="MINNEAPOLIS"/>
<dc element="dc.creator.location.country.name" value="USA"/>
<dc element="dc.source" value="Reuters"/>
</metadata>
</newsitem>
