<?xml version="1.0" encoding="iso-8859-1" ?>
<newsitem itemid="748016" id="root" date="1997-07-23" xml:lang="en">
<title>EU: Official Journal contents - OJ L 193 of July 22, 1997.</title>
<headline>Official Journal contents - OJ L 193 of July 22, 1997.</headline>
<text>
<p>*</p>
<p>(Note - contents are displayed in reverse order to that in the printed Journal)</p>
<p>*</p>
<p>Commission declarations</p>
<p>COMMISSION DECISION of 16 July 1997 exempting imports of certain bicycle parts originating in the People's Republic of China from the extension by Council Regulation (EC) No 71/97 of the anti-dumping duty imposed by Regulation (EEC) No 2474/93 (Text with EEA relevance)</p>
<p>COMMISSION DECISION No 1401/97/ECSC of 7 July 1997 on administering certain restrictions on imports of certain steel products from Ukraine</p>
<p>DECISION No 1400/97/EC OF THE EUROPEAN PARLIAMENT AND OF THE COUNCIL of 30 June 1997 adopting a programme of Community action on health monitoring within the framework for action in the field of public health (1997 to 2001)</p>
<p>Parliament declaration END OF DOCUMENT.</p>
</text>
<copyright>(c) Reuters Limited 1997</copyright>
<metadata>
<codes class="bip:countries:1.0">
  <code code="EEC">
    <editdetail attribution="Reuters BIP Coding Group" action="confirmed" date="1997-07-23"/>
  </code>
</codes>
<codes class="bip:topics:1.0">
  <code code="G15">
    <editdetail attribution="Reuters BIP Coding Group" action="confirmed" date="1997-07-23"/>
  </code>
  <code code="GCAT">
    <editdetail attribution="Reuters BIP Coding Group" action="confirmed" date="1997-07-23"/>
  </code>
</codes>
<dc element="dc.publisher" value="Reuters Holdings Plc"/>
<dc element="dc.date.published" value="1997-07-23"/>
<dc element="dc.source" value="Reuters"/>
<dc element="dc.creator.location.country.name" value="EU"/>
<dc element="dc.source" value="Reuters"/>
</metadata>
</newsitem>
