<?xml version="1.0" encoding="iso-8859-1" ?>
<newsitem itemid="748075" id="root" date="1997-07-23" xml:lang="en">
<title>USA: TABLE - CapMac Holdings Inc Q2 shr rises.</title>
<headline>TABLE - CapMac Holdings Inc Q2 shr rises.</headline>
<dateline>NEW YORK 1997-07-23</dateline>
<text>
<p>1997			1996</p>
<p> Shr primary		$0.52		    $0.47</p>
<p> Shr diluted		 0.52		     0.47</p>
<p> Net			  9,267		    8,335</p>
<p> Revs			25,231		   19,571</p>
<p>	  6  MONTHS</p>
<p> Shr primary		$0.81		    $1.04</p>
<p> Shr diluted		 0.81		     1.02</p>
<p> Net			 14,679		   18,235</p>
<p> Revs			44,168		   42,587</p>
<p>(All data above 000s except per share numbers)</p>
<p>NOTE - Q2 1997 oper shr was $0.50 vs $0.47</p>
<p>((-- New York Newsdesk 212-859-1610))</p>
</text>
<copyright>(c) Reuters Limited 1997</copyright>
<metadata>
<codes class="bip:countries:1.0">
  <code code="USA">
    <editdetail attribution="Reuters BIP Coding Group" action="confirmed" date="1997-07-23"/>
  </code>
</codes>
<codes class="bip:industries:1.0">
  <code code="I82003">
    <editdetail attribution="Reuters BIP Coding Group" action="confirmed" date="1997-07-23"/>
  </code>
</codes>
<codes class="bip:topics:1.0">
  <code code="C15">
    <editdetail attribution="Reuters BIP Coding Group" action="confirmed" date="1997-07-23"/>
  </code>
  <code code="C151">
    <editdetail attribution="Reuters BIP Coding Group" action="confirmed" date="1997-07-23"/>
  </code>
  <code code="CCAT">
    <editdetail attribution="Reuters BIP Coding Group" action="confirmed" date="1997-07-23"/>
  </code>
</codes>
<dc element="dc.date.created" value="1997-07-23"/>
<dc element="dc.publisher" value="Reuters Holdings Plc"/>
<dc element="dc.date.published" value="1997-07-23"/>
<dc element="dc.source" value="Reuters"/>
<dc element="dc.creator.location" value="NEW YORK"/>
<dc element="dc.creator.location.country.name" value="USA"/>
<dc element="dc.source" value="Reuters"/>
</metadata>
</newsitem>
