<?xml version="1.0" encoding="iso-8859-1" ?>
<newsitem itemid="748059" id="root" date="1997-07-23" xml:lang="en">
<title>USA: TABLE - Deflecta-Shield Corp Q2 net.</title>
<headline>TABLE - Deflecta-Shield Corp Q2 net.</headline>
<dateline>INDIANOLA, Iowa 1997-07-23</dateline>
<text>
<p>1997			1996</p>
<p> Shr			  $0.27		    $0.20</p>
<p> Net			    891			585</p>
<p> Revs			18,425		   18,255</p>
<p> Avg shrs		   4,800		    4,800</p>
<p>	  6  MONTHS</p>
<p> Shr			  $0.45		    $0.35</p>
<p> Net			  2,162		    1,679</p>
<p> Revs			35,318		   36,278</p>
<p> Avg shrs		   4,800		    4,800</p>
<p>(All data above 000s except per share numbers)</p>
<p>((--Chicago newsdesk, 312-408-8787))</p>
</text>
<copyright>(c) Reuters Limited 1997</copyright>
<metadata>
<codes class="bip:countries:1.0">
  <code code="USA">
    <editdetail attribution="Reuters BIP Coding Group" action="confirmed" date="1997-07-23"/>
  </code>
</codes>
<codes class="bip:industries:1.0">
  <code code="I35300">
    <editdetail attribution="Reuters BIP Coding Group" action="confirmed" date="1997-07-23"/>
  </code>
</codes>
<codes class="bip:topics:1.0">
  <code code="C15">
    <editdetail attribution="Reuters BIP Coding Group" action="confirmed" date="1997-07-23"/>
  </code>
  <code code="C151">
    <editdetail attribution="Reuters BIP Coding Group" action="confirmed" date="1997-07-23"/>
  </code>
  <code code="CCAT">
    <editdetail attribution="Reuters BIP Coding Group" action="confirmed" date="1997-07-23"/>
  </code>
</codes>
<dc element="dc.date.created" value="1997-07-23"/>
<dc element="dc.publisher" value="Reuters Holdings Plc"/>
<dc element="dc.date.published" value="1997-07-23"/>
<dc element="dc.source" value="Reuters"/>
<dc element="dc.creator.location" value="INDIANOLA, Iowa"/>
<dc element="dc.creator.location.country.name" value="USA"/>
<dc element="dc.source" value="Reuters"/>
</metadata>
</newsitem>
