<?xml version="1.0" encoding="iso-8859-1" ?>
<newsitem itemid="748069" id="root" date="1997-07-23" xml:lang="en">
<title>USA: TABLE - Insignia Financial Group Inc Q2 net.</title>
<headline>TABLE - Insignia Financial Group Inc Q2 net.</headline>
<dateline>GREENVILLE, S.C. 1997-07-23</dateline>
<text>
<p>INSIGNIA FINANCIAL GROUP, INC.</p>
<p>Financial Highlights</p>
<p>(In thousands, except per share amounts)</p>
<p>						    For the Quarter Ended</p>
<p>							   June 30,</p>
<p>						 1997	1996    Change</p>
<p>Operating Results</p>
<p>Revenues</p>
<p>  Residential Services		 $29,533   $29,879     (1%)</p>
<p>  Commercial Services		   54,180     8,707     522%</p>
<p>  Apartment Property		     1,646     1,521	 8%</p>
<p>  Other					1,256     2,991    (58%)</p>
<p> Total Revenues			   86,615    43,098     101%</p>
<p>Expenses</p>
<p>  Service Operations		    64,201    26,903     139%</p>
<p>  Apartment Property			 784	 816     (4%)</p>
<p>  Administrative and Other	     4,806     3,463	39%</p>
<p>  Interest				   1,565     3,031    (48%)</p>
<p>  Apartment property interest	    372	 325	14%</p>
<p>  Depreciation and amortization	8,218     4,893	68%</p>
<p>  Apartment property depreciation	241	 224	 8%</p>
<p> Total Expenses			   80,187    39,655     102%</p>
<p> Equity earnings from partnerships     569	 887    (36%)</p>
<p> Minority interests		    (2,707)	(60)   4,412%</p>
<p> Income before income taxes	    4,290     4,270	 --</p>
<p> Provision for income taxes	    1,716     1,622	 6%</p>
<p> Net income				  2,574     2,648     (3%)</p>
<p> Earnings per share (1)		    .08	 .08	 --</p>
<p>Weighted average common shares outstanding</p>
<p>and dilutive common</p>
<p>  stock equivalents		 32,310,291 31,238,659	3%</p>
<p>(1)  Primary and fully diluted earnings per share are equal. Financial Highlights</p>
<p>(In thousands, except per share amounts)</p>
<p>						 For the Six Months Ended</p>
<p>							     June 30,</p>
<p>						    1997     1996  Change</p>
<p>Operating Results</p>
<p>Revenues</p>
<p>  Residential Services		     $54,153  $56,928  (5%)</p>
<p>  Commercial Services			 91,934  17,1084   37%</p>
<p>  Apartment Property			   3,229    3,399  (5%)</p>
<p>  Other					   5,211    5,884  (11%)</p>
<p> Total Revenues				154,527   83,319   85%</p>
<p>Expenses</p>
<p>  Service Operations			 114,310  52,20111   9%</p>
<p>  Apartment Property			  1,516    1,844  (18%)</p>
<p>  Administrative and Other		   8,696    7,022   24%</p>
<p>  Interest					3,198    5,935  (46%)</p>
<p>  Apartment property interest		  744	732    2%</p>
<p>  Depreciation and amortization	   15,304    9,481   61%</p>
<p>  Apartment property depreciation	    480	493  (3%)</p>
<p> Total Expenses				144,248   77,708   86%</p>
<p> Equity earnings from partnerships	 3,636    2,341   55%</p>
<p> Minority interests			  (6,285)    (262)2,299%</p>
<p> Income before income taxes		  7,630    7,690  (1%)</p>
<p> Provision for income taxes		  3,052    2,922    4%</p>
<p> Net income					4,578    4,768  (4%)</p>
<p> Earnings per share(1)			   .14	.15  (7%)</p>
<p>Weighted average common shares outstanding</p>
<p>and dilutive common stock equivalents</p>
<p>						32,525,228 30,023,895  8%</p>
<p>(1)  Primary and fully diluted earnings per share are equal.</p>
</text>
<copyright>(c) Reuters Limited 1997</copyright>
<metadata>
<codes class="bip:countries:1.0">
  <code code="USA">
    <editdetail attribution="Reuters BIP Coding Group" action="confirmed" date="1997-07-23"/>
  </code>
</codes>
<codes class="bip:industries:1.0">
  <code code="I85000">
    <editdetail attribution="Reuters BIP Coding Group" action="confirmed" date="1997-07-23"/>
  </code>
</codes>
<codes class="bip:topics:1.0">
  <code code="C15">
    <editdetail attribution="Reuters BIP Coding Group" action="confirmed" date="1997-07-23"/>
  </code>
  <code code="C151">
    <editdetail attribution="Reuters BIP Coding Group" action="confirmed" date="1997-07-23"/>
  </code>
  <code code="CCAT">
    <editdetail attribution="Reuters BIP Coding Group" action="confirmed" date="1997-07-23"/>
  </code>
</codes>
<dc element="dc.date.created" value="1997-07-23"/>
<dc element="dc.publisher" value="Reuters Holdings Plc"/>
<dc element="dc.date.published" value="1997-07-23"/>
<dc element="dc.source" value="Reuters"/>
<dc element="dc.creator.location" value="GREENVILLE, S.C."/>
<dc element="dc.creator.location.country.name" value="USA"/>
<dc element="dc.source" value="Reuters"/>
</metadata>
</newsitem>
