<?xml version="1.0" encoding="iso-8859-1" ?>
<newsitem itemid="748082" id="root" date="1997-07-23" xml:lang="en">
<title>USA: Airbus aim is 50 pct of world plane market - Daimler.</title>
<headline>Airbus aim is 50 pct of world plane market - Daimler.</headline>
<dateline>WASHINGTON 1997-07-23</dateline>
<text>
<p>Europe's Airbus consortium must, in the long term, seek 50 percent of the world's aircraft market, Juergen Schrempp told a news conference on Wednesday.</p>
<p>&quot;Now that there are basically two major manufacturers of commercial aircraft in the world, our long-term aim must be to get 50 percent of the world market,&quot; he said.  </p>
<p>&quot;That has to be the target. When and how it will be achieved remains to be seen,&quot; he said.</p>
<p>Schrempp said Europe's defense aircraft companies had to consolidate to compete.</p>
<p>&quot;We have to consolidate in Europe, or else we have got no chance whatsoever,&quot; he said.</p>
<p>&quot;We have to go along the way that U.S. companies have gone.&quot;</p>
</text>
<copyright>(c) Reuters Limited 1997</copyright>
<metadata>
<codes class="bip:countries:1.0">
  <code code="USA">
    <editdetail attribution="Reuters BIP Coding Group" action="confirmed" date="1997-07-23"/>
  </code>
</codes>
<codes class="bip:industries:1.0">
  <code code="I36400">
    <editdetail attribution="Reuters BIP Coding Group" action="confirmed" date="1997-07-23"/>
  </code>
  <code code="I3640010">
    <editdetail attribution="Reuters BIP Coding Group" action="confirmed" date="1997-07-23"/>
  </code>
</codes>
<codes class="bip:topics:1.0">
  <code code="C31">
    <editdetail attribution="Reuters BIP Coding Group" action="confirmed" date="1997-07-23"/>
  </code>
  <code code="C313">
    <editdetail attribution="Reuters BIP Coding Group" action="confirmed" date="1997-07-23"/>
  </code>
  <code code="CCAT">
    <editdetail attribution="Reuters BIP Coding Group" action="confirmed" date="1997-07-23"/>
  </code>
</codes>
<dc element="dc.date.created" value="1997-07-23"/>
<dc element="dc.publisher" value="Reuters Holdings Plc"/>
<dc element="dc.date.published" value="1997-07-23"/>
<dc element="dc.source" value="Reuters"/>
<dc element="dc.creator.location" value="WASHINGTON"/>
<dc element="dc.creator.location.country.name" value="USA"/>
<dc element="dc.source" value="Reuters"/>
</metadata>
</newsitem>
