<?xml version="1.0" encoding="iso-8859-1" ?>
<newsitem itemid="748014" id="root" date="1997-07-23" xml:lang="en">
<title>EU: Official Journal contents - OJ L 194 of July 23, 1997.</title>
<headline>Official Journal contents - OJ L 194 of July 23, 1997.</headline>
<text>
<p>*</p>
<p>(Note - contents are displayed in reverse order to that in the printed Journal)</p>
<p>*</p>
<p>Corrigendum to Commission Regulation (EC) No 1376/97 of 17 July 1997 opening and providing for the administration of an import tariff quota for young male bovine animals for fattening (1 July 1997 to 30 June 1998) (Official Journal of the European Communities No L 189 of 18 July 1997)</p>
<p>COMMISSION DECISION of 1 July 1997 concerning a request for exemption submitted by Germany pursuant to Article 8 (2) (c) of Council Directive 70/156/EEC on the approximation of the laws of the Member States relating to the type-approval of motor vehicles and their trailers (Only the German text is authentic) (97/457/EC)</p>
<p>COMMISSION DECISION of 1 July 1997 concerning a request for exemption submitted by Germany pursuant to Article 8 (2) (c) of Council Directive 70/156/EEC on the approximation of the laws of the Member States relating to the type-approval of motor vehicles and their trailers (Only the German text is authentic) (97/456/EC)</p>
<p>COMMISSION DECISION of 1 July 1997 concerning a request for exemption submitted by Germany pursuant to Article 8 (2) (c) of Council Directive 70/156/EEC on the approximation of the laws of the Member States relating to the type-approval of motor vehicles and their trailers (Only the German text is authentic) (97/455/EC)</p>
<p>COMMISSION DECISION of 1 July 1997 concerning a request for exemption submitted by Germany pursuant to Article 8 (2) (c) of Council Directive 70/156/EEC on the approximation of the laws of the Member States relating to the type-approval of motor vehicles and their trailers (Only the German text is authentic) (97/454/EC)</p>
<p>COMMISSION DECISION of 1 July 1997 concerning a request for exemption submitted by Germany pursuant to Article 8 (2) (c) of Council Directive 70/156/EEC on the approximation of the laws of the Member States relating to the type-approval of motor vehicles and their trailers (Only the German text is authentic) (97/453/EC)</p>
<p>COMMISSION DECISION of 1 July 1997 concerning a request for exemption submitted by Germany pursuant to Article 8 (2) (c) of Council Directive 70/156/EEC on the approximation of the laws of the Member States relating to the type-approval of motor vehicles and their trailers (Only the German text is authentic) (97/452/EC)</p>
<p>COMMISSION DECISION of 1 July 1997 concerning a request for exemption submitted by Germany pursuant to Article 8 (2) (c) of Council Directive 70/156/EEC on the approximation of the laws of the Member States relating to the type-approval of motor vehicles and their trailers (Only the German text is authentic) (97/451/EC)</p>
<p>COMMISSION DECISION of 4 December 1996 concerning State aid in favour of Bestwood E.F. Kynder GmbH i. GV (Only the German text is authentic) (Text with EEA relevance) (97/450/EC)</p>
<p>COMMISSION DECISION of 30 July 1996 amending for the fourth time Decision No 95/33/EC approving parts of the Finnish programme for the implementation of Articles 138 to 140 of the Act concerning the conditions of Accession of the Republic of Austria, the Republic of Finland and the Kingdom of Sweden (Only the Finnish and Swedish texts are authentic) (97/449/EC)</p>
<p>COMMISSION REGULATION (EC) No 1411/97 of 22 July 1997 establishing the standard import values for determining the entry price of certain fruit and vegetables</p>
<p>COMMISSION REGULATION (EC) No 1410/97 of 22 July 1997 amending representative prices and additional duties for the import of certain products in the sugar sector</p>
<p>COMMISSION REGULATION (EC) No 1409/97 of 22 July 1997 determining the extent to which the applications for import licences submitted in July 1997 for certain dairy products under certain tariff quotas opened by Regulation (EC) No 1600/95 can be accepted</p>
<p>COMMISSION REGULATION (EC) No 1408/97 of 22 July 1997 relating to a standing invitation to tender to determine levies and/or refunds on exports of white sugar</p>
<p>COMMISSION REGULATION (EC) No 1407/97 of 22 July 1997 temporarily adapting the special arrangements for imports of rice laid down in Regulations (EEC) No 999/90 and (EEC) No 862/91 for the purpose of implementing the Agreement on Agriculture concluded during the Uruguay Round of multilateral trade negotiations</p>
<p>COMMISSION REGULATION (EC) No 1406/97 of 22 July 1997 laying down rules for the application of Council Regulation (EC) No 3066/95 as regards the management of a quota of cat and dog food put up for retail sale of CN code 2309 10 originating in Hungary</p>
<p>COMMISSION REGULATION (EC) No 1405/97 of 22 July 1997 laying down detailed rules for the application of Council Regulation (EC) No 3066/95 for the management in 1997 of a quota of preparations of a kind used in animal feeding falling within CN codes 2309 90 31 and 2309 90 41 originating in Bulgaria</p>
<p>COMMISSION REGULATION (EC) No 1404/97 of 22 July 1997 amending Regulation (EEC) No 3719/88 as regards the use of computerized systems for licences and certificates</p>
<p>COMMISSION REGULATION (EC) No 1403/97 of 22 July 1997 amending Regulation (EC) No 703/97 introducing for a trial period from 1 July 1997 to 30 June 1998 a cumulative recovery system for determining certain import duties on rice and amending Regulation (EC) No 1503/96</p>
<p>COMMISSION REGULATION (EC) No 1402/97 of 22 July 1997 amending Regulation (EEC) No 3461/85 on the organization of campaigns to promote the consumption of grape juice END OF DOCUMENT.</p>
</text>
<copyright>(c) Reuters Limited 1997</copyright>
<metadata>
<codes class="bip:countries:1.0">
  <code code="EEC">
    <editdetail attribution="Reuters BIP Coding Group" action="confirmed" date="1997-07-23"/>
  </code>
</codes>
<codes class="bip:topics:1.0">
  <code code="G15">
    <editdetail attribution="Reuters BIP Coding Group" action="confirmed" date="1997-07-23"/>
  </code>
  <code code="GCAT">
    <editdetail attribution="Reuters BIP Coding Group" action="confirmed" date="1997-07-23"/>
  </code>
</codes>
<dc element="dc.publisher" value="Reuters Holdings Plc"/>
<dc element="dc.date.published" value="1997-07-23"/>
<dc element="dc.source" value="Reuters"/>
<dc element="dc.creator.location.country.name" value="EU"/>
<dc element="dc.source" value="Reuters"/>
</metadata>
</newsitem>
