<?xml version="1.0" encoding="iso-8859-1" ?>
<newsitem itemid="748097" id="root" date="1997-07-23" xml:lang="en">
<title>USA: Cigna lowers rights plan trigger to 10 percent.</title>
<headline>Cigna lowers rights plan trigger to 10 percent.</headline>
<dateline>PHILADELPHIA 1997-07-23</dateline>
<text>
<p>CIGNA Corp said on Wednesday it adopted a new shareholders rights plan that lowers the trigger to 10 percent from 20 percent.</p>
<p>Company officials said they were not responding to any impending takeover attempt, but merely updating the plan that has been in place since 1987.</p>
<p>That plan was due to expire in August, the company said in a news release.</p>
<p>The new plan would take effect if an investor or group acquired 10 percent or more of CIGNA's outstanding shares.</p>
<p>CIGNA provides health care, insurance and related financial services.</p>
</text>
<copyright>(c) Reuters Limited 1997</copyright>
<metadata>
<codes class="bip:countries:1.0">
  <code code="USA">
    <editdetail attribution="Reuters BIP Coding Group" action="confirmed" date="1997-07-23"/>
  </code>
</codes>
<codes class="bip:industries:1.0">
  <code code="I82001">
    <editdetail attribution="Reuters BIP Coding Group" action="confirmed" date="1997-07-23"/>
  </code>
</codes>
<codes class="bip:topics:1.0">
  <code code="C11">
    <editdetail attribution="Reuters BIP Coding Group" action="confirmed" date="1997-07-23"/>
  </code>
  <code code="C18">
    <editdetail attribution="Reuters BIP Coding Group" action="confirmed" date="1997-07-23"/>
  </code>
  <code code="C181">
    <editdetail attribution="Reuters BIP Coding Group" action="confirmed" date="1997-07-23"/>
  </code>
  <code code="CCAT">
    <editdetail attribution="Reuters BIP Coding Group" action="confirmed" date="1997-07-23"/>
  </code>
</codes>
<dc element="dc.date.created" value="1997-07-23"/>
<dc element="dc.publisher" value="Reuters Holdings Plc"/>
<dc element="dc.date.published" value="1997-07-23"/>
<dc element="dc.source" value="Reuters"/>
<dc element="dc.creator.location" value="PHILADELPHIA"/>
<dc element="dc.creator.location.country.name" value="USA"/>
<dc element="dc.source" value="Reuters"/>
</metadata>
</newsitem>
