<?xml version="1.0" encoding="iso-8859-1" ?>
<newsitem itemid="748166" id="root" date="1997-07-23" xml:lang="en">
<title>USA: TABLE - Verilink Corp Q4 results.</title>
<headline>TABLE - Verilink Corp Q4 results.</headline>
<dateline>SAN JOSE, Calif. 1997-07-23</dateline>
<text>
<p>VERILINK CORP.</p>
<p>		  SUMMARY CONSOLIDATED FINANCIAL STATEMENTS</p>
<p>			(thousands, except per share amounts)</p>
<p>			    Three Months Ended  Twelve Months Ended</p>
<p> CONSOLIDATED STATEMENT    6/29/97  6/30/96  6/29/97  6/30/96</p>
<p>OF INCOME (unaudited)</p>
<p> Net Revenues		   $12,448 $12,931   $57,170 $41,608</p>
<p> Cost of sales		    6,469   6,364    28,325  20,155</p>
<p>  Gross profit		    5,979   6,567    28,845  21,453</p>
<p> Research and development     2,591   1,945     9,373   7,283</p>
<p>Marketing, general and</p>
<p>  administrative		  3,636   3,143    14,640  10,938</p>
<p> Operating Income (loss)	(248)   1,479     4,832   3,232</p>
<p>Interest income</p>
<p>  (expense) net		     525	81     2,043     147</p>
<p> Income before taxes		277   1,560     6,875   3,379</p>
<p>Provision for</p>
<p>  taxes on income		   108     608     2,681     663</p>
<p> Net income			   169     952     4,194   2,716</p>
<p> Net income per share	    0.01    0.08	0.29    0.24</p>
<p>Weighted average common and</p>
<p>common equivalent shares</p>
<p>  outstanding		    14,150  12,122    14,293  11,367</p>
</text>
<copyright>(c) Reuters Limited 1997</copyright>
<metadata>
<codes class="bip:countries:1.0">
  <code code="USA">
    <editdetail attribution="Reuters BIP Coding Group" action="confirmed" date="1997-07-23"/>
  </code>
</codes>
<codes class="bip:industries:1.0">
  <code code="I34410">
    <editdetail attribution="Reuters BIP Coding Group" action="confirmed" date="1997-07-23"/>
  </code>
</codes>
<codes class="bip:topics:1.0">
  <code code="C15">
    <editdetail attribution="Reuters BIP Coding Group" action="confirmed" date="1997-07-23"/>
  </code>
  <code code="C151">
    <editdetail attribution="Reuters BIP Coding Group" action="confirmed" date="1997-07-23"/>
  </code>
  <code code="C1511">
    <editdetail attribution="Reuters BIP Coding Group" action="confirmed" date="1997-07-23"/>
  </code>
  <code code="CCAT">
    <editdetail attribution="Reuters BIP Coding Group" action="confirmed" date="1997-07-23"/>
  </code>
</codes>
<dc element="dc.date.created" value="1997-07-23"/>
<dc element="dc.publisher" value="Reuters Holdings Plc"/>
<dc element="dc.date.published" value="1997-07-23"/>
<dc element="dc.source" value="Reuters"/>
<dc element="dc.creator.location" value="SAN JOSE, Calif."/>
<dc element="dc.creator.location.country.name" value="USA"/>
<dc element="dc.source" value="Reuters"/>
</metadata>
</newsitem>
