<?xml version="1.0" encoding="iso-8859-1" ?>
<newsitem itemid="748172" id="root" date="1997-07-23" xml:lang="en">
<title>USA: TABLE - Baan Co Q2 full results.</title>
<headline>TABLE - Baan Co Q2 full results.</headline>
<dateline>MENLO PARK, Calif. 1997-07-23</dateline>
<text>
<p>BAAN COMPANY</p>
<p>			  CONSOLIDATED STATEMENT OF OPERATIONS</p>
<p>		     ($ in thousands, except per share amounts)</p>
<p>			    (Unaudited)</p>
<p>				 Three Months Ended  Six Months Ended</p>
<p>						 June 30	June 30</p>
<p>					 1997    1996     1997     1996</p>
<p>Net revenues:</p>
<p>   License revenue	     92,295  49,729  169,664   89,795</p>
<p>Maintenance and service revenue</p>
<p>				     53,552  35,583   99,738   68,380</p>
<p>   Hardware and other revenue   224   3,170	541    8,233</p>
<p>     Total net revenues     146,071  88,482  269,943  166,408</p>
<p>Cost of revenues:</p>
<p>   Cost of license revenue    8,289   3,538   13,582    6,331</p>
<p>Cost of maintenance and</p>
<p>    service revenue	    39,885  30,339   75,142   58,164</p>
<p>Cost of hardware and other revenue</p>
<p>					   77   2,491	242    6,429</p>
<p>     Total cost of revenues  48,251  36,368   88,966   70,924</p>
<p> Gross profit		    97,820  52,114  180,977   95,484</p>
<p>Operating expenses:</p>
<p>   Sales and marketing	 37,164  22,370   70,849   42,299</p>
<p>   Research and development  20,879   9,181   38,308   16,933</p>
<p>General and administrative</p>
<p>				     12,106   7,825   22,561   15,095</p>
<p>Amortization of intangible assets</p>
<p>					1,386   1,532    2,834    2,975</p>
<p>Total operating expenses</p>
<p>				     71,535  40,908  134,552   77,302</p>
<p> Income from operations	26,285  11,206   46,425   18,182</p>
<p> Net interest income		578	45	629	168</p>
<p>Income before income taxes and</p>
<p>  minority interest	    26,863  11,251   47,054   18,350</p>
<p> Provision for income taxes  10,477   4,388   18,351    7,156</p>
<p> Net income			16,386   6,863   28,703   11,194</p>
<p> Net income per share	    0.17    0.07     0.29     0.12</p>
<p>Shares used in computing</p>
<p>  per share amounts	    98,298  94,543   97,985   94,024</p>
</text>
<copyright>(c) Reuters Limited 1997</copyright>
<metadata>
<codes class="bip:countries:1.0">
  <code code="USA">
    <editdetail attribution="Reuters BIP Coding Group" action="confirmed" date="1997-07-23"/>
  </code>
</codes>
<codes class="bip:industries:1.0">
  <code code="I33020">
    <editdetail attribution="Reuters BIP Coding Group" action="confirmed" date="1997-07-23"/>
  </code>
</codes>
<codes class="bip:topics:1.0">
  <code code="C15">
    <editdetail attribution="Reuters BIP Coding Group" action="confirmed" date="1997-07-23"/>
  </code>
  <code code="C151">
    <editdetail attribution="Reuters BIP Coding Group" action="confirmed" date="1997-07-23"/>
  </code>
  <code code="CCAT">
    <editdetail attribution="Reuters BIP Coding Group" action="confirmed" date="1997-07-23"/>
  </code>
</codes>
<dc element="dc.date.created" value="1997-07-23"/>
<dc element="dc.publisher" value="Reuters Holdings Plc"/>
<dc element="dc.date.published" value="1997-07-23"/>
<dc element="dc.source" value="Reuters"/>
<dc element="dc.creator.location" value="MENLO PARK, Calif."/>
<dc element="dc.creator.location.country.name" value="USA"/>
<dc element="dc.source" value="Reuters"/>
</metadata>
</newsitem>
