<?xml version="1.0" encoding="iso-8859-1" ?>
<newsitem itemid="748117" id="root" date="1997-07-23" xml:lang="en">
<title>USA: TABLE - Mark VII Inc Q2 shr $0.42 vs $0.34.</title>
<headline>TABLE - Mark VII Inc Q2 shr $0.42 vs $0.34.</headline>
<dateline>MEMPHIS, Tenn. 1997-07-23</dateline>
<text>
<p>Summary of Results (in thousands, except per share data):</p>
<p>				    Quarter Ended    Six Months Ended</p>
<p>				  6/28/97  6/29/96   6/28/97  6/29/96</p>
<p> Operating revenues     $ 164,877$ 142,755 $ 310,791$ 264,785</p>
<p> Operating Income	     3,462    2,870     5,575    4,609</p>
<p> Net income		     2,066    1,618     3,300    2,573</p>
<p> Earnings per share	     .42	.34	 .68	.54</p>
<p>Average common shares</p>
<p>and equivalents</p>
<p>  outstanding		   4,885    4,783     4,885    4,804</p>
<p>((-- New York Newsdesk 212 859-1610))</p>
</text>
<copyright>(c) Reuters Limited 1997</copyright>
<metadata>
<codes class="bip:countries:1.0">
  <code code="USA">
    <editdetail attribution="Reuters BIP Coding Group" action="confirmed" date="1997-07-23"/>
  </code>
</codes>
<codes class="bip:industries:1.0">
  <code code="I72300">
    <editdetail attribution="Reuters BIP Coding Group" action="confirmed" date="1997-07-23"/>
  </code>
</codes>
<codes class="bip:topics:1.0">
  <code code="C15">
    <editdetail attribution="Reuters BIP Coding Group" action="confirmed" date="1997-07-23"/>
  </code>
  <code code="C151">
    <editdetail attribution="Reuters BIP Coding Group" action="confirmed" date="1997-07-23"/>
  </code>
  <code code="CCAT">
    <editdetail attribution="Reuters BIP Coding Group" action="confirmed" date="1997-07-23"/>
  </code>
</codes>
<dc element="dc.date.created" value="1997-07-23"/>
<dc element="dc.publisher" value="Reuters Holdings Plc"/>
<dc element="dc.date.published" value="1997-07-23"/>
<dc element="dc.source" value="Reuters"/>
<dc element="dc.creator.location" value="MEMPHIS, Tenn."/>
<dc element="dc.creator.location.country.name" value="USA"/>
<dc element="dc.source" value="Reuters"/>
</metadata>
</newsitem>
