<?xml version="1.0" encoding="iso-8859-1" ?>
<newsitem itemid="748199" id="root" date="1997-07-23" xml:lang="en">
<title>USA: Prime considers sale/leaseback deal.</title>
<headline>Prime considers sale/leaseback deal.</headline>
<dateline>FAIRFIELD, N.J. 1997-07-23</dateline>
<text>
<p>Prime Hospitality Corp said Wednesday it had retained Montgomery Securities as its financial advisor to evaluate and enter into a sale/leaseback transaction with some of its hotels.</p>
<p>It said in a statement it would use the proceeds of the deal to accelerate the growth of its proprietary hotel brands.</p>
<p>Prime owns or manages 112 hotels under its proprietary trade names AmeriSuites and Wellesley Inns as well as under franchise agreements with national hotel chains including Marriott, Radisson and Sheraton, among others.</p>
<p>It said it had selected nine full-service hotels for the transaction.</p>
<p>&quot;The hotels are located in the Northeast, Mountain and Pacific regions of the United States and are operated primarily under franchise agreements with Sheraton, Crowne Plaza and Ramada,&quot; it said.</p>
<p>For the twelve months ended June 30, 1997, the hotels generated revenues and earnings before interest, taxes, depreciation and amortization of $54.6 million and $19.6 million, respectively, it said.</p>
<p>Prime said it expected to complete the deal transaction by the end of 1997, adding that it will likely pursue a second transaction in 1998 involving the sale/leaseback of certain of its remaining full-service hotels.</p>
</text>
<copyright>(c) Reuters Limited 1997</copyright>
<metadata>
<codes class="bip:countries:1.0">
  <code code="USA">
    <editdetail attribution="Reuters BIP Coding Group" action="confirmed" date="1997-07-23"/>
  </code>
</codes>
<codes class="bip:industries:1.0">
  <code code="I66500">
    <editdetail attribution="Reuters BIP Coding Group" action="confirmed" date="1997-07-23"/>
  </code>
</codes>
<codes class="bip:topics:1.0">
  <code code="C18">
    <editdetail attribution="Reuters BIP Coding Group" action="confirmed" date="1997-07-23"/>
  </code>
  <code code="C182">
    <editdetail attribution="Reuters BIP Coding Group" action="confirmed" date="1997-07-23"/>
  </code>
  <code code="CCAT">
    <editdetail attribution="Reuters BIP Coding Group" action="confirmed" date="1997-07-23"/>
  </code>
</codes>
<dc element="dc.date.created" value="1997-07-23"/>
<dc element="dc.publisher" value="Reuters Holdings Plc"/>
<dc element="dc.date.published" value="1997-07-23"/>
<dc element="dc.source" value="Reuters"/>
<dc element="dc.creator.location" value="FAIRFIELD, N.J."/>
<dc element="dc.creator.location.country.name" value="USA"/>
<dc element="dc.source" value="Reuters"/>
</metadata>
</newsitem>
