<?xml version="1.0" encoding="iso-8859-1" ?>
<newsitem itemid="748192" id="root" date="1997-07-23" xml:lang="en">
<title>USA: TABLE-Digi International Inc Q3 net.</title>
<headline>TABLE-Digi International Inc Q3 net.</headline>
<dateline>MINNEAPOLIS 1997-07-23</dateline>
<text>
<p>Three Months Ended June 30		1997		 1996</p>
<p> Sales				   $40,843,298	$49,642,710</p>
<p> Operating Income			2,543,510	  1,965,646</p>
<p>AetherWorks Corporation Net Loss</p>
<p>				     ( 1,525,006)(a)  ( 1,203,625)(a)</p>
<p> Net (Loss) Income			  67,270	  ( 51,230)</p>
<p> Net (Loss) Income Per Share		 .01		  .00</p>
<p>Weighted average common and</p>
<p>common equivalent shares</p>
<p>  outstanding			   13,403,895	 13,841,154</p>
<p>Nine Months Ended June 30</p>
<p> Sales				   123,472,736	141,332,248</p>
<p> Operating (Loss) Income	  ( 8,977,378)	 16,912,492</p>
<p>AetherWorks Corporation Net Loss</p>
<p>				     ( 4,634,476)(c)  ( 2,138,922)(c)</p>
<p> Net (Loss) Income		 ( 11,910,948)	  9,090,305</p>
<p> Net (Loss) Income Per Share	(  .89)(b)		  .66</p>
<p>Weighted average common and</p>
<p>common equivalent shares</p>
<p>  outstanding			   13,379,899	 13,828,104</p>
<p>(a) Represents $.11 per share and $.09 per share, respectively.</p>
<p>(b) Includes a one-time restructuring charge of $.62 per share (net of income tax benefit) recorded during the second fiscal quarter.</p>
<p>(c) Represents $ .35 per share and $ .15 per share, respectively.</p>
<p>((--Chicago newsdesk, 312-408-8787))</p>
</text>
<copyright>(c) Reuters Limited 1997</copyright>
<metadata>
<codes class="bip:countries:1.0">
  <code code="USA">
    <editdetail attribution="Reuters BIP Coding Group" action="confirmed" date="1997-07-23"/>
  </code>
</codes>
<codes class="bip:industries:1.0">
  <code code="I33030">
    <editdetail attribution="Reuters BIP Coding Group" action="confirmed" date="1997-07-23"/>
  </code>
</codes>
<codes class="bip:topics:1.0">
  <code code="C15">
    <editdetail attribution="Reuters BIP Coding Group" action="confirmed" date="1997-07-23"/>
  </code>
  <code code="C151">
    <editdetail attribution="Reuters BIP Coding Group" action="confirmed" date="1997-07-23"/>
  </code>
  <code code="CCAT">
    <editdetail attribution="Reuters BIP Coding Group" action="confirmed" date="1997-07-23"/>
  </code>
</codes>
<dc element="dc.date.created" value="1997-07-23"/>
<dc element="dc.publisher" value="Reuters Holdings Plc"/>
<dc element="dc.date.published" value="1997-07-23"/>
<dc element="dc.source" value="Reuters"/>
<dc element="dc.creator.location" value="MINNEAPOLIS"/>
<dc element="dc.creator.location.country.name" value="USA"/>
<dc element="dc.source" value="Reuters"/>
</metadata>
</newsitem>
