<?xml version="1.0" encoding="iso-8859-1" ?>
<newsitem itemid="748187" id="root" date="1997-07-23" xml:lang="en">
<title>USA: TABLE - ArthroCare Corp Q2 results.</title>
<headline>TABLE - ArthroCare Corp Q2 results.</headline>
<dateline>SUNNYVALE, Calif.,</dateline>
<text>
<p>ArthroCare Corporation</p>
<p>			     Condensed Statements of Operations</p>
<p>				(In thousands, except share data)</p>
<p>					   (Unaudited)</p>
<p>	     For the Three Months End  For the Six Months Ended</p>
<p>			   Jun 28,    Jun 29,    Jun 28,    Jun 29,</p>
<p>				1997	 1996	1997	 1996</p>
<p> Net sales	     $ 2,832    $ 1,406    $ 5,093    $ 2,565</p>
<p> Cost of sales	   1,994	1,236	3,673	2,301</p>
<p> Gross margin		838	  170	1,420	  264</p>
<p>Operating expenses:</p>
<p>Research and</p>
<p>    development	    873	  950	1,753	1,814</p>
<p>Sales and marketing</p>
<p>			     1,386	  872	2,751	1,530</p>
<p>General and</p>
<p>    administrative	 927	  527	1,818	1,103</p>
<p>Total operating</p>
<p>	expenses	   3,186	2,349	6,322	4,447</p>
<p>Loss from operations</p>
<p>			   (2,348)    (2,179)    (4,902)    (4,183)</p>
<p>Interest and other</p>
<p>  income, net		359	  444	  746	  707</p>
<p>Loss before income</p>
<p>  tax provision	(1,989)    (1,735)    (4,156)    (3,476)</p>
<p> Income tax provision     --	   --	   --	    2</p>
<p>     Net Loss	  (1,989)    (1,735)    (4,156)    (3,478)</p>
<p>Net loss per common</p>
<p>and common</p>
<p>  equivalent	    (0.23)     (0.20)     (0.47)     (0.45)</p>
<p>Common and common</p>
<p>equivalent shares</p>
<p>used in the</p>
<p>calculation of</p>
<p>net loss per</p>
<p>  share		8,806,024  8,675,053  8,795,379  7,758,459</p>
</text>
<copyright>(c) Reuters Limited 1997</copyright>
<metadata>
<codes class="bip:countries:1.0">
  <code code="USA">
    <editdetail attribution="Reuters BIP Coding Group" action="confirmed" date="1997-07-23"/>
  </code>
</codes>
<codes class="bip:industries:1.0">
  <code code="I37200">
    <editdetail attribution="Reuters BIP Coding Group" action="confirmed" date="1997-07-23"/>
  </code>
</codes>
<codes class="bip:topics:1.0">
  <code code="C15">
    <editdetail attribution="Reuters BIP Coding Group" action="confirmed" date="1997-07-23"/>
  </code>
  <code code="C151">
    <editdetail attribution="Reuters BIP Coding Group" action="confirmed" date="1997-07-23"/>
  </code>
  <code code="CCAT">
    <editdetail attribution="Reuters BIP Coding Group" action="confirmed" date="1997-07-23"/>
  </code>
</codes>
<dc element="dc.publisher" value="Reuters Holdings Plc"/>
<dc element="dc.date.published" value="1997-07-23"/>
<dc element="dc.source" value="Reuters"/>
<dc element="dc.creator.location" value="SUNNYVALE, Calif., )"/>
<dc element="dc.creator.location.country.name" value="USA"/>
<dc element="dc.source" value="Reuters"/>
</metadata>
</newsitem>
