<?xml version="1.0" encoding="iso-8859-1" ?>
<newsitem itemid="748131" id="root" date="1997-07-23" xml:lang="en">
<title>USA: TABLE - BostonFed Bancorp Inc Q2 net rises.</title>
<headline>TABLE - BostonFed Bancorp Inc Q2 net rises.</headline>
<dateline>BURLINGTON, Mass. 1997-07-23</dateline>
<text>
<p>BOSTONFED BANCORP,INC.</p>
<p>Consolidated Statements of Operations</p>
<p>							   Six Months Ended</p>
<p>			     Three Months Ended	  June 30,</p>
<p>			   6/30/97     6/30/96	1997	 1996</p>
<p>						(In Thousands)</p>
<p>						  (Unaudited)</p>
<p>Interest income:</p>
<p> Loans		   $14,686     $10,709   $28,472    $20,612</p>
<p>Mortgage-backed securities</p>
<p>			     1,073	 1,174     2,204	2,458</p>
<p>Investment securities</p>
<p>			     1,311	   744     2,391	  942</p>
<p>Total interest income</p>
<p>and dividend income</p>
<p>			    17,070	12,627    33,067     24,012</p>
<p>Interest expense:</p>
<p> Deposit accounts	4,762	 3,955     8,934	7,958</p>
<p> Borrowed funds	  4,420	 2,799     9,105	4,663</p>
<p>Total interest expense</p>
<p>			     9,182	 6,754    18,039     12,621</p>
<p> Net interest income   7,888	 5,873    15,028     11,391</p>
<p>Provision for loan losses</p>
<p>				 455	   298	 880	  736</p>
<p>Net interest income</p>
<p>  after provision	7,433	 5,575    14,148     10,655</p>
<p>Non-interest income:</p>
<p>Loan processing and</p>
<p>  servicing fees	   298	   330	 597	  671</p>
<p> Gain on sale of loans   252	   120	 382	  374</p>
<p> Other			 631	   406     1,197	  780</p>
<p>Total non-interest income</p>
<p>			     1,181	   856     2,176	1,825</p>
<p>Non-interest expense:</p>
<p>Compensation and benefits</p>
<p>			     3,368	 2,441     6,608	4,636</p>
<p>Occupancy and equipment</p>
<p>				 846	   635     1,542	1,255</p>
<p>Federal deposit</p>
<p>  insurance premiums	71	   239	 142	  478</p>
<p>Real estate operations</p>
<p>			     (219)	  (30)   (1,110)	  (6)</p>
<p> Other		     1,430	 1,248     2,779	2,486</p>
<p>Total non-interest</p>
<p>  expense		  5,496	 4,533     9,961	8,849</p>
<p>Income before</p>
<p>  income taxes	   3,118	 1,898     6,363	3,631</p>
<p> Income tax expense    1,413	   774     2,744	1,484</p>
<p> Net income		1,705	 1,124     3,619	2,147</p>
<p>Selected Financial Highlights --</p>
<p>(For the periods ending)</p>
<p>Primary earnings</p>
<p>  per share		 0.30	  0.18	0.63	 0.35</p>
<p>Fully diluted earnings</p>
<p>  per share		 0.30	  0.18	0.62	 0.35</p>
<p>Return on average assets</p>
<p>  (Annualized)	   0.72%	 0.63%     0.78%	0.63%</p>
<p>Return on average</p>
<p>stockholders'</p>
<p>  equity (Annualized)  7.90%	 4.86%     8.32%	4.64%</p>
<p>Net interest rate spread</p>
<p>  (Annualized)	   3.01%	 2.86%     2.93%	2.90%</p>
<p>Net interest margin</p>
<p>  (Annualized)	   3.47%	 3.41%     3.40%	3.49%</p>
<p>Mortgage loan originations</p>
<p>(Dollars in Thousands)</p>
<p>			    91,334     154,141   150,145    248,009</p>
<p>				 BOSTONFED BANCORP,INC.</p>
<p> Consolidated Balance Sheets  Jun 30,		     Dec 31,</p>
<p>					   1997			 1996</p>
<p>						    (In Thousands)</p>
<p>							 (Unaudited)</p>
<p>Loans, net of allowance</p>
<p>  for loan losses		 758,476		     676,670</p>
<p> Total assets		     975,922		     820,567</p>
<p> Deposit accounts		 581,752		     428,818</p>
<p>((-- New York Newsdesk 212 859-1610))</p>
</text>
<copyright>(c) Reuters Limited 1997</copyright>
<metadata>
<codes class="bip:countries:1.0">
  <code code="USA">
    <editdetail attribution="Reuters BIP Coding Group" action="confirmed" date="1997-07-23"/>
  </code>
</codes>
<codes class="bip:topics:1.0">
  <code code="C15">
    <editdetail attribution="Reuters BIP Coding Group" action="confirmed" date="1997-07-23"/>
  </code>
  <code code="C151">
    <editdetail attribution="Reuters BIP Coding Group" action="confirmed" date="1997-07-23"/>
  </code>
  <code code="CCAT">
    <editdetail attribution="Reuters BIP Coding Group" action="confirmed" date="1997-07-23"/>
  </code>
</codes>
<dc element="dc.date.created" value="1997-07-23"/>
<dc element="dc.publisher" value="Reuters Holdings Plc"/>
<dc element="dc.date.published" value="1997-07-23"/>
<dc element="dc.source" value="Reuters"/>
<dc element="dc.creator.location" value="BURLINGTON, Mass."/>
<dc element="dc.creator.location.country.name" value="USA"/>
<dc element="dc.source" value="Reuters"/>
</metadata>
</newsitem>
