<?xml version="1.0" encoding="iso-8859-1" ?>
<newsitem itemid="748185" id="root" date="1997-07-23" xml:lang="en">
<title>USA: TABLE - Read-Rite Corp Q3 results.</title>
<headline>TABLE - Read-Rite Corp Q3 results.</headline>
<dateline>MILPITAS, Calif. 1997-07-23</dateline>
<text>
<p>Read-Rite Corporation</p>
<p>		     Consolidated Statements of Operations</p>
<p>		    (In thousands, except per share amount)</p>
<p>				Three Months Ended  Nine Months Ended</p>
<p>					  June, 30	   June, 30</p>
<p>				  1997	  1996     1997	1996</p>
<p> Net sales		 $310,236    $238,281 $843,892 $795,711</p>
<p> Cost of sales   238,146    226,9120  673,608  658,231(1),(2)</p>
<p> Gross margin		72,090	11,369  170,284  137,480</p>
<p> %				23.2%	  4.8%   20.2%     17.3%</p>
<p> Research &amp; development  15,994   12,937  46,623    39,117(3)</p>
<p> %				 5.2%	  5.4%    5.5%	4.9%</p>
<p>Selling, general</p>
<p>  and administrative     10,412	10,539  31,535    32,853</p>
<p> %				 3.3%	  4.4%    3.8%	4.1%</p>
<p>Total operating</p>
<p>  expenses		   26,406	23,476  78,158    71,970</p>
<p> %				 8.5%	  9.9%    9.3%	9.0%</p>
<p>Operating income (loss)</p>
<p>				 45,684    (12,107)  92,126    65,510</p>
<p> %				14.7%	(5.1%)   10.9%	8.2%</p>
<p>Interest income (expense)</p>
<p>  and other, net	  (1,801)	 (206)  (3,865)    (730)</p>
<p>Income (loss) before</p>
<p>income taxes and</p>
<p>  minority interest	43,883    (12,313)  88,261    64,780</p>
<p> %				14.1%	(5.2%)   10.5%	8.1%</p>
<p>Provision for</p>
<p>  income taxes	     10,094	 7,409  21,190    31,309</p>
<p>Minority interest in</p>
<p>net income of</p>
<p>consolidated subsidiary</p>
<p>				  2,616	 3,188   6,556    12,523</p>
<p> Net income (loss)	 31,173   ( 22,910)  60,515    20,948</p>
<p> %				10.0%	(9.6%)    7.2%	2.6%</p>
<p>Net income (loss)</p>
<p>  per share		    0.64	(0.49)    1.24	0.44</p>
<p>Shares used in per</p>
<p>  share calculation	48,963	46,617  48,626    47,840</p>
<p>(1)  Includes $10 million charge in cost of goods sold for the write-off of inventory related items and fixed assets associated with end-of-life products. (2)  Includes $6 million charge in cost of goods sold for the consolidation of San Diego operations to Northern California.</p>
<p>(3)  Includes a $9 million charge in research and development expense for the Company's acquisition of in-process research and development related to planar technology.</p>
</text>
<copyright>(c) Reuters Limited 1997</copyright>
<metadata>
<codes class="bip:countries:1.0">
  <code code="USA">
    <editdetail attribution="Reuters BIP Coding Group" action="confirmed" date="1997-07-23"/>
  </code>
</codes>
<codes class="bip:industries:1.0">
  <code code="I33020">
    <editdetail attribution="Reuters BIP Coding Group" action="confirmed" date="1997-07-23"/>
  </code>
  <code code="I3302019">
    <editdetail attribution="Reuters BIP Coding Group" action="confirmed" date="1997-07-23"/>
  </code>
</codes>
<codes class="bip:topics:1.0">
  <code code="C15">
    <editdetail attribution="Reuters BIP Coding Group" action="confirmed" date="1997-07-23"/>
  </code>
  <code code="C151">
    <editdetail attribution="Reuters BIP Coding Group" action="confirmed" date="1997-07-23"/>
  </code>
  <code code="CCAT">
    <editdetail attribution="Reuters BIP Coding Group" action="confirmed" date="1997-07-23"/>
  </code>
</codes>
<dc element="dc.date.created" value="1997-07-23"/>
<dc element="dc.publisher" value="Reuters Holdings Plc"/>
<dc element="dc.date.published" value="1997-07-23"/>
<dc element="dc.source" value="Reuters"/>
<dc element="dc.creator.location" value="MILPITAS, Calif."/>
<dc element="dc.creator.location.country.name" value="USA"/>
<dc element="dc.source" value="Reuters"/>
</metadata>
</newsitem>
