<?xml version="1.0" encoding="iso-8859-1" ?>
<newsitem itemid="748161" id="root" date="1997-07-23" xml:lang="en">
<title>USA: TABLE-Badger Paper Mills Inc Q2 net.</title>
<headline>TABLE-Badger Paper Mills Inc Q2 net.</headline>
<dateline>PESHTIGO, Wis. 1997-07-23</dateline>
<text>
<p>Three Months Ended	Six Months Ended</p>
<p> (thousands, except Jun 30,     Jun 30,    Jun 30,    Jun 30,</p>
<p>  per share amounts)  1997	  1996	 1997	 1996</p>
<p> Net Sales	    $17,819     $20,778    $34,033    $39,232</p>
<p>Income (Loss)</p>
<p>  Before Taxes	    121     (1,770)    (1,184)    (2,773)</p>
<p> Net Income (Loss)	 80     (1,168)	(781)    (1,830)</p>
<p>Net Income (Loss)</p>
<p>  Per Share		0.04	(0.60)     (0.40)     (0.94)</p>
<p>Weighted Average</p>
<p>Common Shares</p>
<p>   Outstanding    1,945,130   1,945,130  1,945,130  1,944,330</p>
<p>NOTE: Excluding the charge relating to the discontinued pulping operations and the gain related to the sale of timberlands, the company's second quarter 1996 income was $686,000, or 35 cents per share.</p>
<p>((--Chicago newsdesk, 312-408-8787))</p>
</text>
<copyright>(c) Reuters Limited 1997</copyright>
<metadata>
<codes class="bip:countries:1.0">
  <code code="USA">
    <editdetail attribution="Reuters BIP Coding Group" action="confirmed" date="1997-07-23"/>
  </code>
</codes>
<codes class="bip:industries:1.0">
  <code code="I47100">
    <editdetail attribution="Reuters BIP Coding Group" action="confirmed" date="1997-07-23"/>
  </code>
</codes>
<codes class="bip:topics:1.0">
  <code code="C15">
    <editdetail attribution="Reuters BIP Coding Group" action="confirmed" date="1997-07-23"/>
  </code>
  <code code="C151">
    <editdetail attribution="Reuters BIP Coding Group" action="confirmed" date="1997-07-23"/>
  </code>
  <code code="CCAT">
    <editdetail attribution="Reuters BIP Coding Group" action="confirmed" date="1997-07-23"/>
  </code>
</codes>
<dc element="dc.date.created" value="1997-07-23"/>
<dc element="dc.publisher" value="Reuters Holdings Plc"/>
<dc element="dc.date.published" value="1997-07-23"/>
<dc element="dc.source" value="Reuters"/>
<dc element="dc.creator.location" value="PESHTIGO, Wis."/>
<dc element="dc.creator.location.country.name" value="USA"/>
<dc element="dc.source" value="Reuters"/>
</metadata>
</newsitem>
