<?xml version="1.0" encoding="iso-8859-1" ?>
<newsitem itemid="748168" id="root" date="1997-07-23" xml:lang="en">
<title>USA: AFTER THE BELL - Compuware, others rally.</title>
<headline>AFTER THE BELL - Compuware, others rally.</headline>
<dateline>NEW YORK 1997-07-23</dateline>
<text>
<p>Compuware Corp and BMC Software Inc were trading actively along with many other stocks during the after-hours session as investors reacted to a flurry of quarterly earnings reports, traders said Wednesday.</p>
<p>&quot;There are a lot of earnings and a lot of stocks are trading,&quot; said one dealer.</p>
<p>Compuware was trading 1 higher at 61 after reporting a profit of $0.31 a share before charges for its first quarter, compared with $0.16 for the same quarter a year ago.  </p>
<p>BMC was trading at 60-1/4 against a close of 60-3/8 following its report of a loss of $0.10 a share for its first quarter against a profit of $0.26 a year ago.</p>
<p>Read-Rite Corp was slightly higher at 25-1/16 against 24-7/8 at the close of the Nasdaq's normal session and Baan Co NV was moving 1/4 higher at 76.</p>
<p>Another trader said stock prices were trading close to their close after normal trading hours.</p>
<p>The New York Stock Exchange said session one had a volume of 1,700 shares compared to 33,100 the day before, while session two had 3.6 million against 435,271.</p>
</text>
<copyright>(c) Reuters Limited 1997</copyright>
<metadata>
<codes class="bip:countries:1.0">
  <code code="USA">
    <editdetail attribution="Reuters BIP Coding Group" action="confirmed" date="1997-07-23"/>
  </code>
</codes>
<codes class="bip:industries:1.0">
  <code code="I33020">
    <editdetail attribution="Reuters BIP Coding Group" action="confirmed" date="1997-07-23"/>
  </code>
  <code code="I3302019">
    <editdetail attribution="Reuters BIP Coding Group" action="confirmed" date="1997-07-23"/>
  </code>
  <code code="I3302020">
    <editdetail attribution="Reuters BIP Coding Group" action="confirmed" date="1997-07-23"/>
  </code>
  <code code="I3302021">
    <editdetail attribution="Reuters BIP Coding Group" action="confirmed" date="1997-07-23"/>
  </code>
</codes>
<codes class="bip:topics:1.0">
  <code code="C15">
    <editdetail attribution="Reuters BIP Coding Group" action="confirmed" date="1997-07-23"/>
  </code>
  <code code="C152">
    <editdetail attribution="Reuters BIP Coding Group" action="confirmed" date="1997-07-23"/>
  </code>
  <code code="CCAT">
    <editdetail attribution="Reuters BIP Coding Group" action="confirmed" date="1997-07-23"/>
  </code>
</codes>
<dc element="dc.date.created" value="1997-07-23"/>
<dc element="dc.publisher" value="Reuters Holdings Plc"/>
<dc element="dc.date.published" value="1997-07-23"/>
<dc element="dc.source" value="Reuters"/>
<dc element="dc.creator.location" value="NEW YORK"/>
<dc element="dc.creator.location.country.name" value="USA"/>
<dc element="dc.source" value="Reuters"/>
</metadata>
</newsitem>
