<?xml version="1.0" encoding="iso-8859-1" ?>
<newsitem itemid="748234" id="root" date="1997-07-23" xml:lang="en">
<title>USA: CSCE world sugar ends lower but Dec support intact.</title>
<headline>CSCE world sugar ends lower but Dec support intact.</headline>
<dateline>NEW YORK 1997-07-23</dateline>
<text>
<p>CSCE world sugar futures consolidated recent gains and ended lower, but the market held above key support targets, trading sources said.</p>
<p>&quot;This was a technical response to the fact that the market was overbought,&quot; said Refco analyst Ann Prendergast, noting that the RSI stood at 70 after Tuesday's close.</p>
<p>The benchmark October contract ended down 0.10 cent at 10.49 cents a lb, having ranged from 11.58 to 11.45 cents. The rest of the board finished unchanged to 0.06 cent weaker.</p>
<p>Dealers said prices should continue to ease on Thursday and pegged support at the previous contract high of 11.40 cents. A move under that level could trigger sell stops and pressure the contract to its next downside target of 11.30 cents, they said.</p>
<p>A push above resistance at Tuesday's high of 11.65 cents in October would attract further fund buying and carry the market sharply higher.</p>
<p>Producer scale-up selling is likely to provide resistance at each point up, analysts said, since recent gains were driven by technical factors. A lack of physical offtake coupled with extremely high open interest levels make the market vulnerable to a selloff.</p>
<p>Open interest in the October contract stood at 105,870 lots, up 13,763 lots as of Tuesday. Open interest in March rose by 2,601 lots to stand at 52,010 lots.</p>
<p>An estimated 19,746 lots changed hands on the day compared with Tuesday's official 50,377 lots.</p>
<p>((Suzanne Rostler, New York Commodities Desk 212 859 1640))</p>
</text>
<copyright>(c) Reuters Limited 1997</copyright>
<metadata>
<codes class="bip:countries:1.0">
  <code code="USA">
    <editdetail attribution="Reuters BIP Coding Group" action="confirmed" date="1997-07-23"/>
  </code>
</codes>
<codes class="bip:topics:1.0">
  <code code="M14">
    <editdetail attribution="Reuters BIP Coding Group" action="confirmed" date="1997-07-23"/>
  </code>
  <code code="M141">
    <editdetail attribution="Reuters BIP Coding Group" action="confirmed" date="1997-07-23"/>
  </code>
  <code code="MCAT">
    <editdetail attribution="Reuters BIP Coding Group" action="confirmed" date="1997-07-23"/>
  </code>
</codes>
<dc element="dc.date.created" value="1997-07-23"/>
<dc element="dc.publisher" value="Reuters Holdings Plc"/>
<dc element="dc.date.published" value="1997-07-23"/>
<dc element="dc.source" value="Reuters"/>
<dc element="dc.creator.location" value="NEW YORK"/>
<dc element="dc.creator.location.country.name" value="USA"/>
<dc element="dc.source" value="Reuters"/>
</metadata>
</newsitem>
