<?xml version="1.0" encoding="iso-8859-1" ?>
<newsitem itemid="748254" id="root" date="1997-07-23" xml:lang="en">
<title>USA: TABLE - Cognitronics Corp Q2 net rises.</title>
<headline>TABLE - Cognitronics Corp Q2 net rises.</headline>
<dateline>DANBURY, Conn. 1997-07-23</dateline>
<text>
<p>COGNITRONICS CORP</p>
<p>				   Summary of Results</p>
<p>							   Three Months</p>
<p>							  Ended June 30,</p>
<p>							   1997	 1996</p>
<p> Net sales					$9,645,000 $5,051,000</p>
<p> Net income					1,614,000    430,000</p>
<p> Net income per share				  .42	  .12</p>
<p>Weighted average number of shares outstanding</p>
<p>						     3,828,247  3,589,243</p>
<p>							    Six Months</p>
<p>							  Ended June 30,</p>
<p>							   1997	 1996</p>
<p> Net sales					15,193,000  8,816,000</p>
<p> Net income					2,118,000    538,000</p>
<p> Net income per share				  .57	  .15</p>
<p>Weighted average number of shares outstanding</p>
<p>						     3,736,283  3,600,041</p>
<p>-- New York Newsdesk 212 859-1610</p>
</text>
<copyright>(c) Reuters Limited 1997</copyright>
<metadata>
<codes class="bip:countries:1.0">
  <code code="USA">
    <editdetail attribution="Reuters BIP Coding Group" action="confirmed" date="1997-07-23"/>
  </code>
</codes>
<codes class="bip:industries:1.0">
  <code code="I34410">
    <editdetail attribution="Reuters BIP Coding Group" action="confirmed" date="1997-07-23"/>
  </code>
</codes>
<codes class="bip:topics:1.0">
  <code code="C15">
    <editdetail attribution="Reuters BIP Coding Group" action="confirmed" date="1997-07-23"/>
  </code>
  <code code="C151">
    <editdetail attribution="Reuters BIP Coding Group" action="confirmed" date="1997-07-23"/>
  </code>
  <code code="CCAT">
    <editdetail attribution="Reuters BIP Coding Group" action="confirmed" date="1997-07-23"/>
  </code>
</codes>
<dc element="dc.date.created" value="1997-07-23"/>
<dc element="dc.publisher" value="Reuters Holdings Plc"/>
<dc element="dc.date.published" value="1997-07-23"/>
<dc element="dc.source" value="Reuters"/>
<dc element="dc.creator.location" value="DANBURY, Conn."/>
<dc element="dc.creator.location.country.name" value="USA"/>
<dc element="dc.source" value="Reuters"/>
</metadata>
</newsitem>
