<?xml version="1.0" encoding="iso-8859-1" ?>
<newsitem itemid="748265" id="root" date="1997-07-23" xml:lang="en">
<title>USA: TABLE - Gaylord Container Corp Q3 loss.</title>
<headline>TABLE - Gaylord Container Corp Q3 loss.</headline>
<dateline>DEERFIELD, Ill. 1997-07-23</dateline>
<text>
<p>Three Months Ended     Nine Months Ended</p>
<p>					June 30,		   June 30,</p>
<p>			1997   1996	 %    1997    1996	 %</p>
<p> Net sales	$189.4 $225.5  (16.0%) $577.4  $698.6 (17.3%)</p>
<p>Operating earnings</p>
<p>   (loss)	   (11.2)   18.9    N/M   (18.4)    92.4   N/M</p>
<p>Interest expense-net</p>
<p>			  20.6   18.8   9.6%     60.0    57.9  3.6%</p>
<p>Earnings (loss) before</p>
<p>taxes and extraordinary</p>
<p>   item	     (32.8)    0.2    N/M   (79.2)    34.8   N/M</p>
<p> Income Taxes     (12.9)    0.1    N/M   (31.1)    14.4   N/M</p>
<p>Earnings (loss) before</p>
<p>extraordinary item</p>
<p>			(19.9)    0.1    N/M   (48.1)    20.4   N/M</p>
<p>Extraordinary loss (A)</p>
<p>			 (7.7)     --    N/M    (7.7)   (2.6)   N/M</p>
<p>Net income (loss)</p>
<p>			(27.6)    0.1    N/M   (55.8)    17.8   N/M</p>
<p>Earnings per common and</p>
<p>common equivalent</p>
<p>share:</p>
<p>Earnings (loss) before</p>
<p>extraordinary item</p>
<p>			(0.38)   0.00    N/M   (0.91)    0.37   N/M</p>
<p>Extraordinary</p>
<p>     loss (A)     (0.15)     --    N/M   (0.15)  (0.05)   N/M</p>
<p>Net income (loss)</p>
<p>			(0.53)   0.00    N/M   (1.06)    0.32   N/M</p>
<p>Weighted average common</p>
<p>and common equivalent</p>
<p>shares outstanding</p>
<p>			52.8   55.1  (4.2%)    52.8    55.1  (4.2%)</p>
<p>Depreciation and</p>
<p>amortization (B)</p>
<p>			  16.4   15.9   3.1%     49.1    48.6  1.0%</p>
<p>Capital expenditures</p>
<p>			8.4   10.0  (16.0%)   22.8    39.4  (42.1%)</p>
<p>Operating Summary</p>
<p>Mill production</p>
<p>(thousands of tons)</p>
<p>   Containerboard  326.5  323.9   0.8%    936.9   884.5  5.9%</p>
<p>Unbleached kraft</p>
<p>     paper	    67.3   65.4   2.9%    205.2   187.4  9.5%</p>
<p>Corrugated shipments</p>
<p>(billions of square</p>
<p>   feet)		 3.5    3.4   2.9%     10.1     9.5  6.3%</p>
<p>Multiwall bag shipments</p>
<p>(thousands of tons)</p>
<p>			 13.9   12.6  10.3%     43.0    37.2  15.6%</p>
<p>(In millions of dollars, except per share amounts)</p>
<p>(A) Extraordinary loss on the early retirement of approximately $179.7 million and $65.3 million principal amount of the company's publicly traded debt in fiscal 1997 and 1996, respectively.</p>
<p>(B) Includes $0.8 million and $2.4 million of deferred financing costs included in interest expense for the quarter and nine-month periods ended June 30, 1997, respectively and $0.8 million and $2.4 million for the quarter and nine-month periods ended June 30, 1996, respectively.</p>
<p>N/M - Not meaningful</p>
<p>		  ((Chicago newsdesk 312 408 8787))</p>
</text>
<copyright>(c) Reuters Limited 1997</copyright>
<metadata>
<codes class="bip:countries:1.0">
  <code code="USA">
    <editdetail attribution="Reuters BIP Coding Group" action="confirmed" date="1997-07-23"/>
  </code>
</codes>
<codes class="bip:industries:1.0">
  <code code="I31000">
    <editdetail attribution="Reuters BIP Coding Group" action="confirmed" date="1997-07-23"/>
  </code>
</codes>
<codes class="bip:topics:1.0">
  <code code="C15">
    <editdetail attribution="Reuters BIP Coding Group" action="confirmed" date="1997-07-23"/>
  </code>
  <code code="C151">
    <editdetail attribution="Reuters BIP Coding Group" action="confirmed" date="1997-07-23"/>
  </code>
  <code code="CCAT">
    <editdetail attribution="Reuters BIP Coding Group" action="confirmed" date="1997-07-23"/>
  </code>
</codes>
<dc element="dc.date.created" value="1997-07-23"/>
<dc element="dc.publisher" value="Reuters Holdings Plc"/>
<dc element="dc.date.published" value="1997-07-23"/>
<dc element="dc.source" value="Reuters"/>
<dc element="dc.creator.location" value="DEERFIELD, Ill."/>
<dc element="dc.creator.location.country.name" value="USA"/>
<dc element="dc.source" value="Reuters"/>
</metadata>
</newsitem>
