<?xml version="1.0" encoding="iso-8859-1" ?>
<newsitem itemid="748242" id="root" date="1997-07-23" xml:lang="en">
<title>USA: First Virginia sets 3-for-2 stock split.</title>
<headline>First Virginia sets 3-for-2 stock split.</headline>
<dateline>WASHINGTON 1997-07-23</dateline>
<text>
<p>First Virginia Banks Inc said Wednesday its board has declared a three-for-two stock split of the company's common stock.</p>
<p>The split will be accounted for as a partial stock split under New York Stock Exchange rules and will be paid on September 3, 1997, to shareholders of record at the close of business on August 13, 1997, it said.</p>
<p>The company said the stock split will increase the number of First Virginia shares outstanding to approximately 52,977,000, from 35,318,000 shares outstanding currently.</p>
</text>
<copyright>(c) Reuters Limited 1997</copyright>
<metadata>
<codes class="bip:countries:1.0">
  <code code="USA">
    <editdetail attribution="Reuters BIP Coding Group" action="confirmed" date="1997-07-23"/>
  </code>
</codes>
<codes class="bip:industries:1.0">
  <code code="I81402">
    <editdetail attribution="Reuters BIP Coding Group" action="confirmed" date="1997-07-23"/>
  </code>
</codes>
<codes class="bip:topics:1.0">
  <code code="C17">
    <editdetail attribution="Reuters BIP Coding Group" action="confirmed" date="1997-07-23"/>
  </code>
  <code code="C171">
    <editdetail attribution="Reuters BIP Coding Group" action="confirmed" date="1997-07-23"/>
  </code>
  <code code="CCAT">
    <editdetail attribution="Reuters BIP Coding Group" action="confirmed" date="1997-07-23"/>
  </code>
</codes>
<dc element="dc.date.created" value="1997-07-23"/>
<dc element="dc.publisher" value="Reuters Holdings Plc"/>
<dc element="dc.date.published" value="1997-07-23"/>
<dc element="dc.source" value="Reuters"/>
<dc element="dc.creator.location" value="WASHINGTON"/>
<dc element="dc.creator.location.country.name" value="USA"/>
<dc element="dc.source" value="Reuters"/>
</metadata>
</newsitem>
