<?xml version="1.0" encoding="iso-8859-1" ?>
<newsitem itemid="748226" id="root" date="1997-07-23" xml:lang="en">
<title>USA: Invacare plans Healthdyne share sales.</title>
<headline>Invacare plans Healthdyne share sales.</headline>
<dateline>NEW YORK 1997-07-23</dateline>
<text>
<p>Invacare Corp blasted a plan by hostile target Healthdyne Technologies Inc to alter its bylaws and said it would sell part or all of its Healthdyne shares even while pursuing a proxy fight.</p>
<p>&quot;They have had a full month after announcing their intention to 'explore alternatives'...to negotiate and announce a sale transaction.  If they were serious about selling the company, they would have announced a deal by now,&quot; Invacare Chief Executive Officer Malachi Mixon said in a news release.  </p>
<p>Earlier Wednesday, Healthdyne said an unnamed buyer is willing to pay more for the medical device firm than the $200 million offered by hostile bidder Invacare Corp. It also announced plans to change the threshold needed by shareholders to call a special meeting and amend its poison pill.</p>
<p>Invacare denounced the Healthdyne announcements, saying the incumbent board &quot;continues to try to get re-elected on nothing but rhetoric and empty promises.&quot;</p>
<p>It also called the change in the special meeting threshold &quot;a ploy,&quot; saying Healthdyne would still be able to schedule a special meeting four months after getting a request.  </p>
<p>In announcing its intent to sell at least part of its Healthdyne stake, Invacare cited &quot;rampant speculation in the market.&quot; Shares of Healthdyne have been trading above Invacare's $15 per share offer on speculation that a transaction will take place at a higher price.</p>
<p>&quot;Therefore, although we had originally been prepared to await the results of the (July 30 annual) meeting, we now intend beginning as early as tomorrow, based on market conditions, to protect our investment by selling some or all of our Healthdyne shares through market and/or private transactions,&quot; Invacare said.</p>
<p>Healthdyne had set a shareholder record date of June 23 for its annual meeting.  Invacare said it is the record holder of 600,000 shares for the meeting.</p>
<p>Invacare, which is seeking to install a slate of four directors to take control of Healthdyne's seven-member board, also said it did not object to any of the current directors continuing to serve in the minority.</p>
</text>
<copyright>(c) Reuters Limited 1997</copyright>
<metadata>
<codes class="bip:countries:1.0">
  <code code="USA">
    <editdetail attribution="Reuters BIP Coding Group" action="confirmed" date="1997-07-23"/>
  </code>
</codes>
<codes class="bip:industries:1.0">
  <code code="I37200">
    <editdetail attribution="Reuters BIP Coding Group" action="confirmed" date="1997-07-23"/>
  </code>
</codes>
<codes class="bip:topics:1.0">
  <code code="C18">
    <editdetail attribution="Reuters BIP Coding Group" action="confirmed" date="1997-07-23"/>
  </code>
  <code code="C181">
    <editdetail attribution="Reuters BIP Coding Group" action="confirmed" date="1997-07-23"/>
  </code>
  <code code="CCAT">
    <editdetail attribution="Reuters BIP Coding Group" action="confirmed" date="1997-07-23"/>
  </code>
</codes>
<dc element="dc.date.created" value="1997-07-23"/>
<dc element="dc.publisher" value="Reuters Holdings Plc"/>
<dc element="dc.date.published" value="1997-07-23"/>
<dc element="dc.source" value="Reuters"/>
<dc element="dc.creator.location" value="NEW YORK"/>
<dc element="dc.creator.location.country.name" value="USA"/>
<dc element="dc.source" value="Reuters"/>
</metadata>
</newsitem>
