<?xml version="1.0" encoding="iso-8859-1" ?>
<newsitem itemid="748279" id="root" date="1997-07-23" xml:lang="en">
<title>USA: U.S. stocks climb again, NYSE sets curbs.</title>
<headline>U.S. stocks climb again, NYSE sets curbs.</headline>
<dateline>NEW YORK 1997-07-23</dateline>
<text>
<p>U.S. stocks climbed higher in afternoon trading Wednesday after Federal Reserve Chairman Alan Greenspan finished his two-part Humphrey-Hawkins testimony to Congress.</p>
<p>The Dow Jones Industrial average was up 53 points at 8114, shy of its session high of 8148 but well above lows.</p>
<p>The New York Stock Exchange reimposed curbs on index-arbitrage trading after a morning session that saw shares soar, erase gains, then rise again.</p>
<p>The Nasdaq composite was up seven points at 1571 and the long bond was up 4/32 at a 6.41 percent yield.  </p>
<p>&quot;There is less concern in the market now that Greenspan is out of the picture for a while,&quot; said Guy Truicko, portfolio manager at Unity Management. &quot;The market can now focus on fundamentals, which right now is earnings.&quot;</p>
<p>U.S. shares soared Tuesday after Greenspan's testimony allayed fears of an imminent rise in interest rates. Today, shares rose but also faced profit-taking and comments from Greenspan and Fed Vice Chairwoman Alice Rivlin.</p>
<p>((--Wall Street Desk 212-859-1730))</p>
</text>
<copyright>(c) Reuters Limited 1997</copyright>
<metadata>
<codes class="bip:countries:1.0">
  <code code="USA">
    <editdetail attribution="Reuters BIP Coding Group" action="confirmed" date="1997-07-23"/>
  </code>
</codes>
<codes class="bip:topics:1.0">
  <code code="M11">
    <editdetail attribution="Reuters BIP Coding Group" action="confirmed" date="1997-07-23"/>
  </code>
  <code code="MCAT">
    <editdetail attribution="Reuters BIP Coding Group" action="confirmed" date="1997-07-23"/>
  </code>
</codes>
<dc element="dc.date.created" value="1997-07-23"/>
<dc element="dc.publisher" value="Reuters Holdings Plc"/>
<dc element="dc.date.published" value="1997-07-23"/>
<dc element="dc.source" value="Reuters"/>
<dc element="dc.creator.location" value="NEW YORK"/>
<dc element="dc.creator.location.country.name" value="USA"/>
<dc element="dc.source" value="Reuters"/>
</metadata>
</newsitem>
