<?xml version="1.0" encoding="iso-8859-1" ?>
<newsitem itemid="748232" id="root" date="1997-07-23" xml:lang="en">
<title>USA: W. House's Raines hopes for quick budget progress.</title>
<headline>W. House's Raines hopes for quick budget progress.</headline>
<dateline>WASHINGTON 1997-07-23</dateline>
<text>
<p>White House budget director Franklin Raines said he hoped for quick progress in budget talks with congressional Republicans, but warned it could be tough to work out final legislation by the goal of Aug 1.</p>
<p>&quot;We're hopeful we can make progress. On the other hand, there are serious issues,&quot; Raines said.</p>
<p>He made his comments as White House officials and Democrats met with congressional Republicans. Republican leaders billed the meeting as an educational session rather than a negotiation.  </p>
<p>&quot;There's not much time left until August 1,&quot; Raines said.</p>
<p>House and Senate Republicans have been meeting over the past several days to work out coordinated positions on a host of budget issues. The meeting Wednesday was designed to fill the administration in on decisions they had made.</p>
<p>Senate Budget Committee Chairman Pete Domenici said he hoped to &quot;narrow the issues&quot; so the two sides could more quickly complete negotiations.</p>
<p>Republicans were unable to reach a coordinated position on a Senate plan to raise the federal cigarette tax by 20 cents per pack as well as contentious Medicare issues.</p>
</text>
<copyright>(c) Reuters Limited 1997</copyright>
<metadata>
<codes class="bip:countries:1.0">
  <code code="USA">
    <editdetail attribution="Reuters BIP Coding Group" action="confirmed" date="1997-07-23"/>
  </code>
</codes>
<codes class="bip:topics:1.0">
  <code code="E21">
    <editdetail attribution="Reuters BIP Coding Group" action="confirmed" date="1997-07-23"/>
  </code>
  <code code="E211">
    <editdetail attribution="Reuters BIP Coding Group" action="confirmed" date="1997-07-23"/>
  </code>
  <code code="ECAT">
    <editdetail attribution="Reuters BIP Coding Group" action="confirmed" date="1997-07-23"/>
  </code>
  <code code="GCAT">
    <editdetail attribution="Reuters BIP Coding Group" action="confirmed" date="1997-07-23"/>
  </code>
  <code code="GPOL">
    <editdetail attribution="Reuters BIP Coding Group" action="confirmed" date="1997-07-23"/>
  </code>
</codes>
<dc element="dc.date.created" value="1997-07-23"/>
<dc element="dc.publisher" value="Reuters Holdings Plc"/>
<dc element="dc.date.published" value="1997-07-23"/>
<dc element="dc.source" value="Reuters"/>
<dc element="dc.creator.location" value="WASHINGTON"/>
<dc element="dc.creator.location.country.name" value="USA"/>
<dc element="dc.source" value="Reuters"/>
</metadata>
</newsitem>
