<?xml version="1.0" encoding="iso-8859-1" ?>
<newsitem itemid="748283" id="root" date="1997-07-23" xml:lang="en">
<title>USA: TABLE - Area Bancshares Corp Q2 net rises.</title>
<headline>TABLE - Area Bancshares Corp Q2 net rises.</headline>
<dateline>OWENSBORO, Ky. 1997-07-23</dateline>
<text>
<p>1997			1996</p>
<p> Shr			  $0.34		    $0.30</p>
<p> Net			  3,923		    3,415</p>
<p>Net interest income</p>
<p>			     11,825		   10,804</p>
<p>Provision for loan losses</p>
<p>				  205			372</p>
<p> Avg shrs		  11,346		   11,397</p>
<p>	   6  MONTHS</p>
<p> Shr			  $0.66		    $0.59</p>
<p> Net			  7,528		    6,771</p>
<p>Net interest income</p>
<p>			     23,005		   21,492</p>
<p>Provision for loan losses</p>
<p>				  547			602</p>
<p> Avg shrs		  11,353		   11,406</p>
<p>(All data above 000s except per share numbers)</p>
<p>NOTE:  Earnings per share and average shares outstanding have been restated to reflect a three-for-two stock split in December 1996.</p>
</text>
<copyright>(c) Reuters Limited 1997</copyright>
<metadata>
<codes class="bip:countries:1.0">
  <code code="USA">
    <editdetail attribution="Reuters BIP Coding Group" action="confirmed" date="1997-07-23"/>
  </code>
</codes>
<codes class="bip:industries:1.0">
  <code code="I81402">
    <editdetail attribution="Reuters BIP Coding Group" action="confirmed" date="1997-07-23"/>
  </code>
</codes>
<codes class="bip:topics:1.0">
  <code code="C15">
    <editdetail attribution="Reuters BIP Coding Group" action="confirmed" date="1997-07-23"/>
  </code>
  <code code="C151">
    <editdetail attribution="Reuters BIP Coding Group" action="confirmed" date="1997-07-23"/>
  </code>
  <code code="CCAT">
    <editdetail attribution="Reuters BIP Coding Group" action="confirmed" date="1997-07-23"/>
  </code>
</codes>
<dc element="dc.date.created" value="1997-07-23"/>
<dc element="dc.publisher" value="Reuters Holdings Plc"/>
<dc element="dc.date.published" value="1997-07-23"/>
<dc element="dc.source" value="Reuters"/>
<dc element="dc.creator.location" value="OWENSBORO, Ky."/>
<dc element="dc.creator.location.country.name" value="USA"/>
<dc element="dc.source" value="Reuters"/>
</metadata>
</newsitem>
