<?xml version="1.0" encoding="iso-8859-1" ?>
<newsitem itemid="748354" id="root" date="1997-07-23" xml:lang="en">
<title>USA: TABLE - Richton Int'l Q2 shr $0.63.</title>
<headline>TABLE - Richton Int'l Q2 shr $0.63.</headline>
<dateline>MADISON, N.J. 1997-07-23</dateline>
<text>
<p>1997			   1996</p>
<p> Shr		 $	 0.63	   $	 0.57</p>
<p> Net			  2,070		    1,860</p>
<p> Revs			35,932		   27,903</p>
<p> Avg shrs		   3,267		    3,249</p>
<p>6 MONTHS</p>
<p> Shr		 $	 0.31	   $	 0.31</p>
<p> Net			    999			988</p>
<p> Revs			50,013		   38,352</p>
<p> Avg shrs		   3,267		    3,236</p>
<p>(All data above 000s except per share numbers)</p>
<p>Full company name is Richton International Corp.</p>
<p>--((New York Newsdesk 212 859 1610))</p>
</text>
<copyright>(c) Reuters Limited 1997</copyright>
<metadata>
<codes class="bip:countries:1.0">
  <code code="USA">
    <editdetail attribution="Reuters BIP Coding Group" action="confirmed" date="1997-07-23"/>
  </code>
</codes>
<codes class="bip:topics:1.0">
  <code code="C15">
    <editdetail attribution="Reuters BIP Coding Group" action="confirmed" date="1997-07-23"/>
  </code>
  <code code="C151">
    <editdetail attribution="Reuters BIP Coding Group" action="confirmed" date="1997-07-23"/>
  </code>
  <code code="CCAT">
    <editdetail attribution="Reuters BIP Coding Group" action="confirmed" date="1997-07-23"/>
  </code>
</codes>
<dc element="dc.date.created" value="1997-07-23"/>
<dc element="dc.publisher" value="Reuters Holdings Plc"/>
<dc element="dc.date.published" value="1997-07-23"/>
<dc element="dc.source" value="Reuters"/>
<dc element="dc.creator.location" value="MADISON, N.J."/>
<dc element="dc.creator.location.country.name" value="USA"/>
<dc element="dc.source" value="Reuters"/>
</metadata>
</newsitem>
