<?xml version="1.0" encoding="iso-8859-1" ?>
<newsitem itemid="748351" id="root" date="1997-07-23" xml:lang="en">
<title>USA: US Airways Q2 net income rises.</title>
<headline>US Airways Q2 net income rises.</headline>
<dateline>ARLINGTON, Va. 1997-07-23</dateline>
<text>
<p>US Airways Group, Inc. (unaudited)</p>
<p>		 (in thousands, except per share amounts)</p>
<p>					    Three Months Ended June 30,</p>
<p>					   1997  1996(Note 1)  % Change</p>
<p>Operating Revenues</p>
<p>  Passenger transportation  $2,011,963  $1,957,169	  2.8</p>
<p>  Cargo and freight		 44,714	40,066	 11.6</p>
<p>  Other				155,933     152,252	  2.4</p>
<p>   Total Operating Revenues  2,212,610   2,149,487	  2.9</p>
<p>Operating Expenses</p>
<p>  Personnel costs		  785,938     750,128	  4.8</p>
<p>  Profit sharing			  --	41,210	   --</p>
<p>  Aviation fuel		    198,055     198,757	(0.4)</p>
<p>  Commissions			165,208     160,832	  2.7</p>
<p>  Aircraft rent		    113,784	92,072	 23.6</p>
<p>  Other rent and landing fees   99,344     105,350	(5.7)</p>
<p>  Aircraft maintenance	   104,873	90,484	 15.9</p>
<p>Depreciation and amortization</p>
<p>					  94,772	79,135	 19.8</p>
<p>  Other, net			 395,092     385,580	  2.5</p>
<p>   Total Operating Expenses  1,957,066   1,903,548	  2.8</p>
<p>   Operating Income		255,544     245,939	  3.9</p>
<p>Other Income (Expense)</p>
<p>  Interest income		   23,435	16,158	 45.0</p>
<p>  Interest expense		(64,177)    (67,160)	(4.4)</p>
<p>  Interest capitalized	     2,861	 1,973	 45.0</p>
<p>Equity in earnings of</p>
<p>   affiliates			 13,492	10,049	 34.3</p>
<p>  Other, net			     809	 (129)	   --</p>
<p>Other Income (Expense), Net</p>
<p>					(23,580)    (39,109)     (39.7)</p>
<p> Income Before Taxes	     231,964     206,830	 12.2</p>
<p>  Provision for Income Taxes    26,378	 6,055	   --</p>
<p> Net Income			  205,586     200,775	  2.4</p>
<p>Preferred Dividend Requirement</p>
<p>					(23,507)    (22,522)	  4.4</p>
<p>Net Income Applicable to</p>
<p>  Common Stockholders	    182,079     178,253	  2.1</p>
<p>Income per Common Share</p>
<p>  Primary				 2.46	  2.71	(9.2)</p>
<p>  Fully diluted			 1.92	  1.91	  0.5</p>
<p>Shares Used for Computation (000)</p>
<p>  Primary (Note 2)		  74,149	65,863</p>
<p>  Fully diluted		    104,348     105,019</p>
<p>						Six Months Ended June 30,</p>
<p>					   1997  1996(Note 1)  % Change</p>
<p>Operating Revenues</p>
<p>  Passenger transportation  $3,908,818  $3,634,710	  7.5</p>
<p>  Cargo and freight		 89,045	78,243	 13.8</p>
<p>  Other				315,825     304,956	  3.6</p>
<p>   Total Operating Revenues  4,313,688   4,017,909	  7.4</p>
<p>Operating Expenses</p>
<p>  Personnel costs		1,542,629   1,500,334	  2.8</p>
<p>  Profit sharing			  --	41,210	   --</p>
<p>  Aviation fuel		    423,084     380,773	 11.1</p>
<p>  Commissions			309,799     293,137	  5.7</p>
<p>  Aircraft rent		    234,717     205,263	 14.3</p>
<p>  Other rent and landing fees  199,687     205,700	(2.9)</p>
<p>  Aircraft maintenance	   201,754     190,457	  5.9</p>
<p>Depreciation and amortization</p>
<p>					 171,783     160,661	  6.9</p>
<p>  Other, net			 799,063     783,643	  2.0</p>
<p>   Total Operating Expenses  3,882,516   3,761,178	  3.2</p>
<p>   Operating Income		431,172     256,731	 67.9</p>
<p>Other Income (Expense)</p>
<p>  Interest income		   47,277	29,677	 59.3</p>
<p>  Interest expense	     (128,685)   (134,953)	(4.6)</p>
<p>  Interest capitalized	     5,636	 3,422	 64.7</p>
<p>Equity in earnings of</p>
<p>   affiliates			 26,910	21,311	 26.3</p>
<p>  Other, net			  15,028	 (605)	   --</p>
<p>Other Income (Expense), Net</p>
<p>					(33,834)    (81,148)     (58.3)</p>
<p> Income Before Taxes	     397,338     175,583	   --</p>
<p>  Provision for Income Taxes    39,094	 7,101	   --</p>
<p> Net Income			  358,244     168,482	   --</p>
<p>Preferred Dividend Requirement</p>
<p>					(44,371)    (44,796)	(0.9)</p>
<p>Net Income Applicable to</p>
<p>  Common Stockholders	    313,873     123,686	   --</p>
<p>Income per Common Share</p>
<p>  Primary				 4.48	  1.90	   --</p>
<p>  Fully diluted			 3.37	  1.55	   --</p>
<p>Shares Used for Computation (000)</p>
<p>  Primary (Note 2)		  69,996	65,266</p>
<p>  Fully diluted		    104,688	95,448</p>
<p>Note 1:  Certain 1996 amounts have been reclassified to conform with 1997 classifications. Note 2:  In May 1997, most of the Series F Preferred Stock was converted into 14,458,851 shares of common stock. On a weighted average basis, this had the effect of increasing common shares outstanding by approximately 3.3 million for the first six months of 1997.</p>
<p>NOTE: The current three- and six-month periods reflect non-recurring expenses of $28.3 million to cover costs related to an efficiency program announced in May. Excluding the non-recurring expenses, net profit for the quarter would have been $2.83 per common share ($2.18 fully diluted).</p>
</text>
<copyright>(c) Reuters Limited 1997</copyright>
<metadata>
<codes class="bip:countries:1.0">
  <code code="USA">
    <editdetail attribution="Reuters BIP Coding Group" action="confirmed" date="1997-07-23"/>
  </code>
</codes>
<codes class="bip:industries:1.0">
  <code code="I75000">
    <editdetail attribution="Reuters BIP Coding Group" action="confirmed" date="1997-07-23"/>
  </code>
</codes>
<codes class="bip:topics:1.0">
  <code code="C15">
    <editdetail attribution="Reuters BIP Coding Group" action="confirmed" date="1997-07-23"/>
  </code>
  <code code="C151">
    <editdetail attribution="Reuters BIP Coding Group" action="confirmed" date="1997-07-23"/>
  </code>
  <code code="CCAT">
    <editdetail attribution="Reuters BIP Coding Group" action="confirmed" date="1997-07-23"/>
  </code>
</codes>
<dc element="dc.date.created" value="1997-07-23"/>
<dc element="dc.publisher" value="Reuters Holdings Plc"/>
<dc element="dc.date.published" value="1997-07-23"/>
<dc element="dc.source" value="Reuters"/>
<dc element="dc.creator.location" value="ARLINGTON, Va."/>
<dc element="dc.creator.location.country.name" value="USA"/>
<dc element="dc.source" value="Reuters"/>
</metadata>
</newsitem>
