<?xml version="1.0" encoding="iso-8859-1" ?>
<newsitem itemid="748369" id="root" date="1997-07-23" xml:lang="en">
<title>USA: Greenspan Q&amp;A -- U.S. consumer debt, Part III.</title>
<headline>Greenspan Q&amp;A -- U.S. consumer debt, Part III.</headline>
<dateline>NEW YORK 1997-07-23</dateline>
<text>
<p>Following are excerpts from Federal Reserve Chairman Alan Greenspan's  question-and-answer session with the Senate Banking Committee after the second day of his semi-annual Humphrey-Hawkins testimony.</p>
<p>Sen. Kerry (D-Mass): How do you explain the rise in consumer debt delinquencies given a low, static unemployment rate and should we be concerned by the level of consumer debt?</p>
<p>Greenspan: &quot;We nonetheless do see ... some fairly pronounced evidence of delinquencies showing up in credit cards. The new phenomenon is the home equity loans which are increasingly being used as a consolidating consumer credit vehicle, and a lot of this paper is fairly highly leveraged against the value of the home ... But what clearly is occurring is a general movement up in certain selective areas of the consumer credit markets.</p>
<p>&quot;Overall, however, there does not seem to be a problem which is creating any concern on our part. And the reason is that if you look at the debt service payments as a percent of income -- although it moved up -- it's not by any means clear that they are in a territory which creates a particular concern. If you look at the mortgage market which has to be interrelated with the consumer credit market ... If you look at the total debt burden, if you look at the delinquencies in non-credit card, lower-quality home equity loans, the rates of delinquencies are really remaining quite low.</p>
<p>&quot;As a consequence ... there is no material concern that raises an issue with the exception of the localized issues of delinquencies and the very sharp increase in personal bankruptcies -- which is unquestionably triggering a number of these delinquencies. The real problem will occur when ... consumer incomes slow down and you get a backing up of credit problems ...&quot;</p>
</text>
<copyright>(c) Reuters Limited 1997</copyright>
<metadata>
<codes class="bip:countries:1.0">
  <code code="USA">
    <editdetail attribution="Reuters BIP Coding Group" action="confirmed" date="1997-07-23"/>
  </code>
</codes>
<codes class="bip:topics:1.0">
  <code code="E14">
    <editdetail attribution="Reuters BIP Coding Group" action="confirmed" date="1997-07-23"/>
  </code>
  <code code="E142">
    <editdetail attribution="Reuters BIP Coding Group" action="confirmed" date="1997-07-23"/>
  </code>
  <code code="ECAT">
    <editdetail attribution="Reuters BIP Coding Group" action="confirmed" date="1997-07-23"/>
  </code>
</codes>
<dc element="dc.date.created" value="1997-07-23"/>
<dc element="dc.publisher" value="Reuters Holdings Plc"/>
<dc element="dc.date.published" value="1997-07-23"/>
<dc element="dc.source" value="Reuters"/>
<dc element="dc.creator.location" value="NEW YORK"/>
<dc element="dc.creator.location.country.name" value="USA"/>
<dc element="dc.source" value="Reuters"/>
</metadata>
</newsitem>
