<?xml version="1.0" encoding="iso-8859-1" ?>
<newsitem itemid="748370" id="root" date="1997-07-23" xml:lang="en">
<title>USA: TABLE- Kaneb Pipe Line Q2 unit down.</title>
<headline>TABLE- Kaneb Pipe Line Q2 unit down.</headline>
<dateline>DALLAS, Texas 1997-07-23</dateline>
<text>
<p>Three Months Ended  Six Months Ended</p>
<p>					June 30,	    June 30,</p>
<p>			     1997	 1996	 1997	  1996</p>
<p> Revenues	     $ 29,793  $ 28,795   $ 58,372    $ 56,621</p>
<p> Operating income     12,919    12,841     24,948	24,441</p>
<p> Net income		9,949    10,007     18,856	18,684</p>
<p>Allocation of net</p>
<p>income per Senior</p>
<p>Preference Unit</p>
<p>and Preference</p>
<p>  Unit			 .61	 .62	 1.16	  1.15</p>
<p>	     (Data in thousands except per share amounts)</p>
<p>NOTE: Company's full name is Kaneb Pipe Line Partners LP.</p>
</text>
<copyright>(c) Reuters Limited 1997</copyright>
<metadata>
<codes class="bip:countries:1.0">
  <code code="USA">
    <editdetail attribution="Reuters BIP Coding Group" action="confirmed" date="1997-07-23"/>
  </code>
</codes>
<codes class="bip:industries:1.0">
  <code code="I13000">
    <editdetail attribution="Reuters BIP Coding Group" action="confirmed" date="1997-07-23"/>
  </code>
</codes>
<codes class="bip:topics:1.0">
  <code code="C15">
    <editdetail attribution="Reuters BIP Coding Group" action="confirmed" date="1997-07-23"/>
  </code>
  <code code="C151">
    <editdetail attribution="Reuters BIP Coding Group" action="confirmed" date="1997-07-23"/>
  </code>
  <code code="CCAT">
    <editdetail attribution="Reuters BIP Coding Group" action="confirmed" date="1997-07-23"/>
  </code>
</codes>
<dc element="dc.date.created" value="1997-07-23"/>
<dc element="dc.publisher" value="Reuters Holdings Plc"/>
<dc element="dc.date.published" value="1997-07-23"/>
<dc element="dc.source" value="Reuters"/>
<dc element="dc.creator.location" value="DALLAS, Texas"/>
<dc element="dc.creator.location.country.name" value="USA"/>
<dc element="dc.source" value="Reuters"/>
</metadata>
</newsitem>
