<?xml version="1.0" encoding="iso-8859-1" ?>
<newsitem itemid="748319" id="root" date="1997-07-23" xml:lang="en">
<title>USA: TABLE - Rochester Gas and Electric Q2 shr up.</title>
<headline>TABLE - Rochester Gas and Electric Q2 shr up.</headline>
<dateline>ROCHESTER, N.Y. 1997-07-23</dateline>
<text>
<p>For the periods ended June 30,</p>
<p> (3 MONTHS)				    1997		  1996</p>
<p> OPERATING REVENUES		$229,419,000    $  235,577,000</p>
<p> NET INCOME			    18,172,000	  11,732,000</p>
<p>EARNINGS APPLICABLE TO</p>
<p>   COMMON STOCK			16,681,000	   9,866,000</p>
<p> AVERAGE SHARES OUTSTANDING	38,851,000	  38,782,000</p>
<p> EARNINGS PER SHARE			  0.42		  0.25</p>
<p> (6 MONTHS)				    1997		  1996</p>
<p> OPERATING REVENUES		$544,264,000    $  544,773,000</p>
<p> NET INCOME			    59,605,000	  54,221,000</p>
<p>EARNINGS APPLICABLE TO</p>
<p>   COMMON STOCK			56,410,000	  50,489,000</p>
<p> AVERAGE SHARES OUTSTANDING	38,851,000	  38,686,000</p>
<p> EARNINGS PER SHARE			  1.45		  1.30</p>
<p> (12 MONTHS)				   1997		 1996*</p>
<p> OPERATING REVENUES	     1,053,539,000     1,060,435,000</p>
<p> NET INCOME			   102,894,000	  80,769,000</p>
<p>EARNINGS APPLICABLE TO</p>
<p>   COMMON STOCK			95,967,000	  73,304,000</p>
<p> AVERAGE SHARES OUTSTANDING	38,851,000	  38,501,000</p>
<p> EARNINGS PER SHARE			  2.47		  1.90</p>
<p>NOTE - * Earnings for the twelve month period ending June 30, 1996 were reduced by $0.46 per share due to write-offs associated with certain gas pipeline capacity issues.</p>
<p>Full company name is Rochester Gas and Electric Corp</p>
<p>((-- New York Newsdesk 212-859-1610))</p>
</text>
<copyright>(c) Reuters Limited 1997</copyright>
<metadata>
<codes class="bip:countries:1.0">
  <code code="USA">
    <editdetail attribution="Reuters BIP Coding Group" action="confirmed" date="1997-07-23"/>
  </code>
</codes>
<codes class="bip:industries:1.0">
  <code code="I16000">
    <editdetail attribution="Reuters BIP Coding Group" action="confirmed" date="1997-07-23"/>
  </code>
</codes>
<codes class="bip:topics:1.0">
  <code code="C15">
    <editdetail attribution="Reuters BIP Coding Group" action="confirmed" date="1997-07-23"/>
  </code>
  <code code="C151">
    <editdetail attribution="Reuters BIP Coding Group" action="confirmed" date="1997-07-23"/>
  </code>
  <code code="CCAT">
    <editdetail attribution="Reuters BIP Coding Group" action="confirmed" date="1997-07-23"/>
  </code>
</codes>
<dc element="dc.date.created" value="1997-07-23"/>
<dc element="dc.publisher" value="Reuters Holdings Plc"/>
<dc element="dc.date.published" value="1997-07-23"/>
<dc element="dc.source" value="Reuters"/>
<dc element="dc.creator.location" value="ROCHESTER, N.Y."/>
<dc element="dc.creator.location.country.name" value="USA"/>
<dc element="dc.source" value="Reuters"/>
</metadata>
</newsitem>
