<?xml version="1.0" encoding="iso-8859-1" ?>
<newsitem itemid="748337" id="root" date="1997-07-23" xml:lang="en">
<title>USA: RESEARCH ALERT - Bell Atlantic upgraded.</title>
<headline>RESEARCH ALERT - Bell Atlantic upgraded.</headline>
<dateline>NEW YORK 1997-07-23</dateline>
<text>
<p>Brown Brothers Harriman analyst Robert Wilkes said Wednesday he had upgraded his short-term rating on Bell Atlantic Corp to market perform/buy from market perform/hold.</p>
<p>On Saturday, Bell Atlantic and NYNEX Corp said they would make concessions to the Federal Communications Commission designed to open their local markets to increased competition.</p>
<p>In return, a majority of FCC Commissioner said they planned to give the go-ahead to the merger of Bell Atlantic and NYNEX, perhaps as early as next week.</p>
<p>-- E. Auchard, New York newsdesk, 212-859-1712</p>
</text>
<copyright>(c) Reuters Limited 1997</copyright>
<metadata>
<codes class="bip:countries:1.0">
  <code code="USA">
    <editdetail attribution="Reuters BIP Coding Group" action="confirmed" date="1997-07-23"/>
  </code>
</codes>
<codes class="bip:industries:1.0">
  <code code="I79020">
    <editdetail attribution="Reuters BIP Coding Group" action="confirmed" date="1997-07-23"/>
  </code>
</codes>
<codes class="bip:topics:1.0">
  <code code="C15">
    <editdetail attribution="Reuters BIP Coding Group" action="confirmed" date="1997-07-23"/>
  </code>
  <code code="C152">
    <editdetail attribution="Reuters BIP Coding Group" action="confirmed" date="1997-07-23"/>
  </code>
  <code code="CCAT">
    <editdetail attribution="Reuters BIP Coding Group" action="confirmed" date="1997-07-23"/>
  </code>
</codes>
<dc element="dc.date.created" value="1997-07-23"/>
<dc element="dc.publisher" value="Reuters Holdings Plc"/>
<dc element="dc.date.published" value="1997-07-23"/>
<dc element="dc.source" value="Reuters"/>
<dc element="dc.creator.location" value="NEW YORK"/>
<dc element="dc.creator.location.country.name" value="USA"/>
<dc element="dc.source" value="Reuters"/>
</metadata>
</newsitem>
