<?xml version="1.0" encoding="iso-8859-1" ?>
<newsitem itemid="748302" id="root" date="1997-07-23" xml:lang="en">
<title>USA: Transworld terminates deal with VIP Cos.</title>
<headline>Transworld terminates deal with VIP Cos.</headline>
<dateline>NEW YORK 1997-07-23</dateline>
<text>
<p>Transworld HealthCare Inc said Wednesday it had terminated agreements to acquire VIP Cos due to delays in completing the due to delays in completing the transaction.</p>
<p>Transworld made the announcement jointly with VIP.</p>
<p>Transworld said it expects to take a pre-tax non-cash charge of approximately $1.6 million during the third quarter of fiscal 1997 relating to the termination of the transaction and other acquisition-related expenses.</p>
<p>VIP, a privately held provider of temporary nursing and related home health services in the New York metropolitan area, operates Kwik Care Ltd and VIP Health Services Inc.</p>
<p>Transworld provides  alternate site healthcare services and products, operates a specialized mail order pharmacy and supplies medical supplies to patients nationwide.</p>
</text>
<copyright>(c) Reuters Limited 1997</copyright>
<metadata>
<codes class="bip:countries:1.0">
  <code code="USA">
    <editdetail attribution="Reuters BIP Coding Group" action="confirmed" date="1997-07-23"/>
  </code>
</codes>
<codes class="bip:industries:1.0">
  <code code="I95100">
    <editdetail attribution="Reuters BIP Coding Group" action="confirmed" date="1997-07-23"/>
  </code>
</codes>
<codes class="bip:topics:1.0">
  <code code="C18">
    <editdetail attribution="Reuters BIP Coding Group" action="confirmed" date="1997-07-23"/>
  </code>
  <code code="C181">
    <editdetail attribution="Reuters BIP Coding Group" action="confirmed" date="1997-07-23"/>
  </code>
  <code code="CCAT">
    <editdetail attribution="Reuters BIP Coding Group" action="confirmed" date="1997-07-23"/>
  </code>
</codes>
<dc element="dc.date.created" value="1997-07-23"/>
<dc element="dc.publisher" value="Reuters Holdings Plc"/>
<dc element="dc.date.published" value="1997-07-23"/>
<dc element="dc.source" value="Reuters"/>
<dc element="dc.creator.location" value="NEW YORK"/>
<dc element="dc.creator.location.country.name" value="USA"/>
<dc element="dc.source" value="Reuters"/>
</metadata>
</newsitem>
