<?xml version="1.0" encoding="iso-8859-1" ?>
<newsitem itemid="748308" id="root" date="1997-07-23" xml:lang="en">
<title>USA: Fed's Rivlin, Meyer don't focus much on gold price.</title>
<headline>Fed's Rivlin, Meyer don't focus much on gold price.</headline>
<dateline>WASHINGTON 1997-07-23</dateline>
<text>
<p>Federal Reserve Vice Chair Alice Rivlin and Fed Governor Laurence Meyer said on Wednesday that they do not put much emphasis on the gold price in deciding the stance of monetary policy.</p>
<p>&quot;I have never focused on gold as a particularly useful signal or forecaster of inflation,&quot; Meyer told the House Banking Committee.</p>
<p>In response to a question, Rivlin agreed that a steep rise in the gold price might signal that inflation was about to rise. &quot;That's possible but I wouldn't give it enormous weight,&quot; she told the committee.</p>
<p>-- Washington newsroom, ((202-898-8300))</p>
</text>
<copyright>(c) Reuters Limited 1997</copyright>
<metadata>
<codes class="bip:countries:1.0">
  <code code="USA">
    <editdetail attribution="Reuters BIP Coding Group" action="confirmed" date="1997-07-23"/>
  </code>
</codes>
<codes class="bip:topics:1.0">
  <code code="E12">
    <editdetail attribution="Reuters BIP Coding Group" action="confirmed" date="1997-07-23"/>
  </code>
  <code code="ECAT">
    <editdetail attribution="Reuters BIP Coding Group" action="confirmed" date="1997-07-23"/>
  </code>
  <code code="M14">
    <editdetail attribution="Reuters BIP Coding Group" action="confirmed" date="1997-07-23"/>
  </code>
  <code code="M142">
    <editdetail attribution="Reuters BIP Coding Group" action="confirmed" date="1997-07-23"/>
  </code>
  <code code="MCAT">
    <editdetail attribution="Reuters BIP Coding Group" action="confirmed" date="1997-07-23"/>
  </code>
</codes>
<dc element="dc.date.created" value="1997-07-23"/>
<dc element="dc.publisher" value="Reuters Holdings Plc"/>
<dc element="dc.date.published" value="1997-07-23"/>
<dc element="dc.source" value="Reuters"/>
<dc element="dc.creator.location" value="WASHINGTON"/>
<dc element="dc.creator.location.country.name" value="USA"/>
<dc element="dc.source" value="Reuters"/>
</metadata>
</newsitem>
