<?xml version="1.0" encoding="iso-8859-1" ?>
<newsitem itemid="748311" id="root" date="1997-07-23" xml:lang="en">
<title>USA: TABLE - Vastar Q2 shr $0.60 vs $.55.</title>
<headline>TABLE - Vastar Q2 shr $0.60 vs $.55.</headline>
<dateline>HOUSTON 1997-07-23</dateline>
<text>
<p>(Millions of dollars except per share amounts)</p>
<p>			   For the three months  For the six months</p>
<p>				 ended June 30,	 ended June 30,</p>
<p>				 1997     1996	1997	   1996</p>
<p>REVENUES</p>
<p>Sales and other</p>
<p>   operating revenues  $763.5   $668.0   $1,868.0    $1,426.7</p>
<p> Other revenues	    13.2     12.1	 15.1	  15.6</p>
<p> Gross revenues	   776.7    680.1    1,883.1     1,442.3</p>
<p> Less: Purchases	(522.4)  (433.7)  (1,321.5)     (956.8)</p>
<p>	 Delivery expenses</p>
<p>			     (24.4)   (16.7)     (48.1)	(29.0)</p>
<p> Net revenues	     229.9    229.7	513.5	 456.5</p>
<p>EXPENSES</p>
<p> Operating expenses	36.2     33.6	 68.9	  66.1</p>
<p> Dry hole costs	     4.6     13.9	 31.0	  22.6</p>
<p>Other exploration expenses</p>
<p>				 13.8     14.4	 51.4	  39.2</p>
<p>Undeveloped leasehold</p>
<p>   amortization	     7.7	6.9	 14.5	  13.2</p>
<p>Depreciation, depletion</p>
<p>   and amortization	73.1     72.3	143.7	 135.6</p>
<p>Selling, general and</p>
<p>administrative expenses</p>
<p>				 16.5     14.9	 31.2	  27.1</p>
<p>Taxes other than</p>
<p>   income taxes	    10.0	9.7	 24.6	  19.7</p>
<p> Interest expense	  11.4     12.3	 24.4	  25.7</p>
<p> Total expenses	   173.3    178.0	389.7	 349.2</p>
<p>Income before income taxes</p>
<p>				 56.6     51.7	123.8	 107.3</p>
<p>Income tax provision</p>
<p>   (benefit)		(1.7)    (2.0)	  2.6	 (2.0)</p>
<p> Net income		  58.3     53.7	121.2	 109.3</p>
<p> Earnings per share	0.60     0.55	 1.25	  1.12</p>
<p>The average number of shares outstanding for the three and six months ended June 30, 1997, were 97,262,343 and 97,261,551, respectively.</p>
<p>Full company name is Vastar Resources Inc.</p>
<p>--((New York Newsdesk 212 859-1610))</p>
</text>
<copyright>(c) Reuters Limited 1997</copyright>
<metadata>
<codes class="bip:countries:1.0">
  <code code="USA">
    <editdetail attribution="Reuters BIP Coding Group" action="confirmed" date="1997-07-23"/>
  </code>
</codes>
<codes class="bip:industries:1.0">
  <code code="I13000">
    <editdetail attribution="Reuters BIP Coding Group" action="confirmed" date="1997-07-23"/>
  </code>
</codes>
<codes class="bip:topics:1.0">
  <code code="C15">
    <editdetail attribution="Reuters BIP Coding Group" action="confirmed" date="1997-07-23"/>
  </code>
  <code code="C151">
    <editdetail attribution="Reuters BIP Coding Group" action="confirmed" date="1997-07-23"/>
  </code>
  <code code="CCAT">
    <editdetail attribution="Reuters BIP Coding Group" action="confirmed" date="1997-07-23"/>
  </code>
</codes>
<dc element="dc.date.created" value="1997-07-23"/>
<dc element="dc.publisher" value="Reuters Holdings Plc"/>
<dc element="dc.date.published" value="1997-07-23"/>
<dc element="dc.source" value="Reuters"/>
<dc element="dc.creator.location" value="HOUSTON"/>
<dc element="dc.creator.location.country.name" value="USA"/>
<dc element="dc.source" value="Reuters"/>
</metadata>
</newsitem>
