<?xml version="1.0" encoding="iso-8859-1" ?>
<newsitem itemid="748462" id="root" date="1997-07-23" xml:lang="en">
<title>SOUTH AFRICA: RAINBOW CHICKEN GUTTED BY PROFIT WARNING.</title>
<headline>RAINBOW CHICKEN GUTTED BY PROFIT WARNING.</headline>
<dateline>JOHANNESBURG 1997-07-23</dateline>
<text>
<p>Shares in Rainbow Chicken Ltd slumped 16 percent to a fresh year low of 65 cents after the struggling broiler producer warned yet again of big losses.  </p>
<p>The company said in a statement earlier that it would report losses significantly higher than expected in the half-year to September.</p>
<p>&quot;The announcement was unexpected. The reality of these losses have been around for some time but obviously people panic when they see the announcement and they sell it down,&quot; a trader said.</p>
<p>The dealer added that he expected the counter to recover slightly, possibly back up to the 77 cent level it started the day at.  </p>
<p>By the close of trade at 1400 GMT, the counter had slipped further to 60 cents -- a 17 cent or 22 percent loss on the day.</p>
<p>The company has issued a string of profit warnings over the last year, after being hit by rising feed costs and fierce competition.</p>
<p>In November last year, it appointed Jorge Antonio Del Corral Ibarrondo, the former head of a Mexico's largest broiler and egg producer, as its new chief executive as part of a plan to haul the company out of the red.</p>
<p>Analysts had been hoping the company would pare its losses on the back of more stable costs and better domestic chicken prices.</p>
<p>-- Johannesburg newsroom, +27 11 482-1003</p>
</text>
<copyright>(c) Reuters Limited 1997</copyright>
<metadata>
<codes class="bip:countries:1.0">
  <code code="SAFR">
    <editdetail attribution="Reuters BIP Coding Group" action="confirmed" date="1997-07-23"/>
  </code>
</codes>
<codes class="bip:industries:1.0">
  <code code="I41230">
    <editdetail attribution="Reuters BIP Coding Group" action="confirmed" date="1997-07-23"/>
  </code>
</codes>
<codes class="bip:topics:1.0">
  <code code="C15">
    <editdetail attribution="Reuters BIP Coding Group" action="confirmed" date="1997-07-23"/>
  </code>
  <code code="C152">
    <editdetail attribution="Reuters BIP Coding Group" action="confirmed" date="1997-07-23"/>
  </code>
  <code code="CCAT">
    <editdetail attribution="Reuters BIP Coding Group" action="confirmed" date="1997-07-23"/>
  </code>
</codes>
<dc element="dc.date.created" value="1997-07-23"/>
<dc element="dc.publisher" value="Reuters Holdings Plc"/>
<dc element="dc.date.published" value="1997-07-23"/>
<dc element="dc.source" value="Reuters"/>
<dc element="dc.creator.location" value="JOHANNESBURG"/>
<dc element="dc.creator.location.country.name" value="SOUTH AFRICA"/>
<dc element="dc.source" value="Reuters"/>
</metadata>
</newsitem>
