<?xml version="1.0" encoding="iso-8859-1" ?>
<newsitem itemid="748450" id="root" date="1997-07-23" xml:lang="en">
<title>AUSTRIA: SOCCER-AUSTRIAN LEAGUE RESULTS/STANDINGS.</title>
<headline>SOCCER-AUSTRIAN LEAGUE RESULTS/STANDINGS.</headline>
<dateline>VIENNA 1997-07-23</dateline>
<text>
<p>Results of Austrian league</p>
<p>championship matches played on Wednesday:</p>
<p> Lustenau	  0  Austria Vienna    0</p>
<p> SV Ried	   1  SV Salzburg	 0</p>
<p> Sturm Graz	4  LASK Linz	   1</p>
<p> Admira/Wacker   0  Graz AK	     4</p>
<p> Rapid Vienna    1  Tirol Innsbruck   0</p>
<p>Standings:</p>
<p>					P   W   D   L   F   A  Pts</p>
<p>   1. Sturm Graz		  3   3   0   0  12   2   9</p>
<p>   2. Graz AK		     3   2   0   1   7   5   6</p>
<p>   3. Austria  Vienna	   3   1   2   0   3   0   5</p>
<p>   4. SV Ried		     3   1   2   0   5   3   5</p>
<p>   5. Rapid Vienna		3   1   2   0   3   2   5</p>
<p>   6. Lustenau		    3   1   1   1   3   3   4</p>
<p>   7. Admira/Wacker	     3   1   1   1   3   6   4</p>
<p>   8. SV Salzburg		 3   0   1   2   0   4   1</p>
<p>   9. LASK Linz		   3   0   1   2   2   8   1</p>
<p>  10. Tirol Innsbruck	   3   0   0   3   3   8   0</p>
</text>
<copyright>(c) Reuters Limited 1997</copyright>
<metadata>
<codes class="bip:countries:1.0">
  <code code="AUST">
    <editdetail attribution="Reuters BIP Coding Group" action="confirmed" date="1997-07-23"/>
  </code>
</codes>
<codes class="bip:topics:1.0">
  <code code="GCAT">
    <editdetail attribution="Reuters BIP Coding Group" action="confirmed" date="1997-07-23"/>
  </code>
  <code code="GSPO">
    <editdetail attribution="Reuters BIP Coding Group" action="confirmed" date="1997-07-23"/>
  </code>
</codes>
<dc element="dc.date.created" value="1997-07-23"/>
<dc element="dc.publisher" value="Reuters Holdings Plc"/>
<dc element="dc.date.published" value="1997-07-23"/>
<dc element="dc.source" value="Reuters"/>
<dc element="dc.creator.location" value="VIENNA"/>
<dc element="dc.creator.location.country.name" value="AUSTRIA"/>
<dc element="dc.source" value="Reuters"/>
</metadata>
</newsitem>
