<?xml version="1.0" encoding="iso-8859-1" ?>
<newsitem itemid="748496" id="root" date="1997-07-23" xml:lang="en">
<title>POLAND: POLISH PARTIES' RANKINGS DELAYED DUE TO FLOOD.</title>
<headline>POLISH PARTIES' RANKINGS DELAYED DUE TO FLOOD.</headline>
<dateline>WARSAW 1997-07-23</dateline>
<text>
<p>Public opinion polls showing popularity of political parties in Poland before the September 21 general elections will be delayed until August due to recent heavy floods, officials at polling agencies said on Wednesday.</p>
<p>The public CBOS and private Demoskop agencies will carry out surveys at the end of July while OBOP, linked to the public television, will conduct a poll in August, they said.</p>
<p>&quot;A package of surveys about Poles' political sentiments, which will take into account an impact of the flood, will be carried out by July 31,&quot; Demoskop's Robert Traczyk told Reuters. The results will be available in the second week of August.</p>
<p>CBOS plans a survey for July 28-31 and wants to publish its result on August 4. OBOP will conduct its polling between August 21 and 24, with results released in early September.</p>
<p>Opinion polls carried out before the flood, which started nearly three weeks ago and swamped nearly 6,000 square km killing 55, showed the ruling ex-communist slightly ahead of the rightist opposition Solidarity Election Action (AWS).</p>
<p>But some analysts have said the flood and media criticism of the way the government had handled it may harm the ruling party's popularity.</p>
<p>-- Warsaw Newsroom +48 22 653 9700</p>
</text>
<copyright>(c) Reuters Limited 1997</copyright>
<metadata>
<codes class="bip:countries:1.0">
  <code code="POL">
    <editdetail attribution="Reuters BIP Coding Group" action="confirmed" date="1997-07-23"/>
  </code>
</codes>
<codes class="bip:topics:1.0">
  <code code="GCAT">
    <editdetail attribution="Reuters BIP Coding Group" action="confirmed" date="1997-07-23"/>
  </code>
  <code code="GDIS">
    <editdetail attribution="Reuters BIP Coding Group" action="confirmed" date="1997-07-23"/>
  </code>
  <code code="GENV">
    <editdetail attribution="Reuters BIP Coding Group" action="confirmed" date="1997-07-23"/>
  </code>
  <code code="GPOL">
    <editdetail attribution="Reuters BIP Coding Group" action="confirmed" date="1997-07-23"/>
  </code>
  <code code="GVOTE">
    <editdetail attribution="Reuters BIP Coding Group" action="confirmed" date="1997-07-23"/>
  </code>
</codes>
<dc element="dc.date.created" value="1997-07-23"/>
<dc element="dc.publisher" value="Reuters Holdings Plc"/>
<dc element="dc.date.published" value="1997-07-23"/>
<dc element="dc.source" value="Reuters"/>
<dc element="dc.creator.location" value="WARSAW"/>
<dc element="dc.creator.location.country.name" value="POLAND"/>
<dc element="dc.source" value="Reuters"/>
</metadata>
</newsitem>
