<?xml version="1.0" encoding="iso-8859-1" ?>
<newsitem itemid="748468" id="root" date="1997-07-23" xml:lang="en">
<title>BELARUS: DAEWOO EYEING 400 MLN BELARUS VEHICLE VENTURES.</title>
<headline>DAEWOO EYEING 400 MLN BELARUS VEHICLE VENTURES.</headline>
<text>
<p>MINSK, July 23 - Daewoo group is considering investing 400 million in Belarus to build cars and commercial vehicles, the country's minister for foreign economic relations Mikhail Marinich said on Wednesday.</p>
<p>&quot;The size of the possible investment is 400 million,&quot; Marinich told journalists visiting Minks.</p>
<p>&quot;Half of that amount would be used to make Daewoo vehicles, and half would support the existing production of (Belarus automaker) BelAZ&quot;.</p>
<p>Daewoo, which has signed a memorandum of understanding with the Belarus government about the investment, would build 60,000 sedans and 30,000 commercial vehicles a year, including minibuses and vans, he said.</p>
<p>BelAZ, which specialises in heavy-duty trucks and off-road construction vehicles, has been building Lublin-brand light commercial vehicles made by a Polish company once named FSL that Daewoo bought in 1995.</p>
<p>Marinich did not elaborate on ways that Daewoo would support BelAZ which is based in Zhodino.</p>
<p>But Daewoo might be able to take equity in the Belarus automaker, he said.</p>
<p>&quot;The BelAZ plant will be transformed into a joint stock company and Daewoo could have a chance to buy shares,&quot; Marinich said.</p>
<p>The Korean conglomerate also is looking at producing consumer goods in Belarus, he said.</p>
<p>&quot;We also plan to cooperate with Daewoo in the production of electronic home appliances, such as TVs, TV tubes, vacuum cleaners, video recorders and washing machines,&quot; Marinich said.</p>
<p>Daewoo's production in Belarus on a rough estimate might include two million tubes and one million TV sets a year, he said.</p>
<p>&quot;I have seen such a Daewoo plant in Vietnam,&quot; he said. &quot;They build TVs, tubes and a lot of other appliances in the same place -- it's very compact.&quot;</p>
<p>-- Ryan Tutak, Budapest newsroom +36 1 327 4040  REUTER</p>
</text>
<copyright>(c) Reuters Limited 1997</copyright>
<metadata>
<codes class="bip:countries:1.0">
  <code code="BYELRS">
    <editdetail attribution="Reuters BIP Coding Group" action="confirmed" date="1997-07-23"/>
  </code>
  <code code="SKOREA">
    <editdetail attribution="Reuters BIP Coding Group" action="confirmed" date="1997-07-23"/>
  </code>
</codes>
<codes class="bip:industries:1.0">
  <code code="I35101">
    <editdetail attribution="Reuters BIP Coding Group" action="confirmed" date="1997-07-23"/>
  </code>
</codes>
<codes class="bip:topics:1.0">
  <code code="C24">
    <editdetail attribution="Reuters BIP Coding Group" action="confirmed" date="1997-07-23"/>
  </code>
  <code code="CCAT">
    <editdetail attribution="Reuters BIP Coding Group" action="confirmed" date="1997-07-23"/>
  </code>
</codes>
<dc element="dc.publisher" value="Reuters Holdings Plc"/>
<dc element="dc.date.published" value="1997-07-23"/>
<dc element="dc.source" value="Reuters"/>
<dc element="dc.creator.location.country.name" value="BELARUS"/>
<dc element="dc.source" value="Reuters"/>
</metadata>
</newsitem>
