<?xml version="1.0" encoding="iso-8859-1" ?>
<newsitem itemid="748499" id="root" date="1997-07-23" xml:lang="en">
<title>LATVIA: NDUSTRIAL PRODUCTION UP 5.2 PCT YR/YR.</title>
<headline>NDUSTRIAL PRODUCTION UP 5.2 PCT YR/YR.</headline>
<dateline>RIGA 1997-07-23</dateline>
<text>
<p>Latvian industrial production grew 0.7 percent in first half of 1997 compared to the same period in 1996, the stats committee said on Wednesday.</p>
<p>The commitee also said in a statement that industrial output was up 5.2 percent in June on a year-on-year basis in comparative prices.  </p>
<p>It said in a statement that total industrial production was 114.1 million lats in June in real prices.</p>
<p>Output grew fastest in the water and gas supply sectors, rising by 13.1 percent year-on-year and the processing industry, where output increased 4.7 percent, the statement said.</p>
<p>-- Riga newsroom, +371 721 5240</p>
</text>
<copyright>(c) Reuters Limited 1997</copyright>
<metadata>
<codes class="bip:countries:1.0">
  <code code="LATV">
    <editdetail attribution="Reuters BIP Coding Group" action="confirmed" date="1997-07-23"/>
  </code>
</codes>
<codes class="bip:topics:1.0">
  <code code="E31">
    <editdetail attribution="Reuters BIP Coding Group" action="confirmed" date="1997-07-23"/>
  </code>
  <code code="E311">
    <editdetail attribution="Reuters BIP Coding Group" action="confirmed" date="1997-07-23"/>
  </code>
  <code code="ECAT">
    <editdetail attribution="Reuters BIP Coding Group" action="confirmed" date="1997-07-23"/>
  </code>
</codes>
<dc element="dc.date.created" value="1997-07-23"/>
<dc element="dc.publisher" value="Reuters Holdings Plc"/>
<dc element="dc.date.published" value="1997-07-23"/>
<dc element="dc.source" value="Reuters"/>
<dc element="dc.creator.location" value="RIGA"/>
<dc element="dc.creator.location.country.name" value="LATVIA"/>
<dc element="dc.source" value="Reuters"/>
</metadata>
</newsitem>
