<?xml version="1.0" encoding="iso-8859-1" ?>
<newsitem itemid="748460" id="root" date="1997-07-23" xml:lang="en">
<title>FRANCE: ATHLETICS-PEREC WILL RUN IN WORLD CHAMPIONSHIPS.</title>
<headline>ATHLETICS-PEREC WILL RUN IN WORLD CHAMPIONSHIPS.</headline>
<dateline>PARIS 1997-07-23</dateline>
<text>
<p>Double Olympic champion Marie-Jose Perec has changed her mind about shunning next month's athletics world championships in Athens and will compete in the 200 metres, French federation sources said.</p>
<p>Perec, who won the 200 and 400 metres titles at the 1996 Atlanta Olympics, called Federation president Philippe Lamblin from her home in Los Angeles on Tuesday to ask him to add her to the French entry list. The entry deadline is Wednesday (today).</p>
<p>Perec said after a meeting in Lausanne on July 2 that she would miss the world championships following a disastrous start to the season in which she has lost all three 200 metres she has run.</p>
</text>
<copyright>(c) Reuters Limited 1997</copyright>
<metadata>
<codes class="bip:countries:1.0">
  <code code="FRA">
    <editdetail attribution="Reuters BIP Coding Group" action="confirmed" date="1997-07-23"/>
  </code>
  <code code="GREECE">
    <editdetail attribution="Reuters BIP Coding Group" action="confirmed" date="1997-07-23"/>
  </code>
  <code code="USA">
    <editdetail attribution="Reuters BIP Coding Group" action="confirmed" date="1997-07-23"/>
  </code>
</codes>
<codes class="bip:topics:1.0">
  <code code="GCAT">
    <editdetail attribution="Reuters BIP Coding Group" action="confirmed" date="1997-07-23"/>
  </code>
  <code code="GSPO">
    <editdetail attribution="Reuters BIP Coding Group" action="confirmed" date="1997-07-23"/>
  </code>
</codes>
<dc element="dc.date.created" value="1997-07-23"/>
<dc element="dc.publisher" value="Reuters Holdings Plc"/>
<dc element="dc.date.published" value="1997-07-23"/>
<dc element="dc.source" value="Reuters"/>
<dc element="dc.creator.location" value="PARIS"/>
<dc element="dc.creator.location.country.name" value="FRANCE"/>
<dc element="dc.source" value="Reuters"/>
</metadata>
</newsitem>
