<?xml version="1.0" encoding="iso-8859-1" ?>
<newsitem itemid="748494" id="root" date="1997-07-23" xml:lang="en">
<title>POLAND: POLAND'S GTC TO BE GRANTED LICENCE TO BUILD A-1.</title>
<headline>POLAND'S GTC TO BE GRANTED LICENCE TO BUILD A-1.</headline>
<dateline>WARSAW 1997-07-23</dateline>
<text>
<p>Poland's Gdansk Transport Company SA (GTC) will get a licence in late August to build the 152-km stretch of A-1 motorway between the northern cities of Gdansk and Torun, the head of a government agency said.</p>
<p>&quot;The tender commission has decided to grant a licence to Gdansk Transport Company, saying the offer submitted by the firm is satisfying,&quot; Andrzej Patalas of the Motorway Construction and Exploitation Agency said on Wednesday.</p>
<p>&quot;The licence will be granted in late August (this year) as the conditions made in the offer require substantial financial support and have to be negotiated with the finance ministry,&quot; Patalas told a news conference.</p>
<p>The main shareholders of GTC, sole bidder in the tender, are Polish construction firm GPRD SA , farm bank Bank Gospodarki Zywnosciowej SA, and U.S.-based Bechtel International Inc.</p>
<p>GPRD's president Zbigniew Wojciechowski told reporters that GPRD and Bechtel Inc, 25-percent shareholders of GTC, would be the main firms involved in building the motorway stretch.</p>
<p>Construction of the Gdansk-Torun motorway, which will cost $800 million, will be 85 percent financed by credits, with GTC's assets contributing 10 to 15 percent.</p>
<p>Under the government programme, companies and consortia are invited by the agency to build sections of 2,500 km of motorways on which they will be allowed to collect tolls.</p>
<p>-- Warsaw Newsroom +48 22 653 9700</p>
</text>
<copyright>(c) Reuters Limited 1997</copyright>
<metadata>
<codes class="bip:countries:1.0">
  <code code="POL">
    <editdetail attribution="Reuters BIP Coding Group" action="confirmed" date="1997-07-23"/>
  </code>
</codes>
<codes class="bip:industries:1.0">
  <code code="I50200">
    <editdetail attribution="Reuters BIP Coding Group" action="confirmed" date="1997-07-23"/>
  </code>
  <code code="I5020041">
    <editdetail attribution="Reuters BIP Coding Group" action="confirmed" date="1997-07-23"/>
  </code>
  <code code="I81402">
    <editdetail attribution="Reuters BIP Coding Group" action="confirmed" date="1997-07-23"/>
  </code>
</codes>
<codes class="bip:topics:1.0">
  <code code="C13">
    <editdetail attribution="Reuters BIP Coding Group" action="confirmed" date="1997-07-23"/>
  </code>
  <code code="C24">
    <editdetail attribution="Reuters BIP Coding Group" action="confirmed" date="1997-07-23"/>
  </code>
  <code code="CCAT">
    <editdetail attribution="Reuters BIP Coding Group" action="confirmed" date="1997-07-23"/>
  </code>
</codes>
<dc element="dc.date.created" value="1997-07-23"/>
<dc element="dc.publisher" value="Reuters Holdings Plc"/>
<dc element="dc.date.published" value="1997-07-23"/>
<dc element="dc.source" value="Reuters"/>
<dc element="dc.creator.location" value="WARSAW"/>
<dc element="dc.creator.location.country.name" value="POLAND"/>
<dc element="dc.source" value="Reuters"/>
</metadata>
</newsitem>
