<?xml version="1.0" encoding="iso-8859-1" ?>
<newsitem itemid="748415" id="root" date="1997-07-23" xml:lang="en">
<title>UK: CRICKET-ENGLISH SUNDAY LEAGUE RESULT.</title>
<headline>CRICKET-ENGLISH SUNDAY LEAGUE RESULT.</headline>
<dateline>LONDON 1997-07-23</dateline>
<text>
<p>Warwickshire beat Somerset by 37</p>
<p>runs in an English Sunday League cricket match played under</p>
<p>floodlights at Edgbaston on Wednesday.</p>
<p>Scores: Warwickshire 224-5, 40 overs innings closed.</p>
<p>Somerset 187 in 39.2 overs.</p>
</text>
<copyright>(c) Reuters Limited 1997</copyright>
<metadata>
<codes class="bip:countries:1.0">
  <code code="UK">
    <editdetail attribution="Reuters BIP Coding Group" action="confirmed" date="1997-07-23"/>
  </code>
</codes>
<codes class="bip:topics:1.0">
  <code code="GCAT">
    <editdetail attribution="Reuters BIP Coding Group" action="confirmed" date="1997-07-23"/>
  </code>
  <code code="GSPO">
    <editdetail attribution="Reuters BIP Coding Group" action="confirmed" date="1997-07-23"/>
  </code>
</codes>
<dc element="dc.date.created" value="1997-07-23"/>
<dc element="dc.publisher" value="Reuters Holdings Plc"/>
<dc element="dc.date.published" value="1997-07-23"/>
<dc element="dc.source" value="Reuters"/>
<dc element="dc.creator.location" value="LONDON"/>
<dc element="dc.creator.location.country.name" value="UK"/>
<dc element="dc.source" value="Reuters"/>
</metadata>
</newsitem>
