<?xml version="1.0" encoding="iso-8859-1" ?>
<newsitem itemid="748474" id="root" date="1997-07-23" xml:lang="en">
<title>SLOVAKIA: ***INDICATORS - SLOVAKIA - UPDATED JULY 22***.</title>
<headline>***INDICATORS - SLOVAKIA - UPDATED JULY 22***.</headline>
<text>
<p>KEY INTEREST RATES	     DISCOUNT		LOMBARD</p>
<p>  rate				  8.80		   15.00</p>
<p>  last changed		  Jan 12, 1996	July 17, 1996</p>
<p>  former rate			 9.75		   13.00</p>
<p>INDICATORS - quarterly</p>
<p>  GROSS DOMESTIC PRODUCT	   Q1 1997    FY 1996 Q1 1996</p>
<p>  real change yr/yr (pct)	    +5.1	 +6.9     +7.3</p>
<p>  absolute amount (SKK bln)	 148.0	443.3    133.5</p>
<p>(pct change)</p>
<p>  household demand		     +7.9	 +7.2     +7.4</p>
<p>  state administration demand	+3.6	+24.2    +32.4</p>
<p>  gross capital creation	    +19.0	+33.3    +25.9</p>
<p>  exports of goods/services	  +7.4	 -1.6     -6.6</p>
<p>  imports of goods/services	  +5.3	+18.5    +16.9</p>
<p>change in stocks and reserves</p>
<p>  (SKK bln)				+2.0	 +6.5     +5.4</p>
<p>  REAL INVESTMENTS INDEX	    +22.5	+38.9</p>
<p>AVERAGE WAGE INDEX</p>
<p>  real (yr/yr)			   +8.1	 +7.2     +7.2</p>
<p>  nominal (yr/yr)		     +14.6	+13.3    +13.3</p>
<p> INDICATORS - monthly     Month   Pvs Month    Yr Ago</p>
<p>  SLOVAK CURRENT ACCOUNT   JAN-APRIL 97  Q1 1997   JAN-APRIL 96</p>
<p>  current account (in $mln)  -791.4	 -478.7   -603.9</p>
<p>  trade balance		  -784.1	 -477.2   -713.6</p>
<p>  balance of services	    -6.2	  -19.1    +58.65</p>
<p>  income balance		  -33.0	  -14.8    +19.0</p>
<p>  current transfers	     +31.9	  +32.5    +32.1</p>
<p> CAPITAL ACCOUNT	 Jan-Feb 97  Jan 97 Jan-Feb 96 FY 1996</p>
<p>  Total balance	     +287.7  +209.1   +192.8  +2,143.8</p>
<p>  capital transfers	    n/a     0.0	n/a     +29.7</p>
<p>direct investment</p>
<p>  balance			-19.9    -2.1	n/a    +142.8</p>
<p> investment abroad	   -24.6     n/a	0.0	-7.9</p>
<p> investment in Slovakia     +4.7     n/a    +11.7     +22.8</p>
<p>portfolio investment</p>
<p>  balance			 -5.3    -7.1    +38.4	+9.0</p>
<p>net long-term</p>
<p>  financial account	   +1.9    -6.2   +113.5    +997.8</p>
<p>net short-term fin.</p>
<p>  account		     +311.1  +215.3     -1.1    +919.9</p>
<p> errors, ommissions	 +227.6   +33.3   +166.2	 n/a</p>
<p>Note. All figures are in millions of U.S. dollars and subject</p>
<p>to revision. The central bank used the following exchange rates</p>
<p>in calculating the figures: USD=32.495 SKK</p>
<p> SLOVAK CONSUMER INFLATION	 June 97    May 97  June 96</p>
<p>  pct change mo/mo		    0.3	  0.1	0.2</p>
<p>  pct change yr/yr		    6.2	  6.1	n/a(2.1)</p>
<p>Foodstuffs, soft drinks</p>
<p>  pct change month/month	    0.5	 -0.9     -1.1</p>
<p>  pct change year/year		8.0	  6.2	n/a(-0.6)</p>
<p>Alcohol and tobacco products</p>
<p>  pct change month/month	    0.2	  0.2	0.4</p>
<p>  pct change year/year		3.6	  3.8	n/a(2.2)</p>
<p>Clothes and shoes</p>
<p>  pct change month/month	    0.3	  1.0	0.9</p>
<p>  pct change year/year		7.1	  7.7	n/a(3.7)</p>
<p>Household, energy, utilities and fuels</p>
<p>  pct change month/month	    0.1	  0.2	0.3</p>
<p>  pct change year/year		6.6	  6.8	n/a(1.8)</p>
<p>Furniture, household appliances and maintenance</p>
<p>  pct change month/month	    0.1	  0.3	0.8</p>
<p>  pct change year/year		3.9	  4.6	n/a(2.3)</p>
<p>Healthcare</p>
<p>  pct change month/month	    1.8	  4.1	0.5</p>
<p>  pct change year/year	     14.7	 13.3	n/a(5.3)</p>
<p>Transportation</p>
<p>  pct change month/month	    0.0	  0.4	0.1</p>
<p>  pct change year/year		5.3	  5.4	n/a(2.7)</p>
<p>Leisure and culture</p>
<p>  pct change month/month	    0.6	  0.0	0.6</p>
<p>  pct change year/year		4.7	  4.6	n/a(7.7)</p>
<p>Education</p>
<p>  pct change month/month	   -0.6	  0.7	0.0</p>
<p>  pct change year/year		8.5	  9.2	n/a(-0.9)</p>
<p>Hotels, cafes, restaurants</p>
<p>  pct change month/month	    0.2	  0.4	0.6</p>
<p>  pct change year/year		6.2	  6.6	n/a(1.9)</p>
<p>Various goods and services</p>
<p>  pct change month/month	    0.1	  0.5	0.7</p>
<p>  pct change year/year		4.4	  5.1	n/a(1.7)</p>
<p> SLOVAK PRODUCER PRICES	 June 97     May 97    June 96</p>
<p>  pct change mo/mo		 +0.2	  -0.6	 -0.3</p>
<p>  pct change yr/yr		 +3.7	  +3.2	 +3.9</p>
<p> SLOVAK INDUSTRIAL OUTPUT     May 97    April 97     May 96</p>
<p>  pct change yr/yr		 +0.6	+9.0	   0.0</p>
<p>CONSTRUCTION OUTPUT</p>
<p>  pct change yr/yr		 +3.8     +10.8	  +2.5</p>
<p>Note. All figures are preliminary and subject to revision.</p>
<p> RETAIL SALES		  May    April   March   Feb   FY/96</p>
<p>  real pct change yr/yr    +5.4   +8.0    +7.1    +5.4   +6.9</p>
<p> AVERAGE INDUST WAGES    FY/96    Dec 96   FY/95   Dec 95</p>
<p>  nominal pct chg yr/yr  +14.6    +19.9   +15.9    +13.9</p>
<p> SLOVAK UNEMPLOYMENT	MAY 1997   APRIL 1997  MAY 1996</p>
<p>  Total jobless	     320,530     337,180     306,802</p>
<p>  Percentage of workforce  12.32	 12.96	 11.9</p>
<p>SLOVAK FOREIGN TRADE  JAN-MAY 1997 JAN-APR 1997 JAN-MAY 1996</p>
<p>  Imports		    149.117	123.178	130.704</p>
<p>  Exports		    119.257	 95.270	105.030</p>
<p>  Balance		    -29.859	-27.908	-25.674</p>
<p> SLOVAK FOREX RESERVES    July 9    July 2   Dec 31/96</p>
<p>  NBS reserves ($bln)	3.021	2.999     3.473</p>
<p>  Commercial banks	   2.622	2.778     2.321</p>
<p>  Entire banking sector    5.643	5.777     5.794</p>
<p> SLOVAK MONEY SUPPLY   May 97  APRIL 97  MAR 97  May 96   FY 96</p>
<p>  M2 overall (SKK bln)  409.9   411.2     408.1   365.0   416.9</p>
<p>  pct change yr/yr	+13.6   +14.9     +12.8   +22.8   15.7</p>
<p>Note. All figures are subject to revision. The NBS's</p>
<p>full-year target for M2 expansion is 10.7 percent year-on-year.</p>
<p>The M2 measures currency, demand and time deposits, savings</p>
<p>deposits and foreign currency deposits.</p>
<p> STATE BUDGET	     JAN-APR JAN-MAR  JAN-APR 96  97EST</p>
<p>  Expenditures (SKK BLN) 60.773   43.374    59.868    208.0</p>
<p>  Revenues		   56.081   39.923    55.481    171.1</p>
<p>  Balance		    -4.692   -3.450    -4.387    -36.9</p>
<p>-- Bratislava Newsroom, 421-7-521-8402</p>
</text>
<copyright>(c) Reuters Limited 1997</copyright>
<metadata>
<codes class="bip:countries:1.0">
  <code code="SLVAK">
    <editdetail attribution="Reuters BIP Coding Group" action="confirmed" date="1997-07-23"/>
  </code>
</codes>
<codes class="bip:topics:1.0">
  <code code="E71">
    <editdetail attribution="Reuters BIP Coding Group" action="confirmed" date="1997-07-23"/>
  </code>
  <code code="ECAT">
    <editdetail attribution="Reuters BIP Coding Group" action="confirmed" date="1997-07-23"/>
  </code>
</codes>
<dc element="dc.publisher" value="Reuters Holdings Plc"/>
<dc element="dc.date.published" value="1997-07-23"/>
<dc element="dc.source" value="Reuters"/>
<dc element="dc.creator.location.country.name" value="SLOVAKIA"/>
<dc element="dc.source" value="Reuters"/>
</metadata>
</newsitem>
