<?xml version="1.0" encoding="iso-8859-1" ?>
<newsitem itemid="731145" id="root" date="1997-07-16" xml:lang="en">
<title>CANADA: Bank of Canada sets specials at 3.5 percent.</title>
<headline>Bank of Canada sets specials at 3.5 percent.</headline>
<dateline>TORONTO 1997-07-16</dateline>
<text>
<p>The Bank of Canada set two rounds of special purchase and resale agreements in the money market on Wednesday, traders said.</p>
<p>The central bank intervened on the money market after the call loan or overnight lending rate traded at the top of the banks' recently raised 3.0-3.5 percent target range for the rate.</p>
<p>Analysts said the move was meant to relieve pressure on the call loan target band and had been expected.</p>
<p>The Government of Canada's three-month cash T-bill traded with a yield of 3.21 percent after the second intervention.</p>
<p>((Paul Simao, Reuters Toronto Bureau (416) 941-8104))</p>
</text>
<copyright>(c) Reuters Limited 1997</copyright>
<metadata>
<codes class="bip:countries:1.0">
  <code code="CANA">
    <editdetail attribution="Reuters BIP Coding Group" action="confirmed" date="1997-07-16"/>
  </code>
</codes>
<codes class="bip:topics:1.0">
  <code code="M13">
    <editdetail attribution="Reuters BIP Coding Group" action="confirmed" date="1997-07-16"/>
  </code>
  <code code="M131">
    <editdetail attribution="Reuters BIP Coding Group" action="confirmed" date="1997-07-16"/>
  </code>
  <code code="MCAT">
    <editdetail attribution="Reuters BIP Coding Group" action="confirmed" date="1997-07-16"/>
  </code>
</codes>
<dc element="dc.date.created" value="1997-07-16"/>
<dc element="dc.publisher" value="Reuters Holdings Plc"/>
<dc element="dc.date.published" value="1997-07-16"/>
<dc element="dc.source" value="Reuters"/>
<dc element="dc.creator.location" value="TORONTO"/>
<dc element="dc.creator.location.country.name" value="CANADA"/>
<dc element="dc.source" value="Reuters"/>
</metadata>
</newsitem>
