<?xml version="1.0" encoding="iso-8859-1" ?>
<newsitem itemid="731184" id="root" date="1997-07-16" xml:lang="en">
<title>USA: TABLE - Security Capital Q2 shr rises.</title>
<headline>TABLE - Security Capital Q2 shr rises.</headline>
<dateline>DENVER 1997-07-16</dateline>
<text>
<p>1997			1996</p>
<p> Shr FFO		    $0.38		    $0.31</p>
<p> Shr			   0.24		     0.15</p>
<p> Net			 23,054		   11,877</p>
<p> FFO			 39,197		   26,887</p>
<p> Revs			75,665		   55,748</p>
<p> Avg shrs		  97,758		   81,445</p>
<p>	  6  MONTHS</p>
<p> Shr FFO		    $0.73		    $0.61</p>
<p> Shr			   0.41		     0.29</p>
<p> Net			 57,445		   35,049</p>
<p> FFO			 74,872		   52,565</p>
<p> Revs		     144,896		  106,110</p>
<p> Avg shrs		 102,082		   86,631</p>
<p>(All data above 000s except per share numbers)</p>
<p>NOTE - Average shares figure assumes conversion of all limited partnership units to SCI shares.</p>
<p>Full company name is Security Capital Industrial Trust</p>
<p>((-- New York newsdesk 212-859-1610))</p>
</text>
<copyright>(c) Reuters Limited 1997</copyright>
<metadata>
<codes class="bip:countries:1.0">
  <code code="USA">
    <editdetail attribution="Reuters BIP Coding Group" action="confirmed" date="1997-07-16"/>
  </code>
</codes>
<codes class="bip:industries:1.0">
  <code code="I81502">
    <editdetail attribution="Reuters BIP Coding Group" action="confirmed" date="1997-07-16"/>
  </code>
  <code code="I8150206">
    <editdetail attribution="Reuters BIP Coding Group" action="confirmed" date="1997-07-16"/>
  </code>
</codes>
<codes class="bip:topics:1.0">
  <code code="C15">
    <editdetail attribution="Reuters BIP Coding Group" action="confirmed" date="1997-07-16"/>
  </code>
  <code code="C151">
    <editdetail attribution="Reuters BIP Coding Group" action="confirmed" date="1997-07-16"/>
  </code>
  <code code="CCAT">
    <editdetail attribution="Reuters BIP Coding Group" action="confirmed" date="1997-07-16"/>
  </code>
</codes>
<dc element="dc.date.created" value="1997-07-16"/>
<dc element="dc.publisher" value="Reuters Holdings Plc"/>
<dc element="dc.date.published" value="1997-07-16"/>
<dc element="dc.source" value="Reuters"/>
<dc element="dc.creator.location" value="DENVER"/>
<dc element="dc.creator.location.country.name" value="USA"/>
<dc element="dc.source" value="Reuters"/>
</metadata>
</newsitem>
