<?xml version="1.0" encoding="iso-8859-1" ?>
<newsitem itemid="731147" id="root" date="1997-07-16" xml:lang="en">
<title>CANADA: Canadian bonds open stronger after U.S. data.</title>
<headline>Canadian bonds open stronger after U.S. data.</headline>
<dateline>TORONTO 1997-07-16</dateline>
<text>
<p>Canadian bonds opened stronger in steady trading on Wednesday after the release of economic data showing moderate inflationary pressures in the U.S. economy, traders said.</p>
<p>The U.S. Labor Department reported that the monthly Consumer Price Index (CPI) rose 0.1 percent in June compared with a 0.1 percent increase in May. Analysts said the slight increase in June was greeted favorably by bond traders.</p>
<p>&quot;The U.S. CPI is fairly well supportive of the bond markets,&quot; said Harvinder Kalirai, Canadian analyst with New York-based I.D.E.A.  </p>
<p>&quot;There is also a little bit of short-covering continuing, and it seems like the bias is toward the upside for now,&quot; Kalirai added.</p>
<p>Canada's 30-year benchmark bond rose C$0.42 to C$118.90 to yield 6.550 percent.</p>
<p>The U.S. 30-year bond climbed 14/32 to yield 6.51 percent. The spread between the bonds widened to four basis points from a spread of two basis points at the close on Tuesday.</p>
<p>But a weaker Canadian dollar offset some of the gains in the bond market. The dollar opened at C$1.3727 (US$0.7285) on Wednesday after closing at C$1.3700 (US$0.7299) on Tuesday.  </p>
<p>Analysts said U.S. Federal Reserve Chairman Alan Greenspan's Humphrey-Hawkins testimony on July 22 would be the next large hurdle for the Canadian bond market.</p>
<p>&quot;The next test is the Humphrey-Hawkins testimony, but until then I think we can expect bonds to push a little higher,&quot; Kalirai said.</p>
<p>In other prices, Canada's 10-year benchmark bond rose C$0.28 to C$109.38 to yield 5.976 percent. The U.S. 10-year bond fell 7/32 to yield 6.22 percent.</p>
<p>The negative spread between the two benchmark bonds was 25 basis points compared to 24 basis points at Monday's close.  </p>
<p>The three-month cash T-bill yielded 3.21 percent against its U.S. equivalent which yielded 5.19 percent.</p>
<p>((Paul Simao, Reuters Toronto Bureau (416) 941-8104))</p>
</text>
<copyright>(c) Reuters Limited 1997</copyright>
<metadata>
<codes class="bip:countries:1.0">
  <code code="CANA">
    <editdetail attribution="Reuters BIP Coding Group" action="confirmed" date="1997-07-16"/>
  </code>
</codes>
<codes class="bip:topics:1.0">
  <code code="M12">
    <editdetail attribution="Reuters BIP Coding Group" action="confirmed" date="1997-07-16"/>
  </code>
  <code code="M13">
    <editdetail attribution="Reuters BIP Coding Group" action="confirmed" date="1997-07-16"/>
  </code>
  <code code="M131">
    <editdetail attribution="Reuters BIP Coding Group" action="confirmed" date="1997-07-16"/>
  </code>
  <code code="MCAT">
    <editdetail attribution="Reuters BIP Coding Group" action="confirmed" date="1997-07-16"/>
  </code>
</codes>
<dc element="dc.date.created" value="1997-07-16"/>
<dc element="dc.publisher" value="Reuters Holdings Plc"/>
<dc element="dc.date.published" value="1997-07-16"/>
<dc element="dc.source" value="Reuters"/>
<dc element="dc.creator.location" value="TORONTO"/>
<dc element="dc.creator.location.country.name" value="CANADA"/>
<dc element="dc.source" value="Reuters"/>
</metadata>
</newsitem>
