<?xml version="1.0" encoding="iso-8859-1" ?>
<newsitem itemid="731168" id="root" date="1997-07-16" xml:lang="en">
<title>USA: Monterey Resources adopts rights plan.</title>
<headline>Monterey Resources adopts rights plan.</headline>
<dateline>BAKERSFIELD, Calif. 1997-07-16</dateline>
<text>
<p>Monterey Resources said on Wednesday that it has adopted a shreholder rights plan to deter coercive takeover tactics.</p>
<p>The rights plan was adopted as part of the company's obligation to Santa Fe Energy Resources Inc, which is spinning off its 83 percent stake in Monterey to Santa Fe shareholders.</p>
<p>Monterey said in a statement that the rights plan, which expires August 31, 1999, is effective after a person or group acquires 15 percent of the company's stock or makes a tender offer for that amount.</p>
<p>Monterey Resources conducted an initial public offering on November 14, 1996 and the rights plan is not a response to any known takeover plan, a company spokeswoman said.</p>
</text>
<copyright>(c) Reuters Limited 1997</copyright>
<metadata>
<codes class="bip:countries:1.0">
  <code code="USA">
    <editdetail attribution="Reuters BIP Coding Group" action="confirmed" date="1997-07-16"/>
  </code>
</codes>
<codes class="bip:industries:1.0">
  <code code="I13000">
    <editdetail attribution="Reuters BIP Coding Group" action="confirmed" date="1997-07-16"/>
  </code>
  <code code="I1300003">
    <editdetail attribution="Reuters BIP Coding Group" action="confirmed" date="1997-07-16"/>
  </code>
</codes>
<codes class="bip:topics:1.0">
  <code code="C11">
    <editdetail attribution="Reuters BIP Coding Group" action="confirmed" date="1997-07-16"/>
  </code>
  <code code="C18">
    <editdetail attribution="Reuters BIP Coding Group" action="confirmed" date="1997-07-16"/>
  </code>
  <code code="C181">
    <editdetail attribution="Reuters BIP Coding Group" action="confirmed" date="1997-07-16"/>
  </code>
  <code code="CCAT">
    <editdetail attribution="Reuters BIP Coding Group" action="confirmed" date="1997-07-16"/>
  </code>
</codes>
<dc element="dc.date.created" value="1997-07-16"/>
<dc element="dc.publisher" value="Reuters Holdings Plc"/>
<dc element="dc.date.published" value="1997-07-16"/>
<dc element="dc.source" value="Reuters"/>
<dc element="dc.creator.location" value="BAKERSFIELD, Calif."/>
<dc element="dc.creator.location.country.name" value="USA"/>
<dc element="dc.source" value="Reuters"/>
</metadata>
</newsitem>
