<?xml version="1.0" encoding="iso-8859-1" ?>
<newsitem itemid="731190" id="root" date="1997-07-16" xml:lang="en">
<title>USA: TABLE-FINOVA Capital Corp Q2 net rises.</title>
<headline>TABLE-FINOVA Capital Corp Q2 net rises.</headline>
<dateline>PHOENIX, Ariz. 1997-07-16</dateline>
<text>
<p>FINOVA Capital Corp</p>
<p>				    (Dollars in Thousands)</p>
<p>			     Quarter Ended	   Six Months Ended</p>
<p>				  June 30,		    June 30,</p>
<p>			   1997	 1996	 1997	1996</p>
<p>Interest earned from financing</p>
<p>	transactions  $199,541   $167,593  $390,653  $335,272</p>
<p>Oper lease income     28,946     25,042    54,911    48,015</p>
<p>Interest expense    (101,883)   (89,718) (199,055) (177,942)</p>
<p>Int margins earned   108,994     88,292   212,450   173,442</p>
<p>Provision for possible</p>
<p>   credit losses     (18,300)   (7,876)   (26,300)  (19,500)</p>
<p>Gains on assets sale  10,468     1,315     13,701     8,045</p>
<p>SG&amp;A		     (46,612)  (34,488)   (92,490)  (72,075)</p>
<p>Income pre income tax 54,550     47,243    107,361    89,912</p>
<p>Income taxes	   (19,853)   (18,391)   (39,851)  (34,304)</p>
<p>Income from continuing</p>
<p> operations	     34,697     28,852     67,510    55,608</p>
<p>Loss from discontinued</p>
<p> operations		    --	(731)	   --     (366)</p>
<p>Net Income	     $34,697    $28,121    $67,510   $55,242</p>
<p>NOTE: FINOVA Capital is the principal subsidiary of FINOVA Group Inc ((New York newsdesk 212-859-1610))</p>
</text>
<copyright>(c) Reuters Limited 1997</copyright>
<metadata>
<codes class="bip:countries:1.0">
  <code code="USA">
    <editdetail attribution="Reuters BIP Coding Group" action="confirmed" date="1997-07-16"/>
  </code>
</codes>
<codes class="bip:industries:1.0">
  <code code="I83100">
    <editdetail attribution="Reuters BIP Coding Group" action="confirmed" date="1997-07-16"/>
  </code>
</codes>
<codes class="bip:topics:1.0">
  <code code="C15">
    <editdetail attribution="Reuters BIP Coding Group" action="confirmed" date="1997-07-16"/>
  </code>
  <code code="C151">
    <editdetail attribution="Reuters BIP Coding Group" action="confirmed" date="1997-07-16"/>
  </code>
  <code code="CCAT">
    <editdetail attribution="Reuters BIP Coding Group" action="confirmed" date="1997-07-16"/>
  </code>
</codes>
<dc element="dc.date.created" value="1997-07-16"/>
<dc element="dc.publisher" value="Reuters Holdings Plc"/>
<dc element="dc.date.published" value="1997-07-16"/>
<dc element="dc.source" value="Reuters"/>
<dc element="dc.creator.location" value="PHOENIX, Ariz."/>
<dc element="dc.creator.location.country.name" value="USA"/>
<dc element="dc.source" value="Reuters"/>
</metadata>
</newsitem>
