<?xml version="1.0" encoding="iso-8859-1" ?>
<newsitem itemid="731174" id="root" date="1997-07-16" xml:lang="en">
<title>USA: Cheung Labs treatment ability confirmed.</title>
<headline>Cheung Labs treatment ability confirmed.</headline>
<dateline>COLUMBIA, Md. 1997-07-16</dateline>
<text>
<p>Cheung Laboratories Inc Wednesday said a study at the Massachusetts General Hospital's Center for Imaging and Pharmaceutical Research confirmed the ability of Cheung's breast cancer treatment to target and effectively heat a desired area within a live animal.</p>
<p>In this research, in vivo studies using animal tumors were used to evaluate the Cheung system's ability to target tumors with &quot;deep focused heat&quot; generated with microwave antennae located outside the body, the company said.</p>
<p>Cheung Labs said it plans to conduct clinical trials of focused heat and either chemotherapy or radiation therapy.  </p>
<p>These tests will be at multiple hospital sites to obtain safety and efficacy data towards gaining U.S. Food and Drug Administration approval for commercialization of the system.</p>
<p>Its statment quoted Dr. Gerald L. Wolf, director of the center, as saying &quot;This device can give me the kind of focused treatment I need in regimens intended to eradicate localized tumors.  It's one of the front-running candidates for eliminating localized tumors while being minimally invasive.&quot;</p>
<p>The system uses Adapted Phased Array (APA) technology developed by Massachusetts Institute of Technology, which originally was used in microwave radar guidance systems for &quot;Star Wars&quot; defense systems by the U.S. Department of Defense.</p>
<p>Cheung Labs said it has an exclusive license agreement with MIT for commercialization of APA technology.</p>
<p>((-- New York Newsdesk 212 859-1610))</p>
</text>
<copyright>(c) Reuters Limited 1997</copyright>
<metadata>
<codes class="bip:countries:1.0">
  <code code="USA">
    <editdetail attribution="Reuters BIP Coding Group" action="confirmed" date="1997-07-16"/>
  </code>
</codes>
<codes class="bip:topics:1.0">
  <code code="C23">
    <editdetail attribution="Reuters BIP Coding Group" action="confirmed" date="1997-07-16"/>
  </code>
  <code code="CCAT">
    <editdetail attribution="Reuters BIP Coding Group" action="confirmed" date="1997-07-16"/>
  </code>
  <code code="GCAT">
    <editdetail attribution="Reuters BIP Coding Group" action="confirmed" date="1997-07-16"/>
  </code>
  <code code="GHEA">
    <editdetail attribution="Reuters BIP Coding Group" action="confirmed" date="1997-07-16"/>
  </code>
</codes>
<dc element="dc.date.created" value="1997-07-16"/>
<dc element="dc.publisher" value="Reuters Holdings Plc"/>
<dc element="dc.date.published" value="1997-07-16"/>
<dc element="dc.source" value="Reuters"/>
<dc element="dc.creator.location" value="COLUMBIA, Md."/>
<dc element="dc.creator.location.country.name" value="USA"/>
<dc element="dc.source" value="Reuters"/>
</metadata>
</newsitem>
