<?xml version="1.0" encoding="iso-8859-1" ?>
<newsitem itemid="731181" id="root" date="1997-07-16" xml:lang="en">
<title>USA: Sun Healthcare says agency ends probe.</title>
<headline>Sun Healthcare says agency ends probe.</headline>
<dateline>ALBUQUERQUE, N.M. 1997-07-16</dateline>
<text>
<p>Sun Healthcare Group Inc said Wednesday that the criminal division of the U.S. Justice Department has informed Sun that it has completed its investigation of the company, and that it will not initiate any actions against Sun or any individuals.</p>
<p>The company said the Justice Department has concluded its investigation into billing practices of Sun's subsidiaries. This aspect of the investigation has been completed without the company being required to pay any money or without being penalized in any manner.</p>
<p>As Sun has previously disclosed, the company has been the subject of an investigation for more than two years by the U.S. Department of Health and Human Services' Office of Inspector General and the Department of Justice.</p>
<p>The investigation by the civil division of the Department of Justice and the OIG is still proceeding, the company said.</p>
<p>Sun said it continues to cooperate with the investigators on this matter. The company said it is unable to determine at this time when the remaining aspects of the investigation will be concluded or the precise scope of the civil investigation. The company said it is hopeful the investigation will be concluded by the end of the year and it does not believe the outcome will have a material adverse effect on its financial condition or results of operations.</p>
<p>((-- New York Newsdesk 212-859-1610))</p>
</text>
<copyright>(c) Reuters Limited 1997</copyright>
<metadata>
<codes class="bip:countries:1.0">
  <code code="USA">
    <editdetail attribution="Reuters BIP Coding Group" action="confirmed" date="1997-07-16"/>
  </code>
</codes>
<codes class="bip:industries:1.0">
  <code code="I95100">
    <editdetail attribution="Reuters BIP Coding Group" action="confirmed" date="1997-07-16"/>
  </code>
</codes>
<codes class="bip:topics:1.0">
  <code code="C12">
    <editdetail attribution="Reuters BIP Coding Group" action="confirmed" date="1997-07-16"/>
  </code>
  <code code="CCAT">
    <editdetail attribution="Reuters BIP Coding Group" action="confirmed" date="1997-07-16"/>
  </code>
  <code code="GCAT">
    <editdetail attribution="Reuters BIP Coding Group" action="confirmed" date="1997-07-16"/>
  </code>
  <code code="GCRIM">
    <editdetail attribution="Reuters BIP Coding Group" action="confirmed" date="1997-07-16"/>
  </code>
</codes>
<dc element="dc.date.created" value="1997-07-16"/>
<dc element="dc.publisher" value="Reuters Holdings Plc"/>
<dc element="dc.date.published" value="1997-07-16"/>
<dc element="dc.source" value="Reuters"/>
<dc element="dc.creator.location" value="ALBUQUERQUE, N.M."/>
<dc element="dc.creator.location.country.name" value="USA"/>
<dc element="dc.source" value="Reuters"/>
</metadata>
</newsitem>
