<?xml version="1.0" encoding="iso-8859-1" ?>
<newsitem itemid="731139" id="root" date="1997-07-16" xml:lang="en">
<title>EU: Official Journal contents - OJ C 214 of July 16, 1997.</title>
<headline>Official Journal contents - OJ C 214 of July 16, 1997.</headline>
<text>
<p>*</p>
<p>(Note - contents are displayed in reverse order to that in the printed Journal)</p>
<p>*</p>
<p>Networks and performance of study contracts CEDEFOP - European Centre for the Development of Vocational Training Call for expression of interest for participation in networks and the performance of study contracts in the field of vocational and further training (97/C 214/10)</p>
<p>Call for proposals for RTD projects under the specific programme for research and technological development, including demonstration, in the field of targeted socio-economic research (1994-1998) (97/C 214/09)</p>
<p>Proposal for a Council Regulation (EC) amending Regulation (EEC) No 822/87 on common organization of the market in wine (97/C 214/08) COM(97) 267 final - 97/0161(CNS)</p>
<p>Proposal for a European Parliament and Council Decision adopting a programme of Community action 1999-2003 on pollution-related diseases in the context of the framework for action in the field of public health (97/C 214/07) (Text with EEA relevance) COM(97) 266 final - 97/0153(COD)</p>
<p>Prior notification of a concentration (Case No IV/M.963 - Compaq/Tandem) (97/C 214/06)</p>
<p>Prior notification of a concentration (Case No IV/M.941 - ADM/Acatos &amp; Hutcheson/Soya Mainz) (97/C 214/05)</p>
<p>Non-opposition to a notified concentration (Case No IV/M.908 - PTA/STET/Mobilkom) (97/C 214/04)</p>
<p>Non-opposition to a notified concentration (Case No IV/M.912 - Siemens/Huf) (97/C 214/03)</p>
<p>Information procedure - technical regulations (97/C 214/02)</p>
<p>Ecu (1) 15 July 1997 (97/C 214/01) END OF DOCUMENT.</p>
</text>
<copyright>(c) Reuters Limited 1997</copyright>
<metadata>
<codes class="bip:countries:1.0">
  <code code="EEC">
    <editdetail attribution="Reuters BIP Coding Group" action="confirmed" date="1997-07-16"/>
  </code>
</codes>
<codes class="bip:topics:1.0">
  <code code="G15">
    <editdetail attribution="Reuters BIP Coding Group" action="confirmed" date="1997-07-16"/>
  </code>
  <code code="GCAT">
    <editdetail attribution="Reuters BIP Coding Group" action="confirmed" date="1997-07-16"/>
  </code>
</codes>
<dc element="dc.publisher" value="Reuters Holdings Plc"/>
<dc element="dc.date.published" value="1997-07-16"/>
<dc element="dc.source" value="Reuters"/>
<dc element="dc.creator.location.country.name" value="EU"/>
<dc element="dc.source" value="Reuters"/>
</metadata>
</newsitem>
