<?xml version="1.0" encoding="iso-8859-1" ?>
<newsitem itemid="731262" id="root" date="1997-07-16" xml:lang="en">
<title>USA: AFTER THE BELL - Apple stands still.</title>
<headline>AFTER THE BELL - Apple stands still.</headline>
<dateline>NEW YORK 1997-07-16</dateline>
<text>
<p>Shares in Apple Computer Inc barely moved in after-hours trade as the company reported a third quarter loss of $0.44 per share, traders said Wednedsay.</p>
<p>The troubled personal computer maker, forced to layoff a quarter of its workforce earlier in the year, traded at 16-1/2 after the bell, up a hair from an unofficial close of 16-7/16.</p>
<p>VERITAS Software Corp, meanwhile, gained 3/4, rising to 61 from a 60-1/4 close after announcing a three-for-two stock split.  </p>
<p>VERITAS, which makes storage management products, also reported second quarter proforma fully-taxed earnings of $0.22 per share, compared with $0.13 per share for the year-ago period.</p>
<p>Also after the bell, AT&amp;T's stock price dipped slightly on news of a management shakeup.</p>
<p>Dealers said the long distance phone service fell to 36 from an unofficial close of 36-5/16 after the bell.  </p>
<p>Just minutes before the U.S. market close, AT&amp;T announced that its president had resigned following a decision not to elevate him to chief executive. In last-minute regular-hours trade the company's stock added about a point.</p>
<p>Traders said other stocks generally traded in line with their closing prices as earnings releases dominated after-hours news.</p>
<p>The session followed a landmark day for the Dow Jones Industrial Average, which burst through the 8,000 mark, finishing up 63 points.  </p>
<p>The New York Stock Exchange said session one volume rose to 112,600 from 40,400 the previous day. Session two volume was 6,850,000, up from 629,189.</p>
</text>
<copyright>(c) Reuters Limited 1997</copyright>
<metadata>
<codes class="bip:countries:1.0">
  <code code="USA">
    <editdetail attribution="Reuters BIP Coding Group" action="confirmed" date="1997-07-16"/>
  </code>
</codes>
<codes class="bip:industries:1.0">
  <code code="I33020">
    <editdetail attribution="Reuters BIP Coding Group" action="confirmed" date="1997-07-16"/>
  </code>
  <code code="I3302003">
    <editdetail attribution="Reuters BIP Coding Group" action="confirmed" date="1997-07-16"/>
  </code>
</codes>
<codes class="bip:topics:1.0">
  <code code="C15">
    <editdetail attribution="Reuters BIP Coding Group" action="confirmed" date="1997-07-16"/>
  </code>
  <code code="C152">
    <editdetail attribution="Reuters BIP Coding Group" action="confirmed" date="1997-07-16"/>
  </code>
  <code code="CCAT">
    <editdetail attribution="Reuters BIP Coding Group" action="confirmed" date="1997-07-16"/>
  </code>
</codes>
<dc element="dc.date.created" value="1997-07-16"/>
<dc element="dc.publisher" value="Reuters Holdings Plc"/>
<dc element="dc.date.published" value="1997-07-16"/>
<dc element="dc.source" value="Reuters"/>
<dc element="dc.creator.location" value="NEW YORK"/>
<dc element="dc.creator.location.country.name" value="USA"/>
<dc element="dc.source" value="Reuters"/>
</metadata>
</newsitem>
