<?xml version="1.0" encoding="iso-8859-1" ?>
<newsitem itemid="731240" id="root" date="1997-07-16" xml:lang="en">
<title>USA: TABLE - Hytek Microsystems Inc Q2 results.</title>
<headline>TABLE - Hytek Microsystems Inc Q2 results.</headline>
<dateline>CARSON CITY, Nev. 1997-07-15</dateline>
<text>
<p>1997	  Q2	  1996</p>
<p> Shr			  $0.11		    $0.17</p>
<p> Net			    335			518</p>
<p> Revs			 2,182		    2,628</p>
<p>					 6  MONTHS</p>
<p> Shr			  $0.14		    $0.28</p>
<p> Net			    430			873</p>
<p> Revs			 3,769		    4,666</p>
<p>(All data above 000s except per share numbers)</p>
</text>
<copyright>(c) Reuters Limited 1997</copyright>
<metadata>
<codes class="bip:countries:1.0">
  <code code="USA">
    <editdetail attribution="Reuters BIP Coding Group" action="confirmed" date="1997-07-16"/>
  </code>
</codes>
<codes class="bip:industries:1.0">
  <code code="I34531">
    <editdetail attribution="Reuters BIP Coding Group" action="confirmed" date="1997-07-16"/>
  </code>
</codes>
<codes class="bip:topics:1.0">
  <code code="C15">
    <editdetail attribution="Reuters BIP Coding Group" action="confirmed" date="1997-07-16"/>
  </code>
  <code code="C151">
    <editdetail attribution="Reuters BIP Coding Group" action="confirmed" date="1997-07-16"/>
  </code>
  <code code="CCAT">
    <editdetail attribution="Reuters BIP Coding Group" action="confirmed" date="1997-07-16"/>
  </code>
</codes>
<dc element="dc.date.created" value="1997-07-15"/>
<dc element="dc.publisher" value="Reuters Holdings Plc"/>
<dc element="dc.date.published" value="1997-07-16"/>
<dc element="dc.source" value="Reuters"/>
<dc element="dc.creator.location" value="CARSON CITY, Nev."/>
<dc element="dc.creator.location.country.name" value="USA"/>
<dc element="dc.source" value="Reuters"/>
</metadata>
</newsitem>
