<?xml version="1.0" encoding="iso-8859-1" ?>
<newsitem itemid="731266" id="root" date="1997-07-16" xml:lang="en">
<title>USA: TABLE - Dun &amp; Bradstreet Q2 net higher.</title>
<headline>TABLE - Dun &amp; Bradstreet Q2 net higher.</headline>
<dateline>MURRAY HILL, N.J. 1997-07-16</dateline>
<text>
<p>SCHEDULE 1</p>
<p>			   DUN &amp; BRADSTREET CORP</p>
<p>			CONSOLIDATED STATEMENT OF OPERATIONS</p>
<p>			  THREE MONTH COMPARISON OF RESULTS</p>
<p>			   ($ in Millions except for EPS)</p>
<p>					    Three Months Ended June 30,</p>
<p>							(unaudited)</p>
<p>						   1997		 1996</p>
<p>					  As Reported	 As Adjusted</p>
<p> Operating Revenue			  498.3		 480.6</p>
<p> Operating Costs			    405.2		 390.1</p>
<p> Operating Income			    93.1		  90.5</p>
<p> Non-Operating Expense - Net	   (16.6)		(19.9)</p>
<p>Income Before Provision for</p>
<p>   Income Taxes				76.5		  70.6</p>
<p> Provision for Income Taxes		26.3		  24.0</p>
<p> Net Income				    50.2		  46.6</p>
<p> Earnings Per Share of Common Stock    0.29		  0.27</p>
<p> Average Number of Shares Outstanding  171.0		170.0</p>
<p>(In Millions)</p>
<p>NOTE: Net income for Q2 1997 includes $5 million charge from minority investment in Nets Inc, which filed for bankruptcy during the quarter.</p>
<p>					  SCHEDULE 2</p>
<p>			    DUN &amp; BRADSTREET CORP</p>
<p>			  CONSOLIDATED STATEMENT OF OPERATIONS</p>
<p>		    RECONCILIATION TO THE 'AS ADJUSTED' RESULTS</p>
<p>			    ($ in Millions except for EPS)</p>
<p>	 Three Month Period Ended June 30, 1996 (unaudited) (a)</p>
<p>			     As Reported		    As Adjusted</p>
<p>				   Results  Adjustments	 Results</p>
<p> Operating Revenue	     505.1	( 24.5)  (1)    480.6</p>
<p> Operating Costs		 519.3	(129.2)  (2)    390.1</p>
<p> Operating Income/(Loss)    (14.2)	  104.7	    90.5</p>
<p>Non-Operating Expense - Net</p>
<p>				    (17.4)	  (2.5)  (3)   (19.9)</p>
<p>Income/(Loss) from</p>
<p>Continuing Operations</p>
<p>Before Provision for</p>
<p>	Income Taxes	    (31.6)	  102.2	    70.6</p>
<p> Provision for Income Taxes   12.3	   11.7  (4)     24.0</p>
<p>Income/(Loss) from</p>
<p>    Continuing Operations   (43.9)	   90.5	    46.6</p>
<p>Income from Discontinued</p>
<p>Operations, Net of</p>
<p>   Income Taxes		    0.3	  (0.3)  (5)	---</p>
<p> Net Income/(Loss)	   ( 43.6)	   90.2	    46.6</p>
<p>Earnings/(Loss) Per Share of</p>
<p>Common Stock:</p>
<p>- Continuing Operations</p>
<p>				   ( 0.26)			     0.27</p>
<p>- Discontinued Operations</p>
<p>					0.00				---</p>
<p>    - Net Income/(Loss)    ( 0.26)			     0.27</p>
<p>Average Number of Shares   Outstanding(In Million)    170.0			    170.0</p>
<p>Adjustments:</p>
<p>(1) This adjustment relates to revenues from businesses included in continuing operations that have been divested.  In accordance with APB No. 30, these cannot be treated as discontinued operations. This includes American Credit Indemnity and the Proprietary West operations of R.H. Donnelley.</p>
<p>(2) Operating Cost adjustments of $129.2 million consist of the following:</p>
<p>- A reduction of $20.1 million of operating expenses relating to companies described in (1) above.</p>
<p>- A reduction of $96.4 million of expense relating to the non-recurring charges associated with losses on the sale of ACI and the Proprietary West operations of R.H.  Donnelley ($88.8) plus transaction costs ($7.6 million) associated with the spin-off of Cognizant Corp and ACNielsen Corp.</p>
<p>- A reduction of $12.7 million to adjust Corporate overhead to expected future levels.</p>
<p>(3) This adjustment represents increases in net interest expense to anticipated levels.</p>
<p>(4) This adjustment brings the provision for income taxes to the Corporation's expected effective tax rate of approximately 34%. This primarily eliminates the tax expense associated with the adjustments noted above.</p>
<p>(5) This adjustment represents the Net Income of the Discontinued Operations which includes Cognizant Corp, ACNielsen Corp, D&amp;B Software and NCH Promotional Services.</p>
<p>(a) In the fourth quarter of 1996, the Company changed its revenue recognition accounting policy in connection with its Directory Information Services segment, effective January 1, 1996.  This accounting change had no impact on full-year results. The change which is reflected in the &quot;As Reported&quot; results above, resulted in shifting second quarter revenue ($27.1 million), operating income ($27.5 million) and earnings per share ($0.11) from the second quarter into subsequent quarters.  </p>
<p>					    SCHEDULE 3</p>
<p>			 DUN &amp; BRADSTREET CORP</p>
<p>		    CONSOLIDATED STATEMENT OF OPERATIONS</p>
<p>			 SIX MONTH COMPARISON OF RESULTS</p>
<p>			 ($ in Millions except for EPS)</p>
<p>						Six Months Ended June 30,</p>
<p>							(unaudited)</p>
<p>						    1997		1996</p>
<p>					   As Reported	As Adjusted</p>
<p> Operating Revenue			   957.3		910.7</p>
<p> Operating Costs			     783.9		752.9</p>
<p> Operating Income			    173.4		157.8</p>
<p> Non-Operating Expense - Net	    (39.1)	     (39.9)</p>
<p>Income Before Provision</p>
<p>    for Income Taxes			 134.3		117.9</p>
<p> Provision for Income Taxes		 46.1		 40.1</p>
<p> Net Income				     88.2		 77.8</p>
<p> Earnings Per Share of Common Stock     0.52		 0.46</p>
<p> Average Number of Shares Outstanding  171.1		169.8</p>
<p>(In Millions)</p>
<p>					 SCHEDULE 4</p>
<p>			  DUN &amp; BRADSTREET CORP</p>
<p>			CONSOLIDATED STATEMENT OF OPERATIONS</p>
<p>		   RECONCILIATION TO THE 'AS ADJUSTED' RESULTS</p>
<p>			   ($ in Millions except for EPS)</p>
<p>	   Six Month Period Ended June 30, 1996 (unaudited) (a)</p>
<p>			     As Reported		    As Adjusted</p>
<p>				   Results  Adjustments	 Results</p>
<p> Operating Revenue	     955.5     ( 44.8)  (1)     910.7</p>
<p> Operating Costs		 917.4     (164.5)  (2)     752.9</p>
<p> Operating Income		 38.1	 119.7	    157.8</p>
<p>Non-Operating Expense - Net</p>
<p>				    (35.3)	 (4.6)  (3)    (39.9)</p>
<p>Income from Continuing</p>
<p>Operations</p>
<p>Before Provision for</p>
<p>	  Income Taxes	     2.8	 115.1	    117.9</p>
<p> Provision for Income Taxes   24.8	  15.3  (4)	40.1</p>
<p>Income/(Loss) from</p>
<p>     Continuing Operations  (22.0)	  99.8	     77.8</p>
<p>Income from Discontinued</p>
<p>Operations,</p>
<p>	   Net of Income Taxes  42.6	(42.6)  (5)	 ---</p>
<p> Net Income			 20.6	  57.2	     77.8</p>
<p>Earnings/(Loss) Per</p>
<p>Share of Common Stock:</p>
<p>- Continuing Operations</p>
<p>				   ( 0.13)			     0.46</p>
<p>- Discontinued Operations</p>
<p>					0.25				---</p>
<p>    - Net Income		  0.12			     0.46</p>
<p>Average Number of</p>
<p>     Shares Outstanding	169.8			    169.8</p>
<p>	   (In Millions) Adjustments:</p>
<p>1) This adjustment relates to revenues from businesses included in continuing operations that have been divested. In accordance with APB No. 30, these cannot be treated as discontinued operations. This includes American Credit Indemnity and the Proprietary West operations of R.H. Donnelley.</p>
<p>2) Operating Cost adjustments of $164.5 million consist of the following:</p>
<p>- A reduction of $43.4 million of operating expenses relating to companies described in (1) above.</p>
<p>- A reduction of $97.8 million of expense relating to the non-recurring charges associated with losses on the sale of ACI and the Proprietary West operations of R.H. Donnelley ($88.8) plus transaction costs ($9.0 million) associated with the spin-off of Cognizant Corp and ACNielsen Corp.</p>
<p>- A reduction of $23.3 million to adjust Corporate overhead to expected future levels.</p>
<p>3) This adjustment represents increases in net interest expense to anticipated levels.</p>
<p>4) This adjustment brings the provision for income taxes to the Corporation's expected effective tax rate of approximately 34%.  This primarily eliminates the tax expense associated with the adjustments noted above.</p>
<p>5) This adjustment represents the Net Income of the Discontinued Operations which includes Cognizant Corp, ACNielsen Corp, D&amp;B Software and NCH Promotional Services.</p>
<p>(a) In the fourth quarter of 1996, the Company changed its revenue recognition accounting policy in connection with its Directory Information Services segment, effective January 1, 1996. This accounting change had no impact on full-year results. The change which is reflected in the &quot;As Reported&quot; results above, resulted in shifting first and second quarter revenue ($77.4 million), operating income ($63.1 million) and earnings per share ($0.25) from the first and second quarters into subsequent quarters.</p>
<p>-- New York Newsdesk 212 859-1610</p>
</text>
<copyright>(c) Reuters Limited 1997</copyright>
<metadata>
<codes class="bip:countries:1.0">
  <code code="USA">
    <editdetail attribution="Reuters BIP Coding Group" action="confirmed" date="1997-07-16"/>
  </code>
</codes>
<codes class="bip:industries:1.0">
  <code code="I47500">
    <editdetail attribution="Reuters BIP Coding Group" action="confirmed" date="1997-07-16"/>
  </code>
</codes>
<codes class="bip:topics:1.0">
  <code code="C15">
    <editdetail attribution="Reuters BIP Coding Group" action="confirmed" date="1997-07-16"/>
  </code>
  <code code="C151">
    <editdetail attribution="Reuters BIP Coding Group" action="confirmed" date="1997-07-16"/>
  </code>
  <code code="CCAT">
    <editdetail attribution="Reuters BIP Coding Group" action="confirmed" date="1997-07-16"/>
  </code>
</codes>
<dc element="dc.date.created" value="1997-07-16"/>
<dc element="dc.publisher" value="Reuters Holdings Plc"/>
<dc element="dc.date.published" value="1997-07-16"/>
<dc element="dc.source" value="Reuters"/>
<dc element="dc.creator.location" value="MURRAY HILL, N.J."/>
<dc element="dc.creator.location.country.name" value="USA"/>
<dc element="dc.source" value="Reuters"/>
</metadata>
</newsitem>
