<?xml version="1.0" encoding="iso-8859-1" ?>
<newsitem itemid="731264" id="root" date="1997-07-16" xml:lang="en">
<title>USA: Cell Therapeutics says drug shown effective.</title>
<headline>Cell Therapeutics says drug shown effective.</headline>
<dateline>SEATTLE 1997-07-16</dateline>
<text>
<p>Cell Therapeutics Inc said Wednesday that preliminary results of Phase II trials show its lead drug candidate, lisofylline, showed it significantly reduced serious neutropenic infections in patients undergoing chemotherapy.</p>
<p>The company said that patients receiving the lisofylline, or LSF drug, showed 50 percent fewer serious neutropenic infections than placebo recipients.</p>
<p>Neutropenic infections, which can be fatal, result from a reduction in a patient's infection-fighting white blood cell count following chemotherapy.</p>
</text>
<copyright>(c) Reuters Limited 1997</copyright>
<metadata>
<codes class="bip:countries:1.0">
  <code code="USA">
    <editdetail attribution="Reuters BIP Coding Group" action="confirmed" date="1997-07-16"/>
  </code>
</codes>
<codes class="bip:industries:1.0">
  <code code="I25700">
    <editdetail attribution="Reuters BIP Coding Group" action="confirmed" date="1997-07-16"/>
  </code>
</codes>
<codes class="bip:topics:1.0">
  <code code="C23">
    <editdetail attribution="Reuters BIP Coding Group" action="confirmed" date="1997-07-16"/>
  </code>
  <code code="CCAT">
    <editdetail attribution="Reuters BIP Coding Group" action="confirmed" date="1997-07-16"/>
  </code>
</codes>
<dc element="dc.date.created" value="1997-07-16"/>
<dc element="dc.publisher" value="Reuters Holdings Plc"/>
<dc element="dc.date.published" value="1997-07-16"/>
<dc element="dc.source" value="Reuters"/>
<dc element="dc.creator.location" value="SEATTLE"/>
<dc element="dc.creator.location.country.name" value="USA"/>
<dc element="dc.source" value="Reuters"/>
</metadata>
</newsitem>
