<?xml version="1.0" encoding="iso-8859-1" ?>
<newsitem itemid="731209" id="root" date="1997-07-16" xml:lang="en">
<title>USA: Western Micro sees Q2 below expectations.</title>
<headline>Western Micro sees Q2 below expectations.</headline>
<dateline>CAMBPELL, Calif 1997-07-16</dateline>
<text>
<p>Western Micro Technology Inc said second quarter revenues and earnings will be $39 million and between $0.07 and $0.09 per share, respectively.</p>
<p>This is below last year's second quarter earnings of $0.11 per share and the company's previous expectations. Revenues in the prior year's second quarter totalled $32.4 million.</p>
<p>&quot;While we are obviously disappointed by the quarterly results, we believe that the factors underlying our shortfall are unique to the quarter. Our plans for future growth and acquisitions remain unchanged,&quot; said P. Scott Munro, chief executive offficer.</p>
<p>For the year ago second quarter, Western Micro reported net income of $0.11 a share. The company cited consolidation of locations, senior management resource dilution and delay in completing a private equity financing.</p>
</text>
<copyright>(c) Reuters Limited 1997</copyright>
<metadata>
<codes class="bip:countries:1.0">
  <code code="USA">
    <editdetail attribution="Reuters BIP Coding Group" action="confirmed" date="1997-07-16"/>
  </code>
</codes>
<codes class="bip:industries:1.0">
  <code code="I61000">
    <editdetail attribution="Reuters BIP Coding Group" action="confirmed" date="1997-07-16"/>
  </code>
</codes>
<codes class="bip:topics:1.0">
  <code code="C15">
    <editdetail attribution="Reuters BIP Coding Group" action="confirmed" date="1997-07-16"/>
  </code>
  <code code="C152">
    <editdetail attribution="Reuters BIP Coding Group" action="confirmed" date="1997-07-16"/>
  </code>
  <code code="CCAT">
    <editdetail attribution="Reuters BIP Coding Group" action="confirmed" date="1997-07-16"/>
  </code>
</codes>
<dc element="dc.date.created" value="1997-07-16"/>
<dc element="dc.publisher" value="Reuters Holdings Plc"/>
<dc element="dc.date.published" value="1997-07-16"/>
<dc element="dc.source" value="Reuters"/>
<dc element="dc.creator.location" value="CAMBPELL, Calif"/>
<dc element="dc.creator.location.country.name" value="USA"/>
<dc element="dc.source" value="Reuters"/>
</metadata>
</newsitem>
