<?xml version="1.0" encoding="iso-8859-1" ?>
<newsitem itemid="731236" id="root" date="1997-07-16" xml:lang="en">
<title>USA: TABLE - K-Tron International Q2 shr rises.</title>
<headline>TABLE - K-Tron International Q2 shr rises.</headline>
<dateline>PITMAN, N.J. 1997-07-16</dateline>
<text>
<p>(Dollars in thousands, except per share data)</p>
<p>				 Three Months Ended  Six Months Ended</p>
<p>			   Jun 28,    Jun 29,    Jun 28,    Jun 29,</p>
<p>			     1997	 1996	 1997	 1996</p>
<p> Revenues		$21,763    $21,880    $43,107    $45,459</p>
<p> Operating income	2,042	2,051	3,721	3,859</p>
<p> Interest expense	  320	  583	  634	1,179</p>
<p>Income before income taxes</p>
<p>			     1,722	1,468	3,087	2,680</p>
<p> Income taxes		470	  540	  785	1,000</p>
<p> Net income		1,252	  928	2,302	1,680</p>
<p> Earnings per share	.39	  .30	  .72	  .54</p>
<p>Average number of common</p>
<p>&amp; common equivalent</p>
<p>shares outstanding</p>
<p>			 3,197,000  3,120,000  3,193,000  3,120,000</p>
<p>((-- New York Newsdesk 212 859-1610))</p>
</text>
<copyright>(c) Reuters Limited 1997</copyright>
<metadata>
<codes class="bip:countries:1.0">
  <code code="USA">
    <editdetail attribution="Reuters BIP Coding Group" action="confirmed" date="1997-07-16"/>
  </code>
</codes>
<codes class="bip:industries:1.0">
  <code code="I34420">
    <editdetail attribution="Reuters BIP Coding Group" action="confirmed" date="1997-07-16"/>
  </code>
</codes>
<codes class="bip:topics:1.0">
  <code code="C15">
    <editdetail attribution="Reuters BIP Coding Group" action="confirmed" date="1997-07-16"/>
  </code>
  <code code="C151">
    <editdetail attribution="Reuters BIP Coding Group" action="confirmed" date="1997-07-16"/>
  </code>
  <code code="CCAT">
    <editdetail attribution="Reuters BIP Coding Group" action="confirmed" date="1997-07-16"/>
  </code>
</codes>
<dc element="dc.date.created" value="1997-07-16"/>
<dc element="dc.publisher" value="Reuters Holdings Plc"/>
<dc element="dc.date.published" value="1997-07-16"/>
<dc element="dc.source" value="Reuters"/>
<dc element="dc.creator.location" value="PITMAN, N.J."/>
<dc element="dc.creator.location.country.name" value="USA"/>
<dc element="dc.source" value="Reuters"/>
</metadata>
</newsitem>
