<?xml version="1.0" encoding="iso-8859-1" ?>
<newsitem itemid="731280" id="root" date="1997-07-16" xml:lang="en">
<title>USA: TABLE - Cidco Inc Q2 results.</title>
<headline>TABLE - Cidco Inc Q2 results.</headline>
<dateline>MORGAN HILL, Calif. 1997-07-16</dateline>
<text>
<p>(in thousands, except per share data)</p>
<p>				 Three months ended  Six months ended</p>
<p>						 June 30,    June 30,</p>
<p>					 1996    1997     1996     1997</p>
<p> Sales			   $ 60,446$ 58,288 $112,132 $135,318</p>
<p> Cost of sales		   33,920  31,239   62,983   74,022</p>
<p> Gross margin		    26,526  27,049   49,149   61,296</p>
<p>Operating expenses:</p>
<p>    Research and development  3,371   4,464    6,495    8,524</p>
<p>    Selling and marketing    10,971  16,020   18,234   36,448</p>
<p>General and administrative</p>
<p>					2,133   2,355    3,819    5,245</p>
<p>	 Total operating expenses</p>
<p>				     16,475  22,839   28,548   50,217</p>
<p> Income from operations	10,051   4,210   20,601   11,079</p>
<p>    Other income, net	     557     691	957    1,150</p>
<p> Income before income taxes  10,608   4,901   21,558   12,229</p>
<p> Provision for income taxes   4,243   1,860    8,623    4,791</p>
<p> Net income			 6,365   3,041   12,935    7,438</p>
<p> Earnings per share		0.42    0.22     0.86     0.52</p>
<p> Weighted average shares     15,196  13,997   15,106   14,337</p>
</text>
<copyright>(c) Reuters Limited 1997</copyright>
<metadata>
<codes class="bip:countries:1.0">
  <code code="USA">
    <editdetail attribution="Reuters BIP Coding Group" action="confirmed" date="1997-07-16"/>
  </code>
</codes>
<codes class="bip:industries:1.0">
  <code code="I34410">
    <editdetail attribution="Reuters BIP Coding Group" action="confirmed" date="1997-07-16"/>
  </code>
</codes>
<codes class="bip:topics:1.0">
  <code code="C15">
    <editdetail attribution="Reuters BIP Coding Group" action="confirmed" date="1997-07-16"/>
  </code>
  <code code="C151">
    <editdetail attribution="Reuters BIP Coding Group" action="confirmed" date="1997-07-16"/>
  </code>
  <code code="CCAT">
    <editdetail attribution="Reuters BIP Coding Group" action="confirmed" date="1997-07-16"/>
  </code>
</codes>
<dc element="dc.date.created" value="1997-07-16"/>
<dc element="dc.publisher" value="Reuters Holdings Plc"/>
<dc element="dc.date.published" value="1997-07-16"/>
<dc element="dc.source" value="Reuters"/>
<dc element="dc.creator.location" value="MORGAN HILL, Calif."/>
<dc element="dc.creator.location.country.name" value="USA"/>
<dc element="dc.source" value="Reuters"/>
</metadata>
</newsitem>
