<?xml version="1.0" encoding="iso-8859-1" ?>
<newsitem itemid="731227" id="root" date="1997-07-16" xml:lang="en">
<title>USA: TABLE - EVI Inc Q2 shr increases.</title>
<headline>TABLE - EVI Inc Q2 shr increases.</headline>
<dateline>HOUSTON 1997-07-16</dateline>
<text>
<p>1997			1996</p>
<p> Oper shr		   $0.42		    $0.11</p>
<p> Net shr		     0.42		     0.14</p>
<p> Net			 19,062		    5,063</p>
<p> Revs		     211,468		   98,937</p>
<p> Avg shrs		  45,751		   37,256</p>
<p>	     MONTHS</p>
<p> Oper shr		   $0.73		    $0.18</p>
<p> Net shr		     0.73		     0.25</p>
<p> Net			 33,407		    9,410</p>
<p> Revs		     376,108		  189,263</p>
<p> Avg shrs		  45,711		   37.050</p>
<p>(All data above 000s except per share numbers)</p>
<p>((-- New York newsdesk 212-859-1610))</p>
</text>
<copyright>(c) Reuters Limited 1997</copyright>
<metadata>
<codes class="bip:countries:1.0">
  <code code="USA">
    <editdetail attribution="Reuters BIP Coding Group" action="confirmed" date="1997-07-16"/>
  </code>
</codes>
<codes class="bip:topics:1.0">
  <code code="C15">
    <editdetail attribution="Reuters BIP Coding Group" action="confirmed" date="1997-07-16"/>
  </code>
  <code code="C151">
    <editdetail attribution="Reuters BIP Coding Group" action="confirmed" date="1997-07-16"/>
  </code>
  <code code="CCAT">
    <editdetail attribution="Reuters BIP Coding Group" action="confirmed" date="1997-07-16"/>
  </code>
</codes>
<dc element="dc.date.created" value="1997-07-16"/>
<dc element="dc.publisher" value="Reuters Holdings Plc"/>
<dc element="dc.date.published" value="1997-07-16"/>
<dc element="dc.source" value="Reuters"/>
<dc element="dc.creator.location" value="HOUSTON"/>
<dc element="dc.creator.location.country.name" value="USA"/>
<dc element="dc.source" value="Reuters"/>
</metadata>
</newsitem>
