<?xml version="1.0" encoding="iso-8859-1" ?>
<newsitem itemid="731202" id="root" date="1997-07-16" xml:lang="en">
<title>USA: PlayNet to remain listed after waiver.</title>
<headline>PlayNet to remain listed after waiver.</headline>
<dateline>NEW YORK 1997-07-16</dateline>
<text>
<p>PlayNet Technologies Inc said on Wednesday that its shares will remain listed on the Nasdaq small cap market after it received an exception for its regulatory requirements.</p>
<p>The temporary exception is subject to the company meeting certain condtions, PlayNet said in a statement.</p>
<p>The conditions for continued listing were not immediately available.</p>
<p>The listing exception expires on July 31, 1997.</p>
</text>
<copyright>(c) Reuters Limited 1997</copyright>
<metadata>
<codes class="bip:countries:1.0">
  <code code="USA">
    <editdetail attribution="Reuters BIP Coding Group" action="confirmed" date="1997-07-16"/>
  </code>
</codes>
<codes class="bip:industries:1.0">
  <code code="I49410">
    <editdetail attribution="Reuters BIP Coding Group" action="confirmed" date="1997-07-16"/>
  </code>
</codes>
<codes class="bip:topics:1.0">
  <code code="C14">
    <editdetail attribution="Reuters BIP Coding Group" action="confirmed" date="1997-07-16"/>
  </code>
  <code code="CCAT">
    <editdetail attribution="Reuters BIP Coding Group" action="confirmed" date="1997-07-16"/>
  </code>
</codes>
<dc element="dc.date.created" value="1997-07-16"/>
<dc element="dc.publisher" value="Reuters Holdings Plc"/>
<dc element="dc.date.published" value="1997-07-16"/>
<dc element="dc.source" value="Reuters"/>
<dc element="dc.creator.location" value="NEW YORK"/>
<dc element="dc.creator.location.country.name" value="USA"/>
<dc element="dc.source" value="Reuters"/>
</metadata>
</newsitem>
