<?xml version="1.0" encoding="iso-8859-1" ?>
<newsitem itemid="731271" id="root" date="1997-07-16" xml:lang="en">
<title>USA: TABLE - BancFirst Corp Q2 shr decreases.</title>
<headline>TABLE - BancFirst Corp Q2 shr decreases.</headline>
<dateline>OKLAHOMA CITY, Okla. 1997-07-16</dateline>
<text>
<p>1997			1996</p>
<p> Shr			  $0.55		    $0.59</p>
<p> Net			  3,648		    3,802</p>
<p> Total Assets	 1,302,851		1,187,217</p>
<p> Avg shrs		   6,617		    6,445</p>
<p>(All data above 000s except per share numbers)</p>
<p>NOTE - Provision for loan losses at June 30, 1997, were $11.95 million versus $11.84 million at June 30, 1996.</p>
<p>-- New York newsdesk 212-859-1610</p>
</text>
<copyright>(c) Reuters Limited 1997</copyright>
<metadata>
<codes class="bip:countries:1.0">
  <code code="USA">
    <editdetail attribution="Reuters BIP Coding Group" action="confirmed" date="1997-07-16"/>
  </code>
</codes>
<codes class="bip:industries:1.0">
  <code code="I81402">
    <editdetail attribution="Reuters BIP Coding Group" action="confirmed" date="1997-07-16"/>
  </code>
</codes>
<codes class="bip:topics:1.0">
  <code code="C15">
    <editdetail attribution="Reuters BIP Coding Group" action="confirmed" date="1997-07-16"/>
  </code>
  <code code="C151">
    <editdetail attribution="Reuters BIP Coding Group" action="confirmed" date="1997-07-16"/>
  </code>
  <code code="CCAT">
    <editdetail attribution="Reuters BIP Coding Group" action="confirmed" date="1997-07-16"/>
  </code>
</codes>
<dc element="dc.date.created" value="1997-07-16"/>
<dc element="dc.publisher" value="Reuters Holdings Plc"/>
<dc element="dc.date.published" value="1997-07-16"/>
<dc element="dc.source" value="Reuters"/>
<dc element="dc.creator.location" value="OKLAHOMA CITY, Okla."/>
<dc element="dc.creator.location.country.name" value="USA"/>
<dc element="dc.source" value="Reuters"/>
</metadata>
</newsitem>
