<?xml version="1.0" encoding="iso-8859-1" ?>
<newsitem itemid="731249" id="root" date="1997-07-16" xml:lang="en">
<title>USA: TABLE - Harmonic Lightwaves Q2 results.</title>
<headline>TABLE - Harmonic Lightwaves Q2 results.</headline>
<dateline>SUNNYVALE, Calif 1997-07-16</dateline>
<text>
<p>(In thousands, except per share data)</p>
<p>				  (Unaudited)</p>
<p>				 Three months ended  Six months ended</p>
<p>					Jun 27, Jun 28, Jun 27, Jun 28,</p>
<p>					   1997    1996    1997    1996</p>
<p> Net sales			 $ 20,514$ 13,485$ 39,547$ 24,727</p>
<p> Cost of sales		     10,778   7,474  20,820  13,756</p>
<p> Gross profit			 9,736   6,011  18,727  10,971</p>
<p>Operating expenses:</p>
<p>   Research and development     2,876   2,038   5,667   3,931</p>
<p>   Sales and marketing	    3,712   2,269   6,575   4,236</p>
<p>   General and administrative   1,132     796   2,242   1,460</p>
<p> Total operating expenses	 7,720   5,103  14,484   9,627</p>
<p> Income from operations	   2,016     908   4,243   1,344</p>
<p>Interest and other income</p>
<p>  (expense), net			147     277     388     521</p>
<p> Income before income taxes     2,163   1,185   4,631   1,865</p>
<p> Provision for income taxes	 325	59     695	93</p>
<p> Net income			   1,838   1,126   3,936   1,772</p>
<p> Net income per share		0.16    0.10    0.34    0.16</p>
<p>Weighted average common</p>
<p>  shares and equivalents	 11,497  11,452  11,530  11,336</p>
</text>
<copyright>(c) Reuters Limited 1997</copyright>
<metadata>
<codes class="bip:countries:1.0">
  <code code="USA">
    <editdetail attribution="Reuters BIP Coding Group" action="confirmed" date="1997-07-16"/>
  </code>
</codes>
<codes class="bip:industries:1.0">
  <code code="I34400">
    <editdetail attribution="Reuters BIP Coding Group" action="confirmed" date="1997-07-16"/>
  </code>
</codes>
<codes class="bip:topics:1.0">
  <code code="C15">
    <editdetail attribution="Reuters BIP Coding Group" action="confirmed" date="1997-07-16"/>
  </code>
  <code code="C151">
    <editdetail attribution="Reuters BIP Coding Group" action="confirmed" date="1997-07-16"/>
  </code>
  <code code="CCAT">
    <editdetail attribution="Reuters BIP Coding Group" action="confirmed" date="1997-07-16"/>
  </code>
</codes>
<dc element="dc.date.created" value="1997-07-16"/>
<dc element="dc.publisher" value="Reuters Holdings Plc"/>
<dc element="dc.date.published" value="1997-07-16"/>
<dc element="dc.source" value="Reuters"/>
<dc element="dc.creator.location" value="SUNNYVALE, Calif"/>
<dc element="dc.creator.location.country.name" value="USA"/>
<dc element="dc.source" value="Reuters"/>
</metadata>
</newsitem>
