<?xml version="1.0" encoding="iso-8859-1" ?>
<newsitem itemid="731248" id="root" date="1997-07-16" xml:lang="en">
<title>USA: TABLE - GBC Bancorp Q2 results.</title>
<headline>TABLE - GBC Bancorp Q2 results.</headline>
<dateline>LOS ANGELES 1997-07-16</dateline>
<text>
<p>GBC Bancorp</p>
<p>			Consolidated Financial Highlights</p>
<p>		 Condensed Average Balance Sheets</p>
<p>(In Thousands)</p>
<p>			For the Three Months  For the Six Months</p>
<p>			   Ended June 30,	 Ended June 30,</p>
<p>			     1997	 1996	 1997	 1996</p>
<p>Assets:</p>
<p>Cash and Due From Banks</p>
<p>			 $  38,407   $ 37,593   $ 39,249   $ 38,384</p>
<p>Federal Funds Sold &amp;</p>
<p>Securities Purchased</p>
<p>Under Agreements to</p>
<p>			   150,983    125,480    144,763    143,862</p>
<p>Resell</p>
<p>Investment Securities:</p>
<p>Securities Available</p>
<p>    for Sale	   537,089    606,172    530,018    568,455</p>
<p>Securities Held to</p>
<p>    Maturity	    26,495     28,264     19,360     30,150</p>
<p>Loans:</p>
<p>   Loans and Leases  593,908    505,246    598,027    487,337</p>
<p>Less:  Allowance for</p>
<p>	     Credit Losses</p>
<p>			  (15,339)   (16,912)   (15,838)   (17,068)</p>
<p>	    Deferred Loan</p>
<p>	     Fees	(3,590)    (3,158)    (3,566)    (3,166)</p>
<p>Loans and Leases, Net</p>
<p>			   574,979    485,176    578,623    467,103</p>
<p>Premises and Equipment, Net</p>
<p>			     5,697	6,262	5,719	6,260</p>
<p>Other Real Estate Owned, Net</p>
<p>			    15,331     11,548     14,199	9,716</p>
<p>Accrued Interest Receivable</p>
<p>  and Other Assets    33,177     32,321     32,171     32,323</p>
<p>   Total Assets    1,382,158  1,332,816  1,364,102  1,296,253</p>
<p>Liabilities and Stockholders' Equity:</p>
<p>Liabilities:</p>
<p>Deposits:</p>
<p>Noninterest-Bearing</p>
<p>Demand Deposits</p>
<p>			   132,167    128,322    134,755    128,053</p>
<p>Interest-Bearing</p>
<p>Demand and Savings</p>
<p>	Deposits	 342,533    356,128    339,659    358,017</p>
<p>	Time Deposits  749,230    689,065    734,452    651,117</p>
<p> Total Deposits    1,223,930  1,173,515  1,208,866  1,137,187</p>
<p>Other Liabilities:</p>
<p>Federal Funds Purchased</p>
<p>and Securities Sold Under</p>
<p>  Repurchase Agreements   27     24,000	   97     24,000</p>
<p> Subordinated Debt    15,000     15,000     15,000     15,000</p>
<p>Accrued Expenses and</p>
<p>  Other Liabilities   21,105     17,045     19,502     17,634</p>
<p>Total Liabilities</p>
<p>			 1,260,062  1,229,560  1,243,465  1,193,821</p>
<p>Stockholders' Equity:</p>
<p>    Common Stock	47,900     46,191     47,724     45,998</p>
<p>Retained Earnings</p>
<p>			    74,196     57,065     72,913     56,434</p>
<p>Total Stockholders' Equity</p>
<p>			   122,096    103,256    120,637    102,432</p>
<p>Total Liabilities and</p>
<p>Stockholders' Equity</p>
<p>			 1,382,158  1,332,816  1,364,102  1,296,253</p>
<p> Non-accrual Loans     9,356     31,165     10,519     38,350</p>
</text>
<copyright>(c) Reuters Limited 1997</copyright>
<metadata>
<codes class="bip:countries:1.0">
  <code code="USA">
    <editdetail attribution="Reuters BIP Coding Group" action="confirmed" date="1997-07-16"/>
  </code>
</codes>
<codes class="bip:industries:1.0">
  <code code="I81402">
    <editdetail attribution="Reuters BIP Coding Group" action="confirmed" date="1997-07-16"/>
  </code>
</codes>
<codes class="bip:topics:1.0">
  <code code="C15">
    <editdetail attribution="Reuters BIP Coding Group" action="confirmed" date="1997-07-16"/>
  </code>
  <code code="C151">
    <editdetail attribution="Reuters BIP Coding Group" action="confirmed" date="1997-07-16"/>
  </code>
  <code code="CCAT">
    <editdetail attribution="Reuters BIP Coding Group" action="confirmed" date="1997-07-16"/>
  </code>
</codes>
<dc element="dc.date.created" value="1997-07-16"/>
<dc element="dc.publisher" value="Reuters Holdings Plc"/>
<dc element="dc.date.published" value="1997-07-16"/>
<dc element="dc.source" value="Reuters"/>
<dc element="dc.creator.location" value="LOS ANGELES"/>
<dc element="dc.creator.location.country.name" value="USA"/>
<dc element="dc.source" value="Reuters"/>
</metadata>
</newsitem>
