<?xml version="1.0" encoding="iso-8859-1" ?>
<newsitem itemid="731337" id="root" date="1997-07-16" xml:lang="en">
<title>USA: TABLE - Transamerica Income Q1 results.</title>
<headline>TABLE - Transamerica Income Q1 results.</headline>
<dateline>LOS ANGELES 1997-07-16</dateline>
<text>
<p>EARNINGS</p>
<p>				    Qtr Ended		   Qtr Ended</p>
<p>				 Jun 30, 1997		Jun 30, 1996</p>
<p> Total net income	    $3,011,871		  $2,968,352</p>
<p> Per-share earnings		48 cts			47 cts</p>
<p>							   ASSETS</p>
<p>Total net assets -- June 30, 1997</p>
<p>								  154,862,701</p>
<p>Total net assets -- June 30, 1996</p>
<p>								  152,580,746</p>
<p>Net asset value per share -- June 30,</p>
<p>					   1997			 24.51</p>
<p>Net asset value per share -- June 30,</p>
<p>					   1996			 24.15</p>
<p>Shares outstanding -- June 30, 1997 and June 30, 1996</p>
<p>								    6,318,771</p>
</text>
<copyright>(c) Reuters Limited 1997</copyright>
<metadata>
<codes class="bip:countries:1.0">
  <code code="USA">
    <editdetail attribution="Reuters BIP Coding Group" action="confirmed" date="1997-07-16"/>
  </code>
</codes>
<codes class="bip:industries:1.0">
  <code code="I82000">
    <editdetail attribution="Reuters BIP Coding Group" action="confirmed" date="1997-07-16"/>
  </code>
</codes>
<codes class="bip:topics:1.0">
  <code code="C15">
    <editdetail attribution="Reuters BIP Coding Group" action="confirmed" date="1997-07-16"/>
  </code>
  <code code="C151">
    <editdetail attribution="Reuters BIP Coding Group" action="confirmed" date="1997-07-16"/>
  </code>
  <code code="CCAT">
    <editdetail attribution="Reuters BIP Coding Group" action="confirmed" date="1997-07-16"/>
  </code>
</codes>
<dc element="dc.date.created" value="1997-07-16"/>
<dc element="dc.publisher" value="Reuters Holdings Plc"/>
<dc element="dc.date.published" value="1997-07-16"/>
<dc element="dc.source" value="Reuters"/>
<dc element="dc.creator.location" value="LOS ANGELES"/>
<dc element="dc.creator.location.country.name" value="USA"/>
<dc element="dc.source" value="Reuters"/>
</metadata>
</newsitem>
