<?xml version="1.0" encoding="iso-8859-1" ?>
<newsitem itemid="731306" id="root" date="1997-07-16" xml:lang="en">
<title>USA: Hilton plans legal challenge to ITT plan.</title>
<headline>Hilton plans legal challenge to ITT plan.</headline>
<dateline>LOS ANGELES 1997-07-16</dateline>
<text>
<p>Hilton Hotels Corp will mount a legal challenge to ITT Corp's plan to break into three companies, a Hilton spokesman said on Wednesday.</p>
<p>Earlier, ITT unveiled a defense against Hilton's five and one-half month-old, $6.5 billion bid for ITT calling for ITT to split into separate companies for its hotels and casinos, its telephone directories and its educational services.</p>
<p>Senior Vice President of Corporate Affairs Marc Grossman said for now Hilton's $55 per share bid will remain unchanged until Hilton, and financial markets, can put an accurate value on the three parts.  </p>
<p>&quot;We will absolutely pursue the legal options that are available to us,&quot; Grossman said.  &quot;It's real hard to say what the next steps are until we have more information.&quot;</p>
<p>He said Hilton's management would wait and see how the market valued ITT's plan before changing its $55 per share bid.  &quot;We have no plans to do that,&quot; Grossman said.</p>
<p>He also said any decision to revise its bid to target only the company holding ITT's hotels and casinos, to be called ITT Destinations Inc, would again depend on market valuations.</p>
<p>ITT gained 4-3/4 to 67-3/8 by late afternoon, but Grossman said one day is not a good indicator of long-term value.  </p>
<p>He declined to provide timing for Hilton's decision-making process.  Hilton is scheduled to release its second quarter earnings on July 22 and he said it is unlikely the company will announce a full strategy at that time.</p>
<p>Hilton shares gained 6/16 to settle at 29-9/16.</p>
<p>Legally, Hilton likely will amend its current lawsuit against ITT in U.S. District Court in Las Vegas, Nevada. Grossman said it is too soon to say exactly which provisions of ITT's plan, which includes a staggering of the terms for some board members, Hilton would attack.</p>
</text>
<copyright>(c) Reuters Limited 1997</copyright>
<metadata>
<codes class="bip:countries:1.0">
  <code code="USA">
    <editdetail attribution="Reuters BIP Coding Group" action="confirmed" date="1997-07-16"/>
  </code>
</codes>
<codes class="bip:industries:1.0">
  <code code="I66500">
    <editdetail attribution="Reuters BIP Coding Group" action="confirmed" date="1997-07-16"/>
  </code>
</codes>
<codes class="bip:topics:1.0">
  <code code="C11">
    <editdetail attribution="Reuters BIP Coding Group" action="confirmed" date="1997-07-16"/>
  </code>
  <code code="C12">
    <editdetail attribution="Reuters BIP Coding Group" action="confirmed" date="1997-07-16"/>
  </code>
  <code code="C18">
    <editdetail attribution="Reuters BIP Coding Group" action="confirmed" date="1997-07-16"/>
  </code>
  <code code="C181">
    <editdetail attribution="Reuters BIP Coding Group" action="confirmed" date="1997-07-16"/>
  </code>
  <code code="CCAT">
    <editdetail attribution="Reuters BIP Coding Group" action="confirmed" date="1997-07-16"/>
  </code>
  <code code="GCAT">
    <editdetail attribution="Reuters BIP Coding Group" action="confirmed" date="1997-07-16"/>
  </code>
  <code code="GCRIM">
    <editdetail attribution="Reuters BIP Coding Group" action="confirmed" date="1997-07-16"/>
  </code>
</codes>
<dc element="dc.date.created" value="1997-07-16"/>
<dc element="dc.publisher" value="Reuters Holdings Plc"/>
<dc element="dc.date.published" value="1997-07-16"/>
<dc element="dc.source" value="Reuters"/>
<dc element="dc.creator.location" value="LOS ANGELES"/>
<dc element="dc.creator.location.country.name" value="USA"/>
<dc element="dc.source" value="Reuters"/>
</metadata>
</newsitem>
