<?xml version="1.0" encoding="iso-8859-1" ?>
<newsitem itemid="731308" id="root" date="1997-07-16" xml:lang="en">
<title>USA: TABLE-Value Line Q4 shr $0.60 vs $0.90.</title>
<headline>TABLE-Value Line Q4 shr $0.60 vs $0.90.</headline>
<dateline>NEW YORK 1997-07-16</dateline>
<text>
<p>Value Line, Inc</p>
<p>			 Consolidated Summary Of Financial Results</p>
<p>			  (In Thousands Except Per Share Amounts)</p>
<p>	   For the three months	   For the twelve months</p>
<p>		   ended April 30		    ended April 30</p>
<p>			 1997	  1996	  1997	  1996</p>
<p>									  (a)</p>
<p>Revenues	  $23,203     $22,599	$91,744    $87,127</p>
<p>Operating Income  9,417	 7,291	 36,277     42,486</p>
<p>Net Earnings	6,034	 8,949	 45,512     41,714</p>
<p>Earnings Per Share$0.60	 $0.90	  $4.56	$4.18</p>
<p>(a)   Revenues and operating income for twelve months ended April 30, 1996 include proceeds of $2,054,000 received in settlement of a disputed securities trade.</p>
</text>
<copyright>(c) Reuters Limited 1997</copyright>
<metadata>
<codes class="bip:countries:1.0">
  <code code="USA">
    <editdetail attribution="Reuters BIP Coding Group" action="confirmed" date="1997-07-16"/>
  </code>
</codes>
<codes class="bip:industries:1.0">
  <code code="I83100">
    <editdetail attribution="Reuters BIP Coding Group" action="confirmed" date="1997-07-16"/>
  </code>
</codes>
<codes class="bip:topics:1.0">
  <code code="C15">
    <editdetail attribution="Reuters BIP Coding Group" action="confirmed" date="1997-07-16"/>
  </code>
  <code code="C151">
    <editdetail attribution="Reuters BIP Coding Group" action="confirmed" date="1997-07-16"/>
  </code>
  <code code="C1511">
    <editdetail attribution="Reuters BIP Coding Group" action="confirmed" date="1997-07-16"/>
  </code>
  <code code="CCAT">
    <editdetail attribution="Reuters BIP Coding Group" action="confirmed" date="1997-07-16"/>
  </code>
</codes>
<dc element="dc.date.created" value="1997-07-16"/>
<dc element="dc.publisher" value="Reuters Holdings Plc"/>
<dc element="dc.date.published" value="1997-07-16"/>
<dc element="dc.source" value="Reuters"/>
<dc element="dc.creator.location" value="NEW YORK"/>
<dc element="dc.creator.location.country.name" value="USA"/>
<dc element="dc.source" value="Reuters"/>
</metadata>
</newsitem>
