<?xml version="1.0" encoding="iso-8859-1" ?>
<newsitem itemid="731304" id="root" date="1997-07-16" xml:lang="en">
<title>USA: CSCE coffee ends up on spec, local shortcovering.</title>
<headline>CSCE coffee ends up on spec, local shortcovering.</headline>
<dateline>NEW YORK 1997-07-16</dateline>
<text>
<p>CSCE coffee futures ended higher on Wednesday, bolstered by speculative and local shortcovering on the heels of Tuesday's slide to more than three-month lows, dealers said.</p>
<p>Benchmark September contracts rose 3.65 cents a lb on the day, to 161.50 cents, after ranging between 164.25 and 156.00 cents. Spot July, which expires on Monday, ended 2.75 cents higher, at 187.25 cents, while the outer months closed up 0.20 to 2.40 cents.</p>
<p>The July/September switch narrowed to 25.75 cents compared with 26.65 cents at the close on Tuesday, while the September/December switch widened to 13.00 cents from 11.95 cents.</p>
<p>New York coffee prices headed lower at the opening bell, on news of a build-up in U.S. consumer coffee stocks during June.</p>
<p>The Green Coffee Association of New York report after Tuesday's close that supplies of green coffee stowed in U.S. warehouses rose in June by 139,000 60-kg bags, to 2,116,000 bags.</p>
<p>Although the increase was mostly in line with expectations, some traders said any build in stocks would set a negative tone. Other traders suspected the increase in inventories was largely priced in the market after Tuesday's sell-off.</p>
<p>Traders said, however, today's activity was mostly technically driven, with light roaster buying toward the lows preventing a test of key chart support at 155.00 cents in the September contract and prompting a spate of speculative and local short-covering.</p>
<p>Upward momentum accelerated after buy-stops were triggered near 157.00-158.00 cents, they said.</p>
<p>&quot;The specs went into the market and decided to explore the downside,&quot; said one trader. &quot;This morning roasters came in on this move and forced specs to cover.&quot;</p>
<p>The upswing filled a chart gap on the upside formed on Tuesday between 159.50 and 161.00 cents basis September.</p>
<p>Some traders said today's action improved the technical outlook. They pegged September near-term resistance at 165.00 cents. On the downside, the 155.00 level was still seen as strong support.</p>
<p>Other traders said the market's fundamental picture -- including the recent build in exchange-certified coffee stocks and continued mild weather in top-producer Brazil -- was likely to dampen buyers' spirits.</p>
<p>CSCE reported after Wednesday's close that certified coffee inventories rose by 3,269 60-kg bags as of July 15, to 75,414 bags. An additional 39,229 bags were pending grading, the exchange said.</p>
<p>Volume was moderate, at an estimated 8,268 lots, traders said.</p>
<p>((--Patricia Avidan, New York Commodity Desk +1 212 859 1640))</p>
</text>
<copyright>(c) Reuters Limited 1997</copyright>
<metadata>
<codes class="bip:countries:1.0">
  <code code="USA">
    <editdetail attribution="Reuters BIP Coding Group" action="confirmed" date="1997-07-16"/>
  </code>
</codes>
<codes class="bip:topics:1.0">
  <code code="M14">
    <editdetail attribution="Reuters BIP Coding Group" action="confirmed" date="1997-07-16"/>
  </code>
  <code code="M141">
    <editdetail attribution="Reuters BIP Coding Group" action="confirmed" date="1997-07-16"/>
  </code>
  <code code="MCAT">
    <editdetail attribution="Reuters BIP Coding Group" action="confirmed" date="1997-07-16"/>
  </code>
</codes>
<dc element="dc.date.created" value="1997-07-16"/>
<dc element="dc.publisher" value="Reuters Holdings Plc"/>
<dc element="dc.date.published" value="1997-07-16"/>
<dc element="dc.source" value="Reuters"/>
<dc element="dc.creator.location" value="NEW YORK"/>
<dc element="dc.creator.location.country.name" value="USA"/>
<dc element="dc.source" value="Reuters"/>
</metadata>
</newsitem>
