<?xml version="1.0" encoding="iso-8859-1" ?>
<newsitem itemid="731370" id="root" date="1997-07-16" xml:lang="en">
<title>USA: ITT says directories unit set for growth.</title>
<headline>ITT says directories unit set for growth.</headline>
<dateline>NEW YORK 1997-07-16</dateline>
<text>
<p>ITT Corp said it expects the world telephone directories business to pursue geographic and product growth after it becomes a new company.</p>
<p>&quot;Our capacity to operate competitively internationally gives us confidence to continue growing our business in new geographic areas throughout the world.  This international platform may also offer significant opportunities to market additional products and services,&quot; said ITT senior vice president Gerald Crotty, who will become chief executive of the highly-profitable directories business.</p>
<p>Crotty made his remarks in a conference call with analysts.</p>
<p>Under a massive restructuring announced earlier, ITT will break into three separate companies, one of which will be the directories busines.  Privately-held investment firm Clayton, Dublier &amp; Rice Inc will hold a minority stake in the new company, which will be named ITT Corp.</p>
</text>
<copyright>(c) Reuters Limited 1997</copyright>
<metadata>
<codes class="bip:countries:1.0">
  <code code="USA">
    <editdetail attribution="Reuters BIP Coding Group" action="confirmed" date="1997-07-16"/>
  </code>
</codes>
<codes class="bip:industries:1.0">
  <code code="I66500">
    <editdetail attribution="Reuters BIP Coding Group" action="confirmed" date="1997-07-16"/>
  </code>
</codes>
<codes class="bip:topics:1.0">
  <code code="C15">
    <editdetail attribution="Reuters BIP Coding Group" action="confirmed" date="1997-07-16"/>
  </code>
  <code code="C152">
    <editdetail attribution="Reuters BIP Coding Group" action="confirmed" date="1997-07-16"/>
  </code>
  <code code="C31">
    <editdetail attribution="Reuters BIP Coding Group" action="confirmed" date="1997-07-16"/>
  </code>
  <code code="CCAT">
    <editdetail attribution="Reuters BIP Coding Group" action="confirmed" date="1997-07-16"/>
  </code>
</codes>
<dc element="dc.date.created" value="1997-07-16"/>
<dc element="dc.publisher" value="Reuters Holdings Plc"/>
<dc element="dc.date.published" value="1997-07-16"/>
<dc element="dc.source" value="Reuters"/>
<dc element="dc.creator.location" value="NEW YORK"/>
<dc element="dc.creator.location.country.name" value="USA"/>
<dc element="dc.source" value="Reuters"/>
</metadata>
</newsitem>
