<?xml version="1.0" encoding="iso-8859-1" ?>
<newsitem itemid="731311" id="root" date="1997-07-16" xml:lang="en">
<title>USA: Logansport Financial Corp Q2 net.</title>
<headline>Logansport Financial Corp Q2 net.</headline>
<dateline>LOGANSPORT, Ind. 1997-07-16</dateline>
<text>
<p>Quarter ended 6/30	 YTD 6/30</p>
<p>				1997	 1996	 1997	1996</p>
<p> Interest Income	  1,527	1,403	3,002     2,742</p>
<p> Interest Expense	   761	  653	1,490     1,294</p>
<p> Net interest income	766	  750	1,512     1,448</p>
<p> Provision for loan losses  5	    3	    8	   6</p>
<p>Net interest income after</p>
<p>provision for loan losses</p>
<p>				  761	  747	1,504     1,442</p>
<p> Other income		  41	   44	   76	  69</p>
<p>Gain (loss) on security sales</p>
<p>						 (3)	 (32)	   8</p>
<p> Total other expense	320	  335	  636	 632</p>
<p>Income before income taxes</p>
<p>				  482	  453	  912	 887</p>
<p> Income tax expense	 179	  170	  337	 330</p>
<p> Net income		   303	  283	  575	 557</p>
<p> Net income per share    $.24	 $.21	 $.46	$.42</p>
<p> Aver. shares o/s   1,258,767  1,322,500  1,257,577 1,322,500</p>
<p> Total assets	    83,152     77,195</p>
<p>((--Chicago newsdesk, 312-408-8787))</p>
</text>
<copyright>(c) Reuters Limited 1997</copyright>
<metadata>
<codes class="bip:countries:1.0">
  <code code="USA">
    <editdetail attribution="Reuters BIP Coding Group" action="confirmed" date="1997-07-16"/>
  </code>
</codes>
<codes class="bip:industries:1.0">
  <code code="I81403">
    <editdetail attribution="Reuters BIP Coding Group" action="confirmed" date="1997-07-16"/>
  </code>
</codes>
<codes class="bip:topics:1.0">
  <code code="C15">
    <editdetail attribution="Reuters BIP Coding Group" action="confirmed" date="1997-07-16"/>
  </code>
  <code code="C151">
    <editdetail attribution="Reuters BIP Coding Group" action="confirmed" date="1997-07-16"/>
  </code>
  <code code="CCAT">
    <editdetail attribution="Reuters BIP Coding Group" action="confirmed" date="1997-07-16"/>
  </code>
</codes>
<dc element="dc.date.created" value="1997-07-16"/>
<dc element="dc.publisher" value="Reuters Holdings Plc"/>
<dc element="dc.date.published" value="1997-07-16"/>
<dc element="dc.source" value="Reuters"/>
<dc element="dc.creator.location" value="LOGANSPORT, Ind."/>
<dc element="dc.creator.location.country.name" value="USA"/>
<dc element="dc.source" value="Reuters"/>
</metadata>
</newsitem>
