<?xml version="1.0" encoding="iso-8859-1" ?>
<newsitem itemid="731352" id="root" date="1997-07-16" xml:lang="en">
<title>USA: TABLE-Provident Bankshares Corp Q2 net up.</title>
<headline>TABLE-Provident Bankshares Corp Q2 net up.</headline>
<dateline>BALTIMORE 1997-07-16</dateline>
<text>
<p>(dollars in thousands except per share data)</p>
<p>		    Three Months Ended	     Six Months Ended</p>
<p>			    June 30,			  June 30,</p>
<p>			 1997	1996		  1997	 1996</p>
<p> Net Interest Inc 25,331    22,880		49,879    44,759</p>
<p>Provision for</p>
<p>  Loan Losses	2,053	 375		 2,887     5,775</p>
<p> Net Income	  6,805     5,605		13,320    10,910</p>
<p> Shr Primary	  0.73	0.61		  1.43	1.19</p>
<p> Shr Diluted	  0.73	0.61		  1.42	1.19</p>
<p>NOTE: Total assets at current period end $3.03 bln.</p>
</text>
<copyright>(c) Reuters Limited 1997</copyright>
<metadata>
<codes class="bip:countries:1.0">
  <code code="USA">
    <editdetail attribution="Reuters BIP Coding Group" action="confirmed" date="1997-07-16"/>
  </code>
</codes>
<codes class="bip:industries:1.0">
  <code code="I81402">
    <editdetail attribution="Reuters BIP Coding Group" action="confirmed" date="1997-07-16"/>
  </code>
</codes>
<codes class="bip:topics:1.0">
  <code code="C15">
    <editdetail attribution="Reuters BIP Coding Group" action="confirmed" date="1997-07-16"/>
  </code>
  <code code="C151">
    <editdetail attribution="Reuters BIP Coding Group" action="confirmed" date="1997-07-16"/>
  </code>
  <code code="CCAT">
    <editdetail attribution="Reuters BIP Coding Group" action="confirmed" date="1997-07-16"/>
  </code>
</codes>
<dc element="dc.date.created" value="1997-07-16"/>
<dc element="dc.publisher" value="Reuters Holdings Plc"/>
<dc element="dc.date.published" value="1997-07-16"/>
<dc element="dc.source" value="Reuters"/>
<dc element="dc.creator.location" value="BALTIMORE"/>
<dc element="dc.creator.location.country.name" value="USA"/>
<dc element="dc.source" value="Reuters"/>
</metadata>
</newsitem>
