<?xml version="1.0" encoding="iso-8859-1" ?>
<newsitem itemid="731330" id="root" date="1997-07-16" xml:lang="en">
<title>USA: Total-Tel signed pact with Unisource.</title>
<headline>Total-Tel signed pact with Unisource.</headline>
<dateline>NEW YORK 1997-07-16</dateline>
<text>
<p>TotalTel International Inc, a subsidiary of TotalTel USA Communications Inc, said Wednesday it signed an access supply agreement with Unisource Carrier Services AG, an independent pan-European network operator.</p>
<p>According to the agreement, effective on July 15, TotalTel can originate and terminate traffic on UCS's pan-European backbone network, allowing it to expand its retail and wholesale services across Europe.</p>
<p>The UCS network will allow TotalTel to provide international voice and data services in 25 cities in 15 European countries and ATM services in six cities.</p>
<p>The company said it will open 23 sales offices in Europe by the end of 1998.</p>
<p>Financial terms of the agreement were not disclosed.</p>
</text>
<copyright>(c) Reuters Limited 1997</copyright>
<metadata>
<codes class="bip:countries:1.0">
  <code code="NETH">
    <editdetail attribution="Reuters BIP Coding Group" action="confirmed" date="1997-07-16"/>
  </code>
  <code code="USA">
    <editdetail attribution="Reuters BIP Coding Group" action="confirmed" date="1997-07-16"/>
  </code>
</codes>
<codes class="bip:industries:1.0">
  <code code="I79020">
    <editdetail attribution="Reuters BIP Coding Group" action="confirmed" date="1997-07-16"/>
  </code>
</codes>
<codes class="bip:topics:1.0">
  <code code="C33">
    <editdetail attribution="Reuters BIP Coding Group" action="confirmed" date="1997-07-16"/>
  </code>
  <code code="CCAT">
    <editdetail attribution="Reuters BIP Coding Group" action="confirmed" date="1997-07-16"/>
  </code>
</codes>
<dc element="dc.date.created" value="1997-07-16"/>
<dc element="dc.publisher" value="Reuters Holdings Plc"/>
<dc element="dc.date.published" value="1997-07-16"/>
<dc element="dc.source" value="Reuters"/>
<dc element="dc.creator.location" value="NEW YORK"/>
<dc element="dc.creator.location.country.name" value="USA"/>
<dc element="dc.source" value="Reuters"/>
</metadata>
</newsitem>
