<?xml version="1.0" encoding="iso-8859-1" ?>
<newsitem itemid="731425" id="root" date="1997-07-16" xml:lang="en">
<title>USA: George Mason Bankshares Q2 net rises.</title>
<headline>George Mason Bankshares Q2 net rises.</headline>
<dateline>CHANTILLY, Va. 1997-07-16</dateline>
<text>
<p>GEORGE MASON BANKSHARES, INC.</p>
<p>				SECOND QUARTER 1997</p>
<p>		 (Dollars in thousands, except per share data)</p>
<p> SUMMARY PAGE		    1997	1996  CHANGE  % CHANGE</p>
<p>FOR THE THREE MONTHS ENDED JUNE 30:</p>
<p>	NET INCOME		$2,006   $1,622    $384     23.7%</p>
<p>	EARNINGS PER SHARE	0.38     0.32    0.06     18.8%</p>
<p>RETURN ON AVERAGE ASSETS</p>
<p>				     0.92%    0.93% (0.01%)    (1.1%)</p>
<p>RETURN ON AVERAGE EQUITY</p>
<p>				    12.34%   10.67%   1.67%     15.7%</p>
<p>	NET INTEREST MARGIN    3.87%    4.02% (0.32%)    (7.8%)</p>
<p>WEIGHTED AVERAGE SHARES OUTSTANDING</p>
<p>					5229     5138	91	1.8%</p>
<p>FOR THE SIX MONTHS ENDED JUNE 30:</p>
<p>	NET INCOME		 3,822    3,041     781     25.7%</p>
<p>	EARNINGS PER SHARE	0.73     0.60    0.13     21.7%</p>
<p>RETURN ON AVERAGE ASSETS</p>
<p>				     0.90%    0.90%   0.00%	0.0%</p>
<p>RETURN ON AVERAGE EQUITY</p>
<p>				    11.75%   10.13%   1.62%     16.0%</p>
<p>	NET INTEREST MARGIN    3.85%    4.21% (0.45%)   (10.6%)</p>
<p>WEIGHTED AVERAGE SHARES OUTSTANDING</p>
<p>				     5,214    5,107     107	2.1%</p>
<p>ACTUAL SHARES OUTSTANDING</p>
<p>				     5,081    4,999	82	1.6%</p>
<p>	BOOK VALUE PER SHARE   13.29    11.63    1.66     14.3%</p>
<p>PERIOD END TOTALS:</p>
<p> TOTAL ASSETS		  963,293  772,680  190,613    24.7%</p>
<p>LOANS, (NET OF UNEARNED DISCOUNT</p>
<p>   AND LOAN FEES)(A)	 414,951  332,304  82,647     24.9%</p>
<p>MORTGAGE LOANS HELD FOR RESALE</p>
<p>				    69,651   59,805   9,846     16.5%</p>
<p> DEPOSITS			765,053  604,499  160,554    26.6%</p>
<p> SHAREHOLDERS' EQUITY	 67,504   58,138   9,366     16.1%</p>
<p> ALLOWANCE FOR LOAN LOSSES   5,657    5,687    (30)    (0.5%)</p>
<p> NONPERFORMING ASSETS	  1,478    3,253  (1,775)  (54.6%)</p>
<p>(A) BEFORE RESERVES SOURCE</p>
</text>
<copyright>(c) Reuters Limited 1997</copyright>
<metadata>
<codes class="bip:countries:1.0">
  <code code="USA">
    <editdetail attribution="Reuters BIP Coding Group" action="confirmed" date="1997-07-16"/>
  </code>
</codes>
<codes class="bip:industries:1.0">
  <code code="I81402">
    <editdetail attribution="Reuters BIP Coding Group" action="confirmed" date="1997-07-16"/>
  </code>
</codes>
<codes class="bip:topics:1.0">
  <code code="C15">
    <editdetail attribution="Reuters BIP Coding Group" action="confirmed" date="1997-07-16"/>
  </code>
  <code code="C151">
    <editdetail attribution="Reuters BIP Coding Group" action="confirmed" date="1997-07-16"/>
  </code>
  <code code="CCAT">
    <editdetail attribution="Reuters BIP Coding Group" action="confirmed" date="1997-07-16"/>
  </code>
</codes>
<dc element="dc.date.created" value="1997-07-16"/>
<dc element="dc.publisher" value="Reuters Holdings Plc"/>
<dc element="dc.date.published" value="1997-07-16"/>
<dc element="dc.source" value="Reuters"/>
<dc element="dc.creator.location" value="CHANTILLY, Va."/>
<dc element="dc.creator.location.country.name" value="USA"/>
<dc element="dc.source" value="Reuters"/>
</metadata>
</newsitem>
