<?xml version="1.0" encoding="iso-8859-1" ?>
<newsitem itemid="731423" id="root" date="1997-07-16" xml:lang="en">
<title>USA: Unisource names Richard Bogan CFO.</title>
<headline>Unisource names Richard Bogan CFO.</headline>
<dateline>BERWYN, Pa. 1997-07-16</dateline>
<text>
<p>Unisource Worldwide Inc said Wednesday it named Richard Bogan chief financial officer and senior vice president, effective August 1.</p>
<p>The company said Bogan has spent the last 20 years with Philip Morris companies in various positions and is leaving as Senior Vice President of Finance, Strategy and Information Systems for the Miller Brewing division.</p>
<p>Bogan was named to the Board of Directors of Philip Morris Capital Corp in 1993 and Molson Breweries, Canada, in 1995, Unisource said.</p>
<p>A Unisource Worldwide spokesperson said Bogan is the company's first CFO.</p>
</text>
<copyright>(c) Reuters Limited 1997</copyright>
<metadata>
<codes class="bip:countries:1.0">
  <code code="USA">
    <editdetail attribution="Reuters BIP Coding Group" action="confirmed" date="1997-07-16"/>
  </code>
</codes>
<codes class="bip:industries:1.0">
  <code code="I42700">
    <editdetail attribution="Reuters BIP Coding Group" action="confirmed" date="1997-07-16"/>
  </code>
  <code code="I42900">
    <editdetail attribution="Reuters BIP Coding Group" action="confirmed" date="1997-07-16"/>
  </code>
  <code code="I83960">
    <editdetail attribution="Reuters BIP Coding Group" action="confirmed" date="1997-07-16"/>
  </code>
</codes>
<codes class="bip:topics:1.0">
  <code code="C41">
    <editdetail attribution="Reuters BIP Coding Group" action="confirmed" date="1997-07-16"/>
  </code>
  <code code="C411">
    <editdetail attribution="Reuters BIP Coding Group" action="confirmed" date="1997-07-16"/>
  </code>
  <code code="CCAT">
    <editdetail attribution="Reuters BIP Coding Group" action="confirmed" date="1997-07-16"/>
  </code>
</codes>
<dc element="dc.date.created" value="1997-07-16"/>
<dc element="dc.publisher" value="Reuters Holdings Plc"/>
<dc element="dc.date.published" value="1997-07-16"/>
<dc element="dc.source" value="Reuters"/>
<dc element="dc.creator.location" value="BERWYN, Pa."/>
<dc element="dc.creator.location.country.name" value="USA"/>
<dc element="dc.source" value="Reuters"/>
</metadata>
</newsitem>
