<?xml version="1.0" encoding="iso-8859-1" ?>
<newsitem itemid="731417" id="root" date="1997-07-16" xml:lang="en">
<title>USA: TABLE - CardioGenesis Corp Q2 results.</title>
<headline>TABLE - CardioGenesis Corp Q2 results.</headline>
<dateline>SUNNYVALE, Calif. 1997-07-16</dateline>
<text>
<p>CARDIOGENESIS CORPORATION</p>
<p>				STATEMENTS OF OPERATIONS</p>
<p>		     (in thousands, except per share data)</p>
<p>			   (unaudited)</p>
<p>				 Three Months Ended  Six Months Ended</p>
<p>						June 30	 June 30</p>
<p>				     1997	1996     1997     1996</p>
<p> Sales			   $ 2,701  $ 1,218  $ 4,284  $ 1,849</p>
<p> Cost of sales		   1,459	888    2,590    1,206</p>
<p>   Gross profit		  1,242	330    1,694	643</p>
<p>Operating expenses:</p>
<p>   Research and development  3,250    1,686    6,504    3,261</p>
<p>   General and administrative  921	499    1,692	992</p>
<p>   Sales and marketing	 1,496	417    2,297	720</p>
<p>     Operating expenses	5,667    2,602   10,493    4,973</p>
<p>     Operating loss	  (4,425)  (2,272)  (8,799)  (4,330)</p>
<p> Interest income, net	    713	389    1,492	569</p>
<p>   Net loss		    (3,712)  (1,883)  (7,307)  (3,761)</p>
<p> Net loss per share	   (0.31)   (0.24)   (0.61)   (0.62)</p>
<p>Shares used in computing</p>
<p>  net loss per share	  12,003    7,827   11,992    6,102</p>
</text>
<copyright>(c) Reuters Limited 1997</copyright>
<metadata>
<codes class="bip:countries:1.0">
  <code code="USA">
    <editdetail attribution="Reuters BIP Coding Group" action="confirmed" date="1997-07-16"/>
  </code>
</codes>
<codes class="bip:industries:1.0">
  <code code="I37200">
    <editdetail attribution="Reuters BIP Coding Group" action="confirmed" date="1997-07-16"/>
  </code>
</codes>
<codes class="bip:topics:1.0">
  <code code="C15">
    <editdetail attribution="Reuters BIP Coding Group" action="confirmed" date="1997-07-16"/>
  </code>
  <code code="C151">
    <editdetail attribution="Reuters BIP Coding Group" action="confirmed" date="1997-07-16"/>
  </code>
  <code code="CCAT">
    <editdetail attribution="Reuters BIP Coding Group" action="confirmed" date="1997-07-16"/>
  </code>
</codes>
<dc element="dc.date.created" value="1997-07-16"/>
<dc element="dc.publisher" value="Reuters Holdings Plc"/>
<dc element="dc.date.published" value="1997-07-16"/>
<dc element="dc.source" value="Reuters"/>
<dc element="dc.creator.location" value="SUNNYVALE, Calif."/>
<dc element="dc.creator.location.country.name" value="USA"/>
<dc element="dc.source" value="Reuters"/>
</metadata>
</newsitem>
