<?xml version="1.0" encoding="iso-8859-1" ?>
<newsitem itemid="731424" id="root" date="1997-07-16" xml:lang="en">
<title>USA: Erie Indemnity segments propel Q2 growth.</title>
<headline>Erie Indemnity segments propel Q2 growth.</headline>
<dateline>ERIE, Pa. 1997-07-16</dateline>
<text>
<p>Erie Indemnity Co, which reported higher second quarter earnings, said on Wednesday that its earnings growth was driven by gains in all three of its major business segments.</p>
<p>Gains made in the company's management operations and in its investment operations were further supported by a reduction in the underwriting losses of the company's insurance underwriting operations, the company said in a statement.  </p>
<p>Net revenues from the company's management operations showed continued growth, rising 5.8 percent to $35.4 million in the second quarter compared with $33.4 million for the same period in 1996.</p>
<p>Revenues from investment operations for the second quarter of 1997 increased by 35.3 percent to $10.1 million from the $7.5 million posted in the second quarter of 1996.</p>
<p>The company's insurance underwriting operations had premiums earned of $26.9 million for the three months ended June 30, 1997, a 7.5 percent increase over the $25.0 million of earned premiums booked in the second quarter of 1996.</p>
<p>The net underwriting loss reported in the second quarter of 1997 amounted to $782,915, an improvement from the net underwriting loss of $1,257,113 experienced in the second quarter of 1996.</p>
</text>
<copyright>(c) Reuters Limited 1997</copyright>
<metadata>
<codes class="bip:countries:1.0">
  <code code="USA">
    <editdetail attribution="Reuters BIP Coding Group" action="confirmed" date="1997-07-16"/>
  </code>
</codes>
<codes class="bip:industries:1.0">
  <code code="I82000">
    <editdetail attribution="Reuters BIP Coding Group" action="confirmed" date="1997-07-16"/>
  </code>
</codes>
<codes class="bip:topics:1.0">
  <code code="C15">
    <editdetail attribution="Reuters BIP Coding Group" action="confirmed" date="1997-07-16"/>
  </code>
  <code code="C151">
    <editdetail attribution="Reuters BIP Coding Group" action="confirmed" date="1997-07-16"/>
  </code>
  <code code="CCAT">
    <editdetail attribution="Reuters BIP Coding Group" action="confirmed" date="1997-07-16"/>
  </code>
</codes>
<dc element="dc.date.created" value="1997-07-16"/>
<dc element="dc.publisher" value="Reuters Holdings Plc"/>
<dc element="dc.date.published" value="1997-07-16"/>
<dc element="dc.source" value="Reuters"/>
<dc element="dc.creator.location" value="ERIE, Pa."/>
<dc element="dc.creator.location.country.name" value="USA"/>
<dc element="dc.source" value="Reuters"/>
</metadata>
</newsitem>
