<?xml version="1.0" encoding="iso-8859-1" ?>
<newsitem itemid="731485" id="root" date="1997-07-16" xml:lang="en">
<title>UK: GOLF-IZAWA WITHDRAWAL LETS IN ROBERTSON.</title>
<headline>GOLF-IZAWA WITHDRAWAL LETS IN ROBERTSON.</headline>
<dateline>TROON, Scotland 1997-07-16</dateline>
<text>
<p>Toshimitsu Izawa of Japan withdrew from the British Open golf championship at Royal Troon on Wednesday on the eve of the event with a finger injury.</p>
<p>Officials said Scottish player Dean Robertson, the first reserve after final qualifying, would take Izawa's place in a group with fellow-Scot Andrew Coltart and the 1989 champion at Royal Troon, American Mark Calcavecchia, at 0755 GMT.</p>
</text>
<copyright>(c) Reuters Limited 1997</copyright>
<metadata>
<codes class="bip:countries:1.0">
  <code code="UK">
    <editdetail attribution="Reuters BIP Coding Group" action="confirmed" date="1997-07-16"/>
  </code>
</codes>
<codes class="bip:topics:1.0">
  <code code="GCAT">
    <editdetail attribution="Reuters BIP Coding Group" action="confirmed" date="1997-07-16"/>
  </code>
  <code code="GSPO">
    <editdetail attribution="Reuters BIP Coding Group" action="confirmed" date="1997-07-16"/>
  </code>
</codes>
<dc element="dc.date.created" value="1997-07-16"/>
<dc element="dc.publisher" value="Reuters Holdings Plc"/>
<dc element="dc.date.published" value="1997-07-16"/>
<dc element="dc.source" value="Reuters"/>
<dc element="dc.creator.location" value="TROON, Scotland"/>
<dc element="dc.creator.location.country.name" value="UK"/>
<dc element="dc.source" value="Reuters"/>
</metadata>
</newsitem>
