<?xml version="1.0" encoding="iso-8859-1" ?>
<newsitem itemid="731488" id="root" date="1997-07-16" xml:lang="en">
<title>ITALY: MOTOR RACING-LUCKLESS BERGER CRASHES ON RETURN.</title>
<headline>MOTOR RACING-LUCKLESS BERGER CRASHES ON RETURN.</headline>
<dateline>MONZA, Italy 1997-07-16</dateline>
<text>
<p>Luckless Austrian Formula One driver Gerhard Berger crashed at Monza on Wednesday during his first outing for Benetton since he underwent a sinus operation in May.</p>
<p>Berger, who also suffered the death of his father in a plane crash last week, sped off the Italian Grand Prix circuit at 300 kph during a test session.</p>
<p>&quot;It could have been a horrible accident but luckily I ended up on the grass and everything was alright,&quot; he said. &quot;But it certainly wasn't a great return.&quot;</p>
<p>Berger, who has missed the last three grands prix in Montreal, Magny Cours and Silverstone due to sinus problems, said he had no intention of retiring when his contract with Italian team Benetton ran out at the end of the season.</p>
<p>&quot;I'm a driver and I want to keep on racing,&quot; he said, adding that he had held talks with the Williams team and expected to continue driving for at least two more seasons.</p>
<p>Berger considered retirement after the deaths of compatriot Roland Ratzenberger and Brazilian three-time world champion Ayrton Senna at the 1994 San Marino Grand Prix.</p>
</text>
<copyright>(c) Reuters Limited 1997</copyright>
<metadata>
<codes class="bip:countries:1.0">
  <code code="AUST">
    <editdetail attribution="Reuters BIP Coding Group" action="confirmed" date="1997-07-16"/>
  </code>
  <code code="ITALY">
    <editdetail attribution="Reuters BIP Coding Group" action="confirmed" date="1997-07-16"/>
  </code>
</codes>
<codes class="bip:topics:1.0">
  <code code="GCAT">
    <editdetail attribution="Reuters BIP Coding Group" action="confirmed" date="1997-07-16"/>
  </code>
  <code code="GSPO">
    <editdetail attribution="Reuters BIP Coding Group" action="confirmed" date="1997-07-16"/>
  </code>
</codes>
<dc element="dc.date.created" value="1997-07-16"/>
<dc element="dc.publisher" value="Reuters Holdings Plc"/>
<dc element="dc.date.published" value="1997-07-16"/>
<dc element="dc.source" value="Reuters"/>
<dc element="dc.creator.location" value="MONZA, Italy"/>
<dc element="dc.creator.location.country.name" value="ITALY"/>
<dc element="dc.source" value="Reuters"/>
</metadata>
</newsitem>
