<?xml version="1.0" encoding="iso-8859-1" ?>
<newsitem itemid="731564" id="root" date="1997-07-16" xml:lang="en">
<title>ZIMBABWE: ZIMBABWE DOLLAR SOFTER UNDER IMPORT PRESSURE.</title>
<headline>ZIMBABWE DOLLAR SOFTER UNDER IMPORT PRESSURE.</headline>
<dateline>HARARE 1997-07-16</dateline>
<text>
<p>The Zimbabwe dollar was quoted easier on the key U.S. dollar on Wednesday morning on the back of a rise in importer demand for that currency, foreign exchange dealers said.</p>
<p>&quot;There is increased demand (for U.S. dollars) and we expect a slight depreciation in the local dollar today,&quot; a dealer said, adding:</p>
<p>&quot;It doesn't look like the central bank will intervene (to bail out the local unit).&quot;</p>
<p>The dealer said most banks could be stocking up in advance for a big import payment coming up next week.</p>
<p>&quot;We're likely to see rates continue going up because of that,&quot; he said.</p>
<p>At around 0820 GMT the Zimbabwe dollar was trading weaker at 11.3775/3875 on the U.S. unit after finishing at 11.3700/3800 the previous day and was also softer at 19.0615/0815 from 18.9600/9900 versus pound sterling.</p>
<p>It was at 6.3495/3595 from 6.3200/3400 against the mark and at 2.4970/5020 to the rand from 2.4900/5100.</p>
<p>--Stella Mapenzauswa, Harare Newsroom: +263-4 72 52 27/8/9--</p>
</text>
<copyright>(c) Reuters Limited 1997</copyright>
<metadata>
<codes class="bip:countries:1.0">
  <code code="ZIMBAB">
    <editdetail attribution="Reuters BIP Coding Group" action="confirmed" date="1997-07-16"/>
  </code>
</codes>
<codes class="bip:topics:1.0">
  <code code="M13">
    <editdetail attribution="Reuters BIP Coding Group" action="confirmed" date="1997-07-16"/>
  </code>
  <code code="M132">
    <editdetail attribution="Reuters BIP Coding Group" action="confirmed" date="1997-07-16"/>
  </code>
  <code code="MCAT">
    <editdetail attribution="Reuters BIP Coding Group" action="confirmed" date="1997-07-16"/>
  </code>
</codes>
<dc element="dc.date.created" value="1997-07-16"/>
<dc element="dc.publisher" value="Reuters Holdings Plc"/>
<dc element="dc.date.published" value="1997-07-16"/>
<dc element="dc.source" value="Reuters"/>
<dc element="dc.creator.location" value="HARARE"/>
<dc element="dc.creator.location.country.name" value="ZIMBABWE"/>
<dc element="dc.source" value="Reuters"/>
</metadata>
</newsitem>
