<?xml version="1.0" encoding="iso-8859-1" ?>
<newsitem itemid="731583" id="root" date="1997-07-16" xml:lang="en">
<title>LITHUANIA: AGENCY SAYS DANES BUY MORE BALTIJOS SHARES.</title>
<headline>AGENCY SAYS DANES BUY MORE BALTIJOS SHARES.</headline>
<dateline>VILNIUS 1997-07-16</dateline>
<text>
<p>Lithuania's privatisation agency refused on Wednesday to name Denmark's Odense as the buyer of a 16.27 percent stake in Baltijos Shipyard but confirmed that the buyer was Danish.</p>
<p>&quot;The buyer was from Denmark,&quot; Vytis Atkochiunas, the head of the country's privatisation agency, told Reuters.</p>
<p>&quot;The state sold all of its stake in the firm,&quot; Atkochiunas added.</p>
<p>The stake was sold on the bourse earlier this week and most market players believed Odense, which previously acquired 43 percent of the shipyard's shares, was the buyer. The whole deal was worth 11.4 million litas and the shares went for 10.10 litas.</p>
<p>The Euro affairs ministry said earlier that Denmark's Maersk, part of the same group which owns Odense, offered to buy the state's chunk of Baltijos Shipyard at a price exceeding its price on the bourse.</p>
<p>Baltijos Shipyard was traded at 7.95 litas on the central market on Wednesday.</p>
<p>-- Andrius Vilkancas, Vilnius newsroom +370 2 22 35 17</p>
</text>
<copyright>(c) Reuters Limited 1997</copyright>
<metadata>
<codes class="bip:countries:1.0">
  <code code="DEN">
    <editdetail attribution="Reuters BIP Coding Group" action="confirmed" date="1997-07-16"/>
  </code>
  <code code="LITH">
    <editdetail attribution="Reuters BIP Coding Group" action="confirmed" date="1997-07-16"/>
  </code>
</codes>
<codes class="bip:industries:1.0">
  <code code="I36101">
    <editdetail attribution="Reuters BIP Coding Group" action="confirmed" date="1997-07-16"/>
  </code>
</codes>
<codes class="bip:topics:1.0">
  <code code="C18">
    <editdetail attribution="Reuters BIP Coding Group" action="confirmed" date="1997-07-16"/>
  </code>
  <code code="C181">
    <editdetail attribution="Reuters BIP Coding Group" action="confirmed" date="1997-07-16"/>
  </code>
  <code code="C183">
    <editdetail attribution="Reuters BIP Coding Group" action="confirmed" date="1997-07-16"/>
  </code>
  <code code="CCAT">
    <editdetail attribution="Reuters BIP Coding Group" action="confirmed" date="1997-07-16"/>
  </code>
</codes>
<dc element="dc.date.created" value="1997-07-16"/>
<dc element="dc.publisher" value="Reuters Holdings Plc"/>
<dc element="dc.date.published" value="1997-07-16"/>
<dc element="dc.source" value="Reuters"/>
<dc element="dc.creator.location" value="VILNIUS"/>
<dc element="dc.creator.location.country.name" value="LITHUANIA"/>
<dc element="dc.source" value="Reuters"/>
</metadata>
</newsitem>
