<?xml version="1.0" encoding="iso-8859-1" ?>
<newsitem itemid="731558" id="root" date="1997-07-16" xml:lang="en">
<title>ZIMBABWE: ZIMBABWE DOLLAR WEAKER ON IMPORT PRESSURE.</title>
<headline>ZIMBABWE DOLLAR WEAKER ON IMPORT PRESSURE.</headline>
<dateline>HARARE 1997-07-16</dateline>
<text>
<p>The Zimbabwe dollar closed Wednesday's interbank session easier on hard units on the back of import pressure, forex dealers said.</p>
<p>&quot;There was some (foreign currency) buying especially around mid session and towards the close of business and we also saw the central bank buying,&quot; one trader commented.</p>
<p>The local currency finished the day at 11.3775/3875 against the U.S. dollar, depreciating from Tuesday's 11.3700/3800 and was also weaker at 19.0455/1150 versus sterling compared to 18.9600/9900.</p>
<p>It was at 6.3485/3650 from 6.3200/3400 against the mark and at 2.4975/5075 to the rand from 2.4900/5100.</p>
<p>--Stella Mapenzauswa, Harare Newsroom: +263-4 72 52 27/8/9--</p>
</text>
<copyright>(c) Reuters Limited 1997</copyright>
<metadata>
<codes class="bip:countries:1.0">
  <code code="ZIMBAB">
    <editdetail attribution="Reuters BIP Coding Group" action="confirmed" date="1997-07-16"/>
  </code>
</codes>
<codes class="bip:topics:1.0">
  <code code="M13">
    <editdetail attribution="Reuters BIP Coding Group" action="confirmed" date="1997-07-16"/>
  </code>
  <code code="M132">
    <editdetail attribution="Reuters BIP Coding Group" action="confirmed" date="1997-07-16"/>
  </code>
  <code code="MCAT">
    <editdetail attribution="Reuters BIP Coding Group" action="confirmed" date="1997-07-16"/>
  </code>
</codes>
<dc element="dc.date.created" value="1997-07-16"/>
<dc element="dc.publisher" value="Reuters Holdings Plc"/>
<dc element="dc.date.published" value="1997-07-16"/>
<dc element="dc.source" value="Reuters"/>
<dc element="dc.creator.location" value="HARARE"/>
<dc element="dc.creator.location.country.name" value="ZIMBABWE"/>
<dc element="dc.source" value="Reuters"/>
</metadata>
</newsitem>
