<?xml version="1.0" encoding="iso-8859-1" ?>
<newsitem itemid="731518" id="root" date="1997-07-16" xml:lang="en">
<title>SOUTH AFRICA: FENCING-WORLD CHAMPIONSHIP RESULTS.</title>
<headline>FENCING-WORLD CHAMPIONSHIP RESULTS.</headline>
<dateline>CAPE TOWN 1997-07-16</dateline>
<text>
<p>Results from the world fencing championships on Wednesday.</p>
<p>Men's sabre semifinals</p>
<p>Stanislaw Pozdniakov (Russia) beat Rafal Sznajder (Poland)</p>
<p>15-10</p>
<p>Luigi Tarantino (Italy) beat Damien Touya (France)</p>
<p>15-12.</p>
<p>Final</p>
<p>Pozdniakov beat Tarantino 15-12</p>
<p>Men's foil semifinals</p>
<p>Kim Young-ho (South Korea) beat Wang Haibin (China)</p>
<p>15-14</p>
<p>Sergei Golubitsky (Ukraine) beat Lionel Plumenail (France) 15-9</p>
<p>Final</p>
<p>Golubitsky beat Kim 15-14</p>
</text>
<copyright>(c) Reuters Limited 1997</copyright>
<metadata>
<codes class="bip:countries:1.0">
  <code code="SAFR">
    <editdetail attribution="Reuters BIP Coding Group" action="confirmed" date="1997-07-16"/>
  </code>
</codes>
<codes class="bip:topics:1.0">
  <code code="GCAT">
    <editdetail attribution="Reuters BIP Coding Group" action="confirmed" date="1997-07-16"/>
  </code>
  <code code="GSPO">
    <editdetail attribution="Reuters BIP Coding Group" action="confirmed" date="1997-07-16"/>
  </code>
</codes>
<dc element="dc.date.created" value="1997-07-16"/>
<dc element="dc.publisher" value="Reuters Holdings Plc"/>
<dc element="dc.date.published" value="1997-07-16"/>
<dc element="dc.source" value="Reuters"/>
<dc element="dc.creator.location" value="CAPE TOWN"/>
<dc element="dc.creator.location.country.name" value="SOUTH AFRICA"/>
<dc element="dc.source" value="Reuters"/>
</metadata>
</newsitem>
