<?xml version="1.0" encoding="iso-8859-1" ?>
<newsitem itemid="731589" id="root" date="1997-07-16" xml:lang="en">
<title>POLAND: BFK JUNE NET RISES TO PLN 5,2 MLN.</title>
<headline>BFK JUNE NET RISES TO PLN 5,2 MLN.</headline>
<dateline>WARSAW 1997-07-16</dateline>
<text>
<p>Preliminary results June</p>
<p>(in million zlotys unless stated)</p>
<p> JUNE		     1997     1996</p>
<p> Net profit	     5.24 vs   2.70</p>
<p> Pre-tax profit	 5.98 vs   3.20</p>
<p> Operating profit     6.64 vs   3.70</p>
<p> Sales		   30.91 vs  28.64</p>
<p> JANUARY-JUNE	   1997     1996</p>
<p> Net profit	    22.38 vs  12.56</p>
<p> Pre-tax profit	35.67 vs  20.51</p>
<p> Operating profit    39.26 vs  24.41</p>
<p> Sales		  186.64 vs 169.59</p>
<p>Note. Full name of the Polish cable maker is Bydgoska Fabryka</p>
<p>Kabli SA.</p>
<p>-- Warsaw Newsroom +48 22 653 9700</p>
</text>
<copyright>(c) Reuters Limited 1997</copyright>
<metadata>
<codes class="bip:countries:1.0">
  <code code="POL">
    <editdetail attribution="Reuters BIP Coding Group" action="confirmed" date="1997-07-16"/>
  </code>
</codes>
<codes class="bip:industries:1.0">
  <code code="I34100">
    <editdetail attribution="Reuters BIP Coding Group" action="confirmed" date="1997-07-16"/>
  </code>
</codes>
<codes class="bip:topics:1.0">
  <code code="C15">
    <editdetail attribution="Reuters BIP Coding Group" action="confirmed" date="1997-07-16"/>
  </code>
  <code code="C151">
    <editdetail attribution="Reuters BIP Coding Group" action="confirmed" date="1997-07-16"/>
  </code>
  <code code="CCAT">
    <editdetail attribution="Reuters BIP Coding Group" action="confirmed" date="1997-07-16"/>
  </code>
</codes>
<dc element="dc.date.created" value="1997-07-16"/>
<dc element="dc.publisher" value="Reuters Holdings Plc"/>
<dc element="dc.date.published" value="1997-07-16"/>
<dc element="dc.source" value="Reuters"/>
<dc element="dc.creator.location" value="WARSAW"/>
<dc element="dc.creator.location.country.name" value="POLAND"/>
<dc element="dc.source" value="Reuters"/>
</metadata>
</newsitem>
