<?xml version="1.0" encoding="iso-8859-1" ?>
<newsitem itemid="731527" id="root" date="1997-07-16" xml:lang="en">
<title>CHINA: SOCCER-FORMER POLISH NATIONAL COACH JOINS CHINA TE.</title>
<headline>SOCCER-FORMER POLISH NATIONAL COACH JOINS CHINA TE.</headline>
<dateline>SHANGHAI 1997-07-16</dateline>
<text>
<p>Andrej Strejlau, former head coach for the Polish national soccer team, has taken over China's Shanghai Shenhua team, the Xinhua news agency said on Wednesday.</p>
<p>Strejlau, 57, who took over China's number two team on Tuesday, trained the Polish national eleven for 54 international matches from 1989 to 1993 and had been an advisor to Shenhua since April, Xinhua said.</p>
<p>He replaces Shanghai Shenhua's Bulgarian coach, who resigned on Sunday after the team was held to a 0-0 draw by Guangzhou Apollo in a home match.</p>
<p>Shanghai Shenhua, which won China's professional soccer league in 1995, now lies in second place behind Dalian Wanda in the 12-team league.</p>
</text>
<copyright>(c) Reuters Limited 1997</copyright>
<metadata>
<codes class="bip:countries:1.0">
  <code code="CHINA">
    <editdetail attribution="Reuters BIP Coding Group" action="confirmed" date="1997-07-16"/>
  </code>
  <code code="POL">
    <editdetail attribution="Reuters BIP Coding Group" action="confirmed" date="1997-07-16"/>
  </code>
</codes>
<codes class="bip:topics:1.0">
  <code code="GCAT">
    <editdetail attribution="Reuters BIP Coding Group" action="confirmed" date="1997-07-16"/>
  </code>
  <code code="GSPO">
    <editdetail attribution="Reuters BIP Coding Group" action="confirmed" date="1997-07-16"/>
  </code>
</codes>
<dc element="dc.date.created" value="1997-07-16"/>
<dc element="dc.publisher" value="Reuters Holdings Plc"/>
<dc element="dc.date.published" value="1997-07-16"/>
<dc element="dc.source" value="Reuters"/>
<dc element="dc.creator.location" value="SHANGHAI"/>
<dc element="dc.creator.location.country.name" value="CHINA"/>
<dc element="dc.source" value="Reuters"/>
</metadata>
</newsitem>
