<?xml version="1.0" encoding="iso-8859-1" ?>
<newsitem itemid="731513" id="root" date="1997-07-16" xml:lang="en">
<title>UK: CRICKET-GLAMORGAN WIN TOSS, PUT AUSTRALIA IN TO BAT.</title>
<headline>CRICKET-GLAMORGAN WIN TOSS, PUT AUSTRALIA IN TO BAT.</headline>
<dateline>CARDIFF 1997-07-16</dateline>
<text>
<p>Glamorgan won the toss and put</p>
<p>Australia in to bat in their three-day cricket match on</p>
<p>Wednesday.</p>
<p>Teams:</p>
<p>Glamorgan - Steve James, Hugh Morris, Adrian Dale, Matthew</p>
<p>Maynard (captain), Tony Cottey, Mike Powell, Gary Butcher, Colin</p>
<p>Metson, Darren Thomas, Dean Cosker, Owen Parkin.</p>
<p>Australia - Matthew Elliott, Mark Taylor (captain), Michael</p>
<p>Slater, Greg Blewett, Ricky Ponting, Justin Langer, Michael</p>
<p>Bevan, Darren Berry, Brendon Julian, Paul Reiffel, Mark</p>
<p>Kasprowicz.</p>
</text>
<copyright>(c) Reuters Limited 1997</copyright>
<metadata>
<codes class="bip:countries:1.0">
  <code code="AUSTR">
    <editdetail attribution="Reuters BIP Coding Group" action="confirmed" date="1997-07-16"/>
  </code>
  <code code="UK">
    <editdetail attribution="Reuters BIP Coding Group" action="confirmed" date="1997-07-16"/>
  </code>
</codes>
<codes class="bip:topics:1.0">
  <code code="GCAT">
    <editdetail attribution="Reuters BIP Coding Group" action="confirmed" date="1997-07-16"/>
  </code>
  <code code="GSPO">
    <editdetail attribution="Reuters BIP Coding Group" action="confirmed" date="1997-07-16"/>
  </code>
</codes>
<dc element="dc.date.created" value="1997-07-16"/>
<dc element="dc.publisher" value="Reuters Holdings Plc"/>
<dc element="dc.date.published" value="1997-07-16"/>
<dc element="dc.source" value="Reuters"/>
<dc element="dc.creator.location" value="CARDIFF"/>
<dc element="dc.creator.location.country.name" value="UK"/>
<dc element="dc.source" value="Reuters"/>
</metadata>
</newsitem>
