<?xml version="1.0" encoding="iso-8859-1" ?>
<newsitem itemid="731568" id="root" date="1997-07-16" xml:lang="en">
<title>LATVIA: LATEST ECONOMIC INDICATORS - LATVIA - UPDATED JULY 16.</title>
<headline>LATEST ECONOMIC INDICATORS - LATVIA - UPDATED JULY 16.</headline>
<text>
<p>RIGA, Reuter - Latvia's latest economic statistics for 1997,</p>
<p>in percentage changes on a month-to-month basis unless otherwise</p>
<p>indicated. (* = updated this week)</p>
<p> INDICATOR		    PERIOD	PCT	A YR AGO</p>
<p> Consumer Price Index	 June	0.2	1.7</p>
<p> Consumer prices (Yr/Yr)    June	7.5	17.6</p>
<p> Trade balance (mln lats)   Jan-May   -207.21  -186.63</p>
<p> GDP (pct change vs prev Q) Q1 '97    2.6	2.7</p>
<p> GDP (mln lats, prelim)     Q1 ,97    696	610</p>
<p> Producer Price Index (PPI) April     -0.1     1.2</p>
<p> PPI (yr/yr)		    April     3.8	15.4</p>
<p> Unemployment rate	    June	7.6	7.7</p>
<p>-- Riga Newsroom, +371 721 5240</p>
</text>
<copyright>(c) Reuters Limited 1997</copyright>
<metadata>
<codes class="bip:countries:1.0">
  <code code="LATV">
    <editdetail attribution="Reuters BIP Coding Group" action="confirmed" date="1997-07-16"/>
  </code>
</codes>
<codes class="bip:topics:1.0">
  <code code="E71">
    <editdetail attribution="Reuters BIP Coding Group" action="confirmed" date="1997-07-16"/>
  </code>
  <code code="ECAT">
    <editdetail attribution="Reuters BIP Coding Group" action="confirmed" date="1997-07-16"/>
  </code>
</codes>
<dc element="dc.publisher" value="Reuters Holdings Plc"/>
<dc element="dc.date.published" value="1997-07-16"/>
<dc element="dc.source" value="Reuters"/>
<dc element="dc.creator.location.country.name" value="LATVIA"/>
<dc element="dc.source" value="Reuters"/>
</metadata>
</newsitem>
