<?xml version="1.0" encoding="iso-8859-1" ?>
<newsitem itemid="731556" id="root" date="1997-07-16" xml:lang="en">
<title>SRI LANKA: CRICKET-PAKISTAN WIN TOSS, ELECT TO BAT.</title>
<headline>CRICKET-PAKISTAN WIN TOSS, ELECT TO BAT.</headline>
<dateline>COLOMBO 1997-07-16</dateline>
<text>
<p>Pakistan won the toss and elected to bat against Bangladesh in the second match of the sixth Asia Cup tournament at Colombo's R. Premadasa stadium on Wednesday.</p>
<p>TEAMS:</p>
<p>Bangladesh - M. Akram (captain), Aminul Islam, Athar Ali Khan, M. Habibul Bashar, Minhajul Abdin, Khaled Mashud, Saiful Islam, Naimul Rahman, Hasibul Hossain, Enamul Haq, Shaikh Salahuddin.</p>
<p>Pakistan - Rameej Raja, Saeed Anwar, Shahid Afridi, Amir Sohail, Salim Malik, Injman-ul-Haq, Moin Khan, Saqlain Mushtaq, Arshad Khan, Aquib Jawed, Kabir Khan.</p>
</text>
<copyright>(c) Reuters Limited 1997</copyright>
<metadata>
<codes class="bip:countries:1.0">
  <code code="BANDH">
    <editdetail attribution="Reuters BIP Coding Group" action="confirmed" date="1997-07-16"/>
  </code>
  <code code="PAKIS">
    <editdetail attribution="Reuters BIP Coding Group" action="confirmed" date="1997-07-16"/>
  </code>
  <code code="SRILAN">
    <editdetail attribution="Reuters BIP Coding Group" action="confirmed" date="1997-07-16"/>
  </code>
</codes>
<codes class="bip:topics:1.0">
  <code code="GCAT">
    <editdetail attribution="Reuters BIP Coding Group" action="confirmed" date="1997-07-16"/>
  </code>
  <code code="GSPO">
    <editdetail attribution="Reuters BIP Coding Group" action="confirmed" date="1997-07-16"/>
  </code>
</codes>
<dc element="dc.date.created" value="1997-07-16"/>
<dc element="dc.publisher" value="Reuters Holdings Plc"/>
<dc element="dc.date.published" value="1997-07-16"/>
<dc element="dc.source" value="Reuters"/>
<dc element="dc.creator.location" value="COLOMBO"/>
<dc element="dc.creator.location.country.name" value="SRI LANKA"/>
<dc element="dc.source" value="Reuters"/>
</metadata>
</newsitem>
