<?xml version="1.0" encoding="iso-8859-1" ?>
<newsitem itemid="731606" id="root" date="1997-07-16" xml:lang="en">
<title>ALBANIA: PRESS DIGEST - ALBANIA - JULY 16.</title>
<headline>PRESS DIGEST - ALBANIA - JULY 16.</headline>
<dateline>TIRANA 1997-07-16</dateline>
<text>
<p>These are the leading stories in the Albanian press on Wednesday. Reuters has not verified these stories and does not vouch for their accuracy.</p>
<p>KOHA JONE</p>
<p>- Two Socialist members of the Central Election Commission have told President Sali Berisha he should clarify if he wants to take up an MP's mandate which is not compatible with his presidential duties. The 17-member commission later issued a joint statement saying the letter was not official.</p>
<p>- Albania's foreign ministry staff will be selected on their professional qualities rather than political influences, said Paskal Milo, named to become the next foreign minister.</p>
<p>- The Democratic Party will start a full reconstruction after its resounding election defeat in June 29 to separate its irresponsible part from the responsible part, a senior Democrat said.</p>
<p>- Republican Party chairman Sabri Godo has refused to head a new commission for the compilation of a draft constitution.</p>
<p>- Six people have been killed by firearms in 24 hours in Tirana.</p>
<p>- Two state-owned banks, the Savings Bank and the National Commercial Bank, have registered as commercial holding companies, paving the way for their privatisation.</p>
<p>GAZETA SHQIPTARE</p>
<p>- Democratic Party Secretary General Genc Pollo will lead the party until autumn when its congress will choose a chairman, a post sought by President Sali Berisha who is about to resign after five years in power.</p>
<p>- The Democratic Party will not attend the first session of parliament.</p>
<p>- Italy and Albania will sign an agreement for cooperation and development. The accord was not signed with the previous Democratic Party government because it refused to shed light on the activity of pyramid schemes.</p>
<p>ALBANIA</p>
<p>- Democratic MP Azem Hajdari said Socialist Party chairman Fatos Nano, who was sentenced to 12 years in jail for embezzlement, should be deprived of his parliamentary mandate. Nano has declared he will be Albania's next prime minister.</p>
<p>- The Monarchy Party said it does not recognize the results of a nationwide referendum in which two thirds of voters rejected the restoration of the monarchy.</p>
</text>
<copyright>(c) Reuters Limited 1997</copyright>
<metadata>
<codes class="bip:countries:1.0">
  <code code="ALB">
    <editdetail attribution="Reuters BIP Coding Group" action="confirmed" date="1997-07-16"/>
  </code>
</codes>
<codes class="bip:topics:1.0">
  <code code="GCAT">
    <editdetail attribution="Reuters BIP Coding Group" action="confirmed" date="1997-07-16"/>
  </code>
</codes>
<dc element="dc.date.created" value="1997-07-16"/>
<dc element="dc.publisher" value="Reuters Holdings Plc"/>
<dc element="dc.date.published" value="1997-07-16"/>
<dc element="dc.source" value="Reuters"/>
<dc element="dc.creator.location" value="TIRANA"/>
<dc element="dc.creator.location.country.name" value="ALBANIA"/>
<dc element="dc.source" value="Reuters"/>
</metadata>
</newsitem>
