<?xml version="1.0" encoding="iso-8859-1" ?>
<newsitem itemid="731625" id="root" date="1997-07-16" xml:lang="en">
<title>UK: Bond market wrapup - late European trade.</title>
<headline>Bond market wrapup - late European trade.</headline>
<text>
<p>This is how major world bond markets looked at 1630 GMT on Wednesday.</p>
<p>UNITED STATES - U.S. Treasury prices soared by midday on Wednesday after the government said its June Consumer Price Index (CPI) rose only slightly in June.</p>
<p>The government said the CPI rose 0.1 percent, an even smaller than the modest 0.2 percent increase that economists had anticipated. The core CPI, the CPI without its food and energy items, also rose just 0.1 percent.</p>
<p>Futures: T-bonds at 114-20/32, up 22/32</p>
<p>	    Eurodollars at 94.23, up 0.01</p>
<p> Cash:    Long bond yield 6.48 percent.</p>
<p>GERMANY - Bunds, futures remain firm in late dealings but</p>
<p>off session highs. Market lacks fuel to break consolidative tone</p>
<p>amid fears about Buba response to weak mark.</p>
<p>Futures: Bunds on LIFFE at 102.67, up 0.35</p>
<p>	    Euromarks at 96.79, up 0.02</p>
<p> Cash:    10-year Bund yield 5.57 percent.</p>
<p>BRITAIN - Gilts waded through a data-packed session and</p>
<p>ended up with modest gains, helped out by a surprise fall in UK</p>
<p>wages growth.</p>
<p>The September gilt future settled 10/32 higher at 114-14, off a midsession peak of 114-19, but well into the black nonetheless.</p>
<p>Futures: Long gilts on LIFFE at 114.62, up 0.5</p>
<p>	    Eurosterling at 92.84, up 0.01</p>
<p> Cash:    10-year gilt yield 7.05 percent.</p>
<p>FRANCE - French September bond futures ended slightly higher on Wednesday in a market which lacked conviction with investors waiting for Monday's publication of an audit into France's public finances, dealers said.</p>
<p>A slightly weaker than expected U.S. June CPI figure allowed the notionnel to test resistance at 130.32 but the contract failed to break through.</p>
<p>Futures: Long bond on MATIF at 130.3, up 0.16</p>
<p>	    PIBOR at 96.51, up 0.02</p>
<p> Cash:    10-year bond (OAT) yield 5.46 percent.</p>
<p>ITALY - Italy's debt market ended a lacklustre session with Btp futures little changed on previous closing levels. Traders said the market had put the downturn of Monday and Tuesday behind it but had no clear direction and was just holding in line with other European bond markets.</p>
<p>Market attention was still focused on the dollar's strength which was preventing European bonds from moving higher. &quot;Those hoping for statements from the German government which might give the mark a boost have been disappointed,&quot; one trader said.</p>
<p>Futures: Long bond on LIFFE at 135.9, up 0.36</p>
<p>	    Eurolira at 93.34, unchanged</p>
<p> Cash:    10-year bond (BTP) yield 6.56 percent.</p>
<p>JAPAN - The key September 10-year Japanese government bond futures contract ended higher on Wednesday due to short-covering, traders said.</p>
<p>&quot;Those who had earlier sold for hedging purposes ahead of the Bank of Japan governor's news conference bought back after seeing that JGBs had a solid bottom,&quot; said a trader for a city bank's securities unit. Futures: JGB future on LIFFE compared with Tokyo close at 124.94, up 0.19</p>
<p>	    Euroyen at 99.32, unchanged</p>
<p> Cash:    10-year JGB yield 2.53 percent.</p>
<p>EUROBONDS - New issue business on Wednesday was concentrated on the dollar and sterling, the two currencies riding highest on the forex markets.</p>
<p>Bank Nederlandse Gemeenten's bid to penetrate British institutional demand gained plaudits, with dealers saying the 20 basis points reoffer spread on the 300 million stg 10-year offering represented very fair value.</p>
</text>
<copyright>(c) Reuters Limited 1997</copyright>
<metadata>
<codes class="bip:countries:1.0">
  <code code="UK">
    <editdetail attribution="Reuters BIP Coding Group" action="confirmed" date="1997-07-16"/>
  </code>
</codes>
<codes class="bip:topics:1.0">
  <code code="M12">
    <editdetail attribution="Reuters BIP Coding Group" action="confirmed" date="1997-07-16"/>
  </code>
  <code code="MCAT">
    <editdetail attribution="Reuters BIP Coding Group" action="confirmed" date="1997-07-16"/>
  </code>
</codes>
<dc element="dc.publisher" value="Reuters Holdings Plc"/>
<dc element="dc.date.published" value="1997-07-16"/>
<dc element="dc.source" value="Reuters"/>
<dc element="dc.creator.location.country.name" value="UK"/>
<dc element="dc.source" value="Reuters"/>
</metadata>
</newsitem>
