<?xml version="1.0" encoding="iso-8859-1" ?>
<newsitem itemid="731623" id="root" date="1997-07-16" xml:lang="en">
<title>UK: Dirty tankers fixtures/enquiries.</title>
<headline>Dirty tankers fixtures/enquiries.</headline>
<dateline>LONDON 1997-07-16</dateline>
<text>
<p>Latest fixtures:</p>
<p>- MIDEAST/RED SEA</p>
<p>Berge Broker	350 early Aug Kharg/Red Sea    W75   NITC</p>
<p>Front Lady	  260 10/8 Mideast/South Korea   W77.5 Hyundai</p>
<p>Millennia Jewel   260 10/8 Mideast/South Korea   W74   Hyundai</p>
<p>Energy Progress   260  9/8 Mideast/Bataan	  W74   Petron</p>
<p>Delos		 260 30/7 Mideast/Thailand	W77.5 Hanwha</p>
<p>Iran Nabi	   260 15/8 Red Sea/South Korea   W76   Ssangyong</p>
<p>Rome		  260 11/8 Yanbu+Gulf/S. Korea   W72.5 Hanwha</p>
<p>Chaumont	    250  4/8 Mideast/Singapore     W74   Stentex</p>
<p>Athenian Splendour 230 27/7 Mideast/Sriracha     W72.5 PTT</p>
<p>Fay		   230 29/7 Mideast/Taiwan	  W62.5 CPC</p>
<p>- ASIA/PACIFIC</p>
<p>Palm TBN	     85 29/7 Vungtao/EC Australia  W103  Chevron</p>
<p>Silver Iris	  80 30/7 Nanhai/Ulsan	 $280,000 COIC</p>
<p>TK TBN		 80 19/7 Santan/Singapore	RNR   Mobil</p>
<p>Tomis Providence   80 30/7 Seria/Inchon	    RNR   Hanwha</p>
<p>Sanko Pageant	80 30/7 Kerteh/Sriracha	 RNR   Thaioil</p>
<p>Palm TBN	     72 30/7 Seria+Miri/Inchon     W130  Hanwha</p>
<p>Magpie		 60 18/7 STS Yosu/Inchon	 RNR   Hanwha</p>
<p>- MED/BLACK SEA</p>
<p>Kuban		 130  4/8 Sidi Kreir/Portugal   W75   Petrogal</p>
<p>Croatian TBN	 80 31/7 Banias/Trieste	  W120  Conoco</p>
<p>Montrose	     80 23/7 2CVs Bejaia/Fos	 W120  Elf</p>
<p>Nissos Delos	 80 30/7 Banias/Italy	    W122.5 ERG</p>
<p>Pindar		 50 20/7 Black Sea/Med	 W150 T. Chevroil</p>
<p>- U.K./CONT</p>
<p>Maple		 135 27/7 Tees/Med		  W85   Total</p>
<p>Colouthros	   80 25/7 Sture/UKC		 W95   Elf</p>
<p>Centaur		80 20/7 Sullom Voe/UKC	  RNR   Shell</p>
<p>Sidelia		80 29/7 Hamble/UKC		W97.5 Total</p>
<p>Alexandros	   80 26/7 WC Norway/UKC	   W95   Elf</p>
<p>- WEST AFRICA</p>
<p>White Sea	   130  3/8 West Africa/USAC	RNR   Sun</p>
<p>Sun		   130  4/8 West Africa/USAC	W82.5 Emerald</p>
<p>TBN		   130  4/8 West Africa/USAC	RNR   Sun</p>
<p>- FUEL OIL</p>
<p>Stavronisi	   50 22/7 Baltic/USAC-USG    W170-165 Koch</p>
<p>Fratelli d'Alesio  30 26/7 Black Sea/Med	 W150 Continental</p>
<p>Primera		30 20/7 Cartagena/Coruna  $185,000 Repsol</p>
<p>Petr Shmidt	  25  -/7 Baltic/UKC	    W210   Russian</p>
<p>- ENQUIRIES</p>
<p>- MIDEAST/RED SEA</p>
<p>Tupras		300 NHC  Kharg/Red Sea	   6-8/8</p>
<p>KPC		   VLCC     Mideast/west	    12/8</p>
<p>Banoco		80	 Mideast/Singapore     24-26/7</p>
<p>HHP pvte	    110-120  Red Sea/east-west     28-30/7</p>
<p>- ASIA/PACIFIC</p>
<p>Petronas	    380,000 barrels Kerteh/Malacca 21-23/7</p>
<p>						  tender closes 18/7</p>
<p>- MED/BLACK SEA</p>
<p>NOC		   80	 Marsa el-Hariga/Zawia 25-27/7</p>
<p>BP		    80	 Arzew/Lavera	    ppt</p>
<p>have to substitute Alandia Lynx, fixed on subjects</p>
<p>Repsol		80	 Libya/Med		 29-31/7</p>
<p>Sinochem	    80	 Ras Lanuf/Croatia     23-25/7</p>
<p>- U.K./CONT</p>
<p>Galbraith	   70 FO    Cont/Med		  25-30/7</p>
<p>- WEST AFRICA</p>
<p>Shell		130	 West Africa/options   28-30/7</p>
<p>- TIME CHARTER</p>
<p>Pvte     Panamax 6/6 months del/redel Caribs ppt on trading</p>
<p>Caribs include Cuba - EC Sam/WC Sam/WCSA/WAfr</p>
<p>PDV	Panamax 3/3/3 months del Caribs early Aug</p>
<p>-----------------------------------</p>
<p>- MIDEAST/RED SEA</p>
<p>Marine Pacific    400  4/8 Mideast/Red Sea	 W70   Exxon</p>
<p>Alexita	     270 12/8 Mideast/USG-UKC	 W2.5-65 KPC</p>
<p>Delos		 260 27/7 Mideast/Thai	    W77.5 PTT</p>
<p>Golar Glasgow     266  6/8 Ash Shihr-Mideast/S.Korea W76 Hanwha</p>
<p>Golden Stream     252  5/8 Mideast/Japan	   W76   Idemitsu</p>
<p>Messiniakos	 125  7/8 Mideast/China	   W85   Chinese</p>
<p>Paola		 130 27/7 Ras Isa/China	   RNR   ENCL</p>
<p>- ASIA/PACIFIC</p>
<p>Kent		   80 30/7 Indonesia/South Korea RNR  LG Caltex</p>
<p>TK TBN		 72 28/7 Seria/Yosu		W130 Hanwha</p>
<p>Frixos		 84 27/7 Kumul/Brisbane	  W100 Chevron</p>
<p>- MED/BLACK SEA</p>
<p>Alandia Force     130 30/7 Sidi Kreir/Sines	W81  Petrogal</p>
<p>Kuban		 130  3/8 Sidi Kreir/Sines	W75  Petrogal</p>
<p>Zeus		80 18/7 Tarragona+Lavera/USAC-USG RNR Scanports</p>
<p>- WEST AFRICA</p>
<p>Comor		 134  2/8 Quinfuquena/UKC	 W82.5 Total</p>
<p>Tanana		132  2/8 West Africa/west	W85   Elf</p>
<p>Alandia Force     130 end July West Africa/China RNR   Chinese</p>
<p>- U.K./CONT</p>
<p>Manhattan	    80 26/7 Hound Point/UKC	 W95    DEA</p>
<p>Channel Dragon     80 29/8 Hound Point/UKC	 W102.5 Total</p>
<p>Stavanger Boss     80 27/8 Hound Point/Cont	W97.5  Elf</p>
<p>Alexandros	   80 25/8 EC UK/Cont		W95    Elf</p>
<p>Katja		  80 28/8 Flotta/Rotterdam	W102.5 Total</p>
<p>SKS Tagus	    77 22/7 Ventspils/UKC	   W105 Petroleum</p>
<p>- WESTERN HEMISPHERE</p>
<p>Isola Blu	    80 early Aug Jose/Japan	 RNR Mitsubishi</p>
<p>Neptune Otome	74 30/7 St Eustatia/Delaware City W119.5 SPI</p>
<p>Eagle Lyria	  72 /7 Mexico/USG		  W121 Exxon</p>
<p>Wilmington	   72 22/7 Mexico/USG		W116 Mobil</p>
<p>Beryl		  70 26/7 Mexico/USG	     W127.5 Marathon</p>
<p>Quasar		 70 24/7 3 CVs Caribs/USG	RNR  Lyondell</p>
<p>Columbus	     50 18/7 Caribs/USG-USAC	 W160 Texaco</p>
<p>Vicky I		57 20/7 Mamonal/USAC	    W140 Emerald</p>
<p>Four Seas	    50 16/7 Caripito/Bonaire	W138 PDV</p>
<p>Sea Music III	50 23/7 Guatemala/Texas City  W185 Amoco</p>
<p>- TIME CHARTER</p>
<p>British Success ('84) 127,965 dwt 12 mos $18,200/day Petrobras</p>
<p>- ENQUIRIES:</p>
<p>Tupras	298     Kharg/Red Sea	     6-8/8</p>
<p>Toktank exp VLCC    Mideast/Japan	     9-10/8</p>
<p>Hyundai     VLCC    Mideast/South Korea     10/8</p>
<p>KPC	   80  FO  Mideast/east		21-22/7</p>
<p>Petronas    380,000 barrels Kerteh/Malacca  21-23/7</p>
<p>Repsol	80	Libya/Med		   29-30/7</p>
<p>Ceypetco    60	Miri/Sri Lanka	    1-2/8</p>
</text>
<copyright>(c) Reuters Limited 1997</copyright>
<metadata>
<codes class="bip:countries:1.0">
  <code code="UK">
    <editdetail attribution="Reuters BIP Coding Group" action="confirmed" date="1997-07-16"/>
  </code>
</codes>
<codes class="bip:topics:1.0">
  <code code="M14">
    <editdetail attribution="Reuters BIP Coding Group" action="confirmed" date="1997-07-16"/>
  </code>
  <code code="MCAT">
    <editdetail attribution="Reuters BIP Coding Group" action="confirmed" date="1997-07-16"/>
  </code>
</codes>
<dc element="dc.date.created" value="1997-07-16"/>
<dc element="dc.publisher" value="Reuters Holdings Plc"/>
<dc element="dc.date.published" value="1997-07-16"/>
<dc element="dc.source" value="Reuters"/>
<dc element="dc.creator.location" value="LONDON"/>
<dc element="dc.creator.location.country.name" value="UK"/>
<dc element="dc.source" value="Reuters"/>
</metadata>
</newsitem>
