<?xml version="1.0" encoding="iso-8859-1" ?>
<newsitem itemid="792634" id="root" date="1997-08-12" xml:lang="en">
<title>CANADA: Canadian bonds end weaker, yield curve steepens.</title>
<headline>Canadian bonds end weaker, yield curve steepens.</headline>
<dateline>TORONTO 1997-08-12</dateline>
<text>
<p>Canadian bonds closed weaker on Tuesday with the yield curve steepening slightly, as the market took much of its direction from weakness in U.S. treasuries, analysts said.</p>
<p>&quot;It seems to be the weakness in the U.S. Treasury market,&quot; said Dawn Desjardins, a fixed-income analyst with J.P. Morgan Canada. &quot;As well I think that people are unwinding some curve- flattening trades.&quot;</p>
<p>Canada's 30-year benchmark bond rose C$0.78 to C$118.05 to yield 6.605 percent.  </p>
<p>The U.S. 30-year bond fell 14/32 to yield 6.68 percent. The negative spread between the bonds widened to eight basis points from seven basis points at Monday's close.</p>
<p>Canadian bonds, which opened stronger, turned lower late in the session with U.S. treasuries after the release of a stronger than expected Redbook report in the United States.</p>
<p>Investors in both markets are now seen focusing on two key U.S. economic reports out on Wednesday. The U.S. retail sales report and producer price index for July are seen as important indicators of both growth and inflation presssures.  </p>
<p>In money market trade, this afternoon's auction of C$4.3 billion in Government of Canada T-bills was well bid.</p>
<p>But dealers said the short-end of the yield curve is distorted by a squeeze which has taken place in the one-year cash T-bill. The one-year cash bill is trading with a yield of 3.95 percent, compared with a 4.21 percent yield for the one-year when-issued contract.</p>
<p>&quot;Someone has basically bought them all as WI's,&quot; said one T-bill trader with a bank-owned brokerage. &quot;Today as people scrambled to try to cover they just became ridiculous.&quot;  </p>
<p>In other prices, Canada's 10-year benchmark bond fell C$0.38 to C$108.50 to yield 6.083 percent. The U.S. 10-year bond fell 8/32 to yield 6.40 percent.</p>
<p>The negative spread between the bonds narrowed to 32 basis points from 33 basis points at Monday's close.</p>
<p>The 10-year Canadian government bond futures contract trading on the Montreal Exchange closed down 0.20 to 119.08 with 4558 contracts traded, up from 4112 yesterday.</p>
<p>((Jeffrey Hodgson (416) 941-8105, e-mail: jeffrey.hodgson@reuters.com))</p>
</text>
<copyright>(c) Reuters Limited 1997</copyright>
<metadata>
<codes class="bip:countries:1.0">
  <code code="CANA">
    <editdetail attribution="Reuters BIP Coding Group" action="confirmed" date="1997-08-12"/>
  </code>
</codes>
<codes class="bip:topics:1.0">
  <code code="M12">
    <editdetail attribution="Reuters BIP Coding Group" action="confirmed" date="1997-08-12"/>
  </code>
  <code code="MCAT">
    <editdetail attribution="Reuters BIP Coding Group" action="confirmed" date="1997-08-12"/>
  </code>
</codes>
<dc element="dc.date.created" value="1997-08-12"/>
<dc element="dc.publisher" value="Reuters Holdings Plc"/>
<dc element="dc.date.published" value="1997-08-12"/>
<dc element="dc.source" value="Reuters"/>
<dc element="dc.creator.location" value="TORONTO"/>
<dc element="dc.creator.location.country.name" value="CANADA"/>
<dc element="dc.source" value="Reuters"/>
</metadata>
</newsitem>
