<?xml version="1.0" encoding="iso-8859-1" ?>
<newsitem itemid="792649" id="root" date="1997-08-12" xml:lang="en">
<title>USA: NY metals futures est. volumes - 1400 - Aug 12.</title>
<headline>NY metals futures est. volumes - 1400 - Aug 12.</headline>
<text>
<p>Time	 0900 hr 1000   1100   1200   1300   1400  final</p>
<p>GOLD	 3500    8000  13000  15000  21000  24000</p>
<p>SILVER     3000    5000   7000   9000  11000  12000</p>
<p>COPPER     1200    2000   3000   3500   4000   ****</p>
<p>PALLADIUM  ****    ****    231    261    282    302</p>
<p>PLATINUM   ****    ****    683    769    781    827</p>
</text>
<copyright>(c) Reuters Limited 1997</copyright>
<metadata>
<codes class="bip:countries:1.0">
  <code code="USA">
    <editdetail attribution="Reuters BIP Coding Group" action="confirmed" date="1997-08-12"/>
  </code>
</codes>
<codes class="bip:topics:1.0">
  <code code="M14">
    <editdetail attribution="Reuters BIP Coding Group" action="confirmed" date="1997-08-12"/>
  </code>
  <code code="M142">
    <editdetail attribution="Reuters BIP Coding Group" action="confirmed" date="1997-08-12"/>
  </code>
  <code code="MCAT">
    <editdetail attribution="Reuters BIP Coding Group" action="confirmed" date="1997-08-12"/>
  </code>
</codes>
<dc element="dc.publisher" value="Reuters Holdings Plc"/>
<dc element="dc.date.published" value="1997-08-12"/>
<dc element="dc.source" value="Reuters"/>
<dc element="dc.creator.location.country.name" value="USA"/>
<dc element="dc.source" value="Reuters"/>
</metadata>
</newsitem>
