<?xml version="1.0" encoding="iso-8859-1" ?>
<newsitem itemid="792627" id="root" date="1997-08-12" xml:lang="en">
<title>EU: Official Journal contents - OJ L 217 of August 8, 1997.</title>
<headline>Official Journal contents - OJ L 217 of August 8, 1997.</headline>
<text>
<p>*</p>
<p>Statement of revenue and expenditure of the European Centre for the Development of Vocational Training (Cedefop) for the financial year 1997 END OF DOCUMENT.</p>
</text>
<copyright>(c) Reuters Limited 1997</copyright>
<metadata>
<codes class="bip:countries:1.0">
  <code code="EEC">
    <editdetail attribution="Reuters BIP Coding Group" action="confirmed" date="1997-08-12"/>
  </code>
</codes>
<codes class="bip:topics:1.0">
  <code code="G15">
    <editdetail attribution="Reuters BIP Coding Group" action="confirmed" date="1997-08-12"/>
  </code>
  <code code="GCAT">
    <editdetail attribution="Reuters BIP Coding Group" action="confirmed" date="1997-08-12"/>
  </code>
</codes>
<dc element="dc.publisher" value="Reuters Holdings Plc"/>
<dc element="dc.date.published" value="1997-08-12"/>
<dc element="dc.source" value="Reuters"/>
<dc element="dc.creator.location.country.name" value="EU"/>
<dc element="dc.source" value="Reuters"/>
</metadata>
</newsitem>
