<?xml version="1.0" encoding="iso-8859-1" ?>
<newsitem itemid="792651" id="root" date="1997-08-12" xml:lang="en">
<title>USA: US gasoline strength leads IPE oil futures higher=.</title>
<headline>US gasoline strength leads IPE oil futures higher=.</headline>
<text>
<p>Weekly American Petroleum Institute data are due for release after the market closes tonight. In recent weeks there has been heavy buying of gasoline in anticipation of bullish stock draws, in the hours before the data appears.</p>
<p>Earlier Brent and gas oil were positive, buoyed by technical factors. The markets shed the effect of Monday's announcement by Iraq that it hoped to export 30 million barrels of crude by the end of August.</p>
<p>Brent's next upside target was seen at $18.80, with analysts saying that even if that level was not breached they still expected a further consolidation before long term gains.</p>
<p>&quot;It (Brent) requires an increase in momentum to get above this level ($18.80) in the very short term,&quot; said brokers GNI in its market report.</p>
<p>&quot;Overall its a case of 'wait and see' in the short term but the medium term charts still look okay for the crude oil bulls,&quot; it added.</p>
<p>-- Sean Maguire, London newsroom +44 171 542 8060</p>
</text>
<copyright>(c) Reuters Limited 1997</copyright>
<metadata>
<codes class="bip:countries:1.0">
  <code code="USA">
    <editdetail attribution="Reuters BIP Coding Group" action="confirmed" date="1997-08-12"/>
  </code>
</codes>
<codes class="bip:topics:1.0">
  <code code="M14">
    <editdetail attribution="Reuters BIP Coding Group" action="confirmed" date="1997-08-12"/>
  </code>
  <code code="M143">
    <editdetail attribution="Reuters BIP Coding Group" action="confirmed" date="1997-08-12"/>
  </code>
  <code code="MCAT">
    <editdetail attribution="Reuters BIP Coding Group" action="confirmed" date="1997-08-12"/>
  </code>
</codes>
<dc element="dc.publisher" value="Reuters Holdings Plc"/>
<dc element="dc.date.published" value="1997-08-12"/>
<dc element="dc.source" value="Reuters"/>
<dc element="dc.creator.location.country.name" value="USA"/>
<dc element="dc.source" value="Reuters"/>
</metadata>
</newsitem>
