<?xml version="1.0" encoding="iso-8859-1" ?>
<newsitem itemid="792675" id="root" date="1997-08-12" xml:lang="en">
<title>USA: TABLE - Angeles Q2 net profit vs loss.</title>
<headline>TABLE - Angeles Q2 net profit vs loss.</headline>
<dateline>GREENWICH, Conn. 1997-08-12</dateline>
<text>
<p>1997			1996</p>
<p> Shr profit		 $0.01     loss	 $0.02</p>
<p> Net profit		     5     loss	    59</p>
<p> Revs			   220			 21</p>
<p>	  SIX MONTHS</p>
<p> Shr profit		 $0.01     loss	 $0.10</p>
<p> Net profit		    23     loss	   256</p>
<p> Revs			   460			 29</p>
<p>(All data above 000s except per share numbers)</p>
<p>NOTE: Full name of company is Angeles Participating Mortgage Trust.</p>
<p>The per share value pertains to the company's class A share.</p>
</text>
<copyright>(c) Reuters Limited 1997</copyright>
<metadata>
<codes class="bip:countries:1.0">
  <code code="USA">
    <editdetail attribution="Reuters BIP Coding Group" action="confirmed" date="1997-08-12"/>
  </code>
</codes>
<codes class="bip:industries:1.0">
  <code code="I81502">
    <editdetail attribution="Reuters BIP Coding Group" action="confirmed" date="1997-08-12"/>
  </code>
  <code code="I8150206">
    <editdetail attribution="Reuters BIP Coding Group" action="confirmed" date="1997-08-12"/>
  </code>
</codes>
<codes class="bip:topics:1.0">
  <code code="C15">
    <editdetail attribution="Reuters BIP Coding Group" action="confirmed" date="1997-08-12"/>
  </code>
  <code code="C151">
    <editdetail attribution="Reuters BIP Coding Group" action="confirmed" date="1997-08-12"/>
  </code>
  <code code="CCAT">
    <editdetail attribution="Reuters BIP Coding Group" action="confirmed" date="1997-08-12"/>
  </code>
</codes>
<dc element="dc.date.created" value="1997-08-12"/>
<dc element="dc.publisher" value="Reuters Holdings Plc"/>
<dc element="dc.date.published" value="1997-08-12"/>
<dc element="dc.source" value="Reuters"/>
<dc element="dc.creator.location" value="GREENWICH, Conn."/>
<dc element="dc.creator.location.country.name" value="USA"/>
<dc element="dc.source" value="Reuters"/>
</metadata>
</newsitem>
