<?xml version="1.0" encoding="iso-8859-1" ?>
<newsitem itemid="792622" id="root" date="1997-08-12" xml:lang="en">
<title>EU: Official Journal contents - OJ L 220 of August 11, 1997.</title>
<headline>Official Journal contents - OJ L 220 of August 11, 1997.</headline>
<text>
<p>*</p>
<p>(Note - contents are displayed in reverse order to that in the printed Journal)</p>
<p>*</p>
<p>RULES OF PROCEDURE OF THE COMMITTEE OF AMBASSADORS (97/538/EC)</p>
<p>RULES OF PROCEDURE OF THE COUNCIL OF MINISTERS (97/537/EC)</p>
<p>DECISION No 2/97 OF THE ACP-EC COUNCIL OF MINISTERS of 24 April 1997 amending Protocol 1 to the fourth ACP-EC Convention of Lome to take account of changes to the harmonized commodity description and coding system and the adoption of rules of origin for petroleum products (97/536/EC)</p>
<p>DECISION No 1/97 OF THE ACP-EC COUNCIL OF MINISTERS of 24 April 1997 approving the Protocol governing the accession of the Republic of South Africa to the fourth ACP-EC Convention of Lome as amended by the Agreement signed in Mauritius on 4 November 1995 (97/535/EC) END OF DOCUMENT.</p>
</text>
<copyright>(c) Reuters Limited 1997</copyright>
<metadata>
<codes class="bip:countries:1.0">
  <code code="EEC">
    <editdetail attribution="Reuters BIP Coding Group" action="confirmed" date="1997-08-12"/>
  </code>
</codes>
<codes class="bip:topics:1.0">
  <code code="G15">
    <editdetail attribution="Reuters BIP Coding Group" action="confirmed" date="1997-08-12"/>
  </code>
  <code code="GCAT">
    <editdetail attribution="Reuters BIP Coding Group" action="confirmed" date="1997-08-12"/>
  </code>
</codes>
<dc element="dc.publisher" value="Reuters Holdings Plc"/>
<dc element="dc.date.published" value="1997-08-12"/>
<dc element="dc.source" value="Reuters"/>
<dc element="dc.creator.location.country.name" value="EU"/>
<dc element="dc.source" value="Reuters"/>
</metadata>
</newsitem>
