<?xml version="1.0" encoding="iso-8859-1" ?>
<newsitem itemid="792690" id="root" date="1997-08-12" xml:lang="en">
<title>USA: Charter One, RCSB merger clears SEC.</title>
<headline>Charter One, RCSB merger clears SEC.</headline>
<dateline>CLEVELAND 1997-08-12</dateline>
<text>
<p>Charter One Financial Inc and RCSB Financial Inc said Tuesday that their proposed merger has been cleared by the Securities and Exchange Commission.</p>
<p>The proposed merger between Charter One and RCSB remains subject to approval by shareholders of both companies.</p>
<p>The merger also is pending approval by the Office of Thrift Supervision and the New York Superintendent of Banks, they said. If the deal is cleared by regulatory authorities and shareholders, it is expected to be closed as early as October 3, the companies said.</p>
<p>((-- New York Newsdesk 212-859-1610))</p>
</text>
<copyright>(c) Reuters Limited 1997</copyright>
<metadata>
<codes class="bip:countries:1.0">
  <code code="USA">
    <editdetail attribution="Reuters BIP Coding Group" action="confirmed" date="1997-08-12"/>
  </code>
</codes>
<codes class="bip:industries:1.0">
  <code code="I81501">
    <editdetail attribution="Reuters BIP Coding Group" action="confirmed" date="1997-08-12"/>
  </code>
  <code code="I8150103">
    <editdetail attribution="Reuters BIP Coding Group" action="confirmed" date="1997-08-12"/>
  </code>
</codes>
<codes class="bip:topics:1.0">
  <code code="C18">
    <editdetail attribution="Reuters BIP Coding Group" action="confirmed" date="1997-08-12"/>
  </code>
  <code code="C181">
    <editdetail attribution="Reuters BIP Coding Group" action="confirmed" date="1997-08-12"/>
  </code>
  <code code="C34">
    <editdetail attribution="Reuters BIP Coding Group" action="confirmed" date="1997-08-12"/>
  </code>
  <code code="CCAT">
    <editdetail attribution="Reuters BIP Coding Group" action="confirmed" date="1997-08-12"/>
  </code>
</codes>
<dc element="dc.date.created" value="1997-08-12"/>
<dc element="dc.publisher" value="Reuters Holdings Plc"/>
<dc element="dc.date.published" value="1997-08-12"/>
<dc element="dc.source" value="Reuters"/>
<dc element="dc.creator.location" value="CLEVELAND"/>
<dc element="dc.creator.location.country.name" value="USA"/>
<dc element="dc.source" value="Reuters"/>
</metadata>
</newsitem>
