<?xml version="1.0" encoding="iso-8859-1" ?>
<newsitem itemid="792665" id="root" date="1997-08-12" xml:lang="en">
<title>USA: TABLE - Hallwood Realty Partners LP Q2 net.</title>
<headline>TABLE - Hallwood Realty Partners LP Q2 net.</headline>
<dateline>DALLAS 1997-08-12</dateline>
<text>
<p>Three months ended  Six months ended</p>
<p>					  June 30,	   June 30,</p>
<p>				 1997	 1996	1997	 1996</p>
<p> Total revenues	$ 13,443    $12,258   $26,351   $ 24,690</p>
<p> Total expenses	  12,507     14,582    25,347     29,534</p>
<p> Net income (loss)	  936    (2,324)     1,004    (4,844)</p>
<p>Net income (loss)</p>
<p>  per unit		    .55     (1.35)	 .59     (2.78)</p>
<p>Weighted average</p>
<p>  units outstanding     1,673	1,699     1,673	1,724</p>
<p>NOTE: 1996 results reflect higher depreciation.</p>
<p>-- New York Newsdesk 212 859-1610</p>
</text>
<copyright>(c) Reuters Limited 1997</copyright>
<metadata>
<codes class="bip:countries:1.0">
  <code code="USA">
    <editdetail attribution="Reuters BIP Coding Group" action="confirmed" date="1997-08-12"/>
  </code>
</codes>
<codes class="bip:industries:1.0">
  <code code="I85000">
    <editdetail attribution="Reuters BIP Coding Group" action="confirmed" date="1997-08-12"/>
  </code>
</codes>
<codes class="bip:topics:1.0">
  <code code="C15">
    <editdetail attribution="Reuters BIP Coding Group" action="confirmed" date="1997-08-12"/>
  </code>
  <code code="C151">
    <editdetail attribution="Reuters BIP Coding Group" action="confirmed" date="1997-08-12"/>
  </code>
  <code code="CCAT">
    <editdetail attribution="Reuters BIP Coding Group" action="confirmed" date="1997-08-12"/>
  </code>
</codes>
<dc element="dc.date.created" value="1997-08-12"/>
<dc element="dc.publisher" value="Reuters Holdings Plc"/>
<dc element="dc.date.published" value="1997-08-12"/>
<dc element="dc.source" value="Reuters"/>
<dc element="dc.creator.location" value="DALLAS"/>
<dc element="dc.creator.location.country.name" value="USA"/>
<dc element="dc.source" value="Reuters"/>
</metadata>
</newsitem>
