<?xml version="1.0" encoding="iso-8859-1" ?>
<newsitem itemid="792653" id="root" date="1997-08-12" xml:lang="en">
<title>USA: Deere says sees strong demand, '97 volume.</title>
<headline>Deere says sees strong demand, '97 volume.</headline>
<dateline>MOLINE 1997-08-12</dateline>
<text>
<p>Deere &amp; Co said Tuesday it sees strong demand for its agricultural and construction equipment in 1997, and that its planned comparable physical sales volume is expected to increase by 11 percent over 1996, a larger gain than previously expected.</p>
<p>It also said it increased its fourth-quarter 1997 comparable physical volume of sales, which is expected to be eight percent above the year-ago period, said Hans Becherer, Deere &amp; Co chairman and chief executive officer, in an earnings release.  </p>
<p>&quot;The company's excellent financial results and the continued strong demand for our products provide a solid base for future operations,&quot; Becherer said. &quot;Based on these factors, we expect continued excellent operations performance.&quot;</p>
<p>He also said negotiations are underway with the United Auto Workers (UAW) on a new labor agreement to replace the current agreement that expires Oct 1, 1997.</p>
<p>&quot;It is premature to determine the results of these discussions,&quot; Becherer said.</p>
<p>Deere &amp; Co reported third-quarter earnings of $1.00 per share versus $0.79 in the year-ago period. It said third-quarter sales and revenues rose 18 percent to $3.43 billion from $2.90 billion.</p>
<p>-- ((Reuters Chicago Newsdesk (312) 408-8787))</p>
</text>
<copyright>(c) Reuters Limited 1997</copyright>
<metadata>
<codes class="bip:countries:1.0">
  <code code="USA">
    <editdetail attribution="Reuters BIP Coding Group" action="confirmed" date="1997-08-12"/>
  </code>
</codes>
<codes class="bip:industries:1.0">
  <code code="I32100">
    <editdetail attribution="Reuters BIP Coding Group" action="confirmed" date="1997-08-12"/>
  </code>
</codes>
<codes class="bip:topics:1.0">
  <code code="C15">
    <editdetail attribution="Reuters BIP Coding Group" action="confirmed" date="1997-08-12"/>
  </code>
  <code code="C152">
    <editdetail attribution="Reuters BIP Coding Group" action="confirmed" date="1997-08-12"/>
  </code>
  <code code="C31">
    <editdetail attribution="Reuters BIP Coding Group" action="confirmed" date="1997-08-12"/>
  </code>
  <code code="CCAT">
    <editdetail attribution="Reuters BIP Coding Group" action="confirmed" date="1997-08-12"/>
  </code>
</codes>
<dc element="dc.date.created" value="1997-08-12"/>
<dc element="dc.publisher" value="Reuters Holdings Plc"/>
<dc element="dc.date.published" value="1997-08-12"/>
<dc element="dc.source" value="Reuters"/>
<dc element="dc.creator.location" value="MOLINE"/>
<dc element="dc.creator.location.country.name" value="USA"/>
<dc element="dc.source" value="Reuters"/>
</metadata>
</newsitem>
