<?xml version="1.0" encoding="iso-8859-1" ?>
<newsitem itemid="792637" id="root" date="1997-08-12" xml:lang="en">
<title>CANADA: Imperial Oil raises posted oil prices.</title>
<headline>Imperial Oil raises posted oil prices.</headline>
<dateline>CALGARY 1997-08-12</dateline>
<text>
<p>Imperial Oil Ltd said on Tuesday it raised the price it would pay for some grades of crude oil by C$4.00/cubic metre or C$0.64/barrel, effective immediately.</p>
<p>The new prices were listed as follows:</p>
<p>Edmonton light sweet C$171.00/cubic metre, or C$27.19/barrel Cromer light sour C$163.00/cubic metre, or C$25.91/barrel Bow River at Hardisty C$135.00/cubic metre, or C$21.46/barrel Midale at Cromer C$149.00/cubic metre, or C$23.69/barrel</p>
<p>((Reuters Calgary Bureau (403) 531-1624))</p>
</text>
<copyright>(c) Reuters Limited 1997</copyright>
<metadata>
<codes class="bip:countries:1.0">
  <code code="CANA">
    <editdetail attribution="Reuters BIP Coding Group" action="confirmed" date="1997-08-12"/>
  </code>
</codes>
<codes class="bip:topics:1.0">
  <code code="M14">
    <editdetail attribution="Reuters BIP Coding Group" action="confirmed" date="1997-08-12"/>
  </code>
  <code code="M143">
    <editdetail attribution="Reuters BIP Coding Group" action="confirmed" date="1997-08-12"/>
  </code>
  <code code="MCAT">
    <editdetail attribution="Reuters BIP Coding Group" action="confirmed" date="1997-08-12"/>
  </code>
</codes>
<dc element="dc.date.created" value="1997-08-12"/>
<dc element="dc.publisher" value="Reuters Holdings Plc"/>
<dc element="dc.date.published" value="1997-08-12"/>
<dc element="dc.source" value="Reuters"/>
<dc element="dc.creator.location" value="CALGARY"/>
<dc element="dc.creator.location.country.name" value="CANADA"/>
<dc element="dc.source" value="Reuters"/>
</metadata>
</newsitem>
