<?xml version="1.0" encoding="iso-8859-1" ?>
<newsitem itemid="792674" id="root" date="1997-08-12" xml:lang="en">
<title>USA: TABLE - Flanigan's Enterprises Q3 net rises.</title>
<headline>TABLE - Flanigan's Enterprises Q3 net rises.</headline>
<dateline>FORT LAUDERDALE, Fla. 1997-08-12</dateline>
<text>
<p>FLANIGAN'S ENTERPRISES, INC.</p>
<p>			     For the 13 wks	    For the 13 wks</p>
<p>				ended Jun 28,	     ended Jun 29,</p>
<p>					   1997			 1996</p>
<p>REVENUES</p>
<p>RESTAURANT FOOD AND</p>
<p>  BEVERAGE REVENUES	  $3,146,000		  $3,165,000</p>
<p>NON-RESTAURANT BAR</p>
<p>  REVENUES				---			   ---</p>
<p> PACKAGE GOODS REVENUES     1,580,000		   1,391,000</p>
<p> FRANCHISE REVENUES	     173,000		     153,000</p>
<p> OTHER OPERATING REVENUE	 57,000			74,000</p>
<p> TOTAL REVENUES		 4,956,000		   4,783,000</p>
<p> Net profit (loss)		253,000			91,000</p>
<p>NET INCOME (LOSS)</p>
<p>PER COMMON SHARE</p>
<p>    Primary			     .28			   .09</p>
<p>    Fully Diluted		     .28			   .09</p>
<p>			     For the 39 wks	    For the 39 wks</p>
<p>				ended Jun 28,	     ended Jun 29,</p>
<p>					   1997			 1996</p>
<p>RESTAURANT FOOD AND</p>
<p>    BEVERAGE REVENUES	$9,601,000		  $9,848,000</p>
<p>NON-RESTAURANT BAR</p>
<p>    REVENUES			    ---		     234,000</p>
<p> PACKAGE GOODS REVENUES     5,254,000		   4,823,000</p>
<p> FRANCHISE REVENUES	     441,000		     472,000</p>
<p> OTHER OPERATING REVENUE	215,000		     239,000</p>
<p> TOTAL REVENUES		15,511,000		  15,616,000</p>
<p> NET PROFIT		   928,000 (a)	    640,000 (b)(c)</p>
<p>NET INCOME PER COMMON SHARE</p>
<p>    Primary			    1.01			   .65</p>
<p>    Fully Diluted		    1.01			   .65</p>
<p>NOTE: a. Includes $50,000 of provision for uncollectible receivables.</p>
<p>b. Includes $105,000 of provision for uncollectible receivables.</p>
<p>c. Includes $113,000 of gain deferred from the sale of assets and recognized as a result of payment of related notes.</p>
<p>-- New York Newsdesk 212 859-1610</p>
</text>
<copyright>(c) Reuters Limited 1997</copyright>
<metadata>
<codes class="bip:countries:1.0">
  <code code="USA">
    <editdetail attribution="Reuters BIP Coding Group" action="confirmed" date="1997-08-12"/>
  </code>
</codes>
<codes class="bip:industries:1.0">
  <code code="I66100">
    <editdetail attribution="Reuters BIP Coding Group" action="confirmed" date="1997-08-12"/>
  </code>
</codes>
<codes class="bip:topics:1.0">
  <code code="C15">
    <editdetail attribution="Reuters BIP Coding Group" action="confirmed" date="1997-08-12"/>
  </code>
  <code code="C151">
    <editdetail attribution="Reuters BIP Coding Group" action="confirmed" date="1997-08-12"/>
  </code>
  <code code="CCAT">
    <editdetail attribution="Reuters BIP Coding Group" action="confirmed" date="1997-08-12"/>
  </code>
</codes>
<dc element="dc.date.created" value="1997-08-12"/>
<dc element="dc.publisher" value="Reuters Holdings Plc"/>
<dc element="dc.date.published" value="1997-08-12"/>
<dc element="dc.source" value="Reuters"/>
<dc element="dc.creator.location" value="FORT LAUDERDALE, Fla."/>
<dc element="dc.creator.location.country.name" value="USA"/>
<dc element="dc.source" value="Reuters"/>
</metadata>
</newsitem>
