<?xml version="1.0" encoding="iso-8859-1" ?>
<newsitem itemid="792790" id="root" date="1997-08-12" xml:lang="en">
<title>USA: U.S. Treasury balances at Fed rose Aug 11.</title>
<headline>U.S. Treasury balances at Fed rose Aug 11.</headline>
<dateline>WASHINGTON 1997-08-12</dateline>
<text>
<p>U.S. Treasury balances at Federal Reserve based on Treasury Department's latest budget statement.</p>
<p>			  (BILLIONS OF DLRS)</p>
<p>				   Aug 11		 Aug 8</p>
<p>Fed acct			 5.411		  4.763</p>
<p>Tax/loan note acct	  14.445		 13.134</p>
<p>Cash balance		  19.855		 18.897</p>
<p>	  ---</p>
<p>Total public debt,</p>
<p> subject to limit	5,286.683	     5,284.755</p>
<p>---</p>
<p>Treasury said individual income tax refunds valued at $6 million were issued and $165 million of corporate refunds were issued.</p>
</text>
<copyright>(c) Reuters Limited 1997</copyright>
<metadata>
<codes class="bip:countries:1.0">
  <code code="USA">
    <editdetail attribution="Reuters BIP Coding Group" action="confirmed" date="1997-08-12"/>
  </code>
</codes>
<codes class="bip:topics:1.0">
  <code code="E12">
    <editdetail attribution="Reuters BIP Coding Group" action="confirmed" date="1997-08-12"/>
  </code>
  <code code="E121">
    <editdetail attribution="Reuters BIP Coding Group" action="confirmed" date="1997-08-12"/>
  </code>
  <code code="E51">
    <editdetail attribution="Reuters BIP Coding Group" action="confirmed" date="1997-08-12"/>
  </code>
  <code code="E513">
    <editdetail attribution="Reuters BIP Coding Group" action="confirmed" date="1997-08-12"/>
  </code>
  <code code="ECAT">
    <editdetail attribution="Reuters BIP Coding Group" action="confirmed" date="1997-08-12"/>
  </code>
</codes>
<dc element="dc.date.created" value="1997-08-12"/>
<dc element="dc.publisher" value="Reuters Holdings Plc"/>
<dc element="dc.date.published" value="1997-08-12"/>
<dc element="dc.source" value="Reuters"/>
<dc element="dc.creator.location" value="WASHINGTON"/>
<dc element="dc.creator.location.country.name" value="USA"/>
<dc element="dc.source" value="Reuters"/>
</metadata>
</newsitem>
