<?xml version="1.0" encoding="iso-8859-1" ?>
<newsitem itemid="792791" id="root" date="1997-08-12" xml:lang="en">
<title>USA: Penske Motorsports plans Denver-area track.</title>
<headline>Penske Motorsports plans Denver-area track.</headline>
<dateline>DETROIT 1997-08-12</dateline>
<text>
<p>Penske Motorsports Inc said Tuesday it intends to seek approvals to build a new, permanent motorsports complex near the new Denver International Airport in Adams County, Colorado.</p>
<p>Penske said it has obtained an option agreement to purchase a 640-acre parcel for the project, located about 15 miles from downtown Denver. Financial terms of the option agreement were not disclosed, but it allows Penske to conduct customary due diligence and to engage in pre-development activities necessary to gain approval for the construction and operation of the race track.  </p>
<p>Penske Motorsports, controlled by Detroit transportation mogul Roger Penske, owns large speedways in Brooklyn, Mich., Nazareth, Pa. and Fontana Calif., and recently obtained a majority interest in the North Carolina Motor Speedway near Rockingham, N.C.</p>
<p>The company also holds a 40 percent interest in Homestead-Miami Speedway in Florida and a minority interest in the Grand Prix Association of Long Beach Inc.</p>
<p>The company's tracks hold automobile races sponsored by both the National Association of Stock Car Racing (NASCAR) and the open-wheeled Championship Auto Racing Teams (CART).</p>
</text>
<copyright>(c) Reuters Limited 1997</copyright>
<metadata>
<codes class="bip:countries:1.0">
  <code code="USA">
    <editdetail attribution="Reuters BIP Coding Group" action="confirmed" date="1997-08-12"/>
  </code>
</codes>
<codes class="bip:industries:1.0">
  <code code="I97911">
    <editdetail attribution="Reuters BIP Coding Group" action="confirmed" date="1997-08-12"/>
  </code>
</codes>
<codes class="bip:topics:1.0">
  <code code="C13">
    <editdetail attribution="Reuters BIP Coding Group" action="confirmed" date="1997-08-12"/>
  </code>
  <code code="C24">
    <editdetail attribution="Reuters BIP Coding Group" action="confirmed" date="1997-08-12"/>
  </code>
  <code code="CCAT">
    <editdetail attribution="Reuters BIP Coding Group" action="confirmed" date="1997-08-12"/>
  </code>
</codes>
<dc element="dc.date.created" value="1997-08-12"/>
<dc element="dc.publisher" value="Reuters Holdings Plc"/>
<dc element="dc.date.published" value="1997-08-12"/>
<dc element="dc.source" value="Reuters"/>
<dc element="dc.creator.location" value="DETROIT"/>
<dc element="dc.creator.location.country.name" value="USA"/>
<dc element="dc.source" value="Reuters"/>
</metadata>
</newsitem>
