<?xml version="1.0" encoding="iso-8859-1" ?>
<newsitem itemid="792792" id="root" date="1997-08-12" xml:lang="en">
<title>USA: TABLE - Hughes Supply Inc Q2 net rises.</title>
<headline>TABLE - Hughes Supply Inc Q2 net rises.</headline>
<dateline>ORLANDO, Fla. 1997-08-12</dateline>
<text>
<p>Hughes Supply, Inc.</p>
<p>Consolidated Statements of Income</p>
<p>(unaudited)</p>
<p>(in thousands, except per share data)</p>
<p>				 Three months ended  Six months ended</p>
<p>					  July 31,	  July 31,</p>
<p>			     1997	  1996*	1997	1996*</p>
<p> Net Sales	    $461,394    $395,817  $882,779   $745,317</p>
<p> Cost of Sales	 361,528     314,221   693,752    594,378</p>
<p> Gross Profit	   99,866	81,596   189,027    150,939</p>
<p>Operating Expenses:</p>
<p>Selling, general</p>
<p>and administrative</p>
<p>			    71,905	60,422   140,579    116,661</p>
<p>Depreciation and</p>
<p>   amortization	  4,308	 3,789     8,848	6,532</p>
<p>Provision for</p>
<p>   doubtful accounts     163	   832	 507	1,683</p>
<p>Total operating</p>
<p>     expenses	   76,376	65,043   149,934    124,876</p>
<p> Operating Income     23,490	16,553    39,093     26,063</p>
<p>Non-Operating Income</p>
<p>and (Expenses):</p>
<p>Interest and other</p>
<p>  income		   1,246	 2,013     2,480	3,608</p>
<p> Interest expense    (4,433)     (3,465)   (8,414)    (5,926)</p>
<p>			   (3,187)     (1,452)   (5,934)    (2,318)</p>
<p>Income Before Income</p>
<p>  Taxes		   20,303	15,101    33,159     23,745</p>
<p> Income Taxes	    8,020	 5,903    13,099	9,024</p>
<p> Net Income	     12,283	 9,198    20,060     14,721</p>
<p>Earnings Per Share:</p>
<p>  Primary		    .68	   .58	1.12	 1.01</p>
<p>  Fully diluted	    .68	   .58	1.12	 1.01</p>
<p>Average Shares</p>
<p>Outstanding:</p>
<p>   Primary		18,068	15,971    17,949     14,504</p>
<p>   Fully diluted	18,078	15,975    17,991     14,522</p>
<p> Dividends Per Share    .075	   .06	.148	  .12</p>
<p>*Adjusted to reflect fiscal 1997 poolings of interests.</p>
<p>((-- New York Newsdesk 212 859-1610))</p>
</text>
<copyright>(c) Reuters Limited 1997</copyright>
<metadata>
<codes class="bip:countries:1.0">
  <code code="USA">
    <editdetail attribution="Reuters BIP Coding Group" action="confirmed" date="1997-08-12"/>
  </code>
</codes>
<codes class="bip:industries:1.0">
  <code code="I61000">
    <editdetail attribution="Reuters BIP Coding Group" action="confirmed" date="1997-08-12"/>
  </code>
</codes>
<codes class="bip:topics:1.0">
  <code code="C15">
    <editdetail attribution="Reuters BIP Coding Group" action="confirmed" date="1997-08-12"/>
  </code>
  <code code="C151">
    <editdetail attribution="Reuters BIP Coding Group" action="confirmed" date="1997-08-12"/>
  </code>
  <code code="CCAT">
    <editdetail attribution="Reuters BIP Coding Group" action="confirmed" date="1997-08-12"/>
  </code>
</codes>
<dc element="dc.date.created" value="1997-08-12"/>
<dc element="dc.publisher" value="Reuters Holdings Plc"/>
<dc element="dc.date.published" value="1997-08-12"/>
<dc element="dc.source" value="Reuters"/>
<dc element="dc.creator.location" value="ORLANDO, Fla."/>
<dc element="dc.creator.location.country.name" value="USA"/>
<dc element="dc.source" value="Reuters"/>
</metadata>
</newsitem>
