<?xml version="1.0" encoding="iso-8859-1" ?>
<newsitem itemid="792771" id="root" date="1997-08-12" xml:lang="en">
<title>USA: Archer Daniels cuts Pilgrim's Pride stake.</title>
<headline>Archer Daniels cuts Pilgrim's Pride stake.</headline>
<dateline>WASHINGTON 1997-08-12</dateline>
<text>
<p>Archer-Daniels-Midland Co said Tuesday it has reduced its stake in Pilgrim's Pride Corp to 6.38 percent, or 1,761,382 shares.</p>
<p>In a filing with the U.S. Securities and Exchange Commission, the Decatur, Ill, food conglomerate said it sold 3,753,518 shares in Pilgrim's Pride, a Pittsburg, Texas, chicken producer, on July 22 at $11.625 each.</p>
</text>
<copyright>(c) Reuters Limited 1997</copyright>
<metadata>
<codes class="bip:countries:1.0">
  <code code="USA">
    <editdetail attribution="Reuters BIP Coding Group" action="confirmed" date="1997-08-12"/>
  </code>
</codes>
<codes class="bip:industries:1.0">
  <code code="I41000">
    <editdetail attribution="Reuters BIP Coding Group" action="confirmed" date="1997-08-12"/>
  </code>
</codes>
<codes class="bip:topics:1.0">
  <code code="C18">
    <editdetail attribution="Reuters BIP Coding Group" action="confirmed" date="1997-08-12"/>
  </code>
  <code code="C181">
    <editdetail attribution="Reuters BIP Coding Group" action="confirmed" date="1997-08-12"/>
  </code>
  <code code="CCAT">
    <editdetail attribution="Reuters BIP Coding Group" action="confirmed" date="1997-08-12"/>
  </code>
</codes>
<dc element="dc.date.created" value="1997-08-12"/>
<dc element="dc.publisher" value="Reuters Holdings Plc"/>
<dc element="dc.date.published" value="1997-08-12"/>
<dc element="dc.source" value="Reuters"/>
<dc element="dc.creator.location" value="WASHINGTON"/>
<dc element="dc.creator.location.country.name" value="USA"/>
<dc element="dc.source" value="Reuters"/>
</metadata>
</newsitem>
