<?xml version="1.0" encoding="iso-8859-1" ?>
<newsitem itemid="792766" id="root" date="1997-08-12" xml:lang="en">
<title>USA: TABLE-Green Mountain Q2 shr unchanged.</title>
<headline>TABLE-Green Mountain Q2 shr unchanged.</headline>
<dateline>SOUTH BURLINGTON, Vt. 1997-08-12</dateline>
<text>
<p>Second Quarter Summary</p>
<p>		(Numbers in Thousands Except Per Share Amounts)</p>
<p>		  Three Months	Six Months	Twelve Months</p>
<p>		Ended June 30,    Ended June 30,   Ended June 30,</p>
<p>		   1997    1996    1997    1996     1997     1996</p>
<p>Operating</p>
<p>Revenues $ 42,682$ 40,467$ 89,886$ 88,881 $180,014 $173,275</p>
<p> Net Income   1,230   1,024   4,545   5,088   11,416   11,373</p>
<p>Net Income</p>
<p>Applicable to</p>
<p>  Common Stock  856     834   3,796   4,709   10,036   10,610</p>
<p>Earnings per</p>
<p>Common Share</p>
<p>		   0.17    0.17    0.75    0.96     2.00     2.19</p>
<p> Avg shrs     5,096   4,911   5,070   4,885    5,026    4,839</p>
<p> Dividends     0.53    0.53    1.06    1.06     2.12     2.12</p>
<p>NOTE: Full name of company is Green Mountain Power Corp</p>
</text>
<copyright>(c) Reuters Limited 1997</copyright>
<metadata>
<codes class="bip:countries:1.0">
  <code code="USA">
    <editdetail attribution="Reuters BIP Coding Group" action="confirmed" date="1997-08-12"/>
  </code>
</codes>
<codes class="bip:industries:1.0">
  <code code="I16100">
    <editdetail attribution="Reuters BIP Coding Group" action="confirmed" date="1997-08-12"/>
  </code>
</codes>
<codes class="bip:topics:1.0">
  <code code="C15">
    <editdetail attribution="Reuters BIP Coding Group" action="confirmed" date="1997-08-12"/>
  </code>
  <code code="C151">
    <editdetail attribution="Reuters BIP Coding Group" action="confirmed" date="1997-08-12"/>
  </code>
  <code code="CCAT">
    <editdetail attribution="Reuters BIP Coding Group" action="confirmed" date="1997-08-12"/>
  </code>
</codes>
<dc element="dc.date.created" value="1997-08-12"/>
<dc element="dc.publisher" value="Reuters Holdings Plc"/>
<dc element="dc.date.published" value="1997-08-12"/>
<dc element="dc.source" value="Reuters"/>
<dc element="dc.creator.location" value="SOUTH BURLINGTON, Vt."/>
<dc element="dc.creator.location.country.name" value="USA"/>
<dc element="dc.source" value="Reuters"/>
</metadata>
</newsitem>
