<?xml version="1.0" encoding="iso-8859-1" ?>
<newsitem itemid="792720" id="root" date="1997-08-12" xml:lang="en">
<title>USA: TABLE - Florida Gaming Corp Q2 shr loss rises.</title>
<headline>TABLE - Florida Gaming Corp Q2 shr loss rises.</headline>
<dateline>MIAMI 1997-08-12</dateline>
<text>
<p>Three Months Ended	Six Months Ended</p>
<p>			 Jun 30,    Jun 30,     Jun 30,     Jun 30,</p>
<p>			   1997	 1996	  1997	  1996</p>
<p>HANDLE:</p>
<p>  Jai-Alai     $25,225,117$   795,457 $54,414,727 $ 3,665,582</p>
<p>Inter-Track</p>
<p>Wagering (ITW)</p>
<p>		    14,286,418  5,368,428  28,976,938  11,493,570</p>
<p>Total Pari-Mutuel</p>
<p>   Handle	 39,511,535  6,163,885  83,391,665  15,159,152</p>
<p>REVENUES:</p>
<p>On Site Mutuel</p>
<p>Revenue, Net of</p>
<p>Pari-Mutuel</p>
<p>Taxes to State</p>
<p>   of Florida    4,100,204    175,820   8,978,619     807,804</p>
<p>Inter-Track</p>
<p>Mutuel</p>
<p>   Commissions   1,272,672    533,852   2,639,501   1,140,602</p>
<p>Net Pari-Mutuel</p>
<p>   Revenue	 5,372,876    709,672  11,618,120   1,948,406</p>
<p> Cardroom Income    99,649	    -	99,649	     -</p>
<p>Admissions Income</p>
<p>			 148,824     32,822     325,599	77,334</p>
<p>Programs, Food,</p>
<p>Beverage and</p>
<p>   Other	   1,022,980    160,187   2,286,877     496,565</p>
<p>Total Operating</p>
<p>   Revenue	 6,644,329    902,681  14,330,245   2,522,305</p>
<p>EXPENSES:   Operating	5,027,498    806,651   9,943,955   2,139,357</p>
<p>General and</p>
<p>Administrative</p>
<p>		     2,382,931    487,685   4,793,045     913,911</p>
<p>Depreciation &amp;</p>
<p>   Amortization     73,711     48,600     291,722	97,200</p>
<p>Summer Jai-Alai</p>
<p>   Partnership	22,334	    -	22,334	     -</p>
<p>Total Costs and</p>
<p>   Expense	 7,506,474  1,342,936  15,051,056   3,150,468</p>
<p>Net Income</p>
<p>(Loss) From</p>
<p>    Operations   (862,145)  (440,255)   (720,811)   (628,163)</p>
<p>OTHER INCOME</p>
<p>(EXPENSES):</p>
<p>Interest and</p>
<p>   other income    144,392     60,208     211,561     104,905</p>
<p>Net Income</p>
<p>   (Loss)	  (717,753)  (380,047)   (509,250)   (523,258)</p>
<p>Earnings (Loss)   Per Common Share  (0.15)     (0.11)	(0.11)	(0.16)</p>
<p>Weighted Average</p>
<p>Common Shares</p>
<p>  Outstanding    4,916,825  3,321,972   4,688,763   3,261,093</p>
<p>((-- New York Newsdesk 212-859-1610))</p>
</text>
<copyright>(c) Reuters Limited 1997</copyright>
<metadata>
<codes class="bip:countries:1.0">
  <code code="USA">
    <editdetail attribution="Reuters BIP Coding Group" action="confirmed" date="1997-08-12"/>
  </code>
</codes>
<codes class="bip:industries:1.0">
  <code code="I33020">
    <editdetail attribution="Reuters BIP Coding Group" action="confirmed" date="1997-08-12"/>
  </code>
  <code code="I3302004">
    <editdetail attribution="Reuters BIP Coding Group" action="confirmed" date="1997-08-12"/>
  </code>
</codes>
<codes class="bip:topics:1.0">
  <code code="C15">
    <editdetail attribution="Reuters BIP Coding Group" action="confirmed" date="1997-08-12"/>
  </code>
  <code code="C151">
    <editdetail attribution="Reuters BIP Coding Group" action="confirmed" date="1997-08-12"/>
  </code>
  <code code="CCAT">
    <editdetail attribution="Reuters BIP Coding Group" action="confirmed" date="1997-08-12"/>
  </code>
</codes>
<dc element="dc.date.created" value="1997-08-12"/>
<dc element="dc.publisher" value="Reuters Holdings Plc"/>
<dc element="dc.date.published" value="1997-08-12"/>
<dc element="dc.source" value="Reuters"/>
<dc element="dc.creator.location" value="MIAMI"/>
<dc element="dc.creator.location.country.name" value="USA"/>
<dc element="dc.source" value="Reuters"/>
</metadata>
</newsitem>
