<?xml version="1.0" encoding="iso-8859-1" ?>
<newsitem itemid="792721" id="root" date="1997-08-12" xml:lang="en">
<title>USA: HFS says Interval sale effort progressing.</title>
<headline>HFS says Interval sale effort progressing.</headline>
<dateline>NEW YORK 1997-08-12</dateline>
<text>
<p>Travel and real estate giant HFS said Tuesday its effort to divest the vacation timeshare business of merger partner CUC International Inc. is progressing and is not expecting any significant delays.</p>
<p>Goldman Sachs has been retained to sell the Interval International business, HFS Chairman Henry Silverman said in a telephone interview.</p>
<p>&quot;The books are out and we expect probably about 30 bidders, plus or minus, and I hope that it can be accomplished on a timely basis to fit within the parameters of our planned merger timetable,&quot; Silverman said.</p>
<p>U.S. antitrust regulators had issued a second request for the proposed $11 billion transaction due to concerns about potential overlap in the companies' vacation timeshare exchange businesses.</p>
<p>The companies previously had targeted completion of the deal by the end of the third quarter and &quot;that is still a reasonable expectation, plus or minus a few weeks,&quot; Silverman said. HFS franchises include real estate firm Century 21 and lodging brands Ramada and Howard Johnson.</p>
<p>((-Robin Sidel, 212/859-1723))</p>
</text>
<copyright>(c) Reuters Limited 1997</copyright>
<metadata>
<codes class="bip:countries:1.0">
  <code code="USA">
    <editdetail attribution="Reuters BIP Coding Group" action="confirmed" date="1997-08-12"/>
  </code>
</codes>
<codes class="bip:industries:1.0">
  <code code="I66500">
    <editdetail attribution="Reuters BIP Coding Group" action="confirmed" date="1997-08-12"/>
  </code>
  <code code="I83954">
    <editdetail attribution="Reuters BIP Coding Group" action="confirmed" date="1997-08-12"/>
  </code>
</codes>
<codes class="bip:topics:1.0">
  <code code="C18">
    <editdetail attribution="Reuters BIP Coding Group" action="confirmed" date="1997-08-12"/>
  </code>
  <code code="C181">
    <editdetail attribution="Reuters BIP Coding Group" action="confirmed" date="1997-08-12"/>
  </code>
  <code code="CCAT">
    <editdetail attribution="Reuters BIP Coding Group" action="confirmed" date="1997-08-12"/>
  </code>
</codes>
<dc element="dc.date.created" value="1997-08-12"/>
<dc element="dc.publisher" value="Reuters Holdings Plc"/>
<dc element="dc.date.published" value="1997-08-12"/>
<dc element="dc.source" value="Reuters"/>
<dc element="dc.creator.location" value="NEW YORK"/>
<dc element="dc.creator.location.country.name" value="USA"/>
<dc element="dc.source" value="Reuters"/>
</metadata>
</newsitem>
