<?xml version="1.0" encoding="iso-8859-1" ?>
<newsitem itemid="792717" id="root" date="1997-08-12" xml:lang="en">
<title>USA: TABLE - Iochpe-Maxion cuts Q2 loss.</title>
<headline>TABLE - Iochpe-Maxion cuts Q2 loss.</headline>
<dateline>NEW YORK 1997-08-12</dateline>
<text>
<p>1997			1996</p>
<p> Net  loss		  2,295     loss	20,159</p>
<p> Revs		     187,425		  161,159</p>
<p> Avg shrs		 896,273		  896,273</p>
<p>	  6  MONTHS</p>
<p> Net loss		  15,656     loss	56,081</p>
<p> Revs		     337,137		  294,197</p>
<p> Avg shrs		 896,273		  896,273</p>
<p>(All data above 000s of Brazilian reais except avg shrs)</p>
<p>NOTE: Q2 net loss per 1,000 shares: loss 3 reais vs loss 34 reais.</p>
<p>Six month net loss per 1,000 shrs: loss 17 reais vs loss 63 reais.</p>
</text>
<copyright>(c) Reuters Limited 1997</copyright>
<metadata>
<codes class="bip:countries:1.0">
  <code code="USA">
    <editdetail attribution="Reuters BIP Coding Group" action="confirmed" date="1997-08-12"/>
  </code>
</codes>
<codes class="bip:industries:1.0">
  <code code="I35300">
    <editdetail attribution="Reuters BIP Coding Group" action="confirmed" date="1997-08-12"/>
  </code>
</codes>
<codes class="bip:topics:1.0">
  <code code="C15">
    <editdetail attribution="Reuters BIP Coding Group" action="confirmed" date="1997-08-12"/>
  </code>
  <code code="C151">
    <editdetail attribution="Reuters BIP Coding Group" action="confirmed" date="1997-08-12"/>
  </code>
  <code code="CCAT">
    <editdetail attribution="Reuters BIP Coding Group" action="confirmed" date="1997-08-12"/>
  </code>
</codes>
<dc element="dc.date.created" value="1997-08-12"/>
<dc element="dc.publisher" value="Reuters Holdings Plc"/>
<dc element="dc.date.published" value="1997-08-12"/>
<dc element="dc.source" value="Reuters"/>
<dc element="dc.creator.location" value="NEW YORK"/>
<dc element="dc.creator.location.country.name" value="USA"/>
<dc element="dc.source" value="Reuters"/>
</metadata>
</newsitem>
