<?xml version="1.0" encoding="iso-8859-1" ?>
<newsitem itemid="792857" id="root" date="1997-08-12" xml:lang="en">
<title>USA: Signature Brands USA names Meeta Vyas CEO.</title>
<headline>Signature Brands USA names Meeta Vyas CEO.</headline>
<dateline>CLEVELAND 1997-08-12</dateline>
<text>
<p>Signature Brands USA Inc Tuesday named Meeta Vyas, formerly of General Electric Co, chief executive officer.</p>
<p>The company said Vyas replaces Peter McC. Howell, who left to pursue other interests.</p>
<p>The company also named Thomas Shepherd, a managing director of Thomas H. Lee Co, chairman. Signature said Thomas H. Lee is the company's largest shareholder.</p>
<p>A company spokesman was not immediately available to elaborate on the management changes.</p>
</text>
<copyright>(c) Reuters Limited 1997</copyright>
<metadata>
<codes class="bip:countries:1.0">
  <code code="USA">
    <editdetail attribution="Reuters BIP Coding Group" action="confirmed" date="1997-08-12"/>
  </code>
</codes>
<codes class="bip:industries:1.0">
  <code code="I37100">
    <editdetail attribution="Reuters BIP Coding Group" action="confirmed" date="1997-08-12"/>
  </code>
</codes>
<codes class="bip:topics:1.0">
  <code code="C41">
    <editdetail attribution="Reuters BIP Coding Group" action="confirmed" date="1997-08-12"/>
  </code>
  <code code="C411">
    <editdetail attribution="Reuters BIP Coding Group" action="confirmed" date="1997-08-12"/>
  </code>
  <code code="CCAT">
    <editdetail attribution="Reuters BIP Coding Group" action="confirmed" date="1997-08-12"/>
  </code>
</codes>
<dc element="dc.date.created" value="1997-08-12"/>
<dc element="dc.publisher" value="Reuters Holdings Plc"/>
<dc element="dc.date.published" value="1997-08-12"/>
<dc element="dc.source" value="Reuters"/>
<dc element="dc.creator.location" value="CLEVELAND"/>
<dc element="dc.creator.location.country.name" value="USA"/>
<dc element="dc.source" value="Reuters"/>
</metadata>
</newsitem>
