<?xml version="1.0" encoding="iso-8859-1" ?>
<newsitem itemid="792805" id="root" date="1997-08-12" xml:lang="en">
<title>USA: TABLE - Protein Design Labs Inc Q2 results.</title>
<headline>TABLE - Protein Design Labs Inc Q2 results.</headline>
<dateline>MOUNTAIN VIEW, Calif. 1997-08-12</dateline>
<text>
<p>PROTEIN DESIGN LASS, INC.</p>
<p>				STATEMENTS OF OPERATIONS</p>
<p>			   (unaudited)</p>
<p>			  Three Months Ended	Six Months Ended</p>
<p>				 June 30,		 June 30,</p>
<p>			  1997	 1996	   1997	  1996</p>
<p>Revenues:</p>
<p>Research and development</p>
<p>revenues under agreements</p>
<p>with third parties ($0.0M</p>
<p>for the three and six</p>
<p>month periods ended</p>
<p>June 30, 1997 and $3.0M</p>
<p>and $7.0M for the three</p>
<p>and six month periods</p>
<p>ended June 30, 1996,</p>
<p>from a related party)</p>
<p>		   2,500,000   3,500,000    4,791,074   7,500,000</p>
<p>Interest and other</p>
<p>  Income	2,528,260   1,527,741    4 122,124    3,076,162</p>
<p>Total revenues</p>
<p>		   5,028,260   5,027,741    8,913,198  10,576,162</p>
<p>Costs and expenses:</p>
<p>Research and</p>
<p>development</p>
<p>		   6,308,931   7,155,596   12,812,546  13,626,943</p>
<p>General and</p>
<p>administrative</p>
<p>		   1,550,541   1,349,721    3,021,326   2,626,324</p>
<p>Total costs and</p>
<p>expenses</p>
<p>		   7,859,472   8,505,317   15,833,872  16,253,267</p>
<p> Net loss    (2,831,212) (3,477,576)  (6,920,674) (5,677,105)</p>
<p>Not loss per share</p>
<p>			(0.16)	(0.22)	 (0.41)	(0.37)</p>
<p>Shares used in computation</p>
<p>of net loss</p>
<p>  per share   18,128,000  15,597,000   17,064,000   5,552,000</p>
</text>
<copyright>(c) Reuters Limited 1997</copyright>
<metadata>
<codes class="bip:countries:1.0">
  <code code="USA">
    <editdetail attribution="Reuters BIP Coding Group" action="confirmed" date="1997-08-12"/>
  </code>
</codes>
<codes class="bip:industries:1.0">
  <code code="I25700">
    <editdetail attribution="Reuters BIP Coding Group" action="confirmed" date="1997-08-12"/>
  </code>
</codes>
<codes class="bip:topics:1.0">
  <code code="C15">
    <editdetail attribution="Reuters BIP Coding Group" action="confirmed" date="1997-08-12"/>
  </code>
  <code code="C151">
    <editdetail attribution="Reuters BIP Coding Group" action="confirmed" date="1997-08-12"/>
  </code>
  <code code="CCAT">
    <editdetail attribution="Reuters BIP Coding Group" action="confirmed" date="1997-08-12"/>
  </code>
</codes>
<dc element="dc.date.created" value="1997-08-12"/>
<dc element="dc.publisher" value="Reuters Holdings Plc"/>
<dc element="dc.date.published" value="1997-08-12"/>
<dc element="dc.source" value="Reuters"/>
<dc element="dc.creator.location" value="MOUNTAIN VIEW, Calif."/>
<dc element="dc.creator.location.country.name" value="USA"/>
<dc element="dc.source" value="Reuters"/>
</metadata>
</newsitem>
