<?xml version="1.0" encoding="iso-8859-1" ?>
<newsitem itemid="792806" id="root" date="1997-08-12" xml:lang="en">
<title>USA: FirstFed America Q1 net rises.</title>
<headline>FirstFed America Q1 net rises.</headline>
<dateline>FALL RIVER, Mass. 1997-08-12</dateline>
<text>
<p>Consolidated Statements of Operations (A)</p>
<p>						   For the Three Months</p>
<p>							  Ended June 30,</p>
<p>							     1997	1996</p>
<p>							     (in thousands)</p>
<p>Interest and dividend income:</p>
<p>  Loans						  $16,319  $13,295</p>
<p>  Investment securities				  529	358</p>
<p>  Mortgage-backed securities			 1,001	126</p>
<p>  Federal Home Loan Bank stock			 154	106</p>
<p>Total interest income and dividend income</p>
<p>							    18,003   13,885</p>
<p>Interest expense:</p>
<p>  Deposit accounts				     8,575    6,789</p>
<p>  Borrowed funds					 2,026    1,627</p>
<p>    Total interest expense			  10,601    8,416</p>
<p>Net interest income before provision for</p>
<p>     loan losses					 7,402    5,469</p>
<p> Provision for loan losses			   1,000    1,000</p>
<p>Net interest income after provision for</p>
<p>     loan losses					 6,402    4,469</p>
<p>Noninterest income:</p>
<p>  Loan servicing income				  651	693</p>
<p>  Gain on sale of mortgage loans, net		113	 44</p>
<p>  Other income					     538	493</p>
<p>    Total noninterest income			 1,302    1,230</p>
<p>Noninterest expense:</p>
<p>  Compensation and employee benefits	     2,679    2,075</p>
<p>  Office occupancy and equipment		     603	420</p>
<p>  Federal deposit insurance premiums		 112	302</p>
<p>  Other						    1,355    1,050</p>
<p>    Total noninterest expense			4,749    3,847</p>
<p>    Income before income taxes		     2,955    1,852</p>
<p> Income tax expense				    1,308	781</p>
<p>    Net income					   1,647    1,071</p>
<p> Earnings per share				     0.20	N/A</p>
<p> Weighted average shares outstanding	     8,110	N/A</p>
<p>Selected Financial Highlights (For the Period Ended)</p>
<p> Return on average assets			    0.66%    0.56%</p>
<p> Return on average stockholders' equity	  5.35%    9.15%</p>
<p> Net interest rate spread			    2.33%    2.46%</p>
<p> Net interest margin				   3.10%    2.99%</p>
<p>NOTE(A): Prior to consummation of the conversion, the company had no significant assets, liabilities, or operations.</p>
<p>Accordingly the results of operations and other financial data presented herein relating to periods prior to January 15, 1997 represent the consolidated data of the bank and its subsidiary and the data for January 15, 1997 and subsequent thereto represent the consolidated data of the company and its subsidiaries.</p>
<p>(( -- New York Newsdesk 212 859-1610 ))</p>
</text>
<copyright>(c) Reuters Limited 1997</copyright>
<metadata>
<codes class="bip:countries:1.0">
  <code code="USA">
    <editdetail attribution="Reuters BIP Coding Group" action="confirmed" date="1997-08-12"/>
  </code>
</codes>
<codes class="bip:industries:1.0">
  <code code="I81402">
    <editdetail attribution="Reuters BIP Coding Group" action="confirmed" date="1997-08-12"/>
  </code>
</codes>
<codes class="bip:topics:1.0">
  <code code="C15">
    <editdetail attribution="Reuters BIP Coding Group" action="confirmed" date="1997-08-12"/>
  </code>
  <code code="C151">
    <editdetail attribution="Reuters BIP Coding Group" action="confirmed" date="1997-08-12"/>
  </code>
  <code code="CCAT">
    <editdetail attribution="Reuters BIP Coding Group" action="confirmed" date="1997-08-12"/>
  </code>
</codes>
<dc element="dc.date.created" value="1997-08-12"/>
<dc element="dc.publisher" value="Reuters Holdings Plc"/>
<dc element="dc.date.published" value="1997-08-12"/>
<dc element="dc.source" value="Reuters"/>
<dc element="dc.creator.location" value="FALL RIVER, Mass."/>
<dc element="dc.creator.location.country.name" value="USA"/>
<dc element="dc.source" value="Reuters"/>
</metadata>
</newsitem>
