<?xml version="1.0" encoding="iso-8859-1" ?>
<newsitem itemid="792821" id="root" date="1997-08-12" xml:lang="en">
<title>USA: TABLE - Search Financial Q1 shr loss rises.</title>
<headline>TABLE - Search Financial Q1 shr loss rises.</headline>
<dateline>DALLAS 1997-08-12</dateline>
<text>
<p>Three Mos	  Three Mos</p>
<p>					 Ended Jun 30,    Ended Jun 30,</p>
<p>						   1997		 1996</p>
<p> Interest revenue		     $2,447,000	 $1,659,000</p>
<p> Interest expense			1,035,000	     22,000</p>
<p> Net interest income		   1,412,000	  1,637,000</p>
<p> Reduction of credit losses	  2,505,000	  1,382,000</p>
<p>Net interest income after reduction   of credit losses		     3,917,000	  3,019,000</p>
<p>General and administrative expense</p>
<p>					     3,769,000	  2,528,000</p>
<p> Net income before dividends	   148,000	    491,000</p>
<p> Preferred stock dividends	 (1,610,000)	(1,404,000)</p>
<p>Net loss attributable to common   stockholders			( 1,462,000)	 ( 913,000)</p>
<p>Net loss per share attributable to   common stockholders/a		  ( 0.46)	    ( 0.27)</p>
<p>Weighted average number of common   shares outstanding		   3,163,000	  3,328,500</p>
<p>NOTE - /a The weighted average number of shares outstanding and per share amounts for the three months ended June 30, 1996 have been adjusted to reflect the 1:8 reverse stock split that was completed effective as of November 25, 1996.</p>
<p>Full company name is Search Financial Services Inc</p>
<p>((-- New York Newsdesk 212-859-1610))</p>
</text>
<copyright>(c) Reuters Limited 1997</copyright>
<metadata>
<codes class="bip:countries:1.0">
  <code code="USA">
    <editdetail attribution="Reuters BIP Coding Group" action="confirmed" date="1997-08-12"/>
  </code>
</codes>
<codes class="bip:industries:1.0">
  <code code="I83100">
    <editdetail attribution="Reuters BIP Coding Group" action="confirmed" date="1997-08-12"/>
  </code>
</codes>
<codes class="bip:topics:1.0">
  <code code="C15">
    <editdetail attribution="Reuters BIP Coding Group" action="confirmed" date="1997-08-12"/>
  </code>
  <code code="C151">
    <editdetail attribution="Reuters BIP Coding Group" action="confirmed" date="1997-08-12"/>
  </code>
  <code code="CCAT">
    <editdetail attribution="Reuters BIP Coding Group" action="confirmed" date="1997-08-12"/>
  </code>
</codes>
<dc element="dc.date.created" value="1997-08-12"/>
<dc element="dc.publisher" value="Reuters Holdings Plc"/>
<dc element="dc.date.published" value="1997-08-12"/>
<dc element="dc.source" value="Reuters"/>
<dc element="dc.creator.location" value="DALLAS"/>
<dc element="dc.creator.location.country.name" value="USA"/>
<dc element="dc.source" value="Reuters"/>
</metadata>
</newsitem>
