<?xml version="1.0" encoding="iso-8859-1" ?>
<newsitem itemid="792815" id="root" date="1997-08-12" xml:lang="en">
<title>USA: U.S. stocks slump, Dow ends below 8,000 mark.</title>
<headline>U.S. stocks slump, Dow ends below 8,000 mark.</headline>
<dateline>NEW YORK 1997-08-12</dateline>
<text>
<p>The Dow industrials staggered lower on Tuesday, ending below the 8,000 level for the first time in three weeks after new evidence that U.S. economic growth is accelerating from its tame second quarter pace.</p>
<p>The Dow tumbled 101 points to close unofficially at 7961, the lowest closing for the blue chip average since July 21, when it ended at 7906.72, its last finish below 8,000.</p>
<p>The economic news, which came in the form of a stronger than expected weekly report on U.S. retail sales, dealt a severe blow to the already jittery bond market, which is bracing for a critical monthly sales report due tomorrow.</p>
<p>&quot;People are aware of the potency of (tomorrow's) retail sales number,&quot; said Larry Wachtel, market analyst at Prudential Securities. &quot;They know that a couple of months of buoyant retail sales could change the Fed's mood.&quot;</p>
<p>Declining issues outpaced advancing issues by a roughly five-to-four margin on the New York Stock Exchange, on moderate volume of about 500 million shares.</p>
<p>Amgen Inc shares tumbled 6-15/16 to a year low of 50-3/16 after it warned of reduced earnings expectations for its key Epogen drug.</p>
</text>
<copyright>(c) Reuters Limited 1997</copyright>
<metadata>
<codes class="bip:countries:1.0">
  <code code="USA">
    <editdetail attribution="Reuters BIP Coding Group" action="confirmed" date="1997-08-12"/>
  </code>
</codes>
<codes class="bip:topics:1.0">
  <code code="M11">
    <editdetail attribution="Reuters BIP Coding Group" action="confirmed" date="1997-08-12"/>
  </code>
  <code code="MCAT">
    <editdetail attribution="Reuters BIP Coding Group" action="confirmed" date="1997-08-12"/>
  </code>
</codes>
<dc element="dc.date.created" value="1997-08-12"/>
<dc element="dc.publisher" value="Reuters Holdings Plc"/>
<dc element="dc.date.published" value="1997-08-12"/>
<dc element="dc.source" value="Reuters"/>
<dc element="dc.creator.location" value="NEW YORK"/>
<dc element="dc.creator.location.country.name" value="USA"/>
<dc element="dc.source" value="Reuters"/>
</metadata>
</newsitem>
