<?xml version="1.0" encoding="iso-8859-1" ?>
<newsitem itemid="792807" id="root" date="1997-08-12" xml:lang="en">
<title>USA: TABLE - Thermodynetics Q1 shr nil vs $0.02.</title>
<headline>TABLE - Thermodynetics Q1 shr nil vs $0.02.</headline>
<dateline>WINDSON, Conn. 1997-08-12</dateline>
<text>
<p>1997			1996</p>
<p> Shr			    NIL		    $0.02</p>
<p> Net			     62			248</p>
<p> Revs			 2,215		    2,279</p>
<p> Avg shrs		  15,260		   16,456</p>
<p>(All data above 000s except per share numbers)</p>
<p>NOTE: Periods ended June 30.</p>
<p>Net results in Q1 1996 includes an extraoridnary gain of $121,004 from a mortgage refinancing.</p>
<p>Full name of company is Thermodynetics Inc</p>
</text>
<copyright>(c) Reuters Limited 1997</copyright>
<metadata>
<codes class="bip:countries:1.0">
  <code code="USA">
    <editdetail attribution="Reuters BIP Coding Group" action="confirmed" date="1997-08-12"/>
  </code>
</codes>
<codes class="bip:industries:1.0">
  <code code="I32840">
    <editdetail attribution="Reuters BIP Coding Group" action="confirmed" date="1997-08-12"/>
  </code>
</codes>
<codes class="bip:topics:1.0">
  <code code="C15">
    <editdetail attribution="Reuters BIP Coding Group" action="confirmed" date="1997-08-12"/>
  </code>
  <code code="C151">
    <editdetail attribution="Reuters BIP Coding Group" action="confirmed" date="1997-08-12"/>
  </code>
  <code code="CCAT">
    <editdetail attribution="Reuters BIP Coding Group" action="confirmed" date="1997-08-12"/>
  </code>
</codes>
<dc element="dc.date.created" value="1997-08-12"/>
<dc element="dc.publisher" value="Reuters Holdings Plc"/>
<dc element="dc.date.published" value="1997-08-12"/>
<dc element="dc.source" value="Reuters"/>
<dc element="dc.creator.location" value="WINDSON, Conn."/>
<dc element="dc.creator.location.country.name" value="USA"/>
<dc element="dc.source" value="Reuters"/>
</metadata>
</newsitem>
