<?xml version="1.0" encoding="iso-8859-1" ?>
<newsitem itemid="792985" id="root" date="1997-08-12" xml:lang="en">
<title>USA: CSCE cocoa futures called to open $5 a tonne lower.</title>
<headline>CSCE cocoa futures called to open $5 a tonne lower.</headline>
<dateline>NEW YORK 1997-08-12</dateline>
<text>
<p>CSCE cocoa futures were called to open S5 lower Tuesday after early gains overnight on the London market were erased, traders said.</p>
<p>LIFFE cocoa futures slipped from early highs and traded mostly a touch lower at midday Tuesday. September was off one stg at 1,021 stg a tonne, traded 1,030 to 1,020 stg. December was off the same at 1,052 stg.</p>
<p>Traders said a stronger dollar against the British pound and other European currencies was expected to weigh on the New York market.</p>
<p>Monday, New York cocoa ended broadly higher, boosted by speculative and trade buying. Spot September settled up $15 at $1,496 a tonne after ranging between $1,500 and $1,475. December ended up the same at $1,536, traded $1,538 to $1,515, with the back months $15 to $18 higher.</p>
<p>On the charts, traders said December faced support near $1,526 to $1,528, with the subsequent levels put at $1,518 and $1,510. Resistance was seen at $1,538, followed by $1,548 to $1,550.</p>
<p>((--Patricia Avidan, New York Commodity Desk 212 859 1640))</p>
</text>
<copyright>(c) Reuters Limited 1997</copyright>
<metadata>
<codes class="bip:countries:1.0">
  <code code="USA">
    <editdetail attribution="Reuters BIP Coding Group" action="confirmed" date="1997-08-12"/>
  </code>
</codes>
<codes class="bip:topics:1.0">
  <code code="M14">
    <editdetail attribution="Reuters BIP Coding Group" action="confirmed" date="1997-08-12"/>
  </code>
  <code code="M141">
    <editdetail attribution="Reuters BIP Coding Group" action="confirmed" date="1997-08-12"/>
  </code>
  <code code="MCAT">
    <editdetail attribution="Reuters BIP Coding Group" action="confirmed" date="1997-08-12"/>
  </code>
</codes>
<dc element="dc.date.created" value="1997-08-12"/>
<dc element="dc.publisher" value="Reuters Holdings Plc"/>
<dc element="dc.date.published" value="1997-08-12"/>
<dc element="dc.source" value="Reuters"/>
<dc element="dc.creator.location" value="NEW YORK"/>
<dc element="dc.creator.location.country.name" value="USA"/>
<dc element="dc.source" value="Reuters"/>
</metadata>
</newsitem>
