<?xml version="1.0" encoding="iso-8859-1" ?>
<newsitem itemid="792926" id="root" date="1997-08-12" xml:lang="en">
<title>USA: Montgomery Ward says Sears recruiting halted.</title>
<headline>Montgomery Ward says Sears recruiting halted.</headline>
<dateline>CHICAGO 1997-08-12</dateline>
<text>
<p>Montgomery Ward Holding Co said a U.S. Bankruptcy Court granted a temporary order restraining Sears, Roebuck and Co from approaching, contacting or soliciting for employment any current management employee of Montgomery Ward.</p>
<p>The restraining order was granted based on a motion by Montgomery Ward which alleged predatory recruiting practices by Sears designed to &quot;hasten the weakening state of Montgomery Ward&quot; and &quot;make it even more difficult for (Ward) to do business,&quot; Montgomery Ward said in a news release.  </p>
<p>Montgomery Ward filed for bankruptcy on July 7, 1997. &quot;Despite the fact that we are in a competitive business, we have a crystal clear policy of matters such as this,&quot; said Sears spokesman Ron Culp. &quot;If this indeed happened, it was against these guidelines and we will take appropriate actions to see this doesn't happen again,&quot; he said, adding, &quot;We will also reissue the policy today.&quot;</p>
<p>Culp said the policy deals with guidelines when a competitor is failing. In dealing with job applicants, &quot;It lets them contact us,&quot; and cautions against not being over zealous or overly aggressive at pursuing employees at another company, he said.</p>
<p>Montgomery Ward alleged that the Sears &quot;Action Plan&quot; was distributed via E-mail to Sears field locations and targeted specific key positions for recruiting efforts solely in order to hurt Montgomery Ward's business. It told Sears personnel to be &quot;extremely predatory&quot; in their methods, Ward said.</p>
<p>Sears human resource representatives began systematically contacting Montgomery Ward personnel in targeted jobs, and recruiters were told to keep a headcount of how many people they could hire away, Montgomery Ward said.</p>
<p>&quot;Obviously our first priority is to fix our business and we believe that we can compete with any retailer in a fair business environment. However, based on this 'Action Plan' we believe that Sears has crossed the line between healthy competition and unethical activities,&quot; said Roger Goddu, chairman and chief executive officer of Montgomery Ward.</p>
<p>Montgomery Ward is the largest privately held retailer in the United States, currently operating a chain of 400 stores in 43 states. Upon the closing of its specialty stores, Montgomery Ward will operate 356 stores in 39 states.</p>
<p>((Chicago newsdesk 312 408 8787))</p>
</text>
<copyright>(c) Reuters Limited 1997</copyright>
<metadata>
<codes class="bip:countries:1.0">
  <code code="USA">
    <editdetail attribution="Reuters BIP Coding Group" action="confirmed" date="1997-08-12"/>
  </code>
</codes>
<codes class="bip:industries:1.0">
  <code code="I65600">
    <editdetail attribution="Reuters BIP Coding Group" action="confirmed" date="1997-08-12"/>
  </code>
  <code code="I83960">
    <editdetail attribution="Reuters BIP Coding Group" action="confirmed" date="1997-08-12"/>
  </code>
</codes>
<codes class="bip:topics:1.0">
  <code code="C41">
    <editdetail attribution="Reuters BIP Coding Group" action="confirmed" date="1997-08-12"/>
  </code>
  <code code="C411">
    <editdetail attribution="Reuters BIP Coding Group" action="confirmed" date="1997-08-12"/>
  </code>
  <code code="CCAT">
    <editdetail attribution="Reuters BIP Coding Group" action="confirmed" date="1997-08-12"/>
  </code>
</codes>
<dc element="dc.date.created" value="1997-08-12"/>
<dc element="dc.publisher" value="Reuters Holdings Plc"/>
<dc element="dc.date.published" value="1997-08-12"/>
<dc element="dc.source" value="Reuters"/>
<dc element="dc.creator.location" value="CHICAGO"/>
<dc element="dc.creator.location.country.name" value="USA"/>
<dc element="dc.source" value="Reuters"/>
</metadata>
</newsitem>
