<?xml version="1.0" encoding="iso-8859-1" ?>
<newsitem itemid="792956" id="root" date="1997-08-12" xml:lang="en">
<title>USA: TABLE - ASI Solutions Inc Q1 June 30 net.</title>
<headline>TABLE - ASI Solutions Inc Q1 June 30 net.</headline>
<dateline>NEW YORK 1997-08-12</dateline>
<text>
<p>1997		  1996</p>
<p> Revenue			    $6,700,275	   $3,911,416</p>
<p> Cost of services		  3,444,723	    1,742,145</p>
<p>  Gross profit		     3,255,552	    2,169,271</p>
<p>Operating expenses:</p>
<p>  General and administrative   1,317,618		760,184</p>
<p>  Sales and marketing		784,877		372,171</p>
<p>  Research and development	 474,644		231,125</p>
<p> Income from operations	    678,413		805,791</p>
<p> Interest (expense) income, net   62,232	     (26,637)</p>
<p>Income before provision for</p>
<p>   income taxes			740,645		779,154</p>
<p> Provision for income taxes	322,575		366,982</p>
<p>  Net income			   418,070		412,172</p>
<p> Net income per common share	  0.07		   0.09</p>
<p>Weighted average common</p>
<p>     shares outstanding	  6,106,191	    4,667,404</p>
<p>((-- New York Newsdesk 212 859-1610))</p>
</text>
<copyright>(c) Reuters Limited 1997</copyright>
<metadata>
<codes class="bip:countries:1.0">
  <code code="USA">
    <editdetail attribution="Reuters BIP Coding Group" action="confirmed" date="1997-08-12"/>
  </code>
</codes>
<codes class="bip:industries:1.0">
  <code code="I83954">
    <editdetail attribution="Reuters BIP Coding Group" action="confirmed" date="1997-08-12"/>
  </code>
</codes>
<codes class="bip:topics:1.0">
  <code code="C15">
    <editdetail attribution="Reuters BIP Coding Group" action="confirmed" date="1997-08-12"/>
  </code>
  <code code="C151">
    <editdetail attribution="Reuters BIP Coding Group" action="confirmed" date="1997-08-12"/>
  </code>
  <code code="CCAT">
    <editdetail attribution="Reuters BIP Coding Group" action="confirmed" date="1997-08-12"/>
  </code>
</codes>
<dc element="dc.date.created" value="1997-08-12"/>
<dc element="dc.publisher" value="Reuters Holdings Plc"/>
<dc element="dc.date.published" value="1997-08-12"/>
<dc element="dc.source" value="Reuters"/>
<dc element="dc.creator.location" value="NEW YORK"/>
<dc element="dc.creator.location.country.name" value="USA"/>
<dc element="dc.source" value="Reuters"/>
</metadata>
</newsitem>
