<?xml version="1.0" encoding="iso-8859-1" ?>
<newsitem itemid="792933" id="root" date="1997-08-12" xml:lang="en">
<title>USA: RESEARCH ALERT - Linens 'n Things raised.</title>
<headline>RESEARCH ALERT - Linens 'n Things raised.</headline>
<dateline>NEW YORK 1997-08-12</dateline>
<text>
<p>Piper Jaffray said it upgraded Linens 'n Things Inc to buy from neutral.</p>
<p>-- said believes strong same-store sales trends seen in the second quarter have continued, so far, into the third quarter.</p>
<p>-- said believes company will open 23 superstores and close two stores in 1997.  In 1998, expects company to open 28 new stores.</p>
<p>-- expects sales to rise by 22 percent to $849 million in 1997, with a three to four percent increase in same-store saels.</p>
<p>-- expects diluted earnings per share to increase to $1.18 per share in 1997 from $0.78 a share in 1996.</p>
<p>-- Linens 'n Things gained 7/8 to 27.</p>
</text>
<copyright>(c) Reuters Limited 1997</copyright>
<metadata>
<codes class="bip:countries:1.0">
  <code code="USA">
    <editdetail attribution="Reuters BIP Coding Group" action="confirmed" date="1997-08-12"/>
  </code>
</codes>
<codes class="bip:industries:1.0">
  <code code="I64700">
    <editdetail attribution="Reuters BIP Coding Group" action="confirmed" date="1997-08-12"/>
  </code>
</codes>
<codes class="bip:topics:1.0">
  <code code="C15">
    <editdetail attribution="Reuters BIP Coding Group" action="confirmed" date="1997-08-12"/>
  </code>
  <code code="C152">
    <editdetail attribution="Reuters BIP Coding Group" action="confirmed" date="1997-08-12"/>
  </code>
  <code code="CCAT">
    <editdetail attribution="Reuters BIP Coding Group" action="confirmed" date="1997-08-12"/>
  </code>
</codes>
<dc element="dc.date.created" value="1997-08-12"/>
<dc element="dc.publisher" value="Reuters Holdings Plc"/>
<dc element="dc.date.published" value="1997-08-12"/>
<dc element="dc.source" value="Reuters"/>
<dc element="dc.creator.location" value="NEW YORK"/>
<dc element="dc.creator.location.country.name" value="USA"/>
<dc element="dc.source" value="Reuters"/>
</metadata>
</newsitem>
