<?xml version="1.0" encoding="iso-8859-1" ?>
<newsitem itemid="792951" id="root" date="1997-08-12" xml:lang="en">
<title>USA: TABLE - NYMAGIC Inc Q2 shr $0.57 vs $0.48.</title>
<headline>TABLE - NYMAGIC Inc Q2 shr $0.57 vs $0.48.</headline>
<dateline>NEW YORK 1997-08-12</dateline>
<text>
<p>NYMAGIC, INC.</p>
<p>				    TABLE OF RESULTS</p>
<p> Six Months Ended June 30,		   1997	     1996</p>
<p> Total revenues			  $56,138,355    $62,728,168</p>
<p> Premiums earned			  41,769,085     49,558,082</p>
<p> Net investment income		  10,680,660     10,511,488</p>
<p> Commission and other income	     165,240	  618,902</p>
<p> Realized investment gains	     3,523,370	2,039,696</p>
<p> Net income				 11,586,526     10,957,307</p>
<p> Net income per share			   1.15	     1.02</p>
<p> Average shares outstanding	   10,071,332     10,740,082</p>
<p> Second Quarter Ended June 30,	     1997	     1996</p>
<p> Total revenues			  $27,250,952    $32,472,352</p>
<p> Premiums earned			  20,360,067     26,583,683</p>
<p> Net investment income		   5,304,363	5,134,314</p>
<p> Commission and other income		73,430	  224,335</p>
<p> Realized investment gains	     1,513,092	  530,020</p>
<p> Net income				  5,715,430	5,164,720</p>
<p> Net income per share			    .57		.48</p>
<p> Average shares outstanding	    9,979,113     10,734,183</p>
<p>SOURCE  NYMAGIC, INC.</p>
<p>-- New York Newsdesk 212 859-1610</p>
</text>
<copyright>(c) Reuters Limited 1997</copyright>
<metadata>
<codes class="bip:countries:1.0">
  <code code="USA">
    <editdetail attribution="Reuters BIP Coding Group" action="confirmed" date="1997-08-12"/>
  </code>
</codes>
<codes class="bip:industries:1.0">
  <code code="I82003">
    <editdetail attribution="Reuters BIP Coding Group" action="confirmed" date="1997-08-12"/>
  </code>
</codes>
<codes class="bip:topics:1.0">
  <code code="C15">
    <editdetail attribution="Reuters BIP Coding Group" action="confirmed" date="1997-08-12"/>
  </code>
  <code code="C151">
    <editdetail attribution="Reuters BIP Coding Group" action="confirmed" date="1997-08-12"/>
  </code>
  <code code="CCAT">
    <editdetail attribution="Reuters BIP Coding Group" action="confirmed" date="1997-08-12"/>
  </code>
</codes>
<dc element="dc.date.created" value="1997-08-12"/>
<dc element="dc.publisher" value="Reuters Holdings Plc"/>
<dc element="dc.date.published" value="1997-08-12"/>
<dc element="dc.source" value="Reuters"/>
<dc element="dc.creator.location" value="NEW YORK"/>
<dc element="dc.creator.location.country.name" value="USA"/>
<dc element="dc.source" value="Reuters"/>
</metadata>
</newsitem>
