<?xml version="1.0" encoding="iso-8859-1" ?>
<newsitem itemid="792912" id="root" date="1997-08-12" xml:lang="en">
<title>USA: Graphic Industries names Martin Kendall CFO.</title>
<headline>Graphic Industries names Martin Kendall CFO.</headline>
<dateline>ATLANTA 1997-08-12</dateline>
<text>
<p>Graphic Industries Inc Tuesday said it named its director of acquisitions Martin Kendall as chief financial officer.</p>
<p>The commercial printing company said Kendall, who will keep his responsibilities as director of acquisitions, replaces David Fraser, who recently resigned.</p>
</text>
<copyright>(c) Reuters Limited 1997</copyright>
<metadata>
<codes class="bip:countries:1.0">
  <code code="USA">
    <editdetail attribution="Reuters BIP Coding Group" action="confirmed" date="1997-08-12"/>
  </code>
</codes>
<codes class="bip:industries:1.0">
  <code code="I47500">
    <editdetail attribution="Reuters BIP Coding Group" action="confirmed" date="1997-08-12"/>
  </code>
</codes>
<codes class="bip:topics:1.0">
  <code code="C41">
    <editdetail attribution="Reuters BIP Coding Group" action="confirmed" date="1997-08-12"/>
  </code>
  <code code="C411">
    <editdetail attribution="Reuters BIP Coding Group" action="confirmed" date="1997-08-12"/>
  </code>
  <code code="CCAT">
    <editdetail attribution="Reuters BIP Coding Group" action="confirmed" date="1997-08-12"/>
  </code>
</codes>
<dc element="dc.date.created" value="1997-08-12"/>
<dc element="dc.publisher" value="Reuters Holdings Plc"/>
<dc element="dc.date.published" value="1997-08-12"/>
<dc element="dc.source" value="Reuters"/>
<dc element="dc.creator.location" value="ATLANTA"/>
<dc element="dc.creator.location.country.name" value="USA"/>
<dc element="dc.source" value="Reuters"/>
</metadata>
</newsitem>
