<?xml version="1.0" encoding="iso-8859-1" ?>
<newsitem itemid="792941" id="root" date="1997-08-12" xml:lang="en">
<title>USA: U.S. stocks barely changed ahead of economic data.</title>
<headline>U.S. stocks barely changed ahead of economic data.</headline>
<dateline>NEW YORK 1997-08-12</dateline>
<text>
<p>U.S. stocks were barely changed in early trading ahead of key U.S. economic data due for release Wednesday and Thursday, although firmer bonds offered some underpinning, analysts said.</p>
<p>An upside move on the Dow's opening fizzled, leaving the benchmark indicator fluctuating between the negative and positive columns in early trading.</p>
<p>&quot;I am a little surprised the initial rally did not hold,&quot; Alfred Kugel, Stein Roe &amp; Farnham's senior investment strategist said. &quot;I don't think it's anything significant. We don't have any important news on the economy until tomorrow.&quot;  </p>
<p>The Dow Jones Industrial average was up 13.94 at 8076.05, with the Nasdaq composite up 11.14 at 1597.88.</p>
<p>The long bond was up 18/32 to a 6.60 percent yield.</p>
<p>Goldman Sachs' Abby Joseph Cohen said in a newsletter that stock prices were characterized by a staircase pattern -- quantum upward steps were followed by a choppy trading range.</p>
<p>&quot;The fundamentals of solid profit growth and mild inflation remain intact and will determine the future direction of stock prices,&quot; Cohen said.  &quot;There is no recession in our forecast.&quot;  </p>
<p>Data released Tuesday indicated that U.S. second quarter non-farm productivity rose 0.6 percent, close to analysts' expectations, while unit labor costs for the same period were up 2.4 percent, softer than expected.</p>
<p>But analysts said the market was still largely focused on Wednesday's key U.S. retail sales and producer prices for July, followed by Thursday's consumer prices.</p>
<p>((Wall Street desk 212-859-1730))</p>
</text>
<copyright>(c) Reuters Limited 1997</copyright>
<metadata>
<codes class="bip:countries:1.0">
  <code code="USA">
    <editdetail attribution="Reuters BIP Coding Group" action="confirmed" date="1997-08-12"/>
  </code>
</codes>
<codes class="bip:topics:1.0">
  <code code="M11">
    <editdetail attribution="Reuters BIP Coding Group" action="confirmed" date="1997-08-12"/>
  </code>
  <code code="MCAT">
    <editdetail attribution="Reuters BIP Coding Group" action="confirmed" date="1997-08-12"/>
  </code>
</codes>
<dc element="dc.date.created" value="1997-08-12"/>
<dc element="dc.publisher" value="Reuters Holdings Plc"/>
<dc element="dc.date.published" value="1997-08-12"/>
<dc element="dc.source" value="Reuters"/>
<dc element="dc.creator.location" value="NEW YORK"/>
<dc element="dc.creator.location.country.name" value="USA"/>
<dc element="dc.source" value="Reuters"/>
</metadata>
</newsitem>
