<?xml version="1.0" encoding="iso-8859-1" ?>
<newsitem itemid="792977" id="root" date="1997-08-12" xml:lang="en">
<title>USA: NRT Inc in preliminary pacts on acquisitions.</title>
<headline>NRT Inc in preliminary pacts on acquisitions.</headline>
<dateline>PARSIPPANY, N.J. 1997-08-12</dateline>
<text>
<p>NRT Inc, a newly formed joint venture by HFS Inc and the Apollo Management L.P. group, has reached preliminary agreements to acquire several large real estate brokerage companies, HFS and the Apollo groups said Tuesday.</p>
<p>NRT, which the groups initially funded with $232 million, aims to acquire residential real estate brokerage firms.</p>
<p>HFS and the Apollo groups said that as its first acquistion, NRT has agreed to buy National Realty Trust, the largest U.S. real estate brokerage firm and HFS's largest real estate franchisee, for an undisclosed sum.</p>
<p>They said that the preliminary agreements with the prospective acquisitions are subject to definitive documentation and other customary conditions.</p>
</text>
<copyright>(c) Reuters Limited 1997</copyright>
<metadata>
<codes class="bip:countries:1.0">
  <code code="USA">
    <editdetail attribution="Reuters BIP Coding Group" action="confirmed" date="1997-08-12"/>
  </code>
</codes>
<codes class="bip:industries:1.0">
  <code code="I66500">
    <editdetail attribution="Reuters BIP Coding Group" action="confirmed" date="1997-08-12"/>
  </code>
  <code code="I85000">
    <editdetail attribution="Reuters BIP Coding Group" action="confirmed" date="1997-08-12"/>
  </code>
  <code code="I8500031">
    <editdetail attribution="Reuters BIP Coding Group" action="confirmed" date="1997-08-12"/>
  </code>
</codes>
<codes class="bip:topics:1.0">
  <code code="C18">
    <editdetail attribution="Reuters BIP Coding Group" action="confirmed" date="1997-08-12"/>
  </code>
  <code code="C181">
    <editdetail attribution="Reuters BIP Coding Group" action="confirmed" date="1997-08-12"/>
  </code>
  <code code="CCAT">
    <editdetail attribution="Reuters BIP Coding Group" action="confirmed" date="1997-08-12"/>
  </code>
</codes>
<dc element="dc.date.created" value="1997-08-12"/>
<dc element="dc.publisher" value="Reuters Holdings Plc"/>
<dc element="dc.date.published" value="1997-08-12"/>
<dc element="dc.source" value="Reuters"/>
<dc element="dc.creator.location" value="PARSIPPANY, N.J."/>
<dc element="dc.creator.location.country.name" value="USA"/>
<dc element="dc.source" value="Reuters"/>
</metadata>
</newsitem>
