<?xml version="1.0" encoding="iso-8859-1" ?>
<newsitem itemid="792969" id="root" date="1997-08-12" xml:lang="en">
<title>USA: TABLE-Estee Lauder Q4 shr $0.26 vs $0.18.</title>
<headline>TABLE-Estee Lauder Q4 shr $0.26 vs $0.18.</headline>
<dateline>NEW YORK 1997-08-12</dateline>
<text>
<p>ESTEE LAUDER COS INC</p>
<p>			  SUMMARY OF CONSOLIDATED RESULTS</p>
<p>			(In millions, except per share data)</p>
<p>				 Three Months Ended    Year Ended</p>
<p>					 June 30	     June 30</p>
<p>				1997	1996	  1997	 1996</p>
<p> Net Sales		$775.9    $736.7    $3,381.6   $3,194.5</p>
<p> Cost of sales	   180.4     163.9	 765.1	731.0</p>
<p> Gross Profit	    595.5     572.8     2,616.5    2,463.5</p>
<p>Selling, general and</p>
<p>administrative expenses:</p>
<p>Selling, general and</p>
<p>  administrative	 524.4     513.6     2,224.6    2,116.0</p>
<p>Related party</p>
<p>  royalties		  8.1	 9.1	  32.8	 37.2</p>
<p> Total		     532.5     522.7     2,257.4    2,153.2</p>
<p> Operating Income	 63.0	50.1	 359.1	310.3</p>
<p> Interest income, net    2.6	 1.0	   3.8	  2.7</p>
<p>Earnings before Income</p>
<p>Taxes and Minority</p>
<p>  Interest		  65.6	51.1	 362.9	313.0</p>
<p>Provision for income</p>
<p>  taxes		     27.5	20.5	 152.4	138.3</p>
<p> Minority interest     (1.4)     (3.3)	(12.9)     (14.3)</p>
<p> Net Earnings	     36.7	27.3	 197.6	160.4</p>
<p>Preferred stock</p>
<p>  dividends		  5.8	 5.8	  23.4	 57.5</p>
<p>Net Earnings Attributable</p>
<p>  to Common Stock (A)   30.9	21.5	 174.2	102.9</p>
<p>Net earnings per</p>
<p>  common share	     .26	 .18	  1.46	  n/a</p>
<p>Weighted average common</p>
<p>  shares outstanding   119.9     118.3	 119.2	  n/a</p>
<p>Pro Forma Net Earnings Per Share (A):</p>
<p> Net Earnings		n/a	 n/a	   n/a	160.4</p>
<p>Pro forma preferred</p>
<p>  stock dividends	  n/a	 n/a	   n/a	 23.4</p>
<p>Pro forma Net Earnings</p>
<p>Attributable to Common</p>
<p>  Stock			n/a	 n/a	   n/a	137.0</p>
<p>Pro forma net earnings</p>
<p>  per common share	 n/a	 n/a	   n/a	 1.17</p>
<p>Pro forma weighted average</p>
<p>common shares</p>
<p>  outstanding		n/a	 n/a	   n/a	116.8</p>
<p>(A) As a result of a recapitalization and the issuance of common stock in the Company's initial public offering (the &quot;Offering&quot;) in November 1995, net earnings per share for the year ended June 30, 1996, have been computed on a pro forma basis assuming the recapitalization occurred at the beginning of fiscal 1996, and includes the amount of shares issued by the Company in the Offering from the date of issuance plus the effect of common shares contingently issuable, primarily from stock options, from that same date.  Pro forma preferred stock dividends for the year ended June 30, 1996 reflect only recurring dividends on the Company's $6.50 Cumulative Redeemable Preferred Stock.</p>
<p>-- New York Newsdesk 212 859-1610</p>
</text>
<copyright>(c) Reuters Limited 1997</copyright>
<metadata>
<codes class="bip:countries:1.0">
  <code code="USA">
    <editdetail attribution="Reuters BIP Coding Group" action="confirmed" date="1997-08-12"/>
  </code>
</codes>
<codes class="bip:industries:1.0">
  <code code="I25800">
    <editdetail attribution="Reuters BIP Coding Group" action="confirmed" date="1997-08-12"/>
  </code>
</codes>
<codes class="bip:topics:1.0">
  <code code="C15">
    <editdetail attribution="Reuters BIP Coding Group" action="confirmed" date="1997-08-12"/>
  </code>
  <code code="C151">
    <editdetail attribution="Reuters BIP Coding Group" action="confirmed" date="1997-08-12"/>
  </code>
  <code code="C1511">
    <editdetail attribution="Reuters BIP Coding Group" action="confirmed" date="1997-08-12"/>
  </code>
  <code code="CCAT">
    <editdetail attribution="Reuters BIP Coding Group" action="confirmed" date="1997-08-12"/>
  </code>
</codes>
<dc element="dc.date.created" value="1997-08-12"/>
<dc element="dc.publisher" value="Reuters Holdings Plc"/>
<dc element="dc.date.published" value="1997-08-12"/>
<dc element="dc.source" value="Reuters"/>
<dc element="dc.creator.location" value="NEW YORK"/>
<dc element="dc.creator.location.country.name" value="USA"/>
<dc element="dc.source" value="Reuters"/>
</metadata>
</newsitem>
