<?xml version="1.0" encoding="iso-8859-1" ?>
<newsitem itemid="792918" id="root" date="1997-08-12" xml:lang="en">
<title>USA: REV Holdings extends tender offer for notes.</title>
<headline>REV Holdings extends tender offer for notes.</headline>
<dateline>NEW YORK 1997-08-12</dateline>
<text>
<p>REV Holdings Inc, formerly the Revlon Worldwide Corp, said Tuesday that it has extended its offer to the holders of $770 million of its senior secured discount notes, due 2001 to exchange them for its series B senior secured discount notes due 2001, until 1700 EDT/2100 GMT, August 13.</p>
<p>The company said that as of August 11, $763.2 million, or 99.1 percent of the notes have been tendered.</p>
<p>REV is a holding company whose only significant asset is 83.1 percent of the common stock of Revlon Inc.</p>
</text>
<copyright>(c) Reuters Limited 1997</copyright>
<metadata>
<codes class="bip:countries:1.0">
  <code code="USA">
    <editdetail attribution="Reuters BIP Coding Group" action="confirmed" date="1997-08-12"/>
  </code>
</codes>
<codes class="bip:topics:1.0">
  <code code="C17">
    <editdetail attribution="Reuters BIP Coding Group" action="confirmed" date="1997-08-12"/>
  </code>
  <code code="C172">
    <editdetail attribution="Reuters BIP Coding Group" action="confirmed" date="1997-08-12"/>
  </code>
  <code code="CCAT">
    <editdetail attribution="Reuters BIP Coding Group" action="confirmed" date="1997-08-12"/>
  </code>
</codes>
<dc element="dc.date.created" value="1997-08-12"/>
<dc element="dc.publisher" value="Reuters Holdings Plc"/>
<dc element="dc.date.published" value="1997-08-12"/>
<dc element="dc.source" value="Reuters"/>
<dc element="dc.creator.location" value="NEW YORK"/>
<dc element="dc.creator.location.country.name" value="USA"/>
<dc element="dc.source" value="Reuters"/>
</metadata>
</newsitem>
