<?xml version="1.0" encoding="iso-8859-1" ?>
<newsitem itemid="792910" id="root" date="1997-08-12" xml:lang="en">
<title>USA: TABLE - Score Board Inc Q2 loss narrows.</title>
<headline>TABLE - Score Board Inc Q2 loss narrows.</headline>
<dateline>CHERRY HILL, N.J. 1997-08-12</dateline>
<text>
<p>(in thousands, except per share amounts)</p>
<p>			 Three Months Ended     Six Months Ended</p>
<p>			   6/30/97   7/31/96    6/30/97     7/31/96</p>
<p> Net Sales	    $ 14,455  $  9,543    $ 25,637   $ 23,710</p>
<p> Cost of Goods Sold    9,710    14,342	17,242     24,954</p>
<p> Gross Profit	    4,745   (4,799)	 8,395    (1,244)</p>
<p>Selling, General and Administrative</p>
<p>    Expenses	     5,153     6,838	10,081     11,936</p>
<p>Net Loss from Operations</p>
<p>			     (408)  (11,637)     (1,686)   (13,180)</p>
<p> Interest Expense	  253	 327	   509	  846</p>
<p>Net Loss Before</p>
<p>  Extraordinary Gain   (661)  (11,964)     (2,195)   (14,026)</p>
<p>Extraordinary Gain Resulting From Early</p>
<p>    Extinguishment of Debt	   954	    --	  954</p>
<p> Net Loss		  (661)  (11,010)     (2,195)   (13,072)</p>
<p>Net Loss Per Share Before Extraordinary</p>
<p>    Gain		  (0.04)    (0.94)	(0.15)     (1.14)</p>
<p> Net (Loss) per Share (0.04)    (0.86)	(0.15)     (1.06)</p>
<p>Average Shares Outstanding</p>
<p>			14,689,000 12,762,000 14,689,000 12,294,000</p>
<p>-- New York Newsdesk 212 859-1610</p>
</text>
<copyright>(c) Reuters Limited 1997</copyright>
<metadata>
<codes class="bip:countries:1.0">
  <code code="USA">
    <editdetail attribution="Reuters BIP Coding Group" action="confirmed" date="1997-08-12"/>
  </code>
</codes>
<codes class="bip:industries:1.0">
  <code code="I49420">
    <editdetail attribution="Reuters BIP Coding Group" action="confirmed" date="1997-08-12"/>
  </code>
</codes>
<codes class="bip:topics:1.0">
  <code code="C15">
    <editdetail attribution="Reuters BIP Coding Group" action="confirmed" date="1997-08-12"/>
  </code>
  <code code="C151">
    <editdetail attribution="Reuters BIP Coding Group" action="confirmed" date="1997-08-12"/>
  </code>
  <code code="CCAT">
    <editdetail attribution="Reuters BIP Coding Group" action="confirmed" date="1997-08-12"/>
  </code>
</codes>
<dc element="dc.date.created" value="1997-08-12"/>
<dc element="dc.publisher" value="Reuters Holdings Plc"/>
<dc element="dc.date.published" value="1997-08-12"/>
<dc element="dc.source" value="Reuters"/>
<dc element="dc.creator.location" value="CHERRY HILL, N.J."/>
<dc element="dc.creator.location.country.name" value="USA"/>
<dc element="dc.source" value="Reuters"/>
</metadata>
</newsitem>
