<?xml version="1.0" encoding="iso-8859-1" ?>
<newsitem itemid="792921" id="root" date="1997-08-12" xml:lang="en">
<title>USA: Corp issuers creep out of woodwork amid rate dip.</title>
<headline>Corp issuers creep out of woodwork amid rate dip.</headline>
<dateline>NEW YORK 1997-08-12</dateline>
<text>
<p>While a dip in interest rates triggered a few high-grade issuers to creep out of the woodwork, the bulk of this week's supply is slated to come from the junk arena, dealers said.</p>
<p>&quot;The tone is a little upbeat but we're still not where we were a week and a half ago,&quot; said one high-grade syndicate source. &quot;If this continues, we may see some more names but for now its just wait and see.&quot;</p>
<p>Currently, the benchmark 30-year Treasury bond was up 17/32 at 97-3/32 to yield 6.60 percent.  </p>
<p>On July 31, the yield on the T-bond closed at 6.30 percent. Since then, rising long-term interest rates have sidelined the more rate sensitive investment grade issuers.</p>
<p>Meanwhile, among the new high-grade names that have emerged is Texas Utilities. The issuer is expected to sell $300 million in Baa2/BBB 10-year debt via Morgan Stanley Dean Witter, sources said.</p>
<p>Another issuer, ServiceMaster Co LP is expected to issue a $300 million two-part debt offering via JP Morgan Securities.  </p>
<p>S&amp;P said the downgrade was based on the firm's higher debt levels following the completion of the Barefoot Inc acquisition for $232 million and the repurchase of WMX Technologies' ownership interest in ServiceMaster.</p>
<p>ServiceMaster provides management of housekeeping, plant operations, food, linen and other services to healthcare and educational facilities.</p>
<p>Among other expected issues is a $125 million 10-year A3/A rated debt offering from Martin Marietta Materials' via Goldman Sachs &amp; Co, syndicate players said.</p>
</text>
<copyright>(c) Reuters Limited 1997</copyright>
<metadata>
<codes class="bip:countries:1.0">
  <code code="USA">
    <editdetail attribution="Reuters BIP Coding Group" action="confirmed" date="1997-08-12"/>
  </code>
</codes>
<codes class="bip:industries:1.0">
  <code code="I92110">
    <editdetail attribution="Reuters BIP Coding Group" action="confirmed" date="1997-08-12"/>
  </code>
  <code code="I95100">
    <editdetail attribution="Reuters BIP Coding Group" action="confirmed" date="1997-08-12"/>
  </code>
</codes>
<codes class="bip:topics:1.0">
  <code code="M12">
    <editdetail attribution="Reuters BIP Coding Group" action="confirmed" date="1997-08-12"/>
  </code>
  <code code="MCAT">
    <editdetail attribution="Reuters BIP Coding Group" action="confirmed" date="1997-08-12"/>
  </code>
</codes>
<dc element="dc.date.created" value="1997-08-12"/>
<dc element="dc.publisher" value="Reuters Holdings Plc"/>
<dc element="dc.date.published" value="1997-08-12"/>
<dc element="dc.source" value="Reuters"/>
<dc element="dc.creator.location" value="NEW YORK"/>
<dc element="dc.creator.location.country.name" value="USA"/>
<dc element="dc.source" value="Reuters"/>
</metadata>
</newsitem>
