<?xml version="1.0" encoding="iso-8859-1" ?>
<newsitem itemid="792919" id="root" date="1997-08-12" xml:lang="en">
<title>USA: TABLE - Sbarro Inc Q2 shr even.</title>
<headline>TABLE - Sbarro Inc Q2 shr even.</headline>
<dateline>COMMACK, N.Y. 1997-08-12</dateline>
<text>
<p>Period ended     July 13, 1997	     July 14, 1996</p>
<p> Shr			  $0.33		    $0.33</p>
<p> Net			  6,733		    6,642</p>
<p> Revs			75,301		   71,128</p>
<p> Avg shrs		  20,429		   20,364</p>
<p>	  SIX MONTHS</p>
<p> Shr			  $0.72		    $0.67</p>
<p> Net			 14,618		   13,617</p>
<p> Revs		     170,665		  159,185</p>
<p> Avg shrs		  20,413		   20,355</p>
<p>(All data above 000s except per share numbers)</p>
</text>
<copyright>(c) Reuters Limited 1997</copyright>
<metadata>
<codes class="bip:countries:1.0">
  <code code="USA">
    <editdetail attribution="Reuters BIP Coding Group" action="confirmed" date="1997-08-12"/>
  </code>
</codes>
<codes class="bip:industries:1.0">
  <code code="I66100">
    <editdetail attribution="Reuters BIP Coding Group" action="confirmed" date="1997-08-12"/>
  </code>
</codes>
<codes class="bip:topics:1.0">
  <code code="C15">
    <editdetail attribution="Reuters BIP Coding Group" action="confirmed" date="1997-08-12"/>
  </code>
  <code code="C151">
    <editdetail attribution="Reuters BIP Coding Group" action="confirmed" date="1997-08-12"/>
  </code>
  <code code="CCAT">
    <editdetail attribution="Reuters BIP Coding Group" action="confirmed" date="1997-08-12"/>
  </code>
</codes>
<dc element="dc.date.created" value="1997-08-12"/>
<dc element="dc.publisher" value="Reuters Holdings Plc"/>
<dc element="dc.date.published" value="1997-08-12"/>
<dc element="dc.source" value="Reuters"/>
<dc element="dc.creator.location" value="COMMACK, N.Y."/>
<dc element="dc.creator.location.country.name" value="USA"/>
<dc element="dc.source" value="Reuters"/>
</metadata>
</newsitem>
