<?xml version="1.0" encoding="iso-8859-1" ?>
<newsitem itemid="793096" id="root" date="1997-08-12" xml:lang="en">
<title>LITHUANIA: SHARES RISE SLIGHTLY, MAZHEIKU NAFTA LEAPS.</title>
<headline>SHARES RISE SLIGHTLY, MAZHEIKU NAFTA LEAPS.</headline>
<dateline>VILNIUS 1997-08-12</dateline>
<text>
<p>* Official list shares inch up 5.97 points to 1121.42 points.</p>
<p>* The broader group A index rose 28.57 points to 1904.05 points.</p>
<p>* Central market turnover 1.472 million litas.</p>
<p>* Mazheikiu Nafta leaps by 15.13 percent to 14.00 litas.</p>
<p>* Hermis Bank held steady at 267 litas and Vilniaus Bank was up by 0.29 percent to 306 litas.</p>
<p>* Rokishkis Cheese turns over 348,000 litas on the central market and registers 538,000 litas in block trades.</p>
<p>* Brokers say the government's Mazheikiu Nafta privatisation plans and good results for the first half of 1997 fueled its price rise.</p>
<p>Official list shares maintained their slow rise on the Vilnius bourse on Tuesday and Mazheikiu Nafta leapt by 15 percent as the market responded to its solid first half results, dealers said.</p>
<p>Central market volume was close to 1.5 million litas and the official list index inched up 5.97 points to 1121.42. The broader group A index rose 28.57 points to 1904.05 points.</p>
<p>Mazheikiu Nafta refinery rocketed to 14 litas from 12.15 litas on turnover of 207,000 litas on the central market and the firm registered business of 60,000 litas in block trades at prices ranging from 12.00 to 14.00 litas.</p>
<p>&quot;Mazheikiu Nafta's price rise was fueled by its good results...after a long break the company reported a profit,&quot; Arvydas Jacikevichius of Suprema brokerage told Reuters.</p>
<p>The company reported an 18.2 million litas profit for the first half of the year.</p>
<p>Dealers said that interest in the refinery was also prompted by the government's plans to privatise it.  </p>
<p>&quot;Lately we have noticed bigger buyers coming to the bourse and they tend to invest in the official list shares and that pushes the rest of the market,&quot; one dealer said.</p>
<p>Rokishkis Cheese inched to 48.05 litas from 48.00 litas on 348,000 litas turnover on the central market and it registered a deal of 538,000 litas in block trade prices ranging between from 48.0 litas to 48.5 litas.</p>
<p>Vilniaus Bank inched up to 306 litas from 305.1 litas on turnover of 319,000 litas while Hermis bank stayed steady at 267 litas on turnover of 224,000 litas and delers were not expecting abrupt changes in the sector.</p>
<p>Kalnapilis brewery continued to rise and advanced to 8.6 litas from 8.0 litas on turnover 15,000 litas.</p>
<p>-- Andrius Vilkancas, Vilnius newsroom +370 2 22 35 17</p>
</text>
<copyright>(c) Reuters Limited 1997</copyright>
<metadata>
<codes class="bip:countries:1.0">
  <code code="LITH">
    <editdetail attribution="Reuters BIP Coding Group" action="confirmed" date="1997-08-12"/>
  </code>
</codes>
<codes class="bip:topics:1.0">
  <code code="M11">
    <editdetail attribution="Reuters BIP Coding Group" action="confirmed" date="1997-08-12"/>
  </code>
  <code code="MCAT">
    <editdetail attribution="Reuters BIP Coding Group" action="confirmed" date="1997-08-12"/>
  </code>
</codes>
<dc element="dc.date.created" value="1997-08-12"/>
<dc element="dc.publisher" value="Reuters Holdings Plc"/>
<dc element="dc.date.published" value="1997-08-12"/>
<dc element="dc.source" value="Reuters"/>
<dc element="dc.creator.location" value="VILNIUS"/>
<dc element="dc.creator.location.country.name" value="LITHUANIA"/>
<dc element="dc.source" value="Reuters"/>
</metadata>
</newsitem>
