<?xml version="1.0" encoding="iso-8859-1" ?>
<newsitem itemid="793083" id="root" date="1997-08-12" xml:lang="en">
<title>SRI LANKA: CRICKET-SRI LANKA V INDIA SECOND TEST SCOREBOARD.</title>
<headline>CRICKET-SRI LANKA V INDIA SECOND TEST SCOREBOARD.</headline>
<dateline>COLOMBO 1997-08-12</dateline>
<text>
<p>Scoreboard on the fourth day of</p>
<p>the second and final test between Sri Lanka and India on</p>
<p>Tuesday.</p>
<p>Sri Lanka first innings 332 (A.de Silva 146)</p>
<p>India first innings 375 (S.Ganguly 147, S.Tendulkar 139)</p>
<p>Sri Lanka second innings (overnight 77-1)</p>
<p> S.Jayasuriya b Kuruvilla		  199</p>
<p> M.Atapattu c Azharuddin b Kumble	 29</p>
<p> R.Mahanama st Mongia b Kumble	    35</p>
<p> A.de Silva c sub (Kambli) b Kumble    120</p>
<p> A.Ranatunga run out			   1</p>
<p> R.Kaluwitharana run out		     2</p>
<p> M.Jayawardena c Mongia b Kuruvilla	7</p>
<p> C.Vaas not out				  5</p>
<p> Extras (b-1 lb-4 w-1 nb-11)		17</p>
<p> Total (7 wickets declared)		415</p>
<p>Fall of wickets: 1-65 2-145 3-363 4-369 5-374 6-394 7-415</p>
<p>Bowling: Mohanty 15-0-72-0 (w1), Prasad 16-1-72-0,</p>
<p>Kuruvilla 24-3-90-2 (9nb), Kumble 38.4-2-156-3 (1nb),</p>
<p>Ganguly 3-0-18-0, Dravid 1-0-2-0</p>
<p>India second innings</p>
<p> A.Jadeja not out	   35</p>
<p> N.Sidhu not out	    12</p>
<p> Extras (nb-2)		 2</p>
<p> Total (no wicket)	  49</p>
<p>Bowling (to date): Vaas 5-1-20-0, S.de Silva</p>
<p>5-2-7-0,Muralitharan 3-0-22-0 (2nb)</p>
</text>
<copyright>(c) Reuters Limited 1997</copyright>
<metadata>
<codes class="bip:countries:1.0">
  <code code="INDIA">
    <editdetail attribution="Reuters BIP Coding Group" action="confirmed" date="1997-08-12"/>
  </code>
  <code code="SRILAN">
    <editdetail attribution="Reuters BIP Coding Group" action="confirmed" date="1997-08-12"/>
  </code>
</codes>
<codes class="bip:topics:1.0">
  <code code="GCAT">
    <editdetail attribution="Reuters BIP Coding Group" action="confirmed" date="1997-08-12"/>
  </code>
  <code code="GSPO">
    <editdetail attribution="Reuters BIP Coding Group" action="confirmed" date="1997-08-12"/>
  </code>
</codes>
<dc element="dc.date.created" value="1997-08-12"/>
<dc element="dc.publisher" value="Reuters Holdings Plc"/>
<dc element="dc.date.published" value="1997-08-12"/>
<dc element="dc.source" value="Reuters"/>
<dc element="dc.creator.location" value="COLOMBO"/>
<dc element="dc.creator.location.country.name" value="SRI LANKA"/>
<dc element="dc.source" value="Reuters"/>
</metadata>
</newsitem>
