<?xml version="1.0" encoding="iso-8859-1" ?>
<newsitem itemid="793003" id="root" date="1997-08-12" xml:lang="en">
<title>USA: Pacific Intl names Rogers unit president.</title>
<headline>Pacific Intl names Rogers unit president.</headline>
<dateline>LOS ALAMITOS, Calif. 1997-08-12</dateline>
<text>
<p>Pacific International Enterprises Inc said that its CRUSH Innovative Sports Systems Inc unit named Lee Rogers, coach of the U.S. Amateur Snowboard Team, as its new president.</p>
<p>As president of CRUSH, Rogers will be responsible for capturing market share with a line of T-BONE boots and bindings along with other snowboard products.</p>
<p>The company did not say whom Rogers succeeds.</p>
</text>
<copyright>(c) Reuters Limited 1997</copyright>
<metadata>
<codes class="bip:countries:1.0">
  <code code="USA">
    <editdetail attribution="Reuters BIP Coding Group" action="confirmed" date="1997-08-12"/>
  </code>
</codes>
<codes class="bip:topics:1.0">
  <code code="C41">
    <editdetail attribution="Reuters BIP Coding Group" action="confirmed" date="1997-08-12"/>
  </code>
  <code code="C411">
    <editdetail attribution="Reuters BIP Coding Group" action="confirmed" date="1997-08-12"/>
  </code>
  <code code="CCAT">
    <editdetail attribution="Reuters BIP Coding Group" action="confirmed" date="1997-08-12"/>
  </code>
</codes>
<dc element="dc.date.created" value="1997-08-12"/>
<dc element="dc.publisher" value="Reuters Holdings Plc"/>
<dc element="dc.date.published" value="1997-08-12"/>
<dc element="dc.source" value="Reuters"/>
<dc element="dc.creator.location" value="LOS ALAMITOS, Calif."/>
<dc element="dc.creator.location.country.name" value="USA"/>
<dc element="dc.source" value="Reuters"/>
</metadata>
</newsitem>
