<?xml version="1.0" encoding="iso-8859-1" ?>
<newsitem itemid="793044" id="root" date="1997-08-12" xml:lang="en">
<title>UK: SOCCER-UEFA CUP SECOND PRELIMINARY ROUND COLLATED RESULTS.</title>
<headline>SOCCER-UEFA CUP SECOND PRELIMINARY ROUND COLLATED RESULTS.</headline>
<dateline>LONDON 1997-08-12</dateline>
<text>
<p>Collated results of UEFA Cup</p>
<p>second preliminary round, first leg matches played on Tuesday:</p>
<p>In Jablonec nad Nissou:</p>
<p>Jablonec (Czech Republic) 1 Orebro (Sweden) 1</p>
<p>Scorers:</p>
<p>Jablonec - Radovan Hromadko 20</p>
<p>Orebro - Dan Sahlin 67</p>
<p>    HT:    Att: 2,792</p>
<p>In Minsk:</p>
<p>Dynamo Minsk (Belarus) 0 Lillestrom (Norway) 2</p>
<p>Scorer: Dialo Mamadu 43, 75 (penalty)</p>
<p>    HT: 0-1.    Att: 1,200</p>
<p>In Nova Gorica, Slovenia:</p>
<p>HIT Gorica (Slovenia) 3  Club Bruges (Belgium)  5</p>
<p>Scorers:</p>
<p>Bruges  - Lorenzo Staelens 13 penalty, 21, 43 penalty, Gert</p>
<p>Claessens 11, 26.</p>
<p>Gorica - Milan Osterc 62, 64, 83</p>
<p>Red card: Florjan Debenjak (Gorica)</p>
<p>    HT: 0-5.    Att: 3,000</p>
<p>In Volgograd:</p>
<p>Rotor Volgograd (Russia) 2 Odra Wodzislaw (Poland) 0</p>
<p>Scorers: Vladimir Nidergauz 75, Oleg Veretennikov 89</p>
<p>     HT: 0-0.    Att: 30,000</p>
<p>In Vladikavkaz:</p>
<p>Alania Vladikavkaz (Russia) 2 Dnipro Dnipropetrovsk (Ukraine) 1</p>
<p>Scorers:</p>
<p>Alania - Raimondas Zhutautas 18, Mikhail Ashvetia 58</p>
<p>Dnipro - Alexander Palyanitsa 8</p>
<p>     HT: 1-1.    Att: 32,000</p>
<p>In Trabzon:</p>
<p>Trabzonspor (Turkey)  1  Dundee United (Scotland) 0</p>
<p>Scorer: Hami Mandirali 78 penalty</p>
<p>    HT: 0-0.    Att: 25,000</p>
<p>In Vienna:</p>
<p>Rapid Vienna (Austria) 6 Boby Brno (Czech Republic) 1</p>
<p>Scorers:</p>
<p>Rapid Vienna - Samuel Ipoua 36, 62, Peter Stoeger 45, 86,</p>
<p>Christian Prosenik 79, Christian Stumpf 80</p>
<p>Boby Brno - Richard Dostalek 53</p>
<p>    HT: 2-0.   Att: 14,000</p>
<p>In Zurich:</p>
<p>Grasshoppers (Switzerland) 3 Brann Bergen (Norway) 0</p>
<p>Scorers:</p>
<p>Joel Magnin 50, Kubilay Turkyilmaz 65, Pascal Thueler 83</p>
<p>    HT: 0-0.    Att: 5,650</p>
<p>In Brussels:</p>
<p>Anderlecht (Belgium) 2 Vorskla Poltava (Ukraine) 0</p>
<p>Scorers: Dan Petersen 18, Alin Stoica 90</p>
<p>    HT: 1-0.    Att: 18,167</p>
<p>In Helsingborg:</p>
<p>Helsingborg (Sweden) 0 Ferencvaros (Hungary) 1.</p>
<p>Scorer: Otto Vincze 41</p>
<p>    HT: 0-1.    Att: 6,523</p>
<p>In Neuchatel, Switzerland:</p>
<p>Neuchatel Xamax (Switzerland) 3 Viking Stavanger (Norway) 0 .</p>
<p>Scorers: Liazid Sandjak 53, 80, Are Fuglestad 59 own goal</p>
<p>HT: 0-0.</p>
<p>In Limassol, Cyprus:</p>
<p>Apollon Limassol (Cyprus) 0 Excelsior Muscron (Belgium)</p>
<p>Att: 12,000</p>
<p>In Split:</p>
<p>Hajduk Split (Croatia) 3 Malmo FF (Sweden) 2</p>
<p>Scorers:</p>
<p>Hajduk - Josip Skoko 78, Goce Sedloski 80, Mass Sarr 90</p>
<p>Malmo - Jonas Wirmola 11, Niklas Gudmundsen 60</p>
<p>    HT: 0-1.    Att: 15,000</p>
<p>In Salonika, Greece:</p>
<p>PAOK Salonika (Greece) 5 Spartak Trnava (Slovakia) 3</p>
<p>Scorers:</p>
<p>PAOK - Theodor Zagorakis 32 penalty, Spyros Maragos 35, 45,</p>
<p>Kostas</p>
<p>Frantzeskos 52, Percy Olivares 80</p>
<p>Spartak Trnava - Marek Ulaki 22, 27, Lubomir Luchovi 24.</p>
<p>    HT: 3-3.   Att: 40,000.</p>
<p>In Vejle:</p>
<p>Vejle (Denmark) 0 Hapoel Petah Tikvah (Israel) 0</p>
<p>Att: 3,070</p>
<p>In Budapest:</p>
<p>Ujpest (Hungary)  0  Aarhus (Denmark)  0</p>
<p>Att: 6,000</p>
<p>In Innsbruck, Austria:</p>
<p>Tirol Innsbruck (Austria) 2 Celtic (Scotland) 1</p>
<p>Scorers</p>
<p>Tirol Innsbruck - Christian Mayrleb 22, 28</p>
<p>Celtic - Stubbs 82</p>
<p>    HT: 2-0.   Att: 6,700</p>
<p>Second leg matches to be played on Tuesday, August 26.</p>
</text>
<copyright>(c) Reuters Limited 1997</copyright>
<metadata>
<codes class="bip:countries:1.0">
  <code code="UK">
    <editdetail attribution="Reuters BIP Coding Group" action="confirmed" date="1997-08-12"/>
  </code>
</codes>
<codes class="bip:topics:1.0">
  <code code="GCAT">
    <editdetail attribution="Reuters BIP Coding Group" action="confirmed" date="1997-08-12"/>
  </code>
  <code code="GSPO">
    <editdetail attribution="Reuters BIP Coding Group" action="confirmed" date="1997-08-12"/>
  </code>
</codes>
<dc element="dc.date.created" value="1997-08-12"/>
<dc element="dc.publisher" value="Reuters Holdings Plc"/>
<dc element="dc.date.published" value="1997-08-12"/>
<dc element="dc.source" value="Reuters"/>
<dc element="dc.creator.location" value="LONDON"/>
<dc element="dc.creator.location.country.name" value="UK"/>
<dc element="dc.source" value="Reuters"/>
</metadata>
</newsitem>
