<?xml version="1.0" encoding="iso-8859-1" ?>
<newsitem itemid="793015" id="root" date="1997-08-12" xml:lang="en">
<title>USA: DIARY - U.S. corporate earnings due Aug 12.</title>
<headline>DIARY - U.S. corporate earnings due Aug 12.</headline>
<dateline>NEW YORK 1997-08-12</dateline>
<text>
<p>The following companies are expected to report quarterly earnings today. Reporting dates, analysts' mean estimates and historical information are</p>
<p>provided by First Call.</p>
<p>------------------------------------------------------------</p>
<p>SYMBOL	CO NAME		     C-QTR  YR-AGO  ANN</p>
<p>AMAT    Applied Materials Inc	 3  0.68  0.92  2.49 12-aug</p>
<p>DE	Deere &amp; Co			3  0.96  0.79  3.75 12-aug</p>
<p>JCP     Penney (J.C.) Company Inc   2  0.37  0.37  3.44 12-aug</p>
<p>TJX     TJX Companies (The)	   2  0.26  0.19  1.55 12-aug</p>
<p>WMT     Wal-Mart Stores Inc	   2  0.35  0.31  1.53 12-aug</p>
</text>
<copyright>(c) Reuters Limited 1997</copyright>
<metadata>
<codes class="bip:countries:1.0">
  <code code="USA">
    <editdetail attribution="Reuters BIP Coding Group" action="confirmed" date="1997-08-12"/>
  </code>
</codes>
<codes class="bip:topics:1.0">
  <code code="C15">
    <editdetail attribution="Reuters BIP Coding Group" action="confirmed" date="1997-08-12"/>
  </code>
  <code code="C151">
    <editdetail attribution="Reuters BIP Coding Group" action="confirmed" date="1997-08-12"/>
  </code>
  <code code="C152">
    <editdetail attribution="Reuters BIP Coding Group" action="confirmed" date="1997-08-12"/>
  </code>
  <code code="CCAT">
    <editdetail attribution="Reuters BIP Coding Group" action="confirmed" date="1997-08-12"/>
  </code>
</codes>
<dc element="dc.date.created" value="1997-08-12"/>
<dc element="dc.publisher" value="Reuters Holdings Plc"/>
<dc element="dc.date.published" value="1997-08-12"/>
<dc element="dc.source" value="Reuters"/>
<dc element="dc.creator.location" value="NEW YORK"/>
<dc element="dc.creator.location.country.name" value="USA"/>
<dc element="dc.source" value="Reuters"/>
</metadata>
</newsitem>
