<?xml version="1.0" encoding="iso-8859-1" ?>
<newsitem itemid="793038" id="root" date="1997-08-12" xml:lang="en">
<title>UK: CRICKET-NATWEST TROPHY SEMIFINAL CLOSE SCORE.</title>
<headline>CRICKET-NATWEST TROPHY SEMIFINAL CLOSE SCORE.</headline>
<dateline>CHELMSFORD, England 1997-08-12</dateline>
<text>
<p>Bad light forced an end to play in the NatWest Trophy semifinal between Essex and Glamorgan on Tuesday.</p>
<p>Scores: Glamorgan 301-8 innings closed (60 overs), Essex 296-8 off 53.1 overs (S.Law 90, D.Robinson 62, R.Irani 51).</p>
<p>Match resumes on Wednesday with Essex requiring six runs to win.</p>
<p>Warwickshire and Sussex play their semifinal on Wednesday also.</p>
</text>
<copyright>(c) Reuters Limited 1997</copyright>
<metadata>
<codes class="bip:countries:1.0">
  <code code="UK">
    <editdetail attribution="Reuters BIP Coding Group" action="confirmed" date="1997-08-12"/>
  </code>
</codes>
<codes class="bip:topics:1.0">
  <code code="GCAT">
    <editdetail attribution="Reuters BIP Coding Group" action="confirmed" date="1997-08-12"/>
  </code>
  <code code="GSPO">
    <editdetail attribution="Reuters BIP Coding Group" action="confirmed" date="1997-08-12"/>
  </code>
</codes>
<dc element="dc.date.created" value="1997-08-12"/>
<dc element="dc.publisher" value="Reuters Holdings Plc"/>
<dc element="dc.date.published" value="1997-08-12"/>
<dc element="dc.source" value="Reuters"/>
<dc element="dc.creator.location" value="CHELMSFORD, England"/>
<dc element="dc.creator.location.country.name" value="UK"/>
<dc element="dc.source" value="Reuters"/>
</metadata>
</newsitem>
