<?xml version="1.0" encoding="iso-8859-1" ?>
<newsitem itemid="793078" id="root" date="1997-08-12" xml:lang="en">
<title>FRANCE: SOCCER-MONACO SEEK ANSWERS AFTER POOR START.</title>
<headline>SOCCER-MONACO SEEK ANSWERS AFTER POOR START.</headline>
<byline>Rex Gowar</byline>
<dateline>PARIS 1997-08-12</dateline>
<text>
<p>Monaco are struggling to come to terms with the worst start to a French league season by the defending champions since 1983.</p>
<p>They have just one point from two games -- equalling Nantes's poor start 14 years ago and their own the previous season -- and appear divided as to which area needs strengthening most.</p>
<p>Press reports suggest Monaco are on the point of signing a new striker to replace Brazil's Sonny Anderson, who has left for Barcelona.</p>
<p>Croat Robert Spehar, who has scored 41 goals in 50 matches since joining FC Bruges of Belgium little more than a year ago, is the chief target, according to Tuesday's L'Equipe.</p>
<p>But sources close to the club quote president Jean-Louis Campora as saying they are looking for another defender.</p>
<p>It is in defence that Monaco have lost the bulk of their most experienced players during the off-season with Patrick Blondeau, Gilles Grimandi and Emmanuel Petit all leaving for the English premier league.</p>
<p>Add the injury that has kept out Lilian Martin and only captain Franck Dumas remains from the championship back line at present.</p>
<p>Coach Jean Tigana has repeatedly said: &quot;I don't need reinforcements, I have all I need.&quot;</p>
<p>Tigana has pointed to the need for patience as he rebuilds a side in which few of the players, even those who have been at the club for one or more seasons, have played together much.</p>
<p>After Friday's surpise 2-2 draw at home to promoted Chateauroux, he said: &quot;You can't ask for the moon from youngsters just starting out in division one. I try to get the best from my squad. These youngsters could maybe surprise me.&quot;</p>
<p>Monaco's attacking options last season always centred on Anderson. His most frequent strike partner was teenage wing Thierry Henry, while Nigeria's Victor Ikpeba often started on the bench.</p>
<p>Now Henry and Ikpeba must become accustomed to a different, more classic, type of centre forward, less of a target man, in Franco-Argentine David Trezeguet, Henry's team mate at the World Youth championship in Malaysia in June.</p>
<p>Monaco's two goals so far came from moments of individual skill by new signings Japhet N'Doram and Stephane Carnot, both essentially playmakers.</p>
<p>Midfielder Ali Benarbia said he expected difficulties. &quot;You don't lose such good players as Blondeau, Petit and Anderson without a reaction,&quot; he said.</p>
<p>&quot;I've got used to adapting. But we haven't found the necessary order in attack yet. As in defence, there are a lot of things to sort out.&quot;</p>
<p>Of the eight previous defending champions since 1946 to have taken one or no points from their opening two games, none retained their title.</p>
</text>
<copyright>(c) Reuters Limited 1997</copyright>
<metadata>
<codes class="bip:countries:1.0">
  <code code="FRA">
    <editdetail attribution="Reuters BIP Coding Group" action="confirmed" date="1997-08-12"/>
  </code>
  <code code="MONAC">
    <editdetail attribution="Reuters BIP Coding Group" action="confirmed" date="1997-08-12"/>
  </code>
</codes>
<codes class="bip:topics:1.0">
  <code code="GCAT">
    <editdetail attribution="Reuters BIP Coding Group" action="confirmed" date="1997-08-12"/>
  </code>
  <code code="GSPO">
    <editdetail attribution="Reuters BIP Coding Group" action="confirmed" date="1997-08-12"/>
  </code>
</codes>
<dc element="dc.date.created" value="1997-08-12"/>
<dc element="dc.publisher" value="Reuters Holdings Plc"/>
<dc element="dc.date.published" value="1997-08-12"/>
<dc element="dc.source" value="Reuters"/>
<dc element="dc.creator.location" value="PARIS"/>
<dc element="dc.creator.location.country.name" value="FRANCE"/>
<dc element="dc.source" value="Reuters"/>
</metadata>
</newsitem>
