<?xml version="1.0" encoding="iso-8859-1" ?>
<newsitem itemid="793042" id="root" date="1997-08-12" xml:lang="en">
<title>FINLAND: ANGLERS CASTING INTO A FIELD OF DREAMS.</title>
<headline>ANGLERS CASTING INTO A FIELD OF DREAMS.</headline>
<byline>Sara Henley</byline>
<dateline>LAHTI, Finland 1997-08-12</dateline>
<text>
<p>George Blair, 82 years old and water-skiing barefoot with his hands free and the cord between his teeth, is no Olympic athlete.</p>
<p>And neither are the men with fishing rods casting their lines into a field rather than water.</p>
<p>But at the World Games anyone can dream.</p>
<p>In fact, the American's prowess on the water gave some of the water skiing competitors food for thought.</p>
<p>After the world mosquito-killing, wife-carrying and air-guitar playing world championships, Finland is hosting an altogether more serious affair this month. Well, sort of.</p>
<p>&quot;Everybody here has the same story -- we all want to be Olympic sports,&quot; said Swiss Roland Hilfiker of the World Air Sports Federation, and a sponsor of parachuting.</p>
<p>Bowling, artistic rollerskating, life-saving, tug-of-war and grenade-throwing are among the would-be Olympic events in the 10-day World Games, which the southern Finnish town of Lahti is hosting this week.</p>
<p>Actually, thankfully for all perhaps, it's not a real grenade they throw in the military pentathlon.</p>
<p>But competitors will be tested on accuracy and distance, and presumably it helps to imagine a bang at the end.</p>
<p>The fifth event of its kind, the Games were last staged in the Netherlands in 1993 to widespread local media derision.</p>
<p>But for the 2,000 participants from 80 countries in 24 different sports, it is no laughing matter.</p>
<p>There is sport and there are pastimes.</p>
<p>&quot;You go tell the bowlers 'we think you guys are playing marbles' and see what happens -- you'll come out like a chopped steak,&quot; said South African Ron Froehlich, president of the World Games Federation. Marbles is not a World Games event.</p>
<p>Indeed, bowling gold winner Patricia Schwarz from Germany said she has been competing since she was three years old. &quot;I think practise is very important for a bowler.&quot;</p>
<p>To qualify for World Games participation a sport has to have a recognised international federation, and not be included in the Olympic programme. It doesn't have to be easy.</p>
<p>Acrobats flipping each other underarm and overarm -- an event which in the last championship earned the callous moniker &quot;dropping the Chinese boy&quot; -- are, live, a heart-stopping spectacle.</p>
<p>Fortunately this year, the crowd's only gasps at the four-man tempo section in sports acrobatics were in amazement, when young Chinese, Belarussian and Russian men made perfect landings on their partners' crossed palms.</p>
<p>Precision parachute landings may sound a less stunning spectacle, but formation and freestyle skydiving, filmed by a co-jumping cameraman, is pretty knockout.</p>
<p>&quot;We're here to show people that this is not as offbeat as everyone thinks -- it requires as much physical fitness as any sport and more concentration than most,&quot; said Hilfiker.</p>
<p>Even casting -- which has everything to do with fishing, albeit without water, and nothing to do with the movies -- makes for far more excitement than regular angling.</p>
<p>Individuals line up with fishing rods in a field, casting and reeling in a tiny weight to hit small round wooden discs accurately and be the first to complete the course.</p>
<p>It does not sound very dynamic, but you have to see it.</p>
<p>&quot;He's a machine, this guy,&quot; said American Steve Rajeef, a multi-medalled contestant, as Czech Patrik Lexa cast, reeled, and cast his way to the gold. &quot;In six to eight years in competition no-one's ever seen him miss.&quot;</p>
<p>Rajeef, a keen ambassador for the sport who has been casting since he was 10, sees clear similarities in it to Olympic sports like shooting. But he prefers water over a dry course: &quot;Now it's more of a track and field event.&quot;</p>
<p>Much closer in many ways to Olympic events, although so far still out of the Olympic picture, is trampolining.</p>
<p>Buzzing around the practice session on Monday was talk of a deal to get it included in gymnastics, making way for limited representation at Sydney in 2000. Competitors say they can already see the difference in each others' motivation.</p>
<p>&quot;There's an Australian here, you can really see she's going to try to be the best,&quot; said Briton Sue Challis, a former world champion who said she was coming to the end of her years as a competitor. &quot;You know, she used to be 'just an Aussie'.&quot;</p>
<p>&quot;It's a bit like the economy -- you have to see growth as the ultimate aim,&quot; said Challis. &quot;Think about the publicity, the finance, the status: you have to get it.&quot;</p>
<p>Froehlich, himself a high flyer in the trampoline world, does not want to speculate which World Games events stand the best chance of following baseball, triathlon, taekwondo, softball and women's weightlifting on to the Olympic agenda.</p>
<p>But the pressure is constantly on to make room in the World Games for new variations and events -- like long-distance finswimming. Next up for likely inclusion are seven-a-side rugby and billiards.</p>
<p>&quot;You don't make fun of people's sport,&quot; Froehlich said.  120016 GMT aug 97</p>
</text>
<copyright>(c) Reuters Limited 1997</copyright>
<metadata>
<codes class="bip:countries:1.0">
  <code code="FIN">
    <editdetail attribution="Reuters BIP Coding Group" action="confirmed" date="1997-08-12"/>
  </code>
</codes>
<codes class="bip:topics:1.0">
  <code code="GCAT">
    <editdetail attribution="Reuters BIP Coding Group" action="confirmed" date="1997-08-12"/>
  </code>
  <code code="GSPO">
    <editdetail attribution="Reuters BIP Coding Group" action="confirmed" date="1997-08-12"/>
  </code>
</codes>
<dc element="dc.date.created" value="1997-08-12"/>
<dc element="dc.publisher" value="Reuters Holdings Plc"/>
<dc element="dc.date.published" value="1997-08-12"/>
<dc element="dc.source" value="Reuters"/>
<dc element="dc.creator.location" value="LAHTI, Finland"/>
<dc element="dc.creator.location.country.name" value="FINLAND"/>
<dc element="dc.source" value="Reuters"/>
</metadata>
</newsitem>
