<?xml version="1.0" encoding="iso-8859-1" ?>
<newsitem itemid="793009" id="root" date="1997-08-12" xml:lang="en">
<title>USA: TABLE-Fossil Q2 shr rises to $0.26 vs $0.19.</title>
<headline>TABLE-Fossil Q2 shr rises to $0.26 vs $0.19.</headline>
<dateline>RICHARDSON, Texas 1997-08-12</dateline>
<text>
<p>1997		     1996</p>
<p> Shr			  $0.26		    $0.19</p>
<p> Net			  3,634		    2,585</p>
<p> Net sales		 56,931		   45,238</p>
<p> Avg shrs		  13,807		   13,463</p>
<p>	  6  MONTHS ended July 5</p>
<p> Shr			  $0.48		    $0.37</p>
<p> Net			  6,609		    4,925</p>
<p> Net sales		104,381		   88,147</p>
<p> Avg shrs		  13,705		   13,356</p>
<p>(All data above 000s except per share numbers)</p>
<p>Note: The company reported operating income of $6.8  million compared with $4.6 million for the quarter.</p>
<p>the company's full name is Fossil Inc.</p>
</text>
<copyright>(c) Reuters Limited 1997</copyright>
<metadata>
<codes class="bip:countries:1.0">
  <code code="USA">
    <editdetail attribution="Reuters BIP Coding Group" action="confirmed" date="1997-08-12"/>
  </code>
</codes>
<codes class="bip:industries:1.0">
  <code code="I37400">
    <editdetail attribution="Reuters BIP Coding Group" action="confirmed" date="1997-08-12"/>
  </code>
</codes>
<codes class="bip:topics:1.0">
  <code code="C15">
    <editdetail attribution="Reuters BIP Coding Group" action="confirmed" date="1997-08-12"/>
  </code>
  <code code="C151">
    <editdetail attribution="Reuters BIP Coding Group" action="confirmed" date="1997-08-12"/>
  </code>
  <code code="CCAT">
    <editdetail attribution="Reuters BIP Coding Group" action="confirmed" date="1997-08-12"/>
  </code>
</codes>
<dc element="dc.date.created" value="1997-08-12"/>
<dc element="dc.publisher" value="Reuters Holdings Plc"/>
<dc element="dc.date.published" value="1997-08-12"/>
<dc element="dc.source" value="Reuters"/>
<dc element="dc.creator.location" value="RICHARDSON, Texas"/>
<dc element="dc.creator.location.country.name" value="USA"/>
<dc element="dc.source" value="Reuters"/>
</metadata>
</newsitem>
