<?xml version="1.0" encoding="iso-8859-1" ?>
<newsitem itemid="793002" id="root" date="1997-08-12" xml:lang="en">
<title>USA: CIMA LABS in pact with Schering.</title>
<headline>CIMA LABS in pact with Schering.</headline>
<dateline>MINNEAPOLIS 1997-08-12</dateline>
<text>
<p>CIMA Labs Inc said Tuesday it signed an exclusive agreement with Schering Corp to develop a fast dissolve formulation of a sustained release prescription product. The product was not identified.</p>
<p>Schering Corp is a wholly-owned subsidiary of Schering-Plough Corp.</p>
<p>In exchange for its development work and a license option, CIMA will receive an option fee and development fees.</p>
<p>&quot;We are excited to announce our first corporate partner for the combination of a sustained release prescription drug with our fast dissolve technology,&quot; said John Siebert, CIMA president and chief executive officer in a statement.</p>
<p>&quot;This agreement tracks our corporate goal to develop relationships in the prescription marketplace,&quot; he added.</p>
<p>CIMA's OraSolv is a patented oral dosage form which incorporates microencapsulated drug ingredients into tablets that dissolve quickly in the mouth.</p>
<p>CIMA develops and makes drug delivery technology.</p>
<p>			 ((Chicago newsdesk 312 408 8787))</p>
</text>
<copyright>(c) Reuters Limited 1997</copyright>
<metadata>
<codes class="bip:countries:1.0">
  <code code="USA">
    <editdetail attribution="Reuters BIP Coding Group" action="confirmed" date="1997-08-12"/>
  </code>
</codes>
<codes class="bip:industries:1.0">
  <code code="I25700">
    <editdetail attribution="Reuters BIP Coding Group" action="confirmed" date="1997-08-12"/>
  </code>
</codes>
<codes class="bip:topics:1.0">
  <code code="C33">
    <editdetail attribution="Reuters BIP Coding Group" action="confirmed" date="1997-08-12"/>
  </code>
  <code code="CCAT">
    <editdetail attribution="Reuters BIP Coding Group" action="confirmed" date="1997-08-12"/>
  </code>
</codes>
<dc element="dc.date.created" value="1997-08-12"/>
<dc element="dc.publisher" value="Reuters Holdings Plc"/>
<dc element="dc.date.published" value="1997-08-12"/>
<dc element="dc.source" value="Reuters"/>
<dc element="dc.creator.location" value="MINNEAPOLIS"/>
<dc element="dc.creator.location.country.name" value="USA"/>
<dc element="dc.source" value="Reuters"/>
</metadata>
</newsitem>
