<?xml version="1.0" encoding="iso-8859-1" ?>
<newsitem itemid="793050" id="root" date="1997-08-12" xml:lang="en">
<title>UK: SOCCER-EVERTON'S UNSWORTH SET FOR WEST HAM.</title>
<headline>SOCCER-EVERTON'S UNSWORTH SET FOR WEST HAM.</headline>
<dateline>LONDON 1997-08-12</dateline>
<text>
<p>Everton's former England defender David Unsworth has agreed to join West Ham in a deal that sees midfielder Danny Williamson going in the other direction.</p>
<p>Unsworth, valued at three million pounds ($4.7 million), has been in talks with West Ham manager Harry Redknapp but agreement is unlikely to be finalised until later in the week.</p>
<p>&quot;West Ham have already talked money and contracts with Dave, while we have done it the other way round and sorted out Danny's medical,&quot; said Everton manager Howard Kendall.</p>
<p>Unsworth played for England once in 1995 but his form dipped in the following season and he made only irregular appearances for his club.</p>
</text>
<copyright>(c) Reuters Limited 1997</copyright>
<metadata>
<codes class="bip:countries:1.0">
  <code code="UK">
    <editdetail attribution="Reuters BIP Coding Group" action="confirmed" date="1997-08-12"/>
  </code>
</codes>
<codes class="bip:topics:1.0">
  <code code="GCAT">
    <editdetail attribution="Reuters BIP Coding Group" action="confirmed" date="1997-08-12"/>
  </code>
  <code code="GSPO">
    <editdetail attribution="Reuters BIP Coding Group" action="confirmed" date="1997-08-12"/>
  </code>
</codes>
<dc element="dc.date.created" value="1997-08-12"/>
<dc element="dc.publisher" value="Reuters Holdings Plc"/>
<dc element="dc.date.published" value="1997-08-12"/>
<dc element="dc.source" value="Reuters"/>
<dc element="dc.creator.location" value="LONDON"/>
<dc element="dc.creator.location.country.name" value="UK"/>
<dc element="dc.source" value="Reuters"/>
</metadata>
</newsitem>
