<?xml version="1.0" encoding="iso-8859-1" ?>
<newsitem itemid="793055" id="root" date="1997-08-12" xml:lang="en">
<title>HUNGARY: UJPEST AND AARHUS DRAW 0-0 IN UEFA PRELIM FIRST LEG.</title>
<headline>UJPEST AND AARHUS DRAW 0-0 IN UEFA PRELIM FIRST LEG.</headline>
<dateline>BUDAPEST 1997-08-12</dateline>
<text>
<p>Ujpest of Hungary and Aarhus of Denmark drew 0-0 in their UEFA Cup second preliminary round first leg match in Budapest on Tuesday. Attendance: 6,000</p>
</text>
<copyright>(c) Reuters Limited 1997</copyright>
<metadata>
<codes class="bip:countries:1.0">
  <code code="DEN">
    <editdetail attribution="Reuters BIP Coding Group" action="confirmed" date="1997-08-12"/>
  </code>
  <code code="HUNG">
    <editdetail attribution="Reuters BIP Coding Group" action="confirmed" date="1997-08-12"/>
  </code>
</codes>
<codes class="bip:topics:1.0">
  <code code="GCAT">
    <editdetail attribution="Reuters BIP Coding Group" action="confirmed" date="1997-08-12"/>
  </code>
  <code code="GSPO">
    <editdetail attribution="Reuters BIP Coding Group" action="confirmed" date="1997-08-12"/>
  </code>
</codes>
<dc element="dc.date.created" value="1997-08-12"/>
<dc element="dc.publisher" value="Reuters Holdings Plc"/>
<dc element="dc.date.published" value="1997-08-12"/>
<dc element="dc.source" value="Reuters"/>
<dc element="dc.creator.location" value="BUDAPEST"/>
<dc element="dc.creator.location.country.name" value="HUNGARY"/>
<dc element="dc.source" value="Reuters"/>
</metadata>
</newsitem>
