<?xml version="1.0" encoding="iso-8859-1" ?>
<newsitem itemid="793107" id="root" date="1997-08-12" xml:lang="en">
<title>ESTONIA: HOIUPANK TO OPEN OFFICE IN LITHUANIA.</title>
<headline>HOIUPANK TO OPEN OFFICE IN LITHUANIA.</headline>
<dateline>TALLINN 1997-08-12</dateline>
<text>
<p>Estonia's second largest bank, Hoiupank, plans to open an office in Lithuania early next year, Hoiupank said on Tuesday.</p>
<p>&quot;We plan to open a representative office in Lithuania in January or February next year,&quot; Kristi Liiva, head of the bank's press office, told Reuters.</p>
<p>&quot;The office will give us a foot in the door to watch the market's development,&quot; she added.</p>
<p>&quot;It is only one small step of our larger strategy to expand into neighbouring countries,&quot; she added.</p>
<p>Hoiupank earlier said it was considering buying a Lithuanian bank, but this idea was dropped after several months of negotiations.</p>
<p>--Tallinn newsroom +372 620 9201/2 reuters@reuters.ee</p>
</text>
<copyright>(c) Reuters Limited 1997</copyright>
<metadata>
<codes class="bip:countries:1.0">
  <code code="ESTNIA">
    <editdetail attribution="Reuters BIP Coding Group" action="confirmed" date="1997-08-12"/>
  </code>
  <code code="LITH">
    <editdetail attribution="Reuters BIP Coding Group" action="confirmed" date="1997-08-12"/>
  </code>
</codes>
<codes class="bip:industries:1.0">
  <code code="I81403">
    <editdetail attribution="Reuters BIP Coding Group" action="confirmed" date="1997-08-12"/>
  </code>
</codes>
<codes class="bip:topics:1.0">
  <code code="C24">
    <editdetail attribution="Reuters BIP Coding Group" action="confirmed" date="1997-08-12"/>
  </code>
  <code code="CCAT">
    <editdetail attribution="Reuters BIP Coding Group" action="confirmed" date="1997-08-12"/>
  </code>
</codes>
<dc element="dc.date.created" value="1997-08-12"/>
<dc element="dc.publisher" value="Reuters Holdings Plc"/>
<dc element="dc.date.published" value="1997-08-12"/>
<dc element="dc.source" value="Reuters"/>
<dc element="dc.creator.location" value="TALLINN"/>
<dc element="dc.creator.location.country.name" value="ESTONIA"/>
<dc element="dc.source" value="Reuters"/>
</metadata>
</newsitem>
