<?xml version="1.0" encoding="iso-8859-1" ?>
<newsitem itemid="725096" id="root" date="1997-07-14" xml:lang="en">
<title>ETHIOPIA: ATHLETICS-ETHIOPIA'S GEBRSELASSIE TO MISS ATHENS.</title>
<headline>ATHLETICS-ETHIOPIA'S GEBRSELASSIE TO MISS ATHENS.</headline>
<dateline>ADDIS ABABA 1997-07-14</dateline>
<text>
<p>Ethiopia's Olympic 10,000 metres champion and world record holder Haile Gebrselassie said on Monday he would not participate in the world championships in Athens because the track was too hard.</p>
<p>&quot;I competed the Atlanta Olympics 10,000 metres event suffering great injuries with blood flowing from my soles. It took me a long time to recover from that injury and I do not want to undergo similar sufferings,&quot; he told reporters.  </p>
<p>Gebrselassie broke the 10,000 metres world record at the Bislett Games in Norway earlier this month.</p>
<p>Gebrselassie said he decided to pull out after hearing the Athens track was similar to the one used at the Atlanta Olympics, which he said favoured sprinters at the expense of distance runners.</p>
<p>An official of the Ethiopian Athletic Federation said he was unaware of Gebrselassie's decision.</p>
<p>&quot;As far as we are concerned, Haile is among the 24 Ethiopian athletes selected for the Athens games and he is participating in training without fail,&quot; said the official who declined to be named.</p>
</text>
<copyright>(c) Reuters Limited 1997</copyright>
<metadata>
<codes class="bip:countries:1.0">
  <code code="ETHPA">
    <editdetail attribution="Reuters BIP Coding Group" action="confirmed" date="1997-07-14"/>
  </code>
  <code code="GREECE">
    <editdetail attribution="Reuters BIP Coding Group" action="confirmed" date="1997-07-14"/>
  </code>
</codes>
<codes class="bip:topics:1.0">
  <code code="GCAT">
    <editdetail attribution="Reuters BIP Coding Group" action="confirmed" date="1997-07-14"/>
  </code>
  <code code="GSPO">
    <editdetail attribution="Reuters BIP Coding Group" action="confirmed" date="1997-07-14"/>
  </code>
</codes>
<dc element="dc.date.created" value="1997-07-14"/>
<dc element="dc.publisher" value="Reuters Holdings Plc"/>
<dc element="dc.date.published" value="1997-07-14"/>
<dc element="dc.source" value="Reuters"/>
<dc element="dc.creator.location" value="ADDIS ABABA"/>
<dc element="dc.creator.location.country.name" value="ETHIOPIA"/>
<dc element="dc.source" value="Reuters"/>
</metadata>
</newsitem>
