<?xml version="1.0" encoding="iso-8859-1" ?>
<newsitem itemid="725073" id="root" date="1997-07-14" xml:lang="en">
<title>UK: SOCCER-PAY-AS-YOU-PLAY DEAL TAKES NDLOVU TO BIRMINGHAM.</title>
<headline>SOCCER-PAY-AS-YOU-PLAY DEAL TAKES NDLOVU TO BIRMINGHAM.</headline>
<byline>Chris Moore</byline>
<dateline>BIRMINGHAM, England 1997-07-14</dateline>
<text>
<p>Zimbabwe international Peter Ndlovu's transfer from Premier League Coventry City to nearby Birmingham City of the First Division was resurrected on Monday with a rare pay-as-you-play agreement.</p>
<p>The 1.6 million pounds ($2.7 million) deal fell through last week because the 24-year-old forward failed a medical on an old knee injury.</p>
<p>But Birmingham have renegotiated the terms of the transfer with both Coventry and the player who will make the short 20-mile trip from Highfield Road to St Andrews with a four-year contract.</p>
<p>Birmingham will now pay Coventry a downpayment of just 200,000 pounds ($337,000), with the balance spread over the next three years.</p>
<p>But as Birmingham manager Trevor Francis explained: &quot;The remainder of the fee is dependent on the player actually playing for us, otherwise we do not have to make further payments.</p>
<p>&quot;The medical evidence suggests there is some risk involved because of his knee injury, but for 200,000 pounds we consider it a risk well worth taking.&quot;</p>
<p>Francis confirmed that a &quot;large percentage&quot; of Ndlovu's wages had also been renegotiated on the pay-as-you-play basis.</p>
<p>&quot;The thing that convinced me to sign him is that the player himself has shown me he has a genuine desire to come and play for us,&quot; said Francis.</p>
<p>&quot;He was willing to scrap the original contract and take the risk involved because he wants to play for Birmingham City and I applaud that.</p>
<p>&quot;Hopefully its a deal that will work out for both parties.&quot;</p>
<p>Ndlovu joined Coventry for only 10,000 pounds ($16,200) from Highlanders of Zimbabwe in August 1991 and made over 150 appearances for the Sky Blues.</p>
<p>He is a highly-talented skilful player, and with his amazing ball control at speed can create chances for himself and the other forwards almost at will. If he is fully fit he will be a powerful weapon as Birmingham bid to gain promotion to the premier league.</p>
<p>Francis said on Monday that striker Ole Martin Aarst of Norwegian club Tromso is spending a week on trial at St Andrews with a view to a 1.8 million pounds ($3 million) transfer.</p>
</text>
<copyright>(c) Reuters Limited 1997</copyright>
<metadata>
<codes class="bip:countries:1.0">
  <code code="UK">
    <editdetail attribution="Reuters BIP Coding Group" action="confirmed" date="1997-07-14"/>
  </code>
  <code code="ZIMBAB">
    <editdetail attribution="Reuters BIP Coding Group" action="confirmed" date="1997-07-14"/>
  </code>
</codes>
<codes class="bip:topics:1.0">
  <code code="GCAT">
    <editdetail attribution="Reuters BIP Coding Group" action="confirmed" date="1997-07-14"/>
  </code>
  <code code="GSPO">
    <editdetail attribution="Reuters BIP Coding Group" action="confirmed" date="1997-07-14"/>
  </code>
</codes>
<dc element="dc.date.created" value="1997-07-14"/>
<dc element="dc.publisher" value="Reuters Holdings Plc"/>
<dc element="dc.date.published" value="1997-07-14"/>
<dc element="dc.source" value="Reuters"/>
<dc element="dc.creator.location" value="BIRMINGHAM, England"/>
<dc element="dc.creator.location.country.name" value="UK"/>
<dc element="dc.source" value="Reuters"/>
</metadata>
</newsitem>
