<?xml version="1.0" encoding="iso-8859-1" ?>
<newsitem itemid="725063" id="root" date="1997-07-14" xml:lang="en">
<title>FRANCE: CYCLING-ULLRICH LOOKS THE MAN TO BEAT.</title>
<headline>CYCLING-ULLRICH LOOKS THE MAN TO BEAT.</headline>
<byline>Rex Gowar</byline>
<dateline>LOUDENVIELLE, France 1997-07-14</dateline>
<text>
<p>Richard Virenque, third last year, is looking to become the first Frenchman since Bernard Hinault in 1985 to win the Tour de France.</p>
<p>But to do this he will have to overcome what appears to be a formidable challenge from Germany's Jan Ullrich, a surprise second in his first Tour in 1996 who stamped his authority on the first mountain stage on Monday.</p>
<p>Ullrich did not chase Virenque's compatriot and Festina team mate Laurent Brochard, the ninth stage winner, on the fast final descent into Loudenvielle in the Pyrenees, looking simply to keep in touch with Virenque.</p>
<p>The pair and Italian Marco Pantani all finished 14 seconds behind Brochard, but Ullrich is now second overall only 13 seconds behind Frenchman Cedric Vasseur, whose grip on the yellow jersey is tenuous.</p>
<p>Virenque is 1:43 behind, along with Ullrich's Telekom team leader Bjarne Riis, the defending champion, while third-placed Spaniard Abraham Olano is 1:14 behind.</p>
<p>But rather than Olano looking capable of stepping into the shoes of his former great Banesto team leader Miguel Indurain, five times Tour winner, it is Ullrich who shows all the signs of a future great.</p>
<p>In fact, only the Telekom team's Belgian manager Walter Godefroot appears to stand between Ullrich and the freedom to seek his own destiny instead of backing up Riis.</p>
<p>The 23-year-old Berliner showed exemplary loyalty on Monday as he worked for Riis throughout the first of a string of tough mountain stages set to reveal this year's likely winner.</p>
<p>Only on the last ascent of the day at Val Louron, when Virenque attacked, did Ullrich break away with the Frenchman in a bid to keep him in check, awaiting the arrival of Riis.</p>
<p>Riis, however, struggled to keep up, although he said afterwards he was not concerned as it was early days.</p>
<p>Ullrich never looked in trouble, not even on that final ascent when he kept up with the two best climbers, Virenque and Pantani.</p>
<p>&quot;When Virenque attacked I went after him and thought Riis would come up,&quot; Ullrich said.</p>
<p>The ease with which he stayed the pace recalled a memorable and very similar stage at the same Val Louron peak in 1991 when Indurain proved equal to Claudio Chiapucci when the great Italian climber attacked.</p>
<p>Indurain went on to achieve the first of his five successive Tour de France victories.</p>
<p>&quot;Jan rode very strongly today. He had a superb day. He was stronger than everyone,&quot; Riis said.</p>
<p>But the Dane does not appear ready to relinquish his status, saying: &quot;The team was strong in the climbs. We had the race under control...</p>
<p>&quot;If (Ullrich) takes the overall lead then that means we have the (yellow) jersey. We will win the Tour together.</p>
<p>&quot;But I remain the team leader,&quot; he added.</p>
</text>
<copyright>(c) Reuters Limited 1997</copyright>
<metadata>
<codes class="bip:countries:1.0">
  <code code="FRA">
    <editdetail attribution="Reuters BIP Coding Group" action="confirmed" date="1997-07-14"/>
  </code>
</codes>
<codes class="bip:topics:1.0">
  <code code="GCAT">
    <editdetail attribution="Reuters BIP Coding Group" action="confirmed" date="1997-07-14"/>
  </code>
  <code code="GSPO">
    <editdetail attribution="Reuters BIP Coding Group" action="confirmed" date="1997-07-14"/>
  </code>
</codes>
<dc element="dc.date.created" value="1997-07-14"/>
<dc element="dc.publisher" value="Reuters Holdings Plc"/>
<dc element="dc.date.published" value="1997-07-14"/>
<dc element="dc.source" value="Reuters"/>
<dc element="dc.creator.location" value="LOUDENVIELLE, France"/>
<dc element="dc.creator.location.country.name" value="FRANCE"/>
<dc element="dc.source" value="Reuters"/>
</metadata>
</newsitem>
