<?xml version="1.0" encoding="iso-8859-1" ?>
<newsitem itemid="725071" id="root" date="1997-07-14" xml:lang="en">
<title>UK: GOLF-WOODS GIVEN &quot;PROTECTION&quot; FROM FANS.</title>
<headline>GOLF-WOODS GIVEN &quot;PROTECTION&quot; FROM FANS.</headline>
<byline>Brian Creighton</byline>
<dateline>TROON, Scotland 1997-07-14</dateline>
<text>
<p>Tiger Woods tackled Royal Troon for the first time on Monday accompanied by about 400 spectators and four marshals charged with keeping the crowd at bay.</p>
<p>But the &quot;minders&quot; had little to do as the young American favourite took on the potentially troublesome Western Scottish links where the British Open starts on Thursday.</p>
<p>&quot;We're basically crowd beaters but we hope we won't have to beat up any crowds,&quot; one of the marshals said before Woods began.</p>
<p>Michael Bonallack, secretary of the organising Royal and Ancient Club, said the marshals' job &quot;was to make sure the people don't badger him too much so he can concentrate on golf and not have to sign autographs all the time&quot;.</p>
<p>Bonallack said that a police officer might be assigned to Woods later in the week.</p>
<p>Woods, whose achievements have been startling since he turned professional late last summer, was not out to humble the course on his first visit.</p>
<p>Playing with close friend and Florida neighbour Mark O'Meara, John Cook and Dudley Hart, the world number one went gently about the process of learning the 7,079-yard layout.</p>
<p>With a slight wind behind, Woods might have tried his luck at driving the first few greens on the relatively easy opening holes, but he spurned the opportunity.</p>
<p>His tee shot at the 364-yard first finished in rough some 40 yards short of the green.</p>
<p>At the 391-yard second and the 379-yard third, he used an iron off the tee for safety -- a significant clue to his plan of attack.</p>
<p>He found more rough off the tee at the 557-yard fourth and his escape shot landed short of the green and took a sharp bounce left.</p>
<p>Woods was preparing for his third British Open. He was still an amateur when he finished joint 66th at St Andrews and joint 22nd at Royal Lytham last year.</p>
</text>
<copyright>(c) Reuters Limited 1997</copyright>
<metadata>
<codes class="bip:countries:1.0">
  <code code="UK">
    <editdetail attribution="Reuters BIP Coding Group" action="confirmed" date="1997-07-14"/>
  </code>
  <code code="USA">
    <editdetail attribution="Reuters BIP Coding Group" action="confirmed" date="1997-07-14"/>
  </code>
</codes>
<codes class="bip:topics:1.0">
  <code code="GCAT">
    <editdetail attribution="Reuters BIP Coding Group" action="confirmed" date="1997-07-14"/>
  </code>
  <code code="GSPO">
    <editdetail attribution="Reuters BIP Coding Group" action="confirmed" date="1997-07-14"/>
  </code>
</codes>
<dc element="dc.date.created" value="1997-07-14"/>
<dc element="dc.publisher" value="Reuters Holdings Plc"/>
<dc element="dc.date.published" value="1997-07-14"/>
<dc element="dc.source" value="Reuters"/>
<dc element="dc.creator.location" value="TROON, Scotland"/>
<dc element="dc.creator.location.country.name" value="UK"/>
<dc element="dc.source" value="Reuters"/>
</metadata>
</newsitem>
