<?xml version="1.0" encoding="iso-8859-1" ?>
<newsitem itemid="725187" id="root" date="1997-07-14" xml:lang="en">
<title>ESTONIA: TALLINN HEATING, WATER ISSUE CPS.</title>
<headline>TALLINN HEATING, WATER ISSUE CPS.</headline>
<dateline>TALLINN 1997-07-14</dateline>
<text>
<p>Tallinn Heating and Tallinn Water will issue new commercial papers in July, Hansapank said on Monday.</p>
<p>Tallinn Heating will on July 30 issue 35 million kroons in three-month commercial paper yielding 7.7 percent, the bank's interest rate products manager Ulo Kallas said.</p>
<p>Tallinn Water will on July 29 issue 40 million kroons in three-month commercial papers with a yield of 7.0 percent.</p>
<p>Kallas added that Hansa Liising today increased its commercial paper issue of 40 million kroons to 45 million kroons. The paper, maturing in one and half months, yields 6.3 percent.</p>
<p>-- Eva Palu, Tallinn newsroom, +372 6209 201, reuters@reuters.ee</p>
</text>
<copyright>(c) Reuters Limited 1997</copyright>
<metadata>
<codes class="bip:countries:1.0">
  <code code="ESTNIA">
    <editdetail attribution="Reuters BIP Coding Group" action="confirmed" date="1997-07-14"/>
  </code>
</codes>
<codes class="bip:industries:1.0">
  <code code="I17000">
    <editdetail attribution="Reuters BIP Coding Group" action="confirmed" date="1997-07-14"/>
  </code>
  <code code="I81402">
    <editdetail attribution="Reuters BIP Coding Group" action="confirmed" date="1997-07-14"/>
  </code>
</codes>
<codes class="bip:topics:1.0">
  <code code="C17">
    <editdetail attribution="Reuters BIP Coding Group" action="confirmed" date="1997-07-14"/>
  </code>
  <code code="C172">
    <editdetail attribution="Reuters BIP Coding Group" action="confirmed" date="1997-07-14"/>
  </code>
  <code code="CCAT">
    <editdetail attribution="Reuters BIP Coding Group" action="confirmed" date="1997-07-14"/>
  </code>
</codes>
<dc element="dc.date.created" value="1997-07-14"/>
<dc element="dc.publisher" value="Reuters Holdings Plc"/>
<dc element="dc.date.published" value="1997-07-14"/>
<dc element="dc.source" value="Reuters"/>
<dc element="dc.creator.location" value="TALLINN"/>
<dc element="dc.creator.location.country.name" value="ESTONIA"/>
<dc element="dc.source" value="Reuters"/>
</metadata>
</newsitem>
