<?xml version="1.0" encoding="iso-8859-1" ?>
<newsitem itemid="725114" id="root" date="1997-07-14" xml:lang="en">
<title>USA: NFL AMERICAN FOOTBALL-REDSKINS SETTLE FOR ONE-YEAR DEAL WITH FREROTTE.</title>
<headline>NFL AMERICAN FOOTBALL-REDSKINS SETTLE FOR ONE-YEAR DEAL WITH FREROTTE.</headline>
<dateline>WASHINGTON 1997-07-14</dateline>
<text>
<p>The Washington Redskins were unable to sign quarterback Gus Frerotte to a multi-year deal, but settled with him on a one-year contract before the start of training camp, the team said Monday.</p>
<p>Terms were not disclosed, but it is believed that Frerotte received a deal worth more than $1 million.</p>
<p>Frerotte, a seventh-round pick from Tulsa in 1994, won the starting job from Heath Shuler in last year's training camp and led the Redskins to a 7-1 record in the first half of the season. But Washington struggled to a 2-6 mark in the second half and barely missed the playoffs with a 9-7 record.</p>
<p>Frerotte passed for 3,453 yards last season, second only to Brett Favre in the NFC. He completed 57 percent of his passes with 12 touchdowns and 11 interceptions.</p>
<p>The Redskins signed veteran Jeff Hostetler on June 18th, one day after he was waived by the Oakland Raiders, to serve as a backup to Frerotte. Hostetler completed 60 percent of his passes for 2,548 yards with 23 touchdowns and 14 interceptions in 13 games last season. The Redskins had been searching for a backup to Frerotte since dealing Shuler to New Orleans in April.</p>
<p>The Redskins begin training camp on Thursday at Frostburg State.</p>
</text>
<copyright>(c) Reuters Limited 1997</copyright>
<metadata>
<codes class="bip:countries:1.0">
  <code code="USA">
    <editdetail attribution="Reuters BIP Coding Group" action="confirmed" date="1997-07-14"/>
  </code>
</codes>
<codes class="bip:topics:1.0">
  <code code="GCAT">
    <editdetail attribution="Reuters BIP Coding Group" action="confirmed" date="1997-07-14"/>
  </code>
  <code code="GSPO">
    <editdetail attribution="Reuters BIP Coding Group" action="confirmed" date="1997-07-14"/>
  </code>
</codes>
<dc element="dc.date.created" value="1997-07-14"/>
<dc element="dc.publisher" value="Reuters Holdings Plc"/>
<dc element="dc.date.published" value="1997-07-14"/>
<dc element="dc.source" value="Reuters"/>
<dc element="dc.creator.location" value="WASHINGTON"/>
<dc element="dc.creator.location.country.name" value="USA"/>
<dc element="dc.source" value="Reuters"/>
</metadata>
</newsitem>
