<?xml version="1.0" encoding="iso-8859-1" ?>
<newsitem itemid="725164" id="root" date="1997-07-14" xml:lang="en">
<title>POLAND: POLISH BANK PEKAO SEEKS INSURER PZU STAKE.</title>
<headline>POLISH BANK PEKAO SEEKS INSURER PZU STAKE.</headline>
<dateline>WARSAW 1997-07-14</dateline>
<text>
<p>Poland's Bank Pekao SA and computer firm Prokom seek a stake in Poland's largest insurer Powszechny Zaklad Ubezpieczen SA (PZU) at its privatisation expected at the end of July, a PZU deputy president said.</p>
<p>&quot;I confirm that those firms are interested in taking part in the privatisation of PZU SA, but there are also many other candidates from both home and abroad,&quot; Elzbieta Turkowska- Tyrluk told a news conference on Monday.</p>
<p>Prokom is one of Poland's largest computer systems suppliers while the privatisation of the Pekao group is due next year. The media have signalled they were on the list of prospective investors but so far the companies would not confirm the reports.</p>
<p>Turkowska-Tyrluk said potential investors were not taken aback by PZU's estimate it would have to pay 320 million zlotys in claims linked with the current flooding in Poland.</p>
<p>PZU has said that information memorandums were sent to four foreign and domestic groups which formed from 21 entities interested in PZU shares.</p>
<p>-- Warsaw Newsroom +48 22 653 9700</p>
</text>
<copyright>(c) Reuters Limited 1997</copyright>
<metadata>
<codes class="bip:countries:1.0">
  <code code="POL">
    <editdetail attribution="Reuters BIP Coding Group" action="confirmed" date="1997-07-14"/>
  </code>
</codes>
<codes class="bip:industries:1.0">
  <code code="I33030">
    <editdetail attribution="Reuters BIP Coding Group" action="confirmed" date="1997-07-14"/>
  </code>
  <code code="I81403">
    <editdetail attribution="Reuters BIP Coding Group" action="confirmed" date="1997-07-14"/>
  </code>
  <code code="I82000">
    <editdetail attribution="Reuters BIP Coding Group" action="confirmed" date="1997-07-14"/>
  </code>
</codes>
<codes class="bip:topics:1.0">
  <code code="C18">
    <editdetail attribution="Reuters BIP Coding Group" action="confirmed" date="1997-07-14"/>
  </code>
  <code code="C181">
    <editdetail attribution="Reuters BIP Coding Group" action="confirmed" date="1997-07-14"/>
  </code>
  <code code="C183">
    <editdetail attribution="Reuters BIP Coding Group" action="confirmed" date="1997-07-14"/>
  </code>
  <code code="CCAT">
    <editdetail attribution="Reuters BIP Coding Group" action="confirmed" date="1997-07-14"/>
  </code>
</codes>
<dc element="dc.date.created" value="1997-07-14"/>
<dc element="dc.publisher" value="Reuters Holdings Plc"/>
<dc element="dc.date.published" value="1997-07-14"/>
<dc element="dc.source" value="Reuters"/>
<dc element="dc.creator.location" value="WARSAW"/>
<dc element="dc.creator.location.country.name" value="POLAND"/>
<dc element="dc.source" value="Reuters"/>
</metadata>
</newsitem>
