<?xml version="1.0" encoding="iso-8859-1" ?>
<newsitem itemid="725128" id="root" date="1997-07-14" xml:lang="en">
<title>SRI LANKA: CRICKET-SRI LANKA 239 ALL OUT IN ASIA CUP.</title>
<headline>CRICKET-SRI LANKA 239 ALL OUT IN ASIA CUP.</headline>
<dateline>COLOMBO 1997-07-14</dateline>
<text>
<p>Sri Lanka were all out for 239 off 49.5 overs in their Asia Cup match against Pakistan on Monday.</p>
</text>
<copyright>(c) Reuters Limited 1997</copyright>
<metadata>
<codes class="bip:countries:1.0">
  <code code="PAKIS">
    <editdetail attribution="Reuters BIP Coding Group" action="confirmed" date="1997-07-14"/>
  </code>
  <code code="SRILAN">
    <editdetail attribution="Reuters BIP Coding Group" action="confirmed" date="1997-07-14"/>
  </code>
</codes>
<codes class="bip:topics:1.0">
  <code code="GCAT">
    <editdetail attribution="Reuters BIP Coding Group" action="confirmed" date="1997-07-14"/>
  </code>
  <code code="GSPO">
    <editdetail attribution="Reuters BIP Coding Group" action="confirmed" date="1997-07-14"/>
  </code>
</codes>
<dc element="dc.date.created" value="1997-07-14"/>
<dc element="dc.publisher" value="Reuters Holdings Plc"/>
<dc element="dc.date.published" value="1997-07-14"/>
<dc element="dc.source" value="Reuters"/>
<dc element="dc.creator.location" value="COLOMBO"/>
<dc element="dc.creator.location.country.name" value="SRI LANKA"/>
<dc element="dc.source" value="Reuters"/>
</metadata>
</newsitem>
