<?xml version="1.0" encoding="iso-8859-1" ?>
<newsitem itemid="725116" id="root" date="1997-07-14" xml:lang="en">
<title>USA: BASEBALL-STANDINGS AFTER SUNDAY'S MAJOR LEAGUE GAMES.</title>
<headline>BASEBALL-STANDINGS AFTER SUNDAY'S MAJOR LEAGUE GAMES.</headline>
<dateline>NEW YORK 1997-07-13</dateline>
<text>
<p>Major League Baseball</p>
<p>standings after games on Sunday (tabulate under wins, losses,</p>
<p>winning percentage and games behind first):</p>
<p>		  AMERICAN LEAGUE</p>
<p>		  EAST DIVISION</p>
<p>			 W    L   PCT  GB</p>
<p> BALTIMORE	  55   33  .625   -</p>
<p> NY YANKEES	 51   38  .573   4 1/2</p>
<p> TORONTO	    43   44  .494  11 1/2</p>
<p> DETROIT	    42   47  .472  13 1/2</p>
<p> BOSTON	     39   51  .433  17</p>
<p>		  CENTRAL DIVISION</p>
<p>			 W    L   PCT  GB</p>
<p> CLEVELAND	  47   37  .560   -</p>
<p> CHI WHITE SOX    47   42  .528   2 1/2</p>
<p> MILWAUKEE	  42   44  .488   6</p>
<p> MINNESOTA	  38   51  .427  11 1/2</p>
<p> KANSAS CITY	36   50  .419  12</p>
<p>		  WEST DIVISION</p>
<p>			 W    L   PCT  GB</p>
<p> SEATTLE	    51   40  .560   -</p>
<p> ANAHEIM	    48   42  .533   2 1/2</p>
<p> TEXAS		45   44  .506   5</p>
<p> OAKLAND	    37   56  .398  15</p>
<p>MONDAY, JULY 14 SCHEDULE</p>
<p>DETROIT AT BOSTON		</p>
<p>TORONTO AT BALTIMORE	   </p>
<p>CLEVELAND AT NY YANKEES	</p>
<p>MILWAUKEE AT KANSAS CITY     </p>
<p>CHI WHITE SOX AT MINNESOTA   </p>
<p>TEXAS AT ANAHEIM		 </p>
<p>SEATTLE AT OAKLAND	     </p>
<p>		  NATIONAL LEAGUE</p>
<p>		  EAST DIVISION</p>
<p>			 W    L   PCT  GB</p>
<p> ATLANTA	    58   33  .637   -</p>
<p> FLORIDA	    52   37  .584   5</p>
<p> NY METS	    51   39  .567   6 1/2</p>
<p> MONTREAL	   49   40  .551   8</p>
<p> PHILADELPHIA     25   63  .284  31 1/2</p>
<p>		  CENTRAL DIVISION</p>
<p>			 W    L   PCT  GB</p>
<p> PITTSBURGH	 45   45  .500   -</p>
<p> HOUSTON	    45   47  .489   1</p>
<p> ST LOUIS	   44   46  .489   1</p>
<p> CINCINNATI	 39   50  .438   5 1/2</p>
<p> CHICAGO CUBS     38   53  .418   7 1/2</p>
<p>		  WEST DIVISION</p>
<p>			 W    L   PCT  GB</p>
<p> SAN FRANCISCO    52   39  .571   -</p>
<p> LOS ANGELES	48   43  .527   4</p>
<p> COLORADO	   44   48  .478   8 1/2</p>
<p> SAN DIEGO	  41   50  .451  11</p>
<p>MONDAY, JULY 14 SCHEDULE</p>
<p>MONTREAL AT FLORIDA	    </p>
<p>ST LOUIS AT CINCINNATI	 </p>
<p>NY METS AT PITTSBURGH	  </p>
<p>PHILADELPHIA AT ATLANTA	</p>
<p>HOUSTON AT CHICAGO CUBS	</p>
<p>LOS ANGELES AT COLORADO	</p>
<p>SAN FRANCISCO AT SAN DIEGO</p>
</text>
<copyright>(c) Reuters Limited 1997</copyright>
<metadata>
<codes class="bip:countries:1.0">
  <code code="USA">
    <editdetail attribution="Reuters BIP Coding Group" action="confirmed" date="1997-07-14"/>
  </code>
</codes>
<codes class="bip:topics:1.0">
  <code code="GCAT">
    <editdetail attribution="Reuters BIP Coding Group" action="confirmed" date="1997-07-14"/>
  </code>
  <code code="GSPO">
    <editdetail attribution="Reuters BIP Coding Group" action="confirmed" date="1997-07-14"/>
  </code>
</codes>
<dc element="dc.date.created" value="1997-07-13"/>
<dc element="dc.publisher" value="Reuters Holdings Plc"/>
<dc element="dc.date.published" value="1997-07-14"/>
<dc element="dc.source" value="Reuters"/>
<dc element="dc.creator.location" value="NEW YORK"/>
<dc element="dc.creator.location.country.name" value="USA"/>
<dc element="dc.source" value="Reuters"/>
</metadata>
</newsitem>
