<?xml version="1.0" encoding="iso-8859-1" ?>
<newsitem itemid="725197" id="root" date="1997-07-14" xml:lang="en">
<title>BULGARIA: BULGARIA'S JOINING NATO HINGED ON SPEEDY REFORM.</title>
<headline>BULGARIA'S JOINING NATO HINGED ON SPEEDY REFORM.</headline>
<byline>Elisaveta Konstantinova</byline>
<dateline>SOFIA 1997-07-14</dateline>
<text>
<p>U.S. Defence Secretary William Cohen said on Monday Bulgaria had strong chances of joining NATO in future rounds of enlargement as soon as it overhauled its crisis-torn economy and Soviet-style military force.</p>
<p>Wrapping up an eight-day tour of Hungary, Ukraine and Bulgaria to assure Eastern European democracies that NATO remained open to more new members after inviting Poland, Hungary and the Czech Republic to join in 1999, Cohen told reporters at Sofia airport:</p>
<p>&quot;The decision in Madrid was a clear signal that as long as Bulgaria continues on its current path...of establishing strong civilian control over the military and reforming its military to bring it up to NATO standards, it will be a very strong contender for admission in the future rounds.&quot;</p>
<p>Cohen, President Bill Clinton and Secretary of State Madeleine Albright embarked last weeik on a post-Madrid diplomatic shuttle to explain U.S. policy on expansion of the alliance.</p>
<p>The secretary made no immediate promise of concrete additional U.S. military funds for Bulgaria's Soviet-style armed forces and did not say when Bulgaria, one of the staunchest Soviet allies during the Cold War, might be ready to join the alliance.</p>
<p>The Madrid summit named Slovenia and Bulgaria's northern neighbour, Romania, as possible front-runners for membership in the future.</p>
<p>&quot;It is difficult to carry out quick changes in the army, but we are determined to launch and complete these reforms,&quot; said Georgi Ananiev, the country's first civilian defence minister.</p>
<p>The first step will be to downsize the military force by cutting conscription service to 12 months from current 18, Ananiev said. The move will meet NATO's requirement to reduce troops from around 95,000 now to some 65,000 in a year, said a defense ministry spokesman.</p>
<p>A new Defense and Armed Forces bill, yet to be passed by parliament envisages transforming the current army of conscripts into a professional one.</p>
<p>Ananiev did not say how long will it take cash-strapped Bulgaria to reform its army to NATO standards.</p>
<p>But after meeting top Bulgarian officials, Cohen said he was impressed with their determination to carry out military and economic reforms.</p>
<p>Bulgaria is considered a key state in the Balkan region because of its central position, sharing common borders with Greece, Turkey, Macedonia, Romania and Serbia.</p>
<p>&quot;Bulgaria has strategic importance to Europe and the U.S. and can contribute greatly to stability in the entire region,&quot; said Cohen.</p>
<p>Praising the reformist government for rescuing the economy from a grave crisis earlier this year, Cohen urged Bulgaria to persist with free-market reforms and respect for human rights.</p>
<p>The United States currently provides about $6 million in military aid annually to Bulgaria, including funds to support the country's active participation in NATO's &quot;Partnership for Peace&quot; defence cooperation programme.</p>
<p>Cohen said it was important for NATO candidates first to focus on revamping their army communications control and English language training and then on new fighter jets.</p>
<p>&quot;NATO will be open to all countries that measure up to its very high standards,&quot; said Cohen on departure to Washington.</p>
</text>
<copyright>(c) Reuters Limited 1997</copyright>
<metadata>
<codes class="bip:countries:1.0">
  <code code="BUL">
    <editdetail attribution="Reuters BIP Coding Group" action="confirmed" date="1997-07-14"/>
  </code>
  <code code="NATO">
    <editdetail attribution="Reuters BIP Coding Group" action="confirmed" date="1997-07-14"/>
  </code>
  <code code="USA">
    <editdetail attribution="Reuters BIP Coding Group" action="confirmed" date="1997-07-14"/>
  </code>
</codes>
<codes class="bip:topics:1.0">
  <code code="E12">
    <editdetail attribution="Reuters BIP Coding Group" action="confirmed" date="1997-07-14"/>
  </code>
  <code code="ECAT">
    <editdetail attribution="Reuters BIP Coding Group" action="confirmed" date="1997-07-14"/>
  </code>
  <code code="GCAT">
    <editdetail attribution="Reuters BIP Coding Group" action="confirmed" date="1997-07-14"/>
  </code>
  <code code="GDEF">
    <editdetail attribution="Reuters BIP Coding Group" action="confirmed" date="1997-07-14"/>
  </code>
  <code code="GDIP">
    <editdetail attribution="Reuters BIP Coding Group" action="confirmed" date="1997-07-14"/>
  </code>
  <code code="GPOL">
    <editdetail attribution="Reuters BIP Coding Group" action="confirmed" date="1997-07-14"/>
  </code>
</codes>
<dc element="dc.date.created" value="1997-07-14"/>
<dc element="dc.publisher" value="Reuters Holdings Plc"/>
<dc element="dc.date.published" value="1997-07-14"/>
<dc element="dc.source" value="Reuters"/>
<dc element="dc.creator.location" value="SOFIA"/>
<dc element="dc.creator.location.country.name" value="BULGARIA"/>
<dc element="dc.source" value="Reuters"/>
</metadata>
</newsitem>
