<?xml version="1.0" encoding="iso-8859-1" ?>
<newsitem itemid="725132" id="root" date="1997-07-14" xml:lang="en">
<title>SOUTH AFRICA: PERSETEL ACTIVE ON BOOKOVER, FOREIGN BUY.</title>
<headline>PERSETEL ACTIVE ON BOOKOVER, FOREIGN BUY.</headline>
<dateline>JOHANNESBURG 1997-07-14</dateline>
<text>
<p>A bookover of 800,000 shares and a foreign purchase deal by stockbroking firms UBS Securities and SocGen Frankel Pollak, respectively, pushed South African computer firm Persetel higher on Monday, making it one of the biggest movers on the Johannesburg bourse, dealers said.</p>
<p>An equities trader at UBS Securites said the bookover deal was worth around 26.4 million rand while a dealer at Societe Generale Frankel Pollak said Friday's late foreign purchase deal was valued at around 1.5 million rand.</p>
<p>The dealer added that the purchase deal had involved 47,600 shares.</p>
<p>No further details were given.</p>
<p>A bookover occurs when a single brokerage matches both buyer and seller.</p>
<p>By about 1345 GMT Persetel Holdings Ltd's stock was up 20 cents at 33.10 rand after 1.5 million shares worth around 49.6 million rand had changed hands.</p>
<p>The stock was last indicated as the sixth most active stock by moves on the Johannesburg Stock Exchange.</p>
<p>-- Ellis Mnyandu, Johannesburg newsroom +27 11 482 1003</p>
</text>
<copyright>(c) Reuters Limited 1997</copyright>
<metadata>
<codes class="bip:countries:1.0">
  <code code="SAFR">
    <editdetail attribution="Reuters BIP Coding Group" action="confirmed" date="1997-07-14"/>
  </code>
</codes>
<codes class="bip:industries:1.0">
  <code code="I33020">
    <editdetail attribution="Reuters BIP Coding Group" action="confirmed" date="1997-07-14"/>
  </code>
</codes>
<codes class="bip:topics:1.0">
  <code code="C15">
    <editdetail attribution="Reuters BIP Coding Group" action="confirmed" date="1997-07-14"/>
  </code>
  <code code="C152">
    <editdetail attribution="Reuters BIP Coding Group" action="confirmed" date="1997-07-14"/>
  </code>
  <code code="CCAT">
    <editdetail attribution="Reuters BIP Coding Group" action="confirmed" date="1997-07-14"/>
  </code>
</codes>
<dc element="dc.date.created" value="1997-07-14"/>
<dc element="dc.publisher" value="Reuters Holdings Plc"/>
<dc element="dc.date.published" value="1997-07-14"/>
<dc element="dc.source" value="Reuters"/>
<dc element="dc.creator.location" value="JOHANNESBURG"/>
<dc element="dc.creator.location.country.name" value="SOUTH AFRICA"/>
<dc element="dc.source" value="Reuters"/>
</metadata>
</newsitem>
