<?xml version="1.0" encoding="iso-8859-1" ?>
<newsitem itemid="725254" id="root" date="1997-07-14" xml:lang="en">
<title>UK: LIFFE sugar sees August premium widening at close.</title>
<headline>LIFFE sugar sees August premium widening at close.</headline>
<dateline>LONDON 1997-07-14</dateline>
<text>
<p>The premium for near August LIFFE sugar continued to widen upto the close when it stood at around $10 a tonne over October.</p>
<p>The main activity was switching between the two positions ahead of near August's expiry and out of the total turnover of 3,321 lots, over 3,000 lots were in August and October.</p>
<p>August closed $4.90 a tonne higher from Friday.</p>
<p>In Paris 45 ICUMSA closed with August $2.50 a tonne higher at $324.00 while 100 ICUMSA was tradeless.</p>
<p>London Newsroom, +44 171 542 7771</p>
</text>
<copyright>(c) Reuters Limited 1997</copyright>
<metadata>
<codes class="bip:countries:1.0">
  <code code="UK">
    <editdetail attribution="Reuters BIP Coding Group" action="confirmed" date="1997-07-14"/>
  </code>
</codes>
<codes class="bip:topics:1.0">
  <code code="M14">
    <editdetail attribution="Reuters BIP Coding Group" action="confirmed" date="1997-07-14"/>
  </code>
  <code code="M141">
    <editdetail attribution="Reuters BIP Coding Group" action="confirmed" date="1997-07-14"/>
  </code>
  <code code="MCAT">
    <editdetail attribution="Reuters BIP Coding Group" action="confirmed" date="1997-07-14"/>
  </code>
</codes>
<dc element="dc.date.created" value="1997-07-14"/>
<dc element="dc.publisher" value="Reuters Holdings Plc"/>
<dc element="dc.date.published" value="1997-07-14"/>
<dc element="dc.source" value="Reuters"/>
<dc element="dc.creator.location" value="LONDON"/>
<dc element="dc.creator.location.country.name" value="UK"/>
<dc element="dc.source" value="Reuters"/>
</metadata>
</newsitem>
