<?xml version="1.0" encoding="iso-8859-1" ?>
<newsitem itemid="725248" id="root" date="1997-07-14" xml:lang="en">
<title>UK: LME copper prices hold firm in evening trade.</title>
<headline>LME copper prices hold firm in evening trade.</headline>
<dateline>LONDON 1997-07-14</dateline>
<text>
<p>Copper prices on the London Metal Exchange (LME) maintained the firmer levels set during Monday in anticipation of a continuation of the nearby supply tightness.</p>
<p>The premium for cash metal over three months held around $250 a tonne as the scramble for July delivery metal to cover commitments to the market continued.</p>
<p>Three months delivery at 1800 GMT was indicated at $2,315/$2,320 a tonne and although trading in this position was rather thin at these levels, it was unlikely to stage much of a move on the downside while the nearby tightness persisted.</p>
<p>Other metals, where changed, tended to drift back from earlier peaks with zinc settling at the $1,500 a tonne level, aluminium at $1,580 and lead at $656 a tonne.</p>
<p>London Newsroom, +44 171 542 7771</p>
</text>
<copyright>(c) Reuters Limited 1997</copyright>
<metadata>
<codes class="bip:countries:1.0">
  <code code="UK">
    <editdetail attribution="Reuters BIP Coding Group" action="confirmed" date="1997-07-14"/>
  </code>
</codes>
<codes class="bip:topics:1.0">
  <code code="M14">
    <editdetail attribution="Reuters BIP Coding Group" action="confirmed" date="1997-07-14"/>
  </code>
  <code code="M142">
    <editdetail attribution="Reuters BIP Coding Group" action="confirmed" date="1997-07-14"/>
  </code>
  <code code="MCAT">
    <editdetail attribution="Reuters BIP Coding Group" action="confirmed" date="1997-07-14"/>
  </code>
</codes>
<dc element="dc.date.created" value="1997-07-14"/>
<dc element="dc.publisher" value="Reuters Holdings Plc"/>
<dc element="dc.date.published" value="1997-07-14"/>
<dc element="dc.source" value="Reuters"/>
<dc element="dc.creator.location" value="LONDON"/>
<dc element="dc.creator.location.country.name" value="UK"/>
<dc element="dc.source" value="Reuters"/>
</metadata>
</newsitem>
