<?xml version="1.0" encoding="iso-8859-1" ?>
<newsitem itemid="725277" id="root" date="1997-07-14" xml:lang="en">
<title>UK: LIFFE grains forced lower by sterling strength.</title>
<headline>LIFFE grains forced lower by sterling strength.</headline>
<dateline>LONDON 1997-07-14</dateline>
<text>
<p>LIFFE wheat was forced down by the strength of sterling, although it did manage to close off lows as the currency came off its highest levels against the German mark, traders said.</p>
<p>January 1998 was most active, with 123 of the total 380 lots. It last traded 0.60 stg down, at 84.15 stg, compared with a low of 83.75 stg.</p>
<p>One trader pronounced himself pleased with the market's performance, in view of the strength of the currency. &quot;The question now is where you find the fresh sellers from,&quot; he said. He expected to see some recovery on Tuesday if sterling were to ease overnight.</p>
<p>Barley also fell. Of a total 85 lots done, 50 were on November, which last traded 0.75 stg lower at 78.50 stg.</p>
<p>The currency's rise also hit the delivered market, with feed wheat for Norfolk/Suffolk in July done at 80.00 stg, compared with 83.00 stg on Friday.</p>
<p>--Christopher Lyddon, London newsroom +44 171 542 7928</p>
</text>
<copyright>(c) Reuters Limited 1997</copyright>
<metadata>
<codes class="bip:countries:1.0">
  <code code="UK">
    <editdetail attribution="Reuters BIP Coding Group" action="confirmed" date="1997-07-14"/>
  </code>
</codes>
<codes class="bip:topics:1.0">
  <code code="M14">
    <editdetail attribution="Reuters BIP Coding Group" action="confirmed" date="1997-07-14"/>
  </code>
  <code code="M141">
    <editdetail attribution="Reuters BIP Coding Group" action="confirmed" date="1997-07-14"/>
  </code>
  <code code="MCAT">
    <editdetail attribution="Reuters BIP Coding Group" action="confirmed" date="1997-07-14"/>
  </code>
</codes>
<dc element="dc.date.created" value="1997-07-14"/>
<dc element="dc.publisher" value="Reuters Holdings Plc"/>
<dc element="dc.date.published" value="1997-07-14"/>
<dc element="dc.source" value="Reuters"/>
<dc element="dc.creator.location" value="LONDON"/>
<dc element="dc.creator.location.country.name" value="UK"/>
<dc element="dc.source" value="Reuters"/>
</metadata>
</newsitem>
