<?xml version="1.0" encoding="iso-8859-1" ?>
<newsitem itemid="725249" id="root" date="1997-07-14" xml:lang="en">
<title>UK: NWE oil products mixed, gas oil, gasoline shed gains.</title>
<headline>NWE oil products mixed, gas oil, gasoline shed gains.</headline>
<dateline>LONDON 1997-07-14</dateline>
<text>
<p>NWE oil products were mixed on Monday, with gas oil and gasoline shedding early gains but fuel oil barges ending stronger, traders said.</p>
<p>Spot gas oil markets shed morning gains as benchmark IPE gas oil futures were dragged lower by sharply weaker crude.</p>
<p>A strong dollar versus the mark kept demand from the German market quiet though inland refiners reported good business.</p>
<p>Balance of July heating oil barges for Rotterdam refinery lifting were traded around Aug IPE +$1.75 a tonne contract with storage material around 50 cents cheaper.</p>
<p>Dealers said premiums were slightly weaker than this in the afternoon with the supply tightness easing.</p>
<p>Gasoline went up in the morning and came down in the afternoon on news Iraq was a step closer to resuming oil exports. Prices were steady with cif cargoes around $199.</p>
<p>High sulphur fuel oil barges gained some $1, trading at $87.25/$87.50 fob ARA, with traders saying the physical market tracked higher swaps and crude's gain earlier. Low sulphur barges were largely steady, with a small deal at $95 fob.</p>
<p>High sulphur fuel cargoes were a mixed house, with some traders saying that talk was stronger on the back on the strength in barges but others saying they were steady with no firm bids higher than $82 cif. --London newsroom, +44 171 542 8145</p>
</text>
<copyright>(c) Reuters Limited 1997</copyright>
<metadata>
<codes class="bip:countries:1.0">
  <code code="UK">
    <editdetail attribution="Reuters BIP Coding Group" action="confirmed" date="1997-07-14"/>
  </code>
</codes>
<codes class="bip:topics:1.0">
  <code code="M14">
    <editdetail attribution="Reuters BIP Coding Group" action="confirmed" date="1997-07-14"/>
  </code>
  <code code="M143">
    <editdetail attribution="Reuters BIP Coding Group" action="confirmed" date="1997-07-14"/>
  </code>
  <code code="MCAT">
    <editdetail attribution="Reuters BIP Coding Group" action="confirmed" date="1997-07-14"/>
  </code>
</codes>
<dc element="dc.date.created" value="1997-07-14"/>
<dc element="dc.publisher" value="Reuters Holdings Plc"/>
<dc element="dc.date.published" value="1997-07-14"/>
<dc element="dc.source" value="Reuters"/>
<dc element="dc.creator.location" value="LONDON"/>
<dc element="dc.creator.location.country.name" value="UK"/>
<dc element="dc.source" value="Reuters"/>
</metadata>
</newsitem>
