<?xml version="1.0" encoding="iso-8859-1" ?>
<newsitem itemid="725275" id="root" date="1997-07-14" xml:lang="en">
<title>UK: LIFFE sugar moves higher, August heads volume.</title>
<headline>LIFFE sugar moves higher, August heads volume.</headline>
<dateline>LONDON 1997-07-14</dateline>
<text>
<p>LIFFE sugar moved higher, with trade concentrated on August and, to a lesser extent, October.</p>
<p>There was a high proportion of switch and some AA trades, traders said.</p>
<p>By 1608 GMT August was $4.20 higher at $326.20, with 1,637 out of a total 2,999 lots done.</p>
<p>The most notable feature of the market was the widening of the spread between August and October, traders said. October last traded $1.00 higher at $316.80. October volume was 1,061 lots.</p>
<p>&quot;The August/October switch has been pushed out. There's nothing else happening,&quot; one trader said.</p>
<p>--Christopher Lyddon, London newsroom +44 171 542 7928</p>
</text>
<copyright>(c) Reuters Limited 1997</copyright>
<metadata>
<codes class="bip:countries:1.0">
  <code code="UK">
    <editdetail attribution="Reuters BIP Coding Group" action="confirmed" date="1997-07-14"/>
  </code>
</codes>
<codes class="bip:topics:1.0">
  <code code="M14">
    <editdetail attribution="Reuters BIP Coding Group" action="confirmed" date="1997-07-14"/>
  </code>
  <code code="M141">
    <editdetail attribution="Reuters BIP Coding Group" action="confirmed" date="1997-07-14"/>
  </code>
  <code code="MCAT">
    <editdetail attribution="Reuters BIP Coding Group" action="confirmed" date="1997-07-14"/>
  </code>
</codes>
<dc element="dc.date.created" value="1997-07-14"/>
<dc element="dc.publisher" value="Reuters Holdings Plc"/>
<dc element="dc.date.published" value="1997-07-14"/>
<dc element="dc.source" value="Reuters"/>
<dc element="dc.creator.location" value="LONDON"/>
<dc element="dc.creator.location.country.name" value="UK"/>
<dc element="dc.source" value="Reuters"/>
</metadata>
</newsitem>
