<?xml version="1.0" encoding="iso-8859-1" ?>
<newsitem itemid="725216" id="root" date="1997-07-14" xml:lang="en">
<title>UK: European oil swaps trades - July 14.</title>
<headline>European oil swaps trades - July 14.</headline>
<text>
<p>Monday 14 July</p>
<p>    CFD Jul 14-18 -13 Sep     HSFO $85.50 cif cargo Aug</p>
<p>    CFD Jul 21-25 -24 Sep     HSFO $87.50 fob barge Sep</p>
<p>    CFD Jul 28-Aug 1 - 26 Sep Gasoline $188 barge Aug</p>
<p>--London Newsroom +44 171 542 4984</p>
</text>
<copyright>(c) Reuters Limited 1997</copyright>
<metadata>
<codes class="bip:countries:1.0">
  <code code="UK">
    <editdetail attribution="Reuters BIP Coding Group" action="confirmed" date="1997-07-14"/>
  </code>
</codes>
<codes class="bip:topics:1.0">
  <code code="M14">
    <editdetail attribution="Reuters BIP Coding Group" action="confirmed" date="1997-07-14"/>
  </code>
  <code code="M143">
    <editdetail attribution="Reuters BIP Coding Group" action="confirmed" date="1997-07-14"/>
  </code>
  <code code="MCAT">
    <editdetail attribution="Reuters BIP Coding Group" action="confirmed" date="1997-07-14"/>
  </code>
</codes>
<dc element="dc.publisher" value="Reuters Holdings Plc"/>
<dc element="dc.date.published" value="1997-07-14"/>
<dc element="dc.source" value="Reuters"/>
<dc element="dc.creator.location.country.name" value="UK"/>
<dc element="dc.source" value="Reuters"/>
</metadata>
</newsitem>
