<?xml version="1.0" encoding="iso-8859-1" ?>
<newsitem itemid="725272" id="root" date="1997-07-14" xml:lang="en">
<title>UK: Virgin's Branson offers smoke-free sponsorship.</title>
<headline>Virgin's Branson offers smoke-free sponsorship.</headline>
<dateline>LONDON 1997-07-14</dateline>
<text>
<p>Virgin Group boss Richard Branson said on Monday his companies would sponsor sports that lost any funding from tobacco companies.</p>
<p>He told a &quot;smoking summit&quot; in London that his group of companies would be happy to take over sponsorship if the government went ahead with a proposed ban on tobacco sponsorship of sports and the arts.</p>
<p>&quot;I pledge today that Virgin will set up a rival spectacle, if necessary world-wide. And that goes for any sport that claims it cannot survive without cigarette advertising,&quot; Branson said.</p>
<p>&quot;Even an international sport like the Grand Prix need not suffer,&quot; he added. &quot;The only reason it is heavily sponsored by cigarette companies is that they are so desperate to reach a young TV audience, they have priced everyone else out of the market.&quot;</p>
<p>British health officials held the one-day summit to hear from experts around the country and from Europe, Australia and the United States.</p>
<p>Some worries had been voiced that sports and the arts would suffer from such a ban. Branson said the motor racing industry did not need the money -- but he would make it up if necessary.</p>
<p>&quot;If this industry threatens to pull out of Silverstone -- and motor racing in Europe -- I, for one, will take them up on their bluff,&quot; Branson said.</p>
<p>Branson, himself an ex-smoker, praised the newly elected Labour government for its plans to ban cigarette advertising and limit smoking.</p>
<p>&quot;Don't misunderstand me -- I am a libertarian,&quot; Branson said. &quot;If adults, properly informed of its dangers, are foolish enough to want to fly around the world in a balloon and potentially kill themselves, they should be allowed to do so. Equally if adults want to smoke and buy cigarettes they also have the right, provided they don't cause harm to others.&quot;</p>
<p>But he said children did not know better. He proposed raising the legal age to buy cigarettes to 18 from 16 and said cigarettes should not be sold on open display. -- London Newsroom 44 171 542 8958</p>
</text>
<copyright>(c) Reuters Limited 1997</copyright>
<metadata>
<codes class="bip:countries:1.0">
  <code code="UK">
    <editdetail attribution="Reuters BIP Coding Group" action="confirmed" date="1997-07-14"/>
  </code>
</codes>
<codes class="bip:industries:1.0">
  <code code="I42900">
    <editdetail attribution="Reuters BIP Coding Group" action="confirmed" date="1997-07-14"/>
  </code>
  <code code="I65400">
    <editdetail attribution="Reuters BIP Coding Group" action="confirmed" date="1997-07-14"/>
  </code>
  <code code="I75000">
    <editdetail attribution="Reuters BIP Coding Group" action="confirmed" date="1997-07-14"/>
  </code>
</codes>
<codes class="bip:topics:1.0">
  <code code="C32">
    <editdetail attribution="Reuters BIP Coding Group" action="confirmed" date="1997-07-14"/>
  </code>
  <code code="CCAT">
    <editdetail attribution="Reuters BIP Coding Group" action="confirmed" date="1997-07-14"/>
  </code>
  <code code="GCAT">
    <editdetail attribution="Reuters BIP Coding Group" action="confirmed" date="1997-07-14"/>
  </code>
  <code code="GHEA">
    <editdetail attribution="Reuters BIP Coding Group" action="confirmed" date="1997-07-14"/>
  </code>
  <code code="GSPO">
    <editdetail attribution="Reuters BIP Coding Group" action="confirmed" date="1997-07-14"/>
  </code>
</codes>
<dc element="dc.date.created" value="1997-07-14"/>
<dc element="dc.publisher" value="Reuters Holdings Plc"/>
<dc element="dc.date.published" value="1997-07-14"/>
<dc element="dc.source" value="Reuters"/>
<dc element="dc.creator.location" value="LONDON"/>
<dc element="dc.creator.location.country.name" value="UK"/>
<dc element="dc.source" value="Reuters"/>
</metadata>
</newsitem>
