<?xml version="1.0" encoding="iso-8859-1" ?>
<newsitem itemid="725211" id="root" date="1997-07-14" xml:lang="en">
<title>BELGIUM: WORKERS TO VOTE ON DUFERCO BUY OF CLABECQ.</title>
<headline>WORKERS TO VOTE ON DUFERCO BUY OF CLABECQ.</headline>
<dateline>BRUSSELS 1997-07-14</dateline>
<text>
<p>Workers at bankrupt Belgian steel firm Forges de Clabecq will be asked to give their view on the planned partial takeover by Italian-Swiss group Duferco in a referendum this week, union sources said on Monday.</p>
<p>The referendum is aimed at breaking the deadlock over the deal created by local union leader Roberto D'Orazio who has said he wants more jobs guarantees before backing the takeover.</p>
<p>Duferco had threatened to drop its bid after D'Orazio said late last week a referendum could not be held because too many of Clabecq's 1,800 workers were on holiday.</p>
<p>After mediation at the Labour Ministry national union leaders overruled D'Orazio on Monday and said Clabecq workers would be invited to vote by mail. Results are to be known by Friday, July 18.</p>
<p>D'Orazio, who has led the fight for jobs since the steel firm was declared bankrupt in January, called for boycott.</p>
<p>He has said unresolved issues included back pay due to workers from the Walloon regional government, a redundancy programme for those workers not re-employed by Duferco and early retirement provisions.</p>
<p>Duferco, which agreed with the Walloon region, Clabecq's largest shareholder earlier this month on a partial purchase of the company, aims to take over only about 900 jobs.</p>
<p>Clabecq filed for bankruptcy after the European Commission banned the southern region of Wallonia from injecting 1.5 billion francs ($41 million) into the loss-making firm and ordered the company to reimburse subsidies already granted.</p>
<p>Clabecq has appealed the Commission's decision before the European Court of First Instance.</p>
<p>-- Brussels Newsroom +32 2 287 6816, Fax +32 2 230 7710</p>
</text>
<copyright>(c) Reuters Limited 1997</copyright>
<metadata>
<codes class="bip:countries:1.0">
  <code code="BELG">
    <editdetail attribution="Reuters BIP Coding Group" action="confirmed" date="1997-07-14"/>
  </code>
  <code code="ITALY">
    <editdetail attribution="Reuters BIP Coding Group" action="confirmed" date="1997-07-14"/>
  </code>
  <code code="SWITZ">
    <editdetail attribution="Reuters BIP Coding Group" action="confirmed" date="1997-07-14"/>
  </code>
</codes>
<codes class="bip:industries:1.0">
  <code code="I22100">
    <editdetail attribution="Reuters BIP Coding Group" action="confirmed" date="1997-07-14"/>
  </code>
</codes>
<codes class="bip:topics:1.0">
  <code code="C18">
    <editdetail attribution="Reuters BIP Coding Group" action="confirmed" date="1997-07-14"/>
  </code>
  <code code="C181">
    <editdetail attribution="Reuters BIP Coding Group" action="confirmed" date="1997-07-14"/>
  </code>
  <code code="C42">
    <editdetail attribution="Reuters BIP Coding Group" action="confirmed" date="1997-07-14"/>
  </code>
  <code code="CCAT">
    <editdetail attribution="Reuters BIP Coding Group" action="confirmed" date="1997-07-14"/>
  </code>
  <code code="E41">
    <editdetail attribution="Reuters BIP Coding Group" action="confirmed" date="1997-07-14"/>
  </code>
  <code code="ECAT">
    <editdetail attribution="Reuters BIP Coding Group" action="confirmed" date="1997-07-14"/>
  </code>
  <code code="GCAT">
    <editdetail attribution="Reuters BIP Coding Group" action="confirmed" date="1997-07-14"/>
  </code>
  <code code="GJOB">
    <editdetail attribution="Reuters BIP Coding Group" action="confirmed" date="1997-07-14"/>
  </code>
</codes>
<dc element="dc.date.created" value="1997-07-14"/>
<dc element="dc.publisher" value="Reuters Holdings Plc"/>
<dc element="dc.date.published" value="1997-07-14"/>
<dc element="dc.source" value="Reuters"/>
<dc element="dc.creator.location" value="BRUSSELS"/>
<dc element="dc.creator.location.country.name" value="BELGIUM"/>
<dc element="dc.source" value="Reuters"/>
</metadata>
</newsitem>
