<?xml version="1.0" encoding="iso-8859-1" ?>
<newsitem itemid="725362" id="root" date="1997-07-14" xml:lang="en">
<title>DJIBOUTI: Djibouti proposes pension should ruler step down.</title>
<headline>Djibouti proposes pension should ruler step down.</headline>
<dateline>DJIBOUTI 1997-07-14</dateline>
<text>
<p>The Djibouti Council of Ministers has proposed granting President Hassan Gouled Aptidon, ruler since 1977, a pension should he step down.</p>
<p>The bill, proposed on Sunday, would allow the Council &quot;the terms of granting former presidents of the republic a pension,&quot; under Article 39 of the constitution. It could only apply to Gouled who has ruled since independence.</p>
<p>Political analysts said the bill could pave the way for Gouled, in his early 80s, to step down in 1999 at the end of his present six-year term, though legally he could seek another term.</p>
<p>Gouled collapsed with a lung infection at a Francophone summit in Cotonou, Benin in 1995. He was treated in France and returned to Djibouti in March 1996.</p>
<p>Djibouti is one of the world's poorest countries and in May asked donors for $87 million in aid to revive the largely barren nation at the southern entrance to the Red Sea.</p>
</text>
<copyright>(c) Reuters Limited 1997</copyright>
<metadata>
<codes class="bip:countries:1.0">
  <code code="TAI">
    <editdetail attribution="Reuters BIP Coding Group" action="confirmed" date="1997-07-14"/>
  </code>
</codes>
<codes class="bip:topics:1.0">
  <code code="GCAT">
    <editdetail attribution="Reuters BIP Coding Group" action="confirmed" date="1997-07-14"/>
  </code>
  <code code="GPOL">
    <editdetail attribution="Reuters BIP Coding Group" action="confirmed" date="1997-07-14"/>
  </code>
</codes>
<dc element="dc.date.created" value="1997-07-14"/>
<dc element="dc.publisher" value="Reuters Holdings Plc"/>
<dc element="dc.date.published" value="1997-07-14"/>
<dc element="dc.source" value="Reuters"/>
<dc element="dc.creator.location" value="DJIBOUTI"/>
<dc element="dc.creator.location.country.name" value="DJIBOUTI"/>
<dc element="dc.source" value="Reuters"/>
</metadata>
</newsitem>
