<?xml version="1.0" encoding="iso-8859-1" ?>
<newsitem itemid="725316" id="root" date="1997-07-14" xml:lang="en">
<title>UK: POLL - Hefty gilt payments, weak VAT to hit UK PSBR.</title>
<headline>POLL - Hefty gilt payments, weak VAT to hit UK PSBR.</headline>
<byline>Mike Peacock</byline>
<dateline>LONDON 1997-07-14</dateline>
<text>
<p>Britain's public sector debt is expected to increase by four billion pounds ($6.8 billion) or more in June as hefty interest payments on government bonds and weak VAT returns hit the public finances.</p>
<p>A Reuter poll of economists produced a consensus forecasting a public sector borrowing requirement of 4.1 billion stg in June, just above May's 4.0 billion revenue shortfall. The data are due at 0830 GMT on Wednesday.</p>
<p>The picture could have been worse were it not for 700 million pounds of revenue from the second call on the shares of privatised UK rail infrastructure giant, Railtrack Plc.</p>
<p>&quot;Privatisation proceeds from...Railtrack will have inflated the Treasury's coffers during June, although this must be offset against the usual surge in interest payments,&quot; said David Philpotts, UK economist at Schroders. He expected a four billion stg PSBR, level with May's.</p>
<p>The Office for National Statistics said last month that June is increasingly a peak month for interest payments because gilts are now being issued with aligned coupon dates in June and December. Interest of 2.7 billion stg will have to be paid this June compared with 1.5 billion in June last year.</p>
<p>The ONS also said value-added-tax receipts last month were expected to be lower than the same month last year. In June 1996, Britain's PSBR totalled 3.8 billion stg.</p>
<p>Darshini David, UK economist at HSBC Markets, said the weakness of VAT returns reflects changes in the timing of payments, announced in the November 1996 budget.</p>
<p>In May, VAT receipts fell by 11.4 percent year-on-year. &quot;We have allowed for receipts to be almost three percent lower than last June,&quot; she said, pencilling in a 4.8 billion PSBR overall.</p>
<p>But the VAT timing effect will mean a balancing rebound in sales tax receipts in July, said Michael Saunders, UK economist at Salomon Brothers.</p>
<p>He forecast a yawning 5.2 billion stg gap between government expenditure and revenue last month, but said there was little cause for concern.</p>
<p>&quot;Such a figure would not stop the PSBR overshooting the Treasury's 10.9 billion forecast significantly over the full fiscal year,&quot; he said. &quot;We expect a seven billion PSBR.&quot;</p>
<p>The Red Book from Chancellor of the Exchequer Gordon Brown's first budget on July 2 forecast a 1997/98 PSBR of 10.9 billion pounds.</p>
<p>Excluding the first tranche of the windfall levy,  which will be paid by Britain's privatised utilities in December, the PSBR is expected to total 13.3 billion pounds this financial year.</p>
<p>&quot;The government's new forecast for the full-year PSBR is a realistic one,&quot; Philpotts said.</p>
<p>-- London Newsroom +44 171 542 7708 ($ = 0.591 British Pounds)</p>
</text>
<copyright>(c) Reuters Limited 1997</copyright>
<metadata>
<codes class="bip:countries:1.0">
  <code code="UK">
    <editdetail attribution="Reuters BIP Coding Group" action="confirmed" date="1997-07-14"/>
  </code>
</codes>
<codes class="bip:topics:1.0">
  <code code="E21">
    <editdetail attribution="Reuters BIP Coding Group" action="confirmed" date="1997-07-14"/>
  </code>
  <code code="E212">
    <editdetail attribution="Reuters BIP Coding Group" action="confirmed" date="1997-07-14"/>
  </code>
  <code code="ECAT">
    <editdetail attribution="Reuters BIP Coding Group" action="confirmed" date="1997-07-14"/>
  </code>
</codes>
<dc element="dc.date.created" value="1997-07-14"/>
<dc element="dc.publisher" value="Reuters Holdings Plc"/>
<dc element="dc.date.published" value="1997-07-14"/>
<dc element="dc.source" value="Reuters"/>
<dc element="dc.creator.location" value="LONDON"/>
<dc element="dc.creator.location.country.name" value="UK"/>
<dc element="dc.source" value="Reuters"/>
</metadata>
</newsitem>
