<?xml version="1.0" encoding="iso-8859-1" ?>
<newsitem itemid="725375" id="root" date="1997-07-14" xml:lang="en">
<title>SOUTH AFRICA: SA Eagle launches new risk financing unit.</title>
<headline>SA Eagle launches new risk financing unit.</headline>
<dateline>JOHANNESBURG 1997-07-14</dateline>
<text>
<p>The South African Eagle Insurance Co Ltd said on Monday it had launched a risk financing subsidiary firm, SA Eagle Risk Financing Ltd, after identifying business opportunities in this area.</p>
<p>Brian Wilkinson, deputy managing director of SA Eagle and CEO of Eagle Risk, said in a statement that the new company was seen as a complemetary service to clients via its broker network which already offers a wide range of insurance products.</p>
<p>He said that Eagle Risk was supported by SA Eagle which enjoyed a high degree of financial stability through its major shareholders, UK-based Eagle Star and Anglo American Corp of South Africa Ltd.</p>
<p>-- Johannesburg newsroom 27 11 482 1003</p>
</text>
<copyright>(c) Reuters Limited 1997</copyright>
<metadata>
<codes class="bip:countries:1.0">
  <code code="SAFR">
    <editdetail attribution="Reuters BIP Coding Group" action="confirmed" date="1997-07-14"/>
  </code>
</codes>
<codes class="bip:industries:1.0">
  <code code="I82000">
    <editdetail attribution="Reuters BIP Coding Group" action="confirmed" date="1997-07-14"/>
  </code>
</codes>
<codes class="bip:topics:1.0">
  <code code="C11">
    <editdetail attribution="Reuters BIP Coding Group" action="confirmed" date="1997-07-14"/>
  </code>
  <code code="CCAT">
    <editdetail attribution="Reuters BIP Coding Group" action="confirmed" date="1997-07-14"/>
  </code>
</codes>
<dc element="dc.date.created" value="1997-07-14"/>
<dc element="dc.publisher" value="Reuters Holdings Plc"/>
<dc element="dc.date.published" value="1997-07-14"/>
<dc element="dc.source" value="Reuters"/>
<dc element="dc.creator.location" value="JOHANNESBURG"/>
<dc element="dc.creator.location.country.name" value="SOUTH AFRICA"/>
<dc element="dc.source" value="Reuters"/>
</metadata>
</newsitem>
