<?xml version="1.0" encoding="iso-8859-1" ?>
<newsitem itemid="725314" id="root" date="1997-07-14" xml:lang="en">
<title>UK: Wessex splashes out on Swanage sewage works.</title>
<headline>Wessex splashes out on Swanage sewage works.</headline>
<dateline>LONDON 1997-07-14</dateline>
<text>
<p>British water and sewerage company Wessex Water Plc said on Monday it would build a high technology sewage treatment plant at Swanage, southern England, as part of a 28 million stg investment in the seaside resort.</p>
<p>The plant will use membranes which filter the sewage, allowing only clean water to be returned to the sea.</p>
<p>The company is currently installing a plant using the new technology, first developed in Japan, at Porlock, south west England.</p>
<p>Wessex said the technology &quot;allows for smaller facilities and a more environmentally friendly approach to sewage treatment than traditional methods.&quot;</p>
<p>&quot;We are committed to progressively extending this degree of treatment to all our coastal discharges which affect bathing or recreational waters,&quot; chief executive Colin Skellet said in a statement.</p>
<p>-- London Newsroom +44 171 542 7717</p>
</text>
<copyright>(c) Reuters Limited 1997</copyright>
<metadata>
<codes class="bip:countries:1.0">
  <code code="UK">
    <editdetail attribution="Reuters BIP Coding Group" action="confirmed" date="1997-07-14"/>
  </code>
</codes>
<codes class="bip:industries:1.0">
  <code code="I17000">
    <editdetail attribution="Reuters BIP Coding Group" action="confirmed" date="1997-07-14"/>
  </code>
  <code code="I50200">
    <editdetail attribution="Reuters BIP Coding Group" action="confirmed" date="1997-07-14"/>
  </code>
  <code code="I5020032">
    <editdetail attribution="Reuters BIP Coding Group" action="confirmed" date="1997-07-14"/>
  </code>
</codes>
<codes class="bip:topics:1.0">
  <code code="C24">
    <editdetail attribution="Reuters BIP Coding Group" action="confirmed" date="1997-07-14"/>
  </code>
  <code code="CCAT">
    <editdetail attribution="Reuters BIP Coding Group" action="confirmed" date="1997-07-14"/>
  </code>
</codes>
<dc element="dc.date.created" value="1997-07-14"/>
<dc element="dc.publisher" value="Reuters Holdings Plc"/>
<dc element="dc.date.published" value="1997-07-14"/>
<dc element="dc.source" value="Reuters"/>
<dc element="dc.creator.location" value="LONDON"/>
<dc element="dc.creator.location.country.name" value="UK"/>
<dc element="dc.source" value="Reuters"/>
</metadata>
</newsitem>
