<?xml version="1.0" encoding="iso-8859-1" ?>
<newsitem itemid="725356" id="root" date="1997-07-14" xml:lang="en">
<title>KENYA: Kenya capital calm after student unrest.</title>
<headline>Kenya capital calm after student unrest.</headline>
<byline>Matthew Bigg</byline>
<dateline>NAIROBI 1996-07-15</dateline>
<text>
<p>The Kenyan capital of Nairobi was calm early on Tuesday after five people were injured in clashes between riot police and students angry over university conditions and demanding constitutional reform.</p>
<p>In Mombasa Moslem preacher Sheikh Balala, a fierce critic of President Daniel arap Moi, said he would tour the city and visit schools on Tuesday, after returning from two years in exile, witnesses said.</p>
<p>Kenya Polytechnic students seized control of Haile Selassie Avenue, a major highway through Nairobi city centre, for hours on Monday, stoning cars and police and burning tyres.</p>
<p>Two students, two passers-by and a journalist were injured as police wielding batons and firing live ammunition and teargas moved onto the campus.</p>
<p>The clashes were confined to Haile Selassie Avenue and did not halt business in central Nairobi, unlike disturbances last Monday in the capital and other towns and cities.</p>
<p>Nine people were killed last Monday in the most serious civil disturbances since a 1990 campaign to press for constitutional reforms.</p>
<p>The students were protesting against a new bill that provided for expulsion for non-payment of fees and revised charges for exams. They also demanded constitutional reform.</p>
<p>Fourteen people were arrested during the disturbances and would be charged on Tuesday, police said. There were no police casualties.</p>
<p>Opposition-backed groups have campaigned since April for constitutional reforms before presidential and parliamentary elections this year. No date is set for the polls.</p>
<p>The reforms would reduce the power of Moi, 73 and in power since 1978, who is widely expected to win elections against an opposition that has found a fragile cohesion in reform demands.</p>
<p>Moi said last Friday he would take action against any attempt to bring chaos to the country and challenged the opposition to take the debate on reforms to parliament, where his ruling party has a majority.</p>
<p>Balala returned to Kenya on Saturday from exile in Germany vowing to spearhead a reform campaign.</p>
<p>&quot;I don't recognise the forthcoming elections and I would rather voters burned their registration cards,&quot; Balala told a crowd of around 1,000 at the Sakina Mosque in the Indian Ocean port.</p>
<p>His aides said a planned &quot;illegal&quot; rally in Mombasa on Tuesday had been called off.</p>
<p>Authorities ordered Nairobi University and Jomo Kenyatta University closed indefinitely last week and students were sent home following days of clashes with riot police in the capital.</p>
</text>
<copyright>(c) Reuters Limited 1997</copyright>
<metadata>
<codes class="bip:countries:1.0">
  <code code="KENYA">
    <editdetail attribution="Reuters BIP Coding Group" action="confirmed" date="1997-07-14"/>
  </code>
</codes>
<codes class="bip:topics:1.0">
  <code code="GCAT">
    <editdetail attribution="Reuters BIP Coding Group" action="confirmed" date="1997-07-14"/>
  </code>
  <code code="GVIO">
    <editdetail attribution="Reuters BIP Coding Group" action="confirmed" date="1997-07-14"/>
  </code>
</codes>
<dc element="dc.date.created" value="1996-07-15"/>
<dc element="dc.publisher" value="Reuters Holdings Plc"/>
<dc element="dc.date.published" value="1997-07-14"/>
<dc element="dc.source" value="Reuters"/>
<dc element="dc.creator.location" value="NAIROBI"/>
<dc element="dc.creator.location.country.name" value="KENYA"/>
<dc element="dc.source" value="Reuters"/>
</metadata>
</newsitem>
