<?xml version="1.0" encoding="iso-8859-1" ?>
<newsitem itemid="725381" id="root" date="1997-07-14" xml:lang="en">
<title>MAURITIUS: Hotel stocks pull Mauritius bourse index down.</title>
<headline>Hotel stocks pull Mauritius bourse index down.</headline>
<dateline>PORT LOUIS 1997-07-14</dateline>
<text>
<p>Falling shares in the hotel sector and political unease helped pull down the Stock Exchange of Mauritius SEMDEX index 0.51 points on Monday to 380.46, brokers said.</p>
<p>Turnover rose to 5.52 million rupees on 172,339 shares from 4.79 million rupees on 118,722 shares on last Friday.</p>
<p>Brokers said market sentiment was subdued because opposition and Mouvement Militant Mauricien (MMM) leader Paul Berenger said last Friday his party would consider a group resignation from the national assembly to force by-elections across the island.</p>
<p>&quot;The by-elections strategy by the MMM could provoke a snap general election,&quot; a broker said.</p>
<p>Sun Resorts lost 60 cents to 48.60 rupees on 300 shares, New Mauritius Hotels fell 10 cents to 37.20 rupees on 275 shares and Grand Baie Hotel was stable at 50.00 rupees and unquoted.</p>
<p>In the banking sector, State Bank of Mauritius gained 10 cents to 12.50 rupees on 57,500 shares and Mauritius Commercial Bank (MCB) remained unchanged to 90.00 rupees on 25,612 shares.</p>
<p>Sugar based Savannah was 4.00 rupees lower to 134.00 rupees on 100 shares and Mon Desert Alma lost 1.50 rupee to 83.50 rupees on 100 shares.</p>
<p>In the commerce sector, both conglomerates listed were stable. Ireland Blyth Ltd was unchanged at 15.80 rupees on 100 shares and Rogers remained AT 95.00 rupees on 2,498 shares.</p>
<p>National carrier Air Mauritius was stable at 36.50 rupees on 980 shares.</p>
<p>--Clifford Vellien ++230 211-9555</p>
</text>
<copyright>(c) Reuters Limited 1997</copyright>
<metadata>
<codes class="bip:countries:1.0">
  <code code="MAURTS">
    <editdetail attribution="Reuters BIP Coding Group" action="confirmed" date="1997-07-14"/>
  </code>
</codes>
<codes class="bip:topics:1.0">
  <code code="M11">
    <editdetail attribution="Reuters BIP Coding Group" action="confirmed" date="1997-07-14"/>
  </code>
  <code code="MCAT">
    <editdetail attribution="Reuters BIP Coding Group" action="confirmed" date="1997-07-14"/>
  </code>
</codes>
<dc element="dc.date.created" value="1997-07-14"/>
<dc element="dc.publisher" value="Reuters Holdings Plc"/>
<dc element="dc.date.published" value="1997-07-14"/>
<dc element="dc.source" value="Reuters"/>
<dc element="dc.creator.location" value="PORT LOUIS"/>
<dc element="dc.creator.location.country.name" value="MAURITIUS"/>
<dc element="dc.source" value="Reuters"/>
</metadata>
</newsitem>
