<?xml version="1.0" encoding="iso-8859-1" ?>
<newsitem itemid="725440" id="root" date="1997-07-14" xml:lang="en">
<title>RUSSIA: Deaths likely in Russia apartment block collapse.</title>
<headline>Deaths likely in Russia apartment block collapse.</headline>
<dateline>MOSCOW 1997-07-14</dateline>
<text>
<p>Part of an old five-storey apartment block collapsed in the southern Russian city of Saratov on Monday and it was likely that some people were killed, officials said.</p>
<p>An Emergencies Ministry spokeswoman in Moscow said two people had been rescued alive and taken to hospital but it was not clear how many people might be under the rubble.</p>
<p>&quot;There is a great likelihood that people were killed,&quot; the spokeswoman in Moscow.</p>
<p>She later added: &quot;Two people were lucky enough to survive, Thank God.&quot;</p>
<p>She said it was not known what caused the collapse but that an explosion had been ruled out.</p>
<p>A local official in Saratov on the Volga river said by telephone that one section of the building had suddenly collapsed at about 11 a.m. (0700 GMT). Deaths were likely, he said.</p>
<p>&quot;Rescue workers have started combing the rubble and are evacuating people living in other sections of the building,&quot; said the official, a spokesman at the civil defence headquarters in Saratov, about 750 km (470 miles) southeast of Moscow.</p>
<p>He did not say how many people lived there and did not speculate what had caused the collapse.</p>
<p>&quot;Information on possible victims and reasons for the collapse is being checked out,&quot; the spokesman said. Itar-Tass news agency said rescue teams had been rushed to the scene, as well as 10 ambulances.</p>
<p>The Emergencies Ministry said it was also sending a rescue team to Saratov.</p>
</text>
<copyright>(c) Reuters Limited 1997</copyright>
<metadata>
<codes class="bip:countries:1.0">
  <code code="RUSS">
    <editdetail attribution="Reuters BIP Coding Group" action="confirmed" date="1997-07-14"/>
  </code>
</codes>
<codes class="bip:topics:1.0">
  <code code="GCAT">
    <editdetail attribution="Reuters BIP Coding Group" action="confirmed" date="1997-07-14"/>
  </code>
  <code code="GDIS">
    <editdetail attribution="Reuters BIP Coding Group" action="confirmed" date="1997-07-14"/>
  </code>
</codes>
<dc element="dc.date.created" value="1997-07-14"/>
<dc element="dc.publisher" value="Reuters Holdings Plc"/>
<dc element="dc.date.published" value="1997-07-14"/>
<dc element="dc.source" value="Reuters"/>
<dc element="dc.creator.location" value="MOSCOW"/>
<dc element="dc.creator.location.country.name" value="RUSSIA"/>
<dc element="dc.source" value="Reuters"/>
</metadata>
</newsitem>
