<?xml version="1.0" encoding="iso-8859-1" ?>
<newsitem itemid="725405" id="root" date="1997-07-14" xml:lang="en">
<title>ETHIOPIA: Ethiopian birr strengthens against U.S. dollar.</title>
<headline>Ethiopian birr strengthens against U.S. dollar.</headline>
<dateline>ADDIS ABABA 1997-07-14</dateline>
<text>
<p>The Ethiopian birr firmed against the dollar on Monday from last week's rates, the National Bank of Ethiopia (NBE) reported.</p>
<p>The bank quoted the birr at a mean rate of of 6.7010 to the dollar compared with 6.7810 last week.</p>
<p>It said that following a currency auction on July 12, the applicable rate for all transactions outside the auction in the July 14-20 period would be 6.7010 birr to the dollar.</p>
<p>The bank said it offered $20 million at the auction.</p>
<p>The highest bid rate offered at auction was 6.991 birr to the dollar and the lowest 6.437 birr. Bidders who offered rates of 6.701 birr and above per dollar won the full amount they tendered for, it added.</p>
<p>The bank posted the birr at a mean rate of 11.3715 to the pound from 11.4361 on Friday, and the birr traded at 0.058935 to one yen from 0.060099 last week.</p>
</text>
<copyright>(c) Reuters Limited 1997</copyright>
<metadata>
<codes class="bip:countries:1.0">
  <code code="ETHPA">
    <editdetail attribution="Reuters BIP Coding Group" action="confirmed" date="1997-07-14"/>
  </code>
</codes>
<codes class="bip:topics:1.0">
  <code code="M13">
    <editdetail attribution="Reuters BIP Coding Group" action="confirmed" date="1997-07-14"/>
  </code>
  <code code="M132">
    <editdetail attribution="Reuters BIP Coding Group" action="confirmed" date="1997-07-14"/>
  </code>
  <code code="MCAT">
    <editdetail attribution="Reuters BIP Coding Group" action="confirmed" date="1997-07-14"/>
  </code>
</codes>
<dc element="dc.date.created" value="1997-07-14"/>
<dc element="dc.publisher" value="Reuters Holdings Plc"/>
<dc element="dc.date.published" value="1997-07-14"/>
<dc element="dc.source" value="Reuters"/>
<dc element="dc.creator.location" value="ADDIS ABABA"/>
<dc element="dc.creator.location.country.name" value="ETHIOPIA"/>
<dc element="dc.source" value="Reuters"/>
</metadata>
</newsitem>
