<?xml version="1.0" encoding="iso-8859-1" ?>
<newsitem itemid="725433" id="root" date="1997-07-14" xml:lang="en">
<title>ROMANIA: Romania leu ends slightly weaker in quiet trading.</title>
<headline>Romania leu ends slightly weaker in quiet trading.</headline>
<text>
<p>1350 GMT - The Romanian leu closed on Monday marginally weaker at 7,125/160 to the dollar from its 7,115/150 opening level on a dormant interbank market, traders said.</p>
<p>* They said the leu depreciation was negligible throughout the day. For Tuesday, operators forecast no major developments on leu-dollar rates. They said the central bank (BNR) would continue its policy of draining dollar funds in excess to prevent the leu from firming.</p>
<p>* Traders said surplus dollars came mainly from foreign investors interested in buying Romanian equities.</p>
<p>* On the money market, short term rates stayed unchanged all day. Overnight rates were between 48 and 50 percent, while one-week rates were around 53 percent.</p>
<p>* Traders said the market was liquid in leu funds because of recent BNR dollar purchases and would remain so in the coming days.</p>
<p>* Leu-dollar retail prices stayed around 7,000/7,100. -- Bucharest Newsroom 40-1 3120264</p>
</text>
<copyright>(c) Reuters Limited 1997</copyright>
<metadata>
<codes class="bip:countries:1.0">
  <code code="ROM">
    <editdetail attribution="Reuters BIP Coding Group" action="confirmed" date="1997-07-14"/>
  </code>
</codes>
<codes class="bip:topics:1.0">
  <code code="M13">
    <editdetail attribution="Reuters BIP Coding Group" action="confirmed" date="1997-07-14"/>
  </code>
  <code code="M132">
    <editdetail attribution="Reuters BIP Coding Group" action="confirmed" date="1997-07-14"/>
  </code>
  <code code="MCAT">
    <editdetail attribution="Reuters BIP Coding Group" action="confirmed" date="1997-07-14"/>
  </code>
</codes>
<dc element="dc.publisher" value="Reuters Holdings Plc"/>
<dc element="dc.date.published" value="1997-07-14"/>
<dc element="dc.source" value="Reuters"/>
<dc element="dc.creator.location.country.name" value="ROMANIA"/>
<dc element="dc.source" value="Reuters"/>
</metadata>
</newsitem>
