<?xml version="1.0" encoding="iso-8859-1" ?>
<newsitem itemid="725402" id="root" date="1997-07-14" xml:lang="en">
<title>ETHIOPIA: Ethiopian Airlines names chief executive.</title>
<headline>Ethiopian Airlines names chief executive.</headline>
<dateline>ADDIS ABABA 1997-07-14</dateline>
<text>
<p>Bisrat Negatu has been named chief executive of national carrier Ethiopian Airlines, state television reported on Sunday.</p>
<p>The appointment took effective from July 11.</p>
<p>Bisrat replaces Ahmed Kelo, chief executive for the last three years, the television said.</p>
<p>Bisrat, who was head of corporate planning and has  worked for the airline in various capacities for more than 20 years, can pick his administrative team and present it to the board for approval, informed airline sources said.</p>
<p>No details were given concerning Ahmed's departure.</p>
</text>
<copyright>(c) Reuters Limited 1997</copyright>
<metadata>
<codes class="bip:countries:1.0">
  <code code="ETHPA">
    <editdetail attribution="Reuters BIP Coding Group" action="confirmed" date="1997-07-14"/>
  </code>
</codes>
<codes class="bip:industries:1.0">
  <code code="I75000">
    <editdetail attribution="Reuters BIP Coding Group" action="confirmed" date="1997-07-14"/>
  </code>
</codes>
<codes class="bip:topics:1.0">
  <code code="C41">
    <editdetail attribution="Reuters BIP Coding Group" action="confirmed" date="1997-07-14"/>
  </code>
  <code code="C411">
    <editdetail attribution="Reuters BIP Coding Group" action="confirmed" date="1997-07-14"/>
  </code>
  <code code="CCAT">
    <editdetail attribution="Reuters BIP Coding Group" action="confirmed" date="1997-07-14"/>
  </code>
</codes>
<dc element="dc.date.created" value="1997-07-14"/>
<dc element="dc.publisher" value="Reuters Holdings Plc"/>
<dc element="dc.date.published" value="1997-07-14"/>
<dc element="dc.source" value="Reuters"/>
<dc element="dc.creator.location" value="ADDIS ABABA"/>
<dc element="dc.creator.location.country.name" value="ETHIOPIA"/>
<dc element="dc.source" value="Reuters"/>
</metadata>
</newsitem>
