<?xml version="1.0" encoding="iso-8859-1" ?>
<newsitem itemid="725412" id="root" date="1997-07-14" xml:lang="en">
<title>SOUTH AFRICA: S.Africa money mkt shortage at 7.360 bln rand Sat.</title>
<headline>S.Africa money mkt shortage at 7.360 bln rand Sat.</headline>
<dateline>JOHANNESBURG 1997-07-14</dateline>
<text>
<p>The South African Reserve Bank said the money market shortage rose to 7.360 billion rand on Saturday from 7.355 billion rand on Friday.</p>
<p>-- Johannesburg newsroom, +27 11 482-1003</p>
</text>
<copyright>(c) Reuters Limited 1997</copyright>
<metadata>
<codes class="bip:countries:1.0">
  <code code="SAFR">
    <editdetail attribution="Reuters BIP Coding Group" action="confirmed" date="1997-07-14"/>
  </code>
</codes>
<codes class="bip:topics:1.0">
  <code code="M13">
    <editdetail attribution="Reuters BIP Coding Group" action="confirmed" date="1997-07-14"/>
  </code>
  <code code="MCAT">
    <editdetail attribution="Reuters BIP Coding Group" action="confirmed" date="1997-07-14"/>
  </code>
</codes>
<dc element="dc.date.created" value="1997-07-14"/>
<dc element="dc.publisher" value="Reuters Holdings Plc"/>
<dc element="dc.date.published" value="1997-07-14"/>
<dc element="dc.source" value="Reuters"/>
<dc element="dc.creator.location" value="JOHANNESBURG"/>
<dc element="dc.creator.location.country.name" value="SOUTH AFRICA"/>
<dc element="dc.source" value="Reuters"/>
</metadata>
</newsitem>
