<?xml version="1.0" encoding="iso-8859-1" ?>
<newsitem itemid="725428" id="root" date="1997-07-14" xml:lang="en">
<title>RUSSIA: Two badly injured in Russian building collapse.</title>
<headline>Two badly injured in Russian building collapse.</headline>
<dateline>MOSCOW 1997-07-14</dateline>
<text>
<p>Part of an old five-storey apartment block collapsed in the southern Russian city of Saratov on Monday, starting a fire in which two people were seriously hurt, officials said.</p>
<p>&quot;Two people are in hospital in a critical condition. A 28-year old man has 50 percent burns. He's barely alive. The other victim is poisoned by fumes and is also seriously ill,&quot; said a hospital official from Saratov on the Volga river.</p>
<p>An Emergencies Ministry spokeswoman in Moscow said it was not known what caused the collapse but that an explosion had been ruled out.</p>
<p>A local official in Saratov said by telephone that one section of the building had suddenly collapsed at about 11 a.m. (0700 GMT). He did not say how many people lived there and did not speculate what had caused the collapse.</p>
<p>&quot;Information on possible victims and reasons for the collapse is being checked out,&quot; said the official, a spokesman at the civil defence headquarters in Saratov, about 750 km (470 miles) southeast of Moscow. Itar-Tass news agency said rescue teams had been rushed to the scene, as well as 10 ambulances.</p>
<p>NTV television said later that all the other people in the building had been evacuated.</p>
</text>
<copyright>(c) Reuters Limited 1997</copyright>
<metadata>
<codes class="bip:countries:1.0">
  <code code="RUSS">
    <editdetail attribution="Reuters BIP Coding Group" action="confirmed" date="1997-07-14"/>
  </code>
</codes>
<codes class="bip:topics:1.0">
  <code code="GCAT">
    <editdetail attribution="Reuters BIP Coding Group" action="confirmed" date="1997-07-14"/>
  </code>
  <code code="GDIS">
    <editdetail attribution="Reuters BIP Coding Group" action="confirmed" date="1997-07-14"/>
  </code>
</codes>
<dc element="dc.date.created" value="1997-07-14"/>
<dc element="dc.publisher" value="Reuters Holdings Plc"/>
<dc element="dc.date.published" value="1997-07-14"/>
<dc element="dc.source" value="Reuters"/>
<dc element="dc.creator.location" value="MOSCOW"/>
<dc element="dc.creator.location.country.name" value="RUSSIA"/>
<dc element="dc.source" value="Reuters"/>
</metadata>
</newsitem>
