<?xml version="1.0" encoding="iso-8859-1" ?>
<newsitem itemid="725408" id="root" date="1997-07-14" xml:lang="en">
<title>SOUTH AFRICA: Amplats output normal after more killings.</title>
<headline>Amplats output normal after more killings.</headline>
<dateline>JOHANNESBURG 1997-07-14</dateline>
<text>
<p>Anglo American Platinum Corp Ltd said its mines were operating normally on Monday despite further killings over the weekend.</p>
<p>Although the mines were quiet on Monday -- in the wake of the murder of two National Union of Mineworkers officials and four of their family members -- Amplats said it wanted visible policing and planned to meet with government ministers.</p>
<p>The weekend killings are the latest in a wave of violence that first wracked Amplats' three platinum mines last May.</p>
<p>&quot;This has been going on for a while...Production has not been affected at all but it is a very, very worrying thing. We see people being brutally murdered on a regular basis,&quot; Amplats spokesman Johan Adler told Reuters.</p>
<p>A NUM official and three family members, including a child, were shot dead on Friday when unknown attackers stormed their house in the Eastern Cape. The official had gone there to organise the funeral of an Amplats worker murdered in June.</p>
<p>On Saturday another NUM official and his son were killed in a hostel at the Rustenburg section of Amplats' Rustenburg Platinum Mines Ltd (Rusplats).</p>
<p>Rusplats, the world's largest platinum mine, has been plagued by a long-running dispute over union representation. It was hit in late May by a two-day wildcat strike.</p>
<p>This weekend's murders shattered a peace accord signed on July 1 between labour unions at the mines aimed at halting sporadic outbreaks of violence.</p>
<p>Adler said Amplats planned to approach several ministers on Monday to urge more high profile policing at the mines.</p>
<p>&quot;We're taking it up with the highest levels of government today. On Friday we asked for policing to be upped and even get the army in if needed. We need visible policing. The NUM requested it as well,&quot; he said.</p>
<p>Amplats' mines, including Potgietersrust Platinums Ltd and Lebowa Platinum Mines Ltd, are situated in the Northern and North West provinces.</p>
<p>The Safety and Security MECs (members of executive council) in those provinces told the NUM on Friday that they too would approach national government as they believed the violence had become a national issue.</p>
<p>Adler declined to speculate on the cause of the violence. &quot;I don't know what it's about. It doesn't seem to be a labour issue. It's not aimed at management or at production,&quot; he said.</p>
<p>But speculation in the local press blames the killings on conflict between the NUM and the Mouthpiece Workers' Union.</p>
<p>In May members of the Mouthpiece Workers' Union tortured two NUM members after a &quot;kangaroo court&quot; (informal trial). Some of those involved in the torture were dismissed.</p>
<p>In June two senior NUM leaders were killed by unknown gangs at the Amandelbult and Union sections of Rusplats.</p>
<p>Amplats produces about 1.8 million ounes of platinum a year.</p>
<p>-- Melanie Cheary, Johannesburg newsroom +27 11 482-1003</p>
</text>
<copyright>(c) Reuters Limited 1997</copyright>
<metadata>
<codes class="bip:countries:1.0">
  <code code="SAFR">
    <editdetail attribution="Reuters BIP Coding Group" action="confirmed" date="1997-07-14"/>
  </code>
</codes>
<codes class="bip:industries:1.0">
  <code code="I21000">
    <editdetail attribution="Reuters BIP Coding Group" action="confirmed" date="1997-07-14"/>
  </code>
  <code code="I22472">
    <editdetail attribution="Reuters BIP Coding Group" action="confirmed" date="1997-07-14"/>
  </code>
</codes>
<codes class="bip:topics:1.0">
  <code code="C24">
    <editdetail attribution="Reuters BIP Coding Group" action="confirmed" date="1997-07-14"/>
  </code>
  <code code="C42">
    <editdetail attribution="Reuters BIP Coding Group" action="confirmed" date="1997-07-14"/>
  </code>
  <code code="CCAT">
    <editdetail attribution="Reuters BIP Coding Group" action="confirmed" date="1997-07-14"/>
  </code>
  <code code="E41">
    <editdetail attribution="Reuters BIP Coding Group" action="confirmed" date="1997-07-14"/>
  </code>
  <code code="ECAT">
    <editdetail attribution="Reuters BIP Coding Group" action="confirmed" date="1997-07-14"/>
  </code>
  <code code="GCAT">
    <editdetail attribution="Reuters BIP Coding Group" action="confirmed" date="1997-07-14"/>
  </code>
  <code code="GJOB">
    <editdetail attribution="Reuters BIP Coding Group" action="confirmed" date="1997-07-14"/>
  </code>
  <code code="GVIO">
    <editdetail attribution="Reuters BIP Coding Group" action="confirmed" date="1997-07-14"/>
  </code>
</codes>
<dc element="dc.date.created" value="1997-07-14"/>
<dc element="dc.publisher" value="Reuters Holdings Plc"/>
<dc element="dc.date.published" value="1997-07-14"/>
<dc element="dc.source" value="Reuters"/>
<dc element="dc.creator.location" value="JOHANNESBURG"/>
<dc element="dc.creator.location.country.name" value="SOUTH AFRICA"/>
<dc element="dc.source" value="Reuters"/>
</metadata>
</newsitem>
