<?xml version="1.0" encoding="iso-8859-1" ?>
<newsitem itemid="725478" id="root" date="1997-07-14" xml:lang="en">
<title>CZECH REPUBLIC: Albright tells Slovaks to &quot;rejoin&quot; democratic path.</title>
<headline>Albright tells Slovaks to &quot;rejoin&quot; democratic path.</headline>
<byline>John Mastrini</byline>
<dateline>PRAGUE 1997-07-14</dateline>
<text>
<p>U.S. Secretary of State Madeleine Albright, in a speech in her native Prague on Monday, called on Slovakia to &quot;rejoin the path&quot; of democratic reform and earn a place in NATO alongside the Czech Republic.</p>
<p>Ending a tour of eastern Europe after last week's NATO summit, Albright made a special appeal to the eastern part of the former Czechoslovakia which has become a diplomatic outcast because of perceived shortcomings in democratic reforms.</p>
<p>Saying that the Clinton administration had promised to back all nations &quot;between the Baltic and Black seas&quot; which met NATO's criteria for membership, Albright added: &quot;And it is our message today to the people of Slovakia.&quot;</p>
<p>&quot;For it is our sincere hope that their nation will rejoin the path of true democratic reform and make itself a strong candidate for the second round of NATO enlargement,&quot; she told the leaders and diplomats gathered in Prague's Municipal House.</p>
<p>When Czechoslovakia peacefully split into separate states in 1993, Slovakia was still seen among the frontrunners for early NATO membership.</p>
<p>But the U.S. and other western allies have criticised Slovakia for four rocky years of opaque political infighting, problems in dealing with its large ethnic Hungarian minority, and major shortcomings in media and other reforms.</p>
<p>When NATO issued its first membership invitations to post-Communist states last week in Madrid, only Poland, Hungary, and the Czech Republic won the nod. Slovakia was not even mentioned among top prospects for future rounds. NATO has not yet specified when a second round of enlargement would take place but the first round is expected to be completed in 1999.</p>
<p>NATO agreed however that it would leave the door for eventual membership open to any applicant which fulfils its criteria of democracy, human rights, and a market economy.</p>
<p>Neither was Slovakia named among six countries to start talks on future membership in the European Union last week.</p>
<p>&quot;I think the issue for all of us, NATO members and aspiring NATO members, is to make sure that Slovakia doesn't isolate itself,&quot; Albright, whose father was a Czechoslovak diplomat, told a joint news conference with Czech President Vaclav Havel.</p>
<p>&quot;And that it is important that Slovakia understand what it takes to become a NATO member, which is democratisation, a market system and the capability to be an active participant.&quot;</p>
<p>Privately, U.S. officials blame Slovak Prime Minister Vladimir Meciar's autocratic style of rule for the country's poor reputation in diplomatic circles.</p>
<p>Meciar, after the Madrid summit, complained that the NATO decision was unfair and used a different measure for his country than for other applicants.</p>
<p>Albright said she discussed what Slovakia would have to do to gain NATO membership with Meciar in Madrid.</p>
<p>Slovak President Michal Kovac told Reuters in an interview on Friday that he hoped &quot;member countries of the European Union and NATO will not turn their backs on Slovakia&quot; and instead intensively support &quot;democratic forces&quot; in the country.</p>
</text>
<copyright>(c) Reuters Limited 1997</copyright>
<metadata>
<codes class="bip:countries:1.0">
  <code code="CZREP">
    <editdetail attribution="Reuters BIP Coding Group" action="confirmed" date="1997-07-14"/>
  </code>
  <code code="NATO">
    <editdetail attribution="Reuters BIP Coding Group" action="confirmed" date="1997-07-14"/>
  </code>
  <code code="SLVAK">
    <editdetail attribution="Reuters BIP Coding Group" action="confirmed" date="1997-07-14"/>
  </code>
  <code code="USA">
    <editdetail attribution="Reuters BIP Coding Group" action="confirmed" date="1997-07-14"/>
  </code>
</codes>
<codes class="bip:topics:1.0">
  <code code="GCAT">
    <editdetail attribution="Reuters BIP Coding Group" action="confirmed" date="1997-07-14"/>
  </code>
  <code code="GDIP">
    <editdetail attribution="Reuters BIP Coding Group" action="confirmed" date="1997-07-14"/>
  </code>
</codes>
<dc element="dc.date.created" value="1997-07-14"/>
<dc element="dc.publisher" value="Reuters Holdings Plc"/>
<dc element="dc.date.published" value="1997-07-14"/>
<dc element="dc.source" value="Reuters"/>
<dc element="dc.creator.location" value="PRAGUE"/>
<dc element="dc.creator.location.country.name" value="CZECH REPUBLIC"/>
<dc element="dc.source" value="Reuters"/>
</metadata>
</newsitem>
