<?xml version="1.0" encoding="iso-8859-1" ?>
<newsitem itemid="725506" id="root" date="1997-07-14" xml:lang="en">
<title>CROATIA: Croatia bourse to lift taxes on summer deals.</title>
<headline>Croatia bourse to lift taxes on summer deals.</headline>
<dateline>ZAGREB 1997-07-14</dateline>
<text>
<p>Croatia's central bourse said on Monday it would not be imposing tax on transactions made in the month to August 14 to stimulate securities trading and boost efficiency of the Croatian capital market.</p>
<p>In a statement faxed to Reuters, the Zagreb Stock Exchange said it hoped brokerages and banks active on the bourse would follow in its footsteps to help reduce the price of the capital on the market.</p>
<p>&quot;Market liquidity and stability are of utmost importance for (the market's) future development,&quot; the bourse said.</p>
<p>It hoped temporary lifting of the bourse tax would help brokerages function in an efficient way which should result in an overall cost reduction and more liquid trading.</p>
<p>Trading in summer is considerably slower, due to a reduced interest of buyers and sellers, which results in earlier closing times of brokerages, the bourse said.</p>
<p>Most Croatians close shop in hot summer months of July and August and go to beaches on the Adriatic coast.</p>
<p>-- Zagreb Newsroom, 385-1-4557075</p>
</text>
<copyright>(c) Reuters Limited 1997</copyright>
<metadata>
<codes class="bip:countries:1.0">
  <code code="CRTIA">
    <editdetail attribution="Reuters BIP Coding Group" action="confirmed" date="1997-07-14"/>
  </code>
</codes>
<codes class="bip:industries:1.0">
  <code code="I83100">
    <editdetail attribution="Reuters BIP Coding Group" action="confirmed" date="1997-07-14"/>
  </code>
</codes>
<codes class="bip:topics:1.0">
  <code code="C13">
    <editdetail attribution="Reuters BIP Coding Group" action="confirmed" date="1997-07-14"/>
  </code>
  <code code="CCAT">
    <editdetail attribution="Reuters BIP Coding Group" action="confirmed" date="1997-07-14"/>
  </code>
  <code code="M11">
    <editdetail attribution="Reuters BIP Coding Group" action="confirmed" date="1997-07-14"/>
  </code>
  <code code="MCAT">
    <editdetail attribution="Reuters BIP Coding Group" action="confirmed" date="1997-07-14"/>
  </code>
</codes>
<dc element="dc.date.created" value="1997-07-14"/>
<dc element="dc.publisher" value="Reuters Holdings Plc"/>
<dc element="dc.date.published" value="1997-07-14"/>
<dc element="dc.source" value="Reuters"/>
<dc element="dc.creator.location" value="ZAGREB"/>
<dc element="dc.creator.location.country.name" value="CROATIA"/>
<dc element="dc.source" value="Reuters"/>
</metadata>
</newsitem>
