<?xml version="1.0" encoding="iso-8859-1" ?>
<newsitem itemid="725504" id="root" date="1997-07-14" xml:lang="en">
<title>ROMANIA: Romania OTC market up, oil refiners in demand.</title>
<headline>Romania OTC market up, oil refiners in demand.</headline>
<dateline>BUCHAREST 1997-07-14</dateline>
<text>
<p>Rising prices for oil refiners and cement makers led Romania's over-the-counter (OTC) market higher on Monday, traders said.</p>
<p>They said the bullish mood would pervade the entire week, with foreign investors focusing on blue chips.</p>
<p>&quot;Refineries will stay in high demand this week, with foreigners eager to take up whatever is available,&quot; one trader said. &quot;They still have enough money to maintain buying presure on high caps.&quot;</p>
<p>Some traders said many local and foreign investors had started looking at small cap listings with future potential.</p>
<p>&quot;Many heavy weights will soon become too expensive and our clients want listings which might have less liquidity now but could have high potential in the near future,&quot; another said.</p>
<p>On Monday, gainers outnumbered decliners 191 to 73, with 305 stocks remaining flat.</p>
<p>Three independent indices computed by securities companies based on average prices and market capitalisation gained ground from the previous session.</p>
<p>The VAB-RA all-share index was up 2.9 percent to 6,221.7 points, BIG-OTC rose by 3.07 percent to 4,904.74 and CAS-RQ grew 2.86 percent to 1,103 points.</p>
<p>Petromidia oil refinery closed 5,500 lei higher at 46,000 under strong buying preesure, while Petrobrazi refinery firmed 1,800 lei to 54,800. Arpechim, a third refinery, closed flat at 53,000 lei from its Friday's close.</p>
<p>Cement maker Romcim went up 5,000 lei to 130,000. A second cement maker, Moldocim ended 1,500 lei higher at 54,500.</p>
<p>Steel mill Sidex inched down 500 lei to 23,500 in late trading. Traders said trading would ease on Tuesday, leaving Sidex at about the same level, but buying pressure would push it up later in the week.</p>
<p>Turnover on Monday fell to 38.01 billion lei from 40.2 billion previously.</p>
<p>($=7,128 lei)</p>
<p>-- Andrei Iva, Bucharest Newsroom 40-1 3120264</p>
</text>
<copyright>(c) Reuters Limited 1997</copyright>
<metadata>
<codes class="bip:countries:1.0">
  <code code="ROM">
    <editdetail attribution="Reuters BIP Coding Group" action="confirmed" date="1997-07-14"/>
  </code>
</codes>
<codes class="bip:topics:1.0">
  <code code="M11">
    <editdetail attribution="Reuters BIP Coding Group" action="confirmed" date="1997-07-14"/>
  </code>
  <code code="MCAT">
    <editdetail attribution="Reuters BIP Coding Group" action="confirmed" date="1997-07-14"/>
  </code>
</codes>
<dc element="dc.date.created" value="1997-07-14"/>
<dc element="dc.publisher" value="Reuters Holdings Plc"/>
<dc element="dc.date.published" value="1997-07-14"/>
<dc element="dc.source" value="Reuters"/>
<dc element="dc.creator.location" value="BUCHAREST"/>
<dc element="dc.creator.location.country.name" value="ROMANIA"/>
<dc element="dc.source" value="Reuters"/>
</metadata>
</newsitem>
