<?xml version="1.0" encoding="iso-8859-1" ?>
<newsitem itemid="725547" id="root" date="1997-07-14" xml:lang="en">
<title>HUNGARY: Hungary Christian Democrats ousted from EUCD - radio.</title>
<headline>Hungary Christian Democrats ousted from EUCD - radio.</headline>
<dateline>BUDAPEST 1997-07-14</dateline>
<text>
<p>The Hungarian Christian Democrat (KDNP) party has been ousted from the European Union of Christian Democrats (EUCD), a party official told Hungarian radio on Monday.</p>
<p>Party official Laszlo Surjan said the reason for the KDNP's exclusion was that the party had failed to fulfil undertakings to end internal divisions, sever all ties with Hungary's extreme right and seek cooperation with centre-right parties.</p>
<p>The KDNP has been plagued by internal strife since last summer and the party, led by right-leaning president Gyorgy Giczy, recently ousted some centrist members who have since formed a splinter group within the party.</p>
<p>The KDNP has 23 seats in the 386-seat Hungarian parliament where a coalition between Socialists and the liberal Free Democrats has 72 percent of the seats.</p>
</text>
<copyright>(c) Reuters Limited 1997</copyright>
<metadata>
<codes class="bip:countries:1.0">
  <code code="HUNG">
    <editdetail attribution="Reuters BIP Coding Group" action="confirmed" date="1997-07-14"/>
  </code>
</codes>
<codes class="bip:topics:1.0">
  <code code="GCAT">
    <editdetail attribution="Reuters BIP Coding Group" action="confirmed" date="1997-07-14"/>
  </code>
  <code code="GPOL">
    <editdetail attribution="Reuters BIP Coding Group" action="confirmed" date="1997-07-14"/>
  </code>
</codes>
<dc element="dc.date.created" value="1997-07-14"/>
<dc element="dc.publisher" value="Reuters Holdings Plc"/>
<dc element="dc.date.published" value="1997-07-14"/>
<dc element="dc.source" value="Reuters"/>
<dc element="dc.creator.location" value="BUDAPEST"/>
<dc element="dc.creator.location.country.name" value="HUNGARY"/>
<dc element="dc.source" value="Reuters"/>
</metadata>
</newsitem>
