<?xml version="1.0" encoding="iso-8859-1" ?>
<newsitem itemid="725503" id="root" date="1997-07-14" xml:lang="en">
<title>POLAND: Polish PZU expects to pay PLN 300 mln for floods.</title>
<headline>Polish PZU expects to pay PLN 300 mln for floods.</headline>
<dateline>WARSAW 1997-07-14</dateline>
<text>
<p>Insurer Powszechny Zaklad Ubespieczen SA estimates its payments stemming from Poland's floods will total about 300 million zlotys and its financial results will be affected, its vice-president said on Monday.</p>
<p>But Elzbieta Turkowska-Tyrluk told a news conference there would be no danger to the liquidity of PZU, Poland's biggest insurer.</p>
<p>&quot;The value of all compensation payments will be in the area of 300 million zlotys,&quot; she said, adding that there were likely to be 100,000 claims and the costs of adminstering and settling them would probably be an extra 20 million zlotys.</p>
<p>&quot;This is a large sum, but there is no danger as regards the liquidity of PZU. We are turning to our reserves, but there is no threat of a loss of liquidity,&quot; she said.</p>
<p>&quot;If our reserves have to be used, then overall the financial result for the end of the 1997 may be somewhat worse than we have foreseen,&quot; Turkowska-Tyrluk said without giving details.</p>
<p>A PZU press release said that such large payments would definitely have a negative effect on the result and instead of the planned profit the company could record a loss.</p>
<p>In April this year PZU said its net profit for the first quarter of 1997 was 204.9 million zlotys. It reported a loss of 169.7 million zlotys at the end of 1996.</p>
<p>-- Warsaw Newsroom +48 22 653 9700</p>
</text>
<copyright>(c) Reuters Limited 1997</copyright>
<metadata>
<codes class="bip:countries:1.0">
  <code code="POL">
    <editdetail attribution="Reuters BIP Coding Group" action="confirmed" date="1997-07-14"/>
  </code>
</codes>
<codes class="bip:industries:1.0">
  <code code="I82000">
    <editdetail attribution="Reuters BIP Coding Group" action="confirmed" date="1997-07-14"/>
  </code>
</codes>
<codes class="bip:topics:1.0">
  <code code="C15">
    <editdetail attribution="Reuters BIP Coding Group" action="confirmed" date="1997-07-14"/>
  </code>
  <code code="C152">
    <editdetail attribution="Reuters BIP Coding Group" action="confirmed" date="1997-07-14"/>
  </code>
  <code code="CCAT">
    <editdetail attribution="Reuters BIP Coding Group" action="confirmed" date="1997-07-14"/>
  </code>
  <code code="GCAT">
    <editdetail attribution="Reuters BIP Coding Group" action="confirmed" date="1997-07-14"/>
  </code>
  <code code="GDIS">
    <editdetail attribution="Reuters BIP Coding Group" action="confirmed" date="1997-07-14"/>
  </code>
</codes>
<dc element="dc.date.created" value="1997-07-14"/>
<dc element="dc.publisher" value="Reuters Holdings Plc"/>
<dc element="dc.date.published" value="1997-07-14"/>
<dc element="dc.source" value="Reuters"/>
<dc element="dc.creator.location" value="WARSAW"/>
<dc element="dc.creator.location.country.name" value="POLAND"/>
<dc element="dc.source" value="Reuters"/>
</metadata>
</newsitem>
