<?xml version="1.0" encoding="iso-8859-1" ?>
<newsitem itemid="725505" id="root" date="1997-07-14" xml:lang="en">
<title>UKRAINE: Ukraine industry output shrinks by 4.5 pct in H1.</title>
<headline>Ukraine industry output shrinks by 4.5 pct in H1.</headline>
<dateline>KIEV 1997-07-14</dateline>
<text>
<p>Industrial output in Ukraine fell by 4.5 percent in the first half of 1997 compared to a decline of 3.1 percent in the same 1996 period, the economy ministry said on Monday.</p>
<p>It also said that output fell by 4.9 percent between January and May and by 5.1 percent over the whole of last year.</p>
<p>					JAN-JUN '97	  JAN-JUN '96</p>
<p> UKRAINE INDUSTRIAL OUTPUT    -4.5 pct	     -3.1 pct</p>
<p>--Kiev newsroom +38 044 244 9155</p>
</text>
<copyright>(c) Reuters Limited 1997</copyright>
<metadata>
<codes class="bip:countries:1.0">
  <code code="UKRN">
    <editdetail attribution="Reuters BIP Coding Group" action="confirmed" date="1997-07-14"/>
  </code>
</codes>
<codes class="bip:topics:1.0">
  <code code="E31">
    <editdetail attribution="Reuters BIP Coding Group" action="confirmed" date="1997-07-14"/>
  </code>
  <code code="E311">
    <editdetail attribution="Reuters BIP Coding Group" action="confirmed" date="1997-07-14"/>
  </code>
  <code code="ECAT">
    <editdetail attribution="Reuters BIP Coding Group" action="confirmed" date="1997-07-14"/>
  </code>
</codes>
<dc element="dc.date.created" value="1997-07-14"/>
<dc element="dc.publisher" value="Reuters Holdings Plc"/>
<dc element="dc.date.published" value="1997-07-14"/>
<dc element="dc.source" value="Reuters"/>
<dc element="dc.creator.location" value="KIEV"/>
<dc element="dc.creator.location.country.name" value="UKRAINE"/>
<dc element="dc.source" value="Reuters"/>
</metadata>
</newsitem>
