<?xml version="1.0" encoding="iso-8859-1" ?>
<newsitem itemid="741756" id="root" date="1997-07-21" xml:lang="en">
<title>USA: Disney near pact to buy Mammoth records - WSJ.</title>
<headline>Disney near pact to buy Mammoth records - WSJ.</headline>
<dateline>NEW YORK 1997-07-21</dateline>
<text>
<p>Walt Disney Co is close to signing a $20-$25 million pact to buy the Mammoth Records independent record label, a deal that could initiate a reorganization of Disney's struggling pop music business, The Wall Street Journal said.</p>
<p>In Monday's electronic edition, the paper said Mammoth owner Jay Faires is weighing a competing offer from Polygram NV's A&amp;M Records.</p>
<p>The paper said the information came from &quot;people familiar with the situation.&quot;</p>
<p>Disney and Mammoth declined to comment for the story.</p>
</text>
<copyright>(c) Reuters Limited 1997</copyright>
<metadata>
<codes class="bip:countries:1.0">
  <code code="USA">
    <editdetail attribution="Reuters BIP Coding Group" action="confirmed" date="1997-07-21"/>
  </code>
</codes>
<codes class="bip:industries:1.0">
  <code code="I34520">
    <editdetail attribution="Reuters BIP Coding Group" action="confirmed" date="1997-07-21"/>
  </code>
  <code code="I97100">
    <editdetail attribution="Reuters BIP Coding Group" action="confirmed" date="1997-07-21"/>
  </code>
</codes>
<codes class="bip:topics:1.0">
  <code code="C18">
    <editdetail attribution="Reuters BIP Coding Group" action="confirmed" date="1997-07-21"/>
  </code>
  <code code="C181">
    <editdetail attribution="Reuters BIP Coding Group" action="confirmed" date="1997-07-21"/>
  </code>
  <code code="CCAT">
    <editdetail attribution="Reuters BIP Coding Group" action="confirmed" date="1997-07-21"/>
  </code>
</codes>
<dc element="dc.date.created" value="1997-07-21"/>
<dc element="dc.publisher" value="Reuters Holdings Plc"/>
<dc element="dc.date.published" value="1997-07-21"/>
<dc element="dc.source" value="Reuters"/>
<dc element="dc.creator.location" value="NEW YORK"/>
<dc element="dc.creator.location.country.name" value="USA"/>
<dc element="dc.source" value="Reuters"/>
</metadata>
</newsitem>
