<?xml version="1.0" encoding="iso-8859-1" ?>
<newsitem itemid="741764" id="root" date="1997-07-21" xml:lang="en">
<title>USA: TABLE - Summit Design Inc Q2 results.</title>
<headline>TABLE - Summit Design Inc Q2 results.</headline>
<text>
<p>BEAVERTON, Ore.--(BUSINESS WIRE)--July 21, 1997--</p>
<p>					     SUMMIT DESIGN, INC.</p>
<p>				    CONSOLIDATED STATEMENTS OF INCOME</p>
<p>				(in thousands, except per share data)</p>
<p>					     (unaudited)</p>
<p>			   Three Months Ended	Six Months Ended</p>
<p>				   June 30,		  June 30,</p>
<p>				1997     1996	  1997	 1996</p>
<p>			   -------   -------     -------    -------</p>
<p>Revenue:</p>
<p> Product licenses   $  5,576  $  3,644    $ 10,454   $  7,191</p>
<p>Maintenance and</p>
<p>  services		 1,418	 977	 2,899	1,895</p>
<p> Other			 125	 142	   267	  284</p>
<p>			    ------    ------	------     ------</p>
<p>   Total revenue	 7,119     4,763	13,620	9,370</p>
<p>Cost of revenue:</p>
<p> Product licenses	  164	 146	   349	  278</p>
<p>Maintenance and</p>
<p>  services		   141	 109	   250	  211</p>
<p>			    ------    ------	------     ------</p>
<p>Total cost</p>
<p>    of revenue	     305	 255	   599	  489</p>
<p>			    ------    ------	------     ------</p>
<p>Gross profit	     6,814     4,508	13,021	8,881</p>
<p>Operating expenses</p>
<p>Research and</p>
<p>  development	    1,656     1,445	 3,087	2,857</p>
<p> Sales and marketing   2,571     2,179	 5,088	4,404</p>
<p>General and</p>
<p>  administrative	   878	 830	 1,676	1,544</p>
<p> Merger costs		 --	  --	   379	   --</p>
<p>			    ------    ------	------     ------</p>
<p>Total operating</p>
<p>    expenses	     5,105     4,454	10,230	8,805</p>
<p>			    ------    ------	------     ------</p>
<p>Income from</p>
<p> operations		1,709	  54	 2,791	   76</p>
<p>Other income</p>
<p> (expense), net	    229	  (2)	  440	  (54)</p>
<p>			    ------    ------	------     ------</p>
<p>Income before income</p>
<p> taxes		     1,938	  52	 3,231	   22</p>
<p>Income tax provision     100	  33	   180	  209</p>
<p>			    ------    ------	------     ------</p>
<p>   Net income (loss) $ 1,838   $    19     $ 3,051    $  (187)</p>
<p>			   =======   =======     =======    =======</p>
<p>Net income (loss)</p>
<p> per share	     $  0.13   $  0.00     $  0.21    $ (0.02)</p>
<p>			   =======   =======     =======    =======</p>
<p>Number of shares</p>
<p>used in per</p>
<p> shares calculation   14,650    12,680	14,758     12,609</p>
<p>			   =======   =======     =======    =======</p>
</text>
<copyright>(c) Reuters Limited 1997</copyright>
<metadata>
<codes class="bip:countries:1.0">
  <code code="USA">
    <editdetail attribution="Reuters BIP Coding Group" action="confirmed" date="1997-07-21"/>
  </code>
</codes>
<codes class="bip:topics:1.0">
  <code code="C15">
    <editdetail attribution="Reuters BIP Coding Group" action="confirmed" date="1997-07-21"/>
  </code>
  <code code="C151">
    <editdetail attribution="Reuters BIP Coding Group" action="confirmed" date="1997-07-21"/>
  </code>
  <code code="CCAT">
    <editdetail attribution="Reuters BIP Coding Group" action="confirmed" date="1997-07-21"/>
  </code>
</codes>
<dc element="dc.publisher" value="Reuters Holdings Plc"/>
<dc element="dc.date.published" value="1997-07-21"/>
<dc element="dc.source" value="Reuters"/>
<dc element="dc.creator.location.country.name" value="USA"/>
<dc element="dc.source" value="Reuters"/>
</metadata>
</newsitem>
