<?xml version="1.0" encoding="iso-8859-1" ?>
<newsitem itemid="741758" id="root" date="1997-07-21" xml:lang="en">
<title>CANADA: Firan Corp Q2 net profit falls.</title>
<headline>Firan Corp Q2 net profit falls.</headline>
<dateline>TORONTO 1997-07-21</dateline>
<text>
<p>1997			    1996</p>
<p> Shr			 C$0.07		   C$0.15</p>
<p> Net			    828		    1,762</p>
<p> Revs			56,991		   56,450</p>
<p>	    6 MONTHS</p>
<p> Shr			 C$0.10		   C$0.05</p>
<p> Net			  1,178			604</p>
<p> Revs			94,657		   97,165</p>
<p>(All data above 000s except per share numbers)</p>
<p>((Reuters Toronto Bureau 416 941-8100))</p>
</text>
<copyright>(c) Reuters Limited 1997</copyright>
<metadata>
<codes class="bip:countries:1.0">
  <code code="CANA">
    <editdetail attribution="Reuters BIP Coding Group" action="confirmed" date="1997-07-21"/>
  </code>
</codes>
<codes class="bip:industries:1.0">
  <code code="I34440">
    <editdetail attribution="Reuters BIP Coding Group" action="confirmed" date="1997-07-21"/>
  </code>
</codes>
<codes class="bip:topics:1.0">
  <code code="C15">
    <editdetail attribution="Reuters BIP Coding Group" action="confirmed" date="1997-07-21"/>
  </code>
  <code code="C151">
    <editdetail attribution="Reuters BIP Coding Group" action="confirmed" date="1997-07-21"/>
  </code>
  <code code="CCAT">
    <editdetail attribution="Reuters BIP Coding Group" action="confirmed" date="1997-07-21"/>
  </code>
</codes>
<dc element="dc.date.created" value="1997-07-21"/>
<dc element="dc.publisher" value="Reuters Holdings Plc"/>
<dc element="dc.date.published" value="1997-07-21"/>
<dc element="dc.source" value="Reuters"/>
<dc element="dc.creator.location" value="TORONTO"/>
<dc element="dc.creator.location.country.name" value="CANADA"/>
<dc element="dc.source" value="Reuters"/>
</metadata>
</newsitem>
