<?xml version="1.0" encoding="iso-8859-1" ?>
<newsitem itemid="741866" id="root" date="1997-07-21" xml:lang="en">
<title>USA: TABLE-Secure Computing Corp Q2 loss.</title>
<headline>TABLE-Secure Computing Corp Q2 loss.</headline>
<dateline>ST. PAUL, Minn. 1997-07-21</dateline>
<text>
<p>1997			1996</p>
<p> Shr loss		   $0.08     loss	 $0.27</p>
<p> Net loss		   1,210     loss	 3,829</p>
<p> Revs			11,334		     9,33</p>
<p> Avg shrs		  15,496		   13,961</p>
<p>	  6 MONTHS</p>
<p> Shr loss		   $0.27     loss	 $0.26</p>
<p> Net loss		   4,171     loss	 3,472</p>
<p> Revs			21,943		   20,422</p>
<p> Avg shrs		  15,430		   13,963</p>
<p>(All data above 000s except per share numbers)</p>
<p>NOTE: 1996 results exclude effect of acquisition costs of $13.1 million, or $0.94 a share.</p>
<p>	 ((--Chicago newsdesk, 312-408-8787))</p>
</text>
<copyright>(c) Reuters Limited 1997</copyright>
<metadata>
<codes class="bip:countries:1.0">
  <code code="USA">
    <editdetail attribution="Reuters BIP Coding Group" action="confirmed" date="1997-07-21"/>
  </code>
</codes>
<codes class="bip:industries:1.0">
  <code code="I33020">
    <editdetail attribution="Reuters BIP Coding Group" action="confirmed" date="1997-07-21"/>
  </code>
</codes>
<codes class="bip:topics:1.0">
  <code code="C15">
    <editdetail attribution="Reuters BIP Coding Group" action="confirmed" date="1997-07-21"/>
  </code>
  <code code="C151">
    <editdetail attribution="Reuters BIP Coding Group" action="confirmed" date="1997-07-21"/>
  </code>
  <code code="CCAT">
    <editdetail attribution="Reuters BIP Coding Group" action="confirmed" date="1997-07-21"/>
  </code>
</codes>
<dc element="dc.date.created" value="1997-07-21"/>
<dc element="dc.publisher" value="Reuters Holdings Plc"/>
<dc element="dc.date.published" value="1997-07-21"/>
<dc element="dc.source" value="Reuters"/>
<dc element="dc.creator.location" value="ST. PAUL, Minn."/>
<dc element="dc.creator.location.country.name" value="USA"/>
<dc element="dc.source" value="Reuters"/>
</metadata>
</newsitem>
