<?xml version="1.0" encoding="iso-8859-1" ?>
<newsitem itemid="741835" id="root" date="1997-07-21" xml:lang="en">
<title>USA: TABLE - Appliance Recycling Q2 profit.</title>
<headline>TABLE - Appliance Recycling Q2 profit.</headline>
<dateline>MINNEAPOLIS 1997-07-21</dateline>
<text>
<p>1997			1996</p>
<p> Shr profit	     $  0.06     loss     $  1.46</p>
<p> Net profit		    73     loss	 1,606</p>
<p> Revs			 2,996		    3,273</p>
<p> Avg shrs		   1,137		    1,101</p>
<p>	  SIX MONTHS</p>
<p> Shr profit		$ 0.12     loss     $  3.21</p>
<p> Net profit		   136     loss	 3,498</p>
<p> Revs			 6,239		    6,333</p>
<p> Avg shrs		   1,137		    1,091</p>
<p>(All data above 000s except per share numbers)</p>
<p>NOTE: 1996 results reflect restructuring expenses.</p>
<p>Appliance Recycling Centers of America Inc is full company name.</p>
<p>		  ((Chicago newsdesk 312 408 8787))</p>
</text>
<copyright>(c) Reuters Limited 1997</copyright>
<metadata>
<codes class="bip:countries:1.0">
  <code code="USA">
    <editdetail attribution="Reuters BIP Coding Group" action="confirmed" date="1997-07-21"/>
  </code>
</codes>
<codes class="bip:industries:1.0">
  <code code="I92110">
    <editdetail attribution="Reuters BIP Coding Group" action="confirmed" date="1997-07-21"/>
  </code>
</codes>
<codes class="bip:topics:1.0">
  <code code="C15">
    <editdetail attribution="Reuters BIP Coding Group" action="confirmed" date="1997-07-21"/>
  </code>
  <code code="C151">
    <editdetail attribution="Reuters BIP Coding Group" action="confirmed" date="1997-07-21"/>
  </code>
  <code code="CCAT">
    <editdetail attribution="Reuters BIP Coding Group" action="confirmed" date="1997-07-21"/>
  </code>
</codes>
<dc element="dc.date.created" value="1997-07-21"/>
<dc element="dc.publisher" value="Reuters Holdings Plc"/>
<dc element="dc.date.published" value="1997-07-21"/>
<dc element="dc.source" value="Reuters"/>
<dc element="dc.creator.location" value="MINNEAPOLIS"/>
<dc element="dc.creator.location.country.name" value="USA"/>
<dc element="dc.source" value="Reuters"/>
</metadata>
</newsitem>
