<?xml version="1.0" encoding="iso-8859-1" ?>
<newsitem itemid="741884" id="root" date="1997-07-21" xml:lang="en">
<title>USA: TABLE - Citrix Systems Inc Q2 net rises.</title>
<headline>TABLE - Citrix Systems Inc Q2 net rises.</headline>
<dateline>FORT LAUDERDALE, Fla. 1997-07-21</dateline>
<text>
<p>CITRIX SYSTEMS, INC.</p>
<p>		Condensed Consolidated Statements of Operations</p>
<p>	     (In thousands, except per share data - unaudited)</p>
<p>				 Three Months Ended  Six Months Ended</p>
<p>					June 30,		June 30,</p>
<p>					  1997    1996     1997    1996</p>
<p> Net revenues		    $24,517  $9,501  $46,038 $17,273</p>
<p> Cost of goods sold		2,291   1,234    4,485   2,214</p>
<p> Gross margin		     22,226   8,267   41,553  15,059</p>
<p>Operating expenses:</p>
<p>Research and</p>
<p>  development			1,622     960    3,135   1,864</p>
<p>Sales, marketing and</p>
<p>  support			    7,480   2,848   13,679   5,336</p>
<p>General and</p>
<p>  administrative		   2,426     748    3,908   1,608</p>
<p> Total operating expenses     11,528   4,556   20,722   8,808</p>
<p> Income from operations	 10,698   3,711   20,831   6,251</p>
<p> Other income, net		 2,269     912    3,843   1,473</p>
<p> Income before income taxes   12,967   4,623   24,674   7,724</p>
<p> Income taxes			4,668   1,006    8,882   1,254</p>
<p> Net income			  8,299   3,617   15,792   6,470</p>
<p> Net income per share	     0.29    0.14     0.55    0.25</p>
<p>Weighted average shares</p>
<p>  outstanding		     29,079  26,257   28,852  26,128</p>
<p>		     Condensed Consolidated Balance Sheets</p>
<p>			     (In thousands - unaudited)</p>
<p>				 Jun 30, 1997	    Dec 31, 1996</p>
<p>Cash and short-term</p>
<p>  investments		    $228,945		  $137,342</p>
<p> Accounts receivable, net	 7,342		     5,525</p>
<p> Inventories			    822			 696</p>
<p> Other current assets	     5,236		     3,935</p>
<p> Total current assets	   242,345		   147,498</p>
<p> Property and equipment, net    3,878		     2,082</p>
<p> Other assets			22,571			  --</p>
<p> Total assets		     268,794		   149,580</p>
<p> Current liabilities	     49,191		     7,721</p>
<p> Other liabilities		 57,875			   8</p>
<p> Shareholders' equity	   161,728		   141,851</p>
<p>Total liabilities and</p>
<p>  shareholders' equity	  268,794		   149,580</p>
<p>((-- New York Newsdesk 212 859-1610))</p>
</text>
<copyright>(c) Reuters Limited 1997</copyright>
<metadata>
<codes class="bip:countries:1.0">
  <code code="USA">
    <editdetail attribution="Reuters BIP Coding Group" action="confirmed" date="1997-07-21"/>
  </code>
</codes>
<codes class="bip:industries:1.0">
  <code code="I33020">
    <editdetail attribution="Reuters BIP Coding Group" action="confirmed" date="1997-07-21"/>
  </code>
</codes>
<codes class="bip:topics:1.0">
  <code code="C15">
    <editdetail attribution="Reuters BIP Coding Group" action="confirmed" date="1997-07-21"/>
  </code>
  <code code="C151">
    <editdetail attribution="Reuters BIP Coding Group" action="confirmed" date="1997-07-21"/>
  </code>
  <code code="CCAT">
    <editdetail attribution="Reuters BIP Coding Group" action="confirmed" date="1997-07-21"/>
  </code>
</codes>
<dc element="dc.date.created" value="1997-07-21"/>
<dc element="dc.publisher" value="Reuters Holdings Plc"/>
<dc element="dc.date.published" value="1997-07-21"/>
<dc element="dc.source" value="Reuters"/>
<dc element="dc.creator.location" value="FORT LAUDERDALE, Fla."/>
<dc element="dc.creator.location.country.name" value="USA"/>
<dc element="dc.source" value="Reuters"/>
</metadata>
</newsitem>
