<?xml version="1.0" encoding="iso-8859-1" ?>
<newsitem itemid="741807" id="root" date="1997-07-21" xml:lang="en">
<title>USA: TABLE - CollaGenex Q2 shr loss $0.24.</title>
<headline>TABLE - CollaGenex Q2 shr loss $0.24.</headline>
<dateline>NEWTOWN, Pa. 1997-07-21</dateline>
<text>
<p>Three Months Ended  Six Months Ended</p>
<p>					June 30,	   June 30,</p>
<p>				1997     1996	  1997	 1996</p>
<p>				 (in thousands, except share amounts)</p>
<p>Statement of Operations Data: (Unaudited)</p>
<p>Revenues:</p>
<p> Licensing Fees	   $300	 $--	  $300	  $--</p>
<p>Operating expenses:</p>
<p>Research and</p>
<p>   Development	   1,379     1,301	 2,075	2,277</p>
<p>General and</p>
<p>   Administrative	1,385	 535	 2,350	  953</p>
<p>Total operating</p>
<p>   expenses		2,764     1,836	 4,425	3,230</p>
<p>Other income (expense)</p>
<p>   Interest income	 382	  48	   618	  109</p>
<p>   Other expense	    --	  --	    --	   --</p>
<p> Net Loss		(2,082)   (1,788)     (3,507)    (3,121)</p>
<p>Accretion of undeclared</p>
<p> dividends		    --	 336	    --	  720</p>
<p>Net loss allocable to common</p>
<p> stockholders	  (2,082)   (2,124)     (3,507)    (3,841)</p>
<p>Proforma net loss</p>
<p> per share		(0.24)    (0.31)	(0.44)     (0.56)</p>
<p>Shares used in computing proforma net loss</p>
<p> per share	   8,521,601  5,734,061  8,030,087  5,623,333</p>
<p>Note: Full company name is CollaGenex Pharmaceuticals Inc.</p>
<p>(( --New York Newsdesk 212-859-1610.))</p>
</text>
<copyright>(c) Reuters Limited 1997</copyright>
<metadata>
<codes class="bip:countries:1.0">
  <code code="USA">
    <editdetail attribution="Reuters BIP Coding Group" action="confirmed" date="1997-07-21"/>
  </code>
</codes>
<codes class="bip:industries:1.0">
  <code code="I25700">
    <editdetail attribution="Reuters BIP Coding Group" action="confirmed" date="1997-07-21"/>
  </code>
</codes>
<codes class="bip:topics:1.0">
  <code code="C15">
    <editdetail attribution="Reuters BIP Coding Group" action="confirmed" date="1997-07-21"/>
  </code>
  <code code="C151">
    <editdetail attribution="Reuters BIP Coding Group" action="confirmed" date="1997-07-21"/>
  </code>
  <code code="CCAT">
    <editdetail attribution="Reuters BIP Coding Group" action="confirmed" date="1997-07-21"/>
  </code>
</codes>
<dc element="dc.date.created" value="1997-07-21"/>
<dc element="dc.publisher" value="Reuters Holdings Plc"/>
<dc element="dc.date.published" value="1997-07-21"/>
<dc element="dc.source" value="Reuters"/>
<dc element="dc.creator.location" value="NEWTOWN, Pa."/>
<dc element="dc.creator.location.country.name" value="USA"/>
<dc element="dc.source" value="Reuters"/>
</metadata>
</newsitem>
