<?xml version="1.0" encoding="iso-8859-1" ?>
<newsitem itemid="741817" id="root" date="1997-07-21" xml:lang="en">
<title>USA: TABLE - Ambassadors International Q2.</title>
<headline>TABLE - Ambassadors International Q2.</headline>
<text>
<p>SPOKANE, Wash., July 21 (Reuter)</p>
<p>    Quarter ended June 30			  1997		   1996</p>
<p>    Gross program receipts		   $ 35,512	     $ 27,862</p>
<p>    Revenue, Net				   11,733		  9,955</p>
<p>Operating expenses:</p>
<p>	Selling and tour promotion		1,909		  1,625</p>
<p>	General and administrative		1,822		  1,479</p>
<p>    Total operating expenses		    3,731		  3,104</p>
<p>Other income:</p>
<p>	Interest income				 553		    379</p>
<p>	Foreign exchange gain (loss)**	   (216)		   (23)</p>
<p>							    337		    356</p>
<p>    Net income				    $ 5,421		$ 4,757</p>
<p>    Weighted average shares outstanding     6,755		  6,615</p>
<p>    Net income per share			$  0.80		 $ 0.72</p>
<p>Unaudited</p>
<p>    Six months ended June 30		     1997		   1996</p>
<p>    Gross program receipts		   $ 43,064	     $ 30,131</p>
<p>    Revenue, Net				   13,715		 10,550</p>
<p>Operating expenses:</p>
<p>	Selling and tour promotion		4,045		  3,537</p>
<p>	General and administrative		3,715		  2,816</p>
<p>    Total operating expenses		    7,760		  6,353</p>
<p>Other income:</p>
<p>	Interest income				 863		    574</p>
<p>	Foreign exchange gain (loss)**	   (472)		   199</p>
<p>							    391		    773</p>
<p>    Net income				    $ 4,043		$ 3,280</p>
<p>    Weighted average shares outstanding     6,755		  6,615</p>
<p>    Net income per share			$  0.60		 $ 0.50</p>
</text>
<copyright>(c) Reuters Limited 1997</copyright>
<metadata>
<codes class="bip:countries:1.0">
  <code code="USA">
    <editdetail attribution="Reuters BIP Coding Group" action="confirmed" date="1997-07-21"/>
  </code>
</codes>
<codes class="bip:industries:1.0">
  <code code="I77001">
    <editdetail attribution="Reuters BIP Coding Group" action="confirmed" date="1997-07-21"/>
  </code>
</codes>
<codes class="bip:topics:1.0">
  <code code="C15">
    <editdetail attribution="Reuters BIP Coding Group" action="confirmed" date="1997-07-21"/>
  </code>
  <code code="C151">
    <editdetail attribution="Reuters BIP Coding Group" action="confirmed" date="1997-07-21"/>
  </code>
  <code code="CCAT">
    <editdetail attribution="Reuters BIP Coding Group" action="confirmed" date="1997-07-21"/>
  </code>
</codes>
<dc element="dc.publisher" value="Reuters Holdings Plc"/>
<dc element="dc.date.published" value="1997-07-21"/>
<dc element="dc.source" value="Reuters"/>
<dc element="dc.creator.location.country.name" value="USA"/>
<dc element="dc.source" value="Reuters"/>
</metadata>
</newsitem>
