<?xml version="1.0" encoding="iso-8859-1" ?>
<newsitem itemid="741861" id="root" date="1997-07-21" xml:lang="en">
<title>USA: TABLE-Brunswick Corp Q2 net up.</title>
<headline>TABLE-Brunswick Corp Q2 net up.</headline>
<dateline>LAKE FOREST, Ill. 1997-07-21</dateline>
<text>
<p>1997			1996</p>
<p> Shr			  $0.83		    $0.72</p>
<p> Net			 82,900		   70,800</p>
<p> Revs		   1,008,200		  858,300</p>
<p> Avg shrs		 100,200		   98,700</p>
<p>(All data above 000s except per share numbers)  </p>
<p>							 Six Months Ended</p>
<p>							     June 30</p>
<p>						  1997     1996  % Change</p>
<p> Net sales				    $1,849.8 $1,597.2   16%</p>
<p> Cost of sales				 1,307.0  1,125.9   16%</p>
<p> Selling, general and administrative     311.4    281.4   11%</p>
<p> Operating earnings			    231.4    189.9   22%</p>
<p> Interest expense			     (21.4)   (16.0)    --</p>
<p> Other income and expense			6.9     12.0    --</p>
<p> Earnings before income taxes		216.9    185.9   17%</p>
<p> Income tax provision			   81.3     69.7    --</p>
<p> Earnings from continuing operations     135.6    116.2   17%</p>
<p>    Results from discontinued operations    --	 --    --</p>
<p> Net earnings				    135.6    116.2   17%</p>
<p>Earnings per common share</p>
<p>    Earnings from continuing operations   1.36     1.18   15%</p>
<p>    Results from discontinued operations    --	 --    --</p>
<p>    Net earnings per common share	   1.36     1.18   15%</p>
<p>Average shares used for computation of</p>
<p>   earnings per common share		  99.9     98.6    1%</p>
<p>Effective tax rate on continuing operations</p>
<p>						     37.5%    37.5%    --</p>
<p>Selected Financial Data</p>
<p> Capital expenditures			   80.6     64.9    --</p>
<p> Depreciation and amortization		72.0     59.2    --</p>
<p>		((Chicago newsdesk 312 408 8787))</p>
</text>
<copyright>(c) Reuters Limited 1997</copyright>
<metadata>
<codes class="bip:countries:1.0">
  <code code="USA">
    <editdetail attribution="Reuters BIP Coding Group" action="confirmed" date="1997-07-21"/>
  </code>
</codes>
<codes class="bip:industries:1.0">
  <code code="I36102">
    <editdetail attribution="Reuters BIP Coding Group" action="confirmed" date="1997-07-21"/>
  </code>
</codes>
<codes class="bip:topics:1.0">
  <code code="C15">
    <editdetail attribution="Reuters BIP Coding Group" action="confirmed" date="1997-07-21"/>
  </code>
  <code code="C151">
    <editdetail attribution="Reuters BIP Coding Group" action="confirmed" date="1997-07-21"/>
  </code>
  <code code="CCAT">
    <editdetail attribution="Reuters BIP Coding Group" action="confirmed" date="1997-07-21"/>
  </code>
</codes>
<dc element="dc.date.created" value="1997-07-21"/>
<dc element="dc.publisher" value="Reuters Holdings Plc"/>
<dc element="dc.date.published" value="1997-07-21"/>
<dc element="dc.source" value="Reuters"/>
<dc element="dc.creator.location" value="LAKE FOREST, Ill."/>
<dc element="dc.creator.location.country.name" value="USA"/>
<dc element="dc.source" value="Reuters"/>
</metadata>
</newsitem>
