<?xml version="1.0" encoding="iso-8859-1" ?>
<newsitem itemid="741802" id="root" date="1997-07-21" xml:lang="en">
<title>USA: TABLE - Tower Tech Inc Q2 net falls.</title>
<headline>TABLE - Tower Tech Inc Q2 net falls.</headline>
<dateline>CHICKASHA, Okla. 1997-07-21</dateline>
<text>
<p>6 Mos	3 Mos	6 Mos	3 Mos</p>
<p>			     1997	 1997	 1996	 1996</p>
<p> Revenues	  $10,725,694 $5,069,588 $9,657,591 $6,114,460</p>
<p> Net Income	    680,965    275,456    637,085    452,210</p>
<p> Average Shares    3,536,931  3,518,689  3,398,719  3,224,866</p>
<p>Net Income Per</p>
<p>  Common Share	     .19	  .08	  .19	  .14</p>
<p>		((Chicago newsdesk 312 408 8787))</p>
</text>
<copyright>(c) Reuters Limited 1997</copyright>
<metadata>
<codes class="bip:countries:1.0">
  <code code="USA">
    <editdetail attribution="Reuters BIP Coding Group" action="confirmed" date="1997-07-21"/>
  </code>
</codes>
<codes class="bip:industries:1.0">
  <code code="I32840">
    <editdetail attribution="Reuters BIP Coding Group" action="confirmed" date="1997-07-21"/>
  </code>
</codes>
<codes class="bip:topics:1.0">
  <code code="C15">
    <editdetail attribution="Reuters BIP Coding Group" action="confirmed" date="1997-07-21"/>
  </code>
  <code code="C151">
    <editdetail attribution="Reuters BIP Coding Group" action="confirmed" date="1997-07-21"/>
  </code>
  <code code="CCAT">
    <editdetail attribution="Reuters BIP Coding Group" action="confirmed" date="1997-07-21"/>
  </code>
</codes>
<dc element="dc.date.created" value="1997-07-21"/>
<dc element="dc.publisher" value="Reuters Holdings Plc"/>
<dc element="dc.date.published" value="1997-07-21"/>
<dc element="dc.source" value="Reuters"/>
<dc element="dc.creator.location" value="CHICKASHA, Okla."/>
<dc element="dc.creator.location.country.name" value="USA"/>
<dc element="dc.source" value="Reuters"/>
</metadata>
</newsitem>
