<?xml version="1.0" encoding="iso-8859-1" ?>
<newsitem itemid="741877" id="root" date="1997-07-21" xml:lang="en">
<title>USA: TABLE - Oglebay Norton Co Q2 net rises.</title>
<headline>TABLE - Oglebay Norton Co Q2 net rises.</headline>
<dateline>CLEVELAND 1997-07-21</dateline>
<text>
<p>CONSOLIDATED STATEMENT OF OPERATIONS (UNAUDITED)</p>
<p>Oglebay Norton Company and Subsidiaries</p>
<p>				 Three Months Ended  Six Months Ended</p>
<p>						June 30	 June 30</p>
<p> (000's except per share amounts)  1997  1996   1997     1996</p>
<p>NET SALES AND OPERATING REVENUES</p>
<p>				    $50,586 $44,931  $70,995  $63,614</p>
<p>COSTS AND EXPENSES</p>
<p>Cost of goods sold and operating</p>
<p>   expenses			35,898  34,725   49,878   48,591</p>
<p>Depreciation and amortization</p>
<p>					3,141   4,195    4,337    5,305</p>
<p>General, administrative and selling</p>
<p>   expenses			 4,161   3,970    8,284    8,126</p>
<p>     Total			 43,200  42,890   62,499   62,022</p>
<p>   INCOME FROM OPERATIONS     7,386   2,041    8,496    1,592</p>
<p> Gain on sale of assets	    30     263	789    1,878</p>
<p>Interest, dividends and other income</p>
<p>					1,160     473    1,729    1,633</p>
<p> Interest expense		 (675)   (814)  (1,244)  (1,658)</p>
<p> Other expense		    (712)   (587)  (1,376)  (1,071)</p>
<p>INCOME FROM CONTINUING OPERATIONS</p>
<p>     BEFORE INCOME TAXES	7,189   1,376    8,394    2,374</p>
<p> Income taxes		     2,081     135    2,433	220</p>
<p>INCOME FROM CONTINUING OPERATIONS</p>
<p>					5,108   1,241    5,961    2,154</p>
<p>Income from discontinued operations</p>
<p>					   --   1,019	 --    2,085</p>
<p>   NET INCOME		     5,108   2,260    5,961    4,239</p>
<p>NET INCOME PER SHARE OF COMMON STOCK</p>
<p>     Continuing operations     2.13     .51     2.48	.88</p>
<p>     Discontinued operations     --     .42	 --	.85</p>
<p>     Net income per share	2.13     .93     2.48     1.73</p>
<p> Average number of shares     2,400   2,444    2,404    2,451</p>
<p>NOTE: In 1997, the company extended the estimated useful lives and increased the estimated salvage values for certain vessels in its fleet.  The effect of these changes in estimate reduced depreciation by $1,117,000 and increased net income by $737,000 ($.31 per share) for the three months and six months ended June 30, 1997.  The changes had no effect on the first quarter of 1997, as the Company's vessels are depreciated over the standard sailing season.  The changes in estimate will reduce depreciation by $3,178,000 and increase net income by $2,097,000 for the year ending December 31, 1997.</p>
<p>The Company's 1996 annual effective tax rate was reduced as a result  of a $1,824,000 state income tax refund received in the first quarter of  1996.</p>
<p>((-- New York Newsdesk 212 859-1610))</p>
</text>
<copyright>(c) Reuters Limited 1997</copyright>
<metadata>
<codes class="bip:countries:1.0">
  <code code="USA">
    <editdetail attribution="Reuters BIP Coding Group" action="confirmed" date="1997-07-21"/>
  </code>
</codes>
<codes class="bip:industries:1.0">
  <code code="I21000">
    <editdetail attribution="Reuters BIP Coding Group" action="confirmed" date="1997-07-21"/>
  </code>
</codes>
<codes class="bip:topics:1.0">
  <code code="C15">
    <editdetail attribution="Reuters BIP Coding Group" action="confirmed" date="1997-07-21"/>
  </code>
  <code code="C151">
    <editdetail attribution="Reuters BIP Coding Group" action="confirmed" date="1997-07-21"/>
  </code>
  <code code="CCAT">
    <editdetail attribution="Reuters BIP Coding Group" action="confirmed" date="1997-07-21"/>
  </code>
</codes>
<dc element="dc.date.created" value="1997-07-21"/>
<dc element="dc.publisher" value="Reuters Holdings Plc"/>
<dc element="dc.date.published" value="1997-07-21"/>
<dc element="dc.source" value="Reuters"/>
<dc element="dc.creator.location" value="CLEVELAND"/>
<dc element="dc.creator.location.country.name" value="USA"/>
<dc element="dc.source" value="Reuters"/>
</metadata>
</newsitem>
