<?xml version="1.0" encoding="iso-8859-1" ?>
<newsitem itemid="741888" id="root" date="1997-07-21" xml:lang="en">
<title>USA: Iraq envoy to give U.N. aid plan Tuesday.</title>
<headline>Iraq envoy to give U.N. aid plan Tuesday.</headline>
<dateline>NEW YORK 1997-07-21</dateline>
<text>
<p>Iraq's ambassador to the United Nations, Nizar Hamdoon, is scheduled to meet with Yasushi Akashi, head of the U.N. Department of Humanitarian Affairs, on Tuesday at which time he will formally hand him the aid distribution plan, a U.N. official said Monday.</p>
<p>&quot;Hamdoon will meet with Akashi tomorrow at 11 (a.m. EDT) and submit the plan,&quot; said the U.N. spokesperson.</p>
<p>The U.N. Secretary-General Kofi Annan must review and approve the final plan and give his ascent before it is adopted formally.</p>
<p>Annan has seen the draft plan and U.N. officials in Iraq had been discussing the plan with Iraqi officials for weeks following the June 8th extension of the &quot;oil-for-food&quot; plan, which allows Iraq to sell up to $2 billion of oil over six months to buy badly needed supplies for a population suffering under seven years of broad U.N. sanctions.</p>
<p>--New York Energy Desk, +1 212 859 1620</p>
</text>
<copyright>(c) Reuters Limited 1997</copyright>
<metadata>
<codes class="bip:countries:1.0">
  <code code="IRAQ">
    <editdetail attribution="Reuters BIP Coding Group" action="confirmed" date="1997-07-21"/>
  </code>
  <code code="UN">
    <editdetail attribution="Reuters BIP Coding Group" action="confirmed" date="1997-07-21"/>
  </code>
  <code code="USA">
    <editdetail attribution="Reuters BIP Coding Group" action="confirmed" date="1997-07-21"/>
  </code>
</codes>
<codes class="bip:topics:1.0">
  <code code="E51">
    <editdetail attribution="Reuters BIP Coding Group" action="confirmed" date="1997-07-21"/>
  </code>
  <code code="ECAT">
    <editdetail attribution="Reuters BIP Coding Group" action="confirmed" date="1997-07-21"/>
  </code>
  <code code="GCAT">
    <editdetail attribution="Reuters BIP Coding Group" action="confirmed" date="1997-07-21"/>
  </code>
  <code code="GDIP">
    <editdetail attribution="Reuters BIP Coding Group" action="confirmed" date="1997-07-21"/>
  </code>
</codes>
<dc element="dc.date.created" value="1997-07-21"/>
<dc element="dc.publisher" value="Reuters Holdings Plc"/>
<dc element="dc.date.published" value="1997-07-21"/>
<dc element="dc.source" value="Reuters"/>
<dc element="dc.creator.location" value="NEW YORK"/>
<dc element="dc.creator.location.country.name" value="USA"/>
<dc element="dc.source" value="Reuters"/>
</metadata>
</newsitem>
