<?xml version="1.0" encoding="iso-8859-1" ?>
<newsitem itemid="741892" id="root" date="1997-07-21" xml:lang="en">
<title>USA: TABLE - Forte Software Inc Q1 results.</title>
<headline>TABLE - Forte Software Inc Q1 results.</headline>
<dateline>OAKLAND, Calif. 1997-07-21</dateline>
<text>
<p>Forte Software, Inc.</p>
<p>	    Condensed Consolidated Statements Of Operations</p>
<p>		  (in thousands, except per share amounts)</p>
<p>				     Three months ended June 30,</p>
<p>					   1996	     1997</p>
<p>					     (Unaudited)</p>
<p>Revenues:</p>
<p>    License fees		    $8,023	  $7,965</p>
<p>    Maintenance and service	3,657	   6,709</p>
<p>   Total revenues		   11,680	  14,674</p>
<p>Cost of revenues</p>
<p>   License fees			  138		69</p>
<p>   Maintenance and service	 2,378	   4,129</p>
<p> Total cost of revenues	    2,516	   4,198</p>
<p> Gross profit			  9,164	  10,476</p>
<p>Operating expenses</p>
<p>   Sales and marketing	     5,765	   9,257</p>
<p>Product development and</p>
<p>    engineering			2,284	   3,046</p>
<p>   General and administrative    1,279	   1,547</p>
<p>  Total operating expenses	 9,328	  13,850</p>
<p> Income (loss) from operations   (164)	 (3,374)</p>
<p> Interest income and expense	 489	     553</p>
<p>Income (loss) before income</p>
<p>  taxes				    325	 (2,821)</p>
<p> Provision for income taxes	 (32)	     575</p>
<p> Net income (loss)		     293	 (2,246)</p>
<p> Income (loss) per share	    0.01	  (0.12)</p>
<p>Shares used in computing</p>
<p>  income (loss) per share	 21,136	  19,105</p>
</text>
<copyright>(c) Reuters Limited 1997</copyright>
<metadata>
<codes class="bip:countries:1.0">
  <code code="USA">
    <editdetail attribution="Reuters BIP Coding Group" action="confirmed" date="1997-07-21"/>
  </code>
</codes>
<codes class="bip:industries:1.0">
  <code code="I33020">
    <editdetail attribution="Reuters BIP Coding Group" action="confirmed" date="1997-07-21"/>
  </code>
  <code code="I3302021">
    <editdetail attribution="Reuters BIP Coding Group" action="confirmed" date="1997-07-21"/>
  </code>
</codes>
<codes class="bip:topics:1.0">
  <code code="C15">
    <editdetail attribution="Reuters BIP Coding Group" action="confirmed" date="1997-07-21"/>
  </code>
  <code code="C151">
    <editdetail attribution="Reuters BIP Coding Group" action="confirmed" date="1997-07-21"/>
  </code>
  <code code="CCAT">
    <editdetail attribution="Reuters BIP Coding Group" action="confirmed" date="1997-07-21"/>
  </code>
</codes>
<dc element="dc.date.created" value="1997-07-21"/>
<dc element="dc.publisher" value="Reuters Holdings Plc"/>
<dc element="dc.date.published" value="1997-07-21"/>
<dc element="dc.source" value="Reuters"/>
<dc element="dc.creator.location" value="OAKLAND, Calif."/>
<dc element="dc.creator.location.country.name" value="USA"/>
<dc element="dc.source" value="Reuters"/>
</metadata>
</newsitem>
