<?xml version="1.0" encoding="iso-8859-1" ?>
<newsitem itemid="741858" id="root" date="1997-07-21" xml:lang="en">
<title>USA: Playtex Products expects to take charge.</title>
<headline>Playtex Products expects to take charge.</headline>
<dateline>WESTPORT, Conn. 1997-07-21</dateline>
<text>
<p>Playtex Products Inc said Monday that it has refinanced its $470 million in bank debt with a new $320 million senior credit facility and $150 million in unsecured Senior Notes.</p>
<p>Commenting on the refinancing, Michael Gallagher, chief executive officer said, &quot;This refinancing will greatly add to our ability to execute our growth plans.  In particular, our acquisition capabilities are significantly enhanced with the reduction in our required principal payments over the next five years by more than $300 million.&quot;</p>
<p>The personal care products company said in a statement that it expects to take an after-tax write-off of approximately $4.1 million, or $.08 per share, in the third quarter of 1997 associated with the deferred financing costs from the prior credit agreement.</p>
</text>
<copyright>(c) Reuters Limited 1997</copyright>
<metadata>
<codes class="bip:countries:1.0">
  <code code="USA">
    <editdetail attribution="Reuters BIP Coding Group" action="confirmed" date="1997-07-21"/>
  </code>
</codes>
<codes class="bip:industries:1.0">
  <code code="I47200">
    <editdetail attribution="Reuters BIP Coding Group" action="confirmed" date="1997-07-21"/>
  </code>
</codes>
<codes class="bip:topics:1.0">
  <code code="C15">
    <editdetail attribution="Reuters BIP Coding Group" action="confirmed" date="1997-07-21"/>
  </code>
  <code code="C151">
    <editdetail attribution="Reuters BIP Coding Group" action="confirmed" date="1997-07-21"/>
  </code>
  <code code="C152">
    <editdetail attribution="Reuters BIP Coding Group" action="confirmed" date="1997-07-21"/>
  </code>
  <code code="C17">
    <editdetail attribution="Reuters BIP Coding Group" action="confirmed" date="1997-07-21"/>
  </code>
  <code code="C172">
    <editdetail attribution="Reuters BIP Coding Group" action="confirmed" date="1997-07-21"/>
  </code>
  <code code="C173">
    <editdetail attribution="Reuters BIP Coding Group" action="confirmed" date="1997-07-21"/>
  </code>
  <code code="CCAT">
    <editdetail attribution="Reuters BIP Coding Group" action="confirmed" date="1997-07-21"/>
  </code>
</codes>
<dc element="dc.date.created" value="1997-07-21"/>
<dc element="dc.publisher" value="Reuters Holdings Plc"/>
<dc element="dc.date.published" value="1997-07-21"/>
<dc element="dc.source" value="Reuters"/>
<dc element="dc.creator.location" value="WESTPORT, Conn."/>
<dc element="dc.creator.location.country.name" value="USA"/>
<dc element="dc.source" value="Reuters"/>
</metadata>
</newsitem>
