<?xml version="1.0" encoding="iso-8859-1" ?>
<newsitem itemid="741969" id="root" date="1997-07-21" xml:lang="en">
<title>USA: BellSouth CFO backs 1997 year EPS forecast.</title>
<headline>BellSouth CFO backs 1997 year EPS forecast.</headline>
<dateline>NEW YORK 1997-07-21</dateline>
<text>
<p>BellSouth Corp's chief financial officer said Monday he is comfortable meeting Wall Street's 1997 earnings expectations of $2.80 per share.</p>
<p>&quot;I'm not at all uncomfortable with that,&quot; Ronald Dykes told Reuters in an interview.</p>
<p>Dykes expressed confidence in the Baby Bell company's ability to meet expectations even though doing so &quot;implies double-digit growth for the rest of the year.&quot;</p>
<p>Dykes said he was particularly optimistic about growth prospects for the company's international cellular division and for the installation of additional access lines in residential customers' homes.</p>
</text>
<copyright>(c) Reuters Limited 1997</copyright>
<metadata>
<codes class="bip:countries:1.0">
  <code code="USA">
    <editdetail attribution="Reuters BIP Coding Group" action="confirmed" date="1997-07-21"/>
  </code>
</codes>
<codes class="bip:industries:1.0">
  <code code="I79020">
    <editdetail attribution="Reuters BIP Coding Group" action="confirmed" date="1997-07-21"/>
  </code>
</codes>
<codes class="bip:topics:1.0">
  <code code="C15">
    <editdetail attribution="Reuters BIP Coding Group" action="confirmed" date="1997-07-21"/>
  </code>
  <code code="C152">
    <editdetail attribution="Reuters BIP Coding Group" action="confirmed" date="1997-07-21"/>
  </code>
  <code code="CCAT">
    <editdetail attribution="Reuters BIP Coding Group" action="confirmed" date="1997-07-21"/>
  </code>
</codes>
<dc element="dc.date.created" value="1997-07-21"/>
<dc element="dc.publisher" value="Reuters Holdings Plc"/>
<dc element="dc.date.published" value="1997-07-21"/>
<dc element="dc.source" value="Reuters"/>
<dc element="dc.creator.location" value="NEW YORK"/>
<dc element="dc.creator.location.country.name" value="USA"/>
<dc element="dc.source" value="Reuters"/>
</metadata>
</newsitem>
