<?xml version="1.0" encoding="iso-8859-1" ?>
<newsitem itemid="741932" id="root" date="1997-07-21" xml:lang="en">
<title>USA: COMEX copper ends higher despite steady LME spread.</title>
<headline>COMEX copper ends higher despite steady LME spread.</headline>
<dateline>NEW YORK 1997-07-21</dateline>
<text>
<p>COMEX copper ended higher on hedge-fund buying despite little movement in the London spreads, dealers said.</p>
<p>The LME benchmark cash-to-three-month backwardation was holding firm at $145/$150 at 1445 EDT, up slightly from Friday, but down from $250 a week ago.</p>
<p>Active September delivery settled at 108.55 cents a lb, up 1.15 cents. The spot price ended at 110.90 cents, up 1.10 cents.</p>
<p>&quot;I would have expected people to lose interest in copper as the spreads started to narrow,&quot; said one New York commission house broker. &quot;But instead we found a little short-covering providing some support.&quot;</p>
<p>&quot;It was the path of least resistance,&quot; said one physical merchant of the uptick in prices. &quot;It seemed dead all morning.&quot;</p>
<p>On the physical side, merchants reported some buying interest for August deliveries, particularly from the copper rod sectors.</p>
<p>Copper rod is a precursor to wire and cable production and accounts for 60 percent of primary copper demand.</p>
<p>&quot;We've had no trouble moving copper for August,&quot; one dealer said. &quot;The wire and cable sectors are pretty busy.&quot;</p>
<p>Spot merchant premiums in the Midwest are 2.50 cents over the Comex spot price, off 0.25 cents from last week, dealers said.</p>
<p>((Derek J. Caney, New York Commodity Desk, 212-859-1640))</p>
</text>
<copyright>(c) Reuters Limited 1997</copyright>
<metadata>
<codes class="bip:countries:1.0">
  <code code="USA">
    <editdetail attribution="Reuters BIP Coding Group" action="confirmed" date="1997-07-21"/>
  </code>
</codes>
<codes class="bip:topics:1.0">
  <code code="M14">
    <editdetail attribution="Reuters BIP Coding Group" action="confirmed" date="1997-07-21"/>
  </code>
  <code code="M142">
    <editdetail attribution="Reuters BIP Coding Group" action="confirmed" date="1997-07-21"/>
  </code>
  <code code="MCAT">
    <editdetail attribution="Reuters BIP Coding Group" action="confirmed" date="1997-07-21"/>
  </code>
</codes>
<dc element="dc.date.created" value="1997-07-21"/>
<dc element="dc.publisher" value="Reuters Holdings Plc"/>
<dc element="dc.date.published" value="1997-07-21"/>
<dc element="dc.source" value="Reuters"/>
<dc element="dc.creator.location" value="NEW YORK"/>
<dc element="dc.creator.location.country.name" value="USA"/>
<dc element="dc.source" value="Reuters"/>
</metadata>
</newsitem>
