<?xml version="1.0" encoding="iso-8859-1" ?>
<newsitem itemid="741931" id="root" date="1997-07-21" xml:lang="en">
<title>USA: TABLE-Brush Wellman Q2 shr $0.45 vs $0.51.</title>
<headline>TABLE-Brush Wellman Q2 shr $0.45 vs $0.51.</headline>
<dateline>CLEVELAND 1997-07-21</dateline>
<text>
<p>(In thousands, except share and per share data)</p>
<p>		     Second Quarter Ended	First Half Ended</p>
<p>			Jun 27,     Jun 28,    Jun 27,	Jun 28,</p>
<p>			 1997	  1996	 1997	   1996</p>
<p> Net sales	 $113,374    $104,349   $213,062     $198,150</p>
<p>   Cost of sales   83,587	72,700    157,584	141,708</p>
<p> Gross Margin	29,787	31,649     55,478	 56,442</p>
<p>Selling,</p>
<p>administrative and</p>
<p>general expenses</p>
<p>			 17,161	16,968     32,561	 32,448</p>
<p>Research and</p>
<p>development expenses</p>
<p>			  1,982	 2,363	3,560	  4,161</p>
<p>   Other-net	     20	 (339)	(504)	  (464)</p>
<p> Operating Profit  10,624	12,657     19,861	 20,297</p>
<p>   Interest expense    79	   396	  364	    681</p>
<p>Income before income</p>
<p>   taxes	     10,545	12,261     19,497	 19,616</p>
<p>   Income taxes     3,056	 4,117	5,518	  6,316</p>
<p> Net Income	   7,489	 8,144     13,979	 13,300</p>
<p>Per Share of</p>
<p>   Common Stock:     0.45	  0.51	 0.84	   0.83</p>
<p>Cash dividends per</p>
<p>   common share	0.11	  0.10	 0.22	   0.20</p>
<p>Weighted average</p>
<p>number of common</p>
<p>shares outstanding</p>
<p>		   16,580,835  16,071,742  16,575,439  16,115,593</p>
<p>Full company name is Brush Wellman Inc.</p>
<p>--((New York Newsdesk 201 895-1610))</p>
</text>
<copyright>(c) Reuters Limited 1997</copyright>
<metadata>
<codes class="bip:countries:1.0">
  <code code="USA">
    <editdetail attribution="Reuters BIP Coding Group" action="confirmed" date="1997-07-21"/>
  </code>
</codes>
<codes class="bip:industries:1.0">
  <code code="I22400">
    <editdetail attribution="Reuters BIP Coding Group" action="confirmed" date="1997-07-21"/>
  </code>
</codes>
<codes class="bip:topics:1.0">
  <code code="C15">
    <editdetail attribution="Reuters BIP Coding Group" action="confirmed" date="1997-07-21"/>
  </code>
  <code code="C151">
    <editdetail attribution="Reuters BIP Coding Group" action="confirmed" date="1997-07-21"/>
  </code>
  <code code="CCAT">
    <editdetail attribution="Reuters BIP Coding Group" action="confirmed" date="1997-07-21"/>
  </code>
</codes>
<dc element="dc.date.created" value="1997-07-21"/>
<dc element="dc.publisher" value="Reuters Holdings Plc"/>
<dc element="dc.date.published" value="1997-07-21"/>
<dc element="dc.source" value="Reuters"/>
<dc element="dc.creator.location" value="CLEVELAND"/>
<dc element="dc.creator.location.country.name" value="USA"/>
<dc element="dc.source" value="Reuters"/>
</metadata>
</newsitem>
