<?xml version="1.0" encoding="iso-8859-1" ?>
<newsitem itemid="741944" id="root" date="1997-07-21" xml:lang="en">
<title>USA: Restrac names new president.</title>
<headline>Restrac names new president.</headline>
<dateline>LEXINGTON, Mass. 1997-07-21</dateline>
<text>
<p>Restrac Inc said Monday it has named Martin Fahey president of the company.</p>
<p>Fahey has served as the company's chief operating officer since 1996. He will continue to oversee daily operations of the company, Restrac said.</p>
<p>Fahey succeeds Lars Perkins, who remains chief executive.</p>
<p>The company also said it had named Bob Kuhne vice president of sales at the automated staffing solutions company.</p>
<p>((-- New York Newsdesk 212-859-1610))</p>
</text>
<copyright>(c) Reuters Limited 1997</copyright>
<metadata>
<codes class="bip:countries:1.0">
  <code code="USA">
    <editdetail attribution="Reuters BIP Coding Group" action="confirmed" date="1997-07-21"/>
  </code>
</codes>
<codes class="bip:industries:1.0">
  <code code="I33020">
    <editdetail attribution="Reuters BIP Coding Group" action="confirmed" date="1997-07-21"/>
  </code>
</codes>
<codes class="bip:topics:1.0">
  <code code="C41">
    <editdetail attribution="Reuters BIP Coding Group" action="confirmed" date="1997-07-21"/>
  </code>
  <code code="C411">
    <editdetail attribution="Reuters BIP Coding Group" action="confirmed" date="1997-07-21"/>
  </code>
  <code code="CCAT">
    <editdetail attribution="Reuters BIP Coding Group" action="confirmed" date="1997-07-21"/>
  </code>
</codes>
<dc element="dc.date.created" value="1997-07-21"/>
<dc element="dc.publisher" value="Reuters Holdings Plc"/>
<dc element="dc.date.published" value="1997-07-21"/>
<dc element="dc.source" value="Reuters"/>
<dc element="dc.creator.location" value="LEXINGTON, Mass."/>
<dc element="dc.creator.location.country.name" value="USA"/>
<dc element="dc.source" value="Reuters"/>
</metadata>
</newsitem>
