<?xml version="1.0" encoding="iso-8859-1" ?>
<newsitem itemid="741968" id="root" date="1997-07-21" xml:lang="en">
<title>USA: Exide seen rejecting Danaher bid.</title>
<headline>Exide seen rejecting Danaher bid.</headline>
<byline>Brendan Intindola</byline>
<dateline>NEW YORK 1997-07-21</dateline>
<text>
<p>Exide Electronics Group Inc is expected to reject Danaher Corp's $20-per-share unsolicited takeover bid within the next 24 hours, sources close to the situation said.</p>
<p>Exide will likely announce a rejection of the offer either after Monday's market close or on Tuesday, and will not address other defensive moves, including possible discovery of a &quot;white knight&quot; friendly merger partner, one source said.</p>
<p>Spokesmen for both companies were not immediately available to comment.  </p>
<p>Danaher announced its tender offer for Exide, a Raleigh, N.C.-based maker of uninterruptable power supply systems and software, on July 9.</p>
<p>The bid would total about $202 million for Exide's 10.1 million shares. Exides also has about $220 million in outstanding debt.</p>
<p>Exide urged its shareholders to take no action on the tender offer until the board had reviewed the bid and made a recommendation.</p>
<p>When Danaher announced the offer, it said it owned about 397,000 Exide shares.  </p>
<p>Danaher, based in Washington, manufactures hand tools, including the Craftsman line sold by Sears Roebuck and Co, and process and environmental controls.</p>
<p>The company recently acquired Acme-Cleveland Corp and Joslyn Corp in deals that began with hostile offers but were agreed to after the bids were increased.</p>
<p>Analysts said Danaher may attempt a repeat of this strategy with Exide by raising its bid.</p>
<p>A new offer would have to exceed $22 per share since Exide stock is trading at that level, the sources said. Danaher made an earlier $22-per-share bid for Exide but was spurned.</p>
<p>Before Danaher's $20-a-share offer was made public, Exide shares were trading in a range of $10-$13.</p>
<p>In addition to the tender offer, Danaher has begun a legal offensive against Exide's resistance, alleging in a lawsuit &quot;breach of fiduciary duties,&quot; according to Delaware Chancery Court papers.</p>
<p>In Monday afternoon trade Exide shares were off 1/4 to 22 on Nasdaq and Danaher was up 1/16 to 50-5/8 on the New York Stock Exchange.</p>
<p>((--New York Equities, 212-859-1734))</p>
</text>
<copyright>(c) Reuters Limited 1997</copyright>
<metadata>
<codes class="bip:countries:1.0">
  <code code="USA">
    <editdetail attribution="Reuters BIP Coding Group" action="confirmed" date="1997-07-21"/>
  </code>
</codes>
<codes class="bip:industries:1.0">
  <code code="I34420">
    <editdetail attribution="Reuters BIP Coding Group" action="confirmed" date="1997-07-21"/>
  </code>
  <code code="I35300">
    <editdetail attribution="Reuters BIP Coding Group" action="confirmed" date="1997-07-21"/>
  </code>
</codes>
<codes class="bip:topics:1.0">
  <code code="C18">
    <editdetail attribution="Reuters BIP Coding Group" action="confirmed" date="1997-07-21"/>
  </code>
  <code code="C181">
    <editdetail attribution="Reuters BIP Coding Group" action="confirmed" date="1997-07-21"/>
  </code>
  <code code="CCAT">
    <editdetail attribution="Reuters BIP Coding Group" action="confirmed" date="1997-07-21"/>
  </code>
</codes>
<dc element="dc.date.created" value="1997-07-21"/>
<dc element="dc.publisher" value="Reuters Holdings Plc"/>
<dc element="dc.date.published" value="1997-07-21"/>
<dc element="dc.source" value="Reuters"/>
<dc element="dc.creator.location" value="NEW YORK"/>
<dc element="dc.creator.location.country.name" value="USA"/>
<dc element="dc.source" value="Reuters"/>
</metadata>
</newsitem>
