<?xml version="1.0" encoding="iso-8859-1" ?>
<newsitem itemid="741978" id="root" date="1997-07-21" xml:lang="en">
<title>USA: Res-Care names Pamela Spaniac as CFO.</title>
<headline>Res-Care names Pamela Spaniac as CFO.</headline>
<dateline>LOUISVILLE, Ky. 1997-07-21</dateline>
<text>
<p>Res-Care Inc said on Monday it named Pamela Spaniac to the position of executive vice president of finance and administration and she will assume the role of chief financial officer, effective August 15.</p>
<p>Spaniac previously served as vice president and controller of Coram Healthcare Corp, the company said.</p>
<p>The name of Spaniac's predecessor was not immediately available.  </p>
<p>Res-Care's previous chief financial officer was Doug Webb, who left the company in November 1996, a company spokeswoman said.</p>
</text>
<copyright>(c) Reuters Limited 1997</copyright>
<metadata>
<codes class="bip:countries:1.0">
  <code code="USA">
    <editdetail attribution="Reuters BIP Coding Group" action="confirmed" date="1997-07-21"/>
  </code>
</codes>
<codes class="bip:industries:1.0">
  <code code="I95100">
    <editdetail attribution="Reuters BIP Coding Group" action="confirmed" date="1997-07-21"/>
  </code>
</codes>
<codes class="bip:topics:1.0">
  <code code="C41">
    <editdetail attribution="Reuters BIP Coding Group" action="confirmed" date="1997-07-21"/>
  </code>
  <code code="C411">
    <editdetail attribution="Reuters BIP Coding Group" action="confirmed" date="1997-07-21"/>
  </code>
  <code code="CCAT">
    <editdetail attribution="Reuters BIP Coding Group" action="confirmed" date="1997-07-21"/>
  </code>
</codes>
<dc element="dc.date.created" value="1997-07-21"/>
<dc element="dc.publisher" value="Reuters Holdings Plc"/>
<dc element="dc.date.published" value="1997-07-21"/>
<dc element="dc.source" value="Reuters"/>
<dc element="dc.creator.location" value="LOUISVILLE, Ky."/>
<dc element="dc.creator.location.country.name" value="USA"/>
<dc element="dc.source" value="Reuters"/>
</metadata>
</newsitem>
