<?xml version="1.0" encoding="iso-8859-1" ?>
<newsitem itemid="741900" id="root" date="1997-07-21" xml:lang="en">
<title>USA: Transcom says Hake acquires 9.34 pct stake.</title>
<headline>Transcom says Hake acquires 9.34 pct stake.</headline>
<dateline>NEW YORK 1997-07-21</dateline>
<text>
<p>Transcom International Ltd said on Monday that Hake Capital Management of Phoenix has acquired a 9.34 percent stake of the Australia-based technology development company.</p>
<p>Transcom, in a news release made available in the United States, said Hake has bought 21.7 million Transcom shares.</p>
<p>Transcom did not provide an estimate of the size of Hake's investment, but noted that Transcom American Depositary Receipts have recently been trading in a range of 2-5/8 to 5-5/8, and each ADR represents 50 shares.</p>
<p>Transcom ADRs were trading up 1/16 to 2-5/8 in late Nasdaq trading.</p>
</text>
<copyright>(c) Reuters Limited 1997</copyright>
<metadata>
<codes class="bip:countries:1.0">
  <code code="AUSTR">
    <editdetail attribution="Reuters BIP Coding Group" action="confirmed" date="1997-07-21"/>
  </code>
  <code code="USA">
    <editdetail attribution="Reuters BIP Coding Group" action="confirmed" date="1997-07-21"/>
  </code>
</codes>
<codes class="bip:industries:1.0">
  <code code="I34400">
    <editdetail attribution="Reuters BIP Coding Group" action="confirmed" date="1997-07-21"/>
  </code>
</codes>
<codes class="bip:topics:1.0">
  <code code="C18">
    <editdetail attribution="Reuters BIP Coding Group" action="confirmed" date="1997-07-21"/>
  </code>
  <code code="C181">
    <editdetail attribution="Reuters BIP Coding Group" action="confirmed" date="1997-07-21"/>
  </code>
  <code code="CCAT">
    <editdetail attribution="Reuters BIP Coding Group" action="confirmed" date="1997-07-21"/>
  </code>
</codes>
<dc element="dc.date.created" value="1997-07-21"/>
<dc element="dc.publisher" value="Reuters Holdings Plc"/>
<dc element="dc.date.published" value="1997-07-21"/>
<dc element="dc.source" value="Reuters"/>
<dc element="dc.creator.location" value="NEW YORK"/>
<dc element="dc.creator.location.country.name" value="USA"/>
<dc element="dc.source" value="Reuters"/>
</metadata>
</newsitem>
