<?xml version="1.0" encoding="iso-8859-1" ?>
<newsitem itemid="741906" id="root" date="1997-07-21" xml:lang="en">
<title>USA: Bindley Western unit in NCS supply pact.</title>
<headline>Bindley Western unit in NCS supply pact.</headline>
<dateline>INDIANAPOLIS 1997-07-21</dateline>
<text>
<p>Bindley Western Drug Co, a division of Bindley Western Industries Inc, on Monday said it entered an agreement to be the primary pharmaceutical supplier to all of the NCS Healthcare Inc pharmacies.</p>
<p>The three-year pharmaceutical supply portion of the contract is expected to produce over $600 million in incremental sales for Bindley Western, the company said.  </p>
<p>NCS HealthCare is an independent provider of pharmacy and related services to long-term care facilities, including skilled nursing centers and assisted living facilities.</p>
<p>The two companies plan to apply their respective technologies to assist with the development of product formularies, customized purchasing programs and distribution services.</p>
<p>Bindley Western shares were unchanged at 21-11/16 Monday. NCS shares were up 1/8 at 28-5/8.</p>
<p>((--Chicago newsdesk, 312-408-8787))</p>
</text>
<copyright>(c) Reuters Limited 1997</copyright>
<metadata>
<codes class="bip:countries:1.0">
  <code code="USA">
    <editdetail attribution="Reuters BIP Coding Group" action="confirmed" date="1997-07-21"/>
  </code>
</codes>
<codes class="bip:industries:1.0">
  <code code="I61000">
    <editdetail attribution="Reuters BIP Coding Group" action="confirmed" date="1997-07-21"/>
  </code>
  <code code="I64300">
    <editdetail attribution="Reuters BIP Coding Group" action="confirmed" date="1997-07-21"/>
  </code>
</codes>
<codes class="bip:topics:1.0">
  <code code="C33">
    <editdetail attribution="Reuters BIP Coding Group" action="confirmed" date="1997-07-21"/>
  </code>
  <code code="CCAT">
    <editdetail attribution="Reuters BIP Coding Group" action="confirmed" date="1997-07-21"/>
  </code>
</codes>
<dc element="dc.date.created" value="1997-07-21"/>
<dc element="dc.publisher" value="Reuters Holdings Plc"/>
<dc element="dc.date.published" value="1997-07-21"/>
<dc element="dc.source" value="Reuters"/>
<dc element="dc.creator.location" value="INDIANAPOLIS"/>
<dc element="dc.creator.location.country.name" value="USA"/>
<dc element="dc.source" value="Reuters"/>
</metadata>
</newsitem>
