<?xml version="1.0" encoding="iso-8859-1" ?>
<newsitem itemid="741981" id="root" date="1997-07-21" xml:lang="en">
<title>USA: Educational sets first div of $0.01/shr.</title>
<headline>Educational sets first div of $0.01/shr.</headline>
<dateline>TULSA, Okla. 1997-07-21</dateline>
<text>
<p>Educational Development Corp said Monday it will for the first time pay a dividend of $0.01 a share on August 14 to shareholders of record on August 1.</p>
<p>The children's books seller said it intended to pay a small but growing annual dividend, which should not exceed 20 percent of its annual cash flow. It added it will use the balance of the cash flow to pay for future growth.</p>
<p>The company's stock traded at 6-1/8 Monday, up 3/8.</p>
</text>
<copyright>(c) Reuters Limited 1997</copyright>
<metadata>
<codes class="bip:countries:1.0">
  <code code="USA">
    <editdetail attribution="Reuters BIP Coding Group" action="confirmed" date="1997-07-21"/>
  </code>
</codes>
<codes class="bip:topics:1.0">
  <code code="C15">
    <editdetail attribution="Reuters BIP Coding Group" action="confirmed" date="1997-07-21"/>
  </code>
  <code code="C151">
    <editdetail attribution="Reuters BIP Coding Group" action="confirmed" date="1997-07-21"/>
  </code>
  <code code="CCAT">
    <editdetail attribution="Reuters BIP Coding Group" action="confirmed" date="1997-07-21"/>
  </code>
</codes>
<dc element="dc.date.created" value="1997-07-21"/>
<dc element="dc.publisher" value="Reuters Holdings Plc"/>
<dc element="dc.date.published" value="1997-07-21"/>
<dc element="dc.source" value="Reuters"/>
<dc element="dc.creator.location" value="TULSA, Okla."/>
<dc element="dc.creator.location.country.name" value="USA"/>
<dc element="dc.source" value="Reuters"/>
</metadata>
</newsitem>
