<?xml version="1.0" encoding="iso-8859-1" ?>
<newsitem itemid="741958" id="root" date="1997-07-21" xml:lang="en">
<title>USA: Cavalier Homes sees uncertainty for 1997.</title>
<headline>Cavalier Homes sees uncertainty for 1997.</headline>
<dateline>WICHITA FALLS, Texas 1997-07-21</dateline>
<text>
<p>Cavalier Homes Inc said Monday it is uncertain about its revenues and earnings for the rest of the year due to lower inventories and order backlogs and more competitive conditions.</p>
<p>It said there was a 3 percent decline in industry shipments for the first five months of 1997, despite analysts' predictions earlier that industry shipments would grow four to five percent.</p>
<p>Cavalier said it believes the industry is experiencing an greater competitiveness due to the increase in the number of dealers and greater manufacturing capacity, combined with wet weather.This has meant fewer home deliveries, higher dealer inventories, lower order backlogs and more price competition.</p>
<p>The company posted profits of $0.29 a share compared to $0.29 last year. The 1996 share figures was adjusted to a five-for-four split paid in November 1996.</p>
</text>
<copyright>(c) Reuters Limited 1997</copyright>
<metadata>
<codes class="bip:countries:1.0">
  <code code="USA">
    <editdetail attribution="Reuters BIP Coding Group" action="confirmed" date="1997-07-21"/>
  </code>
</codes>
<codes class="bip:industries:1.0">
  <code code="I35200">
    <editdetail attribution="Reuters BIP Coding Group" action="confirmed" date="1997-07-21"/>
  </code>
</codes>
<codes class="bip:topics:1.0">
  <code code="C15">
    <editdetail attribution="Reuters BIP Coding Group" action="confirmed" date="1997-07-21"/>
  </code>
  <code code="C152">
    <editdetail attribution="Reuters BIP Coding Group" action="confirmed" date="1997-07-21"/>
  </code>
  <code code="CCAT">
    <editdetail attribution="Reuters BIP Coding Group" action="confirmed" date="1997-07-21"/>
  </code>
</codes>
<dc element="dc.date.created" value="1997-07-21"/>
<dc element="dc.publisher" value="Reuters Holdings Plc"/>
<dc element="dc.date.published" value="1997-07-21"/>
<dc element="dc.source" value="Reuters"/>
<dc element="dc.creator.location" value="WICHITA FALLS, Texas"/>
<dc element="dc.creator.location.country.name" value="USA"/>
<dc element="dc.source" value="Reuters"/>
</metadata>
</newsitem>
