<?xml version="1.0" encoding="iso-8859-1" ?>
<newsitem itemid="741993" id="root" date="1997-07-21" xml:lang="en">
<title>USA: RTW Inc Q2 meets company expectations.</title>
<headline>RTW Inc Q2 meets company expectations.</headline>
<dateline>MINNEAPOLIS 1997-07-21</dateline>
<text>
<p>RTW Inc, which provides workers' compensation management services, said Monday its second quarter earnings, which were below a year ago, were in line with its expectations.</p>
<p>Earlier, RTW reported earnings of $0.12 a share, down from $0.20 a year ago. In the first half, it earned $0.23 a share, down from $0.39.</p>
<p>&quot;Net income of $0.12 was in line with our expectations for the quarter,&quot; David Prosser, chairman, said in a statement. &quot;The lower earnings in the second quarter and first half of 1997 were due to competitive premium pricing and continued investment of our aggressive expansion into new markets.&quot;</p>
<p>Revenues were $21.3 million in the second quarter, up from $16.7 million. For the first half, revenues were $42.0 milion, up from $31.8 million.</p>
<p>((Reuters Chicago Newsdesk (312) 408-8787))</p>
</text>
<copyright>(c) Reuters Limited 1997</copyright>
<metadata>
<codes class="bip:countries:1.0">
  <code code="USA">
    <editdetail attribution="Reuters BIP Coding Group" action="confirmed" date="1997-07-21"/>
  </code>
</codes>
<codes class="bip:industries:1.0">
  <code code="I82000">
    <editdetail attribution="Reuters BIP Coding Group" action="confirmed" date="1997-07-21"/>
  </code>
</codes>
<codes class="bip:topics:1.0">
  <code code="C15">
    <editdetail attribution="Reuters BIP Coding Group" action="confirmed" date="1997-07-21"/>
  </code>
  <code code="C151">
    <editdetail attribution="Reuters BIP Coding Group" action="confirmed" date="1997-07-21"/>
  </code>
  <code code="CCAT">
    <editdetail attribution="Reuters BIP Coding Group" action="confirmed" date="1997-07-21"/>
  </code>
</codes>
<dc element="dc.date.created" value="1997-07-21"/>
<dc element="dc.publisher" value="Reuters Holdings Plc"/>
<dc element="dc.date.published" value="1997-07-21"/>
<dc element="dc.source" value="Reuters"/>
<dc element="dc.creator.location" value="MINNEAPOLIS"/>
<dc element="dc.creator.location.country.name" value="USA"/>
<dc element="dc.source" value="Reuters"/>
</metadata>
</newsitem>
