<?xml version="1.0" encoding="iso-8859-1" ?>
<newsitem itemid="742053" id="root" date="1997-07-21" xml:lang="en">
<title>USA: RESEARCH ALERT - General Signal downgraded.</title>
<headline>RESEARCH ALERT - General Signal downgraded.</headline>
<dateline>NEW YORK 1997-07-21</dateline>
<text>
<p>Brown Brothers Harriman said it downgraded General Signal Corp to short-term &quot;market perfrom/hold&quot; from &quot;market perform/buy.&quot;</p>
<p>-- Additional details were not immediately available.</p>
<p>-- Earlier Monday, Pentair Inc said it agreed to buy General Signal's pump group for $200 million. General Signal also said its board approved a stock buyback of up to $150 million.</p>
<p>-- General Signal gained 7/16 to 52-7/16.</p>
</text>
<copyright>(c) Reuters Limited 1997</copyright>
<metadata>
<codes class="bip:countries:1.0">
  <code code="USA">
    <editdetail attribution="Reuters BIP Coding Group" action="confirmed" date="1997-07-21"/>
  </code>
</codes>
<codes class="bip:industries:1.0">
  <code code="I34330">
    <editdetail attribution="Reuters BIP Coding Group" action="confirmed" date="1997-07-21"/>
  </code>
</codes>
<codes class="bip:topics:1.0">
  <code code="C15">
    <editdetail attribution="Reuters BIP Coding Group" action="confirmed" date="1997-07-21"/>
  </code>
  <code code="C152">
    <editdetail attribution="Reuters BIP Coding Group" action="confirmed" date="1997-07-21"/>
  </code>
  <code code="CCAT">
    <editdetail attribution="Reuters BIP Coding Group" action="confirmed" date="1997-07-21"/>
  </code>
</codes>
<dc element="dc.date.created" value="1997-07-21"/>
<dc element="dc.publisher" value="Reuters Holdings Plc"/>
<dc element="dc.date.published" value="1997-07-21"/>
<dc element="dc.source" value="Reuters"/>
<dc element="dc.creator.location" value="NEW YORK"/>
<dc element="dc.creator.location.country.name" value="USA"/>
<dc element="dc.source" value="Reuters"/>
</metadata>
</newsitem>
