<?xml version="1.0" encoding="iso-8859-1" ?>
<newsitem itemid="742018" id="root" date="1997-07-21" xml:lang="en">
<title>USA: INTERVIEW-Rite Aid sees fewer deal chances.</title>
<headline>INTERVIEW-Rite Aid sees fewer deal chances.</headline>
<byline>Robin Sidel</byline>
<dateline>NEW YORK 1997-07-21</dateline>
<text>
<p>Rite Aid Corp Chairman Martin Grass said the company's latest acquisition of regional chains K&amp;B Services Inc and Harco Inc represents opportunitistic transactions rather than an aggressive Southern expansion.</p>
<p>However, he did not rule out future purchases in the region. &quot;We find any part of the country appealing where we can get strong market share,&quot; he said.</p>
<p>In a telephone interview Monday, Grass also said there would be fewer acquisition opportunities because of widespread consolidation in the drugstore industry.  </p>
<p>Grass said the pacts to acquire the privately held chains would have a neutral effect on earnings in the short term, before becoming accretive by the second quarter of 1998.</p>
<p>&quot;We don't see any dilution from the acquisition,&quot; he said.</p>
<p>The company did not disclose the value of the transactions, but Grass said he was comfortable with a Wall Street Journal estimate of $325 million to $340 million.</p>
<p>In a related matter, Grass said the company's integration of West Coast chain Thrifty PayLess Inc was ahead of schedule. Rite Aid announced the $1.3 billion acquisition in October.  </p>
<p>Grass said there were 35 employees left in the central office of Thrifty Payless, down from 780.</p>
<p>&quot;We originally had scheduled all calendar year to get integrated. Here it is July and we're just about done,&quot; he said.</p>
<p>The fast-moving integration of Thrifty PayLess enabled Rite Aid to pursue the latest transactions, he said. At the time of the Thrifty PayLess transaction, Grass had said he did not expect to participate in any acquisitions in 1997.</p>
<p>That changed when Rite Aid was approached by K&amp;B investment bankers about a transaction and then decided to pursue Harco.</p>
<p>&quot;Sometimes you have to take advantage of an opportunity when it presents itself,&quot; Grass said.</p>
<p>But those opportunities are growing scarce after a flood of recent deals in the fragmented industry.</p>
<p>&quot;I keep saying there's less and less (opportunity)... but there obviously are some opportunities although they're getting very scarce - especially the quality of what is left. They're not necessarily all that appealing -- at least to us,&quot; said Grass, who also holds the position of chief executive officer.</p>
<p>Shares of Rite Aid were 7/16 higher at 48-7/16 early Monday afternoon.</p>
</text>
<copyright>(c) Reuters Limited 1997</copyright>
<metadata>
<codes class="bip:countries:1.0">
  <code code="USA">
    <editdetail attribution="Reuters BIP Coding Group" action="confirmed" date="1997-07-21"/>
  </code>
</codes>
<codes class="bip:industries:1.0">
  <code code="I64300">
    <editdetail attribution="Reuters BIP Coding Group" action="confirmed" date="1997-07-21"/>
  </code>
</codes>
<codes class="bip:topics:1.0">
  <code code="C18">
    <editdetail attribution="Reuters BIP Coding Group" action="confirmed" date="1997-07-21"/>
  </code>
  <code code="C181">
    <editdetail attribution="Reuters BIP Coding Group" action="confirmed" date="1997-07-21"/>
  </code>
  <code code="CCAT">
    <editdetail attribution="Reuters BIP Coding Group" action="confirmed" date="1997-07-21"/>
  </code>
</codes>
<dc element="dc.date.created" value="1997-07-21"/>
<dc element="dc.publisher" value="Reuters Holdings Plc"/>
<dc element="dc.date.published" value="1997-07-21"/>
<dc element="dc.source" value="Reuters"/>
<dc element="dc.creator.location" value="NEW YORK"/>
<dc element="dc.creator.location.country.name" value="USA"/>
<dc element="dc.source" value="Reuters"/>
</metadata>
</newsitem>
