<?xml version="1.0" encoding="iso-8859-1" ?>
<newsitem itemid="742004" id="root" date="1997-07-21" xml:lang="en">
<title>USA: Moto Photo sees 1997 EPS in upper range.</title>
<headline>Moto Photo sees 1997 EPS in upper range.</headline>
<dateline>DAYTON, Ohio 1997-07-21</dateline>
<text>
<p>Moto Photo Inc said Monday that it expects to post earnings per share in the &quot;upper end&quot; of a range between $0.15 and $20.0 per share for the 1997 fiscal year.</p>
<p>Chairman and Chief Executive Michael Adler said in a statement that he also anticipates &quot;continued quarterly earnings growth in the third and fourth quarter&quot; of 1997.</p>
<p>&quot;However, the third quarter growth in earnings will be modest because of last year's third quarter one time gain from the sale of a store lease amounting to approximately $0.04 per share,&quot; he said.</p>
<p>Moto Photo is a franchisor and operator of 434 one-hour photofinishing labs and portrait studios in the United States, Canada and Norway.</p>
<p>In the second quarter ended June 30, the company reported net income of $528,590, or $0.06 per share, on revenues of $10.99 million. In the prior year's second quarter, the company posted net income of $309,356, or $0.03 per share, on revenues of $10.79 million.</p>
<p>((-- New York Newsdesk 212-859-1610))</p>
</text>
<copyright>(c) Reuters Limited 1997</copyright>
<metadata>
<codes class="bip:countries:1.0">
  <code code="USA">
    <editdetail attribution="Reuters BIP Coding Group" action="confirmed" date="1997-07-21"/>
  </code>
</codes>
<codes class="bip:industries:1.0">
  <code code="I65400">
    <editdetail attribution="Reuters BIP Coding Group" action="confirmed" date="1997-07-21"/>
  </code>
</codes>
<codes class="bip:topics:1.0">
  <code code="C15">
    <editdetail attribution="Reuters BIP Coding Group" action="confirmed" date="1997-07-21"/>
  </code>
  <code code="C152">
    <editdetail attribution="Reuters BIP Coding Group" action="confirmed" date="1997-07-21"/>
  </code>
  <code code="CCAT">
    <editdetail attribution="Reuters BIP Coding Group" action="confirmed" date="1997-07-21"/>
  </code>
</codes>
<dc element="dc.date.created" value="1997-07-21"/>
<dc element="dc.publisher" value="Reuters Holdings Plc"/>
<dc element="dc.date.published" value="1997-07-21"/>
<dc element="dc.source" value="Reuters"/>
<dc element="dc.creator.location" value="DAYTON, Ohio"/>
<dc element="dc.creator.location.country.name" value="USA"/>
<dc element="dc.source" value="Reuters"/>
</metadata>
</newsitem>
