<?xml version="1.0" encoding="iso-8859-1" ?>
<newsitem itemid="742044" id="root" date="1997-07-21" xml:lang="en">
<title>USA: TABLE - Dana Corp Q2 net rises.</title>
<headline>TABLE - Dana Corp Q2 net rises.</headline>
<dateline>TOLEDO, Ohio 1997-07-21</dateline>
<text>
<p>(in millions, except per share amounts)</p>
<p>					   Three Months Ended June 30</p>
<p>						1996		     1997</p>
<p> Sales			   $	2,020.5	$	2,140.8</p>
<p> Net Income				  91.5		    93.8</p>
<p> Net Income Per Common Share	   0.90		    0.90</p>
<p> Average Shares Outstanding	   101.6		   103.8</p>
<p>					     Six Months Ended June 30</p>
<p>						 1996		    1997</p>
<p> Sales				    3,993.2		 4,256.1</p>
<p> Net Income				 170.2		   186.4</p>
<p> Net Income Per Common Share	   1.68		    1.80</p>
<p> Average Shares Outstanding	   101.6		   103.8</p>
<p>NOTE: The company said current Q2 includes charges of $0.18 per share related to two major customer work stoppages and the closing of its Berwick, Pa. location.</p>
<p>Results reflect its continuing emphasis on growing its core businesses in the global market and divesting businesses not consistent its strategic direction, Dana said.</p>
</text>
<copyright>(c) Reuters Limited 1997</copyright>
<metadata>
<codes class="bip:countries:1.0">
  <code code="USA">
    <editdetail attribution="Reuters BIP Coding Group" action="confirmed" date="1997-07-21"/>
  </code>
</codes>
<codes class="bip:industries:1.0">
  <code code="I35300">
    <editdetail attribution="Reuters BIP Coding Group" action="confirmed" date="1997-07-21"/>
  </code>
</codes>
<codes class="bip:topics:1.0">
  <code code="C15">
    <editdetail attribution="Reuters BIP Coding Group" action="confirmed" date="1997-07-21"/>
  </code>
  <code code="C151">
    <editdetail attribution="Reuters BIP Coding Group" action="confirmed" date="1997-07-21"/>
  </code>
  <code code="CCAT">
    <editdetail attribution="Reuters BIP Coding Group" action="confirmed" date="1997-07-21"/>
  </code>
</codes>
<dc element="dc.date.created" value="1997-07-21"/>
<dc element="dc.publisher" value="Reuters Holdings Plc"/>
<dc element="dc.date.published" value="1997-07-21"/>
<dc element="dc.source" value="Reuters"/>
<dc element="dc.creator.location" value="TOLEDO, Ohio"/>
<dc element="dc.creator.location.country.name" value="USA"/>
<dc element="dc.source" value="Reuters"/>
</metadata>
</newsitem>
