<?xml version="1.0" encoding="iso-8859-1" ?>
<newsitem itemid="742071" id="root" date="1997-07-21" xml:lang="en">
<title>USA: TENNIS-LEADING MONEY WINNERS ON WTA TOUR.</title>
<headline>TENNIS-LEADING MONEY WINNERS ON WTA TOUR.</headline>
<dateline>ST PETERSBURG, Florida 1997-07-21</dateline>
<text>
<p>Leading money</p>
<p>winners on the WTA Tour:</p>
<p>  1. Martina Hingis (Switzerland)	  $2,208,161</p>
<p>  2. Iva Majoli (Croatia)		     1,075,482</p>
<p>  3. Lindsay Davenport (U.S.)		   647,661</p>
<p>  4. Jana Novotna (Czech Republic)	    624,890</p>
<p>  5. Mary Joe Fernandez (U.S.)		  610,102</p>
<p>  6. Mary Pierce (France)			 587,914</p>
<p>  7. Natasha Zvereva (Belarus)		  555,878</p>
<p>  8. Arantxa Sanchez Vicario (Spain)	  518,522</p>
<p>  9. Amanda Coetzer (South Africa)	    444,329</p>
<p> 10. Monica Seles (U.S.)			  397,905</p>
<p> 11. Irina Spirlea (Romania)		    354,848</p>
<p> 12. Gigi Fernandez (U.S.)			349,732</p>
<p> 13. Ruxandra Dragomir (Romania)		302,497</p>
<p> 14. Conchita Martinez (Spain)		  301,424</p>
<p> 15. Lisa Raymond (U.S.)			  283,120</p>
<p> 16. Nathalie Tauziat (France)		  262,492</p>
<p> 17. Nicole Arendt (U.S.)			 259,162</p>
<p> 18. Anna Kournikova (Russia)		   253,802</p>
<p> 19. Manon Bollegraf (Netherlands)	    234,564</p>
<p> 20. Sabine Appelmans (Belgium)		 232,635</p>
</text>
<copyright>(c) Reuters Limited 1997</copyright>
<metadata>
<codes class="bip:countries:1.0">
  <code code="SWITZ">
    <editdetail attribution="Reuters BIP Coding Group" action="confirmed" date="1997-07-21"/>
  </code>
  <code code="USA">
    <editdetail attribution="Reuters BIP Coding Group" action="confirmed" date="1997-07-21"/>
  </code>
</codes>
<codes class="bip:topics:1.0">
  <code code="GCAT">
    <editdetail attribution="Reuters BIP Coding Group" action="confirmed" date="1997-07-21"/>
  </code>
  <code code="GSPO">
    <editdetail attribution="Reuters BIP Coding Group" action="confirmed" date="1997-07-21"/>
  </code>
</codes>
<dc element="dc.date.created" value="1997-07-21"/>
<dc element="dc.publisher" value="Reuters Holdings Plc"/>
<dc element="dc.date.published" value="1997-07-21"/>
<dc element="dc.source" value="Reuters"/>
<dc element="dc.creator.location" value="ST PETERSBURG, Florida"/>
<dc element="dc.creator.location.country.name" value="USA"/>
<dc element="dc.source" value="Reuters"/>
</metadata>
</newsitem>
