<?xml version="1.0" encoding="iso-8859-1" ?>
<newsitem itemid="742006" id="root" date="1997-07-21" xml:lang="en">
<title>USA: U.S. 3-, 6-mo bills rate seen at 5.11 and 5.17 pct.</title>
<headline>U.S. 3-, 6-mo bills rate seen at 5.11 and 5.17 pct.</headline>
<dateline>NEW YORK 1997-07-21</dateline>
<text>
<p>The U.S. Treasury's sale of $16.0 billion in three- and six-month bills on Monday was expected to garner rates of 5.11 and 5.17 percent, respectively, market participants said.</p>
<p>In when-issued trade at about 1240 EDT/1640 GMT, the three-month bill rate was quoted at 5.115 percent while the six-month bill was at 5.16 percent.</p>
<p>Dealers said they expected decent demand.</p>
<p>The bidding deadline for the auction is 1300 EDT/1700 GMT. Results are expected around 1345 EDT/1745 GMT.</p>
<p>(( -- N.A. Treasury Desk, 212-859-1660 ))</p>
</text>
<copyright>(c) Reuters Limited 1997</copyright>
<metadata>
<codes class="bip:countries:1.0">
  <code code="USA">
    <editdetail attribution="Reuters BIP Coding Group" action="confirmed" date="1997-07-21"/>
  </code>
</codes>
<codes class="bip:topics:1.0">
  <code code="M13">
    <editdetail attribution="Reuters BIP Coding Group" action="confirmed" date="1997-07-21"/>
  </code>
  <code code="M131">
    <editdetail attribution="Reuters BIP Coding Group" action="confirmed" date="1997-07-21"/>
  </code>
  <code code="MCAT">
    <editdetail attribution="Reuters BIP Coding Group" action="confirmed" date="1997-07-21"/>
  </code>
</codes>
<dc element="dc.date.created" value="1997-07-21"/>
<dc element="dc.publisher" value="Reuters Holdings Plc"/>
<dc element="dc.date.published" value="1997-07-21"/>
<dc element="dc.source" value="Reuters"/>
<dc element="dc.creator.location" value="NEW YORK"/>
<dc element="dc.creator.location.country.name" value="USA"/>
<dc element="dc.source" value="Reuters"/>
</metadata>
</newsitem>
