<?xml version="1.0" encoding="iso-8859-1" ?>
<newsitem itemid="742036" id="root" date="1997-07-21" xml:lang="en">
<title>USA: Enterprise Fed to acquire North Cincinnati Savings.</title>
<headline>Enterprise Fed to acquire North Cincinnati Savings.</headline>
<dateline>WEST CHESTER, Ohio 1997-07-21</dateline>
<text>
<p>Enterprise Federal Bancorp Inc  has signed a definitive agreement to acquire North Cincinnati Savings Bank for $18.50 a share in cash or common stock, the companies said Monday.</p>
<p>North Cincinnati shareholders will have the right to elect to receive either cash, EFBI common stock, or a combination of both, they said.</p>
<p>However, total consideration will consist of no more than 75 percent stock or no more than 40 percent cash, they said. The deal is valued at about $7.3 million, they said.  </p>
<p>If there is an oversubscription for either cash or EFBI stock, a pro rata distribution will be made to shareholders, they said.</p>
<p>The merger will be accounted for as a purchase and is expected to be completed by December 31, pending approval by North Carolina Savings' shareholders, regulatory approvals and other customary closing conditions, they said.</p>
<p>Enterprise Federal, the holding company for Enterprise Federal Savings Bank, operates four branch offices in Hamilton, Butler and Warren counties, Ohio.</p>
<p>North Carolina Savings, a state chartered savings bank, has offices in the suburban Cincinnati communities of Blue Ash and North College Hill.</p>
</text>
<copyright>(c) Reuters Limited 1997</copyright>
<metadata>
<codes class="bip:countries:1.0">
  <code code="USA">
    <editdetail attribution="Reuters BIP Coding Group" action="confirmed" date="1997-07-21"/>
  </code>
</codes>
<codes class="bip:topics:1.0">
  <code code="C18">
    <editdetail attribution="Reuters BIP Coding Group" action="confirmed" date="1997-07-21"/>
  </code>
  <code code="C181">
    <editdetail attribution="Reuters BIP Coding Group" action="confirmed" date="1997-07-21"/>
  </code>
  <code code="CCAT">
    <editdetail attribution="Reuters BIP Coding Group" action="confirmed" date="1997-07-21"/>
  </code>
</codes>
<dc element="dc.date.created" value="1997-07-21"/>
<dc element="dc.publisher" value="Reuters Holdings Plc"/>
<dc element="dc.date.published" value="1997-07-21"/>
<dc element="dc.source" value="Reuters"/>
<dc element="dc.creator.location" value="WEST CHESTER, Ohio"/>
<dc element="dc.creator.location.country.name" value="USA"/>
<dc element="dc.source" value="Reuters"/>
</metadata>
</newsitem>
