<?xml version="1.0" encoding="iso-8859-1" ?>
<newsitem itemid="742025" id="root" date="1997-07-21" xml:lang="en">
<title>USA: Medtronic tachyarrhythmia lead approved.</title>
<headline>Medtronic tachyarrhythmia lead approved.</headline>
<dateline>MINNEAPOLIS 1997-07-21</dateline>
<text>
<p>Medtronic Inc said Monday it received clearance from the U.S. Food and Drug Administration for its Sprint Model 6942 tachyarrhythmia lead.</p>
<p>The Medtronic Sprint Model 6942 joins the Sprint Model 6932 released last August.  </p>
<p>Positioned in the heart and flexing each time the heart beats, leads are crucial to device therapy for cardiac arrhythmias, Medtronic said. A lead transmits signals to the implanted defibrillator about the activity of the heart's electrical conduction system and also delivers therapeutic impulses that return the heart to normal rhythm.</p>
<p>&quot;The introduction of the Model 6942 lead increases the options available to physicians as they optimize the performance of any implanted defibrillator system,&quot; Jon Tremmel, president of the Medtronic Tachyarrhythmia Business, said in a statement.</p>
<p>The third member of the Sprint family, the Model 6943 lead, is currently in clinical evaluation.</p>
<p>((Reuters Chicago Newsdesk (312) 408-8787))</p>
</text>
<copyright>(c) Reuters Limited 1997</copyright>
<metadata>
<codes class="bip:countries:1.0">
  <code code="USA">
    <editdetail attribution="Reuters BIP Coding Group" action="confirmed" date="1997-07-21"/>
  </code>
</codes>
<codes class="bip:industries:1.0">
  <code code="I37200">
    <editdetail attribution="Reuters BIP Coding Group" action="confirmed" date="1997-07-21"/>
  </code>
</codes>
<codes class="bip:topics:1.0">
  <code code="C13">
    <editdetail attribution="Reuters BIP Coding Group" action="confirmed" date="1997-07-21"/>
  </code>
  <code code="C22">
    <editdetail attribution="Reuters BIP Coding Group" action="confirmed" date="1997-07-21"/>
  </code>
  <code code="CCAT">
    <editdetail attribution="Reuters BIP Coding Group" action="confirmed" date="1997-07-21"/>
  </code>
</codes>
<dc element="dc.date.created" value="1997-07-21"/>
<dc element="dc.publisher" value="Reuters Holdings Plc"/>
<dc element="dc.date.published" value="1997-07-21"/>
<dc element="dc.source" value="Reuters"/>
<dc element="dc.creator.location" value="MINNEAPOLIS"/>
<dc element="dc.creator.location.country.name" value="USA"/>
<dc element="dc.source" value="Reuters"/>
</metadata>
</newsitem>
