<?xml version="1.0" encoding="iso-8859-1" ?>
<newsitem itemid="742109" id="root" date="1997-07-21" xml:lang="en">
<title>CHINA: SOCCER-DALIAN HELD IN CHINA LEAGUE, STAY TOP.</title>
<headline>SOCCER-DALIAN HELD IN CHINA LEAGUE, STAY TOP.</headline>
<dateline>BEIJING 1997-07-21</dateline>
<text>
<p>Dalian Wanda, defending champions in the China soccer league, were held to a 1-1 draw on Sunday by the 11th-ranked army team, August 1, the Xinhua news agency said.</p>
<p>Beijing Guo'an recovered from a 5-1 defeat to Dalian last week to hammer Shanghai Shenhua 9-1 at home. Beijing dominated the match, with three of its foreign players scoring eight of the nine goals.</p>
<p>The home players had built up a 5-1 lead in the first half and never relaxed their grip, Xinhua said.</p>
<p>&quot;It was unexpected scoring tonight,&quot; said chief coach Jin Zhiyang.</p>
<p>The win promoted Beijing from fourth spot to second in the league standings after 10 rounds.</p>
<p>Dalian, top of the standings since the start of the season, kept its unbeaten record although it was forced to a 1-1 tie by August 1.</p>
<p>Guangdong Hongyuan edged Tianjin Samsung 2-1.</p>
<p>In three other drawn matches, Yanbian Aodong drew Guangzhou Apollo 0-0, Jinan Taishan held Vanguard Huandao 2-2 and Sichuan Quanxing tied Qingdao Hainiu 1-1.</p>
</text>
<copyright>(c) Reuters Limited 1997</copyright>
<metadata>
<codes class="bip:countries:1.0">
  <code code="CHINA">
    <editdetail attribution="Reuters BIP Coding Group" action="confirmed" date="1997-07-21"/>
  </code>
</codes>
<codes class="bip:topics:1.0">
  <code code="GCAT">
    <editdetail attribution="Reuters BIP Coding Group" action="confirmed" date="1997-07-21"/>
  </code>
  <code code="GSPO">
    <editdetail attribution="Reuters BIP Coding Group" action="confirmed" date="1997-07-21"/>
  </code>
</codes>
<dc element="dc.date.created" value="1997-07-21"/>
<dc element="dc.publisher" value="Reuters Holdings Plc"/>
<dc element="dc.date.published" value="1997-07-21"/>
<dc element="dc.source" value="Reuters"/>
<dc element="dc.creator.location" value="BEIJING"/>
<dc element="dc.creator.location.country.name" value="CHINA"/>
<dc element="dc.source" value="Reuters"/>
</metadata>
</newsitem>
