<?xml version="1.0" encoding="iso-8859-1" ?>
<newsitem itemid="742163" id="root" date="1997-07-21" xml:lang="en">
<title>LATVIA: NOON RADIO HEADLINES - JULY 21.</title>
<headline>NOON RADIO HEADLINES - JULY 21.</headline>
<dateline>RIGA 1997-07-21</dateline>
<text>
<p>These are the main headlines of the news reported by Radio Latvia on Monday at noon. Reuters has not verified these reports and cannot vouch for their accuracy.</p>
<p>- Prime Minister Andris Shkele is later today expected to give his assesment on the situation of Transport Minister Vilis Krishtopans, found to be in formal violation of the anti-corruption law but who has refused to resign.</p>
<p>- The Baltic Challenge '97 military excercises continues at Estonia's Paldiski base, where Latvia is represented by 160 officers and soldiers.</p>
<p>-- Riga newsroom, +371 721 5240</p>
</text>
<copyright>(c) Reuters Limited 1997</copyright>
<metadata>
<codes class="bip:countries:1.0">
  <code code="LATV">
    <editdetail attribution="Reuters BIP Coding Group" action="confirmed" date="1997-07-21"/>
  </code>
</codes>
<codes class="bip:topics:1.0">
  <code code="GCAT">
    <editdetail attribution="Reuters BIP Coding Group" action="confirmed" date="1997-07-21"/>
  </code>
</codes>
<dc element="dc.date.created" value="1997-07-21"/>
<dc element="dc.publisher" value="Reuters Holdings Plc"/>
<dc element="dc.date.published" value="1997-07-21"/>
<dc element="dc.source" value="Reuters"/>
<dc element="dc.creator.location" value="RIGA"/>
<dc element="dc.creator.location.country.name" value="LATVIA"/>
<dc element="dc.source" value="Reuters"/>
</metadata>
</newsitem>
