<?xml version="1.0" encoding="iso-8859-1" ?>
<newsitem itemid="742165" id="root" date="1997-07-21" xml:lang="en">
<title>RUSSIA: PRESS DIGEST - RUSSIA - JULY 21.</title>
<headline>PRESS DIGEST - RUSSIA - JULY 21.</headline>
<dateline>MOSCOW 1997-07-21</dateline>
<text>
<p>The following are some of the leading stories in the July 22 editions of Russian newspapers. Reuters has not verified these stories and does not vouch for their accuracy.</p>
<p>IZVESTIA</p>
<p>- Russian space officials decided on Monday that risky repairs to the crippled Mir station would be carried out by a relief team due to set off next month.</p>
<p>- A presidential decree on financial support for army reform will be signed in the near future, Russia's Defence Minister Igor Sergeyev is quoted as saying.</p>
<p>- Only 70 percent of combine harvesters are ready for the harvest campaign, which is expected to be very plentiful this year, says the paper.</p>
<p>ROSSIISKAYA GAZETA</p>
<p>- The government will be on the lookout for money launderers during auctions of the shares of Svyazinvest holding, scheduled for July 25, Deputy Prime Minister Vladimir Bulgak is quoted as saying.</p>
<p>ROSSIISKIYE VESTI</p>
<p>- The government is planning to increase by 10 percent monthly payments to Russian pensioners beginning from October 1, says the presidential paper.</p>
<p>KOMSOMOLSKAYA PRAVDA</p>
<p>- UES electricity group is the biggest company in Russia by market capitalisation, says Alfred Kokh, head of the State Privatisation Committee.</p>
<p>- Russia is planning to shoot a feature-length commercial film in space...</p>
<p>--Tatyana Ustinova, Moscow Newsroom, +7095 941 8520.</p>
</text>
<copyright>(c) Reuters Limited 1997</copyright>
<metadata>
<codes class="bip:countries:1.0">
  <code code="RUSS">
    <editdetail attribution="Reuters BIP Coding Group" action="confirmed" date="1997-07-21"/>
  </code>
</codes>
<codes class="bip:topics:1.0">
  <code code="GCAT">
    <editdetail attribution="Reuters BIP Coding Group" action="confirmed" date="1997-07-21"/>
  </code>
</codes>
<dc element="dc.date.created" value="1997-07-21"/>
<dc element="dc.publisher" value="Reuters Holdings Plc"/>
<dc element="dc.date.published" value="1997-07-21"/>
<dc element="dc.source" value="Reuters"/>
<dc element="dc.creator.location" value="MOSCOW"/>
<dc element="dc.creator.location.country.name" value="RUSSIA"/>
<dc element="dc.source" value="Reuters"/>
</metadata>
</newsitem>
