<?xml version="1.0" encoding="iso-8859-1" ?>
<newsitem itemid="742144" id="root" date="1997-07-21" xml:lang="en">
<title>BOTSWANA: BOTSWANA STOCKS WEEK - BARCLAYS SHARES JUMP.</title>
<headline>BOTSWANA STOCKS WEEK - BARCLAYS SHARES JUMP.</headline>
<dateline>GABORONE 1997-07-21</dateline>
<text>
<p>The Botswana Stock Exchange</p>
<p>domestic board increased by another 12.19 points last week to</p>
<p>close 2.25 percent up at 554.9.</p>
<p>Barclays stock rose 165 thebe -- 19 percent on its</p>
<p>July 11 close -- to jump the 10 pula barrier to 10.25. The</p>
<p>counter is now bid 1,025 thebe, sellers at 1,100 thebe.</p>
<p>Milling company and food wholesaler Sefalana Holdings</p>
<p>put on 20 thebe to 530 thebe; Botswana Insurance</p>
<p>added five thebe to 305.</p>
<p>Trading unchanged was brewery holding company Sechaba Trust</p>
<p>at 435 thebe with 1,228,500 shares changing hands.</p>
<p>among those untraded were oil company Engen </p>
<p>445/500 thebe, First National Bank bid up five thebe to</p>
<p>570 and security group Inco down five thebe to 95</p>
<p>thebe.</p>
<p>Food and tobacco wholesaler Metsef was at 680/700</p>
<p>thebe, clothing chain Pep Holdings was bid up 15 thebe</p>
<p>to 350, variable loan stock company RDC Properties was</p>
<p>bid 180 thebe with sellers at 200 thebe and Standard Chartered</p>
<p>Bank of Botswana was bid up 25 thebe to 825.</p>
<p>Investment company Kgolo ya Sechaba traded at 26</p>
<p>thebe its interim liquidation dividend of 165 thebe. It had</p>
<p>closed on July 11 at 190 thebe.</p>
<p>Domestic board turnover was 3,861,614 against the previous</p>
<p>608,582, with value also well up at 6,239,409 pula against</p>
<p>2,643,216 pula.</p>
<p>On the foreign board, car rental and fleet management group</p>
<p>Avis was the only counter to trade. The counter closed</p>
<p>13 thebe up at 669. Untraded were De Beers , 123 thebe</p>
<p>up at 13,319; professional services group Forbes, 49</p>
<p>thebe up at 796; McCarthy Retail group, shed 18 thebe</p>
<p>to 1,039; and Regent Undervalued Assets Fund was</p>
<p>unchanged at 4,000 thebe.</p>
<p>The index closed at 409.93 points, 4.22 up on the previous</p>
<p>week. The All Companies Index increased 4.41 points to close at</p>
<p>409.18.</p>
<p>-- Gaborone newsroom +267 347-182</p>
</text>
<copyright>(c) Reuters Limited 1997</copyright>
<metadata>
<codes class="bip:countries:1.0">
  <code code="BOTS">
    <editdetail attribution="Reuters BIP Coding Group" action="confirmed" date="1997-07-21"/>
  </code>
</codes>
<codes class="bip:topics:1.0">
  <code code="M11">
    <editdetail attribution="Reuters BIP Coding Group" action="confirmed" date="1997-07-21"/>
  </code>
  <code code="MCAT">
    <editdetail attribution="Reuters BIP Coding Group" action="confirmed" date="1997-07-21"/>
  </code>
</codes>
<dc element="dc.date.created" value="1997-07-21"/>
<dc element="dc.publisher" value="Reuters Holdings Plc"/>
<dc element="dc.date.published" value="1997-07-21"/>
<dc element="dc.source" value="Reuters"/>
<dc element="dc.creator.location" value="GABORONE"/>
<dc element="dc.creator.location.country.name" value="BOTSWANA"/>
<dc element="dc.source" value="Reuters"/>
</metadata>
</newsitem>
