<?xml version="1.0" encoding="iso-8859-1" ?>
<newsitem itemid="742166" id="root" date="1997-07-21" xml:lang="en">
<title>BULGARIA: STATE CONTRIBUTION RAISES BULGARIA BOURSE CAPITAL.</title>
<headline>STATE CONTRIBUTION RAISES BULGARIA BOURSE CAPITAL.</headline>
<dateline>SOFIA 1997-07-21</dateline>
<text>
<p>The Bulgarian Stock Exchange (BSE) decided to raise capital to 199 million levs from 100 million levs by allowing the state to contribute for the whole amount of the rise, a BSE official said on Monday.</p>
<p>&quot;The shareholders' meeting decided to raise capital to 199 million levs, allowing the state to acquire some 49 percent of the bourse,&quot; the official told reporters.</p>
<p>The decision to allow the state as a shareholder might be considered as an initial step towards launching a centralised stock exchange and developing a capital market in Bulgaria, the official added.</p>
<p>Under another shareholders' decision the BSE was renamed to Bulgarian Stock Exchange-Sofia. The BSE will hold some 51 percent equity in the new institution.</p>
<p>The state will acquire its 49 percent stake by contributing a building in Sofia where the BSE-Sofia will be based. The BSE assets were now valued at 1.01 billion levs.</p>
<p>The shareholders also authorised the BSE board to open subscribtion for a further capital rise to 300 million levs by October 1, allowing shareholders of another bourse, the Sofia Stock Exchange (SSE), to acquire up to 18,000 shares in the BSE-Sofia at par value against their current stakes in the SSE.</p>
<p>The remaining 83,000 shares of the planned further capital rise with a par of 83 million levs will be offered to other investors at a minimum acceptable price of 10,000 levs, the shareholders decided.</p>
<p>Under the BSE-Sofia statutes aprroved by the shareholders a package of 1,000 shares will provide one brokerage seat.</p>
<p>The shareholders elected a new board of directors which includes Plamen Oresharki, a deputy finance minister, Marin Marinov, a deputy industry minister and Georgi Prohaski, financial adviser to the deputy prime minister Alexander Bozhkov, as representatives of the state in BSE-Sofia.</p>
<p>BSE executive director Viktor Papazov, Dimitar Zhelev, executive director of Bulgaria Holding, Stoyan Alexandrov, executive director of the Central Co-operative Bank, State Savings Bank chairman Spas Dimitrov, Penyo Hadzhiev, executive director of the Bulgarian Investment Bank and Ivanka Petkova were elected as board members.</p>
<p>The BSE-Sofia was expected to start operations at the beginning of September after it gets a licence from Bulgaria's Securities and Stock Exchanges Commission. -- Sofia Newsroom, (++359-2) 911 88</p>
</text>
<copyright>(c) Reuters Limited 1997</copyright>
<metadata>
<codes class="bip:countries:1.0">
  <code code="BUL">
    <editdetail attribution="Reuters BIP Coding Group" action="confirmed" date="1997-07-21"/>
  </code>
</codes>
<codes class="bip:topics:1.0">
  <code code="E21">
    <editdetail attribution="Reuters BIP Coding Group" action="confirmed" date="1997-07-21"/>
  </code>
  <code code="E211">
    <editdetail attribution="Reuters BIP Coding Group" action="confirmed" date="1997-07-21"/>
  </code>
  <code code="ECAT">
    <editdetail attribution="Reuters BIP Coding Group" action="confirmed" date="1997-07-21"/>
  </code>
  <code code="M11">
    <editdetail attribution="Reuters BIP Coding Group" action="confirmed" date="1997-07-21"/>
  </code>
  <code code="MCAT">
    <editdetail attribution="Reuters BIP Coding Group" action="confirmed" date="1997-07-21"/>
  </code>
</codes>
<dc element="dc.date.created" value="1997-07-21"/>
<dc element="dc.publisher" value="Reuters Holdings Plc"/>
<dc element="dc.date.published" value="1997-07-21"/>
<dc element="dc.source" value="Reuters"/>
<dc element="dc.creator.location" value="SOFIA"/>
<dc element="dc.creator.location.country.name" value="BULGARIA"/>
<dc element="dc.source" value="Reuters"/>
</metadata>
</newsitem>
