<?xml version="1.0" encoding="iso-8859-1" ?>
<newsitem itemid="742139" id="root" date="1997-07-21" xml:lang="en">
<title>SOUTH AFRICA: SAFRICA '97 MAIZE ESTIMATE RISES, SUNFLOWER STEADY.</title>
<headline>SAFRICA '97 MAIZE ESTIMATE RISES, SUNFLOWER STEADY.</headline>
<dateline>JOHANNESBURG 1997-07-21</dateline>
<text>
<p>South Africa's National Crop Estimates Committee said on Monday it estimated the 1997 commercial maize crop at 7.966 million tonnes, up from its 7.660 million tonnes a month ago.</p>
<p>This is still sharply down on the 1996 crop of 9.694 million tonnes.  </p>
<p>This year's crop was expected to comprise 4.333 million tonnes of white maize and 3.633 million tonnes of yellow, the committee said in its fifth official estimate for the new season. </p>
<p>Last year's maize crop comprised 5.836 million tonnes of white maize and 3.858 million tonnes of yellow.</p>
<p>The estimates committee's figures exclude maize grown in South Africa's former homeland areas which is mainly for subsistence use. This maize adds around 550,000 tonnes to the total estimate.</p>
<p>The fifth official sunflower seed estimate for 1997 forecast a crop of 450,000 tonnes, unchanged from last month. This is also well down on last year's 755,000 tonnes. </p>
<p>-- Johannesburg newsroom +27 11 482 1003</p>
</text>
<copyright>(c) Reuters Limited 1997</copyright>
<metadata>
<codes class="bip:countries:1.0">
  <code code="SAFR">
    <editdetail attribution="Reuters BIP Coding Group" action="confirmed" date="1997-07-21"/>
  </code>
</codes>
<codes class="bip:industries:1.0">
  <code code="I01001">
    <editdetail attribution="Reuters BIP Coding Group" action="confirmed" date="1997-07-21"/>
  </code>
  <code code="I0100132">
    <editdetail attribution="Reuters BIP Coding Group" action="confirmed" date="1997-07-21"/>
  </code>
  <code code="I01002">
    <editdetail attribution="Reuters BIP Coding Group" action="confirmed" date="1997-07-21"/>
  </code>
</codes>
<codes class="bip:topics:1.0">
  <code code="C21">
    <editdetail attribution="Reuters BIP Coding Group" action="confirmed" date="1997-07-21"/>
  </code>
  <code code="CCAT">
    <editdetail attribution="Reuters BIP Coding Group" action="confirmed" date="1997-07-21"/>
  </code>
  <code code="M14">
    <editdetail attribution="Reuters BIP Coding Group" action="confirmed" date="1997-07-21"/>
  </code>
  <code code="M141">
    <editdetail attribution="Reuters BIP Coding Group" action="confirmed" date="1997-07-21"/>
  </code>
  <code code="MCAT">
    <editdetail attribution="Reuters BIP Coding Group" action="confirmed" date="1997-07-21"/>
  </code>
</codes>
<dc element="dc.date.created" value="1997-07-21"/>
<dc element="dc.publisher" value="Reuters Holdings Plc"/>
<dc element="dc.date.published" value="1997-07-21"/>
<dc element="dc.source" value="Reuters"/>
<dc element="dc.creator.location" value="JOHANNESBURG"/>
<dc element="dc.creator.location.country.name" value="SOUTH AFRICA"/>
<dc element="dc.source" value="Reuters"/>
</metadata>
</newsitem>
