<?xml version="1.0" encoding="iso-8859-1" ?>
<newsitem itemid="742156" id="root" date="1997-07-21" xml:lang="en">
<title>ESTONIA: ESTONIA - SHARES CREEPS HIGHER, SUPPORTED BY BANKS.</title>
<headline>ESTONIA - SHARES CREEPS HIGHER, SUPPORTED BY BANKS.</headline>
<dateline>TALLINN 1997-07-21</dateline>
<text>
<p>Key banking shares traded higher</p>
<p>on the Tallinn bourse on Monday although business was slow as</p>
<p>the market opened later due to technical problems, dealers said.</p>
<p>Hoiupank was higher at 196.50/198.00 kroons compared to</p>
<p>194.30 kroons. Hansapank rose to 191.50/193 from 191 kroons.</p>
<p>Forekspank was up at 210/212.50 kroons compared to 209 kroons.</p>
<p>Dealers said the rise was expected to continue and push</p>
<p>prices even higher from the records made last week.</p>
<p>The market was held back slightly after trading began one</p>
<p>hour late due to technical problems.</p>
<p>&quot;It feels as though the rise will continue although</p>
<p>Hansapank and Hoiupank are already too high,&quot; one dealer said.</p>
<p>The gains on the bourse started after banks released strong</p>
<p>half-year results, backed by demand from foreign investors after</p>
<p>Estonia was recommended to the first wave of the European Union</p>
<p>enlargement talks.</p>
<p>-- Eva Palu, Tallinn newsroom, +372 6209 201,</p>
<p>reuters@reuters.ee</p>
</text>
<copyright>(c) Reuters Limited 1997</copyright>
<metadata>
<codes class="bip:countries:1.0">
  <code code="ESTNIA">
    <editdetail attribution="Reuters BIP Coding Group" action="confirmed" date="1997-07-21"/>
  </code>
</codes>
<codes class="bip:topics:1.0">
  <code code="M11">
    <editdetail attribution="Reuters BIP Coding Group" action="confirmed" date="1997-07-21"/>
  </code>
  <code code="MCAT">
    <editdetail attribution="Reuters BIP Coding Group" action="confirmed" date="1997-07-21"/>
  </code>
</codes>
<dc element="dc.date.created" value="1997-07-21"/>
<dc element="dc.publisher" value="Reuters Holdings Plc"/>
<dc element="dc.date.published" value="1997-07-21"/>
<dc element="dc.source" value="Reuters"/>
<dc element="dc.creator.location" value="TALLINN"/>
<dc element="dc.creator.location.country.name" value="ESTONIA"/>
<dc element="dc.source" value="Reuters"/>
</metadata>
</newsitem>
