<?xml version="1.0" encoding="iso-8859-1" ?>
<newsitem itemid="742127" id="root" date="1997-07-21" xml:lang="en">
<title>MONACO: TENNIS-LEADING ATP RANKINGS.</title>
<headline>TENNIS-LEADING ATP RANKINGS.</headline>
<dateline>MONACO 1997-07-21</dateline>
<text>
<p>Leading rankings issued by</p>
<p>the ATP Tour on Monday:</p>
<p> 1. Pete Sampras (U.S.)		   5,388 points</p>
<p> 2. Michael Chang (U.S.)		  3,743</p>
<p> 3. Goran Ivanisevic (Croatia)	  2,788</p>
<p> 4. Alex Corretja (Spain)		 2,526</p>
<p> 5. Thomas Muster (Austria)	     2,412</p>
<p> 6. Yevgeny Kafelnikov (Russia)	 2,224</p>
<p> 7. Sergi Bruguera (Spain)		2,192</p>
<p> 8. Thomas Enqvist (Sweden)	     2,148</p>
<p> 9. Marcelo Rios (Chile)		  2,143</p>
<p> 10. Carlos Moya (Spain)		  2,085</p>
<p> 11. Boris Becker (Germany)	     1,918</p>
<p> 12. Gustavo Kuerten (Brazil)	   1,859</p>
<p> 13. Mark Philippoussis (Australia)   1,820</p>
<p> 14. Felix Mantilla (Spain)	     1,815</p>
<p> 15. Richard Krajicek (Netherlands)   1,752</p>
<p> 16. Petr Korda (Czech Republic)	1,677</p>
<p> 17. Albert Costa (Spain)		 1,658</p>
<p> 18. Tim Henman (Britain)		 1,584</p>
<p> 19. Patrick Rafter (Australia)	 1,560</p>
<p> 20. Tood Woodbridge (Australia)	1,539</p>
</text>
<copyright>(c) Reuters Limited 1997</copyright>
<metadata>
<codes class="bip:countries:1.0">
  <code code="FRA">
    <editdetail attribution="Reuters BIP Coding Group" action="confirmed" date="1997-07-21"/>
  </code>
  <code code="MONAC">
    <editdetail attribution="Reuters BIP Coding Group" action="confirmed" date="1997-07-21"/>
  </code>
</codes>
<codes class="bip:topics:1.0">
  <code code="GCAT">
    <editdetail attribution="Reuters BIP Coding Group" action="confirmed" date="1997-07-21"/>
  </code>
  <code code="GSPO">
    <editdetail attribution="Reuters BIP Coding Group" action="confirmed" date="1997-07-21"/>
  </code>
</codes>
<dc element="dc.date.created" value="1997-07-21"/>
<dc element="dc.publisher" value="Reuters Holdings Plc"/>
<dc element="dc.date.published" value="1997-07-21"/>
<dc element="dc.source" value="Reuters"/>
<dc element="dc.creator.location" value="MONACO"/>
<dc element="dc.creator.location.country.name" value="MONACO"/>
<dc element="dc.source" value="Reuters"/>
</metadata>
</newsitem>
