<?xml version="1.0" encoding="iso-8859-1" ?>
<newsitem itemid="742128" id="root" date="1997-07-21" xml:lang="en">
<title>FRANCE: HORSE RACING-HELISSIO WORKS WELL AHEAD OF MAJOR ASCOT CLASH.</title>
<headline>HORSE RACING-HELISSIO WORKS WELL AHEAD OF MAJOR ASCOT CLASH.</headline>
<dateline>PARIS 1997-07-21</dateline>
<text>
<p>Helissio, the French superstar favourite to win the King George VI and Queen Elizabeth Diamond Stakes at Ascot on Saturday, worked well at Chantilly on Monday.</p>
<p>The runaway Arc de Triomphe winner was put through his paces over nine furlongs (1.8 km) at ''Les Aigles'' where he worked with two other horses.</p>
<p>Partnered by Cash Asmussen, Helissio drew clear in the last 300 metres without ever being asked a serious question by his Texan-born rider.</p>
<p>Bruno Ridoux, racing manager to owner Enrique Sarasola, said: ''It was nice piece of work and a good piece of fine tuning considering that he did a hard piece of work last week. We are pleased with the horse's condition.&quot;</p>
<p>Saturday's event promises to be one of the biggest races for years.</p>
<p>Principal opposition to Helissio is expected to come from the Michael Stoute-trained pair, Singspiel and Pilsudski.</p>
<p>Singspiel is coming off hat-trick of big wins in the Japan Cup, Dubai World Cup and Coronation Cup.</p>
<p>Pilsudski, slammed five lengths by Helissio in the Arc de Triomphe, has since covered himself in glory in the Breeders' Cup Turf and Eclipse Stakes at Sandown.</p>
<p>Latest betting: 13-8 Helissio, 2-1 Singspiel, 7-2 Pilsudski, 10-1 Kingfisher Mill, 12-1 Shantou, 14-1 Swain, Predappio, 25-1 Strategic Choice.</p>
</text>
<copyright>(c) Reuters Limited 1997</copyright>
<metadata>
<codes class="bip:countries:1.0">
  <code code="FRA">
    <editdetail attribution="Reuters BIP Coding Group" action="confirmed" date="1997-07-21"/>
  </code>
  <code code="UK">
    <editdetail attribution="Reuters BIP Coding Group" action="confirmed" date="1997-07-21"/>
  </code>
</codes>
<codes class="bip:topics:1.0">
  <code code="GCAT">
    <editdetail attribution="Reuters BIP Coding Group" action="confirmed" date="1997-07-21"/>
  </code>
  <code code="GSPO">
    <editdetail attribution="Reuters BIP Coding Group" action="confirmed" date="1997-07-21"/>
  </code>
</codes>
<dc element="dc.date.created" value="1997-07-21"/>
<dc element="dc.publisher" value="Reuters Holdings Plc"/>
<dc element="dc.date.published" value="1997-07-21"/>
<dc element="dc.source" value="Reuters"/>
<dc element="dc.creator.location" value="PARIS"/>
<dc element="dc.creator.location.country.name" value="FRANCE"/>
<dc element="dc.source" value="Reuters"/>
</metadata>
</newsitem>
