<?xml version="1.0" encoding="iso-8859-1" ?>
<newsitem itemid="742175" id="root" date="1997-07-21" xml:lang="en">
<title>HUNGARY: HUNGARY FX FUTURES TURNOVER LOWEST THIS YEAR.</title>
<headline>HUNGARY FX FUTURES TURNOVER LOWEST THIS YEAR.</headline>
<dateline>BUDAPEST 1997-07-21</dateline>
<text>
<p>Uncertainties over spot movements in the dollar/mark kept Hungary's currency futures traders on the sidelines, with the Budapest Commodity Exchange (BCE) registering its lowest turnover this year.</p>
<p>The BCE saw turnover of just 378 million forints, shared between the dollar, mark and yen.</p>
<p>The mark rose for September and December while the dollar eased for most maturites except June, which ended stable. The yen fell for December and March.</p>
<p>The Budapest Stock Exchange forex futures market was tradeless.</p>
<p>-- Budapest newsroom (36 1) 327 4040</p>
</text>
<copyright>(c) Reuters Limited 1997</copyright>
<metadata>
<codes class="bip:countries:1.0">
  <code code="HUNG">
    <editdetail attribution="Reuters BIP Coding Group" action="confirmed" date="1997-07-21"/>
  </code>
</codes>
<codes class="bip:topics:1.0">
  <code code="M13">
    <editdetail attribution="Reuters BIP Coding Group" action="confirmed" date="1997-07-21"/>
  </code>
  <code code="M132">
    <editdetail attribution="Reuters BIP Coding Group" action="confirmed" date="1997-07-21"/>
  </code>
  <code code="MCAT">
    <editdetail attribution="Reuters BIP Coding Group" action="confirmed" date="1997-07-21"/>
  </code>
</codes>
<dc element="dc.date.created" value="1997-07-21"/>
<dc element="dc.publisher" value="Reuters Holdings Plc"/>
<dc element="dc.date.published" value="1997-07-21"/>
<dc element="dc.source" value="Reuters"/>
<dc element="dc.creator.location" value="BUDAPEST"/>
<dc element="dc.creator.location.country.name" value="HUNGARY"/>
<dc element="dc.source" value="Reuters"/>
</metadata>
</newsitem>
