<?xml version="1.0" encoding="iso-8859-1" ?>
<newsitem itemid="742153" id="root" date="1997-07-21" xml:lang="en">
<title>HUNGARY: HUNGARY FORINT FIRMS VS BASKET, EASES VS DLR.</title>
<headline>HUNGARY FORINT FIRMS VS BASKET, EASES VS DLR.</headline>
<text>
<p>1020 GMT - Hungary's forint firmed against the central bank's currency basket, returning to its accustomed position close to the resistance level (NBH bid) as fears of a zloty-inspired weakness subsided, dealers said.</p>
<p>* The Hungarian unit ended the morning session just two or three pips from the NBH bid after opening 25/30 pips weaker and was slightly softer against a strengthening dollar at 192.50/55, compared to a 192.45/50 opening.</p>
<p>* Dealers said concerns that the forint would be affected by the falling Polish zloty had disappeared and trading was now back to normal.</p>
<p>* The Hungarian unit left the NBH bid on July 16 due to the Polish zloty's weakness but dealers said the forint would eventually close the gap as Hungary's fundamentals did not warrant a weakening of its currency.</p>
<p>-- Budapest newsroom +36 1 327 4040</p>
</text>
<copyright>(c) Reuters Limited 1997</copyright>
<metadata>
<codes class="bip:countries:1.0">
  <code code="HUNG">
    <editdetail attribution="Reuters BIP Coding Group" action="confirmed" date="1997-07-21"/>
  </code>
</codes>
<codes class="bip:topics:1.0">
  <code code="M13">
    <editdetail attribution="Reuters BIP Coding Group" action="confirmed" date="1997-07-21"/>
  </code>
  <code code="M132">
    <editdetail attribution="Reuters BIP Coding Group" action="confirmed" date="1997-07-21"/>
  </code>
  <code code="MCAT">
    <editdetail attribution="Reuters BIP Coding Group" action="confirmed" date="1997-07-21"/>
  </code>
</codes>
<dc element="dc.publisher" value="Reuters Holdings Plc"/>
<dc element="dc.date.published" value="1997-07-21"/>
<dc element="dc.source" value="Reuters"/>
<dc element="dc.creator.location.country.name" value="HUNGARY"/>
<dc element="dc.source" value="Reuters"/>
</metadata>
</newsitem>
