<?xml version="1.0" encoding="iso-8859-1" ?>
<newsitem itemid="742207" id="root" date="1997-07-21" xml:lang="en">
<title>POLAND: POLISH NBP SELLS DOLLARS AT PLN 3.4685-DEALERS.</title>
<headline>POLISH NBP SELLS DOLLARS AT PLN 3.4685-DEALERS.</headline>
<dateline>WARSAW 1997-07-21</dateline>
<text>
<p>The National Bank of Poland (NBP) sold dollars on the interbank market at 3.4685 zlotys, dealers said.</p>
<p>The intervention, described as &quot;medium&quot;, came at 1422 GMT when the zloty was at 3.02 percent below the dollar parity rate for today -- the centre of the daily 14-percent trading band.</p>
<p>-- Warsaw Newsroom +48 22 653 9700</p>
</text>
<copyright>(c) Reuters Limited 1997</copyright>
<metadata>
<codes class="bip:countries:1.0">
  <code code="POL">
    <editdetail attribution="Reuters BIP Coding Group" action="confirmed" date="1997-07-21"/>
  </code>
</codes>
<codes class="bip:topics:1.0">
  <code code="E12">
    <editdetail attribution="Reuters BIP Coding Group" action="confirmed" date="1997-07-21"/>
  </code>
  <code code="ECAT">
    <editdetail attribution="Reuters BIP Coding Group" action="confirmed" date="1997-07-21"/>
  </code>
  <code code="M13">
    <editdetail attribution="Reuters BIP Coding Group" action="confirmed" date="1997-07-21"/>
  </code>
  <code code="M132">
    <editdetail attribution="Reuters BIP Coding Group" action="confirmed" date="1997-07-21"/>
  </code>
  <code code="MCAT">
    <editdetail attribution="Reuters BIP Coding Group" action="confirmed" date="1997-07-21"/>
  </code>
</codes>
<dc element="dc.date.created" value="1997-07-21"/>
<dc element="dc.publisher" value="Reuters Holdings Plc"/>
<dc element="dc.date.published" value="1997-07-21"/>
<dc element="dc.source" value="Reuters"/>
<dc element="dc.creator.location" value="WARSAW"/>
<dc element="dc.creator.location.country.name" value="POLAND"/>
<dc element="dc.source" value="Reuters"/>
</metadata>
</newsitem>
