<?xml version="1.0" encoding="iso-8859-1" ?>
<newsitem itemid="742249" id="root" date="1997-07-21" xml:lang="en">
<title>UK: UK to channel lottery funds to health, education.</title>
<headline>UK to channel lottery funds to health, education.</headline>
<byline>Keith Weir</byline>
<dateline>LONDON 1997-07-21</dateline>
<text>
<p>The British government unveiled plans on Monday to pump one billion pounds ($1.7 billion) of national lottery money into projects to improve health, education and the environment.</p>
<p>&quot;This will mark a turning point in the fortunes of our national lottery,&quot; Culture Secretary Chris Smith told a news conference, outlining plans to create what he called a &quot;people's lottery&quot;.</p>
<p>The Labour government proposals, which will be followed by legislation later this year, come in the wake of controversy over profit and salary levels at national lottery operator Camelot.</p>
<p>The government said returns to the lottery operator and its directors must be &quot;reasonable, related to performance and easily understood&quot;. It sought proposals on how to maximise funds for good causes such as charities, sports and the arts while removing &quot;unnecessary&quot; profit margins.</p>
<p>Smith denied that the government, which won a landslide victory in the election in May, was reneging on promises to transfer the lottery to a non-profit operator when Camelot's seven-year licence expires in 2001.</p>
<p>&quot;The absolute priority has to be making sure we maximise the return for good causes,&quot; Smith said. &quot;...The open-ended profit mechanism as we have at the moment does not maximise returns,&quot; he added.</p>
<p>He said he would welcome bids to run the licence after 2001 from Camelot and entrepreneur Richard Branson's Virgin Group. Branson put forward plans to run the lottery on a non-profit basis but lost out to Camelot in the original licence award.</p>
<p>Camelot, a five-company consortium, welcomed the review, saying it was pleased that the government had recognised its efficiency in raising money.</p>
<p>Some 30 million Britons play the lottery each week, lured by the prospect of winning millions for a one pound stake in a televised draw. Its popularity has led to the introduction of a second weekly draw and &quot;scratchcards&quot; offering instant cash prizes.</p>
<p>The lottery has so far raised more than 3.6 billion pounds for good causes. The government said it should raise at least 10 billion pounds by 2001, one billion pounds above forecast, and it wants to channel this extra funding into health, education and the environment.</p>
<p>Initial plans include measures to train teachers in the use of information technology, after-school activity clubs for children and a network of centres to promote healthy living. The government is also planning to set up a trust to foster the development of creative talent. ($ = 0.595 British Pounds)</p>
</text>
<copyright>(c) Reuters Limited 1997</copyright>
<metadata>
<codes class="bip:countries:1.0">
  <code code="UK">
    <editdetail attribution="Reuters BIP Coding Group" action="confirmed" date="1997-07-21"/>
  </code>
</codes>
<codes class="bip:industries:1.0">
  <code code="I97912">
    <editdetail attribution="Reuters BIP Coding Group" action="confirmed" date="1997-07-21"/>
  </code>
</codes>
<codes class="bip:topics:1.0">
  <code code="C13">
    <editdetail attribution="Reuters BIP Coding Group" action="confirmed" date="1997-07-21"/>
  </code>
  <code code="CCAT">
    <editdetail attribution="Reuters BIP Coding Group" action="confirmed" date="1997-07-21"/>
  </code>
  <code code="E21">
    <editdetail attribution="Reuters BIP Coding Group" action="confirmed" date="1997-07-21"/>
  </code>
  <code code="ECAT">
    <editdetail attribution="Reuters BIP Coding Group" action="confirmed" date="1997-07-21"/>
  </code>
  <code code="GCAT">
    <editdetail attribution="Reuters BIP Coding Group" action="confirmed" date="1997-07-21"/>
  </code>
  <code code="GENV">
    <editdetail attribution="Reuters BIP Coding Group" action="confirmed" date="1997-07-21"/>
  </code>
  <code code="GHEA">
    <editdetail attribution="Reuters BIP Coding Group" action="confirmed" date="1997-07-21"/>
  </code>
</codes>
<dc element="dc.date.created" value="1997-07-21"/>
<dc element="dc.publisher" value="Reuters Holdings Plc"/>
<dc element="dc.date.published" value="1997-07-21"/>
<dc element="dc.source" value="Reuters"/>
<dc element="dc.creator.location" value="LONDON"/>
<dc element="dc.creator.location.country.name" value="UK"/>
<dc element="dc.source" value="Reuters"/>
</metadata>
</newsitem>
