<?xml version="1.0" encoding="iso-8859-1" ?>
<newsitem itemid="742218" id="root" date="1997-07-21" xml:lang="en">
<title>LATVIA: LATVIA-GRINDEX H1 AFTER-TAX PROFIT 0.5 MLN LATS.</title>
<headline>LATVIA-GRINDEX H1 AFTER-TAX PROFIT 0.5 MLN LATS.</headline>
<dateline>RIGA 1997-07-21</dateline>
<text>
<p>Grindex, one of the two biggest pharmaceutical firms in Latvia, on Monday said its half-year after-tax profit was 500,000 lats on sales of 4.1 million lats.</p>
<p>&quot;Grindex's turnover during the first six month of 1997 has grown by about one million lats compared to the corresponding period of 1996,&quot; manager Valdis Jekabsons told Reuters.</p>
<p>Grindex registered a 1996 after-tax profit of 160,000 lats.</p>
<p>The company, currently in the final stage of its sell-off, sees 1997 turnover of 10.5 million lats against 8.03 million lats last year.</p>
<p>&quot;We plan to earn nine percent of 1997 turnover in profit,&quot; Jekabsons added.</p>
<p>Some 25 percent of the company's produce are active substances for medicines, most of which is exported to Japan and 60 percent of its output is ready prepared medications.</p>
<p>&quot;These are currently mainly substances for anti-cancer drugs and Japan is testing a Grindex patented drug for cardio-vascular diseases,&quot; Jekabsons said.</p>
<p>&quot;The results are expected in 2003,&quot; he said.</p>
<p>Another 16 percent of Grindex's turnover is generated by distibuting the medicines of other poducers.</p>
<p>&quot;I am satisfied with the distribution of our markets as we have a very good spread,&quot; Jekabsons said.</p>
<p>&quot;We sell 34 percent in Latvia, 10 percent in Estonia and Lithuania combined, two to 25 percent in Japan and 30 percent in Russia and CIS countries,&quot; he said.</p>
<p>-- Martinsh Gravitis, Riga newsroom, +371 721 5240</p>
</text>
<copyright>(c) Reuters Limited 1997</copyright>
<metadata>
<codes class="bip:countries:1.0">
  <code code="LATV">
    <editdetail attribution="Reuters BIP Coding Group" action="confirmed" date="1997-07-21"/>
  </code>
</codes>
<codes class="bip:industries:1.0">
  <code code="I25700">
    <editdetail attribution="Reuters BIP Coding Group" action="confirmed" date="1997-07-21"/>
  </code>
</codes>
<codes class="bip:topics:1.0">
  <code code="C15">
    <editdetail attribution="Reuters BIP Coding Group" action="confirmed" date="1997-07-21"/>
  </code>
  <code code="C151">
    <editdetail attribution="Reuters BIP Coding Group" action="confirmed" date="1997-07-21"/>
  </code>
  <code code="CCAT">
    <editdetail attribution="Reuters BIP Coding Group" action="confirmed" date="1997-07-21"/>
  </code>
</codes>
<dc element="dc.date.created" value="1997-07-21"/>
<dc element="dc.publisher" value="Reuters Holdings Plc"/>
<dc element="dc.date.published" value="1997-07-21"/>
<dc element="dc.source" value="Reuters"/>
<dc element="dc.creator.location" value="RIGA"/>
<dc element="dc.creator.location.country.name" value="LATVIA"/>
<dc element="dc.source" value="Reuters"/>
</metadata>
</newsitem>
