<?xml version="1.0" encoding="iso-8859-1" ?>
<newsitem itemid="742219" id="root" date="1997-07-21" xml:lang="en">
<title>POLAND: ECHO NET RISES TO PLN 8.8 MLN.</title>
<headline>ECHO NET RISES TO PLN 8.8 MLN.</headline>
<dateline>WARSAW 1997-07-21</dateline>
<text>
<p>Preliminary results June</p>
<p>(in million zlotys unless stated)</p>
<p> JUNE		     1997     1996</p>
<p> Net profit	     8.78 vs   0.52</p>
<p> Pre-tax profit	 9.55 vs   1.04</p>
<p> Operating profit     9.75 vs   0.82</p>
<p> Sales		   17.51 vs   1.88</p>
<p> JANUARY-JUNE	   1997     1996</p>
<p> Net profit	    10.29 vs   1.12</p>
<p> Pre-tax profit	11.08 vs   2.04</p>
<p> Operating profit    12.65 vs   1.52</p>
<p> Sales		   29.30 vs   7.25</p>
<p>Note. Full name of the Polish developer is Echo Investment SA.</p>
<p>-- Warsaw Newsroom +48 22 653 9700</p>
</text>
<copyright>(c) Reuters Limited 1997</copyright>
<metadata>
<codes class="bip:countries:1.0">
  <code code="POL">
    <editdetail attribution="Reuters BIP Coding Group" action="confirmed" date="1997-07-21"/>
  </code>
</codes>
<codes class="bip:industries:1.0">
  <code code="I47500">
    <editdetail attribution="Reuters BIP Coding Group" action="confirmed" date="1997-07-21"/>
  </code>
</codes>
<codes class="bip:topics:1.0">
  <code code="C15">
    <editdetail attribution="Reuters BIP Coding Group" action="confirmed" date="1997-07-21"/>
  </code>
  <code code="C151">
    <editdetail attribution="Reuters BIP Coding Group" action="confirmed" date="1997-07-21"/>
  </code>
  <code code="CCAT">
    <editdetail attribution="Reuters BIP Coding Group" action="confirmed" date="1997-07-21"/>
  </code>
</codes>
<dc element="dc.date.created" value="1997-07-21"/>
<dc element="dc.publisher" value="Reuters Holdings Plc"/>
<dc element="dc.date.published" value="1997-07-21"/>
<dc element="dc.source" value="Reuters"/>
<dc element="dc.creator.location" value="WARSAW"/>
<dc element="dc.creator.location.country.name" value="POLAND"/>
<dc element="dc.source" value="Reuters"/>
</metadata>
</newsitem>
