<?xml version="1.0" encoding="iso-8859-1" ?>
<newsitem itemid="742243" id="root" date="1997-07-21" xml:lang="en">
<title>NETHERLANDS: DUTCH CLOSING SHARE MARKET REPORT.</title>
<headline>DUTCH CLOSING SHARE MARKET REPORT.</headline>
<dateline>AMSTERDAM 1997-07-21</dateline>
<text>
<p>Dutch shares finished a see-saw session lower as nerves about U.S. Federal Reserve chairman Alan Greenspan's testimony to Congress tomorrow gained the upper hand in late trade.</p>
<p>The blue chip AEX index closed 10.45 points or about one percent lower at 931.34, its third consecutive lower close. Trading was described as reasonably busy for July.</p>
<p>&quot;A lot depends on what Greenspan has to say about U.S. inflation. If it's negative, we'll probably come off quite sharply,&quot; said one dealer.  </p>
<p>Technical analysts, taking part in a weekly Reuters poll, said the AEX remained in a long-term uptrend, even though its ascent might be interrupted in the short term.</p>
<p>Chemical group DSM stood out, rising 4.50 guilders to 224.50. The shares had rallied strongly since mid-June but posted a steep loss on Thursday and fell further on Friday.</p>
<p>In the same sector Akzo Nobel , whose shares have followed a similar path in recent sessions, was up 2.80 guilders at 282.50. But losers outnumbered winners by over two to one. Brewer Heineken , in decline since late June, shed 5.40 guilders at 315.20. -- Andrew Kelly +31 20 504 5000</p>
</text>
<copyright>(c) Reuters Limited 1997</copyright>
<metadata>
<codes class="bip:countries:1.0">
  <code code="NETH">
    <editdetail attribution="Reuters BIP Coding Group" action="confirmed" date="1997-07-21"/>
  </code>
</codes>
<codes class="bip:topics:1.0">
  <code code="M11">
    <editdetail attribution="Reuters BIP Coding Group" action="confirmed" date="1997-07-21"/>
  </code>
  <code code="MCAT">
    <editdetail attribution="Reuters BIP Coding Group" action="confirmed" date="1997-07-21"/>
  </code>
</codes>
<dc element="dc.date.created" value="1997-07-21"/>
<dc element="dc.publisher" value="Reuters Holdings Plc"/>
<dc element="dc.date.published" value="1997-07-21"/>
<dc element="dc.source" value="Reuters"/>
<dc element="dc.creator.location" value="AMSTERDAM"/>
<dc element="dc.creator.location.country.name" value="NETHERLANDS"/>
<dc element="dc.source" value="Reuters"/>
</metadata>
</newsitem>
