<?xml version="1.0" encoding="iso-8859-1" ?>
<newsitem itemid="697987" id="root" date="1997-07-01" xml:lang="en">
<title>USA: Compaq sets five-for-two stock split.</title>
<headline>Compaq sets five-for-two stock split.</headline>
<byline>Therese Poletti</byline>
<dateline>NEW YORK 1997-07-01</dateline>
<text>
<p>Compaq Computer Corp. on Tuesday announced a five-for-two stock split in the form of a stock dividend, fueling more investor optimism in the world's leading seller of personal computers.</p>
<p>Stock in the Houston-based company jumped as investors viewed the move as a bullish signal for Compaq's future.</p>
<p>&quot;This stock split reflects our confidence in Compaq's long-term growth,&quot; Compaq Chairman Ben Rosen said in a statement.</p>
<p>Compaq stock closed up $2.375 at $101.875 in consolidated trading on the New York Stock Exchange amid a drop in other leading technology shares, as earnings jitters continued to roil computer stocks. Cyrix Corp. said late Monday it would report an unexpected second-quarter loss.</p>
<p>Cyrix, which develops clones of Intel Corp. microprocessors, cited weak overall demand and pricing pressures on its non-multimedia technology processors.</p>
<p>&quot;Psychologically, (the stock split) does have an impact,&quot; said Walter Winnitzki, a PaineWebber Inc. analyst. &quot;It relays the confidence that management has in the future. ... But realistically it shouldn't mean anything.&quot;</p>
<p>Compaq's move to split its shares also follows other leading technology companies, including its rival Dell Computer Corp., which announced a two-for-one split in May.</p>
<p>When Gateway 2000 Inc. announced its move to the NYSE in May, it also announced a two-for-one stock split. Intel Corp. and International Business Machines Corp. also split their shares.</p>
<p>Compaq has had two other stock splits. The first was a two-for-one in 1990 and the second a three-for-one in 1994.</p>
<p>Shareholders of record as of July 14 will receive three additional shares of common stock for every two shares they own on that date, Compaq said.</p>
<p>The new shares will be distributed on or about July 28.</p>
<p>Compaq said it had 276 million shares outstanding as of Monday. Upon completion of the split, the number will increase to 690 million shares outstanding.</p>
<p>In addition, the number of shares that would be issued in the recently announced proposed merger with Tandem Computers Inc. would be appropriately adjusted to reflect the stock split, Compaq said.</p>
<p>Wall Street analysts said the stock split will simply drive more retail interest in Compaq.</p>
<p>&quot;Companies like to have their stock trade at prices that are attractive to various levels of investors,&quot; said Mark Specker, a SoundView Financial analyst. &quot;It really doesn't have any significance at all.&quot;</p>
<p>Daniel Ries, a Nomura Research analyst said he was a bit surprised that Compaq split its stock five-for-two, instead of the typical two-for-one, but he added this will also fuel further retail interest.</p>
<p>Analysts also said Compaq stock was likely buoyant Tuesday because Compaq is one of the few technology companies that is expected to beat Wall Street forecasts this quarter, in an otherwise disappointing second quarter so far.</p>
<p>&quot;I think it will comfortably exceed expectations,&quot; said Specker, adding that if Compaq just met expectations, Wall Street would be disappointed.</p>
<p>In 1996, Compaq earned $1.3 billion on worldwide sales of $18.1 billion. Compaq will report its second quarter earnings July 10.</p>
<p>Many technology companies have pre-announced earnings shortfalls this quarter, beginning with Intel, which cited weaker-than-expected demand, especially in Europe. Intel's warning was followed by disk drive maker Seagate Technology Inc., Gateway 2000 and Cyrix.</p>
</text>
<copyright>(c) Reuters Limited 1997</copyright>
<metadata>
<codes class="bip:countries:1.0">
  <code code="USA">
    <editdetail attribution="Reuters BIP Coding Group" action="confirmed" date="1997-07-01"/>
  </code>
</codes>
<codes class="bip:industries:1.0">
  <code code="I33020">
    <editdetail attribution="Reuters BIP Coding Group" action="confirmed" date="1997-07-01"/>
  </code>
  <code code="I3302003">
    <editdetail attribution="Reuters BIP Coding Group" action="confirmed" date="1997-07-01"/>
  </code>
</codes>
<codes class="bip:topics:1.0">
  <code code="C15">
    <editdetail attribution="Reuters BIP Coding Group" action="confirmed" date="1997-07-01"/>
  </code>
  <code code="C151">
    <editdetail attribution="Reuters BIP Coding Group" action="confirmed" date="1997-07-01"/>
  </code>
  <code code="C152">
    <editdetail attribution="Reuters BIP Coding Group" action="confirmed" date="1997-07-01"/>
  </code>
  <code code="C17">
    <editdetail attribution="Reuters BIP Coding Group" action="confirmed" date="1997-07-01"/>
  </code>
  <code code="C171">
    <editdetail attribution="Reuters BIP Coding Group" action="confirmed" date="1997-07-01"/>
  </code>
  <code code="CCAT">
    <editdetail attribution="Reuters BIP Coding Group" action="confirmed" date="1997-07-01"/>
  </code>
</codes>
<dc element="dc.date.created" value="1997-07-01"/>
<dc element="dc.publisher" value="Reuters Holdings Plc"/>
<dc element="dc.date.published" value="1997-07-01"/>
<dc element="dc.source" value="Reuters"/>
<dc element="dc.creator.location" value="NEW YORK"/>
<dc element="dc.creator.location.country.name" value="USA"/>
<dc element="dc.source" value="Reuters"/>
</metadata>
</newsitem>
