<?xml version="1.0" encoding="iso-8859-1" ?>
<newsitem itemid="697988" id="root" date="1997-07-01" xml:lang="en">
<title>USA: U.S. seeks WTO accord on internet trade.</title>
<headline>U.S. seeks WTO accord on internet trade.</headline>
<dateline>WASHINGTON 1997-07-01</dateline>
<text>
<p>U.S. Trade Representative Charlene Barshefsky said on Tuesday she hoped to build on recent global trade agreements on technology and telephone services to help fulfill President Bill Clinton's vision for cyberspace commerce.</p>
<p>Clinton at a White House ceremony unveiling a proposal to promote international electronic commerce said on Tuesday he directed Barshefsky to work with the World Trade Organization to create a &quot;free trade zone&quot; for internet commerce within a year.</p>
<p>Barshefsky later told reporters she hoped to start with a basic group of countries to secure agreement on a laissez-faire policy on internet commerce and build global support from there.</p>
<p>&quot;Let's find the critical mass of countries who will be the pace setters, the rest will follow,&quot; Barshefsky said.</p>
<p>That was the way a global agreement eliminating tariffs on information technologies was achieved last year.</p>
<p>Clinton signed a proclamation on Tuesday implementing the Information Technology Agreement, which will eliminate tariffs on information technologies by 2000.</p>
<p>Barshefsky said that much of the foundation for the internet commerce policy has already been set. The global agreement on information techonologies reached at a December meeting of WTO ministers eliminates import tariffs on many of the technologies used to access the interenet.</p>
<p>The United States and its trading partners have already agreed on a second round of information technology talks to address other trade barriers. Those talks are to begin in October.</p>
<p>A WTO agreement reached earlier this year that opens up telecommunications markets around the world to more foreign competition will help consumers access the the internet, Barshefsky said.</p>
<p>&quot;Full and proper implementation of that deal will resolve all current market access issues with respect to accessing the internet, with respect to investment, with respect to ownership rights, with respect to non-discriminatory treatment,&quot; Barshefsky said.</p>
<p>She said that many of the issues that are involved in the internet initiative are being addressed in a number of international trade forums.</p>
<p>Clinton said he was also directing Treasury Secretary Robert Rubin to negotiate agreements to prevent new discriminatory taxes in electronic commerce.</p>
<p>Commerce Secretary William Daley and Ira Magaziner, who headed development of the administration's Internet policy, will lead a delegation to Europe later this month to outline the U.S. vision for international electronic commerce, Clinton said.</p>
</text>
<copyright>(c) Reuters Limited 1997</copyright>
<metadata>
<codes class="bip:countries:1.0">
  <code code="USA">
    <editdetail attribution="Reuters BIP Coding Group" action="confirmed" date="1997-07-01"/>
  </code>
</codes>
<codes class="bip:industries:1.0">
  <code code="I33030">
    <editdetail attribution="Reuters BIP Coding Group" action="confirmed" date="1997-07-01"/>
  </code>
</codes>
<codes class="bip:topics:1.0">
  <code code="C13">
    <editdetail attribution="Reuters BIP Coding Group" action="confirmed" date="1997-07-01"/>
  </code>
  <code code="C31">
    <editdetail attribution="Reuters BIP Coding Group" action="confirmed" date="1997-07-01"/>
  </code>
  <code code="CCAT">
    <editdetail attribution="Reuters BIP Coding Group" action="confirmed" date="1997-07-01"/>
  </code>
  <code code="E51">
    <editdetail attribution="Reuters BIP Coding Group" action="confirmed" date="1997-07-01"/>
  </code>
  <code code="E512">
    <editdetail attribution="Reuters BIP Coding Group" action="confirmed" date="1997-07-01"/>
  </code>
  <code code="ECAT">
    <editdetail attribution="Reuters BIP Coding Group" action="confirmed" date="1997-07-01"/>
  </code>
</codes>
<dc element="dc.date.created" value="1997-07-01"/>
<dc element="dc.publisher" value="Reuters Holdings Plc"/>
<dc element="dc.date.published" value="1997-07-01"/>
<dc element="dc.source" value="Reuters"/>
<dc element="dc.creator.location" value="WASHINGTON"/>
<dc element="dc.creator.location.country.name" value="USA"/>
<dc element="dc.source" value="Reuters"/>
</metadata>
</newsitem>
