<?xml version="1.0" encoding="iso-8859-1" ?>
<newsitem itemid="698014" id="root" date="1997-07-01" xml:lang="en">
<title>USA: Integral Systems completes 3-for-1 split.</title>
<headline>Integral Systems completes 3-for-1 split.</headline>
<dateline>LANHAM, Md 1997-07-01</dateline>
<text>
<p>Integral Systems Inc said Tuesday it had completed the 3-for-1 stock split approved by shareholders last month.</p>
<p>The split gives every shareholder of record as of July 1, an additional two shares of the company's common stock. The company said the additional shares should be made available to shareholders in book entry form on or about July 15.</p>
<p>It said that after the stock split, the total number of its common shares outstanding will be 2,859,738, compared to 953,246 shares before the split.</p>
</text>
<copyright>(c) Reuters Limited 1997</copyright>
<metadata>
<codes class="bip:countries:1.0">
  <code code="USA">
    <editdetail attribution="Reuters BIP Coding Group" action="confirmed" date="1997-07-01"/>
  </code>
</codes>
<codes class="bip:industries:1.0">
  <code code="I33020">
    <editdetail attribution="Reuters BIP Coding Group" action="confirmed" date="1997-07-01"/>
  </code>
  <code code="I3302019">
    <editdetail attribution="Reuters BIP Coding Group" action="confirmed" date="1997-07-01"/>
  </code>
</codes>
<codes class="bip:topics:1.0">
  <code code="C17">
    <editdetail attribution="Reuters BIP Coding Group" action="confirmed" date="1997-07-01"/>
  </code>
  <code code="C171">
    <editdetail attribution="Reuters BIP Coding Group" action="confirmed" date="1997-07-01"/>
  </code>
  <code code="CCAT">
    <editdetail attribution="Reuters BIP Coding Group" action="confirmed" date="1997-07-01"/>
  </code>
</codes>
<dc element="dc.date.created" value="1997-07-01"/>
<dc element="dc.publisher" value="Reuters Holdings Plc"/>
<dc element="dc.date.published" value="1997-07-01"/>
<dc element="dc.source" value="Reuters"/>
<dc element="dc.creator.location" value="LANHAM, Md"/>
<dc element="dc.creator.location.country.name" value="USA"/>
<dc element="dc.source" value="Reuters"/>
</metadata>
</newsitem>
