<?xml version="1.0" encoding="iso-8859-1" ?>
<newsitem itemid="698010" id="root" date="1997-07-01" xml:lang="en">
<title>USA: Dauphin Deposit sets 1:1 merger ratio.</title>
<headline>Dauphin Deposit sets 1:1 merger ratio.</headline>
<dateline>HARRISBURG, Pa. 1997-07-01</dateline>
<text>
<p>Dauphin Deposit Corp and Allied Irish Banks Plc on Tuesday said Dauphin shareholders who elect to receive stock as part of the companies' merger plan will receive one Allied Irish american depositary share for each share of Dauphin common stock they own.</p>
<p>The merger between Dauphin, Allied Irish and AIB's First Maryland Bancorp subsidiary was announced in January and valued at $1.36 billion.</p>
<p>In a statement, the companies said the 1:1 stock exchange ratio was based on the average closing price on the New York Stock Exchange of Allied Irish ADSs for the 10 trading days ending June 30, 1997.</p>
<p>The average closing price was $46.925, and the merger agreement provided for a 1:1 exchange ratio if the average closing price of Allied Irish ADSs was $43 or higher, the companies said.</p>
</text>
<copyright>(c) Reuters Limited 1997</copyright>
<metadata>
<codes class="bip:countries:1.0">
  <code code="IRE">
    <editdetail attribution="Reuters BIP Coding Group" action="confirmed" date="1997-07-01"/>
  </code>
  <code code="USA">
    <editdetail attribution="Reuters BIP Coding Group" action="confirmed" date="1997-07-01"/>
  </code>
</codes>
<codes class="bip:industries:1.0">
  <code code="I81402">
    <editdetail attribution="Reuters BIP Coding Group" action="confirmed" date="1997-07-01"/>
  </code>
</codes>
<codes class="bip:topics:1.0">
  <code code="C17">
    <editdetail attribution="Reuters BIP Coding Group" action="confirmed" date="1997-07-01"/>
  </code>
  <code code="C171">
    <editdetail attribution="Reuters BIP Coding Group" action="confirmed" date="1997-07-01"/>
  </code>
  <code code="C18">
    <editdetail attribution="Reuters BIP Coding Group" action="confirmed" date="1997-07-01"/>
  </code>
  <code code="C181">
    <editdetail attribution="Reuters BIP Coding Group" action="confirmed" date="1997-07-01"/>
  </code>
  <code code="CCAT">
    <editdetail attribution="Reuters BIP Coding Group" action="confirmed" date="1997-07-01"/>
  </code>
</codes>
<dc element="dc.date.created" value="1997-07-01"/>
<dc element="dc.publisher" value="Reuters Holdings Plc"/>
<dc element="dc.date.published" value="1997-07-01"/>
<dc element="dc.source" value="Reuters"/>
<dc element="dc.creator.location" value="HARRISBURG, Pa."/>
<dc element="dc.creator.location.country.name" value="USA"/>
<dc element="dc.source" value="Reuters"/>
</metadata>
</newsitem>
