<?xml version="1.0" encoding="iso-8859-1" ?>
<newsitem itemid="698041" id="root" date="1997-07-01" xml:lang="en">
<title>USA: India Fund names new portfolio manager.</title>
<headline>India Fund names new portfolio manager.</headline>
<dateline>NEW YORK 1997-07-01</dateline>
<text>
<p>The India Fund Inc said on Tuesday that Punita Kumar-Sinha would assume responsibility for management of the fund's portfolio effective Aug. 1, 1997.</p>
<p>Kumar-Sinha, who recently joined the fund's investment manager Advantage Advisers, has ten years of academic research and fund management experience involving international and emerging markets, including approximately three years as portfolio manager.</p>
<p>Barclays Global Investors International, which has managed the fund under a subadvisory agreement with Advantage since the fund's inception, will resign effective August 1.</p>
<p>Barclays Group would continue to assist the fund in the future through its various brokerage, research and other capabilities, the fund said.</p>
</text>
<copyright>(c) Reuters Limited 1997</copyright>
<metadata>
<codes class="bip:countries:1.0">
  <code code="USA">
    <editdetail attribution="Reuters BIP Coding Group" action="confirmed" date="1997-07-01"/>
  </code>
</codes>
<codes class="bip:industries:1.0">
  <code code="I81502">
    <editdetail attribution="Reuters BIP Coding Group" action="confirmed" date="1997-07-01"/>
  </code>
  <code code="I8150206">
    <editdetail attribution="Reuters BIP Coding Group" action="confirmed" date="1997-07-01"/>
  </code>
</codes>
<codes class="bip:topics:1.0">
  <code code="C41">
    <editdetail attribution="Reuters BIP Coding Group" action="confirmed" date="1997-07-01"/>
  </code>
  <code code="C411">
    <editdetail attribution="Reuters BIP Coding Group" action="confirmed" date="1997-07-01"/>
  </code>
  <code code="CCAT">
    <editdetail attribution="Reuters BIP Coding Group" action="confirmed" date="1997-07-01"/>
  </code>
</codes>
<dc element="dc.date.created" value="1997-07-01"/>
<dc element="dc.publisher" value="Reuters Holdings Plc"/>
<dc element="dc.date.published" value="1997-07-01"/>
<dc element="dc.source" value="Reuters"/>
<dc element="dc.creator.location" value="NEW YORK"/>
<dc element="dc.creator.location.country.name" value="USA"/>
<dc element="dc.source" value="Reuters"/>
</metadata>
</newsitem>
