<?xml version="1.0" encoding="iso-8859-1" ?>
<newsitem itemid="698116" id="root" date="1997-07-01" xml:lang="en">
<title>USA: Heartport system used in quintuple bypass.</title>
<headline>Heartport system used in quintuple bypass.</headline>
<dateline>REDWOOD CITY, Calif. 1997-07-01</dateline>
<text>
<p>Heartport Inc said Tuesday its minimally invasive heart surgery system was used for the first time in a quintuple bypass operation.</p>
<p>The company said a surgeon in Texas used the system to perform the five-vessel bypass opertion with just a 4-1/2 inch incision into the chest. Since the system was launched in January, it has been used in more than 1,000 heart surgeries, but had not previously been used in a quintuple bypass.</p>
<p>The company said doctors using the Heartport system can access the heart through the small incision and turn it around so to reach all sides.  During surgery, catheters that are normally put into the body through the chest are instead threaded through the groin and into the leg.  The catheters are attached to a heart-lung machine that keep bood flowing through the body while the heart is stopped.</p>
<p>The company says the small incision made when the Heartport system is used compares with a 12 to 15 inch cut and a broken sternum bone required during conventional surgery.</p>
<p>It said the Texas patient who underwent the quintuple bypass using the Heartport system was in the hospital for three days, compared with an average stay of a week or more for patients having conventional surgery.</p>
</text>
<copyright>(c) Reuters Limited 1997</copyright>
<metadata>
<codes class="bip:countries:1.0">
  <code code="USA">
    <editdetail attribution="Reuters BIP Coding Group" action="confirmed" date="1997-07-01"/>
  </code>
</codes>
<codes class="bip:industries:1.0">
  <code code="I95100">
    <editdetail attribution="Reuters BIP Coding Group" action="confirmed" date="1997-07-01"/>
  </code>
</codes>
<codes class="bip:topics:1.0">
  <code code="C22">
    <editdetail attribution="Reuters BIP Coding Group" action="confirmed" date="1997-07-01"/>
  </code>
  <code code="CCAT">
    <editdetail attribution="Reuters BIP Coding Group" action="confirmed" date="1997-07-01"/>
  </code>
</codes>
<dc element="dc.date.created" value="1997-07-01"/>
<dc element="dc.publisher" value="Reuters Holdings Plc"/>
<dc element="dc.date.published" value="1997-07-01"/>
<dc element="dc.source" value="Reuters"/>
<dc element="dc.creator.location" value="REDWOOD CITY, Calif."/>
<dc element="dc.creator.location.country.name" value="USA"/>
<dc element="dc.source" value="Reuters"/>
</metadata>
</newsitem>
