<?xml version="1.0" encoding="iso-8859-1" ?>
<newsitem itemid="698110" id="root" date="1997-07-01" xml:lang="en">
<title>USA: Wheels Sports Group buys co for 485,000 shr.</title>
<headline>Wheels Sports Group buys co for 485,000 shr.</headline>
<dateline>MOCKSVILLE, N.C. 1997-07-01</dateline>
<text>
<p>Wheels Sports Group Inc said Tuesday it has completed its acquisition of privately-held Diamond Sports Group for 485,000 shares of common stock.</p>
<p>The company previously announced it was acquiring the Diamond Sports for 480,000 shares.</p>
<p>Wheels Sports Group makes and collectible sports trading cards primarily featuring the race drivers, team owners and crew chiefs active in NASCAR-sanctioned motorsports racing events.</p>
</text>
<copyright>(c) Reuters Limited 1997</copyright>
<metadata>
<codes class="bip:countries:1.0">
  <code code="USA">
    <editdetail attribution="Reuters BIP Coding Group" action="confirmed" date="1997-07-01"/>
  </code>
</codes>
<codes class="bip:industries:1.0">
  <code code="I49410">
    <editdetail attribution="Reuters BIP Coding Group" action="confirmed" date="1997-07-01"/>
  </code>
</codes>
<codes class="bip:topics:1.0">
  <code code="C18">
    <editdetail attribution="Reuters BIP Coding Group" action="confirmed" date="1997-07-01"/>
  </code>
  <code code="C181">
    <editdetail attribution="Reuters BIP Coding Group" action="confirmed" date="1997-07-01"/>
  </code>
  <code code="CCAT">
    <editdetail attribution="Reuters BIP Coding Group" action="confirmed" date="1997-07-01"/>
  </code>
</codes>
<dc element="dc.date.created" value="1997-07-01"/>
<dc element="dc.publisher" value="Reuters Holdings Plc"/>
<dc element="dc.date.published" value="1997-07-01"/>
<dc element="dc.source" value="Reuters"/>
<dc element="dc.creator.location" value="MOCKSVILLE, N.C."/>
<dc element="dc.creator.location.country.name" value="USA"/>
<dc element="dc.source" value="Reuters"/>
</metadata>
</newsitem>
