<?xml version="1.0" encoding="iso-8859-1" ?>
<newsitem itemid="698191" id="root" date="1997-07-01" xml:lang="en">
<title>SOUTH AFRICA: RUGBY UNION-LIONS MANAGER LASHES REFEREE, OPPONENTS.</title>
<headline>RUGBY UNION-LIONS MANAGER LASHES REFEREE, OPPONENTS.</headline>
<dateline>WELKOM, South Africa 1997-07-01</dateline>
<text>
<p>British Lions manager Fran Cotton hit out at the referee and Northern Free State players after the bruising 67-39 win on Tuesday.</p>
<p>&quot;It was a totally unsatisfactory game all round,&quot; he said. &quot;No touring team should be made to play on this kind of rock hard pitch and the indiscipline of both the Northern Free State players and the referee was totally unacceptable.</p>
<p>&quot;There is a combie (minibus) load of injured players going back to the hotel. The players aren't complaining, but it is the management's responsibility to see that they are looked after.</p>
<p>&quot;There were several incidents of stamping on heads and we will be viewing the video of the game tonight and taking appropriate action. We have 24 hours to cite.&quot;</p>
<p>Prop Jason Leonard (thigh), scrumhalf Kyran Bracken (shoulder), hooker Mark Regan (shin) and wing Tony Underwood (thigh) were all injured.</p>
<p>But England flanker Neil Back, who scored one of the Lions' 10 tries, said: &quot;It was a hard physical game but I didn't see any of the alleged kicks in the head or stamping&quot;.</p>
<p>South African Rugby Football Union (SARFU) representative Alex Broun would not comment about the alleged foul play but defended the home province on the issue of the pitch.</p>
<p>&quot;SARFU stands totally behind the Northern Free State Rugby Union. This ground is used for Currie Cup matches and we believe its facilities are top class,&quot; he said.</p>
<p>Lions' coach Ian McGeechan would not be drawn. &quot;I'm not prepared to comment on the incidents until I've seen the video,&quot; he said.</p>
<p>&quot;All I can say is that on this tour we have tried to play the game with the right spirit and attitude. We've got one game to go and that's all I'm concentrating on.&quot;</p>
<p>The Lions management will make a decision on any further action on Wednesday.</p>
</text>
<copyright>(c) Reuters Limited 1997</copyright>
<metadata>
<codes class="bip:countries:1.0">
  <code code="SAFR">
    <editdetail attribution="Reuters BIP Coding Group" action="confirmed" date="1997-07-01"/>
  </code>
  <code code="UK">
    <editdetail attribution="Reuters BIP Coding Group" action="confirmed" date="1997-07-01"/>
  </code>
</codes>
<codes class="bip:topics:1.0">
  <code code="GCAT">
    <editdetail attribution="Reuters BIP Coding Group" action="confirmed" date="1997-07-01"/>
  </code>
  <code code="GSPO">
    <editdetail attribution="Reuters BIP Coding Group" action="confirmed" date="1997-07-01"/>
  </code>
</codes>
<dc element="dc.date.created" value="1997-07-01"/>
<dc element="dc.publisher" value="Reuters Holdings Plc"/>
<dc element="dc.date.published" value="1997-07-01"/>
<dc element="dc.source" value="Reuters"/>
<dc element="dc.creator.location" value="WELKOM, South Africa"/>
<dc element="dc.creator.location.country.name" value="SOUTH AFRICA"/>
<dc element="dc.source" value="Reuters"/>
</metadata>
</newsitem>
