<?xml version="1.0" encoding="iso-8859-1" ?>
<newsitem itemid="698152" id="root" date="1997-07-01" xml:lang="en">
<title>USA: TABLE-Unifirst Corp Q3 net rises.</title>
<headline>TABLE-Unifirst Corp Q3 net rises.</headline>
<dateline>WILMINGTON, Mass. 1997-07-01</dateline>
<text>
<p>Nine Months			 Q3</p>
<p>			1997	   1996	   1997	  1996</p>
<p>Revenues  $313,164,000 $294,792,000 $107,124,000 $98,554,000</p>
<p> Net income  20,766,000   18,306,000    7,382,000   6,600,000</p>
<p>Weighted average</p>
<p>number of shares</p>
<p>outstanding</p>
<p>		 20,510,608   20,510,608   20,510,608  20,510,608</p>
<p>Net income per</p>
<p>  share		1.01	   0.89	   0.36	  0.32</p>
<p>NOTE: Periods ended May 31 vs June 1. Nine months are 39 weeks vs 40 weeks.</p>
<p>((--New York Newsdesk 212 603-3310))</p>
</text>
<copyright>(c) Reuters Limited 1997</copyright>
<metadata>
<codes class="bip:countries:1.0">
  <code code="USA">
    <editdetail attribution="Reuters BIP Coding Group" action="confirmed" date="1997-07-01"/>
  </code>
</codes>
<codes class="bip:industries:1.0">
  <code code="I92300">
    <editdetail attribution="Reuters BIP Coding Group" action="confirmed" date="1997-07-01"/>
  </code>
</codes>
<codes class="bip:topics:1.0">
  <code code="C15">
    <editdetail attribution="Reuters BIP Coding Group" action="confirmed" date="1997-07-01"/>
  </code>
  <code code="C151">
    <editdetail attribution="Reuters BIP Coding Group" action="confirmed" date="1997-07-01"/>
  </code>
  <code code="CCAT">
    <editdetail attribution="Reuters BIP Coding Group" action="confirmed" date="1997-07-01"/>
  </code>
</codes>
<dc element="dc.date.created" value="1997-07-01"/>
<dc element="dc.publisher" value="Reuters Holdings Plc"/>
<dc element="dc.date.published" value="1997-07-01"/>
<dc element="dc.source" value="Reuters"/>
<dc element="dc.creator.location" value="WILMINGTON, Mass."/>
<dc element="dc.creator.location.country.name" value="USA"/>
<dc element="dc.source" value="Reuters"/>
</metadata>
</newsitem>
