<?xml version="1.0" encoding="iso-8859-1" ?>
<newsitem itemid="698177" id="root" date="1997-07-01" xml:lang="en">
<title>USA: U.N. says Iraq aid plan talks running smoothly.</title>
<headline>U.N. says Iraq aid plan talks running smoothly.</headline>
<dateline>NEW YORK 1997-07-01</dateline>
<text>
<p>U.N. humanitarian aid officials said negotiations to finalize an aid distribution plan necessary for resuming Iraqi &quot;oil-for-food&quot; oil sales are running smoothly and should be finalized by week's end.</p>
<p>A senior U.N. official at New York headquarters said talks between Baghdad and the U.N. are continuing in Iraq, and that all indications point to a successful conclusion.</p>
<p>&quot;They should be done by the end of the week, and be able to send (the aid plan) to New York for the Secretary-General to approve, presumably next week,&quot; said the official.</p>
<p>Secretary-General Kofi Annan was expected to receive technical advice on the plan, then approve the document.</p>
<p>&quot;It should go through smoothly. We are trying to make it (the aid plan) better than the last time, improve commodities and proper trucking and proper documentation. It is smooth sailing,&quot; said the U.N. official.</p>
<p>Renewed oil sales were expected to start around two weeks after the distribution plan approval, in late July or early August, the official said.</p>
<p>&quot;The oil sales should be another two weeks after (Annan's approval),&quot; said the official.</p>
<p>Staffan de Mistura, the U.N. coordinator for Iraq, has returned to Baghdad after visiting local leaders in the northern, Kurdish regions of the country for their input into the new distribution plan, the U.N. source said.</p>
<p>&quot;He is already back from the north,&quot; said U.N. official, noting de Mistura was now working with Iraqi officials in Baghdad.</p>
<p>Iraq has been allowed to sell oil under the second round of the oil accord since June 8, but Baghdad wanted an aid distribution plan in place before starting the oil sales process. Once the distribution plan is settled, Iraq must submit a new pricing formula for oil contracts.</p>
<p>At issue is the so-called &quot;oil-for-food&quot; accord, which acts as a humanitarian exception to broad sanctions slapped on Iraq after its troops invaded Kuwait in 1990. For a 180-day period, Iraq is allowed to sell $2 billion worth of crude oil, with most receipts parlayed into food and medicine purchases for civilians suffering under the sanctions regime.</p>
<p>((--Patrick Connole, New York Energy +1 212 859 1828))</p>
</text>
<copyright>(c) Reuters Limited 1997</copyright>
<metadata>
<codes class="bip:countries:1.0">
  <code code="IRAQ">
    <editdetail attribution="Reuters BIP Coding Group" action="confirmed" date="1997-07-01"/>
  </code>
  <code code="UN">
    <editdetail attribution="Reuters BIP Coding Group" action="confirmed" date="1997-07-01"/>
  </code>
  <code code="USA">
    <editdetail attribution="Reuters BIP Coding Group" action="confirmed" date="1997-07-01"/>
  </code>
</codes>
<codes class="bip:industries:1.0">
  <code code="I13000">
    <editdetail attribution="Reuters BIP Coding Group" action="confirmed" date="1997-07-01"/>
  </code>
  <code code="I1300003">
    <editdetail attribution="Reuters BIP Coding Group" action="confirmed" date="1997-07-01"/>
  </code>
</codes>
<codes class="bip:topics:1.0">
  <code code="C13">
    <editdetail attribution="Reuters BIP Coding Group" action="confirmed" date="1997-07-01"/>
  </code>
  <code code="C31">
    <editdetail attribution="Reuters BIP Coding Group" action="confirmed" date="1997-07-01"/>
  </code>
  <code code="CCAT">
    <editdetail attribution="Reuters BIP Coding Group" action="confirmed" date="1997-07-01"/>
  </code>
  <code code="E51">
    <editdetail attribution="Reuters BIP Coding Group" action="confirmed" date="1997-07-01"/>
  </code>
  <code code="ECAT">
    <editdetail attribution="Reuters BIP Coding Group" action="confirmed" date="1997-07-01"/>
  </code>
  <code code="GCAT">
    <editdetail attribution="Reuters BIP Coding Group" action="confirmed" date="1997-07-01"/>
  </code>
  <code code="GDIP">
    <editdetail attribution="Reuters BIP Coding Group" action="confirmed" date="1997-07-01"/>
  </code>
</codes>
<dc element="dc.date.created" value="1997-07-01"/>
<dc element="dc.publisher" value="Reuters Holdings Plc"/>
<dc element="dc.date.published" value="1997-07-01"/>
<dc element="dc.source" value="Reuters"/>
<dc element="dc.creator.location" value="NEW YORK"/>
<dc element="dc.creator.location.country.name" value="USA"/>
<dc element="dc.source" value="Reuters"/>
</metadata>
</newsitem>
