<?xml version="1.0" encoding="iso-8859-1" ?>
<newsitem itemid="698181" id="root" date="1997-07-01" xml:lang="en">
<title>USA: BellSouth to post Q3 gain from Optus sale. [CORRECTED 17:00 GMT]</title>
<headline>BellSouth to post Q3 gain from Optus sale. [CORRECTED 17:00 GMT]</headline>
<dateline>ATLANTA 1997-07-01</dateline>
<text>
<p>BellSouth Corp said Tuesday it will probably post an extraordinary gain in the third quarter ending September 30 resulting from its selling its 24.5 percent stake in Australia's Optus Communications Pty Ltd for 980 million Australian dollars.</p>
<p>&quot;We will reflect a gain in the third quarter, asuming the deal closes in the third quarter,&quot; A BellSouth spokesman said. &quot;We don't know the magnitude of the gain yet because of taxes and the fact that it is an international transaction.&quot;</p>
<p>An April 21 First Call consensus estimate of 19 brokers put BellSouth's third-quarter earnings at $0.70 a share.  </p>
<p>BellSouth said Tuesday it would sell its Optus stake for 980 million Australian dollars and the U.K. telecommunications company Cable and Wireless Plc will transfer to Bellsouth its 22.3 percent stake in the Colombian cellular company Occidente y Caribe Celular SA.</p>
<p>(Corrects to clarify that Bellsouth is receiving a stake in Occidente from Cable and Wireless, not selling a stake in Occidente to Cable and Wireless).</p>
<p>The spokesman added that Cable and Wireless will own 49 percent of Optus when the deal is closed; Australia's Mayne Nickless Ltd 25 percent; and Australian institutional investors the remaining 26 percent.</p>
<p>The spokesman declined to put a dollar amount on the 22.3 percent stake in the Colombian cellular company BellSouth will receive from Cable and Wireless as part of the deal. BellSouth's stock traded 46-13/16 Monday morning, up 7/16.</p>
</text>
<copyright>(c) Reuters Limited 1997</copyright>
<metadata>
<codes class="bip:countries:1.0">
  <code code="AUSTR">
    <editdetail attribution="Reuters BIP Coding Group" action="confirmed" date="1997-07-01"/>
  </code>
  <code code="UK">
    <editdetail attribution="Reuters BIP Coding Group" action="confirmed" date="1997-07-01"/>
  </code>
  <code code="USA">
    <editdetail attribution="Reuters BIP Coding Group" action="confirmed" date="1997-07-01"/>
  </code>
</codes>
<codes class="bip:industries:1.0">
  <code code="I77002">
    <editdetail attribution="Reuters BIP Coding Group" action="confirmed" date="1997-07-01"/>
  </code>
  <code code="I79020">
    <editdetail attribution="Reuters BIP Coding Group" action="confirmed" date="1997-07-01"/>
  </code>
</codes>
<codes class="bip:topics:1.0">
  <code code="C15">
    <editdetail attribution="Reuters BIP Coding Group" action="confirmed" date="1997-07-01"/>
  </code>
  <code code="C152">
    <editdetail attribution="Reuters BIP Coding Group" action="confirmed" date="1997-07-01"/>
  </code>
  <code code="C18">
    <editdetail attribution="Reuters BIP Coding Group" action="confirmed" date="1997-07-01"/>
  </code>
  <code code="C181">
    <editdetail attribution="Reuters BIP Coding Group" action="confirmed" date="1997-07-01"/>
  </code>
  <code code="CCAT">
    <editdetail attribution="Reuters BIP Coding Group" action="confirmed" date="1997-07-01"/>
  </code>
</codes>
<dc element="dc.date.created" value="1997-07-01"/>
<dc element="dc.publisher" value="Reuters Holdings Plc"/>
<dc element="dc.date.published" value="1997-07-01"/>
<dc element="dc.source" value="Reuters"/>
<dc element="dc.creator.location" value="ATLANTA"/>
<dc element="dc.creator.location.country.name" value="USA"/>
<dc element="dc.source" value="Reuters"/>
</metadata>
</newsitem>
