<?xml version="1.0" encoding="iso-8859-1" ?>
<newsitem itemid="698111" id="root" date="1997-07-01" xml:lang="en">
<title>USA: Telular proposes Herrmann as CFO.</title>
<headline>Telular proposes Herrmann as CFO.</headline>
<dateline>VERNON HILLS, Ill. 1997-07-01</dateline>
<text>
<p>Telular Corp, a telecommunications technology company, said Tuesday it expects its board of directors to approve the nomination of Jeffrey Herrmann as chief financial officer.</p>
<p>The management change is expected to be effective July 22, 1997.</p>
<p>Herrmann would replace Thomas Mason, who will become chief financial officer of a privately-held company, Telular said.</p>
<p>Herrmann has been Telular's corporate controller.</p>
<p>((Chicago newsdesk, 312-408-8787))</p>
</text>
<copyright>(c) Reuters Limited 1997</copyright>
<metadata>
<codes class="bip:countries:1.0">
  <code code="USA">
    <editdetail attribution="Reuters BIP Coding Group" action="confirmed" date="1997-07-01"/>
  </code>
</codes>
<codes class="bip:industries:1.0">
  <code code="I34400">
    <editdetail attribution="Reuters BIP Coding Group" action="confirmed" date="1997-07-01"/>
  </code>
</codes>
<codes class="bip:topics:1.0">
  <code code="C41">
    <editdetail attribution="Reuters BIP Coding Group" action="confirmed" date="1997-07-01"/>
  </code>
  <code code="C411">
    <editdetail attribution="Reuters BIP Coding Group" action="confirmed" date="1997-07-01"/>
  </code>
  <code code="CCAT">
    <editdetail attribution="Reuters BIP Coding Group" action="confirmed" date="1997-07-01"/>
  </code>
</codes>
<dc element="dc.date.created" value="1997-07-01"/>
<dc element="dc.publisher" value="Reuters Holdings Plc"/>
<dc element="dc.date.published" value="1997-07-01"/>
<dc element="dc.source" value="Reuters"/>
<dc element="dc.creator.location" value="VERNON HILLS, Ill."/>
<dc element="dc.creator.location.country.name" value="USA"/>
<dc element="dc.source" value="Reuters"/>
</metadata>
</newsitem>
