<?xml version="1.0" encoding="iso-8859-1" ?>
<newsitem itemid="698151" id="root" date="1997-07-01" xml:lang="en">
<title>USA: Barclays investment arm names new trader.</title>
<headline>Barclays investment arm names new trader.</headline>
<dateline>NEW YORK 1997-07-01</dateline>
<text>
<p>BZW, the investment banking arm of Barclays Plc, said Tuesday that Frank Ren was named an associate director and long bond trader within BZW's Global Markets Division.</p>
<p>He will join the firm on July 1, a news release issued by BZW said.</p>
<p>Ren will trade the long end of the treasury market, specifically the long bond, long bond basis, and strips, the news release said.</p>
<p>Ren was formerly with Goldman, Sachs &amp; Co, where he traded the long end of the curve, the release said.</p>
</text>
<copyright>(c) Reuters Limited 1997</copyright>
<metadata>
<codes class="bip:countries:1.0">
  <code code="USA">
    <editdetail attribution="Reuters BIP Coding Group" action="confirmed" date="1997-07-01"/>
  </code>
</codes>
<codes class="bip:industries:1.0">
  <code code="I81402">
    <editdetail attribution="Reuters BIP Coding Group" action="confirmed" date="1997-07-01"/>
  </code>
</codes>
<codes class="bip:topics:1.0">
  <code code="C41">
    <editdetail attribution="Reuters BIP Coding Group" action="confirmed" date="1997-07-01"/>
  </code>
  <code code="C411">
    <editdetail attribution="Reuters BIP Coding Group" action="confirmed" date="1997-07-01"/>
  </code>
  <code code="CCAT">
    <editdetail attribution="Reuters BIP Coding Group" action="confirmed" date="1997-07-01"/>
  </code>
</codes>
<dc element="dc.date.created" value="1997-07-01"/>
<dc element="dc.publisher" value="Reuters Holdings Plc"/>
<dc element="dc.date.published" value="1997-07-01"/>
<dc element="dc.source" value="Reuters"/>
<dc element="dc.creator.location" value="NEW YORK"/>
<dc element="dc.creator.location.country.name" value="USA"/>
<dc element="dc.source" value="Reuters"/>
</metadata>
</newsitem>
