<?xml version="1.0" encoding="iso-8859-1" ?>
<newsitem itemid="698254" id="root" date="1997-07-01" xml:lang="en">
<title>FRANCE: CYCLING-TOUR DE FRANCE WINNERS.</title>
<headline>CYCLING-TOUR DE FRANCE WINNERS.</headline>
<dateline>PARIS 1997-07-01</dateline>
<text>
<p>No Frenchman has won the Tour since Bernard Hinault's fifth and final win in 1985 but over the past 25 years, France still tops the list of winners with nine victories.</p>
<p>Spain, thanks principally to Miguel Indurain, has seven while Belgium and the United States have both triumphed three times.</p>
<p>The Netherlands, Ireland, and Denmark have each won once.</p>
<p>1972 Eddy Merckx (Belgium)</p>
<p>1973 Luis Ocana (Spain)</p>
<p>1974 Eddy Merckx</p>
<p>1975 Bernard Thevenet (France)</p>
<p>1976 Lucien van Impe (Belgium)</p>
<p>1977 Bernard Thevenet</p>
<p>1978 Bernard Hinault (France)</p>
<p>1979 Bernard Hinault</p>
<p>1980 Joop Zoetemelk (Netherlands)</p>
<p>1981 Bernard Hinault</p>
<p>1982 Bernard Hinault</p>
<p>1983 Laurent Fignon (France)</p>
<p>1984 Laurent Fignon</p>
<p>1985 Bernard Hinault</p>
<p>1986 Greg LeMond (U.S.)</p>
<p>1987 Stephen Roche (Ireland)</p>
<p>1988 Pedro Delgado (Spain)</p>
<p>1989 Greg LeMond</p>
<p>1990 Greg LeMond</p>
<p>1991 Miguel Indurain (Spain)</p>
<p>1992 Miguel Indurain</p>
<p>1992 Miguel Indurain</p>
<p>1993 Miguel Indurain</p>
<p>1994 Miguel Indurain</p>
<p>1995 Miguel Indurain</p>
<p>1996 Bjarne Riis (Denmark)</p>
</text>
<copyright>(c) Reuters Limited 1997</copyright>
<metadata>
<codes class="bip:countries:1.0">
  <code code="BELG">
    <editdetail attribution="Reuters BIP Coding Group" action="confirmed" date="1997-07-01"/>
  </code>
  <code code="FRA">
    <editdetail attribution="Reuters BIP Coding Group" action="confirmed" date="1997-07-01"/>
  </code>
  <code code="SPAIN">
    <editdetail attribution="Reuters BIP Coding Group" action="confirmed" date="1997-07-01"/>
  </code>
  <code code="USA">
    <editdetail attribution="Reuters BIP Coding Group" action="confirmed" date="1997-07-01"/>
  </code>
</codes>
<codes class="bip:topics:1.0">
  <code code="GCAT">
    <editdetail attribution="Reuters BIP Coding Group" action="confirmed" date="1997-07-01"/>
  </code>
  <code code="GSPO">
    <editdetail attribution="Reuters BIP Coding Group" action="confirmed" date="1997-07-01"/>
  </code>
</codes>
<dc element="dc.date.created" value="1997-07-01"/>
<dc element="dc.publisher" value="Reuters Holdings Plc"/>
<dc element="dc.date.published" value="1997-07-01"/>
<dc element="dc.source" value="Reuters"/>
<dc element="dc.creator.location" value="PARIS"/>
<dc element="dc.creator.location.country.name" value="FRANCE"/>
<dc element="dc.source" value="Reuters"/>
</metadata>
</newsitem>
