<?xml version="1.0" encoding="iso-8859-1" ?>
<newsitem itemid="698223" id="root" date="1997-07-01" xml:lang="en">
<title>UK: TENNIS-WIMBLEDON WOMEN'S SINGLES RESULTS.</title>
<headline>TENNIS-WIMBLEDON WOMEN'S SINGLES RESULTS.</headline>
<dateline>LONDON 1997-06-30</dateline>
<text>
<p>Women's singles results at the</p>
<p>Wimbledon tennis championships on Tuesday (prefix denotes</p>
<p>seeding):</p>
<p>Fourth Round:</p>
<p>1-Martina Hingis (Switzerland) beat Sabine Appelmans 6-1 6-3</p>
<p>Yayuk Basuki (Indonesia) beat Patricia Hy-Boulais (Canada) 6-0</p>
<p>7-6 (7-2)</p>
</text>
<copyright>(c) Reuters Limited 1997</copyright>
<metadata>
<codes class="bip:countries:1.0">
  <code code="BELG">
    <editdetail attribution="Reuters BIP Coding Group" action="confirmed" date="1997-07-01"/>
  </code>
  <code code="CANA">
    <editdetail attribution="Reuters BIP Coding Group" action="confirmed" date="1997-07-01"/>
  </code>
  <code code="FRA">
    <editdetail attribution="Reuters BIP Coding Group" action="confirmed" date="1997-07-01"/>
  </code>
  <code code="INDON">
    <editdetail attribution="Reuters BIP Coding Group" action="confirmed" date="1997-07-01"/>
  </code>
  <code code="SWITZ">
    <editdetail attribution="Reuters BIP Coding Group" action="confirmed" date="1997-07-01"/>
  </code>
  <code code="UK">
    <editdetail attribution="Reuters BIP Coding Group" action="confirmed" date="1997-07-01"/>
  </code>
</codes>
<codes class="bip:topics:1.0">
  <code code="GCAT">
    <editdetail attribution="Reuters BIP Coding Group" action="confirmed" date="1997-07-01"/>
  </code>
  <code code="GSPO">
    <editdetail attribution="Reuters BIP Coding Group" action="confirmed" date="1997-07-01"/>
  </code>
</codes>
<dc element="dc.date.created" value="1997-06-30"/>
<dc element="dc.publisher" value="Reuters Holdings Plc"/>
<dc element="dc.date.published" value="1997-07-01"/>
<dc element="dc.source" value="Reuters"/>
<dc element="dc.creator.location" value="LONDON"/>
<dc element="dc.creator.location.country.name" value="UK"/>
<dc element="dc.source" value="Reuters"/>
</metadata>
</newsitem>
