<?xml version="1.0" encoding="iso-8859-1" ?>
<newsitem itemid="698295" id="root" date="1997-07-01" xml:lang="en">
<title>LITHUANIA: LITIMPEKS COMPLETES 60 MLN LITAS SHARE ISSUE.</title>
<headline>LITIMPEKS COMPLETES 60 MLN LITAS SHARE ISSUE.</headline>
<dateline>VILNIUS 1997-07-01</dateline>
<text>
<p>Lithuania's Litimpeks Bank said on Tuesday that it had completed its 60 million litas share distribution to Western, Scandinavian and Baltic investors.  </p>
<p>&quot;Shares of 36 million litas were bought by Scandinavian and Western investors, eight million by Estonians and the remaining part by local investors from Lithuania,&quot; the bank said in statement. &quot;</p>
<p>The statement said Norwway's Skeie Group, Norwegian Oil Trading Company and Uber See Bank of Zurich were represented in distribution.</p>
<p>The share capital of Litimpeks now stands at 64 million litas.</p>
<p>The share issue may signal a new beginning for the troubled bank, which was closed by the central bank for six months in 1995 and 1996.</p>
<p>&quot;Litimpeks is back,&quot; said Jonas Bobelis, vice-president of Litimpeks.</p>
<p>&quot;That's (the share distribution) stage one and we're looking to continue forward and we're back in fighting shape,&quot; Bobelis said, adding that the bank wanted to rekindle relationships with customers it lost during its closure.</p>
<p>The closure of Litimpeks and Lithuanian Joint-Stock Innovation Bank in December 1995 sparked a nationwide banking crisis that weighed heavily on the sector during 1996.</p>
<p>Litimpeks was able to claw its way back to solvency but Innovation is in the process of being liquidated.</p>
<p>The bank's losses in 1996 were 6.37 million litas and 1.9 million litas in the first quarter of 1997.</p>
<p>-- Burton Frierson, Vilnius newsroom + 370 2 22 35 18</p>
</text>
<copyright>(c) Reuters Limited 1997</copyright>
<metadata>
<codes class="bip:countries:1.0">
  <code code="LITH">
    <editdetail attribution="Reuters BIP Coding Group" action="confirmed" date="1997-07-01"/>
  </code>
</codes>
<codes class="bip:industries:1.0">
  <code code="I81402">
    <editdetail attribution="Reuters BIP Coding Group" action="confirmed" date="1997-07-01"/>
  </code>
</codes>
<codes class="bip:topics:1.0">
  <code code="C17">
    <editdetail attribution="Reuters BIP Coding Group" action="confirmed" date="1997-07-01"/>
  </code>
  <code code="C171">
    <editdetail attribution="Reuters BIP Coding Group" action="confirmed" date="1997-07-01"/>
  </code>
  <code code="CCAT">
    <editdetail attribution="Reuters BIP Coding Group" action="confirmed" date="1997-07-01"/>
  </code>
</codes>
<dc element="dc.date.created" value="1997-07-01"/>
<dc element="dc.publisher" value="Reuters Holdings Plc"/>
<dc element="dc.date.published" value="1997-07-01"/>
<dc element="dc.source" value="Reuters"/>
<dc element="dc.creator.location" value="VILNIUS"/>
<dc element="dc.creator.location.country.name" value="LITHUANIA"/>
<dc element="dc.source" value="Reuters"/>
</metadata>
</newsitem>
