<?xml version="1.0" encoding="iso-8859-1" ?>
<newsitem itemid="698215" id="root" date="1997-07-01" xml:lang="en">
<title>UK: TENNIS-WRITTEN-OFF SANCHEZ VICARIO HITS FORM ON GRASS.</title>
<headline>TENNIS-WRITTEN-OFF SANCHEZ VICARIO HITS FORM ON GRASS.</headline>
<byline>Clare Lovell</byline>
<dateline>LONDON 1997-07-01</dateline>
<text>
<p>Aranxta Sanchez Vicario was writing herself off earlier this year and the Wimbledon bookmakers agreed with her.</p>
<p>After some miserable results and no tournament wins for a year, the normally exuberant Spaniard had lost her motivation and was slipping down the rankings.</p>
<p>&quot;Every athlete goes through a tough moment and it's been very hard,&quot; she said after displaying all her old vigour and skill against Mary Pierce on Tuesday to reach the Wimbledon quarter-finals.</p>
<p>Although she had been runner-up here the past two years and champion Steffi Graf is out through injury, some bookmakers priced her at an outsider's 20-1 before the tournament. She is now a 9-2 chance.</p>
<p>They had not reckoned on Sanchez Vicario's indomitable spirit and the influence of her close family back in Barcelona.</p>
<p>It was brother Emilio, a former top 20 player in his own right, who took over as her coach in March and badgered and cajoled her on to the tennis court when she did not feel like training, helping her shots and boosting her confidence.</p>
<p>&quot;Working with my brother helped a lot,&quot; she said. &quot;He's the person who knows me best and he helped me to come back and start practising again strong and hard.</p>
<p>&quot;He gave me my motivation back and made me start pushing myself and believing in myself and working hard,&quot; she added.</p>
<p>The 25-year-old Spaniard has come back in style.</p>
<p>She reached the final of the pre-Wimbledon Eastbourne tournament, which was rained off.</p>
<p>And she has dropped only 13 games in four rounds on her way to the Wimbledon quarter-finals. She blew away Pierce, seeded nine to her eight, 6-1 6-3 in 57 minutes.</p>
<p>&quot;I could have won easier than 6-3 in the second set,&quot; she said. &quot;I didn't let her come into the match at all.&quot;</p>
<p>The busy Spaniard, brought up on Iberian clay, buzzed about the baseline, ran down every ball, and even attacked the net, something she has learned to do in 11 appearances at Wimbledon.</p>
<p>After turning professional before her 14th birthday, becoming the youngest French Open champion at the age of 17 in 1989 and reaching 11 Grand Slam finals, Sanchez Vicario should perhaps have been expected to hit a bad patch sooner or later.</p>
<p>Unluckily for her opponents it looks as though the patch may be over already.</p>
</text>
<copyright>(c) Reuters Limited 1997</copyright>
<metadata>
<codes class="bip:countries:1.0">
  <code code="SPAIN">
    <editdetail attribution="Reuters BIP Coding Group" action="confirmed" date="1997-07-01"/>
  </code>
  <code code="UK">
    <editdetail attribution="Reuters BIP Coding Group" action="confirmed" date="1997-07-01"/>
  </code>
</codes>
<codes class="bip:topics:1.0">
  <code code="GCAT">
    <editdetail attribution="Reuters BIP Coding Group" action="confirmed" date="1997-07-01"/>
  </code>
  <code code="GSPO">
    <editdetail attribution="Reuters BIP Coding Group" action="confirmed" date="1997-07-01"/>
  </code>
</codes>
<dc element="dc.date.created" value="1997-07-01"/>
<dc element="dc.publisher" value="Reuters Holdings Plc"/>
<dc element="dc.date.published" value="1997-07-01"/>
<dc element="dc.source" value="Reuters"/>
<dc element="dc.creator.location" value="LONDON"/>
<dc element="dc.creator.location.country.name" value="UK"/>
<dc element="dc.source" value="Reuters"/>
</metadata>
</newsitem>
