<?xml version="1.0" encoding="iso-8859-1" ?>
<newsitem itemid="698283" id="root" date="1997-07-01" xml:lang="en">
<title>LITHUANIA: C.BANK WILL SEEK BANKRUPTCY FOR TAURAS BANK.</title>
<headline>C.BANK WILL SEEK BANKRUPTCY FOR TAURAS BANK.</headline>
<dateline>VILNIUS 1997-07-01</dateline>
<text>
<p>Lithuania's central bank said on Tuesday that it would seek to have bankruptcy proceedings launched against the insolvent Tauras Bank.  </p>
<p>&quot;The board of the bank of Lithuania...has decided to apply to the Vilnius district court to initiate bankruptcy procedures for the insolvent Tauras Bank,&quot; the central bank said in a statement.</p>
<p>The central bank said Tauras Bank was insolvent and that its net assets were less than its liabilities by 39.56 million litas.</p>
<p>The central bank removed the board of Tauras Bank last month and imposed restrictions on most of its activities after it ran into liquidity problems.</p>
<p>The bank's president, Genadijus Konopliovas, was found dead on June 23 with a bullet wound to the head in what police suspect was a suicide.</p>
<p>Konopliovas was one of the main owners of the bank.</p>
<p>Tauras Bank admitted last month that it was having serious liquidity problems and was pinning its hopes on a 40 million litas share issue.</p>
<p>-- Burton Frierson, Vilnius newsroom + 370 2 22 35 18</p>
</text>
<copyright>(c) Reuters Limited 1997</copyright>
<metadata>
<codes class="bip:countries:1.0">
  <code code="LITH">
    <editdetail attribution="Reuters BIP Coding Group" action="confirmed" date="1997-07-01"/>
  </code>
</codes>
<codes class="bip:industries:1.0">
  <code code="I81402">
    <editdetail attribution="Reuters BIP Coding Group" action="confirmed" date="1997-07-01"/>
  </code>
</codes>
<codes class="bip:topics:1.0">
  <code code="C16">
    <editdetail attribution="Reuters BIP Coding Group" action="confirmed" date="1997-07-01"/>
  </code>
  <code code="CCAT">
    <editdetail attribution="Reuters BIP Coding Group" action="confirmed" date="1997-07-01"/>
  </code>
</codes>
<dc element="dc.date.created" value="1997-07-01"/>
<dc element="dc.publisher" value="Reuters Holdings Plc"/>
<dc element="dc.date.published" value="1997-07-01"/>
<dc element="dc.source" value="Reuters"/>
<dc element="dc.creator.location" value="VILNIUS"/>
<dc element="dc.creator.location.country.name" value="LITHUANIA"/>
<dc element="dc.source" value="Reuters"/>
</metadata>
</newsitem>
