<?xml version="1.0" encoding="iso-8859-1" ?>
<newsitem itemid="698230" id="root" date="1997-07-01" xml:lang="en">
<title>BRAZIL: SOCCER-RONALDO TO STAR IN SOAP OPERA.</title>
<headline>SOCCER-RONALDO TO STAR IN SOAP OPERA.</headline>
<dateline>RIO DE JANEIRO 1997-07-01</dateline>
<text>
<p>Brazilian soccer idol Ronaldo is to star in a Brazilian soap opera in a role in which he falls in love with his real-life actress girlfriend Suzana Werner, a Globo Television spokesman said on Tuesday.</p>
<p>&quot;Ronaldo will play the part of a female soccer team coach and Suzana is one of the players on the team,&quot; the spokesman said. &quot;Of course, the two fall in love.&quot;</p>
<p>Ronaldo, the world footballer of the year, will be appearing in mid-July in three episodes of the &quot;Malhacao&quot; (Workout) early evening soap opera which revolves around a sports centre, the spokesman said.</p>
<p>Globo Television would not reveal how much it was paying the soccer star for his acting escapade.</p>
<p>Ronaldo, 20, is currently involved in a dispute between his Spanish club Barcelona and Italy's Internazionale over which team he will play for next season.</p>
</text>
<copyright>(c) Reuters Limited 1997</copyright>
<metadata>
<codes class="bip:countries:1.0">
  <code code="BRAZ">
    <editdetail attribution="Reuters BIP Coding Group" action="confirmed" date="1997-07-01"/>
  </code>
</codes>
<codes class="bip:topics:1.0">
  <code code="GCAT">
    <editdetail attribution="Reuters BIP Coding Group" action="confirmed" date="1997-07-01"/>
  </code>
  <code code="GSPO">
    <editdetail attribution="Reuters BIP Coding Group" action="confirmed" date="1997-07-01"/>
  </code>
</codes>
<dc element="dc.date.created" value="1997-07-01"/>
<dc element="dc.publisher" value="Reuters Holdings Plc"/>
<dc element="dc.date.published" value="1997-07-01"/>
<dc element="dc.source" value="Reuters"/>
<dc element="dc.creator.location" value="RIO DE JANEIRO"/>
<dc element="dc.creator.location.country.name" value="BRAZIL"/>
<dc element="dc.source" value="Reuters"/>
</metadata>
</newsitem>
