<?xml version="1.0" encoding="iso-8859-1" ?>
<newsitem itemid="698263" id="root" date="1997-07-01" xml:lang="en">
<title>ROMANIA: RADIO ROMANIA AFTERNOON HEADLINES AT 1 PM.</title>
<headline>RADIO ROMANIA AFTERNOON HEADLINES AT 1 PM.</headline>
<dateline>BUCHAREST 1997-07-01</dateline>
<text>
<p>Radio Romania news headlines:</p>
<p>* The Romanian parliament on Tuesday started debates in an extraordinary session scheduled to last until July 10.</p>
<p>* Parliament's upper Senate resumed debates on changes to the law on organisation of the juridical system.</p>
<p>* The lower Chamber of Deputies started debates on a health insurance bill vital for Romania's plans to restructure the sector and provide improved health services.</p>
<p>* Teachers trade unions slammed the government's plans to amend a 1995 education law by decree, instead of submitting the changes to parliament for debates.</p>
<p>* Romania's Supreme Defence Council met on Tuesday to debate restructuring the defence industry and a four-year programme on producing and purchasing military equipment compatible with NATO standards.</p>
<p>* The government's control body warned that no measures had been taken against politicians and MPs who illegally purchased the houses used as official residence during their term in office from 1990 to 1997.</p>
<p>The government should issue a decree to set up official residences for Romanian post-communist dignitaries, the report said.</p>
<p>-- Bucharest Newsroom 40-1 3120264</p>
</text>
<copyright>(c) Reuters Limited 1997</copyright>
<metadata>
<codes class="bip:countries:1.0">
  <code code="ROM">
    <editdetail attribution="Reuters BIP Coding Group" action="confirmed" date="1997-07-01"/>
  </code>
</codes>
<codes class="bip:topics:1.0">
  <code code="GCAT">
    <editdetail attribution="Reuters BIP Coding Group" action="confirmed" date="1997-07-01"/>
  </code>
</codes>
<dc element="dc.date.created" value="1997-07-01"/>
<dc element="dc.publisher" value="Reuters Holdings Plc"/>
<dc element="dc.date.published" value="1997-07-01"/>
<dc element="dc.source" value="Reuters"/>
<dc element="dc.creator.location" value="BUCHAREST"/>
<dc element="dc.creator.location.country.name" value="ROMANIA"/>
<dc element="dc.source" value="Reuters"/>
</metadata>
</newsitem>
