<?xml version="1.0" encoding="iso-8859-1" ?>
<newsitem itemid="698297" id="root" date="1997-07-01" xml:lang="en">
<title>ALBANIA: ALBANIA POLITICS IN TURMOIL AS LEFT CLAIMS WIN.</title>
<headline>ALBANIA POLITICS IN TURMOIL AS LEFT CLAIMS WIN.</headline>
<byline>Knut Engelmann</byline>
<dateline>TIRANA 1997-07-01</dateline>
<text>
<p>Albania's fragmented political scene was turned on its head after right-leaning President Sali Berisha conceded defeat in a general election at the weekend to his key rivals, the Socialists.</p>
<p>Sunday's poll, the fourth multi-party election since the country emerged from almost half a century of Stalinist isolation in 1990, was endorsed by international observers as &quot;adequate and acceptable&quot;.</p>
<p>Berisha's Democrats have dominated Albanian politics since they swept to power in 1992. The party won a crushing majority in last year's general election widely considered as flawed.</p>
<p>The Socialists, led by Fatos Nano who was released from prison only three months ago, claimed even before the first official results came trickling in that they had won almost two-thirds of seats in the new parliament.</p>
<p>Unusually frequent volleys of gunfire broke out around central Tirana late on Monday, despite a 10 p.m. to 5 a.m curfew, lifted only for election day, still being in force.</p>
<p>A Reuter correspondent saw armoured vehicles, police vans and ambulances pass through the square, but there were no immediate reports of casualties.</p>
<p>The interior ministry maintained a ban on demonstrations in Tirana pending publication of results but an authorised Socialist rally was scheduled for Tuesday in Tirana.</p>
<p>Emergency measures were imposed on March 2, at the height of a wave of violence sparked by the collapse of shady investment schemes which has left at least 1,500 people dead.</p>
<p>Celebratory gunfire also resounded throughout the country's anarchic south, focus of the armed unrest. An Italian soldier, part of the multinational protection force despatched to help restore order, was badly wounded in shooting in the Adriatic port of Vlore and was flown to Italy for emergency treatment.</p>
<p>Berisha appeared to confirm early reports of a crushing Socialist victory, but said nothing about quitting.</p>
<p>&quot;Albanian voters yesterday seemingly voted that the Democratic Party should be in opposition. On this occasion I would like to express my deepest gratitude to those hundreds and thousands of Albanians...who supported the Democratic Party,&quot; a relaxed-looking Berisha said on state television.</p>
<p>He urged members and sympathisers of his party &quot;to treat yesterday's verdict with courage and dignity.&quot;</p>
<p>Democratic Party chairman Tritan Shehu said: &quot;He has not resigned for the moment. But it all depends on him now.&quot;</p>
<p>Catherine Lalumiere, the top official observing the election under the auspices of the Organisation for Security and Cooperation in Europe (OSCE), said the vote had showed Albanians' desire for a democratic future despite minor flaws.</p>
<p>&quot;We believe therefore that we can say that the elections can be considered as adequate and acceptable,&quot; she said. &quot;The result of these elections can be the foundation for a stable, democratic system, which Albanians want and deserve.&quot;</p>
<p>The OSCE, together with other European and U.S. observers, monitored Sunday's first round of the election. The head of the OSCE mission, former Austrian Chancellor Franz Vranitzky, was due in Albania for talks with political leaders on Tuesday.</p>
<p>Albania's election commission announced official returns in 11 of the country's 115 constituencies -- seven captured by Socialists and their allies and four going to run-off rounds next week after none of the candidates cleared 50 percent.</p>
<p>Election officials had already announced Socialist victories in some southern regions.</p>
<p>A two-thirds majority would be enough to remove a head of state by parliamentary vote. Berisha has hinted on several occasions that he would quit if the left came to power.</p>
</text>
<copyright>(c) Reuters Limited 1997</copyright>
<metadata>
<codes class="bip:countries:1.0">
  <code code="ALB">
    <editdetail attribution="Reuters BIP Coding Group" action="confirmed" date="1997-07-01"/>
  </code>
</codes>
<codes class="bip:topics:1.0">
  <code code="GCAT">
    <editdetail attribution="Reuters BIP Coding Group" action="confirmed" date="1997-07-01"/>
  </code>
  <code code="GPOL">
    <editdetail attribution="Reuters BIP Coding Group" action="confirmed" date="1997-07-01"/>
  </code>
  <code code="GVOTE">
    <editdetail attribution="Reuters BIP Coding Group" action="confirmed" date="1997-07-01"/>
  </code>
</codes>
<dc element="dc.date.created" value="1997-07-01"/>
<dc element="dc.publisher" value="Reuters Holdings Plc"/>
<dc element="dc.date.published" value="1997-07-01"/>
<dc element="dc.source" value="Reuters"/>
<dc element="dc.creator.location" value="TIRANA"/>
<dc element="dc.creator.location.country.name" value="ALBANIA"/>
<dc element="dc.source" value="Reuters"/>
</metadata>
</newsitem>
