<?xml version="1.0" encoding="iso-8859-1" ?>
<newsitem itemid="698233" id="root" date="1997-07-01" xml:lang="en">
<title>USA: TENNIS-DAVENPORT, MARY JOE FERNANDEZ HEAD U.S. FED CUP TEAM.</title>
<headline>TENNIS-DAVENPORT, MARY JOE FERNANDEZ HEAD U.S. FED CUP TEAM.</headline>
<dateline>WHITE PLAINS, New York 1997-07-01</dateline>
<text>
<p>U.S. captain Martina Navratilova on Tuesday named Lindsay Davenport, Mary Joe Fernandez, Kimberly Po and Lisa Raymond to the Fed Cup team that will take on Japan later this month in a playoff for a place in next year's World Group.</p>
<p>The United States and Japan will meet July 12-13 at the Longwood Cricket Club outside Boston for the right to remain in World Group I and compete for the 1998 Fed Cup.</p>
<p>&quot;This is probably the strongest team we could have,&quot; said Navratilova, in her first year as U.S. captain.</p>
<p>&quot;Lindsay Davenport on a hard court is one of the best players in the world, as she proved last year by winning the Olympics,&quot; Navratilova said. &quot;Mary Joe is at the top of her game, and at number 14 in the world, so is Kim Po. Lisa is an excellent singles player and is incredible in doubles.&quot;</p>
<p>The United States won the Fed Cup in 1996 but was stunned in the first round by the Netherlands 3-2 in March, leaving the Americans needing a win in the playoff to remain in the competition's top echelon.</p>
<p>Japan was forced into the playoff situation after being knocked out in the first round by France, 4-1.</p>
</text>
<copyright>(c) Reuters Limited 1997</copyright>
<metadata>
<codes class="bip:countries:1.0">
  <code code="JAP">
    <editdetail attribution="Reuters BIP Coding Group" action="confirmed" date="1997-07-01"/>
  </code>
  <code code="USA">
    <editdetail attribution="Reuters BIP Coding Group" action="confirmed" date="1997-07-01"/>
  </code>
</codes>
<codes class="bip:topics:1.0">
  <code code="GCAT">
    <editdetail attribution="Reuters BIP Coding Group" action="confirmed" date="1997-07-01"/>
  </code>
  <code code="GSPO">
    <editdetail attribution="Reuters BIP Coding Group" action="confirmed" date="1997-07-01"/>
  </code>
</codes>
<dc element="dc.date.created" value="1997-07-01"/>
<dc element="dc.publisher" value="Reuters Holdings Plc"/>
<dc element="dc.date.published" value="1997-07-01"/>
<dc element="dc.source" value="Reuters"/>
<dc element="dc.creator.location" value="WHITE PLAINS, New York"/>
<dc element="dc.creator.location.country.name" value="USA"/>
<dc element="dc.source" value="Reuters"/>
</metadata>
</newsitem>
