<?xml version="1.0" encoding="iso-8859-1" ?>
<newsitem itemid="698267" id="root" date="1997-07-01" xml:lang="en">
<title>LATVIA: NOON RADIO HEADLINES - JULY 1.</title>
<headline>NOON RADIO HEADLINES - JULY 1.</headline>
<dateline>RIGA 1997-07-01</dateline>
<text>
<p>These are the main headlines of the news reported by Radio Latvia on Tuesday at noon. Reuters has not verified these reports and cannot vouch for their accuracy.</p>
<p>- Two hotels in the capital Riga have been evacuated after a bomb-scare report received by the police. The Latvija Hotel, the biggest in the country, and Metropole will be closed until 1600.</p>
<p>- PM Andris Shkele accepted the resignation of Agriculture Minister Roberts Dilba following allegations by the prosecutor's office that he violated the anti-corruption law.</p>
<p>- Transport Minister Vilis Krishtopans is still under investigation on similar charges.</p>
<p>- Shkele does not rule out the possibility of his government resigning over what he called a moral crises in the country.</p>
<p>- A Talsi court ruled that the two fire-engine operators involved in the weekend accident which claimed the lives of eight children will not be released from detention for at least two months.</p>
<p>-- Riga newsroom, +371 721 5240</p>
</text>
<copyright>(c) Reuters Limited 1997</copyright>
<metadata>
<codes class="bip:countries:1.0">
  <code code="LATV">
    <editdetail attribution="Reuters BIP Coding Group" action="confirmed" date="1997-07-01"/>
  </code>
</codes>
<codes class="bip:topics:1.0">
  <code code="GCAT">
    <editdetail attribution="Reuters BIP Coding Group" action="confirmed" date="1997-07-01"/>
  </code>
</codes>
<dc element="dc.date.created" value="1997-07-01"/>
<dc element="dc.publisher" value="Reuters Holdings Plc"/>
<dc element="dc.date.published" value="1997-07-01"/>
<dc element="dc.source" value="Reuters"/>
<dc element="dc.creator.location" value="RIGA"/>
<dc element="dc.creator.location.country.name" value="LATVIA"/>
<dc element="dc.source" value="Reuters"/>
</metadata>
</newsitem>
