<?xml version="1.0" encoding="iso-8859-1" ?>
<newsitem itemid="698367" id="root" date="1997-07-01" xml:lang="en">
<title>UK: Lloyd's sets Aviation business unit.</title>
<headline>Lloyd's sets Aviation business unit.</headline>
<dateline>LONDON 1997-07-01</dateline>
<text>
<p>The Lloyd's of London insurance market said on Tuesday it will operate Lloyd's Aviation as a separate business unit to provide loss adjusting and other services to the Lloyd's market and other insurers worldwide.</p>
<p>&quot;The business unit structure is already proving beneficial in terms of awareness of customers' requirements, reducing costs and further improving service standards,&quot; said Lloyd's chief executive Ron Sandler.</p>
<p>-- London Newsroom +44 171 542 7717</p>
</text>
<copyright>(c) Reuters Limited 1997</copyright>
<metadata>
<codes class="bip:countries:1.0">
  <code code="UK">
    <editdetail attribution="Reuters BIP Coding Group" action="confirmed" date="1997-07-01"/>
  </code>
</codes>
<codes class="bip:industries:1.0">
  <code code="I82003">
    <editdetail attribution="Reuters BIP Coding Group" action="confirmed" date="1997-07-01"/>
  </code>
</codes>
<codes class="bip:topics:1.0">
  <code code="C11">
    <editdetail attribution="Reuters BIP Coding Group" action="confirmed" date="1997-07-01"/>
  </code>
  <code code="CCAT">
    <editdetail attribution="Reuters BIP Coding Group" action="confirmed" date="1997-07-01"/>
  </code>
</codes>
<dc element="dc.date.created" value="1997-07-01"/>
<dc element="dc.publisher" value="Reuters Holdings Plc"/>
<dc element="dc.date.published" value="1997-07-01"/>
<dc element="dc.source" value="Reuters"/>
<dc element="dc.creator.location" value="LONDON"/>
<dc element="dc.creator.location.country.name" value="UK"/>
<dc element="dc.source" value="Reuters"/>
</metadata>
</newsitem>
