<?xml version="1.0" encoding="iso-8859-1" ?>
<newsitem itemid="698341" id="root" date="1997-07-01" xml:lang="en">
<title>UK: NWE gasoline rise on back of firmer crude.</title>
<headline>NWE gasoline rise on back of firmer crude.</headline>
<dateline>LONDON 1997-07-01</dateline>
<text>
<p>NWE oil products were mixed on Tuesday, traders said.</p>
<p>Gas oil spreads were steady on good short-term buying, while IPE July gas oil closed $2.50 a tonne firmer at $167.75.</p>
<p>Gasoline rose $3 a tonne on firmer crude and tightness for prompt Rotterdam supply. Barges were talked at $189 fob Rotterdam.</p>
<p>High sulphur fuel oil barges moved up to the highest trading range on Monday, changing hands at $85 fob ARA after earlier trades at $84.75 and $84.50.</p>
</text>
<copyright>(c) Reuters Limited 1997</copyright>
<metadata>
<codes class="bip:countries:1.0">
  <code code="UK">
    <editdetail attribution="Reuters BIP Coding Group" action="confirmed" date="1997-07-01"/>
  </code>
</codes>
<codes class="bip:topics:1.0">
  <code code="M14">
    <editdetail attribution="Reuters BIP Coding Group" action="confirmed" date="1997-07-01"/>
  </code>
  <code code="M143">
    <editdetail attribution="Reuters BIP Coding Group" action="confirmed" date="1997-07-01"/>
  </code>
  <code code="MCAT">
    <editdetail attribution="Reuters BIP Coding Group" action="confirmed" date="1997-07-01"/>
  </code>
</codes>
<dc element="dc.date.created" value="1997-07-01"/>
<dc element="dc.publisher" value="Reuters Holdings Plc"/>
<dc element="dc.date.published" value="1997-07-01"/>
<dc element="dc.source" value="Reuters"/>
<dc element="dc.creator.location" value="LONDON"/>
<dc element="dc.creator.location.country.name" value="UK"/>
<dc element="dc.source" value="Reuters"/>
</metadata>
</newsitem>
