<?xml version="1.0" encoding="iso-8859-1" ?>
<newsitem itemid="698368" id="root" date="1997-07-01" xml:lang="en">
<title>UK: FOCUS-Brazil strike and cold boost coffee prices.</title>
<headline>FOCUS-Brazil strike and cold boost coffee prices.</headline>
<byline>Scott McCormack</byline>
<dateline>LONDON 1997-07-01</dateline>
<text>
<p>World coffee prices leapt nearly three and a half percent on Tuesday as a strike hit one of Brazil's main ports and cold weather approached the country's coffee belt and revived fears in the market of a possible frost.</p>
<p>Elsewhere on the commodity markets, cocoa made a technical push higher to a one-year peak in London and zinc attracted another round of heated speculative buying to reach a fresh 6-3/4 year peak.</p>
<p>Gold, by contrast, continued its recent slump to sink to fresh 4-1/4 year lows in a market awash with pessimism. Bullion ended the session at $333.55 versus $334.45 per ounce on Monday.</p>
<p>A polar air mass posing the greatest frost threat to Brazil's coffee crop so far this year threatened to pass through its major growing areas from the evening of July 5, Brazilian meteorologists forecast.</p>
<p>With the U.S. market closed on Friday for the Fourth of July holiday, the cold weather prompted investors to begin covering exposed short positions in case it proved damaging to crops over the weekend. But some forecasters in the United States have said that although cooler weather was expected it would not bring crop-damaging frost.</p>
<p>Administrative workers at the port of Santos in Brazil announced they would strike indefinitely while unions tried to seal a new collective wage agreement with port officials. The strike has partially paralysed the important commodity port.</p>
<p>Benchmark September robusta coffee futures hit a high of $18.60 a tonne in London before settling back to end the day up $25 at $1,822. Cocoa finished the day up $10 at $1,160 per tonne on the September contract.</p>
<p>A 950-tonne drop in warehouse stocks at the London Metal Exchange helped give zinc prices a boost, in addition to talk of old and poor quality metal being delivered from China to Singapore.</p>
<p>Only two weeks ago zinc was trading around $1,350 per tonne but a bout of supply tightness has pushed the base metal to near seven-year highs. It finished the day at $1,436 per tonne, well up from its earlier level of $1,418.</p>
<p>On the grain markets, soybeans fell further in Chicago after a bruising selloff on Monday. The sell-off was triggered by a U.S. Department of Agriculture report that put 1997 U.S. soybean acreage well above consensus expectations.</p>
<p>Crude oil firmed on follow-through buying after a recent rally on last week's announced delay in Iraqi oil exports. The country's former oil sale negotiator, Abdul Amir al-Anbari, said on Friday that oil exports may not resume until August.</p>
<p>Benchmark Brent crude futures ended the day up 21 cents in London at $18.72</p>
<p>Some key prices at 1615 GMT.</p>
<p>						    Tuesday    Monday</p>
<p>Ldn Spot Gold($ per ounce)		   333.55    334.45</p>
<p>IPE Brent Crude Oil (Aug)		     18.72     18.51</p>
<p>London Metal Exchange (3 mths delivery)</p>
<p> Copper ($ per tonne)			2,392.50  2,422.00</p>
<p> Aluminium ($ per tonne)		   1,606.00  1,598.00</p>
<p>LIFFE</p>
<p>Robusta Coffee ($/tonne) (Sep)	   1,822.00  1,797.00</p>
<p>Cocoa (Stg/tonne) (Sep)		    1,160.00  1,150.00</p>
<p>White Sugar ($/tonne Aug)		    322.40    320.20</p>
<p>Chicago Board of Trade Wheat Jul($/bushel) 3.25	3.23</p>
</text>
<copyright>(c) Reuters Limited 1997</copyright>
<metadata>
<codes class="bip:countries:1.0">
  <code code="UK">
    <editdetail attribution="Reuters BIP Coding Group" action="confirmed" date="1997-07-01"/>
  </code>
</codes>
<codes class="bip:topics:1.0">
  <code code="M14">
    <editdetail attribution="Reuters BIP Coding Group" action="confirmed" date="1997-07-01"/>
  </code>
  <code code="M141">
    <editdetail attribution="Reuters BIP Coding Group" action="confirmed" date="1997-07-01"/>
  </code>
  <code code="M142">
    <editdetail attribution="Reuters BIP Coding Group" action="confirmed" date="1997-07-01"/>
  </code>
  <code code="M143">
    <editdetail attribution="Reuters BIP Coding Group" action="confirmed" date="1997-07-01"/>
  </code>
  <code code="MCAT">
    <editdetail attribution="Reuters BIP Coding Group" action="confirmed" date="1997-07-01"/>
  </code>
</codes>
<dc element="dc.date.created" value="1997-07-01"/>
<dc element="dc.publisher" value="Reuters Holdings Plc"/>
<dc element="dc.date.published" value="1997-07-01"/>
<dc element="dc.source" value="Reuters"/>
<dc element="dc.creator.location" value="LONDON"/>
<dc element="dc.creator.location.country.name" value="UK"/>
<dc element="dc.source" value="Reuters"/>
</metadata>
</newsitem>
