<?xml version="1.0" encoding="iso-8859-1" ?>
<newsitem itemid="698384" id="root" date="1997-07-01" xml:lang="en">
<title>SOUTH AFRICA: S.African June government financing 8.04 bln rand.</title>
<headline>S.African June government financing 8.04 bln rand.</headline>
<dateline>JOHANNESBURG 1997-07-01</dateline>
<text>
<p>South African government financing totalled 8.04 billion rand in June, bringing total financing to 18.4 billion rand so far this year -- half of government's budgeted financing plans for the whole fiscal year.</p>
<p>The Finance Department said in a statement that financing of 2.59 billion rand was obtained through the issue of government bonds, while short-term loans increased by 1.28 billion rand.</p>
<p>An amount of 3.82 billion rand was received as foreign loans, while 345.3 million rand was transferred from the IMF Account at the Reserve Bank to the Exchequer account.</p>
<p>				 Jun '97   Apr-June '97  Budget</p>
<p>								 1997/98</p>
<p>(Rand million)</p>
<p>Government bonds	   2,481.3    8,358.9	27,002.0</p>
<p>* Amortised interest</p>
<p>on zero coupon bonds	 104.5	342.7	   700.0</p>
<p>Short-term (net)</p>
<p>    Tender Bills	     938.0    1,738.0	 2,000.0</p>
<p>Corporation for</p>
<p>    Public Deposits	  342.7    1,374.1	     0.0</p>
<p>Foreign loans		3,823.8    3,823.8	 4,000.0</p>
<p>Transfer from IMF	    345.3	345.3	 1,381.2</p>
<p>Proceeds from sale of</p>
<p>state assets		     0.0    1,165.4	   516.0</p>
<p>Transfer from Strategic</p>
<p>Fuel Fund			  0.0    1,250.0	 1,250.0</p>
<p>				--------   --------	--------</p>
<p>Total financing	    8,035.6   18,398.2	36,849.2</p>
<p>				--------   --------	--------</p>
<p>* The discount on zero coupon bonds is treated on an accrual basis. The discount is written off over the life of the loan and provided for annually as interest expenditure. At the same time a corresponding amount is added to new loans received by the Exchequer.</p>
<p>Government bonds to the amount of 783.4 million rand were redeemed from April to June 1997, the statement said.</p>
<p>-- Johannesburg newsroom +27 11 482-1003</p>
</text>
<copyright>(c) Reuters Limited 1997</copyright>
<metadata>
<codes class="bip:countries:1.0">
  <code code="SAFR">
    <editdetail attribution="Reuters BIP Coding Group" action="confirmed" date="1997-07-01"/>
  </code>
</codes>
<codes class="bip:topics:1.0">
  <code code="E21">
    <editdetail attribution="Reuters BIP Coding Group" action="confirmed" date="1997-07-01"/>
  </code>
  <code code="E211">
    <editdetail attribution="Reuters BIP Coding Group" action="confirmed" date="1997-07-01"/>
  </code>
  <code code="ECAT">
    <editdetail attribution="Reuters BIP Coding Group" action="confirmed" date="1997-07-01"/>
  </code>
</codes>
<dc element="dc.date.created" value="1997-07-01"/>
<dc element="dc.publisher" value="Reuters Holdings Plc"/>
<dc element="dc.date.published" value="1997-07-01"/>
<dc element="dc.source" value="Reuters"/>
<dc element="dc.creator.location" value="JOHANNESBURG"/>
<dc element="dc.creator.location.country.name" value="SOUTH AFRICA"/>
<dc element="dc.source" value="Reuters"/>
</metadata>
</newsitem>
