<?xml version="1.0" encoding="iso-8859-1" ?>
<newsitem itemid="698309" id="root" date="1997-07-01" xml:lang="en">
<title>UK: Rugby-Guscott withdraws from Lions test against Au.</title>
<headline>Rugby-Guscott withdraws from Lions test against Au.</headline>
<dateline>LONDON 1997-07-01</dateline>
<text>
<p>stralia</p>
<p>British Lions centre Jeremy Guscott withdrew on Tuesday from England's test squad to play Australia on July 12.</p>
<p>Guscott, who kicked the drop goal which clinched the Lions' 18-15 win over South Africa in Saturday's second test in Durban, has decided to return home to see his new-born daughter Shaskia.</p>
<p>Uncapped Northampton centre Matt Allen replaces him.</p>
</text>
<copyright>(c) Reuters Limited 1997</copyright>
<metadata>
<codes class="bip:countries:1.0">
  <code code="AUSTR">
    <editdetail attribution="Reuters BIP Coding Group" action="confirmed" date="1997-07-01"/>
  </code>
  <code code="SAFR">
    <editdetail attribution="Reuters BIP Coding Group" action="confirmed" date="1997-07-01"/>
  </code>
  <code code="UK">
    <editdetail attribution="Reuters BIP Coding Group" action="confirmed" date="1997-07-01"/>
  </code>
</codes>
<codes class="bip:topics:1.0">
  <code code="GCAT">
    <editdetail attribution="Reuters BIP Coding Group" action="confirmed" date="1997-07-01"/>
  </code>
  <code code="GSPO">
    <editdetail attribution="Reuters BIP Coding Group" action="confirmed" date="1997-07-01"/>
  </code>
</codes>
<dc element="dc.date.created" value="1997-07-01"/>
<dc element="dc.publisher" value="Reuters Holdings Plc"/>
<dc element="dc.date.published" value="1997-07-01"/>
<dc element="dc.source" value="Reuters"/>
<dc element="dc.creator.location" value="LONDON"/>
<dc element="dc.creator.location.country.name" value="UK"/>
<dc element="dc.source" value="Reuters"/>
</metadata>
</newsitem>
