<?xml version="1.0" encoding="iso-8859-1" ?>
<newsitem itemid="698391" id="root" date="1997-07-01" xml:lang="en">
<title>SOMALIA: Somali chief vows doctor's killers will be caught.</title>
<headline>Somali chief vows doctor's killers will be caught.</headline>
<dateline>MOGADISHU 1997-07-01</dateline>
<text>
<p>Somali faction leader Hussein Aideed promised on Tuesday that the killers of a Portuguese doctor shot dead in a hospital in the southern town of Baidoa would be caught.</p>
<p>In a speech marking Somalia's 37th anniversary of independence, Aideed said the killing of aid workers damaged the peace process and international efforts to help the Somali people.</p>
<p>&quot;I promise those behind the killing of Dr Rocardo Marques will be apprehended,&quot; Aideed told thousands of people at a stadium in southern Mogadishu, the faction leader's power base.</p>
<p>Marques, 35, who worked for the international medical agency Medecins sans Frontieres (MSF) (Doctors without Frontiers), was shot dead on June 20 in a hospital in Baidoa controlled by Aideed's forces. Seven aid workers were evacuated from the town after the murder.</p>
<p>Somalia has had no central government since the fall of late dictator Siad Barre in 1991. Rival faction leaders then turned their guns on each other, fuelling a famine that killed 300,000 people.</p>
<p>Aid agencies have demanded Aideed and other faction leaders live up to their promises to safeguard foreign aid workers in the Horn of Africa country before aid operations are increased.</p>
<p>Independence Day celebrations in north Mogadishu were marred by the assassination of a member of the central committee of faction leader Ali Mahdi Mohamed's coalition.</p>
<p>Abdullahi Haji Mohamed Afjirib was gunned down by three men wearing masks and firing assault rifles as he sat at a cafe drinking coffee, witnesses said. Two other people were killed and one was wounded.</p>
<p>Aideed was elected president by supporters in August last year following the death of his father, Mohamed Farah Aideed.</p>
<p>Ali Mahdi, who is based in north Mogadishu and also claims the title of president, and his allies refuse to accept Aideed's rule.</p>
</text>
<copyright>(c) Reuters Limited 1997</copyright>
<metadata>
<codes class="bip:countries:1.0">
  <code code="SOMAL">
    <editdetail attribution="Reuters BIP Coding Group" action="confirmed" date="1997-07-01"/>
  </code>
</codes>
<codes class="bip:topics:1.0">
  <code code="GCAT">
    <editdetail attribution="Reuters BIP Coding Group" action="confirmed" date="1997-07-01"/>
  </code>
  <code code="GCRIM">
    <editdetail attribution="Reuters BIP Coding Group" action="confirmed" date="1997-07-01"/>
  </code>
  <code code="GPOL">
    <editdetail attribution="Reuters BIP Coding Group" action="confirmed" date="1997-07-01"/>
  </code>
</codes>
<dc element="dc.date.created" value="1997-07-01"/>
<dc element="dc.publisher" value="Reuters Holdings Plc"/>
<dc element="dc.date.published" value="1997-07-01"/>
<dc element="dc.source" value="Reuters"/>
<dc element="dc.creator.location" value="MOGADISHU"/>
<dc element="dc.creator.location.country.name" value="SOMALIA"/>
<dc element="dc.source" value="Reuters"/>
</metadata>
</newsitem>
