<?xml version="1.0" encoding="iso-8859-1" ?>
<newsitem itemid="698303" id="root" date="1997-07-01" xml:lang="en">
<title>LATVIA: LATVIAN C.BANK OKAYS HANSABANK-LATVIJA CAPITAL BOOST.</title>
<headline>LATVIAN C.BANK OKAYS HANSABANK-LATVIJA CAPITAL BOOST.</headline>
<dateline>RIGA 1997-07-01</dateline>
<text>
<p>Hansabank-Latvija, a subsidiary of leading Estonian bank Hansapank, said on Tuesday that the Latvian central bank had approved its capital boost to six million lats from 4.5 million lats.  </p>
<p>The bank said in a statement that the increase was raised through a new share issue. The nominal value of each share is one lat.</p>
<p>The new shares will start receiving dividends from July 1.</p>
<p>&quot;The capital boost was necessary for continued successful development of the bank's activities...in order to increase its ability to compete and attract clients both in Latvia and abroad,&quot; the statement said.</p>
<p>The statement added that the central bank gave its approval on June 19.</p>
<p>-- Ed Stoddard, Riga newsroom +371 721 52 40</p>
</text>
<copyright>(c) Reuters Limited 1997</copyright>
<metadata>
<codes class="bip:countries:1.0">
  <code code="ESTNIA">
    <editdetail attribution="Reuters BIP Coding Group" action="confirmed" date="1997-07-01"/>
  </code>
  <code code="LATV">
    <editdetail attribution="Reuters BIP Coding Group" action="confirmed" date="1997-07-01"/>
  </code>
</codes>
<codes class="bip:industries:1.0">
  <code code="I81402">
    <editdetail attribution="Reuters BIP Coding Group" action="confirmed" date="1997-07-01"/>
  </code>
</codes>
<codes class="bip:topics:1.0">
  <code code="C17">
    <editdetail attribution="Reuters BIP Coding Group" action="confirmed" date="1997-07-01"/>
  </code>
  <code code="C171">
    <editdetail attribution="Reuters BIP Coding Group" action="confirmed" date="1997-07-01"/>
  </code>
  <code code="CCAT">
    <editdetail attribution="Reuters BIP Coding Group" action="confirmed" date="1997-07-01"/>
  </code>
</codes>
<dc element="dc.date.created" value="1997-07-01"/>
<dc element="dc.publisher" value="Reuters Holdings Plc"/>
<dc element="dc.date.published" value="1997-07-01"/>
<dc element="dc.source" value="Reuters"/>
<dc element="dc.creator.location" value="RIGA"/>
<dc element="dc.creator.location.country.name" value="LATVIA"/>
<dc element="dc.source" value="Reuters"/>
</metadata>
</newsitem>
