<?xml version="1.0" encoding="iso-8859-1" ?>
<newsitem itemid="698414" id="root" date="1997-07-01" xml:lang="en">
<title>ZIMBABWE: Zimbabwe to bar foreigners from owning land.</title>
<headline>Zimbabwe to bar foreigners from owning land.</headline>
<byline>Cris Chinaka</byline>
<dateline>HARARE 1997-07-01</dateline>
<text>
<p>Zimbabwean President Robert Mugabe said on Tuesday he would soon expand a controversial land acquisition law to include an agricultural tax and bar foreigners and companies from owning land.</p>
<p>In an address to a new session of the parliament of Zimbabwe, Mugabe also said his 17-year-old government would, in the coming year, sub-divide large-scale farms into small commercial holdings to enable easy entry of the country's black majority into commercial agriculture.</p>
<p>Mugabe's government has acquired about three million hectares of land, mostly from white commercial farmers, since 1992 under a controversial Land Acquisition Act that allows it to forcibly buy farms to resettle landless black peasants.</p>
<p>Zimbabwean whites, who ruled the southern African state before independence in 1980, occupy most of the fertile land but some of the land they were forced to surrender for the peasant resettlement scheme is now being leased by leading state officials, including cabinet ministers.</p>
<p>On Tuesday Mugabe said his government still intended to buy over five million more hectares to fulfill its resettlement plans.</p>
<p>&quot;In the area of agrarian reform, the government will implement the recommendations of the Land Tenure Commission by introducing a new Land Act which will encompass a number of existing acts pertaining to land,&quot; he told the 150-member parliament in which his ruling ZANU-PF party occupies 147 seats.</p>
<p>&quot;The new act will provide for the agricultural land tax and regulations that pertain to minimum farm sizes, adoption of one-man one-farm concept and the prohibition of ownership of land by foreigners and companies,&quot; he added, giving no further details.</p>
<p>Agriculture is one of the key pillars of Zimbabwe's economy, contributing an annual average of about 20 percent to its gross domestic product (GDP).</p>
<p>Mugabe has over the years bulldozed controversial policies in the farming sector, dismissing arguments that they were slowly damaging the economy on grounds that the measures were meant to benefit the country's majority poor blacks.</p>
<p>Some of the measures have included a 10 percent levy on tobacco, of which Zimbabwe is the second largest exporter after Brazil.</p>
<p>Mugabe said on Tuesday earnings from agricultural exports would rise by 27 percent to Z$13.5 billion (U.S.$1.2 billion) this year following a good rainy season (November-April), and help consolidate its reform plans. $1 = Z$11.39</p>
</text>
<copyright>(c) Reuters Limited 1997</copyright>
<metadata>
<codes class="bip:countries:1.0">
  <code code="ZIMBAB">
    <editdetail attribution="Reuters BIP Coding Group" action="confirmed" date="1997-07-01"/>
  </code>
</codes>
<codes class="bip:industries:1.0">
  <code code="I01001">
    <editdetail attribution="Reuters BIP Coding Group" action="confirmed" date="1997-07-01"/>
  </code>
  <code code="I85000">
    <editdetail attribution="Reuters BIP Coding Group" action="confirmed" date="1997-07-01"/>
  </code>
</codes>
<codes class="bip:topics:1.0">
  <code code="C13">
    <editdetail attribution="Reuters BIP Coding Group" action="confirmed" date="1997-07-01"/>
  </code>
  <code code="C18">
    <editdetail attribution="Reuters BIP Coding Group" action="confirmed" date="1997-07-01"/>
  </code>
  <code code="C181">
    <editdetail attribution="Reuters BIP Coding Group" action="confirmed" date="1997-07-01"/>
  </code>
  <code code="C24">
    <editdetail attribution="Reuters BIP Coding Group" action="confirmed" date="1997-07-01"/>
  </code>
  <code code="CCAT">
    <editdetail attribution="Reuters BIP Coding Group" action="confirmed" date="1997-07-01"/>
  </code>
</codes>
<dc element="dc.date.created" value="1997-07-01"/>
<dc element="dc.publisher" value="Reuters Holdings Plc"/>
<dc element="dc.date.published" value="1997-07-01"/>
<dc element="dc.source" value="Reuters"/>
<dc element="dc.creator.location" value="HARARE"/>
<dc element="dc.creator.location.country.name" value="ZIMBABWE"/>
<dc element="dc.source" value="Reuters"/>
</metadata>
</newsitem>
