<?xml version="1.0" encoding="iso-8859-1" ?>
<newsitem itemid="698442" id="root" date="1997-07-01" xml:lang="en">
<title>MALAWI: PRESS DIGEST - Malawi - July 1.</title>
<headline>PRESS DIGEST - Malawi - July 1.</headline>
<dateline>BLANTYRE 1997-07-01</dateline>
<text>
<p>These are the leading stories in the Malawi press on Tuesday.</p>
<p>Reuters has not verified these stories and does not vouch for their accuracy.</p>
<p>- - - -</p>
<p>THE NATION</p>
<p>- Prosecutors, seeking to reopen murder charges against former president Kamuzu Banda for the 1993 murder of three cabinet ministers and a member of parliament, have dropped charges against one of the accused. The case against the man was destroyed by the death of two of the six original defendants after their acquittal in 1995.</p>
<p>- Labour Minister Kaliyoma Phumisa criticised the government's cumbersome process for issuing temporary employment permits to expatriates, saying it had earned Malawi &quot;a bad name&quot;.</p>
<p>- - - -</p>
</text>
<copyright>(c) Reuters Limited 1997</copyright>
<metadata>
<codes class="bip:countries:1.0">
  <code code="MALAW">
    <editdetail attribution="Reuters BIP Coding Group" action="confirmed" date="1997-07-01"/>
  </code>
</codes>
<codes class="bip:topics:1.0">
  <code code="GCAT">
    <editdetail attribution="Reuters BIP Coding Group" action="confirmed" date="1997-07-01"/>
  </code>
</codes>
<dc element="dc.date.created" value="1997-07-01"/>
<dc element="dc.publisher" value="Reuters Holdings Plc"/>
<dc element="dc.date.published" value="1997-07-01"/>
<dc element="dc.source" value="Reuters"/>
<dc element="dc.creator.location" value="BLANTYRE"/>
<dc element="dc.creator.location.country.name" value="MALAWI"/>
<dc element="dc.source" value="Reuters"/>
</metadata>
</newsitem>
