<?xml version="1.0" encoding="iso-8859-1" ?>
<newsitem itemid="698475" id="root" date="1997-07-01" xml:lang="en">
<title>HUNGARY: Hungary o/n rates rise, forint seen steady v basket.</title>
<headline>Hungary o/n rates rise, forint seen steady v basket.</headline>
<text>
<p>0635 GMT - Hungary's overnight interest rates rose on Tuesday as a new two-week reserve period began, dealers said.</p>
<p>* Overnight rates traded at around the one week reverse repo level of 20.25 percent, compared to Monday's close of 18.00 percent and were expected to stay at around that level.</p>
<p>* The forint was expected to open slightly weaker against the dollar, in line with movements of the dollar/mark, and to remain close to the central bank's resistance level.</p>
<p>* The Hungarian unit was seen opening at around 187.50/55 against the dollar, compared with Monday's close of 187.40.</p>
</text>
<copyright>(c) Reuters Limited 1997</copyright>
<metadata>
<codes class="bip:countries:1.0">
  <code code="HUNG">
    <editdetail attribution="Reuters BIP Coding Group" action="confirmed" date="1997-07-01"/>
  </code>
</codes>
<codes class="bip:topics:1.0">
  <code code="M13">
    <editdetail attribution="Reuters BIP Coding Group" action="confirmed" date="1997-07-01"/>
  </code>
  <code code="M131">
    <editdetail attribution="Reuters BIP Coding Group" action="confirmed" date="1997-07-01"/>
  </code>
  <code code="MCAT">
    <editdetail attribution="Reuters BIP Coding Group" action="confirmed" date="1997-07-01"/>
  </code>
</codes>
<dc element="dc.publisher" value="Reuters Holdings Plc"/>
<dc element="dc.date.published" value="1997-07-01"/>
<dc element="dc.source" value="Reuters"/>
<dc element="dc.creator.location.country.name" value="HUNGARY"/>
<dc element="dc.source" value="Reuters"/>
</metadata>
</newsitem>
