<?xml version="1.0" encoding="iso-8859-1" ?>
<newsitem itemid="698406" id="root" date="1997-07-01" xml:lang="en">
<title>NIGERIA: Nigeria's AP wants Chevron field.</title>
<headline>Nigeria's AP wants Chevron field.</headline>
<dateline>LAGOS 1997-07-01</dateline>
<text>
<p>Nigerian oil products marketing company African Petroleum Plc (AP) said on Tuesday it was awaiting official approval to take over a small Chevron Nigeria oilfield.</p>
<p>&quot;We've concluded discussions with Chevron for acquisition of the oilfield and are only waiting for the approval of the oil minister,&quot; company spokesman Segun Adeleke said.</p>
<p>AP, one of the main oil products marketers in the country, was British Petroleum in Nigeria until it was nationalised in the late 1970s during a clash between the then military government and Britain over independence for Zimbabwe.</p>
<p>The name was changed to African Petroleum, now owned 40 percent by the Nigerian government and 60 percent by the Nigerian public.</p>
<p>The acquisition will mark the company's re-entry into the upstream sector of the Nigerian oil industry.</p>
<p>The field it wants is called Ajapa on Chevron's Oil Prospecting Licence (OPL) 90 and it is one of the marginal fields acquired by the Nigerian government from major oil-producing companies last year.</p>
<p>The government plans to re-allocate the marginal fields, which the oil majors regard as uneconomic, to indigenous oil operators for exploitation.</p>
<p>&quot;We want the oilfield as part of our diversification strategies,&quot; Adeleke said.</p>
<p>He said AP was discussing with U.S. firm Huffco International a joint venture partnership to operate the field.</p>
<p>&quot;The approval from the oil minister would determine our relationship with Huffco,&quot; Adeleke said.</p>
<p>--Lagos newsroom +234 1 2630317</p>
</text>
<copyright>(c) Reuters Limited 1997</copyright>
<metadata>
<codes class="bip:countries:1.0">
  <code code="NIGEA">
    <editdetail attribution="Reuters BIP Coding Group" action="confirmed" date="1997-07-01"/>
  </code>
</codes>
<codes class="bip:industries:1.0">
  <code code="I13000">
    <editdetail attribution="Reuters BIP Coding Group" action="confirmed" date="1997-07-01"/>
  </code>
  <code code="I1300003">
    <editdetail attribution="Reuters BIP Coding Group" action="confirmed" date="1997-07-01"/>
  </code>
</codes>
<codes class="bip:topics:1.0">
  <code code="C18">
    <editdetail attribution="Reuters BIP Coding Group" action="confirmed" date="1997-07-01"/>
  </code>
  <code code="C181">
    <editdetail attribution="Reuters BIP Coding Group" action="confirmed" date="1997-07-01"/>
  </code>
  <code code="CCAT">
    <editdetail attribution="Reuters BIP Coding Group" action="confirmed" date="1997-07-01"/>
  </code>
</codes>
<dc element="dc.date.created" value="1997-07-01"/>
<dc element="dc.publisher" value="Reuters Holdings Plc"/>
<dc element="dc.date.published" value="1997-07-01"/>
<dc element="dc.source" value="Reuters"/>
<dc element="dc.creator.location" value="LAGOS"/>
<dc element="dc.creator.location.country.name" value="NIGERIA"/>
<dc element="dc.source" value="Reuters"/>
</metadata>
</newsitem>
