<?xml version="1.0" encoding="iso-8859-1" ?>
<newsitem itemid="698476" id="root" date="1997-07-01" xml:lang="en">
<title>POLAND: Swarzedz says errors in early 96 reports.</title>
<headline>Swarzedz says errors in early 96 reports.</headline>
<dateline>WARSAW 1997-07-01</dateline>
<text>
<p>Polish furniture maker Swarzedz SA said on Tuesday an audit and an internal inspection had shown that the law had been breached in preparing the firm's financial reports for the January-April period in 1996.</p>
<p>Swarzedz said in a statement that it had notified a local prosecutors' office about the finding.</p>
<p>&quot;An audit of the 1996 financial report and an internal control have discovered circumstances that point to breaching of the law in the January-April period, 1996,&quot; the statement said.</p>
<p>The statement contained no further details and company officials were not immediately available for comment.</p>
<p>Swarzedz has said it is forecast to suffer a 4.4 million zloty loss this year on sales of 167.9 million zlotys. In 1996, Swarzedz had 53.9 million zloty loss on sales of 107 million zlotys.</p>
<p>-- Warsaw Newsroom +48 22 653 9700</p>
</text>
<copyright>(c) Reuters Limited 1997</copyright>
<metadata>
<codes class="bip:countries:1.0">
  <code code="POL">
    <editdetail attribution="Reuters BIP Coding Group" action="confirmed" date="1997-07-01"/>
  </code>
</codes>
<codes class="bip:industries:1.0">
  <code code="I46700">
    <editdetail attribution="Reuters BIP Coding Group" action="confirmed" date="1997-07-01"/>
  </code>
</codes>
<codes class="bip:topics:1.0">
  <code code="C12">
    <editdetail attribution="Reuters BIP Coding Group" action="confirmed" date="1997-07-01"/>
  </code>
  <code code="C15">
    <editdetail attribution="Reuters BIP Coding Group" action="confirmed" date="1997-07-01"/>
  </code>
  <code code="C151">
    <editdetail attribution="Reuters BIP Coding Group" action="confirmed" date="1997-07-01"/>
  </code>
  <code code="CCAT">
    <editdetail attribution="Reuters BIP Coding Group" action="confirmed" date="1997-07-01"/>
  </code>
  <code code="GCAT">
    <editdetail attribution="Reuters BIP Coding Group" action="confirmed" date="1997-07-01"/>
  </code>
  <code code="GCRIM">
    <editdetail attribution="Reuters BIP Coding Group" action="confirmed" date="1997-07-01"/>
  </code>
</codes>
<dc element="dc.date.created" value="1997-07-01"/>
<dc element="dc.publisher" value="Reuters Holdings Plc"/>
<dc element="dc.date.published" value="1997-07-01"/>
<dc element="dc.source" value="Reuters"/>
<dc element="dc.creator.location" value="WARSAW"/>
<dc element="dc.creator.location.country.name" value="POLAND"/>
<dc element="dc.source" value="Reuters"/>
</metadata>
</newsitem>
