<?xml version="1.0" encoding="iso-8859-1" ?>
<newsitem itemid="698450" id="root" date="1997-07-01" xml:lang="en">
<title>SOUTH AFRICA: M&amp;R sees 275 mln rand attrib year loss.</title>
<headline>M&amp;R sees 275 mln rand attrib year loss.</headline>
<dateline>JOHANNESBURG 1997-07-01</dateline>
<text>
<p>South African industrial group Murray &amp; Roberts Ltd said on Tuesday that a series of one-off charges was likely to see it post an attributable loss of about 275 million rand for the year to June 30.</p>
<p>But the firm added that it was confident of maintaining its total dividend for the period.  </p>
<p>The firm said in a statement that it had reassessed the impact of future losses on existing property headleases and made a provision of 130 million rand to cover the exposure.</p>
<p>It had also decided to reduce the carrying costs of various operations within Standard Engineering Ltd by 70 million rand.</p>
<p>M&amp;R added that it had reached a settlement with Germany's Siemens AG on a contractual dispute over the supply of wagons to Taiwan's DORTS rapid transport system.</p>
<p>The firm said it had not yet ascribed a value to insurance claims related to the dipute, but that it had made certain provisions on other train contracts.</p>
<p>This would lead to a loss of 300 million rand on major train contracts in the second half of the financial year.</p>
<p>M&amp;R said that its ongoing operations had performed well in the context of a tighter domestic market.</p>
<p>M&amp;R said it had also reviewed its budget and forecasts for the next two financial years. It said it anticipated improvements in trading in 1998 and solid growth and continued cash generation in 1999 and 2000.</p>
<p>-- Johannesburg newsroom +27 11 482 1003</p>
</text>
<copyright>(c) Reuters Limited 1997</copyright>
<metadata>
<codes class="bip:countries:1.0">
  <code code="SAFR">
    <editdetail attribution="Reuters BIP Coding Group" action="confirmed" date="1997-07-01"/>
  </code>
</codes>
<codes class="bip:industries:1.0">
  <code code="I83960">
    <editdetail attribution="Reuters BIP Coding Group" action="confirmed" date="1997-07-01"/>
  </code>
</codes>
<codes class="bip:topics:1.0">
  <code code="C15">
    <editdetail attribution="Reuters BIP Coding Group" action="confirmed" date="1997-07-01"/>
  </code>
  <code code="C152">
    <editdetail attribution="Reuters BIP Coding Group" action="confirmed" date="1997-07-01"/>
  </code>
  <code code="CCAT">
    <editdetail attribution="Reuters BIP Coding Group" action="confirmed" date="1997-07-01"/>
  </code>
</codes>
<dc element="dc.date.created" value="1997-07-01"/>
<dc element="dc.publisher" value="Reuters Holdings Plc"/>
<dc element="dc.date.published" value="1997-07-01"/>
<dc element="dc.source" value="Reuters"/>
<dc element="dc.creator.location" value="JOHANNESBURG"/>
<dc element="dc.creator.location.country.name" value="SOUTH AFRICA"/>
<dc element="dc.source" value="Reuters"/>
</metadata>
</newsitem>
