<?xml version="1.0" encoding="iso-8859-1" ?>
<newsitem itemid="698433" id="root" date="1997-07-01" xml:lang="en">
<title>BOTSWANA: Botswana hopes sales lead to more ivory trade.</title>
<headline>Botswana hopes sales lead to more ivory trade.</headline>
<dateline>GABORONE 1997-07-01</dateline>
<text>
<p>Botswana hopes restricted sales of ivory to Japan will lead to sustainable trade, Commerce and Industry Minister George Kgoroba said.</p>
<p>A world forum on endangered species last month eased a seven-year-old global ban in ivory trade, giving Botswana, Namibia and Zimbabwe conditional approval for sales to Japan of ivory from their &quot;excess&quot; elephant herds.</p>
<p>Kgoroba said Botswana would do everything to abide by rules laid down by the Convention on International Trade in Endangered Species (CITES).</p>
<p>&quot;We will then show the next CITES meeting our track record and apply to trade in our future production,&quot; he told reporters on Monday.</p>
<p>&quot;If poaching increases and leads to illegal trade, we could find ourselves back on Appendix I.&quot;</p>
<p>The 138-member CITES transferred the elephants of the three countries to Appendix II -- a list of endangered species tradeable under control -- from the no-trade Appendix I list.</p>
<p>Under terms of the agreement Botswana would be entitled to sell 25.3 tonnes of raw ivory, Zimbabwe 20 tonnes and Namibia 13.8 tonnes in 1999, under an international reporting and monitoring system.</p>
<p>Kgoroba said his country's ivory would be sold in Japan with the help of the Japanese Ivory Carvers Association.</p>
<p>&quot;We are looking at many alternatives to actually conclude the sale. One is an auction in Japan.&quot;</p>
<p>Zimbabwe, Botswana and Namibia have argued for trade in elephant products on the grounds that their combined herd of about 150,000 has been growing steadily and was doing so even before the world ban.</p>
</text>
<copyright>(c) Reuters Limited 1997</copyright>
<metadata>
<codes class="bip:countries:1.0">
  <code code="BOTS">
    <editdetail attribution="Reuters BIP Coding Group" action="confirmed" date="1997-07-01"/>
  </code>
  <code code="JAP">
    <editdetail attribution="Reuters BIP Coding Group" action="confirmed" date="1997-07-01"/>
  </code>
  <code code="NAMIB">
    <editdetail attribution="Reuters BIP Coding Group" action="confirmed" date="1997-07-01"/>
  </code>
  <code code="ZIMBAB">
    <editdetail attribution="Reuters BIP Coding Group" action="confirmed" date="1997-07-01"/>
  </code>
</codes>
<codes class="bip:topics:1.0">
  <code code="E51">
    <editdetail attribution="Reuters BIP Coding Group" action="confirmed" date="1997-07-01"/>
  </code>
  <code code="E512">
    <editdetail attribution="Reuters BIP Coding Group" action="confirmed" date="1997-07-01"/>
  </code>
  <code code="ECAT">
    <editdetail attribution="Reuters BIP Coding Group" action="confirmed" date="1997-07-01"/>
  </code>
  <code code="GCAT">
    <editdetail attribution="Reuters BIP Coding Group" action="confirmed" date="1997-07-01"/>
  </code>
  <code code="GENV">
    <editdetail attribution="Reuters BIP Coding Group" action="confirmed" date="1997-07-01"/>
  </code>
</codes>
<dc element="dc.date.created" value="1997-07-01"/>
<dc element="dc.publisher" value="Reuters Holdings Plc"/>
<dc element="dc.date.published" value="1997-07-01"/>
<dc element="dc.source" value="Reuters"/>
<dc element="dc.creator.location" value="GABORONE"/>
<dc element="dc.creator.location.country.name" value="BOTSWANA"/>
<dc element="dc.source" value="Reuters"/>
</metadata>
</newsitem>
