<?xml version="1.0" encoding="iso-8859-1" ?>
<newsitem itemid="703988" id="root" date="1997-07-03" xml:lang="en">
<title>USA: Assets of U.S. money market funds rose in week.</title>
<headline>Assets of U.S. money market funds rose in week.</headline>
<dateline>WASHINGTON 1997-07-03</dateline>
<text>
<p>Total money market mutual fund assets in the week ended July 2 rose to $978.95 billion from a revised $968.18 billion the prior week, an industry trade group said Thursday.</p>
<p>The Investment Company Institute said assets of the nation's 669 retail money market mutual funds rose $5.78 billion to $647.76 billion in the week. Of the retail funds, assets of the 404 taxable money market funds rose $2.75 billion to $531.16 billion, while assets of the 265 tax-exempt funds increased $3.03 billion to $116.60 billion, the group said.</p>
<p>ICI said assets of the 327 institutional money market funds rose $5.00 billion to $331.19 billion. Of these, assets of the 264 taxable money market funds increased $2.62 billion to $295.17 billion, while assets of the 63 tax-exempt funds were up by $2.38 billion to $36.02 billion, it said.</p>
<p>Total assets for the week to June 25 were revised to $968.18 billion from $967.84 billion, because of reporting errors and a change in the number of funds reporting, the group said.</p>
</text>
<copyright>(c) Reuters Limited 1997</copyright>
<metadata>
<codes class="bip:countries:1.0">
  <code code="USA">
    <editdetail attribution="Reuters BIP Coding Group" action="confirmed" date="1997-07-03"/>
  </code>
</codes>
<codes class="bip:industries:1.0">
  <code code="I81502">
    <editdetail attribution="Reuters BIP Coding Group" action="confirmed" date="1997-07-03"/>
  </code>
  <code code="I8150211">
    <editdetail attribution="Reuters BIP Coding Group" action="confirmed" date="1997-07-03"/>
  </code>
</codes>
<codes class="bip:topics:1.0">
  <code code="C15">
    <editdetail attribution="Reuters BIP Coding Group" action="confirmed" date="1997-07-03"/>
  </code>
  <code code="C151">
    <editdetail attribution="Reuters BIP Coding Group" action="confirmed" date="1997-07-03"/>
  </code>
  <code code="CCAT">
    <editdetail attribution="Reuters BIP Coding Group" action="confirmed" date="1997-07-03"/>
  </code>
</codes>
<dc element="dc.date.created" value="1997-07-03"/>
<dc element="dc.publisher" value="Reuters Holdings Plc"/>
<dc element="dc.date.published" value="1997-07-03"/>
<dc element="dc.source" value="Reuters"/>
<dc element="dc.creator.location" value="WASHINGTON"/>
<dc element="dc.creator.location.country.name" value="USA"/>
<dc element="dc.source" value="Reuters"/>
</metadata>
</newsitem>
