<?xml version="1.0" encoding="iso-8859-1" ?>
<newsitem itemid="703964" id="root" date="1997-07-03" xml:lang="en">
<title>CANADA: Grandma Lee's shares rise on new strategy.</title>
<headline>Grandma Lee's shares rise on new strategy.</headline>
<dateline>TORONTO 1997-07-03</dateline>
<text>
<p>Shares in Grandma Lee's Inc almost doubled on Thursday from Monday's opening price after the restaurant chain operator announced a new strategy and a new name, Heritage Concepts International Inc.</p>
<p>The stock gained four cents to 0.22 in heavy mid-afternoon turnover of 1.1 million shares on the Toronto Stock Exchange. It was up sharply from 0.125 at the start of the week in heights it has not seen since November 20, 1997.</p>
<p>Jerry Janik, the chief executive brought from Churchill Heights Properties Ltd in a friendly takeover last year, said that &quot;people are buying into the vision that we enunciated the other day.&quot;</p>
<p>Janik said on Monday that the company planned to expand its restaurant outlets and bring aboard new concepts, including a chain of bars patterned after the one featured in the television show, &quot;Cheers&quot;.</p>
<p>It also plans to seek new financing through mortgaging one of properties, Janik said. &quot;By mid-summer, GLI/Heritage will have no bank debt, assets totaling C$8 million with only C$3 million in mortgages, cash flows from current operations and from the acquired business well as money in the bank.&quot;</p>
<p>With those expansions Grandma Lee's will post its first real profitable quarter soon, he said.</p>
<p>((Reuters Toronto Bureau (416) 941-8100))</p>
</text>
<copyright>(c) Reuters Limited 1997</copyright>
<metadata>
<codes class="bip:countries:1.0">
  <code code="CANA">
    <editdetail attribution="Reuters BIP Coding Group" action="confirmed" date="1997-07-03"/>
  </code>
</codes>
<codes class="bip:industries:1.0">
  <code code="I66100">
    <editdetail attribution="Reuters BIP Coding Group" action="confirmed" date="1997-07-03"/>
  </code>
</codes>
<codes class="bip:topics:1.0">
  <code code="C11">
    <editdetail attribution="Reuters BIP Coding Group" action="confirmed" date="1997-07-03"/>
  </code>
  <code code="C15">
    <editdetail attribution="Reuters BIP Coding Group" action="confirmed" date="1997-07-03"/>
  </code>
  <code code="C152">
    <editdetail attribution="Reuters BIP Coding Group" action="confirmed" date="1997-07-03"/>
  </code>
  <code code="CCAT">
    <editdetail attribution="Reuters BIP Coding Group" action="confirmed" date="1997-07-03"/>
  </code>
</codes>
<dc element="dc.date.created" value="1997-07-03"/>
<dc element="dc.publisher" value="Reuters Holdings Plc"/>
<dc element="dc.date.published" value="1997-07-03"/>
<dc element="dc.source" value="Reuters"/>
<dc element="dc.creator.location" value="TORONTO"/>
<dc element="dc.creator.location.country.name" value="CANADA"/>
<dc element="dc.source" value="Reuters"/>
</metadata>
</newsitem>
