<?xml version="1.0" encoding="iso-8859-1" ?>
<newsitem itemid="703989" id="root" date="1997-07-03" xml:lang="en">
<title>USA: Wedgestone says president resigns.</title>
<headline>Wedgestone says president resigns.</headline>
<dateline>IRWINDALE, Calif. 1997-07-03</dateline>
<text>
<p>Wedgestone Financial Corp on Thursday said President Jeffrey Goldstein has resigned to pursue other opportunities.</p>
<p>He has been replaced by David Sharp, chief executive officer of the company's principal operating subsidiary, Wedgestone Automotive Corp.</p>
<p>Goldstein will continue to serve on the company's board of trustees, the company said in a statement.</p>
</text>
<copyright>(c) Reuters Limited 1997</copyright>
<metadata>
<codes class="bip:countries:1.0">
  <code code="USA">
    <editdetail attribution="Reuters BIP Coding Group" action="confirmed" date="1997-07-03"/>
  </code>
</codes>
<codes class="bip:industries:1.0">
  <code code="I81502">
    <editdetail attribution="Reuters BIP Coding Group" action="confirmed" date="1997-07-03"/>
  </code>
  <code code="I8150206">
    <editdetail attribution="Reuters BIP Coding Group" action="confirmed" date="1997-07-03"/>
  </code>
</codes>
<codes class="bip:topics:1.0">
  <code code="C41">
    <editdetail attribution="Reuters BIP Coding Group" action="confirmed" date="1997-07-03"/>
  </code>
  <code code="C411">
    <editdetail attribution="Reuters BIP Coding Group" action="confirmed" date="1997-07-03"/>
  </code>
  <code code="CCAT">
    <editdetail attribution="Reuters BIP Coding Group" action="confirmed" date="1997-07-03"/>
  </code>
</codes>
<dc element="dc.date.created" value="1997-07-03"/>
<dc element="dc.publisher" value="Reuters Holdings Plc"/>
<dc element="dc.date.published" value="1997-07-03"/>
<dc element="dc.source" value="Reuters"/>
<dc element="dc.creator.location" value="IRWINDALE, Calif."/>
<dc element="dc.creator.location.country.name" value="USA"/>
<dc element="dc.source" value="Reuters"/>
</metadata>
</newsitem>
