<?xml version="1.0" encoding="iso-8859-1" ?>
<newsitem itemid="703980" id="root" date="1997-07-03" xml:lang="en">
<title>USA: FDA stops use of dioxin-tainted livestock feed.</title>
<headline>FDA stops use of dioxin-tainted livestock feed.</headline>
<dateline>WASHINGTON 1997-07-03</dateline>
<text>
<p>The Food and Drug Administration Thursday barred further sale and distribution of poultry feed that was tainted with dioxin, a dangerous chemical compound.</p>
<p>The FDA said the levels of dioxin found in the feed, and the foods produced by the chickens that ate the feed, presented no immediate public health hazard. The FDA blocked the feed &quot;as a precautionary measure to reduce the potential human exposure to dioxin.&quot;</p>
<p>The source of the dioxin was traced to a single mine in Mississippi that produces a clay commonly used as an anti-caking agent in feed. Mining and shipping from that mine have been halted at the FDA's request.</p>
<p>A national sampling by the FDA and other agencies showed chickens at Tyson Foods Inc plants in Pine Bluff, Arkansas, and Seguin, Texas, had elevated dioxin levels. Tyson Foods last month said a feed supplier to those plants, Riceland Foods Inc of Stuttgart, Arkansas, had stopped using the clay agent in its feed.</p>
<p>Dioxins are environmentally persistent chemical compounds that are an unwanted byproduct of a number of industrial processes.</p>
<p>The compounds -- which are found at low levels throughout the environment and accumulate in the food chain -- may cause cancer, disrupt the endocrine system and cause other health disorders.</p>
</text>
<copyright>(c) Reuters Limited 1997</copyright>
<metadata>
<codes class="bip:countries:1.0">
  <code code="USA">
    <editdetail attribution="Reuters BIP Coding Group" action="confirmed" date="1997-07-03"/>
  </code>
</codes>
<codes class="bip:industries:1.0">
  <code code="I01001">
    <editdetail attribution="Reuters BIP Coding Group" action="confirmed" date="1997-07-03"/>
  </code>
  <code code="I0100121">
    <editdetail attribution="Reuters BIP Coding Group" action="confirmed" date="1997-07-03"/>
  </code>
  <code code="I41000">
    <editdetail attribution="Reuters BIP Coding Group" action="confirmed" date="1997-07-03"/>
  </code>
  <code code="I42210">
    <editdetail attribution="Reuters BIP Coding Group" action="confirmed" date="1997-07-03"/>
  </code>
</codes>
<codes class="bip:topics:1.0">
  <code code="C13">
    <editdetail attribution="Reuters BIP Coding Group" action="confirmed" date="1997-07-03"/>
  </code>
  <code code="CCAT">
    <editdetail attribution="Reuters BIP Coding Group" action="confirmed" date="1997-07-03"/>
  </code>
  <code code="GCAT">
    <editdetail attribution="Reuters BIP Coding Group" action="confirmed" date="1997-07-03"/>
  </code>
  <code code="GHEA">
    <editdetail attribution="Reuters BIP Coding Group" action="confirmed" date="1997-07-03"/>
  </code>
</codes>
<dc element="dc.date.created" value="1997-07-03"/>
<dc element="dc.publisher" value="Reuters Holdings Plc"/>
<dc element="dc.date.published" value="1997-07-03"/>
<dc element="dc.source" value="Reuters"/>
<dc element="dc.creator.location" value="WASHINGTON"/>
<dc element="dc.creator.location.country.name" value="USA"/>
<dc element="dc.source" value="Reuters"/>
</metadata>
</newsitem>
