<?xml version="1.0" encoding="iso-8859-1" ?>
<newsitem itemid="703962" id="root" date="1997-07-03" xml:lang="en">
<title>EU: Official Journal contents - OJ L 175 of July 3, 1997.</title>
<headline>Official Journal contents - OJ L 175 of July 3, 1997.</headline>
<text>
<p>*</p>
<p>(Note - contents are displayed in reverse order to that in the printed Journal)</p>
<p>*</p>
<p>COMMISSION DECISION of 19 June 1997 on the allocation of quantities of controlled substances allowed for essential uses in the Community in 1997 under Council Regulation (EC) No 3093/94 on substances that deplete the ozone layer (Text with EEA relevance) (97/414/EC)</p>
<p>COUNCIL DECISION of 26 June 1997 concerning the objectives and detailed rules for restructuring the Community fisheries sector for the period from 1 January 1997 to 31 December 2001 with a view to achieving a balance on a sustainable basis between resources and their exploitation (97/413/EC)</p>
<p>COMMISSION REGULATION (EC) No 1289/97 of 2 July 1997 amending Regulation (EC) No 1960/95 laying down detailed rules for the transitional application of the system of entry prices for grape juice and musts and Regulation (EC) No 2309/95 establishing transitional measures for the import of grape juice and must from Cyprus</p>
<p>COMMISSION REGULATION (EC) No 1288/97 of 2 July 1997 on issuing A2 export licences for fruit and vegetables</p>
<p>COMMISSION REGULATION (EC) No 1287/97 of 2 July 1997 amending the import duties in the cereals sector</p>
<p>COMMISSION REGULATION (EC) No 1286/97 of 2 July 1997 amending representative prices and additional duties for the import of certain products in the sugar sector</p>
<p>COMMISSION REGULATION (EC) No 1285/97 of 2 July 1997 establishing the standard import values for determining the entry price of certain fruit and vegetables</p>
<p>COMMISSION REGULATION (EC) No 1284/97 of 2 July 1997 fixing the minimum selling prices for beef put up for sale under the invitation to tender referred to in Regulation (EC) No 1116/97</p>
<p>COMMISSION REGULATION (EC) No 1283/97 of 2 July 1997 fixing for the 1997/98 marketing year the minimum price to be paid to producers for Williams and Rocha pears and the amount of production aid for Williams and Rocha pears in syrup and/or natural fruit juice</p>
<p>COMMISSION REGULATION (EC) No 1282/97 of 2 July 1997 fixing for the 1997/98 marketing year the minimum price to be paid to producers for peaches and the amount of production aid for peaches in syrup and/or natural fruit juice</p>
<p>COMMISSION REGULATION (EC) No 1281/97 of 2 July 1997 fixing depreciation percentages to be applied when agricultural products are bought in, for the 1998 financial year</p>
<p>COMMISSION REGULATION (EC) No 1280/97 of 2 July 1997 setting the amount of the payment on account of the cost of disposal of certain distillation products for 1998</p>
<p>COMMISSION REGULATION (EC) No 1279/97 of 2 July 1997 amending Regulation (EC) No 616/97 concerning the amounts of early marketing premium for veal calves</p>
<p>COMMISSION REGULATION (EC) No 1278/97 of 2 July 1997 amending Regulation (EC) No 577/97 laying down certain detailed rules for the application of Council Regulation (EC) No 2991/94 laying down standards for spreadable fats and of Council Regulation (EEC) No 1898/87 on the protection of designations used in the marketing of milk and milk products (Text with EEA relevance)</p>
<p>COMMISSION REGULATION (EC) No 1277/97 of 2 July 1997 fixing the maximum export refund for white sugar for the 45th partial invitation to tender issued within the framework of the standing invitation to tender provided for in Regulation (EC) No 1464/96</p>
<p>COMMISSION REGULATION (EC) No 1276/97 of 2 July 1997 altering the export refunds on white sugar and raw sugar exported in the natural state</p>
<p>COMMISSION REGULATION (EC) No 1275/97 of 2 July 1997 fixing the representative prices and the additional import duties for molasses in the sugar sector END OF DOCUMENT.</p>
</text>
<copyright>(c) Reuters Limited 1997</copyright>
<metadata>
<codes class="bip:countries:1.0">
  <code code="EEC">
    <editdetail attribution="Reuters BIP Coding Group" action="confirmed" date="1997-07-03"/>
  </code>
</codes>
<codes class="bip:topics:1.0">
  <code code="G15">
    <editdetail attribution="Reuters BIP Coding Group" action="confirmed" date="1997-07-03"/>
  </code>
  <code code="GCAT">
    <editdetail attribution="Reuters BIP Coding Group" action="confirmed" date="1997-07-03"/>
  </code>
</codes>
<dc element="dc.publisher" value="Reuters Holdings Plc"/>
<dc element="dc.date.published" value="1997-07-03"/>
<dc element="dc.source" value="Reuters"/>
<dc element="dc.creator.location.country.name" value="EU"/>
<dc element="dc.source" value="Reuters"/>
</metadata>
</newsitem>
