<?xml version="1.0" encoding="iso-8859-1" ?>
<newsitem itemid="704042" id="root" date="1997-07-03" xml:lang="en">
<title>USA: American HealthChoice wins appeal on claims.</title>
<headline>American HealthChoice wins appeal on claims.</headline>
<dateline>IRVING, Texas 1997-07-03</dateline>
<text>
<p>American HealthChoice Inc said Texas has given approval for the state Department of Health to process an estimated $700,000 of previously denied company Medicaid payments.</p>
<p>In the fourth quarter of fiscal year 1996, the company's auditors advised AHI to take a full reserve against the Medicaid claims on appeal with TDH.</p>
<p>The company was not immediately available for comment about whether the charge that was taken in the fourth quarter ended September 1996 would be reversed.</p>
<p>These claims were on appeal due to an error in processing Medicaid claims for some of the company's new medical clinics, American HealthChoice said in a statement.</p>
<p>The company said it corrected the error, but at the time considered it doubtful that the claims would receive a favorable ruling from TDH.</p>
</text>
<copyright>(c) Reuters Limited 1997</copyright>
<metadata>
<codes class="bip:countries:1.0">
  <code code="USA">
    <editdetail attribution="Reuters BIP Coding Group" action="confirmed" date="1997-07-03"/>
  </code>
</codes>
<codes class="bip:topics:1.0">
  <code code="C13">
    <editdetail attribution="Reuters BIP Coding Group" action="confirmed" date="1997-07-03"/>
  </code>
  <code code="C15">
    <editdetail attribution="Reuters BIP Coding Group" action="confirmed" date="1997-07-03"/>
  </code>
  <code code="C151">
    <editdetail attribution="Reuters BIP Coding Group" action="confirmed" date="1997-07-03"/>
  </code>
  <code code="CCAT">
    <editdetail attribution="Reuters BIP Coding Group" action="confirmed" date="1997-07-03"/>
  </code>
  <code code="E21">
    <editdetail attribution="Reuters BIP Coding Group" action="confirmed" date="1997-07-03"/>
  </code>
  <code code="E211">
    <editdetail attribution="Reuters BIP Coding Group" action="confirmed" date="1997-07-03"/>
  </code>
  <code code="ECAT">
    <editdetail attribution="Reuters BIP Coding Group" action="confirmed" date="1997-07-03"/>
  </code>
</codes>
<dc element="dc.date.created" value="1997-07-03"/>
<dc element="dc.publisher" value="Reuters Holdings Plc"/>
<dc element="dc.date.published" value="1997-07-03"/>
<dc element="dc.source" value="Reuters"/>
<dc element="dc.creator.location" value="IRVING, Texas"/>
<dc element="dc.creator.location.country.name" value="USA"/>
<dc element="dc.source" value="Reuters"/>
</metadata>
</newsitem>
