<?xml version="1.0" encoding="iso-8859-1" ?>
<newsitem itemid="704059" id="root" date="1997-07-03" xml:lang="en">
<title>USA: U.S. stock index futures end short week on upswing.</title>
<headline>U.S. stock index futures end short week on upswing.</headline>
<dateline>CHICAGO 1997-07-03</dateline>
<text>
<p>U.S. stock index futures ended an abbreviated session sharply higher, with S&amp;P 500s reaching yet another all-time high settlement at 927.75.</p>
<p>Bullish U.S. employment data triggered the rally. The Labor Department said the U.S. unemployment rate bounced back to 5.0 percent in June after falling to a near 24-year low of 4.8 percent in May. Many analysts had not expected a rise in the jobless rate.</p>
<p>Nonfarm payrolls grew by 217,000, slightly lower than expected. Average hourly earnings, a barometer of inflation, increased by four cents, the same rise as in May.  </p>
<p>September S&amp;P 500 futures shot up immediately on the news, climbing the opening 7.00 point limit and then adding to gains after a mandated two-minute trading halt. The contract set an all-time high of 929.00.</p>
<p>On top of the rise in unemployment and mild hourly earnings gain, an advance in September bond futures through the February high of 113-09 exacerbated the move in stock futures, said Jeff Feeney, analyst with Smith Barney Inc. in Chicago.</p>
<p>&quot;As long as we continue to see solid earnings growth as well as a stable interest rate environment, stocks can continue to expand,&quot; Feeney said.  </p>
<p>He predicted the 950.00 level in S&amp;P 500 futures was surmountable in the medium term, but cautioned that the extent of the rise will hinge on second-quarter earnings that companies begin to release in the next couple of weeks.</p>
<p>&quot;If you start to see disappointing earnings, that will really knock the legs out of this rally,&quot; Feeney said.</p>
<p>Floor traders in S&amp;Ps said that after the initial runup, prices dipped at midmorning as local traders took profits and others also began to square up before the long holiday weekend.</p>
<p>Equity futures trading ended at 1215 CDT/1715 GMT.  </p>
<p>One U.S. investment house was a particularly strong seller of S&amp;P 500 futures through the morning, trading at least 2,500 contracts, floor traders said.</p>
<p>They described overall volume on the session as moderate, including a burst of buying on the close involving a handful of big houses that sent the contract back up toward the session high.</p>
<p>September S&amp;P 500s ended up 12.25 points at 927.75, Nasdaq 100s up 12.00 at 1001.25, Russell 2000s up 2.00 points at 401.50, Nikkei 225 index futures down 100.0 at 20,260.0 and Midcap 400s up 2.95 points at 297.30. ((Chicago Derivatives Desk: 312-408-8750)) email:derivatives@reuters.com</p>
</text>
<copyright>(c) Reuters Limited 1997</copyright>
<metadata>
<codes class="bip:countries:1.0">
  <code code="USA">
    <editdetail attribution="Reuters BIP Coding Group" action="confirmed" date="1997-07-03"/>
  </code>
</codes>
<codes class="bip:topics:1.0">
  <code code="M11">
    <editdetail attribution="Reuters BIP Coding Group" action="confirmed" date="1997-07-03"/>
  </code>
  <code code="MCAT">
    <editdetail attribution="Reuters BIP Coding Group" action="confirmed" date="1997-07-03"/>
  </code>
</codes>
<dc element="dc.date.created" value="1997-07-03"/>
<dc element="dc.publisher" value="Reuters Holdings Plc"/>
<dc element="dc.date.published" value="1997-07-03"/>
<dc element="dc.source" value="Reuters"/>
<dc element="dc.creator.location" value="CHICAGO"/>
<dc element="dc.creator.location.country.name" value="USA"/>
<dc element="dc.source" value="Reuters"/>
</metadata>
</newsitem>
