<?xml version="1.0" encoding="iso-8859-1" ?>
<newsitem itemid="704029" id="root" date="1997-07-03" xml:lang="en">
<title>USA: TABLE - Health Intl Inc Q3 results.</title>
<headline>TABLE - Health Intl Inc Q3 results.</headline>
<dateline>SCOTTSDALE, Ariz. 1997-07-03</dateline>
<text>
<p>Health International Inc.</p>
<p>			  Financial Results</p>
<p>					     Quarter Ended June 30,</p>
<p>						  1997	  1996</p>
<p>Revenue				    $2,987,139  $2,784,740</p>
<p>Income before taxes			 291,750     152,909</p>
<p>Income tax provision		     (116,700)    (18,349)</p>
<p>Net income				    175,050     134,560</p>
<p>Earnings per common share:</p>
<p>  Net income				    $0.06	 $0.05</p>
<p>Weighted average common</p>
<p>shares used for computing</p>
<p> earnings per share		     2,860,201   2,907,364</p>
<p>					   Nine Months Ended June 30,</p>
<p>						  1997	  1996</p>
<p>Revenue				    $9,001,807  $8,683,525</p>
<p>Income before taxes			 932,800     861,177</p>
<p>Income tax provision		     (375,706)   (103,341)</p>
<p>Net income				    557,094     757,836</p>
<p>Earnings per common share:</p>
<p>  Net income				    $0.19	 $0.26</p>
<p>Weighted average common</p>
<p>shares used for computing</p>
<p> earnings per share		     2,860,201   2,907,364</p>
</text>
<copyright>(c) Reuters Limited 1997</copyright>
<metadata>
<codes class="bip:countries:1.0">
  <code code="USA">
    <editdetail attribution="Reuters BIP Coding Group" action="confirmed" date="1997-07-03"/>
  </code>
</codes>
<codes class="bip:industries:1.0">
  <code code="I95100">
    <editdetail attribution="Reuters BIP Coding Group" action="confirmed" date="1997-07-03"/>
  </code>
</codes>
<codes class="bip:topics:1.0">
  <code code="C15">
    <editdetail attribution="Reuters BIP Coding Group" action="confirmed" date="1997-07-03"/>
  </code>
  <code code="C151">
    <editdetail attribution="Reuters BIP Coding Group" action="confirmed" date="1997-07-03"/>
  </code>
  <code code="CCAT">
    <editdetail attribution="Reuters BIP Coding Group" action="confirmed" date="1997-07-03"/>
  </code>
</codes>
<dc element="dc.date.created" value="1997-07-03"/>
<dc element="dc.publisher" value="Reuters Holdings Plc"/>
<dc element="dc.date.published" value="1997-07-03"/>
<dc element="dc.source" value="Reuters"/>
<dc element="dc.creator.location" value="SCOTTSDALE, Ariz."/>
<dc element="dc.creator.location.country.name" value="USA"/>
<dc element="dc.source" value="Reuters"/>
</metadata>
</newsitem>
