<?xml version="1.0" encoding="iso-8859-1" ?>
<newsitem itemid="704098" id="root" date="1997-07-03" xml:lang="en">
<title>USA: United Water says UK tax to hurt Q3 earnings.</title>
<headline>United Water says UK tax to hurt Q3 earnings.</headline>
<dateline>HARRINGTON PARK, N.J. 1997-07-03</dateline>
<text>
<p>United Water Resources said Thursday the new British windfall profits tax on privatized British utilities will hurt its third quarter earnings.</p>
<p>The company said the one-time tax will hurt its third quarter earnings from its investment in Northumbrian Water Group by about $0.35 per share. Northumbrian is an investor-owned water services company in Britain.</p>
<p>The company also said, however, that the tax will not hurt its corporate cash flow or its ability to pay dividends.</p>
<p>The company said the possible imposition of the tax had been factored into its financial analysis at the time of its investment in Northumbrian in June 1996, and was considered in determining the purchase price.</p>
<p>The one-time tax should not impact long-term benefits from its investment.</p>
</text>
<copyright>(c) Reuters Limited 1997</copyright>
<metadata>
<codes class="bip:countries:1.0">
  <code code="UK">
    <editdetail attribution="Reuters BIP Coding Group" action="confirmed" date="1997-07-03"/>
  </code>
  <code code="USA">
    <editdetail attribution="Reuters BIP Coding Group" action="confirmed" date="1997-07-03"/>
  </code>
</codes>
<codes class="bip:industries:1.0">
  <code code="I17000">
    <editdetail attribution="Reuters BIP Coding Group" action="confirmed" date="1997-07-03"/>
  </code>
  <code code="I83960">
    <editdetail attribution="Reuters BIP Coding Group" action="confirmed" date="1997-07-03"/>
  </code>
</codes>
<codes class="bip:topics:1.0">
  <code code="C13">
    <editdetail attribution="Reuters BIP Coding Group" action="confirmed" date="1997-07-03"/>
  </code>
  <code code="C15">
    <editdetail attribution="Reuters BIP Coding Group" action="confirmed" date="1997-07-03"/>
  </code>
  <code code="C152">
    <editdetail attribution="Reuters BIP Coding Group" action="confirmed" date="1997-07-03"/>
  </code>
  <code code="CCAT">
    <editdetail attribution="Reuters BIP Coding Group" action="confirmed" date="1997-07-03"/>
  </code>
</codes>
<dc element="dc.date.created" value="1997-07-03"/>
<dc element="dc.publisher" value="Reuters Holdings Plc"/>
<dc element="dc.date.published" value="1997-07-03"/>
<dc element="dc.source" value="Reuters"/>
<dc element="dc.creator.location" value="HARRINGTON PARK, N.J."/>
<dc element="dc.creator.location.country.name" value="USA"/>
<dc element="dc.source" value="Reuters"/>
</metadata>
</newsitem>
