<?xml version="1.0" encoding="iso-8859-1" ?>
<newsitem itemid="704052" id="root" date="1997-07-03" xml:lang="en">
<title>USA: Chevron L.A.refinery back after power outage.</title>
<headline>Chevron L.A.refinery back after power outage.</headline>
<dateline>LOS ANGELES 1997-07-03</dateline>
<text>
<p>Chevron Corp early Thursday resumed production at its El Segundo, Calif., refinery, after an early power outage shut the plant, a spokeswoman said.</p>
<p>&quot;We were down for about an hour or so and then we put (units) back on line,&quot; said Lily Craig, a refinery spokeswoman.</p>
<p>Production was returning to 100 percent and supplies to customers would not disrupted, Craig said. The plant produces about 250,000 barrels-per-day of gasoline and other petroleum products.</p>
<p>Burned gasoline and other byproducts were released by safety valves, sending large plumes of smoke over the plant.</p>
<p>The safety valves open automatically when the plant shuts.The releases were not toxic and no equipment was damaged, a fire department official said.</p>
<p>((David Brinkerhoff, Los Angeles bureau +1 213 380 2014))</p>
</text>
<copyright>(c) Reuters Limited 1997</copyright>
<metadata>
<codes class="bip:countries:1.0">
  <code code="USA">
    <editdetail attribution="Reuters BIP Coding Group" action="confirmed" date="1997-07-03"/>
  </code>
</codes>
<codes class="bip:industries:1.0">
  <code code="I13000">
    <editdetail attribution="Reuters BIP Coding Group" action="confirmed" date="1997-07-03"/>
  </code>
</codes>
<codes class="bip:topics:1.0">
  <code code="C21">
    <editdetail attribution="Reuters BIP Coding Group" action="confirmed" date="1997-07-03"/>
  </code>
  <code code="C24">
    <editdetail attribution="Reuters BIP Coding Group" action="confirmed" date="1997-07-03"/>
  </code>
  <code code="CCAT">
    <editdetail attribution="Reuters BIP Coding Group" action="confirmed" date="1997-07-03"/>
  </code>
</codes>
<dc element="dc.date.created" value="1997-07-03"/>
<dc element="dc.publisher" value="Reuters Holdings Plc"/>
<dc element="dc.date.published" value="1997-07-03"/>
<dc element="dc.source" value="Reuters"/>
<dc element="dc.creator.location" value="LOS ANGELES"/>
<dc element="dc.creator.location.country.name" value="USA"/>
<dc element="dc.source" value="Reuters"/>
</metadata>
</newsitem>
