<?xml version="1.0" encoding="iso-8859-1" ?>
<newsitem itemid="704097" id="root" date="1997-07-03" xml:lang="en">
<title>USA: IPO FILING - Horizon Pharmacies Inc.</title>
<headline>IPO FILING - Horizon Pharmacies Inc.</headline>
<dateline>NEW YORK 1997-07-03</dateline>
<text>
<p>Company Name		Horizon Pharmacies Inc</p>
<p>Stock symbol</p>
<p> Estimated price range			$5 max</p>
<p> Total shares to be offered	    1,200,000</p>
<p> Lead Underwriter     Capital West Securities Inc</p>
<p> Underwriters over-allotment	180,000 shrs</p>
<p>NOTE: All shares to be sold by company.</p>
<p>Business: Owns and operates a chain of 14 retail pharmacies -- nine in Texas, two in Virginia, one in New Mexico, one in Oklahoma and one in Wisconsin.</p>
<p>Use of proceeds: To repay certain existing indebtness, acquire additional retail pharmacies and/or the inventory and pharmacy files of other retail pharmacies, make a distribution to existing shareholders and for general corporate purposes, including working capital.</p>
</text>
<copyright>(c) Reuters Limited 1997</copyright>
<metadata>
<codes class="bip:countries:1.0">
  <code code="USA">
    <editdetail attribution="Reuters BIP Coding Group" action="confirmed" date="1997-07-03"/>
  </code>
</codes>
<codes class="bip:topics:1.0">
  <code code="C17">
    <editdetail attribution="Reuters BIP Coding Group" action="confirmed" date="1997-07-03"/>
  </code>
  <code code="C171">
    <editdetail attribution="Reuters BIP Coding Group" action="confirmed" date="1997-07-03"/>
  </code>
  <code code="CCAT">
    <editdetail attribution="Reuters BIP Coding Group" action="confirmed" date="1997-07-03"/>
  </code>
</codes>
<dc element="dc.date.created" value="1997-07-03"/>
<dc element="dc.publisher" value="Reuters Holdings Plc"/>
<dc element="dc.date.published" value="1997-07-03"/>
<dc element="dc.source" value="Reuters"/>
<dc element="dc.creator.location" value="NEW YORK"/>
<dc element="dc.creator.location.country.name" value="USA"/>
<dc element="dc.source" value="Reuters"/>
</metadata>
</newsitem>
