<?xml version="1.0" encoding="iso-8859-1" ?>
<newsitem itemid="704079" id="root" date="1997-07-03" xml:lang="en">
<title>USA: US Treasuries rally on June employment report.</title>
<headline>US Treasuries rally on June employment report.</headline>
<dateline>NEW YORK 1997-07-03</dateline>
<text>
<p>By  Ellen Freilich</p>
<p>A June U.S. employment report that portrayed moderate jobs growth and a near absence of wage inflation sent U.S. bond and stock prices soaring on Thursday.</p>
<p>At midday, the benchmark 30-year Treasury bond was near its highest level of the day, up 1-11/32 to 100-8/32. Its 6.60 percent yield was the lowest for the bond since mid-February.</p>
<p>In the stock market, the Dow Jones Industrial Average was up 84.60 to 7880.20 after reaching an all-time high of 7896.26 earlier in the session.  </p>
<p>Near the start of the trading session, the Labor Department reported that U.S. non-farm payrolls grew by 217,000 new jobs in June. Combined with May's revised payroll growth of 166,000 new jobs, the numbers offered a picture of moderate job growth in the second quarter.</p>
<p>A jump in the unemployment rate to 5.0 percent in June from 4.8 percent in May also comforted investors who spent some months worrying that a tight labor market would lead to upward pressure on wages and eventually to higher prices.</p>
<p>The hourly wage data in the employment report was also good news for inflation-wary bond investors.  </p>
<p>The Labor Department said hourly wages rose 4 cents to $12.22 in June from $12.18 in May, bringing year-over-year wages gains to 3.5 percent, off a March peak of 4.1 percent.</p>
<p>Separately, Labor also reported that new claims for state unemployment insurance edged up to 337,000 in the week ended June 28 from 332,000 a week earlier.</p>
<p>&quot;Everyone's being dragged into the market,&quot; said Chris Rupkey, vice president and financial economist at Bank of Tokyo/Mitsubishi. &quot;Every account wants to get long.&quot;</p>
<p>Rupkey said it was irregular for the bond to &quot;gap up&quot; a point and then trend higher making new highs every half hour.  </p>
<p>&quot;That indicates that retail is involved,&quot; he said. &quot;If these bonds come off 3/4 of a point next week, there will be people willing to buy,&quot; Rupkey said. &quot;The (upward) trend has gone on too long. People are kicking themselves for not having bought earlier in the week. There's a lot of lamenting going on. People are unhappy that they missed it.&quot;</p>
<p>Lee Youngdahl, Aubrey G. Lanston &amp; Co. bond analyst, said the June payroll data pointed to a modest rebound in economic growth in the third quarter but gave no evidence of inflation.</p>
<p>&quot;The Fed is letting growth run a bit faster as long as inflation doesn't pick up,&quot; he said.  </p>
<p>&quot;This presents a benign equation for bonds and equities so money managers are reinvesting their cash,&quot; said Youngdahl.</p>
<p>Modest wage increases in May and June also alleviated concerns about upward pressure on wages, he said.</p>
<p>&quot;Those concerns will linger since the economy is operating at a high rate but the numbers tell the story,&quot; he said.</p>
<p>Youngdahl said technicals would drive the market higher next week.</p>
<p>&quot;The momentum players still want to buy dips and it looks like we'll take a shot at 6.50 percent or 6.55 percent (on the 30-year bond yield),&quot; he said.  </p>
<p>&quot;Flows from domestic and foreign buyers were evident today and the momentum builds on itself,&quot; said Youngdahl. &quot;There aren't many sellers around.&quot;</p>
<p>Before the market closes early at 1500 EDT/1900 GMT for the Independence Day holiday weekend, investors will get the minutes from the May 20 Federal Open Market Committee meeting.</p>
<p>&quot;The expectation is that the committee went to a tightening bias at the May 20 meeting,&quot; said Rupkey &quot;If that doesn't materialize, that will tell people that the Fed is less concerned about inflation. It would push off the timing of another rate hike even further down the road.&quot;</p>
<p>In afternoon trade, ten-year notes were up 24/32 to 102-10/32, yielding 6.31 percent. Five-year notes were 14/32 to 100-7/32 to yield 6.20 percent.</p>
<p>Three-month bill rates were down eight basis points to 5.01 percent. Six-month bill rates were down four basis point to 5.06 percent and year bill rates were down seven basis points to 5.26 percent.</p>
<p>Two-year notes were up 5/32, yielding 5.93 percent.</p>
<p>((--North American Treasury Desk, 212-859-1679))</p>
</text>
<copyright>(c) Reuters Limited 1997</copyright>
<metadata>
<codes class="bip:countries:1.0">
  <code code="USA">
    <editdetail attribution="Reuters BIP Coding Group" action="confirmed" date="1997-07-03"/>
  </code>
</codes>
<codes class="bip:topics:1.0">
  <code code="M12">
    <editdetail attribution="Reuters BIP Coding Group" action="confirmed" date="1997-07-03"/>
  </code>
  <code code="MCAT">
    <editdetail attribution="Reuters BIP Coding Group" action="confirmed" date="1997-07-03"/>
  </code>
</codes>
<dc element="dc.date.created" value="1997-07-03"/>
<dc element="dc.publisher" value="Reuters Holdings Plc"/>
<dc element="dc.date.published" value="1997-07-03"/>
<dc element="dc.source" value="Reuters"/>
<dc element="dc.creator.location" value="NEW YORK"/>
<dc element="dc.creator.location.country.name" value="USA"/>
<dc element="dc.source" value="Reuters"/>
</metadata>
</newsitem>
