<?xml version="1.0" encoding="iso-8859-1" ?>
<newsitem itemid="704016" id="root" date="1997-07-03" xml:lang="en">
<title>USA: Four defendants settle SEC insider trading charges.</title>
<headline>Four defendants settle SEC insider trading charges.</headline>
<dateline>WASHINGTON 1997-07-03</dateline>
<text>
<p>Four people accused of insider trading in Century MediCorp Inc stock have agreed to settle charges with the Securities and Exchange Commission, the SEC said on Thursday.</p>
<p>Four of six defendants -- former Century chief executive officer Jacob Terner, his alleged &quot;tippee&quot; Nissan Kahen, Kahen's alleged tippee, Parviz Kahen, and Andrea Dutton -- have, without admitting or denying the allegations, agreed to pay a total of $789,255 in fines and are enjoined from any further antifraud violations, it said in a statement.</p>
<p>On Wednesday, the SEC filed a complaint in U.S. district court in Los Angeles alleging insider trading in Century MediCorp stock just prior to the company's acquisition in July 1992 by Foundation Health Corp.</p>
<p>The SEC said it is also seeking permanent injunctions, disgorgement and penalties from two remaining defendants, former Century board member Theodore Dutton and his alleged tippee, George D. Voigt.</p>
<p>--Washington Newsroom, ((202-898-8489))</p>
</text>
<copyright>(c) Reuters Limited 1997</copyright>
<metadata>
<codes class="bip:countries:1.0">
  <code code="USA">
    <editdetail attribution="Reuters BIP Coding Group" action="confirmed" date="1997-07-03"/>
  </code>
</codes>
<codes class="bip:industries:1.0">
  <code code="I83100">
    <editdetail attribution="Reuters BIP Coding Group" action="confirmed" date="1997-07-03"/>
  </code>
  <code code="I95100">
    <editdetail attribution="Reuters BIP Coding Group" action="confirmed" date="1997-07-03"/>
  </code>
</codes>
<codes class="bip:topics:1.0">
  <code code="C12">
    <editdetail attribution="Reuters BIP Coding Group" action="confirmed" date="1997-07-03"/>
  </code>
  <code code="C13">
    <editdetail attribution="Reuters BIP Coding Group" action="confirmed" date="1997-07-03"/>
  </code>
  <code code="CCAT">
    <editdetail attribution="Reuters BIP Coding Group" action="confirmed" date="1997-07-03"/>
  </code>
  <code code="GCAT">
    <editdetail attribution="Reuters BIP Coding Group" action="confirmed" date="1997-07-03"/>
  </code>
  <code code="GCRIM">
    <editdetail attribution="Reuters BIP Coding Group" action="confirmed" date="1997-07-03"/>
  </code>
</codes>
<dc element="dc.date.created" value="1997-07-03"/>
<dc element="dc.publisher" value="Reuters Holdings Plc"/>
<dc element="dc.date.published" value="1997-07-03"/>
<dc element="dc.source" value="Reuters"/>
<dc element="dc.creator.location" value="WASHINGTON"/>
<dc element="dc.creator.location.country.name" value="USA"/>
<dc element="dc.source" value="Reuters"/>
</metadata>
</newsitem>
