<?xml version="1.0" encoding="iso-8859-1" ?>
<newsitem itemid="704055" id="root" date="1997-07-03" xml:lang="en">
<title>USA: Talk of imminent tax deal optimistic - White House.</title>
<headline>Talk of imminent tax deal optimistic - White House.</headline>
<dateline>WASHINGTON 1997-07-03</dateline>
<text>
<p>White House spokesman Mike McCurry said that it was &quot;very optimistic&quot; to expect the White House and congressional Republicans to come to a tax deal next week.</p>
<p>Asked at his midday briefing if reports that the two sides might come to an agreement next week were reasonable, McCurry replied: &quot;I think they're very optimistic.&quot;  </p>
<p>McCurry said the White House was building support for its position that parts of the Senate and House-passed tax cut packages needed to be restructured, and indicated that this process was still far from complete.</p>
<p>The White House has said certain provisions of both bills are unacceptable, but has carefully avoided threatening veto. McCurry again shied away from such a threat when asked about a Republican plan, called &quot;stacking,&quot; to strip tax credits from some low-income workers.</p>
<p>&quot;We expect it will change before there's a final vote,&quot; he said.</p>
</text>
<copyright>(c) Reuters Limited 1997</copyright>
<metadata>
<codes class="bip:countries:1.0">
  <code code="USA">
    <editdetail attribution="Reuters BIP Coding Group" action="confirmed" date="1997-07-03"/>
  </code>
</codes>
<codes class="bip:topics:1.0">
  <code code="E21">
    <editdetail attribution="Reuters BIP Coding Group" action="confirmed" date="1997-07-03"/>
  </code>
  <code code="E211">
    <editdetail attribution="Reuters BIP Coding Group" action="confirmed" date="1997-07-03"/>
  </code>
  <code code="ECAT">
    <editdetail attribution="Reuters BIP Coding Group" action="confirmed" date="1997-07-03"/>
  </code>
  <code code="GCAT">
    <editdetail attribution="Reuters BIP Coding Group" action="confirmed" date="1997-07-03"/>
  </code>
  <code code="GPOL">
    <editdetail attribution="Reuters BIP Coding Group" action="confirmed" date="1997-07-03"/>
  </code>
</codes>
<dc element="dc.date.created" value="1997-07-03"/>
<dc element="dc.publisher" value="Reuters Holdings Plc"/>
<dc element="dc.date.published" value="1997-07-03"/>
<dc element="dc.source" value="Reuters"/>
<dc element="dc.creator.location" value="WASHINGTON"/>
<dc element="dc.creator.location.country.name" value="USA"/>
<dc element="dc.source" value="Reuters"/>
</metadata>
</newsitem>
