<?xml version="1.0" encoding="iso-8859-1" ?>
<newsitem itemid="704174" id="root" date="1997-07-03" xml:lang="en">
<title>UK: TENNIS-WIMBLEDON ORDER OF PLAY ON THURSDAY.</title>
<headline>TENNIS-WIMBLEDON ORDER OF PLAY ON THURSDAY.</headline>
<dateline>LONDON 1997-07-03</dateline>
<text>
<p>Thursday's singles order of play for matches on the show courts at the Wimbledon tennis championships (prefix denotes seeding):</p>
<p>Centre Court (starts 1100GMT)</p>
<p>1-Martina Hingis (Switzerland) v Anna Kournikova (Russia)</p>
<p>1-Pete Sampras (U.S.) v 8-Boris Becker (Germany)</p>
<p>3-Jana Novotna (Czech Republic) v 8-Arantxa Sanchez Vicario (Spain)</p>
<p>Court One (1000GMT)</p>
<p>Greg Rusedski (Britain) v Cedric Pioline (France)</p>
<p>14-Tim Henman (Britain) v Michael Stich (Germany)</p>
<p>Court Two (1000GMT) Nicolas Kiefer (Germany) v Todd Woodbridge (Australia)</p>
</text>
<copyright>(c) Reuters Limited 1997</copyright>
<metadata>
<codes class="bip:countries:1.0">
  <code code="UK">
    <editdetail attribution="Reuters BIP Coding Group" action="confirmed" date="1997-07-03"/>
  </code>
</codes>
<codes class="bip:topics:1.0">
  <code code="GCAT">
    <editdetail attribution="Reuters BIP Coding Group" action="confirmed" date="1997-07-03"/>
  </code>
  <code code="GSPO">
    <editdetail attribution="Reuters BIP Coding Group" action="confirmed" date="1997-07-03"/>
  </code>
</codes>
<dc element="dc.date.created" value="1997-07-03"/>
<dc element="dc.publisher" value="Reuters Holdings Plc"/>
<dc element="dc.date.published" value="1997-07-03"/>
<dc element="dc.source" value="Reuters"/>
<dc element="dc.creator.location" value="LONDON"/>
<dc element="dc.creator.location.country.name" value="UK"/>
<dc element="dc.source" value="Reuters"/>
</metadata>
</newsitem>
