<?xml version="1.0" encoding="iso-8859-1" ?>
<newsitem itemid="704141" id="root" date="1997-07-03" xml:lang="en">
<title>UK: TENNIS-SNIPPETS FROM THE 11TH DAY AT WIMBLEDON.</title>
<headline>TENNIS-SNIPPETS FROM THE 11TH DAY AT WIMBLEDON.</headline>
<dateline>LONDON 1997-07-03</dateline>
<text>
<p>Snippets from the 11th day at Wimbledon on Thursday:</p>
<p>Quote of the day: Boris Becker's half whisper &quot;That was it for me&quot; as he announced he had played his last Wimbledon.</p>
<p>And Pete Sampras's stunned tribute: &quot;Wimbledon and Boris went together. This is where he made his mark as a 17-year-old and it was like his living room out there.</p>
<p>&quot;He was a class act on and off the court.&quot; - - - -</p>
<p>Stats of the day: Martina Hingis and Jana Novotna have made it to the final but statistics since 1968 show:</p>
<p>The average age of a Grand Slam women's champion is 20 years two months (Hingis 16, Novotna 28)</p>
<p>Most common month of birth is July (Hingis September, Novotna October)</p>
<p>Most common star sign is Sagittarius (Novotna and Hingis both Libra)</p>
<p>Average height is 1.67 m (Hingis 1.67, Novotna 1.75)</p>
<p>Most common first name initial is M, as in Martina x2, Margaret, Mary, Monica.</p>
<p>Most common nationality is American (Hingis Swiss, Novotna Czech)</p>
<p>Most common place to win first Grand Slam title is at the French Open (Hingis Australian Open, Novotna yet to win)</p>
</text>
<copyright>(c) Reuters Limited 1997</copyright>
<metadata>
<codes class="bip:countries:1.0">
  <code code="UK">
    <editdetail attribution="Reuters BIP Coding Group" action="confirmed" date="1997-07-03"/>
  </code>
</codes>
<codes class="bip:topics:1.0">
  <code code="GCAT">
    <editdetail attribution="Reuters BIP Coding Group" action="confirmed" date="1997-07-03"/>
  </code>
  <code code="GSPO">
    <editdetail attribution="Reuters BIP Coding Group" action="confirmed" date="1997-07-03"/>
  </code>
</codes>
<dc element="dc.date.created" value="1997-07-03"/>
<dc element="dc.publisher" value="Reuters Holdings Plc"/>
<dc element="dc.date.published" value="1997-07-03"/>
<dc element="dc.source" value="Reuters"/>
<dc element="dc.creator.location" value="LONDON"/>
<dc element="dc.creator.location.country.name" value="UK"/>
<dc element="dc.source" value="Reuters"/>
</metadata>
</newsitem>
