<?xml version="1.0" encoding="iso-8859-1" ?>
<newsitem itemid="704175" id="root" date="1997-07-03" xml:lang="en">
<title>UK: TENNIS-ODD COUPLE READY TO FLY THE FLAG.</title>
<headline>TENNIS-ODD COUPLE READY TO FLY THE FLAG.</headline>
<byline>Robert Kitson</byline>
<dateline>LONDON 1997-07-03</dateline>
<text>
<p>It is tempting to imagine Tim Henman and Greg Rusedski as some sort of great British double act, as natural a pairing as, say, Lennon and McCartney or Torvill and Dean.</p>
<p>Both in the world's top 30, both dedicated professionals, both hungry for more. They each have girlfriends called Lucy and even share the same birthday, September 6. Anyone who has ever stood around waiting for a London bus will know how British tennis officials must be feeling.</p>
<p>Yet as Britain gapes at the possibility of two representatives in the Wimbledon semifinals, the twin pillars of an expectant nation's hopes are already beginning to shift uneasily.</p>
<p>It's just small things, of course, but in Britain it is those little details which matter.</p>
<p>Whereas Henman's family have sat impassively at courtside at all their son's matches, Tom and Helen Rusedski are back at home in Quebec. While Henman discusses his form in familiar English tones, Rusedski's accent remains stuck somewhere over the Atlantic. If Henman wins the title, there will be dancing in the streets of his home town, Oxford. If Rusedski wins, they will be sitting on their hands in Montreal.</p>
<p>Rusedski, a year older than Henman at 23, is resigned to such realities after adopting British nationality two years ago to the fury of Canada's tennis public.</p>
<p>His mother is from Dewsbury in Yorkshire, his girlfriend Lucy is English and he lives not far from Wimbledon in Putney, but while 'Henmania' has entered the English language, 'Rusedskimania' is stubbornly refusing to leave the launch-pad.</p>
<p>There were large numbers of empty seats on Court One for his fourth round match against American Richey Reneberg, in clear contrast to the packed Centre Court where Henman tackled Krajicek.</p>
<p>The left-handed Rusedski did his best to disguise the obvious conclusion -- &quot;I guess they were all at lunch&quot; -- yet must be privately wondering if he will ever escape the endless comparisons with the right-handed Henman.</p>
<p>He admits he is a tense personality, while Henman sat back on BBC television this week and acknowledged: &quot;Fortunately I'm not someone who gets too nervous.&quot; Even world number one Pete Sampras has been struggling to be diplomatic.</p>
<p>&quot;Mentally Tim's very, very strong. Even in the circus environment here, he's holding up very well,&quot; was the American top seed's verdict.</p>
<p>&quot;Rusedski is a little bit more of a dangerous type of player, but Henman is very classical. I enjoy watching him play. He's going to be around for a lot of years.&quot;</p>
<p>Ask either man about the other and both tend to stare intently at their finger-tips. &quot;I'm just focused on trying to get myself ready and I think Tim's the same way,&quot; said Rusedski, when asked if he planned to watch any of Henman's matches.</p>
<p>So as Henman reveals a sly humorous side  -- &quot;I think my Dad's growing greyer by the day...my family are complaining about the number of tie-breaks I'm playing&quot; -- Rusedski increasingly appears on a hiding to nothing.</p>
<p>&quot;If I get to the finals, I think my family would come the day after,&quot; he confessed. &quot;My mother is superstitious. If she hasn't been here, she's not going to come until it's over.&quot;</p>
<p>Still, British tennis is not blase enough to ignore anyone capable of winning a grand slam final. Recent successes in rugby, cricket and soccer have sharpened the national appetite, and those who placed bets on a Briton winning Wimbledon before the end of the century are equally prepared to overlook the tiny detail that one of their men was born in Montreal.</p>
<p>&quot;I'm sure I'll have a few more friends if that one comes up,&quot; acknowledges Rusedski.</p>
<p>&quot;If it's 1,000-1 and you put 1,000 pounds on it, it's almost like winning the lottery.&quot;</p>
<p>His parents will not be the only ones staring anxiously at television sets in the coming days.</p>
</text>
<copyright>(c) Reuters Limited 1997</copyright>
<metadata>
<codes class="bip:countries:1.0">
  <code code="CANA">
    <editdetail attribution="Reuters BIP Coding Group" action="confirmed" date="1997-07-03"/>
  </code>
  <code code="UK">
    <editdetail attribution="Reuters BIP Coding Group" action="confirmed" date="1997-07-03"/>
  </code>
</codes>
<codes class="bip:topics:1.0">
  <code code="GCAT">
    <editdetail attribution="Reuters BIP Coding Group" action="confirmed" date="1997-07-03"/>
  </code>
  <code code="GSPO">
    <editdetail attribution="Reuters BIP Coding Group" action="confirmed" date="1997-07-03"/>
  </code>
</codes>
<dc element="dc.date.created" value="1997-07-03"/>
<dc element="dc.publisher" value="Reuters Holdings Plc"/>
<dc element="dc.date.published" value="1997-07-03"/>
<dc element="dc.source" value="Reuters"/>
<dc element="dc.creator.location" value="LONDON"/>
<dc element="dc.creator.location.country.name" value="UK"/>
<dc element="dc.source" value="Reuters"/>
</metadata>
</newsitem>
