<?xml version="1.0" encoding="iso-8859-1" ?>
<newsitem itemid="704151" id="root" date="1997-07-03" xml:lang="en">
<title>UK: TENNIS-WIMBLEDON LATEST - HENMAN OUT, SAMPRAS LEADS BECKER.</title>
<headline>TENNIS-WIMBLEDON LATEST - HENMAN OUT, SAMPRAS LEADS BECKER.</headline>
<dateline>LONDON 1997-07-03</dateline>
<text>
<p>Latest scores in the men's singles</p>
<p>quarter-finals at Wimbledon on Thursday (prefix denotes seeding)</p>
<p>(Rain stopped play at 1240 GMT, resumed 1520GMT)</p>
<p>1-Pete Sampras (U.S.) v 8-Boris Becker (Germany)</p>
<p>Sampras leads 6-1 6-7(5-7) 6-1 3-1 fourth set</p>
<p>Played earlier:</p>
<p>Cedric Pioline (France) beat Greg Rusedski (Britain) 6-4 4-6</p>
<p>6-4 6-3</p>
<p>Todd Woodbridge (Australia) beat Nicolas Kiefer (Germany)</p>
<p>7-6(9-7) 2-6 6-0 6-4</p>
<p>Michael Stich (Germany) beat 14-Tim Henman (Britain) 6-3 6-2 6-4</p>
</text>
<copyright>(c) Reuters Limited 1997</copyright>
<metadata>
<codes class="bip:countries:1.0">
  <code code="AUSTR">
    <editdetail attribution="Reuters BIP Coding Group" action="confirmed" date="1997-07-03"/>
  </code>
  <code code="FRA">
    <editdetail attribution="Reuters BIP Coding Group" action="confirmed" date="1997-07-03"/>
  </code>
  <code code="GFR">
    <editdetail attribution="Reuters BIP Coding Group" action="confirmed" date="1997-07-03"/>
  </code>
  <code code="NETH">
    <editdetail attribution="Reuters BIP Coding Group" action="confirmed" date="1997-07-03"/>
  </code>
  <code code="UK">
    <editdetail attribution="Reuters BIP Coding Group" action="confirmed" date="1997-07-03"/>
  </code>
</codes>
<codes class="bip:topics:1.0">
  <code code="GCAT">
    <editdetail attribution="Reuters BIP Coding Group" action="confirmed" date="1997-07-03"/>
  </code>
  <code code="GSPO">
    <editdetail attribution="Reuters BIP Coding Group" action="confirmed" date="1997-07-03"/>
  </code>
</codes>
<dc element="dc.date.created" value="1997-07-03"/>
<dc element="dc.publisher" value="Reuters Holdings Plc"/>
<dc element="dc.date.published" value="1997-07-03"/>
<dc element="dc.source" value="Reuters"/>
<dc element="dc.creator.location" value="LONDON"/>
<dc element="dc.creator.location.country.name" value="UK"/>
<dc element="dc.source" value="Reuters"/>
</metadata>
</newsitem>
