<?xml version="1.0" encoding="iso-8859-1" ?>
<newsitem itemid="704122" id="root" date="1997-07-03" xml:lang="en">
<title>UK: CRICKET-AUSTRALIA 224-7 V ENGLAND, 3RD TEST, 1ST DAY-CLOSE.</title>
<headline>CRICKET-AUSTRALIA 224-7 V ENGLAND, 3RD TEST, 1ST DAY-CLOSE.</headline>
<text>
<p>M.Taylor c Thorpe b Headley     2</p>
<p> M.Elliott c Stewart b Headley  40</p>
<p> G.Blewett b Gough		   8</p>
<p> M.Waugh c Stewart b Ealham    12</p>
<p> S.Waugh not out		   102</p>
<p> M.Bevan c Stewart b Headley     7</p>
<p> I.Healy c Stewart b Caddick     9</p>
<p> S.Warne c Stewart b Ealham	3</p>
<p> P.Reiffel not out		  26</p>
<p> Extras				 15</p>
<p>Wicketfalls: 1-9 2-22 3-42 4-85 5-113 6-150 7-160</p>
<p>To bat: J.Gillespie, G.McGrath.</p>
<p>========================</p>
<p>England - M.Atherton (capt), Mark Butcher, Alec Stewart,</p>
<p>Nasser Hussain, Graham Thorpe, John Crawley, Mark Ealham, Robert</p>
<p>Croft, Darren Gough, Andy Caddick, Dean Headley.</p>
<p>Australia won the toss.</p>
</text>
<copyright>(c) Reuters Limited 1997</copyright>
<metadata>
<codes class="bip:countries:1.0">
  <code code="AUSTR">
    <editdetail attribution="Reuters BIP Coding Group" action="confirmed" date="1997-07-03"/>
  </code>
  <code code="UK">
    <editdetail attribution="Reuters BIP Coding Group" action="confirmed" date="1997-07-03"/>
  </code>
</codes>
<codes class="bip:topics:1.0">
  <code code="GCAT">
    <editdetail attribution="Reuters BIP Coding Group" action="confirmed" date="1997-07-03"/>
  </code>
  <code code="GSPO">
    <editdetail attribution="Reuters BIP Coding Group" action="confirmed" date="1997-07-03"/>
  </code>
</codes>
<dc element="dc.publisher" value="Reuters Holdings Plc"/>
<dc element="dc.date.published" value="1997-07-03"/>
<dc element="dc.source" value="Reuters"/>
<dc element="dc.creator.location.country.name" value="UK"/>
<dc element="dc.source" value="Reuters"/>
</metadata>
</newsitem>
