<?xml version="1.0" encoding="iso-8859-1" ?>
<newsitem itemid="704109" id="root" date="1997-07-03" xml:lang="en">
<title>USA: Sterling Foster &amp; Co target of suit - attorneys.</title>
<headline>Sterling Foster &amp; Co target of suit - attorneys.</headline>
<dateline>NEW YORK 1997-07-03</dateline>
<text>
<p>Attorneys for purchasers of securities through the retail brokerage firm Sterling Foster &amp; Co Inc in several public offerings during an almost two-year period said a class action suit was filed against the firm.</p>
<p>The complaint alleges the firm, the president and controlling shareholder Adam Lieberman, and others of manipulating the price of securities it offered.</p>
<p>The complaint alleges that Sterling Foster, prior to the public offerings, entered into undisclosed agreements with certain shareholders' to purchase all or large portions of their stock at prices well below the offering price.  </p>
<p>According to a press release, the offerings occurred between Oct. 17, 1994 and Sept. 3, 1996.</p>
</text>
<copyright>(c) Reuters Limited 1997</copyright>
<metadata>
<codes class="bip:countries:1.0">
  <code code="USA">
    <editdetail attribution="Reuters BIP Coding Group" action="confirmed" date="1997-07-03"/>
  </code>
</codes>
<codes class="bip:industries:1.0">
  <code code="I83100">
    <editdetail attribution="Reuters BIP Coding Group" action="confirmed" date="1997-07-03"/>
  </code>
</codes>
<codes class="bip:topics:1.0">
  <code code="C12">
    <editdetail attribution="Reuters BIP Coding Group" action="confirmed" date="1997-07-03"/>
  </code>
  <code code="CCAT">
    <editdetail attribution="Reuters BIP Coding Group" action="confirmed" date="1997-07-03"/>
  </code>
  <code code="GCAT">
    <editdetail attribution="Reuters BIP Coding Group" action="confirmed" date="1997-07-03"/>
  </code>
  <code code="GCRIM">
    <editdetail attribution="Reuters BIP Coding Group" action="confirmed" date="1997-07-03"/>
  </code>
</codes>
<dc element="dc.date.created" value="1997-07-03"/>
<dc element="dc.publisher" value="Reuters Holdings Plc"/>
<dc element="dc.date.published" value="1997-07-03"/>
<dc element="dc.source" value="Reuters"/>
<dc element="dc.creator.location" value="NEW YORK"/>
<dc element="dc.creator.location.country.name" value="USA"/>
<dc element="dc.source" value="Reuters"/>
</metadata>
</newsitem>
