<?xml version="1.0" encoding="iso-8859-1" ?>
<newsitem itemid="704192" id="root" date="1997-07-03" xml:lang="en">
<title>USA: BASEBALL-WEDNESDAY'S MAJOR LEAGUE RESULTS.</title>
<headline>BASEBALL-WEDNESDAY'S MAJOR LEAGUE RESULTS.</headline>
<dateline>NEW YORK 1997-07-02</dateline>
<text>
<p>Results of Major League</p>
<p>Baseball games on Wednesday (home team in CAPS):</p>
<p>		 Interleague games</p>
<p> CINCINNATI	  7  Milwaukee	   4</p>
<p> DETROIT	     9  NY Mets	     7</p>
<p> Atlanta	     2  NY YANKEES	  0</p>
<p> CHICAGO CUBS	3  Kansas City	 2</p>
<p> BALTIMORE	  10  Philadelphia	6</p>
<p> Oakland	     8  SAN FRANCISCO     1</p>
<p> Florida	     3  BOSTON		2</p>
<p> PITTSBURGH	  3  Chi White Sox     1</p>
<p> TEXAS		 9  Colorado	    1</p>
<p> TORONTO	     7  Montreal	    6 (in 13</p>
<p> HOUSTON	     6  Cleveland	   2</p>
<p> ST LOUIS	    2  Minnesota	   1 (in 10)</p>
<p> Los Angeles	 5  ANAHEIM	     4</p>
<p> SAN DIEGO	   8  Seattle	     5</p>
</text>
<copyright>(c) Reuters Limited 1997</copyright>
<metadata>
<codes class="bip:countries:1.0">
  <code code="CANA">
    <editdetail attribution="Reuters BIP Coding Group" action="confirmed" date="1997-07-03"/>
  </code>
  <code code="USA">
    <editdetail attribution="Reuters BIP Coding Group" action="confirmed" date="1997-07-03"/>
  </code>
</codes>
<codes class="bip:topics:1.0">
  <code code="GCAT">
    <editdetail attribution="Reuters BIP Coding Group" action="confirmed" date="1997-07-03"/>
  </code>
  <code code="GSPO">
    <editdetail attribution="Reuters BIP Coding Group" action="confirmed" date="1997-07-03"/>
  </code>
</codes>
<dc element="dc.date.created" value="1997-07-02"/>
<dc element="dc.publisher" value="Reuters Holdings Plc"/>
<dc element="dc.date.published" value="1997-07-03"/>
<dc element="dc.source" value="Reuters"/>
<dc element="dc.creator.location" value="NEW YORK"/>
<dc element="dc.creator.location.country.name" value="USA"/>
<dc element="dc.source" value="Reuters"/>
</metadata>
</newsitem>
