<?xml version="1.0" encoding="iso-8859-1" ?>
<newsitem itemid="704189" id="root" date="1997-07-03" xml:lang="en">
<title>USA: NHL ICE HOCKEY-STARS SIGN D SHAWN CHAMBERS TO THREE-YEAR DEAL.</title>
<headline>NHL ICE HOCKEY-STARS SIGN D SHAWN CHAMBERS TO THREE-YEAR DEAL.</headline>
<dateline>DALLAS 1997-07-03</dateline>
<text>
<p>The Dallas Stars made their second significant free-agent signing in as many days Thursday by inking defenceman Shawn Chambers to a three-year contract.</p>
<p>Chambers, who played the last two-plus seasons with the New Jersey Devils, joins veteran goaltender Ed Belfour as free agents to sign with Dallas this week.</p>
<p>The 30-year-old Chambers, considered one of the best two-way defenceman available in the free agent market, had four goals and 17 assists in 73 games with New Jersey last season. He added a goal and six assists in 10 playoff games with the Devils.</p>
<p>Chambers was originally a supplemental draft pick of the Minnesota North Stars in 1987 and also played for the Washington Capitals and Tampa Bay Lightning before joining the Devils midway through the 1994-95 campaign.</p>
<p>Dallas went from last to first in the Central Division this past season only to lose in the first round of the playoffs to the Edmonton Oilers in seven games.</p>
<p>But after posting the second best record in the league with 48 wins and 104 points, the Stars are working in the off-season to add the talent and experience necessary to battle their Western Conference rivals the Stanley Cup champion Detroit Red Wings and the Colorado Avalanche, who finished first overall in the league.</p>
<p>The Devils have lost two defencemen in as many days to free agency after Dave Ellett signed with the Boston Bruins Wednesday.</p>
</text>
<copyright>(c) Reuters Limited 1997</copyright>
<metadata>
<codes class="bip:countries:1.0">
  <code code="USA">
    <editdetail attribution="Reuters BIP Coding Group" action="confirmed" date="1997-07-03"/>
  </code>
</codes>
<codes class="bip:topics:1.0">
  <code code="GCAT">
    <editdetail attribution="Reuters BIP Coding Group" action="confirmed" date="1997-07-03"/>
  </code>
  <code code="GSPO">
    <editdetail attribution="Reuters BIP Coding Group" action="confirmed" date="1997-07-03"/>
  </code>
</codes>
<dc element="dc.date.created" value="1997-07-03"/>
<dc element="dc.publisher" value="Reuters Holdings Plc"/>
<dc element="dc.date.published" value="1997-07-03"/>
<dc element="dc.source" value="Reuters"/>
<dc element="dc.creator.location" value="DALLAS"/>
<dc element="dc.creator.location.country.name" value="USA"/>
<dc element="dc.source" value="Reuters"/>
</metadata>
</newsitem>
