<?xml version="1.0" encoding="iso-8859-1" ?>
<newsitem itemid="704117" id="root" date="1997-07-03" xml:lang="en">
<title>IRELAND: GOLF-BALLESTEROS GIVES UP HOPE OF BEING PLAYING CAPTAIN.</title>
<headline>GOLF-BALLESTEROS GIVES UP HOPE OF BEING PLAYING CAPTAIN.</headline>
<byline>Norman Dabell</byline>
<dateline>DUBLIN  1997-07-03</dateline>
<text>
<p>Seve Ballesteros finally conceded on Thursday that he was highly unlikely to be a playing captain of Europe's Ryder Cup team against the Americans at Valderrama in September.</p>
<p>&quot;I'm not going to play at Valderrama. The way I'm playing it would not be fair to pick myself - unless things change dramatically,&quot; he said after struggling to a four-over-par 75 in the first round of the Irish Open.</p>
<p>Ballesteros had maintained right up to this week that he would not be rule out being Europe's first playing captain until the squad was chosen after August 31.</p>
<p>But after putting himself in danger of missing his ninth cut in 11 starts this year, while suffering further from a recurring back injury, he said he was &quot;ready to throw in the towel.&quot;</p>
<p>&quot;It seems to me it's not possible to play and be the captain, and do a good job. So unless there's a miracle, I'll not be playing in the team, just being a good captain, I hope.</p>
<p>&quot;It's been difficult because I've been struggling for a long time with my back as well as my game and things have not gone well.</p>
<p>&quot;I don't want to keep talking about the back problems but obviously they have not helped me.&quot;</p>
<p>His predecessor in the European captain's chair, Bernard Gallacher, had urged Ballesteros strongly last month not to think about trying to play.</p>
<p>&quot;Seve should not consider being playing captain even if he wins the British Open,&quot; said Gallacher, who led Europe to victory at Oak Hill in 1995, &quot;because he cannot possibly organise the pairings if he is out on the course.&quot;</p>
</text>
<copyright>(c) Reuters Limited 1997</copyright>
<metadata>
<codes class="bip:countries:1.0">
  <code code="IRE">
    <editdetail attribution="Reuters BIP Coding Group" action="confirmed" date="1997-07-03"/>
  </code>
  <code code="SPAIN">
    <editdetail attribution="Reuters BIP Coding Group" action="confirmed" date="1997-07-03"/>
  </code>
  <code code="USA">
    <editdetail attribution="Reuters BIP Coding Group" action="confirmed" date="1997-07-03"/>
  </code>
</codes>
<codes class="bip:topics:1.0">
  <code code="GCAT">
    <editdetail attribution="Reuters BIP Coding Group" action="confirmed" date="1997-07-03"/>
  </code>
  <code code="GSPO">
    <editdetail attribution="Reuters BIP Coding Group" action="confirmed" date="1997-07-03"/>
  </code>
</codes>
<dc element="dc.date.created" value="1997-07-03"/>
<dc element="dc.publisher" value="Reuters Holdings Plc"/>
<dc element="dc.date.published" value="1997-07-03"/>
<dc element="dc.source" value="Reuters"/>
<dc element="dc.creator.location" value="DUBLIN ("/>
<dc element="dc.creator.location.country.name" value="IRELAND"/>
<dc element="dc.source" value="Reuters"/>
</metadata>
</newsitem>
