<?xml version="1.0" encoding="iso-8859-1" ?>
<newsitem itemid="704279" id="root" date="1997-07-03" xml:lang="en">
<title>LITHUANIA: LITHUANIAN JUNE UNEMPLOYMENT 5.3 PCT IN JUNE.</title>
<headline>LITHUANIAN JUNE UNEMPLOYMENT 5.3 PCT IN JUNE.</headline>
<dateline>VILNIUS 1997-07-03</dateline>
<text>
<p>Unemployment declined to 5.3 percent in June from 5.6 percent in May, the Labour Exchange said on Thursday.</p>
<p>  LITHUANIAN UNEMPLOYMENT     June '97   May '97   June '96</p>
<p>  Unemployment rate (percent)  5.3	 5.6	 7.0</p>
<p>  Number of unemployed	  93,293     98,980    122,004</p>
<p>-- Burton Frierson, Vilnius newsroom + 370 2 22 35 18</p>
</text>
<copyright>(c) Reuters Limited 1997</copyright>
<metadata>
<codes class="bip:countries:1.0">
  <code code="LITH">
    <editdetail attribution="Reuters BIP Coding Group" action="confirmed" date="1997-07-03"/>
  </code>
</codes>
<codes class="bip:topics:1.0">
  <code code="E41">
    <editdetail attribution="Reuters BIP Coding Group" action="confirmed" date="1997-07-03"/>
  </code>
  <code code="ECAT">
    <editdetail attribution="Reuters BIP Coding Group" action="confirmed" date="1997-07-03"/>
  </code>
  <code code="GCAT">
    <editdetail attribution="Reuters BIP Coding Group" action="confirmed" date="1997-07-03"/>
  </code>
  <code code="GJOB">
    <editdetail attribution="Reuters BIP Coding Group" action="confirmed" date="1997-07-03"/>
  </code>
</codes>
<dc element="dc.date.created" value="1997-07-03"/>
<dc element="dc.publisher" value="Reuters Holdings Plc"/>
<dc element="dc.date.published" value="1997-07-03"/>
<dc element="dc.source" value="Reuters"/>
<dc element="dc.creator.location" value="VILNIUS"/>
<dc element="dc.creator.location.country.name" value="LITHUANIA"/>
<dc element="dc.source" value="Reuters"/>
</metadata>
</newsitem>
