<?xml version="1.0" encoding="iso-8859-1" ?>
<newsitem itemid="704292" id="root" date="1997-07-03" xml:lang="en">
<title>UK: TABLE - Consensus of U.K. economic indicators.</title>
<headline>TABLE - Consensus of U.K. economic indicators.</headline>
<text>
<p>GMT ----------KEY INDICATOR-----------F/CAST-----RANGE---PRVS</p>
<p> 0730 Mon   UK  CONSUMER CREDIT  MAY  900  MLN   700/1100   691</p>
<p> 0830 Mon   UK  M0 (PROV) SA     JUN  0.8  PCT   0.4/1.1    0.3</p>
<p> 0830 Mon   UK  M0 (PROV) Y/Y    JUN  6.0  PCT   5.7/6.3    6.1</p>
<p> 0830 Mon   UK  M4 (FINAL) SA    MAY  1.0  PCT   0.5/1.3    1.3</p>
<p> 0830 Mon   UK  M4 (FINAL)(Y/Y)  MAY  10.6 PCT   9.8/11.3  11.1</p>
<p> 0830 Mon   UK  M4 LENDING (FINALMAY  7.4  BLN     N/A	9.2</p>
<p> 0830 Tue   UK  PURCH MGR. INDEX.JUN  N/F  PCT     N/A     54.6</p>
<p> 0830 Wed   UK  OFFICIAL RSRVS $ JUN  58.0 MLN     N/A	-26</p>
<p> 0830 Thu   UK  CONST'N NEW ORDS MAY  N/F  PCT     N/A     -2.0</p>
<p> 0830 Thu   UK  PURCH MGR SRVCS  JUN  N/F  PCT     N/A     64.8</p>
<p> 1030 Thu   UK  CBI SVY OF DISTRIJUN  N/F	    N/A	N/A</p>
<p> 0830 Fri   UK  HOUSING CMPLTNS  MAY  N/F  K	 N/A	1.0</p>
<p> 0830 Fri   UK  HOUSING STARTS   MAY  N/F  K	 N/A     -4.0</p>
<p>*ECONOMIC INDICATORS WEEK COMMENCING JULY 7</p>
<p> 0830 Mon   UK  INDUSTRIAL PROD  MAY  0.1  PCT  -0.1/0.5    1.2</p>
<p> 0830 Mon   UK  INDUSTRIAL (Y/Y) MAY  1.0  PCT   0.7/1.5    2.2</p>
<p> 0830 Mon   UK  MANUF. OUTPUT    MAY  1.1  PCT   0.2/2.3    0.6</p>
<p> 0830 Mon   UK  MANUF. (Y/Y)     MAY  2.0  PCT   0.7/2.5    2.3</p>
<p> 0830 Tue   UK  RETAIL PRICES    JUN  N/F  PCT     N/A	0.4</p>
<p> 0830 Tue   UK  RETAIL PRI (Y/Y) JUN  N/F  PCT     N/A	2.6</p>
<p> 0830 Tue   UK  RPI-X	 (Y/Y)JUN  N/F  PCT     N/A	2.5</p>
<p> 0830 Tue   UK  RPI-Y	 (Y/Y)JUN  N/F  PCT     N/A	2.0</p>
<p>*ECONOMIC INDICATORS WEEK COMMENCING JULY 14</p>
<p> 0830 Mon   UK  OUTPUT EX FDT    JUN  N/F  PCT     N/A     UNCH</p>
<p> 0830 Mon   UK  OUTPUT X FDT Y/Y JUN  N/F  PCT     N/A	0.6</p>
<p> 0830 Mon   UK  PPI (INPUT) SA   JUN  N/F  PCT     N/A	0.7</p>
<p> 0830 Mon   UK  PPI (INPUT) Y/Y  JUN  N/F  PCT     N/A     -9.1</p>
<p> 0830 Mon   UK  PPI (OUTPUT) NSA JUN  N/F  PCT     N/A	0.1</p>
<p> 0830 Mon   UK  PPI (OUTPUT) Y/Y JUN  N/F  PCT     N/A	1.0</p>
<p> 0830 Wed   UK  AVERAGE EARNINGS MAY  N/F  PCT     N/A	4.5</p>
<p> 0830 Wed   UK  PSBR		 JUN  N/F  BLN     N/A	4.0</p>
<p> 0830 Wed   UK  UNEMPLOYMENT     JUN  N/F  K	 N/A    -18.4</p>
<p> 0830 Wed   UK  UNEMPLOYMENT     JUN  N/F  PCT     N/A	5.8</p>
<p> 0830 Wed   UK  WAGE COSTS 3MTH/3MAY  N/F  PCT     N/A	2.2</p>
<p> 0830 Fri   UK  B/S NET MORT APPSJUN  N/F  BLN     N/A	3.2</p>
<p> 0830 Fri   UK  M4     (PROV.)   JUN  N/F  PCT     N/A	1.4</p>
<p> 0830 Fri   UK  M4     (PROV;Y/Y)JUN  N/F  PCT     N/A     11.1</p>
<p> 0830 Fri   UK  M4 LENDING (PROV)JUN  N/F  BLN     N/A	9.1</p>
<p> 0830 Fri   UK  MOTOR VHCL PROD  JUN  N/F  PCT     N/A     -4.2</p>
<p>*ECONOMIC INDICATORS WEEK COMMENCING JULY 21</p>
<p> 0830 Wed   UK  RETAIL SALES SA  JUN  N/F  PCT     N/A	1.1</p>
<p> 0830 Wed   UK  RETAIL SLS (Y/Y) JUN  N/F  PCT     N/A	5.3</p>
<p> 0830 Thu   UK  HICP (Y/Y)	 JUN  N/F  PCT     N/A	1.6</p>
<p> 0830 Thu   UK  NON-EU TRADE     JUN  N/F  MLN     N/A     -563</p>
<p> 0830 Thu   UK  TRADE IN GOODS   MAY  N/F  MLN     N/A     -961</p>
<p> 0830 Thu   UK  TRD IN GDS EX OILMAY  N/F  MLN     N/A    -1478</p>
<p> 1030 Thu   UK  CBI INDUSTRIAL TRJUL  N/F	    N/A	N/A</p>
<p> 0830 Fri   UK  GDP (PREL) Q/Q   Q2   N/F  PCT     N/A	0.9</p>
<p> 0830 Fri   UK  GDP (PREL) Y/Y   Q2   3.2  PCT   2.2/4.1    3.1</p>
<p> 0830 Fri   UK  GDP EX OIL (PREL)Q2   N/F  PCT     N/A	1.0</p>
<p> 0830 Fri   UK  GDP EX OIL Y/Y   Q2   N/F  PCT     N/A	3.1</p>
<p>*ECONOMIC INDICATORS WEEK COMMENCING JULY 28</p>
<p> 0830 Tue   UK  M4 (FINAL) SA    JUN  N/F  PCT     N/A	N/A</p>
<p> 0830 Tue   UK  M4 (FINAL)(Y/Y)  JUN  N/F  PCT     N/A	N/A</p>
<p> 0830 Tue   UK  M4 LENDING (FINALJUN  N/F  BLN     N/A	N/A</p>
<p> 0830 Fri   UK  CONSUMER CREDIT  JUN  N/F  MLN     N/A	N/A</p>
<p> 0830 Fri   UK  PURCH MGR. INDEX.JUL  N/F  PCT     N/A	N/A</p>
<p>*ECONOMIC INDICATORS WEEK COMMENCING AUGUST 4</p>
<p> 0830 Mon   UK  M0 (PROV) SA     JUL  N/F  PCT     N/A	N/A</p>
<p> 0830 Mon   UK  M0 (PROV) Y/Y    JUL  N/F  PCT     N/A	N/A</p>
<p> 0830 Mon   UK  OFFICIAL RSRVS $ JUL  N/F  MLN     N/A	N/A</p>
<p> 0830 Mon   UK  PURCH MGR SRVCS  JUL  N/F  PCT     N/A	N/A</p>
<p> 0830 Tue   UK  INDUSTRIAL (Y/Y) JUN  N/F  PCT     N/A	N/A</p>
<p> 0830 Tue   UK  INDUSTRIAL PROD  JUN  N/F  PCT     N/A	N/A</p>
<p> 0830 Tue   UK  MANUF. (Y/Y)     JUN  N/F  PCT     N/A	N/A</p>
<p> 0830 Tue   UK  MANUF. OUTPUT    JUN  N/F  PCT     N/A	N/A</p>
<p> 1000 Tue   UK  CBI REGIONAL TRENAUG  N/F	    N/A	N/A</p>
<p> 0830 Thu   UK  CONST'N NEW ORDS JUN  N/F  PCT     N/A	N/A</p>
<p> 0830 Fri   UK  HOUSING CMPLTNS (JUN  N/F  K	 N/A	N/A</p>
<p> 0830 Fri   UK  HOUSING STARTS (YJUN  N/F  K	 N/A	N/A</p>
<p>*ECONOMIC INDICATORS WEEK COMMENCING AUGUST 11</p>
<p> 0830 Mon   UK  OUTPUT EX FDT    JUL  N/F  PCT     N/A	N/A</p>
<p> 0830 Mon   UK  OUTPUT X FDT Y/Y JUL  N/F  PCT     N/A	N/A</p>
<p> 0830 Mon   UK  PPI (INPUT) SA   JUL  N/F  PCT     N/A	N/A</p>
<p> 0830 Mon   UK  PPI (INPUT) Y/Y  JUL  N/F  PCT     N/A	N/A</p>
<p> 0830 Mon   UK  PPI (OUTPUT) NSA JUL  N/F  PCT     N/A	N/A</p>
<p> 0830 Mon   UK  PPI (OUTPUT)Y/Y  JUL  N/F  PCT     N/A	N/A</p>
<p> 0830 Tue   UK  RETAIL PRI (Y/Y) JUL  N/F  PCT     N/A	N/A</p>
<p> 0830 Tue   UK  RETAIL PRICES    JUL  N/F  PCT     N/A	N/A</p>
<p> 0830 Tue   UK  RPI-X	 Y/Y  JUL  N/F  PCT     N/A	N/A</p>
<p> 0830 Tue   UK  RPI-Y	 Y/Y  JUL  N/F  PCT     N/A	N/A</p>
<p> 0830 Wed   UK  AVERAGE EARNINGS JUN  N/F  PCT     N/A	N/A</p>
<p> 0830 Wed   UK  UNEMPLOYMENT     JUL  N/F  K	 N/A	N/A</p>
<p> 0830 Wed   UK  UNEMPLOYMENT     JUL  N/F  PCT     N/A	N/A</p>
<p> 0830 Wed   UK  WAGE COSTS 3MTH/3JUN  N/F  PCT     N/A	N/A</p>
<p>*ECONOMIC INDICATORS WEEK COMMENCING AUGUST 18</p>
<p> 0830 Mon   UK  PSBR		 JUL  N/F  BLN     N/A	N/A</p>
<p> 0830 Wed   UK  B/S NET MORT APPSJUL  N/F  BLN     N/A	N/A</p>
<p> 0830 Wed   UK  M4     (PROV.)   JUL  N/F  PCT     N/A	N/A</p>
<p> 0830 Wed   UK  M4     (PROV;Y/Y)JUL  N/F  PCT     N/A	N/A</p>
<p> 0830 Wed   UK  M4 LENDING	 JUL  N/F  PCT     N/A	N/A</p>
<p> 0830 Wed   UK  RETAIL SALES SA  JUL  N/F  PCT     N/A	N/A</p>
<p> 0830 Wed   UK  RETAIL SLS (Y/Y) JUL  N/F  PCT     N/A	N/A</p>
<p> 0830 Fri   UK  MOTOR VHCL PROD  JUL  N/F  PCT     N/A	N/A</p>
<p>*ECONOMIC INDICATORS WEEK COMMENCING AUGUST 25</p>
<p> 0830 Wed   UK  HICP (Y/Y)	 JUL  N/F  PCT     N/A	N/A</p>
<p> 0830 Wed   UK  NON-EU TRADE     JUL  N/F  MLN     N/A	N/A</p>
<p> 0830 Wed   UK  TRADE IN GOODS   JUN  N/F  MLN     N/A	N/A</p>
<p> 0830 Wed   UK  TRD IN GDS EX OILJUN  N/F  MLN     N/A	N/A</p>
<p> 0830 Fri   UK  M4 (FINAL)	 JUL  N/F  PCT     N/A	N/A</p>
<p> 0830 Fri   UK  M4 (FINAL)(Y/Y)  JUL  N/F  PCT     N/A	N/A</p>
<p>*ECONOMIC INDICATORS WEEK COMMENCING SEPTEMBER 1</p>
<p> 0830 Mon   UK  CONSUMER CREDIT  JUL  N/F  MLN     N/A	N/A</p>
<p> 0830 Mon   UK  PURCH MGR. INDEX.AUG  N/F  PCT     N/A	N/A</p>
<p> 0830 Tue   UK  M0 (PROV) SA     AUG  N/F  PCT     N/A	N/A</p>
<p> 0830 Tue   UK  M0 (PROV) Y/Y    AUG  N/F  PCT     N/A	N/A</p>
<p> 0830 Tue   UK  OFFICIAL RSRVS $ AUG  N/F  MLN     N/A	N/A</p>
<p> 0830 Wed   UK  CONST'N NEW ORDS JUL  N/F  PCT     N/A	N/A</p>
<p> 0830 Thu   UK  PURCH MGR SRVCS  AUG  N/F  PCT     N/A	N/A</p>
<p> 0830 Fri   UK  INDUSTRIAL (Y/Y) JUL  N/F  PCT     N/A	N/A</p>
<p> 0830 Fri   UK  MANUF. (Y/Y)     JUL  N/F  PCT     N/A	N/A</p>
<p> 0830 Fri   UK  MANUF. OUTPUT    JUL  N/F  PCT     N/A	N/A</p>
<p>*ECONOMIC INDICATORS WEEK COMMENCING SEPTEMBER 8</p>
<p> 0830 Mon   UK  OUTPUT EX FDT    AUG  N/F  PCT     N/A	N/A</p>
<p> 0830 Mon   UK  OUTPUT X FDT Y/Y AUG  N/F  PCT     N/A	N/A</p>
<p> 0830 Mon   UK  PPI (INPUT) SA   AUG  N/F  PCT     N/A	N/A</p>
<p> 0830 Mon   UK  PPI (INPUT) Y/Y  AUG  N/F  PCT     N/A	N/A</p>
<p> 0830 Mon   UK  PPI (OUTPUT) NSA AUG  N/F  PCT     N/A	N/A</p>
<p> 0830 Mon   UK  PPI (OUTPUT)Y/Y  AUG  N/F  PCT     N/A	N/A</p>
<p> 0830 Tue   UK  HOUSING CMPLTNS (JUL  N/F  K	 N/A	N/A</p>
<p> 0830 Tue   UK  HOUSING STARTS (YJUL  N/F  K	 N/A	N/A</p>
<p> 0830 Thu   UK  RETAIL PRI (Y/Y) AUG  N/F  PCT     N/A	N/A</p>
<p> 0830 Thu   UK  RETAIL PRICES    AUG  N/F  PCT     N/A	N/A</p>
<p> 0830 Thu   UK  RPI-X	 Y/Y  AUG  N/F  PCT     N/A	N/A</p>
<p> 0830 Thu   UK  RPI-Y	 Y/Y  AUG  N/F  PCT     N/A	N/A</p>
<p>*ECONOMIC INDICATORS WEEK COMMENCING SEPTEMBER 15</p>
<p> 0830 Mon   UK  WAGE COSTS 3MTH/3JUL  N/F  PCT     N/A	N/A</p>
<p> 0830 Tue   UK  UNEMPLOYMENT     AUG  N/F  K	 N/A	N/A</p>
<p> 0830 Tue   UK  UNEMPLOYMENT     AUG  N/F  PCT     N/A	N/A</p>
<p> 0830 Tue   UK  PSBR		 AUG  N/F  BLN     N/A	N/A</p>
<p> 0830 Wed   UK  AVERAGE EARNINGS JUL  N/F  PCT     N/A	N/A</p>
<p> 0830 Wed   UK  RETAIL SALES SA  AUG  N/F  PCT     N/A	N/A</p>
<p> 0830 Wed   UK  RETAIL SLS (Y/Y) AUG  N/F  PCT     N/A	N/A</p>
<p> 0830 Thu   UK  M4     (PROV.)   AUG  N/F  PCT     N/A	N/A</p>
<p> 0830 Thu   UK  M4 LENDING	 AUG  N/F  PCT     N/A	N/A</p>
<p> 0830 Thu   UK  MOTOR VHCL PROD  AUG  N/F  PCT     N/A	N/A</p>
<p> 0930 Thu   UK  M4     (PROV;Y/Y)JUL  N/F  PCT     N/A	N/A</p>
<p>*ECONOMIC INDICATORS WEEK COMMENCING SEPTEMBER 22</p>
<p> 0830 Mon   UK  B/S NET MORT APPSAUG  N/F  BLN     N/A	N/A</p>
<p> 0830 Tue   UK  CURRENT ACCOUNT  Q2  -0.6  BLN  -1.8/0.6    1.5</p>
<p> 0830 Tue   UK  TRADE IN GOODS   Q2  -3.2  BLN  -4.0/-2.2  -2.1</p>
<p> 0830 Thu   UK  HICP (Y/Y)	 JUL  N/F  PCT     N/A	N/A</p>
<p> 0830 Fri   UK  TRADE IN GOODS   JUL  N/F  MLN     N/A	N/A</p>
<p> 0830 Fri   UK  TRD IN GDS EX OILJUL  N/F  MLN     N/A	N/A</p>
<p>** Danielle Gann London newsroom +44 171 542 6425 **</p>
</text>
<copyright>(c) Reuters Limited 1997</copyright>
<metadata>
<codes class="bip:countries:1.0">
  <code code="UK">
    <editdetail attribution="Reuters BIP Coding Group" action="confirmed" date="1997-07-03"/>
  </code>
</codes>
<codes class="bip:topics:1.0">
  <code code="E71">
    <editdetail attribution="Reuters BIP Coding Group" action="confirmed" date="1997-07-03"/>
  </code>
  <code code="ECAT">
    <editdetail attribution="Reuters BIP Coding Group" action="confirmed" date="1997-07-03"/>
  </code>
</codes>
<dc element="dc.publisher" value="Reuters Holdings Plc"/>
<dc element="dc.date.published" value="1997-07-03"/>
<dc element="dc.source" value="Reuters"/>
<dc element="dc.creator.location.country.name" value="UK"/>
<dc element="dc.source" value="Reuters"/>
</metadata>
</newsitem>
