<?xml version="1.0" encoding="iso-8859-1" ?>
<newsitem itemid="704274" id="root" date="1997-07-03" xml:lang="en">
<title>LITHUANIA: PRESS DIGEST - LITHUANIA - JULY 3.</title>
<headline>PRESS DIGEST - LITHUANIA - JULY 3.</headline>
<dateline>VILNIUS 1997-07-03</dateline>
<text>
<p>Lithuanian newspapers carried the following reports in their Thursday editions. Reuters has not verified these stories and does not vouch for their accuracy:</p>
<p>LIETUVOS RYTAS</p>
<p>- Parliament approved state guarantees for foreign loans of up to 101.5 million litas for construction of the Butinge Nafta oil terminal. The sum is expected to cover half the construction costs.</p>
<p>- The state security department is investigating a version of the Miami nuclear weapons scandal that suggests that the affair was the work of Russian special services in an effort to hurt Lithuania's aspirations to join NATO.</p>
<p>- Kaunas brewer Ragutis said it made 2.3 million litas profit during the first half of 1997 compared to 1.5 million litas in the first half of 1996.</p>
<p>- Klaipeda brewer Shvyturys led the market in beer production in the month of May, brewing 2.92 million liters of beer. According to preliminary figures, Shvyturys brewed 3.1 million liters in June. No comparative figures were given.</p>
<p>- Litimpeks Bank said that following the completion of its 60 million litas share emission, foreign capital controls 76 percent of the the bank's shares.</p>
<p>- A SAS MD-81 returned to Vilnius international Airport, unable to complete its flight to Copenhagen due to technical problems on Wednesday. The MD-81 was in the air for 15 minutes.</p>
<p>- The price of the new $200 million eurobond will be decided on July 10. The government hopes to sign an agreement with Western banks on July 15. It will be the biggest issue of government securities and its five-year maturity the longest.</p>
<p>RESPUBLIKA</p>
<p>- According to a Respublika/Baltijos Tyrimai poll, one-third of voters surveyed said they would vote for Lithuanian-American Valdas Adamkus, a former environment protection agency official, as president.</p>
<p>LIETUVOS AIDAS</p>
<p>- Polish and Lithuanian parliamentarians gathered in their first joint assembly in Vilnius on Wednesday. Lithuanian President Algirdas Brazauskas urged the group to deal with the Warsaw-to-Helsinki highway project, the Via Baltica.</p>
<p>-- Burton Frierson, Vilnius newsroom +370 2 22 35 17</p>
</text>
<copyright>(c) Reuters Limited 1997</copyright>
<metadata>
<codes class="bip:countries:1.0">
  <code code="LITH">
    <editdetail attribution="Reuters BIP Coding Group" action="confirmed" date="1997-07-03"/>
  </code>
</codes>
<codes class="bip:topics:1.0">
  <code code="GCAT">
    <editdetail attribution="Reuters BIP Coding Group" action="confirmed" date="1997-07-03"/>
  </code>
</codes>
<dc element="dc.date.created" value="1997-07-03"/>
<dc element="dc.publisher" value="Reuters Holdings Plc"/>
<dc element="dc.date.published" value="1997-07-03"/>
<dc element="dc.source" value="Reuters"/>
<dc element="dc.creator.location" value="VILNIUS"/>
<dc element="dc.creator.location.country.name" value="LITHUANIA"/>
<dc element="dc.source" value="Reuters"/>
</metadata>
</newsitem>
