<?xml version="1.0" encoding="iso-8859-1" ?>
<newsitem itemid="704281" id="root" date="1997-07-03" xml:lang="en">
<title>ESTONIA: KAUBAMAJA SHARE CAPITAL RISE REGISTERED.</title>
<headline>KAUBAMAJA SHARE CAPITAL RISE REGISTERED.</headline>
<dateline>TALLINN 1997-07-03</dateline>
<text>
<p>Tallinna Kaubamaja has increased its share capital to 67.82 million kroons as of June 30, the Tallinn stock exchange said on Thursday.</p>
<p>From July 3 all trade in the department store's shares will be under the same name, the bourse said in a statement.</p>
<p>Under bourse regulations, shares issued as part of a share capital increase must be traded seperately until the increase is registered in the companies register.</p>
<p>-- Tallinn newsroom +372 620 9201/2 reuters@reuters.ee</p>
</text>
<copyright>(c) Reuters Limited 1997</copyright>
<metadata>
<codes class="bip:countries:1.0">
  <code code="ESTNIA">
    <editdetail attribution="Reuters BIP Coding Group" action="confirmed" date="1997-07-03"/>
  </code>
</codes>
<codes class="bip:industries:1.0">
  <code code="I65600">
    <editdetail attribution="Reuters BIP Coding Group" action="confirmed" date="1997-07-03"/>
  </code>
  <code code="I6560002">
    <editdetail attribution="Reuters BIP Coding Group" action="confirmed" date="1997-07-03"/>
  </code>
</codes>
<codes class="bip:topics:1.0">
  <code code="C17">
    <editdetail attribution="Reuters BIP Coding Group" action="confirmed" date="1997-07-03"/>
  </code>
  <code code="C171">
    <editdetail attribution="Reuters BIP Coding Group" action="confirmed" date="1997-07-03"/>
  </code>
  <code code="CCAT">
    <editdetail attribution="Reuters BIP Coding Group" action="confirmed" date="1997-07-03"/>
  </code>
</codes>
<dc element="dc.date.created" value="1997-07-03"/>
<dc element="dc.publisher" value="Reuters Holdings Plc"/>
<dc element="dc.date.published" value="1997-07-03"/>
<dc element="dc.source" value="Reuters"/>
<dc element="dc.creator.location" value="TALLINN"/>
<dc element="dc.creator.location.country.name" value="ESTONIA"/>
<dc element="dc.source" value="Reuters"/>
</metadata>
</newsitem>
