<?xml version="1.0" encoding="iso-8859-1" ?>
<newsitem itemid="704248" id="root" date="1997-07-03" xml:lang="en">
<title>ESTONIA: ESTONIAN INSTITUTE SEES FURTHER RAPID ECONOMIC GROWTH.</title>
<headline>ESTONIAN INSTITUTE SEES FURTHER RAPID ECONOMIC GROWTH.</headline>
<dateline>TALLINN 1997-07-03</dateline>
<text>
<p>The Estonian Institute for Market Research said on Thursday that it estimated GDP would grow by six percent in 1997 and 1998.</p>
<p>&quot;The growth in the economy, which started in the third quarter of 1996 has continued, reaching six to seven percent in the first half-year according to previous estimates,&quot; the institute added in a booklet published on Thursday.</p>
<p>Estonia's GDP grew by 4.9 in the third quarter and by 7.3 percent in the fourth quarter last year.</p>
<p>The institute added that other statistical figures such as exports, industrial sales, average wages and retail turnover indicated high activity in the economy.</p>
<p>The institute said that the overall local economic situation in six months would be as favourable as it is now.</p>
<p>Some 52 percent of its experts estimated the situation would stay stable in six months while 24 percent thought the situation would be better in six months.</p>
<p>The estimate is based on positive changes in industry, which enable exports to rise and reduce the current account deficit.</p>
<p>Some 24 percent of experts estimated the situation would worsen because of high inflation and possible import restrictions, which would reduce competitiveness and worsen its image for foreign investors.</p>
<p>-- Eva Palu, Tallinn newsroom, +372 6209 201, reuters@reuters.ee</p>
</text>
<copyright>(c) Reuters Limited 1997</copyright>
<metadata>
<codes class="bip:countries:1.0">
  <code code="ESTNIA">
    <editdetail attribution="Reuters BIP Coding Group" action="confirmed" date="1997-07-03"/>
  </code>
</codes>
<codes class="bip:topics:1.0">
  <code code="E11">
    <editdetail attribution="Reuters BIP Coding Group" action="confirmed" date="1997-07-03"/>
  </code>
  <code code="ECAT">
    <editdetail attribution="Reuters BIP Coding Group" action="confirmed" date="1997-07-03"/>
  </code>
</codes>
<dc element="dc.date.created" value="1997-07-03"/>
<dc element="dc.publisher" value="Reuters Holdings Plc"/>
<dc element="dc.date.published" value="1997-07-03"/>
<dc element="dc.source" value="Reuters"/>
<dc element="dc.creator.location" value="TALLINN"/>
<dc element="dc.creator.location.country.name" value="ESTONIA"/>
<dc element="dc.source" value="Reuters"/>
</metadata>
</newsitem>
