<?xml version="1.0" encoding="iso-8859-1" ?>
<newsitem itemid="704254" id="root" date="1997-07-03" xml:lang="en">
<title>LATVIA: DAUGAVPILS CHAIN TO MOVE TO OFFICIAL LIST.</title>
<headline>DAUGAVPILS CHAIN TO MOVE TO OFFICIAL LIST.</headline>
<dateline>RIGA 1997-07-03</dateline>
<text>
<p>The stock exchange on Thursday said that Daugavpils Chain would move from the secondary list of the bourse to the official list from July 14.</p>
<p>&quot;This is the sixth company which has had its shares included in the bourse's official list,&quot; the stock exchange said in a statement.  </p>
<p>Daugavpils has been an active secondary market although it has settled around 1.10 lats level of late.</p>
<p>-- Patrick Lannin, Riga newsroom, +371 721 5240</p>
</text>
<copyright>(c) Reuters Limited 1997</copyright>
<metadata>
<codes class="bip:countries:1.0">
  <code code="LATV">
    <editdetail attribution="Reuters BIP Coding Group" action="confirmed" date="1997-07-03"/>
  </code>
</codes>
<codes class="bip:industries:1.0">
  <code code="I32000">
    <editdetail attribution="Reuters BIP Coding Group" action="confirmed" date="1997-07-03"/>
  </code>
</codes>
<codes class="bip:topics:1.0">
  <code code="C14">
    <editdetail attribution="Reuters BIP Coding Group" action="confirmed" date="1997-07-03"/>
  </code>
  <code code="CCAT">
    <editdetail attribution="Reuters BIP Coding Group" action="confirmed" date="1997-07-03"/>
  </code>
</codes>
<dc element="dc.date.created" value="1997-07-03"/>
<dc element="dc.publisher" value="Reuters Holdings Plc"/>
<dc element="dc.date.published" value="1997-07-03"/>
<dc element="dc.source" value="Reuters"/>
<dc element="dc.creator.location" value="RIGA"/>
<dc element="dc.creator.location.country.name" value="LATVIA"/>
<dc element="dc.source" value="Reuters"/>
</metadata>
</newsitem>
