<?xml version="1.0" encoding="iso-8859-1" ?>
<newsitem itemid="704215" id="root" date="1997-07-03" xml:lang="en">
<title>SOUTH AFRICA: STAKE BUY NEWS FUELS JCI, LONRHO.</title>
<headline>STAKE BUY NEWS FUELS JCI, LONRHO.</headline>
<dateline>JOHANNESBURG 1997-07-03</dateline>
<text>
<p>South African mining house JCI Ltd's earlier announcement that it would acquire a substantial stake in British conglomerate Lonrho Plc launched the companies' shares higher on Thursday in active early trade, dealers said.</p>
<p>Within the first 30 minutes of trade Lonrho's South African listing jumped more than five percent, or 50 cents, to 10.40 rand with 205,200 shares changing hands.</p>
<p>JCI climbed nearly three percent, or 95 cents, to 34.20 rand in volume of 58,800 shares.  </p>
<p>Just days after JCI and Lonrho's month-long merger talks collapsed last Monday, the South African group announced late Wednesday that it would acquire a 26.8 percent of Lonrho Plc for approximately 2.5 billion rand.</p>
<p>&quot;The market has reacted very positively. It's seen as a step in the right direction,&quot; said James Scott at Societe Generale Frankel Pollak.</p>
<p>Shortly after the announcment both JCI and Lonrho shares enjoyed much buying from the United States, he said.</p>
<p>&quot;After the announcement there was much demand straight out of the States,&quot; Scott told Reuters.  </p>
<p>JCI said that in terms of an agreement reached earlier, it had been granted call options on Anglo American Corp of South Africa , De Beers Consolidated Mines Ltd and The Southern Life Association's combined holdings of some 211.08 million Lonrho shares -- effectively a 26.8 percent stake.</p>
<p>In turn, JCI Ltd had granted the three companies put options on their stake in Lonrho. It said it would pay 11.64 rand or 155 pence per share for the stake.</p>
<p>&quot;The options, exerciseable during December 1997, are conditional inter alia upon the approvals of the European Commission and the shareholders of JCI Ltd,&quot; it said.</p>
<p>But dealers noted that while the deal was seen as positive, it had yet to be finalised.</p>
<p>&quot;It's nice to have the uncertainty removed, slightly, but you've got to keep in mind that it's not a done deal yet and there are so many other complexities, like Anglo and Ashanti,&quot; one dealer said.</p>
<p>The European Comission ruled in April that Anglo had to reduce its 27.5 percent stake in Lonrho to 9.99 percent within two years to avoid controlling the platinum market.</p>
<p>Lonrho's prime international asset is its 33.6 percent stake in Ghana's Ashanti Goldfields Company Ltd which Anglo has made no secret of coveting.</p>
<p>Anglo said last week that Lonrho had suggested swapping its stake in Ashanti for Anglo's shares in Lonrho.</p>
<p>Dealers were of the opinion that any development involving Anglo would likely be seen as positive.</p>
<p>&quot;And, if Anglo organises this Ashanti business, that will be taken as positive too,&quot; another dealer said.</p>
<p>Anglo's shares were last steady at 271 rand with 23,000 shares traded.</p>
<p>-- Melanie Cheary, Johannesburg newsroom +27 11 482 1003.</p>
</text>
<copyright>(c) Reuters Limited 1997</copyright>
<metadata>
<codes class="bip:countries:1.0">
  <code code="SAFR">
    <editdetail attribution="Reuters BIP Coding Group" action="confirmed" date="1997-07-03"/>
  </code>
  <code code="UK">
    <editdetail attribution="Reuters BIP Coding Group" action="confirmed" date="1997-07-03"/>
  </code>
</codes>
<codes class="bip:industries:1.0">
  <code code="I21000">
    <editdetail attribution="Reuters BIP Coding Group" action="confirmed" date="1997-07-03"/>
  </code>
  <code code="I23000">
    <editdetail attribution="Reuters BIP Coding Group" action="confirmed" date="1997-07-03"/>
  </code>
  <code code="I63000">
    <editdetail attribution="Reuters BIP Coding Group" action="confirmed" date="1997-07-03"/>
  </code>
  <code code="I82002">
    <editdetail attribution="Reuters BIP Coding Group" action="confirmed" date="1997-07-03"/>
  </code>
  <code code="I83960">
    <editdetail attribution="Reuters BIP Coding Group" action="confirmed" date="1997-07-03"/>
  </code>
</codes>
<codes class="bip:topics:1.0">
  <code code="C15">
    <editdetail attribution="Reuters BIP Coding Group" action="confirmed" date="1997-07-03"/>
  </code>
  <code code="C152">
    <editdetail attribution="Reuters BIP Coding Group" action="confirmed" date="1997-07-03"/>
  </code>
  <code code="C18">
    <editdetail attribution="Reuters BIP Coding Group" action="confirmed" date="1997-07-03"/>
  </code>
  <code code="C181">
    <editdetail attribution="Reuters BIP Coding Group" action="confirmed" date="1997-07-03"/>
  </code>
  <code code="CCAT">
    <editdetail attribution="Reuters BIP Coding Group" action="confirmed" date="1997-07-03"/>
  </code>
</codes>
<dc element="dc.date.created" value="1997-07-03"/>
<dc element="dc.publisher" value="Reuters Holdings Plc"/>
<dc element="dc.date.published" value="1997-07-03"/>
<dc element="dc.source" value="Reuters"/>
<dc element="dc.creator.location" value="JOHANNESBURG"/>
<dc element="dc.creator.location.country.name" value="SOUTH AFRICA"/>
<dc element="dc.source" value="Reuters"/>
</metadata>
</newsitem>
