<?xml version="1.0" encoding="iso-8859-1" ?>
<newsitem itemid="704224" id="root" date="1997-07-03" xml:lang="en">
<title>ESTONIA: ESTONIA - NOON RADIO HEADLINES - JULY 3.</title>
<headline>ESTONIA - NOON RADIO HEADLINES - JULY 3.</headline>
<dateline>TALLINN 1997-07-03</dateline>
<text>
<p>These were the main headlines from Estonia's Kuku radio news report on thursday at noon. Reuters has not verified these stories and does not vouch for their accuracy.</p>
<p>- Tallinn City's budget has only collected 46 percent of projected revenue.</p>
<p>- Sillamae pensioners demand the resignation of Sillamae council chairman Priit Saksing.</p>
<p>-- Tallinn newsroom +372 620 9201/2, reuters@reuters.ee</p>
</text>
<copyright>(c) Reuters Limited 1997</copyright>
<metadata>
<codes class="bip:countries:1.0">
  <code code="ESTNIA">
    <editdetail attribution="Reuters BIP Coding Group" action="confirmed" date="1997-07-03"/>
  </code>
</codes>
<codes class="bip:topics:1.0">
  <code code="GCAT">
    <editdetail attribution="Reuters BIP Coding Group" action="confirmed" date="1997-07-03"/>
  </code>
</codes>
<dc element="dc.date.created" value="1997-07-03"/>
<dc element="dc.publisher" value="Reuters Holdings Plc"/>
<dc element="dc.date.published" value="1997-07-03"/>
<dc element="dc.source" value="Reuters"/>
<dc element="dc.creator.location" value="TALLINN"/>
<dc element="dc.creator.location.country.name" value="ESTONIA"/>
<dc element="dc.source" value="Reuters"/>
</metadata>
</newsitem>
