<?xml version="1.0" encoding="iso-8859-1" ?>
<newsitem itemid="704216" id="root" date="1997-07-03" xml:lang="en">
<title>SOUTH AFRICA: S.AFRICA ADVTECH CAUTIONS STILL IN TALKS.</title>
<headline>S.AFRICA ADVTECH CAUTIONS STILL IN TALKS.</headline>
<dateline>JOHANNESBURG 1997-07-03</dateline>
<text>
<p>South African education and training firm Advanced Technical Systems Ltd (Advtech) said on Thursday that it was still in talks that, if successful, could have an effect on its share price.</p>
<p>&quot;Accordingly, shareholders should exercise caution in dealing in their shares in Advtech,&quot; the firm said.</p>
<p>Advtech first issued a cautionary statement on May 7 at the same time as it bought Crawford Education Group from Graeme Crawford and LeisureNet Ltd .</p>
<p>-- Johannesburg newsroom +27 11 482 1003</p>
</text>
<copyright>(c) Reuters Limited 1997</copyright>
<metadata>
<codes class="bip:countries:1.0">
  <code code="SAFR">
    <editdetail attribution="Reuters BIP Coding Group" action="confirmed" date="1997-07-03"/>
  </code>
</codes>
<codes class="bip:industries:1.0">
  <code code="I33020">
    <editdetail attribution="Reuters BIP Coding Group" action="confirmed" date="1997-07-03"/>
  </code>
</codes>
<codes class="bip:topics:1.0">
  <code code="C15">
    <editdetail attribution="Reuters BIP Coding Group" action="confirmed" date="1997-07-03"/>
  </code>
  <code code="C152">
    <editdetail attribution="Reuters BIP Coding Group" action="confirmed" date="1997-07-03"/>
  </code>
  <code code="C18">
    <editdetail attribution="Reuters BIP Coding Group" action="confirmed" date="1997-07-03"/>
  </code>
  <code code="C181">
    <editdetail attribution="Reuters BIP Coding Group" action="confirmed" date="1997-07-03"/>
  </code>
  <code code="CCAT">
    <editdetail attribution="Reuters BIP Coding Group" action="confirmed" date="1997-07-03"/>
  </code>
</codes>
<dc element="dc.date.created" value="1997-07-03"/>
<dc element="dc.publisher" value="Reuters Holdings Plc"/>
<dc element="dc.date.published" value="1997-07-03"/>
<dc element="dc.source" value="Reuters"/>
<dc element="dc.creator.location" value="JOHANNESBURG"/>
<dc element="dc.creator.location.country.name" value="SOUTH AFRICA"/>
<dc element="dc.source" value="Reuters"/>
</metadata>
</newsitem>
