<?xml version="1.0" encoding="iso-8859-1" ?>
<newsitem itemid="704295" id="root" date="1997-07-03" xml:lang="en">
<title>UK: GEC's outgoing exec may get payoff - paper.</title>
<headline>GEC's outgoing exec may get payoff - paper.</headline>
<dateline>LONDON 1996-07-04</dateline>
<text>
<p>David Newlands, who resigned as finance director for General Electric Co Plc on Thursday, may be eligible for a termination payment of more than a year's salary, the Daily Telegraph said on Friday.</p>
<p>The paper said Newlands earned a basis salary of 365,000 and total pay of 480,000 in the year ended March 1996, the last year for which GEC has issued formal accounts.</p>
<p>It said accounts show he also owns 142,000 share options showing paper profits of 190,000, the paper said. --London Newsroom +44 171 542 5106</p>
</text>
<copyright>(c) Reuters Limited 1997</copyright>
<metadata>
<codes class="bip:countries:1.0">
  <code code="UK">
    <editdetail attribution="Reuters BIP Coding Group" action="confirmed" date="1997-07-03"/>
  </code>
</codes>
<codes class="bip:industries:1.0">
  <code code="I34000">
    <editdetail attribution="Reuters BIP Coding Group" action="confirmed" date="1997-07-03"/>
  </code>
</codes>
<codes class="bip:topics:1.0">
  <code code="C41">
    <editdetail attribution="Reuters BIP Coding Group" action="confirmed" date="1997-07-03"/>
  </code>
  <code code="C411">
    <editdetail attribution="Reuters BIP Coding Group" action="confirmed" date="1997-07-03"/>
  </code>
  <code code="CCAT">
    <editdetail attribution="Reuters BIP Coding Group" action="confirmed" date="1997-07-03"/>
  </code>
</codes>
<dc element="dc.date.created" value="1996-07-04"/>
<dc element="dc.publisher" value="Reuters Holdings Plc"/>
<dc element="dc.date.published" value="1997-07-03"/>
<dc element="dc.source" value="Reuters"/>
<dc element="dc.creator.location" value="LONDON"/>
<dc element="dc.creator.location.country.name" value="UK"/>
<dc element="dc.source" value="Reuters"/>
</metadata>
</newsitem>
