<?xml version="1.0" encoding="iso-8859-1" ?>
<newsitem itemid="704370" id="root" date="1997-07-03" xml:lang="en">
<title>UK: Diploma warns on profits, to hold div.</title>
<headline>Diploma warns on profits, to hold div.</headline>
<dateline>LONDON 1997-07-03</dateline>
<text>
<p>Diploma Plc, the UK electronic and building components and scientific laboratory equipment group, warned on Thursday that second half operating profits would be flat on the first half and it would not raise dividends.</p>
<p>&quot;Overall profit performance for the financial year ending September 30, 1997 will fall short of current market forecasts,&quot; the group said in a statement.</p>
<p>&quot;We expect to recommended an unchanged final dividend,&quot; it added as its shares slumped 58.5p to 256p -- after hitting a new year low of 240p.</p>
<p>Diploma said profits had been hit by price competition and intensifying margin pressures in its principal industrial sectors.</p>
<p>In electronic components, industrial markets continued to bring in lower revenues than last year and Diploma said no sustained trend of manufacturer price rises nor of lengthening lead times was evident.</p>
<p>In the personal computer channel, price competition was intensifying across a broader range of components, it added.</p>
<p>Recent acquisitions in specialist distribution segments continued to perform up to expectations but not sufficiently to outweigh the market effects of its major sectors, the company added.</p>
<p>-- London Newsroom +44 171 542 4020</p>
</text>
<copyright>(c) Reuters Limited 1997</copyright>
<metadata>
<codes class="bip:countries:1.0">
  <code code="UK">
    <editdetail attribution="Reuters BIP Coding Group" action="confirmed" date="1997-07-03"/>
  </code>
</codes>
<codes class="bip:industries:1.0">
  <code code="I61000">
    <editdetail attribution="Reuters BIP Coding Group" action="confirmed" date="1997-07-03"/>
  </code>
</codes>
<codes class="bip:topics:1.0">
  <code code="C15">
    <editdetail attribution="Reuters BIP Coding Group" action="confirmed" date="1997-07-03"/>
  </code>
  <code code="C151">
    <editdetail attribution="Reuters BIP Coding Group" action="confirmed" date="1997-07-03"/>
  </code>
  <code code="C152">
    <editdetail attribution="Reuters BIP Coding Group" action="confirmed" date="1997-07-03"/>
  </code>
  <code code="CCAT">
    <editdetail attribution="Reuters BIP Coding Group" action="confirmed" date="1997-07-03"/>
  </code>
</codes>
<dc element="dc.date.created" value="1997-07-03"/>
<dc element="dc.publisher" value="Reuters Holdings Plc"/>
<dc element="dc.date.published" value="1997-07-03"/>
<dc element="dc.source" value="Reuters"/>
<dc element="dc.creator.location" value="LONDON"/>
<dc element="dc.creator.location.country.name" value="UK"/>
<dc element="dc.source" value="Reuters"/>
</metadata>
</newsitem>
