<?xml version="1.0" encoding="iso-8859-1" ?>
<newsitem itemid="704327" id="root" date="1997-07-03" xml:lang="en">
<title>UK: BA traffic statistics detailed.</title>
<headline>BA traffic statistics detailed.</headline>
<dateline>LONDON 1997-07-03</dateline>
<text>
<p>British Airways cargo carried in June grew by 8.1 percent in cargo tonne kilometres (CTKs) compared to year ago data, BA said in its monthly traffic report.</p>
<p>The airline said the growth in traffic was achieved despite the adverse effects of disruption at Charles de Gaulle airport in Paris, and the continuing ban on British registered aircraft operating into Nigeria.</p>
<p>BA's monthly traffic and capacity statistics for June included:</p>
<p>								  Financial year</p>
<p>									to date</p>
<p>				   Month of June	    April through</p>
<p>June</p>
<p>BRITISH AIRWAYS			   Change</p>
<p>Change</p>
<p>MAINLINE</p>
<p>SCHEDULED SERVICES	 1997  1996   pct	  1997/8 1996/7</p>
<p>pct</p>
<p>Revenue tonne km (RTK)(m)</p>
<p>Cargo tonne km (CTK)	350   324  up  8.1	1030   943  up</p>
<p>9.2</p>
<p>Total RTK		    1312  1218  up  7.7	3739  3463  up</p>
<p>8.0</p>
<p>Available tonne km(m)    1784  1660  up  7.5	5354  4985  up</p>
<p>7.4</p>
<p>Overall load factor( percent)</p>
<p>				 73.5  73.4  up  0.1 pts  69.8  69.5  up</p>
<p>0.3 pts</p>
<p>Passengers carried (000)</p>
<p>Passenger load factor ( percent)</p>
<p>UK/Europe		    73.0  74.9 down 1.9 pts  69.2  70.7</p>
<p>down 1.5 pts</p>
<p>Intercontinental	   78.5  77.1 up   1.4 pts  74.0  72.7  up</p>
<p>1.3 pts</p>
<p>Total			  77.4  76.7  up  0.7	73.0  72.3  up</p>
<p>0.7 pts</p>
<p>UK/Europe		    2071  1992  up  3.9	5898  5679  up</p>
<p>3.9</p>
<p>Intercontinental	   1082  1003  up  7.9	3047  2814  up</p>
<p>8.3</p>
<p>Total			  3153  2995  up  5.3	8945  8493  up</p>
<p>5.3</p>
<p>Revenue passenger million km</p>
<p>UK/Europe		    1828  1755  up  4.1	5208  4967  up</p>
<p>4.9</p>
<p>Intercontinental	   7827  7202  up  8.7     22016 20295  up</p>
<p>8.5</p>
<p>Total			  9655  8957  up  7.8     27224 25261  up</p>
<p>7.8</p>
<p>Available seat million km</p>
<p>UK/Europe		    2503  2345  up  6.8	7521  7021  up</p>
<p>7.1</p>
<p>Intercontinental	   9965  9340  up  6.7     29764 27927  up</p>
<p>6.6</p>
<p>Total			 12468 11684  up  6.7     37285 34948  up</p>
<p>6.7</p>
<p>TOTAL GROUP SCHEDULED SERVICES</p>
<p>		  (including Deutsche BA, TAT ,Air Liberte)</p>
<p>Passengers carried	 3726  3326  up  12.0     10427  9440 up</p>
<p>10.5</p>
<p>(000)</p>
<p>Revenue passenger km    10117  9150  up  10.6     28471 25816 up</p>
<p>10.3</p>
<p>millions</p>
<p>Available seat km million   13247 12039  up  10.0    39337 35995  up</p>
<p>9.3</p>
<p>Total RTK million		1352  1235  up  9.5	3849  3513  up</p>
<p>9.6</p>
<p>Available tonne km millions  1858  1697  up  9.5	5552  5092  up</p>
<p>9.0</p>
<p>- Reuters Air Cargo Service Tel+ 44 171 542 7706 Fax +5017 - www.racs.com</p>
</text>
<copyright>(c) Reuters Limited 1997</copyright>
<metadata>
<codes class="bip:countries:1.0">
  <code code="UK">
    <editdetail attribution="Reuters BIP Coding Group" action="confirmed" date="1997-07-03"/>
  </code>
</codes>
<codes class="bip:industries:1.0">
  <code code="I75000">
    <editdetail attribution="Reuters BIP Coding Group" action="confirmed" date="1997-07-03"/>
  </code>
  <code code="I77002">
    <editdetail attribution="Reuters BIP Coding Group" action="confirmed" date="1997-07-03"/>
  </code>
</codes>
<codes class="bip:topics:1.0">
  <code code="C31">
    <editdetail attribution="Reuters BIP Coding Group" action="confirmed" date="1997-07-03"/>
  </code>
  <code code="CCAT">
    <editdetail attribution="Reuters BIP Coding Group" action="confirmed" date="1997-07-03"/>
  </code>
</codes>
<dc element="dc.date.created" value="1997-07-03"/>
<dc element="dc.publisher" value="Reuters Holdings Plc"/>
<dc element="dc.date.published" value="1997-07-03"/>
<dc element="dc.source" value="Reuters"/>
<dc element="dc.creator.location" value="LONDON"/>
<dc element="dc.creator.location.country.name" value="UK"/>
<dc element="dc.source" value="Reuters"/>
</metadata>
</newsitem>
