<?xml version="1.0" encoding="iso-8859-1" ?>
<newsitem itemid="704348" id="root" date="1997-07-03" xml:lang="en">
<title>UK: Pair of Chippendale armchairs fetch $2.8 million.</title>
<headline>Pair of Chippendale armchairs fetch $2.8 million.</headline>
<dateline>LONDON 1997-07-03</dateline>
<text>
<p>An anonymous buyer paid a record $2.8 million at auction on Thursday for a pair of giltwood armchairs made by Thomas Chippendale.</p>
<p>&quot;The pair are the world's most expensive English armchairs,&quot; a spokeswoman for Christie's auction house said.</p>
<p>Chippendale made the armchairs, which were part of a suite commissioned by Sir Lawrence Dundas in the 1760s. Robert Adam designed the suite for a house in London where they remained until it was demolished in 1934.</p>
<p>Christie's said the suite is one of the earliest examples of Chippendale working in the neo-classical style.</p>
</text>
<copyright>(c) Reuters Limited 1997</copyright>
<metadata>
<codes class="bip:countries:1.0">
  <code code="UK">
    <editdetail attribution="Reuters BIP Coding Group" action="confirmed" date="1997-07-03"/>
  </code>
</codes>
<codes class="bip:topics:1.0">
  <code code="GCAT">
    <editdetail attribution="Reuters BIP Coding Group" action="confirmed" date="1997-07-03"/>
  </code>
  <code code="GENT">
    <editdetail attribution="Reuters BIP Coding Group" action="confirmed" date="1997-07-03"/>
  </code>
  <code code="GODD">
    <editdetail attribution="Reuters BIP Coding Group" action="confirmed" date="1997-07-03"/>
  </code>
</codes>
<dc element="dc.date.created" value="1997-07-03"/>
<dc element="dc.publisher" value="Reuters Holdings Plc"/>
<dc element="dc.date.published" value="1997-07-03"/>
<dc element="dc.source" value="Reuters"/>
<dc element="dc.creator.location" value="LONDON"/>
<dc element="dc.creator.location.country.name" value="UK"/>
<dc element="dc.source" value="Reuters"/>
</metadata>
</newsitem>
