<?xml version="1.0" encoding="iso-8859-1" ?>
<newsitem itemid="704396" id="root" date="1997-07-03" xml:lang="en">
<title>SOUTH KOREA: Baseball-Results of S.Korean pro baseball games.</title>
<headline>Baseball-Results of S.Korean pro baseball games.</headline>
<dateline>SEOUL 1997-07-03</dateline>
<text>
<p>Results of South Korean</p>
<p>professional baseball games played on Wednesdya.</p>
<p>    OB			 5	Samsung	    1</p>
<p>    OB			13	Samsung	    2</p>
<p>    LG			 7	Hyundai	    3</p>
<p>    LG			 6	Hyundai	    3 (note - OB</p>
<p>and Samsung, LG and Hyundai played two games)</p>
<p>Standings after games played on Wednesday: (tabulate under</p>
<p>won, drawn, lost, winning percentage, games behind first place)</p>
<p>			  W   D    L     PCT	   GB</p>
<p>    LG		 40   2   23    .631	    -</p>
<p>    Haitai	   36   1   25    .589	    3</p>
<p>    Samsung	  34   4   24    .581	3 1/2</p>
<p>    OB		 36   3   27    .568	    4</p>
<p>    Ssangbangwool  30   0   30    .500	8 1/2</p>
<p>    Hyundai	  24   3   39    .386	   16</p>
<p>    Hanwha	   23   2   38    .381	   16</p>
<p>    Lotte	    22   1   39    .363	   17</p>
</text>
<copyright>(c) Reuters Limited 1997</copyright>
<metadata>
<codes class="bip:countries:1.0">
  <code code="SKOREA">
    <editdetail attribution="Reuters BIP Coding Group" action="confirmed" date="1997-07-03"/>
  </code>
</codes>
<codes class="bip:topics:1.0">
  <code code="GCAT">
    <editdetail attribution="Reuters BIP Coding Group" action="confirmed" date="1997-07-03"/>
  </code>
  <code code="GSPO">
    <editdetail attribution="Reuters BIP Coding Group" action="confirmed" date="1997-07-03"/>
  </code>
</codes>
<dc element="dc.date.created" value="1997-07-03"/>
<dc element="dc.publisher" value="Reuters Holdings Plc"/>
<dc element="dc.date.published" value="1997-07-03"/>
<dc element="dc.source" value="Reuters"/>
<dc element="dc.creator.location" value="SEOUL"/>
<dc element="dc.creator.location.country.name" value="SOUTH KOREA"/>
<dc element="dc.source" value="Reuters"/>
</metadata>
</newsitem>
