<?xml version="1.0" encoding="iso-8859-1" ?>
<newsitem itemid="704318" id="root" date="1997-07-03" xml:lang="en">
<title>UK: UK natural gas trades -- July 3.</title>
<headline>UK natural gas trades -- July 3.</headline>
<dateline>LONDON 1997-07-03</dateline>
<text>
<p>10.60 pence a therm (within day, St Fergus beach, 200,000 therms)</p>
<p>10.15 pence a therm (day ahead, NBP, 25,000 therms)</p>
<p>10.15 pence a therm (day ahead, NBP, 100,000 therms)</p>
<p>10.30 pence a therm (day ahead, NBP, 100,000 therms)</p>
<p>9.85 pence a therm (weekend, NBP, 100,000 th/d)</p>
<p>9.50 pence a therm (September 97, NBP, 25,000 th/d)</p>
<p>12.50 pence a therm (Q4 97, NBP, 50,000 th/d)</p>
<p>12.55 pence a therm (Q4 97, NBP, 25,000 th/d)</p>
<p>12.60 pence a therm (Q4 97, NBP, 25,000 th/d)</p>
<p>12.65 pence a therm (Q4 97, NBP, 25,000 th/d)</p>
<p>15.50 pence a therm (Q1 98, St Fergus, beach, 25,000 th/d)</p>
<p>16.25 pence a therm (Q1 98, NBP, 25,000 th/d)</p>
<p>16.35 pence a therm (Q1 98, NBP, 25,000 th/d)</p>
<p>16.40 pence a therm (Q1 98, NBP, 25,000 th/d)</p>
<p>13.80 pence a therm (Q1/Q2 98, NBP, 25,000 th/d)</p>
<p>13.85 pence a therm (Q1/Q2 98, NBP, 25,000 th/d)</p>
<p>11.275 pence a therm (Q2 98, NBP, 25,000 th/d)</p>
<p>11.35 pence a therm (Q2 98, NBP, 25,000 th/d)</p>
<p>11.45 pence a therm (Q2 98, NBP, 25,000 th/d)</p>
<p>--London Newsroom, +44 171 542 6412</p>
</text>
<copyright>(c) Reuters Limited 1997</copyright>
<metadata>
<codes class="bip:countries:1.0">
  <code code="UK">
    <editdetail attribution="Reuters BIP Coding Group" action="confirmed" date="1997-07-03"/>
  </code>
</codes>
<codes class="bip:topics:1.0">
  <code code="M14">
    <editdetail attribution="Reuters BIP Coding Group" action="confirmed" date="1997-07-03"/>
  </code>
  <code code="M143">
    <editdetail attribution="Reuters BIP Coding Group" action="confirmed" date="1997-07-03"/>
  </code>
  <code code="MCAT">
    <editdetail attribution="Reuters BIP Coding Group" action="confirmed" date="1997-07-03"/>
  </code>
</codes>
<dc element="dc.date.created" value="1997-07-03"/>
<dc element="dc.publisher" value="Reuters Holdings Plc"/>
<dc element="dc.date.published" value="1997-07-03"/>
<dc element="dc.source" value="Reuters"/>
<dc element="dc.creator.location" value="LONDON"/>
<dc element="dc.creator.location.country.name" value="UK"/>
<dc element="dc.source" value="Reuters"/>
</metadata>
</newsitem>
