<?xml version="1.0" encoding="iso-8859-1" ?>
<newsitem itemid="704341" id="root" date="1997-07-03" xml:lang="en">
<title>UK: LIFFE cocoa dives to two-month low as funds sell.</title>
<headline>LIFFE cocoa dives to two-month low as funds sell.</headline>
<dateline>LONDON 1997-07-03</dateline>
<text>
<p>LIFFE cocoa futures dived to two-month lows on Thursday in heavy volume as funds liquidated their long positions built over the recent run-up, traders said.</p>
<p>&quot;It has been fund selling, trade buying all day,&quot; said one.</p>
<p>Another said: &quot;The longs are wrong and are getting out.&quot;</p>
<p>The slide escalated as New York cocoa futures took a further tumble on speculative and fund long liquidation ahead of the long weekend.</p>
<p>Arbitrage selling against London was also widespread on the strength of sterling against the dollar.</p>
<p>Traders said the large prompt supply of cocoa in the U.S. and a perception that the El Nino weather pattern would not have any impact on the world crop until next year sparked the sell-off in New York.</p>
<p>The selling also came amid news of good rainfall in West Africa which could augur well for next season's crop in Ivory Coast.</p>
<p>LIFFE benchmark September plunged to an intraday low of 1,000 stg, the lowest since May 1 when it touched 999 stg, after triggering sell-stops at 1,050.</p>
<p>The contract eventually closed a hefty 89 stg down at 1,020 stg a tonne. It gapped 22 stg down at the open, and well below its previous key chart support at 1,110.</p>
<p>Values then managed to consolidate at between the day's range of between 1,064 and 1,087 before the lunch break.</p>
<p>Traders also saw the sharp reversal as a correction to the recent dazzling rally, which had hoisted prices to one-year highs. &quot;It's a technical correction here until the new fundamental inputs are in.&quot;</p>
<p>This week alone, the market had lost some 14 percent in value.</p>
<p>Volume was heavy at 18,094 lots, centred on September contract. Options volume was meagre at 75 lots.</p>
<p>Traders pegged initial support at 1,000 stg after breaching the last support at the breakaway chart gap at 1,046 and 1,059 stg. Nearby resistance is seen at the previous support at 1,100.</p>
<p>Cocoa's frenetic run-up since mid-June was fuelled by aggressive fund-led and industry buying amid an improved chart picture and the longer-term adverse impact of the El Nino weather pattern on future harvests.</p>
<p>-- Jalil Hamid, London newsroom +44 171 542 4985</p>
</text>
<copyright>(c) Reuters Limited 1997</copyright>
<metadata>
<codes class="bip:countries:1.0">
  <code code="UK">
    <editdetail attribution="Reuters BIP Coding Group" action="confirmed" date="1997-07-03"/>
  </code>
</codes>
<codes class="bip:topics:1.0">
  <code code="M14">
    <editdetail attribution="Reuters BIP Coding Group" action="confirmed" date="1997-07-03"/>
  </code>
  <code code="M141">
    <editdetail attribution="Reuters BIP Coding Group" action="confirmed" date="1997-07-03"/>
  </code>
  <code code="MCAT">
    <editdetail attribution="Reuters BIP Coding Group" action="confirmed" date="1997-07-03"/>
  </code>
</codes>
<dc element="dc.date.created" value="1997-07-03"/>
<dc element="dc.publisher" value="Reuters Holdings Plc"/>
<dc element="dc.date.published" value="1997-07-03"/>
<dc element="dc.source" value="Reuters"/>
<dc element="dc.creator.location" value="LONDON"/>
<dc element="dc.creator.location.country.name" value="UK"/>
<dc element="dc.source" value="Reuters"/>
</metadata>
</newsitem>
