<?xml version="1.0" encoding="iso-8859-1" ?>
<newsitem itemid="704303" id="root" date="1997-07-03" xml:lang="en">
<title>UK: Thames chief given 64 pct pay rise-paper.</title>
<headline>Thames chief given 64 pct pay rise-paper.</headline>
<dateline>LONDON 1996-07-04</dateline>
<text>
<p>Thames Water Plc chairman Robert Clarke received a 64 percent pay rise last year, bringing his remuneration package up to almost 100,000 stg, the Independent said on Friday.</p>
<p>The paper said the company's annual report and accounts also showed that Bill Alexander, Thames' managing director, was given a 40 percent pay raise.</p>
<p>It said the report showed that the basis salary of Clarke rose by 90,000 stg to 233,600 in the year ended March 1997. With other benefits included, his total pay rose by 96,000 stg to 247,000.</p>
<p>Alexander's pay increased to 226,000 stg from 161,000 stg, including a 33,000 stg bonus. --London Newsroom +44 171 542 5106</p>
</text>
<copyright>(c) Reuters Limited 1997</copyright>
<metadata>
<codes class="bip:countries:1.0">
  <code code="UK">
    <editdetail attribution="Reuters BIP Coding Group" action="confirmed" date="1997-07-03"/>
  </code>
</codes>
<codes class="bip:industries:1.0">
  <code code="I17000">
    <editdetail attribution="Reuters BIP Coding Group" action="confirmed" date="1997-07-03"/>
  </code>
</codes>
<codes class="bip:topics:1.0">
  <code code="C15">
    <editdetail attribution="Reuters BIP Coding Group" action="confirmed" date="1997-07-03"/>
  </code>
  <code code="C151">
    <editdetail attribution="Reuters BIP Coding Group" action="confirmed" date="1997-07-03"/>
  </code>
  <code code="C41">
    <editdetail attribution="Reuters BIP Coding Group" action="confirmed" date="1997-07-03"/>
  </code>
  <code code="CCAT">
    <editdetail attribution="Reuters BIP Coding Group" action="confirmed" date="1997-07-03"/>
  </code>
</codes>
<dc element="dc.date.created" value="1996-07-04"/>
<dc element="dc.publisher" value="Reuters Holdings Plc"/>
<dc element="dc.date.published" value="1997-07-03"/>
<dc element="dc.source" value="Reuters"/>
<dc element="dc.creator.location" value="LONDON"/>
<dc element="dc.creator.location.country.name" value="UK"/>
<dc element="dc.source" value="Reuters"/>
</metadata>
</newsitem>
