<?xml version="1.0" encoding="iso-8859-1" ?>
<newsitem itemid="704401" id="root" date="1997-07-03" xml:lang="en">
<title>MAURITIUS: GOVERNMENT LIST.</title>
<headline>GOVERNMENT LIST.</headline>
<text>
<p>MAURITIUS GOVERNMENT LIST (970703)</p>
<p> President........................Cassam UTEEM</p>
<p>(took office 1 Jul 92, re-elected 28 Jun 97)</p>
<p> Vice-President (took office 28 Jun 97)........Angidi CHETTIAR</p>
<p>				 - - - - - - -</p>
<p>GOVERNMENT (Reshuffled 3 July 97)</p>
<p>Prime Minister..................Navin RAMGOOLAM</p>
<p>(also Minister of Defence, Home Affairs</p>
<p>(Interior), External Communications &amp; Outer Islands)</p>
<p> Deputy Prime Minister........Rajkeswur PURRYAG</p>
<p>(also Minister of Foreign Affairs &amp;</p>
<p>International Trade)</p>
<p>				- - - - - - - -</p>
<p>MINISTERS:</p>
<p> Agriculture, Fisheries &amp;</p>
<p>  Co-operatives...................Arvin BOOLELL</p>
<p> Arts &amp; Culture....Tsang Fan Hin TSANG MANG KIN</p>
<p> Corporate Affairs................Razack PEEROO</p>
<p> Defence.....................See Prime Minister</p>
<p> Economic Development.....Rundheersing BHEENICK</p>
<p> Education...........Ramsamy Chedumbarum PILLAY</p>
<p> Environment..................James Burty DAVID</p>
<p> External Communications.....See Prime Minister</p>
<p> Finance........................Vasant BUNWAREE</p>
<p> Foreign Affairs......See Deputy Prime Minister</p>
<p> Health.............Nankeswarsingh DEERPALSINGH</p>
<p> Home Affairs (Interior).....See Prime Minister</p>
<p> Housing &amp; Land Development.....Clarel MALHERBE</p>
<p> Human Resource Development.........Ramsamy Chedumbarum PILLAY</p>
<p> Human Rights.....................Razack PEEROO</p>
<p> Industry &amp; Commerce.....Sathiamoorthy SUNASSEE</p>
<p> Information Technology............Sarat LALLAH</p>
<p> International Trade..See Deputy Prime Minister</p>
<p> Justice..........................Razack PEEROO</p>
<p> Labour &amp; Industrial Relations....Razack PEEROO</p>
<p> Land Transport.........Ahmed Rashid BEEBEEJAUN</p>
<p> Local Government.............James Burty DAVID</p>
<p> National Solidarity..................Gian NATH</p>
<p> Outer Islands...............See Prime Minister</p>
<p> Public Infrastructure...Siddick Mohummud CHADY</p>
<p> Public Safety..........Ahmed Rashid BEEBEEJAUN</p>
<p> Public Utilities...........Devanand VIRAHSAWMY</p>
<p> Quality of Life....Nankeswarsingh DEERPALSINGH</p>
<p> Regional Co-operation....Rundheersing BHEENICK</p>
<p> Rodrigues.....................Benoit JOLICOEUR</p>
<p> Shipping...............Ahmed Rashid BEEBEEJAUN</p>
<p> Social Security......................Gian NATH</p>
<p> Sports...............Sachindev Kumar SOONARANE</p>
<p> Telecommunications................Sarat LALLAH</p>
<p> Tourism &amp; Leisure...Jacques Chasteau DE BALYON</p>
<p> Women, Family Welfare &amp;</p>
<p>  Child Development.......Indira THACOOR-SIDAYA</p>
<p> Youth................Sachindev Kumar SOONARANE</p>
<p>				- - - - - - -</p>
<p> Parliament Speaker.......Sir Ramesh JEEWOOLALL</p>
<p>				- - - - - - -</p>
<p> Central Bank Governor...............Dan MARAYE</p>
<p>				- - - - - - -</p>
<p>Attorney General..Razack PEEROO</p>
<p>				- - - - - - -</p>
<p>	 NOTE: Any comments/queries on the content of this</p>
<p>		 government list, please contact the Reuter</p>
<p>		 Editorial Reference Unit, London, on (171) 542</p>
<p>		 7968.</p>
<p>			  (End Government List)</p>
</text>
<copyright>(c) Reuters Limited 1997</copyright>
<metadata>
<codes class="bip:countries:1.0">
  <code code="MAURTS">
    <editdetail attribution="Reuters BIP Coding Group" action="confirmed" date="1997-07-03"/>
  </code>
</codes>
<codes class="bip:topics:1.0">
  <code code="GCAT">
    <editdetail attribution="Reuters BIP Coding Group" action="confirmed" date="1997-07-03"/>
  </code>
  <code code="GPOL">
    <editdetail attribution="Reuters BIP Coding Group" action="confirmed" date="1997-07-03"/>
  </code>
</codes>
<dc element="dc.publisher" value="Reuters Holdings Plc"/>
<dc element="dc.date.published" value="1997-07-03"/>
<dc element="dc.source" value="Reuters"/>
<dc element="dc.creator.location.country.name" value="MAURITIUS"/>
<dc element="dc.source" value="Reuters"/>
</metadata>
</newsitem>
