<?xml version="1.0" encoding="iso-8859-1" ?>
<newsitem itemid="704408" id="root" date="1997-07-03" xml:lang="en">
<title>CANADA: Canada dollar ends stronger after U.S. labor data.</title>
<headline>Canada dollar ends stronger after U.S. labor data.</headline>
<text>
<p>FORECAST RANGE   1.3700/1.3760	    ASIAN CLOSE     1.3761</p>
<p>RESISTANCE 1.3685   SUPPORT 1.3830	HI 1.3785   LO  1.3756</p>
<p>CANADA OPEN  1.3778/83    HI 1.3780     EUROPE OPEN     1.3775</p>
<p>PREV CLOSE   1.3757/62    LO 1.3728     HI 1.3766   LO  1.3756</p>
<p>---------------------MARKET COMMENT--------------------------</p>
<p>* Canada's dollar ended stronger on Thursday at C$1.3738 (US$0.7279) in steady trade after the U.S. Department of Labor reported an increase of 217,000 in non-farm payrolls for June, slightly below expectations, traders said.</p>
<p>* They said traders would likely consolidate their gains and trade would be limited on Friday for the U.S. July 4 holiday.  </p>
<p>&quot;The street is probably a little bit long Canada right now, so before the long weekend they're erasing some positions,&quot; said a trader at a Canadian bank.</p>
<p>Traders said the U.S. payrolls report would likely add more strength to the Canadian dollar next week after the Federal Reserve left U.S. rates unchanged this week.</p>
<p>The Fed Reserve decided at the end of its Federal Open Market Committee meeting on Wednesday that the slowdown justified leaving U.S. interest rates unchanged.</p>
<p>On the crosses, the Canadian dollar dipped to 82.72 Japanese yen from Wednesday's 83.19 yen but held steady around 1.2754 marks.</p>
<p>((Reuters Toronto Bureau 416 941-8100))</p>
</text>
<copyright>(c) Reuters Limited 1997</copyright>
<metadata>
<codes class="bip:countries:1.0">
  <code code="CANA">
    <editdetail attribution="Reuters BIP Coding Group" action="confirmed" date="1997-07-03"/>
  </code>
</codes>
<codes class="bip:topics:1.0">
  <code code="M13">
    <editdetail attribution="Reuters BIP Coding Group" action="confirmed" date="1997-07-03"/>
  </code>
  <code code="M132">
    <editdetail attribution="Reuters BIP Coding Group" action="confirmed" date="1997-07-03"/>
  </code>
  <code code="MCAT">
    <editdetail attribution="Reuters BIP Coding Group" action="confirmed" date="1997-07-03"/>
  </code>
</codes>
<dc element="dc.publisher" value="Reuters Holdings Plc"/>
<dc element="dc.date.published" value="1997-07-03"/>
<dc element="dc.source" value="Reuters"/>
<dc element="dc.creator.location.country.name" value="CANADA"/>
<dc element="dc.source" value="Reuters"/>
</metadata>
</newsitem>
