<?xml version="1.0" encoding="iso-8859-1" ?>
<newsitem itemid="704444" id="root" date="1997-07-03" xml:lang="en">
<title>SOUTH AFRICA: Asean listing threatened with suspension.</title>
<headline>Asean listing threatened with suspension.</headline>
<dateline>JOHANNESBURG 1997-07-03</dateline>
<text>
<p>The Johannesburg Stock Exchange said on Thursday that Asean Investment Corp Ltd's listing was under threat of suspension and possible termination because it had failed to submit its annual financial statements on time.</p>
<p>The JSE said that should the above company not submit these statements by the end of July its listing would be suspended, pending the convening of a Special Meeting of the General Committee of the JSE to consider the continued suspension or termination of its listing.</p>
<p>-- Johannesburg newsroom +27 11 482-1003</p>
</text>
<copyright>(c) Reuters Limited 1997</copyright>
<metadata>
<codes class="bip:countries:1.0">
  <code code="SAFR">
    <editdetail attribution="Reuters BIP Coding Group" action="confirmed" date="1997-07-03"/>
  </code>
</codes>
<codes class="bip:industries:1.0">
  <code code="I43000">
    <editdetail attribution="Reuters BIP Coding Group" action="confirmed" date="1997-07-03"/>
  </code>
</codes>
<codes class="bip:topics:1.0">
  <code code="C14">
    <editdetail attribution="Reuters BIP Coding Group" action="confirmed" date="1997-07-03"/>
  </code>
  <code code="CCAT">
    <editdetail attribution="Reuters BIP Coding Group" action="confirmed" date="1997-07-03"/>
  </code>
</codes>
<dc element="dc.date.created" value="1997-07-03"/>
<dc element="dc.publisher" value="Reuters Holdings Plc"/>
<dc element="dc.date.published" value="1997-07-03"/>
<dc element="dc.source" value="Reuters"/>
<dc element="dc.creator.location" value="JOHANNESBURG"/>
<dc element="dc.creator.location.country.name" value="SOUTH AFRICA"/>
<dc element="dc.source" value="Reuters"/>
</metadata>
</newsitem>
