<?xml version="1.0" encoding="iso-8859-1" ?>
<newsitem itemid="704416" id="root" date="1997-07-03" xml:lang="en">
<title>CANADA: Quebec police arrest 47 in raid on Hell's Angels.</title>
<headline>Quebec police arrest 47 in raid on Hell's Angels.</headline>
<byline>Patrick White</byline>
<dateline>QUEBEC CITY 1997-07-03</dateline>
<text>
<p>Police arrested 47 people on Thursday in a crackdown on the Hell's Angels motorcycle gang, which has been battling a rival gang in a bloody turf war that has killed 36 people in the past three years.</p>
<p>Canada's Royal Canadian Mounted Police (RCMP), Quebec's provincial police and several municipal police forces swooped in on the Hell's Angels fortified clubhouse in Saint Nicolas, south of Quebec City, arresting 14 alleged gang members.</p>
<p>Three alleged members of a rival biker gang called the Rock Machine were also arrested.</p>
<p>Most of the others arrested were suspected drug traffickers, police said.</p>
<p>Police also seized cocaine, hashish, and other illegal drugs as well as money and guns.</p>
<p>More than 270 police officers participated in the coordinated raids in 32 cities across the French-speaking province. Most arrests occurred near Quebec City and Montreal, RCMP commanding officer Guy Fortin told reporters.</p>
<p>&quot;We are very proud to have conducted this investigation. It is going to hurt them,&quot; Fortin said.</p>
<p>Among those arrested were Marc Pelletier, who police said was the head of the Hell's Angels' Quebec City chapter, and his alleged second-in-command Jean-Rene Poirier.</p>
<p>Since mid-1994 when a battle erupted between the Hell's Angels and the Rock Machine for control of Quebec's lucrative drug trade, 36 people have been killed in armed attacks and bombings of bars, restaurants and biker clubhouses.</p>
<p>Almost all the victims were affiliated with the gangs, but the car bomb death in August 1995 of an 11-year-old boy in Montreal galvanized public outrage against the biker war.</p>
<p>The Hell's Angels are active across Canada and the United States and are a growing presence in some European countries such as Denmark.</p>
<p>Thursday's raid was the first since 1993 against the Hell's Angels in Quebec. Last month, Quebec police arrested 20 alleged members of the Rock Machine and froze financial transactions relating to properties and retail store outlets owned by the group.</p>
<p>In early May, the Canadian government enacted a law giving police wide powers to investigate and prosecute gangs believed to be involved in criminal activity.</p>
<p>The law, which some critics said was vulnerable to a challenge under Canada's Charter of Rights and Freedoms, also allowed police to seize assets involved in the commission of crimes by criminal gangs.</p>
</text>
<copyright>(c) Reuters Limited 1997</copyright>
<metadata>
<codes class="bip:countries:1.0">
  <code code="CANA">
    <editdetail attribution="Reuters BIP Coding Group" action="confirmed" date="1997-07-03"/>
  </code>
</codes>
<codes class="bip:topics:1.0">
  <code code="GCAT">
    <editdetail attribution="Reuters BIP Coding Group" action="confirmed" date="1997-07-03"/>
  </code>
  <code code="GCRIM">
    <editdetail attribution="Reuters BIP Coding Group" action="confirmed" date="1997-07-03"/>
  </code>
</codes>
<dc element="dc.date.created" value="1997-07-03"/>
<dc element="dc.publisher" value="Reuters Holdings Plc"/>
<dc element="dc.date.published" value="1997-07-03"/>
<dc element="dc.source" value="Reuters"/>
<dc element="dc.creator.location" value="QUEBEC CITY"/>
<dc element="dc.creator.location.country.name" value="CANADA"/>
<dc element="dc.source" value="Reuters"/>
</metadata>
</newsitem>
