<?xml version="1.0" encoding="iso-8859-1" ?>
<newsitem itemid="704421" id="root" date="1997-07-03" xml:lang="en">
<title>CANADA: CanOxy confirms new Yemen Masila oil find.</title>
<headline>CanOxy confirms new Yemen Masila oil find.</headline>
<dateline>CALGARY 1997-07-03</dateline>
<text>
<p>Canadian Occidental Petroleum Ltd confirmed on Thursday it made a new field discovery on its Masila oil concession in Yemen, but did not verify reported production levels.</p>
<p>Yemen's deputy minister of oil was quoted earlier as saying the discovery -- called the Dahban field -- was pumping at a rate of 12,000 barrels a day and an official inauguration would take place shortly.</p>
<p>&quot;My information is that it will be tested later this month, but I'm currently checking,&quot; CanOxy spokesman Kevin Finn said.  </p>
<p>The Masila Block, in which CanOxy is operator and owns 52 percent, has been the company's most successful international venture and a major contributor to its production since 1993.</p>
<p>Total output from Masila is currently averaging between 185,000 and 190,000 barrels a day and Finn said production had climbed occasionally above 200,000 barrels a day.</p>
<p>Other Masila partners include Occidental Petroleum Corp with 20 percent, Royal Dutch/Shell Group unit Shell Pecten with 20 percent and a Middle East-based construction firm with the balance.</p>
<p>CanOxy shares jumped 0.75 to 33.25 in early Toronto Stock Exchange trade  after the discovery report on Thursday.</p>
<p>((Reuters Calgary Bureau (403) 531-1624))</p>
</text>
<copyright>(c) Reuters Limited 1997</copyright>
<metadata>
<codes class="bip:countries:1.0">
  <code code="CANA">
    <editdetail attribution="Reuters BIP Coding Group" action="confirmed" date="1997-07-03"/>
  </code>
  <code code="YEMAR">
    <editdetail attribution="Reuters BIP Coding Group" action="confirmed" date="1997-07-03"/>
  </code>
</codes>
<codes class="bip:industries:1.0">
  <code code="I13000">
    <editdetail attribution="Reuters BIP Coding Group" action="confirmed" date="1997-07-03"/>
  </code>
  <code code="I1300003">
    <editdetail attribution="Reuters BIP Coding Group" action="confirmed" date="1997-07-03"/>
  </code>
  <code code="I14000">
    <editdetail attribution="Reuters BIP Coding Group" action="confirmed" date="1997-07-03"/>
  </code>
</codes>
<codes class="bip:topics:1.0">
  <code code="C24">
    <editdetail attribution="Reuters BIP Coding Group" action="confirmed" date="1997-07-03"/>
  </code>
  <code code="CCAT">
    <editdetail attribution="Reuters BIP Coding Group" action="confirmed" date="1997-07-03"/>
  </code>
</codes>
<dc element="dc.date.created" value="1997-07-03"/>
<dc element="dc.publisher" value="Reuters Holdings Plc"/>
<dc element="dc.date.published" value="1997-07-03"/>
<dc element="dc.source" value="Reuters"/>
<dc element="dc.creator.location" value="CALGARY"/>
<dc element="dc.creator.location.country.name" value="CANADA"/>
<dc element="dc.source" value="Reuters"/>
</metadata>
</newsitem>
