<?xml version="1.0" encoding="iso-8859-1" ?>
<newsitem itemid="704448" id="root" date="1997-07-03" xml:lang="en">
<title>SOUTH AFRICA: Survey sees S.Africa Q2 business confidence fall.</title>
<headline>Survey sees S.Africa Q2 business confidence fall.</headline>
<dateline>CAPE TOWN 1997-07-03</dateline>
<text>
<p>The latest survey by the Bureau for Economic Research at the University of Stellenbosch shows a sharp decline in South African business confidence in the second quarter of this year.</p>
<p>The BER said in a statement on Thursday that this negated improvements in the previous two quarters with its business confidence index value dropping from 45.2 percent during the first quarter to 34.4 percent in the second quarter, which was the same level as the third quarter of 1996.</p>
<p>&quot;The sharpest declines in business confidence were reported in the wholesale, motor trade, manufacturing, building and construction sectors,&quot; the BER said.</p>
<p>The wholesale sector reported sharply lower orders although the growth in sales was slightly better than expected.</p>
<p>In the motor trade, sales of new and used vehicles were below expectations, stocks piled up and new vehicle orders were sharply lower, it said.</p>
<p>The manufacturing sector reported that sales and orders were below expectations, as were exports. Stocks of finished goods increased while production volumes declined.</p>
<p>&quot;Export selling prices increased at a rate slower than was expected, probably due to the stronger rand exchange rate,&quot; the BER said.</p>
<p>&quot;As a result, profit margins came under pressure. Short term expectations relating to both domestic sales and exports were adjusted downwards.&quot;</p>
<p>Work on hand in the building and construction sector declined. In the non-residential sector, tendering competition increased while the residential sector remained sluggish.</p>
<p>But the survey did pinpoint some positive aspects, BER said.</p>
<p>&quot;General business conditions in the retail sector stabilised and the improvement in business confidence reported during the first quarter was maintained,&quot; it said.</p>
<p>Sales volumes were better than expected but the wholesale sector reported sluggish growth in orders and it seemed as if higher sales came out of existing stocks.</p>
<p>Manufacturing volumes still showed significant positive growth on a year-on-year basis and this was expected to continue in the third quarter, it said.</p>
<p>&quot;Admittedly, expectations were adjusted to more realistic levels, given the situation in the wholesale and retail sectors,&quot; the BER said.</p>
<p>&quot;Fixed investment plans and export expectations remain positive and an encouraging factor regarding general economic prospects for the year.&quot;</p>
<p>-- Cape Town newsroom +27 21 25-2238</p>
</text>
<copyright>(c) Reuters Limited 1997</copyright>
<metadata>
<codes class="bip:countries:1.0">
  <code code="SAFR">
    <editdetail attribution="Reuters BIP Coding Group" action="confirmed" date="1997-07-03"/>
  </code>
</codes>
<codes class="bip:topics:1.0">
  <code code="E11">
    <editdetail attribution="Reuters BIP Coding Group" action="confirmed" date="1997-07-03"/>
  </code>
  <code code="ECAT">
    <editdetail attribution="Reuters BIP Coding Group" action="confirmed" date="1997-07-03"/>
  </code>
</codes>
<dc element="dc.date.created" value="1997-07-03"/>
<dc element="dc.publisher" value="Reuters Holdings Plc"/>
<dc element="dc.date.published" value="1997-07-03"/>
<dc element="dc.source" value="Reuters"/>
<dc element="dc.creator.location" value="CAPE TOWN"/>
<dc element="dc.creator.location.country.name" value="SOUTH AFRICA"/>
<dc element="dc.source" value="Reuters"/>
</metadata>
</newsitem>
