<?xml version="1.0" encoding="iso-8859-1" ?>
<newsitem itemid="704440" id="root" date="1997-07-03" xml:lang="en">
<title>KENYA: Kenya sells $103 million of treasury bills.</title>
<headline>Kenya sells $103 million of treasury bills.</headline>
<dateline>NAIROBI 1997-07-03</dateline>
<text>
<p>The Central Bank of Kenya sold 5.615 billion shillings ($103 million) of treasury bills at the weekly auction on Thursday, bank officials said.</p>
<p>The bank sold 2.977 billion shillings of the main 91-day category at an average yield of 18.720 percent compared to 2.218 billion shillings at an average yield of 18.961 percent last week.</p>
<p>In the 182-day category, the bank sold 2.637 billion shillings at an average yield of 19.545 percent from 157 million shillings at an average yield of 19.572 percent.</p>
<p>The bank invited tenders for 11 billion shillings for next week's auction on Thursday. ($1=54.80 Kenyan Shillings)</p>
<p>--Wambui Chege, Nairobi Newsroom ++254-2 330-261</p>
</text>
<copyright>(c) Reuters Limited 1997</copyright>
<metadata>
<codes class="bip:countries:1.0">
  <code code="KENYA">
    <editdetail attribution="Reuters BIP Coding Group" action="confirmed" date="1997-07-03"/>
  </code>
</codes>
<codes class="bip:topics:1.0">
  <code code="M13">
    <editdetail attribution="Reuters BIP Coding Group" action="confirmed" date="1997-07-03"/>
  </code>
  <code code="M131">
    <editdetail attribution="Reuters BIP Coding Group" action="confirmed" date="1997-07-03"/>
  </code>
  <code code="MCAT">
    <editdetail attribution="Reuters BIP Coding Group" action="confirmed" date="1997-07-03"/>
  </code>
</codes>
<dc element="dc.date.created" value="1997-07-03"/>
<dc element="dc.publisher" value="Reuters Holdings Plc"/>
<dc element="dc.date.published" value="1997-07-03"/>
<dc element="dc.source" value="Reuters"/>
<dc element="dc.creator.location" value="NAIROBI"/>
<dc element="dc.creator.location.country.name" value="KENYA"/>
<dc element="dc.source" value="Reuters"/>
</metadata>
</newsitem>
