<?xml version="1.0" encoding="iso-8859-1" ?>
<newsitem itemid="541386" id="root" date="1997-04-26" xml:lang="en">
<title>UK: RUGBY UNION-ENGLISH DIVISION ONE RESULTS.</title>
<headline>RUGBY UNION-ENGLISH DIVISION ONE RESULTS.</headline>
<dateline>LONDON 1997-04-26</dateline>
<text>
<p>Results of English division one</p>
<p>rugby union matches on Saturday:</p>
<p> Bath		84     Sale	    7</p>
<p> Gloucester	20     Bristol	20</p>
<p> Leicester	 12     Harlequins   13</p>
<p> Northampton     15     Wasps	  26</p>
<p> Orrell	    22     Saracens     44</p>
<p> West Hartlepool 18     London Irish 33</p>
<p>    Standings	   P  W   D  L   F    A  PTS</p>
<p> Wasps		    21 17  1  3  643  384  35 (champions)</p>
<p> Bath		     20 14  1  5  763  354  29</p>
<p> Harlequins	     20 14  0  6  687  358  28</p>
<p> Leicester		21 14  0  7  580  375  28</p>
<p> Sale		     21 13  1  7  583  505  27</p>
<p> Saracens		 20 10  1  9  487  420  21</p>
<p> Gloucester	     20 10  1  9  428  493  21</p>
<p> Northampton	    20 10  0 10  474  414  20</p>
<p> Bristol		  21  7  1 13  412  608  15</p>
<p> London Irish	   20  6  0 14  475  654  12</p>
<p> West Hartlepool	21  3  0 18  365  775   6</p>
<p> Orrell		   21  2  0 19  302  859   4</p>
</text>
<copyright>(c) Reuters Limited 1997</copyright>
<metadata>
<codes class="bip:countries:1.0">
  <code code="UK">
    <editdetail attribution="Reuters BIP Coding Group" action="confirmed" date="1997-04-26"/>
  </code>
</codes>
<codes class="bip:topics:1.0">
  <code code="GCAT">
    <editdetail attribution="Reuters BIP Coding Group" action="confirmed" date="1997-04-26"/>
  </code>
  <code code="GSPO">
    <editdetail attribution="Reuters BIP Coding Group" action="confirmed" date="1997-04-26"/>
  </code>
</codes>
<dc element="dc.date.created" value="1997-04-26"/>
<dc element="dc.publisher" value="Reuters Holdings Plc"/>
<dc element="dc.date.published" value="1997-04-26"/>
<dc element="dc.source" value="Reuters"/>
<dc element="dc.creator.location" value="LONDON"/>
<dc element="dc.creator.location.country.name" value="UK"/>
<dc element="dc.source" value="Reuters"/>
</metadata>
</newsitem>
