<?xml version="1.0" encoding="iso-8859-1" ?>
<newsitem itemid="541382" id="root" date="1997-04-26" xml:lang="en">
<title>UK: SOCCER-LEAGUE OF WALES RESULTS/STANDINGS.</title>
<headline>SOCCER-LEAGUE OF WALES RESULTS/STANDINGS.</headline>
<dateline>CARDIFF 1997-04-26</dateline>
<text>
<p>Results of League of Wales</p>
<p>soccer matches on Saturday:</p>
<p> Aberystwyth	 6    Cemaes Bay	  2</p>
<p> Barry Town	  v    Conwy		 postponed</p>
<p> Briton Ferry	2    Caernarfon Town   5</p>
<p> Caersws	     1    Inter Cable-Tel   1</p>
<p> Cwmbran	     2    Holywell	    1</p>
<p> Porthmadog	  3    Flint Town	  0</p>
<p> Rhyl		  3    Newtown	     1</p>
<p> Welshpool	   6    Ton Pentre	  1</p>
<p>    Standings		 P  W   D  L  F   A  PTS</p>
<p>  1. Barry Town	     37 30  6  1 115  26  96</p>
<p>  2. Inter Cable-Tel	39 25  6 8   76  31  81</p>
<p>  3. Ebbw Vale		39 22  9  8  85  40  75</p>
<p>  4. Caernarfon Town	38 22  9  7  78  57  75</p>
<p>  5. Conwy		    37 20  8  9  65  35  68</p>
<p>  6. Newtown		  38 20  5 13  66  48  65</p>
<p>  7. Cwmbran		  38 19  8 11  70  56  65</p>
<p>  8. Llansantffraid	 38 17 12  9  66  52  63</p>
<p>  9. Bangor City	    38 19  5 14  73  57  62</p>
<p> 10. Porthmadog	     38 17  8 13  61  58  59</p>
<p> 11. Connah's Quay	  38 15  8 15  60  63  53</p>
<p> 12. Cemaes Bay	     38 11 10 17  60  72  43</p>
<p> 13. Aberystwyt h	   38 11  8 19  62  81  41</p>
<p> 14. Flint Town	     38 11  8 19  48  67  41</p>
<p> 15. Ton Pentre	     38 12  3 23  57  84  39</p>
<p> 16. Rhyl		     38 10  8 20  51  68  38</p>
<p> 17. Caersws		  38 10  8 20  50  76  38</p>
<p> 18. Carmarthen Town	38 10  7 21  40  77  37</p>
<p> 19. Welshpool		38  9  9 20  47  75  36</p>
<p> 20. Holywel l		38  7  8 23  52  77  29</p>
<p> 21. Briton Ferry	   38  5  1 32  37 119  16</p>
</text>
<copyright>(c) Reuters Limited 1997</copyright>
<metadata>
<codes class="bip:countries:1.0">
  <code code="UK">
    <editdetail attribution="Reuters BIP Coding Group" action="confirmed" date="1997-04-26"/>
  </code>
</codes>
<codes class="bip:topics:1.0">
  <code code="GCAT">
    <editdetail attribution="Reuters BIP Coding Group" action="confirmed" date="1997-04-26"/>
  </code>
  <code code="GSPO">
    <editdetail attribution="Reuters BIP Coding Group" action="confirmed" date="1997-04-26"/>
  </code>
</codes>
<dc element="dc.date.created" value="1997-04-26"/>
<dc element="dc.publisher" value="Reuters Holdings Plc"/>
<dc element="dc.date.published" value="1997-04-26"/>
<dc element="dc.source" value="Reuters"/>
<dc element="dc.creator.location" value="CARDIFF"/>
<dc element="dc.creator.location.country.name" value="UK"/>
<dc element="dc.source" value="Reuters"/>
</metadata>
</newsitem>
