<?xml version="1.0" encoding="iso-8859-1" ?>
<newsitem itemid="541358" id="root" date="1997-04-26" xml:lang="en">
<title>UK: TABLE TENNIS-SURPRISE DEFEAT FOR SWEDEN.</title>
<headline>TABLE TENNIS-SURPRISE DEFEAT FOR SWEDEN.</headline>
<byline>Morley Myers</byline>
<dateline>MANCHESTER, England 1997-04-26</dateline>
<text>
<p>Former world champions Jan-Ove Waldner and Jorgen Persson suffered a double dose of defeat on Saturday as second-seeded Sweden came unstuck in the men's team event at the 40th world table tennis championships.</p>
<p>After scraping a 3-2 victory over Belarus earlier in the day the Swedes succumbed to Belgium by the same scoreline during the evening session and must now beat Romanmia in their fifth and final match to finish second in Group B.</p>
<p>Belgium, with a maximum four wins, face Austria on Sunday and will go straight through to the quarter-finals if they head the standings. The second-placed teams progress to the last 16, so all is not lost for the Swedes, who won the title three times in succession before losing the title to China two years ago.</p>
<p>The alarm bells rang for the Swedes when 1989 world champion Waldner and 1991 title-holder Persson both lost against world number four Vladimir Samson in the Belarus match. Waldner, 30, won the decider against Belarus but was heavily criticised by coach Ulf Carlsson for not showing enough fight when losing 21-6 21-7 to Samsonov.</p>
<p>It looked as though Sweden had learned their lesson when world number two Waldner and Persson scored respective victories over the Saive brothers, Jean-Michel and Philippe, to take a 2-0 lead against the Belgians.</p>
<p>But then it all went wrong. Peter Carlsson lost to Andras Podpinka and Waldner and Persson found themselves out of luck in the cross-over against the Saives.</p>
<p>&quot;It was very disappointing,&quot; said coach Carlsson. &quot;We simply did not play well enough.&quot;</p>
<p>China, meanwhile, rested world champion Kong Linghui and Olympic gold medalist Liu Guoliang and still had enough firepower to dismiss Taiwan 3-0 and Yugoslavia 3-1 to lead Group A with a maximum four wins.</p>
<p>The women completed their group programme and Germany emerged as rivals to the Chinese by finishing ahead of powerful North Korea and 1995 bronze medallists Hong Kong in Group C.</p>
<p>The Germans, spearheaded by European champion Nicole Struse, won all their five matches for a quarter-final berth.</p>
<p>North Korea beat Hong Kong 3-0 in the battle for second place which took the Koreans through to the last 16 and Hong Kong through to the last 32.</p>
<p>China, who have won the event 10 of the last 11 times, predictably headed group A, maintaining a 100 percent record by beating Belgium 3-0 despite resting world champion Deng Yaping.</p>
<p>Japan, accused of cowardice by the Chinese for leaving out top player Chire Koyama in Friday's match against the champions, took no chances for the crucial clash with Russia which decided second place.</p>
<p>The Japanese won convincingly 3-0 and it was Koyama, world champion in 1987 as He Zhili of China, who got her adopted country off to a flying start.</p>
<p>South Korea had five wins to top Group B ahead of Hungary, while Romania were also unbeaten in Group D in which Sweden finished second.</p>
</text>
<copyright>(c) Reuters Limited 1997</copyright>
<metadata>
<codes class="bip:countries:1.0">
  <code code="SWED">
    <editdetail attribution="Reuters BIP Coding Group" action="confirmed" date="1997-04-26"/>
  </code>
  <code code="UK">
    <editdetail attribution="Reuters BIP Coding Group" action="confirmed" date="1997-04-26"/>
  </code>
</codes>
<codes class="bip:topics:1.0">
  <code code="GCAT">
    <editdetail attribution="Reuters BIP Coding Group" action="confirmed" date="1997-04-26"/>
  </code>
  <code code="GSPO">
    <editdetail attribution="Reuters BIP Coding Group" action="confirmed" date="1997-04-26"/>
  </code>
</codes>
<dc element="dc.date.created" value="1997-04-26"/>
<dc element="dc.publisher" value="Reuters Holdings Plc"/>
<dc element="dc.date.published" value="1997-04-26"/>
<dc element="dc.source" value="Reuters"/>
<dc element="dc.creator.location" value="MANCHESTER, England"/>
<dc element="dc.creator.location.country.name" value="UK"/>
<dc element="dc.source" value="Reuters"/>
</metadata>
</newsitem>
