<?xml version="1.0" encoding="iso-8859-1" ?>
<newsitem itemid="541370" id="root" date="1997-04-26" xml:lang="en">
<title>UK: TABLE TENNIS-GERMANY WIN QUARTER-FINAL PLACE.</title>
<headline>TABLE TENNIS-GERMANY WIN QUARTER-FINAL PLACE.</headline>
<byline>Morley Myers</byline>
<dateline>MANCHESTER, England 1997-04-26</dateline>
<text>
<p>Germany emerged from the pack as a new challenger to Chinese supremacy in the women's team event at the world table tennis championships on Saturday.</p>
<p>The Germans went straight into the quarter-finals at the top of group C after defeating Taiwan 3-1 to complete a clean sweep of their five round-robin matches.</p>
<p>Germany, spearheaded by European champion Nicole Struse, laid the foundation of their success with hard-fought 3-2 victories over two of the strongest Asian teams -- Hong Kong, third in 1995, and North Korea who joined forces with the South in the joint Korean championship- winning team of 1991.</p>
<p>North Korea beat Hong Kong 3-0 in the battle for second place which took the Koreans through to the last 16 and Hong Kong through to the last 32.</p>
<p>China, who have won the event 10 of the last 11 times, predictably headed group A, maintaining a 100 percent record by beating Belgium 3-0 despite resting world champion Deng Yaping.</p>
<p>Japan, accused of cowardice by the Chinese for leaving out top player Chire Koyama in Friday's match against the champions, took no chances for the crucial clash with Russia which decided second place.</p>
<p>The Japanese won convincingly 3-0 and it was Koyama, world champion in 1987 as He Zhili of China, who got her adopted country off to a flying start.</p>
<p>South Korea had five wins to top group B ahead of Hungary, while Romania were also unbeaten in group D where Sweden finished second.</p>
<p>While the women's team event now enters the elimination stage, the men were scheduled to play two matches on Sunday before completing the group round-robins the following day.</p>
<p>Front-runners China and Sweden duly claimed their third victories in the early session but there were some hairy moments for the Swedes before they edged Belarus 3-2.</p>
<p>Vladimir Samsonov, who has climbed at breakneck speed to number four in the world rankings, really put the skids under Sweden who had won the title three times in succession before being dethroned by China two years ago.</p>
<p>Samsonov beat both Sweden's former world champions, destroying 1989 titleholder Jan-Ove Waldner 21-6 21-7 and 1991 holder Jorgen Persson 19-21 21-14 21-14.</p>
<p>European champion Waldner, the world number two, trailed 16-1 in the second game and could do nothing to break Samsonov's rhythm.</p>
<p>It was one of the heaviest defeats suffered by Waldner, who has the unique distinction of completing the men's grand slam of world championship, World Cup and Olympic gold.</p>
<p>Fortunately for the Swedes, Waldner recovered his composure to win the decisive match against Evgueni Chtchetinine.</p>
<p>The Chinese rested world champion Kong Linghui and Olympic champion Liu Guoliang but still strolled to a 3-0 success over Taiwan.</p>
</text>
<copyright>(c) Reuters Limited 1997</copyright>
<metadata>
<codes class="bip:countries:1.0">
  <code code="CHINA">
    <editdetail attribution="Reuters BIP Coding Group" action="confirmed" date="1997-04-26"/>
  </code>
  <code code="GFR">
    <editdetail attribution="Reuters BIP Coding Group" action="confirmed" date="1997-04-26"/>
  </code>
  <code code="UK">
    <editdetail attribution="Reuters BIP Coding Group" action="confirmed" date="1997-04-26"/>
  </code>
</codes>
<codes class="bip:topics:1.0">
  <code code="GCAT">
    <editdetail attribution="Reuters BIP Coding Group" action="confirmed" date="1997-04-26"/>
  </code>
  <code code="GSPO">
    <editdetail attribution="Reuters BIP Coding Group" action="confirmed" date="1997-04-26"/>
  </code>
</codes>
<dc element="dc.date.created" value="1997-04-26"/>
<dc element="dc.publisher" value="Reuters Holdings Plc"/>
<dc element="dc.date.published" value="1997-04-26"/>
<dc element="dc.source" value="Reuters"/>
<dc element="dc.creator.location" value="MANCHESTER, England"/>
<dc element="dc.creator.location.country.name" value="UK"/>
<dc element="dc.source" value="Reuters"/>
</metadata>
</newsitem>
