<?xml version="1.0" encoding="iso-8859-1" ?>
<newsitem itemid="541444" id="root" date="1997-04-26" xml:lang="en">
<title>NETHERLANDS: CYCLING-PROFILE OF AMSTEL GOLD WINNER.</title>
<headline>CYCLING-PROFILE OF AMSTEL GOLD WINNER.</headline>
<dateline>MAASTRICHT, Netherlands 1997-04-26</dateline>
<text>
<p>Profile of Dane Bjarne Riis, winner of the Amstel Gold World Cup race on Saturday:</p>
<p>Age: 33</p>
<p>Team: Deutsche Telekom</p>
<p>Professional debut: 1986</p>
<p>Quick facts: Born in Herning, Denmark. Moved to Luxembourg aged 20. First made his name in the international peleton with stage wins in the 1989 Giro and Tour de France with French team Systeme U. Placed 3rd in 1995 Tour de France, won the Tour outright in 1996, having worn the leader's yellow jersey for the Deutsche Telekom team from the ninth stage to the finish. First Dane to win the Amstel Gold race.</p>
</text>
<copyright>(c) Reuters Limited 1997</copyright>
<metadata>
<codes class="bip:countries:1.0">
  <code code="DEN">
    <editdetail attribution="Reuters BIP Coding Group" action="confirmed" date="1997-04-26"/>
  </code>
  <code code="LUX">
    <editdetail attribution="Reuters BIP Coding Group" action="confirmed" date="1997-04-26"/>
  </code>
  <code code="NETH">
    <editdetail attribution="Reuters BIP Coding Group" action="confirmed" date="1997-04-26"/>
  </code>
</codes>
<codes class="bip:topics:1.0">
  <code code="GCAT">
    <editdetail attribution="Reuters BIP Coding Group" action="confirmed" date="1997-04-26"/>
  </code>
  <code code="GSPO">
    <editdetail attribution="Reuters BIP Coding Group" action="confirmed" date="1997-04-26"/>
  </code>
</codes>
<dc element="dc.date.created" value="1997-04-26"/>
<dc element="dc.publisher" value="Reuters Holdings Plc"/>
<dc element="dc.date.published" value="1997-04-26"/>
<dc element="dc.source" value="Reuters"/>
<dc element="dc.creator.location" value="MAASTRICHT, Netherlands"/>
<dc element="dc.creator.location.country.name" value="NETHERLANDS"/>
<dc element="dc.source" value="Reuters"/>
</metadata>
</newsitem>
