<?xml version="1.0" encoding="iso-8859-1" ?>
<newsitem itemid="541420" id="root" date="1997-04-26" xml:lang="en">
<title>PORTUGAL: SOCCER-PORTUGUESE FIRST DIVISION SUMMARIES.</title>
<headline>SOCCER-PORTUGUESE FIRST DIVISION SUMMARIES.</headline>
<dateline>LISBON 1997-04-26</dateline>
<text>
<p>Summary of Saturday's Portuguese first division match:</p>
<p>Farense  1 - Dragan Punisic 9</p>
<p>Benfica  2 - Valdir Moraes 22, Edgar Pacheco 76</p>
<p>HT: 1-1 Att: 14,000</p>
<p>Red Card: Carlos Paixao (F) 82</p>
<p>- - - -</p>
<p>Played on Friday: </p>
<p>Maritimo 0</p>
<p> Porto    2 - Zlatko Zahovic 69, Artur Oliveira 72</p>
<p>HT: 0-0 Att: 10,000</p>
</text>
<copyright>(c) Reuters Limited 1997</copyright>
<metadata>
<codes class="bip:countries:1.0">
  <code code="PORL">
    <editdetail attribution="Reuters BIP Coding Group" action="confirmed" date="1997-04-26"/>
  </code>
</codes>
<codes class="bip:topics:1.0">
  <code code="GCAT">
    <editdetail attribution="Reuters BIP Coding Group" action="confirmed" date="1997-04-26"/>
  </code>
  <code code="GSPO">
    <editdetail attribution="Reuters BIP Coding Group" action="confirmed" date="1997-04-26"/>
  </code>
</codes>
<dc element="dc.date.created" value="1997-04-26"/>
<dc element="dc.publisher" value="Reuters Holdings Plc"/>
<dc element="dc.date.published" value="1997-04-26"/>
<dc element="dc.source" value="Reuters"/>
<dc element="dc.creator.location" value="LISBON"/>
<dc element="dc.creator.location.country.name" value="PORTUGAL"/>
<dc element="dc.source" value="Reuters"/>
</metadata>
</newsitem>
