<?xml version="1.0" encoding="iso-8859-1" ?>
<newsitem itemid="541432" id="root" date="1997-04-26" xml:lang="en">
<title>FRANCE: SWIMMING-SMITH WILL NOT COMMIT HERSELF TO SEVILLE.</title>
<headline>SWIMMING-SMITH WILL NOT COMMIT HERSELF TO SEVILLE.</headline>
<dateline>PARIS 1997-04-26</dateline>
<text>
<p>Triple Olympic champion Michelle Smith would not commit herself on Saturday to either of the next two major international championships.</p>
<p>&quot;I don't know yet if I'll take part in the European championships in Seville or the worlds in Perth,&quot; Smith said after racing at the Sarcelles meeting near Paris on Saturday.</p>
<p>&quot;In any case, I've already qualified. But I'm going to wait and I'll decide depending on my results. If I go to Seville I'll go to Perth,&quot; added the 26-year-old Irishwoman.</p>
<p>The Seville meeting is in August, Perth next January.</p>
<p>Smith won the 800 metres freestyle here in an Irish record eight minutes 52.10 seconds.</p>
<p>She was third in the 100 metres backstroke behind Roxanna Maracinealu of France, who broke the French record, and Anke Scholl of Germany.</p>
<p>Smith will race against Germany's Franziska van Almsick, who is making a comeback after retiring following the Atlanta Olympics, in the 100 metres freestyle on Sunday.</p>
<p>Racing in her speciality, the 200 metres freestyle, on Saturday, van Almsick won in two minutes 02.52 seconds, 5.74 seconds off her world record of 1:56.78.</p>
<p>World champion van Almsick only managed the silver medal in the 200 freestyle at the Atlanta Games.</p>
</text>
<copyright>(c) Reuters Limited 1997</copyright>
<metadata>
<codes class="bip:countries:1.0">
  <code code="AUSTR">
    <editdetail attribution="Reuters BIP Coding Group" action="confirmed" date="1997-04-26"/>
  </code>
  <code code="FRA">
    <editdetail attribution="Reuters BIP Coding Group" action="confirmed" date="1997-04-26"/>
  </code>
  <code code="GFR">
    <editdetail attribution="Reuters BIP Coding Group" action="confirmed" date="1997-04-26"/>
  </code>
  <code code="IRE">
    <editdetail attribution="Reuters BIP Coding Group" action="confirmed" date="1997-04-26"/>
  </code>
  <code code="SPAIN">
    <editdetail attribution="Reuters BIP Coding Group" action="confirmed" date="1997-04-26"/>
  </code>
</codes>
<codes class="bip:topics:1.0">
  <code code="GCAT">
    <editdetail attribution="Reuters BIP Coding Group" action="confirmed" date="1997-04-26"/>
  </code>
  <code code="GSPO">
    <editdetail attribution="Reuters BIP Coding Group" action="confirmed" date="1997-04-26"/>
  </code>
</codes>
<dc element="dc.date.created" value="1997-04-26"/>
<dc element="dc.publisher" value="Reuters Holdings Plc"/>
<dc element="dc.date.published" value="1997-04-26"/>
<dc element="dc.source" value="Reuters"/>
<dc element="dc.creator.location" value="PARIS"/>
<dc element="dc.creator.location.country.name" value="FRANCE"/>
<dc element="dc.source" value="Reuters"/>
</metadata>
</newsitem>
