<?xml version="1.0" encoding="iso-8859-1" ?>
<newsitem itemid="541443" id="root" date="1997-04-26" xml:lang="en">
<title>GERMANY: SOCCER-GERMAN LEAGUE CHAMPIONSHIP RESULTS/STANDINGS.</title>
<headline>SOCCER-GERMAN LEAGUE CHAMPIONSHIP RESULTS/STANDINGS.</headline>
<dateline>BONN 1997-04-26</dateline>
<text>
<p>Results of soccer matches played</p>
<p>in the German league championship on Saturday:</p>
<p> Arminia Bielefeld	    2   Borussia Dortmund    0</p>
<p> Karlsruhe			3   Hamburg		  1</p>
<p> Borussia Moenchengladbach  0   VfB Stuttgart	  1</p>
<p> Bochum			   3   Freiburg		 2</p>
<p> Bayern Munich		  5   Fortuna Duesseldorf  0</p>
<p> Schalke			  1   Cologne		  1</p>
<p>Played on Friday:</p>
<p> Duisburg			 2   1860 Munich	    3</p>
<p> Bayer Leverkusen	     2   Werder Bremen	  1</p>
<p>Played on Thursday:</p>
<p> St Pauli			 0   Hansa Rostock	  1</p>
<p>Bundesliga standings after Saturday's games:</p>
<p>					  P     W   D   L     F   A   Pts</p>
<p> 1. Bayern Munich		  29    18   8   3    56  27    62</p>
<p> 2. Bayer Leverkusen	     29    18   5   6    57  35    59</p>
<p> 3. VfB Stuttgart		  29    16   7   6    68  30    55</p>
<p> 4. Borussia Dortmund	    29    16   5   8    56  36    53</p>
<p> 5. Bochum			   29    12  10   7    44  42    46</p>
<p> 6. 1860 Munich		    29    11   9   9    48  44    42</p>
<p> 7. Karlsruhe			29    11   8  10    46  38    41</p>
<p> 8. Schalke			  29    10  10   9    33  34    40</p>
<p> 9. Werder Bremen		  29    11   6  12    43  45    39</p>
<p> 10. Arminia Bielefeld	   29    10   7  12    38  41    37</p>
<p> 11. Duisburg			29     9   9  11    36  44    36</p>
<p> 12. Borussia Moenchengladbach 29    10   5  14    31  37    35</p>
<p> 13. Cologne			 29    10   5  14    47  56    35</p>
<p> 14. Hamburg			 29     8  10  11    40  47    34</p>
<p> 15. Hansa Rostock		 29     9   6  14    31  41    33</p>
<p> 16. Fortuna Duesseldorf	 29     8   5  16    23  50    29</p>
<p> 17. St Pauli			29     7   6  16    31  52    27</p>
<p> 18. Freiburg			29     5   3  21    36  65    18</p>
</text>
<copyright>(c) Reuters Limited 1997</copyright>
<metadata>
<codes class="bip:countries:1.0">
  <code code="GFR">
    <editdetail attribution="Reuters BIP Coding Group" action="confirmed" date="1997-04-26"/>
  </code>
</codes>
<codes class="bip:topics:1.0">
  <code code="GCAT">
    <editdetail attribution="Reuters BIP Coding Group" action="confirmed" date="1997-04-26"/>
  </code>
  <code code="GSPO">
    <editdetail attribution="Reuters BIP Coding Group" action="confirmed" date="1997-04-26"/>
  </code>
</codes>
<dc element="dc.date.created" value="1997-04-26"/>
<dc element="dc.publisher" value="Reuters Holdings Plc"/>
<dc element="dc.date.published" value="1997-04-26"/>
<dc element="dc.source" value="Reuters"/>
<dc element="dc.creator.location" value="BONN"/>
<dc element="dc.creator.location.country.name" value="GERMANY"/>
<dc element="dc.source" value="Reuters"/>
</metadata>
</newsitem>
