<?xml version="1.0" encoding="iso-8859-1" ?>
<newsitem itemid="541412" id="root" date="1997-04-26" xml:lang="en">
<title>USA: BASEBALL-MAJOR LEAGUE STANDINGS AFTER FRIDAY'S GAMES.</title>
<headline>BASEBALL-MAJOR LEAGUE STANDINGS AFTER FRIDAY'S GAMES.</headline>
<dateline>NEW YORK 1997-04-26</dateline>
<text>
<p>Standings of Major League</p>
<p>Baseball teams after games played on Friday (tabulate under</p>
<p>wins, losses, winning percentage and games behind first):</p>
<p>		AMERICAN LEAGUE</p>
<p>		 EAST DIVISION</p>
<p>			 W    L   PCT  GB</p>
<p> BALTIMORE	  13    6  .684   -</p>
<p> BOSTON	     11   10  .524   3</p>
<p> TORONTO	     9   10  .474   4</p>
<p> NY YANKEES	 10   12  .455   4 1/2</p>
<p> DETROIT	     9   14  .391   6</p>
<p>		CENTRAL DIVISION</p>
<p>			 W    L   PCT  GB</p>
<p> CLEVELAND	  11   10  .524   -</p>
<p> MINNESOTA	  11   11  .500     1/2</p>
<p> KANSAS CITY	 9   10  .474   1</p>
<p> MILWAUKEE	   8   10  .444   1 1/2</p>
<p> CHI WHITE SOX     7   14  .333   4</p>
<p>		 WEST DIVISION</p>
<p>			 W    L   PCT  GB</p>
<p> SEATTLE	    14    8  .636   -</p>
<p> TEXAS		11    8  .579   1 1/2</p>
<p> OAKLAND	    11   11  .500   3</p>
<p> ANAHEIM	    10   10  .500   3</p>
<p>SATURDAY, APRIL 26 SCHEDULE</p>
<p> SEATTLE AT TORONTO	   </p>
<p> BOSTON AT BALTIMORE	  </p>
<p>CHI WHITE SOX AT NY YANKEES</p>
<p> KANSAS CITY AT OAKLAND     </p>
<p> CLEVELAND AT MILWAUKEE     </p>
<p> TEXAS AT MINNESOTA	   </p>
<p> DETROIT AT ANAHEIM	   </p>
<p>		NATIONAL LEAGUE</p>
<p>		 EAST DIVISION</p>
<p>			  W    L   PCT  GB</p>
<p> ATLANTA	    15    5  .750   -</p>
<p> FLORIDA	    11    9  .550   4</p>
<p> MONTREAL	   10    9  .526   4 1/2</p>
<p> NY METS	     8   13  .381   7 1/2</p>
<p> PHILADELPHIA	7   13  .350   8</p>
<p>		CENTRAL DIVISION</p>
<p>			 W    L   PCT  GB</p>
<p> HOUSTON	    14    7  .667   -</p>
<p> PITTSBURGH	 10   10  .500   3 1/2</p>
<p> ST LOUIS	    7   13  .350   6 1/2</p>
<p> CINCINNATI	  6   15  .286   8</p>
<p> CHICAGO CUBS	3   17  .150  10 1/2</p>
<p>		 WEST DIVISION</p>
<p>			 W    L   PCT  GB</p>
<p> SAN FRANCISCO    14    5  .737   -</p>
<p> COLORADO	   14    5  .737   -</p>
<p> LOS ANGELES	11    8  .579   3</p>
<p> SAN DIEGO	   9   10  .474   5</p>
<p>SATURDAY, APRIL 26 SCHEDULE</p>
<p>PHILADELPHIA AT CINCINNATI </p>
<p> NY METS AT MONTREAL	  </p>
<p> COLORADO AT ST LOUIS	 </p>
<p>PITTSBURGH AT CHICAGO CUBS </p>
<p> LOS ANGELES AT FLORIDA     </p>
<p> SAN DIEGO AT ATLANTA	 </p>
<p>SAN FRANCISCO AT HOUSTON</p>
</text>
<copyright>(c) Reuters Limited 1997</copyright>
<metadata>
<codes class="bip:countries:1.0">
  <code code="USA">
    <editdetail attribution="Reuters BIP Coding Group" action="confirmed" date="1997-04-26"/>
  </code>
</codes>
<codes class="bip:topics:1.0">
  <code code="GCAT">
    <editdetail attribution="Reuters BIP Coding Group" action="confirmed" date="1997-04-26"/>
  </code>
  <code code="GSPO">
    <editdetail attribution="Reuters BIP Coding Group" action="confirmed" date="1997-04-26"/>
  </code>
</codes>
<dc element="dc.date.created" value="1997-04-26"/>
<dc element="dc.publisher" value="Reuters Holdings Plc"/>
<dc element="dc.date.published" value="1997-04-26"/>
<dc element="dc.source" value="Reuters"/>
<dc element="dc.creator.location" value="NEW YORK"/>
<dc element="dc.creator.location.country.name" value="USA"/>
<dc element="dc.source" value="Reuters"/>
</metadata>
</newsitem>
