<?xml version="1.0" encoding="iso-8859-1" ?>
<newsitem itemid="541464" id="root" date="1997-04-26" xml:lang="en">
<title>POLAND: POLISH MINFIN TO AUCTION THREE-YEAR BONDS MONTHLY.</title>
<headline>POLISH MINFIN TO AUCTION THREE-YEAR BONDS MONTHLY.</headline>
<dateline>WARSAW 1997-04-26</dateline>
<text>
<p>The Polish finance ministry has increased its number of three-year bond auctions to monthly from quarterly, the ministry's public debt department head said in the Saturday edition of daily Dziennik Prawa i Gospodarki.</p>
<p>&quot;The finance minister has changed the principles for selling three-year bonds, separating wholesale from retail selling and introducing a monthly cycle of auctions,&quot; Piotr Dziewulski was quoted as saying.</p>
<p>He said small investors would buy three-year bonds on subscription, as is the case with one-year bonds.</p>
<p>The first monthly auction is due to take place on July 30 this year, with series I and II worth 800 million zlotys, series III and IV 900 million zlotys.</p>
<p>&quot;The more frequent and cyclical organisation of auctions should improve the liquidity of three-year bonds and thus make more efficient the secondary wholesale market of that paper,&quot; Dziewuski was quoted in another daily on Saturday, Parkiet.</p>
<p>-- Warsaw Newsroom +48 22 653 9700</p>
</text>
<copyright>(c) Reuters Limited 1997</copyright>
<metadata>
<codes class="bip:countries:1.0">
  <code code="POL">
    <editdetail attribution="Reuters BIP Coding Group" action="confirmed" date="1997-04-26"/>
  </code>
</codes>
<codes class="bip:topics:1.0">
  <code code="E21">
    <editdetail attribution="Reuters BIP Coding Group" action="confirmed" date="1997-04-26"/>
  </code>
  <code code="E212">
    <editdetail attribution="Reuters BIP Coding Group" action="confirmed" date="1997-04-26"/>
  </code>
  <code code="ECAT">
    <editdetail attribution="Reuters BIP Coding Group" action="confirmed" date="1997-04-26"/>
  </code>
  <code code="M12">
    <editdetail attribution="Reuters BIP Coding Group" action="confirmed" date="1997-04-26"/>
  </code>
  <code code="MCAT">
    <editdetail attribution="Reuters BIP Coding Group" action="confirmed" date="1997-04-26"/>
  </code>
</codes>
<dc element="dc.date.created" value="1997-04-26"/>
<dc element="dc.publisher" value="Reuters Holdings Plc"/>
<dc element="dc.date.published" value="1997-04-26"/>
<dc element="dc.source" value="Reuters"/>
<dc element="dc.creator.location" value="WARSAW"/>
<dc element="dc.creator.location.country.name" value="POLAND"/>
<dc element="dc.source" value="Reuters"/>
</metadata>
</newsitem>
