<?xml version="1.0" encoding="iso-8859-1" ?>
<newsitem itemid="541414" id="root" date="1997-04-26" xml:lang="en">
<title>USA: BASEBALL-FRIDAY'S MAJOR LEAGUE RESULTS.</title>
<headline>BASEBALL-FRIDAY'S MAJOR LEAGUE RESULTS.</headline>
<dateline>NEW YORK 1997-04-26</dateline>
<text>
<p>Results of Major League</p>
<p>Baseball games played on Friday (home team in CAPS):</p>
<p>		 American League</p>
<p> Cleveland	  11  MILWAUKEE		4</p>
<p> BALTIMORE	   2  Boston		   0</p>
<p> Chicago	     9  NEW YORK		 3</p>
<p> Seattle	    13  TORONTO		  8</p>
<p> Texas		 6  MINNESOTA		3</p>
<p> ANAHEIM	     8  Detroit		  3</p>
<p> Kansas City	10  OAKLAND		  3</p>
<p>		 National League</p>
<p> CHICAGO	    11  Pittsburgh	     1</p>
<p> FLORIDA	     4  Los Angeles	    2</p>
<p> Philadelphia     10  CINCINNATI	     7</p>
<p> MONTREAL	    4  New York		 1</p>
<p> ATLANTA	     5  San Diego		4</p>
<p> HOUSTON	     5  San Francisco	  4</p>
<p> Colorado	    5  ST LOUIS		 4</p>
</text>
<copyright>(c) Reuters Limited 1997</copyright>
<metadata>
<codes class="bip:countries:1.0">
  <code code="CANA">
    <editdetail attribution="Reuters BIP Coding Group" action="confirmed" date="1997-04-26"/>
  </code>
  <code code="USA">
    <editdetail attribution="Reuters BIP Coding Group" action="confirmed" date="1997-04-26"/>
  </code>
</codes>
<codes class="bip:topics:1.0">
  <code code="GCAT">
    <editdetail attribution="Reuters BIP Coding Group" action="confirmed" date="1997-04-26"/>
  </code>
  <code code="GSPO">
    <editdetail attribution="Reuters BIP Coding Group" action="confirmed" date="1997-04-26"/>
  </code>
</codes>
<dc element="dc.date.created" value="1997-04-26"/>
<dc element="dc.publisher" value="Reuters Holdings Plc"/>
<dc element="dc.date.published" value="1997-04-26"/>
<dc element="dc.source" value="Reuters"/>
<dc element="dc.creator.location" value="NEW YORK"/>
<dc element="dc.creator.location.country.name" value="USA"/>
<dc element="dc.source" value="Reuters"/>
</metadata>
</newsitem>
