<?xml version="1.0" encoding="iso-8859-1" ?>
<newsitem itemid="541471" id="root" date="1997-04-26" xml:lang="en">
<title>UK: British parties step up election campaign.</title>
<headline>British parties step up election campaign.</headline>
<byline>Gerrard Raven</byline>
<dateline>LONDON 1997-04-26</dateline>
<text>
<p>With only five days to go to Britain's general elections the two main parties stepped up their increasingly bitter campaigns on Saturday, trading charges that the other could not be trusted in power.</p>
<p>The opposition Labour Party, striving to maintain a large opinion poll lead, on Saturday hammered away at what it sees as a key weakness of the ruling Conservatives -- voters' fears that it could put tax on food and other essentials.</p>
<p>But Prime Minister John Major warned that the vibrant economy his party had created would disappear if Labour's Tony Blair replaced him after May 1, raising public spending, introducing a national minimum wage and giving trade unions greater powers.</p>
<p>He told a morning news conference that a Blair victory could mean &quot;our economic miracle gone, the lowest taxes of major European countries gone, the lowest unemployment gone, low inflation, low mortgages gone&quot;.</p>
<p>The two parties united on only one thing -- their determination not to allow the Irish Republican Army to disrupt Thursday's poll.</p>
<p>Following a spate of incidents on the British mainland, the government has sent election officials instructions on how to deal with any bomb threats they may receive.</p>
<p>An opinion poll in the Daily Telegraph showed Labour -- vying to win power for the first time in 18 years -- still 16 points ahead of the Conservatives, unchanged from Thursday.</p>
<p>If Labour can maintain the double-digit lead it has enjoyed in every poll apart from one during the five-week campaign, Blair will be prime minister with a huge parliamentary majority.</p>
<p>But the Conservatives dismiss the published polls, claiming that on the doorsteps the election is a far narrower race.</p>
<p>Labour concentrated its news conference on what it called &quot;the Tories' tax addiction&quot; -- value-added tax (VAT). The Conservatives broke a 1992 election pledge by putting VAT on domestic heating fuel.</p>
<p>Labour treasury spokesman Alistair Darling claimed that if the Conservatives won again staples such as food and fares on public transport would be the next targets for the tax.</p>
<p>&quot;A vote for the Conservatives on Thursday is a vote for a party which has an instinct to extend VAT,&quot; he said.</p>
<p>Blair left Darling and other middle-ranking Labour politicians to deal out the insults, telling journalists on a campaign train: &quot;An end to divisions -- that is going to be my message over the next few days. No more divided country, no more divided society, no more divided government.&quot;</p>
<p>Conservative efforts to stage a dramatic last-week recovery in their electoral fortunes were hampered by newspaper reports of a rift at the top of the party over campaign tactics.</p>
<p>Major denied as &quot;nonsense&quot; reports in the Times and Guardian that he had personally taken over direction of the campaign, overruling key strategists by highlighting the issue of Britain's relations with the European Union.</p>
<p>The Conservatives are deeply split over the planned single European currency, with hundreds of candidates rejecting Major's &quot;wait and see&quot; line.</p>
<p>There was also a minor embarrassment for the Conservatives when the pro-Labour Daily Mirror revealed that deputy prime minister Michael Heseltine's private charity had illegally given 1,000 pounds ($1,620) to a Conservative ball.</p>
<p>&quot;There was obviously an administrative oversight which I gave instructions to have removed the minute you drew it to my attention,&quot; Heseltine told a Mirror journalist.</p>
</text>
<copyright>(c) Reuters Limited 1997</copyright>
<metadata>
<codes class="bip:countries:1.0">
  <code code="UK">
    <editdetail attribution="Reuters BIP Coding Group" action="confirmed" date="1997-04-26"/>
  </code>
</codes>
<codes class="bip:topics:1.0">
  <code code="GCAT">
    <editdetail attribution="Reuters BIP Coding Group" action="confirmed" date="1997-04-26"/>
  </code>
  <code code="GPOL">
    <editdetail attribution="Reuters BIP Coding Group" action="confirmed" date="1997-04-26"/>
  </code>
  <code code="GVOTE">
    <editdetail attribution="Reuters BIP Coding Group" action="confirmed" date="1997-04-26"/>
  </code>
</codes>
<dc element="dc.date.created" value="1997-04-26"/>
<dc element="dc.publisher" value="Reuters Holdings Plc"/>
<dc element="dc.date.published" value="1997-04-26"/>
<dc element="dc.source" value="Reuters"/>
<dc element="dc.creator.location" value="LONDON"/>
<dc element="dc.creator.location.country.name" value="UK"/>
<dc element="dc.source" value="Reuters"/>
</metadata>
</newsitem>
