<?xml version="1.0" encoding="iso-8859-1" ?>
<newsitem itemid="541442" id="root" date="1997-04-26" xml:lang="en">
<title>SPAIN: GOLF-SPANISH OPEN LEADING THIRD ROUND SCORES.</title>
<headline>GOLF-SPANISH OPEN LEADING THIRD ROUND SCORES.</headline>
<dateline>MADRID 1997-04-26</dateline>
<text>
<p>Leading third round scores in</p>
<p>the Spanish Open golf tournament on Saturday (British unless</p>
<p>stated):</p>
<p>207 Greg Norman (Australia) 69 70 68</p>
<p>208 David Howell 70 71 67, Rolf Muntz (Netherlands) 70 68 70,</p>
<p>Peter Mitchell 70 69 69, Mark James 67 68 73</p>
<p>209 David Carter 70 72 67, Gary Emerson 67 72 70, Jean-Louis</p>
<p>Guepy (France) 71 68 70, Ian arbutt 69 70 70, Eduardo</p>
<p>Romero</p>
<p>(Argentina) 68 70 71, Thomas Bjorn (Denmark) 68 69 72</p>
<p>210 Clinton Whitelaw (South Africa) 69 70 71, Lee Westwood 69</p>
<p>68 73</p>
<p>211 Jose Coceres (Argentina) 72 69 70, Costatino Rocca (Italy)</p>
<p>70 70</p>
<p>71, Roger Chapman 70 67 74</p>
<p>212 Jarmo Sandelin (Sweden) 72 71 69, Ross Drummond 73 69 70,</p>
<p>Santiago Luna (Spain) 71 71 70</p>
<p>213 Jose Garcia (Spain) 72 72 69, Fredrik Jacobson (Sweden)</p>
<p>73 71 69, Howard Clark 74 70 69, David Gilford 70 74 69,</p>
<p>Paul</p>
<p>Eales 70 74 69, Jamie Spence 73 70 70, Stephen Ames</p>
<p>(Trinidad)</p>
<p>68 75 70, Silvio Grappasonni (Italy) 71 72 70, Andrew</p>
<p>Oldcorn 72</p>
<p>71 70, Miguel Angel Jimenez (Spain) 68 74 71, Ignacio</p>
<p>Garrido</p>
<p>(Spain) 68 74 71, Gary Clark 72 69 72, Gary Orr 72 69 72,</p>
<p>Emanuele  Canonica (Italy) 72 67 74</p>
<p>214 Sergio Garcia (Spain) 71 73 70, Stuart Cage 71 73 70,</p>
<p>Greg Turner (New Zealand) 72 71 71, Andrew Sherborne 72 71</p>
<p>71,</p>
<p>Ignacio Feliu (Spain) 73 70 71, Adam Hunter 70 71 73, Mark</p>
<p>Roe 70 71 73, Jose Maria Olazabal (Spain) 69 71 74, Sam</p>
<p>Torrance 70 70 74, Carl Watts 71 69 74, Alex Cejka</p>
<p>(Germany)</p>
<p>66 73 75, Iain Pyman 68 70 76</p>
<p>215 Paul McGinley (Ireland) 72 72 71, Francisco Cea (Spain) 70</p>
<p>74</p>
<p>71, Jon Robson 73 71 71, Niclas Fasth (Sweden) 69 74 72,</p>
<p>Per Haugsrud (Norway) 73 69 73, David Higgins (Ireland) 70</p>
<p>70 75</p>
</text>
<copyright>(c) Reuters Limited 1997</copyright>
<metadata>
<codes class="bip:countries:1.0">
  <code code="ARG">
    <editdetail attribution="Reuters BIP Coding Group" action="confirmed" date="1997-04-26"/>
  </code>
  <code code="AUSTR">
    <editdetail attribution="Reuters BIP Coding Group" action="confirmed" date="1997-04-26"/>
  </code>
  <code code="DEN">
    <editdetail attribution="Reuters BIP Coding Group" action="confirmed" date="1997-04-26"/>
  </code>
  <code code="FRA">
    <editdetail attribution="Reuters BIP Coding Group" action="confirmed" date="1997-04-26"/>
  </code>
  <code code="NETH">
    <editdetail attribution="Reuters BIP Coding Group" action="confirmed" date="1997-04-26"/>
  </code>
  <code code="SAFR">
    <editdetail attribution="Reuters BIP Coding Group" action="confirmed" date="1997-04-26"/>
  </code>
  <code code="SPAIN">
    <editdetail attribution="Reuters BIP Coding Group" action="confirmed" date="1997-04-26"/>
  </code>
</codes>
<codes class="bip:topics:1.0">
  <code code="GCAT">
    <editdetail attribution="Reuters BIP Coding Group" action="confirmed" date="1997-04-26"/>
  </code>
  <code code="GSPO">
    <editdetail attribution="Reuters BIP Coding Group" action="confirmed" date="1997-04-26"/>
  </code>
</codes>
<dc element="dc.date.created" value="1997-04-26"/>
<dc element="dc.publisher" value="Reuters Holdings Plc"/>
<dc element="dc.date.published" value="1997-04-26"/>
<dc element="dc.source" value="Reuters"/>
<dc element="dc.creator.location" value="MADRID"/>
<dc element="dc.creator.location.country.name" value="SPAIN"/>
<dc element="dc.source" value="Reuters"/>
</metadata>
</newsitem>
