<?xml version="1.0" encoding="iso-8859-1" ?>
<newsitem itemid="541485" id="root" date="1997-04-26" xml:lang="en">
<title>SOUTH KOREA: Baseball-Results of S.Korean pro baseball games.</title>
<headline>Baseball-Results of S.Korean pro baseball games.</headline>
<dateline>SEOUL 1997-04-26</dateline>
<text>
<p>Results of South Korean professional baseball games played on Friday.</p>
<p>    Ssangbangwool	 11	Samsung	    6</p>
<p>    Haitai		   4	Hyundai	    1</p>
<p>    OB			 3	Lotte		0</p>
<p>    LG			 2	Hanwha	     0</p>
<p>Standings after games played on Friday : (tabulate under won, drawn, lost, winning percentage, games behind first place)</p>
<p>			  W   D    L     PCT	   GB</p>
<p>    LG		  9   0    3    .750	    -</p>
<p>    Haitai	    8   0    4    .667	    1</p>
<p>    Ssangbangwool   8   0    4    .667	    1</p>
<p>    OB		  6   1    5    .542	2 1/2</p>
<p>    Hanwha	    6   0    6    .500	    3</p>
<p>    Hyundai	   4   0    8    .333	    5</p>
<p>    Samsung	   3   1    8    .292	5 1/2</p>
<p>    Lotte	     3   0    9    .250	    6</p>
</text>
<copyright>(c) Reuters Limited 1997</copyright>
<metadata>
<codes class="bip:countries:1.0">
  <code code="SKOREA">
    <editdetail attribution="Reuters BIP Coding Group" action="confirmed" date="1997-04-26"/>
  </code>
</codes>
<codes class="bip:topics:1.0">
  <code code="GCAT">
    <editdetail attribution="Reuters BIP Coding Group" action="confirmed" date="1997-04-26"/>
  </code>
  <code code="GSPO">
    <editdetail attribution="Reuters BIP Coding Group" action="confirmed" date="1997-04-26"/>
  </code>
</codes>
<dc element="dc.date.created" value="1997-04-26"/>
<dc element="dc.publisher" value="Reuters Holdings Plc"/>
<dc element="dc.date.published" value="1997-04-26"/>
<dc element="dc.source" value="Reuters"/>
<dc element="dc.creator.location" value="SEOUL"/>
<dc element="dc.creator.location.country.name" value="SOUTH KOREA"/>
<dc element="dc.source" value="Reuters"/>
</metadata>
</newsitem>
