<?xml version="1.0" encoding="iso-8859-1" ?>
<newsitem itemid="541497" id="root" date="1997-04-26" xml:lang="en">
<title>ZAIRE: Zaire's religious leaders call for ceasefire.</title>
<headline>Zaire's religious leaders call for ceasefire.</headline>
<dateline>KINSHASA 1997-04-26</dateline>
<text>
<p>Leaders of Zaire's main religious denominations called on Saturday for the two chief protagonists in the country's seven-month-old civil war to meet to work out conditions for a ceasefire.</p>
<p>At a news conference in the Zairean capital, the leaders of the Catholic, Protestant, Moslem, Kimbanguist and Orthodox faiths said they would be sending envoys to meet rebel leader Laurent Kabila in a bid to persuade him to enter negotiations.</p>
<p>They said they had held numerous meetings this month with diplomatic representatives, politicians, civilian leaders and had been received last week by President Mobutu Sese Seko.</p>
<p>&quot;As spiritual fathers of President Mobutu and of Mr. Laurent Desire Kabila, we emplore them in the interest of the entire Zairean nation, to meet and seek a peaceful solution and the reconciliation of all children of Zaire,&quot; the religious leaders said in a  statement.</p>
<p>&quot;We emplore Zairean politicians to finish their sterile and egotistical disputes which have plunged the people into suffering,&quot; the statement added.</p>
<p>Monseigneur Bokeleale Itofob, a leader of the Protestant faith, said the group would be contacting Kabila early next week in order to seek a meeting with him.</p>
<p>He said that for years church leaders had been emploring the political class to find lasting solutions to Zaire's problems in order to avert catastrophe. &quot;They didn't listen to their fathers,&quot; he said.</p>
<p>International diplomatic efforts to bring Mobutu and Kabila together are floundering as the two protagonists have failed to agree on a venue for talks.</p>
<p>Kabila says his troops will use overwhelming force to march on the sprawling Zairean capital of five million people soon to end Mobutu's 32-year rule.</p>
</text>
<copyright>(c) Reuters Limited 1997</copyright>
<metadata>
<codes class="bip:countries:1.0">
  <code code="ZAIRE">
    <editdetail attribution="Reuters BIP Coding Group" action="confirmed" date="1997-04-26"/>
  </code>
</codes>
<codes class="bip:topics:1.0">
  <code code="GCAT">
    <editdetail attribution="Reuters BIP Coding Group" action="confirmed" date="1997-04-26"/>
  </code>
  <code code="GVIO">
    <editdetail attribution="Reuters BIP Coding Group" action="confirmed" date="1997-04-26"/>
  </code>
</codes>
<dc element="dc.date.created" value="1997-04-26"/>
<dc element="dc.publisher" value="Reuters Holdings Plc"/>
<dc element="dc.date.published" value="1997-04-26"/>
<dc element="dc.source" value="Reuters"/>
<dc element="dc.creator.location" value="KINSHASA"/>
<dc element="dc.creator.location.country.name" value="ZAIRE"/>
<dc element="dc.source" value="Reuters"/>
</metadata>
</newsitem>
