<?xml version="1.0" encoding="iso-8859-1" ?>
<newsitem itemid="541402" id="root" date="1997-04-26" xml:lang="en">
<title>TRINIDAD AND TOBAGO: CRICKET-INDIA 179 ALL OUT V WEST INDIES.</title>
<headline>CRICKET-INDIA 179 ALL OUT V WEST INDIES.</headline>
<dateline>PORT OF SPAIN, Trinidad 1997-04-26</dateline>
<text>
<p>India were all out for 179 in 48.3 overs in the first limited overs match against West Indies on Saturday.</p>
</text>
<copyright>(c) Reuters Limited 1997</copyright>
<metadata>
<codes class="bip:countries:1.0">
  <code code="INDIA">
    <editdetail attribution="Reuters BIP Coding Group" action="confirmed" date="1997-04-26"/>
  </code>
  <code code="TRTO">
    <editdetail attribution="Reuters BIP Coding Group" action="confirmed" date="1997-04-26"/>
  </code>
</codes>
<codes class="bip:topics:1.0">
  <code code="GCAT">
    <editdetail attribution="Reuters BIP Coding Group" action="confirmed" date="1997-04-26"/>
  </code>
  <code code="GSPO">
    <editdetail attribution="Reuters BIP Coding Group" action="confirmed" date="1997-04-26"/>
  </code>
</codes>
<dc element="dc.date.created" value="1997-04-26"/>
<dc element="dc.publisher" value="Reuters Holdings Plc"/>
<dc element="dc.date.published" value="1997-04-26"/>
<dc element="dc.source" value="Reuters"/>
<dc element="dc.creator.location" value="PORT OF SPAIN, Trinidad"/>
<dc element="dc.creator.location.country.name" value="TRINIDAD AND TOBAGO"/>
<dc element="dc.source" value="Reuters"/>
</metadata>
</newsitem>
