<?xml version="1.0" encoding="iso-8859-1" ?>
<newsitem itemid="541543" id="root" date="1997-04-26" xml:lang="en">
<title>USA: ITT may get offer for Cuba telephone claims - newspaper.</title>
<headline>ITT may get offer for Cuba telephone claims - newspaper.</headline>
<dateline>MIAMI 1997-04-26</dateline>
<text>
<p>ITT Corp has been in private contact with Italian telecommunications group STET International about a possible purchase of ITT's ownership claim to Cuba's telephone system, the Miami Herald said on Saturday.</p>
<p>Such a deal would be unprecedented for a U.S. company and would allow STET to avoid possible U.S. sanctions against foreign companies exploiting U.S. properties seized after Cuba's revolution in 1959, the newspaper said.</p>
<p>Quoting unnamed U.S. government sources in Washington, the Herald described the ITT-STET contacts as preliminary and said that an agreement transferring ownership of the system valued at $131 million in 1970 was far from certain.</p>
<p>The Herald also quoted an ITT spokesman in New York as saying there were no deal talks between STET and ITT, now a lodging and gambling group with no telephone holdings.</p>
<p>Clinton adminstration officials approve of the STET-ITT contacts, hoping a deal might eventually lead to cash payments for 5,910 other registered U.S. citizens and companies claiming ownership of properties in Cuba, the newspaper said.</p>
<p>No U.S. company has sold property it held in pre-Castro Cuba since 1959.</p>
<p>STET is in a joint venture with the Cuban government in the island's telephone system. Cuba invited foreign companies during the early 1990s to invest in modernizing its telephone system.</p>
<p>STET told U.S. officials of the ITT contacts after the State Department warned it was violating the Helms-Burton law and the government would bar its executives from entering the United States, the Washington sources said.</p>
<p>The administration is not now enforcing the Helms-Burton law against STET, the newspaper said.</p>
</text>
<copyright>(c) Reuters Limited 1997</copyright>
<metadata>
<codes class="bip:countries:1.0">
  <code code="CUBA">
    <editdetail attribution="Reuters BIP Coding Group" action="confirmed" date="1997-04-26"/>
  </code>
  <code code="ITALY">
    <editdetail attribution="Reuters BIP Coding Group" action="confirmed" date="1997-04-26"/>
  </code>
  <code code="USA">
    <editdetail attribution="Reuters BIP Coding Group" action="confirmed" date="1997-04-26"/>
  </code>
</codes>
<codes class="bip:industries:1.0">
  <code code="I66500">
    <editdetail attribution="Reuters BIP Coding Group" action="confirmed" date="1997-04-26"/>
  </code>
  <code code="I79020">
    <editdetail attribution="Reuters BIP Coding Group" action="confirmed" date="1997-04-26"/>
  </code>
</codes>
<codes class="bip:topics:1.0">
  <code code="C18">
    <editdetail attribution="Reuters BIP Coding Group" action="confirmed" date="1997-04-26"/>
  </code>
  <code code="C181">
    <editdetail attribution="Reuters BIP Coding Group" action="confirmed" date="1997-04-26"/>
  </code>
  <code code="CCAT">
    <editdetail attribution="Reuters BIP Coding Group" action="confirmed" date="1997-04-26"/>
  </code>
  <code code="E51">
    <editdetail attribution="Reuters BIP Coding Group" action="confirmed" date="1997-04-26"/>
  </code>
  <code code="E512">
    <editdetail attribution="Reuters BIP Coding Group" action="confirmed" date="1997-04-26"/>
  </code>
  <code code="ECAT">
    <editdetail attribution="Reuters BIP Coding Group" action="confirmed" date="1997-04-26"/>
  </code>
  <code code="GCAT">
    <editdetail attribution="Reuters BIP Coding Group" action="confirmed" date="1997-04-26"/>
  </code>
  <code code="GDIP">
    <editdetail attribution="Reuters BIP Coding Group" action="confirmed" date="1997-04-26"/>
  </code>
</codes>
<dc element="dc.date.created" value="1997-04-26"/>
<dc element="dc.publisher" value="Reuters Holdings Plc"/>
<dc element="dc.date.published" value="1997-04-26"/>
<dc element="dc.source" value="Reuters"/>
<dc element="dc.creator.location" value="MIAMI"/>
<dc element="dc.creator.location.country.name" value="USA"/>
<dc element="dc.source" value="Reuters"/>
</metadata>
</newsitem>
