<?xml version="1.0" encoding="iso-8859-1" ?>
<newsitem itemid="541536" id="root" date="1997-04-26" xml:lang="en">
<title>USA: IMF near accord on SDR allocation - Maystadt.</title>
<headline>IMF near accord on SDR allocation - Maystadt.</headline>
<dateline>WASHINGTON 1997-04-26</dateline>
<text>
<p>IMF members are near agreement on a new allocation of Special Drawing Rights (SDRs) to provide these to all members, Philippe Maystadt, head of the IMF's policy-making Interim Committee, said on Saturday.</p>
<p>&quot;We are close to an agreement. The range of difference (in opinion on the size of the allocation) is narrow,&quot; he told reporters ahead of full ministerial meetings of the International Monetary Fund and World Bank to be held here on Monday.</p>
<p>IMF members have agreed in principle on a one-off allocation of SDRs to bring all members onto an equal footing.  </p>
<p>Around 40 countries that joined the Fund recently do not have access to SDRs -- the currency used by the IMF, which its members can draw upon when needed.</p>
<p>IMF managing director Michel Camdessus is seeking an increase that would bring the ratio of SDRs to quotas -- contributions from member states to IMF capital -- to 30 percent. That would be equivalent to an extra 22.4 billion SDRs.</p>
<p>Maystadt, who is also Belgium's finance minister, said, however, that some members believed this was still too high.</p>
<p>The IMF currently has 21 billion SDRs outstanding, so an increase of 22.4 billion would more than double them.</p>
<p>One official said the differences of opinion in the increase in SDRs was narrow, ranging between an increase of 20 billion to an increase of 22.4 billion.</p>
<p>((-- Myra MacDonald, IMF Newsroom +1 202 522 4808))</p>
</text>
<copyright>(c) Reuters Limited 1997</copyright>
<metadata>
<codes class="bip:countries:1.0">
  <code code="USA">
    <editdetail attribution="Reuters BIP Coding Group" action="confirmed" date="1997-04-26"/>
  </code>
</codes>
<codes class="bip:topics:1.0">
  <code code="E21">
    <editdetail attribution="Reuters BIP Coding Group" action="confirmed" date="1997-04-26"/>
  </code>
  <code code="E212">
    <editdetail attribution="Reuters BIP Coding Group" action="confirmed" date="1997-04-26"/>
  </code>
  <code code="ECAT">
    <editdetail attribution="Reuters BIP Coding Group" action="confirmed" date="1997-04-26"/>
  </code>
</codes>
<dc element="dc.date.created" value="1997-04-26"/>
<dc element="dc.publisher" value="Reuters Holdings Plc"/>
<dc element="dc.date.published" value="1997-04-26"/>
<dc element="dc.source" value="Reuters"/>
<dc element="dc.creator.location" value="WASHINGTON"/>
<dc element="dc.creator.location.country.name" value="USA"/>
<dc element="dc.source" value="Reuters"/>
</metadata>
</newsitem>
