<?xml version="1.0" encoding="iso-8859-1" ?>
<newsitem itemid="541544" id="root" date="1997-04-26" xml:lang="en">
<title>USA: Fed's Melzer says inflation hurts payments system.</title>
<headline>Fed's Melzer says inflation hurts payments system.</headline>
<dateline>WASHINGTON 1997-04-26</dateline>
<text>
<p>Federal Reserve Bank of St. Louis President Thomas Melzer said on Friday that even low inflation could hurt the efficiency of the payments system and noted that the connection should be worrisome for the Fed.</p>
<p>&quot;Inflation affects the payments system by distorting private incentives so that payments are carried out in ways that are socially costly,&quot; he told a seminar on banking and the Internet sponsored by Kentucky's Murray State University.</p>
<p>A copy of the speech was made available to Reuters in Washington.  </p>
<p>&quot;This is because inflation can drive a wedge between private benefits and the actual cost to society of using a particular payment form,&quot; he added.</p>
<p>Melzer defined electronic money and payments -- which include debit and ATM cards -- as any electronic form of access to a payment instrument or the payment instrument itself, if it exists in electronic form.</p>
<p>He said that new forms of electronic money would not compromise the Fed's ability to conduct monetary policy and control inflation.</p>
<p>But Melzer did single out two forms of electronic payments -- sweep accounts and stored-value cards -- which he said highlight how inflation can interfere with the role money plays in the economy.</p>
<p>Sweep accounts, or computer programs operated by banks to &quot;sweep&quot; customer deposit balances back and forth between various types of deposit accounts, can save banks money by reducing the dollars they hold in demand deposit accounts, and against which they are required to hold non-earning reserves.</p>
<p>Melzer said such accounts represented &quot;a real cost to society with no net gain.&quot;  </p>
<p>&quot;The savings reaped by banks, in terms of reduced holdings of non-earning reserve balances or vault cash, are completely offset from society's point of view by reduced Fed earnings, which ultimately belong to the taxpayer,&quot; Melzer said.</p>
<p>In order to solve this problem, he said the Fed could, if permitted by law, pay interest on reserve balances, decreasing the incentive for institutions to try to reduce these balances.</p>
<p>He also said that if the Fed moved to an environment of long-term price stability such methods of economizing on money holdings would fade into insignificance.</p>
<p>Melzer also questioned the benefit of stored-value cards, which he likened to electronic traveler's checks.</p>
<p>&quot;It appears to me that the economics of stored-value cards depend heavily on collecting an interest rate spread that varies directly with the rate of inflation,&quot; he said.</p>
<p>He cited both electronic payment forms as examples where inflation was creating &quot;opportunities for private gain at the expense of other parties that are unable or unwilling to defend themselves.&quot;</p>
<p>&quot;The economy as a whole, and the payments system in particular, could operate even more efficiently if price stability were achieved and sustained,&quot; Melzer concluded.</p>
<p>-- Noah Barkin ((202-898-8377))</p>
</text>
<copyright>(c) Reuters Limited 1997</copyright>
<metadata>
<codes class="bip:countries:1.0">
  <code code="USA">
    <editdetail attribution="Reuters BIP Coding Group" action="confirmed" date="1997-04-26"/>
  </code>
</codes>
<codes class="bip:topics:1.0">
  <code code="E12">
    <editdetail attribution="Reuters BIP Coding Group" action="confirmed" date="1997-04-26"/>
  </code>
  <code code="E13">
    <editdetail attribution="Reuters BIP Coding Group" action="confirmed" date="1997-04-26"/>
  </code>
  <code code="E131">
    <editdetail attribution="Reuters BIP Coding Group" action="confirmed" date="1997-04-26"/>
  </code>
  <code code="ECAT">
    <editdetail attribution="Reuters BIP Coding Group" action="confirmed" date="1997-04-26"/>
  </code>
</codes>
<dc element="dc.date.created" value="1997-04-26"/>
<dc element="dc.publisher" value="Reuters Holdings Plc"/>
<dc element="dc.date.published" value="1997-04-26"/>
<dc element="dc.source" value="Reuters"/>
<dc element="dc.creator.location" value="WASHINGTON"/>
<dc element="dc.creator.location.country.name" value="USA"/>
<dc element="dc.source" value="Reuters"/>
</metadata>
</newsitem>
