<?xml version="1.0" encoding="iso-8859-1" ?>
<newsitem itemid="541516" id="root" date="1997-04-26" xml:lang="en">
<title>RUSSIA: Russia to get tough on Third World debtors.</title>
<headline>Russia to get tough on Third World debtors.</headline>
<dateline>MOSCOW 1997-04-26</dateline>
<text>
<p>Russia said on Saturday it would get tough next week with some of the developing countries that owe it money when it discusses how they should repay once it joins the Paris Club of creditor nations.</p>
<p>&quot;Yesterday I had negotiations with Paris Club Chairman Mr (Christian) Noyer and tomorrow with the Seven we have to make some key decisions,&quot; First Deputy Prime Minister Anatoly Chubais said as he left for talks with G-7 officials in Washington.</p>
<p>Chubais will attend next week's meetings of the International Monetary Fund and World Bank at which he hopes to make progress with the Group of Seven leading industrial nations on Russia's bid to join the western world's exclusive clubs.</p>
<p>&quot;It's the best financial elite of the world. It's on this level that we resolve the biggest issues in defence of our interests,&quot; he told Russia's NTV commercial television.</p>
<p>&quot;It concerns first of all Russia's entry into the World Trade Organisation. It's also a question of the conditions according to which Russia will get back debts owed to it after joining the Paris Club,&quot; he told Russian Public Television.</p>
<p>Moscow, which aims to join the Paris Club as a creditor this year, hopes membership will make it easier to recover what it says are $37 billion of loans.</p>
<p>Most were extended to Third World countries under communism to lure them into the Soviet Union's orbit. Their exact current value is just one of many points of contention.</p>
<p>&quot;There will be some big negotiations with the finance ministers of those countries which are Russia's debtors. We intend in a number of cases to toughen Russia's demands towards those countries which owe us,&quot; Chubais added.</p>
<p>Noyer and other Paris Club officials have said the technical obstacles in the way of Russia realising its claims &quot;should not be overestimated&quot;. Moscow's credits were often issued on terms different to those of traditional Paris Club members.</p>
<p>Chubais' office said on Friday he had agreed with Noyer that the main perameters for Russian participation in the Paris Club's activities would be defined in the run-up to the June summit of leading industrial countries in Denver.</p>
<p>The summit has been dubbed the &quot;summit of the eight&quot;, in a nod to Russia's desire to join the grouping, although Moscow will be excluded from some of the G-7's deliberations.</p>
<p>Chubais has said he does not plan to discuss Russia's IMF loan or 1997 programme in Washington but will meet World Bank officials to discuss a loan for social funding and the coal indsutry.</p>
<p>The IMF delayed several monthly payments on a three-year $10 billion loan to Russia because of low tax revenues, but the head of the IMF said Thursday that lending to Russia could resume next month.</p>
</text>
<copyright>(c) Reuters Limited 1997</copyright>
<metadata>
<codes class="bip:countries:1.0">
  <code code="DEVGCO">
    <editdetail attribution="Reuters BIP Coding Group" action="confirmed" date="1997-04-26"/>
  </code>
  <code code="GSEVEN">
    <editdetail attribution="Reuters BIP Coding Group" action="confirmed" date="1997-04-26"/>
  </code>
  <code code="RUSS">
    <editdetail attribution="Reuters BIP Coding Group" action="confirmed" date="1997-04-26"/>
  </code>
</codes>
<codes class="bip:topics:1.0">
  <code code="E21">
    <editdetail attribution="Reuters BIP Coding Group" action="confirmed" date="1997-04-26"/>
  </code>
  <code code="E212">
    <editdetail attribution="Reuters BIP Coding Group" action="confirmed" date="1997-04-26"/>
  </code>
  <code code="ECAT">
    <editdetail attribution="Reuters BIP Coding Group" action="confirmed" date="1997-04-26"/>
  </code>
</codes>
<dc element="dc.date.created" value="1997-04-26"/>
<dc element="dc.publisher" value="Reuters Holdings Plc"/>
<dc element="dc.date.published" value="1997-04-26"/>
<dc element="dc.source" value="Reuters"/>
<dc element="dc.creator.location" value="MOSCOW"/>
<dc element="dc.creator.location.country.name" value="RUSSIA"/>
<dc element="dc.source" value="Reuters"/>
</metadata>
</newsitem>
