<?xml version="1.0" encoding="iso-8859-1" ?>
<newsitem itemid="541588" id="root" date="1997-04-26" xml:lang="en">
<title>THAILAND: Burma calls on ASEAN to resist pressure from U.S.</title>
<headline>Burma calls on ASEAN to resist pressure from U.S.</headline>
<byline>Deborah Charles</byline>
<dateline>BANGKOK 1997-04-26</dateline>
<text>
<p>Burma on Saturday urged its neighbours to resist pressure by the United States aimed at preventing Rangoon's entry into the Association of Southeast Asian Nations (ASEAN) this year.</p>
<p>&quot;ASEAN will have to stick to its guns to show that nobody dictates to us,&quot; a government official told Reuters in a telephone interview from Rangoon. &quot;Generally we believe if ASEAN gives in this time then ASEAN will have to give in every time.&quot;</p>
<p>He was responding to remarks made in Washington on Friday by U.S. State Department spokesman Nicholas Burns, who said the United States was lobbying members of ASEAN not to admit Burma to the seven-member regional grouping this year.</p>
<p>&quot;We don't believe that ASEAN should take this step,&quot; Burns said. &quot;We're trying to use our influence with the ASEAN partners to make the point that Burma should be given a stiff message that it's not welcome.&quot;</p>
<p>The Burmese official said he was not surprised the United States was lobbying ASEAN -- which comprises Brunei, Indonesia, Malaysia, the Philippines, Singapore, Thailand and Vietnam.</p>
<p>&quot;I knew of course that they were going to try to increase the pressure,&quot; the government official said. &quot;We have said they would put more and more pressure on Myanmar (Burma).&quot;</p>
<p>&quot;ASEAN countries have seen through the pretext the United States has been using. They have realised it's not democracy the United States wants to impose here, it's hypocrisy,&quot; he said.</p>
<p>The United States last week banned new American investment in Burma as a condemnation of the ruling State Law and Order Restoration Council's (SLORC's) alleged human rights abuses and its repression of the democracy movement led by Nobel Peace laureate Aung San Suu Kyi.</p>
<p>Burns' comments on Friday appeared to step up long-standing Western unhappiness about ASEAN's plan to admit Burma.</p>
<p>The U.S. charge d'affaires in Burma, Kent Wiedemann, had said in an interview on Thursday that while Washington would find it &quot;awkward&quot; to deal with an ASEAN that included Burma its admission was &quot;something ASEAN has to decide for itself.&quot;</p>
<p>Western nations argue that Burma's admission to ASEAN would be tantamount to approval of the military regime's rights abuses and its failure to recognise the 1990 victory of the National League for Democracy, which was co-founded by Suu Kyi.</p>
<p>&quot;Burma's human rights performance is so woeful, so irresponsible, that surely it should not be treated as a normal country and should not be rewarded by membership in one of the most prestigious and important pan-Asian organisations, with which the United States is affiliated,&quot; Burns said.</p>
<p>ASEAN, which follows a policy of &quot;constructive engagement&quot; towards Burma in the thought that isolation can only make things worse, is expected to admit observer nations Burma, Cambodia and Laos as full members this year.</p>
<p>Leaders of ASEAN member nations said last week the U.S. sanctions would not impact Burma's entry to the grouping.</p>
</text>
<copyright>(c) Reuters Limited 1997</copyright>
<metadata>
<codes class="bip:countries:1.0">
  <code code="ASEAN">
    <editdetail attribution="Reuters BIP Coding Group" action="confirmed" date="1997-04-26"/>
  </code>
  <code code="BURMA">
    <editdetail attribution="Reuters BIP Coding Group" action="confirmed" date="1997-04-26"/>
  </code>
  <code code="THAIL">
    <editdetail attribution="Reuters BIP Coding Group" action="confirmed" date="1997-04-26"/>
  </code>
  <code code="USA">
    <editdetail attribution="Reuters BIP Coding Group" action="confirmed" date="1997-04-26"/>
  </code>
</codes>
<codes class="bip:topics:1.0">
  <code code="GCAT">
    <editdetail attribution="Reuters BIP Coding Group" action="confirmed" date="1997-04-26"/>
  </code>
  <code code="GDIP">
    <editdetail attribution="Reuters BIP Coding Group" action="confirmed" date="1997-04-26"/>
  </code>
</codes>
<dc element="dc.date.created" value="1997-04-26"/>
<dc element="dc.publisher" value="Reuters Holdings Plc"/>
<dc element="dc.date.published" value="1997-04-26"/>
<dc element="dc.source" value="Reuters"/>
<dc element="dc.creator.location" value="BANGKOK"/>
<dc element="dc.creator.location.country.name" value="THAILAND"/>
<dc element="dc.source" value="Reuters"/>
</metadata>
</newsitem>
