<?xml version="1.0" encoding="iso-8859-1" ?>
<newsitem itemid="541599" id="root" date="1997-04-26" xml:lang="en">
<title>MALAYSIA: Malaysia launches locally made sports car.</title>
<headline>Malaysia launches locally made sports car.</headline>
<dateline>KUALA LUMPUR 1997-04-26</dateline>
<text>
<p>Malaysia on Saturday launched its first locally built sports car, marking another milestone in the country's automotive industry.</p>
<p>Prime Minister Mahathir Mohamad officiated at the launch of the two-seater TVR Chimaera.</p>
<p>The car is being built by TVR Sports (Malaysia) Sdn Bhd which was appointed by British car maker TVR Engineering Ltd as their first overseas manufacturer to produce the TVR sports car locally and to market it in the Asia-Pacific region.</p>
<p>Blackpool-based, privately owned TVR Engineering holds a 10-percent stake in the Malaysian operations.</p>
<p>Mahathir said he was proud that the TVR Chimaera was a genuine Malaysian-made sports car with the upgrading of engine, manufacturing of the frame, chassis and other parts done locally.</p>
<p>&quot;What is most significant the car's body panel made from fibre glass was made locally,&quot; he said. &quot;I'm quite sure the sports car venture will perform well.&quot;</p>
<p>Mahathir said the success of TVR Sports to produce the car was not only an achievement in the sports car industry but also proved the country's talents in the engineering field.</p>
<p>As the market for sports cars was limited, its production gave Malaysia the chance to learn the engineering, design, structural and other related features, he said.</p>
<p>The TVR Chimaera is priced at 240,000 ringgit ($96,000) for the 4.0 litre model and 266,360 ringgit ($106,540) for the 5.0 litre model.</p>
<p>TVR Sports will initially produce 10 cars a month and plans to increase the volume to 20 units a month by the end of the year. Sixty percent of production is earmarked for export.</p>
<p>($1 = 2.5 ringgit)</p>
</text>
<copyright>(c) Reuters Limited 1997</copyright>
<metadata>
<codes class="bip:countries:1.0">
  <code code="MALAY">
    <editdetail attribution="Reuters BIP Coding Group" action="confirmed" date="1997-04-26"/>
  </code>
</codes>
<codes class="bip:industries:1.0">
  <code code="I35101">
    <editdetail attribution="Reuters BIP Coding Group" action="confirmed" date="1997-04-26"/>
  </code>
</codes>
<codes class="bip:topics:1.0">
  <code code="C21">
    <editdetail attribution="Reuters BIP Coding Group" action="confirmed" date="1997-04-26"/>
  </code>
  <code code="C33">
    <editdetail attribution="Reuters BIP Coding Group" action="confirmed" date="1997-04-26"/>
  </code>
  <code code="CCAT">
    <editdetail attribution="Reuters BIP Coding Group" action="confirmed" date="1997-04-26"/>
  </code>
</codes>
<dc element="dc.date.created" value="1997-04-26"/>
<dc element="dc.publisher" value="Reuters Holdings Plc"/>
<dc element="dc.date.published" value="1997-04-26"/>
<dc element="dc.source" value="Reuters"/>
<dc element="dc.creator.location" value="KUALA LUMPUR"/>
<dc element="dc.creator.location.country.name" value="MALAYSIA"/>
<dc element="dc.source" value="Reuters"/>
</metadata>
</newsitem>
