<?xml version="1.0" encoding="iso-8859-1" ?>
<newsitem itemid="541551" id="root" date="1997-04-26" xml:lang="en">
<title>USA: Zions Bancorp declares 4-for-1 split.</title>
<headline>Zions Bancorp declares 4-for-1 split.</headline>
<dateline>SALT LAKE CITY 1997-04-25</dateline>
<text>
<p>Zions Bancorp on late Friday announced a four-for-one split of its common stock, after its shareholders voted to increase the company's authorized shares to 100 million from 30 million.</p>
<p>The company said shareholders of record May 9 will receive three additional shares of Zions common stock on May 14 for each share owned.</p>
<p>The company said it currently has about 14.5 million shares outstanding.</p>
</text>
<copyright>(c) Reuters Limited 1997</copyright>
<metadata>
<codes class="bip:countries:1.0">
  <code code="USA">
    <editdetail attribution="Reuters BIP Coding Group" action="confirmed" date="1997-04-26"/>
  </code>
</codes>
<codes class="bip:industries:1.0">
  <code code="I81402">
    <editdetail attribution="Reuters BIP Coding Group" action="confirmed" date="1997-04-26"/>
  </code>
</codes>
<codes class="bip:topics:1.0">
  <code code="C17">
    <editdetail attribution="Reuters BIP Coding Group" action="confirmed" date="1997-04-26"/>
  </code>
  <code code="C171">
    <editdetail attribution="Reuters BIP Coding Group" action="confirmed" date="1997-04-26"/>
  </code>
  <code code="CCAT">
    <editdetail attribution="Reuters BIP Coding Group" action="confirmed" date="1997-04-26"/>
  </code>
</codes>
<dc element="dc.date.created" value="1997-04-25"/>
<dc element="dc.publisher" value="Reuters Holdings Plc"/>
<dc element="dc.date.published" value="1997-04-26"/>
<dc element="dc.source" value="Reuters"/>
<dc element="dc.creator.location" value="SALT LAKE CITY"/>
<dc element="dc.creator.location.country.name" value="USA"/>
<dc element="dc.source" value="Reuters"/>
</metadata>
</newsitem>
