<?xml version="1.0" encoding="iso-8859-1" ?>
<newsitem itemid="541522" id="root" date="1997-04-26" xml:lang="en">
<title>KAZAKHSTAN: Executions of Uighurs will spark more riots-exiles.</title>
<headline>Executions of Uighurs will spark more riots-exiles.</headline>
<dateline>ALMATY 1997-04-26</dateline>
<text>
<p>The Chinese authorities' execution of ethnic Uighurs for their role in bloody riots in the Moslem region of Xinjiang in February will stir up new protests, an exiled Uighur organisation said on Saturday.</p>
<p>&quot;These actions (by Chinese authorities) will lead to new spontaneous and massive protest actions,&quot; Modan Mukhlisi, representative of the United Revolutionary Front of Eastern Turkestan, told Reuters in the Kazakh capital. &quot;The authorities are merely pushing Uighurs to active revolt.&quot;</p>
<p>Chinese television said on Saturday that three men had been sentenced to death on Thursday and 27 to prison terms for crimes of malicious wounding, arson and hooliganism during the riots in Yining near the Kazakh border that killed at least nine people and injured 198.</p>
<p>A local media official said the executions had been carried out on the same day as the sentencing by the Yili District Intermediate Court.</p>
<p>Mukhlisi said the real number of those sentenced to death was seven, and that the trial and executions took place in Yining. &quot;This was a show trial, and before their death the seven were exposed in a truck to the whole town,&quot; he said, adding that local authorities had imposed a curfew after the trial.</p>
<p>Xinjiang, a vast region that is home to the Uighurs and many other Turkic-speaking peoples, has a long history of ethnic friction and has recently been rocked by Moslem separatist violence.</p>
<p>Exile groups have said the February riots, which began as a demonstration for Xinjiang independence but turned violent, were sparked by the execution of about 30 Uighurs by the Chinese authorities. Uighur militants say they want to set up their own state of &quot;East Turkestan.&quot;</p>
</text>
<copyright>(c) Reuters Limited 1997</copyright>
<metadata>
<codes class="bip:countries:1.0">
  <code code="CHINA">
    <editdetail attribution="Reuters BIP Coding Group" action="confirmed" date="1997-04-26"/>
  </code>
  <code code="KAZK">
    <editdetail attribution="Reuters BIP Coding Group" action="confirmed" date="1997-04-26"/>
  </code>
</codes>
<codes class="bip:topics:1.0">
  <code code="GCAT">
    <editdetail attribution="Reuters BIP Coding Group" action="confirmed" date="1997-04-26"/>
  </code>
  <code code="GVIO">
    <editdetail attribution="Reuters BIP Coding Group" action="confirmed" date="1997-04-26"/>
  </code>
</codes>
<dc element="dc.date.created" value="1997-04-26"/>
<dc element="dc.publisher" value="Reuters Holdings Plc"/>
<dc element="dc.date.published" value="1997-04-26"/>
<dc element="dc.source" value="Reuters"/>
<dc element="dc.creator.location" value="ALMATY"/>
<dc element="dc.creator.location.country.name" value="KAZAKHSTAN"/>
<dc element="dc.source" value="Reuters"/>
</metadata>
</newsitem>
