<?xml version="1.0" encoding="iso-8859-1" ?>
<newsitem itemid="541570" id="root" date="1997-04-26" xml:lang="en">
<title>PERU: Red Cross ends hostage role amid Peru controversy.</title>
<headline>Red Cross ends hostage role amid Peru controversy.</headline>
<byline>Saul Hudson</byline>
<dateline>LIMA 1997-04-26</dateline>
<text>
<p>The Red Cross said on Friday it has finished its work in Peru's hostage saga, but could find itself embroiled in controversy after the bloody rescue of 71 VIPs held by Tupac Amaru rebels at the Japanese ambassador's home.</p>
<p>&quot;There is no role for us. We were asked to help during the crisis. Right now there is no real place for us,&quot; Red Cross spokeswoman Cecile Baux told Reuters.</p>
<p>The organisation hopes to return to its normal work in Peru, including resuming visits to jailed Tupac Amaru rebels that the government stopped soon after 14 heavily armed members of the group stormed the mansion on Dec. 17, Baux said.</p>
<p>But the Red Cross, which repeatedly ruffled government feathers during the siege, could find itself dragged back into the hostage saga as reports emerged that Peru's military prepared hostages for the strike with a device smuggled inside.</p>
<p>&quot;Everything we took into the residence was checked by both sides. The police and the MRTA both had the opportunity to check everything,&quot; Baux said of the Red Cross daily shuttle service which ferried supplies to hostages inside.</p>
<p>Asked if she believed the organisation had been duped into passing devices to captives, Baux said: &quot;Everything the Red Cross did was done with transparency.&quot;</p>
<p>Peace talks guarantors and independent doctors accompanying Red Cross officials also made regular visits into the mined and booby-trapped compound during the 126-day siege.</p>
<p>Security forces sources claimed they monitored the rebels' activity with listening gadgets slipped inside books, cups and chess sets given to hostages by the Red Cross.</p>
<p>The militray, which caught the rebels off guard playing soccer in a reception room, ordered its strike after communicating with a captive police chief on one device smuggled into the mansion inside a book, they added.</p>
<p>Unwitting help from the Red Cross could be acutely embarrassing for the humanitarian organisation, as Tuesday's raid provoked a rash of allegations that troops executed at least two rebels and killed one other who tried to surrender.</p>
<p>One hostage, two commandos and all 14 Tupac Amaru Revolutionary Movement (MRTA) rebels died in the raid launched from a warren of tunnels dug under the residence.</p>
<p>The Red Cross' chief official in Peru, Michel Minnig, has said his officials knew nothing of a pending raid or material smuggled inside the residence.</p>
<p>Minnig became a protagonist in a standoff that grabbed headlines around the world as he worked tirelessly -- and in the end fruitlessly -- as a peace broker between the government and rebels.</p>
<p>But while the Swiss aid worker became a reluctant celebrity, eulogised by local media, his assistant, Juan Pedro Schaerer, angered the Peruvian government sufficeiently to be asked to leave the country.</p>
<p>Government officials told Minnig on Wednesday that the Peruvian authorities had &quot;lost confidence&quot; in Schaerer, Baux said.</p>
<p>&quot;In the absence of more specific details, the Red Cross considers that its delegate did not overstep the mandate entrusted to him,&quot; she added.</p>
</text>
<copyright>(c) Reuters Limited 1997</copyright>
<metadata>
<codes class="bip:countries:1.0">
  <code code="JAP">
    <editdetail attribution="Reuters BIP Coding Group" action="confirmed" date="1997-04-26"/>
  </code>
  <code code="PERU">
    <editdetail attribution="Reuters BIP Coding Group" action="confirmed" date="1997-04-26"/>
  </code>
</codes>
<codes class="bip:topics:1.0">
  <code code="GCAT">
    <editdetail attribution="Reuters BIP Coding Group" action="confirmed" date="1997-04-26"/>
  </code>
  <code code="GVIO">
    <editdetail attribution="Reuters BIP Coding Group" action="confirmed" date="1997-04-26"/>
  </code>
</codes>
<dc element="dc.date.created" value="1997-04-26"/>
<dc element="dc.publisher" value="Reuters Holdings Plc"/>
<dc element="dc.date.published" value="1997-04-26"/>
<dc element="dc.source" value="Reuters"/>
<dc element="dc.creator.location" value="LIMA"/>
<dc element="dc.creator.location.country.name" value="PERU"/>
<dc element="dc.source" value="Reuters"/>
</metadata>
</newsitem>
