<?xml version="1.0" encoding="iso-8859-1" ?>
<newsitem itemid="541688" id="root" date="1997-04-26" xml:lang="en">
<title>USA: Clinton may give surgeon general job dual role.</title>
<headline>Clinton may give surgeon general job dual role.</headline>
<dateline>WASHINGTON 1997-04-26</dateline>
<text>
<p>Dr. David Satcher, director of the Centres for Disease Control and Prevention, is the leading candidate to become the next U.S. surgeon general, a White House official said on Saturday.</p>
<p>The White House was considering combining the job of surgeon general with the assistant secretary at the Health and Human Services Department and nominating Satcher for both, said the official, who spoke on condition of anonymity.</p>
<p>&quot;He's very much the leading candidate and the administration is looking at the possibility of having him serve in both positions,&quot; the official said.</p>
<p>The jobs had been combined under President Jimmy Carter but were divided by President Ronald Reagan when he took office.</p>
<p>Satcher, 56, is a former president of Meharry Medical College in Nashville, Tennessee, and had been a candidate for the surgeon general's position in 1995.</p>
<p>The surgeon general's job, essentially the government's chief spokesman for Americans' health and wellness, has been a constant headache for President Clinton.</p>
<p>His first surgeon general, Joycelyn Elders, was forced to resign after an uproar developed over her remarks about sex education, condoms and masturbation.</p>
<p>Then Clinton nominated Dr. Henry Foster for the job, only to withdraw the nomination after it became clear Foster had performed more abortions than he had originally admitted.</p>
<p>The acting surgeon general, Dr. Audrey Manley, is leaving the position July 1 to head Spelman College in Atlanta.</p>
</text>
<copyright>(c) Reuters Limited 1997</copyright>
<metadata>
<codes class="bip:countries:1.0">
  <code code="USA">
    <editdetail attribution="Reuters BIP Coding Group" action="confirmed" date="1997-04-26"/>
  </code>
</codes>
<codes class="bip:topics:1.0">
  <code code="GCAT">
    <editdetail attribution="Reuters BIP Coding Group" action="confirmed" date="1997-04-26"/>
  </code>
  <code code="GHEA">
    <editdetail attribution="Reuters BIP Coding Group" action="confirmed" date="1997-04-26"/>
  </code>
  <code code="GPOL">
    <editdetail attribution="Reuters BIP Coding Group" action="confirmed" date="1997-04-26"/>
  </code>
  <code code="GPRO">
    <editdetail attribution="Reuters BIP Coding Group" action="confirmed" date="1997-04-26"/>
  </code>
</codes>
<dc element="dc.date.created" value="1997-04-26"/>
<dc element="dc.publisher" value="Reuters Holdings Plc"/>
<dc element="dc.date.published" value="1997-04-26"/>
<dc element="dc.source" value="Reuters"/>
<dc element="dc.creator.location" value="WASHINGTON"/>
<dc element="dc.creator.location.country.name" value="USA"/>
<dc element="dc.source" value="Reuters"/>
</metadata>
</newsitem>
