<?xml version="1.0" encoding="iso-8859-1" ?>
<newsitem itemid="541604" id="root" date="1997-04-26" xml:lang="en">
<title>TAIWAN: Kidnappers demand $5 mln for Taiwan actress' daughter.</title>
<headline>Kidnappers demand $5 mln for Taiwan actress' daughter.</headline>
<dateline>TAIPEI 1997-04-26</dateline>
<text>
<p>Kidnappers have abducted the 16-year-old daughter of a Taiwan actress, cut off part of the girl's finger and demanded a US$5 million ransom, one of the highest ever on the island, police said on Saturday.</p>
<p>Pai Hsiao-yen, the only daughter of talk show hostess Pai Ping-ping, was kidnapped on April 14 on her way to school, police said. The kidnappers chopped off half her left little finger, sent it to her mother and demanded a US$5 million ransom.</p>
<p>Police said they arrested four suspects on Friday night, but were still searching for two main suspects who still held the victim, who they believe is still alive.</p>
<p>A weeping Pai Ping-ping urged the suspects to return her daughter.</p>
<p>&quot;No child should suffer like this...please release my child,&quot; she told a press conference on Saturday.</p>
<p>Pai Ping-ping, a popular Taiwan actress, hosts several television talk and variety shows.</p>
<p>President Lee Teng-hui expressed his concern over the kidnapping through his presidential spokesman and urged police to solve the case as soon as possible.</p>
<p>Taiwan reported 156 kidnapping cases in 1996, the highest number since 187 cases in 1990, the state-run Central News Agency reported on Saturday.</p>
<p>In January and February, 34 kidnapping cases were reported, all of which had been solved, the agency said.</p>
</text>
<copyright>(c) Reuters Limited 1997</copyright>
<metadata>
<codes class="bip:countries:1.0">
  <code code="TAIWAN">
    <editdetail attribution="Reuters BIP Coding Group" action="confirmed" date="1997-04-26"/>
  </code>
</codes>
<codes class="bip:topics:1.0">
  <code code="GCAT">
    <editdetail attribution="Reuters BIP Coding Group" action="confirmed" date="1997-04-26"/>
  </code>
  <code code="GCRIM">
    <editdetail attribution="Reuters BIP Coding Group" action="confirmed" date="1997-04-26"/>
  </code>
</codes>
<dc element="dc.date.created" value="1997-04-26"/>
<dc element="dc.publisher" value="Reuters Holdings Plc"/>
<dc element="dc.date.published" value="1997-04-26"/>
<dc element="dc.source" value="Reuters"/>
<dc element="dc.creator.location" value="TAIPEI"/>
<dc element="dc.creator.location.country.name" value="TAIWAN"/>
<dc element="dc.source" value="Reuters"/>
</metadata>
</newsitem>
