<?xml version="1.0" encoding="iso-8859-1" ?>
<newsitem itemid="541626" id="root" date="1997-04-26" xml:lang="en">
<title>TAIWAN: Taiwan Sampo Jan-Mar pretax down 25 pct.</title>
<headline>Taiwan Sampo Jan-Mar pretax down 25 pct.</headline>
<dateline>TAIPEI 1997-04-26</dateline>
<text>
<p>January-March 1997</p>
<p>			 (in million T$ unless stated)</p>
<p>    Turnover				4,368 vs 5,050</p>
<p>    Pretax profit			   113 vs   150</p>
<p>NOTE - Sampo Corp is one of Taiwan's leading electrical appliance and electronic product makers.</p>
<p>-- Taipei newsroom (5080815)</p>
</text>
<copyright>(c) Reuters Limited 1997</copyright>
<metadata>
<codes class="bip:countries:1.0">
  <code code="TAIWAN">
    <editdetail attribution="Reuters BIP Coding Group" action="confirmed" date="1997-04-26"/>
  </code>
</codes>
<codes class="bip:industries:1.0">
  <code code="I34000">
    <editdetail attribution="Reuters BIP Coding Group" action="confirmed" date="1997-04-26"/>
  </code>
</codes>
<codes class="bip:topics:1.0">
  <code code="C15">
    <editdetail attribution="Reuters BIP Coding Group" action="confirmed" date="1997-04-26"/>
  </code>
  <code code="C151">
    <editdetail attribution="Reuters BIP Coding Group" action="confirmed" date="1997-04-26"/>
  </code>
  <code code="CCAT">
    <editdetail attribution="Reuters BIP Coding Group" action="confirmed" date="1997-04-26"/>
  </code>
</codes>
<dc element="dc.date.created" value="1997-04-26"/>
<dc element="dc.publisher" value="Reuters Holdings Plc"/>
<dc element="dc.date.published" value="1997-04-26"/>
<dc element="dc.source" value="Reuters"/>
<dc element="dc.creator.location" value="TAIPEI"/>
<dc element="dc.creator.location.country.name" value="TAIWAN"/>
<dc element="dc.source" value="Reuters"/>
</metadata>
</newsitem>
