<?xml version="1.0" encoding="iso-8859-1" ?>
<newsitem itemid="541608" id="root" date="1997-04-26" xml:lang="en">
<title>INDONESIA: Profiles of Indonesian parties contesting May poll.</title>
<headline>Profiles of Indonesian parties contesting May poll.</headline>
<dateline>JAKARTA 1997-04-26</dateline>
<text>
<p>Following are profiles of the three political parties legally permitted to contest Indonesia's May 29 general elections for the 425 elected seats in the 500-seat House of Representatives.</p>
<p>The remaining 75 seats are alloted to the military which does not vote. The election campaign runs from April 27 to May 23.</p>
<p>GOLKAR - Founded in 1964 by a group of soldiers and civilians to offset the influence of the Communist Party of Indonesia, which was subsequently banned after being blamed for an abortive coup bid in 1965 which led to then general Suharto replacing founding President Sukarno as head of state.</p>
<p>Golkar, which stands for &quot;functional groups&quot;, has been the dominant party during President Suharto's 30-year rule. It claims a membership of 36 million out of the country's 200 million population. Its general chairman is Information Minister Harmoko, the first civilian to hold the position.</p>
<p>Golkar officials say they have set a target of 70.02 percent of the 124.7 million voters in the coming election compared with 68 percent of the poll in 1992 and 73 percent in 1987. It is the richest party backed by the military, government bureaucracy and leading businessmen.</p>
<p>In its manifesto, Golkar is pushing government programmes ranging from infrastructural, industrial and agricultural development to social welfare through the sprawling archipelago of more than 17,000 islands.</p>
<p>UNITED DEVELOPMENT PARTY (PPP) - A Moslem-oriented party, it arose from the merger under government pressure of four Islamic parties in 1973. The PPP is mainly rural-based, with much of its support on the main island of Java.</p>
<p>Officials say they do not have a membership figure.</p>
<p>The PPP is chaired by veteran politician Ismail Hasan Metareum, who said the party's campaign theme would be &quot;justice&quot;.</p>
<p>The PPP won 17 percent of the vote and 62 seats in parliament in 1992 compared with a peak of 99 seats in 1977.</p>
<p>INDONESIAN DEMOCRATIC PARTY (PDI) - The Christian-Nationalist PDI was also formed under government pressure from several Christian and nationalist parties at the same time as the PPP in 1973.</p>
<p>It has been riven by factional strife since its leader elected for a five-year term in 1993, Megawati Sukarnoputri, was ousted by government-backed rebels headed by deputy parliamentary speaker Surjadi in June last year. Megawati, daughter of Indonesia's late founding president Sukarno, has been fighting her ouster through the courts.</p>
<p>Electoral authorities have refused to accept her candidates' list for the forthcoming election and she has told her supporters not to take part in the campaign.</p>
<p>The PDI, which won 15 percent of the vote in 1992, claims a membership of 16 million. Surjadi said its aim was to promote democracy, social justice and the spirit of nationalism.</p>
</text>
<copyright>(c) Reuters Limited 1997</copyright>
<metadata>
<codes class="bip:countries:1.0">
  <code code="INDON">
    <editdetail attribution="Reuters BIP Coding Group" action="confirmed" date="1997-04-26"/>
  </code>
</codes>
<codes class="bip:topics:1.0">
  <code code="GCAT">
    <editdetail attribution="Reuters BIP Coding Group" action="confirmed" date="1997-04-26"/>
  </code>
  <code code="GPOL">
    <editdetail attribution="Reuters BIP Coding Group" action="confirmed" date="1997-04-26"/>
  </code>
  <code code="GVOTE">
    <editdetail attribution="Reuters BIP Coding Group" action="confirmed" date="1997-04-26"/>
  </code>
</codes>
<dc element="dc.date.created" value="1997-04-26"/>
<dc element="dc.publisher" value="Reuters Holdings Plc"/>
<dc element="dc.date.published" value="1997-04-26"/>
<dc element="dc.source" value="Reuters"/>
<dc element="dc.creator.location" value="JAKARTA"/>
<dc element="dc.creator.location.country.name" value="INDONESIA"/>
<dc element="dc.source" value="Reuters"/>
</metadata>
</newsitem>
