<?xml version="1.0" encoding="iso-8859-1" ?>
<newsitem itemid="541617" id="root" date="1997-04-26" xml:lang="en">
<title>CHINA: Shanghai Wing Sung 1996 net profit up.</title>
<headline>Shanghai Wing Sung 1996 net profit up.</headline>
<dateline>SHANGHAI 1997-04-26</dateline>
<text>
<p>Shanghai Wing Sung Co Ltd registered net profit of 2.29 million yuan in 1996 under international accounting standards, up from 1.19 million in 1995, the company said on Saturday.</p>
<p>Based on domestic accounting standards, the company posted net profit of 13.89 million yuan in 1996, down 36.78 percent from 21.97 million yuan in 1995, according to an annual report published in the Shanghai Securities News.</p>
<p>Wing Sung, primarily a stationery producer, said sharp falls in the property market and reduced income from property management fees helped cause the drop in profits under domestic standards.</p>
<p>Poor results of other companies in which Wing Sung has investments also hurt profits, it said.</p>
<p>The company gave no reasons for the rise in profit under international standards, but noted a reduction in provisions for losses by related enterprises.</p>
<p>The company's board of directors have proposed a 1.5-for-10 bonus issue pending approval at a shareholders' meeting on May 31.</p>
</text>
<copyright>(c) Reuters Limited 1997</copyright>
<metadata>
<codes class="bip:countries:1.0">
  <code code="CHINA">
    <editdetail attribution="Reuters BIP Coding Group" action="confirmed" date="1997-04-26"/>
  </code>
</codes>
<codes class="bip:industries:1.0">
  <code code="I49540">
    <editdetail attribution="Reuters BIP Coding Group" action="confirmed" date="1997-04-26"/>
  </code>
</codes>
<codes class="bip:topics:1.0">
  <code code="C15">
    <editdetail attribution="Reuters BIP Coding Group" action="confirmed" date="1997-04-26"/>
  </code>
  <code code="C151">
    <editdetail attribution="Reuters BIP Coding Group" action="confirmed" date="1997-04-26"/>
  </code>
  <code code="C1511">
    <editdetail attribution="Reuters BIP Coding Group" action="confirmed" date="1997-04-26"/>
  </code>
  <code code="CCAT">
    <editdetail attribution="Reuters BIP Coding Group" action="confirmed" date="1997-04-26"/>
  </code>
</codes>
<dc element="dc.date.created" value="1997-04-26"/>
<dc element="dc.publisher" value="Reuters Holdings Plc"/>
<dc element="dc.date.published" value="1997-04-26"/>
<dc element="dc.source" value="Reuters"/>
<dc element="dc.creator.location" value="SHANGHAI"/>
<dc element="dc.creator.location.country.name" value="CHINA"/>
<dc element="dc.source" value="Reuters"/>
</metadata>
</newsitem>
