<?xml version="1.0" encoding="iso-8859-1" ?>
<newsitem itemid="541616" id="root" date="1997-04-26" xml:lang="en">
<title>CHINA: Shanghai Automation net slumps on tough market.</title>
<headline>Shanghai Automation net slumps on tough market.</headline>
<dateline>SHANGHAI 1997-04-26</dateline>
<text>
<p>Shanghai Automation Instrumentation Co Ltd said on Saturday a 41 percent drop in net profit in 1996 was due to tougher market conditions.</p>
<p>Net profit slumped 40.88 percent to 26.72 million yuan in 1996, compared with 45.19 million in 1995 based on international accounting standards, the company said in its annual report, published in the Shanghai Securities News.</p>
<p>The firm on Friday reported 1996 net profit of 48.23 million yuan based on domestic accounting standards, down from 59.51 million in 1995.</p>
<p>Slack demand for its products, sharper competition and funding shortages caused the drop in profits, the company said.</p>
<p>Although turnover increased in 1996, it could not offset the effects of inflation and the reduction of tax rebates due to changes in government policy, it said.</p>
<p>The company's board of directors have proposed a one-for-10 bonus issue, pending approval at a June 20 shareholders meeting.</p>
</text>
<copyright>(c) Reuters Limited 1997</copyright>
<metadata>
<codes class="bip:countries:1.0">
  <code code="CHINA">
    <editdetail attribution="Reuters BIP Coding Group" action="confirmed" date="1997-04-26"/>
  </code>
</codes>
<codes class="bip:industries:1.0">
  <code code="I34420">
    <editdetail attribution="Reuters BIP Coding Group" action="confirmed" date="1997-04-26"/>
  </code>
</codes>
<codes class="bip:topics:1.0">
  <code code="C15">
    <editdetail attribution="Reuters BIP Coding Group" action="confirmed" date="1997-04-26"/>
  </code>
  <code code="C151">
    <editdetail attribution="Reuters BIP Coding Group" action="confirmed" date="1997-04-26"/>
  </code>
  <code code="C1511">
    <editdetail attribution="Reuters BIP Coding Group" action="confirmed" date="1997-04-26"/>
  </code>
  <code code="CCAT">
    <editdetail attribution="Reuters BIP Coding Group" action="confirmed" date="1997-04-26"/>
  </code>
</codes>
<dc element="dc.date.created" value="1997-04-26"/>
<dc element="dc.publisher" value="Reuters Holdings Plc"/>
<dc element="dc.date.published" value="1997-04-26"/>
<dc element="dc.source" value="Reuters"/>
<dc element="dc.creator.location" value="SHANGHAI"/>
<dc element="dc.creator.location.country.name" value="CHINA"/>
<dc element="dc.source" value="Reuters"/>
</metadata>
</newsitem>
