<?xml version="1.0" encoding="iso-8859-1" ?>
<newsitem itemid="541696" id="root" date="1997-04-26" xml:lang="en">
<title>USA: Suspected serial killer charged with two deaths.</title>
<headline>Suspected serial killer charged with two deaths.</headline>
<dateline>CHICAGO 1997-04-25</dateline>
<text>
<p>A security guard was charged Friday with killing two women believed to have been prostitutes and police said he was suspected of another death in Illinois and perhaps five similar slayings in California.</p>
<p>Andrew Urdalis, 32, was charged with killing Lynn Huber, 22, of Chicago, whose body was found was found last Aug. 22 in Wolf Lake on the Illinois-Indiana border south of Chicago.</p>
<p>He was also charged with the death of Lori Uylaki, 25, of Hammond, Indiana, whose body was found in the same lake earlier in 1996.</p>
<p>Police said they expected charges would be filed Monday in a third death, that of Cassandra Corum, 21, of Hammond, whose body was found in a river near Pontiac, Illinois, about 75 miles southwest of Chicago, last July 14.</p>
<p>Chicago police Lt. Joseph Murphy said Urdalis confessed to the two slayings with which he was charged, admitting &quot;he had sex with them, killed them, dumped their bodies and got rid of the clothes.&quot;</p>
<p>He said police in southern California, where the Chicago man was based while a Marine, are investigating him in as many as five other deaths.</p>
<p>&quot;Based upon the statements he's made to us this should tie up a lot of loose ends,&quot; he said.</p>
</text>
<copyright>(c) Reuters Limited 1997</copyright>
<metadata>
<codes class="bip:countries:1.0">
  <code code="USA">
    <editdetail attribution="Reuters BIP Coding Group" action="confirmed" date="1997-04-26"/>
  </code>
</codes>
<codes class="bip:topics:1.0">
  <code code="GCAT">
    <editdetail attribution="Reuters BIP Coding Group" action="confirmed" date="1997-04-26"/>
  </code>
  <code code="GCRIM">
    <editdetail attribution="Reuters BIP Coding Group" action="confirmed" date="1997-04-26"/>
  </code>
</codes>
<dc element="dc.date.created" value="1997-04-25"/>
<dc element="dc.publisher" value="Reuters Holdings Plc"/>
<dc element="dc.date.published" value="1997-04-26"/>
<dc element="dc.source" value="Reuters"/>
<dc element="dc.creator.location" value="CHICAGO"/>
<dc element="dc.creator.location.country.name" value="USA"/>
<dc element="dc.source" value="Reuters"/>
</metadata>
</newsitem>
