<?xml version="1.0" encoding="iso-8859-1" ?>
<newsitem itemid="541727" id="root" date="1997-04-26" xml:lang="en">
<title>FRANCE: Jospin slams snap poll in France.</title>
<headline>Jospin slams snap poll in France.</headline>
<byline>Alister Doyle</byline>
<dateline>PARIS 1997-04-26</dateline>
<text>
<p>French opposition Socialist leader Lionel Jospin on Saturday renewed criticisms of President Jacques Chirac's decision to call a parliamentary election as the centre-right coalition struggled to justify the snap poll.</p>
<p>Campaigning in southwest France, Jospin predicted an opposition win in the May 25-June 1 National Assembly election, saying there were no compelling reasons for bringing forward the vote from the original date of March 1998.</p>
<p>&quot;The French people will surprise in this election. And that's normal because they've been surprised without getting an explanation,&quot; Jospin said in Labarthe sur Leze.</p>
<p>The latest opinion poll showed the race is wide open for the National Assembly election, where the centre-right now has 80 percent of the seats.</p>
<p>&quot;Jacques Chirac's gamble is proving risky,&quot; said Pascal Perrineau, politics professor at the Sciences Po Institute, saying that voters had been disappointed by a lack of explanations for Monday's dissolution.</p>
<p>Conservative Chirac has said the vote is a chance to give France a new impulse and let it join a single European currency from a position of strength. The European Union is set to debate which nations can join in early 1998.</p>
<p>Francois Leotard, head of the Union for French Democracy (UDF) which is the junior partner in the ruling coalition, said the election gave France the chance for greater stability.</p>
<p>&quot;A country that is governed by zig-zags, by parentheses, by cohabitations, is a country that has a hard time defending its interests,&quot; he told the daily Le Figaro.</p>
<p>The National Assembly election would allow the government, if it wins, a new five-year term that will match the five remaining years of Chirac's seven-year term.</p>
<p>But it is only the fifth time that the National Assembly has been dissolved early since 1958 -- and the first when France is not facing a major crisis.</p>
<p>The Socialists charge the government is secretly planning a new bout of austerity to prepare for the currency, the euro. The government has said it will not change its current economic course.</p>
<p>Jospin noted the election meant the National Assembly had suspended consideration of a bill aimed at reducing poverty in France -- one of Chirac's main campaign promises two years ago.</p>
<p>He said he &quot;regretted that this dissolution was made over the body of this law on social cohesion...We will take up this legislative plan very quickly if we return to power.&quot;</p>
<p>The bill aims to create 300,000 minimum-wage jobs over five years, build houses and to help combat unemployment of 12.8 percent, a post-war high.</p>
<p>Prime Minister Alain Juppe was campaigning on Saturday in the south-western city of Bordeaux, where he is mayor.</p>
<p>Veteran Trostkyite Arlette Laguiller, doggedly preaching proletarian revolution despite the end of the Cold War, entered the campaign with a rally on Friday blasting both Chirac and Jospin as symbolising austerity policies.</p>
<p>Laguiller, who won about five percent in the 1995 presidential election, noted that both favoured the euro and EU intergration that she said would allow &quot;capitalists to raise their profits at the expensee of the workers.&quot;</p>
</text>
<copyright>(c) Reuters Limited 1997</copyright>
<metadata>
<codes class="bip:countries:1.0">
  <code code="FRA">
    <editdetail attribution="Reuters BIP Coding Group" action="confirmed" date="1997-04-26"/>
  </code>
</codes>
<codes class="bip:topics:1.0">
  <code code="GCAT">
    <editdetail attribution="Reuters BIP Coding Group" action="confirmed" date="1997-04-26"/>
  </code>
  <code code="GPOL">
    <editdetail attribution="Reuters BIP Coding Group" action="confirmed" date="1997-04-26"/>
  </code>
  <code code="GVOTE">
    <editdetail attribution="Reuters BIP Coding Group" action="confirmed" date="1997-04-26"/>
  </code>
</codes>
<dc element="dc.date.created" value="1997-04-26"/>
<dc element="dc.publisher" value="Reuters Holdings Plc"/>
<dc element="dc.date.published" value="1997-04-26"/>
<dc element="dc.source" value="Reuters"/>
<dc element="dc.creator.location" value="PARIS"/>
<dc element="dc.creator.location.country.name" value="FRANCE"/>
<dc element="dc.source" value="Reuters"/>
</metadata>
</newsitem>
