<?xml version="1.0" encoding="iso-8859-1" ?>
<newsitem itemid="541729" id="root" date="1997-04-26" xml:lang="en">
<title>FRANCE: French union cancels strikes due to election.</title>
<headline>French union cancels strikes due to election.</headline>
<dateline>PARIS 1997-04-26</dateline>
<text>
<p>The leader of France's independent Force Ouvriere union said he was calling off two planned demonstrations so as not to interfere with a parliamentary election next month.</p>
<p>He said a strike in the banking sector set for May 15 and a demonstration in Paris and Toulouse planned for May 28 were being cancelled.</p>
<p>&quot;There is an old tradition that unions always hesitate to mount protests during electoral periods so as to avoid being manipulated, taken over or used,&quot; Blondel told Radio Classique in an interview.</p>
<p>President Jacques Chirac dissolved the National Assembly on Monday and called a two-round parliamentary election for May 25 and June 1.</p>
<p>-- Paris Newsroom +331 4221 5452</p>
</text>
<copyright>(c) Reuters Limited 1997</copyright>
<metadata>
<codes class="bip:countries:1.0">
  <code code="FRA">
    <editdetail attribution="Reuters BIP Coding Group" action="confirmed" date="1997-04-26"/>
  </code>
</codes>
<codes class="bip:industries:1.0">
  <code code="I81402">
    <editdetail attribution="Reuters BIP Coding Group" action="confirmed" date="1997-04-26"/>
  </code>
</codes>
<codes class="bip:topics:1.0">
  <code code="C42">
    <editdetail attribution="Reuters BIP Coding Group" action="confirmed" date="1997-04-26"/>
  </code>
  <code code="CCAT">
    <editdetail attribution="Reuters BIP Coding Group" action="confirmed" date="1997-04-26"/>
  </code>
  <code code="E41">
    <editdetail attribution="Reuters BIP Coding Group" action="confirmed" date="1997-04-26"/>
  </code>
  <code code="ECAT">
    <editdetail attribution="Reuters BIP Coding Group" action="confirmed" date="1997-04-26"/>
  </code>
  <code code="GCAT">
    <editdetail attribution="Reuters BIP Coding Group" action="confirmed" date="1997-04-26"/>
  </code>
  <code code="GJOB">
    <editdetail attribution="Reuters BIP Coding Group" action="confirmed" date="1997-04-26"/>
  </code>
  <code code="GPOL">
    <editdetail attribution="Reuters BIP Coding Group" action="confirmed" date="1997-04-26"/>
  </code>
  <code code="GVOTE">
    <editdetail attribution="Reuters BIP Coding Group" action="confirmed" date="1997-04-26"/>
  </code>
</codes>
<dc element="dc.date.created" value="1997-04-26"/>
<dc element="dc.publisher" value="Reuters Holdings Plc"/>
<dc element="dc.date.published" value="1997-04-26"/>
<dc element="dc.source" value="Reuters"/>
<dc element="dc.creator.location" value="PARIS"/>
<dc element="dc.creator.location.country.name" value="FRANCE"/>
<dc element="dc.source" value="Reuters"/>
</metadata>
</newsitem>
