<?xml version="1.0" encoding="iso-8859-1" ?>
<newsitem itemid="541762" id="root" date="1997-04-26" xml:lang="en">
<title>UKRAINE: Thousands mourn on 11th anniversary of Chernobyl.</title>
<headline>Thousands mourn on 11th anniversary of Chernobyl.</headline>
<byline>Irene Marushko</byline>
<dateline>KIEV 1997-04-26</dateline>
<text>
<p>Hundreds of workers at the Chernobyl nuclear power plant in Ukraine stood in silence at noon on Saturday to remember those who died 11 years ago in the world's worst nuclear accident. Many are still dying.</p>
<p>&quot;This was a great catastrophe, it was our responsibility, and our staff met the challenge fully and this demands our respect,&quot; Chernobyl managing director Serhiy Parashyn told them.</p>
<p>&quot;Our responsibility now is to maintain safety and produce energy,&quot; he said of the blast and fire in the early hours of April 26, 1986, which sent a cloud of deadly radioactive dust across much of Europe, accounting for thousands of lives.</p>
<p>Ukrainian authorities estimate some 4,300 died in Chernobyl's wake and several thousand more, including many children afflicted with radiation-related illnesses, now suffer.</p>
<p>Thousands gathered at ceremonies in the capital, Kiev, just 100 km (60 miles) from the still-operating Chernobyl plant, in Belarus and Russia and across the former Soviet Union.</p>
<p>More than 20,000 people marched through the Belarussian capital Minsk, using the anniversary to protest agains the authoritarian rule of President Alexander Lukashenko.</p>
<p>Waving nationalist flags and chanting &quot;Down with Luka&quot; and &quot;Independence&quot;, they voiced their opposition to the broadly popular president's policy of seeking to re-unite the country with Russia.</p>
<p>Belarus, downwind of Chernobyl, was especially blighted.</p>
<p>Minsk authorities had said they feared violence at the march, but it passed of peacefully with police keeping a lower profile than during recent demonstrations which have ended in arrests.</p>
<p>In Slavutych, the Ukrainian town built to house displaced workers from the plant, some 5,000 people began an all-night vigil at precisely 1.24 am (22.24 GMT), the moment when staff at Chernobyl lost control of the reactor.</p>
<p>Weeping women lit candles and placed flowers on a monument dedicated to their dead colleagues. &quot;Dima, you died so young, and I remember you well,&quot; said one mourner, addressing a portrait placed on a Chernobyl monument in the town's centre.</p>
<p>Eleven years on, a lack of cash is hampering the efforts of the Soviet successor states to deal with Chernobyl's legacy.</p>
<p>Ukrainian President Leonid Kuchma, attending a ceremony at a Kiev radiation treatment centre, called on the international community to help with the costly aftermath of the accident.</p>
<p>Russian President Boris Yeltsin promised on Saturday that Moscow would continue to care for those who suffered.</p>
<p>He paid tribute to the &quot;liquidators&quot;, power workers and soldiers, some of them conscripts, who were sent in to clean up the mess and seal off the flow of deadly gases. Exposed to massive doses of radiation, many died or are dying.</p>
<p>&quot;This disaster cost and continues to cost human lives,&quot; Yeltsin said in an official written statement.</p>
<p>&quot;But the scale of the tragedy could have been immeasurably greater if it were not for the bravery and selflessness of those who, without care for their health or sparing their strength, worked to liquidate the consequences of the disaster.&quot;</p>
<p>Yeltsin's predecessor, Soviet leader Mikhail Gorbachev, hushed up the disaster for days, aggravating its impact.</p>
<p>Ukraine has drawn up a plan with the Group of Seven leading industrialised Western countries to stabilise the crumbling sarcophagus built around the ill-fated fourth reactor.</p>
<p>Kuchma has promised to close down the remaining reactor altogether by 2000 in return for $3.1 billion of Western credits. The G7 is expected to decide on funding arrangements for the plan at its June summit.</p>
<p>Ukrainian estimates show about two million of its 52 million people live in contaminated areas near Chernobyl, including 479 who have returned to the 30-km (19-mile) zone around the site.</p>
<p>Nuclear experts say the entire &quot;exclusion zone&quot; should remain uninhabited for the next three centuries.</p>
</text>
<copyright>(c) Reuters Limited 1997</copyright>
<metadata>
<codes class="bip:countries:1.0">
  <code code="UKRN">
    <editdetail attribution="Reuters BIP Coding Group" action="confirmed" date="1997-04-26"/>
  </code>
</codes>
<codes class="bip:industries:1.0">
  <code code="I1610109">
    <editdetail attribution="Reuters BIP Coding Group" action="confirmed" date="1997-04-26"/>
  </code>
</codes>
<codes class="bip:topics:1.0">
  <code code="CCAT">
    <editdetail attribution="Reuters BIP Coding Group" action="confirmed" date="1997-04-26"/>
  </code>
  <code code="GCAT">
    <editdetail attribution="Reuters BIP Coding Group" action="confirmed" date="1997-04-26"/>
  </code>
  <code code="GDIS">
    <editdetail attribution="Reuters BIP Coding Group" action="confirmed" date="1997-04-26"/>
  </code>
</codes>
<dc element="dc.date.created" value="1997-04-26"/>
<dc element="dc.publisher" value="Reuters Holdings Plc"/>
<dc element="dc.date.published" value="1997-04-26"/>
<dc element="dc.source" value="Reuters"/>
<dc element="dc.creator.location" value="KIEV"/>
<dc element="dc.creator.location.country.name" value="UKRAINE"/>
<dc element="dc.source" value="Reuters"/>
</metadata>
</newsitem>
