<?xml version="1.0" encoding="iso-8859-1" ?>
<newsitem itemid="541759" id="root" date="1997-04-26" xml:lang="en">
<title>BANGLADESH: Dhaka stocks seen moving down on selling spree.</title>
<headline>Dhaka stocks seen moving down on selling spree.</headline>
<dateline>DHAKA 1997-04-26</dateline>
<text>
<p>Shares on the Dhaka Stock Exchange may continue to slide when the market reopens on Saturday after the Moslem Friday weekend, brokers said.</p>
<p>&quot;Investors still believe a persistent banking crisis will hurt the economy and are likely to be mostly eager to offload their shares,&quot; said broker Shakil Rizvi.</p>
<p>The market reacted nervously to a warning on Tuesday by central bank chief Lutfar Rahman Sarkar that the country's banking system might collapse over defaulted loans. The DSE all-share price index closed 31.87 points or 3.02 percent down at 1,022.2 on Thursday.</p>
<p>-- Dhaka Newsroom + 880-2-506363</p>
</text>
<copyright>(c) Reuters Limited 1997</copyright>
<metadata>
<codes class="bip:countries:1.0">
  <code code="BANDH">
    <editdetail attribution="Reuters BIP Coding Group" action="confirmed" date="1997-04-26"/>
  </code>
</codes>
<codes class="bip:topics:1.0">
  <code code="M11">
    <editdetail attribution="Reuters BIP Coding Group" action="confirmed" date="1997-04-26"/>
  </code>
  <code code="MCAT">
    <editdetail attribution="Reuters BIP Coding Group" action="confirmed" date="1997-04-26"/>
  </code>
</codes>
<dc element="dc.date.created" value="1997-04-26"/>
<dc element="dc.publisher" value="Reuters Holdings Plc"/>
<dc element="dc.date.published" value="1997-04-26"/>
<dc element="dc.source" value="Reuters"/>
<dc element="dc.creator.location" value="DHAKA"/>
<dc element="dc.creator.location.country.name" value="BANGLADESH"/>
<dc element="dc.source" value="Reuters"/>
</metadata>
</newsitem>
