<?xml version="1.0" encoding="iso-8859-1" ?>
<newsitem itemid="541732" id="root" date="1997-04-26" xml:lang="en">
<title>UNITED NATIONS: Kenya-based Habitat Center target of U.N. probe.</title>
<headline>Kenya-based Habitat Center target of U.N. probe.</headline>
<byline>Evelyn Leopold</byline>
<dateline>UNITED NATIONS 1997-04-25</dateline>
<text>
<p>In a scathing report, the U.N. inspector-general said the Nairobi-based Centre for Human Settlements needed a financial and policy overhaul if it expected to survive.</p>
<p>&quot;Allowing the current state of affairs to persist for any length of time into the future would be reprehensible,&quot; said the report, released on Friday by the U.N. office of Internal Oversight Services led by Karl Paschke of Germany.</p>
<p>It said that the centre, known as Habitat, had few financial controls, hired unneeded consultants, assigned staff members to tasks they did not perform and functioned under a muddled organisational and policy structure.</p>
<p>&quot;Accordingly, the situation of Habitat is serious and should not be allowed to continue,&quot; the report said. U.N. Secretary-General Kofi Annan agreed with the findings in the document, his spokesman, Fred Eckhard, said.</p>
<p>The centre was created to study ways of improving the quantity and quality of housing for people in developing countries. Last June it organised a conference on the common problems of teeming cities throughout the world.</p>
<p>Paschke noted that the centre had been audited over the past few years. But he said that &quot;concrete action taken so far is too little and too late.&quot;</p>
<p>One example concerned an official who had been associated with a consultancy firm frequently awarded important contracts for projects under his supervision. &quot;A special investigation into the circumstances leading to this situation is warranted,&quot; the report said.</p>
<p>Assistant Secretary-General Wally N'Dow of Gambia took over the Habitat centre in 1994 in an effort to give it some leadership, but almost immediately had to delegate his responsibiities to two deputies so he could organise last June's Conference on Human Settlements in Istanbul.</p>
<p>But their duties were worded in broad terms &quot;and did not delineate the boundaries of the respective responsibilities, authorities and accountability,&quot; the report said.</p>
<p>&quot;In the absense of leadership, significant shortcomings developed in the management of the programmes and resources of the centre, both human and financial,&quot; the report said.</p>
<p>Paschke also criticised personnel policies, the excessive hiring of consultants, the placing of staff in jobs that did not exist in the organisation's structure and the exaggeration of duties to justify classifying a post at a higher level.</p>
<p>He said that decisions relating to personnel and finance appeared to be made behind closed doors with little accountability.</p>
<p>The Habitat Centre was set up after the first U.N. conference on human settlements, held in Vancouver, Canada, in 1976.</p>
</text>
<copyright>(c) Reuters Limited 1997</copyright>
<metadata>
<codes class="bip:countries:1.0">
  <code code="KENYA">
    <editdetail attribution="Reuters BIP Coding Group" action="confirmed" date="1997-04-26"/>
  </code>
  <code code="UN">
    <editdetail attribution="Reuters BIP Coding Group" action="confirmed" date="1997-04-26"/>
  </code>
</codes>
<codes class="bip:topics:1.0">
  <code code="GCAT">
    <editdetail attribution="Reuters BIP Coding Group" action="confirmed" date="1997-04-26"/>
  </code>
  <code code="GDIP">
    <editdetail attribution="Reuters BIP Coding Group" action="confirmed" date="1997-04-26"/>
  </code>
  <code code="GPOL">
    <editdetail attribution="Reuters BIP Coding Group" action="confirmed" date="1997-04-26"/>
  </code>
</codes>
<dc element="dc.date.created" value="1997-04-25"/>
<dc element="dc.publisher" value="Reuters Holdings Plc"/>
<dc element="dc.date.published" value="1997-04-26"/>
<dc element="dc.source" value="Reuters"/>
<dc element="dc.creator.location" value="UNITED NATIONS"/>
<dc element="dc.creator.location.country.name" value="UNITED NATIONS"/>
<dc element="dc.source" value="Reuters"/>
</metadata>
</newsitem>
