<?xml version="1.0" encoding="iso-8859-1" ?>
<newsitem itemid="541708" id="root" date="1997-04-26" xml:lang="en">
<title>NETHERLANDS: KOK plays down election effect on EU treaty talks.</title>
<headline>KOK plays down election effect on EU treaty talks.</headline>
<dateline>THE HAGUE 1997-04-26</dateline>
<text>
<p>Dutch Prime Minister Wim Kok said on Saturday a sudden rash of elections in the European Union had not swayed his determination to get an accord on a new draft treaty at the EU's June summit in Amsterdam.</p>
<p>&quot;It will be hectic, never a dull moment,&quot; Kok told a news conference after a meeting of Europe's socialist leaders to prepare the ground for the June summit. &quot;But this is not an invitation for the Dutch just to sit back and wait and see.&quot;</p>
<p>Kok, whose country holds the rotating EU presidency, has previously said that he would wait until after the May 1 general election in Britain -- where policy on Europe is dominating the campaign -- to announce whether a special EU summit would be held to clear the ground for the June meeting.</p>
<p>The EU summit, planned for June 16-17, is intended to overhaul the EU treaty for the day the bloc expands to up to 10 new countries.</p>
<p>Kok admitted on Saturday that politicians in Britain and France, which holds two rounds of parliamentary elections on May 25 and June 1, might have their hands tied during the run-up to the polls.</p>
<p>But he said the crucial moment in the revision of the treaty talks would be in the last days and even hours.</p>
<p>He said a final decision would be taken by May 15 on whether to hold the special meeting, already pencilled in for May 23.</p>
<p>The Dutch would also decide on the duration, the content and the formal nature of the extra meeting, he said. 262025 GMT apr 97</p>
</text>
<copyright>(c) Reuters Limited 1997</copyright>
<metadata>
<codes class="bip:countries:1.0">
  <code code="EEC">
    <editdetail attribution="Reuters BIP Coding Group" action="confirmed" date="1997-04-26"/>
  </code>
  <code code="NETH">
    <editdetail attribution="Reuters BIP Coding Group" action="confirmed" date="1997-04-26"/>
  </code>
</codes>
<codes class="bip:topics:1.0">
  <code code="G15">
    <editdetail attribution="Reuters BIP Coding Group" action="confirmed" date="1997-04-26"/>
  </code>
  <code code="G155">
    <editdetail attribution="Reuters BIP Coding Group" action="confirmed" date="1997-04-26"/>
  </code>
  <code code="GCAT">
    <editdetail attribution="Reuters BIP Coding Group" action="confirmed" date="1997-04-26"/>
  </code>
  <code code="GPOL">
    <editdetail attribution="Reuters BIP Coding Group" action="confirmed" date="1997-04-26"/>
  </code>
  <code code="GVOTE">
    <editdetail attribution="Reuters BIP Coding Group" action="confirmed" date="1997-04-26"/>
  </code>
</codes>
<dc element="dc.date.created" value="1997-04-26"/>
<dc element="dc.publisher" value="Reuters Holdings Plc"/>
<dc element="dc.date.published" value="1997-04-26"/>
<dc element="dc.source" value="Reuters"/>
<dc element="dc.creator.location" value="THE HAGUE"/>
<dc element="dc.creator.location.country.name" value="NETHERLANDS"/>
<dc element="dc.source" value="Reuters"/>
</metadata>
</newsitem>
