<?xml version="1.0" encoding="iso-8859-1" ?>
<newsitem itemid="519484" id="root" date="1997-04-18" xml:lang="en">
<title>USA: Omega Health revises some 1996 EPS downward.</title>
<headline>Omega Health revises some 1996 EPS downward.</headline>
<dateline>MEMPHIS, Tenn. 1997-04-18</dateline>
<text>
<p>Omega Health Systems Inc said Friday it has revised downward its earnings per common share for the second quarter ended March 31, 1996 and the year ended December 31.</p>
<p>Omega now reports a loss of $0.22 per share for the quarter, instead of earnings of $0.05.</p>
<p>For all of 1996 the company now reports a loss per share of $0.03 instead of earnings of $0.20 per share.</p>
<p>This revision, said the company,  has no effect on its earnings, cash flows or financial position, and there will be no effect from this change on any future period.</p>
<p>The company said that the revisions were a result of a March 28 SEC staff announcement requiring the recognition in earnings per share calculations of an imputed preferred stock dividend when convertible preferred stock is issued with a conversion price less than the quoted market price of common stock at the time of issuance.</p>
<p>Omega preovides a full range of services to optometry and ophthalmology practices, including management services, managed care programs, purchasing and marketing services and practice acquisition opportunities.</p>
</text>
<copyright>(c) Reuters Limited 1997</copyright>
<metadata>
<codes class="bip:countries:1.0">
  <code code="USA">
    <editdetail attribution="Reuters BIP Coding Group" action="confirmed" date="1997-04-18"/>
  </code>
</codes>
<codes class="bip:industries:1.0">
  <code code="I95100">
    <editdetail attribution="Reuters BIP Coding Group" action="confirmed" date="1997-04-18"/>
  </code>
</codes>
<codes class="bip:topics:1.0">
  <code code="C15">
    <editdetail attribution="Reuters BIP Coding Group" action="confirmed" date="1997-04-18"/>
  </code>
  <code code="C151">
    <editdetail attribution="Reuters BIP Coding Group" action="confirmed" date="1997-04-18"/>
  </code>
  <code code="CCAT">
    <editdetail attribution="Reuters BIP Coding Group" action="confirmed" date="1997-04-18"/>
  </code>
</codes>
<dc element="dc.date.created" value="1997-04-18"/>
<dc element="dc.publisher" value="Reuters Holdings Plc"/>
<dc element="dc.date.published" value="1997-04-18"/>
<dc element="dc.source" value="Reuters"/>
<dc element="dc.creator.location" value="MEMPHIS, Tenn."/>
<dc element="dc.creator.location.country.name" value="USA"/>
<dc element="dc.source" value="Reuters"/>
</metadata>
</newsitem>
