<?xml version="1.0" encoding="iso-8859-1" ?>
<newsitem itemid="519494" id="root" date="1997-04-18" xml:lang="en">
<title>USA: Pure World Inc Q1 net profit vs loss.</title>
<headline>Pure World Inc Q1 net profit vs loss.</headline>
<dateline>BEDMINISTER, N.J. 1997-04-18</dateline>
<text>
<p>Pure World Inc. and Subsidiaries</p>
<p>			  ($000 omitted, except per share data)</p>
<p>						    Three Months Ended</p>
<p>							  March 31,</p>
<p>						    1997		 1996</p>
<p> Total revenue				  2,871	     2,048</p>
<p> Total expenses				 2,324	     2,217</p>
<p> Net income (loss)				505	     (170)</p>
<p> Net income (loss) per share		  .06	     (.02)</p>
<p>((-- New York Newsdesk 212 859-1610))</p>
</text>
<copyright>(c) Reuters Limited 1997</copyright>
<metadata>
<codes class="bip:countries:1.0">
  <code code="USA">
    <editdetail attribution="Reuters BIP Coding Group" action="confirmed" date="1997-04-18"/>
  </code>
</codes>
<codes class="bip:industries:1.0">
  <code code="I83100">
    <editdetail attribution="Reuters BIP Coding Group" action="confirmed" date="1997-04-18"/>
  </code>
</codes>
<codes class="bip:topics:1.0">
  <code code="C15">
    <editdetail attribution="Reuters BIP Coding Group" action="confirmed" date="1997-04-18"/>
  </code>
  <code code="C151">
    <editdetail attribution="Reuters BIP Coding Group" action="confirmed" date="1997-04-18"/>
  </code>
  <code code="CCAT">
    <editdetail attribution="Reuters BIP Coding Group" action="confirmed" date="1997-04-18"/>
  </code>
</codes>
<dc element="dc.date.created" value="1997-04-18"/>
<dc element="dc.publisher" value="Reuters Holdings Plc"/>
<dc element="dc.date.published" value="1997-04-18"/>
<dc element="dc.source" value="Reuters"/>
<dc element="dc.creator.location" value="BEDMINISTER, N.J."/>
<dc element="dc.creator.location.country.name" value="USA"/>
<dc element="dc.source" value="Reuters"/>
</metadata>
</newsitem>
