<?xml version="1.0" encoding="iso-8859-1" ?>
<newsitem itemid="519429" id="root" date="1997-04-18" xml:lang="en">
<title>CANADA: Can dlr faring better than eurocurrencies - Martin.</title>
<headline>Can dlr faring better than eurocurrencies - Martin.</headline>
<dateline>OTTAWA 1997-04-18</dateline>
<text>
<p>Canadian Finance Minister Paul Martin said on Friday the Canadian dollar had been subject to normal financial market volatility but was faring better than European currencies.</p>
<p>Asked by reporters why the Canadian currency was at a two-year low, he said: &quot;Financial markets are by nature volatile and the Canadian currency as with any other currency is going to reflect that.</p>
<p>&quot;In fact, if you take a look at how the Canadian currency has acted relative to other currencies, European as an example, the Canadian currency has in fact done better.&quot;</p>
<p>((Paula Jardine, Reuters Ottawa Bureau 613-235-6745))</p>
</text>
<copyright>(c) Reuters Limited 1997</copyright>
<metadata>
<codes class="bip:countries:1.0">
  <code code="CANA">
    <editdetail attribution="Reuters BIP Coding Group" action="confirmed" date="1997-04-18"/>
  </code>
</codes>
<codes class="bip:topics:1.0">
  <code code="M13">
    <editdetail attribution="Reuters BIP Coding Group" action="confirmed" date="1997-04-18"/>
  </code>
  <code code="M132">
    <editdetail attribution="Reuters BIP Coding Group" action="confirmed" date="1997-04-18"/>
  </code>
  <code code="MCAT">
    <editdetail attribution="Reuters BIP Coding Group" action="confirmed" date="1997-04-18"/>
  </code>
</codes>
<dc element="dc.date.created" value="1997-04-18"/>
<dc element="dc.publisher" value="Reuters Holdings Plc"/>
<dc element="dc.date.published" value="1997-04-18"/>
<dc element="dc.source" value="Reuters"/>
<dc element="dc.creator.location" value="OTTAWA"/>
<dc element="dc.creator.location.country.name" value="CANADA"/>
<dc element="dc.source" value="Reuters"/>
</metadata>
</newsitem>
