<?xml version="1.0" encoding="iso-8859-1" ?>
<newsitem itemid="519418" id="root" date="1997-04-18" xml:lang="en">
<title>CANADA: Canada economic indicators survey April 21-27.</title>
<headline>Canada economic indicators survey April 21-27.</headline>
<text>
<p>DATE   EST/GMT    INDICATOR	 PERIOD  AVG-FCAST   PREV</p>
<p>04/21 0830/1230  WHOLESALE TRADE    FED    N/A	  +1.4 PCT</p>
<p>04/22 0830/1230  RETAIL TRADE	 FEB   +0.9 PCT    +1.4 PCT</p>
<p>04/22 0700/1100  CPI M/M S/ADJ	MAR   +0.1 PCT    +0.1 PCT</p>
<p>04/22 0700/1100  CPI M/M UNADJ	MAR   +0.2 PCT    +0.1 PCT</p>
<p>04/22 0700/1100  CPI Y/Y ALL ITEMS  MAR   +2.0 PCT    +2.2 PCT</p>
<p>04/22 0700/1100  CPI EX-FOOD/ENERGY MAR   +1.5 PCT    +1.5 PCT</p>
<p>04/23 0830/1230  COMPOSITE INDEX    MAR   +0.9 PCT    +1.0 PCT</p>
<p>04/24 0830/1230  AVG WEEKLY EARNS   FEB   +2.6 PCT    +5.1 PCT</p>
<p>04/25 0830/123O  RAW MATERIALS PI   MAR   -1.4 PCT    -3.2 PCT</p>
<p>04/25 0830/1230  INDUSTRIAL PRICES  MAR   +0.4 PCT    +0.1 PCT</p>
<p>BANK	 Retail   CPI s/a  unadj   all items  core</p>
<p>Deutsche  +1.0 pct +0.1 pct  N/A pct +1.9 pct +1.5 pct</p>
<p>MMS	 +1.0 pct  N/A     +0.2 pct +2.0 pct +1.6 pct</p>
<p>Salomon   +0.8 pct +0.1 pct  N/A     +1.9 pct +1.4 pct</p>
<p>Royal     +0.7 pct  N/A     +0.2 pct +2.0 pct +1.4 pct</p>
<p>Nesbitt   +0.8 pct +0.2 pct +0.2 pct +2.0 pct +1.5 pct</p>
<p>BANK	 Comp index  Avg earn  Raw mats  IPPI</p>
<p>Deutsche   +1.1 pct     N/A	-1.4 pct +0.4 pct</p>
<p>MMS	  +0.8 pct    +2.5 pct  -1.4 pct +0.3 pct</p>
<p>Salomon    +0.9 pct    +2.7 pct  -1.4 pct +0.3 pct</p>
<p>Royal	+1.0 pct    +2.5 pct   N/A     +0.4 pct</p>
<p>Nesbitt    +0.9 pct    +2.7 pct  -1.4 pct  unch</p>
</text>
<copyright>(c) Reuters Limited 1997</copyright>
<metadata>
<codes class="bip:countries:1.0">
  <code code="CANA">
    <editdetail attribution="Reuters BIP Coding Group" action="confirmed" date="1997-04-18"/>
  </code>
</codes>
<codes class="bip:topics:1.0">
  <code code="E71">
    <editdetail attribution="Reuters BIP Coding Group" action="confirmed" date="1997-04-18"/>
  </code>
  <code code="ECAT">
    <editdetail attribution="Reuters BIP Coding Group" action="confirmed" date="1997-04-18"/>
  </code>
</codes>
<dc element="dc.publisher" value="Reuters Holdings Plc"/>
<dc element="dc.date.published" value="1997-04-18"/>
<dc element="dc.source" value="Reuters"/>
<dc element="dc.creator.location.country.name" value="CANADA"/>
<dc element="dc.source" value="Reuters"/>
</metadata>
</newsitem>
