<?xml version="1.0" encoding="iso-8859-1" ?>
<newsitem itemid="519458" id="root" date="1997-04-18" xml:lang="en">
<title>USA: SNAPSHOT - Main U.S. stock technical indicators.</title>
<headline>SNAPSHOT - Main U.S. stock technical indicators.</headline>
<text>
<p>April 17	   DJIA	S&amp;P500     NYSE Comp Nasdaq Comp</p>
<p>HIGH		6713.59    768.55     403.81     1224.14</p>
<p>LOW		 6648.17    760.49     400.19     1210.27</p>
<p>CLOSE	     6658.60    761.77     400.65     1217.07</p>
<p>RESISTANCE 1    6750.00    790.00     412.00     1260.00</p>
<p>SUPPORT 1	 6400.00    740.00     390.00     1200.00</p>
<p>50 DAY MA	 6819.69    785.26     412.65     1289.35</p>
<p>200 DAY MA	6261.20    724.24     384.13     1240.74</p>
<p>** Key index data as of April 17 close **</p>
<p>	     VALUE LINE-A  RUSSELL 2000   S&amp;P 100</p>
<p>HIGH	    688.59	 341.89	  748.70</p>
<p>LOW	     684.58	 340.16	  740.55</p>
<p>CLOSE	   685.22	 340.43	  742.21</p>
<p>**Pct of NYSE stocks trading over 10- and 30-wk Moving</p>
<p>Averages. Data provided by Investors Intelligence.</p>
<p>			 April 17		   April 10</p>
<p>10-week M.A.	   55.80			 57.70</p>
<p>30-week M.A.	   42.76			 49.15</p>
<p>LATEST SENTIMENT READINGS FOR U.S. STOCKS (weekly change)</p>
<p>** Investors Intelligence Sentiment Indicator - April 17 **</p>
<p>    Bulls --	34.4 from 35.0</p>
<p>    Bears --	41.4 from 41.4</p>
<p>Correction -- 24.2 from 23.6</p>
<p>Correction indicates those expecting near-term pullback</p>
<p>** American Association of Individual Investors - April 17 **</p>
<p>	  Bullish --  31 from 26</p>
<p>	  Bearish --  28 from 37</p>
<p>	  Neutral --  41 from 37</p>
<p>* AAII results based on 32 pct response vs 69 pct pvs week.  </p>
<p>WEEKLY NYSE VOLUME DATA (in thousands):</p>
<p>			  week ended 4/4    week ended 3/28*</p>
<p>TOTAL VOLUME</p>
<p>   Weekly		  2,605,397.5	  1,922,704.6</p>
<p>   Average daily	   521,079.5	    408,676.2</p>
<p>					     SHORT SALES</p>
<p>    Public		   123,056.0	     86,837.7</p>
<p>    Members		  101,170.4	     79,573.4</p>
<p>    Total		    224,226.4	    166,411.1</p>
<p>* Holiday-shortened four-day week.</p>
<p>****Data provided by the New York Stock Exchange****  </p>
<p>**CUMULATIVE 1ST QTR U.S. EARNINGS SURPRISES AS OF APRIL 14**</p>
<p>					POS/%	 NEG/%    ON TGT/%</p>
<p>S&amp;P 500		  87	56/64%	17/20%	14/16%</p>
<p>I/B/E/S Universe    438     257/59%     119/27%	62/14%</p>
<p>$500 million or less    210     117/56%	68/32%	25/12%</p>
<p>$500 million - $1 bln    63	35/56%	17/27%	11/17%</p>
<p>$1 bln or more	165     105/64%	34/21%	26/16%</p>
<p>-----------------------------------------------------------</p>
<p>Data on earnings reports exceeding (positive) or falling below (negative) analysts' expectations provided by I/B/E/S.</p>
<p>((-- Wall Street desk, 212-859-1730))</p>
</text>
<copyright>(c) Reuters Limited 1997</copyright>
<metadata>
<codes class="bip:countries:1.0">
  <code code="USA">
    <editdetail attribution="Reuters BIP Coding Group" action="confirmed" date="1997-04-18"/>
  </code>
</codes>
<codes class="bip:topics:1.0">
  <code code="M11">
    <editdetail attribution="Reuters BIP Coding Group" action="confirmed" date="1997-04-18"/>
  </code>
  <code code="MCAT">
    <editdetail attribution="Reuters BIP Coding Group" action="confirmed" date="1997-04-18"/>
  </code>
</codes>
<dc element="dc.publisher" value="Reuters Holdings Plc"/>
<dc element="dc.date.published" value="1997-04-18"/>
<dc element="dc.source" value="Reuters"/>
<dc element="dc.creator.location.country.name" value="USA"/>
<dc element="dc.source" value="Reuters"/>
</metadata>
</newsitem>
