<?xml version="1.0" encoding="iso-8859-1" ?>
<newsitem itemid="519440" id="root" date="1997-04-18" xml:lang="en">
<title>USA: RESEARCH ALERT - Mail-Well estimates raised.</title>
<headline>RESEARCH ALERT - Mail-Well estimates raised.</headline>
<text>
<p>-- Hanifen Imhoff Inc said Friday it raised its earnings estimate for Mail-Well Inc for 1997 to $2.00 a share from $1.85 and the estimate for 1998 to $2.32 from $2.15.</p>
<p>-- Hanifen said the company posted strong first-quarter results of $0.50 a share versus $0.23 last year. The latest figure reflects profitability in Mail-Well's envelope and printing operations well above Hanifen's industry forecast, Hanifen said.</p>
<p>-- Mail-Well is positioned to continue to exceed Wall Street expectations in subsequent quarters in 1997 and 1998, Hanifen said.</p>
<p>-- The company is also actively seeking acquisitions and is likely yo complete one or more acquisitions over the next 12 to 18 months, Hanifen said.</p>
<p>-- Mail-Well makes envelopes and commercial printing services.</p>
<p>-- Its shares were up 3/4 Friday at 27.</p>
<p>((Chicago newsdesk (312) 408-8787))</p>
</text>
<copyright>(c) Reuters Limited 1997</copyright>
<metadata>
<codes class="bip:countries:1.0">
  <code code="USA">
    <editdetail attribution="Reuters BIP Coding Group" action="confirmed" date="1997-04-18"/>
  </code>
</codes>
<codes class="bip:industries:1.0">
  <code code="I47200">
    <editdetail attribution="Reuters BIP Coding Group" action="confirmed" date="1997-04-18"/>
  </code>
</codes>
<codes class="bip:topics:1.0">
  <code code="C15">
    <editdetail attribution="Reuters BIP Coding Group" action="confirmed" date="1997-04-18"/>
  </code>
  <code code="C152">
    <editdetail attribution="Reuters BIP Coding Group" action="confirmed" date="1997-04-18"/>
  </code>
  <code code="CCAT">
    <editdetail attribution="Reuters BIP Coding Group" action="confirmed" date="1997-04-18"/>
  </code>
</codes>
<dc element="dc.publisher" value="Reuters Holdings Plc"/>
<dc element="dc.date.published" value="1997-04-18"/>
<dc element="dc.source" value="Reuters"/>
<dc element="dc.creator.location.country.name" value="USA"/>
<dc element="dc.source" value="Reuters"/>
</metadata>
</newsitem>
