<?xml version="1.0" encoding="iso-8859-1" ?>
<newsitem itemid="519470" id="root" date="1997-04-18" xml:lang="en">
<title>USA: Seven Cajun Co-ops Sign with SWEPCO.</title>
<headline>Seven Cajun Co-ops Sign with SWEPCO.</headline>
<dateline>SHREVEPORT, La. 1997-04-18</dateline>
<text>
<p>Seven electric distribution cooperatives in Louisiana have signed exclusive term sheets supporting Southwestern Electric Power Co's plan in the bankruptcy of Cajun Electric Power Cooperative Inc, Southwestern said.</p>
<p>The Central and South West Corp subsidiary said an eighth cooperative also has voted to support its plan.</p>
<p>The term sheets include the major provisions of the 25-year power supply agreements under which Southwestern would provide electricity to the cooperatives if the plan proposed by the utility, Entergy Corp and the Cajun Members Committee is confirmed by the bankruptcy court.</p>
<p>In signing the term sheets, the cooperatives have agreed to support the Southwestern plan exclusively throughout the confirmation process and, if it is successful, to sign power supply agreements that are now being finalized.</p>
<p>Southwestern said it has had contact with several of Cajun's other four member cooperatives, three of which have signed memoranda of understanding to support the plan submitted jointly by Northern States Power Co, Zeigler Coal Holding Co and Southern Co.</p>
<p>Those agreements allow the co-ops to talk to other bidders, the utility noted, adding it will continue negotiations with any other co-ops that are interested.</p>
<p>Confirmation hearings reconvene in federal bankruptcy court in Opelousas, La., April 21-24 and are scheduled to continue during May and June.</p>
<p>((-- New York Newsdesk 212-859-1610.))</p>
</text>
<copyright>(c) Reuters Limited 1997</copyright>
<metadata>
<codes class="bip:countries:1.0">
  <code code="USA">
    <editdetail attribution="Reuters BIP Coding Group" action="confirmed" date="1997-04-18"/>
  </code>
</codes>
<codes class="bip:industries:1.0">
  <code code="I11000">
    <editdetail attribution="Reuters BIP Coding Group" action="confirmed" date="1997-04-18"/>
  </code>
  <code code="I16000">
    <editdetail attribution="Reuters BIP Coding Group" action="confirmed" date="1997-04-18"/>
  </code>
  <code code="I16100">
    <editdetail attribution="Reuters BIP Coding Group" action="confirmed" date="1997-04-18"/>
  </code>
  <code code="I83960">
    <editdetail attribution="Reuters BIP Coding Group" action="confirmed" date="1997-04-18"/>
  </code>
</codes>
<codes class="bip:topics:1.0">
  <code code="C16">
    <editdetail attribution="Reuters BIP Coding Group" action="confirmed" date="1997-04-18"/>
  </code>
  <code code="C33">
    <editdetail attribution="Reuters BIP Coding Group" action="confirmed" date="1997-04-18"/>
  </code>
  <code code="CCAT">
    <editdetail attribution="Reuters BIP Coding Group" action="confirmed" date="1997-04-18"/>
  </code>
</codes>
<dc element="dc.date.created" value="1997-04-18"/>
<dc element="dc.publisher" value="Reuters Holdings Plc"/>
<dc element="dc.date.published" value="1997-04-18"/>
<dc element="dc.source" value="Reuters"/>
<dc element="dc.creator.location" value="SHREVEPORT, La."/>
<dc element="dc.creator.location.country.name" value="USA"/>
<dc element="dc.source" value="Reuters"/>
</metadata>
</newsitem>
