<?xml version="1.0" encoding="iso-8859-1" ?>
<newsitem itemid="519471" id="root" date="1997-04-18" xml:lang="en">
<title>USA: Bristol-Myers names division president.</title>
<headline>Bristol-Myers names division president.</headline>
<dateline>NEW YORK 1997-04-18</dateline>
<text>
<p>Bristol-Myers Squibb Co said its Mead Johnson Nutritionals division has named Ian Stuart president, effective May 1.</p>
<p>Stuart succeeds Nutritionals and Medical Devices Group president Peter Dolan, who will devote his time to the larger responsibility of the Nutritional and Medical Devices Group.</p>
<p>Prior to joining Bristol-Myers, Stuart held international management positions with Gillette, Cheseborough-Ponds and Unilever in Europe, Japan and Africa.  </p>
<p>Mead Johnson Nutritionals is a world leader in infant formulas, medical nutritionals and consumer nutritional products. It employs 5,200 people worldwide and is headquartered in Evansville, Indiana.</p>
</text>
<copyright>(c) Reuters Limited 1997</copyright>
<metadata>
<codes class="bip:countries:1.0">
  <code code="USA">
    <editdetail attribution="Reuters BIP Coding Group" action="confirmed" date="1997-04-18"/>
  </code>
</codes>
<codes class="bip:industries:1.0">
  <code code="I25700">
    <editdetail attribution="Reuters BIP Coding Group" action="confirmed" date="1997-04-18"/>
  </code>
</codes>
<codes class="bip:topics:1.0">
  <code code="C41">
    <editdetail attribution="Reuters BIP Coding Group" action="confirmed" date="1997-04-18"/>
  </code>
  <code code="C411">
    <editdetail attribution="Reuters BIP Coding Group" action="confirmed" date="1997-04-18"/>
  </code>
  <code code="CCAT">
    <editdetail attribution="Reuters BIP Coding Group" action="confirmed" date="1997-04-18"/>
  </code>
</codes>
<dc element="dc.date.created" value="1997-04-18"/>
<dc element="dc.publisher" value="Reuters Holdings Plc"/>
<dc element="dc.date.published" value="1997-04-18"/>
<dc element="dc.source" value="Reuters"/>
<dc element="dc.creator.location" value="NEW YORK"/>
<dc element="dc.creator.location.country.name" value="USA"/>
<dc element="dc.source" value="Reuters"/>
</metadata>
</newsitem>
