<?xml version="1.0" encoding="iso-8859-1" ?>
<newsitem itemid="519591" id="root" date="1997-04-18" xml:lang="en">
<title>USA: Vornado buys Puerto Rico property from Kmart.</title>
<headline>Vornado buys Puerto Rico property from Kmart.</headline>
<dateline>SADDLE BROOK, N.J. 1997-04-18</dateline>
<text>
<p>Vornado Realty Trust said Friday it bought a shopping center in San Juan, Puerto Rico, from Kmart Corp for $74 million.</p>
<p>Vornado said that of the purchase price it will finance $63 million in new, 10-year debt.</p>
<p>The property purchased, Monteheidra Town Center, is 525,000 square feet, including a 135,000 square-foot Kmart shop.  </p>
<p>Vornado also said it has acquired Kmart's 50 percent interest in the Caguas Centrum Shopping Center currently under construction in Caguas, Puerto Rico.</p>
<p>The shopping center will contain 485,000 square feet, including a 123,000 square-foot Kmart store and a 146,000 square-foot Sears, Roebuck and Co Inc store.</p>
<p>Vornado, an integrated equity real estate investment trust, said the deals are its first acqusitions in Puerto Rico.</p>
</text>
<copyright>(c) Reuters Limited 1997</copyright>
<metadata>
<codes class="bip:countries:1.0">
  <code code="PURI">
    <editdetail attribution="Reuters BIP Coding Group" action="confirmed" date="1997-04-18"/>
  </code>
  <code code="USA">
    <editdetail attribution="Reuters BIP Coding Group" action="confirmed" date="1997-04-18"/>
  </code>
</codes>
<codes class="bip:industries:1.0">
  <code code="I65600">
    <editdetail attribution="Reuters BIP Coding Group" action="confirmed" date="1997-04-18"/>
  </code>
  <code code="I85000">
    <editdetail attribution="Reuters BIP Coding Group" action="confirmed" date="1997-04-18"/>
  </code>
</codes>
<codes class="bip:topics:1.0">
  <code code="C18">
    <editdetail attribution="Reuters BIP Coding Group" action="confirmed" date="1997-04-18"/>
  </code>
  <code code="C182">
    <editdetail attribution="Reuters BIP Coding Group" action="confirmed" date="1997-04-18"/>
  </code>
  <code code="CCAT">
    <editdetail attribution="Reuters BIP Coding Group" action="confirmed" date="1997-04-18"/>
  </code>
</codes>
<dc element="dc.date.created" value="1997-04-18"/>
<dc element="dc.publisher" value="Reuters Holdings Plc"/>
<dc element="dc.date.published" value="1997-04-18"/>
<dc element="dc.source" value="Reuters"/>
<dc element="dc.creator.location" value="SADDLE BROOK, N.J."/>
<dc element="dc.creator.location.country.name" value="USA"/>
<dc element="dc.source" value="Reuters"/>
</metadata>
</newsitem>
