<?xml version="1.0" encoding="iso-8859-1" ?>
<newsitem itemid="519522" id="root" date="1997-04-18" xml:lang="en">
<title>USA: Arrow Q1 shr $50. vs $1.20 after gain.</title>
<headline>Arrow Q1 shr $50. vs $1.20 after gain.</headline>
<dateline>NEW YORK 1997-04-18</dateline>
<text>
<p>1997			1996</p>
<p> Shr		 $0.50		    $1.20</p>
<p> Net		 2,901		    7,473</p>
<p> Avg shrs	  5,772		    6,213</p>
<p>(All data above 000s except per share numbers)</p>
<p>NOTES: 1996 Q1 includes balances and earnings from company's former banking operations in Vermont. Gains derived from the sale in the first quarter of 1996 of about one-half of the company's Vermont branch offices affected year-to-year comparisons.</p>
<p>Adjusting for nonrecurring items, most notably gain from sale of the Vermont branches, core earnings for Q1 1997 were $2.3 million,or $0.40 a share, compared with $2.5 million, or $0.40 a share in Q1 1996.</p>
<p>Full company name is Arrow Financial Corp.</p>
</text>
<copyright>(c) Reuters Limited 1997</copyright>
<metadata>
<codes class="bip:countries:1.0">
  <code code="USA">
    <editdetail attribution="Reuters BIP Coding Group" action="confirmed" date="1997-04-18"/>
  </code>
</codes>
<codes class="bip:industries:1.0">
  <code code="I81402">
    <editdetail attribution="Reuters BIP Coding Group" action="confirmed" date="1997-04-18"/>
  </code>
</codes>
<codes class="bip:topics:1.0">
  <code code="C15">
    <editdetail attribution="Reuters BIP Coding Group" action="confirmed" date="1997-04-18"/>
  </code>
  <code code="C151">
    <editdetail attribution="Reuters BIP Coding Group" action="confirmed" date="1997-04-18"/>
  </code>
  <code code="CCAT">
    <editdetail attribution="Reuters BIP Coding Group" action="confirmed" date="1997-04-18"/>
  </code>
</codes>
<dc element="dc.date.created" value="1997-04-18"/>
<dc element="dc.publisher" value="Reuters Holdings Plc"/>
<dc element="dc.date.published" value="1997-04-18"/>
<dc element="dc.source" value="Reuters"/>
<dc element="dc.creator.location" value="NEW YORK"/>
<dc element="dc.creator.location.country.name" value="USA"/>
<dc element="dc.source" value="Reuters"/>
</metadata>
</newsitem>
