<?xml version="1.0" encoding="iso-8859-1" ?>
<newsitem itemid="519564" id="root" date="1997-04-18" xml:lang="en">
<title>USA: U.S. Treasury balances at Fed fell on April 17.</title>
<headline>U.S. Treasury balances at Fed fell on April 17.</headline>
<dateline>WASHINGTON 1997-04-18</dateline>
<text>
<p>U.S. Treasury balances at Federal Reserve based on Treasury Department's latest budget statement.</p>
<p>			  (BILLIONS OF DLRS)</p>
<p>				April 17	     April 16</p>
<p>Fed acct			 8.851		 17.884</p>
<p>Tax/loan note acct	  13.028		 34.001</p>
<p>Cash balance		  21.878		 51.885</p>
<p>---</p>
<p>Total public debt,</p>
<p> subject to limit	5,264.110	     5,299.758</p>
<p>---</p>
<p>Treasury said individual income tax refunds valued at $4 million were issued and $92 million of corporate refunds were issued.</p>
</text>
<copyright>(c) Reuters Limited 1997</copyright>
<metadata>
<codes class="bip:countries:1.0">
  <code code="USA">
    <editdetail attribution="Reuters BIP Coding Group" action="confirmed" date="1997-04-18"/>
  </code>
</codes>
<codes class="bip:topics:1.0">
  <code code="E21">
    <editdetail attribution="Reuters BIP Coding Group" action="confirmed" date="1997-04-18"/>
  </code>
  <code code="E211">
    <editdetail attribution="Reuters BIP Coding Group" action="confirmed" date="1997-04-18"/>
  </code>
  <code code="E51">
    <editdetail attribution="Reuters BIP Coding Group" action="confirmed" date="1997-04-18"/>
  </code>
  <code code="E513">
    <editdetail attribution="Reuters BIP Coding Group" action="confirmed" date="1997-04-18"/>
  </code>
  <code code="ECAT">
    <editdetail attribution="Reuters BIP Coding Group" action="confirmed" date="1997-04-18"/>
  </code>
</codes>
<dc element="dc.date.created" value="1997-04-18"/>
<dc element="dc.publisher" value="Reuters Holdings Plc"/>
<dc element="dc.date.published" value="1997-04-18"/>
<dc element="dc.source" value="Reuters"/>
<dc element="dc.creator.location" value="WASHINGTON"/>
<dc element="dc.creator.location.country.name" value="USA"/>
<dc element="dc.source" value="Reuters"/>
</metadata>
</newsitem>
