<?xml version="1.0" encoding="iso-8859-1" ?>
<newsitem itemid="519547" id="root" date="1997-04-18" xml:lang="en">
<title>USA: Commerce to issue revised U.S. trade data April 25.</title>
<headline>Commerce to issue revised U.S. trade data April 25.</headline>
<dateline>WASHINGTON 1997-04-18</dateline>
<text>
<p>The Commerce Department said on Friday that it will issue a revised and corrected report on February and January trade at 10 a.m. EDT (1400 GMT) on April 25.</p>
<p>&quot;The revised report will correct all data series affected by the January and February data for crude petroleum imports as originally reported on April 17,&quot; the department said in a statement. Commerce said on Thursday that reporting errors had led it to overstate the value of February crude petroleum imports by about $1.1 billion, leading it to gauge incorrectly the size of the monthly trade deficit on goods and services.  </p>
<p>The correct total deficit figure for February was $10.4 billion instead of $11.59 billion, Commerce said late Thursday, several hours after it issued its initial estimate.</p>
<p>On Friday, Commerce said a detailed examination of crude petroleum import documents &quot;revealed that some of the documents submitted for February were actually related to crude petroleum transactions occurring in 1996 and 1995.&quot;</p>
<p>It said the Customs Service, an arm of the Treasury Department, collects all import and export documents and passes them on to the Commerce Department's census bureau for translation into monthly trade statistics.  </p>
<p>Commerce said efforts to improve efficiency inadvertently helped create the error.</p>
<p>It said recent efforts by its census bureau and the Customs Service to more accurately check oil imports &quot;produced a surge of documents received along with the February documents that should have been submitted in earlier periods.&quot;</p>
<p>Commerce said &quot;separating real changes in trade from sporadic shifts in patterns of document submission&quot; was complicated because its census bureau processes about 3.5 million records a month on goods trade in order to arrive at the monthly trade balance.</p>
<p>It said that January crude petroleum imports were overstated by about $300 million as a result of the late reports in addition to the $1.1 billion February overstatement.</p>
<p>Commerce said that 1996 and 1995 trade statistics will be adjusted to reflect the correct crude petroleum import figures when the census bureau issues its annual revision of prior-year trade statistics in June.</p>
</text>
<copyright>(c) Reuters Limited 1997</copyright>
<metadata>
<codes class="bip:countries:1.0">
  <code code="USA">
    <editdetail attribution="Reuters BIP Coding Group" action="confirmed" date="1997-04-18"/>
  </code>
</codes>
<codes class="bip:industries:1.0">
  <code code="I13000">
    <editdetail attribution="Reuters BIP Coding Group" action="confirmed" date="1997-04-18"/>
  </code>
</codes>
<codes class="bip:topics:1.0">
  <code code="C31">
    <editdetail attribution="Reuters BIP Coding Group" action="confirmed" date="1997-04-18"/>
  </code>
  <code code="C311">
    <editdetail attribution="Reuters BIP Coding Group" action="confirmed" date="1997-04-18"/>
  </code>
  <code code="CCAT">
    <editdetail attribution="Reuters BIP Coding Group" action="confirmed" date="1997-04-18"/>
  </code>
  <code code="E51">
    <editdetail attribution="Reuters BIP Coding Group" action="confirmed" date="1997-04-18"/>
  </code>
  <code code="E512">
    <editdetail attribution="Reuters BIP Coding Group" action="confirmed" date="1997-04-18"/>
  </code>
  <code code="ECAT">
    <editdetail attribution="Reuters BIP Coding Group" action="confirmed" date="1997-04-18"/>
  </code>
</codes>
<dc element="dc.date.created" value="1997-04-18"/>
<dc element="dc.publisher" value="Reuters Holdings Plc"/>
<dc element="dc.date.published" value="1997-04-18"/>
<dc element="dc.source" value="Reuters"/>
<dc element="dc.creator.location" value="WASHINGTON"/>
<dc element="dc.creator.location.country.name" value="USA"/>
<dc element="dc.source" value="Reuters"/>
</metadata>
</newsitem>
