<?xml version="1.0" encoding="iso-8859-1" ?>
<newsitem itemid="519585" id="root" date="1997-04-18" xml:lang="en">
<title>USA: AmSouth quarterly div $0.28, $0.42 pre-split.</title>
<headline>AmSouth quarterly div $0.28, $0.42 pre-split.</headline>
<dateline>BIRMINGHAM, Ala. 1997-04-18</dateline>
<text>
<p>Quarterly</p>
<p>		   Latest		    Prior</p>
<p> Amount	  $0.28		     $n/a</p>
<p> Pay	     July 1</p>
<p> Record	  June 13</p>
<p>Note: Full name of company is AmSouth Bancorp.</p>
<p>The company said the dividend is on a post-split basis, and is the equivalent of $0.42 per share on a pre-split basis.</p>
<p>The dividend will be paid after the previously announced three-for-two stock split occurs on April 30.</p>
</text>
<copyright>(c) Reuters Limited 1997</copyright>
<metadata>
<codes class="bip:countries:1.0">
  <code code="USA">
    <editdetail attribution="Reuters BIP Coding Group" action="confirmed" date="1997-04-18"/>
  </code>
</codes>
<codes class="bip:industries:1.0">
  <code code="I81402">
    <editdetail attribution="Reuters BIP Coding Group" action="confirmed" date="1997-04-18"/>
  </code>
</codes>
<codes class="bip:topics:1.0">
  <code code="C15">
    <editdetail attribution="Reuters BIP Coding Group" action="confirmed" date="1997-04-18"/>
  </code>
  <code code="C151">
    <editdetail attribution="Reuters BIP Coding Group" action="confirmed" date="1997-04-18"/>
  </code>
  <code code="CCAT">
    <editdetail attribution="Reuters BIP Coding Group" action="confirmed" date="1997-04-18"/>
  </code>
</codes>
<dc element="dc.date.created" value="1997-04-18"/>
<dc element="dc.publisher" value="Reuters Holdings Plc"/>
<dc element="dc.date.published" value="1997-04-18"/>
<dc element="dc.source" value="Reuters"/>
<dc element="dc.creator.location" value="BIRMINGHAM, Ala."/>
<dc element="dc.creator.location.country.name" value="USA"/>
<dc element="dc.source" value="Reuters"/>
</metadata>
</newsitem>
