<?xml version="1.0" encoding="iso-8859-1" ?>
<newsitem itemid="519507" id="root" date="1997-04-18" xml:lang="en">
<title>USA: Colorocs Information shows 1996 loss.</title>
<headline>Colorocs Information shows 1996 loss.</headline>
<dateline>NORCROSS, Ga 1997-04-18</dateline>
<text>
<p>COLOROCS INFORMATION TECHNOLOGIES INC. AND SUBSIDIARIES</p>
<p>			 CONSOLIDATED STATEMENTS OF OPERATIONS</p>
<p>		  FOR THE YEARS ENDED DECEMBER 31, 1995 AND 1996</p>
<p>					 Dec. 31, 1995     Dec. 31, 1996</p>
<p>    TOTAL REVENUES		     1,866,901	   2,863,448</p>
<p>    TOTAL OPERATING EXPENSES	 2,849,721	  10,747,674</p>
<p>    LOSS FROM OPERATIONS		(982,820)	(7,884,226)</p>
<p>    OTHER INCOME/(EXPENSE), net    4,477,981	    (98,764)</p>
<p>INCOME (LOSS) BEFORE PROVISION FOR</p>
<p>INCOME TAXES AND MINORITY INTEREST</p>
</text>
<copyright>(c) Reuters Limited 1997</copyright>
<metadata>
<codes class="bip:countries:1.0">
  <code code="USA">
    <editdetail attribution="Reuters BIP Coding Group" action="confirmed" date="1997-04-18"/>
  </code>
</codes>
<codes class="bip:industries:1.0">
  <code code="I61000">
    <editdetail attribution="Reuters BIP Coding Group" action="confirmed" date="1997-04-18"/>
  </code>
</codes>
<codes class="bip:topics:1.0">
  <code code="C15">
    <editdetail attribution="Reuters BIP Coding Group" action="confirmed" date="1997-04-18"/>
  </code>
  <code code="C151">
    <editdetail attribution="Reuters BIP Coding Group" action="confirmed" date="1997-04-18"/>
  </code>
  <code code="CCAT">
    <editdetail attribution="Reuters BIP Coding Group" action="confirmed" date="1997-04-18"/>
  </code>
</codes>
<dc element="dc.date.created" value="1997-04-18"/>
<dc element="dc.publisher" value="Reuters Holdings Plc"/>
<dc element="dc.date.published" value="1997-04-18"/>
<dc element="dc.source" value="Reuters"/>
<dc element="dc.creator.location" value="NORCROSS, Ga"/>
<dc element="dc.creator.location.country.name" value="USA"/>
<dc element="dc.source" value="Reuters"/>
</metadata>
</newsitem>
