<?xml version="1.0" encoding="iso-8859-1" ?>
<newsitem itemid="519560" id="root" date="1997-04-18" xml:lang="en">
<title>USA: Trion Inc Q1 shr nil vs $0.08.</title>
<headline>Trion Inc Q1 shr nil vs $0.08.</headline>
<dateline>SANFORD, N.C. 1997-04-18</dateline>
<text>
<p>1997			1996</p>
<p> Net shr	   $0.00		    $0.08</p>
<p> Net		 6			  574</p>
<p> Revs		13,572		   16,869</p>
<p> Avg shrs	   6,997		    6,976</p>
<p>(All data above 000s except per share numbers)</p>
<p>Note: The company said its operating income for the first quarter of 1997 was $287,000 versus $1.2 million for the same quarter a year before.</p>
<p>The company said 1996 results were restated for the acquistion of Hermidifier Co Inc, which was done under a pooling of interests.</p>
<p>The company said earnings declined primarily because of lower sales at its Envirco subsidiary, which had a strong first quarter last year.</p>
</text>
<copyright>(c) Reuters Limited 1997</copyright>
<metadata>
<codes class="bip:countries:1.0">
  <code code="USA">
    <editdetail attribution="Reuters BIP Coding Group" action="confirmed" date="1997-04-18"/>
  </code>
</codes>
<codes class="bip:industries:1.0">
  <code code="I32830">
    <editdetail attribution="Reuters BIP Coding Group" action="confirmed" date="1997-04-18"/>
  </code>
</codes>
<codes class="bip:topics:1.0">
  <code code="C15">
    <editdetail attribution="Reuters BIP Coding Group" action="confirmed" date="1997-04-18"/>
  </code>
  <code code="C151">
    <editdetail attribution="Reuters BIP Coding Group" action="confirmed" date="1997-04-18"/>
  </code>
  <code code="CCAT">
    <editdetail attribution="Reuters BIP Coding Group" action="confirmed" date="1997-04-18"/>
  </code>
</codes>
<dc element="dc.date.created" value="1997-04-18"/>
<dc element="dc.publisher" value="Reuters Holdings Plc"/>
<dc element="dc.date.published" value="1997-04-18"/>
<dc element="dc.source" value="Reuters"/>
<dc element="dc.creator.location" value="SANFORD, N.C."/>
<dc element="dc.creator.location.country.name" value="USA"/>
<dc element="dc.source" value="Reuters"/>
</metadata>
</newsitem>
