<?xml version="1.0" encoding="iso-8859-1" ?>
<newsitem itemid="519558" id="root" date="1997-04-18" xml:lang="en">
<title>USA: Factory Outlet elects Kasen as chairman.</title>
<headline>Factory Outlet elects Kasen as chairman.</headline>
<dateline>BENSENVILLE, Ill. 1997-04-18</dateline>
<text>
<p>Factory Card Outlet Corp on Friday said it elected Stewart Kasen as chairman of the board, succeeding William Freeman.</p>
<p>Kasen, a director, most recently headed Best Products.</p>
<p>The company said Charles Cumello remained president and chief executive of the chain of superstores, which sells party supplies and special occasion merchandise at discounted prices.</p>
<p>	  ((Chicago Newsdesk (312) 408-8787))</p>
</text>
<copyright>(c) Reuters Limited 1997</copyright>
<metadata>
<codes class="bip:countries:1.0">
  <code code="USA">
    <editdetail attribution="Reuters BIP Coding Group" action="confirmed" date="1997-04-18"/>
  </code>
</codes>
<codes class="bip:industries:1.0">
  <code code="I65400">
    <editdetail attribution="Reuters BIP Coding Group" action="confirmed" date="1997-04-18"/>
  </code>
</codes>
<codes class="bip:topics:1.0">
  <code code="C41">
    <editdetail attribution="Reuters BIP Coding Group" action="confirmed" date="1997-04-18"/>
  </code>
  <code code="C411">
    <editdetail attribution="Reuters BIP Coding Group" action="confirmed" date="1997-04-18"/>
  </code>
  <code code="CCAT">
    <editdetail attribution="Reuters BIP Coding Group" action="confirmed" date="1997-04-18"/>
  </code>
</codes>
<dc element="dc.date.created" value="1997-04-18"/>
<dc element="dc.publisher" value="Reuters Holdings Plc"/>
<dc element="dc.date.published" value="1997-04-18"/>
<dc element="dc.source" value="Reuters"/>
<dc element="dc.creator.location" value="BENSENVILLE, Ill."/>
<dc element="dc.creator.location.country.name" value="USA"/>
<dc element="dc.source" value="Reuters"/>
</metadata>
</newsitem>
