<?xml version="1.0" encoding="iso-8859-1" ?>
<newsitem itemid="519592" id="root" date="1997-04-18" xml:lang="en">
<title>USA: Dow off highs, program trade curbs lifted.</title>
<headline>Dow off highs, program trade curbs lifted.</headline>
<dateline>NEW YORK 1997-04-18</dateline>
<text>
<p>Wall Street stocks retreated from their session peaks, with the Dow industrials slipping back to trade nearly unchanged in late afternoon.</p>
<p>The Dow stood at 6669, up 10 points for the day after rising as high as 6712. The NYSE lifted its index-arbitrage trading curbs at 1450 EDT/1850 GMT.</p>
<p>&quot;We once again tested what looks like real resistance,&quot; said Eugene Peroni, chief technical analyst with Janney, Montgomery Scott. &quot;For now it looks like our short-term trading boundaries are 6400 and 6700 (on the Dow).&quot;</p>
<p>((-- Wall Street desk, 212-859-1730))</p>
</text>
<copyright>(c) Reuters Limited 1997</copyright>
<metadata>
<codes class="bip:countries:1.0">
  <code code="USA">
    <editdetail attribution="Reuters BIP Coding Group" action="confirmed" date="1997-04-18"/>
  </code>
</codes>
<codes class="bip:topics:1.0">
  <code code="M11">
    <editdetail attribution="Reuters BIP Coding Group" action="confirmed" date="1997-04-18"/>
  </code>
  <code code="MCAT">
    <editdetail attribution="Reuters BIP Coding Group" action="confirmed" date="1997-04-18"/>
  </code>
</codes>
<dc element="dc.date.created" value="1997-04-18"/>
<dc element="dc.publisher" value="Reuters Holdings Plc"/>
<dc element="dc.date.published" value="1997-04-18"/>
<dc element="dc.source" value="Reuters"/>
<dc element="dc.creator.location" value="NEW YORK"/>
<dc element="dc.creator.location.country.name" value="USA"/>
<dc element="dc.source" value="Reuters"/>
</metadata>
</newsitem>
