<?xml version="1.0" encoding="iso-8859-1" ?>
<newsitem itemid="519512" id="root" date="1997-04-18" xml:lang="en">
<title>USA: Braun's says reorganization &quot;successful&quot;.</title>
<headline>Braun's says reorganization &quot;successful&quot;.</headline>
<dateline>MINNEAPOLIS 1997-04-18</dateline>
<text>
<p>Braun's Fashions Corp said Nasdaq will remove the Q bankruptcy designation from the company's trading symbol effective Friday following its &quot;successful reorganization and strong current operating performance&quot;.</p>
<p>Braun's said this will allow some previously restricted institutional investors to trade the stock.</p>
<p>&quot;The final piece is now in place with Nasdaq acknowledging our successful reorganization,&quot; Braun's chairman and chief executive Nicholas Cook said in a statement. &quot;Our operating performance has been outstanding, our cash position is strong and our outlook continues to be very optimistic.&quot;</p>
<p>Braun's said same-store sales increased 35 percent for March, the first month in its new fiscal year.</p>
<p>((--Chicago newsdesk, 312-408-8787))</p>
</text>
<copyright>(c) Reuters Limited 1997</copyright>
<metadata>
<codes class="bip:countries:1.0">
  <code code="USA">
    <editdetail attribution="Reuters BIP Coding Group" action="confirmed" date="1997-04-18"/>
  </code>
</codes>
<codes class="bip:industries:1.0">
  <code code="I64500">
    <editdetail attribution="Reuters BIP Coding Group" action="confirmed" date="1997-04-18"/>
  </code>
</codes>
<codes class="bip:topics:1.0">
  <code code="C11">
    <editdetail attribution="Reuters BIP Coding Group" action="confirmed" date="1997-04-18"/>
  </code>
  <code code="CCAT">
    <editdetail attribution="Reuters BIP Coding Group" action="confirmed" date="1997-04-18"/>
  </code>
</codes>
<dc element="dc.date.created" value="1997-04-18"/>
<dc element="dc.publisher" value="Reuters Holdings Plc"/>
<dc element="dc.date.published" value="1997-04-18"/>
<dc element="dc.source" value="Reuters"/>
<dc element="dc.creator.location" value="MINNEAPOLIS"/>
<dc element="dc.creator.location.country.name" value="USA"/>
<dc element="dc.source" value="Reuters"/>
</metadata>
</newsitem>
