<?xml version="1.0" encoding="iso-8859-1" ?>
<newsitem itemid="519513" id="root" date="1997-04-18" xml:lang="en">
<title>USA: Criticare sees redesign boosting Q4.</title>
<headline>Criticare sees redesign boosting Q4.</headline>
<dateline>MILWAUKEE 1997-04-18</dateline>
<text>
<p>Criticare Systems Inc said Friday it expects to reap benefits from a three-year product redesign process in the fourth quarter of fiscal year 1997, ending in June.</p>
<p>&quot;The fourth quarter will be our first opportunity to profit from over three years of corporate product redesign,&quot; chief executive officer Gerhard Von der Ruhr said.</p>
<p>The patient monitoring systems company said its order backlog was on the rise; it was making international progress as evidenced by a $400,000 order from China; its remote monitoring product was being shipped to important teaching hospitals; and new products from a collaberation should make a revenue contribution.</p>
<p>The company earlier Friday reported a net loss of $284,678, or $0.04 a share, for the third quarter ended March 31, compared to a loss of $217,682, or $0.03 a share, ayear ago.</p>
<p>((Chicago newsdesk, 312-408-8787))</p>
</text>
<copyright>(c) Reuters Limited 1997</copyright>
<metadata>
<codes class="bip:countries:1.0">
  <code code="USA">
    <editdetail attribution="Reuters BIP Coding Group" action="confirmed" date="1997-04-18"/>
  </code>
</codes>
<codes class="bip:industries:1.0">
  <code code="I37200">
    <editdetail attribution="Reuters BIP Coding Group" action="confirmed" date="1997-04-18"/>
  </code>
</codes>
<codes class="bip:topics:1.0">
  <code code="C15">
    <editdetail attribution="Reuters BIP Coding Group" action="confirmed" date="1997-04-18"/>
  </code>
  <code code="C152">
    <editdetail attribution="Reuters BIP Coding Group" action="confirmed" date="1997-04-18"/>
  </code>
  <code code="C23">
    <editdetail attribution="Reuters BIP Coding Group" action="confirmed" date="1997-04-18"/>
  </code>
  <code code="CCAT">
    <editdetail attribution="Reuters BIP Coding Group" action="confirmed" date="1997-04-18"/>
  </code>
</codes>
<dc element="dc.date.created" value="1997-04-18"/>
<dc element="dc.publisher" value="Reuters Holdings Plc"/>
<dc element="dc.date.published" value="1997-04-18"/>
<dc element="dc.source" value="Reuters"/>
<dc element="dc.creator.location" value="MILWAUKEE"/>
<dc element="dc.creator.location.country.name" value="USA"/>
<dc element="dc.source" value="Reuters"/>
</metadata>
</newsitem>
