<?xml version="1.0" encoding="iso-8859-1" ?>
<newsitem itemid="519581" id="root" date="1997-04-18" xml:lang="en">
<title>USA: COMEX copper ends up, impact of Escondida muted.</title>
<headline>COMEX copper ends up, impact of Escondida muted.</headline>
<dateline>NEW YORK 1997-04-18</dateline>
<text>
<p>COMEX copper ended firmer in largely quiet, routine trading, the market failing to generate any strong upside momentum from a further draw in LME stocks and an anticipated walk-out at the world's biggest copper mine, Escondida in Chile.</p>
<p>May COMEX settled 1.25 cents firmer at 106.80 cents per pound, traded 107.50 to 106.00 cents. Spot April went out 1.05 cents higher at 107.30 cents. Volume was estimated at 7,500 lots.</p>
<p>LME stocks fell 7,200 tonnes this week to 152,475 tonnes, following the latest draw of 1,350 on Friday.</p>
<p>At 0800 local time Friday some 120 workers belonging to a small union representing less than 20 percent of the Escondida workforce went on strike. Other members of the union were expected to join their striking colleagues, labor leaders said.</p>
<p>Escondida management said output at the mine will not be affected, but the initial confirmation that the strike had begun prompted some shortcovering.</p>
<p>Brokers said the market needed to break through the key psychological $2,300 per tonne level in the LME three-months contract in order to make any decisive gains.</p>
<p>&quot;How low do LME stocks have to go before we break through $2,300 per tonne,&quot; a dealer said.</p>
<p>Copper has been rangebound for some two weeks since a sharp selloff by funds liquidating positions. May COMEX ended just 0.35 cent firmer on the week.</p>
<p>The lack of volatility has also dampened arbitrage trading with LME, brokers said.</p>
<p>((Huw Jones, New York Commodity Desk 212-859-1646))</p>
</text>
<copyright>(c) Reuters Limited 1997</copyright>
<metadata>
<codes class="bip:countries:1.0">
  <code code="USA">
    <editdetail attribution="Reuters BIP Coding Group" action="confirmed" date="1997-04-18"/>
  </code>
</codes>
<codes class="bip:topics:1.0">
  <code code="M14">
    <editdetail attribution="Reuters BIP Coding Group" action="confirmed" date="1997-04-18"/>
  </code>
  <code code="M142">
    <editdetail attribution="Reuters BIP Coding Group" action="confirmed" date="1997-04-18"/>
  </code>
  <code code="MCAT">
    <editdetail attribution="Reuters BIP Coding Group" action="confirmed" date="1997-04-18"/>
  </code>
</codes>
<dc element="dc.date.created" value="1997-04-18"/>
<dc element="dc.publisher" value="Reuters Holdings Plc"/>
<dc element="dc.date.published" value="1997-04-18"/>
<dc element="dc.source" value="Reuters"/>
<dc element="dc.creator.location" value="NEW YORK"/>
<dc element="dc.creator.location.country.name" value="USA"/>
<dc element="dc.source" value="Reuters"/>
</metadata>
</newsitem>
