<?xml version="1.0" encoding="iso-8859-1" ?>
<newsitem itemid="519654" id="root" date="1997-04-18" xml:lang="en">
<title>USA: Aquarion seeks rate hike for new water plant.</title>
<headline>Aquarion seeks rate hike for new water plant.</headline>
<dateline>BRIDGEPORT, Conn. 1997-04-18</dateline>
<text>
<p>Aquarion Co said Friday that its BHC subsidiary has asked the Connecticut Department of Public Utility Control to reopen its 1996 rate case, requesting a $2.5 million or 3.4 percent increase in water service rates.</p>
<p>The company said BHC is seeking the increase to help fund construction and operating costs of its largest federally mandated filtration plant at its Hemlocks Reservoir in Fairfield.</p>
<p>The facility will cost about $47.5 million, said the company, and has a treatment capacity of 50 million gallons of water per day. It is is expected to be completed this summer, and the Aquarion said it anticipates the new rates will become effective in the third quarter of 1997.</p>
<p>Aquarion is engaged primarily in the supply and protection of public water.  Its BHC and Sea Cliff Water Company subsidiaries together are, says the company, among the largest investor-owned water utilities in the U.S.</p>
</text>
<copyright>(c) Reuters Limited 1997</copyright>
<metadata>
<codes class="bip:countries:1.0">
  <code code="USA">
    <editdetail attribution="Reuters BIP Coding Group" action="confirmed" date="1997-04-18"/>
  </code>
</codes>
<codes class="bip:industries:1.0">
  <code code="I17000">
    <editdetail attribution="Reuters BIP Coding Group" action="confirmed" date="1997-04-18"/>
  </code>
</codes>
<codes class="bip:topics:1.0">
  <code code="C13">
    <editdetail attribution="Reuters BIP Coding Group" action="confirmed" date="1997-04-18"/>
  </code>
  <code code="C31">
    <editdetail attribution="Reuters BIP Coding Group" action="confirmed" date="1997-04-18"/>
  </code>
  <code code="CCAT">
    <editdetail attribution="Reuters BIP Coding Group" action="confirmed" date="1997-04-18"/>
  </code>
</codes>
<dc element="dc.date.created" value="1997-04-18"/>
<dc element="dc.publisher" value="Reuters Holdings Plc"/>
<dc element="dc.date.published" value="1997-04-18"/>
<dc element="dc.source" value="Reuters"/>
<dc element="dc.creator.location" value="BRIDGEPORT, Conn."/>
<dc element="dc.creator.location.country.name" value="USA"/>
<dc element="dc.source" value="Reuters"/>
</metadata>
</newsitem>
