<?xml version="1.0" encoding="iso-8859-1" ?>
<newsitem itemid="519603" id="root" date="1997-04-18" xml:lang="en">
<title>USA: Interface Systems Q2 affected by writeoff.</title>
<headline>Interface Systems Q2 affected by writeoff.</headline>
<dateline>ANN ARBOR, Mich. 1997-04-18</dateline>
<text>
<p>Interface Systems Inc said Friday a writeoff and other adjustments totaling $1.8 million hurt its March 31 second quarter, resulting in a loss of $1.5 million or $0.34 per share for the period.</p>
<p>In the year earlier period, the company reported a profit of $364,000 or $0.08 cents per share.</p>
<p>The company cited the changing printer market and its shift to a greater emphasis on delivering software products.</p>
<p>&quot;We have written off $1,455,000 of inventory primarily related to the printer business,&quot; said president Bob Nero in a statement. &quot;The company has also written off approximately $320,000 of capitalized software, most of which is also printer business related.&quot;</p>
<p>Interface Systems was up 1/4 at 3-7/8.</p>
<p>	  ((Chicago Newsdesk (312) 408-8787))</p>
</text>
<copyright>(c) Reuters Limited 1997</copyright>
<metadata>
<codes class="bip:countries:1.0">
  <code code="USA">
    <editdetail attribution="Reuters BIP Coding Group" action="confirmed" date="1997-04-18"/>
  </code>
</codes>
<codes class="bip:industries:1.0">
  <code code="I33020">
    <editdetail attribution="Reuters BIP Coding Group" action="confirmed" date="1997-04-18"/>
  </code>
</codes>
<codes class="bip:topics:1.0">
  <code code="C15">
    <editdetail attribution="Reuters BIP Coding Group" action="confirmed" date="1997-04-18"/>
  </code>
  <code code="C151">
    <editdetail attribution="Reuters BIP Coding Group" action="confirmed" date="1997-04-18"/>
  </code>
  <code code="CCAT">
    <editdetail attribution="Reuters BIP Coding Group" action="confirmed" date="1997-04-18"/>
  </code>
</codes>
<dc element="dc.date.created" value="1997-04-18"/>
<dc element="dc.publisher" value="Reuters Holdings Plc"/>
<dc element="dc.date.published" value="1997-04-18"/>
<dc element="dc.source" value="Reuters"/>
<dc element="dc.creator.location" value="ANN ARBOR, Mich."/>
<dc element="dc.creator.location.country.name" value="USA"/>
<dc element="dc.source" value="Reuters"/>
</metadata>
</newsitem>
