<?xml version="1.0" encoding="iso-8859-1" ?>
<newsitem itemid="519695" id="root" date="1997-04-18" xml:lang="en">
<title>USA: Imaging Diagnostic rescinds stk placement.</title>
<headline>Imaging Diagnostic rescinds stk placement.</headline>
<dateline>FT. LAUDERDALE, Fla. 1997-04-18</dateline>
<text>
<p>Imaging Diagnostic Systems Inc said Friday it was rescinding a private placement of Series C convertible preferred stock aimed at raising $2.5 million.</p>
<p>The company said that under an agreement with holders of the stock, it will return the proceeds to the holders and the holders will return the preferred stock to the company.</p>
<p>&quot;The return of the proceeds will not impair the company's ability to continue with the development and clinical trials of its computed tomography laser mammography device,&quot; said Imaging President Linda Grable.</p>
</text>
<copyright>(c) Reuters Limited 1997</copyright>
<metadata>
<codes class="bip:countries:1.0">
  <code code="USA">
    <editdetail attribution="Reuters BIP Coding Group" action="confirmed" date="1997-04-18"/>
  </code>
</codes>
<codes class="bip:industries:1.0">
  <code code="I37200">
    <editdetail attribution="Reuters BIP Coding Group" action="confirmed" date="1997-04-18"/>
  </code>
</codes>
<codes class="bip:topics:1.0">
  <code code="C17">
    <editdetail attribution="Reuters BIP Coding Group" action="confirmed" date="1997-04-18"/>
  </code>
  <code code="C171">
    <editdetail attribution="Reuters BIP Coding Group" action="confirmed" date="1997-04-18"/>
  </code>
  <code code="CCAT">
    <editdetail attribution="Reuters BIP Coding Group" action="confirmed" date="1997-04-18"/>
  </code>
</codes>
<dc element="dc.date.created" value="1997-04-18"/>
<dc element="dc.publisher" value="Reuters Holdings Plc"/>
<dc element="dc.date.published" value="1997-04-18"/>
<dc element="dc.source" value="Reuters"/>
<dc element="dc.creator.location" value="FT. LAUDERDALE, Fla."/>
<dc element="dc.creator.location.country.name" value="USA"/>
<dc element="dc.source" value="Reuters"/>
</metadata>
</newsitem>
