<?xml version="1.0" encoding="iso-8859-1" ?>
<newsitem itemid="519658" id="root" date="1997-04-18" xml:lang="en">
<title>USA: Aquarion Q1 shr $0.34 vs $0.30.</title>
<headline>Aquarion Q1 shr $0.34 vs $0.30.</headline>
<dateline>BRIDGEPORT, Conn. 1997-04-18</dateline>
<text>
<p>Aquarion Company and Subsidiaries</p>
<p>		Condensed Consolidated Statements of Income</p>
<p>			   Three Months Ended March 31,</p>
<p>			 (In thousands, except share data)</p>
<p>				     UNAUDITED</p>
<p>						     1997	   1996</p>
<p> Operating revenues			  23,389	  20,993</p>
<p> Operating expenses			  16,556	  15,119</p>
<p> Operating income			     6,833	   5,874</p>
<p>Other income and (expense):</p>
<p>    Interest expense			(2,876)	 (2,092)</p>
<p>Allowance for funds used</p>
<p>	during construction		     237	     277</p>
<p>    Other, net				     93	    (61)</p>
<p> Income before income taxes		 4,287	   3,998</p>
<p> Income taxes				   1,899	   1,685</p>
<p>Income before discontinued  operations				     2,388	   2,313</p>
<p>Discontinued operations:</p>
<p>    Loss from discontinued operation	  0	   (239)</p>
<p> Net income				     2,388	   2,074</p>
<p>Earnings (loss) per share:</p>
<p>    Continuing operations		   $0.34	   $0.34</p>
<p>    Discontinued operations		  0.00	    0.04</p>
<p> Earnings per share			    0.34	    0.30</p>
<p>Weighted average common</p>
<p> shares outstanding		     7,036,623     6,872,921</p>
</text>
<copyright>(c) Reuters Limited 1997</copyright>
<metadata>
<codes class="bip:countries:1.0">
  <code code="USA">
    <editdetail attribution="Reuters BIP Coding Group" action="confirmed" date="1997-04-18"/>
  </code>
</codes>
<codes class="bip:industries:1.0">
  <code code="I17000">
    <editdetail attribution="Reuters BIP Coding Group" action="confirmed" date="1997-04-18"/>
  </code>
</codes>
<codes class="bip:topics:1.0">
  <code code="C15">
    <editdetail attribution="Reuters BIP Coding Group" action="confirmed" date="1997-04-18"/>
  </code>
  <code code="C151">
    <editdetail attribution="Reuters BIP Coding Group" action="confirmed" date="1997-04-18"/>
  </code>
  <code code="CCAT">
    <editdetail attribution="Reuters BIP Coding Group" action="confirmed" date="1997-04-18"/>
  </code>
</codes>
<dc element="dc.date.created" value="1997-04-18"/>
<dc element="dc.publisher" value="Reuters Holdings Plc"/>
<dc element="dc.date.published" value="1997-04-18"/>
<dc element="dc.source" value="Reuters"/>
<dc element="dc.creator.location" value="BRIDGEPORT, Conn."/>
<dc element="dc.creator.location.country.name" value="USA"/>
<dc element="dc.source" value="Reuters"/>
</metadata>
</newsitem>
