<?xml version="1.0" encoding="iso-8859-1" ?>
<newsitem itemid="519633" id="root" date="1997-04-18" xml:lang="en">
<title>USA: Wheels Sports completes public offering.</title>
<headline>Wheels Sports completes public offering.</headline>
<dateline>MOCKSVILLE, N.C. 1997-04-18</dateline>
<text>
<p>Wheels Sports Group Inc said Friday it had completed its initial public offering of 900,000 shares of common stock and 900,000 common stock purchase warrants at a combined offering price of $6.00 for one share and one warrant, or $5.90 per share and $0.10 per warrant.</p>
<p>Wheels Sports said it expects to receive net proceeds of approximately $4.27 million from the offering, which it will use to promote and operate the company's new interactive NASCAR-oriented fantasy race game, Fantasy World Racing, and to repay bank loans, among other projects.</p>
<p>The common stock purchase warrants will be exercisable over the next five years, subject to the company's right to redeem the warrants under certain circumstances, the company said. Two warrants entitle the holder to purchase one share of common stock for $7.08 per share.</p>
<p>Underwriter Schneider Securities Inc has an overallotment option for up to another 135,000 shares.</p>
<p>Wheels Sports designs, markets and distributes sports trading cards.</p>
</text>
<copyright>(c) Reuters Limited 1997</copyright>
<metadata>
<codes class="bip:countries:1.0">
  <code code="USA">
    <editdetail attribution="Reuters BIP Coding Group" action="confirmed" date="1997-04-18"/>
  </code>
</codes>
<codes class="bip:industries:1.0">
  <code code="I49410">
    <editdetail attribution="Reuters BIP Coding Group" action="confirmed" date="1997-04-18"/>
  </code>
</codes>
<codes class="bip:topics:1.0">
  <code code="C14">
    <editdetail attribution="Reuters BIP Coding Group" action="confirmed" date="1997-04-18"/>
  </code>
  <code code="C17">
    <editdetail attribution="Reuters BIP Coding Group" action="confirmed" date="1997-04-18"/>
  </code>
  <code code="C171">
    <editdetail attribution="Reuters BIP Coding Group" action="confirmed" date="1997-04-18"/>
  </code>
  <code code="CCAT">
    <editdetail attribution="Reuters BIP Coding Group" action="confirmed" date="1997-04-18"/>
  </code>
</codes>
<dc element="dc.date.created" value="1997-04-18"/>
<dc element="dc.publisher" value="Reuters Holdings Plc"/>
<dc element="dc.date.published" value="1997-04-18"/>
<dc element="dc.source" value="Reuters"/>
<dc element="dc.creator.location" value="MOCKSVILLE, N.C."/>
<dc element="dc.creator.location.country.name" value="USA"/>
<dc element="dc.source" value="Reuters"/>
</metadata>
</newsitem>
