<?xml version="1.0" encoding="iso-8859-1" ?>
<newsitem itemid="519652" id="root" date="1997-04-18" xml:lang="en">
<title>USA: Twin Disc Inc Q3 full results.</title>
<headline>Twin Disc Inc Q3 full results.</headline>
<dateline>RACINE, Wis. 1997-04-18</dateline>
<text>
<p>Three Months Ended  Nine Months Ended</p>
<p>					March 31,	    March 31,</p>
<p>					1997     1996     1997     1996</p>
<p> Net sales		     $49,204  $47,209 $135,641 $125,747</p>
<p> Cost of goods sold	   37,480   35,869  104,250   98,019</p>
<p> Gross Profit		   11,724   11,340   31,391   27,728</p>
<p>Marketing, engineering</p>
<p>and</p>
<p>  administrative expenses    7,819    7,934   22,553   21,196</p>
<p> Interest expense		  443	399    1,418    1,099</p>
<p>Other (income) and</p>
<p>  expense, net		     133	  6    (951)    (117)</p>
<p> Earnings before income tax  3,329    3,001    8,371    5,550</p>
<p> Income taxes		    1,413    1,193    3,581    2,258</p>
<p> Net earnings		    1,916    1,808    4,790    3,292</p>
<p>Earnings per share</p>
<p>data:</p>
<p>   Earnings per share	    .69	.65     1.73     1.18</p>
<p> Averages shares		 2,783    2,777    2,780    2,777</p>
<p>outstanding</p>
<p>(thousands)</p>
<p>In thousands of dollars except per share statistics and average shares outstanding. Per share figures are based on average shares outstanding.</p>
<p>((Chicago newsdesk (312) 408-8787))</p>
</text>
<copyright>(c) Reuters Limited 1997</copyright>
<metadata>
<codes class="bip:countries:1.0">
  <code code="USA">
    <editdetail attribution="Reuters BIP Coding Group" action="confirmed" date="1997-04-18"/>
  </code>
</codes>
<codes class="bip:industries:1.0">
  <code code="I33020">
    <editdetail attribution="Reuters BIP Coding Group" action="confirmed" date="1997-04-18"/>
  </code>
  <code code="I3302019">
    <editdetail attribution="Reuters BIP Coding Group" action="confirmed" date="1997-04-18"/>
  </code>
</codes>
<codes class="bip:topics:1.0">
  <code code="C15">
    <editdetail attribution="Reuters BIP Coding Group" action="confirmed" date="1997-04-18"/>
  </code>
  <code code="C151">
    <editdetail attribution="Reuters BIP Coding Group" action="confirmed" date="1997-04-18"/>
  </code>
  <code code="CCAT">
    <editdetail attribution="Reuters BIP Coding Group" action="confirmed" date="1997-04-18"/>
  </code>
</codes>
<dc element="dc.date.created" value="1997-04-18"/>
<dc element="dc.publisher" value="Reuters Holdings Plc"/>
<dc element="dc.date.published" value="1997-04-18"/>
<dc element="dc.source" value="Reuters"/>
<dc element="dc.creator.location" value="RACINE, Wis."/>
<dc element="dc.creator.location.country.name" value="USA"/>
<dc element="dc.source" value="Reuters"/>
</metadata>
</newsitem>
