<?xml version="1.0" encoding="iso-8859-1" ?>
<newsitem itemid="519729" id="root" date="1997-04-18" xml:lang="en">
<title>UK: TENNIS-BUILDERS STILL SHAPING WIMBLEDON'S FUTURE.</title>
<headline>TENNIS-BUILDERS STILL SHAPING WIMBLEDON'S FUTURE.</headline>
<byline>Robert Kitson</byline>
<dateline>LONDON 1997-04-18</dateline>
<text>
<p>&quot;If you want the debenture lounge, turn right at the skip,&quot; said the security guard, standing in front of a building site which used to be the venue for the world's most famous tennis championships.</p>
<p>A Japanese tourist also standing on the pavement outside the All England Club looked rather doubtful. If he returns to queue up with the rest of the public in June, Wimbledon officials hope he will be far more impressed by what he finds.</p>
<p>In the past, the words &quot;innovative&quot; and &quot;bold&quot; have not been closely associated with those in charge at Wimbledon, but the ambitious redevelopment of the All England Club could turn out to be their finest hour.</p>
<p>There was understandable dismay when the old number one court was pensioned off last year, 72 years of tennis memories failing to deter the bulldozers. In its place, unless a monsoon interrupts the building work, spectators will find something refreshingly different.</p>
<p>The committee have embarked on what they call &quot;the most exciting development&quot; since the All England Club was relocated in 1922.</p>
<p>A new stadium with 11,000 clear-view seats, an increase of 4,500 on its predecessor and two more brand-new grass courts will be the most obvious changes for this year's visitors.</p>
<p>Stage two, to be ready in time for the 2000 championships, will also incorporate a new facilities building for players, officials and the press on the site of the old number one court, with a remodelling of number two court to follow.</p>
<p>This may sound similar to many of the world's other leading tennis venues, and indeed those of other other sports. In London alone, Lord's cricket ground has had the bulldozers in over the winter and Wembley is also poised for a massive redevelopment.</p>
<p>Where Wimbledon is striving to be original is the emphasis on creating what chief executive Chris Gorringe likes to describe as &quot;Tennis in an English Country Garden.&quot;</p>
<p>This was a little hard to visualise standing on a draughty hillside watching mechanical diggers splashing across the muddy site below, but the aim is to give picnicking spectators enviable views across the grounds and beyond.</p>
<p>The players will eventually have their own private lawned area leading to a walkway which will take them above the heads of the public to their changing-rooms. Most crucially of all for the traditionalist, there will even be an extra number of places to buy strawberries.</p>
<p>Giving the crowds what they want, of course, would be irrelevant without the help of the players, although club chairman John Curry was unrepentant on Thursday about the committee's decision not to award equal prizemoney in the men's and women's events.</p>
<p>&quot;Every night I go outside the gates and ask the public for their opinions. What they still say is that they prefer the men's matches to the women's.&quot;</p>
<p>This unscientific poll also suggests Wimbledon spectators are not too concerned about the 'two-shot rallies' which have raised concerns that grass is too helpful to the big servers.</p>
<p>&quot;Other than Agassi, the most popular player is Goran Ivanisevic,&quot; revealed Curry. And the most unpopular? &quot;There are no unpopular players here.&quot;</p>
<p>This year's championships will thus see no changes in ball or racket technology, relying instead on a subtle shift of scenery to enhance the drama. In fact, the new stadium court looks uncannily like Centre Court, right down to the familiar ivy-green decor.</p>
<p>Its first test, somewhat bizarrely, will be as a venue for a June recording of the BBC religious programme &quot;Songs of Praise&quot;, ensuring the first service on the court will be delivered by a vicar instead of Tim Henman.</p>
<p>And what about any of the 550 workmen involved in building the new court who fancy watching some tennis this summer? Unless they dig a secret access tunnel, they will have to queue up like everyone else.</p>
</text>
<copyright>(c) Reuters Limited 1997</copyright>
<metadata>
<codes class="bip:countries:1.0">
  <code code="UK">
    <editdetail attribution="Reuters BIP Coding Group" action="confirmed" date="1997-04-18"/>
  </code>
</codes>
<codes class="bip:topics:1.0">
  <code code="GCAT">
    <editdetail attribution="Reuters BIP Coding Group" action="confirmed" date="1997-04-18"/>
  </code>
  <code code="GSPO">
    <editdetail attribution="Reuters BIP Coding Group" action="confirmed" date="1997-04-18"/>
  </code>
</codes>
<dc element="dc.date.created" value="1997-04-18"/>
<dc element="dc.publisher" value="Reuters Holdings Plc"/>
<dc element="dc.date.published" value="1997-04-18"/>
<dc element="dc.source" value="Reuters"/>
<dc element="dc.creator.location" value="LONDON"/>
<dc element="dc.creator.location.country.name" value="UK"/>
<dc element="dc.source" value="Reuters"/>
</metadata>
</newsitem>
