<?xml version="1.0" encoding="iso-8859-1" ?>
<newsitem itemid="519793" id="root" date="1997-04-18" xml:lang="en">
<title>FRANCE: SOCCER-NICE LOOK FOR FACE-SAVING PLACE IN FINAL.</title>
<headline>SOCCER-NICE LOOK FOR FACE-SAVING PLACE IN FINAL.</headline>
<byline>Rex Gowar</byline>
<dateline>PARIS 1997-04-18</dateline>
<text>
<p>Nice, doomed to relegation from the first division, will be looking to salvage some pride with a place in the French Cup final when they take on second division side Laval on Sunday.</p>
<p>Veteran Nice defender Jean-Philippe Mattio said a final berth provided the Cote d'Azur club with the opportunity to &quot;save a very difficult year&quot;.</p>
<p>&quot;The Cup is a chance we've been offered and we must give it all at Laval to reach the final,&quot; he said.</p>
<p>Laval, semifinalists in 1993, are aiming to become the second successive side outside the top flight to reach the final after third division Nimes's stunning run last season.</p>
<p>Nice, in their eighth semifinal, won the cup twice in three seasons during their glory years in the 1950s when they also lifted the first division championship four times. They completed the double in 1952.</p>
<p>This season the club has only four wins in 33 league matches and sit at the bottom of the table.</p>
<p>&quot;Nice also want to take revenge over Laval,&quot; said midfielder Thierry de Neef. &quot;We haven't forgotten that they eliminated us from the French Cup at home in the Stade du Ray last year.&quot;</p>
<p>Assistant coach Jacky Desmenez said his side would not be taking anything for granted against a second division outfit that put runaway first division leaders Monaco out in the first round.</p>
<p>&quot;I know that with the support of their fans they're going to raise their level and I know how difficult it's going to be to play there,&quot; he said.</p>
<p>Nice will be without their most effective forward, Liberian James Debbah, who hurt his eye in the quarter-final at fourth division Clermont last month.</p>
<p>&quot;That will be a serious handicap, he's one of our important assets in attack,&quot; de Neef said.</p>
<p>&quot;But Mohammed Chaouch is in good form and scored against Cannes and Lens (in Nice's last two league games).&quot;</p>
<p>Injured defender Youssef Salimi and Serbian midfielder Zoran Milinkovic are also doubtful.</p>
<p>Montpellier, unbeaten in 20 games in all competitions and vying for a place in their third Cup final this decade, visit fellow first division Guingamp on Saturday in the other semifinal.</p>
<p>The 1990 winners lost the 1994 final to Auxerre, the current holders.</p>
<p>Guingamp coach Francis Smerecki justified resting more than half his first team in the league match at Metz on Wednesday, a 2-0 defeat, when he said: &quot;The possibility of going to a final does not come around every day.&quot;</p>
</text>
<copyright>(c) Reuters Limited 1997</copyright>
<metadata>
<codes class="bip:countries:1.0">
  <code code="FRA">
    <editdetail attribution="Reuters BIP Coding Group" action="confirmed" date="1997-04-18"/>
  </code>
</codes>
<codes class="bip:topics:1.0">
  <code code="GCAT">
    <editdetail attribution="Reuters BIP Coding Group" action="confirmed" date="1997-04-18"/>
  </code>
  <code code="GSPO">
    <editdetail attribution="Reuters BIP Coding Group" action="confirmed" date="1997-04-18"/>
  </code>
</codes>
<dc element="dc.date.created" value="1997-04-18"/>
<dc element="dc.publisher" value="Reuters Holdings Plc"/>
<dc element="dc.date.published" value="1997-04-18"/>
<dc element="dc.source" value="Reuters"/>
<dc element="dc.creator.location" value="PARIS"/>
<dc element="dc.creator.location.country.name" value="FRANCE"/>
<dc element="dc.source" value="Reuters"/>
</metadata>
</newsitem>
