<?xml version="1.0" encoding="iso-8859-1" ?>
<newsitem itemid="519720" id="root" date="1997-04-18" xml:lang="en">
<title>UK: SOCCER-ENGLISH DIVISION ONE RESULT/STANDINGS.</title>
<headline>SOCCER-ENGLISH DIVISION ONE RESULT/STANDINGS.</headline>
<dateline>LONDON 1997-04-18</dateline>
<text>
<p>Result of an English division</p>
<p>one soccer match on Friday:</p>
<p> Ipswich	  2	 Norwich     0</p>
<p>     Standings		  P  W  D   L F  A   PTS</p>
<p>  1. Bolton		     43 27 12  4 94 50   93</p>
<p>  2. Barnsley		   42 21 13  8 70 45   76</p>
<p>  3. Wolverhampton	    42 20  9 13 61 47   69</p>
<p>  4. Sheffield United	 43 19 11 13 73 51   68</p>
<p>  5. Ipswich		    43 18 13 12 65 49   67</p>
<p>  6. Port Vale		  43 17 15 11 56 50   66</p>
<p>  7. Crystal Palace	   42 17 12 13 71 44   63</p>
<p>  8. Tranmere		   43 17 12 14 60 51   63</p>
<p>  9. Norwich		    44 17 11 16 63 65   62</p>
<p> 10. Portsmouth		 42 18  8 16 53 48   62</p>
<p> 11. Queens Park Rangers    43 16 12 15 59 57   60</p>
<p> 12. Birmingham		 43 15 14 14 47 47   59</p>
<p> 13. Stoke			43 16 10 17 47 55   58</p>
<p> 14. Manchester City	  42 16  9 17 56 54   57</p>
<p> 15. Charlton		   42 15 10 17 49 60   55</p>
<p> 16. Reading		    42 14 12 16 52 59   54</p>
<p> 17. West Bromwich	    43 13 14 16 65 70   53</p>
<p> 18. Swindon		    43 15  8 20 52 67   53</p>
<p> 19. Oxford		     43 14  9 20 57 65   51</p>
<p> 20. Huddersfield	     43 12 13 18 46 60   49</p>
<p> 21. Bradford		   42 10 12 20 43 68   42</p>
<p> 22. Grimsby		    42  9 12 21 53 78   39</p>
<p> 23. Oldham		     43  9 12 22 48 64   39</p>
<p> 24. Southend		   43  8 15 20 40 76   39</p>
</text>
<copyright>(c) Reuters Limited 1997</copyright>
<metadata>
<codes class="bip:countries:1.0">
  <code code="UK">
    <editdetail attribution="Reuters BIP Coding Group" action="confirmed" date="1997-04-18"/>
  </code>
</codes>
<codes class="bip:topics:1.0">
  <code code="GCAT">
    <editdetail attribution="Reuters BIP Coding Group" action="confirmed" date="1997-04-18"/>
  </code>
  <code code="GSPO">
    <editdetail attribution="Reuters BIP Coding Group" action="confirmed" date="1997-04-18"/>
  </code>
</codes>
<dc element="dc.date.created" value="1997-04-18"/>
<dc element="dc.publisher" value="Reuters Holdings Plc"/>
<dc element="dc.date.published" value="1997-04-18"/>
<dc element="dc.source" value="Reuters"/>
<dc element="dc.creator.location" value="LONDON"/>
<dc element="dc.creator.location.country.name" value="UK"/>
<dc element="dc.source" value="Reuters"/>
</metadata>
</newsitem>
