<?xml version="1.0" encoding="iso-8859-1" ?>
<newsitem itemid="519728" id="root" date="1997-04-18" xml:lang="en">
<title>UK: RUGBY UNION-PIENAAR APPOINTED PLAYER-COACH.</title>
<headline>RUGBY UNION-PIENAAR APPOINTED PLAYER-COACH.</headline>
<dateline>LONDON 1997-04-18</dateline>
<text>
<p>Springbok World Cup-winning captain Francois Pienaar has been appointed player-coach of his English club Saracens.</p>
<p>Pienaar, who signed a 30-month contract with the London club last December, has been handed the coaching job in the wake of the club's four league defeats in the past fortnight.</p>
<p>&quot;We were in the process of looking around for a suitable candidate when Francois asked if we could consider him,&quot; said Saracens chief executive Mike Smith &quot;We said yes on condition he gives up all his other commitments.&quot;</p>
</text>
<copyright>(c) Reuters Limited 1997</copyright>
<metadata>
<codes class="bip:countries:1.0">
  <code code="SAFR">
    <editdetail attribution="Reuters BIP Coding Group" action="confirmed" date="1997-04-18"/>
  </code>
  <code code="UK">
    <editdetail attribution="Reuters BIP Coding Group" action="confirmed" date="1997-04-18"/>
  </code>
</codes>
<codes class="bip:topics:1.0">
  <code code="GCAT">
    <editdetail attribution="Reuters BIP Coding Group" action="confirmed" date="1997-04-18"/>
  </code>
  <code code="GSPO">
    <editdetail attribution="Reuters BIP Coding Group" action="confirmed" date="1997-04-18"/>
  </code>
</codes>
<dc element="dc.date.created" value="1997-04-18"/>
<dc element="dc.publisher" value="Reuters Holdings Plc"/>
<dc element="dc.date.published" value="1997-04-18"/>
<dc element="dc.source" value="Reuters"/>
<dc element="dc.creator.location" value="LONDON"/>
<dc element="dc.creator.location.country.name" value="UK"/>
<dc element="dc.source" value="Reuters"/>
</metadata>
</newsitem>
