<?xml version="1.0" encoding="iso-8859-1" ?>
<newsitem itemid="519747" id="root" date="1997-04-18" xml:lang="en">
<title>USA: BASEBALL-CONINE STROKES GAME-WINNING HOMER IN NINTH FOR MARLINS.</title>
<headline>BASEBALL-CONINE STROKES GAME-WINNING HOMER IN NINTH FOR MARLINS.</headline>
<dateline>MIAMI 1997-04-17</dateline>
<text>
<p>Jeff Conine shook off flu symptoms that kept him out of the starting lineup to deliver a pinch-hit home run in the bottom of the ninth inning that lifted the Florida Marlins to a 2-1 victory over the St. Louis Cardinals on Thursday.</p>
<p>&quot;I don't think there is a greater feeling in all of sports than a home run in that situation,&quot; Conine said.</p>
<p>Mark Petkovsek (1-2) replaced starter Todd Stottlemyre to start the ninth for Florida. Conine got hold of a a high forkball from Petkovsek and laced a fly ball down the left-field line that curved just inside the foul pole for his third homer of the year.</p>
<p>&quot;I don't like sitting on the bench. I like playing,&quot; Conine said. &quot;This morning I was thinking more about running to the bathroom than running to first base.&quot;</p>
<p>Mark Hutton (1-1) was the winner, pitching two scoreless innings in relief of Kevin Brown.</p>
<p>Florida had tied the game with a run in the eighth on Edgar Renteria's RBI single that scored Devon White, who stole second to get into scoring position.</p>
<p>Rookie catcher Mike DiFelice stole home in third for the lone St. Louis run. He delivered a leadoff double and went to third on a passed ball by Gregg Zaun. Correctly anticipating a squeeze play, the Marlins called for a pitchout, but Zaun momentarily bobbled the pitch from Brown and DiFelice slid home safely.</p>
<p>In Pittsburgh, Jermaine Allensworth delivered a bases-clearing double in the fifth and Esteban Loaiza allowed one run over seven innings to lead Pirates to a 3-2 victory over the Cincinnati Reds.</p>
<p>Reds starter Mike Morgan (0-1) carried a 1-0 lead into the fifth, but the Pirates loaded the bases on a single and two walks. Allensworth then ripped a 1-0 pitch down the left-field line to drive home all three Pittsburgh runs.</p>
<p>Morgan lasted 4 2/3 innings, taking the loss despite giving up just two hits. Loaiza (2-0) limited Cincinnati to six hits with one walk and seven strikeouts.</p>
<p>Closer John Ericks entered the game with two out in the ninth and got himself into and out of a jam to record his fifth save as the Reds lost their fourth in a row and ninth in 11 games.</p>
<p>Ericks has figured in all six Pittsburgh victories with one win and five saves.</p>
</text>
<copyright>(c) Reuters Limited 1997</copyright>
<metadata>
<codes class="bip:countries:1.0">
  <code code="USA">
    <editdetail attribution="Reuters BIP Coding Group" action="confirmed" date="1997-04-18"/>
  </code>
</codes>
<codes class="bip:topics:1.0">
  <code code="GCAT">
    <editdetail attribution="Reuters BIP Coding Group" action="confirmed" date="1997-04-18"/>
  </code>
  <code code="GSPO">
    <editdetail attribution="Reuters BIP Coding Group" action="confirmed" date="1997-04-18"/>
  </code>
</codes>
<dc element="dc.date.created" value="1997-04-17"/>
<dc element="dc.publisher" value="Reuters Holdings Plc"/>
<dc element="dc.date.published" value="1997-04-18"/>
<dc element="dc.source" value="Reuters"/>
<dc element="dc.creator.location" value="MIAMI"/>
<dc element="dc.creator.location.country.name" value="USA"/>
<dc element="dc.source" value="Reuters"/>
</metadata>
</newsitem>
