<?xml version="1.0" encoding="iso-8859-1" ?>
<newsitem itemid="519785" id="root" date="1997-04-18" xml:lang="en">
<title>SPAIN: SOCCER-ATLETICO'S LOPEZ GETS SURPRISE CALL-UP FOR SPAIN.</title>
<headline>SOCCER-ATLETICO'S LOPEZ GETS SURPRISE CALL-UP FOR SPAIN.</headline>
<dateline>BARCELONA 1997-04-18</dateline>
<text>
<p>Outspoken Spanish coach Javier Clemente has once again courted controversy by naming a defender who has started just seven league matches this season in his squad for next week's vital World Cup qualifier against Yugoslavia.</p>
<p>Atletico Madrid's Juan Lopez is the only surprise in the 19-strong party for a match which could well decide who wins European group six.</p>
<p>Spain lead the group with 16 points from six matches, one ahead of Yugoslavia and four ahead of third-placed Slovakia.</p>
<p>There is no place in the squad for Lopez's teammate, midfielder Jose Luis Caminero, who is nursing a leg injury.</p>
<p>His absence means the playmaker role will once again fall to Josep Guardiola who has combined well with Real Madrid teenager Raul Gonzalez in recent games.</p>
<p>Raul looks set to take the left side of the attack alongside Alfonso Perez, who has led Real Betis to third in the Spanish league and is the only player challenging Brazilian Ronaldo in the Spanish goalscoring tables.</p>
<p>The backbone of the side is once again formed by seven Barcelona players -- Guardiola among them -- who will join Clemente's training sessions after playing the second leg of their European Cup Winners' Cup semifinal against Fiorentina on Thursday.</p>
<p>There are no Spanish first division matches scheduled for the weekend of April 26, giving most of the players nearly two weeks to work together.</p>
<p>Squad:</p>
<p>Goalkeepers - Andoni Zubizarreta (Valencia) Santiago Canizares (Real Madrid)</p>
<p>Defenders - Juan Lopez (Atletico Madrid), Abelardo Fernandez, Miguel Angel Nadal, Sergi Barjuan (Barcelona), Rafael Alkorta, Fernando Hierro (Real Madrid), Agustin Aranzabal (Real Sociedad), Roberto Rios (Real Betis)</p>
<p>Midfielders - Julen Guerrero (Athletic Bilbao), Josep Guardiola, Luis Enrique Martinez, Guillermo Amor (Barcelona)</p>
<p>Forwards - Kiko Narvaez (Atletico Madrid), Juan Pizzi (Barcelona), Alfonso Perez (Real Betis), Raul Gonzalez (Real Madrid), Javier Manjarin (Deportivo Coruna)</p>
</text>
<copyright>(c) Reuters Limited 1997</copyright>
<metadata>
<codes class="bip:countries:1.0">
  <code code="SPAIN">
    <editdetail attribution="Reuters BIP Coding Group" action="confirmed" date="1997-04-18"/>
  </code>
  <code code="YUG">
    <editdetail attribution="Reuters BIP Coding Group" action="confirmed" date="1997-04-18"/>
  </code>
</codes>
<codes class="bip:topics:1.0">
  <code code="GCAT">
    <editdetail attribution="Reuters BIP Coding Group" action="confirmed" date="1997-04-18"/>
  </code>
  <code code="GSPO">
    <editdetail attribution="Reuters BIP Coding Group" action="confirmed" date="1997-04-18"/>
  </code>
</codes>
<dc element="dc.date.created" value="1997-04-18"/>
<dc element="dc.publisher" value="Reuters Holdings Plc"/>
<dc element="dc.date.published" value="1997-04-18"/>
<dc element="dc.source" value="Reuters"/>
<dc element="dc.creator.location" value="BARCELONA"/>
<dc element="dc.creator.location.country.name" value="SPAIN"/>
<dc element="dc.source" value="Reuters"/>
</metadata>
</newsitem>
