<?xml version="1.0" encoding="iso-8859-1" ?>
<newsitem itemid="519719" id="root" date="1997-04-18" xml:lang="en">
<title>USA: NHL ICE HOCKEY-DEVILS GOALTENDER BRODEUR SCORES PLAYOFF GOAL.</title>
<headline>NHL ICE HOCKEY-DEVILS GOALTENDER BRODEUR SCORES PLAYOFF GOAL.</headline>
<dateline>EAST RUTHERFORD, New Jersey 1997-04-17</dateline>
<text>
<p>New Jersey Devils goaltender Martin Brodeur became just the second National Hockey League netminder to score a goal in a playoff game when he fired the puck into an empty Montreal Canadiens net on Thursday night.</p>
<p>Brodeur, who also made 28 saves, capped the Devils' scoring with his empty-netter with 45 seconds left in New Jersey's 5-2 win in the opening game of their first-round Eastern Conference playoff series with Montreal.</p>
<p>&quot;It's unbelievable, it's a great feeling,&quot; said Brodeur, whose huge grin and obvious delight after the puck went in was visible even behind his mask.</p>
<p>Brodeur retrieved a loose puck from behind his goal, skated around the net and flipped the puck high into the air. It bounced at mid-ice and skittered into the Montreal net.</p>
<p>&quot;I put a lot on it. I was trying to score,&quot; admitted Brodeur. &quot;Dougie Gilmour got the puck for me,&quot; he said of his prized souvenir.</p>
<p>Philadelphia's Ron Hextall was the first goalie to score in the playoffs on April 11, 1989, against Washington.</p>
<p>Hextall was also the first NHL goalie to score by shooting the puck into the net in a regular season game when he scored against Boston in 1987.</p>
</text>
<copyright>(c) Reuters Limited 1997</copyright>
<metadata>
<codes class="bip:countries:1.0">
  <code code="CANA">
    <editdetail attribution="Reuters BIP Coding Group" action="confirmed" date="1997-04-18"/>
  </code>
  <code code="USA">
    <editdetail attribution="Reuters BIP Coding Group" action="confirmed" date="1997-04-18"/>
  </code>
</codes>
<codes class="bip:topics:1.0">
  <code code="GCAT">
    <editdetail attribution="Reuters BIP Coding Group" action="confirmed" date="1997-04-18"/>
  </code>
  <code code="GSPO">
    <editdetail attribution="Reuters BIP Coding Group" action="confirmed" date="1997-04-18"/>
  </code>
</codes>
<dc element="dc.date.created" value="1997-04-17"/>
<dc element="dc.publisher" value="Reuters Holdings Plc"/>
<dc element="dc.date.published" value="1997-04-18"/>
<dc element="dc.source" value="Reuters"/>
<dc element="dc.creator.location" value="EAST RUTHERFORD, New Jersey"/>
<dc element="dc.creator.location.country.name" value="USA"/>
<dc element="dc.source" value="Reuters"/>
</metadata>
</newsitem>
