<?xml version="1.0" encoding="iso-8859-1" ?>
<newsitem itemid="519752" id="root" date="1997-04-18" xml:lang="en">
<title>SWITZERLAND: CURLING-WORLD CHAMPIONSHIP RESULTS.</title>
<headline>CURLING-WORLD CHAMPIONSHIP RESULTS.</headline>
<dateline>BERNE, Switzerland 1997-04-18</dateline>
<text>
<p>Semifinal results from the world curling championships on Friday:</p>
<p>Women:</p>
<p> Canada beat Denmark    5-2</p>
<p> Norway beat Japan     12-5</p>
<p>Men:</p>
<p> Sweden beat Canada     6-4</p>
<p>Germany beat Scotland  6-3</p>
</text>
<copyright>(c) Reuters Limited 1997</copyright>
<metadata>
<codes class="bip:countries:1.0">
  <code code="GFR">
    <editdetail attribution="Reuters BIP Coding Group" action="confirmed" date="1997-04-18"/>
  </code>
  <code code="SWED">
    <editdetail attribution="Reuters BIP Coding Group" action="confirmed" date="1997-04-18"/>
  </code>
  <code code="SWITZ">
    <editdetail attribution="Reuters BIP Coding Group" action="confirmed" date="1997-04-18"/>
  </code>
  <code code="UK">
    <editdetail attribution="Reuters BIP Coding Group" action="confirmed" date="1997-04-18"/>
  </code>
</codes>
<codes class="bip:topics:1.0">
  <code code="GCAT">
    <editdetail attribution="Reuters BIP Coding Group" action="confirmed" date="1997-04-18"/>
  </code>
  <code code="GSPO">
    <editdetail attribution="Reuters BIP Coding Group" action="confirmed" date="1997-04-18"/>
  </code>
</codes>
<dc element="dc.date.created" value="1997-04-18"/>
<dc element="dc.publisher" value="Reuters Holdings Plc"/>
<dc element="dc.date.published" value="1997-04-18"/>
<dc element="dc.source" value="Reuters"/>
<dc element="dc.creator.location" value="BERNE, Switzerland"/>
<dc element="dc.creator.location.country.name" value="SWITZERLAND"/>
<dc element="dc.source" value="Reuters"/>
</metadata>
</newsitem>
