<?xml version="1.0" encoding="iso-8859-1" ?>
<newsitem itemid="519775" id="root" date="1997-04-18" xml:lang="en">
<title>SWEDEN: SWIMMING-VOELKER WINS WOMEN'S 50 FREESTYLE WORLD TITLE.</title>
<headline>SWIMMING-VOELKER WINS WOMEN'S 50 FREESTYLE WORLD TITLE.</headline>
<dateline>GOTHENBURG, Sweden 1997-04-18</dateline>
<text>
<p>Sandra Voelker claimed Germany's first title on the second day of the world short-course championships with a hard-fought victory in the women's 50 metres freestyle final on Friday.</p>
<p>Voelker, who took the silver behind Jenny Thompson in Thursday's 100 freestyle, turned the tables on her rival to beat the American by 0.08 of a second in 24.70 seconds.</p>
<p>China's world record holder Le Jingyi, who had to settle for third in the 100, took the bronze again in 24.83.</p>
<p>Le, whose 24.23 world mark was not seriously challenged, had won both the 50 and 100 freestyle at each of the two previous world short-course championships.</p>
<p>Voelker, who gained silver and bronze medals in the freestyle sprints at the Atlanta Olympics, could not match her morning heat time of 24.62 which sliced 0.05 from her own European record.</p>
</text>
<copyright>(c) Reuters Limited 1997</copyright>
<metadata>
<codes class="bip:countries:1.0">
  <code code="GFR">
    <editdetail attribution="Reuters BIP Coding Group" action="confirmed" date="1997-04-18"/>
  </code>
  <code code="SWED">
    <editdetail attribution="Reuters BIP Coding Group" action="confirmed" date="1997-04-18"/>
  </code>
  <code code="USA">
    <editdetail attribution="Reuters BIP Coding Group" action="confirmed" date="1997-04-18"/>
  </code>
</codes>
<codes class="bip:topics:1.0">
  <code code="GCAT">
    <editdetail attribution="Reuters BIP Coding Group" action="confirmed" date="1997-04-18"/>
  </code>
  <code code="GSPO">
    <editdetail attribution="Reuters BIP Coding Group" action="confirmed" date="1997-04-18"/>
  </code>
</codes>
<dc element="dc.date.created" value="1997-04-18"/>
<dc element="dc.publisher" value="Reuters Holdings Plc"/>
<dc element="dc.date.published" value="1997-04-18"/>
<dc element="dc.source" value="Reuters"/>
<dc element="dc.creator.location" value="GOTHENBURG, Sweden"/>
<dc element="dc.creator.location.country.name" value="SWEDEN"/>
<dc element="dc.source" value="Reuters"/>
</metadata>
</newsitem>
