<?xml version="1.0" encoding="iso-8859-1" ?>
<newsitem itemid="519731" id="root" date="1997-04-18" xml:lang="en">
<title>SOUTH AFRICA: CRICKET-NATAL PILE ON MAMMOTH 309-8 VS MASHONALAND.</title>
<headline>CRICKET-NATAL PILE ON MAMMOTH 309-8 VS MASHONALAND.</headline>
<byline>Mark Stokes</byline>
<dateline>DURBAN 1997-04-18</dateline>
<text>
<p>Natal batsmen Neil Johnson (86)</p>
<p>and Jonty Rhodes (85) put Mashonaland's attack to the sword as</p>
<p>the home side made a mammoth 309 for eight in their Standard</p>
<p>Bank Cup semi-final at Kingsmead on Friday.</p>
<p>The pair plundered 142 for the fourth wicket in only 20</p>
<p>overs to help Natal to the highest domestic one-day total ever</p>
<p>achieved in Durban.</p>
<p>Natal made 307 for three against Impalas at Kingsmead during</p>
<p>the 1984-85 season.</p>
<p>Rhodes, electrifyingly quick between the wickets, made his</p>
<p>85 from only 68 balls with eight fours and two sixes before</p>
<p>being caught behind off the leg-spin of Brian Murphy.</p>
<p>Earlier Natal got off to a flying start, helped by a wayward</p>
<p>opening spell from Everton Matambanadzo which saw 37 runs taken</p>
<p>from four overs.</p>
<p>Andrew Hudson (10) and Lance Klusener (36) hammered 44 for</p>
<p>the first wicket in only six overs and, although Hudson and</p>
<p>Klusener were both back in the pavilion before the end of the</p>
<p>ninth over, the run-rate was maintained by the rest of the top</p>
<p>and midle order.</p>
<p>All-rounder Derek Crookes struck 30 from just 25 balls</p>
<p>before holing out to deep mid wicket to pave the way for the</p>
<p>dominant partnership between Johnson and Rhodes.</p>
<p>Left-arm seamer Bryan Strang was the outstanding figure in a</p>
<p>wilting Mashonaland attack with an impressive return of</p>
<p>9-0-34-1.</p>
<p>Scoreboard:</p>
<p>Natal</p>
<p>    A.Hudson c Campbell D. b Matambanadzo	10</p>
<p>    L.Klusener c Matambanadazo b Brandes	 36</p>
<p>    N.Johnson c Campbell A. b Brandes	    86</p>
<p>    D.Crookes c Carlisle b Murphy		  30</p>
<p>    J.Rhodes c Campbell D. b Murphy		85</p>
<p>    D.Benkenstein c and b Shah			2</p>
<p>    E.Stewart not out				  22</p>
<p>    S.Pollock c Murphy b Brandes		   12</p>
<p>    P.Symcox c Viljoen b Strang		     0</p>
<p>    K.Forde not out				     6</p>
<p>    Extras						 20</p>
<p>    Total (for eight wickets in 45 overs)     309   </p>
<p>Fall of wickets: 1-44 2-64 3-105 4-247 5-259 6-277 7-297</p>
<p>8-297.</p>
<p>Did not bat: G.Gilder.</p>
<p>Bowling: Brandes 9-1-51-3, Matambanadzo 6-0-61-1, Strang B.</p>
<p>9-0-34-1, Evans 6-0-49-0, Murphy 8-0-49-2, Campbell A. 4-0-32-0,</p>
<p>Shah 3-0-20-1.</p>
<p>Mashonaland: A.Shah, S.Carlisle, A.Campbell, C.Wishart,</p>
<p>D.Viljoen, C.Evans, D.Campbell, B.Murphy, E.Brandes,</p>
<p>E.Matambanadzo, B.Strang.</p>
</text>
<copyright>(c) Reuters Limited 1997</copyright>
<metadata>
<codes class="bip:countries:1.0">
  <code code="SAFR">
    <editdetail attribution="Reuters BIP Coding Group" action="confirmed" date="1997-04-18"/>
  </code>
</codes>
<codes class="bip:topics:1.0">
  <code code="GCAT">
    <editdetail attribution="Reuters BIP Coding Group" action="confirmed" date="1997-04-18"/>
  </code>
  <code code="GSPO">
    <editdetail attribution="Reuters BIP Coding Group" action="confirmed" date="1997-04-18"/>
  </code>
</codes>
<dc element="dc.date.created" value="1997-04-18"/>
<dc element="dc.publisher" value="Reuters Holdings Plc"/>
<dc element="dc.date.published" value="1997-04-18"/>
<dc element="dc.source" value="Reuters"/>
<dc element="dc.creator.location" value="DURBAN"/>
<dc element="dc.creator.location.country.name" value="SOUTH AFRICA"/>
<dc element="dc.source" value="Reuters"/>
</metadata>
</newsitem>
