<?xml version="1.0" encoding="iso-8859-1" ?>
<newsitem itemid="519833" id="root" date="1997-04-18" xml:lang="en">
<title>POLAND: KRAKCHEMIA MARCH NET FALLS TO PLN 0.2 MLN.</title>
<headline>KRAKCHEMIA MARCH NET FALLS TO PLN 0.2 MLN.</headline>
<dateline>WARSAW 1997-04-18</dateline>
<text>
<p>Preliminary results March </p>
<p>(in million zlotys unless stated)</p>
<p> MARCH		    1997     1996</p>
<p> Net profit	     0.15 vs   0.22</p>
<p> Pre-tax profit	 0.32 vs   0.22</p>
<p> Operating profit     0.45 vs   0.46</p>
<p> Sales		   11.98 vs   9.90</p>
<p> JANUARY-MARCH	  1997     1996</p>
<p> Net profit	     0.32 vs   0.30 loss</p>
<p> Pre-tax profit	 0.51 vs   0.30 loss</p>
<p> Operating profit     1.07 vs   0.38</p>
<p> Sales		   30.84 vs  26.44</p>
<p>Note. Full name of the Polish retailer is Krakchemia SA.</p>
<p>-- Warsaw Newsroom +48 22 653 9700</p>
</text>
<copyright>(c) Reuters Limited 1997</copyright>
<metadata>
<codes class="bip:countries:1.0">
  <code code="POL">
    <editdetail attribution="Reuters BIP Coding Group" action="confirmed" date="1997-04-18"/>
  </code>
</codes>
<codes class="bip:industries:1.0">
  <code code="I61000">
    <editdetail attribution="Reuters BIP Coding Group" action="confirmed" date="1997-04-18"/>
  </code>
</codes>
<codes class="bip:topics:1.0">
  <code code="C15">
    <editdetail attribution="Reuters BIP Coding Group" action="confirmed" date="1997-04-18"/>
  </code>
  <code code="C151">
    <editdetail attribution="Reuters BIP Coding Group" action="confirmed" date="1997-04-18"/>
  </code>
  <code code="CCAT">
    <editdetail attribution="Reuters BIP Coding Group" action="confirmed" date="1997-04-18"/>
  </code>
</codes>
<dc element="dc.date.created" value="1997-04-18"/>
<dc element="dc.publisher" value="Reuters Holdings Plc"/>
<dc element="dc.date.published" value="1997-04-18"/>
<dc element="dc.source" value="Reuters"/>
<dc element="dc.creator.location" value="WARSAW"/>
<dc element="dc.creator.location.country.name" value="POLAND"/>
<dc element="dc.source" value="Reuters"/>
</metadata>
</newsitem>
