<?xml version="1.0" encoding="iso-8859-1" ?>
<newsitem itemid="519875" id="root" date="1997-04-18" xml:lang="en">
<title>POLAND: EXBUD MARCH NET RISES TO PLN 1.6 MLN.</title>
<headline>EXBUD MARCH NET RISES TO PLN 1.6 MLN.</headline>
<dateline>WARSAW 1997-04-18</dateline>
<text>
<p>Preliminary results March </p>
<p>(in million zlotys unless stated)</p>
<p>MARCH</p>
<p> Net profit	     1.55 vs   0.46</p>
<p> Pre-tax profit	 2.16 vs   0.22</p>
<p> Operating profit     0.99 vs   0.34</p>
<p> Sales		   23.39 vs  19.19</p>
<p>JANUARY-MARCH</p>
<p> Net profit	     3.13 vs   1.73</p>
<p> Pre-tax profit	 4.58 vs   1.98</p>
<p> Operating profit     1.84 vs   1.66</p>
<p> Sales		   57.67 vs  52.46</p>
<p>Note. Full name of the Polish construction company is Exbud</p>
<p>SA.</p>
<p>-- Warsaw Newsroom +48 22 653 9700</p>
</text>
<copyright>(c) Reuters Limited 1997</copyright>
<metadata>
<codes class="bip:countries:1.0">
  <code code="POL">
    <editdetail attribution="Reuters BIP Coding Group" action="confirmed" date="1997-04-18"/>
  </code>
</codes>
<codes class="bip:industries:1.0">
  <code code="I50200">
    <editdetail attribution="Reuters BIP Coding Group" action="confirmed" date="1997-04-18"/>
  </code>
</codes>
<codes class="bip:topics:1.0">
  <code code="C15">
    <editdetail attribution="Reuters BIP Coding Group" action="confirmed" date="1997-04-18"/>
  </code>
  <code code="C151">
    <editdetail attribution="Reuters BIP Coding Group" action="confirmed" date="1997-04-18"/>
  </code>
  <code code="CCAT">
    <editdetail attribution="Reuters BIP Coding Group" action="confirmed" date="1997-04-18"/>
  </code>
</codes>
<dc element="dc.date.created" value="1997-04-18"/>
<dc element="dc.publisher" value="Reuters Holdings Plc"/>
<dc element="dc.date.published" value="1997-04-18"/>
<dc element="dc.source" value="Reuters"/>
<dc element="dc.creator.location" value="WARSAW"/>
<dc element="dc.creator.location.country.name" value="POLAND"/>
<dc element="dc.source" value="Reuters"/>
</metadata>
</newsitem>
