<?xml version="1.0" encoding="iso-8859-1" ?>
<newsitem itemid="519851" id="root" date="1997-04-18" xml:lang="en">
<title>BULGARIA: BULGARIAN NATIONAL BANK FIXINGS FOR MONDAY.</title>
<headline>BULGARIAN NATIONAL BANK FIXINGS FOR MONDAY.</headline>
<dateline>SOFIA 1997-04-18</dateline>
<text>
<p>The Bulgarian National Bank set</p>
<p>the following fixed exchange rates against the Bulgarian lev</p>
<p>for Monday:</p>
<p>(Previous in brackets)</p>
<p>    USD  1,500.70 (1,500.30)	CHF  1,027.00 (1,021.30)</p>
<p>    DEM    873.82 (868.83)	  GBP  2,448.20 (2,443.10)</p>
<p>    ATS    124.15 (123.45)</p>
<p>Trading volume for Friday (total as dollar equivalent):</p>
<p>    Banks bought    $23.39 million</p>
<p>    Banks sold	$14.94 million</p>
<p>Total turnover  $38.33 million ($50.42 million)</p>
<p>-- Sofia Newsroom, (++359-2) 91188</p>
</text>
<copyright>(c) Reuters Limited 1997</copyright>
<metadata>
<codes class="bip:countries:1.0">
  <code code="BUL">
    <editdetail attribution="Reuters BIP Coding Group" action="confirmed" date="1997-04-18"/>
  </code>
</codes>
<codes class="bip:topics:1.0">
  <code code="M13">
    <editdetail attribution="Reuters BIP Coding Group" action="confirmed" date="1997-04-18"/>
  </code>
  <code code="M132">
    <editdetail attribution="Reuters BIP Coding Group" action="confirmed" date="1997-04-18"/>
  </code>
  <code code="MCAT">
    <editdetail attribution="Reuters BIP Coding Group" action="confirmed" date="1997-04-18"/>
  </code>
</codes>
<dc element="dc.date.created" value="1997-04-18"/>
<dc element="dc.publisher" value="Reuters Holdings Plc"/>
<dc element="dc.date.published" value="1997-04-18"/>
<dc element="dc.source" value="Reuters"/>
<dc element="dc.creator.location" value="SOFIA"/>
<dc element="dc.creator.location.country.name" value="BULGARIA"/>
<dc element="dc.source" value="Reuters"/>
</metadata>
</newsitem>
