<?xml version="1.0" encoding="iso-8859-1" ?>
<newsitem itemid="519850" id="root" date="1997-04-18" xml:lang="en">
<title>POLAND: BUDIMEX MARCH NET FALLS TO PLN 1.9 MLN.</title>
<headline>BUDIMEX MARCH NET FALLS TO PLN 1.9 MLN.</headline>
<dateline>WARSAW 1997-04-18</dateline>
<text>
<p>Preliminary results March </p>
<p>(in million zlotys unless stated)</p>
<p> MARCH		    1997     1996</p>
<p> Net profit	     1.92 vs   2.54</p>
<p> Pre-tax profit	 2.27 vs   2.68</p>
<p> Operating profit     2.75 vs   1.26</p>
<p> Sales		   30.62 vs  23.64</p>
<p> JANUARY-MARCH	  1997     1996</p>
<p> Net profit	     3.76 vs   4.16</p>
<p> Pre-tax profit	 4.12 vs   4.30</p>
<p> Operating profit     4.16 vs   1.56</p>
<p> Sales		   69.38 vs  55.63</p>
<p>Note. Full name of the Polish construction company is Budimex</p>
<p>SA.</p>
<p>-- Warsaw Newsroom +48 22 653 9700</p>
</text>
<copyright>(c) Reuters Limited 1997</copyright>
<metadata>
<codes class="bip:countries:1.0">
  <code code="POL">
    <editdetail attribution="Reuters BIP Coding Group" action="confirmed" date="1997-04-18"/>
  </code>
</codes>
<codes class="bip:industries:1.0">
  <code code="I50100">
    <editdetail attribution="Reuters BIP Coding Group" action="confirmed" date="1997-04-18"/>
  </code>
</codes>
<codes class="bip:topics:1.0">
  <code code="C15">
    <editdetail attribution="Reuters BIP Coding Group" action="confirmed" date="1997-04-18"/>
  </code>
  <code code="C151">
    <editdetail attribution="Reuters BIP Coding Group" action="confirmed" date="1997-04-18"/>
  </code>
  <code code="CCAT">
    <editdetail attribution="Reuters BIP Coding Group" action="confirmed" date="1997-04-18"/>
  </code>
</codes>
<dc element="dc.date.created" value="1997-04-18"/>
<dc element="dc.publisher" value="Reuters Holdings Plc"/>
<dc element="dc.date.published" value="1997-04-18"/>
<dc element="dc.source" value="Reuters"/>
<dc element="dc.creator.location" value="WARSAW"/>
<dc element="dc.creator.location.country.name" value="POLAND"/>
<dc element="dc.source" value="Reuters"/>
</metadata>
</newsitem>
