<?xml version="1.0" encoding="iso-8859-1" ?>
<newsitem itemid="519883" id="root" date="1997-04-18" xml:lang="en">
<title>POLAND: ECHO MARCH NET RISES TO PLN 0.3 MLN.</title>
<headline>ECHO MARCH NET RISES TO PLN 0.3 MLN.</headline>
<dateline>WARSAW 1997-04-18</dateline>
<text>
<p>Preliminary results March </p>
<p>(in million zlotys unless stated)</p>
<p>MARCH</p>
<p> Net profit	     0.33 vs   0.23</p>
<p> Pre-tax profit	 0.62 vs   0.38</p>
<p> Operating profit     0.95 vs   0.47</p>
<p> Sales		    2.60 vs   1.32</p>
<p>JANUARY-MARCH</p>
<p> Net profit	     0.72 vs   0.34</p>
<p> Pre-tax profit	 1.06 vs   0.56</p>
<p> Operating profit     1.72 vs   0.46</p>
<p> Sales		    6.56 vs   2.72</p>
<p>Note. Full name of the Polish developer is Echo Investment SA.</p>
<p>-- Warsaw Newsroom +48 22 653 9700</p>
</text>
<copyright>(c) Reuters Limited 1997</copyright>
<metadata>
<codes class="bip:countries:1.0">
  <code code="POL">
    <editdetail attribution="Reuters BIP Coding Group" action="confirmed" date="1997-04-18"/>
  </code>
</codes>
<codes class="bip:industries:1.0">
  <code code="I47500">
    <editdetail attribution="Reuters BIP Coding Group" action="confirmed" date="1997-04-18"/>
  </code>
</codes>
<codes class="bip:topics:1.0">
  <code code="C15">
    <editdetail attribution="Reuters BIP Coding Group" action="confirmed" date="1997-04-18"/>
  </code>
  <code code="C151">
    <editdetail attribution="Reuters BIP Coding Group" action="confirmed" date="1997-04-18"/>
  </code>
  <code code="CCAT">
    <editdetail attribution="Reuters BIP Coding Group" action="confirmed" date="1997-04-18"/>
  </code>
</codes>
<dc element="dc.date.created" value="1997-04-18"/>
<dc element="dc.publisher" value="Reuters Holdings Plc"/>
<dc element="dc.date.published" value="1997-04-18"/>
<dc element="dc.source" value="Reuters"/>
<dc element="dc.creator.location" value="WARSAW"/>
<dc element="dc.creator.location.country.name" value="POLAND"/>
<dc element="dc.source" value="Reuters"/>
</metadata>
</newsitem>
