<?xml version="1.0" encoding="iso-8859-1" ?>
<newsitem itemid="519895" id="root" date="1997-04-18" xml:lang="en">
<title>POLAND: ARIEL MARCH LOSS FALLS TO PLN 13,000.</title>
<headline>ARIEL MARCH LOSS FALLS TO PLN 13,000.</headline>
<dateline>WARSAW 1997-04-18</dateline>
<text>
<p>Preliminary results March </p>
<p>(in million zlotys unless stated)</p>
<p>MARCH</p>
<p> Net loss		 0.01 vs   0.02</p>
<p> Pre-tax loss	   0.02 vs   0.02</p>
<p> Operating loss	 0.11 vs   0.00</p>
<p> Sales		    1.11 vs   0.59</p>
<p>JANUARY-MARCH</p>
<p> Net profit	     0.07 vs   0.08 loss</p>
<p> Pre-tax profit	 0.10 vs   0.08 loss</p>
<p> Operating loss	 0.36 vs   0.03</p>
<p> Sales		    2.86 vs   1.19</p>
<p>Note. Full name of the Polish shoe firm is Ariel SA.</p>
<p>-- Warsaw Newsroom +48 22 653 9700</p>
</text>
<copyright>(c) Reuters Limited 1997</copyright>
<metadata>
<codes class="bip:countries:1.0">
  <code code="POL">
    <editdetail attribution="Reuters BIP Coding Group" action="confirmed" date="1997-04-18"/>
  </code>
</codes>
<codes class="bip:industries:1.0">
  <code code="I45100">
    <editdetail attribution="Reuters BIP Coding Group" action="confirmed" date="1997-04-18"/>
  </code>
</codes>
<codes class="bip:topics:1.0">
  <code code="C15">
    <editdetail attribution="Reuters BIP Coding Group" action="confirmed" date="1997-04-18"/>
  </code>
  <code code="C151">
    <editdetail attribution="Reuters BIP Coding Group" action="confirmed" date="1997-04-18"/>
  </code>
  <code code="CCAT">
    <editdetail attribution="Reuters BIP Coding Group" action="confirmed" date="1997-04-18"/>
  </code>
</codes>
<dc element="dc.date.created" value="1997-04-18"/>
<dc element="dc.publisher" value="Reuters Holdings Plc"/>
<dc element="dc.date.published" value="1997-04-18"/>
<dc element="dc.source" value="Reuters"/>
<dc element="dc.creator.location" value="WARSAW"/>
<dc element="dc.creator.location.country.name" value="POLAND"/>
<dc element="dc.source" value="Reuters"/>
</metadata>
</newsitem>
