<?xml version="1.0" encoding="iso-8859-1" ?>
<newsitem itemid="519862" id="root" date="1997-04-18" xml:lang="en">
<title>POLAND: ZYWIEC MARCH NET RISES TO PLN 1.41 MLN.</title>
<headline>ZYWIEC MARCH NET RISES TO PLN 1.41 MLN.</headline>
<dateline>WARSAW 1997-04-18</dateline>
<text>
<p>Preliminary results March </p>
<p>(in million zlotys unless stated)</p>
<p> MARCH		   1997	1996</p>
<p> Net profit	     1.41 vs   0.40</p>
<p> Pre-tax profit	 2.31 vs   0.27</p>
<p> Operating profit     2.77 vs   1.11</p>
<p> Sales		   23.46 vs  14.34</p>
<p>JANUARY-MARCH</p>
<p> Net profit	     4.58 vs   1.60</p>
<p> Pre-tax profit	 7.76 vs   2.56</p>
<p> Operating profit     9.23 vs   3.40</p>
<p> Sales		   68.31 vs  43.74</p>
<p>Note. Full name of the Polish brewery is Zaklady Piwowarskie w</p>
<p>Zywcu SA.</p>
<p>-- Warsaw Newsroom +48 22 653 9700</p>
</text>
<copyright>(c) Reuters Limited 1997</copyright>
<metadata>
<codes class="bip:countries:1.0">
  <code code="POL">
    <editdetail attribution="Reuters BIP Coding Group" action="confirmed" date="1997-04-18"/>
  </code>
</codes>
<codes class="bip:industries:1.0">
  <code code="I42700">
    <editdetail attribution="Reuters BIP Coding Group" action="confirmed" date="1997-04-18"/>
  </code>
</codes>
<codes class="bip:topics:1.0">
  <code code="C15">
    <editdetail attribution="Reuters BIP Coding Group" action="confirmed" date="1997-04-18"/>
  </code>
  <code code="C151">
    <editdetail attribution="Reuters BIP Coding Group" action="confirmed" date="1997-04-18"/>
  </code>
  <code code="CCAT">
    <editdetail attribution="Reuters BIP Coding Group" action="confirmed" date="1997-04-18"/>
  </code>
</codes>
<dc element="dc.date.created" value="1997-04-18"/>
<dc element="dc.publisher" value="Reuters Holdings Plc"/>
<dc element="dc.date.published" value="1997-04-18"/>
<dc element="dc.source" value="Reuters"/>
<dc element="dc.creator.location" value="WARSAW"/>
<dc element="dc.creator.location.country.name" value="POLAND"/>
<dc element="dc.source" value="Reuters"/>
</metadata>
</newsitem>
