<?xml version="1.0" encoding="iso-8859-1" ?>
<newsitem itemid="519812" id="root" date="1997-04-18" xml:lang="en">
<title>SOUTH AFRICA: S.AFRICAN TO TIGHTEN BORDERS AGAINST SMUGGLING.</title>
<headline>S.AFRICAN TO TIGHTEN BORDERS AGAINST SMUGGLING.</headline>
<dateline>CAPE TOWN 1997-04-18</dateline>
<text>
<p>The South African government said on Friday it has been advised to limit the clearing of commercial traffic into and out of the country to only 19 of its 52 border posts in a bid to control rampant smuggling that is threatening many industries and fueling crime.</p>
<p>Safety and Security Minister Sydney Mufamadi said that national and provincial ministers involved in the National Crime Prevention Strategy had also agreed that international cargo should be cleared at only eight of South Africa's 36 airports.</p>
<p>The recommendations will be presented to Cabinet next week.</p>
<p>Opening the debate on his 1997/98 budget vote in the national assembly, Mufamadi said that the 19 border posts and eight airports were being upgraded and re-organised to ensure proper control over all traffic.</p>
<p>&quot;We have established much better integrated command structures, which are finalising strict procedures which must be followed at all land, air and sea points of entry and exit,&quot; Mufamadi said.</p>
<p>He said allowances would be made for local requirements under very strict controls, but emphasised that the bulk of commercial goods would be turned back from airports and border posts that had not been designated.</p>
<p>&quot;Any international flights into or out of the country which do not register flight flow and which land and take off from unauthorised airports will be arrested,&quot; Mufamadi said.</p>
<p>&quot;The aircraft will be seized and the pilots will be prosecuted. We will not allow the huge custom frauds and smuggling to continue, nor will we allow criminals to take stolen vehicles out and bring guns and drugs in.&quot;</p>
<p>-- Parliamentary newsroom +27 21 403-2502</p>
</text>
<copyright>(c) Reuters Limited 1997</copyright>
<metadata>
<codes class="bip:countries:1.0">
  <code code="SAFR">
    <editdetail attribution="Reuters BIP Coding Group" action="confirmed" date="1997-04-18"/>
  </code>
</codes>
<codes class="bip:topics:1.0">
  <code code="E51">
    <editdetail attribution="Reuters BIP Coding Group" action="confirmed" date="1997-04-18"/>
  </code>
  <code code="E512">
    <editdetail attribution="Reuters BIP Coding Group" action="confirmed" date="1997-04-18"/>
  </code>
  <code code="ECAT">
    <editdetail attribution="Reuters BIP Coding Group" action="confirmed" date="1997-04-18"/>
  </code>
  <code code="GCAT">
    <editdetail attribution="Reuters BIP Coding Group" action="confirmed" date="1997-04-18"/>
  </code>
  <code code="GCRIM">
    <editdetail attribution="Reuters BIP Coding Group" action="confirmed" date="1997-04-18"/>
  </code>
</codes>
<dc element="dc.date.created" value="1997-04-18"/>
<dc element="dc.publisher" value="Reuters Holdings Plc"/>
<dc element="dc.date.published" value="1997-04-18"/>
<dc element="dc.source" value="Reuters"/>
<dc element="dc.creator.location" value="CAPE TOWN"/>
<dc element="dc.creator.location.country.name" value="SOUTH AFRICA"/>
<dc element="dc.source" value="Reuters"/>
</metadata>
</newsitem>
