<?xml version="1.0" encoding="iso-8859-1" ?>
<newsitem itemid="810610" id="root" date="1997-08-02" xml:lang="en">
<title>UK: CRICKET-SOMERSET V AUSTRALIA SCOREBOARD.</title>
<headline>CRICKET-SOMERSET V AUSTRALIA SCOREBOARD.</headline>
<dateline>TAUNTON, England 1997-08-02</dateline>
<text>
<p>Scoreboard at lunch on</p>
<p>the second day of a four-day match between Somerset and</p>
<p>Australia on Saturday:</p>
<p>Somerset first innings 284 (K.Parsons 71, R.Turner 58;</p>
<p>S.Warne 5-57)</p>
<p> Australia first innings (overnight 182-4)</p>
<p> M.Slater c Turner b Caddick     18</p>
<p> J.Langer b Caddick		  30</p>
<p> G.Blewett b Caddick		 20</p>
<p> M.Waugh c Turner b Rose	   37</p>
<p> S.Waugh c Lathwell b Caddick    62</p>
<p> M.Bevan c Turner b Caddick	16</p>
<p> I.Healy c Trescothick b Jones   33</p>
<p> B.Julian c Turner b Jones	 71</p>
<p> S.Warne c Rose b Van Troost	1</p>
<p> M.Pasprowicz not out		 1</p>
<p> G.McGrath lbw b Van Troost	 0</p>
<p> Extras (lb-2 nb-32)		 34</p>
<p> Total				  323</p>
<p>Fall of wickets: 1-40 2-63 3-82 4-145 5-188 6-211 7-317</p>
<p>8-320 9-320</p>
<p>Bowling: Caddick 16-2-54-5, van Troost 15.3-0-132-2, Jones</p>
<p>5-1-32-2, Rose 14-3-50-1, Parsons 2-0-4-0, Herzberg 5-0-36-0,</p>
<p>Trescothick 2-0-13-0.</p>
</text>
<copyright>(c) Reuters Limited 1997</copyright>
<metadata>
<codes class="bip:countries:1.0">
  <code code="AUSTR">
    <editdetail attribution="Reuters BIP Coding Group" action="confirmed" date="1997-08-02"/>
  </code>
  <code code="UK">
    <editdetail attribution="Reuters BIP Coding Group" action="confirmed" date="1997-08-02"/>
  </code>
</codes>
<codes class="bip:topics:1.0">
  <code code="GCAT">
    <editdetail attribution="Reuters BIP Coding Group" action="confirmed" date="1997-08-02"/>
  </code>
  <code code="GSPO">
    <editdetail attribution="Reuters BIP Coding Group" action="confirmed" date="1997-08-02"/>
  </code>
</codes>
<dc element="dc.date.created" value="1997-08-02"/>
<dc element="dc.publisher" value="Reuters Holdings Plc"/>
<dc element="dc.date.published" value="1997-08-02"/>
<dc element="dc.source" value="Reuters"/>
<dc element="dc.creator.location" value="TAUNTON, England"/>
<dc element="dc.creator.location.country.name" value="UK"/>
<dc element="dc.source" value="Reuters"/>
</metadata>
</newsitem>
