<?xml version="1.0" encoding="iso-8859-1" ?>
<newsitem itemid="810607" id="root" date="1997-08-02" xml:lang="en">
<title>UK: CRICKET-SOMERSET 284 AND 43-1 V AUSTRALIA 323 - TEA.</title>
<headline>CRICKET-SOMERSET 284 AND 43-1 V AUSTRALIA 323 - TEA.</headline>
<dateline>TAUNTON, England 1997-08-02</dateline>
<text>
<p>Somerset were 43-1 in</p>
<p>their second innings at tea on the second day of the four-day</p>
<p>match against Australia on Saturday.</p>
<p>Scores: Somerset 284 and 43-1, Australia 323.</p>
</text>
<copyright>(c) Reuters Limited 1997</copyright>
<metadata>
<codes class="bip:countries:1.0">
  <code code="AUSTR">
    <editdetail attribution="Reuters BIP Coding Group" action="confirmed" date="1997-08-02"/>
  </code>
  <code code="UK">
    <editdetail attribution="Reuters BIP Coding Group" action="confirmed" date="1997-08-02"/>
  </code>
</codes>
<codes class="bip:topics:1.0">
  <code code="GCAT">
    <editdetail attribution="Reuters BIP Coding Group" action="confirmed" date="1997-08-02"/>
  </code>
  <code code="GSPO">
    <editdetail attribution="Reuters BIP Coding Group" action="confirmed" date="1997-08-02"/>
  </code>
</codes>
<dc element="dc.date.created" value="1997-08-02"/>
<dc element="dc.publisher" value="Reuters Holdings Plc"/>
<dc element="dc.date.published" value="1997-08-02"/>
<dc element="dc.source" value="Reuters"/>
<dc element="dc.creator.location" value="TAUNTON, England"/>
<dc element="dc.creator.location.country.name" value="UK"/>
<dc element="dc.source" value="Reuters"/>
</metadata>
</newsitem>
