<?xml version="1.0" encoding="iso-8859-1" ?>
<newsitem itemid="810643" id="root" date="1997-08-02" xml:lang="en">
<title>USA: BASEBALL-FRIDAY'S MAJOR LEAGUE RESULTS.</title>
<headline>BASEBALL-FRIDAY'S MAJOR LEAGUE RESULTS.</headline>
<dateline>NEW YORK 1997-08-02</dateline>
<text>
<p>Results of Major League</p>
<p>Baseball games on Friday (home team in CAPS):</p>
<p>	    National League</p>
<p> Los Angeles	13   CHICAGO	  9</p>
<p> FLORIDA	     3   Atlanta	  2 (12 innings)</p>
<p> San Francisco     8   CINCINNATI     7</p>
<p> San Diego	   8   MONTREAL	 2</p>
<p> PHILADELPHIA	4   St Louis	 1</p>
<p> Colorado	    7   PITTSBURGH     6</p>
<p> New York	    8   HOUSTON	  5 (10 innings)</p>
<p>	    American League</p>
<p> Toronto	     7   DETROIT	  5</p>
<p> NEW YORK	    8   Minnesota	3</p>
<p> Boston	     10   KANSAS CITY    3</p>
<p> MILWAUKEE	   8   Seattle	  3</p>
<p> Cleveland	   8   TEXAS	    5</p>
<p> ANAHEIM	     9   Chicago	  1</p>
<p> OAKLAND	     2   Baltimore	1</p>
</text>
<copyright>(c) Reuters Limited 1997</copyright>
<metadata>
<codes class="bip:countries:1.0">
  <code code="CANA">
    <editdetail attribution="Reuters BIP Coding Group" action="confirmed" date="1997-08-02"/>
  </code>
  <code code="USA">
    <editdetail attribution="Reuters BIP Coding Group" action="confirmed" date="1997-08-02"/>
  </code>
</codes>
<codes class="bip:topics:1.0">
  <code code="GCAT">
    <editdetail attribution="Reuters BIP Coding Group" action="confirmed" date="1997-08-02"/>
  </code>
  <code code="GSPO">
    <editdetail attribution="Reuters BIP Coding Group" action="confirmed" date="1997-08-02"/>
  </code>
</codes>
<dc element="dc.date.created" value="1997-08-02"/>
<dc element="dc.publisher" value="Reuters Holdings Plc"/>
<dc element="dc.date.published" value="1997-08-02"/>
<dc element="dc.source" value="Reuters"/>
<dc element="dc.creator.location" value="NEW YORK"/>
<dc element="dc.creator.location.country.name" value="USA"/>
<dc element="dc.source" value="Reuters"/>
</metadata>
</newsitem>
