<?xml version="1.0" encoding="iso-8859-1" ?>
<newsitem itemid="810678" id="root" date="1997-08-02" xml:lang="en">
<title>GREECE: ATHLETICS-WORLD CHAMPIONSHIPS RESULTS - MEN.</title>
<headline>ATHLETICS-WORLD CHAMPIONSHIPS RESULTS - MEN.</headline>
<dateline>ATHENS 1997-08-02</dateline>
<text>
<p>Results of men's events at</p>
<p>the world athletics championships on Saturday:</p>
<p>Hammer qualifying round (76.50 metres or best 12 to</p>
<p>final):</p>
<p>Group A</p>
<p> 1. Vasiliy Sidorenko (Russia)	 77.94 metres</p>
<p> 2. Andrey Skvaruk (Ukraine)	   77.94</p>
<p> 3. Heinz Weis (Germany)		 77.12</p>
<p> 4. Raphael Piolanti (France)	  76.12</p>
<p> 5. Aleksey Krykun (Ukraine)	   75.32</p>
<p> 6. Koji Morofushi (Japan)	     75.28</p>
<p> 7. Holger Klose (Germany)	     75.16</p>
<p> 8. Andrey Abduvaliev (Uzbekistan)   74.96</p>
<p> 9. Stuart Rendell (Australia)	 74.28</p>
<p>10. Pavel Sedlacek (Czech Republic) 73.94</p>
<p> 11. A.Papadimitriou (Greece)	  73.92</p>
<p> 12. Marko Wahlman (Finland)	   73.60</p>
<p> 13. Nicola Vizzoni (Italy)	    73.42</p>
<p> 14. Kevin McMahon (U.S.)		72.42</p>
<p> 15. Jud Logan (U.S.)		    71.92</p>
<p> 16. Zsolt Nemeth (Hungary)	    71.80</p>
<p> 17. Maciej Palyszko (Poland)	  71.54</p>
<p> 18. David Chaussinand (France)	71.20</p>
<p> 19. Alexander Krasko (Belarus)	70.84</p>
<p> 20. Nikolaos Gentekos (Greece)	67.36</p>
<p> 21. Jones Brentt (Norfolk Island)   53.04</p>
<p> 22. Enrique Reina (Honduras)	  47.92</p>
<p>Shot put qualifying round (19.80 metres or best 12 to</p>
<p>final):</p>
<p>Group A</p>
<p> 1. John Godina (U.S.)		   21.10 metres</p>
<p> 2. Aleksandr Bagach (Ukraine)	 20.56</p>
<p> 3. Mika Halvari (Finland)	     20.10</p>
<p>4. Burger Lambrechts (South Africa) 19.91</p>
<p> 5. Michael Mertens (Germany)	  19.88</p>
<p> 6. Randy Barnes (U.S.)		  19.51</p>
<p> 7. Arsi Harju (Finland)		 19.43</p>
<p> 8. Corrado Fantini (Italy)	    19.30</p>
<p> 9. Miroslav Menc (Czech Republic)   19.23</p>
<p> 10. Brad Snyder (Canada)		18.94</p>
<p> 11. Viktor Bulat (Belarus)	    18.61</p>
<p> 12. Kjell Ove Hauge (Norway)	  18.37</p>
<p> 13. Sergey Rubtsov (Kazakhstan)     18.16</p>
<p> 14. Chima Ugwu (Nigeria)		18.00</p>
<p> 15. Mark Proctor (Britain)	    17.99</p>
<p> 16. Milan Haborak (Slovakia)	  17.85</p>
<p> 17. Alexios Leonidis (Greece)	 17.77</p>
<p>Shot put qualifying round:</p>
<p>Group B</p>
<p> 1. Oliver-Sven Buder (Germany)		    20.53</p>
<p> 2. Yuriy Belonog (Ukraine)			  20.31</p>
<p> 3. Roman Virastyuk (Ukraine)			20.13</p>
<p> 4. C.J.Hunter (U.S.)				  20.05</p>
<p> 5. Kevin Toth (U.S.)				  19.99</p>
<p> 6. Paolo Dal Soglio (Italy)			 19.93</p>
<p> 7. Saulius Kleiza (Lithuania)		     19.71</p>
<p> 8. Manuel Martinez (Spain0			  19.61</p>
<p> 9. Bilal Mubarak (Qatar)			    19.08</p>
<p> 10. Dragan Peric (Yugoslavia)		     19.05</p>
<p> 11. Stevimir Ercegovac (Croatia)		  19.00</p>
<p> 12. Yoger Medina (Venezuala)			18.92</p>
<p> 13. Dmitri Goncharuk (Belarus)		    18.60</p>
<p> 14. Shaun Pickering (Britain)		     18.10</p>
<p> 15. Vyacheslav Lykho (Russia)		     18.04</p>
<p>16. Faae Talalemotu (Northern Marina Islands) 13.96</p>
<p>     Tarek Alnajjar (Jordan)			 did not start</p>
<p>100 metres first round (first 3 in each heat plus 9</p>
<p>fastest losers to second round):</p>
<p>Heat 1 of 13</p>
<p> 1. Andre Da Silva (Brazil)	     10.28</p>
<p> 2. Jean Zirignon (Ivory Coast)	 10.31</p>
<p> 3. Chris Donaldson (New Zealand)     10.43</p>
<p> 4. Carlton Chambers (Canada)	   10.49</p>
<p> 5. Paulo Neves (Portugal)		10.51</p>
<p> 6. Pascal Dangbo (Benin)		 10.78</p>
<p> 7. Toluta'u Koula (Tonga)		10.85</p>
<p> 8. Watson Nyambek (Malaysia)	   11.60</p>
<p>Heat 2</p>
<p> 1. Marcin Krzywanski (Poland)	  10.37</p>
<p> 2. Andrey Fedoriv (Russia)	     10.38</p>
<p> 3. Stephane Cali (France)		10.39</p>
<p> 4. Torbjorn Martensson (Sweden)	10.46</p>
<p> 5. Neil Ryan (Ireland)		   10.57</p>
<p> 6. Tomy Katri (Israel)		   10.64</p>
<p> 7. Patrick Mocci (Gabon)		 10.69</p>
<p>8. Nelson Kabitana (Solomon Islands) 11.61</p>
<p>Heat 3</p>
<p> 1. Maurice Greene (U.S.)		 10.32</p>
<p> 2. Peter Karlsson (Sweden)	     10.32</p>
<p> 3. Piotr Balcerizak (Poland)	   10.41</p>
<p> 4. Per Ivar Sivlee (Norway)	    10.42</p>
<p> 5. Dennis Mowatt (Jamaica)	     10.52</p>
<p> 6. Nigel Jones (Grenada)		 10.68</p>
<p> 7. Antonio Serpas (El Salvador)	10.77</p>
<p> 8. Devon Bean (Bermuda)		  10.78</p>
<p>100 metres first round:</p>
<p>Heat 7</p>
<p> 1. Tim Montgomery (U.S.)		 10.12</p>
<p> 2. Francis Obikwelu (Nigeria)	  10.22</p>
<p> 3. Abdul Aziz Zakari (Ghana)	   10.26</p>
<p> 4. Sayon Cooper (Liberia)		10.35</p>
<p> 5. Ousmane Diarra (Mali)		 10.42</p>
<p> 6. Frutos Feo (Spain)		    10.54</p>
<p> 7. Lee Heyeong-gun (South Korea)     10.73</p>
<p> 8. Mohammad Alam (Bangladesh)	  10.83</p>
<p>Heat 8</p>
<p> 1. Seun Ogunkoya (Nigeria)	     10.24</p>
<p> 2. Charis Papadias (Greece)	    10.32</p>
<p> 3. Ryszard Pilarczyk (Poland)	  10.38</p>
<p> 4. Issa Aime Ntheppe (Cameroon)	10.50</p>
<p> 5. Tomaz Bozic (Slovenia)		10.64</p>
<p>6. Horace Dove-Edwin (Sierra Leone)  10.65</p>
<p> 7. Mario Bonello (Malta)		 10.92</p>
<p> 8. Mohammed Amir (Maldives)	    11.18</p>
<p>Heat 9</p>
<p> 1. Frankie Fredericks (Namibia)	10.21</p>
<p>2. Aleksandr Porkhomovskiy (Russia)  10.25</p>
<p> 3. Carlos Calado (Portugal)	    10.26</p>
<p> 4. Sergei Insakovs (Latvia)	    10.28</p>
<p> 5. Carlos Villasenor (Mexico)	  10.50</p>
<p> 6. Gabriel Simon (Argentina)	   10.79</p>
<p> 7. Maocha Mpho (Botswana)		10.86</p>
<p>    Venancio Jose (Spain)		 disqualified</p>
<p>P</p>
<p>100 metres first round:</p>
<p>Heat 10</p>
<p> 1. Eric Nkansah (Ghana)		     10.16</p>
<p> 2. Percival Spencer (Jamaica)	     10.18</p>
<p> 3. Darren Campbell (Britain)		10.21</p>
<p> 4. Yiannis Zisimides (Cyprus)	     10.30</p>
<p> 5. Hiruyasu Tsuchie (Japan)		 10.40</p>
<p> 6. Laurence Jack (Vanuatu)		  10.97</p>
<p> 7. Detrickson Anson (Micronesia)	  11.47</p>
<p> 8. Igor Strakh (Ukraine)		    did not finish</p>
<p>Heat 11</p>
<p> 1. Nobuharu Asahara (Japan)		 10.22</p>
<p> 2. Obadele Thompson (Barbados)	    10.26</p>
<p> 3. Jone Delai (Fiji)			  10.32</p>
<p> 4. Donovan Powell (Jamaica)		 10.34</p>
<p> 5. Chinthaka De Zoysa (Sri Lanka)	 10.43</p>
<p> 6. Anvar Kuchmuradov (Uzbekistan)	 10.49</p>
<p> 7. Norberto Nsue (Equatorial Guinea)    11.65</p>
<p> 8. Daniel Adachi (Palau)		    11.90</p>
<p>Heat 12</p>
<p> 1. Robert Esmie (Canada)		    10.22</p>
<p> 2. Davidson Ezinwa (Nigeria)		10.23</p>
<p> 3. Emmanuel Tuffour (Ghana)		 10.24</p>
<p> 4. P.Katsantonis (Cyprus)		   10.36</p>
<p> 5. Augustine Nketia (New Zealand)	 10.41</p>
<p> 6. Ivan Slehobr (Czech Republic)	  10.55</p>
<p> 7. Peter Pulu (Papua New Guinea)	  10.77</p>
<p> 8. Trevor Davis (Anguilla)		  11.07</p>
<p>Heat 13</p>
<p> 1. Bruny Surin (Canada)		     10.32</p>
<p> 2. Erik Wijmeersch (Belgium)		10.43</p>
<p> 3. Saad Al-Kuwari (Qatar)		   10.48</p>
<p> 4. Juan Pedro Toledo (Mexico)	     10.56</p>
<p> 5. Jose Illan (Spain)			 10.60</p>
<p> 6. Amarildo Almeida (Guinea Bissau)     10.92</p>
<p> 7. Huang Hsin-ping (Taiwan)		 11.09</p>
<p>Hammer qualifying round:</p>
<p>Group B</p>
<p> 1. Balazs Kiss (Hungary)		 80.46</p>
<p> 2. Igor Astapovich (Belarus)	   77.96</p>
<p> 3. Vadim Khersontsev (Russia)	  76.44</p>
<p> 4. Ilya Konovalov (Russia)	     76.36</p>
<p> 5. Karsten Kobs (Germany)		76.20</p>
<p> 6. Ivan Tikhon (Belarus)		 75.74</p>
<p> 7. Vadym Kolesnyk (Ukraine)	    75.16</p>
<p> 8. Enrico Sgruletti (Italy)	    74.70</p>
<p> 9. Jan Bielecki (Denmark)		73.82</p>
<p> 10. Zoltan Fabian (Hungary)	    72.12</p>
<p> 11. C.Polychroniou (Greece)	    71.56</p>
<p> 12. David Popejoy (U.S.)		 71.52</p>
<p> 13. Loris Paoluzzi (Italy)	     71.50</p>
<p> 14. David Smith (Britain)		70.94</p>
<p>15. Vladimir Maska (Czech Republic)  70.50</p>
<p> 16. Vitor Costa (Portugal)	     70.04</p>
<p> 17. Hakim Toumi (Algeria)		68.32</p>
<p> 18. Roman Linscheid (Ireland)	  67.96</p>
<p> 19. Eduardo Acuna (Peru)		 60.14</p>
<p>    Christophe Epalle (France)	  no mark recorded</p>
<p>    Naser Al Husaini (Kuwait)	   no mark recorded</p>
<p>400 metres hurdles first round (first 3 in each heat plus</p>
<p>3 fastest losers to semifinals):</p>
<p>Heat 1 of 7</p>
<p> 1. Llewellyn Herbert (South Africa)    49.23 seconds</p>
<p> 2. Mubarak Al-Nubi (Qatar)		 49.39</p>
<p> 3. Ian Weakley (Jamaica)		   49.52</p>
<p> 4. Marc Dollendorf (Belgium)	     49.66</p>
<p> 5. Tom McGuirk (Ireland)		   49.93</p>
<p> 6. Niklas Eriksson (Sweden)		50.25</p>
<p> 7. Sinisa Pesa (Yugoslavia)		50.65</p>
<p>Heat 2</p>
<p> 1. Fabrizio Mori (Italy)		   48.93</p>
<p> 2. Lukas Soucek (Czech Republic)	 49.08</p>
<p> 3. Yoshihiko Saito (Japan)		 49.52</p>
<p> 4. Jean Paul Bruwier (Belgium)	   49.56</p>
<p> 5. Gary Jennings (Britain)		 49.84</p>
<p> 6. Vladislav Shiryayev (Russia)	  49.95</p>
<p>7. Hubert Rakotombelontoa (Madagascar) 52.29</p>
<p>400 metres hurdles first round:</p>
<p>Heat 3</p>
<p> 1. Samuel Matete (Zambia)		  48.43</p>
<p> 2. Jiri Muzik (Czech Republic)	   48.56</p>
<p> 3. Dinsdale Morgan  (Jamaica)	    49.34</p>
<p> 4. Mustapha S'dad (Morocco)		49.50</p>
<p> 5. Chris Rawlinson (Britain)	     49.72</p>
<p> 6. Nabil Selmi (Algeria)		   50.45</p>
<p>7. Abdulla Sabt (United Arab Emirates) 51.51</p>
<p>    Ibou Faye (Senegal)		     did not start</p>
<p>Heat 4</p>
<p> 1. Shunji Karube (Japan)		   48.63</p>
<p> 2. Joey Woody (U.S.)			 48.89</p>
<p> 3. Kareem Archer (Jamaica)		 49.11</p>
<p> 4. Zian Abou Hamed (Australia)	   49.21</p>
<p> 5. Pavel Januszewski (Poland)	    49.29</p>
<p> 6. Willi ASmith (Namibia)		  51.12</p>
<p> 7. Domingo Cordero (Puerto Rico)	 52.26</p>
<p>400 metres hurdles first round:</p>
<p>Heat 5</p>
<p> 1. Ruslan Mashchenko (Russia)	48.93</p>
<p> 2. Derrick Adkins (U.S.)	     49.23</p>
<p> 3. Vadin Zadoinov (Moldova)	  49.49</p>
<p> 4. Laurent Ottoz (Italy)	     49.69</p>
<p> 5. Egils Tebelis (Latvia)	    50.42</p>
<p> 6. Pascal Maran (France)	     50.82</p>
<p>    Miro Kocuvan (Slovenia)	   did not finish</p>
<p>Heat 6</p>
<p> 1. Stephane Diagana (France)	 49.34</p>
<p> 2. Kenneth Harnden (Zimbabwe)	49.42</p>
<p> 3. Kazuhiko Yamazaki (Japan)	 49.47</p>
<p> 4. Octavius Terry (U.S.)	     49.84</p>
<p> 5. Kenneth Enyiazu (Nigeria)	 50.12</p>
<p> 6. Cleverson Da Silva (Brazil)     50.63</p>
<p> 7. Hefeny Ibrahim (Egypt)	    50.70</p>
<p>    Ilir Xhani (Albania)		did not finish</p>
<p>Heat 7</p>
<p> 1. Bryan Bronson (U.S.)		48.84</p>
<p> 2. Dusan Kovacs (Hungary)	    48.99</p>
<p> 3. Ashraf Saber (Italy)		49.11</p>
<p> 4. Jimmy Coco (France)		 49.64</p>
<p> 5. Carlos Zbinden (Chile)	    50.42</p>
<p> 6. Rohan Robinson (Australia)	51.67</p>
<p> 7. Lambros Zervakos (Greece)	 52.94</p>
<p>100 metres second round (first 2 in each heat plus 4</p>
<p>fastest losers to semifinals):</p>
<p>Heat 1 of 6</p>
<p> 1. Ato Boldon (Trinidad)	     9.87</p>
<p> 2. Maurice Greene (U.S.)	     9.90</p>
<p> 3. Andrey Fedoriv (Russia)	  10.22</p>
<p> 4. Charis Papadias (Greece)	 10.23</p>
<p> 5. Ian Mackie (Britain)	     10.24</p>
<p> 6. Marcin Krzywanski (Poland)     10.33</p>
<p> 7. Hiruyasu Tsuchie (Japan)	 10.38</p>
<p>8. Chris Donaldson (New Zealand)  10.40</p>
<p>100 metres second round:</p>
<p>Heat 2</p>
<p> 1. Bruny Surin (Canada)	     10.06</p>
<p> 2. Agelos Pavlakakis (Greece)     10.22</p>
<p> 3. Luis Perez-Rionda (Cuba)	 10.25</p>
<p> 4. Piotr Balcerzak (Poland)	 10.32</p>
<p> 5. P.Katsantonis (Cyprus)	   10.33</p>
<p> 6. Erik Wijmeersch (Belgium)	10.34</p>
<p> 7. Stephane Cali (France)	   10.47</p>
<p>    Percival Spencer (Jamaica)     did not start</p>
<p>Heat 3</p>
<p> 1. Tim Montgomery (U.S.)	     9.99</p>
<p> 2. Donavan Bailey (Canada)	  10.10</p>
<p> 3. Darren Campbell (Britain)	10.13</p>
<p> 4. Sayon Cooper (Liberia)	   10.21</p>
<p> 5. Ryszard Pilarczyk (Poland)     10.26</p>
<p> 6. Saad Al-Kuwari (Qatar)	   10.40</p>
<p> 7. Peter Karlsson (Sweden)	  10.40</p>
<p> 8. Andre Da Silva (Brazil)	  12.56</p>
<p>100 metres second round:</p>
<p>Heat 4</p>
<p> 1. Mike Marsh (U.S.)		     10.05</p>
<p> 2. Emmanuel Tuffour (Ghana)	    10.23</p>
<p> 3. Jean Zirignon (Ivory Coast)	 10.25</p>
<p>4. Aleksandr Porkhomovskiy (Russia)  10.27</p>
<p> 5. Seun Ogunkoya (Nigeria)	     10.33</p>
<p> 6. Donovan Powell (Jamaica)	    10.35</p>
<p> 7. Marlon Devonish (Britain)	   10.37</p>
<p> 8. Aninos Marcoullides (Cyprus)	10.39</p>
<p>Heat 5</p>
<p> 1. Eric Nkansah (Ghana)		  10.15</p>
<p> 2. Francis Obikwelu (Nigeria)	  10.17</p>
<p> 3. Robert Esmie (Canada)		 10.25</p>
<p> 4. Patrick Stevens (Belgium)	   10.31</p>
<p> 5. Sergeis Insakovs (Latvia)	   10.34</p>
<p> 6. Stefano Tilli (Italy)		 10.36</p>
<p> 7. Jone Delai (Fiji)		     10.47</p>
<p> 8. Renward Wells (Bahamas)	     10.57</p>
<p>100 metres second round:</p>
<p>Heat 6</p>
<p> 1. Frankie Fredericks (Namibia)    9.99</p>
<p> 2. Davidson Ezinwa (Nigeria)	10.11</p>
<p> 3. Nobuharu Asahara (Japan)	 10.17</p>
<p> 4. Obadele Thompson (Barbados)    10.21</p>
<p> 5. Abdul Aziz Zakari (Ghana)	10.29</p>
<p> 6. Yiannis Zisimides (Cyprus)     10.37</p>
<p> 7. Martin Lachkovics (Austria)    10.39</p>
<p> 8. Carlos Calado (Portugal)	 10.41</p>
<p>Shot put final</p>
<p> 1. Aleksandr Bagach (Ukraine)	  21.47 metres</p>
<p> 2. John Godina (U.S.)		    21.44</p>
<p> 3. Oliver-Sven Buder (Germany)	 21.24</p>
<p> 4. C.J.Hunter (U.S.)		     20.33</p>
<p> 5. Yuriy Belonog (Ukraine)	     20.26</p>
<p> 6. Mika Halvari (Finland)		20.13</p>
<p> 7. Roman Virastyuk (Ukraine)	   20.12</p>
<p> 8. Kevin Toth (U.S.)		     20.02</p>
<p> 9. Michael Mertens (Germany)	   19.91</p>
<p> 10. Paolo Dal Soglio (Italy)	   19.77</p>
<p>11. Burger Lambrechts (South Africa) 19.39</p>
<p> 12. Saulius Kleiza (Lithuania)	 18.25</p>
<p>20-km walk</p>
<p>1. Daniel Garcia (Mexico) 1 hour 21 minutes 43 seconds</p>
<p> 2. Mikhail Shchennikov (Russia)	  1:21.53</p>
<p> 3. Mikhail Khmelnitsky (Belarus)	 1:22.01</p>
<p> 4. Yu Guohui (China)			 1:22.57</p>
<p> 5. Li Zewen (China)			  1:23.03</p>
<p> 6. Evgeni Misyulya (Belarus)	     1:23.10</p>
<p> 7. Michele Didoni (Italy)		  1:23.14</p>
<p> 8. Giovanni De Benedictis (Italy)	1:23.33</p>
<p> 9. Hatem Ghoula (Tunisia)		  1:23.49</p>
<p> 10. Daniel Plaza (Spain)		   1:23.53</p>
<p> 11. Robert Ihly (Germany)		  1:24.12</p>
<p> 12. A.Gandellini (Italy)		   1:24.24</p>
<p> 13. Igor Kollar (Slovakia)		 1:24.37</p>
<p> 14. Jefferson Perez (Ecuador)	    1:24.46</p>
<p> 15. Jacek Muller (Poland)		  1:24.47</p>
<p> 16. Joel Sanchez (Mexico)		  1:24.48</p>
<p> 17. Denis Langlois (France)		1:25.27</p>
<p> 18. Omar Sepeda (Mexico)		   1:25.38</p>
<p> 19. Nicholas A'Hern (Australia)	  1:25.46</p>
<p> 20. Atur Meleshkevich (Belarus)	  1:25.47</p>
<p> 21. Sergio Galdino (Brazil)		1:25.50</p>
<p> 22. Roberto Oscal (Guatemala)	    1:26.20</p>
<p> 23. Marco Giungi (Italy)		   1:26.23</p>
<p> 24. Modris Liepins (Latvia)		1:26.24</p>
<p> 25. Jean Brosseau (France)		 1:26.39</p>
<p> 26. Sandor Urbanik (Hungary)	     1:26.50</p>
<p> 27. Gyula Dudas (Hungary)		  1:27.17</p>
<p> 28. Jose Urbano (Portugal)		 1:27.25</p>
<p> 29. Milos Holusa (Czech Republic)	1:27.27</p>
<p> 30. Feodosiy Chumachenko (Moldova)     1:28.51</p>
<p> 31. Luis Garcia (Guatemala)		1:28.51</p>
<p> 32. Dion Russell (Australia)	     1:30.49</p>
<p> 33. Robert Valicek (Slovakia)	    1:31.28</p>
<p> 34. Curt Clausen (U.S.)		    1:32.05</p>
<p> 35. Valeriy Borisov (Kazakhstan)	 1:32.32</p>
<p> 36. D.Orfanopoulos (Greece)		1:32.37</p>
<p> 37. Fernando Vasquez (Spain)	     1:32.44</p>
<p> 38. Christian Britz (South Africa)     1:34.02</p>
<p>Disqualified:</p>
<p>Ilya Markov (Russia)</p>
<p>Julio Martinez (Guatemala)</p>
<p>Andreas Erm (Germany)</p>
<p>Jan Staaf (Sweden)</p>
<p>Narinder Harbans (Malaysia)</p>
<p>Rami A.Deeb (Palestine)</p>
<p>Did not finish:</p>
<p>Vladimir Andreyev (Russia)</p>
<p>Aingars Fadejevs (Latvia)</p>
<p>Thierry Toutain (France)</p>
<p>Scott Nelson (New Zealand)</p>
<p>Claus Jorgensen (Denmark)</p>
</text>
<copyright>(c) Reuters Limited 1997</copyright>
<metadata>
<codes class="bip:countries:1.0">
  <code code="GREECE">
    <editdetail attribution="Reuters BIP Coding Group" action="confirmed" date="1997-08-02"/>
  </code>
</codes>
<codes class="bip:topics:1.0">
  <code code="GCAT">
    <editdetail attribution="Reuters BIP Coding Group" action="confirmed" date="1997-08-02"/>
  </code>
  <code code="GSPO">
    <editdetail attribution="Reuters BIP Coding Group" action="confirmed" date="1997-08-02"/>
  </code>
</codes>
<dc element="dc.date.created" value="1997-08-02"/>
<dc element="dc.publisher" value="Reuters Holdings Plc"/>
<dc element="dc.date.published" value="1997-08-02"/>
<dc element="dc.source" value="Reuters"/>
<dc element="dc.creator.location" value="ATHENS"/>
<dc element="dc.creator.location.country.name" value="GREECE"/>
<dc element="dc.source" value="Reuters"/>
</metadata>
</newsitem>
