<?xml version="1.0" encoding="iso-8859-1" ?>
<newsitem itemid="810636" id="root" date="1997-08-02" xml:lang="en">
<title>AUSTRALIA: RUGBY UNION-AUSTRALIA OVERPOWER SPRINGBOKS.</title>
<headline>RUGBY UNION-AUSTRALIA OVERPOWER SPRINGBOKS.</headline>
<dateline>BRISBANE, Australia 1997-08-02</dateline>
<text>
<p>Australia revived their Tri-Nations challenge and lifted the spirits of troubled coach Greg Smith with a 32-20 win over South Africa on Saturday.</p>
<p>The Wallabies bounced back from their opening defeat by competition leaders and holders New Zealand last weekend by running in four tries to three at Brisbane's Suncorp Stadium.</p>
<p>It was the highest score by an Australian side in a test against South Africa.</p>
<p>After two heavy defeats by the All Blacks last month, Smith acknowledged his team's performance against South Africa could determine whether he retained control next year.</p>
<p>Winger Ben Tune crossed twice for tries and fullback Stephen Larkham and number eight Daniel Manu also went over to give the home side a decisive 26-10 lead at halftime.</p>
<p>Flyhalf David Knox, who revitalised Australia's backline on his recall in place of the injured Tim Horan, kicked three conversions and two penalties to cap a fine return.</p>
<p>South Africa replied with tries from prop Os du Randt and late scores by lock Mark Andrews and flyhalf Jannie de Beer. De Beer added one penalty and a conversion.</p>
</text>
<copyright>(c) Reuters Limited 1997</copyright>
<metadata>
<codes class="bip:countries:1.0">
  <code code="AUSTR">
    <editdetail attribution="Reuters BIP Coding Group" action="confirmed" date="1997-08-02"/>
  </code>
  <code code="NZ">
    <editdetail attribution="Reuters BIP Coding Group" action="confirmed" date="1997-08-02"/>
  </code>
  <code code="SAFR">
    <editdetail attribution="Reuters BIP Coding Group" action="confirmed" date="1997-08-02"/>
  </code>
</codes>
<codes class="bip:topics:1.0">
  <code code="GCAT">
    <editdetail attribution="Reuters BIP Coding Group" action="confirmed" date="1997-08-02"/>
  </code>
  <code code="GSPO">
    <editdetail attribution="Reuters BIP Coding Group" action="confirmed" date="1997-08-02"/>
  </code>
</codes>
<dc element="dc.date.created" value="1997-08-02"/>
<dc element="dc.publisher" value="Reuters Holdings Plc"/>
<dc element="dc.date.published" value="1997-08-02"/>
<dc element="dc.source" value="Reuters"/>
<dc element="dc.creator.location" value="BRISBANE, Australia"/>
<dc element="dc.creator.location.country.name" value="AUSTRALIA"/>
<dc element="dc.source" value="Reuters"/>
</metadata>
</newsitem>
