<?xml version="1.0" encoding="iso-8859-1" ?>
<newsitem itemid="810644" id="root" date="1997-08-02" xml:lang="en">
<title>USA: SWIMMING-RUSSIAN-BORN KRAYZELBURG SETS U.S. MARK AT NATIONALS.</title>
<headline>SWIMMING-RUSSIAN-BORN KRAYZELBURG SETS U.S. MARK AT NATIONALS.</headline>
<dateline>NASHVILLE, Tennessee 1997-08-01</dateline>
<text>
<p>Russian-born Lenny Krayzelburg broke his adopted country's record in the 200-meter backstroke with the fastest time in the world this year at the U.S. Swimming Nationals Friday night.</p>
<p>Krayzelburg, 21, who became a U.S. citizen in 1995, was just two hundredths of a second off Olympian Tripp Schwenk's U.S. record of one minute and 58.35 seconds in the morning preliminary.</p>
<p>He broke the mark in the championship final with a time of 1:58.04. &quot;My coach told me I had an American record in me,&quot; said Krayzelburg, who was born in Odessa, Russia.</p>
<p>Olympic gold medalist Brad Bridgewater, Krayzelburg's training partner, was second in 1:59.40.</p>
<p>Krayzelburg, who was on pace to break Spaniard Martin Zubero's world mark of 1:56.57 for the first 100 meters, earned a spot on the U.S. world championships team.</p>
<p>This meet served as U.S. team trials for the world championships, Pan Pacific Championships and World University Games.</p>
<p>&quot;It is very satisfying being a U.S. citizen winning a national title, and even more satisfying beating the American record holder,&quot; Krayzelburg said of Schwenk, who finished fifth in 2:02.61.</p>
<p>&quot;The newest American set the American record,&quot; U.S. men's world team coach John Urbanchek said. &quot;We were very proud of that.&quot;</p>
<p>Amy Van Dyken, who walked away from the Atlanta Games with four gold medals, won the women's 50-meter freestyle in 25.10 seconds just one month after resuming training.</p>
<p>Van Dyken, who was also fastest in morning qualifying, won Olympic gold last summer in the 50 freestyle, 100 butterfly, 400 freestyle relay and 400 medley relay.</p>
<p>Chad Carvin, who missed the 1996 Olympic trials with cardiomyopathy -- a virus that attacks the heart muscle -- won the 1,500-meter freestyle in 15:15.63.</p>
<p>Carvin added the 1,500 title to the 400-meter gold he won earlier in the week here.</p>
<p>In the night's other final, 18-year-old Misty Hyman won the women's 200-meter butterfly in 2:09.08 to sweep the butterfly events. Hyman, who used her unique underwater start and fish kick to great effect, won the 100 butterfly title earlier in the week.</p>
<p>Overall, the seventh and final night of the meet turned up the fastest times of the week. But Urbanchek was not ready to assess his team's chances for the worlds in Perth, Australia next January.</p>
<p>&quot;Since the rest of the world hasn't had a major meet, it's hard for us to judge where we stand,&quot; Urbanchek said.</p>
<p>&quot;The rest of the world may equal what we have done here this week.&quot;</p>
</text>
<copyright>(c) Reuters Limited 1997</copyright>
<metadata>
<codes class="bip:countries:1.0">
  <code code="USA">
    <editdetail attribution="Reuters BIP Coding Group" action="confirmed" date="1997-08-02"/>
  </code>
</codes>
<codes class="bip:topics:1.0">
  <code code="GCAT">
    <editdetail attribution="Reuters BIP Coding Group" action="confirmed" date="1997-08-02"/>
  </code>
  <code code="GSPO">
    <editdetail attribution="Reuters BIP Coding Group" action="confirmed" date="1997-08-02"/>
  </code>
</codes>
<dc element="dc.date.created" value="1997-08-01"/>
<dc element="dc.publisher" value="Reuters Holdings Plc"/>
<dc element="dc.date.published" value="1997-08-02"/>
<dc element="dc.source" value="Reuters"/>
<dc element="dc.creator.location" value="NASHVILLE, Tennessee"/>
<dc element="dc.creator.location.country.name" value="USA"/>
<dc element="dc.source" value="Reuters"/>
</metadata>
</newsitem>
