<?xml version="1.0" encoding="iso-8859-1" ?>
<newsitem itemid="810630" id="root" date="1997-08-02" xml:lang="en">
<title>ALBANIA: SOCCER-ALBANIA'S SUSPENDED LEAGUE RESUMES.</title>
<headline>SOCCER-ALBANIA'S SUSPENDED LEAGUE RESUMES.</headline>
<dateline>TIRANA 1997-08-02</dateline>
<text>
<p>Albanian first division soccer, suspended in February because of civil unrest, resumed in four towns on Saturday after the government guaranteed adequate security in the stadiums.</p>
<p>In a morning match, Partizani beat Vllaznia of Shkoder 2-1 in their home stadium in the capital Tirana.</p>
<p>However the daily Dita Informacion newspaper reported that Lushnja in southern Albania, the area worst hit by unrest and armed banditry, would boycott the league.</p>
<p>The Balkan country's civil unrest, sparked by the collapse of fraudulent pyramid investment schemes in which many Albanians lost life savings, left Lushnja with heavy financial losses and a badly damaged stadium.</p>
<p>Five days of fixtures from the 1996/97 season have still to be played and officials said they will be held in the towns of Tirana, Kavaje, Durres and Elbasan over the next two weeks. The new season will then start on September 13.</p>
<p>Although the league was formally suspended in February, no matches have been played since December 29.</p>
<p>Flamurtari from the southern town of Vlore, the centre of the armed unrest, lead the suspended standings on 37 points followed by Tirana on 34 and Vllaznia on 33.</p>
<p>European soccer's governing body UEFA have suspended Albanian clubs from participating in 1997-98 Cup competitions but the national side will play a home September 10 World Cup group nine qualifier against Northern Ireland in Spain.</p>
</text>
<copyright>(c) Reuters Limited 1997</copyright>
<metadata>
<codes class="bip:countries:1.0">
  <code code="ALB">
    <editdetail attribution="Reuters BIP Coding Group" action="confirmed" date="1997-08-02"/>
  </code>
</codes>
<codes class="bip:topics:1.0">
  <code code="GCAT">
    <editdetail attribution="Reuters BIP Coding Group" action="confirmed" date="1997-08-02"/>
  </code>
  <code code="GSPO">
    <editdetail attribution="Reuters BIP Coding Group" action="confirmed" date="1997-08-02"/>
  </code>
</codes>
<dc element="dc.date.created" value="1997-08-02"/>
<dc element="dc.publisher" value="Reuters Holdings Plc"/>
<dc element="dc.date.published" value="1997-08-02"/>
<dc element="dc.source" value="Reuters"/>
<dc element="dc.creator.location" value="TIRANA"/>
<dc element="dc.creator.location.country.name" value="ALBANIA"/>
<dc element="dc.source" value="Reuters"/>
</metadata>
</newsitem>
