<?xml version="1.0" encoding="iso-8859-1" ?>
<newsitem itemid="810620" id="root" date="1997-08-02" xml:lang="en">
<title>UK: SOCCER-SCOTTISH PREMIER DIVISION SUMMARIES.</title>
<headline>SOCCER-SCOTTISH PREMIER DIVISION SUMMARIES.</headline>
<dateline>GLASGOW 1997-08-02</dateline>
<text>
<p>Summaries of Scottish Premier</p>
<p>division soccer matches on Saturday:</p>
<p> Aberdeen	0</p>
<p> Kilmarnock    0</p>
<p>		Att: 14,041</p>
<p>- - - -</p>
<p> Dunfemrline   0</p>
<p> Motherwell    2 - Coyne 63 pen, 85</p>
<p>HT: 0-0. Att: 5,746  </p>
<p>- - - -</p>
<p>St Johnstone  1 - McKimmie 61 own goal</p>
<p>Dundee United 1 - Olafsson 11</p>
<p>HT: 0-1  Att: 6,592</p>
<p>- - - -</p>
<p>Playing Sunday: Hibernian v Celtic</p>
<p>Playing Monday: Rangers v Hearts</p>
</text>
<copyright>(c) Reuters Limited 1997</copyright>
<metadata>
<codes class="bip:countries:1.0">
  <code code="UK">
    <editdetail attribution="Reuters BIP Coding Group" action="confirmed" date="1997-08-02"/>
  </code>
</codes>
<codes class="bip:topics:1.0">
  <code code="GCAT">
    <editdetail attribution="Reuters BIP Coding Group" action="confirmed" date="1997-08-02"/>
  </code>
  <code code="GSPO">
    <editdetail attribution="Reuters BIP Coding Group" action="confirmed" date="1997-08-02"/>
  </code>
</codes>
<dc element="dc.date.created" value="1997-08-02"/>
<dc element="dc.publisher" value="Reuters Holdings Plc"/>
<dc element="dc.date.published" value="1997-08-02"/>
<dc element="dc.source" value="Reuters"/>
<dc element="dc.creator.location" value="GLASGOW"/>
<dc element="dc.creator.location.country.name" value="UK"/>
<dc element="dc.source" value="Reuters"/>
</metadata>
</newsitem>
