<?xml version="1.0" encoding="iso-8859-1" ?>
<newsitem itemid="810687" id="root" date="1997-08-02" xml:lang="en">
<title>SRI LANKA: CRICKET-SIDHU HALF CENTURY GIVES INDIA SOLID START.</title>
<headline>CRICKET-SIDHU HALF CENTURY GIVES INDIA SOLID START.</headline>
<dateline>COLOMBO 1997-08-02</dateline>
<text>
<p>India opener Navjot Sidhu continued his fine form on Saturday by blasting an unbeaten half-century in the opening session of the first test against Sri Lanka.</p>
<p>India were 75 for one at lunch with the tall Sikh  unbeaten on 56 having hit seven fours and two sixes.</p>
<p>Sri Lanka's solitary success came with the wicket of Nayan Mongia, who was dismissed for seven by Ravindra Pushpakumara. The Indian wicketkeeper was caught at third slip by test debutant Mahela Jayawardena with the score on 36.</p>
<p>On a slow, bare pitch India captain Sachin Tendulkar opted to bat first on winning the toss.</p>
<p>Sidhu, who scored an unbeaten century in the three-day game against a Sri Lanka Board President's team on Thursday, struck off-spinner Muthiah Muralitharan for two sixes during his 93-ball innings.</p>
<p>Rahul Dravid joined Sidhu at the fall of Mongia's wicket and was unbeaten on 10 after an hour at the crease.</p>
</text>
<copyright>(c) Reuters Limited 1997</copyright>
<metadata>
<codes class="bip:countries:1.0">
  <code code="INDIA">
    <editdetail attribution="Reuters BIP Coding Group" action="confirmed" date="1997-08-02"/>
  </code>
  <code code="SRILAN">
    <editdetail attribution="Reuters BIP Coding Group" action="confirmed" date="1997-08-02"/>
  </code>
</codes>
<codes class="bip:topics:1.0">
  <code code="GCAT">
    <editdetail attribution="Reuters BIP Coding Group" action="confirmed" date="1997-08-02"/>
  </code>
  <code code="GSPO">
    <editdetail attribution="Reuters BIP Coding Group" action="confirmed" date="1997-08-02"/>
  </code>
</codes>
<dc element="dc.date.created" value="1997-08-02"/>
<dc element="dc.publisher" value="Reuters Holdings Plc"/>
<dc element="dc.date.published" value="1997-08-02"/>
<dc element="dc.source" value="Reuters"/>
<dc element="dc.creator.location" value="COLOMBO"/>
<dc element="dc.creator.location.country.name" value="SRI LANKA"/>
<dc element="dc.source" value="Reuters"/>
</metadata>
</newsitem>
