<?xml version="1.0" encoding="iso-8859-1" ?>
<newsitem itemid="810694" id="root" date="1997-08-02" xml:lang="en">
<title>UK: Soft oils ease towards European veg oil close.</title>
<headline>Soft oils ease towards European veg oil close.</headline>
<dateline>LONDON 1997-08-01</dateline>
<text>
<p>Soft oils sellers took around 0.50 guilders out of their closing prices in Europe on Friday following the expected lower opening in Chicago.</p>
<p>However, traders were wary and unwilling to do any more.</p>
<p>&quot;Chicago in came lower as expected, but most people will want to see the close because they suspect that the bulls will find something in the weather to turn the market,&quot; said one trader.</p>
<p>Palm oil finished unchanged from midday no further business reported.</p>
<p>Palm oil prices rose on the back of the higher Chicago close on Thursday and traders said they were surprised by the resilience of the market.</p>
<p>&quot;People keep hitting palm oil with talk of one million tonne stocks, but every time it bounces back,&quot; said one.</p>
<p>Coconut oil closed lower after a flurry of dealer trading, business was nowhere near as active as on Thursday.</p>
<p>At the close Dutch soy oil was 1.50 to 0.50 guilders up while rape oil was 1.50 to 2.50 guilders higher after Nov/Jan traded at 109 guilders a 100 kilos.</p>
<p>Crude palm oil and products finished unchanged to $2.50 higher.</p>
<p>Coconut oil offers were $2.50 down after Jul/Aug and Aug/Sep traded at $550 a tonne cif in outright business while Jun/Jul traded at $550 in a switch with Aug/Sep at even money.</p>
<p>Palmkernel oil sellers were unchanged to $7.50 lower in a neglected market.</p>
<p>--Jim Ballantyne, London Newsroom +44 171 542 8062</p>
</text>
<copyright>(c) Reuters Limited 1997</copyright>
<metadata>
<codes class="bip:countries:1.0">
  <code code="UK">
    <editdetail attribution="Reuters BIP Coding Group" action="confirmed" date="1997-08-02"/>
  </code>
</codes>
<codes class="bip:topics:1.0">
  <code code="M14">
    <editdetail attribution="Reuters BIP Coding Group" action="confirmed" date="1997-08-02"/>
  </code>
  <code code="M141">
    <editdetail attribution="Reuters BIP Coding Group" action="confirmed" date="1997-08-02"/>
  </code>
  <code code="MCAT">
    <editdetail attribution="Reuters BIP Coding Group" action="confirmed" date="1997-08-02"/>
  </code>
</codes>
<dc element="dc.date.created" value="1997-08-01"/>
<dc element="dc.publisher" value="Reuters Holdings Plc"/>
<dc element="dc.date.published" value="1997-08-02"/>
<dc element="dc.source" value="Reuters"/>
<dc element="dc.creator.location" value="LONDON"/>
<dc element="dc.creator.location.country.name" value="UK"/>
<dc element="dc.source" value="Reuters"/>
</metadata>
</newsitem>
