<?xml version="1.0" encoding="iso-8859-1" ?>
<newsitem itemid="810781" id="root" date="1997-08-02" xml:lang="en">
<title>SINGAPORE: Singapore extends smoking ban.</title>
<headline>Singapore extends smoking ban.</headline>
<dateline>SINGAPORE 1997-08-02</dateline>
<text>
<p>Singapore will ban smoking in almost all enclosed and air-conditioned areas starting August 15, a statement by the Ministry of Environment said on Saturday.</p>
<p>The measure was aimed at protecting non-smokers from second-hand smoke, the statement added.</p>
<p>Singapore currently prohibits smoking in selected areas including hospitals, cinemas, queues and certain air-conditioned restaurants and shops.</p>
<p>But from August 15, the ban will be extended to cover all air-conditioned shops, restaurants, private clubs, bowling alleys, barber shops, games arcades, libraries and all enclosed or air-conditioned areas in universities.</p>
<p>Smoking will also be banned at entire school compounds and other education centres.</p>
<p>Anyone caught smoking in a prohibited area is liable for a fine of S$1,000 (US$694.50).</p>
<p>Statistics from the Ministry of Environment estimate that 17 percent of Singapore's population are smokers.</p>
<p>($1 = S$1.44)</p>
</text>
<copyright>(c) Reuters Limited 1997</copyright>
<metadata>
<codes class="bip:countries:1.0">
  <code code="SINGP">
    <editdetail attribution="Reuters BIP Coding Group" action="confirmed" date="1997-08-02"/>
  </code>
</codes>
<codes class="bip:industries:1.0">
  <code code="I42900">
    <editdetail attribution="Reuters BIP Coding Group" action="confirmed" date="1997-08-02"/>
  </code>
</codes>
<codes class="bip:topics:1.0">
  <code code="C13">
    <editdetail attribution="Reuters BIP Coding Group" action="confirmed" date="1997-08-02"/>
  </code>
  <code code="CCAT">
    <editdetail attribution="Reuters BIP Coding Group" action="confirmed" date="1997-08-02"/>
  </code>
  <code code="GCAT">
    <editdetail attribution="Reuters BIP Coding Group" action="confirmed" date="1997-08-02"/>
  </code>
  <code code="GENV">
    <editdetail attribution="Reuters BIP Coding Group" action="confirmed" date="1997-08-02"/>
  </code>
</codes>
<dc element="dc.date.created" value="1997-08-02"/>
<dc element="dc.publisher" value="Reuters Holdings Plc"/>
<dc element="dc.date.published" value="1997-08-02"/>
<dc element="dc.source" value="Reuters"/>
<dc element="dc.creator.location" value="SINGAPORE"/>
<dc element="dc.creator.location.country.name" value="SINGAPORE"/>
<dc element="dc.source" value="Reuters"/>
</metadata>
</newsitem>
