<?xml version="1.0" encoding="iso-8859-1" ?>
<newsitem itemid="810741" id="root" date="1997-08-02" xml:lang="en">
<title>MEXICO: Hurricane Guillermo edges away from Mexican coast.</title>
<headline>Hurricane Guillermo edges away from Mexican coast.</headline>
<dateline>MEXICO CITY 1997-08-02</dateline>
<text>
<p>Hurricane Guillermo gathered strength as it churned off Mexico's Pacific coast on Saturday, but the powerful storm was expected to creep away from land, officials said.</p>
<p>Ports along Mexico's western coast were on high alert as the Pacific's warm waters strengthened the hurricane, which had sustained winds of 95 mph (150 kph) and gusts of up to 110 mph (175 kph), the National Meteorological Service said.</p>
<p>Guillermo was expected to pick up more strength later in the day, with wind gusts exceeding 120 mph (195 kph) and ocean swells reaching 13 feet (4 metres).</p>
<p>Officials said the storm was edging west, away from land, at 13 mph (20 kmh).</p>
<p>At 11 a.m. EDT (1500 GMT), Guillermo was 410 miles (660 km) south-southwest of the port city and tourist resort of Manzanillo.</p>
<p>At 8 p.m. EDT (midnight GMT), the storm was expected to be 450 miles (725 km) southwest of Manzanillo, officials said.</p>
</text>
<copyright>(c) Reuters Limited 1997</copyright>
<metadata>
<codes class="bip:countries:1.0">
  <code code="MEX">
    <editdetail attribution="Reuters BIP Coding Group" action="confirmed" date="1997-08-02"/>
  </code>
</codes>
<codes class="bip:topics:1.0">
  <code code="GCAT">
    <editdetail attribution="Reuters BIP Coding Group" action="confirmed" date="1997-08-02"/>
  </code>
  <code code="GDIS">
    <editdetail attribution="Reuters BIP Coding Group" action="confirmed" date="1997-08-02"/>
  </code>
  <code code="GENV">
    <editdetail attribution="Reuters BIP Coding Group" action="confirmed" date="1997-08-02"/>
  </code>
</codes>
<dc element="dc.date.created" value="1997-08-02"/>
<dc element="dc.publisher" value="Reuters Holdings Plc"/>
<dc element="dc.date.published" value="1997-08-02"/>
<dc element="dc.source" value="Reuters"/>
<dc element="dc.creator.location" value="MEXICO CITY"/>
<dc element="dc.creator.location.country.name" value="MEXICO"/>
<dc element="dc.source" value="Reuters"/>
</metadata>
</newsitem>
