<?xml version="1.0" encoding="iso-8859-1" ?>
<newsitem itemid="810766" id="root" date="1997-08-02" xml:lang="en">
<title>JAPAN: Tiger kills Japanese couple in safari park.</title>
<headline>Tiger kills Japanese couple in safari park.</headline>
<dateline>TOKYO 1997-08-02</dateline>
<text>
<p>An elderly Japanese couple were mauled to death by a Bengal tiger at a safari park near Tokyo on Saturday, but managed to save their three-month-old grandson who escaped unharmed.</p>
<p>The attack occurred in an area of the Gunma Safari World park, northwest of Tokyo, where tigers roam freely and visitors are told to stay in their vehicles.</p>
<p>The 60-year-old woman defied the warnings and got out of the car carrying the baby, Kyodo news agency reported. When she was attacked, her husband, 64, managed to get the child to safety before being set upon as well.</p>
<p>Both died of their injuries in hospital.</p>
<p>The incident was the worst at the park since 1983, when a lion got onto a tour bus and seriously injured a guide.</p>
</text>
<copyright>(c) Reuters Limited 1997</copyright>
<metadata>
<codes class="bip:countries:1.0">
  <code code="JAP">
    <editdetail attribution="Reuters BIP Coding Group" action="confirmed" date="1997-08-02"/>
  </code>
</codes>
<codes class="bip:topics:1.0">
  <code code="GCAT">
    <editdetail attribution="Reuters BIP Coding Group" action="confirmed" date="1997-08-02"/>
  </code>
</codes>
<dc element="dc.date.created" value="1997-08-02"/>
<dc element="dc.publisher" value="Reuters Holdings Plc"/>
<dc element="dc.date.published" value="1997-08-02"/>
<dc element="dc.source" value="Reuters"/>
<dc element="dc.creator.location" value="TOKYO"/>
<dc element="dc.creator.location.country.name" value="JAPAN"/>
<dc element="dc.source" value="Reuters"/>
</metadata>
</newsitem>
