<?xml version="1.0" encoding="iso-8859-1" ?>
<newsitem itemid="810773" id="root" date="1997-08-02" xml:lang="en">
<title>TAIWAN: Nicaragua president to visit Taiwan from Aug 5.</title>
<headline>Nicaragua president to visit Taiwan from Aug 5.</headline>
<dateline>TAIPEI 1997-08-02</dateline>
<text>
<p>Nicaraguan President Arnoldo Aleman plans to arrive in Taiwan on August 5 for a five-day trip, the foreign ministry said on Saturday.</p>
<p>Nicaragua is one of only 30 countries that recognise Taipei rather than its arch-rival Beijing.</p>
<p>Aleman, whose government recently signed a letter supporting U.N. membership for Taiwan's exiled government, will meet with Taiwan President Lee Teng-hui during his visit to the island, the ministry said.</p>
<p>&quot;(President Aleman) also will meet with various leaders of our government and industries,&quot; Taipei's foreign ministry said in a statement.</p>
<p>On Tuesday Nicaraguan U.N. ambassador Enrique Paguaga Fernandez denounced threats by China against his country's support for Taiwan's membership of the world body.</p>
<p>Beijing took over China's U.N. seat in 1971 when Taiwan, to which the Nationalist Chinese government retreated in 1949 following a civil war, was expelled from the United Nations.</p>
<p>China regards the island as a renegade province and reacts fiercely to any move to recognise or seat Taiwan.</p>
<p>In July Nicaragua and eight other allies of Taiwan signed a letter asking the General Assembly to discuss granting Taiwan U.N. membership during its opening session in September.</p>
<p>China has prevented similar proposals from winning inscription on the U.N. agenda for four consecutive years.</p>
</text>
<copyright>(c) Reuters Limited 1997</copyright>
<metadata>
<codes class="bip:countries:1.0">
  <code code="CHINA">
    <editdetail attribution="Reuters BIP Coding Group" action="confirmed" date="1997-08-02"/>
  </code>
  <code code="NICG">
    <editdetail attribution="Reuters BIP Coding Group" action="confirmed" date="1997-08-02"/>
  </code>
  <code code="TAIWAN">
    <editdetail attribution="Reuters BIP Coding Group" action="confirmed" date="1997-08-02"/>
  </code>
</codes>
<codes class="bip:topics:1.0">
  <code code="GCAT">
    <editdetail attribution="Reuters BIP Coding Group" action="confirmed" date="1997-08-02"/>
  </code>
  <code code="GDIP">
    <editdetail attribution="Reuters BIP Coding Group" action="confirmed" date="1997-08-02"/>
  </code>
</codes>
<dc element="dc.date.created" value="1997-08-02"/>
<dc element="dc.publisher" value="Reuters Holdings Plc"/>
<dc element="dc.date.published" value="1997-08-02"/>
<dc element="dc.source" value="Reuters"/>
<dc element="dc.creator.location" value="TAIPEI"/>
<dc element="dc.creator.location.country.name" value="TAIWAN"/>
<dc element="dc.source" value="Reuters"/>
</metadata>
</newsitem>
