<?xml version="1.0" encoding="iso-8859-1" ?>
<newsitem itemid="810767" id="root" date="1997-08-02" xml:lang="en">
<title>CHINA: Hong Kong drops signal nine as typhoon weakening.</title>
<headline>Hong Kong drops signal nine as typhoon weakening.</headline>
<dateline>HONG KONG 1996-08-03</dateline>
<text>
<p>Weather forecasters in Hong Kong said on Sunday they had lowered the tropical storm signal to eight from nine as Typhoon Victor weakened and moved north across the mainland.</p>
<p>Victor swept across the territory on Saturday, but left behind little serious damage, though one person died and more than 30 were injured.</p>
<p>At 2300 local time (1500 GMT) the tropical cyclone was centred about 50 km (30 miles) north-northwest of Hong Kong and was moving into mainland China at a speed of 22 km an hour (13 mph), the Hong Kong Observatory said.</p>
<p>Signal nine means the winds have a speed of more than 118 km per hour (73 mph).</p>
<p>Nearby Portuguese-ruled Macau had lowered the warning signal from nine to eight, meaning wind speeds from 63 km to 117 km per hour (40 to 73 mph).</p>
<p>However, heavy rains and strong winds would continue to batter the territory of 6.4 million people.</p>
<p>Air, land and sea traffic in both Hong Kong and Macau have ground to a halt.</p>
<p>-- Hong Kong Newsroom (852) 2843 6441</p>
</text>
<copyright>(c) Reuters Limited 1997</copyright>
<metadata>
<codes class="bip:countries:1.0">
  <code code="HKONG">
    <editdetail attribution="Reuters BIP Coding Group" action="confirmed" date="1997-08-02"/>
  </code>
</codes>
<codes class="bip:topics:1.0">
  <code code="GCAT">
    <editdetail attribution="Reuters BIP Coding Group" action="confirmed" date="1997-08-02"/>
  </code>
  <code code="GDIS">
    <editdetail attribution="Reuters BIP Coding Group" action="confirmed" date="1997-08-02"/>
  </code>
  <code code="GENV">
    <editdetail attribution="Reuters BIP Coding Group" action="confirmed" date="1997-08-02"/>
  </code>
</codes>
<dc element="dc.date.created" value="1996-08-03"/>
<dc element="dc.publisher" value="Reuters Holdings Plc"/>
<dc element="dc.date.published" value="1997-08-02"/>
<dc element="dc.source" value="Reuters"/>
<dc element="dc.creator.location" value="HONG KONG"/>
<dc element="dc.creator.location.country.name" value="CHINA"/>
<dc element="dc.source" value="Reuters"/>
</metadata>
</newsitem>
