<?xml version="1.0" encoding="iso-8859-1" ?>
<newsitem itemid="810795" id="root" date="1997-08-02" xml:lang="en">
<title>SOUTH KOREA: Hyundai Eng to buy real estate from Kia.</title>
<headline>Hyundai Eng to buy real estate from Kia.</headline>
<dateline>SEOUL 1997-08-02</dateline>
<text>
<p>Hyundai Engineering and Construction Co has agreed to buy a tract of land valued at about 80 billion won from Kisan Co, a unit of the troubled Kia Group, a Kia Group spokesman said on Saturday.</p>
<p>&quot;The land has been on sale as part of our group's self-rescue measures,&quot; he said. &quot;Kisan had originally planned to build and sell apartments on the land.&quot;</p>
<p>The Kia Group, South Korea's eighth-largest conglomerate, is in financial trouble with some 9.5 trillion won in debts and has said it would sell off part of its affiliates and real estate to raise cash.</p>
<p>Kia's flagship is automaker Kia Motors Corp.</p>
</text>
<copyright>(c) Reuters Limited 1997</copyright>
<metadata>
<codes class="bip:countries:1.0">
  <code code="SKOREA">
    <editdetail attribution="Reuters BIP Coding Group" action="confirmed" date="1997-08-02"/>
  </code>
</codes>
<codes class="bip:industries:1.0">
  <code code="I35101">
    <editdetail attribution="Reuters BIP Coding Group" action="confirmed" date="1997-08-02"/>
  </code>
  <code code="I50000">
    <editdetail attribution="Reuters BIP Coding Group" action="confirmed" date="1997-08-02"/>
  </code>
</codes>
<codes class="bip:topics:1.0">
  <code code="C18">
    <editdetail attribution="Reuters BIP Coding Group" action="confirmed" date="1997-08-02"/>
  </code>
  <code code="C182">
    <editdetail attribution="Reuters BIP Coding Group" action="confirmed" date="1997-08-02"/>
  </code>
  <code code="CCAT">
    <editdetail attribution="Reuters BIP Coding Group" action="confirmed" date="1997-08-02"/>
  </code>
</codes>
<dc element="dc.date.created" value="1997-08-02"/>
<dc element="dc.publisher" value="Reuters Holdings Plc"/>
<dc element="dc.date.published" value="1997-08-02"/>
<dc element="dc.source" value="Reuters"/>
<dc element="dc.creator.location" value="SEOUL"/>
<dc element="dc.creator.location.country.name" value="SOUTH KOREA"/>
<dc element="dc.source" value="Reuters"/>
</metadata>
</newsitem>
