<?xml version="1.0" encoding="iso-8859-1" ?>
<newsitem itemid="810747" id="root" date="1997-08-02" xml:lang="en">
<title>GUATEMALA: Group demands justice for murdered journalists.</title>
<headline>Group demands justice for murdered journalists.</headline>
<byline>Fiona Ortiz</byline>
<dateline>GUATEMALA CITY 1997-08-01</dateline>
<text>
<p>When journalists die violently in Latin America no one seems to care. Corruption and ineptitude block official investigations. The killers and those who gave the orders to kill remain free.</p>
<p>Those were among the conclusions on Friday of the annual conference of the Interamerican Press Association (IAPA) following three days of meetings focusing on the unpunished murders of journalists.</p>
<p>&quot;There is a lack of consistent public outrage. ... We have found that impunity is the rule and not the exception,&quot; IAPA Vice President Oliver Clarke said in a speech at the closing of the conference.</p>
<p>At least 169 journalists were murdered in the Americas in the last seven years, and almost none of the cases have been solved, IAPA said.</p>
<p>Clarke, of the Jamaican newspaper The Daily Gleamer, said violence against journalists had not stopped and may even have increased in countries enjoying new democratic governments.</p>
<p>Publishers from across the hemisphere called on governments to open up closed files and get to the bottom of these deaths.</p>
<p>&quot;We urge that governments complete full investigations of crimes against journalists,&quot; said a document of recommendations drafted at the conference.</p>
<p>Participants in the conference heard wrenching testimony from family members of six journalists killed in Guatemala, Mexico and Colombia.</p>
<p>Marta de Carpio said her husband, Guatemalan politician and newspaperman Jorge Carpio, died in her arms after 30 armed men ambushed them on a country road in July 1993. She said she knows it was a hit because she still remembers one of them yelling, &quot;kill Jorge, kill Carpio.&quot;</p>
<p>But the &quot;police kept insisting it was a common crime,&quot; de Carpio said bitterly.</p>
<p>Eight different judges have passed the case around like a hot potato, files have been lost and false evidence presented and then destroyed, de Carpio said.</p>
<p>Former Nicaraguan President Violeta Chamorro, widow of a slain newspaper editor, was visibly moved as she heard de Carpio's story.</p>
<p>Chamorro was part of a commission of notables, including politicians, judges, media chief and other influential Latin Americans, that listened to the testimony and helped draft recommendations at the conclusion of the conference.</p>
<p>Witnesses also gave testimony on the cases of five other slain journalists: Colombians Guillermo Cano Isaza, murdered in 1986, and Carlos Lajud Catalan, killed in 1993; Guatemalan Irma Flaquer Azurdia, who disappeared in 1980; and Mexicans Hector Felix Miranda, killed in 1988, and Victor Manuel Oropeza, murdered in 1991.</p>
</text>
<copyright>(c) Reuters Limited 1997</copyright>
<metadata>
<codes class="bip:countries:1.0">
  <code code="GUAT">
    <editdetail attribution="Reuters BIP Coding Group" action="confirmed" date="1997-08-02"/>
  </code>
</codes>
<codes class="bip:topics:1.0">
  <code code="GCAT">
    <editdetail attribution="Reuters BIP Coding Group" action="confirmed" date="1997-08-02"/>
  </code>
  <code code="GCRIM">
    <editdetail attribution="Reuters BIP Coding Group" action="confirmed" date="1997-08-02"/>
  </code>
  <code code="GVIO">
    <editdetail attribution="Reuters BIP Coding Group" action="confirmed" date="1997-08-02"/>
  </code>
</codes>
<dc element="dc.date.created" value="1997-08-01"/>
<dc element="dc.publisher" value="Reuters Holdings Plc"/>
<dc element="dc.date.published" value="1997-08-02"/>
<dc element="dc.source" value="Reuters"/>
<dc element="dc.creator.location" value="GUATEMALA CITY"/>
<dc element="dc.creator.location.country.name" value="GUATEMALA"/>
<dc element="dc.source" value="Reuters"/>
</metadata>
</newsitem>
