<?xml version="1.0" encoding="iso-8859-1" ?>
<newsitem itemid="810713" id="root" date="1997-08-02" xml:lang="en">
<title>NIGERIA: Nigerian maverick Afrobeat star Fela dies.</title>
<headline>Nigerian maverick Afrobeat star Fela dies.</headline>
<dateline>LAGOS 1997-08-02</dateline>
<text>
<p>Nigeria's maverick Afrobeat singer Fela Anikulapo-Kuti, who helped to popularise the continent's music across the globe, died on Saturday, national television said.</p>
<p>The television quoted Anikulapo-Kuti's elder brother Olikoye Ransome-Kuti as saying the singer, who won a reputation for smoking cannabis and wearing only his underpants, died at around 4.p.m. (1500 GMT).</p>
<p>Anikulapo-Kuti had been sick for several weeks with an undisclosed illness for which he himself had only recently permitted treatment.</p>
<p>Known to his fans as &quot;Fela&quot;, he rose to both national and international fame with his distinctive Afrobeat music and Bohemian lifestyle.</p>
<p>He was a thorn in the side of many of the military regimes that have dominated Nigeria and was on numerous occasions detained on various charges.</p>
<p>However, in recent years he toned down his anti-military stance, staying mostly at his home in the working class Lagos district of Ikeja and playing only infrequently at his club, known as &quot;The Shrine&quot;.</p>
</text>
<copyright>(c) Reuters Limited 1997</copyright>
<metadata>
<codes class="bip:countries:1.0">
  <code code="NIGEA">
    <editdetail attribution="Reuters BIP Coding Group" action="confirmed" date="1997-08-02"/>
  </code>
</codes>
<codes class="bip:topics:1.0">
  <code code="GCAT">
    <editdetail attribution="Reuters BIP Coding Group" action="confirmed" date="1997-08-02"/>
  </code>
  <code code="GENT">
    <editdetail attribution="Reuters BIP Coding Group" action="confirmed" date="1997-08-02"/>
  </code>
  <code code="GOBIT">
    <editdetail attribution="Reuters BIP Coding Group" action="confirmed" date="1997-08-02"/>
  </code>
  <code code="GPRO">
    <editdetail attribution="Reuters BIP Coding Group" action="confirmed" date="1997-08-02"/>
  </code>
</codes>
<dc element="dc.date.created" value="1997-08-02"/>
<dc element="dc.publisher" value="Reuters Holdings Plc"/>
<dc element="dc.date.published" value="1997-08-02"/>
<dc element="dc.source" value="Reuters"/>
<dc element="dc.creator.location" value="LAGOS"/>
<dc element="dc.creator.location.country.name" value="NIGERIA"/>
<dc element="dc.source" value="Reuters"/>
</metadata>
</newsitem>
