<?xml version="1.0" encoding="iso-8859-1" ?>
<newsitem itemid="810769" id="root" date="1997-08-02" xml:lang="en">
<title>JAPAN: Tiger kills woman, mauls husband at Japan park.</title>
<headline>Tiger kills woman, mauls husband at Japan park.</headline>
<dateline>TOKYO 1997-08-02</dateline>
<text>
<p>A Japanese woman was killed and her husband seriously hurt on Saturday when a Bengal tiger attacked the couple as they toured a safari park north of Tokyo, police said.</p>
<p>Hanako Terayama, 60, was attacked first by the tiger, who then turned on her 64-year-old husband, Tokuji, when he tried to help her, police said.</p>
<p>The woman, who was bitten over much of her body and died shortly after being taken to hospital, had left the vehicle she was riding as she toured the Gumma Safari World park in Tomioka, about 100 km (60 miles) north of Tokyo.</p>
</text>
<copyright>(c) Reuters Limited 1997</copyright>
<metadata>
<codes class="bip:countries:1.0">
  <code code="JAP">
    <editdetail attribution="Reuters BIP Coding Group" action="confirmed" date="1997-08-02"/>
  </code>
</codes>
<codes class="bip:topics:1.0">
  <code code="GCAT">
    <editdetail attribution="Reuters BIP Coding Group" action="confirmed" date="1997-08-02"/>
  </code>
</codes>
<dc element="dc.date.created" value="1997-08-02"/>
<dc element="dc.publisher" value="Reuters Holdings Plc"/>
<dc element="dc.date.published" value="1997-08-02"/>
<dc element="dc.source" value="Reuters"/>
<dc element="dc.creator.location" value="TOKYO"/>
<dc element="dc.creator.location.country.name" value="JAPAN"/>
<dc element="dc.source" value="Reuters"/>
</metadata>
</newsitem>
