<?xml version="1.0" encoding="iso-8859-1" ?>
<newsitem itemid="810794" id="root" date="1997-08-02" xml:lang="en">
<title>CHINA: China plans development of large Tibet copper mine.</title>
<headline>China plans development of large Tibet copper mine.</headline>
<dateline>BEIJING 1997-08-02</dateline>
<text>
<p>China plans to develop a mine in Tibet to exploit reserves of 7.14 million tonnes of copper, the Xinhua news agency said.</p>
<p>Tibet authorities would invest 1.2 billion yuan ($l44 million) to develop the first stage of the mine, intended to allow extraction of 500,000 tonnes of copper, the news agency said in an overnight report.</p>
<p>It quoted experts as saying development of the copper reserves, located at an altitude of around 5,000 metres in eastern Tibet's Changdu prefecture, would help alleviate China's copper shortage.</p>
<p>The mine would also become a pillar of the Tibetan economy, it said but gave no further details.</p>
<p>-- Beijing Newsroom (8610) 6532 1921</p>
</text>
<copyright>(c) Reuters Limited 1997</copyright>
<metadata>
<codes class="bip:countries:1.0">
  <code code="CHINA">
    <editdetail attribution="Reuters BIP Coding Group" action="confirmed" date="1997-08-02"/>
  </code>
</codes>
<codes class="bip:industries:1.0">
  <code code="I22460">
    <editdetail attribution="Reuters BIP Coding Group" action="confirmed" date="1997-08-02"/>
  </code>
</codes>
<codes class="bip:topics:1.0">
  <code code="C24">
    <editdetail attribution="Reuters BIP Coding Group" action="confirmed" date="1997-08-02"/>
  </code>
  <code code="CCAT">
    <editdetail attribution="Reuters BIP Coding Group" action="confirmed" date="1997-08-02"/>
  </code>
</codes>
<dc element="dc.date.created" value="1997-08-02"/>
<dc element="dc.publisher" value="Reuters Holdings Plc"/>
<dc element="dc.date.published" value="1997-08-02"/>
<dc element="dc.source" value="Reuters"/>
<dc element="dc.creator.location" value="BEIJING"/>
<dc element="dc.creator.location.country.name" value="CHINA"/>
<dc element="dc.source" value="Reuters"/>
</metadata>
</newsitem>
