<?xml version="1.0" encoding="iso-8859-1" ?>
<newsitem itemid="810787" id="root" date="1997-08-02" xml:lang="en">
<title>SOUTH KOREA: Hanil Bank to offer loan to Jinro unit.</title>
<headline>Hanil Bank to offer loan to Jinro unit.</headline>
<dateline>SEOUL 1997-08-02</dateline>
<text>
<p>Hanil Bank said on Saturday it had decided to offer five billion won in emergency loans to Jinro General Foods Co, a unit of the Jinro Group.</p>
<p>The decision came after the group's chairman Chang Jin-ho, who is the largest shareholder in the food maker, promised to let creditor banks sell off his stake, a Hanil spokesman said.</p>
<p>He said Chang and his family currently had a combined stake of 14 percent in Jinro General Foods.</p>
<p>The Jinro Group has been in financial trouble and was selected for bail-out in April by creditor banks.</p>
<p>-- Seoul Newsroom (822) 727 5646</p>
</text>
<copyright>(c) Reuters Limited 1997</copyright>
<metadata>
<codes class="bip:countries:1.0">
  <code code="SKOREA">
    <editdetail attribution="Reuters BIP Coding Group" action="confirmed" date="1997-08-02"/>
  </code>
</codes>
<codes class="bip:industries:1.0">
  <code code="I42800">
    <editdetail attribution="Reuters BIP Coding Group" action="confirmed" date="1997-08-02"/>
  </code>
</codes>
<codes class="bip:topics:1.0">
  <code code="C17">
    <editdetail attribution="Reuters BIP Coding Group" action="confirmed" date="1997-08-02"/>
  </code>
  <code code="C173">
    <editdetail attribution="Reuters BIP Coding Group" action="confirmed" date="1997-08-02"/>
  </code>
  <code code="CCAT">
    <editdetail attribution="Reuters BIP Coding Group" action="confirmed" date="1997-08-02"/>
  </code>
</codes>
<dc element="dc.date.created" value="1997-08-02"/>
<dc element="dc.publisher" value="Reuters Holdings Plc"/>
<dc element="dc.date.published" value="1997-08-02"/>
<dc element="dc.source" value="Reuters"/>
<dc element="dc.creator.location" value="SEOUL"/>
<dc element="dc.creator.location.country.name" value="SOUTH KOREA"/>
<dc element="dc.source" value="Reuters"/>
</metadata>
</newsitem>
