<?xml version="1.0" encoding="iso-8859-1" ?>
<newsitem itemid="810765" id="root" date="1997-08-02" xml:lang="en">
<title>CHINA: Hong Kong set to be hit head-on by tropical storm.</title>
<headline>Hong Kong set to be hit head-on by tropical storm.</headline>
<byline>Dominic Lau</byline>
<dateline>HONG KONG 1997-08-02</dateline>
<text>
<p>A typhoon bore down on Hong Kong on Saturday, threatening to be the worst for years, severely disrupting air traffic and shipping and forcing emergency measures.</p>
<p>The territory's 6.4 million people rushed supermarkets to stock up as rain pelted down or scurried for cover and battened down hatches for a long stay indoors. Roads were clogged as workers headed home.</p>
<p>Nearby Portuguese-ruled Macau also braced for Typhoon Victor to hit, after it had caused disruption to air and sea traffic.</p>
<p>The Hong Kong Observatory hoisted typhoon warning signal eight at noon (0400 GMT), which means that winds with speeds of 63 to 117 km an hour (40 to 74 mph) are expected. Macau issued the same warning signal an hour earlier.</p>
<p>Hong Kong said a higher tropical cyclone warning signal may have to be hoisted later and a spokesman at the observatory said it was possible that Victor would make a direct hit on Hong Kong.</p>
<p>At 4 p.m. (0800 GMT) the storm was centred about 120 km (70 miles) south of Hong Kong and forecast to move north at about 18 km per hour (11 mph) towards the Pearl River estuary, the observatory said.</p>
<p>Victor was expected to make landfall near the estuary later this evening. Hong Kong is located at the far eastern edge of the estuary, while Macau is located at the western edge.</p>
<p>Victor, threatening to come closest to Hong Kong of any typhoon in recent years, forced 83 flights leaving or arriving in Hong Kong to be diverted, delayed or cancelled, a spokesman for Hong Kong's Civil Aviation Department told Reuters.</p>
<p>Ferry services to outlying islands and to Macau were cancelled because of the bad weather. Macau's small international airport was shut due to the bad weather.</p>
<p>Hong Kong's TVB news said minor flooding occurred in some areas of Macau.</p>
<p>The Hong Kong government urged people to take precautions, board up windows and doors and advised workers to go home. Schools were closed and government employees sent home.</p>
</text>
<copyright>(c) Reuters Limited 1997</copyright>
<metadata>
<codes class="bip:countries:1.0">
  <code code="HKONG">
    <editdetail attribution="Reuters BIP Coding Group" action="confirmed" date="1997-08-02"/>
  </code>
  <code code="MACAO">
    <editdetail attribution="Reuters BIP Coding Group" action="confirmed" date="1997-08-02"/>
  </code>
</codes>
<codes class="bip:topics:1.0">
  <code code="GCAT">
    <editdetail attribution="Reuters BIP Coding Group" action="confirmed" date="1997-08-02"/>
  </code>
  <code code="GDIS">
    <editdetail attribution="Reuters BIP Coding Group" action="confirmed" date="1997-08-02"/>
  </code>
  <code code="GWEA">
    <editdetail attribution="Reuters BIP Coding Group" action="confirmed" date="1997-08-02"/>
  </code>
</codes>
<dc element="dc.date.created" value="1997-08-02"/>
<dc element="dc.publisher" value="Reuters Holdings Plc"/>
<dc element="dc.date.published" value="1997-08-02"/>
<dc element="dc.source" value="Reuters"/>
<dc element="dc.creator.location" value="HONG KONG"/>
<dc element="dc.creator.location.country.name" value="CHINA"/>
<dc element="dc.source" value="Reuters"/>
</metadata>
</newsitem>
