<?xml version="1.0" encoding="iso-8859-1" ?>
<newsitem itemid="810819" id="root" date="1997-08-02" xml:lang="en">
<title>EGYPT: Arafat says Clinton must intervene to save peace.</title>
<headline>Arafat says Clinton must intervene to save peace.</headline>
<dateline>CAIRO 1997-08-02</dateline>
<text>
<p>Palestinian President Yasser Arafat said on Saturday U.S. President Bill Clinton must intervene to save the Middle East peace process, put in jeopardy by a double suicide bombing in west Jerusalem.</p>
<p>&quot;The intervention of the American president is necessary in the current circumstances more than other time before and the only way out of this crisis that the peace process is going through is for the Israeli side to believe in the importance of peace,&quot; Arafat told reporters after meeting Egyptian President Hosni Mubarak.</p>
</text>
<copyright>(c) Reuters Limited 1997</copyright>
<metadata>
<codes class="bip:countries:1.0">
  <code code="EGYPT">
    <editdetail attribution="Reuters BIP Coding Group" action="confirmed" date="1997-08-02"/>
  </code>
  <code code="ISRAEL">
    <editdetail attribution="Reuters BIP Coding Group" action="confirmed" date="1997-08-02"/>
  </code>
  <code code="USA">
    <editdetail attribution="Reuters BIP Coding Group" action="confirmed" date="1997-08-02"/>
  </code>
</codes>
<codes class="bip:topics:1.0">
  <code code="GCAT">
    <editdetail attribution="Reuters BIP Coding Group" action="confirmed" date="1997-08-02"/>
  </code>
  <code code="GDIP">
    <editdetail attribution="Reuters BIP Coding Group" action="confirmed" date="1997-08-02"/>
  </code>
</codes>
<dc element="dc.date.created" value="1997-08-02"/>
<dc element="dc.publisher" value="Reuters Holdings Plc"/>
<dc element="dc.date.published" value="1997-08-02"/>
<dc element="dc.source" value="Reuters"/>
<dc element="dc.creator.location" value="CAIRO"/>
<dc element="dc.creator.location.country.name" value="EGYPT"/>
<dc element="dc.source" value="Reuters"/>
</metadata>
</newsitem>
