<?xml version="1.0" encoding="iso-8859-1" ?>
<newsitem itemid="810833" id="root" date="1997-08-02" xml:lang="en">
<title>TURKEY: Bomb blast kills six, hurts 50 in southeast Turkey.</title>
<headline>Bomb blast kills six, hurts 50 in southeast Turkey.</headline>
<dateline>DIYARBAKIR, Turkey 1997-08-02</dateline>
<text>
<p>A powerful bomb blast at a wedding party killed at least six civilians and wounded 50, many of them woman and children, in southeast Turkey, officials said on Saturday.</p>
<p>They said a group of attackers, whom they had not identified yet, might have thrown the bomb at the dancing crowd in a district of the Cizre town, near the Iraqi border, on Friday night.  </p>
<p>Witnesses said village guards, members of a government-paid militia against the rebel Kurdistan Workers Party (PKK), shot in the air to seek help from security forces after the explosion.</p>
<p>One security official at the diyarbakir hospital said: &quot;So far there are six people killed and 50 people wounded.&quot;</p>
<p>&quot;The explosion occurred while some people were dancing and others watching them. The PKK might have done it because we are village guards,&quot; Idris Idim, a wounded guard taken to a hospital in Diyarbakir, told Reuters.</p>
<p>Idim said the wedding belonged to the Kulanc family, many of whose men became village guards during the 12-year-old fight against the PKK's war for independence or autonomy in southeast Turkey in which more than 26,000 people have died.</p>
</text>
<copyright>(c) Reuters Limited 1997</copyright>
<metadata>
<codes class="bip:countries:1.0">
  <code code="IRAQ">
    <editdetail attribution="Reuters BIP Coding Group" action="confirmed" date="1997-08-02"/>
  </code>
  <code code="TURK">
    <editdetail attribution="Reuters BIP Coding Group" action="confirmed" date="1997-08-02"/>
  </code>
</codes>
<codes class="bip:topics:1.0">
  <code code="GCAT">
    <editdetail attribution="Reuters BIP Coding Group" action="confirmed" date="1997-08-02"/>
  </code>
  <code code="GDIS">
    <editdetail attribution="Reuters BIP Coding Group" action="confirmed" date="1997-08-02"/>
  </code>
  <code code="GVIO">
    <editdetail attribution="Reuters BIP Coding Group" action="confirmed" date="1997-08-02"/>
  </code>
</codes>
<dc element="dc.date.created" value="1997-08-02"/>
<dc element="dc.publisher" value="Reuters Holdings Plc"/>
<dc element="dc.date.published" value="1997-08-02"/>
<dc element="dc.source" value="Reuters"/>
<dc element="dc.creator.location" value="DIYARBAKIR, Turkey"/>
<dc element="dc.creator.location.country.name" value="TURKEY"/>
<dc element="dc.source" value="Reuters"/>
</metadata>
</newsitem>
