<?xml version="1.0" encoding="iso-8859-1" ?>
<newsitem itemid="810801" id="root" date="1997-08-02" xml:lang="en">
<title>ISRAEL: Arafat to hold off cabinet reshuffle.</title>
<headline>Arafat to hold off cabinet reshuffle.</headline>
<byline>Amy Michaels</byline>
<dateline>JERUSALEM 1997-08-02</dateline>
<text>
<p>Palestinian President Yasser Arafat made clear on Saturday that he would not take immediate action on an offer by most of his ministers to resign.</p>
<p>&quot;This is still (a) long period (away),&quot; Arafat said in English when asked if he would act on an offer by 16 of his 18 ministers to quit over allegations by legislators of corruption and mismanagement in the Palestinian Authority.</p>
<p>He spoke in Gaza on his return from Egypt where he had talks with President Hosni Mubarak about the grave crisis in the peace process with Israel following a double suicide bombing in Jerusalem on Wednesday.</p>
<p>The twin blasts killed 15 people, including the two attackers, prompting Israel to suspend peace contacts and initiate a security clampdown.</p>
<p>Cabinet ministers also said Arafat would not carry out a reshuffle soon despite the offer, made at a cabinet meeting on Friday night in the West Bank town of Ramallah.</p>
<p>&quot;The President desires to postpone the issue for the time being because of the very difficult circumstances in the political process,&quot; Telecommunications Minister Imad al-Falouji told Reuters.</p>
<p>Information Minister Yasser Abed Rabbo, a close confidant of Arafat and one of the two ministers not to offer to resign, said the move by his colleagues was &quot;meaningless&quot;.</p>
<p>&quot;The people will discover soon that the ministers' move was meaningless, therefore I refuse to participate in theatrical steps of that kind,&quot; Abed Rabbo told Reuters.</p>
<p>Arafat has previously indicated that he is prepared to reshuffle his cabinet but Transport Minister Ali al-Qawasmeh said on Friday he doubted the Palestinian leader would act now.</p>
<p>&quot;No resignation at this time...we must be united together in front of the Israeli measures,&quot; Qawasmeh, told Reuters on Friday night.</p>
<p>The Palestinian Legislative Council gave Arafat one month on Thursday to dissolve his cabinet, voting 56-1 that he appoint a new team of &quot;qualified and experienced ministers&quot;.</p>
<p>Their overwhelming vote, which is non-binding, followed a report from a panel of nine legislators detailing instances of alleged corruption and squandering of funds.</p>
<p>Planning Minister Nabil Shaath, who was not at Friday's cabinet meting, also did not offer to resign. The legislators' panel this week recommended putting Shaath and Civilian Affairs Minister Jamil al-Tarifi on trial on suspicion of corruption and misuse of funds. Both men have denied any wrongdoing.</p>
<p>Evidence of apparent corruption and mismanagement by ministers and officials in the Palestinian Authority has deepened resentment and frustration among ordinary Palestinians coping with economic hardship.</p>
<p>It has embarrassed Arafat with international donors, including the European Union and the United States, who have disbursed $1.5 billion in aid since the PLO's interim peace deals with Israel in 1993.</p>
</text>
<copyright>(c) Reuters Limited 1997</copyright>
<metadata>
<codes class="bip:countries:1.0">
  <code code="ISRAEL">
    <editdetail attribution="Reuters BIP Coding Group" action="confirmed" date="1997-08-02"/>
  </code>
</codes>
<codes class="bip:topics:1.0">
  <code code="GCAT">
    <editdetail attribution="Reuters BIP Coding Group" action="confirmed" date="1997-08-02"/>
  </code>
  <code code="GCRIM">
    <editdetail attribution="Reuters BIP Coding Group" action="confirmed" date="1997-08-02"/>
  </code>
  <code code="GPOL">
    <editdetail attribution="Reuters BIP Coding Group" action="confirmed" date="1997-08-02"/>
  </code>
</codes>
<dc element="dc.date.created" value="1997-08-02"/>
<dc element="dc.publisher" value="Reuters Holdings Plc"/>
<dc element="dc.date.published" value="1997-08-02"/>
<dc element="dc.source" value="Reuters"/>
<dc element="dc.creator.location" value="JERUSALEM"/>
<dc element="dc.creator.location.country.name" value="ISRAEL"/>
<dc element="dc.source" value="Reuters"/>
</metadata>
</newsitem>
