<?xml version="1.0" encoding="iso-8859-1" ?>
<newsitem itemid="810809" id="root" date="1997-08-02" xml:lang="en">
<title>IRAN: Iran, Iraq to swap remains of soldiers.</title>
<headline>Iran, Iraq to swap remains of soldiers.</headline>
<dateline>TEHRAN 1997-08-02</dateline>
<text>
<p>Iraq and Iran will swap the remains of soldiers killed during their 1980-1988 Gulf War, the official Iranian news agency IRNA said on Saturday.</p>
<p>IRNA said the exchange would take place at Shalamcheh border post on Monday. It did not say the remains of how many soldiers the two countries were to swap.</p>
<p>The countries have exchanged remains of many of their soldiers in the past and repatriated tens of thousands of prisoners of war.</p>
<p>But they have not yet solved all issues relating to the missing in action and the POWs, a dispute still hindering normalisation of ties between the former foes.</p>
<p>Iran has said 5,000 to 10,000 prisoners are held by Iraq. Baghdad denies holding any Iranian and says more than 20,000 Iraqis are still held by Iran.</p>
</text>
<copyright>(c) Reuters Limited 1997</copyright>
<metadata>
<codes class="bip:countries:1.0">
  <code code="IRAN">
    <editdetail attribution="Reuters BIP Coding Group" action="confirmed" date="1997-08-02"/>
  </code>
  <code code="IRAQ">
    <editdetail attribution="Reuters BIP Coding Group" action="confirmed" date="1997-08-02"/>
  </code>
</codes>
<codes class="bip:topics:1.0">
  <code code="GCAT">
    <editdetail attribution="Reuters BIP Coding Group" action="confirmed" date="1997-08-02"/>
  </code>
  <code code="GDIP">
    <editdetail attribution="Reuters BIP Coding Group" action="confirmed" date="1997-08-02"/>
  </code>
  <code code="GVIO">
    <editdetail attribution="Reuters BIP Coding Group" action="confirmed" date="1997-08-02"/>
  </code>
</codes>
<dc element="dc.date.created" value="1997-08-02"/>
<dc element="dc.publisher" value="Reuters Holdings Plc"/>
<dc element="dc.date.published" value="1997-08-02"/>
<dc element="dc.source" value="Reuters"/>
<dc element="dc.creator.location" value="TEHRAN"/>
<dc element="dc.creator.location.country.name" value="IRAN"/>
<dc element="dc.source" value="Reuters"/>
</metadata>
</newsitem>
