<?xml version="1.0" encoding="iso-8859-1" ?>
<newsitem itemid="810800" id="root" date="1997-08-02" xml:lang="en">
<title>ISRAEL: Israel orders additional security boost.</title>
<headline>Israel orders additional security boost.</headline>
<dateline>JERUSALEM 1997-08-02</dateline>
<text>
<p>Israel said on Saturday it was further increasing security in its towns and cities and along lines bordering the West Bank and Gaza Strip after Wednesday's twin suicide bombing in Jerusalem.</p>
<p>Police spokeswoman Linda Menuhin said the decision to step up security, already boosted following the fatal bombings, had been taken by Public Security Minister Avigdor Kahalani and police chief Assaf Hefetz.</p>
<p>The Islamic militant bombers killed 13 other people when they blew themselves up in Jerusalem's main Jewish market on Wednesday in the worst attack in Israel for more than a year.</p>
<p>&quot;After consultation, Mr Kahalani and the police commissioner decided to reinforce police forces in crowded areas all over the country,&quot; Menuhin said.</p>
<p>More checkpoints would be set up and activities by Israeli civil guards boosted &quot;in order to foster security&quot;.</p>
<p>Kahalani and Hefetz had also ordered more forces to lines along the West Bank and Gaza Strip, which Israel closed off on Wednesday when it barred Palestinians from entering its territory.</p>
<p>They had also urged Israelis to be more alert to potential threats, Menuhin said.</p>
<p>It was not immediately clear whether the step was taken in response to a demand for the release of all Palestinian prisoners by Sunday night made in a leaflet that claimed the attack on Wednesday.</p>
<p>The leaflet was issued in the name of the militant Islamic movement Hamas and set a nine p.m. (1800 GMT) deadline on Sunday for the demand to be met without saying what would happen if Israel failed to act.</p>
<p>Israeli officials say they are not certain it is authentic. A second Hamas leaflet issued on Friday praised the suicide bombers but did not repeat the responsibility claim or the ultimatum.</p>
<p>Islamic militants opposed to Israel's existence and the PLO's interim peace deals with the Jewish state have in the past carried out suicide bombings in waves.</p>
<p>Wednesday's twin blasts were the first since a suicide bombing in March and the deadliest since 57 people were killed in a series of similar attacks in February and March 1996.</p>
</text>
<copyright>(c) Reuters Limited 1997</copyright>
<metadata>
<codes class="bip:countries:1.0">
  <code code="ISRAEL">
    <editdetail attribution="Reuters BIP Coding Group" action="confirmed" date="1997-08-02"/>
  </code>
</codes>
<codes class="bip:topics:1.0">
  <code code="GCAT">
    <editdetail attribution="Reuters BIP Coding Group" action="confirmed" date="1997-08-02"/>
  </code>
  <code code="GVIO">
    <editdetail attribution="Reuters BIP Coding Group" action="confirmed" date="1997-08-02"/>
  </code>
</codes>
<dc element="dc.date.created" value="1997-08-02"/>
<dc element="dc.publisher" value="Reuters Holdings Plc"/>
<dc element="dc.date.published" value="1997-08-02"/>
<dc element="dc.source" value="Reuters"/>
<dc element="dc.creator.location" value="JERUSALEM"/>
<dc element="dc.creator.location.country.name" value="ISRAEL"/>
<dc element="dc.source" value="Reuters"/>
</metadata>
</newsitem>
