<?xml version="1.0" encoding="iso-8859-1" ?>
<newsitem itemid="810842" id="root" date="1997-08-02" xml:lang="en">
<title>USA: U.S. House Democratic leader Gephardt tours Iowa.</title>
<headline>U.S. House Democratic leader Gephardt tours Iowa.</headline>
<dateline>MARION, Iowa 1997-08-02</dateline>
<text>
<p>House Democratic leader Richard Gephardt Saturday toured Iowa, the scene of an early victory in his fizzled 1988 presidential bid, but sidestepped questions about his intentions for 2000.</p>
<p>The minority leader was helping state Democrats raise money, meeting with the media and encouraging a local Democrat who is planning to run for the U.S. House of Representatives.</p>
<p>Gephardt's trip came one month after Vice President Al Gore toured the state to make clear he intended to campaign hard to win Iowa's caucuses in 2000. The caucuses backed Gephardt in 1988, but his campaign later ran out of money and he stopped seeking the Democratic presidential nomination.</p>
<p>Gephardt publicly evaded questions about current presidential aspirations, giving reporters the same answer he gave during a springtime visit to Iowa.</p>
<p>&quot;I'm interested in one thing -- representing a half million people in Missouri ... and on trying to bring back the right values and the right policies to the House of Representatives by winning a majority in the House in 1998,&quot; he said.</p>
<p>One of Gephardt's events was staged on Peter Thurman's farm just outside of Marion. Thurman supported Gephardt's 1988 presidential bid and said he was leaning toward him over Gore.</p>
<p>Gephardt used a cornfield news conference to blast Republican-led efforts to scuttle federal tax breaks for corn-based ethanol fuel. Ethanol's tax advantages are set to expire in three years.</p>
<p>&quot;Ethanol equals jobs, equals a strong economy in the Midwest,&quot; Gephardt said.</p>
<p>The Senate has endorsed extending the tax advantages to 2007. The budget agreement President Clinton intends to sign Tuesday does not contain anything about the issue.</p>
</text>
<copyright>(c) Reuters Limited 1997</copyright>
<metadata>
<codes class="bip:countries:1.0">
  <code code="USA">
    <editdetail attribution="Reuters BIP Coding Group" action="confirmed" date="1997-08-02"/>
  </code>
</codes>
<codes class="bip:topics:1.0">
  <code code="GCAT">
    <editdetail attribution="Reuters BIP Coding Group" action="confirmed" date="1997-08-02"/>
  </code>
  <code code="GPOL">
    <editdetail attribution="Reuters BIP Coding Group" action="confirmed" date="1997-08-02"/>
  </code>
</codes>
<dc element="dc.date.created" value="1997-08-02"/>
<dc element="dc.publisher" value="Reuters Holdings Plc"/>
<dc element="dc.date.published" value="1997-08-02"/>
<dc element="dc.source" value="Reuters"/>
<dc element="dc.creator.location" value="MARION, Iowa"/>
<dc element="dc.creator.location.country.name" value="USA"/>
<dc element="dc.source" value="Reuters"/>
</metadata>
</newsitem>
