<?xml version="1.0" encoding="iso-8859-1" ?>
<newsitem itemid="810829" id="root" date="1997-08-02" xml:lang="en">
<title>LEBANON: Amnesty concerned over Lebanese journalist.</title>
<headline>Amnesty concerned over Lebanese journalist.</headline>
<dateline>BEIRUT 1997-08-02</dateline>
<text>
<p>The human rights group Amnesty International has expressed concern over a Lebanese television journalist who was detained by Israeli forces in south Lebanon last month.</p>
<p>In a press statement late on Friday, the London-based group said it was concerned about the well-being of Roger Nahra who was arrested along with his two brothers and their cousin and reportedly taken to Israel.</p>
<p>&quot;Amnesty International is concerned about the well-being of the four men and fears that they may be in danger of ill-treatment, torture and prolonged detention without charge or trial,&quot; the statement said.</p>
<p>&quot;Despite Amnesty International's requests for information from the Israeli government, to determine their whereabouts, the location of their detention remains unknown,&quot; it added.</p>
<p>Nahra is a cameraman for Lebanon's MTV private television network. Gabriel al-Murr, the brother of Lebanese Interior Minister Michel al-Murr, is a major shareholder in MTV.</p>
<p>Israel holds a 15-km (nine-mile)-wide border zone in south Lebanon. Pro-Iranian Hizbollah (Party of God) guerrillas regularly attack Israeli troops and their local militia allies in the zone.</p>
</text>
<copyright>(c) Reuters Limited 1997</copyright>
<metadata>
<codes class="bip:countries:1.0">
  <code code="ISRAEL">
    <editdetail attribution="Reuters BIP Coding Group" action="confirmed" date="1997-08-02"/>
  </code>
  <code code="LEBAN">
    <editdetail attribution="Reuters BIP Coding Group" action="confirmed" date="1997-08-02"/>
  </code>
</codes>
<codes class="bip:topics:1.0">
  <code code="GCAT">
    <editdetail attribution="Reuters BIP Coding Group" action="confirmed" date="1997-08-02"/>
  </code>
  <code code="GPOL">
    <editdetail attribution="Reuters BIP Coding Group" action="confirmed" date="1997-08-02"/>
  </code>
  <code code="GVIO">
    <editdetail attribution="Reuters BIP Coding Group" action="confirmed" date="1997-08-02"/>
  </code>
</codes>
<dc element="dc.date.created" value="1997-08-02"/>
<dc element="dc.publisher" value="Reuters Holdings Plc"/>
<dc element="dc.date.published" value="1997-08-02"/>
<dc element="dc.source" value="Reuters"/>
<dc element="dc.creator.location" value="BEIRUT"/>
<dc element="dc.creator.location.country.name" value="LEBANON"/>
<dc element="dc.source" value="Reuters"/>
</metadata>
</newsitem>
