<?xml version="1.0" encoding="iso-8859-1" ?>
<newsitem itemid="810894" id="root" date="1997-08-02" xml:lang="en">
<title>SRI LANKA: Sri Lanka latest battle casualties seen over 200.</title>
<headline>Sri Lanka latest battle casualties seen over 200.</headline>
<byline>Rahul Sharma</byline>
<dateline>COLOMBO 1997-08-02</dateline>
<text>
<p>More than 100 Tamil Tiger rebels were killed when the guerrillas attacked government troops in Sri Lanka's northern Wanni region, a Defence Ministry spokesman said on Saturday.</p>
<p>He said the Liberation Tigers of Tamil Eelam (LTTE) rebels attacked the military's defensive positions near Omanthai, just north of the government-held town of Vavuniya, which lies some 220 km (135 miles) north of the capital Colombo.</p>
<p>&quot;One hundred LTTE bodies have been recovered and we believe their dead and wounded should be 200,&quot; he told Reuters.</p>
<p>The spokesman said four soldiers and 10 policemen were also killed in the attack and 30 were wounded.</p>
<p>The military, which launched a major offensive in May, is battling rebels in the Wanni to open a strategic highway linking the northern Jaffna peninsula with the rest of the island.</p>
<p>The military officials said defences guarded by police and the navy had been breached but troops had linked up again after repulsing Friday's attack.</p>
<p>A Defence Ministry statement said a large number of rebels used mortars and other arms to launch seven assaults on the troops and the confrontation continued into the early hours of Saturday.</p>
<p>&quot;All these assaults were very effectively repulsed,&quot; the statement said, adding that Mi24 helicopters and (air force) Kfir jets caused further casualties to the fleeing rebels.</p>
<p>The Defence Ministry spokesman said clearing operations in the affected area were taking place and more bodies were likely to be recovered.</p>
<p>Residents in Vavuniya said some of the wounded had been brought to the hospital there before being sent to Anuradhapura military base, some 50 km (31 miles) further south. An undisclosed number of wounded had also been airlifted to Anuradhapura, they said.</p>
<p>Residents said troops had shelled the affected area through the night and well into Saturday morning.</p>
<p>Military officials in the north said the LTTE launched the attack around 10.30 p.m. (1630 GMT Friday) and fighting continued through most of the night.</p>
<p>There was no immediate statement from the LTTE on the latest battle.</p>
<p>The military's northward offensive has slowed since the LTTE launched two fierce counterattacks in June but the fighting has shown signs of escalating this week.</p>
<p>Sri Lanka's Defence Ministry said on Friday that troops had clashed with a large number of LTTE rebels southwest of Nedunkeni town on Thursday.</p>
<p>At least 50 guerrillas and 17 troops, including one officer, was killed in the gunbattle. Troops had called in helicopter gunships to engage the rebels, who fled northwards with their wounded, the statement said.</p>
<p>&quot;Sri Lanka forces backed by heavy artillery and moving in battle-tanks and armoured vehicles had attempted a sudden push towards their goal of Puliyankulam, but LTTE forces hit back decisively,&quot; an LTTE statement said.</p>
<p>The statement did not say how many LTTE fighters had been killed or wounded in the battle.</p>
<p>The LTTE have been fighting for a separate homeland for minority Tamils in Sri Lanka's north and east since 1983.</p>
<p>The government says more than 50,000 people have been killed in the war. The LTTE say the toll is higher.</p>
</text>
<copyright>(c) Reuters Limited 1997</copyright>
<metadata>
<codes class="bip:countries:1.0">
  <code code="SRILAN">
    <editdetail attribution="Reuters BIP Coding Group" action="confirmed" date="1997-08-02"/>
  </code>
</codes>
<codes class="bip:topics:1.0">
  <code code="GCAT">
    <editdetail attribution="Reuters BIP Coding Group" action="confirmed" date="1997-08-02"/>
  </code>
  <code code="GVIO">
    <editdetail attribution="Reuters BIP Coding Group" action="confirmed" date="1997-08-02"/>
  </code>
</codes>
<dc element="dc.date.created" value="1997-08-02"/>
<dc element="dc.publisher" value="Reuters Holdings Plc"/>
<dc element="dc.date.published" value="1997-08-02"/>
<dc element="dc.source" value="Reuters"/>
<dc element="dc.creator.location" value="COLOMBO"/>
<dc element="dc.creator.location.country.name" value="SRI LANKA"/>
<dc element="dc.source" value="Reuters"/>
</metadata>
</newsitem>
