<?xml version="1.0" encoding="iso-8859-1" ?>
<newsitem itemid="810849" id="root" date="1997-08-02" xml:lang="en">
<title>USA: Majority of Americans say tax cuts &quot;unfair&quot;.</title>
<headline>Majority of Americans say tax cuts &quot;unfair&quot;.</headline>
<dateline>NEW YORK 1997-08-02</dateline>
<text>
<p>Tax cuts in the budget agreement passed by Congress Thursday are &quot;unfair&quot; because they mostly benefit the rich, according to 58 percent of Americans surveyed by Time Magazine and CNN.</p>
<p>The results of the survey, released Saturday, showed only 27 percent viewed the cuts as &quot;fair&quot; to all Americans.</p>
<p>Few believe the agreement will benefit them personally, with only 29 percent seeing personal gains compared with 58 percent who did not consider they would benefit.</p>
<p>A majority of Americans doubt the claims by Congress and the White House that the new tax deal will produce a balanced budget by 2002.</p>
<p>The CNN/Time poll showed only 40 percent thought it &quot;very or somewhat likely&quot; that the deal would result in a balanced budget against 62 percent who said it was &quot;somewhat or very unlikely.&quot;</p>
<p>After months of tough negotiations and heated rhetoric, Congress overwhelmingly approved legislation Thursday on a five-year spending and tax pact supposed to balance the budget by 2002.</p>
<p>The legislation, still to be signed by President Clinton, would provide a $500-per-child credit, cut the capital gains rate and provide breaks for higher education.</p>
<p>It also reduces Medicare by about $115 billion over five years, largely by cutting payments to hospitals, managed care and other health providers.</p>
<p>Americans with more money were more in favour of the agreement. Though 61 percent favours the agreement (24 percent are opposed), more of those who earn $50,000-plus are in favour (65 percent) than those who earn under $20,000 (55 percent).</p>
<p>More Americans believe Clinton and the Republicans proposed the tax cuts to win political advantage (67 percent) than because they are good for the country (24 percent). More Americans gave the Republicans credit for completing the agreement (41 percent) than the president (32 percent).</p>
<p>The Time/CNN poll conducted on July 30-31, surveyed 814 people by phone. The total sampling error is plus or minus 3.4 percent.</p>
</text>
<copyright>(c) Reuters Limited 1997</copyright>
<metadata>
<codes class="bip:countries:1.0">
  <code code="USA">
    <editdetail attribution="Reuters BIP Coding Group" action="confirmed" date="1997-08-02"/>
  </code>
</codes>
<codes class="bip:topics:1.0">
  <code code="E21">
    <editdetail attribution="Reuters BIP Coding Group" action="confirmed" date="1997-08-02"/>
  </code>
  <code code="E211">
    <editdetail attribution="Reuters BIP Coding Group" action="confirmed" date="1997-08-02"/>
  </code>
  <code code="ECAT">
    <editdetail attribution="Reuters BIP Coding Group" action="confirmed" date="1997-08-02"/>
  </code>
  <code code="GCAT">
    <editdetail attribution="Reuters BIP Coding Group" action="confirmed" date="1997-08-02"/>
  </code>
  <code code="GPOL">
    <editdetail attribution="Reuters BIP Coding Group" action="confirmed" date="1997-08-02"/>
  </code>
</codes>
<dc element="dc.date.created" value="1997-08-02"/>
<dc element="dc.publisher" value="Reuters Holdings Plc"/>
<dc element="dc.date.published" value="1997-08-02"/>
<dc element="dc.source" value="Reuters"/>
<dc element="dc.creator.location" value="NEW YORK"/>
<dc element="dc.creator.location.country.name" value="USA"/>
<dc element="dc.source" value="Reuters"/>
</metadata>
</newsitem>
