<?xml version="1.0" encoding="iso-8859-1" ?>
<newsitem itemid="810824" id="root" date="1997-08-02" xml:lang="en">
<title>IRAQ: PRESS DIGEST - Iraq - Aug 2.</title>
<headline>PRESS DIGEST - Iraq - Aug 2.</headline>
<dateline>BAGHDAD 1997-08-02</dateline>
<text>
<p>These are some of the leading stories in the Iraqi official press on Saturday. Reuters has not verified these stories and does not vouch for their accuracy.</p>
<p>JUMHOURIYA</p>
<p>- Iraq and Russia begin the establishment of a joint Iraqi-Russian oil drilling company.</p>
<p>- The United Nations to approve Iraq's aid distribution plan on Monday.</p>
<p>(The above were carried by QADISSIYA and IRAQ)</p>
<p>- Editorial on the seventh anniversary of August 2, 1990 when Iraqi troops entered Kuwait.</p>
<p>QADISSIYA</p>
<p>- An Iraqi industrial team to visit Syria in the next few days.</p>
<p>- Editorial and commentaries on August 2.</p>
</text>
<copyright>(c) Reuters Limited 1997</copyright>
<metadata>
<codes class="bip:countries:1.0">
  <code code="IRAQ">
    <editdetail attribution="Reuters BIP Coding Group" action="confirmed" date="1997-08-02"/>
  </code>
</codes>
<codes class="bip:topics:1.0">
  <code code="GCAT">
    <editdetail attribution="Reuters BIP Coding Group" action="confirmed" date="1997-08-02"/>
  </code>
</codes>
<dc element="dc.date.created" value="1997-08-02"/>
<dc element="dc.publisher" value="Reuters Holdings Plc"/>
<dc element="dc.date.published" value="1997-08-02"/>
<dc element="dc.source" value="Reuters"/>
<dc element="dc.creator.location" value="BAGHDAD"/>
<dc element="dc.creator.location.country.name" value="IRAQ"/>
<dc element="dc.source" value="Reuters"/>
</metadata>
</newsitem>
