<?xml version="1.0" encoding="iso-8859-1" ?>
<newsitem itemid="810889" id="root" date="1997-08-02" xml:lang="en">
<title>FRANCE: Rebels kill over 80 villagers in Algeria - papers.</title>
<headline>Rebels kill over 80 villagers in Algeria - papers.</headline>
<dateline>PARIS 1997-08-02</dateline>
<text>
<p>Algerian Moslem guerrillas armed with swords and guns massacred more than 80 villagers in two attacks in hamlets south of Algiers, Algerian newspapers said on Saturday.</p>
<p>Scores of rebels armed with guns and swords killed 38 villagers in Sidi el Madani hamlet in Blida province, about 50 km (30 miles) south of Algiers, overnight Thursday-Friday, El Watan and Al Khabar newspapers said.  </p>
<p>Forty-three people were killed in a similar raid by Moslem guerrillas in Metmata village in Ain Defla province, 120 km (75 miles) southwest of Algiers, overnight Tuesday-Wednesday, they said.</p>
<p>Among the dead were elderly men, women and children, the newspapers added.</p>
</text>
<copyright>(c) Reuters Limited 1997</copyright>
<metadata>
<codes class="bip:countries:1.0">
  <code code="ALG">
    <editdetail attribution="Reuters BIP Coding Group" action="confirmed" date="1997-08-02"/>
  </code>
</codes>
<codes class="bip:topics:1.0">
  <code code="GCAT">
    <editdetail attribution="Reuters BIP Coding Group" action="confirmed" date="1997-08-02"/>
  </code>
  <code code="GVIO">
    <editdetail attribution="Reuters BIP Coding Group" action="confirmed" date="1997-08-02"/>
  </code>
</codes>
<dc element="dc.date.created" value="1997-08-02"/>
<dc element="dc.publisher" value="Reuters Holdings Plc"/>
<dc element="dc.date.published" value="1997-08-02"/>
<dc element="dc.source" value="Reuters"/>
<dc element="dc.creator.location" value="PARIS"/>
<dc element="dc.creator.location.country.name" value="FRANCE"/>
<dc element="dc.source" value="Reuters"/>
</metadata>
</newsitem>
