<?xml version="1.0" encoding="iso-8859-1" ?>
<newsitem itemid="810905" id="root" date="1997-08-02" xml:lang="en">
<title>BANGLADESH: Bangladesh unveils $46 billion five-year plan.</title>
<headline>Bangladesh unveils $46 billion five-year plan.</headline>
<byline>Syed Ahmeduzzaman</byline>
<dateline>DHAKA 1997-08-02</dateline>
<text>
<p>Bangladesh, where nearly half of the population lives in poverty, said on Saturday it would spend around 2,034 billion taka ($46.2 billion) in the next five years to spur economic growth by an annual average of more than seven percent.</p>
<p>A newly-released draft five-year plan said 21 percent of the funding would come from overseas aid, with the aim of attracting more than 50 percent from the private sector.</p>
<p>&quot;It's a matter of shame for Bangladesh to step into the coming century with so much poverty,&quot; Foreign Minister Abdus Samad Azad told a national seminar debating the plan.</p>
<p>Azad said the plan was designed to fight poverty and face the challenges of the 21st century.</p>
<p>&quot;We must have specific programmes that will generate employment and reduce the poverty level,&quot; he said.</p>
<p>The 1997-2002 plan is three times bigger than the previous one. It envisages gross domestic product growth of 6.01 percent in 1997/98, 7.27 in 1998/99, 7.55 in 1999/2000, 7.98 in 2000/2001 and 8.54 percent in 2001/2002.</p>
<p>Azad said Bangladesh had failed to make the desired progress in reducing poverty despite its attempts at socio-economic development.</p>
<p>&quot;The policymakers and implementing agencies must find out the reasons for the slower impact of such plans on the country's poverty situation,&quot; he said.</p>
<p>The plan aims to reduce the &quot;below poverty line&quot; population to 30 percent from 45 percent now, and to raise per capita income by an annual rate of six percent.</p>
<p>It also envisages curbing population growth to 1.36 percent from around two percent at present. It foresees the country's population swelling to 132.5 million in 2002 from the present 123.8 million.</p>
<p>The draft said population growth would be contained through raising the rate of contraceptive use to 60 percent at the end of the plan period from the current 48 percent.</p>
<p>The country's literacy rate will be increased to 75 percent from the present 47.3, the plan predicts.</p>
<p>Bangladesh's food production, mainly rice, is expected to rise to 25.12 million tonnes by the end of the plan period from the present 20.39 million. ($ = 44 Bangladesh Taka)</p>
</text>
<copyright>(c) Reuters Limited 1997</copyright>
<metadata>
<codes class="bip:countries:1.0">
  <code code="BANDH">
    <editdetail attribution="Reuters BIP Coding Group" action="confirmed" date="1997-08-02"/>
  </code>
</codes>
<codes class="bip:topics:1.0">
  <code code="E12">
    <editdetail attribution="Reuters BIP Coding Group" action="confirmed" date="1997-08-02"/>
  </code>
  <code code="E21">
    <editdetail attribution="Reuters BIP Coding Group" action="confirmed" date="1997-08-02"/>
  </code>
  <code code="E211">
    <editdetail attribution="Reuters BIP Coding Group" action="confirmed" date="1997-08-02"/>
  </code>
  <code code="ECAT">
    <editdetail attribution="Reuters BIP Coding Group" action="confirmed" date="1997-08-02"/>
  </code>
</codes>
<dc element="dc.date.created" value="1997-08-02"/>
<dc element="dc.publisher" value="Reuters Holdings Plc"/>
<dc element="dc.date.published" value="1997-08-02"/>
<dc element="dc.source" value="Reuters"/>
<dc element="dc.creator.location" value="DHAKA"/>
<dc element="dc.creator.location.country.name" value="BANGLADESH"/>
<dc element="dc.source" value="Reuters"/>
</metadata>
</newsitem>
