<?xml version="1.0" encoding="iso-8859-1" ?>
<newsitem itemid="810900" id="root" date="1997-08-02" xml:lang="en">
<title>SRI LANKA: Sri Lanka rebels attack government troops in north.</title>
<headline>Sri Lanka rebels attack government troops in north.</headline>
<dateline>COLOMBO 1997-08-02</dateline>
<text>
<p>Heavy fighting erupted between government troops and Liberation Tigers of Tamil Eelam (LTTE) rebels in Sri Lanka's northern Wanni region late on Friday, military officials said on Saturday.</p>
<p>They said the rebels had attacked the military's defensive positions just north of the government-held town of Vavuniya, some 220 km (135 miles) north of the capital Colombo.</p>
<p>The military, which launched a major offensive in May, is battling rebels in the Wanni to open a strategic highway linking the northern Jaffna peninsula with the rest of the island.</p>
<p>The military officials said defences guarded by police and the navy had been breached but troops had linked up again after repulsing Friday's attack.</p>
<p>Casualty figures and other details were not immediately available, but officials said troops were clearing the area.</p>
<p>An undisclosed number of wounded had been airlifted to Anuradhapura military base, some 50 km (31 miles) south of Vavuniya, officials said.</p>
<p>A Defence Ministry spokesman said in Colombo confirmed the attacks and said the situation was now under control.</p>
<p>Residents in Vavuniya said troops were shelling the affected area on Saturday morning.</p>
<p>&quot;Shelling is still continuing and helicopters and air force planes are flying by,&quot; a resident said by phone from Vavuniya.</p>
<p>He said the fighting started at about 10.30 p.m. (1630 GMT Friday) and continued through most of the night.</p>
<p>The military's northward offensive has slowed since the LTTE launched two fierce counterattacks in June but the fighting has shown signs of escalating this week.</p>
<p>Sri Lanka's Defence Ministry said on Friday that troops had clashed with a large number of LTTE rebels southwest of Nedunkeni town on Thursday.</p>
<p>At least 50 guerrillas and 17 troops, including one officer, was killed in the gunbattle. Troops had called in helicopter gunships to engage the rebels, who fled northwards with their wounded, the statement said.</p>
<p>&quot;Sri Lanka forces backed by heavy artillery and moving in battle-tanks and armoured vehicles had attempted a sudden push towards their goal of Puliyankulam, but LTTE forces hit back decisively,&quot; an LTTE statement said.</p>
<p>The LTTE have been fighting for a separate homeland for minority Tamils in Sri Lanka's north and east since 1983.</p>
<p>The government says more than 50,000 people have been killed in the war. The LTTE say the toll is higher.</p>
</text>
<copyright>(c) Reuters Limited 1997</copyright>
<metadata>
<codes class="bip:countries:1.0">
  <code code="SRILAN">
    <editdetail attribution="Reuters BIP Coding Group" action="confirmed" date="1997-08-02"/>
  </code>
</codes>
<codes class="bip:topics:1.0">
  <code code="GCAT">
    <editdetail attribution="Reuters BIP Coding Group" action="confirmed" date="1997-08-02"/>
  </code>
  <code code="GVIO">
    <editdetail attribution="Reuters BIP Coding Group" action="confirmed" date="1997-08-02"/>
  </code>
</codes>
<dc element="dc.date.created" value="1997-08-02"/>
<dc element="dc.publisher" value="Reuters Holdings Plc"/>
<dc element="dc.date.published" value="1997-08-02"/>
<dc element="dc.source" value="Reuters"/>
<dc element="dc.creator.location" value="COLOMBO"/>
<dc element="dc.creator.location.country.name" value="SRI LANKA"/>
<dc element="dc.source" value="Reuters"/>
</metadata>
</newsitem>
