<?xml version="1.0" encoding="iso-8859-1" ?>
<newsitem itemid="810920" id="root" date="1997-08-02" xml:lang="en">
<title>INDIA: INDIA-DFHI two-way quotes on securities - Aug 2.</title>
<headline>INDIA-DFHI two-way quotes on securities - Aug 2.</headline>
<dateline>BOMBAY 1997-08-02</dateline>
<text>
<p>Following are the two-way quotes quoted by the Discount and Finance House of India (DFHI) on Saturday: .</p>
<p>						BID	   OFFER</p>
<p>Treasury Bills:</p>
<p>  91-Day		    10/10/97    6.50	   6.20</p>
<p>.</p>
<p>  364-Day		   18/7/97     8.20	   7.70</p>
<p>.</p>
<p>Commercial Bills			 10.00	   ---</p>
<p>Certificates of Deposit		10.00	   ---</p>
<p>Commercial Papers			10.50	   ---</p>
<p>(Figures in brackets indicate the respective yields per annum on 365 days basis)</p>
<p>.</p>
<p>GOVERNMENT DATED SECURITIES	    Bid		   Offer</p>
<p>13.00% Government Stock 1998	  104.00		104.35</p>
<p>10.85% Government Stock 2001	  100.50		100.85</p>
</text>
<copyright>(c) Reuters Limited 1997</copyright>
<metadata>
<codes class="bip:countries:1.0">
  <code code="INDIA">
    <editdetail attribution="Reuters BIP Coding Group" action="confirmed" date="1997-08-02"/>
  </code>
</codes>
<codes class="bip:topics:1.0">
  <code code="M12">
    <editdetail attribution="Reuters BIP Coding Group" action="confirmed" date="1997-08-02"/>
  </code>
  <code code="MCAT">
    <editdetail attribution="Reuters BIP Coding Group" action="confirmed" date="1997-08-02"/>
  </code>
</codes>
<dc element="dc.date.created" value="1997-08-02"/>
<dc element="dc.publisher" value="Reuters Holdings Plc"/>
<dc element="dc.date.published" value="1997-08-02"/>
<dc element="dc.source" value="Reuters"/>
<dc element="dc.creator.location" value="BOMBAY"/>
<dc element="dc.creator.location.country.name" value="INDIA"/>
<dc element="dc.source" value="Reuters"/>
</metadata>
</newsitem>
