<?xml version="1.0" encoding="iso-8859-1" ?>
<newsitem itemid="810913" id="root" date="1997-08-02" xml:lang="en">
<title>SRI LANKA: Leader says make S.Lanka south Asia financial hub.</title>
<headline>Leader says make S.Lanka south Asia financial hub.</headline>
<dateline>COLOMBO 1997-08-02</dateline>
<text>
<p>Sri Lankan President Chandrika Kumaratunga said her government plans to give more concessions to the financial sector in the forthcoming budget to help Sri Lanka become the financial hub of south Asia.</p>
<p>&quot;Becoming a financial hub of this region is an attainable reality. But time is of essence. We have to seize the moment and start the process now,&quot; the state-run daily News on Saturday quoted Kumaratunga as saying.</p>
<p>&quot;The private and public sectors will have to work more closely to achieve this objective. The government will extend its fullest cooperation to this effort,&quot; Kumaratunga said.</p>
<p>Next year's budget is due to be presented in parliament in November.</p>
<p>She said the financial sector should exploit the country's location, manpower resources and sufficient infrastructure to promote Sri Lanka as a major financial centre.</p>
<p>&quot;We only have to inject a new level of commitment to the public service to get its fullest participation in the process. That is the responsibility of the government and we will see that is done,&quot; Kumaratunga was quoted a saying at the inauguration of a new Bank of Ceylon building.</p>
<p>Kumaratunga has been critical of the bureaucracy lately. She has said public service, which has been accused of being lethargic, inefficient and corrupt, was a far bigger problem for the country than the 14-year-old ethnic war in the northeast.</p>
<p>She said the policies of her People's Alliance government had boosted investor confidence after a fall in interest rates and inflation this year.</p>
</text>
<copyright>(c) Reuters Limited 1997</copyright>
<metadata>
<codes class="bip:countries:1.0">
  <code code="SRILAN">
    <editdetail attribution="Reuters BIP Coding Group" action="confirmed" date="1997-08-02"/>
  </code>
</codes>
<codes class="bip:topics:1.0">
  <code code="E12">
    <editdetail attribution="Reuters BIP Coding Group" action="confirmed" date="1997-08-02"/>
  </code>
  <code code="ECAT">
    <editdetail attribution="Reuters BIP Coding Group" action="confirmed" date="1997-08-02"/>
  </code>
</codes>
<dc element="dc.date.created" value="1997-08-02"/>
<dc element="dc.publisher" value="Reuters Holdings Plc"/>
<dc element="dc.date.published" value="1997-08-02"/>
<dc element="dc.source" value="Reuters"/>
<dc element="dc.creator.location" value="COLOMBO"/>
<dc element="dc.creator.location.country.name" value="SRI LANKA"/>
<dc element="dc.source" value="Reuters"/>
</metadata>
</newsitem>
