<?xml version="1.0" encoding="iso-8859-1" ?>
<newsitem itemid="810917" id="root" date="1997-08-02" xml:lang="en">
<title>INDIA: Indian call money,Aug 2-(closing)-5.75-6.25 pct.</title>
<headline>Indian call money,Aug 2-(closing)-5.75-6.25 pct.</headline>
<text>
<p>BOMBAY, Aug 2 (Reutes) - Call money at 1230 IST</p>
<p>    TIME	O/N-market range     DFHI	  STCI</p>
<p>    0940	  7.25-8.25	  7.25-7.50   ---------</p>
<p>    0945	  7.00-7.75	  7.25-7.50   7.00-7.50</p>
<p>    1015	  6.50-7.25	  ---------   ---------</p>
<p>    1045	  6.00-6.50	  6.00-6.50   5.75-6.25</p>
<p>    1130	  6.00-6.50	  ---------   ---------</p>
<p>    1230	  5.75-6.25	  6.25-6.50   5.50-6.00</p>
<p>The indicative call rates are based on contributions from the ABN Amro, Andhra Bank, Bank of Baroda, Bank of India, Bank of Nova Scotia, Birla Capital AMC, Canara Bank, Centurion Bank, Citibank N.A., Corporation Bank, Discount and Finance House of India, Global Trust Bank, Indusind Bank, Industrial Credit and Investment Corporation of India (ICICI), ICICI Securities &amp; Finance Co., Industrial Development Bank of India (IDBI), IDBI Bank Ltd, Indian Overseas Bank, Securities Trading Corporation of India (STCI), India (SBI), Standard Chartered Bank, Unit Trust of India (UTI) and UTI Bank.</p>
<p>For contributions contact money desk on (022) 265 9000</p>
</text>
<copyright>(c) Reuters Limited 1997</copyright>
<metadata>
<codes class="bip:countries:1.0">
  <code code="INDIA">
    <editdetail attribution="Reuters BIP Coding Group" action="confirmed" date="1997-08-02"/>
  </code>
</codes>
<codes class="bip:topics:1.0">
  <code code="M13">
    <editdetail attribution="Reuters BIP Coding Group" action="confirmed" date="1997-08-02"/>
  </code>
  <code code="M131">
    <editdetail attribution="Reuters BIP Coding Group" action="confirmed" date="1997-08-02"/>
  </code>
  <code code="MCAT">
    <editdetail attribution="Reuters BIP Coding Group" action="confirmed" date="1997-08-02"/>
  </code>
</codes>
<dc element="dc.publisher" value="Reuters Holdings Plc"/>
<dc element="dc.date.published" value="1997-08-02"/>
<dc element="dc.source" value="Reuters"/>
<dc element="dc.creator.location.country.name" value="INDIA"/>
<dc element="dc.source" value="Reuters"/>
</metadata>
</newsitem>
