<?xml version="1.0" encoding="iso-8859-1" ?>
<newsitem itemid="771580" id="root" date="1997-08-01" xml:lang="en">
<title>UK: CRICKET-SOMERSET WIN TOSS AND BAT AGAINST AUSTRALIA.</title>
<headline>CRICKET-SOMERSET WIN TOSS AND BAT AGAINST AUSTRALIA.</headline>
<dateline>TAUNTON, England 1997-08-01</dateline>
<text>
<p>Somerset won the toss and decided  to bat on the opening day of a four-day match against the Australian  tourists on Friday.</p>
<p>Teams:</p>
<p>Somerset -Piran Holloway, Keith Parsons, Simon Ecclestone (captain),  Mark Lathwell, Marcus Trescothick, Robert Turner, Graham Rose, Steve  Herzberg, P.Jones, Andrew Caddick, Andre van Troost.</p>
<p>Australia -Michael Slater, Justin Langer, Greg Blewett, Mark Waugh,  Stephen Waugh (captain), Glenn McGrath, Michael Bevan, Ian Healy,  Shane Warne, Brendon Julian, Michael Kasprowicz.</p>
</text>
<copyright>(c) Reuters Limited 1997</copyright>
<metadata>
<codes class="bip:countries:1.0">
  <code code="AUSTR">
    <editdetail attribution="Reuters BIP Coding Group" action="confirmed" date="1997-08-01"/>
  </code>
  <code code="UK">
    <editdetail attribution="Reuters BIP Coding Group" action="confirmed" date="1997-08-01"/>
  </code>
</codes>
<codes class="bip:topics:1.0">
  <code code="GCAT">
    <editdetail attribution="Reuters BIP Coding Group" action="confirmed" date="1997-08-01"/>
  </code>
  <code code="GSPO">
    <editdetail attribution="Reuters BIP Coding Group" action="confirmed" date="1997-08-01"/>
  </code>
</codes>
<dc element="dc.date.created" value="1997-08-01"/>
<dc element="dc.publisher" value="Reuters Holdings Plc"/>
<dc element="dc.date.published" value="1997-08-01"/>
<dc element="dc.source" value="Reuters"/>
<dc element="dc.creator.location" value="TAUNTON, England"/>
<dc element="dc.creator.location.country.name" value="UK"/>
<dc element="dc.source" value="Reuters"/>
</metadata>
</newsitem>
