<?xml version="1.0" encoding="iso-8859-1" ?>
<newsitem itemid="771568" id="root" date="1997-08-01" xml:lang="en">
<title>USA: TENNIS-CARLSBAD WOMEN'S TOURNAMENT RESULTS.</title>
<headline>TENNIS-CARLSBAD WOMEN'S TOURNAMENT RESULTS.</headline>
<dateline>CARLSBAD, California 1997-08-01</dateline>
<text>
<p>Results from the</p>
<p>$450,000 Toshiba Classic women's tennis tournament on Friday</p>
<p>(prefix number denotes seeding):</p>
<p>Quarter-finals:</p>
<p>1-Martina Hingis (Switzerland) beat 7-Conchita Martinez</p>
<p>(Spain) 6-4 6-4</p>
<p>Late quarter-final</p>
<p>6-Mary Pierce (France) v Sandine Testud (France)</p>
</text>
<copyright>(c) Reuters Limited 1997</copyright>
<metadata>
<codes class="bip:countries:1.0">
  <code code="USA">
    <editdetail attribution="Reuters BIP Coding Group" action="confirmed" date="1997-08-01"/>
  </code>
</codes>
<codes class="bip:topics:1.0">
  <code code="GCAT">
    <editdetail attribution="Reuters BIP Coding Group" action="confirmed" date="1997-08-01"/>
  </code>
  <code code="GSPO">
    <editdetail attribution="Reuters BIP Coding Group" action="confirmed" date="1997-08-01"/>
  </code>
</codes>
<dc element="dc.date.created" value="1997-08-01"/>
<dc element="dc.publisher" value="Reuters Holdings Plc"/>
<dc element="dc.date.published" value="1997-08-01"/>
<dc element="dc.source" value="Reuters"/>
<dc element="dc.creator.location" value="CARLSBAD, California"/>
<dc element="dc.creator.location.country.name" value="USA"/>
<dc element="dc.source" value="Reuters"/>
</metadata>
</newsitem>
