<?xml version="1.0" encoding="iso-8859-1" ?>
<newsitem itemid="771693" id="root" date="1997-08-01" xml:lang="en">
<title>INDIA: TABLE - India's RBI repo auctions calendar.</title>
<headline>TABLE - India's RBI repo auctions calendar.</headline>
<dateline>BOMBAY 1997-08-01</dateline>
<text>
<p>The Reserve Bank of India (RBI) on Thursday  announced the schedule for securities repurchase auctions in July.</p>
<p>The repo auctions will be open to parties holding SGL account and  current account with the RBI.</p>
<p>The following are the details of the auction</p>
<p>Date of auction  Date of payment   Period  Repurchase date</p>
<p>-----------------------------------------------------------</p>
<p>August 4, 1997    August  5, 1997    3 days    August 8, 1997</p>
<p>August 7	    August  8	    4 days    August 12</p>
<p>August 11	   August  12	   4 days    August 16</p>
<p>August 14	   August  16	   3 days    August 19</p>
<p>-- Bombay newsroom +91-22-265 9000</p>
</text>
<copyright>(c) Reuters Limited 1997</copyright>
<metadata>
<codes class="bip:countries:1.0">
  <code code="INDIA">
    <editdetail attribution="Reuters BIP Coding Group" action="confirmed" date="1997-08-01"/>
  </code>
</codes>
<codes class="bip:topics:1.0">
  <code code="M13">
    <editdetail attribution="Reuters BIP Coding Group" action="confirmed" date="1997-08-01"/>
  </code>
  <code code="M131">
    <editdetail attribution="Reuters BIP Coding Group" action="confirmed" date="1997-08-01"/>
  </code>
  <code code="MCAT">
    <editdetail attribution="Reuters BIP Coding Group" action="confirmed" date="1997-08-01"/>
  </code>
</codes>
<dc element="dc.date.created" value="1997-08-01"/>
<dc element="dc.publisher" value="Reuters Holdings Plc"/>
<dc element="dc.date.published" value="1997-08-01"/>
<dc element="dc.source" value="Reuters"/>
<dc element="dc.creator.location" value="BOMBAY"/>
<dc element="dc.creator.location.country.name" value="INDIA"/>
<dc element="dc.source" value="Reuters"/>
</metadata>
</newsitem>
