<?xml version="1.0" encoding="iso-8859-1" ?>
<newsitem itemid="771666" id="root" date="1997-08-01" xml:lang="en">
<title>INDIA: Strike cripples India state after leader's arrest.</title>
<headline>Strike cripples India state after leader's arrest.</headline>
<byline>Narayanan Madhavan</byline>
<dateline>PATNA, India 1997-08-01</dateline>
<text>
<p>Activists barricaded roads and clashed  with baton-wielding policemen in India's second most populous state  on Friday as the ruling party led a general strike to protest against  its leader's arrest in a corruption scandal.</p>
<p>An estimated 5,000 paramilitary men joined to help police at sensitive  points in the eastern Bihar state, but there were no major violent  incidents during the strike that brought business to a standstill,  officials and witnesses said.</p>
<p>Police said 10 people, including a federal lawmaker, were injured  at Patna, the state capital, when members of the Rashtriya Janata  Dal (RJD) party clashed with baton-wielding police.</p>
<p>&quot;Ten people were injured. It happened during a demonstration,&quot; a police  official told Reuters at a busy square in the city's business district,  where shops and offices were shut while slogan-shouting activists  roamed around.</p>
<p>Laloo Prasad Yadav, a charismatic leader of the lower castes, began  a two-week remand on Wednesday after surrendering to a court in the  $280-million &quot;fodder scam&quot; in which federal police have filed corruption  charges that the leader vehemently denies.</p>
<p>Yadav, first indicted in April, resigned as Bihar's chief minister  a week ago after a court issued an arrest warrant. He failed in his  attempts to win &quot;anticipatory bail&quot; to avoid arrest in the scandal  involving suspected misuse of animal welfare funds.</p>
<p>Stick-wielding activists forced shops to close, erected barriers with  uprooted lamp-posts and chained bicycle rickshaws across roads. Women  protestors formed a chain by holding hands.</p>
<p>&quot;Police did not do much,&quot; said Amarendra Kumar Amar, an RJD activist.</p>
<p>Witnesses reported isolated incidents of stone-throwing which damaged  the windshields of passing cars.</p>
<p>RJD activists, some of them wearing the party's green head bands and  holding up portraits of their leader, shouted slogans alleging discrimination  in corruption cases, saying upper caste leaders like former Prime  Minister P.V. Narasimha Rao had been granted bail while low-caste  leader Yadav had not.</p>
<p>&quot;Why bail for forwards, why jail for backwards,&quot; they said.</p>
<p>Hindu caste animosities and tussles between landlords and peasants  often spell violence in the poor state of 93 million people, of whom  61 percent cannot read or write.</p>
<p>&quot;We are closing down everything. We will not stop until he is released,&quot;  said Vijaya Singh, an RJD leader.</p>
<p>Activists plan to launch on Saturday a &quot;fill the jails&quot; campaign,  offering themselves collectively for arrest.</p>
<p>Yadav named his unschooled wife, Rabri Devi, as chief minister in  a move that sparked protests from the opposition. Devi, a 38-year-old  mother of nine children, led the strike on Friday.</p>
<p>Politicians say Devi must ensure peace to defuse the opposition demands  that she be relieved of office.</p>
<p>&quot;Police and magistrates have been deployed all over the state at all  sensitive points,&quot; Chief Secretary B.P. Varma, the state's top civil  servant, said earlier on Friday.</p>
<p>India's ruling 15-party United Front coalition has been sharply divided  by a debate over corruption and Prime Minister Inder Kumar Gujral  has faced criticism over his failure to take firm action against Yadav.</p>
<p>Yadav, who ruled Bihar for seven years, formed his breakaway RJD party  last month, alleging irregularities in the leadership elections of  Gujral's Janata Dal party, which he had headed until then.</p>
</text>
<copyright>(c) Reuters Limited 1997</copyright>
<metadata>
<codes class="bip:countries:1.0">
  <code code="INDIA">
    <editdetail attribution="Reuters BIP Coding Group" action="confirmed" date="1997-08-01"/>
  </code>
</codes>
<codes class="bip:topics:1.0">
  <code code="E41">
    <editdetail attribution="Reuters BIP Coding Group" action="confirmed" date="1997-08-01"/>
  </code>
  <code code="ECAT">
    <editdetail attribution="Reuters BIP Coding Group" action="confirmed" date="1997-08-01"/>
  </code>
  <code code="GCAT">
    <editdetail attribution="Reuters BIP Coding Group" action="confirmed" date="1997-08-01"/>
  </code>
  <code code="GCRIM">
    <editdetail attribution="Reuters BIP Coding Group" action="confirmed" date="1997-08-01"/>
  </code>
  <code code="GJOB">
    <editdetail attribution="Reuters BIP Coding Group" action="confirmed" date="1997-08-01"/>
  </code>
  <code code="GPOL">
    <editdetail attribution="Reuters BIP Coding Group" action="confirmed" date="1997-08-01"/>
  </code>
  <code code="GVIO">
    <editdetail attribution="Reuters BIP Coding Group" action="confirmed" date="1997-08-01"/>
  </code>
</codes>
<dc element="dc.date.created" value="1997-08-01"/>
<dc element="dc.publisher" value="Reuters Holdings Plc"/>
<dc element="dc.date.published" value="1997-08-01"/>
<dc element="dc.source" value="Reuters"/>
<dc element="dc.creator.location" value="PATNA, India"/>
<dc element="dc.creator.location.country.name" value="INDIA"/>
<dc element="dc.source" value="Reuters"/>
</metadata>
</newsitem>
