<?xml version="1.0" encoding="iso-8859-1" ?>
<newsitem itemid="771641" id="root" date="1997-08-01" xml:lang="en">
<title>SWEDEN: GOLF-CARD WORRIES BOOST BAKER AND RIVERO.</title>
<headline>GOLF-CARD WORRIES BOOST BAKER AND RIVERO.</headline>
<byline>Norman Dabell</byline>
<dateline>MALMO 1997-08-01</dateline>
<text>
<p>Two former Ryder Cup players concerned they  might lose their European Tour playing cards at the end of the year  raised their games to share the early second round lead in the Scandinavian  Masters on Friday.</p>
<p>Spain's Jose Rivero and Englishman Peter Baker set the target of eight-under-par  136, with overnight leader Costantino Rocca of Italy also on the eight-under  mark after picking up a shot in three holes of his afternoon round.</p>
<p>Baker, who had to return to the course to finish off the weather-affected  first round and birdied his remaining hole, the 18th, shot a 66 while  Rivero carded 70.</p>
<p>Both Rivero, who played for Europe in the 1985 and 1987 Ryder Cups,  and Baker, a 1993 team member, have their top 40 career money list  exemptions expiring at the end of this year and both are currently  below the 115th place qualifying mark for next year's card.</p>
<p>Rivero has missed seven of 11 cuts this year and six of the last seven,  while Baker has failed to qualify in eight of his last nine outings.</p>
<p>After birdieing the remaining hole of his opening round, Baker, winner  of the 1993 Scandinavian Masters, collected seven birdies in his next  11 holes.</p>
<p>&quot;I'm desperate to keep my card and this 66 is a relief,&quot; said the  Englishman who has had to recover from debilitating glandular fever  last year. &quot;It's been a hard job this year because when you're confidence  is low you can never see yourself playing well again.&quot;</p>
<p>Rivero's round was less spectacular but gave him equal satisfaction.  &quot;When you lose your feel like I have over the last two or three months  you wonder where you are going,&quot; he said.</p>
<p>Jose Maria Olazabal knocked out a spectator during his morning round,  his third shot at the 12th ricocheting off the fan's head into a bush.</p>
<p>Olazabal was forced to take a penalty drop and ran up a double bogey  on his way to a 74, dropping him back to one under.</p>
</text>
<copyright>(c) Reuters Limited 1997</copyright>
<metadata>
<codes class="bip:countries:1.0">
  <code code="ITALY">
    <editdetail attribution="Reuters BIP Coding Group" action="confirmed" date="1997-08-01"/>
  </code>
  <code code="SPAIN">
    <editdetail attribution="Reuters BIP Coding Group" action="confirmed" date="1997-08-01"/>
  </code>
  <code code="SWED">
    <editdetail attribution="Reuters BIP Coding Group" action="confirmed" date="1997-08-01"/>
  </code>
</codes>
<codes class="bip:topics:1.0">
  <code code="GCAT">
    <editdetail attribution="Reuters BIP Coding Group" action="confirmed" date="1997-08-01"/>
  </code>
  <code code="GSPO">
    <editdetail attribution="Reuters BIP Coding Group" action="confirmed" date="1997-08-01"/>
  </code>
</codes>
<dc element="dc.date.created" value="1997-08-01"/>
<dc element="dc.publisher" value="Reuters Holdings Plc"/>
<dc element="dc.date.published" value="1997-08-01"/>
<dc element="dc.source" value="Reuters"/>
<dc element="dc.creator.location" value="MALMO"/>
<dc element="dc.creator.location.country.name" value="SWEDEN"/>
<dc element="dc.source" value="Reuters"/>
</metadata>
</newsitem>
