<?xml version="1.0" encoding="iso-8859-1" ?>
<newsitem itemid="771681" id="root" date="1997-08-01" xml:lang="en">
<title>INDIA: PRESS DIGEST - Indian newspapers - August 1.</title>
<headline>PRESS DIGEST - Indian newspapers - August 1.</headline>
<text>
<p>(Prepared by New Delhi-based Business News and Information</p>
<p>Services Pvt Ltd. for Reuters. Telephone no. 11-332-4842,</p>
<p>11-335-1006, 3351006, 3761233 Fax:+91-11-3351006 Internet:</p>
<p>biznis@giasbm01.vsnl.net.in)</p>
<p>Reuters has not verified these stories and does not vouch</p>
<p>for their accuracy.</p>
<p>		   -------oo0oo-------</p>
<p>			TOP STORIES</p>
<p>The Hindustan Times</p>
<p>VETTING OF MEMBERS BY INTELLIGENCE BUREAU ROCKS PARLIAMENT</p>
<p>Prime Minister Gujral told agitated members in the upper house of  parliament that his government had not asked the Intelligence Bureau  to keep surveillance on Members of Parliament (MPs) or snoop around  in parliament house.</p>
<p>A newspaper Thursday morning reported that Intelligence Bureau undercover  agents were spying on MPs in and around parliament. The government  in an official release said the intelligence officers were deployed  to help parliament officials in anti-sabotage checks and other inter-linked  duties.</p>
<p>----</p>
<p>The Times Of India</p>
<p>GOVERNMENT MAY SLASH PROPOSED QUOTA FOR WOMEN</p>
<p>The government has sought the opinion of women ministers and MPs in  slashing the proposed quota for women in the lower house of parliament  and state assemblies to 20 percent or 25 percent from 33 percent.</p>
<p>The suggestion to reduce the quota came from Prime Minister Gujral  and is believed to have been conveyed to women members by Speaker  P.A. Sangma. The government feels that unless women parliamentarians  agree to a reduced quota, the bill will be derailed again because  of the opposition to it.</p>
<p>			-------oo0oo-------</p>
<p>			KEY BUSINESS STORIES</p>
<p>The Economic Times</p>
<p>TAX BREAKS FOR INFRASTRUCTURE SECTOR</p>
<p>The government on Thursday approved a five-year tax holiday to the  power, the petroleum and the transport sectors. The announcement is  the latest in a series of government initiatives to boost private  domestic and overseas investments in the infrastructure sector.</p>
<p>A nodal body under the Industrial Development Bank was recently constituted  to go into the financing problems of various private players in the  infrastructure sector.</p>
<p>----</p>
<p>SONY INDIA FACING COMPETITION FROM SONY JAPAN</p>
<p>In its third year of operations, Sony India is competing with overseas  Sony colour televisions. The grey market turnover of smuggled Sony  televisions pegged at five billion rupees is much more than that of  Sony India's which was only 3.43 billion rupees last year.</p>
<p>----</p>
<p>Financial Express</p>
<p>BOURSE REGULATOR FINALISES NORMS</p>
<p>The bourse regulator the Securities and Exchange Board of India (SEBI)  has completed the procedure of consolidation and rationalisation of  guidelines for disclosure and investor protection.</p>
<p>The draft document includes the eligibility norms for companies accessing  the capital markets, the promoter's contribution and the lock-in period.</p>
<p>SEBI has sought comments on its draft from the Association of Merchant  Bankers. The draft says unlisted companies are eligible to enter the  capital market if it meets the stipulated payment of dividend for  the immediately preceding three years.</p>
<p>----  </p>
<p>SUGGESTION TO RAISE DEPRECIATION VALUE OF SHIPS</p>
<p>A committee has recommended raising the depreciation value of ships  to 33 percent from 20 percent to attract private investors and overseas  companies to the shipping industry. The committee was set up by the  Ministry of Surface Transport to formulate a comprehensive shipping  policy.</p>
<p>Other recommendations of the committee include export-oriented industry  status to the shipping industry, separate rules for costal shipping  and ships going abroad, financial relief to cargo carrying vessels  to help increase sea-related trade traffic and income tax benefits  to coastal shipping.</p>
<p>----</p>
<p>Business Standard</p>
<p>FOREIGN DIRECT INVESTMENT ALLOWED IN PREFERENCE SHARES</p>
<p>The Finance Ministry on Thursday decided to allow Indian companies  to raise foreign capital through preference shares. Such investments  will be treated as part of share capital and not as debt. External  commercial borrowing rules will not be applicable to such investments.</p>
<p>But it will be permitted only as rupee-denominated instruments in  accordance with the Companies Act, 1956. Since preference shares will  be treated as equity, all foreign investments flowing in through this  route will be treated as foreign direct investment.</p>
<p>The companies will either have to seek Reserve Bank clearances under  the automatic approval window or apply to the Foreign Investment Promotion  Board for a case by case clearance.</p>
<p>----</p>
<p>18 SEAFOOD UNITS ELIGIBLE FOR EXPORT TO EUROPEAN UNION</p>
<p>The Commerce Ministry has identified 18 seafood exporting units which  meet the strict hygiene standards set by the European Union and are  eligible to export their products to the European Union. In a letter  to the Union's vice president, the Indian commerce minister on Thursday  urged the European Union to continue imports from these 18 units.</p>
<p>The minister promised to suspend exports by all units that fail to  meet the hygiene requirements. The European Union has recommended  a ban on seafood import from India unless the stringent hygiene requirements  set by it are not met.</p>
<p>----</p>
<p>SOAP GIANTS BACK HINDUSTAN LEVER IN TRADE BATTLE</p>
<p>A number of multi-national companies and domestic companies in the  soaps and toiletries segment are supporting Hindustan Lever whose  products are being boycotted by the traders in Kerala state. The traders  are demanding a rise in commission.</p>
<p>The Indian Soaps and Toiletry Manufacturers' Association has decided  to back Hindustan Lever (HLL) and will meet the state chief minister  soon. The association has also decided to take legal action against  stockists supporting the boycott.</p>
<p>HLL sources said companies like Proctor and Gamble, Nirma and Godrej  Soaps had decided to fight the traders in Kerala. They also said they  had the support of the Tata Tea company.</p>
<p>----</p>
<p>The Observer</p>
<p>GOVERNMENT FIRMS MONOPOLISE RESOURCE MOBILISATION</p>
<p>The government has monopolised the resource mobilisation from the  primary capital market specially after investors lost faith in the  private sector in the last two financial years.</p>
<p>According to Prime which is India's premier data base on the primary  capital market, the public sectors share in the total resource mobilisation  equalled 75.39 billion rupees in 1996/97.</p>
<p>This was only 12.51 billion rupees (9 pct) in 1994/95 and 50.59 billion  rupees (43 pct) in 1995/96. The state-owned companies mustered 87  percent of the total 99.17 billion rupees mobilised through debt public  issues during fiscal 1996/97.</p>
<p>----</p>
<p>			-------oo0oo-------</p>
</text>
<copyright>(c) Reuters Limited 1997</copyright>
<metadata>
<codes class="bip:countries:1.0">
  <code code="INDIA">
    <editdetail attribution="Reuters BIP Coding Group" action="confirmed" date="1997-08-01"/>
  </code>
</codes>
<codes class="bip:topics:1.0">
  <code code="GCAT">
    <editdetail attribution="Reuters BIP Coding Group" action="confirmed" date="1997-08-01"/>
  </code>
</codes>
<dc element="dc.publisher" value="Reuters Holdings Plc"/>
<dc element="dc.date.published" value="1997-08-01"/>
<dc element="dc.source" value="Reuters"/>
<dc element="dc.creator.location.country.name" value="INDIA"/>
<dc element="dc.source" value="Reuters"/>
</metadata>
</newsitem>
