<?xml version="1.0" encoding="iso-8859-1" ?>
<newsitem itemid="771612" id="root" date="1997-08-01" xml:lang="en">
<title>USA: NBA BASKETBALL-TWO TAX-CHEAT REFEREES RESIGN.</title>
<headline>NBA BASKETBALL-TWO TAX-CHEAT REFEREES RESIGN.</headline>
<dateline>NEW YORK 1997-08-01</dateline>
<text>
<p>Two National Basketball Association referees  who pleaded guilty to felony tax charges have resigned, the league  said on Friday.</p>
<p>Jess Kersey was given three years probation and a $20,000 fine upon  pleading guilty to filing a false federal income tax return. He also  agreed to cooperate with federal officials, who continue their investigation  of all NBA referees.</p>
<p>Kersey and George Toliver are the most recent referees indicted. Mike  Mathis and Hank Armstrong also are awaiting trial on similar tax charges,  and a government investigation is on-going with additional prosecutions  likely.</p>
<p>Kersey, one of the best and most respected NBA officials, began his  career in 1973. He worked 14 NBA Finals and three All-Star Games in  his career.</p>
<p>In May, Mathis was indicted by a federal grand jury in U.S. District  Court in Cincinnati on five counts of falsely reporting income from  1989 to 1992. The amount not reported is nearly $70,000, according  to the indictment. Toliver and Armstrong were indicted in February.</p>
<p>According to the indictment, the four referees traded first-class  airline tickets provided by the league for cheaper coach class tickets,  pocketed the difference and did not report the financial gains on  their federal income tax returns.</p>
</text>
<copyright>(c) Reuters Limited 1997</copyright>
<metadata>
<codes class="bip:countries:1.0">
  <code code="USA">
    <editdetail attribution="Reuters BIP Coding Group" action="confirmed" date="1997-08-01"/>
  </code>
</codes>
<codes class="bip:topics:1.0">
  <code code="GCAT">
    <editdetail attribution="Reuters BIP Coding Group" action="confirmed" date="1997-08-01"/>
  </code>
  <code code="GSPO">
    <editdetail attribution="Reuters BIP Coding Group" action="confirmed" date="1997-08-01"/>
  </code>
</codes>
<dc element="dc.date.created" value="1997-08-01"/>
<dc element="dc.publisher" value="Reuters Holdings Plc"/>
<dc element="dc.date.published" value="1997-08-01"/>
<dc element="dc.source" value="Reuters"/>
<dc element="dc.creator.location" value="NEW YORK"/>
<dc element="dc.creator.location.country.name" value="USA"/>
<dc element="dc.source" value="Reuters"/>
</metadata>
</newsitem>
