<?xml version="1.0" encoding="iso-8859-1" ?>
<newsitem itemid="771664" id="root" date="1997-08-01" xml:lang="en">
<title>SINGAPORE: Asia Gas Oil/Jet-Diesel down on India's low import.</title>
<headline>Asia Gas Oil/Jet-Diesel down on India's low import.</headline>
<dateline>SINGAPORE 1997-08-01</dateline>
<text>
<p>Singapore's gas oil prices fell on talk  that state-owned Indian Oil Corp (IOC) took only 90,000 tonnes in  two cargoes in its tender for September delivery, traders said on  Friday.</p>
<p>This was much lower than the 200,000-300,000 tonnes that the market  had anticipated earlier and was expected to send bearish ripples through  the market next week. India took 165,000 tonnes in August.</p>
<p>Traders said IOC awarded both cargoes to the east coast at around  47 cents per barrel above Singapore spot quotes, cost-and-freight  basis, to Shell and Cargill each.  </p>
<p>But parties named in the tender said they expect IOC to confirm the  award later this evening or on Saturday.</p>
<p>The softer sentiment on Singapore gas oil market were seen even earlier  after it had hit the near-term peak of $22.85 per barrel and was testing  the $23.00-mark, traders said on Friday.</p>
<p>They said expectation of a resurgence in Chinese buying has not yet  materialised. This together with India's low award has put a damper  on the earlier buoyant market.  </p>
<p>Gas oil prices have gained $3.00 over the last three weeks after hitting  a low of $19.85, and traded at $22.85 on Tuesday. Since then, sellers  were trying to test the $23.00-mark but buyers stayed away as regional  demand outlets were unclear.</p>
<p>On Friday, three sellers appeared at $22.80, free-on-board (fob) basis,  15 cents below Thursday's offers, but buyers remained aloof and their  nervousness were proven to a certain extent by India's small award.   </p>
<p>But demand has emerged from Nepal in September. It has issued a tender  to buy 30,000 tonnes of 0.5 percent sulphur gas oil for September  21-30 delivery. The tender will close on August 13, traders said.</p>
<p>Amid the bearish near-term outlook, some traders said supplies in  the MidEast are tight up to mid-August.</p>
<p>They said this could be the reason why fewer MidEast gas oil supplies  are heading to East Asia.  </p>
<p>Swaps gas oil values also fell as sellers emerged in force on sentiment  that the market has been overbought. August lost 50 cebnts to be last  quoted at $22.45/$22.55, while September 30 cents to be last indicated  at $23.15/$23.25.</p>
<p>Jet fuel was offered higher with three sellers indicating at $23.00  per barrel for mid-August, fob.</p>
<p>Traders said the market was in steep contango as oil companies and  traders stock up supplies in anticipation of healthy winter demand.   </p>
<p>(Prices in dollars per barrel)</p>
<p> MTH FOB SIN		     BUY/SELL     PREV BUY/SELL</p>
<p> AUG JET KEROSENE/KERO     22.40/23.00	 22.40/22.95</p>
<p> AUG GAS OIL 0.5% S	  22.30/22.80	 22.50/23.00</p>
<p> AUG JET/GAS OIL SWAPS	0.50/0.70	   0.30/0.40</p>
<p> AUG GAS OIL SWAPS	   22.45/22.55	 22.95/23.05</p>
<p> SEP GAS OIL SWAPS	   23.15/23.25	 23.45/23.55</p>
<p>-- Singapore Newsroom (+65-870 3084)</p>
</text>
<copyright>(c) Reuters Limited 1997</copyright>
<metadata>
<codes class="bip:countries:1.0">
  <code code="INDIA">
    <editdetail attribution="Reuters BIP Coding Group" action="confirmed" date="1997-08-01"/>
  </code>
  <code code="SINGP">
    <editdetail attribution="Reuters BIP Coding Group" action="confirmed" date="1997-08-01"/>
  </code>
</codes>
<codes class="bip:topics:1.0">
  <code code="M14">
    <editdetail attribution="Reuters BIP Coding Group" action="confirmed" date="1997-08-01"/>
  </code>
  <code code="M143">
    <editdetail attribution="Reuters BIP Coding Group" action="confirmed" date="1997-08-01"/>
  </code>
  <code code="MCAT">
    <editdetail attribution="Reuters BIP Coding Group" action="confirmed" date="1997-08-01"/>
  </code>
</codes>
<dc element="dc.date.created" value="1997-08-01"/>
<dc element="dc.publisher" value="Reuters Holdings Plc"/>
<dc element="dc.date.published" value="1997-08-01"/>
<dc element="dc.source" value="Reuters"/>
<dc element="dc.creator.location" value="SINGAPORE"/>
<dc element="dc.creator.location.country.name" value="SINGAPORE"/>
<dc element="dc.source" value="Reuters"/>
</metadata>
</newsitem>
