<?xml version="1.0" encoding="iso-8859-1" ?>
<newsitem itemid="771695" id="root" date="1997-08-01" xml:lang="en">
<title>INDIA: FII holding in Mastek 26 pct-India RBI.</title>
<headline>FII holding in Mastek 26 pct-India RBI.</headline>
<dateline>BOMBAY 1997-08-01</dateline>
<text>
<p>The Reserve Bank of India (RBI) on Friday  barred foreign institutional investors (FIIs) from purchasing equity  in Indian software firm Mastek Ltd. without prior clearance from the  central bank.</p>
<p>RBI said it was taking this step because FII holdings in Mastek had  reached 26 percent.  </p>
<p>&quot;The Reserve Bank of India has notified that the aggregate net purchases  of equity shares of Mastek Ltd by FIIs in the primary/secondary market  together with purchases made by NRIs and OCBs under the portfolio  investment scheme have reached 26 percent of paid-up equity capital,&quot;  an RBI spokeswoman said.</p>
<p>The bank also included purchases made by Non-Resident Indians (NRIs)  and Overseas Corporate Bodies (OCBs) in fixing the limit.</p>
<p>The statement added, &quot;No futher purchases iof equity shares in this  company should be made without prior clearance of the Reserve Bank.&quot;</p>
<p>-- Bombay Newsroom +91-22-265 9000</p>
</text>
<copyright>(c) Reuters Limited 1997</copyright>
<metadata>
<codes class="bip:countries:1.0">
  <code code="INDIA">
    <editdetail attribution="Reuters BIP Coding Group" action="confirmed" date="1997-08-01"/>
  </code>
</codes>
<codes class="bip:industries:1.0">
  <code code="I33020">
    <editdetail attribution="Reuters BIP Coding Group" action="confirmed" date="1997-08-01"/>
  </code>
</codes>
<codes class="bip:topics:1.0">
  <code code="C13">
    <editdetail attribution="Reuters BIP Coding Group" action="confirmed" date="1997-08-01"/>
  </code>
  <code code="C18">
    <editdetail attribution="Reuters BIP Coding Group" action="confirmed" date="1997-08-01"/>
  </code>
  <code code="C181">
    <editdetail attribution="Reuters BIP Coding Group" action="confirmed" date="1997-08-01"/>
  </code>
  <code code="CCAT">
    <editdetail attribution="Reuters BIP Coding Group" action="confirmed" date="1997-08-01"/>
  </code>
</codes>
<dc element="dc.date.created" value="1997-08-01"/>
<dc element="dc.publisher" value="Reuters Holdings Plc"/>
<dc element="dc.date.published" value="1997-08-01"/>
<dc element="dc.source" value="Reuters"/>
<dc element="dc.creator.location" value="BOMBAY"/>
<dc element="dc.creator.location.country.name" value="INDIA"/>
<dc element="dc.source" value="Reuters"/>
</metadata>
</newsitem>
