<?xml version="1.0" encoding="iso-8859-1" ?>
<newsitem itemid="771619" id="root" date="1997-08-01" xml:lang="en">
<title>USA: BASEBALL-THURSDAY'S MAJOR LEAGUE RESULTS.</title>
<headline>BASEBALL-THURSDAY'S MAJOR LEAGUE RESULTS.</headline>
<dateline>NEW YORK 1997-08-01</dateline>
<text>
<p>Results of Major League</p>
<p>Baseball games on Thursday (home team in CAPS):</p>
<p>	    National League</p>
<p> FLORIDA	    1   Atlanta	  0</p>
<p> MONTREAL	   9   San Diego	2</p>
<p> PHILADELPHIA     2   St Louis	 1 (10 innings)</p>
<p> PITTSBURGH	 4   Colorado	 1</p>
<p> Los Angeles	4   CHICAGO	  1</p>
<p>	    American League</p>
<p> DETROIT	    4   Toronto	  2</p>
<p> KANSAS CITY	3   Boston	   2 (10 innings)</p>
<p> MILWAUKEE	  2   Seattle	  1</p>
<p> Chicago	   14   ANAHEIM	 12</p>
<p> Baltimore	  4   OAKLAND	  0 (11 innings)</p>
</text>
<copyright>(c) Reuters Limited 1997</copyright>
<metadata>
<codes class="bip:countries:1.0">
  <code code="CANA">
    <editdetail attribution="Reuters BIP Coding Group" action="confirmed" date="1997-08-01"/>
  </code>
  <code code="USA">
    <editdetail attribution="Reuters BIP Coding Group" action="confirmed" date="1997-08-01"/>
  </code>
</codes>
<codes class="bip:topics:1.0">
  <code code="GCAT">
    <editdetail attribution="Reuters BIP Coding Group" action="confirmed" date="1997-08-01"/>
  </code>
  <code code="GSPO">
    <editdetail attribution="Reuters BIP Coding Group" action="confirmed" date="1997-08-01"/>
  </code>
</codes>
<dc element="dc.date.created" value="1997-08-01"/>
<dc element="dc.publisher" value="Reuters Holdings Plc"/>
<dc element="dc.date.published" value="1997-08-01"/>
<dc element="dc.source" value="Reuters"/>
<dc element="dc.creator.location" value="NEW YORK"/>
<dc element="dc.creator.location.country.name" value="USA"/>
<dc element="dc.source" value="Reuters"/>
</metadata>
</newsitem>
