<?xml version="1.0" encoding="iso-8859-1" ?>
<newsitem itemid="771644" id="root" date="1997-08-01" xml:lang="en">
<title>GREECE: ATHLETICS-TROUBLED PEREC INSISTS SHE CAN STILL WIN GOLD.</title>
<headline>ATHLETICS-TROUBLED PEREC INSISTS SHE CAN STILL WIN GOLD.</headline>
<dateline>ATHENS 1997-08-01</dateline>
<text>
<p>Double Olympic champion Marie-Jose Perec,  who made a last-minute decision to come to Athens, insisted on Friday  she could still take gold over 200 metres at the sixth world championships  starting on Saturday.</p>
<p>&quot;If I didn't believe I could win, I wouldn't be here,&quot; the Frenchwoman  said. &quot;Obviously, I'm not as strong as I was a year ago. I think I'm  at 80 percent but that could be enough.&quot;</p>
<p>Asked if that meant she thought she could win, she smiled: &quot;Well,  yes. It'll be a tight, open race but I do think I stand a chance.&quot;</p>
<p>Far from the awesome form she displayed last year to win both the  200 and the 400 metres in Atlanta, Perec lost all three of the 200  metres races she entered this year.</p>
<p>&quot;It's been a funny season, I can't remember having one like that before,&quot;  said the 29-year-old from Guadeloupe, whose preparation has been hampered  by a stress fracture on her left shin bone followed by illness.</p>
<p>&quot;Medical tests showed I was exhausted,&quot; she explained. &quot;It's probably  a virus I caught without knowing. Anyway, I've been resting for the  last few weeks and I'm feeling better every day.&quot;</p>
<p>Perec, who first said she would miss the championships before changing  her mind, brushed aside suggestions that pressure from athletics officials  had made her come.</p>
<p>&quot;No, it was my decision,&quot; she said. &quot;It was hard to motivate myself  for the meetings but a major championship is different. I'm a girl  who runs for medals, I like that.&quot;</p>
<p>Perec said she would concentrate on the 200 metres because she felt  she had nothing more to prove in the one-lap race.</p>
<p>&quot;I've won everything in the 400 metres,&quot; said Perec, who took the  world title for that distance two years ago in Gothenburg. &quot;I showed  I was the best in the world and I needed a new challenge.&quot;</p>
<p>She nominated Jamaican Merlene Ottey, who won 200 metres gold in the  last two world championships, as her main rival for victory in Athens.  &quot;Definitely, Merlene will be the one to beat,&quot; she said.</p>
<p>Perec conceded she should have needed a bit more time to train to  be at her best but she would not let that harm her confidence.</p>
<p>&quot;To be honest, I don't really know how good I am,&quot; she said. &quot;I've  done only three meetings this year. But I'll try as hard as I can.  Winning has always been my goal and I've never been afraid of anybody.&quot;</p>
<p>Perec, often criticised in France for her decision to live in the  United States, where she trains with Los Angeles-based guru John Smith,  chose to stay outside Athens with Smith's other athletes rather than  with the French team.</p>
<p>&quot;That's the way it is and I don't care what people say about it,&quot;  she said, adding she had no plans of returning to France. &quot;I think  I'll stay in the United States for the next 10 years,&quot; she said.</p>
<p>Living in California, she said, could help her shine in Greece.</p>
<p>&quot;Los Angeles is just as hot and just as polluted as Athens,&quot; she said.</p>
</text>
<copyright>(c) Reuters Limited 1997</copyright>
<metadata>
<codes class="bip:countries:1.0">
  <code code="FRA">
    <editdetail attribution="Reuters BIP Coding Group" action="confirmed" date="1997-08-01"/>
  </code>
  <code code="GREECE">
    <editdetail attribution="Reuters BIP Coding Group" action="confirmed" date="1997-08-01"/>
  </code>
</codes>
<codes class="bip:topics:1.0">
  <code code="GCAT">
    <editdetail attribution="Reuters BIP Coding Group" action="confirmed" date="1997-08-01"/>
  </code>
  <code code="GSPO">
    <editdetail attribution="Reuters BIP Coding Group" action="confirmed" date="1997-08-01"/>
  </code>
</codes>
<dc element="dc.date.created" value="1997-08-01"/>
<dc element="dc.publisher" value="Reuters Holdings Plc"/>
<dc element="dc.date.published" value="1997-08-01"/>
<dc element="dc.source" value="Reuters"/>
<dc element="dc.creator.location" value="ATHENS"/>
<dc element="dc.creator.location.country.name" value="GREECE"/>
<dc element="dc.source" value="Reuters"/>
</metadata>
</newsitem>
