<?xml version="1.0" encoding="iso-8859-1" ?>
<newsitem itemid="771655" id="root" date="1997-08-01" xml:lang="en">
<title>PAPUA NEW GUINEA: GOVERNMENT LIST.</title>
<headline>GOVERNMENT LIST.</headline>
<text>
<p>PAPUA NEW GUINEA GOVERNMENT LIST (970801)</p>
<p> Governor-General (elected 11 Nov 91)..........Sir Wiwa KOROWI</p>
<p>			    - - - - - -</p>
<p>Prime Minister (elected 22 July 97).Bill SKATE</p>
<p> Deputy Prime Minister............Chris HAIVETA</p>
<p>(Also Minister of Planning &amp; Implementation)</p>
<p>			    - - - - - -</p>
<p>PEOPLE'S NATIONAL CONGRESS, PEOPLE'S PROGRESSIVE PARTY, PANGU</p>
<p>PARTY COALITION GOVERNMENT (Formed 29 July 1997)</p>
<p>MINISTERS:</p>
<p> Agriculture &amp; Livestock...........Andrew BAING</p>
<p> Bougainville Affairs...............Sam AKOITAI</p>
<p> Commerce &amp; Industry..............Nakikus KONGA</p>
<p> Communications.......Simeon WAI</p>
<p> Defence..............Mao ZEMING</p>
<p>Education, Culture &amp; Science....Gabriel DUSAVA</p>
<p> Environment &amp; Conservation.......Robert SAKIAS</p>
<p> Finance................Roy YAKI</p>
<p> Fisheries...........Kala SWOKIN</p>
<p> Foreign Affairs....Kilroy GENIA</p>
<p> Forests...........Dr Fabian POK</p>
<p> Government Whip....Peter WAIENG</p>
<p> Health..............Ludger MOND</p>
<p> Home Affairs, Youth &amp; Women......Muku TARANUPI</p>
<p> Housing............Robert NAGLE</p>
<p> Industrial Relations...............Samson NAPO</p>
<p> Internal Affairs..Thomas PELIKA</p>
<p> Justice..............Jacob WAMA</p>
<p> Lands.............Viviso SERAVO</p>
<p> Mining.........Ian LING-STUCKEY</p>
<p> Petroleum &amp; Energy..............Castan MAIBAWA</p>
<p> Planning &amp; Implementation........See Deputy PM</p>
<p> Provincial &amp; Local Government Affairs.............Simon KAUMI</p>
<p> Public Service.....Iairo LASARO</p>
<p> State..............Sir PITA Lus</p>
<p> Trade &amp; Tourism....Michael NALI</p>
<p> Transport &amp; Civil Aviation......Philemon EMBEL</p>
<p> Works.............Dibara YAGABO</p>
<p>			    - - - - - - -</p>
<p> Speaker of the National Parliament.........Sir RABBIE Namaliu</p>
<p>			    - - - - - - -</p>
<p> Central Bank Governor............Koiari TARATA</p>
<p>(Bank of Papua New Guinea)</p>
<p>			    - - - - - - -</p>
<p>	  NOTE: Any comments/queries on the content of this</p>
<p>		 government list, please contact the Reuter</p>
<p>		 Editorial Reference Unit, London, on (171) 542</p>
<p>		 7968.</p>
<p>			    (End Government List)</p>
</text>
<copyright>(c) Reuters Limited 1997</copyright>
<metadata>
<codes class="bip:countries:1.0">
  <code code="PAPNG">
    <editdetail attribution="Reuters BIP Coding Group" action="confirmed" date="1997-08-01"/>
  </code>
</codes>
<codes class="bip:topics:1.0">
  <code code="GCAT">
    <editdetail attribution="Reuters BIP Coding Group" action="confirmed" date="1997-08-01"/>
  </code>
  <code code="GPOL">
    <editdetail attribution="Reuters BIP Coding Group" action="confirmed" date="1997-08-01"/>
  </code>
</codes>
<dc element="dc.publisher" value="Reuters Holdings Plc"/>
<dc element="dc.date.published" value="1997-08-01"/>
<dc element="dc.source" value="Reuters"/>
<dc element="dc.creator.location.country.name" value="PAPUA NEW GUINEA"/>
<dc element="dc.source" value="Reuters"/>
</metadata>
</newsitem>
