<?xml version="1.0" encoding="iso-8859-1" ?>
<newsitem itemid="771603" id="root" date="1997-08-01" xml:lang="en">
<title>ARGENTINA: SOCCER-ARGENTINE PLAYERS STAY ON STRIKE.</title>
<headline>SOCCER-ARGENTINE PLAYERS STAY ON STRIKE.</headline>
<dateline>BUENOS AIRES 1997-08-01</dateline>
<text>
<p>Argentine soccer fans face a second  blank weekend as players remain on strike.</p>
<p>With only a handful of league matches remaining, the players refused  to play ago 10 days ago and said they would not return until first  division Deportivo Espanol allow six players, whose contracts expired  on June 30, to move to other clubs.</p>
<p>The Argentine Labour Ministry ruled the strike illegal on Thursday  but Juan Sune, the lawyer representing the players' union, said: &quot;Soccer  will be not be played until the six players are released.&quot;</p>
</text>
<copyright>(c) Reuters Limited 1997</copyright>
<metadata>
<codes class="bip:countries:1.0">
  <code code="ARG">
    <editdetail attribution="Reuters BIP Coding Group" action="confirmed" date="1997-08-01"/>
  </code>
</codes>
<codes class="bip:topics:1.0">
  <code code="GCAT">
    <editdetail attribution="Reuters BIP Coding Group" action="confirmed" date="1997-08-01"/>
  </code>
  <code code="GSPO">
    <editdetail attribution="Reuters BIP Coding Group" action="confirmed" date="1997-08-01"/>
  </code>
</codes>
<dc element="dc.date.created" value="1997-08-01"/>
<dc element="dc.publisher" value="Reuters Holdings Plc"/>
<dc element="dc.date.published" value="1997-08-01"/>
<dc element="dc.source" value="Reuters"/>
<dc element="dc.creator.location" value="BUENOS AIRES"/>
<dc element="dc.creator.location.country.name" value="ARGENTINA"/>
<dc element="dc.source" value="Reuters"/>
</metadata>
</newsitem>
