<?xml version="1.0" encoding="iso-8859-1" ?>
<newsitem itemid="771667" id="root" date="1997-08-01" xml:lang="en">
<title>INDIA: Orthodox tea at Calcutta - Aug 1.</title>
<headline>Orthodox tea at Calcutta - Aug 1.</headline>
<text>
<p>INR/Kg						 Low	High</p>
<p>CCU MedAssam W/L		Wh. Leaf	90.00    100.00</p>
<p>CCU MedAssam		    Brokens	 76.00     85.00</p>
<p>CCU MedAssam		    Fannings	66.00     69.00</p>
<p>CCU GoodAssam W/L	     Wh. Leaf     105.00    125.00</p>
<p>CCU GoodAssam		   Brokens	 90.00    100.00</p>
<p>CCU GoodAssam		   Fannings	70.00     74.00</p>
</text>
<copyright>(c) Reuters Limited 1997</copyright>
<metadata>
<codes class="bip:countries:1.0">
  <code code="INDIA">
    <editdetail attribution="Reuters BIP Coding Group" action="confirmed" date="1997-08-01"/>
  </code>
</codes>
<codes class="bip:topics:1.0">
  <code code="M14">
    <editdetail attribution="Reuters BIP Coding Group" action="confirmed" date="1997-08-01"/>
  </code>
  <code code="M141">
    <editdetail attribution="Reuters BIP Coding Group" action="confirmed" date="1997-08-01"/>
  </code>
  <code code="MCAT">
    <editdetail attribution="Reuters BIP Coding Group" action="confirmed" date="1997-08-01"/>
  </code>
</codes>
<dc element="dc.publisher" value="Reuters Holdings Plc"/>
<dc element="dc.date.published" value="1997-08-01"/>
<dc element="dc.source" value="Reuters"/>
<dc element="dc.creator.location.country.name" value="INDIA"/>
<dc element="dc.source" value="Reuters"/>
</metadata>
</newsitem>
