<?xml version="1.0" encoding="iso-8859-1" ?>
<newsitem itemid="771611" id="root" date="1997-08-01" xml:lang="en">
<title>USA: NBA BASKETBALL-ROCKETS GIVE TOMJANOVICH FOUR MORE YEARS.</title>
<headline>NBA BASKETBALL-ROCKETS GIVE TOMJANOVICH FOUR MORE YEARS.</headline>
<dateline>HOUSTON, Texas 1997-08-01</dateline>
<text>
<p>The Houston Rockets extended head  coach Rudy Tomjanovich's contract on Friday through the 2000-01 season.  Terms were not disclosed.</p>
<p>Tomjanovich just completed his 27th season with the Rockets and sixth  as head coach.</p>
<p>He has a 281-159 regular-season record and is 48-33 in the playoffs,  including NBA Championships in 1994 and 1995. The team rewarded Tomjanovich  with a new five-year deal following the second title.</p>
<p>&quot;Winning is what the Rockets aim for every year,&quot; said Rockets owner  and president Leslie Alexander. &quot;We're very fortunate in Houston that  we have a team and a coach who can achieve the success that the Rockets  want for our fans in this city.</p>
<p>&quot;We are really looking forward to this season with very high hopes,  notwithstanding Michael (Jordan). We can beat the Bulls,&quot; Alexander  said.</p>
<p>Tomjanovich played 11 seasons with the Rockets, averaging 17.4 points  and 8.1 rebounds in 768 career contests. He was an assistant coach  and a scout for six years before becoming a full-time assistant in  1988. After Don Chaney was fired in 1992, the Rockets appointed Tomjanovich  as his replacement.</p>
<p>After acquiring All-Star forward Charles Barkley in a trade with Phoenix  last summer, Houston went 57-25 in 1996-97 before losing to Utah in  the Western Conference finals.</p>
</text>
<copyright>(c) Reuters Limited 1997</copyright>
<metadata>
<codes class="bip:countries:1.0">
  <code code="USA">
    <editdetail attribution="Reuters BIP Coding Group" action="confirmed" date="1997-08-01"/>
  </code>
</codes>
<codes class="bip:topics:1.0">
  <code code="GCAT">
    <editdetail attribution="Reuters BIP Coding Group" action="confirmed" date="1997-08-01"/>
  </code>
  <code code="GSPO">
    <editdetail attribution="Reuters BIP Coding Group" action="confirmed" date="1997-08-01"/>
  </code>
</codes>
<dc element="dc.date.created" value="1997-08-01"/>
<dc element="dc.publisher" value="Reuters Holdings Plc"/>
<dc element="dc.date.published" value="1997-08-01"/>
<dc element="dc.source" value="Reuters"/>
<dc element="dc.creator.location" value="HOUSTON, Texas"/>
<dc element="dc.creator.location.country.name" value="USA"/>
<dc element="dc.source" value="Reuters"/>
</metadata>
</newsitem>
