<?xml version="1.0" encoding="iso-8859-1" ?>
<newsitem itemid="771605" id="root" date="1997-08-01" xml:lang="en">
<title>AUSTRALIA: SOCCER-FOSTER BOUND FOR PORTSMOUTH.</title>
<headline>SOCCER-FOSTER BOUND FOR PORTSMOUTH.</headline>
<dateline>SYDNEY 1997-08-01</dateline>
<text>
<p>Australian midfielder Craig Foster on Friday  said he was poised to sign for English first division club Portsmouth.</p>
<p>He would join a recent exodus of international team mates to Portsmouth  where Australia national coach Terry Venables is director of football.  Australian goalkeeper Zeljko Kalac and fellow midfielder Robert Enes  are already at Fratton Park.</p>
<p>&quot;Hopefully, I can keep a first team spot at Portsmouth,&quot; said Foster,  who plays for Sydney-based national league club Marconi.</p>
<p>He helped Australia win the Oceania zone qualifying group for next  year's World Cup finals in France. They now face a final qualifier  against an Asian opponent later this year.</p>
</text>
<copyright>(c) Reuters Limited 1997</copyright>
<metadata>
<codes class="bip:countries:1.0">
  <code code="AUSTR">
    <editdetail attribution="Reuters BIP Coding Group" action="confirmed" date="1997-08-01"/>
  </code>
  <code code="UK">
    <editdetail attribution="Reuters BIP Coding Group" action="confirmed" date="1997-08-01"/>
  </code>
</codes>
<codes class="bip:topics:1.0">
  <code code="GCAT">
    <editdetail attribution="Reuters BIP Coding Group" action="confirmed" date="1997-08-01"/>
  </code>
  <code code="GSPO">
    <editdetail attribution="Reuters BIP Coding Group" action="confirmed" date="1997-08-01"/>
  </code>
</codes>
<dc element="dc.date.created" value="1997-08-01"/>
<dc element="dc.publisher" value="Reuters Holdings Plc"/>
<dc element="dc.date.published" value="1997-08-01"/>
<dc element="dc.source" value="Reuters"/>
<dc element="dc.creator.location" value="SYDNEY"/>
<dc element="dc.creator.location.country.name" value="AUSTRALIA"/>
<dc element="dc.source" value="Reuters"/>
</metadata>
</newsitem>
