<?xml version="1.0" encoding="iso-8859-1" ?>
<newsitem itemid="771768" id="root" date="1997-08-01" xml:lang="en">
<title>INDIA: India's Alliance Capital mutual fund NAV up 52 pct.</title>
<headline>India's Alliance Capital mutual fund NAV up 52 pct.</headline>
<dateline>BOMBAY 1997-08-01</dateline>
<text>
<p>Alliance Capital Asset Management Company  said on Friday the net asset value of its balanced mutual fund 'Alliance  '95 Fund' rose 52 percent to 13.71 rupees on Thursday from 9.02 rupees  on December 31, 1996  </p>
<p>&quot;We have got some very powerful numbers,&quot; Alliance Capital's country  manager Ajai Kaul told Reuters, referring to the sharp rise in the  fund's net asset value (NAV).</p>
<p>Alliance '95 is a balanced fund, with 60 percent of its corpus invested  in equities and 40 percent in debt.</p>
<p>&quot;We have beaten the BSE-200 index by a wide margin.&quot;</p>
<p>The rise in NAV is significant as 40 percent of Alliance '95 is invested  in fixed income securities, Kaul said.</p>
<p>Alliance Capital Asset Management Company is the Indian affiliate  of the U.S. fund manager Alliance Capital.</p>
<p>Kaul said Alliance Capital followed a strategy of staying away from  economy-sensitive sectors in a year marked by an economic slowdown.</p>
<p>&quot;We stayed away from cement and steel and focused on fast moving consumer  goods, information technology and pharmaceuticals. These sectors are  doing well,&quot; he said.</p>
<p>Alliance '95 has a corpus of about 470 million rupees.</p>
<p>-- Shyam Kumar, Bombay newsroom +91-22-265 9000</p>
</text>
<copyright>(c) Reuters Limited 1997</copyright>
<metadata>
<codes class="bip:countries:1.0">
  <code code="INDIA">
    <editdetail attribution="Reuters BIP Coding Group" action="confirmed" date="1997-08-01"/>
  </code>
</codes>
<codes class="bip:topics:1.0">
  <code code="C15">
    <editdetail attribution="Reuters BIP Coding Group" action="confirmed" date="1997-08-01"/>
  </code>
  <code code="C151">
    <editdetail attribution="Reuters BIP Coding Group" action="confirmed" date="1997-08-01"/>
  </code>
  <code code="CCAT">
    <editdetail attribution="Reuters BIP Coding Group" action="confirmed" date="1997-08-01"/>
  </code>
</codes>
<dc element="dc.date.created" value="1997-08-01"/>
<dc element="dc.publisher" value="Reuters Holdings Plc"/>
<dc element="dc.date.published" value="1997-08-01"/>
<dc element="dc.source" value="Reuters"/>
<dc element="dc.creator.location" value="BOMBAY"/>
<dc element="dc.creator.location.country.name" value="INDIA"/>
<dc element="dc.source" value="Reuters"/>
</metadata>
</newsitem>
