<?xml version="1.0" encoding="iso-8859-1" ?>
<newsitem itemid="771729" id="root" date="1997-08-01" xml:lang="en">
<title>INDIA: Indian call quiet, gilts end firm in two-way trade.</title>
<headline>Indian call quiet, gilts end firm in two-way trade.</headline>
<dateline>BOMBAY 1997-08-01</dateline>
<text>
<p>Indian call money was largely inactive on  Friday while securities ended slightly up after volatile trade, dealers  said.</p>
<p>Call money ended at 0.1-0.5 percent against opening quotes of 0.75-1.25  percent.</p>
<p>Dealers said there was little trade in call money on Friday, as it  is the fortnightly reporting day for banks.</p>
<p>Three-day money ended at 3.74-4.25 percent after opening at 4.0-4.5  percent, they said.</p>
<p>&quot;Given today's rates for three-day money, call should open around  6.0 percent tomorrow,&quot; said a foreign bank dealer.</p>
<p>Other dealers said the light volumes traded in three-day money made  it difficult to forecast Saturday's rates.</p>
<p>Governemnt securities ended with slight increases but trade was volatile  with two-way movement in prices, dealers said.</p>
<p>&quot;Prices moved up in the opening session, fell mid-way and moved up  again towards close,&quot; said a dealer. &quot;With quite a few traders funding  their securities trade thorugh call money, a lot depends on how call  opens tomorrow.&quot;</p>
<p>The 11.83 percent 2003 government stock rose to 102.90 rupees from  its previous close of 102.75 rupees, while the 12.59 percent 2004  ended at 105.88 rupees, off the morning's high of 105.90 but up from  Thursday's 105.78 rupees.</p>
<p>The 10.85 percent 2001 improved to 100.85 rupees from 100.77 rupees.</p>
<p>October-maturity treasury bills yielded 6.45 percent against Thursday's  6.35 percent, dealers said.</p>
<p>A certificate of deposit maturing in mid-August was traded at a yield  of 7.0 percent.</p>
<p>-- Bombay newsroom +91-22-265 9000</p>
</text>
<copyright>(c) Reuters Limited 1997</copyright>
<metadata>
<codes class="bip:countries:1.0">
  <code code="INDIA">
    <editdetail attribution="Reuters BIP Coding Group" action="confirmed" date="1997-08-01"/>
  </code>
</codes>
<codes class="bip:topics:1.0">
  <code code="M12">
    <editdetail attribution="Reuters BIP Coding Group" action="confirmed" date="1997-08-01"/>
  </code>
  <code code="MCAT">
    <editdetail attribution="Reuters BIP Coding Group" action="confirmed" date="1997-08-01"/>
  </code>
</codes>
<dc element="dc.date.created" value="1997-08-01"/>
<dc element="dc.publisher" value="Reuters Holdings Plc"/>
<dc element="dc.date.published" value="1997-08-01"/>
<dc element="dc.source" value="Reuters"/>
<dc element="dc.creator.location" value="BOMBAY"/>
<dc element="dc.creator.location.country.name" value="INDIA"/>
<dc element="dc.source" value="Reuters"/>
</metadata>
</newsitem>
