<?xml version="1.0" encoding="iso-8859-1" ?>
<newsitem itemid="771721" id="root" date="1997-08-01" xml:lang="en">
<title>INDIA: India rupee dips sharply as importers, RBI buy dlr.</title>
<headline>India rupee dips sharply as importers, RBI buy dlr.</headline>
<dateline>BOMBAY 1997-08-01</dateline>
<text>
<p>The rupee fell sharply against the dollar  on Friday as the Reserve Bank of India (RBI) took advantage of a rare  rising trend in corporate demand to push down the overvalued Indian  currency, dealers said.</p>
<p>&quot;It is a good strategy -- hit on a day when there is good demand (for  dollars),&quot; said the chief dealer at a private bank.</p>
<p>&quot;That will take the pressure off their backs for some time.&quot;</p>
<p>The spot rupee opened Friday steady at 35.705/710. Most of the morning  transactions were at 35.72/73 as rising corporate demand for dollars,  seen on Thursday, continued, dealers said.</p>
<p>The Industrial Development Bank of India sold dollars, leading to  a mild rise in the rupee which did not last.</p>
<p>In a smart move, the RBI struck the market repeatedly, buying dollars  in the forward market and pushing down the rupee from 35.74 level  to 35.76, dealers said.</p>
<p>RBI purchases aggravated the corporate demand, pushing the rupee to  a low of 35.82 on Friday. The rupee has been trading at 35.69/71 range  in recent weeks, thanks to RBI intervention.</p>
<p>&quot;It was the right move -- coming when demand is there,&quot; said the chief  dealer at a state-run bank in Bombay. &quot;This way, he can move the market  with less volumes.&quot;</p>
<p>&quot;When there is demand, intervention becomes meaningful and effective,&quot;  said Moses Harding, chief dealer at IndusInd Bank.</p>
<p>Spot rupee closed Friday at 35.78/79 against the dollar.</p>
<p>In the recent past, the RBI had bought as much as $80 million in one  day with little impact on the exchange rate, he said. The RBI has  been intervening all these days against the backdrop of lack of dollar  demand and abundant supplies.</p>
<p>On Friday, RBI's purchases are estimated at just under $40 million,  bankers said. But the impact of its intervention far exceeded the  small amount of its intervention, they said.</p>
<p>RBI bought outright dollars in October, December and January maturities,  dealers said.</p>
<p>&quot;It's a combination of factors -- RBI buying, import covering and  some inter-bank short-covering,&quot; a dealer said.</p>
<p>The rupee saw a high of 35.71 and a low of 35.82 on Friday.</p>
<p>The impact of RBI's intervention in the forward market -- its recent  intervention has been in the spot section -- pushed up premiums by  nearly eight paise, dealers said.</p>
<p>&quot;Premiums have not moved for one month, but rose sharply today,&quot; said  a delighted dealer, saying the market had at last become interesting.  The sentiment is expected to continue next week, dealers said.</p>
<p>The six-month annualised premium closed Friday at 3.85 percent, up  from the previous 3.64 percent.</p>
<p>Some dealers said RBI was focusing on the forwards to help Indian  exporters who have been complaining about the overvalued rupee hurting  Indian competitiveness.</p>
<p>&quot;But I don't see the six-month premiums going beyond the 4.0-4.5 percent  range,&quot; Harding of IndusInd Bank said.</p>
<p>&quot;For the past two days, importers have been covering, fearing some  action at depreciating the rupee,&quot; a dealer said.</p>
<p>-- Bombay newsroom +91-22-265 9000</p>
</text>
<copyright>(c) Reuters Limited 1997</copyright>
<metadata>
<codes class="bip:countries:1.0">
  <code code="INDIA">
    <editdetail attribution="Reuters BIP Coding Group" action="confirmed" date="1997-08-01"/>
  </code>
</codes>
<codes class="bip:topics:1.0">
  <code code="M13">
    <editdetail attribution="Reuters BIP Coding Group" action="confirmed" date="1997-08-01"/>
  </code>
  <code code="M132">
    <editdetail attribution="Reuters BIP Coding Group" action="confirmed" date="1997-08-01"/>
  </code>
  <code code="MCAT">
    <editdetail attribution="Reuters BIP Coding Group" action="confirmed" date="1997-08-01"/>
  </code>
</codes>
<dc element="dc.date.created" value="1997-08-01"/>
<dc element="dc.publisher" value="Reuters Holdings Plc"/>
<dc element="dc.date.published" value="1997-08-01"/>
<dc element="dc.source" value="Reuters"/>
<dc element="dc.creator.location" value="BOMBAY"/>
<dc element="dc.creator.location.country.name" value="INDIA"/>
<dc element="dc.source" value="Reuters"/>
</metadata>
</newsitem>
