<?xml version="1.0" encoding="iso-8859-1" ?>
<newsitem itemid="771887" id="root" date="1997-08-01" xml:lang="en">
<title>SOUTH AFRICA: Amplats profits seen down on prices, strike.</title>
<headline>Amplats profits seen down on prices, strike.</headline>
<byline>Marius Bosch</byline>
<dateline>JOHANNESBURG 1997-08-01</dateline>
<text>
<p>Anglo American Platinum Corp Ltd (Amplats)  is set to report reduced earnings next week. A recent rally in Platinum  Group Metals prices could have come too late to salvage the company's  results, analysts said on Friday.</p>
<p>Amplats, the world's largest platinum producer, is due to report results  for the year ended June 30, 1997 on Tuesday.</p>
<p>Analysts said a three-month rally in PGM prices came too late to have  any significant impact on Amplats' earnings. To make matters worse,  a strike at Rustenburg Platinum Holdings Ltd (Rusplats) in May would  also affect earnings.</p>
<p>&quot;The biggest contributing factor is the strike at Rustenburg,&quot; BOE  Natwest analyst Paul Brogan said.</p>
<p>Analysts polled by Reuters forecast earnings per share for the year  in a range of 165.0-186.0 cents, with consensus at 174.0 cents, compared  with 190.3 the previous year.</p>
<p>They predicted a dividend of 122.5 cents/share from last year's 120.0  cents, with a range of 120.0-125.0 cents.</p>
<p>Analysts said income from the company's diamond interests could go  some way to salvaging the results.</p>
<p>&quot;I think the Amplats results could be bolstered from the diamonds  which they may or may not want to show,&quot; one analyst said.</p>
<p>&quot;It should be good from the diamonds but they might not show it all  because they obviously don't want to make the investor feel that the  diamond interests were undervalued in the restructuring,&quot; he added.</p>
<p>Amplats said in April it was merging its three mines and the group  into one listed company, using Rustenburg as the vehicle.</p>
<p>It said it would also dispose of its diamond interests to De Beers  Consolidated Mines Ltd and Anglo American Corp of South Africa Ltd  for around 1.2 billion rand ($260.4 million).</p>
<p>Amplats said the restructuring -- due to take place around September  -- would allow it to focus on its core business of mining and marketing  PGM metals, while helping it to move down the cost curve.</p>
<p>The company said in February it expected full-year earnings to be  down on the previous year since dollar prices for platinum, palladium  and rhodium had fallen markedly compared with the previous financial  year.</p>
<p>Rustenburg was seen reporting earnings of 190.0-235.0 cents per share  from last year's 314.4 cents</p>
<p>Earnings at Potgietersrust Platinums Ltd were seen at 97.0-100.0 cents  per share from 116.2 cents previously and Lebowa Platinums Ltd was  seen earning 1.0-5.5 cents per share from 5.5 the previous year.</p>
<p>-- Johannesburg newsroom, +27-11 482 1003</p>
<p>($ = 4.608 South African Rand)</p>
</text>
<copyright>(c) Reuters Limited 1997</copyright>
<metadata>
<codes class="bip:countries:1.0">
  <code code="SAFR">
    <editdetail attribution="Reuters BIP Coding Group" action="confirmed" date="1997-08-01"/>
  </code>
</codes>
<codes class="bip:industries:1.0">
  <code code="I21000">
    <editdetail attribution="Reuters BIP Coding Group" action="confirmed" date="1997-08-01"/>
  </code>
  <code code="I22472">
    <editdetail attribution="Reuters BIP Coding Group" action="confirmed" date="1997-08-01"/>
  </code>
  <code code="I23000">
    <editdetail attribution="Reuters BIP Coding Group" action="confirmed" date="1997-08-01"/>
  </code>
  <code code="I83960">
    <editdetail attribution="Reuters BIP Coding Group" action="confirmed" date="1997-08-01"/>
  </code>
</codes>
<codes class="bip:topics:1.0">
  <code code="C15">
    <editdetail attribution="Reuters BIP Coding Group" action="confirmed" date="1997-08-01"/>
  </code>
  <code code="C152">
    <editdetail attribution="Reuters BIP Coding Group" action="confirmed" date="1997-08-01"/>
  </code>
  <code code="CCAT">
    <editdetail attribution="Reuters BIP Coding Group" action="confirmed" date="1997-08-01"/>
  </code>
</codes>
<dc element="dc.date.created" value="1997-08-01"/>
<dc element="dc.publisher" value="Reuters Holdings Plc"/>
<dc element="dc.date.published" value="1997-08-01"/>
<dc element="dc.source" value="Reuters"/>
<dc element="dc.creator.location" value="JOHANNESBURG"/>
<dc element="dc.creator.location.country.name" value="SOUTH AFRICA"/>
<dc element="dc.source" value="Reuters"/>
</metadata>
</newsitem>
