<?xml version="1.0" encoding="iso-8859-1" ?>
<newsitem itemid="771839" id="root" date="1997-08-01" xml:lang="en">
<title>CANADA: Thunder Bay vessel clearances - Aug 1.</title>
<headline>Thunder Bay vessel clearances - Aug 1.</headline>
<text>
<p>Daily vessel loading/clearances at Thunder Bay, Ontario:</p>
<p> Date	Vessel		Cargo (MT)     Status   Destination</p>
<p>July 31 *Kalisti		 16,300 flx/pea Clrd	Foreign Prt</p>
<p>July 31  Agawa Canyon	  13,300 oats    Clrd	U.S.A.</p>
<p>July 31  Algoville	     27,200 wheat   Clrd	StL</p>
<p>July 31  American Mariner     6,000 oats    Due  7/31 U.S.A.</p>
<p>July 31  Algowest		28,000 wht     Due  7/31 StL</p>
<p>July 31 *Lady Hamilton	 25,000 wht     Due  7/31 StL</p>
<p>July 31  Oakglen		 21,000 m wht   Due  7/31 Bay Ports</p>
<p>July 31  Canadian Explorer   24,000 --	Due  7/31 StL</p>
<p>Aug 1    Sarah Spencer	 18,500 m wht   Due  8/01 Port Colborne</p>
<p>Aug 3    Algocape		26,000 --	Due  8/03 StL</p>
<p>Aug 3    Cartierdoc	    25,000 --	Due  8/03 StL</p>
<p>Aug 5    Canadian Ranger     24,000 --	Due  8/05 StL</p>
<p>Aug 6    Algontario	    25,000 --	Due  8/06 StL</p>
<p>Aug 6    Windoc		  25,000 --	Due  8/06 StL</p>
<p>Aug 6   *Gunay A		 19,600 wht     Due  8/06 Foreign Port</p>
<p>Aug 7    Canadian Trader     26,000 --	Due  8/07 StL</p>
<p>Aug 7   *Lake Superior	 25,300 wht     Due  8/07 Foreign Prt</p>
<p>Aug 7   *Helena Oldendorff   18,000 wht     Due  8/07 Foreign Port</p>
<p>Aug 8    Kinsman Independent 17,500 wht     Due  8/08 U.S.A.</p>
<p>Aug 8    Canadian Miner	26,000 wht     Due  8/08 StL</p>
<p>*ocean vessel NOTE: Thunder Bay reopened April 1 when H.M. Griffith  cleared. Source: Lake Shippers Clearance Assn.</p>
<p>Note wht=wheat, can=canola, m/wht=milling wheat, dom=domestic milling  wheat, M=meal, P=pellets, O=oil, pea=peas, lntl=lentils. Ready=preparing  to load. MT=metric tonne. Stl Ports=St Lawrence Ports. Wind=Windsor.</p>
<p>((Gilbert Le Gras 204 947 3548))</p>
</text>
<copyright>(c) Reuters Limited 1997</copyright>
<metadata>
<codes class="bip:countries:1.0">
  <code code="CANA">
    <editdetail attribution="Reuters BIP Coding Group" action="confirmed" date="1997-08-01"/>
  </code>
</codes>
<codes class="bip:topics:1.0">
  <code code="M14">
    <editdetail attribution="Reuters BIP Coding Group" action="confirmed" date="1997-08-01"/>
  </code>
  <code code="MCAT">
    <editdetail attribution="Reuters BIP Coding Group" action="confirmed" date="1997-08-01"/>
  </code>
</codes>
<dc element="dc.publisher" value="Reuters Holdings Plc"/>
<dc element="dc.date.published" value="1997-08-01"/>
<dc element="dc.source" value="Reuters"/>
<dc element="dc.creator.location.country.name" value="CANADA"/>
<dc element="dc.source" value="Reuters"/>
</metadata>
</newsitem>
