<?xml version="1.0" encoding="iso-8859-1" ?>
<newsitem itemid="771829" id="root" date="1997-08-01" xml:lang="en">
<title>CANADA: Canada bonds open weaker, hurt by strong U.S. data.</title>
<headline>Canada bonds open weaker, hurt by strong U.S. data.</headline>
<dateline>TORONTO 1997-08-01</dateline>
<text>
<p>Canadian bonds opened weaker on Friday,  softening with U.S. treasuries after the release of stronger than  expected U.S. employment data for July.</p>
<p>&quot;It's the stronger than expected payroll number, but some of the details  of the report weren't as strong as what was implied by the headline  number,&quot; said Mark Chandler, senior economist with Goldman Sachs Canada.  &quot;The initial reaction was not as negative as you would have thought  on that headline number.&quot;</p>
<p>Canada's 30-year benchmark bond fell C$0.31 to C$122.37 to yield 6.322  percent.  </p>
<p>The U.S. 30-year bond fell 17/32 to yield 6.34 percent. The negative  spread between the bonds widened to two basis points from one basis  point at Thursday's close.</p>
<p>North American fixed-income markets weakened on Friday after the U.S.  Labor Department reported that the economy added 316,000 jobs in July  and the jobless rate stood at 4.8 percent. Economists had forecast  non-farm payrolls growth of 193,000 and a jobless rate of 4.9 percent.</p>
<p>But analysts said the underlying report was not as strong as the headline  numbers implied, which helped temper the selloff.  </p>
<p>Chandler said the fact that some of the employment gains came in the  the public sector helped offset market concern about the report's  strength.</p>
<p>In other prices, Canada's 10-year benchmark bond fell C$0.30 to C$110.61  to yield 5.815 percent. The U.S. 10-year bond fell 17/32 to yield  6.08 percent.</p>
<p>The negative spread between the bonds widened to 27 basis points from  23 basis points at Thursday's close.</p>
<p>((Jeffrey Hodgson (416) 941-8105, e-mail: jeffrey.hodgson@reuters.com))</p>
</text>
<copyright>(c) Reuters Limited 1997</copyright>
<metadata>
<codes class="bip:countries:1.0">
  <code code="CANA">
    <editdetail attribution="Reuters BIP Coding Group" action="confirmed" date="1997-08-01"/>
  </code>
</codes>
<codes class="bip:topics:1.0">
  <code code="M12">
    <editdetail attribution="Reuters BIP Coding Group" action="confirmed" date="1997-08-01"/>
  </code>
  <code code="MCAT">
    <editdetail attribution="Reuters BIP Coding Group" action="confirmed" date="1997-08-01"/>
  </code>
</codes>
<dc element="dc.date.created" value="1997-08-01"/>
<dc element="dc.publisher" value="Reuters Holdings Plc"/>
<dc element="dc.date.published" value="1997-08-01"/>
<dc element="dc.source" value="Reuters"/>
<dc element="dc.creator.location" value="TORONTO"/>
<dc element="dc.creator.location.country.name" value="CANADA"/>
<dc element="dc.source" value="Reuters"/>
</metadata>
</newsitem>
