<?xml version="1.0" encoding="iso-8859-1" ?>
<newsitem itemid="771807" id="root" date="1997-08-01" xml:lang="en">
<title>CANADA: TABLE - Wajax Q2 per share income dips.</title>
<headline>TABLE - Wajax Q2 per share income dips.</headline>
<dateline>VANCOUVER 1997-08-01</dateline>
<text>
<p>1997			    1996</p>
<p> Shr			 C$0.32		   C$0.35</p>
<p> Net			  4,899		    4,914</p>
<p> Revs		     239,649		  175,889</p>
<p>	    6 MONTHS</p>
<p> Shr			 C$0.59		   C$0.60</p>
<p> Net			  8,632		    8,288</p>
<p> Revs		     423,748		  329,593</p>
<p> Avg shrs	    14,698,915	     13,884,699</p>
<p>		(All data above 000s except per share numbers)</p>
<p>		(Full company name is Wajax Ltd)</p>
<p>		((Paul Simao, Reuters Toronto Bureau (416)</p>
<p>941-8104) or email: paul.simao@reuters.com)</p>
</text>
<copyright>(c) Reuters Limited 1997</copyright>
<metadata>
<codes class="bip:countries:1.0">
  <code code="CANA">
    <editdetail attribution="Reuters BIP Coding Group" action="confirmed" date="1997-08-01"/>
  </code>
</codes>
<codes class="bip:industries:1.0">
  <code code="I61000">
    <editdetail attribution="Reuters BIP Coding Group" action="confirmed" date="1997-08-01"/>
  </code>
</codes>
<codes class="bip:topics:1.0">
  <code code="C15">
    <editdetail attribution="Reuters BIP Coding Group" action="confirmed" date="1997-08-01"/>
  </code>
  <code code="C151">
    <editdetail attribution="Reuters BIP Coding Group" action="confirmed" date="1997-08-01"/>
  </code>
  <code code="CCAT">
    <editdetail attribution="Reuters BIP Coding Group" action="confirmed" date="1997-08-01"/>
  </code>
</codes>
<dc element="dc.date.created" value="1997-08-01"/>
<dc element="dc.publisher" value="Reuters Holdings Plc"/>
<dc element="dc.date.published" value="1997-08-01"/>
<dc element="dc.source" value="Reuters"/>
<dc element="dc.creator.location" value="VANCOUVER"/>
<dc element="dc.creator.location.country.name" value="CANADA"/>
<dc element="dc.source" value="Reuters"/>
</metadata>
</newsitem>
