<?xml version="1.0" encoding="iso-8859-1" ?>
<newsitem itemid="771812" id="root" date="1997-08-01" xml:lang="en">
<title>CANADA: No quick deal seen in Falconbridge Canada strike.</title>
<headline>No quick deal seen in Falconbridge Canada strike.</headline>
<byline>Darren Schuettler</byline>
<dateline>TORONTO 1997-08-01</dateline>
<text>
<p>Unionized workers went on strike on Friday  at Falconbridge Ltd.'s Sudbury, Ontario, mining operations, and analysts  predicted the labour dispute would not be settled quickly.</p>
<p>About 1,400 unionized workers walked off the job Friday morning at  Canada's second-biggest nickel miner after a last-ditch attempt to  reach an agreement failed overnight.</p>
<p>&quot;We bargained to the wire, but in the end the company's offer was  short of the union's needs,&quot; said Rolly Gauthier, president of Local  598 of the Canadian Auto Workers union.</p>
<p>He said the talks broke down over wages, pensions and contract language.</p>
<p>Falconbridge said its final offer was similar to the agreement that  ended Inco Ltd.'s 26-day strike at its Ontario operations last month.</p>
<p>&quot;Unfortunately, at the end of the process the union was not prepared  to recommend to our employees what we believe to be a very competitive  and comprehensive offer,&quot; Falconbridge chief negotiator Gerald Foley  said.</p>
<p>There was no indication when contract talks would resume.</p>
<p>Nickel gained $55 to $7,485 a metric ton on the London Metal Exchange  on Friday, but some traders said the strike was already factored into  the market.</p>
<p>Falconbridge's Sudbury operations last year produced 45,700 metric  tons of nickel, 50,000 metric tons of copper and 1,600 metric tons  of cobalt, including custom feed.</p>
<p>The mill and smelter have been in a planned maintenance shutdown since  July 20, which was scheduled to end Aug. 5.</p>
<p>Falconbridge spokeswoman Caroline Casselman said the company was assessing  its inventory levels and would meet its customer commitments. She  said Falconbridge had not built up inventories in anticipation of  a work stoppage.</p>
<p>&quot;We're six hours into a strike, so it's a little early to be talking  about long-term impact,&quot; Casselman said in a telephone interview.</p>
<p>Falconbridge has forecast total nickel output of 220 million pounds  in 1997.</p>
<p>Research Capital Corp. analyst Manford Mallory said the strike &quot;could  play out very much like the Inco situation.&quot;</p>
<p>&quot;I'd be surprised if this was settled very quickly in the next couple  of days,&quot; he said. &quot;I think the short scenario is for a couple of  weeks, but these things are unpredictable.&quot;</p>
<p>Inco, the Western world's biggest nickel producer, said last week  its strike shaved $20 million from its second-quarter earnings.</p>
<p>Inco also cut its estimated 1997 nickel output to 413 million pounds  from a previous estimate of 430 million pounds.</p>
<p>But Inco's 26-day work stoppage did not have a significant impact  on nickel prices, analysts said. They said Falconbridge's strike would  have to last longer before it had a major effect on metal markets.</p>
<p>&quot;Falconbridge's operations in Sudbury are about half the size of Inco's.  So if they are off a couple of months, then it could have a meaningful  impact,&quot; Mallory said.</p>
<p>Falconbridge stock fell 50 cents Canadian to C$29.10 on the Toronto  Stock Exchange.</p>
</text>
<copyright>(c) Reuters Limited 1997</copyright>
<metadata>
<codes class="bip:countries:1.0">
  <code code="CANA">
    <editdetail attribution="Reuters BIP Coding Group" action="confirmed" date="1997-08-01"/>
  </code>
</codes>
<codes class="bip:industries:1.0">
  <code code="I21000">
    <editdetail attribution="Reuters BIP Coding Group" action="confirmed" date="1997-08-01"/>
  </code>
</codes>
<codes class="bip:topics:1.0">
  <code code="C42">
    <editdetail attribution="Reuters BIP Coding Group" action="confirmed" date="1997-08-01"/>
  </code>
  <code code="CCAT">
    <editdetail attribution="Reuters BIP Coding Group" action="confirmed" date="1997-08-01"/>
  </code>
  <code code="E41">
    <editdetail attribution="Reuters BIP Coding Group" action="confirmed" date="1997-08-01"/>
  </code>
  <code code="ECAT">
    <editdetail attribution="Reuters BIP Coding Group" action="confirmed" date="1997-08-01"/>
  </code>
  <code code="GCAT">
    <editdetail attribution="Reuters BIP Coding Group" action="confirmed" date="1997-08-01"/>
  </code>
  <code code="GJOB">
    <editdetail attribution="Reuters BIP Coding Group" action="confirmed" date="1997-08-01"/>
  </code>
</codes>
<dc element="dc.date.created" value="1997-08-01"/>
<dc element="dc.publisher" value="Reuters Holdings Plc"/>
<dc element="dc.date.published" value="1997-08-01"/>
<dc element="dc.source" value="Reuters"/>
<dc element="dc.creator.location" value="TORONTO"/>
<dc element="dc.creator.location.country.name" value="CANADA"/>
<dc element="dc.source" value="Reuters"/>
</metadata>
</newsitem>
