<?xml version="1.0" encoding="iso-8859-1" ?>
<newsitem itemid="771889" id="root" date="1997-08-01" xml:lang="en">
<title>COTE D'IVOIRE: Ivory Coast Treasury takes over debt management.</title>
<headline>Ivory Coast Treasury takes over debt management.</headline>
<dateline>ABIDJAN 1997-08-01</dateline>
<text>
<p>The management of Ivory Coast's public debt  is being transfered to the Treasury from the state bank that has run  it until now, the Caisse autonome d'amortissement (CAA), the government  said in a statement.</p>
<p>The Treasury will also take over the management of operations co-funded  by aid donors, it added.</p>
<p>The CAA will continue to handle the deposits of state firms and various  state funds, and will also now manage money from savings banks, pension  funds and the Caisse de Stabilisation (Caistab), the state commodity  marketing body.</p>
<p>Donors want the Caistab to withdraw from commodity marketing as part  of liberalisation terms linked to a $150 million loan dating to 1995.</p>
<p>The government said the aim of the CAA move was to focus the bank's  activities more clearly on development work, entailing an extension  of its banking side to satisfy the economy's need for investment.</p>
<p>To supplement the funds it collects, the CAA will also be able to  issue bonds and other types of negotiable paper, either for its own  account or for third parties.</p>
<p>The government said the CAA would work with both the private and public  sectors.</p>
<p>The statement said the CAA, which was founded the year before independence  from France in 1959, had a capital base of five billion CFA francs  ($8 million).</p>
<p>At the end of 1996, it had customer deposits of 203 billion CFA francs  and outstanding loans of 170.3 billion.</p>
<p>&quot;Out of this total, the importance of medium- and long-term credits  to customers confirms the development bank role that the CAA plays,&quot;  the government said.</p>
<p>It said the CAA change was part of a general programme of public finance  reforms, including the move to a unified state budget.</p>
<p>($ = 620 CFA francs)</p>
<p>-- Alan Raybould, Abidjan newsroom +225 21 90 90</p>
</text>
<copyright>(c) Reuters Limited 1997</copyright>
<metadata>
<codes class="bip:countries:1.0">
  <code code="ICST">
    <editdetail attribution="Reuters BIP Coding Group" action="confirmed" date="1997-08-01"/>
  </code>
</codes>
<codes class="bip:topics:1.0">
  <code code="E12">
    <editdetail attribution="Reuters BIP Coding Group" action="confirmed" date="1997-08-01"/>
  </code>
  <code code="E21">
    <editdetail attribution="Reuters BIP Coding Group" action="confirmed" date="1997-08-01"/>
  </code>
  <code code="E212">
    <editdetail attribution="Reuters BIP Coding Group" action="confirmed" date="1997-08-01"/>
  </code>
  <code code="ECAT">
    <editdetail attribution="Reuters BIP Coding Group" action="confirmed" date="1997-08-01"/>
  </code>
</codes>
<dc element="dc.date.created" value="1997-08-01"/>
<dc element="dc.publisher" value="Reuters Holdings Plc"/>
<dc element="dc.date.published" value="1997-08-01"/>
<dc element="dc.source" value="Reuters"/>
<dc element="dc.creator.location" value="ABIDJAN"/>
<dc element="dc.creator.location.country.name" value="COTE D'IVOIRE"/>
<dc element="dc.source" value="Reuters"/>
</metadata>
</newsitem>
