<?xml version="1.0" encoding="iso-8859-1" ?>
<newsitem itemid="771892" id="root" date="1997-08-01" xml:lang="en">
<title>SOUTH AFRICA: Scottish doctor killed in S.Africa's Zulu province.</title>
<headline>Scottish doctor killed in S.Africa's Zulu province.</headline>
<dateline>DURBAN, South Africa 1997-08-01</dateline>
<text>
<p>A Scottish doctor was stabbed  and shot to death by three robbers in South Africa's eastern KwaZulu-Natal  province, police said on Friday.</p>
<p>Spence William Alexander, 38, had left his surgery in Empangeni, a  small industrial town west of the Indian Ocean port of Richards Bay,  when he was stopped by the three men on Thursday night who demanded  his minibus, police said in a statment.</p>
<p>&quot;The vehicle stopped at a service Station...When the doctor tried  to alight from the vehicle, he was stabbed and shot by his assailants,&quot;  police said. He died of his wounds in hospital. The attackers escaped  with the vehicle.</p>
</text>
<copyright>(c) Reuters Limited 1997</copyright>
<metadata>
<codes class="bip:countries:1.0">
  <code code="SAFR">
    <editdetail attribution="Reuters BIP Coding Group" action="confirmed" date="1997-08-01"/>
  </code>
  <code code="UK">
    <editdetail attribution="Reuters BIP Coding Group" action="confirmed" date="1997-08-01"/>
  </code>
</codes>
<codes class="bip:topics:1.0">
  <code code="GCAT">
    <editdetail attribution="Reuters BIP Coding Group" action="confirmed" date="1997-08-01"/>
  </code>
  <code code="GCRIM">
    <editdetail attribution="Reuters BIP Coding Group" action="confirmed" date="1997-08-01"/>
  </code>
</codes>
<dc element="dc.date.created" value="1997-08-01"/>
<dc element="dc.publisher" value="Reuters Holdings Plc"/>
<dc element="dc.date.published" value="1997-08-01"/>
<dc element="dc.source" value="Reuters"/>
<dc element="dc.creator.location" value="DURBAN, South Africa"/>
<dc element="dc.creator.location.country.name" value="SOUTH AFRICA"/>
<dc element="dc.source" value="Reuters"/>
</metadata>
</newsitem>
