<?xml version="1.0" encoding="iso-8859-1" ?>
<newsitem itemid="771895" id="root" date="1997-08-01" xml:lang="en">
<title>SENEGAL: Mobs lynch alleged penis shrinkers in Senegal.</title>
<headline>Mobs lynch alleged penis shrinkers in Senegal.</headline>
<dateline>DAKAR 1997-08-01</dateline>
<text>
<p>Lynch mobs in Senegal have burned and beaten  to death suspected sorcerers with powers to cause a man's penis to  vanish or shrink with a mere handshake, newspapers reported.</p>
<p>Dakar dailies on Friday published pictures of suspected &quot;genital thieves&quot;  killed in the latest wave of a recurrent problem across West Africa.</p>
<p>&quot;Have we lost our common sense,&quot; read a headline on the front-page  of Le Matin beneath a picture of a man killed by angry crowds in the  capital.</p>
<p>The official daily Le Soleil reported that five people from Niger  had been killed by mobs in southern Casamance province.</p>
<p>Scores of people, mostly African foreigners, have died in similar  bouts of hysteria in Ghana, Ivory Coast and Senegal itself over the  past year.</p>
<p>Police in West African cities have tried to assure the public that  allegations of vanishing penises are baseless and often started by  thieves who profit from the ensuing panic.</p>
</text>
<copyright>(c) Reuters Limited 1997</copyright>
<metadata>
<codes class="bip:countries:1.0">
  <code code="SENEG">
    <editdetail attribution="Reuters BIP Coding Group" action="confirmed" date="1997-08-01"/>
  </code>
</codes>
<codes class="bip:topics:1.0">
  <code code="GCAT">
    <editdetail attribution="Reuters BIP Coding Group" action="confirmed" date="1997-08-01"/>
  </code>
  <code code="GODD">
    <editdetail attribution="Reuters BIP Coding Group" action="confirmed" date="1997-08-01"/>
  </code>
</codes>
<dc element="dc.date.created" value="1997-08-01"/>
<dc element="dc.publisher" value="Reuters Holdings Plc"/>
<dc element="dc.date.published" value="1997-08-01"/>
<dc element="dc.source" value="Reuters"/>
<dc element="dc.creator.location" value="DAKAR"/>
<dc element="dc.creator.location.country.name" value="SENEGAL"/>
<dc element="dc.source" value="Reuters"/>
</metadata>
</newsitem>
