<?xml version="1.0" encoding="iso-8859-1" ?>
<newsitem itemid="771803" id="root" date="1997-08-01" xml:lang="en">
<title>CANADA: Suncor Energy sets C$150 mln debt issue.</title>
<headline>Suncor Energy sets C$150 mln debt issue.</headline>
<dateline>CALGARY 1997-08-01</dateline>
<text>
<p>Suncor Energy Inc said on Friday that it  agreed to issue C$150 million of medium-term notes, completing the  amount available under its C$400 million short-form shelf prospectus  set in February.</p>
<p>Suncor said the notes, to mature on August 7, 2007, had a coupon of  6.10 percent and were priced at C$99.778 to yield 6.13 percent.  </p>
<p>It said the issue was not related to Suncor's announcement on Thursday  of a planned expansion at its oil sands plant.</p>
<p>A previous issue of C$250 million under the shelf prospectus was completed  in March.</p>
<p>Suncor said the notes were rated A by Canadian Bond Rating Service  and Dominion Bond Rating Service.</p>
<p>Net proceeds from the issue would be C$149.1 million, which would  be added to general funds and applied principally to repay commercial  paper borrowings, the company said.</p>
<p>Agents for the issue included RBC Dominion Securities Inc, CIBC Wood  Gundy Securities Inc, ScotiaMcleod Inc and Nesbitt Burns Inc. ((Jeffrey  Jones, Reuters Calgary Bureau (403) 531-1624))</p>
</text>
<copyright>(c) Reuters Limited 1997</copyright>
<metadata>
<codes class="bip:countries:1.0">
  <code code="CANA">
    <editdetail attribution="Reuters BIP Coding Group" action="confirmed" date="1997-08-01"/>
  </code>
</codes>
<codes class="bip:industries:1.0">
  <code code="I14000">
    <editdetail attribution="Reuters BIP Coding Group" action="confirmed" date="1997-08-01"/>
  </code>
</codes>
<codes class="bip:topics:1.0">
  <code code="C17">
    <editdetail attribution="Reuters BIP Coding Group" action="confirmed" date="1997-08-01"/>
  </code>
  <code code="C172">
    <editdetail attribution="Reuters BIP Coding Group" action="confirmed" date="1997-08-01"/>
  </code>
  <code code="CCAT">
    <editdetail attribution="Reuters BIP Coding Group" action="confirmed" date="1997-08-01"/>
  </code>
</codes>
<dc element="dc.date.created" value="1997-08-01"/>
<dc element="dc.publisher" value="Reuters Holdings Plc"/>
<dc element="dc.date.published" value="1997-08-01"/>
<dc element="dc.source" value="Reuters"/>
<dc element="dc.creator.location" value="CALGARY"/>
<dc element="dc.creator.location.country.name" value="CANADA"/>
<dc element="dc.source" value="Reuters"/>
</metadata>
</newsitem>
