<?xml version="1.0" encoding="iso-8859-1" ?>
<newsitem itemid="771867" id="root" date="1997-08-01" xml:lang="en">
<title>SENEGAL: Senegal river energy plan gets islamic bank funds.</title>
<headline>Senegal river energy plan gets islamic bank funds.</headline>
<dateline>DAKAR 1997-08-01</dateline>
<text>
<p>Islamic Development Bank (IDB) funds totalling  12 billion CFA francs have been granted for a West African river energy  project including Mali, Mauritania and Senegal, a Senegal government  minister said on Friday.</p>
<p>&quot;We are happy to state that the IDB's contribution covers 33 percent  of the needed finances,&quot; said Minister of Finance Papa Ousmane Sacko,  whose country hosts the headquarters of the Organisation for the Development  of River Senegal (OMVS).</p>
<p>The funds, along with other contributions would be used for the building  of a hydro-electric dam from September due for completion in 2000,  Organisation officials said.</p>
<p>Energy would be divided as follows: Mali 52 percent, Senegal 33 percent  and Mauritania 15 percent, they said.</p>
<p>($=620 CFA)</p>
<p>-- Abidjan newsroom, + 225 21 90 90</p>
</text>
<copyright>(c) Reuters Limited 1997</copyright>
<metadata>
<codes class="bip:countries:1.0">
  <code code="MALI">
    <editdetail attribution="Reuters BIP Coding Group" action="confirmed" date="1997-08-01"/>
  </code>
  <code code="MAURTN">
    <editdetail attribution="Reuters BIP Coding Group" action="confirmed" date="1997-08-01"/>
  </code>
  <code code="SENEG">
    <editdetail attribution="Reuters BIP Coding Group" action="confirmed" date="1997-08-01"/>
  </code>
</codes>
<codes class="bip:industries:1.0">
  <code code="I50200">
    <editdetail attribution="Reuters BIP Coding Group" action="confirmed" date="1997-08-01"/>
  </code>
  <code code="I5020011">
    <editdetail attribution="Reuters BIP Coding Group" action="confirmed" date="1997-08-01"/>
  </code>
  <code code="I81501">
    <editdetail attribution="Reuters BIP Coding Group" action="confirmed" date="1997-08-01"/>
  </code>
  <code code="I8150106">
    <editdetail attribution="Reuters BIP Coding Group" action="confirmed" date="1997-08-01"/>
  </code>
</codes>
<codes class="bip:topics:1.0">
  <code code="C17">
    <editdetail attribution="Reuters BIP Coding Group" action="confirmed" date="1997-08-01"/>
  </code>
  <code code="C21">
    <editdetail attribution="Reuters BIP Coding Group" action="confirmed" date="1997-08-01"/>
  </code>
  <code code="C24">
    <editdetail attribution="Reuters BIP Coding Group" action="confirmed" date="1997-08-01"/>
  </code>
  <code code="CCAT">
    <editdetail attribution="Reuters BIP Coding Group" action="confirmed" date="1997-08-01"/>
  </code>
  <code code="E51">
    <editdetail attribution="Reuters BIP Coding Group" action="confirmed" date="1997-08-01"/>
  </code>
  <code code="ECAT">
    <editdetail attribution="Reuters BIP Coding Group" action="confirmed" date="1997-08-01"/>
  </code>
</codes>
<dc element="dc.date.created" value="1997-08-01"/>
<dc element="dc.publisher" value="Reuters Holdings Plc"/>
<dc element="dc.date.published" value="1997-08-01"/>
<dc element="dc.source" value="Reuters"/>
<dc element="dc.creator.location" value="DAKAR"/>
<dc element="dc.creator.location.country.name" value="SENEGAL"/>
<dc element="dc.source" value="Reuters"/>
</metadata>
</newsitem>
