<?xml version="1.0" encoding="iso-8859-1" ?>
<newsitem itemid="771934" id="root" date="1997-08-01" xml:lang="en">
<title>SOUTH AFRICA: JCI to issue circular on Lonrho buy.</title>
<headline>JCI to issue circular on Lonrho buy.</headline>
<dateline>JOHANNESBURG 1997-08-01</dateline>
<text>
<p>Mining house JCI Ltd said on Friday  it planned to issue a circular to shareholders relating to its planned  acquisition of a 26.8 percent interest in Lonrho plc.</p>
<p>It said the circular would be forwarded in sufficient time to allow  for a general shareholder meeting to be convened to approve the deal  before November 20 1997.</p>
<p>Shareholders were advised to continue exercising caution in their  sharedealings until further notice and until the transaction circular  was distributed.</p>
<p>JCI Ltd announced on July 2 it would acquire the stake in Lonrho for  approximately 2.5 billion rand.</p>
<p>-- Johannesburg newsroom, +27 11 482-1003</p>
</text>
<copyright>(c) Reuters Limited 1997</copyright>
<metadata>
<codes class="bip:countries:1.0">
  <code code="SAFR">
    <editdetail attribution="Reuters BIP Coding Group" action="confirmed" date="1997-08-01"/>
  </code>
</codes>
<codes class="bip:industries:1.0">
  <code code="I21000">
    <editdetail attribution="Reuters BIP Coding Group" action="confirmed" date="1997-08-01"/>
  </code>
  <code code="I63000">
    <editdetail attribution="Reuters BIP Coding Group" action="confirmed" date="1997-08-01"/>
  </code>
</codes>
<codes class="bip:topics:1.0">
  <code code="C15">
    <editdetail attribution="Reuters BIP Coding Group" action="confirmed" date="1997-08-01"/>
  </code>
  <code code="C152">
    <editdetail attribution="Reuters BIP Coding Group" action="confirmed" date="1997-08-01"/>
  </code>
  <code code="C18">
    <editdetail attribution="Reuters BIP Coding Group" action="confirmed" date="1997-08-01"/>
  </code>
  <code code="C181">
    <editdetail attribution="Reuters BIP Coding Group" action="confirmed" date="1997-08-01"/>
  </code>
  <code code="CCAT">
    <editdetail attribution="Reuters BIP Coding Group" action="confirmed" date="1997-08-01"/>
  </code>
</codes>
<dc element="dc.date.created" value="1997-08-01"/>
<dc element="dc.publisher" value="Reuters Holdings Plc"/>
<dc element="dc.date.published" value="1997-08-01"/>
<dc element="dc.source" value="Reuters"/>
<dc element="dc.creator.location" value="JOHANNESBURG"/>
<dc element="dc.creator.location.country.name" value="SOUTH AFRICA"/>
<dc element="dc.source" value="Reuters"/>
</metadata>
</newsitem>
