<?xml version="1.0" encoding="iso-8859-1" ?>
<newsitem itemid="771987" id="root" date="1997-08-01" xml:lang="en">
<title>SLOVAKIA: SLOVAK CBANK FOREX RESERVES AT $2.937BLN ON JULY 30.</title>
<headline>SLOVAK CBANK FOREX RESERVES AT $2.937BLN ON JULY 30.</headline>
<dateline>BRATISLAVA 1997-08-01</dateline>
<text>
<p>The National Bank of Slovakia</p>
<p>(NBS) said on Friday its hard currency reserves totalled $2.937</p>
<p>billion as of July 30, down from $2.958 billion on July 23.</p>
<p>  SLOVAK FOREX RESERVES   July 23  July 23   July 17  Dec 31/96</p>
<p>   NBS reserves ($bln)     2.937    2.958     2.999    3.473</p>
<p>   Commercial banks	  3.602    3.617     3.671    2.321</p>
<p>   Entire banking sector   6.539    6.575     6.671    5.794</p>
<p>-- Bratislava Newsroom, 421-7-521-8402</p>
</text>
<copyright>(c) Reuters Limited 1997</copyright>
<metadata>
<codes class="bip:countries:1.0">
  <code code="SLVAK">
    <editdetail attribution="Reuters BIP Coding Group" action="confirmed" date="1997-08-01"/>
  </code>
</codes>
<codes class="bip:topics:1.0">
  <code code="E51">
    <editdetail attribution="Reuters BIP Coding Group" action="confirmed" date="1997-08-01"/>
  </code>
  <code code="E513">
    <editdetail attribution="Reuters BIP Coding Group" action="confirmed" date="1997-08-01"/>
  </code>
  <code code="ECAT">
    <editdetail attribution="Reuters BIP Coding Group" action="confirmed" date="1997-08-01"/>
  </code>
</codes>
<dc element="dc.date.created" value="1997-08-01"/>
<dc element="dc.publisher" value="Reuters Holdings Plc"/>
<dc element="dc.date.published" value="1997-08-01"/>
<dc element="dc.source" value="Reuters"/>
<dc element="dc.creator.location" value="BRATISLAVA"/>
<dc element="dc.creator.location.country.name" value="SLOVAKIA"/>
<dc element="dc.source" value="Reuters"/>
</metadata>
</newsitem>
