<?xml version="1.0" encoding="iso-8859-1" ?>
<newsitem itemid="771988" id="root" date="1997-08-01" xml:lang="en">
<title>HUNGARY: HUNGARY INTEREST RATE DECLINE SLOWS IN H2 - C.BANK.</title>
<headline>HUNGARY INTEREST RATE DECLINE SLOWS IN H2 - C.BANK.</headline>
<dateline>BUDAPEST 1997-07-01</dateline>
<text>
<p>A two-year-long trend of interest rate  decline in Hungary's corporate banking has slowed down in the second  quarter of the year, the National Bank of Hungary (NBH) said in a  statement on Friday.</p>
<p>&quot;The trend of interest rate decline beginning in the autumn of 1995,  has slowed down in the past few months,&quot; it said.</p>
<p>The average interest rate on shorter than one year corporate loans  was down at 22 percent in June from 27.4 percent one year before,  but fell only 0.4 percentage points from March and were unchanged  compared with May, it said.</p>
<p>The average interest rate on shorter than one year deposits dropped  to 17.6 percent in June from 20.5 one year before, 18.2 percent in  March and 17.9 percent in May.</p>
<p>The short-term average interest rate margin widened in June to 4.4  percent from May's record low level of 4.1 percent.</p>
<p>The demand for corporate loans extended in forint increased substantially  in June, the NBH added.</p>
<p>It said that the stock of shorter-than-one-year loan contracts concluded  in June rose by more than 30 percent to 33.7 billion forints from  May, and for loans with longer maturities by almost 25 percent to  15.8 billion forints.</p>
<p>-- Sandor Peto, Budapest newsroom (36 1) 327 4040</p>
</text>
<copyright>(c) Reuters Limited 1997</copyright>
<metadata>
<codes class="bip:countries:1.0">
  <code code="HUNG">
    <editdetail attribution="Reuters BIP Coding Group" action="confirmed" date="1997-08-01"/>
  </code>
</codes>
<codes class="bip:topics:1.0">
  <code code="E12">
    <editdetail attribution="Reuters BIP Coding Group" action="confirmed" date="1997-08-01"/>
  </code>
  <code code="ECAT">
    <editdetail attribution="Reuters BIP Coding Group" action="confirmed" date="1997-08-01"/>
  </code>
</codes>
<dc element="dc.date.created" value="1997-07-01"/>
<dc element="dc.publisher" value="Reuters Holdings Plc"/>
<dc element="dc.date.published" value="1997-08-01"/>
<dc element="dc.source" value="Reuters"/>
<dc element="dc.creator.location" value="BUDAPEST"/>
<dc element="dc.creator.location.country.name" value="HUNGARY"/>
<dc element="dc.source" value="Reuters"/>
</metadata>
</newsitem>
