<?xml version="1.0" encoding="iso-8859-1" ?>
<newsitem itemid="771966" id="root" date="1997-08-01" xml:lang="en">
<title>LATVIA: LATVIA-PM CANDIDATE SAYS REFORM PACE TO INCREASE.</title>
<headline>LATVIA-PM CANDIDATE SAYS REFORM PACE TO INCREASE.</headline>
<dateline>RIGA 1997-08-01</dateline>
<text>
<p>The pace of Latvian reforms has to be increased  in order to achieve better results in the second half of 1997 and  in 1998, prime minister candidate Guntars Krasts said in a Radio Latvia  interview on Friday.</p>
<p>&quot;We have to achieve better results in the second part of 1997 and  in 1998 and therefore we have to increase the pace of reform,&quot; Krasts  told in a radio interview.</p>
<p>He said this was a complex task as it had to be combined with providing  a social safety-net for those who were failing to benefit from reforms  or were lagging behind.</p>
<p>&quot;We have to reach a further growth of the gross domestic product (GDP)  and we really have to achieve a balanced budget,&quot; Krasts said.</p>
<p>&quot;We will aim to achieve the balanced budget in 1997, and even if we  fail, it is a must for 1998, which we will implement,&quot; Krasts added.</p>
<p>Krasts said that his government would continue most of the reforms  initiated by Shkele's cabinet, including education and health-care  change.</p>
<p>Krasts said the coalition parties were unanimous that a different  approach was needed in administrative territorial reform and more  information needed before it was carried out.</p>
<p>Krasts said four smaller parties joining the big three -- Democratic  Party Saimnieks, Latvia's Way and Fatherland &amp; Freedom/LNNK -- would  add to government stability.</p>
<p>&quot;Theoretically we could govern the country (without them) as the big  factions control more than 50 MPs (in the 100-seat parliament)...but  the small parties joining the coalition would add to stability,&quot; Krasts  said.</p>
<p>Krasts has said that his government line-up would largely match the  coalition of outgoing Prime Minister Andris Shkele.</p>
<p>-- Martinsh Gravitis, Riga newsroom, +371 721 5240</p>
</text>
<copyright>(c) Reuters Limited 1997</copyright>
<metadata>
<codes class="bip:countries:1.0">
  <code code="LATV">
    <editdetail attribution="Reuters BIP Coding Group" action="confirmed" date="1997-08-01"/>
  </code>
</codes>
<codes class="bip:topics:1.0">
  <code code="E12">
    <editdetail attribution="Reuters BIP Coding Group" action="confirmed" date="1997-08-01"/>
  </code>
  <code code="ECAT">
    <editdetail attribution="Reuters BIP Coding Group" action="confirmed" date="1997-08-01"/>
  </code>
  <code code="GCAT">
    <editdetail attribution="Reuters BIP Coding Group" action="confirmed" date="1997-08-01"/>
  </code>
  <code code="GPOL">
    <editdetail attribution="Reuters BIP Coding Group" action="confirmed" date="1997-08-01"/>
  </code>
  <code code="GVOTE">
    <editdetail attribution="Reuters BIP Coding Group" action="confirmed" date="1997-08-01"/>
  </code>
</codes>
<dc element="dc.date.created" value="1997-08-01"/>
<dc element="dc.publisher" value="Reuters Holdings Plc"/>
<dc element="dc.date.published" value="1997-08-01"/>
<dc element="dc.source" value="Reuters"/>
<dc element="dc.creator.location" value="RIGA"/>
<dc element="dc.creator.location.country.name" value="LATVIA"/>
<dc element="dc.source" value="Reuters"/>
</metadata>
</newsitem>
