<?xml version="1.0" encoding="iso-8859-1" ?>
<newsitem itemid="771914" id="root" date="1997-08-01" xml:lang="en">
<title>KENYA: Kenyan central bank urges damage limitation.</title>
<headline>Kenyan central bank urges damage limitation.</headline>
<dateline>NAIROBI 1997-08-01</dateline>
<text>
<p>Central Bank of Kenya (CBK) Governor Micah  Cheserem called on Friday for urgent damage limitation measures after  the International Monetary Fund (IMF) halted a key loan programme.</p>
<p>&quot;This is an unfortunate development but we must face it. We must not  condemn (the IMF). What is important is damage limitation that will  ensure the economy is not severely hurt,&quot; Cheserem told Reuters.   </p>
<p>Cheserem said the IMF decision to let its Enhanced Structural Adjustment  Facility (ESAF) lapse had seriously hurt Kenya's credibility but he  hoped quick Kenyan action would secure a new shadow ESAF arrangement,  giving Kenya specific targets to meet before a new agreement on another  loan package.</p>
<p>He said the central bank was weighing whether to intervene to support  the Kenyan shilling but it was not prudent to attempt to stop a stampede  because it might only add to the shilling's weakness.</p>
<p>He said he was concerned at the domino effect of the IMF decision  with worries over what the reaction of the World Bank, bilateral donors  and whether importers would rush to pay their bills.</p>
<p>He said he expected the treasury to issue a policy statement on contigency  measures that would focus on &quot;where Kenya goes from here&quot;. He said  he feared these would include raising taxes.</p>
</text>
<copyright>(c) Reuters Limited 1997</copyright>
<metadata>
<codes class="bip:countries:1.0">
  <code code="KENYA">
    <editdetail attribution="Reuters BIP Coding Group" action="confirmed" date="1997-08-01"/>
  </code>
</codes>
<codes class="bip:topics:1.0">
  <code code="E12">
    <editdetail attribution="Reuters BIP Coding Group" action="confirmed" date="1997-08-01"/>
  </code>
  <code code="E21">
    <editdetail attribution="Reuters BIP Coding Group" action="confirmed" date="1997-08-01"/>
  </code>
  <code code="E212">
    <editdetail attribution="Reuters BIP Coding Group" action="confirmed" date="1997-08-01"/>
  </code>
  <code code="ECAT">
    <editdetail attribution="Reuters BIP Coding Group" action="confirmed" date="1997-08-01"/>
  </code>
</codes>
<dc element="dc.date.created" value="1997-08-01"/>
<dc element="dc.publisher" value="Reuters Holdings Plc"/>
<dc element="dc.date.published" value="1997-08-01"/>
<dc element="dc.source" value="Reuters"/>
<dc element="dc.creator.location" value="NAIROBI"/>
<dc element="dc.creator.location.country.name" value="KENYA"/>
<dc element="dc.source" value="Reuters"/>
</metadata>
</newsitem>
