<?xml version="1.0" encoding="iso-8859-1" ?>
<newsitem itemid="771924" id="root" date="1997-08-01" xml:lang="en">
<title>SOUTH AFRICA: King cautions it in talks.</title>
<headline>King cautions it in talks.</headline>
<dateline>JOHANNESBURG 1997-08-01</dateline>
<text>
<p>King Consolidated Holdings Ltd (formerly  King Food Holdings) said on Friday it was in talks which, if successful,  may have an effect on the price of its shares.</p>
<p>Shareholders were advised to exercise caution in their sharedealings.</p>
<p>No further details were given in the brief announcement.</p>
<p>-- Johannesburg newsroom 27 11 482 1003</p>
</text>
<copyright>(c) Reuters Limited 1997</copyright>
<metadata>
<codes class="bip:countries:1.0">
  <code code="SAFR">
    <editdetail attribution="Reuters BIP Coding Group" action="confirmed" date="1997-08-01"/>
  </code>
</codes>
<codes class="bip:topics:1.0">
  <code code="C15">
    <editdetail attribution="Reuters BIP Coding Group" action="confirmed" date="1997-08-01"/>
  </code>
  <code code="C152">
    <editdetail attribution="Reuters BIP Coding Group" action="confirmed" date="1997-08-01"/>
  </code>
  <code code="CCAT">
    <editdetail attribution="Reuters BIP Coding Group" action="confirmed" date="1997-08-01"/>
  </code>
</codes>
<dc element="dc.date.created" value="1997-08-01"/>
<dc element="dc.publisher" value="Reuters Holdings Plc"/>
<dc element="dc.date.published" value="1997-08-01"/>
<dc element="dc.source" value="Reuters"/>
<dc element="dc.creator.location" value="JOHANNESBURG"/>
<dc element="dc.creator.location.country.name" value="SOUTH AFRICA"/>
<dc element="dc.source" value="Reuters"/>
</metadata>
</newsitem>
