<?xml version="1.0" encoding="iso-8859-1" ?>
<newsitem itemid="771923" id="root" date="1997-08-01" xml:lang="en">
<title>SOUTH AFRICA: Oakfields in talks, cautions shareholders.</title>
<headline>Oakfields in talks, cautions shareholders.</headline>
<dateline>JOHANNESBURG 1997-08-01</dateline>
<text>
<p>Oakfields Thoroughbreds and Leisure  Industries Ltd said on Friday that talks were in progresss which,  if successfully concluded, could have an effect on its share price.</p>
<p>Shareholders were advised to exercise caution in their sharedealings  until further notice.</p>
<p>It gave no further details in a brief announcement.</p>
<p>-- Johannesburg newsroom, +27 11 482-1003</p>
</text>
<copyright>(c) Reuters Limited 1997</copyright>
<metadata>
<codes class="bip:countries:1.0">
  <code code="SAFR">
    <editdetail attribution="Reuters BIP Coding Group" action="confirmed" date="1997-08-01"/>
  </code>
</codes>
<codes class="bip:topics:1.0">
  <code code="C15">
    <editdetail attribution="Reuters BIP Coding Group" action="confirmed" date="1997-08-01"/>
  </code>
  <code code="C152">
    <editdetail attribution="Reuters BIP Coding Group" action="confirmed" date="1997-08-01"/>
  </code>
  <code code="CCAT">
    <editdetail attribution="Reuters BIP Coding Group" action="confirmed" date="1997-08-01"/>
  </code>
</codes>
<dc element="dc.date.created" value="1997-08-01"/>
<dc element="dc.publisher" value="Reuters Holdings Plc"/>
<dc element="dc.date.published" value="1997-08-01"/>
<dc element="dc.source" value="Reuters"/>
<dc element="dc.creator.location" value="JOHANNESBURG"/>
<dc element="dc.creator.location.country.name" value="SOUTH AFRICA"/>
<dc element="dc.source" value="Reuters"/>
</metadata>
</newsitem>
