<?xml version="1.0" encoding="iso-8859-1" ?>
<newsitem itemid="771921" id="root" date="1997-08-01" xml:lang="en">
<title>ZIMBABWE: PRESS DIGEST - Zimbabwe - Aug 1.</title>
<headline>PRESS DIGEST - Zimbabwe - Aug 1.</headline>
<dateline>HARARE 1997-08-01</dateline>
<text>
<p>These are the leading stories in the Zimbabwe  press on Friday. Reuters has not verified these stories and does not  vouch for their accuracy.</p>
<p>- - - -</p>
<p>ZIMBABWE INDEPENDENT</p>
<p>- Zimbabwe is losing about 60,000 man hours, or between Z$30 million  and Z$40 million every year through absenteeism, a human resources  expert has said.</p>
<p>- Former state president Canaan Banana, facing 11 charges of sodomy,  attempted sodomy and indecent assault, has successfully bid in the  Supreme Court to have the date for his trial postponed from Monday  to a later date to enable him to retain the services of senior defence  counsel Chris Andersen.</p>
<p>- - - -</p>
<p>THE HERALD</p>
<p>- At least two people die everyday in Zimbabwe from accidents at the  work place with Harare having three deaths at the work place this  week.</p>
<p>- Fifty-two people escaped death on Thursday when a bus they were  travelling in collided head-on with a light truck and plunged into  a river bed in eastern Zimbabwe.</p>
<p>-- Harare Newsroom: +263-4 72 52 27/8/9</p>
</text>
<copyright>(c) Reuters Limited 1997</copyright>
<metadata>
<codes class="bip:countries:1.0">
  <code code="ZIMBAB">
    <editdetail attribution="Reuters BIP Coding Group" action="confirmed" date="1997-08-01"/>
  </code>
</codes>
<codes class="bip:topics:1.0">
  <code code="GCAT">
    <editdetail attribution="Reuters BIP Coding Group" action="confirmed" date="1997-08-01"/>
  </code>
</codes>
<dc element="dc.date.created" value="1997-08-01"/>
<dc element="dc.publisher" value="Reuters Holdings Plc"/>
<dc element="dc.date.published" value="1997-08-01"/>
<dc element="dc.source" value="Reuters"/>
<dc element="dc.creator.location" value="HARARE"/>
<dc element="dc.creator.location.country.name" value="ZIMBABWE"/>
<dc element="dc.source" value="Reuters"/>
</metadata>
</newsitem>
