<?xml version="1.0" encoding="iso-8859-1" ?>
<newsitem itemid="772066" id="root" date="1997-08-01" xml:lang="en">
<title>RUSSIA: Latest Caspian row should not deter new oil deals.</title>
<headline>Latest Caspian row should not deter new oil deals.</headline>
<byline>Mike Collett-White</byline>
<dateline>MOSCOW 1997-08-01</dateline>
<text>
<p>A decision by Russia's state oil company  Rosneft to pull out of a deal to develop a disputed Caspian oilfield  was an isolated case and should in no way derail the great Caspian  oil game, energy analysts said Friday.</p>
<p>But the row between Turkmenistan and Azerbaijan over who owns the  deposit, straddling the border between Turkmen and Azeri territory,  highlights the need for a permanent solution between littoral states  over who owns the rights to what.</p>
<p>&quot;The areas of dispute are limited. This is neither a trend nor a significant  precedent,&quot; said Manouchehr Takin, senior analyst at the Centre for  Global Energy Studies in London.</p>
<p>The latest chapter in the long debate over the Caspian's status flared  up after Rosneft signed a preliminary deal with Russia's largest oil  company LUKoil and Azerbaijan's state oil firm SOCAR to jointly develop  the field.</p>
<p>Under the $1 billion deal SOCAR was to get a 50 percent share, LUKoil  30 percent and Rosneft 20 percent. The field, known as Kyapaz by Azerbaijan  and as Serdar by Turkmenistan, is estimated to contain over 50 million  tonnes of recoverable oil.</p>
<p>LUKoil said it would stay in the deal, but could not confirm whether  it would bid for Rosneft's share or if a third party would be chosen.  It said disputes over the status of the Caspian would not dampen its  interest in the resource-rich region.</p>
<p>&quot;LUKoil is not going to wait for politicians to untangle themselves,&quot;  LUKoil spokesman Pyotr Neyev said. &quot;We need to work. We have a guarantee  from the Azeri government, and that is enough for us.&quot;</p>
<p>Rosneft was also careful not to isolate itself from one of the most  promising energy sources in the world. Spokesman Vladimir Vyunitsky  said Rosneft president Yuri Bespalov planned to visit the Azeri capital  Baku and Turkmenistan's capital Ashgabat to discuss other deals in  the region.</p>
<p>Analysts said it was rare for a company to pull out of a deal because  of territorial disputes, but that it would be business as usual once  the dust over Kyapaz/Serdar settled.</p>
<p>&quot;Deals will go on being made in isolation,&quot; said Stewart Johnston,  upstream director at Arthur D. Little consultants in London. &quot;There  will be hiccups like this one, but it's not going to cause a wider  stir.&quot;</p>
<p>With hundreds of millions of tonnes of black gold lying under the  Central Asian water body, not to mention huge reserves of gas, the  stakes are high. So far Azerbaijan leads the way in attracting foreign  firms to jointly develop offshore reserves.</p>
<p>But the five countries bordering the Caspian are still at loggerheads  on how to carve up the territory, a dispute which some energy executives  have said is slowing development of oil and gas deposits in the region.</p>
<p>Russia and Iran treat the Caspian as a huge lake, and argue that energy  reserves should be developed jointly by all sides.</p>
<p>Kazakhstan, Azerbaijan and Turkmenistan say it is a sea, and should  be split into separate territories.</p>
<p>The picture has been further muddied by the spat between Turkmenistan  and Azerbaijan over some fields which straddle territorial divisions.</p>
<p>A third factor is Russia's apparently contradictory position. One  the one hand it says its official definition of the Caspian as a lake  still holds.</p>
<p>But in the same breath it appears to be promoting Russian companies  in the Caspian as a way of keeping some presence in a region it used  to dominate during Soviet times.</p>
<p>Turkmen President Saparmurat Niyazov is due in Moscow on September  7 to meet Russian President Boris Yeltsin, and the status of the Caspian  is likely to be high on the agenda.</p>
<p>Azerbaijan says it is willing to discuss disputed fields with Turkmenistan.  But it is unlikely to want to bring up for discussion two big fields  already being developed by a major international consortium that includes  SOCAR.</p>
<p>Turkmenistan says the fields, called Chirag and Azeri by Azerbaijan,  belong partially to Turkmenistan in the first case and fully in the  second.</p>
<p>The Azerbaijan International Operating Co (AIOC), an $8-billion consortium  led by British Petroleum and Norway's Statoil and including SOCAR,  says it is unfazed by the spat.</p>
<p>It plans to start producing shortly, and says reserves in the contract  area containing the two fields are 550 million tonnes of oil and 82  billion cubic feet of gas.</p>
<p>Analysts do not exclude the possibility that Rosneft's withdrawal  from the &quot;Kyapaz&quot; deal is tied to internal fighting between president  Yuri Bespalov and board chairman Alexander Putilov, who have opposing  views on the company's future.</p>
<p>Putilov signed the original deal during Azeri president Haydar Aliyev's  visit to Moscow last month, but was not part of the decision to annul  it on Thursday. Bespalov, however, was.</p>
<p>The squabble has intensified in recent weeks as the sale of 51 percent  of the company approaches.</p>
<p>--Moscow newsroom +7095 941 8520</p>
</text>
<copyright>(c) Reuters Limited 1997</copyright>
<metadata>
<codes class="bip:countries:1.0">
  <code code="AZERB">
    <editdetail attribution="Reuters BIP Coding Group" action="confirmed" date="1997-08-01"/>
  </code>
  <code code="RUSS">
    <editdetail attribution="Reuters BIP Coding Group" action="confirmed" date="1997-08-01"/>
  </code>
  <code code="TURKM">
    <editdetail attribution="Reuters BIP Coding Group" action="confirmed" date="1997-08-01"/>
  </code>
</codes>
<codes class="bip:industries:1.0">
  <code code="I13000">
    <editdetail attribution="Reuters BIP Coding Group" action="confirmed" date="1997-08-01"/>
  </code>
  <code code="I1300003">
    <editdetail attribution="Reuters BIP Coding Group" action="confirmed" date="1997-08-01"/>
  </code>
</codes>
<codes class="bip:topics:1.0">
  <code code="C11">
    <editdetail attribution="Reuters BIP Coding Group" action="confirmed" date="1997-08-01"/>
  </code>
  <code code="C24">
    <editdetail attribution="Reuters BIP Coding Group" action="confirmed" date="1997-08-01"/>
  </code>
  <code code="C33">
    <editdetail attribution="Reuters BIP Coding Group" action="confirmed" date="1997-08-01"/>
  </code>
  <code code="CCAT">
    <editdetail attribution="Reuters BIP Coding Group" action="confirmed" date="1997-08-01"/>
  </code>
</codes>
<dc element="dc.date.created" value="1997-08-01"/>
<dc element="dc.publisher" value="Reuters Holdings Plc"/>
<dc element="dc.date.published" value="1997-08-01"/>
<dc element="dc.source" value="Reuters"/>
<dc element="dc.creator.location" value="MOSCOW"/>
<dc element="dc.creator.location.country.name" value="RUSSIA"/>
<dc element="dc.source" value="Reuters"/>
</metadata>
</newsitem>
