<?xml version="1.0" encoding="iso-8859-1" ?>
<newsitem itemid="772060" id="root" date="1997-08-01" xml:lang="en">
<title>YUGOSLAVIA: Yugoslavia says to step up finance sector reforms.</title>
<headline>Yugoslavia says to step up finance sector reforms.</headline>
<dateline>BELGRADE 1997-08-01</dateline>
<text>
<p>Yugoslavia's government said on Friday  it will step up activity to reform its ailing financial sector and  transform the local financial market before privatisation in Serbia  begins.</p>
<p>&quot;It is necessary to urgently resolve major problems in the financial  sector. Without reforms there will be no development of the sector,&quot;  the government team of experts, headed by Yugoslav Deputy Prime Minister  Danko Djunic, said in a press release faxed to Reuters.</p>
<p>Reforms include a bank rehabilitation programme and further development  of the financial market.</p>
<p>Market development measures will be finalised by October 31, when  privatisation in Serbia begins, while the framework for the bank overhaul  programme will be established by the end of 1997, the statement said.</p>
<p>Members of the expert team are the central bank governor, Yugoslav  finance minister and IMF minister, Montenegrin finance minister, Serbian  privatisation minister, Belgrade bourse head, Yugoslav Banking Association  general secretary, head of the Bank Rehabilitation Agency and five  top bankers. -- Gordana Filipovic, Belgrade newsroom, +381 11 311  4254</p>
</text>
<copyright>(c) Reuters Limited 1997</copyright>
<metadata>
<codes class="bip:countries:1.0">
  <code code="YUG">
    <editdetail attribution="Reuters BIP Coding Group" action="confirmed" date="1997-08-01"/>
  </code>
</codes>
<codes class="bip:topics:1.0">
  <code code="E12">
    <editdetail attribution="Reuters BIP Coding Group" action="confirmed" date="1997-08-01"/>
  </code>
  <code code="ECAT">
    <editdetail attribution="Reuters BIP Coding Group" action="confirmed" date="1997-08-01"/>
  </code>
  <code code="GCAT">
    <editdetail attribution="Reuters BIP Coding Group" action="confirmed" date="1997-08-01"/>
  </code>
  <code code="GPOL">
    <editdetail attribution="Reuters BIP Coding Group" action="confirmed" date="1997-08-01"/>
  </code>
</codes>
<dc element="dc.date.created" value="1997-08-01"/>
<dc element="dc.publisher" value="Reuters Holdings Plc"/>
<dc element="dc.date.published" value="1997-08-01"/>
<dc element="dc.source" value="Reuters"/>
<dc element="dc.creator.location" value="BELGRADE"/>
<dc element="dc.creator.location.country.name" value="YUGOSLAVIA"/>
<dc element="dc.source" value="Reuters"/>
</metadata>
</newsitem>
