<?xml version="1.0" encoding="iso-8859-1" ?>
<newsitem itemid="772033" id="root" date="1997-08-01" xml:lang="en">
<title>RUSSIA: Yeltsin keeps busy as end of holiday approaches.</title>
<headline>Yeltsin keeps busy as end of holiday approaches.</headline>
<byline>Gareth Jones</byline>
<dateline>MOSCOW 1997-08-01</dateline>
<text>
<p>President Boris Yeltsin, nearing the end  of his month-long summer vacation, held talks on Friday with Prime  Minister Viktor Chernomyrdin and other senior officials and said he  would return to Moscow next Tuesday.</p>
<p>Yeltsin, holidaying at the Volga River resort of Volzhsky Utyos, also  tried to calm the waters in a dispute with neighbouring Belarus, saying  its president was &quot;too excitable&quot;.</p>
<p>The 66-year-old Yeltsin, who has made a strong recovery from open  heart surgery and pneumonia last winter, has kept up a busy work schedule  during his vacation but has also managed to enjoy his hobbies of fishing,  hunting and tennis.</p>
<p>Yeltsin's talks with Chernomyrdin focused on army reform and payment  of wage arrears to the military and state sector workers, Interfax  news agency said.</p>
<p>&quot;Everything is going to plan...and is being taken positively by the  military themselves,&quot; Interfax quoted Yeltsin as saying.</p>
<p>Earlier this week he urged the military rank-and-file to support far-reaching  reforms aimed at turning the huge, cash-strapped army into a leaner,  more efficient fighting force.</p>
<p>Yeltsin also held talks on Friday with central bank governor Sergei  Dubinin. Interfax said he would give an account of that conversation  on national television and radio &quot;in a few days&quot;.</p>
<p>Russia's feud with Belarus over its arrest of three Russian journalists  worsened when President Alexander Lukashenko angrily called off a  visit to the Russian enclave of Kaliningrad.</p>
<p>Kaliningrad's governor had urged him to postpone his trip due to the  concern over Russia's ORT television crew.</p>
<p>Lukashenko's spokesman Vasily Dolgolev accused Kremlin liberals opposed  to closer integration between the two former Soviet states of being  behind the governor's decision.</p>
<p>&quot;As a representative of the president I consider that this is an insult  to our state...These actions were hardly the initiative of the governor  but were planned by Russian opponents of integration,&quot; Dolgolev told  reporters in Minsk.</p>
<p>The Kremlin's press spokesman said the governor had acted unilaterally  without consulting Moscow but said he did not think the spat would  seriously harm ties between the two countries.</p>
<p>Yeltsin also appeared to take a relaxed view of the affair.</p>
<p>&quot;Lukashenko is young and over-sensitive to criticism. I, for example,  take criticism well when you sometimes criticise me fairly,&quot; Yeltsin  joked with reporters in comments broadcast on television. &quot;He is too  excitable.&quot;</p>
<p>The Russian leader has threatened to review a treaty of union signed  with Belarus in May if the TV reporters are not released.</p>
<p>Yeltsin also spoke by telephone on Friday with Patriarch Alexiy, head  of the Russian Orthodox Church, in an effort to improve relations  marred by recent disagreements over a controversial law on religion.</p>
<p>The presidential press service said in a statement that the two men  had had &quot;a cordial conversation&quot; that focused on the draft law vetoed  by Yeltsin last week.</p>
<p>Yeltsin rejected the bill, passed by parliament and strongly backed  by the patriarch, because he said it contravened Russia constitution  guaranteeing equality for all faiths.</p>
<p>The bill, which drew strong criticism from the United States, the  Vatican and human rights groups, would have imposed tough curbs on  &quot;non-traditional&quot; religious groups in Russia.</p>
<p>&quot;The president and the patriarch agreed that the adoption of the law  was necessary once the specific corrections...had been made,&quot; the  Kremlin statement said.</p>
</text>
<copyright>(c) Reuters Limited 1997</copyright>
<metadata>
<codes class="bip:countries:1.0">
  <code code="BYELRS">
    <editdetail attribution="Reuters BIP Coding Group" action="confirmed" date="1997-08-01"/>
  </code>
  <code code="RUSS">
    <editdetail attribution="Reuters BIP Coding Group" action="confirmed" date="1997-08-01"/>
  </code>
</codes>
<codes class="bip:topics:1.0">
  <code code="GCAT">
    <editdetail attribution="Reuters BIP Coding Group" action="confirmed" date="1997-08-01"/>
  </code>
  <code code="GDIP">
    <editdetail attribution="Reuters BIP Coding Group" action="confirmed" date="1997-08-01"/>
  </code>
  <code code="GPOL">
    <editdetail attribution="Reuters BIP Coding Group" action="confirmed" date="1997-08-01"/>
  </code>
</codes>
<dc element="dc.date.created" value="1997-08-01"/>
<dc element="dc.publisher" value="Reuters Holdings Plc"/>
<dc element="dc.date.published" value="1997-08-01"/>
<dc element="dc.source" value="Reuters"/>
<dc element="dc.creator.location" value="MOSCOW"/>
<dc element="dc.creator.location.country.name" value="RUSSIA"/>
<dc element="dc.source" value="Reuters"/>
</metadata>
</newsitem>
