<?xml version="1.0" encoding="iso-8859-1" ?>
<newsitem itemid="772049" id="root" date="1997-08-01" xml:lang="en">
<title>SLOVAKIA: Slovak SAX index dips 0.3 points on VSZ loss.</title>
<headline>Slovak SAX index dips 0.3 points on VSZ loss.</headline>
<dateline>BRATISLAVA 1997-08-01</dateline>
<text>
<p>Slovakia's Bratislava Stock Exchange  (BSE) closed the week lower in moderate trading on Friday, with the  16-share SAX index pulled down by steel maker VSZ.</p>
<p>The index closed at 169.25 points, down 0.3 from Thursday's close.</p>
<p>VSZ, usually the most liquid first-tier issue, eased four crowns to  646, on volume of just 42 shares.</p>
<p>A new division of markets on the BSE, which became effective on Friday,  so far appeared to have no immediate effect on trading.</p>
<p>Direct trades continued overshadowing the sessions on the bourse's  listed, registered and free markets, as turnover of more than 780  million crowns was recorded in direct deals, against some 300,000  crowns on the automated floors.</p>
<p>However, brokers have said the BSE's new shape should contribute to  transparency of the market.</p>
<p>A total of 15 shares traded in commercial bank VUB which closed unchanged  at 1,270 crowns.</p>
<p>The most heavily-weighted issue in the SAX index, oil refinery Slovnaft,  did not match any trades on Friday.</p>
<p>Overall, volume rose to 1.092 million shares, from 960,810 on Thursday,  while turnover increased to 783.96 million crowns, from 448.46 million.  -- Peter Javurek, Bratislava Newsroom, 421-7-521-8402</p>
</text>
<copyright>(c) Reuters Limited 1997</copyright>
<metadata>
<codes class="bip:countries:1.0">
  <code code="SLVAK">
    <editdetail attribution="Reuters BIP Coding Group" action="confirmed" date="1997-08-01"/>
  </code>
</codes>
<codes class="bip:topics:1.0">
  <code code="M11">
    <editdetail attribution="Reuters BIP Coding Group" action="confirmed" date="1997-08-01"/>
  </code>
  <code code="MCAT">
    <editdetail attribution="Reuters BIP Coding Group" action="confirmed" date="1997-08-01"/>
  </code>
</codes>
<dc element="dc.date.created" value="1997-08-01"/>
<dc element="dc.publisher" value="Reuters Holdings Plc"/>
<dc element="dc.date.published" value="1997-08-01"/>
<dc element="dc.source" value="Reuters"/>
<dc element="dc.creator.location" value="BRATISLAVA"/>
<dc element="dc.creator.location.country.name" value="SLOVAKIA"/>
<dc element="dc.source" value="Reuters"/>
</metadata>
</newsitem>
