<?xml version="1.0" encoding="iso-8859-1" ?>
<newsitem itemid="772016" id="root" date="1997-08-01" xml:lang="en">
<title>SLOVAKIA: PRESS DIGEST - Slovakia - Aug 1.</title>
<headline>PRESS DIGEST - Slovakia - Aug 1.</headline>
<text>
<p>NARODNA OBRODA - Polish President Aleksander Kwasniewski will pay  a two-day visit to Slovakia, beginning on August 20.</p>
<p>- Slovakia's trade deficit with Russia totalled 22.9 billion crowns  in the first six months of this year.</p>
<p>- A 10 percent increase in energy prices, effective from August 1,  will cost oil refiner Slovnaft an additional three million crowns  this year but the increase will not affect prices of Slovnaft's products.</p>
<p>- The state council supervising broadcasting of the official Slovak  Television (STV) said there were professional shortcomings in the  STV activities, mainly in presenting opinions of President Michal  Kovac and Prime Minister Vladimir Meciar.</p>
<p>- The local banking sector on Thursday met its minimum reserves requirements  after failing to do so for five consecutive times over the past 10  weeks.</p>
<p>SME - Opposition Party of the Democratic Left (SDL) Deputy Chairman,  Peter Weiss, said the ruling parties were now in deep crisis since  they were not willing to respect rulings of the Constitutional Court.</p>
<p>- The ministry of agriculture has proposed excluding some agriculture  products and food items from the new 7.0 percent import surcharge  to eliminate any negative effect on agricultural production.</p>
<p>PRAVDA - Higher energy prices will not negatively influence Slovakia's  sole aluminium producer ZSNP since the company has a long-term agreement  with fixed prices and consumption volumes with the energy producer  Slovenske Elektrarne.</p>
<p>- The Slovak foreign ministry and the ministry of finance are now  analysing possibilities of asking for funds from a secret Swiss bank  account belonging to Jozef Tuka, premier of Slovakia's Nazi puppet  state during World War Two.</p>
<p>-- Bratislava Newsroom, 421-7-521-8402</p>
</text>
<copyright>(c) Reuters Limited 1997</copyright>
<metadata>
<codes class="bip:countries:1.0">
  <code code="SLVAK">
    <editdetail attribution="Reuters BIP Coding Group" action="confirmed" date="1997-08-01"/>
  </code>
</codes>
<codes class="bip:topics:1.0">
  <code code="GCAT">
    <editdetail attribution="Reuters BIP Coding Group" action="confirmed" date="1997-08-01"/>
  </code>
</codes>
<dc element="dc.publisher" value="Reuters Holdings Plc"/>
<dc element="dc.date.published" value="1997-08-01"/>
<dc element="dc.source" value="Reuters"/>
<dc element="dc.creator.location.country.name" value="SLOVAKIA"/>
<dc element="dc.source" value="Reuters"/>
</metadata>
</newsitem>
