<?xml version="1.0" encoding="iso-8859-1" ?>
<newsitem itemid="772040" id="root" date="1997-08-01" xml:lang="en">
<title>LITHUANIA: Hermis hits record as Lithuania bourse advances.</title>
<headline>Hermis hits record as Lithuania bourse advances.</headline>
<dateline>VILNIUS 1997-08-01</dateline>
<text>
<p>Hermis Bank hit an all-time high while shares  in rival Vilniaus Bank rose to their previous best level as stocks  advanced on the Lithuanian bourse by the close on Friday.</p>
<p>The official list index rose 17.48 points to 1017.71 while the broader  group-A index gained 12.26 points to 1847.04.</p>
<p>But central market turnover sagged to 754,000 litas from over a million  litas the day before.</p>
<p>Hermis shares set a new high, jumping to 250.20 litas from 241.50  litas.</p>
<p>Brokers said that Vilniaus Bank, advancing to its previous record  of 260 litas from 253 litas, pulled its rival up.</p>
<p>&quot;Vilniaus Bank is so high that everybody thinks Hermis bank should  be the same,&quot; one broker said.</p>
<p>Hermis turned over 330,000 litas in block trades at prices ranging  from 240 to 250 litas. Vilniaus Bank saw 132,000 litas of block trades  at 240 to 265 litas.</p>
<p>Brokers say the price of Hermis on the central market will level off  for the time being but that Vilniaus Bank will continue to be buoyed  by its first-half results and a low supply of shares on the domestic  market.</p>
<p>&quot;It could go up to 300 litas,&quot; one dealer said. &quot;There are simply  no shares in Lithuania.&quot;</p>
<p>Rokishkis Cheese, one of three corporates on the official list, advanced  to 45 litas from 44.50 litas in central market turnover of 157,000  litas.</p>
<p>Brokers say they were impressed with Rokishkis's first half results  but that large block deals at low prices are keeping it cheap on the  central market.</p>
<p>Rokishkis turned over 439,000 litas in block trades at prices ranging  from 44.50 to 44.70 litas.</p>
<p>-- Burton Frierson, Vilnius newsroom + 370 2 22 35 18</p>
</text>
<copyright>(c) Reuters Limited 1997</copyright>
<metadata>
<codes class="bip:countries:1.0">
  <code code="LITH">
    <editdetail attribution="Reuters BIP Coding Group" action="confirmed" date="1997-08-01"/>
  </code>
</codes>
<codes class="bip:topics:1.0">
  <code code="M11">
    <editdetail attribution="Reuters BIP Coding Group" action="confirmed" date="1997-08-01"/>
  </code>
  <code code="MCAT">
    <editdetail attribution="Reuters BIP Coding Group" action="confirmed" date="1997-08-01"/>
  </code>
</codes>
<dc element="dc.date.created" value="1997-08-01"/>
<dc element="dc.publisher" value="Reuters Holdings Plc"/>
<dc element="dc.date.published" value="1997-08-01"/>
<dc element="dc.source" value="Reuters"/>
<dc element="dc.creator.location" value="VILNIUS"/>
<dc element="dc.creator.location.country.name" value="LITHUANIA"/>
<dc element="dc.source" value="Reuters"/>
</metadata>
</newsitem>
