<?xml version="1.0" encoding="iso-8859-1" ?>
<newsitem itemid="772057" id="root" date="1997-08-01" xml:lang="en">
<title>CZECH REPUBLIC: DIRECT EQUITY TRADES ON THE CZECH PSE - AUG 1.</title>
<headline>DIRECT EQUITY TRADES ON THE CZECH PSE - AUG 1.</headline>
<dateline>PRAGUE 1997-08-01</dateline>
<text>
<p>The following is a list of direct equity  trades made on the Prague Stock Exchange:</p>
<p> CESKA SPORITELNA	  266.00    268.00	3000     802.000</p>
<p> CEZ			   908.35    935.00     79800   73007.600</p>
<p> DAEWOO AVIA		 450.00    450.00	2000     900.000</p>
<p> ELEKTRARNY OPATOV.     4500.00   4630.00     13062   59101.450</p>
<p> ENERGOMONTAZE LIB.	300.00    300.00	1500     450.000</p>
<p> KOMERCNI BANKA	   1600.00   1685.00     50000   82718.800</p>
<p> KOMERCNI BANKA IF	 500.00    504.00     16000    8020.000</p>
<p> METROSTAV		  2120.00   2125.00	1000    2122.500</p>
<p> PF IKS KB PLUS	    161.00    161.00     10000    1610.000</p>
<p> RENTIERSKY IF 1.IN	328.30    330.00	5705    1877.125</p>
<p> RIF			   554.82    554.82	7000    3883.789</p>
<p> SPOLANA		     230.00    230.00	1250     287.500</p>
<p> SPT TELECOM		3770.00   3900.00    111250  428631.750</p>
<p> SSZ			   905.00    905.00	5000    4525.000</p>
<p> SKODA PLZEN		 941.50    955.00     20000   19003.300</p>
<p> VODNI STAVBY PRAHA	902.00    903.00	2800    2527.000</p>
<p> ZDAS			  540.00    540.00	 700     378.000</p>
<p>-- Prague Newsroom, 420-2-2423-0003</p>
</text>
<copyright>(c) Reuters Limited 1997</copyright>
<metadata>
<codes class="bip:countries:1.0">
  <code code="CZREP">
    <editdetail attribution="Reuters BIP Coding Group" action="confirmed" date="1997-08-01"/>
  </code>
</codes>
<codes class="bip:topics:1.0">
  <code code="M11">
    <editdetail attribution="Reuters BIP Coding Group" action="confirmed" date="1997-08-01"/>
  </code>
  <code code="MCAT">
    <editdetail attribution="Reuters BIP Coding Group" action="confirmed" date="1997-08-01"/>
  </code>
</codes>
<dc element="dc.date.created" value="1997-08-01"/>
<dc element="dc.publisher" value="Reuters Holdings Plc"/>
<dc element="dc.date.published" value="1997-08-01"/>
<dc element="dc.source" value="Reuters"/>
<dc element="dc.creator.location" value="PRAGUE"/>
<dc element="dc.creator.location.country.name" value="CZECH REPUBLIC"/>
<dc element="dc.source" value="Reuters"/>
</metadata>
</newsitem>
