<?xml version="1.0" encoding="iso-8859-1" ?>
<newsitem itemid="772043" id="root" date="1997-08-01" xml:lang="en">
<title>POLAND: Slaski Q2 net falls to PLN 56.1 mln.</title>
<headline>Slaski Q2 net falls to PLN 56.1 mln.</headline>
<dateline>WARSAW 1997-08-01</dateline>
<text>
<p>Bank Slaski preliminary results for the second  quarter of the year ending June 30, 1997</p>
<p>(Figures in millions of zlotys unless stated)</p>
<p>						Q2 1997     Q2 1996</p>
<p>    operating profit			92.78  vs   97.56</p>
<p>    pre-tax profit			  92.82  vs   97.56</p>
<p>    net profit				56.08  vs   59.80</p>
<p>NOTE - Full company name is Bank Slaski SA.</p>
<p>    revenues from securities	     0.00  vs    1.05</p>
<p>    interest and similar revenues    394.31 vs   328.93</p>
<p>    interest and similar costs	 211.84  vs  183.51</p>
<p>@</p>
<p>    revenues from commission	    59.32  vs   51.07</p>
<p>    costs of commission		    1.54  vs    2.21</p>
<p>    income tax				36.74  vs   37.75</p>
<p>    other taxes				0.00  vs    0.00</p>
<p>    extraordinary profit		   0.04  vs    0.01loss</p>
<p>						H2 1997     H2 1996</p>
<p>    operating profit		     177.32  vs  243.19</p>
<p>    pre-tax profit			 177.35  vs  243.19</p>
<p>    net profit			     103.56  vs  163.14</p>
<p>    revenues from securities	     0.00  vs    1.05</p>
<p>    interest and similar revenues    753.81  vs  670.95</p>
<p>    interest and similar costs	 415.66  vs  361.78</p>
<p>@</p>
<p>    revenues from commission	   117.66  vs  102.85</p>
<p>    costs of commission		    2.63  vs    3.06</p>
<p>    income tax				73.79  vs   80.05</p>
<p>    other taxes				0.00  vs    0.00</p>
<p>    extraordinary profit		   0.03  vs    0.00</p>
<p>-- Warsaw Newsroom +48 22 653 9700</p>
</text>
<copyright>(c) Reuters Limited 1997</copyright>
<metadata>
<codes class="bip:countries:1.0">
  <code code="POL">
    <editdetail attribution="Reuters BIP Coding Group" action="confirmed" date="1997-08-01"/>
  </code>
</codes>
<codes class="bip:industries:1.0">
  <code code="I81402">
    <editdetail attribution="Reuters BIP Coding Group" action="confirmed" date="1997-08-01"/>
  </code>
</codes>
<codes class="bip:topics:1.0">
  <code code="C15">
    <editdetail attribution="Reuters BIP Coding Group" action="confirmed" date="1997-08-01"/>
  </code>
  <code code="C151">
    <editdetail attribution="Reuters BIP Coding Group" action="confirmed" date="1997-08-01"/>
  </code>
  <code code="CCAT">
    <editdetail attribution="Reuters BIP Coding Group" action="confirmed" date="1997-08-01"/>
  </code>
</codes>
<dc element="dc.date.created" value="1997-08-01"/>
<dc element="dc.publisher" value="Reuters Holdings Plc"/>
<dc element="dc.date.published" value="1997-08-01"/>
<dc element="dc.source" value="Reuters"/>
<dc element="dc.creator.location" value="WARSAW"/>
<dc element="dc.creator.location.country.name" value="POLAND"/>
<dc element="dc.source" value="Reuters"/>
</metadata>
</newsitem>
