<?xml version="1.0" encoding="iso-8859-1" ?>
<newsitem itemid="772004" id="root" date="1997-08-01" xml:lang="en">
<title>LITHUANIA: LATEST ECONOMIC INDICATORS - LITHUANIA.</title>
<headline>LATEST ECONOMIC INDICATORS - LITHUANIA.</headline>
<dateline>VILNIUS 1997-08-01</dateline>
<text>
<p>Lithuania's latest economic</p>
<p>statistics, in percentage changes on a month-on-month basis</p>
<p>unless otherwise indicated. * is updated this week.</p>
<p>Publication dates of new figures are approximate.</p>
<p>    INDICATOR	     PERIOD    PCT    A YR AGO  LAST-NEXT</p>
<p> Inflation mo/mo	  June	0.2	0.4     07/07-06/08</p>
<p>	     yr/yr	  June	7.6     28.1     07/07-06/08</p>
<p> Trade balance(bln LTL)  1996    -4.8     -3.8</p>
<p>		  (mln LTL) 1Q 97  -1,537     -958     27/05-20/08</p>
<p>		 *(bln LTL) 1H 97  -2.798    -1.756    22/07-na</p>
<p> GDP (bln LTL, prelim)     96    31.1     23.8     22/04-n/a</p>
<p>				1Q 97     8.154    6.463   02/07-30/09</p>
<p> PPI mo/mo		  June     -0.3     -0.2     10/06-10/07</p>
<p> PPI yr/yr		  June	6.7     18.5     10/06-10-07</p>
<p> Unemployment	     June	5.3	7.0     04/07-03/08</p>
<p>-- Vilnius Newsroom, +370 2 223 517</p>
</text>
<copyright>(c) Reuters Limited 1997</copyright>
<metadata>
<codes class="bip:countries:1.0">
  <code code="LITH">
    <editdetail attribution="Reuters BIP Coding Group" action="confirmed" date="1997-08-01"/>
  </code>
</codes>
<codes class="bip:topics:1.0">
  <code code="E71">
    <editdetail attribution="Reuters BIP Coding Group" action="confirmed" date="1997-08-01"/>
  </code>
  <code code="ECAT">
    <editdetail attribution="Reuters BIP Coding Group" action="confirmed" date="1997-08-01"/>
  </code>
</codes>
<dc element="dc.date.created" value="1997-08-01"/>
<dc element="dc.publisher" value="Reuters Holdings Plc"/>
<dc element="dc.date.published" value="1997-08-01"/>
<dc element="dc.source" value="Reuters"/>
<dc element="dc.creator.location" value="VILNIUS"/>
<dc element="dc.creator.location.country.name" value="LITHUANIA"/>
<dc element="dc.source" value="Reuters"/>
</metadata>
</newsitem>
