<?xml version="1.0" encoding="iso-8859-1" ?>
<newsitem itemid="772062" id="root" date="1997-08-01" xml:lang="en">
<title>CZECH REPUBLIC: Czech PX50 edges higher despite CEZ H1 results.</title>
<headline>Czech PX50 edges higher despite CEZ H1 results.</headline>
<dateline>PRAGUE 1997-08-01</dateline>
<text>
<p>The Czech PX50 managed a small gain, 0.14  percent to 509.3, on Friday as CEZ recovered from early losses after  it posted sharply lower first half 1997 net profits.</p>
<p>CEZ's after tax profit fell to  3.53 billion crowns compared with  5.95 billion in the same period last year. CEZ recovered to close  unchanged on 918 but analysts said the prospects for the company were  not good.</p>
<p>&quot;CEZ's results once again showed why investors should stay clear of  this electricity company,&quot; said a report by ABN AMRO Hoare Govett.</p>
<p>&quot;After the recently published economic results of our biggest banking  institutions, we can see that energy company CEZ is another whose  half year results are negatively influenced by the continuing stagnation  of the Czech economy,&quot; said Patrik Brom of Prague International Securities.</p>
<p>Komercni Banka which on Thursday published its own, equally disappointing,  results managed a small rebound. Komercni rose 14 crowns to 1,635.  Ceska Sporitelna gained one crown to 264.</p>
</text>
<copyright>(c) Reuters Limited 1997</copyright>
<metadata>
<codes class="bip:countries:1.0">
  <code code="CZREP">
    <editdetail attribution="Reuters BIP Coding Group" action="confirmed" date="1997-08-01"/>
  </code>
</codes>
<codes class="bip:topics:1.0">
  <code code="M11">
    <editdetail attribution="Reuters BIP Coding Group" action="confirmed" date="1997-08-01"/>
  </code>
  <code code="MCAT">
    <editdetail attribution="Reuters BIP Coding Group" action="confirmed" date="1997-08-01"/>
  </code>
</codes>
<dc element="dc.date.created" value="1997-08-01"/>
<dc element="dc.publisher" value="Reuters Holdings Plc"/>
<dc element="dc.date.published" value="1997-08-01"/>
<dc element="dc.source" value="Reuters"/>
<dc element="dc.creator.location" value="PRAGUE"/>
<dc element="dc.creator.location.country.name" value="CZECH REPUBLIC"/>
<dc element="dc.source" value="Reuters"/>
</metadata>
</newsitem>
