<?xml version="1.0" encoding="iso-8859-1" ?>
<newsitem itemid="751673" id="root" date="1997-07-24" xml:lang="en">
<title>CANADA: Toronto stocks seen opening under pressure.</title>
<headline>Toronto stocks seen opening under pressure.</headline>
<dateline>TORONTO 1997-07-24</dateline>
<text>
<p>CHANGE				     CHANGE</p>
<p>TSE(CLS)  6765.16  +50.91   HI 6767.14	    LO  6743.94</p>
<p>DJI(CLS)  8088.36  +26.71   GOLD (LONDON)   US$321.80  -3.10</p>
<p>FTSE	4884.70  +10.20   GOLD (COMEX)    US$322.90  -0.90</p>
<p>NIKKEI   20286.23 +155.72   LME CASH NICKEL US$6675    -45.0</p>
<p>CANDLR     1.3805	     LME CASH ALUM   US$1635.0  +17.0</p>
<p>CAN 30-YR  120.05   +0.15   BRENT CRUDE     US$18.35   -0.04</p>
<p>---------------------MARKET COMMENT--------------------------</p>
<p>* Toronto stocks were seen opening lower as focus shifted back to stock performance after two days of Greenspan-driven gains. * Traders said banks and paper companies may show strength.  </p>
<p>Toronto stocks were expected to open lower on Thursday as focus shifted back to the stocks themselves after two days of gains driven by U.S. Federal Reserve Chaiman Alan Greenspan.</p>
<p>Traders said reality should start to set in as investors digest what Greenspan said in his testimony to Congress.</p>
<p>&quot;I think basically what he said is he doesn't see a whole lot of inflation this year, but if the market is six months forward-looking, that's 1998, and (in) 1998 we could see the economy slow. And if the economy slows, there could still be some inflation, even if it does moderate,&quot; one trader said.  </p>
<p>Toronto stocks ventured into record territory on Wednesday amid Greenspan-driven expectations that Canadian and U.S. interest rates would not move higher soon.</p>
<p>The TSE 300 Composite Index added 50.91 points to finish at 6765.16, surpassing the previous record close on July 17.</p>
<p>The trader said Toronto may see continued strength today from the financial sector and paper and forest products companies, which should benefit from higher pulp prices.</p>
<p>In economic news, Statistics Canada reported today that foreign investors sold a net C$3.47 billion in Canadian securities in May after buying a net C$3.96 billion in April (revised from C$4.18 billion).</p>
<p>--- STOCKS TO WATCH ---</p>
<p>* Potash Corp of Saskatchewan Inc reported second-quarter earnings of US$1.81 per share, up from US$1.15 a share in the same period last year. The fertilizer company said strong volumes so far in 1997 should result in higher prices going forward.</p>
<p>* Methanex Corp reported late on Wednesday second- quarter earnings of US$0.34 a share, up from US$0.06 a share in the second quarter of 1996.</p>
<p>((Andrea Hopkins at Reuters Toronto Bureau (416) 941-8102 or e-mail andrea.hopkins@reuters.com))</p>
</text>
<copyright>(c) Reuters Limited 1997</copyright>
<metadata>
<codes class="bip:countries:1.0">
  <code code="CANA">
    <editdetail attribution="Reuters BIP Coding Group" action="confirmed" date="1997-07-24"/>
  </code>
</codes>
<codes class="bip:industries:1.0">
  <code code="I23000">
    <editdetail attribution="Reuters BIP Coding Group" action="confirmed" date="1997-07-24"/>
  </code>
  <code code="I25120">
    <editdetail attribution="Reuters BIP Coding Group" action="confirmed" date="1997-07-24"/>
  </code>
</codes>
<codes class="bip:topics:1.0">
  <code code="M11">
    <editdetail attribution="Reuters BIP Coding Group" action="confirmed" date="1997-07-24"/>
  </code>
  <code code="MCAT">
    <editdetail attribution="Reuters BIP Coding Group" action="confirmed" date="1997-07-24"/>
  </code>
</codes>
<dc element="dc.date.created" value="1997-07-24"/>
<dc element="dc.publisher" value="Reuters Holdings Plc"/>
<dc element="dc.date.published" value="1997-07-24"/>
<dc element="dc.source" value="Reuters"/>
<dc element="dc.creator.location" value="TORONTO"/>
<dc element="dc.creator.location.country.name" value="CANADA"/>
<dc element="dc.source" value="Reuters"/>
</metadata>
</newsitem>
