<?xml version="1.0" encoding="iso-8859-1" ?>
<newsitem itemid="751661" id="root" date="1997-07-24" xml:lang="en">
<title>USA: NBC says signs Brokaw to five-year deal.</title>
<headline>NBC says signs Brokaw to five-year deal.</headline>
<dateline>NEW YORK 1997-07-24</dateline>
<text>
<p>NBC said Thursday it signed television news anchorman Tom Brokaw to a new five-year contract.</p>
<p>Terms were not disclosed. Published reports said Brokaw was offered about $7 million a year. A spokeswoman for NBC News declined to comment. However, a source at NBC familiar with the situation said the final figure was lower.</p>
<p>Under the deal, Brokaw continues as anchor and managing editor of &quot;NBC Nightly News&quot; and will continue to serve as contributing anchor to &quot;Dateline NBC,&quot; the prime-time news magazine show, and programme anchor for MSNBC, its all-news cable channel that is a joint venture with Microsoft Corp.</p>
<p>Brokaw, who began his career at NBC as a reporter at KNBC-TV, its Los Angeles TV station, in 1966, was reportedly wooed by Time Warner Inc.'s Cable News Network, with an offer of $8 million a year.</p>
<p>NBC is owned by General Electric Co.</p>
</text>
<copyright>(c) Reuters Limited 1997</copyright>
<metadata>
<codes class="bip:countries:1.0">
  <code code="USA">
    <editdetail attribution="Reuters BIP Coding Group" action="confirmed" date="1997-07-24"/>
  </code>
</codes>
<codes class="bip:industries:1.0">
  <code code="I34000">
    <editdetail attribution="Reuters BIP Coding Group" action="confirmed" date="1997-07-24"/>
  </code>
</codes>
<codes class="bip:topics:1.0">
  <code code="C33">
    <editdetail attribution="Reuters BIP Coding Group" action="confirmed" date="1997-07-24"/>
  </code>
  <code code="CCAT">
    <editdetail attribution="Reuters BIP Coding Group" action="confirmed" date="1997-07-24"/>
  </code>
</codes>
<dc element="dc.date.created" value="1997-07-24"/>
<dc element="dc.publisher" value="Reuters Holdings Plc"/>
<dc element="dc.date.published" value="1997-07-24"/>
<dc element="dc.source" value="Reuters"/>
<dc element="dc.creator.location" value="NEW YORK"/>
<dc element="dc.creator.location.country.name" value="USA"/>
<dc element="dc.source" value="Reuters"/>
</metadata>
</newsitem>
