<?xml version="1.0" encoding="iso-8859-1" ?>
<newsitem itemid="751660" id="root" date="1997-07-24" xml:lang="en">
<title>USA: Nortek agrees to acquire Ply Gem for $310 million.</title>
<headline>Nortek agrees to acquire Ply Gem for $310 million.</headline>
<dateline>PROVIDENCE, R.I. 1997-07-24</dateline>
<text>
<p>Building supply company Nortek Inc. said Thursday it agreed to acquire Ply Gem Industries Inc., a maker of home improvement products, for $482 million in cash and debt.</p>
<p>Nortek said it will pay $310 million in cash for Ply Gem's common stock and assume or refinance $172 million of Ply Gem debt.</p>
<p>Its bid topped one for $18.50 a share made last month by Atrium Acquisition Holdings Corp., an affiliate of buyout firm Hicks, Muse, Tate &amp; Furst Inc.</p>
<p>Nortek makes and sells products and systems for residential and commercial building and remodeling, particularly residential ventilation products and indoor air quality systems. Ply Gem, based in New York, makes and sells products used primarily in residential remodeling and construction, including vinyl siding, doors and windows.</p>
<p>Nortek Chairman Richard Bready said a combination of Nortek and Ply Gem will create &quot;a leader in the building products industry. ... The two companies complement one another, creating significant marketing and distribution efficiencies and synergies.&quot;</p>
<p>In 1996, Nortek earned $22 million on sales of $970 million. In the same period, Ply Gem earned $10.5 million on sales of $775 million.</p>
<p>Nortek's stock closed at $26.50 a share, down 50 cents, and Ply Gem closed at $19.25, down 12.5 cents, both in composite New York Stock Exchange trading.</p>
<p>As a result of the breakup of its deal with Ply Gem, Atrium will be paid $9.5 million in breakup fees and is entitled to up to $2.5 million for expense reimbursement, Nortek said in a news release.</p>
<p>A spokesman for Hicks Muse said Atrium does not intend to pursue the transaction.</p>
</text>
<copyright>(c) Reuters Limited 1997</copyright>
<metadata>
<codes class="bip:countries:1.0">
  <code code="USA">
    <editdetail attribution="Reuters BIP Coding Group" action="confirmed" date="1997-07-24"/>
  </code>
</codes>
<codes class="bip:industries:1.0">
  <code code="I32840">
    <editdetail attribution="Reuters BIP Coding Group" action="confirmed" date="1997-07-24"/>
  </code>
  <code code="I46000">
    <editdetail attribution="Reuters BIP Coding Group" action="confirmed" date="1997-07-24"/>
  </code>
  <code code="I81502">
    <editdetail attribution="Reuters BIP Coding Group" action="confirmed" date="1997-07-24"/>
  </code>
  <code code="I8150203">
    <editdetail attribution="Reuters BIP Coding Group" action="confirmed" date="1997-07-24"/>
  </code>
</codes>
<codes class="bip:topics:1.0">
  <code code="C18">
    <editdetail attribution="Reuters BIP Coding Group" action="confirmed" date="1997-07-24"/>
  </code>
  <code code="C181">
    <editdetail attribution="Reuters BIP Coding Group" action="confirmed" date="1997-07-24"/>
  </code>
  <code code="CCAT">
    <editdetail attribution="Reuters BIP Coding Group" action="confirmed" date="1997-07-24"/>
  </code>
</codes>
<dc element="dc.date.created" value="1997-07-24"/>
<dc element="dc.publisher" value="Reuters Holdings Plc"/>
<dc element="dc.date.published" value="1997-07-24"/>
<dc element="dc.source" value="Reuters"/>
<dc element="dc.creator.location" value="PROVIDENCE, R.I."/>
<dc element="dc.creator.location.country.name" value="USA"/>
<dc element="dc.source" value="Reuters"/>
</metadata>
</newsitem>
