<?xml version="1.0" encoding="iso-8859-1" ?>
<newsitem itemid="751692" id="root" date="1997-07-24" xml:lang="en">
<title>USA: TABLE - Metrologic Q2net rises, EPS flat.</title>
<headline>TABLE - Metrologic Q2net rises, EPS flat.</headline>
<dateline>BLACKWOOD, N.J. 1997-07-24</dateline>
<text>
<p>(all amounts in thousands, except share and per share data)</p>
<p>			   3 Months Ended	  6 Months Ended</p>
<p>				June 30,		  June 30,</p>
<p>			     1997	 1996	 1997	 1996</p>
<p> Sales		  $ 13,157   $ 11,757   $ 25,919   $ 22,099</p>
<p> Cost of sales	   8,438	7,154     16,405     13,425</p>
<p> Gross profit	    4,719	4,603	9,514	8,674</p>
<p>Selling, general and</p>
<p>administrative expenses</p>
<p>			     2,753	2,730	5,681	5,289</p>
<p>Research and development</p>
<p>  expenses		   814	  774	1,622	1,571</p>
<p> Operating income	1,152	1,099	2,211	1,814</p>
<p>Other (expenses) income, net</p>
<p>				(22)	    6	(140)	   93</p>
<p>Income before provision</p>
<p>  for income taxes     1,130	1,105	2,071	1,907</p>
<p>Provision for income taxes</p>
<p>				 430	  420	  787	  732</p>
<p> Net income		  700	  685	1,284	1,175</p>
<p>Weighted average number</p>
<p>of shares used in</p>
<p>computing net income</p>
<p>  per share	  5,474,025  5,267,840  5,450,485  5,264,657</p>
<p> Net income per share   0.13	 0.13	 0.24	 0.22</p>
<p>NOTE: The company said results for the current Q2 and six-month period include the continued devaluation of the German mark against the U.S. dollar, which dropped earnings per share $0.07 for the quarter and $0.14 for the six-month period.</p>
<p>Full name is Metrologic Instruments Inc.</p>
</text>
<copyright>(c) Reuters Limited 1997</copyright>
<metadata>
<codes class="bip:countries:1.0">
  <code code="USA">
    <editdetail attribution="Reuters BIP Coding Group" action="confirmed" date="1997-07-24"/>
  </code>
</codes>
<codes class="bip:industries:1.0">
  <code code="I33020">
    <editdetail attribution="Reuters BIP Coding Group" action="confirmed" date="1997-07-24"/>
  </code>
  <code code="I3302015">
    <editdetail attribution="Reuters BIP Coding Group" action="confirmed" date="1997-07-24"/>
  </code>
</codes>
<codes class="bip:topics:1.0">
  <code code="C15">
    <editdetail attribution="Reuters BIP Coding Group" action="confirmed" date="1997-07-24"/>
  </code>
  <code code="C151">
    <editdetail attribution="Reuters BIP Coding Group" action="confirmed" date="1997-07-24"/>
  </code>
  <code code="CCAT">
    <editdetail attribution="Reuters BIP Coding Group" action="confirmed" date="1997-07-24"/>
  </code>
</codes>
<dc element="dc.date.created" value="1997-07-24"/>
<dc element="dc.publisher" value="Reuters Holdings Plc"/>
<dc element="dc.date.published" value="1997-07-24"/>
<dc element="dc.source" value="Reuters"/>
<dc element="dc.creator.location" value="BLACKWOOD, N.J."/>
<dc element="dc.creator.location.country.name" value="USA"/>
<dc element="dc.source" value="Reuters"/>
</metadata>
</newsitem>
