<?xml version="1.0" encoding="iso-8859-1" ?>
<newsitem itemid="751793" id="root" date="1997-07-24" xml:lang="en">
<title>USA: MEMC sees earnings improve in Q4.</title>
<headline>MEMC sees earnings improve in Q4.</headline>
<dateline>ST PETERS, Mo. 1997-07-24</dateline>
<text>
<p>MEMC Electrobnics Materials Inc said Thursday it expected to improve its bottomline by the end of the year as the market for silicon wafers is recovering, despite its reporting nearly flat earnings in the second quarter.</p>
<p>&quot;We expect third-quarter net results will be similar to results from operations in the second quarter,&quot; said chief executive Ludger Viefhues in a statement. &quot;Looking ahead to the fourth quarter, we expect to see some improvement in financial results as the market continues its recovery.  </p>
<p>MEMC posted net earnings of $3.8 million, or $0.09 a share, in the quarter ended June 30. The earnings included a $3.4 after-tax gain, or $0.08 a share, for selling its Santa Clara, Calif., silicon wafer plant.</p>
<p>The company earned $400,000, or $0.01 a share, excluding the gain, compared with a net of $46.5 million, or $1.12 a share, in the second quarter of 1996.</p>
<p>Sales dropped to $245.8 million from $324.3 million over the same period. MEMC said its gross margins were 12.5 percent in the quarter, compared with 28.0 percent a year ago.</p>
<p>Compared to the first quarter (when the company posted a $2.8 million loss, or a loss of $0.07 a share), however, sales rose 11 percent. MEMC attributed the sales growth to strong demand for its 8-inch prime and epitaxial wafers, which are building blocks of semiconductors.</p>
<p>The company's stock closed at 38-1/2 Thursday, up 1/8 and close to its 52-week high of 39-1/8.</p>
</text>
<copyright>(c) Reuters Limited 1997</copyright>
<metadata>
<codes class="bip:countries:1.0">
  <code code="USA">
    <editdetail attribution="Reuters BIP Coding Group" action="confirmed" date="1997-07-24"/>
  </code>
</codes>
<codes class="bip:industries:1.0">
  <code code="I34531">
    <editdetail attribution="Reuters BIP Coding Group" action="confirmed" date="1997-07-24"/>
  </code>
</codes>
<codes class="bip:topics:1.0">
  <code code="C15">
    <editdetail attribution="Reuters BIP Coding Group" action="confirmed" date="1997-07-24"/>
  </code>
  <code code="C152">
    <editdetail attribution="Reuters BIP Coding Group" action="confirmed" date="1997-07-24"/>
  </code>
  <code code="CCAT">
    <editdetail attribution="Reuters BIP Coding Group" action="confirmed" date="1997-07-24"/>
  </code>
</codes>
<dc element="dc.date.created" value="1997-07-24"/>
<dc element="dc.publisher" value="Reuters Holdings Plc"/>
<dc element="dc.date.published" value="1997-07-24"/>
<dc element="dc.source" value="Reuters"/>
<dc element="dc.creator.location" value="ST PETERS, Mo."/>
<dc element="dc.creator.location.country.name" value="USA"/>
<dc element="dc.source" value="Reuters"/>
</metadata>
</newsitem>
