<?xml version="1.0" encoding="iso-8859-1" ?>
<newsitem itemid="751792" id="root" date="1997-07-24" xml:lang="en">
<title>USA: TABLE - Easco Inc Q2 shr falls to $0.14.</title>
<headline>TABLE - Easco Inc Q2 shr falls to $0.14.</headline>
<dateline>GIRARD, Ohio 1997-07-24</dateline>
<text>
<p>EASCO, INC. AND SUBSIDIARIES</p>
<p>			  CONSOLIDATED STATEMENTS OF INCOME</p>
<p>		  (In thousands, except share and per share data)</p>
<p>			   Three Months Ended   Six Months Ended</p>
<p>			Jun 30,     Jun 29,     Jun 30,     Jun 29,</p>
<p>			   1997	 1996	  1997	  1996</p>
<p> Net sales	  $93,038     $89,753    $173,036    $169,622</p>
<p>Cost of products sold(A)</p>
<p>			 78,304	73,704     147,444     138,756</p>
<p> Gross profit(A)   14,734	16,049	25,592	30,866</p>
<p>Selling, general and</p>
<p>   administrative   9,135	 8,389	17,195	16,244</p>
<p>Amortization of goodwill</p>
<p>   and other	    414	   507	   828	 1,014</p>
<p> Management fees	225	   225	   450	   450</p>
<p>Operating profit(A)</p>
<p>			  4,960	 6,928	 7,119	13,158</p>
<p> Interest expense   2,067	 2,314	 4,231	 4,587</p>
<p>Income before income tax</p>
<p>			  2,893	 4,614	 2,888	 8,571</p>
<p>Income tax provision</p>
<p>			  1,400	 2,085	 1,398	 3,826</p>
<p> Net income	   1,493	 2,529	 1,490	 4,745</p>
<p>Earnings per common</p>
<p>share(B)</p>
<p>     Net income	0.14	  0.25	  0.14	  0.46</p>
<p>Weighted average</p>
<p>number of</p>
<p>common shares</p>
<p>outstanding</p>
<p>		   10,409,670  10,243,144  10,409,670  10,243,144</p>
<p>Other Operating Data:</p>
<p> Pounds shipped    85,730	85,990     163,389     161,780</p>
<p>Adjusted EBITDA(C)</p>
<p>			  7,163	 9,313	11,524	17,870</p>
<p>(A)  Includes LIFO charges of $0.7 million and $2.0 million for the three and six months periods ended June 30, 1997, respectively, and LIFO income of $0.3 million and $1.2 million for the three and six month periods ended June 29, 1996, respectively.</p>
<p>(B)  Earnings per share amounts include after-tax LIFO charges of $0.03 and $0.10 per share for the three and six month periods ended June 30, 1997, respectively, and after-tax LIFO income of $0.02 and $0.07 per share for the three and six month periods ended June 29, 1996.</p>
<p>(C)  Adjusted EBITDA represents operating profit adjusted for non-cash items.</p>
<p>			    EASCO, INC. AND SUBSIDIARIES</p>
<p>			    CONSOLIDATED BALANCE SHEETS</p>
<p>			     (In thousands)</p>
<p>							  Jun 30,   Dec 31,</p>
<p>							    1997	 1996</p>
<p>Assets</p>
<p>Current assets:</p>
<p>   Cash and equivalents			   $19,895   $13,245</p>
<p>Receivables, less allowance for</p>
<p>     doubtful accounts			     51,782    40,802</p>
<p>   Inventories					 29,989    27,143</p>
<p>   Other current assets			     4,422     6,592</p>
<p>     Total current assets			 106,088    87,782</p>
<p> Property, plant and equipment, net	    79,098    79,661</p>
<p> Other						   62,875    63,014</p>
<p>   Total assets				     248,061   230,457</p>
<p>Liabilities and stockholders' equity</p>
<p>Current liabilities:</p>
<p>Accounts payable, accruals and other</p>
<p>   liabilities					 65,240    48,852</p>
<p>     Total current liabilities		   65,240    48,852</p>
<p> Long-term debt					85,000    85,000</p>
<p> Deferred income taxes			     13,517    13,444</p>
<p> Other noncurrent liabilities		    19,872    20,120</p>
<p>   Total liabilities				183,629   167,416</p>
<p> Total stockholders' equity			64,432    63,041</p>
<p>Total liabilities and stockholders' equity</p>
<p>							  248,061   230,457</p>
<p>((-- New York Newsdesk 212 859-1610))</p>
</text>
<copyright>(c) Reuters Limited 1997</copyright>
<metadata>
<codes class="bip:countries:1.0">
  <code code="USA">
    <editdetail attribution="Reuters BIP Coding Group" action="confirmed" date="1997-07-24"/>
  </code>
</codes>
<codes class="bip:industries:1.0">
  <code code="I22450">
    <editdetail attribution="Reuters BIP Coding Group" action="confirmed" date="1997-07-24"/>
  </code>
</codes>
<codes class="bip:topics:1.0">
  <code code="C15">
    <editdetail attribution="Reuters BIP Coding Group" action="confirmed" date="1997-07-24"/>
  </code>
  <code code="C151">
    <editdetail attribution="Reuters BIP Coding Group" action="confirmed" date="1997-07-24"/>
  </code>
  <code code="CCAT">
    <editdetail attribution="Reuters BIP Coding Group" action="confirmed" date="1997-07-24"/>
  </code>
</codes>
<dc element="dc.date.created" value="1997-07-24"/>
<dc element="dc.publisher" value="Reuters Holdings Plc"/>
<dc element="dc.date.published" value="1997-07-24"/>
<dc element="dc.source" value="Reuters"/>
<dc element="dc.creator.location" value="GIRARD, Ohio"/>
<dc element="dc.creator.location.country.name" value="USA"/>
<dc element="dc.source" value="Reuters"/>
</metadata>
</newsitem>
