<?xml version="1.0" encoding="iso-8859-1" ?>
<newsitem itemid="751749" id="root" date="1997-07-24" xml:lang="en">
<title>USA: Program trading averaged 16.7 pct of volume - NYSE.</title>
<headline>Program trading averaged 16.7 pct of volume - NYSE.</headline>
<dateline>NEW YORK 1997-07-24</dateline>
<text>
<p>Program trading during July 14 to 18 was 16.7 percent of New York Stock Exchange average daily volume of 592 million shares, or 98.8 million shares a day, the NYSE said Thursday.</p>
<p>The figure included program trading associated with the July 18 monthly expiration of stock-index options and futures.</p>
<p>In all markets, program trading averaged 121.3 million shares a day during July 14 to 18, NYSE said.</p>
<p>About 81.5 percent of program trading took place on the NYSE, 12.3 percent in non-U.S. markets and 6.2 percent in other domestic markets, including Nasdaq, the American Stock Exchange and regional markets.</p>
<p>Program trading includes a range of portfolio trading strategies involving the purchase or sale of a basket of at least 15 stocks with a total value of $1 million or more.</p>
<p>It is calculated as the sum of the shares bought, sold and sold short in program trades, and the total of these shares is divided by total reported volume.</p>
</text>
<copyright>(c) Reuters Limited 1997</copyright>
<metadata>
<codes class="bip:countries:1.0">
  <code code="USA">
    <editdetail attribution="Reuters BIP Coding Group" action="confirmed" date="1997-07-24"/>
  </code>
</codes>
<codes class="bip:topics:1.0">
  <code code="M11">
    <editdetail attribution="Reuters BIP Coding Group" action="confirmed" date="1997-07-24"/>
  </code>
  <code code="MCAT">
    <editdetail attribution="Reuters BIP Coding Group" action="confirmed" date="1997-07-24"/>
  </code>
</codes>
<dc element="dc.date.created" value="1997-07-24"/>
<dc element="dc.publisher" value="Reuters Holdings Plc"/>
<dc element="dc.date.published" value="1997-07-24"/>
<dc element="dc.source" value="Reuters"/>
<dc element="dc.creator.location" value="NEW YORK"/>
<dc element="dc.creator.location.country.name" value="USA"/>
<dc element="dc.source" value="Reuters"/>
</metadata>
</newsitem>
