<?xml version="1.0" encoding="iso-8859-1" ?>
<newsitem itemid="751769" id="root" date="1997-07-24" xml:lang="en">
<title>USA: Calif. Micro sees near term growth slowing.</title>
<headline>Calif. Micro sees near term growth slowing.</headline>
<dateline>MILPITAS, Calif. 1997-07-24</dateline>
<text>
<p>California Micro Devices Corp Thursday forecast a slowdown in sequental growth for the September quarter despite what it called strong orders in early July.</p>
<p>&quot;Although we continue to get significant new design wins, production in volume by some of our customers is not expected until the latter part of the September quarter,&quot; the company said in a statement. &quot;We don't expect the same level of sequential growth in the current quarter ending September 30.</p>
<p>Earlier, the company reported a net profit of $0.01 per share versus a profit of $0.03 per share one year ago.  </p>
<p>California Micro Devices also said it expects technology revenue from a joint venture with Hitachi to be at lower levels than in previous years, as that company has reduced the number of joint programs.</p>
<p>California Micro Devices makes high technology products for the electronics industry including integrated thin film, silicon based termination and filter components and electronic circuitry.</p>
</text>
<copyright>(c) Reuters Limited 1997</copyright>
<metadata>
<codes class="bip:countries:1.0">
  <code code="USA">
    <editdetail attribution="Reuters BIP Coding Group" action="confirmed" date="1997-07-24"/>
  </code>
</codes>
<codes class="bip:industries:1.0">
  <code code="I34531">
    <editdetail attribution="Reuters BIP Coding Group" action="confirmed" date="1997-07-24"/>
  </code>
</codes>
<codes class="bip:topics:1.0">
  <code code="C15">
    <editdetail attribution="Reuters BIP Coding Group" action="confirmed" date="1997-07-24"/>
  </code>
  <code code="C152">
    <editdetail attribution="Reuters BIP Coding Group" action="confirmed" date="1997-07-24"/>
  </code>
  <code code="CCAT">
    <editdetail attribution="Reuters BIP Coding Group" action="confirmed" date="1997-07-24"/>
  </code>
</codes>
<dc element="dc.date.created" value="1997-07-24"/>
<dc element="dc.publisher" value="Reuters Holdings Plc"/>
<dc element="dc.date.published" value="1997-07-24"/>
<dc element="dc.source" value="Reuters"/>
<dc element="dc.creator.location" value="MILPITAS, Calif."/>
<dc element="dc.creator.location.country.name" value="USA"/>
<dc element="dc.source" value="Reuters"/>
</metadata>
</newsitem>
