<?xml version="1.0" encoding="iso-8859-1" ?>
<newsitem itemid="751736" id="root" date="1997-07-24" xml:lang="en">
<title>USA: Gateway 2000 ships 554,000 PCs in Q2.</title>
<headline>Gateway 2000 ships 554,000 PCs in Q2.</headline>
<dateline>NORTH SIOUX CITY, S.D. 1997-07-24</dateline>
<text>
<p>Gateway 2000 Inc said Thursday it shipped 554,000 personal computers during the second quarter, a 31 percent increase over second quarter 1996 shipments of 424,000 units.</p>
<p>Gateway also reported second quarter revenue rose 23 percent over the same period last year to $1.39 billion from $1.14 billion of a year ago. Second quarter net income rose 10 percent to $56.5 million or $0.36 a share (adjusted for a two-for-one stock split on June 17, 1997) from $51.4 million or $0.33 in the second quarter of 1996.  </p>
<p>&quot;As we indicated last month, we anticipated that the quarter would come in like a lamb and go out like a lion and we built inventories and infrastructure accordingly,&quot; said Ted Waitt, Gateway 2000 chairman and CEO, in a statement. &quot;Demand did not accelerate as fast as we thought until the end of the quarter, resulting in higher than desired inventory levels.&quot;</p>
<p>Gateway said it plans to work the inventory down to more favorable levels in the second half of the year and also efficiently utilize the infrastructure it has in place for the anticipated second half demand.</p>
<p>It said its investment in inventory increased over Q1.  </p>
<p>Gateway said its investment in inventory increased $145 million over first quarter, primarily due to purchases expecting higher demand and strategic purchases of certain components in connection with second half sales initiatives.</p>
<p>As a result, inventory turns decreased to 11.9 turns, compared to 18.7 turns last year.</p>
<p>Gateway also said its gross profit margins in the quarter were 18.7 percent of revenues, up from 18.1 percent a year ago, and consistent with the levels of the first quarter.</p>
<p>Average unit price ($2,515) was down 6.3% from the relatively high level of the second quarter of 1996 ($2,683).  </p>
<p>As a result, sales growth slowed compared with unit shipment growth.</p>
<p>Gateway said its European shipments increased 47 percent in the second quarter over the second quarter of 1996, and shipments in the Asia Pacific region were up 90 percent over the second quarter of 1996. International sales were 18 percent of total sales, about the same as in first quarter.</p>
<p>Unit shipments of portable products continued to accelerate and were up 112 percent compared to a year ago.  Revenues from portables represented a historical high of 12.5 percent of total revenue in the quarter.  </p>
<p>Gateway said selling, general and administrative (SG&amp;A) expenses for the quarter increased 33 percent versus the second quarter last year.</p>
<p>Waitt added that Gateway's recent purchase of Advanced Logic Research Inc will help the company make more inroads into the corporate market, along with its new product line aimed specifically at the corporate market.</p>
<p>&quot;We anticipate increasing our competitiveness in the corporate marketplace, which should accelerate our revenue growth in what we expect will be a very strong overall market in the second half of the year,&quot; Waitt said.</p>
</text>
<copyright>(c) Reuters Limited 1997</copyright>
<metadata>
<codes class="bip:countries:1.0">
  <code code="USA">
    <editdetail attribution="Reuters BIP Coding Group" action="confirmed" date="1997-07-24"/>
  </code>
</codes>
<codes class="bip:industries:1.0">
  <code code="I33020">
    <editdetail attribution="Reuters BIP Coding Group" action="confirmed" date="1997-07-24"/>
  </code>
</codes>
<codes class="bip:topics:1.0">
  <code code="C15">
    <editdetail attribution="Reuters BIP Coding Group" action="confirmed" date="1997-07-24"/>
  </code>
  <code code="C151">
    <editdetail attribution="Reuters BIP Coding Group" action="confirmed" date="1997-07-24"/>
  </code>
  <code code="CCAT">
    <editdetail attribution="Reuters BIP Coding Group" action="confirmed" date="1997-07-24"/>
  </code>
</codes>
<dc element="dc.date.created" value="1997-07-24"/>
<dc element="dc.publisher" value="Reuters Holdings Plc"/>
<dc element="dc.date.published" value="1997-07-24"/>
<dc element="dc.source" value="Reuters"/>
<dc element="dc.creator.location" value="NORTH SIOUX CITY, S.D."/>
<dc element="dc.creator.location.country.name" value="USA"/>
<dc element="dc.source" value="Reuters"/>
</metadata>
</newsitem>
