<?xml version="1.0" encoding="iso-8859-1" ?>
<newsitem itemid="751762" id="root" date="1997-07-24" xml:lang="en">
<title>USA: TABLE - Consorcio Ara Q2 net rises.</title>
<headline>TABLE - Consorcio Ara Q2 net rises.</headline>
<dateline>NEW YORK 1997-07-24</dateline>
<text>
<p>1997			1996</p>
<p> Net			 35,200		   14,600</p>
<p> Revs		     194,900		  131,300</p>
<p>NOTE: Figures in thousands of Mexican pesos. Six-month figures not provided.</p>
</text>
<copyright>(c) Reuters Limited 1997</copyright>
<metadata>
<codes class="bip:countries:1.0">
  <code code="MEX">
    <editdetail attribution="Reuters BIP Coding Group" action="confirmed" date="1997-07-24"/>
  </code>
  <code code="USA">
    <editdetail attribution="Reuters BIP Coding Group" action="confirmed" date="1997-07-24"/>
  </code>
</codes>
<codes class="bip:topics:1.0">
  <code code="C15">
    <editdetail attribution="Reuters BIP Coding Group" action="confirmed" date="1997-07-24"/>
  </code>
  <code code="C151">
    <editdetail attribution="Reuters BIP Coding Group" action="confirmed" date="1997-07-24"/>
  </code>
  <code code="CCAT">
    <editdetail attribution="Reuters BIP Coding Group" action="confirmed" date="1997-07-24"/>
  </code>
</codes>
<dc element="dc.date.created" value="1997-07-24"/>
<dc element="dc.publisher" value="Reuters Holdings Plc"/>
<dc element="dc.date.published" value="1997-07-24"/>
<dc element="dc.source" value="Reuters"/>
<dc element="dc.creator.location" value="NEW YORK"/>
<dc element="dc.creator.location.country.name" value="USA"/>
<dc element="dc.source" value="Reuters"/>
</metadata>
</newsitem>
