<?xml version="1.0" encoding="iso-8859-1" ?>
<newsitem itemid="751720" id="root" date="1997-07-24" xml:lang="en">
<title>USA: TABLE - Summit Properties Q2 net rises.</title>
<headline>TABLE - Summit Properties Q2 net rises.</headline>
<dateline>CHARLOTTE, N.C. 1997-07-24</dateline>
<text>
<p>Statements of Earnings</p>
<p>(Dollars in thousands except per share data)</p>
<p>			  Three Months Ended  Six Months Ended</p>
<p>				 June 30,		 June 30,</p>
<p>			   1997	 1996	  1997	  1996</p>
<p>REVENUES</p>
<p>Property revenues:</p>
<p>   Rental	   $26,328     $21,764     $52,108     $41,954</p>
<p>Other property revenues</p>
<p>			  1,577	 1,154	 2,898	 2,168</p>
<p>Total property revenues</p>
<p>			 27,905	22,918	55,006	44,122</p>
<p>  Interest income     132	    79	   208	   155</p>
<p>  Other income	   66	    65	   138	   215</p>
<p>   Total revenues  28,103	23,062	55,352	44,492</p>
<p>EXPENSES</p>
<p>Property operating expenses</p>
<p>			 10,284	 8,790	20,098	16,914</p>
<p>  Corporate G&amp;A	 596	   656	 1,242	 1,281</p>
<p>  Depreciation	5,430	 4,437	10,611	 8,567</p>
<p>  Interest expense  4,794	 4,630	 9,099	 8,518</p>
<p>Amortization of financing</p>
<p>   costs		  248	   275	   493	   536</p>
<p>   Total expenses  21,352	18,788	41,543	35,816</p>
<p>Income before equity</p>
<p>   investments	6,751	 4,274	13,809	 8,676</p>
<p>Income (loss) in equity</p>
<p>   investments	  105	    71	  (25)	  (94)</p>
<p>Income before gain on sale</p>
<p>of real estate assets and</p>
<p>minority interest</p>
<p>			  6,856	 4,345	13,784	 8,582</p>
<p>Gain on sale of real</p>
<p>   estate assets    4,366	     -	 4,366	     -</p>
<p>Minority interest</p>
<p>			(1,729)	 (850)     (2,781)     (1,678)</p>
<p>  Net income	  9,493	 3,495	15,369	 6,904</p>
<p>Add (less):</p>
<p>Real estate depreciation</p>
<p>			  5,421	 4,428	10,593	 8,549</p>
<p>Equity investment depreciation</p>
<p>				-	     -	     -	    33</p>
<p>Gain on sale of real</p>
<p>   estate assets  (4,366)	     -     (4,366)	     -</p>
<p>Minority interest</p>
<p>			  1,729	   850	 2,781	 1,678</p>
<p>Funds from operations</p>
<p>			 12,277	 8,773	24,377	17,164</p>
<p>Weighted average shares</p>
<p>		   23,122,778  16,594,560  23,031,445  16,592,638</p>
<p>Weighted average shares/</p>
<p>units outstanding</p>
<p>		   27,333,968  20,624,614  27,192,559  20,618,684</p>
<p>Net income per share</p>
<p>			   0.41	  0.21	  0.67	  0.42</p>
<p>Funds from operations</p>
<p>  per share	    0.45	  0.43	  0.90	  0.83</p>
<p>-- New York Newsdesk 212 859-1610</p>
</text>
<copyright>(c) Reuters Limited 1997</copyright>
<metadata>
<codes class="bip:countries:1.0">
  <code code="USA">
    <editdetail attribution="Reuters BIP Coding Group" action="confirmed" date="1997-07-24"/>
  </code>
</codes>
<codes class="bip:industries:1.0">
  <code code="I81502">
    <editdetail attribution="Reuters BIP Coding Group" action="confirmed" date="1997-07-24"/>
  </code>
</codes>
<codes class="bip:topics:1.0">
  <code code="C15">
    <editdetail attribution="Reuters BIP Coding Group" action="confirmed" date="1997-07-24"/>
  </code>
  <code code="C151">
    <editdetail attribution="Reuters BIP Coding Group" action="confirmed" date="1997-07-24"/>
  </code>
  <code code="CCAT">
    <editdetail attribution="Reuters BIP Coding Group" action="confirmed" date="1997-07-24"/>
  </code>
</codes>
<dc element="dc.date.created" value="1997-07-24"/>
<dc element="dc.publisher" value="Reuters Holdings Plc"/>
<dc element="dc.date.published" value="1997-07-24"/>
<dc element="dc.source" value="Reuters"/>
<dc element="dc.creator.location" value="CHARLOTTE, N.C."/>
<dc element="dc.creator.location.country.name" value="USA"/>
<dc element="dc.source" value="Reuters"/>
</metadata>
</newsitem>
