<?xml version="1.0" encoding="iso-8859-1" ?>
<newsitem itemid="751877" id="root" date="1997-07-24" xml:lang="en">
<title>USA: TABLE- Crescent Real Q2 net and FFO rise.</title>
<headline>TABLE- Crescent Real Q2 net and FFO rise.</headline>
<dateline>FORT WORTH, Texas 1997-07-24</dateline>
<text>
<p>Three months ended June 30</p>
<p>				1997			1996</p>
<p> Shr			  $0.28		    $0.13</p>
<p> Shr FFO		     0.44		     0.33</p>
<p> Net			   25.1			6.3</p>
<p> FFO			   44.9		     19.0</p>
<p> Revs			  99.1		     45.0</p>
<p> Avg shrs		    89.6		     47.1</p>
<p>Six months ended June 30</p>
<p> Shr			  $0.52		    $0.28</p>
<p> Shr FFO		     0.83		     0.64</p>
<p> Net			   41.8		     13.3</p>
<p> FFO			   78.5		     36.7</p>
<p> Revs			 183.2		     88.1</p>
<p> Avg			   81.0		     47.1</p>
<p>(All data above in milions except per share numbers)</p>
<p>NOTE: Crescent Real Estate Equities Co took $1.3 million charge, or $0.03 a share, in the second quarter of 1996.</p>
</text>
<copyright>(c) Reuters Limited 1997</copyright>
<metadata>
<codes class="bip:countries:1.0">
  <code code="USA">
    <editdetail attribution="Reuters BIP Coding Group" action="confirmed" date="1997-07-24"/>
  </code>
</codes>
<codes class="bip:industries:1.0">
  <code code="I81502">
    <editdetail attribution="Reuters BIP Coding Group" action="confirmed" date="1997-07-24"/>
  </code>
  <code code="I8150206">
    <editdetail attribution="Reuters BIP Coding Group" action="confirmed" date="1997-07-24"/>
  </code>
</codes>
<codes class="bip:topics:1.0">
  <code code="C15">
    <editdetail attribution="Reuters BIP Coding Group" action="confirmed" date="1997-07-24"/>
  </code>
  <code code="C151">
    <editdetail attribution="Reuters BIP Coding Group" action="confirmed" date="1997-07-24"/>
  </code>
  <code code="CCAT">
    <editdetail attribution="Reuters BIP Coding Group" action="confirmed" date="1997-07-24"/>
  </code>
</codes>
<dc element="dc.date.created" value="1997-07-24"/>
<dc element="dc.publisher" value="Reuters Holdings Plc"/>
<dc element="dc.date.published" value="1997-07-24"/>
<dc element="dc.source" value="Reuters"/>
<dc element="dc.creator.location" value="FORT WORTH, Texas"/>
<dc element="dc.creator.location.country.name" value="USA"/>
<dc element="dc.source" value="Reuters"/>
</metadata>
</newsitem>
