<?xml version="1.0" encoding="iso-8859-1" ?>
<newsitem itemid="751800" id="root" date="1997-07-24" xml:lang="en">
<title>USA: TABLE - Broadway &amp; Seymour Q2 shr falls.</title>
<headline>TABLE - Broadway &amp; Seymour Q2 shr falls.</headline>
<dateline>CHARLOTTE, N.C. 1997-07-24</dateline>
<text>
<p>BROADWAY &amp; SEYMOUR, INC.</p>
<p>		 (In thousands, except share and per share data)</p>
<p>				  Three months ended Six months ended</p>
<p>					Jun 30, Jun 30, Jun 30, Jun 30,</p>
<p>					  1997  1996(1)  1997    1996(1)</p>
<p> Net revenue			$19,103 $23,624 $38,764 $48,357</p>
<p>Operating expenses:</p>
<p>   Cost of revenue		 12,307  18,905 26,011   36,967</p>
<p>   Research and development     1,469   1,649  2,745    3,474</p>
<p>   Sales and marketing	    3,129   3,238  5,420    6,507</p>
<p>   General and administrative   1,913   2,361  4,124    5,123</p>
<p>Restructuring charge (credit)</p>
<p>					  (150)	    (579)    (205)</p>
<p>	   Total operating expense</p>
<p>					 18,668  26,153 37,721   51,866</p>
<p> Operating income (loss)	    435  (2,529) 1,043  (3,509)</p>
<p>Gain on disposition of</p>
<p> non-strategic units		  896   8,273    986    8,273</p>
<p> Interest income (expense)	  130    (78)    314    (253)</p>
<p> Income before income taxes     1,461   5,666  2,343    4,511</p>
<p> Provision for income taxes	 676   3,424  1,078    3,104</p>
<p> Net income			     785   2,242  1,265    1,407</p>
<p> Avg shares			   9,160   9,036  9,141    9,022</p>
<p> Net share			     0.09    0.25   0.14     0.16</p>
<p>NOTE: 1. The consolidated results of operations for the three months and six months ended June 30, 1996 include the results of operations for business units which were sold or shut down during 1996.</p>
<p>((New York newsdesk 212-859-1730))</p>
</text>
<copyright>(c) Reuters Limited 1997</copyright>
<metadata>
<codes class="bip:countries:1.0">
  <code code="USA">
    <editdetail attribution="Reuters BIP Coding Group" action="confirmed" date="1997-07-24"/>
  </code>
</codes>
<codes class="bip:industries:1.0">
  <code code="I33020">
    <editdetail attribution="Reuters BIP Coding Group" action="confirmed" date="1997-07-24"/>
  </code>
  <code code="I3302020">
    <editdetail attribution="Reuters BIP Coding Group" action="confirmed" date="1997-07-24"/>
  </code>
</codes>
<codes class="bip:topics:1.0">
  <code code="C15">
    <editdetail attribution="Reuters BIP Coding Group" action="confirmed" date="1997-07-24"/>
  </code>
  <code code="C151">
    <editdetail attribution="Reuters BIP Coding Group" action="confirmed" date="1997-07-24"/>
  </code>
  <code code="CCAT">
    <editdetail attribution="Reuters BIP Coding Group" action="confirmed" date="1997-07-24"/>
  </code>
</codes>
<dc element="dc.date.created" value="1997-07-24"/>
<dc element="dc.publisher" value="Reuters Holdings Plc"/>
<dc element="dc.date.published" value="1997-07-24"/>
<dc element="dc.source" value="Reuters"/>
<dc element="dc.creator.location" value="CHARLOTTE, N.C."/>
<dc element="dc.creator.location.country.name" value="USA"/>
<dc element="dc.source" value="Reuters"/>
</metadata>
</newsitem>
