<?xml version="1.0" encoding="iso-8859-1" ?>
<newsitem itemid="751852" id="root" date="1997-07-24" xml:lang="en">
<title>USA: US CORPORATE BONDS-Hutchison deal steals spotlight.</title>
<headline>US CORPORATE BONDS-Hutchison deal steals spotlight.</headline>
<dateline>NEW YORK 1997-07-24</dateline>
<text>
<p>Hutchison Whampoa Finance Ltd's $2.0 billion multi-tranche global 144a debt offering stole the corporate bond spotlight, pushing secondary business activity to the side, players said.</p>
<p>The issuer, a unit of Hong Kong-based Hutchison Whampoa Ltd, set a record for the largest-ever global issue of yankee bonds by a non-U.S. firm.</p>
<p>The offering met with such strong investor demand the issuer increased the size of the deal twice this week.</p>
<p>&quot;The deal was a blowout ... it went right out the window,&quot; said one high-grade syndicate source.  </p>
<p>The offering included a $750 million 10-year issue at 82 basis points, $500 million 20-year issue at 99 bp, $500 million 30-year debt at 109 bp, and $250 milllion of a 40-year issue, putable in the 12th year.</p>
<p>Joint underwriters Goldman Sachs &amp; Co and Merrill Lynch &amp; Co, placed about 50 percent of the bonds in the U.S., 25 percent in Europe and 25 percent in Asia.</p>
<p>Among other issuers to take advantage of the favorable rate environment to finance debt was Houston-based Enron Corp, a large diversified global energy company, who sold $200 million in 12-year notes at a spread of 68 basis points.  </p>
<p>Still more debt is on the horizon as Raytheon Co is expected to bring a $2.5 billion debt offering via Morgan Stanley as early as next week, players said.</p>
<p>Elsewhere, high grade secondary trading activity saw a lacklustre trading session as all eyes were focused on the assortment of new offerings hitting the market, traders said.</p>
<p>&quot;Secondary trading activity has been very dull ... with the government market going up and down we're pretty much just being cast adrift,&quot; said one high-grade trader.</p>
<p>Spreads to U.S. Treasuries were mostly seen unchanged, traders said.</p>
<p>In the high-yield sector, supermarket chain, Grand Union's 12 percent debt weakened further by one point to trade at 62-1/2 bid, 63 offer, traders said.</p>
<p>In the broader market trading was mixed with prices edging higher then turning lower in sympathy with U.S. stocks, but players said prices ended mostly unchanged to 1/8 higher.</p>
<p>In the govenrment market, the benchmark U.S. 30-year bond is up 1/32 at 102-17/32 to yield 6.43 percent.</p>
<p>(( -- Nancy Leinfuss, 212-859-1675 ))  </p>
<p>Bear Stearns Cos Inc successfully sold $250 million in five-year notes at 52 basis points over Treasuries on its own behalf, players said.</p>
<p>&quot;Bear Stearns' deal went very well ... it hit the screen all sold,&quot; said one high grade sydnicate source.</p>
<p>Among other issues expected to come to market shortly, is Burlington Northern Santa Fe Corp with a $200 million century bond offering via Goldman Sachs, dealers said.</p>
<p>Price talk on the issue was seen between 65-87 basis points, dealers said.</p>
</text>
<copyright>(c) Reuters Limited 1997</copyright>
<metadata>
<codes class="bip:countries:1.0">
  <code code="CHINA">
    <editdetail attribution="Reuters BIP Coding Group" action="confirmed" date="1997-07-24"/>
  </code>
  <code code="HKONG">
    <editdetail attribution="Reuters BIP Coding Group" action="confirmed" date="1997-07-24"/>
  </code>
  <code code="USA">
    <editdetail attribution="Reuters BIP Coding Group" action="confirmed" date="1997-07-24"/>
  </code>
</codes>
<codes class="bip:industries:1.0">
  <code code="I13000">
    <editdetail attribution="Reuters BIP Coding Group" action="confirmed" date="1997-07-24"/>
  </code>
  <code code="I63000">
    <editdetail attribution="Reuters BIP Coding Group" action="confirmed" date="1997-07-24"/>
  </code>
  <code code="I83960">
    <editdetail attribution="Reuters BIP Coding Group" action="confirmed" date="1997-07-24"/>
  </code>
</codes>
<codes class="bip:topics:1.0">
  <code code="C17">
    <editdetail attribution="Reuters BIP Coding Group" action="confirmed" date="1997-07-24"/>
  </code>
  <code code="C172">
    <editdetail attribution="Reuters BIP Coding Group" action="confirmed" date="1997-07-24"/>
  </code>
  <code code="CCAT">
    <editdetail attribution="Reuters BIP Coding Group" action="confirmed" date="1997-07-24"/>
  </code>
</codes>
<dc element="dc.date.created" value="1997-07-24"/>
<dc element="dc.publisher" value="Reuters Holdings Plc"/>
<dc element="dc.date.published" value="1997-07-24"/>
<dc element="dc.source" value="Reuters"/>
<dc element="dc.creator.location" value="NEW YORK"/>
<dc element="dc.creator.location.country.name" value="USA"/>
<dc element="dc.source" value="Reuters"/>
</metadata>
</newsitem>
