<?xml version="1.0" encoding="iso-8859-1" ?>
<newsitem itemid="751811" id="root" date="1997-07-24" xml:lang="en">
<title>USA: TABLE - Graham-Field Q2 net rises.</title>
<headline>TABLE - Graham-Field Q2 net rises.</headline>
<dateline>HAUPPAUGE, N.Y. 1997-07-24</dateline>
<text>
<p>CONDENSED CONSOLIDATED STATEMENTS OF OPERATIONS</p>
<p>	    GRAHAM-FIELD HEALTH PRODUCTS INC AND SUBSIDIARIES</p>
<p>			   (Unaudited)</p>
<p>			  Three Months Ended    Six Months Ended</p>
<p>				 June 30		   June 30</p>
<p>			  1997	 1996	   1997	  1996</p>
<p>REVENUES:</p>
<p>Medical equipment</p>
<p>and supplies</p>
<p>		 $57,592,000 $29,582,000 $108,796,000 $56,511,000</p>
<p>Interest and</p>
<p>other income</p>
<p>		     236,000	46,000	364,000     465,000</p>
<p>    Total     57,828,000  29,628,000  109,160,000  56,976,000</p>
<p>COST AND EXPENSES:</p>
<p>Cost of revenues</p>
<p>		  38,722,000  19,881,000   73,379,000  38,383,000</p>
<p>Selling, general</p>
<p>and administrative</p>
<p>		  13,720,000   7,614,000   25,869,000  14,943,000</p>
<p>Interest expense</p>
<p>		   1,147,000     652,000    2,119,000   1,241,000</p>
<p> Total	  53,589,000  28,147,000  101,367,000  54,567,000</p>
<p>INCOME BEFORE</p>
<p>INCOME TAXES</p>
<p>		   4,239,000   1,481,000    7,793,000   2,409,000</p>
<p> INCOME TAXES  1,623,000     666,000    3,093,000   1,084,000</p>
<p> NET INCOME    2,616,000     815,000    4,700,000   1,325,000</p>
<p>PER SHARE DATA:</p>
<p>NET INCOME PER SHARE</p>
<p>			   .11	   .06	    .19	   .09</p>
<p>WEIGHTED AVERAGE</p>
<p>NUMBER OF COMMON AND</p>
<p>COMMON EQUIVALENT SHARES</p>
<p>OUTSTANDING</p>
<p>		  24,734,000  14,547,000   24,344,000  14,364,000</p>
<p>-- New York Newsdesk 212 859-1610</p>
</text>
<copyright>(c) Reuters Limited 1997</copyright>
<metadata>
<codes class="bip:countries:1.0">
  <code code="USA">
    <editdetail attribution="Reuters BIP Coding Group" action="confirmed" date="1997-07-24"/>
  </code>
</codes>
<codes class="bip:industries:1.0">
  <code code="I25700">
    <editdetail attribution="Reuters BIP Coding Group" action="confirmed" date="1997-07-24"/>
  </code>
</codes>
<codes class="bip:topics:1.0">
  <code code="C15">
    <editdetail attribution="Reuters BIP Coding Group" action="confirmed" date="1997-07-24"/>
  </code>
  <code code="C151">
    <editdetail attribution="Reuters BIP Coding Group" action="confirmed" date="1997-07-24"/>
  </code>
  <code code="CCAT">
    <editdetail attribution="Reuters BIP Coding Group" action="confirmed" date="1997-07-24"/>
  </code>
</codes>
<dc element="dc.date.created" value="1997-07-24"/>
<dc element="dc.publisher" value="Reuters Holdings Plc"/>
<dc element="dc.date.published" value="1997-07-24"/>
<dc element="dc.source" value="Reuters"/>
<dc element="dc.creator.location" value="HAUPPAUGE, N.Y."/>
<dc element="dc.creator.location.country.name" value="USA"/>
<dc element="dc.source" value="Reuters"/>
</metadata>
</newsitem>
