<?xml version="1.0" encoding="iso-8859-1" ?>
<newsitem itemid="751868" id="root" date="1997-07-24" xml:lang="en">
<title>USA: Sidelined Fed seen boosting U.S. earnings outlook.</title>
<headline>Sidelined Fed seen boosting U.S. earnings outlook.</headline>
<byline>Richard Jacobsen</byline>
<dateline>NEW YORK 1997-07-24</dateline>
<text>
<p>The prospects the Federal Reserve will keep interest rates in check could lead bullish Wall Street analysts to boost their forecasts for U.S. corporate earnings in the second half of the year.</p>
<p>This comes after second quarter operating earnings are up a better-than-expected 11.3 percent for the two-thirds of the Standard and Poor's 500 companies that have reported thus far, according to First Call.  </p>
<p>Earnings estimate hikes would be further support to the surging U.S. stock market, which previously expected the Fed to boost rates several times in the second half of the year, cooling the economy and corporate profits, analysts said.</p>
<p>But some analysts cautioned that interest rate hikes could still be in the cards, creating a challenge to second half profits and the overall stock market.</p>
<p>Fed Chairman Alan Greenspan's testimony this week to Congress left Wall Street with the view that monetary policy will remain on hold, at least for the near-term.  </p>
<p>&quot;I think over the next month we're going to see a general lifting of forward estimates,&quot; said Peter Canelo, U.S. equity strategist at Morgan Stanley Dean Witter.</p>
<p>S&amp;P 500 profits could be up closer to 10 percent in the third and fourth quarters, up from Morgan Stanley's previous forecasts of 8.8 percent growth in the third quarter and 7.0 percent in the fourth, Canelo said.</p>
<p>But David Shulman, chief equity strategist at Salomon Brothers, said he did not expect a rash of raised estimates in reaction to perceived Fed policy.  </p>
<p>While the Fed may be on hold at its next policy making meeting in August, Shulman said he still expects rate increases to come.</p>
<p>&quot;We don't expect them to go in August, which is what we previously thought, but September is certainly not out of the question,&quot; he said.</p>
<p>Through Wednesday, 322 of the Standard &amp; Poor's 500 companies had reported second quarter earnings.  Of them, 197, or 61 percent, beat Wall Street analysts' consensus earnings expectations, according to I/B/E/S.  </p>
<p>Seventy-two, or 22 percent, posted numbers below expectations, while 53, or 16 percent, matched targets.</p>
<p>&quot;On the earnings front there's no problem at all as far as the market is concerned,&quot; said Arun Kumar, senior U.S. equities strategist at Lehman Brothers.</p>
<p>The Dow was up eight points at 8096 afternoon trading.</p>
<p>Chuck Hill, director of research at First Call, said he expected the S&amp;P 500 earnings to end the second quarter with a rise of 11-to-12 percent over 1996's second quarter, topping the 8.9 percent forecast at the outset of the reporting period, shaved down from an earlier 9.5 percent forecast.  </p>
<p>Shulman, however, put second quarter S&amp;P 500 profit growth closer to eight percent.</p>
<p>Reflecting the benefits of the bull market, the U.S. securities industry has put in the strongest second quarter earnings performance thus far, according to Joseph Abbott, assistant vice president at I/B/E/S.</p>
<p>The earnings for companies in the securities industry group came in on average 21 percent above forecasts, Abbott said. Computer networking companies were also robust, reporting profits 13 percent above forecasts.</p>
<p>Laggards included the electric utility group, which posted earnings on average seven percent below forecasts, hurt by milder-than-normal weather and higher maintenance costs, Abbott said.</p>
<p>Analysts said companies will have to continue to deliver strong earnings in coming quarters for the stock market support its lofty levels.</p>
<p>&quot;The critical variable in watching the market over the next several quarters will be earnings,&quot; said Charlie Crane, chief market strategist at Key Asset Management. &quot;If you don't get earnings to support valuations, even if interest rates continue to trend downward, the market could be vulnerable.&quot;</p>
<p>((--Wall St Desk, 212-859-1721))</p>
</text>
<copyright>(c) Reuters Limited 1997</copyright>
<metadata>
<codes class="bip:countries:1.0">
  <code code="USA">
    <editdetail attribution="Reuters BIP Coding Group" action="confirmed" date="1997-07-24"/>
  </code>
</codes>
<codes class="bip:topics:1.0">
  <code code="C15">
    <editdetail attribution="Reuters BIP Coding Group" action="confirmed" date="1997-07-24"/>
  </code>
  <code code="C152">
    <editdetail attribution="Reuters BIP Coding Group" action="confirmed" date="1997-07-24"/>
  </code>
  <code code="CCAT">
    <editdetail attribution="Reuters BIP Coding Group" action="confirmed" date="1997-07-24"/>
  </code>
  <code code="E12">
    <editdetail attribution="Reuters BIP Coding Group" action="confirmed" date="1997-07-24"/>
  </code>
  <code code="ECAT">
    <editdetail attribution="Reuters BIP Coding Group" action="confirmed" date="1997-07-24"/>
  </code>
</codes>
<dc element="dc.date.created" value="1997-07-24"/>
<dc element="dc.publisher" value="Reuters Holdings Plc"/>
<dc element="dc.date.published" value="1997-07-24"/>
<dc element="dc.source" value="Reuters"/>
<dc element="dc.creator.location" value="NEW YORK"/>
<dc element="dc.creator.location.country.name" value="USA"/>
<dc element="dc.source" value="Reuters"/>
</metadata>
</newsitem>
