<?xml version="1.0" encoding="iso-8859-1" ?>
<newsitem itemid="751894" id="root" date="1997-07-24" xml:lang="en">
<title>USA: RESEARCH ALERT - Fresenius started.</title>
<headline>RESEARCH ALERT - Fresenius started.</headline>
<dateline>NEW YORK 1997-07-24</dateline>
<text>
<p>UBS Securities analyst Andrea Schaefer started coverage of dialysis company Fresenius Medical Care AG with a rating of buy.</p>
<p>-- &quot;The dialysis industry provides extremely predictable, high-quality revenue streams driven by consistently strong patient base growth ... combined with the opportunity for consolidation and enhanced service mix,&quot; she wrote in a report.</p>
<p>-- The company's shares were off 13/16 to 27 in mid-afternoon trade.  Germany's Fresenius AG holds a majority stake in the company.</p>
<p>((--Ian Simpson, Wall Street desk, (212) 859-1879))</p>
</text>
<copyright>(c) Reuters Limited 1997</copyright>
<metadata>
<codes class="bip:countries:1.0">
  <code code="USA">
    <editdetail attribution="Reuters BIP Coding Group" action="confirmed" date="1997-07-24"/>
  </code>
</codes>
<codes class="bip:industries:1.0">
  <code code="I25700">
    <editdetail attribution="Reuters BIP Coding Group" action="confirmed" date="1997-07-24"/>
  </code>
  <code code="I37200">
    <editdetail attribution="Reuters BIP Coding Group" action="confirmed" date="1997-07-24"/>
  </code>
  <code code="I81402">
    <editdetail attribution="Reuters BIP Coding Group" action="confirmed" date="1997-07-24"/>
  </code>
</codes>
<codes class="bip:topics:1.0">
  <code code="C11">
    <editdetail attribution="Reuters BIP Coding Group" action="confirmed" date="1997-07-24"/>
  </code>
  <code code="C15">
    <editdetail attribution="Reuters BIP Coding Group" action="confirmed" date="1997-07-24"/>
  </code>
  <code code="C152">
    <editdetail attribution="Reuters BIP Coding Group" action="confirmed" date="1997-07-24"/>
  </code>
  <code code="CCAT">
    <editdetail attribution="Reuters BIP Coding Group" action="confirmed" date="1997-07-24"/>
  </code>
</codes>
<dc element="dc.date.created" value="1997-07-24"/>
<dc element="dc.publisher" value="Reuters Holdings Plc"/>
<dc element="dc.date.published" value="1997-07-24"/>
<dc element="dc.source" value="Reuters"/>
<dc element="dc.creator.location" value="NEW YORK"/>
<dc element="dc.creator.location.country.name" value="USA"/>
<dc element="dc.source" value="Reuters"/>
</metadata>
</newsitem>
