<?xml version="1.0" encoding="iso-8859-1" ?>
<newsitem itemid="751975" id="root" date="1997-07-24" xml:lang="en">
<title>USA: Ashanti sees Geita equivalent of 3 mln ozs.</title>
<headline>Ashanti sees Geita equivalent of 3 mln ozs.</headline>
<dateline>NEW YORK 1997-07-24</dateline>
<text>
<p>Ashanti Goldfields Co Ltd on Thursday announced what it said was &quot;a significant increase&quot; in gold resources at its Geita property in northern Tanzania.</p>
<p>The company said a resource equivalent to three million ounces of contained gold had been determined, based on a recently completed 178 hole reverse circulation and core drilling programme of 19,000 metres.</p>
<p>The company said the figure represents a 128 percent increase on the previously reported figure.  </p>
<p>Ashanti said it has begun a second phase drilling programme to close off the mineralised zones which remain open along strike and at depth on Nyankanga and at depth on Geita Hill and Lone Cone.</p>
<p>It said it will undertake infill drilling to increase the proportion of measured and indicated resource categories and do additional metallurgical testwork to confirm the non-refractory nature of the oxide and sulphide gold ores.</p>
<p>Ashanti Goldfields is active on 35 exploration projects in 12 African countries.  Geita is the most advanced of these projects.</p>
</text>
<copyright>(c) Reuters Limited 1997</copyright>
<metadata>
<codes class="bip:countries:1.0">
  <code code="GHANA">
    <editdetail attribution="Reuters BIP Coding Group" action="confirmed" date="1997-07-24"/>
  </code>
  <code code="TANZA">
    <editdetail attribution="Reuters BIP Coding Group" action="confirmed" date="1997-07-24"/>
  </code>
  <code code="USA">
    <editdetail attribution="Reuters BIP Coding Group" action="confirmed" date="1997-07-24"/>
  </code>
</codes>
<codes class="bip:industries:1.0">
  <code code="I21000">
    <editdetail attribution="Reuters BIP Coding Group" action="confirmed" date="1997-07-24"/>
  </code>
</codes>
<codes class="bip:topics:1.0">
  <code code="C24">
    <editdetail attribution="Reuters BIP Coding Group" action="confirmed" date="1997-07-24"/>
  </code>
  <code code="CCAT">
    <editdetail attribution="Reuters BIP Coding Group" action="confirmed" date="1997-07-24"/>
  </code>
</codes>
<dc element="dc.date.created" value="1997-07-24"/>
<dc element="dc.publisher" value="Reuters Holdings Plc"/>
<dc element="dc.date.published" value="1997-07-24"/>
<dc element="dc.source" value="Reuters"/>
<dc element="dc.creator.location" value="NEW YORK"/>
<dc element="dc.creator.location.country.name" value="USA"/>
<dc element="dc.source" value="Reuters"/>
</metadata>
</newsitem>
