<?xml version="1.0" encoding="iso-8859-1" ?>
<newsitem itemid="751983" id="root" date="1997-07-24" xml:lang="en">
<title>USA: Clinton urges tax bill vote before Aug. recess.</title>
<headline>Clinton urges tax bill vote before Aug. recess.</headline>
<dateline>WASHINGTON 1997-07-24</dateline>
<text>
<p>President Clinton said he was ready to continue work in August on tax and spending bills if Congress would delay its planned month-long break, Senate Minority Leader Tom Daschle said Thursday.</p>
<p>&quot;I'm not going anywhere,&quot; Daschle said the president told him Wednesday night at a White House meeting on issues facing Congress. The South Dakota Democrat said there was danger that momentum behind the economic legislation would evaporate if it were held over until September.</p>
<p>Clinton is to vacation in Martha's Vineyard starting Aug. 17. Congress is scheduled to begin its recess Aug. 1.  </p>
<p>&quot;He's in no hurry. We'd rather have a good bill than a fast bill,&quot; Daschle said.</p>
<p>The White House meeting was held to make sure the Senate Democrats and Clinton were &quot;on exactly the same page where our priorities are&quot; regarding a number of issues the chamber will be considering this year.</p>
<p>Daschle said Clinton agreed they will insist that a child tax credit be made refundable to those who pay payroll taxes but pay little or no income tax. He said full refundability was &quot;our current position.&quot;</p>
<p>On the issue of a tobacco tax to pay for children's health care, Daschle said he expected one would be passed at some level. However, it could be included in the spending bill rather than the tax bill.</p>
</text>
<copyright>(c) Reuters Limited 1997</copyright>
<metadata>
<codes class="bip:countries:1.0">
  <code code="USA">
    <editdetail attribution="Reuters BIP Coding Group" action="confirmed" date="1997-07-24"/>
  </code>
</codes>
<codes class="bip:topics:1.0">
  <code code="E21">
    <editdetail attribution="Reuters BIP Coding Group" action="confirmed" date="1997-07-24"/>
  </code>
  <code code="E211">
    <editdetail attribution="Reuters BIP Coding Group" action="confirmed" date="1997-07-24"/>
  </code>
  <code code="ECAT">
    <editdetail attribution="Reuters BIP Coding Group" action="confirmed" date="1997-07-24"/>
  </code>
  <code code="GCAT">
    <editdetail attribution="Reuters BIP Coding Group" action="confirmed" date="1997-07-24"/>
  </code>
  <code code="GPOL">
    <editdetail attribution="Reuters BIP Coding Group" action="confirmed" date="1997-07-24"/>
  </code>
</codes>
<dc element="dc.date.created" value="1997-07-24"/>
<dc element="dc.publisher" value="Reuters Holdings Plc"/>
<dc element="dc.date.published" value="1997-07-24"/>
<dc element="dc.source" value="Reuters"/>
<dc element="dc.creator.location" value="WASHINGTON"/>
<dc element="dc.creator.location.country.name" value="USA"/>
<dc element="dc.source" value="Reuters"/>
</metadata>
</newsitem>
