<?xml version="1.0" encoding="iso-8859-1" ?>
<newsitem itemid="751953" id="root" date="1997-07-24" xml:lang="en">
<title>USA: MGM Grand sees two charges in Q3.</title>
<headline>MGM Grand sees two charges in Q3.</headline>
<dateline>LOS ANGELES 1997-07-24</dateline>
<text>
<p>MGM Grand Inc Thursday said it expects to take two charges totaling $22.1 million in the third quarter to account for construction at its flagship MGM Grand hotel in Las Vegas and a new credit facility.</p>
<p>In a teleconference, President Alex Yemenidjian said the first charge will total $17.9 million after taxes. It results from theme park and pool area changes associated with its previously announced $700 million expansion at the MGM Grand.</p>
<p>In addition, the company will take an after tax charge of $4.2 million to account for changes in its credit line after Wednesday's announcement of the $2.0 billion credit facility.</p>
</text>
<copyright>(c) Reuters Limited 1997</copyright>
<metadata>
<codes class="bip:countries:1.0">
  <code code="USA">
    <editdetail attribution="Reuters BIP Coding Group" action="confirmed" date="1997-07-24"/>
  </code>
</codes>
<codes class="bip:industries:1.0">
  <code code="I66500">
    <editdetail attribution="Reuters BIP Coding Group" action="confirmed" date="1997-07-24"/>
  </code>
</codes>
<codes class="bip:topics:1.0">
  <code code="C15">
    <editdetail attribution="Reuters BIP Coding Group" action="confirmed" date="1997-07-24"/>
  </code>
  <code code="C151">
    <editdetail attribution="Reuters BIP Coding Group" action="confirmed" date="1997-07-24"/>
  </code>
  <code code="CCAT">
    <editdetail attribution="Reuters BIP Coding Group" action="confirmed" date="1997-07-24"/>
  </code>
</codes>
<dc element="dc.date.created" value="1997-07-24"/>
<dc element="dc.publisher" value="Reuters Holdings Plc"/>
<dc element="dc.date.published" value="1997-07-24"/>
<dc element="dc.source" value="Reuters"/>
<dc element="dc.creator.location" value="LOS ANGELES"/>
<dc element="dc.creator.location.country.name" value="USA"/>
<dc element="dc.source" value="Reuters"/>
</metadata>
</newsitem>
