<?xml version="1.0" encoding="iso-8859-1" ?>
<newsitem itemid="751923" id="root" date="1997-07-24" xml:lang="en">
<title>USA: TABLE - Tamboril Cigar Q2 full results.</title>
<headline>TABLE - Tamboril Cigar Q2 full results.</headline>
<dateline>MIAMI 1997-07-24</dateline>
<text>
<p>Tamboril Cigar Co said its net income for the second quarter ended June 30 was $473,003, or $0.08 per share, on sales of $1.8 million.</p>
<p>The company said its net income for the first six months of 1997 was $213,000, or $0.04 per share, on sales of $2.5 million.</p>
<p>The company did not report comparable results because it only completed its initial public offering in November 1996.</p>
<p>The company said it has 5.6 million shares outstanding.</p>
<p>Tamboril owns cigar manufacturing facilities in the Dominican Republic.</p>
</text>
<copyright>(c) Reuters Limited 1997</copyright>
<metadata>
<codes class="bip:countries:1.0">
  <code code="USA">
    <editdetail attribution="Reuters BIP Coding Group" action="confirmed" date="1997-07-24"/>
  </code>
</codes>
<codes class="bip:topics:1.0">
  <code code="C15">
    <editdetail attribution="Reuters BIP Coding Group" action="confirmed" date="1997-07-24"/>
  </code>
  <code code="C151">
    <editdetail attribution="Reuters BIP Coding Group" action="confirmed" date="1997-07-24"/>
  </code>
  <code code="CCAT">
    <editdetail attribution="Reuters BIP Coding Group" action="confirmed" date="1997-07-24"/>
  </code>
</codes>
<dc element="dc.date.created" value="1997-07-24"/>
<dc element="dc.publisher" value="Reuters Holdings Plc"/>
<dc element="dc.date.published" value="1997-07-24"/>
<dc element="dc.source" value="Reuters"/>
<dc element="dc.creator.location" value="MIAMI"/>
<dc element="dc.creator.location.country.name" value="USA"/>
<dc element="dc.source" value="Reuters"/>
</metadata>
</newsitem>
