<?xml version="1.0" encoding="iso-8859-1" ?>
<newsitem itemid="751905" id="root" date="1997-07-24" xml:lang="en">
<title>USA: TABLE - Dianon Q2 shr rises to $0.12.</title>
<headline>TABLE - Dianon Q2 shr rises to $0.12.</headline>
<dateline>STRATFORD, CT. 1997-07-24</dateline>
<text>
<p>DIANON SYSTEMS INC</p>
<p>		 SECOND QUARTER		 6 MONTHS YEAR-TO-DATE</p>
<p>		  1997     1996	 %     1997	1996	%</p>
<p>		 (000)    (000)  change    (000)     (000) change</p>
<p> Net Sales  $16,056 $13,674     17%  $31,658   $26,093    21%</p>
<p>Gross Profit</p>
<p>		  8,174   7,193     14%   15,903    13,473    18%</p>
<p> % of Sales     51%     53%		  50%	 52%</p>
<p>Income from</p>
<p>  Operations  1,333     817		2,336     1,222</p>
<p>Net Interest</p>
<p>  Income	  124	85		  205	 185</p>
<p>Pre-Tax</p>
<p>  Income	1,457     902		2,541     1,407</p>
<p>Provision for</p>
<p>  Taxes	   627     388		1,092	 605</p>
<p> Net Income     830     514     62%    1,449	 802    81%</p>
<p>Weighted</p>
<p>Average Common</p>
<p>Shares</p>
<p>  Outstanding  6,862  6,143		6,849     6,196</p>
<p>Primary and Fully</p>
<p>Diluted</p>
<p>Earnings</p>
<p>  Per Share    0.12    0.08     50%     0.21	0.13    62%</p>
</text>
<copyright>(c) Reuters Limited 1997</copyright>
<metadata>
<codes class="bip:countries:1.0">
  <code code="USA">
    <editdetail attribution="Reuters BIP Coding Group" action="confirmed" date="1997-07-24"/>
  </code>
</codes>
<codes class="bip:industries:1.0">
  <code code="I37200">
    <editdetail attribution="Reuters BIP Coding Group" action="confirmed" date="1997-07-24"/>
  </code>
</codes>
<codes class="bip:topics:1.0">
  <code code="C15">
    <editdetail attribution="Reuters BIP Coding Group" action="confirmed" date="1997-07-24"/>
  </code>
  <code code="C151">
    <editdetail attribution="Reuters BIP Coding Group" action="confirmed" date="1997-07-24"/>
  </code>
  <code code="CCAT">
    <editdetail attribution="Reuters BIP Coding Group" action="confirmed" date="1997-07-24"/>
  </code>
</codes>
<dc element="dc.date.created" value="1997-07-24"/>
<dc element="dc.publisher" value="Reuters Holdings Plc"/>
<dc element="dc.date.published" value="1997-07-24"/>
<dc element="dc.source" value="Reuters"/>
<dc element="dc.creator.location" value="STRATFORD, CT."/>
<dc element="dc.creator.location.country.name" value="USA"/>
<dc element="dc.source" value="Reuters"/>
</metadata>
</newsitem>
