<?xml version="1.0" encoding="iso-8859-1" ?>
<newsitem itemid="751992" id="root" date="1997-07-24" xml:lang="en">
<title>USA: Mallinckrodt sees $100 mln savings in deal.</title>
<headline>Mallinckrodt sees $100 mln savings in deal.</headline>
<dateline>NEW YORK 1997-07-24</dateline>
<text>
<p>Mallinckrodt Inc said it anticipates $100 million in cost savings in fiscal 1999 from its proposed $1.9 billion acquisition of medical device company Nellcor Puritan Bennett Inc.</p>
<p>Although the proposed deal will expand Mallinckrodt's role in the growing industry, Mallinckrodt chief executive officer Ray Holman said the deal's financial success is based on cost savings, not revenue enhancement.</p>
<p>Holman made his remarks in a morning meeting and conference call with Wall Street analysts. A tape recording of the call was made available.  </p>
<p>The cash transaction will be financed by $700 million in cash raised from recent divestitures and a new $1.2 billion credit facility. Holman said all the financing is in place.</p>
<p>Holman also said the companies do not expect any antitrust issues to block the transaction.</p>
<p>&quot;There is virtually no competition between the two companies,&quot; he said, adding that the product lines are complementary but do not overlap.</p>
<p>Mallinckrodt chief financial officer Michael Rocca said the company expects charges of $325 million to $600 million in fiscal 1998 from the transaction. Excluding the charges, the deal is expected to dilute earnings by 15 percent in fiscal 1998 and boost earnings by 10 to 15 percent in fiscal 1999.</p>
<p>Rocca also said the company expects to book $1.2 to $1.4 billion in goodwill from the transaction.</p>
<p>(--Robin Sidel, 212/859-1723)</p>
</text>
<copyright>(c) Reuters Limited 1997</copyright>
<metadata>
<codes class="bip:countries:1.0">
  <code code="USA">
    <editdetail attribution="Reuters BIP Coding Group" action="confirmed" date="1997-07-24"/>
  </code>
</codes>
<codes class="bip:industries:1.0">
  <code code="I25700">
    <editdetail attribution="Reuters BIP Coding Group" action="confirmed" date="1997-07-24"/>
  </code>
  <code code="I95100">
    <editdetail attribution="Reuters BIP Coding Group" action="confirmed" date="1997-07-24"/>
  </code>
</codes>
<codes class="bip:topics:1.0">
  <code code="C15">
    <editdetail attribution="Reuters BIP Coding Group" action="confirmed" date="1997-07-24"/>
  </code>
  <code code="C152">
    <editdetail attribution="Reuters BIP Coding Group" action="confirmed" date="1997-07-24"/>
  </code>
  <code code="C18">
    <editdetail attribution="Reuters BIP Coding Group" action="confirmed" date="1997-07-24"/>
  </code>
  <code code="C181">
    <editdetail attribution="Reuters BIP Coding Group" action="confirmed" date="1997-07-24"/>
  </code>
  <code code="CCAT">
    <editdetail attribution="Reuters BIP Coding Group" action="confirmed" date="1997-07-24"/>
  </code>
</codes>
<dc element="dc.date.created" value="1997-07-24"/>
<dc element="dc.publisher" value="Reuters Holdings Plc"/>
<dc element="dc.date.published" value="1997-07-24"/>
<dc element="dc.source" value="Reuters"/>
<dc element="dc.creator.location" value="NEW YORK"/>
<dc element="dc.creator.location.country.name" value="USA"/>
<dc element="dc.source" value="Reuters"/>
</metadata>
</newsitem>
