<?xml version="1.0" encoding="iso-8859-1" ?>
<newsitem itemid="752085" id="root" date="1997-07-24" xml:lang="en">
<title>GERMANY: SOCCER-ZICKLER DOUBTFUL FOR BAYERN OPENER.</title>
<headline>SOCCER-ZICKLER DOUBTFUL FOR BAYERN OPENER.</headline>
<dateline>BONN 1997-07-24</dateline>
<text>
<p>Bayern Munich striker Alexander Zickler faces minor surgery on his left knee on Friday, the German champions said on Thursday.</p>
<p>Zickler was hurt in a clash with defensive midfielder Dietmar Hamann in training on Wednesday. He should be back in action next week but will probably not be fully fit when Bayern start the defence of their Bundesliga title against Kaiserslautern on August 2.</p>
</text>
<copyright>(c) Reuters Limited 1997</copyright>
<metadata>
<codes class="bip:countries:1.0">
  <code code="GFR">
    <editdetail attribution="Reuters BIP Coding Group" action="confirmed" date="1997-07-24"/>
  </code>
</codes>
<codes class="bip:topics:1.0">
  <code code="GCAT">
    <editdetail attribution="Reuters BIP Coding Group" action="confirmed" date="1997-07-24"/>
  </code>
  <code code="GSPO">
    <editdetail attribution="Reuters BIP Coding Group" action="confirmed" date="1997-07-24"/>
  </code>
</codes>
<dc element="dc.date.created" value="1997-07-24"/>
<dc element="dc.publisher" value="Reuters Holdings Plc"/>
<dc element="dc.date.published" value="1997-07-24"/>
<dc element="dc.source" value="Reuters"/>
<dc element="dc.creator.location" value="BONN"/>
<dc element="dc.creator.location.country.name" value="GERMANY"/>
<dc element="dc.source" value="Reuters"/>
</metadata>
</newsitem>
