<?xml version="1.0" encoding="iso-8859-1" ?>
<newsitem itemid="752058" id="root" date="1997-07-24" xml:lang="en">
<title>BRAZIL: SOCCER-SOUTH AMERICAN LIBERTADORES CUP RESULTS.</title>
<headline>SOCCER-SOUTH AMERICAN LIBERTADORES CUP RESULTS.</headline>
<dateline>RIO DE JANEIRO 1997-07-23</dateline>
<text>
<p>Results of South</p>
<p>American Libertadores Cup semi-final first leg matches played</p>
<p>Wednesday.</p>
<p>In Buenos Aires: Racing Club (Argentina) 3 Sporting</p>
<p>Cristal (Peru) 2 (halftime 1-1)</p>
<p>Scorers:</p>
<p>Racing Club - Diego Martin Vilallonga (30), Claudio Ubeda</p>
<p>(54, 60).</p>
<p>Sporting Cristal - Jorge Soto (42), Luis Bonet (85)</p>
<p>Attendance: 60,000</p>
<p>In Belo Horizonte, Brazil: Cruzeiro (Brazil) 1 Colo Colo</p>
<p>(Chile) 0 (1-0)</p>
<p>Second legs to be played July 30.</p>
</text>
<copyright>(c) Reuters Limited 1997</copyright>
<metadata>
<codes class="bip:countries:1.0">
  <code code="ARG">
    <editdetail attribution="Reuters BIP Coding Group" action="confirmed" date="1997-07-24"/>
  </code>
  <code code="BRAZ">
    <editdetail attribution="Reuters BIP Coding Group" action="confirmed" date="1997-07-24"/>
  </code>
  <code code="PERU">
    <editdetail attribution="Reuters BIP Coding Group" action="confirmed" date="1997-07-24"/>
  </code>
</codes>
<codes class="bip:topics:1.0">
  <code code="GCAT">
    <editdetail attribution="Reuters BIP Coding Group" action="confirmed" date="1997-07-24"/>
  </code>
  <code code="GSPO">
    <editdetail attribution="Reuters BIP Coding Group" action="confirmed" date="1997-07-24"/>
  </code>
</codes>
<dc element="dc.date.created" value="1997-07-23"/>
<dc element="dc.publisher" value="Reuters Holdings Plc"/>
<dc element="dc.date.published" value="1997-07-24"/>
<dc element="dc.source" value="Reuters"/>
<dc element="dc.creator.location" value="RIO DE JANEIRO"/>
<dc element="dc.creator.location.country.name" value="BRAZIL"/>
<dc element="dc.source" value="Reuters"/>
</metadata>
</newsitem>
