<?xml version="1.0" encoding="iso-8859-1" ?>
<newsitem itemid="752040" id="root" date="1997-07-24" xml:lang="en">
<title>UK: SOCCER-NEWCASTLE PAIR SET TO LEAVE.</title>
<headline>SOCCER-NEWCASTLE PAIR SET TO LEAVE.</headline>
<dateline>LONDON 1997-07-24</dateline>
<text>
<p>Newcastle's former England international striker Peter Beardsley is set to join premier league rivals Bolton while team mate Les Ferdinand is also tipped to leave the club.</p>
<p>The Newcastle Clubcall service said 36-year-old Beardsley was set to join Bolton for 500,000 pounds ($837,000) in the next few days and was having talks with Bolton manager Colin Todd on Thursday.</p>
<p>The Sun newspaper reported that England international Ferdinand had been put on the club's transfer list for six million pounds ($10.1 million).</p>
<p>There was no official comment from Newcastle.</p>
<p>The Sun reported that the London-born player wanted to join Tottenham, who are managed by his former Queens Park Rangers boss Gerry Francis. Everton have also expressed an interest.</p>
</text>
<copyright>(c) Reuters Limited 1997</copyright>
<metadata>
<codes class="bip:countries:1.0">
  <code code="UK">
    <editdetail attribution="Reuters BIP Coding Group" action="confirmed" date="1997-07-24"/>
  </code>
</codes>
<codes class="bip:topics:1.0">
  <code code="GCAT">
    <editdetail attribution="Reuters BIP Coding Group" action="confirmed" date="1997-07-24"/>
  </code>
  <code code="GSPO">
    <editdetail attribution="Reuters BIP Coding Group" action="confirmed" date="1997-07-24"/>
  </code>
</codes>
<dc element="dc.date.created" value="1997-07-24"/>
<dc element="dc.publisher" value="Reuters Holdings Plc"/>
<dc element="dc.date.published" value="1997-07-24"/>
<dc element="dc.source" value="Reuters"/>
<dc element="dc.creator.location" value="LONDON"/>
<dc element="dc.creator.location.country.name" value="UK"/>
<dc element="dc.source" value="Reuters"/>
</metadata>
</newsitem>
