<?xml version="1.0" encoding="iso-8859-1" ?>
<newsitem itemid="752087" id="root" date="1997-07-24" xml:lang="en">
<title>GERMANY: SOCCER-ITALIAN COACHES FIGHT FOR GERMAN SUPREMACY.</title>
<headline>SOCCER-ITALIAN COACHES FIGHT FOR GERMAN SUPREMACY.</headline>
<byline>Patrick Vignal</byline>
<dateline>BONN 1997-07-24</dateline>
<text>
<p>Italians Giovanni Trapattoni and Nevio Scala promise to be among the most important figures in German soccer this season.</p>
<p>Bayern Munich coach Trapattoni won his first duel with his Borussia Dortmund counterpart Scala when the German champions beat their main rivals 2-0 in a German League Cup semifinal on Wednesday.</p>
<p>&quot;It was a good test but nothing more,&quot; said Scala, who joined the European Cup winners from Italian side Perugia. He said the serious business really starts on August 3 when Dortmund play promoted Herta Berlin in their first Bundesliga game.</p>
<p>Scala became the second Italian coach in the German league last month after Ottmar Hitzfeld decided to quit and take over a new position as club sports director.</p>
<p>An opera lover who has a German wife and speaks fluent German, Scala led Parma from the Italian second division to the European elite with triumphs in the 1993 Cup Winners' Cup and the 1995 UEFA Cup.</p>
<p>But his achievements look pale compared to Trapattoni's.</p>
<p>&quot;Scala speaks better German but Trapattoni has had more success,&quot; said Dortmund international defender Juergen Kohler, who knows them both.</p>
<p>Trapattoni, who joined Bayern at the start of last season after a previous stint in 1994-95, had established himself as the most successful coach in Italy by leading both Juventus and Internazionale to a total eight titles.</p>
<p>His life at Bayern was not an easy one last season as the club's winning campaign was marred by squabbling and scandals.</p>
<p>Striker Juergen Klinsmann, who eventually left for Sampdoria, once yelled at Trapattoni for being substituted and Bayern was nicknamed Hollywood City for its constant drama.</p>
<p>The atmosphere at Dortmund is not quite as turbulent. In a way, the flamboyant Trapattoni and the quiet Scala have each chosen a club suited to their temperaments.</p>
<p>They used to play together at AC Milan in the late 1960s, winning the Cup Winners' Cup final against Hamburg in 1968.</p>
<p>&quot;He was an elegant technician, I was a useful, strong player,&quot; recalled Scala.</p>
<p>The two face heavy responsibilities this season as both Bayern and Borussia aim to win the German title and European Cup.</p>
<p>Bayern will rely on a revamped team with new foreign signings such as Brazilian striker Giovane Elber, who joined from Stuttgart for 12.5 million marks ($6.94 million) and French international defender Bixente Lizarazu.</p>
<p>Dortmund will rely on a squad similar to the one which beat Juventus in the European Cup final last May with strong individual players such as Kohler and playmaker Andreas Moeller.</p>
<p>&quot;We're not ready yet but I liked what I saw tonight,&quot; said Trapattoni after the victory over Dortmund.</p>
<p>&quot;We've still got time,&quot; said Scala. &quot;I'm not worried because there is plenty of talent in the team.&quot;</p>
</text>
<copyright>(c) Reuters Limited 1997</copyright>
<metadata>
<codes class="bip:countries:1.0">
  <code code="GFR">
    <editdetail attribution="Reuters BIP Coding Group" action="confirmed" date="1997-07-24"/>
  </code>
  <code code="ITALY">
    <editdetail attribution="Reuters BIP Coding Group" action="confirmed" date="1997-07-24"/>
  </code>
</codes>
<codes class="bip:topics:1.0">
  <code code="GCAT">
    <editdetail attribution="Reuters BIP Coding Group" action="confirmed" date="1997-07-24"/>
  </code>
  <code code="GSPO">
    <editdetail attribution="Reuters BIP Coding Group" action="confirmed" date="1997-07-24"/>
  </code>
</codes>
<dc element="dc.date.created" value="1997-07-24"/>
<dc element="dc.publisher" value="Reuters Holdings Plc"/>
<dc element="dc.date.published" value="1997-07-24"/>
<dc element="dc.source" value="Reuters"/>
<dc element="dc.creator.location" value="BONN"/>
<dc element="dc.creator.location.country.name" value="GERMANY"/>
<dc element="dc.source" value="Reuters"/>
</metadata>
</newsitem>
