<?xml version="1.0" encoding="iso-8859-1" ?>
<newsitem itemid="752097" id="root" date="1997-07-24" xml:lang="en">
<title>SRI LANKA: CRICKET-INDIA PLAN TO KEEP THEIR HEADS V BANGLADES.</title>
<headline>CRICKET-INDIA PLAN TO KEEP THEIR HEADS V BANGLADES.</headline>
<dateline>COLOMBO 1997-07-24</dateline>
<text>
<p>Indian cricket captain Sachin Tendulkar said his players must keep their heads in Thursday's game against Bangladesh if they are to reach the Asia Cup final against Sri Lanka.</p>
<p>&quot;We should not get desperate. Slogging will not help. We'll have to plan carefully and play a calculated game,&quot; Tendulkar said.</p>
<p>Speaking to Reuters late on Wednesday, Tendulkar said the controversy over some players whose names have been linked to a betting scandal back home would not affect his team's performance.</p>
<p>&quot;The perfect answer to all this is to win tomorrow's game,&quot; he said.</p>
<p>India, whose net run rate is poor, need to restrict Bangladesh to a total of less than 150 runs and then knock the runs off in 20 overs if they are to reach the final.</p>
<p>Pakistan have three points from their three matches after the game against India was washed out due to rain on Sunday and Monday.</p>
<p>A win for India on Thursday will tie them with Pakistan on three points, and then the net run rate will decide which team meets the world champions in the final on Saturday.</p>
<p>India, the defending Asia Cup champions, have left out off-spinner Noel David in naming 13 players for Thursday's match.</p>
<p>The final team will be selected on the morning of the match after a final assessment of the pitch is made.</p>
<p>TEAMS: INDIA: Sachin Tendulkar (captain), Saurav Ganguly, Navjot Sidhu, Rahul Dravid, Mohammad Azharuddin, Saba Karim, Robin Singh, Ajay Jadeja, Anil Kumble, Venkatesh Prasad, Abey Kuruwila, Nilesh Kulkarni, Debasis Mohanty.</p>
<p>BANGLADESH: Akram Khan (captain), Athar Ali Khan, Naimur Rahman, Habibul Bashar, Aminul Islam, Minjahul Abedin, Mafizur Rahman, Khalid Mashud, Habibul Hossain, Shaikh Salahuddin, Saiful Islam, Enamul Hoque, Zakir Hassan.</p>
</text>
<copyright>(c) Reuters Limited 1997</copyright>
<metadata>
<codes class="bip:countries:1.0">
  <code code="BANDH">
    <editdetail attribution="Reuters BIP Coding Group" action="confirmed" date="1997-07-24"/>
  </code>
  <code code="INDIA">
    <editdetail attribution="Reuters BIP Coding Group" action="confirmed" date="1997-07-24"/>
  </code>
  <code code="PAKIS">
    <editdetail attribution="Reuters BIP Coding Group" action="confirmed" date="1997-07-24"/>
  </code>
  <code code="SRILAN">
    <editdetail attribution="Reuters BIP Coding Group" action="confirmed" date="1997-07-24"/>
  </code>
</codes>
<codes class="bip:topics:1.0">
  <code code="GCAT">
    <editdetail attribution="Reuters BIP Coding Group" action="confirmed" date="1997-07-24"/>
  </code>
  <code code="GSPO">
    <editdetail attribution="Reuters BIP Coding Group" action="confirmed" date="1997-07-24"/>
  </code>
</codes>
<dc element="dc.date.created" value="1997-07-24"/>
<dc element="dc.publisher" value="Reuters Holdings Plc"/>
<dc element="dc.date.published" value="1997-07-24"/>
<dc element="dc.source" value="Reuters"/>
<dc element="dc.creator.location" value="COLOMBO"/>
<dc element="dc.creator.location.country.name" value="SRI LANKA"/>
<dc element="dc.source" value="Reuters"/>
</metadata>
</newsitem>
