<?xml version="1.0" encoding="iso-8859-1" ?>
<newsitem itemid="752004" id="root" date="1997-07-24" xml:lang="en">
<title>UK: CRICKET-LATE STRIKE BY MCGRATH CHECKS ENGLAND.</title>
<headline>CRICKET-LATE STRIKE BY MCGRATH CHECKS ENGLAND.</headline>
<byline>Steve Tongue</byline>
<dateline>LEEDS, England 1997-07-24</dateline>
<text>
<p>A late strike by Glenn McGrath prevented England seizing the initiative on the first day of the fourth test against Australia at Headingley on Thursday.</p>
<p>In his penultimate over of the day, paceman McGrath had Nasser Hussain snapped up by his captain Mark Taylor at first slip to leave England on 106 for three at the end of a rain-hit opening day in which only 36 overs were bowled.</p>
<p>England were put in to bat after Taylor won the toss for the fourth time in the series and Paul Reiffel in particular found plenty of life in a pitch that had become the subject of controversy.</p>
<p>A late switch in the pitch to be used brought suggestions the change had been made at the behest of David Graveney, chairman of the England selectors.</p>
<p>Australian tour manager Alan Crompton lodged an official complaint over the affair but later accepted assurances from the England and Wales Cricket Board that the decision had not been influenced by Graveney.</p>
<p>Rain permitted less than five full overs to be bowled until after the tea interval. Then Greg Blewett held a blinding catch to dismiss Mark Butcher for 24 and a straighforward one to send back Alec Stewart for seven after a poor shot.</p>
<p>Encouragingly for England, captain Michael Atherton was still there at close, having made a patient 34 in the 169 minutes of play possible.</p>
<p>England coach David Lloyd said:&quot;Losing that last wicket has left things even. It was an intriguing battle. Now we've got to put some runs on the board.&quot;</p>
<p>Further rain was forecast for the second day on Friday, but the outlook was better for the remaining three days.</p>
</text>
<copyright>(c) Reuters Limited 1997</copyright>
<metadata>
<codes class="bip:countries:1.0">
  <code code="AUSTR">
    <editdetail attribution="Reuters BIP Coding Group" action="confirmed" date="1997-07-24"/>
  </code>
  <code code="UK">
    <editdetail attribution="Reuters BIP Coding Group" action="confirmed" date="1997-07-24"/>
  </code>
</codes>
<codes class="bip:topics:1.0">
  <code code="GCAT">
    <editdetail attribution="Reuters BIP Coding Group" action="confirmed" date="1997-07-24"/>
  </code>
  <code code="GSPO">
    <editdetail attribution="Reuters BIP Coding Group" action="confirmed" date="1997-07-24"/>
  </code>
</codes>
<dc element="dc.date.created" value="1997-07-24"/>
<dc element="dc.publisher" value="Reuters Holdings Plc"/>
<dc element="dc.date.published" value="1997-07-24"/>
<dc element="dc.source" value="Reuters"/>
<dc element="dc.creator.location" value="LEEDS, England"/>
<dc element="dc.creator.location.country.name" value="UK"/>
<dc element="dc.source" value="Reuters"/>
</metadata>
</newsitem>
