<?xml version="1.0" encoding="iso-8859-1" ?>
<newsitem itemid="752071" id="root" date="1997-07-24" xml:lang="en">
<title>USA: BASEBALL-STANDINGS AFTER WEDNESDAY'S MAJOR LEAGUE GAMES.</title>
<headline>BASEBALL-STANDINGS AFTER WEDNESDAY'S MAJOR LEAGUE GAMES.</headline>
<dateline>NEW YORK 1997-07-24</dateline>
<text>
<p>Major League Baseball</p>
<p>standings after games on Wednesday (tabulate under wins,</p>
<p>losses, winning percentage and games behind first):</p>
<p>		  AMERICAN LEAGUE</p>
<p>		  EAST DIVISION</p>
<p>			 W    L   PCT  GB</p>
<p> BALTIMORE	  61   37  .622   -</p>
<p> NY YANKEES	 58   41  .586   3 1/2</p>
<p> TORONTO	    47   49  .490  13</p>
<p> DETROIT	    47   52  .475  14 1/2</p>
<p> BOSTON	     46   54  .460  16</p>
<p>		  CENTRAL DIVISION</p>
<p>			 W    L   PCT  GB</p>
<p> CLEVELAND	  52   42  .553   -</p>
<p> CHI WHITE SOX    50   49  .505   4 1/2</p>
<p> MILWAUKEE	  45   51  .469   8</p>
<p> MINNESOTA	  45   53  .459   9</p>
<p> KANSAS CITY	39   56  .411  13 1/2</p>
<p>		  WEST DIVISION</p>
<p>			 W    L   PCT  GB</p>
<p> SEATTLE	    56   44  .560   -</p>
<p> ANAHEIM	    54   45  .545   1 1/2</p>
<p> TEXAS		47   52  .475   8 1/2</p>
<p> OAKLAND	    41   61  .402  16</p>
<p>THURSDAY, JULY 24 SCHEDULE</p>
<p>KANSAS CITY AT MINNESOTA     </p>
<p>OAKLAND AT BOSTON		</p>
<p>SEATTLE AT CLEVELAND	   </p>
<p>ANAHEIM AT NY YANKEES	  </p>
<p>MILWAUKEE AT TORONTO	   </p>
<p>TEXAS AT CHI WHITE SOX	 </p>
<p>		  NATIONAL LEAGUE</p>
<p>		  EAST DIVISION</p>
<p>			 W    L   PCT  GB</p>
<p> ATLANTA	    64   38  .627   -</p>
<p> FLORIDA	    57   42  .576   5 1/2</p>
<p> NY METS	    57   43  .570   6</p>
<p> MONTREAL	   52   46  .531  10</p>
<p> PHILADELPHIA     29   69  .296  33</p>
<p>		  CENTRAL DIVISION</p>
<p>			 W    L   PCT  GB</p>
<p> HOUSTON	    53   48  .525   -</p>
<p> PITTSBURGH	 49   51  .490   3 1/2</p>
<p> ST LOUIS	   48   52  .480   4 1/2</p>
<p> CINCINNATI	 43   56  .434   9</p>
<p> CHICAGO CUBS     43   58  .426  10</p>
<p>		  WEST DIVISION</p>
<p>			 W    L   PCT  GB</p>
<p> SAN FRANCISCO    57   44  .564   -</p>
<p> LOS ANGELES	53   48  .525   4</p>
<p> SAN DIEGO	  49   52  .485   8</p>
<p> COLORADO	   46   55  .455  11</p>
<p>THURSDAY, JULY 24 SCHEDULE</p>
<p>PHILADELPHIA AT SAN FRANCISCO</p>
<p>PITTSBURGH AT SAN DIEGO	</p>
<p>MONTREAL AT HOUSTON	    </p>
<p>CHICAGO CUBS AT COLORADO     </p>
<p>NY METS AT LOS ANGELES</p>
</text>
<copyright>(c) Reuters Limited 1997</copyright>
<metadata>
<codes class="bip:countries:1.0">
  <code code="USA">
    <editdetail attribution="Reuters BIP Coding Group" action="confirmed" date="1997-07-24"/>
  </code>
</codes>
<codes class="bip:topics:1.0">
  <code code="GCAT">
    <editdetail attribution="Reuters BIP Coding Group" action="confirmed" date="1997-07-24"/>
  </code>
  <code code="GSPO">
    <editdetail attribution="Reuters BIP Coding Group" action="confirmed" date="1997-07-24"/>
  </code>
</codes>
<dc element="dc.date.created" value="1997-07-24"/>
<dc element="dc.publisher" value="Reuters Holdings Plc"/>
<dc element="dc.date.published" value="1997-07-24"/>
<dc element="dc.source" value="Reuters"/>
<dc element="dc.creator.location" value="NEW YORK"/>
<dc element="dc.creator.location.country.name" value="USA"/>
<dc element="dc.source" value="Reuters"/>
</metadata>
</newsitem>
