<?xml version="1.0" encoding="iso-8859-1" ?>
<newsitem itemid="752146" id="root" date="1997-07-24" xml:lang="en">
<title>BULGARIA: BULGARIA PRESSES PRIVATE FIRMS TO LEAVE GAS JV.</title>
<headline>BULGARIA PRESSES PRIVATE FIRMS TO LEAVE GAS JV.</headline>
<byline>Liliana Semerdjieva</byline>
<dateline>SOFIA 1997-07-24</dateline>
<text>
<p>Bulgaria's cabinet decided on Thursday to ask private firms in Bulgarian-Russian joint gas stock company Topenergy to transfer their shares to state-owned Bulgargas in a bid to restore its 50 percent participation.</p>
<p>Deputy Prime Minister Evgenii Bakardzhiev said that under an intergovernmental agreement between Bulgaria and Russia signed in 1994, only state firms could share Bulgaria's 50 percent stake in Topenergy, set up to deliver Russian natural gas to the Balkans.</p>
<p>&quot;The cabinet took a decision that representatives of Bulgargas should submit a proposal to Topenergy's general meeting according to which Multigroup, Overgas Inc, First Private Bank and Chimimport transfer their shares to Bulgargas,&quot; he told a news conference.</p>
<p>If the private shareholders, which include powerful conglomerate Multigroup, reject the proposal, the cabinet agreed to approve establishment of a new joint gas company with Russia.</p>
<p>&quot;If they reject (the proposal), the cabinet agrees that Bulgargas representatives submit a proposal for holding a new general meeting which will take a decision to terminate Topenergy's activities and to establish a new Bulgarian-Russian venture,&quot; Bakardzhiev said.</p>
<p>A two thirds majority will be needed for taking a decision for liquidation of the company, Bakardzhiev told a local daily newspaper Standart in an interview on Thursday.</p>
<p>Topenergy was established by Russia's Gazprom and Bulgaria's gas monopolist Bulgargas in 1995.</p>
<p>The two sides initially held equal shares. But in November 1995 Topenergy doubled its capital to 120 million levs and it admitted new Bulgarian shareholders in 1996.</p>
<p>Gazprom kept its 50 percent stake, while Bulgargas's share dropped to 25.1 percent from an original 50 percent.</p>
<p>Multigroup and its gas arm Overgas Inc, which is half owned by Gazprom, have 8.25 percent each. Bulgaria's biggest state-owned bank Bulbank, and First Private Bank, which is in receivership since May 1996, have 3.2 percent each and the private firm Chimimport two percent.</p>
<p>&quot;In fact the Bulgarian side does not have enough serious presence and this explains the wish of our government to restore the original model of Topenergy or to withdraw from this company together with the Russian side and set up a new venture with 50-50 shares,&quot; Bakardzhiev told Standard.</p>
<p>Bulgaria wants to receive Russian gas directly from producer Gazprom, not through an intermediary, as it says this increases the purchase price by $10-15 per 1,000 cubic metres.</p>
<p>Bulgaria has a gas network of more than 2,000 km on its territory and transits Russian gas to Turkey and Greece. Topenergy is prepared to start enlargement of the pipeline between the borders of Romania and Turkey. -- Sofia Newsroom +359-2 981 4145</p>
</text>
<copyright>(c) Reuters Limited 1997</copyright>
<metadata>
<codes class="bip:countries:1.0">
  <code code="BUL">
    <editdetail attribution="Reuters BIP Coding Group" action="confirmed" date="1997-07-24"/>
  </code>
  <code code="RUSS">
    <editdetail attribution="Reuters BIP Coding Group" action="confirmed" date="1997-07-24"/>
  </code>
</codes>
<codes class="bip:industries:1.0">
  <code code="I13000">
    <editdetail attribution="Reuters BIP Coding Group" action="confirmed" date="1997-07-24"/>
  </code>
  <code code="I16200">
    <editdetail attribution="Reuters BIP Coding Group" action="confirmed" date="1997-07-24"/>
  </code>
  <code code="I81402">
    <editdetail attribution="Reuters BIP Coding Group" action="confirmed" date="1997-07-24"/>
  </code>
  <code code="I83960">
    <editdetail attribution="Reuters BIP Coding Group" action="confirmed" date="1997-07-24"/>
  </code>
</codes>
<codes class="bip:topics:1.0">
  <code code="C11">
    <editdetail attribution="Reuters BIP Coding Group" action="confirmed" date="1997-07-24"/>
  </code>
  <code code="C18">
    <editdetail attribution="Reuters BIP Coding Group" action="confirmed" date="1997-07-24"/>
  </code>
  <code code="C181">
    <editdetail attribution="Reuters BIP Coding Group" action="confirmed" date="1997-07-24"/>
  </code>
  <code code="CCAT">
    <editdetail attribution="Reuters BIP Coding Group" action="confirmed" date="1997-07-24"/>
  </code>
</codes>
<dc element="dc.date.created" value="1997-07-24"/>
<dc element="dc.publisher" value="Reuters Holdings Plc"/>
<dc element="dc.date.published" value="1997-07-24"/>
<dc element="dc.source" value="Reuters"/>
<dc element="dc.creator.location" value="SOFIA"/>
<dc element="dc.creator.location.country.name" value="BULGARIA"/>
<dc element="dc.source" value="Reuters"/>
</metadata>
</newsitem>
