<?xml version="1.0" encoding="iso-8859-1" ?>
<newsitem itemid="752124" id="root" date="1997-07-24" xml:lang="en">
<title>BULGARIA: IMF PRAISES BULGARIAN REFORM PERFORMANCE.</title>
<headline>IMF PRAISES BULGARIAN REFORM PERFORMANCE.</headline>
<dateline>SOFIA 1997-07-24</dateline>
<text>
<p>The International Monetary Fund praised Bulgaria's reform performance in the first review of its stand-by agreement but recommended a tougher approach on liquidations and bank restructuring, the government said.</p>
<p>&quot;The majority of IMF executive directors praised Bulgarian authorities for the restoration of confidence in the national currency and financial institutions, which was more rapid than expected,&quot; the press centre said in a statement.</p>
<p>The statement, in Bulgarian, quoted a letter to Bulgaria's finance minister and central bank governor from the IMF executive director for the group of countries including Bulgaria, Johannes Wijndholds.</p>
<p>The IMF on Wednesday approved the release of a $130 million second tranche of a 14-month $510 million stand-by approved in April.</p>
<p>&quot;The IMF pointed out the considerable rise in foreign exchange reserves and the favourable developments concerning inflation and interest rate targets,&quot; said the statement.</p>
<p>&quot;The IMF recommended to Bulgaria to follow a more aggressive approach towards the process of liquidation and financial isolation of loss-making enterprises and towards rehabilitation and privatisation of state banks,&quot; it said.</p>
<p>Bulgarian National Bank Issue Department foreign exchange reserves rose to 3.2 billion marks on July 18 from 2.8 billion marks on July 1 when Bulgaria introduced a restrictive fixed exchange rate system known as a currency board.</p>
<p>Monthly inflation slowed to 0.8 percent in June from 5.6 percent in May as financial stabilisation took hold.</p>
<p>The central bank announced another cut in its main lev interest rate to 5.42 percent annually from 6.12 percent from Monday. The main rate stood at 18 percent monthly in March.</p>
<p>The IMF also said it was was encouraged by Bulgaria's efforts to improve the business climate through a campaign against crime and corruption. -- Sofia newsroom +359-2 981 4145</p>
</text>
<copyright>(c) Reuters Limited 1997</copyright>
<metadata>
<codes class="bip:countries:1.0">
  <code code="BUL">
    <editdetail attribution="Reuters BIP Coding Group" action="confirmed" date="1997-07-24"/>
  </code>
</codes>
<codes class="bip:industries:1.0">
  <code code="I81402">
    <editdetail attribution="Reuters BIP Coding Group" action="confirmed" date="1997-07-24"/>
  </code>
</codes>
<codes class="bip:topics:1.0">
  <code code="C13">
    <editdetail attribution="Reuters BIP Coding Group" action="confirmed" date="1997-07-24"/>
  </code>
  <code code="C16">
    <editdetail attribution="Reuters BIP Coding Group" action="confirmed" date="1997-07-24"/>
  </code>
  <code code="CCAT">
    <editdetail attribution="Reuters BIP Coding Group" action="confirmed" date="1997-07-24"/>
  </code>
  <code code="E11">
    <editdetail attribution="Reuters BIP Coding Group" action="confirmed" date="1997-07-24"/>
  </code>
  <code code="E12">
    <editdetail attribution="Reuters BIP Coding Group" action="confirmed" date="1997-07-24"/>
  </code>
  <code code="E21">
    <editdetail attribution="Reuters BIP Coding Group" action="confirmed" date="1997-07-24"/>
  </code>
  <code code="E212">
    <editdetail attribution="Reuters BIP Coding Group" action="confirmed" date="1997-07-24"/>
  </code>
  <code code="ECAT">
    <editdetail attribution="Reuters BIP Coding Group" action="confirmed" date="1997-07-24"/>
  </code>
</codes>
<dc element="dc.date.created" value="1997-07-24"/>
<dc element="dc.publisher" value="Reuters Holdings Plc"/>
<dc element="dc.date.published" value="1997-07-24"/>
<dc element="dc.source" value="Reuters"/>
<dc element="dc.creator.location" value="SOFIA"/>
<dc element="dc.creator.location.country.name" value="BULGARIA"/>
<dc element="dc.source" value="Reuters"/>
</metadata>
</newsitem>
