<?xml version="1.0" encoding="iso-8859-1" ?>
<newsitem itemid="752118" id="root" date="1997-07-24" xml:lang="en">
<title>LATVIA: LATVIA-EARLY AFTERNOON RADIO HEADLINES - JULY 24.</title>
<headline>LATVIA-EARLY AFTERNOON RADIO HEADLINES - JULY 24.</headline>
<dateline>RIGA 1997-07-24</dateline>
<text>
<p>These are the main headlines reported by Radio Latvia on Thursday at mid-day. Reuters has not verified these reports and cannot vouch for their accuracy.</p>
<p>- The Union of Christian Democrats says the current goverment crises sparked by anti-corruption scandals might be followed by a parliamentary crises as one fifth of the 100-seat parliament is also under investigation on similar charges.</p>
<p>- Foreign Minister Valdis Birkavs, head of the Latvia's Way party, said the government rescue plan offered by Prime minister Andris Shkele is not a long-term solution to the current problems.</p>
<p>The party will not nominate a new transport post candidate until its decides whether to continue its participation in the current government.</p>
<p>-- Riga newsroom, +371 721 5240</p>
</text>
<copyright>(c) Reuters Limited 1997</copyright>
<metadata>
<codes class="bip:countries:1.0">
  <code code="LATV">
    <editdetail attribution="Reuters BIP Coding Group" action="confirmed" date="1997-07-24"/>
  </code>
</codes>
<codes class="bip:topics:1.0">
  <code code="GCAT">
    <editdetail attribution="Reuters BIP Coding Group" action="confirmed" date="1997-07-24"/>
  </code>
</codes>
<dc element="dc.date.created" value="1997-07-24"/>
<dc element="dc.publisher" value="Reuters Holdings Plc"/>
<dc element="dc.date.published" value="1997-07-24"/>
<dc element="dc.source" value="Reuters"/>
<dc element="dc.creator.location" value="RIGA"/>
<dc element="dc.creator.location.country.name" value="LATVIA"/>
<dc element="dc.source" value="Reuters"/>
</metadata>
</newsitem>
