<?xml version="1.0" encoding="iso-8859-1" ?>
<newsitem itemid="752142" id="root" date="1997-07-24" xml:lang="en">
<title>HUNGARY: HUNGARY FORINT SLUMPS VS DOLLAR, STEADY VS BASKET.</title>
<headline>HUNGARY FORINT SLUMPS VS DOLLAR, STEADY VS BASKET.</headline>
<dateline>BUDAPEST 1997-07-24</dateline>
<text>
<p>The soaring dollar showed no mercy for the Hungarian forint which plummeted against the U.S. currency, dealers said.</p>
<p>The Hungarian currency closed at 196.10/15 to the dollar, more than a forint below its opening level of 195.05/10.</p>
<p>The forint was steady against the central bank's currency basket and closed the session at the National Bank of Hungary's resistance level, forex traders said.</p>
<p>The forint floats within the NBH's 4.5 percent wide intervention range against a currency basket made up 30 percent of the dollar and 70 percent of the mark.</p>
<p>-- Budapest newsroom (36 1) 327 4040</p>
</text>
<copyright>(c) Reuters Limited 1997</copyright>
<metadata>
<codes class="bip:countries:1.0">
  <code code="HUNG">
    <editdetail attribution="Reuters BIP Coding Group" action="confirmed" date="1997-07-24"/>
  </code>
</codes>
<codes class="bip:topics:1.0">
  <code code="M13">
    <editdetail attribution="Reuters BIP Coding Group" action="confirmed" date="1997-07-24"/>
  </code>
  <code code="M132">
    <editdetail attribution="Reuters BIP Coding Group" action="confirmed" date="1997-07-24"/>
  </code>
  <code code="MCAT">
    <editdetail attribution="Reuters BIP Coding Group" action="confirmed" date="1997-07-24"/>
  </code>
</codes>
<dc element="dc.date.created" value="1997-07-24"/>
<dc element="dc.publisher" value="Reuters Holdings Plc"/>
<dc element="dc.date.published" value="1997-07-24"/>
<dc element="dc.source" value="Reuters"/>
<dc element="dc.creator.location" value="BUDAPEST"/>
<dc element="dc.creator.location.country.name" value="HUNGARY"/>
<dc element="dc.source" value="Reuters"/>
</metadata>
</newsitem>
