<?xml version="1.0" encoding="iso-8859-1" ?>
<newsitem itemid="752144" id="root" date="1997-07-24" xml:lang="en">
<title>LATVIA: LATVIA - KAIJA H1 PROFIT 415,339 LATS.</title>
<headline>LATVIA - KAIJA H1 PROFIT 415,339 LATS.</headline>
<dateline>RIGA 1997-07-24</dateline>
<text>
<p>Fish cannery Kaija said on Thursday that its first-half net profit was 415,339 lats.</p>
<p>It said in a statement that its first-half turnover was 5.999 million lats and that its gross profit was 995,645 lats.  </p>
<p>The fish cannery, on the official list of the bourse, had production expenses of 500,399 lats and administrative costs of 415,196 lats.</p>
<p>The profit before extraordinary items and taxes was 420,652 lats.</p>
<p>The fish cannery also had assets of 9.70 million lats versus 10.26 million lats at the start of 1997.</p>
<p>The company had long-term debts of 50,137 lats versus 174,949 lats at the start of the year and short-term debts of 2.41 million lats versus 3.76 million lats.</p>
<p>-- Patrick Lannin, Riga newsroom, +371 721 5240</p>
</text>
<copyright>(c) Reuters Limited 1997</copyright>
<metadata>
<codes class="bip:countries:1.0">
  <code code="LATV">
    <editdetail attribution="Reuters BIP Coding Group" action="confirmed" date="1997-07-24"/>
  </code>
</codes>
<codes class="bip:industries:1.0">
  <code code="I41500">
    <editdetail attribution="Reuters BIP Coding Group" action="confirmed" date="1997-07-24"/>
  </code>
</codes>
<codes class="bip:topics:1.0">
  <code code="C15">
    <editdetail attribution="Reuters BIP Coding Group" action="confirmed" date="1997-07-24"/>
  </code>
  <code code="C151">
    <editdetail attribution="Reuters BIP Coding Group" action="confirmed" date="1997-07-24"/>
  </code>
  <code code="CCAT">
    <editdetail attribution="Reuters BIP Coding Group" action="confirmed" date="1997-07-24"/>
  </code>
</codes>
<dc element="dc.date.created" value="1997-07-24"/>
<dc element="dc.publisher" value="Reuters Holdings Plc"/>
<dc element="dc.date.published" value="1997-07-24"/>
<dc element="dc.source" value="Reuters"/>
<dc element="dc.creator.location" value="RIGA"/>
<dc element="dc.creator.location.country.name" value="LATVIA"/>
<dc element="dc.source" value="Reuters"/>
</metadata>
</newsitem>
