<?xml version="1.0" encoding="iso-8859-1" ?>
<newsitem itemid="752134" id="root" date="1997-07-24" xml:lang="en">
<title>HUNGARY: FOCUS-OTP PRICE SEEN HOLDING WITH APV SALE.</title>
<headline>FOCUS-OTP PRICE SEEN HOLDING WITH APV SALE.</headline>
<byline>Duncan Shiels</byline>
<dateline>BUDAPEST 1997-07-24</dateline>
<text>
<p>Hungary's privatisation agency APV's decision to sell its 25 percent stake in OTP Bank in one go could cause a temporary dip in the share price but will not affect it long-term, analysts said.</p>
<p>&quot;I think there is going to be downward pressure on the price but that will be in the short term,&quot; said Antony Vago of Rababank. &quot;The good thing is it's providing more liquidity for the stock and for the market in general and I think that is The combined sale of seven million ordinary shares will consist of a private placement for foreign and domestic instutional investors and a public offering for private domestic investors.</p>
<p>Financial advisors and lead managers for the offering will be London-based Schroders and Budapest-based Creditanstalt Ertekpapir Rt.</p>
<p>The offering is expected to take place in October after OTP has transferred one golden share to APV.</p>
<p>Rudi Voros of ICE Securities said that while the one-off share issue, worth $230 million at current prices, seemed large, APV were probably keen to offload the stake ahead of other planned bank issues elsewhere in central Europe.</p>
<p>&quot;The Czech government is planning to sell off big chunks of the large commercial banks like Komercni Banka and Ceska Sporitelna ,&quot; he said.</p>
<p>&quot;If interest picks up for Komercni, which is a larger bank than OTP, then it's going to be more difficult to place the stocks...while after the Polish elections there may be issues for some Polish banks.&quot;</p>
<p>Voros said that OTP's share proce is likely to keep its value until October as the company's fundamentals are strong.</p>
<p>&quot;OTP's expensive because of the situation in the Czech Republic and Poland (but) it still has significant growth potential,&quot; he said. &quot;It's a very prudent venture, very well capitalised and very well provisioned, unlike the Czech banks for instance.</p>
<p>&quot;They're managing the restructuring process very well, with personal expenditure falling even in nominal terms,&quot; he added. &quot;People accept now its a quality company.&quot;</p>
<p>Vago believes the timing of the sale is also connected with current rising markets throughout the region. Hungary's stocks have risen 80 percent this year in forint terms.</p>
<p>&quot;It's definitely a good time (for the placement), the mood is still quite positive,&quot; he said.</p>
<p>On the Budapest Stock Exchange on Thursday, OTP shares closed unchanged at 6,400 forints.</p>
<p>-- Budapest newsroom +36 1 327 4040</p>
</text>
<copyright>(c) Reuters Limited 1997</copyright>
<metadata>
<codes class="bip:countries:1.0">
  <code code="HUNG">
    <editdetail attribution="Reuters BIP Coding Group" action="confirmed" date="1997-07-24"/>
  </code>
</codes>
<codes class="bip:industries:1.0">
  <code code="I81403">
    <editdetail attribution="Reuters BIP Coding Group" action="confirmed" date="1997-07-24"/>
  </code>
</codes>
<codes class="bip:topics:1.0">
  <code code="C15">
    <editdetail attribution="Reuters BIP Coding Group" action="confirmed" date="1997-07-24"/>
  </code>
  <code code="C152">
    <editdetail attribution="Reuters BIP Coding Group" action="confirmed" date="1997-07-24"/>
  </code>
  <code code="C18">
    <editdetail attribution="Reuters BIP Coding Group" action="confirmed" date="1997-07-24"/>
  </code>
  <code code="C183">
    <editdetail attribution="Reuters BIP Coding Group" action="confirmed" date="1997-07-24"/>
  </code>
  <code code="CCAT">
    <editdetail attribution="Reuters BIP Coding Group" action="confirmed" date="1997-07-24"/>
  </code>
</codes>
<dc element="dc.date.created" value="1997-07-24"/>
<dc element="dc.publisher" value="Reuters Holdings Plc"/>
<dc element="dc.date.published" value="1997-07-24"/>
<dc element="dc.source" value="Reuters"/>
<dc element="dc.creator.location" value="BUDAPEST"/>
<dc element="dc.creator.location.country.name" value="HUNGARY"/>
<dc element="dc.source" value="Reuters"/>
</metadata>
</newsitem>
