<?xml version="1.0" encoding="iso-8859-1" ?>
<newsitem itemid="682016" id="root" date="1997-06-24" xml:lang="en">
<title>USA: Blue-chip stocks regain most of Monday's lost ground.</title>
<headline>Blue-chip stocks regain most of Monday's lost ground.</headline>
<dateline>NEW YORK</dateline>
<text>
<p>Blue-chip stocks powered higher on Tuesday as the bull market resumed after being derailed on Monday by the Japanese prime minister's comment on his country's U.S treasury holdings.</p>
<p>Based on early and unofficial data, the Dow Jones industrial average ended up 153.80 points, or 2.02 percent, at 7,758.06 after Monday's 192-point drop, which was the second-steepest drop ever for the blue-chip index.</p>
<p>In the broader market, advancing issues beat declines by a 2-1 margin on active volume of 547 million shares on the New York Stock Exchange.</p>
</text>
<copyright>(c) Reuters Limited 1997</copyright>
<metadata>
<codes class="bip:countries:1.0">
  <code code="USA">
    <editdetail attribution="Reuters BIP Coding Group" action="confirmed" date="1997-06-24"/>
  </code>
</codes>
<codes class="bip:topics:1.0">
  <code code="M11">
    <editdetail attribution="Reuters BIP Coding Group" action="confirmed" date="1997-06-24"/>
  </code>
  <code code="MCAT">
    <editdetail attribution="Reuters BIP Coding Group" action="confirmed" date="1997-06-24"/>
  </code>
</codes>
<dc element="dc.publisher" value="Reuters Holdings Plc"/>
<dc element="dc.date.published" value="1997-06-24"/>
<dc element="dc.source" value="Reuters"/>
<dc element="dc.creator.location" value="NEW YORK"/>
<dc element="dc.creator.location.country.name" value="USA"/>
<dc element="dc.source" value="Reuters"/>
</metadata>
</newsitem>
