<?xml version="1.0" encoding="iso-8859-1" ?>
<newsitem itemid="682064" id="root" date="1997-06-24" xml:lang="en">
<title>USA: MediaConcepts names chief executive.</title>
<headline>MediaConcepts names chief executive.</headline>
<dateline>PALM SPRINGS, Calif. 1997-06-24</dateline>
<text>
<p>MediaConcepts Inc on Tuesday said it named Donna Anderson to the position of chief executive, replacing Paul Andre, who resigned.</p>
<p>On Monday, Paul Andre said he resigne d over disagreements with management over the way the company was being run.</p>
<p>The company also confirmed in a statement that Andre's wife, Sandra Andre, resigned as chief financial officer.</p>
<p>Robert Torres was named to replace her. He has 12 years experience in the financial arena, including assisting private companies in their transition to publicly trading companies, MediaConcepts said.</p>
<p>In other changes, MediaConcepts said it appointed David Garcia as director and executive vice president. Garcia was formerly executive producer for NBC in charge of miniseries.</p>
<p>The company also said it has acquired a library of 374 films. In its statement, MediaConcepts did not say from whom the library was acquired or how much it paid.</p>
</text>
<copyright>(c) Reuters Limited 1997</copyright>
<metadata>
<codes class="bip:countries:1.0">
  <code code="USA">
    <editdetail attribution="Reuters BIP Coding Group" action="confirmed" date="1997-06-24"/>
  </code>
</codes>
<codes class="bip:topics:1.0">
  <code code="C41">
    <editdetail attribution="Reuters BIP Coding Group" action="confirmed" date="1997-06-24"/>
  </code>
  <code code="C411">
    <editdetail attribution="Reuters BIP Coding Group" action="confirmed" date="1997-06-24"/>
  </code>
  <code code="CCAT">
    <editdetail attribution="Reuters BIP Coding Group" action="confirmed" date="1997-06-24"/>
  </code>
</codes>
<dc element="dc.date.created" value="1997-06-24"/>
<dc element="dc.publisher" value="Reuters Holdings Plc"/>
<dc element="dc.date.published" value="1997-06-24"/>
<dc element="dc.source" value="Reuters"/>
<dc element="dc.creator.location" value="PALM SPRINGS, Calif."/>
<dc element="dc.creator.location.country.name" value="USA"/>
<dc element="dc.source" value="Reuters"/>
</metadata>
</newsitem>
