<?xml version="1.0" encoding="iso-8859-1" ?>
<newsitem itemid="682027" id="root" date="1997-06-24" xml:lang="en">
<title>CANADA: Anchor Lamina Inc Q3 net income doubles.</title>
<headline>Anchor Lamina Inc Q3 net income doubles.</headline>
<dateline>WINDSOR, Ontario 1997-06-24</dateline>
<text>
<p>Third quarter ended May 31</p>
<p>				1997			    1996</p>
<p> Shr			 C$0.12		   C$0.05</p>
<p> Net			  2,778		    1,170</p>
<p> Revs			45,059		   41,668</p>
<p>	   9  MONTHS</p>
<p> Shr			 C$0.31		   C$0.23</p>
<p> Net			  7,018		    4,940</p>
<p> Revs		     131,452		  120,530</p>
<p>(All data above 000s except per share numbers)</p>
<p>((Reuters Toronto Bureau (416) 941-8100))</p>
</text>
<copyright>(c) Reuters Limited 1997</copyright>
<metadata>
<codes class="bip:countries:1.0">
  <code code="CANA">
    <editdetail attribution="Reuters BIP Coding Group" action="confirmed" date="1997-06-24"/>
  </code>
</codes>
<codes class="bip:topics:1.0">
  <code code="C15">
    <editdetail attribution="Reuters BIP Coding Group" action="confirmed" date="1997-06-24"/>
  </code>
  <code code="C151">
    <editdetail attribution="Reuters BIP Coding Group" action="confirmed" date="1997-06-24"/>
  </code>
  <code code="CCAT">
    <editdetail attribution="Reuters BIP Coding Group" action="confirmed" date="1997-06-24"/>
  </code>
</codes>
<dc element="dc.date.created" value="1997-06-24"/>
<dc element="dc.publisher" value="Reuters Holdings Plc"/>
<dc element="dc.date.published" value="1997-06-24"/>
<dc element="dc.source" value="Reuters"/>
<dc element="dc.creator.location" value="WINDSOR, Ontario"/>
<dc element="dc.creator.location.country.name" value="CANADA"/>
<dc element="dc.source" value="Reuters"/>
</metadata>
</newsitem>
