<?xml version="1.0" encoding="iso-8859-1" ?>
<newsitem itemid="682079" id="root" date="1997-06-24" xml:lang="en">
<title>USA: WD-40 names Garry Ridge president, CEO.</title>
<headline>WD-40 names Garry Ridge president, CEO.</headline>
<dateline>SAN DIEGO 1997-06-01</dateline>
<text>
<p>WD-40 Co said Tuesday that Garry Ridge was named president and chief executive officer, succeeding Gerald Schleif, who will resign at the end of September.</p>
<p>Ridge has worked for WD-40 for 10 years in various management positions and last December became an officer of the company.</p>
<p>The company also announced a two-for-one stock split payable July 31 to shareholders of record July 11. And it said it will increase its post-split dividend to $0.32 per share from $0.31.</p>
<p>WD-40 makes a variety of lubricants for industrial, automotive and other uses.</p>
</text>
<copyright>(c) Reuters Limited 1997</copyright>
<metadata>
<codes class="bip:countries:1.0">
  <code code="USA">
    <editdetail attribution="Reuters BIP Coding Group" action="confirmed" date="1997-06-24"/>
  </code>
</codes>
<codes class="bip:industries:1.0">
  <code code="I14000">
    <editdetail attribution="Reuters BIP Coding Group" action="confirmed" date="1997-06-24"/>
  </code>
</codes>
<codes class="bip:topics:1.0">
  <code code="C41">
    <editdetail attribution="Reuters BIP Coding Group" action="confirmed" date="1997-06-24"/>
  </code>
  <code code="C411">
    <editdetail attribution="Reuters BIP Coding Group" action="confirmed" date="1997-06-24"/>
  </code>
  <code code="CCAT">
    <editdetail attribution="Reuters BIP Coding Group" action="confirmed" date="1997-06-24"/>
  </code>
</codes>
<dc element="dc.date.created" value="1997-06-01"/>
<dc element="dc.publisher" value="Reuters Holdings Plc"/>
<dc element="dc.date.published" value="1997-06-24"/>
<dc element="dc.source" value="Reuters"/>
<dc element="dc.creator.location" value="SAN DIEGO"/>
<dc element="dc.creator.location.country.name" value="USA"/>
<dc element="dc.source" value="Reuters"/>
</metadata>
</newsitem>
