<?xml version="1.0" encoding="iso-8859-1" ?>
<newsitem itemid="682029" id="root" date="1997-06-24" xml:lang="en">
<title>CANADA: Scotiabank offers to buy Ntl Trustco.</title>
<headline>Scotiabank offers to buy Ntl Trustco.</headline>
<dateline>TORONTO 1997-06-24</dateline>
<text>
<p>Bank of Nova Scotia said on Tuesday that it would offer to acquire National Trustco Inc in a cash and stock deal valued at C$1.25 billion.</p>
<p>Canada's fourth biggest bank said that it would offer 0.125 of a common share plus C$26.475 for each common share of National Trustco.</p>
<p>Scotiabank said it already owned 2.4 percent of National Trustco and had lockup agreements for 47 percent of the company's outstanding common shares.</p>
<p>It said the offer would be available to shareholders until July 31 and was subject to regulatory approvals.  </p>
<p>Scotiabank said there was no minimum offer for tendering the shares, but said that if 90 percent of National Trustco's shares were tendered, the bank intended to acquire the rest under the provisions of the Ontario Business Corporations Act.</p>
<p>&quot;We see the acquisition of National Trust as an excellent fit strategically for both institutions,&quot; Scotiabank Chief Executive Peter Godsoe said in a statement.</p>
<p>((Reuters Toronto Bureau 416 941-8100))</p>
</text>
<copyright>(c) Reuters Limited 1997</copyright>
<metadata>
<codes class="bip:countries:1.0">
  <code code="CANA">
    <editdetail attribution="Reuters BIP Coding Group" action="confirmed" date="1997-06-24"/>
  </code>
</codes>
<codes class="bip:industries:1.0">
  <code code="I81402">
    <editdetail attribution="Reuters BIP Coding Group" action="confirmed" date="1997-06-24"/>
  </code>
  <code code="I83100">
    <editdetail attribution="Reuters BIP Coding Group" action="confirmed" date="1997-06-24"/>
  </code>
</codes>
<codes class="bip:topics:1.0">
  <code code="C18">
    <editdetail attribution="Reuters BIP Coding Group" action="confirmed" date="1997-06-24"/>
  </code>
  <code code="C181">
    <editdetail attribution="Reuters BIP Coding Group" action="confirmed" date="1997-06-24"/>
  </code>
  <code code="CCAT">
    <editdetail attribution="Reuters BIP Coding Group" action="confirmed" date="1997-06-24"/>
  </code>
</codes>
<dc element="dc.date.created" value="1997-06-24"/>
<dc element="dc.publisher" value="Reuters Holdings Plc"/>
<dc element="dc.date.published" value="1997-06-24"/>
<dc element="dc.source" value="Reuters"/>
<dc element="dc.creator.location" value="TORONTO"/>
<dc element="dc.creator.location.country.name" value="CANADA"/>
<dc element="dc.source" value="Reuters"/>
</metadata>
</newsitem>
