<?xml version="1.0" encoding="iso-8859-1" ?>
<newsitem itemid="682021" id="root" date="1997-06-24" xml:lang="en">
<title>USA: Florida judge limits punitive claims on tobacco companies.</title>
<headline>Florida judge limits punitive claims on tobacco companies.</headline>
<dateline>WEST PALM BEACH, Fla. 1997-06-24</dateline>
<text>
<p>A judge in Florida's Medicaid lawsuit against the tobacco industry Tuesday sharply limited the amount of punitive damages that may be sought in the case.</p>
<p>The judge, Harold Cohen of the Palm Beach County Circuit Court, restricted punitive damages, but let let stand claims for triple damages on alleged racketeering by the tobacco companies being sued by Florida for taxpayer money spent on treating sick smokers.  </p>
<p>In addition, Cohen said Florida could pursue limited additional damages if it can prove fraud by tobacco companies through advertising or false claims made after 1982.</p>
<p>Before Cohen's ruling, Florida had been arguing it was entitled to punitive damages as well as recovering the money spent treating smokers through its Medicaid program.</p>
<p>But Cohen said a Florida law passed in 1994 that is the main vehicle for Florida's lawsuit did not allow for punitive damages but only actual damages. The fraud claims are being brought under a separate law, Cohen said.</p>
<p>Florida can also pursue triple damages if it wins in the scheduled August trial for alleged racketeering under still another Florida law, the judge ruled. Florida claims the tobacco companies conspired to hide the dangers of smoking from Americans and sold them dangerous products.</p>
</text>
<copyright>(c) Reuters Limited 1997</copyright>
<metadata>
<codes class="bip:countries:1.0">
  <code code="USA">
    <editdetail attribution="Reuters BIP Coding Group" action="confirmed" date="1997-06-24"/>
  </code>
</codes>
<codes class="bip:industries:1.0">
  <code code="I42900">
    <editdetail attribution="Reuters BIP Coding Group" action="confirmed" date="1997-06-24"/>
  </code>
</codes>
<codes class="bip:topics:1.0">
  <code code="C12">
    <editdetail attribution="Reuters BIP Coding Group" action="confirmed" date="1997-06-24"/>
  </code>
  <code code="CCAT">
    <editdetail attribution="Reuters BIP Coding Group" action="confirmed" date="1997-06-24"/>
  </code>
  <code code="GCAT">
    <editdetail attribution="Reuters BIP Coding Group" action="confirmed" date="1997-06-24"/>
  </code>
  <code code="GCRIM">
    <editdetail attribution="Reuters BIP Coding Group" action="confirmed" date="1997-06-24"/>
  </code>
</codes>
<dc element="dc.date.created" value="1997-06-24"/>
<dc element="dc.publisher" value="Reuters Holdings Plc"/>
<dc element="dc.date.published" value="1997-06-24"/>
<dc element="dc.source" value="Reuters"/>
<dc element="dc.creator.location" value="WEST PALM BEACH, Fla."/>
<dc element="dc.creator.location.country.name" value="USA"/>
<dc element="dc.source" value="Reuters"/>
</metadata>
</newsitem>
