<?xml version="1.0" encoding="iso-8859-1" ?>
<newsitem itemid="682026" id="root" date="1997-06-24" xml:lang="en">
<title>CANADA: Fletcher Canada workers vote to strike.</title>
<headline>Fletcher Canada workers vote to strike.</headline>
<dateline>VANCOUVER 1997-06-24</dateline>
<text>
<p>Unionized workers at Fletcher Challenge Canada Ltd's three pulp and paper mills in British Columbia voted 96 percent in favor of a strike, although no strike date was set, one of the workers' two unions said on Tuesday.</p>
<p>The Communications, Energy and Paperworkers Union said in a statement that the results sent a &quot;strong message&quot; to Fletcher that the company must make concessions to avoid a work disruption.</p>
<p>The union said it hoped that negotiations, which collapsed last week, would resume soon.</p>
<p>The unions said previously that the talks broke down over the company's demand for an eight-year contract. The unions had offered a three-year deal.</p>
<p>Fletcher Canada is majority owned by New Zealand's Fletcher Challenge Ltd. The workers' previous contract expired on April 30.</p>
</text>
<copyright>(c) Reuters Limited 1997</copyright>
<metadata>
<codes class="bip:countries:1.0">
  <code code="CANA">
    <editdetail attribution="Reuters BIP Coding Group" action="confirmed" date="1997-06-24"/>
  </code>
</codes>
<codes class="bip:industries:1.0">
  <code code="I47100">
    <editdetail attribution="Reuters BIP Coding Group" action="confirmed" date="1997-06-24"/>
  </code>
</codes>
<codes class="bip:topics:1.0">
  <code code="C42">
    <editdetail attribution="Reuters BIP Coding Group" action="confirmed" date="1997-06-24"/>
  </code>
  <code code="CCAT">
    <editdetail attribution="Reuters BIP Coding Group" action="confirmed" date="1997-06-24"/>
  </code>
  <code code="E41">
    <editdetail attribution="Reuters BIP Coding Group" action="confirmed" date="1997-06-24"/>
  </code>
  <code code="ECAT">
    <editdetail attribution="Reuters BIP Coding Group" action="confirmed" date="1997-06-24"/>
  </code>
  <code code="GCAT">
    <editdetail attribution="Reuters BIP Coding Group" action="confirmed" date="1997-06-24"/>
  </code>
  <code code="GJOB">
    <editdetail attribution="Reuters BIP Coding Group" action="confirmed" date="1997-06-24"/>
  </code>
</codes>
<dc element="dc.date.created" value="1997-06-24"/>
<dc element="dc.publisher" value="Reuters Holdings Plc"/>
<dc element="dc.date.published" value="1997-06-24"/>
<dc element="dc.source" value="Reuters"/>
<dc element="dc.creator.location" value="VANCOUVER"/>
<dc element="dc.creator.location.country.name" value="CANADA"/>
<dc element="dc.source" value="Reuters"/>
</metadata>
</newsitem>
