<?xml version="1.0" encoding="iso-8859-1" ?>
<newsitem itemid="682017" id="root" date="1997-06-24" xml:lang="en">
<title>USA: Nike recalls shoes that offend Muslims.</title>
<headline>Nike recalls shoes that offend Muslims.</headline>
<byline>Sue Zeidler</byline>
<dateline>LOS ANGELES 1997-06-24</dateline>
<text>
<p>Nike Inc. on Tuesday recalled more than 38,000 pairs of athletic shoes with a logo that outraged Moslems and apologised for what it called an unintentional offence.</p>
<p>The shoes sparked protests because the flame-shaped logo -- distinct from Nike's trademark &quot;swoosh&quot; logo -- looked like the Arabic word for &quot;Allah,&quot; or God, company spokesman Roy Agostino said.</p>
<p>&quot;There is in excess of 38,000 pairs in our distribution centres worldwide that we'll be recalling and we'll obliterate the logo before reintroducing it ... though our retail chain,&quot; Agostino said.</p>
<p>&quot;Through a long process of discussions we have resolved our differences of opinion with the Moslem community,&quot; Nike said in a statement.</p>
<p>&quot;While we never intended to offend -- we did. We have done everything possible to communicate our sincerest apologies and to address issues related to the distribution of any products offensive to the community,&quot; it said.</p>
<p>The recall affects a summer range of outdoor basketball products called Air Bakin, Air BBQ, Air Grill and Air Melt, which sell for $70 to $120 per pair.</p>
<p>Nike, based in Beaverton, Ore., has sold under a million pairs globally, it said.</p>
<p>Reacting to Nike's announcement, Malik Mujahid, a member of the Islamic Circle of North America, said, &quot;We don't consider it a victory, more a realisation of a mistake. Nike and other organisations have not been very considerate in the past.</p>
<p>&quot;We are happy that they (Nike managers) have finally decided that it was not something they wanted to promote in their products,&quot; he said in a telephone interview in Chicago. The Islamic Circle of North America provides locations for Friday prayers.</p>
<p>Agostino said the potential for trouble was suggested by one of the company's Moslem distributors in September.</p>
<p>&quot;We immediately effected a design change to avoid confusion,&quot; he said.</p>
<p>However, Agostino said, in March the Council on American-Islamic Relations (CARE) alerted the company of concerns among members of the Islamic community.</p>
<p>Agostino said Nike tried to mitigate the impact on the Moslem community. &quot;We diverted shipments away from Islamic states and completely discontinued the product range so no future product would be made as of March,&quot; he said.</p>
<p>Nike said it also made organisational changes in March to prevent a reccurence and to start testing Islamic sensibilites regarding its products.</p>
<p>&quot;We wanted to bridge the gap and to take measures to allay concerns,&quot; he said, adding, &quot;we were able to reach that understating with CARE on the measures.</p>
<p>He said Nike would not be taking any charge to earnings related to the recall.</p>
<p>Nike's class B stock rose $1.25 to $60 on the New York Stock Exchange in late trading.</p>
</text>
<copyright>(c) Reuters Limited 1997</copyright>
<metadata>
<codes class="bip:countries:1.0">
  <code code="USA">
    <editdetail attribution="Reuters BIP Coding Group" action="confirmed" date="1997-06-24"/>
  </code>
</codes>
<codes class="bip:industries:1.0">
  <code code="I45100">
    <editdetail attribution="Reuters BIP Coding Group" action="confirmed" date="1997-06-24"/>
  </code>
</codes>
<codes class="bip:topics:1.0">
  <code code="C13">
    <editdetail attribution="Reuters BIP Coding Group" action="confirmed" date="1997-06-24"/>
  </code>
  <code code="C21">
    <editdetail attribution="Reuters BIP Coding Group" action="confirmed" date="1997-06-24"/>
  </code>
  <code code="CCAT">
    <editdetail attribution="Reuters BIP Coding Group" action="confirmed" date="1997-06-24"/>
  </code>
  <code code="GCAT">
    <editdetail attribution="Reuters BIP Coding Group" action="confirmed" date="1997-06-24"/>
  </code>
  <code code="GREL">
    <editdetail attribution="Reuters BIP Coding Group" action="confirmed" date="1997-06-24"/>
  </code>
</codes>
<dc element="dc.date.created" value="1997-06-24"/>
<dc element="dc.publisher" value="Reuters Holdings Plc"/>
<dc element="dc.date.published" value="1997-06-24"/>
<dc element="dc.source" value="Reuters"/>
<dc element="dc.creator.location" value="LOS ANGELES"/>
<dc element="dc.creator.location.country.name" value="USA"/>
<dc element="dc.source" value="Reuters"/>
</metadata>
</newsitem>
