<?xml version="1.0" encoding="iso-8859-1" ?>
<newsitem itemid="682103" id="root" date="1997-06-24" xml:lang="en">
<title>USA: Metropolitan Health in deal with Fla co.</title>
<headline>Metropolitan Health in deal with Fla co.</headline>
<dateline>BOCA RATON, Fla 1997-06-24</dateline>
<text>
<p>Metropolitan Health Networks Inc's MetBilling Group Inc said Tuesday it entered into a contract to provide all emergency room patient billing for Emergency Care Specialists Inc of Miami.</p>
<p>The company said expects more than $500,000 in annual revenue from the deal.</p>
<p>The company also said it plans to acquire all the assets of Dr. David Glickman PA, of Hialeah, Fla.  The purchase will be made through a combination of cash and stock.</p>
<p>The company did not disclose terms of the deal.</p>
<p>In connection with the acquisition, the company said Glickman, a family practitioner, will enter into a five-year employment deal to provide medical services to the Metropolitan medical group.</p>
</text>
<copyright>(c) Reuters Limited 1997</copyright>
<metadata>
<codes class="bip:countries:1.0">
  <code code="USA">
    <editdetail attribution="Reuters BIP Coding Group" action="confirmed" date="1997-06-24"/>
  </code>
</codes>
<codes class="bip:industries:1.0">
  <code code="I95100">
    <editdetail attribution="Reuters BIP Coding Group" action="confirmed" date="1997-06-24"/>
  </code>
</codes>
<codes class="bip:topics:1.0">
  <code code="C33">
    <editdetail attribution="Reuters BIP Coding Group" action="confirmed" date="1997-06-24"/>
  </code>
  <code code="CCAT">
    <editdetail attribution="Reuters BIP Coding Group" action="confirmed" date="1997-06-24"/>
  </code>
</codes>
<dc element="dc.date.created" value="1997-06-24"/>
<dc element="dc.publisher" value="Reuters Holdings Plc"/>
<dc element="dc.date.published" value="1997-06-24"/>
<dc element="dc.source" value="Reuters"/>
<dc element="dc.creator.location" value="BOCA RATON, Fla"/>
<dc element="dc.creator.location.country.name" value="USA"/>
<dc element="dc.source" value="Reuters"/>
</metadata>
</newsitem>
