<?xml version="1.0" encoding="iso-8859-1" ?>
<newsitem itemid="682100" id="root" date="1997-06-24" xml:lang="en">
<title>USA: Dassault to acquire SolidWorks.</title>
<headline>Dassault to acquire SolidWorks.</headline>
<dateline>CONCORD, Mass. 1997-06-24</dateline>
<text>
<p>Dassault Systemes SA and SolidWorks said on Tuesday they entered an agreement for Dassault to acquire SolidWorks for 4.85 million Dassault shares, in a deal valued at $310 million.</p>
<p>SolidWorks develops and markets 3D mechanical design solutions for the Windows platform and is expected to have annualized revenues of $25 million based on results expected for the quarter ending June 30, 1997, the companies said in a joint statement.  </p>
<p>Dassault Systemes expects the deal to be &quot;less than five percent dilutive to earnings in the second half of 1997, and to be non-dilutive in 1998.&quot;</p>
<p>The deal is expected to be &quot;a significant contributor to earnings growth thereafter,&quot; Dassault said.</p>
<p>Dassault and SolidWorks expect the deal to be completed in the 1997 third quarter, pending regulatory and shareholder approvals.</p>
<p>SolidWorks will operate as a separate subsidiary of Dassault Systemes with its current management team.</p>
<p>The companies said SolidWorks has significant growth potential because of increased demand by engineers for its modeling capabilities with ease of use, as well as affordability.</p>
</text>
<copyright>(c) Reuters Limited 1997</copyright>
<metadata>
<codes class="bip:countries:1.0">
  <code code="USA">
    <editdetail attribution="Reuters BIP Coding Group" action="confirmed" date="1997-06-24"/>
  </code>
</codes>
<codes class="bip:industries:1.0">
  <code code="I33020">
    <editdetail attribution="Reuters BIP Coding Group" action="confirmed" date="1997-06-24"/>
  </code>
  <code code="I3302021">
    <editdetail attribution="Reuters BIP Coding Group" action="confirmed" date="1997-06-24"/>
  </code>
</codes>
<codes class="bip:topics:1.0">
  <code code="C18">
    <editdetail attribution="Reuters BIP Coding Group" action="confirmed" date="1997-06-24"/>
  </code>
  <code code="C181">
    <editdetail attribution="Reuters BIP Coding Group" action="confirmed" date="1997-06-24"/>
  </code>
  <code code="CCAT">
    <editdetail attribution="Reuters BIP Coding Group" action="confirmed" date="1997-06-24"/>
  </code>
</codes>
<dc element="dc.date.created" value="1997-06-24"/>
<dc element="dc.publisher" value="Reuters Holdings Plc"/>
<dc element="dc.date.published" value="1997-06-24"/>
<dc element="dc.source" value="Reuters"/>
<dc element="dc.creator.location" value="CONCORD, Mass."/>
<dc element="dc.creator.location.country.name" value="USA"/>
<dc element="dc.source" value="Reuters"/>
</metadata>
</newsitem>
