<?xml version="1.0" encoding="iso-8859-1" ?>
<newsitem itemid="682113" id="root" date="1997-06-24" xml:lang="en">
<title>USA: Trism Inc sees Q2 EPS more than $0.09.</title>
<headline>Trism Inc sees Q2 EPS more than $0.09.</headline>
<dateline>KENNESAW, Ga. 1997-06-24</dateline>
<text>
<p>Trism Inc said Tuesday it expected to report an earnings profit of more than $0.09 per share in the second quarter ending June 30.</p>
<p>Trism reported a loss of $0.59 per share, including a $0.37 special charge, in the first quarter, compared with a loss of $0.38 the year before.  </p>
<p>The trucking company reported earnings of $0.09 per share in the second quarter of 1996.</p>
<p>Separately, Trism said it will close a new working capital facility shortly, upping its credit line to $45 million from $25 million.</p>
<p>The company said it will use the proceeds to repay existing working capital debts.</p>
<p>Trism stock closed at 4 Tuesday, down 1/8.</p>
</text>
<copyright>(c) Reuters Limited 1997</copyright>
<metadata>
<codes class="bip:countries:1.0">
  <code code="USA">
    <editdetail attribution="Reuters BIP Coding Group" action="confirmed" date="1997-06-24"/>
  </code>
</codes>
<codes class="bip:topics:1.0">
  <code code="C15">
    <editdetail attribution="Reuters BIP Coding Group" action="confirmed" date="1997-06-24"/>
  </code>
  <code code="C152">
    <editdetail attribution="Reuters BIP Coding Group" action="confirmed" date="1997-06-24"/>
  </code>
  <code code="CCAT">
    <editdetail attribution="Reuters BIP Coding Group" action="confirmed" date="1997-06-24"/>
  </code>
</codes>
<dc element="dc.date.created" value="1997-06-24"/>
<dc element="dc.publisher" value="Reuters Holdings Plc"/>
<dc element="dc.date.published" value="1997-06-24"/>
<dc element="dc.source" value="Reuters"/>
<dc element="dc.creator.location" value="KENNESAW, Ga."/>
<dc element="dc.creator.location.country.name" value="USA"/>
<dc element="dc.source" value="Reuters"/>
</metadata>
</newsitem>
