<?xml version="1.0" encoding="iso-8859-1" ?>
<newsitem itemid="682140" id="root" date="1997-06-24" xml:lang="en">
<title>USA: U.S. suspends proposed Japan shipping sanctions.</title>
<headline>U.S. suspends proposed Japan shipping sanctions.</headline>
<dateline>WASHINGTON 1997-06-24</dateline>
<text>
<p>The U.S. Federal Maritime Commission (FMC) said on Tuesday that it has suspended proposed sanctions against Japanese shipping companies until September 4.</p>
<p>The decision came after John Graykowski, deputy administrator of the U.S. Maritime Administration, visited Tokyo on Monday to assess progress in the the reform of port practices there that were agreed upon by the U.S. and Japanese governments in April, the commission said in a news release.  </p>
<p>The FMC proposed sanctions on November 6, 1996, against Japanese liner operators in response to restrictions on the use of Japanese ports. Those proposed sanctions included a $100,000 surcharge on Japanese shipping companies each time their vessels entered a U.S. port from abroad.</p>
<p>The suspension of sanctions will give Japan more time to resolve the port problems. Graykowski told Japanese government and shipping officials that he was concerned about &quot;very little visible progress&quot; since the April agreement, the statement said.</p>
<p>Graykowski, who was traveling with representatives of the U.S. departments of Transportation, State and Commerce, focused on the slow pace of reform in the so-called &quot;prior consultation&quot; system, which requires Japanese and foreign ocean carriers to obtain advance approval from the Japan Harbor Transportation Association (JHTA) for proposed changes in port operations.</p>
<p>&quot;Among other things, the agreement reached by the two governments established a specific framework for significantly reforming this costly, arbitrary and non-transparent system by July 31, 1997,&quot; the statement said. &quot;Mr. Graykowski stressed the need for tangible results as enumerated in the (April agreement).&quot;</p>
<p>((--Dan Trotta, Washington bureau, +202 898-8324))</p>
</text>
<copyright>(c) Reuters Limited 1997</copyright>
<metadata>
<codes class="bip:countries:1.0">
  <code code="JAP">
    <editdetail attribution="Reuters BIP Coding Group" action="confirmed" date="1997-06-24"/>
  </code>
  <code code="USA">
    <editdetail attribution="Reuters BIP Coding Group" action="confirmed" date="1997-06-24"/>
  </code>
</codes>
<codes class="bip:industries:1.0">
  <code code="I74000">
    <editdetail attribution="Reuters BIP Coding Group" action="confirmed" date="1997-06-24"/>
  </code>
  <code code="I76300">
    <editdetail attribution="Reuters BIP Coding Group" action="confirmed" date="1997-06-24"/>
  </code>
</codes>
<codes class="bip:topics:1.0">
  <code code="C13">
    <editdetail attribution="Reuters BIP Coding Group" action="confirmed" date="1997-06-24"/>
  </code>
  <code code="CCAT">
    <editdetail attribution="Reuters BIP Coding Group" action="confirmed" date="1997-06-24"/>
  </code>
  <code code="E51">
    <editdetail attribution="Reuters BIP Coding Group" action="confirmed" date="1997-06-24"/>
  </code>
  <code code="E512">
    <editdetail attribution="Reuters BIP Coding Group" action="confirmed" date="1997-06-24"/>
  </code>
  <code code="ECAT">
    <editdetail attribution="Reuters BIP Coding Group" action="confirmed" date="1997-06-24"/>
  </code>
</codes>
<dc element="dc.date.created" value="1997-06-24"/>
<dc element="dc.publisher" value="Reuters Holdings Plc"/>
<dc element="dc.date.published" value="1997-06-24"/>
<dc element="dc.source" value="Reuters"/>
<dc element="dc.creator.location" value="WASHINGTON"/>
<dc element="dc.creator.location.country.name" value="USA"/>
<dc element="dc.source" value="Reuters"/>
</metadata>
</newsitem>
