<?xml version="1.0" encoding="iso-8859-1" ?>
<newsitem itemid="682199" id="root" date="1997-06-24" xml:lang="en">
<title>USA: COMEX copper slumps to six-week low on technicals.</title>
<headline>COMEX copper slumps to six-week low on technicals.</headline>
<dateline>NEW YORK 1997-06-24</dateline>
<text>
<p>COMEX copper plunged to six-week lows midday, following a selloff on the LME, dealers said.</p>
<p>There was heavy, across-the-board selling on LME which triggered the transatlantic copper futures plunge, a broker said.</p>
<p>&quot;There is no fresh news -- this is purely technical,&quot; the broker added. &quot;COMEX did not even react (to LME selloff) until the LME kerb trading was almost completely done.&quot;</p>
<p>At 1223 EDT, July copper was down 5.20 cents at 113.00 cents a lb, traded 118.00 to 112.40 cents. September was 5.00 cents lower at 111.20 cents.</p>
<p>Spot June held its own initially but then fell to 113.00 cents, off 5.60 cents on the day.</p>
<p>LME cash to three months backwardation eased sharply to $105/$125, down from $135/$140 earlier.</p>
<p>((Huw Jones, New York Commodity Desk 212-859-1646))</p>
</text>
<copyright>(c) Reuters Limited 1997</copyright>
<metadata>
<codes class="bip:countries:1.0">
  <code code="USA">
    <editdetail attribution="Reuters BIP Coding Group" action="confirmed" date="1997-06-24"/>
  </code>
</codes>
<codes class="bip:topics:1.0">
  <code code="M14">
    <editdetail attribution="Reuters BIP Coding Group" action="confirmed" date="1997-06-24"/>
  </code>
  <code code="M142">
    <editdetail attribution="Reuters BIP Coding Group" action="confirmed" date="1997-06-24"/>
  </code>
  <code code="MCAT">
    <editdetail attribution="Reuters BIP Coding Group" action="confirmed" date="1997-06-24"/>
  </code>
</codes>
<dc element="dc.date.created" value="1997-06-24"/>
<dc element="dc.publisher" value="Reuters Holdings Plc"/>
<dc element="dc.date.published" value="1997-06-24"/>
<dc element="dc.source" value="Reuters"/>
<dc element="dc.creator.location" value="NEW YORK"/>
<dc element="dc.creator.location.country.name" value="USA"/>
<dc element="dc.source" value="Reuters"/>
</metadata>
</newsitem>
