<?xml version="1.0" encoding="iso-8859-1" ?>
<newsitem itemid="682173" id="root" date="1997-06-24" xml:lang="en">
<title>USA: Broin jury selection seen extending beyond July 4.</title>
<headline>Broin jury selection seen extending beyond July 4.</headline>
<dateline>MIAMI 1997-06-24</dateline>
<text>
<p>The judge overseeing the secondhand-smoke trial against U.S. tobacco companies on Tuesday said jury selection would likely go on until after the three-day Fourth of July weekend.</p>
<p>Questioning of potential jurors in the landmark class-action lawsuit, filed on behalf of thousands of flight attendants, is now in its fourth week.</p>
<p>By late Tuesday morning, 87 people had passed initial screening, putting them in a pool of standbys from which six jurors and 10 alternates will be selected.  </p>
<p>Dade County Circuit Court Judge Robert Kaye said in court that 125 standby jurors would be required, since each side can dismiss without explanation as many as 45 people.</p>
<p>&quot;I'll shoot for 125 people in the pool,&quot; Kaye said. The jury-selection process would last until at least July 7, he said.</p>
<p>A telephone company worker, a retired electrical engineer and a house painter were among the people placed in the standby pool on Tuesday.  </p>
<p>Testimony in the case, known as Norma Broin vs. Philip Morris Cos Inc et al. is expected to last two months or longer. Afterwards a jury will decide whether secondhand smoke on U.S. passenger flights caused sicknesses among thousands of flight attendants.</p>
<p>((--Michael Connor - 305-374-5013))</p>
</text>
<copyright>(c) Reuters Limited 1997</copyright>
<metadata>
<codes class="bip:countries:1.0">
  <code code="USA">
    <editdetail attribution="Reuters BIP Coding Group" action="confirmed" date="1997-06-24"/>
  </code>
</codes>
<codes class="bip:industries:1.0">
  <code code="I42900">
    <editdetail attribution="Reuters BIP Coding Group" action="confirmed" date="1997-06-24"/>
  </code>
</codes>
<codes class="bip:topics:1.0">
  <code code="C12">
    <editdetail attribution="Reuters BIP Coding Group" action="confirmed" date="1997-06-24"/>
  </code>
  <code code="CCAT">
    <editdetail attribution="Reuters BIP Coding Group" action="confirmed" date="1997-06-24"/>
  </code>
  <code code="GCAT">
    <editdetail attribution="Reuters BIP Coding Group" action="confirmed" date="1997-06-24"/>
  </code>
  <code code="GCRIM">
    <editdetail attribution="Reuters BIP Coding Group" action="confirmed" date="1997-06-24"/>
  </code>
</codes>
<dc element="dc.date.created" value="1997-06-24"/>
<dc element="dc.publisher" value="Reuters Holdings Plc"/>
<dc element="dc.date.published" value="1997-06-24"/>
<dc element="dc.source" value="Reuters"/>
<dc element="dc.creator.location" value="MIAMI"/>
<dc element="dc.creator.location.country.name" value="USA"/>
<dc element="dc.source" value="Reuters"/>
</metadata>
</newsitem>
