<?xml version="1.0" encoding="iso-8859-1" ?>
<newsitem itemid="682258" id="root" date="1997-06-24" xml:lang="en">
<title>ST VINCENT: CRICKET-SRI LANKA 179-3 V WEST INDIES - TEA.</title>
<headline>CRICKET-SRI LANKA 179-3 V WEST INDIES - TEA.</headline>
<dateline>KINGSTOWN, St Vincent 1997-06-24</dateline>
<text>
<p>Rain prevented any play between lunch and tea on the final day of the second and final test between West Indies and Sri Lanka on Tuesday.</p>
<p>Sri Lanka, chasing 269 runs for victory, were then 179 for three in their second innings.</p>
<p>Scores: West Indies 147 and 343, Sri Lanka 222 and 179-3 (A.De Silva 76 not out).</p>
</text>
<copyright>(c) Reuters Limited 1997</copyright>
<metadata>
<codes class="bip:countries:1.0">
  <code code="SRILAN">
    <editdetail attribution="Reuters BIP Coding Group" action="confirmed" date="1997-06-24"/>
  </code>
  <code code="SVIN">
    <editdetail attribution="Reuters BIP Coding Group" action="confirmed" date="1997-06-24"/>
  </code>
  <code code="WEIND">
    <editdetail attribution="Reuters BIP Coding Group" action="confirmed" date="1997-06-24"/>
  </code>
</codes>
<codes class="bip:topics:1.0">
  <code code="GCAT">
    <editdetail attribution="Reuters BIP Coding Group" action="confirmed" date="1997-06-24"/>
  </code>
  <code code="GSPO">
    <editdetail attribution="Reuters BIP Coding Group" action="confirmed" date="1997-06-24"/>
  </code>
</codes>
<dc element="dc.date.created" value="1997-06-24"/>
<dc element="dc.publisher" value="Reuters Holdings Plc"/>
<dc element="dc.date.published" value="1997-06-24"/>
<dc element="dc.source" value="Reuters"/>
<dc element="dc.creator.location" value="KINGSTOWN, St Vincent"/>
<dc element="dc.creator.location.country.name" value="ST VINCENT"/>
<dc element="dc.source" value="Reuters"/>
</metadata>
</newsitem>
