<?xml version="1.0" encoding="iso-8859-1" ?>
<newsitem itemid="682259" id="root" date="1997-06-24" xml:lang="en">
<title>SPAIN: CYCLING-BOARDMAN CLIMBS TO BIGGER LEAD.</title>
<headline>CYCLING-BOARDMAN CLIMBS TO BIGGER LEAD.</headline>
<dateline>PLAYA DE ARO, Spain 1997-06-24</dateline>
<text>
<p>Chris Boardman increased his lead in the Tour of Catalonia on Tuesday after showing he had the strength to stay with the climbers on the sixth stage.</p>
<p>Boardman, a time-trial specialist, finished third, just nine seconds behind winner Fernando Escartin of Spain.</p>
<p>With the other challengers wilting, Escartin moved into second place overall, one minute 36 seconds behind the British rider.</p>
<p>The 160-km stage had proved largely uneventful until the tough four-km climb to the finish.</p>
<p>Boardman, escorted by his Gan team mates, kept with the pace as a series of riders attempted to break for the line.</p>
<p>Escartin finally got clear but Boardman and Spain's Daniel Clavero were able to keep him in sight.</p>
<p>Escartin, a mountain expert, said afterwards the climb had been good preparation for Wednesday's stage.</p>
<p>The 237-km leg between Gerona and Pal, in the mountain state of Andorra, is the toughest of the race and is the last realistic chance for Boardman's challengers to deny him overall victory.</p>
<p>The stage includes three first category climbs, one at the finish.</p>
</text>
<copyright>(c) Reuters Limited 1997</copyright>
<metadata>
<codes class="bip:countries:1.0">
  <code code="SPAIN">
    <editdetail attribution="Reuters BIP Coding Group" action="confirmed" date="1997-06-24"/>
  </code>
  <code code="UK">
    <editdetail attribution="Reuters BIP Coding Group" action="confirmed" date="1997-06-24"/>
  </code>
</codes>
<codes class="bip:topics:1.0">
  <code code="GCAT">
    <editdetail attribution="Reuters BIP Coding Group" action="confirmed" date="1997-06-24"/>
  </code>
  <code code="GSPO">
    <editdetail attribution="Reuters BIP Coding Group" action="confirmed" date="1997-06-24"/>
  </code>
</codes>
<dc element="dc.date.created" value="1997-06-24"/>
<dc element="dc.publisher" value="Reuters Holdings Plc"/>
<dc element="dc.date.published" value="1997-06-24"/>
<dc element="dc.source" value="Reuters"/>
<dc element="dc.creator.location" value="PLAYA DE ARO, Spain"/>
<dc element="dc.creator.location.country.name" value="SPAIN"/>
<dc element="dc.source" value="Reuters"/>
</metadata>
</newsitem>
