<?xml version="1.0" encoding="iso-8859-1" ?>
<newsitem itemid="682212" id="root" date="1997-06-24" xml:lang="en">
<title>USA: Continental Information names CFO.</title>
<headline>Continental Information names CFO.</headline>
<dateline>SYRACUSE, N.Y. 1997-06-24</dateline>
<text>
<p>Continental Information Systems Corp said Tuesday it named Jonah Meer chief operating officer and chief financial officer.</p>
<p>Continental Information said Meer joined it from Oppenheimer &amp; Co, where he was a senior vice-president.</p>
<p>((New York Newsdesk 212 859 1610))</p>
</text>
<copyright>(c) Reuters Limited 1997</copyright>
<metadata>
<codes class="bip:countries:1.0">
  <code code="USA">
    <editdetail attribution="Reuters BIP Coding Group" action="confirmed" date="1997-06-24"/>
  </code>
</codes>
<codes class="bip:topics:1.0">
  <code code="C41">
    <editdetail attribution="Reuters BIP Coding Group" action="confirmed" date="1997-06-24"/>
  </code>
  <code code="C411">
    <editdetail attribution="Reuters BIP Coding Group" action="confirmed" date="1997-06-24"/>
  </code>
  <code code="CCAT">
    <editdetail attribution="Reuters BIP Coding Group" action="confirmed" date="1997-06-24"/>
  </code>
</codes>
<dc element="dc.date.created" value="1997-06-24"/>
<dc element="dc.publisher" value="Reuters Holdings Plc"/>
<dc element="dc.date.published" value="1997-06-24"/>
<dc element="dc.source" value="Reuters"/>
<dc element="dc.creator.location" value="SYRACUSE, N.Y."/>
<dc element="dc.creator.location.country.name" value="USA"/>
<dc element="dc.source" value="Reuters"/>
</metadata>
</newsitem>
