<?xml version="1.0" encoding="iso-8859-1" ?>
<newsitem itemid="682245" id="root" date="1997-06-24" xml:lang="en">
<title>USA: SMT Health to be bought by Apollo unit.</title>
<headline>SMT Health to be bought by Apollo unit.</headline>
<dateline>PITTSBURGH 1997-06-24</dateline>
<text>
<p>SMT Health Services Inc said Tuesday it would be acquired by Apollo Management L.P. unit Three Rivers Acquisition Corp for $11.75 per share, or $100 million including debt, stock options and warrants.</p>
<p>The deal will be structured as a cash tender offer to commence within five business days. to be followed by a merger, the diagnostic imaging company said.</p>
<p>The tender offer and merger are not subject to financing but will be subject to customary conditions, including the tender of a majority of SMT's fully diluted shares and the obtaining of any necessary regulatory and third party approvals, SMT said.</p>
</text>
<copyright>(c) Reuters Limited 1997</copyright>
<metadata>
<codes class="bip:countries:1.0">
  <code code="USA">
    <editdetail attribution="Reuters BIP Coding Group" action="confirmed" date="1997-06-24"/>
  </code>
</codes>
<codes class="bip:industries:1.0">
  <code code="I95100">
    <editdetail attribution="Reuters BIP Coding Group" action="confirmed" date="1997-06-24"/>
  </code>
</codes>
<codes class="bip:topics:1.0">
  <code code="C18">
    <editdetail attribution="Reuters BIP Coding Group" action="confirmed" date="1997-06-24"/>
  </code>
  <code code="C181">
    <editdetail attribution="Reuters BIP Coding Group" action="confirmed" date="1997-06-24"/>
  </code>
  <code code="CCAT">
    <editdetail attribution="Reuters BIP Coding Group" action="confirmed" date="1997-06-24"/>
  </code>
</codes>
<dc element="dc.date.created" value="1997-06-24"/>
<dc element="dc.publisher" value="Reuters Holdings Plc"/>
<dc element="dc.date.published" value="1997-06-24"/>
<dc element="dc.source" value="Reuters"/>
<dc element="dc.creator.location" value="PITTSBURGH"/>
<dc element="dc.creator.location.country.name" value="USA"/>
<dc element="dc.source" value="Reuters"/>
</metadata>
</newsitem>
