<?xml version="1.0" encoding="iso-8859-1" ?>
<newsitem itemid="682244" id="root" date="1997-06-24" xml:lang="en">
<title>USA: Temple-Inland sets merger exchange rate.</title>
<headline>Temple-Inland sets merger exchange rate.</headline>
<dateline>DIBOLL, Texas 1997-06-24</dateline>
<text>
<p>Temple-Inland Inc said Tuesday that based on preliminary calculations, it has established an exchage rate of 0.5037 for its acquistion of California Financial Holding Co.</p>
<p>Based on the exchange rate, the merger agreement, and the results of the elections made by the stockholders of Califirnia Financial, all undesignated shares will receive Temple-Inland common stock in the transaction.  </p>
<p>In addition, some Califonia Financial stockholders who asked for cash will receive Temple-Inland stock as a result of the merger's random selection allocation procedure, which will affect owners of about 160,000 Califonia Financial shares.</p>
<p>The transaction is scheduled to close on June 27.</p>
<p>The exchange rate is based on an average price of $59.5625 for Temple-Inland stock, the company said.</p>
<p>Temple-Inland is a manufacturer of paper, corrugated packaging and building products, with financial services operations in mortgage and consumer banking.</p>
</text>
<copyright>(c) Reuters Limited 1997</copyright>
<metadata>
<codes class="bip:countries:1.0">
  <code code="USA">
    <editdetail attribution="Reuters BIP Coding Group" action="confirmed" date="1997-06-24"/>
  </code>
</codes>
<codes class="bip:industries:1.0">
  <code code="I47100">
    <editdetail attribution="Reuters BIP Coding Group" action="confirmed" date="1997-06-24"/>
  </code>
  <code code="I81501">
    <editdetail attribution="Reuters BIP Coding Group" action="confirmed" date="1997-06-24"/>
  </code>
  <code code="I8150103">
    <editdetail attribution="Reuters BIP Coding Group" action="confirmed" date="1997-06-24"/>
  </code>
</codes>
<codes class="bip:topics:1.0">
  <code code="C18">
    <editdetail attribution="Reuters BIP Coding Group" action="confirmed" date="1997-06-24"/>
  </code>
  <code code="C181">
    <editdetail attribution="Reuters BIP Coding Group" action="confirmed" date="1997-06-24"/>
  </code>
  <code code="CCAT">
    <editdetail attribution="Reuters BIP Coding Group" action="confirmed" date="1997-06-24"/>
  </code>
</codes>
<dc element="dc.date.created" value="1997-06-24"/>
<dc element="dc.publisher" value="Reuters Holdings Plc"/>
<dc element="dc.date.published" value="1997-06-24"/>
<dc element="dc.source" value="Reuters"/>
<dc element="dc.creator.location" value="DIBOLL, Texas"/>
<dc element="dc.creator.location.country.name" value="USA"/>
<dc element="dc.source" value="Reuters"/>
</metadata>
</newsitem>
