<?xml version="1.0" encoding="iso-8859-1" ?>
<newsitem itemid="682217" id="root" date="1997-06-24" xml:lang="en">
<title>USA: Security-Connecticut holders approve merger.</title>
<headline>Security-Connecticut holders approve merger.</headline>
<dateline>MINNEAPOLIS 1997-06-24</dateline>
<text>
<p>ReliaStar Financial Corp and Security-Connecticut Corp said Tuesday Security-Connecticut shareholders voted to approve the merger of Security-Connecticut into ReliaStar.</p>
<p>At a special shareholder meeting in Avon, Connecticut, Security-Connecticut received the required number of affirmative shareholder votes to proceed with the transaction. ReliaStar said that the merger has also been approved by insurance departments in the states of New York and Connecticut.  </p>
<p>The Security-Connecticut board also said it declared a special dividend related to the merger. The dividend, $0.67 per share of Security-Connecticut common stock, is payable July 10 to shareholders of record on July 1, or immediately prior to the closing of the merger.</p>
<p>In February, ReliaStar and Security-Connecticut said the companies signed a definitive agreement to merge in a stock-for-stock transaction.</p>
<p>The final exchange ratio is based on the average closing price of ReliaStar common stock during the 20-day trading period preceding the last required approval, which was today's shareholder vote. The average price was $67.64 a share, resulting in a final exchange ratio of 0.7367 share of ReliaStar per Security-Connecticut share.</p>
<p>The two companies said they expect the merger to officially close on July 1.</p>
<p>((--Chicago newsdesk, 312-408-8787))</p>
</text>
<copyright>(c) Reuters Limited 1997</copyright>
<metadata>
<codes class="bip:countries:1.0">
  <code code="USA">
    <editdetail attribution="Reuters BIP Coding Group" action="confirmed" date="1997-06-24"/>
  </code>
</codes>
<codes class="bip:industries:1.0">
  <code code="I82002">
    <editdetail attribution="Reuters BIP Coding Group" action="confirmed" date="1997-06-24"/>
  </code>
</codes>
<codes class="bip:topics:1.0">
  <code code="C15">
    <editdetail attribution="Reuters BIP Coding Group" action="confirmed" date="1997-06-24"/>
  </code>
  <code code="C151">
    <editdetail attribution="Reuters BIP Coding Group" action="confirmed" date="1997-06-24"/>
  </code>
  <code code="C18">
    <editdetail attribution="Reuters BIP Coding Group" action="confirmed" date="1997-06-24"/>
  </code>
  <code code="C181">
    <editdetail attribution="Reuters BIP Coding Group" action="confirmed" date="1997-06-24"/>
  </code>
  <code code="CCAT">
    <editdetail attribution="Reuters BIP Coding Group" action="confirmed" date="1997-06-24"/>
  </code>
</codes>
<dc element="dc.date.created" value="1997-06-24"/>
<dc element="dc.publisher" value="Reuters Holdings Plc"/>
<dc element="dc.date.published" value="1997-06-24"/>
<dc element="dc.source" value="Reuters"/>
<dc element="dc.creator.location" value="MINNEAPOLIS"/>
<dc element="dc.creator.location.country.name" value="USA"/>
<dc element="dc.source" value="Reuters"/>
</metadata>
</newsitem>
