<?xml version="1.0" encoding="iso-8859-1" ?>
<newsitem itemid="682296" id="root" date="1997-06-24" xml:lang="en">
<title>UK: TOP ENGLISH SOCCER CLUBS MULL OWN TV SERVICE - FT.</title>
<headline>TOP ENGLISH SOCCER CLUBS MULL OWN TV SERVICE - FT.</headline>
<dateline>LONDON 1997-06-24</dateline>
<text>
<p>England's top soccer clubs have been advised to set up their own television service when a deal with satellite broadcaster BSkyB expires in 2001, the Financial Times said on Tuesday.</p>
<p>The newspaper said an interim report prepared for Premier League clubs had calculated top soccer would be worth 1.3 billion pounds ($2.2 billion) to BSkyB over the next four years, twice the 670 million pounds it was paying to show live Premiership soccer over this period.</p>
<p>The report said that if the league was to benefit fully from its popularity it should consider setting up a dedicated pay-TV service in 2001 and receive all the revenues generated by coverage of matches, instead of sharing them with BSkyB. ($ = 0.604 British Pounds)</p>
</text>
<copyright>(c) Reuters Limited 1997</copyright>
<metadata>
<codes class="bip:countries:1.0">
  <code code="UK">
    <editdetail attribution="Reuters BIP Coding Group" action="confirmed" date="1997-06-24"/>
  </code>
</codes>
<codes class="bip:topics:1.0">
  <code code="GCAT">
    <editdetail attribution="Reuters BIP Coding Group" action="confirmed" date="1997-06-24"/>
  </code>
  <code code="GSPO">
    <editdetail attribution="Reuters BIP Coding Group" action="confirmed" date="1997-06-24"/>
  </code>
</codes>
<dc element="dc.date.created" value="1997-06-24"/>
<dc element="dc.publisher" value="Reuters Holdings Plc"/>
<dc element="dc.date.published" value="1997-06-24"/>
<dc element="dc.source" value="Reuters"/>
<dc element="dc.creator.location" value="LONDON"/>
<dc element="dc.creator.location.country.name" value="UK"/>
<dc element="dc.source" value="Reuters"/>
</metadata>
</newsitem>
