<?xml version="1.0" encoding="iso-8859-1" ?>
<newsitem itemid="682239" id="root" date="1997-06-24" xml:lang="en">
<title>USA: Fed says 9-day system RP's totaled $3.010 billion.</title>
<headline>Fed says 9-day system RP's totaled $3.010 billion.</headline>
<dateline>NEW YORK 1997-06-24</dateline>
<text>
<p>The Federal Reserve said its nine-day fixed system repurchase operation on Tuesday would add $3.010 billion in temporary reserves to the banking system.</p>
<p>(( -- N.A. Treasury Desk 212-859-1660))</p>
</text>
<copyright>(c) Reuters Limited 1997</copyright>
<metadata>
<codes class="bip:countries:1.0">
  <code code="USA">
    <editdetail attribution="Reuters BIP Coding Group" action="confirmed" date="1997-06-24"/>
  </code>
</codes>
<codes class="bip:topics:1.0">
  <code code="M13">
    <editdetail attribution="Reuters BIP Coding Group" action="confirmed" date="1997-06-24"/>
  </code>
  <code code="M131">
    <editdetail attribution="Reuters BIP Coding Group" action="confirmed" date="1997-06-24"/>
  </code>
  <code code="MCAT">
    <editdetail attribution="Reuters BIP Coding Group" action="confirmed" date="1997-06-24"/>
  </code>
</codes>
<dc element="dc.date.created" value="1997-06-24"/>
<dc element="dc.publisher" value="Reuters Holdings Plc"/>
<dc element="dc.date.published" value="1997-06-24"/>
<dc element="dc.source" value="Reuters"/>
<dc element="dc.creator.location" value="NEW YORK"/>
<dc element="dc.creator.location.country.name" value="USA"/>
<dc element="dc.source" value="Reuters"/>
</metadata>
</newsitem>
