<?xml version="1.0" encoding="iso-8859-1" ?>
<newsitem itemid="682293" id="root" date="1997-06-24" xml:lang="en">
<title>UK: SOCCER-EVERTON STILL SEEKING MANAGER.</title>
<headline>SOCCER-EVERTON STILL SEEKING MANAGER.</headline>
<dateline>LIVERPOOL, England 1997-06-24</dateline>
<text>
<p>Everton are still searching for a new manager, the English premier league club said on Tuesday.</p>
<p>The club remained tight-lipped about possible successors to Joe Royle who quit three months ago and dismissed as speculation a report that Sheffield United boss Howard Kendall had been offered the job.</p>
<p>&quot;If we'd appointed someone, we wouldn't be searching. I don't know of any appointment or imminent appointment,&quot; an Everton spokesman said.</p>
<p>TV soccer pundit and former player Andy Gray declined the job on Monday, a decision that put the club back at square one in their efforts to replace Royle.</p>
<p>&quot;Following the decision of Andy Gray to turn down the opportunity to manage Everton Football Club, the board met and as a result of that meeting, the search for a new manager will continue in earnest,&quot; the spokesman said.</p>
<p>&quot;The next you will hear from Everton will be the appointment of a new manager.&quot;</p>
</text>
<copyright>(c) Reuters Limited 1997</copyright>
<metadata>
<codes class="bip:countries:1.0">
  <code code="UK">
    <editdetail attribution="Reuters BIP Coding Group" action="confirmed" date="1997-06-24"/>
  </code>
</codes>
<codes class="bip:topics:1.0">
  <code code="GCAT">
    <editdetail attribution="Reuters BIP Coding Group" action="confirmed" date="1997-06-24"/>
  </code>
  <code code="GSPO">
    <editdetail attribution="Reuters BIP Coding Group" action="confirmed" date="1997-06-24"/>
  </code>
</codes>
<dc element="dc.date.created" value="1997-06-24"/>
<dc element="dc.publisher" value="Reuters Holdings Plc"/>
<dc element="dc.date.published" value="1997-06-24"/>
<dc element="dc.source" value="Reuters"/>
<dc element="dc.creator.location" value="LIVERPOOL, England"/>
<dc element="dc.creator.location.country.name" value="UK"/>
<dc element="dc.source" value="Reuters"/>
</metadata>
</newsitem>
