<?xml version="1.0" encoding="iso-8859-1" ?>
<newsitem itemid="682252" id="root" date="1997-06-24" xml:lang="en">
<title>ST VINCENT: CRICKET-WEST INDIES V SRI LANKA SCOREBOARD.</title>
<headline>CRICKET-WEST INDIES V SRI LANKA SCOREBOARD.</headline>
<dateline>KINGSTOWN, St Vincent 1997-06-24</dateline>
<text>
<p>Scoreboard on the</p>
<p>fifth and last day of the second and final test between West</p>
<p>Indies and Sri Lanka at Arnos Vale which ended on Tuesday:</p>
<p>West Indies 1st innings 147 (C.Hooper 81; R.Pushpakumara</p>
<p>5-41)</p>
<p>Sri Lanka 1st innings 222 (S.Jayasuriya 90; C.Hooper 5-26)</p>
<p>West Indies 2nd innings 343 (B.Lara 113; M.Muralitharan</p>
<p>5-113)</p>
<p>Sri Lanka 2nd innings (overnight 97-2):</p>
<p>S.Jayasuriya b Walsh		     17</p>
<p>R.Mahanama c Browne b Bishop	   29</p>
<p>M.Atapattu b Walsh			 10</p>
<p>A.de Silva b Walsh			 78</p>
<p>A.Ranatunga not out			72</p>
<p>R.Kaluwitharana hit wkt b Walsh	 2</p>
<p>S.Ranatunga run out			 0</p>
<p>K.Dharmasena c Browne b Ambrose	 7</p>
<p>M.Muralitharan c Holder b Ambrose     0</p>
<p>S.de Silva not out			  1</p>
<p>Extras (lb-3 nb-14)			17</p>
<p>Total (for eight wickets)	     233</p>
<p>Did not bat: R.Pushpakumara.</p>
<p>Fall of wickets: 1-26 2-55 3-118 4-189 5-193 6-208 7-231</p>
<p>8-231.</p>
<p>Bowling: Ambrose 15-1-51-2 (nb7), Walsh 24-2-73-4 (nb5),</p>
<p>Rose 6-0-24-0 (nb2), Bishop 14-1-61-1, Hooper 9-3-21-0.</p>
<p>Result: match drawn.</p>
<p>First test in antigua - West Indies won by six wickets.</p>
</text>
<copyright>(c) Reuters Limited 1997</copyright>
<metadata>
<codes class="bip:countries:1.0">
  <code code="SRILAN">
    <editdetail attribution="Reuters BIP Coding Group" action="confirmed" date="1997-06-24"/>
  </code>
  <code code="SVIN">
    <editdetail attribution="Reuters BIP Coding Group" action="confirmed" date="1997-06-24"/>
  </code>
  <code code="WEIND">
    <editdetail attribution="Reuters BIP Coding Group" action="confirmed" date="1997-06-24"/>
  </code>
</codes>
<codes class="bip:topics:1.0">
  <code code="GCAT">
    <editdetail attribution="Reuters BIP Coding Group" action="confirmed" date="1997-06-24"/>
  </code>
  <code code="GSPO">
    <editdetail attribution="Reuters BIP Coding Group" action="confirmed" date="1997-06-24"/>
  </code>
</codes>
<dc element="dc.date.created" value="1997-06-24"/>
<dc element="dc.publisher" value="Reuters Holdings Plc"/>
<dc element="dc.date.published" value="1997-06-24"/>
<dc element="dc.source" value="Reuters"/>
<dc element="dc.creator.location" value="KINGSTOWN, St Vincent"/>
<dc element="dc.creator.location.country.name" value="ST VINCENT"/>
<dc element="dc.source" value="Reuters"/>
</metadata>
</newsitem>
