<?xml version="1.0" encoding="iso-8859-1" ?>
<newsitem itemid="682386" id="root" date="1997-06-24" xml:lang="en">
<title>USA: British tourist survives skydiving accident.</title>
<headline>British tourist survives skydiving accident.</headline>
<byline>Brad Liston</byline>
<dateline>ORLANDO, Florida 1997-06-24</dateline>
<text>
<p>A novice British skydiver survived a 12,000-foot (3,650-metre) drop with a failed parachute because his instructor sacrificed himself to break the young man's fall, witnesses said on Tuesday.</p>
<p>Gareth Griffith, a 21-year-old management consultant from London, fractured his spine in the jump on Sunday when his parachute did not open properly and he landed on top of his instructor, a spokeswoman at Orlando Regional Medical Centre said.</p>
<p>Griffith, a tourist making his first jump, also suffered injuries to his abdominal organs and several broken ribs. The injuries were not life threatening and he was not paralysed, she said.</p>
<p>Instructor Michael Costello, 42, of Mount Dora, Florida, was killed in the fall.</p>
<p>Witness Lee Godwin said Costello saved his student by rolling at the last moment to take the brunt of the fall.</p>
<p>&quot;An experienced skydiver's never going to lose his cool because it's not impossible to survive a fall like that,&quot; Lee Godwin said. &quot;Mike kept his cool and did what he had to save his student. That was Mike.&quot;</p>
<p>An instructor for 18 years, Costello was jumping in tandem with Griffith, a common practice for veterans jumping with novices, said Costello's business partner, Wilma Godwin.</p>
<p>After the two left their Cessna Caravan airplane, their main parachute deployed but failed to open, according to police reports. A backup parachute was deployed but also failed.</p>
<p>Lee Godwin said the chutes became entangled and the two men went into a violent tumble, which Costello corrected, leaving him on top and Griffith on the bottom.</p>
<p>Shortly before they hit, perhaps less than 100 feet (30 metres) from the ground, Costello drew in his arms and legs and rolled so that he hit the ground first with Griffith on top of him.</p>
<p>Costello was killed instantly, according to a police report. Griffith was taken by helicopter to Orlando.</p>
<p>The two were jumping into a field next to the rural airport in Umatilla, Florida, about 30 miles (48 km) northwest of Orlando. Griffith and five friends were enrolled in a two-week skydiving course, Wilma Godwin said.</p>
</text>
<copyright>(c) Reuters Limited 1997</copyright>
<metadata>
<codes class="bip:countries:1.0">
  <code code="UK">
    <editdetail attribution="Reuters BIP Coding Group" action="confirmed" date="1997-06-24"/>
  </code>
  <code code="USA">
    <editdetail attribution="Reuters BIP Coding Group" action="confirmed" date="1997-06-24"/>
  </code>
</codes>
<codes class="bip:topics:1.0">
  <code code="GCAT">
    <editdetail attribution="Reuters BIP Coding Group" action="confirmed" date="1997-06-24"/>
  </code>
  <code code="GDIS">
    <editdetail attribution="Reuters BIP Coding Group" action="confirmed" date="1997-06-24"/>
  </code>
</codes>
<dc element="dc.date.created" value="1997-06-24"/>
<dc element="dc.publisher" value="Reuters Holdings Plc"/>
<dc element="dc.date.published" value="1997-06-24"/>
<dc element="dc.source" value="Reuters"/>
<dc element="dc.creator.location" value="ORLANDO, Florida"/>
<dc element="dc.creator.location.country.name" value="USA"/>
<dc element="dc.source" value="Reuters"/>
</metadata>
</newsitem>
