<?xml version="1.0" encoding="iso-8859-1" ?>
<newsitem itemid="682379" id="root" date="1997-06-24" xml:lang="en">
<title>BELGIUM: CONGO NEIGHBOURS INVOLVED IN MASSACRES - BELGIUM.</title>
<headline>CONGO NEIGHBOURS INVOLVED IN MASSACRES - BELGIUM.</headline>
<dateline>BRUSSELS 1997-06-24</dateline>
<text>
<p>Belgium's secretary of state for development aid Reginald Moreels was quoted on Tuesday as saying the neighbours of the Democratic Republic of the Congo, formerly Zaire, might be partly to blame for massacres of refugees.</p>
<p>&quot;I think it is becoming more and more clear that neighbouring countries, and especially Rwanda, cannot be blameless in this,&quot; Moreels told Belgium's Humo magazine in an interview.</p>
<p>He said he would visit Rwanda in the near future to discuss the issue &quot;in all openness&quot;.</p>
<p>Moreels denied earlier reports that he had said that the new Congo's President Laurent Kabila was responsible for a genocide.</p>
<p>&quot;I only talked about the heavy violations of human righs in East Zaire and I expressed my concern about the fate of thousands of refugees who had no place to go to and officially disappeared from this planet,&quot; he told Humo.</p>
<p>&quot;But I have never accused Kabila of genocide.&quot;</p>
<p>Humo noted that Moreels' planned four-day trip to the Democratic Republic of the Congo, which was due to start on June 17, had been cancelled by Kabila but Moreels said he took it lightly.</p>
<p>&quot;Congolese authorities have stressed through all possible channels that I'm still welcome,&quot; he said.</p>
<p>-- Bert Lauwers, Brussels Newsroom +32 2 287 6815, Fax +32 2 230 7710</p>
</text>
<copyright>(c) Reuters Limited 1997</copyright>
<metadata>
<codes class="bip:countries:1.0">
  <code code="BELG">
    <editdetail attribution="Reuters BIP Coding Group" action="confirmed" date="1997-06-24"/>
  </code>
  <code code="RWANDA">
    <editdetail attribution="Reuters BIP Coding Group" action="confirmed" date="1997-06-24"/>
  </code>
  <code code="ZAIRE">
    <editdetail attribution="Reuters BIP Coding Group" action="confirmed" date="1997-06-24"/>
  </code>
</codes>
<codes class="bip:topics:1.0">
  <code code="GCAT">
    <editdetail attribution="Reuters BIP Coding Group" action="confirmed" date="1997-06-24"/>
  </code>
  <code code="GDIP">
    <editdetail attribution="Reuters BIP Coding Group" action="confirmed" date="1997-06-24"/>
  </code>
  <code code="GVIO">
    <editdetail attribution="Reuters BIP Coding Group" action="confirmed" date="1997-06-24"/>
  </code>
</codes>
<dc element="dc.date.created" value="1997-06-24"/>
<dc element="dc.publisher" value="Reuters Holdings Plc"/>
<dc element="dc.date.published" value="1997-06-24"/>
<dc element="dc.source" value="Reuters"/>
<dc element="dc.creator.location" value="BRUSSELS"/>
<dc element="dc.creator.location.country.name" value="BELGIUM"/>
<dc element="dc.source" value="Reuters"/>
</metadata>
</newsitem>
