<?xml version="1.0" encoding="iso-8859-1" ?>
<newsitem itemid="682312" id="root" date="1997-06-24" xml:lang="en">
<title>USA: BASEBALL-INDIANS PLACE JUSTICE AND OGEA ON DISABLED LIST.</title>
<headline>BASEBALL-INDIANS PLACE JUSTICE AND OGEA ON DISABLED LIST.</headline>
<dateline>CLEVELAND, Ohio 1997-06-24</dateline>
<text>
<p>The Cleveland Indians Tuesday were forced to place star left fielder David Justice and right handed pitcher Chad Ogea on the 15-day disabled list.</p>
<p>Justice sat out four games after hyperextending his left elbow against the Cardinals June 14 and went 1-for-9 when he tried to work his way back as a designated hitter last weekend.</p>
<p>After his weekend struggles, the Indians, who are in first place in the American League Central Division, decided to place Justice on the DL, retroactive to Monday.</p>
<p>Justice, who was acquired from Atlanta along with outfielder Marquis Grissom for Kenny Lofton in a blockbuster deal during spring training, is hitting .344 with 10 homers, 20 doubles, 34 RBI and 34 runs scored. He is second in the league to Frank Thomas with a .665 slugging percentage.</p>
<p>Ironically, the Braves were forced to place Lofton on the disabled list Monday.</p>
<p>Ogea, who suffered his fifth consecutive defeat Monday to to Minnesota, has a strained right elbow. Ogea is 0-5 in June with a 7.52 ERA.</p>
<p>Overall, he is 5-7 with a 5.56 ERA this season and has allowed 99 hits in 92.1 innings, striking out 61.</p>
</text>
<copyright>(c) Reuters Limited 1997</copyright>
<metadata>
<codes class="bip:countries:1.0">
  <code code="USA">
    <editdetail attribution="Reuters BIP Coding Group" action="confirmed" date="1997-06-24"/>
  </code>
</codes>
<codes class="bip:topics:1.0">
  <code code="GCAT">
    <editdetail attribution="Reuters BIP Coding Group" action="confirmed" date="1997-06-24"/>
  </code>
  <code code="GSPO">
    <editdetail attribution="Reuters BIP Coding Group" action="confirmed" date="1997-06-24"/>
  </code>
</codes>
<dc element="dc.date.created" value="1997-06-24"/>
<dc element="dc.publisher" value="Reuters Holdings Plc"/>
<dc element="dc.date.published" value="1997-06-24"/>
<dc element="dc.source" value="Reuters"/>
<dc element="dc.creator.location" value="CLEVELAND, Ohio"/>
<dc element="dc.creator.location.country.name" value="USA"/>
<dc element="dc.source" value="Reuters"/>
</metadata>
</newsitem>
