<?xml version="1.0" encoding="iso-8859-1" ?>
<newsitem itemid="682346" id="root" date="1997-06-24" xml:lang="en">
<title>HUNGARY: HUNGARY NOON RADIO HEADLINES - JUNE 24.</title>
<headline>HUNGARY NOON RADIO HEADLINES - JUNE 24.</headline>
<dateline>BUDAPEST 1997-06-24</dateline>
<text>
<p>These are the main headlines on Hungary's Kossuth Radio midday news. Reuters cannot vouch for their accuracy:</p>
<p>- The forint's crawling peg devaluation will be reduced to 1.0 percent on August 15 from the current monthly 1.1 percent.</p>
<p>- Junior coalition partner Free Democrats have proposed that a referendum on Hungary's NATO membership be held early next year.</p>
<p>- Budapest council will close another six downtown restaurant for illegal practices.</p>
<p>- Opposition Christian Demnocrat party President was upheld in his position by a Supreme Court decision.</p>
<p>- Gabor Horvath replaces Gabor Szentivanyi as Foreign Ministry spokesman.</p>
<p>-- Budapest newsroom +36 1 327 4040</p>
</text>
<copyright>(c) Reuters Limited 1997</copyright>
<metadata>
<codes class="bip:countries:1.0">
  <code code="HUNG">
    <editdetail attribution="Reuters BIP Coding Group" action="confirmed" date="1997-06-24"/>
  </code>
</codes>
<codes class="bip:topics:1.0">
  <code code="GCAT">
    <editdetail attribution="Reuters BIP Coding Group" action="confirmed" date="1997-06-24"/>
  </code>
</codes>
<dc element="dc.date.created" value="1997-06-24"/>
<dc element="dc.publisher" value="Reuters Holdings Plc"/>
<dc element="dc.date.published" value="1997-06-24"/>
<dc element="dc.source" value="Reuters"/>
<dc element="dc.creator.location" value="BUDAPEST"/>
<dc element="dc.creator.location.country.name" value="HUNGARY"/>
<dc element="dc.source" value="Reuters"/>
</metadata>
</newsitem>
