<?xml version="1.0" encoding="iso-8859-1" ?>
<newsitem itemid="682365" id="root" date="1997-06-24" xml:lang="en">
<title>HUNGARY: HUNGARY'S MONTHLY DEVALUATION TO DROP TO 1 PCT.</title>
<headline>HUNGARY'S MONTHLY DEVALUATION TO DROP TO 1 PCT.</headline>
<dateline>BUDAPEST 1997-06-24</dateline>
<text>
<p>Hungary's monthly crawling peg devaluator will be reduced to one percent from 1.1 percent as of August 15, Finance Minister Peter Medgyessy said on Tuesday in a report carried by the Hungarian news agency MTI.</p>
<p>No other details were available, but financial analysts had been predicting that a drop in inflation in May would encourage the government and the central bank to cut the monthly devaluation rate of the forint by 10 basis points for the second half of the year.</p>
<p>-- Budapest newsroom ++ 36 1 327 4040</p>
</text>
<copyright>(c) Reuters Limited 1997</copyright>
<metadata>
<codes class="bip:countries:1.0">
  <code code="HUNG">
    <editdetail attribution="Reuters BIP Coding Group" action="confirmed" date="1997-06-24"/>
  </code>
</codes>
<codes class="bip:topics:1.0">
  <code code="E12">
    <editdetail attribution="Reuters BIP Coding Group" action="confirmed" date="1997-06-24"/>
  </code>
  <code code="E13">
    <editdetail attribution="Reuters BIP Coding Group" action="confirmed" date="1997-06-24"/>
  </code>
  <code code="E131">
    <editdetail attribution="Reuters BIP Coding Group" action="confirmed" date="1997-06-24"/>
  </code>
  <code code="ECAT">
    <editdetail attribution="Reuters BIP Coding Group" action="confirmed" date="1997-06-24"/>
  </code>
</codes>
<dc element="dc.date.created" value="1997-06-24"/>
<dc element="dc.publisher" value="Reuters Holdings Plc"/>
<dc element="dc.date.published" value="1997-06-24"/>
<dc element="dc.source" value="Reuters"/>
<dc element="dc.creator.location" value="BUDAPEST"/>
<dc element="dc.creator.location.country.name" value="HUNGARY"/>
<dc element="dc.source" value="Reuters"/>
</metadata>
</newsitem>
