<?xml version="1.0" encoding="iso-8859-1" ?>
<newsitem itemid="682316" id="root" date="1997-06-24" xml:lang="en">
<title>USA: BASEBALL-MONDAY'S MAJOR LEAGUE RESULTS.</title>
<headline>BASEBALL-MONDAY'S MAJOR LEAGUE RESULTS.</headline>
<dateline>NEW YORK 1997-06-24</dateline>
<text>
<p>Results of Major League</p>
<p>Baseball games on Monday (home team in CAPS):</p>
<p>		American League</p>
<p> Minnesota	    7    CLEVELAND	  2</p>
<p> New York	     5    DETROIT	    2</p>
<p> Boston		 7    TORONTO	    6</p>
<p> MILWAUKEE	    5    Baltimore	  0</p>
<p> CHICAGO		7    Kansas City	6</p>
<p> Anaheim		1    TEXAS		0</p>
<p> SEATTLE		6    Oakland	    5</p>
<p>		National League</p>
<p> MONTREAL	     5    Cincinnati	 0</p>
<p> PHILADELPHIA	 9    Florida	    3</p>
<p> NEW YORK	     3    Atlanta	    2</p>
<p> Pittsburgh	   6    HOUSTON	    0</p>
<p> Chicago		3    ST LOUIS	   0</p>
<p> LOS ANGELES	  5    Colorado	   3</p>
<p> San Diego	   11    SAN FRANCISCO    6</p>
</text>
<copyright>(c) Reuters Limited 1997</copyright>
<metadata>
<codes class="bip:countries:1.0">
  <code code="CANA">
    <editdetail attribution="Reuters BIP Coding Group" action="confirmed" date="1997-06-24"/>
  </code>
  <code code="USA">
    <editdetail attribution="Reuters BIP Coding Group" action="confirmed" date="1997-06-24"/>
  </code>
</codes>
<codes class="bip:topics:1.0">
  <code code="GCAT">
    <editdetail attribution="Reuters BIP Coding Group" action="confirmed" date="1997-06-24"/>
  </code>
  <code code="GSPO">
    <editdetail attribution="Reuters BIP Coding Group" action="confirmed" date="1997-06-24"/>
  </code>
</codes>
<dc element="dc.date.created" value="1997-06-24"/>
<dc element="dc.publisher" value="Reuters Holdings Plc"/>
<dc element="dc.date.published" value="1997-06-24"/>
<dc element="dc.source" value="Reuters"/>
<dc element="dc.creator.location" value="NEW YORK"/>
<dc element="dc.creator.location.country.name" value="USA"/>
<dc element="dc.source" value="Reuters"/>
</metadata>
</newsitem>
