<?xml version="1.0" encoding="iso-8859-1" ?>
<newsitem itemid="682328" id="root" date="1997-06-24" xml:lang="en">
<title>INDIA: CRICKET-OFF-SPINNER CHAUHAN CLEARED FOR SELECTION.</title>
<headline>CRICKET-OFF-SPINNER CHAUHAN CLEARED FOR SELECTION.</headline>
<dateline>NEW DELHI 1997-06-24</dateline>
<text>
<p>Indian cricket chiefs on Tuesday lifted their two-year international ban on off-spinner Rajesh Chauhan who was suspected of throwing by the International Cricket Council (ICC).</p>
<p>India's Cricket Control Board said it had cleared Chauhan for selection for his country while authorities continued to scrutinise his technique.</p>
<p>&quot;The BCCI decided it was not fair to compel Chauhan to remain under the cloud of a suspect action till complete footage was made available (for scrutiny),&quot; said BCCI's outgoing secretary Jagmohan Dalmiya, the new ICC president.</p>
<p>Chauhan played 15 tests and 22 one-day internationals before being sidelined from selection after the home series against New Zealand in 1995. But he has never been called for throwing.</p>
<p>He has continued to perform exceptionally well in domestic competitions and was leading wicket-taker with 55 victims last season. He is now available for selection for next month's Asia Cup in Sri Lanka.</p>
<p>Chauhan's selection for international matches was put on hold by the Indian board after the ICC raised doubts about his bowling action in 1995.</p>
<p>The BCCI formed a two-member committee comprising former Indian captain Sunil Gavaskar and Kapil Dev to observe Chauhan's action and also study the video footage sent by the ICC.</p>
<p>Dev, a member of the ICC committee to review suspect bowling actions, and Gavaskar found the footage was incomplete since it did not show the complete shoulder movement and rotation of the arm.</p>
<p>Gavaskar and Dev had a close look at Chauhan's action by making him bowl in the nets in New Delhi last month but ruled that it should be scrutinised in actual match situations.</p>
<p>&quot;He has a bent-arm action and that's why we are here,&quot; Dev said while studying Chauhan's action in May.</p>
<p>The BCCI has asked the ICC to furnish additional footage and has passed on the views of Gavaskar and Dev.</p>
</text>
<copyright>(c) Reuters Limited 1997</copyright>
<metadata>
<codes class="bip:countries:1.0">
  <code code="INDIA">
    <editdetail attribution="Reuters BIP Coding Group" action="confirmed" date="1997-06-24"/>
  </code>
</codes>
<codes class="bip:topics:1.0">
  <code code="GCAT">
    <editdetail attribution="Reuters BIP Coding Group" action="confirmed" date="1997-06-24"/>
  </code>
  <code code="GSPO">
    <editdetail attribution="Reuters BIP Coding Group" action="confirmed" date="1997-06-24"/>
  </code>
</codes>
<dc element="dc.date.created" value="1997-06-24"/>
<dc element="dc.publisher" value="Reuters Holdings Plc"/>
<dc element="dc.date.published" value="1997-06-24"/>
<dc element="dc.source" value="Reuters"/>
<dc element="dc.creator.location" value="NEW DELHI"/>
<dc element="dc.creator.location.country.name" value="INDIA"/>
<dc element="dc.source" value="Reuters"/>
</metadata>
</newsitem>
