<?xml version="1.0" encoding="iso-8859-1" ?>
<newsitem itemid="682384" id="root" date="1997-06-24" xml:lang="en">
<title>UK: Hopes rise for N. Ireland talks after Blair paper.</title>
<headline>Hopes rise for N. Ireland talks after Blair paper.</headline>
<byline>Paul Mylrea</byline>
<dateline>LONDON 1997-06-24</dateline>
<text>
<p>A leading nationalist politician said on Tuesday he was hopeful of a breakthrough in Northern Irish peace talks after new Anglo-Irish proposals due to be unveiled by British Prime Minister Tony Blair on Wednesday.</p>
<p>John Hume, leader of the Social Democratic and Labour Party (SDLP), told reporters: &quot;I think a real and historic opportunity now exists to take the gun out of Irish politics for ever and he (Blair) has clearly opened the door to lasting peace.&quot;</p>
<p>Hume was speaking after being briefed by Blair on the proposals designed to enable the Irish Republican Army (IRA) to call a ceasefire, allowing its political wing, Sinn Fein, to join stalled all-party talks on the province's future.</p>
<p>The key point of the proposals is &quot;parallel decommissioning&quot; -- peace talks jargon meaning the IRA would start to give up its huge cache of arms as the talks proceeded.</p>
<p>Under the previous Conservative government, defeated by Blair's Labour party in a May 1 election landslide, Britain insisted on a renewed IRA ceasefire and at least a start on the handover of weapons before Sinn Fein could join in talks.</p>
<p>But Blair hopes that by making lighter demands he can persuade the IRA to resume a ceasefire they abandoned in February of last year and commit themselves to political methods to work towards their goal of a united Ireland.</p>
<p>The IRA, backed by some Catholics, has waged guerrilla war since 1969 to end British rule in Northern Ireland and merge it with the Irish Republic. Northern Ireland's Protestant majority favours continued union with Britain.</p>
<p>Hume's reaction came after his political opponents, the leaders of the main pro-British unionist party in Northern Ireland, indicated they also might agree to the new proposals.</p>
<p>David Trimble, leader of the Ulster Unionists, Northern Ireland's main Protestant party, his deputy John Taylor and senior MP Ken Maginnis met Blair on Tuesday morning.</p>
<p>When he emerged from Blair's Downing Street office Trimble said parallel decommissioning was not his party's &quot;first preference&quot;. But he said: &quot;We indicated that we could go along...provided of course that that is what actually happened.&quot;</p>
<p>Neither Hume nor Trimble were shown the 12-page document which Blair has agreed with Irish Prime Minister John Bruton as the basis for a drive to get the talks moving.</p>
<p>Speaking on Irish radio, Sinn Fein leader Gerry Adams said he had also not seen it &quot;When we do see them, Sinn Fein will study very carefully the proposals,&quot; he said. But Ian Paisley, leader of the smaller, hardline Democratic Unionist Party, accused London and Dublin of having &quot;given in to the IRA&quot; and said his party might quit the all-party talks.</p>
<p>The document was expected to be presented at peace talks on Tuesday. But Blair was forced to soothe feelings in Tuesday's talks with the Northern Irish party leaders after Bruton said in a television interview the proposals had been agreed.</p>
<p>Bruton, in New York with Blair on Monday for a United Nations environment summit, said the agreement would create conditions for rapid movement in the multi-party talks.</p>
<p>But Blair backtracked, saying: &quot;I think it's possible that we have the basis of a way forward. But of course this has got to be agreed with all the other parties.&quot;</p>
<p>Blair, who is now due to unveil the proposals in a statement to parliament on Wednesday, said all possible clarification had now been provided to Sinn Fein, which now had to choose between the political path and violence.</p>
<p>The &quot;troubles&quot; in Northern Ireland careful represent one of the world's longest-running guerrilla conflicts, claiming the lives of more than 3,200 people over the last 28 years.</p>
</text>
<copyright>(c) Reuters Limited 1997</copyright>
<metadata>
<codes class="bip:countries:1.0">
  <code code="IRE">
    <editdetail attribution="Reuters BIP Coding Group" action="confirmed" date="1997-06-24"/>
  </code>
  <code code="UK">
    <editdetail attribution="Reuters BIP Coding Group" action="confirmed" date="1997-06-24"/>
  </code>
</codes>
<codes class="bip:topics:1.0">
  <code code="GCAT">
    <editdetail attribution="Reuters BIP Coding Group" action="confirmed" date="1997-06-24"/>
  </code>
  <code code="GDIP">
    <editdetail attribution="Reuters BIP Coding Group" action="confirmed" date="1997-06-24"/>
  </code>
  <code code="GPOL">
    <editdetail attribution="Reuters BIP Coding Group" action="confirmed" date="1997-06-24"/>
  </code>
  <code code="GVIO">
    <editdetail attribution="Reuters BIP Coding Group" action="confirmed" date="1997-06-24"/>
  </code>
</codes>
<dc element="dc.date.created" value="1997-06-24"/>
<dc element="dc.publisher" value="Reuters Holdings Plc"/>
<dc element="dc.date.published" value="1997-06-24"/>
<dc element="dc.source" value="Reuters"/>
<dc element="dc.creator.location" value="LONDON"/>
<dc element="dc.creator.location.country.name" value="UK"/>
<dc element="dc.source" value="Reuters"/>
</metadata>
</newsitem>
