<?xml version="1.0" encoding="iso-8859-1" ?>
<newsitem itemid="682334" id="root" date="1997-06-24" xml:lang="en">
<title>MOZAMBIQUE: GENCOR APPROVES GIANT MOZAMBIQUE ALUMINIUM SMELTER.</title>
<headline>GENCOR APPROVES GIANT MOZAMBIQUE ALUMINIUM SMELTER.</headline>
<dateline>MAPUTO 1997-06-24</dateline>
<text>
<p>South Africa's Gencor Ltd said on Tuesday it had decided to invest in a 245,000-tonne-a-year primary aluminium smelter in southern Mozambique.</p>
<p>&quot;Gencor will invest $125 million in the project subject to the securing of international equity investment from suitable partners by the end of 1997,&quot; Gencor said in a statement.</p>
<p>&quot;The Gencor decision follows on the approval in-principle decision taken by South Africa's Industrial Development Corporation board to invest a like amount of $125 million.&quot;</p>
<p>The project marks by far the largest private sector investment in Mozambqiue to date.  </p>
<p>Gencor and the IDC will take up 50 percent of the equity in the Mozal venture. The remaining $250 million of equity capital will be sourced from international partners with the Mozambican government providing &quot;its full support&quot;. A similar amount as that raised in equity will be raised in debt.</p>
<p>Gencor chairman Brian Gilbertson said:</p>
<p>&quot;We are delighted to be able to give the green light for the Mozal smelter. It means that an investment of more than five billion rands ($1.1 billion) will flow into the Mozambican and South African economies with the potential to establish a very solid base of ongoing hard currency earnings in southern Africa.&quot;</p>
<p>The South African mining house added that the project was viable because of a long-term competitive power price offered by South Afican utility Eskom with EDM, the Mozambique Electricity Supply Authority, and the granting of free zone status to to the project by the Mozambican government.</p>
<p>($=4.5 rand)</p>
</text>
<copyright>(c) Reuters Limited 1997</copyright>
<metadata>
<codes class="bip:countries:1.0">
  <code code="MOZAM">
    <editdetail attribution="Reuters BIP Coding Group" action="confirmed" date="1997-06-24"/>
  </code>
  <code code="SAFR">
    <editdetail attribution="Reuters BIP Coding Group" action="confirmed" date="1997-06-24"/>
  </code>
</codes>
<codes class="bip:industries:1.0">
  <code code="I16100">
    <editdetail attribution="Reuters BIP Coding Group" action="confirmed" date="1997-06-24"/>
  </code>
  <code code="I22450">
    <editdetail attribution="Reuters BIP Coding Group" action="confirmed" date="1997-06-24"/>
  </code>
  <code code="I81502">
    <editdetail attribution="Reuters BIP Coding Group" action="confirmed" date="1997-06-24"/>
  </code>
  <code code="I8150203">
    <editdetail attribution="Reuters BIP Coding Group" action="confirmed" date="1997-06-24"/>
  </code>
  <code code="I83960">
    <editdetail attribution="Reuters BIP Coding Group" action="confirmed" date="1997-06-24"/>
  </code>
</codes>
<codes class="bip:topics:1.0">
  <code code="C11">
    <editdetail attribution="Reuters BIP Coding Group" action="confirmed" date="1997-06-24"/>
  </code>
  <code code="C24">
    <editdetail attribution="Reuters BIP Coding Group" action="confirmed" date="1997-06-24"/>
  </code>
  <code code="CCAT">
    <editdetail attribution="Reuters BIP Coding Group" action="confirmed" date="1997-06-24"/>
  </code>
</codes>
<dc element="dc.date.created" value="1997-06-24"/>
<dc element="dc.publisher" value="Reuters Holdings Plc"/>
<dc element="dc.date.published" value="1997-06-24"/>
<dc element="dc.source" value="Reuters"/>
<dc element="dc.creator.location" value="MAPUTO"/>
<dc element="dc.creator.location.country.name" value="MOZAMBIQUE"/>
<dc element="dc.source" value="Reuters"/>
</metadata>
</newsitem>
