<?xml version="1.0" encoding="iso-8859-1" ?>
<newsitem itemid="682309" id="root" date="1997-06-24" xml:lang="en">
<title>KUWAIT: ATHLETICS-KUWAIT THREATENS PARTIAL ARAB GAMES BOYCOTT.</title>
<headline>ATHLETICS-KUWAIT THREATENS PARTIAL ARAB GAMES BOYCOTT.</headline>
<dateline>KUWAIT 1997-06-24</dateline>
<text>
<p>Kuwait have threatened to boycott any events in next month's Pan Arab Games in Beirut involving competitors from its former occupier Iraq, newspaper reports said on Tuesday.</p>
<p>The al-Seyassah newspaper said Sheikh Ahmad al-Fahd al-Ahmad al-Sabah, chairman of the Kuwait Olympic Committee, announced Kuwait's &quot;intention to withdraw&quot; from any event involving an Iraqi athlete.</p>
<p>&quot;Kuwait's team would be present at the opening ceremony where players will carry pictures of Kuwait POWs (prisoners of war) held at Iraqi prisons,&quot; he said.</p>
<p>Iraq and Kuwait are among 20 countries taking part in the July 12-27 event.</p>
<p>Kuwait says Iraq, which invaded the Gulf Arab state in 1990 and occupied it for seven months, still holds some 600 Kuwaitis. Iraq denies this.</p>
<p>In Beirut, Games organisers said they hoped Kuwait would not be caused any embarrassment by Iraq's participation.</p>
<p>Zeid Khyami, a director-general at the sports ministry in charge of organising the games, said: &quot;We will handle the issue in the interest of Kuwait.</p>
<p>&quot;We want Kuwait to participate in the games in a manner that will preserve Kuwaiti dignity, the dignity of the games and the success of the event,&quot; he added.</p>
<p>Lebanon has no diplomatic relations with Iraq but has close ties with Kuwait.</p>
<p>Kuwait and Saudi Arabia have contributed substantially to the $50 million cost of building the 50,000-seat Beirut stadium at which many of the Pan Arab Games' events will be held.</p>
<p>The two countries have also contributed financially to many other Lebanese reconstruction projects.</p>
</text>
<copyright>(c) Reuters Limited 1997</copyright>
<metadata>
<codes class="bip:countries:1.0">
  <code code="IRAQ">
    <editdetail attribution="Reuters BIP Coding Group" action="confirmed" date="1997-06-24"/>
  </code>
  <code code="KUWAIT">
    <editdetail attribution="Reuters BIP Coding Group" action="confirmed" date="1997-06-24"/>
  </code>
  <code code="LEBAN">
    <editdetail attribution="Reuters BIP Coding Group" action="confirmed" date="1997-06-24"/>
  </code>
</codes>
<codes class="bip:topics:1.0">
  <code code="GCAT">
    <editdetail attribution="Reuters BIP Coding Group" action="confirmed" date="1997-06-24"/>
  </code>
  <code code="GSPO">
    <editdetail attribution="Reuters BIP Coding Group" action="confirmed" date="1997-06-24"/>
  </code>
</codes>
<dc element="dc.date.created" value="1997-06-24"/>
<dc element="dc.publisher" value="Reuters Holdings Plc"/>
<dc element="dc.date.published" value="1997-06-24"/>
<dc element="dc.source" value="Reuters"/>
<dc element="dc.creator.location" value="KUWAIT"/>
<dc element="dc.creator.location.country.name" value="KUWAIT"/>
<dc element="dc.source" value="Reuters"/>
</metadata>
</newsitem>
