<?xml version="1.0" encoding="iso-8859-1" ?>
<newsitem itemid="682326" id="root" date="1997-06-24" xml:lang="en">
<title>NETHERLANDS: SOCCER-FAN LEAVES DUTCH CLUB LIFE'S SAVINGS.</title>
<headline>SOCCER-FAN LEAVES DUTCH CLUB LIFE'S SAVINGS.</headline>
<dateline>ROTTERDAM 1997-06-24</dateline>
<text>
<p>Homesick Alie Naafs bequeathed Dutch side Twente Enschede her life's savings, Dutch newspaper Algemeen Dagblad reported on Tuesday.</p>
<p>Naafs, who died in April aged 88, left the first division club 15,000 guilders ($7,800).</p>
<p>A resident of Wolvega in northern Netherlands, she missed her birthplace of Enschede and followed Twente closely, although she never attended a match.</p>
</text>
<copyright>(c) Reuters Limited 1997</copyright>
<metadata>
<codes class="bip:countries:1.0">
  <code code="NETH">
    <editdetail attribution="Reuters BIP Coding Group" action="confirmed" date="1997-06-24"/>
  </code>
</codes>
<codes class="bip:topics:1.0">
  <code code="GCAT">
    <editdetail attribution="Reuters BIP Coding Group" action="confirmed" date="1997-06-24"/>
  </code>
  <code code="GSPO">
    <editdetail attribution="Reuters BIP Coding Group" action="confirmed" date="1997-06-24"/>
  </code>
</codes>
<dc element="dc.date.created" value="1997-06-24"/>
<dc element="dc.publisher" value="Reuters Holdings Plc"/>
<dc element="dc.date.published" value="1997-06-24"/>
<dc element="dc.source" value="Reuters"/>
<dc element="dc.creator.location" value="ROTTERDAM"/>
<dc element="dc.creator.location.country.name" value="NETHERLANDS"/>
<dc element="dc.source" value="Reuters"/>
</metadata>
</newsitem>
