<?xml version="1.0" encoding="iso-8859-1" ?>
<newsitem itemid="682370" id="root" date="1997-06-24" xml:lang="en">
<title>LITHUANIA: GVT TO DECIDE STATE'S BALTIC SHIPYARD STAKE.</title>
<headline>GVT TO DECIDE STATE'S BALTIC SHIPYARD STAKE.</headline>
<dateline>VILNIUS 1997-06-24</dateline>
<text>
<p>The Lithuanian government said on Tuesday that it will consider an offer by Danish AP Moller to acquire the remaining state-owned shares of Baltic Shipyard in its regular cabinet meeting on Wednesday.</p>
<p>&quot;The Danish company submitted a written offer to the government to acquire the 16 percent state-owned stake in Baltic Shipyard and named the price they are going to pay for it,&quot; Euro-minister Laima Andrikiene told a news conference.</p>
<p>&quot;They offer considerably more than the current price of the company's shares on the bourse,&quot; she added.</p>
<p>The Baltic Shipyard was quoted at 8 litas per share on Monday on Vilnius bourse.</p>
<p>&quot;Tomorrow the government has to take one or another decision,&quot; Andrikiene said.</p>
<p>Danish Odense, part of AP Moller, acquired more than 40 percent of Baltic Shipyard in the spring, and the shareholders of the company decided to double the 34.59 million litas share capital.</p>
<p>The state has not used its priority right to buy new shares, and its stake in the company has decreased to 16 percent from 32 percent.</p>
<p>The Baltic Shipyard is a group A company on the Vilnius bourse.</p>
<p>-- Andrius Vilkancas, Vilnius newsroom +370 2 22 35 17</p>
</text>
<copyright>(c) Reuters Limited 1997</copyright>
<metadata>
<codes class="bip:countries:1.0">
  <code code="DEN">
    <editdetail attribution="Reuters BIP Coding Group" action="confirmed" date="1997-06-24"/>
  </code>
  <code code="LITH">
    <editdetail attribution="Reuters BIP Coding Group" action="confirmed" date="1997-06-24"/>
  </code>
</codes>
<codes class="bip:industries:1.0">
  <code code="I36101">
    <editdetail attribution="Reuters BIP Coding Group" action="confirmed" date="1997-06-24"/>
  </code>
  <code code="I74000">
    <editdetail attribution="Reuters BIP Coding Group" action="confirmed" date="1997-06-24"/>
  </code>
</codes>
<codes class="bip:topics:1.0">
  <code code="C18">
    <editdetail attribution="Reuters BIP Coding Group" action="confirmed" date="1997-06-24"/>
  </code>
  <code code="C181">
    <editdetail attribution="Reuters BIP Coding Group" action="confirmed" date="1997-06-24"/>
  </code>
  <code code="C183">
    <editdetail attribution="Reuters BIP Coding Group" action="confirmed" date="1997-06-24"/>
  </code>
  <code code="CCAT">
    <editdetail attribution="Reuters BIP Coding Group" action="confirmed" date="1997-06-24"/>
  </code>
</codes>
<dc element="dc.date.created" value="1997-06-24"/>
<dc element="dc.publisher" value="Reuters Holdings Plc"/>
<dc element="dc.date.published" value="1997-06-24"/>
<dc element="dc.source" value="Reuters"/>
<dc element="dc.creator.location" value="VILNIUS"/>
<dc element="dc.creator.location.country.name" value="LITHUANIA"/>
<dc element="dc.source" value="Reuters"/>
</metadata>
</newsitem>
