<?xml version="1.0" encoding="iso-8859-1" ?>
<newsitem itemid="682478" id="root" date="1997-06-24" xml:lang="en">
<title>UK: Tennis-Philippousis in deep trouble against Rusedski.</title>
<headline>Tennis-Philippousis in deep trouble against Rusedski.</headline>
<byline>Clare Lovell</byline>
<dateline>LONDON 1997-06-23</dateline>
<text>
<p>A booming battle between the two fastest servers yet recorded in tennis was suspended in the Wimbledon gloom on Monday with Greg Rusedski looking for the first upset of the championships.</p>
<p>The unseeded 23-year-old was likely to enjoy the more peaceful night's sleep after going 7-6 7-6 and 3-1 up against seventh-seeded Australian Mark Philippoussis.</p>
<p>Rusedski, buoyed by vociferous support from the Centre Court crowd, had held his nerve and his serve against the 20-year-old Philippoussis, who holds the record for the fastest monitored serve at 229 kph.</p>
<p>The Canadian-born Briton, whose own serve has hit more than 225 kph, looked impenetrable and it was not until the ninth game that Philippoussis earned a point against his serve.</p>
<p>Philippoussis, ranked 13th in the world to Rusedski's 27, looked fragile, made several volleying errors and struggled to save four break points and three set points, before putting a volley wide to hand Rusedski the first set tie-break 8-6.</p>
<p>The second set also went entirely with serve and the young Australian had his best chance with four set points at 6-2 in the tie-break.</p>
<p>But as night fell his nerve broke. He misjudged and left a Rusedski return which bounced well within the court to surrender the first point. He then returned to the net and wide on Rusedski's two serves.</p>
<p>But serving again for the set he double faulted twice and then put a forehand into the net for another 8-6 scoreline.</p>
<p>A double fault at 2-1 down in the third set put Rusedski in total command.</p>
<p>Both men came to the match well-prepared for grass -- Philippoussis had beaten Goran Ivanisevic to win at Queen's eight days ago and Rusedski won the Nottingham grass court tournament on Sunday.</p>
<p>But on the lush Wimbledon grass, slippery despite the covers to protect it from recent torrential rain, it was Rusedski who showed the greater touch and determination.</p>
</text>
<copyright>(c) Reuters Limited 1997</copyright>
<metadata>
<codes class="bip:countries:1.0">
  <code code="AUSTR">
    <editdetail attribution="Reuters BIP Coding Group" action="confirmed" date="1997-06-24"/>
  </code>
  <code code="UK">
    <editdetail attribution="Reuters BIP Coding Group" action="confirmed" date="1997-06-24"/>
  </code>
</codes>
<codes class="bip:topics:1.0">
  <code code="GCAT">
    <editdetail attribution="Reuters BIP Coding Group" action="confirmed" date="1997-06-24"/>
  </code>
  <code code="GSPO">
    <editdetail attribution="Reuters BIP Coding Group" action="confirmed" date="1997-06-24"/>
  </code>
</codes>
<dc element="dc.date.created" value="1997-06-23"/>
<dc element="dc.publisher" value="Reuters Holdings Plc"/>
<dc element="dc.date.published" value="1997-06-24"/>
<dc element="dc.source" value="Reuters"/>
<dc element="dc.creator.location" value="LONDON"/>
<dc element="dc.creator.location.country.name" value="UK"/>
<dc element="dc.source" value="Reuters"/>
</metadata>
</newsitem>
