<?xml version="1.0" encoding="iso-8859-1" ?>
<newsitem itemid="682454" id="root" date="1997-06-24" xml:lang="en">
<title>UK: IPE natgas bounces off lows as next year nudges up.</title>
<headline>IPE natgas bounces off lows as next year nudges up.</headline>
<dateline>LONDON 1997-06-24</dateline>
<text>
<p>IPE natural gas futures continued to strengthen on Tuesday afternoon, with January, February and April next year all trading at higher prices.</p>
<p>The deals in January and February, for 25 lots each at 17.15 pence a therm, were done together seven minutes before the close of the afternoon session. They showed increases of 0.15 pence and 0.14 pence a therm respectively from Monday's settlement level.</p>
<p>And April was done slightly later at 11.35 pence, also for 25 lots, an increase of 0.15 pence from the previous settlement.</p>
<p>These deals followed a single trade in the morning for July at 9.35 pence, up by 0.10 pence a therm.</p>
<p>The four deals totalled 85 lots traded, compared with 55 lots on Monday.</p>
<p>Prices have generally tracked the physical market recently, falling on Friday and again on Monday before bouncing back on Tuesday.</p>
<p>Bids and offers straddled the previous settlement level in all months where both were posted, and there was a wide gap between the two in some months.</p>
<p>-- London Newsroom, +44 171 542 6412</p>
</text>
<copyright>(c) Reuters Limited 1997</copyright>
<metadata>
<codes class="bip:countries:1.0">
  <code code="UK">
    <editdetail attribution="Reuters BIP Coding Group" action="confirmed" date="1997-06-24"/>
  </code>
</codes>
<codes class="bip:topics:1.0">
  <code code="M14">
    <editdetail attribution="Reuters BIP Coding Group" action="confirmed" date="1997-06-24"/>
  </code>
  <code code="M143">
    <editdetail attribution="Reuters BIP Coding Group" action="confirmed" date="1997-06-24"/>
  </code>
  <code code="MCAT">
    <editdetail attribution="Reuters BIP Coding Group" action="confirmed" date="1997-06-24"/>
  </code>
</codes>
<dc element="dc.date.created" value="1997-06-24"/>
<dc element="dc.publisher" value="Reuters Holdings Plc"/>
<dc element="dc.date.published" value="1997-06-24"/>
<dc element="dc.source" value="Reuters"/>
<dc element="dc.creator.location" value="LONDON"/>
<dc element="dc.creator.location.country.name" value="UK"/>
<dc element="dc.source" value="Reuters"/>
</metadata>
</newsitem>
