<?xml version="1.0" encoding="iso-8859-1" ?>
<newsitem itemid="682464" id="root" date="1997-06-24" xml:lang="en">
<title>UK: Saint Gobain sets $50 mln five-year FRN.</title>
<headline>Saint Gobain sets $50 mln five-year FRN.</headline>
<dateline>LONDON 1997-06-24</dateline>
<text>
<p>The following floating-rate issue was announced by lead manager Lehman Brothers.</p>
<p> BORROWER   COMPAGNIE DE SAINT GOBAIN</p>
<p> AMT    $50 MLN	 BASE	 3M-LIBOR  MATURITY	 JUL.02</p>
<p> TYPE	 FRN	 MARGIN     +10 BP    PAY DATE    03.JUL.97</p>
<p> ISS PRICE  99.955    LISTING    NEW YORK</p>
<p> NOTES	ISSUED OFF AN MTN PROGRAMME.</p>
<p>-- London Newsroom +44 171 542 8863</p>
</text>
<copyright>(c) Reuters Limited 1997</copyright>
<metadata>
<codes class="bip:countries:1.0">
  <code code="FRA">
    <editdetail attribution="Reuters BIP Coding Group" action="confirmed" date="1997-06-24"/>
  </code>
  <code code="UK">
    <editdetail attribution="Reuters BIP Coding Group" action="confirmed" date="1997-06-24"/>
  </code>
</codes>
<codes class="bip:industries:1.0">
  <code code="I24700">
    <editdetail attribution="Reuters BIP Coding Group" action="confirmed" date="1997-06-24"/>
  </code>
</codes>
<codes class="bip:topics:1.0">
  <code code="C17">
    <editdetail attribution="Reuters BIP Coding Group" action="confirmed" date="1997-06-24"/>
  </code>
  <code code="C172">
    <editdetail attribution="Reuters BIP Coding Group" action="confirmed" date="1997-06-24"/>
  </code>
  <code code="CCAT">
    <editdetail attribution="Reuters BIP Coding Group" action="confirmed" date="1997-06-24"/>
  </code>
</codes>
<dc element="dc.date.created" value="1997-06-24"/>
<dc element="dc.publisher" value="Reuters Holdings Plc"/>
<dc element="dc.date.published" value="1997-06-24"/>
<dc element="dc.source" value="Reuters"/>
<dc element="dc.creator.location" value="LONDON"/>
<dc element="dc.creator.location.country.name" value="UK"/>
<dc element="dc.source" value="Reuters"/>
</metadata>
</newsitem>
