<?xml version="1.0" encoding="iso-8859-1" ?>
<newsitem itemid="682415" id="root" date="1997-06-24" xml:lang="en">
<title>UK: FOCUS - Cocoa prices power higher, coffee sags.</title>
<headline>FOCUS - Cocoa prices power higher, coffee sags.</headline>
<byline>Scott McCormack</byline>
<dateline>LONDON 1997-06-24</dateline>
<text>
<p>Speculative fever continued to grip world cocoa prices on Tuesday, driving them to fresh eight-year highs in New York as the market fed off a strong fundamental picture and an even stronger technical outlook.</p>
<p>&quot;The buying is feeding on itself,&quot; one trader in London said of the current two-day rally, which began after a smaller-than-expected reported rise in net speculative long positions in New York.</p>
<p>The market had been bracing for a strong sell-off if the figures had come in above forecast. Large fund buying led the charge in New York on Monday amid bullish technical indicators and reflecting the possibility of a lower 1997/98 crop.</p>
<p>On the Coffee, Sugar and Cocoa Exchange in New York cocoa traded as high as $1,722 a tonne on Tuesday on the September contract before settling back to $1,703 a tonne. London's September contract closed up $11 at $1,141 a tonne.</p>
<p>The latest rally has propelled the price up some 15 percent since early June, fuelled by preliminary crop forecasts out of the Ivory Coast, the world's largest producer, which have pointed to a reduced 1997/98 harvest.</p>
<p>Talk of output being hit by dry weather from a developing El Nino weather pattern has also aided the run up, although some traders caution that it is still too early to predict a crop shortage next season.</p>
<p>Coffee, on the other hand, continued its recent slump after coming under pressure on Monday from a private forecast that predicted Brazil's 1997/98 harvest to be well above the country's estimate.</p>
<p>Continuing mild weather in Brazil's coffee belt also dampened sentiment as June and July are the main damaging frost months. The latest forecasts show no harmful cold there over the next week. London robusta coffee futures ended the day down $30 on the September contract at $1,815 per tonne.</p>
<p>Elsewhere in the commodity markets, copper suffered a further fall on speculative liquidation as signs that the tight supply situation was easing. Zinc reversed much of Monday's run-up to slip below the $1,400 a tonne level.</p>
<p>In precious metals, gold traded sideways after the mild boost it received from comments by the Japanese Prime Minister that his country had considered selling U.S. Treasuries and buying gold fizzled.</p>
<p>Traders said the long-term outlook remained negative. Bullion ended the day in London at $338.75 ounce versus $338.45 on Monday.</p>
<p>Crude oil climbed slightly on follow-through strength from Monday although dealers reported little concern about the on-going OPEC meeting in Vienna, where the current output quota of 25.03 million barrels per day is expected to be rolled over.</p>
<p>Renewed tensions between the United Nations and Iraq have provided a bullish backdrop for oil and helped push prices through important technical resistance levels at around $18.00 a barrel.</p>
<p>Bellwether London Brent for August delivery was up three cents at $18.02.</p>
<p>Some key prices at 1615 GMT.</p>
<p>						    Tuesday    Monday</p>
<p>Ldn Spot Gold($ per ounce)		   338.75    338.45</p>
<p>IPE Brent Crude Oil (Aug)		     18.01     17.98</p>
<p>London Metal Exchange (3 mths delivery)</p>
<p> Copper ($ per tonne)			2,437.00  2,511.00</p>
<p> Aluminium ($ per tonne)		   1,577.00  1,590.00</p>
<p>LIFFE Robusta Coffee ($/tonne) (Sep)   1,815.00  1,845.00</p>
<p>Cocoa (Stg/tonne) (Sep)		    1,141.00  1,130.00</p>
<p>White Sugar ($/tonne Aug)		    316.40    319.10</p>
<p>Chicago Board of Trade Wheat Jul($/bushel) 3.33	3.30</p>
</text>
<copyright>(c) Reuters Limited 1997</copyright>
<metadata>
<codes class="bip:countries:1.0">
  <code code="UK">
    <editdetail attribution="Reuters BIP Coding Group" action="confirmed" date="1997-06-24"/>
  </code>
</codes>
<codes class="bip:topics:1.0">
  <code code="M14">
    <editdetail attribution="Reuters BIP Coding Group" action="confirmed" date="1997-06-24"/>
  </code>
  <code code="M141">
    <editdetail attribution="Reuters BIP Coding Group" action="confirmed" date="1997-06-24"/>
  </code>
  <code code="M142">
    <editdetail attribution="Reuters BIP Coding Group" action="confirmed" date="1997-06-24"/>
  </code>
  <code code="M143">
    <editdetail attribution="Reuters BIP Coding Group" action="confirmed" date="1997-06-24"/>
  </code>
  <code code="MCAT">
    <editdetail attribution="Reuters BIP Coding Group" action="confirmed" date="1997-06-24"/>
  </code>
</codes>
<dc element="dc.date.created" value="1997-06-24"/>
<dc element="dc.publisher" value="Reuters Holdings Plc"/>
<dc element="dc.date.published" value="1997-06-24"/>
<dc element="dc.source" value="Reuters"/>
<dc element="dc.creator.location" value="LONDON"/>
<dc element="dc.creator.location.country.name" value="UK"/>
<dc element="dc.source" value="Reuters"/>
</metadata>
</newsitem>
