<?xml version="1.0" encoding="iso-8859-1" ?>
<newsitem itemid="682428" id="root" date="1997-06-24" xml:lang="en">
<title>UK: LIFFE coffee holds losses in sluggish trade.</title>
<headline>LIFFE coffee holds losses in sluggish trade.</headline>
<dateline>LONDON 1997-06-24</dateline>
<text>
<p>Robusta coffee futures held early losses by the close on Tuesday in sluggish trade dominated by jobbers.</p>
<p>Traders said volume was also far from impressive with just 3,355 lots, mainly switch trades, changing hands.</p>
<p>&quot;The market is probably taking a breather,&quot; said one. The market's activity was also curtailed as funds and specs shifted from coffee, once the hot soft-commodity, to cocoa futures.</p>
<p>Cocoa has risen by 15 percent since early this month to one-year high on encouraging technical picture and concerns over longer-term weather-related supply situation.</p>
<p>LIFFE's September coffee fell to a low of $1,790 a tonne before recovering to end $30 lower at $1,815. July was also $28 easier at $1,795.</p>
<p>Volume was a paltry 3,335 lots.</p>
<p>Switches were again active, partly reflecting concerns over the high failure rate for coffee that are graded in London.</p>
<p>July/Sept and Sept/Nov switches were traded at $15-$20 and Nov/Jan $34.</p>
<p>So far this month, only 27 percent passed the grading and traders attributed this to the new grading rules implemented from the July contract onwards.</p>
<p>-- Jalil Hamid, London Newsroom +44 171 542 4985</p>
</text>
<copyright>(c) Reuters Limited 1997</copyright>
<metadata>
<codes class="bip:countries:1.0">
  <code code="UK">
    <editdetail attribution="Reuters BIP Coding Group" action="confirmed" date="1997-06-24"/>
  </code>
</codes>
<codes class="bip:topics:1.0">
  <code code="M14">
    <editdetail attribution="Reuters BIP Coding Group" action="confirmed" date="1997-06-24"/>
  </code>
  <code code="M141">
    <editdetail attribution="Reuters BIP Coding Group" action="confirmed" date="1997-06-24"/>
  </code>
  <code code="MCAT">
    <editdetail attribution="Reuters BIP Coding Group" action="confirmed" date="1997-06-24"/>
  </code>
</codes>
<dc element="dc.date.created" value="1997-06-24"/>
<dc element="dc.publisher" value="Reuters Holdings Plc"/>
<dc element="dc.date.published" value="1997-06-24"/>
<dc element="dc.source" value="Reuters"/>
<dc element="dc.creator.location" value="LONDON"/>
<dc element="dc.creator.location.country.name" value="UK"/>
<dc element="dc.source" value="Reuters"/>
</metadata>
</newsitem>
