<?xml version="1.0" encoding="iso-8859-1" ?>
<newsitem itemid="682495" id="root" date="1997-06-24" xml:lang="en">
<title>CANADA: Alberta Agriculture details crop growth to June 23.</title>
<headline>Alberta Agriculture details crop growth to June 23.</headline>
<dateline>WINNIPEG 1997-06-24</dateline>
<text>
<p>Alberta Agriculture on Tuesday detailed the level of growth in crops to June 23.</p>
<p>		  CROP DEVELOPMENT (PCT)</p>
<p>CROP     TILLER/ROSETTE SHOTBLADE/FLOWER HEADED/PODDED</p>
<p>Spring Wheat  80 pct		13 pct	   0 pct</p>
<p>Oats	    80 pct		 8 pct	   0 pct</p>
<p>Barley	  77 pct		12 pct	   0 pct</p>
<p>Winter Wheat  -- pct		19 pct	  81 pct</p>
<p>Fall Rye	 7 pct		12 pct	  81 pct</p>
<p>Peas	    91 pct		 7 pct	   1 pct</p>
<p>Canola	  83 pct		12 pct	   0 pct</p>
<p>Flax	    98 pct		 2 pct	   0 pct</p>
<p>((Gilbert Le Gras, Winnipeg Reuters bureau 204 947 3548))</p>
</text>
<copyright>(c) Reuters Limited 1997</copyright>
<metadata>
<codes class="bip:countries:1.0">
  <code code="CANA">
    <editdetail attribution="Reuters BIP Coding Group" action="confirmed" date="1997-06-24"/>
  </code>
</codes>
<codes class="bip:industries:1.0">
  <code code="I01001">
    <editdetail attribution="Reuters BIP Coding Group" action="confirmed" date="1997-06-24"/>
  </code>
  <code code="I0100132">
    <editdetail attribution="Reuters BIP Coding Group" action="confirmed" date="1997-06-24"/>
  </code>
</codes>
<codes class="bip:topics:1.0">
  <code code="C24">
    <editdetail attribution="Reuters BIP Coding Group" action="confirmed" date="1997-06-24"/>
  </code>
  <code code="CCAT">
    <editdetail attribution="Reuters BIP Coding Group" action="confirmed" date="1997-06-24"/>
  </code>
  <code code="M14">
    <editdetail attribution="Reuters BIP Coding Group" action="confirmed" date="1997-06-24"/>
  </code>
  <code code="M141">
    <editdetail attribution="Reuters BIP Coding Group" action="confirmed" date="1997-06-24"/>
  </code>
  <code code="MCAT">
    <editdetail attribution="Reuters BIP Coding Group" action="confirmed" date="1997-06-24"/>
  </code>
</codes>
<dc element="dc.date.created" value="1997-06-24"/>
<dc element="dc.publisher" value="Reuters Holdings Plc"/>
<dc element="dc.date.published" value="1997-06-24"/>
<dc element="dc.source" value="Reuters"/>
<dc element="dc.creator.location" value="WINNIPEG"/>
<dc element="dc.creator.location.country.name" value="CANADA"/>
<dc element="dc.source" value="Reuters"/>
</metadata>
</newsitem>
