<?xml version="1.0" encoding="iso-8859-1" ?>
<newsitem itemid="682490" id="root" date="1997-06-24" xml:lang="en">
<title>CANADA: Thunder Bay vessel clearances - June 24.</title>
<headline>Thunder Bay vessel clearances - June 24.</headline>
<text>
<p>Daily vessel loading/clearances at Thunder Bay, Ontario:</p>
<p> Date	Vessel		Cargo (MT)     Status   Destination</p>
<p>June 20  Gurmaster	     bagged peas    Clrd	Foreign Prt</p>
<p>June 21  Cartierdoc	    25,000 m wht   Clrd	StL</p>
<p>June 21  Mapleglen	     23,019 can/wht Clrd	Windsor/StL</p>
<p>June 21 *Malyovitza	     5,471 wht     Clrd	Foreign Prt</p>
<p>June 21  Barge McAllister 132	 lumber  Clrd	Detroit</p>
<p>June 22  Canadian Transport  23,705 can     Clrd	Hamilton</p>
<p>June 22  Algontario	    25,573 wht     Clrd	StL</p>
<p>June 22  John B. Aird		   coal    Clrd	Detroit</p>
<p>June 23  Canadian Leader     19,000 wht     Clrd	StL</p>
<p>June 23  Oakglen		 22,500 wht     Clrd	StL</p>
<p>June 23  Manitoulin	    24,000 wht     Clrd	StL</p>
<p>June 23  Paterson		28,500 wht     Clrd	StL</p>
<p>June 23 *Lake Champlain	18,000 flax    Waiting   Foreign Prt</p>
<p>June 23  G.C. Leitch	   25,000 --	Due  6/23 StL</p>
<p>June 25  Windoc		  25,000 --	Due  6/25 StL</p>
<p>June 27  Canadian Ranger     15,600 dom     Due  6/27 3 Rivers</p>
<p>June 28  Halifax		 22,000 bly     Due  6/28 U.S.A.</p>
<p>June 28  Sarah Spencer	 28,000 m wht   Due  6/28 Midland</p>
<p>*ocean vessel NOTE: Thunder Bay reopened April 1 when H.M. Griffith cleared.</p>
<p>Source: Lake Shippers Clearance Assn.</p>
<p>Note wht=wheat, can=canola, m/wht=milling wheat, dom=domestic milling wheat, M=meal, P=pellets, O=oil, pea=peas, lntl=lentils. Ready=preparing to load. MT=metric tonne. Stl Ports=St Lawrence Ports. Wind=Windsor.</p>
<p>((Gilbert Le Gras 204 947 3548))</p>
</text>
<copyright>(c) Reuters Limited 1997</copyright>
<metadata>
<codes class="bip:countries:1.0">
  <code code="CANA">
    <editdetail attribution="Reuters BIP Coding Group" action="confirmed" date="1997-06-24"/>
  </code>
</codes>
<codes class="bip:industries:1.0">
  <code code="I74000">
    <editdetail attribution="Reuters BIP Coding Group" action="confirmed" date="1997-06-24"/>
  </code>
</codes>
<codes class="bip:topics:1.0">
  <code code="C24">
    <editdetail attribution="Reuters BIP Coding Group" action="confirmed" date="1997-06-24"/>
  </code>
  <code code="CCAT">
    <editdetail attribution="Reuters BIP Coding Group" action="confirmed" date="1997-06-24"/>
  </code>
</codes>
<dc element="dc.publisher" value="Reuters Holdings Plc"/>
<dc element="dc.date.published" value="1997-06-24"/>
<dc element="dc.source" value="Reuters"/>
<dc element="dc.creator.location.country.name" value="CANADA"/>
<dc element="dc.source" value="Reuters"/>
</metadata>
</newsitem>
