<?xml version="1.0" encoding="iso-8859-1" ?>
<newsitem itemid="682475" id="root" date="1997-06-24" xml:lang="en">
<title>NEW ZEALAND: SKIING - New Zealand ski report for June 25.</title>
<headline>SKIING - New Zealand ski report for June 25.</headline>
<text>
<p>Note to subscribers - At present this report is compiled from individual field reports. We will resume a more comprehensive service as soon as the New Zealand Ski Council introduces it for the current season. It is expected next week.</p>
<p>----------------------------------------------------------------</p>
<p>CENTRE  BASE	  NEW SNOW WEATHER	  ROAD     CLOSED</p>
<p>Coronet 50 cm upper New	Clear skies    Clear    Greengates</p>
<p>Peak  20/30cm lower machine  Light SW	 Carry    Rocky Gully</p>
<p>							  chains   t-Bar</p>
<p>Mt Hutt 60 cm	 20/30cm  Clear and calm Chains   T-Bar1</p>
<p>			  Packed			From     Skiwiland</p>
<p>			  powder			Booth The</p>
<p>Remarkables - opening early July</p>
<p>--Wellington Newsroom (64 4) 4734746</p>
</text>
<copyright>(c) Reuters Limited 1997</copyright>
<metadata>
<codes class="bip:countries:1.0">
  <code code="NZ">
    <editdetail attribution="Reuters BIP Coding Group" action="confirmed" date="1997-06-24"/>
  </code>
</codes>
<codes class="bip:topics:1.0">
  <code code="GCAT">
    <editdetail attribution="Reuters BIP Coding Group" action="confirmed" date="1997-06-24"/>
  </code>
  <code code="GSPO">
    <editdetail attribution="Reuters BIP Coding Group" action="confirmed" date="1997-06-24"/>
  </code>
</codes>
<dc element="dc.publisher" value="Reuters Holdings Plc"/>
<dc element="dc.date.published" value="1997-06-24"/>
<dc element="dc.source" value="Reuters"/>
<dc element="dc.creator.location.country.name" value="NEW ZEALAND"/>
<dc element="dc.source" value="Reuters"/>
</metadata>
</newsitem>
