<?xml version="1.0" encoding="iso-8859-1" ?>
<newsitem itemid="682507" id="root" date="1997-06-24" xml:lang="en">
<title>SOUTH AFRICA: Pepkor sells Walhold, Waltons stakes.</title>
<headline>Pepkor sells Walhold, Waltons stakes.</headline>
<dateline>CAPETOWN 1997-06-24</dateline>
<text>
<p>South African retailing group Pepkor said on Tuesday it had sold its holdings in office supplies group Walhold and its subsidiary Waltons Stationery Co for 408 million rand to Investec and an institutional investor  </p>
<p>Investec paid 9.68 rand per share for the 15 percent Pepkor held directly in Waltons and 9.35 rand per share for the 34.9 percent held in Walhold (Waltons Consolidated Investment Holdings Ltd), Pepkor said in a statement</p>
<p>Pepkor's remaining 18.2 percent interest in Walhold was taken up by an unnamed institutional investor.</p>
<p>The Bidvest Group Ltd, who had offered to buy Walton's business, paid Pepkor 39 million rand cash in terms of a restraint of trade agreement prohibiting Pepkor from entering into competition with business currently undertaken by Waltons for two years.  </p>
<p>&quot;Pepkor's total income from the transaction consequently amounted to 447.1 million rand, which represents a significant profit on its original investment,&quot; it said</p>
<p>Pepkor chairman Christo Wiese said his group had decided to sell its interest in Walhold and Waltons to focus on other expansion opportunities opening up for the group in Africa and abroad.</p>
<p>-- Johannesburg newsroom +27 11 482-1003</p>
</text>
<copyright>(c) Reuters Limited 1997</copyright>
<metadata>
<codes class="bip:countries:1.0">
  <code code="SAFR">
    <editdetail attribution="Reuters BIP Coding Group" action="confirmed" date="1997-06-24"/>
  </code>
</codes>
<codes class="bip:industries:1.0">
  <code code="I65300">
    <editdetail attribution="Reuters BIP Coding Group" action="confirmed" date="1997-06-24"/>
  </code>
  <code code="I81402">
    <editdetail attribution="Reuters BIP Coding Group" action="confirmed" date="1997-06-24"/>
  </code>
  <code code="I83960">
    <editdetail attribution="Reuters BIP Coding Group" action="confirmed" date="1997-06-24"/>
  </code>
</codes>
<codes class="bip:topics:1.0">
  <code code="C18">
    <editdetail attribution="Reuters BIP Coding Group" action="confirmed" date="1997-06-24"/>
  </code>
  <code code="C181">
    <editdetail attribution="Reuters BIP Coding Group" action="confirmed" date="1997-06-24"/>
  </code>
  <code code="CCAT">
    <editdetail attribution="Reuters BIP Coding Group" action="confirmed" date="1997-06-24"/>
  </code>
</codes>
<dc element="dc.date.created" value="1997-06-24"/>
<dc element="dc.publisher" value="Reuters Holdings Plc"/>
<dc element="dc.date.published" value="1997-06-24"/>
<dc element="dc.source" value="Reuters"/>
<dc element="dc.creator.location" value="CAPETOWN"/>
<dc element="dc.creator.location.country.name" value="SOUTH AFRICA"/>
<dc element="dc.source" value="Reuters"/>
</metadata>
</newsitem>
