<?xml version="1.0" encoding="iso-8859-1" ?>
<newsitem itemid="682509" id="root" date="1997-06-24" xml:lang="en">
<title>CENTRAL AFRICAN REPUBLIC: Thousands flee shelling in Central African Republic.</title>
<headline>Thousands flee shelling in Central African Republic.</headline>
<byline>Jean-Lambert Ngouandji</byline>
<dateline>BANGUI 1997-06-24</dateline>
<text>
<p>African peacekeepers shelled parts of the Central African Republic capital Bangui on Tuesday where mutinous soldiers are holed up after four days of clashes, forcing thousands of people to flee, witnesses said.</p>
<p>Residents said shelling by tanks and heavy mortars began at about 11 a.m. of Camp Kassai and southern districts loyal to mutineers who have yet to rejoin their units under a January peace deal.</p>
<p>&quot;This is to clean up pockets of resistance,&quot; said one officer in the African force, who would not be named.</p>
<p>Witnesses saw thousands of people streaming out of the area with whatever baggage they could carry, joining at least 8,000 people who had already fled to the northern outskirts of the city and countryside, where the Red Cross plans to set up a camp for them.</p>
<p>Medical workers say the clashes, which have included mortar and artillery salvoes, have killed at least 30 people and wounded at least 70 in the city, struggling to recover from three army mutinies in less than a year.</p>
<p>In a statement from Paris, former colonial power France denied direct help to the peacekeepers in the fighting, but said a helicopter had attacked mortar positions in &quot;legitimate defence&quot; after shells fell on the French embassy.</p>
<p>The peacekeepers intervened under the January 25 peace deal to end political and ethnic clashes between supporters and opponents of President Ange-Felix Patasse in the army.</p>
<p>&quot;This operation of elimination was prepared long ago by elements of the presidential guard and the MISAB (peacekeeping force),&quot; mutineers spokesman Parfait Mbaya said of the latest fighting.</p>
<p>Mali's widely respected former military leader, Amadou Toumani Toure, who brokered the January agreement, said on Monday he was returning to Bangui. He said any solution lay ultimately with Central African Republic citizens themselves.</p>
<p>&quot;My role is to help the two parties, the different parties to agree,&quot; he told Radio France International in an interview. &quot;The vital role will always come back to the nationals.&quot;</p>
<p>The French embassy was hit again on Monday, after stray mortar shells wounded seven people there, five of them French, on Saturday. No one was hurt in Monday's barrage. French troops are in Bangui under a defence pact.</p>
<p>The Bangui peacekeeping force has been touted as a model for a solution in Brazzaville, capital of the neighbouring Congo Republic where similar political and ethnic clashes killed hundreds of people this month.</p>
<p>Mutinies in April and May 1996 in Bangui began as protests over pay but evolved into a movement to topple Patasse, a civilian from the north of the country elected in 1993. The third mutiny began in November and degenerated into ethnic bloodshed.</p>
<p>Most of the mutineers are members of the Yakoma tribe of former military leader Andre Kolingba.</p>
<p>The 800-strong African force includes soldiers from Burkina Faso, Chad, Gabon, Mali, Senegal and Togo. A Senegalese soldier killed on Friday was among the first casualties of the flare-up.</p>
</text>
<copyright>(c) Reuters Limited 1997</copyright>
<metadata>
<codes class="bip:countries:1.0">
  <code code="CAFR">
    <editdetail attribution="Reuters BIP Coding Group" action="confirmed" date="1997-06-24"/>
  </code>
</codes>
<codes class="bip:topics:1.0">
  <code code="GCAT">
    <editdetail attribution="Reuters BIP Coding Group" action="confirmed" date="1997-06-24"/>
  </code>
  <code code="GVIO">
    <editdetail attribution="Reuters BIP Coding Group" action="confirmed" date="1997-06-24"/>
  </code>
</codes>
<dc element="dc.date.created" value="1997-06-24"/>
<dc element="dc.publisher" value="Reuters Holdings Plc"/>
<dc element="dc.date.published" value="1997-06-24"/>
<dc element="dc.source" value="Reuters"/>
<dc element="dc.creator.location" value="BANGUI"/>
<dc element="dc.creator.location.country.name" value="CENTRAL AFRICAN REPUBLIC"/>
<dc element="dc.source" value="Reuters"/>
</metadata>
</newsitem>
