<?xml version="1.0" encoding="iso-8859-1" ?>
<newsitem itemid="642147" id="root" date="1997-06-06" xml:lang="en">
<title>CANADA: Toronto stocks post 16th record close of 1997.</title>
<headline>Toronto stocks post 16th record close of 1997.</headline>
<dateline>TORONTO 1997-06-06</dateline>
<text>
<p>CHANGE				    CHANGE</p>
<p>TSE	 6492.10   +42.62   HI 6498.52	    LO  6460.99</p>
<p>DJI	 7435.78  +130.49   GOLD (LONDON)   US$344.00  +3.20</p>
<p>FTSE	4645.00   +68.80   GOLD (NY-SPOT)  US$345.70  +0.10</p>
<p>NIKKEI   20485.75    -2.40   LME CASH NICKEL US$7156   +141.0</p>
<p>CANDLR     1.3836		LME CASH ALUM   US$1564.5   -8.5</p>
<p>CAN 30-YR  114.20    +1.82   BRENT CRUDE     US$17.68   -0.62</p>
<p>--------------------MARKET COMMENT----------------------------</p>
<p>* Toronto stocks posted their 16th record close of 1997 on Friday * TSE buoyed by strong gold shares and a rally in New York * 92 million shares traded worth C$1.4 billion.  </p>
<p>Toronto stocks inched above previous records to post another closing high on Friday, aided by a rocketing New York market and stronger gold sector.</p>
<p>The Toronto Stock Exchange's key 300 Composite Index rose 42.62 points to 6492.10, just a shade above the previous peak for the year. It also set a new all-time high of 6498.52 points late in the day.</p>
<p>&quot;It's just a matter of a significant amount of money chasing few prospects,&quot; said RBC Dominion Securities Investment Advisor Ira Katzin.  </p>
<p>About 92 million shares were traded worth C$1.43 billion.</p>
<p>In New York, the Dow Jones Industrial Average lept 130 points as investors cheered a mixed bag of May U.S. employment data, convinced that it showed the economy was growing without any inflation, analysts said.</p>
<p>Canada's bond market also rallied. The 30-year benchmark bond closed C$1.94 higher at C$114.32 to yield 6.867 percent.</p>
<p>Twelve of Toronto's 14 sub-indexes ended stronger, led by conglomerates, golds, consumer products and transportation.</p>
<p>There were modest losses in forestry products and real estate . Advancing issues soared past declines 586 to 359.</p>
<p>Another 311 stocks were unchanged.</p>
<p>--- HOT STOCKS ---</p>
<p>* Merger mania dominated the oil patch on Friday. CS Resources Ltd jumped 3.70 to 15.00 in active trading after Gulf Canada Resources Ltd said it planned to offer C$413 million for CS Resources. Gulf shares fell 0.45 to 11.90.</p>
<p>* Gandalf Technologies Inc lost 0.97 to close at 1.63 in heavy trading. The computer network equipment maker said late on Thursday it was almost out of money and mulling several offers for its undervalued business.</p>
<p>((Lydia Zajc, Reuters Toronto Bureau (416) 941-8109))</p>
</text>
<copyright>(c) Reuters Limited 1997</copyright>
<metadata>
<codes class="bip:countries:1.0">
  <code code="CANA">
    <editdetail attribution="Reuters BIP Coding Group" action="confirmed" date="1997-06-06"/>
  </code>
</codes>
<codes class="bip:topics:1.0">
  <code code="M11">
    <editdetail attribution="Reuters BIP Coding Group" action="confirmed" date="1997-06-06"/>
  </code>
  <code code="MCAT">
    <editdetail attribution="Reuters BIP Coding Group" action="confirmed" date="1997-06-06"/>
  </code>
</codes>
<dc element="dc.date.created" value="1997-06-06"/>
<dc element="dc.publisher" value="Reuters Holdings Plc"/>
<dc element="dc.date.published" value="1997-06-06"/>
<dc element="dc.source" value="Reuters"/>
<dc element="dc.creator.location" value="TORONTO"/>
<dc element="dc.creator.location.country.name" value="CANADA"/>
<dc element="dc.source" value="Reuters"/>
</metadata>
</newsitem>
