<?xml version="1.0" encoding="iso-8859-1" ?>
<newsitem itemid="642186" id="root" date="1997-06-06" xml:lang="en">
<title>USA: RESEARCH ALERT - Sight Resource gets buy.</title>
<headline>RESEARCH ALERT - Sight Resource gets buy.</headline>
<dateline>MINNEAPOLIS 1997-06-06</dateline>
<text>
<p>Miller, Johnson &amp; Kuehn said Friday it initiated coverage with a buy recommendation of Sight Resource Corp, which operates a network of optical stores that provide eye care.</p>
<p>Miller, Johnson &amp; Kuehn said it expects Sight Resource to expand through acquisition in a fragmented and consolidating industry.</p>
<p>Revenues grew from just over $18 milion in 1995 to $30 million in 1996 and Miller, Johnson &amp; Kuehn estimates $43 million in 1997 and $78 million in 1998.</p>
<p>Shares of Sight Resource closed off 6/16 to 4-3/16.</p>
<p>			((Chicago newsdesk 312 408 8787))</p>
</text>
<copyright>(c) Reuters Limited 1997</copyright>
<metadata>
<codes class="bip:countries:1.0">
  <code code="USA">
    <editdetail attribution="Reuters BIP Coding Group" action="confirmed" date="1997-06-06"/>
  </code>
</codes>
<codes class="bip:industries:1.0">
  <code code="I95100">
    <editdetail attribution="Reuters BIP Coding Group" action="confirmed" date="1997-06-06"/>
  </code>
</codes>
<codes class="bip:topics:1.0">
  <code code="C15">
    <editdetail attribution="Reuters BIP Coding Group" action="confirmed" date="1997-06-06"/>
  </code>
  <code code="C152">
    <editdetail attribution="Reuters BIP Coding Group" action="confirmed" date="1997-06-06"/>
  </code>
  <code code="CCAT">
    <editdetail attribution="Reuters BIP Coding Group" action="confirmed" date="1997-06-06"/>
  </code>
</codes>
<dc element="dc.date.created" value="1997-06-06"/>
<dc element="dc.publisher" value="Reuters Holdings Plc"/>
<dc element="dc.date.published" value="1997-06-06"/>
<dc element="dc.source" value="Reuters"/>
<dc element="dc.creator.location" value="MINNEAPOLIS"/>
<dc element="dc.creator.location.country.name" value="USA"/>
<dc element="dc.source" value="Reuters"/>
</metadata>
</newsitem>
