<?xml version="1.0" encoding="iso-8859-1" ?>
<newsitem itemid="642139" id="root" date="1997-06-06" xml:lang="en">
<title>EU:  EP External Economic Relations Committee agenda - June 10.</title>
<headline>EP External Economic Relations Committee agenda - June 10.</headline>
<text>
<p>Committee on External Economic Relations [[ Tuesday 10 June 1997 ]] P U BLIC MEETING 0.1 1. Adoption of draft agenda (PE221.770 ) 2. Chairman's announcements - on subjects including the IGC ===] In the presence of the Council and Commission 3. Agreement between the EC, Canada and Russia on humane trapping standards (T05340) CNS97019 COM(97)0017 + RELA Avis A ILASKIVI Raimo. (PPE) (PE221.767 ) F ENVI Fond R PIMENTA Carlos. (ELD) (PE222.566 ) - Adoption of draft opinion 4. Shipments of certain types of waste to certain non-OECD countries (T04454) **I SYN95029 COM(94)0678 C4-0048/97 + RELA Avis A KREISSL-DORFLER Wolf (V ) (PE220.985 ) F ENVI Fond R VIRGIN Ivar. (PPE) (PE221.723 ) - Adoption of draft opinion 5. Any other business 6. Date of next meeting (PE/VI/OJ/97-12 ) A D D E N D U M 0.1 0.2 ===] New Item 4a: 0.4 Protocol to the partnership and cooperation agreement between the EC and Russia (T04900) AVC96106 COM(96)0150 C4-0245/97 + RELA Avis A KITTELMANN Peter. (PPE) (PE222.516 ) F POLI Fond R CARRERE D'ENCAUSSE H (UPE) (PE218.998 ) - Consideration and adoption of draft opinion 0.5 0.6 0 0 0 A D D E N D U M 2 0.1 ===] New Item 4b: 0.3 0.4 Exceptional macrofinancial assistance to Armenia, Georgia and, if appropriate, Tajikstan (T05403) CNS97028 COM(97)0024 C4-0099/97 + RELA Fond R KITTELMANN Peter. (PPE) (PE221.772 ) - Adoption of draft report POSSIBLY, adoption of draft report - FIN - o END OF DOCUMENT.</p>
</text>
<copyright>(c) Reuters Limited 1997</copyright>
<metadata>
<codes class="bip:countries:1.0">
  <code code="EEC">
    <editdetail attribution="Reuters BIP Coding Group" action="confirmed" date="1997-06-06"/>
  </code>
</codes>
<codes class="bip:topics:1.0">
  <code code="G15">
    <editdetail attribution="Reuters BIP Coding Group" action="confirmed" date="1997-06-06"/>
  </code>
  <code code="GCAT">
    <editdetail attribution="Reuters BIP Coding Group" action="confirmed" date="1997-06-06"/>
  </code>
</codes>
<dc element="dc.publisher" value="Reuters Holdings Plc"/>
<dc element="dc.date.published" value="1997-06-06"/>
<dc element="dc.source" value="Reuters"/>
<dc element="dc.creator.location.country.name" value="EU"/>
<dc element="dc.source" value="Reuters"/>
</metadata>
</newsitem>
