<?xml version="1.0" encoding="iso-8859-1" ?>
<newsitem itemid="642191" id="root" date="1997-06-06" xml:lang="en">
<title>USA: Ultramar Diamond files $850 mln shelf.</title>
<headline>Ultramar Diamond files $850 mln shelf.</headline>
<dateline>WASHINGTON 1997-06-06</dateline>
<text>
<p>Ultramar Diamond Shamrock Corp filed a shelf offering with the U.S. Securities and Exchange Commission Friday for up to $850 million in debt securities, common shares and also preferred, which will be issued through special trusts.</p>
<p>When combined with previously-registered securities, the offering by the San Antonio, Texas, independent refiner and marketer of petroleum products shelf totals $900 million.</p>
<p>Proceeds from the sale will ultimately be used for general corporate purposes including capital expenditures, repaying outstanding debt and other business opportunities.</p>
<p>No underwriters were named in the shelf offering.</p>
</text>
<copyright>(c) Reuters Limited 1997</copyright>
<metadata>
<codes class="bip:countries:1.0">
  <code code="USA">
    <editdetail attribution="Reuters BIP Coding Group" action="confirmed" date="1997-06-06"/>
  </code>
</codes>
<codes class="bip:industries:1.0">
  <code code="I14000">
    <editdetail attribution="Reuters BIP Coding Group" action="confirmed" date="1997-06-06"/>
  </code>
</codes>
<codes class="bip:topics:1.0">
  <code code="C17">
    <editdetail attribution="Reuters BIP Coding Group" action="confirmed" date="1997-06-06"/>
  </code>
  <code code="C172">
    <editdetail attribution="Reuters BIP Coding Group" action="confirmed" date="1997-06-06"/>
  </code>
  <code code="CCAT">
    <editdetail attribution="Reuters BIP Coding Group" action="confirmed" date="1997-06-06"/>
  </code>
</codes>
<dc element="dc.date.created" value="1997-06-06"/>
<dc element="dc.publisher" value="Reuters Holdings Plc"/>
<dc element="dc.date.published" value="1997-06-06"/>
<dc element="dc.source" value="Reuters"/>
<dc element="dc.creator.location" value="WASHINGTON"/>
<dc element="dc.creator.location.country.name" value="USA"/>
<dc element="dc.source" value="Reuters"/>
</metadata>
</newsitem>
