<?xml version="1.0" encoding="iso-8859-1" ?>
<newsitem itemid="642146" id="root" date="1997-06-06" xml:lang="en">
<title>CANADA: Canadian dollar ends weaker despite intervention.</title>
<headline>Canadian dollar ends weaker despite intervention.</headline>
<text>
<p>FORECAST RANGE   1.3800/1.3865	    ASIAN CLOSE     1.3774</p>
<p>RESISTANCE 1.3690   SUPPORT 1.3860	HI 1.3795   LO  1.3772</p>
<p>CANADA OPEN  1.3786/91    HI 1.3850     EUROPE OPEN     1.3786</p>
<p>PREV CLOSE   1.3765/70    LO 1.3775     HI 1.3788   LO  1.3778</p>
<p>---------------------MARKET COMMENT--------------------------</p>
<p>* Canada's dollar ended weaker on Friday at C$1.3835 (US$0.7228) from Thursday's close of C$1.3765 (US$0.7264) despite intervention by the Bank of Canada, dealers said.</p>
<p>* They said the Bank of Canada intervened to buy Canadian dollars around C$1.3844 (US$0.7223) after the currency eased on U.S. economic data.  </p>
<p>The U.S. Labor Department reported payrolls rose by just 138,000 in May, less than the 219,000 expected by economists, but a rise in April was revised up to 323,000 from a previously reported 142,000 jobs. U.S. unemployment fell to its lowest level in 23 years in May, falling to 4.8 percent from 4.9 percent a month earlier.</p>
<p>Dealers said the currency slipped as a result of the underlying inflationary trends which appeared in the economic numbers. Although the headline numbers are lower, they said the underlying trends could push the Federal Open Market Committee to hike U.S. rates soon after its July 1-2 meeting.  </p>
<p>In other economic news, Canada released unemployment data earlier this morning showing a small drop in the unemployment rate to 9.5 percent in May from 9.6 percent in April. The decrease was in line with a Reuters survey of economists forecast. Statistics Canada also reported that full-time employment rose by 61,300 in May, compared with an increase of 33,000 in April.</p>
<p>On the crosses, Canada's dollar fell to 82.56 yen from Thursday's close of 83.94 yen and slid to 1.2466 marks from Thursday's 1.2544 marks.</p>
<p>((Reuters Toronto Bureau 416 941-8100))</p>
</text>
<copyright>(c) Reuters Limited 1997</copyright>
<metadata>
<codes class="bip:countries:1.0">
  <code code="CANA">
    <editdetail attribution="Reuters BIP Coding Group" action="confirmed" date="1997-06-06"/>
  </code>
</codes>
<codes class="bip:topics:1.0">
  <code code="M13">
    <editdetail attribution="Reuters BIP Coding Group" action="confirmed" date="1997-06-06"/>
  </code>
  <code code="M132">
    <editdetail attribution="Reuters BIP Coding Group" action="confirmed" date="1997-06-06"/>
  </code>
  <code code="MCAT">
    <editdetail attribution="Reuters BIP Coding Group" action="confirmed" date="1997-06-06"/>
  </code>
</codes>
<dc element="dc.publisher" value="Reuters Holdings Plc"/>
<dc element="dc.date.published" value="1997-06-06"/>
<dc element="dc.source" value="Reuters"/>
<dc element="dc.creator.location.country.name" value="CANADA"/>
<dc element="dc.source" value="Reuters"/>
</metadata>
</newsitem>
