<?xml version="1.0" encoding="iso-8859-1" ?>
<newsitem itemid="642149" id="root" date="1997-06-06" xml:lang="en">
<title>CANADA: British Columbia to revise forest industry policy.</title>
<headline>British Columbia to revise forest industry policy.</headline>
<dateline>VANCOUVER 1997-06-06</dateline>
<text>
<p>British Columbia Premier Glen Clark said Friday he will soon announce policy changes to make forest companies more competitive and an accord aimed at increasing employment in the forestry sector.</p>
<p>&quot;There will be some big changes coming. They will be controversial. There's no doubt in my mind about it,&quot; Clark told a forest industry group.</p>
<p>The changes would seek to help the industry be more profitable and increase employment.</p>
<p>Specifically Clark said &quot;in the course of the next few weeks&quot; the provincial government would be making changes in the Forest Practices Code that governs logging.</p>
<p>He said there would be no weakening of environmental standards but an attempt to make application of the controversial code more efficient and effective.</p>
<p>In addition, he said that &quot;in the next few weeks...we will be, I believe, consummating a deal that I call the jobs and timber accord.&quot;</p>
<p>Clark has set a target of increasing employment in the forestry sector by 21,000 jobs over the next few years.</p>
<p>The government and forest companies have been negotiating for months on the issue and the industry has sought regulatory relief in exchange for a commitment to increase employment.</p>
<p>In addition, Clark said changes would be forthcoming in the coming weeks or months for the system under which stumpage fees are calculated on timber harvests.</p>
<p>This would primarily be aimed at the pulp industry where logs are &quot;overvalued&quot; under the current system, he said.</p>
<p>But, speaking to reporters after his speech, Clark said British Columbia would not make wholesale changes to stumpage because this would &quot;invite retaliation from the United States.&quot; British Columbia does not want to undermine a Canada-U.S. lumber trade agreement, Clark said.</p>
<p>Another change to stumpage might include shortening the lag time between when changes in market prices are reflected in stumpage calculations.</p>
<p>The premier assured the industry that the government would not take money from the Forest Renewal fund to pay down its budget deficit. The idea was floated last year and roundly criticized. The fund was established in 1995 to revitalize the forest sector and forest-dependent communities and is funded by an increase in stumpage fees.</p>
<p>-- Cynthia Osterman, ((Reuters Vancouver Bureau (604) 664-7314))</p>
</text>
<copyright>(c) Reuters Limited 1997</copyright>
<metadata>
<codes class="bip:countries:1.0">
  <code code="CANA">
    <editdetail attribution="Reuters BIP Coding Group" action="confirmed" date="1997-06-06"/>
  </code>
</codes>
<codes class="bip:industries:1.0">
  <code code="I02000">
    <editdetail attribution="Reuters BIP Coding Group" action="confirmed" date="1997-06-06"/>
  </code>
  <code code="I46000">
    <editdetail attribution="Reuters BIP Coding Group" action="confirmed" date="1997-06-06"/>
  </code>
  <code code="I47000">
    <editdetail attribution="Reuters BIP Coding Group" action="confirmed" date="1997-06-06"/>
  </code>
</codes>
<codes class="bip:topics:1.0">
  <code code="C13">
    <editdetail attribution="Reuters BIP Coding Group" action="confirmed" date="1997-06-06"/>
  </code>
  <code code="C42">
    <editdetail attribution="Reuters BIP Coding Group" action="confirmed" date="1997-06-06"/>
  </code>
  <code code="CCAT">
    <editdetail attribution="Reuters BIP Coding Group" action="confirmed" date="1997-06-06"/>
  </code>
  <code code="E41">
    <editdetail attribution="Reuters BIP Coding Group" action="confirmed" date="1997-06-06"/>
  </code>
  <code code="ECAT">
    <editdetail attribution="Reuters BIP Coding Group" action="confirmed" date="1997-06-06"/>
  </code>
  <code code="GCAT">
    <editdetail attribution="Reuters BIP Coding Group" action="confirmed" date="1997-06-06"/>
  </code>
  <code code="GJOB">
    <editdetail attribution="Reuters BIP Coding Group" action="confirmed" date="1997-06-06"/>
  </code>
</codes>
<dc element="dc.date.created" value="1997-06-06"/>
<dc element="dc.publisher" value="Reuters Holdings Plc"/>
<dc element="dc.date.published" value="1997-06-06"/>
<dc element="dc.source" value="Reuters"/>
<dc element="dc.creator.location" value="VANCOUVER"/>
<dc element="dc.creator.location.country.name" value="CANADA"/>
<dc element="dc.source" value="Reuters"/>
</metadata>
</newsitem>
