<?xml version="1.0" encoding="iso-8859-1" ?>
<newsitem itemid="642165" id="root" date="1997-06-06" xml:lang="en">
<title>USA: N.J. pension bond sale under legal assault.</title>
<headline>N.J. pension bond sale under legal assault.</headline>
<dateline>TRENTON. N.J. 1997-06-06</dateline>
<text>
<p>Mere hours after Gov. Christie Whitman put her signature on the pension bond law at midnight, a state judge Friday heard arguments that it was unconstitutional.</p>
<p>Superior Court Phillip S. Carchman promised to rule Monday or Tuesday on whether the state can raise $2.75 billion to liquidate state unfunded pension obligations by selling bonds -- without obtaining voter approval in a referendum.</p>
<p>Alan J. Karcher, a lawyer for Mayor George Spadoro of Edison Township, argued that the proposal does not meet two criteria the state Supreme Court laid out for exceptions to the state constitution's debt limitation clause.</p>
<p>The pension bond plan does not build a tangible asset, as did state bonds financing the Meadowlands sports complex,he said. And it is not supported by an income stream, such as a race track or toll road produces.</p>
<p>Instead the pension bond law authorizes the state treasurer to contract with the nominally independent Economic Development Authority to sell the bonds in return for the pledge to pay the debt service from annual appropriations. It also helps balance the annual budget.</p>
<p>Whitman signed it into law late Thursday night.</p>
<p>Her original pension bond plan was to borrow $3.4 billion enabling her to forgo $647 million in contributions to the state's four funds. The state Senate pared it and reduced its budget benefit to $590 million.</p>
<p>&quot;It's all a sham. It's all a game. It's a trick ... to get you to thumb your nose at the Constitution,&quot; Karcher told the judge.</p>
<p>The plan creates a moral and practical obligation on the state, but not a constitutional one, Assistant Attorney General Jaynee LaVecchia replied.</p>
<p>&quot;The Legislature has said quite clearly it is not attempting to bind future Legislatures,&quot; she said. &quot;It is subject to annual appropriations.</p>
<p>&quot;Bondholders will purchase with notice of that risk.&quot; ((--U.S. Municipal Desk, 212-859-1650))</p>
</text>
<copyright>(c) Reuters Limited 1997</copyright>
<metadata>
<codes class="bip:countries:1.0">
  <code code="USA">
    <editdetail attribution="Reuters BIP Coding Group" action="confirmed" date="1997-06-06"/>
  </code>
</codes>
<codes class="bip:topics:1.0">
  <code code="E21">
    <editdetail attribution="Reuters BIP Coding Group" action="confirmed" date="1997-06-06"/>
  </code>
  <code code="E212">
    <editdetail attribution="Reuters BIP Coding Group" action="confirmed" date="1997-06-06"/>
  </code>
  <code code="ECAT">
    <editdetail attribution="Reuters BIP Coding Group" action="confirmed" date="1997-06-06"/>
  </code>
  <code code="GCAT">
    <editdetail attribution="Reuters BIP Coding Group" action="confirmed" date="1997-06-06"/>
  </code>
  <code code="GCRIM">
    <editdetail attribution="Reuters BIP Coding Group" action="confirmed" date="1997-06-06"/>
  </code>
  <code code="GPOL">
    <editdetail attribution="Reuters BIP Coding Group" action="confirmed" date="1997-06-06"/>
  </code>
</codes>
<dc element="dc.date.created" value="1997-06-06"/>
<dc element="dc.publisher" value="Reuters Holdings Plc"/>
<dc element="dc.date.published" value="1997-06-06"/>
<dc element="dc.source" value="Reuters"/>
<dc element="dc.creator.location" value="TRENTON. N.J."/>
<dc element="dc.creator.location.country.name" value="USA"/>
<dc element="dc.source" value="Reuters"/>
</metadata>
</newsitem>
