<?xml version="1.0" encoding="iso-8859-1" ?>
<newsitem itemid="642174" id="root" date="1997-06-06" xml:lang="en">
<title>USA: Railtex May carloadings up 37 percent.</title>
<headline>Railtex May carloadings up 37 percent.</headline>
<dateline>SAN ANTONIO, Texas 1997-06-06</dateline>
<text>
<p>RailTex Inc said Friday May 1997 carloadings rose 37 percent to 40,982 from 29,855 in May 1996.</p>
<p>The company said it had traffic gains in autos, chemicals, farm products, paper, metals and other products.</p>
<p>On a &quot;same railroad&quot; basis, carloadings rose 3 percent to 30,805 in May 1997 from 29,822 in May 1996.</p>
<p>It said year-to-date May 1997 carloadings rose 31 percent to 192,042 from 146,190 in the prior year period. &quot;Same railroad&quot; carloadings rose 2 percent to 147,174 from 145,034 in the prior year period, it said.</p>
</text>
<copyright>(c) Reuters Limited 1997</copyright>
<metadata>
<codes class="bip:countries:1.0">
  <code code="USA">
    <editdetail attribution="Reuters BIP Coding Group" action="confirmed" date="1997-06-06"/>
  </code>
</codes>
<codes class="bip:industries:1.0">
  <code code="I71000">
    <editdetail attribution="Reuters BIP Coding Group" action="confirmed" date="1997-06-06"/>
  </code>
</codes>
<codes class="bip:topics:1.0">
  <code code="C31">
    <editdetail attribution="Reuters BIP Coding Group" action="confirmed" date="1997-06-06"/>
  </code>
  <code code="CCAT">
    <editdetail attribution="Reuters BIP Coding Group" action="confirmed" date="1997-06-06"/>
  </code>
</codes>
<dc element="dc.date.created" value="1997-06-06"/>
<dc element="dc.publisher" value="Reuters Holdings Plc"/>
<dc element="dc.date.published" value="1997-06-06"/>
<dc element="dc.source" value="Reuters"/>
<dc element="dc.creator.location" value="SAN ANTONIO, Texas"/>
<dc element="dc.creator.location.country.name" value="USA"/>
<dc element="dc.source" value="Reuters"/>
</metadata>
</newsitem>
