<?xml version="1.0" encoding="iso-8859-1" ?>
<newsitem itemid="642189" id="root" date="1997-06-06" xml:lang="en">
<title>USA: Putnam Dividend Income to redeem pfd shares.</title>
<headline>Putnam Dividend Income to redeem pfd shares.</headline>
<dateline>BOSTON, Mass. 1997-06-06</dateline>
<text>
<p>Putnam Investment Management Inc said Friday that it approved the redemption on July 21 of all of the outstanding money market preferred shares of the Putnam Dividend Income Fund.</p>
<p>Putnam Investment Management said it recommended the redemption because it would benefit the fund's common shareholders in the market conditions expected to prevail over the near term.</p>
<p>Putnam Investment Management said it expects to recommend that the monthly per share dividend be reduced on the fund from $0.065 to $0.0575 for the August dividend.</p>
<p>Putnam Investment Management is a money management firm with over $190 billion in equity and fixed income investments.</p>
</text>
<copyright>(c) Reuters Limited 1997</copyright>
<metadata>
<codes class="bip:countries:1.0">
  <code code="USA">
    <editdetail attribution="Reuters BIP Coding Group" action="confirmed" date="1997-06-06"/>
  </code>
</codes>
<codes class="bip:industries:1.0">
  <code code="I81502">
    <editdetail attribution="Reuters BIP Coding Group" action="confirmed" date="1997-06-06"/>
  </code>
  <code code="I8150206">
    <editdetail attribution="Reuters BIP Coding Group" action="confirmed" date="1997-06-06"/>
  </code>
</codes>
<codes class="bip:topics:1.0">
  <code code="C17">
    <editdetail attribution="Reuters BIP Coding Group" action="confirmed" date="1997-06-06"/>
  </code>
  <code code="C171">
    <editdetail attribution="Reuters BIP Coding Group" action="confirmed" date="1997-06-06"/>
  </code>
  <code code="CCAT">
    <editdetail attribution="Reuters BIP Coding Group" action="confirmed" date="1997-06-06"/>
  </code>
</codes>
<dc element="dc.date.created" value="1997-06-06"/>
<dc element="dc.publisher" value="Reuters Holdings Plc"/>
<dc element="dc.date.published" value="1997-06-06"/>
<dc element="dc.source" value="Reuters"/>
<dc element="dc.creator.location" value="BOSTON, Mass."/>
<dc element="dc.creator.location.country.name" value="USA"/>
<dc element="dc.source" value="Reuters"/>
</metadata>
</newsitem>
