<?xml version="1.0" encoding="iso-8859-1" ?>
<newsitem itemid="642229" id="root" date="1997-06-06" xml:lang="en">
<title>USA: Tower Air May block hours decrease.</title>
<headline>Tower Air May block hours decrease.</headline>
<dateline>NEW YORK 1997-06-06</dateline>
<text>
<p>Tower Air Inc said on Friday its total block hours flown decreased 14.3 percent in May 1997 to 4,294 hours compared to 5,011 hours in May 1996.</p>
<p>Cargo charters decreased due to the grounding of one of the company's two cargo aircraft to comply with new airworthiness directives, the company said.</p>
<p>Company executives or Federal Aviation Administration officials were not immediately available for comment about the grounding.</p>
<p>Scheduled passenger load factor was 73.2 percent in May 1997 compared to 71.9 percent in May 1996.  The increased load factor in May 1997 was driven by improvements in the Tel Aviv, Miami and San Juan markets.</p>
<p>For the five-month period ended May 31, 1997, total block hours flown decreased 7.8 percent to 16,972 hours from 18,409 hours during the same period in 1996, Tower Air said.</p>
<p>The decrease in total block hours in May 1997 versus May 1996 was primarily attributable to the withdrawal from the Brazil market, a lower level of military charters and the earlier conclusion of Hajj operations in May 1997 versus May 1996, Tower Air said.</p>
</text>
<copyright>(c) Reuters Limited 1997</copyright>
<metadata>
<codes class="bip:countries:1.0">
  <code code="USA">
    <editdetail attribution="Reuters BIP Coding Group" action="confirmed" date="1997-06-06"/>
  </code>
</codes>
<codes class="bip:industries:1.0">
  <code code="I75000">
    <editdetail attribution="Reuters BIP Coding Group" action="confirmed" date="1997-06-06"/>
  </code>
</codes>
<codes class="bip:topics:1.0">
  <code code="C31">
    <editdetail attribution="Reuters BIP Coding Group" action="confirmed" date="1997-06-06"/>
  </code>
  <code code="CCAT">
    <editdetail attribution="Reuters BIP Coding Group" action="confirmed" date="1997-06-06"/>
  </code>
</codes>
<dc element="dc.date.created" value="1997-06-06"/>
<dc element="dc.publisher" value="Reuters Holdings Plc"/>
<dc element="dc.date.published" value="1997-06-06"/>
<dc element="dc.source" value="Reuters"/>
<dc element="dc.creator.location" value="NEW YORK"/>
<dc element="dc.creator.location.country.name" value="USA"/>
<dc element="dc.source" value="Reuters"/>
</metadata>
</newsitem>
