<?xml version="1.0" encoding="iso-8859-1" ?>
<newsitem itemid="642263" id="root" date="1997-06-06" xml:lang="en">
<title>USA: U.S. Labor Dept says CPI modestly overstates inflation.</title>
<headline>U.S. Labor Dept says CPI modestly overstates inflation.</headline>
<byline>Chris Stetkiewicz</byline>
<dateline>WASHINGTON 1997-06-06</dateline>
<text>
<p>The Labor Department's Bureau of Labor Statistics Friday conceded that its key Consumer Price Index overstates inflation, but by less than the 1.1 percentage point estimated by an independent panel.</p>
<p>In a formal response to the Boskin Commission study released last December, BLS researchers specifically dismissed about half of the 1.1 point estimate, and said that much of the other half could not be estimated.</p>
<p>&quot;I have to caution you, there is a great deal of uncertainty about the other pieces,&quot; Kenneth Dalton, BLS Associate Commissioner for prices and living conditions, told reporters.</p>
<p>Dalton and other BLS officials presented their response to the analysis of a panel led by Stanford University economist Michael Boskin at a hearing of the Joint Economic Commission of Congress.</p>
<p>The BLS charged the Boskin commission with making numerous inaccurate inferences based on faulty or incomplete data.</p>
<p>&quot;The BLS specifically rejects several of the estimated ... biases, in cases where the commission presented new evidence,&quot; the study's authors said.</p>
<p>Dalton agreed that substitution bias -- the failure to account for consumers switching among products when prices shift -- artifically boosts CPI by about 0.4 percent a year.</p>
<p>But the BLS report questioned several other Boskin conclusions, saying that the answers in many cases simply cannot be determined.</p>
<p>&quot;There's such a degree of uncertainty ... we as a statistical agency cannot say,&quot; said Dalton.</p>
<p>For example, BLS cited huge uncertainties in gauging inflation in the mercurial health care sector, which could cause extensive understatement or overstatement.</p>
<p>&quot;It's not inconceivable that medical care could blow everything out of the water,&quot; Dalton said.</p>
<p>The BLS findings appear to affirm Congress' decision not to mandate reduced inflation calculations in a resolution to balance the federal budget passed earlier this spring.</p>
<p>CPI is used to determine annual increases in federal benefits like Social Security and to adjust individual tax payments to account for inflation.</p>
<p>Several prominent politicians and economists, including Federal Reserve Chairman Alan Greenspan, have suggested the federal deficit could be slashed by billions of dollars by lowering the CPI.</p>
<p>&quot;It would seem rather than making an ad hoc legislative adjustment, leaving it to the BLS to make the adjustment has made sense to us since the Boskin commission report came out,&quot; said Chris Frenze, executive director at the Joint Economic Committee.</p>
<p>BLS has stepped up its ongoing efforts to upgrade the CPI and is currently publishing an experimental index that showed inflation at 2.9 percent in 1996, less than the official estimate of 3.3 percent.</p>
<p>But the BLS paper asserted that some other CPI upgrade projects would take years to bear fruit, and may never catch up with the fast-paced U.S. economy.</p>
<p>&quot;The solutions to many CPI measurement issues ... must await methodological breakthroughs in economics or improved availability of data,&quot; the report concluded.</p>
<p>((-- 202-898-8377 ))</p>
</text>
<copyright>(c) Reuters Limited 1997</copyright>
<metadata>
<codes class="bip:countries:1.0">
  <code code="USA">
    <editdetail attribution="Reuters BIP Coding Group" action="confirmed" date="1997-06-06"/>
  </code>
</codes>
<codes class="bip:topics:1.0">
  <code code="E13">
    <editdetail attribution="Reuters BIP Coding Group" action="confirmed" date="1997-06-06"/>
  </code>
  <code code="E131">
    <editdetail attribution="Reuters BIP Coding Group" action="confirmed" date="1997-06-06"/>
  </code>
  <code code="ECAT">
    <editdetail attribution="Reuters BIP Coding Group" action="confirmed" date="1997-06-06"/>
  </code>
</codes>
<dc element="dc.date.created" value="1997-06-06"/>
<dc element="dc.publisher" value="Reuters Holdings Plc"/>
<dc element="dc.date.published" value="1997-06-06"/>
<dc element="dc.source" value="Reuters"/>
<dc element="dc.creator.location" value="WASHINGTON"/>
<dc element="dc.creator.location.country.name" value="USA"/>
<dc element="dc.source" value="Reuters"/>
</metadata>
</newsitem>
