<?xml version="1.0" encoding="iso-8859-1" ?>
<newsitem itemid="642351" id="root" date="1997-06-06" xml:lang="en">
<title>FRANCE: TENNIS-BRUGUERA AND KUERTEN RISE TO FRENCH CHALLENGE.</title>
<headline>TENNIS-BRUGUERA AND KUERTEN RISE TO FRENCH CHALLENGE.</headline>
<byline>Robert Kitson</byline>
<dateline>PARIS 1997-06-06</dateline>
<text>
<p>Sergi Bruguera survived some of the tensest moments of his formidable Roland Garros career on Friday to set up an intriguing French Open final against bright and breezy Brazilian newcomer Gustavo Kuerten.</p>
<p>Bruguera, seeded 16th, prevented what would have been the first French Open final in history without a seeded player by withstanding the gallant efforts of Australian Pat Rafter to move to within one match of a third title in Paris in five years.</p>
<p>The Spaniard, champion in 1993 and 1994, finally edged home 6-7 6-1 7-5 7-6 in an exciting contest after Kuerten had completed his astonishing surge into his first Grand Slam final with a 6-1 3-6 6-1 7-6 win over Belgian qualifier Filip Dewulf.</p>
<p>Kuerten, 20, could yet become the first unseeded winner in Paris since Mats Wilander in 1982, but Bruguera also stands on the threshold of a significant achievement.</p>
<p>Only five men have won three or more French titles in their careers and the 26-year-old from Barcelona will draw level with three of them -- Wilander, Ivan Lendl and Rene Lacoste -- if he can succeed where the rest have failed and tame the soccer and surf-loving boy from Brazil.</p>
<p>Rafter, from the outback town of Mount Isa in Queensland, came within a whisker of his first Grand Slam final, but he failed to take the chances which came his way in the third and fourth sets.</p>
<p>He was 5-2 up in the third, only for Bruguera to steam back with six successive games including a break of serve in the opening game of the fourth set.</p>
<p>Even then, Rafter broke back twice and, at 6-5, had two set points to take the match into a fifth set which none of the centre court crowd would have begrudged him.</p>
<p>Bruguera, who generally lures opponents to their doom on clay in the same stealthy way a python uses its coils to squeeze its prey, was often confounded by Rafter's massive reach and unrelenting determination, and the final tiebreak score of 7-1 did not reflect how hard he had to work for his success.</p>
<p>&quot;I would love to have won and I had my chances, but it was a good match. He was too good,&quot; said Rafter. &quot;He's a very tough player, he doesn't give you any free points.&quot;</p>
<p>Bruguera has been saying all week that a third title would be particularly sweet following the injury problems which dogged him last year.</p>
<p>&quot;In 1993 and 1994 I was more relaxed. I was going for my shots and not thinking about things too much. I wasn't under much pressure but now it's different, I'm trying to come back, I have had so many problems and mentally it's more difficult.&quot;</p>
<p>The physical effort Bruguera was also forced to expend may yet play into the hands of Kuerten, who despite three successive five-set wins in his previous rounds still had too much energy for the 122nd ranked Dewulf in another semifinal which offered more entertainment than seemed likely beforehand.</p>
<p>Kuerten, who received a good luck fax from Paris St Germain's Brazilian World Cup star Rai, also struggled at times against Dewulf and might have been stretched to five sets himself had the Belgian's nerve not faltered in the fourth set tiebreak.</p>
<p>Two poor forehands into the net followed by a lucky net-cord gave the Brazilian match point which he duly converted and, whatever occurs in the rest of his career, he will never forget the joy he felt when the match was finally won.</p>
<p>&quot;I can't believe it's real. Maybe God is from Brazil,&quot; he grinned, having become the first Brazilian man to reach a Grand Slam final.</p>
<p>&quot;Every kid who loves tennis dreams of playing the final of a Grand Slam tournament. I'm no exception.&quot;</p>
</text>
<copyright>(c) Reuters Limited 1997</copyright>
<metadata>
<codes class="bip:countries:1.0">
  <code code="AMSAM">
    <editdetail attribution="Reuters BIP Coding Group" action="confirmed" date="1997-06-06"/>
  </code>
  <code code="AUSTR">
    <editdetail attribution="Reuters BIP Coding Group" action="confirmed" date="1997-06-06"/>
  </code>
  <code code="BELG">
    <editdetail attribution="Reuters BIP Coding Group" action="confirmed" date="1997-06-06"/>
  </code>
  <code code="BRAZ">
    <editdetail attribution="Reuters BIP Coding Group" action="confirmed" date="1997-06-06"/>
  </code>
  <code code="FRA">
    <editdetail attribution="Reuters BIP Coding Group" action="confirmed" date="1997-06-06"/>
  </code>
  <code code="SPAIN">
    <editdetail attribution="Reuters BIP Coding Group" action="confirmed" date="1997-06-06"/>
  </code>
</codes>
<codes class="bip:topics:1.0">
  <code code="GCAT">
    <editdetail attribution="Reuters BIP Coding Group" action="confirmed" date="1997-06-06"/>
  </code>
  <code code="GSPO">
    <editdetail attribution="Reuters BIP Coding Group" action="confirmed" date="1997-06-06"/>
  </code>
</codes>
<dc element="dc.date.created" value="1997-06-06"/>
<dc element="dc.publisher" value="Reuters Holdings Plc"/>
<dc element="dc.date.published" value="1997-06-06"/>
<dc element="dc.source" value="Reuters"/>
<dc element="dc.creator.location" value="PARIS"/>
<dc element="dc.creator.location.country.name" value="FRANCE"/>
<dc element="dc.source" value="Reuters"/>
</metadata>
</newsitem>
