<?xml version="1.0" encoding="iso-8859-1" ?>
<newsitem itemid="642374" id="root" date="1997-06-06" xml:lang="en">
<title>FRANCE: SOCCER-ITALIANS NEXT IN LINE FOR ROBERTO CARLOS.</title>
<headline>SOCCER-ITALIANS NEXT IN LINE FOR ROBERTO CARLOS.</headline>
<byline>Mike Collett</byline>
<dateline>LA BAULE, France 1997-06-06</dateline>
<text>
<p>Italian goalkeepers Angelo Peruzzi and Gianluca Pagluica gave no hint of fear on Friday -- but they could be forgiven for quaking in their boots.</p>
<p>Because one of them -- and even possibly both if one is substituted suffering from shellshock -- could be next to face one of Roberto Carlos's blistering freekicks which made headlines around the world on Tuesday.</p>
<p>The 35-metre shot, which swerved out and around the French wall timed at 137 kph and gave Brazil the lead against France in Lyon, is already being talked about as one of the best goals ever scored.</p>
<p>With the outside of his left foot, Roberto Carlos swerved the ball so far wide of the wall that a ball-boy five metres left of the French goal ducked because he thought it was going to hit him.</p>
<p>It needed television pictures and the camera angle behind the shot to show just how remarkable a goal it was.</p>
<p>Roberto Carlos took a 10-metre run-up and sent the ball flying four metres wide to the left of the last defender in the French wall before whipping back like a boomerang and going in off a post. French goalkeeper Fabien Barthez looked on in stunned amazement as the ball sped past him.</p>
<p>Now the Italians, who play Brazil in their next match in the Tournoi de France in Lyon on Sunday, are in the firing line.</p>
<p>Pagliuca knows all about Real Madrid's Roberto Carlos from the time they spent together at Inter Milan.</p>
<p>&quot;He's a Brazilian,&quot; said Pagliuca as if that explained everything there was to know about the goal.</p>
<p>&quot;There is nothing you can do with a shot like that. You could put another man in the wall but if he hit it well it would still go in. He used to do it all the time in training but even though you know what's coming, you can't stop them.&quot;</p>
<p>Fellow 'keeper Angelo Peruzzi said: &quot;It was a really great goal, an incredible goal, he hit it just right. What's the secret of a shot like that? Well, I don't know. Even if you put more players in the wall to stop it on the left side, he could bend it round the other way and he'll catch you there.&quot;</p>
<p>The day after the goal newspapers and magazines around the world printed diagrams of what had happened --- and rival players took to the training pitch to try to emulate it.</p>
<p>England's Stuart Pearce, a noted free-kick expert who has scored some stunning goals himself from around the box including one for Nottingham Forest in the 1991 F.A. Cup Final, said: &quot;It was a wonder goal, one of the best goals I have ever seen. It was an absolutely wonderful strike.</p>
<p>&quot;We were all out on the training pitch the next morning trying to swerve it like that -- but we ended up losing a few balls down the motorway,&quot; he joked.</p>
<p>His team mate David Beckham, who scored from inside his own half for Manchester United against Wimbledon on the first day of the season and also scored with a memorable swerving shot of his own against Tottenham in January, added: &quot;It was some run-up, wasn't it? I think I would break my foot if I hit it like that to be honest.&quot;</p>
<p>The French were no less impressed. Barthez blamed himself for positioning the wall badly -- but he would have had to have erected one with watch-towers and guard-dogs to have stopped the goal.</p>
<p>&quot;Once the ball was hit it was too late and I think the goal was my fault. But it was a superb strike and just too fast for me.&quot;</p>
<p>Bruno N'Gotty, who scored with a devastating drive from a short-range freekick to win the 1996 European Cup Winners' Cup for Paris St Germain said: &quot;Many can attempt a shot like that -- but they don't dare.&quot;</p>
<p>And what about Roberto Carlos himself? He says if he uses the inside of his left foot, he can make the ball fly over he wall and then dip down under the crossbar.</p>
<p>&quot;I scored one like that for Real Madrid against Celta in the League this season,&quot; he explained, &quot;It went over the wall and dipped down sharply.&quot;</p>
<p>As if Peruzzi and Pagliuca did not have enough to worry about already.</p>
</text>
<copyright>(c) Reuters Limited 1997</copyright>
<metadata>
<codes class="bip:countries:1.0">
  <code code="BRAZ">
    <editdetail attribution="Reuters BIP Coding Group" action="confirmed" date="1997-06-06"/>
  </code>
  <code code="FRA">
    <editdetail attribution="Reuters BIP Coding Group" action="confirmed" date="1997-06-06"/>
  </code>
  <code code="ITALY">
    <editdetail attribution="Reuters BIP Coding Group" action="confirmed" date="1997-06-06"/>
  </code>
  <code code="UK">
    <editdetail attribution="Reuters BIP Coding Group" action="confirmed" date="1997-06-06"/>
  </code>
</codes>
<codes class="bip:topics:1.0">
  <code code="GCAT">
    <editdetail attribution="Reuters BIP Coding Group" action="confirmed" date="1997-06-06"/>
  </code>
  <code code="GSPO">
    <editdetail attribution="Reuters BIP Coding Group" action="confirmed" date="1997-06-06"/>
  </code>
</codes>
<dc element="dc.date.created" value="1997-06-06"/>
<dc element="dc.publisher" value="Reuters Holdings Plc"/>
<dc element="dc.date.published" value="1997-06-06"/>
<dc element="dc.source" value="Reuters"/>
<dc element="dc.creator.location" value="LA BAULE, France"/>
<dc element="dc.creator.location.country.name" value="FRANCE"/>
<dc element="dc.source" value="Reuters"/>
</metadata>
</newsitem>
