<?xml version="1.0" encoding="iso-8859-1" ?>
<newsitem itemid="642379" id="root" date="1997-06-06" xml:lang="en">
<title>USA: GOLF-PRICE AND NORMAN LEAD KEMPER OPEN AFTER ONE ROUND.</title>
<headline>GOLF-PRICE AND NORMAN LEAD KEMPER OPEN AFTER ONE ROUND.</headline>
<dateline>POTOMAC, Maryland 1997-06-05</dateline>
<text>
<p>Nick Price and Greg Norman, two of the heavyweights of world golf, shared the lead after the opening round at the $1.5 million Kemper Open on Thursday.</p>
<p>Price, displaying ominously-good form before next week's U.S. Open, parred every hole on the front nine, then stormed home with five back nine birdies to join friend and rival Norman at five-under-par 66 at the Avenel TPC course.</p>
<p>They were one stroke ahead of Jeff Sluman, Kelly Gibson and Paul Stankowski, while British Open champion Tom Lehman was among six players two shots back.</p>
<p>&quot;On the front nine I hit the ball really well. I just didn't make any putts,&quot; said Florida-based Zimbabwean Price.</p>
<p>&quot;I was getting a little frustrated (but) my putting kicked in on the back nine. That helped me to be more aggressive with my iron play.</p>
<p>&quot;I drove it super today,&quot; added Price, who took off the past two weeks off to rest tendinitis in his right hand.</p>
<p>&quot;I've had the problem for 16 or 17 years and it comes and goes,&quot; he said.</p>
<p>&quot;During the (Byron Nelson Classic three weeks ago) it didn't hurt really badly but I could feel it. That's a warning signal to take some time off.&quot;</p>
<p>Norman got off to a dream start with an eagle at the par-five second, where he holed out with a pitching wedge from 126 yards.</p>
<p>The Australian star added five birdies and two bogeys in a continuation of the good form he showed in finishing tied for second Monday at the Memorial tournament, where he was deprived of a chance at victory when the scheduled fourth round was cancelled.</p>
<p>&quot;Either I'm happy this is the first round of the Kemper or I wish it was the fourth round of Memorial,&quot; quipped a relaxed Norman, the world's top-ranked player -- ahead of Tiger Woods, for the time being at least.</p>
<p>&quot;I'm pretty happy with the way I played. I hit a lot of fairways and a lot of greens. I'm not worried about the U.S. Open right now. I'm more concerned about putting in a great performance this week.&quot;</p>
<p>Norman outplayed Briton Nick Faldo, with whom he was paired. Three-time Masters champion Faldo started double-bogey, bogey on his way to an inconsistent 73.</p>
<p>&quot;I was looking forward to today and I started six, six,&quot; lamented Faldo, who dusted off Norman in a head-to-head showdown at last year's Masters final round.</p>
<p>&quot;I was very disappointed. It wasn't very good. There's plenty to work on.&quot;</p>
</text>
<copyright>(c) Reuters Limited 1997</copyright>
<metadata>
<codes class="bip:countries:1.0">
  <code code="USA">
    <editdetail attribution="Reuters BIP Coding Group" action="confirmed" date="1997-06-06"/>
  </code>
</codes>
<codes class="bip:topics:1.0">
  <code code="GCAT">
    <editdetail attribution="Reuters BIP Coding Group" action="confirmed" date="1997-06-06"/>
  </code>
  <code code="GSPO">
    <editdetail attribution="Reuters BIP Coding Group" action="confirmed" date="1997-06-06"/>
  </code>
</codes>
<dc element="dc.date.created" value="1997-06-05"/>
<dc element="dc.publisher" value="Reuters Holdings Plc"/>
<dc element="dc.date.published" value="1997-06-06"/>
<dc element="dc.source" value="Reuters"/>
<dc element="dc.creator.location" value="POTOMAC, Maryland"/>
<dc element="dc.creator.location.country.name" value="USA"/>
<dc element="dc.source" value="Reuters"/>
</metadata>
</newsitem>
