<?xml version="1.0" encoding="iso-8859-1" ?>
<newsitem itemid="642353" id="root" date="1997-06-06" xml:lang="en">
<title>ITALY: CYCLING-INJURED TONKOV HITS BACK IN GIRO.</title>
<headline>CYCLING-INJURED TONKOV HITS BACK IN GIRO.</headline>
<byline>Mike Price</byline>
<dateline>PASSO DEL TONALE, Italy 1997-06-06</dateline>
<text>
<p>Russian Pavel Tonkov dispelled fears about a troublesome knee as he fought for the pink jersey of Giro d'Italia leader Ivan Gotti on Friday.</p>
<p>As they climbed the 10 kilometres to the 1883-metre Passo del Tonale finish of the 176-km 20th stage, Tonkov forced the pace but was held.</p>
<p>The Russian starts Saturday's final day in the Dolomites still 1:32 behind Gotti.</p>
<p>&quot;We were very worried about Pavel,&quot; said a team official. &quot;He has a problem with a ligament behind his right knee, but this morning Pavel said he wanted to race.&quot;</p>
<p>Tonkov's crash on Thursday left him with a sore shoulder and elbow, but his knee was &quot;the greatest problem. Early in the stage he had some trouble with his knee and elbow, but it cleared&quot;.</p>
<p>Gotti, Tonkov, and other contenders arrived more than 10 minutes after Jose Gonzales had given Colombia their first stage success since 1995.</p>
<p>Gotti said: &quot;It was not an easy day because Tonkov is not in such bad shape, but on Saturday the Mortirolo climb should be easier for me because I am lighter.</p>
<p>&quot;I intend to save my energy, and our team will try to control the race. If I see Tonkov is having a hard time on the Mortirolo then I will attack.&quot;</p>
<p>The 12.6-km climb follows four other mountains, and has been decisive in past Giro. Last year Gotti was the first to its 1,883-metre summit.</p>
<p>Another with ambitions for victory at Edolo on Saturday is Gonzalez. The tiny Colombian has powered away with the green jersey of best climber, and on Friday he raced clear of his co-leaders in the last 10 kms.</p>
<p>He showed no signs of Thursday's efforts through the Dolomites where he was first to five of the six climbs to strengthen his lead for the 'mountaineering' colours.</p>
<p>This was his first victory of the season, and the seventh Giro stage win for Colombia, a run started by Luis Herrera in 1989.</p>
<p>Gonzalez was in the opening move after five kms when seven escaped. The group grew to nine including 1995 Giro winner Yevgeny Berzin.</p>
<p>Gonzalez said: &quot;I live at 2,600 metres near Boyaca, so the Dolomites suit me. I prepared especially for the Giro and to win a stage.&quot;</p>
<p>The Giro ends on Sunday with a race into Milan.</p>
</text>
<copyright>(c) Reuters Limited 1997</copyright>
<metadata>
<codes class="bip:countries:1.0">
  <code code="ITALY">
    <editdetail attribution="Reuters BIP Coding Group" action="confirmed" date="1997-06-06"/>
  </code>
  <code code="RUSS">
    <editdetail attribution="Reuters BIP Coding Group" action="confirmed" date="1997-06-06"/>
  </code>
</codes>
<codes class="bip:topics:1.0">
  <code code="GCAT">
    <editdetail attribution="Reuters BIP Coding Group" action="confirmed" date="1997-06-06"/>
  </code>
  <code code="GSPO">
    <editdetail attribution="Reuters BIP Coding Group" action="confirmed" date="1997-06-06"/>
  </code>
</codes>
<dc element="dc.date.created" value="1997-06-06"/>
<dc element="dc.publisher" value="Reuters Holdings Plc"/>
<dc element="dc.date.published" value="1997-06-06"/>
<dc element="dc.source" value="Reuters"/>
<dc element="dc.creator.location" value="PASSO DEL TONALE, Italy"/>
<dc element="dc.creator.location.country.name" value="ITALY"/>
<dc element="dc.source" value="Reuters"/>
</metadata>
</newsitem>
