<?xml version="1.0" encoding="iso-8859-1" ?>
<newsitem itemid="642370" id="root" date="1997-06-06" xml:lang="en">
<title>ITALY: CYCLING-COLOMBIA'S GONZALEZ WINS 20TH GIRO STAGE.</title>
<headline>CYCLING-COLOMBIA'S GONZALEZ WINS 20TH GIRO STAGE.</headline>
<dateline>PASSO DEL TONALE, Italy 1997-06-06</dateline>
<text>
<p>Jose Gonzalez of Colombia won the 176-km 20th stage of the Giro d'Italia on Friday, according to provisional results.  </p>
<p>Italy's Massimo Podenzana was second and Felice Puttini of Switzerland third, according to the provisional results.</p>
<p>Ivan Gotti of Italy retained the overall lead.</p>
</text>
<copyright>(c) Reuters Limited 1997</copyright>
<metadata>
<codes class="bip:countries:1.0">
  <code code="COL">
    <editdetail attribution="Reuters BIP Coding Group" action="confirmed" date="1997-06-06"/>
  </code>
  <code code="ITALY">
    <editdetail attribution="Reuters BIP Coding Group" action="confirmed" date="1997-06-06"/>
  </code>
</codes>
<codes class="bip:topics:1.0">
  <code code="GCAT">
    <editdetail attribution="Reuters BIP Coding Group" action="confirmed" date="1997-06-06"/>
  </code>
  <code code="GSPO">
    <editdetail attribution="Reuters BIP Coding Group" action="confirmed" date="1997-06-06"/>
  </code>
</codes>
<dc element="dc.date.created" value="1997-06-06"/>
<dc element="dc.publisher" value="Reuters Holdings Plc"/>
<dc element="dc.date.published" value="1997-06-06"/>
<dc element="dc.source" value="Reuters"/>
<dc element="dc.creator.location" value="PASSO DEL TONALE, Italy"/>
<dc element="dc.creator.location.country.name" value="ITALY"/>
<dc element="dc.source" value="Reuters"/>
</metadata>
</newsitem>
