<?xml version="1.0" encoding="iso-8859-1" ?>
<newsitem itemid="642395" id="root" date="1997-06-06" xml:lang="en">
<title>UKRAINE: SOCCER-UKRAINE IN &quot;GOOD MOOD&quot; BEFORE GERMAN MATCH.</title>
<headline>SOCCER-UKRAINE IN &quot;GOOD MOOD&quot; BEFORE GERMAN MATCH.</headline>
<dateline>KIEV 1997-06-06</dateline>
<text>
<p>World Cup group nine leaders Ukraine face European champions Germany in Kiev on Saturday in a match which could decide their chance of reaching next year's finals in France.</p>
<p>Though Ukraine head the group with 13 points from seven games from Germany on 11 from five matches and Portugal on nine from six, they are missing eight players through injury.</p>
<p>National coach Jozhef Sabo said he wanted to offer a debut to a ninth player, only to discover he was injured too.</p>
<p>Nevertheless, Sabo said morale in the team was high. &quot;The mood is good and everyone wants to play.</p>
<p>&quot;We are approaching this match very seriously. Can we play the German team? Yes, we can. Can we beat the German team? Yes, we can. It will be very tough, but we will try.&quot;</p>
<p>Those who will miss the match include top Dynamo Kiev midfielder Vitaly Kosovsky, who was facing surgery on a leg injury on Friday.</p>
<p>German coach Berti Vogts, meanwhile, has still not decided who should team up with captain Juergen Klinsmann in attack.</p>
<p>Vogts is divided between Oliver Bierhoff from Udinese Calcio or the Bundesliga's top scorer from Bayer Leverkusen, Ulf Kirsten, who is suffering from a slightly bruised rib.</p>
<p>Bochum's Dariusz Wosz replaces Andreas Moeller, who helped Borussia Dortmund to victory in the European Cup final last week, but now has a knee injury.</p>
<p>European Footballer of the Year Matthias Sammer from Borussia Dortmund is also set to return to the squad, but Stefan Reuter, suffering from muscular problems, will be replaced on the right by Dortmund team mate Joerg Heinrich.</p>
<p>Teams:</p>
<p>Ukraine: 1-Oleksander Shovkovsky; 2-Oleh Luzhny, 3-Yuri Dmytrulin, 4-Oleksander Golovko, 5-Vladyslav Vashchuk; 6-Dmytro Mykhailenko, 7-Serhiy Nahornyak, 8-Yuri Kalitvintsev, 9-Hennady Zubov; 10-Andriy Shevchenko, 11-Serhiy Rebrov.</p>
<p>Germany (from): Andreas Koepke, Matthias Sammer, Juergen Kohler, Thomas Helmer, Joerg Heinrich, Dieter Eilts, Christian Ziege, Mario Basler, Dariusz Wosz, Ulf Kirsten Oliver Bierhoff, Juergen Klinsmann.</p>
</text>
<copyright>(c) Reuters Limited 1997</copyright>
<metadata>
<codes class="bip:countries:1.0">
  <code code="GFR">
    <editdetail attribution="Reuters BIP Coding Group" action="confirmed" date="1997-06-06"/>
  </code>
  <code code="UKRN">
    <editdetail attribution="Reuters BIP Coding Group" action="confirmed" date="1997-06-06"/>
  </code>
</codes>
<codes class="bip:topics:1.0">
  <code code="GCAT">
    <editdetail attribution="Reuters BIP Coding Group" action="confirmed" date="1997-06-06"/>
  </code>
  <code code="GSPO">
    <editdetail attribution="Reuters BIP Coding Group" action="confirmed" date="1997-06-06"/>
  </code>
</codes>
<dc element="dc.date.created" value="1997-06-06"/>
<dc element="dc.publisher" value="Reuters Holdings Plc"/>
<dc element="dc.date.published" value="1997-06-06"/>
<dc element="dc.source" value="Reuters"/>
<dc element="dc.creator.location" value="KIEV"/>
<dc element="dc.creator.location.country.name" value="UKRAINE"/>
<dc element="dc.source" value="Reuters"/>
</metadata>
</newsitem>
