<?xml version="1.0" encoding="iso-8859-1" ?>
<newsitem itemid="642349" id="root" date="1997-06-06" xml:lang="en">
<title>UK: GOLF-MONTGOMERIE SEIZES LEAD IN EURO GRAND PRIX.</title>
<headline>GOLF-MONTGOMERIE SEIZES LEAD IN EURO GRAND PRIX.</headline>
<byline>Norman Dabell</byline>
<dateline>HEXHAM, England 1997-06-06</dateline>
<text>
<p>Colin Montgomerie set up his first European Tour victory chance of the season with a four-under-par 68 for a one-shot lead after the second round of the European Grand Prix on Friday.</p>
<p>Montgomerie's late decision to request an invitation to the event the week before the U.S. Open looks to have proved a wise one.</p>
<p>He climbed to seven-under with another exhilerating start to edge one shot ahead of the defending champion Retief Goosen of South Africa and fellow Briton Barry Lane.</p>
<p>Three more Britons are a further stroke back, Steven Bottomley, Paul Lawrie and David Carter, with Spaniard Ignacio Feliu.</p>
<p>First-round leader Steve Webster of England slumped to a 76 to fall five shots off the pace.</p>
<p>Three birdies in the first four holes got Montgomerie off to a flying start and he went into the lead by the fourth.</p>
<p>A stroke of luck when his ball struck hazard sleepers and bounced back into play on the awkward ninth kept his momentum and he moved one ahead of the field by picking up another shot on the 11th.</p>
<p>His first bogey since dropping a shot at the 15th hole in the third round of his previous event, the PGA Championship, came at the 13th when he misclubbed to go over the green, but the reigning European number one got back on course with a huge 40ft birdie putt on the 16th.</p>
<p>&quot;I'm exactly where I feel most comfortable in Europe and that's on top of the leaderboard with everyone looking up at me,&quot; said Montgomerie.</p>
<p>&quot;I came here to get into contention, especially bearing in mind it's the U.S. Open next week.</p>
<p>Goosen birdied the last two holes for a 69 to give himself hopes of back to back victories here.</p>
<p>&quot;I obviously like the course but there are parts of my game where I'm struggling, having difficulty reading the lines on the greens, for instance. And my driving is not too good, but I can keep the ball in play with my irons,&quot; said the big-hitting South African.</p>
<p>Lane has had a poor start to his season but challenged Montgomerie with a good run in the middle of his opening nine holes, picking up an eagle and two birdies to go on to card 68 as well.</p>
</text>
<copyright>(c) Reuters Limited 1997</copyright>
<metadata>
<codes class="bip:countries:1.0">
  <code code="UK">
    <editdetail attribution="Reuters BIP Coding Group" action="confirmed" date="1997-06-06"/>
  </code>
  <code code="USA">
    <editdetail attribution="Reuters BIP Coding Group" action="confirmed" date="1997-06-06"/>
  </code>
</codes>
<codes class="bip:topics:1.0">
  <code code="GCAT">
    <editdetail attribution="Reuters BIP Coding Group" action="confirmed" date="1997-06-06"/>
  </code>
  <code code="GSPO">
    <editdetail attribution="Reuters BIP Coding Group" action="confirmed" date="1997-06-06"/>
  </code>
</codes>
<dc element="dc.date.created" value="1997-06-06"/>
<dc element="dc.publisher" value="Reuters Holdings Plc"/>
<dc element="dc.date.published" value="1997-06-06"/>
<dc element="dc.source" value="Reuters"/>
<dc element="dc.creator.location" value="HEXHAM, England"/>
<dc element="dc.creator.location.country.name" value="UK"/>
<dc element="dc.source" value="Reuters"/>
</metadata>
</newsitem>
