<?xml version="1.0" encoding="iso-8859-1" ?>
<newsitem itemid="642456" id="root" date="1997-06-06" xml:lang="en">
<title>NAMIBIA: NAMIBIA'S FISHING INDUSTRY SEEN IMPROVING.</title>
<headline>NAMIBIA'S FISHING INDUSTRY SEEN IMPROVING.</headline>
<dateline>WINDHOEK 1997-06-06</dateline>
<text>
<p>Namibia's fishing industry is steering out of choppy waters amid an improvement in maritime conditions, higher quotas and a greater cooperation with the government, an industry analyst said on Friday.</p>
<p>Wilfried Moroff of stockbroking firm Simpson McKie said the Southern African country had seen a vast improvement in the quality of fish and higher yields for fish oil and fish meal due to better oxygen levels and nutritional contents of the waters off its coast in the past five months.</p>
<p>&quot;This...is evident from the unexpected allocation of a 25,000 tonne pilchard quota and the raising of the horse mackerel quota from 250,000 to 350,000,&quot; Moroff said in a research report on Namibia's fishing industry.</p>
<p>Moroff said improved fishing conditions off Namibia's coastal waters could boost the country's fishing stocks, such as Namibian Sea Products Ltd and Namibian Fishing Industries Ltd .</p>
<p>He said good spawning of pilchard and horse mackerel had been recorded and hake sizes had also improved since the beginning of the year.</p>
<p>There had also been positive steps towards greater cooperation between the fisheries ministry and the fishing industry, Moroff said. He added bi-annual research trips to determine total allowable catches for various species were now jointly being conducted with vessels manned by both industry and research personnel.</p>
<p>&quot;This will lead to better management of the resource and greater consensus in the allocation of quotas,&quot; he told Reuters.</p>
<p>-- Frauke Jensen, Windhoek newsroom +264-61-245260</p>
</text>
<copyright>(c) Reuters Limited 1997</copyright>
<metadata>
<codes class="bip:countries:1.0">
  <code code="NAMIB">
    <editdetail attribution="Reuters BIP Coding Group" action="confirmed" date="1997-06-06"/>
  </code>
</codes>
<codes class="bip:industries:1.0">
  <code code="I03000">
    <editdetail attribution="Reuters BIP Coding Group" action="confirmed" date="1997-06-06"/>
  </code>
  <code code="I41500">
    <editdetail attribution="Reuters BIP Coding Group" action="confirmed" date="1997-06-06"/>
  </code>
</codes>
<codes class="bip:topics:1.0">
  <code code="C13">
    <editdetail attribution="Reuters BIP Coding Group" action="confirmed" date="1997-06-06"/>
  </code>
  <code code="C21">
    <editdetail attribution="Reuters BIP Coding Group" action="confirmed" date="1997-06-06"/>
  </code>
  <code code="C31">
    <editdetail attribution="Reuters BIP Coding Group" action="confirmed" date="1997-06-06"/>
  </code>
  <code code="CCAT">
    <editdetail attribution="Reuters BIP Coding Group" action="confirmed" date="1997-06-06"/>
  </code>
</codes>
<dc element="dc.date.created" value="1997-06-06"/>
<dc element="dc.publisher" value="Reuters Holdings Plc"/>
<dc element="dc.date.published" value="1997-06-06"/>
<dc element="dc.source" value="Reuters"/>
<dc element="dc.creator.location" value="WINDHOEK"/>
<dc element="dc.creator.location.country.name" value="NAMIBIA"/>
<dc element="dc.source" value="Reuters"/>
</metadata>
</newsitem>
