<?xml version="1.0" encoding="iso-8859-1" ?>
<newsitem itemid="642448" id="root" date="1997-06-06" xml:lang="en">
<title>SPAIN: SOCCER-SPAIN LOOK TO SEAL GROUP AND END CZECH HOPES.</title>
<headline>SOCCER-SPAIN LOOK TO SEAL GROUP AND END CZECH HOPES.</headline>
<byline>Richard Bastin</byline>
<dateline>MADRID 1997-06-06</dateline>
<text>
<p>Spain and the Czech Republic could hardly go into Sunday's World Cup qualifying match in more contrasting positions.</p>
<p>While a win would leave Spain poised to win group six, even three points may not be enough for the Czechs, who face an early exit from the competition less than a year after reaching the Euro 96 final.</p>
<p>With only four points from as many games, defeat or a draw would certainly drop the Czechs from contention.</p>
<p>Spain lead the group after five wins and away draws against the Yugoslavs and the Czechs.</p>
<p>But anything less than a victory on Sunday could again open the way to Yugoslavia, who are one point behind Spain with 16 points after snatching a last-gasp victory from the Czechs in April.</p>
<p>The result left Czech coach Dusan Uhrin realistic about his side's chances.</p>
<p>&quot;This is our last chance, if we win, we are still playing for a spot,&quot; Uhrin said.</p>
<p>To make matters worse for the Czechs, injuries have left Uhrin struggling to put together a side.</p>
<p>The Czechs were already having to plug a gaping hole in midfield through the suspension of Atletico Madrid set-piece ace Radek Bejbl and an injury suffered by Liverpool's Patrik Berger.</p>
<p>But Uhrin's problems were exacerbated on Wednesday when Kaiserslautern striker Pavel Kuka and Racing Strasbourg defender Jan Suchoparek, mainstays of the Czech team for the past two years, also pulled out injured.</p>
<p>Kuka, who has been heavily criticised for missing several easy chances in the last two games, will be replaced up front by Racing Lens striker Vladimir Smicer.</p>
<p>Sigma Olomouc defender Karel Rada is expected to replace Suchoparek.</p>
<p>&quot;I will not call up any other players. We have right now exactly 19 players who will be able to travel to Spain ... and I hope nothing else happens to anyone,&quot; Uhrin said.</p>
<p>Javier Clemente's Spain side also have injury problems.</p>
<p>Defenders Sergi Barjuan and Miguel Angel Nadal have both pulled out of the squad, while another Barcelona man, midfielder Guillermo Amor is doubtful for the game because of 'flu.</p>
<p>Clemente has brought in striker Ismael Urzaiz and utility player Juan Lopez to fill the gaps.</p>
<p>Poor weather has further disrupted Spain's preparations, heavy rain even causing the partial collapse of the ceiling during one of Clemente's press conferences.</p>
<p>But Clemente is confident the team will not be affected.</p>
<p>&quot;The base of the team is already there,&quot; said Clemente &quot;And if we beat the Czechs then World Cup classification will be a fact, because we then have games against not so strong rivals,&quot;</p>
<p>&quot;I believe we can win, the Czechs are not easy rivals, but my team is strong,&quot; he said.</p>
<p>Probable teams:</p>
<p>Spain:</p>
<p>Goalkeeper - Andoni Zubizarreta</p>
<p>Defenders - Rafael Alkorta, Roberto Rios, Juan Lopez, Abelardo Fernandez</p>
<p>Midfielders - Fernando Hierro, Josep Guardiola, Julen Guerrero, Emilio Amavisca</p>
<p>Strikers - Alfonso Perez, Raul Gonzalez</p>
<p>Czech Republic (from):</p>
<p>Goalkeepers - Ludek Miklosko, Pavel Srnicek</p>
<p>Defenders - Tomas Repka, Michal Hornak, Miroslav Kadlec, Karel Rada, Petr Vlcek</p>
<p>Midfielders - Jiri Nemec, Radoslav Latal, Rene Wagner, Pavel Nedved, Karel Poborsky, Martin Frydek, Radomir Sloncik, Martin Hasek, Ivo Ulich</p>
<p>Strikers - Vladimir Smicer, Horst Siegl, Martin Cizek</p>
</text>
<copyright>(c) Reuters Limited 1997</copyright>
<metadata>
<codes class="bip:countries:1.0">
  <code code="CZREP">
    <editdetail attribution="Reuters BIP Coding Group" action="confirmed" date="1997-06-06"/>
  </code>
  <code code="SPAIN">
    <editdetail attribution="Reuters BIP Coding Group" action="confirmed" date="1997-06-06"/>
  </code>
</codes>
<codes class="bip:topics:1.0">
  <code code="GCAT">
    <editdetail attribution="Reuters BIP Coding Group" action="confirmed" date="1997-06-06"/>
  </code>
  <code code="GSPO">
    <editdetail attribution="Reuters BIP Coding Group" action="confirmed" date="1997-06-06"/>
  </code>
</codes>
<dc element="dc.date.created" value="1997-06-06"/>
<dc element="dc.publisher" value="Reuters Holdings Plc"/>
<dc element="dc.date.published" value="1997-06-06"/>
<dc element="dc.source" value="Reuters"/>
<dc element="dc.creator.location" value="MADRID"/>
<dc element="dc.creator.location.country.name" value="SPAIN"/>
<dc element="dc.source" value="Reuters"/>
</metadata>
</newsitem>
