<?xml version="1.0" encoding="iso-8859-1" ?>
<newsitem itemid="642451" id="root" date="1997-06-06" xml:lang="en">
<title>ZIMBABWE: ZIMBABWE MONEY RATES QUOTED MIXED ON FRIDAY.</title>
<headline>ZIMBABWE MONEY RATES QUOTED MIXED ON FRIDAY.</headline>
<text>
<p>HARARE, June 6 (Reutetr) - Short-term trading rates on Zimbabwe's money market were quoted mixed on Friday, dealers said.</p>
<p>The market opened with a slight surplus of Z$9.6 million but the central Reserve Bank forecast a Z$23 million shortage at the end of the day, for which reason it was not auctioning any treasury bills as it normally does to mop up excess liquidity.</p>
<p>On the secondary market, treasury bills were being traded at 22.75 percent, slightly down from 23 percent but call money edged up to 23 percent from 22.</p>
<p>NCD bills redeemable after 30, 60 and 90 days were being bought at 27 percent from 25.5 percent while their selling rate eased to 23.5 from 24.5 percent.</p>
<p>Bank acceptance bills were quoted at 26 percent percent (buying) from 24.5 and were being sold steadily at 23 percent.</p>
<p>--Stella Mapenzauswa, Harare Newsroom: +263-4 72 52 7/8/9</p>
</text>
<copyright>(c) Reuters Limited 1997</copyright>
<metadata>
<codes class="bip:countries:1.0">
  <code code="ZIMBAB">
    <editdetail attribution="Reuters BIP Coding Group" action="confirmed" date="1997-06-06"/>
  </code>
</codes>
<codes class="bip:topics:1.0">
  <code code="M13">
    <editdetail attribution="Reuters BIP Coding Group" action="confirmed" date="1997-06-06"/>
  </code>
  <code code="M131">
    <editdetail attribution="Reuters BIP Coding Group" action="confirmed" date="1997-06-06"/>
  </code>
  <code code="MCAT">
    <editdetail attribution="Reuters BIP Coding Group" action="confirmed" date="1997-06-06"/>
  </code>
</codes>
<dc element="dc.publisher" value="Reuters Holdings Plc"/>
<dc element="dc.date.published" value="1997-06-06"/>
<dc element="dc.source" value="Reuters"/>
<dc element="dc.creator.location.country.name" value="ZIMBABWE"/>
<dc element="dc.source" value="Reuters"/>
</metadata>
</newsitem>
