<?xml version="1.0" encoding="iso-8859-1" ?>
<newsitem itemid="642450" id="root" date="1997-06-06" xml:lang="en">
<title>FRANCE: TENNIS-MAJOLI THINKS SHE CAN BEAT HINGIS BUT FEW OTHERS DO.</title>
<headline>TENNIS-MAJOLI THINKS SHE CAN BEAT HINGIS BUT FEW OTHERS DO.</headline>
<byline>Patrick Vignal</byline>
<dateline>PARIS 1997-06-06</dateline>
<text>
<p>Iva Majoli promised to give Martina Hingis a hard time in the French Open women's final but her chances of inflicting on the world number one her first defeat of the year look slim.</p>
<p>&quot;I beat her once,&quot; said Majoli, as if she wanted to remind everybody that Hingis could be beaten. &quot;But in our last two matches she beat me.&quot;</p>
<p>Saturday's battle of teenagers between the 16-year-old Swiss and Croatia's Majoli, who is three years older, could well be a one-sided affair as Hingis looks in a class of her own.</p>
<p>&quot;Okay, she's a great player but I do believe she can be beaten,&quot; Majoli said. &quot;If I thought otherwise I'd just as well stay in bed.&quot;</p>
<p>Majoli, the ninth seed, struggled to move past South African Amanda Coetzer in a tense semifinal on Thursday to advance to her first-ever grand slam final.</p>
<p>Australian Open winner Hingis, who overcame former world number one Monica Seles after a superb fight in the other semifinal, is only one match away from her first title on the Paris clay.</p>
<p>But Majoli said she would do her best to upset the latest phenomenon in women's tennis.</p>
<p>&quot;This is my favourite grand slam and I'm in the final,&quot; she said. &quot;It's a great opportunity for me and I don't want to let it slip away.&quot;</p>
<p>Hingis, playing her first tournament since hurting her knee in a riding accident last April, has kept improving since the tournament started.</p>
<p>The kind of form she displayed against Seles, using a great variety of shots and showing superior intelligence to counter her opponent's raw power, suggested she might be a little too smart for Majoli.</p>
<p>&quot;She's consistent and she makes few mistakes,&quot; said Majoli who, like Seles, learned her trade at Nick Bollettieri's tennis academy in Bradenton, Florida. &quot;I'll just have to be aggressive and play my game.&quot;</p>
<p>It will be even more difficult for Majoli as she is suffering from a cold which prevented her from sleeping before her match against Coetzer, quarter-final conqueror of defending champion Steffi Graf.</p>
<p>&quot;I woke up in the middle of the night sweating and my whole body was burning hot,&quot; she said. &quot;During the match I was under medication, not feeling too good, but I wanted to win so badly that I didn't take too much notice. After a massage and a good night's sleep I should be all right.&quot;</p>
<p>Hingis looked tired too after her match, refusing to answer the last questions at her post-match press conference. She had said earlier that she was still receiving treatment on her knee.</p>
<p>&quot;Yesterday (Wednesday) I underwent therapy for about an hour,&quot; she said. &quot;But it's improving every day. I could run pretty well today (Thursday). Anyway, I had to if I wanted to win the match.&quot;</p>
<p>Still undefeated after all the 37 matches she has played so far this year, Hingis appeared not have been too confident when she came into the tournament.</p>
<p>&quot;My goal was to reach the semifinals,&quot; she said after beating Seles. &quot;Now I'm in the final and I do feel I have a great chance of winning the tournament.&quot;</p>
</text>
<copyright>(c) Reuters Limited 1997</copyright>
<metadata>
<codes class="bip:countries:1.0">
  <code code="CRTIA">
    <editdetail attribution="Reuters BIP Coding Group" action="confirmed" date="1997-06-06"/>
  </code>
  <code code="FRA">
    <editdetail attribution="Reuters BIP Coding Group" action="confirmed" date="1997-06-06"/>
  </code>
  <code code="SWITZ">
    <editdetail attribution="Reuters BIP Coding Group" action="confirmed" date="1997-06-06"/>
  </code>
</codes>
<codes class="bip:topics:1.0">
  <code code="GCAT">
    <editdetail attribution="Reuters BIP Coding Group" action="confirmed" date="1997-06-06"/>
  </code>
  <code code="GSPO">
    <editdetail attribution="Reuters BIP Coding Group" action="confirmed" date="1997-06-06"/>
  </code>
</codes>
<dc element="dc.date.created" value="1997-06-06"/>
<dc element="dc.publisher" value="Reuters Holdings Plc"/>
<dc element="dc.date.published" value="1997-06-06"/>
<dc element="dc.source" value="Reuters"/>
<dc element="dc.creator.location" value="PARIS"/>
<dc element="dc.creator.location.country.name" value="FRANCE"/>
<dc element="dc.source" value="Reuters"/>
</metadata>
</newsitem>
