<?xml version="1.0" encoding="iso-8859-1" ?>
<newsitem itemid="642423" id="root" date="1997-06-06" xml:lang="en">
<title>USA: NBA BASKETBALL-HORNETS C DIVAC UNDERGOES SUCCESSFUL WRIST SURGERY.</title>
<headline>NBA BASKETBALL-HORNETS C DIVAC UNDERGOES SUCCESSFUL WRIST SURGERY.</headline>
<dateline>LOS ANGELES 1997-06-05</dateline>
<text>
<p>Charlotte Hornets centre Vlade Divac underwent successful surgery Thursday to repair torn ligaments in his left wrist.</p>
<p>Divac will be in a half-cast for three to four weeks to keep the wrist immobilized and can begin shooting in six to eight weeks, the team said.</p>
<p>The 7-1 (2.16 m) Divac averaged 12.6 points, nine rebounds, 3.7 assists, 2.22 blocks and 1.27 steals, while appearing in 81 games in his first season with Charlotte.</p>
<p>A first-round pick of the Los Angeles Lakers in 1989, Divac played five years in Yugoslavia's top league prior to his NBA career.</p>
<p>He played the first seven years in the NBA with the Lakers, averaging a career-best 16.0 points and 10.4 rebounds in 1994-95.</p>
</text>
<copyright>(c) Reuters Limited 1997</copyright>
<metadata>
<codes class="bip:countries:1.0">
  <code code="USA">
    <editdetail attribution="Reuters BIP Coding Group" action="confirmed" date="1997-06-06"/>
  </code>
</codes>
<codes class="bip:topics:1.0">
  <code code="GCAT">
    <editdetail attribution="Reuters BIP Coding Group" action="confirmed" date="1997-06-06"/>
  </code>
  <code code="GSPO">
    <editdetail attribution="Reuters BIP Coding Group" action="confirmed" date="1997-06-06"/>
  </code>
</codes>
<dc element="dc.date.created" value="1997-06-05"/>
<dc element="dc.publisher" value="Reuters Holdings Plc"/>
<dc element="dc.date.published" value="1997-06-06"/>
<dc element="dc.source" value="Reuters"/>
<dc element="dc.creator.location" value="LOS ANGELES"/>
<dc element="dc.creator.location.country.name" value="USA"/>
<dc element="dc.source" value="Reuters"/>
</metadata>
</newsitem>
