<?xml version="1.0" encoding="iso-8859-1" ?>
<newsitem itemid="642433" id="root" date="1997-06-06" xml:lang="en">
<title>FRANCE: TENNIS-FRENCH OPEN MEN'S SINGLES SEMIFINAL RESULTS.</title>
<headline>TENNIS-FRENCH OPEN MEN'S SINGLES SEMIFINAL RESULTS.</headline>
<dateline>PARIS 1997-06-06</dateline>
<text>
<p>Men's singles results on the 12th</p>
<p>day of the French Open tennis tournament on Friday.</p>
<p>Prefix number denotes seeding</p>
<p>Semifinals:</p>
<p>16-Sergi Bruguera (Spain) beat Patrick Rafter (Australia) 6-7</p>
<p>(6-8) 6-1 7-5 7-6 (7-1)</p>
<p>Gustavo Kuerten (Brazil) beat Filip Dewulf (Belgium) 6-1 3-6</p>
<p>6-1 7-6 (7-4)</p>
<p>(Ends men's results)</p>
</text>
<copyright>(c) Reuters Limited 1997</copyright>
<metadata>
<codes class="bip:countries:1.0">
  <code code="AUSTR">
    <editdetail attribution="Reuters BIP Coding Group" action="confirmed" date="1997-06-06"/>
  </code>
  <code code="BELG">
    <editdetail attribution="Reuters BIP Coding Group" action="confirmed" date="1997-06-06"/>
  </code>
  <code code="BRAZ">
    <editdetail attribution="Reuters BIP Coding Group" action="confirmed" date="1997-06-06"/>
  </code>
  <code code="FRA">
    <editdetail attribution="Reuters BIP Coding Group" action="confirmed" date="1997-06-06"/>
  </code>
  <code code="SPAIN">
    <editdetail attribution="Reuters BIP Coding Group" action="confirmed" date="1997-06-06"/>
  </code>
</codes>
<codes class="bip:topics:1.0">
  <code code="GCAT">
    <editdetail attribution="Reuters BIP Coding Group" action="confirmed" date="1997-06-06"/>
  </code>
  <code code="GSPO">
    <editdetail attribution="Reuters BIP Coding Group" action="confirmed" date="1997-06-06"/>
  </code>
</codes>
<dc element="dc.date.created" value="1997-06-06"/>
<dc element="dc.publisher" value="Reuters Holdings Plc"/>
<dc element="dc.date.published" value="1997-06-06"/>
<dc element="dc.source" value="Reuters"/>
<dc element="dc.creator.location" value="PARIS"/>
<dc element="dc.creator.location.country.name" value="FRANCE"/>
<dc element="dc.source" value="Reuters"/>
</metadata>
</newsitem>
