<?xml version="1.0" encoding="iso-8859-1" ?>
<newsitem itemid="642553" id="root" date="1997-06-06" xml:lang="en">
<title>UK: Eurotunnel reopens tunnel after false alarm.</title>
<headline>Eurotunnel reopens tunnel after false alarm.</headline>
<dateline>LONDON 1997-06-06</dateline>
<text>
<p>Anglo-French Channel Tunnel railway operator Eurotunnel Plc/SA said a fire alarm had caused it to halt a shuttle train carrying lorries and evacuate the truck drivers earlier on Friday, but the alarm proved false and traffic was now running normally.</p>
<p>Eurotunnel began trial services for the lorry shuttles last month to satisfy the authorities that new safety precautions will avoid a repeat of the last year's blaze, which caused 200 million pounds of damage and injured several people.</p>
<p>A company spokesman said it was likely that there would be more interruptions from false alarms as the trials continued. &quot;We have set the alarms at a very low level so they are ultra-sensitive,&quot; he said. &quot;We might have set it too low, but we are going to get these false alarms,&quot; he said.</p>
<p>But Friday's interruption was brief, he said, causing other trains to be delayed by about 20 minutes.</p>
<p>-- London Newsroom +44 171 542 7717</p>
</text>
<copyright>(c) Reuters Limited 1997</copyright>
<metadata>
<codes class="bip:countries:1.0">
  <code code="FRA">
    <editdetail attribution="Reuters BIP Coding Group" action="confirmed" date="1997-06-06"/>
  </code>
  <code code="UK">
    <editdetail attribution="Reuters BIP Coding Group" action="confirmed" date="1997-06-06"/>
  </code>
</codes>
<codes class="bip:industries:1.0">
  <code code="I71000">
    <editdetail attribution="Reuters BIP Coding Group" action="confirmed" date="1997-06-06"/>
  </code>
</codes>
<codes class="bip:topics:1.0">
  <code code="C24">
    <editdetail attribution="Reuters BIP Coding Group" action="confirmed" date="1997-06-06"/>
  </code>
  <code code="CCAT">
    <editdetail attribution="Reuters BIP Coding Group" action="confirmed" date="1997-06-06"/>
  </code>
</codes>
<dc element="dc.date.created" value="1997-06-06"/>
<dc element="dc.publisher" value="Reuters Holdings Plc"/>
<dc element="dc.date.published" value="1997-06-06"/>
<dc element="dc.source" value="Reuters"/>
<dc element="dc.creator.location" value="LONDON"/>
<dc element="dc.creator.location.country.name" value="UK"/>
<dc element="dc.source" value="Reuters"/>
</metadata>
</newsitem>
