<?xml version="1.0" encoding="iso-8859-1" ?>
<newsitem itemid="642545" id="root" date="1997-06-06" xml:lang="en">
<title>UK: IPE gas oil closes lower, pulled down by NYMEX.</title>
<headline>IPE gas oil closes lower, pulled down by NYMEX.</headline>
<dateline>LONDON 1997-06-06</dateline>
<text>
<p>IPE gas oil futures closed lower on Friday, pulled down by a plunge in the NYMEX complex, especially unleaded gasoline, traders said.</p>
<p>June gas oil, which had a hit a high of $168.25 a tonne, closed $1.50 down at $164.25 a tonne, while July gas oil ended the day $2.00 lower at $165.75 a tonne.</p>
<p>&quot;The market has been driven down by NYMEX. Gasoline now seems to have recovered slightly, but it was the real instigator there,&quot; one trader said.</p>
<p>&quot;If we actually start to see more healthy rises in gasoline, we are certainly looking up for gas oil as well,&quot; the trader added.</p>
<p>NYMEX July unleaded gasoline was trading 0.92 cent a gallon down at 58.80 cents by 1648 GMT, a modest gain from the day's low of 58.65. NYMEX products were called to open 0.25 to 0.50 cent higher.</p>
<p>Meanwhile, IPE July Brent continued to trade in negative territory, standing at $18.11, or 21 cents below Thursday's close.</p>
<p>--Haitham Haddadin, London newsroom, +44 171 542 8145</p>
</text>
<copyright>(c) Reuters Limited 1997</copyright>
<metadata>
<codes class="bip:countries:1.0">
  <code code="UK">
    <editdetail attribution="Reuters BIP Coding Group" action="confirmed" date="1997-06-06"/>
  </code>
</codes>
<codes class="bip:topics:1.0">
  <code code="M14">
    <editdetail attribution="Reuters BIP Coding Group" action="confirmed" date="1997-06-06"/>
  </code>
  <code code="M143">
    <editdetail attribution="Reuters BIP Coding Group" action="confirmed" date="1997-06-06"/>
  </code>
  <code code="MCAT">
    <editdetail attribution="Reuters BIP Coding Group" action="confirmed" date="1997-06-06"/>
  </code>
</codes>
<dc element="dc.date.created" value="1997-06-06"/>
<dc element="dc.publisher" value="Reuters Holdings Plc"/>
<dc element="dc.date.published" value="1997-06-06"/>
<dc element="dc.source" value="Reuters"/>
<dc element="dc.creator.location" value="LONDON"/>
<dc element="dc.creator.location.country.name" value="UK"/>
<dc element="dc.source" value="Reuters"/>
</metadata>
</newsitem>
