<?xml version="1.0" encoding="iso-8859-1" ?>
<newsitem itemid="642536" id="root" date="1997-06-06" xml:lang="en">
<title>UK: LIFFE white sugar ends weaker.</title>
<headline>LIFFE white sugar ends weaker.</headline>
<dateline>LONDON 1997-06-06</dateline>
<text>
<p>LIFFE white sugar futures ended Friday weaker as the market corrected down after the fund-inspired rally earlier in the week, traders said.</p>
<p>August fell 70 cents to end at $326.00 and October was down $1.30 at $316.00. Volume reached 2,445 lots, boosted by crosses on August. Aug/Oct spread widened slightly to $10.</p>
<p>Traders said the perception of seasonal tightness into Europe's summer months should keep nearby prices underpinned although sell orders at $330 and above would continue to cap August gains.</p>
<p>London's perceived strength should make the Aug/July arbitrage versus New York a buy at current levels as the New York market is expected to weaken.</p>
<p>Fund players in the raws still had to liquidate hefty long July positions before expiry on June 30 and the nearby arbitrage was already attracting sellers keen for quick daily profits, they said.</p>
<p>In fundamental news, Cuba ended its 1996/97 sugar cane harvest on Friday with production lower than originally forecast by authorities.</p>
<p>Experts put the harvest at around 4.1 to 4.2 million tonnes. Officials had in December predicted a modest improvement over the 1995/96 harvet of 4.45 million.</p>
<p>-- London Newsroom +44 171 542 4985</p>
</text>
<copyright>(c) Reuters Limited 1997</copyright>
<metadata>
<codes class="bip:countries:1.0">
  <code code="UK">
    <editdetail attribution="Reuters BIP Coding Group" action="confirmed" date="1997-06-06"/>
  </code>
</codes>
<codes class="bip:topics:1.0">
  <code code="M14">
    <editdetail attribution="Reuters BIP Coding Group" action="confirmed" date="1997-06-06"/>
  </code>
  <code code="M141">
    <editdetail attribution="Reuters BIP Coding Group" action="confirmed" date="1997-06-06"/>
  </code>
  <code code="MCAT">
    <editdetail attribution="Reuters BIP Coding Group" action="confirmed" date="1997-06-06"/>
  </code>
</codes>
<dc element="dc.date.created" value="1997-06-06"/>
<dc element="dc.publisher" value="Reuters Holdings Plc"/>
<dc element="dc.date.published" value="1997-06-06"/>
<dc element="dc.source" value="Reuters"/>
<dc element="dc.creator.location" value="LONDON"/>
<dc element="dc.creator.location.country.name" value="UK"/>
<dc element="dc.source" value="Reuters"/>
</metadata>
</newsitem>
