<?xml version="1.0" encoding="iso-8859-1" ?>
<newsitem itemid="642584" id="root" date="1997-06-06" xml:lang="en">
<title>GUINEA BISSAU: GOVERNMENT LIST.</title>
<headline>GOVERNMENT LIST.</headline>
<text>
<p>GUINEA-BISSAU GOVERNMENT LIST (970606)</p>
<p>Head of State, President of the State</p>
<p>   Council................................Joao Bernardo VIEIRA</p>
<p>(Sworn in 29 Sept 94 after the country's first free</p>
<p>elections, president since coup in 1980)</p>
<p>			     - - - - - - - -</p>
<p> Prime Minister (Apptd 6 June 97)...............Carlos CORREIA</p>
<p>			     - - - - - - - -</p>
<p>OUTGOING CABINET (Formed 18 Nov 94)</p>
<p> Prime Minister (Apptd 25 Oct 94).......Manuel Saturnino COSTA</p>
<p>			     - - - - - - - -</p>
<p>MINISTERS:</p>
<p> Agriculture &amp; Rural Development................Isaac MONTEIRO</p>
<p> Communications &amp; Parliamentary Affairs.........Helder PROENCA</p>
<p> Defence...........................................Arafam MANE</p>
<p> Education.........................................Ibrahima SO</p>
<p> Energy, Industry &amp; Natural Resources.......Joao Gomes CARDOSO</p>
<p> Finance......................................Rui Dia de SOUSA</p>
<p> Fisheries.........................................Artur SILVA</p>
<p> Foreign Affairs &amp; Guinean Communities...........Ansumane MANE</p>
<p> Interior..................................Luis Oliveira SANCA</p>
<p> Justice.......................................Daniel FERREIRA</p>
<p> Planning &amp; International Cooperation..........Aristides GOMES</p>
<p> Public Administration and Labour...............Abubacar BALDE</p>
<p> Public Health................................Eugenia SALDANHA</p>
<p>Social Affairs &amp; Promotion</p>
<p>     of Women......................Nharebat N'Incaia N'TCHASSO</p>
<p> Social Infrastructure..........................Armando NAPOCK</p>
<p> Trade............................................Zeca MARTINS</p>
<p>			    - - - - - - - - -</p>
<p> National Bank Governor...................Luis Candido RIBEIRO</p>
<p>			    - - - - - - - - -</p>
<p>	 NOTE: Any comments/queries on the content of this</p>
<p>		 government list, please contact the Reuter</p>
<p>		 Editorial Reference Unit, London, on (171) 542</p>
<p>		 7968.</p>
<p>			 (End Government List)</p>
</text>
<copyright>(c) Reuters Limited 1997</copyright>
<metadata>
<codes class="bip:countries:1.0">
  <code code="GUBI">
    <editdetail attribution="Reuters BIP Coding Group" action="confirmed" date="1997-06-06"/>
  </code>
</codes>
<codes class="bip:topics:1.0">
  <code code="GCAT">
    <editdetail attribution="Reuters BIP Coding Group" action="confirmed" date="1997-06-06"/>
  </code>
  <code code="GPOL">
    <editdetail attribution="Reuters BIP Coding Group" action="confirmed" date="1997-06-06"/>
  </code>
</codes>
<dc element="dc.publisher" value="Reuters Holdings Plc"/>
<dc element="dc.date.published" value="1997-06-06"/>
<dc element="dc.source" value="Reuters"/>
<dc element="dc.creator.location.country.name" value="GUINEA BISSAU"/>
<dc element="dc.source" value="Reuters"/>
</metadata>
</newsitem>
