<?xml version="1.0" encoding="iso-8859-1" ?>
<newsitem itemid="642525" id="root" date="1997-06-06" xml:lang="en">
<title>UK: London LIFFE futures APT closing prices.</title>
<headline>London LIFFE futures APT closing prices.</headline>
<dateline>LONDON 1997-06-06</dateline>
<text>
<p>London International Financial Futures Exchange automated pit trading (APT) tabular details:</p>
<p>   CONTRACT (MONTH)	APT CLOSE  SETTLEMENT  PREVIOUS SETTLE</p>
<p>   LONG GILT (JUN) (1/32)  113-28	 113-24	   113-04</p>
<p>   SHORT STERLING (JUN)     93.29	  93.28	    93.34</p>
<p>   GERMAN GOVT BOND (SEP)  100.98	 100.74	   101.42</p>
<p>   EUROMARK (JUN)	     96.85	  96.83	    96.82</p>
<p>   ITALIAN GOVT BOND (SEP) 130.27	 130.23	   130.52</p>
<p>   EUROLIRA (JUN)	     93.10	  93.10	    93.17</p>
<p>   EUROSWISS (JUN)	    98.55	  98.57	    98.57</p>
<p>   FTSE 100 (JUN)	  4,676.00     4,656.00	 4,576.00</p>
</text>
<copyright>(c) Reuters Limited 1997</copyright>
<metadata>
<codes class="bip:countries:1.0">
  <code code="UK">
    <editdetail attribution="Reuters BIP Coding Group" action="confirmed" date="1997-06-06"/>
  </code>
</codes>
<codes class="bip:topics:1.0">
  <code code="M12">
    <editdetail attribution="Reuters BIP Coding Group" action="confirmed" date="1997-06-06"/>
  </code>
  <code code="MCAT">
    <editdetail attribution="Reuters BIP Coding Group" action="confirmed" date="1997-06-06"/>
  </code>
</codes>
<dc element="dc.date.created" value="1997-06-06"/>
<dc element="dc.publisher" value="Reuters Holdings Plc"/>
<dc element="dc.date.published" value="1997-06-06"/>
<dc element="dc.source" value="Reuters"/>
<dc element="dc.creator.location" value="LONDON"/>
<dc element="dc.creator.location.country.name" value="UK"/>
<dc element="dc.source" value="Reuters"/>
</metadata>
</newsitem>
