<?xml version="1.0" encoding="iso-8859-1" ?>
<newsitem itemid="642533" id="root" date="1997-06-06" xml:lang="en">
<title>UK: NWE straight-run fuel quiet, mild over-supply.</title>
<headline>NWE straight-run fuel quiet, mild over-supply.</headline>
<dateline>LONDON 1997-06-06</dateline>
<text>
<p>European straight-run markets were quiet on Friday with supply ample and little buying interest, traders said.</p>
<p>After the two cargo deals in Europe this week most buying interest was satisfied. A British major was offering Egyptian straight-run and a U.S. refiner was showing some British barrels on Friday.</p>
<p>Prices were said to be slightly off on the over-supply and weaker crude at $101-$103 fob a tonne.</p>
<p>Russians were thinly talked, with premiums for good quality E-4 material steady at Thursday's $2.50-$3.00 over the three means.</p>
<p>-- London newsroom +44 171 542 8060</p>
</text>
<copyright>(c) Reuters Limited 1997</copyright>
<metadata>
<codes class="bip:countries:1.0">
  <code code="UK">
    <editdetail attribution="Reuters BIP Coding Group" action="confirmed" date="1997-06-06"/>
  </code>
</codes>
<codes class="bip:topics:1.0">
  <code code="M14">
    <editdetail attribution="Reuters BIP Coding Group" action="confirmed" date="1997-06-06"/>
  </code>
  <code code="M143">
    <editdetail attribution="Reuters BIP Coding Group" action="confirmed" date="1997-06-06"/>
  </code>
  <code code="MCAT">
    <editdetail attribution="Reuters BIP Coding Group" action="confirmed" date="1997-06-06"/>
  </code>
</codes>
<dc element="dc.date.created" value="1997-06-06"/>
<dc element="dc.publisher" value="Reuters Holdings Plc"/>
<dc element="dc.date.published" value="1997-06-06"/>
<dc element="dc.source" value="Reuters"/>
<dc element="dc.creator.location" value="LONDON"/>
<dc element="dc.creator.location.country.name" value="UK"/>
<dc element="dc.source" value="Reuters"/>
</metadata>
</newsitem>
