<?xml version="1.0" encoding="iso-8859-1" ?>
<newsitem itemid="642576" id="root" date="1997-06-06" xml:lang="en">
<title>UK: UK's Princess Diana to visit Jamaica.</title>
<headline>UK's Princess Diana to visit Jamaica.</headline>
<dateline>LONDON 1997-06-06</dateline>
<text>
<p>Britain's Princess Diana will visit Jamaica in October on a medical fund-raising mission, a children's charity said on Friday.</p>
<p>The Chain of Hope said Diana, who sees herself as a beacon for the sick and needy since her divorce from Prince Charles, said the princess would visit the Caribbean on October 24.</p>
<p>She will speak at a banquet in the Jamaican capital of Kingston to raise funds for vital medical equipment needed by local children, the charity said.</p>
<p>Following the collapse of her marriage to Britain's king-in-waiting, Diana said she wanted to be an ambassador for Britain and &quot;Queen of Hearts&quot; reaching out to the world's poor, sick and dispossessed.</p>
<p>She is currently auctioning off a sumptuous wardrobe of old ball gowns to raise money for AIDS and cancer charities, and made headlines with a high-profile trip to Angola highlighting the dangers of landmines.</p>
<p>A spokeswoman for Diana, whose sons are second and third in line for the throne, said no details were yet available about the Jamaica trip.</p>
<p>But she said Diana would attend a fund-raising lunch in London in September to raise money for a Kingston hospital.</p>
<p>The Chain of Hope is a non-profit organisation dedicated to helping children with potentially correctable diseases. It sends medical teams abroad to treat children and train local doctors.</p>
<p>Last year, its patron Sir Magdi Yacoub, a renowned surgeon whose work Diana has followed closely, visited Jamaica to operate on 15 children suffering from life-threatening heart disease.</p>
<p>Diana stirred controversy when she was filmed in full make-up and a surgical mask watching Yacoub perform heart surgery on a young African boy.</p>
</text>
<copyright>(c) Reuters Limited 1997</copyright>
<metadata>
<codes class="bip:countries:1.0">
  <code code="JAMA">
    <editdetail attribution="Reuters BIP Coding Group" action="confirmed" date="1997-06-06"/>
  </code>
  <code code="UK">
    <editdetail attribution="Reuters BIP Coding Group" action="confirmed" date="1997-06-06"/>
  </code>
</codes>
<codes class="bip:topics:1.0">
  <code code="GCAT">
    <editdetail attribution="Reuters BIP Coding Group" action="confirmed" date="1997-06-06"/>
  </code>
  <code code="GPRO">
    <editdetail attribution="Reuters BIP Coding Group" action="confirmed" date="1997-06-06"/>
  </code>
</codes>
<dc element="dc.date.created" value="1997-06-06"/>
<dc element="dc.publisher" value="Reuters Holdings Plc"/>
<dc element="dc.date.published" value="1997-06-06"/>
<dc element="dc.source" value="Reuters"/>
<dc element="dc.creator.location" value="LONDON"/>
<dc element="dc.creator.location.country.name" value="UK"/>
<dc element="dc.source" value="Reuters"/>
</metadata>
</newsitem>
