<?xml version="1.0" encoding="iso-8859-1" ?>
<newsitem itemid="642528" id="root" date="1997-06-06" xml:lang="en">
<title>UK: Transco U.K. gas forecasts for June 7.</title>
<headline>Transco U.K. gas forecasts for June 7.</headline>
<dateline>LONDON 1997-06-06</dateline>
<text>
<p>Transco, the pipeline and transport arm of BG Plc has announced the following forecasts and data for U.K. natural gas in the period June 5 to 7.</p>
<p>DEMAND:</p>
<p>(mcm = million cubic metres)</p>
<p>June 5 (actual) 150 mcm, 35 percent of peak day demand</p>
<p>June 6 (forecast) 150 mcm, 35 percent of peak day demand</p>
<p>June 7 (forecast) 141 mcm, 33 percent of peak day demand</p>
<p>TEMPERATURE</p>
<p>(SNT = seasonal normal temperature)</p>
<p>June 5 (actual) 17.5 Celsius, SNT 14.8 Celsius</p>
<p>June 6 (forecast) 17.7 Celsius, SNT 14.9 Celsius</p>
<p>June 7 (forecast) 17.5 Celsius, SNT 15.0 Celsius</p>
<p>There was no supply interruption on Friday, with none expected for Saturday.</p>
<p>-London Newsroom, +44 171 542 6412</p>
</text>
<copyright>(c) Reuters Limited 1997</copyright>
<metadata>
<codes class="bip:countries:1.0">
  <code code="UK">
    <editdetail attribution="Reuters BIP Coding Group" action="confirmed" date="1997-06-06"/>
  </code>
</codes>
<codes class="bip:industries:1.0">
  <code code="I16200">
    <editdetail attribution="Reuters BIP Coding Group" action="confirmed" date="1997-06-06"/>
  </code>
</codes>
<codes class="bip:topics:1.0">
  <code code="C31">
    <editdetail attribution="Reuters BIP Coding Group" action="confirmed" date="1997-06-06"/>
  </code>
  <code code="CCAT">
    <editdetail attribution="Reuters BIP Coding Group" action="confirmed" date="1997-06-06"/>
  </code>
  <code code="GCAT">
    <editdetail attribution="Reuters BIP Coding Group" action="confirmed" date="1997-06-06"/>
  </code>
  <code code="GWEA">
    <editdetail attribution="Reuters BIP Coding Group" action="confirmed" date="1997-06-06"/>
  </code>
  <code code="M14">
    <editdetail attribution="Reuters BIP Coding Group" action="confirmed" date="1997-06-06"/>
  </code>
  <code code="M143">
    <editdetail attribution="Reuters BIP Coding Group" action="confirmed" date="1997-06-06"/>
  </code>
  <code code="MCAT">
    <editdetail attribution="Reuters BIP Coding Group" action="confirmed" date="1997-06-06"/>
  </code>
</codes>
<dc element="dc.date.created" value="1997-06-06"/>
<dc element="dc.publisher" value="Reuters Holdings Plc"/>
<dc element="dc.date.published" value="1997-06-06"/>
<dc element="dc.source" value="Reuters"/>
<dc element="dc.creator.location" value="LONDON"/>
<dc element="dc.creator.location.country.name" value="UK"/>
<dc element="dc.source" value="Reuters"/>
</metadata>
</newsitem>
