<?xml version="1.0" encoding="iso-8859-1" ?>
<newsitem itemid="642565" id="root" date="1997-06-06" xml:lang="en">
<title>UK: Key stock and currency market movements at 1600 GMT.</title>
<headline>Key stock and currency market movements at 1600 GMT.</headline>
<dateline>LONDON 1997-06-06</dateline>
<text>
<p>The following table shows the latest close of key indices* on major world stock exchanges, the day's change in points and the indices' 1997 closing highs and lows (with dates). Also shown are the London closing values of the German mark, the Japanese yen, the British pound and gold bullion (previous day's closes in brackets):</p>
<p>		  June 6    DAY'S CHANGE   1997 HIGH    1997 LOW</p>
<p>		  CLOSE	IN POINTS</p>
<p> NEW YORK    7,409.16    +103.87	  7,383.41     6,391.69</p>
<p>		 (midday)			 (May 27)     (Apr 11)</p>
<p> LONDON	4,645.0	+68.8	   4,693.9	4,056.6</p>
<p>						    (May 16)     (Jan 10)</p>
<p> TOKYO	20,485.75	-2.40	 20,611.56    17,303.65</p>
<p>						    (Jun 4)	(Jan 10)</p>
<p> FRANKFURT   3,695.29     +22.26	  3,695.29     2,848.77</p>
<p>						    (June 6)     (Jan 2)</p>
<p> PARIS	 2,719.25     +28.40	  2,786.35     2,256.97</p>
<p>						    (May 21)     (Jan 2)</p>
<p> SYDNEY	2,600.9	 -3.3	   2,625.7	2,352.20</p>
<p>						    (Jun 2)	(Apr 1)</p>
<p> HONG KONG  14,655.13    -140.39	 14,990.90    12,055.17</p>
<p>						    (Jun 2)	(Apr 3)</p>
<p>- - - - FOREIGN EXCHANGE/GOLD BULLION CLOSE IN LONDON</p>
<p> Dollar/mark....1.7285   (1.7285)</p>
<p> Dollar/yen.....115.26   (115.65)</p>
<p>Pound/dollar...$1.6273  ($1.6325)</p>
<p>Gold (ounce)...$344.45  ($341.75)</p>
<p>- - - - *INDICES USED AND THEIR ALL-TIME CLOSING HIGHS</p>
<p>New York Dow Jones industrial average -- 7,383.41 (May 27/97)</p>
<p>London FTSE 100 index -- 4,693.9 (May 16/97)</p>
<p>Tokyo Nikkei average -- 38,915.87 (Dec 29/89)</p>
<p>Frankfurt DAX-3O index -- 3,695.29 (June 6/97)</p>
<p>Paris CAC-40 General index -- 2,786.35 (May 21/97)</p>
<p>Sydney Australian All-Ordinaries index -- 2,625.7 (Jun 2/97)</p>
<p>Hong Kong Hang Seng index -- 14,990.90 (Jun 2/97)</p>
</text>
<copyright>(c) Reuters Limited 1997</copyright>
<metadata>
<codes class="bip:countries:1.0">
  <code code="AUSTR">
    <editdetail attribution="Reuters BIP Coding Group" action="confirmed" date="1997-06-06"/>
  </code>
  <code code="FRA">
    <editdetail attribution="Reuters BIP Coding Group" action="confirmed" date="1997-06-06"/>
  </code>
  <code code="GFR">
    <editdetail attribution="Reuters BIP Coding Group" action="confirmed" date="1997-06-06"/>
  </code>
  <code code="HKONG">
    <editdetail attribution="Reuters BIP Coding Group" action="confirmed" date="1997-06-06"/>
  </code>
  <code code="JAP">
    <editdetail attribution="Reuters BIP Coding Group" action="confirmed" date="1997-06-06"/>
  </code>
  <code code="UK">
    <editdetail attribution="Reuters BIP Coding Group" action="confirmed" date="1997-06-06"/>
  </code>
  <code code="USA">
    <editdetail attribution="Reuters BIP Coding Group" action="confirmed" date="1997-06-06"/>
  </code>
</codes>
<codes class="bip:topics:1.0">
  <code code="M11">
    <editdetail attribution="Reuters BIP Coding Group" action="confirmed" date="1997-06-06"/>
  </code>
  <code code="M13">
    <editdetail attribution="Reuters BIP Coding Group" action="confirmed" date="1997-06-06"/>
  </code>
  <code code="M132">
    <editdetail attribution="Reuters BIP Coding Group" action="confirmed" date="1997-06-06"/>
  </code>
  <code code="MCAT">
    <editdetail attribution="Reuters BIP Coding Group" action="confirmed" date="1997-06-06"/>
  </code>
</codes>
<dc element="dc.date.created" value="1997-06-06"/>
<dc element="dc.publisher" value="Reuters Holdings Plc"/>
<dc element="dc.date.published" value="1997-06-06"/>
<dc element="dc.source" value="Reuters"/>
<dc element="dc.creator.location" value="LONDON"/>
<dc element="dc.creator.location.country.name" value="UK"/>
<dc element="dc.source" value="Reuters"/>
</metadata>
</newsitem>
