<?xml version="1.0" encoding="iso-8859-1" ?>
<newsitem itemid="642581" id="root" date="1997-06-06" xml:lang="en">
<title>AUSTRALIA: Soccer-Venables selects 26-man World Cup qualifying.</title>
<headline>Soccer-Venables selects 26-man World Cup qualifying.</headline>
<dateline>SYDNEY 1997-06-06</dateline>
<text>
<p>Australia national team coach Terry Venables has selected a 26-man squad for the Oceania zone World Cup qualifying group, starting next week.</p>
<p>Australia must overcome Solomon Islands and Tahiti in their group before a likely play-off against New Zealand over two legs.</p>
<p>The winner must beat an Asian country in a final qualifier to reach next year's World Cup in France.</p>
<p>Squad:</p>
<p>Goalkeepers - Mark Bosnich, Zeljko Kalac, Jason Petkovic</p>
<p>Defenders - Matthew Bingley, Robbie Slater, Alex Tobin, Tony Vidmar, Milan Ivanovic, Steve Horvat Tony Popovic, Craig Moore, Robbie Hooker, Kris Trajanovski, Kevin Muscat,</p>
<p>Midfielders - Stan Lazaridis, Craig Foster, Ned Zelic, Robbie Enes, Josip Skoko, Aurelio Vidmar</p>
<p>Forwards - Damian Mori, Paul Trimboli, John Aloisi, Graham Arnold, Ernie Tapai, David Zdrilic</p>
<p>-- Sydney Newsroom 61-2 9373 1800</p>
</text>
<copyright>(c) Reuters Limited 1997</copyright>
<metadata>
<codes class="bip:countries:1.0">
  <code code="AUSTR">
    <editdetail attribution="Reuters BIP Coding Group" action="confirmed" date="1997-06-06"/>
  </code>
  <code code="NZ">
    <editdetail attribution="Reuters BIP Coding Group" action="confirmed" date="1997-06-06"/>
  </code>
  <code code="SOLIL">
    <editdetail attribution="Reuters BIP Coding Group" action="confirmed" date="1997-06-06"/>
  </code>
</codes>
<codes class="bip:topics:1.0">
  <code code="GCAT">
    <editdetail attribution="Reuters BIP Coding Group" action="confirmed" date="1997-06-06"/>
  </code>
  <code code="GSPO">
    <editdetail attribution="Reuters BIP Coding Group" action="confirmed" date="1997-06-06"/>
  </code>
</codes>
<dc element="dc.date.created" value="1997-06-06"/>
<dc element="dc.publisher" value="Reuters Holdings Plc"/>
<dc element="dc.date.published" value="1997-06-06"/>
<dc element="dc.source" value="Reuters"/>
<dc element="dc.creator.location" value="SYDNEY"/>
<dc element="dc.creator.location.country.name" value="AUSTRALIA"/>
<dc element="dc.source" value="Reuters"/>
</metadata>
</newsitem>
