<?xml version="1.0" encoding="iso-8859-1" ?>
<newsitem itemid="642562" id="root" date="1997-06-06" xml:lang="en">
<title>UK: GDR REPORT-India off slightly in thin trading.</title>
<headline>GDR REPORT-India off slightly in thin trading.</headline>
<dateline>LONDON 1997-06-06</dateline>
<text>
<p>Indian global depositary receipts drifted in sluggish trading Friday, ending slightly lower in sympathy with local markets.</p>
<p>Traders said investors were sitting on the sidelines, waiting for stimulus from India.</p>
<p>In Bombay, a six-day rally ended when speculators took profits on the last day of weekly trade accounts. Bombay stocks had risen some five percent in six straight sessions.</p>
<p>The HSBC James Capel Indian GDR index closed 0.44 points off at 82.66, with the premium over the local market at 26.16 percent from 26.55 percent.</p>
<p>Bombay's benchmark index closed down 37.41 points at 3,836.44.</p>
<p>Telco ended down 12 cents at $11.75/$12.75 and Hindalco lost 50 cents to $32.50/$33.50.</p>
<p>The HSBC James Capel Korea GDR Index gained 0.84 points to 75.06 points, a premium of 42.78 percent over the local market. Trading in Seoul was closed for a holiday.</p>
<p>The Capel Taiwan GDR Index gained 1.98 points, or 1.66 percent, to 121.71, representing a discount to the local market of 3.07 percent.</p>
<p>Taiwan GDRs were helped by strong sentiment in the high-tech sector.</p>
<p>-- James Saft, London newsroom 44 171 542 2734</p>
</text>
<copyright>(c) Reuters Limited 1997</copyright>
<metadata>
<codes class="bip:countries:1.0">
  <code code="INDIA">
    <editdetail attribution="Reuters BIP Coding Group" action="confirmed" date="1997-06-06"/>
  </code>
  <code code="UK">
    <editdetail attribution="Reuters BIP Coding Group" action="confirmed" date="1997-06-06"/>
  </code>
</codes>
<codes class="bip:topics:1.0">
  <code code="M11">
    <editdetail attribution="Reuters BIP Coding Group" action="confirmed" date="1997-06-06"/>
  </code>
  <code code="MCAT">
    <editdetail attribution="Reuters BIP Coding Group" action="confirmed" date="1997-06-06"/>
  </code>
</codes>
<dc element="dc.date.created" value="1997-06-06"/>
<dc element="dc.publisher" value="Reuters Holdings Plc"/>
<dc element="dc.date.published" value="1997-06-06"/>
<dc element="dc.source" value="Reuters"/>
<dc element="dc.creator.location" value="LONDON"/>
<dc element="dc.creator.location.country.name" value="UK"/>
<dc element="dc.source" value="Reuters"/>
</metadata>
</newsitem>
