<?xml version="1.0" encoding="iso-8859-1" ?>
<newsitem itemid="642530" id="root" date="1997-06-06" xml:lang="en">
<title>UK: NWE oil products mostly weak, fuel up, mogas falls.</title>
<headline>NWE oil products mostly weak, fuel up, mogas falls.</headline>
<dateline>LONDON 1997-06-06</dateline>
<text>
<p>NWE oil products were mostly weaker on Friday, traders said.</p>
<p>Gasoline was sharply weaker as NYMEX gasoline futures broke through technical support. Eurograde barges traded in the afternoon at $196/$197 fob ARA.</p>
<p>Naphtha was slightly weaker with crude, but an industry function stifled business.</p>
<p>Gas oil eased on softer benchmark IPE futures. Heating oil barges were done at June IPE +75 cents fob ARA for storage material for second half delivery.</p>
</text>
<copyright>(c) Reuters Limited 1997</copyright>
<metadata>
<codes class="bip:countries:1.0">
  <code code="UK">
    <editdetail attribution="Reuters BIP Coding Group" action="confirmed" date="1997-06-06"/>
  </code>
</codes>
<codes class="bip:topics:1.0">
  <code code="M14">
    <editdetail attribution="Reuters BIP Coding Group" action="confirmed" date="1997-06-06"/>
  </code>
  <code code="M143">
    <editdetail attribution="Reuters BIP Coding Group" action="confirmed" date="1997-06-06"/>
  </code>
  <code code="MCAT">
    <editdetail attribution="Reuters BIP Coding Group" action="confirmed" date="1997-06-06"/>
  </code>
</codes>
<dc element="dc.date.created" value="1997-06-06"/>
<dc element="dc.publisher" value="Reuters Holdings Plc"/>
<dc element="dc.date.published" value="1997-06-06"/>
<dc element="dc.source" value="Reuters"/>
<dc element="dc.creator.location" value="LONDON"/>
<dc element="dc.creator.location.country.name" value="UK"/>
<dc element="dc.source" value="Reuters"/>
</metadata>
</newsitem>
