<?xml version="1.0" encoding="iso-8859-1" ?>
<newsitem itemid="642558" id="root" date="1997-06-06" xml:lang="en">
<title>UK: Business slacker at end-week on sugar freight mkt.</title>
<headline>Business slacker at end-week on sugar freight mkt.</headline>
<dateline>LONDON 1997-06-06</dateline>
<text>
<p>Business was thin on the ground on London's sugar freight market at the end of the week with only a handful of fixtures and orders reported, shipobrokers said on Friday.</p>
<p>Cargill quoted for 15,600/16,500 tonnes of bulk sugar from Puerto Quetzal to Venezuela for prompt shipment.</p>
<p>Louis Dreyfus issued two new bulk orders for US Gulf/Atlantic, both for mid-June dates. It quoted for 20,000 tonnes from Durban and another similar cargo from the Philippines.</p>
<p>Shipbrokers said the only firmer business reported on Friday came from Sugar Chartering, which fixed 19/21,000 tonnes of bulk sugar from Recife to US Gulf/Atlanitc. The freight rate and shipment date were unclear, they said.</p>
<p>In other news, Iraq has agreed to buy 37,500 tonnes of sugar from Egypt although the contract still has to be approved by the United Nations.</p>
<p>The Philippines plans to import between 300,000 and 350,000 tonnes of sugar for 1997/98 (Sept/Aug) for buffer stocks and will maintain a 65 percent tariff on refined sugar imported from neighbouring countries.</p>
<p>Pakistan on Friday cancelled its tender to buy 25,000 tonnes of white refined crystal sugar for delivery at Karachi port or nearby Port Qasim by July 31.</p>
<p>-- Jeremy Smith, London Newsroom +44 171 542 8064</p>
</text>
<copyright>(c) Reuters Limited 1997</copyright>
<metadata>
<codes class="bip:countries:1.0">
  <code code="UK">
    <editdetail attribution="Reuters BIP Coding Group" action="confirmed" date="1997-06-06"/>
  </code>
</codes>
<codes class="bip:topics:1.0">
  <code code="M14">
    <editdetail attribution="Reuters BIP Coding Group" action="confirmed" date="1997-06-06"/>
  </code>
  <code code="MCAT">
    <editdetail attribution="Reuters BIP Coding Group" action="confirmed" date="1997-06-06"/>
  </code>
</codes>
<dc element="dc.date.created" value="1997-06-06"/>
<dc element="dc.publisher" value="Reuters Holdings Plc"/>
<dc element="dc.date.published" value="1997-06-06"/>
<dc element="dc.source" value="Reuters"/>
<dc element="dc.creator.location" value="LONDON"/>
<dc element="dc.creator.location.country.name" value="UK"/>
<dc element="dc.source" value="Reuters"/>
</metadata>
</newsitem>
