<?xml version="1.0" encoding="iso-8859-1" ?>
<newsitem itemid="642617" id="root" date="1997-06-06" xml:lang="en">
<title>SOUTH AFRICA: INDICATORS - South Africa - June 6.</title>
<headline>INDICATORS - South Africa - June 6.</headline>
<text>
<p>----INTEREST RATES----</p>
<p>(Closing rates)		  DATE     LATEST  PREV    4 WKS AGO</p>
<p>3 MONTH BA RATE		  05/06    15.70   15.85    15.80</p>
<p>RSA 12 PCT 2005     ZAR150= 05/06    14.59   14.65    14.92</p>
<p>ESKOM 11 PCT 2007/9 ZAE168= 05/06    14.87   14.91    15.24</p>
<p>3-MONTH T-BILL TENDER RATE   30/05    15.64   15.65    15.70</p>
<p>6-MONTH T-BILL TENDER RATE   30/05    15.06   15.14    15.31</p>
<p>PRIME RATE			 21/11/96 20.25   01/10/96 19.25</p>
<p>BANK RATE			  21/11/96 17.00   26/04/96 16.00</p>
<p>TERM LENDING BASE RATE	 28/05/97 19.50   01/04/97 19.50</p>
<p>			   ------FORECASTS------</p>
<p>			   -Economic indicators-</p>
<p>DAY    GMT   INDICATOR    PERIOD  FORECAST   RANGE     PREVIOUS</p>
<p>No major economic indicators are due for release for the rest of this week.</p>
<p>		- S.African company results consensus -</p>
<p>DAY--COMPANY------------PERIOD--CONSENSUS----RANGE---------PVS--</p>
<p>No major company results announcements are expected for the rest of this week.</p>
<p>		     -----MONTHLY DATA-----</p>
<p>			     MONTH    LATEST	  PREV    YEAR AGO</p>
<p>CONSUMER PRICES	  APR	 9.9%	    9.6	 5.5</p>
<p>PRODUCER PRICES	  MAR	 9.6%	    9.3	 5.9</p>
<p>MONEY SUPPLY M3	  MAR	16.46	   15.88    15.33</p>
<p>PRELIMINARY M3	   APR	15.44	   16.46    14.41</p>
<p>PRIVATE SECTOR CREDIT  APR	16.95	   15.95    17.34</p>
<p>GOLD OUTPUT (KG)	 APR    39,143.7     43,766.8   40,583.9</p>
<p>NEW CAR SALES	    MAY    19,375	 19,232     24,583</p>
<p>TRADE BALANCE (*)	APR     0.73 BLN	 1.98     0.76</p>
<p>EXPORTS		    APR    11.29 BLN	10.95    10.64</p>
<p>IMPORTS		    APR    10.57 BLN	 8.97     9.88</p>
<p>TTL GOLD/FORGN ASSETS  MAY	21.80 BLN     14.40     10.99</p>
<p>GOLD HOLDINGS	    APR	 5.31 BLN	5.06 BLN  7.17BLN</p>
<p>NET RESERVES CHANGE    APR	 1.34 BLN	0.46 BLN -4.25BLN</p>
<p>INDICES (1990 = 100):</p>
<p>BUSINESS CONFIDENCE    MAY     113.8	   114.0     116.9</p>
<p>MANUFACTURING SALES    MAR	97.0	   104.5	98.4</p>
<p>WHOLESALE TRADE SALES  FEB     102.3	   105.5     115.3</p>
<p>RETAIL TRADE SALES     FEB     106.9	   103.1     100.7</p>
<p>LEADING INDICATOR	FEB     111.5	   112.7     107.9</p>
<p>(*) Customs and Excise trade statistics include data from Botswana, Lesotho, Namibia and Swaziland.</p>
<p>			   ----QUARTERLY DATA----</p>
<p>			    DATE	  LATEST	   PREV   YEAR AGO</p>
<p>GDP			 1997/Q1     -0.8%	    +3.3   +3.3</p>
<p>CURRENT ACCT BALANCE  1996/Q4     -0.05 BLN RAND -2.9    -1.6</p>
<p>CAPITAL MOVEMENTS     1996/Q4     +3.3 BLN RAND  -0.77   +6.0</p>
<p>CHANGE IN INVENTORIES (1990 PRICES)</p>
<p>			    1996	  +5.41 BLN RAND  --     +9.93</p>
<p>			    ----ANNUAL DATA----</p>
<p>				 1996	     1995    1994    1993</p>
<p>GDP			    +3.1%	    +3.4    +2.7    +1.3</p>
<p>CURRENT ACCOUNT BALANCE  -8.5 BLN RAND -10.16   -1.21   -6.05</p>
<p>CAPITAL MOVEMENTS	  +3.86BLN RAND +19.23   +4.33  -15.24</p>
<p>GDFI			  +10.4%	    +8.7%   -2.8    -5.3</p>
<p>	     ----GOVT MACRO-ECONOMIC PROJECTIONS (JUNE 1996)----</p>
<p>				    1996   1997   1998   1999   2000</p>
<p>BUDGET DEFICIT (FISCAL YR)  5.1%   4.0    3.5    3.0    3.0</p>
<p>GDP GROWTH			3.5%   2.9    3.8    4.9    6.1</p>
<p>INFLATION (CPI)		 8.0%   9.7    8.1    7.7    7.6</p>
<p>NEW JOBS PER YEAR ('000)    126    252    246    320    409</p>
<p>			----LONG-TERM CREDIT RATINGS----</p>
<p>				     RAND-DEBT    FOREIGN CURRENCY</p>
<p>IBCA - updated 05-06-96	BBB	    BB</p>
<p>MOODY'S - updated 20-11-95   Baa1	   Baa3</p>
<p>S&amp;P - updated 10-10-96	 BBB+	   BB+</p>
<p>			   ----CROP ESTIMATES----</p>
<p>(MLN TONNES)</p>
<p>			    1997     1996     1995     1994     1993</p>
<p>SUGAR		     2.4/2.5  2.27     1.67     1.67     1.2</p>
<p>WHEAT			--	2.70     1.97     1.83     1.77</p>
<p>MAIZE		     7.66     9.69     4.41     11.94    8.9</p>
</text>
<copyright>(c) Reuters Limited 1997</copyright>
<metadata>
<codes class="bip:countries:1.0">
  <code code="SAFR">
    <editdetail attribution="Reuters BIP Coding Group" action="confirmed" date="1997-06-06"/>
  </code>
</codes>
<codes class="bip:topics:1.0">
  <code code="E71">
    <editdetail attribution="Reuters BIP Coding Group" action="confirmed" date="1997-06-06"/>
  </code>
  <code code="ECAT">
    <editdetail attribution="Reuters BIP Coding Group" action="confirmed" date="1997-06-06"/>
  </code>
</codes>
<dc element="dc.publisher" value="Reuters Holdings Plc"/>
<dc element="dc.date.published" value="1997-06-06"/>
<dc element="dc.source" value="Reuters"/>
<dc element="dc.creator.location.country.name" value="SOUTH AFRICA"/>
<dc element="dc.source" value="Reuters"/>
</metadata>
</newsitem>
