<?xml version="1.0" encoding="iso-8859-1" ?>
<newsitem itemid="642621" id="root" date="1997-06-06" xml:lang="en">
<title>BURKINA FASO: Burkina Faso prime minister resigns.</title>
<headline>Burkina Faso prime minister resigns.</headline>
<dateline>OUAGADOUGOU 1996-06-07</dateline>
<text>
<p>Burkina Faso's prime minister, Kadre Desire Ouedraogo, and his government resigned on Friday after he and 17 other members of the government won national assembly seats in the May 11 parliamentary election.</p>
<p>Under the West African nation's constitution a member of the national assembly cannot serve in government.</p>
<p>Ouedraogo was one of 97 members of President Blaise Compaore's ruling Congress for Democracy and Progress (CDP) who won seats in the new assembly. The assembly has 111 seats.</p>
<p>Compaore's party held 88 out of 107 seats in the outgoing national assembly, which was elected in 1992 during the former French colony's return to multi-party politics.</p>
<p>Parliament amended the constitution in January to increase the size of the assembly to 111 and allow Compaore to stand as many times as he wants for president.</p>
<p>The constitution initially limited him to one seven-year term. The next presidential election is due in 1998.</p>
<p>Compaore came to power in a 1987 army coup in which populist leader Thomas Sankara, his former close friend, was killed.</p>
</text>
<copyright>(c) Reuters Limited 1997</copyright>
<metadata>
<codes class="bip:countries:1.0">
  <code code="UPVOLA">
    <editdetail attribution="Reuters BIP Coding Group" action="confirmed" date="1997-06-06"/>
  </code>
</codes>
<codes class="bip:topics:1.0">
  <code code="GCAT">
    <editdetail attribution="Reuters BIP Coding Group" action="confirmed" date="1997-06-06"/>
  </code>
  <code code="GPOL">
    <editdetail attribution="Reuters BIP Coding Group" action="confirmed" date="1997-06-06"/>
  </code>
  <code code="GVOTE">
    <editdetail attribution="Reuters BIP Coding Group" action="confirmed" date="1997-06-06"/>
  </code>
</codes>
<dc element="dc.date.created" value="1996-06-07"/>
<dc element="dc.publisher" value="Reuters Holdings Plc"/>
<dc element="dc.date.published" value="1997-06-06"/>
<dc element="dc.source" value="Reuters"/>
<dc element="dc.creator.location" value="OUAGADOUGOU"/>
<dc element="dc.creator.location.country.name" value="BURKINA FASO"/>
<dc element="dc.source" value="Reuters"/>
</metadata>
</newsitem>
