<?xml version="1.0" encoding="iso-8859-1" ?>
<newsitem itemid="642624" id="root" date="1997-06-06" xml:lang="en">
<title>DEMOCRATIC REPUBLIC OF CONGO: New Congo's Kabila names two new ministers.</title>
<headline>New Congo's Kabila names two new ministers.</headline>
<dateline>KINSHASA 1997-06-06</dateline>
<text>
<p>Democratic Republic of the Congo President Laurent Kabila on Friday appointed two new ministers and one deputy minister to his government, state radio said.</p>
<p>Thomas Kanza was named Minister of International Cooperation and Etienne Mbaya was named Minister of Reconstruction and Urgent Public Works. Julianne Lumumba was appointed deputy minister of information.</p>
<p>Kanza is a well known political figure and a follower of Patrice Lumumba, the country's first prime minister after independence. The other two appointees are less well known.</p>
<p>When the first 13 members of the government were named two weeks ago, a spokesman said the final figure would be about 20.</p>
<p>Key posts were awarded to members of Kabila's Alliance of Democratic Forces for the Liberation of Congo which last month ousted President Mobutu Sese Seko after a seven-month war.</p>
<p>The exclusion of veteran opposition leader Etienne Tshisekedi from the post of prime minister, which he claims on the basis of a 1992 national conference, provoked protests in the capital by his supporters.</p>
</text>
<copyright>(c) Reuters Limited 1997</copyright>
<metadata>
<codes class="bip:countries:1.0">
  <code code="ZAIRE">
    <editdetail attribution="Reuters BIP Coding Group" action="confirmed" date="1997-06-06"/>
  </code>
</codes>
<codes class="bip:topics:1.0">
  <code code="GCAT">
    <editdetail attribution="Reuters BIP Coding Group" action="confirmed" date="1997-06-06"/>
  </code>
  <code code="GPOL">
    <editdetail attribution="Reuters BIP Coding Group" action="confirmed" date="1997-06-06"/>
  </code>
</codes>
<dc element="dc.date.created" value="1997-06-06"/>
<dc element="dc.publisher" value="Reuters Holdings Plc"/>
<dc element="dc.date.published" value="1997-06-06"/>
<dc element="dc.source" value="Reuters"/>
<dc element="dc.creator.location" value="KINSHASA"/>
<dc element="dc.creator.location.country.name" value="DEMOCRATIC REPUBLIC OF CONGO"/>
<dc element="dc.source" value="Reuters"/>
</metadata>
</newsitem>
