<?xml version="1.0" encoding="iso-8859-1" ?>
<newsitem itemid="642614" id="root" date="1997-06-06" xml:lang="en">
<title>DEMOCRATIC REPUBLIC OF CONGO: Kabila's troops allow protest, marchers seize guns.</title>
<headline>Kabila's troops allow protest, marchers seize guns.</headline>
<byline>William Wallis</byline>
<dateline>KINSHASA 1997-06-06</dateline>
<text>
<p>Laurent Kabila's troops allowed over 1,000 protesters to march through the capital of the Democratic Republic of the Congo on Friday in defiance of a government ban, but marchers seized guns from two soldiers who fired in the air.</p>
<p>Troops kept a close eye on the march and allowed it to pass through the city centre, but witnesses said that as protesters reached the suburban home of veteran opposition leader Etienne Tshisekedi, two soldiers fired in the air and then were surrounded by the crowd.</p>
<p>&quot;The soldiers were not hurt and walked off, but the crowd took their guns and they still have them,&quot; said one witness. It was not clear why the soldiers fired into the air.</p>
<p>Kabila and his government, which took office last month after the overthrow of President Mobutu Sese Seko, held a cabinet meeting in the southern mining city of Lubumbashi, 1,600 km (1,000 miles) from Kinshasa, officials said.</p>
<p>Protesters loyal to Tshisekedi, who has been excluded from Kabila's government, carried flags and banners which read &quot;No to dictatorship&quot; and &quot;Kabila must go&quot;.</p>
<p>They also called for the departure of ethnic Tutsi Rwandan troops who helped ensure Kabila's success in a seven-month bush war to topple Mobutu, who dominated Africa's third largest country for three decades.</p>
<p>&quot;We have marched today against dictatorship, to say no to a single party state and no to the suspension of political parties,&quot; Adrien Phongo, secretary-general of Tshisekedi's Union for Democracy and Social Progress party told the marchers. &quot;We must struggle as one man before it is too late.&quot;</p>
<p>Last week troops opened fire to disperse anti-Kabila protesters.</p>
<p>National radio published a warning from the National Information Agency, which has taken over from Mobutu's feared SNIP security police, that action would be taken against anyone taking part in a demonstration.</p>
<p>&quot;All demonstrations are forbidden, without exception,&quot; the radio said. One of the first acts of Kabila's government was to ban political activity and demonstrations, while promising to hold elections in April 1999.</p>
<p>The United States welcomed Kabila's election pledge and U.S. embassy officials in Kinshasa said envoy Bill Richardson would arrive in the capital on Friday afternoon before meeting with Kabila, probably in Lubumbashi.</p>
<p>Lubumbashi, in Kabila's home province of Katanga, is the centre of Congo's copper and cobalt mining region, which many business analysts see as the key to relaunching an economy ruined by years of political chaos and corruption.</p>
<p>Earlier on Friday a gang of around 100 youths rampaged in the centre of Kinshasa, smashing windows and throwing stones, to protest against a drop in the value of the local currency.</p>
<p>They did not claim links with either Tshisekedi or Kabila and accused Lebanese traders of conspiring to force the rate of exchange to 150,000 new zaires to the dollar, from around 120,000 on Thursday.</p>
<p>&quot;The Lebanese were always conspiring with Mobutu and now they are trying to ruin the money,&quot; shouted one youth.</p>
<p>Inflation was a perennial problem in Mobutu's Zaire, where succesive governments resorted to the printing presses at the national mint whenever they were short of cash.</p>
<p>Kabila's government, whose arrival strengthened the new zaire, says it will follow a strict monetary policy and will at an unspecified date introduce a new currency, the Congolese franc.</p>
</text>
<copyright>(c) Reuters Limited 1997</copyright>
<metadata>
<codes class="bip:countries:1.0">
  <code code="ZAIRE">
    <editdetail attribution="Reuters BIP Coding Group" action="confirmed" date="1997-06-06"/>
  </code>
</codes>
<codes class="bip:topics:1.0">
  <code code="GCAT">
    <editdetail attribution="Reuters BIP Coding Group" action="confirmed" date="1997-06-06"/>
  </code>
  <code code="GPOL">
    <editdetail attribution="Reuters BIP Coding Group" action="confirmed" date="1997-06-06"/>
  </code>
  <code code="GVIO">
    <editdetail attribution="Reuters BIP Coding Group" action="confirmed" date="1997-06-06"/>
  </code>
</codes>
<dc element="dc.date.created" value="1997-06-06"/>
<dc element="dc.publisher" value="Reuters Holdings Plc"/>
<dc element="dc.date.published" value="1997-06-06"/>
<dc element="dc.source" value="Reuters"/>
<dc element="dc.creator.location" value="KINSHASA"/>
<dc element="dc.creator.location.country.name" value="DEMOCRATIC REPUBLIC OF CONGO"/>
<dc element="dc.source" value="Reuters"/>
</metadata>
</newsitem>
