<?xml version="1.0" encoding="iso-8859-1" ?>
<newsitem itemid="608179" id="root" date="1997-05-23" xml:lang="en">
<title>USA: Stewart files for 4.75 mln share offer.</title>
<headline>Stewart files for 4.75 mln share offer.</headline>
<dateline>WASHINGTON 1997-05-23</dateline>
<text>
<p>Stewart Enterprises Inc filed Friday with the U.S. Securities and Exchange Commission to sell up to 4.75 million Class A common shares.</p>
<p>Of the total amount, the company will offer 4.25 million shares and 500,000 will be sold by a current shareholder.</p>
<p>Underwriters for the offerng are Bear Stearns &amp; Co Inc, Goldman Sachs &amp; Co, ABN Amro Chicago Corp and Johnson Rice &amp; Co. They have an over-allotment option of up to 712,500 shares.</p>
<p>The New Orleans based funeral home and cemetery operator said proceeds from the sale, an estimated $175 million, will be used initially to reduce outstanding debt.</p>
<p>After the offering, the company will have 44.75 million Class A common shares outstanding and 1,777,510 Class B shares outstanding, according to the SEC filing.</p>
</text>
<copyright>(c) Reuters Limited 1997</copyright>
<metadata>
<codes class="bip:countries:1.0">
  <code code="USA">
    <editdetail attribution="Reuters BIP Coding Group" action="confirmed" date="1997-05-23"/>
  </code>
</codes>
<codes class="bip:industries:1.0">
  <code code="I98100">
    <editdetail attribution="Reuters BIP Coding Group" action="confirmed" date="1997-05-23"/>
  </code>
</codes>
<codes class="bip:topics:1.0">
  <code code="C13">
    <editdetail attribution="Reuters BIP Coding Group" action="confirmed" date="1997-05-23"/>
  </code>
  <code code="C17">
    <editdetail attribution="Reuters BIP Coding Group" action="confirmed" date="1997-05-23"/>
  </code>
  <code code="C171">
    <editdetail attribution="Reuters BIP Coding Group" action="confirmed" date="1997-05-23"/>
  </code>
  <code code="CCAT">
    <editdetail attribution="Reuters BIP Coding Group" action="confirmed" date="1997-05-23"/>
  </code>
</codes>
<dc element="dc.date.created" value="1997-05-23"/>
<dc element="dc.publisher" value="Reuters Holdings Plc"/>
<dc element="dc.date.published" value="1997-05-23"/>
<dc element="dc.source" value="Reuters"/>
<dc element="dc.creator.location" value="WASHINGTON"/>
<dc element="dc.creator.location.country.name" value="USA"/>
<dc element="dc.source" value="Reuters"/>
</metadata>
</newsitem>
