<?xml version="1.0" encoding="iso-8859-1" ?>
<newsitem itemid="608189" id="root" date="1997-05-23" xml:lang="en">
<title>USA: North East Insurance Co Q1 full results.</title>
<headline>North East Insurance Co Q1 full results.</headline>
<dateline>SCARBOROUGH, Maine 1997-05-23</dateline>
<text>
<p>Three Months Ended March 31</p>
<p>						1997	     1996</p>
<p> Gross Premiums Written	 $2,858,351	$2,583,939</p>
<p> Assumed Premiums Written	    2,668	    19,722</p>
<p> Total Premiums Written	  2,861,019	 2,603,661</p>
<p> Net Premiums Written	    2,989,684	 1,430,978</p>
<p> Net Premiums Earned	     2,091,350	 1,905,379</p>
<p> Net Investment Income	     138,188	   281,206</p>
<p> Realized Gains			 82,424	    79,140</p>
<p> Total Revenue		     2,311,962	 2,265,725</p>
<p>Losses and Loss Adjustment</p>
<p> Expenses Incurred		 1,751,152	 1,653,405</p>
<p> Underwriting Expenses Incurred  838,395	   594,048</p>
<p>Income (Loss) Before</p>
<p>  Income Taxes		     (277,585)	    18,272</p>
<p>Provision (benefit) for</p>
<p>  Income Taxes			(57,453)		 365</p>
<p> Net Income (Loss)		 (220,132)	    17,907</p>
<p>Change in Unrealized Depreciation</p>
<p> of Investments		    (317,172)	 (504,240)</p>
<p>Shareholders' Equity at</p>
<p>  March 31			   8,787,657	 5,934,718</p>
<p> Per Share - Net Income (Loss)    (0.07)		0.01</p>
<p>Shareholders' Equity Per Share</p>
<p>  at March 31			     2.93		1.99</p>
<p>((-- New York Newsdesk 212 859-1610))</p>
</text>
<copyright>(c) Reuters Limited 1997</copyright>
<metadata>
<codes class="bip:countries:1.0">
  <code code="USA">
    <editdetail attribution="Reuters BIP Coding Group" action="confirmed" date="1997-05-23"/>
  </code>
</codes>
<codes class="bip:industries:1.0">
  <code code="I82003">
    <editdetail attribution="Reuters BIP Coding Group" action="confirmed" date="1997-05-23"/>
  </code>
</codes>
<codes class="bip:topics:1.0">
  <code code="C15">
    <editdetail attribution="Reuters BIP Coding Group" action="confirmed" date="1997-05-23"/>
  </code>
  <code code="C151">
    <editdetail attribution="Reuters BIP Coding Group" action="confirmed" date="1997-05-23"/>
  </code>
  <code code="CCAT">
    <editdetail attribution="Reuters BIP Coding Group" action="confirmed" date="1997-05-23"/>
  </code>
</codes>
<dc element="dc.date.created" value="1997-05-23"/>
<dc element="dc.publisher" value="Reuters Holdings Plc"/>
<dc element="dc.date.published" value="1997-05-23"/>
<dc element="dc.source" value="Reuters"/>
<dc element="dc.creator.location" value="SCARBOROUGH, Maine"/>
<dc element="dc.creator.location.country.name" value="USA"/>
<dc element="dc.source" value="Reuters"/>
</metadata>
</newsitem>
