<?xml version="1.0" encoding="iso-8859-1" ?>
<newsitem itemid="608220" id="root" date="1997-05-23" xml:lang="en">
<title>USA: Rose's Stores Q1 shr loss vs profit.</title>
<headline>Rose's Stores Q1 shr loss vs profit.</headline>
<dateline>HENDERSON, N.C. 1997-05-23</dateline>
<text>
<p>April 26,</p>
<p>				1997			1996</p>
<p> Shr loss		   $0.15   profit	 $0.08</p>
<p> Net loss		   1,308   profit	   652</p>
<p> Revs		     140,281		  154,426</p>
<p> Avg			  8,611		    8,611</p>
<p>(All data above 000s except per share numbers)  </p>
<p>NOTE: Company's full name is Rose's Stores Inc.</p>
<p>The number of shares used in the earnings per share calculations is the amount of stock that will be issued if all pending claims are resolved adversely to the company.</p>
<p>Sales decreases were attributed to less intensive promotions, unseasonably cold weather in April, increased competition and lower sales of clearance merchandise.</p>
</text>
<copyright>(c) Reuters Limited 1997</copyright>
<metadata>
<codes class="bip:countries:1.0">
  <code code="USA">
    <editdetail attribution="Reuters BIP Coding Group" action="confirmed" date="1997-05-23"/>
  </code>
</codes>
<codes class="bip:industries:1.0">
  <code code="I65600">
    <editdetail attribution="Reuters BIP Coding Group" action="confirmed" date="1997-05-23"/>
  </code>
</codes>
<codes class="bip:topics:1.0">
  <code code="C15">
    <editdetail attribution="Reuters BIP Coding Group" action="confirmed" date="1997-05-23"/>
  </code>
  <code code="C151">
    <editdetail attribution="Reuters BIP Coding Group" action="confirmed" date="1997-05-23"/>
  </code>
  <code code="CCAT">
    <editdetail attribution="Reuters BIP Coding Group" action="confirmed" date="1997-05-23"/>
  </code>
</codes>
<dc element="dc.date.created" value="1997-05-23"/>
<dc element="dc.publisher" value="Reuters Holdings Plc"/>
<dc element="dc.date.published" value="1997-05-23"/>
<dc element="dc.source" value="Reuters"/>
<dc element="dc.creator.location" value="HENDERSON, N.C."/>
<dc element="dc.creator.location.country.name" value="USA"/>
<dc element="dc.source" value="Reuters"/>
</metadata>
</newsitem>
