<?xml version="1.0" encoding="iso-8859-1" ?>
<newsitem itemid="608295" id="root" date="1997-05-23" xml:lang="en">
<title>USA: Telefonica del Peru sets ADS yr div at $0.42 each.</title>
<headline>Telefonica del Peru sets ADS yr div at $0.42 each.</headline>
<dateline>NEW YORK 1997-05-23</dateline>
<text>
<p>Yearly</p>
<p>		   Latest		    Prior</p>
<p> Amount		$0.4268			 $NA</p>
<p> Pay		   July 11</p>
<p> Record		June 17</p>
<p>NOTE: Full name of company is Telefonica del Peru SA.</p>
<p>The final dividend corresponds to fiscal year 1996.</p>
<p>The dividend is for American Depository Shares (ADS's).</p>
<p>The amount is an approximate figure, subject to change due to exchange rate fluctuations.</p>
<p>The payment date is an approximate date.</p>
</text>
<copyright>(c) Reuters Limited 1997</copyright>
<metadata>
<codes class="bip:countries:1.0">
  <code code="PERU">
    <editdetail attribution="Reuters BIP Coding Group" action="confirmed" date="1997-05-23"/>
  </code>
  <code code="USA">
    <editdetail attribution="Reuters BIP Coding Group" action="confirmed" date="1997-05-23"/>
  </code>
</codes>
<codes class="bip:industries:1.0">
  <code code="I79020">
    <editdetail attribution="Reuters BIP Coding Group" action="confirmed" date="1997-05-23"/>
  </code>
</codes>
<codes class="bip:topics:1.0">
  <code code="C15">
    <editdetail attribution="Reuters BIP Coding Group" action="confirmed" date="1997-05-23"/>
  </code>
  <code code="C151">
    <editdetail attribution="Reuters BIP Coding Group" action="confirmed" date="1997-05-23"/>
  </code>
  <code code="CCAT">
    <editdetail attribution="Reuters BIP Coding Group" action="confirmed" date="1997-05-23"/>
  </code>
</codes>
<dc element="dc.date.created" value="1997-05-23"/>
<dc element="dc.publisher" value="Reuters Holdings Plc"/>
<dc element="dc.date.published" value="1997-05-23"/>
<dc element="dc.source" value="Reuters"/>
<dc element="dc.creator.location" value="NEW YORK"/>
<dc element="dc.creator.location.country.name" value="USA"/>
<dc element="dc.source" value="Reuters"/>
</metadata>
</newsitem>
