<?xml version="1.0" encoding="iso-8859-1" ?>
<newsitem itemid="608201" id="root" date="1997-05-23" xml:lang="en">
<title>USA: Western Staff Services Q2 shr $0.13.</title>
<headline>Western Staff Services Q2 shr $0.13.</headline>
<dateline>WALNUT CREEK, Calif. 1997-05-22</dateline>
<text>
<p>Western Staff Services, Inc.</p>
<p>		    Unaudited Financial Highlights</p>
<p>			 (In thousands, except per share data)</p>
<p>		    Fiscal Quarter Ended  Twenty-four Weeks Ended</p>
<p>			   Apr 19,     Apr 13,   Apr 19,    Apr 13,</p>
<p>			     1997	   1996	1997	 1996</p>
<p>Statements of Operations:</p>
<p>Sales of services</p>
<p>			  $122,486     $96,231  $241,132   $193,365</p>
<p>   License fees	    480	   709	 799	1,600</p>
<p>Total sales of</p>
<p>services and</p>
<p>	license fees   122,966	96,940   241,931    194,965</p>
<p>   Costs of services  97,187	75,634   191,938    152,313</p>
<p>   Gross profit	 25,779	21,306    49,993     42,652</p>
<p>Franchise agents'</p>
<p>share of gross</p>
<p>    profit		 4,495	 4,010     8,981	7,899</p>
<p>Selling and</p>
<p>administrative</p>
<p>    expenses	    18,778	14,903    36,485     29,440</p>
<p>   Operating income    2,506	 2,393     4,527	5,313</p>
<p>   Interest expense	333	   325	 611	  762</p>
<p>   Interest income	(64)	  (33)     (218)	 (98)</p>
<p>Income before</p>
<p>    income taxes	 2,237	 2,101     4,134	4,649</p>
<p>Provision for</p>
<p>    income taxes (a)     895	    95     1,654	  264</p>
<p>   Net income	    1,342	 2,006     2,480	4,385</p>
<p>Net income per</p>
<p>    common share	  0.13			0.24</p>
<p>Weighted average</p>
<p>common shares</p>
<p>    outstanding	 10,282		    10,311</p>
<p>Pro Forma Data:</p>
<p>Income before income taxes</p>
<p>					     2,101		    4,649</p>
<p>Provision for income taxes</p>
<p>						 819		    1,780</p>
<p>   Net income			    1,282		    2,869</p>
<p>Net income per common share</p>
<p>						0.15		     0.32</p>
<p>Weighted average common</p>
<p>shares outstanding</p>
<p>					     8,838		    8,838</p>
</text>
<copyright>(c) Reuters Limited 1997</copyright>
<metadata>
<codes class="bip:countries:1.0">
  <code code="USA">
    <editdetail attribution="Reuters BIP Coding Group" action="confirmed" date="1997-05-23"/>
  </code>
</codes>
<codes class="bip:industries:1.0">
  <code code="I83954">
    <editdetail attribution="Reuters BIP Coding Group" action="confirmed" date="1997-05-23"/>
  </code>
</codes>
<codes class="bip:topics:1.0">
  <code code="C15">
    <editdetail attribution="Reuters BIP Coding Group" action="confirmed" date="1997-05-23"/>
  </code>
  <code code="C151">
    <editdetail attribution="Reuters BIP Coding Group" action="confirmed" date="1997-05-23"/>
  </code>
  <code code="CCAT">
    <editdetail attribution="Reuters BIP Coding Group" action="confirmed" date="1997-05-23"/>
  </code>
</codes>
<dc element="dc.date.created" value="1997-05-22"/>
<dc element="dc.publisher" value="Reuters Holdings Plc"/>
<dc element="dc.date.published" value="1997-05-23"/>
<dc element="dc.source" value="Reuters"/>
<dc element="dc.creator.location" value="WALNUT CREEK, Calif."/>
<dc element="dc.creator.location.country.name" value="USA"/>
<dc element="dc.source" value="Reuters"/>
</metadata>
</newsitem>
