<?xml version="1.0" encoding="iso-8859-1" ?>
<newsitem itemid="608213" id="root" date="1997-05-23" xml:lang="en">
<title>USA: Avax Technologies gets Nasdaq clearance.</title>
<headline>Avax Technologies gets Nasdaq clearance.</headline>
<dateline>KANSAS CITY, Mo. 1997-05-23</dateline>
<text>
<p>Avax Technologies Inc said Friday its application for listing on the Nasdaq SmallCap Market, which had received conditional clearance, has been approved.</p>
<p>The biopharmaceutical company's application previously was conditionally approved, and Avax has since satisfied the applicable conditions, it said.</p>
<p>	 -- Reuter Chicago Newsdesk 312-408-8787</p>
</text>
<copyright>(c) Reuters Limited 1997</copyright>
<metadata>
<codes class="bip:countries:1.0">
  <code code="USA">
    <editdetail attribution="Reuters BIP Coding Group" action="confirmed" date="1997-05-23"/>
  </code>
</codes>
<codes class="bip:topics:1.0">
  <code code="C14">
    <editdetail attribution="Reuters BIP Coding Group" action="confirmed" date="1997-05-23"/>
  </code>
  <code code="CCAT">
    <editdetail attribution="Reuters BIP Coding Group" action="confirmed" date="1997-05-23"/>
  </code>
</codes>
<dc element="dc.date.created" value="1997-05-23"/>
<dc element="dc.publisher" value="Reuters Holdings Plc"/>
<dc element="dc.date.published" value="1997-05-23"/>
<dc element="dc.source" value="Reuters"/>
<dc element="dc.creator.location" value="KANSAS CITY, Mo."/>
<dc element="dc.creator.location.country.name" value="USA"/>
<dc element="dc.source" value="Reuters"/>
</metadata>
</newsitem>
