<?xml version="1.0" encoding="iso-8859-1" ?>
<newsitem itemid="608236" id="root" date="1997-05-23" xml:lang="en">
<title>USA: Resort Income liquidation assets down.</title>
<headline>Resort Income liquidation assets down.</headline>
<dateline>CHICAGO 1997-05-23</dateline>
<text>
<p>Resort Income Investors Inc said Friday its net assets in liquidation decreased to $4.6 million, or $1.10 a share, at March 31 from $4.8 million, or $1.15 a share at December 31.</p>
<p>The decrease was primarily due to payment of operating expenses, the company said.</p>
<p>Revenue for the first quarter was $9,030, compared to $28,934 in the first quarter of 1996.</p>
<p>The difference was due to termination of interest payments on the company's mortgage and demand loans by its affiliated borrowers and a reduction in the number of assets held for liquidation, the company said.</p>
<p>((Chicago newsdesk, 312-408-8787))</p>
</text>
<copyright>(c) Reuters Limited 1997</copyright>
<metadata>
<codes class="bip:countries:1.0">
  <code code="USA">
    <editdetail attribution="Reuters BIP Coding Group" action="confirmed" date="1997-05-23"/>
  </code>
</codes>
<codes class="bip:industries:1.0">
  <code code="I81502">
    <editdetail attribution="Reuters BIP Coding Group" action="confirmed" date="1997-05-23"/>
  </code>
  <code code="I8150206">
    <editdetail attribution="Reuters BIP Coding Group" action="confirmed" date="1997-05-23"/>
  </code>
</codes>
<codes class="bip:topics:1.0">
  <code code="C15">
    <editdetail attribution="Reuters BIP Coding Group" action="confirmed" date="1997-05-23"/>
  </code>
  <code code="C151">
    <editdetail attribution="Reuters BIP Coding Group" action="confirmed" date="1997-05-23"/>
  </code>
  <code code="CCAT">
    <editdetail attribution="Reuters BIP Coding Group" action="confirmed" date="1997-05-23"/>
  </code>
</codes>
<dc element="dc.date.created" value="1997-05-23"/>
<dc element="dc.publisher" value="Reuters Holdings Plc"/>
<dc element="dc.date.published" value="1997-05-23"/>
<dc element="dc.source" value="Reuters"/>
<dc element="dc.creator.location" value="CHICAGO"/>
<dc element="dc.creator.location.country.name" value="USA"/>
<dc element="dc.source" value="Reuters"/>
</metadata>
</newsitem>
