<?xml version="1.0" encoding="iso-8859-1" ?>
<newsitem itemid="608339" id="root" date="1997-05-23" xml:lang="en">
<title>ARGENTINA: RALLYING-ARGENTINE RALLY SECOND LEG POSITIONS.</title>
<headline>RALLYING-ARGENTINE RALLY SECOND LEG POSITIONS.</headline>
<dateline>CORDOBA, Argentina 1997-05-23</dateline>
<text>
<p>Leading positions of</p>
<p>the Rally of Argentina at the end of the 18-stage second leg on</p>
<p>Friday:</p>
<p> 1. Tommi Makinen (Finland) Mitsubishi	 3:44:02</p>
<p> 2. Colin McRae (Britain) Subaru		 3:45:03</p>
<p> 3. Carlos Sainz (Spain) Ford		    3:45:59</p>
<p> 4. Kenneth Eriksson (Sweden) Subaru	   3:47:22</p>
<p> 5. Marcus Gronholm (Finland) Toyota	   3:52:47</p>
</text>
<copyright>(c) Reuters Limited 1997</copyright>
<metadata>
<codes class="bip:countries:1.0">
  <code code="ARG">
    <editdetail attribution="Reuters BIP Coding Group" action="confirmed" date="1997-05-23"/>
  </code>
  <code code="FIN">
    <editdetail attribution="Reuters BIP Coding Group" action="confirmed" date="1997-05-23"/>
  </code>
</codes>
<codes class="bip:topics:1.0">
  <code code="GCAT">
    <editdetail attribution="Reuters BIP Coding Group" action="confirmed" date="1997-05-23"/>
  </code>
  <code code="GSPO">
    <editdetail attribution="Reuters BIP Coding Group" action="confirmed" date="1997-05-23"/>
  </code>
</codes>
<dc element="dc.date.created" value="1997-05-23"/>
<dc element="dc.publisher" value="Reuters Holdings Plc"/>
<dc element="dc.date.published" value="1997-05-23"/>
<dc element="dc.source" value="Reuters"/>
<dc element="dc.creator.location" value="CORDOBA, Argentina"/>
<dc element="dc.creator.location.country.name" value="ARGENTINA"/>
<dc element="dc.source" value="Reuters"/>
</metadata>
</newsitem>
