<?xml version="1.0" encoding="iso-8859-1" ?>
<newsitem itemid="608328" id="root" date="1997-05-23" xml:lang="en">
<title>USA: RESEARCH ALERT - First Chicago NBD started.</title>
<headline>RESEARCH ALERT - First Chicago NBD started.</headline>
<dateline>NEW YORK 1997-05-23</dateline>
<text>
<p>J.P. Morgan said it initiated coverage of First Chicago NBD Corp as a market performer.</p>
<p>-- said it expects continued uncertainty regarding consumer credit quality to present a hurdle to stock price performance over the next six to 12 months.</p>
<p>-- said &quot;with about one-quarter of its net income derived from credit card business ... and nagging consumer credit quality problems, we expect First Chicago NBD's earnings and multiples to remain under pressure relative to the banking sector.&quot;</p>
<p>-- set a 12-month target at $66.</p>
<p>-- First Chicago gained 1/2 to 58-1/4.</p>
</text>
<copyright>(c) Reuters Limited 1997</copyright>
<metadata>
<codes class="bip:countries:1.0">
  <code code="USA">
    <editdetail attribution="Reuters BIP Coding Group" action="confirmed" date="1997-05-23"/>
  </code>
</codes>
<codes class="bip:industries:1.0">
  <code code="I81402">
    <editdetail attribution="Reuters BIP Coding Group" action="confirmed" date="1997-05-23"/>
  </code>
</codes>
<codes class="bip:topics:1.0">
  <code code="C15">
    <editdetail attribution="Reuters BIP Coding Group" action="confirmed" date="1997-05-23"/>
  </code>
  <code code="C152">
    <editdetail attribution="Reuters BIP Coding Group" action="confirmed" date="1997-05-23"/>
  </code>
  <code code="CCAT">
    <editdetail attribution="Reuters BIP Coding Group" action="confirmed" date="1997-05-23"/>
  </code>
</codes>
<dc element="dc.date.created" value="1997-05-23"/>
<dc element="dc.publisher" value="Reuters Holdings Plc"/>
<dc element="dc.date.published" value="1997-05-23"/>
<dc element="dc.source" value="Reuters"/>
<dc element="dc.creator.location" value="NEW YORK"/>
<dc element="dc.creator.location.country.name" value="USA"/>
<dc element="dc.source" value="Reuters"/>
</metadata>
</newsitem>
