<?xml version="1.0" encoding="iso-8859-1" ?>
<newsitem itemid="608386" id="root" date="1997-05-23" xml:lang="en">
<title>TUNISIA: SOCCER-TUNISIA FIRST DIVISION RESULTS/STANDINGS.</title>
<headline>SOCCER-TUNISIA FIRST DIVISION RESULTS/STANDINGS.</headline>
<dateline>TUNIS 1997-05-23</dateline>
<text>
<p>Results of Tunisian first division</p>
<p>soccer matches played midweek:</p>
<p> E S Sahel     4  S Tunisien     2</p>
<p> Esperance ST  3  A S Marsa	1</p>
<p> C Africain    1  C O Transport  1</p>
<p>     Standings		 P    W   D   L   F   A   Pts</p>
<p>  1.E S Sahel		 25   20   4   1  44   14   64 -</p>
<p>champion</p>
<p>  2.Esperance ST	    25   17   7   1  49   14   58</p>
<p>  3.C S Sfaxien	     25   12   7   6  26   19   43</p>
<p>  4.C A Bizertin	    25   10  10   5  23   16   40</p>
<p>  5.Club Africain	   25   10   8   7  31   27   38</p>
<p>  6.O Beja		    25   10   7   8  37   27   37</p>
<p>  7.A S Marsa		 25    9   7   9  25   22   34</p>
<p>  8.Stade Tunisien	  25    8   9   8  28   30   33</p>
<p>  9.J S Kairouan	    25    7  10   8  22   25   31</p>
<p> 10.O Kef		     25    6   9  10  25   39   27</p>
<p> 11.E S Zarzis		25    5   8  12  13   25   23</p>
<p> 12.C O Transport	   25    4   8  13  22   45   20</p>
<p> 13.O C Kerkennah	   25    3   5  17  13   34   14</p>
<p> 14.Stade Soussien	  25    1   8  16  23   45   11</p>
</text>
<copyright>(c) Reuters Limited 1997</copyright>
<metadata>
<codes class="bip:countries:1.0">
  <code code="TUNIS">
    <editdetail attribution="Reuters BIP Coding Group" action="confirmed" date="1997-05-23"/>
  </code>
</codes>
<codes class="bip:topics:1.0">
  <code code="GCAT">
    <editdetail attribution="Reuters BIP Coding Group" action="confirmed" date="1997-05-23"/>
  </code>
  <code code="GSPO">
    <editdetail attribution="Reuters BIP Coding Group" action="confirmed" date="1997-05-23"/>
  </code>
</codes>
<dc element="dc.date.created" value="1997-05-23"/>
<dc element="dc.publisher" value="Reuters Holdings Plc"/>
<dc element="dc.date.published" value="1997-05-23"/>
<dc element="dc.source" value="Reuters"/>
<dc element="dc.creator.location" value="TUNIS"/>
<dc element="dc.creator.location.country.name" value="TUNISIA"/>
<dc element="dc.source" value="Reuters"/>
</metadata>
</newsitem>
