<?xml version="1.0" encoding="iso-8859-1" ?>
<newsitem itemid="608330" id="root" date="1997-05-23" xml:lang="en">
<title>USA: Brooks Fiber Properties sells 144A notes. [CORRECTED 19:50 GMT]</title>
<headline>Brooks Fiber Properties sells 144A notes. [CORRECTED 19:50 GMT]</headline>
<dateline>NEW YORK 1997-05-23</dateline>
<text>
<p>The following debt issue from Brooks Fiber Properties Inc was priced in the 144A private placement market on Friday via joint lead managers Salomon Brothers Inc (corrects from Goldman Sachs) and Merrill Lynch &amp; Co Inc, according to market sources.</p>
<p>Brooks Fiber is a full service provider of local telecommunications services.</p>
<p>BORROWER BROOKS FIBER PROPERTIES INC</p>
<p>AMT $250 MLN	 COUPON 10.00 PCT  MATURITY 6/1/2007</p>
<p>TYPE SENIOR NOTES  ISS PRICE 100.00  FIRST PAY DATE 12/1/1997</p>
<p>LAST MOODY'S N/R   YIELD 10.00	 PAY FREQ  SEMI-ANNUAL</p>
<p>LAST S&amp;P N/A	 SPREAD +327 BP    CALLABLE  NON-CALL FIVE</p>
<p>((--U.S. Corporate Bond Unit, 212 859-1678))</p>
</text>
<copyright>(c) Reuters Limited 1997</copyright>
<metadata>
<codes class="bip:countries:1.0">
  <code code="USA">
    <editdetail attribution="Reuters BIP Coding Group" action="confirmed" date="1997-05-23"/>
  </code>
</codes>
<codes class="bip:industries:1.0">
  <code code="I79020">
    <editdetail attribution="Reuters BIP Coding Group" action="confirmed" date="1997-05-23"/>
  </code>
</codes>
<codes class="bip:topics:1.0">
  <code code="C17">
    <editdetail attribution="Reuters BIP Coding Group" action="confirmed" date="1997-05-23"/>
  </code>
  <code code="C172">
    <editdetail attribution="Reuters BIP Coding Group" action="confirmed" date="1997-05-23"/>
  </code>
  <code code="CCAT">
    <editdetail attribution="Reuters BIP Coding Group" action="confirmed" date="1997-05-23"/>
  </code>
</codes>
<dc element="dc.date.created" value="1997-05-23"/>
<dc element="dc.publisher" value="Reuters Holdings Plc"/>
<dc element="dc.date.published" value="1997-05-23"/>
<dc element="dc.source" value="Reuters"/>
<dc element="dc.creator.location" value="NEW YORK"/>
<dc element="dc.creator.location.country.name" value="USA"/>
<dc element="dc.source" value="Reuters"/>
</metadata>
</newsitem>
