<?xml version="1.0" encoding="iso-8859-1" ?>
<newsitem itemid="608337" id="root" date="1997-05-23" xml:lang="en">
<title>ITALY: SOCCER-ITALIAN FIRST DIVISION RESULTS AND STANDINGS.</title>
<headline>SOCCER-ITALIAN FIRST DIVISION RESULTS AND STANDINGS.</headline>
<dateline>ROME 1997-05-23</dateline>
<text>
<p>(Adds standings)</p>
<p>Result of Italian first division</p>
<p>soccer match played on Friday and league standings:</p>
<p> Atalanta    1 Juventus 1</p>
<p>Standings:</p>
<p> 1.  Juventus   33   17  12    3   49  22   64</p>
<p> 2.  Parma	32   16   9    7   38  25   57</p>
<p> 3.  Inter	32   14  13    5   46  31   55</p>
<p> 4.  Lazio	32   14   9    9   48  34   51</p>
<p> 5.  Sampdoria  32   13  10    9   55  42   49</p>
<p> 6.  Bologna    32   13   9   10   48  41   48</p>
<p> 7.  Udinese    32   13   9   10   46  41   48</p>
<p> 8.  Vicenza    32   11  11   10   41  37   44</p>
<p> 9.  Milan	32   11  10   11   43  42   43</p>
<p> 10. Roma	 32   10  11   11   46  42   41</p>
<p> 11. Fiorentina 32    9  14    9   42  40   41</p>
<p> 12. Atalanta   33   10  11   12   41  46   41</p>
<p> 13. Napoli     32    8  14   10   35  42   38</p>
<p> 14. Cagliari   32    8  10   14   41  51   34</p>
<p> 15. Piacenza   32    6  16   10   27  40   34</p>
<p> 16. Perugia    32    9   7   16   45  60   34</p>
<p> 17. Verona     32    6   9   17   36  58   27</p>
<p> 18. Reggiana   32    2  13   17   28  61   19</p>
</text>
<copyright>(c) Reuters Limited 1997</copyright>
<metadata>
<codes class="bip:countries:1.0">
  <code code="ITALY">
    <editdetail attribution="Reuters BIP Coding Group" action="confirmed" date="1997-05-23"/>
  </code>
</codes>
<codes class="bip:topics:1.0">
  <code code="GCAT">
    <editdetail attribution="Reuters BIP Coding Group" action="confirmed" date="1997-05-23"/>
  </code>
  <code code="GSPO">
    <editdetail attribution="Reuters BIP Coding Group" action="confirmed" date="1997-05-23"/>
  </code>
</codes>
<dc element="dc.date.created" value="1997-05-23"/>
<dc element="dc.publisher" value="Reuters Holdings Plc"/>
<dc element="dc.date.published" value="1997-05-23"/>
<dc element="dc.source" value="Reuters"/>
<dc element="dc.creator.location" value="ROME"/>
<dc element="dc.creator.location.country.name" value="ITALY"/>
<dc element="dc.source" value="Reuters"/>
</metadata>
</newsitem>
