<?xml version="1.0" encoding="iso-8859-1" ?>
<newsitem itemid="608351" id="root" date="1997-05-23" xml:lang="en">
<title>ARGENTINA: RALLYING-ARGENTINE RALLY POSITIONS.</title>
<headline>RALLYING-ARGENTINE RALLY POSITIONS.</headline>
<dateline>CORDOBA, Argentina 1997-05-23</dateline>
<text>
<p>Leading positions on</p>
<p>Friday after 14 stages of the Rally of Argentina:</p>
<p>  1. Tommi Makinen (Finland) Mitsubishi	 2:42:51</p>
<p>  2. Colin McRae (Britain) Subaru		 2:43:17</p>
<p>  3. Carlos Sainz (Spain) Ford		    2:44:04</p>
<p>  4. Richard Burns (Britain) Mitsubishi	 2:44:11</p>
<p>  5. Juha Kankunnen (Finland) Ford		2:44:55</p>
<p>  6. Kenneth Eriksson (Sweden) Subaru	   2:45:04</p>
<p>  7. Marcus Gronholm (Finland) Toyota	   2:48:14</p>
<p>  8. Didier Auriol (France) Toyota		2:50:42</p>
<p>  9. Raul Sufan (Argentina) Toyota		2:56:47</p>
<p> 10. Gustavo Trelles (Uruguay) Mitsubishi     2:56:50</p>
<p> 6. Didier Auriol (France) Toyota		3:58:03</p>
<p> 7. Gustavo Trelles (Uruguay) Mitsubishi     4:04:53</p>
<p> 8. Raul Sufan (Argentina) Toyota		4:05:58</p>
<p> 9. Harri Rovanpera (Finland) Seat	     4:08:31</p>
<p> 10.Gabriel Raies (Argentina) Renault	  4:10:05</p>
</text>
<copyright>(c) Reuters Limited 1997</copyright>
<metadata>
<codes class="bip:countries:1.0">
  <code code="ARG">
    <editdetail attribution="Reuters BIP Coding Group" action="confirmed" date="1997-05-23"/>
  </code>
  <code code="FIN">
    <editdetail attribution="Reuters BIP Coding Group" action="confirmed" date="1997-05-23"/>
  </code>
</codes>
<codes class="bip:topics:1.0">
  <code code="GCAT">
    <editdetail attribution="Reuters BIP Coding Group" action="confirmed" date="1997-05-23"/>
  </code>
  <code code="GSPO">
    <editdetail attribution="Reuters BIP Coding Group" action="confirmed" date="1997-05-23"/>
  </code>
</codes>
<dc element="dc.date.created" value="1997-05-23"/>
<dc element="dc.publisher" value="Reuters Holdings Plc"/>
<dc element="dc.date.published" value="1997-05-23"/>
<dc element="dc.source" value="Reuters"/>
<dc element="dc.creator.location" value="CORDOBA, Argentina"/>
<dc element="dc.creator.location.country.name" value="ARGENTINA"/>
<dc element="dc.source" value="Reuters"/>
</metadata>
</newsitem>
