<?xml version="1.0" encoding="iso-8859-1" ?>
<newsitem itemid="608468" id="root" date="1997-05-23" xml:lang="en">
<title>POLAND: MOSTOSTAL W TO PAY NO 1996 DIVIDEND.</title>
<headline>MOSTOSTAL W TO PAY NO 1996 DIVIDEND.</headline>
<dateline>WARSAW 1997-05-23</dateline>
<text>
<p>Polish construction firm Mostostal Warszawa SA plans to put its entire 4.4-million-zloty 1996 net profit into reserve capital, the company said in statement on Friday.</p>
<p>Management's proposal must be approved at a shareholders meeting due on May 30.</p>
<p>-- Warsaw Newsroom +48 22 653 9700</p>
</text>
<copyright>(c) Reuters Limited 1997</copyright>
<metadata>
<codes class="bip:countries:1.0">
  <code code="POL">
    <editdetail attribution="Reuters BIP Coding Group" action="confirmed" date="1997-05-23"/>
  </code>
</codes>
<codes class="bip:industries:1.0">
  <code code="I50200">
    <editdetail attribution="Reuters BIP Coding Group" action="confirmed" date="1997-05-23"/>
  </code>
</codes>
<codes class="bip:topics:1.0">
  <code code="C15">
    <editdetail attribution="Reuters BIP Coding Group" action="confirmed" date="1997-05-23"/>
  </code>
  <code code="C151">
    <editdetail attribution="Reuters BIP Coding Group" action="confirmed" date="1997-05-23"/>
  </code>
  <code code="CCAT">
    <editdetail attribution="Reuters BIP Coding Group" action="confirmed" date="1997-05-23"/>
  </code>
</codes>
<dc element="dc.date.created" value="1997-05-23"/>
<dc element="dc.publisher" value="Reuters Holdings Plc"/>
<dc element="dc.date.published" value="1997-05-23"/>
<dc element="dc.source" value="Reuters"/>
<dc element="dc.creator.location" value="WARSAW"/>
<dc element="dc.creator.location.country.name" value="POLAND"/>
<dc element="dc.source" value="Reuters"/>
</metadata>
</newsitem>
