<?xml version="1.0" encoding="iso-8859-1" ?>
<newsitem itemid="608458" id="root" date="1997-05-23" xml:lang="en">
<title>RUSSIA: PRESS DIGEST - RUSSIA IZVESTIA - MAY 23.</title>
<headline>PRESS DIGEST - RUSSIA IZVESTIA - MAY 23.</headline>
<dateline>MOSCOW 1997-05-23</dateline>
<text>
<p>Following are some of the leading stories in the May 24 edition of Russia's Izvestia newspaper. Reuters has not verified these stories and does not vouch for their accuracy.</p>
<p>- Tax Service Chief Alexander Pochinok plans to work harder on revealing tax evasion by individuals and on improving the mechanism of collecting taxes from big state budget debtors</p>
<p>- The creation of a united state between Russia and Belarus is postponed for some time under the Charter signed by the leaders of both Slav republics on Friday</p>
<p>- Russia's Central Bank has signed an agreement with the National Bank of Chechnya on recognising the Russian rouble as the only legal currency on the republic's territory</p>
<p>- The appointment of the commander of Strategic Rocket Forces as Russia's Defence Minister is expected to lead to the creation of a force for space missile defence</p>
<p>--Tatyana Ustinova, Moscow newsroom, +7095 941 8520.</p>
</text>
<copyright>(c) Reuters Limited 1997</copyright>
<metadata>
<codes class="bip:countries:1.0">
  <code code="RUSS">
    <editdetail attribution="Reuters BIP Coding Group" action="confirmed" date="1997-05-23"/>
  </code>
</codes>
<codes class="bip:topics:1.0">
  <code code="GCAT">
    <editdetail attribution="Reuters BIP Coding Group" action="confirmed" date="1997-05-23"/>
  </code>
</codes>
<dc element="dc.date.created" value="1997-05-23"/>
<dc element="dc.publisher" value="Reuters Holdings Plc"/>
<dc element="dc.date.published" value="1997-05-23"/>
<dc element="dc.source" value="Reuters"/>
<dc element="dc.creator.location" value="MOSCOW"/>
<dc element="dc.creator.location.country.name" value="RUSSIA"/>
<dc element="dc.source" value="Reuters"/>
</metadata>
</newsitem>
