<?xml version="1.0" encoding="iso-8859-1" ?>
<newsitem itemid="608403" id="root" date="1997-05-23" xml:lang="en">
<title>ITALY: SOCCER-JUVENTUS WIN ITALIAN TITLE.</title>
<headline>SOCCER-JUVENTUS WIN ITALIAN TITLE.</headline>
<dateline>ROME 1997-05-23</dateline>
<text>
<p>Juventus clinched their 24th Italian league championship on Friday when they drew 1-1 with Atalanta at Bergamo.</p>
<p>The point puts Juventus beyond the reach of their nearest rivals Parma, who are seven points adrift with just two matches left to play.</p>
</text>
<copyright>(c) Reuters Limited 1997</copyright>
<metadata>
<codes class="bip:countries:1.0">
  <code code="ITALY">
    <editdetail attribution="Reuters BIP Coding Group" action="confirmed" date="1997-05-23"/>
  </code>
</codes>
<codes class="bip:topics:1.0">
  <code code="GCAT">
    <editdetail attribution="Reuters BIP Coding Group" action="confirmed" date="1997-05-23"/>
  </code>
  <code code="GSPO">
    <editdetail attribution="Reuters BIP Coding Group" action="confirmed" date="1997-05-23"/>
  </code>
</codes>
<dc element="dc.date.created" value="1997-05-23"/>
<dc element="dc.publisher" value="Reuters Holdings Plc"/>
<dc element="dc.date.published" value="1997-05-23"/>
<dc element="dc.source" value="Reuters"/>
<dc element="dc.creator.location" value="ROME"/>
<dc element="dc.creator.location.country.name" value="ITALY"/>
<dc element="dc.source" value="Reuters"/>
</metadata>
</newsitem>
