<?xml version="1.0" encoding="iso-8859-1" ?>
<newsitem itemid="608410" id="root" date="1997-05-23" xml:lang="en">
<title>FRANCE: TENNIS-FRENCH OPEN WOMEN'S DRAW.</title>
<headline>TENNIS-FRENCH OPEN WOMEN'S DRAW.</headline>
<dateline>PARIS 1997-05-23</dateline>
<text>
<p>Women's draw made on Friday for the</p>
<p>French Open tennis championship starting on Monday (prefix</p>
<p>number denotes seeding):</p>
<p>1-Martina Hingis (Switzerland) v Henrieta Nagyova (Slovakia)</p>
<p>Qualifier v Gloria Pizzichini (Italy)</p>
<p>Radka Zrubakova (Slovakia) v Anna Kournikova  (Russia)</p>
<p>Mana Endo (Japan) v Sandra Cecchini (Italy) </p>
<p>Silvia Farina (Italy) v Judith Wiesner (Austria)</p>
<p>Magdalena Grzybowska (Poland) v Petra Begerow (Germany)</p>
<p>Wang Shi-Ting (Taiwan) v Stephanie De Ville (Belgium)</p>
<p>Tami Whitlinger-Jones (U.S.) v 16-Barbara Paulus</p>
<p>							     (Austria)</p>
<p>14-Brenda Schultz-McCarthy (Netherlands) v Lenka Cenkova</p>
<p>(Czech Republic)</p>
<p>Florencia Labat (Argentina) v Kristie Boogart</p>
<p>							 (Netherlands)</p>
<p>Magalie Lamarre (France) v Barbara Schett (Austria)  </p>
<p>Meilen Tu (U.S.) v Natasha Zvereva (Belarus)</p>
<p>Barbara Rittner (Germany) v Dominique Van Roost</p>
<p>							    (Belgium)</p>
<p>Emmanuelle Gagliardi (Monaco) v Kristina Brandi (U.S.)</p>
<p> Elena Wagner (Germany) v Ai Sugiyama (Japan)   </p>
<p>Karolina Jagieniak (France) v 6-Arantxa Sanchez-Vicario</p>
<p>								  (Spain)</p>
<p>3-Monica Seles (U.S.) v Miho Saeki (Japan)</p>
<p>Sarah Pitkowski (France) v Francesca Lubiani (Italy)</p>
<p>Naoko Sawamatsu (Japan) v Venus Williams (U.S.)</p>
<p>Nathalie Tauziat (France) v Rene Simpson (Canada)</p>
<p>Sandrine Testud (France) v Qualifier</p>
<p>Wiltrud Probst (Germany) v Catalina Cristea (Romania) </p>
<p>Patricia Hy-Boulais (Canada) v Nathalie Dechy (France)</p>
<p>Tatiana Panova (Russia) v 10-Mary Pierce (France)</p>
<p>12-Mary-Joe Fernandez (U.S.) v Lori McNeil (U.S.)  </p>
<p>Andrea Glass (Germany) v Els Callens (Belgium)</p>
<p>Miriam Oremans (Netherlands) v Lea Ghirardi-Rubbi</p>
<p>							     (France)</p>
<p> Nana Miyagi (Japan) v Flora Perfetti (Italy)			</p>
<p> Magdalena Maleeva (Bulgaria) v Lisa Raymond (U.S.)		</p>
<p>Laurence Courtois (Belgium) v Tamarine Tanasugarn</p>
<p>							     (Thailand)  </p>
<p>Yuka Yoshida (Japan) v Rachel McQuillan (Australia)</p>
<p>Kimberly Po (U.S.) v 8-Anke Huber (Germany)</p>
<p>5-Lindsay Davenport (U.S.) v Qualifier</p>
<p>Elena Makarova (Russia) v Alexia Dechaume-Balleret</p>
<p>								 (France)</p>
<p>Marion Maruska (Austria) v Patty Schnyder (Switzerland)</p>
<p>Katarina Studenikova (Slovakia) v Petra Langrova (Czech</p>
<p>								Republic)</p>
<p>Anne-Gaelle Sidot (France) v Larisa Neiland (Latvia)</p>
<p>Adriana Gersi (Czech Republic) v Ann Grossman (U.S.)</p>
<p>Ludmila Richterova (Czech Rep) v Alexandra Fusai</p>
<p>							     (France)</p>
<p>Sandra Kleinova (Czech Rep) v 9-Iva Majoli (Croatia)</p>
<p>15-Karina Habsudova (Slovakia) v Olga Barabanschikova</p>
<p>(Belarus)</p>
<p>Lenka Nemeckova (Czech Rep) v Elena Likhovtseva (Russia)</p>
<p>Yayuk Basuki (Indonesia) v Asa Carlsson (Sweden)</p>
<p>Ruxandra Dragomir (Romania) v Qualifier</p>
<p>Rika Hiraki (Japan) v Nicole Arendt (U.S.)</p>
<p>Qualifier v Noelle Van Lottum (France) </p>
<p>Jana Kandarr (Germany) v Gala Leon-Garcia (Spain)</p>
<p>Cristina Torrens-Valero (Spain) v 4-Jana Novotna</p>
<p>						   (Czech Republic)</p>
<p>7-Conchita Martinez (Spain) v Emilie Loit (France)</p>
<p>Chanda Rubin (U.S.) v Mariana Diaz-Oliva (Argentina)</p>
<p>Caroline Dhenin (France) v Sabine Appelmans (Belgium)</p>
<p>Silvija Talaja (Croatia) v Qualifier</p>
<p>Meike Babel (Germany) v Qualifier</p>
<p>Sandra Dopfer (Austria) v Helena Sukova (Czech Rep)</p>
<p>Denisa Chladkova (Czech Rep) v Amy Frazier (U.S.)</p>
<p>Rita Grande (Italy) v 11-Amanda Coetzer (South Africa)</p>
<p>13-Irina Spirlea (Romania) v Qualifier</p>
<p>Aleksandra Olsza (Poland) v Ines Gorrochategui</p>
<p>							   (Argentina)</p>
<p>Angeles Montolio (Spain) v Virginia Ruano-Pascual</p>
<p>								(Spain)</p>
<p>Annabel Ellwood (Australia) v Amelie Cocheteux (France)</p>
<p>Naoko Kijimuta (Japan) v Laurence Andretto (France)</p>
<p>Magui Serna (Spain) v Linda Wild (U.S.)</p>
<p>Amelie Mauresmo (France) v Jolene Watanabe (U.S.)</p>
<p>Paola Suarez (Argentina) v 2-Steffi Graf (Germany)</p>
</text>
<copyright>(c) Reuters Limited 1997</copyright>
<metadata>
<codes class="bip:countries:1.0">
  <code code="FRA">
    <editdetail attribution="Reuters BIP Coding Group" action="confirmed" date="1997-05-23"/>
  </code>
</codes>
<codes class="bip:topics:1.0">
  <code code="GCAT">
    <editdetail attribution="Reuters BIP Coding Group" action="confirmed" date="1997-05-23"/>
  </code>
  <code code="GSPO">
    <editdetail attribution="Reuters BIP Coding Group" action="confirmed" date="1997-05-23"/>
  </code>
</codes>
<dc element="dc.date.created" value="1997-05-23"/>
<dc element="dc.publisher" value="Reuters Holdings Plc"/>
<dc element="dc.date.published" value="1997-05-23"/>
<dc element="dc.source" value="Reuters"/>
<dc element="dc.creator.location" value="PARIS"/>
<dc element="dc.creator.location.country.name" value="FRANCE"/>
<dc element="dc.source" value="Reuters"/>
</metadata>
</newsitem>
