<?xml version="1.0" encoding="iso-8859-1" ?>
<newsitem itemid="608464" id="root" date="1997-05-23" xml:lang="en">
<title>POLAND: BANK SLASKI RATED LONG-TERM ACCUMULATE.</title>
<headline>BANK SLASKI RATED LONG-TERM ACCUMULATE.</headline>
<dateline>WARSAW 1997-05-23</dateline>
<text>
<p>Merrill Lynch in London rated Polish Bank Slaski SA as long-term accumulate saying the bank was attractively valued after recent falls.</p>
<p>&quot;After losing 12.7 percent of its value since the end of 1996, Slaski in our view is now attractively valued for investors with a time horizon beyond one year,&quot; Merrill Lynch said in a report dated May 15.</p>
<p>The report was issued when Slaski traded at 255 zlotys, the same price as Friday's close.</p>
<p>Merrill Lynch maintained its earlier neutral recommendation for intermediate-term ivestors, saying privatisations of large banks in 1997 and 1998 were a negative factor.</p>
<p>Merrill said Bank Slaski net income was likely to fall to 259 million zlotys this year, but rise to 316 million in 1998, against 289 million last year.</p>
<p>It said its price earnings ratio was seen at 9.1 in 1997, 7.5 next year after 8.2 in 1996.</p>
<p>-- Warsaw Newsroom +48 22 653 9700</p>
</text>
<copyright>(c) Reuters Limited 1997</copyright>
<metadata>
<codes class="bip:countries:1.0">
  <code code="POL">
    <editdetail attribution="Reuters BIP Coding Group" action="confirmed" date="1997-05-23"/>
  </code>
</codes>
<codes class="bip:industries:1.0">
  <code code="I81402">
    <editdetail attribution="Reuters BIP Coding Group" action="confirmed" date="1997-05-23"/>
  </code>
</codes>
<codes class="bip:topics:1.0">
  <code code="C15">
    <editdetail attribution="Reuters BIP Coding Group" action="confirmed" date="1997-05-23"/>
  </code>
  <code code="C152">
    <editdetail attribution="Reuters BIP Coding Group" action="confirmed" date="1997-05-23"/>
  </code>
  <code code="CCAT">
    <editdetail attribution="Reuters BIP Coding Group" action="confirmed" date="1997-05-23"/>
  </code>
</codes>
<dc element="dc.date.created" value="1997-05-23"/>
<dc element="dc.publisher" value="Reuters Holdings Plc"/>
<dc element="dc.date.published" value="1997-05-23"/>
<dc element="dc.source" value="Reuters"/>
<dc element="dc.creator.location" value="WARSAW"/>
<dc element="dc.creator.location.country.name" value="POLAND"/>
<dc element="dc.source" value="Reuters"/>
</metadata>
</newsitem>
