<?xml version="1.0" encoding="iso-8859-1" ?>
<newsitem itemid="608446" id="root" date="1997-05-23" xml:lang="en">
<title>ZAMBIA: ZAMBIA SEES 30 PCT DROP IN 1997 MAIZE OUTPUT.</title>
<headline>ZAMBIA SEES 30 PCT DROP IN 1997 MAIZE OUTPUT.</headline>
<dateline>LUSAKA 1997-05-23</dateline>
<text>
<p>The Zambia National Farmers Union said on Friday that it expected the 1997 maize crop to fall by around 30 percent because of inadequate fertiliser stocks last year.</p>
<p>&quot;We expect the maize harvest to fall by around 30 percent to 10.8 million 90kg bags,&quot; farmers union president Ajay Vashee told Reuters.</p>
<p>The maize yield in 1996 was around 14 million 90kg bags.</p>
<p>Fertiliser stocks into the country were delayed last year after South African suppliers witheld supplies until the Zambian government paid outstanding debts it owed them.</p>
<p>The government only managed to clear the arrears, totalling $10 million in October. </p>
<p>Vashee said the drop in maize production would mean that Zambia would suffer a shortfall of up to two million bags, but added that the stock level would depend on how much was exported.</p>
<p>Under new policies to liberalise the economy, farmers are free to export maize even when the country faces a shortage.</p>
<p>According to official figures, Zambia consumes around 12 million bags of maize a year. However, Vashee said the figure could be lower.</p>
<p>&quot;A lot of people are switching to cheaper and drought-resistant crops such as sweet potato, cassava and sorghum,&quot; he said.</p>
<p>Vashee said the union expected fertiliser supplies to improve this year.</p>
<p>&quot;There has been a co-ordinated effort between the private sector and the government to imrpove the fertiliser situation,&quot; he said.</p>
<p>Agriculture is becoming an increasingly important sector in Zambia as performance in the mining sector -- the hub of this dirt poor Southern African country's economy -- dwindles.</p>
<p>Agriculture contributed 28.7 percent to the 6.4 economic growth recorded in 1996, compared to 12.2 percent from mining.</p>
<p>-- Jowie Mwiinga, Lusaka office, +260 1 222689</p>
</text>
<copyright>(c) Reuters Limited 1997</copyright>
<metadata>
<codes class="bip:countries:1.0">
  <code code="ZAMBIA">
    <editdetail attribution="Reuters BIP Coding Group" action="confirmed" date="1997-05-23"/>
  </code>
</codes>
<codes class="bip:industries:1.0">
  <code code="I01001">
    <editdetail attribution="Reuters BIP Coding Group" action="confirmed" date="1997-05-23"/>
  </code>
  <code code="I0100132">
    <editdetail attribution="Reuters BIP Coding Group" action="confirmed" date="1997-05-23"/>
  </code>
</codes>
<codes class="bip:topics:1.0">
  <code code="C24">
    <editdetail attribution="Reuters BIP Coding Group" action="confirmed" date="1997-05-23"/>
  </code>
  <code code="CCAT">
    <editdetail attribution="Reuters BIP Coding Group" action="confirmed" date="1997-05-23"/>
  </code>
  <code code="M14">
    <editdetail attribution="Reuters BIP Coding Group" action="confirmed" date="1997-05-23"/>
  </code>
  <code code="M141">
    <editdetail attribution="Reuters BIP Coding Group" action="confirmed" date="1997-05-23"/>
  </code>
  <code code="MCAT">
    <editdetail attribution="Reuters BIP Coding Group" action="confirmed" date="1997-05-23"/>
  </code>
</codes>
<dc element="dc.date.created" value="1997-05-23"/>
<dc element="dc.publisher" value="Reuters Holdings Plc"/>
<dc element="dc.date.published" value="1997-05-23"/>
<dc element="dc.source" value="Reuters"/>
<dc element="dc.creator.location" value="LUSAKA"/>
<dc element="dc.creator.location.country.name" value="ZAMBIA"/>
<dc element="dc.source" value="Reuters"/>
</metadata>
</newsitem>
