<?xml version="1.0" encoding="iso-8859-1" ?>
<newsitem itemid="608447" id="root" date="1997-05-23" xml:lang="en">
<title>ZIMBABWE: ZIMBABWE MONEY RATES EDGE UP DESPITE LIQUIDITY.</title>
<headline>ZIMBABWE MONEY RATES EDGE UP DESPITE LIQUIDITY.</headline>
<dateline>HARARE 1997-05-23</dateline>
<text>
<p>Short-term trading rates on Zimbabwe's money market were quoted largely firmer despite a surplus of cash in the system on Friday, dealers said.</p>
<p>The market opened with an unsettled surplus of 137.8 million and further liquidity was added on maturity of Z$400 million worth of treasury bills.</p>
<p>But the central Reserve Bank only managed to mop up Z$235 million by auctioning 91-day treasury bills with an average yield of 23.36 percent.</p>
<p>Treasury bills were being traded on the secondary market at 22 percent, down from 22.75 percent, but call money, also quoted at 22 percent, added two percentage points.</p>
<p>NCD bills maturing after 30, 60 and 90 days were quoted at 25.5 and 23.75 percent (buying and selling respectively) from 25 and 22 percent. Bank acceptances were being bought at 24.5 percent from 24.25 but sold unchanged at 23 percent.</p>
<p>--Stella Mapenzauswa, Harare Newsroom: +263-4 72 52 7/8/9</p>
</text>
<copyright>(c) Reuters Limited 1997</copyright>
<metadata>
<codes class="bip:countries:1.0">
  <code code="ZIMBAB">
    <editdetail attribution="Reuters BIP Coding Group" action="confirmed" date="1997-05-23"/>
  </code>
</codes>
<codes class="bip:topics:1.0">
  <code code="M13">
    <editdetail attribution="Reuters BIP Coding Group" action="confirmed" date="1997-05-23"/>
  </code>
  <code code="M131">
    <editdetail attribution="Reuters BIP Coding Group" action="confirmed" date="1997-05-23"/>
  </code>
  <code code="MCAT">
    <editdetail attribution="Reuters BIP Coding Group" action="confirmed" date="1997-05-23"/>
  </code>
</codes>
<dc element="dc.date.created" value="1997-05-23"/>
<dc element="dc.publisher" value="Reuters Holdings Plc"/>
<dc element="dc.date.published" value="1997-05-23"/>
<dc element="dc.source" value="Reuters"/>
<dc element="dc.creator.location" value="HARARE"/>
<dc element="dc.creator.location.country.name" value="ZIMBABWE"/>
<dc element="dc.source" value="Reuters"/>
</metadata>
</newsitem>
