<?xml version="1.0" encoding="iso-8859-1" ?>
<newsitem itemid="608454" id="root" date="1997-05-23" xml:lang="en">
<title>POLAND: INDICATORS - POLAND - UPDATED MAY 23.</title>
<headline>INDICATORS - POLAND - UPDATED MAY 23.</headline>
<text>
<p>Following is an update of main Polish indicators:</p>
<p>CPI CHANGE (PCT)</p>
<p>	   MONTH/MONTH   APRIL  1.0  MARCH 0.8  APRIL 96    2.2</p>
<p>	   YEAR/YEAR     APRIL 15.3  MARCH 16.6 APRIL 96   20.3</p>
<p>PPI CHANGE (PCT)</p>
<p>	   MONTH/MONTH   APRIL  0.6  MARCH 0.6  APRIL 96    1.2</p>
<p>	   YEAR/YEAR     APRIL  9.8  MARCH 10.4 APRIL 96   14.3</p>
<p>IND. OUTPUT CHANGE (PCT)</p>
<p>	   MONTH/MONTH   APRIL  6.0  MARCH 6.4* APRIL 96   -4.4</p>
<p>	   YEAR/YEAR     APRIL 15.9  MARCH 4.6* APRIL 96   15.2</p>
<p>UNEMPLOYMENT RATE</p>
<p>	   MONTH/MONTH   APRIL 12.4  MARCH 13.0 APRIL 96   15.1</p>
<p>C/A BALANCE ($mln)</p>
<p>	   MONTH/MONTH   MARCH -355   FEB -233  MARCH 96     70</p>
<p>  CHANGE SINCE JANUARY     -1,487     -1,132		  151</p>
<p>TRADE BALANCE ($mln)</p>
<p>	   MONTH/MONTH   MARCH -885  FEB   -706 MARCH 96   -382</p>
<p>  CHANGE SINCE JANUARY     -3,067	-2,182	    -1,442</p>
<p>MONEY SUPPLY CHANGE (PCT)</p>
<p>	   MONTH/MONTH   APRIL 2.3   MARCH 2.2  APRIL 96    2.7</p>
<p>BUDGET APRIL IN BLN PLN</p>
<p>			     INCOME   32.05    SPENDING   37.62</p>
<p>			     BALANCE  -5.57    1997 PLAN -12.22</p>
<p>OFFICIAL FOREX RESERVES ($BLN)</p>
<p>	   MONTH/MONTH   MARCH 17.98  FEB 18.28  MARCH 96  17.55</p>
<p>  CHANGE SINCE JANUARY	 -0.05	 0.24		 2.59</p>
<p>NET FOREX RESERVES  ($BLN)</p>
<p>	   MONTH/MONTH    APRIL 21.07 MARCH 21.09* APRIL 96 21.59</p>
<p>  CHANGE SINCE JANUARY	  -0.60	 -0.58		1.15</p>
<p>NBP INTEREST RATES:    LOMBARD 25.0 PCT   DISCOUNT 22.0 PCT</p>
<p>LAST CHANGE: ONE POINT CUT ON JULY 16, 1996</p>
<p>NOTE. Official forex reserves are those held by the state. Net</p>
<p>forex reserves mean the total amount of hard currencies in the</p>
<p>whole banking system. Figures marked * are revised.</p>
<p>-- Warsaw Newsroom +48 22 653 9700</p>
</text>
<copyright>(c) Reuters Limited 1997</copyright>
<metadata>
<codes class="bip:countries:1.0">
  <code code="POL">
    <editdetail attribution="Reuters BIP Coding Group" action="confirmed" date="1997-05-23"/>
  </code>
</codes>
<codes class="bip:topics:1.0">
  <code code="E71">
    <editdetail attribution="Reuters BIP Coding Group" action="confirmed" date="1997-05-23"/>
  </code>
  <code code="ECAT">
    <editdetail attribution="Reuters BIP Coding Group" action="confirmed" date="1997-05-23"/>
  </code>
</codes>
<dc element="dc.publisher" value="Reuters Holdings Plc"/>
<dc element="dc.date.published" value="1997-05-23"/>
<dc element="dc.source" value="Reuters"/>
<dc element="dc.creator.location.country.name" value="POLAND"/>
<dc element="dc.source" value="Reuters"/>
</metadata>
</newsitem>
