<?xml version="1.0" encoding="iso-8859-1" ?>
<newsitem itemid="608463" id="root" date="1997-05-23" xml:lang="en">
<title>CZECH REPUBLIC: CZECH SUPPORT FOR NATO MEMBERSHIP RISES - POLL.</title>
<headline>CZECH SUPPORT FOR NATO MEMBERSHIP RISES - POLL.</headline>
<dateline>PRAGUE 1997-05-23</dateline>
<text>
<p>The number of Czechs supporting their country's entry into the North Atlantic Treaty Organisation (NATO) rose by three points month-on-month in May to 45 percent, a survey released on Friday said.</p>
<p>The poll conducted by the state-run Institute For Public Opinion Research (IVVM) showed that the numbers opposed to membership also widened, by two points to 34, while 21 percent said they were undecided, after 26 percent in April.</p>
<p>The survey of 1,001 Czechs, taken in the first week of May, said that the percentage of NATO entry supporters rose by seven percentage points over the past six months.</p>
<p>The Czech Republic, along with Hungary and Poland, is seen likely to be among the first post-communist countries to be invited at the Madrid NATO summit scheduled for July to start negotiations on membership in the alliance.</p>
<p>The Czech centre-right coalition government does not plan a referendum on NATO entry but the opposition Social Democrats, who also support joining the alliance, have called for one.</p>
</text>
<copyright>(c) Reuters Limited 1997</copyright>
<metadata>
<codes class="bip:countries:1.0">
  <code code="CZREP">
    <editdetail attribution="Reuters BIP Coding Group" action="confirmed" date="1997-05-23"/>
  </code>
  <code code="NATO">
    <editdetail attribution="Reuters BIP Coding Group" action="confirmed" date="1997-05-23"/>
  </code>
</codes>
<codes class="bip:topics:1.0">
  <code code="GCAT">
    <editdetail attribution="Reuters BIP Coding Group" action="confirmed" date="1997-05-23"/>
  </code>
  <code code="GDEF">
    <editdetail attribution="Reuters BIP Coding Group" action="confirmed" date="1997-05-23"/>
  </code>
  <code code="GDIP">
    <editdetail attribution="Reuters BIP Coding Group" action="confirmed" date="1997-05-23"/>
  </code>
  <code code="GPOL">
    <editdetail attribution="Reuters BIP Coding Group" action="confirmed" date="1997-05-23"/>
  </code>
</codes>
<dc element="dc.date.created" value="1997-05-23"/>
<dc element="dc.publisher" value="Reuters Holdings Plc"/>
<dc element="dc.date.published" value="1997-05-23"/>
<dc element="dc.source" value="Reuters"/>
<dc element="dc.creator.location" value="PRAGUE"/>
<dc element="dc.creator.location.country.name" value="CZECH REPUBLIC"/>
<dc element="dc.source" value="Reuters"/>
</metadata>
</newsitem>
