<?xml version="1.0" encoding="iso-8859-1" ?>
<newsitem itemid="608555" id="root" date="1997-05-23" xml:lang="en">
<title>UK: Key stock and currency market movements at 1600 GMT.</title>
<headline>Key stock and currency market movements at 1600 GMT.</headline>
<dateline>LONDON 1997-05-23</dateline>
<text>
<p>The following table shows the latest close of key indices* on major world stock exchanges, the day's change in points and the indices' 1997 closing highs and lows (with dates). Also shown are the London closing values of the German mark, the Japanese yen, the British pound and gold bullion (previous day's closes in brackets):</p>
<p>		  May 23     DAY'S CHANGE   1997 HIGH    1997 LOW</p>
<p>		  CLOSE	IN POINTS</p>
<p> NEW YORK     7,297.28     +39.15	 7,333.55     6,391.69</p>
<p>		 (midday)			 (May 15)     (Apr 11)</p>
<p> LONDON	 4,661.8	+10.0	  4,693.9	4,056.6</p>
<p>						    (May 16)     (Jan 10)</p>
<p> TOKYO	 20,009.00    +131.61	20,489.75    17,303.65</p>
<p>						    (May 19)     (Jan 10)</p>
<p> FRANKFURT    3,602.19     +22.77	 3,604.55     2,848.77</p>
<p>						    (May 16)     (Jan 2)</p>
<p> PARIS	  2,762.90     +21.25	 2,786.35     2,256.97</p>
<p>						    (May 21)     (Jan 2)</p>
<p> SYDNEY	 2,563.90     +16.00	 2,563.90     2,352.20</p>
<p>						    (May 23)     (Apr 1)</p>
<p> HONG KONG   14,331.68    +119.68	14,331.68    12,055.17</p>
<p>						    (May 23)     (Apr 3)</p>
<p>- - - -</p>
<p>FOREIGN EXCHANGE/GOLD BULLION CLOSE IN LONDON</p>
<p> Dollar/mark... 1.6910   (1.6947)</p>
<p> Dollar/yen.... 115.49   (116.05)</p>
<p>Pound/dollar.. $1.6313  (1.6337)</p>
<p>Gold (ounce).. $343.05  (342.75)</p>
<p>- - - -</p>
<p>*INDICES USED AND THEIR ALL-TIME CLOSING HIGHS</p>
<p>New York Dow Jones industrial average -- 7,333.55 (May 15/97)</p>
<p>London FTSE 100 index -- 4,693.9 (May 16/97)</p>
<p>Tokyo Nikkei average -- 38,915.87 (Dec 29/89)</p>
<p>Frankfurt DAX-3O index -- 3,604.55 (May 16/97)</p>
<p>Paris CAC-40 General index -- 2,786.35 (May 21/97)</p>
<p>Sydney Australian All-Ordinaries index -- 2,563.90 (May 23/97)</p>
<p>Hong Kong Hang Seng index -- 14,331.68 (May 23/97)</p>
</text>
<copyright>(c) Reuters Limited 1997</copyright>
<metadata>
<codes class="bip:countries:1.0">
  <code code="UK">
    <editdetail attribution="Reuters BIP Coding Group" action="confirmed" date="1997-05-23"/>
  </code>
</codes>
<codes class="bip:topics:1.0">
  <code code="M11">
    <editdetail attribution="Reuters BIP Coding Group" action="confirmed" date="1997-05-23"/>
  </code>
  <code code="M13">
    <editdetail attribution="Reuters BIP Coding Group" action="confirmed" date="1997-05-23"/>
  </code>
  <code code="M132">
    <editdetail attribution="Reuters BIP Coding Group" action="confirmed" date="1997-05-23"/>
  </code>
  <code code="MCAT">
    <editdetail attribution="Reuters BIP Coding Group" action="confirmed" date="1997-05-23"/>
  </code>
</codes>
<dc element="dc.date.created" value="1997-05-23"/>
<dc element="dc.publisher" value="Reuters Holdings Plc"/>
<dc element="dc.date.published" value="1997-05-23"/>
<dc element="dc.source" value="Reuters"/>
<dc element="dc.creator.location" value="LONDON"/>
<dc element="dc.creator.location.country.name" value="UK"/>
<dc element="dc.source" value="Reuters"/>
</metadata>
</newsitem>
