<?xml version="1.0" encoding="iso-8859-1" ?>
<newsitem itemid="608577" id="root" date="1997-05-23" xml:lang="en">
<title>UK: UK DTI okays acquistions by Johnston Press.</title>
<headline>UK DTI okays acquistions by Johnston Press.</headline>
<dateline>LONDON 1997-05-23</dateline>
<text>
<p>Britain's Department of Trade and Industry (DTI) said on Friday it had approved the acquisition of three newspaper titles by regional newspaper group Johnston Press Plc.</p>
<p>The titles, the Pocklington Post, Bridlington Gazette &amp; Herald and Driffield Post -- will be folded into Johnston's Yorkshire Regional Newspapers Ltd.</p>
<p>--London Newsroom +44 171 542 4366</p>
</text>
<copyright>(c) Reuters Limited 1997</copyright>
<metadata>
<codes class="bip:countries:1.0">
  <code code="UK">
    <editdetail attribution="Reuters BIP Coding Group" action="confirmed" date="1997-05-23"/>
  </code>
</codes>
<codes class="bip:industries:1.0">
  <code code="I47510">
    <editdetail attribution="Reuters BIP Coding Group" action="confirmed" date="1997-05-23"/>
  </code>
</codes>
<codes class="bip:topics:1.0">
  <code code="C18">
    <editdetail attribution="Reuters BIP Coding Group" action="confirmed" date="1997-05-23"/>
  </code>
  <code code="C181">
    <editdetail attribution="Reuters BIP Coding Group" action="confirmed" date="1997-05-23"/>
  </code>
  <code code="C34">
    <editdetail attribution="Reuters BIP Coding Group" action="confirmed" date="1997-05-23"/>
  </code>
  <code code="CCAT">
    <editdetail attribution="Reuters BIP Coding Group" action="confirmed" date="1997-05-23"/>
  </code>
</codes>
<dc element="dc.date.created" value="1997-05-23"/>
<dc element="dc.publisher" value="Reuters Holdings Plc"/>
<dc element="dc.date.published" value="1997-05-23"/>
<dc element="dc.source" value="Reuters"/>
<dc element="dc.creator.location" value="LONDON"/>
<dc element="dc.creator.location.country.name" value="UK"/>
<dc element="dc.source" value="Reuters"/>
</metadata>
</newsitem>
