<?xml version="1.0" encoding="iso-8859-1" ?>
<newsitem itemid="608529" id="root" date="1997-05-23" xml:lang="en">
<title>UK: NWE oil products end mixed ahead of 3-day weekend.</title>
<headline>NWE oil products end mixed ahead of 3-day weekend.</headline>
<dateline>LONDON 1997-05-23</dateline>
<text>
<p>NWE oil products ended mixed on Friday ahead of a three-day weekend in the U.S. and U.K.</p>
<p>Fuel oil barges lost $1 to trade at $80/$81 under pressure from weak demand and competing supplies of cracked Russian fuel oil. Low sulphur cargoes were bid at $97 by one trader but no prompt supply was seen.</p>
<p>Gas oil premiums came under pressure as futures fell $1.00 a tonne on poor German demand.</p>
<p>Gasoline was firm on a plethora of bullish factors such as U.S. demand, local run cuts, an IOC tender and a dearth of cargo-sized parcels. Naphtha was easier in dull trade.</p>
<p>-- London Newsroom, +44 171 542 7714.</p>
</text>
<copyright>(c) Reuters Limited 1997</copyright>
<metadata>
<codes class="bip:countries:1.0">
  <code code="UK">
    <editdetail attribution="Reuters BIP Coding Group" action="confirmed" date="1997-05-23"/>
  </code>
</codes>
<codes class="bip:topics:1.0">
  <code code="M14">
    <editdetail attribution="Reuters BIP Coding Group" action="confirmed" date="1997-05-23"/>
  </code>
  <code code="M143">
    <editdetail attribution="Reuters BIP Coding Group" action="confirmed" date="1997-05-23"/>
  </code>
  <code code="MCAT">
    <editdetail attribution="Reuters BIP Coding Group" action="confirmed" date="1997-05-23"/>
  </code>
</codes>
<dc element="dc.date.created" value="1997-05-23"/>
<dc element="dc.publisher" value="Reuters Holdings Plc"/>
<dc element="dc.date.published" value="1997-05-23"/>
<dc element="dc.source" value="Reuters"/>
<dc element="dc.creator.location" value="LONDON"/>
<dc element="dc.creator.location.country.name" value="UK"/>
<dc element="dc.source" value="Reuters"/>
</metadata>
</newsitem>
