<?xml version="1.0" encoding="iso-8859-1" ?>
<newsitem itemid="608605" id="root" date="1997-05-23" xml:lang="en">
<title>CANADA: Canada province cancels U.S. military lease over fish.</title>
<headline>Canada province cancels U.S. military lease over fish.</headline>
<dateline>VANCOUVER, British Columbia 1997-05-23</dateline>
<text>
<p>British Columbia said on Friday it will cancel the lease on an underwater military testing range used by the United States to pressure Ottawa and Washington to resolve a dispute over Pacific salmon fishing.</p>
<p>Provincial Premier Glen Clark told reporters that British Columbia decided to revoke the lease on the seabed at the Nanoose Bay submarine and weapons testing ground off Vancouver Island.  </p>
<p>The Canadian Forces Maritime Experimental Test Range at Nanoose Bay is also used by U.S. nuclear submarines under a Canada-U.S. joint defense agreement.</p>
<p>The province controls the sea floor and Clark said the move would effectively end the U.S. military's use of the area as a torpedo test range.</p>
<p>&quot;We have got to take some kind of dramatic action to get their attention,&quot; Clark said.</p>
<p>He said British Columbia felt compelled to act unilaterally because time was running out before the salmon run starts in July.</p>
<p>Canada said on Wednesday that talks with the United States over the the long-running dispute had collapsed. Negotiators had sought to reach an accord on how to share dwindling salmon stocks in the Pacific Northwest.</p>
</text>
<copyright>(c) Reuters Limited 1997</copyright>
<metadata>
<codes class="bip:countries:1.0">
  <code code="CANA">
    <editdetail attribution="Reuters BIP Coding Group" action="confirmed" date="1997-05-23"/>
  </code>
  <code code="USA">
    <editdetail attribution="Reuters BIP Coding Group" action="confirmed" date="1997-05-23"/>
  </code>
</codes>
<codes class="bip:industries:1.0">
  <code code="I03000">
    <editdetail attribution="Reuters BIP Coding Group" action="confirmed" date="1997-05-23"/>
  </code>
</codes>
<codes class="bip:topics:1.0">
  <code code="C13">
    <editdetail attribution="Reuters BIP Coding Group" action="confirmed" date="1997-05-23"/>
  </code>
  <code code="CCAT">
    <editdetail attribution="Reuters BIP Coding Group" action="confirmed" date="1997-05-23"/>
  </code>
  <code code="E51">
    <editdetail attribution="Reuters BIP Coding Group" action="confirmed" date="1997-05-23"/>
  </code>
  <code code="ECAT">
    <editdetail attribution="Reuters BIP Coding Group" action="confirmed" date="1997-05-23"/>
  </code>
  <code code="GCAT">
    <editdetail attribution="Reuters BIP Coding Group" action="confirmed" date="1997-05-23"/>
  </code>
  <code code="GDEF">
    <editdetail attribution="Reuters BIP Coding Group" action="confirmed" date="1997-05-23"/>
  </code>
  <code code="GDIP">
    <editdetail attribution="Reuters BIP Coding Group" action="confirmed" date="1997-05-23"/>
  </code>
</codes>
<dc element="dc.date.created" value="1997-05-23"/>
<dc element="dc.publisher" value="Reuters Holdings Plc"/>
<dc element="dc.date.published" value="1997-05-23"/>
<dc element="dc.source" value="Reuters"/>
<dc element="dc.creator.location" value="VANCOUVER, British Columbia"/>
<dc element="dc.creator.location.country.name" value="CANADA"/>
<dc element="dc.source" value="Reuters"/>
</metadata>
</newsitem>
