<?xml version="1.0" encoding="iso-8859-1" ?>
<newsitem itemid="608606" id="root" date="1997-05-23" xml:lang="en">
<title>CANADA: Alumax mulls expansion of Lauralco - paper.</title>
<headline>Alumax mulls expansion of Lauralco - paper.</headline>
<dateline>MONTREAL 1997-05-23</dateline>
<text>
<p>Alumax Inc is studying the possibility of investing hundreds of million of dollars to expand its Lauralco smelter in Deschambault, Quebec, Le Soleil newspaper said on Friday.</p>
<p>The investment is conditional to reaching an agreement with government-owned untility Hydro-Quebec on preferential electricity rates, the Quebec City newspaper said.</p>
<p>&quot;It could be as big as a second Lauralco,&quot; Jean-Pierre Gilardeau, director general of the smelter, told the newspaper.</p>
<p>Earlier this week, Alumax chief executive Allen Born told reporters in Atlanta that the company was looking at the possibility of expanding low-cost Lauralco.</p>
<p>The smelter was built in the early 1990s at a cost of C$1 billion, and produced 217,000 metric tons of aluminum in 1996.</p>
<p>A Hydro-Quebec spokeswoman told Reuters that the utility has no plans to negotiate a special rate with Alumax.</p>
<p>&quot;We do not want to negotiate the rate with Alumax. There is a fixed rate for large companies,&quot; said Francine Charest.</p>
<p>Special rates offered by Hydro-Quebec to large smelters and metal-making facilities have been a controversial issue in Quebec after reports indicated they were dampening profits at the utility.</p>
<p>((Reuters Montreal bureau 514-985-2434))</p>
</text>
<copyright>(c) Reuters Limited 1997</copyright>
<metadata>
<codes class="bip:countries:1.0">
  <code code="CANA">
    <editdetail attribution="Reuters BIP Coding Group" action="confirmed" date="1997-05-23"/>
  </code>
</codes>
<codes class="bip:industries:1.0">
  <code code="I1610107">
    <editdetail attribution="Reuters BIP Coding Group" action="confirmed" date="1997-05-23"/>
  </code>
  <code code="I22450">
    <editdetail attribution="Reuters BIP Coding Group" action="confirmed" date="1997-05-23"/>
  </code>
</codes>
<codes class="bip:topics:1.0">
  <code code="C11">
    <editdetail attribution="Reuters BIP Coding Group" action="confirmed" date="1997-05-23"/>
  </code>
  <code code="C24">
    <editdetail attribution="Reuters BIP Coding Group" action="confirmed" date="1997-05-23"/>
  </code>
  <code code="CCAT">
    <editdetail attribution="Reuters BIP Coding Group" action="confirmed" date="1997-05-23"/>
  </code>
</codes>
<dc element="dc.date.created" value="1997-05-23"/>
<dc element="dc.publisher" value="Reuters Holdings Plc"/>
<dc element="dc.date.published" value="1997-05-23"/>
<dc element="dc.source" value="Reuters"/>
<dc element="dc.creator.location" value="MONTREAL"/>
<dc element="dc.creator.location.country.name" value="CANADA"/>
<dc element="dc.source" value="Reuters"/>
</metadata>
</newsitem>
