<?xml version="1.0" encoding="iso-8859-1" ?>
<newsitem itemid="628949" id="root" date="1997-06-01" xml:lang="en">
<title>CANADA: ATHLETICS-BAILEY WINS SPRINT SHOWDOWN AS JOHNSON COMES UP LAME.</title>
<headline>ATHLETICS-BAILEY WINS SPRINT SHOWDOWN AS JOHNSON COMES UP LAME.</headline>
<dateline>TORONTO 1997-06-01</dateline>
<text>
<p>World 100 meters record holder Donovan Bailey of Canada defeated 200 meters world record holder Michael Johnson in their 150-meter sprint showdown on Sunday as the U.S. Olympic champion pulled up lame.</p>
<p>Bailey, who was leading Johnson around the curve when Johnson quit in pain, clocked an unofficial 14.99 seconds to pocket a $1 million prize.</p>
<p>Both sprinters had already been assured appearance fees of $500,000 each.</p>
</text>
<copyright>(c) Reuters Limited 1997</copyright>
<metadata>
<codes class="bip:countries:1.0">
  <code code="CANA">
    <editdetail attribution="Reuters BIP Coding Group" action="confirmed" date="1997-06-01"/>
  </code>
  <code code="USA">
    <editdetail attribution="Reuters BIP Coding Group" action="confirmed" date="1997-06-01"/>
  </code>
</codes>
<codes class="bip:topics:1.0">
  <code code="GCAT">
    <editdetail attribution="Reuters BIP Coding Group" action="confirmed" date="1997-06-01"/>
  </code>
  <code code="GSPO">
    <editdetail attribution="Reuters BIP Coding Group" action="confirmed" date="1997-06-01"/>
  </code>
</codes>
<dc element="dc.date.created" value="1997-06-01"/>
<dc element="dc.publisher" value="Reuters Holdings Plc"/>
<dc element="dc.date.published" value="1997-06-01"/>
<dc element="dc.source" value="Reuters"/>
<dc element="dc.creator.location" value="TORONTO"/>
<dc element="dc.creator.location.country.name" value="CANADA"/>
<dc element="dc.source" value="Reuters"/>
</metadata>
</newsitem>
