<?xml version="1.0" encoding="iso-8859-1" ?>
<newsitem itemid="628991" id="root" date="1997-06-01" xml:lang="en">
<title>FRANCE: TENNIS-DAY SEVEN SNIPPETS FROM ROLAND GARROS.</title>
<headline>TENNIS-DAY SEVEN SNIPPETS FROM ROLAND GARROS.</headline>
<dateline>PARIS 1997-06-01</dateline>
<text>
<p>A brief selection of highlights from the seventh day of the French Open:</p>
<p>- - - -</p>
<p>Best quote - &quot;I'm not Mother Teresa, I don't care. I'm not here to do charity work for anybody.&quot; Switzerland's Marc Rosset, asked if he felt sympathy for his fellow players on a windy day at Roland Garros.</p>
<p>- - - -</p>
<p>Stat of the day - 29. The number of years since the last Brazilian reached the quarter-finals at the French Open. Gustavo Kuerten will be the first Brazilian since Tomas Koch in 1968 if he can win the fifth and deciding set of his match with Andrei Medvedev, suspended on Sunday due to darkness.</p>
<p>- - - -</p>
<p>Black day - Marcelo Rios will be glad to know there are no more Black brothers lurking around the back courts of Roland Garros after being extended to five sets in his first two matches by Zimbabwe siblings Wayne and Byron. Younger sister Cara, however, is still around, trying to make a similar impression in the junior competition.</p>
</text>
<copyright>(c) Reuters Limited 1997</copyright>
<metadata>
<codes class="bip:countries:1.0">
  <code code="FRA">
    <editdetail attribution="Reuters BIP Coding Group" action="confirmed" date="1997-06-01"/>
  </code>
</codes>
<codes class="bip:topics:1.0">
  <code code="GCAT">
    <editdetail attribution="Reuters BIP Coding Group" action="confirmed" date="1997-06-01"/>
  </code>
  <code code="GSPO">
    <editdetail attribution="Reuters BIP Coding Group" action="confirmed" date="1997-06-01"/>
  </code>
</codes>
<dc element="dc.date.created" value="1997-06-01"/>
<dc element="dc.publisher" value="Reuters Holdings Plc"/>
<dc element="dc.date.published" value="1997-06-01"/>
<dc element="dc.source" value="Reuters"/>
<dc element="dc.creator.location" value="PARIS"/>
<dc element="dc.creator.location.country.name" value="FRANCE"/>
<dc element="dc.source" value="Reuters"/>
</metadata>
</newsitem>
