<?xml version="1.0" encoding="iso-8859-1" ?>
<newsitem itemid="628981" id="root" date="1997-06-01" xml:lang="en">
<title>USA: NHL-GAME 1 LINESCORE IN STANLEY CUP FINALS.</title>
<headline>NHL-GAME 1 LINESCORE IN STANLEY CUP FINALS.</headline>
<dateline>PHILADELPHIA 1997-05-31</dateline>
<text>
<p>Linescore of the opening</p>
<p>game of the best-of-seven Stanley Cup finals on Saturday:</p>
<p>				1ST  2ND  3RD     TOTAL</p>
<p>    DETROIT		  2    1    1	  4</p>
<p>    PHILADELPHIA	   1    1    0	  2</p>
<p>GOAL SCORING:</p>
<p>1ST PERIOD: DET - (SH) KIRK MALTBY 4 (KRIS DRAPER) 6:38</p>
<p>		    PHI - (PP) ROD BRIND'AMOUR 11 (ERIC LINDROS,</p>
<p>JANNE NIINIMAA) 7:37</p>
<p>		    DET - JOE KOCUR 1 (UNASSISTED) 15:56</p>
<p>2ND PERIOD: DET - SERGEI FEDOROV 6 (LARRY MURPHY, DARREN</p>
<p>MCCARTY) 11:41</p>
<p>		    PHI - JOHN LECLAIR 8 (MIKAEL RENBERG, ERIC</p>
<p>LINDROS) 17:11</p>
<p>3RD PERIOD: DET - STEVE YZERMAN 5 (LARRY MURPHY) 0:56</p>
<p>POWER-PLAY CONVERSIONS: DET - 0 OF 5, PHI - 1 OF 5.</p>
<p>GOALIES: DET - MIKE VERNON</p>
<p>		 PHI - RON HEXTALL</p>
<p>OFFICIALS: REF - B MCCREARY</p>
<p>		   LIN - SCAPINELLO, SCHACHTE</p>
</text>
<copyright>(c) Reuters Limited 1997</copyright>
<metadata>
<codes class="bip:countries:1.0">
  <code code="USA">
    <editdetail attribution="Reuters BIP Coding Group" action="confirmed" date="1997-06-01"/>
  </code>
</codes>
<codes class="bip:topics:1.0">
  <code code="GCAT">
    <editdetail attribution="Reuters BIP Coding Group" action="confirmed" date="1997-06-01"/>
  </code>
  <code code="GSPO">
    <editdetail attribution="Reuters BIP Coding Group" action="confirmed" date="1997-06-01"/>
  </code>
</codes>
<dc element="dc.date.created" value="1997-05-31"/>
<dc element="dc.publisher" value="Reuters Holdings Plc"/>
<dc element="dc.date.published" value="1997-06-01"/>
<dc element="dc.source" value="Reuters"/>
<dc element="dc.creator.location" value="PHILADELPHIA"/>
<dc element="dc.creator.location.country.name" value="USA"/>
<dc element="dc.source" value="Reuters"/>
</metadata>
</newsitem>
