<?xml version="1.0" encoding="iso-8859-1" ?>
<newsitem itemid="628994" id="root" date="1997-06-01" xml:lang="en">
<title>REPUBLIC OF IRELAND: GOLF-THIRD ROUND PLAY IN MEMORIAL TOURNAMENT RESUMES.</title>
<headline>GOLF-THIRD ROUND PLAY IN MEMORIAL TOURNAMENT RESUMES.</headline>
<dateline>DUBLIN, Ohio 1997-06-01</dateline>
<text>
<p>The third round of the rain-delayed Memorial Tournament resumed on Sunday and officials said the fourth round would be played on Monday.</p>
<p>Rain suspended play in the third round on Saturday after the leaders had played three holes. Play resumed at 2:30 p.m. EDT (1830 GMT) on Sunday.</p>
<p>At the halfway stage of the tournament Scott Hoch led the field with his 10 under par total, one stroke ahead of Tommy Tolles and Vijay Singh of Fiji.</p>
<p>The PGA Tour, as part of a new policy to complete tournaments, has decided to play the full 72 holes and have the players return for the fourth round on Monday.</p>
<p>U.S. Open qualifying rounds at several sites had been scheduled for Monday, with 18 players in the Memorial field scheduled to play in the 36 hole qualifying. But the USGA has pushed back the Columbus, Ohio area qualifying to Tuesday.</p>
<p>Two players in the Memorial field withdrew on Sunday -- Japan's Shigeki Maruyama, who had a neck injury, and Rick Fehr, who decided to fly back to Seattle for U.S. Open qualifying, though he had the option to do so at any other site on Tuesday.</p>
</text>
<copyright>(c) Reuters Limited 1997</copyright>
<metadata>
<codes class="bip:countries:1.0">
  <code code="IRE">
    <editdetail attribution="Reuters BIP Coding Group" action="confirmed" date="1997-06-01"/>
  </code>
  <code code="USA">
    <editdetail attribution="Reuters BIP Coding Group" action="confirmed" date="1997-06-01"/>
  </code>
</codes>
<codes class="bip:topics:1.0">
  <code code="GCAT">
    <editdetail attribution="Reuters BIP Coding Group" action="confirmed" date="1997-06-01"/>
  </code>
  <code code="GSPO">
    <editdetail attribution="Reuters BIP Coding Group" action="confirmed" date="1997-06-01"/>
  </code>
</codes>
<dc element="dc.date.created" value="1997-06-01"/>
<dc element="dc.publisher" value="Reuters Holdings Plc"/>
<dc element="dc.date.published" value="1997-06-01"/>
<dc element="dc.source" value="Reuters"/>
<dc element="dc.creator.location" value="DUBLIN, Ohio"/>
<dc element="dc.creator.location.country.name" value="REPUBLIC OF IRELAND"/>
<dc element="dc.source" value="Reuters"/>
</metadata>
</newsitem>
