<?xml version="1.0" encoding="iso-8859-1" ?>
<newsitem itemid="628930" id="root" date="1997-06-01" xml:lang="en">
<title>AUSTRIA: MOTORCYCLING-DOOHAN WINS AUSTRIAN GRAND PRIX.</title>
<headline>MOTORCYCLING-DOOHAN WINS AUSTRIAN GRAND PRIX.</headline>
<dateline>ZELTWEG, Austria 1997-06-01</dateline>
<text>
<p>Three-times 500cc world champion Michael Doohan extended his lead in the standings by recording his fourth victory of the season at the Austrian Grand Prix on Sunday.</p>
<p>The Australian Honda rider, who now has 38 career wins, finished 22.077 seconds ahead of Japanese team mate Tadayuki Okada and 22.471 in front of Italian Luca Cadalora on a Yamaha.</p>
<p>Okada, who was an uncertain starter after he sustained an injury to his left hip in Saturday's final qualifying, capitalised on an error by Spanish team mate Alex Criville on the penultimate lap.</p>
<p>Criville, who now trails Doohan in the standings by 31 points, was second for most of the 28-lap race but went off the track after a mistake and finished fifth.</p>
<p>Olivier Jacque of France won the 250cc race after overtaking Germany's Ralf Waldmann on the final lap. World champion Max Biaggi of Italy extended his lead in the standings with third place.</p>
<p>Japanese Honda rider Noburu Ueda took the lead in the 125cc standings from Aprilia's Valentino Rossi -- winning in 40:19.719, just 0.004 seconds ahead of the Italian.</p>
</text>
<copyright>(c) Reuters Limited 1997</copyright>
<metadata>
<codes class="bip:countries:1.0">
  <code code="AUST">
    <editdetail attribution="Reuters BIP Coding Group" action="confirmed" date="1997-06-01"/>
  </code>
  <code code="AUSTR">
    <editdetail attribution="Reuters BIP Coding Group" action="confirmed" date="1997-06-01"/>
  </code>
</codes>
<codes class="bip:topics:1.0">
  <code code="GCAT">
    <editdetail attribution="Reuters BIP Coding Group" action="confirmed" date="1997-06-01"/>
  </code>
  <code code="GSPO">
    <editdetail attribution="Reuters BIP Coding Group" action="confirmed" date="1997-06-01"/>
  </code>
</codes>
<dc element="dc.date.created" value="1997-06-01"/>
<dc element="dc.publisher" value="Reuters Holdings Plc"/>
<dc element="dc.date.published" value="1997-06-01"/>
<dc element="dc.source" value="Reuters"/>
<dc element="dc.creator.location" value="ZELTWEG, Austria"/>
<dc element="dc.creator.location.country.name" value="AUSTRIA"/>
<dc element="dc.source" value="Reuters"/>
</metadata>
</newsitem>
