<?xml version="1.0" encoding="iso-8859-1" ?>
<newsitem itemid="628974" id="root" date="1997-06-01" xml:lang="en">
<title>MOROCCO: SOCCER-MOROCCO BEAT ETHIOPIA IN QUALIFIER.</title>
<headline>SOCCER-MOROCCO BEAT ETHIOPIA IN QUALIFIER.</headline>
<dateline>RABAT 1997-06-01</dateline>
<text>
<p>Morocco beat Ethiopia 4-0 (halftime 3-O) in an African Nations Cup group three qualify match on Saturday.</p>
<p>Scorers: Said Chiba 8, Ahmed Baeja 18, Noureddine Naybet 34, Hadrioui Abdelkrim 81.</p>
<p>Attendance: 40,000.</p>
</text>
<copyright>(c) Reuters Limited 1997</copyright>
<metadata>
<codes class="bip:countries:1.0">
  <code code="ETHPA">
    <editdetail attribution="Reuters BIP Coding Group" action="confirmed" date="1997-06-01"/>
  </code>
  <code code="MOROC">
    <editdetail attribution="Reuters BIP Coding Group" action="confirmed" date="1997-06-01"/>
  </code>
</codes>
<codes class="bip:topics:1.0">
  <code code="GCAT">
    <editdetail attribution="Reuters BIP Coding Group" action="confirmed" date="1997-06-01"/>
  </code>
  <code code="GSPO">
    <editdetail attribution="Reuters BIP Coding Group" action="confirmed" date="1997-06-01"/>
  </code>
</codes>
<dc element="dc.date.created" value="1997-06-01"/>
<dc element="dc.publisher" value="Reuters Holdings Plc"/>
<dc element="dc.date.published" value="1997-06-01"/>
<dc element="dc.source" value="Reuters"/>
<dc element="dc.creator.location" value="RABAT"/>
<dc element="dc.creator.location.country.name" value="MOROCCO"/>
<dc element="dc.source" value="Reuters"/>
</metadata>
</newsitem>
