<?xml version="1.0" encoding="iso-8859-1" ?>
<newsitem itemid="628973" id="root" date="1997-06-01" xml:lang="en">
<title>ISRAEL: SOCCER-TAXMAN AFTER ISRAEL SOCCER STAR OHANA.</title>
<headline>SOCCER-TAXMAN AFTER ISRAEL SOCCER STAR OHANA.</headline>
<dateline>JERUSALEM 1997-06-01</dateline>
<text>
<p>An Israeli court released Betar Jerusalem's international striker Eli Ohana on $19,000 bail on Sunday after he was detained by tax authorities, Israel's Itim news agency said.</p>
<p>It said Ohana was suspected of failing to declare some of his income as a professional soccer player.</p>
<p>Tel Aviv magistrates court Judge Nira Lidsky also barred Ohana from leaving the country for 180 days without first reporting his intention to leave to tax authorities, Itim said.</p>
<p>Ohana is an integral part of Israel's national squad preparing to take on Russia in a World Cup group five match in Moscow next week. The squad travels on Wednesday.</p>
<p>&quot;This has been blown way out of proportion by the media,&quot; Ohana told reporters after leaving court.</p>
<p>&quot;The taxmen have to do their job, this may take some time, but it will all be sorted out in the end and then it will be proved that I have done nothing wrong,&quot; he said.</p>
</text>
<copyright>(c) Reuters Limited 1997</copyright>
<metadata>
<codes class="bip:countries:1.0">
  <code code="ISRAEL">
    <editdetail attribution="Reuters BIP Coding Group" action="confirmed" date="1997-06-01"/>
  </code>
</codes>
<codes class="bip:topics:1.0">
  <code code="GCAT">
    <editdetail attribution="Reuters BIP Coding Group" action="confirmed" date="1997-06-01"/>
  </code>
  <code code="GSPO">
    <editdetail attribution="Reuters BIP Coding Group" action="confirmed" date="1997-06-01"/>
  </code>
</codes>
<dc element="dc.date.created" value="1997-06-01"/>
<dc element="dc.publisher" value="Reuters Holdings Plc"/>
<dc element="dc.date.published" value="1997-06-01"/>
<dc element="dc.source" value="Reuters"/>
<dc element="dc.creator.location" value="JERUSALEM"/>
<dc element="dc.creator.location.country.name" value="ISRAEL"/>
<dc element="dc.source" value="Reuters"/>
</metadata>
</newsitem>
