<?xml version="1.0" encoding="iso-8859-1" ?>
<newsitem itemid="628913" id="root" date="1997-06-01" xml:lang="en">
<title>UK: CRICKET-TENSE TAYLOR SCORES A HALF CENTURY.</title>
<headline>CRICKET-TENSE TAYLOR SCORES A HALF CENTURY.</headline>
<dateline>DERBY, England 1997-06-01</dateline>
<text>
<p>Mark Taylor scored a timely half century to silence his growing army of critics on Sunday after enduring a tense and bad-tempered second day of Australia's match against Derbyshire.</p>
<p>Test captain Taylor had been pilloried in the Australian media overnight for his first innings failure on Saturday with Greg Chappell, a predecessor as captain, even suggesting he was not in a mentally fit state to lead the tourists.</p>
<p>But he responded with a gritty 59 not out, his first half century in a first class match since scoring 85 against Western Province in Newlands on February 15.</p>
<p>However, Taylor allowed the frustration to temporarily get the better of him by becoming involved in an angry confrontation with a cameraman at the start of the final session.</p>
<p>His anger followed an even more blatant show of dissent from Derbyshire batsman Chris Adams, who was given out lbw to Shane Warne after television replays showed it had hit the bat as Derbyshire declared 87 behind on 275 for nine before Australia reached 148 for two at the close.</p>
<p>Adams was on seven when he pushed Jason Gillespie for a single, only for Warne to make a loud appeal and as he reached the non-striker's end, umpire Vanburn Holder raised his finger.</p>
<p>The Derbyshire batsman, clearly upset at the decision, argued with Holder before trudging off the field, stopping to continue the disagreement with the Australian fielders before finally walking in.</p>
<p>Holder, a former West Indian fast bowler, confirmed he would mention the incident to the England and Wales Cricket Board in his report but conceded he had made a mistake in giving Adams out.</p>
<p>&quot;I thought it hit his pad first and then his bat,&quot; explained Holder. &quot;He kept saying he had hit it but he wasn't rude to me. Players have to accept umpire's decisions. Sometimes we are wrong but they have to accept it.&quot;</p>
<p>Adams' furious departure summed up a tense second day with Taylor also losing his temper when a cameraman got too close as he came out to bat after the tea interval.</p>
<p>Taylor had been frustrated in his efforts to mastermind his side into a commanding position because his bowlers delivered 34 no-balls and allowed Derbyshire, having resumed on 68 for one, to recover from a mid-order slump following Adams's dismissal.</p>
<p>They slipped from 114 for three to 204 for eight before Andrew Harris and Kevin Dean forged an undefeated 51-run last wicket partnership to help Derbyshire to a respectable total.</p>
<p>Taylor knew that only a major score would prevent an escalation of the recent criticism and he looked visibly relieved when he edged Phil DeFreitas to former Australian colleague Dean Jones at slip in only the second over, only for the Derbyshire captain to miss the straightforward chance.</p>
<p>His nerves were not eased by the loss of opening partner Matthew Elliott who dragged a delivery onto his stumps while Justin Langer was trapped lbw by left-arm seamer Kevin Dean to leave Australia on 35 for two.</p>
<p>But Taylor gradually rediscovered some semblance of form and having hit successive boundaries off Adrian Rollins, beat Michael Bevan to his half century with an off-drive for four off Vince Clarke to claim only his third first class 50 in 18 months.</p>
<p>He progressed to 59 at the close to ensure every leading batsman in the Australian party had made a major score prior to the first Test, while Bevan was unbeaten on 58 having hit six fours.</p>
</text>
<copyright>(c) Reuters Limited 1997</copyright>
<metadata>
<codes class="bip:countries:1.0">
  <code code="AUSTR">
    <editdetail attribution="Reuters BIP Coding Group" action="confirmed" date="1997-06-01"/>
  </code>
  <code code="UK">
    <editdetail attribution="Reuters BIP Coding Group" action="confirmed" date="1997-06-01"/>
  </code>
</codes>
<codes class="bip:topics:1.0">
  <code code="GCAT">
    <editdetail attribution="Reuters BIP Coding Group" action="confirmed" date="1997-06-01"/>
  </code>
  <code code="GSPO">
    <editdetail attribution="Reuters BIP Coding Group" action="confirmed" date="1997-06-01"/>
  </code>
</codes>
<dc element="dc.date.created" value="1997-06-01"/>
<dc element="dc.publisher" value="Reuters Holdings Plc"/>
<dc element="dc.date.published" value="1997-06-01"/>
<dc element="dc.source" value="Reuters"/>
<dc element="dc.creator.location" value="DERBY, England"/>
<dc element="dc.creator.location.country.name" value="UK"/>
<dc element="dc.source" value="Reuters"/>
</metadata>
</newsitem>
