<?xml version="1.0" encoding="iso-8859-1" ?>
<newsitem itemid="628920" id="root" date="1997-06-01" xml:lang="en">
<title>ITALY: CYCLING-GIRO D'ITALIA 15TH STAGE PLACINGS.</title>
<headline>CYCLING-GIRO D'ITALIA 15TH STAGE PLACINGS.</headline>
<dateline>BORGOMANERO, Italy 1997-06-01</dateline>
<text>
<p>Leading placings in</p>
<p>the 173-km 15th stage of the Giro d'Italia from Verres on</p>
<p>Sunday:</p>
<p>1. Alessandro Baronti (Italy) Asics   4 hours 29 minutes 23</p>
<p>seconds</p>
<p>2. Filippo Casagrande (Italy) Scrigno</p>
<p>3. Paolo Savoldelli (Italy) Roslotto     both same time</p>
<p>4. Riccardo Forconi (Italy) Amore and Vita  3 seconds behind</p>
<p>5. Andrea Noe' (Italy) Asics		   50 seconds</p>
<p>6. Paolo Bettini (Italy) Maglificio MG </p>
<p>7. Giuseppe di Grande (Italy) Mapei</p>
<p>8. Daniele de Paoli (Italy) Ros Mary</p>
<p>9. Wladimir Belli (Italy) Brescialat</p>
<p>10. Luc Leblanc (France) Polti</p>
<p>11. Alexei Sivakov (Russia) Roslotto</p>
<p>12. Giuseppe Guerini (Italy) Polti</p>
<p>13. Ivan Gotti (Italy) Saeco</p>
<p>14. Alexandre Shefer (Kazakhstan) Asics</p>
<p>15. Stefano Garzelli (Italy) Mercatone Uno</p>
<p>16. Pavel Tonkov (Russia) Mapei</p>
<p>17. Dario Frigo (Italy) Saeco		all same time</p>
<p>18. Nicola Miceli (Italy) AKI		1:12</p>
<p>19. Sergei Gontchar (Ukraine) AKI	  same time</p>
<p>20. Massimo Apollonio (Italy) Scrigno    4:35</p>
<p>Leading overall standings after 15 stages:</p>
<p>  1. Gotti		 70 hours 24 minutes 51 seconds</p>
<p>  2. Tonkov				 51 seconds behind</p>
<p>  3. Leblanc						 3:02</p>
<p>  4. Shefer						  3:40</p>
<p>  5. Miceli						  4:07</p>
<p>  6. Guerini						 6:17</p>
<p>  7. Di Grande					     7:56</p>
<p>  8. Belli						   8:17</p>
<p>  9. Axel Merckx (Belgium) Polti		     9:42</p>
<p> 10. Gontchar					     10:26</p>
<p> 11. Marcos Serrano (Spain) Kelme		   11:31</p>
<p> 12. Leonardo Piepoli (Italy) Ceramiche Refin   11:37</p>
<p> 13. Felix Garcia (Spain) Festina		   11:58</p>
<p> 14. Garzelli					     13:11</p>
<p> 15. Savoldelli					   13:45</p>
<p> 16. Noe'						   16:30</p>
<p> 17. Jose Rubiera (Spain) Kelme		     19:07</p>
<p> 18. Yevgeny Berzin (Russia) Batik		  19:14</p>
<p> 19. Bettini						20:28</p>
<p> 20. Alberto Volpi (Italy) Batik		    22:26</p>
</text>
<copyright>(c) Reuters Limited 1997</copyright>
<metadata>
<codes class="bip:countries:1.0">
  <code code="ITALY">
    <editdetail attribution="Reuters BIP Coding Group" action="confirmed" date="1997-06-01"/>
  </code>
</codes>
<codes class="bip:topics:1.0">
  <code code="GCAT">
    <editdetail attribution="Reuters BIP Coding Group" action="confirmed" date="1997-06-01"/>
  </code>
  <code code="GSPO">
    <editdetail attribution="Reuters BIP Coding Group" action="confirmed" date="1997-06-01"/>
  </code>
</codes>
<dc element="dc.date.created" value="1997-06-01"/>
<dc element="dc.publisher" value="Reuters Holdings Plc"/>
<dc element="dc.date.published" value="1997-06-01"/>
<dc element="dc.source" value="Reuters"/>
<dc element="dc.creator.location" value="BORGOMANERO, Italy"/>
<dc element="dc.creator.location.country.name" value="ITALY"/>
<dc element="dc.source" value="Reuters"/>
</metadata>
</newsitem>
