<?xml version="1.0" encoding="iso-8859-1" ?>
<newsitem itemid="628947" id="root" date="1997-06-01" xml:lang="en">
<title>UK: CRICKET-ENGLAND RECALL MALCOLM FOR FIRST TEST.</title>
<headline>CRICKET-ENGLAND RECALL MALCOLM FOR FIRST TEST.</headline>
<byline>Steve Tongue</byline>
<dateline>LONDON 1997-06-01</dateline>
<text>
<p>England have recalled controversial fast bowler Devon Malcolm to a squad of 13 for the first test against Australia which begins at Edgbaston on Thursday.</p>
<p>Malcolm was last picked in the final test in South Africa 17 months ago, when England lost the match and with it the series.</p>
<p>The Jamaican-born bowler later became embroiled in a row with the former chairman of selectors Ray Illingworth amid accusations of racism.</p>
<p>Malcolm, fiery and sometimes erratic, was subsequently ignored for the four series at home to India and Pakistan and away to Zimbabwe and New Zealand.</p>
<p>This season he has been in fine form for his county, Derbyshire, taking 34 wickets.</p>
<p>&quot;Last summer, no matter how well I bowled, there was an obstacle to me being picked,&quot; Malcolm said. &quot;I don't want my test career to be remembered for what happened at the end of the South African tour.&quot;</p>
<p>Despite being named in the squad on Sunday, Malcolm is not yet certain to play. Darren Gough and Andy Caddick will probably be regarded as the first-choice pace bowlers and Malcolm's inclusion will depend on the balance of the side.</p>
<p>His county colleague Dominic Cork and Kent's Dean Headley are both injured but Mark Ealham and Adam Hollioake, both seam bowlers and all-rounders, are included as are two spinners, Phil Tufnell and Robert Croft.</p>
<p>Nine of the team that won the last two tests in New Zealand in February have been picked. The two to miss out are Cork and Warwickshire's opener Nick Knight, not selected for his own ground after a poor run of form.</p>
<p>Mark Butcher, uncapped like his Surrey team mate Hollioake, is preferred to Knight, who made scores of only 12 and 4 in the one-day internationals against Australia last month.</p>
<p>England won that series 3-0 to give them renewed heart for the six-test Ashes series, which the tourists are still favourites to win.</p>
<p>England squad:</p>
<p>Mike Atherton (captain), Mark Butcher,  Alec Stewart, Graham Thorpe, Nasser Hussain, John Crawley, Mark Ealham, Adam Hollioake, Robert Croft, Phil Tufnell, Darren Gough, Andrew Caddick, Devon Malcolm.</p>
</text>
<copyright>(c) Reuters Limited 1997</copyright>
<metadata>
<codes class="bip:countries:1.0">
  <code code="AUSTR">
    <editdetail attribution="Reuters BIP Coding Group" action="confirmed" date="1997-06-01"/>
  </code>
  <code code="SAFR">
    <editdetail attribution="Reuters BIP Coding Group" action="confirmed" date="1997-06-01"/>
  </code>
  <code code="UK">
    <editdetail attribution="Reuters BIP Coding Group" action="confirmed" date="1997-06-01"/>
  </code>
</codes>
<codes class="bip:topics:1.0">
  <code code="GCAT">
    <editdetail attribution="Reuters BIP Coding Group" action="confirmed" date="1997-06-01"/>
  </code>
  <code code="GSPO">
    <editdetail attribution="Reuters BIP Coding Group" action="confirmed" date="1997-06-01"/>
  </code>
</codes>
<dc element="dc.date.created" value="1997-06-01"/>
<dc element="dc.publisher" value="Reuters Holdings Plc"/>
<dc element="dc.date.published" value="1997-06-01"/>
<dc element="dc.source" value="Reuters"/>
<dc element="dc.creator.location" value="LONDON"/>
<dc element="dc.creator.location.country.name" value="UK"/>
<dc element="dc.source" value="Reuters"/>
</metadata>
</newsitem>
