<?xml version="1.0" encoding="iso-8859-1" ?>
<newsitem itemid="629088" id="root" date="1997-06-01" xml:lang="en">
<title>USA: US rate hike seen aiding value stocks -Barron's.</title>
<headline>US rate hike seen aiding value stocks -Barron's.</headline>
<dateline>NEW YORK 1997-06-01</dateline>
<text>
<p>Small-cap value investors said that even if the Federal Reserve were to raise interest rates this summer, their portfolios may not be hurt, and may even be helped, Barron's financial weekly reported.</p>
<p>&quot;I haven't got a clue (what the Fed will do),&quot; Martin Whitman of Third Avenue Value Fund told the financial weekly in its June 2 edition. &quot;But I think our portfolio would generally be a big beneficiary of higher rates, because they're cash-rich companies.&quot;</p>
<p>&quot;If you get an environment where your competitor's costs go up and yours don't, you've benefited.&quot;  </p>
<p>Chuck Royce of Royce Value Fund said that higher rates on a relative basis &quot;are a positive factor because high-multiple investing almost demands lower interest rates or a change in interest rates coming down.&quot;</p>
<p>&quot;So I think we have a good period here for interest rates vis-a-vis stock selection - as opposed to momentum-style investing.&quot;</p>
<p>Among the stocks Whitman mentioned are Carver Bancorp, T exas Micro Inc and Stewart Information Services Corp.</p>
<p>Royce liked Frozen Food Express Industries Inc, Basset Furniture Industries Inc and Sevenson Environmental Services Inc, among others.</p>
<p>Among the stocks cited by David Schafer of Strong Schafer Value Fund were New Holland Mining NL, Harman International Industries Inc and Borg-Warner Automotive Inc.</p>
</text>
<copyright>(c) Reuters Limited 1997</copyright>
<metadata>
<codes class="bip:countries:1.0">
  <code code="USA">
    <editdetail attribution="Reuters BIP Coding Group" action="confirmed" date="1997-06-01"/>
  </code>
</codes>
<codes class="bip:industries:1.0">
  <code code="I21000">
    <editdetail attribution="Reuters BIP Coding Group" action="confirmed" date="1997-06-01"/>
  </code>
  <code code="I33020">
    <editdetail attribution="Reuters BIP Coding Group" action="confirmed" date="1997-06-01"/>
  </code>
  <code code="I34540">
    <editdetail attribution="Reuters BIP Coding Group" action="confirmed" date="1997-06-01"/>
  </code>
  <code code="I35300">
    <editdetail attribution="Reuters BIP Coding Group" action="confirmed" date="1997-06-01"/>
  </code>
  <code code="I46700">
    <editdetail attribution="Reuters BIP Coding Group" action="confirmed" date="1997-06-01"/>
  </code>
  <code code="I72300">
    <editdetail attribution="Reuters BIP Coding Group" action="confirmed" date="1997-06-01"/>
  </code>
  <code code="I81501">
    <editdetail attribution="Reuters BIP Coding Group" action="confirmed" date="1997-06-01"/>
  </code>
  <code code="I8150103">
    <editdetail attribution="Reuters BIP Coding Group" action="confirmed" date="1997-06-01"/>
  </code>
  <code code="I83954">
    <editdetail attribution="Reuters BIP Coding Group" action="confirmed" date="1997-06-01"/>
  </code>
  <code code="I92110">
    <editdetail attribution="Reuters BIP Coding Group" action="confirmed" date="1997-06-01"/>
  </code>
</codes>
<codes class="bip:topics:1.0">
  <code code="C15">
    <editdetail attribution="Reuters BIP Coding Group" action="confirmed" date="1997-06-01"/>
  </code>
  <code code="C152">
    <editdetail attribution="Reuters BIP Coding Group" action="confirmed" date="1997-06-01"/>
  </code>
  <code code="CCAT">
    <editdetail attribution="Reuters BIP Coding Group" action="confirmed" date="1997-06-01"/>
  </code>
  <code code="M11">
    <editdetail attribution="Reuters BIP Coding Group" action="confirmed" date="1997-06-01"/>
  </code>
  <code code="MCAT">
    <editdetail attribution="Reuters BIP Coding Group" action="confirmed" date="1997-06-01"/>
  </code>
</codes>
<dc element="dc.date.created" value="1997-06-01"/>
<dc element="dc.publisher" value="Reuters Holdings Plc"/>
<dc element="dc.date.published" value="1997-06-01"/>
<dc element="dc.source" value="Reuters"/>
<dc element="dc.creator.location" value="NEW YORK"/>
<dc element="dc.creator.location.country.name" value="USA"/>
<dc element="dc.source" value="Reuters"/>
</metadata>
</newsitem>
