<?xml version="1.0" encoding="iso-8859-1" ?>
<newsitem itemid="629080" id="root" date="1997-06-01" xml:lang="en">
<title>USA: Jacor buys four Idaho radio stations.</title>
<headline>Jacor buys four Idaho radio stations.</headline>
<dateline>COVINGTON, Ky. 1997-06-01</dateline>
<text>
<p>Jacor Communications Inc said it agreed to buy four radio stations in Idaho from Lartigue Multimedia Inc for $3.4 million.</p>
<p>The stations are KID-FM and KID-AM in Pocatello, and KPKY-FM and KWIK-AM in Idaho Falls, the company said in a news release Friday.</p>
<p>Jacor owns, operates or provides programming for 149 radio stations in 32 U.S. broadcast areas.</p>
</text>
<copyright>(c) Reuters Limited 1997</copyright>
<metadata>
<codes class="bip:countries:1.0">
  <code code="USA">
    <editdetail attribution="Reuters BIP Coding Group" action="confirmed" date="1997-06-01"/>
  </code>
</codes>
<codes class="bip:industries:1.0">
  <code code="I97400">
    <editdetail attribution="Reuters BIP Coding Group" action="confirmed" date="1997-06-01"/>
  </code>
</codes>
<codes class="bip:topics:1.0">
  <code code="C18">
    <editdetail attribution="Reuters BIP Coding Group" action="confirmed" date="1997-06-01"/>
  </code>
  <code code="C182">
    <editdetail attribution="Reuters BIP Coding Group" action="confirmed" date="1997-06-01"/>
  </code>
  <code code="CCAT">
    <editdetail attribution="Reuters BIP Coding Group" action="confirmed" date="1997-06-01"/>
  </code>
</codes>
<dc element="dc.date.created" value="1997-06-01"/>
<dc element="dc.publisher" value="Reuters Holdings Plc"/>
<dc element="dc.date.published" value="1997-06-01"/>
<dc element="dc.source" value="Reuters"/>
<dc element="dc.creator.location" value="COVINGTON, Ky."/>
<dc element="dc.creator.location.country.name" value="USA"/>
<dc element="dc.source" value="Reuters"/>
</metadata>
</newsitem>
