<?xml version="1.0" encoding="iso-8859-1" ?>
<newsitem itemid="629051" id="root" date="1997-06-01" xml:lang="en">
<title>UK: Charterhouse to launch 800 million stg buyout fund.</title>
<headline>Charterhouse to launch 800 million stg buyout fund.</headline>
<dateline>LONDON 1997-06-01</dateline>
<text>
<p>Charterhouse Development Capital, the venture capital arm of Charterhouse Bank, is launching an 800 million stg buyout fund, the Sunday Telegraph reported.</p>
<p>The report said the fund would invest in established businesses across Europe. The minimum deal was likely to be 50 million stg including debt financing and about 60 percent is expected to go on British deals.</p>
<p>Major backers include Commercial Union, Metropolitan Life, the US Life assurance company, and American state pension funds, the report said.</p>
<p>-- London Newsroom +44 171 542 7717</p>
</text>
<copyright>(c) Reuters Limited 1997</copyright>
<metadata>
<codes class="bip:countries:1.0">
  <code code="UK">
    <editdetail attribution="Reuters BIP Coding Group" action="confirmed" date="1997-06-01"/>
  </code>
</codes>
<codes class="bip:industries:1.0">
  <code code="I82001">
    <editdetail attribution="Reuters BIP Coding Group" action="confirmed" date="1997-06-01"/>
  </code>
  <code code="I82002">
    <editdetail attribution="Reuters BIP Coding Group" action="confirmed" date="1997-06-01"/>
  </code>
  <code code="I83100">
    <editdetail attribution="Reuters BIP Coding Group" action="confirmed" date="1997-06-01"/>
  </code>
</codes>
<codes class="bip:topics:1.0">
  <code code="C11">
    <editdetail attribution="Reuters BIP Coding Group" action="confirmed" date="1997-06-01"/>
  </code>
  <code code="CCAT">
    <editdetail attribution="Reuters BIP Coding Group" action="confirmed" date="1997-06-01"/>
  </code>
</codes>
<dc element="dc.date.created" value="1997-06-01"/>
<dc element="dc.publisher" value="Reuters Holdings Plc"/>
<dc element="dc.date.published" value="1997-06-01"/>
<dc element="dc.source" value="Reuters"/>
<dc element="dc.creator.location" value="LONDON"/>
<dc element="dc.creator.location.country.name" value="UK"/>
<dc element="dc.source" value="Reuters"/>
</metadata>
</newsitem>
