<?xml version="1.0" encoding="iso-8859-1" ?>
<newsitem itemid="629087" id="root" date="1997-06-01" xml:lang="en">
<title>USA: Nextel, bondholders in preliminary deal.</title>
<headline>Nextel, bondholders in preliminary deal.</headline>
<dateline>MCLEAN, Va. 1997-06-01</dateline>
<text>
<p>Nextel Communications Inc said on Saturday that it reached a preliminary understanding with a group of significant bondholders that would allow for the accelerated buildout of the Nextel National Network.</p>
<p>Included in the terms of the understanding would be the transfer of Nextel's 17 percent stake in Clearnet Communications Inc to McCaw International Ltd.</p>
<p>Nextel said in a news release that the agreement would bring it $257 million in new equity from the McCaw family, and greater flexibility in financing future growth.</p>
<p>Nextel hopes to extend its digital wireless network to cover 85 percent of America's population by the end of 1998.</p>
<p>Under the preliminary understanding, Nextel would pay consenting bondholders a cash fee equal to 2.5 percent of the principal amount due at maturity, a maximum aggregate amount of $67.5 million.</p>
<p>Bondholders would have the opportunity to buy Nextel stock in lieu of cash, the company said. The maximum total number of shares that would be issued is 5.5 million.</p>
</text>
<copyright>(c) Reuters Limited 1997</copyright>
<metadata>
<codes class="bip:countries:1.0">
  <code code="USA">
    <editdetail attribution="Reuters BIP Coding Group" action="confirmed" date="1997-06-01"/>
  </code>
</codes>
<codes class="bip:industries:1.0">
  <code code="I79020">
    <editdetail attribution="Reuters BIP Coding Group" action="confirmed" date="1997-06-01"/>
  </code>
</codes>
<codes class="bip:topics:1.0">
  <code code="C17">
    <editdetail attribution="Reuters BIP Coding Group" action="confirmed" date="1997-06-01"/>
  </code>
  <code code="C18">
    <editdetail attribution="Reuters BIP Coding Group" action="confirmed" date="1997-06-01"/>
  </code>
  <code code="C181">
    <editdetail attribution="Reuters BIP Coding Group" action="confirmed" date="1997-06-01"/>
  </code>
  <code code="CCAT">
    <editdetail attribution="Reuters BIP Coding Group" action="confirmed" date="1997-06-01"/>
  </code>
</codes>
<dc element="dc.date.created" value="1997-06-01"/>
<dc element="dc.publisher" value="Reuters Holdings Plc"/>
<dc element="dc.date.published" value="1997-06-01"/>
<dc element="dc.source" value="Reuters"/>
<dc element="dc.creator.location" value="MCLEAN, Va."/>
<dc element="dc.creator.location.country.name" value="USA"/>
<dc element="dc.source" value="Reuters"/>
</metadata>
</newsitem>
