<?xml version="1.0" encoding="iso-8859-1" ?>
<newsitem itemid="629001" id="root" date="1997-06-01" xml:lang="en">
<title>FRANCE: TENNIS SPOTLIGHT-ANALYSIS OF GRAF V SPIRLEA.</title>
<headline>TENNIS SPOTLIGHT-ANALYSIS OF GRAF V SPIRLEA.</headline>
<dateline>PARIS 1997-06-01</dateline>
<text>
<p>Analysis of Sunday's French Open women's singles fourth round match between second seed Steffi Graf of Germany and 13th seed Irina Spirlea of Romania, won 6-7 (4-7) 6-2 6-2 by Graf.</p>
<p>First set: SPIRLEA 7-6 (7-4) (53 minutes)</p>
<p>A double-fault by Graf allowed Spirlea to break her in the opening game. Both players then held serve until the eighth game, in which Spirlea lost hers by hitting a backhand long. Graf went on to win her serve to love and lead 5-4. In the next game, an unforced error by Spirlea gave Graf a set point but the Romanian saved it with a winning volley. A tie-break was needed. Spirlea won it 7-4, firing an ace on set point.</p>
<p>Second set: GRAF 6-2 (41 minutes)</p>
<p>Spirlea double-faulted on break point in the first game and again in the fifth to go 4-1 down. In the next game, she wasted five break points before making an unforced error to allow Graf to win her serve. Spirlea won the next game to love before the German served for the set.</p>
<p>Third set: GRAF 6-2 (31 minutes)</p>
<p>Graf broke Spirlea in the first game and in the fifth, opening up a 4-1 lead. Spirlea kept fighting, taking her opponent's serve in the following game with a winning return on break point. But Graf broke the Romanian again to go 5-2 up and served for the match. Spirlea hit a backhand return into the net on match point.</p>
</text>
<copyright>(c) Reuters Limited 1997</copyright>
<metadata>
<codes class="bip:countries:1.0">
  <code code="FRA">
    <editdetail attribution="Reuters BIP Coding Group" action="confirmed" date="1997-06-01"/>
  </code>
  <code code="GFR">
    <editdetail attribution="Reuters BIP Coding Group" action="confirmed" date="1997-06-01"/>
  </code>
  <code code="ROM">
    <editdetail attribution="Reuters BIP Coding Group" action="confirmed" date="1997-06-01"/>
  </code>
</codes>
<codes class="bip:topics:1.0">
  <code code="GCAT">
    <editdetail attribution="Reuters BIP Coding Group" action="confirmed" date="1997-06-01"/>
  </code>
  <code code="GSPO">
    <editdetail attribution="Reuters BIP Coding Group" action="confirmed" date="1997-06-01"/>
  </code>
</codes>
<dc element="dc.date.created" value="1997-06-01"/>
<dc element="dc.publisher" value="Reuters Holdings Plc"/>
<dc element="dc.date.published" value="1997-06-01"/>
<dc element="dc.source" value="Reuters"/>
<dc element="dc.creator.location" value="PARIS"/>
<dc element="dc.creator.location.country.name" value="FRANCE"/>
<dc element="dc.source" value="Reuters"/>
</metadata>
</newsitem>
