<?xml version="1.0" encoding="iso-8859-1" ?>
<newsitem itemid="629074" id="root" date="1997-06-01" xml:lang="en">
<title>USA: AMEX adds options trading for five companies.</title>
<headline>AMEX adds options trading for five companies.</headline>
<dateline>NEW YORK 1997-06-01</dateline>
<text>
<p>The American Stock Exchange said it will start trading options this week on ABN AMRO Holding NV and four other companies.</p>
<p>ABN Amro is based in Amsterdam, the Netherlands. Options trading on its American Depositary Shares will begin June 6, the exchange said in a news release.</p>
<p>Trading will open with strike prices of 17-1/2, 20 and 22-1/2, with position limits of 4,500 contracts.</p>
<p>The American Stock Exchange also said it will trade options on the over-the-counter stocks of CHS Electronics Inc, Documentum Inc, West Marine Inc and World Access Inc.</p>
<p>CHS Electronics will open with strike prices of 22-1/2, 25 and 30, and position limits of 7,500 contracts.</p>
<p>Documentum will open with strike prices of 17-1/2, 20 and 22-1/2, with position limits of 4,500 contracts.</p>
<p>West Marine will openwith strike prices of 22-1/2, 25 and 30, with position limits of 4,500 contracts.</p>
<p>World Access will open with strike prices of 15, 17-1/2 and 20, with position limits of 7,500 contracts.</p>
<p>For all the companies, initial expiration months will be June, July and October 1997 and January 1998.</p>
</text>
<copyright>(c) Reuters Limited 1997</copyright>
<metadata>
<codes class="bip:countries:1.0">
  <code code="NETH">
    <editdetail attribution="Reuters BIP Coding Group" action="confirmed" date="1997-06-01"/>
  </code>
  <code code="USA">
    <editdetail attribution="Reuters BIP Coding Group" action="confirmed" date="1997-06-01"/>
  </code>
</codes>
<codes class="bip:industries:1.0">
  <code code="I33020">
    <editdetail attribution="Reuters BIP Coding Group" action="confirmed" date="1997-06-01"/>
  </code>
  <code code="I3302021">
    <editdetail attribution="Reuters BIP Coding Group" action="confirmed" date="1997-06-01"/>
  </code>
  <code code="I34400">
    <editdetail attribution="Reuters BIP Coding Group" action="confirmed" date="1997-06-01"/>
  </code>
  <code code="I65400">
    <editdetail attribution="Reuters BIP Coding Group" action="confirmed" date="1997-06-01"/>
  </code>
  <code code="I81402">
    <editdetail attribution="Reuters BIP Coding Group" action="confirmed" date="1997-06-01"/>
  </code>
</codes>
<codes class="bip:topics:1.0">
  <code code="C14">
    <editdetail attribution="Reuters BIP Coding Group" action="confirmed" date="1997-06-01"/>
  </code>
  <code code="CCAT">
    <editdetail attribution="Reuters BIP Coding Group" action="confirmed" date="1997-06-01"/>
  </code>
</codes>
<dc element="dc.date.created" value="1997-06-01"/>
<dc element="dc.publisher" value="Reuters Holdings Plc"/>
<dc element="dc.date.published" value="1997-06-01"/>
<dc element="dc.source" value="Reuters"/>
<dc element="dc.creator.location" value="NEW YORK"/>
<dc element="dc.creator.location.country.name" value="USA"/>
<dc element="dc.source" value="Reuters"/>
</metadata>
</newsitem>
