<?xml version="1.0" encoding="iso-8859-1" ?>
<newsitem itemid="629036" id="root" date="1997-06-01" xml:lang="en">
<title>SOUTH AFRICA: S.AFRICA'S REMBRANDT SET TO BUY MALBAK - REPORT.</title>
<headline>S.AFRICA'S REMBRANDT SET TO BUY MALBAK - REPORT.</headline>
<dateline>JOHANNESBURG 1997-06-01</dateline>
<text>
<p>South Africa's Rembrandt Group Ltd was on Sunday reported to be set to buy Malbak Ltd in a move which would create a major new packaging group.</p>
<p>The Business Times said it appeared to be general knowledge in the market that Rembrandt was keen to buy Malbak and merge their packaging interests, although there has been no official comment and some analysts consider the speculation ill-informed.</p>
<p>Since unbundling recently, Malbak has been left predominantly as a packaging group. Its holdings are mainly 68 percent of Kohler Ltd and 64 percent of U.K-listed MY Holdings Plc .</p>
<p>Rembrandt has numerous packaging interests, held largely through a 30 percent holding in Printpak and a 17 percent stake in Lenco . It already has six percent of Malbak.</p>
<p>-- Johannesburg newsroom, +27 11 482 1003</p>
</text>
<copyright>(c) Reuters Limited 1997</copyright>
<metadata>
<codes class="bip:countries:1.0">
  <code code="SAFR">
    <editdetail attribution="Reuters BIP Coding Group" action="confirmed" date="1997-06-01"/>
  </code>
</codes>
<codes class="bip:industries:1.0">
  <code code="I42900">
    <editdetail attribution="Reuters BIP Coding Group" action="confirmed" date="1997-06-01"/>
  </code>
  <code code="I45300">
    <editdetail attribution="Reuters BIP Coding Group" action="confirmed" date="1997-06-01"/>
  </code>
  <code code="I47000">
    <editdetail attribution="Reuters BIP Coding Group" action="confirmed" date="1997-06-01"/>
  </code>
  <code code="I47100">
    <editdetail attribution="Reuters BIP Coding Group" action="confirmed" date="1997-06-01"/>
  </code>
  <code code="I83960">
    <editdetail attribution="Reuters BIP Coding Group" action="confirmed" date="1997-06-01"/>
  </code>
</codes>
<codes class="bip:topics:1.0">
  <code code="C18">
    <editdetail attribution="Reuters BIP Coding Group" action="confirmed" date="1997-06-01"/>
  </code>
  <code code="C181">
    <editdetail attribution="Reuters BIP Coding Group" action="confirmed" date="1997-06-01"/>
  </code>
  <code code="CCAT">
    <editdetail attribution="Reuters BIP Coding Group" action="confirmed" date="1997-06-01"/>
  </code>
</codes>
<dc element="dc.date.created" value="1997-06-01"/>
<dc element="dc.publisher" value="Reuters Holdings Plc"/>
<dc element="dc.date.published" value="1997-06-01"/>
<dc element="dc.source" value="Reuters"/>
<dc element="dc.creator.location" value="JOHANNESBURG"/>
<dc element="dc.creator.location.country.name" value="SOUTH AFRICA"/>
<dc element="dc.source" value="Reuters"/>
</metadata>
</newsitem>
