<?xml version="1.0" encoding="iso-8859-1" ?>
<newsitem itemid="629020" id="root" date="1997-06-01" xml:lang="en">
<title>FRANCE: TENNIS-LATEST FRENCH OPEN MEN'S SINGLES RESULTS.</title>
<headline>TENNIS-LATEST FRENCH OPEN MEN'S SINGLES RESULTS.</headline>
<dateline>PARIS 1997-06-01</dateline>
<text>
<p>Men's singles results on the</p>
<p>seventh day of the French Open tennis tournament on Sunday.</p>
<p>Prefix number denotes seeding.</p>
<p>* denotes new result</p>
<p>Fourth round:</p>
<p>*Magnus Norman (Sweden) beat 15-Marc Rosset (Switzerland) 4-6</p>
<p>6-3 7-6 (7-3) 6-3</p>
<p>Filip Dewulf (Belgium) beat 8-Alex Corretja (Spain) 5-7 6-1 6-4</p>
<p>7-5</p>
</text>
<copyright>(c) Reuters Limited 1997</copyright>
<metadata>
<codes class="bip:countries:1.0">
  <code code="BELG">
    <editdetail attribution="Reuters BIP Coding Group" action="confirmed" date="1997-06-01"/>
  </code>
  <code code="FRA">
    <editdetail attribution="Reuters BIP Coding Group" action="confirmed" date="1997-06-01"/>
  </code>
  <code code="SPAIN">
    <editdetail attribution="Reuters BIP Coding Group" action="confirmed" date="1997-06-01"/>
  </code>
  <code code="SWED">
    <editdetail attribution="Reuters BIP Coding Group" action="confirmed" date="1997-06-01"/>
  </code>
  <code code="SWITZ">
    <editdetail attribution="Reuters BIP Coding Group" action="confirmed" date="1997-06-01"/>
  </code>
</codes>
<codes class="bip:topics:1.0">
  <code code="GCAT">
    <editdetail attribution="Reuters BIP Coding Group" action="confirmed" date="1997-06-01"/>
  </code>
  <code code="GSPO">
    <editdetail attribution="Reuters BIP Coding Group" action="confirmed" date="1997-06-01"/>
  </code>
</codes>
<dc element="dc.date.created" value="1997-06-01"/>
<dc element="dc.publisher" value="Reuters Holdings Plc"/>
<dc element="dc.date.published" value="1997-06-01"/>
<dc element="dc.source" value="Reuters"/>
<dc element="dc.creator.location" value="PARIS"/>
<dc element="dc.creator.location.country.name" value="FRANCE"/>
<dc element="dc.source" value="Reuters"/>
</metadata>
</newsitem>
