<?xml version="1.0" encoding="iso-8859-1" ?>
<newsitem itemid="629089" id="root" date="1997-06-01" xml:lang="en">
<title>USA: Dlr, US assets to benefit from EMU doubts--experts.</title>
<headline>Dlr, US assets to benefit from EMU doubts--experts.</headline>
<byline>Isabelle Clary</byline>
<dateline>NEW YORK 1997-06-01</dateline>
<text>
<p>The dollar and U.S. financial assets will likely lure global investors as the defeat of the austerity-minded majority in France fueled doubts about the European Monetary Union (EMU), experts said on Sunday.</p>
<p>&quot;We are looking at a weak Euro or no Euro at all,&quot; senior analyst Chris Turner at I.D.E.A., an advisory firm, said of the outlook for the single European currency following the opposition Socialist Party's victory in the French parliamentary elections.</p>
<p>The euro is scheduled for launch on January 1, 1999.  </p>
<p>The Socialists won in a country plagued by unemployment  on a pro-growth, pro-job platform and against the fiscal austerity required to meet the Maastricht criteria.</p>
<p>Their victory highlights two crucial issues for the Euro -- how strictly will be the Maastricht Treaty's fiscal discipline criteria be interpreted and, thus, how many nations will be allowed to join the monetary union in 1999.</p>
<p>&quot;The Socialists' victory seems to favor a weak Euro rather than no Euro at all. But, definitely, this is prime time for the speculators,&quot; Turner stressed. &quot;People will be concerned and buy dollars, and, in general, the non-EMU currencies.&quot;  </p>
<p>Turner expected speculators to pressure, in turn, the German mark if the &quot;weak Euro&quot; scenario prevailed or the other European currencies if the &quot;no Euro&quot; scenario emerges.</p>
<p>&quot;If the single currency seems to be going ahead on time, the market will be betting on a broad and weak Euro,&quot; Turner said. &quot;But as soon as Germany starts criticizing France, that is when we'll go from a weak Euro to no Euro at all.&quot;</p>
<p>Goldman, Sachs International vice chairman Robert Hormats said the French elections showed &quot;there is a limit to how much the citizens of the European democracies can tolerate in terms of higher taxes and cuts in social programs.&quot;  </p>
<p>Hormats added Europe's reluctance for more austerity is why the French Socialists &quot;want the (Maastricht debt) criteria watered down and (German Chancellor Helmut) Kohl wants to revalue the gold.&quot;</p>
<p>He predicted Europe's new policy &quot;will have a substantial effect on currency markets and U.S. asset markets.&quot;</p>
<p>&quot;The U.S. markets are going to be a place of refuge,&quot; Hormats predicted. &quot;American capital was starting to move to Europe on the view Europe would undertake a major restructuring. If that does not materialize, some of the money will be coming back here.&quot;  </p>
<p>Hormats cautioned &quot;the probability now is for an EMU based on watered-down criteria, with a broader and less rigorous adherence to the Maastricht criteria and a weaker Euro.&quot;</p>
<p>As a result, &quot;the German bondholder who also is the German electorate may become upset and unwilling to support a Euro much weaker than the D-mark,&quot; he added.</p>
<p>&quot;There will be a lot more room for speculators to test the central banks at this point,&quot; Hormats concluded.</p>
<p>John Lonski, senior economist at Moody's Investors Services, agreed the &quot;outlook for the EMU is more uncertain,&quot; with &quot;further dilution of the EMU criteria&quot; to be expected.  </p>
<p>Lonski said uncertainty about which countries would qualify for the EMU in 1999 &quot;would improve the relative attractiveness of dollar-denominated assets.&quot;</p>
<p>Lonski also expected -- at first -- &quot;some downward pressure on the French franc and a wider divergence between the French and German long-term debt.&quot;</p>
<p>Lonski pointed out a widening of the European spreads versus the German bund may &quot;represent a buying opportunity, if you are confident the EMU will start on time.&quot;</p>
<p>Lonski, however, cautioned watered-down EMU criteria &quot;will only lead to increased opposition in Germany where it already proved costly to swallow East Germany.&quot;</p>
<p>&quot;The Germans may not want to be paying another economic price for another round of monetary unification,&quot; the Moody's senior economist said, referring to the high interest rates that prevailed in Germany following the reunification and the monetary swap.</p>
<p>(( 212-859-1666)</p>
</text>
<copyright>(c) Reuters Limited 1997</copyright>
<metadata>
<codes class="bip:countries:1.0">
  <code code="USA">
    <editdetail attribution="Reuters BIP Coding Group" action="confirmed" date="1997-06-01"/>
  </code>
</codes>
<codes class="bip:topics:1.0">
  <code code="M13">
    <editdetail attribution="Reuters BIP Coding Group" action="confirmed" date="1997-06-01"/>
  </code>
  <code code="M132">
    <editdetail attribution="Reuters BIP Coding Group" action="confirmed" date="1997-06-01"/>
  </code>
  <code code="MCAT">
    <editdetail attribution="Reuters BIP Coding Group" action="confirmed" date="1997-06-01"/>
  </code>
</codes>
<dc element="dc.date.created" value="1997-06-01"/>
<dc element="dc.publisher" value="Reuters Holdings Plc"/>
<dc element="dc.date.published" value="1997-06-01"/>
<dc element="dc.source" value="Reuters"/>
<dc element="dc.creator.location" value="NEW YORK"/>
<dc element="dc.creator.location.country.name" value="USA"/>
<dc element="dc.source" value="Reuters"/>
</metadata>
</newsitem>
