<?xml version="1.0" encoding="iso-8859-1" ?>
<newsitem itemid="629064" id="root" date="1997-06-01" xml:lang="en">
<title>JAPAN: Soccer-Japanese J.League results, standings.</title>
<headline>Soccer-Japanese J.League results, standings.</headline>
<dateline>TOKYO 1997-06-01</dateline>
<text>
<p>Results of Japan's professional J. League soccer matches played on Saturday:</p>
<p> Yokohama Flugels     0	Kyoto Purple Sanga  1</p>
<p> Nagoya Grampus Eight 3	JEF United Ichihara 2</p>
<p> Fukuoka Avispa	 0	Sanfrecce Hiroshima 1</p>
<p> Kobe Vissel	    2	Yokohama Marinos    1</p>
<p> Kashima Antlers	2	Bellmare Hiratsuka  1</p>
<p> Jubilo Iwata	   0	Verdy Kawasaki	1</p>
<p> Osaka Cerezo	   1	Shimizu Espulse     2</p>
<p> Kashiwa Reysol	 4	Osaka Gamba	   1</p>
<p>Standings (games played, won, lost, goals for, goals against, points):</p>
<p>		GP   W   L  GF  GA   Pts</p>
<p> Kashima    11   9   2  23  12   25</p>
<p> Yokohama F 10   7   3  19   8   21</p>
<p> Kashiwa    11   7   4  23  14   21</p>
<p> Hiratsuka  11   7   4  18  13   20</p>
<p> Yokohama M 11   8   3  25  22   20</p>
<p> Shimizu    11   7   4  15  13   19</p>
<p> Osaka G    12   6   6  23  17   18</p>
<p> Hiroshima  11   6   5  15  14   18</p>
<p> Iwata	11   6   5  16  13   17</p>
<p> Nagoya     11   5   6  14  16   15</p>
<p> Osaka C    12   5   7  15  22   13</p>
<p> Kyoto	11   4   7  11  21   12</p>
<p> Urawa	10   4   6  14  16   11</p>
<p> Kobe	 12   4   8  18  29   11</p>
<p> Ichihara   11   4   7  18  20   10</p>
<p> Kawasaki   12   4   8  14  19   10</p>
<p> Fukuoka    12   2  10   8  20    6</p>
<p>(Note: No draws in J.League. Standings determined by number of wins. Winners in extra time are awarded two points and winners in penalty shoot-outs one point)</p>
</text>
<copyright>(c) Reuters Limited 1997</copyright>
<metadata>
<codes class="bip:countries:1.0">
  <code code="JAP">
    <editdetail attribution="Reuters BIP Coding Group" action="confirmed" date="1997-06-01"/>
  </code>
</codes>
<codes class="bip:topics:1.0">
  <code code="GCAT">
    <editdetail attribution="Reuters BIP Coding Group" action="confirmed" date="1997-06-01"/>
  </code>
  <code code="GSPO">
    <editdetail attribution="Reuters BIP Coding Group" action="confirmed" date="1997-06-01"/>
  </code>
</codes>
<dc element="dc.date.created" value="1997-06-01"/>
<dc element="dc.publisher" value="Reuters Holdings Plc"/>
<dc element="dc.date.published" value="1997-06-01"/>
<dc element="dc.source" value="Reuters"/>
<dc element="dc.creator.location" value="TOKYO"/>
<dc element="dc.creator.location.country.name" value="JAPAN"/>
<dc element="dc.source" value="Reuters"/>
</metadata>
</newsitem>
