<?xml version="1.0" encoding="iso-8859-1" ?>
<newsitem itemid="629029" id="root" date="1997-06-01" xml:lang="en">
<title>BELGIUM: SOCCER SHOWCASE-ANDERLECHT V EKEREN TEAMS.</title>
<headline>SOCCER SHOWCASE-ANDERLECHT V EKEREN TEAMS.</headline>
<dateline>BRUSSELS 1997-06-01</dateline>
<text>
<p>Teams for Sunday's Belgian Cup final between Anderlecht and Ekeren at the King Baudouin stadium:</p>
<p>Anderlecht: 1-Geert De Vlieger, 2-Tibor Selymes, 4-Celestine Babayaro, 12-Olivier Doll, 14-Samuel Johnson, 18-Suad Katana, 5-Johan Walem, 11-Danny Boffin, 13-Bruno Versavel, 10-Par Zetterberg, 22-Oleg Yaschuk</p>
<p>Ekeren: 1-Philippe Vande Walle, 2-Bernard Wegria, 6-Mike Verstraeten, 7-Rudi Janssens, 8-Florian Urban, 9-Didier Dheedene, 15-Marc Schaessens, 10-Gunther Hofmans, 14-Christophe Kinet, 12-Edwin Van Ankeren, 13-Tomasz Radzinski.</p>
</text>
<copyright>(c) Reuters Limited 1997</copyright>
<metadata>
<codes class="bip:countries:1.0">
  <code code="BELG">
    <editdetail attribution="Reuters BIP Coding Group" action="confirmed" date="1997-06-01"/>
  </code>
</codes>
<codes class="bip:topics:1.0">
  <code code="GCAT">
    <editdetail attribution="Reuters BIP Coding Group" action="confirmed" date="1997-06-01"/>
  </code>
  <code code="GSPO">
    <editdetail attribution="Reuters BIP Coding Group" action="confirmed" date="1997-06-01"/>
  </code>
</codes>
<dc element="dc.date.created" value="1997-06-01"/>
<dc element="dc.publisher" value="Reuters Holdings Plc"/>
<dc element="dc.date.published" value="1997-06-01"/>
<dc element="dc.source" value="Reuters"/>
<dc element="dc.creator.location" value="BRUSSELS"/>
<dc element="dc.creator.location.country.name" value="BELGIUM"/>
<dc element="dc.source" value="Reuters"/>
</metadata>
</newsitem>
