<?xml version="1.0" encoding="iso-8859-1" ?>
<newsitem itemid="629076" id="root" date="1997-06-01" xml:lang="en">
<title>USA: Monterey Homes to acquire Legacy Homes.</title>
<headline>Monterey Homes to acquire Legacy Homes.</headline>
<dateline>SCOTTSDALE, Ariz. 1997-06-01</dateline>
<text>
<p>Monterey Homes Corp said on Friday it agreed to acquire Legacy Homes, a privately held homebuilder in the Dallas-Fort Worth area.</p>
<p>Monterey said in a news release it will issue 666,667 shares of common stock as part of the deal.</p>
<p>Monterey also said the deal includes an option to acquire another 167,000 of its shares, and an additional consideration that was not specified in the release.</p>
<p>Legacy's founder, John Landon, will become chief operating officer and co-chief executive officer of Monterey, and will remain in Texas to oversee Legacy's daily operations.</p>
<p>Legacy had pre-tax income of $8.8 million on sales of $84 million in 1996, Monterey said.</p>
<p>Monterey builds single-family, luxury homes in Phoenix, Scottsdale and Tucson, Arizona.</p>
</text>
<copyright>(c) Reuters Limited 1997</copyright>
<metadata>
<codes class="bip:countries:1.0">
  <code code="USA">
    <editdetail attribution="Reuters BIP Coding Group" action="confirmed" date="1997-06-01"/>
  </code>
</codes>
<codes class="bip:industries:1.0">
  <code code="I50100">
    <editdetail attribution="Reuters BIP Coding Group" action="confirmed" date="1997-06-01"/>
  </code>
</codes>
<codes class="bip:topics:1.0">
  <code code="C18">
    <editdetail attribution="Reuters BIP Coding Group" action="confirmed" date="1997-06-01"/>
  </code>
  <code code="C181">
    <editdetail attribution="Reuters BIP Coding Group" action="confirmed" date="1997-06-01"/>
  </code>
  <code code="CCAT">
    <editdetail attribution="Reuters BIP Coding Group" action="confirmed" date="1997-06-01"/>
  </code>
</codes>
<dc element="dc.date.created" value="1997-06-01"/>
<dc element="dc.publisher" value="Reuters Holdings Plc"/>
<dc element="dc.date.published" value="1997-06-01"/>
<dc element="dc.source" value="Reuters"/>
<dc element="dc.creator.location" value="SCOTTSDALE, Ariz."/>
<dc element="dc.creator.location.country.name" value="USA"/>
<dc element="dc.source" value="Reuters"/>
</metadata>
</newsitem>
