<?xml version="1.0" encoding="iso-8859-1" ?>
<newsitem itemid="629093" id="root" date="1997-06-01" xml:lang="en">
<title>USA: WALL ST WEEK AHEAD--Eye on indicators for Q2 signs.</title>
<headline>WALL ST WEEK AHEAD--Eye on indicators for Q2 signs.</headline>
<byline>Jennifer Shaw</byline>
<dateline>NEW YORK 1997-06-01</dateline>
<text>
<p>Wall Street could suffer this week if a spate of economic statistics highlighted by May payrolls reinforce Intel Corp's Friday warning that the second quarter was not going as well as the first.</p>
<p>&quot;The comments made by Intel and also Nike (Inc ) told us that business is not as good in the second quarter as it has been,&quot; said Hugh Johnson, chief investment officer at First Albany Corp.  </p>
<p>&quot;It appears as though no one wishes to reach the conclusion that business is poor. But they will find out what's going on in the second quarter when we look at May NAPM, May vehicle sales and the (May) unemployment figures.&quot; Johnson said.</p>
<p>Intel, a market leader during rallies, unleashed a flood of selling Friday with its warning that second-quarter results would fail to meet expectations. On Thursday, Nike stock plummeted after the company said it expected results well below analysts' consensus for the three months ending May 31.  </p>
<p>&quot;When Intel says business is bad, it means the demand for chips is not as strong and there are very few businesses that don't use Intel chips,&quot; Johnson said.</p>
<p>Should statistics show slow and steady economic growth, the market would likely continue its bull run, analysts said.</p>
<p>&quot;The market looks fairly well priced to a favorable economic scenario,&quot; said Pierre Ellis, senior economist with Primark Decision Economics.  </p>
<p>Ellis said the market will take its first cues for the month from auto sales figures due out Monday, Tuesday and Wednesday and from Monday's May National Association of Purchasing Management release.</p>
<p>Indications of a very strong economy also pose a threat, as participants worry about Federal Reserve tightening.</p>
<p>&quot;Strong (auto) sales in March may have been the icing on the cake on Fed tightening,&quot; said Ellis. &quot;The consumer sector is an area of great risk.&quot; Ellis added that the talk is for &quot;very moderate&quot; car figures.  </p>
<p>On NAPM Ellis said he was looking for a figure &quot;pretty much unchanged&quot;  from 54.2 in April. &quot;Anything that is around there will be pretty much neutral,&quot; he said.</p>
<p>Analysts said the week's main event will be Friday's payroll number. &quot;That's the big one; the payroll employment gives the first real solid set of numbers for May,&quot; Ellis said.</p>
<p>&quot;The (unemployment) rate fell very sharply in April; that's a red flag. The Fed is concerned about something growing too fast.&quot; Ellis said a positive number would be &quot;steady to up a 10th to 5.0 percent.&quot;  </p>
<p>First Albany's Johnson said he expected that all the statistics would show the economy to be slowing. &quot;I believe non-farm payrolls will expand by 140,000, not the consensus, which is 220,000,&quot;</p>
<p>Ricky Harrington of Interstate Johnson Lane said with the bull market not over yet, many will see the Intel news as a buying opportunity.</p>
<p>&quot;I would say the market would be a little unsettled early next week,&quot; Harrington said. &quot;The market is such that any news such as Intel is taken as a buying opportunity. We may still see weakness Monday, but as we go into June we could easily see a strong market.&quot;</p>
<p>Harrington said participants would look to the fact that money is still coming in from overseas and mutual funds.</p>
<p>The Investment Company Institute on Thursday reported a 45 percent increase in the amount of money that flowed into stock funds in April to $15.7 billion.</p>
</text>
<copyright>(c) Reuters Limited 1997</copyright>
<metadata>
<codes class="bip:countries:1.0">
  <code code="USA">
    <editdetail attribution="Reuters BIP Coding Group" action="confirmed" date="1997-06-01"/>
  </code>
</codes>
<codes class="bip:topics:1.0">
  <code code="M11">
    <editdetail attribution="Reuters BIP Coding Group" action="confirmed" date="1997-06-01"/>
  </code>
  <code code="MCAT">
    <editdetail attribution="Reuters BIP Coding Group" action="confirmed" date="1997-06-01"/>
  </code>
</codes>
<dc element="dc.date.created" value="1997-06-01"/>
<dc element="dc.publisher" value="Reuters Holdings Plc"/>
<dc element="dc.date.published" value="1997-06-01"/>
<dc element="dc.source" value="Reuters"/>
<dc element="dc.creator.location" value="NEW YORK"/>
<dc element="dc.creator.location.country.name" value="USA"/>
<dc element="dc.source" value="Reuters"/>
</metadata>
</newsitem>
