<?xml version="1.0" encoding="iso-8859-1" ?>
<newsitem itemid="629170" id="root" date="1997-06-01" xml:lang="en">
<title>BRAZIL: Cool weekend for Brazil coffee but no problems.</title>
<headline>Cool weekend for Brazil coffee but no problems.</headline>
<dateline>RIO DE JANEIRO 1997-06-01</dateline>
<text>
<p>Brazil's key coffee regions saw a cool weekend but temperatures stayed well above critical levels, cooperatives and meteorologists said Sunday.</p>
<p>In Pocos de Caldas, Minas Gerais state, traditionally the country's coldest coffee region, minimum temperatures over the weekend were eight degrees Celsius, the local cooperative said.</p>
<p>In Londrina, Parana, Brazil's most southern coffee producing state, early morning temperatures were also eight degrees Celsius on Saturday but had warmed to 10 degrees on Sunday, the cooperative said.  </p>
<p>The cool temperatures are due to a polar air mass which has already left the country but which has brought a blanket of cold weather in its wake.</p>
<p>Temperatures should now begin to pick up again during the course of this week, said independent local meteorologists Somar.</p>
<p>&quot;The worst is over,&quot; said Somar forecaster Marcio Custodio.</p>
<p>The next polar air mass is expected to arrive in the far south of the country during the weekend of June 7/8, Custodio said.  </p>
<p>The country's coffee regions should first see rain on June 8/9 with temperatures falling from the early morning of June 10, Custodio said.</p>
<p>The air mass, currently in the Pacific Ocean, has a intensity of 1,022 millibars but is expected to get stronger.</p>
<p>Given it is likely to enter Brazil overland, it is worth following  more closely than other air masses which come in from the sea, carrying humidity, Custodio said.</p>
<p>However a clearer indication of any threat to the coffee regions will only be known in the middle of this week, he added.  </p>
<p>The world's coffee markets are watching the progress of Brazil's winter particularly closely this year given a background of low consumer stocks.</p>
<p>Expectations are that Brazil will see a larger coffee crop in 1998 but any frost this winter could dramatically change supply prospects.</p>
<p>((-Caroline Bulloch, Rio de Janeiro newsroom, 5521 5074151))</p>
</text>
<copyright>(c) Reuters Limited 1997</copyright>
<metadata>
<codes class="bip:countries:1.0">
  <code code="BRAZ">
    <editdetail attribution="Reuters BIP Coding Group" action="confirmed" date="1997-06-01"/>
  </code>
</codes>
<codes class="bip:industries:1.0">
  <code code="I01001">
    <editdetail attribution="Reuters BIP Coding Group" action="confirmed" date="1997-06-01"/>
  </code>
  <code code="I0100137">
    <editdetail attribution="Reuters BIP Coding Group" action="confirmed" date="1997-06-01"/>
  </code>
</codes>
<codes class="bip:topics:1.0">
  <code code="C24">
    <editdetail attribution="Reuters BIP Coding Group" action="confirmed" date="1997-06-01"/>
  </code>
  <code code="CCAT">
    <editdetail attribution="Reuters BIP Coding Group" action="confirmed" date="1997-06-01"/>
  </code>
  <code code="GCAT">
    <editdetail attribution="Reuters BIP Coding Group" action="confirmed" date="1997-06-01"/>
  </code>
  <code code="GWEA">
    <editdetail attribution="Reuters BIP Coding Group" action="confirmed" date="1997-06-01"/>
  </code>
  <code code="M14">
    <editdetail attribution="Reuters BIP Coding Group" action="confirmed" date="1997-06-01"/>
  </code>
  <code code="M141">
    <editdetail attribution="Reuters BIP Coding Group" action="confirmed" date="1997-06-01"/>
  </code>
  <code code="MCAT">
    <editdetail attribution="Reuters BIP Coding Group" action="confirmed" date="1997-06-01"/>
  </code>
</codes>
<dc element="dc.date.created" value="1997-06-01"/>
<dc element="dc.publisher" value="Reuters Holdings Plc"/>
<dc element="dc.date.published" value="1997-06-01"/>
<dc element="dc.source" value="Reuters"/>
<dc element="dc.creator.location" value="RIO DE JANEIRO"/>
<dc element="dc.creator.location.country.name" value="BRAZIL"/>
<dc element="dc.source" value="Reuters"/>
</metadata>
</newsitem>
