<?xml version="1.0" encoding="iso-8859-1" ?>
<newsitem itemid="629152" id="root" date="1997-06-01" xml:lang="en">
<title>POLAND: Pope in Poland tries to allay health concerns.</title>
<headline>Pope in Poland tries to allay health concerns.</headline>
<byline>Jan Strupczewski</byline>
<dateline>WROCLAW, Poland 1996-06-02</dateline>
<text>
<p>Pope John Paul has sought to allay concerns about his health, joking about his age and making an unscheduled foray on foot to greet wellwishers during a strenuous tour of his home country of Poland.</p>
<p>The Pope, who is believed to suffer from Parkinson's disease, broke with his official programme when he left Wroclaw cathedral at the end of a busy official day on Sunday and walked 200 metres (yards) among supporters.</p>
<p>He had looked tired earlier at the start of the first large open air mass of his 11-day visit, but he showed much of his old vigour when he delivered a strong homily in defence of the Roman Catholic Church as a guardian of freedom.</p>
<p>The crowd of 200,000 worshippers roared in appreciation when he told them: &quot;See, I'm still alive. I just turned 77.&quot;</p>
<p>Vatican spokesman Joaquin Navarro-Valls said the Pope was &quot;very well...One can see that he is happy to be home.&quot;</p>
<p>Despite the concerns about his age and health, the Pope has set himself a punishing schedule of visits to 12 cities during the seventh return of his pontificate to Poland.</p>
<p>He will go to Legnica in southwest Poland on Monday to celebrate mass at an airfield which was a main Soviet military base when the country was under communist rule.</p>
<p>The Catholic Church's popular support has slumped in Poland since the 1980s when, along with the Solidarity free trade union, it was in the forefront of the country's struggle for democracy.</p>
<p>The Pope's visit coincides with the start of an election campaign in which the current government led by ex-communists turned social democrats is under challenge from a pro-church coalition mustered by Solidarity.</p>
<p>Without intervening directly in the political battle, the Pope has sought to uphold the church's moral values at a time when rapid economic and social change in Poland has created losers as well as winners.</p>
<p>In his Wroclaw homily, he warned of the dangers of a society &quot;permeated by ideas of democracy inspired by liberal ideology.&quot;</p>
<p>He rejected the claims of critics seeking a more secular society that the church was an obstacle to progress.</p>
<p>&quot;Saying that the church is an enemy of freedom makes no sense, especially here in Poland,&quot; he said. &quot;The church has proved many times in the last 50 years that it is the guardian of freedom.&quot;</p>
</text>
<copyright>(c) Reuters Limited 1997</copyright>
<metadata>
<codes class="bip:countries:1.0">
  <code code="POL">
    <editdetail attribution="Reuters BIP Coding Group" action="confirmed" date="1997-06-01"/>
  </code>
  <code code="VCAN">
    <editdetail attribution="Reuters BIP Coding Group" action="confirmed" date="1997-06-01"/>
  </code>
</codes>
<codes class="bip:topics:1.0">
  <code code="GCAT">
    <editdetail attribution="Reuters BIP Coding Group" action="confirmed" date="1997-06-01"/>
  </code>
  <code code="GPRO">
    <editdetail attribution="Reuters BIP Coding Group" action="confirmed" date="1997-06-01"/>
  </code>
  <code code="GREL">
    <editdetail attribution="Reuters BIP Coding Group" action="confirmed" date="1997-06-01"/>
  </code>
</codes>
<dc element="dc.date.created" value="1996-06-02"/>
<dc element="dc.publisher" value="Reuters Holdings Plc"/>
<dc element="dc.date.published" value="1997-06-01"/>
<dc element="dc.source" value="Reuters"/>
<dc element="dc.creator.location" value="WROCLAW, Poland"/>
<dc element="dc.creator.location.country.name" value="POLAND"/>
<dc element="dc.source" value="Reuters"/>
</metadata>
</newsitem>
