<?xml version="1.0" encoding="iso-8859-1" ?>
<newsitem itemid="629172" id="root" date="1997-06-01" xml:lang="en">
<title>BOLIVIA: Right-wing general wins 1st round vote in Bolivia.</title>
<headline>Right-wing general wins 1st round vote in Bolivia.</headline>
<dateline>LA PAZ 1997-06-01</dateline>
<text>
<p>Hugo Banzer, a right-wing general who in 1971 seized power in a coup and ruled with an iron fist for seven years, on Sunday won the popular vote in Bolivia's presidential election, an exit poll showed.</p>
<p>But he failed to win a strong enough majority and will face the runner-up in a runoff in Congress next August. Three contenders were neck and neck for the second place, the private poll showed.  </p>
<p>The exit poll released immediately after voting ended at 6 p.m. (2200 GMT) showed Banzer of the Nationalist Democratic Action with 25 percent of the vote.</p>
<p>But three contenders were almost tied for the second slot.</p>
<p>They were former President Jaime Paz Zamora of the Revolutionary Left Movement with 17.5 percent; millonnaire businessman Ivo Kuljis of the populist Solidarity Civic Union with 16.7 percent, and Juan Carlos Duran of the ruling Nationalist Revolutionary Movement with 15.9 percent.</p>
<p>Congress will pick a president from the two top candidates. Power handover is slated for Aug. 6.</p>
</text>
<copyright>(c) Reuters Limited 1997</copyright>
<metadata>
<codes class="bip:countries:1.0">
  <code code="BOL">
    <editdetail attribution="Reuters BIP Coding Group" action="confirmed" date="1997-06-01"/>
  </code>
</codes>
<codes class="bip:topics:1.0">
  <code code="GCAT">
    <editdetail attribution="Reuters BIP Coding Group" action="confirmed" date="1997-06-01"/>
  </code>
  <code code="GPOL">
    <editdetail attribution="Reuters BIP Coding Group" action="confirmed" date="1997-06-01"/>
  </code>
  <code code="GVOTE">
    <editdetail attribution="Reuters BIP Coding Group" action="confirmed" date="1997-06-01"/>
  </code>
</codes>
<dc element="dc.date.created" value="1997-06-01"/>
<dc element="dc.publisher" value="Reuters Holdings Plc"/>
<dc element="dc.date.published" value="1997-06-01"/>
<dc element="dc.source" value="Reuters"/>
<dc element="dc.creator.location" value="LA PAZ"/>
<dc element="dc.creator.location.country.name" value="BOLIVIA"/>
<dc element="dc.source" value="Reuters"/>
</metadata>
</newsitem>
