<?xml version="1.0" encoding="iso-8859-1" ?>
<newsitem itemid="629165" id="root" date="1997-06-01" xml:lang="en">
<title>RUSSIA: Russia should discount gas domestically - Nemtsov.</title>
<headline>Russia should discount gas domestically - Nemtsov.</headline>
<dateline>MOSCOW 1997-06-01</dateline>
<text>
<p>Russia should sell its gas at lower prices domestically to help out its struggling industry, Interfax news agency quoted First Deputy Prime Minister Boris Nemtsov as saying on Sunday.</p>
<p>&quot;Since the production of Russian industry is not competitive today, we cannot sell gas inside Russia at world prices,&quot; Nemtsov said during a visit to Yamburg in Siberia.</p>
<p>The pricing of gas domestically should &quot;raise the economy on one hand and increase enterprises' ability to pay on the other&quot;, said Nemtsov, who is also fuel and energy minister.</p>
<p>Nemtsov on Thursday was quoted as saying that Russia will soon cut the wholesale price of high-pressure natural gas by 30 percent. Nemtsov said Rem Vyakhirev, chairman of Russian gas monopoly Gazprom, had agreed to the change, Interfax quoted him as saying.</p>
<p>Lower gas prices will also prove helpful for Gazprom because they will enable Russian firms to actually pay for the gas they receive rather than pile up huge debts, Nemtsov said.</p>
<p>&quot;Simply speaking, gas for cash is cheap and efficient. Gas for barter -- such as for T shirts and underwear that no one needs -- is expensive and inefficient,&quot; he said.</p>
<p>Those Russian firms unable to pay for their gas, he said, should face the spectre of bankruptcy.</p>
<p>Russian firms own Gasprom 70 trillion roubles ($12 billion), Itar-Tass news agency quoted Nemtsov as saying.</p>
</text>
<copyright>(c) Reuters Limited 1997</copyright>
<metadata>
<codes class="bip:countries:1.0">
  <code code="RUSS">
    <editdetail attribution="Reuters BIP Coding Group" action="confirmed" date="1997-06-01"/>
  </code>
</codes>
<codes class="bip:industries:1.0">
  <code code="I13000">
    <editdetail attribution="Reuters BIP Coding Group" action="confirmed" date="1997-06-01"/>
  </code>
</codes>
<codes class="bip:topics:1.0">
  <code code="C31">
    <editdetail attribution="Reuters BIP Coding Group" action="confirmed" date="1997-06-01"/>
  </code>
  <code code="CCAT">
    <editdetail attribution="Reuters BIP Coding Group" action="confirmed" date="1997-06-01"/>
  </code>
</codes>
<dc element="dc.date.created" value="1997-06-01"/>
<dc element="dc.publisher" value="Reuters Holdings Plc"/>
<dc element="dc.date.published" value="1997-06-01"/>
<dc element="dc.source" value="Reuters"/>
<dc element="dc.creator.location" value="MOSCOW"/>
<dc element="dc.creator.location.country.name" value="RUSSIA"/>
<dc element="dc.source" value="Reuters"/>
</metadata>
</newsitem>
