<?xml version="1.0" encoding="iso-8859-1" ?>
<newsitem itemid="629132" id="root" date="1997-06-01" xml:lang="en">
<title>KENYA: Kenya bandits stop 50 vehicles, shoot up bus.</title>
<headline>Kenya bandits stop 50 vehicles, shoot up bus.</headline>
<dateline>NAIROBI 1997-06-01</dateline>
<text>
<p>A gang of about 40 bandits robbed scores of vehicles on the main Nairobi-Mombasa road, killing one person and wounding seven when they shot up a crowded bus, the Sunday Nation reported.</p>
<p>Quoting witnesses at the scene, 250 km (150 miles) east of Nairobi, the newspaper said 50 cars and trucks were robbed on Friday night by bandits wearing military uniforms.</p>
<p>They killed the conductor of the bus and wounded seven passengers, the newspaper said.</p>
<p>The driver ignored orders to stop although bullets had punctured three tyres and drove 20 km (12 miles) to the nearest town, Mtito Andei, to inform police. There were 20 bullet-holes in the bus.</p>
</text>
<copyright>(c) Reuters Limited 1997</copyright>
<metadata>
<codes class="bip:countries:1.0">
  <code code="KENYA">
    <editdetail attribution="Reuters BIP Coding Group" action="confirmed" date="1997-06-01"/>
  </code>
</codes>
<codes class="bip:topics:1.0">
  <code code="GCAT">
    <editdetail attribution="Reuters BIP Coding Group" action="confirmed" date="1997-06-01"/>
  </code>
  <code code="GCRIM">
    <editdetail attribution="Reuters BIP Coding Group" action="confirmed" date="1997-06-01"/>
  </code>
</codes>
<dc element="dc.date.created" value="1997-06-01"/>
<dc element="dc.publisher" value="Reuters Holdings Plc"/>
<dc element="dc.date.published" value="1997-06-01"/>
<dc element="dc.source" value="Reuters"/>
<dc element="dc.creator.location" value="NAIROBI"/>
<dc element="dc.creator.location.country.name" value="KENYA"/>
<dc element="dc.source" value="Reuters"/>
</metadata>
</newsitem>
