<?xml version="1.0" encoding="iso-8859-1" ?>
<newsitem itemid="629174" id="root" date="1997-06-01" xml:lang="en">
<title>VENEZUELA: Venezuela expects over five pct growth this year.</title>
<headline>Venezuela expects over five pct growth this year.</headline>
<dateline>CARACAS 1997-06-01</dateline>
<text>
<p>The Venezuelan economy is expected to grow more than five percent in 1997, after a 1.6 percent contraction last year, the government said on Sunday.</p>
<p>The forecast was contained in a Planning Ministry report, a presidential palace release said.</p>
<p>&quot;The Cordiplan (Planning Ministry) report forecasts a growth of the gross domestic product of more than five percent for 1997,&quot; the statement said.  </p>
<p>Earlier government economic growth estimates were between 3.5 and four percent. Meanwhile, state-owned oil giant Petroleos de Venezuela (PdVSA) has forecast 5.8 percent growth for 1997, rising to 7.8 percent in 1998.</p>
<p>Finance Ministry figures in April showed non-oil GDP growing by 2.0 percent, while the oil economy would rise 6.9 percent.</p>
<p>The report quoted by the presidency said the over five percent growth estimate could be expected following &quot;a 10 percent increase in private sector exports during the first quarter, a rise in investments in the manufacturing sector ... and higher electricity consumption.&quot;</p>
<p>((-- Gilles Trequesser, Caracas newsroom, 582 505 2600))</p>
</text>
<copyright>(c) Reuters Limited 1997</copyright>
<metadata>
<codes class="bip:countries:1.0">
  <code code="VEN">
    <editdetail attribution="Reuters BIP Coding Group" action="confirmed" date="1997-06-01"/>
  </code>
</codes>
<codes class="bip:topics:1.0">
  <code code="E11">
    <editdetail attribution="Reuters BIP Coding Group" action="confirmed" date="1997-06-01"/>
  </code>
  <code code="E12">
    <editdetail attribution="Reuters BIP Coding Group" action="confirmed" date="1997-06-01"/>
  </code>
  <code code="ECAT">
    <editdetail attribution="Reuters BIP Coding Group" action="confirmed" date="1997-06-01"/>
  </code>
</codes>
<dc element="dc.date.created" value="1997-06-01"/>
<dc element="dc.publisher" value="Reuters Holdings Plc"/>
<dc element="dc.date.published" value="1997-06-01"/>
<dc element="dc.source" value="Reuters"/>
<dc element="dc.creator.location" value="CARACAS"/>
<dc element="dc.creator.location.country.name" value="VENEZUELA"/>
<dc element="dc.source" value="Reuters"/>
</metadata>
</newsitem>
