<?xml version="1.0" encoding="iso-8859-1" ?>
<newsitem itemid="629154" id="root" date="1997-06-01" xml:lang="en">
<title>BOSNIA: Albright links Bosnia aid to cooperation by parties.</title>
<headline>Albright links Bosnia aid to cooperation by parties.</headline>
<byline>Dan De Luce</byline>
<dateline>SARAJEVO 1997-06-01</dateline>
<text>
<p>U.S. Secretary of State Madeleine Albright said on Sunday her government remained committed to building a lasting peace in Bosnia as long as the former war factions showed a willingness to cooperate.</p>
<p>During a visit to the Bosnian capital Sarajevo, Albright invoked the memory of America's Marshall Plan after World War Two as she pledged U.S. support for reconstruction efforts.</p>
<p>&quot;What is happening here in Sarajevo is the modern day version of a Marshall Plan where America provides assistance, but it provides assistance to those who help themselves,&quot; she told reporters.</p>
<p>She said U.S. aid could dry up if Bosnia's political leaders did not uphold their obligations under the Dayton peace accords.</p>
<p>Albright earlier took a stroll down the notorious former &quot;Sniper's Alley&quot; where Sarajevans once dodged bullets during the nationalist Serb siege of the city.</p>
<p>&quot;There is a great deal to be done but let us never forget that three years ago people were still dying on these streets and we would not be able to be taking these kind of walks,&quot; she said.</p>
<p>Albright's visit coincided with growing international concern that the fragile peace is unravelling, only a year before the NATO-led peace force is due to withdraw.</p>
<p>She met Bosnian Moslem, Croat and Serb members of the collective presidency as part of a U.S. effort to bolster the 1995 peace agreement, which ended four years of war in former Yugoslavia but has not created a vital spirit of co-existence and reconciliation.</p>
<p>Nationalist authorities in Bosnia, trying to seal the results of wartime &quot;ethnic cleansing&quot;, have prevented refugees from returning to their homes and flouted other key provisions of the treaty, notably the extradition of indicted war criminals.</p>
<p>Albright flew to Sarajevo a day after delivering stern warnings to leaders of Bosnia's powerful neighbours, Croatia and Serbia, which armed and steered the war efforts of the Bosnian Croats and Serbs respectively.</p>
<p>In blunt language, Albright reprimanded presidents Franjo Tudjman of Croatia and Slobodan Milosevic of Serbia for failing to hand over war-crimes indictees and dragging their feet on other key aspects of the U.S.-brokered peace agreement.</p>
<p>She called for Milosevic, a key signatory of the U.S.- brokered Dayton accords, to stop &quot;stonewalling&quot; and cooperate with the U.N. war crimes tribunal in The Hague.</p>
<p>She said Milosevic needed to secure the extradition of former Bosnian Serb president Radovan Karadzic, who still wields power in Serb-controlled territory from his offices in Pale, 16 km (10 miles) outside Sarajevo.</p>
<p>In Zagreb, Albright said she told Tudjman that he must prevent violence against minority Serb war refugees trying to return to Croatia and to cooperate with the U.N. tribunal.</p>
<p>Albright said on Sunday that the continued presence of war crimes suspects in Bosnia represented a &quot;major roadblock to progress&quot; but offered no details about how Washington intended to resolve the problem.</p>
<p>&quot;The United States is looking into options to strengthen the work of the war crimes tribunal,&quot; she said, without elaborating.</p>
<p>Albright joined Sarajevo police officers as they walked their &quot;beat&quot; to show her support for canton authorities who have restructured the police force based on United Nations guidelines.</p>
<p>Although city authorities have integrated non-Moslems into their police force, U.N. monitors have expressed concern over a spate of beatings by Sarajevo police over the past few months.</p>
<p>Albright was scheduled to fly by helicopter later on Sunday to the disputed northern town of Brcko, considered one of the country's most volatile flashpoints.</p>
<p>She planned to meet U.S. soldiers stationed in Brcko before heading to the northwestern town of Banja Luka, where she was due to hold talks with Bosnian Serb President Biljana Plavsic.</p>
</text>
<copyright>(c) Reuters Limited 1997</copyright>
<metadata>
<codes class="bip:countries:1.0">
  <code code="BSHZG">
    <editdetail attribution="Reuters BIP Coding Group" action="confirmed" date="1997-06-01"/>
  </code>
  <code code="CRTIA">
    <editdetail attribution="Reuters BIP Coding Group" action="confirmed" date="1997-06-01"/>
  </code>
  <code code="USA">
    <editdetail attribution="Reuters BIP Coding Group" action="confirmed" date="1997-06-01"/>
  </code>
  <code code="YUG">
    <editdetail attribution="Reuters BIP Coding Group" action="confirmed" date="1997-06-01"/>
  </code>
</codes>
<codes class="bip:topics:1.0">
  <code code="GCAT">
    <editdetail attribution="Reuters BIP Coding Group" action="confirmed" date="1997-06-01"/>
  </code>
  <code code="GDIP">
    <editdetail attribution="Reuters BIP Coding Group" action="confirmed" date="1997-06-01"/>
  </code>
  <code code="GVIO">
    <editdetail attribution="Reuters BIP Coding Group" action="confirmed" date="1997-06-01"/>
  </code>
</codes>
<dc element="dc.date.created" value="1997-06-01"/>
<dc element="dc.publisher" value="Reuters Holdings Plc"/>
<dc element="dc.date.published" value="1997-06-01"/>
<dc element="dc.source" value="Reuters"/>
<dc element="dc.creator.location" value="SARAJEVO"/>
<dc element="dc.creator.location.country.name" value="BOSNIA"/>
<dc element="dc.source" value="Reuters"/>
</metadata>
</newsitem>
