<?xml version="1.0" encoding="iso-8859-1" ?>
<newsitem itemid="629161" id="root" date="1997-06-01" xml:lang="en">
<title>RUSSIA: Surgutneftgaz may increase charter capital.</title>
<headline>Surgutneftgaz may increase charter capital.</headline>
<dateline>SURGUT, Russia 1997-06-01</dateline>
<text>
<p>Russian oil company Surgutneftgaz has approved a new company charter which permits the additional issuance of 269,144 ordinary shares and 260,422 preferred shares with a nominal value of 1,000 roubles.</p>
<p>The new charter allows an increase or decrease in charter capital through the placement of additional shares within a stated total or by increasing the shares' face value. It also permits a decrease in face value or total quantity, including by buying back and annulling a part of the company's shares.</p>
<p>The decision on increasing the charter capital through increasing the nominal value of shares or through additional shares in a set quantity was accepted by the company's board of directors and set out in a document.</p>
<p>The document says the current charter capital of the oil company is 10,058,023,000 roubles ($1.75 million) and is divided into 10,058,023 ordinary shares with a nominal value of 1,000 roubles.</p>
<p>On January 1, 1997, the charter capital of Surgutneftgaz was 9,979 billion roubles.</p>
<p>&quot;The increase was made by 78,654 shares, which were issued to exchange shares of the factory Kirishinefteorgsintez, and also Tvernefteprodukt, Pskovnefteprodukt, Kaliningradnefteprodukt, Novgorognefteprodukt,&quot; NK Surgutneftegaz Vice President Natalya Olshanova told journalists. --Aleksandras Budris, Moscow Newsroom, +7095 941 8520</p>
</text>
<copyright>(c) Reuters Limited 1997</copyright>
<metadata>
<codes class="bip:countries:1.0">
  <code code="RUSS">
    <editdetail attribution="Reuters BIP Coding Group" action="confirmed" date="1997-06-01"/>
  </code>
</codes>
<codes class="bip:industries:1.0">
  <code code="I13000">
    <editdetail attribution="Reuters BIP Coding Group" action="confirmed" date="1997-06-01"/>
  </code>
</codes>
<codes class="bip:topics:1.0">
  <code code="C17">
    <editdetail attribution="Reuters BIP Coding Group" action="confirmed" date="1997-06-01"/>
  </code>
  <code code="C171">
    <editdetail attribution="Reuters BIP Coding Group" action="confirmed" date="1997-06-01"/>
  </code>
  <code code="CCAT">
    <editdetail attribution="Reuters BIP Coding Group" action="confirmed" date="1997-06-01"/>
  </code>
</codes>
<dc element="dc.date.created" value="1997-06-01"/>
<dc element="dc.publisher" value="Reuters Holdings Plc"/>
<dc element="dc.date.published" value="1997-06-01"/>
<dc element="dc.source" value="Reuters"/>
<dc element="dc.creator.location" value="SURGUT, Russia"/>
<dc element="dc.creator.location.country.name" value="RUSSIA"/>
<dc element="dc.source" value="Reuters"/>
</metadata>
</newsitem>
