<?xml version="1.0" encoding="iso-8859-1" ?>
<newsitem itemid="629129" id="root" date="1997-06-01" xml:lang="en">
<title>GHANA: Ghana sends troops to Sierra Leone.</title>
<headline>Ghana sends troops to Sierra Leone.</headline>
<dateline>ACCRA 1997-06-01</dateline>
<text>
<p>Ghana sent troops to Sierra Leone on Sunday to help evacuate its nationals and to join a Nigerian-led regional force, a government statement said.</p>
<p>It gave no troop numbers but said: &quot;The command of the contingent will also be involved in the negotiations for a political settlement of the crisis in Sierra Leone, following which the Ghanaian contingent may be deployed to help stabilise the situation&quot;.</p>
<p>The government recalled Deputy Foreign Minister Victor Gbeho from the Organisation of African Unity summit in Harare to join a negotiating team of the Economic Community of West African States (ECOWAS).</p>
<p>Nigeria currently holds the ECOWAS presidency and has been trying to persuade the coup leaders to stand down, both through negotiations and the threat of a military strike.</p>
<p>Ghana's President Jerry Rawlings opted to stay away from the Harare summit to monitor the situation in Sierra Leone.</p>
<p>Gbeho has been active in the past in peace negotiations with the warring factions in Liberia, where the West African ECOMOG force was first deployed in 1990.</p>
<p>The Nigerian-led force's numbers in Sierra Leone were boosted on Saturday by the arrival of three battalions of Guinean troops.</p>
<p>ECOMOG now numbers about 3,000 men in Sierra Leone, backed by Nigerian ships as well as helicopters based in Liberia.</p>
<p>Military sources said on Saturday the Ghanaians' task would be to replace the Nigerians securing the international airport at Lungi, across the river estuary to the north of the capital, and the smaller airport at Hastings, east of Freetown near the Nigerian base.</p>
<p>The Ghanaian deployment is codenamed Operation Ogyefo, the word for saviour in the Akan language.</p>
</text>
<copyright>(c) Reuters Limited 1997</copyright>
<metadata>
<codes class="bip:countries:1.0">
  <code code="GHANA">
    <editdetail attribution="Reuters BIP Coding Group" action="confirmed" date="1997-06-01"/>
  </code>
  <code code="NIGEA">
    <editdetail attribution="Reuters BIP Coding Group" action="confirmed" date="1997-06-01"/>
  </code>
  <code code="OAU">
    <editdetail attribution="Reuters BIP Coding Group" action="confirmed" date="1997-06-01"/>
  </code>
  <code code="SILEN">
    <editdetail attribution="Reuters BIP Coding Group" action="confirmed" date="1997-06-01"/>
  </code>
</codes>
<codes class="bip:topics:1.0">
  <code code="GCAT">
    <editdetail attribution="Reuters BIP Coding Group" action="confirmed" date="1997-06-01"/>
  </code>
  <code code="GDEF">
    <editdetail attribution="Reuters BIP Coding Group" action="confirmed" date="1997-06-01"/>
  </code>
  <code code="GDIP">
    <editdetail attribution="Reuters BIP Coding Group" action="confirmed" date="1997-06-01"/>
  </code>
</codes>
<dc element="dc.date.created" value="1997-06-01"/>
<dc element="dc.publisher" value="Reuters Holdings Plc"/>
<dc element="dc.date.published" value="1997-06-01"/>
<dc element="dc.source" value="Reuters"/>
<dc element="dc.creator.location" value="ACCRA"/>
<dc element="dc.creator.location.country.name" value="GHANA"/>
<dc element="dc.source" value="Reuters"/>
</metadata>
</newsitem>
