<?xml version="1.0" encoding="iso-8859-1" ?>
<newsitem itemid="629133" id="root" date="1997-06-01" xml:lang="en">
<title>ZIMBABWE: Issues at Zimbabwe OAU summit.</title>
<headline>Issues at Zimbabwe OAU summit.</headline>
<dateline>HARARE 1997-06-01</dateline>
<text>
<p>A three-day Organisation of African Unity (OAU) summit beginning in the Zimbabwean capital on Monday is expected to discuss the following issues:</p>
<p>-- the coup in Sierra Leone where junior army soldiers toppled the elected government of President Ahmed Tejan Kabbah. OAU foreign ministers have already condemned the coup and regional countries, led by Nigeria, are said to be preparing to reverse it.</p>
<p>-- the Great Lakes region where conflict simmers on even after the triumph of Laurent Kabila's Alliance of Democratic Forces for the Liberation of Congo over long-time president Mobutu Sese Seko. Rwanda and Burundi, two states that openly backed Kabila's rebel forces, remain politically unstable under military rule.</p>
<p>-- Liberia's slow march to democracy. Elections in the West African country are scheduled to be held on July 19 after being postponed from May 30.</p>
<p>-- the slow-moving peace processes in Angola and Somalia. In the case of the former, the process has come under strain recently following UNITA complaints the government army is encroaching on its terriory. In Somalia, hope has risen after the signing of an agreement by two of the major players in the country's conflict.</p>
<p>-- the row between Libya and the West over the Lockerbie bombing. OAU ministers have proposed three alternatives to resolve the issue; trial of the two Libyans accused of being behind the bombing in a neutral country chosen by the U.N. Security Council, trial at the International Court of Justice in The Hague or trial at The Hague by a special criminal tribunal.</p>
<p>-- the restructuring of the OAU's secretariat as it seeks to transform itself into an African Economic Community by 2030.</p>
</text>
<copyright>(c) Reuters Limited 1997</copyright>
<metadata>
<codes class="bip:countries:1.0">
  <code code="NIGEA">
    <editdetail attribution="Reuters BIP Coding Group" action="confirmed" date="1997-06-01"/>
  </code>
  <code code="OAU">
    <editdetail attribution="Reuters BIP Coding Group" action="confirmed" date="1997-06-01"/>
  </code>
  <code code="SILEN">
    <editdetail attribution="Reuters BIP Coding Group" action="confirmed" date="1997-06-01"/>
  </code>
  <code code="ZIMBAB">
    <editdetail attribution="Reuters BIP Coding Group" action="confirmed" date="1997-06-01"/>
  </code>
</codes>
<codes class="bip:topics:1.0">
  <code code="GCAT">
    <editdetail attribution="Reuters BIP Coding Group" action="confirmed" date="1997-06-01"/>
  </code>
  <code code="GDIP">
    <editdetail attribution="Reuters BIP Coding Group" action="confirmed" date="1997-06-01"/>
  </code>
</codes>
<dc element="dc.date.created" value="1997-06-01"/>
<dc element="dc.publisher" value="Reuters Holdings Plc"/>
<dc element="dc.date.published" value="1997-06-01"/>
<dc element="dc.source" value="Reuters"/>
<dc element="dc.creator.location" value="HARARE"/>
<dc element="dc.creator.location.country.name" value="ZIMBABWE"/>
<dc element="dc.source" value="Reuters"/>
</metadata>
</newsitem>
