<?xml version="1.0" encoding="iso-8859-1" ?>
<newsitem itemid="629287" id="root" date="1997-06-01" xml:lang="en">
<title>ISRAEL: Israel says evidence links PLO to killings.</title>
<headline>Israel says evidence links PLO to killings.</headline>
<dateline>JERUSALEM 1997-06-01</dateline>
<text>
<p>Israeli police said on Sunday they had &quot;solid evidence&quot; that a security branch of the Palestinian Authority bore responsibility for the killing of two Palestinian land dealers.</p>
<p>&quot;There is solid evidence that one of the Palestinian intelligence branches is responsible for the two cases in addition to the kidnapping,&quot; police spokeswoman Linda Menuhin told Reuters.</p>
<p>Jerusalem district police commander Yair Yitzhaki told Israel's Channel Two Television: &quot;Decisions need to be taken that will be approved by the political echelon on how to deal with things.&quot;</p>
<p>Israeli officials had already said they suspected Palestinian President Yasser Arafat's administration was involved in the killings but PLO officials deny it.</p>
<p>&quot;This is nonsense, the Authority is not involved in the killing of those dealers, brokers, traitors,&quot; Palestinian Justice Minister Freih Abu Medeen told reporters in self-ruled Gaza. &quot;I accuse the Israelis, and I'm sure there is a finger of an Israeli in this assassination.&quot;</p>
<p>Menuhin said Israeli police on Saturday arrested six Palestinians as they were abducting an Arab land dealer in the Jerusalem area. She said four of the six worked for a branch of Palestinian security.</p>
<p>The man who was kidnapped was known to have co-operated with land dealer Ali Mohammad Jumhour, 34, found dead on Saturday, the spokeswoman said.</p>
<p>Jumhour was the third land dealer slain since Palestinian Abu Medeen said last month Arabs who sold land to Israel could face the death penalty if convicted in court. All three victims were shot in the head at close range.</p>
<p>Menuhin said the Palestinian intelligence branch, which she did not name, bore responsibility for the killing of Jumhour and Farid Bashiti, the first dealer killed.</p>
<p>Earlier on Sunday, a Palestinian newspaper editor said a previously unknown Palestinian group had claimed responsibility for killing Jumhour on Saturday.</p>
<p>An anonymous caller, speaking Arabic, told the Palestinian daily al-Hayat al-Jadidah newspaper that the Keepers of the Holy Land Group shot Jumhour near Ramallah self-rule enclave in the West Bank on Saturday because of his dealings.</p>
<p>&quot;The caller said his group, Keepers of the Holy Land, shot Jumhour dead because he sold land to Jews,&quot; Hafez al-Barghouthi, the newspaper's editor-in-chief, told Reuters. He said the caller had also contacted PLO police and other local newspapers.</p>
<p>Jumhour and another land dealer, 60 year-old Harbi Abu Sarah, were killed in Rafat near Ramallah, a village still under Israeli occupation. Bashiti was killed in al-Tireh village, also in the Ramallah area.</p>
<p>The land sale ban followed a crisis in PLO-Israeli peace moves over the start of construction of a Jewish settlement in Arab East Jerusalem in March.</p>
<p>Last week, Abu Medeen said the PLO was interrogating up to 12 Palestinians suspected of selling land to Israelis. The PLO said the ban is needed to curb Jewish settlement in the Gaza Strip and the West bank, including East Jerusalem, that could strengthen Israeli claims to sovereignty.</p>
<p>Washington and an international human rights group have urged Arafat to forbid retribution against land dealers.</p>
</text>
<copyright>(c) Reuters Limited 1997</copyright>
<metadata>
<codes class="bip:countries:1.0">
  <code code="ISRAEL">
    <editdetail attribution="Reuters BIP Coding Group" action="confirmed" date="1997-06-01"/>
  </code>
</codes>
<codes class="bip:topics:1.0">
  <code code="GCAT">
    <editdetail attribution="Reuters BIP Coding Group" action="confirmed" date="1997-06-01"/>
  </code>
  <code code="GCRIM">
    <editdetail attribution="Reuters BIP Coding Group" action="confirmed" date="1997-06-01"/>
  </code>
  <code code="GVIO">
    <editdetail attribution="Reuters BIP Coding Group" action="confirmed" date="1997-06-01"/>
  </code>
</codes>
<dc element="dc.date.created" value="1997-06-01"/>
<dc element="dc.publisher" value="Reuters Holdings Plc"/>
<dc element="dc.date.published" value="1997-06-01"/>
<dc element="dc.source" value="Reuters"/>
<dc element="dc.creator.location" value="JERUSALEM"/>
<dc element="dc.creator.location.country.name" value="ISRAEL"/>
<dc element="dc.source" value="Reuters"/>
</metadata>
</newsitem>
