<?xml version="1.0" encoding="iso-8859-1" ?>
<newsitem itemid="629283" id="root" date="1997-06-01" xml:lang="en">
<title>THAILAND: Thai markets take a breather, but worse to come.</title>
<headline>Thai markets take a breather, but worse to come.</headline>
<byline>John Chalmers</byline>
<dateline>BANGKOK 1997-06-01</dateline>
<text>
<p>Pundits may have been surprised when Thailand's beleaguered stock market turned higher on Friday. But many just shrug their shoulders and predict more pain as mounting debt problems tear through the economy.</p>
<p>&quot;It beats me!&quot; said Graham Catterwell, country manager for Deutsche Morgan Grenfell, when asked why buyers had returned to the bourse on a day when it had been expected to plummet.</p>
<p>&quot;There's worse to come. Property prices have to come down. Many companies are teetering on the verge of bankruptcy. The SET index has come down and it could go down further,&quot; he said.</p>
<p>The SET share index shrugged off a plunge in shares of debt-crippled Finance One Plc on Friday to end almost 1.5 percent higher at 566.39, its best gain in seven nervous sessions.</p>
<p>Analysts said the market could consolidate around current levels, its lowest for nearly eight years, before taking another cold shower under news of continued economic slowdown, shrinking corporate earnings and corporate debt problems.</p>
<p>The collapse of plans to rescue the once-glorious Finance One by merging it with a commercial bank has renewed concern about the risk of insolvency and liquidity runs at many of the country's cash-strapped finance companies.</p>
<p>Thailand's 15 local banks and 91 finance firms have extended a massive 800 billion baht ($31 billion) in loans to the crisis-torn property market, and analysts reckon that 20 percent of finance companies' loans are non-performing.</p>
<p>Without the spate of mergers that the authorities had been counting on to nurse the sector back to health, the central Bank of Thailand may have to dig deep into its coffers to guarantee deposits and ensure stability.</p>
<p>Sriyan Pietersz of Capital Nomura Securities argued in a recent report that the central bank's ability to come good on its guarantee would be stretched in a prolonged liquidity run, given that deposits total more than $40 billion.</p>
<p>&quot;Under such circumstances, a wave of small and medium-sized financial company failures -- with a knock-on impact to their commercial bank and corporate shareholders -- does not seem unlikely,&quot; he wrote.</p>
<p>According to newspaper reports at the end of last week, the central bank may be about to bite the bullet, allowing as many as 30 financial firms to go under instead of bailing them out.</p>
<p>&quot;Under the plan, only the deposits of the weakest firms would be guaranteed as the funds required to keep them all afloat would break the central bank,&quot; the Bangkok Post said.</p>
<p>The central bank has declined to confirm the reports.</p>
<p>The troubles of finance firms and the property sector aside, analysts say a host of other problems, linked to the economy's high-gearing and high interest rates, are coming home to roost.</p>
<p>A growing number of companies are missing debt payments and analysts point to a reported jump in the number of bounced cheques as evidence of growing cashflow difficulties.</p>
<p>Mounting debt could feed the economic slowdown by cutting into investment, jobs and domestic demand.</p>
<p>The government recently pared its forecast for economic growth this year to 5.9 percent from 6.4 percent in 1995. But private economists say it could be much lower, perhaps as low as three percent.</p>
<p>&quot;Under the current economic reality...it is likely that the extent of the problems becoming more apparent today will escalate in coming months,&quot; said Momura's Pietersz.</p>
<p>&quot;...the path to recovery will be studded with numerous corporate insolvencies and a deepening contraction in profitability growth,&quot; he said. &quot;Under the circumstances, investors are unlikely to be hasty in returning to the SET -- or indeed in remaining invested.&quot;</p>
</text>
<copyright>(c) Reuters Limited 1997</copyright>
<metadata>
<codes class="bip:countries:1.0">
  <code code="THAIL">
    <editdetail attribution="Reuters BIP Coding Group" action="confirmed" date="1997-06-01"/>
  </code>
</codes>
<codes class="bip:industries:1.0">
  <code code="I81501">
    <editdetail attribution="Reuters BIP Coding Group" action="confirmed" date="1997-06-01"/>
  </code>
  <code code="I83100">
    <editdetail attribution="Reuters BIP Coding Group" action="confirmed" date="1997-06-01"/>
  </code>
  <code code="I85000">
    <editdetail attribution="Reuters BIP Coding Group" action="confirmed" date="1997-06-01"/>
  </code>
</codes>
<codes class="bip:topics:1.0">
  <code code="C13">
    <editdetail attribution="Reuters BIP Coding Group" action="confirmed" date="1997-06-01"/>
  </code>
  <code code="C17">
    <editdetail attribution="Reuters BIP Coding Group" action="confirmed" date="1997-06-01"/>
  </code>
  <code code="C173">
    <editdetail attribution="Reuters BIP Coding Group" action="confirmed" date="1997-06-01"/>
  </code>
  <code code="CCAT">
    <editdetail attribution="Reuters BIP Coding Group" action="confirmed" date="1997-06-01"/>
  </code>
  <code code="E11">
    <editdetail attribution="Reuters BIP Coding Group" action="confirmed" date="1997-06-01"/>
  </code>
  <code code="E12">
    <editdetail attribution="Reuters BIP Coding Group" action="confirmed" date="1997-06-01"/>
  </code>
  <code code="ECAT">
    <editdetail attribution="Reuters BIP Coding Group" action="confirmed" date="1997-06-01"/>
  </code>
  <code code="M11">
    <editdetail attribution="Reuters BIP Coding Group" action="confirmed" date="1997-06-01"/>
  </code>
  <code code="MCAT">
    <editdetail attribution="Reuters BIP Coding Group" action="confirmed" date="1997-06-01"/>
  </code>
</codes>
<dc element="dc.date.created" value="1997-06-01"/>
<dc element="dc.publisher" value="Reuters Holdings Plc"/>
<dc element="dc.date.published" value="1997-06-01"/>
<dc element="dc.source" value="Reuters"/>
<dc element="dc.creator.location" value="BANGKOK"/>
<dc element="dc.creator.location.country.name" value="THAILAND"/>
<dc element="dc.source" value="Reuters"/>
</metadata>
</newsitem>
