<?xml version="1.0" encoding="iso-8859-1" ?>
<newsitem itemid="629275" id="root" date="1997-06-01" xml:lang="en">
<title>SINGAPORE: Singapore foreign workers housed in dumps - newspaper.</title>
<headline>Singapore foreign workers housed in dumps - newspaper.</headline>
<dateline>SINGAPORE 1997-06-01</dateline>
<text>
<p>More than 100 Bangladeshi workers employed by cleaning contractors on Singapore public housing estates are being housed in rubbish dumps, the Sunday Times reported.</p>
<p>The newspaper said the contractors, engaged by town councils, were housing the workers in rubbish bin centres in the estates.</p>
<p>It found workers living in 18 rubbish dumps in checks of housing estates across the island over three nights.</p>
<p>The newspaper quoted a property agent who specialises in housing foreign workers as saying contractors housed their cleaners in the dumps because it was convenient and free.</p>
<p>&quot;It is very difficult to find housing for foreign workers,&quot; T. Devadas was quoted as saying.</p>
<p>The town councils said they conducted monthly spot checks on dumps and sent warning letters to those who were housing workers in them.</p>
<p>A Ministry of Labour spokesman told the newspaper it would cancel the work permits of foreign workers and bar contractors if it received reports from town councils or housing authorities that these workers were not being properly housed.</p>
<p>(US$1=S$1.43)</p>
</text>
<copyright>(c) Reuters Limited 1997</copyright>
<metadata>
<codes class="bip:countries:1.0">
  <code code="BANDH">
    <editdetail attribution="Reuters BIP Coding Group" action="confirmed" date="1997-06-01"/>
  </code>
  <code code="SINGP">
    <editdetail attribution="Reuters BIP Coding Group" action="confirmed" date="1997-06-01"/>
  </code>
</codes>
<codes class="bip:industries:1.0">
  <code code="I92300">
    <editdetail attribution="Reuters BIP Coding Group" action="confirmed" date="1997-06-01"/>
  </code>
</codes>
<codes class="bip:topics:1.0">
  <code code="C42">
    <editdetail attribution="Reuters BIP Coding Group" action="confirmed" date="1997-06-01"/>
  </code>
  <code code="CCAT">
    <editdetail attribution="Reuters BIP Coding Group" action="confirmed" date="1997-06-01"/>
  </code>
  <code code="E41">
    <editdetail attribution="Reuters BIP Coding Group" action="confirmed" date="1997-06-01"/>
  </code>
  <code code="ECAT">
    <editdetail attribution="Reuters BIP Coding Group" action="confirmed" date="1997-06-01"/>
  </code>
  <code code="GCAT">
    <editdetail attribution="Reuters BIP Coding Group" action="confirmed" date="1997-06-01"/>
  </code>
  <code code="GJOB">
    <editdetail attribution="Reuters BIP Coding Group" action="confirmed" date="1997-06-01"/>
  </code>
</codes>
<dc element="dc.date.created" value="1997-06-01"/>
<dc element="dc.publisher" value="Reuters Holdings Plc"/>
<dc element="dc.date.published" value="1997-06-01"/>
<dc element="dc.source" value="Reuters"/>
<dc element="dc.creator.location" value="SINGAPORE"/>
<dc element="dc.creator.location.country.name" value="SINGAPORE"/>
<dc element="dc.source" value="Reuters"/>
</metadata>
</newsitem>
