<?xml version="1.0" encoding="iso-8859-1" ?>
<newsitem itemid="629221" id="root" date="1997-06-01" xml:lang="en">
<title>AUSTRALIA: CONSENSUS-Australian March quarter GDP forecasts.</title>
<headline>CONSENSUS-Australian March quarter GDP forecasts.</headline>
<dateline>SYDNEY 1996-06-02</dateline>
<text>
<p>The following are the results of a Reuters survey of economists on final Australian GDP forecasts for the March quarter (s/adj), following the release of quarterly balance of payments data on Friday.</p>
<p>Comparison with previous quarter unless stated.</p>
<p>GDP figures are due out at 0130 GMT on Wednesday.</p>
<p>				  Median Forecasts	Prev Actual</p>
<p>    Gross Domestic Product Mar qtr  Yr/Yr     Dec qtr    Yr/Yr</p>
<p>    GDP-Average	     +0.8 pct +2.2 pct  +0.5 pct  +3.1 pct</p>
<p>    GDP-Income based	+0.9 pct +3.0 pct  +0.8 pct  +3.7 pct</p>
<p>    GDP-Expenditure base  +0.8 pct +2.0 pct   0.0 pct  +2.9 pct</p>
<p>GDP-Production based  +0.7 pct +1.7 pct  +0.6 pct  +2.7 pct</p>
<p>    Gross Nat'l Expend.   +0.3 pct +2.5 pct  +1.0 pct  +3.9 pct</p>
<p>Price Deflator GDP-E  +0.4 pct +1.6 pct  +0.4 pct  +1.7 pct</p>
<p>		   GDP-A   GDP-A   GDP-I  GDP-E  GDP-P   GNE  GDP-E</p>
<p>				y/y					   def</p>
<p>ABN		 0.8     2.2     0.8    1.0    0.7    0.9    n/f</p>
<p>Access	    0.8     2.3     0.6    0.8    1.1    0.2   -0.1</p>
<p>AMP		 0.5     1.9     0.4    0.8    0.3    0.3    0.4</p>
<p>ANZ Bank	  1.0     2.5     1.3    1.0    0.7    0.4    0.4</p>
<p>ANZ Secs	  0.6     2.0     0.8    0.8    0.3    0.0    0.7</p>
<p>Axiom	     0.7     3.2     n/a    n/a    n/a    n/a    n/a</p>
<p>BT		  0.8     2.3     0.9    0.9    0.5    0.3    0.2</p>
<p>BZW		 0.6     1.9     0.3    0.8    0.7    0.1    0.4</p>
<p>Citibank	  1.0     2.5     0.9    1.1    1.2    0.5    n/f</p>
<p>Col State	 0.5     1.9     0.4    0.3    0.7   -0.2    n/f</p>
<p>Comm Bank	 1.0     2.4     1.1    0.9    0.9    0.3    0.4</p>
<p>County	    0.6     2.0     0.4    0.7    0.7    0.1    n/a</p>
<p>DMG		 0.8     2.3     n/a    n/a    n/a    n/a    n/a</p>
<p>Dresdner	  1.1     2.5     1.1    1.5    0.8    n/a    n/a</p>
<p>GIO		 0.9     2.4     0.6    1.3    0.9    n/a    n/a</p>
<p>Hambros	   0.9     2.3     1.0    0.7    0.7    0.1    0.4</p>
<p>HSBC		0.8     2.3     1.1    0.9    0.5    0.4    n/a</p>
<p>JP Morgan	 0.9     2.3     0.7    1.1    0.8    0.4    0.2</p>
<p>Macquarie	 0.8     2.2     n/a    n/a    n/a    0.7    0.5</p>
<p>Merrills	  0.8     2.2     0.7    1.1    0.6    0.5    0.4</p>
<p>NAB		 0.25    1.75    0.1    0.8    0.2    0.5    0.5</p>
<p>Nomura	    0.8     2.3     0.9    0.7    0.7    0.1    0.4</p>
<p>Pru Bache	 0.7     2.1     1.2    0.2    0.7    0.2    0.5</p>
<p>Rothschild	0.7     2.1     0.9    0.5    0.7    0.0    0.4</p>
<p>SBC Warburg     0.7     2.1     1.0    0.5    0.6   -0.1    0.3</p>
<p>Soc Gen	   0.8     n/a     1.0    0.7    0.8    n/a    0.3</p>
<p>UBS		 0.8     2.2     1.0    0.6    0.8    0.0    0.4</p>
<p>Westpac	   1.2     2.5     1.5    1.1    1.2    0.5    0.5</p>
<p>Low		 0.25    1.75    0.1    0.2    0.2   -0.2   -0.1</p>
<p>High		1.2     2.5     1.5    1.5    1.2    0.9    0.7</p>
<p>Average	   0.8     2.2     0.8    0.8    0.7    0.3    0.4</p>
<p>Median	    0.8     2.2     0.9    0.8    0.7    0.3    0.4</p>
<p>NOTE: The annual GDP(I), GDP(E) and GDP(P) averages are based on 18 forecasts. The annual GNE average is based on 16, and the annual GDP(E) deflator forecast is based on 11.  </p>
<p>-- Sydney Newsroom 61-2 9373-1800</p>
</text>
<copyright>(c) Reuters Limited 1997</copyright>
<metadata>
<codes class="bip:countries:1.0">
  <code code="AUSTR">
    <editdetail attribution="Reuters BIP Coding Group" action="confirmed" date="1997-06-01"/>
  </code>
</codes>
<codes class="bip:topics:1.0">
  <code code="E11">
    <editdetail attribution="Reuters BIP Coding Group" action="confirmed" date="1997-06-01"/>
  </code>
  <code code="ECAT">
    <editdetail attribution="Reuters BIP Coding Group" action="confirmed" date="1997-06-01"/>
  </code>
</codes>
<dc element="dc.date.created" value="1996-06-02"/>
<dc element="dc.publisher" value="Reuters Holdings Plc"/>
<dc element="dc.date.published" value="1997-06-01"/>
<dc element="dc.source" value="Reuters"/>
<dc element="dc.creator.location" value="SYDNEY"/>
<dc element="dc.creator.location.country.name" value="AUSTRALIA"/>
<dc element="dc.source" value="Reuters"/>
</metadata>
</newsitem>
