<?xml version="1.0" encoding="iso-8859-1" ?>
<newsitem itemid="629239" id="root" date="1997-06-01" xml:lang="en">
<title>PHILIPPINES: Manila in new talks with General Motors.</title>
<headline>Manila in new talks with General Motors.</headline>
<dateline>MANILA 1997-06-01</dateline>
<text>
<p>The Philippines, beaten by Thailand in a bidding war for General Motors Corp's manufacturing plant in Asia, is holding talks with the U.S. company on building a car component factory in the country, officials said on Sunday. &quot;We've been working on this for eight months,&quot; Trade and Industry Secretary Cesar Bautista told reporters. He did not give figures, but said capit al expenditures would be &quot;10 to 15 times more than an assembly plant&quot;. The project would export to other countries in Asia-Pacific, he said. Bautista said he believed General Motors wanted to set up a components facility as a step towards being accredited to join the Philippines' Motor Vehicle Development Programme (MVDP). Participants in the programme will enjoy such benefits as importation of cheaper stripped car parts for local assembly. One of the requirements of the programme, however, is for a company to set up an assembly plant, Bautista said.</p>
<p>&quot;We cannot change regulations at the drop of a pin,&quot; he said.</p>
<p>&quot;What GM wants is to make the Philippines the centre of major car parts and will assemble later on. In their case, it will be the reverse (of the MVDP),&quot; he said.</p>
<p>He stressed, however, that General Motors was not asking for changes to the MDVP, adding, &quot;It is up to us.&quot;</p>
<p>Andrew Andersz, public relations director for General Motors' Asian and Pacific operations, last week confirmed the firm had discussed &quot;possible future investments&quot; with Filipino officials.</p>
<p>&quot;While we will not comment on the nature or content of these discussions, we can confirm that the Philippines remains a possible location for future GM investment for component assembly,&quot; Andersz said in a statement.</p>
<p>&quot;However, following a recent review, it has been decided that GM will not establish a vehicle assembly operation in the Philippines under the MVDP at the present time,&quot; Andersz added.</p>
<p>Bautista said the Board of Investments (BOI) was reviewing the MVDP scheme and hoped to finish the review in August.</p>
<p>&quot;We want to be sure that the programme remains credible and that participants will not be disadvantaged by any change in the regulations,&quot; he said. &quot;We want to be sure there is complete transparancy.&quot; Thailand last year won the site for General Motors' $750 million-car plant after an intense bidding competition with the Philippines. The Thai plant will build a car targeted exclusively with Asian markets, company officials have said.</p>
<p>-- Manila newsroom (632) 841 8913 Fax 817 6267</p>
</text>
<copyright>(c) Reuters Limited 1997</copyright>
<metadata>
<codes class="bip:countries:1.0">
  <code code="PHLNS">
    <editdetail attribution="Reuters BIP Coding Group" action="confirmed" date="1997-06-01"/>
  </code>
  <code code="THAIL">
    <editdetail attribution="Reuters BIP Coding Group" action="confirmed" date="1997-06-01"/>
  </code>
  <code code="USA">
    <editdetail attribution="Reuters BIP Coding Group" action="confirmed" date="1997-06-01"/>
  </code>
</codes>
<codes class="bip:industries:1.0">
  <code code="I35101">
    <editdetail attribution="Reuters BIP Coding Group" action="confirmed" date="1997-06-01"/>
  </code>
  <code code="I35300">
    <editdetail attribution="Reuters BIP Coding Group" action="confirmed" date="1997-06-01"/>
  </code>
</codes>
<codes class="bip:topics:1.0">
  <code code="C11">
    <editdetail attribution="Reuters BIP Coding Group" action="confirmed" date="1997-06-01"/>
  </code>
  <code code="C13">
    <editdetail attribution="Reuters BIP Coding Group" action="confirmed" date="1997-06-01"/>
  </code>
  <code code="C24">
    <editdetail attribution="Reuters BIP Coding Group" action="confirmed" date="1997-06-01"/>
  </code>
  <code code="CCAT">
    <editdetail attribution="Reuters BIP Coding Group" action="confirmed" date="1997-06-01"/>
  </code>
</codes>
<dc element="dc.date.created" value="1997-06-01"/>
<dc element="dc.publisher" value="Reuters Holdings Plc"/>
<dc element="dc.date.published" value="1997-06-01"/>
<dc element="dc.source" value="Reuters"/>
<dc element="dc.creator.location" value="MANILA"/>
<dc element="dc.creator.location.country.name" value="PHILIPPINES"/>
<dc element="dc.source" value="Reuters"/>
</metadata>
</newsitem>
