<?xml version="1.0" encoding="iso-8859-1" ?>
<newsitem itemid="629245" id="root" date="1997-06-01" xml:lang="en">
<title>MALAYSIA: MBM buys stake in Colonial Motor.</title>
<headline>MBM buys stake in Colonial Motor.</headline>
<dateline>KUALA LUMPUR 1996-06-02</dateline>
<text>
<p>Malaysia's MBM Resources Bhd said it has signed an agreement to buy a 24.88 percent equity in New Zealand's Colonial Motor Co Ltd for NZ$20.02 million.</p>
<p>In a statement released over the weekend, the Malaysian vehicle distributor and parts maker said the agreement was signed with Guinness Peat Group Plc and involved 7.7 million Colonial Motor shares priced at $2.60 a share.</p>
<p>Colonial Motor's operating activities include 18 Ford dealerships and the distribution of Kenworth and Foden heavy duty trucks in New Zealand, the statement said.</p>
<p>Colonial reported operating profit of $13 million for the year ended June 30, 1996, on turnover of $425.17 million.</p>
<p>MBM said the New Zealand Overseas Investment Commission has consented to the acquisition.</p>
<p>MBM, whose stock was suspended from May 24 pending a news announcement, requested the Kuala Lumpur Stock Exchange to requote its stock with immediate effect. The stock was last traded at 5.85 ringgit. Colonial was last traded at $2.51.</p>
</text>
<copyright>(c) Reuters Limited 1997</copyright>
<metadata>
<codes class="bip:countries:1.0">
  <code code="MALAY">
    <editdetail attribution="Reuters BIP Coding Group" action="confirmed" date="1997-06-01"/>
  </code>
  <code code="NZ">
    <editdetail attribution="Reuters BIP Coding Group" action="confirmed" date="1997-06-01"/>
  </code>
</codes>
<codes class="bip:industries:1.0">
  <code code="I65100">
    <editdetail attribution="Reuters BIP Coding Group" action="confirmed" date="1997-06-01"/>
  </code>
  <code code="I83960">
    <editdetail attribution="Reuters BIP Coding Group" action="confirmed" date="1997-06-01"/>
  </code>
</codes>
<codes class="bip:topics:1.0">
  <code code="C18">
    <editdetail attribution="Reuters BIP Coding Group" action="confirmed" date="1997-06-01"/>
  </code>
  <code code="C181">
    <editdetail attribution="Reuters BIP Coding Group" action="confirmed" date="1997-06-01"/>
  </code>
  <code code="CCAT">
    <editdetail attribution="Reuters BIP Coding Group" action="confirmed" date="1997-06-01"/>
  </code>
</codes>
<dc element="dc.date.created" value="1996-06-02"/>
<dc element="dc.publisher" value="Reuters Holdings Plc"/>
<dc element="dc.date.published" value="1997-06-01"/>
<dc element="dc.source" value="Reuters"/>
<dc element="dc.creator.location" value="KUALA LUMPUR"/>
<dc element="dc.creator.location.country.name" value="MALAYSIA"/>
<dc element="dc.source" value="Reuters"/>
</metadata>
</newsitem>
