<?xml version="1.0" encoding="iso-8859-1" ?>
<newsitem itemid="629376" id="root" date="1997-06-01" xml:lang="en">
<title>ISRAEL: PRESS DIGEST - Israel - June 1.</title>
<headline>PRESS DIGEST - Israel - June 1.</headline>
<dateline>JERUSALEM 1997-06-01</dateline>
<text>
<p>These are some of the leading stories in Israeli newspapers on Sunday.</p>
<p>Reuters has not verified these stories and does not vouch for their accuracy.</p>
<p>JERUSALEM POST</p>
<p>- Israeli army officer killed in Hizbollah mortar attack in Lebanon.</p>
<p>- Third Palestinian land dealer slain.</p>
<p>- Two U.N. soldiers shot dead in Syria.</p>
<p>- Egyptian envoy Osama al-Baza here with summit proposal.</p>
<p>- German musician signs hotel tab: &quot;Adolf Hitler&quot;.</p>
<p>HAARETZ</p>
<p>- Palestinian who sold a house to an association of settlers is murdered by gunshots near Ramallah.</p>
<p>- Tension among Ehud Barak's people in Labour party for fear they'll find themselves outside the leadership team.</p>
<p>YEDIOTH AHRONOTH</p>
<p>- Assessment is the Palestinian secret security service liquidated the land dealer.</p>
<p>MAARIV</p>
<p>- Prime Minister Benjamin Netanyahu's bureau chief Moshe Leon says many requests from abroad have been received to invest in Israel and the economy is getting out of its slowdown.</p>
<p>- Fury in Israel over killing of third land dealer.</p>
<p>- In message brought by the Russian ambassador to Israel, Syria says: Golan withdrawal not a condition for negotiations.</p>
</text>
<copyright>(c) Reuters Limited 1997</copyright>
<metadata>
<codes class="bip:countries:1.0">
  <code code="ISRAEL">
    <editdetail attribution="Reuters BIP Coding Group" action="confirmed" date="1997-06-01"/>
  </code>
</codes>
<codes class="bip:topics:1.0">
  <code code="GCAT">
    <editdetail attribution="Reuters BIP Coding Group" action="confirmed" date="1997-06-01"/>
  </code>
</codes>
<dc element="dc.date.created" value="1997-06-01"/>
<dc element="dc.publisher" value="Reuters Holdings Plc"/>
<dc element="dc.date.published" value="1997-06-01"/>
<dc element="dc.source" value="Reuters"/>
<dc element="dc.creator.location" value="JERUSALEM"/>
<dc element="dc.creator.location.country.name" value="ISRAEL"/>
<dc element="dc.source" value="Reuters"/>
</metadata>
</newsitem>
