<?xml version="1.0" encoding="iso-8859-1" ?>
<newsitem itemid="629367" id="root" date="1997-06-01" xml:lang="en">
<title>TURKEY: Turkish coalition leaders set to meet on Sunday.</title>
<headline>Turkish coalition leaders set to meet on Sunday.</headline>
<dateline>ANKARA 1997-06-01</dateline>
<text>
<p>The leaders of Turkey's crumbling Islamist-led government were set to hold talks on Sunday over ways to solve the deepening crisis around their coalition, a spokesman for Deputy Prime Minister Tansu Ciller said.</p>
<p>&quot;I think the meeting will take place this afternoon,&quot; the spokesman told Reuters when asked about the timing of a meeting between Ciller and Islamist Prime Minister Necmettin Erbakan.</p>
<p>Newspapers said the two leaders would discuss a government reshuffle and early elections at talks on Sunday.</p>
<p>A minister from Ciller's True Path Party (DYP) said on Saturday elections could be held as early as October to overcome the impasse facing the 11-month-old coalition since the powerful military demanded a crackdown on Islamist activism in February.</p>
<p>&quot;We do not know the certain date but elections could take place in mid-October,&quot; state-run Anatolian news agency quoted Health Minister Ismail Karakuyu as saying.</p>
<p>The DYP has been locked in tough bargaining with its Islamist coalition partners over a possible date for early elections in a last-ditch effort to save the coalition.</p>
<p>Erbakan met for four hours on Saturday evening with leading members of his Welfare Party after a monthly meeting of the National Security Council (NSC), state-run Anatolian news agency reported.</p>
<p>At the NSC meeting, the secularist armed forces renewed pressure on Erbakan to curb a rise in Moslem activism since he became prime minister last June.</p>
<p>Ciller has promised her party she would press Erbakan, modern Turkey's first Islamist leader, to let her lead the country to polls as caretaker head of government.</p>
<p>However, the two sides have so far been unable to agree on a date. Turkish press reports say Erbakan was pushing for a quick poll, but Ciller was holding out for a date sometime next spring. Elections would normally be due by the year 2000.</p>
<p>Under the existing coalition protocol, Ciller was to take over the prime minister's office in June of 1998.</p>
</text>
<copyright>(c) Reuters Limited 1997</copyright>
<metadata>
<codes class="bip:countries:1.0">
  <code code="TURK">
    <editdetail attribution="Reuters BIP Coding Group" action="confirmed" date="1997-06-01"/>
  </code>
</codes>
<codes class="bip:topics:1.0">
  <code code="GCAT">
    <editdetail attribution="Reuters BIP Coding Group" action="confirmed" date="1997-06-01"/>
  </code>
  <code code="GDEF">
    <editdetail attribution="Reuters BIP Coding Group" action="confirmed" date="1997-06-01"/>
  </code>
  <code code="GPOL">
    <editdetail attribution="Reuters BIP Coding Group" action="confirmed" date="1997-06-01"/>
  </code>
  <code code="GREL">
    <editdetail attribution="Reuters BIP Coding Group" action="confirmed" date="1997-06-01"/>
  </code>
</codes>
<dc element="dc.date.created" value="1997-06-01"/>
<dc element="dc.publisher" value="Reuters Holdings Plc"/>
<dc element="dc.date.published" value="1997-06-01"/>
<dc element="dc.source" value="Reuters"/>
<dc element="dc.creator.location" value="ANKARA"/>
<dc element="dc.creator.location.country.name" value="TURKEY"/>
<dc element="dc.source" value="Reuters"/>
</metadata>
</newsitem>
