<?xml version="1.0" encoding="iso-8859-1" ?>
<newsitem itemid="629323" id="root" date="1997-06-01" xml:lang="en">
<title>ISRAEL: Israeli shares end higher, led by bank shares.</title>
<headline>Israeli shares end higher, led by bank shares.</headline>
<dateline>TEL AVIV 1997-06-01</dateline>
<text>
<p>Israeli shares closed higher on Sunday on very high volume as traders focused on bank shares, traders said.</p>
<p>The benchmark Mishtanim index of the top 100 shares gained 1.23 percent, or 3.38 points, to 277.77 on heavy all-share turnover of 195 million shekels against 207 million shekels on Thursday, the last day of trading before the Israeli weekend.</p>
<p>The Maof 25 blue chip index closed 1.16 percent higher at 286.06.</p>
<p>&quot;The top Maof stocks led the market today, and most activity was concentrated in bank shares,&quot; said a trader at United Mizrahi Bank. &quot;The market continues to show strength. I don't think that we will see a consolidation in the near future.&quot;</p>
<p>Bank Leumi, the most active share, rose 2.0 percent to 537 agorot on turnover of 32.1 million shekels. The bank reported on Sunday first-quarter earnings per share of 44 agorot against eight agorot the same time last year. Leumi also completed a successful public offering last week.</p>
<p>Bank Hapoalim, the third most active issue, gained 2.75 percent to 789 agorot on volume of 27.4 million shekels.</p>
<p>&quot;Despite expectations for a mild correction the market continues to rise. The market looks very good and from a technical point of view it is expected to continue rising in the near term,&quot; said Arik Rotstein of Bloch Rotstein Securities and Investments. &quot;I believe that the Maof will reach 300 in two or three weeks.&quot;</p>
<p>Rotstein added that the increased trading activity also reflected the positive trend.</p>
<p>The Mizrahi trader agreed that the  market is bullish. &quot;Traders are very optimistic, but the positive trend is expected to continue on a slower pace,&quot; she said.</p>
<p>Osem Investments, lost 0.25 percent to 1,974 agorot after the company reported that earnings per share fell in the first quarter to 22 agorot from 25 agorot a year earlier.</p>
<p>Israel Corp fell 2.5 percent to 21,399 agorot. The company on Sunday reported a loss per share of 6.41 shekels against earnings per share of 7.21 shekels in the first quarter of 1996.</p>
<p>Teva Pharmaceutical Industries, the second most active share, rose 2.75 percent to 20,506 agorot on volume of 6.7 million shekels.</p>
<p>- Dan Gerstenfeld, Tel Aviv newsroom, 972-3-537-2211 x233</p>
</text>
<copyright>(c) Reuters Limited 1997</copyright>
<metadata>
<codes class="bip:countries:1.0">
  <code code="ISRAEL">
    <editdetail attribution="Reuters BIP Coding Group" action="confirmed" date="1997-06-01"/>
  </code>
</codes>
<codes class="bip:topics:1.0">
  <code code="M11">
    <editdetail attribution="Reuters BIP Coding Group" action="confirmed" date="1997-06-01"/>
  </code>
  <code code="MCAT">
    <editdetail attribution="Reuters BIP Coding Group" action="confirmed" date="1997-06-01"/>
  </code>
</codes>
<dc element="dc.date.created" value="1997-06-01"/>
<dc element="dc.publisher" value="Reuters Holdings Plc"/>
<dc element="dc.date.published" value="1997-06-01"/>
<dc element="dc.source" value="Reuters"/>
<dc element="dc.creator.location" value="TEL AVIV"/>
<dc element="dc.creator.location.country.name" value="ISRAEL"/>
<dc element="dc.source" value="Reuters"/>
</metadata>
</newsitem>
