<?xml version="1.0" encoding="iso-8859-1" ?>
<newsitem itemid="629314" id="root" date="1997-06-01" xml:lang="en">
<title>ISRAEL: Israel's net polished diamond May exports $405 mln.</title>
<headline>Israel's net polished diamond May exports $405 mln.</headline>
<dateline>TEL AVIV 1997-06-01</dateline>
<text>
<p>Net exports of polished diamonds from Israel in May rose 14.5 percent to $405 million against $354 million in May 1996, figures released by the Ministry of Industry and Trade on Sunday showed.</p>
<p>In the first five months of the year net exports of polished diamonds from Israel totalled $1.816 billion against $1.676 billion in the same period last year, a rise of eight percent.</p>
<p>Exports of polished and rough diamonds in May totalled $478 million against $405 million in May last year. In the first five months of the year total diamond exports, polished and rough, amounted $2.246 billion, up 14 percent from the same period in 1996.</p>
<p>The figures revealed that in the first five months of the year net polished exports to Belgium fell by 28 percent to $116 million and exports to Japan fell by 15 percent to $261 million compared with the same period last year.</p>
<p>The United States was Israel's main export market for polished diamonds with net exports in the first five months of the year totalling $853 million, up 21 percent from the same period last year.</p>
<p>- Tel Aviv newsroom, 972-3-537-2211</p>
</text>
<copyright>(c) Reuters Limited 1997</copyright>
<metadata>
<codes class="bip:countries:1.0">
  <code code="ISRAEL">
    <editdetail attribution="Reuters BIP Coding Group" action="confirmed" date="1997-06-01"/>
  </code>
</codes>
<codes class="bip:industries:1.0">
  <code code="I23000">
    <editdetail attribution="Reuters BIP Coding Group" action="confirmed" date="1997-06-01"/>
  </code>
  <code code="I49100">
    <editdetail attribution="Reuters BIP Coding Group" action="confirmed" date="1997-06-01"/>
  </code>
</codes>
<codes class="bip:topics:1.0">
  <code code="C31">
    <editdetail attribution="Reuters BIP Coding Group" action="confirmed" date="1997-06-01"/>
  </code>
  <code code="C312">
    <editdetail attribution="Reuters BIP Coding Group" action="confirmed" date="1997-06-01"/>
  </code>
  <code code="CCAT">
    <editdetail attribution="Reuters BIP Coding Group" action="confirmed" date="1997-06-01"/>
  </code>
</codes>
<dc element="dc.date.created" value="1997-06-01"/>
<dc element="dc.publisher" value="Reuters Holdings Plc"/>
<dc element="dc.date.published" value="1997-06-01"/>
<dc element="dc.source" value="Reuters"/>
<dc element="dc.creator.location" value="TEL AVIV"/>
<dc element="dc.creator.location.country.name" value="ISRAEL"/>
<dc element="dc.source" value="Reuters"/>
</metadata>
</newsitem>
