<?xml version="1.0" encoding="iso-8859-1" ?>
<newsitem itemid="629394" id="root" date="1997-06-01" xml:lang="en">
<title>USA: US CREDIT OUTLOOK-Eventful week ahead of payrolls.</title>
<headline>US CREDIT OUTLOOK-Eventful week ahead of payrolls.</headline>
<byline>John P. Hughes</byline>
<dateline>NEW YORK 1997-05-31</dateline>
<text>
<p>The bond market looks forward to a busy week culminating Friday with the critical May nonfarm payrolls report.</p>
<p>In the interim the market will digest another report on manufacturing strength with the National Association of Purchasing Management's May report on Monday along with personal income and construction spending. Car and light truck sales also were to start to be released on Monday.</p>
<p>Leading economic indicators for April were scheduled for Tuesday and April factory orders on Wednesday.</p>
</text>
<copyright>(c) Reuters Limited 1997</copyright>
<metadata>
<codes class="bip:countries:1.0">
  <code code="USA">
    <editdetail attribution="Reuters BIP Coding Group" action="confirmed" date="1997-06-01"/>
  </code>
</codes>
<codes class="bip:topics:1.0">
  <code code="M12">
    <editdetail attribution="Reuters BIP Coding Group" action="confirmed" date="1997-06-01"/>
  </code>
  <code code="M13">
    <editdetail attribution="Reuters BIP Coding Group" action="confirmed" date="1997-06-01"/>
  </code>
  <code code="M131">
    <editdetail attribution="Reuters BIP Coding Group" action="confirmed" date="1997-06-01"/>
  </code>
  <code code="MCAT">
    <editdetail attribution="Reuters BIP Coding Group" action="confirmed" date="1997-06-01"/>
  </code>
</codes>
<dc element="dc.date.created" value="1997-05-31"/>
<dc element="dc.publisher" value="Reuters Holdings Plc"/>
<dc element="dc.date.published" value="1997-06-01"/>
<dc element="dc.source" value="Reuters"/>
<dc element="dc.creator.location" value="NEW YORK"/>
<dc element="dc.creator.location.country.name" value="USA"/>
<dc element="dc.source" value="Reuters"/>
</metadata>
</newsitem>
