<?xml version="1.0" encoding="iso-8859-1" ?>
<newsitem itemid="629358" id="root" date="1997-06-01" xml:lang="en">
<title>BAHRAIN: PRESS DIGEST - Saudi newspapers - June 1.</title>
<headline>PRESS DIGEST - Saudi newspapers - June 1.</headline>
<dateline>MANAMA 1997-06-01</dateline>
<text>
<p>These are some of the leading stories in the Saudi Arabian press on Sunday. Reuters has not verified these stories and does not vouch for their accuracy.</p>
<p>ARAB NEWS</p>
<p>- Gulf Arab states' foreign ministers call for better ties with Iran.</p>
<p>AL-RIYADH</p>
<p>- Al-Salam Aircraft Company signs a 400 million riyal contract with a U.S. company.</p>
<p>AL-YAUM</p>
<p>- Kingdom executes a Yemeni for killing a Saudi man.</p>
<p>- Saudi Arabia's negotiations to join World Trade Organisation were successful, commerce minister says.</p>
</text>
<copyright>(c) Reuters Limited 1997</copyright>
<metadata>
<codes class="bip:countries:1.0">
  <code code="SAARAB">
    <editdetail attribution="Reuters BIP Coding Group" action="confirmed" date="1997-06-01"/>
  </code>
</codes>
<codes class="bip:topics:1.0">
  <code code="GCAT">
    <editdetail attribution="Reuters BIP Coding Group" action="confirmed" date="1997-06-01"/>
  </code>
</codes>
<dc element="dc.date.created" value="1997-06-01"/>
<dc element="dc.publisher" value="Reuters Holdings Plc"/>
<dc element="dc.date.published" value="1997-06-01"/>
<dc element="dc.source" value="Reuters"/>
<dc element="dc.creator.location" value="MANAMA"/>
<dc element="dc.creator.location.country.name" value="BAHRAIN"/>
<dc element="dc.source" value="Reuters"/>
</metadata>
</newsitem>
