<?xml version="1.0" encoding="iso-8859-1" ?>
<newsitem itemid="629384" id="root" date="1997-06-01" xml:lang="en">
<title>USA: Jury recesses in Oklahoma bombing case.</title>
<headline>Jury recesses in Oklahoma bombing case.</headline>
<byline>Ellen Wulfhorst</byline>
<dateline>DENVER 1997-06-01</dateline>
<text>
<p>The jury ended deliberations on Sunday without reaching a verdict in the trial of accused Oklahoma City bomber Timothy McVeigh, as anxiety grew among waiting survivors and relatives of those killed in the blast.</p>
<p>&quot;I didn't think the jury would have taken this long. That's scary,&quot; said Jannie Coverdale, whose grandsons Elijah and Aaron were among the 168 bombing victims. &quot;Somebody on the jury doesn't want to find him guilty.&quot;</p>
<p>The jury of seven men and five women asked to stop deliberating at midday on Sunday in order to take a break, Federal Judge Richard Matsch said.</p>
<p>&quot;I'm going to grant your request that you recess deliberations and take the rest of the day off,&quot; he said when he called the jury into the Denver federal courtroom at noon. &quot;Rest and relax as much as you can.&quot;</p>
<p>He told the sequestered jury, which began deliberations on Friday morning, to resume at 10:30 a.m. EDT (1430 GMT) on Monday.</p>
<p>The jury has spent two-and-a-half days weighing murder and conspiracy charges against McVeigh, 29, a former soldier, who is accused of blowing up the Alfred P. Murrah federal building on April 19, 1995. The explosion killed 168 people and wounded more than 500 others.</p>
<p>He faces the possibility of a death sentence or life in prison if convicted.</p>
<p>McVeigh, wearing an open-necked white shirt, looked relaxed as he sat at the defence table in the courtroom. After the jury recessed, he spent several minutes talking with his chief defence attorney Stephen Jones.</p>
<p>&quot;His mood is good and appropriate for the circumstances now,&quot; Jones said later outside the courtroom.</p>
<p>&quot;This is a man that went to war in the Persian Gulf and was in the Army, so he's used to waiting,&quot; he added.</p>
<p>Asked if he was concerned about the deliberations heading into another day, the defence attorney said: &quot;I have an opinion about that, but it's probably best if I didn't share it.&quot;</p>
<p>Defence attorneys said McVeigh reads and talks on the telephone to friends as he waits in a basement prison cell.</p>
<p>Survivors and family members wait at a church not far from the courthouse, doing crossword puzzles and watching television.</p>
<p>Sponsored by the Justice Department, groups of survivors and relatives have been attending the trial in week-long shifts, and on Sunday, many were preparing to return home to allow another 24-member group to come to Denver.</p>
<p>&quot;I wish the verdict would have come in yesterday so the people that were up here could hear it,&quot; said Charles Tomlin, whose son Rick was killed in the explosion.</p>
<p>&quot;They sure wanted to hear it,&quot; he said, adding, &quot;Then again, if it was the wrong verdict, they wouldn't want to hear that.&quot;</p>
<p>Local defence attorney David Japha, who has followed the trial closely, said he read little or nothing into the length of the deliberations.</p>
<p>&quot;They're looking at each and every element. Did each and every element get proved up beyond a reasonable doubt?&quot; he said. &quot;And if you look at that, they're not really spending an inordinate amount of time.&quot;</p>
<p>As the jury deliberated, hundreds of journalists also kept watch at the federal courthouse in Denver, where the testimony in the trial began on April 24.</p>
</text>
<copyright>(c) Reuters Limited 1997</copyright>
<metadata>
<codes class="bip:countries:1.0">
  <code code="USA">
    <editdetail attribution="Reuters BIP Coding Group" action="confirmed" date="1997-06-01"/>
  </code>
</codes>
<codes class="bip:topics:1.0">
  <code code="GCAT">
    <editdetail attribution="Reuters BIP Coding Group" action="confirmed" date="1997-06-01"/>
  </code>
  <code code="GCRIM">
    <editdetail attribution="Reuters BIP Coding Group" action="confirmed" date="1997-06-01"/>
  </code>
  <code code="GVIO">
    <editdetail attribution="Reuters BIP Coding Group" action="confirmed" date="1997-06-01"/>
  </code>
</codes>
<dc element="dc.date.created" value="1997-06-01"/>
<dc element="dc.publisher" value="Reuters Holdings Plc"/>
<dc element="dc.date.published" value="1997-06-01"/>
<dc element="dc.source" value="Reuters"/>
<dc element="dc.creator.location" value="DENVER"/>
<dc element="dc.creator.location.country.name" value="USA"/>
<dc element="dc.source" value="Reuters"/>
</metadata>
</newsitem>
