<?xml version="1.0" encoding="iso-8859-1" ?>
<newsitem itemid="629315" id="root" date="1997-06-01" xml:lang="en">
<title>TURKEY: Turkish Islamist Erbakan faces secularist setback.</title>
<headline>Turkish Islamist Erbakan faces secularist setback.</headline>
<byline>Daren Butler</byline>
<dateline>ANKARA 1997-06-01</dateline>
<text>
<p>Turkey's Islamist Prime Minister Necmettin Erbakan, who on Sunday called for new polls to solve a government crisis, is a longtime political outsider locked in an apparently losing battle with the secularist elite.</p>
<p>At a news conference on Sunday with his secularist deputy Tansu Ciller, Erbakan championed the achievements of their 11-month-old coalition but conceded that an election was the only solution.</p>
<p>&quot;We decided that for Turkey to continue its economic success, an early election would be necessary,&quot; Erbakan said.</p>
<p>&quot;We believe that we (the coalition partners) will come back stronger if we go to elections.&quot;</p>
<p>Since taking office one year ago as modern Turkey's first Islamist leader, Erbakan's unlikely coalition with conservatives has been locked in a bitter political war of attrition with secularists over his plans for Islamist reforms.</p>
<p>But the resolve shown in his chequered 28-year political journey to power, long obstructed by opposition from secularists and political rivals, suggests the veteran Welfare leader could emerge stronger from fresh polls.</p>
<p>Erbakan capitalised on disarray in the secularist political establishment to win a narrow victory in 1995 general elections. Personal rivalries across the spectrum opened the way for his coalition with pro-Western Tansu Ciller, who had been Turkey's first woman prime minister.</p>
<p>Many voters were drawn by his promise of an economic revival and a pledge to raise Turkey's international profile.</p>
<p>He repeatedly espoused a vision of global Moslem brotherhood, going against the grain of Turkey's decades-long ambitions to get closer to Europe and the United States.</p>
<p>&quot;The West learned everything it knows from the Moslems,&quot; he said in a newspaper interview before coming to office.</p>
<p>Erbakan visited Iran and Libya shortly after taking power -- in trips that angered Turkey's Western allies.</p>
<p>Statements made by Erbakan subsequently reinforced concerns about his stated hostility to NATO and the European Union.</p>
<p>&quot;The new world leader Turkey will receive the respect and treatment which it deserves,&quot; he told his party faithful.</p>
<p>But Erbakan has remained powerless to prevent a blossoming of defence links between Turkey and Israel, sought by the Turkish military, that has drawn anger from Welfare supporters as well as many in the Arab world and Iran.</p>
<p>His resilience has helped him withstand a constant stream of hostility from the secularist media, which he blames for unseating the government by targeting him with &quot;false agendas&quot;.</p>
<p>Last month a prosecutor called for the constitutional court to outlaw Erbakan's Welfare Party on grounds that it threatens Moslem-but-secular Turkey's basic principles of state.</p>
<p>&quot;It has become clear that (Welfare) has become a focus of actions contrary to the principle of secularism in the constitution and has pushed our country towards a civil war atmosphere,&quot; said charges read out by prosecutor Vural Savas.</p>
<p>The prosecutor cited a warning from Erbakan that Welfare's rise to power could be &quot;bloody&quot; and a call for Moslems to join the party's Jihad (Holy Struggle).</p>
<p>The 70-year-old Erbakan, who served as deputy prime minister in two coalition governments in the 1970s, had managed to fight off a series of censure motions in parliament.</p>
<p>His secularist coalition partner was seen as a major factor in preventing Erbakan from implementing the Islam-based theories, distilled during long years in opposition and spelled out in a manifesto called the &quot;Just Order&quot;.</p>
<p>Political and economic realities have undone manifesto vows to scrap interest rates, do away with &quot;world imperialism and Zionism as well as Israel and a handful of champagne-drinking collaborators in the holding companies that feed it&quot;.</p>
<p>His plans to build the Developing Eight, an economic cooperation group of Moslem countries, have yet to get off the ground. The domestic economy remains mired in deep public deficits and persistently high inflation.</p>
<p>Erbakan, a mechanical engineer, spent two years doing research at a West German university and factories in the Ruhr during the post-war reconstruction boom.</p>
<p>His time abroad did not distract him from his obligations as a Moslem -- he says he has prayed five times a day since the age of 13. Nor was he impressed with the ways of the West.</p>
<p>He was born in the northern town of Sinop in 1926, one of six children of a father who had served as a travelling Islamic judge in the crumbling Ottoman Empire at the beginning of the century. Erbakan is married with three children.</p>
<p>He entered politics as an independent Islamist MP for the conservative city of Konya in 1969, accusing then prime minister Suleyman Demirel, now president, of removing him as head of a respected business group because of his beliefs.</p>
</text>
<copyright>(c) Reuters Limited 1997</copyright>
<metadata>
<codes class="bip:countries:1.0">
  <code code="TURK">
    <editdetail attribution="Reuters BIP Coding Group" action="confirmed" date="1997-06-01"/>
  </code>
</codes>
<codes class="bip:topics:1.0">
  <code code="GCAT">
    <editdetail attribution="Reuters BIP Coding Group" action="confirmed" date="1997-06-01"/>
  </code>
  <code code="GPOL">
    <editdetail attribution="Reuters BIP Coding Group" action="confirmed" date="1997-06-01"/>
  </code>
  <code code="GVOTE">
    <editdetail attribution="Reuters BIP Coding Group" action="confirmed" date="1997-06-01"/>
  </code>
</codes>
<dc element="dc.date.created" value="1997-06-01"/>
<dc element="dc.publisher" value="Reuters Holdings Plc"/>
<dc element="dc.date.published" value="1997-06-01"/>
<dc element="dc.source" value="Reuters"/>
<dc element="dc.creator.location" value="ANKARA"/>
<dc element="dc.creator.location.country.name" value="TURKEY"/>
<dc element="dc.source" value="Reuters"/>
</metadata>
</newsitem>
