<?xml version="1.0" encoding="iso-8859-1" ?>
<newsitem itemid="629308" id="root" date="1997-06-01" xml:lang="en">
<title>TURKEY: Turkey's route to PM Erbakan's call for elections.</title>
<headline>Turkey's route to PM Erbakan's call for elections.</headline>
<dateline>ANKARA 1997-06-01</dateline>
<text>
<p>Here is a chronology of the main events leading to the announcement by Turkish Prime Minister Necmettin Erbakan and his secularist deputy Tansu Ciller that they would seek new polls.</p>
<p>December 24, 1995 - Erbakan's Welfare Party clinches narrow 21-percent plurality in general polls. Ciller's True Path Party a close third with 20 percent.</p>
<p>June 28, 1996 - Months of bargaining end with Erbakan and Ciller reaching coalition agreement.</p>
<p>July 8 - Islamist-led coalition wins confidence vote.</p>
<p>August 10 - Erbakan arrives in Iran on first foreign visit, calling for close ties with the neighbouring Islamic state.</p>
<p>August 12 - Turkey signs $23 billion deal to import gas through pipeline from Iran despite U.S. protests.</p>
<p>October 6 - Erbakan visits Libya. Opposition outraged by Libyan leader Muammar Gaddafi, who calls for creation of a Kurdish state.</p>
<p>October 16 - Erbakan clears censure vote over Libya visit.</p>
<p>November 3 - Car containing True Path MP, police chief and underworld boss crashes, sparking scandal over state links with criminal gangs.</p>
<p>November 8 - Interior Minister Mehmet Agar of True Path Party resigns over widening car crash scandal.</p>
<p>December 1 - Turkey confirms defence pact with Israel, despite Erbakan's pre-election promises to scrap the deal.</p>
<p>January 10, 1997 - Moslem holy month of Ramadan begins. Welfare promotes Islamist agenda during Ramadan, saying they will lift headscarf ban in public workplaces and build mosques in secularist strongholds.</p>
<p>January 31 - Welfare mayor calls for Islamic law at Islamist protest in Ankara's Sincan district attended by Iranian envoy.</p>
<p>February 1 - Beginning of nightly anti-government protests across Turkey.</p>
<p>February 4 - Tanks parade through Sincan in thinly veiled military warning to Welfare Party.</p>
<p>February 25 - Coalition clears second censure motion.</p>
<p>February 28 - The military-dominated National Security Council demands a government crackdown on religious extremism.</p>
<p>March 4 - MPs drop third censure motion against coalition.</p>
<p>April 4 - Parliament commission investigating state-gangland ties accuses two government MPs of involvement.</p>
<p>April 26 - Two conservative ministers resign in protest against government's refusal to implement anti-Islamist campaign. They begin search for new coalition formula.</p>
<p>April 26 - Army uses monthly National Security Council meeting to renew demands for curb on Islamist activism.</p>
<p>April 29 - Army declares struggle against Islamists a &quot;matter of life and death&quot; for secular republic.</p>
<p>April 30 - Members of an illicit Islamist sect are jailed for three years for anti-secularist actions.</p>
<p>May 11 - Tens of thousands of Islamists rally in Istanbul to protest against planned closing of Koranic schools.</p>
<p>May 17 - Third conservative minister quits government, saying she backs effort to end Islamist rule.</p>
<p>May 19 - MP from Welfare Party resigns and joins main opposition Motherland Party, bringing government's total of deputies -- on paper -- to 280 in 550-seat parliament.</p>
<p>May 20 - Government survives fourth censure motion.</p>
<p>May 21 - Chief prosecutor opens case to close Welfare.</p>
<p>May 22 - Erbakan says he will sue the chief prosecutor.</p>
<p>May 23-24 - Four MPs resign from True Path in two days.</p>
<p>May 30 - The government loses its absolute majority in parliament as a former minister resigns from True Path.</p>
<p>June 1 - Erbakan and Ciller call for early elections.</p>
</text>
<copyright>(c) Reuters Limited 1997</copyright>
<metadata>
<codes class="bip:countries:1.0">
  <code code="TURK">
    <editdetail attribution="Reuters BIP Coding Group" action="confirmed" date="1997-06-01"/>
  </code>
</codes>
<codes class="bip:topics:1.0">
  <code code="GCAT">
    <editdetail attribution="Reuters BIP Coding Group" action="confirmed" date="1997-06-01"/>
  </code>
  <code code="GPOL">
    <editdetail attribution="Reuters BIP Coding Group" action="confirmed" date="1997-06-01"/>
  </code>
  <code code="GVOTE">
    <editdetail attribution="Reuters BIP Coding Group" action="confirmed" date="1997-06-01"/>
  </code>
</codes>
<dc element="dc.date.created" value="1997-06-01"/>
<dc element="dc.publisher" value="Reuters Holdings Plc"/>
<dc element="dc.date.published" value="1997-06-01"/>
<dc element="dc.source" value="Reuters"/>
<dc element="dc.creator.location" value="ANKARA"/>
<dc element="dc.creator.location.country.name" value="TURKEY"/>
<dc element="dc.source" value="Reuters"/>
</metadata>
</newsitem>
