<?xml version="1.0" encoding="iso-8859-1" ?>
<newsitem itemid="629369" id="root" date="1997-06-01" xml:lang="en">
<title>EGYPT: PRESS DIGEST - Egypt - June 1.</title>
<headline>PRESS DIGEST - Egypt - June 1.</headline>
<dateline>CAIRO 1997-06-01</dateline>
<text>
<p>These are the leading stories in the Egyptian press on Sunday. Reuters has not verified these stories and does not vouch for their accuracy.</p>
<p>AL-AHRAM</p>
<p>- President Hosni Mubarak said told media people that Egypt's concern was to achieve comprehensive and just peace in the region. In conjunction with the United States and all the parties concerned, it is trying to move the peace process forward because the alternative to peace is very grave.</p>
<p>- Prime Minister Kamal Ganzouri holds a meeting with four ministers today to discuss the performance of the investment offices in the provinces.</p>
<p>AL-AKHBAR</p>
<p>- President Hosni Mubarak, at the meeting with media people, said Egypt was not negotiating on behalf of the Palestinians. Egypt is trying to push the peace process forward but in the end the decision is the Palestinians'. He said the aim of his meeting with Israeli Prime Minister Benjamin Netanyahu in Sharm el-Sheikh was to break the deadlock in the peace process.</p>
<p>- Mubarak said that presidential adviser Osama el-Baz would travel to Israel today to find out Netanyahu's opinion on the Palestinian proposals Baz conveyed to him after his meeting with Palestinian President Yasser Arafat.</p>
<p>- Mubarak said the census last year showed that the population of Egypt was 61.5 million and that the rate of growth has slowed from three percent a year to 2.1 percent, despite a decline in infant mortality.</p>
<p>- Libyan leader Muammar Gaddafi has given his government instructions to give Egyptian companies preferential treatment in foreign tenders for goods. This was announced by Industry and Mining Secretary (minister) Muftah Azzouz.</p>
<p>AL-GOMHURIA</p>
<p>- Mubarak told media people that Egypt's role was to bridge the gap between points of view to bring about comprehensive and just peace. &quot;There are more serious problems than Abu Ghneim,&quot; he said. He also said the government was encouraging small businessmen, to create jobs.</p>
<p>- Mubarak said the children of Egyptian women married to foreigners were entitled to free education and permanent residence in Egypt. They may also work in Egypt but not in government agencies and establishments.</p>
<p>- The joint Egyptian-Libyan coordination committee discussed trade, especially in iron and steel, fertilisers and chemicals.</p>
<p>$1 = 3.395 pounds</p>
<p>-- Cairo newsroom +202 578 3290/1</p>
</text>
<copyright>(c) Reuters Limited 1997</copyright>
<metadata>
<codes class="bip:countries:1.0">
  <code code="EGYPT">
    <editdetail attribution="Reuters BIP Coding Group" action="confirmed" date="1997-06-01"/>
  </code>
</codes>
<codes class="bip:topics:1.0">
  <code code="GCAT">
    <editdetail attribution="Reuters BIP Coding Group" action="confirmed" date="1997-06-01"/>
  </code>
</codes>
<dc element="dc.date.created" value="1997-06-01"/>
<dc element="dc.publisher" value="Reuters Holdings Plc"/>
<dc element="dc.date.published" value="1997-06-01"/>
<dc element="dc.source" value="Reuters"/>
<dc element="dc.creator.location" value="CAIRO"/>
<dc element="dc.creator.location.country.name" value="EGYPT"/>
<dc element="dc.source" value="Reuters"/>
</metadata>
</newsitem>
