<?xml version="1.0" encoding="iso-8859-1" ?>
<newsitem itemid="629305" id="root" date="1997-06-01" xml:lang="en">
<title>ALGERIA: Two bombs explode in Algiers, at least 50 wounded.</title>
<headline>Two bombs explode in Algiers, at least 50 wounded.</headline>
<dateline>ALGIERS 1997-06-01</dateline>
<text>
<p>Two bombs exploded in rapid succession in Algiers on Sunday, wounding about 50 people and possibly killing five, witnesses said.  </p>
<p>The bombs exploded just four days before Algeria holds general elections which the authorities hope will help end more than five years of bloodshed which they blame on Moslem fundamentalists.</p>
<p>One bomb ripped through a passenger bus in Algiers' Martyrs Square in the heart of the capital, wounding about 30 people, one witness told Reuters.</p>
<p>&quot;Maybe five more were killed,&quot; he said, adding that this was what a policeman on the spot had told him.</p>
<p>The other bomb went off in Gharmoul Street, in another part of the city centre, wounding between 15 and 20 people, another witness said.</p>
</text>
<copyright>(c) Reuters Limited 1997</copyright>
<metadata>
<codes class="bip:countries:1.0">
  <code code="ALG">
    <editdetail attribution="Reuters BIP Coding Group" action="confirmed" date="1997-06-01"/>
  </code>
</codes>
<codes class="bip:topics:1.0">
  <code code="GCAT">
    <editdetail attribution="Reuters BIP Coding Group" action="confirmed" date="1997-06-01"/>
  </code>
  <code code="GVIO">
    <editdetail attribution="Reuters BIP Coding Group" action="confirmed" date="1997-06-01"/>
  </code>
</codes>
<dc element="dc.date.created" value="1997-06-01"/>
<dc element="dc.publisher" value="Reuters Holdings Plc"/>
<dc element="dc.date.published" value="1997-06-01"/>
<dc element="dc.source" value="Reuters"/>
<dc element="dc.creator.location" value="ALGIERS"/>
<dc element="dc.creator.location.country.name" value="ALGERIA"/>
<dc element="dc.source" value="Reuters"/>
</metadata>
</newsitem>
