<?xml version="1.0" encoding="iso-8859-1" ?>
<newsitem itemid="515665" id="root" date="1997-04-17" xml:lang="en">
<title>USA: RESEARCH ALERT - Wells Fargo estimates cut.</title>
<headline>RESEARCH ALERT - Wells Fargo estimates cut.</headline>
<text>
<p>-- Gerard Klauer Mattison analyst George Salem cut the 1997 cash basis estimate on Wells Fargo to $22.25 per share from $23.00 and cut the 1998 estimate to $26.50 per share from $27.60</p>
<p>-- Analyst says buy rating is maintained &quot;especially for investors with the patience to see through some near-term earnings shortfall.&quot;</p>
<p>-- &quot;The large, complicated merger of First Interstate and Wells has apparently had major execution glitches,&quot; analyst says</p>
<p>-- Wells Fargo off 2-1/2 to 255 in mid-afternoon</p>
</text>
<copyright>(c) Reuters Limited 1997</copyright>
<metadata>
<codes class="bip:countries:1.0">
  <code code="USA">
    <editdetail attribution="Reuters BIP Coding Group" action="confirmed" date="1997-04-17"/>
  </code>
</codes>
<codes class="bip:industries:1.0">
  <code code="I81402">
    <editdetail attribution="Reuters BIP Coding Group" action="confirmed" date="1997-04-17"/>
  </code>
</codes>
<codes class="bip:topics:1.0">
  <code code="C15">
    <editdetail attribution="Reuters BIP Coding Group" action="confirmed" date="1997-04-17"/>
  </code>
  <code code="C152">
    <editdetail attribution="Reuters BIP Coding Group" action="confirmed" date="1997-04-17"/>
  </code>
  <code code="CCAT">
    <editdetail attribution="Reuters BIP Coding Group" action="confirmed" date="1997-04-17"/>
  </code>
</codes>
<dc element="dc.publisher" value="Reuters Holdings Plc"/>
<dc element="dc.date.published" value="1997-04-17"/>
<dc element="dc.source" value="Reuters"/>
<dc element="dc.creator.location.country.name" value="USA"/>
<dc element="dc.source" value="Reuters"/>
</metadata>
</newsitem>
