<?xml version="1.0" encoding="iso-8859-1" ?>
<newsitem itemid="515639" id="root" date="1997-04-17" xml:lang="en">
<title>CANADA: Crystallex says court affirms its claim.</title>
<headline>Crystallex says court affirms its claim.</headline>
<dateline>VANCOUVER 1997-04-17</dateline>
<text>
<p>Crystallex International Corp said on Thursday that Tuesday's ruling by the Supreme Court of Venezuela reaffirms Crystallex's position as to the validity of its ownership rights over part of the Las Cristinas gold property in Venezuela.</p>
<p>Crystallex said it will continue to seek &quot;full recognition&quot; of its ownership rights including through further proceedings before the Venezuelan courts.</p>
<p>On Tuesday the court ordered publication in Venezuela's Official Gazette of a notice of transfer of Las Cristinas 4 &amp; 6 concessions to Inversora Mael, C.A. (Mael).  </p>
<p>The ownership of the two blocks is claimed by both Crystallex and Placer Gold Inc, who hopes to begin building a mine there next month.</p>
<p>Trading of Crystallex's stock was halted on the Toronto Stock Exchange on Wednesday, fuelling speculation that Crystallex had positive news about its Cristinas claim.</p>
<p>&quot;The current ruling reaffirms Crystallex's position as to the validity of its ownership rights to Las Cristinas 4 and 6 despite announcements by certain Venezuelan officials and Placer Dome questioning those rights,&quot; Crystallex said in a statement.  </p>
<p>It said Las Cristinas 4 &amp; 6 concessions were transferred to Mael in 1986. The publication in the Official Gazette is the final legal formality required under Venezuelan mining law to perfect the transfer for all purposes.</p>
<p>On Wednesday Placer said the court decisions deal with the procedural issue of whether notice had been published as required by law when the concessions were transferred from Ramon Torres to Inversora Mael C.A. and not with the issue of underlying rights of tenure.</p>
<p>Crystallex said the validity of the transfer to Mael had been confirmed by rulings of the Supreme Court of Venezuela issued in 1991 and 1996. It said the rulings also declared the nullity of resolutions of the Minister of Energy and Mines denying Mael's right to publication of the transfer in the Official Gazette and provided that the legal effect of the rulings is to be taken as of 1986.</p>
<p>The Supreme Court also ordered the publication in the Official Gazette of each of the 1991, 1996 and the current ruling as well as the assignment agreement through which Mael acquired the Las Cristinas 4 &amp; 6 concessions.</p>
<p>((Reuters Toronto Bureau (416) 941-8100))</p>
</text>
<copyright>(c) Reuters Limited 1997</copyright>
<metadata>
<codes class="bip:countries:1.0">
  <code code="CANA">
    <editdetail attribution="Reuters BIP Coding Group" action="confirmed" date="1997-04-17"/>
  </code>
  <code code="VEN">
    <editdetail attribution="Reuters BIP Coding Group" action="confirmed" date="1997-04-17"/>
  </code>
</codes>
<codes class="bip:industries:1.0">
  <code code="I21000">
    <editdetail attribution="Reuters BIP Coding Group" action="confirmed" date="1997-04-17"/>
  </code>
</codes>
<codes class="bip:topics:1.0">
  <code code="C12">
    <editdetail attribution="Reuters BIP Coding Group" action="confirmed" date="1997-04-17"/>
  </code>
  <code code="C24">
    <editdetail attribution="Reuters BIP Coding Group" action="confirmed" date="1997-04-17"/>
  </code>
  <code code="CCAT">
    <editdetail attribution="Reuters BIP Coding Group" action="confirmed" date="1997-04-17"/>
  </code>
  <code code="GCAT">
    <editdetail attribution="Reuters BIP Coding Group" action="confirmed" date="1997-04-17"/>
  </code>
  <code code="GCRIM">
    <editdetail attribution="Reuters BIP Coding Group" action="confirmed" date="1997-04-17"/>
  </code>
</codes>
<dc element="dc.date.created" value="1997-04-17"/>
<dc element="dc.publisher" value="Reuters Holdings Plc"/>
<dc element="dc.date.published" value="1997-04-17"/>
<dc element="dc.source" value="Reuters"/>
<dc element="dc.creator.location" value="VANCOUVER"/>
<dc element="dc.creator.location.country.name" value="CANADA"/>
<dc element="dc.source" value="Reuters"/>
</metadata>
</newsitem>
