<?xml version="1.0" encoding="iso-8859-1" ?>
<newsitem itemid="515649" id="root" date="1997-04-17" xml:lang="en">
<title>USA: Federal Reserve report 4 (H.4.1) - April 17.</title>
<headline>Federal Reserve report 4 (H.4.1) - April 17.</headline>
<text>
<p>One week ended April 16 daily avgs-millions</p>
<p> Foreign deposits............176  up.........12</p>
<p> Gold stock...............11,052  .........unch</p>
<p> Custody holdings........653,295  up......2,682</p>
<p> Federal funds rate avg.....5.48  vs.......5.37</p>
<p>Factors on Wednesday, April 16</p>
<p> Bank borrowings.............183  vs.........71</p>
<p> Extended credit.............nil  vs.......unch</p>
<p> Matched sales............13,843  vs.....13,615</p>
<p> Including sales w/cust...13,843  vs.....13,615</p>
<p> Float.....................1,585  vs.........86</p>
</text>
<copyright>(c) Reuters Limited 1997</copyright>
<metadata>
<codes class="bip:countries:1.0">
  <code code="USA">
    <editdetail attribution="Reuters BIP Coding Group" action="confirmed" date="1997-04-17"/>
  </code>
</codes>
<codes class="bip:topics:1.0">
  <code code="E12">
    <editdetail attribution="Reuters BIP Coding Group" action="confirmed" date="1997-04-17"/>
  </code>
  <code code="E121">
    <editdetail attribution="Reuters BIP Coding Group" action="confirmed" date="1997-04-17"/>
  </code>
  <code code="E51">
    <editdetail attribution="Reuters BIP Coding Group" action="confirmed" date="1997-04-17"/>
  </code>
  <code code="E513">
    <editdetail attribution="Reuters BIP Coding Group" action="confirmed" date="1997-04-17"/>
  </code>
  <code code="ECAT">
    <editdetail attribution="Reuters BIP Coding Group" action="confirmed" date="1997-04-17"/>
  </code>
</codes>
<dc element="dc.publisher" value="Reuters Holdings Plc"/>
<dc element="dc.date.published" value="1997-04-17"/>
<dc element="dc.source" value="Reuters"/>
<dc element="dc.creator.location.country.name" value="USA"/>
<dc element="dc.source" value="Reuters"/>
</metadata>
</newsitem>
