<?xml version="1.0" encoding="iso-8859-1" ?>
<newsitem itemid="515684" id="root" date="1997-04-17" xml:lang="en">
<title>USA: RESEARCH ALERT-Brasmotor cut to neutral.</title>
<headline>RESEARCH ALERT-Brasmotor cut to neutral.</headline>
<text>
<p>-- Merrill Lynch said in a report it was downgrading its long-term rating on Brazilian home appliances manufacturer Brasmotor to neutral from buy.  </p>
<p>-- &quot;The major reason for this opinion change is the lack of long-term earnings growth and visibility,&quot; it said.</p>
<p>-- Brasmotor earnings next year are expected to drop due to increasing competition, the brokerage said.</p>
<p>-- Merrill Lynch forecasts earnings of 50.55 reais per 1,000 shares for Brasmotor in 1997 and 46.15 reais for 1998. Last year, Brasmotor had earnings of 48.13 reais per 1,000 shares, it added.  </p>
<p>-- &quot;The negative reaction of the share price already reflects, in our opinion, most of the downside relative to possible consumer restrictions to be implemented by the government,&quot; it said.</p>
<p>-- Brasmotor preferred shares were trading at 245 reais, down 0.81 percent, on the Sao Paulo bourse.</p>
<p>((-- Romina Nicaretta, Sao Paulo newsroom, 5511 248 5415))</p>
</text>
<copyright>(c) Reuters Limited 1997</copyright>
<metadata>
<codes class="bip:countries:1.0">
  <code code="BRAZ">
    <editdetail attribution="Reuters BIP Coding Group" action="confirmed" date="1997-04-17"/>
  </code>
  <code code="USA">
    <editdetail attribution="Reuters BIP Coding Group" action="confirmed" date="1997-04-17"/>
  </code>
</codes>
<codes class="bip:industries:1.0">
  <code code="I34600">
    <editdetail attribution="Reuters BIP Coding Group" action="confirmed" date="1997-04-17"/>
  </code>
</codes>
<codes class="bip:topics:1.0">
  <code code="C15">
    <editdetail attribution="Reuters BIP Coding Group" action="confirmed" date="1997-04-17"/>
  </code>
  <code code="C152">
    <editdetail attribution="Reuters BIP Coding Group" action="confirmed" date="1997-04-17"/>
  </code>
  <code code="CCAT">
    <editdetail attribution="Reuters BIP Coding Group" action="confirmed" date="1997-04-17"/>
  </code>
</codes>
<dc element="dc.publisher" value="Reuters Holdings Plc"/>
<dc element="dc.date.published" value="1997-04-17"/>
<dc element="dc.source" value="Reuters"/>
<dc element="dc.creator.location.country.name" value="USA"/>
<dc element="dc.source" value="Reuters"/>
</metadata>
</newsitem>
