<?xml version="1.0" encoding="iso-8859-1" ?>
<newsitem itemid="515670" id="root" date="1997-04-17" xml:lang="en">
<title>USA: RESEARCH ALERT - St. Jude Medical cut.</title>
<headline>RESEARCH ALERT - St. Jude Medical cut.</headline>
<text>
<p>-- Lehman Brothers said analyst Amelia McDonald downgraded St. Jude Medical Inc to outperform from buy.</p>
<p>-- In a note, she cited St. Jude's &quot;stagnant base business.&quot;</p>
<p>-- The stock was off 1-1/2 to 31-3/4.</p>
</text>
<copyright>(c) Reuters Limited 1997</copyright>
<metadata>
<codes class="bip:countries:1.0">
  <code code="USA">
    <editdetail attribution="Reuters BIP Coding Group" action="confirmed" date="1997-04-17"/>
  </code>
</codes>
<codes class="bip:industries:1.0">
  <code code="I95100">
    <editdetail attribution="Reuters BIP Coding Group" action="confirmed" date="1997-04-17"/>
  </code>
</codes>
<codes class="bip:topics:1.0">
  <code code="C15">
    <editdetail attribution="Reuters BIP Coding Group" action="confirmed" date="1997-04-17"/>
  </code>
  <code code="C152">
    <editdetail attribution="Reuters BIP Coding Group" action="confirmed" date="1997-04-17"/>
  </code>
  <code code="CCAT">
    <editdetail attribution="Reuters BIP Coding Group" action="confirmed" date="1997-04-17"/>
  </code>
</codes>
<dc element="dc.publisher" value="Reuters Holdings Plc"/>
<dc element="dc.date.published" value="1997-04-17"/>
<dc element="dc.source" value="Reuters"/>
<dc element="dc.creator.location.country.name" value="USA"/>
<dc element="dc.source" value="Reuters"/>
</metadata>
</newsitem>
