<?xml version="1.0" encoding="iso-8859-1" ?>
<newsitem itemid="515658" id="root" date="1997-04-17" xml:lang="en">
<title>USA: RESEARCH ALERT - Safety-Kleen rating cut.</title>
<headline>RESEARCH ALERT - Safety-Kleen rating cut.</headline>
<text>
<p>-- Barrington Research Associates Inc said Thursday it reduced its rating on Safety-Kleen Corp to 3-hold from 2-buy as it waits for evidence the company is on track for more favorable earnings comparisons.</p>
<p>-- Safety-Kleen reported first-quarter earnings of $11.8 million, or $0.20 a share, in line with analysts' reduced expectations, Barrington said. The company's oil recovery operations continue to be affected by weak lube oil prices after two large lubricating oil processing plants began operations in late 1996, Barrington said.</p>
<p>-- Barrington also reduced its 1997 earnings estimate to $1.01 a share from $1.10 and the 1998 figure to $1.20 from $1.28 to reflect the weakness in the oil recovery business.</p>
<p>-- Safety-Kleen shares were up 1/8 Thursday at 15.</p>
<p>((Chicago newsdesk (312) 408-8787))</p>
</text>
<copyright>(c) Reuters Limited 1997</copyright>
<metadata>
<codes class="bip:countries:1.0">
  <code code="USA">
    <editdetail attribution="Reuters BIP Coding Group" action="confirmed" date="1997-04-17"/>
  </code>
</codes>
<codes class="bip:industries:1.0">
  <code code="I92300">
    <editdetail attribution="Reuters BIP Coding Group" action="confirmed" date="1997-04-17"/>
  </code>
</codes>
<codes class="bip:topics:1.0">
  <code code="C15">
    <editdetail attribution="Reuters BIP Coding Group" action="confirmed" date="1997-04-17"/>
  </code>
  <code code="C152">
    <editdetail attribution="Reuters BIP Coding Group" action="confirmed" date="1997-04-17"/>
  </code>
  <code code="CCAT">
    <editdetail attribution="Reuters BIP Coding Group" action="confirmed" date="1997-04-17"/>
  </code>
</codes>
<dc element="dc.publisher" value="Reuters Holdings Plc"/>
<dc element="dc.date.published" value="1997-04-17"/>
<dc element="dc.source" value="Reuters"/>
<dc element="dc.creator.location.country.name" value="USA"/>
<dc element="dc.source" value="Reuters"/>
</metadata>
</newsitem>
