<?xml version="1.0" encoding="iso-8859-1" ?>
<newsitem itemid="515693" id="root" date="1997-04-17" xml:lang="en">
<title>USA: Apple reports $708 million second-quarter loss.</title>
<headline>Apple reports $708 million second-quarter loss.</headline>
<byline>Kourosh Karimkhany</byline>
<dateline>PALO ALTO, Calif. 1997-04-16</dateline>
<text>
<p>Apple Computer Inc. reported a $708 million second-quarter loss Wednesday, reflecting a charge for the layoff of a third of its employees and weaker sales of its personal computers,</p>
<p>Apple said, however, that strong sales of new, speedy PCs and laptops and lower expenses would help the company meet its goal of reporting a profit by its fiscal fourth quarter, ending in September.</p>
<p>The Cupertino, Calif.-based computer company's net loss, equivalent to $5.64 a share, for the fiscal quarter ended March 28 compared with a net loss of $740 million, or $5.99 a share, in the year-ago quarter.</p>
<p>Apple's loss from operations of $186 million, or $1.48 a share, was worse than the consensus industry analyst forecast of $1.22 a share, according to First Call, which tracks analyst forecasts.</p>
<p>The $708 million net loss included a $155 million charge to cover the cost of layoffs and a $375 million charge for the acquisition of software developer Next Software Inc.</p>
<p>Apple said, however, that it expects to see higher revenue and a reduced operating loss in the third quarter as its restructuring program takes hold. In March, the company said it would lay off 4,100 employees and reorganize operations to cut costs.</p>
<p>&quot;Don't open champagne bottles yet, but the process seems to be working,&quot; said Lou Mazzucchelli, analyst at investment bank Gerard Klauer Mattison in New York.</p>
<p>During the quarter, Apple introduced a jazzy laptop and a speedy desktop machine for small businesses, schools and homes. Sales of the new machines have been strong, the company said.</p>
<p>&quot;We feel the worst is behind us and our strategy is on track,&quot; Apple Chairman Gilbert Amelio said in a telephone conference call with analysts. He said sales will probably increase in the third quarter over the second and that the company probably will meet its goal of being profitable again by the fourth quarter.</p>
<p>Still, even with better financial health, Apple faces serious problems, analysts said.</p>
<p>The number of Apple computers shipped worldwide in the second quarter plunged 33 percent to 602,000 units, compared with 892,000 units in the same quarter a year ago. The drop was bigger than most analysts expected.</p>
<p>Sales in Japan and Europe also were weak, Apple executives said in the conference call.</p>
<p>&quot;I want to see a couple of positive quarters before I say they're beginning to turn the corner,&quot; said Michael Kwatinetz, analyst at the DMG Technology Group investment bank in New York.</p>
<p>To keep costs in line with declining sales, Apple in the past year has laid off more than 5,000 employees. The company also has seen its entire management suite change in 15 months.</p>
<p>The uncertainty about the company's future still is keeping customers away from the Mac aisle at stores, analysts said.</p>
<p>Dataquest, which tracks PC sales worldwide, says Apple's share of the worldwide market fell to 5.2 percent last year from 7.9 percent. The slide left Apple's market share at the lowest point in three years.</p>
</text>
<copyright>(c) Reuters Limited 1997</copyright>
<metadata>
<codes class="bip:countries:1.0">
  <code code="USA">
    <editdetail attribution="Reuters BIP Coding Group" action="confirmed" date="1997-04-17"/>
  </code>
</codes>
<codes class="bip:industries:1.0">
  <code code="I33020">
    <editdetail attribution="Reuters BIP Coding Group" action="confirmed" date="1997-04-17"/>
  </code>
  <code code="I3302003">
    <editdetail attribution="Reuters BIP Coding Group" action="confirmed" date="1997-04-17"/>
  </code>
</codes>
<codes class="bip:topics:1.0">
  <code code="C15">
    <editdetail attribution="Reuters BIP Coding Group" action="confirmed" date="1997-04-17"/>
  </code>
  <code code="C151">
    <editdetail attribution="Reuters BIP Coding Group" action="confirmed" date="1997-04-17"/>
  </code>
  <code code="C152">
    <editdetail attribution="Reuters BIP Coding Group" action="confirmed" date="1997-04-17"/>
  </code>
  <code code="CCAT">
    <editdetail attribution="Reuters BIP Coding Group" action="confirmed" date="1997-04-17"/>
  </code>
</codes>
<dc element="dc.date.created" value="1997-04-16"/>
<dc element="dc.publisher" value="Reuters Holdings Plc"/>
<dc element="dc.date.published" value="1997-04-17"/>
<dc element="dc.source" value="Reuters"/>
<dc element="dc.creator.location" value="PALO ALTO, Calif."/>
<dc element="dc.creator.location.country.name" value="USA"/>
<dc element="dc.source" value="Reuters"/>
</metadata>
</newsitem>
