<?xml version="1.0" encoding="iso-8859-1" ?>
<newsitem itemid="515673" id="root" date="1997-04-17" xml:lang="en">
<title>USA: ProSource Q1 oper shr runs profit.</title>
<headline>ProSource Q1 oper shr runs profit.</headline>
<dateline>CORAL GABLES 1997-04-17</dateline>
<text>
<p>ProSource, Inc.</p>
<p>		  Condensed Statements of Operations</p>
<p>	  (in millions, except share and per share data)</p>
<p>Three Months Ended</p>
<p>Mar. 29,     Mar. 30,</p>
<p>1997	  1996</p>
<p>Net sales					 $ 1,017.1    $   968.7</p>
<p>Cost of goods sold				  937.9	  895.5</p>
<p>  Gross profit					 79.2	   73.2</p>
<p>Operating expenses				   77.1	   73.5</p>
<p>Loss on impairment of long-lived assets	  --	   15.7</p>
<p>Restructuring charges				  --	   10.9</p>
<p>  Earnings (loss) from operations		2.1	  (26.9)</p>
<p>Interest expense, net			     (1.6)	  (3.6)</p>
<p>Earnings (loss) before income taxes</p>
<p>     and extraordinary item			 .5	  (30.5)</p>
<p>Income tax (provision) benefit		    (.2)	  11.3</p>
<p>  Loss before extraordinary item		.3	  (19.2)/a</p>
<p>Extraordinary item, net of tax		   (6.3)	    --</p>
<p>  Net loss				     $    (6.0)   $   (19.2)</p>
<p>Per share data:  </p>
<p>Net earnings (loss) before</p>
<p>	extraordinary item		 $     .03    $   (3.64)/a</p>
<p>  Extraordinary item				 (.67)	    --</p>
<p>  Net loss per share			 $    (.64)   $   (3.64)</p>
<p>Weighted average shares</p>
<p>	outstanding (000's)			 9,347	  5,280</p>
<p>NOTE: (/a) The 1996 loss before special and unusual charges relating to impairment losses and restructuring charges was $2.5 million or $0.48 per share.  </p>
<p>Earnings before extraordinary items totaled $0.3 million or $.03 per share versus a loss of $19.2 million or $3.64 per share in the same period last year. The net loss for the year-earlier period reflected restructuring charges of $10.9 million and impairment losses of $15.7 million, or a total of $16.7 million or $3.16 per share on an after-tax basis. The 1996 first quarter net loss before these special and unusual charges totaled $2.5 million or $0.48 per share.</p>
<p>In connection with the early extinguishment of a previous credit facility, the company incurred an after-tax extraordinary charge of $6.3 million or $0.67 per share reflecting prepayment penalties, the write-off of deferred financing costs, and the cancellation of interest rate protection agreements. The company's net loss for the first quarter of 1997 after this extraordinary charge was $6.0 million or $.64 per share.</p>
</text>
<copyright>(c) Reuters Limited 1997</copyright>
<metadata>
<codes class="bip:countries:1.0">
  <code code="USA">
    <editdetail attribution="Reuters BIP Coding Group" action="confirmed" date="1997-04-17"/>
  </code>
</codes>
<codes class="bip:industries:1.0">
  <code code="I61000">
    <editdetail attribution="Reuters BIP Coding Group" action="confirmed" date="1997-04-17"/>
  </code>
</codes>
<codes class="bip:topics:1.0">
  <code code="C15">
    <editdetail attribution="Reuters BIP Coding Group" action="confirmed" date="1997-04-17"/>
  </code>
  <code code="C151">
    <editdetail attribution="Reuters BIP Coding Group" action="confirmed" date="1997-04-17"/>
  </code>
  <code code="CCAT">
    <editdetail attribution="Reuters BIP Coding Group" action="confirmed" date="1997-04-17"/>
  </code>
</codes>
<dc element="dc.date.created" value="1997-04-17"/>
<dc element="dc.publisher" value="Reuters Holdings Plc"/>
<dc element="dc.date.published" value="1997-04-17"/>
<dc element="dc.source" value="Reuters"/>
<dc element="dc.creator.location" value="CORAL GABLES"/>
<dc element="dc.creator.location.country.name" value="USA"/>
<dc element="dc.source" value="Reuters"/>
</metadata>
</newsitem>
