<?xml version="1.0" encoding="iso-8859-1" ?>
<newsitem itemid="515718" id="root" date="1997-04-17" xml:lang="en">
<title>USA: Scott's Liquid Gold-Inc Q1 turns to profit.</title>
<headline>Scott's Liquid Gold-Inc Q1 turns to profit.</headline>
<dateline>DENVER 1997-04-17</dateline>
<text>
<p>Three Months Ended</p>
<p>							   March 31,</p>
<p>							1997	    1996</p>
<p> Revenues				  $14,434,400    $12,822,400</p>
<p> Income (loss) from operations	 1,281,700	(541,600)</p>
<p> Provision for income taxes		500,300		 --</p>
<p> Net (loss) income			   816,400	(639,200)</p>
<p> Net (loss) income per common share	 0.08	   (0.06)</p>
<p>Weighted average number of common</p>
<p>   shares outstanding		   10,084,500     10,030,900</p>
</text>
<copyright>(c) Reuters Limited 1997</copyright>
<metadata>
<codes class="bip:countries:1.0">
  <code code="USA">
    <editdetail attribution="Reuters BIP Coding Group" action="confirmed" date="1997-04-17"/>
  </code>
</codes>
<codes class="bip:topics:1.0">
  <code code="C15">
    <editdetail attribution="Reuters BIP Coding Group" action="confirmed" date="1997-04-17"/>
  </code>
  <code code="C151">
    <editdetail attribution="Reuters BIP Coding Group" action="confirmed" date="1997-04-17"/>
  </code>
  <code code="CCAT">
    <editdetail attribution="Reuters BIP Coding Group" action="confirmed" date="1997-04-17"/>
  </code>
</codes>
<dc element="dc.date.created" value="1997-04-17"/>
<dc element="dc.publisher" value="Reuters Holdings Plc"/>
<dc element="dc.date.published" value="1997-04-17"/>
<dc element="dc.source" value="Reuters"/>
<dc element="dc.creator.location" value="DENVER"/>
<dc element="dc.creator.location.country.name" value="USA"/>
<dc element="dc.source" value="Reuters"/>
</metadata>
</newsitem>
