<?xml version="1.0" encoding="iso-8859-1" ?>
<newsitem itemid="515744" id="root" date="1997-04-17" xml:lang="en">
<title>USA: Great Financial Corp Q1 net rises.</title>
<headline>Great Financial Corp Q1 net rises.</headline>
<dateline>LOUISVILLE, Ky. 1997-04-17</dateline>
<text>
<p>(in thousands except per share data)</p>
<p>						     Three Months Ended</p>
<p>							   March 31,</p>
<p>						  1997		   1996</p>
<p> Interest income			$ 52,495	     $ 45,346</p>
<p> Interest expense			 32,095		 27,468</p>
<p>   Net interest income		  20,400		 17,878</p>
<p> Provision for loan losses		 723		    620</p>
<p>Net interest income after</p>
<p>  provision for loan losses	   19,677		 17,258</p>
<p>Non-interest income:</p>
<p>  Servicing fee income		   6,352		  7,016</p>
<p>Amortization of mortgage</p>
<p>   servicing rights		    (2,042)		(1,841)</p>
<p>Service charges on deposit</p>
<p>   accounts				    708		    458</p>
<p>  Gain on sale of mortgage loans     1,362		  1,513</p>
<p>Gain on sale of retail banking</p>
<p>   office					772		     --</p>
<p>  Gain on sale of securities	     528		    656</p>
<p>  Other					1,505		    955</p>
<p>   Net non-interest income	     9,185		  8,757</p>
<p>Non-interest expense:</p>
<p>  Compensation and benefits	    8,900		  7,782</p>
<p>  Office occupancy			 2,245		  2,076</p>
<p>Office supplies, postage and</p>
<p>   telephone				 1,502		  1,264</p>
<p>  Advertising and marketing		805		    952</p>
<p>Federal deposit insurance</p>
<p>   premiums				    266		    826</p>
<p>  State tax on deposits		    435		    374</p>
<p>  Lock box and other bank services     200		    113</p>
<p>  Servicing settlement costs	     148		    245</p>
<p>  Other					3,006		  2,474</p>
<p>   Total non-interest expense	 17,507		 16,106</p>
<p> Income before income taxes	   11,355		  9,909</p>
<p> Income tax expense			3,902		  3,478</p>
<p> Net income				  7,453		  6,431</p>
<p> Earnings per share			 0.53		   0.44</p>
<p>-- New York Newsdesk 212 859-1610</p>
</text>
<copyright>(c) Reuters Limited 1997</copyright>
<metadata>
<codes class="bip:countries:1.0">
  <code code="USA">
    <editdetail attribution="Reuters BIP Coding Group" action="confirmed" date="1997-04-17"/>
  </code>
</codes>
<codes class="bip:industries:1.0">
  <code code="I81501">
    <editdetail attribution="Reuters BIP Coding Group" action="confirmed" date="1997-04-17"/>
  </code>
  <code code="I8150103">
    <editdetail attribution="Reuters BIP Coding Group" action="confirmed" date="1997-04-17"/>
  </code>
</codes>
<codes class="bip:topics:1.0">
  <code code="C15">
    <editdetail attribution="Reuters BIP Coding Group" action="confirmed" date="1997-04-17"/>
  </code>
  <code code="C151">
    <editdetail attribution="Reuters BIP Coding Group" action="confirmed" date="1997-04-17"/>
  </code>
  <code code="CCAT">
    <editdetail attribution="Reuters BIP Coding Group" action="confirmed" date="1997-04-17"/>
  </code>
</codes>
<dc element="dc.date.created" value="1997-04-17"/>
<dc element="dc.publisher" value="Reuters Holdings Plc"/>
<dc element="dc.date.published" value="1997-04-17"/>
<dc element="dc.source" value="Reuters"/>
<dc element="dc.creator.location" value="LOUISVILLE, Ky."/>
<dc element="dc.creator.location.country.name" value="USA"/>
<dc element="dc.source" value="Reuters"/>
</metadata>
</newsitem>
