<?xml version="1.0" encoding="iso-8859-1" ?>
<newsitem itemid="515793" id="root" date="1997-04-17" xml:lang="en">
<title>USA: Netsmart Q4 Dec 31 full results.</title>
<headline>Netsmart Q4 Dec 31 full results.</headline>
<dateline>ISLIP, N.Y. 1997-04-17</dateline>
<text>
<p>Operating Results for the Years Ended December 31,</p>
<p>					    1996		    1995</p>
<p> Revenue			   $8,541,000	    $7,382,000</p>
<p> Net (Loss)		 (A) (6,579,000)	   (2,850,000)</p>
<p> Net (Loss) Per Share		(1.28)		   (.59)</p>
<p>Note: (A)  Includes non-cash compensation of $5,184,000 resulting from the issuance of securities.</p>
<p>Note: Full company name is Netsmart Technologies Inc.</p>
<p>((-- New York Newsdesk 212 859-1610))</p>
</text>
<copyright>(c) Reuters Limited 1997</copyright>
<metadata>
<codes class="bip:countries:1.0">
  <code code="USA">
    <editdetail attribution="Reuters BIP Coding Group" action="confirmed" date="1997-04-17"/>
  </code>
</codes>
<codes class="bip:industries:1.0">
  <code code="I83940">
    <editdetail attribution="Reuters BIP Coding Group" action="confirmed" date="1997-04-17"/>
  </code>
</codes>
<codes class="bip:topics:1.0">
  <code code="C15">
    <editdetail attribution="Reuters BIP Coding Group" action="confirmed" date="1997-04-17"/>
  </code>
  <code code="C151">
    <editdetail attribution="Reuters BIP Coding Group" action="confirmed" date="1997-04-17"/>
  </code>
  <code code="C1511">
    <editdetail attribution="Reuters BIP Coding Group" action="confirmed" date="1997-04-17"/>
  </code>
  <code code="CCAT">
    <editdetail attribution="Reuters BIP Coding Group" action="confirmed" date="1997-04-17"/>
  </code>
</codes>
<dc element="dc.date.created" value="1997-04-17"/>
<dc element="dc.publisher" value="Reuters Holdings Plc"/>
<dc element="dc.date.published" value="1997-04-17"/>
<dc element="dc.source" value="Reuters"/>
<dc element="dc.creator.location" value="ISLIP, N.Y."/>
<dc element="dc.creator.location.country.name" value="USA"/>
<dc element="dc.source" value="Reuters"/>
</metadata>
</newsitem>
