<?xml version="1.0" encoding="iso-8859-1" ?>
<newsitem itemid="515760" id="root" date="1997-04-17" xml:lang="en">
<title>USA: CONMED Corp Q1 net drops, sales rise.</title>
<headline>CONMED Corp Q1 net drops, sales rise.</headline>
<dateline>UTICA, N.Y. 1997-04-17</dateline>
<text>
<p>(In thousands, except per share date)</p>
<p>						  Three Months Ended</p>
<p>				     Mar 31, 1997	  Mar 29, 1996</p>
<p>					(unaudited)	   (unaudited)</p>
<p> Net Sales				$31,472		 $29,200</p>
<p>   Facility consolidation expense   2,328			--</p>
<p>   Net income			     2,460		   3,272</p>
<p>Weighted average common shares</p>
<p>   and equivalents		     15,205		  12,570</p>
<p>Earnings per share and</p>
<p>   common equivalents		     .16		     .26</p>
<p>((-- New York Newsdesk 212 859-1610))</p>
</text>
<copyright>(c) Reuters Limited 1997</copyright>
<metadata>
<codes class="bip:countries:1.0">
  <code code="USA">
    <editdetail attribution="Reuters BIP Coding Group" action="confirmed" date="1997-04-17"/>
  </code>
</codes>
<codes class="bip:industries:1.0">
  <code code="I37200">
    <editdetail attribution="Reuters BIP Coding Group" action="confirmed" date="1997-04-17"/>
  </code>
</codes>
<codes class="bip:topics:1.0">
  <code code="C15">
    <editdetail attribution="Reuters BIP Coding Group" action="confirmed" date="1997-04-17"/>
  </code>
  <code code="C151">
    <editdetail attribution="Reuters BIP Coding Group" action="confirmed" date="1997-04-17"/>
  </code>
  <code code="CCAT">
    <editdetail attribution="Reuters BIP Coding Group" action="confirmed" date="1997-04-17"/>
  </code>
</codes>
<dc element="dc.date.created" value="1997-04-17"/>
<dc element="dc.publisher" value="Reuters Holdings Plc"/>
<dc element="dc.date.published" value="1997-04-17"/>
<dc element="dc.source" value="Reuters"/>
<dc element="dc.creator.location" value="UTICA, N.Y."/>
<dc element="dc.creator.location.country.name" value="USA"/>
<dc element="dc.source" value="Reuters"/>
</metadata>
</newsitem>
