<?xml version="1.0" encoding="iso-8859-1" ?>
<newsitem itemid="515722" id="root" date="1997-04-17" xml:lang="en">
<title>USA: SFX to sell radio stations for $60 mln.</title>
<headline>SFX to sell radio stations for $60 mln.</headline>
<dateline>NEW YORK 1997-04-17</dateline>
<text>
<p>SFX Broadcasting Inc said on Thursday it had agreed to sell its Jackson and Biloxi, Miss., stations to Capstar Broadcasting Partners for $60 million in cash.</p>
<p>In a second transaction, SFX also said it would swap a Daytona Beach station and two Wichita FM stations in an even exchange for stations WESC-FM, WESC-AM and WFNQ-FM in Greenville, S.C.</p>
<p>&quot;These two transactions are certainly in keeping with our overall strategy of concentrating our resources in larger markets, and whenever possible redeploying our assets where we already operate station clusters&quot;, said SFX chairman Robert Sillerman.</p>
<p>Once the transactions are completed, SFX will own and operate or provide services to 72 stations in 20 markets, the company said.</p>
</text>
<copyright>(c) Reuters Limited 1997</copyright>
<metadata>
<codes class="bip:countries:1.0">
  <code code="USA">
    <editdetail attribution="Reuters BIP Coding Group" action="confirmed" date="1997-04-17"/>
  </code>
</codes>
<codes class="bip:industries:1.0">
  <code code="I9741105">
    <editdetail attribution="Reuters BIP Coding Group" action="confirmed" date="1997-04-17"/>
  </code>
</codes>
<codes class="bip:topics:1.0">
  <code code="C18">
    <editdetail attribution="Reuters BIP Coding Group" action="confirmed" date="1997-04-17"/>
  </code>
  <code code="C182">
    <editdetail attribution="Reuters BIP Coding Group" action="confirmed" date="1997-04-17"/>
  </code>
  <code code="CCAT">
    <editdetail attribution="Reuters BIP Coding Group" action="confirmed" date="1997-04-17"/>
  </code>
</codes>
<dc element="dc.date.created" value="1997-04-17"/>
<dc element="dc.publisher" value="Reuters Holdings Plc"/>
<dc element="dc.date.published" value="1997-04-17"/>
<dc element="dc.source" value="Reuters"/>
<dc element="dc.creator.location" value="NEW YORK"/>
<dc element="dc.creator.location.country.name" value="USA"/>
<dc element="dc.source" value="Reuters"/>
</metadata>
</newsitem>
