<?xml version="1.0" encoding="iso-8859-1" ?>
<newsitem itemid="515725" id="root" date="1997-04-17" xml:lang="en">
<title>USA: FNB Corp Q1 shr rises to $0.57.</title>
<headline>FNB Corp Q1 shr rises to $0.57.</headline>
<dateline>ASHEBORO, N.C. 1997-04-17</dateline>
<text>
<p>1997			1996</p>
<p> Shr			  $0.57		    $0.53</p>
<p> Net			  1,033			945</p>
<p>(All data above 000s except per share numbers)</p>
<p>NOTE: Total assets at March 31: $310.1 million vs $288.2 million.</p>
<p>Net loans at March 31: $201.2 million vs $184.2 million.</p>
<p>Deposits at March 31: $273.0 million vs $251.1 million.</p>
</text>
<copyright>(c) Reuters Limited 1997</copyright>
<metadata>
<codes class="bip:countries:1.0">
  <code code="USA">
    <editdetail attribution="Reuters BIP Coding Group" action="confirmed" date="1997-04-17"/>
  </code>
</codes>
<codes class="bip:industries:1.0">
  <code code="I81402">
    <editdetail attribution="Reuters BIP Coding Group" action="confirmed" date="1997-04-17"/>
  </code>
</codes>
<codes class="bip:topics:1.0">
  <code code="C15">
    <editdetail attribution="Reuters BIP Coding Group" action="confirmed" date="1997-04-17"/>
  </code>
  <code code="C151">
    <editdetail attribution="Reuters BIP Coding Group" action="confirmed" date="1997-04-17"/>
  </code>
  <code code="CCAT">
    <editdetail attribution="Reuters BIP Coding Group" action="confirmed" date="1997-04-17"/>
  </code>
</codes>
<dc element="dc.date.created" value="1997-04-17"/>
<dc element="dc.publisher" value="Reuters Holdings Plc"/>
<dc element="dc.date.published" value="1997-04-17"/>
<dc element="dc.source" value="Reuters"/>
<dc element="dc.creator.location" value="ASHEBORO, N.C."/>
<dc element="dc.creator.location.country.name" value="USA"/>
<dc element="dc.source" value="Reuters"/>
</metadata>
</newsitem>
