<?xml version="1.0" encoding="iso-8859-1" ?>
<newsitem itemid="515737" id="root" date="1997-04-17" xml:lang="en">
<title>USA: Tellabs gets contract for Belgium GSM.</title>
<headline>Tellabs gets contract for Belgium GSM.</headline>
<dateline>LISLE, Ill. 1997-04-17</dateline>
<text>
<p>Tellabs Inc said Thursday it won a contract to supply its MartisDXX managed access and transport network to Mobistar for its GSM (global system for mobile communications) system in Belgium.</p>
<p>Terms of the deal were not disclosed.</p>
<p>Mobistar, a collaboration between Telinfo NV and France Telecom Mobiles International, launched its GSM network in the third quarter of 1996.</p>
<p>The Martis system is being deployed to increase network capacity and enable network testing and line-quality monitoring, Mobistar said. It said it intends to deploy addition MartisDXX nodes in the future.</p>
<p>((--Chicago newsdesk, 312-408-8787))</p>
</text>
<copyright>(c) Reuters Limited 1997</copyright>
<metadata>
<codes class="bip:countries:1.0">
  <code code="BELG">
    <editdetail attribution="Reuters BIP Coding Group" action="confirmed" date="1997-04-17"/>
  </code>
  <code code="USA">
    <editdetail attribution="Reuters BIP Coding Group" action="confirmed" date="1997-04-17"/>
  </code>
</codes>
<codes class="bip:industries:1.0">
  <code code="I34400">
    <editdetail attribution="Reuters BIP Coding Group" action="confirmed" date="1997-04-17"/>
  </code>
  <code code="I79020">
    <editdetail attribution="Reuters BIP Coding Group" action="confirmed" date="1997-04-17"/>
  </code>
</codes>
<codes class="bip:topics:1.0">
  <code code="C33">
    <editdetail attribution="Reuters BIP Coding Group" action="confirmed" date="1997-04-17"/>
  </code>
  <code code="CCAT">
    <editdetail attribution="Reuters BIP Coding Group" action="confirmed" date="1997-04-17"/>
  </code>
</codes>
<dc element="dc.date.created" value="1997-04-17"/>
<dc element="dc.publisher" value="Reuters Holdings Plc"/>
<dc element="dc.date.published" value="1997-04-17"/>
<dc element="dc.source" value="Reuters"/>
<dc element="dc.creator.location" value="LISLE, Ill."/>
<dc element="dc.creator.location.country.name" value="USA"/>
<dc element="dc.source" value="Reuters"/>
</metadata>
</newsitem>
