<?xml version="1.0" encoding="iso-8859-1" ?>
<newsitem itemid="515703" id="root" date="1997-04-17" xml:lang="en">
<title>USA: Circus's Luxor opens addition to hotel.</title>
<headline>Circus's Luxor opens addition to hotel.</headline>
<dateline>LAS VEGAS 1997-04-17</dateline>
<text>
<p>Circus Circus Enterprise Inc's Luxor hotel and casino on Thursday officially opened the first phase of its $300 million expansion to add rooms and new amenities to the pyramid-shaped resort.</p>
<p>The expansion includes 1,900 new rooms, including 237 suites, bringing the total room count to 4,427 and making the hotel the second largest in the United States, Luxor said in a statement.</p>
<p>The current hotels' interior was re-designed to include a replica of an Egyptian temple and relocated registration desk. A 20,000 square foot convention hall was also added.</p>
<p>Construction began in January 1996. Phase II of the expansion is scheduled for completion in the fall with the addition of two new restaurants and an 18-store retail plaza.</p>
<p>Finally, the Luxor also plans to add an Egyptian-themed, state-of-the-art movie theater.</p>
</text>
<copyright>(c) Reuters Limited 1997</copyright>
<metadata>
<codes class="bip:countries:1.0">
  <code code="USA">
    <editdetail attribution="Reuters BIP Coding Group" action="confirmed" date="1997-04-17"/>
  </code>
</codes>
<codes class="bip:industries:1.0">
  <code code="I97912">
    <editdetail attribution="Reuters BIP Coding Group" action="confirmed" date="1997-04-17"/>
  </code>
</codes>
<codes class="bip:topics:1.0">
  <code code="C24">
    <editdetail attribution="Reuters BIP Coding Group" action="confirmed" date="1997-04-17"/>
  </code>
  <code code="CCAT">
    <editdetail attribution="Reuters BIP Coding Group" action="confirmed" date="1997-04-17"/>
  </code>
</codes>
<dc element="dc.date.created" value="1997-04-17"/>
<dc element="dc.publisher" value="Reuters Holdings Plc"/>
<dc element="dc.date.published" value="1997-04-17"/>
<dc element="dc.source" value="Reuters"/>
<dc element="dc.creator.location" value="LAS VEGAS"/>
<dc element="dc.creator.location.country.name" value="USA"/>
<dc element="dc.source" value="Reuters"/>
</metadata>
</newsitem>
