<?xml version="1.0" encoding="iso-8859-1" ?>
<newsitem itemid="515791" id="root" date="1997-04-17" xml:lang="en">
<title>USA: Lillian Vernon Corp Q4 net rises.</title>
<headline>Lillian Vernon Corp Q4 net rises.</headline>
<dateline>NEW ROCHELLE, N.Y. 1997-04-17</dateline>
<text>
<p>1997			1996</p>
<p> Shr			  $0.25		    $0.06</p>
<p> Net			  2,403			626</p>
<p> Revs			80,428		   74,207</p>
<p> Avg shrs		   9,620		    9,689</p>
<p>(All data above 000s except per share numbers)</p>
<p>NOTE: Period ended Feb. 22 vs Feb. 24  </p>
<p>		 YEAR</p>
<p> Shr			  $0.55		    $0.59</p>
<p> Net			  5,354		    5,729</p>
<p> Revs		     240,053		  238,192</p>
<p> Avg shrs		   9,658		    9,713</p>
<p>(All data above 000s except per share numbers)</p>
<p>NOTE: Period ended Feb. 22 vs Feb. 24</p>
<p>1996 year includes a charge of $921,000 from costs for terminated merger with Freeman Spogli &amp; Co Inc.</p>
</text>
<copyright>(c) Reuters Limited 1997</copyright>
<metadata>
<codes class="bip:countries:1.0">
  <code code="USA">
    <editdetail attribution="Reuters BIP Coding Group" action="confirmed" date="1997-04-17"/>
  </code>
</codes>
<codes class="bip:industries:1.0">
  <code code="I65400">
    <editdetail attribution="Reuters BIP Coding Group" action="confirmed" date="1997-04-17"/>
  </code>
</codes>
<codes class="bip:topics:1.0">
  <code code="C15">
    <editdetail attribution="Reuters BIP Coding Group" action="confirmed" date="1997-04-17"/>
  </code>
  <code code="C151">
    <editdetail attribution="Reuters BIP Coding Group" action="confirmed" date="1997-04-17"/>
  </code>
  <code code="C1511">
    <editdetail attribution="Reuters BIP Coding Group" action="confirmed" date="1997-04-17"/>
  </code>
  <code code="CCAT">
    <editdetail attribution="Reuters BIP Coding Group" action="confirmed" date="1997-04-17"/>
  </code>
</codes>
<dc element="dc.date.created" value="1997-04-17"/>
<dc element="dc.publisher" value="Reuters Holdings Plc"/>
<dc element="dc.date.published" value="1997-04-17"/>
<dc element="dc.source" value="Reuters"/>
<dc element="dc.creator.location" value="NEW ROCHELLE, N.Y."/>
<dc element="dc.creator.location.country.name" value="USA"/>
<dc element="dc.source" value="Reuters"/>
</metadata>
</newsitem>
