<?xml version="1.0" encoding="iso-8859-1" ?>
<newsitem itemid="515704" id="root" date="1997-04-17" xml:lang="en">
<title>USA: Arvin Industries Inc sets regular payout.</title>
<headline>Arvin Industries Inc sets regular payout.</headline>
<dateline>COLUMBUS, Ind. 1997-04-17</dateline>
<text>
<p>Quarterly</p>
<p>		   Latest		    Prior</p>
<p> Amount		  $0.19		    $ 0.19</p>
<p> Pay		   June 30</p>
<p> Record		 June 6</p>
<p>	  ((Reuters Chicago Newsdesk (312) 408-8787))</p>
</text>
<copyright>(c) Reuters Limited 1997</copyright>
<metadata>
<codes class="bip:countries:1.0">
  <code code="USA">
    <editdetail attribution="Reuters BIP Coding Group" action="confirmed" date="1997-04-17"/>
  </code>
</codes>
<codes class="bip:industries:1.0">
  <code code="I35300">
    <editdetail attribution="Reuters BIP Coding Group" action="confirmed" date="1997-04-17"/>
  </code>
</codes>
<codes class="bip:topics:1.0">
  <code code="C15">
    <editdetail attribution="Reuters BIP Coding Group" action="confirmed" date="1997-04-17"/>
  </code>
  <code code="C151">
    <editdetail attribution="Reuters BIP Coding Group" action="confirmed" date="1997-04-17"/>
  </code>
  <code code="CCAT">
    <editdetail attribution="Reuters BIP Coding Group" action="confirmed" date="1997-04-17"/>
  </code>
</codes>
<dc element="dc.date.created" value="1997-04-17"/>
<dc element="dc.publisher" value="Reuters Holdings Plc"/>
<dc element="dc.date.published" value="1997-04-17"/>
<dc element="dc.source" value="Reuters"/>
<dc element="dc.creator.location" value="COLUMBUS, Ind."/>
<dc element="dc.creator.location.country.name" value="USA"/>
<dc element="dc.source" value="Reuters"/>
</metadata>
</newsitem>
