<?xml version="1.0" encoding="iso-8859-1" ?>
<newsitem itemid="515741" id="root" date="1997-04-17" xml:lang="en">
<title>USA: Sungard Q1 shr diluted $0.41 vs $0.34.</title>
<headline>Sungard Q1 shr diluted $0.41 vs $0.34.</headline>
<dateline>WAYNE, Pa. 1997-04-17</dateline>
<text>
<p>(in thousands, except per share amounts)</p>
<p>						    Three Months Ended</p>
<p>							  March 31,</p>
<p>						1997		     1996</p>
<p> Revenues				$187,421		$149,798</p>
<p> Net income				18,124		  14,632</p>
<p>Fully diluted net income</p>
<p>  per common share			 0.41		    0.34</p>
<p>Shares used to compute fully</p>
<p>diluted net income</p>
<p>  per common share		     43,942		  42,871</p>
<p>NOTE: Full company name is Sungard Data Systems Inc.</p>
</text>
<copyright>(c) Reuters Limited 1997</copyright>
<metadata>
<codes class="bip:countries:1.0">
  <code code="USA">
    <editdetail attribution="Reuters BIP Coding Group" action="confirmed" date="1997-04-17"/>
  </code>
</codes>
<codes class="bip:industries:1.0">
  <code code="I83940">
    <editdetail attribution="Reuters BIP Coding Group" action="confirmed" date="1997-04-17"/>
  </code>
  <code code="I8394007">
    <editdetail attribution="Reuters BIP Coding Group" action="confirmed" date="1997-04-17"/>
  </code>
</codes>
<codes class="bip:topics:1.0">
  <code code="C15">
    <editdetail attribution="Reuters BIP Coding Group" action="confirmed" date="1997-04-17"/>
  </code>
  <code code="C151">
    <editdetail attribution="Reuters BIP Coding Group" action="confirmed" date="1997-04-17"/>
  </code>
  <code code="CCAT">
    <editdetail attribution="Reuters BIP Coding Group" action="confirmed" date="1997-04-17"/>
  </code>
</codes>
<dc element="dc.date.created" value="1997-04-17"/>
<dc element="dc.publisher" value="Reuters Holdings Plc"/>
<dc element="dc.date.published" value="1997-04-17"/>
<dc element="dc.source" value="Reuters"/>
<dc element="dc.creator.location" value="WAYNE, Pa."/>
<dc element="dc.creator.location.country.name" value="USA"/>
<dc element="dc.source" value="Reuters"/>
</metadata>
</newsitem>
