<?xml version="1.0" encoding="iso-8859-1" ?>
<newsitem itemid="515753" id="root" date="1997-04-17" xml:lang="en">
<title>USA: Team Rental Q1 shr $0.08 vs $0.18.</title>
<headline>Team Rental Q1 shr $0.08 vs $0.18.</headline>
<dateline>DAYTONA BEACH, Fla. 1997-04-17</dateline>
<text>
<p>1996		     1995</p>
<p> Shr primary     $0.08		    $0.18</p>
<p> Net		 848			1277</p>
<p> Revs		102,448		  65,794</p>
<p> Avg shrs primary11,257		   7,256</p>
<p>NOTE: All data in thousands, excepts per share data.</p>
<p>Full company name is Team Rental Group Inc.</p>
</text>
<copyright>(c) Reuters Limited 1997</copyright>
<metadata>
<codes class="bip:countries:1.0">
  <code code="USA">
    <editdetail attribution="Reuters BIP Coding Group" action="confirmed" date="1997-04-17"/>
  </code>
</codes>
<codes class="bip:industries:1.0">
  <code code="I84801">
    <editdetail attribution="Reuters BIP Coding Group" action="confirmed" date="1997-04-17"/>
  </code>
</codes>
<codes class="bip:topics:1.0">
  <code code="C15">
    <editdetail attribution="Reuters BIP Coding Group" action="confirmed" date="1997-04-17"/>
  </code>
  <code code="C151">
    <editdetail attribution="Reuters BIP Coding Group" action="confirmed" date="1997-04-17"/>
  </code>
  <code code="CCAT">
    <editdetail attribution="Reuters BIP Coding Group" action="confirmed" date="1997-04-17"/>
  </code>
</codes>
<dc element="dc.date.created" value="1997-04-17"/>
<dc element="dc.publisher" value="Reuters Holdings Plc"/>
<dc element="dc.date.published" value="1997-04-17"/>
<dc element="dc.source" value="Reuters"/>
<dc element="dc.creator.location" value="DAYTONA BEACH, Fla."/>
<dc element="dc.creator.location.country.name" value="USA"/>
<dc element="dc.source" value="Reuters"/>
</metadata>
</newsitem>
