<?xml version="1.0" encoding="iso-8859-1" ?>
<newsitem itemid="515740" id="root" date="1997-04-17" xml:lang="en">
<title>USA: Knight-Ridder president Fontaine to retire.</title>
<headline>Knight-Ridder president Fontaine to retire.</headline>
<dateline>MIAMI 1997-04-17</dateline>
<text>
<p>Knight-Ridder Inc said Thrusday that its president, John Fontaine, will retire from the company July 1.</p>
<p>Fontaine, who is 65, will be a consultant for the company and remain a director until the 1998 annual meeting, it said.</p>
<p>Fontaine was elected president of Knight-Ridder on July 21, 1995. He had been a partner in Hughes Hubbard &amp; Reed, a New York law firm, since 1964 and was outside counsel to Knight-Ridder from 1980 until he jointed the company in 1987. He served in various executive positions before being named president.  </p>
<p>Knight-Ridder chairman and chief executive officer Tony Ridder told shareholders at their annual meeting that the office of president will not be filled immediately when Fontaine leaves.</p>
<p>&quot;Jack has been intimately associated with the company since 1974 when he was the key lawyer in the merger between Knight Newspapers and Ridder Publications,&quot; Ridder said.</p>
<p>&quot;He was also an indispensable force in negotiating our deal with the Walt Disney Co (to buy four newspapers) in the largest newspaper acquisition in history.</p>
<p>Ridder was referring to an agreement announced April 4 in which Knight-Ridder would buy the Kansas City Star and three other dailies owned by ABC Inc, a division of Walt Disney, for $1.65 billion.</p>
<p>Knight-Ridder is an an international communications company engaged in newspaper publishing, business news and information services, electronic retrieval services, news, graphics and photo services and newsprint manufacturing.  The company publishes 31 daily newspapers in the United States.</p>
</text>
<copyright>(c) Reuters Limited 1997</copyright>
<metadata>
<codes class="bip:countries:1.0">
  <code code="USA">
    <editdetail attribution="Reuters BIP Coding Group" action="confirmed" date="1997-04-17"/>
  </code>
</codes>
<codes class="bip:industries:1.0">
  <code code="I47510">
    <editdetail attribution="Reuters BIP Coding Group" action="confirmed" date="1997-04-17"/>
  </code>
</codes>
<codes class="bip:topics:1.0">
  <code code="C41">
    <editdetail attribution="Reuters BIP Coding Group" action="confirmed" date="1997-04-17"/>
  </code>
  <code code="C411">
    <editdetail attribution="Reuters BIP Coding Group" action="confirmed" date="1997-04-17"/>
  </code>
  <code code="CCAT">
    <editdetail attribution="Reuters BIP Coding Group" action="confirmed" date="1997-04-17"/>
  </code>
</codes>
<dc element="dc.date.created" value="1997-04-17"/>
<dc element="dc.publisher" value="Reuters Holdings Plc"/>
<dc element="dc.date.published" value="1997-04-17"/>
<dc element="dc.source" value="Reuters"/>
<dc element="dc.creator.location" value="MIAMI"/>
<dc element="dc.creator.location.country.name" value="USA"/>
<dc element="dc.source" value="Reuters"/>
</metadata>
</newsitem>
