<?xml version="1.0" encoding="iso-8859-1" ?>
<newsitem itemid="515748" id="root" date="1997-04-17" xml:lang="en">
<title>USA: Sybase sees sequential sales rise in Q2.</title>
<headline>Sybase sees sequential sales rise in Q2.</headline>
<dateline>EMERYVILLE, Calif. 1997-04-17</dateline>
<text>
<p>Sybase Inc Chief Executive Mitchell Kertzman said Thursday he expects revenue in the second quarter to rise over the first quarter, but &quot;nothing dramatic.&quot;</p>
<p>The developer of database software also expects see the benefit of an aggressive marketing campaign in the second half of the year, Kurtzman said in an interview.</p>
<p>&quot;We're right on track for the turnaround,&quot; he said.  </p>
<p>After the market closed, Sybase reported a better than expected first-quarter net income of $3.54 million, or $0.05 a share, compared with a loss of $6.91 million, or $0.09 a share, in the year-ago quarter.</p>
<p>First-quarter revenue fell slightly to $241.9 million from $243.7 million.</p>
<p>In the past two years, Sybase has been struggling to recover from technology and marketing missteps. To get its momentum going again, the company laid off workers last summer and unveiled an aggressive marketing campaign.  </p>
<p>&quot;We have the wind at our back now,&quot; Kertzman said. &quot;We'll look for sequential revenue growth in the second quarter, but I wouldn't be too rash and make a prediction about a dramatic improvement this quarter.&quot;</p>
<p>Sybase is planning to introduce a host of new products later this year. Kertzman said substantial revenue growth from these products and the current marketing campaign will not kick in until the third and fourth quarters.</p>
<p>Sybase, based in Emeryville, Calif., writes database software, the type of computer program big companies use to store and retrieve huge amounts of vital information.</p>
</text>
<copyright>(c) Reuters Limited 1997</copyright>
<metadata>
<codes class="bip:countries:1.0">
  <code code="USA">
    <editdetail attribution="Reuters BIP Coding Group" action="confirmed" date="1997-04-17"/>
  </code>
</codes>
<codes class="bip:industries:1.0">
  <code code="I33020">
    <editdetail attribution="Reuters BIP Coding Group" action="confirmed" date="1997-04-17"/>
  </code>
  <code code="I3302021">
    <editdetail attribution="Reuters BIP Coding Group" action="confirmed" date="1997-04-17"/>
  </code>
</codes>
<codes class="bip:topics:1.0">
  <code code="C15">
    <editdetail attribution="Reuters BIP Coding Group" action="confirmed" date="1997-04-17"/>
  </code>
  <code code="C152">
    <editdetail attribution="Reuters BIP Coding Group" action="confirmed" date="1997-04-17"/>
  </code>
  <code code="CCAT">
    <editdetail attribution="Reuters BIP Coding Group" action="confirmed" date="1997-04-17"/>
  </code>
</codes>
<dc element="dc.date.created" value="1997-04-17"/>
<dc element="dc.publisher" value="Reuters Holdings Plc"/>
<dc element="dc.date.published" value="1997-04-17"/>
<dc element="dc.source" value="Reuters"/>
<dc element="dc.creator.location" value="EMERYVILLE, Calif."/>
<dc element="dc.creator.location.country.name" value="USA"/>
<dc element="dc.source" value="Reuters"/>
</metadata>
</newsitem>
