<?xml version="1.0" encoding="iso-8859-1" ?>
<newsitem itemid="515779" id="root" date="1997-04-17" xml:lang="en">
<title>USA: Diamond Multimedia Q1 shr loss $0.17.</title>
<headline>Diamond Multimedia Q1 shr loss $0.17.</headline>
<dateline>SAN JOSE, Calif. 1997-04-17</dateline>
<text>
<p>Diamond Multimedia Systems, Inc.</p>
<p>		     Consolidated Statements of Income</p>
<p>		 (in thousands, except per share amounts)</p>
<p>							Three Months Ended</p>
<p>							   (unaudited)</p>
<p>							     March 31,</p>
<p>							1997	    1996</p>
<p> Net Sales				     $112,402	$187,605</p>
<p> Cost of sales				   92,817	 147,543</p>
<p> Gross profit				    19,585	  40,062</p>
<p> Research and development		     5,692	   4,803</p>
<p> Selling, general and administrative     22,511	  15,983</p>
<p> Amortization of intangibles		  1,316	   1,207</p>
<p> Total operating expenses		    29,519	  21,993</p>
<p> Income (loss) from operations	    (9,934)	  18,069</p>
<p> Interest income, net			     543	     225</p>
<p> Other expenses, net			     (55)	    (93)</p>
<p>Income (loss) before provision</p>
<p>   (benefit) for income taxes	     (9,446)	  18,201</p>
<p> Provision (benefit) for income taxes   (3,495)	   7,007</p>
<p> Net income (loss)			   ( 5,951)	  11,194</p>
<p> Common shares and equivalents	     34,179	  35,342</p>
<p> Net income (loss) per share		( 0.17)	    0.32</p>
</text>
<copyright>(c) Reuters Limited 1997</copyright>
<metadata>
<codes class="bip:countries:1.0">
  <code code="USA">
    <editdetail attribution="Reuters BIP Coding Group" action="confirmed" date="1997-04-17"/>
  </code>
</codes>
<codes class="bip:industries:1.0">
  <code code="I33020">
    <editdetail attribution="Reuters BIP Coding Group" action="confirmed" date="1997-04-17"/>
  </code>
  <code code="I3302004">
    <editdetail attribution="Reuters BIP Coding Group" action="confirmed" date="1997-04-17"/>
  </code>
</codes>
<codes class="bip:topics:1.0">
  <code code="C15">
    <editdetail attribution="Reuters BIP Coding Group" action="confirmed" date="1997-04-17"/>
  </code>
  <code code="C151">
    <editdetail attribution="Reuters BIP Coding Group" action="confirmed" date="1997-04-17"/>
  </code>
  <code code="CCAT">
    <editdetail attribution="Reuters BIP Coding Group" action="confirmed" date="1997-04-17"/>
  </code>
</codes>
<dc element="dc.date.created" value="1997-04-17"/>
<dc element="dc.publisher" value="Reuters Holdings Plc"/>
<dc element="dc.date.published" value="1997-04-17"/>
<dc element="dc.source" value="Reuters"/>
<dc element="dc.creator.location" value="SAN JOSE, Calif."/>
<dc element="dc.creator.location.country.name" value="USA"/>
<dc element="dc.source" value="Reuters"/>
</metadata>
</newsitem>
