<?xml version="1.0" encoding="iso-8859-1" ?>
<newsitem itemid="515764" id="root" date="1997-04-17" xml:lang="en">
<title>USA: Glastonbury Bank Q1 shr $0.28 vs $0.27.</title>
<headline>Glastonbury Bank Q1 shr $0.28 vs $0.27.</headline>
<dateline>GLASTONBURY, Conn. 1997-04-17</dateline>
<text>
<p>1997			1996</p>
<p> Shr primary		$0.28		    $0.27</p>
<p> Net			    510			486</p>
<p>Note: For Q1 ended March 31, 1997, total assets were $252,510,000 as compared with $230,106,000.</p>
<p>Note: Full company name is Glastonbury Bank &amp; Trust Co.</p>
<p>(All data above 000s except per share numbers)</p>
<p>((-- New York Newsdesk 212 859-1610))</p>
</text>
<copyright>(c) Reuters Limited 1997</copyright>
<metadata>
<codes class="bip:countries:1.0">
  <code code="USA">
    <editdetail attribution="Reuters BIP Coding Group" action="confirmed" date="1997-04-17"/>
  </code>
</codes>
<codes class="bip:industries:1.0">
  <code code="I81402">
    <editdetail attribution="Reuters BIP Coding Group" action="confirmed" date="1997-04-17"/>
  </code>
</codes>
<codes class="bip:topics:1.0">
  <code code="C15">
    <editdetail attribution="Reuters BIP Coding Group" action="confirmed" date="1997-04-17"/>
  </code>
  <code code="C151">
    <editdetail attribution="Reuters BIP Coding Group" action="confirmed" date="1997-04-17"/>
  </code>
  <code code="CCAT">
    <editdetail attribution="Reuters BIP Coding Group" action="confirmed" date="1997-04-17"/>
  </code>
</codes>
<dc element="dc.date.created" value="1997-04-17"/>
<dc element="dc.publisher" value="Reuters Holdings Plc"/>
<dc element="dc.date.published" value="1997-04-17"/>
<dc element="dc.source" value="Reuters"/>
<dc element="dc.creator.location" value="GLASTONBURY, Conn."/>
<dc element="dc.creator.location.country.name" value="USA"/>
<dc element="dc.source" value="Reuters"/>
</metadata>
</newsitem>
