<?xml version="1.0" encoding="iso-8859-1" ?>
<newsitem itemid="515866" id="root" date="1997-04-17" xml:lang="en">
<title>USA: Sapient Q1 shr $0.20 vs $0.12.</title>
<headline>Sapient Q1 shr $0.20 vs $0.12.</headline>
<dateline>CAMBRIDGE, Mass. 1997-04-17</dateline>
<text>
<p>(in thousands, except per share amounts)</p>
<p>						    Three Months Ended</p>
<p>							  December 31,</p>
<p>							 1996	 1997</p>
<p> Revenues					  $9,267     $16,504</p>
<p>Operating expenses:</p>
<p>  Project personnel costs		     4,552	 7,881</p>
<p>  Selling and marketing			   467	 1,067</p>
<p>  General and administrative		  2,213	 4,029</p>
<p>  Total operating expenses		    7,232	12,977</p>
<p> Income from operations			 2,035	 3,527</p>
<p> Other income					   5	   525</p>
<p> Income before income taxes		   2,040	 4,052</p>
<p> Income taxes					 816	 1,508</p>
<p> Net income					 1,224	 2,544</p>
<p> Net income per share			     .12	   .20</p>
<p>Weighted average common shares and</p>
<p>   equivalents outstanding	     10,287,254  12,614,092</p>
<p>Full company name is Sapient Corp.</p>
<p>--((New York Newsdesk 212 859-1610))</p>
</text>
<copyright>(c) Reuters Limited 1997</copyright>
<metadata>
<codes class="bip:countries:1.0">
  <code code="USA">
    <editdetail attribution="Reuters BIP Coding Group" action="confirmed" date="1997-04-17"/>
  </code>
</codes>
<codes class="bip:industries:1.0">
  <code code="I33030">
    <editdetail attribution="Reuters BIP Coding Group" action="confirmed" date="1997-04-17"/>
  </code>
</codes>
<codes class="bip:topics:1.0">
  <code code="C15">
    <editdetail attribution="Reuters BIP Coding Group" action="confirmed" date="1997-04-17"/>
  </code>
  <code code="C151">
    <editdetail attribution="Reuters BIP Coding Group" action="confirmed" date="1997-04-17"/>
  </code>
  <code code="CCAT">
    <editdetail attribution="Reuters BIP Coding Group" action="confirmed" date="1997-04-17"/>
  </code>
</codes>
<dc element="dc.date.created" value="1997-04-17"/>
<dc element="dc.publisher" value="Reuters Holdings Plc"/>
<dc element="dc.date.published" value="1997-04-17"/>
<dc element="dc.source" value="Reuters"/>
<dc element="dc.creator.location" value="CAMBRIDGE, Mass."/>
<dc element="dc.creator.location.country.name" value="USA"/>
<dc element="dc.source" value="Reuters"/>
</metadata>
</newsitem>
