<?xml version="1.0" encoding="iso-8859-1" ?>
<newsitem itemid="515865" id="root" date="1997-04-17" xml:lang="en">
<title>USA: Molecular Devices Q1 shr $0.11 vs $0.12.</title>
<headline>Molecular Devices Q1 shr $0.11 vs $0.12.</headline>
<dateline>SUNNYVALE, Calif 1997-04-17</dateline>
<text>
<p>Molecular Devices Corporation</p>
<p>		   Condensed Consolidated Statements of Operations</p>
<p>			 (In thousands, except per share amounts)</p>
<p>								   Three Months Ended</p>
<p>									   March 31,</p>
<p>								    1997	    1996</p>
<p>									  (unaudited)</p>
<p>Revenues:</p>
<p>	Product revenues				    $ 8,304	  $ 6,005</p>
<p>	Contract revenues					   2		 97</p>
<p>	  Total revenues					8,306	    6,102</p>
<p>Cost of Revenues:</p>
<p>	Cost of product revenues			    3,191	    2,196</p>
<p>	Cost of contract revenues				--		 46</p>
<p>	  Total cost of revenues			    3,191	    2,242</p>
<p>    Gross margin						5,115	    3,860</p>
<p>Operating Expenses:</p>
<p>Company-funded research and</p>
<p>	 development					    1,078	    1,029</p>
<p>	Selling, general and administrative	     2,661	    2,103</p>
<p>	  Total operating expenses			  3,739	    3,132</p>
<p>    Income from operations				  1,376		728</p>
<p>    Other income (expense), net			     281		265</p>
<p>    Income before income taxes			    1,657		993</p>
<p>    Income tax (provision) benefit			 (630)	     100</p>
<p>    Net Income						$ 1,027	  $ 1,093</p>
<p>    Net Income per share				  $   .11	  $   .12</p>
<p>    Shares used in computing net income per share   9,656	    9,427</p>
</text>
<copyright>(c) Reuters Limited 1997</copyright>
<metadata>
<codes class="bip:countries:1.0">
  <code code="USA">
    <editdetail attribution="Reuters BIP Coding Group" action="confirmed" date="1997-04-17"/>
  </code>
</codes>
<codes class="bip:topics:1.0">
  <code code="C15">
    <editdetail attribution="Reuters BIP Coding Group" action="confirmed" date="1997-04-17"/>
  </code>
  <code code="C151">
    <editdetail attribution="Reuters BIP Coding Group" action="confirmed" date="1997-04-17"/>
  </code>
  <code code="CCAT">
    <editdetail attribution="Reuters BIP Coding Group" action="confirmed" date="1997-04-17"/>
  </code>
</codes>
<dc element="dc.date.created" value="1997-04-17"/>
<dc element="dc.publisher" value="Reuters Holdings Plc"/>
<dc element="dc.date.published" value="1997-04-17"/>
<dc element="dc.source" value="Reuters"/>
<dc element="dc.creator.location" value="SUNNYVALE, Calif"/>
<dc element="dc.creator.location.country.name" value="USA"/>
<dc element="dc.source" value="Reuters"/>
</metadata>
</newsitem>
