<?xml version="1.0" encoding="iso-8859-1" ?>
<newsitem itemid="515808" id="root" date="1997-04-17" xml:lang="en">
<title>USA: Teletouch Q3 Feb 28 shr loss widens.</title>
<headline>Teletouch Q3 Feb 28 shr loss widens.</headline>
<dateline>TYLER, Texas 1997-04-17</dateline>
<text>
<p>(In thousands, except per share and pager amounts)</p>
<p>					 Q3 Ended	Nine Months Ended</p>
<p>				     February  28,	 February 28,</p>
<p>				     1997	1996     1997     1996</p>
<p> Net revenue		   $ 9,231  $ 7,391   $26,492 $19,257</p>
<p> Operating income (loss)	  56     (32)     (617)     305</p>
<p>Loss before extraordinary</p>
<p>  item			   (2,012)  (1,313)   (6,345) (3,057)</p>
<p>Extraordinary item, early</p>
<p>  debt retirement	     $ -    $    -     (3,568)  $    -</p>
<p> Net loss			(2,012)  (1,313)   (9,913) (3,057)</p>
<p>Loss per share:</p>
<p>Before extraordinary item</p>
<p>				    (0.41)   (0.31)    (1.29)  (0.76)</p>
<p>    Extraordinary item	     -	  -    (0.56)	 -</p>
<p>    Net loss		    (0.41)   (0.31)    (1.85)  (0.76)</p>
<p> EBITDA(1)			 3,155    2,530     9,027   6,766</p>
<p> Weighted average shares     6,347    5,987     6,347   5,604</p>
<p>			  Pro Forma Financial Highlights(1)</p>
<p>					     Q3		Nine Months</p>
<p>					  1997     1996     1997   1996</p>
<p> Net revenue		    $ 9,231  $ 8,296  $27,260 $24,745</p>
<p> Operating income (loss)	    56	102    (467)    991</p>
<p> Net loss			 (1,899)  (1,274)  (6,124) (3,351)</p>
<p>Primary and fully diluted</p>
<p>loss per share, before</p>
<p>  extraordinary item	    (0.40)   (0.30)   (1.25) (0.88)</p>
<p> EBITDA				3,155    3,020    9,448  9,512</p>
<p>NOTE - The actual and pro forma EBITDA for the nine months ended February 28, 1996, excludes $522,000 of non-recurring costs associated with the previously announced agreement to terminate the merger with a subsidiary of ProNet, and costs associated with certain other acquisitions that the company elected not to complete.</p>
<p>(1)  The company's pro forma results include the acquisitions of Dial-A-Page, laPageCo, AACS, Warren Communication, Oklahoma Radio System and Cimarron Towers, and related financings, as if the transactions had occurred at June 1, 1995.</p>
<p>Full name is Teletouch Communications Inc</p>
<p>((--New York Newsdesk 212 859-1610))</p>
</text>
<copyright>(c) Reuters Limited 1997</copyright>
<metadata>
<codes class="bip:countries:1.0">
  <code code="USA">
    <editdetail attribution="Reuters BIP Coding Group" action="confirmed" date="1997-04-17"/>
  </code>
</codes>
<codes class="bip:topics:1.0">
  <code code="C15">
    <editdetail attribution="Reuters BIP Coding Group" action="confirmed" date="1997-04-17"/>
  </code>
  <code code="C151">
    <editdetail attribution="Reuters BIP Coding Group" action="confirmed" date="1997-04-17"/>
  </code>
  <code code="CCAT">
    <editdetail attribution="Reuters BIP Coding Group" action="confirmed" date="1997-04-17"/>
  </code>
</codes>
<dc element="dc.date.created" value="1997-04-17"/>
<dc element="dc.publisher" value="Reuters Holdings Plc"/>
<dc element="dc.date.published" value="1997-04-17"/>
<dc element="dc.source" value="Reuters"/>
<dc element="dc.creator.location" value="TYLER, Texas"/>
<dc element="dc.creator.location.country.name" value="USA"/>
<dc element="dc.source" value="Reuters"/>
</metadata>
</newsitem>
