<?xml version="1.0" encoding="iso-8859-1" ?>
<newsitem itemid="515879" id="root" date="1997-04-17" xml:lang="en">
<title>USA: Disc Graphics Inc Q1 net soars.</title>
<headline>Disc Graphics Inc Q1 net soars.</headline>
<dateline>HAUPPAUGE, N.Y. 1997-04-17</dateline>
<text>
<p>1996			1995</p>
<p> Shr			  $0.09		    $0.00</p>
<p> Net			    504			 17</p>
<p> Sales		     11,198		    8,304</p>
<p> Avg shrs		   5,381		    4,962</p>
<p>(All data above 000s except per share numbers)</p>
<p>((-- New York newsdesk 212-859-1610))</p>
</text>
<copyright>(c) Reuters Limited 1997</copyright>
<metadata>
<codes class="bip:countries:1.0">
  <code code="USA">
    <editdetail attribution="Reuters BIP Coding Group" action="confirmed" date="1997-04-17"/>
  </code>
</codes>
<codes class="bip:topics:1.0">
  <code code="C15">
    <editdetail attribution="Reuters BIP Coding Group" action="confirmed" date="1997-04-17"/>
  </code>
  <code code="C151">
    <editdetail attribution="Reuters BIP Coding Group" action="confirmed" date="1997-04-17"/>
  </code>
  <code code="CCAT">
    <editdetail attribution="Reuters BIP Coding Group" action="confirmed" date="1997-04-17"/>
  </code>
</codes>
<dc element="dc.date.created" value="1997-04-17"/>
<dc element="dc.publisher" value="Reuters Holdings Plc"/>
<dc element="dc.date.published" value="1997-04-17"/>
<dc element="dc.source" value="Reuters"/>
<dc element="dc.creator.location" value="HAUPPAUGE, N.Y."/>
<dc element="dc.creator.location.country.name" value="USA"/>
<dc element="dc.source" value="Reuters"/>
</metadata>
</newsitem>
