<?xml version="1.0" encoding="iso-8859-1" ?>
<newsitem itemid="515827" id="root" date="1997-04-17" xml:lang="en">
<title>USA: First Federal Capital Q1 net rises.</title>
<headline>First Federal Capital Q1 net rises.</headline>
<dateline>LA CROSSE, Wis. 1997-04-17</dateline>
<text>
<p>Three Months</p>
<p>								March   March</p>
<p> (Dollar amounts in thousands, except for	 1997     1996</p>
<p>per share amounts)</p>
<p> Interest on loans				    $23,302 $20,008</p>
<p>     Total interest income			   27,956  25,343</p>
<p> Interest on deposits				  11,978  11,456</p>
<p>     Total interest expense			  17,150  15,789</p>
<p>     Net interest income			     10,806   9,554</p>
<p> Provision for loan losses				121	--</p>
<p> Total non-interest income			    5,153   4,835</p>
<p> Total non-interest expense			   9,712   9,487</p>
<p>     Income before income taxes		     6,125   4,901</p>
<p>	Net income					  3,758   3,069</p>
<p> EPS							   0.57    0.45</p>
<p>(Dollar amounts in thousands, except for per share amounts)</p>
<p>Total assets =  $1,530,236,826 vs 1,382,068,500</p>
<p>Deposit liabilities = $1,053,723,242 vs $995,273,597</p>
<p>((--Chicago newsdesk, 312-408-8787))</p>
</text>
<copyright>(c) Reuters Limited 1997</copyright>
<metadata>
<codes class="bip:countries:1.0">
  <code code="USA">
    <editdetail attribution="Reuters BIP Coding Group" action="confirmed" date="1997-04-17"/>
  </code>
</codes>
<codes class="bip:industries:1.0">
  <code code="I83100">
    <editdetail attribution="Reuters BIP Coding Group" action="confirmed" date="1997-04-17"/>
  </code>
</codes>
<codes class="bip:topics:1.0">
  <code code="C15">
    <editdetail attribution="Reuters BIP Coding Group" action="confirmed" date="1997-04-17"/>
  </code>
  <code code="C151">
    <editdetail attribution="Reuters BIP Coding Group" action="confirmed" date="1997-04-17"/>
  </code>
  <code code="CCAT">
    <editdetail attribution="Reuters BIP Coding Group" action="confirmed" date="1997-04-17"/>
  </code>
</codes>
<dc element="dc.date.created" value="1997-04-17"/>
<dc element="dc.publisher" value="Reuters Holdings Plc"/>
<dc element="dc.date.published" value="1997-04-17"/>
<dc element="dc.source" value="Reuters"/>
<dc element="dc.creator.location" value="LA CROSSE, Wis."/>
<dc element="dc.creator.location.country.name" value="USA"/>
<dc element="dc.source" value="Reuters"/>
</metadata>
</newsitem>
