<?xml version="1.0" encoding="iso-8859-1" ?>
<newsitem itemid="515857" id="root" date="1997-04-17" xml:lang="en">
<title>USA: Kansas City Power Q1 loss after charges.</title>
<headline>Kansas City Power Q1 loss after charges.</headline>
<dateline>KANSAS CITY, Mo. 1997-04-17</dateline>
<text>
<p>1997			1996</p>
<p> Shr loss		 $  0.26   profit	$ 0.38</p>
<p> Net loss		  16,087   profit	23,566</p>
<p> Revs		     194,744		  206,624</p>
<p>(All data above 000s except per share numbers)</p>
<p>NOTE: 1997 Q1 loss includes payment of $53 million or $0.52 a share from termination of merger with UtiliCorp United Inc and a reduction in earnings equal to $0.11 a share from rate reductions for Missouri customers.</p>
<p>Net income includes preferred dividend payments.</p>
<p>Kansas City Power &amp; Light Co is full company name.</p>
<p>	   ((Chicago newsdesk 312 408 8787))</p>
</text>
<copyright>(c) Reuters Limited 1997</copyright>
<metadata>
<codes class="bip:countries:1.0">
  <code code="USA">
    <editdetail attribution="Reuters BIP Coding Group" action="confirmed" date="1997-04-17"/>
  </code>
</codes>
<codes class="bip:industries:1.0">
  <code code="I16000">
    <editdetail attribution="Reuters BIP Coding Group" action="confirmed" date="1997-04-17"/>
  </code>
  <code code="I16100">
    <editdetail attribution="Reuters BIP Coding Group" action="confirmed" date="1997-04-17"/>
  </code>
</codes>
<codes class="bip:topics:1.0">
  <code code="C15">
    <editdetail attribution="Reuters BIP Coding Group" action="confirmed" date="1997-04-17"/>
  </code>
  <code code="C151">
    <editdetail attribution="Reuters BIP Coding Group" action="confirmed" date="1997-04-17"/>
  </code>
  <code code="CCAT">
    <editdetail attribution="Reuters BIP Coding Group" action="confirmed" date="1997-04-17"/>
  </code>
</codes>
<dc element="dc.date.created" value="1997-04-17"/>
<dc element="dc.publisher" value="Reuters Holdings Plc"/>
<dc element="dc.date.published" value="1997-04-17"/>
<dc element="dc.source" value="Reuters"/>
<dc element="dc.creator.location" value="KANSAS CITY, Mo."/>
<dc element="dc.creator.location.country.name" value="USA"/>
<dc element="dc.source" value="Reuters"/>
</metadata>
</newsitem>
