<?xml version="1.0" encoding="iso-8859-1" ?>
<newsitem itemid="515883" id="root" date="1997-04-17" xml:lang="en">
<title>USA: Sequent Q1 shr flat.</title>
<headline>Sequent Q1 shr flat.</headline>
<dateline>BEAVERTON, Ore. 1997-04-17</dateline>
<text>
<p>Three Months Ended</p>
<p>				 March 29, 1997	   March 30, 1996</p>
<p>Revenue(a)			  $ 157,374		  $ 120,745</p>
<p>Net income(a)		     $     708		  $     598</p>
<p>Net income per share	    $    0.02		  $    0.02</p>
<p>(a) Amounts in thousands</p>
</text>
<copyright>(c) Reuters Limited 1997</copyright>
<metadata>
<codes class="bip:countries:1.0">
  <code code="USA">
    <editdetail attribution="Reuters BIP Coding Group" action="confirmed" date="1997-04-17"/>
  </code>
</codes>
<codes class="bip:industries:1.0">
  <code code="I33020">
    <editdetail attribution="Reuters BIP Coding Group" action="confirmed" date="1997-04-17"/>
  </code>
  <code code="I3302003">
    <editdetail attribution="Reuters BIP Coding Group" action="confirmed" date="1997-04-17"/>
  </code>
</codes>
<codes class="bip:topics:1.0">
  <code code="C15">
    <editdetail attribution="Reuters BIP Coding Group" action="confirmed" date="1997-04-17"/>
  </code>
  <code code="C151">
    <editdetail attribution="Reuters BIP Coding Group" action="confirmed" date="1997-04-17"/>
  </code>
  <code code="CCAT">
    <editdetail attribution="Reuters BIP Coding Group" action="confirmed" date="1997-04-17"/>
  </code>
</codes>
<dc element="dc.date.created" value="1997-04-17"/>
<dc element="dc.publisher" value="Reuters Holdings Plc"/>
<dc element="dc.date.published" value="1997-04-17"/>
<dc element="dc.source" value="Reuters"/>
<dc element="dc.creator.location" value="BEAVERTON, Ore."/>
<dc element="dc.creator.location.country.name" value="USA"/>
<dc element="dc.source" value="Reuters"/>
</metadata>
</newsitem>
