<?xml version="1.0" encoding="iso-8859-1" ?>
<newsitem itemid="515806" id="root" date="1997-04-17" xml:lang="en">
<title>USA: Desktop sees 1997 revs lower than expected.</title>
<headline>Desktop sees 1997 revs lower than expected.</headline>
<dateline>BURLINGTON, Mass. 1997-04-17</dateline>
<text>
<p>Desktop Data Inc said Thursday it expects revenue growth for full 1997 to be in the 23 percent to 25 percent range, compared with 46 percent in 1996 &quot;and less than we anticipated previously.&quot;</p>
<p>The company said it plans to continue to invest in development, support and sales resources at planned levels to address the wider market opportunity and increased competition.  </p>
<p>These 1997 plans represent an acceleration in hiring and expenses relative to last year, Desktop said.</p>
<p>As a consequence, the company said it anticipates that its 1997 operating profit margin is likely to be in the three percent to five percent range, compared with 9.8 percent last year and less than the company anticipated previously.</p>
<p>During the first quarter of 1997 the company reorganized its sales force to accommodate more growth and address changing market conditions. As a result, the company experienced a lower than anticipated level of order bookings during the first quarter of 1997.</p>
<p>With the visibility provided by its subscription based revenue model, the Desktop said it believes the near term result of these trends will be lower than anticipated revenue growth for the remainder of this fiscal year.</p>
</text>
<copyright>(c) Reuters Limited 1997</copyright>
<metadata>
<codes class="bip:countries:1.0">
  <code code="USA">
    <editdetail attribution="Reuters BIP Coding Group" action="confirmed" date="1997-04-17"/>
  </code>
</codes>
<codes class="bip:industries:1.0">
  <code code="I33020">
    <editdetail attribution="Reuters BIP Coding Group" action="confirmed" date="1997-04-17"/>
  </code>
  <code code="I3302021">
    <editdetail attribution="Reuters BIP Coding Group" action="confirmed" date="1997-04-17"/>
  </code>
</codes>
<codes class="bip:topics:1.0">
  <code code="C15">
    <editdetail attribution="Reuters BIP Coding Group" action="confirmed" date="1997-04-17"/>
  </code>
  <code code="C152">
    <editdetail attribution="Reuters BIP Coding Group" action="confirmed" date="1997-04-17"/>
  </code>
  <code code="CCAT">
    <editdetail attribution="Reuters BIP Coding Group" action="confirmed" date="1997-04-17"/>
  </code>
</codes>
<dc element="dc.date.created" value="1997-04-17"/>
<dc element="dc.publisher" value="Reuters Holdings Plc"/>
<dc element="dc.date.published" value="1997-04-17"/>
<dc element="dc.source" value="Reuters"/>
<dc element="dc.creator.location" value="BURLINGTON, Mass."/>
<dc element="dc.creator.location.country.name" value="USA"/>
<dc element="dc.source" value="Reuters"/>
</metadata>
</newsitem>
