<?xml version="1.0" encoding="iso-8859-1" ?>
<newsitem itemid="515803" id="root" date="1997-04-17" xml:lang="en">
<title>USA: Hilton Hotels sees Q1 shr $0.24 to $0.26.</title>
<headline>Hilton Hotels sees Q1 shr $0.24 to $0.26.</headline>
<dateline>LOS ANGELES 1997-04-17</dateline>
<text>
<p>Hilton Hotels Corp expects first quarter net income of about $65 million, or $0.24 to $0.26 a share, up from the year ago figure of about $37 million, or $0.19 a share.</p>
<p>Analysts had expected Hilton to report earnings of $0.23 a share with a range of $0.21 to $0.28, according to First Call.</p>
<p>Marc Grossman, Hilton senior vice president of corporate affairs, told Reuters the earnings growth resulted chiefly from a few factors. He cited strong winnings in baccarat play at the Las Vegas Hilton, revenue growth at its upscale hotels and contributions from recently acquired hotels and casinos.  </p>
<p>Baccarat is a card game that is preferred by many high-rolling gamblers at the Las Vegas Hilton, and the hotel's wins or losses at the game can cause earnings to fluctuate.</p>
<p>First quarter earnings also benefitted from acquisitions of Bally Entertainment's hotel/casinos in Las Vegas, Atlantic City and Mississippi, as well as its purchase of six upscale hotels in major U.S. cities from The Prudential Insurance Co.</p>
<p>Hilton's strategy through 1996 and into 1997 is to be a leader in the gambling industry as well as an acquiror of upscale hotels.</p>
<p>Grossman added Hilton's upscale hotels continued to show revenue per average room (REVPAR) growth in the low double digits, which also contributed to the first quarter's higher earnings.</p>
<p>Hilton expects to report first quarter earnings on April 23.</p>
</text>
<copyright>(c) Reuters Limited 1997</copyright>
<metadata>
<codes class="bip:countries:1.0">
  <code code="USA">
    <editdetail attribution="Reuters BIP Coding Group" action="confirmed" date="1997-04-17"/>
  </code>
</codes>
<codes class="bip:industries:1.0">
  <code code="I66500">
    <editdetail attribution="Reuters BIP Coding Group" action="confirmed" date="1997-04-17"/>
  </code>
</codes>
<codes class="bip:topics:1.0">
  <code code="C15">
    <editdetail attribution="Reuters BIP Coding Group" action="confirmed" date="1997-04-17"/>
  </code>
  <code code="C152">
    <editdetail attribution="Reuters BIP Coding Group" action="confirmed" date="1997-04-17"/>
  </code>
  <code code="CCAT">
    <editdetail attribution="Reuters BIP Coding Group" action="confirmed" date="1997-04-17"/>
  </code>
</codes>
<dc element="dc.date.created" value="1997-04-17"/>
<dc element="dc.publisher" value="Reuters Holdings Plc"/>
<dc element="dc.date.published" value="1997-04-17"/>
<dc element="dc.source" value="Reuters"/>
<dc element="dc.creator.location" value="LOS ANGELES"/>
<dc element="dc.creator.location.country.name" value="USA"/>
<dc element="dc.source" value="Reuters"/>
</metadata>
</newsitem>
