<?xml version="1.0" encoding="iso-8859-1" ?>
<newsitem itemid="515913" id="root" date="1997-04-17" xml:lang="en">
<title>USA: T. Rowe Price sees Q1 EPS up 30 pct.</title>
<headline>T. Rowe Price sees Q1 EPS up 30 pct.</headline>
<dateline>BALTIMORE, Md. 1997-04-17</dateline>
<text>
<p>T. Rowe Price Associates Inc said Thursday that it expects about a 25 percent increase in revenues and a more than 30 percent increase in earnings for the first quarter of this year compared with the first quarter of 1996.</p>
<p>The company earned $20.4 million, or $0.33 a share in the first quarter of 1996, on revenues of $132.4 million.</p>
<p>The company said that net cash flows into the mutual funds were strong during the first quarter, and about $3.4 billion in net cash flows went into T. Rowe Price funds in the quarter.</p>
<p>But Georege Roche, the company's new president, said that the outlook for the remainder of 1997 remains uncertain due to its dependence on future Federal Reserve policy.</p>
<p>&quot;Economic growth remains good and inflation is still at a modest level,&quot; he said at the annual shareholders meeting. &quot;The Fed, nevertheless, may determine that it needs to maintain a tight monetary policy to contain inflationary pressures. Although the financial markets have already discounted some modest interest rate increases, if the Fed continues to tighten monetary policy, stock and bond markets could be in for further correction.&quot;</p>
</text>
<copyright>(c) Reuters Limited 1997</copyright>
<metadata>
<codes class="bip:countries:1.0">
  <code code="USA">
    <editdetail attribution="Reuters BIP Coding Group" action="confirmed" date="1997-04-17"/>
  </code>
</codes>
<codes class="bip:industries:1.0">
  <code code="I83100">
    <editdetail attribution="Reuters BIP Coding Group" action="confirmed" date="1997-04-17"/>
  </code>
</codes>
<codes class="bip:topics:1.0">
  <code code="C15">
    <editdetail attribution="Reuters BIP Coding Group" action="confirmed" date="1997-04-17"/>
  </code>
  <code code="C152">
    <editdetail attribution="Reuters BIP Coding Group" action="confirmed" date="1997-04-17"/>
  </code>
  <code code="CCAT">
    <editdetail attribution="Reuters BIP Coding Group" action="confirmed" date="1997-04-17"/>
  </code>
</codes>
<dc element="dc.date.created" value="1997-04-17"/>
<dc element="dc.publisher" value="Reuters Holdings Plc"/>
<dc element="dc.date.published" value="1997-04-17"/>
<dc element="dc.source" value="Reuters"/>
<dc element="dc.creator.location" value="BALTIMORE, Md."/>
<dc element="dc.creator.location.country.name" value="USA"/>
<dc element="dc.source" value="Reuters"/>
</metadata>
</newsitem>
