<?xml version="1.0" encoding="iso-8859-1" ?>
<newsitem itemid="515997" id="root" date="1997-04-17" xml:lang="en">
<title>USA: Footstar shares slump after outlook.</title>
<headline>Footstar shares slump after outlook.</headline>
<dateline>NEW YORK 1997-04-17</dateline>
<text>
<p>Shares of Footstar Inc were shaved 24 percent after the company posted better-than-expected first quarter earnings but said it sees signs of slowing in recent sales of the athletic sector overall.</p>
<p>The stock fell 6-1/8 to 19 in heavy trading with the stock the top loser on the New York Stock Exchange on a percentage basis.  </p>
<p>Shares touched a new year low of 18-1/2 in intraday trading.  Footstar, which operates nearly 500 Footaction athletic footwear stores, posted earnings per share of $0.16 compared with $0.03 on a pro forma basis.  According to First Call, Wall Street analysts expected earnings of $0.09.</p>
<p>But in the earnings release, Footstar chairman and chief executive Mickey Robinson said on the heels of a strong 1996, &quot;recent sales trends and the athletic sector in general have shown signs of slowing.&quot;  </p>
<p>&quot;However, we have planned conservatively and expect Footstar to deliver bottom-line results for the year as anticipated through effective cost control and inventory management,&quot; he said in the statement.</p>
<p>The Mahwah, N.J.-company also operates about 2,500 footwear departments in Meldisco.</p>
</text>
<copyright>(c) Reuters Limited 1997</copyright>
<metadata>
<codes class="bip:countries:1.0">
  <code code="USA">
    <editdetail attribution="Reuters BIP Coding Group" action="confirmed" date="1997-04-17"/>
  </code>
</codes>
<codes class="bip:industries:1.0">
  <code code="I45100">
    <editdetail attribution="Reuters BIP Coding Group" action="confirmed" date="1997-04-17"/>
  </code>
</codes>
<codes class="bip:topics:1.0">
  <code code="C15">
    <editdetail attribution="Reuters BIP Coding Group" action="confirmed" date="1997-04-17"/>
  </code>
  <code code="C151">
    <editdetail attribution="Reuters BIP Coding Group" action="confirmed" date="1997-04-17"/>
  </code>
  <code code="C152">
    <editdetail attribution="Reuters BIP Coding Group" action="confirmed" date="1997-04-17"/>
  </code>
  <code code="CCAT">
    <editdetail attribution="Reuters BIP Coding Group" action="confirmed" date="1997-04-17"/>
  </code>
</codes>
<dc element="dc.date.created" value="1997-04-17"/>
<dc element="dc.publisher" value="Reuters Holdings Plc"/>
<dc element="dc.date.published" value="1997-04-17"/>
<dc element="dc.source" value="Reuters"/>
<dc element="dc.creator.location" value="NEW YORK"/>
<dc element="dc.creator.location.country.name" value="USA"/>
<dc element="dc.source" value="Reuters"/>
</metadata>
</newsitem>
