<?xml version="1.0" encoding="iso-8859-1" ?>
<newsitem itemid="515931" id="root" date="1997-04-17" xml:lang="en">
<title>USA: GM CEO expects to hit '97 U.S. share goals.</title>
<headline>GM CEO expects to hit '97 U.S. share goals.</headline>
<dateline>CHICAGO 1997-04-17</dateline>
<text>
<p>General Motors Corp Chairman and Chief Executive Officer Jack Smith said Thursday the automaker believes it can hit its U.S. market share target of about 33 percent in 1997, despite the declining value of the Japanese yen.</p>
<p>&quot;We're still looking to be in that (33 percent) area,&quot; Smith said at a news conference following a speech at the Executives' Club of Chicago.</p>
<p>However, Smith said achieving the target will be more difficult than expected because of the falling yen, which gives Japanese automakers a pricing advantage in the U.S.  </p>
<p>The yen has been falling in value and is trading in the range of 125 to 126 to the U.S. dollar. GM, which has been suffering a market share slide, finished the first quarter of 1997 with 30.2 percent of the U.S. car and truck market, down from 31.2 percent for the year-ago period.</p>
<p>Smith also said he does not expect a nearly two-week long strike at the company's Oklahoma City, Okla., car plant to have a significant impact on second quarter earnings.</p>
<p>&quot;It's important but it's not that big. It's one plant,&quot; he said.  </p>
<p>Smith said GM expects the yen's decline to abate and did not expect more impact from the currecny in the second quarter than in the first quarter, when the company reported net profit of $1.8 billion, up 76 percent from the 1996 first quarter, which was weakened by a strike that all but shut down the company's North American operaitons.</p>
<p>&quot;Our judgment is the yen will not continue to decline,&quot; Smith said. &quot;What was in our first quarter should repeat itself in the second quarter. We had a good first quarter.&quot;</p>
<p>General Motors shares were unchanged at 56-3/8 Thursday.</p>
<p>((Chicago newsdesk, 312-408-8787))</p>
</text>
<copyright>(c) Reuters Limited 1997</copyright>
<metadata>
<codes class="bip:countries:1.0">
  <code code="USA">
    <editdetail attribution="Reuters BIP Coding Group" action="confirmed" date="1997-04-17"/>
  </code>
</codes>
<codes class="bip:industries:1.0">
  <code code="I35101">
    <editdetail attribution="Reuters BIP Coding Group" action="confirmed" date="1997-04-17"/>
  </code>
</codes>
<codes class="bip:topics:1.0">
  <code code="C15">
    <editdetail attribution="Reuters BIP Coding Group" action="confirmed" date="1997-04-17"/>
  </code>
  <code code="C152">
    <editdetail attribution="Reuters BIP Coding Group" action="confirmed" date="1997-04-17"/>
  </code>
  <code code="C31">
    <editdetail attribution="Reuters BIP Coding Group" action="confirmed" date="1997-04-17"/>
  </code>
  <code code="C313">
    <editdetail attribution="Reuters BIP Coding Group" action="confirmed" date="1997-04-17"/>
  </code>
  <code code="CCAT">
    <editdetail attribution="Reuters BIP Coding Group" action="confirmed" date="1997-04-17"/>
  </code>
</codes>
<dc element="dc.date.created" value="1997-04-17"/>
<dc element="dc.publisher" value="Reuters Holdings Plc"/>
<dc element="dc.date.published" value="1997-04-17"/>
<dc element="dc.source" value="Reuters"/>
<dc element="dc.creator.location" value="CHICAGO"/>
<dc element="dc.creator.location.country.name" value="USA"/>
<dc element="dc.source" value="Reuters"/>
</metadata>
</newsitem>
