<?xml version="1.0" encoding="iso-8859-1" ?>
<newsitem itemid="515957" id="root" date="1997-04-17" xml:lang="en">
<title>USA: NYCE cotton ends barely lower, focus on spread.</title>
<headline>NYCE cotton ends barely lower, focus on spread.</headline>
<dateline>NEW YORK 1997-04-17</dateline>
<text>
<p>NYCE May cotton futures settled lower as the floor remained focused on the May/July spread, trading sources said.</p>
<p>Speculators continued to roll short May positions into July. The May/July spread grew to a 1.70 premium in July from 1.66 on Wednesday's close.</p>
<p>The spot month finished 0.13 cent lower at 70.75 cents a lb after trading from 71.35 to 70.60 cents, slightly above the contract low hit Wednesday. July went out 0.09 weaker at 72.45 cents, while the outer months finished 0.06 to 0.30 weaker.</p>
<p>Volume was estimated at 15,000 lots compared with Wednesday's official 25,710 lots.</p>
<p>First notice day for the May contract is April 24.</p>
<p>USDA export and sales report put exports for the week ended April 10 at 180,200 bales. The figure was 28 percent below the previous week's marketing year high and 11 percent below the four-week average, USDA said.</p>
<p>The U.S. posted new sales of 95,800 bales for the current crop. Total commitments rose to 6.235 million bales. USDA has forecast exports of 7.0 million bales for the season.</p>
<p>Certificated stocks remained unchanged from the previous session but still high at 221,862 bales, as of Wednesday.</p>
<p>Open interest in May fell 3,686 lots to 20,544 lots as of Tuesday's close. Open interest in July climbed 2,980 lots to 28,935 lots.</p>
<p>((S Rostler, New York Commodity Desk, 212-859-1640))</p>
</text>
<copyright>(c) Reuters Limited 1997</copyright>
<metadata>
<codes class="bip:countries:1.0">
  <code code="USA">
    <editdetail attribution="Reuters BIP Coding Group" action="confirmed" date="1997-04-17"/>
  </code>
</codes>
<codes class="bip:topics:1.0">
  <code code="M14">
    <editdetail attribution="Reuters BIP Coding Group" action="confirmed" date="1997-04-17"/>
  </code>
  <code code="M141">
    <editdetail attribution="Reuters BIP Coding Group" action="confirmed" date="1997-04-17"/>
  </code>
  <code code="MCAT">
    <editdetail attribution="Reuters BIP Coding Group" action="confirmed" date="1997-04-17"/>
  </code>
</codes>
<dc element="dc.date.created" value="1997-04-17"/>
<dc element="dc.publisher" value="Reuters Holdings Plc"/>
<dc element="dc.date.published" value="1997-04-17"/>
<dc element="dc.source" value="Reuters"/>
<dc element="dc.creator.location" value="NEW YORK"/>
<dc element="dc.creator.location.country.name" value="USA"/>
<dc element="dc.source" value="Reuters"/>
</metadata>
</newsitem>
