<?xml version="1.0" encoding="iso-8859-1" ?>
<newsitem itemid="515916" id="root" date="1997-04-17" xml:lang="en">
<title>USA: Mosaix Q1 shr rises before charges.</title>
<headline>Mosaix Q1 shr rises before charges.</headline>
<dateline>REDMOND, Wash. 1997-04-17</dateline>
<text>
<p>MOSAIX, INC AND SUBSIDIARIES</p>
<p>		  CONDENSED CONSOLIDATED STATEMENTS OF OPERATIONS</p>
<p> (In thousands, except per share data)	  Three months</p>
<p>							  ended March 31,</p>
<p>							    1997	1996</p>
<p>Revenue:</p>
<p>    Systems sales				 $ 13,164   $ 12,035</p>
<p>    Software licenses				5,520	4,539</p>
<p>    Service and miscellaneous		   11,930     10,423</p>
<p>							  30,614     26,997</p>
<p>Cost of Revenues:</p>
<p>     Cost of systems				 4,694	4,991</p>
<p>     Cost of software licenses		     601	  439</p>
<p>     Cost of service and miscellaneous	 6,076	4,536</p>
<p>							  11,371	9,966</p>
<p>	 Gross profit				 19,243     17,031</p>
<p>Operating expenses:</p>
<p>    Selling, general and administrative     11,987     10,299</p>
<p>    Research and development		     3,656	3,549</p>
<p>    Write-off of capitalized software costs	-	  705</p>
<p>Acquired in-process research and development</p>
<p>								 -	4,307</p>
<p>	 Total operating expenses		 15,643     18,860</p>
<p>	 Operating income (loss)		   3,600    (1,829)</p>
<p> Other income, net				     442	  422</p>
<p>	 Earnings (loss)  before income taxes  4,042    (1,407)</p>
<p> Income tax expense				  1,124	1,006</p>
<p>	 Net earnings (loss)			 2,918    (2,413)</p>
<p> Net earnings (loss)  per share		   0.21     (0.21)</p>
<p>Weighted average common shares and common</p>
<p>    equivalent shares outstanding	     13,847     11,685</p>
<p>Pro forma net earnings per share, excluding</p>
<p>	one time charges				0.21	 0.19</p>
<p>Pro forma weighted average</p>
<p>common shares and common</p>
<p>    equivalent shares outstanding	     13,847     12,633</p>
<p>			     MOSAIX, INC  AND SUBSIDIARIES</p>
<p>		 CONDENSED CONSOLIDATED STATEMENTS OF OPERATIONS</p>
<p>					   Excluding One  Excluding One</p>
<p>					     Time Charges  Time Charges</p>
<p> (In thousands, except per share data)     Three months ended</p>
<p>								 March 31,</p>
<p>							   1997	  1996</p>
<p>Revenue:</p>
<p>    Systems sales				 $13,164     $12,035</p>
<p>    Software licenses			     5,520	 4,539</p>
<p>    Service and miscellaneous		  11,930	10,423</p>
<p>							 30,614	26,997</p>
<p>Cost of Revenues:</p>
<p>     Cost of systems				4,694	 4,991</p>
<p>     Cost of software licenses		    601	   439</p>
<p>     Cost of service and miscellaneous	6,076	 4,536</p>
<p>							 11,371	 9,966</p>
<p>	 Gross profit				19,243	17,031</p>
<p>Operating expenses:</p>
<p>    Selling, general and administrative    11,987	10,299</p>
<p>    Research and development		    3,656	 3,549</p>
<p>	 Total operating expenses		15,643	13,848</p>
<p>	 Operating income			   3,600	 3,183</p>
<p> Other income, net				    442	   422</p>
<p>	 Earnings  before income taxes	  4,042	 3,605</p>
<p> Income tax expense				 1,124	 1,246</p>
<p>	 Net earnings				 2,918	 2,359</p>
<p> Net earnings  per share			   0.21	  0.19</p>
<p>Weighted average common</p>
<p>shares and common</p>
<p>    equivalent shares outstanding	    13,847	12,633</p>
</text>
<copyright>(c) Reuters Limited 1997</copyright>
<metadata>
<codes class="bip:countries:1.0">
  <code code="USA">
    <editdetail attribution="Reuters BIP Coding Group" action="confirmed" date="1997-04-17"/>
  </code>
</codes>
<codes class="bip:industries:1.0">
  <code code="I34410">
    <editdetail attribution="Reuters BIP Coding Group" action="confirmed" date="1997-04-17"/>
  </code>
</codes>
<codes class="bip:topics:1.0">
  <code code="C15">
    <editdetail attribution="Reuters BIP Coding Group" action="confirmed" date="1997-04-17"/>
  </code>
  <code code="C151">
    <editdetail attribution="Reuters BIP Coding Group" action="confirmed" date="1997-04-17"/>
  </code>
  <code code="CCAT">
    <editdetail attribution="Reuters BIP Coding Group" action="confirmed" date="1997-04-17"/>
  </code>
</codes>
<dc element="dc.date.created" value="1997-04-17"/>
<dc element="dc.publisher" value="Reuters Holdings Plc"/>
<dc element="dc.date.published" value="1997-04-17"/>
<dc element="dc.source" value="Reuters"/>
<dc element="dc.creator.location" value="REDMOND, Wash."/>
<dc element="dc.creator.location.country.name" value="USA"/>
<dc element="dc.source" value="Reuters"/>
</metadata>
</newsitem>
