<?xml version="1.0" encoding="iso-8859-1" ?>
<newsitem itemid="515995" id="root" date="1997-04-17" xml:lang="en">
<title>USA: Wabash completes Fruehauf assets purchase.</title>
<headline>Wabash completes Fruehauf assets purchase.</headline>
<dateline>LAFAYETTE, Ind. 1997-04-17</dateline>
<text>
<p>Wabash National Corp said Thursday it completed the purchase of certain assets of Fruehauf Trailer Corp for $51 million.</p>
<p>Assets purchased include the Fruehauf and Pro-Par names, all patents and trademarks, retail outlets in 31 metropolitan markets, the aftermarket parts distribution business based in Grove City, Ohio, a specialty trailer manufacturing plant in Huntsville, Tenn. and a trailer plant in Fort Madison, Iowa.</p>
<p>The retail outlets will operate under the name of Fruehauf Trailer Services Inc, a wholly owned subsidiary of Wabash National Corp.</p>
<p>		((Reuters Chicago Newsdesk (312) 408-8787))</p>
</text>
<copyright>(c) Reuters Limited 1997</copyright>
<metadata>
<codes class="bip:countries:1.0">
  <code code="USA">
    <editdetail attribution="Reuters BIP Coding Group" action="confirmed" date="1997-04-17"/>
  </code>
</codes>
<codes class="bip:industries:1.0">
  <code code="I35102">
    <editdetail attribution="Reuters BIP Coding Group" action="confirmed" date="1997-04-17"/>
  </code>
  <code code="I36200">
    <editdetail attribution="Reuters BIP Coding Group" action="confirmed" date="1997-04-17"/>
  </code>
</codes>
<codes class="bip:topics:1.0">
  <code code="C18">
    <editdetail attribution="Reuters BIP Coding Group" action="confirmed" date="1997-04-17"/>
  </code>
  <code code="C182">
    <editdetail attribution="Reuters BIP Coding Group" action="confirmed" date="1997-04-17"/>
  </code>
  <code code="CCAT">
    <editdetail attribution="Reuters BIP Coding Group" action="confirmed" date="1997-04-17"/>
  </code>
</codes>
<dc element="dc.date.created" value="1997-04-17"/>
<dc element="dc.publisher" value="Reuters Holdings Plc"/>
<dc element="dc.date.published" value="1997-04-17"/>
<dc element="dc.source" value="Reuters"/>
<dc element="dc.creator.location" value="LAFAYETTE, Ind."/>
<dc element="dc.creator.location.country.name" value="USA"/>
<dc element="dc.source" value="Reuters"/>
</metadata>
</newsitem>
