<?xml version="1.0" encoding="iso-8859-1" ?>
<newsitem itemid="515903" id="root" date="1997-04-17" xml:lang="en">
<title>USA: Remedy Corp Q1 net rises.</title>
<headline>Remedy Corp Q1 net rises.</headline>
<dateline>MOUNTAIN VIEW, Calif. 1997-04-17</dateline>
<text>
<p>REMEDY CORPORATION</p>
<p>		  CONDENSED CONSOLIDATED STATEMENTS OF INCOME</p>
<p>		    (In thousands, except per share amounts)</p>
<p>					   Three months ended March 31,</p>
<p>						  1997		   1996</p>
<p>							  (Unaudited)</p>
<p>Revenues:</p>
<p>  Products				 $16,064		 $9,338</p>
<p>  Maintenance and service		7,237		  3,663</p>
<p>   Total revenues			 23,301		 13,001</p>
<p>Costs and expenses:</p>
<p>  Cost of product revenues		 935		    557</p>
<p>Cost of maintenance and</p>
<p>   service revenues			3,121		  1,938</p>
<p>  Research and development	     3,715		  2,312</p>
<p>  Sales and marketing		    7,548		  3,797</p>
<p>  General and administrative	   1,493		  1,357</p>
<p>   Total costs and expenses	   16,812		  9,961</p>
<p> Income from operations		  6,489		  3,040</p>
<p> Interest income, net			872		    503</p>
<p>Income before provision</p>
<p>  for income taxes			 7,361		  3,543</p>
<p> Provision for income taxes	    2,576		  1,276</p>
<p> Net income				  4,785		  2,267</p>
<p>Net income per common and</p>
<p>  common equivalent share*		0.16		   0.08</p>
<p>Shares used in computing</p>
<p>  per share amounts*		    30,375		 29,586</p>
<p>* All shares and per-share amounts have been adjusted to reflect the three-for-two stock dividend effected March 25, 1996 and the two-for-one stock dividend effected October 25, 1996.</p>
</text>
<copyright>(c) Reuters Limited 1997</copyright>
<metadata>
<codes class="bip:countries:1.0">
  <code code="USA">
    <editdetail attribution="Reuters BIP Coding Group" action="confirmed" date="1997-04-17"/>
  </code>
</codes>
<codes class="bip:industries:1.0">
  <code code="I33020">
    <editdetail attribution="Reuters BIP Coding Group" action="confirmed" date="1997-04-17"/>
  </code>
  <code code="I3302021">
    <editdetail attribution="Reuters BIP Coding Group" action="confirmed" date="1997-04-17"/>
  </code>
</codes>
<codes class="bip:topics:1.0">
  <code code="C15">
    <editdetail attribution="Reuters BIP Coding Group" action="confirmed" date="1997-04-17"/>
  </code>
  <code code="C151">
    <editdetail attribution="Reuters BIP Coding Group" action="confirmed" date="1997-04-17"/>
  </code>
  <code code="CCAT">
    <editdetail attribution="Reuters BIP Coding Group" action="confirmed" date="1997-04-17"/>
  </code>
</codes>
<dc element="dc.date.created" value="1997-04-17"/>
<dc element="dc.publisher" value="Reuters Holdings Plc"/>
<dc element="dc.date.published" value="1997-04-17"/>
<dc element="dc.source" value="Reuters"/>
<dc element="dc.creator.location" value="MOUNTAIN VIEW, Calif."/>
<dc element="dc.creator.location.country.name" value="USA"/>
<dc element="dc.source" value="Reuters"/>
</metadata>
</newsitem>
