<?xml version="1.0" encoding="iso-8859-1" ?>
<newsitem itemid="516065" id="root" date="1997-04-17" xml:lang="en">
<title>USA: Cyrix jumps on better-than-expected net.</title>
<headline>Cyrix jumps on better-than-expected net.</headline>
<dateline>RICHARDSON, Texas 1997-04-17</dateline>
<text>
<p>Cyrix Corp's share price jumped as much as 28 percent Thursday morning after the computer chip maker reported first-quarter net income that far surpassed Wall Street expectations.</p>
<p>Cyrix, which make microprocessors to run personal computers, also said it expects brisk business for its new MediaGX and older 6x86 chips for the rest of the year.</p>
<p>Shares of the Richardson, Texas, company were up 4-1/8 to 21-7/8 on trading of 2.24 million shares. It was among the most active Nasdaq stocks.  </p>
<p>&quot;They had a very good quarter,&quot; said Kenneth Toudouze, analyst at Principal Financial Securities in Dallas.</p>
<p>He said Cyrix had much-better-than-expected gross margins -- a measure of how much profit is made on each dollar of product sold -- which showed the company has improved its manufacturing efficiency, Toudouze said.</p>
<p>After the market closed yesterday, Cyrix said its first-quarter net income had more than tripled, to $6.6 million, or $0.33 a share, from the year-earlier $2 million, or $0.10 a share.  </p>
<p>Wall Street had expected Cyrix to earn $0.09 a share, according to a recent survey of analysts by Zacks Investment Research.</p>
<p>First-quarter revenues rose 47 percent, to $75.6 million from $51.6 million a year earlier.</p>
<p>Cyrix makes microprocessors that mimick the way Pentium chips from Intel Corp work. Earlier this year Cyrix introduced its MediaGX chip, which works about as fast as Intel's mid-range Pentiums but is much less expensive.</p>
<p>Compaq Computer Corp, the world's biggest PC maker, is a MediaGX customer. It uses the chips in machines that retail for less than $1,000, a product category that analysts expect to be the hottest this year.</p>
<p>&quot;Stronger-than-planned unit shipments at the end of the (first) quarter helped us to exceed our profit goals,&quot; said Jay Swent, Cyrix chief financial officer and acting chief executive.</p>
<p>Cyrix plans to introduce its M2 chip -- a rival to Intel's top-of-the-line Pentium Pro -- in June, Swent said. Production of the new chip should be in full swing by the third quarter.</p>
<p>((--Kourosh Karimkhany, Palo Alto, 415 846 5401))</p>
</text>
<copyright>(c) Reuters Limited 1997</copyright>
<metadata>
<codes class="bip:countries:1.0">
  <code code="USA">
    <editdetail attribution="Reuters BIP Coding Group" action="confirmed" date="1997-04-17"/>
  </code>
</codes>
<codes class="bip:industries:1.0">
  <code code="I34531">
    <editdetail attribution="Reuters BIP Coding Group" action="confirmed" date="1997-04-17"/>
  </code>
</codes>
<codes class="bip:topics:1.0">
  <code code="C15">
    <editdetail attribution="Reuters BIP Coding Group" action="confirmed" date="1997-04-17"/>
  </code>
  <code code="C151">
    <editdetail attribution="Reuters BIP Coding Group" action="confirmed" date="1997-04-17"/>
  </code>
  <code code="C152">
    <editdetail attribution="Reuters BIP Coding Group" action="confirmed" date="1997-04-17"/>
  </code>
  <code code="CCAT">
    <editdetail attribution="Reuters BIP Coding Group" action="confirmed" date="1997-04-17"/>
  </code>
</codes>
<dc element="dc.date.created" value="1997-04-17"/>
<dc element="dc.publisher" value="Reuters Holdings Plc"/>
<dc element="dc.date.published" value="1997-04-17"/>
<dc element="dc.source" value="Reuters"/>
<dc element="dc.creator.location" value="RICHARDSON, Texas"/>
<dc element="dc.creator.location.country.name" value="USA"/>
<dc element="dc.source" value="Reuters"/>
</metadata>
</newsitem>
