<?xml version="1.0" encoding="iso-8859-1" ?>
<newsitem itemid="516092" id="root" date="1997-04-17" xml:lang="en">
<title>USA: Central and South West extends offer.</title>
<headline>Central and South West extends offer.</headline>
<dateline>DALLAS 1997-04-17</dateline>
<text>
<p>Central and South West Corp said Thursday it has extended the expiration date of its offer to purchase shares of Central Power and Light Co 4.00 percent Series Cumulative Preferred Stock and 4.20 percent Series Cumulative Preferred Stock to 1000 CDT/1500 GMT Monday, April 28 to allow holders of those series to consider recent events involving Central Power.  </p>
<p>The events include Central Power's final rate order issued on March 31 by the Public Utility Commission of Texas and shareholder approval of a proposal to eliminate limits on the utility's unsecured debt.</p>
<p>All other terms and conditions of the offer for Central Power's shares remain unchanged, Central and South West said, noting there have been 47,858 shares of the 4.00 percent and 54,164 shares of the 4.20 percent Series tendered.</p>
<p>The company also said it has waived a condition to its offer for West Texas Utilities Co's 4.40 percent Series Cumulative Preferred Stock and extended the offer to April 28.  </p>
<p>The offer was previously conditioned upon the approval of an amendment to WTU's Restated Articles of Incorporation. Approval is no longer a condition to the offer to purchase West Texas shares, although tendering shareholders are still required to vote in favor of the proposal to validly tender their shares.</p>
<p>A special meeting of West Texas shareholders Wednesday in connection with the vote was adjourned and will be reconvened at 0945 CDT/1345 GMT April 28.</p>
<p>All other terms of the offer for West Texas shares remain unchanged, Central and South West said, adding 34,302 shares had been tendered.</p>
<p>The extension of the Central Power and West Texas tenders does not affec the company offers to purchase the preferred stock of Public Service Co of Oklahoma and Southwestern Electric Power Co which expired as scheduled Wednesday.</p>
<p>The Central Power and West Texas offers had also been scheduled to Wednesday. ((-- New York Newsdesk 212-859-1610.))</p>
</text>
<copyright>(c) Reuters Limited 1997</copyright>
<metadata>
<codes class="bip:countries:1.0">
  <code code="USA">
    <editdetail attribution="Reuters BIP Coding Group" action="confirmed" date="1997-04-17"/>
  </code>
</codes>
<codes class="bip:industries:1.0">
  <code code="I16000">
    <editdetail attribution="Reuters BIP Coding Group" action="confirmed" date="1997-04-17"/>
  </code>
</codes>
<codes class="bip:topics:1.0">
  <code code="C18">
    <editdetail attribution="Reuters BIP Coding Group" action="confirmed" date="1997-04-17"/>
  </code>
  <code code="C181">
    <editdetail attribution="Reuters BIP Coding Group" action="confirmed" date="1997-04-17"/>
  </code>
  <code code="CCAT">
    <editdetail attribution="Reuters BIP Coding Group" action="confirmed" date="1997-04-17"/>
  </code>
</codes>
<dc element="dc.date.created" value="1997-04-17"/>
<dc element="dc.publisher" value="Reuters Holdings Plc"/>
<dc element="dc.date.published" value="1997-04-17"/>
<dc element="dc.source" value="Reuters"/>
<dc element="dc.creator.location" value="DALLAS"/>
<dc element="dc.creator.location.country.name" value="USA"/>
<dc element="dc.source" value="Reuters"/>
</metadata>
</newsitem>
