<?xml version="1.0" encoding="iso-8859-1" ?>
<newsitem itemid="516053" id="root" date="1997-04-17" xml:lang="en">
<title>USA: NYMEX May natgas jumps to 5-week high with cash.</title>
<headline>NYMEX May natgas jumps to 5-week high with cash.</headline>
<dateline>NEW YORK 1997-04-17</dateline>
<text>
<p>NYMEX spot Henry Hub natgas futures broke to a five-week high early Thursday in moderate activity, driven by reports of firmer physical prices and some follow-through technical buying to yesterday's strong close.</p>
<p>At 1150 EDT, May was up 6.5 cents at $2.07 per million British thermal units after climbing early to a new five-week high of $2.085. June jumped 7.4 cents to $2.12. Others were up.</p>
<p>&quot;It's primarily technical triggered by (cool) weather. Technically, it looks constructive, and next week the Midwest and Northeast are going to stay below-normal which might be enough to keep the cash supported,&quot; said a Texas trader.  </p>
<p>Chart traders said May's close Wednesday above $2 spooked the shorts and helped drive the spot month this morning above the channel line, another bullish technical indicator. They pegged key resistance at $2.095, the intraday high from March 10. May support points were still seen at $1.925, $1.88, $1.85 and $1.825.</p>
<p>June, which Wednesday broke a double top at $2.03 and rallied this morning to an 11-week high, seemed set to test next resistance at the $2.21-2.23 gap from mid-January.</p>
<p>But many remained skeptical current levels could be sustained, with storage well-above last year and more moderate spring weather bound to arrive soon.</p>
<p>&quot;We've got (cool) weather now, but it can't continue for a whole lot longer. Until we see some A-C (air conditioning) load, which is at least a month away, my gut feel is that we'll drift back down,&quot; the trader said.</p>
<p>Temperatures in the Northeast and upper Midwest were expected to remain below normal into next week, but the South and Mid-Atlantic were forecast to moderate to more seasonal levels.</p>
<p>In the cash, Gulf Coast prices jumped more than a nickel to the $2.05 area. Midcontinent pipes were up a similar amount to the low-$1.90s. Gas at the New York city gate also was quoted at least five cents higher in the low-$2.40s.</p>
<p>NYMEX said 26,772 Hub contracts traded at 1121 EDT. Hub open interest on April 16 rose 4,034 contracts to 183,444.</p>
<p>As of 1150 EDT, no NYMEX Permian or Alberta natgas futures were traded.</p>
<p>On KCBT, May rallied six cents to $1.95, while deferreds were steady to eight cents higher. The East/West spread widened by one-half cent to 12.0 cents (NYMEX premium). KCBT open interest on April 16 rose 74 lots to 2,655.</p>
<p>((J Silha, New York Power Desk 212-859-1624))</p>
</text>
<copyright>(c) Reuters Limited 1997</copyright>
<metadata>
<codes class="bip:countries:1.0">
  <code code="USA">
    <editdetail attribution="Reuters BIP Coding Group" action="confirmed" date="1997-04-17"/>
  </code>
</codes>
<codes class="bip:topics:1.0">
  <code code="M14">
    <editdetail attribution="Reuters BIP Coding Group" action="confirmed" date="1997-04-17"/>
  </code>
  <code code="M143">
    <editdetail attribution="Reuters BIP Coding Group" action="confirmed" date="1997-04-17"/>
  </code>
  <code code="MCAT">
    <editdetail attribution="Reuters BIP Coding Group" action="confirmed" date="1997-04-17"/>
  </code>
</codes>
<dc element="dc.date.created" value="1997-04-17"/>
<dc element="dc.publisher" value="Reuters Holdings Plc"/>
<dc element="dc.date.published" value="1997-04-17"/>
<dc element="dc.source" value="Reuters"/>
<dc element="dc.creator.location" value="NEW YORK"/>
<dc element="dc.creator.location.country.name" value="USA"/>
<dc element="dc.source" value="Reuters"/>
</metadata>
</newsitem>
