<?xml version="1.0" encoding="iso-8859-1" ?>
<newsitem itemid="516046" id="root" date="1997-04-17" xml:lang="en">
<title>USA: Community First Bankshares Inc Q1 net up.</title>
<headline>Community First Bankshares Inc Q1 net up.</headline>
<dateline>FARGO, N.D. 1997-04-17</dateline>
<text>
<p>Three months ended March 31,</p>
<p>							   1997	 1996</p>
<p>								    (restated)</p>
<p> Net interest income			  $  37,008   $  31,013</p>
<p> Non interest income				8,183	 5,941</p>
<p> Provision for loan losses			1,761	   915</p>
<p> Net income					  10,532	 8,581</p>
<p> Income before tax and extraordinary item  16,370	13,171</p>
<p> Extraordinary item, net of tax		 (265)	    --</p>
<p> Net income					  10,532	 8,179</p>
<p> Primary earnings per share		 $    0.59   $    0.50</p>
<p> Fully diluted earnings per share	 $    0.56   $    0.48</p>
<p> Average shares   Primary		  17,734,076  16,433,410</p>
<p>			Fully diluted	  18,900,647  17,896,237</p>
<p>	  (In thousands, except per share data)</p>
<p>NOTE: The earnings per share calculation for the 1997 quarter reflects an extraordinary charge of $0.01 a share for the early extinguishment of debt.</p>
<p>    Total assets    3,095,065  vs  2,756,595</p>
<p>    Loans	     2,081,912  vs  1,773,307</p>
<p>    Deposits	  2,493,500  vs  2,330,554</p>
<p>((--Chicago newsdesk, 312-408-8787))</p>
</text>
<copyright>(c) Reuters Limited 1997</copyright>
<metadata>
<codes class="bip:countries:1.0">
  <code code="USA">
    <editdetail attribution="Reuters BIP Coding Group" action="confirmed" date="1997-04-17"/>
  </code>
</codes>
<codes class="bip:industries:1.0">
  <code code="I81402">
    <editdetail attribution="Reuters BIP Coding Group" action="confirmed" date="1997-04-17"/>
  </code>
</codes>
<codes class="bip:topics:1.0">
  <code code="C15">
    <editdetail attribution="Reuters BIP Coding Group" action="confirmed" date="1997-04-17"/>
  </code>
  <code code="C151">
    <editdetail attribution="Reuters BIP Coding Group" action="confirmed" date="1997-04-17"/>
  </code>
  <code code="CCAT">
    <editdetail attribution="Reuters BIP Coding Group" action="confirmed" date="1997-04-17"/>
  </code>
</codes>
<dc element="dc.date.created" value="1997-04-17"/>
<dc element="dc.publisher" value="Reuters Holdings Plc"/>
<dc element="dc.date.published" value="1997-04-17"/>
<dc element="dc.source" value="Reuters"/>
<dc element="dc.creator.location" value="FARGO, N.D."/>
<dc element="dc.creator.location.country.name" value="USA"/>
<dc element="dc.source" value="Reuters"/>
</metadata>
</newsitem>
