<?xml version="1.0" encoding="iso-8859-1" ?>
<newsitem itemid="516031" id="root" date="1997-04-17" xml:lang="en">
<title>USA: Carnival Air Lines chairman/CEO Wertheim resigns.</title>
<headline>Carnival Air Lines chairman/CEO Wertheim resigns.</headline>
<dateline>FORT LAUDERDALE, Fla. 1997-04-17</dateline>
<text>
<p>Carnival Air Lines, which has a pending agreement to be acquired by Pan Am Corp, said Thursday that its chairman and chief executive officer, Reuven Wertheim, has resigned.</p>
<p>The airline's president, Ray Vecci, will assume Wertheim's responsibilities, the company said.</p>
<p>Wertheim, a 35-year veteran of the airline industry,  plans to launch a consulting firm under the name Commercial Aviation Associates Inc and additionally will become a shareholder of and consultant to Pan Am, it said.  </p>
<p>Wertheim co-founded Carnival Air Lines in 1988 with cruise pioneer Micky Arison, who is chairman and chief executive of Carnival Corp.</p>
<p>Privately-held Carnival Air, which is not part of Carnival Corp, started business with one plane and 35 employees.  Today it has 1,600 employees, 27 jets and service to nearly 20 destinations in the Northeast, Florida, California and the Caribbean.</p>
</text>
<copyright>(c) Reuters Limited 1997</copyright>
<metadata>
<codes class="bip:countries:1.0">
  <code code="USA">
    <editdetail attribution="Reuters BIP Coding Group" action="confirmed" date="1997-04-17"/>
  </code>
</codes>
<codes class="bip:industries:1.0">
  <code code="I75000">
    <editdetail attribution="Reuters BIP Coding Group" action="confirmed" date="1997-04-17"/>
  </code>
</codes>
<codes class="bip:topics:1.0">
  <code code="C41">
    <editdetail attribution="Reuters BIP Coding Group" action="confirmed" date="1997-04-17"/>
  </code>
  <code code="C411">
    <editdetail attribution="Reuters BIP Coding Group" action="confirmed" date="1997-04-17"/>
  </code>
  <code code="CCAT">
    <editdetail attribution="Reuters BIP Coding Group" action="confirmed" date="1997-04-17"/>
  </code>
</codes>
<dc element="dc.date.created" value="1997-04-17"/>
<dc element="dc.publisher" value="Reuters Holdings Plc"/>
<dc element="dc.date.published" value="1997-04-17"/>
<dc element="dc.source" value="Reuters"/>
<dc element="dc.creator.location" value="FORT LAUDERDALE, Fla."/>
<dc element="dc.creator.location.country.name" value="USA"/>
<dc element="dc.source" value="Reuters"/>
</metadata>
</newsitem>
