<?xml version="1.0" encoding="iso-8859-1" ?>
<newsitem itemid="516030" id="root" date="1997-04-17" xml:lang="en">
<title>USA: MedAmicus Inc Q1 net profit vs loss.</title>
<headline>MedAmicus Inc Q1 net profit vs loss.</headline>
<dateline>MINNEAPOLIS 1997-04-17</dateline>
<text>
<p>1997			1996</p>
<p> Shr profit		   nil     loss	 $0.10</p>
<p> Net profit		     7     loss	   333</p>
<p> Revs			 1,798		    1,234</p>
<p> Avg shrs		   4,177		    3,445</p>
<p>	 (All Data Above 000s Except Per Share Numbers)</p>
<p>	  ((Reuters Chicago Newsdesk (312) 408-8787))</p>
</text>
<copyright>(c) Reuters Limited 1997</copyright>
<metadata>
<codes class="bip:countries:1.0">
  <code code="USA">
    <editdetail attribution="Reuters BIP Coding Group" action="confirmed" date="1997-04-17"/>
  </code>
</codes>
<codes class="bip:industries:1.0">
  <code code="I37200">
    <editdetail attribution="Reuters BIP Coding Group" action="confirmed" date="1997-04-17"/>
  </code>
</codes>
<codes class="bip:topics:1.0">
  <code code="C15">
    <editdetail attribution="Reuters BIP Coding Group" action="confirmed" date="1997-04-17"/>
  </code>
  <code code="C151">
    <editdetail attribution="Reuters BIP Coding Group" action="confirmed" date="1997-04-17"/>
  </code>
  <code code="CCAT">
    <editdetail attribution="Reuters BIP Coding Group" action="confirmed" date="1997-04-17"/>
  </code>
</codes>
<dc element="dc.date.created" value="1997-04-17"/>
<dc element="dc.publisher" value="Reuters Holdings Plc"/>
<dc element="dc.date.published" value="1997-04-17"/>
<dc element="dc.source" value="Reuters"/>
<dc element="dc.creator.location" value="MINNEAPOLIS"/>
<dc element="dc.creator.location.country.name" value="USA"/>
<dc element="dc.source" value="Reuters"/>
</metadata>
</newsitem>
