<?xml version="1.0" encoding="iso-8859-1" ?>
<newsitem itemid="516007" id="root" date="1997-04-17" xml:lang="en">
<title>USA: Wayne Bancorp Q1 net higher, EPS flat.</title>
<headline>Wayne Bancorp Q1 net higher, EPS flat.</headline>
<dateline>WOOSTER, Ohio 1997-04-17</dateline>
<text>
<p>1997			1996</p>
<p> Shr			  $0.33		    $0.33</p>
<p> Net			  1,306		    1,291</p>
<p>(All data above 000s except per share numbers)</p>
<p>NOTE:  Net income for the first quarter of 1997 included non-recurring income of $75,000 from the sale of a pool of mortgages.</p>
</text>
<copyright>(c) Reuters Limited 1997</copyright>
<metadata>
<codes class="bip:countries:1.0">
  <code code="USA">
    <editdetail attribution="Reuters BIP Coding Group" action="confirmed" date="1997-04-17"/>
  </code>
</codes>
<codes class="bip:industries:1.0">
  <code code="I81402">
    <editdetail attribution="Reuters BIP Coding Group" action="confirmed" date="1997-04-17"/>
  </code>
</codes>
<codes class="bip:topics:1.0">
  <code code="C15">
    <editdetail attribution="Reuters BIP Coding Group" action="confirmed" date="1997-04-17"/>
  </code>
  <code code="C151">
    <editdetail attribution="Reuters BIP Coding Group" action="confirmed" date="1997-04-17"/>
  </code>
  <code code="CCAT">
    <editdetail attribution="Reuters BIP Coding Group" action="confirmed" date="1997-04-17"/>
  </code>
</codes>
<dc element="dc.date.created" value="1997-04-17"/>
<dc element="dc.publisher" value="Reuters Holdings Plc"/>
<dc element="dc.date.published" value="1997-04-17"/>
<dc element="dc.source" value="Reuters"/>
<dc element="dc.creator.location" value="WOOSTER, Ohio"/>
<dc element="dc.creator.location.country.name" value="USA"/>
<dc element="dc.source" value="Reuters"/>
</metadata>
</newsitem>
