<?xml version="1.0" encoding="iso-8859-1" ?>
<newsitem itemid="516042" id="root" date="1997-04-17" xml:lang="en">
<title>USA: Cleveland-Cliffs Inc Q1 shr $0.26 vs $0.30.</title>
<headline>Cleveland-Cliffs Inc Q1 shr $0.26 vs $0.30.</headline>
<dateline>CLEVELAND 1997-04-17</dateline>
<text>
<p>(In millions, except per share data)</p>
<p>						 1997     1996</p>
<p>REVENUES</p>
<p>  Product sales and services	  $ 20.5  $ 47.9</p>
<p>  Royalties and management fees	  8.3     9.2</p>
<p>   Total Operating Revenues	     28.8    57.1</p>
<p>   Investment income (securities)	2.2     2.2</p>
<p>   Other income				 .3	.5</p>
</text>
<copyright>(c) Reuters Limited 1997</copyright>
<metadata>
<codes class="bip:countries:1.0">
  <code code="USA">
    <editdetail attribution="Reuters BIP Coding Group" action="confirmed" date="1997-04-17"/>
  </code>
</codes>
<codes class="bip:industries:1.0">
  <code code="I21000">
    <editdetail attribution="Reuters BIP Coding Group" action="confirmed" date="1997-04-17"/>
  </code>
</codes>
<codes class="bip:topics:1.0">
  <code code="C15">
    <editdetail attribution="Reuters BIP Coding Group" action="confirmed" date="1997-04-17"/>
  </code>
  <code code="C151">
    <editdetail attribution="Reuters BIP Coding Group" action="confirmed" date="1997-04-17"/>
  </code>
  <code code="CCAT">
    <editdetail attribution="Reuters BIP Coding Group" action="confirmed" date="1997-04-17"/>
  </code>
</codes>
<dc element="dc.date.created" value="1997-04-17"/>
<dc element="dc.publisher" value="Reuters Holdings Plc"/>
<dc element="dc.date.published" value="1997-04-17"/>
<dc element="dc.source" value="Reuters"/>
<dc element="dc.creator.location" value="CLEVELAND"/>
<dc element="dc.creator.location.country.name" value="USA"/>
<dc element="dc.source" value="Reuters"/>
</metadata>
</newsitem>
