<?xml version="1.0" encoding="iso-8859-1" ?>
<newsitem itemid="516074" id="root" date="1997-04-17" xml:lang="en">
<title>USA: Cross-Continent Auto to buy Chaisson.</title>
<headline>Cross-Continent Auto to buy Chaisson.</headline>
<dateline>AMARILLO, Texas 1997-04-17</dateline>
<text>
<p>Cross-Continent Auto Retailers Inc said Thursday it had reached a definitive agreement to buy Chaisson Motor Cars for $27.5 million in cash, stock and promissory notes.</p>
<p>The company said Chaisson, a multiple franchise dealership group in Las Vegas that sells luxury cars, had sales of $70 million in 1996.</p>
<p>The deal, for which it will account as an asset purchase, is the fourth major acquisition since its initial public offering on September 23, 1996, it said.</p>
<p>Once it completes the deal and other pending acquisitions, the company will own and operate a group of 13 franchised automobile dealerships in Texas, Oklahoma, Nevada and Colorado, it added.</p>
<p>Cross-Continent sells new and used cars and light trucks, among other services.</p>
</text>
<copyright>(c) Reuters Limited 1997</copyright>
<metadata>
<codes class="bip:countries:1.0">
  <code code="USA">
    <editdetail attribution="Reuters BIP Coding Group" action="confirmed" date="1997-04-17"/>
  </code>
</codes>
<codes class="bip:industries:1.0">
  <code code="I65100">
    <editdetail attribution="Reuters BIP Coding Group" action="confirmed" date="1997-04-17"/>
  </code>
</codes>
<codes class="bip:topics:1.0">
  <code code="C18">
    <editdetail attribution="Reuters BIP Coding Group" action="confirmed" date="1997-04-17"/>
  </code>
  <code code="C181">
    <editdetail attribution="Reuters BIP Coding Group" action="confirmed" date="1997-04-17"/>
  </code>
  <code code="CCAT">
    <editdetail attribution="Reuters BIP Coding Group" action="confirmed" date="1997-04-17"/>
  </code>
</codes>
<dc element="dc.date.created" value="1997-04-17"/>
<dc element="dc.publisher" value="Reuters Holdings Plc"/>
<dc element="dc.date.published" value="1997-04-17"/>
<dc element="dc.source" value="Reuters"/>
<dc element="dc.creator.location" value="AMARILLO, Texas"/>
<dc element="dc.creator.location.country.name" value="USA"/>
<dc element="dc.source" value="Reuters"/>
</metadata>
</newsitem>
