<?xml version="1.0" encoding="iso-8859-1" ?>
<newsitem itemid="516112" id="root" date="1997-04-17" xml:lang="en">
<title>USA: Computron Software Q4 shr loss narrows.</title>
<headline>Computron Software Q4 shr loss narrows.</headline>
<dateline>RUTHERFORD, N.J. 1997-04-17</dateline>
<text>
<p>1996			1995</p>
<p> Shr loss		   $0.42     loss	 $0.58</p>
<p> Net loss		   8,600     loss	11,000</p>
<p> Revs			19,700		    9,900</p>
<p>	  12 MONTHS</p>
<p> Shr loss		   $1.53     loss	 $0.46</p>
<p> Net loss		  31,800     loss	 8,600</p>
<p> Revs			54,400		   52,800</p>
<p>NOTE: Full company name is Computron Software Inc.</p>
<p>(All data above 000s except per share numbers)</p>
<p>((-- New York Newsdesk 212 859-1610))</p>
</text>
<copyright>(c) Reuters Limited 1997</copyright>
<metadata>
<codes class="bip:countries:1.0">
  <code code="USA">
    <editdetail attribution="Reuters BIP Coding Group" action="confirmed" date="1997-04-17"/>
  </code>
</codes>
<codes class="bip:industries:1.0">
  <code code="I33020">
    <editdetail attribution="Reuters BIP Coding Group" action="confirmed" date="1997-04-17"/>
  </code>
  <code code="I3302021">
    <editdetail attribution="Reuters BIP Coding Group" action="confirmed" date="1997-04-17"/>
  </code>
</codes>
<codes class="bip:topics:1.0">
  <code code="C15">
    <editdetail attribution="Reuters BIP Coding Group" action="confirmed" date="1997-04-17"/>
  </code>
  <code code="C151">
    <editdetail attribution="Reuters BIP Coding Group" action="confirmed" date="1997-04-17"/>
  </code>
  <code code="C1511">
    <editdetail attribution="Reuters BIP Coding Group" action="confirmed" date="1997-04-17"/>
  </code>
  <code code="CCAT">
    <editdetail attribution="Reuters BIP Coding Group" action="confirmed" date="1997-04-17"/>
  </code>
</codes>
<dc element="dc.date.created" value="1997-04-17"/>
<dc element="dc.publisher" value="Reuters Holdings Plc"/>
<dc element="dc.date.published" value="1997-04-17"/>
<dc element="dc.source" value="Reuters"/>
<dc element="dc.creator.location" value="RUTHERFORD, N.J."/>
<dc element="dc.creator.location.country.name" value="USA"/>
<dc element="dc.source" value="Reuters"/>
</metadata>
</newsitem>
