<?xml version="1.0" encoding="iso-8859-1" ?>
<newsitem itemid="758464" id="root" date="1997-07-27" xml:lang="en">
<title>UK: CRICKET-ENGLISH COUNTY CHAMPIONSHIP RESULT/STANDINGS.</title>
<headline>CRICKET-ENGLISH COUNTY CHAMPIONSHIP RESULT/STANDINGS.</headline>
<dateline>LONDON 1997-07-27</dateline>
<text>
<p>Result on the final day of a</p>
<p>four-day English county championship cricket match on Sunday:</p>
<p>At Edgbaston: Warwickshire v Somerset match drawn.</p>
<p>Warwickshire 336 and 198-5 declared (D.Hemp 65 not out, M.Wagh</p>
<p>57; G.Rose 4-75). Somerset 304-6 declared and 134-6.</p>
<p>Warwickshire 8 points Somerset 10.</p>
<p>    Standings	 P  W  L  D  Bat Bowl Pts</p>
<p> Gloucestershire   11  5  3  3  22   38  149</p>
<p> Glamorgan	   10  5  1  4  25   31  148</p>
<p> Kent		  10  5  4  1  22   33  138</p>
<p> Essex		 10  4  3  3  25   38  136</p>
<p> Leicestershire    11  2  0  9  25   39  123</p>
<p> Middlesex	   10  4  3  3  17   33  123</p>
<p> Yorkshire	   10  3  2  5  22   32  117</p>
<p> Lancashire	  11  3  4  4  23   30  113</p>
<p> Nottinghamshire   10  3  2  5   8   37  108</p>
<p> Surrey		11  2  3  6  24   31  105</p>
<p> Warwickshire	10  3  1  6  19   27  112</p>
<p> Somerset	    10  2  2  6  23   37  110</p>
<p> Hampshire	   11  2  3  6  28   25  103</p>
<p> Worcestershire     9  2  1  6  21   26  102</p>
<p> Northamptonshire  10  2  2  6  15   27   92</p>
<p> Durham		10  1  4  5  14   29   74</p>
<p> Sussex		10  0  5  5  15   36   66</p>
<p> Derbyshire	  10  0  5  5  14   36   65</p>
</text>
<copyright>(c) Reuters Limited 1997</copyright>
<metadata>
<codes class="bip:countries:1.0">
  <code code="UK">
    <editdetail attribution="Reuters BIP Coding Group" action="confirmed" date="1997-07-27"/>
  </code>
</codes>
<codes class="bip:topics:1.0">
  <code code="GCAT">
    <editdetail attribution="Reuters BIP Coding Group" action="confirmed" date="1997-07-27"/>
  </code>
  <code code="GSPO">
    <editdetail attribution="Reuters BIP Coding Group" action="confirmed" date="1997-07-27"/>
  </code>
</codes>
<dc element="dc.date.created" value="1997-07-27"/>
<dc element="dc.publisher" value="Reuters Holdings Plc"/>
<dc element="dc.date.published" value="1997-07-27"/>
<dc element="dc.source" value="Reuters"/>
<dc element="dc.creator.location" value="LONDON"/>
<dc element="dc.creator.location.country.name" value="UK"/>
<dc element="dc.source" value="Reuters"/>
</metadata>
</newsitem>
