<?xml version="1.0" encoding="iso-8859-1" ?>
<newsitem itemid="758466" id="root" date="1997-07-27" xml:lang="en">
<title>UK: CRICKET-ENGLAND 212-4 AND 102-4, AUSTRALIA 501-9 DEC - CLOSE.</title>
<headline>CRICKET-ENGLAND 212-4 AND 102-4, AUSTRALIA 501-9 DEC - CLOSE.</headline>
<dateline>LEEDS, England 1997-07-27</dateline>
<text>
<p>England, 329 behind</p>
<p>Australia on first innings, were 212-4 in their second innings</p>
<p>at close of play on the fourth day of the fourth test at</p>
<p>Headingley on Sunday.</p>
<p>Scores: England 172 and 212-4, Australia 501-9 declared.</p>
</text>
<copyright>(c) Reuters Limited 1997</copyright>
<metadata>
<codes class="bip:countries:1.0">
  <code code="AUSTR">
    <editdetail attribution="Reuters BIP Coding Group" action="confirmed" date="1997-07-27"/>
  </code>
  <code code="UK">
    <editdetail attribution="Reuters BIP Coding Group" action="confirmed" date="1997-07-27"/>
  </code>
</codes>
<codes class="bip:topics:1.0">
  <code code="GCAT">
    <editdetail attribution="Reuters BIP Coding Group" action="confirmed" date="1997-07-27"/>
  </code>
  <code code="GSPO">
    <editdetail attribution="Reuters BIP Coding Group" action="confirmed" date="1997-07-27"/>
  </code>
</codes>
<dc element="dc.date.created" value="1997-07-27"/>
<dc element="dc.publisher" value="Reuters Holdings Plc"/>
<dc element="dc.date.published" value="1997-07-27"/>
<dc element="dc.source" value="Reuters"/>
<dc element="dc.creator.location" value="LEEDS, England"/>
<dc element="dc.creator.location.country.name" value="UK"/>
<dc element="dc.source" value="Reuters"/>
</metadata>
</newsitem>
