<?xml version="1.0" encoding="iso-8859-1" ?>
<newsitem itemid="758498" id="root" date="1997-07-27" xml:lang="en">
<title>USA: TENNIS-RESULTS AT CALIFORNIA WEST TOURNAMENT.</title>
<headline>TENNIS-RESULTS AT CALIFORNIA WEST TOURNAMENT.</headline>
<dateline>PALO ALTO, California 1997-07-27</dateline>
<text>
<p>Result at the</p>
<p>Bank of the West Classic women's tennis tournament Sunday</p>
<p>(prefix number denotes seeding):</p>
<p>Final</p>
<p>1-Martina Hingis (Switzerland) beat 6-Conchita Martinez</p>
<p>(Spain) 6-0 6-2</p>
</text>
<copyright>(c) Reuters Limited 1997</copyright>
<metadata>
<codes class="bip:countries:1.0">
  <code code="SPAIN">
    <editdetail attribution="Reuters BIP Coding Group" action="confirmed" date="1997-07-27"/>
  </code>
  <code code="SWITZ">
    <editdetail attribution="Reuters BIP Coding Group" action="confirmed" date="1997-07-27"/>
  </code>
  <code code="USA">
    <editdetail attribution="Reuters BIP Coding Group" action="confirmed" date="1997-07-27"/>
  </code>
</codes>
<codes class="bip:topics:1.0">
  <code code="GCAT">
    <editdetail attribution="Reuters BIP Coding Group" action="confirmed" date="1997-07-27"/>
  </code>
  <code code="GSPO">
    <editdetail attribution="Reuters BIP Coding Group" action="confirmed" date="1997-07-27"/>
  </code>
</codes>
<dc element="dc.date.created" value="1997-07-27"/>
<dc element="dc.publisher" value="Reuters Holdings Plc"/>
<dc element="dc.date.published" value="1997-07-27"/>
<dc element="dc.source" value="Reuters"/>
<dc element="dc.creator.location" value="PALO ALTO, California"/>
<dc element="dc.creator.location.country.name" value="USA"/>
<dc element="dc.source" value="Reuters"/>
</metadata>
</newsitem>
