<?xml version="1.0" encoding="iso-8859-1" ?>
<newsitem itemid="758487" id="root" date="1997-07-27" xml:lang="en">
<title>AUSTRALIA: RUGBY LEAGUE-AUSTRALIAN RESULTS/STANDINGS.</title>
<headline>RUGBY LEAGUE-AUSTRALIAN RESULTS/STANDINGS.</headline>
<dateline>SYDNEY 1997-07-27</dateline>
<text>
<p>Results of Australian premiership</p>
<p>rugby league matches played at the weekend.</p>
<p>Played Sunday:</p>
<p> South Sydney   8  North Sydney	40</p>
<p> Gold Coast    40  South Queensland  18</p>
<p>Played Saturday:</p>
<p> Illawarra     12  Sydney City	 34</p>
<p> Balmain	 10  St George	    4</p>
<p>Played Friday:</p>
<p> Newcastle     42  Western Suburbs   18</p>
<p> Manly	   10  Parramatta	  17</p>
<p>Premiership standings (tabulate under played, won, drawn,</p>
<p>lost, points for, points against, total points):</p>
<p> Manly		 17   11    2    4   383   283    24</p>
<p> Parramatta	  17   12    0    5   335   267    24</p>
<p> North Sydney	17   11    1    5   421   249    23</p>
<p> Newcastle	   17   10    1    6   374   258    21</p>
<p> Gold Coast	  17    9    1    7   369   338    19</p>
<p> Sydney City	 17    8    1    8   352   288    17</p>
<p> Illawarra	   17    7    3    7   307   284    17</p>
<p> Balmain	     17    8    0    9   247   246    16</p>
<p> Western Suburbs   17    8    0    9   268   287    16</p>
<p> St George	   17    7    0   10   261   320    14</p>
<p> South Sydney	17    4    1   12   243   475     9</p>
<p> South Queensland  17    2    0   15   243   508     4</p>
</text>
<copyright>(c) Reuters Limited 1997</copyright>
<metadata>
<codes class="bip:countries:1.0">
  <code code="AUSTR">
    <editdetail attribution="Reuters BIP Coding Group" action="confirmed" date="1997-07-27"/>
  </code>
</codes>
<codes class="bip:topics:1.0">
  <code code="GCAT">
    <editdetail attribution="Reuters BIP Coding Group" action="confirmed" date="1997-07-27"/>
  </code>
  <code code="GSPO">
    <editdetail attribution="Reuters BIP Coding Group" action="confirmed" date="1997-07-27"/>
  </code>
</codes>
<dc element="dc.date.created" value="1997-07-27"/>
<dc element="dc.publisher" value="Reuters Holdings Plc"/>
<dc element="dc.date.published" value="1997-07-27"/>
<dc element="dc.source" value="Reuters"/>
<dc element="dc.creator.location" value="SYDNEY"/>
<dc element="dc.creator.location.country.name" value="AUSTRALIA"/>
<dc element="dc.source" value="Reuters"/>
</metadata>
</newsitem>
