<?xml version="1.0" encoding="iso-8859-1" ?>
<newsitem itemid="758502" id="root" date="1997-07-27" xml:lang="en">
<title>USA: BASEBALL-SATURDAY'S MAJOR LEAGUE RESULTS.</title>
<headline>BASEBALL-SATURDAY'S MAJOR LEAGUE RESULTS.</headline>
<dateline>NEW YORK 1997-07-26</dateline>
<text>
<p>Results of Major League</p>
<p>Baseball games on Saturday (home team in CAPS):</p>
<p>		 American League</p>
<p> Texas	     4  CHI WHITE SOX   1</p>
<p> CLEVELAND	 6  Oakland	   3</p>
<p> Seattle	   9  NY YANKEES	7</p>
<p> TORONTO	   6  Kansas City     5</p>
<p> BOSTON	    7  Anaheim	   6</p>
<p> Milwaukee	 3  DETROIT	   1</p>
<p> Baltimore	 2  MINNESOTA	 1 (in 12)</p>
<p>		 National League</p>
<p> CINCINNATI	7  Atlanta	   6 (in 11)</p>
<p> ST LOUIS	  3  Florida	   1</p>
<p> Pittsburgh     10  SAN FRANCISCO   3</p>
<p> COLORADO	  6  Chicago Cubs    3</p>
<p> HOUSTON	   9  Montreal	  8 (in 10)</p>
<p> LOS ANGELES     4  Philadelphia    1</p>
<p> SAN DIEGO	 5  NY Mets	   3</p>
</text>
<copyright>(c) Reuters Limited 1997</copyright>
<metadata>
<codes class="bip:countries:1.0">
  <code code="CANA">
    <editdetail attribution="Reuters BIP Coding Group" action="confirmed" date="1997-07-27"/>
  </code>
  <code code="USA">
    <editdetail attribution="Reuters BIP Coding Group" action="confirmed" date="1997-07-27"/>
  </code>
</codes>
<codes class="bip:topics:1.0">
  <code code="GCAT">
    <editdetail attribution="Reuters BIP Coding Group" action="confirmed" date="1997-07-27"/>
  </code>
  <code code="GSPO">
    <editdetail attribution="Reuters BIP Coding Group" action="confirmed" date="1997-07-27"/>
  </code>
</codes>
<dc element="dc.date.created" value="1997-07-26"/>
<dc element="dc.publisher" value="Reuters Holdings Plc"/>
<dc element="dc.date.published" value="1997-07-27"/>
<dc element="dc.source" value="Reuters"/>
<dc element="dc.creator.location" value="NEW YORK"/>
<dc element="dc.creator.location.country.name" value="USA"/>
<dc element="dc.source" value="Reuters"/>
</metadata>
</newsitem>
