<?xml version="1.0" encoding="iso-8859-1" ?>
<newsitem itemid="758589" id="root" date="1997-07-27" xml:lang="en">
<title>AUSTRALIA: Best Australian bank/non-bank term deposits.</title>
<headline>Best Australian bank/non-bank term deposits.</headline>
<text>
<p>(Updated July 25)</p>
<p>BANKS</p>
<p>    PERIOD	BANK		    RATE   EFFECTIVE RATE</p>
<p>    30 days     QIDC		    5.05</p>
<p>    90 days     Arab Bank	     5.50</p>
<p>   180 days     Arab Bank	     5.50</p>
<p>   270 days     Arab Bank	     5.50</p>
<p>    1 year	Arab Bank	     5.50	  5.50</p>
<p>    2 years     Colonial State Bank 5.75	  5.83</p>
<p>    3 years     MacqBk		  6.00	  6.14</p>
</text>
<copyright>(c) Reuters Limited 1997</copyright>
<metadata>
<codes class="bip:countries:1.0">
  <code code="AUSTR">
    <editdetail attribution="Reuters BIP Coding Group" action="confirmed" date="1997-07-27"/>
  </code>
</codes>
<codes class="bip:industries:1.0">
  <code code="I81402">
    <editdetail attribution="Reuters BIP Coding Group" action="confirmed" date="1997-07-27"/>
  </code>
  <code code="I81403">
    <editdetail attribution="Reuters BIP Coding Group" action="confirmed" date="1997-07-27"/>
  </code>
</codes>
<codes class="bip:topics:1.0">
  <code code="C31">
    <editdetail attribution="Reuters BIP Coding Group" action="confirmed" date="1997-07-27"/>
  </code>
  <code code="CCAT">
    <editdetail attribution="Reuters BIP Coding Group" action="confirmed" date="1997-07-27"/>
  </code>
</codes>
<dc element="dc.publisher" value="Reuters Holdings Plc"/>
<dc element="dc.date.published" value="1997-07-27"/>
<dc element="dc.source" value="Reuters"/>
<dc element="dc.creator.location.country.name" value="AUSTRALIA"/>
<dc element="dc.source" value="Reuters"/>
</metadata>
</newsitem>
