<?xml version="1.0" encoding="iso-8859-1" ?>
<newsitem itemid="758580" id="root" date="1997-07-27" xml:lang="en">
<title>MEXICO: Magazine-Mexico military took bribes from drug lords.</title>
<headline>Magazine-Mexico military took bribes from drug lords.</headline>
<dateline>MEXICO CITY 1997-07-27</dateline>
<text>
<p>Top Mexican military leaders may have accepted gifts in return for protecting the nation's most powerful drug lords, a magazine reported on Sunday.</p>
<p>The Proceso weekly magazine quoted top secret documents from a six-year-long investigation within Mexico's Defence Ministry that allegedly showed close ties between high-ranking officers and some of the nation's most notorious drug lords.</p>
<p>Mexico's military has been riddled with scandal since the chief of the now scrapped National Institute for Combatting Drugs (INCD), Jesus Gutierrez Rebollo, was jailed in February amid charges of taking bribes from the country's top drug kingpin.</p>
<p>The scandal reared up again on Saturday with the armed attack on a key informant who was instrumental in leading to the arrest of Gutierrez. Ricardo Cesareo Vazquez was shot at as he left his house, but the Federal Attorney General's Office said he was not badly injured.</p>
<p>Proceso cited evidence that it said linked two generals, two colonels and three lieutenant-colonels with protecting and accepting gifts from drug lords Ernesto Fonseca Carrillo, known as &quot;Don Neto&quot;, and Rafael Caro Quintero. Both men are now in jail on drug-trafficking and related charges.</p>
<p>Proceso said the allegations came to light after the arrest of two military officials, who stole the confidential investigation documents from the office of Defence Minister Enrique Cervantes Aguirre.</p>
<p>The documents were part of an investigation that was begun in 1991 and ended in March of this year, Proceso said. The magazine did not report the result of the investigation or how it obtained the documents.</p>
<p>The reports also cite an offer from former top drug lord Amado Carillo to stop selling drugs in Mexico in return for protection for himself and his family. Proceso said Carillo did not offer to turn himself in and said he would keep selling drugs outside of Mexico.</p>
<p>Carillo died after liposuction and plastic surgery last month. Authorities say he was killed by an overdose of a sleeping drug.</p>
</text>
<copyright>(c) Reuters Limited 1997</copyright>
<metadata>
<codes class="bip:countries:1.0">
  <code code="MEX">
    <editdetail attribution="Reuters BIP Coding Group" action="confirmed" date="1997-07-27"/>
  </code>
</codes>
<codes class="bip:topics:1.0">
  <code code="GCAT">
    <editdetail attribution="Reuters BIP Coding Group" action="confirmed" date="1997-07-27"/>
  </code>
  <code code="GCRIM">
    <editdetail attribution="Reuters BIP Coding Group" action="confirmed" date="1997-07-27"/>
  </code>
  <code code="GDEF">
    <editdetail attribution="Reuters BIP Coding Group" action="confirmed" date="1997-07-27"/>
  </code>
  <code code="GPOL">
    <editdetail attribution="Reuters BIP Coding Group" action="confirmed" date="1997-07-27"/>
  </code>
</codes>
<dc element="dc.date.created" value="1997-07-27"/>
<dc element="dc.publisher" value="Reuters Holdings Plc"/>
<dc element="dc.date.published" value="1997-07-27"/>
<dc element="dc.source" value="Reuters"/>
<dc element="dc.creator.location" value="MEXICO CITY"/>
<dc element="dc.creator.location.country.name" value="MEXICO"/>
<dc element="dc.source" value="Reuters"/>
</metadata>
</newsitem>
