<?xml version="1.0" encoding="iso-8859-1" ?>
<newsitem itemid="758575" id="root" date="1997-07-27" xml:lang="en">
<title>COLOMBIA: Fired general calls Colombian minister a liar.</title>
<headline>Fired general calls Colombian minister a liar.</headline>
<dateline>BOGOTA 1997-07-27</dateline>
<text>
<p>Former armed forces chief Gen. Harold Bedoya on Sunday called Colombia's defence minister a liar for not explaining the true reasons behind his dismissal.</p>
<p>Bedoya, a military hawk, also gave his firmest indication to date that he would run in the 1998 presidential election.</p>
<p>The tough-talking general was fired on Thursday &quot;for reasons of state&quot; after a series of public disagreements over President Ernesto Samper's plans to start a new peace process with the country's leftist guerrillas.</p>
<p>The next day Defence Minister Gilberto Echeverri suggested Bedoya had been fired for failing to commit himself to improving the armed forces' dismal human rights record.</p>
<p>&quot;That is a complete lie by the defence minister. I've never had any disagreement with him or with anybody over human rights,&quot; Bedoya told El Tiempo newspaper.</p>
<p>The interview triggered a war of words as Echeverri issued a statement calling Bedoya's remarks &quot;lamentable.&quot;</p>
<p>He did not explain the alleged dispute in detail but hinted Bedoya had resisted Samper's efforts to put an end to military immunity for certain acts committed on the battlefield, including human rights violations.</p>
<p>Colombia's armed forces have one of the worst records of violations in Latin America and have come under growing attack from influential international human rights organisations. The U.S. government has refused to hand over about $70 million in military aid until Colombia promises greater respect for human rights.</p>
<p>Bedoya, who was trained at the U.S. School of the Americas and has been accused by international pressure groups of sponsoring right-wing paramilitary gangs, has consistently rejected Samper's plans for fresh peace talks.</p>
<p>&quot;I have always been on the side of peace. But we cannot let a nation be destroyed in the course of making peace,&quot; he told El Tiempo.</p>
<p>Bedoya is widely expected to seek the presidency in the May 1998 election, although he has not formally announced his candidacy.</p>
<p>In the clearest sign yet he may soon do so, he told El Tiempo: &quot;I aspire to the position of president. Things can only be improved from the presidency. You cannot begin by resolving things from the bottom.&quot;</p>
<p>In opinion polls carried out over the weekend by Colombia's two leading newspapers, between 36 percent and 40 percent of those questioned said they would vote for Bedoya.</p>
</text>
<copyright>(c) Reuters Limited 1997</copyright>
<metadata>
<codes class="bip:countries:1.0">
  <code code="COL">
    <editdetail attribution="Reuters BIP Coding Group" action="confirmed" date="1997-07-27"/>
  </code>
</codes>
<codes class="bip:topics:1.0">
  <code code="GCAT">
    <editdetail attribution="Reuters BIP Coding Group" action="confirmed" date="1997-07-27"/>
  </code>
  <code code="GDEF">
    <editdetail attribution="Reuters BIP Coding Group" action="confirmed" date="1997-07-27"/>
  </code>
  <code code="GPOL">
    <editdetail attribution="Reuters BIP Coding Group" action="confirmed" date="1997-07-27"/>
  </code>
  <code code="GVOTE">
    <editdetail attribution="Reuters BIP Coding Group" action="confirmed" date="1997-07-27"/>
  </code>
</codes>
<dc element="dc.date.created" value="1997-07-27"/>
<dc element="dc.publisher" value="Reuters Holdings Plc"/>
<dc element="dc.date.published" value="1997-07-27"/>
<dc element="dc.source" value="Reuters"/>
<dc element="dc.creator.location" value="BOGOTA"/>
<dc element="dc.creator.location.country.name" value="COLOMBIA"/>
<dc element="dc.source" value="Reuters"/>
</metadata>
</newsitem>
