<?xml version="1.0" encoding="iso-8859-1" ?>
<newsitem itemid="758530" id="root" date="1997-07-27" xml:lang="en">
<title>MOLDOVA: AILING MOLDOVA FOREIGN MINISTER IS NEW PARIS ENVOY.</title>
<headline>AILING MOLDOVA FOREIGN MINISTER IS NEW PARIS ENVOY.</headline>
<dateline>CHISINAU 1997-07-25</dateline>
<text>
<p>Moldovan President Petru Lucinschi on Friday relieved Foreign Minister Mihai Popov of his duties on health grounds and appointed him the former Soviet republic's first ambassador to France.</p>
<p>Lucinschi, who announced the news in a conversation with reporters, did not name any immediate replacement for the 48-year-old minister, who has undergone several surgical operations in the last two years.</p>
<p>Popov is expected to start his new job with the inauguration of Moldova's Paris embassy ahead of a state visit to France which Lucinschi plans to make on September 7-9.</p>
</text>
<copyright>(c) Reuters Limited 1997</copyright>
<metadata>
<codes class="bip:countries:1.0">
  <code code="FRA">
    <editdetail attribution="Reuters BIP Coding Group" action="confirmed" date="1997-07-27"/>
  </code>
  <code code="MOLDV">
    <editdetail attribution="Reuters BIP Coding Group" action="confirmed" date="1997-07-27"/>
  </code>
</codes>
<codes class="bip:topics:1.0">
  <code code="GCAT">
    <editdetail attribution="Reuters BIP Coding Group" action="confirmed" date="1997-07-27"/>
  </code>
  <code code="GDIP">
    <editdetail attribution="Reuters BIP Coding Group" action="confirmed" date="1997-07-27"/>
  </code>
  <code code="GPOL">
    <editdetail attribution="Reuters BIP Coding Group" action="confirmed" date="1997-07-27"/>
  </code>
</codes>
<dc element="dc.date.created" value="1997-07-25"/>
<dc element="dc.publisher" value="Reuters Holdings Plc"/>
<dc element="dc.date.published" value="1997-07-27"/>
<dc element="dc.source" value="Reuters"/>
<dc element="dc.creator.location" value="CHISINAU"/>
<dc element="dc.creator.location.country.name" value="MOLDOVA"/>
<dc element="dc.source" value="Reuters"/>
</metadata>
</newsitem>
