<?xml version="1.0" encoding="iso-8859-1" ?>
<newsitem itemid="758552" id="root" date="1997-07-27" xml:lang="en">
<title>UK: Reuters historical calendar - August 3.</title>
<headline>Reuters historical calendar - August 3.</headline>
<dateline>LONDON 1997-07-27</dateline>
<text>
<p>Following are some of the major events to have occurred on August 3 in history.</p>
<p>216BC - The Carthaginians under Hannibal scored a notable victory over superior Roman forces at the Battle of Cannae.</p>
<p>1347 - The French city of Calais surrendered to Edward III of England in the Hundred Years' War.</p>
<p>1460 - James II, King of Scotland, was killed by the English during the siege of Roxburgh Castle.</p>
<p>1492 - Christopher Columbus embarked from Palos de la Frontera, Spain, aboard the &quot;Santa Maria&quot;, on his first voyage of westward exploration.</p>
<p>1610 - Captain Henry Hudson, seeking a new passage to the Pacific, discovers the bay which now bears his name.</p>
<p>1770 - Frederick William III, King of Prussia from 1797-1840, born.</p>
<p>1778 - La Scala opera house in Milan, the work of Giuseppe Piermarini, was opened.</p>
<p>1811 - Elisha Graves Otis born. U.S. inventor, developer of the first safe passenger elevator.</p>
<p>1856 - Alfred Deakin, three times Prime Minister of Australia from 1903-10, born.</p>
<p>1858 - Lake Victoria, the source of the Nile, discovered by English explorer John Speke.</p>
<p>1867 - Stanley Baldwin, British Prime Minister from 1923-29 and 1935-37, born.</p>
<p>1872 - Haakon VII, king of Norway 1905-57, born in Denmark. Greatly influenced his people's resistance to German occupation during World War II by his refusal to abdicate.</p>
<p>1901 - Cardinal Stefan Wyszynski born. Roman Catholic Primate of Poland, he was known for his anti-Communist stand for which he was imprisoned in 1953.</p>
<p>1903 - Habib Bourguiba born. First president of Tunisia 1957-87.</p>
<p>1904 - British troops enter Lhasa, Tibet, as the Dalai Lama fled.</p>
<p>1914 - Germany declared war on France; Belgium refused Germany's request to allow its troops to enter the country; Britain warned Germany against invading Belgium. British foreign secretary Edward Grey remarked, &quot;The lamps are going out all over Europe; we shall not see them lit again in our lifetime&quot;.</p>
<p>1916 - Sir Roger Casement, Irish nationalist leader, was hanged in London for treason.</p>
<p>1924 - Joseph Conrad, Polish-born novelist and author of &quot;Lord Jim&quot;, died.</p>
<p>1926 - U.S. singer Tony Bennett, who made &quot;I Left My Heart in San Francisco&quot; his theme song, born as Anthony Benedetto.</p>
<p>1936 - Black athlete Jesse Owens won the first of his four gold medals at the Berlin Olympics.</p>
<p>1940 - Lithuania was formally incorporated into the Soviet Union as the Lithuanian Soviet Socialist Republic.</p>
<p>1945 - All ethnic Germans and Hungarians in Czechoslovakia were stripped of their citizenship.</p>
<p>1954 - Colette, one of the most influential French woman novelists of the 20th century, died.</p>
<p>1956 - The name of Bedloe's Island, the site of the statue of Liberty, changed to Liberty Island.</p>
<p>1958 - U.S. atomic submarine &quot;Nautilus&quot;, commanded by William Anderson, became the first vessel to reach the North Pole under the ice.</p>
<p>1963 - After nearly 300 performances at the Cavern Club, Liverpool since 1961, the Beatles played there for the last time.</p>
<p>1966 - Lenny Bruce, U.S. comedian, died from a drugs overdose.</p>
<p>1977 - Archbishop Makarios of Cyprus died of a heart attack in Nicosia.</p>
<p>1988 - West German Mathias Rust, who landed his light plane near Red Square in 1987, was released from prison and expelled from the Soviet Union.</p>
<p>1989 - Ali Akbar Hashemi Rafsanjani was sworn in as Iranian President.</p>
<p>1992 - Russia and the Ukraine agreed to postpone a decision on a final shareout of the Black Sea fleet until 1995.</p>
<p>1995 - Bosnian Prime Minister Haris Silajdzic offers his resignation, later rescinded.</p>
<p>1995 - British-born actress and director Ida Lupino, who once described herself as the &quot;poor man's Bette Davis&quot;, died.</p>
</text>
<copyright>(c) Reuters Limited 1997</copyright>
<metadata>
<codes class="bip:countries:1.0">
  <code code="UK">
    <editdetail attribution="Reuters BIP Coding Group" action="confirmed" date="1997-07-27"/>
  </code>
</codes>
<codes class="bip:topics:1.0">
  <code code="GCAT">
    <editdetail attribution="Reuters BIP Coding Group" action="confirmed" date="1997-07-27"/>
  </code>
</codes>
<dc element="dc.date.created" value="1997-07-27"/>
<dc element="dc.publisher" value="Reuters Holdings Plc"/>
<dc element="dc.date.published" value="1997-07-27"/>
<dc element="dc.source" value="Reuters"/>
<dc element="dc.creator.location" value="LONDON"/>
<dc element="dc.creator.location.country.name" value="UK"/>
<dc element="dc.source" value="Reuters"/>
</metadata>
</newsitem>
