<?xml version="1.0" encoding="iso-8859-1" ?>
<newsitem itemid="758541" id="root" date="1997-07-27" xml:lang="en">
<title>UK: Labour offers concessions after attacks.</title>
<headline>Labour offers concessions after attacks.</headline>
<byline>Paul Majendie</byline>
<dateline>LONDON 1997-07-27</dateline>
<text>
<p>Britain's ruling Labour party offered concessions on Sunday after party veterans and trade union leaders attacked Prime Minister Tony Blair's reforms.</p>
<p>Labour said local party branches and trade unions would be allowed to submit their own motions to the party's annual conference, according to proposals to be put to Labour's national executive on Wednesday.</p>
<p>The move was seen as allaying grassroots fears that the September conference would be no more than a rally to endorse the policies of the leadership.</p>
<p>Blair has been on a reform drive that shows no sign of cooling after his landslide May 1 election victory.</p>
<p>But Paddy Ashdown, leader of the centrist Liberal Democrats, forcefully defended Blair for giving him a chance to influence policy and said Britain was now entering an era of consensus politics.</p>
<p>Less than three months after coming to power with a massive majority in parliament, Blair last week invited the Liberal Democrats to join a cabinet committee looking into constitutional reform.</p>
<p>This drew fire from Labour left-wing veteran Tony Benn who claimed that the move &quot;would be the beginning of the end of the Labour Party&quot;.</p>
<p>Writing in the Observer newspaper, he said Labour was turning into a British version of the U.S. Democrats. This could mean complete disillusionment with politics and low voter turnout as typified by President Bill Clinton's victory.</p>
<p>Former Labour Party deputy leader Roy Hattersley added to the veteran voices of concern. Increasingly disillusioned with the way the party was going, he said it was &quot;no longer a force for a more equal society&quot;.</p>
<p>Blair rejected much socialist dogma and distanced the party from its trade union paymasters in his bid to end almost two decades in the political wilderness of opposition to the Conservatives.</p>
<p>It was a resounding success as he swept to power with a 179-seat majority that he never expected to achieve.</p>
<p>Opinion polls show no sign of the honeymoon period ending for Blair after almost 100 days in power. But the murmurings of left-wing discontent have not abated.</p>
<p>Train drivers' trade union leader Lew Adams asked of Labour on BBC television: &quot;Why don't they listen to the trade unions? Why diminish our role? We worked with the Labour Party to get them into power.&quot;</p>
<p>A Labour spokesman said later that trade unions and local party branches would be allowed to submit questions that were not on the agenda of the annual conference.</p>
<p>&quot;This is a proper recognition of the need for conference to remain flexible,&quot; the spokesman said.</p>
<p>Liberal Democrat leader Ashdown, whose party almost doubled its parliamentary representation to 46 seats in the May 1 election, denied any Labour-Liberal pact was in the offing just because they were co-operating.</p>
<p>He said the British were fed up with &quot;the destructive way of tribal politics&quot; in a country whose first-past-the-post electoral system traditionally leaves one single party to govern alone for five years.</p>
</text>
<copyright>(c) Reuters Limited 1997</copyright>
<metadata>
<codes class="bip:countries:1.0">
  <code code="UK">
    <editdetail attribution="Reuters BIP Coding Group" action="confirmed" date="1997-07-27"/>
  </code>
</codes>
<codes class="bip:topics:1.0">
  <code code="GCAT">
    <editdetail attribution="Reuters BIP Coding Group" action="confirmed" date="1997-07-27"/>
  </code>
  <code code="GPOL">
    <editdetail attribution="Reuters BIP Coding Group" action="confirmed" date="1997-07-27"/>
  </code>
</codes>
<dc element="dc.date.created" value="1997-07-27"/>
<dc element="dc.publisher" value="Reuters Holdings Plc"/>
<dc element="dc.date.published" value="1997-07-27"/>
<dc element="dc.source" value="Reuters"/>
<dc element="dc.creator.location" value="LONDON"/>
<dc element="dc.creator.location.country.name" value="UK"/>
<dc element="dc.source" value="Reuters"/>
</metadata>
</newsitem>
