<?xml version="1.0" encoding="iso-8859-1" ?>
<newsitem itemid="758576" id="root" date="1997-07-27" xml:lang="en">
<title>ARGENTINA: Argentina's Cavallo says economy developing well.</title>
<headline>Argentina's Cavallo says economy developing well.</headline>
<dateline>BUENOS AIRES 1997-07-27</dateline>
<text>
<p>A year after he was sacked, Argentina's former economy minister Domingo Cavallo said Sunday the country's economy has developed very much as he predicted.</p>
<p>&quot;The economy is going well, just as I had predicted would happen,&quot; Cavallo said in an interview with daily La Nacion.</p>
<p>Asked if Argentina is converting itself into an Asian-style tiger economy of Latin America, Cavallo said: &quot;Argentina already is, together with Chile, a kind of tiger.&quot;</p>
<p>&quot;If we look at the performance of the 1990s, growth is impressive, it is of the magnitude achieved by the Asian tigers in the 1960s and 1970s,&quot; he said.</p>
<p>Cavallo predicted growth would probably reach eight percent this year.</p>
<p>The former minister said there were still necessary changes required in the economy, such as labor market reforms to help bring down unemployment.</p>
<p>Among policies still needed to reduce the jobless rate, Cavallo said more work was needed in sectors like health and education. He also stressed that policies are needed to support the growth of small and medium-sized companies, so that they in turn will create more jobs.</p>
<p>All the same, he characterized his successor, Roque Fernandez, as &quot;a good administrator&quot;.</p>
<p>((-- Axel Bugge, Buenos Aires Newsroom, 541 318-0668))</p>
</text>
<copyright>(c) Reuters Limited 1997</copyright>
<metadata>
<codes class="bip:countries:1.0">
  <code code="ARG">
    <editdetail attribution="Reuters BIP Coding Group" action="confirmed" date="1997-07-27"/>
  </code>
</codes>
<codes class="bip:topics:1.0">
  <code code="E11">
    <editdetail attribution="Reuters BIP Coding Group" action="confirmed" date="1997-07-27"/>
  </code>
  <code code="E12">
    <editdetail attribution="Reuters BIP Coding Group" action="confirmed" date="1997-07-27"/>
  </code>
  <code code="ECAT">
    <editdetail attribution="Reuters BIP Coding Group" action="confirmed" date="1997-07-27"/>
  </code>
</codes>
<dc element="dc.date.created" value="1997-07-27"/>
<dc element="dc.publisher" value="Reuters Holdings Plc"/>
<dc element="dc.date.published" value="1997-07-27"/>
<dc element="dc.source" value="Reuters"/>
<dc element="dc.creator.location" value="BUENOS AIRES"/>
<dc element="dc.creator.location.country.name" value="ARGENTINA"/>
<dc element="dc.source" value="Reuters"/>
</metadata>
</newsitem>
