<?xml version="1.0" encoding="iso-8859-1" ?>
<newsitem itemid="758585" id="root" date="1997-07-27" xml:lang="en">
<title>AUSTRALIA: INSIGHT - Australian 10-yr bond holds 93.470 support.</title>
<headline>INSIGHT - Australian 10-yr bond holds 93.470 support.</headline>
<dateline>SYDNEY 1996-07-28</dateline>
<text>
<p>---------------------------------------------------------------</p>
<p>FUTURES     *SUP-RES	 *2ND SUP-RES   *3RD SUP-RES   *RSI</p>
<p>10-YEAR(SEP)*93.510-93.580 *93.470-93.640 *93.360-93.750 *69.76</p>
<p>3-YEAR (SEP)*94.14-94.25   *93.05-94.31   *93.97-94.36   *63.20</p>
<p>90-DAY (SEP)*94.91-94.97   *94.88-95.00   *94.81-95.05   *60.03</p>
<p>-----------------------(July 28)-------------------------------</p>
<p>*Australian bond futures ended the pre-weekend SYCOM session little changed from Friday's pit levels with the 10-year bond holding above support at 93.470.</p>
<p>*Ten-year bond seen retaining a 93.470/93.570 range for now.</p>
<p>*U.S. yields creep higher ahead of this week's key data.</p>
<p>Australian bond futures ended the pre-weekend SYCOM session little changed from Friday's pit levels with the 10-year bond holding above support at 93.470.</p>
<p>Analysts said the contract needs to hold this level to maintain the steep one month rally from 92.825, and the broader advance from 91.700 in early April, to have another stab at last week's all time high of 93.640.</p>
<p>For now the 10-year bond is seen holding a 93.470 to 93.570 range with the market unlikely to aggressively take fresh long positions at current lofty levels. But equally, hopes of a monetary policy easing are unlikely to see the market slip away.  </p>
<p>Last week's subdued inflation and wages data re-enforced speculation of a 1/2 point cut in 5.5 percent official interest rates, and this week's reports for retail trade and building approvals are not expected to alter that view.</p>
<p>An easing has been more or less priced in for well over a month, although the general expectation now is that the market will have to wait for another 1-1/2 weeks before the Reserve Bank endorses the move, and after the August 5 board meeting.</p>
<p>However, traders will still keep a wary on the bank's daily market operations at 9.30 a.m. (2330 GMT) every day until then.  </p>
<p>Meanwhile, U.S. bond yields crept higher on Friday during a tightly traded session ahead of this week's major U.S. data.</p>
<p>Of key importance will be Tuesday's second quarter employment cost index, the advance second quarter GDP on Thursday and the July non-farm payrolls report on Friday.</p>
<p>-- Colin Brinsden 61-2 9373-1800</p>
</text>
<copyright>(c) Reuters Limited 1997</copyright>
<metadata>
<codes class="bip:countries:1.0">
  <code code="AUSTR">
    <editdetail attribution="Reuters BIP Coding Group" action="confirmed" date="1997-07-27"/>
  </code>
</codes>
<codes class="bip:topics:1.0">
  <code code="M12">
    <editdetail attribution="Reuters BIP Coding Group" action="confirmed" date="1997-07-27"/>
  </code>
  <code code="M13">
    <editdetail attribution="Reuters BIP Coding Group" action="confirmed" date="1997-07-27"/>
  </code>
  <code code="M131">
    <editdetail attribution="Reuters BIP Coding Group" action="confirmed" date="1997-07-27"/>
  </code>
  <code code="MCAT">
    <editdetail attribution="Reuters BIP Coding Group" action="confirmed" date="1997-07-27"/>
  </code>
</codes>
<dc element="dc.date.created" value="1996-07-28"/>
<dc element="dc.publisher" value="Reuters Holdings Plc"/>
<dc element="dc.date.published" value="1997-07-27"/>
<dc element="dc.source" value="Reuters"/>
<dc element="dc.creator.location" value="SYDNEY"/>
<dc element="dc.creator.location.country.name" value="AUSTRALIA"/>
<dc element="dc.source" value="Reuters"/>
</metadata>
</newsitem>
