<?xml version="1.0" encoding="iso-8859-1" ?>
<newsitem itemid="758544" id="root" date="1997-07-27" xml:lang="en">
<title>UK: British trade unions welcome changes under Labour.</title>
<headline>British trade unions welcome changes under Labour.</headline>
<dateline>LONDON 1996-07-28</dateline>
<text>
<p>Positive trends in British employment rights, reflecting a &quot;change in mood&quot; since the arrival of the new Labour government in May, were welcomed by the main umbrella body for unions on Monday.</p>
<p>Outlining what will come up at its annual conference in September, the Trades Union Congress (TUC) said it had drawn up motions applauding the new government's approach to various employment issues.</p>
<p>&quot;Congress welcomes the new Labour government's commitment to transform Britain into a high paid, high productivity, high skilled economy,&quot; the TUC said in its agenda statement.</p>
<p>In particular, the union body was encouraged by the state's decision since May to:</p>
<p>-- sign up to the European Union's Social Chapter, a legal framework for workers' rights</p>
<p>-- set up a commission to establish a minimum wage, and</p>
<p>-- get 250,000 under-25s off benefit pay and into work using money from a one-off tax on utilities.</p>
<p>The TUC also welcomed Labour's project to help the long-term unemployed gain skills to find jobs.</p>
<p>The four-day conference, running from September 8 to 11 at Brighton on the south coast of England, will highlight British unions' drive to act as &quot;social partners&quot; with employers and government, moving away from the more confrontational style seen in the 1970s and 80s.</p>
<p>Discussions are likely to centre on the urgent need to increase union membership in Britain, which has dropped to just a third of the total workforce from a half of all workers in 1979.</p>
<p>The TUC said it would urge the ruling Labour Party to withdraw anti-trade union laws introduced by the former Conservative government since 1979.</p>
</text>
<copyright>(c) Reuters Limited 1997</copyright>
<metadata>
<codes class="bip:countries:1.0">
  <code code="UK">
    <editdetail attribution="Reuters BIP Coding Group" action="confirmed" date="1997-07-27"/>
  </code>
</codes>
<codes class="bip:topics:1.0">
  <code code="E41">
    <editdetail attribution="Reuters BIP Coding Group" action="confirmed" date="1997-07-27"/>
  </code>
  <code code="ECAT">
    <editdetail attribution="Reuters BIP Coding Group" action="confirmed" date="1997-07-27"/>
  </code>
  <code code="GCAT">
    <editdetail attribution="Reuters BIP Coding Group" action="confirmed" date="1997-07-27"/>
  </code>
  <code code="GJOB">
    <editdetail attribution="Reuters BIP Coding Group" action="confirmed" date="1997-07-27"/>
  </code>
  <code code="GPOL">
    <editdetail attribution="Reuters BIP Coding Group" action="confirmed" date="1997-07-27"/>
  </code>
</codes>
<dc element="dc.date.created" value="1996-07-28"/>
<dc element="dc.publisher" value="Reuters Holdings Plc"/>
<dc element="dc.date.published" value="1997-07-27"/>
<dc element="dc.source" value="Reuters"/>
<dc element="dc.creator.location" value="LONDON"/>
<dc element="dc.creator.location.country.name" value="UK"/>
<dc element="dc.source" value="Reuters"/>
</metadata>
</newsitem>
