<?xml version="1.0" encoding="iso-8859-1" ?>
<newsitem itemid="758577" id="root" date="1997-07-27" xml:lang="en">
<title>BRAZIL: Avon to invest extra $50 mln in Brazil in 1997.</title>
<headline>Avon to invest extra $50 mln in Brazil in 1997.</headline>
<dateline>SAO PAULO 1997-07-27</dateline>
<text>
<p>Cosmetics manufacturer Avon Products Inc will add an extra $50 million to its planned investment of $112 million in Brazil in 1997, daily newspaper Estado de Sao Paulo said.</p>
<p>&quot;If we had to build new factories, we wouldn't do it in Chile, in Argentina or Mexico,&quot; Avon Chairman James Preston told the newspaper in an interview.</p>
<p>&quot;We'll build it here, because Brazil has been and will be our main production and commercialisation base in Latin America,&quot; he added.  </p>
<p>The extra investment will go towards modernizing technology in order to facilitate the sale and distribution of products in Brazil, said Ademar Serodio, head of Avon's Brazilian subsidiary Avon Cosmeticos Ltda.</p>
<p>Avon shares fell on the New York Stock Exchange on Friday after the company's second quarter results showed a decline in sales and pre-tax profits in Brazil.</p>
<p>This was due to continued softness in consumer spending and the company's ongoing inventory reduction programs, Avon said.  </p>
<p>But Preston said he remained confident in Brazil's growth in the long-term.</p>
<p>&quot;I feel encouraged, like never before, by the long-term prospects,&quot; he said. &quot;You have to look at Brazil not within the context of a year, but with a broader horizon, of five or 10 years.&quot;</p>
<p>Brazil is Avon's largest market after the United States with revenues of $1.2 billion last year. The company employs 520,000 sales staff across the country, who sell products in regions as remote as the Amazon basin.</p>
<p>However, Avon's fastest-growing market is Russia and sales there are forecast to rise to $80 million in 1997 from $45 million the previous year, Preston said. In China, sales are expected to rise to $130 million from $90 million in 1996.</p>
<p>((-- Joelle Diderich, Sao Paulo newsroom +55 11 248 5417))</p>
</text>
<copyright>(c) Reuters Limited 1997</copyright>
<metadata>
<codes class="bip:countries:1.0">
  <code code="MEX">
    <editdetail attribution="Reuters BIP Coding Group" action="confirmed" date="1997-07-27"/>
  </code>
  <code code="USA">
    <editdetail attribution="Reuters BIP Coding Group" action="confirmed" date="1997-07-27"/>
  </code>
</codes>
<codes class="bip:industries:1.0">
  <code code="I25800">
    <editdetail attribution="Reuters BIP Coding Group" action="confirmed" date="1997-07-27"/>
  </code>
</codes>
<codes class="bip:topics:1.0">
  <code code="C11">
    <editdetail attribution="Reuters BIP Coding Group" action="confirmed" date="1997-07-27"/>
  </code>
  <code code="C24">
    <editdetail attribution="Reuters BIP Coding Group" action="confirmed" date="1997-07-27"/>
  </code>
  <code code="CCAT">
    <editdetail attribution="Reuters BIP Coding Group" action="confirmed" date="1997-07-27"/>
  </code>
</codes>
<dc element="dc.date.created" value="1997-07-27"/>
<dc element="dc.publisher" value="Reuters Holdings Plc"/>
<dc element="dc.date.published" value="1997-07-27"/>
<dc element="dc.source" value="Reuters"/>
<dc element="dc.creator.location" value="SAO PAULO"/>
<dc element="dc.creator.location.country.name" value="BRAZIL"/>
<dc element="dc.source" value="Reuters"/>
</metadata>
</newsitem>
