<?xml version="1.0" encoding="iso-8859-1" ?>
<newsitem itemid="758510" id="root" date="1997-07-27" xml:lang="en">
<title>ITALY: SOCCER-RONALDO MAKES BRIEF INTER DEBUT.</title>
<headline>SOCCER-RONALDO MAKES BRIEF INTER DEBUT.</headline>
<byline>Gideon Long</byline>
<dateline>MILAN 1997-07-27</dateline>
<text>
<p>Brazilian striker Ronaldo played his first 17 minutes of Italian soccer on Sunday but his new side Internazionale had to settle for a 1-1 draw at home to English champions Manchester United.</p>
<p>Ronaldo, who arrived in Inter this week after his much- publicised world record move from Barcelona, was given a rapturous reception by a 50,000-strong crowd as he ran out at the San Siro for an otherwise low-key friendly.</p>
<p>He forced a corner with his first touch but, that apart, was subdued by United defenders Denis Irwin and Ronny Johnsen.</p>
<p>After 17 minutes, with Inter 1-0 down thanks to a fine strike by United forward Nicky Butt, the world Footballer of the Year was replaced by Chilean striker Ivan Zamorano.</p>
<p>Inter president Massimo Moratti said afterwards he was satisfied with the Brazilian's first performance but added that Ronaldo was not yet in peak condition.</p>
<p>&quot;He frightens players when he runs at them but he still has some work to do on his fitness,&quot; Moratti said.</p>
<p>Inter's other star debutant was Nigerian Nwankwo Kanu, who signed from Ajax Amsterdam a year ago but missed the whole of last season after he was diagnosed as having congenital heart disease.</p>
<p>The 20-year-old, who was told who could die if he continued to play football and underwent a major operation last year to correct the disorder, came on to thunderous applause with nine minutes left.</p>
<p>&quot;Kanu had a quiet match for the little time he was on but I think he's an exceptional player,&quot; Moratti said. &quot;Given time, I think he'll settle in and be a great forward.&quot;</p>
<p>Debuts aside, Sunday's match was a disjointed affair, thanks in large part to the constant substitutions.</p>
<p>Fifteen were made in all, and goalkeeper Gianluca Pagliuca was the only Inter player to see out the full 90 minutes.</p>
<p>&quot;I saw lots of good things from individual players but we still have a lot to do to build a fluid team,&quot; Inter coach Luigi Simoni said.</p>
<p>Butt put United ahead after latching onto a superb pass from Paul Scholes and the English champions thoroughly deserved their halftime lead.</p>
<p>They appeared to be heading for victory when, with 20 minutes left, England defender Gary Neville headed a seemingly harmless cross past his own goalkeeper and into the United net.</p>
<p>Inter won a penalty competition after the match 4-1 to claim a trophy based on the result of this one match. The two sides meet again in a second friendly at United's Old Trafford on Wednesday.</p>
</text>
<copyright>(c) Reuters Limited 1997</copyright>
<metadata>
<codes class="bip:countries:1.0">
  <code code="BRAZ">
    <editdetail attribution="Reuters BIP Coding Group" action="confirmed" date="1997-07-27"/>
  </code>
  <code code="ITALY">
    <editdetail attribution="Reuters BIP Coding Group" action="confirmed" date="1997-07-27"/>
  </code>
  <code code="UK">
    <editdetail attribution="Reuters BIP Coding Group" action="confirmed" date="1997-07-27"/>
  </code>
</codes>
<codes class="bip:topics:1.0">
  <code code="GCAT">
    <editdetail attribution="Reuters BIP Coding Group" action="confirmed" date="1997-07-27"/>
  </code>
  <code code="GSPO">
    <editdetail attribution="Reuters BIP Coding Group" action="confirmed" date="1997-07-27"/>
  </code>
</codes>
<dc element="dc.date.created" value="1997-07-27"/>
<dc element="dc.publisher" value="Reuters Holdings Plc"/>
<dc element="dc.date.published" value="1997-07-27"/>
<dc element="dc.source" value="Reuters"/>
<dc element="dc.creator.location" value="MILAN"/>
<dc element="dc.creator.location.country.name" value="ITALY"/>
<dc element="dc.source" value="Reuters"/>
</metadata>
</newsitem>
