<?xml version="1.0" encoding="iso-8859-1" ?>
<newsitem itemid="758594" id="root" date="1997-07-27" xml:lang="en">
<title>AUSTRALIA: Australia's Fischer dismisses leadership rumours.</title>
<headline>Australia's Fischer dismisses leadership rumours.</headline>
<dateline>CANBERRA 1996-07-28</dateline>
<text>
<p>Australian Deputy Prime Minister Tim Fischer on Monday rejected speculation over a possible challenge to Prime Minister John Howard, who is in hopital with pneumonia.</p>
<p>&quot;It is the biggest load of garbage I have heard in months and should be regarded as such,&quot; Fischer told Australian Broadcasting Corp radio.</p>
<p>Howard's illness coincides with a mid-term slump in opinion polls for his Liberal-National government and his own popularity with voters.  </p>
<p>The illness and the fall in popularity prompted media speculation of manoeuvring among potential leadership challengers Workplace Relations Minister Peter Reith and Treasurer Peter Costello.</p>
<p>-- Canberra bureau 61-6 273-2730</p>
</text>
<copyright>(c) Reuters Limited 1997</copyright>
<metadata>
<codes class="bip:countries:1.0">
  <code code="AUSTR">
    <editdetail attribution="Reuters BIP Coding Group" action="confirmed" date="1997-07-27"/>
  </code>
</codes>
<codes class="bip:topics:1.0">
  <code code="GCAT">
    <editdetail attribution="Reuters BIP Coding Group" action="confirmed" date="1997-07-27"/>
  </code>
  <code code="GPOL">
    <editdetail attribution="Reuters BIP Coding Group" action="confirmed" date="1997-07-27"/>
  </code>
</codes>
<dc element="dc.date.created" value="1996-07-28"/>
<dc element="dc.publisher" value="Reuters Holdings Plc"/>
<dc element="dc.date.published" value="1997-07-27"/>
<dc element="dc.source" value="Reuters"/>
<dc element="dc.creator.location" value="CANBERRA"/>
<dc element="dc.creator.location.country.name" value="AUSTRALIA"/>
<dc element="dc.source" value="Reuters"/>
</metadata>
</newsitem>
