<?xml version="1.0" encoding="iso-8859-1" ?>
<newsitem itemid="758609" id="root" date="1997-07-27" xml:lang="en">
<title>NEW ZEALAND: NZ Dairy Brands sets sale of ice-cream unit.</title>
<headline>NZ Dairy Brands sets sale of ice-cream unit.</headline>
<dateline>WELLINGTON 1996-07-28</dateline>
<text>
<p>Dairy Brands NZ said on Monday it had completed a restructuring of its Killinchy brand ice-cream unit and was reviewing its ongoing ownership of the business.</p>
<p>&quot;The company does not believe it can add significant further value to Killinchy,&quot; it said, adding it would shortly seek expressions of interest into purchasing the activity.</p>
<p>The brand is a leading premium sector product distributed nationally through major supermarket chains.  </p>
<p>Dairy Brands also advised it was in discussions regarding potential direct milk supply contracts to existing milk product users &quot;in order to add value to its considerable milk volumes&quot;.</p>
<p>&quot;The potential impact of a direct supply contract is to provide additional profit and the opportunity to realise capital,&quot; the company added, without giving further details.</p>
<p>Property developer Apple Fields Ltd holds a 43.8 percent stake in Dairy Brands which it is seeking to sell.</p>
<p>--Wellington newsroom +64 4 471 4273</p>
<p>e-mail wellington.newsroom@reuters.com</p>
</text>
<copyright>(c) Reuters Limited 1997</copyright>
<metadata>
<codes class="bip:countries:1.0">
  <code code="NZ">
    <editdetail attribution="Reuters BIP Coding Group" action="confirmed" date="1997-07-27"/>
  </code>
</codes>
<codes class="bip:industries:1.0">
  <code code="I01002">
    <editdetail attribution="Reuters BIP Coding Group" action="confirmed" date="1997-07-27"/>
  </code>
  <code code="I0100206">
    <editdetail attribution="Reuters BIP Coding Group" action="confirmed" date="1997-07-27"/>
  </code>
  <code code="I41300">
    <editdetail attribution="Reuters BIP Coding Group" action="confirmed" date="1997-07-27"/>
  </code>
</codes>
<codes class="bip:topics:1.0">
  <code code="C11">
    <editdetail attribution="Reuters BIP Coding Group" action="confirmed" date="1997-07-27"/>
  </code>
  <code code="C18">
    <editdetail attribution="Reuters BIP Coding Group" action="confirmed" date="1997-07-27"/>
  </code>
  <code code="C181">
    <editdetail attribution="Reuters BIP Coding Group" action="confirmed" date="1997-07-27"/>
  </code>
  <code code="CCAT">
    <editdetail attribution="Reuters BIP Coding Group" action="confirmed" date="1997-07-27"/>
  </code>
</codes>
<dc element="dc.date.created" value="1996-07-28"/>
<dc element="dc.publisher" value="Reuters Holdings Plc"/>
<dc element="dc.date.published" value="1997-07-27"/>
<dc element="dc.source" value="Reuters"/>
<dc element="dc.creator.location" value="WELLINGTON"/>
<dc element="dc.creator.location.country.name" value="NEW ZEALAND"/>
<dc element="dc.source" value="Reuters"/>
</metadata>
</newsitem>
