<?xml version="1.0" encoding="iso-8859-1" ?>
<newsitem itemid="758647" id="root" date="1997-07-27" xml:lang="en">
<title>USA: Workplace diseases, injuries kill thousands - study.</title>
<headline>Workplace diseases, injuries kill thousands - study.</headline>
<dateline>CHICAGO 1997-07-27</dateline>
<text>
<p>Workplace injuries and diseases claimed the lives of nearly 70,000 American workers in 1992, and the costs from work-related health problems totaled more than $170 billion that year, according to a study released on Sunday.</p>
<p>In what researchers said was the first study of its kind to compile the perils faced by U.S. workers, they said there were 6,529 job-related deaths due to injury in 1992 and roughly 60,300 deaths from illnesses contracted while working.</p>
<p>Of the fatal injuries, 40 percent were caused by transportation accidents, 20 percent were caused by assaults and violent acts, 10 percent were related to falls, 5 percent were electrocutions, and 3 percent were traced to fires and explosions.</p>
<p>An additional 13.2 million job-related injuries were not fatal, and there were an estimated 862,200 non-fatal illnesses.</p>
<p>&quot;Some risk of injury or illness attends virtually every job held by the 120 million Americans who work,&quot; study author and economist Paul Leigh of San Jose State University and Standford University Medical Center wrote.</p>
<p>The study was published in the Archives of Internal Medicine, a journal published by the American Medical Association. The authors used 1992 as a base year, using analyses of data from several government agencies and other studies.</p>
<p>It estimated the total cost of occupational injuries and illnesses at $171 billion -- which included medical expenses, worker's compensation payments and the cost of disruption caused by missed work. It did not include the cost of pain and suffering, home care or other expenses.</p>
<p>In comparison, the 1992 costs from Alzheimer's disease were estimated at $87 billion, AIDS at roughly $30 billion, and costs from heart disease were put at about $164 billion.</p>
</text>
<copyright>(c) Reuters Limited 1997</copyright>
<metadata>
<codes class="bip:countries:1.0">
  <code code="USA">
    <editdetail attribution="Reuters BIP Coding Group" action="confirmed" date="1997-07-27"/>
  </code>
</codes>
<codes class="bip:topics:1.0">
  <code code="C42">
    <editdetail attribution="Reuters BIP Coding Group" action="confirmed" date="1997-07-27"/>
  </code>
  <code code="CCAT">
    <editdetail attribution="Reuters BIP Coding Group" action="confirmed" date="1997-07-27"/>
  </code>
  <code code="E41">
    <editdetail attribution="Reuters BIP Coding Group" action="confirmed" date="1997-07-27"/>
  </code>
  <code code="ECAT">
    <editdetail attribution="Reuters BIP Coding Group" action="confirmed" date="1997-07-27"/>
  </code>
  <code code="GCAT">
    <editdetail attribution="Reuters BIP Coding Group" action="confirmed" date="1997-07-27"/>
  </code>
  <code code="GHEA">
    <editdetail attribution="Reuters BIP Coding Group" action="confirmed" date="1997-07-27"/>
  </code>
  <code code="GJOB">
    <editdetail attribution="Reuters BIP Coding Group" action="confirmed" date="1997-07-27"/>
  </code>
</codes>
<dc element="dc.date.created" value="1997-07-27"/>
<dc element="dc.publisher" value="Reuters Holdings Plc"/>
<dc element="dc.date.published" value="1997-07-27"/>
<dc element="dc.source" value="Reuters"/>
<dc element="dc.creator.location" value="CHICAGO"/>
<dc element="dc.creator.location.country.name" value="USA"/>
<dc element="dc.source" value="Reuters"/>
</metadata>
</newsitem>
