<?xml version="1.0" encoding="iso-8859-1" ?>
<newsitem itemid="758670" id="root" date="1997-07-27" xml:lang="en">
<title>ISRAEL: SLA militiaman wounded in Hizbollah shelling.</title>
<headline>SLA militiaman wounded in Hizbollah shelling.</headline>
<dateline>JERUSALEM 1997-07-27</dateline>
<text>
<p>A member of the pro-Israel South Lebanon Army (SLA) militia was seriously wounded on Sunday by a guerrilla missile fired at his outpost in Israel's South Lebanon occupation zone, Israeli security sources said.</p>
<p>The sources said the incident occurred in the western sector of the 15-km-(nine-mile)-wide zone Israel carved out in 1985 to protect its northern border from Arab guerrilla attack.</p>
<p>In Beirut, the pro-Iranian Islamic group Hizbollah claimed responsibility for the attack on the SLA outpost of Braachit.</p>
<p>Earlier in the day, a 15-year-old Lebanese girl was wounded when Hizbollah shelled the outpost of Rihan inside the zone, according to SLA sources. &quot;A shell hit the Rihan village and Zahra al-Zein was wounded,&quot; one said.</p>
<p>On Saturday, Hizbollah said its fighters fired Katyusha rockets into an Israeli outpost in south Lebanon hours after an Israeli shell wounded a Lebanese woman north of the area.</p>
<p>Lebanon planned to complain about the Israeli attack to a five-nation committee monitoring an April 1996 ceasefire understanding which ended a 17-day Israeli blitz on Lebanon.</p>
<p>Under the terms of the ceasefire, Israeli forces and Lebanese guerrillas are banned from hitting civilian targets on both sides of the border. The deal does not prohibit Hizbollah from fighting Israeli troops and their local militia allies.</p>
<p>Hizbollah is fighting Israeli troops and their local militia allies in a bid to oust them from the occupation strip.</p>
</text>
<copyright>(c) Reuters Limited 1997</copyright>
<metadata>
<codes class="bip:countries:1.0">
  <code code="ISRAEL">
    <editdetail attribution="Reuters BIP Coding Group" action="confirmed" date="1997-07-27"/>
  </code>
  <code code="LEBAN">
    <editdetail attribution="Reuters BIP Coding Group" action="confirmed" date="1997-07-27"/>
  </code>
</codes>
<codes class="bip:topics:1.0">
  <code code="GCAT">
    <editdetail attribution="Reuters BIP Coding Group" action="confirmed" date="1997-07-27"/>
  </code>
  <code code="GVIO">
    <editdetail attribution="Reuters BIP Coding Group" action="confirmed" date="1997-07-27"/>
  </code>
</codes>
<dc element="dc.date.created" value="1997-07-27"/>
<dc element="dc.publisher" value="Reuters Holdings Plc"/>
<dc element="dc.date.published" value="1997-07-27"/>
<dc element="dc.source" value="Reuters"/>
<dc element="dc.creator.location" value="JERUSALEM"/>
<dc element="dc.creator.location.country.name" value="ISRAEL"/>
<dc element="dc.source" value="Reuters"/>
</metadata>
</newsitem>
