<?xml version="1.0" encoding="iso-8859-1" ?>
<newsitem itemid="758616" id="root" date="1997-07-27" xml:lang="en">
<title>SOUTH KOREA: Seoul creditors extend Jinro affiliates payments.</title>
<headline>Seoul creditors extend Jinro affiliates payments.</headline>
<dateline>SEOUL 1997-07-25</dateline>
<text>
<p>South Korean creditor banks on Friday said they decided to extend principal payment to Jinro General Foods Co and Jinro-Coors Brewing Co.</p>
<p>They also said they would supply 8.0 billion won to the struggling Jinro General Foods.</p>
<p>Jinro Industries Co, on the other hand, would be sold to a third party, they said.</p>
<p>The creditors earlier decided to extend principal payment to Jinro Ltd and Jinro Construction Co. They decided to split up and sell Jinro Mass Merchandising.</p>
<p>In April, the 19th-ranked Jinro Group buckled under 3.2 trillion won in debt.</p>
<p>-- Seoul Newsroom (822) 727-5648</p>
</text>
<copyright>(c) Reuters Limited 1997</copyright>
<metadata>
<codes class="bip:countries:1.0">
  <code code="SKOREA">
    <editdetail attribution="Reuters BIP Coding Group" action="confirmed" date="1997-07-27"/>
  </code>
</codes>
<codes class="bip:industries:1.0">
  <code code="I42400">
    <editdetail attribution="Reuters BIP Coding Group" action="confirmed" date="1997-07-27"/>
  </code>
  <code code="I42800">
    <editdetail attribution="Reuters BIP Coding Group" action="confirmed" date="1997-07-27"/>
  </code>
</codes>
<codes class="bip:topics:1.0">
  <code code="C11">
    <editdetail attribution="Reuters BIP Coding Group" action="confirmed" date="1997-07-27"/>
  </code>
  <code code="C17">
    <editdetail attribution="Reuters BIP Coding Group" action="confirmed" date="1997-07-27"/>
  </code>
  <code code="C173">
    <editdetail attribution="Reuters BIP Coding Group" action="confirmed" date="1997-07-27"/>
  </code>
  <code code="CCAT">
    <editdetail attribution="Reuters BIP Coding Group" action="confirmed" date="1997-07-27"/>
  </code>
</codes>
<dc element="dc.date.created" value="1997-07-25"/>
<dc element="dc.publisher" value="Reuters Holdings Plc"/>
<dc element="dc.date.published" value="1997-07-27"/>
<dc element="dc.source" value="Reuters"/>
<dc element="dc.creator.location" value="SEOUL"/>
<dc element="dc.creator.location.country.name" value="SOUTH KOREA"/>
<dc element="dc.source" value="Reuters"/>
</metadata>
</newsitem>
