<?xml version="1.0" encoding="iso-8859-1" ?>
<newsitem itemid="758675" id="root" date="1997-07-27" xml:lang="en">
<title>DUBAI: Iran's Rafsanjani to visit Saudi Arabia this year.</title>
<headline>Iran's Rafsanjani to visit Saudi Arabia this year.</headline>
<dateline>DUBAI 1997-07-27</dateline>
<text>
<p>Iranian President Akbar Hashemi Rafsanjani will visit Saudi Arabia later this year in a further sign of closer ties between the region's two heavyweights, an Iranian embassy official in Riyadh said on Sunday.</p>
<p>But the Islamic republic's veteran foreign minister, Ali Akbar Velayati, cast doubt on prospects for a visit.</p>
<p>The official at Iran's Saudi mission said Rafsanjani, who steps down as president next month after serving the maximum two four-year terms permitted by law, was scheduled to visit Saudi Arabia later this year.</p>
<p>&quot;The visit will happen but the date is not clear now,&quot; the official said.</p>
<p>But Velayati said: &quot;I think Mr Rafsanjani's visit to Saudi Arabia is unlikely.</p>
<p>&quot;If such a visit were due, the procedures should have been prepared by the Foreign Ministry,&quot; he told the daily Kayhan in an interview.</p>
<p>Saudi-owned Asharq Al-Awsat newspaper on Sunday reported that Rafsanjani's visit would take place in November.</p>
<p>Shi'ite Moslem Iran, the Gulf's non-Arab power, has had tense relations with Sunni Saudi Arabia since Iran's 1979 Islamic revolution and diplomatic relations were severed in 1987 after rioting during the annual pilgrimage to Mecca.</p>
<p>Saudi Arabia remains the main ally of the United States in the oil-rich Gulf while Washington has sought to isolate the Islamic republic, charging it with sponsoring international terrorism, threatening the Middle East peace process and developing weapons of mass destruction.</p>
<p>Iran has repeatedly denied these allegations, which it says are used by Washington to justify sales of U.S. military equipment to Gulf Arab states.</p>
<p>Senior Gulf sources have said that the growing role of Saudi King Fahd's designated heir, Crown Prince Abdullah, in foreign affairs had led to Riyadh's move to edge closer to Tehran.</p>
<p>Both men met on the sidelines of an Islamic summit in Pakistan in March and this had led to an invitation for Rafsanjani to visit Saudi Arabia.</p>
<p>An envoy of King Fahd made a rare visit to Iran this month ahead of a summit of the Organisation of Islamic Conference due in Tehran in December.</p>
<p>Rafsanjani will be succeeded by President-elect Mohammad Khatami in August but is expected to retain a strong political and diplomatic role after the handover of power.</p>
<p>Saudi Arabia and Iran are two of the world's top three oil exporters.</p>
</text>
<copyright>(c) Reuters Limited 1997</copyright>
<metadata>
<codes class="bip:countries:1.0">
  <code code="IRAN">
    <editdetail attribution="Reuters BIP Coding Group" action="confirmed" date="1997-07-27"/>
  </code>
  <code code="SAARAB">
    <editdetail attribution="Reuters BIP Coding Group" action="confirmed" date="1997-07-27"/>
  </code>
</codes>
<codes class="bip:topics:1.0">
  <code code="GCAT">
    <editdetail attribution="Reuters BIP Coding Group" action="confirmed" date="1997-07-27"/>
  </code>
  <code code="GDIP">
    <editdetail attribution="Reuters BIP Coding Group" action="confirmed" date="1997-07-27"/>
  </code>
</codes>
<dc element="dc.date.created" value="1997-07-27"/>
<dc element="dc.publisher" value="Reuters Holdings Plc"/>
<dc element="dc.date.published" value="1997-07-27"/>
<dc element="dc.source" value="Reuters"/>
<dc element="dc.creator.location" value="DUBAI"/>
<dc element="dc.creator.location.country.name" value="DUBAI"/>
<dc element="dc.source" value="Reuters"/>
</metadata>
</newsitem>
