<?xml version="1.0" encoding="iso-8859-1" ?>
<newsitem itemid="758744" id="root" date="1997-07-27" xml:lang="en">
<title>FRANCE: Algeria sentences 22 people to death for graft.</title>
<headline>Algeria sentences 22 people to death for graft.</headline>
<dateline>PARIS 1997-07-27</dateline>
<text>
<p>An Algerian court sentenced 22 people to death in absentia for embezzling assets of a state-owned enterprise, the official Algerian news agency APS said on Sunday.</p>
<p>The court in Djelfa, 230 km (140 miles) south of Algiers, condemned the 22 people on Saturday at a hearing attended by 25 lawyers, APS said.</p>
<p>They were convicted for &quot;misappropriating state funds and their use for personal benefits&quot;, it added.</p>
<p>Another 46 people are being tried by the same tribunal on charges of embezzling from the same company, a state-owned food distributor, APS said.</p>
<p>It was not clear how many were actually in detention.</p>
<p>The death sentence passed on the 22 was the harshest penalty imposed since Algerian authorities began issuing a stream of charges and jail sentences on senior officials in state-run firms in a crackdown on graft which started early in 1996.</p>
<p>Algerian President Liamine Zeroual vowed to Algerians in a presidential campaign late in 1995 that he would try to wipe out corruption.</p>
<p>Local politicians and ordinary Algerians blame corruption as a main factor in distrust between the nation's 29 million people and the authorities.</p>
</text>
<copyright>(c) Reuters Limited 1997</copyright>
<metadata>
<codes class="bip:countries:1.0">
  <code code="ALG">
    <editdetail attribution="Reuters BIP Coding Group" action="confirmed" date="1997-07-27"/>
  </code>
</codes>
<codes class="bip:topics:1.0">
  <code code="C12">
    <editdetail attribution="Reuters BIP Coding Group" action="confirmed" date="1997-07-27"/>
  </code>
  <code code="CCAT">
    <editdetail attribution="Reuters BIP Coding Group" action="confirmed" date="1997-07-27"/>
  </code>
  <code code="GCAT">
    <editdetail attribution="Reuters BIP Coding Group" action="confirmed" date="1997-07-27"/>
  </code>
  <code code="GCRIM">
    <editdetail attribution="Reuters BIP Coding Group" action="confirmed" date="1997-07-27"/>
  </code>
</codes>
<dc element="dc.date.created" value="1997-07-27"/>
<dc element="dc.publisher" value="Reuters Holdings Plc"/>
<dc element="dc.date.published" value="1997-07-27"/>
<dc element="dc.source" value="Reuters"/>
<dc element="dc.creator.location" value="PARIS"/>
<dc element="dc.creator.location.country.name" value="FRANCE"/>
<dc element="dc.source" value="Reuters"/>
</metadata>
</newsitem>
