<?xml version="1.0" encoding="iso-8859-1" ?>
<newsitem itemid="758702" id="root" date="1997-07-27" xml:lang="en">
<title>USA: U.S. CREDIT MARKET OUTLOOK - Barrage of data lurks.</title>
<headline>U.S. CREDIT MARKET OUTLOOK - Barrage of data lurks.</headline>
<dateline>NEW YORK 1997-07-27</dateline>
<text>
<p>U.S. credit markets this week will contend with a statistical storm that has the potential to wreak havoc across the Treasury yield curve.</p>
<p>The good news is that government bond prices will likely bear the wrath of the data deluge largely unscathed, Wall Street money market experts said.</p>
<p>&quot;If my (forecast) numbers come out to be the case ... it would not change the market tone,&quot; said Cheryl Katz, a senior economist at Merrill Lynch &amp; Co Inc.</p>
</text>
<copyright>(c) Reuters Limited 1997</copyright>
<metadata>
<codes class="bip:countries:1.0">
  <code code="USA">
    <editdetail attribution="Reuters BIP Coding Group" action="confirmed" date="1997-07-27"/>
  </code>
</codes>
<codes class="bip:topics:1.0">
  <code code="M12">
    <editdetail attribution="Reuters BIP Coding Group" action="confirmed" date="1997-07-27"/>
  </code>
  <code code="MCAT">
    <editdetail attribution="Reuters BIP Coding Group" action="confirmed" date="1997-07-27"/>
  </code>
</codes>
<dc element="dc.date.created" value="1997-07-27"/>
<dc element="dc.publisher" value="Reuters Holdings Plc"/>
<dc element="dc.date.published" value="1997-07-27"/>
<dc element="dc.source" value="Reuters"/>
<dc element="dc.creator.location" value="NEW YORK"/>
<dc element="dc.creator.location.country.name" value="USA"/>
<dc element="dc.source" value="Reuters"/>
</metadata>
</newsitem>
