<?xml version="1.0" encoding="iso-8859-1" ?>
<newsitem itemid="758735" id="root" date="1997-07-27" xml:lang="en">
<title>SPAIN: BA, American to take five pct stakes in Iberia.</title>
<headline>BA, American to take five pct stakes in Iberia.</headline>
<dateline>MADRID 1997-07-27</dateline>
<text>
<p>Spain's state holding company SEPI, which controls flag carrier Iberia, said in an interview published on Sunday that British Airways and American Airlines would take five percent stakes in the Spanish carrier.</p>
<p>Following the announcement of preliminary agreements with BA and American on an alliance, SEPI said the two airlines would take symbolic stakes in Iberia at the end of the year, kicking off the Spanish state airline's privatisation process.  </p>
<p>&quot;At the end of this year we will start the process with the symbolic sale of five percent to American and British,&quot; SEPI's chairman Pedro Ferreras said in an interview published by the newspaper El Periodico.</p>
<p>In a separate interview, Iberia said the government would then make preparations to sell around 30 percent to industrial and financial groups.</p>
<p>&quot;The next step will be to place around 30 percent between industrial and financial groups,&quot; Ferreras said in an interview published in the newspaper El Mundo.  </p>
<p>&quot;Another 10 percent will be in the hands of workers, and the rest will be launched on the bourse,&quot; he added.</p>
<p>Industry Minister Josep Pique said earlier in the week the government aimed to float around 50 percent of Iberia by the end of 1999.</p>
<p>Ferreras said the government was in no hurry to privatise the airline.</p>
<p>&quot;We hope that in 1999 Iberia's results will be equivalent to those at Endesa, Repsol or Telefonica, and after that we can privatise the airline,&quot; he told El Periodico.  </p>
<p>Ferreras said the new alliance would prompt a fall in tariffs. &quot;The primary beneficiary of this deal will be the consumer,&quot; he said.</p>
<p>Iberia ended 1996 with a profit of 3.5 billion pesetas and said in February it expected to make a profit of 11 billion pesetas for this year.</p>
<p>((-- Madrid newsroom + 34 1 585 2161))</p>
</text>
<copyright>(c) Reuters Limited 1997</copyright>
<metadata>
<codes class="bip:countries:1.0">
  <code code="SPAIN">
    <editdetail attribution="Reuters BIP Coding Group" action="confirmed" date="1997-07-27"/>
  </code>
  <code code="USA">
    <editdetail attribution="Reuters BIP Coding Group" action="confirmed" date="1997-07-27"/>
  </code>
</codes>
<codes class="bip:industries:1.0">
  <code code="I75000">
    <editdetail attribution="Reuters BIP Coding Group" action="confirmed" date="1997-07-27"/>
  </code>
</codes>
<codes class="bip:topics:1.0">
  <code code="C18">
    <editdetail attribution="Reuters BIP Coding Group" action="confirmed" date="1997-07-27"/>
  </code>
  <code code="C181">
    <editdetail attribution="Reuters BIP Coding Group" action="confirmed" date="1997-07-27"/>
  </code>
  <code code="C183">
    <editdetail attribution="Reuters BIP Coding Group" action="confirmed" date="1997-07-27"/>
  </code>
  <code code="CCAT">
    <editdetail attribution="Reuters BIP Coding Group" action="confirmed" date="1997-07-27"/>
  </code>
</codes>
<dc element="dc.date.created" value="1997-07-27"/>
<dc element="dc.publisher" value="Reuters Holdings Plc"/>
<dc element="dc.date.published" value="1997-07-27"/>
<dc element="dc.source" value="Reuters"/>
<dc element="dc.creator.location" value="MADRID"/>
<dc element="dc.creator.location.country.name" value="SPAIN"/>
<dc element="dc.source" value="Reuters"/>
</metadata>
</newsitem>
