<?xml version="1.0" encoding="iso-8859-1" ?>
<newsitem itemid="758752" id="root" date="1997-07-27" xml:lang="en">
<title>USA: &quot;Air Force One&quot; takes off at U.S. box office.</title>
<headline>&quot;Air Force One&quot; takes off at U.S. box office.</headline>
<dateline>LOS ANGELES 1997-07-27</dateline>
<text>
<p>&quot;Air Force One,&quot; a hijack thriller starring Harrison Ford as the president of the United States, soared to the top of the box office in its opening weekend, according to studio estimates released on Sunday.</p>
<p>The film earned about $37.1 million, and was followed by &quot;George of the Jungle&quot; with $13.2 million and defending box office champ &quot;Men in Black&quot; with $12.6 million. The only other new entry in the top 10 was the children's film &quot;Good Burger,&quot; which opened in fifth with $7.3 million.</p>
<p>&quot;Air Force One&quot; smashed several records along the way, as well as earning warm praise from the real president, Bill Clinton, who told reporters over the weekend that it was a &quot;very good movie.&quot;</p>
<p>But he pointed out that the film took some liberties with the facts: the action takes place aboard the president's Boeing 747, and the filmmakers equipped it with an escape pod and a back door, neither of which exist, Clinton said. One other key difference was that Ford earned a reported $20 million, exactly 10 times Clinton's salary.</p>
<p>A spokesman for Columbia Pictures, which released the movie, said &quot;Air Force One&quot; is Ford's biggest opener, breaking the benchmark of $31.5 million established by the &quot;Star Wars&quot; re-release earlier this year. It's also the biggest opening for an &quot;R&quot;-rated movie, surpassing the $36.3 million opening in November 1994 of &quot;Interview with the Vampire.&quot;</p>
<p>Columbia is a unit of Sony Corp..</p>
<p>&quot;George of the Jungle&quot; held steady at second in its second weekend, and has now earned $48.1 million. The family comedy is released by Walt Disney Co..</p>
<p>Columbia's &quot;Men in Black,&quot; which had ruled the box office for the past three weekends, slipped two places to third. The total for the alien sleuth comedy stands at $194.3 million.</p>
<p>Fourth place went to &quot;Contact,&quot; with $9.5 million, which takes its three-week total to $64.8 million. The Jodie Foster sci-fi picture is released by Warner Bros., a unit of Time Warner Inc..</p>
</text>
<copyright>(c) Reuters Limited 1997</copyright>
<metadata>
<codes class="bip:countries:1.0">
  <code code="USA">
    <editdetail attribution="Reuters BIP Coding Group" action="confirmed" date="1997-07-27"/>
  </code>
</codes>
<codes class="bip:topics:1.0">
  <code code="GDEF">
    <editdetail attribution="Reuters BIP Coding Group" action="confirmed" date="1997-07-27"/>
  </code>
  <code code="GENT">
    <editdetail attribution="Reuters BIP Coding Group" action="confirmed" date="1997-07-27"/>
  </code>
</codes>
<dc element="dc.date.created" value="1997-07-27"/>
<dc element="dc.publisher" value="Reuters Holdings Plc"/>
<dc element="dc.date.published" value="1997-07-27"/>
<dc element="dc.source" value="Reuters"/>
<dc element="dc.creator.location" value="LOS ANGELES"/>
<dc element="dc.creator.location.country.name" value="USA"/>
<dc element="dc.source" value="Reuters"/>
</metadata>
</newsitem>
