<?xml version="1.0" encoding="iso-8859-1" ?>
<newsitem itemid="758717" id="root" date="1997-07-27" xml:lang="en">
<title>USA: New age economics leaves some experts baffled.</title>
<headline>New age economics leaves some experts baffled.</headline>
<byline>Knut Engelmann</byline>
<dateline>WASHINGTON 1997-07-27</dateline>
<text>
<p>These are trying times for economists. The U.S. economy is performing amazingly well, but even the world's most important central banker, Alan Greenspan, cannot explain what is going on.</p>
<p>&quot;Many observers, including us, have been puzzled ... It will, doubtless, be several years before we know with any conviction the full story of the surprisingly benign combination of output and prices,&quot; he said in his half-yearly Humphrey-Hawkins testimony to Congress last week.</p>
<p>Greenspan is not the only one who appears at a loss. &quot;I believe that the recent performance of the economy is to some degree a puzzle,&quot; agreed Federal Reserve Board member Laurence Meyer in separate testimony to a House committee.</p>
<p>The old jokes are proving partly true -- if you ask 10 economists what is going on, you will get 10 answers.</p>
<p>But whatever the right answer may be, it works for the average American. The economic picture at United States Inc. is almost too good to be true.</p>
<p>Unemployment is at a mere 5 percent, consumer prices rose at a mere 1.4 percent annual pace in the first half of 1997 -- an 11-year low -- and output rose at an annualized 5.9 percent clip in the first quarter, well above the rate that most economists would traditionally characterise as sustainable in the long run.</p>
<p>Is this the new age of economics? Has the traditional Phillips model, which claims there is a long-run tradeoff between unemployment and inflation, failed?</p>
<p>Well -- yes and no, analysts say. Most economists advise against consigning those well-thumbed macroeconomics textbooks to the scrapheap.</p>
<p>At least some of the recent stellar performance of the U.S. economy seems to be attributable to structural changes, such as increased productivity. Most observers agree that a range of temporary factors -- so-called positive supply shocks -- also play a big role in the final equation.</p>
<p>&quot;I've seen this before. We're having luck and some good management,&quot; David Wyss, of Massachusetts-based DRI/McGraw Hill, told Reuters. &quot;It's primarily temporary.&quot;</p>
<p>Experts cite the strong dollar, which helps to keep import prices down, and low oil prices as among the key reasons for the recent lull in inflation. Higher labour mobility, more moderate wage agreements and a drastic fall in health care costs also had a strong impact, they say.</p>
<p>&quot;There is no evidence that there is a major shift in economic performance, no evidence of a major structural change,&quot; said Wyss.</p>
<p>Other economists, however, are not quite as convinced.</p>
<p>&quot;This economic success isn't a result of only temporary factors or luck, but rather derives in large part from good economic policy choices and from favourable structural shifts,&quot; said John Lipsky, chief economist at Chase Manhattan, in his own testimony to the House Banking committee this week.</p>
<p>He said today's workers produce more in less time, primarily because the large-scale use of computers is helping them to do a better job.</p>
<p>Gordon Richards, an economist at the National Association of Manufacturers, took a similar line when he addressed lawmakers. &quot;As a result of structural changes during the 1990s, the economy can now achieve faster growth with continued low inflation,&quot; he said.</p>
<p>Greenspan himself said that while recent performance has been &quot;exceptional,&quot; the economy was undergoing some &quot;basic improvements&quot; based on technological progress that allowed productivity to rise, thereby boosting corporate earnings.</p>
<p>Financial markets heard what they wanted to hear, and investors promptly pushed up the Dow Jones industrial average to a record close of 8,116.93 points on Thursday, before the index eased slightly on Friday to close the week at 8,113.44.</p>
<p>But few insiders appear ready to surrender fully to the boundless optimism. Both analysts and Fed officials are now sitting tight, watching for the first signs that the old models may, after all, not be as dead as some seem to believe.</p>
<p>&quot;I have no doubt that the current stance of policy will need to be changed at some point,&quot; Greenspan said. &quot;The Federal Reserve must be alert to the possibility that additional action might be called for to forestall excessive credit creation.&quot;</p>
</text>
<copyright>(c) Reuters Limited 1997</copyright>
<metadata>
<codes class="bip:countries:1.0">
  <code code="USA">
    <editdetail attribution="Reuters BIP Coding Group" action="confirmed" date="1997-07-27"/>
  </code>
</codes>
<codes class="bip:topics:1.0">
  <code code="E11">
    <editdetail attribution="Reuters BIP Coding Group" action="confirmed" date="1997-07-27"/>
  </code>
  <code code="E12">
    <editdetail attribution="Reuters BIP Coding Group" action="confirmed" date="1997-07-27"/>
  </code>
  <code code="ECAT">
    <editdetail attribution="Reuters BIP Coding Group" action="confirmed" date="1997-07-27"/>
  </code>
</codes>
<dc element="dc.date.created" value="1997-07-27"/>
<dc element="dc.publisher" value="Reuters Holdings Plc"/>
<dc element="dc.date.published" value="1997-07-27"/>
<dc element="dc.source" value="Reuters"/>
<dc element="dc.creator.location" value="WASHINGTON"/>
<dc element="dc.creator.location.country.name" value="USA"/>
<dc element="dc.source" value="Reuters"/>
</metadata>
</newsitem>
