<?xml version="1.0" encoding="iso-8859-1" ?>
<newsitem itemid="758732" id="root" date="1997-07-27" xml:lang="en">
<title>ITALY: Italy PM gets report on key cost controls - Sole.</title>
<headline>Italy PM gets report on key cost controls - Sole.</headline>
<dateline>MILAN 1997-07-27</dateline>
<text>
<p>The office of Prime Minister Romano Prodi has received a report citing ministries that must control spending in late 1997 to ensure Italy qualifies for European economic and monetary union (EMU) in 1999, daily Il Sole newspaper said on Sunday.</p>
<p>The detailed government report cited public education, public employment, posts, transport, health and defence as the sectors most at risk of overspending, Il Sole said.</p>
<p>Italy is striving to stick to planned spending cuts to keep its 1997 budget deficit-to-gross domestic product ratio down at the 3.0 percent level required for joining EMU.</p>
<p>Il Sole said the working group on monitoring public finances, set up at the start of the year by the Treasury, passed the detailed report to Prodi's office.</p>
<p>Il Sole said the report stated: &quot;Above all in the final phase of the year it is very important that those responsible for individual administrations and ministries keep the state of corrective financial measures constantly under control and the level of cash distribution in each ministry for the close of the financial year.&quot;</p>
<p>--Milan bureau +39 2 66129507</p>
</text>
<copyright>(c) Reuters Limited 1997</copyright>
<metadata>
<codes class="bip:countries:1.0">
  <code code="EEC">
    <editdetail attribution="Reuters BIP Coding Group" action="confirmed" date="1997-07-27"/>
  </code>
  <code code="ITALY">
    <editdetail attribution="Reuters BIP Coding Group" action="confirmed" date="1997-07-27"/>
  </code>
</codes>
<codes class="bip:topics:1.0">
  <code code="E21">
    <editdetail attribution="Reuters BIP Coding Group" action="confirmed" date="1997-07-27"/>
  </code>
  <code code="E211">
    <editdetail attribution="Reuters BIP Coding Group" action="confirmed" date="1997-07-27"/>
  </code>
  <code code="ECAT">
    <editdetail attribution="Reuters BIP Coding Group" action="confirmed" date="1997-07-27"/>
  </code>
  <code code="G15">
    <editdetail attribution="Reuters BIP Coding Group" action="confirmed" date="1997-07-27"/>
  </code>
  <code code="G151">
    <editdetail attribution="Reuters BIP Coding Group" action="confirmed" date="1997-07-27"/>
  </code>
  <code code="G154">
    <editdetail attribution="Reuters BIP Coding Group" action="confirmed" date="1997-07-27"/>
  </code>
  <code code="GCAT">
    <editdetail attribution="Reuters BIP Coding Group" action="confirmed" date="1997-07-27"/>
  </code>
</codes>
<dc element="dc.date.created" value="1997-07-27"/>
<dc element="dc.publisher" value="Reuters Holdings Plc"/>
<dc element="dc.date.published" value="1997-07-27"/>
<dc element="dc.source" value="Reuters"/>
<dc element="dc.creator.location" value="MILAN"/>
<dc element="dc.creator.location.country.name" value="ITALY"/>
<dc element="dc.source" value="Reuters"/>
</metadata>
</newsitem>
