<?xml version="1.0" encoding="iso-8859-1" ?>
<newsitem itemid="758700" id="root" date="1997-07-27" xml:lang="en">
<title>USA: Gingrich says only minor issues left in budget talks.</title>
<headline>Gingrich says only minor issues left in budget talks.</headline>
<dateline>WASHINGTON 1997-07-27</dateline>
<text>
<p>House Speaker Newt Gingrich said Sunday only minor issues remained to be resolved in balanced budget talks between the White House and Congress, saying a deal was possible Sunday &quot;if we're lucky.&quot;</p>
<p>&quot;I think we have an agreement, it's never done until it's done,&quot; Gingrich said as Republicans and administration officials prepared to begin another round of talks on tax and spending legislation to implement a five-year budget pact.  </p>
<p>Congressional aides said the two sides were close, but cautioned there was still work ahead. Gingrich said the White House and Republicans were down to three &quot;tiny&quot; issues, one on taxes and two on spending, but was not specific.</p>
<p>The negotiators were returning to the bargaining table after congressional sources reported several key issues involving child care credits, capital gains tax rate cuts and child health insurance appeared near resolution.</p>
<p>Sources said both sides moved on one of the most contentious issues, a $500 per-child tax credit. Republicans are willing to make the credit available to more low-income workers as the White House wanted, while the administration appears ready to let families with incomes in excess of $60,000 claim the credit.</p>
<p>The White House and Republicans are trying to bridge differences in plans to give taxpayers an $85 billion tax cut over the next five years and make changes in domestic health social programmes to balance the budget by 2002.</p>
</text>
<copyright>(c) Reuters Limited 1997</copyright>
<metadata>
<codes class="bip:countries:1.0">
  <code code="USA">
    <editdetail attribution="Reuters BIP Coding Group" action="confirmed" date="1997-07-27"/>
  </code>
</codes>
<codes class="bip:topics:1.0">
  <code code="E21">
    <editdetail attribution="Reuters BIP Coding Group" action="confirmed" date="1997-07-27"/>
  </code>
  <code code="E211">
    <editdetail attribution="Reuters BIP Coding Group" action="confirmed" date="1997-07-27"/>
  </code>
  <code code="ECAT">
    <editdetail attribution="Reuters BIP Coding Group" action="confirmed" date="1997-07-27"/>
  </code>
  <code code="GCAT">
    <editdetail attribution="Reuters BIP Coding Group" action="confirmed" date="1997-07-27"/>
  </code>
  <code code="GPOL">
    <editdetail attribution="Reuters BIP Coding Group" action="confirmed" date="1997-07-27"/>
  </code>
</codes>
<dc element="dc.date.created" value="1997-07-27"/>
<dc element="dc.publisher" value="Reuters Holdings Plc"/>
<dc element="dc.date.published" value="1997-07-27"/>
<dc element="dc.source" value="Reuters"/>
<dc element="dc.creator.location" value="WASHINGTON"/>
<dc element="dc.creator.location.country.name" value="USA"/>
<dc element="dc.source" value="Reuters"/>
</metadata>
</newsitem>
