<?xml version="1.0" encoding="iso-8859-1" ?>
<newsitem itemid="645445" id="root" date="1997-06-08" xml:lang="en">
<title>HUNGARY: HUNGARY RUN NORWAY CLOSE IN WORLD CUP QUALIFIER.</title>
<headline>HUNGARY RUN NORWAY CLOSE IN WORLD CUP QUALIFIER.</headline>
<byline>Duncan Shiels</byline>
<dateline>BUDAPEST 1997-06-08</dateline>
<text>
<p>Hungary came close to causing an upset on Sunday when they outplayed Norway in the first half of a 1-1 draw in their World Cup European zone group three qualifier in Budapest's Peoples' Stadium.</p>
<p>Fresh from their 4-2 win over Brazil last week, the Norwegians, eight of whom played in the English premier league this season, were expected to overpower a Hungarian team short on experience.</p>
<p>&quot;We were lucky to get one point,&quot; said Norway's manager Egil Olsen. &quot;Hungary surprised us in the first half. They played better than I've seen them before and we were lucky not to concede more goals.&quot;</p>
<p>Olsen was more satisfied with the result than Hungarian coach Janos Csank, who before the match had indicated he would be satisfied with a draw but after 90 minutes felt his team should have taken all three points.</p>
<p>&quot;Based on the picture of the first half, we should have won,&quot; he said. &quot;I'm a little dissatisfied.&quot;</p>
<p>Norway could have gone ahead as early as the first minute when Tore Flo, put clean through by Stig Inge Bjorneby after just 34 seconds, side-footed past the right-hand post with only goalkeeper Gabor Babos to beat.</p>
<p>Norbert Nagy also wasted an opportunity for Hungary before Petter Rudi nudged Norway's nose in front after Babos could only palm out a long free kick by Henning Berg to Rudi, who volleyed the rebound in between two Hungarian defenders.</p>
<p>Hungary came back strongly and equalised through Zoltan Kovacs, who latched on to a delicate chip over the Norwegian defence by Hungary's man of the match, defender Emil Lorincz, to shoot powerfully past Frode Grodaas.</p>
<p>Hungary had several more chances in an exciting first half in which the Norwegian midfield, where Liverpool's four million pound signing Oyvind Leonhardsen failed to impress, ceded ground to the Hungarians, with Tamas Sandor and little winger Tibor Dombi tormenting a nervous Norway defence.</p>
<p>The frenetic pace subsided in the second half, although Frank Strandl's snap shot on the turn in the 56th minute whistled past Babos's post and Rudi brought out a fine double save from the Hungarian goalkeeper when he shot from 20 yards and followed up on the rebound.</p>
<p>For Hungary, Kovacs could have had a second when he overpowered Alf-Inge Haaland 40 yards out and darted forward to shoot straight at Grodaas.</p>
<p>&quot;I think we played better on the second half and controlled it better in the second half but the Hungarians were good all the time,&quot; said Olsen.</p>
<p>The result keeps both teams in the running for World Cup qualification with Norway maintaining their four-point lead in the group and Hungary moving ahead of Switzerland into joint second place.</p>
</text>
<copyright>(c) Reuters Limited 1997</copyright>
<metadata>
<codes class="bip:countries:1.0">
  <code code="HUNG">
    <editdetail attribution="Reuters BIP Coding Group" action="confirmed" date="1997-06-08"/>
  </code>
  <code code="NORW">
    <editdetail attribution="Reuters BIP Coding Group" action="confirmed" date="1997-06-08"/>
  </code>
</codes>
<codes class="bip:topics:1.0">
  <code code="GCAT">
    <editdetail attribution="Reuters BIP Coding Group" action="confirmed" date="1997-06-08"/>
  </code>
  <code code="GSPO">
    <editdetail attribution="Reuters BIP Coding Group" action="confirmed" date="1997-06-08"/>
  </code>
</codes>
<dc element="dc.date.created" value="1997-06-08"/>
<dc element="dc.publisher" value="Reuters Holdings Plc"/>
<dc element="dc.date.published" value="1997-06-08"/>
<dc element="dc.source" value="Reuters"/>
<dc element="dc.creator.location" value="BUDAPEST"/>
<dc element="dc.creator.location.country.name" value="HUNGARY"/>
<dc element="dc.source" value="Reuters"/>
</metadata>
</newsitem>
