<?xml version="1.0" encoding="iso-8859-1" ?>
<newsitem itemid="645473" id="root" date="1997-06-08" xml:lang="en">
<title>FRANCE: MOTORCYCLING-&quot;ALIEN&quot; DOOHAN WINS FRENCH GRAND PRIX.</title>
<headline>MOTORCYCLING-&quot;ALIEN&quot; DOOHAN WINS FRENCH GRAND PRIX.</headline>
<dateline>LE CASTELLET, France 1997-06-08</dateline>
<text>
<p>Australian Michael Doohan again outshone the rest of the pack with his fifth victory in six races this season at the French Grand Prix on Sunday.</p>
<p>&quot;He's an alien. To finish second behind him is like victory for me,&quot; said Spaniard Carlos Checa, who was second ahead of fellow Honda rider Tadayuki Okada of Japan.</p>
<p>Doohan, the reigning world champion and current championship leader, covered the 31 laps in 42 minutes 38.064 seconds.</p>
<p>The Australian, who also won at Le Castellet last year, also clocked a fastest lap of 1:21.674 on his Honda, leaving his rivals wondering what to do to stop him.</p>
<p>Despite looking almost certain to take his fourth world title after winning in Malaysia, Japan, Italy, Austria and here, Doohan said his desire to keep winning was as strong as ever.</p>
<p>&quot;I still want to win as hard as ever. I'm never tired of it,&quot; said Doohan, after clinching his 39th career victory.</p>
<p>&quot;There is still a long season ahead of us,&quot; Doohan added.</p>
<p>His rivals have a difficult job of catching him in the championship standings, with the Australian now 43 points clear of his nearest rival, team mate Alex Criville of Spain.</p>
<p>Criville, who won the Spanish Grand Prix in May, was a disappointing fourth on Sunday.</p>
<p>Japanese rider Tetsuya Harada won the 250cc race ahead of world champion Max Biaggi of Italy.</p>
</text>
<copyright>(c) Reuters Limited 1997</copyright>
<metadata>
<codes class="bip:countries:1.0">
  <code code="AUSTR">
    <editdetail attribution="Reuters BIP Coding Group" action="confirmed" date="1997-06-08"/>
  </code>
  <code code="FRA">
    <editdetail attribution="Reuters BIP Coding Group" action="confirmed" date="1997-06-08"/>
  </code>
</codes>
<codes class="bip:topics:1.0">
  <code code="GCAT">
    <editdetail attribution="Reuters BIP Coding Group" action="confirmed" date="1997-06-08"/>
  </code>
  <code code="GSPO">
    <editdetail attribution="Reuters BIP Coding Group" action="confirmed" date="1997-06-08"/>
  </code>
</codes>
<dc element="dc.date.created" value="1997-06-08"/>
<dc element="dc.publisher" value="Reuters Holdings Plc"/>
<dc element="dc.date.published" value="1997-06-08"/>
<dc element="dc.source" value="Reuters"/>
<dc element="dc.creator.location" value="LE CASTELLET, France"/>
<dc element="dc.creator.location.country.name" value="FRANCE"/>
<dc element="dc.source" value="Reuters"/>
</metadata>
</newsitem>
