<?xml version="1.0" encoding="iso-8859-1" ?>
<newsitem itemid="645458" id="root" date="1997-06-08" xml:lang="en">
<title>FAROE ISLANDS: SOCCER-TEN-MAN FAROES WIN SECOND WORLD CUP QUALIFIER.</title>
<headline>SOCCER-TEN-MAN FAROES WIN SECOND WORLD CUP QUALIFIER.</headline>
<dateline>TOFTIR, Faroe Islands 1997-06-08</dateline>
<text>
<p>The Faroe Islands, reduced to 10 men from the 47th minute, completed a World Cup double over Malta when they beat them 2-1 on Sunday.</p>
<p>The Faroes had scored their first ever World Cup victory when they beat Malta by the same score in a group six tie in April.</p>
<p>The Faroese dominated the first half, scoring through Uni Arge and Todi Jonsson in the sixth and 41st minutes respectively.</p>
<p>But two minutes after the break their captain Jan Dam was sent off for a handling offence and Gilbert Agius scored from the resulting penalty, sparking a short but unproductive period of dominance by the visitors.</p>
<p>Seven minutes from the end Malta were also reduced to 10 men when Lawrence Attard, a first half substitute for Darren Debono, was sent off after collecting two yellow cards.</p>
</text>
<copyright>(c) Reuters Limited 1997</copyright>
<metadata>
<codes class="bip:countries:1.0">
  <code code="FAEROE">
    <editdetail attribution="Reuters BIP Coding Group" action="confirmed" date="1997-06-08"/>
  </code>
  <code code="MALTA">
    <editdetail attribution="Reuters BIP Coding Group" action="confirmed" date="1997-06-08"/>
  </code>
</codes>
<codes class="bip:topics:1.0">
  <code code="GCAT">
    <editdetail attribution="Reuters BIP Coding Group" action="confirmed" date="1997-06-08"/>
  </code>
  <code code="GSPO">
    <editdetail attribution="Reuters BIP Coding Group" action="confirmed" date="1997-06-08"/>
  </code>
</codes>
<dc element="dc.date.created" value="1997-06-08"/>
<dc element="dc.publisher" value="Reuters Holdings Plc"/>
<dc element="dc.date.published" value="1997-06-08"/>
<dc element="dc.source" value="Reuters"/>
<dc element="dc.creator.location" value="TOFTIR, Faroe Islands"/>
<dc element="dc.creator.location.country.name" value="FAROE ISLANDS"/>
<dc element="dc.source" value="Reuters"/>
</metadata>
</newsitem>
