<?xml version="1.0" encoding="iso-8859-1" ?>
<newsitem itemid="645476" id="root" date="1997-06-08" xml:lang="en">
<title>FRANCE: HORSE RACING-VEREVA WINS FRENCH OAKS FOR AGA KHAN.</title>
<headline>HORSE RACING-VEREVA WINS FRENCH OAKS FOR AGA KHAN.</headline>
<dateline>CHANTILLY, France 1997-06-08</dateline>
<text>
<p>Vereva, ridden by Gerald Mosse for the Aga Khan, won the French Oaks horse racing classic on Sunday.</p>
<p>Vereva took up the running with 200 metres to go from pacesetting Ryafan, the mount of Frankie Dettori, and held on readily from the fast-finishing Mousse Glacee.</p>
<p>Third place in the 12-strong field went to the favourite Brilliance, ridden by Sylvain Guillot.</p>
<p>A stewards' inquiry was ordered but it did not seem to involve the winner who enjoyed a trouble-free run on the outside.</p>
</text>
<copyright>(c) Reuters Limited 1997</copyright>
<metadata>
<codes class="bip:countries:1.0">
  <code code="FRA">
    <editdetail attribution="Reuters BIP Coding Group" action="confirmed" date="1997-06-08"/>
  </code>
</codes>
<codes class="bip:topics:1.0">
  <code code="GCAT">
    <editdetail attribution="Reuters BIP Coding Group" action="confirmed" date="1997-06-08"/>
  </code>
  <code code="GSPO">
    <editdetail attribution="Reuters BIP Coding Group" action="confirmed" date="1997-06-08"/>
  </code>
</codes>
<dc element="dc.date.created" value="1997-06-08"/>
<dc element="dc.publisher" value="Reuters Holdings Plc"/>
<dc element="dc.date.published" value="1997-06-08"/>
<dc element="dc.source" value="Reuters"/>
<dc element="dc.creator.location" value="CHANTILLY, France"/>
<dc element="dc.creator.location.country.name" value="FRANCE"/>
<dc element="dc.source" value="Reuters"/>
</metadata>
</newsitem>
