<?xml version="1.0" encoding="iso-8859-1" ?>
<newsitem itemid="645477" id="root" date="1997-06-08" xml:lang="en">
<title>UK: CRICKET-AUSTRALIA V ENGLAND TEATIME SCOREBOARD.</title>
<headline>CRICKET-AUSTRALIA V ENGLAND TEATIME SCOREBOARD.</headline>
<text>
<p>M.Elliott b Croft		   66</p>
<p> M.Taylor c and b Croft	   129</p>
<p> G.Blewett c Butcher b Croft    125</p>
<p> S.Waugh not out		     28</p>
<p> M.Bevan c Hussain b Gough	 24</p>
<p> M.Waugh c Stewart b Gough	  1</p>
<p> I.Healy not out			0</p>
<p> Extras				  30</p>
<p> Total (for 5 wickets)	    403 - tea</p>
<p>Wicketfalls: 1-33 2-327 3-354 4-393 5-399.</p>
<p>Australia first innings 118 (A.Caddick 5-50)</p>
<p>England first innings 478-9 declared (N.Hussein 207,</p>
<p>G.Thorpe 138, M.Ealham 53)</p>
</text>
<copyright>(c) Reuters Limited 1997</copyright>
<metadata>
<codes class="bip:countries:1.0">
  <code code="AUSTR">
    <editdetail attribution="Reuters BIP Coding Group" action="confirmed" date="1997-06-08"/>
  </code>
  <code code="UK">
    <editdetail attribution="Reuters BIP Coding Group" action="confirmed" date="1997-06-08"/>
  </code>
</codes>
<codes class="bip:topics:1.0">
  <code code="GCAT">
    <editdetail attribution="Reuters BIP Coding Group" action="confirmed" date="1997-06-08"/>
  </code>
  <code code="GSPO">
    <editdetail attribution="Reuters BIP Coding Group" action="confirmed" date="1997-06-08"/>
  </code>
</codes>
<dc element="dc.publisher" value="Reuters Holdings Plc"/>
<dc element="dc.date.published" value="1997-06-08"/>
<dc element="dc.source" value="Reuters"/>
<dc element="dc.creator.location.country.name" value="UK"/>
<dc element="dc.source" value="Reuters"/>
</metadata>
</newsitem>
