<?xml version="1.0" encoding="iso-8859-1" ?>
<newsitem itemid="645441" id="root" date="1997-06-08" xml:lang="en">
<title>ANTIGUA AND BARBUDA: CRICKET-SRI LANKA 192-6 DEC, LEEWARD ISLANDS 30-2 -- CLOSE.</title>
<headline>CRICKET-SRI LANKA 192-6 DEC, LEEWARD ISLANDS 30-2 -- CLOSE.</headline>
<dateline>ST JOHN'S, Antigua 1997-06-08</dateline>
<text>
<p>Leeward Islands were 30-2 in reply to Sri Lanka's first innings of 192-6 declared at the close of the first day of their three-day game on Sunday.</p>
</text>
<copyright>(c) Reuters Limited 1997</copyright>
<metadata>
<codes class="bip:countries:1.0">
  <code code="ANTA">
    <editdetail attribution="Reuters BIP Coding Group" action="confirmed" date="1997-06-08"/>
  </code>
  <code code="SRILAN">
    <editdetail attribution="Reuters BIP Coding Group" action="confirmed" date="1997-06-08"/>
  </code>
</codes>
<codes class="bip:topics:1.0">
  <code code="GCAT">
    <editdetail attribution="Reuters BIP Coding Group" action="confirmed" date="1997-06-08"/>
  </code>
  <code code="GSPO">
    <editdetail attribution="Reuters BIP Coding Group" action="confirmed" date="1997-06-08"/>
  </code>
</codes>
<dc element="dc.date.created" value="1997-06-08"/>
<dc element="dc.publisher" value="Reuters Holdings Plc"/>
<dc element="dc.date.published" value="1997-06-08"/>
<dc element="dc.source" value="Reuters"/>
<dc element="dc.creator.location" value="ST JOHN'S, Antigua"/>
<dc element="dc.creator.location.country.name" value="ANTIGUA AND BARBUDA"/>
<dc element="dc.source" value="Reuters"/>
</metadata>
</newsitem>
