<?xml version="1.0" encoding="iso-8859-1" ?>
<newsitem itemid="645593" id="root" date="1997-06-08" xml:lang="en">
<title>DENMARK: SOCCER-DENMARK V BOSNIA TEAMS IN WORLD CUP QUALIFIER.</title>
<headline>SOCCER-DENMARK V BOSNIA TEAMS IN WORLD CUP QUALIFIER.</headline>
<dateline>COPENHAGEN 1997-06-08</dateline>
<text>
<p>Teams for Sunday's World Cup Group One qualifying match between Denmark and Bosnia.</p>
<p>Denmark: 1-Peter Schmeichel, 2-Jacob Laursen, 3-Marc Rieper, 4-Jes Hoegh, 5-Jan Heintze, 6-Thomas Helveg, 7-Allan Nielsen 8-Claus Thomsen, 9-Jon Dahl Tomasson, 10-Per Pedersen, 11-Brian Laudrup.</p>
<p>Bosnia: 1-Mirsad Dedic, 2-Nermin Sabic, 3-Bakeh Besehovc, 4-Muhamed Konjic, 5-Suad Katana, 6-Mirsad Hibic, 7-Vlatko Glavas, 8-Sejad Halilovic, 9-Meho Kodro, 10-Elvir Bolic, 11-Elvir Baljic.</p>
</text>
<copyright>(c) Reuters Limited 1997</copyright>
<metadata>
<codes class="bip:countries:1.0">
  <code code="BSHZG">
    <editdetail attribution="Reuters BIP Coding Group" action="confirmed" date="1997-06-08"/>
  </code>
  <code code="DEN">
    <editdetail attribution="Reuters BIP Coding Group" action="confirmed" date="1997-06-08"/>
  </code>
</codes>
<codes class="bip:topics:1.0">
  <code code="GCAT">
    <editdetail attribution="Reuters BIP Coding Group" action="confirmed" date="1997-06-08"/>
  </code>
  <code code="GSPO">
    <editdetail attribution="Reuters BIP Coding Group" action="confirmed" date="1997-06-08"/>
  </code>
</codes>
<dc element="dc.date.created" value="1997-06-08"/>
<dc element="dc.publisher" value="Reuters Holdings Plc"/>
<dc element="dc.date.published" value="1997-06-08"/>
<dc element="dc.source" value="Reuters"/>
<dc element="dc.creator.location" value="COPENHAGEN"/>
<dc element="dc.creator.location.country.name" value="DENMARK"/>
<dc element="dc.source" value="Reuters"/>
</metadata>
</newsitem>
