<?xml version="1.0" encoding="iso-8859-1" ?>
<newsitem itemid="645584" id="root" date="1997-06-08" xml:lang="en">
<title>ITALY: CYCLING-GOTTI HAILED ITALY'S GIRO HERO.</title>
<headline>CYCLING-GOTTI HAILED ITALY'S GIRO HERO.</headline>
<dateline>MILAN 1997-06-08</dateline>
<text>
<p>Ivan Gotti ended Italy's six-year wait for a Giro d'Italia victory on Sunday.</p>
<p>Gotti finished the three-week race one minute 27 seconds ahead of last year's winner Pavel Tonkov of Russia.</p>
<p>Italian Giuseppe Guerini came third, 12:20 slower than Gotti.</p>
<p>Franco Chioccioli was Italy's last Giro victor in 1991.</p>
<p>Gotti's team mate Mario Cipollini scored his fifth stage win in the 165 km final leg from Boario Terme to Milan, outsprinting Sweden's Glenn Magnusson.</p>
</text>
<copyright>(c) Reuters Limited 1997</copyright>
<metadata>
<codes class="bip:countries:1.0">
  <code code="ITALY">
    <editdetail attribution="Reuters BIP Coding Group" action="confirmed" date="1997-06-08"/>
  </code>
</codes>
<codes class="bip:topics:1.0">
  <code code="GCAT">
    <editdetail attribution="Reuters BIP Coding Group" action="confirmed" date="1997-06-08"/>
  </code>
  <code code="GSPO">
    <editdetail attribution="Reuters BIP Coding Group" action="confirmed" date="1997-06-08"/>
  </code>
</codes>
<dc element="dc.date.created" value="1997-06-08"/>
<dc element="dc.publisher" value="Reuters Holdings Plc"/>
<dc element="dc.date.published" value="1997-06-08"/>
<dc element="dc.source" value="Reuters"/>
<dc element="dc.creator.location" value="MILAN"/>
<dc element="dc.creator.location.country.name" value="ITALY"/>
<dc element="dc.source" value="Reuters"/>
</metadata>
</newsitem>
