<?xml version="1.0" encoding="iso-8859-1" ?>
<newsitem itemid="645582" id="root" date="1997-06-08" xml:lang="en">
<title>GERMANY: BERLIN PROBING E.GERMAN SPORTS OFFICIALS ON DOPING.</title>
<headline>BERLIN PROBING E.GERMAN SPORTS OFFICIALS ON DOPING.</headline>
<dateline>BERLIN 1997-06-08</dateline>
<text>
<p>Leading members of the former East German sports establishment are under investigation for doping programmes which helped make their athletes the envy of the world, Berlin authorities confirmed on Sunday.</p>
<p>Berlin justice ministry spokesman Ruediger Reiff confirmed a report in the news magazine Der Spiegel that Rudi Hellmann, head of sport in the former communist East Germany and other senior officials were being investigated.</p>
<p>But Reiff denied that criminal proceedings had been initiated against East Germany's last leader, Egon Krenz.</p>
<p>The magazine said authorities were investigating around 50 former politicians, doctors and trainers and said charges would be made this summer with trials beginning in the autumn.</p>
<p>Der Spiegel, in a copy released ahead of publication on Monday, said East Germany pursued a systematic doping programme, particularly in swimming, athletics and weight lifting.</p>
</text>
<copyright>(c) Reuters Limited 1997</copyright>
<metadata>
<codes class="bip:countries:1.0">
  <code code="GFR">
    <editdetail attribution="Reuters BIP Coding Group" action="confirmed" date="1997-06-08"/>
  </code>
</codes>
<codes class="bip:topics:1.0">
  <code code="GCAT">
    <editdetail attribution="Reuters BIP Coding Group" action="confirmed" date="1997-06-08"/>
  </code>
  <code code="GSPO">
    <editdetail attribution="Reuters BIP Coding Group" action="confirmed" date="1997-06-08"/>
  </code>
</codes>
<dc element="dc.date.created" value="1997-06-08"/>
<dc element="dc.publisher" value="Reuters Holdings Plc"/>
<dc element="dc.date.published" value="1997-06-08"/>
<dc element="dc.source" value="Reuters"/>
<dc element="dc.creator.location" value="BERLIN"/>
<dc element="dc.creator.location.country.name" value="GERMANY"/>
<dc element="dc.source" value="Reuters"/>
</metadata>
</newsitem>
