<?xml version="1.0" encoding="iso-8859-1" ?>
<newsitem itemid="645544" id="root" date="1997-06-08" xml:lang="en">
<title>USA: MOTOR RACING-MOORE WINS SECOND WEEK IN A ROW.</title>
<headline>MOTOR RACING-MOORE WINS SECOND WEEK IN A ROW.</headline>
<dateline>DETROIT 1997-06-08</dateline>
<text>
<p>Canadian Greg Moore won his second consecutive Indy car race on Sunday at the Detroit Grand Prix when Mauricio Gugelmin and Mark Blundell ran out of fuel on the last lap of the race.</p>
<p>Driving a Reynard Mercedes-Benz Moore, who won last week in Milwaukee, averaged 86.047 mph (138.5 km) to finish 1.818 seconds ahead of Michael Andretti in a Swift Ford and Gil de Ferran of Brazil in a Reynard Honda.</p>
<p>Gugelmin of Brazil and Blundell of Great Britain were running one and two before they ran out of fuel. Gugelmin's tank went dry on the backstraight and Blundell stalled in the last turn within site of the checkered flag and victory on the 2.1 mile (3.3 km) street circuit.</p>
<p>&quot;When I saw Mauricio slow down on the backstraight I thought 'Wow',&quot; said the 22-year-old Moore. &quot;Then I saw Mark stop on the last turn and I thought this was a very early Christmas present.&quot;</p>
</text>
<copyright>(c) Reuters Limited 1997</copyright>
<metadata>
<codes class="bip:countries:1.0">
  <code code="CANA">
    <editdetail attribution="Reuters BIP Coding Group" action="confirmed" date="1997-06-08"/>
  </code>
  <code code="USA">
    <editdetail attribution="Reuters BIP Coding Group" action="confirmed" date="1997-06-08"/>
  </code>
</codes>
<codes class="bip:topics:1.0">
  <code code="GCAT">
    <editdetail attribution="Reuters BIP Coding Group" action="confirmed" date="1997-06-08"/>
  </code>
  <code code="GSPO">
    <editdetail attribution="Reuters BIP Coding Group" action="confirmed" date="1997-06-08"/>
  </code>
</codes>
<dc element="dc.date.created" value="1997-06-08"/>
<dc element="dc.publisher" value="Reuters Holdings Plc"/>
<dc element="dc.date.published" value="1997-06-08"/>
<dc element="dc.source" value="Reuters"/>
<dc element="dc.creator.location" value="DETROIT"/>
<dc element="dc.creator.location.country.name" value="USA"/>
<dc element="dc.source" value="Reuters"/>
</metadata>
</newsitem>
