<?xml version="1.0" encoding="iso-8859-1" ?>
<newsitem itemid="645555" id="root" date="1997-06-08" xml:lang="en">
<title>USA: NHL ICE HOCKEY-GAME 4 LINESCORE IN STANLEY CUP FINALS.</title>
<headline>NHL ICE HOCKEY-GAME 4 LINESCORE IN STANLEY CUP FINALS.</headline>
<dateline>DETROIT 1997-06-07</dateline>
<text>
<p>Linescore from Game 4 of the</p>
<p>best-of-seven Stanley Cup finals on Saturday:</p>
<p>				1ST  2ND  3RD     TOTAL</p>
<p>				---  ---  ---     -----</p>
<p>    PHILADELPHIA	   0    0    1	  1</p>
<p>    DETROIT		  1    1    0	  2</p>
<p>	  GOAL SCORING:</p>
<p>	   1ST PRD:</p>
<p>		DET - NICKLAS LIDSTROM 2 (KIRK MALTBY) 19:27</p>
<p>	   2ND PRD:</p>
<p>		DET - DARREN MCCARTY 3 (TOMAS SANDSTROM, STEVE</p>
<p>YZERMAN) 13:02</p>
<p>	   3RD PRD:</p>
<p>		PHI - ERIC LINDROS 12 (ERIC DESJARDINS) 19:45</p>
<p>	 POWER-PLAY CONVERSIONS: PHI - 0 OF 3, DET - 0 OF 5.</p>
<p>	 SHOTS ON GOAL:</p>
<p>			     1ST  2ND  3RD     TOTAL</p>
<p>			PHI   8   12    7	 27</p>
<p>			DET   9   10    7	 26</p>
<p>		 GOALIES:</p>
<p>			PHI - RON HEXTALL</p>
<p>			DET - MIKE VERNON</p>
</text>
<copyright>(c) Reuters Limited 1997</copyright>
<metadata>
<codes class="bip:countries:1.0">
  <code code="USA">
    <editdetail attribution="Reuters BIP Coding Group" action="confirmed" date="1997-06-08"/>
  </code>
</codes>
<codes class="bip:topics:1.0">
  <code code="GCAT">
    <editdetail attribution="Reuters BIP Coding Group" action="confirmed" date="1997-06-08"/>
  </code>
  <code code="GSPO">
    <editdetail attribution="Reuters BIP Coding Group" action="confirmed" date="1997-06-08"/>
  </code>
</codes>
<dc element="dc.date.created" value="1997-06-07"/>
<dc element="dc.publisher" value="Reuters Holdings Plc"/>
<dc element="dc.date.published" value="1997-06-08"/>
<dc element="dc.source" value="Reuters"/>
<dc element="dc.creator.location" value="DETROIT"/>
<dc element="dc.creator.location.country.name" value="USA"/>
<dc element="dc.source" value="Reuters"/>
</metadata>
</newsitem>
