<?xml version="1.0" encoding="iso-8859-1" ?>
<newsitem itemid="645514" id="root" date="1997-06-08" xml:lang="en">
<title>LATVIA: SOCCER-AUSTRIA SEAL WIN OVER LATVIA AFTER SLOW START.</title>
<headline>SOCCER-AUSTRIA SEAL WIN OVER LATVIA AFTER SLOW START.</headline>
<dateline>RIGA 1997-06-08</dateline>
<text>
<p>Austria scored three second-half goals to beat Latvia 3-1 in a European zone group four World Cup qualifier on Sunday.</p>
<p>After an evenly matched and scoreless first half, in which both teams missed some clear-cut scoring opportunities, the Austrians finally turned on the pressure after the break.</p>
<p>A corner kick yielded the first goal of the game to Austria's Andreas Heraf after 55 minutes, sparking new life into the visitors.</p>
<p>The Austrians dominated the rest of the game with Anton Polster scoring in the 81st minute and Peter Stoger adding their third four minutes later.</p>
<p>Vitali Astafjev scored a consolation goal for Latvia three minutes before full-time.</p>
</text>
<copyright>(c) Reuters Limited 1997</copyright>
<metadata>
<codes class="bip:countries:1.0">
  <code code="AUST">
    <editdetail attribution="Reuters BIP Coding Group" action="confirmed" date="1997-06-08"/>
  </code>
  <code code="LATV">
    <editdetail attribution="Reuters BIP Coding Group" action="confirmed" date="1997-06-08"/>
  </code>
</codes>
<codes class="bip:topics:1.0">
  <code code="GCAT">
    <editdetail attribution="Reuters BIP Coding Group" action="confirmed" date="1997-06-08"/>
  </code>
  <code code="GSPO">
    <editdetail attribution="Reuters BIP Coding Group" action="confirmed" date="1997-06-08"/>
  </code>
</codes>
<dc element="dc.date.created" value="1997-06-08"/>
<dc element="dc.publisher" value="Reuters Holdings Plc"/>
<dc element="dc.date.published" value="1997-06-08"/>
<dc element="dc.source" value="Reuters"/>
<dc element="dc.creator.location" value="RIGA"/>
<dc element="dc.creator.location.country.name" value="LATVIA"/>
<dc element="dc.source" value="Reuters"/>
</metadata>
</newsitem>
