<?xml version="1.0" encoding="iso-8859-1" ?>
<newsitem itemid="645513" id="root" date="1997-06-08" xml:lang="en">
<title>ESTONIA: SOCCER-SWEDEN BEAT ESTONIA 3-2 IN WORLD CUP QUALIFIER.</title>
<headline>SOCCER-SWEDEN BEAT ESTONIA 3-2 IN WORLD CUP QUALIFIER.</headline>
<dateline>TALLINN 1997-06-08</dateline>
<text>
<p>Sweden beat Estonia 3-2 (halftime</p>
<p>1-0) in their World Cup European group four qualifier on Sunday.</p>
<p>Scorers</p>
<p>Sweden - Martin Dahlin 13, Par Zetterberg 53 pen, Kennet</p>
<p>Andersson 73</p>
<p>Estonia - Andres Oper 75, Marko Kristal 85</p>
<p>Attendance: 2,500</p>
<p>    Standings	 P   W   D   L   F   A   Pts</p>
<p> Scotland	     8   5   2   1   9   2   17</p>
<p> Austria		6   4   1   1   8   4   13</p>
<p> Sweden		 6   4   0   2  12   7   12</p>
<p> Latvia		 7   2   1   4   9  11    7</p>
<p> Belarus		6   1   1   4   3  10    4</p>
<p> Estonia		7   1   1   5   4  11    4</p>
<p>Next matches: Aug 20 - Estonia v Austria, Belarus v Sweden</p>
</text>
<copyright>(c) Reuters Limited 1997</copyright>
<metadata>
<codes class="bip:countries:1.0">
  <code code="ESTNIA">
    <editdetail attribution="Reuters BIP Coding Group" action="confirmed" date="1997-06-08"/>
  </code>
  <code code="SWED">
    <editdetail attribution="Reuters BIP Coding Group" action="confirmed" date="1997-06-08"/>
  </code>
</codes>
<codes class="bip:topics:1.0">
  <code code="GCAT">
    <editdetail attribution="Reuters BIP Coding Group" action="confirmed" date="1997-06-08"/>
  </code>
  <code code="GSPO">
    <editdetail attribution="Reuters BIP Coding Group" action="confirmed" date="1997-06-08"/>
  </code>
</codes>
<dc element="dc.date.created" value="1997-06-08"/>
<dc element="dc.publisher" value="Reuters Holdings Plc"/>
<dc element="dc.date.published" value="1997-06-08"/>
<dc element="dc.source" value="Reuters"/>
<dc element="dc.creator.location" value="TALLINN"/>
<dc element="dc.creator.location.country.name" value="ESTONIA"/>
<dc element="dc.source" value="Reuters"/>
</metadata>
</newsitem>
