<?xml version="1.0" encoding="iso-8859-1" ?>
<newsitem itemid="645589" id="root" date="1997-06-08" xml:lang="en">
<title>NETHERLANDS: SOCCER-DUTCH FIRST DIVISION PLAYOFF RESULTS/STANDINGS.</title>
<headline>SOCCER-DUTCH FIRST DIVISION PLAYOFF RESULTS/STANDINGS.</headline>
<dateline>AMSTERDAM 1997-06-08</dateline>
<text>
<p>Results of a Dutch first</p>
<p>division play-off match on Sunday:</p>
<p>Group A</p>
<p> Emmen (II)			  1  ADO den Haag (II)   0</p>
<p>Played on Saturday:</p>
<p>Group A</p>
<p> Zwolle (II)			 1  RKC Waalwijk	  0</p>
<p>    Standings		     P   W   D   L   F   A  Pts</p>
<p> Zwolle			     2   2   0   0   3   0   6</p>
<p> RKC Waalwijk		     2   1   0   1   2   1   3</p>
<p> Emmen				2   1   0   1   1   2   3</p>
<p> ADO Den Haag		     2   0   0   2   0   3   0</p>
<p>Group B:</p>
<p> Go Ahead Eagles Deventer (II) 2  NEC Nijmegen	  1</p>
<p> Cambuur Leeuwarden (II)	 3  VVV Venlo (II)	2</p>
<p>    Standings		     P   W   D   L   F   A  Pts</p>
<p> Go Ahead Eagles Deventer     2   2   0   0   5   2   6</p>
<p> Cambuur Leeuwarden	     2   1   0   1   4   4   3</p>
<p> Nec Nijmegen		     2   1   0   1   3   3   3</p>
<p> VVV Venlo			  2   0   0   2   3   6   0</p>
<p>Group winners play in the Dutch first division next season.</p>
</text>
<copyright>(c) Reuters Limited 1997</copyright>
<metadata>
<codes class="bip:countries:1.0">
  <code code="NETH">
    <editdetail attribution="Reuters BIP Coding Group" action="confirmed" date="1997-06-08"/>
  </code>
</codes>
<codes class="bip:topics:1.0">
  <code code="GCAT">
    <editdetail attribution="Reuters BIP Coding Group" action="confirmed" date="1997-06-08"/>
  </code>
  <code code="GSPO">
    <editdetail attribution="Reuters BIP Coding Group" action="confirmed" date="1997-06-08"/>
  </code>
</codes>
<dc element="dc.date.created" value="1997-06-08"/>
<dc element="dc.publisher" value="Reuters Holdings Plc"/>
<dc element="dc.date.published" value="1997-06-08"/>
<dc element="dc.source" value="Reuters"/>
<dc element="dc.creator.location" value="AMSTERDAM"/>
<dc element="dc.creator.location.country.name" value="NETHERLANDS"/>
<dc element="dc.source" value="Reuters"/>
</metadata>
</newsitem>
