<?xml version="1.0" encoding="iso-8859-1" ?>
<newsitem itemid="645503" id="root" date="1997-06-08" xml:lang="en">
<title>YUGOSLAVIA: SOCCER-YUGOSLAVIA KEEP PRESSURE ON SPAIN.</title>
<headline>SOCCER-YUGOSLAVIA KEEP PRESSURE ON SPAIN.</headline>
<dateline>BELGRADE 1997-06-08</dateline>
<text>
<p>Yugoslavia kept the pressure on European group six leaders Spain with a 2-0 victory over Slovakia in World Cup qualifier on Sunday.</p>
<p>AC Milan's Dejan Savicevic and Real Madrid's Predrag Mijatovic hit the target to carry Yugoslavia to 19 points in their group, one behind Spain.</p>
<p>Yugoslavia came within a whisker of a fourth minute goal, but Sinisa Mihajlovic's attempted lob over Slovak keeper Ladislav Molnar hit the crossbar.</p>
<p>The Slovaks' tight defence capitulated in the 17th minute when Juventus's Vladimir Jugovic headed a cross from Predrag Mijatovic towards Savicevic, who scored from close range.</p>
<p>Minutes later, Mijatovic shot a powerful left-foot volley straight into Molnar, who made a quick grab for the ball after it bounced off his chest.</p>
<p>Slovakia's only opportunity in the first half came in the 36th minute when Dusan Tittel headed a free kick cross past Ivica Kralj's goal.</p>
<p>Yugoslavia twice came close to scoring directly from corner kicks and missed several other good opportunities.</p>
<p>Their efforts were crowned in the 75th minute -- a cross from Mihajlovic found Mijatovic, who blasted a left footer past a diving Molnar for his sixth goal in Yugoslavia's eight European group six qualifiers.</p>
<p>Spain retained their lead at the top of the group with a 1-0 victory against the Czech Republic.</p>
</text>
<copyright>(c) Reuters Limited 1997</copyright>
<metadata>
<codes class="bip:countries:1.0">
  <code code="SLVAK">
    <editdetail attribution="Reuters BIP Coding Group" action="confirmed" date="1997-06-08"/>
  </code>
  <code code="YUG">
    <editdetail attribution="Reuters BIP Coding Group" action="confirmed" date="1997-06-08"/>
  </code>
</codes>
<codes class="bip:topics:1.0">
  <code code="GCAT">
    <editdetail attribution="Reuters BIP Coding Group" action="confirmed" date="1997-06-08"/>
  </code>
  <code code="GSPO">
    <editdetail attribution="Reuters BIP Coding Group" action="confirmed" date="1997-06-08"/>
  </code>
</codes>
<dc element="dc.date.created" value="1997-06-08"/>
<dc element="dc.publisher" value="Reuters Holdings Plc"/>
<dc element="dc.date.published" value="1997-06-08"/>
<dc element="dc.source" value="Reuters"/>
<dc element="dc.creator.location" value="BELGRADE"/>
<dc element="dc.creator.location.country.name" value="YUGOSLAVIA"/>
<dc element="dc.source" value="Reuters"/>
</metadata>
</newsitem>
