<?xml version="1.0" encoding="iso-8859-1" ?>
<newsitem itemid="645658" id="root" date="1997-06-08" xml:lang="en">
<title>SIERRA LEONE: Sierra Leone rebels seize airfield by Nigerian base.</title>
<headline>Sierra Leone rebels seize airfield by Nigerian base.</headline>
<byline>Allieu Kamara</byline>
<dateline>HASTINGS, Sierra Leone 1997-06-08</dateline>
<text>
<p>Rebels allied to coupmakers in Sierra Leone have taken control of Hastings airport, which Nigeria had been using to fly in troops and supplies for its nearby military base.</p>
<p>The loss of Hastings, 18 km (11 miles) southeast of Freetown, leaves the Nigerians reliant on the remote international airport at Lungi, creating logistical problems for any military strike.</p>
<p>Rebel commander Captain Johandes Roberts told journalists who visited Hastings on Sunday that they had seized the airfield on Friday after two helicopters landed carrying ammunition. The Nigerians had assured them they were bringing medical supplies.</p>
<p>&quot;On seeing the helicopters, we rushed to the airfield and captured two Nigerian officers whom the helicopters had dropped, and several thousand rounds of ammunition, including heavy machinegun shells and AK 47 rounds,&quot; Roberts said.</p>
<p>Sierra Leonean military authorities in Freetown, now allied with the Revolutionary United Front (RUF) in the so-called People's Army, confirmed Roberts's account. There was no immediate word from the Nigerians.</p>
<p>Nigeria has been building up its troops in Freetown since the May 25 coup and is widely expected to stage another military strike against the coup leaders after last Monday's unsuccesful attempt to force them aside.</p>
<p>Nigerian troops are digging trenches at their base about three km (two miles) from Hastings, and flying in more men from the Monrovia headquarters of the Nigerian-led ECOMOG regional force, which already had troops in Sierra Leone before the coup.</p>
<p>Hundreds of residents were fleeing the Hastings area on Sunday heading upcountry, walking with their belongings on their heads or waiting by the road hoping for transport.</p>
<p>Roberts said the Nigerian soldiers were being held at rebel headquarters at Benguma military training centre, about a mile from Hastings.</p>
<p>The coup leaders claimed to have held 300 Nigerian soldiers who surrendered in Monday's battles for 24 hours before returning them to their base. ECOMOG made no comment on the report until their release was announced, and then denied its men were missing.</p>
<p>Lungi international airport lies across a wide river estuary to the north of the capital. Helicopters can fly from there to the Nigerian base at Grafton.</p>
<p>Roberts said Nigerian troops should leave Freetown at once. &quot;If Nigerian troops attack the positions of the Peoples Army we will fight them to the death,&quot; he said.</p>
</text>
<copyright>(c) Reuters Limited 1997</copyright>
<metadata>
<codes class="bip:countries:1.0">
  <code code="NIGEA">
    <editdetail attribution="Reuters BIP Coding Group" action="confirmed" date="1997-06-08"/>
  </code>
  <code code="SILEN">
    <editdetail attribution="Reuters BIP Coding Group" action="confirmed" date="1997-06-08"/>
  </code>
</codes>
<codes class="bip:topics:1.0">
  <code code="GCAT">
    <editdetail attribution="Reuters BIP Coding Group" action="confirmed" date="1997-06-08"/>
  </code>
  <code code="GDIP">
    <editdetail attribution="Reuters BIP Coding Group" action="confirmed" date="1997-06-08"/>
  </code>
  <code code="GVIO">
    <editdetail attribution="Reuters BIP Coding Group" action="confirmed" date="1997-06-08"/>
  </code>
</codes>
<dc element="dc.date.created" value="1997-06-08"/>
<dc element="dc.publisher" value="Reuters Holdings Plc"/>
<dc element="dc.date.published" value="1997-06-08"/>
<dc element="dc.source" value="Reuters"/>
<dc element="dc.creator.location" value="HASTINGS, Sierra Leone"/>
<dc element="dc.creator.location.country.name" value="SIERRA LEONE"/>
<dc element="dc.source" value="Reuters"/>
</metadata>
</newsitem>
