<?xml version="1.0" encoding="iso-8859-1" ?>
<newsitem itemid="645663" id="root" date="1997-06-08" xml:lang="en">
<title>TANZANIA: 31 dead in Zanzibar cholera outbreak - report.</title>
<headline>31 dead in Zanzibar cholera outbreak - report.</headline>
<dateline>DAR ES SALAAM 1997-06-08</dateline>
<text>
<p>At least 31 people have died and more than 260 others have been infected by a cholera outbreak on Zanzibar, Tanzania's semi-official Sunday News reported.</p>
<p>It said the cholera outbreak, first identified in March, had forced the Indian Ocean island government to order restaurants closed.  Cholera cases -- believed to be spread by contaminated food or water -- have been reported from the main Zanzibar island and also from the nearby Pemba island.</p>
<p>Zanzibar joined mainland Tanganyika to form the United Republic of Tanzania after a revolution which overthrew the last Arab Sultan in 1964.  But with its own parliament and president, Zanzibar retains a large measure of autonomy within Tanzania.</p>
<p>Senior western aid officials who asked not to be identified told Reuters the outbreak appeared to be a serious one.</p>
<p>The Sunday News quoted senior Zanzibar tourism officials as saying the cholera outbreak had hit the tourism sector, one of Zanzibar's main sources of income.</p>
<p>Zanzibar Tourism Commission executive secretary Walid Fikirini said charter flights bringing up to 2,000 Italian tourists per week had been suspended, the newspaper added.</p>
</text>
<copyright>(c) Reuters Limited 1997</copyright>
<metadata>
<codes class="bip:countries:1.0">
  <code code="TANZA">
    <editdetail attribution="Reuters BIP Coding Group" action="confirmed" date="1997-06-08"/>
  </code>
</codes>
<codes class="bip:topics:1.0">
  <code code="GCAT">
    <editdetail attribution="Reuters BIP Coding Group" action="confirmed" date="1997-06-08"/>
  </code>
  <code code="GHEA">
    <editdetail attribution="Reuters BIP Coding Group" action="confirmed" date="1997-06-08"/>
  </code>
</codes>
<dc element="dc.date.created" value="1997-06-08"/>
<dc element="dc.publisher" value="Reuters Holdings Plc"/>
<dc element="dc.date.published" value="1997-06-08"/>
<dc element="dc.source" value="Reuters"/>
<dc element="dc.creator.location" value="DAR ES SALAAM"/>
<dc element="dc.creator.location.country.name" value="TANZANIA"/>
<dc element="dc.source" value="Reuters"/>
</metadata>
</newsitem>
