<?xml version="1.0" encoding="iso-8859-1" ?>
<newsitem itemid="645612" id="root" date="1997-06-08" xml:lang="en">
<title>UK: TV dispute might delay Formula One float - paper.</title>
<headline>TV dispute might delay Formula One float - paper.</headline>
<dateline>LONDON 1997-06-08</dateline>
<text>
<p>A legal dispute in Germany over television rights could delay the flotation of the world's most glamorous and expensive motor racing event -- Formula One.</p>
<p>The Times newspaper reported in its Monday edition that the dispute, the latest threat to a sale that has been estimated to be worth $2.5-3.3 billion, looked unlikely to be resolved in time to allow the float to proceed next month.</p>
<p>Quoting an insider, the Times said: &quot;We are on track to go ahead before the British Grand Prix at Silverstone on July 13, although it is possible the timing could shift.&quot;</p>
<p>Formula One, which is owned by multi-millionaire Bernie Ecclestone and whose racing teams include Williams, Benetton, Jordan, Tyrell and McLaren, has said that the flotation is complex and any timetable is provisional.</p>
<p>The company's investment bankers meet on Monday, the Times reported.</p>
<p>-- London Newsroom +44 171 542 7717</p>
</text>
<copyright>(c) Reuters Limited 1997</copyright>
<metadata>
<codes class="bip:countries:1.0">
  <code code="GFR">
    <editdetail attribution="Reuters BIP Coding Group" action="confirmed" date="1997-06-08"/>
  </code>
  <code code="UK">
    <editdetail attribution="Reuters BIP Coding Group" action="confirmed" date="1997-06-08"/>
  </code>
</codes>
<codes class="bip:industries:1.0">
  <code code="I97911">
    <editdetail attribution="Reuters BIP Coding Group" action="confirmed" date="1997-06-08"/>
  </code>
</codes>
<codes class="bip:topics:1.0">
  <code code="C12">
    <editdetail attribution="Reuters BIP Coding Group" action="confirmed" date="1997-06-08"/>
  </code>
  <code code="C17">
    <editdetail attribution="Reuters BIP Coding Group" action="confirmed" date="1997-06-08"/>
  </code>
  <code code="C171">
    <editdetail attribution="Reuters BIP Coding Group" action="confirmed" date="1997-06-08"/>
  </code>
  <code code="CCAT">
    <editdetail attribution="Reuters BIP Coding Group" action="confirmed" date="1997-06-08"/>
  </code>
  <code code="GCAT">
    <editdetail attribution="Reuters BIP Coding Group" action="confirmed" date="1997-06-08"/>
  </code>
  <code code="GCRIM">
    <editdetail attribution="Reuters BIP Coding Group" action="confirmed" date="1997-06-08"/>
  </code>
</codes>
<dc element="dc.date.created" value="1997-06-08"/>
<dc element="dc.publisher" value="Reuters Holdings Plc"/>
<dc element="dc.date.published" value="1997-06-08"/>
<dc element="dc.source" value="Reuters"/>
<dc element="dc.creator.location" value="LONDON"/>
<dc element="dc.creator.location.country.name" value="UK"/>
<dc element="dc.source" value="Reuters"/>
</metadata>
</newsitem>
