<?xml version="1.0" encoding="iso-8859-1" ?>
<newsitem itemid="645677" id="root" date="1997-06-08" xml:lang="en">
<title>RUSSIA: Russia to set London Club agreement date July - MoF.</title>
<headline>Russia to set London Club agreement date July - MoF.</headline>
<dateline>MOSCOW 1997-06-08</dateline>
<text>
<p>The Russian government will set the date for signing a rescheduling agreement with the London club of commercial bank creditors in July, a senior Finance Ministry official said.</p>
<p>Vneshekonombank, Russia's government agent on foreign debt, said last week it had acknowledged about 80 percent of banks' claims and that creditors had returned signed reconciliation statements for just under 20 percent of eligible debt.</p>
<p>Russian Deputy Finance Minister Mikhail Kasyanov told Reuters in a weekend interview that Russia had asked creditors to sign reconciliation statements, at least in part, on the sums which they agreed on, in order to increase the total volume of debt so far reconciled.</p>
<p>&quot;By the end of June or start of July Vneshekonombank will finish reconciling the remaining sum and then we can count on creditors approving the remaining sum during July,&quot; Kasyanov said.</p>
<p>&quot;By mid-July there will come a moment when we shall have every reason to set the signing date so that the exact closing date can be calculated,&quot; Kasyanov said.</p>
<p>The agreement, made in principle two years ago, sketched plans for repayment of $25.5 billion of principal over 25 years and $7 billion in overdue interest over 20 years.</p>
<p>Russia must reconcile a minimum of $20 billion in order to close the London Club agreement.</p>
<p>((--Julie Tolkacheva, Moscow Newsroom, +7095 941 8520))</p>
</text>
<copyright>(c) Reuters Limited 1997</copyright>
<metadata>
<codes class="bip:countries:1.0">
  <code code="RUSS">
    <editdetail attribution="Reuters BIP Coding Group" action="confirmed" date="1997-06-08"/>
  </code>
</codes>
<codes class="bip:topics:1.0">
  <code code="E21">
    <editdetail attribution="Reuters BIP Coding Group" action="confirmed" date="1997-06-08"/>
  </code>
  <code code="E212">
    <editdetail attribution="Reuters BIP Coding Group" action="confirmed" date="1997-06-08"/>
  </code>
  <code code="ECAT">
    <editdetail attribution="Reuters BIP Coding Group" action="confirmed" date="1997-06-08"/>
  </code>
</codes>
<dc element="dc.date.created" value="1997-06-08"/>
<dc element="dc.publisher" value="Reuters Holdings Plc"/>
<dc element="dc.date.published" value="1997-06-08"/>
<dc element="dc.source" value="Reuters"/>
<dc element="dc.creator.location" value="MOSCOW"/>
<dc element="dc.creator.location.country.name" value="RUSSIA"/>
<dc element="dc.source" value="Reuters"/>
</metadata>
</newsitem>
