<?xml version="1.0" encoding="iso-8859-1" ?>
<newsitem itemid="645682" id="root" date="1997-06-08" xml:lang="en">
<title>YUGOSLAVIA: Serbian telecom privatisation deal postponed.</title>
<headline>Serbian telecom privatisation deal postponed.</headline>
<dateline>BELGRADE 1997-06-08</dateline>
<text>
<p>Serbia's widely-expected sale of part of its state telecommunications company to Italian and Greek companies has been postponed until further notice, a source close to Serbian negotiating team said on Sunday.</p>
<p>&quot;The deal is postponed until some technicalities are finalised. It could be tomorrow, but it could be any other day as well,&quot; the source told Reuters but would not elaborate.</p>
<p>Serbia said earlier it would conclude a major foreign investment deal in its Telekom Srbija on Sunday by signing a contract with Stet of Italy and OTE of Greece.</p>
<p>A press release issued by the Serbian information ministry said Prime Minister Mirko Marjanovic would attend the signing ceremony at 1630 GMT.</p>
<p>No official details were released about Serbia's first major privatisation deal, but authoritative sources said Telekom Srbija was expected to sell a 29 percent of its stake to Stet and 20 percent to OTE for a total of around 1.57 billion German marks ($910 million).</p>
</text>
<copyright>(c) Reuters Limited 1997</copyright>
<metadata>
<codes class="bip:countries:1.0">
  <code code="YUG">
    <editdetail attribution="Reuters BIP Coding Group" action="confirmed" date="1997-06-08"/>
  </code>
</codes>
<codes class="bip:industries:1.0">
  <code code="I79020">
    <editdetail attribution="Reuters BIP Coding Group" action="confirmed" date="1997-06-08"/>
  </code>
</codes>
<codes class="bip:topics:1.0">
  <code code="C18">
    <editdetail attribution="Reuters BIP Coding Group" action="confirmed" date="1997-06-08"/>
  </code>
  <code code="C181">
    <editdetail attribution="Reuters BIP Coding Group" action="confirmed" date="1997-06-08"/>
  </code>
  <code code="C183">
    <editdetail attribution="Reuters BIP Coding Group" action="confirmed" date="1997-06-08"/>
  </code>
  <code code="CCAT">
    <editdetail attribution="Reuters BIP Coding Group" action="confirmed" date="1997-06-08"/>
  </code>
</codes>
<dc element="dc.date.created" value="1997-06-08"/>
<dc element="dc.publisher" value="Reuters Holdings Plc"/>
<dc element="dc.date.published" value="1997-06-08"/>
<dc element="dc.source" value="Reuters"/>
<dc element="dc.creator.location" value="BELGRADE"/>
<dc element="dc.creator.location.country.name" value="YUGOSLAVIA"/>
<dc element="dc.source" value="Reuters"/>
</metadata>
</newsitem>
