<?xml version="1.0" encoding="iso-8859-1" ?>
<newsitem itemid="645608" id="root" date="1997-06-08" xml:lang="en">
<title>UK: Britain's Camelot poised to run TV game show - paper.</title>
<headline>Britain's Camelot poised to run TV game show - paper.</headline>
<dateline>LONDON 1997-06-08</dateline>
<text>
<p>Camelot, the UK operator of the national lottery, is set to receive permission within the next two weeks to run a television game show for scratch card winners with prizes of up to 100,000 pounds, the Financial Times reported.</p>
<p>The newspaper said in its Monday edition that the company hoped the TV game shown by the BBC would boost Instants, the lottery scratch cards which have seen sales slump to 15 million per week from 40 million per week when they were launched two years ago.</p>
<p>Camelot also confirmed it would prepare loyalty bonus packages for all its 650 staff later this year. The deals are designed to keep them in place until its seven-year contract to run the lottering ends in 2001, the FT said.</p>
<p>On Friday, Camelot executives agreed to pay part of their future bonuses to charity after the size of the payments fueled a bitter row with the government.</p>
<p>The new Labour government expressed outrage two weeks ago when it emerged that bonus payments had inflated Camelot's wage bill by 40 percent to 2.3 million pounds while the sum the lottery raised for charities fell.</p>
<p>-- London Newsroom +44 171 542 7717</p>
</text>
<copyright>(c) Reuters Limited 1997</copyright>
<metadata>
<codes class="bip:countries:1.0">
  <code code="UK">
    <editdetail attribution="Reuters BIP Coding Group" action="confirmed" date="1997-06-08"/>
  </code>
</codes>
<codes class="bip:industries:1.0">
  <code code="I97912">
    <editdetail attribution="Reuters BIP Coding Group" action="confirmed" date="1997-06-08"/>
  </code>
</codes>
<codes class="bip:topics:1.0">
  <code code="C11">
    <editdetail attribution="Reuters BIP Coding Group" action="confirmed" date="1997-06-08"/>
  </code>
  <code code="C22">
    <editdetail attribution="Reuters BIP Coding Group" action="confirmed" date="1997-06-08"/>
  </code>
  <code code="CCAT">
    <editdetail attribution="Reuters BIP Coding Group" action="confirmed" date="1997-06-08"/>
  </code>
  <code code="E41">
    <editdetail attribution="Reuters BIP Coding Group" action="confirmed" date="1997-06-08"/>
  </code>
  <code code="ECAT">
    <editdetail attribution="Reuters BIP Coding Group" action="confirmed" date="1997-06-08"/>
  </code>
  <code code="GCAT">
    <editdetail attribution="Reuters BIP Coding Group" action="confirmed" date="1997-06-08"/>
  </code>
  <code code="GENT">
    <editdetail attribution="Reuters BIP Coding Group" action="confirmed" date="1997-06-08"/>
  </code>
  <code code="GJOB">
    <editdetail attribution="Reuters BIP Coding Group" action="confirmed" date="1997-06-08"/>
  </code>
</codes>
<dc element="dc.date.created" value="1997-06-08"/>
<dc element="dc.publisher" value="Reuters Holdings Plc"/>
<dc element="dc.date.published" value="1997-06-08"/>
<dc element="dc.source" value="Reuters"/>
<dc element="dc.creator.location" value="LONDON"/>
<dc element="dc.creator.location.country.name" value="UK"/>
<dc element="dc.source" value="Reuters"/>
</metadata>
</newsitem>
