<?xml version="1.0" encoding="iso-8859-1" ?>
<newsitem itemid="645699" id="root" date="1997-06-08" xml:lang="en">
<title>CUBA: Heavy rains in Cuba cause damage but end drought.</title>
<headline>Heavy rains in Cuba cause damage but end drought.</headline>
<dateline>HAVANA 1997-06-08</dateline>
<text>
<p>Heavy rains in central and eastern Cuba have ended a serious drought but also damaged more than 7,000 homes and forced the temporary evacuation of nearly 7,000 people, state media reported on Sunday.</p>
<p>Cuban state radio, citing Civil Defense officials, said 6,900 people were evacuated to temporary shelters as torrential rains swept the center and east of the communist-ruled Caribbean nation over the last few days.</p>
<p>More than 7,000 homes were reported to be damaged with 251 of them completely destroyed. The effects of the rains were felt from the central provinces of Sancti Spiritus and Cienfuegos to the easternmost province of Guantanamo.</p>
<p>One of the worst hit areas was Santiago de Cuba, the island's second city, where the rains, flooding and mudslides toppled trees, blocked major roads and streets and cut power supplies. The Antonio Maceo thermo-electric plant in Santiago was forced to cut back its operations to half capacity.</p>
<p>Flooding affected some sugar cane being grown for the coming 1997-98 harvest, as well as other crops.</p>
<p>Despite the damage and disruption, local officials welcomed the rain, saying it ended a period of drought, which since the beginning of the year, had badly hit livestock and farming and reduced water supplies for the population.</p>
<p>No deaths were immediately reported in the rains.</p>
</text>
<copyright>(c) Reuters Limited 1997</copyright>
<metadata>
<codes class="bip:countries:1.0">
  <code code="CUBA">
    <editdetail attribution="Reuters BIP Coding Group" action="confirmed" date="1997-06-08"/>
  </code>
</codes>
<codes class="bip:topics:1.0">
  <code code="GCAT">
    <editdetail attribution="Reuters BIP Coding Group" action="confirmed" date="1997-06-08"/>
  </code>
  <code code="GDIS">
    <editdetail attribution="Reuters BIP Coding Group" action="confirmed" date="1997-06-08"/>
  </code>
  <code code="GWEA">
    <editdetail attribution="Reuters BIP Coding Group" action="confirmed" date="1997-06-08"/>
  </code>
</codes>
<dc element="dc.date.created" value="1997-06-08"/>
<dc element="dc.publisher" value="Reuters Holdings Plc"/>
<dc element="dc.date.published" value="1997-06-08"/>
<dc element="dc.source" value="Reuters"/>
<dc element="dc.creator.location" value="HAVANA"/>
<dc element="dc.creator.location.country.name" value="CUBA"/>
<dc element="dc.source" value="Reuters"/>
</metadata>
</newsitem>
