<?xml version="1.0" encoding="iso-8859-1" ?>
<newsitem itemid="645641" id="root" date="1997-06-08" xml:lang="en">
<title>CONGO: Heavy fighting in Congo Brazzaville.</title>
<headline>Heavy fighting in Congo Brazzaville.</headline>
<byline>Helen Vesperini</byline>
<dateline>BRAZZAVILLE 1997-06-08</dateline>
<text>
<p>Heavy fighting raged in the Congolese capital Brazzaville on Sunday between a political militia and troops loyal to President Pascal Lissouba, sending refugees fleeing across the Congo River to Kinshasa.</p>
<p>Western military sources said the &quot;Cobras&quot; -- armed followers of ex-president Denis Sassou Nguesso -- had occupied most of the city centre and surrounded the prime minister's office and treasury.</p>
<p>Refugees reaching Kinshasa said the Brazzaville fighting appeared to be more widespread than in 1993, when 2,000 people were killed in the capital following disputed parliamentary elections.</p>
<p>Brazzaville residents reported a mixture of small arms and heavy machinegun fire.</p>
<p>There was no reliable death toll for the clashes but police sources spoke of several dozen dead and many wounded.</p>
<p>France said it would send 500 troops to reinforce the 450 already there following threats to its nationals and the death of a French soldier on Saturday.</p>
<p>&quot;The Cobras have taken the centre of town and are heading for the town hall. They have captured a number of small armoured vehicles and light tanks from the army,&quot; one source said.</p>
<p>Officials at the presidency said discussions had begun with representatives of Sassou Nguesso and other political leaders, but the message had not yet reached the fighters.</p>
<p>But a spokesman for Sassou Nguesso denied that the talks had begun, saying they could not do so until the president's side admitted starting the violence.</p>
<p>Dozens of dugout canoes carrying refugees, mostly small traders originally from Kinshasa, took the &quot;smugglers' route&quot; across the Congo River.</p>
<p>The border has been technically closed on the Kinshasa side since new President Laurent Kabila's forces arrived in the capital of former Zaire, provoking an exodus of Hutus in the other direction.</p>
<p>&quot;French military reinforcements will be flown to Brazzaville beginning tomorrow,&quot; said French foreign ministry spokesman Yves Doutriaux.</p>
<p>The 450 French soldiers already in Brazzaville were sent in March to evacuate foreigners from Kinshasa if necessary during the final days of the civil war in former Zaire.</p>
<p>One French soldier was killed and five others wounded on Saturday as they tried to evacuate foreign residents from a building where they had been trapped by gunfire. A senior Congolese army officer working with the French soldiers was also wounded.</p>
<p>Doutriaux said about 100 of the 2,200 French nationals in the Brazzaville area had been taken from their homes and regrouped in safe areas because of anti-French sentiment and outbreaks of violence and looting in the capital.</p>
<p>A senior presidency official said a mediation committee had been set up, chaired by Bernard Kolelas, the mayor of Brazzaville and Lissouba's main political opponent.</p>
<p>&quot;We've already got somewhere with the political leaders, but we are having trouble getting the message across on the ground. The thing is now for the soldiers to calm down,&quot; he said.</p>
<p>A spokesman for Sassou Nguesso said Kolelas was acceptable as a mediator but that talks could not begin yet.</p>
<p>&quot;Negotiations, even with representatives, have not yet started but we are ready. The aggressor has to recognise that he has committed a serious error before we can go to the negotiating table,&quot; Ambrose Noumazalay told Reuters by telephone.</p>
<p>Noumazalay said Sassou Nguesso had no intention of overthrowing Lissouba but was trying to ensure political rights.</p>
<p>&quot;It is not a coup d'etat, it is not a matter of saying we are here or we are there, we simply tried to repulse the aggressors, we haven't attacked, we have only responded,&quot; he said, hiswords punctuated by repeated bursts of gunfire.</p>
<p>Fighting began on Thursday after troops surrounded Sassou Nguesso's home to enforce a ban on militias following clashes in the north ahead of July 27 presidential elections.</p>
<p>&quot;The problem is that there are Nguesso's militias and there are Congolese army units which are not under the control of their officers, and so we have seen Congolese troops firing on their fellow soldiers,&quot; said Commander Alexis Jaraud, the commander of French forces in Congo Brazzaville.</p>
<p>A plane carrying 44 U.S. citizens across the Congo River from Brazzaville to Kinshasa came under fire on Saturday.</p>
</text>
<copyright>(c) Reuters Limited 1997</copyright>
<metadata>
<codes class="bip:countries:1.0">
  <code code="CONGO">
    <editdetail attribution="Reuters BIP Coding Group" action="confirmed" date="1997-06-08"/>
  </code>
  <code code="FRA">
    <editdetail attribution="Reuters BIP Coding Group" action="confirmed" date="1997-06-08"/>
  </code>
  <code code="ZAIRE">
    <editdetail attribution="Reuters BIP Coding Group" action="confirmed" date="1997-06-08"/>
  </code>
</codes>
<codes class="bip:topics:1.0">
  <code code="GCAT">
    <editdetail attribution="Reuters BIP Coding Group" action="confirmed" date="1997-06-08"/>
  </code>
  <code code="GDEF">
    <editdetail attribution="Reuters BIP Coding Group" action="confirmed" date="1997-06-08"/>
  </code>
  <code code="GDIP">
    <editdetail attribution="Reuters BIP Coding Group" action="confirmed" date="1997-06-08"/>
  </code>
  <code code="GPOL">
    <editdetail attribution="Reuters BIP Coding Group" action="confirmed" date="1997-06-08"/>
  </code>
  <code code="GVIO">
    <editdetail attribution="Reuters BIP Coding Group" action="confirmed" date="1997-06-08"/>
  </code>
</codes>
<dc element="dc.date.created" value="1997-06-08"/>
<dc element="dc.publisher" value="Reuters Holdings Plc"/>
<dc element="dc.date.published" value="1997-06-08"/>
<dc element="dc.source" value="Reuters"/>
<dc element="dc.creator.location" value="BRAZZAVILLE"/>
<dc element="dc.creator.location.country.name" value="CONGO"/>
<dc element="dc.source" value="Reuters"/>
</metadata>
</newsitem>
