<?xml version="1.0" encoding="iso-8859-1" ?>
<newsitem itemid="645683" id="root" date="1997-06-08" xml:lang="en">
<title>POLAND: Poland's Krakow &quot;dry&quot; for Pope -- almost.</title>
<headline>Poland's Krakow &quot;dry&quot; for Pope -- almost.</headline>
<byline>Jan Strupczewski</byline>
<dateline>KRAKOW, Poland 1997-06-08</dateline>
<text>
<p>Hotel minibars were much in demand in Krakow when authorities banned liquor sales during Pope John Paul's three-day stay, leaving bartenders idly polishing glasses and politely saying &quot;no&quot; to thirsty pilgrims.</p>
<p>But there was no lack of ingenuity in circumventing the ban in the southern Polish city, where beer usually flows as briskly as the Vistula River that runs through it.</p>
<p>The prohibition applied to all liquor stores, pubs, restaurants and bars for one off-licence shop and a restaurant on the city outskirts - a daunting 30-minute taxi ride away.</p>
<p>&quot;There will be no liquor sales until Monday evening when the Pope leaves Krakow,&quot; a disgruntled bartender in the Bambusowy pub in the old town district said.</p>
<p>&quot;I can't even sell you a beer because breaking the ban would cost me a fine of 5,000 zlotys ($1,152),&quot; he added.</p>
<p>Despite warm weather and thousands of pilgrims who came for the Pope's Sunday mass, customers were scarce in the usually bustling old town bars on Saturday night.</p>
<p>Romuald Styrylski of the &quot;August&quot; hotel bar estimates he might be losing 10,000 zlotys ($3,000) of sales every night of the prohibition which ends on Monday, the night before the Pope returns to Rome at the end of an 11-day trip.</p>
<p>&quot;With all the pilgrims and tourists in town the bar would be bursting with people. As it is, they only come in, learn of the ban and go away,&quot; Styrylski said.</p>
<p>But some barmen quietly served gin tonics or margeritas to regular customers in tea cups to confuse city inspectors.</p>
<p>&quot;I can't sell you beer, because it looks too obvious, but a stronger version of coke or juice can be arranged,&quot; said one bartender, who asked not to be named.</p>
<p>A loophole in the ban was a clause that alcohol could be served to private parties, such as wedding or birthday celebrations.</p>
<p>Many Krakow restaurants were closed to the public on Saturday night with signs reading 'private party' on the door. Nevertheless, uninvited guests managed to attend.</p>
<p>One vendor was giving beer away to advertise his brand.</p>
<p>&quot;The prohibition concerns only sales of alcoholic beverges. It says nothing about giving them away,&quot; said a man operating a trolley with beer on tap.</p>
<p>&quot;This is one of the most effective ways of advertising.&quot;</p>
</text>
<copyright>(c) Reuters Limited 1997</copyright>
<metadata>
<codes class="bip:countries:1.0">
  <code code="POL">
    <editdetail attribution="Reuters BIP Coding Group" action="confirmed" date="1997-06-08"/>
  </code>
  <code code="VCAN">
    <editdetail attribution="Reuters BIP Coding Group" action="confirmed" date="1997-06-08"/>
  </code>
</codes>
<codes class="bip:industries:1.0">
  <code code="I66100">
    <editdetail attribution="Reuters BIP Coding Group" action="confirmed" date="1997-06-08"/>
  </code>
  <code code="I66200">
    <editdetail attribution="Reuters BIP Coding Group" action="confirmed" date="1997-06-08"/>
  </code>
</codes>
<codes class="bip:topics:1.0">
  <code code="C13">
    <editdetail attribution="Reuters BIP Coding Group" action="confirmed" date="1997-06-08"/>
  </code>
  <code code="CCAT">
    <editdetail attribution="Reuters BIP Coding Group" action="confirmed" date="1997-06-08"/>
  </code>
  <code code="GCAT">
    <editdetail attribution="Reuters BIP Coding Group" action="confirmed" date="1997-06-08"/>
  </code>
  <code code="GODD">
    <editdetail attribution="Reuters BIP Coding Group" action="confirmed" date="1997-06-08"/>
  </code>
  <code code="GREL">
    <editdetail attribution="Reuters BIP Coding Group" action="confirmed" date="1997-06-08"/>
  </code>
</codes>
<dc element="dc.date.created" value="1997-06-08"/>
<dc element="dc.publisher" value="Reuters Holdings Plc"/>
<dc element="dc.date.published" value="1997-06-08"/>
<dc element="dc.source" value="Reuters"/>
<dc element="dc.creator.location" value="KRAKOW, Poland"/>
<dc element="dc.creator.location.country.name" value="POLAND"/>
<dc element="dc.source" value="Reuters"/>
</metadata>
</newsitem>
