<?xml version="1.0" encoding="iso-8859-1" ?>
<newsitem itemid="645678" id="root" date="1997-06-08" xml:lang="en">
<title>RUSSIA: Russia plans to make global bond issue - Kasyanov.</title>
<headline>Russia plans to make global bond issue - Kasyanov.</headline>
<dateline>MOSCOW 1997-06-08</dateline>
<text>
<p>Russia is likely to make a global bond issue this autumn and plans to issue three Eurobonds, including probably at least one in yen, in 1998, a senior Finance Ministry official said.</p>
<p>&quot;In the very near future we shall start working on getting permission for making a global issue,&quot; Deputy Finance Minister Mikhail Kasyanov told Reuters in a weekend interview, referring to the international regulatory approval required to launch the issue.</p>
<p>He added adding that the issue would most likely be denominated in dollars.</p>
<p>&quot;We are not ruling out the possibility of issuing very long-term, 20- or 30-year, paper in the autumn,&quot; Kasyanov said.</p>
<p>Russia issued its first $1 billion five-year Eurobond last November. It was followed by a two billion mark Eurobond in March. Russia will hold roadshows for its next dollar Eurobond from June 11 to 18.</p>
<p>A global issue gives freer access to Russian debt for many investors -- for instance pension funds -- to buy the paper directly, bankers say.</p>
<p>Last week a senior Finance Ministry official said Russia planned to raise $3 billion through Eurobond issues in 1998.</p>
<p>&quot;There will most likely be three Eurobond issues next year,&quot; Kasyanov said in the interview. &quot;We have not yet taken a final decision, but one issue is likely to be done in yen.&quot;</p>
<p>The 1997 budget provides for total foreign borrowing at $3.4 billion dollars of which Russia has already issued $1.2 billion.</p>
<p>&quot;We are not ruling out that...there may be a decision on increasing the volume of the issues,&quot; Kasyanov said.</p>
<p>((--Julie Tolkacheva, Moscow Newsroom, +7095 941 8520))</p>
</text>
<copyright>(c) Reuters Limited 1997</copyright>
<metadata>
<codes class="bip:countries:1.0">
  <code code="RUSS">
    <editdetail attribution="Reuters BIP Coding Group" action="confirmed" date="1997-06-08"/>
  </code>
</codes>
<codes class="bip:topics:1.0">
  <code code="E21">
    <editdetail attribution="Reuters BIP Coding Group" action="confirmed" date="1997-06-08"/>
  </code>
  <code code="E212">
    <editdetail attribution="Reuters BIP Coding Group" action="confirmed" date="1997-06-08"/>
  </code>
  <code code="ECAT">
    <editdetail attribution="Reuters BIP Coding Group" action="confirmed" date="1997-06-08"/>
  </code>
  <code code="M12">
    <editdetail attribution="Reuters BIP Coding Group" action="confirmed" date="1997-06-08"/>
  </code>
  <code code="MCAT">
    <editdetail attribution="Reuters BIP Coding Group" action="confirmed" date="1997-06-08"/>
  </code>
</codes>
<dc element="dc.date.created" value="1997-06-08"/>
<dc element="dc.publisher" value="Reuters Holdings Plc"/>
<dc element="dc.date.published" value="1997-06-08"/>
<dc element="dc.source" value="Reuters"/>
<dc element="dc.creator.location" value="MOSCOW"/>
<dc element="dc.creator.location.country.name" value="RUSSIA"/>
<dc element="dc.source" value="Reuters"/>
</metadata>
</newsitem>
