<?xml version="1.0" encoding="iso-8859-1" ?>
<newsitem itemid="645622" id="root" date="1997-06-08" xml:lang="en">
<title>UK: Gerrard to bid for Cater Allen - report.</title>
<headline>Gerrard to bid for Cater Allen - report.</headline>
<dateline>LONDON 1997-06-08</dateline>
<text>
<p>British financial services provider and stockbroker Gerrard &amp; National will emerge as the bidder for British financial services group Cater Allen, Sunday Business newspaper said on Sunday.</p>
<p>Cater Allen said on Thursday it was in talks which could possibly lead to a recommended offer.</p>
<p>A bid is expected to value Cater Allen at 200 million pounds, Sunday Business said.</p>
<p>Gerrard &amp; National merged with fellow former discount house King &amp; Shaxson in October.</p>
<p>Cater Allen, another former discount house, bought Union Plc's equity market-making subsidiary Aitken Campbell &amp; Co Ltd in March.</p>
<p>No one at Gerrard National or Cater Allen could be reached for comment.</p>
<p>-- London Newsroom +44 171 542 7717</p>
</text>
<copyright>(c) Reuters Limited 1997</copyright>
<metadata>
<codes class="bip:countries:1.0">
  <code code="UK">
    <editdetail attribution="Reuters BIP Coding Group" action="confirmed" date="1997-06-08"/>
  </code>
</codes>
<codes class="bip:industries:1.0">
  <code code="I83100">
    <editdetail attribution="Reuters BIP Coding Group" action="confirmed" date="1997-06-08"/>
  </code>
</codes>
<codes class="bip:topics:1.0">
  <code code="C18">
    <editdetail attribution="Reuters BIP Coding Group" action="confirmed" date="1997-06-08"/>
  </code>
  <code code="C181">
    <editdetail attribution="Reuters BIP Coding Group" action="confirmed" date="1997-06-08"/>
  </code>
  <code code="CCAT">
    <editdetail attribution="Reuters BIP Coding Group" action="confirmed" date="1997-06-08"/>
  </code>
</codes>
<dc element="dc.date.created" value="1997-06-08"/>
<dc element="dc.publisher" value="Reuters Holdings Plc"/>
<dc element="dc.date.published" value="1997-06-08"/>
<dc element="dc.source" value="Reuters"/>
<dc element="dc.creator.location" value="LONDON"/>
<dc element="dc.creator.location.country.name" value="UK"/>
<dc element="dc.source" value="Reuters"/>
</metadata>
</newsitem>
