<?xml version="1.0" encoding="iso-8859-1" ?>
<newsitem itemid="645662" id="root" date="1997-06-08" xml:lang="en">
<title>DEMOCRATIC REPUBLIC OF CONGO: Plane crash in Congo kills 27 - businessmen.</title>
<headline>Plane crash in Congo kills 27 - businessmen.</headline>
<dateline>KINSHASA 1997-06-08</dateline>
<text>
<p>Twenty-seven people died in a plane crash near Bunia in the northeast of the Democratic Republic of the Congo on Friday evening, businessmen in the capital said on Sunday.</p>
<p>The businessmen, in touch with the region by radio from Kinshasa, said that the propeller aircraft, of local airline Bazair, had developed technical problems shortly after leaving Bunia, near the Ugandan border, for Kisangani.</p>
<p>&quot;The plane crashed about 40 km (25 miles) west of Bunia and burst into flames,&quot; said one businessman who lost relatives in the accident. &quot;So far we only know of four bodies having been recovered.&quot;</p>
<p>For those with enough money, aircraft are the only quick means of transport across Africa's third largest country. Roads fell into disrepair during three decades of misrule and corruption under former president Mobutu Sese Seko.</p>
<p>President Laurent Kabila, who ousted Mobutu last month, has promised to improve transport structures in the sprawling former Zaire.</p>
</text>
<copyright>(c) Reuters Limited 1997</copyright>
<metadata>
<codes class="bip:countries:1.0">
  <code code="ZAIRE">
    <editdetail attribution="Reuters BIP Coding Group" action="confirmed" date="1997-06-08"/>
  </code>
</codes>
<codes class="bip:industries:1.0">
  <code code="I75000">
    <editdetail attribution="Reuters BIP Coding Group" action="confirmed" date="1997-06-08"/>
  </code>
</codes>
<codes class="bip:topics:1.0">
  <code code="CCAT">
    <editdetail attribution="Reuters BIP Coding Group" action="confirmed" date="1997-06-08"/>
  </code>
  <code code="GCAT">
    <editdetail attribution="Reuters BIP Coding Group" action="confirmed" date="1997-06-08"/>
  </code>
  <code code="GDIS">
    <editdetail attribution="Reuters BIP Coding Group" action="confirmed" date="1997-06-08"/>
  </code>
</codes>
<dc element="dc.date.created" value="1997-06-08"/>
<dc element="dc.publisher" value="Reuters Holdings Plc"/>
<dc element="dc.date.published" value="1997-06-08"/>
<dc element="dc.source" value="Reuters"/>
<dc element="dc.creator.location" value="KINSHASA"/>
<dc element="dc.creator.location.country.name" value="DEMOCRATIC REPUBLIC OF CONGO"/>
<dc element="dc.source" value="Reuters"/>
</metadata>
</newsitem>
