<?xml version="1.0" encoding="iso-8859-1" ?>
<newsitem itemid="645745" id="root" date="1997-06-08" xml:lang="en">
<title>SINGAPORE: S. Korea's Halla wins ship orders in Singapore.</title>
<headline>S. Korea's Halla wins ship orders in Singapore.</headline>
<dateline>SINGAPORE 1997-06-08</dateline>
<text>
<p>South Korea's Halla Engineering and Heavy Co said on Sunday it has signed contracts with Singapore's Tai Chong Cheang Group (TCC) to build two 170,000 dwt bulk carriers worth US$87 million.</p>
<p>The company and the Singapore government's Trade Development Board said in a statement that an agreement was signed on Saturday between the honorary chairman of the Halla Group, IY Chung, and the chairman of TCC, K.H. Koo.</p>
<p>The carriers will be delivered to Concord Navigation Pte Ltd, a subsidiary of the TCC Group.</p>
<p>The first vessel is scheduled for delivery in April 1999.</p>
<p>-- Singapore Newsroom (65-8703305)</p>
</text>
<copyright>(c) Reuters Limited 1997</copyright>
<metadata>
<codes class="bip:countries:1.0">
  <code code="SINGP">
    <editdetail attribution="Reuters BIP Coding Group" action="confirmed" date="1997-06-08"/>
  </code>
  <code code="SKOREA">
    <editdetail attribution="Reuters BIP Coding Group" action="confirmed" date="1997-06-08"/>
  </code>
</codes>
<codes class="bip:topics:1.0">
  <code code="C33">
    <editdetail attribution="Reuters BIP Coding Group" action="confirmed" date="1997-06-08"/>
  </code>
  <code code="CCAT">
    <editdetail attribution="Reuters BIP Coding Group" action="confirmed" date="1997-06-08"/>
  </code>
</codes>
<dc element="dc.date.created" value="1997-06-08"/>
<dc element="dc.publisher" value="Reuters Holdings Plc"/>
<dc element="dc.date.published" value="1997-06-08"/>
<dc element="dc.source" value="Reuters"/>
<dc element="dc.creator.location" value="SINGAPORE"/>
<dc element="dc.creator.location.country.name" value="SINGAPORE"/>
<dc element="dc.source" value="Reuters"/>
</metadata>
</newsitem>
