<?xml version="1.0" encoding="iso-8859-1" ?>
<newsitem itemid="645729" id="root" date="1997-06-08" xml:lang="en">
<title>SINGAPORE: Singapore sees court as way out in island disputes.</title>
<headline>Singapore sees court as way out in island disputes.</headline>
<dateline>SINGAPORE 1997-06-07</dateline>
<text>
<p>The Philippines should consider seeking arbitration by the International Court of Justice (ICJ) in its island disputes with China, Singapore Prime Minister Goh Chok Tong told visiting Filipino journalists in an interview.</p>
<p>&quot;Refer this matter if necessary to some international court,&quot; Goh said in the May 30 interview, the transcript of which was released by the government on Saturday.</p>
<p>Asked if China would agree to arbitration by the ICJ, Goh said, &quot;I would not know China's thinking at this stage, but if the Philippines put it to the Chinese, then the Philippines is on high ground.&quot;</p>
<p>Goh said other ASEAN members would support the idea of referring the case to the ICJ. ASEAN comprises Indonesia, Malaysia, Singapore, Thailand, Vietnam, the Philippines and Brunei. Burma, Cambodia and Laos are due to join in July.</p>
<p>The Philippines and China are locked in heated exchanges over two sets of tiny islands in the South China Sea. One is a rocky outcrop called the Scarborough Shoal and the other involves parts of the Spratly Islands, a potentially oil-rich cluster of islets, reefs and atolls.</p>
<p>Recounting Singapore's experience, Goh said, &quot;Like in our own dispute with Malaysia, we agreed that the best way to resolve this is to refer the matter to the ICJ.&quot;</p>
<p>&quot;And because we have done that, Indonesia has also agreed with Malaysia to refer their own dispute of two islands, Sipadan and Ligitan, to the International Court.</p>
<p>Goh said he did not think these flashpoints of rival island claims would lead to conflict. &quot;I mean, they could be irritants, they could be problems, but my sense is all leaders over here want to keep these disputes under control and solve them in a more civilised manner.&quot;</p>
<p>Turning to Burma, expected to be admitted shortly to ASEAN despite concerns over its policies expressed by human rights groups, Goh said it was not ASEAN members' style to interfere in each other's domestic politics.</p>
<p>&quot;We make it very clear that the internal politics is entirely the countries' own preserve.&quot;</p>
</text>
<copyright>(c) Reuters Limited 1997</copyright>
<metadata>
<codes class="bip:countries:1.0">
  <code code="CHINA">
    <editdetail attribution="Reuters BIP Coding Group" action="confirmed" date="1997-06-08"/>
  </code>
  <code code="SINGP">
    <editdetail attribution="Reuters BIP Coding Group" action="confirmed" date="1997-06-08"/>
  </code>
</codes>
<codes class="bip:topics:1.0">
  <code code="GCAT">
    <editdetail attribution="Reuters BIP Coding Group" action="confirmed" date="1997-06-08"/>
  </code>
  <code code="GCRIM">
    <editdetail attribution="Reuters BIP Coding Group" action="confirmed" date="1997-06-08"/>
  </code>
  <code code="GDIP">
    <editdetail attribution="Reuters BIP Coding Group" action="confirmed" date="1997-06-08"/>
  </code>
</codes>
<dc element="dc.date.created" value="1997-06-07"/>
<dc element="dc.publisher" value="Reuters Holdings Plc"/>
<dc element="dc.date.published" value="1997-06-08"/>
<dc element="dc.source" value="Reuters"/>
<dc element="dc.creator.location" value="SINGAPORE"/>
<dc element="dc.creator.location.country.name" value="SINGAPORE"/>
<dc element="dc.source" value="Reuters"/>
</metadata>
</newsitem>
