<?xml version="1.0" encoding="iso-8859-1" ?>
<newsitem itemid="645727" id="root" date="1997-06-08" xml:lang="en">
<title>CAMBODIA: Cambodian king has no leads on kidnapped Briton.</title>
<headline>Cambodian king has no leads on kidnapped Briton.</headline>
<dateline>PHNOM PENH 1997-06-08</dateline>
<text>
<p>Cambodian King Norodom Sihanouk on Sunday told the family of a missing British mine clearance expert that his attempts to obtain information on the case from Khmer Rouge rebels had failed.</p>
<p>Sihanouk expressed his regrets in a letter to Betty Howes, mother of kidnap victim Christopher Howes.</p>
<p>&quot;I have done my utmost, through several messages addressed to the Khmer Rouge leadership, to obtain a proper answer on the whereabouts of Mr Howes, yet the Khmer Rouge refuse to acknowledge that they captured your son,&quot; Sihanouk wrote.</p>
<p>&quot;I share your anguish over the disappearance of your esteemed son...,&quot; said the June 7 letter released by the palace on Sunday.</p>
<p>The palace later released a May 11 letter to Sihanouk from Betty Howes, in which she appealed to Sihanouk to help find their son and seek justice in the case of a man who played a part in her son's abduction, who is now free.</p>
<p>&quot;My family and I are most concerned to learn that Cheap Vichit... who was sentenced to five years imprisonment for his part in leading the kidnappers to the area where my son Christopher and his de-mining team was working, was released from prison early this year after having served only a few months of his (five-year) sentence,&quot; Howes wrote.</p>
<p>&quot;It seems to me that it is extremely unjust that this man should have his freedom whilst my son is still a captive.&quot;</p>
<p>Howes and his interpreter Houn Hourth were abducted on March 26 of last year while conducting mine clearance operations in the northwest province of Siem Reap.</p>
<p>Authorities believe the two men were taken to the Khmer Rouge jungle stronghold of Anlong Veng.</p>
<p>The Khmer Rouge have denied involvement in the abduction, but Sihanouk said last month he feared the rebels had killed Howes.</p>
<p>Betty Howes said that Cheap Vichit should not have been freed under a general amnesty to the Khmer Rouge if, as he claimed in court, he was not a member of the rebel movement.</p>
<p>In his reply, Sihanouk said he would convey the family's concerns to co-Premiers Prince Norodom Ranariddh and Hun Sen.</p>
<p>The Howes family has issued several public appeals for information.</p>
<p>In April, the British newspaper the Mail on Sunday reported that an employee of Howes's organisation, the British-based Mines Advisory Group (MAG), had paid $120,000 in ransom last November in the hope of securing Howes's release.</p>
<p>But Howes never appeared and $40,000 of the ransom money was returned, the report said.</p>
<p>Hopes were also raised and dashed late last November when a top Cambodian general said Howes, Houn Hourth and a group of Khmer Rouge defectors had escaped from Anlong Veng and were headed for government lines. They never appeared.</p>
<p>An MAG spokesman told Reuters the group had received no reliable information on Howes since the abduction.</p>
<p>The Khmer Rouge, whose 1975-79 &quot;killing fields&quot; rule left more than one million people dead, have been fighting the coalition government formed in 1993 since reneging on a 1991 peace pact.</p>
<p>But the rebels, blamed for the abductions and murders of at least seven Westerners since 1993, have been weakened considerably by mass defections over the past year. Less than 2,000 hardliners are believed to remain in and around Anlong Veng.</p>
</text>
<copyright>(c) Reuters Limited 1997</copyright>
<metadata>
<codes class="bip:countries:1.0">
  <code code="KAMPA">
    <editdetail attribution="Reuters BIP Coding Group" action="confirmed" date="1997-06-08"/>
  </code>
  <code code="UK">
    <editdetail attribution="Reuters BIP Coding Group" action="confirmed" date="1997-06-08"/>
  </code>
</codes>
<codes class="bip:topics:1.0">
  <code code="GCAT">
    <editdetail attribution="Reuters BIP Coding Group" action="confirmed" date="1997-06-08"/>
  </code>
  <code code="GDIP">
    <editdetail attribution="Reuters BIP Coding Group" action="confirmed" date="1997-06-08"/>
  </code>
  <code code="GVIO">
    <editdetail attribution="Reuters BIP Coding Group" action="confirmed" date="1997-06-08"/>
  </code>
</codes>
<dc element="dc.date.created" value="1997-06-08"/>
<dc element="dc.publisher" value="Reuters Holdings Plc"/>
<dc element="dc.date.published" value="1997-06-08"/>
<dc element="dc.source" value="Reuters"/>
<dc element="dc.creator.location" value="PHNOM PENH"/>
<dc element="dc.creator.location.country.name" value="CAMBODIA"/>
<dc element="dc.source" value="Reuters"/>
</metadata>
</newsitem>
