<?xml version="1.0" encoding="iso-8859-1" ?>
<newsitem itemid="645758" id="root" date="1997-06-08" xml:lang="en">
<title>SINGAPORE: Asia urged to think creatively.</title>
<headline>Asia urged to think creatively.</headline>
<byline>Devi Ramachandran</byline>
<dateline>SINGAPORE 1997-06-08</dateline>
<text>
<p>Asian countries, long touted for their economic success, are beginning to recognise the value of developing creative and critical thinking in their efforts to stay competitive.</p>
<p>Delegates at the Seventh International Conference on Thinking, which ended on Friday, said they detected this trend and proposed ways of innovating education in schools by encouraging creative thinking.</p>
<p>&quot;The single most important thing that any government in the world can do is teach constructive thinking to its people...as competition intensifies, so does the need for creative thinking,&quot; said Edward de Bono, author of several books on creative thinking. &quot;In order to develop these thinking schools and learning nations we have to simultaneously develop thinking homes and communities and learning parents and caretakers,&quot; said Todd Siler, director of Psi-Phi communications, a U.S. firm promoting the integration of art and science.</p>
<p>Siler rejected the Asian tendency to separate the different academic disciplines and said there was a need to integrate them to broaden perception.</p>
<p>But he was optimistic about the region's future growth in this direction of integrative thinking.</p>
<p>&quot;There is a receptiveness in Asia, there is an openness and curiosity which is very precious,&quot; Siler told Reuters.</p>
<p>&quot;Asians may not have the technology, they may not have the advanced school systems but their thinking is better prepared in contrast to groups that you would imagine would be,&quot; he said.</p>
<p>A 1995 survey of employees by the Singapore Ministry of Education found that while local graduates were competent and hardworking, they were weak in creative and innovative thinking.</p>
<p>&quot;Singapore is doing a reasonably good job in getting facts, curriculum, data into the brains of our students... We are not doing nearly as good a job in teaching them to think integratively and putting all the concepts together, in a job-related environment,&quot; Singapore Education Minister Teo Chee Hean said in a recent speech.</p>
<p>Singapore's government has committed Singapore $2.5 billion (US$1.74 billion) to a plan to revolutionise teaching methods by introducing innovative thinking into classrooms and improving the use of information technology.</p>
<p>The island republic is not the only Asian nation beginning to recognise the need for teaching critical thinking in schools. South Korea, confronted with another phase in its democratic transition, is also responding to demands for more innovative forms of education, said Jin-Whan Park of GyeongSang University, South Korea. &quot;Critical thinking is a necessary condition to a successful democratic education,&quot; Park told the conference. But he added that critical thinking and norms of rationality were most likely to conflict with Korean traditional values.</p>
<p>Other delegates at the conference shared Park's views about the potential tensions between critical thought and tradition.</p>
<p>Cultural constraints on emotional expression stifle success in Asian management, said James Lin, a consultant with Global Health and Wealth Consultancy, Asia Pacific in Singapore. &quot;Emotions are to be controlled in Asian culture and unexpressed for fear of overriding intellectual or rational thinking,&quot; Lin said. &quot;In this way, thinking takes supremacy over feeling.&quot;</p>
<p>He added that emotional expression needed to be given the same importance as intellectual development for greater success in future Asian management.</p>
<p>Asians might be hindered from thinking altogether by other factors like political instability, war and nepotism, said Kishore Mahbubani, permanent secretary in Singapore's Ministry of Foreign Affairs. The peace in Western Europe reflects a considerable step forward in the history of human civilisation, Mahbubani said.</p>
<p>&quot;When will India and Pakistan or North and South Korea achieve this same zero prospects of war?&quot; he asked. &quot;And if the answer is not in the near future, is it reasonable to suggest that perhaps Asian minds have not reached the same level as the West?&quot; US$1=S$1.43</p>
</text>
<copyright>(c) Reuters Limited 1997</copyright>
<metadata>
<codes class="bip:countries:1.0">
  <code code="SINGP">
    <editdetail attribution="Reuters BIP Coding Group" action="confirmed" date="1997-06-08"/>
  </code>
</codes>
<codes class="bip:topics:1.0">
  <code code="E12">
    <editdetail attribution="Reuters BIP Coding Group" action="confirmed" date="1997-06-08"/>
  </code>
  <code code="ECAT">
    <editdetail attribution="Reuters BIP Coding Group" action="confirmed" date="1997-06-08"/>
  </code>
</codes>
<dc element="dc.date.created" value="1997-06-08"/>
<dc element="dc.publisher" value="Reuters Holdings Plc"/>
<dc element="dc.date.published" value="1997-06-08"/>
<dc element="dc.source" value="Reuters"/>
<dc element="dc.creator.location" value="SINGAPORE"/>
<dc element="dc.creator.location.country.name" value="SINGAPORE"/>
<dc element="dc.source" value="Reuters"/>
</metadata>
</newsitem>
