<?xml version="1.0" encoding="iso-8859-1" ?>
<newsitem itemid="645720" id="root" date="1997-06-08" xml:lang="en">
<title>USA: America West reduces summer air fares.</title>
<headline>America West reduces summer air fares.</headline>
<dateline>PHOENIX 1997-06-08</dateline>
<text>
<p>America West Airlines said Friday that it has reduced fares to markets around the country for travel June 21 through October 1.</p>
<p>The company said reduced fare tickets can be purchased through June 16. Tickets, said the company, must be bought within 72 hours of making reservations and are non-refundable. Minimum stay and other restrictions apply.</p>
<p>One-way fares range from $119 to $199, based on round-trip purchases.</p>
<p>America West Airlines is a wholly owned subsidiary of America West Holdings Corp, an aviation and travel services company with annual sales of more than $1.7 billion.</p>
</text>
<copyright>(c) Reuters Limited 1997</copyright>
<metadata>
<codes class="bip:countries:1.0">
  <code code="USA">
    <editdetail attribution="Reuters BIP Coding Group" action="confirmed" date="1997-06-08"/>
  </code>
</codes>
<codes class="bip:industries:1.0">
  <code code="I75000">
    <editdetail attribution="Reuters BIP Coding Group" action="confirmed" date="1997-06-08"/>
  </code>
</codes>
<codes class="bip:topics:1.0">
  <code code="C31">
    <editdetail attribution="Reuters BIP Coding Group" action="confirmed" date="1997-06-08"/>
  </code>
  <code code="CCAT">
    <editdetail attribution="Reuters BIP Coding Group" action="confirmed" date="1997-06-08"/>
  </code>
</codes>
<dc element="dc.date.created" value="1997-06-08"/>
<dc element="dc.publisher" value="Reuters Holdings Plc"/>
<dc element="dc.date.published" value="1997-06-08"/>
<dc element="dc.source" value="Reuters"/>
<dc element="dc.creator.location" value="PHOENIX"/>
<dc element="dc.creator.location.country.name" value="USA"/>
<dc element="dc.source" value="Reuters"/>
</metadata>
</newsitem>
