<?xml version="1.0" encoding="iso-8859-1" ?>
<newsitem itemid="645746" id="root" date="1997-06-08" xml:lang="en">
<title>MALAYSIA: China urged to play key role in Spratlys dispute.</title>
<headline>China urged to play key role in Spratlys dispute.</headline>
<dateline>KUALA LUMPUR 1997-06-08</dateline>
<text>
<p>China should take the initiative over joint development of the disputed Spratly Islands, an Asia-Pacific conference was told on Sunday.</p>
<p>&quot;By taking the lead in putting joint development into action in spite of the difficulties involved, China's peaceful intention will be more credible,&quot; said Singapore Institute of International Affairs chairman Lee Lai To.</p>
<p>The Spratlys, a cluster of reefs and islets in the South China Sea believed to hold oil deposits, are claimed wholly or in part by China, Taiwan, Vietnam, Malaysia, Brunei and the Philippines.</p>
<p>China, being the key player in the South China Sea disputes, is the major reference point in any confidence building attempt and since 1990 had been advocating joint development in the Spratlys, Lee said in a paper on maritime security cooperation presented at the Asia-Pacific Roundtable.</p>
<p>A high degree of political will was needed for the success of the joint scheme, he added.</p>
<p>He said that what were considered dangerous waters could be turned into an area of co-operation.</p>
<p>Lee said the initiation of joint development in the South China Sea would also forestall possible interference from outside powers and exploitation of the conflicts by others.</p>
<p>&quot;It also demonstrates that Asian states could manage and sort out their own differences in their own way,&quot; he said.</p>
</text>
<copyright>(c) Reuters Limited 1997</copyright>
<metadata>
<codes class="bip:countries:1.0">
  <code code="CHINA">
    <editdetail attribution="Reuters BIP Coding Group" action="confirmed" date="1997-06-08"/>
  </code>
  <code code="MALAY">
    <editdetail attribution="Reuters BIP Coding Group" action="confirmed" date="1997-06-08"/>
  </code>
  <code code="SINGP">
    <editdetail attribution="Reuters BIP Coding Group" action="confirmed" date="1997-06-08"/>
  </code>
</codes>
<codes class="bip:topics:1.0">
  <code code="GCAT">
    <editdetail attribution="Reuters BIP Coding Group" action="confirmed" date="1997-06-08"/>
  </code>
  <code code="GDIP">
    <editdetail attribution="Reuters BIP Coding Group" action="confirmed" date="1997-06-08"/>
  </code>
</codes>
<dc element="dc.date.created" value="1997-06-08"/>
<dc element="dc.publisher" value="Reuters Holdings Plc"/>
<dc element="dc.date.published" value="1997-06-08"/>
<dc element="dc.source" value="Reuters"/>
<dc element="dc.creator.location" value="KUALA LUMPUR"/>
<dc element="dc.creator.location.country.name" value="MALAYSIA"/>
<dc element="dc.source" value="Reuters"/>
</metadata>
</newsitem>
