<?xml version="1.0" encoding="iso-8859-1" ?>
<newsitem itemid="645761" id="root" date="1997-06-08" xml:lang="en">
<title>HONG KONG: Indians &quot;send gems to Singapore&quot; ahead HK handover.</title>
<headline>Indians &quot;send gems to Singapore&quot; ahead HK handover.</headline>
<dateline>HONG KONG 1997-06-08</dateline>
<text>
<p>Rich ethnic Indians in Hong Kong are packing their jewellery and heading for bank vaults in Singapore as the territory's July 1 return to China nears, a newspaper reported on Sunday.</p>
<p>Fearing export curbs on gold and gems by Hong Kong's future administration after the handover, some wealthy Indian women have opted to keep their prized possessions in safety deposit boxes in Singapore, the Sunday Morning Post said.</p>
<p>&quot;We carried as much jewellery as we could take. We walked in with two bags of gold and diamonds - I just put them in my gym bag,&quot; one Indian woman was quoted as saying.</p>
<p>&quot;If anything goes wrong, you just go to Singapore and pick up your things,&quot; another said.</p>
<p>Hong Kong, British colony of over 150 years, reverts to Chinese rule at midnight June 30 -- in just 23 days' time.</p>
<p>Under Sino-British treaties on Hong Kong's handover, the territory is promised a high degree of self rule for the next 50 years.</p>
</text>
<copyright>(c) Reuters Limited 1997</copyright>
<metadata>
<codes class="bip:countries:1.0">
  <code code="CHINA">
    <editdetail attribution="Reuters BIP Coding Group" action="confirmed" date="1997-06-08"/>
  </code>
  <code code="HKONG">
    <editdetail attribution="Reuters BIP Coding Group" action="confirmed" date="1997-06-08"/>
  </code>
  <code code="SINGP">
    <editdetail attribution="Reuters BIP Coding Group" action="confirmed" date="1997-06-08"/>
  </code>
</codes>
<codes class="bip:topics:1.0">
  <code code="GCAT">
    <editdetail attribution="Reuters BIP Coding Group" action="confirmed" date="1997-06-08"/>
  </code>
  <code code="GDIP">
    <editdetail attribution="Reuters BIP Coding Group" action="confirmed" date="1997-06-08"/>
  </code>
  <code code="GPOL">
    <editdetail attribution="Reuters BIP Coding Group" action="confirmed" date="1997-06-08"/>
  </code>
</codes>
<dc element="dc.date.created" value="1997-06-08"/>
<dc element="dc.publisher" value="Reuters Holdings Plc"/>
<dc element="dc.date.published" value="1997-06-08"/>
<dc element="dc.source" value="Reuters"/>
<dc element="dc.creator.location" value="HONG KONG"/>
<dc element="dc.creator.location.country.name" value="HONG KONG"/>
<dc element="dc.source" value="Reuters"/>
</metadata>
</newsitem>
