<?xml version="1.0" encoding="iso-8859-1" ?>
<newsitem itemid="645750" id="root" date="1997-06-08" xml:lang="en">
<title>CAMBODIA: Cambodia's Hun Sen defends pro-Vietnam monuments.</title>
<headline>Cambodia's Hun Sen defends pro-Vietnam monuments.</headline>
<dateline>PHNOM PENH 1997-06-08</dateline>
<text>
<p>Cambodian Co-Premier Hun Sen on Sunday warned that removing pro-Vietnam monuments would be an ill-advised attempt to wipe out the memory of the brutal Khmer Rouge who were ousted by invading Vietnamese forces almost 20 years ago.</p>
<p>Hun Sen's coalition partner,  Co-Premier Prince Norodom Ranariddh, on Tuesday said a Khmer-Vietnam friendship statue in Phnom Penh had stood for too long and vowed to remove it if he won elections next year.</p>
<p>Ranariddh's comments followed a bomb blast at a memorial to Vietnamese war dead in the southern port of Sihanoukville.</p>
<p>Many Cambodians harbour deep suspicions of their eastern neighbour. Analysts say Ranariddh has seized on anti-Vietnamese sentiment to boost his political position vis-a-vis Hun Sen, with whom he shares power in an increasingly acrimonious coalition government.</p>
<p>Hun Sen, in a speech broadcast on local radio, said the monuments should remain, warning any attempt to remove them was &quot;an attempt to destroy the criminal evidence of the genocidal (Khmer Rouge) regime&quot;.</p>
<p>The monuments in Phnom Penh and Sihanoukville were erected after Vietnam's late 1978 invasion of Cambodia when Vietnamese forces and members of the Cambodian opposition drove the brutal Khmer Rouge from power.</p>
<p>Vietnamese forces remained in Cambodia until late 1989.</p>
<p>Hun Sen said the attacks on the monuments were an attempt to legitimise Khmer Rouge hardliners, who are rumoured to be in peace talks with military officials loyal to Ranariddh.</p>
<p>Hun Sen fled to Vietnam after breaking with the Khmer Rouge in the mid-1970s. He returned with the 1978 Vietnamese invasion force and led the Hanoi-backed government that ruled until a 1991 peace pact paved the way for the 1993 U.N.-run polls.</p>
<p>He urged Cambodians not to forget the 1975-1979 Khmer Rouge &quot;killing fields&quot; rule, which left more than one million Cambodians dead from murder, overwork, malnutrition, torture or disease.</p>
</text>
<copyright>(c) Reuters Limited 1997</copyright>
<metadata>
<codes class="bip:countries:1.0">
  <code code="KAMPA">
    <editdetail attribution="Reuters BIP Coding Group" action="confirmed" date="1997-06-08"/>
  </code>
  <code code="VIETN">
    <editdetail attribution="Reuters BIP Coding Group" action="confirmed" date="1997-06-08"/>
  </code>
</codes>
<codes class="bip:topics:1.0">
  <code code="GCAT">
    <editdetail attribution="Reuters BIP Coding Group" action="confirmed" date="1997-06-08"/>
  </code>
  <code code="GPOL">
    <editdetail attribution="Reuters BIP Coding Group" action="confirmed" date="1997-06-08"/>
  </code>
  <code code="GVIO">
    <editdetail attribution="Reuters BIP Coding Group" action="confirmed" date="1997-06-08"/>
  </code>
</codes>
<dc element="dc.date.created" value="1997-06-08"/>
<dc element="dc.publisher" value="Reuters Holdings Plc"/>
<dc element="dc.date.published" value="1997-06-08"/>
<dc element="dc.source" value="Reuters"/>
<dc element="dc.creator.location" value="PHNOM PENH"/>
<dc element="dc.creator.location.country.name" value="CAMBODIA"/>
<dc element="dc.source" value="Reuters"/>
</metadata>
</newsitem>
