<?xml version="1.0" encoding="iso-8859-1" ?>
<newsitem itemid="645796" id="root" date="1997-06-08" xml:lang="en">
<title>ISRAEL: Israeli shares end higher as Maof breaks 300.</title>
<headline>Israeli shares end higher as Maof breaks 300.</headline>
<dateline>TEL AVIV 1997-06-08</dateline>
<text>
<p>Israeli shares surged broadly on Sunday, carrying the Maof index above 300 points for the first time ever, traders said.</p>
<p>The benchmark Mishtanim index of the top 100 shares rose 2.51 percent, or 7.16 points, to 292.08 on very high all-share turnover of 265 million shekels against 196 million shekels on Thursday, the last day of trading before the Israeli weekend.</p>
<p>The Maof 25 blue chip index closed 2.63 percent higher at 300.08</p>
<p>&quot;There's renewed interest in buying stocks. The whole atmosphere is bullish,&quot; said Jonathan Ross, vice president of Nesuah Securities. &quot;The market is happy.&quot;</p>
<p>Doron Tsur, head of research at Sahar Securities, said the rise was in part due to news that Merrill Lynch had acquired 19 percent of drug maker Agis Industries Ltd for 200 million shekels for distribution to clients.</p>
<p>Agis, the second most active share, lost 0.25 percent to 3,900 agorot on volume of 16.9 million shekels.</p>
<p>In addition, Doron said, newspaper reports said Britain's Cable and Wireless had bought up 11 million shekels of Bezeq Israel Telecom shares in the market. C&amp;W controls about 10 percent of state-owned Bezeq and has been seeking to reach an agreement with the Israeli government over its future role in the company.</p>
<p>Bezeq, the main gainer on the Maof, surged 6.5 percent to 1,006 agorot.</p>
<p>Amir Eayal of Epsilon Securities said prices were being lifted by a flow of new money into the market.</p>
<p>&quot;The market simply looks good and investors are rushing in,&quot; he said. &quot;The mutual funds are raising more money and investors are very enthusiastic. There is not enough free float so prices rise sharply.&quot;</p>
<p>Tsur noted that the mood was helped by the record high for the Dow Jones Industrial Index reached on Friday as well as news of the resumption of negotiations between Israel and the Palestinians.</p>
<p>But Ross said the market was inclined to shrug off political developments.</p>
<p>&quot;I don't think the political situation should give people confidence,&quot; he said. &quot;But it hasn't affected sentiment in the marketplace.&quot;</p>
<p>Eyal added that the recovery of the primary market was adding to the optimism. &quot;Last week the we saw several successful offerings which were all oversubscribed. This is another indicator for the market's strength,&quot; he said.</p>
<p>Ross said the market was being moved mainly by improved corporate profits and low valuations. He noted that after adjusting for inflation, the Mishtanim index had not reached its 1994 peak.</p>
<p>Koor Industries gained 1.0 percent to 31,403 agorot. Ilanot Batucha Investment House said on Sunday that Koor was trading at an excessive 25 percent discount to its net asset value.</p>
<p>Agan Chemical Manufacturers rose 3.0 percent to 9,476 agorot. In a report released on Sunday Salomon Brothers lowered its 1997 earnings per share estimate for Agan to $1.94 from $1.96 after the company reported lower-than-expected earnings in the first quarter. Salomon maintained its estimate of $2.17 per share in 1998.</p>
<p>The most active share was Bank Leumi, which rose 1.25 percent to 546 agorot on volume of 17.3 million shekels. Israel Chemicals, the third most active share, gained 1.5 percent to 432 agorot.</p>
<p>($1 = 3.42 shekels)</p>
<p>- Dan Gerstenfeld, Tel Aviv newsroom, 972-3-537-2211 x233</p>
</text>
<copyright>(c) Reuters Limited 1997</copyright>
<metadata>
<codes class="bip:countries:1.0">
  <code code="ISRAEL">
    <editdetail attribution="Reuters BIP Coding Group" action="confirmed" date="1997-06-08"/>
  </code>
</codes>
<codes class="bip:topics:1.0">
  <code code="M11">
    <editdetail attribution="Reuters BIP Coding Group" action="confirmed" date="1997-06-08"/>
  </code>
  <code code="MCAT">
    <editdetail attribution="Reuters BIP Coding Group" action="confirmed" date="1997-06-08"/>
  </code>
</codes>
<dc element="dc.date.created" value="1997-06-08"/>
<dc element="dc.publisher" value="Reuters Holdings Plc"/>
<dc element="dc.date.published" value="1997-06-08"/>
<dc element="dc.source" value="Reuters"/>
<dc element="dc.creator.location" value="TEL AVIV"/>
<dc element="dc.creator.location.country.name" value="ISRAEL"/>
<dc element="dc.source" value="Reuters"/>
</metadata>
</newsitem>
