<?xml version="1.0" encoding="iso-8859-1" ?>
<newsitem itemid="645770" id="root" date="1997-06-08" xml:lang="en">
<title>JAPAN: Japan scandal is school for &quot;Big Bang&quot; ethics.</title>
<headline>Japan scandal is school for &quot;Big Bang&quot; ethics.</headline>
<byline>Linda Sieg</byline>
<dateline>TOKYO 1997-06-08</dateline>
<text>
<p>A high-profile scandal at two of Japan's top financial institutions is proving a golden opportunity to teach a timely lesson in corporate ethics as Tokyo gears up for its &quot;Big Bang&quot; financial deregulation.</p>
<p>Speculation persists that the scandal at giant Nomura Securities and Dai-Ichi Kangyo Bank (DKB) will ensnare other financial firms, though many experts predict it could end with authorities making a harsh example of the two big players.</p>
<p>Either way, those who expect business as usual after loud expressions of outrage and regret over corporate misdeeds might be well-advised to check their scepticism at the door.</p>
<p>&quot;I think it is not a pose, I think they are sending a very strong message that transparency and accountability are what the 'Big Bang' is really about,&quot; said one foreign analyst. &quot;It's not just form, it's also content.&quot;</p>
<p>Prime Minister Ryutaro Hashimoto has staked much of his still-shaky reputation as a reformer on the success of a plan to tear down walls between financial sectors and subject the nation's once-protected banks, brokers and insurers to real competition.</p>
<p>That success hinges not only on scrapping government regulations but on altering a business mind-set which obscures accountability, and the scandal is turning into a high-profile object lesson to those from the old school of management.</p>
<p>Prosecutors last week arrested four DKB officials on suspicion of illegally extending uncollateralised loans to Ryuichi Koike, the &quot;sokaiya&quot; corporate racketeer at the heart of the scandal.</p>
<p>Prosecutors have indicted Nomura itself for violating the securities law by illegally compensating a firm run by Koike's younger brother, as well as two former Nomura directors for violating both securities law and the Commercial Code.</p>
<p>Former Nomura president Hideo Sakamaki has also been arrested and prosecutors have reportedly questioned former chairman Setsuya Tabuchi and former president Yoshihisa Tabuchi in connection with the scandal.</p>
<p>That the two Tabuchis (no relation), are again under fire might at first blush suggest that little has changed since the two resigned their posts in 1991 over scandals involving improper client compensation and business ties with gangsters.</p>
<p>The two men retained influence over Nomura management and returned to its board in 1995, only to be forced to step down again in a sweeping management shake-up last month.</p>
<p>But financial experts say authorities' attitude has altered since the 1991 scandals, which ironically forced Hashimoto to resign as finance minister.</p>
<p>Those affairs entangled most of the nation's brokerages and many top banks but ended without arrests of senior executives.</p>
<p>&quot;I think they are more eager to press criminal sanctions against Nomura and DKB,&quot; said an international lawyer. &quot;It's certainly promising that they are arresting so many people.&quot;</p>
<p>Still, doubts persist over whether authorities are prepared to follow the scandal trail if, as many believe, it leads to the boardrooms of other financial institutions or down the political corridors of power.</p>
<p>&quot;Koike was a high-living type and the alleged payments by Nomura would barely pay his cigar and bar bills,&quot; the lawyer said. &quot;Will they go after all the other companies that are doing the same thing? They should, but they may not.&quot;</p>
<p>A spokesman for the Securities and Exchange Surveillance Commission on Friday declined comment on Japanese media reports that the securities watchdog was investigating the other three of Japan's Big Four brokerages in connection with the scandal.</p>
<p>Spokesmen for Nikko Securities Co Ltd and Yamaichi Securities Co Ltd and Daiwa Securities Co Ltd also declined comment.</p>
<p>Some in the financial industry are betting that authorities will come down hard on Nomura and DKB, and stop there.</p>
<p>&quot;Are they picking on the strong because they can take it? Yes, they are. It's always the industry leader that sets the example,&quot; the foreign analyst said.</p>
<p>The message may, in fact, finally be getting through.</p>
<p>&quot;Other banks are scurrying to put a lid on their links with sokaiya,&quot; one Japanese banker said.</p>
<p>But arrests and administrative punishment, however harsh, may still not be enough to alter the mentality that winks at ties with the underworld and other misdeeds, some experts said.</p>
<p>&quot;The other question is the willingness of the system and the judges to impose criminal sentences,&quot; the lawyer said. &quot;It's not enough to take pictures of people in cars riding to the police station. At the end of the process, people really have to go to jail,&quot; he said.</p>
</text>
<copyright>(c) Reuters Limited 1997</copyright>
<metadata>
<codes class="bip:countries:1.0">
  <code code="JAP">
    <editdetail attribution="Reuters BIP Coding Group" action="confirmed" date="1997-06-08"/>
  </code>
</codes>
<codes class="bip:industries:1.0">
  <code code="I81402">
    <editdetail attribution="Reuters BIP Coding Group" action="confirmed" date="1997-06-08"/>
  </code>
  <code code="I83100">
    <editdetail attribution="Reuters BIP Coding Group" action="confirmed" date="1997-06-08"/>
  </code>
</codes>
<codes class="bip:topics:1.0">
  <code code="C12">
    <editdetail attribution="Reuters BIP Coding Group" action="confirmed" date="1997-06-08"/>
  </code>
  <code code="CCAT">
    <editdetail attribution="Reuters BIP Coding Group" action="confirmed" date="1997-06-08"/>
  </code>
  <code code="GCAT">
    <editdetail attribution="Reuters BIP Coding Group" action="confirmed" date="1997-06-08"/>
  </code>
  <code code="GCRIM">
    <editdetail attribution="Reuters BIP Coding Group" action="confirmed" date="1997-06-08"/>
  </code>
</codes>
<dc element="dc.date.created" value="1997-06-08"/>
<dc element="dc.publisher" value="Reuters Holdings Plc"/>
<dc element="dc.date.published" value="1997-06-08"/>
<dc element="dc.source" value="Reuters"/>
<dc element="dc.creator.location" value="TOKYO"/>
<dc element="dc.creator.location.country.name" value="JAPAN"/>
<dc element="dc.source" value="Reuters"/>
</metadata>
</newsitem>
