<?xml version="1.0" encoding="iso-8859-1" ?>
<newsitem itemid="645791" id="root" date="1997-06-08" xml:lang="en">
<title>EGYPT: Israel, PLO end Cairo Mideast peace meeting.</title>
<headline>Israel, PLO end Cairo Mideast peace meeting.</headline>
<byline>Mona Eltahawy</byline>
<dateline>CAIRO 1997-06-08</dateline>
<text>
<p>Israeli and Palestinian negotiators held their first meeting in more than two months on Sunday and, according to Israel and mediator Egypt, they plan further talks to try to restart the stalled Middle East peace process.</p>
<p>&quot;It was a very good meeting held in a very positive atmosphere and some progress was made but we need more talks in order to bridge the gaps. The parties will continue talks and Egypt will be involved,&quot; Egyptian mediator Osama el-Baz told reporters after attending more than three hours of talks between the delegations.</p>
<p>Israel Cabinet Secretary Danny Naveh said he agreed with Baz's comments and Israeli negotiator Yitzhak Molho told reporters at Cairo airport before the delegation boarded a plane home: &quot;We had some constructive talks and probably there will be a continuation. That's all I can say.&quot;</p>
<p>Palestinian-Israeli peace talks abruptly halted in March when Israel broke ground on a new Jewish settlement at hillside in Arab East Jerusalem known as Jabal Abu Ghneim or Har Homa.</p>
<p>The Palestinians insist Israel must stop its settlement activity before they can restart serious peace talks but Prime Minister Benjamin Netanyahu's 66-54 majority in parliament could crumble if he stopped the Jewish housing projects, which are backed by religious and right-wing legislators in his government.</p>
<p>Asked whether the negotiators had discussed settlements, Baz said: &quot;We will not get into these details because they will not serve or guarantee the success of the negotiations. Both parties are anxious to continue their contacts.&quot;</p>
<p>Baz, who has recently shuttled between the Palestinians and Israelis, did not say when or where the next meeting would be.</p>
<p>Baz said the Palestinian delegation had left Cairo shortly after the talks ended at the Ittihadia presidential palace and were not available to comment. Earlier, senior Palestinian negotiator Saeb Erekat told reporters he did not expect much to come out of the meeting.</p>
<p>&quot;We should not raise our expectations about the meeting. The gap between the two sides is greater than many people may expect,&quot; Erekat told reporters.</p>
<p>&quot;We hope Mr Netanyahu and his government will take a decision to freeze all settlement activity so we can put the peace process back on track. He knows what the obstacles to peace are, all he has to do is look in the mirror.&quot;</p>
<p>Israeli officials have consistently ruled out any halt to settlement building but on Sunday Israel's Channel One television said Netanyahu might be considering a clandestine end to the Jerusalem settlement.</p>
<p>It quoted European Union envoy Miguel Angel Moratinos as saying that Netanyahu told Egyptian President Hosni Mubarak, he would check into a possible halt to the housing project without making any official announcement but that he would also take into consideration his coalition.</p>
<p>But Netanyahu appeared to have little hope of convincing his government. On Sunday his education minister, whose National Religious Party (NRP) holds nine seats in parliament, was quoted as saying the settlement building would not stop.</p>
<p>Settler leader Pinchas Wallerstein also told Israel's Channel Two television: &quot;He (Netanyahu) cannot, with this government, freeze settlement...I do not think he wants to freeze it. But if he is pressed to do it, he will have to change his government.&quot;</p>
<p>Egypt, which considers itself an unofficial sponsor of the peace talks, has intensified its role in the peace crisis since a summit between Mubarak and Netanyahu last month. Analysts say it has even replaced the United States as the main mediator.</p>
<p>Palestinian President Yasser Arafat held talks with Mubarak on Saturday as part of their ongoing consultations. On Sunday, the Palestinian leader met Jordan's King Hussein in Amman to review the latest Egyptian moves to revive peace.</p>
<p>Diplomatic sources say Egypt is pushing a five-point plan which included a freeze on any change in the status of Jerusalem and a ban on Jewish settlement building in the West Bank for &quot;a sufficient period&quot;. In return the Palestinians would give a firm commitment to address Israel's security demands.</p>
</text>
<copyright>(c) Reuters Limited 1997</copyright>
<metadata>
<codes class="bip:countries:1.0">
  <code code="EGYPT">
    <editdetail attribution="Reuters BIP Coding Group" action="confirmed" date="1997-06-08"/>
  </code>
  <code code="ISRAEL">
    <editdetail attribution="Reuters BIP Coding Group" action="confirmed" date="1997-06-08"/>
  </code>
</codes>
<codes class="bip:topics:1.0">
  <code code="GCAT">
    <editdetail attribution="Reuters BIP Coding Group" action="confirmed" date="1997-06-08"/>
  </code>
  <code code="GDIP">
    <editdetail attribution="Reuters BIP Coding Group" action="confirmed" date="1997-06-08"/>
  </code>
  <code code="GVIO">
    <editdetail attribution="Reuters BIP Coding Group" action="confirmed" date="1997-06-08"/>
  </code>
</codes>
<dc element="dc.date.created" value="1997-06-08"/>
<dc element="dc.publisher" value="Reuters Holdings Plc"/>
<dc element="dc.date.published" value="1997-06-08"/>
<dc element="dc.source" value="Reuters"/>
<dc element="dc.creator.location" value="CAIRO"/>
<dc element="dc.creator.location.country.name" value="EGYPT"/>
<dc element="dc.source" value="Reuters"/>
</metadata>
</newsitem>
