<?xml version="1.0" encoding="iso-8859-1" ?>
<newsitem itemid="645847" id="root" date="1997-06-08" xml:lang="en">
<title>DUBAI: Murdered nurse's family may meet kin of accused Britons.</title>
<headline>Murdered nurse's family may meet kin of accused Britons.</headline>
<dateline>DUBAI 1997-06-08</dateline>
<text>
<p>The family of an Australian nurse murdered in Saudi Arabia is considering meeting the relatives of two British nurses charged with the crime, the family's lawyer said on Sunday.</p>
<p>&quot;They haven't ruled (meeting the families) out,&quot; lawyer Jim Phipps of the International Law Firm in Riyadh told Reuters.</p>
<p>The family of Yvonne Gilford, 55 -- killed in her room at the King Fahd medical complex in eastern Saudi Arabia in December -- have previously said they did not want to meet the relatives of jailed nurses Deborah Parry and Lucille McLauchlan.</p>
<p>&quot;The Gilfords want it understood that they are willing to hear what the families have to say but not in a context which turns into a circus for the families and causes more pain,&quot; Phipps said, referring to media attention in the case.</p>
<p>&quot;There might be a right time, place and form to consider meeting with the families ... The how and when is up in the air. And whether such a meeting is necessary depends on what happens in court,&quot; Phipps said by telephone.</p>
<p>A Saudi court adjourned a hearing in the case for three weeks until June 15 to give the Gilfords time to consider a settlement which could spare the lives of the accused.</p>
<p>Parry, 38, and McLauchlan, 31, deny involvement in the murder and revoked previous confessions which they said were made under duress. Medical reports said Gilford had been stabbed 13 times, bludgeoned and suffocated.</p>
<p>If found guilty, the two could face the death penalty.</p>
<p>Islamic sharia law enforced in the conservative kingdom allows the victim's family to decide for or against execution, which in Saudi Arabia is usually carried out by public beheading.</p>
<p>The victim's brother Frank Gilford has said he favours the death penalty and has said he did not want to read a letter from Parry and McLauchlan urging him to reconsider his decision.</p>
<p>Phipps said the widespread publicity of the case and barrage of calls to Gilford's family -- some 600 a week, mainly from Australian and British media -- made them reluctant to have a meeting withe the nurses' relatives soon.</p>
<p>&quot;The time isn't yet,&quot; he said. &quot;The Gilfords wouldn't consider having such a meeting under the current circumstances of such close coverage by the press.&quot;</p>
</text>
<copyright>(c) Reuters Limited 1997</copyright>
<metadata>
<codes class="bip:countries:1.0">
  <code code="AUSTR">
    <editdetail attribution="Reuters BIP Coding Group" action="confirmed" date="1997-06-08"/>
  </code>
  <code code="SAARAB">
    <editdetail attribution="Reuters BIP Coding Group" action="confirmed" date="1997-06-08"/>
  </code>
  <code code="UK">
    <editdetail attribution="Reuters BIP Coding Group" action="confirmed" date="1997-06-08"/>
  </code>
</codes>
<codes class="bip:topics:1.0">
  <code code="GCAT">
    <editdetail attribution="Reuters BIP Coding Group" action="confirmed" date="1997-06-08"/>
  </code>
  <code code="GCRIM">
    <editdetail attribution="Reuters BIP Coding Group" action="confirmed" date="1997-06-08"/>
  </code>
</codes>
<dc element="dc.date.created" value="1997-06-08"/>
<dc element="dc.publisher" value="Reuters Holdings Plc"/>
<dc element="dc.date.published" value="1997-06-08"/>
<dc element="dc.source" value="Reuters"/>
<dc element="dc.creator.location" value="DUBAI"/>
<dc element="dc.creator.location.country.name" value="DUBAI"/>
<dc element="dc.source" value="Reuters"/>
</metadata>
</newsitem>
