<?xml version="1.0" encoding="iso-8859-1" ?>
<newsitem itemid="645808" id="root" date="1997-06-08" xml:lang="en">
<title>JORDAN: Jordan dinar overnight rates rose to 4.53 percent.</title>
<headline>Jordan dinar overnight rates rose to 4.53 percent.</headline>
<dateline>AMMAN 1997-06-08</dateline>
<text>
<p>The weighted average overnight interbank rate on the Jordanian dinar rose to 4.53 percent on Sunday from 3.84 percent on Saturday, the Central Bank said.</p>
<p>It said three banks traded on the market in twelve reported transactions with a total value of 20.6 million dinars ($29 million).</p>
<p>$1 = 0.709 dinars</p>
<p>((-- Amman newsroom +962 6 623 776))</p>
</text>
<copyright>(c) Reuters Limited 1997</copyright>
<metadata>
<codes class="bip:countries:1.0">
  <code code="JORDAN">
    <editdetail attribution="Reuters BIP Coding Group" action="confirmed" date="1997-06-08"/>
  </code>
</codes>
<codes class="bip:topics:1.0">
  <code code="M13">
    <editdetail attribution="Reuters BIP Coding Group" action="confirmed" date="1997-06-08"/>
  </code>
  <code code="M131">
    <editdetail attribution="Reuters BIP Coding Group" action="confirmed" date="1997-06-08"/>
  </code>
  <code code="MCAT">
    <editdetail attribution="Reuters BIP Coding Group" action="confirmed" date="1997-06-08"/>
  </code>
</codes>
<dc element="dc.date.created" value="1997-06-08"/>
<dc element="dc.publisher" value="Reuters Holdings Plc"/>
<dc element="dc.date.published" value="1997-06-08"/>
<dc element="dc.source" value="Reuters"/>
<dc element="dc.creator.location" value="AMMAN"/>
<dc element="dc.creator.location.country.name" value="JORDAN"/>
<dc element="dc.source" value="Reuters"/>
</metadata>
</newsitem>
