<?xml version="1.0" encoding="iso-8859-1" ?>
<newsitem itemid="645822" id="root" date="1997-06-08" xml:lang="en">
<title>EGYPT: PLO official says no &quot;pause&quot; agreement with Israel.</title>
<headline>PLO official says no &quot;pause&quot; agreement with Israel.</headline>
<dateline>CAIRO 1997-06-08</dateline>
<text>
<p>A senior Palestinian negotiator said on Sunday Israel had not agreed to any preconditions on settlement building ahead of a meeting it was due to hold with Palestinians in Cairo.</p>
<p>When asked by reporters to comment on a statement made by another Palestinian official earlier that Israel had agreed to a &quot;pause&quot; in settlement building, Saeb Erekat told reporters &quot;there is no agreement with the Israeli side&quot;.  </p>
<p>Israel and the PLO agreed on Saturday to revive the talks after a two-month break by meeting in Cairo but the gathering was thrown into doubt when Palestinian President Yasser Arafat's spokesman Marwan Kanafani said the Jewish state had agreed to a &quot;pause&quot; in settlement building.</p>
<p>Erekat said the meeting with Israel would still take place in Cairo on Sunday but that Israeli Prime Minister Benjamin Netanyahu must reconsider his position on settlements if he wanted to make progress in peace talks.</p>
<p>&quot;Mr Netanyahu knows what is needed to get the peace process on track,&quot; Erekat said.</p>
<p>Israel's talks with the PLO have been in crisis since the Jewish state broke ground three months ago on the 6,500-unit Jewish settlement of Har Homa on an Arab East Jerusalem hill Palestinians call Jabal Abu Ghneim. Construction continued on Sunday.</p>
</text>
<copyright>(c) Reuters Limited 1997</copyright>
<metadata>
<codes class="bip:countries:1.0">
  <code code="EGYPT">
    <editdetail attribution="Reuters BIP Coding Group" action="confirmed" date="1997-06-08"/>
  </code>
  <code code="ISRAEL">
    <editdetail attribution="Reuters BIP Coding Group" action="confirmed" date="1997-06-08"/>
  </code>
</codes>
<codes class="bip:topics:1.0">
  <code code="GCAT">
    <editdetail attribution="Reuters BIP Coding Group" action="confirmed" date="1997-06-08"/>
  </code>
  <code code="GPOL">
    <editdetail attribution="Reuters BIP Coding Group" action="confirmed" date="1997-06-08"/>
  </code>
</codes>
<dc element="dc.date.created" value="1997-06-08"/>
<dc element="dc.publisher" value="Reuters Holdings Plc"/>
<dc element="dc.date.published" value="1997-06-08"/>
<dc element="dc.source" value="Reuters"/>
<dc element="dc.creator.location" value="CAIRO"/>
<dc element="dc.creator.location.country.name" value="EGYPT"/>
<dc element="dc.source" value="Reuters"/>
</metadata>
</newsitem>
