<?xml version="1.0" encoding="iso-8859-1" ?>
<newsitem itemid="645828" id="root" date="1997-06-08" xml:lang="en">
<title>ISRAEL: RESEARCH ALERT - KOOR TRADES AT BIG DISCOUNT.</title>
<headline>RESEARCH ALERT - KOOR TRADES AT BIG DISCOUNT.</headline>
<dateline>JERUSALEM 1997-06-08</dateline>
<text>
<p>Israel's Koor Industries Ltd is trading at an excessive 25 percent discount to its net asset value, Ilanot Betucha Investment House Ltd said on Sunday.</p>
<p>&quot;The gap between the value of Koor's holdings and its market value at which its traded at today is big and does not correctly reflect the operations and state of the company,&quot; Ilanot said.</p>
<p>It attributed the discount to the market's concerns about lower profitability in Koor's key businesses in telecommunications equipment (Telrad Electronic Telecommunications and Industries and Tadiran Ltd) and building products (Nesher Cement).</p>
<p>&quot;An analysis by Ilanot Discount shows that in 1997-98 the company is expected to be hurt by a downturn in profitability at Telrad and Tadiran due to a drop in demand and price for their products from Bezeq,&quot; Ilanot said.</p>
<p>Bezeq Israel Telecom, Israel's main telecommunications company, is winding up a major investment programme and is reducing orders for switching equipment from the two Koor-controlled companies.</p>
<p>Ilanot said it expected Koor to offset the downturns by stepped-up exports.</p>
<p>Ilanot Discount said it expects Koor's net earnings to decline to about 530 million shekels in 1997, including approximately 190 million shekels in capital gains, from about 603 million shekels last year.</p>
<p>Nevertheless, it said, Koor was trading at an &quot;unjustifiably&quot; low prospective 1997 price-to-earnings ratio of 8.9.</p>
<p>($1 = 3.42 shekels)</p>
<p>- Jerusalem newsroom, 972-2-537-0502</p>
</text>
<copyright>(c) Reuters Limited 1997</copyright>
<metadata>
<codes class="bip:countries:1.0">
  <code code="ISRAEL">
    <editdetail attribution="Reuters BIP Coding Group" action="confirmed" date="1997-06-08"/>
  </code>
</codes>
<codes class="bip:industries:1.0">
  <code code="I24200">
    <editdetail attribution="Reuters BIP Coding Group" action="confirmed" date="1997-06-08"/>
  </code>
  <code code="I34430">
    <editdetail attribution="Reuters BIP Coding Group" action="confirmed" date="1997-06-08"/>
  </code>
  <code code="I79020">
    <editdetail attribution="Reuters BIP Coding Group" action="confirmed" date="1997-06-08"/>
  </code>
  <code code="I83960">
    <editdetail attribution="Reuters BIP Coding Group" action="confirmed" date="1997-06-08"/>
  </code>
</codes>
<codes class="bip:topics:1.0">
  <code code="C15">
    <editdetail attribution="Reuters BIP Coding Group" action="confirmed" date="1997-06-08"/>
  </code>
  <code code="C152">
    <editdetail attribution="Reuters BIP Coding Group" action="confirmed" date="1997-06-08"/>
  </code>
  <code code="CCAT">
    <editdetail attribution="Reuters BIP Coding Group" action="confirmed" date="1997-06-08"/>
  </code>
</codes>
<dc element="dc.date.created" value="1997-06-08"/>
<dc element="dc.publisher" value="Reuters Holdings Plc"/>
<dc element="dc.date.published" value="1997-06-08"/>
<dc element="dc.source" value="Reuters"/>
<dc element="dc.creator.location" value="JERUSALEM"/>
<dc element="dc.creator.location.country.name" value="ISRAEL"/>
<dc element="dc.source" value="Reuters"/>
</metadata>
</newsitem>
