<?xml version="1.0" encoding="iso-8859-1" ?>
<newsitem itemid="645874" id="root" date="1997-06-08" xml:lang="en">
<title>USA: U.S. orders some embassy workers to leave Congo.</title>
<headline>U.S. orders some embassy workers to leave Congo.</headline>
<dateline>WASHINGTON 1997-06-08</dateline>
<text>
<p>The United States on Sunday ordered non-essential U.S. embassy employees and dependents of embassy personnel to leave the Congo Brazzaville because of escalating violence in the Central African country.</p>
<p>The State Department also reiterated its strong recommendation, contained in a travel warning on Saturday, that Americans leave the country, citing what it called &quot;the deteriorating security situation&quot; and violence between elements of the Congolese military and paramilitary groups.</p>
<p>State Department officials were not immediately available to say how many Americans were affected by Sunday's departure order.</p>
<p>Sunday's revised travel warning followed the department's decision on Saturday to authorise the voluntary departure of dependents of U.S. Embassy personnel from the Congo as heavy fighting continued in the Congolese capital Brazzaville.</p>
<p>Saturday's warning had said a dusk-to-dawn curfew was in place, ferry service to Kinshasa was inoperable at present, and flights to and from Brazzaville are subject to cancellation or delay on short notice.</p>
<p>A group of 44 U.S. citizens on Saturday flew out of Brazzaville for Kinshasa, the capital of Laurent Kabila's neighbouring Democratic Republic of Congo.</p>
<p>A political militia and troops loyal to President Pascal Lissouba continued heavy fighting in Brazzaville on Sunday, sending refugees fleeing across the Congo River to Kinshasa.</p>
<p>There was no reliable death toll for the clashes but police sources spoke of several dozen dead and many wounded after a fourth day of bloodshed in the capital ahead of an election planned for July 27.</p>
</text>
<copyright>(c) Reuters Limited 1997</copyright>
<metadata>
<codes class="bip:countries:1.0">
  <code code="CONGO">
    <editdetail attribution="Reuters BIP Coding Group" action="confirmed" date="1997-06-08"/>
  </code>
  <code code="USA">
    <editdetail attribution="Reuters BIP Coding Group" action="confirmed" date="1997-06-08"/>
  </code>
</codes>
<codes class="bip:topics:1.0">
  <code code="GCAT">
    <editdetail attribution="Reuters BIP Coding Group" action="confirmed" date="1997-06-08"/>
  </code>
  <code code="GDIP">
    <editdetail attribution="Reuters BIP Coding Group" action="confirmed" date="1997-06-08"/>
  </code>
  <code code="GVIO">
    <editdetail attribution="Reuters BIP Coding Group" action="confirmed" date="1997-06-08"/>
  </code>
</codes>
<dc element="dc.date.created" value="1997-06-08"/>
<dc element="dc.publisher" value="Reuters Holdings Plc"/>
<dc element="dc.date.published" value="1997-06-08"/>
<dc element="dc.source" value="Reuters"/>
<dc element="dc.creator.location" value="WASHINGTON"/>
<dc element="dc.creator.location.country.name" value="USA"/>
<dc element="dc.source" value="Reuters"/>
</metadata>
</newsitem>
