<?xml version="1.0" encoding="iso-8859-1" ?>
<newsitem itemid="645825" id="root" date="1997-06-08" xml:lang="en">
<title>EGYPT: Egypt's NDB bank raises capital.</title>
<headline>Egypt's NDB bank raises capital.</headline>
<dateline>CAIRO 1997-06-08</dateline>
<text>
<p>Egypt's National Bank for Development (NBD) has decided to raise its issued capital to 200 million pounds ($58.9 million) from 150.6 million through a share offering, corporate sources said on Sunday.</p>
<p>The bank had said earlier that it was postponing the capital increase until the state sold a 30 percent stake in the bank. Last month, the state offered investors 600,000 shares, of which it sold 177,800 shares equivalent to 29.6 percent of the bank's equity, the sources said.</p>
<p>The capital increase was approved by an extraordinary general meeting. The bank will probably offer current shareholders extra shares to increase the capital, the sources said. If this share offer is not fully subscribed, the remaining shares will be sold through a public offer.</p>
<p>The date of the issue and other details were not available.</p>
<p>The shares last traded on the stock exchange at 22.00 pounds. The stock has a nominal value of 10.00 pounds.</p>
<p>$1 = 3.395 pounds</p>
<p>-- Esmat Salaheddin +2 02 578 3290/1</p>
</text>
<copyright>(c) Reuters Limited 1997</copyright>
<metadata>
<codes class="bip:countries:1.0">
  <code code="EGYPT">
    <editdetail attribution="Reuters BIP Coding Group" action="confirmed" date="1997-06-08"/>
  </code>
</codes>
<codes class="bip:industries:1.0">
  <code code="I81402">
    <editdetail attribution="Reuters BIP Coding Group" action="confirmed" date="1997-06-08"/>
  </code>
</codes>
<codes class="bip:topics:1.0">
  <code code="C17">
    <editdetail attribution="Reuters BIP Coding Group" action="confirmed" date="1997-06-08"/>
  </code>
  <code code="C171">
    <editdetail attribution="Reuters BIP Coding Group" action="confirmed" date="1997-06-08"/>
  </code>
  <code code="C18">
    <editdetail attribution="Reuters BIP Coding Group" action="confirmed" date="1997-06-08"/>
  </code>
  <code code="C183">
    <editdetail attribution="Reuters BIP Coding Group" action="confirmed" date="1997-06-08"/>
  </code>
  <code code="CCAT">
    <editdetail attribution="Reuters BIP Coding Group" action="confirmed" date="1997-06-08"/>
  </code>
</codes>
<dc element="dc.date.created" value="1997-06-08"/>
<dc element="dc.publisher" value="Reuters Holdings Plc"/>
<dc element="dc.date.published" value="1997-06-08"/>
<dc element="dc.source" value="Reuters"/>
<dc element="dc.creator.location" value="CAIRO"/>
<dc element="dc.creator.location.country.name" value="EGYPT"/>
<dc element="dc.source" value="Reuters"/>
</metadata>
</newsitem>
