<?xml version="1.0" encoding="iso-8859-1" ?>
<newsitem itemid="645835" id="root" date="1997-06-08" xml:lang="en">
<title>KUWAIT: Kuwait arrests suspects after attack on MP - sources.</title>
<headline>Kuwait arrests suspects after attack on MP - sources.</headline>
<byline>Ashraf Fouad</byline>
<dateline>KUWAIT 1997-06-08</dateline>
<text>
<p>Kuwait has arrested suspects in connection with an attempt to kill a leading liberal opposition parliamentarian, political sources said on Sunday.</p>
<p>The sources said police were questioning at least three people suspected of links to the Friday evening attempt against Oxford-educated Abdullah al-Naibari, 61, who was shot twice. His wife was also wounded when their car was sprayed with bullets.</p>
<p>Local newspapers on Sunday had various reports on arrest of suspects, including non-Kuwaitis, but there was no official confirmation.</p>
<p>Political and diplomatic sources said one of those arrested appeared to be a Kuwaiti national who was the target of several recent reports by Talea weekly, the mouthpiece of Naibari's political grouping.</p>
<p>&quot;Talea has reported on many alleged wrong-doings in the past few months, attacking various personalities and groups. They have made quite a few enemies,&quot; said a European diplomat.</p>
<p>MPs have accused what they call &quot;public funds thieves&quot; of being behind the attack.</p>
<p>&quot;The main suspect in question now is said to have been a middleman for government contracts. He had a few dealings with arms deals,&quot; said a Western diplomat.</p>
<p>In December Kuwait said it had eliminated middlemen from arms purchases to cut costs. MPs have criticised large commissions for brokers in multi-billion-dollar arms deals and have opened several inquiries in alleged irregularities.</p>
<p>Naibari has played a key role in efforts to combat alleged corruption since parliament was restored in 1992 and he often questions lucrative arms deals.</p>
<p>Sea captain Abdul-Rahman Naibari told Reuters on Sunday that his brother is in &quot;very good condition&quot; in hospital. &quot;He is talking and we read him the newspapers.&quot;</p>
<p>Gunmen ambushed Naibari's car as he drove to Kuwait City from a beach near the southern border with Saudi Arabia. He was hit in the jaw and shoulder and his wife suffered a superficial bullet wound near her left shoulder.</p>
<p>The Kuwait News Agency KUNA said the Emir, Sheikh Jaber al-Ahmad al-Sabah, had ordered that Naibari be sent abroad for treatment and the Ministry of Health was making arrangements for him to leave by the end of the week.</p>
</text>
<copyright>(c) Reuters Limited 1997</copyright>
<metadata>
<codes class="bip:countries:1.0">
  <code code="KUWAIT">
    <editdetail attribution="Reuters BIP Coding Group" action="confirmed" date="1997-06-08"/>
  </code>
</codes>
<codes class="bip:topics:1.0">
  <code code="GCAT">
    <editdetail attribution="Reuters BIP Coding Group" action="confirmed" date="1997-06-08"/>
  </code>
  <code code="GCRIM">
    <editdetail attribution="Reuters BIP Coding Group" action="confirmed" date="1997-06-08"/>
  </code>
  <code code="GVIO">
    <editdetail attribution="Reuters BIP Coding Group" action="confirmed" date="1997-06-08"/>
  </code>
</codes>
<dc element="dc.date.created" value="1997-06-08"/>
<dc element="dc.publisher" value="Reuters Holdings Plc"/>
<dc element="dc.date.published" value="1997-06-08"/>
<dc element="dc.source" value="Reuters"/>
<dc element="dc.creator.location" value="KUWAIT"/>
<dc element="dc.creator.location.country.name" value="KUWAIT"/>
<dc element="dc.source" value="Reuters"/>
</metadata>
</newsitem>
