<?xml version="1.0" encoding="iso-8859-1" ?>
<newsitem itemid="645862" id="root" date="1997-06-08" xml:lang="en">
<title>IRAN: Iran denies helping Kurdish rebels against Turkey.</title>
<headline>Iran denies helping Kurdish rebels against Turkey.</headline>
<dateline>TEHRAN 1997-06-08</dateline>
<text>
<p>Iran denied Turkish charges it has given military assistance to Kurdish rebels fighting for self-rule in southeastern Turkey.</p>
<p>The official Iranian news agency IRNA said a statement on Saturday by Foreign Ministry spokesman Mahmoud Mohammadi refuted comments by Turkish General Erol Ozkasnak on Friday.</p>
<p>&quot;The allegations of this Turkish military official is in contradiction with the announced policies of Turkey on the good bilateral relations and their expansion,&quot; Mohammadi said.</p>
<p>He said Iran &quot;has concentrated much efforts in the direction of promoting security cooperation...and the result of such cooperation has been thoroughly constructive.&quot;</p>
<p>He said the claims against Iran were &quot;prime indications of attempts by circles and sources opposed to Iran-Turkey friendship in order to create an atmosphere of suspicion between the two nations.&quot;</p>
<p>Ozbasnak had said Kurdistan Workers Party (PKK) rebels used sophisticated anti-aircraft missiles to shoot down two army helicopters in northern Iraq. He said the PKK had for the first time gained access to such weaponry from countries Turkey accuses of supporting the rebels.</p>
<p>&quot;Since 1992 the PKK has wanted to get hold of SA-7 missiles...We have informed the foreign ministry five times that primarily the governments of Iran, Syria, Armenia, Greece and Cyprus have been providing the terrorist organisation with these weapons,&quot; Ozkasnak said.</p>
<p>Thousands of Turkish troops poured into northern Iraq on May 14 in an operation against bases of the PKK, fighting for independence or autonomy in southeast Turkey.</p>
</text>
<copyright>(c) Reuters Limited 1997</copyright>
<metadata>
<codes class="bip:countries:1.0">
  <code code="IRAN">
    <editdetail attribution="Reuters BIP Coding Group" action="confirmed" date="1997-06-08"/>
  </code>
  <code code="TURK">
    <editdetail attribution="Reuters BIP Coding Group" action="confirmed" date="1997-06-08"/>
  </code>
</codes>
<codes class="bip:topics:1.0">
  <code code="GCAT">
    <editdetail attribution="Reuters BIP Coding Group" action="confirmed" date="1997-06-08"/>
  </code>
  <code code="GDIP">
    <editdetail attribution="Reuters BIP Coding Group" action="confirmed" date="1997-06-08"/>
  </code>
  <code code="GVIO">
    <editdetail attribution="Reuters BIP Coding Group" action="confirmed" date="1997-06-08"/>
  </code>
</codes>
<dc element="dc.date.created" value="1997-06-08"/>
<dc element="dc.publisher" value="Reuters Holdings Plc"/>
<dc element="dc.date.published" value="1997-06-08"/>
<dc element="dc.source" value="Reuters"/>
<dc element="dc.creator.location" value="TEHRAN"/>
<dc element="dc.creator.location.country.name" value="IRAN"/>
<dc element="dc.source" value="Reuters"/>
</metadata>
</newsitem>
