<?xml version="1.0" encoding="iso-8859-1" ?>
<newsitem itemid="645891" id="root" date="1997-06-08" xml:lang="en">
<title>USA: Defense portrays McVeigh as &quot;kid next door&quot;.</title>
<headline>Defense portrays McVeigh as &quot;kid next door&quot;.</headline>
<byline>Adrian Croft</byline>
<dateline>DENVER 1997-06-08</dateline>
<text>
<p>Defence lawyers were attempting to save convicted Oklahoma City bomber Timothy McVeigh's life by portraying him as the &quot;kid next door&quot; who was deeply affected by the deaths of some cult members at Waco, Texas.</p>
<p>The same jury that found McVeigh guilty last week of blowing up the Alfred P. Murrah federal building, killing 168 people, Monday returns to the job of weighing whether he should be sentenced to death or life imprisonment for the worst mass murder in U.S. history.</p>
<p>The defence on Friday began its campaign to convince the panel that McVeigh should not die for the April 19, 1995, attack.</p>
<p>Calling on former neighbours and Army friends, the defence tried to counter the prosecution's image of McVeigh as a cold-blooded killer by showing that during his youth and early adulthood, he was just like millions of other Americans.</p>
<p>Defence attorney Richard Burr told jurors they would not be able to easily dismiss McVeigh as &quot;a monster or a demon.&quot;</p>
<p>McVeigh, he said, was a person &quot;who could be your son, who could be your brother, who could be your grandson, who loved his country ... who is just like any of us.&quot;</p>
<p>&quot;They (the defence) have already done a good job to personalize, humanise Timothy McVeigh,&quot; Denver attorney and trial analyst Scott Robinson said. But, he added, the defence could not counteract the emotional testimony of bombing victims' relatives that the prosecution presented as it pushed for the death penalty.</p>
<p>Last week, the jury listened to more than two days of heart-wrenching testimony from survivors, victims' relatives and rescue workers who told of the horror of the bombing and how they have never recovered from the loss of loved ones or from mental or physical injuries. Many of the witnesses broke down in tears and several jurors also wept at times.</p>
<p>Some legal analysts said such gripping testimony made the defence lawyers' task virtually impossible. Public opinion was also against them. A Newsweek poll published on Saturday said 67 percent of Americans favoured the death penalty for McVeigh.</p>
<p>&quot;If ever the death penalty should be imposed on an individual, it would be in this case ... and it is the collective judgment of Oklahoma,&quot; Oklahoma Gov. Frank Keating said on CBS-TV's' &quot;Face the Nation&quot; programme on Sunday.</p>
<p>Defence attorneys tried to bring to life for jurors the lanky young man with close-cropped hair who has sat expressionless before them during weeks of testimony.</p>
<p>Former Army colleagues described McVeigh, who served between 1988 and 1991, as a model soldier.</p>
<p>Defence witnesses brought out human details such as the  bed sheets decorated with the comic-strip cat &quot;Garfield&quot; that McVeigh had when he was a young soldier, and that when he babysat for neighbours in his hometown of Pendleton, N.Y., as a youth, he ate them &quot;out of house and home.&quot;</p>
<p>John McDermott, the McVeigh family's next-door neighbour in Pendleton from 1977 to 1984, said McVeigh was &quot;always the kid next door.&quot; He broke down on the witness stand when he said: &quot;I liked him very much, trusted him. I can't imagine him doing anything like this.&quot; McVeigh, too, reddened, showing more emotion that he had done throughout the trial.</p>
<p>The defence said a key part of its case would be McVeigh's reaction to the 1993 confrontation between federal agents and Branch Davidian cult members at Waco, Texas.</p>
<p>The prosecution maintains McVeigh blew up the federal building to avenge the deaths of about 80 Branch Davidians when their compound went up in flames on April 19, 1993, exactly two years before the Oklahoma bombing.</p>
<p>Burr said on Friday that the defence would explain to the jury why McVeigh &quot;came to the conclusion ... that the government murdered people at Waco.&quot;</p>
<p>&quot;The federal government, whom we rely on to protect us, to serve us, to be our servant, had turned the tables and ... had declared war on the American people,&quot; Burr said, describing McVeigh's beliefs.</p>
<p>Defence lawyers have declined to say whether McVeigh will testify. Some legal analysts have said his only hope of saving his life was to throw himself on the mercy of the jury, but there was no indication he planned to do so.</p>
</text>
<copyright>(c) Reuters Limited 1997</copyright>
<metadata>
<codes class="bip:countries:1.0">
  <code code="USA">
    <editdetail attribution="Reuters BIP Coding Group" action="confirmed" date="1997-06-08"/>
  </code>
</codes>
<codes class="bip:topics:1.0">
  <code code="GCAT">
    <editdetail attribution="Reuters BIP Coding Group" action="confirmed" date="1997-06-08"/>
  </code>
  <code code="GCRIM">
    <editdetail attribution="Reuters BIP Coding Group" action="confirmed" date="1997-06-08"/>
  </code>
  <code code="GVIO">
    <editdetail attribution="Reuters BIP Coding Group" action="confirmed" date="1997-06-08"/>
  </code>
</codes>
<dc element="dc.date.created" value="1997-06-08"/>
<dc element="dc.publisher" value="Reuters Holdings Plc"/>
<dc element="dc.date.published" value="1997-06-08"/>
<dc element="dc.source" value="Reuters"/>
<dc element="dc.creator.location" value="DENVER"/>
<dc element="dc.creator.location.country.name" value="USA"/>
<dc element="dc.source" value="Reuters"/>
</metadata>
</newsitem>
