<?xml version="1.0" encoding="iso-8859-1" ?>
<newsitem itemid="645839" id="root" date="1997-06-08" xml:lang="en">
<title>EGYPT: EGYPT BANK TO INCREASE AUTHORISED CAPITAL.</title>
<headline>EGYPT BANK TO INCREASE AUTHORISED CAPITAL.</headline>
<dateline>CAIRO 1997-06-08</dateline>
<text>
<p>Egypt's Alexandria Commercial and Maritime Bank said on Sunday it wanted to increased its authorised capital to 300 million pounds ($88.36 million) from 100 million pounds.</p>
<p>The bank said it would hold an extraordinary shareholders meeting on 28 June to approve the capital increase.</p>
<p>In April, the state sold 26.47 percent of its stake in the joint-venture bank as part of its privatisation programme. The bank has shares listed on the Egyptian stock exchange and denominated in Egyptian pounds and U.S. dollars.</p>
<p>$1 = 3.395 pounds</p>
<p>-- Cairo newsroom +202 578 3290/1</p>
</text>
<copyright>(c) Reuters Limited 1997</copyright>
<metadata>
<codes class="bip:countries:1.0">
  <code code="EGYPT">
    <editdetail attribution="Reuters BIP Coding Group" action="confirmed" date="1997-06-08"/>
  </code>
</codes>
<codes class="bip:topics:1.0">
  <code code="C17">
    <editdetail attribution="Reuters BIP Coding Group" action="confirmed" date="1997-06-08"/>
  </code>
  <code code="C171">
    <editdetail attribution="Reuters BIP Coding Group" action="confirmed" date="1997-06-08"/>
  </code>
  <code code="CCAT">
    <editdetail attribution="Reuters BIP Coding Group" action="confirmed" date="1997-06-08"/>
  </code>
</codes>
<dc element="dc.date.created" value="1997-06-08"/>
<dc element="dc.publisher" value="Reuters Holdings Plc"/>
<dc element="dc.date.published" value="1997-06-08"/>
<dc element="dc.source" value="Reuters"/>
<dc element="dc.creator.location" value="CAIRO"/>
<dc element="dc.creator.location.country.name" value="EGYPT"/>
<dc element="dc.source" value="Reuters"/>
</metadata>
</newsitem>
