<?xml version="1.0" encoding="iso-8859-1" ?>
<newsitem itemid="645824" id="root" date="1997-06-08" xml:lang="en">
<title>EGYPT: EGYPTIAN POUND UP VS DOLLAR DESPITE DLR SHORTAGE.</title>
<headline>EGYPTIAN POUND UP VS DOLLAR DESPITE DLR SHORTAGE.</headline>
<dateline>CAIRO 1997-06-08</dateline>
<text>
<p>The Egyptian pound rose slightly against the dollar in the private-sector market on Sunday despite dollar shortage, bankers said.</p>
<p>&quot;Seasonal demand for the dollar by the public sector before the end of the financial year on June 30 created some (dollar) shortage,&quot; one banker said.</p>
<p>Another added, &quot;Foreign and local mutual funds are transferring some of their pound assets into dollars because of the stock market weakness&quot;.</p>
<p>Private-sector bankers said the dollar ranged from 3.3940 to 3.3955 pounds bid and from 3.3959 to 3.3975 pounds offered in the interbank market.</p>
<p>A survey of four actively trading banks gave average rates of 3.3943 bid and 3.3963 offered. The averages compare with 3.3962 pounds bid and 3.3979 offered on Thursday.</p>
<p>The Central Bank calculated the average exchange rate at midday as 3.390703 buy and 3.397333 sell.</p>
<p>-- Cairo newsroom +20 2 578 3290/1</p>
</text>
<copyright>(c) Reuters Limited 1997</copyright>
<metadata>
<codes class="bip:countries:1.0">
  <code code="EGYPT">
    <editdetail attribution="Reuters BIP Coding Group" action="confirmed" date="1997-06-08"/>
  </code>
</codes>
<codes class="bip:topics:1.0">
  <code code="M13">
    <editdetail attribution="Reuters BIP Coding Group" action="confirmed" date="1997-06-08"/>
  </code>
  <code code="M132">
    <editdetail attribution="Reuters BIP Coding Group" action="confirmed" date="1997-06-08"/>
  </code>
  <code code="MCAT">
    <editdetail attribution="Reuters BIP Coding Group" action="confirmed" date="1997-06-08"/>
  </code>
</codes>
<dc element="dc.date.created" value="1997-06-08"/>
<dc element="dc.publisher" value="Reuters Holdings Plc"/>
<dc element="dc.date.published" value="1997-06-08"/>
<dc element="dc.source" value="Reuters"/>
<dc element="dc.creator.location" value="CAIRO"/>
<dc element="dc.creator.location.country.name" value="EGYPT"/>
<dc element="dc.source" value="Reuters"/>
</metadata>
</newsitem>
