<?xml version="1.0" encoding="iso-8859-1" ?>
<newsitem itemid="645885" id="root" date="1997-06-08" xml:lang="en">
<title>USA: Ralph Lauren IPO should command designer price tab.</title>
<headline>Ralph Lauren IPO should command designer price tab.</headline>
<byline>Kamalakshi Mehta</byline>
<dateline>NEW YORK 1997-06-08</dateline>
<text>
<p>Polo Ralph Lauren Corp.'s sought-after brand name and strong history should guarantee its initial public offering a fancy price tag when it comes to market this week.</p>
<p>&quot;The demand for the deal is extremely high,&quot; said Linda Killian, analyst at IPO research firm Renaissance Capital Corp.  &quot;It's one of a kind.&quot;</p>
<p>The issue comes on the heels of offerings by other fashion houses like Gucci Group NV and Donna Karan International Inc.</p>
<p>The designers have not always dazzled, but others are signing up to join the clique, including Valentino and Gianni Versace.</p>
<p>As many as 29.5 million Polo Ralph Lauren Class A shares are being sold in a global offering, with 23.5 million shares slated for the United States. The price range is $22 to $25 a share.</p>
<p>&quot;It's fairly aggressively priced,&quot; said Robert Natale, director of equity research at Standard &amp; Poor's. But he added that he doesn't expect that to deter investors.</p>
<p>&quot;I think they've done an excellent job of creating a multi-billion dollar company while not diminishing the value of their brand,&quot; he said.</p>
<p>Ralph Lauren's successful brand strategy owes much to strict supervision over licensing deals, analysts said. &quot;They've exercised a lot of control over their licensees; they have ultimate approval of everything,&quot; said Killian.</p>
<p>Wall Street has had a mixed relationship with the gurus of glamour who have gone public.</p>
<p>Gucci Group, with a share price that has more than tripled from an IPO price of $22, and Donna Karan, with a stock that has fallen about 50 percent from the time of its IPO, provide startling contrasts.</p>
<p>But analysts said that Ralph Lauren should go more the way of Gucci than Donna Karan, citing a well-diversified product base; a clothing line that adopts a more classic, and thereby enduring, look; and greater attention to the bottom line.</p>
<p>&quot;There are no license fees here that go to the founder,&quot; Natale noted. &quot;The license fees are retained by the company.</p>
<p>&quot;With Donna Karan, (she) and her husband earn money based on revenues,&quot; he added. &quot;They have never placed the Donna Karan name inside the corporation -- it's still controlled by Donna Karan the person.&quot;</p>
<p>He said that because the license fees that go to Donna Karan are based on top-line growth, the bottom line could tend to be neglected.</p>
<p>At Ralph Lauren, said Peggy Farley, chief executive at Amas Securities, &quot;the business has grown, (but) it's not been a rapidly growing business in terms of just haphazardly adding new product lines. You can see that they've added lines with a great deal of study and market knowledge.&quot;</p>
<p>Revenues at Ralph Lauren have gone from $846.6 million in fiscal 1995 to $1.18 billion in fiscal 1997, and earnings have increased from $80.2 million to $117.3 million.</p>
<p>Lauren established the Polo brand in 1967 with a collection of men's ties. Today, his company brings together products in apparel, home, accessories and fragrances.</p>
<p>Analysts see good growth opportunities for the firm in many areas, including overseas expansion, further licensing deals and development of existing businesses like the women's and children's clothing lines and the home products line.</p>
<p>&quot;Ralph Lauren has a great deal of growing to do,&quot; said Farley, &quot;It's a got a number of products that are not mature but very entrenched.&quot;</p>
<p>According to its filing, the company plans to open five or more additional Polo stores, including flagship stores in London and Chicago, over the next two years.  It also intends to add 10 to 20 new outlet stores over three years.</p>
<p>After the issue, the Lauren family will own all the Class B shares -- each entitling the holder to 10 votes -- and thus retain about 89.8 percent of the voting rights.</p>
<p>Affiliates of the lead underwriter, Goldman Sachs, also own 28 percent of the company and are selling stockholders. They could reap about $50 million from the deal.</p>
<p>Ralph Lauren and his family stand to gain about $397 million of the proceeds, based on a share price of $23.50.</p>
</text>
<copyright>(c) Reuters Limited 1997</copyright>
<metadata>
<codes class="bip:countries:1.0">
  <code code="USA">
    <editdetail attribution="Reuters BIP Coding Group" action="confirmed" date="1997-06-08"/>
  </code>
</codes>
<codes class="bip:industries:1.0">
  <code code="I45300">
    <editdetail attribution="Reuters BIP Coding Group" action="confirmed" date="1997-06-08"/>
  </code>
</codes>
<codes class="bip:topics:1.0">
  <code code="C15">
    <editdetail attribution="Reuters BIP Coding Group" action="confirmed" date="1997-06-08"/>
  </code>
  <code code="C152">
    <editdetail attribution="Reuters BIP Coding Group" action="confirmed" date="1997-06-08"/>
  </code>
  <code code="C17">
    <editdetail attribution="Reuters BIP Coding Group" action="confirmed" date="1997-06-08"/>
  </code>
  <code code="C171">
    <editdetail attribution="Reuters BIP Coding Group" action="confirmed" date="1997-06-08"/>
  </code>
  <code code="CCAT">
    <editdetail attribution="Reuters BIP Coding Group" action="confirmed" date="1997-06-08"/>
  </code>
</codes>
<dc element="dc.date.created" value="1997-06-08"/>
<dc element="dc.publisher" value="Reuters Holdings Plc"/>
<dc element="dc.date.published" value="1997-06-08"/>
<dc element="dc.source" value="Reuters"/>
<dc element="dc.creator.location" value="NEW YORK"/>
<dc element="dc.creator.location.country.name" value="USA"/>
<dc element="dc.source" value="Reuters"/>
</metadata>
</newsitem>
