<?xml version="1.0" encoding="iso-8859-1" ?>
<newsitem itemid="645926" id="root" date="1997-06-08" xml:lang="en">
<title>LUXEMBOURG: French stick with EMU timetable-Ireland's Quinn.</title>
<headline>French stick with EMU timetable-Ireland's Quinn.</headline>
<dateline>LUXEMBOURG 1997-06-08</dateline>
<text>
<p>Irish Finance Minister Ruairi Quinn said on Sunday the new French government had committed itself at a finance ministers' meeting to sticking to the current date for economic and monetary union (EMU).</p>
<p>He said the underlying message from the meeting was that EMU was on target.  </p>
<p>&quot;The French confirmed their position that they are for the date and the euro,&quot; Quinn said as he left a dinner at which the single currency was discussed.</p>
<p>He said: &quot;The clear underlying message tonight was that EMU was on target. The momentum towards a single currency was being maintained.&quot;</p>
<p>Italian Finance Minister Carlo Azeglio Ciampi also said countries had underlined their desire to see economic and monetary union (EMU) start on time.</p>
<p>&quot;We confirmed the committment of each country to respect the treaty,&quot; he said.</p>
</text>
<copyright>(c) Reuters Limited 1997</copyright>
<metadata>
<codes class="bip:countries:1.0">
  <code code="EEC">
    <editdetail attribution="Reuters BIP Coding Group" action="confirmed" date="1997-06-08"/>
  </code>
  <code code="FRA">
    <editdetail attribution="Reuters BIP Coding Group" action="confirmed" date="1997-06-08"/>
  </code>
  <code code="IRE">
    <editdetail attribution="Reuters BIP Coding Group" action="confirmed" date="1997-06-08"/>
  </code>
</codes>
<codes class="bip:topics:1.0">
  <code code="G15">
    <editdetail attribution="Reuters BIP Coding Group" action="confirmed" date="1997-06-08"/>
  </code>
  <code code="G151">
    <editdetail attribution="Reuters BIP Coding Group" action="confirmed" date="1997-06-08"/>
  </code>
  <code code="G154">
    <editdetail attribution="Reuters BIP Coding Group" action="confirmed" date="1997-06-08"/>
  </code>
  <code code="GCAT">
    <editdetail attribution="Reuters BIP Coding Group" action="confirmed" date="1997-06-08"/>
  </code>
</codes>
<dc element="dc.date.created" value="1997-06-08"/>
<dc element="dc.publisher" value="Reuters Holdings Plc"/>
<dc element="dc.date.published" value="1997-06-08"/>
<dc element="dc.source" value="Reuters"/>
<dc element="dc.creator.location" value="LUXEMBOURG"/>
<dc element="dc.creator.location.country.name" value="LUXEMBOURG"/>
<dc element="dc.source" value="Reuters"/>
</metadata>
</newsitem>
