<?xml version="1.0" encoding="iso-8859-1" ?>
<newsitem itemid="645909" id="root" date="1997-06-08" xml:lang="en">
<title>GERMANY: Kohl reaffirms need for strict EMU entry criteria.</title>
<headline>Kohl reaffirms need for strict EMU entry criteria.</headline>
<dateline>FRANKFURT 1997-06-08</dateline>
<text>
<p>German Chancellor Helmut Kohl, reaffirming his government's stand on European Monetary Union (EMU) on Sunday, said the project should start on schedule in January 1999 and strictly follow rules outlined in the Maastricht Treaty.</p>
<p>&quot;The Chancellor insisted that both the stability criteria laid down by the Maastricht Treaty and the timetable have to be adhered to,&quot; said a government summary of remarks from a speech Kohl was due to give in Frankfurt at a trade fair.</p>
<p>&quot;Securing Germany's future also means continuing the work of European integration with the completion of monetary and economic union,&quot; the summary quoted him as saying.</p>
<p>Kohl also said the recent squabble with the Bundesbank over Bonn's plans to revalue the bank's gold and currency reserves was no attack on the central bank's independence and that the reserves need to be revalued before the euro's start.</p>
<p>&quot;He stated clearly and categorically that the revalution in no way constituted an infringement of the Bundesbank's independence,&quot; the statement said.</p>
<p>&quot;Between the government and the Bundesbank there was full agreement that with transition to the euro, the Bundesbank's reserves, which were currently valued at a very low level, should be progressively revalued at a higher level,&quot; it said.</p>
<p>The statement also said that Kohl was committed to further cooperation between Bonn and the Bundesbank.</p>
<p>Bonn has been forced to seek additional funds after it lost a public battle with the Bundesbank over its intention to revalue central bank reserves and use the booked profits to help cut debt and deficit levels to meet Maastricht criteria.</p>
<p>A Bundesbank council member, Franz-Christoph Zeitler, said on Saturday the central bank and Bonn were close to a compromise on Bonn's plans to revalue the reserves.</p>
<p>One solution envisaged by economists is for revaluation proceeds to be transferred to Bonn beginning in 1998 or 1999 to help reduce debt and not in 1997, the year when Germany's finances will be judged for entry into currency union.</p>
<p>Kohl's comments came as Finance Minister Theo Waigel told German television on Sunday he wants to radically cut spending and push through the privatisation of more government assets to help Bonn balance its books in 1998.</p>
<p>Waigel also said he was sure savings at both federal and state level this year would mean Germany would meet the entry criteria needed to qualify for Europe's single currency.</p>
<p>Germany is viewed by many independent economists as needing to take dramatic action to cut its budget deficit to 3.0 percent of gross domestic product (GDP), a level Waigel said must be met by nations seeking to enter currency union.</p>
<p>--John Gilardi, Frankfurt Newsroom, +49 69 756525</p>
</text>
<copyright>(c) Reuters Limited 1997</copyright>
<metadata>
<codes class="bip:countries:1.0">
  <code code="EEC">
    <editdetail attribution="Reuters BIP Coding Group" action="confirmed" date="1997-06-08"/>
  </code>
  <code code="GFR">
    <editdetail attribution="Reuters BIP Coding Group" action="confirmed" date="1997-06-08"/>
  </code>
</codes>
<codes class="bip:topics:1.0">
  <code code="E12">
    <editdetail attribution="Reuters BIP Coding Group" action="confirmed" date="1997-06-08"/>
  </code>
  <code code="ECAT">
    <editdetail attribution="Reuters BIP Coding Group" action="confirmed" date="1997-06-08"/>
  </code>
  <code code="G15">
    <editdetail attribution="Reuters BIP Coding Group" action="confirmed" date="1997-06-08"/>
  </code>
  <code code="G151">
    <editdetail attribution="Reuters BIP Coding Group" action="confirmed" date="1997-06-08"/>
  </code>
  <code code="G154">
    <editdetail attribution="Reuters BIP Coding Group" action="confirmed" date="1997-06-08"/>
  </code>
  <code code="GCAT">
    <editdetail attribution="Reuters BIP Coding Group" action="confirmed" date="1997-06-08"/>
  </code>
</codes>
<dc element="dc.date.created" value="1997-06-08"/>
<dc element="dc.publisher" value="Reuters Holdings Plc"/>
<dc element="dc.date.published" value="1997-06-08"/>
<dc element="dc.source" value="Reuters"/>
<dc element="dc.creator.location" value="FRANKFURT"/>
<dc element="dc.creator.location.country.name" value="GERMANY"/>
<dc element="dc.source" value="Reuters"/>
</metadata>
</newsitem>
