<?xml version="1.0" encoding="iso-8859-1" ?>
<newsitem itemid="557987" id="root" date="1997-05-03" xml:lang="en">
<title>LITHUANIA: TENNIS-YUGOSLAVIA LEAD LITHUANIA 3-0 IN DAVIS CUP TIE.</title>
<headline>TENNIS-YUGOSLAVIA LEAD LITHUANIA 3-0 IN DAVIS CUP TIE.</headline>
<dateline>VILNIUS 1997-05-03</dateline>
<text>
<p>Yugoslavia took an unbeatable 3-0 lead against Lithuania in their Davis Cup Euro/African zone group two, first round tie on Saturday.</p>
<p>Doubles result:</p>
<p>Dushan Vemic/Nenad Zimonjic (Yugoslavia) beat Rolandas Murashka/Eugenijus Cariovas (Lithuania) 6-4 6-4 6-4</p>
</text>
<copyright>(c) Reuters Limited 1997</copyright>
<metadata>
<codes class="bip:countries:1.0">
  <code code="LITH">
    <editdetail attribution="Reuters BIP Coding Group" action="confirmed" date="1997-05-03"/>
  </code>
  <code code="YUG">
    <editdetail attribution="Reuters BIP Coding Group" action="confirmed" date="1997-05-03"/>
  </code>
</codes>
<codes class="bip:topics:1.0">
  <code code="GCAT">
    <editdetail attribution="Reuters BIP Coding Group" action="confirmed" date="1997-05-03"/>
  </code>
  <code code="GSPO">
    <editdetail attribution="Reuters BIP Coding Group" action="confirmed" date="1997-05-03"/>
  </code>
</codes>
<dc element="dc.date.created" value="1997-05-03"/>
<dc element="dc.publisher" value="Reuters Holdings Plc"/>
<dc element="dc.date.published" value="1997-05-03"/>
<dc element="dc.source" value="Reuters"/>
<dc element="dc.creator.location" value="VILNIUS"/>
<dc element="dc.creator.location.country.name" value="LITHUANIA"/>
<dc element="dc.source" value="Reuters"/>
</metadata>
</newsitem>
