<?xml version="1.0" encoding="iso-8859-1" ?>
<newsitem itemid="557940" id="root" date="1997-05-03" xml:lang="en">
<title>UK: TABLE TENNIS-WORLD CHAMPIONSHIPS RESULTS.</title>
<headline>TABLE TENNIS-WORLD CHAMPIONSHIPS RESULTS.</headline>
<dateline>MANCHESTER, England 1997-05-03</dateline>
<text>
<p>Results on the tenth day of the world table tennis championships on Saturday (prefix numbers denote seeding):</p>
<p>Women's doubles second round</p>
<p>1-Deng Yaping/Yang Ying (China) beat Galina Melnik/Svetlana Bakhtina (Russia) 21-17 21-10</p>
<p>Rika Sato/Rika Matsuoka (Japan) beat Polona Cehovin/Mojca Guzelj (Slovenia) 21-11 18-21 21-11</p>
<p>9/16-Chen Jing/Chen Chiu-tan (Taiwan) beat Alessia Arisi/Laura Negrisoli (Italy) 21-11 21-10</p>
<p>5/8-Csilla Batorfi/Kristina Toth (Hungary) beat Anne Boileau/ Anne-Clair Palut (France) 21-8 21-19</p>
<p>5/8-Wang Chen/Wu Na (China) beat Jing Jun Hong/Li Jia Wei (Singapore) 21-13 21-7</p>
<p>Kim Moo-kyo/Kim Boon-sik (South Korea) beat 9/16-Kim Hyon Hui/Tu Jong Sil (North Korea) 21-15 21-14 </p>
<p>9/16-Asa Svensson/Pernilla Pettersson (Sweden) beat Zhang Hui/Lin Ling (China) 21-16 21-15</p>
<p>3/4-Qiao Yunping (China)/Chai Po Wa (Hong Kong) beat Adriana Nastase/Mihaela Steff (Romania) 21-17 15-21 22-20</p>
<p>Women's doubles second round</p>
<p>3/4-Li Ju/Wang Nan (China) Vivien Ello (Hungary)/Tu Yong (Switzerland) 21-18 21-12</p>
<p>Tong Fei-ming/Xu Jing (Taiwan) beat Eva Braun (Hungary)/Anna Isaeva (Russia) 21-17 21-10</p>
<p>9/16-Irina Palina/Elena Timina (Russia) beat Lily Yip/Tawny Banh (U.S.) 20-22 21-12 21-11</p>
<p>Ai Sakata/Yuki Takakusa (Japan) beat 5/8-Nicole Struse/Elke Schall (Germany) 17-21 21-16 21-19</p>
<p>5/8-Wang Hui/Cheng Hongxia (China) beat Agnes Le Lannic/Sylvie Plaisant (France) 21-6 21-8</p>
<p>9/16-Zhu Fang (China)/Chan Tan Lui (Hong Kong) beat Petra Dermastija (Slovenia)/Silvija Erdelji (Yugoslavia), walkover</p>
<p>9/16-Otilia Badescu/Emilia Ciosu (Romania) beat Hana Valentova/Renata Peluchova (Czech Republic) 21-19 21-14</p>
<p>2-Park Hae-jung/Ryu Ji-hye (South Korea) beat Yuka Nishii/Aya Umemura (Japan) 21-8 21-12.</p>
<p>(Ends women's doubles second round)  </p>
<p>Men's doubles second round</p>
<p>1-Kong Linghui/Liu Guoliang (China) beat Panagiotis Gionis/Lo Chuen Tsung (Hong Kong) 21-16 21-7</p>
<p>9/16-Johnny Huang (Canada)/Ilija Lupulesku (Yugoslavia) beat Chiang Peng-lung/Chang Yuan-su (Taiwan) 21-17 21-16</p>
<p>9/16-Peter Karlsson/Thomas Von Scheele (Sweden) beat Karoly Nemeth/ Zsolt Harczi (Hungary) 21-3 21-19</p>
<p>5/8-Vladimir Samsonov (Belarus)/Joerg Rosskopf (Germany) beat Thierry Cabrera (Belgium)/Nicolas Chatelain (France) 21-14 21-13</p>
<p>Jean-Philippe Gatien/Damien Eloi (France) beat Toshio Tasaki/ Yukinobu Nakata (Japan) 23-21 28-26 21-16</p>
<p>9/16-Trinko Keen/Danny Heister (Netherlands) beat Qian Qianli/Kostadin Lengerov (Austria) 21-17 21-19</p>
<p>Dmitry Mazunov/Andrei Mazunov (Russia) beat Carl Prean/Alex Perry (England) 21-19 21-16</p>
<p>3/4-Yan Sen/Wang Liqin (China) beat Liu Guozheng (China)/ Andrzej Grubba (Poland) 21-17 21-19</p>
<p>Men's doubles second round</p>
<p>3/4-Wang Tao/Ma (China) beat Steffan Fetzner/Timo Boll (Germany) 21-15 13-21 21-16</p>
<p>9/16-Slobodan Grujic/Aleksan Karakasevic (Yugoslavia) beat Andras Podpinka/Frederic Sonnet (Belgium) 21-9 21-12</p>
<p>9/16-Patrick Chila/Christophe Legout (France) beat Chu Kyo-sung/Kim Bong-chul (South Korea) 21-19 19-21 21-14</p>
<p>5/8-Koji Matsushita/Hiroshi Shibutani (Japan) beat Kayode Kadiri/Jens Lundqvist (Sweden) 21-9 21-11</p>
<p>Lin Zhigang/Wang Fei (China) beat 5/8-Kim Taek-soo/Yoo Nam-kyu (South Korea) 21-15 21-17</p>
<p>9/16-Werner Schlager/Karl Jindrak (Austria) beat Vasile Florea/ Andrei Filimon (Romania) 21-9 21-13</p>
<p>9/16-Zoran Primorac (Croatia)/Kalinikos Kreanga (Greece) beat Petr Korbel (Czech Republic)/Peter Franz (Germany), walkover</p>
<p>2-Jan-Ove Waldner/Jorgen Persson (Sweden) beat Finn Tugwell/ Michael Maze (Denmark) 21-17 21-16.</p>
<p>(Ends men's second round)  </p>
<p>Men's singles third round</p>
<p>1-Kong Linghui (China) beat Liu Song (Argentina) 21-10 22-20 21-13</p>
<p>Mixed doubles quarter-finals</p>
<p>5/8-Ding Song/Wang Hui (China) beat Ntaniel Tsiokas (Greece)/Jie Schoepp (Germany) 21-16 21-17</p>
<p>9/16-Chiang Peng-lung/Chen Jing (Taiwan) beat 3/4-Kim Taek-soo/Park Hae-jung (South Korea) 21-18 21-19</p>
<p>Men's doubles quarter-finals</p>
<p>1-Kong Linghui/Liu Guoliang (China) beat 9/16-Johnny Huang (Canada)/ Ilija Lupulesku (Yugoslavia) 22-20 21-19</p>
<p>5/8-Vladimir Samsonov (Belarus)/Joerg Rosskopf (Germany) beat 9/16-Peter Karlsson/Thomas Von Scheele (Sweden) 21-13 17-21 21-10</p>
<p>5/8-Jean-Philippe Gatien/Damien Eloi (France) beat 9/16-Trinko Keen/ Danny Heister (Netherlands) 21-14 21-19</p>
<p>3/4-Yan Sen/Wang Liqin (China) beat 9/16-Dmitry Mazunov/Andrei Mazunov (Russia) 15-21 21-19 21-13</p>
<p>Men's doubles quarter-finals</p>
<p>3/4-Wang Tao/Ma Lin (China) beat 9/16-Slobodan Grujic/Aleksan Karakasevic (Yugoslavia)  21-17 21-18</p>
<p>5/8-Koji Matsushita/Hiroshi Shibutani (Japan) beat 9/16-Patrick Chila/Christophe Legout (France) 19-21 21-15 21-15</p>
<p>9/16-Werner Schlager/Karl Jindrak (Austria) beat  Lin Zhigang/Wang Fei 21-14 11-21 21-19</p>
<p>2-Jan-Ove Waldner/Jorgen Persson (Sweden) beat 9/16-Zoran Primorac (Croatia)/Kalinikos Kreanga (Greece) 21-15 21-14</p>
<p>(Ends men's quarter-finals)</p>
<p>Women's doubles fourth round</p>
<p>1-Deng Yaping/Yang Ying (China) beat Rika Sato/Rika Matsuoka (Japan) 21-7 21-19</p>
<p>9/16-Chen Jing/Chen Chiu-tan (Taiwan) beat 5/8-Csilla Batorfi/ Kristina Toth (Hungary) 21-15 21-12</p>
<p>5/8-Wang Chen/Wang Na (China) beat Kim Moo-kyo/Kim Boon-sik (South Korea) 24-22 21-17</p>
<p>3/4-Qiao Yunping (China)/Chai Po Wa (Hong Kong) beat 9/16-Asa Svensson/Pernilla Pettersson (Sweden) 21-13 21-7</p>
<p>Women's doubles fourth round</p>
<p>3/4-Li Ju/Wang Nan (China) beat Tong Fei-ming/Xu Jing (Taiwan) 21-12 18-21 21-12</p>
<p>Ai Sakata/Yuki Takakusa (Japan) beat Irina Palina/Elena Timina (Russia) 21-15 21-16</p>
<p>5/8-Wang Hui/Cheng Hongxia (China) beat 9/16-Zhu Fang (China)/ Chan Tan Lui (Hong Kong) 21-15 22-20</p>
<p>9/16-Otilia Badescu/Emilia Ciosu (Romania) beat 2-Park Hae-jung/ Ryu Ji-hye (South Korea) 21-18 21-17</p>
<p>(Ends fourth round)</p>
<p>Men's singles third round</p>
<p>17/32-Werner Schlager (Austria) beat 9/16-Peter Karlsson (Sweden) 22-20 18-21 21-14 19-21 21-16</p>
<p>9/16-Ma Wenge (China) beat 17/32-Kalinikos Kreanga (Greece) 21-19 19-21 24-26 25-23 21-17</p>
<p>5/8-Ding Song (China) beat 17/32-Steffan Fetzner (Germany) 21-12 21-10 21-16</p>
<p>Mixed doubles quarter-finals</p>
<p>Lee Chul Seung/Kim Moo-kyo (South Korea) 21-15 21-11  </p>
<p>Women's singles third round</p>
<p>17/32-Ryu Ji-hye (South Korea) beat 9/16-Csilla Batorfi (Hungary) 21-18 21-9 21-10</p>
<p>17/32-Wang Hui (China) beat 9/16-Jie Schoepp (Germany) 21-2 21-8 21-15</p>
<p>Mixed doubles fourth round</p>
<p>9/16-Lin Zhigang/Yang Ying (China) beat 5/8-Patrick Chila (France)/Asa Svensson (Sweden) 21-7 21-13</p>
<p>Wang Liqin/Wang Nan (China) beat Yan Sen/Li Ju (China) 17-21 21-16 21-15</p>
<p>5/8-Yoo Nam-kyu/Ryu Ji-hye (South Korea) beat 9/16-Ma Lin/Wang Chen (China) 21-15 21-13</p>
<p>Women's singles third round</p>
<p>17/32-Ryu Ji-hye (South Korea) beat 9/16-Csilla Batorfi (Hungary) 21-18 21-9 21-10</p>
<p>17/32-Wang Hui (China) beat 9/16-Jie Schoepp (Germany) 21-2 21-8 21-15</p>
<p>Mixed doubles fourth round</p>
<p>9/16-Lin Zhigang/Yang Ying (China) beat 5/8-Patrick Chila (France)/Asa Svensson (Sweden) 21-7 21-13</p>
<p>Wang Liqin/Wang Nan (China) beat Yan Sen/Li Ju (China) 17-21 21-16 21-15</p>
<p>5/8-Yoo Nam-kyu/Ryu Ji-hye (South Korea) beat 9/16-Ma Lin/Wang Chen (China) 21-15 21-13</p>
<p>Women's singles third round</p>
<p>1-Deng Yaping (China) beat Tong Fei-ming (Taiwan) 21-10 21-8 21-16</p>
<p>9/16-Qiao Yunping (China) beat Emilia Ciosu (Romania) 21-16 21-6 21-11</p>
<p>17/32-Olga Nemes (Germany) beat  Chai Po Wa (Hong Kong) 21-17 21-16 22-20</p>
<p>Men's singles third round</p>
<p>3/4-Vladimir Samsonov (Belarus) beat Ma Lin (China) 21-16 21-9 21-16</p>
<p>Women's singles third round</p>
<p>Wong Ching (Hong Kong) beat Eldijana Aganovic (Croatia) 20-22 21-18 21-19 18-21 21-12 </p>
<p>3/4-Li Ju (China) beat 17/32-Kim Hyon Hui (North Korea) 13-21 19-21 21-10 21-16 21-11</p>
<p>Mixed doubles fourth round</p>
<p>Lee Chul-Seung/Kim Moo-kyo (South Korea) beat Zsolt Harczi/Vivien Ello (Hungary) 21-15 21-11</p>
<p>2-Liu Guoliang/Wu Na (China) beat Werner Schlager/Kristina Toth (Hungary) 21-14 21-8</p>
<p>Men's singles third round</p>
<p>17/32-Hiroshi Shibutani (Japan) beat 5/8-Jean-Michel Saive (Belgium) 18-21 21-16 12-21 21-19 21-12</p>
<p>Wang Liqin (China) beat Carl Prean (England) 21-18 21-15 15-21 21-10</p>
<p>Women's singles third round</p>
<p>9/16-Ni Xia Lian (Luxembourg) beat 17/32-Kim Boon-sik (South Korea) 21-15 24-22 21-19</p>
<p>Men's singles third round</p>
<p>He Zhi Wen (Spain) beat Aleksa Karakasevic (Yugoslavia) 21-9 21-17 22-20</p>
<p>Milan Grman (Slovakia) beat 17/32-Patrick Chila (France) 21-17 11-21 7-21 21-19 21-15</p>
<p>Yan Sen (China) beat 5/8-Kim Taek-soo (South Korea) 21-16 20-22 21-9 15-21 21-17</p>
<p>Women's singles third round</p>
<p>17/32-Park Hae-jung (South Korea) beat Anne Boileau (France) 21-15 21-17 23-21</p>
<p>9/16-Geng Lijuan (China) beat Tamara Boros (Croatia) 21-19 21-13 21-17</p>
<p>5/8-Wang Nan (China) beat 17/32-Rika Sato (Japan) 21-16 21-12 21-12</p>
<p>5/8-Wang Chen (China) beat Suk Eun-mi (South Korea) 23-21 23-21 21-9</p>
<p>Men's singles third round</p>
<p>17/32-Lucjan Blaszczyk (Poland) beat Thomas Von Scheele (Sweden) 21-12 13-21 21-7 21-16</p>
<p>2-Jan-Ove Waldner (Sweden) beat Ilija Lupulesku (Yugoslavia) 21-10 21-16 21-17</p>
<p>9/16-Jean-Philippe Gatien (France) beat 17/32 Petr Korbel (Czech Republic) 21-17 21-11 21-14</p>
<p>5/8-Wang Tao (China) beat 17/32-Koji Matsushita (Japan) 21-8 21-3 21-18</p>
<p>Mixed doubles fourth round</p>
<p>1-Kong Linghui/Deng Yaping (China) beat Oh Sang-eun/Kim Boon-sik (South Korea) 21-18 21-8</p>
<p>(Ends fourth round)</p>
<p>Men's singles third round</p>
<p>9/16-Johnny Huang (Canada) beat Zsolt Harczi (Hungary) 21-14 13-21 21-9 21-12</p>
<p>Women's singles third round</p>
<p>Cheng Hongxia (China) beat 9/16-Chan Tan Lui (Hong Kong) 24-22 21-10 18-21 22-20</p>
<p>9/16-Wu Na (China) beat 17/32-Kim Moo-kyo (South Korea) 21-14 21-9 21-15</p>
<p>2-Chen Jing (China) beat 17/32-Irina Palina (Russia), walkover  </p>
<p>Men's singles third round</p>
<p>9/16-Johnny Huang (Canada) beat Zsolt Harczi (Hungary) 21-14 13-21 21-9 21-12</p>
<p>9/16-Zoran Primorac (Croatia) beat 17/32-Dmitry Mazunov (Russia) 17-21 21-17 21-19 21-14</p>
<p>(Ends men's third round)</p>
<p>Women's singles third round</p>
<p>Cheng Hongxia (China) beat 9/16-Chan Tan Lui (Hong Kong) 24-22 21-10 18-21 22-20</p>
<p>9/16-Wu Na (China) beat 17/32-Kim Moo-kyo (South Korea) 21-14 21-9 21-15</p>
<p>2-Chen Jing (China) beat 17/32-Irina Palina (Russia), walkover</p>
<p>9/16-Nicole Struse (Germany) beat 17/32-Vivien Ello (Hungary) 21-11 22-20 21-15.</p>
<p>(Ends women's third round)</p>
<p>Men's singles fourth round</p>
<p>1-Kong Linghui (China) beat 17/32-Werner Schlager (Austria) 21-16 22-20 17-21 21-18</p>
<p>Women's singles fourth round</p>
<p>1-Deng Yaping (China) beat 17/32-Ryu Ji-hye (South Korea) 21-9 21-13 24-22</p>
<p>Men's singles fourth round</p>
<p>9/16-Ma Wenge (China) beat Hiroshi Shibutani (Japan) 21-19 21-17 17-21 21-17</p>
<p>5/8-Ding Song (China) beat Milan Grman (Slovakia) 21-19 21-14 21-9</p>
<p>Women's singles fourth round</p>
<p>Wong Ching (Hong Kong) beat 17/32-Wang Hui (China) 18-21 12-21 22-20 21-14 21-7</p>
<p>9/16-Qiao Yunping (China) beat 17/32-Olga Nemes (Germany) 26-24 10-21 24-22 21-7</p>
<p>Li Ju (China) beat Ni Xian Lian (Luxembourg) 21-14 21-14 21-17</p>
<p>Men's singles fourth round</p>
<p>3/4-Vladimir Samsonov (Belarus) beat Wang Liqin (China) 21-16 10-21 24-22 21-19</p>
<p>Men's singles fourth round</p>
<p>2-Jan-Ove Waldner (Sweden) beat 9/16-Zoran Primorac (Croatia) 21-16 21-13 21-13</p>
<p>9/16-Jean-Philippe Gatien (France) beat 5/8-Wang Tao (China) 21-19 21-17 21-14</p>
<p>Yan Sen (China) beat 9/16-Johnny Huang (Canada) 21-17 20-22 16-21 21-18 21-18</p>
<p>Men's singles fourth round</p>
<p>He Zhi Wen (Spain) beat Lucjan Blaszczyk (Poland) 21-12 21-18 21-16</p>
<p>(Ends men's fourth round)</p>
<p>Men's quarter-finals (Sunday): </p>
<p>1-Kong Linghui (China) v 9/16-Ma Wenge (China)</p>
<p>5/8-Ding Song (China) v 3/4-Vladimir Samsonov (Belarus)</p>
<p>He Zhi Wen (Spain) v Yan Sen (China)</p>
<p>9/16-Jean-Philippe Gatien (France) v 2-Jan-Ove Waldner (Sweden)</p>
<p>Women's singles fourth round</p>
<p>Cheng Hongxia (China) beat Park Hae-jung (South Korea) 21-19 19-21 21-13 21-15</p>
<p>9/16-Nicole Struse (Germany) beat 5/8-Wang Chen (China) 21-15 21-13 21-14</p>
<p>Women's singles fourth round</p>
<p>5/8-Wang Nan (China) beat 9/16-Geng Lijuan (Canada) 21-11 21-12 21-15</p>
<p>9/16-Wu Na (China) beat 2-Cheng Jing (Taiwan) 25-23 21-14 21-12</p>
<p>(Ends women's fourth round)</p>
<p>Quarter-finals (Sunday):</p>
<p>1-Deng Yaping (China) v Wong Ching (Hong Kong)</p>
<p>9/16-Qiao Yunping (China) v 3/4-Li Ju (China)</p>
<p>Cheng Hongxia (China) v 5/8-Wang Nan (China)</p>
<p>9/16-Nicole Struse (Germany) v 9/16-Wu Na (China)</p>
<p>Mixed doubles quarter-finals</p>
<p>1-Kong Linghui/Deng Yaping (China) beat 9/16-Lin Zhigang/Yang Ying (China) 21-16 21-19 18-21 22-20</p>
<p>Wang Liqin/Wang Nan (China) beat Lee Chul-seung/Kim Moo-kyo (South Korea) 21-19 13-21 21-14 25-23</p>
<p>2-Liu Guoling/Wu Na (China) beat 5/8-Yoo Nam-kyu/Ryu Ji-hye (South Korea) 15-21 21-12 21-16 21-17</p>
<p>9/16-Chiang Peng-lung/Chen Jing (Taiwan) beat 5/8-Ding Song/Wang Hui (China) 13-21 21-14 21-19 18-21 21-17</p>
<p>(Ends quarter-finals)</p>
</text>
<copyright>(c) Reuters Limited 1997</copyright>
<metadata>
<codes class="bip:countries:1.0">
  <code code="UK">
    <editdetail attribution="Reuters BIP Coding Group" action="confirmed" date="1997-05-03"/>
  </code>
</codes>
<codes class="bip:topics:1.0">
  <code code="GCAT">
    <editdetail attribution="Reuters BIP Coding Group" action="confirmed" date="1997-05-03"/>
  </code>
  <code code="GSPO">
    <editdetail attribution="Reuters BIP Coding Group" action="confirmed" date="1997-05-03"/>
  </code>
</codes>
<dc element="dc.date.created" value="1997-05-03"/>
<dc element="dc.publisher" value="Reuters Holdings Plc"/>
<dc element="dc.date.published" value="1997-05-03"/>
<dc element="dc.source" value="Reuters"/>
<dc element="dc.creator.location" value="MANCHESTER, England"/>
<dc element="dc.creator.location.country.name" value="UK"/>
<dc element="dc.source" value="Reuters"/>
</metadata>
</newsitem>
