<?xml version="1.0" encoding="iso-8859-1" ?>
<newsitem itemid="557978" id="root" date="1997-05-03" xml:lang="en">
<title>SOUTH AFRICA: RUGBY UNION-NORTHERN TRANSVAAL BEAT CANTERBURY 23-22.</title>
<headline>RUGBY UNION-NORTHERN TRANSVAAL BEAT CANTERBURY 23-22.</headline>
<dateline>PRETORIA 1997-05-03</dateline>
<text>
<p>Northern Transvaal beat the Canterbury Crusaders 23-22 (halftime 17-17) in their Super 12 match at Loftus Versfeld on Saturday.</p>
<p>Scorers:</p>
<p>Northern Transvaal - Tries: Boeta Wessels, Johan Schutte. Conversions: Casper Steyn (2). Penalties: Steyn (3).</p>
<p>Canterbury - Tries: Steve Surridge, Afato Sooalo (2). Conversions: Daryl Lilley (2). Penalties: Andrew Mehrtens.</p>
</text>
<copyright>(c) Reuters Limited 1997</copyright>
<metadata>
<codes class="bip:countries:1.0">
  <code code="SAFR">
    <editdetail attribution="Reuters BIP Coding Group" action="confirmed" date="1997-05-03"/>
  </code>
</codes>
<codes class="bip:topics:1.0">
  <code code="GCAT">
    <editdetail attribution="Reuters BIP Coding Group" action="confirmed" date="1997-05-03"/>
  </code>
  <code code="GSPO">
    <editdetail attribution="Reuters BIP Coding Group" action="confirmed" date="1997-05-03"/>
  </code>
</codes>
<dc element="dc.date.created" value="1997-05-03"/>
<dc element="dc.publisher" value="Reuters Holdings Plc"/>
<dc element="dc.date.published" value="1997-05-03"/>
<dc element="dc.source" value="Reuters"/>
<dc element="dc.creator.location" value="PRETORIA"/>
<dc element="dc.creator.location.country.name" value="SOUTH AFRICA"/>
<dc element="dc.source" value="Reuters"/>
</metadata>
</newsitem>
