<?xml version="1.0" encoding="iso-8859-1" ?>
<newsitem itemid="557963" id="root" date="1997-05-03" xml:lang="en">
<title>UK: MOTOR RACING-FRENCH DRIVER KILLED IN LE MANS QUALIFYING.</title>
<headline>MOTOR RACING-FRENCH DRIVER KILLED IN LE MANS QUALIFYING.</headline>
<dateline>LONDON 1997-05-03</dateline>
<text>
<p>Frenchman Sebastian Enjolras was killed in a crash in Saturday's pre-qualifying for June's Le Mans 24 Hours race, the first driver fatality in the event since Austrian Jo Gartner in 1986.</p>
<p>Enjolras crashed his Peugeot sports-prototype as it accelerated out of a corner. The car left the track and burst into flames.</p>
<p>Enjolras was competing at Le Mans for the second time.  Last year he shared a car with compatriot William David, who spent several days in hospital after crashing.</p>
</text>
<copyright>(c) Reuters Limited 1997</copyright>
<metadata>
<codes class="bip:countries:1.0">
  <code code="FRA">
    <editdetail attribution="Reuters BIP Coding Group" action="confirmed" date="1997-05-03"/>
  </code>
  <code code="UK">
    <editdetail attribution="Reuters BIP Coding Group" action="confirmed" date="1997-05-03"/>
  </code>
</codes>
<codes class="bip:topics:1.0">
  <code code="GCAT">
    <editdetail attribution="Reuters BIP Coding Group" action="confirmed" date="1997-05-03"/>
  </code>
  <code code="GSPO">
    <editdetail attribution="Reuters BIP Coding Group" action="confirmed" date="1997-05-03"/>
  </code>
</codes>
<dc element="dc.date.created" value="1997-05-03"/>
<dc element="dc.publisher" value="Reuters Holdings Plc"/>
<dc element="dc.date.published" value="1997-05-03"/>
<dc element="dc.source" value="Reuters"/>
<dc element="dc.creator.location" value="LONDON"/>
<dc element="dc.creator.location.country.name" value="UK"/>
<dc element="dc.source" value="Reuters"/>
</metadata>
</newsitem>
