<?xml version="1.0" encoding="iso-8859-1" ?>
<newsitem itemid="557946" id="root" date="1997-05-03" xml:lang="en">
<title>UK: SOCCER-ENGLISH PREMIER LEAGUE SUMMARIES.</title>
<headline>SOCCER-ENGLISH PREMIER LEAGUE SUMMARIES.</headline>
<dateline>LONDON 1997-05-03</dateline>
<text>
<p>Summaries of English premier league</p>
<p>soccer matches played on Saturday:</p>
<p> Arsenal		  0</p>
<p> Newcastle		1 - Eliott 44</p>
<p>    HT: 0-1   Att: 38,179</p>
<p>- - - -</p>
<p> Chelsea		  0</p>
<p> Leeds		    0</p>
<p>Att: 28,277</p>
<p>- - - -</p>
<p> Coventry		 1 - McAllister 59 pen</p>
<p> Derby		    2 - Rowett 49, Sturridge 67</p>
<p>    HT: 0-0   Att: 22,839</p>
<p>- - - -</p>
<p> Leicester		2 - Walsh 16, Marshall 20</p>
<p> Manchester United    2 - Solskjaer 45, 51</p>
<p>    HT: 2-1   Att: 21,068</p>
<p>Red card: Gillespie (N) 79</p>
<p>- - - -</p>
<p> Liverpool		2 - Collymore 15, Berger 43</p>
<p> Tottenham		1 - Anderton 5</p>
<p>    HT: 2-1   Att: 40,003</p>
<p>- - - -</p>
<p> Middlesbrough	  3 - Ravanelli 20, 90 pen</p>
<p>				  Beck 34</p>
<p> Aston Villa	    2 - Ehiogu 58, Milosevic 77</p>
<p>    HT: 2-0   Att: 30,074</p>
<p>Red card: Stauton (AV) 81</p>
<p>- - - -</p>
<p> Nottingham Forest    1 - Roy 58</p>
<p> Wimbledon		1 - Leonhardsen 16</p>
<p>    HT: 0-1   Att: 19,865</p>
<p>- - - -</p>
<p> Southampton	    2 - Slater 22, Le Tissier 74</p>
<p> Blackburn		0</p>
<p>    HT: 1-0   Att: 15,247</p>
<p>Red card: Sherwood (B) 73</p>
<p>- - - -</p>
<p> Sunderland	     3 - Stewart 36 pen, Waddle 57,</p>
<p>				  Johnston 68</p>
<p> Everton		  0</p>
<p>    HT: 1-0   Att: 22,108</p>
<p>- - - -</p>
<p> West Ham		 5 - Kitson 5, 13, 89</p>
<p>				  Hartson 30, 67</p>
<p>Sheffield Wednesday  1 - Carbone 82</p>
<p>    HT: 3-0   Att: 24,960</p>
<p>Red card: Hirst (SW) 51</p>
</text>
<copyright>(c) Reuters Limited 1997</copyright>
<metadata>
<codes class="bip:countries:1.0">
  <code code="UK">
    <editdetail attribution="Reuters BIP Coding Group" action="confirmed" date="1997-05-03"/>
  </code>
</codes>
<codes class="bip:topics:1.0">
  <code code="GCAT">
    <editdetail attribution="Reuters BIP Coding Group" action="confirmed" date="1997-05-03"/>
  </code>
  <code code="GSPO">
    <editdetail attribution="Reuters BIP Coding Group" action="confirmed" date="1997-05-03"/>
  </code>
</codes>
<dc element="dc.date.created" value="1997-05-03"/>
<dc element="dc.publisher" value="Reuters Holdings Plc"/>
<dc element="dc.date.published" value="1997-05-03"/>
<dc element="dc.source" value="Reuters"/>
<dc element="dc.creator.location" value="LONDON"/>
<dc element="dc.creator.location.country.name" value="UK"/>
<dc element="dc.source" value="Reuters"/>
</metadata>
</newsitem>
