<?xml version="1.0" encoding="iso-8859-1" ?>
<newsitem itemid="557986" id="root" date="1997-05-03" xml:lang="en">
<title>ALBANIA: SOCCER-TIRANA PARTIZANI WIN ALBANIA CUP FINAL.</title>
<headline>SOCCER-TIRANA PARTIZANI WIN ALBANIA CUP FINAL.</headline>
<dateline>TIRANA 1997-05-03</dateline>
<text>
<p>Partizani of Tirana beat Flamurtari of Vlore 4-3 in a penalty shoot-out after drawing 2-2 (halftime 1-1) in the Albania cup final on Saturday.</p>
<p>Attendance 4,000.</p>
</text>
<copyright>(c) Reuters Limited 1997</copyright>
<metadata>
<codes class="bip:countries:1.0">
  <code code="ALB">
    <editdetail attribution="Reuters BIP Coding Group" action="confirmed" date="1997-05-03"/>
  </code>
</codes>
<codes class="bip:topics:1.0">
  <code code="GCAT">
    <editdetail attribution="Reuters BIP Coding Group" action="confirmed" date="1997-05-03"/>
  </code>
  <code code="GSPO">
    <editdetail attribution="Reuters BIP Coding Group" action="confirmed" date="1997-05-03"/>
  </code>
</codes>
<dc element="dc.date.created" value="1997-05-03"/>
<dc element="dc.publisher" value="Reuters Holdings Plc"/>
<dc element="dc.date.published" value="1997-05-03"/>
<dc element="dc.source" value="Reuters"/>
<dc element="dc.creator.location" value="TIRANA"/>
<dc element="dc.creator.location.country.name" value="ALBANIA"/>
<dc element="dc.source" value="Reuters"/>
</metadata>
</newsitem>
