<?xml version="1.0" encoding="iso-8859-1" ?>
<newsitem itemid="557923" id="root" date="1997-05-03" xml:lang="en">
<title>UK: SNOOKER-HENDRY TO FACE DOHERTY IN WORLD FINAL.</title>
<headline>SNOOKER-HENDRY TO FACE DOHERTY IN WORLD FINAL.</headline>
<dateline>SHEFFIELD, England 1997-05-03</dateline>
<text>
<p>Six-times champion Stephen Hendry of Scotland beat Thai James Wattana 17-13 on Saturday to reach the world snooker championship final.</p>
<p>Hendry is to face Ireland's Ken Doherty in the best-of-35 frames final starting on Sunday and finishing on Monday.</p>
<p>The Scot was level 8-8 with Wattana overnight, and swiftly stamped his authority on their contest in the first session by taking a 12-8 lead.</p>
<p>Hendry subsequently needed three more frames to win their best-of-33 frames semifinal when the evening session started.</p>
<p>However, Wattana showed his resolve by producing breaks of 76 and 70 to close the gap on the title holder to 15-13.</p>
<p>But Hendry was not to be denied, taking the next two frames to subdue the Thai's challenge.</p>
<p>Doherty reached his first world championship final 24 hours earlier when he crushed Canadian Alan Robidoux 17-7.</p>
</text>
<copyright>(c) Reuters Limited 1997</copyright>
<metadata>
<codes class="bip:countries:1.0">
  <code code="IRE">
    <editdetail attribution="Reuters BIP Coding Group" action="confirmed" date="1997-05-03"/>
  </code>
  <code code="UK">
    <editdetail attribution="Reuters BIP Coding Group" action="confirmed" date="1997-05-03"/>
  </code>
</codes>
<codes class="bip:topics:1.0">
  <code code="GCAT">
    <editdetail attribution="Reuters BIP Coding Group" action="confirmed" date="1997-05-03"/>
  </code>
  <code code="GSPO">
    <editdetail attribution="Reuters BIP Coding Group" action="confirmed" date="1997-05-03"/>
  </code>
</codes>
<dc element="dc.date.created" value="1997-05-03"/>
<dc element="dc.publisher" value="Reuters Holdings Plc"/>
<dc element="dc.date.published" value="1997-05-03"/>
<dc element="dc.source" value="Reuters"/>
<dc element="dc.creator.location" value="SHEFFIELD, England"/>
<dc element="dc.creator.location.country.name" value="UK"/>
<dc element="dc.source" value="Reuters"/>
</metadata>
</newsitem>
