<?xml version="1.0" encoding="iso-8859-1" ?>
<newsitem itemid="558099" id="root" date="1997-05-03" xml:lang="en">
<title>PHILIPPINES: China abandons hut in disputed Spratlys-Manila.</title>
<headline>China abandons hut in disputed Spratlys-Manila.</headline>
<byline>Ramoncito dela Cruz</byline>
<dateline>MANILA 1997-05-03</dateline>
<text>
<p>China has abandoned a hut-like structure in the disputed Spratly Islands in the South China Sea near an island claimed by Manila, Philippine Defence Secretary Renato de Villa said on Saturday.</p>
<p>China has insisted on its right to enter the area but two days ago withdrew four armed vessels from near the two islands the Philippines is claiming, after Manila protested to Beijing it was trespassing.</p>
<p>&quot;The hut-like structure is abandoned. Apparently, there is nobody there right now,&quot; he told a news conference.</p>
<p>De Villa said a Chinese fishing vessel remained in the area and was not a cause for concern.</p>
<p>The pull-out has defused recent tension in the Spratlys, a scattering of tiny islands and reefs with potentially rich oil and gas reserves.</p>
<p>Beijing says the entire area historically belongs to China. The islands are also claimed wholly or in part by Vietnam, Taiwan, the Philippines, Malaysia and Brunei.</p>
<p>But de Villa said the Philippines would pursue its diplomatic protest as it considered the presence of the Chinese vessels an encroachment on its territory.</p>
<p>&quot;The DFA (Department of Foreign Affairs) is pursuing diplomatic action in this regard and I would assume the diplomatic action will not stop at that particular situation wherein they pulled out,&quot; de Villa said.</p>
<p>The Philippines would continue to monitor the area around the eight Spratly islands it claims while the question of their ownership is resolved through peaceful dialogue, he said.</p>
<p>Earlier, the Chinese embassy in Manila said the presence of its armed naval ships in the disputed islands was normal and repeated its insistence that the islands belonged to Beijing.</p>
<p>&quot;China has indisputable sovereignty over the Nansha Islands (Spratlys) and the adjacent waters,&quot; the embassy statement said.</p>
<p>&quot;It is China's proper legal right and is unobjectionable that China conducted normal activities of peaceful use within the water of its own jurisdiction,&quot; it added.</p>
<p>Embassy spokesman Hao Yinbiao Hao said in a statement the ships were conducting only marine survey measurements in the area and had returned to China upon completion of the survey.</p>
<p>The two countries had a diplomatic clash over the islands two years ago and subsequently agreed not to do anything to unsettle peace in the area.</p>
<p>However, de Villa conceded that Philippine armed forces did not have sufficient resources to patrol the area regularly.</p>
<p>The issue has created an uproar in Manila, and some foreign ministry sources suggested that the military is using it to back its argument for a bigger slice of the government budget.</p>
</text>
<copyright>(c) Reuters Limited 1997</copyright>
<metadata>
<codes class="bip:countries:1.0">
  <code code="CHINA">
    <editdetail attribution="Reuters BIP Coding Group" action="confirmed" date="1997-05-03"/>
  </code>
  <code code="PHLNS">
    <editdetail attribution="Reuters BIP Coding Group" action="confirmed" date="1997-05-03"/>
  </code>
</codes>
<codes class="bip:topics:1.0">
  <code code="GCAT">
    <editdetail attribution="Reuters BIP Coding Group" action="confirmed" date="1997-05-03"/>
  </code>
  <code code="GDIP">
    <editdetail attribution="Reuters BIP Coding Group" action="confirmed" date="1997-05-03"/>
  </code>
</codes>
<dc element="dc.date.created" value="1997-05-03"/>
<dc element="dc.publisher" value="Reuters Holdings Plc"/>
<dc element="dc.date.published" value="1997-05-03"/>
<dc element="dc.source" value="Reuters"/>
<dc element="dc.creator.location" value="MANILA"/>
<dc element="dc.creator.location.country.name" value="PHILIPPINES"/>
<dc element="dc.source" value="Reuters"/>
</metadata>
</newsitem>
