<?xml version="1.0" encoding="iso-8859-1" ?>
<newsitem itemid="558021" id="root" date="1997-05-03" xml:lang="en">
<title>USA: BASEBALL-MARTINEZ, WILLIAMS POWER YANKEES PAST ROYALS.</title>
<headline>BASEBALL-MARTINEZ, WILLIAMS POWER YANKEES PAST ROYALS.</headline>
<dateline>KANSAS CITY 1997-05-03</dateline>
<text>
<p>Tino Martinez and Bernie Williams each hit two-run homers and David Cone allowed five hits over seven innings as the New York Yankees romped to a 9-1 victory over the Kansas City Royals on Friday.</p>
<p>Cone (3-2) allowed one run with five walks and six strikeouts for the victory. Mariano Rivera allowed one hit in 1 1/3 scoreless innings for his ninth save.</p>
<p>&quot;It was a little nail-biter for a while,&quot; Yankees manager Joe Torre said. &quot;Finally in the eighth and ninth, it got better for us. Bernie's home run came at a perfect time.&quot;</p>
<p>Jim Pittsley (0-2) allowed four runs and four hits with four walks and one strikeout over 7 2/3 innings.</p>
<p>Martinez, who set a record for RBI in the month of April, has kept up his torrid pace in May.</p>
<p>Williams led off the fourth inning with a double and Martinez hit Pittsley's first pitch over the right-field wall for his 10th home run, giving the Yankees a 2-0 lead.</p>
<p>The Royals got a run back on Johnny Damon's RBI double in the fifth. But Williams got to Pittsley with his third round tripper with two out in the eighth to make it 4-1.</p>
<p>The Yanks batted around the order, tacking on five more runs in the ninth to put the game out of reach.</p>
<p>Kansas City manager Bob Boone said the contest was, &quot;an excellent ballgame, really, and then it turned ugly.&quot;</p>
<p>In Seattle, Randy Johnson picked up his fourth win and Ken Griffey added his major-league leading 14th homer as the Seattle Mariners pounded the Milwaukee Brewers 8-1.</p>
<p>Johnson (4-0) allowed just one run -- a solo homer to Matt Mieske in teh seventh -- and three hits, walked one and struck out 11, reaching double figures in strikeouts for the 70th time in his career.</p>
<p>Griffey hit a three-run blast in the sixth off Milwaukee reliever Sean Maloney. He has 19 RBI over the last 15 games.</p>
<p>Jeff D'Amico (0-2) started for Milwaukee and allowed a three-run homer to Dan Wilson and a two-run blow by Alex Rodriguez. D'Amico lasted five innings, allowing five runs and six hits.</p>
<p>In Baltimore, Jimmy Key allowed one run over eight innings and Mike Bordick drove in three runs as the Orioles handed the Oakland Athletics a 7-1 beating for their fourth win in a row.</p>
<p>Key (5-0) allowed four hits, walked one and struck out five as he joined former teammate Andy Pettitte of the New York Yankees and Bobby Witt of the Texas Rangers with a league-leading fifth victory.</p>
<p>Armando Benitez gave up one hit in a scoreless ninth as Baltimore won for the sixth time in seven games. Oakland's Steve Karsay (0-2) gave up five runs and nine hits over six innings as the A's lost for the fourth time in five games.</p>
<p>In Toronto, Chuck Knoblauch's chopper over the head of third baseman Ed Sprague with two out scored Todd Walker in the top of the 10th inning as the Minnesota Twins snapped an eight-game losing streak with a 3-2 win over the Blue Jays.</p>
<p>Walker led off the 10th against Toronto reliever Tim Crabtree (1-2) with a single and moved to third on a sacrifice and a groundout.</p>
<p>Brad Radke (2-1) pitched the first nine innings for Minnesota, allowing two runs and five hits. Rick Aguilera allowed a single in the 10th but held Toronto scoreless for his fifth save.</p>
<p>At Texas, John Valentin's single with two outs in the top of the ninth scored pinch-runner Jeff Frye with the winning run as the Boston Red Sox nipped the Rangers 5-4.</p>
<p>Butch Henry (2-1) earned the win with two scoreless innings of relief.</p>
<p>Mo Vaughn led Boston's 12-hit attack with his seventh homer of the season.</p>
<p>Ivan Rodriguez tied a career-high with four hits and Damon Buford homered for Texas.</p>
</text>
<copyright>(c) Reuters Limited 1997</copyright>
<metadata>
<codes class="bip:countries:1.0">
  <code code="USA">
    <editdetail attribution="Reuters BIP Coding Group" action="confirmed" date="1997-05-03"/>
  </code>
</codes>
<codes class="bip:topics:1.0">
  <code code="GCAT">
    <editdetail attribution="Reuters BIP Coding Group" action="confirmed" date="1997-05-03"/>
  </code>
  <code code="GSPO">
    <editdetail attribution="Reuters BIP Coding Group" action="confirmed" date="1997-05-03"/>
  </code>
</codes>
<dc element="dc.date.created" value="1997-05-03"/>
<dc element="dc.publisher" value="Reuters Holdings Plc"/>
<dc element="dc.date.published" value="1997-05-03"/>
<dc element="dc.source" value="Reuters"/>
<dc element="dc.creator.location" value="KANSAS CITY"/>
<dc element="dc.creator.location.country.name" value="USA"/>
<dc element="dc.source" value="Reuters"/>
</metadata>
</newsitem>
