<?xml version="1.0" encoding="iso-8859-1" ?>
<newsitem itemid="558147" id="root" date="1997-05-03" xml:lang="en">
<title>USA: US West Coast crudes softened by imports and NYMEX.</title>
<headline>US West Coast crudes softened by imports and NYMEX.</headline>
<dateline>LOS ANGELES 1997-05-02</dateline>
<text>
<p>U.S. West Coast crudes fell Friday amid profit-taking in energy futures and talk that refiners bought foreign alternatives to Alaskan crude, traders said.</p>
<p>Tosco on Thursday bought a 360,000-barrel cargo of Cano Limon for $3.10 a barrel under West Texas Intermediate/Cushing, the American benchmark grade, traders said.</p>
<p>Some players thought Tosco paid too high a price for the grade, which typically costs minus $4.00.</p>
<p>NYMEX crude oil for June fell 31 cents a barrel to $19.60.  </p>
<p>Traders could not say if Ecopetrol, Colombia's state-owned oil company, had announced the winners of two cargoes of Cusiana, a gasoline-rich crude, which was bid $1.40-45 under WTI, with offers seen minus $1.20, traders said.</p>
<p>The grade is sold to U.S. Gulf Coast refiners more often than to West Coast players, traders said.</p>
<p>One trader said he heard Tosco and Texaco, two West Coast refiners who can run Cusiana, had failed to win the cargoes.</p>
<p>Imports put pressure on California grades. The widening Alaska North Slope (ANS) discount lowered demand for Line 63, a substitute grade which is blended from California crudes.</p>
<p>Traders did not discuss ANS Friday, but a major producer offered at $1.15 under WTI, 12 cents more expensive than a deal done earlier this week at minus $1.37.</p>
<p>Meanwhile, Buena Vista, a component of 63, was lowered on the postings market Friday, with Texaco dropping its price 75 cents to $15.95. That follows Chevron's 50-cent decrease to $16.20 a barrel.</p>
<p>Traders said Thursday's weak interest in the U.S. government's Elk Hills crude auction reflected the heavy volumes of foreign crude on the West Coast.</p>
<p>Only 11,000 barrels of the available 16,000 light barrels were requested, traders said.</p>
<p>&quot;It would appear that people can't give it away,&quot; one trader said.</p>
<p>Kern River, a California heavy grade, eased slightly after Texaco lowered its posted price for the grade Friday.</p>
<p>--David Brinkerhoff, Los Angeles bureau, +1 213 380 2014</p>
</text>
<copyright>(c) Reuters Limited 1997</copyright>
<metadata>
<codes class="bip:countries:1.0">
  <code code="USA">
    <editdetail attribution="Reuters BIP Coding Group" action="confirmed" date="1997-05-03"/>
  </code>
</codes>
<codes class="bip:topics:1.0">
  <code code="M14">
    <editdetail attribution="Reuters BIP Coding Group" action="confirmed" date="1997-05-03"/>
  </code>
  <code code="M143">
    <editdetail attribution="Reuters BIP Coding Group" action="confirmed" date="1997-05-03"/>
  </code>
  <code code="MCAT">
    <editdetail attribution="Reuters BIP Coding Group" action="confirmed" date="1997-05-03"/>
  </code>
</codes>
<dc element="dc.date.created" value="1997-05-02"/>
<dc element="dc.publisher" value="Reuters Holdings Plc"/>
<dc element="dc.date.published" value="1997-05-03"/>
<dc element="dc.source" value="Reuters"/>
<dc element="dc.creator.location" value="LOS ANGELES"/>
<dc element="dc.creator.location.country.name" value="USA"/>
<dc element="dc.source" value="Reuters"/>
</metadata>
</newsitem>
