<?xml version="1.0" encoding="iso-8859-1" ?>
<newsitem itemid="558117" id="root" date="1997-05-03" xml:lang="en">
<title>HONG KONG: HK journalists urge China not to curb press freedom.</title>
<headline>HK journalists urge China not to curb press freedom.</headline>
<dateline>HONG KONG 1997-05-03</dateline>
<text>
<p>More than 500 journalists in Hong Kong marked world press freedom day on Saturday, urging China and the territory's government-in-waiting not to curb press freedom after the handover.</p>
<p>The group, which included journalism tutors and students, took a half page advertisement in the mass-selling Apple Daily calling on Beijing and Hong Kong's future leader, Tung Chee-hwa, to adhere to the International Covenant on Civil and Political Rights after China resumes sovereignty on July 1.</p>
<p>They expressed concerns that the post-colonial government would legislate laws to curtail press freedom in the wake of Tung's plans to tighten laws covering civil and political liberties after the handover.</p>
<p>Pro-democracy activists in Hong Kong have strongly criticised the planned changes, which would limit the right to demonstrate and ban foreign donations to local political groups.</p>
<p>The British territory of Hong Kong reverts to Chinese rule at midnight on June 30 after 156 years of colonial rule.</p>
</text>
<copyright>(c) Reuters Limited 1997</copyright>
<metadata>
<codes class="bip:countries:1.0">
  <code code="CHINA">
    <editdetail attribution="Reuters BIP Coding Group" action="confirmed" date="1997-05-03"/>
  </code>
  <code code="HKONG">
    <editdetail attribution="Reuters BIP Coding Group" action="confirmed" date="1997-05-03"/>
  </code>
</codes>
<codes class="bip:industries:1.0">
  <code code="I47510">
    <editdetail attribution="Reuters BIP Coding Group" action="confirmed" date="1997-05-03"/>
  </code>
</codes>
<codes class="bip:topics:1.0">
  <code code="C13">
    <editdetail attribution="Reuters BIP Coding Group" action="confirmed" date="1997-05-03"/>
  </code>
  <code code="CCAT">
    <editdetail attribution="Reuters BIP Coding Group" action="confirmed" date="1997-05-03"/>
  </code>
  <code code="GCAT">
    <editdetail attribution="Reuters BIP Coding Group" action="confirmed" date="1997-05-03"/>
  </code>
  <code code="GDIP">
    <editdetail attribution="Reuters BIP Coding Group" action="confirmed" date="1997-05-03"/>
  </code>
  <code code="GPOL">
    <editdetail attribution="Reuters BIP Coding Group" action="confirmed" date="1997-05-03"/>
  </code>
</codes>
<dc element="dc.date.created" value="1997-05-03"/>
<dc element="dc.publisher" value="Reuters Holdings Plc"/>
<dc element="dc.date.published" value="1997-05-03"/>
<dc element="dc.source" value="Reuters"/>
<dc element="dc.creator.location" value="HONG KONG"/>
<dc element="dc.creator.location.country.name" value="HONG KONG"/>
<dc element="dc.source" value="Reuters"/>
</metadata>
</newsitem>
