<?xml version="1.0" encoding="iso-8859-1" ?>
<newsitem itemid="558135" id="root" date="1997-05-03" xml:lang="en">
<title>USA: Oklahoma bombing trial witness links defendants.</title>
<headline>Oklahoma bombing trial witness links defendants.</headline>
<byline>Judith Crosson</byline>
<dateline>DENVER 1997-05-02</dateline>
<text>
<p>A prosecution witness in the Oklahoma City bombing trial testified on Friday that accused bombers Timothy McVeigh and Terry Nichols met twice in the crucial months before the 1995 blast that killed 168 people.</p>
<p>With the testimony of Timothy Donahue, prosecutors apparently were trying to establish a time period in the autumn of 1994 in which they claimed steps were taken by the two defendants to plan the bombing.</p>
<p>McVeigh is on trial for the April 19, 1995, bombing of the Alfred P. Murrah federal building, and faces the death penalty if convicted. He has pleaded not guilty. Nichols was to be tried separately at a later date.</p>
<p>Donahue, a rancher, who hired Nichols as a ranch hand in central Kansas in 1994, identified McVeigh in court as the man who visited Nichols, saying he recognised his &quot;tall, thin&quot; build.</p>
<p>Donahue said he first saw McVeigh drive up to the ranch in August 1994, looking for Nichols. He saw McVeigh and Nichols together when Nichols was leaving in September 1994, saying he found a better-paying job, working for a friend at gun shows.</p>
<p>Robert Nattier, the head of a fertiliser and agricultural supply business, testified that a customer named &quot;Mike Havens&quot; bought 4,000 pounds (1,814 kgs) of ammonium nitrate fertiliser in 1994. Havens is a name that prosecutors claim Nichols used.</p>
<p>Under cross-examination, Nattier testified he never saw the customer calling himself Havens and said he had never seen McVeigh before his court appearance.</p>
<p>Federal Bureau of Investigation agent Louis Michalko testified that he examined more than 132,000 sales receipts from the fertiliser supply company and determined that such a large sale to an individual was very unusual. He admitted during his cross-examination that he had not examined fertiliser receipt sales from any other suppliers.</p>
<p>The government has presented 38 witnesses since testimony in the trial began late last week. Friday's witnesses focused on minute details that the prosecution will use to tie the government's case together.</p>
<p>But at the end of the day the prosecution shifted the focus back to the human suffering of the bombing, putting on the stand two federal employees who lost colleagues in the bombing.</p>
<p>&quot;I wasn't sure what came first, the shaking or the loud rumbling of the building ... then it became very still,&quot; said Brian Espe, a veterinarian with the U.S. Department of Agriculture who escaped from the Murrah building by coming down a tall fireladder.</p>
<p>His climb down the ladder was captured on videotape and the dramatic footage was shown around the world.</p>
<p>Allen Radtke, who works at a rock quarry near Marion, Kansas, said he discovered in October 1994 a theft of &quot;six or seven cases&quot; of caps used to blast rock. But during cross examination he said that he did not recognise McVeigh or Nichols when FBI agents showed him photographs of the two after the Oklahoma City bombing. The blasting caps could have been used to trigger the device that blew up the federal building.</p>
<p>The sheriff who investigated the theft admitted under cross-examination that he never looked into the background of disgruntled employees at the quarry.</p>
<p>A lumber company employee, Ellen Mitchell, testified that a man named &quot;Shawn Rivers&quot; rented a storage unit at the lumber company in Herington, Kansas. Nichols lived in Herington, and prosecutors have claimed &quot;Shawn Rivers&quot; was one of the aliases McVeigh used.</p>
<p>Prosecutors allege that McVeigh carried out the bombing in Oklahoma to avenge a 1993 raid by the Alcohol, Tobacco and Firearms Bureau on the Branch Davidian Cult in Waco, Texas, blaming the government for the deaths of the cult.</p>
</text>
<copyright>(c) Reuters Limited 1997</copyright>
<metadata>
<codes class="bip:countries:1.0">
  <code code="USA">
    <editdetail attribution="Reuters BIP Coding Group" action="confirmed" date="1997-05-03"/>
  </code>
</codes>
<codes class="bip:topics:1.0">
  <code code="GCAT">
    <editdetail attribution="Reuters BIP Coding Group" action="confirmed" date="1997-05-03"/>
  </code>
  <code code="GCRIM">
    <editdetail attribution="Reuters BIP Coding Group" action="confirmed" date="1997-05-03"/>
  </code>
</codes>
<dc element="dc.date.created" value="1997-05-02"/>
<dc element="dc.publisher" value="Reuters Holdings Plc"/>
<dc element="dc.date.published" value="1997-05-03"/>
<dc element="dc.source" value="Reuters"/>
<dc element="dc.creator.location" value="DENVER"/>
<dc element="dc.creator.location.country.name" value="USA"/>
<dc element="dc.source" value="Reuters"/>
</metadata>
</newsitem>
