<?xml version="1.0" encoding="iso-8859-1" ?>
<newsitem itemid="558111" id="root" date="1997-05-03" xml:lang="en">
<title>SINGAPORE: Singapore con artist in US$1 million note scam.</title>
<headline>Singapore con artist in US$1 million note scam.</headline>
<dateline>SINGAPORE 1997-05-03</dateline>
<text>
<p>Two people were cheated into parting with thousands of dollars in cash and jewellery by a con man who paid them with a fake US$1 million note, the Straits Times reported on Saturday.</p>
<p>Victim Ismail Marican, 54, said he gave the man his watch and gold ring for which he was given a one thousand dollar note, but could not recall the currency.</p>
<p>He said the con man then persuaded his aunt to part with a gold chain and bracelet worth S$2,050 and took the thousand dollar note back, exchanging it for the US$1 million fake.</p>
<p>The con man, described as slick and smooth talking, said he would return later to get the change, but was not seen again.</p>
<p>Ismail, who also gave the man S$1,300 in cash told the Straits Times: &quot;I waited and waited. When an hour passed and he still did not come back, I began to feel suspicious. Now I know I have been very stupid. I won't trust people so easily again.&quot;</p>
<p>Police are appealing for information.</p>
</text>
<copyright>(c) Reuters Limited 1997</copyright>
<metadata>
<codes class="bip:countries:1.0">
  <code code="SINGP">
    <editdetail attribution="Reuters BIP Coding Group" action="confirmed" date="1997-05-03"/>
  </code>
</codes>
<codes class="bip:topics:1.0">
  <code code="GCAT">
    <editdetail attribution="Reuters BIP Coding Group" action="confirmed" date="1997-05-03"/>
  </code>
  <code code="GCRIM">
    <editdetail attribution="Reuters BIP Coding Group" action="confirmed" date="1997-05-03"/>
  </code>
</codes>
<dc element="dc.date.created" value="1997-05-03"/>
<dc element="dc.publisher" value="Reuters Holdings Plc"/>
<dc element="dc.date.published" value="1997-05-03"/>
<dc element="dc.source" value="Reuters"/>
<dc element="dc.creator.location" value="SINGAPORE"/>
<dc element="dc.creator.location.country.name" value="SINGAPORE"/>
<dc element="dc.source" value="Reuters"/>
</metadata>
</newsitem>
