<?xml version="1.0" encoding="iso-8859-1" ?>
<newsitem itemid="558161" id="root" date="1997-05-03" xml:lang="en">
<title>FRANCE: Moslem rebels kill four policemen in Algiers, paper.</title>
<headline>Moslem rebels kill four policemen in Algiers, paper.</headline>
<dateline>PARIS 1997-05-03</dateline>
<text>
<p>Moslem rebels shot and killed four policemen in three hit-and-run attacks in the Algerian capital this week, an Algerian newspaper said on Saturday.</p>
<p>Guerrillas shot dead two policemen while on a patrol in Bouzreah district at the northern edge of Algiers on Wednesday, El Watan newspaper said.</p>
<p>Another policeman was gunned down at May First square in central Algiers while he was visiting his family on Tuesday. A fourth policeman was killed on the same day in Bab el Oued -- a Moslem fundamentalist stronghold in downtown Algiers, El Watan said.</p>
<p>The attacks underlined the ability of the rebels to strike in the crowded streets of Algiers -- home to more than three million people -- despite a government crackdown on their cells earlier this year.</p>
<p>About 60,000 people have been killed in Algeria's violence since early 1992 when the authorities cancelled a general election in which radical Islamists had taken a huge lead.</p>
<p>Algeria, which has been without an elected parliament since 1992, is preparing to hold a one-stage parliamentary elections in June.</p>
</text>
<copyright>(c) Reuters Limited 1997</copyright>
<metadata>
<codes class="bip:countries:1.0">
  <code code="ALG">
    <editdetail attribution="Reuters BIP Coding Group" action="confirmed" date="1997-05-03"/>
  </code>
</codes>
<codes class="bip:topics:1.0">
  <code code="GCAT">
    <editdetail attribution="Reuters BIP Coding Group" action="confirmed" date="1997-05-03"/>
  </code>
  <code code="GVIO">
    <editdetail attribution="Reuters BIP Coding Group" action="confirmed" date="1997-05-03"/>
  </code>
</codes>
<dc element="dc.date.created" value="1997-05-03"/>
<dc element="dc.publisher" value="Reuters Holdings Plc"/>
<dc element="dc.date.published" value="1997-05-03"/>
<dc element="dc.source" value="Reuters"/>
<dc element="dc.creator.location" value="PARIS"/>
<dc element="dc.creator.location.country.name" value="FRANCE"/>
<dc element="dc.source" value="Reuters"/>
</metadata>
</newsitem>
