<?xml version="1.0" encoding="iso-8859-1" ?>
<newsitem itemid="558139" id="root" date="1997-05-03" xml:lang="en">
<title>USA: Police move in striking distance of Texas rebels.</title>
<headline>Police move in striking distance of Texas rebels.</headline>
<dateline>FORT DAVIS, Texas 1997-05-02</dateline>
<text>
<p>Elite police units moved within striking distance late on Friday of armed Texas separatists holed up in a mountain compound and officials said the rebels were preparing for a shootout.</p>
<p>Texas Department of Public Safety spokesman Mike Cox said members of the self-styled Republic of Texas had been ordered to open fire on the advancing police units although no shots had been fired.  </p>
<p>Cox said one Republic member was heard over radio frequency ordering others to &quot;fire at will&quot; and &quot;put the laser on him (a police officer) and pluck him.&quot;</p>
<p>He described the advance of Special Weapons and Tactics Teams (SWAT) as a &quot;major tactical operation where substantial ground was covered&quot; and that the units were within 440 yards of the compound where Republic leader Richard McLaren and six followers were hiding.</p>
<p>Police, who had been deployed two miles away, were ordered to advance after minimal progress in negotiations aimed at coaxing McLaren and the other separatists, who believe Texas is an independent nation, to surrender.</p>
<p>Cox refused to say if or when police planned to raid the compound, but said they had &quot;bent over backwards&quot; to accommodate McLaren's demands with little to show for it.</p>
</text>
<copyright>(c) Reuters Limited 1997</copyright>
<metadata>
<codes class="bip:countries:1.0">
  <code code="USA">
    <editdetail attribution="Reuters BIP Coding Group" action="confirmed" date="1997-05-03"/>
  </code>
</codes>
<codes class="bip:topics:1.0">
  <code code="GCAT">
    <editdetail attribution="Reuters BIP Coding Group" action="confirmed" date="1997-05-03"/>
  </code>
  <code code="GCRIM">
    <editdetail attribution="Reuters BIP Coding Group" action="confirmed" date="1997-05-03"/>
  </code>
  <code code="GVIO">
    <editdetail attribution="Reuters BIP Coding Group" action="confirmed" date="1997-05-03"/>
  </code>
</codes>
<dc element="dc.date.created" value="1997-05-02"/>
<dc element="dc.publisher" value="Reuters Holdings Plc"/>
<dc element="dc.date.published" value="1997-05-03"/>
<dc element="dc.source" value="Reuters"/>
<dc element="dc.creator.location" value="FORT DAVIS, Texas"/>
<dc element="dc.creator.location.country.name" value="USA"/>
<dc element="dc.source" value="Reuters"/>
</metadata>
</newsitem>
