<?xml version="1.0" encoding="iso-8859-1" ?>
<newsitem itemid="558110" id="root" date="1997-05-03" xml:lang="en">
<title>INDONESIA: Indonesia dismisses election rally cancellations.</title>
<headline>Indonesia dismisses election rally cancellations.</headline>
<dateline>JAKARTA 1997-05-03</dateline>
<text>
<p>Interior Minister Yogie Memet has said the cancellation of some election campaigning by Indonesia's two minor parties was not unusual, the official Antara news agency reported on Saturday.</p>
<p>Memet, who also heads the national General Election Institute (LPU) responsible for running the poll, said disturbances that marred the first week of the 27-day campaign last week should not be exaggerated.</p>
<p>&quot;Boycotts or other disturbances are common and do not need to be exaggerated,&quot; Memet told reporters on Friday.</p>
<p>On Friday, the minority United Development Party (PPP) cancelled five election rallies in Jakarta after it said police had refused permission for a meeting to be addressed by the party's leader.</p>
<p>Jakarta police said they did not ban the PPP campaign but the permit they had sought did not match a previous agreement between the party and security agencies.</p>
<p>&quot;They have unilaterally cancelled a consensus on campaigning without prior consultation with the other parties and the Election Supervision Committee,&quot; city police chief Major-General Hamami Nata was quoted by the Jakarta Post on Saturday as saying.</p>
<p>Despite the cancellation, thousands of PPP supporters took to the streets of the capital on Friday in illegal convoys of motorcyles and other vehicles in open violation of strict campaign regulations. Police did not confront the rallies.</p>
<p>Jakarta was quiet on Saturday, a Golkar campaigning day.</p>
<p>The Moslem-oriented PPP, one of only three parties allowed to contest May 29 general elections, also halted campaigning in the central Java city of Yogyakarta after windows at its party headquarters there were smashed this week.</p>
<p>Clashes between supporters of rival parties have also been reported in other districts in Central Java province, especially around the northern coastal town of Pekalongan.</p>
<p>In Indonesia's second city of Surabaya the other minority party, the Christian-Nationalist Indonesian Democratic Party (PDI), stopped campaigning after it had to cancel a rally following a clash between supporters of two rival factions.</p>
<p>The three legal parties, the PPP, the ruling Golkar and the PDI, have agreed to campaign on different days in different parts of the country to avoid violence.</p>
<p>They are vying for the backing of nearly 125 million voters to fill 425 elected seats in the 500-seat House of Representatives. The other seats are allotted to the military, which does not vote.</p>
<p>Golkar, in power for the past 30 years under President Suharto's rule, is seeking to push its share of the vote over 70 percent from the 68 percent it won in the last polls in 1992.</p>
<p>The PPP won 17 percent and the PDI 15.</p>
<p>The Jakarta Post said on Saturday that small clashes between Golkar and PPP supporters continued around Pekalongan on Friday.</p>
<p>Central Java has been the main focus for political violence, primarily between supporters of the PPP and Golkar, in the run-up to the start of the three-week election campaign last Sunday.</p>
</text>
<copyright>(c) Reuters Limited 1997</copyright>
<metadata>
<codes class="bip:countries:1.0">
  <code code="INDON">
    <editdetail attribution="Reuters BIP Coding Group" action="confirmed" date="1997-05-03"/>
  </code>
</codes>
<codes class="bip:topics:1.0">
  <code code="GCAT">
    <editdetail attribution="Reuters BIP Coding Group" action="confirmed" date="1997-05-03"/>
  </code>
  <code code="GPOL">
    <editdetail attribution="Reuters BIP Coding Group" action="confirmed" date="1997-05-03"/>
  </code>
  <code code="GVIO">
    <editdetail attribution="Reuters BIP Coding Group" action="confirmed" date="1997-05-03"/>
  </code>
  <code code="GVOTE">
    <editdetail attribution="Reuters BIP Coding Group" action="confirmed" date="1997-05-03"/>
  </code>
</codes>
<dc element="dc.date.created" value="1997-05-03"/>
<dc element="dc.publisher" value="Reuters Holdings Plc"/>
<dc element="dc.date.published" value="1997-05-03"/>
<dc element="dc.source" value="Reuters"/>
<dc element="dc.creator.location" value="JAKARTA"/>
<dc element="dc.creator.location.country.name" value="INDONESIA"/>
<dc element="dc.source" value="Reuters"/>
</metadata>
</newsitem>
