<?xml version="1.0" encoding="iso-8859-1" ?>
<newsitem itemid="490081" id="root" date="1997-04-07" xml:lang="en">
<title>SPAIN: SOCCER-EUROPEAN GLAMOUR BECKONS FOR UNFASHIONABLE TEAMS.</title>
<headline>SOCCER-EUROPEAN GLAMOUR BECKONS FOR UNFASHIONABLE TEAMS.</headline>
<dateline>TENERIFE, Spain 1997-04-07</dateline>
<text>
<p>A glimpse of glamour beckons for two of Europe's more unfashionable clubs when Tenerife host Schalke 04 of Germany in the first leg of the UEFA Cup semifinal on Tuesday.</p>
<p>For, while Inter Milan and Monaco, who play in the other semifinal, can both claim a glittering past and would provide glamour opposition in the final, neither Schalke or Tenerife have figured prominently either in Europe or even in the more earthy confines of their domestic competitions.</p>
<p>Schalke have lifted the German championship seven times but not since 1958 and they currently lie seventh in the Bundesliga.</p>
<p>Tenerife have won no major honours since their formation in 1910 and, after their 3-1 defeat by Celtic Vigo at the weekend, are moored in ninth place in the standings.</p>
<p>Even so, their coach Jupp Heynckes, who graced the Bundesliga in his playing career, can be excused for thinking that Tenerife deserved to be drawn in the weaker of the two semifinals after overcoming some of Europe's best teams in earlier rounds.</p>
<p>The Canary Islanders knocked out Italian side Lazio and Feyenoord before a dramatic extra-time win over Brondby of Denmark in the quarter-finals.</p>
<p>The delights of Europe, though, have affected Tenerife's league form in recent weeks and this was reflected by Saturday's defeat.</p>
<p>&quot;We couldn't find our position on the field, and that's why we lost,&quot; said Heynckes, who was formerly at Borussia Moenchengladbach, Bayern Munich and Eintracht Frankfurt.</p>
<p>The short-term good news from the game was that none of Heynckes' players were injured. The long-term bad news is that a well-publicised row over flights means that Heynckes may not stay on.</p>
<p>Heynckes wants to take the team to away games in a chartered rather than the regular flights preferred by clubmanagement.</p>
<p>His patience was strained to breaking point when the return flight from Celta arrived home at three o'clock on Sunday morning and training later in the day had to be abandoned.</p>
<p>The Germans, however, have been left to rue the fact that the tie may be decided by the men off the field rather than those on it. The absence of injured strikers Martin Max and Youri Mulder for the rest of the season will be a huge blow.</p>
<p>Max and Dutchman Mulder, who helped steer the club into the last four with a quarter-final win over another Spanish club Valencia, were both injured in the the goalless draw at Karlsruhe in the Bundesliga on Saturday.</p>
<p>Mulder underwent an operation on his left knee and could be out of the game for up to eight months while Max, who has torn ankle ligaments, is not expected to play for six weeks.</p>
<p>&quot;We have no alternatives up front. This has obviously been a double blow,&quot; said general manager Rudi Assauer.</p>
<p>The options are not obvious with David Wagner the only other striker in the squad although Belgian Marc Wilmots could play up front.</p>
<p>Possible teams:</p>
<p>Tenerife: Marcelo Ojeda; Alexis Suarez, Cesar Gomez, Pablo Paz, Antonio Mata, Julio Llorente, Chano Cruzado, Felipe Minambres, Angel Vivar Dorado, Juanele Castano, Meho Kodro</p>
<p>Schalke: Jens Lehmann; Olaf Thon, Johan de Kock, Thomas Linke, Radoslav Latal, Yves Eigenrauch, Jiri Nemec, Ingo Anderbruegge, Michael Bueskens, Marc Wilmots, David Wagner</p>
</text>
<copyright>(c) Reuters Limited 1997</copyright>
<metadata>
<codes class="bip:countries:1.0">
  <code code="GFR">
    <editdetail attribution="Reuters BIP Coding Group" action="confirmed" date="1997-04-07"/>
  </code>
  <code code="ITALY">
    <editdetail attribution="Reuters BIP Coding Group" action="confirmed" date="1997-04-07"/>
  </code>
  <code code="MONAC">
    <editdetail attribution="Reuters BIP Coding Group" action="confirmed" date="1997-04-07"/>
  </code>
  <code code="SPAIN">
    <editdetail attribution="Reuters BIP Coding Group" action="confirmed" date="1997-04-07"/>
  </code>
</codes>
<codes class="bip:topics:1.0">
  <code code="GCAT">
    <editdetail attribution="Reuters BIP Coding Group" action="confirmed" date="1997-04-07"/>
  </code>
  <code code="GSPO">
    <editdetail attribution="Reuters BIP Coding Group" action="confirmed" date="1997-04-07"/>
  </code>
</codes>
<dc element="dc.date.created" value="1997-04-07"/>
<dc element="dc.publisher" value="Reuters Holdings Plc"/>
<dc element="dc.date.published" value="1997-04-07"/>
<dc element="dc.source" value="Reuters"/>
<dc element="dc.creator.location" value="TENERIFE, Spain"/>
<dc element="dc.creator.location.country.name" value="SPAIN"/>
<dc element="dc.source" value="Reuters"/>
</metadata>
</newsitem>
