<?xml version="1.0" encoding="iso-8859-1" ?>
<newsitem itemid="490093" id="root" date="1997-04-07" xml:lang="en">
<title>UK: HORSE RACING-LORD GYLLENE TRIUMPHS IN RESCHEDULED GRAND NATIONAL.</title>
<headline>HORSE RACING-LORD GYLLENE TRIUMPHS IN RESCHEDULED GRAND NATIONAL.</headline>
<dateline>LIVERPOOL, England 1997-04-07</dateline>
<text>
<p>Lord Gyllene, ridden by Tony Dobbin and trained by Steve Brookshaw, won the rescheduled Grand National steeplechase at Aintree on Monday.</p>
<p>Lord Gyllene (14-1) made all the running and won easily from Suny Bay (8-1), the mount of Jamie Osborne. Camelot Knight, a 100-1 outsider ridden by Carl Llewellyn, ran on to be third.</p>
<p>The National took place amid the tightest security ever seen at a British racecourse after a bomb scare forced the race to be called off on Saturday.</p>
<p>Prime Minister John Major, breaking into his election schedule, and Princess Anne, daughter of Britain's Queen Elizabeth, attended Monday's running.</p>
</text>
<copyright>(c) Reuters Limited 1997</copyright>
<metadata>
<codes class="bip:countries:1.0">
  <code code="UK">
    <editdetail attribution="Reuters BIP Coding Group" action="confirmed" date="1997-04-07"/>
  </code>
</codes>
<codes class="bip:topics:1.0">
  <code code="GCAT">
    <editdetail attribution="Reuters BIP Coding Group" action="confirmed" date="1997-04-07"/>
  </code>
  <code code="GSPO">
    <editdetail attribution="Reuters BIP Coding Group" action="confirmed" date="1997-04-07"/>
  </code>
</codes>
<dc element="dc.date.created" value="1997-04-07"/>
<dc element="dc.publisher" value="Reuters Holdings Plc"/>
<dc element="dc.date.published" value="1997-04-07"/>
<dc element="dc.source" value="Reuters"/>
<dc element="dc.creator.location" value="LIVERPOOL, England"/>
<dc element="dc.creator.location.country.name" value="UK"/>
<dc element="dc.source" value="Reuters"/>
</metadata>
</newsitem>
