<?xml version="1.0" encoding="iso-8859-1" ?>
<newsitem itemid="490086" id="root" date="1997-04-07" xml:lang="en">
<title>UK: SOCCER-ENGLISH PREMIER LEAGUE SUMMARIES.</title>
<headline>SOCCER-ENGLISH PREMIER LEAGUE SUMMARIES.</headline>
<dateline>LONDON 1997-04-07</dateline>
<text>
<p>Summaries of English premier</p>
<p>soccer matches played over the weekend:</p>
<p>Played Monday</p>
<p> Leeds		     0</p>
<p> Blackburn		 0</p>
<p>Att: 27,264</p>
<p>- - - -</p>
<p>Played Sunday</p>
<p> Liverpool		 1 - Fowler 52</p>
<p> Coventry		  2 - Whelan 65, Dublin 90</p>
<p>HT: 0-0.  Att: 40,079</p>
<p>- - - -</p>
<p>Played Saturday:</p>
<p>Premier league</p>
<p> Aston Villa	     3 - Milosevic 41, Staunton 50,</p>
<p>				   Yorke 54</p>
<p> Everton		   1 - Unsworth 14</p>
<p>HT: 1-1.  Att: 39,339</p>
<p>- - - -</p>
<p> Chelsea		   0  </p>
<p> Arsenal		   3 - Wright 22, Platt 53,</p>
<p>				   Bergkamp 80</p>
<p>HT: 0-1.  Att: 28,182</p>
<p>- - - -</p>
<p> Manchester United     2 - Cantona 47, Solskjaer 76</p>
<p> Derby		     3 - Ward 29, Wanchope 35,</p>
<p>				   Sturridge 75</p>
<p>HT: 0-2.  Att: 55,243</p>
<p>- - - -</p>
<p> Newcastle		 1 - Shearer 77</p>
<p> Sunderland		1 - Gray 32</p>
<p>HT: 0-1.  Att: 36,582</p>
<p>- - - -</p>
<p> Nottingham Forest     1 - Pearce 88 pen</p>
<p> Southampton	     3 - Magilton 8, Evans 87, 89</p>
<p>HT: 0-1.  Att: 25,134</p>
<p>- - - -</p>
<p> Tottenham		 1 - Dozzell 81</p>
<p> Wimbledon		 0</p>
<p>HT: 0-0.  Att: 32,654</p>
</text>
<copyright>(c) Reuters Limited 1997</copyright>
<metadata>
<codes class="bip:countries:1.0">
  <code code="UK">
    <editdetail attribution="Reuters BIP Coding Group" action="confirmed" date="1997-04-07"/>
  </code>
</codes>
<codes class="bip:topics:1.0">
  <code code="GCAT">
    <editdetail attribution="Reuters BIP Coding Group" action="confirmed" date="1997-04-07"/>
  </code>
  <code code="GSPO">
    <editdetail attribution="Reuters BIP Coding Group" action="confirmed" date="1997-04-07"/>
  </code>
</codes>
<dc element="dc.date.created" value="1997-04-07"/>
<dc element="dc.publisher" value="Reuters Holdings Plc"/>
<dc element="dc.date.published" value="1997-04-07"/>
<dc element="dc.source" value="Reuters"/>
<dc element="dc.creator.location" value="LONDON"/>
<dc element="dc.creator.location.country.name" value="UK"/>
<dc element="dc.source" value="Reuters"/>
</metadata>
</newsitem>
