<?xml version="1.0" encoding="iso-8859-1" ?>
<newsitem itemid="490151" id="root" date="1997-04-07" xml:lang="en">
<title>SWITZERLAND: SOCCER-BERGER TO BE NEW BASLE COACH.</title>
<headline>SOCCER-BERGER TO BE NEW BASLE COACH.</headline>
<dateline>BASLE, Switzerland 1997-04-07</dateline>
<text>
<p>Swiss club Basle said on Monday that Germany's Jorg Berger would take over as coach of the struggling first division side next season.</p>
<p>Berger, who led Schalke 04 to a place in the UEFA Cup before leaving the German club last October, replaces Karl Engel who moved to second division side Lugano last week.</p>
<p>The 52-year-old Berger has also coached Cologne and Eintrach Frankfurt.</p>
<p>Basle, upset by second division Servette in the round of 16 of the Swiss Cup, are currently in last place in the first division standings with just one win in five matches.</p>
</text>
<copyright>(c) Reuters Limited 1997</copyright>
<metadata>
<codes class="bip:countries:1.0">
  <code code="GFR">
    <editdetail attribution="Reuters BIP Coding Group" action="confirmed" date="1997-04-07"/>
  </code>
  <code code="SWITZ">
    <editdetail attribution="Reuters BIP Coding Group" action="confirmed" date="1997-04-07"/>
  </code>
</codes>
<codes class="bip:topics:1.0">
  <code code="GCAT">
    <editdetail attribution="Reuters BIP Coding Group" action="confirmed" date="1997-04-07"/>
  </code>
  <code code="GSPO">
    <editdetail attribution="Reuters BIP Coding Group" action="confirmed" date="1997-04-07"/>
  </code>
</codes>
<dc element="dc.date.created" value="1997-04-07"/>
<dc element="dc.publisher" value="Reuters Holdings Plc"/>
<dc element="dc.date.published" value="1997-04-07"/>
<dc element="dc.source" value="Reuters"/>
<dc element="dc.creator.location" value="BASLE, Switzerland"/>
<dc element="dc.creator.location.country.name" value="SWITZERLAND"/>
<dc element="dc.source" value="Reuters"/>
</metadata>
</newsitem>
