<?xml version="1.0" encoding="iso-8859-1" ?>
<newsitem itemid="490169" id="root" date="1997-04-07" xml:lang="en">
<title>SOUTH AFRICA: UNIHOLD SAYS TALKS CONTINUING.</title>
<headline>UNIHOLD SAYS TALKS CONTINUING.</headline>
<dateline>JOHANNESBURG 1997-04-07</dateline>
<text>
<p>Unihold Ltd said on Monday it was still in talks which could have an impact on its share price and urged shareholders to exercise caution in their dealings.</p>
<p>It gave no further details in a brief announcement. It first announced the talks on January 13.</p>
<p>-- Johannesburg newsroom +27 11 482 1003</p>
</text>
<copyright>(c) Reuters Limited 1997</copyright>
<metadata>
<codes class="bip:countries:1.0">
  <code code="SAFR">
    <editdetail attribution="Reuters BIP Coding Group" action="confirmed" date="1997-04-07"/>
  </code>
</codes>
<codes class="bip:topics:1.0">
  <code code="C15">
    <editdetail attribution="Reuters BIP Coding Group" action="confirmed" date="1997-04-07"/>
  </code>
  <code code="C152">
    <editdetail attribution="Reuters BIP Coding Group" action="confirmed" date="1997-04-07"/>
  </code>
  <code code="CCAT">
    <editdetail attribution="Reuters BIP Coding Group" action="confirmed" date="1997-04-07"/>
  </code>
</codes>
<dc element="dc.date.created" value="1997-04-07"/>
<dc element="dc.publisher" value="Reuters Holdings Plc"/>
<dc element="dc.date.published" value="1997-04-07"/>
<dc element="dc.source" value="Reuters"/>
<dc element="dc.creator.location" value="JOHANNESBURG"/>
<dc element="dc.creator.location.country.name" value="SOUTH AFRICA"/>
<dc element="dc.source" value="Reuters"/>
</metadata>
</newsitem>
