<?xml version="1.0" encoding="iso-8859-1" ?>
<newsitem itemid="490132" id="root" date="1997-04-07" xml:lang="en">
<title>USA: GOLF-MASTERS CHAMPION FALDO WORKS ON HIS PUTTING.</title>
<headline>GOLF-MASTERS CHAMPION FALDO WORKS ON HIS PUTTING.</headline>
<byline>Walter Bagley</byline>
<dateline>AUGUSTA, Georgia 1997-04-07</dateline>
<text>
<p>Defending champion Nick Faldo, who has won the Masters three times, knows what it takes to win at Augusta National -- exceptional putting.</p>
<p>Faldo, who added last year's title to his 1989 amd 1990 victories, said on Monday he would be mainly working on his putting as he prepares for Thursday's opening round, when he will begin his quest to become the only golfer to win back-to-back Masters twice.</p>
<p>&quot;I'm here to work on my putting. I've been doing that all (last) week,&quot; Faldo, 39, said as he barely missed a stride on his way from Augusta's pristine clubhouse to its huge practice green, which was surrounded by hundreds of sun-splashed spectators.</p>
<p>Faldo, who regularly plays the U.S. tour these days, skipped last week's event in New Orleans to work on his putting with his long-time coach, David Leadbetter.</p>
<p>&quot;Led's been helping me on that,&quot; Faldo said, referring to his putting, which he said was the only part of his game that concerned him this week.</p>
<p>&quot;I'm going to spend most of my time working on my putting,&quot; said Faldo, who three-putted only once last year on Augusta's big, rolling greens, which many players say are the fastest and trickiest they play all year.</p>
<p>&quot;I've got three days to get ready,&quot; Faldo said just before his practice putting session.</p>
<p>Faldo, of course, won last year's Masters by shooting five- under-par 67 -- the lowest round of the day -- while Greg Norman was blowing a five-shot lead with an astounding 78 on Sunday.</p>
<p>The big Briton, who turns 40 in July, already has won more Masters than all but five golfers and only Jack Nicklaus with six and Arnold Palmer with four have won more than Faldo, who shares three victories with Sam Snead, Jimmy Demaret and gary Player of South Africa.</p>
<p>But Faldo, who also has won three British Open championships, dearly wants to match Palmer's four green jackets -- and perhaps challenge Nicklaus for the most.</p>
<p>He still has time. Nicklaus, after all, won his sixth green jacket in 1986 at age 46 and there have been four other winners in their 40s -- Ben Hogan, 40, in 1953, Sam Snead, 41, in 1954, Player, 42, in 1978 and Ben Crenshaw, 43, in 1995.</p>
<p>You're only as old as you feel and at Augusta you're only as good as you putt, which Faldo knows well.</p>
</text>
<copyright>(c) Reuters Limited 1997</copyright>
<metadata>
<codes class="bip:countries:1.0">
  <code code="USA">
    <editdetail attribution="Reuters BIP Coding Group" action="confirmed" date="1997-04-07"/>
  </code>
</codes>
<codes class="bip:topics:1.0">
  <code code="GCAT">
    <editdetail attribution="Reuters BIP Coding Group" action="confirmed" date="1997-04-07"/>
  </code>
  <code code="GSPO">
    <editdetail attribution="Reuters BIP Coding Group" action="confirmed" date="1997-04-07"/>
  </code>
</codes>
<dc element="dc.date.created" value="1997-04-07"/>
<dc element="dc.publisher" value="Reuters Holdings Plc"/>
<dc element="dc.date.published" value="1997-04-07"/>
<dc element="dc.source" value="Reuters"/>
<dc element="dc.creator.location" value="AUGUSTA, Georgia"/>
<dc element="dc.creator.location.country.name" value="USA"/>
<dc element="dc.source" value="Reuters"/>
</metadata>
</newsitem>
