<?xml version="1.0" encoding="iso-8859-1" ?>
<newsitem itemid="490148" id="root" date="1997-04-07" xml:lang="en">
<title>SPAIN: SOCCER-SUMMARY IN THE SPANISH LEAGUE.</title>
<headline>SOCCER-SUMMARY IN THE SPANISH LEAGUE.</headline>
<dateline>MADRID 1997-04-07</dateline>
<text>
<p>Summary of game played in the Spanish league championship on Monday:</p>
<p> Real Madrid  0</p>
<p> Compostela   0</p>
<p>Attendance; 70,000.</p>
<p>- - - - - - - -</p>
<p>Played Sunday:</p>
<p> Barcelona   4 - Giovanni 14, Ivan de la Pena 45, Ronaldo 61,</p>
<p>		     Juan Pizzi 90  Sporting Gijon  0</p>
<p>HT: 2-0 Attendance: 85,000.</p>
<p>- - - - - - - -</p>
<p> Valladolid   4 - Benjamin Zarandona 10, 38, Fernando Sanchez</p>
<p>			14, Jose Quevedo 68</p>
<p> Valencia     1 - Goran Vlaovic 77</p>
<p>HT: 3-0 Att: 22,000.</p>
<p>- - - - - - - -</p>
<p> Athletic Bilbao  0</p>
<p> Sevilla	    0</p>
<p>Att: 30,000.</p>
<p>- - - - - - - -</p>
<p> Extremadura   3 - Pedro Jose Lorenzo 34, Carlos Dure 85, Quique</p>
<p>			 Estebaranz 89.  Logrones	0</p>
<p>HT: 1-0 Att: 10,000.</p>
<p>- - - - - - - -</p>
<p> Hercules	  2 - Manolo Alfaro 3, Flavio Maestri 87</p>
<p> Real Sociedad   1 - Luis Perez 66</p>
<p>HT: 1-0 Att: 25,000 Red card: Sandro (H) 71</p>
<p>- - - - - - - -</p>
<p> Real Betis	  2 - Alberto Lopez og 6, Alfonso Perez 39</p>
<p> Racing Santander  2 - Jesus Merino 44, Alberto Lopez 89</p>
<p>HT: 2-1 Att: 42,000.</p>
<p>- - - - - - - -</p>
<p> Rayo Vallecano  0</p>
<p> Espanyol	  1 - Mauricio Pochettino 15</p>
<p>HT: 1-0 Att; 12,000 Red card: Moises Arteaga (E) 75</p>
<p>- - - - - - - -</p>
<p> Deportivo Coruna  1 - Rivaldo 35</p>
<p> Zaragoza	    0</p>
<p>    HT: 1-0   Att: 22,000.</p>
<p>- - - - - - - -</p>
<p>Played Saturday:</p>
<p> Oviedo	     4 - Oli Alvarez 3, pen 21, Ivan Iglesias 25, 45</p>
<p> Atletico Madrid  1 - Juan Eduardo Esnaider 48</p>
<p>    HT: 4-0   Attendance: 19,000.</p>
<p>- - - - - - -</p>
<p> Celta Vigo   3 - Angel Merino 5, Mostovoi 48, Mazinho 69</p>
<p> Tenerife     1 - Antonio Pinilla 31</p>
<p>HT: 1-1 Att: 15,000</p>
</text>
<copyright>(c) Reuters Limited 1997</copyright>
<metadata>
<codes class="bip:countries:1.0">
  <code code="SPAIN">
    <editdetail attribution="Reuters BIP Coding Group" action="confirmed" date="1997-04-07"/>
  </code>
</codes>
<codes class="bip:topics:1.0">
  <code code="GCAT">
    <editdetail attribution="Reuters BIP Coding Group" action="confirmed" date="1997-04-07"/>
  </code>
  <code code="GSPO">
    <editdetail attribution="Reuters BIP Coding Group" action="confirmed" date="1997-04-07"/>
  </code>
</codes>
<dc element="dc.date.created" value="1997-04-07"/>
<dc element="dc.publisher" value="Reuters Holdings Plc"/>
<dc element="dc.date.published" value="1997-04-07"/>
<dc element="dc.source" value="Reuters"/>
<dc element="dc.creator.location" value="MADRID"/>
<dc element="dc.creator.location.country.name" value="SPAIN"/>
<dc element="dc.source" value="Reuters"/>
</metadata>
</newsitem>
