<?xml version="1.0" encoding="iso-8859-1" ?>
<newsitem itemid="490196" id="root" date="1997-04-07" xml:lang="en">
<title>LITHUANIA: LITHUANIA - SHARES EASE IN LIGHT TRADE, GAINS SEEN.</title>
<headline>LITHUANIA - SHARES EASE IN LIGHT TRADE, GAINS SEEN.</headline>
<dateline>VILNIUS 1997-04-07</dateline>
<text>
<p>Lithuanian shares eased slightly in light trade on Monday but dealers said that they expected prices to rise again soon.</p>
<p>The Litin A index dipped 6.82 points to 2,562.17 in central market trade of just under 512,000 litas.</p>
<p>Monday also marked the debut of the official list and its index, which was launched at 1,000.</p>
<p>The list is comprised of four blue chip companies: cardboard maker Medienos Plaushas, Rokishkis Cheese, Vilniaus Bank and Hermis Bank.</p>
<p>Hermis Bank was one of the session's few gainers, advancing to 191.00 litas from 190.00 litas in trade of 30,560 litas. Vilniaus Bank remained unchanged at 250.00 litas and none of its shares changed hands.</p>
<p>Medienos Plaushas was unmoved at 14.00 litas in trade of almost 29,000 litas while Rokishkis Cheese edged up to 47.00 litas from 46.00 litas and trade in its shares reached over 98,000 litas.</p>
<p>Losers included the Lithuania Sea Shipping Company, which dipped to 8.20 litas from 8.49 litas in trade of 16,400 litas.</p>
<p>Dealers said they anticipated prices and activity to pick up now that a number of short-term investors had bailed with dividends in hand.</p>
<p>&quot;More long-term investors are coming to the market now and that should help to boost prices,&quot; one dealer said.</p>
<p>Block trades reached over 1.4 million litas and the secondary T-bill market turned over 40,100 litas.</p>
<p>Dealers said they expect the secondary T-bill market to pick up after the central bank begins repo auctions, which could start at the end of April.</p>
<p>The secondary T-bill market was relatively active this time last year when yields on the primary market soared in the wake of a banking crisis.</p>
<p>But yields have been comparatively low since last fall, when the government successfully tapped the international capital markets with a syndicated loan on favourable conditions.</p>
<p>--Ed Stoddard, Vilnius newsroom +370 2 22 35 17</p>
</text>
<copyright>(c) Reuters Limited 1997</copyright>
<metadata>
<codes class="bip:countries:1.0">
  <code code="LITH">
    <editdetail attribution="Reuters BIP Coding Group" action="confirmed" date="1997-04-07"/>
  </code>
</codes>
<codes class="bip:topics:1.0">
  <code code="M11">
    <editdetail attribution="Reuters BIP Coding Group" action="confirmed" date="1997-04-07"/>
  </code>
  <code code="MCAT">
    <editdetail attribution="Reuters BIP Coding Group" action="confirmed" date="1997-04-07"/>
  </code>
</codes>
<dc element="dc.date.created" value="1997-04-07"/>
<dc element="dc.publisher" value="Reuters Holdings Plc"/>
<dc element="dc.date.published" value="1997-04-07"/>
<dc element="dc.source" value="Reuters"/>
<dc element="dc.creator.location" value="VILNIUS"/>
<dc element="dc.creator.location.country.name" value="LITHUANIA"/>
<dc element="dc.source" value="Reuters"/>
</metadata>
</newsitem>
