<?xml version="1.0" encoding="iso-8859-1" ?>
<newsitem itemid="490121" id="root" date="1997-04-07" xml:lang="en">
<title>HONG KONG: TENNIS-ROSSET STORMS INTO SECOND ROUND OF HONG KONG OPEN.</title>
<headline>TENNIS-ROSSET STORMS INTO SECOND ROUND OF HONG KONG OPEN.</headline>
<dateline>HONG KONG 1997-04-07</dateline>
<text>
<p>Switzerland's Marc Rosset swept past Nicolas Kiefer of Germany 6-2 6-2 in the first round of the Hong Kong Open on Monday.</p>
<p>The second seed hit five aces as he disposed of Kiefer, the world number 103, in just 54 minutes.</p>
<p>&quot;I played a solid match and am just happy to win,&quot; said world number 18 Rosset. &quot;Under the lights you see the ball late and that caused me to make some strange mistakes.&quot;</p>
<p>Rosset beat Kiefer on his way to winning the European Community championship in February -- his only tournament success so far this season..</p>
<p>He was joined in the second round by 20-year-old American Justin Gimelstob, who represented his country in this year's Hopman Cup with Chanda Rubin. Gimelstob defeated Sweden's Henrik Holm 1-6 7-6 6-2.</p>
<p>Holm, a former top 20 player who is on the comeback trail after a long layoff with an injured right shoulder, failed to convert three match points in the second set and ran out of ideas in the decider.</p>
<p>In the only other match on Monday, number eight seed Daniel Vacek of the Czech Republic defeated Alexander Volkov of Russia 6-4 7-6.</p>
<p>Top seed Michael Chang, twice a winner of the tournament, will play his first-round match on Tuesday against wild card entrant Melvin Tong of Hong Kong.</p>
<p>Chang was elevated to top seed after defending champion and world number one Pete Sampras withdrew last week with a wrist injury.</p>
</text>
<copyright>(c) Reuters Limited 1997</copyright>
<metadata>
<codes class="bip:countries:1.0">
  <code code="GFR">
    <editdetail attribution="Reuters BIP Coding Group" action="confirmed" date="1997-04-07"/>
  </code>
  <code code="HKONG">
    <editdetail attribution="Reuters BIP Coding Group" action="confirmed" date="1997-04-07"/>
  </code>
  <code code="SWITZ">
    <editdetail attribution="Reuters BIP Coding Group" action="confirmed" date="1997-04-07"/>
  </code>
</codes>
<codes class="bip:topics:1.0">
  <code code="GCAT">
    <editdetail attribution="Reuters BIP Coding Group" action="confirmed" date="1997-04-07"/>
  </code>
  <code code="GSPO">
    <editdetail attribution="Reuters BIP Coding Group" action="confirmed" date="1997-04-07"/>
  </code>
</codes>
<dc element="dc.date.created" value="1997-04-07"/>
<dc element="dc.publisher" value="Reuters Holdings Plc"/>
<dc element="dc.date.published" value="1997-04-07"/>
<dc element="dc.source" value="Reuters"/>
<dc element="dc.creator.location" value="HONG KONG"/>
<dc element="dc.creator.location.country.name" value="HONG KONG"/>
<dc element="dc.source" value="Reuters"/>
</metadata>
</newsitem>
