<?xml version="1.0" encoding="iso-8859-1" ?>
<newsitem itemid="490110" id="root" date="1997-04-07" xml:lang="en">
<title>BULGARIA: SOCCER-BULGARIAN FIRST DIVISION RESULTS/STANDINGS.</title>
<headline>SOCCER-BULGARIAN FIRST DIVISION RESULTS/STANDINGS.</headline>
<dateline>SOFIA 1997-04-07</dateline>
<text>
<p>Results of Bulgarian first</p>
<p>division soccer matches over the weekend:</p>
<p> Levski Sofia		   4 Montana		1</p>
<p> Spartak Varna		  1 Lokomotiv Plovdiv  0</p>
<p> Etur			     5 Rakovski	     0</p>
<p> Minyor			   2 Dobrudja	     0</p>
<p> Spartak Pleven		 2 Maritsa		0</p>
<p> Botev			    1 Slavia		 0</p>
<p> Levski Kyustendil	    0 CSKA		   1</p>
<p> Lokomotiv Sofia		2 Neftohimik	   2</p>
<p>Standings (tabulate under played, won, drawn, lost, goals</p>
<p>for, against, points):</p>
<p> CSKA			  22  18   3   1  45  12  57</p>
<p> Levski Sofia		22  13   8   1  52  16  47</p>
<p> Neftohimik		  22  14   5   3  42  15  47</p>
<p> Slavia			22  13   5   4  37  13  44</p>
<p> Lokomotiv Sofia	   22  10   3   9  43  32  33</p>
<p> Minyor			22   9   6   7  21  23  33</p>
<p> Spartak Varna	     22  10   3   9  24  27  33</p>
<p> Levski Kyustendil	 22   9   2  11  30  38  29</p>
<p> Lokomotiv Plovdiv	 22   8   4  10  27  29  28</p>
<p> Botev			 22   8   3  11  24  33  27</p>
<p> Dobrudzha		   22   7   5  10  26  32  26</p>
<p> Spartak Pleven	    22   8   2  12  21  31  26</p>
<p> Etur			  22   8   2  12  24  35  26</p>
<p> Maritsa		     22   5   6  11  21  31  21</p>
<p> Montana		     22   5   4  13  23  35  19</p>
<p> Rakovski		    22   0   1  21   7  65   1</p>
</text>
<copyright>(c) Reuters Limited 1997</copyright>
<metadata>
<codes class="bip:countries:1.0">
  <code code="BUL">
    <editdetail attribution="Reuters BIP Coding Group" action="confirmed" date="1997-04-07"/>
  </code>
</codes>
<codes class="bip:topics:1.0">
  <code code="GCAT">
    <editdetail attribution="Reuters BIP Coding Group" action="confirmed" date="1997-04-07"/>
  </code>
  <code code="GSPO">
    <editdetail attribution="Reuters BIP Coding Group" action="confirmed" date="1997-04-07"/>
  </code>
</codes>
<dc element="dc.date.created" value="1997-04-07"/>
<dc element="dc.publisher" value="Reuters Holdings Plc"/>
<dc element="dc.date.published" value="1997-04-07"/>
<dc element="dc.source" value="Reuters"/>
<dc element="dc.creator.location" value="SOFIA"/>
<dc element="dc.creator.location.country.name" value="BULGARIA"/>
<dc element="dc.source" value="Reuters"/>
</metadata>
</newsitem>
