<?xml version="1.0" encoding="iso-8859-1" ?>
<newsitem itemid="490154" id="root" date="1997-04-07" xml:lang="en">
<title>GERMANY: SOCCER-GERMANS PLAN TOP SECURITY FOR DORTMUND-UNITED TIE.</title>
<headline>SOCCER-GERMANS PLAN TOP SECURITY FOR DORTMUND-UNITED TIE.</headline>
<byline>Adrian Warner</byline>
<dateline>BONN 1997-04-07</dateline>
<text>
<p>Dortmund police will mount their tightest-ever security operation for a club soccer match when Manchester United visit the city on Wednesday -- but will still allow English and German fans to mingle in a street party before the match.</p>
<p>Police chief Bernhard Leidiger said on Monday that more officers would be on duty for the European Cup semifinal first leg than at any Dortmund match in the past. The Germans are expecting about 500 United fans to turn up without tickets.</p>
<p>&quot;We never give out numbers of police involved but there will be more police than ever before at a match. We have intensified security,&quot; Leidiger said.</p>
<p>United fans were involved in trouble at the club's last away tie in Portugal. Eight English fans were injured after a clash with riot police at the quarter-final in Porto.</p>
<p>But Borussia Dortmund said they planned to go ahead with a party in the middle of the city on the day of the match which is aimed at bringing together fans from both clubs in a friendly atmosphere.</p>
<p>Around 4,000 English fans -- 3,400 have tickets -- are expected to travel to the city in the heart of the industrial Ruhr region.</p>
<p>&quot;We have never had problems with parties like this before and we have had them since 1986. We hope the English fans are going to behave like good guests,&quot; Leidiger said.</p>
<p>&quot;Our information is that there were organisational problems in Porto and it was not the English fans.&quot;</p>
<p>Dortmund, who do not have huge problems with hooliganism, hope to start the party at midday in the centre of the city.</p>
<p>A group of Dortmund fans will also greet United fans with banners welcoming them to the city when they arrive.</p>
<p>Asked if the club was not worried that it was setting up a stage for possible trouble, spokesman Josef Schneck said: &quot;We have had this 15 times before at European games and it has been peaceful with clubs like (Glasgow) Celtic and Ajax Amsterdam.</p>
<p>&quot;There is going to be music and bands from Manchester there. We hope we are going to have a peaceful party for fans.&quot;</p>
<p>Barry Moorhouse, membership secretary of Manchester United's Supporters' Club, welcomed the initiative. &quot;It should be a carnival atmosphere,&quot; he said on Monday. &quot;They're calling it a 'Fans' Project' with music, videos etc. We're taking some videos of United and some former players are also going along.</p>
<p>&quot;I don't think there will be any problems.&quot;</p>
<p>The match will mark the first meeting of the two clubs in a European competition for more than 30 years.</p>
</text>
<copyright>(c) Reuters Limited 1997</copyright>
<metadata>
<codes class="bip:countries:1.0">
  <code code="GFR">
    <editdetail attribution="Reuters BIP Coding Group" action="confirmed" date="1997-04-07"/>
  </code>
  <code code="UK">
    <editdetail attribution="Reuters BIP Coding Group" action="confirmed" date="1997-04-07"/>
  </code>
</codes>
<codes class="bip:topics:1.0">
  <code code="GCAT">
    <editdetail attribution="Reuters BIP Coding Group" action="confirmed" date="1997-04-07"/>
  </code>
  <code code="GSPO">
    <editdetail attribution="Reuters BIP Coding Group" action="confirmed" date="1997-04-07"/>
  </code>
</codes>
<dc element="dc.date.created" value="1997-04-07"/>
<dc element="dc.publisher" value="Reuters Holdings Plc"/>
<dc element="dc.date.published" value="1997-04-07"/>
<dc element="dc.source" value="Reuters"/>
<dc element="dc.creator.location" value="BONN"/>
<dc element="dc.creator.location.country.name" value="GERMANY"/>
<dc element="dc.source" value="Reuters"/>
</metadata>
</newsitem>
