<?xml version="1.0" encoding="iso-8859-1" ?>
<newsitem itemid="490250" id="root" date="1997-04-07" xml:lang="en">
<title>UK: NWE oil products mixed, gasoline firms in late trade.</title>
<headline>NWE oil products mixed, gasoline firms in late trade.</headline>
<dateline>LONDON 1997-04-07</dateline>
<text>
<p>NWE oil products were mixed on Monday.</p>
<p>Gas oil cargo premiums were a touch firmer on some supply tighness, but attention was mainly focussed on diesel.</p>
<p>High sulphur fuel oil cargoes lost $1 to $2 of Friday's gain while barges slipped $1 earlier before pegging back to $83-$84 fob. Low sulphur was steady in a very thin market.</p>
<p>Gasoline was flat to slightly firmer with Eurograde barges trading at $190 and $191, while regular traded at $180 and $185.</p>
<p>Naphtha was in the doldrums as prices in the Asian markets, which have been its sole consolation recently, collapsed.</p>
<p>-- London newsroom +44 171 542 8060</p>
</text>
<copyright>(c) Reuters Limited 1997</copyright>
<metadata>
<codes class="bip:countries:1.0">
  <code code="UK">
    <editdetail attribution="Reuters BIP Coding Group" action="confirmed" date="1997-04-07"/>
  </code>
</codes>
<codes class="bip:topics:1.0">
  <code code="M14">
    <editdetail attribution="Reuters BIP Coding Group" action="confirmed" date="1997-04-07"/>
  </code>
  <code code="M143">
    <editdetail attribution="Reuters BIP Coding Group" action="confirmed" date="1997-04-07"/>
  </code>
  <code code="MCAT">
    <editdetail attribution="Reuters BIP Coding Group" action="confirmed" date="1997-04-07"/>
  </code>
</codes>
<dc element="dc.date.created" value="1997-04-07"/>
<dc element="dc.publisher" value="Reuters Holdings Plc"/>
<dc element="dc.date.published" value="1997-04-07"/>
<dc element="dc.source" value="Reuters"/>
<dc element="dc.creator.location" value="LONDON"/>
<dc element="dc.creator.location.country.name" value="UK"/>
<dc element="dc.source" value="Reuters"/>
</metadata>
</newsitem>
