<?xml version="1.0" encoding="iso-8859-1" ?>
<newsitem itemid="490262" id="root" date="1997-04-07" xml:lang="en">
<title>UK: Pharmacia gets US approval for AIDS drug.</title>
<headline>Pharmacia gets US approval for AIDS drug.</headline>
<byline>Maggie Fox</byline>
<dateline>LONDON 1997-04-07</dateline>
<text>
<p>The U.S. Food and Drug Administration (FDA) on Monday approved a new AIDS drug made by Swedish-U.S. drugs group Pharmacia &amp; Upjohn Inc under the agency's accelerated programme for drugs that fight HIV.</p>
<p>Rescriptor, or delavirdine, is a member of a new class of anti-HIV drugs knowns as non-nucleoside reverse transcriptase inhibitors (NNRTIs).</p>
<p>They affect the virus at a slightly different stage in its cycle from the existing drugs -- the nucleoside reverse transcriptase inhibitors such as Glaxo-Wellcome's AZT (Retrovir), and the protease inhibitors.</p>
<p>NNRTIs have been enthusiastically greeted by AIDS researchers, who say they show strong effects in multi-drug cocktails.</p>
<p>Researchers at Montreal's McGill University studied the effects of AZT and Bristol Myers Squibb's ddI combined with Boehringer Ingelheim's  Boehringer Mannheim Gmbh NNRTI nevirapine (Viramune) and found the triple drug cocktail knocked the virus back to undetectable levels in 75 percent of patients.</p>
<p>Pharmacia said Rescriptor also worked well.</p>
<p>&quot;Patients treated with a combination of Rescriptor plus AZT showed a significantly greater reduction in the amount of virus in the blood for one year when compared with patients treated with AZT alone,&quot; Pharmacia said in a statement released in London.</p>
<p>But use of the drug did not affect survival or the appearance of AIDS-defining illnesses such as Kaposi's sarcoma, a common cancer among victims.</p>
<p>Unlike Viramune, Rescriptor seemed to enhance the effects of protease inhibitors. When used in combination with Merck's Crixivan (indinavir), it increased the blood level of indinavir, Pharmacia said.</p>
<p>Donald Batts, director of infectious diseases for Pharmacia, said this could be a benefit because protease inhibitors were expensive and had to be taken several times a day.</p>
<p>&quot;There is the potential to convert some of the protease inhibitors to twice a day dosing which would dramatically increase compliance,&quot; he said in a telephone interview.</p>
<p>But protease inhibitors like Roche's saquinavir (Invirase) could increase levels of liver enzymes -- a concern to AIDS patients already at risk of hepatitis.</p>
<p>Both Viramune and Rescriptor can also cause skin rashes, but Batts said the effect went away after a few weeks. He said the cause was not clear.</p>
<p>Experts say NNRTIs offer new choices to AIDS patients taking one or two drugs who suffer a resurgence of the virus. Once the virus mutates into a resistant form, doctors fear it will resist other drugs in the same class.</p>
<p>But having a new class of drugs to give the patients means they have not used up all their opportunities for treatment.</p>
<p>Pharmacia spokesman John Ruane said the company's next step would be to test triple- and quadruple combinations including Rescriptor in HIV-positive volunteers. &quot;We have not done head-to-head trials with Viramune yet,&quot; he added.</p>
</text>
<copyright>(c) Reuters Limited 1997</copyright>
<metadata>
<codes class="bip:countries:1.0">
  <code code="UK">
    <editdetail attribution="Reuters BIP Coding Group" action="confirmed" date="1997-04-07"/>
  </code>
  <code code="USA">
    <editdetail attribution="Reuters BIP Coding Group" action="confirmed" date="1997-04-07"/>
  </code>
</codes>
<codes class="bip:industries:1.0">
  <code code="I25000">
    <editdetail attribution="Reuters BIP Coding Group" action="confirmed" date="1997-04-07"/>
  </code>
  <code code="I25700">
    <editdetail attribution="Reuters BIP Coding Group" action="confirmed" date="1997-04-07"/>
  </code>
</codes>
<codes class="bip:topics:1.0">
  <code code="C13">
    <editdetail attribution="Reuters BIP Coding Group" action="confirmed" date="1997-04-07"/>
  </code>
  <code code="C23">
    <editdetail attribution="Reuters BIP Coding Group" action="confirmed" date="1997-04-07"/>
  </code>
  <code code="CCAT">
    <editdetail attribution="Reuters BIP Coding Group" action="confirmed" date="1997-04-07"/>
  </code>
  <code code="GCAT">
    <editdetail attribution="Reuters BIP Coding Group" action="confirmed" date="1997-04-07"/>
  </code>
  <code code="GHEA">
    <editdetail attribution="Reuters BIP Coding Group" action="confirmed" date="1997-04-07"/>
  </code>
</codes>
<dc element="dc.date.created" value="1997-04-07"/>
<dc element="dc.publisher" value="Reuters Holdings Plc"/>
<dc element="dc.date.published" value="1997-04-07"/>
<dc element="dc.source" value="Reuters"/>
<dc element="dc.creator.location" value="LONDON"/>
<dc element="dc.creator.location.country.name" value="UK"/>
<dc element="dc.source" value="Reuters"/>
</metadata>
</newsitem>
