<?xml version="1.0" encoding="iso-8859-1" ?>
<newsitem itemid="490292" id="root" date="1997-04-07" xml:lang="en">
<title>UK: BT $1.0 billion bond due Tuesday - dealers.</title>
<headline>BT $1.0 billion bond due Tuesday - dealers.</headline>
<dateline>LONDON 1997-04-07</dateline>
<text>
<p>British Telecommunications Plc is expected to issue a $1.0 billion five-year Eurobond on Tuesday, syndicate managers said on Monday.</p>
<p>&quot;The BT issue is expected on Tuesday,&quot; a dealer familiar with the transaction said.</p>
<p>Spread talk was around 15 basis points over U.S. Treasury notes, he said.</p>
<p>Earlier, SBC Warburg announced BT would launch the deal via SBC and Merrill Lynch.</p>
<p>BT lost its AAA Moody's Investors Service rating in mid-February and is not rated Aa1. Its AAA long-term debt rating from Standard &amp; Poor's is under review for possible downgrade.</p>
<p>These revisions followed BT's decision last November to merge with MCI Communications Corp, the second largest U.S. long-distance operator.</p>
<p>Bankers said the bond issue was likely to be well-received.</p>
<p>&quot;BT is a fantastic name, even though it is no longer a AAA credit,&quot; a U.S. bank trader said, adding investors understood the strategic value of the merger with MCI.</p>
<p>&quot;At around 15 b.p. over Treasuries, the pricing looks attractive and we expect a lot of institutional buying.&quot;</p>
<p>-- Aline van Duyn, London Newsroom +44 171 542 7748</p>
</text>
<copyright>(c) Reuters Limited 1997</copyright>
<metadata>
<codes class="bip:countries:1.0">
  <code code="UK">
    <editdetail attribution="Reuters BIP Coding Group" action="confirmed" date="1997-04-07"/>
  </code>
</codes>
<codes class="bip:industries:1.0">
  <code code="I79020">
    <editdetail attribution="Reuters BIP Coding Group" action="confirmed" date="1997-04-07"/>
  </code>
</codes>
<codes class="bip:topics:1.0">
  <code code="C17">
    <editdetail attribution="Reuters BIP Coding Group" action="confirmed" date="1997-04-07"/>
  </code>
  <code code="C172">
    <editdetail attribution="Reuters BIP Coding Group" action="confirmed" date="1997-04-07"/>
  </code>
  <code code="CCAT">
    <editdetail attribution="Reuters BIP Coding Group" action="confirmed" date="1997-04-07"/>
  </code>
</codes>
<dc element="dc.date.created" value="1997-04-07"/>
<dc element="dc.publisher" value="Reuters Holdings Plc"/>
<dc element="dc.date.published" value="1997-04-07"/>
<dc element="dc.source" value="Reuters"/>
<dc element="dc.creator.location" value="LONDON"/>
<dc element="dc.creator.location.country.name" value="UK"/>
<dc element="dc.source" value="Reuters"/>
</metadata>
</newsitem>
