<?xml version="1.0" encoding="iso-8859-1" ?>
<newsitem itemid="490299" id="root" date="1997-04-07" xml:lang="en">
<title>UK: IPE natgas barely traded, prices little changed.</title>
<headline>IPE natgas barely traded, prices little changed.</headline>
<dateline>LONDON 1997-04-07</dateline>
<text>
<p>The IPE natural gas futures contract was traded only four times on Monday, with a total of 25 lots done, all in the afternoon session.</p>
<p>&quot;It's just a quiet start to the week,&quot; a futures broker said, adding that he was not aware of any specific reason why trade had failed to take off.</p>
<p>The disappointing trade followed three busier days at the end of last week, with good activity seen especially on Wednesday and Thursday. But the market started slowly on Monday with no transactions concluded at all in the morning session, and the afternoon was also unusually thin.</p>
<p>By the close June had traded once at 10.05 pence a therm for five lots, down by 0.04 pence from Friday's settlement. November saw three small trades with the last one done at 13.410 pence a therm, up by 0.010 pence a therm from the previous settlement price. No other month saw any deals done.</p>
<p>-- London Newsroom, +44 171 542 6412</p>
</text>
<copyright>(c) Reuters Limited 1997</copyright>
<metadata>
<codes class="bip:countries:1.0">
  <code code="UK">
    <editdetail attribution="Reuters BIP Coding Group" action="confirmed" date="1997-04-07"/>
  </code>
</codes>
<codes class="bip:topics:1.0">
  <code code="M14">
    <editdetail attribution="Reuters BIP Coding Group" action="confirmed" date="1997-04-07"/>
  </code>
  <code code="M143">
    <editdetail attribution="Reuters BIP Coding Group" action="confirmed" date="1997-04-07"/>
  </code>
  <code code="MCAT">
    <editdetail attribution="Reuters BIP Coding Group" action="confirmed" date="1997-04-07"/>
  </code>
</codes>
<dc element="dc.date.created" value="1997-04-07"/>
<dc element="dc.publisher" value="Reuters Holdings Plc"/>
<dc element="dc.date.published" value="1997-04-07"/>
<dc element="dc.source" value="Reuters"/>
<dc element="dc.creator.location" value="LONDON"/>
<dc element="dc.creator.location.country.name" value="UK"/>
<dc element="dc.source" value="Reuters"/>
</metadata>
</newsitem>
