<?xml version="1.0" encoding="iso-8859-1" ?>
<newsitem itemid="490270" id="root" date="1997-04-07" xml:lang="en">
<title>UK: Aluminium market seen tightening through 2001 - Bird.</title>
<headline>Aluminium market seen tightening through 2001 - Bird.</headline>
<dateline>LONDON 1997-04-07</dateline>
<text>
<p>The supply-demand balance in aluminium will soon become tight, increasing until the turn of the millenium, pushing up prices, industry specialists Anthony Bird and Associates said.</p>
<p>&quot;At the beginning of the year, capacity utilisation in the West was 93 percent and stocks of metal in the supply system which are surplus to normal operating requirements are only about 800,000 tonnes,&quot; Bird's latest quarterly analysis said.</p>
<p>&quot;This is a supply system with very little slack in it to meet any marked upturn in demand,&quot; the report added.</p>
<p>The situation stems from a strategy of underinvestment by aluminium firms sparked by serious oversupply problems in the 1970s and early 1980s.</p>
<p>&quot;But they have continued this strategy of underinvestment into the 1990s, even though the underlying rate of growth of demand has accelerated,&quot; Bird said.</p>
<p>Currently, Western primary aluminium consumption is growing on average about 1.5 times as rapidly as industrial production. Aluminium demand growth in the West is expected to be four percent each year from 1990 to 2007, the report added.</p>
<p>Aluminium firms are studying 29 new possible smelter projects in addition to those under construction now, but few are being pursued with much energy, Bird said.</p>
<p>&quot;If we apply heavy discount factors as appropriate, it turns out the rate of growth of planned smelter capacity over the next few years in the West is a very modest 1.4 percent a year,&quot; Bird said.</p>
<p>&quot;We think that a tight market is in prospect for 1998 and that the supply-demand balance will grow very tight indeed in 1999 and 2000.&quot;</p>
<p>The market will see a jump in prices, which are expected to average $1,828 per tonne this year, said Bird, using a physical price in the United States based on the Metals Week system of adding a physical premium to LME cash.</p>
<p>Prices are expected to average $2,286 in 1998 and range from $2,750 to $3,050 during the following two years. --Eric Onstad, London Newsroom +44 171 542-8065</p>
</text>
<copyright>(c) Reuters Limited 1997</copyright>
<metadata>
<codes class="bip:countries:1.0">
  <code code="UK">
    <editdetail attribution="Reuters BIP Coding Group" action="confirmed" date="1997-04-07"/>
  </code>
</codes>
<codes class="bip:industries:1.0">
  <code code="I22450">
    <editdetail attribution="Reuters BIP Coding Group" action="confirmed" date="1997-04-07"/>
  </code>
</codes>
<codes class="bip:topics:1.0">
  <code code="C21">
    <editdetail attribution="Reuters BIP Coding Group" action="confirmed" date="1997-04-07"/>
  </code>
  <code code="C31">
    <editdetail attribution="Reuters BIP Coding Group" action="confirmed" date="1997-04-07"/>
  </code>
  <code code="CCAT">
    <editdetail attribution="Reuters BIP Coding Group" action="confirmed" date="1997-04-07"/>
  </code>
  <code code="M14">
    <editdetail attribution="Reuters BIP Coding Group" action="confirmed" date="1997-04-07"/>
  </code>
  <code code="M142">
    <editdetail attribution="Reuters BIP Coding Group" action="confirmed" date="1997-04-07"/>
  </code>
  <code code="MCAT">
    <editdetail attribution="Reuters BIP Coding Group" action="confirmed" date="1997-04-07"/>
  </code>
</codes>
<dc element="dc.date.created" value="1997-04-07"/>
<dc element="dc.publisher" value="Reuters Holdings Plc"/>
<dc element="dc.date.published" value="1997-04-07"/>
<dc element="dc.source" value="Reuters"/>
<dc element="dc.creator.location" value="LONDON"/>
<dc element="dc.creator.location.country.name" value="UK"/>
<dc element="dc.source" value="Reuters"/>
</metadata>
</newsitem>
