<?xml version="1.0" encoding="iso-8859-1" ?>
<newsitem itemid="490257" id="root" date="1997-04-07" xml:lang="en">
<title>UK: NWE gas oil steady to touch firmer, diesel sought.</title>
<headline>NWE gas oil steady to touch firmer, diesel sought.</headline>
<dateline>LONDON 1997-04-07</dateline>
<text>
<p>NWE gas oil ticked a touch higher on Monday despite narrowly easier IPE futures.</p>
<p>April IPE gas oil last traded 25 down at $162 and was under pressure to head lower. Gas oil premiums, however, were a touch firmer for most grades on a combination of tightening avails and the continued arb to Asia.</p>
<p>The spotlight remained on diesel today with up to six buyers looking for product from one, possibly two sellers.</p>
<p>There were rumours of a 50-60kt done into Scandinavia, although most players thought it more likely material would be sold from the region.</p>
<p>A bid of April IPE +$11 cif NWE was heard, although no offer was set against it. One potential seller was thought to have withdrawn its cargo. A bid of April IPE +$12 was also heard basis Le Havre for specific dates.</p>
<p>Traders said Russian cargoes were assessed around April IPE +$1-2 cif NWE, but that material was very hard to find for large &quot;arb friendly&quot; cargoes. A Black Sea Russian 28kt sold at a strong number - high fob quotes +$3.75.</p>
<p>FOD attracted a touch more interest with a robust bid of April IPE +$5 for narrow 20-25 dates and most dealers notionally put the market around April IPE +$3-5 cif NWE from +$2-4.  </p>
<p>-- Matthew Jones, London Newsroom +44 171 542 8980 (c) Reuters Limited 1997</p>
</text>
<copyright>(c) Reuters Limited 1997</copyright>
<metadata>
<codes class="bip:countries:1.0">
  <code code="UK">
    <editdetail attribution="Reuters BIP Coding Group" action="confirmed" date="1997-04-07"/>
  </code>
</codes>
<codes class="bip:topics:1.0">
  <code code="M14">
    <editdetail attribution="Reuters BIP Coding Group" action="confirmed" date="1997-04-07"/>
  </code>
  <code code="M143">
    <editdetail attribution="Reuters BIP Coding Group" action="confirmed" date="1997-04-07"/>
  </code>
  <code code="MCAT">
    <editdetail attribution="Reuters BIP Coding Group" action="confirmed" date="1997-04-07"/>
  </code>
</codes>
<dc element="dc.date.created" value="1997-04-07"/>
<dc element="dc.publisher" value="Reuters Holdings Plc"/>
<dc element="dc.date.published" value="1997-04-07"/>
<dc element="dc.source" value="Reuters"/>
<dc element="dc.creator.location" value="LONDON"/>
<dc element="dc.creator.location.country.name" value="UK"/>
<dc element="dc.source" value="Reuters"/>
</metadata>
</newsitem>
