<?xml version="1.0" encoding="iso-8859-1" ?>
<newsitem itemid="490202" id="root" date="1997-04-07" xml:lang="en">
<title>LATVIA: LATVIA-UNIBANKA SLIDES AS BONUS SHARES ISSUED.</title>
<headline>LATVIA-UNIBANKA SLIDES AS BONUS SHARES ISSUED.</headline>
<dateline>RIGA 1997-04-07</dateline>
<text>
<p>Unibanka slipped the maximum 15 percent allowed by the stock exchange on Monday as its bonus shares were issued, dealers said.</p>
<p>Unibanka lost 15 percent to 4.04 lats on the day's highest trade of 74,300 lats out of overall turnover of 161,000 lats.</p>
<p>&quot;It should have fallen even further after the dividend and bonus shares,&quot; one trader said. He expected it to slipe lower tomorrow, hitting around 3.76 lats.</p>
<p>The bank has issued almost five million new shares as dividends.</p>
<p>The fall in Unibanka brought the Rietumu Bank index lower by 7.51 percent to 209.19.</p>
<p>Other shares were fairly quiet as only Daugavpils made any significant volumes on turnover of 30,200 lats for a slight gain of 0.4 percent or one santime to 2.79 lats.</p>
<p>Riga Transport Fleet, also on the official list, traded 13,700 lats and lost one santime to 1.76 lats.</p>
<p>Kaija traded 8,900 lats to rise two santimes to 2.43 lats</p>
<p>-- Patrick Lannin, Riga newsroom, +371 721 5240</p>
</text>
<copyright>(c) Reuters Limited 1997</copyright>
<metadata>
<codes class="bip:countries:1.0">
  <code code="LATV">
    <editdetail attribution="Reuters BIP Coding Group" action="confirmed" date="1997-04-07"/>
  </code>
</codes>
<codes class="bip:industries:1.0">
  <code code="I81402">
    <editdetail attribution="Reuters BIP Coding Group" action="confirmed" date="1997-04-07"/>
  </code>
</codes>
<codes class="bip:topics:1.0">
  <code code="C15">
    <editdetail attribution="Reuters BIP Coding Group" action="confirmed" date="1997-04-07"/>
  </code>
  <code code="C152">
    <editdetail attribution="Reuters BIP Coding Group" action="confirmed" date="1997-04-07"/>
  </code>
  <code code="CCAT">
    <editdetail attribution="Reuters BIP Coding Group" action="confirmed" date="1997-04-07"/>
  </code>
</codes>
<dc element="dc.date.created" value="1997-04-07"/>
<dc element="dc.publisher" value="Reuters Holdings Plc"/>
<dc element="dc.date.published" value="1997-04-07"/>
<dc element="dc.source" value="Reuters"/>
<dc element="dc.creator.location" value="RIGA"/>
<dc element="dc.creator.location.country.name" value="LATVIA"/>
<dc element="dc.source" value="Reuters"/>
</metadata>
</newsitem>
