<?xml version="1.0" encoding="iso-8859-1" ?>
<newsitem itemid="490346" id="root" date="1997-04-07" xml:lang="en">
<title>USA: Lark campaign was invitation to lawsuits-documents.</title>
<headline>Lark campaign was invitation to lawsuits-documents.</headline>
<byline>Stephen Rothman</byline>
<dateline>WEST PALM BEACH, Florida 1997-04-07</dateline>
<text>
<p>A Liggett Group attorney advised the cigarette company that a 1970s Lark-brand campaign was &quot;an invitation to cancer litigation,&quot; according to company documents released on Monday.</p>
<p>In an April 7, 1975, legal memorandum to Liggett, attorney Joseph Greer said the planned advertising campaign &quot;in effect was an admission against its interests that a person can 'enjoy smoking too much' and, in fact, can smoke too much.&quot;</p>
<p>Greer went on to advise that the proposed advertising campaign, which was to have included such slogans as &quot;Because you enjoy smoking too much&quot;, was opening Liggett to potential legal problems and cautioned against positioning Lark as a safe cigarette.</p>
<p>Greer's memorandum and six other documents made public on Monday after a pre-trial hearing in Florida's Medicaid lawsuit against the tobacco industry are among the first public disclosures from papers Liggett has promised to deliver to anti-tobacco lawyers.  </p>
<p>The Arizona Republic newspaper last week published excerpts from the documents quoting executives of Liggett, a unit of Brooke Group Ltd, as weighing a substitute for nicotine because of its &quot;severe toxicity&quot; and designing packaging to appeal to youths.</p>
<p>Other slogans and advertising headlines considered for the Lark campaign included: &quot;The only real alternative for the heavy smoker&quot;, &quot;The only alternative for the real smoker&quot; and &quot;For people who really love to smoke.&quot;</p>
<p>Greer also wrote that the advertising by implication suggested Lark was a &quot;safer and healthier cigarette to smoke.  </p>
<p>&quot;This is a health claim, at least by implication, which may lead directly to litigation and possibly resultant liability,&quot; he added.</p>
<p>Tobacco company lawyers agreed to release seven of 20 documents, saying they were dropping claims of privilege since the seven were only about Liggett. The thirteen other documents are covered by attorney-client and trade-secret privileges, the tobacco lawyers said.</p>
<p>Florida state lawyers claim the remaining documents contain information regarding public safety and must be released under the states Sunshine Act.  </p>
<p>Special Master William Rutter, appointed by trial judge Harold Cohen of Palm Beach County Court, is expected to rule on the remaining 13 documents and forward a recommendation to Cohen for an April 14 hearing.</p>
<p>Two of the seven documents refer to Liggett advertising matters, while the remainder dealt with cigarette additives and tobacco production details.</p>
<p>Although Liggett agreed to release the documents in March, as part of a settlement with 22 state attorneys general suing it and other tobacco companies, the papers have largely been seen only by judges.</p>
<p>A North Carolina state judge imposed a restraining order on March 20, but the order has been repeatedly ignored by judges in other states readying for tobacco trials in coming months. Florida is seeking $1 billion or more it spent treating sick smokers.</p>
<p>-- Miami newsroom, 305-374-5013.</p>
</text>
<copyright>(c) Reuters Limited 1997</copyright>
<metadata>
<codes class="bip:countries:1.0">
  <code code="USA">
    <editdetail attribution="Reuters BIP Coding Group" action="confirmed" date="1997-04-07"/>
  </code>
</codes>
<codes class="bip:industries:1.0">
  <code code="I42900">
    <editdetail attribution="Reuters BIP Coding Group" action="confirmed" date="1997-04-07"/>
  </code>
</codes>
<codes class="bip:topics:1.0">
  <code code="C12">
    <editdetail attribution="Reuters BIP Coding Group" action="confirmed" date="1997-04-07"/>
  </code>
  <code code="C32">
    <editdetail attribution="Reuters BIP Coding Group" action="confirmed" date="1997-04-07"/>
  </code>
  <code code="CCAT">
    <editdetail attribution="Reuters BIP Coding Group" action="confirmed" date="1997-04-07"/>
  </code>
  <code code="GCAT">
    <editdetail attribution="Reuters BIP Coding Group" action="confirmed" date="1997-04-07"/>
  </code>
  <code code="GCRIM">
    <editdetail attribution="Reuters BIP Coding Group" action="confirmed" date="1997-04-07"/>
  </code>
  <code code="GHEA">
    <editdetail attribution="Reuters BIP Coding Group" action="confirmed" date="1997-04-07"/>
  </code>
</codes>
<dc element="dc.date.created" value="1997-04-07"/>
<dc element="dc.publisher" value="Reuters Holdings Plc"/>
<dc element="dc.date.published" value="1997-04-07"/>
<dc element="dc.source" value="Reuters"/>
<dc element="dc.creator.location" value="WEST PALM BEACH, Florida"/>
<dc element="dc.creator.location.country.name" value="USA"/>
<dc element="dc.source" value="Reuters"/>
</metadata>
</newsitem>
