<?xml version="1.0" encoding="iso-8859-1" ?>
<newsitem itemid="490314" id="root" date="1997-04-07" xml:lang="en">
<title>REPUBLIC OF IRELAND: Horse racing-Irish jockey remains seriously ill.</title>
<headline>Horse racing-Irish jockey remains seriously ill.</headline>
<dateline>DUBLIN 1997-04-07</dateline>
<text>
<p>Irish jockey Shane Broderick, who took a heavy fall when riding at Fairyhouse last week, remains seriously ill in a Dublin hospital, Ireland's Turf Club said in a statement on Monday.</p>
<p>&quot;Shane Broderick's condition remains unchanged. Arrangements are being made for his transfer from the Mater Hospital to the National Rehabilitation Hospital, Dun Laoghaire (County Dublin) for further treatment,&quot; the statement said.</p>
<p>Broderick, 22, was taken unconscious to hospital after a fall at the County Meath racecourse last Monday. He was later transferred to intensive care, reportedly with spinal injuries.</p>
<p>--Dublin newsroom 353-1-661-3377</p>
</text>
<copyright>(c) Reuters Limited 1997</copyright>
<metadata>
<codes class="bip:countries:1.0">
  <code code="IRE">
    <editdetail attribution="Reuters BIP Coding Group" action="confirmed" date="1997-04-07"/>
  </code>
</codes>
<codes class="bip:topics:1.0">
  <code code="GCAT">
    <editdetail attribution="Reuters BIP Coding Group" action="confirmed" date="1997-04-07"/>
  </code>
  <code code="GSPO">
    <editdetail attribution="Reuters BIP Coding Group" action="confirmed" date="1997-04-07"/>
  </code>
</codes>
<dc element="dc.date.created" value="1997-04-07"/>
<dc element="dc.publisher" value="Reuters Holdings Plc"/>
<dc element="dc.date.published" value="1997-04-07"/>
<dc element="dc.source" value="Reuters"/>
<dc element="dc.creator.location" value="DUBLIN"/>
<dc element="dc.creator.location.country.name" value="REPUBLIC OF IRELAND"/>
<dc element="dc.source" value="Reuters"/>
</metadata>
</newsitem>
