<?xml version="1.0" encoding="iso-8859-1" ?>
<newsitem itemid="490315" id="root" date="1997-04-07" xml:lang="en">
<title>USA: Jury selection under way in Jacksonville case.</title>
<headline>Jury selection under way in Jacksonville case.</headline>
<byline>June Bell</byline>
<dateline>JACKSONVILLE, Fla. 1997-04-07</dateline>
<text>
<p>The attorney who dealt cigarette makers their worst courtroom defeat in 40 years sought another court victory Monday as jury selection began in the latest trial of a lawsuit against the tobacco industry.</p>
<p>The state jury being picked in Jacksonville is slated to hear the trial of a lawsuit against the R.J. Reynolds tobacco company by the family of Jean Connor, whose 1995 death of cancer at age 49 they blame on smoking.</p>
<p>In another Florida case, Philip Morris Cos. Inc. Chief Executive Officer Geoffrey Bible, was ordered by a Miami court to answer pretrial questions from attorneys suing tobacco companies on behalf of non-smoking flight attendants who say they were injured by secondhand smoke.</p>
<p>In West Palm Beach, Fla., tobacco company attorneys agreed to the release of seven Liggett Group documents, one of them a memo from a Liggett attorney advising the company that a 1970s Lark-brand campaign was &quot;an invitation to cancer litigation.&quot;</p>
<p>The documents were among papers that Liggett, a unit of Brooke Group Ltd., pledged to turn over to anti-tobacco lawyers in a settlement last month with 22 state attorneys general suing cigarette makers.</p>
<p>In the April 7, 1975, legal memorandum to Liggett, attorney Joseph Greer said the planned ad campaign &quot;in effect was an admission against its interests that a person can 'enjoy smoking too much' and, in fact, can smoke too much.&quot;</p>
<p>Greer advised that the proposed campaign, which was to have included such slogans as &quot;Because you enjoy smoking too much&quot;, was opening Liggett to potential legal problems and cautioned against positioning Lark as a safe cigarette.</p>
<p>The Jacksonville case is the first tobacco trial for plaintiff's attorney Norwood &quot;Woody&quot; Wilner since August, when he won a landmark $750,000 verdict against B.A.T Industries' Brown &amp; Williamson unit. Brown &amp; Williamson has appealed the award in favor of a lifelong smoker with lung cancer.</p>
<p>In the current trial, Wilner said he would charge that Reynolds, America's second-largest cigarette maker, deceived the public with misleading ads. Connor's family is seeking unspecified compensatory and punitive damages.</p>
<p>Winston-Salem, N.C.-based Reynolds' attorneys have contended Connor made an informed decision to smoke.</p>
<p>Her sister, Dana Raulerson -- the plaintiff on behalf of Connor's estate and her three children -- was in court for the beginning of the closely watched case Monday.</p>
<p>In a courtroom crowded with stock analysts, lawyers and journalists, a 53-member jury pool was given a list of 50 questions, including whether they had ever told anyone to stop smoking, had strong feelings about cigarette companies, thought the government should ban the sale of cigarettes or had a friend or family member die of lung cancer.</p>
<p>Six jurors and three alternates were to be selected for the case, which Circuit Judge Bernard Nachman said would probably last two to three weeks. Jury selection was expected to take a few days, and opening statements were likely to begin this week.</p>
<p>By day's end, 25 potential jurors had been questioned by plaintiffs' attorneys. None had been seated.</p>
<p>Wilner's August victory hurt tobacco companies on Wall Street and emboldened anti-tobacco activists, who have filed hundreds of individual lawsuits. State governments also have sued the industry, seeking $30 billion in Medicaid costs. The industry is also under a regulatory assault by Washington.</p>
<p>The stock of RJR Nabisco Holdings Corp., R.J. Reynolds' parent, climbed 62.5 cents Monday to $31.125 in consolidated trading on the New York Stock Exchange.</p>
<p>In the Miami flight attendants' case, Dade County Circuit Judge Robert Kaye ruled in favor of Stanley Rosenblatt, an attorney for one of the estimated 60,000 plaintiffs. Rosenblatt said he needed to question CEO Bible because he is a leading Philip Morris spokesman on tobacco policy matters.</p>
<p>But an attorney for New York-based Philip Morris said Kaye's ruling would probably be challenged in a New York court and that Bible would probably not be available for questioning until early next month.</p>
<p>Rosenblatt is slated to question the heads of cigarette units of Philip Morris and other companies next week.</p>
<p>Kaye also ordered that several of the questions and answers resulting from the pretrial sessions in New York be kept secret.</p>
<p>A Philip Morris attorney, David Hardy, said some of the questioning next week would be based on privileged industry documents and that the answers should be kept secret.</p>
<p>The trial is scheduled to begin June 2.</p>
<p>Philip Morris stock dipped 12.5 cents to $113.25 in consolidated trading on the NYSE.</p>
</text>
<copyright>(c) Reuters Limited 1997</copyright>
<metadata>
<codes class="bip:countries:1.0">
  <code code="USA">
    <editdetail attribution="Reuters BIP Coding Group" action="confirmed" date="1997-04-07"/>
  </code>
</codes>
<codes class="bip:industries:1.0">
  <code code="I42900">
    <editdetail attribution="Reuters BIP Coding Group" action="confirmed" date="1997-04-07"/>
  </code>
  <code code="I83960">
    <editdetail attribution="Reuters BIP Coding Group" action="confirmed" date="1997-04-07"/>
  </code>
</codes>
<codes class="bip:topics:1.0">
  <code code="C12">
    <editdetail attribution="Reuters BIP Coding Group" action="confirmed" date="1997-04-07"/>
  </code>
  <code code="CCAT">
    <editdetail attribution="Reuters BIP Coding Group" action="confirmed" date="1997-04-07"/>
  </code>
  <code code="GCAT">
    <editdetail attribution="Reuters BIP Coding Group" action="confirmed" date="1997-04-07"/>
  </code>
  <code code="GCRIM">
    <editdetail attribution="Reuters BIP Coding Group" action="confirmed" date="1997-04-07"/>
  </code>
</codes>
<dc element="dc.date.created" value="1997-04-07"/>
<dc element="dc.publisher" value="Reuters Holdings Plc"/>
<dc element="dc.date.published" value="1997-04-07"/>
<dc element="dc.source" value="Reuters"/>
<dc element="dc.creator.location" value="JACKSONVILLE, Fla."/>
<dc element="dc.creator.location.country.name" value="USA"/>
<dc element="dc.source" value="Reuters"/>
</metadata>
</newsitem>
