<?xml version="1.0" encoding="iso-8859-1" ?>
<newsitem itemid="490384" id="root" date="1997-04-07" xml:lang="en">
<title>USA: Redhook Ale sees Q1 loss.</title>
<headline>Redhook Ale sees Q1 loss.</headline>
<dateline>SEATTLE, Wash. 1997-04-07</dateline>
<text>
<p>Redhook Ale Brewery Inc on Friday said it would report a loss for the first quarter of 1997 due to disappointing sales and operating costs of a new brewery in Portsmourth, New Hampshire.</p>
<p>In a statement, the company said first quarter sales volume totaled 51,400 barrels, up a mere 3.4 percent from 49,700 barrels shipped 1996's first quarter.</p>
<p>Analysts had expected the company to report a profit of $0.01 per share for the first quarter ended March 30, 1997, according to investment research firm First Call. One year ago, the company earned a profit of $0.10 a share.  </p>
<p>&quot;The slowing growth rate that Redhook experienced in late 1996 has continued into 1997, although trends are positive in many regions of the country,&quot; Paul Shipman, chief executive, said in a statement.</p>
<p>Sales were up over 20 percent versus the first quarter of 1996 when shipments to states in the western United States are excluded. Shipments to the West Coast states declined 5.9% compared to the first quarter of 1996, the company said.</p>
<p>The Portsmouth brewery began operations during 1996's fourth quarter, and the rise in fixed and semi-variable costs associated with operating it increased cost of goods sold.</p>
<p>Also, the Portsmouth operation saw lower-than-expected sales volume.</p>
<p>Redhook will report its quarterly results as scheduled on April 29, 1997.</p>
</text>
<copyright>(c) Reuters Limited 1997</copyright>
<metadata>
<codes class="bip:countries:1.0">
  <code code="USA">
    <editdetail attribution="Reuters BIP Coding Group" action="confirmed" date="1997-04-07"/>
  </code>
</codes>
<codes class="bip:industries:1.0">
  <code code="I42700">
    <editdetail attribution="Reuters BIP Coding Group" action="confirmed" date="1997-04-07"/>
  </code>
</codes>
<codes class="bip:topics:1.0">
  <code code="C15">
    <editdetail attribution="Reuters BIP Coding Group" action="confirmed" date="1997-04-07"/>
  </code>
  <code code="C152">
    <editdetail attribution="Reuters BIP Coding Group" action="confirmed" date="1997-04-07"/>
  </code>
  <code code="CCAT">
    <editdetail attribution="Reuters BIP Coding Group" action="confirmed" date="1997-04-07"/>
  </code>
</codes>
<dc element="dc.date.created" value="1997-04-07"/>
<dc element="dc.publisher" value="Reuters Holdings Plc"/>
<dc element="dc.date.published" value="1997-04-07"/>
<dc element="dc.source" value="Reuters"/>
<dc element="dc.creator.location" value="SEATTLE, Wash."/>
<dc element="dc.creator.location.country.name" value="USA"/>
<dc element="dc.source" value="Reuters"/>
</metadata>
</newsitem>
