<?xml version="1.0" encoding="iso-8859-1" ?>
<newsitem itemid="490352" id="root" date="1997-04-07" xml:lang="en">
<title>USA: Timber Lodge opens Chicago-area restaurant.</title>
<headline>Timber Lodge opens Chicago-area restaurant.</headline>
<dateline>MINNEAPOLIS 1997-04-07</dateline>
<text>
<p>Timber Lodge Steakhouse Inc said Monday it has opened its first Timber Lodge Steakhouse in the Chicago market.</p>
<p>Timber Lodge said the Naperville, Illinois restaurant was opened on April 3.</p>
<p>Timber Lodge operates steakhouses in Minnesota, New York, Wisconsin and South Dakota.</p>
<p>((--Chicago newsdesk, 312-408-8787))</p>
</text>
<copyright>(c) Reuters Limited 1997</copyright>
<metadata>
<codes class="bip:countries:1.0">
  <code code="USA">
    <editdetail attribution="Reuters BIP Coding Group" action="confirmed" date="1997-04-07"/>
  </code>
</codes>
<codes class="bip:industries:1.0">
  <code code="I66100">
    <editdetail attribution="Reuters BIP Coding Group" action="confirmed" date="1997-04-07"/>
  </code>
</codes>
<codes class="bip:topics:1.0">
  <code code="C24">
    <editdetail attribution="Reuters BIP Coding Group" action="confirmed" date="1997-04-07"/>
  </code>
  <code code="CCAT">
    <editdetail attribution="Reuters BIP Coding Group" action="confirmed" date="1997-04-07"/>
  </code>
</codes>
<dc element="dc.date.created" value="1997-04-07"/>
<dc element="dc.publisher" value="Reuters Holdings Plc"/>
<dc element="dc.date.published" value="1997-04-07"/>
<dc element="dc.source" value="Reuters"/>
<dc element="dc.creator.location" value="MINNEAPOLIS"/>
<dc element="dc.creator.location.country.name" value="USA"/>
<dc element="dc.source" value="Reuters"/>
</metadata>
</newsitem>
