<?xml version="1.0" encoding="iso-8859-1" ?>
<newsitem itemid="490361" id="root" date="1997-04-07" xml:lang="en">
<title>USA: US Airways to assess Shuttle's value.</title>
<headline>US Airways to assess Shuttle's value.</headline>
<dateline>NEW YORK 1997-04-07</dateline>
<text>
<p>US Airways Group Inc said it started to assess the value of the US Airways Shuttle but had made no decision on whether to buy the commuter service.</p>
<p>In a federal filing released Monday, US Airways said it recently &quot;exercised its right to commence a procedure to value Shuttle Inc, the owner of the US Airways Shuttle.&quot;</p>
<p>The Shuttle, which provides flights from New York to Boston and Washington, is owned by creditors of its former owner, Donald Trump. It is operated by USAir.  </p>
<p>US Airways said the &quot;initiation of the valuation procedure&quot; did not represent a commitment to purchase the Shuttle.</p>
<p>Its exclusive right to buy the Shuttle operations ends April 9, but the company has the right to match any purchase offer made by another party over the next five years.</p>
<p>&quot;Any decision to purchase the Shuttle, either through the valuation procedure or the right of first refusal, will made based on price and related business considerations,&quot; the company said.  </p>
<p>Analysts expect US Airways to delay its decision on the Shuttle until it reaches a new labor pact with its pilots and finalizes plans to set up a low-cost unit to compete with rivals such as Southwest Airlines Co and Delta Air Lines Inc's Express unit.</p>
<p>&quot;They can match any offer for five years. There is no rush. The bigger priority at USAir is starting informational road show with employees,&quot; said Julius Maldutis, an airline analyst with Salomon Brothers.</p>
</text>
<copyright>(c) Reuters Limited 1997</copyright>
<metadata>
<codes class="bip:countries:1.0">
  <code code="USA">
    <editdetail attribution="Reuters BIP Coding Group" action="confirmed" date="1997-04-07"/>
  </code>
</codes>
<codes class="bip:industries:1.0">
  <code code="I75000">
    <editdetail attribution="Reuters BIP Coding Group" action="confirmed" date="1997-04-07"/>
  </code>
</codes>
<codes class="bip:topics:1.0">
  <code code="C18">
    <editdetail attribution="Reuters BIP Coding Group" action="confirmed" date="1997-04-07"/>
  </code>
  <code code="C181">
    <editdetail attribution="Reuters BIP Coding Group" action="confirmed" date="1997-04-07"/>
  </code>
  <code code="CCAT">
    <editdetail attribution="Reuters BIP Coding Group" action="confirmed" date="1997-04-07"/>
  </code>
</codes>
<dc element="dc.date.created" value="1997-04-07"/>
<dc element="dc.publisher" value="Reuters Holdings Plc"/>
<dc element="dc.date.published" value="1997-04-07"/>
<dc element="dc.source" value="Reuters"/>
<dc element="dc.creator.location" value="NEW YORK"/>
<dc element="dc.creator.location.country.name" value="USA"/>
<dc element="dc.source" value="Reuters"/>
</metadata>
</newsitem>
