<?xml version="1.0" encoding="iso-8859-1" ?>
<newsitem itemid="490388" id="root" date="1997-04-07" xml:lang="en">
<title>USA: PAXAR CEO sees Q1 shr in line with estimates.</title>
<headline>PAXAR CEO sees Q1 shr in line with estimates.</headline>
<dateline>WHITE PLAINS, N.Y. 1997-04-07</dateline>
<text>
<p>PAXAR Corp chief executive officer, Arthur Hershaft said Monday the company's strong international business and a strong domestic retail environment will contribute to first quarter earnings per share in line with Wall Street estimates of $0.19 to $0.21 a share.  </p>
<p>The company earned $0.15 a share in the year ago first quarter, after an adjustment to reflect stock dividends.</p>
<p>&quot;Our international business is much stronger than it was a year ago,&quot; Hershaft said. And the better retail environment in the United States will benefit earnings. Paxar is the world's largest manufacturer of apparel labels.</p>
<p>&quot;In the end we're really driven by the retail environment,&quot; he said.</p>
<p>The company expects to report first quarter earnings April 23.</p>
</text>
<copyright>(c) Reuters Limited 1997</copyright>
<metadata>
<codes class="bip:countries:1.0">
  <code code="USA">
    <editdetail attribution="Reuters BIP Coding Group" action="confirmed" date="1997-04-07"/>
  </code>
</codes>
<codes class="bip:industries:1.0">
  <code code="I47100">
    <editdetail attribution="Reuters BIP Coding Group" action="confirmed" date="1997-04-07"/>
  </code>
</codes>
<codes class="bip:topics:1.0">
  <code code="C15">
    <editdetail attribution="Reuters BIP Coding Group" action="confirmed" date="1997-04-07"/>
  </code>
  <code code="C152">
    <editdetail attribution="Reuters BIP Coding Group" action="confirmed" date="1997-04-07"/>
  </code>
  <code code="CCAT">
    <editdetail attribution="Reuters BIP Coding Group" action="confirmed" date="1997-04-07"/>
  </code>
</codes>
<dc element="dc.date.created" value="1997-04-07"/>
<dc element="dc.publisher" value="Reuters Holdings Plc"/>
<dc element="dc.date.published" value="1997-04-07"/>
<dc element="dc.source" value="Reuters"/>
<dc element="dc.creator.location" value="WHITE PLAINS, N.Y."/>
<dc element="dc.creator.location.country.name" value="USA"/>
<dc element="dc.source" value="Reuters"/>
</metadata>
</newsitem>
