<?xml version="1.0" encoding="iso-8859-1" ?>
<newsitem itemid="490343" id="root" date="1997-04-07" xml:lang="en">
<title>USA: Homestake files shelf for up to 20 mln shrs.</title>
<headline>Homestake files shelf for up to 20 mln shrs.</headline>
<dateline>SAN FRANCISCO 1997-04-07</dateline>
<text>
<p>Homestake Mining Co said Monday it had filed a shelf registration with the Securities and Exchange Commission for the potential sale of up to 20 million shares of common stock.</p>
<p>The company said proceeds would go toward general corporate purposes, including possible acquisitions that it said could add to its gold reserves and future gold production.</p>
<p>Homestake Mining has gold mining operations in the United States, Canada and Australia. It also has active gold exploration programs in Venezuela, French Guiana, Chile, Brazil and elsewhere in Latin America and development and/or evaluation projects in Chile, Russia and Bulgaria.</p>
</text>
<copyright>(c) Reuters Limited 1997</copyright>
<metadata>
<codes class="bip:countries:1.0">
  <code code="USA">
    <editdetail attribution="Reuters BIP Coding Group" action="confirmed" date="1997-04-07"/>
  </code>
</codes>
<codes class="bip:industries:1.0">
  <code code="I21000">
    <editdetail attribution="Reuters BIP Coding Group" action="confirmed" date="1997-04-07"/>
  </code>
</codes>
<codes class="bip:topics:1.0">
  <code code="C17">
    <editdetail attribution="Reuters BIP Coding Group" action="confirmed" date="1997-04-07"/>
  </code>
  <code code="C171">
    <editdetail attribution="Reuters BIP Coding Group" action="confirmed" date="1997-04-07"/>
  </code>
  <code code="CCAT">
    <editdetail attribution="Reuters BIP Coding Group" action="confirmed" date="1997-04-07"/>
  </code>
</codes>
<dc element="dc.date.created" value="1997-04-07"/>
<dc element="dc.publisher" value="Reuters Holdings Plc"/>
<dc element="dc.date.published" value="1997-04-07"/>
<dc element="dc.source" value="Reuters"/>
<dc element="dc.creator.location" value="SAN FRANCISCO"/>
<dc element="dc.creator.location.country.name" value="USA"/>
<dc element="dc.source" value="Reuters"/>
</metadata>
</newsitem>
