<?xml version="1.0" encoding="iso-8859-1" ?>
<newsitem itemid="490327" id="root" date="1997-04-07" xml:lang="en">
<title>USA: RESEARCH ALERT-Rio Hotel &amp; Casino started.</title>
<headline>RESEARCH ALERT-Rio Hotel &amp; Casino started.</headline>
<text>
<p>-- Rodman &amp; Renshaw Inc said Monday it initiated coverage of Rio Hotel &amp; Casino Inc with a buy rating and a 12-month price target of $21.</p>
<p>-- Rodman said Rio has all of the most favorable characteristics of much larger companies in the gaming industry group including excellent management, a clean balance sheet, land for development potential and a well-conceived product.</p>
<p>-- Rio recently completed a major expansion of its base property about a mile from the Las Vegas strip, and Rodman expects the expansion will nearly double the company's operating cash flow, which reached $55.5 million in 1996.</p>
<p>-- Rio operates a hotel and casino in Las Vegas.</p>
<p>-- Its shares were off 1/8 Monday at 13-3/4.</p>
<p>((Chicago newsdesk (312) 408-8787))</p>
</text>
<copyright>(c) Reuters Limited 1997</copyright>
<metadata>
<codes class="bip:countries:1.0">
  <code code="USA">
    <editdetail attribution="Reuters BIP Coding Group" action="confirmed" date="1997-04-07"/>
  </code>
</codes>
<codes class="bip:industries:1.0">
  <code code="I85000">
    <editdetail attribution="Reuters BIP Coding Group" action="confirmed" date="1997-04-07"/>
  </code>
</codes>
<codes class="bip:topics:1.0">
  <code code="C15">
    <editdetail attribution="Reuters BIP Coding Group" action="confirmed" date="1997-04-07"/>
  </code>
  <code code="C152">
    <editdetail attribution="Reuters BIP Coding Group" action="confirmed" date="1997-04-07"/>
  </code>
  <code code="CCAT">
    <editdetail attribution="Reuters BIP Coding Group" action="confirmed" date="1997-04-07"/>
  </code>
</codes>
<dc element="dc.publisher" value="Reuters Holdings Plc"/>
<dc element="dc.date.published" value="1997-04-07"/>
<dc element="dc.source" value="Reuters"/>
<dc element="dc.creator.location.country.name" value="USA"/>
<dc element="dc.source" value="Reuters"/>
</metadata>
</newsitem>
