<?xml version="1.0" encoding="iso-8859-1" ?>
<newsitem itemid="490400" id="root" date="1997-04-07" xml:lang="en">
<title>USA: State Financial Services Corp Q1 net up.</title>
<headline>State Financial Services Corp Q1 net up.</headline>
<dateline>HALES CORNERS, Wis. 1997-04-07</dateline>
<text>
<p>1997			1996</p>
<p> Shr			 $ 0.33		    $0.29</p>
<p> Net			  1,045			905</p>
<p> Avg shrs		   3,163		    3,130</p>
<p>	 (All Data Above 000s Except Per Share Numbers)</p>
<p>	  ((Reuters Chicago Newsdesk (312) 408-8787))</p>
</text>
<copyright>(c) Reuters Limited 1997</copyright>
<metadata>
<codes class="bip:countries:1.0">
  <code code="USA">
    <editdetail attribution="Reuters BIP Coding Group" action="confirmed" date="1997-04-07"/>
  </code>
</codes>
<codes class="bip:topics:1.0">
  <code code="C15">
    <editdetail attribution="Reuters BIP Coding Group" action="confirmed" date="1997-04-07"/>
  </code>
  <code code="C151">
    <editdetail attribution="Reuters BIP Coding Group" action="confirmed" date="1997-04-07"/>
  </code>
  <code code="CCAT">
    <editdetail attribution="Reuters BIP Coding Group" action="confirmed" date="1997-04-07"/>
  </code>
</codes>
<dc element="dc.date.created" value="1997-04-07"/>
<dc element="dc.publisher" value="Reuters Holdings Plc"/>
<dc element="dc.date.published" value="1997-04-07"/>
<dc element="dc.source" value="Reuters"/>
<dc element="dc.creator.location" value="HALES CORNERS, Wis."/>
<dc element="dc.creator.location.country.name" value="USA"/>
<dc element="dc.source" value="Reuters"/>
</metadata>
</newsitem>
