<?xml version="1.0" encoding="iso-8859-1" ?>
<newsitem itemid="490444" id="root" date="1997-04-07" xml:lang="en">
<title>USA: CSCE world sugar ends dull session unchanged.</title>
<headline>CSCE world sugar ends dull session unchanged.</headline>
<dateline>NEW YORK 1997-04-07</dateline>
<text>
<p>CSCE world sugar futures ended unchanged for the third consecutive session after setting an eight-point trading range early and then drifitng within narrow boundaries throughout the day.</p>
<p>Market sources said Friday's May options expiry will keep the spot month close to 11.00 cents a lb for the remainder of the week, citing high open interest in the May 11.00 calls.</p>
<p>As of Friday, open interest was 7,635 lots.</p>
<p>Floor sources cited some light shortcovering by the trade in the May/July spread, which closed at 0.04 compared to 0.06 on Friday.</p>
<p>Selling by Far Eastern producers was cited above 11.00 cents.</p>
<p>May closed at 11.00 cents, having ranged from 11.03 to 10.95 cents. Deferreds settled 0.02 higher to 0.01 weaker.</p>
<p>Volume was estimated at 10,130 lots compared with Friday's official 12,453 lots.</p>
<p>Open interest in May rose 194 lots to 60,779 lots, as of Friday's close. The last trading day for the contract is April 30.</p>
<p>Support remained at the recent low of 10.78 cents in May.</p>
<p>The sugar freight market saw several fresh inquires today, with  Cuba, Mexico and Thailand in demand as origins, shipbrokers said.</p>
<p>((Suzanne Rostler, New York Commodity Desk, 212-859-1640))</p>
</text>
<copyright>(c) Reuters Limited 1997</copyright>
<metadata>
<codes class="bip:countries:1.0">
  <code code="USA">
    <editdetail attribution="Reuters BIP Coding Group" action="confirmed" date="1997-04-07"/>
  </code>
</codes>
<codes class="bip:topics:1.0">
  <code code="M14">
    <editdetail attribution="Reuters BIP Coding Group" action="confirmed" date="1997-04-07"/>
  </code>
  <code code="M141">
    <editdetail attribution="Reuters BIP Coding Group" action="confirmed" date="1997-04-07"/>
  </code>
  <code code="MCAT">
    <editdetail attribution="Reuters BIP Coding Group" action="confirmed" date="1997-04-07"/>
  </code>
</codes>
<dc element="dc.date.created" value="1997-04-07"/>
<dc element="dc.publisher" value="Reuters Holdings Plc"/>
<dc element="dc.date.published" value="1997-04-07"/>
<dc element="dc.source" value="Reuters"/>
<dc element="dc.creator.location" value="NEW YORK"/>
<dc element="dc.creator.location.country.name" value="USA"/>
<dc element="dc.source" value="Reuters"/>
</metadata>
</newsitem>
