<?xml version="1.0" encoding="iso-8859-1" ?>
<newsitem itemid="490499" id="root" date="1997-04-07" xml:lang="en">
<title>USA: Chelsea GCA Realty Inc names president.</title>
<headline>Chelsea GCA Realty Inc names president.</headline>
<dateline>ROSELAND, N.J. 1997-04-07</dateline>
<text>
<p>Chelsea GCA Realty Inc on Monday said it named Leslie Chao as president and chief financial officer and Thomas Davis as chief operating officer, effective immediately.</p>
<p>Chao has served as executive vice president and chief financial officer of Chelsea GCA since its initial public offering in 1993, it said.</p>
<p>Chao's added responsibilities include real estate development and construction and legal departments, Chelsea said.  </p>
<p>The company said Davis joined Chelsea GCA in January 1996 as executive vice president for asset management. From 1987 to 1995, Davis was with Phillips-Van Heusen Corp, Chelsea said.</p>
<p>Company officials were not immediately available to provide further details.</p>
</text>
<copyright>(c) Reuters Limited 1997</copyright>
<metadata>
<codes class="bip:countries:1.0">
  <code code="USA">
    <editdetail attribution="Reuters BIP Coding Group" action="confirmed" date="1997-04-07"/>
  </code>
</codes>
<codes class="bip:industries:1.0">
  <code code="I64500">
    <editdetail attribution="Reuters BIP Coding Group" action="confirmed" date="1997-04-07"/>
  </code>
</codes>
<codes class="bip:topics:1.0">
  <code code="C41">
    <editdetail attribution="Reuters BIP Coding Group" action="confirmed" date="1997-04-07"/>
  </code>
  <code code="C411">
    <editdetail attribution="Reuters BIP Coding Group" action="confirmed" date="1997-04-07"/>
  </code>
  <code code="CCAT">
    <editdetail attribution="Reuters BIP Coding Group" action="confirmed" date="1997-04-07"/>
  </code>
</codes>
<dc element="dc.date.created" value="1997-04-07"/>
<dc element="dc.publisher" value="Reuters Holdings Plc"/>
<dc element="dc.date.published" value="1997-04-07"/>
<dc element="dc.source" value="Reuters"/>
<dc element="dc.creator.location" value="ROSELAND, N.J."/>
<dc element="dc.creator.location.country.name" value="USA"/>
<dc element="dc.source" value="Reuters"/>
</metadata>
</newsitem>
