<?xml version="1.0" encoding="iso-8859-1" ?>
<newsitem itemid="490452" id="root" date="1997-04-07" xml:lang="en">
<title>USA: COMEX copper ends lower as funds ditch base metals.</title>
<headline>COMEX copper ends lower as funds ditch base metals.</headline>
<dateline>NEW YORK 1997-04-07</dateline>
<text>
<p>COMEX copper settled sharply lower Monday as funds bailed out of the base metals markets, pushing the May contract to its weakest close in seven weeks.</p>
<p>Brokers said speculative selling on the first day of aluminum futures trading on Tokyo's Commodity Exchange prompted funds to begin selling early on LME and the bearish sentiment spilled over into COMEX.</p>
<p>&quot;There was some consumer hedge buying which softened the blow,&quot; said Fred Demler of E. D. &amp; F. Man International.</p>
<p>The technical picture indicated that the market was oversold, but prices may not have reached their lows yet, Demler added.</p>
<p>May COMEX settled down 3.55 cents at 104.75 cents a lb, traded 106.30 to 104.40 cents. Spot April went out 3.40 cents lower at 106.50 cents.</p>
<p>Volume was estimated at 10,000 lots compared to Friday's 9,367 lots.</p>
<p>The cash to three months backwardation on LME shrank some $10 to $30/$35.</p>
<p>Some traders suggested that funds needed to sell their base metals positions to raise cash to compensate for losses incurred during the slide on Wall Street.</p>
<p>On Monday, the LME began reporting stocks on a daily basis. Copper inventory fell 875 tonnes to 173,600 tonnes.</p>
<p>COMEX copper stocks on Monday fell 237 short tons to 42,072 short tons.</p>
<p>Brokers said that despite the rout in futures prices, demand on the physical market remained firm in the U.S. especially.</p>
<p>The physical market was being underpinned by quality problems at some Chilean SX/EW plants due to the drought, and further support would came later this month when Kennecott shut its Utah smelter for maintenance, brokers said.</p>
<p>((Huw Jones, New York Commodity Desk 212-859-1646))</p>
</text>
<copyright>(c) Reuters Limited 1997</copyright>
<metadata>
<codes class="bip:countries:1.0">
  <code code="USA">
    <editdetail attribution="Reuters BIP Coding Group" action="confirmed" date="1997-04-07"/>
  </code>
</codes>
<codes class="bip:topics:1.0">
  <code code="M14">
    <editdetail attribution="Reuters BIP Coding Group" action="confirmed" date="1997-04-07"/>
  </code>
  <code code="M142">
    <editdetail attribution="Reuters BIP Coding Group" action="confirmed" date="1997-04-07"/>
  </code>
  <code code="MCAT">
    <editdetail attribution="Reuters BIP Coding Group" action="confirmed" date="1997-04-07"/>
  </code>
</codes>
<dc element="dc.date.created" value="1997-04-07"/>
<dc element="dc.publisher" value="Reuters Holdings Plc"/>
<dc element="dc.date.published" value="1997-04-07"/>
<dc element="dc.source" value="Reuters"/>
<dc element="dc.creator.location" value="NEW YORK"/>
<dc element="dc.creator.location.country.name" value="USA"/>
<dc element="dc.source" value="Reuters"/>
</metadata>
</newsitem>
