<?xml version="1.0" encoding="iso-8859-1" ?>
<newsitem itemid="490412" id="root" date="1997-04-07" xml:lang="en">
<title>USA: ING Barings stays in NYC, will add 900 jobs.</title>
<headline>ING Barings stays in NYC, will add 900 jobs.</headline>
<dateline>NEW YORK 1997-04-07</dateline>
<text>
<p>New York Gov. George Pataki said Monday that ING Barings, an Anglo-Dutch financial concern, would remain in New York City.</p>
<p>The company will consolidate its offices in Manhattan for 900 employees and add 300 new jobs over the next two years and 600 more jobs over the next seven years, said Pataki.</p>
<p>ING, which considered moving all its &quot;back office&quot; operations out of the state, will now consolidate operations in midtown Manhattan on East 52 Street, said the governor.</p>
<p>The state said that, in consideration of the company's committment to create jobs, ING Barings now qualifies for $3.4 million in sales tax exemptions on capital improvements, $1.6 million in utility rate reductions and a $100,000 job training grant.</p>
</text>
<copyright>(c) Reuters Limited 1997</copyright>
<metadata>
<codes class="bip:countries:1.0">
  <code code="NETH">
    <editdetail attribution="Reuters BIP Coding Group" action="confirmed" date="1997-04-07"/>
  </code>
  <code code="USA">
    <editdetail attribution="Reuters BIP Coding Group" action="confirmed" date="1997-04-07"/>
  </code>
</codes>
<codes class="bip:industries:1.0">
  <code code="I81402">
    <editdetail attribution="Reuters BIP Coding Group" action="confirmed" date="1997-04-07"/>
  </code>
</codes>
<codes class="bip:topics:1.0">
  <code code="C42">
    <editdetail attribution="Reuters BIP Coding Group" action="confirmed" date="1997-04-07"/>
  </code>
  <code code="CCAT">
    <editdetail attribution="Reuters BIP Coding Group" action="confirmed" date="1997-04-07"/>
  </code>
  <code code="E41">
    <editdetail attribution="Reuters BIP Coding Group" action="confirmed" date="1997-04-07"/>
  </code>
  <code code="ECAT">
    <editdetail attribution="Reuters BIP Coding Group" action="confirmed" date="1997-04-07"/>
  </code>
  <code code="GCAT">
    <editdetail attribution="Reuters BIP Coding Group" action="confirmed" date="1997-04-07"/>
  </code>
  <code code="GJOB">
    <editdetail attribution="Reuters BIP Coding Group" action="confirmed" date="1997-04-07"/>
  </code>
</codes>
<dc element="dc.date.created" value="1997-04-07"/>
<dc element="dc.publisher" value="Reuters Holdings Plc"/>
<dc element="dc.date.published" value="1997-04-07"/>
<dc element="dc.source" value="Reuters"/>
<dc element="dc.creator.location" value="NEW YORK"/>
<dc element="dc.creator.location.country.name" value="USA"/>
<dc element="dc.source" value="Reuters"/>
</metadata>
</newsitem>
