<?xml version="1.0" encoding="iso-8859-1" ?>
<newsitem itemid="490496" id="root" date="1997-04-07" xml:lang="en">
<title>USA: American Exploration works to cap blowout.</title>
<headline>American Exploration works to cap blowout.</headline>
<dateline>NEW ORLEANS 1997-04-07</dateline>
<text>
<p>American Exploration Co said a drilling rig was moved in place over the weekend as crews worked to control and cap a natural gas well blowout on a production platform off the coast of Louisiana, company executives said on Monday.</p>
<p>The fire briefly reignited over the weekend, but the flow of natural gas shooting from the well has diminished and the plume now includes sizeable volumes of salt water and sand shooting about 30 feet into the sky, company executives said.</p>
<p>Crews will begin drilling the relief well by mid-week, and expect to intercept and divert the gas flows within two or three weeks to shut in the blowout and eventually cap the well, Elliott Pew, exploration vice president for the Houston-based company said.</p>
<p>&quot;There is a chance the well may die out on its own before that, but we think it is prudent to continue on with our plans to drill the relief well,&quot; he said.</p>
<p>The blowout initially left a sheen of oil on the Gulf of Mexico, but the sheen quickly diminished and there have been no reports of other pollution, he said.</p>
<p>The well blew out last Tuesday after crews cemented it in and began removing safety equipment designed to prevent blowouts. Debris on the platform and the column of gas, water and sands shooting from the well have kept crews from capping the well.</p>
<p>The company could not measure the flow of gas from the well, Pew said.</p>
</text>
<copyright>(c) Reuters Limited 1997</copyright>
<metadata>
<codes class="bip:countries:1.0">
  <code code="USA">
    <editdetail attribution="Reuters BIP Coding Group" action="confirmed" date="1997-04-07"/>
  </code>
</codes>
<codes class="bip:industries:1.0">
  <code code="I13000">
    <editdetail attribution="Reuters BIP Coding Group" action="confirmed" date="1997-04-07"/>
  </code>
  <code code="I1300003">
    <editdetail attribution="Reuters BIP Coding Group" action="confirmed" date="1997-04-07"/>
  </code>
</codes>
<codes class="bip:topics:1.0">
  <code code="C24">
    <editdetail attribution="Reuters BIP Coding Group" action="confirmed" date="1997-04-07"/>
  </code>
  <code code="CCAT">
    <editdetail attribution="Reuters BIP Coding Group" action="confirmed" date="1997-04-07"/>
  </code>
  <code code="GCAT">
    <editdetail attribution="Reuters BIP Coding Group" action="confirmed" date="1997-04-07"/>
  </code>
  <code code="GENV">
    <editdetail attribution="Reuters BIP Coding Group" action="confirmed" date="1997-04-07"/>
  </code>
</codes>
<dc element="dc.date.created" value="1997-04-07"/>
<dc element="dc.publisher" value="Reuters Holdings Plc"/>
<dc element="dc.date.published" value="1997-04-07"/>
<dc element="dc.source" value="Reuters"/>
<dc element="dc.creator.location" value="NEW ORLEANS"/>
<dc element="dc.creator.location.country.name" value="USA"/>
<dc element="dc.source" value="Reuters"/>
</metadata>
</newsitem>
