<?xml version="1.0" encoding="iso-8859-1" ?>
<newsitem itemid="490431" id="root" date="1997-04-07" xml:lang="en">
<title>USA: Nike adjusts production capacity lower.</title>
<headline>Nike adjusts production capacity lower.</headline>
<dateline>LOS ANGELES 1997-04-07</dateline>
<text>
<p>Nike Inc said Monday it had adjusted its production capacity lower but said that was not a sign of a downturn in demand.</p>
<p>Nike was responding to a downgrade from Smith Barney analyst Faye Landes, who said a recent trip she made to Hong Kong and China led her to believe that Nike cut its production forecasts.</p>
<p>&quot;What she is focussing on has nothing to do with a downturn in the market,&quot; said Jim Small, a spokesman for Nike.  </p>
<p>Small said that Nike has seen such explosive growth in recent years that if it expects growth of 25 percent, for example, it might book 50 percent excess capacity in case demand is even stronger than anticipated.</p>
<p>Small reiterated that fourth quarter orders were still 34 percent above the comparable year-ago quarter.</p>
<p>&quot;Future orders are still very strong at 34 percent, which in any business is tremendous growth,&quot; Small said.</p>
<p>In Nike's third quarter earnings report in March it reported record future orders for delivery between March and July was 34 percent above the year-ago quarter.  </p>
<p>In her report Landes said her sources believed Nike has told its plants in China and Indonesia to cut footwear production beginning in May and through June and July. She said the cuts could reduce footwear production, which accounts for two-thirds of company revenues, by over 20 percent.</p>
<p>She said that she suspected demand in the United States might be slowing at a quicker rate than Nike had previously forecast and that the possibility of Nike maintaining the explosive growth it has seen in recent years has been significantly reduced.  </p>
<p>Small said those suspicions were unfounded.</p>
<p>&quot;That just doesn't hold true, there is nothing in the numbers that is backing up what she is saying,&quot; he said.</p>
<p>Small said the reduction in production capacity has no impact on earnings or revenue projections.</p>
</text>
<copyright>(c) Reuters Limited 1997</copyright>
<metadata>
<codes class="bip:countries:1.0">
  <code code="USA">
    <editdetail attribution="Reuters BIP Coding Group" action="confirmed" date="1997-04-07"/>
  </code>
</codes>
<codes class="bip:industries:1.0">
  <code code="I45100">
    <editdetail attribution="Reuters BIP Coding Group" action="confirmed" date="1997-04-07"/>
  </code>
</codes>
<codes class="bip:topics:1.0">
  <code code="C21">
    <editdetail attribution="Reuters BIP Coding Group" action="confirmed" date="1997-04-07"/>
  </code>
  <code code="C24">
    <editdetail attribution="Reuters BIP Coding Group" action="confirmed" date="1997-04-07"/>
  </code>
  <code code="CCAT">
    <editdetail attribution="Reuters BIP Coding Group" action="confirmed" date="1997-04-07"/>
  </code>
</codes>
<dc element="dc.date.created" value="1997-04-07"/>
<dc element="dc.publisher" value="Reuters Holdings Plc"/>
<dc element="dc.date.published" value="1997-04-07"/>
<dc element="dc.source" value="Reuters"/>
<dc element="dc.creator.location" value="LOS ANGELES"/>
<dc element="dc.creator.location.country.name" value="USA"/>
<dc element="dc.source" value="Reuters"/>
</metadata>
</newsitem>
