<?xml version="1.0" encoding="iso-8859-1" ?>
<newsitem itemid="490445" id="root" date="1997-04-07" xml:lang="en">
<title>USA: U.S. debt futures end up strongly in quiet trade.</title>
<headline>U.S. debt futures end up strongly in quiet trade.</headline>
<dateline>CHICAGO 1997-04-07</dateline>
<text>
<p>U.S. debt futures ended higher in a quiet bounce from Friday's losses.</p>
<p>Traders said a strong dollar gave short debt position holders a reason to cover their positions after steep losses Friday and before a quiet week.</p>
<p>&quot;It was shortcovering and a little technical bounce,&quot; said Don Pullen, bond trading floor manager for ED and F Man. He noted that June T-bonds nudged up toward resistance at 107-24/32 to 26/43 but fell short of there.</p>
<p>&quot;There was no real news to really speak of except the dollar was strong,&quot; Pullen said. &quot;That gave some comfort.&quot;  </p>
<p>June T-bonds popped back toward session highs in the last minutes of trade, but trading overall was quiet, traders said.</p>
<p>&quot;The slight bid to the market right on the close might suggest we try to test some resistance tomorrow,&quot; Pullen added.</p>
<p>Others agreed, saying the market could drift higher as shortcovering continues amid the dearth of fresh fundamental data this week. The economic line-up is rather slim until Friday's retail sales and producer price index.</p>
<p>Still, the overall tone is bearish, traders said.</p>
<p>&quot;Basically, it looks like only a bear bounce at this point,&quot; Pullen said.  </p>
<p>A T-bond futures trader said he expected to take out last Friday's high of 107-26/32 -- possibly by tomorrow. He said the tone is better, but noted that trading was very quiet to start the week this week.</p>
<p>&quot;There is a decent chance we can take out last week's high but until it proves otherwise you've got to think lower,&quot; he said.</p>
<p>Targets remained in the 106-00 and 105-00 handles.</p>
<p>&quot;This definitely feels counter-trendish,&quot; one futures analyst said. He pegged support at the September 19 low of 106-22/32 and at 105-20/32, the September 5 low.  </p>
<p>&quot;It really was more consolidation today and there weren't any real features from dealers or commercials,&quot; ED and F Man's Pullen said.</p>
<p>At the close, June T-bonds were up 20/32 at 107-20/32, 10-year notes rose 10/32 to 105-27/32, munis rose 12/32 to 112-3/32, September bills rose 0.025 bps to 94.300, and September Euros rose 0.030 to 93.725. ((DerivativesDesk(312)408-8750)) E-mail:derivatives@reuters.com</p>
</text>
<copyright>(c) Reuters Limited 1997</copyright>
<metadata>
<codes class="bip:countries:1.0">
  <code code="USA">
    <editdetail attribution="Reuters BIP Coding Group" action="confirmed" date="1997-04-07"/>
  </code>
</codes>
<codes class="bip:topics:1.0">
  <code code="M12">
    <editdetail attribution="Reuters BIP Coding Group" action="confirmed" date="1997-04-07"/>
  </code>
  <code code="MCAT">
    <editdetail attribution="Reuters BIP Coding Group" action="confirmed" date="1997-04-07"/>
  </code>
</codes>
<dc element="dc.date.created" value="1997-04-07"/>
<dc element="dc.publisher" value="Reuters Holdings Plc"/>
<dc element="dc.date.published" value="1997-04-07"/>
<dc element="dc.source" value="Reuters"/>
<dc element="dc.creator.location" value="CHICAGO"/>
<dc element="dc.creator.location.country.name" value="USA"/>
<dc element="dc.source" value="Reuters"/>
</metadata>
</newsitem>
