<?xml version="1.0" encoding="iso-8859-1" ?>
<newsitem itemid="490446" id="root" date="1997-04-07" xml:lang="en">
<title>USA: CPI target useful for Fed -- economist Cecchetti.</title>
<headline>CPI target useful for Fed -- economist Cecchetti.</headline>
<byline>Isabelle Clary</byline>
<dateline>NEW YORK 1997-04-07</dateline>
<text>
<p>Targeting a Consumer Price Index (CPI) range would help the Federal Reserve make monetary policy more transparent and credible, Ohio State University Professor of Economics Stephen Cecchetti said on Monday.</p>
<p>Cecchetti, who wrote extensively about the usefulness of pegging monetary policy to a target, will become New York Fed Director of Research and Executive Vice President in August.</p>
<p>&quot;It is important for monetary policy to be transparent. This is true both because policy has to be credible and for accountability,&quot; Cecchetti told Reuters.  </p>
<p>&quot;You want policy to be credible and policy makers to be accountable. Transparency serves both of those purposes,&quot; said Cecchetti, who as research director will advise New York Fed President William McDonough on monetary policy.</p>
<p>McDonough was the first Fed official to come up with a specific target for U.S. monetary policy when he spelled out last year that price stability would correspond to a core Consumer Price Index range between 0.5 and 2.0 percent.</p>
<p>&quot;It's important for any central bank to make sure people in the country understand what central bankers are doing and why they are doing it,&quot; Cecchetti added.  </p>
<p>&quot;Having a target is the beginning of transparency. It helps explain what you are doing and why you are doing it,&quot; Cecchetti, a long-time supporter of Fed openness, also said.</p>
<p>&quot;Having a target helps explain that something has happened in the economy, and that what you are doing is because you have a goal,&quot; pointed out Cecchetti, who will replace at the New York Fed director of research Frederic Mishkin.</p>
<p>Mishkin, who will resume teaching economics at Columbia University next fall, worked with McDonough on the notion of targeting a core CPI range to achieve a more credible and accountable policy.  </p>
<p>Cecchetti acknowledged that one difficulty in pegging policy to a target was the choice of the appropriate target.</p>
<p>&quot;It's a mistake to have a policy stating inflation should be between zero and 2.0 percent all of the time because this means that if inflation would go to 2.1 or 2.2 percent, you would be forced to tighten severely simply because you stated you have to stay under 2.0 percent,&quot; he added.</p>
<p>The Humphrey-Hawkins Act requires the Fed to seek balanced growth and maximum employment as well as price stability -- a dual mandate that, at times, raises questions about the U.S. central bank's objectives or policy actions.  </p>
<p>Cecchetti said the time frame chosen to attain an inflation objective should be a key factor for policy and allow the Fed to still address near-term risks to the economy.</p>
<p>&quot;The smartest thing to do is to state a target range, and with an horizon that is medium-term, which allows for some flexibility in dealing with the possible real side problems you're going to create,&quot; the Ohio State professor said.</p>
<p>&quot;You don't want to sacrifice the real side of the economy on the short-run in order to hit your long-run inflation target,&quot; Cecchetti said, adding that specific inflation targets are impossible to hit and thus not credible.  </p>
<p>&quot;Targeting an inflation range is not about stating a hard and fast range because that's very dangerous for the real side of the economy and the repercussions are serious,&quot; stressed Cecchetti, pointing out the U.S. anti-inflation fight lacked the drive to force the CPI much below 3.0 percent.</p>
<p>&quot;There are many people who feel that if you stabilize prices as much as you possibly can, then, the real sector is destabilized significantly,&quot; he added.</p>
<p>&quot;There are policy arguments for weighting the real side as well,&quot; the future New York Fed director said, referring to the growth mandate contained in the Fed's Congressional act.</p>
<p>Althought the CPI has come under criticism for overstating inflation, Cecchetti said it was the best-known, most commonly used index that should serve to make policy more transparent.</p>
<p>(( -- 212-859-1666 ))</p>
</text>
<copyright>(c) Reuters Limited 1997</copyright>
<metadata>
<codes class="bip:countries:1.0">
  <code code="USA">
    <editdetail attribution="Reuters BIP Coding Group" action="confirmed" date="1997-04-07"/>
  </code>
</codes>
<codes class="bip:topics:1.0">
  <code code="E12">
    <editdetail attribution="Reuters BIP Coding Group" action="confirmed" date="1997-04-07"/>
  </code>
  <code code="E13">
    <editdetail attribution="Reuters BIP Coding Group" action="confirmed" date="1997-04-07"/>
  </code>
  <code code="E131">
    <editdetail attribution="Reuters BIP Coding Group" action="confirmed" date="1997-04-07"/>
  </code>
  <code code="ECAT">
    <editdetail attribution="Reuters BIP Coding Group" action="confirmed" date="1997-04-07"/>
  </code>
</codes>
<dc element="dc.date.created" value="1997-04-07"/>
<dc element="dc.publisher" value="Reuters Holdings Plc"/>
<dc element="dc.date.published" value="1997-04-07"/>
<dc element="dc.source" value="Reuters"/>
<dc element="dc.creator.location" value="NEW YORK"/>
<dc element="dc.creator.location.country.name" value="USA"/>
<dc element="dc.source" value="Reuters"/>
</metadata>
</newsitem>
