<?xml version="1.0" encoding="iso-8859-1" ?>
<newsitem itemid="490474" id="root" date="1997-04-07" xml:lang="en">
<title>USA: GM names new small car operations head.</title>
<headline>GM names new small car operations head.</headline>
<dateline>WARREN, Mich. 1997-04-07</dateline>
<text>
<p>General Motors Corp said Monday it named Mark T. Hogan as general manager of operations for its North American Operations Small Car Group.</p>
<p>The 45-year-old Hogan was previously president and managing director of GM do Brasil, the unit in charge of GM's operations in Brazil, Argentina, Paraguay and Uruguay. He succeeds James R. Wiemels, who was appointed chairman and managing director of GM's Australian subsidiary, Holden's Automotive.  </p>
<p>Hogan, whose appointment is effective May 1, will report to Donald Hackworth, the group executive who oversees GM's Midsize and Luxury Car Group, as well as the Small Car Group. Although Hogan is with GM's north american operations unit, his new role will also involve coordinating GM's increasingly global vehicle platforms.  </p>
<p>After several financial assignments, Hogan served as general manager of New United Motor Manufacturing, Inc., GM's joint venture with Toyota Motor Corp in Fremont, Calif. He had been in Brazil since 1992.</p>
<p>To replace Hogan, GM named Frederick A. Henderson to head up GM do Brasil. Henderson, 38, had been general manager of Delphi Saginaw Steering Systems. He will join GM's International Strategy Board.  </p>
<p>Paul J. Tosch, 56, was named general manager of Delphi Saginaw Steering Systems, succeeding Henderson. Tosch had been general manager of Delphi Interior &amp; Lighting Systems. He will continue to serve on the Delphi Strategy Board.</p>
<p>Rodney O'Neal was named a GM vice president and general manager of Delphi Interior &amp; Lighting Systems, succeeding Tosch. O'Neal, 43, has been general director of Warehousing and Distribution for GM's Service Parts Operations. He will join the Delphi Strategy Board.</p>
<p>Including O'Neal, GM now has four African-Americans among its more than 40 vice presidents.</p>
</text>
<copyright>(c) Reuters Limited 1997</copyright>
<metadata>
<codes class="bip:countries:1.0">
  <code code="USA">
    <editdetail attribution="Reuters BIP Coding Group" action="confirmed" date="1997-04-07"/>
  </code>
</codes>
<codes class="bip:industries:1.0">
  <code code="I35101">
    <editdetail attribution="Reuters BIP Coding Group" action="confirmed" date="1997-04-07"/>
  </code>
</codes>
<codes class="bip:topics:1.0">
  <code code="C41">
    <editdetail attribution="Reuters BIP Coding Group" action="confirmed" date="1997-04-07"/>
  </code>
  <code code="C411">
    <editdetail attribution="Reuters BIP Coding Group" action="confirmed" date="1997-04-07"/>
  </code>
  <code code="CCAT">
    <editdetail attribution="Reuters BIP Coding Group" action="confirmed" date="1997-04-07"/>
  </code>
</codes>
<dc element="dc.date.created" value="1997-04-07"/>
<dc element="dc.publisher" value="Reuters Holdings Plc"/>
<dc element="dc.date.published" value="1997-04-07"/>
<dc element="dc.source" value="Reuters"/>
<dc element="dc.creator.location" value="WARREN, Mich."/>
<dc element="dc.creator.location.country.name" value="USA"/>
<dc element="dc.source" value="Reuters"/>
</metadata>
</newsitem>
