<?xml version="1.0" encoding="iso-8859-1" ?>
<newsitem itemid="490509" id="root" date="1997-04-07" xml:lang="en">
<title>USA: PNC authorizes stock buyback.</title>
<headline>PNC authorizes stock buyback.</headline>
<dateline>PITTSBURGH 1997-04-07</dateline>
<text>
<p>PNC Bank Corp said on Monday that its board has authorized the repurchase of up to 15 million shAres of common stock in open market transactions.</p>
<p>The purchases will be made in addition to other board-authorized programs, PNC said.</p>
<p>The exact number of shares outstanding was not immediately available.</p>
<p>As of the end of the company's fourth quarter, the company had about 338.7 million fully diluted shares outstanding.  </p>
<p>A PNC spokesman said the company has 322,038,350 primary shares issued and outstanding as of February 24.</p>
</text>
<copyright>(c) Reuters Limited 1997</copyright>
<metadata>
<codes class="bip:countries:1.0">
  <code code="USA">
    <editdetail attribution="Reuters BIP Coding Group" action="confirmed" date="1997-04-07"/>
  </code>
</codes>
<codes class="bip:industries:1.0">
  <code code="I81402">
    <editdetail attribution="Reuters BIP Coding Group" action="confirmed" date="1997-04-07"/>
  </code>
</codes>
<codes class="bip:topics:1.0">
  <code code="C17">
    <editdetail attribution="Reuters BIP Coding Group" action="confirmed" date="1997-04-07"/>
  </code>
  <code code="C171">
    <editdetail attribution="Reuters BIP Coding Group" action="confirmed" date="1997-04-07"/>
  </code>
  <code code="C18">
    <editdetail attribution="Reuters BIP Coding Group" action="confirmed" date="1997-04-07"/>
  </code>
  <code code="C181">
    <editdetail attribution="Reuters BIP Coding Group" action="confirmed" date="1997-04-07"/>
  </code>
  <code code="CCAT">
    <editdetail attribution="Reuters BIP Coding Group" action="confirmed" date="1997-04-07"/>
  </code>
</codes>
<dc element="dc.date.created" value="1997-04-07"/>
<dc element="dc.publisher" value="Reuters Holdings Plc"/>
<dc element="dc.date.published" value="1997-04-07"/>
<dc element="dc.source" value="Reuters"/>
<dc element="dc.creator.location" value="PITTSBURGH"/>
<dc element="dc.creator.location.country.name" value="USA"/>
<dc element="dc.source" value="Reuters"/>
</metadata>
</newsitem>
