<?xml version="1.0" encoding="iso-8859-1" ?>
<newsitem itemid="490506" id="root" date="1997-04-07" xml:lang="en">
<title>USA: Morris CEO ordered to answer tobacco queries.</title>
<headline>Morris CEO ordered to answer tobacco queries.</headline>
<dateline>MIAMI 1997-04-07</dateline>
<text>
<p>Philip Morris Cos Inc's Chief Executive Geoffrey Bible was ordered on Monday to answer the pretrial questions from lawyers suing tobacco companies on behalf of non-smoking flight attendants claiming to have been injured by second-hand cigarette smoke.</p>
<p>But a lawyer for Philip Morris said during the hearing by Dade County Circuit Court Judge Robert Kaye that his order was likely to be challenged in a New York Court and that Bible was not likely to be available for questioning until early May.  </p>
<p>Stanley Rosenblatt, one of the lawyers pressing the class action suit on behalf of an estimated 60,000 sick flight attendants, said he needed to question Bible because he is a leading Philip Morris spokesman on tobacco policy matters.</p>
<p>Attorneys for Philip Morris said in a hearing that Bible was the head of the Philip Morris parent organization and had no direct responsibilities in the cigarette manufacturing business which is a defendant in the class action suit.</p>
<p>Next week, Rosenblatt is scheduled to question in New York the heads of cigarette units of Philip Morris and other companies.</p>
<p>The judge also ordered that several of the questions and answers to arise from these pretrial sessions in New York be kept secret.</p>
<p>David Hardy, a lawyer for Philip Morris, said that some of the questioning next week would be based on privileged industry documents and the answers should be kept secret.</p>
<p>Kaye also appointed two Florida lawyers, Michael Salmon and Irvin Block, to review in private the large numbers of tobacco industry documents which may or may not be used during the trial scheduled to begin on June 2.</p>
<p>((Michael Connor (305) 374-5013))</p>
</text>
<copyright>(c) Reuters Limited 1997</copyright>
<metadata>
<codes class="bip:countries:1.0">
  <code code="USA">
    <editdetail attribution="Reuters BIP Coding Group" action="confirmed" date="1997-04-07"/>
  </code>
</codes>
<codes class="bip:industries:1.0">
  <code code="I42900">
    <editdetail attribution="Reuters BIP Coding Group" action="confirmed" date="1997-04-07"/>
  </code>
</codes>
<codes class="bip:topics:1.0">
  <code code="C12">
    <editdetail attribution="Reuters BIP Coding Group" action="confirmed" date="1997-04-07"/>
  </code>
  <code code="CCAT">
    <editdetail attribution="Reuters BIP Coding Group" action="confirmed" date="1997-04-07"/>
  </code>
  <code code="GCAT">
    <editdetail attribution="Reuters BIP Coding Group" action="confirmed" date="1997-04-07"/>
  </code>
  <code code="GCRIM">
    <editdetail attribution="Reuters BIP Coding Group" action="confirmed" date="1997-04-07"/>
  </code>
  <code code="GHEA">
    <editdetail attribution="Reuters BIP Coding Group" action="confirmed" date="1997-04-07"/>
  </code>
</codes>
<dc element="dc.date.created" value="1997-04-07"/>
<dc element="dc.publisher" value="Reuters Holdings Plc"/>
<dc element="dc.date.published" value="1997-04-07"/>
<dc element="dc.source" value="Reuters"/>
<dc element="dc.creator.location" value="MIAMI"/>
<dc element="dc.creator.location.country.name" value="USA"/>
<dc element="dc.source" value="Reuters"/>
</metadata>
</newsitem>
