<?xml version="1.0" encoding="iso-8859-1" ?>
<newsitem itemid="592777" id="root" date="1997-05-17" xml:lang="en">
<title>PORTUGAL: SOCCER-PORTUGAL FIRST DIVISION RESULTS/STANDINGS.</title>
<headline>SOCCER-PORTUGAL FIRST DIVISION RESULTS/STANDINGS.</headline>
<dateline>LISBON 1997-05-17</dateline>
<text>
<p>Results of Portuguese first</p>
<p>division soccer matches on Saturday:</p>
<p> Guimaraes    0 Porto 4</p>
<p> Chaves	 2 Boavista 1</p>
<p>Played on Friday:</p>
<p> Salgueiros   0 Sporting 3</p>
<p>Playing on Sunday:</p>
<p> Belenenses   v Estrela Amadora</p>
<p>Uniao Leiria v Espinho</p>
<p> Setubal	v Farense</p>
<p>Gil Vicente  v Rio Ave</p>
<p> Braga	  v Maritimo</p>
<p> Benfica	v Leca</p>
<p>    Standings	 Pl    W    D    L     F    A    Pts</p>
<p> 1. Porto	     31   25    4    2    73   21    79</p>
<p> 2. Sporting	  31   21    5    5    51   16    68</p>
<p> 3. Benfica	   30   16    7    7    47   24    55</p>
<p> 4. Braga	     30   14    7    9    37   39    49</p>
<p> 5. Salgueiros	31   13    9    9    43   42    48</p>
<p> 6. Guimaraes	 31   13    7   11    48   46    46</p>
<p> 7. Estrela Amadora 30   12    9    9    36   31    45</p>
<p> 8. Chaves	    31   12    7    12   37   43    43</p>
<p> 9. Boavista	  31   9     13   9    49   36    40</p>
<p> 10.Maritimo	  30   11    6   13    31   38    39</p>
<p> 11.Belenenses	30    9    9   12    35   46    36</p>
<p> 12.Setubal	   30    9    9   12    36   40    36</p>
<p> 13.Leca		30    9    8   13    33   38    35</p>
<p> 14.Farense	   30    8   10   12    27   32    34</p>
<p> 15.Rio Ave	   30    7    9   14    32   39    30</p>
<p> 16.Espinho	   30    8    4   18    22   47    28</p>
<p> 17.Uniao Leiria    30    7    5   18    22   45    26</p>
<p> 18.Gil Vicente     30    3    6   21    26   63    15</p>
</text>
<copyright>(c) Reuters Limited 1997</copyright>
<metadata>
<codes class="bip:countries:1.0">
  <code code="PORL">
    <editdetail attribution="Reuters BIP Coding Group" action="confirmed" date="1997-05-17"/>
  </code>
</codes>
<codes class="bip:topics:1.0">
  <code code="GCAT">
    <editdetail attribution="Reuters BIP Coding Group" action="confirmed" date="1997-05-17"/>
  </code>
  <code code="GSPO">
    <editdetail attribution="Reuters BIP Coding Group" action="confirmed" date="1997-05-17"/>
  </code>
</codes>
<dc element="dc.date.created" value="1997-05-17"/>
<dc element="dc.publisher" value="Reuters Holdings Plc"/>
<dc element="dc.date.published" value="1997-05-17"/>
<dc element="dc.source" value="Reuters"/>
<dc element="dc.creator.location" value="LISBON"/>
<dc element="dc.creator.location.country.name" value="PORTUGAL"/>
<dc element="dc.source" value="Reuters"/>
</metadata>
</newsitem>
