<?xml version="1.0" encoding="iso-8859-1" ?>
<newsitem itemid="592795" id="root" date="1997-05-17" xml:lang="en">
<title>ITALY: CYCLING-GIRO D'ITALIA FIRST STAGE PLACINGS.</title>
<headline>CYCLING-GIRO D'ITALIA FIRST STAGE PLACINGS.</headline>
<dateline>VENICE, Italy 1997-05-17</dateline>
<text>
<p>Leading placings in 128-km</p>
<p>first stage of the Giro d'Italia at the Lido island on Saturday:</p>
<p>  1. Mario Cipollini (Italy) Saeco   2 hours 38 minutes 17</p>
<p>seconds.</p>
<p>2. Nicola Minali (Italy) Batik</p>
<p>3. Endrio Leoni (Italy) AKI</p>
<p>4. Filippo Meloni (Italy) Amore and Vita</p>
<p>5. Mirko Rossato (Italy) Scrigno</p>
<p>6. Marcel Wust (Germany) Festina</p>
<p>7. Gabriele Balducci (Italy) Ceramiche Refin</p>
<p>8. Angel Edo (Spain) Kelme</p>
<p>9. Gabriele Missaglia (Italy) Mapei</p>
<p>10. Sergei Outschakov (Ukraine) Polti</p>
<p>11. Fabio Baldato (Italy) Maglificio MG</p>
<p>12. Jan Svorada (Czech Republic) Mapei</p>
<p>13. Glenn Magnusson (Sweden) Amore and Vita</p>
<p>14. Mario Manzoni (Italy) Roslotto</p>
<p>15. Mariano Piccoli (Italy) Brescialat</p>
<p>16. Mirco Crepaldi (Italy) Polti</p>
<p>17. Marco Velo (Italy) Brescialat</p>
<p>18. Vassili Davidenko (Russia) Kross</p>
<p>19. Paolo Valoti (Italy) Cantina Tollo</p>
<p>20. Massimiliano Gentili (Italy) Cantina Tollo  all same time</p>
<p>Leading overall standings:</p>
<p>  1. Cipollini	  2 hours 38 minutes 5 seconds</p>
<p>  2. Minali			  4 seconds behind</p>
<p>  3. Leoni			   8</p>
<p>  4. Magnusson		     same time</p>
<p>  5. Baldato			10</p>
<p>  6. Meloni			 12</p>
<p>7. Wust</p>
<p>8. Rossato</p>
<p>9. Balducci</p>
<p>10. Edo</p>
<p>11. Missaglia</p>
<p>12. Outschakov</p>
<p>13. Svorada</p>
<p>14. Manzoni</p>
<p>15. Piccoli</p>
<p>16. Crepaldi</p>
<p>17. Velo</p>
<p>18. Davidenko</p>
<p>19. Valoti</p>
<p> 20. Gentili			all same time as Meloni</p>
</text>
<copyright>(c) Reuters Limited 1997</copyright>
<metadata>
<codes class="bip:countries:1.0">
  <code code="ITALY">
    <editdetail attribution="Reuters BIP Coding Group" action="confirmed" date="1997-05-17"/>
  </code>
</codes>
<codes class="bip:topics:1.0">
  <code code="GCAT">
    <editdetail attribution="Reuters BIP Coding Group" action="confirmed" date="1997-05-17"/>
  </code>
  <code code="GSPO">
    <editdetail attribution="Reuters BIP Coding Group" action="confirmed" date="1997-05-17"/>
  </code>
</codes>
<dc element="dc.date.created" value="1997-05-17"/>
<dc element="dc.publisher" value="Reuters Holdings Plc"/>
<dc element="dc.date.published" value="1997-05-17"/>
<dc element="dc.source" value="Reuters"/>
<dc element="dc.creator.location" value="VENICE, Italy"/>
<dc element="dc.creator.location.country.name" value="ITALY"/>
<dc element="dc.source" value="Reuters"/>
</metadata>
</newsitem>
