<?xml version="1.0" encoding="iso-8859-1" ?>
<newsitem itemid="592789" id="root" date="1997-05-17" xml:lang="en">
<title>FRANCE: SOCCER-FRENCH LEAGUE SUMMARIES.</title>
<headline>SOCCER-FRENCH LEAGUE SUMMARIES.</headline>
<dateline>PARIS 1997-05-17</dateline>
<text>
<p>Summaries of French first division</p>
<p>matches on Saturday:</p>
<p> Marseille	     1 - Roy penalty 38</p>
<p> Paris St Germain    0</p>
<p>HT: 1-0  Att: 25,000</p>
<p>- - - -</p>
<p> Bastia		  2 - Siljak 52, Moreau 86</p>
<p> Auxerre		 1 - Lamouchi 9</p>
<p>HT: 0-1  Att: 5,000</p>
<p>- - - -</p>
<p> Nantes		  3 - Sellimi 5, N'Doram 37,</p>
<p>				 Carotti 90</p>
<p> Montpellier	   0</p>
<p>HT: 2-0  Att: 33,000</p>
<p>- - - -</p>
<p> Bordeaux		2 - Ba 32, Papin 35</p>
<p> Lyon		    2 - Giuly 34, Bardon 78</p>
<p>HT: 2-1  Att: 25,000</p>
<p>- - - -</p>
<p> Nice		    3 - Debbah two penalties 12, 75</p>
<p>				 Kubica 44</p>
<p> Metz		    0</p>
<p>HT: 2-0  Att: 5,000</p>
<p>- - - -</p>
<p> Nancy		   1 - Eloi</p>
<p> Monaco		  3 - Scifo 47, Benarbia 60</p>
<p>				 Legwinski 76</p>
<p>HT: 0-0  Att: 10,000</p>
<p>- - - -</p>
<p> Strasbourg	    1 - Baticle 75</p>
<p> Lens		    0</p>
<p>HT: 0-0  Att: 11,000</p>
<p>- - - -</p>
<p> Caen		    3 - Nee 35, 55, Rival 90</p>
<p> Cannes		  0</p>
<p>HT: 1-0  Att: 6,000</p>
<p>- - - -</p>
<p> Lille		   2 - Dindeleux 26, Becanovic 67</p>
<p> Le Havre		2 - Ramdane 14, Wieszczycki 49</p>
<p>HT: 1-1  Att: 10,000</p>
<p>- - - -</p>
<p> Rennes		  1 - Rekdal 19</p>
<p> Guingamp		1 - Wreh 80</p>
<p>HT: 1-0  Att: 18,000</p>
</text>
<copyright>(c) Reuters Limited 1997</copyright>
<metadata>
<codes class="bip:countries:1.0">
  <code code="FRA">
    <editdetail attribution="Reuters BIP Coding Group" action="confirmed" date="1997-05-17"/>
  </code>
</codes>
<codes class="bip:topics:1.0">
  <code code="GCAT">
    <editdetail attribution="Reuters BIP Coding Group" action="confirmed" date="1997-05-17"/>
  </code>
  <code code="GSPO">
    <editdetail attribution="Reuters BIP Coding Group" action="confirmed" date="1997-05-17"/>
  </code>
</codes>
<dc element="dc.date.created" value="1997-05-17"/>
<dc element="dc.publisher" value="Reuters Holdings Plc"/>
<dc element="dc.date.published" value="1997-05-17"/>
<dc element="dc.source" value="Reuters"/>
<dc element="dc.creator.location" value="PARIS"/>
<dc element="dc.creator.location.country.name" value="FRANCE"/>
<dc element="dc.source" value="Reuters"/>
</metadata>
</newsitem>
