<?xml version="1.0" encoding="iso-8859-1" ?>
<newsitem itemid="592781" id="root" date="1997-05-17" xml:lang="en">
<title>SPAIN: SOCCER-SUMMARY IN THE SPANISH LEAGUE.</title>
<headline>SOCCER-SUMMARY IN THE SPANISH LEAGUE.</headline>
<dateline>SEVILLE 1997-05-17</dateline>
<text>
<p>Summary in the Spanish league championship on Saturday:</p>
<p> Real Betis   3 - Jarni 8, 48, Canas 83</p>
<p> Sevilla	3 - Prosinecki pen 27, Ballesta 86,</p>
<p>			Galvan 90</p>
<p>Red card: Roberto Rios (RB) 27.</p>
<p>HT: 1-1  Att: 47,000</p>
</text>
<copyright>(c) Reuters Limited 1997</copyright>
<metadata>
<codes class="bip:countries:1.0">
  <code code="SPAIN">
    <editdetail attribution="Reuters BIP Coding Group" action="confirmed" date="1997-05-17"/>
  </code>
</codes>
<codes class="bip:topics:1.0">
  <code code="GCAT">
    <editdetail attribution="Reuters BIP Coding Group" action="confirmed" date="1997-05-17"/>
  </code>
  <code code="GSPO">
    <editdetail attribution="Reuters BIP Coding Group" action="confirmed" date="1997-05-17"/>
  </code>
</codes>
<dc element="dc.date.created" value="1997-05-17"/>
<dc element="dc.publisher" value="Reuters Holdings Plc"/>
<dc element="dc.date.published" value="1997-05-17"/>
<dc element="dc.source" value="Reuters"/>
<dc element="dc.creator.location" value="SEVILLE"/>
<dc element="dc.creator.location.country.name" value="SPAIN"/>
<dc element="dc.source" value="Reuters"/>
</metadata>
</newsitem>
