<?xml version="1.0" encoding="iso-8859-1" ?>
<newsitem itemid="592763" id="root" date="1997-05-17" xml:lang="en">
<title>USA: NBA BASKETBALL-HOUSTON BEATS SEATTLE TO WIN WESTERN CONFERENCE SEMIFINALS.</title>
<headline>NBA BASKETBALL-HOUSTON BEATS SEATTLE TO WIN WESTERN CONFERENCE SEMIFINALS.</headline>
<dateline>HOUSTON 1997-05-17</dateline>
<text>
<p>The Houston Rockets rode their</p>
<p>All-Star trio of Hakeem Olajuwon, Charles Barkley and Clyde</p>
<p>Drexler into the Western Conference finals with a 96-91 Game</p>
<p>Seven win over the Seattle SuperSonics on Saturday.</p>
<p>Olajuwon, Barkley and Drexler scored all but six of</p>
<p>Houston's points in the second half, when the Rockets surged</p>
<p>to a 14-point lead and held off a furious rally by the</p>
<p>defending conference champions down the stretch to win the</p>
<p>best-of-seven series 4-3.</p>
<p>Drexler scored eight of his 24 points in the fourth</p>
<p>quarter. Olajuwon added 22 and 13 rebounds and Barkley -- who</p>
<p>guaranteed a win after two straight Houston losses --</p>
<p>contributed 20 and 14. The Rockets took control by holding the</p>
<p>SuperSonics without a point for nearly six minutes of the</p>
<p>second half.</p>
<p>Matt Maloney scored 15 points for the Rockets, who will</p>
<p>face the Utah Jazz in the conference finals on Monday.</p>
<p>Housted Seattle for the first time in six playoff</p>
<p>series and kept alive a trend that has seen the home team win</p>
<p>23 of the last 25 Game Sevens.</p>
<p>Gary Payton scored 27 points and Shawn Kemp had 21 and 10</p>
<p>boards for the Sonics, who lost an elimination game for the</p>
<p>first time in five tries.</p>
</text>
<copyright>(c) Reuters Limited 1997</copyright>
<metadata>
<codes class="bip:countries:1.0">
  <code code="USA">
    <editdetail attribution="Reuters BIP Coding Group" action="confirmed" date="1997-05-17"/>
  </code>
</codes>
<codes class="bip:topics:1.0">
  <code code="GCAT">
    <editdetail attribution="Reuters BIP Coding Group" action="confirmed" date="1997-05-17"/>
  </code>
  <code code="GSPO">
    <editdetail attribution="Reuters BIP Coding Group" action="confirmed" date="1997-05-17"/>
  </code>
</codes>
<dc element="dc.date.created" value="1997-05-17"/>
<dc element="dc.publisher" value="Reuters Holdings Plc"/>
<dc element="dc.date.published" value="1997-05-17"/>
<dc element="dc.source" value="Reuters"/>
<dc element="dc.creator.location" value="HOUSTON"/>
<dc element="dc.creator.location.country.name" value="USA"/>
<dc element="dc.source" value="Reuters"/>
</metadata>
</newsitem>
