<?xml version="1.0" encoding="iso-8859-1" ?>
<newsitem itemid="592779" id="root" date="1997-05-17" xml:lang="en">
<title>AUSTRIA: SOCCER-AUSTRIAN LEAGUE RESULTS/STANDINGS.</title>
<headline>SOCCER-AUSTRIAN LEAGUE RESULTS/STANDINGS.</headline>
<dateline>VIENNA 1997-05-17</dateline>
<text>
<p>Results of Austrian league championship soccer matches played on Saturday:</p>
<p> Austria Vienna     2   SCN Admira/Wacker 1</p>
<p> Casino Graz	  1   Sturm Graz	  1</p>
<p> FC Tirol Innsbruck 2   FC Linz	     0</p>
<p> SV Salzburg	  4   SV Ried	     2</p>
<p> Linzer ASK	   1   Rapid Vienna	1</p>
<p> Standings		    P   W   D   L   F   A  Pts</p>
<p> 1. Rapid Vienna	   32  17  11   4  60   29  62</p>
<p> 2. SV Salzburg	    32  17  11   4  49   21  62</p>
<p> 3. FC Tirol Innsbruck   32  15   7  10  43   33  52</p>
<p> 4. Sturm Graz	     32  12  12   8  43   28  48</p>
<p> 5. Linzer ASK	     32   9  16   7  34   34  43</p>
<p> 6. Casino Graz	    32   9  12  11  32   39  39</p>
<p> 7. Austria Vienna	 32  10   8  14  36   49  38</p>
<p> 8. SV Ried		  32  10   5  17  38   53  35</p>
<p> 9. FC Linz		  32   5  11  16  24   43  26</p>
<p> 10. SCN Admira/Wacker   32   5   9  18  29   59  24</p>
</text>
<copyright>(c) Reuters Limited 1997</copyright>
<metadata>
<codes class="bip:countries:1.0">
  <code code="AUST">
    <editdetail attribution="Reuters BIP Coding Group" action="confirmed" date="1997-05-17"/>
  </code>
</codes>
<codes class="bip:topics:1.0">
  <code code="GCAT">
    <editdetail attribution="Reuters BIP Coding Group" action="confirmed" date="1997-05-17"/>
  </code>
  <code code="GSPO">
    <editdetail attribution="Reuters BIP Coding Group" action="confirmed" date="1997-05-17"/>
  </code>
</codes>
<dc element="dc.date.created" value="1997-05-17"/>
<dc element="dc.publisher" value="Reuters Holdings Plc"/>
<dc element="dc.date.published" value="1997-05-17"/>
<dc element="dc.source" value="Reuters"/>
<dc element="dc.creator.location" value="VIENNA"/>
<dc element="dc.creator.location.country.name" value="AUSTRIA"/>
<dc element="dc.source" value="Reuters"/>
</metadata>
</newsitem>
