<?xml version="1.0" encoding="iso-8859-1" ?>
<newsitem itemid="592793" id="root" date="1997-05-17" xml:lang="en">
<title>ITALY: CYCLING-LION KING CIPOLLINI WANTS PUMA CUB.</title>
<headline>CYCLING-LION KING CIPOLLINI WANTS PUMA CUB.</headline>
<dateline>VENICE, Italy 1997-05-17</dateline>
<text>
<p>Mario Cipollini, known as Re Leone (Lion King) in the jungle of the massed sprint finishes, wants to adopt a puma cub.</p>
<p>After winning Saturday's hunt for the first pink jersey of this year's Giro d'Italia, the Italian talked about his growing menagerie at his home in the Tuscan countryside.</p>
<p>&quot;I would like a puma and I am told that if you have one while it is still a cub it can be brought up to be tame.&quot;</p>
<p>Cipollini's wife Sabrina is likely to cage his dream, especially with their first child due next month, but the Lion King has other options.</p>
<p>&quot;I also would like an ostrich,&quot; he said. &quot;It could act as a sentinel in our garden because with its long neck it can see over the garden wall.&quot;</p>
<p>Cipollini already has two watchdogs, a boxer, a Yorkshire terrier, two cats, a parakeet, a cockatoo and a mynah bird which squawks &quot;Jalabert, Jalabert&quot; to remind him of his rival and French number one cyclist Laurent Jalabert.</p>
<p>One of Cipollini's team mates has the Lion King's horse lodging at his farm.</p>
</text>
<copyright>(c) Reuters Limited 1997</copyright>
<metadata>
<codes class="bip:countries:1.0">
  <code code="ITALY">
    <editdetail attribution="Reuters BIP Coding Group" action="confirmed" date="1997-05-17"/>
  </code>
</codes>
<codes class="bip:topics:1.0">
  <code code="GCAT">
    <editdetail attribution="Reuters BIP Coding Group" action="confirmed" date="1997-05-17"/>
  </code>
  <code code="GSPO">
    <editdetail attribution="Reuters BIP Coding Group" action="confirmed" date="1997-05-17"/>
  </code>
</codes>
<dc element="dc.date.created" value="1997-05-17"/>
<dc element="dc.publisher" value="Reuters Holdings Plc"/>
<dc element="dc.date.published" value="1997-05-17"/>
<dc element="dc.source" value="Reuters"/>
<dc element="dc.creator.location" value="VENICE, Italy"/>
<dc element="dc.creator.location.country.name" value="ITALY"/>
<dc element="dc.source" value="Reuters"/>
</metadata>
</newsitem>
