<?xml version="1.0" encoding="iso-8859-1" ?>
<newsitem itemid="592799" id="root" date="1997-05-17" xml:lang="en">
<title>GERMANY: SOCCER-GERMAN FIRST DIVISION RESULTS/STANDINGS.</title>
<headline>SOCCER-GERMAN FIRST DIVISION RESULTS/STANDINGS.</headline>
<dateline>BONN 1997-05-17</dateline>
<text>
<p>Results of soccer matches played in</p>
<p>the German first division on Saturday:</p>
<p> Borussia Moenchengladbach  6  Bochum	    2</p>
<p> Bayer Leverkusen	     3  St. Pauli	 0</p>
<p> Borussia Dortmund	    2  Werder Bremen   1</p>
<p> 1860 Munich		    2  Schalke	   1</p>
<p> VfB Stuttgart		  0  Duisburg	  2</p>
<p> Hamburg			  0  Cologne	   4</p>
<p>Played on Friday:</p>
<p> Hansa Rostock		  0  Bayern Munich   3</p>
<p> Fortuna Duesseldorf	  0  Karlsruhe	 3</p>
<p>Playing on Sunday</p>
<p> Freiburg			 v  Arminia Bielefeld</p>
<p>Bundesliga standings after Saturday's games</p>
<p>				    P     W   D   L     F   A   Pts</p>
<p> Bayern Munich		 32    19  10   3    62  30    67</p>
<p> Bayer Leverkusen	    32    20   6   6    67  37    66</p>
<p> Borussia Dortmund	   32    18   6   8    60  38    60</p>
<p> VfB Stuttgart		 32    17   7   8    72  34    58</p>
<p> Bochum			  32    13  11   8    48  49    50</p>
<p> 1860 Munich		   32    13  10   9    56  50    49</p>
<p> Karlsruhe		     32    12   9  11    51  43    45</p>
<p> Borussia Moenchengladbach 32    12   6  14    42  42    42</p>
<p> Werder Bremen		 32    12   6  14    49  52    42</p>
<p> Cologne			 32    12   5  15    57  60    41</p>
<p> Arminia Bielefeld	   31    11   7  13    42  45    40</p>
<p> Schalke			 32    10  10  12    34  38    40</p>
<p> Duisburg			32    10   9  13    38  47    39</p>
<p> Hansa Rostock		 32    10   7  15    32  44    37</p>
<p> Hamburg			 32     9  10  13    43  58    37</p>
<p> Fortuna Duesseldorf	 32     9   5  18    25  55    32</p>
<p> St. Pauli		     32     7   6  19    32  61    27</p>
<p> Freiburg			31     6   4  21    38  65    22</p>
</text>
<copyright>(c) Reuters Limited 1997</copyright>
<metadata>
<codes class="bip:countries:1.0">
  <code code="GFR">
    <editdetail attribution="Reuters BIP Coding Group" action="confirmed" date="1997-05-17"/>
  </code>
</codes>
<codes class="bip:topics:1.0">
  <code code="GCAT">
    <editdetail attribution="Reuters BIP Coding Group" action="confirmed" date="1997-05-17"/>
  </code>
  <code code="GSPO">
    <editdetail attribution="Reuters BIP Coding Group" action="confirmed" date="1997-05-17"/>
  </code>
</codes>
<dc element="dc.date.created" value="1997-05-17"/>
<dc element="dc.publisher" value="Reuters Holdings Plc"/>
<dc element="dc.date.published" value="1997-05-17"/>
<dc element="dc.source" value="Reuters"/>
<dc element="dc.creator.location" value="BONN"/>
<dc element="dc.creator.location.country.name" value="GERMANY"/>
<dc element="dc.source" value="Reuters"/>
</metadata>
</newsitem>
