<?xml version="1.0" encoding="iso-8859-1" ?>
<newsitem itemid="592746" id="root" date="1997-05-17" xml:lang="en">
<title>UGANDA: SOCCER-KAMPALA BEAT ZAIRE'S BANTOUS 1-0 IN CAF CUP.</title>
<headline>SOCCER-KAMPALA BEAT ZAIRE'S BANTOUS 1-0 IN CAF CUP.</headline>
<dateline>KAMPALA 1997-05-17</dateline>
<text>
<p>Kampala City Council (Uganda) beat AS Bantous (Zaire) 1-0 (halftime 1-0) in a Confederation of African Football (CAF) Cup second round, second leg match on Saturday.</p>
<p>Scorers: Mohamed Dyansi 43</p>
<p>Attendance: 20,000</p>
<p>Kampala City Council win 1-0 on aggregate.</p>
</text>
<copyright>(c) Reuters Limited 1997</copyright>
<metadata>
<codes class="bip:countries:1.0">
  <code code="UGANDA">
    <editdetail attribution="Reuters BIP Coding Group" action="confirmed" date="1997-05-17"/>
  </code>
  <code code="ZAIRE">
    <editdetail attribution="Reuters BIP Coding Group" action="confirmed" date="1997-05-17"/>
  </code>
</codes>
<codes class="bip:topics:1.0">
  <code code="GCAT">
    <editdetail attribution="Reuters BIP Coding Group" action="confirmed" date="1997-05-17"/>
  </code>
  <code code="GSPO">
    <editdetail attribution="Reuters BIP Coding Group" action="confirmed" date="1997-05-17"/>
  </code>
</codes>
<dc element="dc.date.created" value="1997-05-17"/>
<dc element="dc.publisher" value="Reuters Holdings Plc"/>
<dc element="dc.date.published" value="1997-05-17"/>
<dc element="dc.source" value="Reuters"/>
<dc element="dc.creator.location" value="KAMPALA"/>
<dc element="dc.creator.location.country.name" value="UGANDA"/>
<dc element="dc.source" value="Reuters"/>
</metadata>
</newsitem>
