<?xml version="1.0" encoding="iso-8859-1" ?>
<newsitem itemid="592828" id="root" date="1997-05-17" xml:lang="en">
<title>UK: Old Jumbo blown up for passenger safety.</title>
<headline>Old Jumbo blown up for passenger safety.</headline>
<byline>Nicholas Winning</byline>
<dateline>BRUNTINGTHORPE, England 1997-05-17</dateline>
<text>
<p>Scientists on Saturday blew up an old Jumbo jet in their quest for ways to make planes safer from terrorist attack.</p>
<p>The giant jet was almost split in two by the blasts, which left the tail section lying crumpled on the ground.</p>
<p>The test, sponsored by Britain's Civil Aviation Authority (CAA) and the U.S. Federal Aviation Administration (FAA), was designed to find new ways of making aircraft more bomb-resistant.</p>
<p>Four bombs were exploded inside the pressurised cargo hold of a Boeing 747 in the former U.S. Air Force Strategic Air Command base at Bruntingthorpe, Leicester, about 100 miles (160 km) north of London.</p>
<p>The CAA and FAA have been seeking tougher designs to protect civil airliners against terrorist bombs.</p>
<p>In 1988, 270 people were killed when a bomb destroyed  a Pan Am 747 which crashed to the earth in Lockerbie, Scotland. In 1989, another 171 perished when a bomb brought down a French UTA DC-10 airliner over Niger.</p>
<p>The experiment, part of a five-year $5 million research programme to improve aircraft structures, was carried out by Britain's Defence Evaluation Research Agency (DERA), a wing of the Ministry of Defence.</p>
<p>DERA spokesman Rupert Cazalet would not disclose the exact size of the explosive charges short of saying they were &quot;similar to what happened at Lockerbie.&quot;</p>
<p>Reports said just under one pound of semtex, a pliable odourless plastic explosive, was used in the Lockerbie bomb.</p>
<p>Two explosions were designed to test two new types of baggage containers and a third tested a body-armour type of protective material in the cargo hold.</p>
<p>A fourth demonstrated the impact of bombs against unprotected structures, CAA spokesman Richard Wright said.</p>
<p>Frank Taylor, director of Cranfield University's Aviation Safety Centre, said these experiments seek to localise the damage from bombs to curb the devasting spread of the impact which caused the Lockerbie disaster.</p>
<p>&quot;They look at the gap between the outer skin and inner lining of the plane. A bomb will blow a hole in the side of the plane anyway, that's inevitable. At Lockerbie, the shock waves channelled between the outer and inner skin around the fuselage and met around the other side and reinforced themselves and the whole thing was immediately totally destroyed,&quot; Taylor said.</p>
<p>&quot;These experiments are trying to change the design to stop the shock waves travelling around,&quot; Taylor said.</p>
<p>Professor Glyn Davies, head of aero structures at Imperial College in London, said it would also be possible to toughen the structures of the luggage and freight containers that travel in the belly of the plane.</p>
<p>Weight constraints have proved an obstacle to ensuring maximum protection, but an improvement in both the strength of containers and the hull could be the key to minimising bomb damage, Davies said.</p>
<p>&quot;Airliners are designed for extreme cases. Most of the time they are much stronger than they should be. If you lose the odd bit it is quite likely to survive,&quot; Davies said.</p>
<p>He pointed to a Hawaiian-based Boeing 737 which landed safely after about one third of the roof had been ripped off, and a Philippines BAC-111 which survived two separate bomb attempts.</p>
<p>The doomed former Air France 747-100 was built in 1972 and was sold to an aerospace museum at Bruntingthorpe in England 1994.</p>
<p>DERA said everything of value such as the the engines and major components were removed and the remains would be sold as scrap.</p>
<p>The CAA bought the 747 for an undisclosed sum in 1995. It was used as a a conference centre and exhibit before being blown up.</p>
</text>
<copyright>(c) Reuters Limited 1997</copyright>
<metadata>
<codes class="bip:countries:1.0">
  <code code="UK">
    <editdetail attribution="Reuters BIP Coding Group" action="confirmed" date="1997-05-17"/>
  </code>
</codes>
<codes class="bip:industries:1.0">
  <code code="I36400">
    <editdetail attribution="Reuters BIP Coding Group" action="confirmed" date="1997-05-17"/>
  </code>
  <code code="I3640010">
    <editdetail attribution="Reuters BIP Coding Group" action="confirmed" date="1997-05-17"/>
  </code>
  <code code="I75000">
    <editdetail attribution="Reuters BIP Coding Group" action="confirmed" date="1997-05-17"/>
  </code>
</codes>
<codes class="bip:topics:1.0">
  <code code="C13">
    <editdetail attribution="Reuters BIP Coding Group" action="confirmed" date="1997-05-17"/>
  </code>
  <code code="C23">
    <editdetail attribution="Reuters BIP Coding Group" action="confirmed" date="1997-05-17"/>
  </code>
  <code code="CCAT">
    <editdetail attribution="Reuters BIP Coding Group" action="confirmed" date="1997-05-17"/>
  </code>
  <code code="GCAT">
    <editdetail attribution="Reuters BIP Coding Group" action="confirmed" date="1997-05-17"/>
  </code>
  <code code="GDIS">
    <editdetail attribution="Reuters BIP Coding Group" action="confirmed" date="1997-05-17"/>
  </code>
</codes>
<dc element="dc.date.created" value="1997-05-17"/>
<dc element="dc.publisher" value="Reuters Holdings Plc"/>
<dc element="dc.date.published" value="1997-05-17"/>
<dc element="dc.source" value="Reuters"/>
<dc element="dc.creator.location" value="BRUNTINGTHORPE, England"/>
<dc element="dc.creator.location.country.name" value="UK"/>
<dc element="dc.source" value="Reuters"/>
</metadata>
</newsitem>
