<?xml version="1.0" encoding="iso-8859-1" ?>
<newsitem itemid="592885" id="root" date="1997-05-17" xml:lang="en">
<title>RUSSIA: Yeltsin meets Annan, says Russia will pay UN debts.</title>
<headline>Yeltsin meets Annan, says Russia will pay UN debts.</headline>
<dateline>MOSCOW 1997-05-17</dateline>
<text>
<p>President Boris Yeltsin said on Saturday Russia would settle its debts to the United Nations and increase its cooperation with the organisation.</p>
<p>During a meeting in the Kremlin with Kofi Annan, Yeltsin praised the new Secretary-General's &quot;energetic work&quot; on reorganisation. Annan was to fly to St Petersburg later on Saturday and conclude a four-day visit to Russia on Sunday.</p>
<p>&quot;We will develop our cooperation with the U.N.,&quot; Yeltsin said at the start of their meeting. &quot;We will settle up, in a disciplined way as is planned, without creating new debts.&quot;</p>
<p>Russia is the second biggest debtor to the U.N., though its debts are a fraction of those of the United States, which owes well over half the organisation's $2.3 billion deficit.</p>
<p>Russia paid $305 million to the organisation last year and has promised to pay off the rest of its debts. In September last year it owed some $300 million for peacekeeping operations, which are the main component of member countries' debts to the U.N.</p>
<p>Annan told a news conference he had discussed a wide range of subjects with Yeltsin, including the treaty agreed between Russia and NATO last week which aims to calm Russian worries about the alliance's plan to invite east European countries to join. Annan said the treaty should increase global security.</p>
<p>Among other topics, he said he discussed ways of &quot;enhancing&quot; the U.N.'s activities in peacekeeping in the former Soviet Union in cooperation with Russia.</p>
</text>
<copyright>(c) Reuters Limited 1997</copyright>
<metadata>
<codes class="bip:countries:1.0">
  <code code="RUSS">
    <editdetail attribution="Reuters BIP Coding Group" action="confirmed" date="1997-05-17"/>
  </code>
  <code code="UN">
    <editdetail attribution="Reuters BIP Coding Group" action="confirmed" date="1997-05-17"/>
  </code>
</codes>
<codes class="bip:topics:1.0">
  <code code="E21">
    <editdetail attribution="Reuters BIP Coding Group" action="confirmed" date="1997-05-17"/>
  </code>
  <code code="ECAT">
    <editdetail attribution="Reuters BIP Coding Group" action="confirmed" date="1997-05-17"/>
  </code>
  <code code="GCAT">
    <editdetail attribution="Reuters BIP Coding Group" action="confirmed" date="1997-05-17"/>
  </code>
  <code code="GDIP">
    <editdetail attribution="Reuters BIP Coding Group" action="confirmed" date="1997-05-17"/>
  </code>
</codes>
<dc element="dc.date.created" value="1997-05-17"/>
<dc element="dc.publisher" value="Reuters Holdings Plc"/>
<dc element="dc.date.published" value="1997-05-17"/>
<dc element="dc.source" value="Reuters"/>
<dc element="dc.creator.location" value="MOSCOW"/>
<dc element="dc.creator.location.country.name" value="RUSSIA"/>
<dc element="dc.source" value="Reuters"/>
</metadata>
</newsitem>
