<?xml version="1.0" encoding="iso-8859-1" ?>
<newsitem itemid="592837" id="root" date="1997-05-17" xml:lang="en">
<title>CHAD: GOVERNMENT LIST.</title>
<headline>GOVERNMENT LIST.</headline>
<text>
<p>CHAD GOVERNMENT LIST (970517-2)</p>
<p> ************************************************************</p>
<p> * 16 May 97 - Prime Minister Koibla and his government     *</p>
<p> *		 resigned and the President accepted the	*</p>
<p> *		 resignation. He later named Nassour	    *</p>
<p> *		 Guelengdoussia Ouaido as the new PM.	   *</p>
<p> ************************************************************</p>
<p>			     - - - - - - -</p>
<p> President (Sworn in 8 Aug 96)....................Idriss DEBY</p>
<p>			     - - - - - - -</p>
<p> Prime Minister.................Nassour Guelengdoussia OUAIDO</p>
<p>(Apptd 17 May 97)</p>
<p>			     - - - - - - -</p>
<p>OUTGOING TRANSITIONAL GOVERNMENT</p>
<p> Prime Minister (Apptd 8 Apr 95)............Djimasta KOIBLA**</p>
<p>			     (**Resigned 16 May 97, see note above)</p>
<p>			     - - - - - - -</p>
<p>MINISTERS</p>
<p> Armed Forces................................Youssouf TOGOIMI</p>
<p> Civil Service &amp; Labour........................Ousmane DJIDDA</p>
<p> Commerce &amp; Industry...........................Salibou NGARBA</p>
<p> Communication (Information)............YOUSSOUF Mbodou Mbami</p>
<p> Culture, Youth &amp; Sports...............Abderamane KOULAMALLAH</p>
<p> Education...................................Nagoum YAMASSOUM</p>
<p> Environment &amp; Tourism...................Odering Goulaye KELO</p>
<p> Finance...............................BICHARA Cherif Daoussa</p>
<p> Foreign Affairs................................Saleh KEBZABO</p>
<p> Interior.........................................NIMIR Ahmat</p>
<p> Justice.....................................Abdelkerim NADJO</p>
<p> Livestock......................................MAHAMAT Nouri</p>
<p> Mines, Energy &amp; Petroleum.....................Ngargos MOSNDA</p>
<p> Planning &amp; Cooperation.................Yamtebaye NADJITANGAR</p>
<p> Post &amp; Telecommunications................Ngarbaye TOMBALBAYE</p>
<p> Public Health..............................Younouss KEDALLAH</p>
<p> Public Works &amp; Habitat.................Mamout Hissein MAMOUT</p>
<p> Rural Development.....................Ali Mahamat Zene FADEL</p>
<p> Women, Children &amp; Social Affairs........Aziza Ahmat SENOUSSI</p>
<p>			     - - - - - - -</p>
<p> Central Bank Governor...................Jean-Felix MAMALEPOT</p>
<p>(Central Bank of Central African States)</p>
<p>			     - - - - - - -</p>
<p>NOTE: Any comments/queries on the content of this</p>
<p>	     government list, please contact the Reuter</p>
<p>	     Editorial Reference Unit, London, on (171) 542</p>
<p>	     7968.</p>
<p>			 (End Government List)</p>
</text>
<copyright>(c) Reuters Limited 1997</copyright>
<metadata>
<codes class="bip:countries:1.0">
  <code code="CHAD">
    <editdetail attribution="Reuters BIP Coding Group" action="confirmed" date="1997-05-17"/>
  </code>
</codes>
<codes class="bip:topics:1.0">
  <code code="GCAT">
    <editdetail attribution="Reuters BIP Coding Group" action="confirmed" date="1997-05-17"/>
  </code>
  <code code="GPOL">
    <editdetail attribution="Reuters BIP Coding Group" action="confirmed" date="1997-05-17"/>
  </code>
</codes>
<dc element="dc.publisher" value="Reuters Holdings Plc"/>
<dc element="dc.date.published" value="1997-05-17"/>
<dc element="dc.source" value="Reuters"/>
<dc element="dc.creator.location.country.name" value="CHAD"/>
<dc element="dc.source" value="Reuters"/>
</metadata>
</newsitem>
