<?xml version="1.0" encoding="iso-8859-1" ?>
<newsitem itemid="592858" id="root" date="1997-05-17" xml:lang="en">
<title>ZAIRE: Looters target wealthy Kinshasa suburbs.</title>
<headline>Looters target wealthy Kinshasa suburbs.</headline>
<dateline>KINSHASA 1997-05-17</dateline>
<text>
<p>Looting broke out in wealthy districts of Zaire's capital Kinshasa on Saturday as most areas of the vast city fell under rebel control, witnesses said.</p>
<p>The Binza area, home to Zaire's business and political elite, was the main target because Laurent Kabila's rebels had not yet reached it, they said.</p>
<p>State radio, captured by the rebels at 1.10 PM (1210 GMT), issued a warning about looting. &quot;The areas of Telecom, Binza Pigeon and Binza IPN are victims of looting,&quot; an announcer said, breaking in to a programme of non-stop music.</p>
<p>Veteran politician Christophe Gbenye, who lives in Binza, told Reuters by telephone that mobs from neighbouring shanty towns began looting the houses of wealthy people in the morning.</p>
<p>&quot;The looting is still going on. It's mainly young people who are looting big men's houses,&quot; he said. &quot;The rebels have not arrived yet but when they do the looting will stop.&quot;</p>
<p>Other witnesses said hardline loyalists of ousted president Mobutu Sese Seko toured Binza with a double mission to loot and to eliminate certain members of the defeated regime.</p>
<p>The armed loyalists, mainly members Mobutu's presidential guard from his Ngbandi tribe, appeared to target personalities accused of appeasing Kabila or abandoning the fight.</p>
<p>Diplomats said defence minister General Mahele Lieko Bokungo, the army chief of staff killed overnight, was among the most prominent victims.</p>
<p>They also said they feared foreign minister Kamanda wa Kamanda was shot dead on Saturday by one of his bodyguards.</p>
<p>Central areas of Kinshasa were under full rebel control. They were reported calm and free of looting after tension earlier in the day as Mobutu's defeated troops retreated through the streets.</p>
</text>
<copyright>(c) Reuters Limited 1997</copyright>
<metadata>
<codes class="bip:countries:1.0">
  <code code="ZAIRE">
    <editdetail attribution="Reuters BIP Coding Group" action="confirmed" date="1997-05-17"/>
  </code>
</codes>
<codes class="bip:topics:1.0">
  <code code="GCAT">
    <editdetail attribution="Reuters BIP Coding Group" action="confirmed" date="1997-05-17"/>
  </code>
  <code code="GVIO">
    <editdetail attribution="Reuters BIP Coding Group" action="confirmed" date="1997-05-17"/>
  </code>
</codes>
<dc element="dc.date.created" value="1997-05-17"/>
<dc element="dc.publisher" value="Reuters Holdings Plc"/>
<dc element="dc.date.published" value="1997-05-17"/>
<dc element="dc.source" value="Reuters"/>
<dc element="dc.creator.location" value="KINSHASA"/>
<dc element="dc.creator.location.country.name" value="ZAIRE"/>
<dc element="dc.source" value="Reuters"/>
</metadata>
</newsitem>
