<?xml version="1.0" encoding="iso-8859-1" ?>
<newsitem itemid="592871" id="root" date="1997-05-17" xml:lang="en">
<title>ZAIRE: Zaire rebel leader Kabila claims power - details.</title>
<headline>Zaire rebel leader Kabila claims power - details.</headline>
<dateline>LUBUMBASHI, Zaire 1997-05-17</dateline>
<text>
<p>Zairean rebel leader Laurent Kabila said on Saturday he was taking over as head of state with agreement of generals in Kinshasa and he expected the capital to be in his hands in hours.</p>
<p>Following are details of the nine-point statement in which Kabila said he and his Alliance of Democratic Forces for the Liberation of Congo-Zaire (AFDL) were stepping in to fill the power vacuum left on Friday when Mobutu Sese Seko fled Kinshasa:</p>
<p>-- The AFDL assumes state power as a transitional authority under Kabila's leadership.</p>
<p>-- Kabila assumes with effect from Saturday the functions of the head of state.</p>
<p>-- The AFDL will set up a transitional government of public salvation within 72 hours.</p>
<p>-- It will form a constituent assembly in 60 days with a mandate to work out a provisional constitution for the transitional period.</p>
<p>-- The AFDL is suspending what it called &quot;all existing pseudo-constitutional measures&quot;.</p>
<p>-- All the Zairean armed forces, including the elite DSP, were to lay down their arms at 11 a.m. Kinshasa time (1000 GMT) in front of the armed forces of the AFDL.</p>
<p>-- The newly declared government will respect international agreements which are in line with the interests of the nation.</p>
<p>-- The executive committee of the AFDL from now on will run the current affairs. It invited senior civil servants in Kinshasa to stay at their posts and make contact with the alliance.</p>
<p>-- The people of Kinshasa should stay calm and refrain from violence. Any settling of scores would be severely punished.</p>
</text>
<copyright>(c) Reuters Limited 1997</copyright>
<metadata>
<codes class="bip:countries:1.0">
  <code code="ZAIRE">
    <editdetail attribution="Reuters BIP Coding Group" action="confirmed" date="1997-05-17"/>
  </code>
</codes>
<codes class="bip:topics:1.0">
  <code code="GCAT">
    <editdetail attribution="Reuters BIP Coding Group" action="confirmed" date="1997-05-17"/>
  </code>
  <code code="GPOL">
    <editdetail attribution="Reuters BIP Coding Group" action="confirmed" date="1997-05-17"/>
  </code>
  <code code="GVIO">
    <editdetail attribution="Reuters BIP Coding Group" action="confirmed" date="1997-05-17"/>
  </code>
</codes>
<dc element="dc.date.created" value="1997-05-17"/>
<dc element="dc.publisher" value="Reuters Holdings Plc"/>
<dc element="dc.date.published" value="1997-05-17"/>
<dc element="dc.source" value="Reuters"/>
<dc element="dc.creator.location" value="LUBUMBASHI, Zaire"/>
<dc element="dc.creator.location.country.name" value="ZAIRE"/>
<dc element="dc.source" value="Reuters"/>
</metadata>
</newsitem>
