<?xml version="1.0" encoding="iso-8859-1" ?>
<newsitem itemid="592925" id="root" date="1997-05-17" xml:lang="en">
<title>SOUTH KOREA: S.Korean students riot during massacre anniversary.</title>
<headline>S.Korean students riot during massacre anniversary.</headline>
<byline>Jane Lee</byline>
<dateline>KWANGJU, South Korea 1997-05-17</dateline>
<text>
<p>Radical students hurling rocks and firebombs battled riot police on Saturday in the South Korean city of Kwangju as residents mourned victims of a 1980 army massacre.</p>
<p>Violence erupted on the eve of the anniversary of the Kwangju killings, which this year is being commemorated by the government for the first time.</p>
<p>The massacre has left deep scars on the nation, but a healing is now under way following the jailing of the two main perpetrators of the slaughter -- former presidents Chun Doo Hwan and Roh Tae-woo.</p>
<p>More than 200 people died, by official count, when paratroopers stormed the southwestern city to crush an armed revolt against martial law imposed by then-general Chun.</p>
<p>Most of the dead were students.</p>
<p>On Saturday, some 2,500 students tried to march out of Chosun University to join a concert in a plaza outside the provincial government building, scene of the worst carnage during the military onslaught.</p>
<p>They rained petrol bombs on ranks of riot police blocking their way, who responded with barrages of tear gas.</p>
<p>Inside the campus, funeral rites were conducted around the coffin of a student who died of a heart attack during anti-government protests in March.</p>
<p>Pitched battles briefly died down after a stray tear gas canister ignited a blaze in a pool hall, which was eventually extinguished by fire officers. Several police officers were carried away hurt during the fighting.</p>
<p>Giant speakers blared traditional Korean music across the plaza, filled with thousands of citizens, many of them in family groups with children.</p>
<p>On a large stage, a dance group in black and white martial arts outfits re-enacted scenes of the massacre.</p>
<p>Portraits of some of the victims were hung along the streets together with pictures of soldiers killing old men and women.</p>
<p>Earlier, Kwangju mayor Song Eun-jong had led mourners in a newly dedicated cemetery to victims of the massacre. It was the first time South Korean officials had presided over anniversary events to mark the bloodletting.</p>
<p>Chun was sentenced to life in prison and Roh to 17 years on charges of mutiny, sedition and corruption. Their final appeals were dismissed in April.</p>
<p>Wailing and sobbing, about 200 relatives of the victims gathered in front of a fruit-laden altar at the &quot;May 18 Cemetery&quot; on hills outside Kwangju where bodies of 124 victims have been laid in fresh graves.</p>
<p>The remains were moved this month from their original resting place adjacent to the new cemetery.</p>
<p>Elderly women relatives dressed in traditional white mourning robes cried out the names of sons and daughters who perished.</p>
<p>Residents say several thousand may have been killed by machinegun fire and bayonets and their bodies buried in unmarked graves or burned.</p>
<p>The focal point of the new cemetery is a 40-metre-high (131 foot) memorial in the form of stylised hands clasping an egg, a symbol of life. Two statues flanking the memorial depict students brandishing rifles in heroic style.</p>
<p>Graves with simple granite headstones are laid out in neat rows on a lawn.</p>
<p>A total of 137 bodies of massacre victims lay in the old cemetery. Some relatives have refused to move the remains until the new cemetery is designated a &quot;National Cemetery&quot;, whose occupants are honoured as heroes.</p>
<p>&quot;They've been neglected for too long and now they are finally being honoured,&quot; said Park Kong-soon, president of the Kwangju Bereaved Families' Association.</p>
</text>
<copyright>(c) Reuters Limited 1997</copyright>
<metadata>
<codes class="bip:countries:1.0">
  <code code="SKOREA">
    <editdetail attribution="Reuters BIP Coding Group" action="confirmed" date="1997-05-17"/>
  </code>
</codes>
<codes class="bip:topics:1.0">
  <code code="GCAT">
    <editdetail attribution="Reuters BIP Coding Group" action="confirmed" date="1997-05-17"/>
  </code>
  <code code="GVIO">
    <editdetail attribution="Reuters BIP Coding Group" action="confirmed" date="1997-05-17"/>
  </code>
</codes>
<dc element="dc.date.created" value="1997-05-17"/>
<dc element="dc.publisher" value="Reuters Holdings Plc"/>
<dc element="dc.date.published" value="1997-05-17"/>
<dc element="dc.source" value="Reuters"/>
<dc element="dc.creator.location" value="KWANGJU, South Korea"/>
<dc element="dc.creator.location.country.name" value="SOUTH KOREA"/>
<dc element="dc.source" value="Reuters"/>
</metadata>
</newsitem>
