<?xml version="1.0" encoding="iso-8859-1" ?>
<newsitem itemid="592953" id="root" date="1997-05-17" xml:lang="en">
<title>SOUTH KOREA: S.Korean president's son faces arrest for bribery.</title>
<headline>S.Korean president's son faces arrest for bribery.</headline>
<byline>Jean Yoon</byline>
<dateline>SEOUL 1997-05-17</dateline>
<text>
<p>South Korean state prosecutors sought an arrest warrant on Saturday for President Kim Young-sam's son on charges of bribery and tax evasion, a prosecution official said.</p>
<p>The official said prosecutors were seeking to arrest Kim Hyun-chul for accepting kickbacks worth 3.2 billion won ($3.6 million) in return for favours.</p>
<p>He has denied accepting bribes.</p>
<p>Kim Hyun-chul would also be charged with evading taxes on 3.3 billion won given to him by businessmen, but not as bribes.</p>
<p>A request for the arrest of the younger Kim, dubbed the &quot;crown prince&quot;, was filed with a Seoul court.</p>
<p>An arrest is widely expected later on Saturday, bringing to a climax a corruption scandal involving top politicians, bankers and businessmen that emerged from the rubble of the country's biggest bankruptcy in January.</p>
<p>If convicted of bribery, Kim Hyun-chul faces a maximum sentence of five years in jail.</p>
<p>Public attention is now riveted on President Kim, who has been badly wounded by the scandal linked to the failure of Hanbo Steel Co. The president is expected to issue an apology next week after his son is arrested and detained.</p>
<p>Kim Hyun-chul was summoned by state prosecutors for questioning on Thursday and has been at the Supreme Public Prosecutors' Office ever since.</p>
<p>Prosecutors have said he admitted taking money from a group of businessmen who were alumni of his high school. But he denied the money represented bribes.</p>
<p>The prosecutors were probing allegations that Kim Hyun-chul used his huge influence to obtain lucrative broadcasting, cable television and telecommunications licences for associates.</p>
<p>In addition, they were looking into allegations that he laundered through companies owned by his cronies as much as 10 billion won of unspent funds from his father's 1992 election campaign.</p>
<p>The election slush funds have become a hot political issue for his father, who is under growing public pressure to make a full accounting of his 1992 campaign finances.</p>
<p>South Korean media reported on Saturday that Kim Hyun-chul had written a letter to a friend before being summoned vowing to &quot;use all means at my disposal to fight any legal prosecution, including arrest&quot;.</p>
<p>&quot;I will wage this fight not as the son of the president but as Hyun-chul, an individual,&quot; the letter was quoted as saying.</p>
<p>Officials at the presidential Blue House, who are anxious to put the scandal behind them as quickly as possible, were clearly stunned by the report.</p>
<p>&quot;It is a mere expression of an emotional young man's feelings,&quot; the Korean Times quoted one unnamed presidential aide as saying.</p>
<p>Opposition parties have alleged that Hanbo Steel received preferential loans as a reward for donations of up to 90 billion won to Kim Young-sam's election campaign.</p>
<p>Eleven people, including three top aides of President Kim, are standing trial over the Hanbo scandal.</p>
<p>Kim Young-sam was swept to power on an anti-graft ticket, and put his two immediate predecessors, Chun Doo Hwan and Roh Tae-woo, into jail on corruption and other charges.</p>
</text>
<copyright>(c) Reuters Limited 1997</copyright>
<metadata>
<codes class="bip:countries:1.0">
  <code code="SKOREA">
    <editdetail attribution="Reuters BIP Coding Group" action="confirmed" date="1997-05-17"/>
  </code>
</codes>
<codes class="bip:industries:1.0">
  <code code="I22100">
    <editdetail attribution="Reuters BIP Coding Group" action="confirmed" date="1997-05-17"/>
  </code>
</codes>
<codes class="bip:topics:1.0">
  <code code="C12">
    <editdetail attribution="Reuters BIP Coding Group" action="confirmed" date="1997-05-17"/>
  </code>
  <code code="CCAT">
    <editdetail attribution="Reuters BIP Coding Group" action="confirmed" date="1997-05-17"/>
  </code>
  <code code="GCAT">
    <editdetail attribution="Reuters BIP Coding Group" action="confirmed" date="1997-05-17"/>
  </code>
  <code code="GCRIM">
    <editdetail attribution="Reuters BIP Coding Group" action="confirmed" date="1997-05-17"/>
  </code>
  <code code="GPOL">
    <editdetail attribution="Reuters BIP Coding Group" action="confirmed" date="1997-05-17"/>
  </code>
</codes>
<dc element="dc.date.created" value="1997-05-17"/>
<dc element="dc.publisher" value="Reuters Holdings Plc"/>
<dc element="dc.date.published" value="1997-05-17"/>
<dc element="dc.source" value="Reuters"/>
<dc element="dc.creator.location" value="SEOUL"/>
<dc element="dc.creator.location.country.name" value="SOUTH KOREA"/>
<dc element="dc.source" value="Reuters"/>
</metadata>
</newsitem>
