<?xml version="1.0" encoding="iso-8859-1" ?>
<newsitem itemid="592938" id="root" date="1997-05-17" xml:lang="en">
<title>VIETNAM: Hanoi slams puppeteers seeking asylum in Australia.</title>
<headline>Hanoi slams puppeteers seeking asylum in Australia.</headline>
<dateline>HANOI 1997-05-17</dateline>
<text>
<p>Vietnam lashed out on Saturday at a Hanoi-based troupe of puppeteers for seeking refugee status in Australia and said they had broken the law.</p>
<p>&quot;Everything that the members of the group say is preposterous,&quot; the Foreign Ministry said in a statement. &quot;The Song Ngoc ensemble has no reason to ask for political asylum.&quot;</p>
<p>&quot;The fact that the Song Ngoc group has not returned after ending its contracted tour in Australia is entirely the individuals' own calculation and they have violated the law.&quot;</p>
<p>Australia's immigration department said on Friday that it was unable to confirm a newspaper report that seven members of the water puppetry troupe had sought asylum because they feared persecution at home for performing with Western artists.</p>
<p>The newspaper said that the puppeteers, who were due to return to their communist homeland last month after arriving in Australia in December, were living in a rented house in western Sydney.</p>
<p>It said they had been granted bridging visas while their applications for refugee status were being processed.</p>
<p>&quot;If we have to return to Vietnam, we would rather die here,&quot; troupe manager Anh Bich Luong told the newspaper. &quot;In Vietnam, you can be jailed up to 15 years for writing a poem.&quot;</p>
<p>Hung Van Nhu, another spokesman for the group, said the Vietnamese government wanted to stop them from working with Australian performers because secrets of the 1,000-year-old art of water puppetry might be revealed.</p>
<p>He said Vietnamese authorities were upset because the performers had come in contact with foreigners and because they consider water puppetry to be a national cultural asset.</p>
<p>The foreign ministry said that Vietnam had in recent years created favourable conditions for its artists, including many water puppeteers, to perform abroad as part of its policy of promoting cultural exchange with other countries.</p>
<p>The number of people seeking political asylum from Vietnam has dropped in recent years following the end of the boat people saga, which saw thousands scrambling to flee the country after the communist victory in 1975.</p>
<p>Vietnamese citizens are required to get special exit visas to travel abroad and are not allowed to settle in third countries.</p>
</text>
<copyright>(c) Reuters Limited 1997</copyright>
<metadata>
<codes class="bip:countries:1.0">
  <code code="AUSTR">
    <editdetail attribution="Reuters BIP Coding Group" action="confirmed" date="1997-05-17"/>
  </code>
  <code code="VIETN">
    <editdetail attribution="Reuters BIP Coding Group" action="confirmed" date="1997-05-17"/>
  </code>
</codes>
<codes class="bip:topics:1.0">
  <code code="GCAT">
    <editdetail attribution="Reuters BIP Coding Group" action="confirmed" date="1997-05-17"/>
  </code>
  <code code="GDIP">
    <editdetail attribution="Reuters BIP Coding Group" action="confirmed" date="1997-05-17"/>
  </code>
  <code code="GPOL">
    <editdetail attribution="Reuters BIP Coding Group" action="confirmed" date="1997-05-17"/>
  </code>
</codes>
<dc element="dc.date.created" value="1997-05-17"/>
<dc element="dc.publisher" value="Reuters Holdings Plc"/>
<dc element="dc.date.published" value="1997-05-17"/>
<dc element="dc.source" value="Reuters"/>
<dc element="dc.creator.location" value="HANOI"/>
<dc element="dc.creator.location.country.name" value="VIETNAM"/>
<dc element="dc.source" value="Reuters"/>
</metadata>
</newsitem>
