<?xml version="1.0" encoding="iso-8859-1" ?>
<newsitem itemid="592994" id="root" date="1997-05-17" xml:lang="en">
<title>JORDAN: Jordanian investors launch new pan-Arab daily.</title>
<headline>Jordanian investors launch new pan-Arab daily.</headline>
<dateline>AMMAN 1997-05-17</dateline>
<text>
<p>A new Jordanian daily paper, Al Arab al-Yawm, hit the newstands on Saturday and has ambitious plans to join a growing number of Middle Eastern papers with local editions across the region, its publishers said.</p>
<p>Riyad al-Hroub, the newspaper's editor-in-chief and a shareholder, told reporters the paper hoped to be a pan-Arab paper which would be printed in regional capitals such as Dubai and Cairo and Western capitals with large Arab communities.</p>
<p>The paper joins four daily papers, Al-Rai, Ad-Dustour, al-Aswaq and the English language Jordan Times, and many independent weekly newspapers set up since Jordan lifted martial law in 1989, in a country of just four million people.</p>
<p>The new daily wants to compete with Arab media groups such as the London-based Saudi-owned daily Al Hayat and Sharq al-Awsat, which have locally printed editions in the main Arab capitals and Western cities where large Arab communities live.</p>
<p>Hroub said Al Arab al-Yawm (The Arab Today) is the first newspaper to be launched by Al Dar al-Watniyah Press, a public shareholding company which has ambitious plans to become a media conglomerate embracing television and radio.</p>
<p>The company plans to triple its initial four million dinar ($5.6 million) capital to 12 million dinars ($16.9 million) as it expands its media business, Hroub said.</p>
<p>Al Arab al-Yawm also plans to set up a sister publication in Palestinian self-rule areas after Palestinian leader Yasser Arafat gave his blessing to its publication from offices in Arab East Jerusalem, Hroub said.</p>
</text>
<copyright>(c) Reuters Limited 1997</copyright>
<metadata>
<codes class="bip:countries:1.0">
  <code code="JORDAN">
    <editdetail attribution="Reuters BIP Coding Group" action="confirmed" date="1997-05-17"/>
  </code>
</codes>
<codes class="bip:industries:1.0">
  <code code="I47510">
    <editdetail attribution="Reuters BIP Coding Group" action="confirmed" date="1997-05-17"/>
  </code>
</codes>
<codes class="bip:topics:1.0">
  <code code="C22">
    <editdetail attribution="Reuters BIP Coding Group" action="confirmed" date="1997-05-17"/>
  </code>
  <code code="CCAT">
    <editdetail attribution="Reuters BIP Coding Group" action="confirmed" date="1997-05-17"/>
  </code>
</codes>
<dc element="dc.date.created" value="1997-05-17"/>
<dc element="dc.publisher" value="Reuters Holdings Plc"/>
<dc element="dc.date.published" value="1997-05-17"/>
<dc element="dc.source" value="Reuters"/>
<dc element="dc.creator.location" value="AMMAN"/>
<dc element="dc.creator.location.country.name" value="JORDAN"/>
<dc element="dc.source" value="Reuters"/>
</metadata>
</newsitem>
