<?xml version="1.0" encoding="iso-8859-1" ?>
<newsitem itemid="592957" id="root" date="1997-05-17" xml:lang="en">
<title>JAPAN: Russia vows troops cut in first ever Japan visit.</title>
<headline>Russia vows troops cut in first ever Japan visit.</headline>
<byline>Eugene Moosa</byline>
<dateline>TOKYO 1997-05-17</dateline>
<text>
<p>Russian Defence Minister Igor Rodionov, in the first visit to Japan by a Russian defence chief, vowed on Saturday to cut another 200,000 troops from the military and expand defence exchanges with Tokyo.</p>
<p>In a move Japanese officials said would have been unthinkable during the Cold War, Rodionov also told his Japanese counterpart Moscow does not object to the U.S.-Japan military alliance and welcomed closer military ties between Washington and Tokyo.</p>
<p>Rodionov arrived in Tokyo Friday and leaves on Sunday after reviewing Japan's navy fleet in Yokosuka, south of Tokyo.</p>
<p>Russia and Japan fought two full-fledged wars this century, the 1904-1905 Russo-Japanese War and World War Two, as well as two other undeclared wars -- Japan's 1918-1922 Siberian Intervention and a clash in 1939 along the border between Mongolia and Japan-held northeastern China.</p>
<p>The two countries have yet to sign a formal World War Two peace treaty because of a thorny dispute over Russian-held islands northeast of Japan's northernmost main island Hokkaido.</p>
<p>The islands, called the Southern Kuriles by Moscow and the Northern Territories by Japan, were seized by Soviet troops at the end of World War Two.</p>
<p>In 1993, Russian President Boris Yeltsin, on a visit to Tokyo, agreed to settle the dispute through political dialogue.</p>
<p>Though the islands are not on the agenda during Rodionov's Tokyo tour, his visit is a sign that tensions are cooling even further over the disputed lands.</p>
<p>The first visit by a Japanese defence minister to Moscow occurred last year.</p>
<p>In talks with Japanese Defence Minister Fumio Kyuma, Rodionov said his government has pledged a reduction of 200,000 troops this year across the nation.</p>
<p>&quot;Since the end of the Soviet Union, we have reduced 1.5 million troops and we will reduce another 200,000 this year,&quot; Japanese defence ministry officials quoted Rodionov as telling Kyuma.</p>
<p>Rodionov did not elaborate but Japanese officials said they expected some of the troop reductions would be in the Far East.</p>
<p>Russia does not object to expanded military ties between Japan and the United States, he said.</p>
<p>&quot;We do not hold concerns about U.S.-Japan military alliance and understand it is not directed against any third country,&quot; the officials quoted Rodionov as telling Kyuma.</p>
<p>&quot;We welcome that Japan and the United States are building even closer security ties,&quot; Rodionov said in reference to the current review of U.S.-Japan military cooperation.</p>
<p>The new U.S.-Japan military guideline builds on the joint declaration by Presdident Bill Clinton and Prime Minister Ryutaro Hashimoto in April 1996 reaffirming the importance of the Cold War-era, 1960 U.S.-Japan Security Treaty. The review is to be completed by November.</p>
<p>Kyuma told Rodionov that Japan will explain the contents of the new guideline to Russia as well as China and South Korea.</p>
<p>The two sides also agreed to start or expand on a wide variety of defence exchanges, including mutual visits by the head of the chiefs of military staff, defence researchers, military academy cadets, obervers to war games, fleets and even military bands and athletes, Japanese ministry officials said.</p>
<p>In the first such port call to Japan since the 19th century, Russian will send a navy cruiser to Tokyo next month in response to a visit to Vladivostok by the Japanese cruiser Kurama last year, sent to celebrate the 300th anniversary of the birth of Peter the Great's Russian navy.</p>
</text>
<copyright>(c) Reuters Limited 1997</copyright>
<metadata>
<codes class="bip:countries:1.0">
  <code code="JAP">
    <editdetail attribution="Reuters BIP Coding Group" action="confirmed" date="1997-05-17"/>
  </code>
  <code code="RUSS">
    <editdetail attribution="Reuters BIP Coding Group" action="confirmed" date="1997-05-17"/>
  </code>
  <code code="USA">
    <editdetail attribution="Reuters BIP Coding Group" action="confirmed" date="1997-05-17"/>
  </code>
</codes>
<codes class="bip:topics:1.0">
  <code code="GCAT">
    <editdetail attribution="Reuters BIP Coding Group" action="confirmed" date="1997-05-17"/>
  </code>
  <code code="GDEF">
    <editdetail attribution="Reuters BIP Coding Group" action="confirmed" date="1997-05-17"/>
  </code>
  <code code="GDIP">
    <editdetail attribution="Reuters BIP Coding Group" action="confirmed" date="1997-05-17"/>
  </code>
</codes>
<dc element="dc.date.created" value="1997-05-17"/>
<dc element="dc.publisher" value="Reuters Holdings Plc"/>
<dc element="dc.date.published" value="1997-05-17"/>
<dc element="dc.source" value="Reuters"/>
<dc element="dc.creator.location" value="TOKYO"/>
<dc element="dc.creator.location.country.name" value="JAPAN"/>
<dc element="dc.source" value="Reuters"/>
</metadata>
</newsitem>
