<?xml version="1.0" encoding="iso-8859-1" ?>
<newsitem itemid="592932" id="root" date="1997-05-17" xml:lang="en">
<title>INDONESIA: Indonesian police fire into air to disperse march.</title>
<headline>Indonesian police fire into air to disperse march.</headline>
<byline>Jim Della-Giacoma</byline>
<dateline>JAKARTA 1997-05-17</dateline>
<text>
<p>Indonesian security forces fired tear gas and shot into the air to disperse followers of a minority party during a campaign march on Saturday through an eastern district of Jakarta, witnesses said.</p>
<p>They said thousands of supporters of the Moslem-oriented United Development Party (PPP) hurled stones and chanted slogans as they tried to force their way into a street blocked off by police in Jati Negara district.</p>
<p>Witnesses said police fired tear gas and then shot into the air after the march threatened to turn violent.</p>
<p>An official at the scene said one soldier backing up police had received a head wound from a stone. There were no immediate reports of arrests.</p>
<p>Demonstrators burned a flag of the ruling Golkar party, in power for the last 30 years, and ripped down other Golkar banners before dispersing in the early evening darkness.</p>
<p>The PPP supporters complained that Golkar followers had been allowed to parade through the blocked off street.</p>
<p>The PPP, Golkar and the minority Christian-Nationalist Indonesian Democratic Party (PDI) are the only three parties legally entitled to contest Indonesia's May 29 national and local elections.</p>
<p>The three parties agreed before the contest started for the May 29 polls to campaign in separate areas each day to avoid violent confrontations. Saturday was PPP's day on Java, the country's most populated island with some 60 percent of the Indonesian population of 200 million.</p>
<p>Golkar is guaranteed a comfortable victory and is seeking just over 70 percent of the vote from the 125 million electorate. The PPP is giving Golkar its strongest challenge.</p>
<p>Most of the violence since the campaign for 425 elected seats in the House of Representatves opened on April 27 has been restricted to central Java. The other 75 seats in the house are reserved for the military which does not vote.</p>
<p>Armed forces (ABRI) spokesman Brigadier-General Slamet Supriadi was quoted in the Jakarta Post on Saturday as saying that as of Thursday, 73 people had died during the campaign - most of them in traffic accidents.</p>
<p>&quot;ABRI has made an all out effort to maintain security,&quot; he added.</p>
<p>Reuters correspondent Lewa Pardomuan reported from central Java that troops were on guard in the town of Parakan, where thousands of people claiming to be PPP supporters had rioted on Wednesday, ransacking banks and shops.</p>
<p>The riot erupted during a 10 km (six mile) march by some 6,000 PPP supporters in protest against what they said was government bias in favour of the ruling Golkar and beatings they said the PPP had suffered in the hands of security authorities.</p>
<p>&quot;We are all scared here. We don't dare to fully open our shops because violence may erupt at any time,&quot; said a shop owner in the hilly town of 200,000 set amid tobacco plantations near the ancient city of Yogyakarta.</p>
<p>&quot;This town is usually crowded, especially on Saturday. It's quiet now because people are afraid of the election. The PPP rallies always make us scared,&quot; a woman vegetable seller said.</p>
</text>
<copyright>(c) Reuters Limited 1997</copyright>
<metadata>
<codes class="bip:countries:1.0">
  <code code="INDON">
    <editdetail attribution="Reuters BIP Coding Group" action="confirmed" date="1997-05-17"/>
  </code>
</codes>
<codes class="bip:topics:1.0">
  <code code="GCAT">
    <editdetail attribution="Reuters BIP Coding Group" action="confirmed" date="1997-05-17"/>
  </code>
  <code code="GPOL">
    <editdetail attribution="Reuters BIP Coding Group" action="confirmed" date="1997-05-17"/>
  </code>
  <code code="GVIO">
    <editdetail attribution="Reuters BIP Coding Group" action="confirmed" date="1997-05-17"/>
  </code>
  <code code="GVOTE">
    <editdetail attribution="Reuters BIP Coding Group" action="confirmed" date="1997-05-17"/>
  </code>
</codes>
<dc element="dc.date.created" value="1997-05-17"/>
<dc element="dc.publisher" value="Reuters Holdings Plc"/>
<dc element="dc.date.published" value="1997-05-17"/>
<dc element="dc.source" value="Reuters"/>
<dc element="dc.creator.location" value="JAKARTA"/>
<dc element="dc.creator.location.country.name" value="INDONESIA"/>
<dc element="dc.source" value="Reuters"/>
</metadata>
</newsitem>
