<?xml version="1.0" encoding="iso-8859-1" ?>
<newsitem itemid="592948" id="root" date="1997-05-17" xml:lang="en">
<title>HONG KONG: HK boy's tall tale about skipping school.</title>
<headline>HK boy's tall tale about skipping school.</headline>
<dateline>HONG KONG 1997-05-17</dateline>
<text>
<p>A 12-year-old Hong Kong boy clambered 25 floors down a drain pipe to avoid his mother finding out he had skipped school, newspapers reported on Saturday.</p>
<p>Yeung Yam was at home on Friday playing a video game when he heard his mother return early.</p>
<p>The boy climbed out the kitchen window and scaled down the pipe on the side of his high-rise building. But his escape plan was thwarted after startled residents saw him outside their windows and called the police.</p>
<p>He was taken to hospital for observation and later released, the paper said.</p>
</text>
<copyright>(c) Reuters Limited 1997</copyright>
<metadata>
<codes class="bip:countries:1.0">
  <code code="HKONG">
    <editdetail attribution="Reuters BIP Coding Group" action="confirmed" date="1997-05-17"/>
  </code>
</codes>
<codes class="bip:topics:1.0">
  <code code="GCAT">
    <editdetail attribution="Reuters BIP Coding Group" action="confirmed" date="1997-05-17"/>
  </code>
  <code code="GODD">
    <editdetail attribution="Reuters BIP Coding Group" action="confirmed" date="1997-05-17"/>
  </code>
</codes>
<dc element="dc.date.created" value="1997-05-17"/>
<dc element="dc.publisher" value="Reuters Holdings Plc"/>
<dc element="dc.date.published" value="1997-05-17"/>
<dc element="dc.source" value="Reuters"/>
<dc element="dc.creator.location" value="HONG KONG"/>
<dc element="dc.creator.location.country.name" value="HONG KONG"/>
<dc element="dc.source" value="Reuters"/>
</metadata>
</newsitem>
