<?xml version="1.0" encoding="iso-8859-1" ?>
<newsitem itemid="592921" id="root" date="1997-05-17" xml:lang="en">
<title>THAILAND: Drug suspect in Thailand faces U.S. extradition.</title>
<headline>Drug suspect in Thailand faces U.S. extradition.</headline>
<dateline>BANGKOK 1997-05-17</dateline>
<text>
<p>The man accused of masterminding the biggest heroin haul in U.S. history was returned to Thailand from Burma on Saturday and said he was ready to be extradited to face trial in the United States.</p>
<p>&quot;I am prepared to go to the United States to stand trial there,&quot; Li Yun Chung said on arrival in Bangkok after the Burmese military government handed him over to Thai authorities.</p>
<p>Li, alias Phongsak Rogianasakul, had fled to Burma after jumping bail in Thailand in March while awaiting a court decision on his extradition to the United States. Washington complained about the decision to grant bail to Li, who has a Thai identity card.</p>
<p>The Burmese government had denied sheltering Li, the main suspect in a drug haul worth up to $122 million.</p>
<p>Li, who said he fled to the northern Thai border town of Tachilek with the help of a Chinese friend, apologised for having jumped bail.</p>
<p>&quot;I would like to ask Thais to forgive me for causing this embarrassment,&quot; he said in fluent Thai.</p>
<p>Burma's ruling State Law and Order Restoration Council said it regarded total eradication of narcotic drugs as a national task, and its decision to hand over Li to Thailand was aimed at boosting the region's fight against drug trafficking.</p>
<p>Li was indicted by a New York court in May 1996 in connection with the largest heroin haul ever in the United States -- the seizure in 1991 of 486 kg (nearly 1,070 lb) in Hayward, California.</p>
<p>Drugs officials put the U.S. street value between $180,000 to $250,000 per kg, making the haul worth $87.5 million to $122 million.</p>
<p>Li was the second major drug suspect wanted in the United States who was seeking refuge in Burma.</p>
<p>Opium warlord Khun Sa, also wanted on drugs charges in the United States, is living in Rangoon after surrendering to Burmese troops last year. Burma has vowed not to extradite him and said the government would deal with him in its own way.</p>
<p>Li's handover to the Thai authorities occurred the same day Thai Prime Minister Chavalit Yongchaiyudh completed a two-day official visit to Rangoon, where he discussed border cooperation and the joint fight against drugs.</p>
<p>U.S. drug officials have accused Burma, which they say is the largest producer of opium, of not doing enough to fight the narcotics scourge.</p>
<p>The officials estimate that more than half of the heroin on the streets in the United States originates in Burma. Heroin is a refined form of opium.</p>
</text>
<copyright>(c) Reuters Limited 1997</copyright>
<metadata>
<codes class="bip:countries:1.0">
  <code code="BURMA">
    <editdetail attribution="Reuters BIP Coding Group" action="confirmed" date="1997-05-17"/>
  </code>
  <code code="THAIL">
    <editdetail attribution="Reuters BIP Coding Group" action="confirmed" date="1997-05-17"/>
  </code>
  <code code="USA">
    <editdetail attribution="Reuters BIP Coding Group" action="confirmed" date="1997-05-17"/>
  </code>
</codes>
<codes class="bip:topics:1.0">
  <code code="GCAT">
    <editdetail attribution="Reuters BIP Coding Group" action="confirmed" date="1997-05-17"/>
  </code>
  <code code="GCRIM">
    <editdetail attribution="Reuters BIP Coding Group" action="confirmed" date="1997-05-17"/>
  </code>
  <code code="GDIP">
    <editdetail attribution="Reuters BIP Coding Group" action="confirmed" date="1997-05-17"/>
  </code>
</codes>
<dc element="dc.date.created" value="1997-05-17"/>
<dc element="dc.publisher" value="Reuters Holdings Plc"/>
<dc element="dc.date.published" value="1997-05-17"/>
<dc element="dc.source" value="Reuters"/>
<dc element="dc.creator.location" value="BANGKOK"/>
<dc element="dc.creator.location.country.name" value="THAILAND"/>
<dc element="dc.source" value="Reuters"/>
</metadata>
</newsitem>
