<?xml version="1.0" encoding="iso-8859-1" ?>
<newsitem itemid="592910" id="root" date="1997-05-17" xml:lang="en">
<title>PARAGUAY: Latam foreign ministers seek new dialogue with U.S..</title>
<headline>Latam foreign ministers seek new dialogue with U.S..</headline>
<dateline>ASUNCION 1997-05-17</dateline>
<text>
<p>Foreign ministers from eight Latin American nations met on Saturday to discuss unilateral U.S. actions affecting their region and suggest alternatives.</p>
<p>Mexico, Colombia and Venezuela will seek condemnation of unilateral moves such as the U.S. drug certification process, which punishes countries not deemed to be cooperating with Washington in the war on drug trafficking, delegates said.</p>
<p>Mexico, opposed to a new U.S. immigration law that could lead to the deportation of thousands of illegal immigrants, will also propose ways to end discrimination in immigration policy, they said.</p>
<p>The 14-nation Group of Rio, which last year rejected the Helms-Burton law tightening the U.S. embargo on Cuba, wants the U.S. government to adopt a more multilateral approach.</p>
<p>&quot;Mexico, Venezuela and Colombia will propose a total rejection of unilateral actions on economic, social and antidrug policy matters,&quot; Colombian minister Maria Emma Mejia told reporters before the start of the two-day meeting.</p>
<p>On anti-drug policy, she said Colombia would try to get its Latin partners to strengthen multilateral action through the Organization of American States, which has a Center for Anti-Drug Intelligence Coordination.</p>
<p>The United States last year &quot;decertified&quot; Colombia for the second consecutive year as a trustworthy ally in the drug war. Mexico was certified despite opposition by the U.S. Congress.</p>
<p>The Rio Group issued a statement in March rejecting the U.S. certification process as an unfair unilateral action.</p>
<p>Paraguayan Foreign Minister Ruben Melgarejo said Latin nations hope to establish a new dialogue with the United States at the second presidential Summit of the Americas, to be held in Santiago, Chile, next March.</p>
<p>The Rio Group is an informal forum for consultations between South American countries, Mexico, Panama and one representative each from Central America and the Caribbean.</p>
<p>Only Bolivia, Colombia, Mexico, Panama, Chile, Peru and Venezuela sent their foreign ministers to the Paraguay meeting.</p>
</text>
<copyright>(c) Reuters Limited 1997</copyright>
<metadata>
<codes class="bip:countries:1.0">
  <code code="COL">
    <editdetail attribution="Reuters BIP Coding Group" action="confirmed" date="1997-05-17"/>
  </code>
  <code code="MEX">
    <editdetail attribution="Reuters BIP Coding Group" action="confirmed" date="1997-05-17"/>
  </code>
  <code code="PARA">
    <editdetail attribution="Reuters BIP Coding Group" action="confirmed" date="1997-05-17"/>
  </code>
  <code code="USA">
    <editdetail attribution="Reuters BIP Coding Group" action="confirmed" date="1997-05-17"/>
  </code>
  <code code="VEN">
    <editdetail attribution="Reuters BIP Coding Group" action="confirmed" date="1997-05-17"/>
  </code>
</codes>
<codes class="bip:topics:1.0">
  <code code="GCAT">
    <editdetail attribution="Reuters BIP Coding Group" action="confirmed" date="1997-05-17"/>
  </code>
  <code code="GDIP">
    <editdetail attribution="Reuters BIP Coding Group" action="confirmed" date="1997-05-17"/>
  </code>
</codes>
<dc element="dc.date.created" value="1997-05-17"/>
<dc element="dc.publisher" value="Reuters Holdings Plc"/>
<dc element="dc.date.published" value="1997-05-17"/>
<dc element="dc.source" value="Reuters"/>
<dc element="dc.creator.location" value="ASUNCION"/>
<dc element="dc.creator.location.country.name" value="PARAGUAY"/>
<dc element="dc.source" value="Reuters"/>
</metadata>
</newsitem>
