<?xml version="1.0" encoding="iso-8859-1" ?>
<newsitem itemid="592901" id="root" date="1997-05-17" xml:lang="en">
<title>RUSSIA: Chirac to meet Russian PM briefly on Sunday.</title>
<headline>Chirac to meet Russian PM briefly on Sunday.</headline>
<dateline>MOSCOW 1997-05-17</dateline>
<text>
<p>French President Jacques Chirac will meet Russian Prime Minister Viktor Chernomyrdin during a one-hour stopover at a Moscow airport on Sunday on his way back from China, a Russian government spokesman said on Saturday.</p>
<p>They were likely to discuss Russian relations with NATO in the light of the signing in Paris on May 27 of a treaty between Moscow and the Western alliance.</p>
<p>The spokesman said the meeting would take place around 6 p.m. (1400 GMT) at the Vnukovo-2 government airport. Chirac returns to France on Sunday after a four-day state visit to China.</p>
<p>A spokeswoman for President Boris Yeltsin said she had no information on whether the Kremlin leader would also meet his French counterpart. In the absence of an official announcement, it seemed unlikely that he would.</p>
<p>Russian and NATO negotiators announced a deal last week on a treaty laying down a new relationship, an agreement which addressed some of the security concerns raised in Russia by the alliance's plans to admit former Soviet-bloc countries in eastern Europe.</p>
</text>
<copyright>(c) Reuters Limited 1997</copyright>
<metadata>
<codes class="bip:countries:1.0">
  <code code="CHINA">
    <editdetail attribution="Reuters BIP Coding Group" action="confirmed" date="1997-05-17"/>
  </code>
  <code code="FRA">
    <editdetail attribution="Reuters BIP Coding Group" action="confirmed" date="1997-05-17"/>
  </code>
  <code code="NATO">
    <editdetail attribution="Reuters BIP Coding Group" action="confirmed" date="1997-05-17"/>
  </code>
  <code code="RUSS">
    <editdetail attribution="Reuters BIP Coding Group" action="confirmed" date="1997-05-17"/>
  </code>
</codes>
<codes class="bip:topics:1.0">
  <code code="GCAT">
    <editdetail attribution="Reuters BIP Coding Group" action="confirmed" date="1997-05-17"/>
  </code>
  <code code="GDEF">
    <editdetail attribution="Reuters BIP Coding Group" action="confirmed" date="1997-05-17"/>
  </code>
  <code code="GDIP">
    <editdetail attribution="Reuters BIP Coding Group" action="confirmed" date="1997-05-17"/>
  </code>
</codes>
<dc element="dc.date.created" value="1997-05-17"/>
<dc element="dc.publisher" value="Reuters Holdings Plc"/>
<dc element="dc.date.published" value="1997-05-17"/>
<dc element="dc.source" value="Reuters"/>
<dc element="dc.creator.location" value="MOSCOW"/>
<dc element="dc.creator.location.country.name" value="RUSSIA"/>
<dc element="dc.source" value="Reuters"/>
</metadata>
</newsitem>
