<?xml version="1.0" encoding="iso-8859-1" ?>
<newsitem itemid="593013" id="root" date="1997-05-17" xml:lang="en">
<title>EGYPT: Egypt offers stake in contracting firm.</title>
<headline>Egypt offers stake in contracting firm.</headline>
<dateline>CAIRO 1997-05-17</dateline>
<text>
<p>The Egyptian state's National Company for Construction and Housing on Saturday offered investors 10 percent in its General Upper Egypt Contracting Company at a minimum price of 35 pounds ($10.30) per share.</p>
<p>The firm said in a published announcement that the public offer of at least 30,000 shares, of the firm's total 300,000 shares, would be open to the public from May 20 until May 22.</p>
<p>The announced share price is a so-called &quot;discovery price&quot; and could be increased.</p>
<p>The holding company is also offering 30,000 shares or 10 percent of its stake in General Upper Egypt Contracting Company to the firm's Employee Shareholders' Association.</p>
<p>Individuals must apply for at least 50 shares, while mutual funds and financial firms have a 1,000-share minimum.</p>
<p>Incentives for new shareholders include the dividend per share for the 1996/7 financial year, which General Upper Egypt said would be 3.6 pounds. The financial year ends on June 30.</p>
<p>General Upper Egypt forecast net after-tax profit for 1996/7 to rise to 2.15 million pounds from 2.027 million in 1995/6.</p>
<p>Net sales are expected to jump to 80 million pounds from 68.15 million in 1995/6.</p>
<p>National Bank of Egypt is the agent for the sale.</p>
<p>The share offer is part of Egypt's privatisation-led economic reform programme.</p>
<p>($1=3.395 pounds)</p>
<p>-- Mona Eltahawy, Cairo newsroom +202 578 3290/1</p>
</text>
<copyright>(c) Reuters Limited 1997</copyright>
<metadata>
<codes class="bip:countries:1.0">
  <code code="EGYPT">
    <editdetail attribution="Reuters BIP Coding Group" action="confirmed" date="1997-05-17"/>
  </code>
</codes>
<codes class="bip:industries:1.0">
  <code code="I50100">
    <editdetail attribution="Reuters BIP Coding Group" action="confirmed" date="1997-05-17"/>
  </code>
</codes>
<codes class="bip:topics:1.0">
  <code code="C17">
    <editdetail attribution="Reuters BIP Coding Group" action="confirmed" date="1997-05-17"/>
  </code>
  <code code="C171">
    <editdetail attribution="Reuters BIP Coding Group" action="confirmed" date="1997-05-17"/>
  </code>
  <code code="C18">
    <editdetail attribution="Reuters BIP Coding Group" action="confirmed" date="1997-05-17"/>
  </code>
  <code code="C183">
    <editdetail attribution="Reuters BIP Coding Group" action="confirmed" date="1997-05-17"/>
  </code>
  <code code="CCAT">
    <editdetail attribution="Reuters BIP Coding Group" action="confirmed" date="1997-05-17"/>
  </code>
</codes>
<dc element="dc.date.created" value="1997-05-17"/>
<dc element="dc.publisher" value="Reuters Holdings Plc"/>
<dc element="dc.date.published" value="1997-05-17"/>
<dc element="dc.source" value="Reuters"/>
<dc element="dc.creator.location" value="CAIRO"/>
<dc element="dc.creator.location.country.name" value="EGYPT"/>
<dc element="dc.source" value="Reuters"/>
</metadata>
</newsitem>
