<?xml version="1.0" encoding="iso-8859-1" ?>
<newsitem itemid="593016" id="root" date="1997-05-17" xml:lang="en">
<title>TURKEY: PRESS DIGEST - Turkey - May 17.</title>
<headline>PRESS DIGEST - Turkey - May 17.</headline>
<dateline>ISTANBUL 1997-05-17</dateline>
<text>
<p>These are the leading stories in the Turkish press on Saturday. Reuters has not verified these stories and does not vouch for their accuracy.</p>
<p>SABAH</p>
<p>- A joint censure motion of three opposition parties aiming to topple the Islamist-led government has been submitted to the parliament.</p>
<p>- Turkey will build up its first gold refining factory in Istanbul. The factory will annully turn 15 tonnes of gold into jewellery.</p>
<p>MILLIYET</p>
<p>- Conservative State Minister Isilay Saygin is expected to present her resignation on Saturday. Two other conservative ministers have already quit the coalition, charging the partnership with the Islamists has damaged the country.</p>
<p>- Defence Minister Turhan Tayan in meeting with Turkish businessmen said the military would like to raise its use of Turkish-made equipment to 40 percent from the current 21 percent.</p>
<p>HURRIYET</p>
<p>- A court reinstated the Turkish police chief back, ivalidating a decision by the interior minister to sack him.</p>
<p>YENI YUZYIL</p>
<p>- Private channel ATV opens new building, &quot;ATV 2000&quot;.</p>
<p>- Government partners adopt populist policy in economy in order to hunt votes as expectations grow of an early election.</p>
<p>RADIKAL</p>
<p>- Turkey's annual tourism revenue has grown by 1,500 percent since 1980.</p>
<p>CUMHURIYET</p>
<p>- Opposition parties are in a quest for the necessary 276 votes to would topple the Islamist-led government.</p>
<p>DUNYA</p>
<p>- The government has begun work on a mid-term stability package to present to the IMF.</p>
</text>
<copyright>(c) Reuters Limited 1997</copyright>
<metadata>
<codes class="bip:countries:1.0">
  <code code="TURK">
    <editdetail attribution="Reuters BIP Coding Group" action="confirmed" date="1997-05-17"/>
  </code>
</codes>
<codes class="bip:topics:1.0">
  <code code="GCAT">
    <editdetail attribution="Reuters BIP Coding Group" action="confirmed" date="1997-05-17"/>
  </code>
</codes>
<dc element="dc.date.created" value="1997-05-17"/>
<dc element="dc.publisher" value="Reuters Holdings Plc"/>
<dc element="dc.date.published" value="1997-05-17"/>
<dc element="dc.source" value="Reuters"/>
<dc element="dc.creator.location" value="ISTANBUL"/>
<dc element="dc.creator.location.country.name" value="TURKEY"/>
<dc element="dc.source" value="Reuters"/>
</metadata>
</newsitem>
