<?xml version="1.0" encoding="iso-8859-1" ?>
<newsitem itemid="593019" id="root" date="1997-05-17" xml:lang="en">
<title>USA: Clinton says budget offers education legacy.</title>
<headline>Clinton says budget offers education legacy.</headline>
<byline>Laurence McQuillan</byline>
<dateline>WASHINGTON 1997-05-17</dateline>
<text>
<p>President Bill Clinton on Saturday urged Congress to pass the balanced budget agreement, calling it an historic accord that offers the greatest increase in funding for education in 30 years.</p>
<p>Clinton used his weekly radio address to the nation to pay tribute to Republicans as well as Democrats for their efforts to hammer out the final details of the budget accord, which he said &quot;expands opportunity through education.&quot;</p>
<p>The agreement goes to both houses of Congress for approval next week. &quot;Pass the balanced budget and pass the biggest and best education bill in America's history,&quot; Clinton said.</p>
<p>&quot;To me, the heart of this balanced budget agreement is its historic commitment to education,&quot; he said. &quot;Education has always been at the heart of opportunity in America. It's the embodiment of everything we have to do to prepare for the 21st Century.&quot;</p>
<p>&quot;This agreement includes the most significant increase in education funding in 30 years,&quot; he said. &quot;Even more important, it provides the largest single increase in higher education since the G.I. Bill in 1945, more than 50 years ago.&quot;</p>
<p>Clinton praised the accord -- finalised on Thursday after intense haggling between the White House and congressional leaders -- for expanding opportunity &quot;so that we can keep the American Dream alive for all our children.&quot;</p>
<p>The agreement, which seeks to balance the federal budget by 2002, includes a commitment sought by Clinton for $35 billion in education tax credits and deductions.</p>
<p>Funding was included for many of Clinton's pet projects, including the &quot;America Reads&quot; programme to mobilise volunteer tutors to ensure that every 8-year-old can read.</p>
<p>It also provides money for the Technology Literacy Initiative, intended to connect every classroom and school library to the Internet by 2000; and for the HOPE Scholarship for tuition tax credit, designed to make the first two years of college as universal as high school.</p>
<p>Franklin Raines, director of the White House Office of Management and Budget, told CNN's &quot;Inside Politics&quot; that details were still being worked out on a broad-based cut in the capital gains tax, a high priority for Republicans.</p>
<p>&quot;We've got to figure out, though, how we take all of these demands and squeeze them into a very tight budget for tax cuts,&quot; Raines said.</p>
<p>He declined to estimate by how much the capital gains tax, now at 28 percent, would be reduced, but said the White House would keep &quot;an open mind as to exactly how it's structured.&quot;</p>
<p>Raines predicted that a majority of Democrats would support the balanced budget deal, and said the agreement would likely win support from the Congressional Black Caucus as well.</p>
<p>The agreement provides for total spending reductions of $304 billion over five years, including slowing the growth of projected Medicare spending by $115 billion and Medicaid by $14 billion. It also includes net tax cuts of $85 billion through 2002.</p>
<p>In the Republican radio response, Representative Rick Lazio of New York promoted House passage on Wednesday of a bill to overhaul the public housing programme.</p>
<p>The bill would scrap the landmark Housing Act of 1937 and end many federal regulations. Local housing authorities would be given more authority to run the nation's 13,200 public housing developments.</p>
<p>&quot;This is about restoring mixed-income neighbourhoods where working families serve as role models,&quot; said Lazio, who has spearheaded the drive for the legislation.</p>
<p>The Clinton administration and many Democrats oppose the bill, saying it would throw the very poor out of public housing in favour of moderate-income residents.</p>
</text>
<copyright>(c) Reuters Limited 1997</copyright>
<metadata>
<codes class="bip:countries:1.0">
  <code code="USA">
    <editdetail attribution="Reuters BIP Coding Group" action="confirmed" date="1997-05-17"/>
  </code>
</codes>
<codes class="bip:topics:1.0">
  <code code="E21">
    <editdetail attribution="Reuters BIP Coding Group" action="confirmed" date="1997-05-17"/>
  </code>
  <code code="E211">
    <editdetail attribution="Reuters BIP Coding Group" action="confirmed" date="1997-05-17"/>
  </code>
  <code code="ECAT">
    <editdetail attribution="Reuters BIP Coding Group" action="confirmed" date="1997-05-17"/>
  </code>
  <code code="GCAT">
    <editdetail attribution="Reuters BIP Coding Group" action="confirmed" date="1997-05-17"/>
  </code>
  <code code="GPOL">
    <editdetail attribution="Reuters BIP Coding Group" action="confirmed" date="1997-05-17"/>
  </code>
</codes>
<dc element="dc.date.created" value="1997-05-17"/>
<dc element="dc.publisher" value="Reuters Holdings Plc"/>
<dc element="dc.date.published" value="1997-05-17"/>
<dc element="dc.source" value="Reuters"/>
<dc element="dc.creator.location" value="WASHINGTON"/>
<dc element="dc.creator.location.country.name" value="USA"/>
<dc element="dc.source" value="Reuters"/>
</metadata>
</newsitem>
