<?xml version="1.0" encoding="iso-8859-1" ?>
<newsitem itemid="593041" id="root" date="1997-05-17" xml:lang="en">
<title>USA: Ex-Prime Minister Bhutto subpoenaed in funds probe.</title>
<headline>Ex-Prime Minister Bhutto subpoenaed in funds probe.</headline>
<dateline>WASHINGTON 1997-05-16</dateline>
<text>
<p>A U.S. Justice Department task force probing fund-raising abuses during the 1996 election is seeking to question former Pakistani Prime Minister Benazir Bhutto about efforts by Representative Dan Burton to pressure a lobbyist for her government to raise campaign contributions for him, the Washington Post reported Saturday.</p>
<p>Quoting unidentified government officials, the newspaper said Bhutto, who is on a lecture tour in Indiana and Washington state, was served with a subpoena earlier this week requiring her to appear before a federal grand jury hearing evidence in the investigation.</p>
<p>The grand jury, which is conducting a broad review of fund-raising practices in the congressional and presidential elections, already has questioned Mark Siegel, the lobbyist for the former Bhutto government about whether he was &quot;shaken down&quot; for contributions by Burton.</p>
<p>Burton, an Indiana Republican, is heading a House investigation of Democratic fund-raising practices.</p>
<p>Siegel made the claim in a July 25 memo to the Bhutto government, saying Burton threatened that &quot;none of his friends or colleagues&quot; would meet with the lobbyist or his associates because of Siegel's failure to raise $5,000 in campaign contributions from Pakistani-Americans.</p>
</text>
<copyright>(c) Reuters Limited 1997</copyright>
<metadata>
<codes class="bip:countries:1.0">
  <code code="PAKIS">
    <editdetail attribution="Reuters BIP Coding Group" action="confirmed" date="1997-05-17"/>
  </code>
  <code code="USA">
    <editdetail attribution="Reuters BIP Coding Group" action="confirmed" date="1997-05-17"/>
  </code>
</codes>
<codes class="bip:topics:1.0">
  <code code="GCAT">
    <editdetail attribution="Reuters BIP Coding Group" action="confirmed" date="1997-05-17"/>
  </code>
  <code code="GCRIM">
    <editdetail attribution="Reuters BIP Coding Group" action="confirmed" date="1997-05-17"/>
  </code>
  <code code="GPOL">
    <editdetail attribution="Reuters BIP Coding Group" action="confirmed" date="1997-05-17"/>
  </code>
  <code code="GVOTE">
    <editdetail attribution="Reuters BIP Coding Group" action="confirmed" date="1997-05-17"/>
  </code>
</codes>
<dc element="dc.date.created" value="1997-05-16"/>
<dc element="dc.publisher" value="Reuters Holdings Plc"/>
<dc element="dc.date.published" value="1997-05-17"/>
<dc element="dc.source" value="Reuters"/>
<dc element="dc.creator.location" value="WASHINGTON"/>
<dc element="dc.creator.location.country.name" value="USA"/>
<dc element="dc.source" value="Reuters"/>
</metadata>
</newsitem>
