<?xml version="1.0" encoding="iso-8859-1" ?>
<newsitem itemid="593096" id="root" date="1997-05-17" xml:lang="en">
<title>ITALY: Three held on suspicion of laundering Mafia money.</title>
<headline>Three held on suspicion of laundering Mafia money.</headline>
<dateline>PALERMO, Sicily 1997-05-17</dateline>
<text>
<p>Three businessmen were arrested on Saturday on suspicion of laundering millions of dollars of &quot;dirty money&quot; for jailed Mafia boss Pippo Calo, Italian police said.</p>
<p>Police in the Sicilian capital of Palermo identified the three men as Luigi Faldetta, 58, Vincenzo Bellino, 54, and Giuseppe Bellino, 35.</p>
<p>The three, who face charges of Mafia assocation, are suspected of running the business affairs of Calo, who has served 12 years of a life sentence for ordering a train bombing which killed 16 people in 1984.</p>
<p>Police said they believed that several companies alleged to be owned by Calo and managed by the three men had laundered millions of dollars of illegally earned money through investments in real estate in Sicily and Sardinia.</p>
<p>The companies have been put under judicial sequester.</p>
<p>Calo was one of the most feared members of the Corleone Mafia clan and managed its interests in Rome.</p>
<p>He was described by Giovanni Falcone, a leading anti-Mafia magistrate murdered in 1992, as &quot;a man who commissioned murders and who was also a link between Mafia criminals and white-collar criminals&quot;.</p>
<p>Calo made headlines again last month when it emerged that he was being probed for ordering the murder in 1982 of Italian banker Roberto Calvi.</p>
<p>Calvi, known as &quot;God's banker&quot; because of his alleged links with Vatican circles, was found hanging from a bridge in London in June 1982 with his pockets stuffed with bricks.</p>
<p>Calvi was chairman of the defunct bank Banco Ambrosiano, whose collapse with huge debts after his death was one of the biggest frauds in Italian business history.</p>
</text>
<copyright>(c) Reuters Limited 1997</copyright>
<metadata>
<codes class="bip:countries:1.0">
  <code code="ITALY">
    <editdetail attribution="Reuters BIP Coding Group" action="confirmed" date="1997-05-17"/>
  </code>
</codes>
<codes class="bip:topics:1.0">
  <code code="GCAT">
    <editdetail attribution="Reuters BIP Coding Group" action="confirmed" date="1997-05-17"/>
  </code>
  <code code="GCRIM">
    <editdetail attribution="Reuters BIP Coding Group" action="confirmed" date="1997-05-17"/>
  </code>
</codes>
<dc element="dc.date.created" value="1997-05-17"/>
<dc element="dc.publisher" value="Reuters Holdings Plc"/>
<dc element="dc.date.published" value="1997-05-17"/>
<dc element="dc.source" value="Reuters"/>
<dc element="dc.creator.location" value="PALERMO, Sicily"/>
<dc element="dc.creator.location.country.name" value="ITALY"/>
<dc element="dc.source" value="Reuters"/>
</metadata>
</newsitem>
