<?xml version="1.0" encoding="iso-8859-1" ?>
<newsitem itemid="593076" id="root" date="1997-05-17" xml:lang="en">
<title>NETHERLANDS: Dutch police arrest four over Hague blaze deaths.</title>
<headline>Dutch police arrest four over Hague blaze deaths.</headline>
<dateline>THE HAGUE 1997-05-17</dateline>
<text>
<p>Dutch police said on Saturday they had arrested four men in connection with a fire in March that killed a Turkish woman and five children in their apartment.</p>
<p>The four men are all of Turkish nationality and Kurdish background, a police statement said.</p>
<p>The deaths in a suburb of the Hague caused an outcry at the time among the Netherlands' 25,000-strong Turkish community.</p>
<p>A delegation of Turkish parliamentarians visited the Hague in early April to express their nation's shock and to monitor the police investigation.</p>
<p>The fire broke out at night on March 25, trapping the woman and five children. Her husband and the couple's other five children escaped by jumping from an upstairs window in the modest apartment.</p>
<p>The four suspects, aged between 16 and 26, were also suspected of throwing petrol bombs on the same night in two separate incidents in the same area, police said. They declined to give further details of the arrests, which followed two months of intensive investigations.</p>
</text>
<copyright>(c) Reuters Limited 1997</copyright>
<metadata>
<codes class="bip:countries:1.0">
  <code code="NETH">
    <editdetail attribution="Reuters BIP Coding Group" action="confirmed" date="1997-05-17"/>
  </code>
  <code code="TURK">
    <editdetail attribution="Reuters BIP Coding Group" action="confirmed" date="1997-05-17"/>
  </code>
</codes>
<codes class="bip:topics:1.0">
  <code code="GCAT">
    <editdetail attribution="Reuters BIP Coding Group" action="confirmed" date="1997-05-17"/>
  </code>
  <code code="GCRIM">
    <editdetail attribution="Reuters BIP Coding Group" action="confirmed" date="1997-05-17"/>
  </code>
  <code code="GVIO">
    <editdetail attribution="Reuters BIP Coding Group" action="confirmed" date="1997-05-17"/>
  </code>
</codes>
<dc element="dc.date.created" value="1997-05-17"/>
<dc element="dc.publisher" value="Reuters Holdings Plc"/>
<dc element="dc.date.published" value="1997-05-17"/>
<dc element="dc.source" value="Reuters"/>
<dc element="dc.creator.location" value="THE HAGUE"/>
<dc element="dc.creator.location.country.name" value="NETHERLANDS"/>
<dc element="dc.source" value="Reuters"/>
</metadata>
</newsitem>
