<?xml version="1.0" encoding="iso-8859-1" ?>
<newsitem itemid="593014" id="root" date="1997-05-17" xml:lang="en">
<title>IRAQ: Turkish forces dig in, rebels scatter from Iraq.</title>
<headline>Turkish forces dig in, rebels scatter from Iraq.</headline>
<byline>Roddy Scott</byline>
<dateline>DOHUK, Iraq 1997-05-17</dateline>
<text>
<p>Turkish forces engaged separatist rebels in isolated clashes in northern Iraq's Sinhat valley as attention turned on Saturday to Ankara's post-incursion plans for the troubled border region.</p>
<p>Military sources in Diyarbakir, nerve centre of Turkey's 12-year fight with the Kurdistan Workers Party (PKK), said the rest of the region was generally quiet.</p>
<p>Western aid workers said Turkish tanks and troops had taken up defensive positions north of the provincial capital Dohuk. Others fanned out into nearby mountains, but most rebels appeared to have fled, they said.</p>
<p>Truck drivers and other travellers leaving the Kurdish &quot;safe haven&quot; carved out by the Western allies after the Gulf war reported few signs of fighting and said the occupying forces appeared to be digging in for a lengthy stay.</p>
<p>Fresh supplies of men and equipment moved into Iraq, and United Nations aid convoys were back on the road, witnesses at Turkey's Habur border crossing said.</p>
<p>The operations zone remained under a tight news blackout, enforced by Turkish troops and their Iraqi Kurdish allies, the Kurdistan Democratic Party (KDP).</p>
<p>Journalists were barred and communications restricted, making independent verification of the scope of the incursion and number of casualties impossible.</p>
<p>The Turkish operation, involving at least 10,000 troops, is the biggest since March 1995. Army commanders vowed then to finish off the PKK but did no more than dent the insurgency, which has claimed more than 22,000 lives.</p>
<p>Talk then of a permanent &quot;security zone&quot; inside Iraq was abandoned amid an international outcry but many senior commanders believe it is the only way to halt PKK infiltration.</p>
<p>Already, close ally the United States, joined by Britain and France, have said Turkey must limit the size and duration of its incursion.</p>
<p>Iraq's National Assemby, meeting in special session, said the operation had caused great damage and heavy casualties. It demanded an immediate pull-out and said Iraq reserved the right to retaliate &quot;in line with international law.&quot;</p>
<p>The local population also appeared uneasy at the big Turkish presence. &quot;I hope this situation won't last long,&quot; said a commander in Iraq's KDP, whose forces are cooperating with the anti-PKK drive. &quot;We know the Turks certainly do not have our own interests at heart.&quot;</p>
<p>The Iraqi National Congress (INC) said bodies of 32 KDP fighters were returned to their families in Dohuk on Thursday and Friday after clashes with the PKK. At least 16 PKK members were killed in the fighting, they said.</p>
<p>The INC had no word on Turkish casualties, but military sources said four Turkish soldiers had been killed since the operation was launched on Wednesday. They put the number of PKK members killed in and around the border at more than 120.</p>
<p>Truck drivers crossing into Turkey said local people were angry that Massoud Barzani, head of the KDP, was cooperating with the Turks, Reuters correspondent Osman Senkul reported from the Turkish-Iraqi border crossing.</p>
</text>
<copyright>(c) Reuters Limited 1997</copyright>
<metadata>
<codes class="bip:countries:1.0">
  <code code="IRAQ">
    <editdetail attribution="Reuters BIP Coding Group" action="confirmed" date="1997-05-17"/>
  </code>
  <code code="TURK">
    <editdetail attribution="Reuters BIP Coding Group" action="confirmed" date="1997-05-17"/>
  </code>
</codes>
<codes class="bip:topics:1.0">
  <code code="GCAT">
    <editdetail attribution="Reuters BIP Coding Group" action="confirmed" date="1997-05-17"/>
  </code>
  <code code="GVIO">
    <editdetail attribution="Reuters BIP Coding Group" action="confirmed" date="1997-05-17"/>
  </code>
</codes>
<dc element="dc.date.created" value="1997-05-17"/>
<dc element="dc.publisher" value="Reuters Holdings Plc"/>
<dc element="dc.date.published" value="1997-05-17"/>
<dc element="dc.source" value="Reuters"/>
<dc element="dc.creator.location" value="DOHUK, Iraq"/>
<dc element="dc.creator.location.country.name" value="IRAQ"/>
<dc element="dc.source" value="Reuters"/>
</metadata>
</newsitem>
