<?xml version="1.0" encoding="iso-8859-1" ?>
<newsitem itemid="593005" id="root" date="1997-05-17" xml:lang="en">
<title>IRAN: Iran says it arrests members of exiled opposition.</title>
<headline>Iran says it arrests members of exiled opposition.</headline>
<dateline>TEHRAN 1997-05-17</dateline>
<text>
<p>Security forces in central Iran have arrested several members of an Iraq-based armed opposition group for stirring up disturbances, the official Iranian news agency IRNA said on Saturday.</p>
<p>It quoted the top intelligence official in Isfahan province as saying members of a terrorist team belonging to the Mujahideen Khalq were arrested on Thursday in Khomeinishahr.</p>
<p>The official said &quot;the terrorist team had been engaged in stirring up disturbances and disorder among the people of the region&quot;.</p>
<p>He gave no details of the disturbances.</p>
<p>In Paris, the Mujahideen Khalq said in a statement residents in Khomeinishahr had staged large anti-government demonstrations since Tuesday.</p>
<p>The statement said there were many arrests but denied that those detained were members of the group. It said they were ordinary Iranians who sympathised with the Mujahideen.</p>
<p>The Mujahideen moved to Iraq in the early 1980s at the start of the eight-year-long Iraq-Iran war. They have mounted raids across the border into Iran, drawing Iranian reprisal attacks.</p>
<p>The Mujahideen Khalq, Iran's main exiled opposition group, has in recent months engaged in a spate of clashes with Iranian security troops in a cycle of violence unseen in recent years.</p>
</text>
<copyright>(c) Reuters Limited 1997</copyright>
<metadata>
<codes class="bip:countries:1.0">
  <code code="IRAN">
    <editdetail attribution="Reuters BIP Coding Group" action="confirmed" date="1997-05-17"/>
  </code>
  <code code="IRAQ">
    <editdetail attribution="Reuters BIP Coding Group" action="confirmed" date="1997-05-17"/>
  </code>
</codes>
<codes class="bip:topics:1.0">
  <code code="GCAT">
    <editdetail attribution="Reuters BIP Coding Group" action="confirmed" date="1997-05-17"/>
  </code>
  <code code="GVIO">
    <editdetail attribution="Reuters BIP Coding Group" action="confirmed" date="1997-05-17"/>
  </code>
</codes>
<dc element="dc.date.created" value="1997-05-17"/>
<dc element="dc.publisher" value="Reuters Holdings Plc"/>
<dc element="dc.date.published" value="1997-05-17"/>
<dc element="dc.source" value="Reuters"/>
<dc element="dc.creator.location" value="TEHRAN"/>
<dc element="dc.creator.location.country.name" value="IRAN"/>
<dc element="dc.source" value="Reuters"/>
</metadata>
</newsitem>
