<?xml version="1.0" encoding="iso-8859-1" ?>
<newsitem itemid="593043" id="root" date="1997-05-17" xml:lang="en">
<title>USA: Judge allows key videotape in Kevorkian trial.</title>
<headline>Judge allows key videotape in Kevorkian trial.</headline>
<dateline>IONIA, Mich. 1997-05-16</dateline>
<text>
<p>Jack Kevorkian's latest bid to thwart assisted suicide charges was quashed on Friday when a judge ruled that a key videotape allegedly showing a woman asking him to help her die can be admitted as evidence against him.</p>
<p>Ionia County Circuit Judge Charles Miel also on Friday dismissed assisted suicide charges against Kevorkian's associate, Janet Good, who is dying of pancreatic cancer. Neither Kevorkian nor Good were at the hearing.</p>
<p>Both decisions on Friday were seen as blows to Kevorkian's defence in his fourth assisted sucide trial, which is scheduled to start on June 10 in this small western Michigan town.</p>
<p>Kevorkian is charged with violating unwritten Michigan common law by assisting the Aug. 30, 1996, suicide of Loretta Peabody, a 54-year-old Ionia woman suffering from multiple sclerosis.</p>
<p>Authorities had believed that Peabody died of natural causes until the videotape turned up in an August 6, 1996, police raid of a suburban Detroit motel room, where Kevorkian was meeting with another patient who took her life the next day.</p>
<p>The tape is the prosecutors' key piece of evidence linking Kevorkian to Peabody.</p>
<p>Kevorkian's lawyer, Geoffrey Fieger, argued that it was obtained illegally. He said Bloomfield Township police had no reason to suspect that any illegal activity was about to occur at the Quality Inn where Kevorkian was meeting with Isabelle Correa and family members.</p>
<p>&quot;We wanted to end this case today. The reason we didn't want the tapes (as evidence) is that we wanted to end it,&quot; Fieger said adding that the trial will waste taxpayers money.</p>
<p>Miel sided with the Bloomfield Township police officers who testified that their past experience with Kevorkian's use of the same motel led them to believe that an assisted suicide was about to happen.</p>
<p>A motel clerk testified that he became suspicious and called police after Correa checked in with three other people because she was confined to a wheelchair and all of them &quot;looked depressed.&quot;</p>
<p>Good, 73, a long-time Kevorkian supporter and associate who hosted an assisted suicide last year at her Farmington Hills, Mich., home, was originally scheduled to stand trial with Kevorkian. She was diagnosed with terminal cancer last year, and some legal experts have said she would generate sympathy for Kevorkian if put on trial next to him.</p>
<p>But Ionia County Prosecutor Raymond Voet argued that given her illness, she might not be able to withstand the trial or to even attend it. Miel dismissed the charges against Good.</p>
<p>Kevorkian, who has publicly admitted to attending 45 suicides since 1990, has been tried and acquitted on assisted sucicide charges three times in cases involving five deaths, once in 1994 and twice in 1996.</p>
</text>
<copyright>(c) Reuters Limited 1997</copyright>
<metadata>
<codes class="bip:countries:1.0">
  <code code="USA">
    <editdetail attribution="Reuters BIP Coding Group" action="confirmed" date="1997-05-17"/>
  </code>
</codes>
<codes class="bip:topics:1.0">
  <code code="GCAT">
    <editdetail attribution="Reuters BIP Coding Group" action="confirmed" date="1997-05-17"/>
  </code>
  <code code="GCRIM">
    <editdetail attribution="Reuters BIP Coding Group" action="confirmed" date="1997-05-17"/>
  </code>
  <code code="GHEA">
    <editdetail attribution="Reuters BIP Coding Group" action="confirmed" date="1997-05-17"/>
  </code>
</codes>
<dc element="dc.date.created" value="1997-05-16"/>
<dc element="dc.publisher" value="Reuters Holdings Plc"/>
<dc element="dc.date.published" value="1997-05-17"/>
<dc element="dc.source" value="Reuters"/>
<dc element="dc.creator.location" value="IONIA, Mich."/>
<dc element="dc.creator.location.country.name" value="USA"/>
<dc element="dc.source" value="Reuters"/>
</metadata>
</newsitem>
