<?xml version="1.0" encoding="iso-8859-1" ?>
<newsitem itemid="593052" id="root" date="1997-05-17" xml:lang="en">
<title>USA: WISCONSIN ENERGY, NORTHERN STATES CALL OFF MERGER.</title>
<headline>WISCONSIN ENERGY, NORTHERN STATES CALL OFF MERGER.</headline>
<dateline>MILWAUKEE 1997-05-16</dateline>
<text>
<p>Wisconsin Energy Corp and Northern States Power Co announced late on Friday that they are calling off plans to merge.</p>
<p>The proposed $6 billion merger into a company called Primergy Corp would have formed the 10th largest investor-owned utility in the country.</p>
<p>But the Federal Energy Regulatory Commission on Wednesday said Wisconsin Energy and Northern States Power would have to sell some power plants and make major modifications before the deal could be approved.</p>
<p>The two companies announced on Friday they would pass on the merger rather than try to make it acceptable.</p>
<p>The merger also had been encountering difficulty with state regulators in Minnesota and Wisconsin.</p>
<p>Wisconsin Energy is based in Milwaukee. Northern States Power is based in Minneapolis. Primergy would have been based in Minneapolis.</p>
<p>When they announced the merger plans in May 1995, the companies said rates would be lower. But critics questioned that, given what would have been Primergy's dominance in the upper Midwest.</p>
</text>
<copyright>(c) Reuters Limited 1997</copyright>
<metadata>
<codes class="bip:countries:1.0">
  <code code="USA">
    <editdetail attribution="Reuters BIP Coding Group" action="confirmed" date="1997-05-17"/>
  </code>
</codes>
<codes class="bip:industries:1.0">
  <code code="I16000">
    <editdetail attribution="Reuters BIP Coding Group" action="confirmed" date="1997-05-17"/>
  </code>
  <code code="I16100">
    <editdetail attribution="Reuters BIP Coding Group" action="confirmed" date="1997-05-17"/>
  </code>
</codes>
<codes class="bip:topics:1.0">
  <code code="C18">
    <editdetail attribution="Reuters BIP Coding Group" action="confirmed" date="1997-05-17"/>
  </code>
  <code code="C181">
    <editdetail attribution="Reuters BIP Coding Group" action="confirmed" date="1997-05-17"/>
  </code>
  <code code="CCAT">
    <editdetail attribution="Reuters BIP Coding Group" action="confirmed" date="1997-05-17"/>
  </code>
</codes>
<dc element="dc.date.created" value="1997-05-16"/>
<dc element="dc.publisher" value="Reuters Holdings Plc"/>
<dc element="dc.date.published" value="1997-05-17"/>
<dc element="dc.source" value="Reuters"/>
<dc element="dc.creator.location" value="MILWAUKEE"/>
<dc element="dc.creator.location.country.name" value="USA"/>
<dc element="dc.source" value="Reuters"/>
</metadata>
</newsitem>
