<?xml version="1.0" encoding="iso-8859-1" ?>
<newsitem itemid="593071" id="root" date="1997-05-17" xml:lang="en">
<title>FRANCE: French right ahead in latest CSA opinion poll.</title>
<headline>French right ahead in latest CSA opinion poll.</headline>
<dateline>PARIS 1997-05-17</dateline>
<text>
<p>Following are the results of an opinion poll of voters' intentions ahead of the May 25/June 1 two-round parliamentary election.</p>
<p>The poll of 1,012 representative adults registered to vote was conducted by CSA on May 16 and 17 for radio stations France Inter and France Info as well as for France 3 television.</p>
<p>It was made public on Saturday.</p>
<p>			   percentage  projected seats in</p>
<p>			    of vote    National Assembly</p>
<p>----------------------------------------------</p>
<p> Extreme left		3.5	    0</p>
<p>----------------------------------------------</p>
<p> Communists		 10.5	   24</p>
<p>----------------------------------------------</p>
<p> Socialists-other left  26.5	  234</p>
<p>----------------------------------------------</p>
<p> Ecologists		  8		*</p>
<p>----------------------------------------------</p>
<p> RPR/UDF-other right    37.5	  297</p>
<p>----------------------------------------------</p>
<p> National Front	   14		0</p>
<p>----------------------------------------------</p>
<p>(* CSA gives no separate figure for Ecologists. They are included in the total for Socialists and other left).</p>
<p>CSA said the projection of seats should be treated with caution, noting voters would be influenced in the June 1 run-off by the results of the first round, the list of candidates for the second round and campaigning between the two ballots.</p>
<p>The seat projections are for metropolitan France only.</p>
</text>
<copyright>(c) Reuters Limited 1997</copyright>
<metadata>
<codes class="bip:countries:1.0">
  <code code="FRA">
    <editdetail attribution="Reuters BIP Coding Group" action="confirmed" date="1997-05-17"/>
  </code>
</codes>
<codes class="bip:topics:1.0">
  <code code="GCAT">
    <editdetail attribution="Reuters BIP Coding Group" action="confirmed" date="1997-05-17"/>
  </code>
  <code code="GPOL">
    <editdetail attribution="Reuters BIP Coding Group" action="confirmed" date="1997-05-17"/>
  </code>
  <code code="GVOTE">
    <editdetail attribution="Reuters BIP Coding Group" action="confirmed" date="1997-05-17"/>
  </code>
</codes>
<dc element="dc.date.created" value="1997-05-17"/>
<dc element="dc.publisher" value="Reuters Holdings Plc"/>
<dc element="dc.date.published" value="1997-05-17"/>
<dc element="dc.source" value="Reuters"/>
<dc element="dc.creator.location" value="PARIS"/>
<dc element="dc.creator.location.country.name" value="FRANCE"/>
<dc element="dc.source" value="Reuters"/>
</metadata>
</newsitem>
