<?xml version="1.0" encoding="iso-8859-1" ?>
<newsitem itemid="593017" id="root" date="1997-05-17" xml:lang="en">
<title>EGYPT: PRESS DIGEST - Egypt - May 17.</title>
<headline>PRESS DIGEST - Egypt - May 17.</headline>
<dateline>CAIRO 1997-05-17</dateline>
<text>
<p>These are the leading stories in the Egyptian press on Saturday. Reuters has not verified these stories and does not vouch for their accuracy.</p>
<p>AL-AHRAM</p>
<p>- Egypt and Morocco stress their support for Palestinian people in their struggle to regain their legitimate rights. Leaders of two countries in statement after talks affirm support for peace process on bases of international resolutions.</p>
<p>- Financial Times newspaper says Mubarak has raised Egypt's flag on the investment map.</p>
<p>- Interior Minister Alfi says outlawed Brotherhood group are trying to play about with union elections. He says Egypt does not want Sheikh Omar Abdel-Rahman.</p>
<p>- Turkey hopes Mubarak will take part in Islamic group summit in Istanbul in June.</p>
<p>AL-AKHBAR</p>
<p>- Egypt and Morocco blame Israel for delay in peace talks.</p>
<p>- Government says it will offer land for Eygptian and foreign investors.</p>
<p>- Grand Sheikh of al-Azhar signs first organ donor card.</p>
<p>- Egypt to launch intensive contacts with parties of peace process.</p>
<p>AL-GOMHURIA</p>
<p>- Government officials to discuss offering shares in mobile telephone company.</p>
<p>-- Cairo newsroom +202 578 3290/1</p>
</text>
<copyright>(c) Reuters Limited 1997</copyright>
<metadata>
<codes class="bip:countries:1.0">
  <code code="EGYPT">
    <editdetail attribution="Reuters BIP Coding Group" action="confirmed" date="1997-05-17"/>
  </code>
</codes>
<codes class="bip:topics:1.0">
  <code code="GCAT">
    <editdetail attribution="Reuters BIP Coding Group" action="confirmed" date="1997-05-17"/>
  </code>
</codes>
<dc element="dc.date.created" value="1997-05-17"/>
<dc element="dc.publisher" value="Reuters Holdings Plc"/>
<dc element="dc.date.published" value="1997-05-17"/>
<dc element="dc.source" value="Reuters"/>
<dc element="dc.creator.location" value="CAIRO"/>
<dc element="dc.creator.location.country.name" value="EGYPT"/>
<dc element="dc.source" value="Reuters"/>
</metadata>
</newsitem>
