<?xml version="1.0" encoding="iso-8859-1" ?>
<newsitem itemid="593088" id="root" date="1997-05-17" xml:lang="en">
<title>GERMANY: Bonn hails end of Mobutu rule, calls for democracy.</title>
<headline>Bonn hails end of Mobutu rule, calls for democracy.</headline>
<dateline>BONN 1997-05-17</dateline>
<text>
<p>Germany on Saturday hailed the end of President Mobutu Sese Seko's rule in Zaire and called on all parties to use the opportunity to establish democracy.</p>
<p>&quot;The Mobutu era is at an end!&quot; Kinkel said in a statement. &quot;After 32 years of unbroken rule by Mobutu, the way is open for a new start.&quot;</p>
<p>&quot;The new democratic start which has been made possible through the withdrawal of President Mobutu Sese Seko must be sealed with free, democratic elections,&quot; he added.</p>
<p>But Kinkel made no explicit mention of rebel leader Laurent Kabila, who announced he was taking over on Saturday, a day after Mobutu renounced power and withdrew to his northern jungle palace and stronghold.</p>
<p>The minister urged all sides to honour their responsibility towards the civilian population, avoid violence and ensure a peaceful transition of power without a descent into lawlessness.</p>
</text>
<copyright>(c) Reuters Limited 1997</copyright>
<metadata>
<codes class="bip:countries:1.0">
  <code code="GFR">
    <editdetail attribution="Reuters BIP Coding Group" action="confirmed" date="1997-05-17"/>
  </code>
  <code code="ZAIRE">
    <editdetail attribution="Reuters BIP Coding Group" action="confirmed" date="1997-05-17"/>
  </code>
</codes>
<codes class="bip:topics:1.0">
  <code code="GCAT">
    <editdetail attribution="Reuters BIP Coding Group" action="confirmed" date="1997-05-17"/>
  </code>
  <code code="GDIP">
    <editdetail attribution="Reuters BIP Coding Group" action="confirmed" date="1997-05-17"/>
  </code>
  <code code="GPOL">
    <editdetail attribution="Reuters BIP Coding Group" action="confirmed" date="1997-05-17"/>
  </code>
  <code code="GVIO">
    <editdetail attribution="Reuters BIP Coding Group" action="confirmed" date="1997-05-17"/>
  </code>
</codes>
<dc element="dc.date.created" value="1997-05-17"/>
<dc element="dc.publisher" value="Reuters Holdings Plc"/>
<dc element="dc.date.published" value="1997-05-17"/>
<dc element="dc.source" value="Reuters"/>
<dc element="dc.creator.location" value="BONN"/>
<dc element="dc.creator.location.country.name" value="GERMANY"/>
<dc element="dc.source" value="Reuters"/>
</metadata>
</newsitem>
