<?xml version="1.0" encoding="iso-8859-1" ?>
<newsitem itemid="593074" id="root" date="1997-05-17" xml:lang="en">
<title>ITALY: San Paolo details top offer price.</title>
<headline>San Paolo details top offer price.</headline>
<byline>Charlotte Cooper</byline>
<dateline>MILAN 1997-05-17</dateline>
<text>
<p>Italian bank San Paolo di Torino announced the maximum price for its public share offer starting next week and an architect of its privatisation said at the weekend the move would make it an Anglo-Saxon style company.</p>
<p>San Paolo, Italy's biggest bank, announced late on Friday the maximum price at its public share issue would be 10,850 lire per share ($6.50).</p>
<p>The Turin-based bank, which is making a global offer of 26.96 percent of its capital, or 220 million ordinary shares, also said there would a 2.5 percent discount to the public in the offer which begins on Monday and runs until Friday.</p>
<p>The final price, which will be set at the end of the public offer period, will be whichever is the lowest between the 10,850 lire maximum price and the official price registered on the Milan stock market on Friday minus the 2.5 percent discount.</p>
<p>San Paolo shares closed on the stock market at 11,114 lire per ordinary share on Friday.</p>
<p>Analysts had forecast the final price to be somewhere in the region of 10,300 to 10,500 lire, saying the closer it is to 10,000 the more interested international investors will be.</p>
<p>Pricing for the offer is deemed critical in a banking sector which lags behind some of its European counterparts in terms of financial returns.</p>
<p>San Paolo, which has made big changes in the last 18 months ahead of privatisation, shows a return on equity of 6.1 percent compared to double-digit levels at British and German banks.</p>
<p>But Claudio Sposito, managing director of Morgan Stanley bank here and architect of the sale along with San Paolo chairman Gianni Zandano, told a newspaper on Saturday: &quot;It will be a bank open to the market, private and managed on the model of public companies of the Anglo-Saxon type.&quot;</p>
<p>Sposito, whose bank has been global coordinator for the operation along with San Paolo, told Il Sole 24 Ore financial daily that the privatisation model they had chosen guaranteed there would be no surprises.</p>
<p>&quot;Unlike operations carried out in the past, today the market knows already who San Paolo's stable shareholders are,&quot; he said.</p>
<p>&quot;(The market) knows no one has a dominant position and it knows that among the members of the stable group there are no agreements which presuppose anyone acting in concert,&quot; he said.</p>
<p>Many large Italian companies quoted on the stock market have shareholder syndicates which vote or act together.</p>
<p>Sposito said that nevertheless the presence of big investors would act on the bank's management as a stimulus to provide a return on equity which would satisfy shareholders.</p>
<p>The foundation that controls San Paolo has already conducted a private placing of a 20 percent stake to a stable core of shareholders including Spain's Banca Santander and Italian investment bank IMI, bringing its own stake in San Paolo down to 45.6 percent from 65.6 percent.</p>
<p>San Paolo's sell-off is attracting more notice from abroad.</p>
<p>Hungarian financier George Soros, famous for betting against the British pound in a currency crisis in 1992, said on Italian television on Friday: &quot;The privatisation of San Paolo could be a good investment, given that it's dealing with a very respectable institution.&quot;</p>
<p>However he did not say if he intended to invest. $1=1,672 lire</p>
</text>
<copyright>(c) Reuters Limited 1997</copyright>
<metadata>
<codes class="bip:countries:1.0">
  <code code="ITALY">
    <editdetail attribution="Reuters BIP Coding Group" action="confirmed" date="1997-05-17"/>
  </code>
</codes>
<codes class="bip:industries:1.0">
  <code code="I81402">
    <editdetail attribution="Reuters BIP Coding Group" action="confirmed" date="1997-05-17"/>
  </code>
</codes>
<codes class="bip:topics:1.0">
  <code code="C17">
    <editdetail attribution="Reuters BIP Coding Group" action="confirmed" date="1997-05-17"/>
  </code>
  <code code="C171">
    <editdetail attribution="Reuters BIP Coding Group" action="confirmed" date="1997-05-17"/>
  </code>
  <code code="C18">
    <editdetail attribution="Reuters BIP Coding Group" action="confirmed" date="1997-05-17"/>
  </code>
  <code code="C183">
    <editdetail attribution="Reuters BIP Coding Group" action="confirmed" date="1997-05-17"/>
  </code>
  <code code="CCAT">
    <editdetail attribution="Reuters BIP Coding Group" action="confirmed" date="1997-05-17"/>
  </code>
</codes>
<dc element="dc.date.created" value="1997-05-17"/>
<dc element="dc.publisher" value="Reuters Holdings Plc"/>
<dc element="dc.date.published" value="1997-05-17"/>
<dc element="dc.source" value="Reuters"/>
<dc element="dc.creator.location" value="MILAN"/>
<dc element="dc.creator.location.country.name" value="ITALY"/>
<dc element="dc.source" value="Reuters"/>
</metadata>
</newsitem>
