<?xml version="1.0" encoding="iso-8859-1" ?>
<newsitem itemid="593021" id="root" date="1997-05-17" xml:lang="en">
<title>USA: Exiles hold peaceful demonstration off Cuban coast.</title>
<headline>Exiles hold peaceful demonstration off Cuban coast.</headline>
<byline>Jim Loney</byline>
<dateline>MIAMI 1997-05-17</dateline>
<text>
<p>Cuban exiles held a peaceful demonstration off Cuba's north coast on Saturday to promote a national work stoppage on the Communist-ruled Caribbean island, the U.S. Coast Guard said.</p>
<p>A flotilla of about 10 vessels, far fewer than the exile group Democracy Movement had intended, gathered near Cuba's 12-mile territorial waters limit off Havana, where crewmembers held a prayer service, Coast Guard spokesman Scott Carr said.</p>
<p>&quot;We haven't heard any reports of trouble,&quot; Carr said. &quot;They're heading back.&quot;</p>
<p>The flotilla was the first of three scheduled for this year, leading up to Pope John Paul's visit to Cuba in early 1998. It was the latest in a series of flotillas mounted by Miami-based Cuban exiles that have served to heighten tension between the United States and Fidel Castro's Communist regime.</p>
<p>Cuba on Thursday described the flotilla as a &quot;new attempt at a provocation&quot; and said it would use &quot;the necessary means&quot; to ensure there were no violations of its territory.</p>
<p>Democracy Movement had assured U.S. and Cuban authorities it did not intend to enter Cuban waters.</p>
<p>Organizers said at least three dozen vessels headed to the limit of Cuban territorial waters in two groups that left late on Friday and early on Saturday from the Florida Keys.</p>
<p>About a dozen aircraft were to join them. But rough seas and heavy thunderstorms forced some of the boats to abandon the trip and the planes never took off, the Coast Guard said.</p>
<p>&quot;They ran into a little weather problem,&quot; Carr said. &quot;The planes aren't flying.&quot; He said there were no reports that any Cuban military vessel or aircraft had been seen at the site of the demonstration.</p>
<p>Miami-based Cuban exiles have sent a number of flotillas across the Florida Straits between Florida and Cuba. During one in 1995, a Democracy Movement boat entered Cuban waters and was sideswiped by Cuban military vessels.</p>
<p>In February 1996, Cuban MiG fighter jets shot down two unarmed U.S. civilian planes between Florida and Cuba, killing four aviators of the exile group Brothers to the Rescue.</p>
<p>The incident provoked international outrage against Cuba. But President Fidel Castro's government defended its action by saying the planes were violating its territory. Washington said the downed planes were outside Cuban airspace and should not have been shot down.</p>
<p>Democracy Movement said Saturday's flotilla was aimed at publicizing within Cuba the idea of a general strike at an as- yet-undetermined date. The group espouses nonviolent protest with the aim of stirring democratic reforms in Cuba.</p>
<p>Democracy Movement leaders have said they reserve their right as Cuban citizens to enter Cuban territory at any time and intend to exercise that right during the pope's visit.</p>
</text>
<copyright>(c) Reuters Limited 1997</copyright>
<metadata>
<codes class="bip:countries:1.0">
  <code code="CUBA">
    <editdetail attribution="Reuters BIP Coding Group" action="confirmed" date="1997-05-17"/>
  </code>
  <code code="USA">
    <editdetail attribution="Reuters BIP Coding Group" action="confirmed" date="1997-05-17"/>
  </code>
</codes>
<codes class="bip:topics:1.0">
  <code code="GCAT">
    <editdetail attribution="Reuters BIP Coding Group" action="confirmed" date="1997-05-17"/>
  </code>
  <code code="GPOL">
    <editdetail attribution="Reuters BIP Coding Group" action="confirmed" date="1997-05-17"/>
  </code>
  <code code="GVIO">
    <editdetail attribution="Reuters BIP Coding Group" action="confirmed" date="1997-05-17"/>
  </code>
</codes>
<dc element="dc.date.created" value="1997-05-17"/>
<dc element="dc.publisher" value="Reuters Holdings Plc"/>
<dc element="dc.date.published" value="1997-05-17"/>
<dc element="dc.source" value="Reuters"/>
<dc element="dc.creator.location" value="MIAMI"/>
<dc element="dc.creator.location.country.name" value="USA"/>
<dc element="dc.source" value="Reuters"/>
</metadata>
</newsitem>
