<?xml version="1.0" encoding="iso-8859-1" ?>
<newsitem itemid="593121" id="root" date="1997-05-17" xml:lang="en">
<title>INDIA: India to phase out &quot;quantitative&quot; import curbs.</title>
<headline>India to phase out &quot;quantitative&quot; import curbs.</headline>
<dateline>NEW DELHI 1997-05-17</dateline>
<text>
<p>The Indian government, which is pursuing a gradual liberalisation of its trade, said on Saturday it had decided to phase out &quot;quantitative restrictions&quot; on imports but set no time-frame.</p>
<p>The decision was taken at a meeting of Prime Minister Inder Kumar Gujral's cabinet late on Friday, a Commerce Ministry spokeswoman told Reuters.</p>
<p>&quot;The government in principle decided that quantitative restrictions have to be phased out,&quot; she said. &quot;No decision on the time-frame has been taken.&quot;</p>
<p>Quantitative restrictions are where the government fixes limits on how much of a product can be imported rather than setting tariffs or imposing outright bans.</p>
<p>India has agreed to present the World Trade Organisation in June with a time-table to phase out restrictions on imports.</p>
<p>The Commerce Ministry unveiled a new five-year trade policy on March 31 that removed import restrictions on 542 items which can now be imported freely or bought through freely-tranferable special import licences.</p>
<p>In February the ministry liberalised import rules for at least 161 products, including certain consumer goods.</p>
<p>But consumer electronics and cotton textiles have remained on a restricted list, a sign of lingering socialist controls in an economy which has been undergoing a free-market reform programme since 1991.</p>
<p>&quot;There are about 2,600 items where there are restrictions on imports against a total of 11,000 items,&quot; trade analyst Arun Goyal said.</p>
<p>Analysts said a comfortable foreign exchange situation had helped the government to take the decision to phase out restrictions on imports.</p>
<p>India's foreign exchange reserves stood at $27.29 billion on May 9 against $21.86 billion on May 10 last year.</p>
<p>Domestic industry will receive tariff protection and will not be affected by the move to phase out quantitative restrictions on imports, the commerce ministry spokeswoman said.</p>
<p>Businessmen have complained of being swamped by multinational companies after India opened up its economy and liberalised trade and industry as part of reforms launched in 1991 by former prime minister P.V. Narasimha Rao.</p>
<p>-- Sabyasachi Mitra, New Delhi newsroom +91-11 301 2024</p>
</text>
<copyright>(c) Reuters Limited 1997</copyright>
<metadata>
<codes class="bip:countries:1.0">
  <code code="INDIA">
    <editdetail attribution="Reuters BIP Coding Group" action="confirmed" date="1997-05-17"/>
  </code>
</codes>
<codes class="bip:topics:1.0">
  <code code="E51">
    <editdetail attribution="Reuters BIP Coding Group" action="confirmed" date="1997-05-17"/>
  </code>
  <code code="E512">
    <editdetail attribution="Reuters BIP Coding Group" action="confirmed" date="1997-05-17"/>
  </code>
  <code code="ECAT">
    <editdetail attribution="Reuters BIP Coding Group" action="confirmed" date="1997-05-17"/>
  </code>
</codes>
<dc element="dc.date.created" value="1997-05-17"/>
<dc element="dc.publisher" value="Reuters Holdings Plc"/>
<dc element="dc.date.published" value="1997-05-17"/>
<dc element="dc.source" value="Reuters"/>
<dc element="dc.creator.location" value="NEW DELHI"/>
<dc element="dc.creator.location.country.name" value="INDIA"/>
<dc element="dc.source" value="Reuters"/>
</metadata>
</newsitem>
