<?xml version="1.0" encoding="iso-8859-1" ?>
<newsitem itemid="700991" id="root" date="1997-07-02" xml:lang="en">
<title>USA: Kapson sells $50mln of convertible pfd shrs.</title>
<headline>Kapson sells $50mln of convertible pfd shrs.</headline>
<dateline>WOODBURY, N.Y. 1997-07-02</dateline>
<text>
<p>Kapson Senior Quarters Corp said Wednesday it will sell 2.0 million shares of convertible exchangeable preferred stock at $25 per share.</p>
<p>The offering is expected to close on July 3. The shares are non-callable for three years, convertible into common stock at $12.98 per share, and pay an annual dividend of $2 per share. Kapson traded at $11 per share Wednesday afternoon.</p>
<p>The company said it will use the proceeds to develop more assisted living facilities and repay debt.</p>
<p>Kapson also has the option to swap, in whole or in part, the preferred stock for eight percent convertible notes due 2007 at the rate of $1,000 principal amount of notes for each 40 shares of preferred stock.</p>
</text>
<copyright>(c) Reuters Limited 1997</copyright>
<metadata>
<codes class="bip:countries:1.0">
  <code code="USA">
    <editdetail attribution="Reuters BIP Coding Group" action="confirmed" date="1997-07-02"/>
  </code>
</codes>
<codes class="bip:topics:1.0">
  <code code="C17">
    <editdetail attribution="Reuters BIP Coding Group" action="confirmed" date="1997-07-02"/>
  </code>
  <code code="C171">
    <editdetail attribution="Reuters BIP Coding Group" action="confirmed" date="1997-07-02"/>
  </code>
  <code code="C172">
    <editdetail attribution="Reuters BIP Coding Group" action="confirmed" date="1997-07-02"/>
  </code>
  <code code="CCAT">
    <editdetail attribution="Reuters BIP Coding Group" action="confirmed" date="1997-07-02"/>
  </code>
</codes>
<dc element="dc.date.created" value="1997-07-02"/>
<dc element="dc.publisher" value="Reuters Holdings Plc"/>
<dc element="dc.date.published" value="1997-07-02"/>
<dc element="dc.source" value="Reuters"/>
<dc element="dc.creator.location" value="WOODBURY, N.Y."/>
<dc element="dc.creator.location.country.name" value="USA"/>
<dc element="dc.source" value="Reuters"/>
</metadata>
</newsitem>
