<?xml version="1.0" encoding="iso-8859-1" ?>
<newsitem itemid="700994" id="root" date="1997-07-02" xml:lang="en">
<title>USA: CSCE cocoa tumbles to lower close as specs sell.</title>
<headline>CSCE cocoa tumbles to lower close as specs sell.</headline>
<dateline>NEW YORK 1997-07-02</dateline>
<text>
<p>CSCE cocoa futures slumped to their lowest levels in 10 days on Wednesday, hit by heavy speculative liquidation in a sharp correction to the market's recent bull run.</p>
<p>Benchmark September futures tumbled $71 per tonne, to end at $1,614, the lowest close since June 20.</p>
<p>Traders said a growing consensus that the market's dazzling climb to nine-year highs in June had been overdone sent prices spiralling downward this morning.</p>
<p>Technically, the September contract's failure on Tuesday to clear a contract high set just last week of $1,737 prompted speculators to liquidate long positions early on.</p>
<p>Manufacturer-linked buying briefly stemmed the slide, but the funds later resumed their onslaught, dragging September to an intraday low of $1,610.</p>
<p>Cocoa prices have lost more than five percent of their value in the past two days.</p>
<p>While news related to next season's harvest in West Africa has been scarce in recent days, analysts said signs of more favorable growing weather in the Ivory Coast have cast a shadow over the market.</p>
<p>&quot;A lot of this is linked to the belief that the Ivory Coast's (1997/98) main crop is not really encountering any defined problems,&quot; said Steve Platt, senior analyst with Dean Witter in Chicago.</p>
<p>&quot;It seemed like the market really did not have a lot of justification for being at those high levels,&quot; he said. &quot;The market has been overbought...and the failure against (resistance) levels led to the rather accelerated liquidation pressure today.&quot;</p>
<p>Traders said September would need to hold above the $1,580 level to ward off another round of fund liquidation.</p>
<p>&quot;There is no panic yet, but any further falls could bring in some panic selling,&quot; a trader said.</p>
<p>If $1,580 were breached, a subsequent objective awaited at $1,550. To the upside, stiff resistance was noted toward the $1,680-1,700 range.</p>
<p>The day's volume was estimated at 13,515 lots.</p>
<p>((Wendy Pollack, New York Commodities Desk +1 212 859 1640))</p>
</text>
<copyright>(c) Reuters Limited 1997</copyright>
<metadata>
<codes class="bip:countries:1.0">
  <code code="USA">
    <editdetail attribution="Reuters BIP Coding Group" action="confirmed" date="1997-07-02"/>
  </code>
</codes>
<codes class="bip:topics:1.0">
  <code code="M14">
    <editdetail attribution="Reuters BIP Coding Group" action="confirmed" date="1997-07-02"/>
  </code>
  <code code="M141">
    <editdetail attribution="Reuters BIP Coding Group" action="confirmed" date="1997-07-02"/>
  </code>
  <code code="MCAT">
    <editdetail attribution="Reuters BIP Coding Group" action="confirmed" date="1997-07-02"/>
  </code>
</codes>
<dc element="dc.date.created" value="1997-07-02"/>
<dc element="dc.publisher" value="Reuters Holdings Plc"/>
<dc element="dc.date.published" value="1997-07-02"/>
<dc element="dc.source" value="Reuters"/>
<dc element="dc.creator.location" value="NEW YORK"/>
<dc element="dc.creator.location.country.name" value="USA"/>
<dc element="dc.source" value="Reuters"/>
</metadata>
</newsitem>
