<?xml version="1.0" encoding="iso-8859-1" ?>
<newsitem itemid="700976" id="root" date="1997-07-02" xml:lang="en">
<title>USA: AMEX closing averages.</title>
<headline>AMEX closing averages.</headline>
<dateline>NEW YORK 1997-07-02</dateline>
<text>
<p>Prices on the American Stock Exchange closed higher in heavy trading.</p>
<p>The Amex Composite index closed at 630.06, up 4.45.</p>
<p>The average price per share rose $0.09.</p>
<p>Advancers beat decliners 298 to 253.</p>
<p>Preliminary volume was 24,706,880 compared with 20,745,765 on Tuesday.</p>
<p>(Prices official as of 1630 EST/2130 GMT)</p>
<p>((-- Wall Street desk, 212-859-1830))</p>
</text>
<copyright>(c) Reuters Limited 1997</copyright>
<metadata>
<codes class="bip:countries:1.0">
  <code code="USA">
    <editdetail attribution="Reuters BIP Coding Group" action="confirmed" date="1997-07-02"/>
  </code>
</codes>
<codes class="bip:topics:1.0">
  <code code="M11">
    <editdetail attribution="Reuters BIP Coding Group" action="confirmed" date="1997-07-02"/>
  </code>
  <code code="MCAT">
    <editdetail attribution="Reuters BIP Coding Group" action="confirmed" date="1997-07-02"/>
  </code>
</codes>
<dc element="dc.date.created" value="1997-07-02"/>
<dc element="dc.publisher" value="Reuters Holdings Plc"/>
<dc element="dc.date.published" value="1997-07-02"/>
<dc element="dc.source" value="Reuters"/>
<dc element="dc.creator.location" value="NEW YORK"/>
<dc element="dc.creator.location.country.name" value="USA"/>
<dc element="dc.source" value="Reuters"/>
</metadata>
</newsitem>
