<?xml version="1.0" encoding="iso-8859-1" ?>
<newsitem itemid="700939" id="root" date="1997-07-02" xml:lang="en">
<title>USA: Overseas to merge venture with Royal Cruises.</title>
<headline>Overseas to merge venture with Royal Cruises.</headline>
<dateline>NEW YORK 1997-07-02</dateline>
<text>
<p>Overseas Shipholding Group Inc said on Wednesday that Royal Caribbean International increased its offer to acquire Celebrity Cruise Lines to $515 million from $500 million.</p>
<p>The cash portion of the deal was increased to $245 million from $230 million, while the remainder is payable in Royal Caribbean stock, Overseas Shipholding said in a statement about the definitive agreement.</p>
<p>Carnival Corp, which could not be reached for comment, said it had privately offered to buy Celebrity for $510 million in cash earlier in June.  </p>
<p>Also, Overseas Shipholding, which owns Celebrity with Chandris Group in a 50-50 joint venture, said Royal Carribean will assume $800 million of Celebrity's debt.</p>
<p>Royal Caribbean said in its original statement on June 17 that the merger would create a fleet of 20 ships, totaling 38,000 berts by the year 2000, including the five vessels currently on order.</p>
<p>Royal Caribbean operates 11 ships and has four ships on order.</p>
</text>
<copyright>(c) Reuters Limited 1997</copyright>
<metadata>
<codes class="bip:countries:1.0">
  <code code="USA">
    <editdetail attribution="Reuters BIP Coding Group" action="confirmed" date="1997-07-02"/>
  </code>
</codes>
<codes class="bip:industries:1.0">
  <code code="I74000">
    <editdetail attribution="Reuters BIP Coding Group" action="confirmed" date="1997-07-02"/>
  </code>
</codes>
<codes class="bip:topics:1.0">
  <code code="C18">
    <editdetail attribution="Reuters BIP Coding Group" action="confirmed" date="1997-07-02"/>
  </code>
  <code code="C181">
    <editdetail attribution="Reuters BIP Coding Group" action="confirmed" date="1997-07-02"/>
  </code>
  <code code="CCAT">
    <editdetail attribution="Reuters BIP Coding Group" action="confirmed" date="1997-07-02"/>
  </code>
</codes>
<dc element="dc.date.created" value="1997-07-02"/>
<dc element="dc.publisher" value="Reuters Holdings Plc"/>
<dc element="dc.date.published" value="1997-07-02"/>
<dc element="dc.source" value="Reuters"/>
<dc element="dc.creator.location" value="NEW YORK"/>
<dc element="dc.creator.location.country.name" value="USA"/>
<dc element="dc.source" value="Reuters"/>
</metadata>
</newsitem>
