<?xml version="1.0" encoding="iso-8859-1" ?>
<newsitem itemid="700942" id="root" date="1997-07-02" xml:lang="en">
<title>USA: Dataflex Corp FY 1997 shr loss $1.35.</title>
<headline>Dataflex Corp FY 1997 shr loss $1.35.</headline>
<dateline>CLEARWATER, Fla. 1997-07-02</dateline>
<text>
<p>For the year ended March 31,</p>
<p>			    1997			  1996</p>
<p> Shr loss	  $	 1.35   loss  $	 1.22</p>
<p> Net loss	     7,755,505   loss     6,335,205</p>
<p> Revs		 255,074,808	    472,101,629</p>
<p> Avg shrs	     5,731,368		5,213,711</p>
<p>NOTE: Net loss for the year ended March 31, 1997 included a pre-tax nonrecurring charge of $8,978,970 for losses on dispositions of businesses and a one-time pre-tax charge of $3,280,225 for impairment of assets.  </p>
<p>The losses on dispositions of businesses represent the difference between the carrying value of the net assets of the Western, Eastern and Midwestern regions sold throughout the fiscal year and the final realized value.</p>
<p>The loss on impairment is comprised of $2,941,185 for write down of goodwill associated with the sale of the company's education division and a $339,040 charge for write down of the company's office property that is held for sale.</p>
<p>Liabilities decreased by $102,543,810 during FY 1997, while tangible net worth increased by $3,335,914 to $16,468,593 or $2.87 per share.</p>
<p>--((New York Newsdesk 212 859-1610))</p>
</text>
<copyright>(c) Reuters Limited 1997</copyright>
<metadata>
<codes class="bip:countries:1.0">
  <code code="USA">
    <editdetail attribution="Reuters BIP Coding Group" action="confirmed" date="1997-07-02"/>
  </code>
</codes>
<codes class="bip:industries:1.0">
  <code code="I33020">
    <editdetail attribution="Reuters BIP Coding Group" action="confirmed" date="1997-07-02"/>
  </code>
  <code code="I3302021">
    <editdetail attribution="Reuters BIP Coding Group" action="confirmed" date="1997-07-02"/>
  </code>
</codes>
<codes class="bip:topics:1.0">
  <code code="C15">
    <editdetail attribution="Reuters BIP Coding Group" action="confirmed" date="1997-07-02"/>
  </code>
  <code code="C151">
    <editdetail attribution="Reuters BIP Coding Group" action="confirmed" date="1997-07-02"/>
  </code>
  <code code="C1511">
    <editdetail attribution="Reuters BIP Coding Group" action="confirmed" date="1997-07-02"/>
  </code>
  <code code="CCAT">
    <editdetail attribution="Reuters BIP Coding Group" action="confirmed" date="1997-07-02"/>
  </code>
</codes>
<dc element="dc.date.created" value="1997-07-02"/>
<dc element="dc.publisher" value="Reuters Holdings Plc"/>
<dc element="dc.date.published" value="1997-07-02"/>
<dc element="dc.source" value="Reuters"/>
<dc element="dc.creator.location" value="CLEARWATER, Fla."/>
<dc element="dc.creator.location.country.name" value="USA"/>
<dc element="dc.source" value="Reuters"/>
</metadata>
</newsitem>
