<?xml version="1.0" encoding="iso-8859-1" ?>
<newsitem itemid="700963" id="root" date="1997-07-02" xml:lang="en">
<title>USA: Ascend climb due to bullish comments, rumors.</title>
<headline>Ascend climb due to bullish comments, rumors.</headline>
<dateline>NEW YORK 1997-07-02</dateline>
<text>
<p>Shares of Ascend Communications Inc have soared 24 percent in the past two days, on positive comments by two Wall Street analysts and on rumors of at least one impending multi-million dollar pact with an Internet service provider, analysts said.</p>
<p>&quot;I heard that Ascend won a big deal at UUNET, that's all I know,&quot; said David Takata, a Gruntal &amp; Co analyst. UUNET, one of the largest Internet service providers and now owned by WorldCom Inc, is believed to have picked Ascend's networking products over Cisco Systems Inc's.</p>
<p>Ascend officials did not return calls.  </p>
<p>A UUNet spokeswoman in Fairfax, Va. said she did not have any information about an impending deal with Ascend and said nothing has been announced.</p>
<p>Ascend CEO Mory Ejabat is believed to be traveling and meeting with investors to discuss the company's prospects. Ejabat was not in and did not return calls seeking comment, nor did Ascend chief financial officer Robert Dahl.</p>
<p>On Wednesday, Ascend's shares jumped 5-5/16 to 49-1/16 and it was the most heavily traded stock on the NASDAQ, with over 20 million shares changing hands.  </p>
<p>Joseph Bellace, a Merrill Lynch analyst, upgraded Ascend Wednesday to accumulate from neutral, but no further details were available. On Tuesday, Montgomery Securities analyst Al Tobia made positive comments about its upcoming second quarter earnings.</p>
<p>On July 15, Ascend will report its second quarter earnings, which will for the first time include the results of its recent merger with Cascade Communications Corp, which closed on Monday. Also on Monday, Ascend restated its first quarter earnings to reflect the pooling of Cascade, which resulted in a loss of $0.88 a share.</p>
</text>
<copyright>(c) Reuters Limited 1997</copyright>
<metadata>
<codes class="bip:countries:1.0">
  <code code="USA">
    <editdetail attribution="Reuters BIP Coding Group" action="confirmed" date="1997-07-02"/>
  </code>
</codes>
<codes class="bip:industries:1.0">
  <code code="I33020">
    <editdetail attribution="Reuters BIP Coding Group" action="confirmed" date="1997-07-02"/>
  </code>
  <code code="I3302004">
    <editdetail attribution="Reuters BIP Coding Group" action="confirmed" date="1997-07-02"/>
  </code>
  <code code="I79020">
    <editdetail attribution="Reuters BIP Coding Group" action="confirmed" date="1997-07-02"/>
  </code>
</codes>
<codes class="bip:topics:1.0">
  <code code="C15">
    <editdetail attribution="Reuters BIP Coding Group" action="confirmed" date="1997-07-02"/>
  </code>
  <code code="C152">
    <editdetail attribution="Reuters BIP Coding Group" action="confirmed" date="1997-07-02"/>
  </code>
  <code code="C33">
    <editdetail attribution="Reuters BIP Coding Group" action="confirmed" date="1997-07-02"/>
  </code>
  <code code="CCAT">
    <editdetail attribution="Reuters BIP Coding Group" action="confirmed" date="1997-07-02"/>
  </code>
</codes>
<dc element="dc.date.created" value="1997-07-02"/>
<dc element="dc.publisher" value="Reuters Holdings Plc"/>
<dc element="dc.date.published" value="1997-07-02"/>
<dc element="dc.source" value="Reuters"/>
<dc element="dc.creator.location" value="NEW YORK"/>
<dc element="dc.creator.location.country.name" value="USA"/>
<dc element="dc.source" value="Reuters"/>
</metadata>
</newsitem>
