<?xml version="1.0" encoding="iso-8859-1" ?>
<newsitem itemid="700926" id="root" date="1997-07-02" xml:lang="en">
<title>USA: U.S. certified coffee stocks dip as of July 1.</title>
<headline>U.S. certified coffee stocks dip as of July 1.</headline>
<text>
<p>TOTAL ALL WAREHOUSES: July   1 - 49,825 60-kg bags</p>
<p>			    June  30 - 49,900 60-kg bags</p>
<p>			    June  27 - 48,117 bags</p>
<p>Latest data as of July  1</p>
<p>Warehouses:  New York   New Orleans	 Miami     Total</p>
<p>Orgins:</p>
<p>Burundi		0		  0	     0	   0</p>
<p>Colombia	   690		  0	     0	 690</p>
<p>Costa Rica	 875		745	     0     1,620</p>
<p>Dominican Rep    217		397	 8,917     9,531</p>
<p>Ecuador		0		  0	     0	   0</p>
<p>Guatemala	3,264	    5,471	 1,350    10,085</p>
<p>Honduras	 1,755	    5,499	 4,750    12,004</p>
<p>India		867		600	     0     1,467</p>
<p>Mexico	     250	    6,377	     0     6,627</p>
<p>Peru		   0		750	 1,250     2,000</p>
<p>El Salvador	250	    3,750	     0     4,000</p>
<p>Nicaragua	    0		425	     0	 425</p>
<p>Tanzania	   283		  0	     0	 283</p>
<p>Venezuela	    0		  0	   519	 519</p>
<p>Uganda	     574		  0	     0	 574</p>
<p>TOTAL:	   9,025	   24,014	16,786    49,825</p>
<p>Net Change: down 75 bags.</p>
<p>Number of bags pending grading in New York: 14,117; New</p>
<p>Orleans: 24,962; Miami: 2,000.</p>
<p>Number of bags graded in New York: 0, New Orleans: 1,750;</p>
<p>Miami:250.</p>
<p>Number of bags passed in New York: 0, New Orleans: 1,750;</p>
<p>Miami:250.</p>
<p>--New York Commodity Desk, +1-212-859-1640</p>
</text>
<copyright>(c) Reuters Limited 1997</copyright>
<metadata>
<codes class="bip:countries:1.0">
  <code code="USA">
    <editdetail attribution="Reuters BIP Coding Group" action="confirmed" date="1997-07-02"/>
  </code>
</codes>
<codes class="bip:topics:1.0">
  <code code="M14">
    <editdetail attribution="Reuters BIP Coding Group" action="confirmed" date="1997-07-02"/>
  </code>
  <code code="M141">
    <editdetail attribution="Reuters BIP Coding Group" action="confirmed" date="1997-07-02"/>
  </code>
  <code code="MCAT">
    <editdetail attribution="Reuters BIP Coding Group" action="confirmed" date="1997-07-02"/>
  </code>
</codes>
<dc element="dc.publisher" value="Reuters Holdings Plc"/>
<dc element="dc.date.published" value="1997-07-02"/>
<dc element="dc.source" value="Reuters"/>
<dc element="dc.creator.location.country.name" value="USA"/>
<dc element="dc.source" value="Reuters"/>
</metadata>
</newsitem>
