<?xml version="1.0" encoding="iso-8859-1" ?>
<newsitem itemid="700959" id="root" date="1997-07-02" xml:lang="en">
<title>USA: Waban says raises tender offer for notes.</title>
<headline>Waban says raises tender offer for notes.</headline>
<dateline>NATICK, Mass. 1997-07-02</dateline>
<text>
<p>Waban Inc said on Wednesday that it has increased its offer to buy all $100 million of its 11 percent senior subordinated notes due May 15, 2004.</p>
<p>The amount payable for the notes tendered has been calculated to result in a yield to May 15, 1999 a total equal to the sum of the comparable Treasury yield plus 50 basis points, plus accrued interest, Waban said in a statement.</p>
<p>The previous offer was for a comparable yield plus 75 basis points, which was for a lower price, Waban said.</p>
<p>The offer and withdrawal rights expire 0800 EDT on July 17, 1997, the company said.</p>
</text>
<copyright>(c) Reuters Limited 1997</copyright>
<metadata>
<codes class="bip:countries:1.0">
  <code code="USA">
    <editdetail attribution="Reuters BIP Coding Group" action="confirmed" date="1997-07-02"/>
  </code>
</codes>
<codes class="bip:industries:1.0">
  <code code="I61000">
    <editdetail attribution="Reuters BIP Coding Group" action="confirmed" date="1997-07-02"/>
  </code>
</codes>
<codes class="bip:topics:1.0">
  <code code="C17">
    <editdetail attribution="Reuters BIP Coding Group" action="confirmed" date="1997-07-02"/>
  </code>
  <code code="C172">
    <editdetail attribution="Reuters BIP Coding Group" action="confirmed" date="1997-07-02"/>
  </code>
  <code code="CCAT">
    <editdetail attribution="Reuters BIP Coding Group" action="confirmed" date="1997-07-02"/>
  </code>
</codes>
<dc element="dc.date.created" value="1997-07-02"/>
<dc element="dc.publisher" value="Reuters Holdings Plc"/>
<dc element="dc.date.published" value="1997-07-02"/>
<dc element="dc.source" value="Reuters"/>
<dc element="dc.creator.location" value="NATICK, Mass."/>
<dc element="dc.creator.location.country.name" value="USA"/>
<dc element="dc.source" value="Reuters"/>
</metadata>
</newsitem>
