<?xml version="1.0" encoding="iso-8859-1" ?>
<newsitem itemid="700958" id="root" date="1997-07-02" xml:lang="en">
<title>USA: Community Care officers' services ended.</title>
<headline>Community Care officers' services ended.</headline>
<dateline>MT. VERNON, N.Y. 1997-07-02</dateline>
<text>
<p>Community Care Services Inc said Wednesday that it has terminated the services of Alan Sheinwald, president and chief executive, and Allan Goldfeder, chief operating officer.</p>
<p>The company said the decision follows an earlier announcement that the two men and the company itself are targets of a federal criminal investigation.</p>
<p>Community Care said it has pledged its complete cooperation and the cooperation of all its employees in the federal probe.</p>
<p>Dean Sloane and Bruce Ansnes,  directors, will supervise management operations on an interim basis pending further action by the board, said the company.</p>
<p>Community Care is a provider of home healthcare products and services in the New York metropolitan area.</p>
</text>
<copyright>(c) Reuters Limited 1997</copyright>
<metadata>
<codes class="bip:countries:1.0">
  <code code="USA">
    <editdetail attribution="Reuters BIP Coding Group" action="confirmed" date="1997-07-02"/>
  </code>
</codes>
<codes class="bip:industries:1.0">
  <code code="I95100">
    <editdetail attribution="Reuters BIP Coding Group" action="confirmed" date="1997-07-02"/>
  </code>
</codes>
<codes class="bip:topics:1.0">
  <code code="C41">
    <editdetail attribution="Reuters BIP Coding Group" action="confirmed" date="1997-07-02"/>
  </code>
  <code code="C411">
    <editdetail attribution="Reuters BIP Coding Group" action="confirmed" date="1997-07-02"/>
  </code>
  <code code="CCAT">
    <editdetail attribution="Reuters BIP Coding Group" action="confirmed" date="1997-07-02"/>
  </code>
</codes>
<dc element="dc.date.created" value="1997-07-02"/>
<dc element="dc.publisher" value="Reuters Holdings Plc"/>
<dc element="dc.date.published" value="1997-07-02"/>
<dc element="dc.source" value="Reuters"/>
<dc element="dc.creator.location" value="MT. VERNON, N.Y."/>
<dc element="dc.creator.location.country.name" value="USA"/>
<dc element="dc.source" value="Reuters"/>
</metadata>
</newsitem>
