<?xml version="1.0" encoding="iso-8859-1" ?>
<newsitem itemid="700981" id="root" date="1997-07-02" xml:lang="en">
<title>USA: Comm Bancorp Q2 shr $0.53 vs $0.46.</title>
<headline>Comm Bancorp Q2 shr $0.53 vs $0.46.</headline>
<dateline>FOREST CITY, Pa. 1997-07-02</dateline>
<text>
<p>1997			1996</p>
<p> Shr primary		$0.53		    $0.46</p>
<p> Net			  1,162		    1,001</p>
<p>	  SIX MONTHS</p>
<p> Shr primary		$1.01		    $0.91</p>
<p> Net			  2,220		    2,002</p>
<p>(All data above 000s except per share numbers)</p>
<p>Note: Full company name is Comm Bancorp Inc.</p>
<p>((-- New York Newsdesk 212 859-1610))</p>
</text>
<copyright>(c) Reuters Limited 1997</copyright>
<metadata>
<codes class="bip:countries:1.0">
  <code code="USA">
    <editdetail attribution="Reuters BIP Coding Group" action="confirmed" date="1997-07-02"/>
  </code>
</codes>
<codes class="bip:topics:1.0">
  <code code="C15">
    <editdetail attribution="Reuters BIP Coding Group" action="confirmed" date="1997-07-02"/>
  </code>
  <code code="C151">
    <editdetail attribution="Reuters BIP Coding Group" action="confirmed" date="1997-07-02"/>
  </code>
  <code code="CCAT">
    <editdetail attribution="Reuters BIP Coding Group" action="confirmed" date="1997-07-02"/>
  </code>
</codes>
<dc element="dc.date.created" value="1997-07-02"/>
<dc element="dc.publisher" value="Reuters Holdings Plc"/>
<dc element="dc.date.published" value="1997-07-02"/>
<dc element="dc.source" value="Reuters"/>
<dc element="dc.creator.location" value="FOREST CITY, Pa."/>
<dc element="dc.creator.location.country.name" value="USA"/>
<dc element="dc.source" value="Reuters"/>
</metadata>
</newsitem>
