<?xml version="1.0" encoding="iso-8859-1" ?>
<newsitem itemid="701082" id="root" date="1997-07-02" xml:lang="en">
<title>USA: BASEBALL-PENDLETON, BURBA LEAD REDS PAST BREWERS.</title>
<headline>BASEBALL-PENDLETON, BURBA LEAD REDS PAST BREWERS.</headline>
<dateline>CINCINNATI, Ohio 1997-07-02</dateline>
<text>
<p>Terry Pendleton belted a grand slam in a seven-run seventh inning and Dave Burba pitched a three-hitter for his second career complete game as the Reds crushed the Milwaukee Brewers 9-1 on Tuesday.</p>
<p>Burba (5-8) walked two and struck out four to halt a personal four-game losing streak with the first complete game by a Reds pitcher since last September. He also performed from the plate, going 2-for-4 with an RBI single in the eighth.</p>
<p>The Reds snapped a 1-1 tie by exploding for seven runs in the seventh.</p>
<p>Hal Morris singled off Brewers starter Jose Mercedes (3-4) with one out and scored on a two-run homer by Joe Oliver, who has homered in three straight games.</p>
<p>The Reds then loaded the bases and Mercedes was replaced by Bryce Florie, who gave up Pendleton's first homer of the season and fifth career grand slam.</p>
<p>&quot;It took me a couple of at-bats to get a rhythm,&quot; said Pendleton. &quot;I had no intention to drive the ball, I was just trying to put the ball in play.&quot;</p>
<p>Mercedes gave up five runs and four hits in 6 2/3 innings as Milwaukee lost for the sixth time in eight games.</p>
<p>&quot;This is pathetic, absolutely pathetic,&quot; lamented Brewers manager Phil Garner.</p>
<p>In Chicago, Frank Castillo allowed an unearned run and five hits over eight innings and Ryne Sandberg had two RBI to lead the Cubs to a 6-1 win over the Kansas City Royals.</p>
<p>Castillo (5-9) walked one and struck out six to become the only National League pitcher with two victories against American League clubs. Kansas City's Glendon Rusch (3-5) surrendered six runs and 10 hits in six innings for the loss.</p>
<p>Sandberg's sacrifice fly capped a four-run first for the Cubs, who got run-scoring hits from Mark Grace, Sammy Sosa and Shawon Dunston in the opening frame.</p>
<p>At Colorado, Chuck Finley allowed one run and five hits in 7 1/3 innings and Jim Edmonds blasted a two-run homer to lead the Anaheim Angels to a 4-1 victory over the Rockies.</p>
<p>Finley (4-6) walked three and struck out six for his first win since May 31. John Burke (2-3) allowed three runs, seven hits and one walk with six strikeouts over five innings for the loss.</p>
<p>Luis Alicea also homered for Anaheim, a solo shot in the ninth.</p>
<p>In Pittsburgh, Steve Cooke allowed five hits over eight innings and Jose Guillen knocked in a pair of runs with a seventh-inning triple as the Pirates blanked the Chicago White Sox 3-0.</p>
<p>Cooke (6-9) struck out eight and walked two before leaving in the ninth. Chicago starter James Baldwin (5-9) allowed two runs and six hits over 6 1/3 innings for the loss.</p>
<p>With Jason Kendall and Dale Sveum on first and third in the seventh, Guillen slapped the first pitch from Baldwin into the right-centre field gap for a triple and a 2-0 lead. Kevin Young drove in the other run with a single in the eighth.</p>
<p>In Houston, Matt Williams and Tony Fernandez delivered two-run singles during a four-run seventh inning and Manny Ramirez added a solo homer in the ninth as the Cleveland Indians rallied for an 8-6 victory over the Astros.</p>
<p>Houston starter Chris Holt was cruising with a 6-3 lead after the Astros scored five in the fifth. He retired the first two batters of the seventh before loading the bases and Cleveland rallied for four runs off relievers Jose Lima (1-4) and Mike Magnante.</p>
<p>Sandy Alomar singled and scored in the Indians' big inning, extending his hitting streak to 27 games.</p>
<p>In St Louis, Todd Stottlemyre, T.J. Mathews and Dennis Eckersley combined on a five-hitter and Tom Lampkin supplied the offence with a two-run homer to lift the Cardinals to a 2-0 triumph over the Minnesota Twins.</p>
<p>Stottlemyre (7-5) scattered five singles and tied a season-high with 10 strikeouts to win his third straight game as the Cards won for the seventh time in eight games.</p>
<p>The veteran right-hander did not allow a runner past second base and has given up just four earned runs in his last 18 innings.</p>
<p>In Los Angeles, Eric Karros' hit his second homer of the game -- a two-run shot -- and Raul Mondesi added a solo blast in a three-run sixth inning as the Dodgers rallied for a 6-3 victory over the Texas Rangers.</p>
<p>With one out in the sixth, Mike Piazza doubled off Texas starter Julio Santana (3-4) and Karros followed with his 18th homer of the season, giving the Dodgers a 4-3 lead. Two pitches later, Mondesi drove Santana's pitch over the wall in left for his 17th homer of the year.</p>
<p>Karros also homered in the fourth as the Dodgers recovered from a 3-2 deficit.</p>
</text>
<copyright>(c) Reuters Limited 1997</copyright>
<metadata>
<codes class="bip:countries:1.0">
  <code code="USA">
    <editdetail attribution="Reuters BIP Coding Group" action="confirmed" date="1997-07-02"/>
  </code>
</codes>
<codes class="bip:topics:1.0">
  <code code="GCAT">
    <editdetail attribution="Reuters BIP Coding Group" action="confirmed" date="1997-07-02"/>
  </code>
  <code code="GSPO">
    <editdetail attribution="Reuters BIP Coding Group" action="confirmed" date="1997-07-02"/>
  </code>
</codes>
<dc element="dc.date.created" value="1997-07-02"/>
<dc element="dc.publisher" value="Reuters Holdings Plc"/>
<dc element="dc.date.published" value="1997-07-02"/>
<dc element="dc.source" value="Reuters"/>
<dc element="dc.creator.location" value="CINCINNATI, Ohio"/>
<dc element="dc.creator.location.country.name" value="USA"/>
<dc element="dc.source" value="Reuters"/>
</metadata>
</newsitem>
