<?xml version="1.0" encoding="iso-8859-1" ?>
<newsitem itemid="701014" id="root" date="1997-07-02" xml:lang="en">
<title>USA: NuMed sees better prospects after loss.</title>
<headline>NuMed sees better prospects after loss.</headline>
<dateline>CLEARWATER, Fla. 1997-07-02</dateline>
<text>
<p>NuMed Home Health Care Inc said Wednesday it expects to improve its bottom line after posting a loss of $1.9 million or $0.38 a share for the fiscal year ended March 31.</p>
<p>&quot;We'll do $26 million to $27 million in revenues this (fiscal) year,&quot; chief executive Jugal Taneja told Reuters. He added he could not yet project profits, but said &quot;It looks good to me, no surprises.&quot;</p>
<p>Taneja added the company's monthly revenues are running at a little less than $2 million, up from a bottom of $1.25 million earlier this year.</p>
<p>NuMed attributed its fiscal 1997 loss to several factors, including a $900,000 contractual settlement it said it is appealing. Taneja also said attorneys and investment bankers cost the company about $400,000 in fees because of two aborted merger proposals.</p>
<p>The company received an unsolicited bid of $4.00 a share in April from a private hospital group, which was later withdrawn, Taneja said. He added NuMed got a second proposal, which was aborted too.</p>
<p>NuMed's stock traded at 1-5/32 Wednesday at noon, down 1/32 and close to its 52-week low of 1-2/16.</p>
</text>
<copyright>(c) Reuters Limited 1997</copyright>
<metadata>
<codes class="bip:countries:1.0">
  <code code="USA">
    <editdetail attribution="Reuters BIP Coding Group" action="confirmed" date="1997-07-02"/>
  </code>
</codes>
<codes class="bip:industries:1.0">
  <code code="I95100">
    <editdetail attribution="Reuters BIP Coding Group" action="confirmed" date="1997-07-02"/>
  </code>
</codes>
<codes class="bip:topics:1.0">
  <code code="C15">
    <editdetail attribution="Reuters BIP Coding Group" action="confirmed" date="1997-07-02"/>
  </code>
  <code code="C152">
    <editdetail attribution="Reuters BIP Coding Group" action="confirmed" date="1997-07-02"/>
  </code>
  <code code="CCAT">
    <editdetail attribution="Reuters BIP Coding Group" action="confirmed" date="1997-07-02"/>
  </code>
</codes>
<dc element="dc.date.created" value="1997-07-02"/>
<dc element="dc.publisher" value="Reuters Holdings Plc"/>
<dc element="dc.date.published" value="1997-07-02"/>
<dc element="dc.source" value="Reuters"/>
<dc element="dc.creator.location" value="CLEARWATER, Fla."/>
<dc element="dc.creator.location.country.name" value="USA"/>
<dc element="dc.source" value="Reuters"/>
</metadata>
</newsitem>
