<?xml version="1.0" encoding="iso-8859-1" ?>
<newsitem itemid="701087" id="root" date="1997-07-02" xml:lang="en">
<title>UK: BOXING-TYSON BITE WAS TWICE NORMAL FORCE, MAGAZINE SAYS.</title>
<headline>BOXING-TYSON BITE WAS TWICE NORMAL FORCE, MAGAZINE SAYS.</headline>
<dateline>LONDON 1996-07-03</dateline>
<text>
<p>The bite with which Mike Tyson took off a chunk of fellow heavyweight Evander Holyfield's ear was probably delivered with twice normal force, New Scientist magazine said on Thursday.</p>
<p>Tyson was disqualified for biting Holyfield's ears in their title fight in Las Vegas on Saturday, earning him widespread condemnation in the world of boxing and beyond.</p>
<p>Most people generate forces equivalent to around 10 kilos when they bite with their incisors, Tom Korioth of the University of Minnesota's Dental School said.</p>
<p>But having watched the video of Tyson biting Holyfield, Korioth estimated that the forces involved must have been twice as strong.</p>
<p>&quot;He was shearing and tearing, which is almost alligator-like,&quot; Korioth was quoted as saying by the magazine.</p>
<p>&quot;Most of the ear is cartilage and you need a lot of power to bite through it.&quot;</p>
<p>Holyfield, who required reconstructive surgery to mend his ear, said on Tuesday he held no grudges against Iron Mike after the incident.</p>
</text>
<copyright>(c) Reuters Limited 1997</copyright>
<metadata>
<codes class="bip:countries:1.0">
  <code code="UK">
    <editdetail attribution="Reuters BIP Coding Group" action="confirmed" date="1997-07-02"/>
  </code>
  <code code="USA">
    <editdetail attribution="Reuters BIP Coding Group" action="confirmed" date="1997-07-02"/>
  </code>
</codes>
<codes class="bip:topics:1.0">
  <code code="GCAT">
    <editdetail attribution="Reuters BIP Coding Group" action="confirmed" date="1997-07-02"/>
  </code>
  <code code="GSPO">
    <editdetail attribution="Reuters BIP Coding Group" action="confirmed" date="1997-07-02"/>
  </code>
</codes>
<dc element="dc.date.created" value="1996-07-03"/>
<dc element="dc.publisher" value="Reuters Holdings Plc"/>
<dc element="dc.date.published" value="1997-07-02"/>
<dc element="dc.source" value="Reuters"/>
<dc element="dc.creator.location" value="LONDON"/>
<dc element="dc.creator.location.country.name" value="UK"/>
<dc element="dc.source" value="Reuters"/>
</metadata>
</newsitem>
