<?xml version="1.0" encoding="iso-8859-1" ?>
<newsitem itemid="701031" id="root" date="1997-07-02" xml:lang="en">
<title>USA: Banco Bilbao unit makes U.S. shelf filing.</title>
<headline>Banco Bilbao unit makes U.S. shelf filing.</headline>
<dateline>WASHINGTON 1997-07-02</dateline>
<text>
<p>Bilbao Vizcaya International Ltd, a unit of Banco Bilbao Vizcaya SA, filed Wednesday with the U.S. Securities and Exchange Commission a shelf registration to sell up to 40 million preference shares.</p>
<p>The non-cumulative guaranteed preference shares are worth up to US$1 billion.</p>
<p>The purpose of the share offering is to raise funds for general corporate purposes and to strengthen the capital base, the bank said in the filing.</p>
<p>As of December 31, 1996, the bank and its consolidated subsidiaries were one of the largest commercial banking groups in Spain based on assets and deposits.</p>
</text>
<copyright>(c) Reuters Limited 1997</copyright>
<metadata>
<codes class="bip:countries:1.0">
  <code code="SPAIN">
    <editdetail attribution="Reuters BIP Coding Group" action="confirmed" date="1997-07-02"/>
  </code>
  <code code="USA">
    <editdetail attribution="Reuters BIP Coding Group" action="confirmed" date="1997-07-02"/>
  </code>
</codes>
<codes class="bip:industries:1.0">
  <code code="I81402">
    <editdetail attribution="Reuters BIP Coding Group" action="confirmed" date="1997-07-02"/>
  </code>
</codes>
<codes class="bip:topics:1.0">
  <code code="C17">
    <editdetail attribution="Reuters BIP Coding Group" action="confirmed" date="1997-07-02"/>
  </code>
  <code code="C171">
    <editdetail attribution="Reuters BIP Coding Group" action="confirmed" date="1997-07-02"/>
  </code>
  <code code="CCAT">
    <editdetail attribution="Reuters BIP Coding Group" action="confirmed" date="1997-07-02"/>
  </code>
</codes>
<dc element="dc.date.created" value="1997-07-02"/>
<dc element="dc.publisher" value="Reuters Holdings Plc"/>
<dc element="dc.date.published" value="1997-07-02"/>
<dc element="dc.source" value="Reuters"/>
<dc element="dc.creator.location" value="WASHINGTON"/>
<dc element="dc.creator.location.country.name" value="USA"/>
<dc element="dc.source" value="Reuters"/>
</metadata>
</newsitem>
