<?xml version="1.0" encoding="iso-8859-1" ?>
<newsitem itemid="701060" id="root" date="1997-07-02" xml:lang="en">
<title>USA: American Industrial authorizes more shrs.</title>
<headline>American Industrial authorizes more shrs.</headline>
<dateline>DALLAS 1997-07-02</dateline>
<text>
<p>American Industrial Properties REIT said that its shareholders authorized 490 million additional common shares, the issuance of 50 million preferred shares and large equity investments from Morgan Stanley and an undisclosed institutional investor.</p>
<p>The authorizations are based on preliminary voting at the company's June 30 annual meeting, American Industrial said in a statement.  </p>
<p>Shareholders approved the issuance of common shares to Morgan Stanley for a $20 million investment and another institutional investor for a $15 million investment, company president Charles Wolcott said in a telephone interview.</p>
<p>Morgan Stanley and the institutional investor are buying their shares for $2.45 a share, Wolcott said.</p>
<p>American Industrial currently has 10 million shares outstanding.</p>
<p>Shareholders also approved the issuance of common shares to USAA Real Estate Co to allow for the conversion of debt, the company said.</p>
<p>There are currently no plans to issue the preferred shares, Wolcott said.</p>
<p>In early afternoon trade, the real estate invetment trust's shares were up 1/8 at 3.</p>
</text>
<copyright>(c) Reuters Limited 1997</copyright>
<metadata>
<codes class="bip:countries:1.0">
  <code code="USA">
    <editdetail attribution="Reuters BIP Coding Group" action="confirmed" date="1997-07-02"/>
  </code>
</codes>
<codes class="bip:industries:1.0">
  <code code="I81502">
    <editdetail attribution="Reuters BIP Coding Group" action="confirmed" date="1997-07-02"/>
  </code>
  <code code="I8150206">
    <editdetail attribution="Reuters BIP Coding Group" action="confirmed" date="1997-07-02"/>
  </code>
</codes>
<codes class="bip:topics:1.0">
  <code code="C17">
    <editdetail attribution="Reuters BIP Coding Group" action="confirmed" date="1997-07-02"/>
  </code>
  <code code="C171">
    <editdetail attribution="Reuters BIP Coding Group" action="confirmed" date="1997-07-02"/>
  </code>
  <code code="CCAT">
    <editdetail attribution="Reuters BIP Coding Group" action="confirmed" date="1997-07-02"/>
  </code>
</codes>
<dc element="dc.date.created" value="1997-07-02"/>
<dc element="dc.publisher" value="Reuters Holdings Plc"/>
<dc element="dc.date.published" value="1997-07-02"/>
<dc element="dc.source" value="Reuters"/>
<dc element="dc.creator.location" value="DALLAS"/>
<dc element="dc.creator.location.country.name" value="USA"/>
<dc element="dc.source" value="Reuters"/>
</metadata>
</newsitem>
