<?xml version="1.0" encoding="iso-8859-1" ?>
<newsitem itemid="701067" id="root" date="1997-07-02" xml:lang="en">
<title>USA: PTI Holding Q2 sales $9 mln, to take charge.</title>
<headline>PTI Holding Q2 sales $9 mln, to take charge.</headline>
<dateline>HASTINGS-ON-HUDSON, N.Y. 1997-07-02</dateline>
<text>
<p>Percent change</p>
<p>		    1997	 1996	     Total     Same-Store</p>
<p>Quarter	     $9.0	 $6.8     +32.0	  n/a</p>
<p>Year-to-date     $15.2	 $9.4     +61.0	  n/a</p>
<p>NOTE: Figures in millions except percentage.</p>
<p>    Quarter is  three months ended	 June 30.</p>
<p>    Full company name is			PTI Holdings Inc.</p>
<p>Note: The company said it looks for continued growth in its existing sporting goods products during the second half of 1997.  </p>
<p>The company also said it expects a one-time non-cash charge to earnings of about $2 million because of shares that will be issued sales reach $20 million.</p>
<p>The company said this charge will not affect the cash flow nor shareholders' equity in the aggregate.</p>
<p>In effect, the accounting entries will be a debit to retained earnings through the income statement and a credit to paid-in capital.  </p>
<p>The convertible preferred A shares were issued to all shareholders prior to PTI's initial public offering in 1992, in connection with a reverse stock split, to compensate them when PTI attained goals set by the underwriter.</p>
<p>One of those goals was the attainment of sales of $20 million for fiscal year 1997.</p>
<p>The company said this goal &quot;will almost certainly be met&quot; in 1997, and will result in the issuance of 250,000 shares of common stock.</p>
<p>Of these 250,000 shares to be issued, 235,516 will go to shareholders who were part of management at the time of the IPO.</p>
</text>
<copyright>(c) Reuters Limited 1997</copyright>
<metadata>
<codes class="bip:countries:1.0">
  <code code="USA">
    <editdetail attribution="Reuters BIP Coding Group" action="confirmed" date="1997-07-02"/>
  </code>
</codes>
<codes class="bip:industries:1.0">
  <code code="I45100">
    <editdetail attribution="Reuters BIP Coding Group" action="confirmed" date="1997-07-02"/>
  </code>
</codes>
<codes class="bip:topics:1.0">
  <code code="C31">
    <editdetail attribution="Reuters BIP Coding Group" action="confirmed" date="1997-07-02"/>
  </code>
  <code code="CCAT">
    <editdetail attribution="Reuters BIP Coding Group" action="confirmed" date="1997-07-02"/>
  </code>
</codes>
<dc element="dc.date.created" value="1997-07-02"/>
<dc element="dc.publisher" value="Reuters Holdings Plc"/>
<dc element="dc.date.published" value="1997-07-02"/>
<dc element="dc.source" value="Reuters"/>
<dc element="dc.creator.location" value="HASTINGS-ON-HUDSON, N.Y."/>
<dc element="dc.creator.location.country.name" value="USA"/>
<dc element="dc.source" value="Reuters"/>
</metadata>
</newsitem>
