<?xml version="1.0" encoding="iso-8859-1" ?>
<newsitem itemid="701088" id="root" date="1997-07-02" xml:lang="en">
<title>UK: RUGBY LEAGUE-SUPER LEAGUE RESULTS/STANDINGS.</title>
<headline>RUGBY LEAGUE-SUPER LEAGUE RESULTS/STANDINGS.</headline>
<dateline>LONDON 1997-07-02</dateline>
<text>
<p>Results of rugby league Super</p>
<p>League matches on Wednesday:</p>
<p> Bradford  34     Castleford    20</p>
<p> Leeds     20     Halifax	 18</p>
<p> Paris     16     Salford	 24</p>
<p> Sheffield 14     St Helens     12</p>
<p>    Standings     P   W  D  L  F   A Pts</p>
<p> Bradford	   15 15  0  0 533 282 30</p>
<p> Leeds		15 10  1  4 399 312 21</p>
<p> Wigan		14 10  0  4 472 221 20</p>
<p> London	     14  9  2  3 379 253 20</p>
<p> St Helens	  15  9  1  5 409 335 19</p>
<p> Salford	    15  9  0  6 302 315 18</p>
<p> Halifax	    16  7  1  8 396 377 15</p>
<p> Sheffield	  15  5  0 10 286 404 10</p>
<p> Warrington	 14  4  0 10 284 496  8</p>
<p> Oldham	     14  3  1 10 297 404  7</p>
<p> Paris		15  3  0 12 245 401  6</p>
<p> Castleford	 16  1  2 13 215 417  4</p>
</text>
<copyright>(c) Reuters Limited 1997</copyright>
<metadata>
<codes class="bip:countries:1.0">
  <code code="FRA">
    <editdetail attribution="Reuters BIP Coding Group" action="confirmed" date="1997-07-02"/>
  </code>
  <code code="UK">
    <editdetail attribution="Reuters BIP Coding Group" action="confirmed" date="1997-07-02"/>
  </code>
</codes>
<codes class="bip:topics:1.0">
  <code code="GCAT">
    <editdetail attribution="Reuters BIP Coding Group" action="confirmed" date="1997-07-02"/>
  </code>
  <code code="GSPO">
    <editdetail attribution="Reuters BIP Coding Group" action="confirmed" date="1997-07-02"/>
  </code>
</codes>
<dc element="dc.date.created" value="1997-07-02"/>
<dc element="dc.publisher" value="Reuters Holdings Plc"/>
<dc element="dc.date.published" value="1997-07-02"/>
<dc element="dc.source" value="Reuters"/>
<dc element="dc.creator.location" value="LONDON"/>
<dc element="dc.creator.location.country.name" value="UK"/>
<dc element="dc.source" value="Reuters"/>
</metadata>
</newsitem>
