<?xml version="1.0" encoding="iso-8859-1" ?>
<newsitem itemid="701068" id="root" date="1997-07-02" xml:lang="en">
<title>USA: Bank of Amador Q2 results.</title>
<headline>Bank of Amador Q2 results.</headline>
<dateline>JACKSON, Calif. 1997-07-02</dateline>
<text>
<p>Bank of Amador Wednesday reported a 16 percent increase in earnings for the second quarter of 1997.</p>
<p>Profits for the Quarter ended June 30, 1997, were $362,000, or $.27 per share, compared to the previous year's second quarter figures of $312,000, or $.23 per share.  Earnings of $674,000, or $.51 per share for the first six months reflect a 10 percent increase over last year's figure of $613,000, or $.47 per share.  Total assets increased one percent to $74.8 million while total loans rose 7.5 percent to $49.6 million.</p>
</text>
<copyright>(c) Reuters Limited 1997</copyright>
<metadata>
<codes class="bip:countries:1.0">
  <code code="USA">
    <editdetail attribution="Reuters BIP Coding Group" action="confirmed" date="1997-07-02"/>
  </code>
</codes>
<codes class="bip:industries:1.0">
  <code code="I81402">
    <editdetail attribution="Reuters BIP Coding Group" action="confirmed" date="1997-07-02"/>
  </code>
</codes>
<codes class="bip:topics:1.0">
  <code code="C15">
    <editdetail attribution="Reuters BIP Coding Group" action="confirmed" date="1997-07-02"/>
  </code>
  <code code="C151">
    <editdetail attribution="Reuters BIP Coding Group" action="confirmed" date="1997-07-02"/>
  </code>
  <code code="CCAT">
    <editdetail attribution="Reuters BIP Coding Group" action="confirmed" date="1997-07-02"/>
  </code>
</codes>
<dc element="dc.date.created" value="1997-07-02"/>
<dc element="dc.publisher" value="Reuters Holdings Plc"/>
<dc element="dc.date.published" value="1997-07-02"/>
<dc element="dc.source" value="Reuters"/>
<dc element="dc.creator.location" value="JACKSON, Calif."/>
<dc element="dc.creator.location.country.name" value="USA"/>
<dc element="dc.source" value="Reuters"/>
</metadata>
</newsitem>
