<?xml version="1.0" encoding="iso-8859-1" ?>
<newsitem itemid="701142" id="root" date="1997-07-02" xml:lang="en">
<title>GERMANY: SOCCER-SCHALKE SIGNS GOOSSENS FROM GENOA.</title>
<headline>SOCCER-SCHALKE SIGNS GOOSSENS FROM GENOA.</headline>
<dateline>BONN 1997-07-02</dateline>
<text>
<p>UEFA Cup holders Schalke said on Wednesday they had signed Belgian striker Michael Goossens from Italian second division side Genoa.</p>
<p>The German club's manager Rudi Assauer said Goossens had signed a four-year contract but did disclose how much they had paid for him.</p>
</text>
<copyright>(c) Reuters Limited 1997</copyright>
<metadata>
<codes class="bip:countries:1.0">
  <code code="BELG">
    <editdetail attribution="Reuters BIP Coding Group" action="confirmed" date="1997-07-02"/>
  </code>
  <code code="GFR">
    <editdetail attribution="Reuters BIP Coding Group" action="confirmed" date="1997-07-02"/>
  </code>
  <code code="ITALY">
    <editdetail attribution="Reuters BIP Coding Group" action="confirmed" date="1997-07-02"/>
  </code>
</codes>
<codes class="bip:topics:1.0">
  <code code="GCAT">
    <editdetail attribution="Reuters BIP Coding Group" action="confirmed" date="1997-07-02"/>
  </code>
  <code code="GSPO">
    <editdetail attribution="Reuters BIP Coding Group" action="confirmed" date="1997-07-02"/>
  </code>
</codes>
<dc element="dc.date.created" value="1997-07-02"/>
<dc element="dc.publisher" value="Reuters Holdings Plc"/>
<dc element="dc.date.published" value="1997-07-02"/>
<dc element="dc.source" value="Reuters"/>
<dc element="dc.creator.location" value="BONN"/>
<dc element="dc.creator.location.country.name" value="GERMANY"/>
<dc element="dc.source" value="Reuters"/>
</metadata>
</newsitem>
