<?xml version="1.0" encoding="iso-8859-1" ?>
<newsitem itemid="701141" id="root" date="1997-07-02" xml:lang="en">
<title>ITALY: SOCCER-JUVENTUS SELL VIERI FOR $20 MILLION.</title>
<headline>SOCCER-JUVENTUS SELL VIERI FOR $20 MILLION.</headline>
<dateline>TURIN, Italy 1997-07-02</dateline>
<text>
<p>Italian champions Juventus said on Wednesday they had sold striker Christian Vieri to Atletico Madrid for $20 million and signed Uruguyan Daniel Fonseca from Roma.</p>
<p>&quot;We've sold Vieri and bought Fonseca,&quot; Juventus general manager Luciano Moggi said. He declined to say how much the club had paid for Fonseca.  </p>
<p>He said Vieri, who had been linked to Atletico for several weeks, had signed a four-year contract with the Spanish side after a meeting in Rome between officials of the two clubs.</p>
<p>Moggi insisted Juventus had not wanted to sell Vieri, a powerful centre forward who struck up a fluent partnership with Juve striker Alessandro Del Piero last season.</p>
<p>&quot;It was his own decision to go,&quot; Moggi said.</p>
<p>Vieri appears to have been worried about losing his first team place in a Juventus squad which includes last season's serie A top scorer Fillipo Inzaghi as well as Del Piero and Fonseca.</p>
</text>
<copyright>(c) Reuters Limited 1997</copyright>
<metadata>
<codes class="bip:countries:1.0">
  <code code="ITALY">
    <editdetail attribution="Reuters BIP Coding Group" action="confirmed" date="1997-07-02"/>
  </code>
  <code code="SPAIN">
    <editdetail attribution="Reuters BIP Coding Group" action="confirmed" date="1997-07-02"/>
  </code>
</codes>
<codes class="bip:topics:1.0">
  <code code="GCAT">
    <editdetail attribution="Reuters BIP Coding Group" action="confirmed" date="1997-07-02"/>
  </code>
  <code code="GSPO">
    <editdetail attribution="Reuters BIP Coding Group" action="confirmed" date="1997-07-02"/>
  </code>
</codes>
<dc element="dc.date.created" value="1997-07-02"/>
<dc element="dc.publisher" value="Reuters Holdings Plc"/>
<dc element="dc.date.published" value="1997-07-02"/>
<dc element="dc.source" value="Reuters"/>
<dc element="dc.creator.location" value="TURIN, Italy"/>
<dc element="dc.creator.location.country.name" value="ITALY"/>
<dc element="dc.source" value="Reuters"/>
</metadata>
</newsitem>
