<?xml version="1.0" encoding="iso-8859-1" ?>
<newsitem itemid="701116" id="root" date="1997-07-02" xml:lang="en">
<title>RUSSIA: ATHLETICS-PETERSBURG MEETING CANCELLED.</title>
<headline>ATHLETICS-PETERSBURG MEETING CANCELLED.</headline>
<dateline>MOSCOW 1997-07-02</dateline>
<text>
<p>A shortage of money has forced Russia's athletics federation to cancel this month's annual Goodwill meeting in St Petersburg.</p>
<p>&quot;We're not holding it this year,&quot; vice-president and chief coach Vadim Zelechonok said on Wednesday. &quot;We just don't have the money.&quot;</p>
<p>The meeting had been scheduled for July 8 in Russia's second city.</p>
<p>The cancellation could jeopardise the future of the event, the second-ranking international athletics meeting in Russia after the regular June grand prix meeting in Moscow.</p>
<p>The Goodwill event will not be held next year under the rules of a contract with the organisers of the Goodwill Games which are due to be held next year in New York following the 1994 Games in St Petersburg.</p>
</text>
<copyright>(c) Reuters Limited 1997</copyright>
<metadata>
<codes class="bip:countries:1.0">
  <code code="RUSS">
    <editdetail attribution="Reuters BIP Coding Group" action="confirmed" date="1997-07-02"/>
  </code>
</codes>
<codes class="bip:topics:1.0">
  <code code="GCAT">
    <editdetail attribution="Reuters BIP Coding Group" action="confirmed" date="1997-07-02"/>
  </code>
  <code code="GSPO">
    <editdetail attribution="Reuters BIP Coding Group" action="confirmed" date="1997-07-02"/>
  </code>
</codes>
<dc element="dc.date.created" value="1997-07-02"/>
<dc element="dc.publisher" value="Reuters Holdings Plc"/>
<dc element="dc.date.published" value="1997-07-02"/>
<dc element="dc.source" value="Reuters"/>
<dc element="dc.creator.location" value="MOSCOW"/>
<dc element="dc.creator.location.country.name" value="RUSSIA"/>
<dc element="dc.source" value="Reuters"/>
</metadata>
</newsitem>
