<?xml version="1.0" encoding="iso-8859-1" ?>
<newsitem itemid="701145" id="root" date="1997-07-02" xml:lang="en">
<title>GERMANY: SOCCER-BASLER DEFENDS HIMSELF AFTER VOGTS CRITICISM.</title>
<headline>SOCCER-BASLER DEFENDS HIMSELF AFTER VOGTS CRITICISM.</headline>
<dateline>BONN 1997-07-02</dateline>
<text>
<p>Germany midfielder Mario Basler on Wednesday defended himself against criticism of his fitness by coach Berti Vogts.</p>
<p>Vogts last week sent a letter to his players berating them for poor play since they won last year's European championship in England.</p>
<p>&quot;That the national coach could not be satisfied with the 0-0 is obvious,&quot; the Bayern Munich player told the Sport Bild weekly, referring to Germany's draw with Ukraine in a World Cup qualifying game last month.</p>
<p>&quot;But he also complained about my physical fitness, that I was only really fit for 60, 70 minutes. I can't just let that rest,&quot; he said. &quot;Everything was great after we beat Ukraine 2-0 in the home game and three weeks later everything was wrong.&quot;</p>
<p>Basler scored the second goal in Germany's victory over Ukraine in May, but sustained a thigh strain during the match.</p>
<p>Criticism of the national side has grown louder during their World Cup qualifying campaign in which they have looked unimpressive and drawn three of their six games.</p>
<p>Basler said he wanted to talk to Vogts about his criticism before Germany face Northern Ireland on August 20 in their next World Cup qualifier.</p>
<p>Germany are second in group nine, two points behind Ukraine. But Vogts's team still have an excellent chance of winning the group as their opponents have failed to take advantage of their poor performances.</p>
<p>The group leaders have played two games more than Germany and third-placed Portugal are three points behind.</p>
<p>Basler also called on team mate Lothar Matthaeus to settle a row with other players at champions Bayern or risk the club's chances next season.</p>
<p>&quot;We need every player and not one who is feeling insulted. That means: we must end these old rows and come together. Otherwise we have absolutely no chance of survival,&quot; he said.</p>
</text>
<copyright>(c) Reuters Limited 1997</copyright>
<metadata>
<codes class="bip:countries:1.0">
  <code code="GFR">
    <editdetail attribution="Reuters BIP Coding Group" action="confirmed" date="1997-07-02"/>
  </code>
</codes>
<codes class="bip:topics:1.0">
  <code code="GCAT">
    <editdetail attribution="Reuters BIP Coding Group" action="confirmed" date="1997-07-02"/>
  </code>
  <code code="GSPO">
    <editdetail attribution="Reuters BIP Coding Group" action="confirmed" date="1997-07-02"/>
  </code>
</codes>
<dc element="dc.date.created" value="1997-07-02"/>
<dc element="dc.publisher" value="Reuters Holdings Plc"/>
<dc element="dc.date.published" value="1997-07-02"/>
<dc element="dc.source" value="Reuters"/>
<dc element="dc.creator.location" value="BONN"/>
<dc element="dc.creator.location.country.name" value="GERMANY"/>
<dc element="dc.source" value="Reuters"/>
</metadata>
</newsitem>
