<?xml version="1.0" encoding="iso-8859-1" ?>
<newsitem itemid="701178" id="root" date="1997-07-02" xml:lang="en">
<title>LITHUANIA: TELECOM ADVISOR SET TO BE CHOSEN.</title>
<headline>TELECOM ADVISOR SET TO BE CHOSEN.</headline>
<dateline>VILNIUS 1997-07-02</dateline>
<text>
<p>The European Affairs Ministry said on Wednesday that it will today or tomorrow choose an advisor on the privatisation of Lithuanian Telecom and may pick a runner up in case the first place bidder's price is too high.</p>
<p>An 11-member commission has been looking at offers from seven potential advisors in what is one of Lithuania's most important privatisations.</p>
<p>The commission is expected to decide the winner of the tender late on Wednesday or Thursday, said Vytenis Juevichius, director of the ministry's privatisation department.</p>
<p>But he added that the process may be delayed due to additional clarification from three or four of the candidates.</p>
<p>He also said that a runner up may be chosen in order to have a more competitive process.</p>
<p>&quot;We are trying to have a better negotiating position with the winner to push him to reduce the price,&quot; he told Reuters.</p>
<p>&quot;The commission decided that if we select one winner and enter into negotiations and they will not lower their price, then we will invite the second company,&quot; Junevichius said.</p>
<p>Financial and technical offers to act as the government's lead adviser in the privatisation were received from seven applicants by last week's deadline.</p>
<p>The applicants included Creditanstalt Invesment Bank, Union Bank of Switzerland, Banque Paribas and Cliford Chance, Flemings and Hansa Investments, Deutche Morgan Grenfell with Nomura International, N.M. Rothschild and Squire, Sanders and Dempsey and Daiwa.</p>
<p>Merrill Lynch was taken out of the running because its offer was received late.</p>
<p>The 100 percent state-run Lithuanian Telecom company is one of 13 key infrustructure enterprises slated for sale by Lithuania's right-of-centre government, which has vowed to speed the pace of privatisation.</p>
<p>The government said earlier it expected to start the actual privatisation of the firm early in 1998.</p>
<p>-- Burton Frierson, Vilnius newsroom + 370 2 22 35 18</p>
</text>
<copyright>(c) Reuters Limited 1997</copyright>
<metadata>
<codes class="bip:countries:1.0">
  <code code="LITH">
    <editdetail attribution="Reuters BIP Coding Group" action="confirmed" date="1997-07-02"/>
  </code>
</codes>
<codes class="bip:industries:1.0">
  <code code="I79020">
    <editdetail attribution="Reuters BIP Coding Group" action="confirmed" date="1997-07-02"/>
  </code>
</codes>
<codes class="bip:topics:1.0">
  <code code="C18">
    <editdetail attribution="Reuters BIP Coding Group" action="confirmed" date="1997-07-02"/>
  </code>
  <code code="C183">
    <editdetail attribution="Reuters BIP Coding Group" action="confirmed" date="1997-07-02"/>
  </code>
  <code code="CCAT">
    <editdetail attribution="Reuters BIP Coding Group" action="confirmed" date="1997-07-02"/>
  </code>
  <code code="E12">
    <editdetail attribution="Reuters BIP Coding Group" action="confirmed" date="1997-07-02"/>
  </code>
  <code code="ECAT">
    <editdetail attribution="Reuters BIP Coding Group" action="confirmed" date="1997-07-02"/>
  </code>
</codes>
<dc element="dc.date.created" value="1997-07-02"/>
<dc element="dc.publisher" value="Reuters Holdings Plc"/>
<dc element="dc.date.published" value="1997-07-02"/>
<dc element="dc.source" value="Reuters"/>
<dc element="dc.creator.location" value="VILNIUS"/>
<dc element="dc.creator.location.country.name" value="LITHUANIA"/>
<dc element="dc.source" value="Reuters"/>
</metadata>
</newsitem>
