<?xml version="1.0" encoding="iso-8859-1" ?>
<newsitem itemid="701175" id="root" date="1997-07-02" xml:lang="en">
<title>HUNGARY: THAI BAHT CRISIS DOES NOT AFFECT HUNGARY - C.BANK.</title>
<headline>THAI BAHT CRISIS DOES NOT AFFECT HUNGARY - C.BANK.</headline>
<dateline>BUDAPEST 1997-07-02</dateline>
<text>
<p>Hungary's forint will be unaffected by a plunge of the currency of Thailand, another emerging market economy, National Bank of Hungary President Gyorgy Suranyi said a news conference.</p>
<p>&quot;(Thai financial difficulties) nor other events which happened in a closer area (the Czech Republic) could affect Hungary,&quot; Suranyi said, answering a journalist's question.</p>
<p>The Thai baht plunged 15-20 percent on off-shore markets, tempting the government to take tough measures to help the economy grappling with a swollen current account deficit and a troubled financial sector.</p>
<p>Suranyi said a financial crisis in an emerging economy can affect other such economies under special circumstances even if they are geographically far from each other.</p>
<p>But Hungary's current position was very different from its situation at the turn of 1994 and 1995, when the financial crisis in Mexico weighed heavily on the Hungarian economy, Suranyi said.</p>
<p>Soaring budget and current account deficits and foreign currency deposit withdrawals compelled Hungary to introduce a strict austerity package in March 1995 but the economy has stabilised and was on track towards a sustainable growth, he said.</p>
<p>However, Suranyi added that according to his information, the impact of the Thai economic difficulties contributed to the currency crisis which the Czech Republic went through earlier this year.</p>
<p>-- Budapest newsroom (36 1) 327 4040</p>
</text>
<copyright>(c) Reuters Limited 1997</copyright>
<metadata>
<codes class="bip:countries:1.0">
  <code code="HUNG">
    <editdetail attribution="Reuters BIP Coding Group" action="confirmed" date="1997-07-02"/>
  </code>
  <code code="THAIL">
    <editdetail attribution="Reuters BIP Coding Group" action="confirmed" date="1997-07-02"/>
  </code>
</codes>
<codes class="bip:topics:1.0">
  <code code="M13">
    <editdetail attribution="Reuters BIP Coding Group" action="confirmed" date="1997-07-02"/>
  </code>
  <code code="M132">
    <editdetail attribution="Reuters BIP Coding Group" action="confirmed" date="1997-07-02"/>
  </code>
  <code code="MCAT">
    <editdetail attribution="Reuters BIP Coding Group" action="confirmed" date="1997-07-02"/>
  </code>
</codes>
<dc element="dc.date.created" value="1997-07-02"/>
<dc element="dc.publisher" value="Reuters Holdings Plc"/>
<dc element="dc.date.published" value="1997-07-02"/>
<dc element="dc.source" value="Reuters"/>
<dc element="dc.creator.location" value="BUDAPEST"/>
<dc element="dc.creator.location.country.name" value="HUNGARY"/>
<dc element="dc.source" value="Reuters"/>
</metadata>
</newsitem>
