<?xml version="1.0" encoding="iso-8859-1" ?>
<newsitem itemid="701144" id="root" date="1997-07-02" xml:lang="en">
<title>GERMANY: ADIDAS SIGNS MARKETING DEAL WITH NBA, WNBA.</title>
<headline>ADIDAS SIGNS MARKETING DEAL WITH NBA, WNBA.</headline>
<dateline>FRANKFURT 1997-07-02</dateline>
<text>
<p>German sportswear maker Adidas AG signed a multiyear global market alliance with the National Basketball Association (NBA) on Wednesday, giving the company licensing rights to sell NBA merchandise in the United States.</p>
<p>Adidas, known by its three-stripe logo, said in a statement the deal gives it the right to create and develop a NBA apparel line and use league uniforms in Adidas athlete-endorsed advertising.</p>
<p>The deal also makes Adidas a marketing partner of the new women's basketball league in the United States, the WNBA, allowing it to use WNBA players in its advertising and promotion programs.</p>
<p>The contract is the latest move in Adidas' strategy to beef up its presence in the United States and take on arch-rival Nike Inc on its home turf.</p>
<p>In March, Adidas signed a marketing deal with the New York Yankees baseball team, giving the German company the right to make uniforms for the Yankees and to sell uniform replicas.</p>
<p>--Frankfurt Newsroom + 49 69 756525</p>
</text>
<copyright>(c) Reuters Limited 1997</copyright>
<metadata>
<codes class="bip:countries:1.0">
  <code code="GFR">
    <editdetail attribution="Reuters BIP Coding Group" action="confirmed" date="1997-07-02"/>
  </code>
  <code code="USA">
    <editdetail attribution="Reuters BIP Coding Group" action="confirmed" date="1997-07-02"/>
  </code>
</codes>
<codes class="bip:topics:1.0">
  <code code="GCAT">
    <editdetail attribution="Reuters BIP Coding Group" action="confirmed" date="1997-07-02"/>
  </code>
  <code code="GSPO">
    <editdetail attribution="Reuters BIP Coding Group" action="confirmed" date="1997-07-02"/>
  </code>
</codes>
<dc element="dc.date.created" value="1997-07-02"/>
<dc element="dc.publisher" value="Reuters Holdings Plc"/>
<dc element="dc.date.published" value="1997-07-02"/>
<dc element="dc.source" value="Reuters"/>
<dc element="dc.creator.location" value="FRANKFURT"/>
<dc element="dc.creator.location.country.name" value="GERMANY"/>
<dc element="dc.source" value="Reuters"/>
</metadata>
</newsitem>
