<?xml version="1.0" encoding="iso-8859-1" ?>
<newsitem itemid="701151" id="root" date="1997-07-02" xml:lang="en">
<title>FRANCE: CYCLING-PEN PICTURES OF TOUR DE FRANCE FAVOURITES.</title>
<headline>CYCLING-PEN PICTURES OF TOUR DE FRANCE FAVOURITES.</headline>
<dateline>PARIS 1997-07-02</dateline>
<text>
<p>Following are pen pictures of the leading contenders for the Tour de France starting from Rouen on Saturday:</p>
<p>BJARNE RIIS (Denmark) Age: 33 Team: Telekom</p>
<p>Tour de France record: Won in 1996, third in 1995.</p>
<p>Strengths: A strong time trial specialist, capable of overpowering the best climbers in the mountains, the 1996 winner is surrounded by an impressive Telekom team and has considerable experience of the Tour.</p>
<p>Weaknesses: Very few on paper. Unimpressive in recent weeks but may have been fooling his rivals.</p>
<p>ALEX ZUELLE (Switzerland) 28, ONCE</p>
<p>Tour de France record: Second in 1995.</p>
<p>Strengths: His long but relatively light frame (1.84m, 69kg) allows him to be equally strong in time-trials as in high climbs. A remarkable rider who finally fulfilled his promise when he finished second to Indurain in 1995 and when he won the Tour of Spain last year.</p>
<p>Weaknesses: Would have started the Tour on the same footing as Riis had he not again fallen heavily twice in the Dauphine Libere and in the Tour of Switzerland. May also find it hard to share his team's lead with Laurent Jalabert.</p>
<p>ABRAHAM OLANO (Spain) 27, Banesto</p>
<p>Tour de France record: ninth in 1996.</p>
<p>Strengths: Often compared to Indurain, the former world champion has the same qualities. He is strong against the clock, keeps his cool under pressure and shows superior mental strength when it matters. Is the same age as Indurain when he won his first Tour in 1991.</p>
<p>Weaknesses: He has been unlucky in the past and often injured. Crashed again recently in the Dauphine Libere.</p>
<p>JAN ULLRICH (Germany) 23, Telekom</p>
<p>Tour de France record: Second in 1996</p>
<p>Strengths: Considered to have the qualities to become the leading Tour rider of the future. One of the strongest time trial specialists, he proved he is now among the best in the mountains in the recent Tour of Switzerland. The German road champion is currently in the form of his life.</p>
<p>Weaknesses: His youth. May also be forced to sacrifice his chances to help Riis win a second time.</p>
<p>IVAN GOTTI (Italy) 28, Saeco</p>
<p>Tour de France record: fifth in 1995.</p>
<p>Strengths: Probably the best climber in the world now since compatriot Marco Pantani again crashed in the recent Giro. His confidence will be at an all-time high after his Giro victory.</p>
<p>Weaknesses: The diminutive Italian is not a time trial specialist.</p>
<p>LAURENT JALABERT (France) 28, ONCE</p>
<p>Tour de France record: Points winner (green jersey) in 1992 and 1995, fourth overall in 1995</p>
<p>Strengths: By winning the Tour of Spain in 1995 after a remarkable season, Jalabert showed he had the means to win a big Tour. One of the best all-rounders in the bunch, also a gifted sprinter, he is supported by one of the strongest teams in the world. Prepared in secret to avoid pressure at home.</p>
<p>Weaknesses: Forced to give up in last year's Tour because of a virus, he has had an average season by his standards despite winning Paris-Nice for the third year running and the Fleche Wallonne classic. Will never be a leading force in time trials.</p>
<p>RICHARD VIRENQUE (France) 27, Festina</p>
<p>Tour de France record: King of the mountains in 1994, 1995 and 1996, third overall in 1996.</p>
<p>Strengths: One of the bravest riders in the bunch, he is at his best in the mountains and has replaced Claudio Chiappucci as the most agressive climber in the Tour. Also at ease on flat sections, he can rely on a very consistent team.</p>
<p>Weaknesses: Had dental surgery in May and appeared off form lately. Too much of a lightweight to shine in time trials.</p>
<p>CHRIS BOARDMAN (Britain) 28, Gan</p>
<p>Tour de France record: retired from 1994 and 1995 races, 39th in 1996.</p>
<p>Strengths: The world hour record holder is undoubtedly one of the best track riders in the world. Will be favourite to win the prologue and to do well in time trials.</p>
<p>Weaknesses: Has little experience of the Tour, having retired after wearing the yellow jersey in 1994 and fallen in 1995 before the first stage. Slumped again last year. His abilities in the mountains are unknown and he has been suffering from an intestinal virus.</p>
</text>
<copyright>(c) Reuters Limited 1997</copyright>
<metadata>
<codes class="bip:countries:1.0">
  <code code="DEN">
    <editdetail attribution="Reuters BIP Coding Group" action="confirmed" date="1997-07-02"/>
  </code>
  <code code="FRA">
    <editdetail attribution="Reuters BIP Coding Group" action="confirmed" date="1997-07-02"/>
  </code>
</codes>
<codes class="bip:topics:1.0">
  <code code="GCAT">
    <editdetail attribution="Reuters BIP Coding Group" action="confirmed" date="1997-07-02"/>
  </code>
  <code code="GSPO">
    <editdetail attribution="Reuters BIP Coding Group" action="confirmed" date="1997-07-02"/>
  </code>
</codes>
<dc element="dc.date.created" value="1997-07-02"/>
<dc element="dc.publisher" value="Reuters Holdings Plc"/>
<dc element="dc.date.published" value="1997-07-02"/>
<dc element="dc.source" value="Reuters"/>
<dc element="dc.creator.location" value="PARIS"/>
<dc element="dc.creator.location.country.name" value="FRANCE"/>
<dc element="dc.source" value="Reuters"/>
</metadata>
</newsitem>
