<?xml version="1.0" encoding="iso-8859-1" ?>
<newsitem itemid="701134" id="root" date="1997-07-02" xml:lang="en">
<title>SWITZERLAND: ATHLETICS-PEREC PULLS OUT OF WORLD CHAMPIONSHIPS.</title>
<headline>ATHLETICS-PEREC PULLS OUT OF WORLD CHAMPIONSHIPS.</headline>
<dateline>LAUSANNE, Switzerland 1997-07-02</dateline>
<text>
<p>France's double Olympic champion Marie-Jose Perec has pulled out of next month's world athletics championships because of her disappointing form this season.</p>
<p>After finishing second in a 200 metres race at the  Lausanne grand prix on Wednesday, Perec said her form was not good enough to defend her women's 400 metres title at the Athens championships.</p>
<p>&quot;I have won Olympic and world titles and I am not going to go to an event where I can't win,&quot; said Perec, the Olympic 200 and 400 metres champion.</p>
<p>&quot;I'm going to continue training and look towards the second half of the season. But at the moment things don't feel right.&quot;</p>
<p>Perec's decision has not come as a surprise since the French runner has been struggling to reach her best for several weeks. On Wednesday she clocked 22.76 seconds to finish just behind Australian winner Melinda Gainsford.</p>
</text>
<copyright>(c) Reuters Limited 1997</copyright>
<metadata>
<codes class="bip:countries:1.0">
  <code code="FRA">
    <editdetail attribution="Reuters BIP Coding Group" action="confirmed" date="1997-07-02"/>
  </code>
  <code code="GREECE">
    <editdetail attribution="Reuters BIP Coding Group" action="confirmed" date="1997-07-02"/>
  </code>
  <code code="SWITZ">
    <editdetail attribution="Reuters BIP Coding Group" action="confirmed" date="1997-07-02"/>
  </code>
</codes>
<codes class="bip:topics:1.0">
  <code code="GCAT">
    <editdetail attribution="Reuters BIP Coding Group" action="confirmed" date="1997-07-02"/>
  </code>
  <code code="GSPO">
    <editdetail attribution="Reuters BIP Coding Group" action="confirmed" date="1997-07-02"/>
  </code>
</codes>
<dc element="dc.date.created" value="1997-07-02"/>
<dc element="dc.publisher" value="Reuters Holdings Plc"/>
<dc element="dc.date.published" value="1997-07-02"/>
<dc element="dc.source" value="Reuters"/>
<dc element="dc.creator.location" value="LAUSANNE, Switzerland"/>
<dc element="dc.creator.location.country.name" value="SWITZERLAND"/>
<dc element="dc.source" value="Reuters"/>
</metadata>
</newsitem>
