<?xml version="1.0" encoding="iso-8859-1" ?>
<newsitem itemid="701176" id="root" date="1997-07-02" xml:lang="en">
<title>LATVIA: TRASTA SAYS BALTA LISTING &quot;SIGNIFICANT EVENT&quot;.</title>
<headline>TRASTA SAYS BALTA LISTING &quot;SIGNIFICANT EVENT&quot;.</headline>
<dateline>RIGA 1997-07-02</dateline>
<text>
<p>Trasta Bank said on Wednesday that the planned listing of insurance company Balta was a big event for the Latvian market.</p>
<p>Trasta is arranging the launch of Balta on the stock market at a price of 1.75 lats. Its shares will hit the market after the end of the subscription period on August 22.</p>
<p>&quot;The fact that Balta is becoming a public company is a significant event because just now all the companies on the bourse are companies that have been publically privatised,&quot; Trasta said in a statement.</p>
<p>It said Balta would be the first company to enter the stock exchange other than via privatisation.</p>
<p>It also said that Balta was the first insurance company to be quoted on the market in the Baltic states.</p>
<p>The company's largest shareholders are New Century Holdings with 34 percent, German Schreiber and Maron Anstalt fur Versicherungsmanagement 21 percent and Zemes Bank with eight percent.</p>
<p>The company made a profit of 423,000 lats in 1996 and took most net premiums in the Latvian market.</p>
<p>-- Patrick Lannin, Riga newsroom, +371 721 5240</p>
</text>
<copyright>(c) Reuters Limited 1997</copyright>
<metadata>
<codes class="bip:countries:1.0">
  <code code="LATV">
    <editdetail attribution="Reuters BIP Coding Group" action="confirmed" date="1997-07-02"/>
  </code>
</codes>
<codes class="bip:industries:1.0">
  <code code="I82000">
    <editdetail attribution="Reuters BIP Coding Group" action="confirmed" date="1997-07-02"/>
  </code>
</codes>
<codes class="bip:topics:1.0">
  <code code="C17">
    <editdetail attribution="Reuters BIP Coding Group" action="confirmed" date="1997-07-02"/>
  </code>
  <code code="C171">
    <editdetail attribution="Reuters BIP Coding Group" action="confirmed" date="1997-07-02"/>
  </code>
  <code code="CCAT">
    <editdetail attribution="Reuters BIP Coding Group" action="confirmed" date="1997-07-02"/>
  </code>
</codes>
<dc element="dc.date.created" value="1997-07-02"/>
<dc element="dc.publisher" value="Reuters Holdings Plc"/>
<dc element="dc.date.published" value="1997-07-02"/>
<dc element="dc.source" value="Reuters"/>
<dc element="dc.creator.location" value="RIGA"/>
<dc element="dc.creator.location.country.name" value="LATVIA"/>
<dc element="dc.source" value="Reuters"/>
</metadata>
</newsitem>
