<?xml version="1.0" encoding="iso-8859-1" ?>
<newsitem itemid="701146" id="root" date="1997-07-02" xml:lang="en">
<title>SWITZERLAND: ATHLETICS-JOHNSON AND DEVERS LOOK SET FOR WORLD CHAMPS.</title>
<headline>ATHLETICS-JOHNSON AND DEVERS LOOK SET FOR WORLD CHAMPS.</headline>
<byline>Adrian Warner</byline>
<dateline>LAUSANNE, Switzerland 1997-07-02</dateline>
<text>
<p>American world champions Michael Johnson and Gail Devers are almost sure to be given the chance to defend their titles in Athens next month even though they have not qualified directly.</p>
<p>Athletics sources said on Wednesday that reigning champions would be granted wild cards for the world championships for the first time.</p>
<p>Although 200 and 400 metres star Johnson and sprinter and hurdler Devers have not been picked for the American team after missing the recent U.S. trials, the sport's governing body, the International Amateur Athletic Federation (IAAF), is set to give them the go-ahead to run.</p>
<p>While IAAF general secretary Istvan Gyulai said on Wednesday that no final decision had been made about wild cards for the championships, one leading athletics source in Lausanne said: &quot;I think you will find that there is a majority of people in the IAAF who are in favour of this and it will be in place by Athens.</p>
<p>&quot;Not all athletes and officials like the idea but it is seen as a way of making the world athletics championships different from the Olympic Games. It helps top athletes who are injured and missed national trials to make the event. It basically improves the championships as a show.&quot;</p>
<p>The United States has strict rules on qualification for world championships and Olympics. Only the top three in the national trials qualify for the team.</p>
<p>Double Olympic champion Johnson, world 100 metres hurdles champion Devers, decathlete Dan O'Brien and women's world 100 metres champion Gwen Torrence all missed their trials because of injury but now look likely to be allowed to compete in Athens if they wish.</p>
<p>The appearance of Johnson, who has been struggling with  his form in recent weeks after picking up a thigh injury, would provide a major boost to the event after he dominated last year's Atlanta Olympics.</p>
<p>U.S. track and field officials have refused to change  their qualification rules but have said they would welcome the IAAF inviting 1995 world champions to defend their titles.</p>
<p>The IAAF's council does not plan to hold a special meeting in the next few weeks to make the decision. Council members can make their views known by mail.</p>
<p>Gyulai, however, refused to confirm that a majority supported the idea.</p>
<p>&quot;People are at the moment considering whether to allow it in principle like they do in football and skiing but the council has not made a decision yet,&quot; he said from the IAAF's headquarters in Monaco.</p>
<p>&quot;There are views that it could be in the best interest of sport to have the best possible show. But I don't know what the decision will be.&quot;</p>
<p>But, speaking before Wednesday's grand prix meeting in Lausanne, the well-placed source added: &quot;This idea has the backing of the people right at the top of the IAAF.&quot;</p>
<p>Many nations reserve places in their teams for elite athletes to avoid problems with competitors who are struggling with their form at the national trials. But the Americans believe they must have one clear way of picking the team.</p>
<p>American world shot champion John Godina, who finished out of the top three at the trials, would also benefit from the ruling.</p>
<p>It could also help leading Kenyans to compete even if they failed to perform well at the national trials.</p>
<p>Double world 5,000 metres champion Ismael Kirui, for example, was one who struggled at last week's trials.</p>
</text>
<copyright>(c) Reuters Limited 1997</copyright>
<metadata>
<codes class="bip:countries:1.0">
  <code code="GREECE">
    <editdetail attribution="Reuters BIP Coding Group" action="confirmed" date="1997-07-02"/>
  </code>
  <code code="SWITZ">
    <editdetail attribution="Reuters BIP Coding Group" action="confirmed" date="1997-07-02"/>
  </code>
  <code code="UK">
    <editdetail attribution="Reuters BIP Coding Group" action="confirmed" date="1997-07-02"/>
  </code>
  <code code="USA">
    <editdetail attribution="Reuters BIP Coding Group" action="confirmed" date="1997-07-02"/>
  </code>
</codes>
<codes class="bip:topics:1.0">
  <code code="GCAT">
    <editdetail attribution="Reuters BIP Coding Group" action="confirmed" date="1997-07-02"/>
  </code>
  <code code="GSPO">
    <editdetail attribution="Reuters BIP Coding Group" action="confirmed" date="1997-07-02"/>
  </code>
</codes>
<dc element="dc.date.created" value="1997-07-02"/>
<dc element="dc.publisher" value="Reuters Holdings Plc"/>
<dc element="dc.date.published" value="1997-07-02"/>
<dc element="dc.source" value="Reuters"/>
<dc element="dc.creator.location" value="LAUSANNE, Switzerland"/>
<dc element="dc.creator.location.country.name" value="SWITZERLAND"/>
<dc element="dc.source" value="Reuters"/>
</metadata>
</newsitem>
