<?xml version="1.0" encoding="iso-8859-1" ?>
<newsitem itemid="701252" id="root" date="1997-07-02" xml:lang="en">
<title>UK: Actuaries say end of ACT credit to hit UK pensions.</title>
<headline>Actuaries say end of ACT credit to hit UK pensions.</headline>
<dateline>LONDON 1997-07-02</dateline>
<text>
<p>The British government has under-estimated the adverse impact of abolishing the Advanced Corporation Tax (ACT) credit on pension scheme members and plan holders, according to the Association of Consulting Actuaries(ACA).</p>
<p>&quot;Abolishing the ACT credit will cut by 20 percent the income from UK equities, which typically form 60 percent of fund assets,&quot; the ACA said in a statement.</p>
<p>Chancellor of the Exchequer Gordon Brown announced in his Wednesday budget speech the abolition of the ACT credit, which allows pension funds to claim a rebate on ACT.</p>
<p>&quot;Abolishing the ACT credit will inevitably mean good occupational schemes will be abolished by some companies, particularly smaller concerns already struggling with the added regulatory costs recently imposed by the Pensions Act,&quot; the statement said.</p>
<p>-- James Saft, London newsroom +44 171 542 2734</p>
</text>
<copyright>(c) Reuters Limited 1997</copyright>
<metadata>
<codes class="bip:countries:1.0">
  <code code="UK">
    <editdetail attribution="Reuters BIP Coding Group" action="confirmed" date="1997-07-02"/>
  </code>
</codes>
<codes class="bip:topics:1.0">
  <code code="E21">
    <editdetail attribution="Reuters BIP Coding Group" action="confirmed" date="1997-07-02"/>
  </code>
  <code code="E211">
    <editdetail attribution="Reuters BIP Coding Group" action="confirmed" date="1997-07-02"/>
  </code>
  <code code="ECAT">
    <editdetail attribution="Reuters BIP Coding Group" action="confirmed" date="1997-07-02"/>
  </code>
  <code code="GCAT">
    <editdetail attribution="Reuters BIP Coding Group" action="confirmed" date="1997-07-02"/>
  </code>
  <code code="GPOL">
    <editdetail attribution="Reuters BIP Coding Group" action="confirmed" date="1997-07-02"/>
  </code>
</codes>
<dc element="dc.date.created" value="1997-07-02"/>
<dc element="dc.publisher" value="Reuters Holdings Plc"/>
<dc element="dc.date.published" value="1997-07-02"/>
<dc element="dc.source" value="Reuters"/>
<dc element="dc.creator.location" value="LONDON"/>
<dc element="dc.creator.location.country.name" value="UK"/>
<dc element="dc.source" value="Reuters"/>
</metadata>
</newsitem>
