<?xml version="1.0" encoding="iso-8859-1" ?>
<newsitem itemid="701256" id="root" date="1997-07-02" xml:lang="en">
<title>UK: World oil markets stall as funds take their gains.</title>
<headline>World oil markets stall as funds take their gains.</headline>
<dateline>LONDON 1997-07-02</dateline>
<text>
<p>World oil prices stalled on Wednesday after two days of hefty increases as institutional futures buyers took profits.</p>
<p>Prices moved indecisively in and out of positive territory and, combined with mixed signals from U.S. industry stock data, gave a picture of hesitant market activity.</p>
<p>By 1630 GMT August futures in benchmark Brent blend crude were trading four cents down at $18.76 a barrel, while in New York the front-month West Texas Intermediate contract was up four cents at $20.16 a barrel.</p>
<p>Financial funds were said to be taking the opportunity to collect some gains after buying back into oil futures following a sharp fall in crude prices in June.</p>
<p>August Brent paper had jumped 33 and 30 cents on Monday and Tuesday after physical crude markets tightened on news that Iraq would not be resuming oil exports for some weeks.</p>
<p>Oil has now recovered from a 15-month low hit in June when Brent touched $17.32, having suffered a $7 slide in the space of six months.</p>
<p>Early losses were triggered by statistics from the American Petroleum Institute, which are closely watched by the oil industry as an indicator of demand in the world's largest crude and oil product market.</p>
<p>API data showed 4.36 million barrels less crude held in primary storage for the week ending June 27 and a fall in gasoline stocks of 1.23 million barrels.</p>
<p>The initial reaction by analysts was one of disappointment as most of the drawdown appeared to be in the U.S. West Coast area, rather than in the crucial East Coast, which soaks up crude from the Atlantic Basin.</p>
<p>But later figures from the U.S. Department of Energy, which concurred with the API's, gave the market some heart.</p>
<p>Some of the bullishness implied by the statistics was said to have already been factored into oil prices so any fall in the day was not seen as overly significant.</p>
<p>&quot;These are bullish API stats, but we knew they would be with all the expectation that was out there, so we are getting some profit-taking,&quot; said a dealer.</p>
<p>But the good news for oil prices was tempered by realisation the peak season for gasoline was almost over and the next product in the buying cycle, oil for winter heating, looks ominously well supplied.</p>
<p>Traditionally the world oil market is supported by heavy demand for fuel during the U.S. summer driving season, which peaks over the July 4 weekend.</p>
<p>&quot;The gasoline season is now to all intents and purposes over,&quot; said Peter Gignoux, senior energy analyst at brokers Smith Barney.</p>
<p>From next week attention will begin to shift to heating oil, which showed a surprisingly large build of 4.02 million barrels, pushing total stocks to 117 million barrels, up 17 million barrels year-on-year.</p>
<p>The eventual resumption of Iraqi exports under the second tranche of its oil-for-food deal with the United Nations will also depress prices.</p>
<p>When the Iraqi oil does reappear it could pour out at a rate of a million barrels per day, up from some 660,000 bpd in the first phase of the oil sale which ended in June. The heavier flow will weigh on oil markets in the Autumn.</p>
<p>The July 4 weekend was also expected to dampen oil market activity, with U.S. traders winding up their week early on Thursday to head to beaches and holiday homes.</p>
<p>	  Crude oil prices in dollars per barrel:</p>
<p>					July 2    July 1</p>
<p>				     (1630 GMT) (close)</p>
<p>    Dated Brent		   $18.74    $18.78</p>
<p>    IPE August Brent	    $18.76    $18.82</p>
<p>    NYMEX August light crude  $20.16    $20.12</p>
<p>-- Sean Maguire, London newsroom +44 171 542 8060</p>
</text>
<copyright>(c) Reuters Limited 1997</copyright>
<metadata>
<codes class="bip:countries:1.0">
  <code code="UK">
    <editdetail attribution="Reuters BIP Coding Group" action="confirmed" date="1997-07-02"/>
  </code>
</codes>
<codes class="bip:topics:1.0">
  <code code="M14">
    <editdetail attribution="Reuters BIP Coding Group" action="confirmed" date="1997-07-02"/>
  </code>
  <code code="M143">
    <editdetail attribution="Reuters BIP Coding Group" action="confirmed" date="1997-07-02"/>
  </code>
  <code code="MCAT">
    <editdetail attribution="Reuters BIP Coding Group" action="confirmed" date="1997-07-02"/>
  </code>
</codes>
<dc element="dc.date.created" value="1997-07-02"/>
<dc element="dc.publisher" value="Reuters Holdings Plc"/>
<dc element="dc.date.published" value="1997-07-02"/>
<dc element="dc.source" value="Reuters"/>
<dc element="dc.creator.location" value="LONDON"/>
<dc element="dc.creator.location.country.name" value="UK"/>
<dc element="dc.source" value="Reuters"/>
</metadata>
</newsitem>
