<?xml version="1.0" encoding="iso-8859-1" ?>
<newsitem itemid="701228" id="root" date="1997-07-02" xml:lang="en">
<title>UK: National Power heads share in 2.6 mln profit-paper.</title>
<headline>National Power heads share in 2.6 mln profit-paper.</headline>
<dateline>LONDON 1997-07-02</dateline>
<text>
<p>National Power Plc executive directors shared in profits of more than 2.6 million stg over the last two years from exercising share options, the Daily Telegraph said on Thursday.</p>
<p>The paper said a report and accounts show that the pay package of chief executive Keith Henry rose 40 percent to more than 628,000 in the year ended March 31. The pay package was boosted by a special benefit payment of 119,800 that largely covered his cost of moving homes.</p>
<p>His basic salary was up 18 percent to 385,000, while a performance-linked bonus rose 12 percent to 123,000 stg.</p>
<p>John Baker, chairman, was the highest-paid executive last year with a package worth 674,000, up 250 percent on his 1995-96 remuneration package. His basic salary of 180,000 stg was raised by 262,000 profit from exercising options and 217,470 in shares from the first distribution of a three year share performance plan launched in 1993 and now worth two million stg, the paper said. --London Newsroom +44 171 542 7717</p>
</text>
<copyright>(c) Reuters Limited 1997</copyright>
<metadata>
<codes class="bip:countries:1.0">
  <code code="UK">
    <editdetail attribution="Reuters BIP Coding Group" action="confirmed" date="1997-07-02"/>
  </code>
</codes>
<codes class="bip:industries:1.0">
  <code code="I16100">
    <editdetail attribution="Reuters BIP Coding Group" action="confirmed" date="1997-07-02"/>
  </code>
</codes>
<codes class="bip:topics:1.0">
  <code code="C41">
    <editdetail attribution="Reuters BIP Coding Group" action="confirmed" date="1997-07-02"/>
  </code>
  <code code="C411">
    <editdetail attribution="Reuters BIP Coding Group" action="confirmed" date="1997-07-02"/>
  </code>
  <code code="CCAT">
    <editdetail attribution="Reuters BIP Coding Group" action="confirmed" date="1997-07-02"/>
  </code>
</codes>
<dc element="dc.date.created" value="1997-07-02"/>
<dc element="dc.publisher" value="Reuters Holdings Plc"/>
<dc element="dc.date.published" value="1997-07-02"/>
<dc element="dc.source" value="Reuters"/>
<dc element="dc.creator.location" value="LONDON"/>
<dc element="dc.creator.location.country.name" value="UK"/>
<dc element="dc.source" value="Reuters"/>
</metadata>
</newsitem>
