<?xml version="1.0" encoding="iso-8859-1" ?>
<newsitem itemid="701261" id="root" date="1997-07-02" xml:lang="en">
<title>UK: Brown says no change to income tax rates.</title>
<headline>Brown says no change to income tax rates.</headline>
<dateline>LONDON 1997-07-02</dateline>
<text>
<p>Chancellor of the Exchequer Gordon Brown said in his budget on Wednesday that there would be no changes to income tax rates.  </p>
<p>&quot;In this budget I have no changes to make to income tax either at the basic or top rate,&quot; he said in this budget speech.</p>
<p>This is in line with the government's election pledge not to raise income tax rates in the course of this Parliament.</p>
<p>-- London newsroom + 44 171 542 7715</p>
</text>
<copyright>(c) Reuters Limited 1997</copyright>
<metadata>
<codes class="bip:countries:1.0">
  <code code="UK">
    <editdetail attribution="Reuters BIP Coding Group" action="confirmed" date="1997-07-02"/>
  </code>
</codes>
<codes class="bip:topics:1.0">
  <code code="E21">
    <editdetail attribution="Reuters BIP Coding Group" action="confirmed" date="1997-07-02"/>
  </code>
  <code code="E211">
    <editdetail attribution="Reuters BIP Coding Group" action="confirmed" date="1997-07-02"/>
  </code>
  <code code="ECAT">
    <editdetail attribution="Reuters BIP Coding Group" action="confirmed" date="1997-07-02"/>
  </code>
  <code code="GCAT">
    <editdetail attribution="Reuters BIP Coding Group" action="confirmed" date="1997-07-02"/>
  </code>
  <code code="GPOL">
    <editdetail attribution="Reuters BIP Coding Group" action="confirmed" date="1997-07-02"/>
  </code>
</codes>
<dc element="dc.date.created" value="1997-07-02"/>
<dc element="dc.publisher" value="Reuters Holdings Plc"/>
<dc element="dc.date.published" value="1997-07-02"/>
<dc element="dc.source" value="Reuters"/>
<dc element="dc.creator.location" value="LONDON"/>
<dc element="dc.creator.location.country.name" value="UK"/>
<dc element="dc.source" value="Reuters"/>
</metadata>
</newsitem>
