<?xml version="1.0" encoding="iso-8859-1" ?>
<newsitem itemid="701267" id="root" date="1997-07-02" xml:lang="en">
<title>UK: UK grain futures quiet amid budget uncertainty.</title>
<headline>UK grain futures quiet amid budget uncertainty.</headline>
<dateline>LONDON 1997-07-02</dateline>
<text>
<p>UK grain futures, as well as the physical market were stifled by uncertainty, as traders awaited Chancellor Gordon Brown's budget speech.</p>
<p>The grains market was looking for any moves which could affect the value of sterling aginst other European cuurrencies, traders said.</p>
<p>There were just 169 lots of wheat traded on the futures, with January nmost active on 86 lots. It last traded 0.40 stg lower at 88.25 stg.</p>
<p>On barley, just 11 lots changed hands. November was just most active, with 6 lots done. It last traded 0.35 stg lower at 83.90 stg.</p>
<p>Physical market brokers report feed wheat done for delivery to Norfolk/Suffolk in July at 786.00 stg, with spot barley for the same destination at 83.00 stg.</p>
<p>--Christopher Lyddon, London newsroom +44 171 542 7928</p>
</text>
<copyright>(c) Reuters Limited 1997</copyright>
<metadata>
<codes class="bip:countries:1.0">
  <code code="UK">
    <editdetail attribution="Reuters BIP Coding Group" action="confirmed" date="1997-07-02"/>
  </code>
</codes>
<codes class="bip:topics:1.0">
  <code code="M14">
    <editdetail attribution="Reuters BIP Coding Group" action="confirmed" date="1997-07-02"/>
  </code>
  <code code="M141">
    <editdetail attribution="Reuters BIP Coding Group" action="confirmed" date="1997-07-02"/>
  </code>
  <code code="MCAT">
    <editdetail attribution="Reuters BIP Coding Group" action="confirmed" date="1997-07-02"/>
  </code>
</codes>
<dc element="dc.date.created" value="1997-07-02"/>
<dc element="dc.publisher" value="Reuters Holdings Plc"/>
<dc element="dc.date.published" value="1997-07-02"/>
<dc element="dc.source" value="Reuters"/>
<dc element="dc.creator.location" value="LONDON"/>
<dc element="dc.creator.location.country.name" value="UK"/>
<dc element="dc.source" value="Reuters"/>
</metadata>
</newsitem>
