<?xml version="1.0" encoding="iso-8859-1" ?>
<newsitem itemid="701215" id="root" date="1997-07-02" xml:lang="en">
<title>UK: Closing stock market indices.</title>
<headline>Closing stock market indices.</headline>
<dateline>LONDON</dateline>
<text>
<p>Here is how major stock markets outside the United States ended Wednesday.</p>
<p>LONDON - Stocks closed higher as the market gave an initial welcome to the tax plans and economic forecasts in the early part of Chancellor Gordon Brown's budget. The FTSE 100 closed at 4,751.4, up 23.1 points, or 0.49 percent.</p>
<p>FRANKFURT - Stocks hit record highs as blue chips got a strong boost from the firm dollar, always a plus for a market thronged by export-driven firms. The DAX-30 index closed at 3,854.76, up 34.91 points, or 0.91 percent. In later screen-based trade the IBIS DAX index ended at 3,867.53, up 32.69 points, or 0.85 percent.</p>
<p>PARIS - French government threats to tax company profits throttled a fresh stock market surge after high liquidity, a strong dollar and buoyant overseas markets powered stock prices to a new record. The CAC-40 index closed at 2,909.45, down 34.59 points, or 1.17 percent.</p>
<p>ZURICH - Stocks ended slightly above Tuesday's closing levels, but investors held back ahead of the outcome of the U.S. Federal Reserve's two-day meeting ending Tuesday. The Swiss market index closed at 5,674.3, up 19.5 points, or 0.34 percent.</p>
<p>TOKYO - Stocks closed slightly higher after bouncing back from a morning slump. The 225-share Nikkei average closed at 20,196.42, up 20.90 points, or 0.10 percent.</p>
<p>HONG KONG - The stock market was closed again as the country celebrates its return to Chinese rule. The market reopens Thursday.</p>
<p>SYDNEY - The stock market streaked to a record close as enthusiastic investors bid blue chips higher in a broad-based rally. The All Ordinaries index closed at 2,745.9, up 24.7 points, or 0.91 percent.</p>
<p>JOHANNESBURG - Industrial stocks, unfazed by a lower-than-expected reserves figure, climbed to their fifth consecutive record high, fuelled by gains in heavyweight stock Richemont. The All-Share index closed at 7,416.7, down 3.4 points, or 0.05 percent. The All-Gold index closed at 964.7, down 3.9 points, or 0.4 percent, while the Industrial index closed at 8,832.5, up 23.8 points, or 0.27 percent.</p>
</text>
<copyright>(c) Reuters Limited 1997</copyright>
<metadata>
<codes class="bip:countries:1.0">
  <code code="AUSTR">
    <editdetail attribution="Reuters BIP Coding Group" action="confirmed" date="1997-07-02"/>
  </code>
  <code code="FRA">
    <editdetail attribution="Reuters BIP Coding Group" action="confirmed" date="1997-07-02"/>
  </code>
  <code code="GFR">
    <editdetail attribution="Reuters BIP Coding Group" action="confirmed" date="1997-07-02"/>
  </code>
  <code code="HKONG">
    <editdetail attribution="Reuters BIP Coding Group" action="confirmed" date="1997-07-02"/>
  </code>
  <code code="JAP">
    <editdetail attribution="Reuters BIP Coding Group" action="confirmed" date="1997-07-02"/>
  </code>
  <code code="SAFR">
    <editdetail attribution="Reuters BIP Coding Group" action="confirmed" date="1997-07-02"/>
  </code>
  <code code="SWITZ">
    <editdetail attribution="Reuters BIP Coding Group" action="confirmed" date="1997-07-02"/>
  </code>
  <code code="UK">
    <editdetail attribution="Reuters BIP Coding Group" action="confirmed" date="1997-07-02"/>
  </code>
</codes>
<codes class="bip:topics:1.0">
  <code code="M11">
    <editdetail attribution="Reuters BIP Coding Group" action="confirmed" date="1997-07-02"/>
  </code>
  <code code="MCAT">
    <editdetail attribution="Reuters BIP Coding Group" action="confirmed" date="1997-07-02"/>
  </code>
</codes>
<dc element="dc.publisher" value="Reuters Holdings Plc"/>
<dc element="dc.date.published" value="1997-07-02"/>
<dc element="dc.source" value="Reuters"/>
<dc element="dc.creator.location" value="LONDON"/>
<dc element="dc.creator.location.country.name" value="UK"/>
<dc element="dc.source" value="Reuters"/>
</metadata>
</newsitem>
