<?xml version="1.0" encoding="iso-8859-1" ?>
<newsitem itemid="701233" id="root" date="1997-07-02" xml:lang="en">
<title>UK: London LIFFE futures APT closing prices.</title>
<headline>London LIFFE futures APT closing prices.</headline>
<dateline>LONDON 1997-07-02</dateline>
<text>
<p>London International Financial Futures Exchange automated pit trading (APT) tabular details:</p>
<p>   CONTRACT (MONTH)	APT CLOSE  SETTLEMENT  PREVIOUS SETTLE</p>
<p>   LONG GILT (SEP) (1/32)   114.25	114-25	     114-20</p>
<p>   SHORT STERLING (SEP)	92.83	 92.98		92.93</p>
<p>   GERMAN GOVT BOND (SEP)   102.02	102.02	     101.88</p>
<p>   EUROMARK (JUL)		96.85	 96.86		96.87</p>
<p>   ITALIAN GOVT BOND (SEP)  134.93	135.02	     134.40</p>
<p>   EUROLIRA (SEP)		93.51	 93.53		93.52</p>
<p>   EUROSWISS (SEP)	     98.39	 98.39		98.39</p>
<p>   FTSE 100 (SEP)	   4,754.50    4,822.00	   4,789.00</p>
</text>
<copyright>(c) Reuters Limited 1997</copyright>
<metadata>
<codes class="bip:countries:1.0">
  <code code="UK">
    <editdetail attribution="Reuters BIP Coding Group" action="confirmed" date="1997-07-02"/>
  </code>
</codes>
<codes class="bip:topics:1.0">
  <code code="M12">
    <editdetail attribution="Reuters BIP Coding Group" action="confirmed" date="1997-07-02"/>
  </code>
  <code code="MCAT">
    <editdetail attribution="Reuters BIP Coding Group" action="confirmed" date="1997-07-02"/>
  </code>
</codes>
<dc element="dc.date.created" value="1997-07-02"/>
<dc element="dc.publisher" value="Reuters Holdings Plc"/>
<dc element="dc.date.published" value="1997-07-02"/>
<dc element="dc.source" value="Reuters"/>
<dc element="dc.creator.location" value="LONDON"/>
<dc element="dc.creator.location.country.name" value="UK"/>
<dc element="dc.source" value="Reuters"/>
</metadata>
</newsitem>
