<?xml version="1.0" encoding="iso-8859-1" ?>
<newsitem itemid="701238" id="root" date="1997-07-02" xml:lang="en">
<title>UK: Reuters historical calendar - July 9.</title>
<headline>Reuters historical calendar - July 9.</headline>
<dateline>LONDON 1997-07-02</dateline>
<text>
<p>Following are some of the major events to have occurred on July 9th in history.</p>
<p>1386 - In the Swiss-Swabian wars, Leopold III and his 6,000-strong Austrian army was defeated by a force of only 1,600 Swiss pikemen at the battle of Sempach in a display of superior tactics.</p>
<p>1441 - Jan van Eyck, Flemish artist who was famous for his painting of the altarpiece in the cathedral in Ghent, died.</p>
<p>1686 - League of Augsburg was formed with the alliance of the Holy Roman Emperor, Spain, Sweden and Saxony against the French king Louis XIV.</p>
<p>1755 - In the Seven Years War, a force of British and Virginians under General Braddock were heavily defeated by a combined French and Indian attack at the Monogahela River near Fort Duquesne. Braddock himself died in the battle.</p>
<p>1810 - Holland was annexed by Napoleon after Louis Napoleon, his brother, abdicated from the throne.</p>
<p>1816 - Argentina's independence from Spain was declared at the Congress of Tucuman.</p>
<p>1850 - Zachary Taylor, U.S. soldier famous for his battles against the Mexicans, died. He was 12th U.S. President (1848-1850).</p>
<p>1877 - The first Wimbledon tennis championships were held.</p>
<p>1879 - Italian modernist composer Ottorino Respighi, born; best known for his songs and descriptive symphonic works &quot;Pini di Roma&quot; and &quot;Fontane di Roma&quot;.</p>
<p>1915 - In World War One, South African forces under Louis Botha forced the surrender of German forces in South West Africa.</p>
<p>1916 - Edward Heath, British politician and statesman, born; he was prime minister from 1970-74 and took Britain into the then European Economic Community.</p>
<p>1922 - Johnny Weissmuller, swimmer and later film actor playing &quot;Tarzan&quot;, became the first man to swim 100 metres in under a minute when he clocked 58.6 seconds on this day.</p>
<p>1932 - King Camp Gillette, U.S. inventor and manufacturer of the safety razor, died.</p>
<p>1944 - After fierce bombing raids and a month of fighting, the British and the Canadians finally captured most of the town of Caen in France.</p>
<p>1960 - In a speech, Soviet leader Nikita Khrushchev warned the United States against intervention in Cuba and said Soviet forces would support the Cuban people.</p>
<p>1990 - Leaders of the world's seven largest industrial nations began an economic summit in Houston with a call by U.S. President George Bush to create &quot;a new world of freedom&quot;.</p>
<p>1993 - British scientists using DNA genetic fingerprinting tests, identified the bones of the Russian Tsar Nicholas II and members of his family.</p>
<p>1996 - Thousands of flag-waving children gave Nelson Mandela a hero's welcome to Britain, cheering and chanting his name as the South African president's state visit was launched in a blaze of royal pomp and ceremony.</p>
<p>1996 - Israeli Prime Minister Benjamin Netanyahu used his first visit to Washington to outline his views linking peace in the Middle East to Israel's security needs.</p>
</text>
<copyright>(c) Reuters Limited 1997</copyright>
<metadata>
<codes class="bip:countries:1.0">
  <code code="UK">
    <editdetail attribution="Reuters BIP Coding Group" action="confirmed" date="1997-07-02"/>
  </code>
</codes>
<codes class="bip:topics:1.0">
  <code code="GCAT">
    <editdetail attribution="Reuters BIP Coding Group" action="confirmed" date="1997-07-02"/>
  </code>
</codes>
<dc element="dc.date.created" value="1997-07-02"/>
<dc element="dc.publisher" value="Reuters Holdings Plc"/>
<dc element="dc.date.published" value="1997-07-02"/>
<dc element="dc.source" value="Reuters"/>
<dc element="dc.creator.location" value="LONDON"/>
<dc element="dc.creator.location.country.name" value="UK"/>
<dc element="dc.source" value="Reuters"/>
</metadata>
</newsitem>
