<?xml version="1.0" encoding="iso-8859-1" ?>
<newsitem itemid="701217" id="root" date="1997-07-02" xml:lang="en">
<title>UK: &quot;Pocket Budget&quot; - summary issued by UK Treasury 3.</title>
<headline>&quot;Pocket Budget&quot; - summary issued by UK Treasury 3.</headline>
<text>
<p>&quot;Pocket Budget&quot; summary part three -</p>
<p>THE EFFECT OF THE BUDGET</p>
<p>The overall effect of the tax measures in this Budget is to reduce Government borrowing this year and next. Taken together they will help create a stronger and fairer society and equip Britain for our long-term future. The Budget addresses Britain's failure to invest in the long term. It will release resources for hospitals and schools and help the economy grow.</p>
<p>THE PROSPECTS</p>
<p>-- Growth --</p>
<p>The economy is expected to grow by 3 per cent in 1997 and 2 per cent in 1998.</p>
<p>-- Inflation --</p>
<p>Underlying inflation is forecast to remain at around 2 per cent in 1997 and to rise slightly to 2 per cent in 1998.</p>
<p>-- Unemployment--</p>
<p>Unemployment remains high - 2.1 million according to the Labour Force Survey. Youth and long-term unemployment are serious concerns.</p>
<p>-- Public Borrowing --</p>
<p>Excluding the temporary effects of the windfall tax and spending on Welfare to Work, the Public Sector Borrowing Requirement is forecast to be 13 billion in 1997-98 and 5 billion in 1998-99(11 billion and 4 billion including the windfall tax and associated spending).</p>
<p>-- Consumer Spending --</p>
<p>Consumer spending is forecast to increase by 4 per cent in 1997 and 4 per cent in 1998.</p>
<p>-- Business Investment --</p>
<p>Total investment by businesses is forecast to rise by 9 per cent in 1997 and 6 per cent in 1998.</p>
<p>-- Promoting economic stability --</p>
<p>public finances --</p>
<p>			   (a new long-term structure and deficit</p>
<p>reduction plan</p>
<p>			   (a new commitment to openness</p>
<p>housing market --</p>
<p>			   (mortgage interest relief reduced from 15%</p>
<p>to 10% from April 1998</p>
<p>			   (stamp duty raised to 1% on transactions</p>
<p>over 250,000 and 2% over 500,000</p>
<p>-- Encouraging long-term investment -- - corporation tax cut from 33% to 31% - small companies' corporation tax cut from 23% to 21% - tax credit arrangements reformed to encourage companies to retain and reinvest profits - capital allowances doubled to 50% on plant and machinery for small- and medium-sized businesses(for one year only) - local authority receipts --900 million released for new housing</p>
<p>-- Modernising the welfare state --</p>
<p>Getting people back to work:</p>
<p>-5.2 billion Welfare to Work package, financed by the windfall tax on the excess profits of privatised utilities, for young and long-term unemployed and lone parents. Includes 1.3 billion for school buildings and equipment</p>
<p>Providing high quality public services</p>
<p>-Schools: an extra 1 billion for local authorities to spend next year (plus 1.3 billion from windfall tax)</p>
<p>-National Health Service: an extra 1.2 billion next year</p>
<p>Moving towards a fairer tax system</p>
<p>-VAT on domestic fuel and power cut from 8% to 5%</p>
<p>-private medical insurance: tax relief abolished for over-60s</p>
<p>-anti-avoidance package: ensuring everyone pays the proper amount</p>
<p>Protecting the environment and health</p>
<p>- duty on petrol and diesel increased immediately by 6% more than inflation tobacco duties increased from December by 5% more than inflation</p>
<p>- vehicle excise duty increased from November - reductions for &quot;clean&quot; buses and lorries to follow.</p>
</text>
<copyright>(c) Reuters Limited 1997</copyright>
<metadata>
<codes class="bip:countries:1.0">
  <code code="UK">
    <editdetail attribution="Reuters BIP Coding Group" action="confirmed" date="1997-07-02"/>
  </code>
</codes>
<codes class="bip:topics:1.0">
  <code code="E21">
    <editdetail attribution="Reuters BIP Coding Group" action="confirmed" date="1997-07-02"/>
  </code>
  <code code="E211">
    <editdetail attribution="Reuters BIP Coding Group" action="confirmed" date="1997-07-02"/>
  </code>
  <code code="ECAT">
    <editdetail attribution="Reuters BIP Coding Group" action="confirmed" date="1997-07-02"/>
  </code>
  <code code="GCAT">
    <editdetail attribution="Reuters BIP Coding Group" action="confirmed" date="1997-07-02"/>
  </code>
  <code code="GPOL">
    <editdetail attribution="Reuters BIP Coding Group" action="confirmed" date="1997-07-02"/>
  </code>
</codes>
<dc element="dc.publisher" value="Reuters Holdings Plc"/>
<dc element="dc.date.published" value="1997-07-02"/>
<dc element="dc.source" value="Reuters"/>
<dc element="dc.creator.location.country.name" value="UK"/>
<dc element="dc.source" value="Reuters"/>
</metadata>
</newsitem>
