<?xml version="1.0" encoding="iso-8859-1" ?>
<newsitem itemid="701285" id="root" date="1997-07-02" xml:lang="en">
<title>UK: BA strike plan hits NWE jet fuel cargo spreads.</title>
<headline>BA strike plan hits NWE jet fuel cargo spreads.</headline>
<dateline>LONDON 1997-07-02</dateline>
<text>
<p>A planned 72-hour strike by British Airways Plc cabin crew next week cut jet fuel cargo differentials on Wednesday, depressing an already well supplied market, traders said.</p>
<p>One July-loading cargo moved at July IPE +$15.50 cif Copenhagen, some $1.50 under Tuesday's assessed value.</p>
<p>Traders said the plans meant BA in Europe had become a net seller at a time when demand is patchy at best. Barges were assessed notionally at July IPE +$15/16.</p>
<p>July IPE gas oil futures closed 25 cents off at $167.50 a tonne.</p>
<p>-- London newsroom +44 171 542 7646</p>
</text>
<copyright>(c) Reuters Limited 1997</copyright>
<metadata>
<codes class="bip:countries:1.0">
  <code code="UK">
    <editdetail attribution="Reuters BIP Coding Group" action="confirmed" date="1997-07-02"/>
  </code>
</codes>
<codes class="bip:topics:1.0">
  <code code="M14">
    <editdetail attribution="Reuters BIP Coding Group" action="confirmed" date="1997-07-02"/>
  </code>
  <code code="M143">
    <editdetail attribution="Reuters BIP Coding Group" action="confirmed" date="1997-07-02"/>
  </code>
  <code code="MCAT">
    <editdetail attribution="Reuters BIP Coding Group" action="confirmed" date="1997-07-02"/>
  </code>
</codes>
<dc element="dc.date.created" value="1997-07-02"/>
<dc element="dc.publisher" value="Reuters Holdings Plc"/>
<dc element="dc.date.published" value="1997-07-02"/>
<dc element="dc.source" value="Reuters"/>
<dc element="dc.creator.location" value="LONDON"/>
<dc element="dc.creator.location.country.name" value="UK"/>
<dc element="dc.source" value="Reuters"/>
</metadata>
</newsitem>
