<?xml version="1.0" encoding="iso-8859-1" ?>
<newsitem itemid="701274" id="root" date="1997-07-02" xml:lang="en">
<title>UK: UK natural gas trades -- July 2.</title>
<headline>UK natural gas trades -- July 2.</headline>
<dateline>LONDON 1997-07-02</dateline>
<text>
<p>10.60 pence a therm (within day, St Fergus beach, 200,000 therms)</p>
<p>11.00 pence a therm (within day, NBP, 25,000 therms)</p>
<p>10.50 pence a therm (day ahead, NBP, 50,000 therms)</p>
<p>10.50 pence a therm (day ahead, NBP, 100,000 therms)</p>
<p>10.50 pence a therm (day ahead, NBP, 100,000 therms)</p>
<p>10.80 pence a therm (day ahead, NBP, 5,000 therms)</p>
<p>9.20 pence a therm (August 97, NBP, 125,000 th/d) spread against:</p>
<p>9.30 pence a therm (August 97, Bacton, 125,000 th/d)</p>
<p>10.60 pence a therm (October 97, NBP, 25,000 th/d)</p>
<p>10.70 pence a therm (October 97, NBP, 25,000 th/d)</p>
<p>10.75 pence a therm (October 97, NBP, 25,000 th/d)</p>
<p>16.10 pence a therm (Q1 98, NBP, 25,000 th/d)</p>
<p>16.10 pence a therm (Q1 98, NBP, 25,000 th/d)</p>
<p>16.10 pence a therm (Q1 98, NBP, 50,000 th/d)</p>
<p>16.10 pence a therm (Q1 98, NBP, 50,000 th/d)</p>
<p>16.175 pence a therm (Q1 98, NBP, 25,000 th/d)</p>
<p>16.20 pence a therm (Q1 98, NBP, 25,000 th/d)</p>
<p>16.20 pence a therm (Q1 98, NBP, 25,000 th/d)</p>
<p>16.20 pence a therm (Q1 98, NBP, 25,000 th/d)</p>
<p>11.125 pence a therm (Q2 98, NBP, 25,000 th/d)</p>
<p>11.15 pence a therm (Q2 98, NBP, 25,000 th/d)</p>
<p>--London Newsroom, +44 171 542 6412</p>
</text>
<copyright>(c) Reuters Limited 1997</copyright>
<metadata>
<codes class="bip:countries:1.0">
  <code code="UK">
    <editdetail attribution="Reuters BIP Coding Group" action="confirmed" date="1997-07-02"/>
  </code>
</codes>
<codes class="bip:topics:1.0">
  <code code="M14">
    <editdetail attribution="Reuters BIP Coding Group" action="confirmed" date="1997-07-02"/>
  </code>
  <code code="M143">
    <editdetail attribution="Reuters BIP Coding Group" action="confirmed" date="1997-07-02"/>
  </code>
  <code code="MCAT">
    <editdetail attribution="Reuters BIP Coding Group" action="confirmed" date="1997-07-02"/>
  </code>
</codes>
<dc element="dc.date.created" value="1997-07-02"/>
<dc element="dc.publisher" value="Reuters Holdings Plc"/>
<dc element="dc.date.published" value="1997-07-02"/>
<dc element="dc.source" value="Reuters"/>
<dc element="dc.creator.location" value="LONDON"/>
<dc element="dc.creator.location.country.name" value="UK"/>
<dc element="dc.source" value="Reuters"/>
</metadata>
</newsitem>
