<?xml version="1.0" encoding="iso-8859-1" ?>
<newsitem itemid="701213" id="root" date="1997-07-02" xml:lang="en">
<title>UK: Rothschild to prove independent banks can survive.</title>
<headline>Rothschild to prove independent banks can survive.</headline>
<byline>Alexander Smith</byline>
<dateline>LONDON</dateline>
<text>
<p>With nearly 200 years of history behind it, the Rothschild banking dynasty has no intention of seeing its independence slip away as the millennium approaches.</p>
<p>Sir Evelyn de Rothschild, chairman of the merchant banking group's parent company, has a mission to prove there is a place for banks such as his in the rapidly changing world of global investment banking.</p>
<p>&quot;In my working time in the City (London's financial center) I've seen about 12 merchant banks disappear. I want to prove independent merchant banks like Rothschilds, Schroders and Flemings have a huge role to play in the international financial scene,&quot; Rothschild said.</p>
<p>On July 1 the merchant banking group broke with tradition and published its annual results, which showed a 66 percent rise in operating profits for the group worldwide, leading Rothschild to trumpet the cause of Britain's independent investment banks.</p>
<p>&quot;We are one of the key players as an independent. There's too much talk about the fact that we are dodoes about to disappear down the drain, and we are still here,&quot; he added.</p>
<p>The foundations for today's Rothschilds group were laid nearly 200 years ago when the five sons of Mayer Amschel Rothschild began setting up banks in the main cities of Europe.</p>
<p>N M Rothschild &amp; Sons, the main operating company in Britain, has been based at New Court in the City of London for nearly 200 years. The firm celebrates its 200th anniversary next year.</p>
<p>Speculation about the group's future has been intense since the suicide a year ago of a leading member of the family, Amschel Rothschild, who was chairman of Rothschild Asset Management.</p>
<p>This not only led to questions about who would succeed Sir Evelyn, who is 65 and has been at the firm for 40 years, but also suggestions the group could be swept up by one of the larger investment banks trying to carve a bigger slice of the world market.</p>
<p>With firms such as SG Warburg, Kleinwort Benson, Barings and Smith New Court all now part of other larger organisations, the number of independent investment banks has dwindled.</p>
<p>But while Rothschild, which confirmed it had established a global partnership to improve its service to customers, may not have the muscle of the big banks, it believes it can compete with them.</p>
<p>To Rothschild this requires being extremely quick.</p>
<p>&quot;One of the strengths as an independent organisation like Rothschilds is we can make decisions quickly,&quot; he said.</p>
<p>He also believes there is a conflict for larger banks, which not only lend to clients but also advise them. And he is not convinced they can survive in the &quot;one-stop&quot; format they have developed.</p>
<p>&quot;To be all things to all people is not necessarily the answer to the banking fraternity. The customer is what really matters, the customer wants to feel that the relationship is full of integrity and is responsible and the advice given is independent and totally constructed for his benefit,&quot; Rothschild said.</p>
<p>Rothschild's approach has the backing of its shareholders, the family whose name it bears.</p>
<p>Rothschild said they are keen to keep it under family ownership, while recognising the organisation is a meritocracy where non-family members can get into top positions within the business.</p>
<p>&quot;There may one day be a non-Rothschild chairman, a non-Rothschild chief executive,&quot; he added.</p>
<p>And while the family tradition can be a useful tool for the benefit of the group as a whole, it must not be solely for the family's benefit. In Rothschild's case, the family has not on the whole been &quot;rapacious&quot; and has acted in the best interests of the business, Rothschild said.</p>
</text>
<copyright>(c) Reuters Limited 1997</copyright>
<metadata>
<codes class="bip:countries:1.0">
  <code code="UK">
    <editdetail attribution="Reuters BIP Coding Group" action="confirmed" date="1997-07-02"/>
  </code>
</codes>
<codes class="bip:industries:1.0">
  <code code="I83100">
    <editdetail attribution="Reuters BIP Coding Group" action="confirmed" date="1997-07-02"/>
  </code>
</codes>
<codes class="bip:topics:1.0">
  <code code="C15">
    <editdetail attribution="Reuters BIP Coding Group" action="confirmed" date="1997-07-02"/>
  </code>
  <code code="C152">
    <editdetail attribution="Reuters BIP Coding Group" action="confirmed" date="1997-07-02"/>
  </code>
  <code code="CCAT">
    <editdetail attribution="Reuters BIP Coding Group" action="confirmed" date="1997-07-02"/>
  </code>
</codes>
<dc element="dc.publisher" value="Reuters Holdings Plc"/>
<dc element="dc.date.published" value="1997-07-02"/>
<dc element="dc.source" value="Reuters"/>
<dc element="dc.creator.location" value="LONDON"/>
<dc element="dc.creator.location.country.name" value="UK"/>
<dc element="dc.source" value="Reuters"/>
</metadata>
</newsitem>
