<?xml version="1.0" encoding="iso-8859-1" ?>
<newsitem itemid="701311" id="root" date="1997-07-02" xml:lang="en">
<title>UK: Railtrack, BAA tax hit seen lower end.</title>
<headline>Railtrack, BAA tax hit seen lower end.</headline>
<dateline>LONDON 1997-07-02</dateline>
<text>
<p>Railtrack Plc and airport operator BAA Plc look set to face windfall tax levies at the lower end of the scale predicted by the market, said analysts on Wednesday in the aftermath of the first Labour budget.</p>
<p>One analyst said &quot;It looks like the levies will be very manageable and come in at the lower end of the scale.&quot;</p>
<p>Although difficult to pin down at such an early stage, it did appear that &quot;both (companies) will see the tax come in at the lower end of the scale,&quot; another transport analyst told Reuters.  </p>
<p>Andrew Darke, transport analyst at Williams de Broe, said &quot;For shareholders, the key questions are what does it mean for the companies' financial stability, dividend outlook and cost of capital.&quot;</p>
<p>Analysts said both groups' cost of capital was likely to rise as a result of being levied the tax.</p>
<p>The brunt of the windfall tax among the non-water and non-electricity companies is seen falling on British Telecommunications Plc and former British Gas companies BG Plc and Centrica Plc, said transport sector analysts.</p>
<p>--London newsroom +44 171 5427717.</p>
</text>
<copyright>(c) Reuters Limited 1997</copyright>
<metadata>
<codes class="bip:countries:1.0">
  <code code="UK">
    <editdetail attribution="Reuters BIP Coding Group" action="confirmed" date="1997-07-02"/>
  </code>
</codes>
<codes class="bip:industries:1.0">
  <code code="I16000">
    <editdetail attribution="Reuters BIP Coding Group" action="confirmed" date="1997-07-02"/>
  </code>
  <code code="I16200">
    <editdetail attribution="Reuters BIP Coding Group" action="confirmed" date="1997-07-02"/>
  </code>
  <code code="I71000">
    <editdetail attribution="Reuters BIP Coding Group" action="confirmed" date="1997-07-02"/>
  </code>
  <code code="I76400">
    <editdetail attribution="Reuters BIP Coding Group" action="confirmed" date="1997-07-02"/>
  </code>
  <code code="I79020">
    <editdetail attribution="Reuters BIP Coding Group" action="confirmed" date="1997-07-02"/>
  </code>
</codes>
<codes class="bip:topics:1.0">
  <code code="C15">
    <editdetail attribution="Reuters BIP Coding Group" action="confirmed" date="1997-07-02"/>
  </code>
  <code code="C152">
    <editdetail attribution="Reuters BIP Coding Group" action="confirmed" date="1997-07-02"/>
  </code>
  <code code="CCAT">
    <editdetail attribution="Reuters BIP Coding Group" action="confirmed" date="1997-07-02"/>
  </code>
  <code code="E21">
    <editdetail attribution="Reuters BIP Coding Group" action="confirmed" date="1997-07-02"/>
  </code>
  <code code="E211">
    <editdetail attribution="Reuters BIP Coding Group" action="confirmed" date="1997-07-02"/>
  </code>
  <code code="ECAT">
    <editdetail attribution="Reuters BIP Coding Group" action="confirmed" date="1997-07-02"/>
  </code>
  <code code="GCAT">
    <editdetail attribution="Reuters BIP Coding Group" action="confirmed" date="1997-07-02"/>
  </code>
  <code code="GPOL">
    <editdetail attribution="Reuters BIP Coding Group" action="confirmed" date="1997-07-02"/>
  </code>
</codes>
<dc element="dc.date.created" value="1997-07-02"/>
<dc element="dc.publisher" value="Reuters Holdings Plc"/>
<dc element="dc.date.published" value="1997-07-02"/>
<dc element="dc.source" value="Reuters"/>
<dc element="dc.creator.location" value="LONDON"/>
<dc element="dc.creator.location.country.name" value="UK"/>
<dc element="dc.source" value="Reuters"/>
</metadata>
</newsitem>
