<?xml version="1.0" encoding="iso-8859-1" ?>
<newsitem itemid="701339" id="root" date="1997-07-02" xml:lang="en">
<title>UK: UK's Blair hit by budget house tax.</title>
<headline>UK's Blair hit by budget house tax.</headline>
<dateline>LONDON 1997-07-02</dateline>
<text>
<p>Prime Minister Tony Blair was one of the first victims of the budget unveiled on Wednesday by Britain's new Chancellor of the Exchequer, Gordon Brown.</p>
<p>Brown announced he was immediately increasing a tax on home purchases to prevent already soaring prices overheating.</p>
<p>Brown said the stamp duty tax would be doubled from one to two percent on houses worth more than 500,000 pounds ($828,400).</p>
<p>Blair, who said last month he was selling his family home in the fashionable London district of Islington because of security considerations, grinned sheepishly as Brown announced the move.</p>
<p>Blair, his lawyer wife Cherie and their three children have moved into an official flat in Downing Street, although they broke with tradition by moving into number 11 rather than the cramped lodgings over the prime minister's office at number 10.</p>
<p>Estate agents expect Blair to get at least 615,000 pounds for his five-bedroom house. This means a tidy profit for the Blairs, who bought the house for 375,000 pounds five years ago. But it now also means more income for the new Labour government.</p>
</text>
<copyright>(c) Reuters Limited 1997</copyright>
<metadata>
<codes class="bip:countries:1.0">
  <code code="UK">
    <editdetail attribution="Reuters BIP Coding Group" action="confirmed" date="1997-07-02"/>
  </code>
</codes>
<codes class="bip:topics:1.0">
  <code code="E21">
    <editdetail attribution="Reuters BIP Coding Group" action="confirmed" date="1997-07-02"/>
  </code>
  <code code="E211">
    <editdetail attribution="Reuters BIP Coding Group" action="confirmed" date="1997-07-02"/>
  </code>
  <code code="ECAT">
    <editdetail attribution="Reuters BIP Coding Group" action="confirmed" date="1997-07-02"/>
  </code>
  <code code="GCAT">
    <editdetail attribution="Reuters BIP Coding Group" action="confirmed" date="1997-07-02"/>
  </code>
  <code code="GPOL">
    <editdetail attribution="Reuters BIP Coding Group" action="confirmed" date="1997-07-02"/>
  </code>
</codes>
<dc element="dc.date.created" value="1997-07-02"/>
<dc element="dc.publisher" value="Reuters Holdings Plc"/>
<dc element="dc.date.published" value="1997-07-02"/>
<dc element="dc.source" value="Reuters"/>
<dc element="dc.creator.location" value="LONDON"/>
<dc element="dc.creator.location.country.name" value="UK"/>
<dc element="dc.source" value="Reuters"/>
</metadata>
</newsitem>
