<?xml version="1.0" encoding="iso-8859-1" ?>
<newsitem itemid="701331" id="root" date="1997-07-02" xml:lang="en">
<title>UK: UK Centrica says gas levy abolition cuts costs.</title>
<headline>UK Centrica says gas levy abolition cuts costs.</headline>
<dateline>LONDON 1997-07-02</dateline>
<text>
<p>British gas supplier Centrica plc on Wednesday said UK finance minister Gordon Brown's decision to cut the gas levy to zero from April 1998 would cut company costs.</p>
<p>&quot;We welcome it, yes, we're pleased, it does reduce our costs,&quot; a spokesman for the company said.</p>
<p>The gas levy was imposed in 1981 on eight fields in the North Sea which were not covered by the Petroleum Revenue Tax introduced in 1975. Seven of these are still producing.</p>
<p>The levy was originally paid only by British Gas plc as the monopoly buyer. But since its demerger into BG plc and Centrica, it is Centrica which has inherited the obligation to pay the levy. In 1996/1997, the levy produced 200 million stg, consultant Julian Kennedy at Wood Mackenzie said.</p>
<p>Kennedy estimated that the levy accounted for about one penny a therm of BG's Weighted Average Cost of Gas (WACOG) of around 19 to 20 pence a therm.</p>
<p>A reduction by this amount would help Centrica become more cost competitive with its new rivals as the gas market continues to open for competition this year and next, he said.</p>
<p>Combined with a cut in VAT on fuel bills and other gas price cuts already announced Brown said he expected gas prices to fall in real terms by 5.5 percent this year and 11 percent next year.</p>
<p>Centrica said the company was still studying what the reduction meant in terms of pricing. It was not clear if Brown's figures included the reduction in transport costs following the price control placed on pipeline operator Transco by regulator Ofgas and the Monopolies and Mergers Commission, he said.</p>
<p>But the spokesman added that Centrica would benefit as its costs decreased, its charges to customers will fall, and its competitiveness will increase.</p>
<p>--London Newsroom, +44 171 542 6412</p>
</text>
<copyright>(c) Reuters Limited 1997</copyright>
<metadata>
<codes class="bip:countries:1.0">
  <code code="UK">
    <editdetail attribution="Reuters BIP Coding Group" action="confirmed" date="1997-07-02"/>
  </code>
</codes>
<codes class="bip:industries:1.0">
  <code code="I16000">
    <editdetail attribution="Reuters BIP Coding Group" action="confirmed" date="1997-07-02"/>
  </code>
  <code code="I16200">
    <editdetail attribution="Reuters BIP Coding Group" action="confirmed" date="1997-07-02"/>
  </code>
</codes>
<codes class="bip:topics:1.0">
  <code code="C31">
    <editdetail attribution="Reuters BIP Coding Group" action="confirmed" date="1997-07-02"/>
  </code>
  <code code="CCAT">
    <editdetail attribution="Reuters BIP Coding Group" action="confirmed" date="1997-07-02"/>
  </code>
  <code code="E21">
    <editdetail attribution="Reuters BIP Coding Group" action="confirmed" date="1997-07-02"/>
  </code>
  <code code="E211">
    <editdetail attribution="Reuters BIP Coding Group" action="confirmed" date="1997-07-02"/>
  </code>
  <code code="ECAT">
    <editdetail attribution="Reuters BIP Coding Group" action="confirmed" date="1997-07-02"/>
  </code>
  <code code="GCAT">
    <editdetail attribution="Reuters BIP Coding Group" action="confirmed" date="1997-07-02"/>
  </code>
  <code code="GPOL">
    <editdetail attribution="Reuters BIP Coding Group" action="confirmed" date="1997-07-02"/>
  </code>
</codes>
<dc element="dc.date.created" value="1997-07-02"/>
<dc element="dc.publisher" value="Reuters Holdings Plc"/>
<dc element="dc.date.published" value="1997-07-02"/>
<dc element="dc.source" value="Reuters"/>
<dc element="dc.creator.location" value="LONDON"/>
<dc element="dc.creator.location.country.name" value="UK"/>
<dc element="dc.source" value="Reuters"/>
</metadata>
</newsitem>
