<?xml version="1.0" encoding="iso-8859-1" ?>
<newsitem itemid="701390" id="root" date="1997-07-02" xml:lang="en">
<title>NAMIBIA: Bank of Namibia to lift forex controls this year.</title>
<headline>Bank of Namibia to lift forex controls this year.</headline>
<dateline>WINDHOEK 1997-07-02</dateline>
<text>
<p>The Bank of Namibia this year will lift most remaining foreign exchange controls on capital and current account transactions, according to its annual report, released on Wednesday.</p>
<p>&quot;The remaining exchange controls, on both current and capital transactions, will be phased out gradually during the year,&quot; the bank said.</p>
<p>&quot;While this could result in capital outflows that would put further pressure on foreign reserves and the balance of payments, virtually all remaining current account restrictions will be abolished,&quot; it added.  </p>
<p>Namibia recorded a balance of payments surplus of N$98 million, or 0.7 percent of gross domestic product in 1996, about the same as in 1995. The surplus reflected strong export earnings and an increase in transfers from the Southern African Customs Union (SACU).</p>
<p>However, such transfers were expected to decline with trade liberalisation. &quot;This underlines the importance of promoting an export-biased production,&quot; the bank said.  </p>
<p>The bank said its commitment to abolishing foreign exchange restrictions was underscored by its accession to Article V111 of the International Monetary Fund. The article precludes member countries from imposing restrictions on payments and transfers for current international transactions, or from engaging in discriminatory currency arrangements without IMF approval.</p>
<p>Namibia has already started divesting more authority to authorised dealers. It has formulated policies to allow foreign-controlled companies to borrow on the domestic market, and approved direct corporate investment in countries outside the Common Monetary Area.</p>
<p>Further requests by Namibian institutional investors to invest abroad are now sanctioned by the bank. It has also introduced policies to offset foreign liabilities against foreign accruals.</p>
<p>((-- Frauke Jensen, Windhoek Newsroom +2646 1 245-260))</p>
</text>
<copyright>(c) Reuters Limited 1997</copyright>
<metadata>
<codes class="bip:countries:1.0">
  <code code="NAMIB">
    <editdetail attribution="Reuters BIP Coding Group" action="confirmed" date="1997-07-02"/>
  </code>
</codes>
<codes class="bip:topics:1.0">
  <code code="E12">
    <editdetail attribution="Reuters BIP Coding Group" action="confirmed" date="1997-07-02"/>
  </code>
  <code code="ECAT">
    <editdetail attribution="Reuters BIP Coding Group" action="confirmed" date="1997-07-02"/>
  </code>
  <code code="M13">
    <editdetail attribution="Reuters BIP Coding Group" action="confirmed" date="1997-07-02"/>
  </code>
  <code code="M132">
    <editdetail attribution="Reuters BIP Coding Group" action="confirmed" date="1997-07-02"/>
  </code>
  <code code="MCAT">
    <editdetail attribution="Reuters BIP Coding Group" action="confirmed" date="1997-07-02"/>
  </code>
</codes>
<dc element="dc.date.created" value="1997-07-02"/>
<dc element="dc.publisher" value="Reuters Holdings Plc"/>
<dc element="dc.date.published" value="1997-07-02"/>
<dc element="dc.source" value="Reuters"/>
<dc element="dc.creator.location" value="WINDHOEK"/>
<dc element="dc.creator.location.country.name" value="NAMIBIA"/>
<dc element="dc.source" value="Reuters"/>
</metadata>
</newsitem>
