<?xml version="1.0" encoding="iso-8859-1" ?>
<newsitem itemid="701320" id="root" date="1997-07-02" xml:lang="en">
<title>UK: UK insurer assails Labour's medical insurance plan.</title>
<headline>UK insurer assails Labour's medical insurance plan.</headline>
<dateline>LONDON 1997-07-02</dateline>
<text>
<p>British private health insurer PPP on Wednesday assailed Labour's plans to withdraw tax relief for private medical insurance for people over the age of 60, saying it would increase hospital waiting lists and deprive the health service of income.</p>
<p>&quot;Gordon Brown has turned a deaf ear to warnings from PPP healthcare, the industry, independent experts and his own advisors who have all demonstrated since the election that abolition of tax relief for medical insurance is both bad economics and disastrous for a cash-strapped NHS (National Health Service)..,&quot; the company said in a statement.</p>
<p>Delivering his first budget, Chancellor of the Exchequer Gordon Brown said the government would withdraw the tax relief which it estimated costs the Treasury 140 million pounds a year and which he said had failed to significantly raise the take-up of private medical insurance.</p>
<p>But PPP said the measure would take away valuable income from the health service. It estimated that income to the NHS from beds paid for by all people with private insurance amounted to more than 100 million pounds a year. Income from elderly people with private insurance was a lower figure, a spokesman said.</p>
<p>-London Newsroom +44 171 542 6472</p>
</text>
<copyright>(c) Reuters Limited 1997</copyright>
<metadata>
<codes class="bip:countries:1.0">
  <code code="UK">
    <editdetail attribution="Reuters BIP Coding Group" action="confirmed" date="1997-07-02"/>
  </code>
</codes>
<codes class="bip:topics:1.0">
  <code code="E21">
    <editdetail attribution="Reuters BIP Coding Group" action="confirmed" date="1997-07-02"/>
  </code>
  <code code="E211">
    <editdetail attribution="Reuters BIP Coding Group" action="confirmed" date="1997-07-02"/>
  </code>
  <code code="ECAT">
    <editdetail attribution="Reuters BIP Coding Group" action="confirmed" date="1997-07-02"/>
  </code>
  <code code="GCAT">
    <editdetail attribution="Reuters BIP Coding Group" action="confirmed" date="1997-07-02"/>
  </code>
  <code code="GPOL">
    <editdetail attribution="Reuters BIP Coding Group" action="confirmed" date="1997-07-02"/>
  </code>
</codes>
<dc element="dc.date.created" value="1997-07-02"/>
<dc element="dc.publisher" value="Reuters Holdings Plc"/>
<dc element="dc.date.published" value="1997-07-02"/>
<dc element="dc.source" value="Reuters"/>
<dc element="dc.creator.location" value="LONDON"/>
<dc element="dc.creator.location.country.name" value="UK"/>
<dc element="dc.source" value="Reuters"/>
</metadata>
</newsitem>
