<?xml version="1.0" encoding="iso-8859-1" ?>
<newsitem itemid="701324" id="root" date="1997-07-02" xml:lang="en">
<title>UK: Brown to phase release of local authority receipts.</title>
<headline>Brown to phase release of local authority receipts.</headline>
<dateline>LONDON 1997-07-02</dateline>
<text>
<p>Chancellor of the Exchequer Gordon Brown said on Wednesday he would phase the release of capital receipts from local authority housing in order to create decent housing at affordable rents.</p>
<p>&quot;I can...announce the first step in a practical and measured programme to phase the release of capital receipts in a practical and measured programme to phase the release of capital receipts,&quot; Brown told parliament.</p>
<p>&quot;Local authorities will have borrowing consents for an additional 900 million pounds -- 200 million this year and 700 million next year -- for building new houses and repairing their existing stock,&quot; he said.</p>
<p>-- London Newsroom +44 171 542 7708</p>
</text>
<copyright>(c) Reuters Limited 1997</copyright>
<metadata>
<codes class="bip:countries:1.0">
  <code code="UK">
    <editdetail attribution="Reuters BIP Coding Group" action="confirmed" date="1997-07-02"/>
  </code>
</codes>
<codes class="bip:topics:1.0">
  <code code="E21">
    <editdetail attribution="Reuters BIP Coding Group" action="confirmed" date="1997-07-02"/>
  </code>
  <code code="E211">
    <editdetail attribution="Reuters BIP Coding Group" action="confirmed" date="1997-07-02"/>
  </code>
  <code code="ECAT">
    <editdetail attribution="Reuters BIP Coding Group" action="confirmed" date="1997-07-02"/>
  </code>
  <code code="GCAT">
    <editdetail attribution="Reuters BIP Coding Group" action="confirmed" date="1997-07-02"/>
  </code>
  <code code="GPOL">
    <editdetail attribution="Reuters BIP Coding Group" action="confirmed" date="1997-07-02"/>
  </code>
</codes>
<dc element="dc.date.created" value="1997-07-02"/>
<dc element="dc.publisher" value="Reuters Holdings Plc"/>
<dc element="dc.date.published" value="1997-07-02"/>
<dc element="dc.source" value="Reuters"/>
<dc element="dc.creator.location" value="LONDON"/>
<dc element="dc.creator.location.country.name" value="UK"/>
<dc element="dc.source" value="Reuters"/>
</metadata>
</newsitem>
