<?xml version="1.0" encoding="iso-8859-1" ?>
<newsitem itemid="701409" id="root" date="1997-07-02" xml:lang="en">
<title>KENYA: Foreigners maintain upbeat tone at Nairobi bourse.</title>
<headline>Foreigners maintain upbeat tone at Nairobi bourse.</headline>
<dateline>NAIROBI 1997-07-02</dateline>
<text>
<p>A wave of heavy buying by foreigners on the special boards at the Nairobi Stock Exchange dominated activity on Wednesday , tripling turnover, brokers said.</p>
<p>They said that foreigners bought 271,500 shares of Kenya Commercial Bank at a reserve price of 127 from 112 and 180,000 shares of Kenya Airways at 9.50 from 8.15 on the three-day special offer board.</p>
<p>The index shed 9.68 points to close at 3534.42. Turnover was posted at 67.3 million shillings traded on 1,122,635 shares from 21.061 million shillings on 396,628 shares on Tuesday.</p>
<p>&quot;The market is very upbeat. Foreigners are buying aggressively,&quot; a senior broker said.</p>
<p>At 127, Kenya Commercial Bank  is giving traditional banking blue-chip Barclays Bank stiff competition, threatening to displace it as the undisputed NSE leading financial stock.</p>
<p>Brokers said there was still room for KCB to make further gains because foreign investors had not fully exhausted their 40 percent ownership ceiling on local companies listed in the stock exchange. The foreign ownership allowed in Barclays is fully subscribed.</p>
<p>On the one-hour hold board, Kenya Power &amp; Lighting traded at a reserve price of 175 unchanged, while National Industrial Credit traded at 67.50 from 61.</p>
<p>Rea Vipingo Plantations closed at 10.05 from 9.60 while Sasini Tea &amp; Coffee closed at 86 from 85.</p>
<p>Uchumi Supermarket edged to 39.25 from 38.75 while Nation Printers &amp; Publishers was unchanged at 116.</p>
<p>Total Kenya edged to 65 from 64.50 while Kenya Breweries was unchanged at 57.50.</p>
<p>The Central Bank of Kenya floating-rate treasury bond traded 300,000 shillings at a rate of 100.3100 percent from 100.3149.</p>
<p>--Wambui Chege, Nairobi Newsroom ++254-2 330-261.</p>
</text>
<copyright>(c) Reuters Limited 1997</copyright>
<metadata>
<codes class="bip:countries:1.0">
  <code code="KENYA">
    <editdetail attribution="Reuters BIP Coding Group" action="confirmed" date="1997-07-02"/>
  </code>
</codes>
<codes class="bip:topics:1.0">
  <code code="M11">
    <editdetail attribution="Reuters BIP Coding Group" action="confirmed" date="1997-07-02"/>
  </code>
  <code code="MCAT">
    <editdetail attribution="Reuters BIP Coding Group" action="confirmed" date="1997-07-02"/>
  </code>
</codes>
<dc element="dc.date.created" value="1997-07-02"/>
<dc element="dc.publisher" value="Reuters Holdings Plc"/>
<dc element="dc.date.published" value="1997-07-02"/>
<dc element="dc.source" value="Reuters"/>
<dc element="dc.creator.location" value="NAIROBI"/>
<dc element="dc.creator.location.country.name" value="KENYA"/>
<dc element="dc.source" value="Reuters"/>
</metadata>
</newsitem>
