<?xml version="1.0" encoding="iso-8859-1" ?>
<newsitem itemid="480736" id="root" date="1997-04-02" xml:lang="en">
<title>croatia: SOCCER-GLIHA HAT-TRICK EARNS DRAW FOR SLOVENIA.</title>
<headline>SOCCER-GLIHA HAT-TRICK EARNS DRAW FOR SLOVENIA.</headline>
<dateline>SPLIT, Croatia 1997-04-02</dateline>
<text>
<p>Primoz Gliha scored a hat-trick in only 21 minutes to give Slovenia a 3-3 draw with Croatia in a World Cup group one qualifier on Wednesday after the home side led 3-1 with 30 minutes to play.</p>
<p>Two goals from Zvonimir Boban after 43 and 60 minutes and one from Robert Prosinecki in the 33rd minute put Croatia in the driving seat, but Gliha's secured Slovenia's first point in four matches with his goals in the 45th, 65th and 67th minutes.</p>
<p>Slovenia also had a great chance to win the match in injury time when they broke for goal with the Croatian defence in tatters, but wasted the opportunity.</p>
<p>The result means that Croatia have now drawn their last three matches at home and remain third in the group behind Greece and Denmark.</p>
<p>Croatia were without five first choice regulars but looked to have done enough to win with two superbly taken goals by captain Boban as well as Prosinecki's opener.</p>
<p>But Gliha punished some poor defending by lobbing goalkeeper Tonci Gabric for the opener from long distance for the first and then grabbing two more from close range in two minutes midway through the second half.</p>
<p>&quot;It was a match that happens once in a player's career,&quot; said Gliha, a former Zagreb player.</p>
<p>Croatian coach Miroslav Blazevic only said gloomily: &quot;I can't believe this has happened.&quot;</p>
<p>Blazevic was forced to field a much changed side because of injuries and the suspension of leading scorer Davor Suker.</p>
<p>Despite that, Croatia looked in command for much of the match but were let down by defensive and goalkeeping errors.</p>
<p>&quot;Croatia were handed two clumsy goals that significantly diminished our chances of qualifying for France,&quot; Blazevic's assistant Branko Ivankovic said. &quot;But not everything is lost. We will play against Greece with a much stronger team. We have to win.&quot;</p>
</text>
<copyright>(c) Reuters Limited 1997</copyright>
<metadata>
<codes class="bip:countries:1.0">
  <code code="CRTIA">
    <editdetail attribution="Reuters BIP Coding Group" action="confirmed" date="1997-04-02"/>
  </code>
  <code code="SLVNIA">
    <editdetail attribution="Reuters BIP Coding Group" action="confirmed" date="1997-04-02"/>
  </code>
</codes>
<codes class="bip:topics:1.0">
  <code code="GCAT">
    <editdetail attribution="Reuters BIP Coding Group" action="confirmed" date="1997-04-02"/>
  </code>
  <code code="GSPO">
    <editdetail attribution="Reuters BIP Coding Group" action="confirmed" date="1997-04-02"/>
  </code>
</codes>
<dc element="dc.date.created" value="1997-04-02"/>
<dc element="dc.publisher" value="Reuters Holdings Plc"/>
<dc element="dc.date.published" value="1997-04-02"/>
<dc element="dc.source" value="Reuters"/>
<dc element="dc.creator.location" value="SPLIT, Croatia"/>
<dc element="dc.creator.location.country.name" value="CROATIA"/>
<dc element="dc.source" value="Reuters"/>
</metadata>
</newsitem>
