<?xml version="1.0" encoding="iso-8859-1" ?>
<newsitem itemid="480782" id="root" date="1997-04-02" xml:lang="en">
<title>UK: RUGBY UNION-BRITISH LIONS TOUR SQUAD NAMED.</title>
<headline>RUGBY UNION-BRITISH LIONS TOUR SQUAD NAMED.</headline>
<dateline>LONDON 1997-04-02</dateline>
<text>
<p>The 35-man British Lions squad to tour South Africa was announced on Wednesday:</p>
<p>Full-backs: Tim Stimpson (England), Neil Jenkins (Wales)</p>
<p>Wings: Ieuan Evans (Wales), Tony Underwood (England), John Bentley (England), Nick Beal (England)</p>
<p>Centres: Scott Gibbs (Wales), Allan Bateman (Wales), Jeremy Guscott (England), Will Greenwood (England)</p>
<p>Utility back: Alan Tait (Scotland)</p>
<p>Fly-halves: Gregor Townsend (Scotland), Paul Grayson (England)</p>
<p>Scrum-halves: Rob Howley (Wales), Austin Healey (England), Matt Dawson (England)</p>
<p>Number eight: Scott Quinnell (Wales), Eric Miller (Ireland), Tim Rodber (England)</p>
<p>Flankers: Richard Hill (England), Neil Back (England), Lawrence Dallaglio (England), Rob Wainwright (Scotland)</p>
<p>Locks: Martin Johnson (England, captain), Simon Shaw (England), Jeremy Davidson (Ireland), Doddie Weir (Scotland)</p>
<p>Props:  Peter Clohessy (Ireland), Jason Leonard (England), Graham Rowntree (England), Tom Smith (Scotland), David Young (Wales)</p>
<p>Hookers: Keith Wood (Ireland), Mark Regan (England), Barry Williams (Wales)</p>
<p>- - - -</p>
<p>Team Manager: Fran Cotton. Head Coach: Ian McGeechan. Assitant Coach: Jim Telfer. Technical coaching assistant: Andy Keast.</p>
</text>
<copyright>(c) Reuters Limited 1997</copyright>
<metadata>
<codes class="bip:countries:1.0">
  <code code="IRE">
    <editdetail attribution="Reuters BIP Coding Group" action="confirmed" date="1997-04-02"/>
  </code>
  <code code="SAFR">
    <editdetail attribution="Reuters BIP Coding Group" action="confirmed" date="1997-04-02"/>
  </code>
  <code code="UK">
    <editdetail attribution="Reuters BIP Coding Group" action="confirmed" date="1997-04-02"/>
  </code>
</codes>
<codes class="bip:topics:1.0">
  <code code="GCAT">
    <editdetail attribution="Reuters BIP Coding Group" action="confirmed" date="1997-04-02"/>
  </code>
  <code code="GSPO">
    <editdetail attribution="Reuters BIP Coding Group" action="confirmed" date="1997-04-02"/>
  </code>
</codes>
<dc element="dc.date.created" value="1997-04-02"/>
<dc element="dc.publisher" value="Reuters Holdings Plc"/>
<dc element="dc.date.published" value="1997-04-02"/>
<dc element="dc.source" value="Reuters"/>
<dc element="dc.creator.location" value="LONDON"/>
<dc element="dc.creator.location.country.name" value="UK"/>
<dc element="dc.source" value="Reuters"/>
</metadata>
</newsitem>
