<?xml version="1.0" encoding="iso-8859-1" ?>
<newsitem itemid="480769" id="root" date="1997-04-02" xml:lang="en">
<title>UK: SOCCER-DOUBLE STRIKE FROM GALLACHER GIVES SCOTLAND 2-0 VICTORY.</title>
<headline>SOCCER-DOUBLE STRIKE FROM GALLACHER GIVES SCOTLAND 2-0 VICTORY.</headline>
<dateline>GLASGOW 1997-04-02</dateline>
<text>
<p>Blackburn's Kevin Gallacher scored twice as Scotland beat Austria 2-0 on Wednesday to open up a commanding seven point lead in European World Cup qualifying group four.</p>
<p>Gallagher scored his first international goal for three and a half years to put the Scots ahead after 24 minutes at a blustery Celtic Park.</p>
<p>He then swept home a spectacular volley from the edge of the area late in the second half before leaving the pitch before the final whistle to a standing ovation from the 43,295-strong crowd.</p>
<p>Scotland have yet to concede a goal in their six World Cup matches to date. They lead the group on 14 points from Austria, who have seven points from two fewer matches.</p>
</text>
<copyright>(c) Reuters Limited 1997</copyright>
<metadata>
<codes class="bip:countries:1.0">
  <code code="AUST">
    <editdetail attribution="Reuters BIP Coding Group" action="confirmed" date="1997-04-02"/>
  </code>
  <code code="UK">
    <editdetail attribution="Reuters BIP Coding Group" action="confirmed" date="1997-04-02"/>
  </code>
</codes>
<codes class="bip:topics:1.0">
  <code code="GCAT">
    <editdetail attribution="Reuters BIP Coding Group" action="confirmed" date="1997-04-02"/>
  </code>
  <code code="GSPO">
    <editdetail attribution="Reuters BIP Coding Group" action="confirmed" date="1997-04-02"/>
  </code>
</codes>
<dc element="dc.date.created" value="1997-04-02"/>
<dc element="dc.publisher" value="Reuters Holdings Plc"/>
<dc element="dc.date.published" value="1997-04-02"/>
<dc element="dc.source" value="Reuters"/>
<dc element="dc.creator.location" value="GLASGOW"/>
<dc element="dc.creator.location.country.name" value="UK"/>
<dc element="dc.source" value="Reuters"/>
</metadata>
</newsitem>
