<?xml version="1.0" encoding="iso-8859-1" ?>
<newsitem itemid="480743" id="root" date="1997-04-02" xml:lang="en">
<title>CROATIA: SOCCER-CROATIA 3 SLOVENIA 3 WORLD CUP QUALIFIER - RESULT.</title>
<headline>SOCCER-CROATIA 3 SLOVENIA 3 WORLD CUP QUALIFIER - RESULT.</headline>
<dateline>SPLIT, Croatia 1997-04-02</dateline>
<text>
<p>Croatia and Slovenia drew 3-3 (halftime 2-1) in their World Cup European group one qualifier on Wednesday.</p>
<p>Scorers:</p>
<p>Croatia - Robert Prosinecki 33, Zvonimir Boban 43, 60</p>
<p>Slovenia - Primoz Gliha 45, 65, 67</p>
<p>Teams:</p>
<p>Croatia - 22-Tonci Gabric (12-Marijan Mrmic, 46), 20-Dario Simic, 5-Nikola Jerkan, 6-Slaven Bilic, 7-Aljosa Asanovic, 8-Robert Prosinecki, 9-Goran Vlaovic (16-Nenad Pralija, 68), 10-Zvonimir Boban, 11-Alen Boksic, 25-Goran Juric, 21-Igor Cvitanovic</p>
<p>Slovenia - 1-Bosko Boskovic; 2-Robert Englaro, 4-Miran Srebrnic, 3-Ales Krizan, 5-Mladen Rudonja, 7-Dzoni Novak, 6-Ales Ceh (17-Simon Sesler, 68), 9-Zlatko Zahovic, 8-Damjan Gajser (16-Amir Karic, 46), 11-Saso Udovic (18-Ermin Siljak, 46), 10-Primoz Gliha</p>
<p>    Standings	Pl   W   D   L   F   A  Pts</p>
<p> Greece		 5   3   1   1   8   3  10</p>
<p> Denmark		3   2   1   0   5   2   7</p>
<p> Croatia		4   1   3   0   9   6   6</p>
<p> Bosnia		 4   1   0   3   3   9   3</p>
<p> Slovenia	     4   0   1   3   4   9   1</p>
<p>Next matches: April 30 Denmark v Slovenia, Greece v Croatia</p>
</text>
<copyright>(c) Reuters Limited 1997</copyright>
<metadata>
<codes class="bip:countries:1.0">
  <code code="CRTIA">
    <editdetail attribution="Reuters BIP Coding Group" action="confirmed" date="1997-04-02"/>
  </code>
  <code code="SLVNIA">
    <editdetail attribution="Reuters BIP Coding Group" action="confirmed" date="1997-04-02"/>
  </code>
</codes>
<codes class="bip:topics:1.0">
  <code code="GCAT">
    <editdetail attribution="Reuters BIP Coding Group" action="confirmed" date="1997-04-02"/>
  </code>
  <code code="GSPO">
    <editdetail attribution="Reuters BIP Coding Group" action="confirmed" date="1997-04-02"/>
  </code>
</codes>
<dc element="dc.date.created" value="1997-04-02"/>
<dc element="dc.publisher" value="Reuters Holdings Plc"/>
<dc element="dc.date.published" value="1997-04-02"/>
<dc element="dc.source" value="Reuters"/>
<dc element="dc.creator.location" value="SPLIT, Croatia"/>
<dc element="dc.creator.location.country.name" value="CROATIA"/>
<dc element="dc.source" value="Reuters"/>
</metadata>
</newsitem>
