<?xml version="1.0" encoding="iso-8859-1" ?>
<newsitem itemid="480823" id="root" date="1997-04-02" xml:lang="en">
<title>BARBADOS: CRICKET-WALSH SET TO RETURN FOR FOURTH TEST.</title>
<headline>CRICKET-WALSH SET TO RETURN FOR FOURTH TEST.</headline>
<dateline>BRIDGETOWN, Barbados 1997-04-01</dateline>
<text>
<p>West Indies captain Courtney Walsh is expected to return after injury for the fourth test against India starting in St John's, Antigua, on Friday.</p>
<p>Fast bowler Walsh is in an unchanged squad of 13, having been ruled out by a hamstring injury from the third test which ended here at Kensington Oval on Monday.</p>
<p>Brian Lara took over the captaincy and led West Indies to a 38-run victory which gave them a 1-0 lead in the five-test series.</p>
<p>West Indies 13: Courtney Walsh (captain), Sherwin Campbell, Stuart Williams, Shivnarine Chanderpaul, Brian Lara, Carl Hooper, Roland Holder, Courtney Browne, Ian Bishop, Curtly Ambrose, Franklyn Rose, Mervyn Dillon, Rawl Lewis.</p>
</text>
<copyright>(c) Reuters Limited 1997</copyright>
<metadata>
<codes class="bip:countries:1.0">
  <code code="ANTA">
    <editdetail attribution="Reuters BIP Coding Group" action="confirmed" date="1997-04-02"/>
  </code>
  <code code="BARB">
    <editdetail attribution="Reuters BIP Coding Group" action="confirmed" date="1997-04-02"/>
  </code>
  <code code="INDIA">
    <editdetail attribution="Reuters BIP Coding Group" action="confirmed" date="1997-04-02"/>
  </code>
  <code code="WEIND">
    <editdetail attribution="Reuters BIP Coding Group" action="confirmed" date="1997-04-02"/>
  </code>
</codes>
<codes class="bip:topics:1.0">
  <code code="GCAT">
    <editdetail attribution="Reuters BIP Coding Group" action="confirmed" date="1997-04-02"/>
  </code>
  <code code="GSPO">
    <editdetail attribution="Reuters BIP Coding Group" action="confirmed" date="1997-04-02"/>
  </code>
</codes>
<dc element="dc.date.created" value="1997-04-01"/>
<dc element="dc.publisher" value="Reuters Holdings Plc"/>
<dc element="dc.date.published" value="1997-04-02"/>
<dc element="dc.source" value="Reuters"/>
<dc element="dc.creator.location" value="BRIDGETOWN, Barbados"/>
<dc element="dc.creator.location.country.name" value="BARBADOS"/>
<dc element="dc.source" value="Reuters"/>
</metadata>
</newsitem>
