<?xml version="1.0" encoding="iso-8859-1" ?>
<newsitem itemid="480829" id="root" date="1997-04-02" xml:lang="en">
<title>USA: NHL ice hockey-LIGHTNING CENTER CULLEN DIAGNOSED WITH CANCER.</title>
<headline>NHL ice hockey-LIGHTNING CENTER CULLEN DIAGNOSED WITH CANCER.</headline>
<dateline>TAMPA, Florida 1997-04-02</dateline>
<text>
<p>Tampa Bay Lightning centre John Cullen has been diagnosed with Lymphoma, cancer of the lymph nodes, the club said on Wednesday.</p>
<p>Cullen has missed the last two games after complaining of severe flu-like symptoms and chest pains after a home game against the Hartford Whalers on March 27.</p>
<p>A CAT scan later revealed a large lump in Cullen's chest, but it has not been determined if the tumour is malignant or benign and Cullen is undergoing continual testing, the team said.</p>
<p>The team also said doctors believe the condition has not spread into Cullen's abdomen. Further testing will be conducted next week at the Mayo Clinic in Rochester, Minnesota.</p>
<p>Cullen, 32, had his best season in 1990-91, when he played for the Pittsburgh Penguins and Hartford Whalers. He set career highs with 39 goals, 71 assists and 110 points.</p>
<p>After 65 games with the Penguins that season, he was traded with Jeff Parker and Zarley Zalapski to the Whalers for Ron Francis, Ulf Samuellson and Grant Jennings in the deal widely regarded as the one that helped Pittsburgh to its consecutive Stanley Cup championships.</p>
<p>This season, Cullen has 18 goals and 37 assists for 55 points, the second-best total on the team to Chris Gratton's 57 points.</p>
<p>In 617 career games, Cullen has 187 goals, 363 assists and 550 points.</p>
</text>
<copyright>(c) Reuters Limited 1997</copyright>
<metadata>
<codes class="bip:countries:1.0">
  <code code="USA">
    <editdetail attribution="Reuters BIP Coding Group" action="confirmed" date="1997-04-02"/>
  </code>
</codes>
<codes class="bip:topics:1.0">
  <code code="GCAT">
    <editdetail attribution="Reuters BIP Coding Group" action="confirmed" date="1997-04-02"/>
  </code>
  <code code="GSPO">
    <editdetail attribution="Reuters BIP Coding Group" action="confirmed" date="1997-04-02"/>
  </code>
</codes>
<dc element="dc.date.created" value="1997-04-02"/>
<dc element="dc.publisher" value="Reuters Holdings Plc"/>
<dc element="dc.date.published" value="1997-04-02"/>
<dc element="dc.source" value="Reuters"/>
<dc element="dc.creator.location" value="TAMPA, Florida"/>
<dc element="dc.creator.location.country.name" value="USA"/>
<dc element="dc.source" value="Reuters"/>
</metadata>
</newsitem>
