<?xml version="1.0" encoding="iso-8859-1" ?>
<newsitem itemid="480838" id="root" date="1997-04-02" xml:lang="en">
<title>USA: BASEBALL-MAJOR LEAGUE STANDINGS AFTER TUESDAY'S GAMES.</title>
<headline>BASEBALL-MAJOR LEAGUE STANDINGS AFTER TUESDAY'S GAMES.</headline>
<dateline>NEW YORK 1997-04-01</dateline>
<text>
<p>Standings of Major League</p>
<p>Baseball teams after games played on Tuesday, opening day of</p>
<p>the 1997 season (tabulate under wins, losses, winning</p>
<p>percentage and games behind first place):</p>
<p>		AMERICAN LEAGUE</p>
<p>		 EAST DIVISION</p>
<p>			 W    L   PCT  GB</p>
<p> BALTIMORE	   0    0  .000   -</p>
<p> BOSTON		0    0  .000   -</p>
<p> DETROIT	     0    1  .000     1/2</p>
<p> NY YANKEES	  0    1  .000     1/2</p>
<p> TORONTO	     0    1  .000     1/2</p>
<p>		  CENTRAL DIVISION</p>
<p>			 W    L   PCT  GB</p>
<p> CHICAGO	     1    0 1.000   -</p>
<p> MINNESOTA	   1    0 1.000   -</p>
<p> CLEVELAND	   0    0  .000     1/2</p>
<p> KANSAS CITY	 0    0  .000     1/2</p>
<p> MILWAUKEE	   0    1  .000   1</p>
<p>		  WEST DIVISION</p>
<p>			 W    L   PCT  GB</p>
<p> SEATTLE	     1    0 1.000   -</p>
<p> TEXAS		 1    0 1.000   -</p>
<p> ANAHEIM	     0    0  .000     1/2</p>
<p> OAKLAND	     0    0  .000     1/2</p>
<p>WEDNESDAY, APRIL 2 SCHEDULE</p>
<p>KANSAS CITY AT BALTIMORE</p>
<p>CHICAGO AT TORONTO</p>
<p>DETROIT AT MINNESOTA</p>
<p>BOSTON AT ANAHEIM</p>
<p>CLEVELAND AT OAKLAND</p>
<p>NY YANKEES AT SEATTLE</p>
<p>		 NATIONAL LEAGUE</p>
<p>		  EAST DIVISION</p>
<p>			 W    L   PCT  GB</p>
<p> FLORIDA	     1    0 1.000   -</p>
<p> MONTREAL	    1    0 1.000   -</p>
<p> PHILADELPHIA	1    0 1.000   -</p>
<p> ATLANTA	     0    1  .000   1</p>
<p> NY METS	     0    1  .000   1</p>
<p>		  CENTRAL DIVISION</p>
<p>			 W    L   PCT  GB</p>
<p> CINCINNATI	  1    0 1.000   -</p>
<p> HOUSTON	     1    0 1.000   -</p>
<p> PITTSBURGH	  1    0 1.000   -</p>
<p> CHICAGO CUBS	0    1  .000   1</p>
<p> ST LOUIS	    0    1  .000   1</p>
<p>		    WEST DIVISION</p>
<p>			 W    L   PCT  GB</p>
<p> SAN DIEGO	   1    0 1.000   -</p>
<p> COLORADO	    0    1  .000   1</p>
<p> LOS ANGELES	 0    1  .000   1</p>
<p> SAN FRANCISCO     0    1  .000   1</p>
<p>WEDNESDAY, APRIL 2 SCHEDULE</p>
<p>COLORADO AT CINCINNATI</p>
<p>CHICAGO AT FLORIDA</p>
<p>ST LOUIS AT MONTREAL</p>
<p>ATLANTA AT HOUSTON</p>
<p>PHILADELPHIA AT LOS ANGELES</p>
<p>NY METS AT SAN DIEGO</p>
</text>
<copyright>(c) Reuters Limited 1997</copyright>
<metadata>
<codes class="bip:countries:1.0">
  <code code="USA">
    <editdetail attribution="Reuters BIP Coding Group" action="confirmed" date="1997-04-02"/>
  </code>
</codes>
<codes class="bip:topics:1.0">
  <code code="GCAT">
    <editdetail attribution="Reuters BIP Coding Group" action="confirmed" date="1997-04-02"/>
  </code>
  <code code="GSPO">
    <editdetail attribution="Reuters BIP Coding Group" action="confirmed" date="1997-04-02"/>
  </code>
</codes>
<dc element="dc.date.created" value="1997-04-01"/>
<dc element="dc.publisher" value="Reuters Holdings Plc"/>
<dc element="dc.date.published" value="1997-04-02"/>
<dc element="dc.source" value="Reuters"/>
<dc element="dc.creator.location" value="NEW YORK"/>
<dc element="dc.creator.location.country.name" value="USA"/>
<dc element="dc.source" value="Reuters"/>
</metadata>
</newsitem>
