<?xml version="1.0" encoding="iso-8859-1" ?>
<newsitem itemid="480895" id="root" date="1997-04-02" xml:lang="en">
<title>HUNGARY: YEN FIRMS, DLR, MARK STATIC ON HUNGARY FX FUTURES.</title>
<headline>YEN FIRMS, DLR, MARK STATIC ON HUNGARY FX FUTURES.</headline>
<dateline>BUDAPEST 1997-04-02</dateline>
<text>
<p>Dollar and mark futures were little changed on the Budapest Commodity Exchange (BCE) on Wednesday, while the Budapest Stock Exchange's (BSE) currency futures prices once again remained steady without any deals.</p>
<p>&quot;There were no major changes in the dollar and mark with the cross steady in early trade on the spot market and rising to 1.67 from 1.6680 in the afternoon,&quot; said Janos Szolyka of Swap. &quot;It if continues to strengthen those who were selling mark today will prove to be right.&quot;</p>
<p>Dollar futures edged up 50 fillers to 181.70 for June and fell a marginal 20 fillers to 187.10 for September.</p>
<p>Mark futures fell 20 fillers to 113.30 for September and by 60 fillers to 116.50 for December, in heavy trade of 8,670 and 3,000 contracts, respectively.</p>
<p>However, the yen remained the most active, rising for all the three traded maturities, by between one and 1.31 forints. September yen closed at 157.21, up 1.31 per 100 yen, while the December, which was the most active, firmed 1.15 forints to 163.50.</p>
<p>Yen contracts accounted for 28,720 contracts of the total 46,630 contracts, which represented daily turnover of 7.11 billion forints.</p>
<p>&quot;The yen began to rise so rapidly that only the very brave took up selling positions,&quot; said Szolyka.</p>
<p>-- Emese Bartha, Budapest newsroom +36 1 327-4040</p>
</text>
<copyright>(c) Reuters Limited 1997</copyright>
<metadata>
<codes class="bip:countries:1.0">
  <code code="HUNG">
    <editdetail attribution="Reuters BIP Coding Group" action="confirmed" date="1997-04-02"/>
  </code>
</codes>
<codes class="bip:topics:1.0">
  <code code="M13">
    <editdetail attribution="Reuters BIP Coding Group" action="confirmed" date="1997-04-02"/>
  </code>
  <code code="M132">
    <editdetail attribution="Reuters BIP Coding Group" action="confirmed" date="1997-04-02"/>
  </code>
  <code code="MCAT">
    <editdetail attribution="Reuters BIP Coding Group" action="confirmed" date="1997-04-02"/>
  </code>
</codes>
<dc element="dc.date.created" value="1997-04-02"/>
<dc element="dc.publisher" value="Reuters Holdings Plc"/>
<dc element="dc.date.published" value="1997-04-02"/>
<dc element="dc.source" value="Reuters"/>
<dc element="dc.creator.location" value="BUDAPEST"/>
<dc element="dc.creator.location.country.name" value="HUNGARY"/>
<dc element="dc.source" value="Reuters"/>
</metadata>
</newsitem>
