<?xml version="1.0" encoding="iso-8859-1" ?>
<newsitem itemid="480800" id="root" date="1997-04-02" xml:lang="en">
<title>CZECH REPUBLIC: SOCCER-CZECH REP 1 YUGOSLAVIA 2 WORLD CUP QUALIFIER - RESULT.</title>
<headline>SOCCER-CZECH REP 1 YUGOSLAVIA 2 WORLD CUP QUALIFIER - RESULT.</headline>
<dateline>PRAGUE 1997-04-02</dateline>
<text>
<p>Yugoslavia beat the Czech Republic 2-1 (halftime 1-0) in their World Cup European group six qualifier on Wednesday.</p>
<p>Scorers:</p>
<p>Czech Republic - Radek Bejbl 75</p>
<p>Yugoslavia - Predrag Mijatovic 28, Savo Milosevic 90</p>
<p>Attendance: 19,137</p>
<p>Teams:</p>
<p>Czech Republic - 1-Ludek Miklosko; 2-Radoslav Latal (14-Patrik Berger 46), 3-Tomas Repka, 4-Petr Nedved (17-Martin Frydek 83), 5-Miroslav Kadlec, 6-Michal Hornak, 7-Martin Cizek, 8-Karel Poborsky, 9-Pavel Kuka, 10-Vladimir Smicer (15-Horst Siegl 67), 11-Radek Bejbl.</p>
<p>Yugoslavia - 1-Ivica Kralj; 2-Zoran Mirkovic, 3-Dejan Govedarica, 4-Slavisa Jokanovic, 5-Miroslav Djukic, 6-Sinisa Mihajlovic (14-Branko Brnovic 14), 7-Vladimir Jugovic, 8-Dejan Savicevic (17-Savo Milosevic 82), 9-Predrag Mijatovic, 10-Dragan Stojkovic (15-Ljubinko Drulovic 86), 11-Albert Nadj.</p>
<p>    Standings    Pl  W   D   L    F   A  Pts</p>
<p> Spain	     6   5   1   0   19   3   16</p>
<p> Yugoslavia	6   5   0   1   20   5   15</p>
<p> Slovakia	  5   4   0   1   14   5   12</p>
<p> Czech Republic  4   1   1   2    7   3    4</p>
<p> Faroe Islands   5   0   0   5    5  22    0</p>
<p> Malta	     6   0   0   6    0  27    0</p>
<p>Next matches: April 30 Yugoslavia v Spain, Malta v Faroe Islands</p>
</text>
<copyright>(c) Reuters Limited 1997</copyright>
<metadata>
<codes class="bip:countries:1.0">
  <code code="CZREP">
    <editdetail attribution="Reuters BIP Coding Group" action="confirmed" date="1997-04-02"/>
  </code>
  <code code="YUG">
    <editdetail attribution="Reuters BIP Coding Group" action="confirmed" date="1997-04-02"/>
  </code>
</codes>
<codes class="bip:topics:1.0">
  <code code="GCAT">
    <editdetail attribution="Reuters BIP Coding Group" action="confirmed" date="1997-04-02"/>
  </code>
  <code code="GSPO">
    <editdetail attribution="Reuters BIP Coding Group" action="confirmed" date="1997-04-02"/>
  </code>
</codes>
<dc element="dc.date.created" value="1997-04-02"/>
<dc element="dc.publisher" value="Reuters Holdings Plc"/>
<dc element="dc.date.published" value="1997-04-02"/>
<dc element="dc.source" value="Reuters"/>
<dc element="dc.creator.location" value="PRAGUE"/>
<dc element="dc.creator.location.country.name" value="CZECH REPUBLIC"/>
<dc element="dc.source" value="Reuters"/>
</metadata>
</newsitem>
