<?xml version="1.0" encoding="iso-8859-1" ?>
<newsitem itemid="480807" id="root" date="1997-04-02" xml:lang="en">
<title>RUSSIA: SOCCER-RUSSIAN PREMIER LEAGUE STANDINGS.</title>
<headline>SOCCER-RUSSIAN PREMIER LEAGUE STANDINGS.</headline>
<dateline>MOSCOW 1997-04-02</dateline>
<text>
<p>Russian premier league standings</p>
<p>following matches played on Wednesday:</p>
<p>(tabulate under games played, won, drawn, lost, goals for,</p>
<p>goals against, points)</p>
<p> Spartak Moscow		  3    3   0   0    7    0    9</p>
<p> Krylya Sovietov Samara	3    3   0   0    3    0    9</p>
<p> Rotor Volgograd		 3    2   1   0    7    1    7</p>
<p> Zenit St Petersburg	   3    2   1   0    3    0    7</p>
<p> Rostselmash Rostov	    3    2   1   0    4    2    7</p>
<p> Baltika Kaliningrad	   3    2   1   0    4    1    7</p>
<p> Lokomotiv Moscow		3    1   2   0    6    4    5</p>
<p> Torpedo LM Moscow	     3    1   1   1    4    5    4</p>
<p> Dynamo Moscow		   3    1   1   1    2    1    4</p>
<p> Zhemchuzhina Sochi	    3    1   1   1    3    3    4</p>
<p> CSKA Moscow		     3    1   0   2    2    4    3</p>
<p> Alania Vladikavkaz	    3    1   0   2    6    4    3</p>
<p> Shinnik Yaroslavl	     3    1   0   2    2    6    3</p>
<p> Chernomorets Novorossiisk   3    0   2   1    3    4    2</p>
<p> Tyumen			    3    0   1   2    2    5    1</p>
<p> Lokomotiv Nizhny Novgorod   3    0   0   3    0    3    0</p>
<p> Fakel Voronezh		  3    0   0   3    0    4    0</p>
<p> KamAZ Naberezhniye Chelny   3    0   0   3    0   11    0</p>
</text>
<copyright>(c) Reuters Limited 1997</copyright>
<metadata>
<codes class="bip:countries:1.0">
  <code code="RUSS">
    <editdetail attribution="Reuters BIP Coding Group" action="confirmed" date="1997-04-02"/>
  </code>
</codes>
<codes class="bip:topics:1.0">
  <code code="GCAT">
    <editdetail attribution="Reuters BIP Coding Group" action="confirmed" date="1997-04-02"/>
  </code>
  <code code="GSPO">
    <editdetail attribution="Reuters BIP Coding Group" action="confirmed" date="1997-04-02"/>
  </code>
</codes>
<dc element="dc.date.created" value="1997-04-02"/>
<dc element="dc.publisher" value="Reuters Holdings Plc"/>
<dc element="dc.date.published" value="1997-04-02"/>
<dc element="dc.source" value="Reuters"/>
<dc element="dc.creator.location" value="MOSCOW"/>
<dc element="dc.creator.location.country.name" value="RUSSIA"/>
<dc element="dc.source" value="Reuters"/>
</metadata>
</newsitem>
