<?xml version="1.0" encoding="iso-8859-1" ?>
<newsitem itemid="480819" id="root" date="1997-04-02" xml:lang="en">
<title>BULGARIA: SOCCER-BULGARIA V CYPRUS WORLD CUP QUALIFIER TEAMS.</title>
<headline>SOCCER-BULGARIA V CYPRUS WORLD CUP QUALIFIER TEAMS.</headline>
<dateline>SOFIA 1997-04-02</dateline>
<text>
<p>Teams for Wednesday's World Cup European group five qualifier between Bulgaria and Cyprus:</p>
<p>Bulgaria - 1-Zdravko Zdravkov; 2-Radostin Kishishev, 3-Trifon Ivanov, 4-Gosho Ginchev, 5-Ivailo Yordanov, 6-Zlatko Yankov, 7-Emil Kostadinov, 8-Daniel Borimirov, 9-Georgi Donkov, 10-Krasimir Balakov, 11-Ilian Iliev</p>
<p>Cyprus - 1-Andreas Petrides; 2-Georgios Theodotou, 3- Charalambos Pittas, 4-Sozos Yiannaki, 5-Angelos Misos, 6- Neophytos Larcou, 7-Nicodemos Papavassiliou, 8-Panayiotis Engomitis, 9-Klimis Alexandrou, 10-Marios Charalambous, 11-Nikolaos Timotheou</p>
</text>
<copyright>(c) Reuters Limited 1997</copyright>
<metadata>
<codes class="bip:countries:1.0">
  <code code="BUL">
    <editdetail attribution="Reuters BIP Coding Group" action="confirmed" date="1997-04-02"/>
  </code>
  <code code="CYPR">
    <editdetail attribution="Reuters BIP Coding Group" action="confirmed" date="1997-04-02"/>
  </code>
</codes>
<codes class="bip:topics:1.0">
  <code code="GCAT">
    <editdetail attribution="Reuters BIP Coding Group" action="confirmed" date="1997-04-02"/>
  </code>
  <code code="GSPO">
    <editdetail attribution="Reuters BIP Coding Group" action="confirmed" date="1997-04-02"/>
  </code>
</codes>
<dc element="dc.date.created" value="1997-04-02"/>
<dc element="dc.publisher" value="Reuters Holdings Plc"/>
<dc element="dc.date.published" value="1997-04-02"/>
<dc element="dc.source" value="Reuters"/>
<dc element="dc.creator.location" value="SOFIA"/>
<dc element="dc.creator.location.country.name" value="BULGARIA"/>
<dc element="dc.source" value="Reuters"/>
</metadata>
</newsitem>
