<?xml version="1.0" encoding="iso-8859-1" ?>
<newsitem itemid="480830" id="root" date="1997-04-02" xml:lang="en">
<title>USA: NBA basketball-BULLS SIGN BRIAN WILLIAMS FOR STRETCH DRIVE.</title>
<headline>NBA basketball-BULLS SIGN BRIAN WILLIAMS FOR STRETCH DRIVE.</headline>
<dateline>CHICAGO 1997-04-02</dateline>
<text>
<p>The Chicago Bulls, needing some front-line help with injuries to Dennis Rodman and Bill Wennington, signed free agent center/forward Brian Williams, the NBA champions announced on Wednesday.</p>
<p>Williams, a sturdy 6-foot-11 (2.11 m) force under the boards and the 10th overall pick in the 1991 draft by Orlando, had knee surgery in the offseason and has not played since.</p>
<p>The Bulls, who have a league-best 63-9 record, have been hampered recently by injuries to Rodman and Wennington. Wennington may be lost for the season with a foot injury, while Rodman has been sidelined with a sprained knee.</p>
<p>Williams averaged career highs in points (15.8) and rebounds (7.6) last year in 65 games for the Los Angeles Clippers. He became a free agent after the season when he opted out of his contract and then had the surgery.</p>
<p>&quot;The addition of Brian Williams gives us a proven NBA rebounder, scorer and defender to help us on our quest for another championship,&quot; said Bulls vice president of basketball operations Jerry Krause.</p>
<p>Williams and Rodman have the same agent, Dwight Manley.</p>
<p>&quot;I haven't played competitively since last season, but the urge to compete and win is stronger than ever,&quot; Williams, who turns 28 on Sunday, said in a statement issued by the club.</p>
<p>Krause said Williams would work his way into the Bulls system slowly during the next 10 days and hopes to be in full game condition by the start of the playoffs.</p>
</text>
<copyright>(c) Reuters Limited 1997</copyright>
<metadata>
<codes class="bip:countries:1.0">
  <code code="USA">
    <editdetail attribution="Reuters BIP Coding Group" action="confirmed" date="1997-04-02"/>
  </code>
</codes>
<codes class="bip:topics:1.0">
  <code code="GCAT">
    <editdetail attribution="Reuters BIP Coding Group" action="confirmed" date="1997-04-02"/>
  </code>
  <code code="GSPO">
    <editdetail attribution="Reuters BIP Coding Group" action="confirmed" date="1997-04-02"/>
  </code>
</codes>
<dc element="dc.date.created" value="1997-04-02"/>
<dc element="dc.publisher" value="Reuters Holdings Plc"/>
<dc element="dc.date.published" value="1997-04-02"/>
<dc element="dc.source" value="Reuters"/>
<dc element="dc.creator.location" value="CHICAGO"/>
<dc element="dc.creator.location.country.name" value="USA"/>
<dc element="dc.source" value="Reuters"/>
</metadata>
</newsitem>
