<?xml version="1.0" encoding="iso-8859-1" ?>
<newsitem itemid="480856" id="root" date="1997-04-02" xml:lang="en">
<title>FRANCE: SOCCER-YOUNG LYON TRAINEE HELLEBUYCK SIGNS FOR ATLETICO.</title>
<headline>SOCCER-YOUNG LYON TRAINEE HELLEBUYCK SIGNS FOR ATLETICO.</headline>
<dateline>LYON, France 1997-04-02</dateline>
<text>
<p>Lyon soccer trainee David Hellebuyck, 17, said on Wednesday he had signed a three-year contract with Atletico Madrid in a move which revived a controversy in France about the transfers of young players.</p>
<p>Hellebuyck, who said he had been approached by the Spanish club after an under-17 international, is the second French player to sign his first professional contract abroad.</p>
<p>The departure of young Paris St Germain striker Nicolas Anelka to Arsenal earlier this season infuriated French soccer authorities.</p>
<p>According to French soccer rules, young players must sign their first professional contract with the club which trained them in order to prevent wealthier clubs luring them away.</p>
<p>But the Bosman ruling, allowing players to move freely within the European Union, made the rule impossible to apply.</p>
<p>&quot;To me this is a betrayal. He only goes there for the money,&quot; said Jose Broissart, head of Lyon's training centre.</p>
<p>&quot;Everything sounds exciting. I will be able to improve and the financial and material conditions are good too since I will have a flat of my own,&quot; Hellebuyck told Lyon daily Le Progres.</p>
</text>
<copyright>(c) Reuters Limited 1997</copyright>
<metadata>
<codes class="bip:countries:1.0">
  <code code="FRA">
    <editdetail attribution="Reuters BIP Coding Group" action="confirmed" date="1997-04-02"/>
  </code>
  <code code="SPAIN">
    <editdetail attribution="Reuters BIP Coding Group" action="confirmed" date="1997-04-02"/>
  </code>
</codes>
<codes class="bip:topics:1.0">
  <code code="GCAT">
    <editdetail attribution="Reuters BIP Coding Group" action="confirmed" date="1997-04-02"/>
  </code>
  <code code="GSPO">
    <editdetail attribution="Reuters BIP Coding Group" action="confirmed" date="1997-04-02"/>
  </code>
</codes>
<dc element="dc.date.created" value="1997-04-02"/>
<dc element="dc.publisher" value="Reuters Holdings Plc"/>
<dc element="dc.date.published" value="1997-04-02"/>
<dc element="dc.source" value="Reuters"/>
<dc element="dc.creator.location" value="LYON, France"/>
<dc element="dc.creator.location.country.name" value="FRANCE"/>
<dc element="dc.source" value="Reuters"/>
</metadata>
</newsitem>
