<?xml version="1.0" encoding="iso-8859-1" ?>
<newsitem itemid="480831" id="root" date="1997-04-02" xml:lang="en">
<title>USA: BOXING-FORMER HEAVYWEIGHT CHAMP MCCALL SENT TO MENTAL HOSPITAL.</title>
<headline>BOXING-FORMER HEAVYWEIGHT CHAMP MCCALL SENT TO MENTAL HOSPITAL.</headline>
<byline>John Phillips</byline>
<dateline>NEW YORK 1997-04-02</dateline>
<text>
<p>Former heavyweight champion Oliver McCall, who broke down in tears and was disqualified in a title fight in February, was sent to a mental hospital on a court order obtained by his wife and mother, police said Wednesday.</p>
<p>The Martinsville, Virginia, police said they picked up McCall last Saturday night and took him to the Southern Virginia Mental Health Institute in nearby Danville, where he was admitted after a health officer testified that he was mentally ill.</p>
<p>Martinsville police Corporal K.L. Gooding said he picked up McCall after his wife and mother had been issued an emergency custody order, saying &quot;they were afraid for his well-being.&quot;</p>
<p>McCall, whom police said had been remodeling a restaurant in Martinsville, offered no resistence when they stopped him while he was walking on a street.</p>
<p>&quot;He came willingly and peacefully,&quot; said Corporal K.L. Gooding. &quot;He gave nobody no trouble. We've never had any trouble with him.&quot;</p>
<p>Gooding said McCall, who lives in nearby Collinsville, was still in the hospital as of Tuesday night. A hospital spokeswoman said she could not release information about a patient.</p>
<p>McCall, 31, seemed to be having a nervous breakdown in the ring against Briton Lennox Lewis last February 7, when he simply stopped fighting in their bout for the vacant World Boxing Council heavyweight title in Las Vegas.</p>
<p>Referee Mills Lane, after asking McCall between the third and fourth rounds if he wanted to continue fighting, stepped in and waved the fight off in the fifth round. McCall had been walking away from Lewis, often with his back turned to him, refusing to fight and offering little resistence when Lewis went after him.</p>
<p>McCall, 31, &quot;seemed to want to get knocked out,&quot; Lane said after the fight.</p>
<p>The Nevada State Athletic Commission withheld McCall's $3,075,500 purse, pending a hearing set for April 26 to hear the fighter's side of his behaviour in the ring against Lewis.</p>
<p>The maximum the commission can fine a fighter is $250,000, the Commission's Executive Director Marc Ratner said.</p>
</text>
<copyright>(c) Reuters Limited 1997</copyright>
<metadata>
<codes class="bip:countries:1.0">
  <code code="USA">
    <editdetail attribution="Reuters BIP Coding Group" action="confirmed" date="1997-04-02"/>
  </code>
</codes>
<codes class="bip:topics:1.0">
  <code code="GCAT">
    <editdetail attribution="Reuters BIP Coding Group" action="confirmed" date="1997-04-02"/>
  </code>
  <code code="GSPO">
    <editdetail attribution="Reuters BIP Coding Group" action="confirmed" date="1997-04-02"/>
  </code>
</codes>
<dc element="dc.date.created" value="1997-04-02"/>
<dc element="dc.publisher" value="Reuters Holdings Plc"/>
<dc element="dc.date.published" value="1997-04-02"/>
<dc element="dc.source" value="Reuters"/>
<dc element="dc.creator.location" value="NEW YORK"/>
<dc element="dc.creator.location.country.name" value="USA"/>
<dc element="dc.source" value="Reuters"/>
</metadata>
</newsitem>
