<?xml version="1.0" encoding="iso-8859-1" ?>
<newsitem itemid="480930" id="root" date="1997-04-02" xml:lang="en">
<title>CZECH REPUBLIC: CZECH GOVT TO DEBATE WAGES, IMPORTS APRIL 16 - AGENCY.</title>
<headline>CZECH GOVT TO DEBATE WAGES, IMPORTS APRIL 16 - AGENCY.</headline>
<dateline>PRAGUE 1997-04-02</dateline>
<text>
<p>The Czech government will meet on April 16 to discuss taking measures aimed at slowing down wage growth, state budget expenditure and imports, Prime Minister Vaclav Klaus was quoted by CTK news agency as saying.</p>
<p>&quot;The government has the aim to bring a certain package of measures on April 16,&quot; Klaus was quoted by CTK as telling Czech radio.</p>
<p>Klaus said wage growth had to be slowed down, but warned that the task would be tough due to low unemployment, it said,</p>
<p>He added that the way to tackle the problem would be through negotiations with employers and unions, slowing wage increases in sectors controlled by the state, and by less assistance to troubled industrial companies.</p>
<p>Klaus did not eleborate further what the measures should include.</p>
<p>But he once again took a shot at the Czech National Bank (CNB), saying its restrictive monetary policy was &quot;terribly easy&quot; to do, while &quot;the art was to slow down, but not kill the economic growth at the same time&quot;.</p>
<p>The government has forecast wages will grow over 13 percent this year. Nominal gross wages grew 18 percent in 1996, and 15.2 percent, year on year, in the first two months of 1997.</p>
<p>CNB governor Josef Tosovsky last month said wage growth was a key problem for the economy and said it could not afford more than a nominal 10 percent rise in pay in 1997.</p>
<p>Meanwhile, the foreign trade deficit showed a 27.2 billion crown deficit in January and February, up from 16.2 billion deficit in the same period of 1996.</p>
<p>Finance Minster Ivan Kocarnik has said he would submit a plan this month to cut budget spending by two percent across the board in order keep the budget in balance.</p>
<p>State finances showed an 8.5 billion crown gap at the end of March, after a 1.7 bilion surplus in the same period of 1996.</p>
<p>The full-year budget was approved as balanced with revenues and expendiutures at 549.1 billion crowns. Last year's budget closed with a 1.56 billion deficit despite several rounds of spending cuts done during the year.</p>
<p>-- Jan Lopatka, Prague Newsroom, 420-2-2423-0003</p>
</text>
<copyright>(c) Reuters Limited 1997</copyright>
<metadata>
<codes class="bip:countries:1.0">
  <code code="CZREP">
    <editdetail attribution="Reuters BIP Coding Group" action="confirmed" date="1997-04-02"/>
  </code>
</codes>
<codes class="bip:topics:1.0">
  <code code="E12">
    <editdetail attribution="Reuters BIP Coding Group" action="confirmed" date="1997-04-02"/>
  </code>
  <code code="ECAT">
    <editdetail attribution="Reuters BIP Coding Group" action="confirmed" date="1997-04-02"/>
  </code>
</codes>
<dc element="dc.date.created" value="1997-04-02"/>
<dc element="dc.publisher" value="Reuters Holdings Plc"/>
<dc element="dc.date.published" value="1997-04-02"/>
<dc element="dc.source" value="Reuters"/>
<dc element="dc.creator.location" value="PRAGUE"/>
<dc element="dc.creator.location.country.name" value="CZECH REPUBLIC"/>
<dc element="dc.source" value="Reuters"/>
</metadata>
</newsitem>
