<?xml version="1.0" encoding="iso-8859-1" ?>
<newsitem itemid="480937" id="root" date="1997-04-02" xml:lang="en">
<title>LITHUANIA: KLASCO RELOADINGS RECORD HIGH IN MARCH.</title>
<headline>KLASCO RELOADINGS RECORD HIGH IN MARCH.</headline>
<dateline>VILNIUS 1997-04-02</dateline>
<text>
<p>Lithuania's biggest stevedoring company KLASCO said on Wedneday it reloaded in March 160,082 tonnes of cargoes more than a previous month.</p>
<p>&quot;In March the work was very intense and we reloaded 889,292 tonnes of cargoes versus 729,200 tonnes a month before,&quot; finance director Algirdas Kateiva told Reuters.</p>
<p>&quot;Last month we reloaded a record high volume of cargoes since 1990,&quot; Kateiva added.</p>
<p>&quot;The cargo in March was dominated by metals, sugar, fertilisers and frozen fish,&quot; Kateiva said.</p>
<p>Kateiva said that in March 1996 the company reloaded 676,500 tonnes of cargoes.</p>
<p>He added that during the first quarter of 1997, KLASCO reloaded 2.29 million tonnes of cargoes.</p>
<p>KLASCO is a 90 percent state run company and the right wing country's government plans to privatise it in an open bid.</p>
<p>The government said last week that a privatisation bid to draw a privatisation plan for the company might be announced in April.</p>
<p>-- Andrius Vilkancas, Vilnius Newsroom +370 2 22 35 17</p>
</text>
<copyright>(c) Reuters Limited 1997</copyright>
<metadata>
<codes class="bip:countries:1.0">
  <code code="LITH">
    <editdetail attribution="Reuters BIP Coding Group" action="confirmed" date="1997-04-02"/>
  </code>
</codes>
<codes class="bip:industries:1.0">
  <code code="I76300">
    <editdetail attribution="Reuters BIP Coding Group" action="confirmed" date="1997-04-02"/>
  </code>
</codes>
<codes class="bip:topics:1.0">
  <code code="C31">
    <editdetail attribution="Reuters BIP Coding Group" action="confirmed" date="1997-04-02"/>
  </code>
  <code code="CCAT">
    <editdetail attribution="Reuters BIP Coding Group" action="confirmed" date="1997-04-02"/>
  </code>
</codes>
<dc element="dc.date.created" value="1997-04-02"/>
<dc element="dc.publisher" value="Reuters Holdings Plc"/>
<dc element="dc.date.published" value="1997-04-02"/>
<dc element="dc.source" value="Reuters"/>
<dc element="dc.creator.location" value="VILNIUS"/>
<dc element="dc.creator.location.country.name" value="LITHUANIA"/>
<dc element="dc.source" value="Reuters"/>
</metadata>
</newsitem>
