<?xml version="1.0" encoding="iso-8859-1" ?>
<newsitem itemid="480966" id="root" date="1997-04-02" xml:lang="en">
<title>UK: Stimulated mice have more brain cells, study finds.</title>
<headline>Stimulated mice have more brain cells, study finds.</headline>
<dateline>LONDON 1997-04-02</dateline>
<text>
<p>Mice given toys to play with and large cages to explore have more brain cells than bored mice kept in tiny cages, U.S. researchers reported on Wednesday.</p>
<p>Fred Gage and colleagues at the Salk Institute in La Jolla, California found mice that lived in an &quot;enriched environment&quot; had 15 percent more brain cells than mice in standard cages.</p>
<p>Half the mice were kept in small cages like normal laboratory mice, while half were put in larger cages and given toys to play with.</p>
<p>When they killed the mice after a few months and looked at their brains they found that the &quot;pampered&quot; mice had more brain cells in the hippocampus -- the part of the brain associated with learning and memory. The pampered mice also showed &quot;a moderate, though significant improvement&quot; in a maze test.</p>
<p>Gage's group said no one yet understood what caused brain cells to grow, so it was not clear how an enriched environment could affect the process.</p>
</text>
<copyright>(c) Reuters Limited 1997</copyright>
<metadata>
<codes class="bip:countries:1.0">
  <code code="UK">
    <editdetail attribution="Reuters BIP Coding Group" action="confirmed" date="1997-04-02"/>
  </code>
  <code code="USA">
    <editdetail attribution="Reuters BIP Coding Group" action="confirmed" date="1997-04-02"/>
  </code>
</codes>
<codes class="bip:topics:1.0">
  <code code="GCAT">
    <editdetail attribution="Reuters BIP Coding Group" action="confirmed" date="1997-04-02"/>
  </code>
  <code code="GSCI">
    <editdetail attribution="Reuters BIP Coding Group" action="confirmed" date="1997-04-02"/>
  </code>
</codes>
<dc element="dc.date.created" value="1997-04-02"/>
<dc element="dc.publisher" value="Reuters Holdings Plc"/>
<dc element="dc.date.published" value="1997-04-02"/>
<dc element="dc.source" value="Reuters"/>
<dc element="dc.creator.location" value="LONDON"/>
<dc element="dc.creator.location.country.name" value="UK"/>
<dc element="dc.source" value="Reuters"/>
</metadata>
</newsitem>
