<?xml version="1.0" encoding="iso-8859-1" ?>
<newsitem itemid="480999" id="root" date="1997-04-02" xml:lang="en">
<title>UK: LME copper and aluminium firmer in lethargic trade.</title>
<headline>LME copper and aluminium firmer in lethargic trade.</headline>
<dateline>LONDON 1997-04-02</dateline>
<text>
<p>LME copper prices finished firmer on Wednesday in a day of lacklustre trading along with aluminium, while the other metals were mixed.</p>
<p>A London Metal Exchange (LME) options declaration earlier in the day passed smoothly and had little lasting effect on prices, traders said.</p>
<p>Three months copper ended the afternoon kerb at $2,369 per tonne, compared to $2,360 on Tuesday.</p>
<p>&quot;Copper is looking for new impetus. It and the others are showing an upward bias after testing the lower end of the range,&quot; said analyst Martin Squires of broker Rudolf Wolff.</p>
<p>The market will watch labour developments at Chile's giant Escondida copper mine for direction.</p>
<p>Support at $2,350 held staunchly throughout the day, and light buying in thin volumes helped propel copper slightly higher, dealers said.</p>
<p>Aluminium similarly tested support at $1,630 throughout the day while trading in a tiny range.</p>
<p>But after support held it finished at the high of the day at $1,635.50, a gain of $5.00 on the day.</p>
<p>On the downside support was also expected to emerge at the psychological $1,600 level, analysts said.</p>
<p>In options, the underlying April contracts in copper and aluminium had gravitated towards $2,400 and $,1600 respectively ahead of the expiry and made little effort to move from there by the declaration.</p>
<p>Other metals were equally unwilling to move out of recent ranges.</p>
<p>Zinc prices initially touched a fresh 4-1/2 year high of $1,311, which was up $1.00 from Tuesday's high point.</p>
<p>But a lack of follow-through sent prices drifting towards $1,300 support, and zinc ended $5 lower at $1,304.</p>
<p>Lead was the exception, moving out of its $766-$790 range, after rallying on Chinese buying and options-related shortcovering.</p>
<p>It ended firmer at $692, compared to $688/$689, but off the day's high of $696. On the upside, the $700-$710 resistance areas could be tackled in the near future, some analysts said.</p>
<p>Nickel came under steady pressure as disappointed longs liquidated, and finished $80 weaker at $7,680.</p>
<p>Tin was very quiet and finished $5 firmer at $5,865.</p>
<p>Alloy was weaker at $1,528/30, compared to $1,540.</p>
<p>--Lida Poletz, London newsroom +44 171 542 2936</p>
</text>
<copyright>(c) Reuters Limited 1997</copyright>
<metadata>
<codes class="bip:countries:1.0">
  <code code="UK">
    <editdetail attribution="Reuters BIP Coding Group" action="confirmed" date="1997-04-02"/>
  </code>
</codes>
<codes class="bip:topics:1.0">
  <code code="M14">
    <editdetail attribution="Reuters BIP Coding Group" action="confirmed" date="1997-04-02"/>
  </code>
  <code code="M142">
    <editdetail attribution="Reuters BIP Coding Group" action="confirmed" date="1997-04-02"/>
  </code>
  <code code="MCAT">
    <editdetail attribution="Reuters BIP Coding Group" action="confirmed" date="1997-04-02"/>
  </code>
</codes>
<dc element="dc.date.created" value="1997-04-02"/>
<dc element="dc.publisher" value="Reuters Holdings Plc"/>
<dc element="dc.date.published" value="1997-04-02"/>
<dc element="dc.source" value="Reuters"/>
<dc element="dc.creator.location" value="LONDON"/>
<dc element="dc.creator.location.country.name" value="UK"/>
<dc element="dc.source" value="Reuters"/>
</metadata>
</newsitem>
