<?xml version="1.0" encoding="iso-8859-1" ?>
<newsitem itemid="480953" id="root" date="1997-04-02" xml:lang="en">
<title>GREECE: GREEK INSURERS HIT BY 2.3BLN IN STORM DAMAGE CLAIMS.</title>
<headline>GREEK INSURERS HIT BY 2.3BLN IN STORM DAMAGE CLAIMS.</headline>
<dateline>ATHENS 1997-04-02</dateline>
<text>
<p>The Association of Greek</p>
<p>Insurance Companies said claims for storm-related damages in</p>
<p>December and January reached 2.35 billion drachmas.</p>
<p>Claims totalled 311, with 150 related to damages in</p>
<p>homes, where the average claim was for 542,790 drachmas, it</p>
<p>said.</p>
<p>Noting that the greater Athens metropolitan area remained</p>
<p>vulnerable to catastrophic floods, it provided the following</p>
<p>statistics for storm-related damages in the last three years:</p>
<p>-- 1,020 homes with total claims of 1.18 billion drachmas</p>
<p>-- 633 commercial businesses with claims of 3.9 billion</p>
<p>-- 285 industrial firms had claims of 7.8 billion</p>
<p>-- 116 miscellaneous cases with total claims of 906 million</p>
<p>--George Georgiopoulos, Athens Newsroom +301 3311812-4</p>
</text>
<copyright>(c) Reuters Limited 1997</copyright>
<metadata>
<codes class="bip:countries:1.0">
  <code code="GREECE">
    <editdetail attribution="Reuters BIP Coding Group" action="confirmed" date="1997-04-02"/>
  </code>
</codes>
<codes class="bip:industries:1.0">
  <code code="I82000">
    <editdetail attribution="Reuters BIP Coding Group" action="confirmed" date="1997-04-02"/>
  </code>
</codes>
<codes class="bip:topics:1.0">
  <code code="C31">
    <editdetail attribution="Reuters BIP Coding Group" action="confirmed" date="1997-04-02"/>
  </code>
  <code code="CCAT">
    <editdetail attribution="Reuters BIP Coding Group" action="confirmed" date="1997-04-02"/>
  </code>
  <code code="GCAT">
    <editdetail attribution="Reuters BIP Coding Group" action="confirmed" date="1997-04-02"/>
  </code>
  <code code="GDIS">
    <editdetail attribution="Reuters BIP Coding Group" action="confirmed" date="1997-04-02"/>
  </code>
</codes>
<dc element="dc.date.created" value="1997-04-02"/>
<dc element="dc.publisher" value="Reuters Holdings Plc"/>
<dc element="dc.date.published" value="1997-04-02"/>
<dc element="dc.source" value="Reuters"/>
<dc element="dc.creator.location" value="ATHENS"/>
<dc element="dc.creator.location.country.name" value="GREECE"/>
<dc element="dc.source" value="Reuters"/>
</metadata>
</newsitem>
