<?xml version="1.0" encoding="iso-8859-1" ?>
<newsitem itemid="480969" id="root" date="1997-04-02" xml:lang="en">
<title>UK: LME options declaration smooth, open interst modes.</title>
<headline>LME options declaration smooth, open interst modes.</headline>
<byline>Eric Onstad</byline>
<dateline>LONDON 1997-04-02</dateline>
<text>
<p>The London Metal Exchange (LME) April options declaration went smoothly on Wednesday, as copper and aluminium futures hovered at strikes with modest open interest while lead saw a lump of calls declared.</p>
<p>The underlying April contracts in copper and aluminium gravitated towards $2,400 and $1,600 per tonne respectively on Tuesday evening and barely strayed from there by the time options were declared around noon.</p>
<p>April copper settled at $2,398 and the options market saw a partial declaration, with about 80 percent of calls and 60 percent of puts declared, traders said.</p>
<p>&quot;I think people declared just enough to make them square,&quot; one said.</p>
<p>But open interest at $2,400 was not very substantial, with 985 lots (equivalent to 24,625 tonnes) of calls and 680 lots (17,000 tonnes) of puts, LME data showed.</p>
<p>Implied volatilities were a touch weaker since last week with nearbys bid around 18.00 percent.</p>
<p>One dealer said there had been some enquiries on Wednesday morning for upside options in May and further out, but no business had been done.</p>
<p>People were interested in selling at-the-money options for the third and fourth quarters, he added.</p>
<p>&quot;It's very quiet. There are a few sellers around and we're struggling to find buyers,&quot; another trader said.</p>
<p>April aluminium futures settled just above $1,600 and options also saw a partial declaration with more calls than puts declared, traders said.</p>
<p>Open interest at $1,600 was 1,009 lots (25,225 tonnes) of calls and 616 lots (15,400 tonnes) of puts.</p>
<p>Volatilities, like copper, were also slightly soggy, with nearbys bid around 15 percent.</p>
<p>April lead edged above the $700 level, settling at around $710 when options were declared. The $700 calls were declared, in which the open interest was fairly large, considering the thinner market, at 490 lots (12,250 tonnes).</p>
<p>&quot;I think lead had a bit of a run-up with those $700 positions open,&quot; a trader said.</p>
<p>Zinc settled just under the $1,300 level and the puts were thought to be declared. Open interest at $1,300 was only 30 lots in calls (750 tonnes) and 75 lots (1,875 tonnes) in puts.</p>
<p>But at the same strike level, a large amount of open interest lurks in May calls, 1,458 lots (36,450 tonnes).</p>
<p>Scant open interest was seen in nickel and tin.</p>
<p>--Eric Onstad, London Newsroom +44 171 542-8065</p>
</text>
<copyright>(c) Reuters Limited 1997</copyright>
<metadata>
<codes class="bip:countries:1.0">
  <code code="UK">
    <editdetail attribution="Reuters BIP Coding Group" action="confirmed" date="1997-04-02"/>
  </code>
</codes>
<codes class="bip:topics:1.0">
  <code code="M14">
    <editdetail attribution="Reuters BIP Coding Group" action="confirmed" date="1997-04-02"/>
  </code>
  <code code="M142">
    <editdetail attribution="Reuters BIP Coding Group" action="confirmed" date="1997-04-02"/>
  </code>
  <code code="MCAT">
    <editdetail attribution="Reuters BIP Coding Group" action="confirmed" date="1997-04-02"/>
  </code>
</codes>
<dc element="dc.date.created" value="1997-04-02"/>
<dc element="dc.publisher" value="Reuters Holdings Plc"/>
<dc element="dc.date.published" value="1997-04-02"/>
<dc element="dc.source" value="Reuters"/>
<dc element="dc.creator.location" value="LONDON"/>
<dc element="dc.creator.location.country.name" value="UK"/>
<dc element="dc.source" value="Reuters"/>
</metadata>
</newsitem>
