<?xml version="1.0" encoding="iso-8859-1" ?>
<newsitem itemid="480905" id="root" date="1997-04-02" xml:lang="en">
<title>LATVIA: TALINVEST GETS OK TO TRADE LATVIAN SHARES.</title>
<headline>TALINVEST GETS OK TO TRADE LATVIAN SHARES.</headline>
<dateline>RIGA 1997-04-02</dateline>
<text>
<p>Investment house Talinvest said on Wednesday that it has gained a licence to trade Latvian shares.</p>
<p>Talinvest director Richard Svelpe told Reuters that Talinvest became a Riga bourse shareholder in December and has now got permission to trade shares.</p>
<p>&quot;We were granted a licence to buy and sell and to be an account keeper in Riga,&quot; Svelpe said.</p>
<p>Talinvest broker Roland Klincis said that the firm's main clients were foreign investors and that interest in Latvian shares has increased since the country got an investment-grade credit rating from Standard &amp; Poor's.</p>
<p>&quot;We are now going to buy and sell equities on the Riga stock exchange on behalf of our clients which are mainly non-residents, that is, foreign capital,&quot; Klincis said.</p>
<p>&quot;We have noticed that interest has increased after the credit rating,&quot; he added.</p>
<p>Talinvest recently bought a stake in Lithuania broker Suprema and so is now present in all three Baltic markets.</p>
<p>-- Martinsh Gravitis, Riga Newsroom, +371 721 5240</p>
</text>
<copyright>(c) Reuters Limited 1997</copyright>
<metadata>
<codes class="bip:countries:1.0">
  <code code="LATV">
    <editdetail attribution="Reuters BIP Coding Group" action="confirmed" date="1997-04-02"/>
  </code>
</codes>
<codes class="bip:industries:1.0">
  <code code="I83100">
    <editdetail attribution="Reuters BIP Coding Group" action="confirmed" date="1997-04-02"/>
  </code>
</codes>
<codes class="bip:topics:1.0">
  <code code="C13">
    <editdetail attribution="Reuters BIP Coding Group" action="confirmed" date="1997-04-02"/>
  </code>
  <code code="CCAT">
    <editdetail attribution="Reuters BIP Coding Group" action="confirmed" date="1997-04-02"/>
  </code>
</codes>
<dc element="dc.date.created" value="1997-04-02"/>
<dc element="dc.publisher" value="Reuters Holdings Plc"/>
<dc element="dc.date.published" value="1997-04-02"/>
<dc element="dc.source" value="Reuters"/>
<dc element="dc.creator.location" value="RIGA"/>
<dc element="dc.creator.location.country.name" value="LATVIA"/>
<dc element="dc.source" value="Reuters"/>
</metadata>
</newsitem>
