<?xml version="1.0" encoding="iso-8859-1" ?>
<newsitem itemid="480976" id="root" date="1997-04-02" xml:lang="en">
<title>UK: Molecules could offer addiction-free morphine.</title>
<headline>Molecules could offer addiction-free morphine.</headline>
<dateline>LONDON 1997-04-02</dateline>
<text>
<p>U.S. researchers said on Wednesday they had identified two brain chemicals that strongly affect pain processes in the brain and said they could be the key to how drugs like morphine and heroin work.</p>
<p>Another expert said the two peptides could possibly even be used as addiction-free painkillers.</p>
<p>James Zadina and colleagues of the Veterans Affairs Medical Centre and Tulane University in New Orleans named the peptides endomorphin-1 and endomorphin-2 and said they acted by themselves to ease pain in mice.</p>
<p>Writing in the science journal Nature, they said opiates such as morphine were known to act on brain cell receptors -- a kind of keyhole -- known as mu receptors. But no one had found the key, or ligand, that hooks the opiates to the mu receptor.</p>
<p>Zadina's team painstakingly generated a series of peptides, which are simple compounds composed of two or more amino acids. Each peptide in the series had five amino acids in it and they substituted a different amino acid one by one until they found one that would attach to the mu receptor.</p>
<p>They tried injecting it into the brains or spinal cords of mice and found it worked just as well as morphine to kill pain.</p>
<p>They then looked for a similar peptide occurring naturally in cow's brains and found two. They were found in areas of the brain such as the thalamus that are known to contain receptors for opiate drugs.</p>
<p>They named the peptides endomorphin-1 and endomorphin-2. The names are shortened versions of the descriptive phrase &quot;endogenous morphine-like&quot; substances.</p>
<p>David Julius, a molecular pharmacologist at the University of California, San Francisco, raised the possibility that the molecules could be used as painkillers themselves.</p>
<p>&quot;Could the endomorphins provide relief from pain without eliciting the negative symptoms that are associated with morphine, such as respiratory depression, nausea, tolerance and addiction?&quot; Julius asked in an accompanying commentary.</p>
<p>If nothing else, the discovery should spark a search for other, similar peptides, he added.</p>
</text>
<copyright>(c) Reuters Limited 1997</copyright>
<metadata>
<codes class="bip:countries:1.0">
  <code code="UK">
    <editdetail attribution="Reuters BIP Coding Group" action="confirmed" date="1997-04-02"/>
  </code>
  <code code="USA">
    <editdetail attribution="Reuters BIP Coding Group" action="confirmed" date="1997-04-02"/>
  </code>
</codes>
<codes class="bip:topics:1.0">
  <code code="GCAT">
    <editdetail attribution="Reuters BIP Coding Group" action="confirmed" date="1997-04-02"/>
  </code>
  <code code="GHEA">
    <editdetail attribution="Reuters BIP Coding Group" action="confirmed" date="1997-04-02"/>
  </code>
  <code code="GSCI">
    <editdetail attribution="Reuters BIP Coding Group" action="confirmed" date="1997-04-02"/>
  </code>
</codes>
<dc element="dc.date.created" value="1997-04-02"/>
<dc element="dc.publisher" value="Reuters Holdings Plc"/>
<dc element="dc.date.published" value="1997-04-02"/>
<dc element="dc.source" value="Reuters"/>
<dc element="dc.creator.location" value="LONDON"/>
<dc element="dc.creator.location.country.name" value="UK"/>
<dc element="dc.source" value="Reuters"/>
</metadata>
</newsitem>
