<?xml version="1.0" encoding="iso-8859-1" ?>
<newsitem itemid="480920" id="root" date="1997-04-02" xml:lang="en">
<title>SLOVAKIA: SLOVAK C.BANK CROWN/DOLLAR FIX AT 32.790 (32.787).</title>
<headline>SLOVAK C.BANK CROWN/DOLLAR FIX AT 32.790 (32.787).</headline>
<dateline>BRATISLAVA 1997-04-02</dateline>
<text>
<p>The National Bank of Slovakia (NBS) fixed the crown at 32.790 to the dollar after Tuesday's fixing at 32.787, and at 19.628 to the mark from 19.664.</p>
<p>The crown fixing is announced daily at about 1140 CET (1040 GMT), and is within plus/minus 7.0 percent of a dollar/mark basket midpoint calculated at exactly 11:30:00 CET.</p>
<p>The above rates imply a deviation from the midpoint of -0.25 percent, after a deviation of -0.35 percent on Tuesday.</p>
<p>At the time of the calculation, the crown was trading on the interbank market at -0.18 versus the basket.</p>
<p>-- Bratislava Newsroom, 42-7-210-3687</p>
</text>
<copyright>(c) Reuters Limited 1997</copyright>
<metadata>
<codes class="bip:countries:1.0">
  <code code="SLVAK">
    <editdetail attribution="Reuters BIP Coding Group" action="confirmed" date="1997-04-02"/>
  </code>
</codes>
<codes class="bip:topics:1.0">
  <code code="M13">
    <editdetail attribution="Reuters BIP Coding Group" action="confirmed" date="1997-04-02"/>
  </code>
  <code code="M132">
    <editdetail attribution="Reuters BIP Coding Group" action="confirmed" date="1997-04-02"/>
  </code>
  <code code="MCAT">
    <editdetail attribution="Reuters BIP Coding Group" action="confirmed" date="1997-04-02"/>
  </code>
</codes>
<dc element="dc.date.created" value="1997-04-02"/>
<dc element="dc.publisher" value="Reuters Holdings Plc"/>
<dc element="dc.date.published" value="1997-04-02"/>
<dc element="dc.source" value="Reuters"/>
<dc element="dc.creator.location" value="BRATISLAVA"/>
<dc element="dc.creator.location.country.name" value="SLOVAKIA"/>
<dc element="dc.source" value="Reuters"/>
</metadata>
</newsitem>
