<?xml version="1.0" encoding="iso-8859-1" ?>
<newsitem itemid="481074" id="root" date="1997-04-02" xml:lang="en">
<title>ZAIRE: U.N. repatriates refugees from Zaire.</title>
<headline>U.N. repatriates refugees from Zaire.</headline>
<byline>Matthew Bigg</byline>
<dateline>GOMA, Zaire 1997-04-02</dateline>
<text>
<p>The U.N. refugee agency started repatriating 3,000 Rwandan Hutu refugees from Zaire on Wednesday and a U.N. investigator accused rebels of massacring the Hutus late last year.</p>
<p>The rebels meanwhile dismissed the nomination of Etienne Tshisekedi by the opposition in Kinshasa as Zaire's new prime minister on Tuesday as making no difference to their goal.</p>
<p>Peter Kessler, a spokesman for the U.N. High Commissioner for Refugees (UNHCR) in Goma city, said the agency expected to have repatriated 3,000 Hutu refugees by truck to Rwanda from Karuba by the end of Wednesday.</p>
<p>Aid officials said 20,000 refugees remained at Karuba west of Goma and they expected sites at Tingi Tingi and Amisi were emptied of refugees by two flights on Wednesday to Goma for repatriation.</p>
<p>Kessler said the highest death rate appeared to be at km 82 (mile 50) south of the rebel-held northeastern capital of Kisangani where about half the 800 refugees there in mid-March had died of malnutrition, malaria, sickness and their wounds.</p>
<p>He said aid agency staff clearing shelters at Lula, seven km (four miles) south of Kisangani, found 50 bodies on Monday of refugees who had died from exhaustion, sickness or malnutrition.</p>
<p>The rebels ordered 20,000 refugees to leave Lula on Monday and join another 60,000 farther south of Kisangani for security reasons. The rebels fear they include former Rwandan Hutu troops and militiamen who fought alongside Zairean government troops.</p>
<p>In Geneva, a U.N. human rights investigator accused the rebels of massacring Rwandan refugees during their push across the region late last year and urged a speedy investigation.</p>
<p>Roberto Garreton said upon his return from a three-day visit to Goma that the rebels had failed to come up with satisfactory answers to allegations of killings, torture and disappearances.</p>
<p>At a news conference, Garreton said eyewitness accounts of the number of people killed by the rebels ranged from hundreds to 50,000 and demanded a detailed probe by independent experts to be appointed by the U.N. Human Rights Commission in Geneva.</p>
<p>&quot;There were massacres by the rebels. That's for sure. There's an enormous list of allegations of massacres but it is impossible to give numbers,&quot; the Chilean investigator said.</p>
<p>Zaire accuses Rwanda's Tutsi-dominated army and Ugandan troops of supporting the rebels, but they deny these charges.</p>
<p>&quot;I can't say that the Rwandan and Ugandan armies are there with their generals and colonels. But the local people view the rebel forces as an occupation army. It is clear that these rebels are not Zaireans,&quot; Garreton said.</p>
<p>The rebel force led by Laurent Kabila is dominated by ethnic Tutsis, some said by intelligence sources to be Rwandan troops.</p>
<p>Demobilised Ugandan troops, hired on contract, are also part of the rebel force. Kabila is a Zairean non-Tutsi from Shaba and his field commanders are a mixture of Zaireans and foreigners.</p>
<p>The opposition in Kinshasa nominated Tshisekedi, President Mobutu Sese Seko's arch-foe, on Tuesday as Zaire's new prime minister to steer Zaire through negotiations with the rebels.</p>
<p>&quot;It won't make any difference. Our purpose is to get rid of Mobutu and we will push until we have got him out,&quot; said Mwenze Kongolo, rebel alliance justice commissioner, on Wednesday.</p>
<p>Kongolo said that Tshisekedi, 64, was probably best-known in the capital Kinshasa and his appointment might have some weight there &quot;but the rest of the country is waiting for us&quot;.</p>
<p>Many Zairean politicians said they expected the ailing Mobutu to move quickly to sign Tshisekedi's appointment into law to succeed prime minister Kengo wa Dondo, who resigned a week ago.</p>
<p>Tshisekedi has huge popular backing in Zaire but support for Kabila has grown as rebels seized a quarter of the country.</p>
</text>
<copyright>(c) Reuters Limited 1997</copyright>
<metadata>
<codes class="bip:countries:1.0">
  <code code="UN">
    <editdetail attribution="Reuters BIP Coding Group" action="confirmed" date="1997-04-02"/>
  </code>
  <code code="ZAIRE">
    <editdetail attribution="Reuters BIP Coding Group" action="confirmed" date="1997-04-02"/>
  </code>
</codes>
<codes class="bip:topics:1.0">
  <code code="GCAT">
    <editdetail attribution="Reuters BIP Coding Group" action="confirmed" date="1997-04-02"/>
  </code>
  <code code="GDIP">
    <editdetail attribution="Reuters BIP Coding Group" action="confirmed" date="1997-04-02"/>
  </code>
  <code code="GVIO">
    <editdetail attribution="Reuters BIP Coding Group" action="confirmed" date="1997-04-02"/>
  </code>
</codes>
<dc element="dc.date.created" value="1997-04-02"/>
<dc element="dc.publisher" value="Reuters Holdings Plc"/>
<dc element="dc.date.published" value="1997-04-02"/>
<dc element="dc.source" value="Reuters"/>
<dc element="dc.creator.location" value="GOMA, Zaire"/>
<dc element="dc.creator.location.country.name" value="ZAIRE"/>
<dc element="dc.source" value="Reuters"/>
</metadata>
</newsitem>
