<?xml version="1.0" encoding="iso-8859-1" ?>
<newsitem itemid="481083" id="root" date="1997-04-02" xml:lang="en">
<title>ZIMBABWE: Zaire rebel leader expected in Zimbabwe - diplomats.</title>
<headline>Zaire rebel leader expected in Zimbabwe - diplomats.</headline>
<dateline>HARARE 1997-04-02</dateline>
<text>
<p>Zairean rebel leader Laurent Kabila is expected in Zimbabwe soon to seek President Robert Mugabe's support ahead of peace talks with his government foes, diplomatic sources said on Wednesday.</p>
<p>&quot;He is likely to be here anytime soon,&quot; a diplomat told Reuters. Diplomats did not know his exact arrival time and government officials were unavailable for comment.</p>
<p>Diplomats said Mugabe's influence in the Organisation of African Unity (OAU) was key to Kabila's visit.</p>
<p>&quot;President Mugabe is a big player on the African diplomatic stage. In June, he will be become the next chairman of the OAU and we understand -- and it makes sense -- that Kabila wants his ear,&quot; one diplomatic source said.</p>
<p>Kabila, who met South African President Nelson Mandela last month, was also likely to target other southern African leaders &quot;for some understanding, if not support&quot; for his campaign to topple Zairean President Mobutu Sese Seko, a source said.</p>
<p>Talks between Mobutu's representatives and Kabila's rebel movement will probably be held in South Africa on Saturday, led by United Nations and OAU negotiator Mohamed Sahnoun.</p>
<p>The rebels have been fighting Mobutu's forces since October and now control about a quarter of the country.</p>
</text>
<copyright>(c) Reuters Limited 1997</copyright>
<metadata>
<codes class="bip:countries:1.0">
  <code code="ZAIRE">
    <editdetail attribution="Reuters BIP Coding Group" action="confirmed" date="1997-04-02"/>
  </code>
  <code code="ZIMBAB">
    <editdetail attribution="Reuters BIP Coding Group" action="confirmed" date="1997-04-02"/>
  </code>
</codes>
<codes class="bip:topics:1.0">
  <code code="GCAT">
    <editdetail attribution="Reuters BIP Coding Group" action="confirmed" date="1997-04-02"/>
  </code>
  <code code="GDIP">
    <editdetail attribution="Reuters BIP Coding Group" action="confirmed" date="1997-04-02"/>
  </code>
  <code code="GVIO">
    <editdetail attribution="Reuters BIP Coding Group" action="confirmed" date="1997-04-02"/>
  </code>
</codes>
<dc element="dc.date.created" value="1997-04-02"/>
<dc element="dc.publisher" value="Reuters Holdings Plc"/>
<dc element="dc.date.published" value="1997-04-02"/>
<dc element="dc.source" value="Reuters"/>
<dc element="dc.creator.location" value="HARARE"/>
<dc element="dc.creator.location.country.name" value="ZIMBABWE"/>
<dc element="dc.source" value="Reuters"/>
</metadata>
</newsitem>
