<?xml version="1.0" encoding="iso-8859-1" ?>
<newsitem itemid="481018" id="root" date="1997-04-02" xml:lang="en">
<title>UK: IPE natgas falls across the board in busy trade.</title>
<headline>IPE natgas falls across the board in busy trade.</headline>
<dateline>LONDON 1997-04-02</dateline>
<text>
<p>IPE natural gas futures headed lower on Wednesday with trade active in nearly all months across the forward curve.</p>
<p>Traded volumes totalled 495 lots, considerably heavier than recent volumes, but off the record high for the contract of 575 lots.</p>
<p>&quot;It was unusually busy today and nearly everything traded which was nice,&quot; said one broker.</p>
<p>The front month May slipped by 0.150 pence a therm (p/th) to 10.00 p/th, having failed to breach resistance at 10.25 p/th earlier in the week.</p>
<p>The first quarter 1998 was also actively traded, with traders taking advantage of sliding quotes to lock in winter gas.</p>
<p>&quot;It looks like the shorts were tired of being short and came in as prices fell -- but not in big enough numbers to turn things around,&quot; said one dealer.</p>
<p>January shed 0.230 p/th to end the session at 16.20 p/th, while February fell 0.210 p/th to 16.30 p/th.</p>
<p>Earlier, the IPE busted a trade on January at 16 p/th, after a broker entered a bid as an offer in error, leading its client to pick up its own offer.</p>
<p>-- Rosalind Russell, London Newsroom +44 171 542 5387</p>
</text>
<copyright>(c) Reuters Limited 1997</copyright>
<metadata>
<codes class="bip:countries:1.0">
  <code code="UK">
    <editdetail attribution="Reuters BIP Coding Group" action="confirmed" date="1997-04-02"/>
  </code>
</codes>
<codes class="bip:topics:1.0">
  <code code="M14">
    <editdetail attribution="Reuters BIP Coding Group" action="confirmed" date="1997-04-02"/>
  </code>
  <code code="M143">
    <editdetail attribution="Reuters BIP Coding Group" action="confirmed" date="1997-04-02"/>
  </code>
  <code code="MCAT">
    <editdetail attribution="Reuters BIP Coding Group" action="confirmed" date="1997-04-02"/>
  </code>
</codes>
<dc element="dc.date.created" value="1997-04-02"/>
<dc element="dc.publisher" value="Reuters Holdings Plc"/>
<dc element="dc.date.published" value="1997-04-02"/>
<dc element="dc.source" value="Reuters"/>
<dc element="dc.creator.location" value="LONDON"/>
<dc element="dc.creator.location.country.name" value="UK"/>
<dc element="dc.source" value="Reuters"/>
</metadata>
</newsitem>
