<?xml version="1.0" encoding="iso-8859-1" ?>
<newsitem itemid="481057" id="root" date="1997-04-02" xml:lang="en">
<title>CANADA: Saskatchewan Pool pleased with shares.</title>
<headline>Saskatchewan Pool pleased with shares.</headline>
<dateline>REGINA, Saskatchewan 1997-04-02</dateline>
<text>
<p>Canada's largest grain handling firm said on Wednesday it was pleased with the performance of its shares in their first year of trade on Canadian equities markets.</p>
<p>&quot;I am pleased with our share performance as well as the support shown by Pool members and investors,&quot; Saskatchewan Wheat Pool President Leroy Larsen said in a statement.</p>
<p>SWP class B non-voting shares opened on the Toronto Stock Exchange on April 2, 1996 at 13.125. The year high was 20.95 on November 18.</p>
<p>SWP closed at 17.25 in Toronto on Wednesday.</p>
<p>The company said it believed being added to the TSE 300 Composite Index on February 21 &quot;will attract additional investors.&quot;</p>
<p>((Gilbert Le Gras, Reuters Winnipeg bureau 204 947 3548))</p>
</text>
<copyright>(c) Reuters Limited 1997</copyright>
<metadata>
<codes class="bip:countries:1.0">
  <code code="CANA">
    <editdetail attribution="Reuters BIP Coding Group" action="confirmed" date="1997-04-02"/>
  </code>
</codes>
<codes class="bip:topics:1.0">
  <code code="C15">
    <editdetail attribution="Reuters BIP Coding Group" action="confirmed" date="1997-04-02"/>
  </code>
  <code code="C152">
    <editdetail attribution="Reuters BIP Coding Group" action="confirmed" date="1997-04-02"/>
  </code>
  <code code="CCAT">
    <editdetail attribution="Reuters BIP Coding Group" action="confirmed" date="1997-04-02"/>
  </code>
</codes>
<dc element="dc.date.created" value="1997-04-02"/>
<dc element="dc.publisher" value="Reuters Holdings Plc"/>
<dc element="dc.date.published" value="1997-04-02"/>
<dc element="dc.source" value="Reuters"/>
<dc element="dc.creator.location" value="REGINA, Saskatchewan"/>
<dc element="dc.creator.location.country.name" value="CANADA"/>
<dc element="dc.source" value="Reuters"/>
</metadata>
</newsitem>
