<?xml version="1.0" encoding="iso-8859-1" ?>
<newsitem itemid="481060" id="root" date="1997-04-02" xml:lang="en">
<title>CANADA: Petro-Canada aiming for higher gas returns.</title>
<headline>Petro-Canada aiming for higher gas returns.</headline>
<dateline>CALGARY 1997-04-02</dateline>
<text>
<p>Petro-Canada is aiming to boost returns from its growing natural gas production and gain a bigger sales area with its alliance with megamarketer Enron Corp, a Petro-Canada spokesman said on Wednesday.</p>
<p>&quot;It is expected to maximize the netback from our natural gas volumes and achieve that through a better understanding and better ability to access the U.S. market,&quot; Petro-Canada's Bill Simpkins said. &quot;It also will help in optimizing our transportation and storage commitments.&quot;</p>
<p>Petro-Canada, Canada's second largest gas producer with current output of 840 million cubic feet per day, on Wednesday announced an alliance with Houston-based Enron, which would market its gas natural gas production and provide financial and risk management services.</p>
<p>Simpkins said the deal differed from rival Suncor Inc's marketing deal with Enron, announced in October, because Petro-Canada was maintaining its ability to market gas by doing its own deals.</p>
<p>Petro-Canada's gas marketing department currently has 12 staff and most were expected to continue working in other parts of the company, he said.</p>
<p>The savings expected as part of the deal were not being disclosed for competitive reasons, Simpkins said.</p>
<p>However, he said a one cent improvement in the company's natural gas netback had a before-tax impact on earnings of C$3 million.</p>
<p>The deal, currently in the memorandum of understanding stage, was expected to close shortly, he said.</p>
<p>Petro-Canada's natural gas production gre by 40 percent last year, mostly from its acquisition of Amerada Hess Canada.</p>
<p>((Reuters Calgary Bureau (403) 531-1624))</p>
</text>
<copyright>(c) Reuters Limited 1997</copyright>
<metadata>
<codes class="bip:countries:1.0">
  <code code="CANA">
    <editdetail attribution="Reuters BIP Coding Group" action="confirmed" date="1997-04-02"/>
  </code>
  <code code="USA">
    <editdetail attribution="Reuters BIP Coding Group" action="confirmed" date="1997-04-02"/>
  </code>
</codes>
<codes class="bip:industries:1.0">
  <code code="I13000">
    <editdetail attribution="Reuters BIP Coding Group" action="confirmed" date="1997-04-02"/>
  </code>
  <code code="I14000">
    <editdetail attribution="Reuters BIP Coding Group" action="confirmed" date="1997-04-02"/>
  </code>
</codes>
<codes class="bip:topics:1.0">
  <code code="C11">
    <editdetail attribution="Reuters BIP Coding Group" action="confirmed" date="1997-04-02"/>
  </code>
  <code code="C21">
    <editdetail attribution="Reuters BIP Coding Group" action="confirmed" date="1997-04-02"/>
  </code>
  <code code="C31">
    <editdetail attribution="Reuters BIP Coding Group" action="confirmed" date="1997-04-02"/>
  </code>
  <code code="CCAT">
    <editdetail attribution="Reuters BIP Coding Group" action="confirmed" date="1997-04-02"/>
  </code>
</codes>
<dc element="dc.date.created" value="1997-04-02"/>
<dc element="dc.publisher" value="Reuters Holdings Plc"/>
<dc element="dc.date.published" value="1997-04-02"/>
<dc element="dc.source" value="Reuters"/>
<dc element="dc.creator.location" value="CALGARY"/>
<dc element="dc.creator.location.country.name" value="CANADA"/>
<dc element="dc.source" value="Reuters"/>
</metadata>
</newsitem>
