<?xml version="1.0" encoding="iso-8859-1" ?>
<newsitem itemid="481031" id="root" date="1997-04-02" xml:lang="en">
<title>UK: Manchester airport details Feb '97 traffic stats.</title>
<headline>Manchester airport details Feb '97 traffic stats.</headline>
<dateline>MANCHESTER, England 1997-04-02</dateline>
<text>
<p>Manchester airport said it handled 5,802 tonnes of freight and mail in February 1997, down 8.2 percent against the same period 1996.</p>
<p>Detailed statistics for the month were as follows:</p>
<p>FREIGHT EXCLUDING MAIL</p>
<p>		    February	 Pct	  Year to Date    Pct	 Moving</p>
<p>		 1997   1996	Change	1997   1996     Change    Total</p>
<p> Scheduled   3,757  3,589     up    4.7   7,714  6,824    up   13.0 48,638</p>
<p> Charter     1,705  2,469     down 30.9   3,562  4,260    down 16.4 29,799</p>
<p> Total	 5,462  6,058     down  9.8  11,276 11,084    up    1.7 78,437</p>
<p>FREIGHT INCLUDING MAIL</p>
<p> Scheduled   4,090  3,853     up    6.2   8,462  7,378    up   14.7 52,719</p>
<p> Charter     1,712  2,469     down 30.7   3,582  4,260    down 15.9 29,831</p>
<p> Total	 5,802  6,322     down  8.2  12,044 11,638    up    3.5 82,550</p>
<p>- Reuters Air Cargo Newsroom Tel+44 171 542 7706 Fax:5017</p>
</text>
<copyright>(c) Reuters Limited 1997</copyright>
<metadata>
<codes class="bip:countries:1.0">
  <code code="UK">
    <editdetail attribution="Reuters BIP Coding Group" action="confirmed" date="1997-04-02"/>
  </code>
</codes>
<codes class="bip:industries:1.0">
  <code code="I75000">
    <editdetail attribution="Reuters BIP Coding Group" action="confirmed" date="1997-04-02"/>
  </code>
  <code code="I76400">
    <editdetail attribution="Reuters BIP Coding Group" action="confirmed" date="1997-04-02"/>
  </code>
  <code code="I77002">
    <editdetail attribution="Reuters BIP Coding Group" action="confirmed" date="1997-04-02"/>
  </code>
</codes>
<codes class="bip:topics:1.0">
  <code code="C31">
    <editdetail attribution="Reuters BIP Coding Group" action="confirmed" date="1997-04-02"/>
  </code>
  <code code="CCAT">
    <editdetail attribution="Reuters BIP Coding Group" action="confirmed" date="1997-04-02"/>
  </code>
</codes>
<dc element="dc.date.created" value="1997-04-02"/>
<dc element="dc.publisher" value="Reuters Holdings Plc"/>
<dc element="dc.date.published" value="1997-04-02"/>
<dc element="dc.source" value="Reuters"/>
<dc element="dc.creator.location" value="MANCHESTER, England"/>
<dc element="dc.creator.location.country.name" value="UK"/>
<dc element="dc.source" value="Reuters"/>
</metadata>
</newsitem>
