<?xml version="1.0" encoding="iso-8859-1" ?>
<newsitem itemid="481097" id="root" date="1997-04-02" xml:lang="en">
<title>SOUTH AFRICA: S.African stock market closing report.</title>
<headline>S.African stock market closing report.</headline>
<dateline>JOHANNESBURG 1997-04-02</dateline>
<text>
<p>South African shares edged up on Wednesday as the market gave out a collective sigh of relief after a modest overnight gain on Wall Street followed two days of successive heavy losses, dealers said.</p>
<p>But most players are still wary of recent jitters on the Dow and the local market came off its day highs as the afternoon wore on and U.S.-inspired nervous grew.</p>
<p>Dealers said they were watching weakness on the S&amp;P 500 U.S. futures index for signs the Dow might start to continue its halted correction. Analysts in New York were expecting the market there to open lower.</p>
<p>&quot;We came off towards the end a little as people concentrated on the Wall Street opening,&quot; said one dealer.</p>
<p>After a quick burst of gains in the morning South African shares trod water until noon and then gradually drifted away from their highs. The industrials index ended up 5.2 points at 8,179.8 as the all-share index put on 18.7 points to 6,981.1.</p>
<p>De Beers attracted heavy interest on good reaction to its higher Central Selling Organisation diamond sales and put on 350 cents to 160.25 rand. Other blue chips were mixed with SAB off 175 cents to 135.25 rand, while Anglo added 100 cents to 269.50 rand.</p>
<p>One curious market tale was a share price drop in cash shell Gentech on market rumours it was nearing a deal to put assets in the company. Industry sources told Reuters an announcement on a tie-up is due soon.</p>
<p>The stock hit a new year low of 32 cents as more than two million shares changed hands. The firm ended at 39 cents, down 15 cents.  </p>
<p>Volumes were not huge, but came in at a healthy 623 million rands worth of shares being traded.</p>
<p>Dealers said the market was watching out for local money supply figures due at 1500 GMT, but was likely to be more strongly guided all week by events across the Atlantic, especially key U.S. payrolls data due on Friday.</p>
<p>&quot;The market is going to be exceptionally cautious ahead of the U.S. unemployment figures,&quot; said Investec dealer Dominic Rey.</p>
<p>Gold shares had a jittery day as the gold prices failed to build convincingly on a mini-rally. The golds index added 5.2 points to 1,297.5 and individual shares had a mixed day with Western Deep losing 250 cents to 124.50 rand, Kloof adding 120 cents to 33.75 rand and Vaal Reefs putting on 125 cents to 265.75 rand.</p>
<p>South African share futures drifted through the day after a firm start and then took a late dip towards the end of the day on speculation of a Wall Street fall.</p>
<p>The all-share June contract was last at 6,360/75 from 6,380 as the industrials contract was at 7,930/40 from 7,943. The gold share contract was at 910/25 from 909.</p>
<p>-- Paul Harris, Johannesburg newsroom +27 11 482 1003</p>
</text>
<copyright>(c) Reuters Limited 1997</copyright>
<metadata>
<codes class="bip:countries:1.0">
  <code code="SAFR">
    <editdetail attribution="Reuters BIP Coding Group" action="confirmed" date="1997-04-02"/>
  </code>
</codes>
<codes class="bip:topics:1.0">
  <code code="M11">
    <editdetail attribution="Reuters BIP Coding Group" action="confirmed" date="1997-04-02"/>
  </code>
  <code code="MCAT">
    <editdetail attribution="Reuters BIP Coding Group" action="confirmed" date="1997-04-02"/>
  </code>
</codes>
<dc element="dc.date.created" value="1997-04-02"/>
<dc element="dc.publisher" value="Reuters Holdings Plc"/>
<dc element="dc.date.published" value="1997-04-02"/>
<dc element="dc.source" value="Reuters"/>
<dc element="dc.creator.location" value="JOHANNESBURG"/>
<dc element="dc.creator.location.country.name" value="SOUTH AFRICA"/>
<dc element="dc.source" value="Reuters"/>
</metadata>
</newsitem>
