<?xml version="1.0" encoding="iso-8859-1" ?>
<newsitem itemid="481032" id="root" date="1997-04-02" xml:lang="en">
<title>UK: Burnden Leisure to look beyond soccer.</title>
<headline>Burnden Leisure to look beyond soccer.</headline>
<dateline>LONDON 1997-04-02</dateline>
<text>
<p>Burnden Leisure Plc, the company that will own soccer club Bolton Wanderers, may diversify into other sports, chairman David Williams said on Wednesday.</p>
<p>Williams is currently chairman of Mosaic Investments Plc, the bar and catering equipment company which has agreed a 22 million stg deal to take over Bolton.</p>
<p>The enlarged group will be listed on the stock exchange and renamed Burnden Leisure, after the club's Burnden Park home.</p>
<p>&quot;In a few years' time it probably won't be purely a football business,&quot; Williams said, adding that Burnden would consider branching out into other sports.</p>
<p>Bolton are poised for a return to the elite premier league next season but Williams would not be drawn on how much money would be made available to boost the playing squad.</p>
<p>No fresh money will be raised through the listing but Mosaic has a cash balance of in excess of 8.9 million stg.</p>
<p>The club plan to move to a new 25,000-seater stadium in time for next season and is looking for a sponsor who will buy the rights to the stadium name.</p>
<p>Williams said that the stadium could host events such as concerts in order to provide a fresh revenue stream.</p>
<p>-- Keith Weir, London Newsroom +44 171 542 8793</p>
</text>
<copyright>(c) Reuters Limited 1997</copyright>
<metadata>
<codes class="bip:countries:1.0">
  <code code="UK">
    <editdetail attribution="Reuters BIP Coding Group" action="confirmed" date="1997-04-02"/>
  </code>
</codes>
<codes class="bip:industries:1.0">
  <code code="I83960">
    <editdetail attribution="Reuters BIP Coding Group" action="confirmed" date="1997-04-02"/>
  </code>
  <code code="I97911">
    <editdetail attribution="Reuters BIP Coding Group" action="confirmed" date="1997-04-02"/>
  </code>
</codes>
<codes class="bip:topics:1.0">
  <code code="C11">
    <editdetail attribution="Reuters BIP Coding Group" action="confirmed" date="1997-04-02"/>
  </code>
  <code code="C18">
    <editdetail attribution="Reuters BIP Coding Group" action="confirmed" date="1997-04-02"/>
  </code>
  <code code="C181">
    <editdetail attribution="Reuters BIP Coding Group" action="confirmed" date="1997-04-02"/>
  </code>
  <code code="CCAT">
    <editdetail attribution="Reuters BIP Coding Group" action="confirmed" date="1997-04-02"/>
  </code>
</codes>
<dc element="dc.date.created" value="1997-04-02"/>
<dc element="dc.publisher" value="Reuters Holdings Plc"/>
<dc element="dc.date.published" value="1997-04-02"/>
<dc element="dc.source" value="Reuters"/>
<dc element="dc.creator.location" value="LONDON"/>
<dc element="dc.creator.location.country.name" value="UK"/>
<dc element="dc.source" value="Reuters"/>
</metadata>
</newsitem>
