<?xml version="1.0" encoding="iso-8859-1" ?>
<newsitem itemid="481079" id="root" date="1997-04-02" xml:lang="en">
<title>CAMEROON: Cameroon calls May 17 legislative election.</title>
<headline>Cameroon calls May 17 legislative election.</headline>
<dateline>YAOUNDE 1997-04-02</dateline>
<text>
<p>Cameroon will hold a parliamentary election on May 17, President Paul Biya announced in a decree on Wednesday.</p>
<p>The election will be the second legislative poll since the Central African nation began its sometimes turbulent transition to multi-party democracy in 1990.</p>
<p>The announcement coincides with tension in Cameroon's volatile English-speaking North-west province, where clashes between attackers and security forces have killed 10 people.</p>
<p>Communication Minister Augustin Kontchou Koumegni said on Monday that the government would take appropriate steps to ensure polling would go ahead in the province. An overnight curfew is already in force.</p>
<p>Kontchou declined to speculate on the identity of the attackers but police blame English-speaking separatists trying to steal arms and ammunition from security forces in the provincial capital Bamenda and nearby towns.</p>
<p>The opposition Social Democratic Front of John Fru Ndi had accused the government of dirty tricks and seeking an excuse to postpone the poll in the province.</p>
<p>Kontchou said that three paramilitary gendarmes and seven attackers had been killed in the attacks.</p>
<p>Part of the opposition boycotted the last parliamentary poll in 1992. Biya supporters secured a majority after allying with a minor party. The May poll was initially planned for March.</p>
<p>Biya, who took over from independence president Ahmadou Ahidjo in 1982, faces a presidential election in October.</p>
</text>
<copyright>(c) Reuters Limited 1997</copyright>
<metadata>
<codes class="bip:countries:1.0">
  <code code="CAMER">
    <editdetail attribution="Reuters BIP Coding Group" action="confirmed" date="1997-04-02"/>
  </code>
</codes>
<codes class="bip:topics:1.0">
  <code code="GCAT">
    <editdetail attribution="Reuters BIP Coding Group" action="confirmed" date="1997-04-02"/>
  </code>
  <code code="GPOL">
    <editdetail attribution="Reuters BIP Coding Group" action="confirmed" date="1997-04-02"/>
  </code>
  <code code="GVOTE">
    <editdetail attribution="Reuters BIP Coding Group" action="confirmed" date="1997-04-02"/>
  </code>
</codes>
<dc element="dc.date.created" value="1997-04-02"/>
<dc element="dc.publisher" value="Reuters Holdings Plc"/>
<dc element="dc.date.published" value="1997-04-02"/>
<dc element="dc.source" value="Reuters"/>
<dc element="dc.creator.location" value="YAOUNDE"/>
<dc element="dc.creator.location.country.name" value="CAMEROON"/>
<dc element="dc.source" value="Reuters"/>
</metadata>
</newsitem>
