<?xml version="1.0" encoding="iso-8859-1" ?>
<newsitem itemid="481059" id="root" date="1997-04-02" xml:lang="en">
<title>CANADA: Toronto Stock Exchange to delay migrating stocks.</title>
<headline>Toronto Stock Exchange to delay migrating stocks.</headline>
<dateline>TORONTO 1997-04-02</dateline>
<text>
<p>The Toronto Stock Exchange will temporarily delay the migration of 236 stocks to its computer trading system so it can run some extra checks, a spokeswoman said on Wednesday.</p>
<p>&quot;What we want to do is do a double-check of the system and make sure it's fine before we go on migrating stocks,&quot; said Jane Womg, a spokeswoman for the TSE.</p>
<p>Womg said although it has caused them to take a more cautious approach, the delay was not a direct result of the problems excessive trading volume in Bre-X Minerals Ltd have caused the exchange.</p>
<p>&quot;(But) that has prompted us to take a hard look at it,&quot; Wong said.</p>
<p>She said this will not stop the closure of the TSE trading floor, set to occur before the end of the month.</p>
<p>The computer system has collapsed twice in as many weeks due to an enormous bottleneck of volume in Bre-X shares.</p>
<p>Bre-X stock, which will not resume trading today because of system problems, has traded just over two hours since last Thursday either because of news-related halts or technical difficulties.</p>
<p>Womg added that 1,452 stocks have already migrated to the CATS system.</p>
<p>The stocks left on the floor include several large-capitalization shares which habitually trade heavy volumes, including Canadian bank stocks and BCE Inc, Canada's largest publicly traded company.</p>
<p>((Sarah Edmonds, Reuters Toronto Bureau (416) 941-8100, E-mail sarah.edmonds@reuters.com))</p>
</text>
<copyright>(c) Reuters Limited 1997</copyright>
<metadata>
<codes class="bip:countries:1.0">
  <code code="CANA">
    <editdetail attribution="Reuters BIP Coding Group" action="confirmed" date="1997-04-02"/>
  </code>
</codes>
<codes class="bip:industries:1.0">
  <code code="I21000">
    <editdetail attribution="Reuters BIP Coding Group" action="confirmed" date="1997-04-02"/>
  </code>
  <code code="I79020">
    <editdetail attribution="Reuters BIP Coding Group" action="confirmed" date="1997-04-02"/>
  </code>
  <code code="I83100">
    <editdetail attribution="Reuters BIP Coding Group" action="confirmed" date="1997-04-02"/>
  </code>
</codes>
<codes class="bip:topics:1.0">
  <code code="C14">
    <editdetail attribution="Reuters BIP Coding Group" action="confirmed" date="1997-04-02"/>
  </code>
  <code code="C24">
    <editdetail attribution="Reuters BIP Coding Group" action="confirmed" date="1997-04-02"/>
  </code>
  <code code="CCAT">
    <editdetail attribution="Reuters BIP Coding Group" action="confirmed" date="1997-04-02"/>
  </code>
  <code code="M11">
    <editdetail attribution="Reuters BIP Coding Group" action="confirmed" date="1997-04-02"/>
  </code>
  <code code="MCAT">
    <editdetail attribution="Reuters BIP Coding Group" action="confirmed" date="1997-04-02"/>
  </code>
</codes>
<dc element="dc.date.created" value="1997-04-02"/>
<dc element="dc.publisher" value="Reuters Holdings Plc"/>
<dc element="dc.date.published" value="1997-04-02"/>
<dc element="dc.source" value="Reuters"/>
<dc element="dc.creator.location" value="TORONTO"/>
<dc element="dc.creator.location.country.name" value="CANADA"/>
<dc element="dc.source" value="Reuters"/>
</metadata>
</newsitem>
