<?xml version="1.0" encoding="iso-8859-1" ?>
<newsitem itemid="481003" id="root" date="1997-04-02" xml:lang="en">
<title>UK: UK Conservatives running out of firms to privatise.</title>
<headline>UK Conservatives running out of firms to privatise.</headline>
<byline>Andrew Marshall</byline>
<dateline>LONDON 1997-04-02</dateline>
<text>
<p>Privatisation is one of the magic ingredients that has kept Britain's Conservative Party in office since it swept to power in 1979. But the magic potion is running out.</p>
<p>After an 18-year, 65 billion pound state sell-off, the Conservatives are running short of companies to privatise.</p>
<p>&quot;Privatisation has gone from the dream of a few Conservative visionaries to the big idea which is transforming decaying public sector industries in almost every country in the world,&quot; proclaimed the party's manifesto for the May 1 election, launched on Wednesday.</p>
<p>&quot;Britain has led the way with this new industrial revolution: we can be proud of what we achieved.&quot;</p>
<p>The Conservatives say the privatisation experiment which former prime minister Margaret Thatcher applied to Britain has revitalised economies from Africa to the former communist countries of Eastern Europe.</p>
<p>Their manifesto pledged to continue the privatisation drive in Britain. &quot;Privatisation works,&quot; it said. &quot;We will therefore continue to pass government activities into private ownership where this can bring benefits to consumers and taxpayers.&quot;</p>
<p>But privatisation pledges in the manifesto are limited. The party repeated its commitment to privatise London's cash-strapped underground rail network and re-invest the proceeds to improve transport in Britain.</p>
<p>It pledged to sell off the Parcelforce arm of Britain's national Post Office, and to consider &quot;different forms of privatisation&quot; for the Royal Mail postal service. Finally, it restated a pledge to sell off the air traffic control network.</p>
<p>Analysts say privatisation of all three arms of the Post office -- Parcelforce, the Royal Mail and Post Office Counters -- could raise around two billion pounds. London's underground sytem could also raise up to two billion, according to estimates.</p>
<p>But such sell-offs are small fare compared with the 14.2 billion pounds earned by the privatisation of British Telecommunications Plc in 1984 or the 10.35 billion raised from the sale of Britain's electricity companies in 1990.</p>
<p>The golden age of big British privatisations is over, analysts say. The Conservatives' cupboard is increasingly bare, and most of the prime targets for privatisation have already been sold.</p>
<p>Conservative hopes that their new privatisation pledges will prove vote-spinners which will cut the party's deficit in opinion polls are also likely to be disappointed, analysts say. Selling the Post Office and London Underground is unlikely to attract widespread popularity.</p>
<p>An earlier attempt to privatise the Post Office was shelved in 1994 when dissenters within the Conservative Party rebelled over the proposal.</p>
<p>And at a news conference on Wednesday, Prime Minister John Major himself admitted that selling the London Underground might not win votes.</p>
<p>&quot;It may not be a vote winner,&quot; Major said. &quot;We are taking actions that are in the interests of the country, even if they may not necessarily be a short-term vote winner.&quot;</p>
<p>Supporters of privatisation say companies like British Telecom and British Petroleum Plc have been transformed into world-beaters after being sold, and the breadth of share ownership in Britain has been expanded.</p>
<p>Even the left-of-centre Labour Party, which is widely forecast to win on May 1, has largely abandoned its hostility to the idea.</p>
<p>Labour says it would not privatise the underground but it has dropped pledges to renationalise privatised companies. Even the controversial sale of rail network operator Railtrack Plc is unlikely to be reversed under Labour.</p>
<p>But the days when the Conservatives could count on privatisation as an ideological rallying-cry and vote winner are over, analysts say. Unless the party is prepared to adopt ever more radical sell-off proposals, the privatisation bandwagon is unlikely to have much further to roll in Britain. ($ = 0.606 British Pounds)</p>
</text>
<copyright>(c) Reuters Limited 1997</copyright>
<metadata>
<codes class="bip:countries:1.0">
  <code code="UK">
    <editdetail attribution="Reuters BIP Coding Group" action="confirmed" date="1997-04-02"/>
  </code>
</codes>
<codes class="bip:topics:1.0">
  <code code="C18">
    <editdetail attribution="Reuters BIP Coding Group" action="confirmed" date="1997-04-02"/>
  </code>
  <code code="C183">
    <editdetail attribution="Reuters BIP Coding Group" action="confirmed" date="1997-04-02"/>
  </code>
  <code code="CCAT">
    <editdetail attribution="Reuters BIP Coding Group" action="confirmed" date="1997-04-02"/>
  </code>
  <code code="E12">
    <editdetail attribution="Reuters BIP Coding Group" action="confirmed" date="1997-04-02"/>
  </code>
  <code code="ECAT">
    <editdetail attribution="Reuters BIP Coding Group" action="confirmed" date="1997-04-02"/>
  </code>
  <code code="GCAT">
    <editdetail attribution="Reuters BIP Coding Group" action="confirmed" date="1997-04-02"/>
  </code>
  <code code="GPOL">
    <editdetail attribution="Reuters BIP Coding Group" action="confirmed" date="1997-04-02"/>
  </code>
</codes>
<dc element="dc.date.created" value="1997-04-02"/>
<dc element="dc.publisher" value="Reuters Holdings Plc"/>
<dc element="dc.date.published" value="1997-04-02"/>
<dc element="dc.source" value="Reuters"/>
<dc element="dc.creator.location" value="LONDON"/>
<dc element="dc.creator.location.country.name" value="UK"/>
<dc element="dc.source" value="Reuters"/>
</metadata>
</newsitem>
