<?xml version="1.0" encoding="iso-8859-1" ?>
<newsitem itemid="481038" id="root" date="1997-04-02" xml:lang="en">
<title>UK: Japanese stocks in London slightly up, trade thin.</title>
<headline>Japanese stocks in London slightly up, trade thin.</headline>
<dateline>LONDON 1997-04-02</dateline>
<text>
<p>Japanese shares were steady to slightly firmer in light trade on Wednesday as investors continued to fret about Wall Street's recent volatility, dealers said.</p>
<p>&quot;It's been very quiet. People just don't want to do much with the Dow looking like its going to fall out of bed,&quot; one dealer said.</p>
<p>In Tokyo on Wednesday, the Nikkei 225-share index climbed 167.71 points to 18,037.30, helped by a rally in major steel makers and chip-related stocks, dealers said.</p>
<p>Sumitomo Metal Mining was the main feature in an otherwise subdued market. After the Tokyo close, the company said it expected pre-tax profits would increase by 27 percent to 16.5 billion yen in the year through March 1998 from an estimated 13 billion yen for fiscal 1996.</p>
<p>The shares, which fell 14 yen to close at 724 yen in Tokyo on Wednesday, were trading at 733.5 yen in London by 1425 GMT.</p>
<p>--London Newsroom +44 171 542 7717</p>
</text>
<copyright>(c) Reuters Limited 1997</copyright>
<metadata>
<codes class="bip:countries:1.0">
  <code code="JAP">
    <editdetail attribution="Reuters BIP Coding Group" action="confirmed" date="1997-04-02"/>
  </code>
  <code code="UK">
    <editdetail attribution="Reuters BIP Coding Group" action="confirmed" date="1997-04-02"/>
  </code>
</codes>
<codes class="bip:topics:1.0">
  <code code="M11">
    <editdetail attribution="Reuters BIP Coding Group" action="confirmed" date="1997-04-02"/>
  </code>
  <code code="MCAT">
    <editdetail attribution="Reuters BIP Coding Group" action="confirmed" date="1997-04-02"/>
  </code>
</codes>
<dc element="dc.date.created" value="1997-04-02"/>
<dc element="dc.publisher" value="Reuters Holdings Plc"/>
<dc element="dc.date.published" value="1997-04-02"/>
<dc element="dc.source" value="Reuters"/>
<dc element="dc.creator.location" value="LONDON"/>
<dc element="dc.creator.location.country.name" value="UK"/>
<dc element="dc.source" value="Reuters"/>
</metadata>
</newsitem>
