<?xml version="1.0" encoding="iso-8859-1" ?>
<newsitem itemid="481096" id="root" date="1997-04-02" xml:lang="en">
<title>ANGOLA: Angola's MPLA says UNITA must honour peace deal.</title>
<headline>Angola's MPLA says UNITA must honour peace deal.</headline>
<dateline>LUANDA 1997-04-02</dateline>
<text>
<p>Angola's ruling MPLA says a meeting between President Jose Eduardo dos Santos and former rebel leader Jonas Savimbi cannot happen until UNITA has fulfilled obligations under a 1994 peace plan.</p>
<p>&quot;Only after the requirements of the MPLA are met will all psychological conditions be created for the Angolan people and the international community to consider it useful for there to be a meeting...,&quot; the MPLA's political bureau said in a three-page declaration in the daily Jornal de Angola on Wednesday.</p>
<p>The party said UNITA should immediately complete all of its military obligations under the 1994 peace accord, which ended two decades of civil war.</p>
<p>It blamed UNITA for delaying the implementation of the Lusaka peace agreement and urged it to ensure that the formation of the unity government on April 11 went ahead.</p>
<p>Western diplomats said the statement had caused tensions between the two parties ahead of the unity government ceremony.</p>
<p>&quot;The MPLA deceleration is making more problems -- certainly it is creating even more animosity between UNITA and the government,&quot; one diplomat told Reuters.</p>
<p>&quot;As for the MPLA, you have to ask youself: 'Do they want a government of national unity or not?' Why have they waited all this time only to speak up now?,&quot; the diplomat said.</p>
<p>The MPLA political bureau complained that not all of UNITA's soldiers had been incorporated into a new Angolan Armed Forces and said its police force had also not yet been integrated.</p>
<p>Latest figures show some 7,000 out of 18,000 UNITA soldiers have been incorporated into the armed forces, while out of the 5,500 UNITA police only some 300 have been incorporated into the unified force.</p>
<p>The MPLA also said the special status of Savimbi, as leader of the largest opposition group, should be approved by a joint sitting of the National Assembly including all of UNITA's 70 deputies.</p>
<p>The deputies are due to be a sworn into parliament on April 9. UNITA has however said the special status issue should be dealt with immediately.</p>
<p>The MPLA-led government and former guerrilla UNITA movement, who ended two decades of civil war when they signed a peace pact in 1994, have delayed the formation of the country's first peace -time government three times since January 25.</p>
</text>
<copyright>(c) Reuters Limited 1997</copyright>
<metadata>
<codes class="bip:countries:1.0">
  <code code="ANGOL">
    <editdetail attribution="Reuters BIP Coding Group" action="confirmed" date="1997-04-02"/>
  </code>
</codes>
<codes class="bip:topics:1.0">
  <code code="GCAT">
    <editdetail attribution="Reuters BIP Coding Group" action="confirmed" date="1997-04-02"/>
  </code>
  <code code="GPOL">
    <editdetail attribution="Reuters BIP Coding Group" action="confirmed" date="1997-04-02"/>
  </code>
  <code code="GVIO">
    <editdetail attribution="Reuters BIP Coding Group" action="confirmed" date="1997-04-02"/>
  </code>
</codes>
<dc element="dc.date.created" value="1997-04-02"/>
<dc element="dc.publisher" value="Reuters Holdings Plc"/>
<dc element="dc.date.published" value="1997-04-02"/>
<dc element="dc.source" value="Reuters"/>
<dc element="dc.creator.location" value="LUANDA"/>
<dc element="dc.creator.location.country.name" value="ANGOLA"/>
<dc element="dc.source" value="Reuters"/>
</metadata>
</newsitem>
