<?xml version="1.0" encoding="iso-8859-1" ?>
<newsitem itemid="481037" id="root" date="1997-04-02" xml:lang="en">
<title>UK: Saudi cuts May crude to U.S. by 15-25 cents.</title>
<headline>Saudi cuts May crude to U.S. by 15-25 cents.</headline>
<dateline>LONDON 1997-04-02</dateline>
<text>
<p>State Saudi Aramco cut crude formula prices for May sales to U.S. buyers by 15-25 cents a barrel from April levels, traders said on Tuesday.</p>
<p>Aramco told customers May liftings for Arab Light would be priced at WTI less $3.60 a barrel, down 15 cents from April.  </p>
<p>May Arab Heavy was reduced by 15 cents to WTI less $5.50 a barrel.</p>
<p>May extra light Berri was cut by 25 cents to WTI less $2.60 a barrel.</p>
<p>All prices are free on board (fob) Ras Tanura.</p>
<p>Saudi Arab Medium prices for May were not immediately available.</p>
<p>--London newsroom +44 171 542 8060</p>
</text>
<copyright>(c) Reuters Limited 1997</copyright>
<metadata>
<codes class="bip:countries:1.0">
  <code code="SAARAB">
    <editdetail attribution="Reuters BIP Coding Group" action="confirmed" date="1997-04-02"/>
  </code>
  <code code="UK">
    <editdetail attribution="Reuters BIP Coding Group" action="confirmed" date="1997-04-02"/>
  </code>
  <code code="USA">
    <editdetail attribution="Reuters BIP Coding Group" action="confirmed" date="1997-04-02"/>
  </code>
</codes>
<codes class="bip:topics:1.0">
  <code code="M14">
    <editdetail attribution="Reuters BIP Coding Group" action="confirmed" date="1997-04-02"/>
  </code>
  <code code="M143">
    <editdetail attribution="Reuters BIP Coding Group" action="confirmed" date="1997-04-02"/>
  </code>
  <code code="MCAT">
    <editdetail attribution="Reuters BIP Coding Group" action="confirmed" date="1997-04-02"/>
  </code>
</codes>
<dc element="dc.date.created" value="1997-04-02"/>
<dc element="dc.publisher" value="Reuters Holdings Plc"/>
<dc element="dc.date.published" value="1997-04-02"/>
<dc element="dc.source" value="Reuters"/>
<dc element="dc.creator.location" value="LONDON"/>
<dc element="dc.creator.location.country.name" value="UK"/>
<dc element="dc.source" value="Reuters"/>
</metadata>
</newsitem>
