<?xml version="1.0" encoding="iso-8859-1" ?>
<newsitem itemid="481007" id="root" date="1997-04-02" xml:lang="en">
<title>UK: Euro veg oils turn lower due to lack of fresh news.</title>
<headline>Euro veg oils turn lower due to lack of fresh news.</headline>
<dateline>LONDON 1997-04-02</dateline>
<text>
<p>European vegetable oils turned lower by the close as fresh news proved hard to come by, traders said.</p>
<p>In the absense of market moving factors, traders had hoped for a clear direction from Chicago following recent volatility there, but early indication in the U.S. also looked mixed.</p>
<p>&quot;Chicago's opening stance hasn't helped matters,&quot; one trader said.</p>
<p>At the close the palm oil sector was unchanged to $2.50 easier, having been up to $5 firmer at midday.</p>
<p>Trade was sparse during the afternoon, with $582.50 paid for Apr palm olein and $560 for Jul/Sep crude palm oil.</p>
<p>Soy oil finished unchanged to one guilder lower. One trade was reported for Apr at 99 guilders.</p>
<p>Coconut oil fell to $2.50 to $5 below Tuesday's close, with trade ranging from $730 on Feb/Mar to $725 and $720 on Apr/May as the market went in to mild decline. --Stephen Grainger +44 171 542 8074.</p>
</text>
<copyright>(c) Reuters Limited 1997</copyright>
<metadata>
<codes class="bip:countries:1.0">
  <code code="UK">
    <editdetail attribution="Reuters BIP Coding Group" action="confirmed" date="1997-04-02"/>
  </code>
</codes>
<codes class="bip:topics:1.0">
  <code code="M14">
    <editdetail attribution="Reuters BIP Coding Group" action="confirmed" date="1997-04-02"/>
  </code>
  <code code="M141">
    <editdetail attribution="Reuters BIP Coding Group" action="confirmed" date="1997-04-02"/>
  </code>
  <code code="MCAT">
    <editdetail attribution="Reuters BIP Coding Group" action="confirmed" date="1997-04-02"/>
  </code>
</codes>
<dc element="dc.date.created" value="1997-04-02"/>
<dc element="dc.publisher" value="Reuters Holdings Plc"/>
<dc element="dc.date.published" value="1997-04-02"/>
<dc element="dc.source" value="Reuters"/>
<dc element="dc.creator.location" value="LONDON"/>
<dc element="dc.creator.location.country.name" value="UK"/>
<dc element="dc.source" value="Reuters"/>
</metadata>
</newsitem>
