<?xml version="1.0" encoding="iso-8859-1" ?>
<newsitem itemid="481011" id="root" date="1997-04-02" xml:lang="en">
<title>UK: Tesco supermarket sees jump in organic food sales.</title>
<headline>Tesco supermarket sees jump in organic food sales.</headline>
<dateline>LONDON 1997-04-02</dateline>
<text>
<p>The UK's leading food supermarket chain, Tesco, is predicting 400 per cent growth in sales of organic foods by the year 2000, bringing their value to 50 million stg, a company spokesman said.</p>
<p>The retailer has welcomed moves by the National Farmers Union (NFU) to encourage a fresh look at organic farming.</p>
<p>The NFU launched a publication called &quot;Focus on organic farming,&quot; on Wednesday, with the support of the Soil Association, which sets standards for organic produce.</p>
<p>&quot;Farmers and growers are being invited to take a fresh look at the opportunities offered by organic farming,&quot; NFU deputy president Tony Pexton said in a statement.</p>
<p>&quot;Consumer awareness of organic farming is growing at a rapid pace and in representing all farmers and growers, the NFU is highlighting the opportunities,&quot; Pexton said.</p>
<p>&quot;The demand for organic produce is now growing so rapidly that we fear existing organic suppliers may not be able to keep up with the developing market,&quot; Tesco marketing controller Peter Durose said.</p>
<p>&quot;So the decision by the NFU is very timely as we need to attract more farmers to consider the organic market in the future,&quot;he said.</p>
<p>Among other retail groups, Marks and Spencers currently does not sell organic produce. &quot;We did sell it in 1989, but there was only limited demand,&quot; a spokeswoman said.</p>
<p>But it was now reviewing that policy. &quot;I can't say whether we will or we won't. It's something we're looking at, she said.</p>
<p>Safeway, in contrast, has had organic products since 1981, a spokeswoman said. It had started with fruit and vegetables, and then moved to a wider range, including wines, dairy products and cereals. By now there were some 75 organic products on sale in its larger branches, she said.</p>
<p>--Christopher Lyddon, London newsroom +44 171 542 7928</p>
</text>
<copyright>(c) Reuters Limited 1997</copyright>
<metadata>
<codes class="bip:countries:1.0">
  <code code="UK">
    <editdetail attribution="Reuters BIP Coding Group" action="confirmed" date="1997-04-02"/>
  </code>
</codes>
<codes class="bip:industries:1.0">
  <code code="I64100">
    <editdetail attribution="Reuters BIP Coding Group" action="confirmed" date="1997-04-02"/>
  </code>
</codes>
<codes class="bip:topics:1.0">
  <code code="C31">
    <editdetail attribution="Reuters BIP Coding Group" action="confirmed" date="1997-04-02"/>
  </code>
  <code code="CCAT">
    <editdetail attribution="Reuters BIP Coding Group" action="confirmed" date="1997-04-02"/>
  </code>
</codes>
<dc element="dc.date.created" value="1997-04-02"/>
<dc element="dc.publisher" value="Reuters Holdings Plc"/>
<dc element="dc.date.published" value="1997-04-02"/>
<dc element="dc.source" value="Reuters"/>
<dc element="dc.creator.location" value="LONDON"/>
<dc element="dc.creator.location.country.name" value="UK"/>
<dc element="dc.source" value="Reuters"/>
</metadata>
</newsitem>
