<?xml version="1.0" encoding="iso-8859-1" ?>
<newsitem itemid="481047" id="root" date="1997-04-02" xml:lang="en">
<title>ZAIRE: GOVERNMENT LIST.</title>
<headline>GOVERNMENT LIST.</headline>
<text>
<p>ZAIRE GOVERNMENT LIST (970402)</p>
<p>  ***********************************************************</p>
<p>  *  1 Apr 97 - The USORAL opposition alliance nominated    *</p>
<p>  *		 Etienne Tshisekedi, President Mobutu's arch-*</p>
<p>  *		 foe, as new prime minister.		     *</p>
<p>  * 24 Mar 97 - President Mobutu Sese Seko accepted the     *</p>
<p>  *		 resignation of his prime minister but asked *</p>
<p>  *		 Kengo and his government to remain in office*</p>
<p>  *		 until a successor is found.		     *</p>
<p>  ***********************************************************</p>
<p> President...........(Marshal) MOBUTU Sese Seko</p>
<p>			    - - - - - - -</p>
<p>GOVERNMENT (Sworn In 11 July 94, Reshuffled 24 Dec 96):</p>
<p> Prime Minister (reappointed 24 Dec 96........KENGO wa Dondo**</p>
<p>				(**Resigned 24 Mar 97: See Note Above)</p>
<p>Prime Minister-designate..Etienne TSHISEKEDI**</p>
<p>				(**Nominated 1 Apr 97: See Note Above)</p>
<p>Deputy Prime Minister..General LUKULIA Bolongo</p>
<p>(Also Minister of Defence)</p>
<p> Deputy Prime Minister.......KAMANDA Wa Kamanda</p>
<p>(Also Minister of Foreign Affairs)</p>
<p> Deputy Prime Minister...........MENDE Omalanga</p>
<p>(Also Minister of Transport &amp; Communications)</p>
<p> Deputy Prime Minister...........BANZA Mukalayi</p>
<p>(Also Minister of Mines)</p>
<p>				- - - - - - -</p>
<p>MINISTERS:</p>
<p> Agriculture.......YEKI Bampende</p>
<p> Budget........BOLENGE Mokesombo</p>
<p> Civil Service....KASEREKA Kasai</p>
<p> Culture &amp; Arts..MBONZI Matayoko</p>
<p> Economy.........MAMBU ma Khenzu</p>
<p> Energy...........MANANGA Ditoka</p>
<p> Environment, Conservation, Tourism...TSHIBANDA Ntunda Mulongo  Finance...........Marco BANGULI</p>
<p> Foreign Affairs..See Deputy PMs</p>
<p> Foreign Trade......KITENGE Yezu</p>
<p> Health &amp; Family...KASONGO Numbi</p>
<p> Higher Education, Universities &amp;</p>
<p>    Scientific Research..........MUSHOBEKWA Kali Mba wa Katana</p>
<p> Information, Press................KOLONI Longo</p>
<p> Interior..........MWANDO Nsimba</p>
<p> International Cooperation...............Wivine NLANDU Kavindi</p>
<p> Justice, Institutional Reform &amp;</p>
<p> Lord Chancellor.....TSHIBWABWA Ashila Pashi</p>
<p> Labour.........BANDABASO Nadedo</p>
<p> Land Affairs..KAYUMBA Bin Amani</p>
<p> Mining...........See Deputy PMs</p>
<p> Planning........TABIANA Ngansia</p>
<p> Posts, Telephones, Telecommunications..........NYINDU Kitenge</p>
<p> Primary, Secondary &amp; Vocational Education.........EPEE Gambwa</p>
<p> Public Works.............Alexis THAMBWE Mwamba</p>
<p> Social Affairs.....BETU Kabamba</p>
<p> Sports, Youth &amp; Leisure....KISOMBE Kiaku Mwisi</p>
<p> State Investment Portfolio...............MBOSO Nkodia Mpwanga</p>
<p> Transport &amp; Communications......See Deputy PMs</p>
<p>				 - - - - - - -</p>
<p> Central Bank Governor...........Patrice DJAMBOLEKA Okitongono</p>
<p>				 - - - - - - -</p>
<p>	 NOTE: Any comments/queries on the content of this</p>
<p>		 government list, please contact the Reuter</p>
<p>		 Editorial Reference Unit, London, on (171) 542</p>
<p>		 7968.</p>
<p>			  (End government list)</p>
</text>
<copyright>(c) Reuters Limited 1997</copyright>
<metadata>
<codes class="bip:countries:1.0">
  <code code="ZAIRE">
    <editdetail attribution="Reuters BIP Coding Group" action="confirmed" date="1997-04-02"/>
  </code>
</codes>
<codes class="bip:topics:1.0">
  <code code="GCAT">
    <editdetail attribution="Reuters BIP Coding Group" action="confirmed" date="1997-04-02"/>
  </code>
  <code code="GPOL">
    <editdetail attribution="Reuters BIP Coding Group" action="confirmed" date="1997-04-02"/>
  </code>
</codes>
<dc element="dc.publisher" value="Reuters Holdings Plc"/>
<dc element="dc.date.published" value="1997-04-02"/>
<dc element="dc.source" value="Reuters"/>
<dc element="dc.creator.location.country.name" value="ZAIRE"/>
<dc element="dc.source" value="Reuters"/>
</metadata>
</newsitem>
