<?xml version="1.0" encoding="iso-8859-1" ?>
<newsitem itemid="481127" id="root" date="1997-04-02" xml:lang="en">
<title>KENYA: PRESS DIGEST - Kenya - April 2.</title>
<headline>PRESS DIGEST - Kenya - April 2.</headline>
<dateline>NAIROBI 1997-04-02</dateline>
<text>
<p>These are the leading stories in the Kenyan press on Wednesday. Reuters has not verified these stories and does not vouch for their accuracy.</p>
<p>DAILY NATION</p>
<p>- President Daniel arap Moi criticises members of parliament who berate the country's leadership when they are abroad.</p>
<p>- Employees of the Kenya Railways Corporation strike, demanding March salaries.</p>
<p>- Three men are charged in a Nairobi court with trying to defraud the treasury of 159 million shillings.</p>
<p>EAST AFRICAN STANDARD</p>
<p>- President Moi warns inflation is likely to go up while economic growth is likely to decline because of famine in Kenya.</p>
<p>- A policeman in the Rift Valley district of Trans Nzoia goes beserk, deserting his station and shooting dead his uncle.</p>
<p>- The government maintains the ban on game hunting will remain.</p>
<p>KENYA TIMES</p>
<p>- Oppposition leaders declare war against the government for what they say is its refusal to come up with policies against famine, insecurity and social ills.</p>
<p>- Angry villagers from Makueni in eastern Kenya set ablaze a suspected member of a notorious gang.</p>
<p>-  A bishop receives a suspended sentence for stealing money donated to his church for construction of a children's home. ($1=55 Kenyan Shillings)</p>
</text>
<copyright>(c) Reuters Limited 1997</copyright>
<metadata>
<codes class="bip:countries:1.0">
  <code code="KENYA">
    <editdetail attribution="Reuters BIP Coding Group" action="confirmed" date="1997-04-02"/>
  </code>
</codes>
<codes class="bip:topics:1.0">
  <code code="GCAT">
    <editdetail attribution="Reuters BIP Coding Group" action="confirmed" date="1997-04-02"/>
  </code>
</codes>
<dc element="dc.date.created" value="1997-04-02"/>
<dc element="dc.publisher" value="Reuters Holdings Plc"/>
<dc element="dc.date.published" value="1997-04-02"/>
<dc element="dc.source" value="Reuters"/>
<dc element="dc.creator.location" value="NAIROBI"/>
<dc element="dc.creator.location.country.name" value="KENYA"/>
<dc element="dc.source" value="Reuters"/>
</metadata>
</newsitem>
