<?xml version="1.0" encoding="iso-8859-1" ?>
<newsitem itemid="481151" id="root" date="1997-04-02" xml:lang="en">
<title>RUSSIA: Yeltsin, Lukashenko sign brief treaty on union.</title>
<headline>Yeltsin, Lukashenko sign brief treaty on union.</headline>
<dateline>MOSCOW 1997-04-02</dateline>
<text>
<p>Presidents Boris Yeltsin of Russia and Alexander Lukashenko of Belarus on Wednesday signed a brief document which will form the basis for a union between the two former Soviet republics.</p>
<p>The two leaders, attending a ceremony in the Moscow Kremlin, also initialled a more detailed charter on union, which will now be subject to public discussion for one month.</p>
<p>The contents were not immediately known, but Interfax news agency said the Union Treaty was a three-page document.</p>
<p>This would differ from a 17-page draft, which provided for the two states to coordinate foreign, economic and defence policies but stopped short of a merger into a single state.</p>
<p>The decision to sign only a short accord appears to reflect a compromise reached in last-minute bargaining.</p>
<p>Lukashenko and the more conservative part of the Russian leadership had wanted a more binding document to be signed, including a detailed section which appears to have been transferred into the charter.</p>
<p>Liberals in the Russian government opposed the original draft, saying they feared union could harm Russia's economy and make Lukashenko, who once professed an admiration for Adolf Hitler, a key player in Moscow politics.</p>
<p>Yeltsin, speaking before the signing ceremony, said both members would retain their sovereignty, and the union budget would be used to finance joint economic programmes.</p>
<p>But he added that a currency union between Russia and Belarus was relatively far off. &quot;We have a lot to do before introducing a single currency.&quot;</p>
</text>
<copyright>(c) Reuters Limited 1997</copyright>
<metadata>
<codes class="bip:countries:1.0">
  <code code="BYELRS">
    <editdetail attribution="Reuters BIP Coding Group" action="confirmed" date="1997-04-02"/>
  </code>
  <code code="RUSS">
    <editdetail attribution="Reuters BIP Coding Group" action="confirmed" date="1997-04-02"/>
  </code>
</codes>
<codes class="bip:topics:1.0">
  <code code="GCAT">
    <editdetail attribution="Reuters BIP Coding Group" action="confirmed" date="1997-04-02"/>
  </code>
  <code code="GDIP">
    <editdetail attribution="Reuters BIP Coding Group" action="confirmed" date="1997-04-02"/>
  </code>
</codes>
<dc element="dc.date.created" value="1997-04-02"/>
<dc element="dc.publisher" value="Reuters Holdings Plc"/>
<dc element="dc.date.published" value="1997-04-02"/>
<dc element="dc.source" value="Reuters"/>
<dc element="dc.creator.location" value="MOSCOW"/>
<dc element="dc.creator.location.country.name" value="RUSSIA"/>
<dc element="dc.source" value="Reuters"/>
</metadata>
</newsitem>
