<?xml version="1.0" encoding="iso-8859-1" ?>
<newsitem itemid="481106" id="root" date="1997-04-02" xml:lang="en">
<title>MAURITIUS: Mauritian rupee weakens on dollar and pound.</title>
<headline>Mauritian rupee weakens on dollar and pound.</headline>
<dateline>PORT LOUIS 1997-04-02</dateline>
<text>
<p>The Mauritian rupee fell against both the dollar and the British pound on Wednesday, which forex dealers said reflected international trends.</p>
<p>The rupee was fixed at a commercial bank mean rate of 20.1285 to the dollar from 20.0965 on Tuesday.</p>
<p>Against the British pound the rupee was posted at a mean rate of 33.2545 from 32.9860 on Tuesday.</p>
<p>The central bank intervened in the interbank forex market mid afternoon on Tuesday at a rate six cents higher than the prevailing interbank rate.</p>
<p>&quot;Commercial banks are long in dollars for the moment after supply from market intervention on Tuesday,&quot; a dealer said.</p>
</text>
<copyright>(c) Reuters Limited 1997</copyright>
<metadata>
<codes class="bip:countries:1.0">
  <code code="MAURTS">
    <editdetail attribution="Reuters BIP Coding Group" action="confirmed" date="1997-04-02"/>
  </code>
</codes>
<codes class="bip:topics:1.0">
  <code code="M13">
    <editdetail attribution="Reuters BIP Coding Group" action="confirmed" date="1997-04-02"/>
  </code>
  <code code="M132">
    <editdetail attribution="Reuters BIP Coding Group" action="confirmed" date="1997-04-02"/>
  </code>
  <code code="MCAT">
    <editdetail attribution="Reuters BIP Coding Group" action="confirmed" date="1997-04-02"/>
  </code>
</codes>
<dc element="dc.date.created" value="1997-04-02"/>
<dc element="dc.publisher" value="Reuters Holdings Plc"/>
<dc element="dc.date.published" value="1997-04-02"/>
<dc element="dc.source" value="Reuters"/>
<dc element="dc.creator.location" value="PORT LOUIS"/>
<dc element="dc.creator.location.country.name" value="MAURITIUS"/>
<dc element="dc.source" value="Reuters"/>
</metadata>
</newsitem>
