<?xml version="1.0" encoding="iso-8859-1" ?>
<newsitem itemid="481168" id="root" date="1997-04-02" xml:lang="en">
<title>HUNGARY: Hungary turns down Italy request for Albania force.</title>
<headline>Hungary turns down Italy request for Albania force.</headline>
<dateline>BUDAPEST 1997-04-02</dateline>
<text>
<p>Hungarian Prime Minister Gyula Horn said on Wednesday Hungary would not be sending troops to Albania despite a request from Italy to do so.</p>
<p>After all-party discussions in parliament it was agreed that Hungary should not join a multinational peace-keeping force in Albania, the Hungarian MTI news agency reported.</p>
<p>&quot;Considering the circumstances I took the view that the government should not meet Italy's request that Hungarian soldiers should take part in the deployment in Albania,&quot; Horn told a news conference.</p>
<p>Horn said the Italian government had asked Hungary to send a 250-strong contingent to Albania this month to protect humanitarian aid supplies to the troubled country.</p>
<p>Horn said the reasons for turning down the request were that it had not come from either the European Union nor the North Atlantic Treaty Organisation (NATO) and that the personal safety of soldiers in the force was not guaranteed.</p>
<p>He said the decision would not weaken Hungary's chances of joining NATO nor worsen the country's traditionally good relations with Italy.</p>
<p>Hungary had already helped Albania with shipments of clothing and medicines and would continue to send humanitarian aid, he said.</p>
</text>
<copyright>(c) Reuters Limited 1997</copyright>
<metadata>
<codes class="bip:countries:1.0">
  <code code="ALB">
    <editdetail attribution="Reuters BIP Coding Group" action="confirmed" date="1997-04-02"/>
  </code>
  <code code="HUNG">
    <editdetail attribution="Reuters BIP Coding Group" action="confirmed" date="1997-04-02"/>
  </code>
  <code code="ITALY">
    <editdetail attribution="Reuters BIP Coding Group" action="confirmed" date="1997-04-02"/>
  </code>
</codes>
<codes class="bip:topics:1.0">
  <code code="GCAT">
    <editdetail attribution="Reuters BIP Coding Group" action="confirmed" date="1997-04-02"/>
  </code>
  <code code="GDEF">
    <editdetail attribution="Reuters BIP Coding Group" action="confirmed" date="1997-04-02"/>
  </code>
  <code code="GDIP">
    <editdetail attribution="Reuters BIP Coding Group" action="confirmed" date="1997-04-02"/>
  </code>
</codes>
<dc element="dc.date.created" value="1997-04-02"/>
<dc element="dc.publisher" value="Reuters Holdings Plc"/>
<dc element="dc.date.published" value="1997-04-02"/>
<dc element="dc.source" value="Reuters"/>
<dc element="dc.creator.location" value="BUDAPEST"/>
<dc element="dc.creator.location.country.name" value="HUNGARY"/>
<dc element="dc.source" value="Reuters"/>
</metadata>
</newsitem>
