<?xml version="1.0" encoding="iso-8859-1" ?>
<newsitem itemid="481180" id="root" date="1997-04-02" xml:lang="en">
<title>HUNGARY: Hungary three-month T-bill yield rises to 20.86 pc.</title>
<headline>Hungary three-month T-bill yield rises to 20.86 pc.</headline>
<dateline>BUDAPEST 1997-04-02</dateline>
<text>
<p>The average annual yield on the latest issue of three-month discount treasury bills was set by auction at 20.86 percent, up from 20.76 percent at an auction one week ago, the Government Debt Management Agency said on Wednesday.</p>
<p>Full details of the auction follow.</p>
<p>    Total on offer	     5,000 million forints</p>
<p>    Total bids received	9,535.23 million forints</p>
<p>    Total allocated	    5,000 million forints</p>
<p>    Total issued		 5,000 million forints</p>
<p>    Average annual yield	    20.86 pct</p>
<p>    Average price		     95.0564 pct</p>
</text>
<copyright>(c) Reuters Limited 1997</copyright>
<metadata>
<codes class="bip:countries:1.0">
  <code code="HUNG">
    <editdetail attribution="Reuters BIP Coding Group" action="confirmed" date="1997-04-02"/>
  </code>
</codes>
<codes class="bip:topics:1.0">
  <code code="M13">
    <editdetail attribution="Reuters BIP Coding Group" action="confirmed" date="1997-04-02"/>
  </code>
  <code code="M131">
    <editdetail attribution="Reuters BIP Coding Group" action="confirmed" date="1997-04-02"/>
  </code>
  <code code="MCAT">
    <editdetail attribution="Reuters BIP Coding Group" action="confirmed" date="1997-04-02"/>
  </code>
</codes>
<dc element="dc.date.created" value="1997-04-02"/>
<dc element="dc.publisher" value="Reuters Holdings Plc"/>
<dc element="dc.date.published" value="1997-04-02"/>
<dc element="dc.source" value="Reuters"/>
<dc element="dc.creator.location" value="BUDAPEST"/>
<dc element="dc.creator.location.country.name" value="HUNGARY"/>
<dc element="dc.source" value="Reuters"/>
</metadata>
</newsitem>
