<?xml version="1.0" encoding="iso-8859-1" ?>
<newsitem itemid="481112" id="root" date="1997-04-02" xml:lang="en">
<title>ZIMBABWE: Political bickering hits Zimbabwe privatisation.</title>
<headline>Political bickering hits Zimbabwe privatisation.</headline>
<byline>Cris Chinaka</byline>
<dateline>HARARE 1997-04-02</dateline>
<text>
<p>Political bickering over investment opportunities is delaying Zimbabwe's long-awaited privatisation programme, local economic and political analysts said on Wednesday.</p>
<p>Controversy over government tender awards, and accusations that some business and political elites have hijacked the drive to empower the black majority, are damaging the southern African country's investment profile, they said.</p>
<p>After a 10-year experiment with socialism, President Robert Mugabe's government committed itself over seven years ago to a scheme to break up monopolies and to commercialise and privatise dozens of mostly loss-making state enterprises.</p>
<p>But for five years it set no policy and pursued the scheme at a pace which some economic analysts saw as largely aimed at staving off criticism from Western donors seeking economic reforms sponsored by the World Bank and the International Monetary Fund (IMF).</p>
<p>Zimbabwe's sales of state assets raised a mere U.S.$59 million in the financial year ended June 1996 against a target of $2.3 billion.</p>
<p>The government says it has now found its footing, and Mugabe has been telling potential foreign investors that he will speed up privatisation while maintaining its core aim of economically empowering the country's majority black people.</p>
<p>Privatisation receipts are projected to total Z$1 billion ($89 million) in the current financial year, but many analysts believe the government cannot meet the target and it still has to undertake the promised large-scale reform or privatisation of the public sector.</p>
<p>&quot;Things have been painfully slow but the process will be even slower now with all these controversies,&quot; said John Robertson, a leading private economic consultant.</p>
<p>He was referring to controversy surrounding the government's recent decision to award the country's first private cellular phone licence to a consortium of black businessmen, including President Mugabe's nephew Leo Mugabe, and a foreign firm called Telecel.</p>
<p>Many Zimbabweans expected the licence to go to Econet, a Zimbabwean company led by Strive Masiyiwa, which has been battling the state in the courts for the last three years for the licence and has already set up a system which is ready to start.</p>
<p>The government denies public accusations that it favoured Telecel, but the award has been temporarily suspended by the state tender board to allow the ministry of information, posts and telecommunications to reply &quot;point by point&quot; to complaints lodged by Econet in a 100-page document, and other bidders.</p>
<p>The cellular phone tender has left President Robert Mugabe's cabinet bickering and its business allies in the black economic empowerment campaign highly divided and supporting different bidders.</p>
<p>&quot;It's a dog fight over opportunities...and we are going to move very slowly (towards privatisation) in these circumstances,&quot; said John Makumbe, a political scientist at Harare's University of Zimbabwe.</p>
<p>The failure of Zimbabwe's political process -- dominated by Mugabe's ruling ZANU-PF party -- to block deals regarded by many Zimbabweans as underhand, was undermining confidence among foreign donors, he told Reuters.</p>
<p>Robertson said Zimbabwe was already suffering an image problem compared with neighbouring states such as Mozambique and Zambia that were engaged in sweeping asset sales.</p>
<p>$1=11.27</p>
<p>---Harare Newsroom: +263-4 72 52 27/8/9---</p>
</text>
<copyright>(c) Reuters Limited 1997</copyright>
<metadata>
<codes class="bip:countries:1.0">
  <code code="ZIMBAB">
    <editdetail attribution="Reuters BIP Coding Group" action="confirmed" date="1997-04-02"/>
  </code>
</codes>
<codes class="bip:topics:1.0">
  <code code="C18">
    <editdetail attribution="Reuters BIP Coding Group" action="confirmed" date="1997-04-02"/>
  </code>
  <code code="C183">
    <editdetail attribution="Reuters BIP Coding Group" action="confirmed" date="1997-04-02"/>
  </code>
  <code code="CCAT">
    <editdetail attribution="Reuters BIP Coding Group" action="confirmed" date="1997-04-02"/>
  </code>
  <code code="E12">
    <editdetail attribution="Reuters BIP Coding Group" action="confirmed" date="1997-04-02"/>
  </code>
  <code code="ECAT">
    <editdetail attribution="Reuters BIP Coding Group" action="confirmed" date="1997-04-02"/>
  </code>
  <code code="GCAT">
    <editdetail attribution="Reuters BIP Coding Group" action="confirmed" date="1997-04-02"/>
  </code>
  <code code="GPOL">
    <editdetail attribution="Reuters BIP Coding Group" action="confirmed" date="1997-04-02"/>
  </code>
</codes>
<dc element="dc.date.created" value="1997-04-02"/>
<dc element="dc.publisher" value="Reuters Holdings Plc"/>
<dc element="dc.date.published" value="1997-04-02"/>
<dc element="dc.source" value="Reuters"/>
<dc element="dc.creator.location" value="HARARE"/>
<dc element="dc.creator.location.country.name" value="ZIMBABWE"/>
<dc element="dc.source" value="Reuters"/>
</metadata>
</newsitem>
