<?xml version="1.0" encoding="iso-8859-1" ?>
<newsitem itemid="481101" id="root" date="1997-04-02" xml:lang="en">
<title>KENYA: Drought will hit Kenyan tea until June -report.</title>
<headline>Drought will hit Kenyan tea until June -report.</headline>
<dateline>MOMBASA 1997-04-02</dateline>
<text>
<p>Prolonged dry weather in Kenya's main tea- producing areas has led to a decline in production that is likely to persist until June, a private report said on Wednesday.</p>
<p>The report from Mombasa-based African Tea Broker Ltd. said recovery would be slow even though long-awaited rains had now arrived.</p>
<p>All producing areas had been affected by drought, with the crop put under severe stress. Plucking was much reduced and leaf intake in some areas the lowest on record -- forcing many factories to close.</p>
<p>The report gave a crop figure for February this year of 13.52 million kg, a fall of 39.06 per cent compared with the same month in 1996.</p>
<p>Average prices at Mombasa weekly auctions were $1.78 in February against $1.38 a year earlier.</p>
<p>-- Nairobi newsroom +2542 2 330261</p>
</text>
<copyright>(c) Reuters Limited 1997</copyright>
<metadata>
<codes class="bip:countries:1.0">
  <code code="KENYA">
    <editdetail attribution="Reuters BIP Coding Group" action="confirmed" date="1997-04-02"/>
  </code>
</codes>
<codes class="bip:industries:1.0">
  <code code="I01001">
    <editdetail attribution="Reuters BIP Coding Group" action="confirmed" date="1997-04-02"/>
  </code>
  <code code="I0100142">
    <editdetail attribution="Reuters BIP Coding Group" action="confirmed" date="1997-04-02"/>
  </code>
</codes>
<codes class="bip:topics:1.0">
  <code code="C24">
    <editdetail attribution="Reuters BIP Coding Group" action="confirmed" date="1997-04-02"/>
  </code>
  <code code="CCAT">
    <editdetail attribution="Reuters BIP Coding Group" action="confirmed" date="1997-04-02"/>
  </code>
  <code code="GCAT">
    <editdetail attribution="Reuters BIP Coding Group" action="confirmed" date="1997-04-02"/>
  </code>
  <code code="GWEA">
    <editdetail attribution="Reuters BIP Coding Group" action="confirmed" date="1997-04-02"/>
  </code>
</codes>
<dc element="dc.date.created" value="1997-04-02"/>
<dc element="dc.publisher" value="Reuters Holdings Plc"/>
<dc element="dc.date.published" value="1997-04-02"/>
<dc element="dc.source" value="Reuters"/>
<dc element="dc.creator.location" value="MOMBASA"/>
<dc element="dc.creator.location.country.name" value="KENYA"/>
<dc element="dc.source" value="Reuters"/>
</metadata>
</newsitem>
