<?xml version="1.0" encoding="iso-8859-1" ?>
<newsitem itemid="481161" id="root" date="1997-04-02" xml:lang="en">
<title>POLAND: Poland may soon pick investor for Celuloza - adviser.</title>
<headline>Poland may soon pick investor for Celuloza - adviser.</headline>
<dateline>WARSAW 1997-04-02</dateline>
<text>
<p>Poland's treasury ministry may soon choose a strategic investor for the country's largest paper producer Zaklady Celulozy i Papieru Celuloza SA, a company advising the ministry on the sale said on Wednesday.</p>
<p>&quot;Nothing has been decided yet, may be this (the choice of an investor) will take place in the coming days. Negotiations continue,&quot; Dariusz Olszewski, deputy president of the firm, told Reuters.</p>
<p>Newspapers have earlier reported that South Africa's Mondi and its Austrian subsidiary  Frantschach AG have been picked as the investor in Celuloza, based in the northen city of Swiecie, but Olszewski declined to comment on the reports.</p>
<p>Celuloza's president Leopold Garbacz said on Tuesday that the company was keen on attracting a large firm from the paper sector as its strategic investor.</p>
<p>The treasury ministry wants to sell up to 65 percent of shares in Celuloza to a strategic investor and float 15 percent of its shares this month on the Warsaw bourse.</p>
<p>The public subscription for Celuloza's 7.5 million shares, with a minimum price of 15 zlotys each, is scheduled for April 15-18. The sale of tranche, representing 15 percent of the firm's capital, is due on April 22.</p>
<p>According to estimates, Celuloza netted 73 million zlotys last year on sales of 697.6 million zlotys.</p>
<p>In 1995 the company netted 110 million zloty on 760 million zloty revenues.</p>
<p>-- Warsaw Newsroom +48 22 653 9700</p>
</text>
<copyright>(c) Reuters Limited 1997</copyright>
<metadata>
<codes class="bip:countries:1.0">
  <code code="POL">
    <editdetail attribution="Reuters BIP Coding Group" action="confirmed" date="1997-04-02"/>
  </code>
</codes>
<codes class="bip:industries:1.0">
  <code code="I47100">
    <editdetail attribution="Reuters BIP Coding Group" action="confirmed" date="1997-04-02"/>
  </code>
</codes>
<codes class="bip:topics:1.0">
  <code code="C17">
    <editdetail attribution="Reuters BIP Coding Group" action="confirmed" date="1997-04-02"/>
  </code>
  <code code="C171">
    <editdetail attribution="Reuters BIP Coding Group" action="confirmed" date="1997-04-02"/>
  </code>
  <code code="C18">
    <editdetail attribution="Reuters BIP Coding Group" action="confirmed" date="1997-04-02"/>
  </code>
  <code code="C181">
    <editdetail attribution="Reuters BIP Coding Group" action="confirmed" date="1997-04-02"/>
  </code>
  <code code="C183">
    <editdetail attribution="Reuters BIP Coding Group" action="confirmed" date="1997-04-02"/>
  </code>
  <code code="CCAT">
    <editdetail attribution="Reuters BIP Coding Group" action="confirmed" date="1997-04-02"/>
  </code>
</codes>
<dc element="dc.date.created" value="1997-04-02"/>
<dc element="dc.publisher" value="Reuters Holdings Plc"/>
<dc element="dc.date.published" value="1997-04-02"/>
<dc element="dc.source" value="Reuters"/>
<dc element="dc.creator.location" value="WARSAW"/>
<dc element="dc.creator.location.country.name" value="POLAND"/>
<dc element="dc.source" value="Reuters"/>
</metadata>
</newsitem>
