<?xml version="1.0" encoding="iso-8859-1" ?>
<newsitem itemid="481113" id="root" date="1997-04-02" xml:lang="en">
<title>KENYA: Burundi army says 57 villagers killed in fighting.</title>
<headline>Burundi army says 57 villagers killed in fighting.</headline>
<dateline>NAIROBI 1997-04-02</dateline>
<text>
<p>Burundi's army on Wednesday said 57 villagers were killed in fighting between the army and Hutu rebels south of the capital Bujumbura last Thursday.</p>
<p>Army spokesman Isaie Nibizi said the 57 had gathered at a market in the village of Rumonge, 60 kms (40 miles) from the capital, and were killed when the army and rebels opened fire at the same time.</p>
<p>&quot;It seems that those who died were civilians and a team has now been sent to Rumonge to find out exactly what happened there,&quot; said Nibizi.</p>
<p>There was no independent confirmation of the number of dead in the incident or of the way in which the villagers died.</p>
<p>Nibizi said the army suffered only light casualties at Rumonge and that casualty figures for the rebels were not available.</p>
<p>&quot;They do not wear uniforms so it is difficult to tell who they are,&quot; the spokesman said.</p>
<p>More than 150,000 people have been killed in massacres and fighting between the Tutsi-dominated army and Hutu rebels since the killing of Burundi's first elected Hutu president in October 1993.</p>
<p>Regional sanctions imposed last year have failed to push Burundi's Tutsi military leader Major Pierre Buyoya, who seized power last July, into unconditional talks with the rebels of the Hutu majority, who are fighting for a bigger political say.</p>
<p>A regional summit to review sanctions on Burundi had been scheduled for the northern Tanzanian town of Arusha on April 8 but diplomatic sources said it had been postponed indefinitely.</p>
</text>
<copyright>(c) Reuters Limited 1997</copyright>
<metadata>
<codes class="bip:countries:1.0">
  <code code="BURUN">
    <editdetail attribution="Reuters BIP Coding Group" action="confirmed" date="1997-04-02"/>
  </code>
</codes>
<codes class="bip:topics:1.0">
  <code code="GCAT">
    <editdetail attribution="Reuters BIP Coding Group" action="confirmed" date="1997-04-02"/>
  </code>
  <code code="GVIO">
    <editdetail attribution="Reuters BIP Coding Group" action="confirmed" date="1997-04-02"/>
  </code>
</codes>
<dc element="dc.date.created" value="1997-04-02"/>
<dc element="dc.publisher" value="Reuters Holdings Plc"/>
<dc element="dc.date.published" value="1997-04-02"/>
<dc element="dc.source" value="Reuters"/>
<dc element="dc.creator.location" value="NAIROBI"/>
<dc element="dc.creator.location.country.name" value="KENYA"/>
<dc element="dc.source" value="Reuters"/>
</metadata>
</newsitem>
