<?xml version="1.0" encoding="iso-8859-1" ?>
<newsitem itemid="481117" id="root" date="1997-04-02" xml:lang="en">
<title>ETHIOPIA: Eritrean central banker says economy doing well.</title>
<headline>Eritrean central banker says economy doing well.</headline>
<byline>Tsegaye Tadesse</byline>
<dateline>ADDIS ABABA 1997-04-02</dateline>
<text>
<p>Eritrea's chief banker said on Wednesday the Red Sea state was building an economy ruined by a 30-year liberation war and results so far were satisfactory.</p>
<p>Tekie Beyene, governor of the central National Bank of Eritrea, told Reuters in Addis Ababa that the economic performance of Africa's newest country was &quot;very satisfactory&quot;.</p>
<p>Quoting International Monetary Fund (IMF) figures, Tekie said gross domestic product (GDP) grew at 6.8 percent in 1996 and forecast a rise in GDP growth in 1997.</p>
<p>He said inflation in Eritrea stood at 2.3 percent in the first quarter of 1997 and was expected to stay in that range. He did not give comparative figures for the previous year.</p>
<p>Tekie said he was quoting IMF figures because of a lack of reliable data in Eritrea, which became independent from Ethiopia in 1993.</p>
<p>Eritrea, with a population of about four million, still suffers from a lack of skilled manpower and is trying to build a working bureau of statistics, according to financial experts.</p>
<p>Tekie said programmes to upgrade its infrastructure were in progress and targets included the rehabilitation and construction of schools, hospitals, and water and electricity.</p>
<p>He did not say where the money for the rehabilitation was coming from but Eritrea is known among donors for being wary of undertaking large foreign-funded projects and relying on its own resources.</p>
<p>New roads were under construction and old ones were being repaired, Tekie said.</p>
<p>Eritrea was a province of Ethiopia until independence in May 1993. It fought a gruelling 30-year war for its freedom, which was ensured by the fall of Ethiopian Marxist dictator Mengistu Haile Mariam in 1991.</p>
<p>Eritrea called a referendum on independence under the supervision of the United Nations in 1991, leading to independence two years later under President Isayas Afewerki.</p>
<p>The Red Sea port of Massawa, which was virtually destroyed by an Ethiopian air strike during the war, as well as Assab which Ethiopia uses for imports and exports were being rehabilitated, Tekie said.</p>
<p>He did not give a cost for the rehabilitation projects.</p>
<p>Tekie said infratsructural development was being undertaken across the whole country &quot;to satisfy the educational and health requirements of the Eritrean people&quot;.</p>
<p>He said Eritrea had listed 43 public enterprises and factories for sale in its privatisation drive.</p>
<p>&quot;The privatisation agency has already distributed bid documents to interested buyers -- foreign as well as local investors,&quot; said Tekie.</p>
<p>He said the new Eritrean currency, the nakfa, was expected in circulation hopefully before the end of 1997. Eritrea still uses the Ethiopian birr as its currency at a rate of 6.643 to the dollar this week.</p>
<p>Nakfa is the name of a northern Eritrean town which was a key to the Eritrean guerrilla movement in the war with Ethiopia.</p>
<p>--Addis Ababa ++2511-511058.</p>
</text>
<copyright>(c) Reuters Limited 1997</copyright>
<metadata>
<codes class="bip:countries:1.0">
  <code code="ERTRA">
    <editdetail attribution="Reuters BIP Coding Group" action="confirmed" date="1997-04-02"/>
  </code>
  <code code="ETHPA">
    <editdetail attribution="Reuters BIP Coding Group" action="confirmed" date="1997-04-02"/>
  </code>
</codes>
<codes class="bip:topics:1.0">
  <code code="E11">
    <editdetail attribution="Reuters BIP Coding Group" action="confirmed" date="1997-04-02"/>
  </code>
  <code code="ECAT">
    <editdetail attribution="Reuters BIP Coding Group" action="confirmed" date="1997-04-02"/>
  </code>
</codes>
<dc element="dc.date.created" value="1997-04-02"/>
<dc element="dc.publisher" value="Reuters Holdings Plc"/>
<dc element="dc.date.published" value="1997-04-02"/>
<dc element="dc.source" value="Reuters"/>
<dc element="dc.creator.location" value="ADDIS ABABA"/>
<dc element="dc.creator.location.country.name" value="ETHIOPIA"/>
<dc element="dc.source" value="Reuters"/>
</metadata>
</newsitem>
