<?xml version="1.0" encoding="iso-8859-1" ?>
<newsitem itemid="481209" id="root" date="1997-04-02" xml:lang="en">
<title>BOSNIA: Gas heating cut off to wintry Sarajevo.</title>
<headline>Gas heating cut off to wintry Sarajevo.</headline>
<dateline>SARAJEVO 1997-04-02</dateline>
<text>
<p>Residents of Bosnia's capital endured wintry temperatures without gas heating on Wednesday after Russian suppliers virtually cut off natural gas deliveries to the city because of a dispute over outstanding debts.</p>
<p>The Bosnian gas company said it was forced to shut off the supply to Sarajevo because Russian suppliers had reduced the flow to a miniscule amount.</p>
<p>The Russian firm Gas Export had already scaled back deliveries because Bosnia has yet to settle a $12.4 million debt covering a period dating back to 1995.</p>
<p>Many Bosnians rely on natural gas for winter heating and suffered through much of the 1992-95 war without gas or power.</p>
<p>The gas reduction was a grim reminder of Sarajevo's wartime siege, when city residents burned furniture or books to keep warm with makeshift stoves.</p>
<p>Leaders of Bosnia's Serb and Moslem-Croat entities have been arguing for months over how much each territory owes the Russian company, prompting repeated reductions by Gas Export.</p>
<p>The latest reduction was triggered by the Moslem-Croat Federation's failure to make good on payments for 1997, said Tony James, head of Britain's Overseas Development Administration (ODA) office in Sarajevo.</p>
<p>Bosnian authorities were not immediately available for comment.</p>
<p>Western officials have urged the Bosnian central government to pay off the debt and allow Serb and federation energy ministers to sort out later how to share out the payment.</p>
<p>&quot;Otherwise they could be arguing about this for 100 hundred years,&quot; James told Reuters.</p>
<p>Gas Export invited Serb and Moslem-Croat officials on Wednesday to Moscow later this month for talks on the debt dispute.</p>
<p>James said it was possible Gas Export would increase gas deliveries once the talks showed progress.</p>
<p>The issue which has derailed previous debt talks is the question of financial responsibility for Sarajevo suburbs which were being transferred from Serb control to the federation last winter.</p>
<p>Both entities are refusing to pay gas bills covering the period when the suburbs were being handed over.</p>
</text>
<copyright>(c) Reuters Limited 1997</copyright>
<metadata>
<codes class="bip:countries:1.0">
  <code code="BSHZG">
    <editdetail attribution="Reuters BIP Coding Group" action="confirmed" date="1997-04-02"/>
  </code>
  <code code="RUSS">
    <editdetail attribution="Reuters BIP Coding Group" action="confirmed" date="1997-04-02"/>
  </code>
</codes>
<codes class="bip:industries:1.0">
  <code code="I16200">
    <editdetail attribution="Reuters BIP Coding Group" action="confirmed" date="1997-04-02"/>
  </code>
</codes>
<codes class="bip:topics:1.0">
  <code code="C21">
    <editdetail attribution="Reuters BIP Coding Group" action="confirmed" date="1997-04-02"/>
  </code>
  <code code="CCAT">
    <editdetail attribution="Reuters BIP Coding Group" action="confirmed" date="1997-04-02"/>
  </code>
</codes>
<dc element="dc.date.created" value="1997-04-02"/>
<dc element="dc.publisher" value="Reuters Holdings Plc"/>
<dc element="dc.date.published" value="1997-04-02"/>
<dc element="dc.source" value="Reuters"/>
<dc element="dc.creator.location" value="SARAJEVO"/>
<dc element="dc.creator.location.country.name" value="BOSNIA"/>
<dc element="dc.source" value="Reuters"/>
</metadata>
</newsitem>
