<?xml version="1.0" encoding="iso-8859-1" ?>
<newsitem itemid="706780" id="root" date="1997-07-04" xml:lang="en">
<title>UKRAINE: Australia's RGC sees Ukraine gold deal failing.</title>
<headline>Australia's RGC sees Ukraine gold deal failing.</headline>
<dateline>KIEV 1997-07-04</dateline>
<text>
<p>A multi-million dollar deal between Ukraine and Australia's RGC to develop gold deposits looks likely to fall through after they failed to reach a deal forming a joint venture, an RGC spokesman said on Friday.</p>
<p>&quot;Our view is the project is dead,&quot; John Elder, manager of the RGC representative office in Kiev, told Reuters.</p>
<p>Elder said RGC and the Industry Ministry signed a memorandum last year to form a joint venture by early June.</p>
<p>However, before signing, RGC wanted clarification of legal matters such as privatisation of state assets.</p>
<p>&quot;The ministry informed us that since the deadline is passed it was looking to involve other companies,&quot; Elder said.</p>
<p>&quot;In RGC's view the deposit was marginal but still we would have continued evaluating and forming a joint-venture if given the necessary time and necessary legal guarantees.&quot;</p>
<p>He also indicated that the company might now pull out of Ukraine altogether, saying, &quot;RGC is certainly evaluating its options in Ukraine right now. We've spent a lot of money on our Ukrainian programme.&quot;</p>
<p>No one was available to comment from the ministry, which last year announced a programme to develop a gold industry by 2001 and had put RGC's potential investment at $30 million.</p>
<p>Government ministers have promised to improve the investment climate in Ukraine in recent months after U.S. communications giant Motorola pulled out of a GSM licensing project potentially worth millions of dollars earlier this year. Foreign investors and countries have criticised Ukraine for inconsistent and changing laws, high taxes and corruption.</p>
<p>&quot;Ukraine, in terms of investment legislation, mining legislation and bureaucracy is probably at the bottom of the list in terms of attractiveness for companies,&quot; Elder said.</p>
<p>Elder said the company had spent $1 million on the gold project and had given the government a $250,000 &quot;good faith payment&quot; to cover costs of the existing Myzhiyevsky operation.</p>
<p>&quot;A full feasibility study was not completed but a large-scale facility like that could have been worth $100 million. It was possible,&quot; he said.</p>
<p>He added RGC had spent $1 million on a project in 1995 to evaluate a tailings deposit for titanium and zircon in western Ukraine's Zhytomyr region but was later turned down by the government.</p>
<p>--Irene Marushko, Kiev Newsroom +380 44 244-9150</p>
</text>
<copyright>(c) Reuters Limited 1997</copyright>
<metadata>
<codes class="bip:countries:1.0">
  <code code="AUSTR">
    <editdetail attribution="Reuters BIP Coding Group" action="confirmed" date="1997-07-04"/>
  </code>
  <code code="UKRN">
    <editdetail attribution="Reuters BIP Coding Group" action="confirmed" date="1997-07-04"/>
  </code>
</codes>
<codes class="bip:industries:1.0">
  <code code="I21000">
    <editdetail attribution="Reuters BIP Coding Group" action="confirmed" date="1997-07-04"/>
  </code>
</codes>
<codes class="bip:topics:1.0">
  <code code="C11">
    <editdetail attribution="Reuters BIP Coding Group" action="confirmed" date="1997-07-04"/>
  </code>
  <code code="C24">
    <editdetail attribution="Reuters BIP Coding Group" action="confirmed" date="1997-07-04"/>
  </code>
  <code code="CCAT">
    <editdetail attribution="Reuters BIP Coding Group" action="confirmed" date="1997-07-04"/>
  </code>
</codes>
<dc element="dc.date.created" value="1997-07-04"/>
<dc element="dc.publisher" value="Reuters Holdings Plc"/>
<dc element="dc.date.published" value="1997-07-04"/>
<dc element="dc.source" value="Reuters"/>
<dc element="dc.creator.location" value="KIEV"/>
<dc element="dc.creator.location.country.name" value="UKRAINE"/>
<dc element="dc.source" value="Reuters"/>
</metadata>
</newsitem>
