<?xml version="1.0" encoding="iso-8859-1" ?>
<newsitem itemid="706789" id="root" date="1997-07-04" xml:lang="en">
<title>USA: MOTOR RACING-DAYTONA INTERNATIONAL SPEEDWAY TO INSTALL LIGHTS.</title>
<headline>MOTOR RACING-DAYTONA INTERNATIONAL SPEEDWAY TO INSTALL LIGHTS.</headline>
<dateline>DAYTONA BEACH, Florida 1997-07-04</dateline>
<text>
<p>The Daytona International Speedway will have stadium lights by next year's July 4 running of the Pepsi 400 in what officials said Friday will be one of the world's largest outdoor lighting projects.</p>
<p>Construction on the multi-million dollar project will begin shortly after Saturday's Winston Cup race and will require at least 2,200 fixtures on 130 poles across the 2.5 mile (4 km) oval.</p>
<p>Over 150 miles (240 km) of wire and 800 tons (725,760 kg) of concrete will be used.</p>
<p>&quot;This will be the benchmark by what other major projects will be judged,&quot; said Daytona International Speedway President John Graham.</p>
<p>Daytona International Speedway is also currently expanding its seating capacity by 18,000 seats to 140,000 for next year's race.</p>
</text>
<copyright>(c) Reuters Limited 1997</copyright>
<metadata>
<codes class="bip:countries:1.0">
  <code code="USA">
    <editdetail attribution="Reuters BIP Coding Group" action="confirmed" date="1997-07-04"/>
  </code>
</codes>
<codes class="bip:topics:1.0">
  <code code="GCAT">
    <editdetail attribution="Reuters BIP Coding Group" action="confirmed" date="1997-07-04"/>
  </code>
  <code code="GSPO">
    <editdetail attribution="Reuters BIP Coding Group" action="confirmed" date="1997-07-04"/>
  </code>
</codes>
<dc element="dc.date.created" value="1997-07-04"/>
<dc element="dc.publisher" value="Reuters Holdings Plc"/>
<dc element="dc.date.published" value="1997-07-04"/>
<dc element="dc.source" value="Reuters"/>
<dc element="dc.creator.location" value="DAYTONA BEACH, Florida"/>
<dc element="dc.creator.location.country.name" value="USA"/>
<dc element="dc.source" value="Reuters"/>
</metadata>
</newsitem>
