<?xml version="1.0" encoding="iso-8859-1" ?>
<newsitem itemid="706787" id="root" date="1997-07-04" xml:lang="en">
<title>EU: Official Journal contents - OJ L 175 of July 3, 1997.</title>
<headline>Official Journal contents - OJ L 175 of July 3, 1997.</headline>
<text>
<p>*</p>
<p>(Note - this is an additional item to the OJ L 175 transmitted on July 3)</p>
<p>*</p>
<p>Information concerning the date of entry into force of the Agreement between the European Community and the United Mexican States on the mutual recognition and protection of designations for spirit drinks END OF DOCUMENT.</p>
</text>
<copyright>(c) Reuters Limited 1997</copyright>
<metadata>
<codes class="bip:countries:1.0">
  <code code="EEC">
    <editdetail attribution="Reuters BIP Coding Group" action="confirmed" date="1997-07-04"/>
  </code>
</codes>
<codes class="bip:topics:1.0">
  <code code="G15">
    <editdetail attribution="Reuters BIP Coding Group" action="confirmed" date="1997-07-04"/>
  </code>
  <code code="GCAT">
    <editdetail attribution="Reuters BIP Coding Group" action="confirmed" date="1997-07-04"/>
  </code>
</codes>
<dc element="dc.publisher" value="Reuters Holdings Plc"/>
<dc element="dc.date.published" value="1997-07-04"/>
<dc element="dc.source" value="Reuters"/>
<dc element="dc.creator.location.country.name" value="EU"/>
<dc element="dc.source" value="Reuters"/>
</metadata>
</newsitem>
