<?xml version="1.0" encoding="iso-8859-1" ?>
<newsitem itemid="706833" id="root" date="1997-07-04" xml:lang="en">
<title>UK: SOCCER-GASCOIGNE SIGNS NEW THREE-YEAR DEAL WITH RANGERS.</title>
<headline>SOCCER-GASCOIGNE SIGNS NEW THREE-YEAR DEAL WITH RANGERS.</headline>
<dateline>GLASGOW 1997-07-04</dateline>
<text>
<p>England midfielder Paul Gascoigne signed a new three-year contract with Scottish champions Rangers on Friday, ending speculation over his future.</p>
<p>Gascoigne, 30, signed the deal after &quot;brief and amicable&quot; discussions with Rangers who have won the Scottish title for the last nine seasons.</p>
<p>He joined the club from Lazio in May 1995 for 4.3 million pounds ($7.3 million) and turned down approaches from Tottenham, one of his former clubs, as well as Middlesbrough and Sunderland, to stay at Ibrox.</p>
<p>Rangers chairman David Murray said: &quot;Paul has been a tremendous servant to Rangers. He has helped us win two championships.</p>
<p>&quot;When he is playing the way he can there is no criticism. The problems are when he is not playing.&quot;</p>
<p>Murray also said that Gascoigne's disciplinary record on the pitch has improved considerably and was much better than in the past.</p>
<p>Rangers have been busy in the transfer market this summer in an attempt to make a real impact in the European Cup and Champions League next season.</p>
</text>
<copyright>(c) Reuters Limited 1997</copyright>
<metadata>
<codes class="bip:countries:1.0">
  <code code="UK">
    <editdetail attribution="Reuters BIP Coding Group" action="confirmed" date="1997-07-04"/>
  </code>
</codes>
<codes class="bip:topics:1.0">
  <code code="GCAT">
    <editdetail attribution="Reuters BIP Coding Group" action="confirmed" date="1997-07-04"/>
  </code>
  <code code="GSPO">
    <editdetail attribution="Reuters BIP Coding Group" action="confirmed" date="1997-07-04"/>
  </code>
</codes>
<dc element="dc.date.created" value="1997-07-04"/>
<dc element="dc.publisher" value="Reuters Holdings Plc"/>
<dc element="dc.date.published" value="1997-07-04"/>
<dc element="dc.source" value="Reuters"/>
<dc element="dc.creator.location" value="GLASGOW"/>
<dc element="dc.creator.location.country.name" value="UK"/>
<dc element="dc.source" value="Reuters"/>
</metadata>
</newsitem>
