<?xml version="1.0" encoding="iso-8859-1" ?>
<newsitem itemid="706878" id="root" date="1997-07-04" xml:lang="en">
<title>ESTONIA: HANSA, HOIU GET FIRST-HALF RESULTS BOOST.</title>
<headline>HANSA, HOIU GET FIRST-HALF RESULTS BOOST.</headline>
<dateline>TALLINN 1997-07-04</dateline>
<text>
<p>* Total trade on the Estonian bourse on Friday was 52.4</p>
<p>million kroons versus Thursday's 60.2 million kroons.</p>
<p>* The Talse index gained 1.28 percent to close at 282.60.</p>
<p>* Hansapank was the most active stock with 14</p>
<p>million kroons traded to close 3.3 kroons higher at 152.70</p>
<p>kroons.</p>
<p>* Hoiupank turned over 11.7 million kroons to</p>
<p>finish two kroons higher at 156.00 kroons.</p>
<p>* Tallinna Pank fell 1.10 kroons to 63.10 kroons</p>
<p>on trade of four million kroons. It yesterday said it wanted to</p>
<p>take over Latvian Saules Bank but uncertainty prevails over its</p>
<p>plans.</p>
<p>* Uhispank , which on Friday announced its</p>
<p>half-year results, traded 7.3 million kroons to gain 0.04 kroons</p>
<p>to 53.69 kroons.</p>
<p>(See index on stock exchange web site:</p>
<p>http://www.tse.ee/online/total.htm)</p>
<p>The market responded positively to Hansapank's and Hoiupank's half-year results, giving their shares and the overall market a boost on Friday.</p>
<p>Hansapank, which gained 3.3 kroons to 152.70 in the most active trade, released its half-year results on Thursday after the bourse closed. It has also said it will raise its 1997 profit forecast.</p>
<p>Hoiupank, which posted a record June profit yesterday, continued rising and closed two kroons higher at 156 kroons on 11.7 million kroons.</p>
<p>But Tallinna Pank suffered, falling 1.10 kroons to 63.10 kroons. Dealers said its June financial results were not so impressive and that speculative interest over a possible merger with Hoiupank had gone.</p>
<p>Local media has reported earlier that Hoiupank and Tallinna Pank have started merger talks, but Tallinna yesterday announced it was not considering a merger in Estonia.</p>
<p>Tallinna also slipped in the wake of an announcement that it wants to take over Latvia's Saules Banka. The market has been cautious over the news due to uncertainty over the outcome and because details are not yet known, dealers said.</p>
<p>Uhispank released its half-year results and said it will raise its 1997 profit forecast in August. The bank saw moderate trade to gain 0.04 kroons to 53.69 kroons.</p>
<p>Forekspank gained 2.4 kroons to 197.15 in trade of seven million kroons although its results are not out yet.</p>
<p>The free market turned over 7.5 million kroons and Tallinna Kaubamaja was the most active in trade of 3.3 million kroons.</p>
<p>-- Eva Palu, Tallinn newsroom, +372 6209 201, reuters@reuters.ee</p>
</text>
<copyright>(c) Reuters Limited 1997</copyright>
<metadata>
<codes class="bip:countries:1.0">
  <code code="ESTNIA">
    <editdetail attribution="Reuters BIP Coding Group" action="confirmed" date="1997-07-04"/>
  </code>
</codes>
<codes class="bip:topics:1.0">
  <code code="M11">
    <editdetail attribution="Reuters BIP Coding Group" action="confirmed" date="1997-07-04"/>
  </code>
  <code code="MCAT">
    <editdetail attribution="Reuters BIP Coding Group" action="confirmed" date="1997-07-04"/>
  </code>
</codes>
<dc element="dc.date.created" value="1997-07-04"/>
<dc element="dc.publisher" value="Reuters Holdings Plc"/>
<dc element="dc.date.published" value="1997-07-04"/>
<dc element="dc.source" value="Reuters"/>
<dc element="dc.creator.location" value="TALLINN"/>
<dc element="dc.creator.location.country.name" value="ESTONIA"/>
<dc element="dc.source" value="Reuters"/>
</metadata>
</newsitem>
