<?xml version="1.0" encoding="iso-8859-1" ?>
<newsitem itemid="706808" id="root" date="1997-07-04" xml:lang="en">
<title>ITALY: SOCCER-KLUIVERT SAYS CAN HOLD HIS OWN WITH RONALDO.</title>
<headline>SOCCER-KLUIVERT SAYS CAN HOLD HIS OWN WITH RONALDO.</headline>
<dateline>MILAN 1997-07-04</dateline>
<text>
<p>Dutch striker Patrick Kluivert said on Friday he could hold his own with Ronaldo in Italy's serie A and predicted a great partnership at AC Milan between himself and George Weah.</p>
<p>&quot;(Ronaldo) is a great player but I'm also good and I will show that I am,&quot; Kluivert told a news conference to mark his arrival at Milan from Ajax Amsterdam. &quot;Weah and I can do great things together.&quot;</p>
<p>Kluivert, who signed for Milan in February before playing out the remaining months of his contract with Ajax, will link up with Liberian striker Weah in a Milan side attempting to bounce back from a disastrous 1996-97 season.</p>
<p>Ronaldo is hoping to join city rivals Internazionale from Barcelona. The two sides are currently locked in a dispute over contract and transfer regulations.</p>
<p>Kluivert, who scored the winning goal for Ajax against Milan in the 1995 European Cup final, said he wanted to emulate the the great Dutch players of the Italian side's recent past - forwards Ruud Gullit and Marco Van Basten.</p>
<p>&quot;I'm here to emulate Van Basten, it's my dream to do as well as he did here,&quot; he said. &quot;As for Gullit, I know he was a god for the Milan fans.&quot;</p>
<p>Kluivert declined to comment on a report in a Dutch newspaper earlier on Friday that he would not be prosecuted over an accusation of rape brought against him last month.</p>
<p>The report, in the Dutch daily De Telegraaf, said the case had been dropped by a court in Amsterdam because of lack of evidence.</p>
<p>De Telegraaf said Amsterdam public prosecutors would announce their decision officially later on Friday.</p>
<p>Kluivert said he did not know if he would ever play again in Amsterdam, where he has been under intense media pressure since his conviction last year for causing death by dangerous driving.</p>
<p>&quot;I don't know if I'll ever go back to play in Amsterdam,&quot; he said. &quot;I can't predict the future.&quot;</p>
<p>Kluivert arrives at Milan with his former Ajax team mate and fellow Dutch international Winston Bogarde, who was also introduced to reporters at the Milan news conference.</p>
<p>Bogarde, a powerful utility player who will probably play in the Milan defence, said he was sure he would adapt to serie A soccer.</p>
<p>&quot;Being a defender at Ajax is more difficult than at other clubs because they play such attacking football,&quot; he said. &quot;In Italy the football is more evenly balanced between defence and attack.&quot;</p>
</text>
<copyright>(c) Reuters Limited 1997</copyright>
<metadata>
<codes class="bip:countries:1.0">
  <code code="ITALY">
    <editdetail attribution="Reuters BIP Coding Group" action="confirmed" date="1997-07-04"/>
  </code>
  <code code="NETH">
    <editdetail attribution="Reuters BIP Coding Group" action="confirmed" date="1997-07-04"/>
  </code>
</codes>
<codes class="bip:topics:1.0">
  <code code="GCAT">
    <editdetail attribution="Reuters BIP Coding Group" action="confirmed" date="1997-07-04"/>
  </code>
  <code code="GSPO">
    <editdetail attribution="Reuters BIP Coding Group" action="confirmed" date="1997-07-04"/>
  </code>
</codes>
<dc element="dc.date.created" value="1997-07-04"/>
<dc element="dc.publisher" value="Reuters Holdings Plc"/>
<dc element="dc.date.published" value="1997-07-04"/>
<dc element="dc.source" value="Reuters"/>
<dc element="dc.creator.location" value="MILAN"/>
<dc element="dc.creator.location.country.name" value="ITALY"/>
<dc element="dc.source" value="Reuters"/>
</metadata>
</newsitem>
