<?xml version="1.0" encoding="iso-8859-1" ?>
<newsitem itemid="706849" id="root" date="1997-07-04" xml:lang="en">
<title>USA: BASEBALL-THURSDAY'S MAJOR LEAGUE RESULTS.</title>
<headline>BASEBALL-THURSDAY'S MAJOR LEAGUE RESULTS.</headline>
<dateline>NEW YORK 1997-07-03</dateline>
<text>
<p>Results of Major League</p>
<p>Baseball games on Thursday (home team in CAPS):</p>
<p>		 American League</p>
<p> Minnesota	   8  MILWAUKEE	   5</p>
<p> Baltimore	  10  DETROIT	     1</p>
<p> NY Yankees	  3  TORONTO	     1</p>
<p> Boston		4  CHI WHITE SOX     1</p>
<p>		 National League</p>
<p> Chicago Cubs	5  PHILADELPHIA	4</p>
<p> Atlanta	    15  MONTREAL	    2</p>
<p> Florida	    10  NY METS	     4</p>
<p> Cincinnati	  4  HOUSTON	     3</p>
<p> Pittsburgh	  6  ST LOUIS	    4</p>
<p>		 Interleague games</p>
<p> TEXAS		 8  Colorado	    3</p>
<p> SAN DIEGO	  10  Seattle	     8</p>
<p> Los Angeles	 8  ANAHEIM	     2</p>
<p> SAN FRANCISCO     6  Oakland	     4</p>
</text>
<copyright>(c) Reuters Limited 1997</copyright>
<metadata>
<codes class="bip:countries:1.0">
  <code code="CANA">
    <editdetail attribution="Reuters BIP Coding Group" action="confirmed" date="1997-07-04"/>
  </code>
  <code code="USA">
    <editdetail attribution="Reuters BIP Coding Group" action="confirmed" date="1997-07-04"/>
  </code>
</codes>
<codes class="bip:topics:1.0">
  <code code="GCAT">
    <editdetail attribution="Reuters BIP Coding Group" action="confirmed" date="1997-07-04"/>
  </code>
  <code code="GSPO">
    <editdetail attribution="Reuters BIP Coding Group" action="confirmed" date="1997-07-04"/>
  </code>
</codes>
<dc element="dc.date.created" value="1997-07-03"/>
<dc element="dc.publisher" value="Reuters Holdings Plc"/>
<dc element="dc.date.published" value="1997-07-04"/>
<dc element="dc.source" value="Reuters"/>
<dc element="dc.creator.location" value="NEW YORK"/>
<dc element="dc.creator.location.country.name" value="USA"/>
<dc element="dc.source" value="Reuters"/>
</metadata>
</newsitem>
