<?xml version="1.0" encoding="iso-8859-1" ?>
<newsitem itemid="706899" id="root" date="1997-07-04" xml:lang="en">
<title>LATVIA: BOURSE, OFF-BOURSE TRADE NEARLY EQUAL IN JUNE.</title>
<headline>BOURSE, OFF-BOURSE TRADE NEARLY EQUAL IN JUNE.</headline>
<dateline>RIGA 1997-07-04</dateline>
<text>
<p>Trade both on and off the bourse during June were at similar levels, the stock exchange said on Friday.</p>
<p>Bourse trade came to 1.179 million lats and while off-bourse activity was 1.189 million lats, the stock exchange said in a statement.</p>
<p>The most traded shares on the bourse were Olainfarm at 344,679 lats, Unibanka at 206,396 lats and Staburadze at 155,058 lats.</p>
<p>Off the market, the most active stocks were Staburadze at 409,180 lats, Unibanka at 307,731 lats and Riga Shipyard at 254,028 lats.</p>
<p>-- Patrick Lannin, Riga newsroom, +371 721 5240</p>
</text>
<copyright>(c) Reuters Limited 1997</copyright>
<metadata>
<codes class="bip:countries:1.0">
  <code code="LATV">
    <editdetail attribution="Reuters BIP Coding Group" action="confirmed" date="1997-07-04"/>
  </code>
</codes>
<codes class="bip:topics:1.0">
  <code code="M11">
    <editdetail attribution="Reuters BIP Coding Group" action="confirmed" date="1997-07-04"/>
  </code>
  <code code="MCAT">
    <editdetail attribution="Reuters BIP Coding Group" action="confirmed" date="1997-07-04"/>
  </code>
</codes>
<dc element="dc.date.created" value="1997-07-04"/>
<dc element="dc.publisher" value="Reuters Holdings Plc"/>
<dc element="dc.date.published" value="1997-07-04"/>
<dc element="dc.source" value="Reuters"/>
<dc element="dc.creator.location" value="RIGA"/>
<dc element="dc.creator.location.country.name" value="LATVIA"/>
<dc element="dc.source" value="Reuters"/>
</metadata>
</newsitem>
