<?xml version="1.0" encoding="iso-8859-1" ?>
<newsitem itemid="706874" id="root" date="1997-07-04" xml:lang="en">
<title>ZIMBABWE: ZIMBABWE DOLLAR CLOSES MIXED AHEAD OF WEEKEND.</title>
<headline>ZIMBABWE DOLLAR CLOSES MIXED AHEAD OF WEEKEND.</headline>
<dateline>HARARE 1997-07-04</dateline>
<text>
<p>The Zimbabet was pretty stable until late in the afternoon when we started seeing some (foreign currency) buyers but I...think people were just squaring off their positions ahead of the weekend,&quot; one dealer said.</p>
<p>The local unit still managed to close at Thursday's 11.3975/4075 against the U.S. dollar but weakened against sterling to 19.2300/2500 from 19.1520/1900, tracking an easier U.S. dollar overseas.</p>
<p>It was quoted firmer on the mark at 6.5000/5200 compared to 6.5215/5450 but eased to 2.5200/5400 from 2.5175/5275 against South Africa's rand.</p>
<p>--Stella Mapenzauswa, Harare Newsroom: +263-4 72 52 27/8/9--</p>
</text>
<copyright>(c) Reuters Limited 1997</copyright>
<metadata>
<codes class="bip:countries:1.0">
  <code code="ZIMBAB">
    <editdetail attribution="Reuters BIP Coding Group" action="confirmed" date="1997-07-04"/>
  </code>
</codes>
<codes class="bip:topics:1.0">
  <code code="M13">
    <editdetail attribution="Reuters BIP Coding Group" action="confirmed" date="1997-07-04"/>
  </code>
  <code code="M132">
    <editdetail attribution="Reuters BIP Coding Group" action="confirmed" date="1997-07-04"/>
  </code>
  <code code="MCAT">
    <editdetail attribution="Reuters BIP Coding Group" action="confirmed" date="1997-07-04"/>
  </code>
</codes>
<dc element="dc.date.created" value="1997-07-04"/>
<dc element="dc.publisher" value="Reuters Holdings Plc"/>
<dc element="dc.date.published" value="1997-07-04"/>
<dc element="dc.source" value="Reuters"/>
<dc element="dc.creator.location" value="HARARE"/>
<dc element="dc.creator.location.country.name" value="ZIMBABWE"/>
<dc element="dc.source" value="Reuters"/>
</metadata>
</newsitem>
