<?xml version="1.0" encoding="iso-8859-1" ?>
<newsitem itemid="706997" id="root" date="1997-07-04" xml:lang="en">
<title>UK: Uruguay expected to launch global bond next week.</title>
<headline>Uruguay expected to launch global bond next week.</headline>
<dateline>LONDON 1997-07-04</dateline>
<text>
<p>Uruguay is expected to launch a $300 million 30-year global bond late next week, bankers said on Friday.</p>
<p>Market talk is that the bond will be priced to yield between 125-140 basis points over the 30-year U.S. Treasury note.</p>
<p>&quot;It is their first bond with their new investment grade ratings,&quot; a banker said.</p>
<p>This week, Moody's Investors Service rated Uruguay global bonds Baa3.</p>
<p>The rating agency said that the combination of privatization, deregulation and reform of the social security system in Uruguay had proved successful in other developing countries such as Argentina.</p>
<p>Uruguay's debt and debt service burden has been reduced and the public finances stabilized, Moody's said.</p>
<p>Standard and Poor's upgraded Uruguay to BBB- in June. S&amp;P said the ratings reflected, among other things, structural reforms to the public sector.</p>
<p>ING Barings is sole lead manager of the transaction.</p>
<p>The roadshow visited the U.S. and ended in New York on Tuesday, hit London today and will move to Asia next week.</p>
<p>&quot;It may be launched Wednesday or Thursday next week,&quot; a banker said.</p>
<p>-- Hayley Pienaar, London Newsroom +44 171 542 7718</p>
</text>
<copyright>(c) Reuters Limited 1997</copyright>
<metadata>
<codes class="bip:countries:1.0">
  <code code="UK">
    <editdetail attribution="Reuters BIP Coding Group" action="confirmed" date="1997-07-04"/>
  </code>
  <code code="URU">
    <editdetail attribution="Reuters BIP Coding Group" action="confirmed" date="1997-07-04"/>
  </code>
</codes>
<codes class="bip:topics:1.0">
  <code code="E21">
    <editdetail attribution="Reuters BIP Coding Group" action="confirmed" date="1997-07-04"/>
  </code>
  <code code="E212">
    <editdetail attribution="Reuters BIP Coding Group" action="confirmed" date="1997-07-04"/>
  </code>
  <code code="ECAT">
    <editdetail attribution="Reuters BIP Coding Group" action="confirmed" date="1997-07-04"/>
  </code>
  <code code="M12">
    <editdetail attribution="Reuters BIP Coding Group" action="confirmed" date="1997-07-04"/>
  </code>
  <code code="MCAT">
    <editdetail attribution="Reuters BIP Coding Group" action="confirmed" date="1997-07-04"/>
  </code>
</codes>
<dc element="dc.date.created" value="1997-07-04"/>
<dc element="dc.publisher" value="Reuters Holdings Plc"/>
<dc element="dc.date.published" value="1997-07-04"/>
<dc element="dc.source" value="Reuters"/>
<dc element="dc.creator.location" value="LONDON"/>
<dc element="dc.creator.location.country.name" value="UK"/>
<dc element="dc.source" value="Reuters"/>
</metadata>
</newsitem>
