<?xml version="1.0" encoding="iso-8859-1" ?>
<newsitem itemid="706940" id="root" date="1997-07-04" xml:lang="en">
<title>LITHUANIA: PRESS DIGEST - LITHUANIA - JULY 4.</title>
<headline>PRESS DIGEST - LITHUANIA - JULY 4.</headline>
<dateline>VILNIUS 1997-07-04</dateline>
<text>
<p>Lithuanian newspapers carried the following reports in their Friday editions. Reuters has not verified these stories and does not vouch for their accuracy:</p>
<p>ALL NEWSPAPERS</p>
<p>- The consortium led by Union Bank of Switzerland (UBS) was named as the government's consultant for the privatisation of Lithuanian Telecom. Deutsche Morgan Grenfell was named as runner up.</p>
<p>LIETUVOS RYTAS</p>
<p>- U.S. Secretary of State Madeleine Albright will meet in Vilnius with foreign ministers from Lithuania, Latvia and Estonia as well as Lithuanian President Algirdas Brazauskas and Parliamentary Chairman Vytautas Landsbergis on July 13.</p>
<p>- Vilniaus Bank assets reached 1.012 billion litas at the end of May, an increase of 2.2 times from May 1996.</p>
<p>- The board of Lithuania's stock exchange has placed Naftotiekis shares on its current list from July 7. Naftotiekis' emission of 6.113 million shares has a total nominal value of 61.129 million litas.</p>
<p>- Mazheikiu Nafta refined 2.76 million tonnes of oil in the first half of 1997, 1.8 times more than in the same period in 1996.</p>
<p>VERSLO ZINIOS</p>
<p>- Experts Lithuanian Telecom is worth around 1.5 billion litas.</p>
<p>- Lithuanian brokerage house Suprema does not rule out the possibility of distributing the remainder of Vilniaus Vingis' issue of 2.764 million ordinary shares, which have an issue price of 5.8 litas.</p>
<p>- GDP increased by 2.4 percent in the first quarter compared to the same period last year. GDP for the first quarter was 8.154 billion litas. GDP per capita in the first quarter was 2,200 litas, compared to 1,742 litas in the same period last year.</p>
<p>RESPUBLIKA</p>
<p>- Parliament set December 21 as the date for presidential elections.</p>
<p>- President Algirdas Brazauskas will go to Paris and Madrid from July 7-10. In Paris he will meet with French President Jacques Chirac and Prime Minister Lionel Jospin, and in Madrid he will be at the NATO summit.</p>
<p>- Parliament removed May 1, the international day of workers, from Lithuania's list of holidays.</p>
<p>- Lithuania received more foreign investment in 1996 than Estonia or Latvia. Lithunia attracted $220 million in foreign investment, Estonia $138 million and Latvia $100 million last year. Estonia led the way in per capita investment.</p>
<p>LIETUVOS AIDAS</p>
<p>- Prime Minister Gediminas Vagnorius said the government had completed a programme of agricultural credits for enterprises to pay for new equipment. He warned that the issuing of credits will be governed by tight rules.</p>
<p>-- Burton Frierson, Vilnius newsroom +370 2 22 35 17</p>
</text>
<copyright>(c) Reuters Limited 1997</copyright>
<metadata>
<codes class="bip:countries:1.0">
  <code code="LITH">
    <editdetail attribution="Reuters BIP Coding Group" action="confirmed" date="1997-07-04"/>
  </code>
</codes>
<codes class="bip:topics:1.0">
  <code code="GCAT">
    <editdetail attribution="Reuters BIP Coding Group" action="confirmed" date="1997-07-04"/>
  </code>
</codes>
<dc element="dc.date.created" value="1997-07-04"/>
<dc element="dc.publisher" value="Reuters Holdings Plc"/>
<dc element="dc.date.published" value="1997-07-04"/>
<dc element="dc.source" value="Reuters"/>
<dc element="dc.creator.location" value="VILNIUS"/>
<dc element="dc.creator.location.country.name" value="LITHUANIA"/>
<dc element="dc.source" value="Reuters"/>
</metadata>
</newsitem>
