<?xml version="1.0" encoding="iso-8859-1" ?>
<newsitem itemid="706928" id="root" date="1997-07-04" xml:lang="en">
<title>LATVIA: ALL BLUE CHIPS DOWN, VOLUME DOWN.</title>
<headline>ALL BLUE CHIPS DOWN, VOLUME DOWN.</headline>
<dateline>RIGA 1997-07-04</dateline>
<text>
<p>Latvian shares registered the</p>
<p>following prices after the morning trade session on Friday.</p>
<p>Most blue chips lost ground slightly as they shed a few</p>
<p>santimes amid slow trading.</p>
<p>Shares can be bought (B) or sold (S) at the following prices</p>
<p>and in the following volume, the bourse said in a statement.</p>
<p> Name of Security		Last Re op_side Price Volume</p>
<p> Riga Shipyard		   1.28	   B  1.27   5828</p>
<p> Riga Tr. Fleet		  1.17	   S  1.15   5250</p>
<p> Staburadze			2.71	   S  2.70   3163</p>
<p> Unibanka			  3.37	   S  3.35    408</p>
<p> Daugavpils MChF		 1.08	   B  1.08    765</p>
<p> FC Salacgriva 95		3.40	   S  3.91	1</p>
<p> Jekabpils Sugar		 0.45	   S  0.47    378</p>
<p> Jelgava ConstrMP		0.22	   B  0.25    953</p>
<p> Latvian Bridges		 1.09	   S  1.07   1120</p>
<p> Lode Brick Comp.		2.25	   S  2.23    200</p>
<p> Ogre Forestry		   0.57	   B  0.55    199</p>
<p> Olainfarm			 2.57	   S  2.55   3609</p>
<p> Riga Agric. M.F.		0.25	   B  0.25   2977</p>
<p> Riga Jewelry		    0.60	   B  0.60   2782</p>
<p> Saldus Oil Term.		0.32	   B  0.28     35</p>
<p> SoftDr.F. Veldze		0.46	   S  0.40   3877</p>
<p> Strenci Forestry		1.55	   S  1.78    116</p>
<p> Struzani peat		   0.68	   B  0.58    233</p>
<p> Talsi Forestry		  0.52	   B  0.52    371</p>
<p> ValmieraGl.Fiber		1.37	   S  1.36    134</p>
<p> Ventspils FishC.		1.79	   B  1.53    159</p>
<p> Vitransauto		     0.39	   B  0.34     47</p>
<p>-- Riga Newsroom, +371 721 5240</p>
</text>
<copyright>(c) Reuters Limited 1997</copyright>
<metadata>
<codes class="bip:countries:1.0">
  <code code="LATV">
    <editdetail attribution="Reuters BIP Coding Group" action="confirmed" date="1997-07-04"/>
  </code>
</codes>
<codes class="bip:topics:1.0">
  <code code="M11">
    <editdetail attribution="Reuters BIP Coding Group" action="confirmed" date="1997-07-04"/>
  </code>
  <code code="MCAT">
    <editdetail attribution="Reuters BIP Coding Group" action="confirmed" date="1997-07-04"/>
  </code>
</codes>
<dc element="dc.date.created" value="1997-07-04"/>
<dc element="dc.publisher" value="Reuters Holdings Plc"/>
<dc element="dc.date.published" value="1997-07-04"/>
<dc element="dc.source" value="Reuters"/>
<dc element="dc.creator.location" value="RIGA"/>
<dc element="dc.creator.location.country.name" value="LATVIA"/>
<dc element="dc.source" value="Reuters"/>
</metadata>
</newsitem>
