<?xml version="1.0" encoding="iso-8859-1" ?>
<newsitem itemid="706903" id="root" date="1997-07-04" xml:lang="en">
<title>LATVIA: BOURSE TO TOUGHEN OFFICIAL LIST RULES.</title>
<headline>BOURSE TO TOUGHEN OFFICIAL LIST RULES.</headline>
<dateline>RIGA 1997-07-04</dateline>
<text>
<p>The Riga stock exchange said on Friday it would toughen criteria for the official list stocks, including raising the minimum capital requirement to three million lats from the current one million lats.</p>
<p>&quot;The volume of a company's stock in issue will have to be three million lats and 25 percent of it will have to be publicly traded,&quot; Uldis Cerps, the bourse president, told a news conference.</p>
<p>A profit for the previous financial year and reports prepared according to international accounting standards will also be made mandatory, Cerps said.</p>
<p>The rules will come into effect after approval by the securities market commission.</p>
<p>&quot;We will grant a two-year period for the present official list stocks to come up to the mark,&quot; Cerps said.</p>
<p>Only one of the five stocks currently on the official list, confectionary maker Staburadze, falls short of the minimum capital requirement. Its capital stands at two million lats.</p>
<p>-- Martinsh Gravitis, Riga newsroom, +371 721 5240</p>
</text>
<copyright>(c) Reuters Limited 1997</copyright>
<metadata>
<codes class="bip:countries:1.0">
  <code code="LATV">
    <editdetail attribution="Reuters BIP Coding Group" action="confirmed" date="1997-07-04"/>
  </code>
</codes>
<codes class="bip:topics:1.0">
  <code code="C13">
    <editdetail attribution="Reuters BIP Coding Group" action="confirmed" date="1997-07-04"/>
  </code>
  <code code="CCAT">
    <editdetail attribution="Reuters BIP Coding Group" action="confirmed" date="1997-07-04"/>
  </code>
  <code code="M11">
    <editdetail attribution="Reuters BIP Coding Group" action="confirmed" date="1997-07-04"/>
  </code>
  <code code="MCAT">
    <editdetail attribution="Reuters BIP Coding Group" action="confirmed" date="1997-07-04"/>
  </code>
</codes>
<dc element="dc.date.created" value="1997-07-04"/>
<dc element="dc.publisher" value="Reuters Holdings Plc"/>
<dc element="dc.date.published" value="1997-07-04"/>
<dc element="dc.source" value="Reuters"/>
<dc element="dc.creator.location" value="RIGA"/>
<dc element="dc.creator.location.country.name" value="LATVIA"/>
<dc element="dc.source" value="Reuters"/>
</metadata>
</newsitem>
