<?xml version="1.0" encoding="iso-8859-1" ?>
<newsitem itemid="706961" id="root" date="1997-07-04" xml:lang="en">
<title>UK: Decision on N.Ireland march due, troops arrive.</title>
<headline>Decision on N.Ireland march due, troops arrive.</headline>
<byline>Martin Cowley</byline>
<dateline>PORTADOWN, Northern Ireland 1996-07-05</dateline>
<text>
<p>Authorities in Northern Ireland were likely to decide on Saturday whether to ban or approve one of the most controversial and divisive Protestant parades in the province's troubled seven-decades history.</p>
<p>British troops in armoured personnel carriers converged on the town of Portadown while Britain led mediation efforts to reach a compromise between the Protestant Orange Order and Catholic nationalists bitterly opposed to Sunday's march.</p>
<p>Northern Ireland Secretary Mo Mowlam urged the Orange Order to &quot;listen to the voices of reason&quot; in a thinly-veiled message to the brotherhood to reroute the parade and avoid a repeat of the province-wide violence it unleashed last year.</p>
<p>But spokesmen for the order, a religion-based pro-British organisation, showed no sign of heeding her appeal and it has refused all contact with the Catholic residents of Portadown's Garvaghy Road area who say the parade is sectarian intimidation.</p>
<p>There was no indication which way the decision, which can be taken by police chiefs or Mowlam, would go but Protestants and Catholics were united in the fear that it would provoke violence irrespective.</p>
<p>The Garvaghy Road, a Catholic enclave on the edge of a Protestant town, was decked in Irish tricolour flags in a show of defiance against the Orange Order's British traditions.</p>
<p>Residents lined the half mile (two km) straight road and held picnics under rare evening sun on Friday to show their determination not to allow the marchers through.</p>
<p>The Orange Order says the march is a birthright and the road belongs to the British crown, not to those who live beside it. Members argues that a ban on the march would insult their religion, civil rights and British loyalties.</p>
<p>The parade has become a trial of strength between pro- British Protestants and pro-Irish Catholic nationalists whose rival allegiances have split the province since it was created seven decades ago.</p>
<p>In the middle is the new Labour government of Prime Minister Tony Blair which pledged after winning May 1 elections that Northern Ireland's 60 percent Protestant majority and 40 percent Catholic minority would enjoy equal rights.</p>
<p>The dispute is clouding Anglo-Irish efforts to give a new impetus to stalemated Northern Ireland peace talks and persuade Catholic-backed Irish Republican Army (IRA) guerrillas to call a halt to their war against British rule.</p>
<p>The row over the the march, known as Drumcree after the small Protestant church where the Orange Order stops for prayers, erupted last year into days of rioting which shut down towns, roads and the airport and caused millions of pounds (dollars) of damage.</p>
<p>Police at first banned the parade, then bowed to Protestant rioting and let it go ahead, escorting a handful of Orange Order members quickly down the Garvaghy Road amid strict security and abuse from residents.</p>
<p>The reversal of the original decision ignited Catholic anger in turn as youths in the nationalist city of Londonderry lit blazing barricades and showered police with petrol bombs for nights on end.</p>
</text>
<copyright>(c) Reuters Limited 1997</copyright>
<metadata>
<codes class="bip:countries:1.0">
  <code code="UK">
    <editdetail attribution="Reuters BIP Coding Group" action="confirmed" date="1997-07-04"/>
  </code>
</codes>
<codes class="bip:topics:1.0">
  <code code="GCAT">
    <editdetail attribution="Reuters BIP Coding Group" action="confirmed" date="1997-07-04"/>
  </code>
  <code code="GPOL">
    <editdetail attribution="Reuters BIP Coding Group" action="confirmed" date="1997-07-04"/>
  </code>
  <code code="GVIO">
    <editdetail attribution="Reuters BIP Coding Group" action="confirmed" date="1997-07-04"/>
  </code>
</codes>
<dc element="dc.date.created" value="1996-07-05"/>
<dc element="dc.publisher" value="Reuters Holdings Plc"/>
<dc element="dc.date.published" value="1997-07-04"/>
<dc element="dc.source" value="Reuters"/>
<dc element="dc.creator.location" value="PORTADOWN, Northern Ireland"/>
<dc element="dc.creator.location.country.name" value="UK"/>
<dc element="dc.source" value="Reuters"/>
</metadata>
</newsitem>
