<?xml version="1.0" encoding="iso-8859-1" ?>
<newsitem itemid="706902" id="root" date="1997-07-04" xml:lang="en">
<title>POLAND: POLISH PEKAO SA PORTFOLIO DOWN IN Q2, AHEAD OF WIG.</title>
<headline>POLISH PEKAO SA PORTFOLIO DOWN IN Q2, AHEAD OF WIG.</headline>
<dateline>WARSAW 1997-07-04</dateline>
<text>
<p>A model investment portfolio offered by Poland's Bank Pekao SA brokerage produced negative returns in the second quarter of 1997 but outperformed the bourse's main index, Pekao's research head said on Friday.</p>
<p>Jacek Stefanski told a news conference, the model portfolio adjusted montly by Pekao analysts and used by investors to shape their own portfolios, had a negative 4.24 percent return compared with a 6.3 percent drop in the all-share WIG index.</p>
<p>&quot;Although there was a loss in this quarter, we are satisfied with the results because our rate (of return) is still above the WIG,&quot; Stefanski said.</p>
<p>He said that during the three quarters since its launch the portfolio produced a 84.26 percent return against the WIG's 2.27 percent gain.</p>
<p>Stefanski said the portfolio so far had been made of five to nine large cap companies listed on the main market.</p>
<p>&quot;We didn't recommend our customers to buy on the primary market. First of all because of long waiting time and because it is risky,&quot; said Jacek Stefanski.</p>
<p>The portfolio's composition and the weighing of stocks is adjusted every month on the first trading day and Pekao SA customers can buy the proposed portfolio every month for a fixed price and follow its example in their own investments.</p>
<p>-- Warsaw Newsroom +48 22 653 9700</p>
</text>
<copyright>(c) Reuters Limited 1997</copyright>
<metadata>
<codes class="bip:countries:1.0">
  <code code="POL">
    <editdetail attribution="Reuters BIP Coding Group" action="confirmed" date="1997-07-04"/>
  </code>
</codes>
<codes class="bip:industries:1.0">
  <code code="I81403">
    <editdetail attribution="Reuters BIP Coding Group" action="confirmed" date="1997-07-04"/>
  </code>
  <code code="I81502">
    <editdetail attribution="Reuters BIP Coding Group" action="confirmed" date="1997-07-04"/>
  </code>
</codes>
<codes class="bip:topics:1.0">
  <code code="C15">
    <editdetail attribution="Reuters BIP Coding Group" action="confirmed" date="1997-07-04"/>
  </code>
  <code code="C151">
    <editdetail attribution="Reuters BIP Coding Group" action="confirmed" date="1997-07-04"/>
  </code>
  <code code="CCAT">
    <editdetail attribution="Reuters BIP Coding Group" action="confirmed" date="1997-07-04"/>
  </code>
  <code code="M11">
    <editdetail attribution="Reuters BIP Coding Group" action="confirmed" date="1997-07-04"/>
  </code>
  <code code="MCAT">
    <editdetail attribution="Reuters BIP Coding Group" action="confirmed" date="1997-07-04"/>
  </code>
</codes>
<dc element="dc.date.created" value="1997-07-04"/>
<dc element="dc.publisher" value="Reuters Holdings Plc"/>
<dc element="dc.date.published" value="1997-07-04"/>
<dc element="dc.source" value="Reuters"/>
<dc element="dc.creator.location" value="WARSAW"/>
<dc element="dc.creator.location.country.name" value="POLAND"/>
<dc element="dc.source" value="Reuters"/>
</metadata>
</newsitem>
