<?xml version="1.0" encoding="iso-8859-1" ?>
<newsitem itemid="706924" id="root" date="1997-07-04" xml:lang="en">
<title>ESTONIA: UHISPANK H1 PROFIT 57.7 MLN KROONS.</title>
<headline>UHISPANK H1 PROFIT 57.7 MLN KROONS.</headline>
<dateline>TALLINN 1997-07-04</dateline>
<text>
<p>Uhispank said on Friday that its profit in June came to 8.5 million kroons for a total first-half profit of 57.7 million kroons.</p>
<p>It said in a statement that the June profit was slightly lower than the nine million kroons registered in May due to more provisions of six million kroons on loans taken by North Estonian Bank, which it recently took over.  </p>
<p>Uhispank said that its assets were 6.74 billion kroons at the end of June, growth of 87.8 percent over the first six months of the year.</p>
<p>The bank's interest income over the first six months was 239.83 million kroons versus 133.08 million kroons in the first half of 1996 and interest expenses were 104.27 million kroons versus 45.54 million kroons.</p>
<p>Commission payments received were 52.45 million kroons versus 24.49 million kroons and commissions paid came to 16.84 million kroons versus 6.8 million kroons.</p>
<p>Income from financial operations came to 50.04 million kroons versus 15.36 million kroons.</p>
</text>
<copyright>(c) Reuters Limited 1997</copyright>
<metadata>
<codes class="bip:countries:1.0">
  <code code="ESTNIA">
    <editdetail attribution="Reuters BIP Coding Group" action="confirmed" date="1997-07-04"/>
  </code>
</codes>
<codes class="bip:industries:1.0">
  <code code="I81402">
    <editdetail attribution="Reuters BIP Coding Group" action="confirmed" date="1997-07-04"/>
  </code>
</codes>
<codes class="bip:topics:1.0">
  <code code="C15">
    <editdetail attribution="Reuters BIP Coding Group" action="confirmed" date="1997-07-04"/>
  </code>
  <code code="C151">
    <editdetail attribution="Reuters BIP Coding Group" action="confirmed" date="1997-07-04"/>
  </code>
  <code code="CCAT">
    <editdetail attribution="Reuters BIP Coding Group" action="confirmed" date="1997-07-04"/>
  </code>
</codes>
<dc element="dc.date.created" value="1997-07-04"/>
<dc element="dc.publisher" value="Reuters Holdings Plc"/>
<dc element="dc.date.published" value="1997-07-04"/>
<dc element="dc.source" value="Reuters"/>
<dc element="dc.creator.location" value="TALLINN"/>
<dc element="dc.creator.location.country.name" value="ESTONIA"/>
<dc element="dc.source" value="Reuters"/>
</metadata>
</newsitem>
