<?xml version="1.0" encoding="iso-8859-1" ?>
<newsitem itemid="706930" id="root" date="1997-07-04" xml:lang="en">
<title>POLAND: RELPOL SEES '97 GROUP UP TO PLN 10 MLN.</title>
<headline>RELPOL SEES '97 GROUP UP TO PLN 10 MLN.</headline>
<dateline>WARSAW 1997-07-04</dateline>
<text>
<p>Polish electromagnetic transmitter producer Relpol SA expects to lift group net profit to about 10 million zlotys from 5.5 million zlotys in 1996, the firm's president told the daily Parkiet in its Friday edition.</p>
<p>&quot;This year consolidated net profit should amount to about 10 million zlotys,&quot; Krzysztof Prucnal was quoted as saying.</p>
<p>Prucnal reiterated his firm's expectation to lift parent net to about six million zlotys from 5.3 million last year.</p>
<p>The firm has made a group net profit of 4.6 million zlotys in the first five months of this year and 2.8 million parent.</p>
<p>Prucnal told the paper that his firm planned no new issues this year but was considering a convertible bond issue.</p>
<p>He said the firm planned to move production of some of its tranmitters east of the Polish border but that no definite decision had been made.</p>
<p>Prucnal also said Relpol would concentrate on the production of cash registers and electric equipment for the automotive industry.</p>
<p>-- Warsaw Newsroom +48 22 653 9700</p>
</text>
<copyright>(c) Reuters Limited 1997</copyright>
<metadata>
<codes class="bip:countries:1.0">
  <code code="POL">
    <editdetail attribution="Reuters BIP Coding Group" action="confirmed" date="1997-07-04"/>
  </code>
</codes>
<codes class="bip:industries:1.0">
  <code code="I34000">
    <editdetail attribution="Reuters BIP Coding Group" action="confirmed" date="1997-07-04"/>
  </code>
</codes>
<codes class="bip:topics:1.0">
  <code code="C15">
    <editdetail attribution="Reuters BIP Coding Group" action="confirmed" date="1997-07-04"/>
  </code>
  <code code="C152">
    <editdetail attribution="Reuters BIP Coding Group" action="confirmed" date="1997-07-04"/>
  </code>
  <code code="CCAT">
    <editdetail attribution="Reuters BIP Coding Group" action="confirmed" date="1997-07-04"/>
  </code>
</codes>
<dc element="dc.date.created" value="1997-07-04"/>
<dc element="dc.publisher" value="Reuters Holdings Plc"/>
<dc element="dc.date.published" value="1997-07-04"/>
<dc element="dc.source" value="Reuters"/>
<dc element="dc.creator.location" value="WARSAW"/>
<dc element="dc.creator.location.country.name" value="POLAND"/>
<dc element="dc.source" value="Reuters"/>
</metadata>
</newsitem>
