<?xml version="1.0" encoding="iso-8859-1" ?>
<newsitem itemid="707098" id="root" date="1997-07-04" xml:lang="en">
<title>KENYA: Kenya students clash with police outside Nairobi.</title>
<headline>Kenya students clash with police outside Nairobi.</headline>
<dateline>NAIROBI 1997-07-04</dateline>
<text>
<p>About 100 university students clashed with riot police at a campus just outside Kenya's capital on Friday, the second consecutive day of student unrest, witnesses said.</p>
<p>President Daniel arap Moi meanwhile warned against what he called &quot;a new culture of violence&quot; in Kenya's politics, saying it threatened the very fabric that held the country together.</p>
<p>Witnesses said up to 70 riot police, firing rubber bullets and teargas, skirmished with stone-throwing students at the Lower Kabete campus of Nairobi University but clashes were smaller than on Thursday.</p>
<p>One student was slightly wounded by a rubber bullet at Kabete.</p>
<p>About a dozen policemen were hurt on Thursday and cars were stoned as Nairobi University students battled riot police on the main highway through the city centre for several hours.</p>
<p>The students were protesting against a proposed government bill calling for the expulsion of those who fail to pay fees.</p>
<p>&quot;There is no justice in what the government is doing. Education will be only for the rich,&quot; a student leader who declined to be named said at Kabate on Friday.</p>
<p>Moi, in power since 1978, is widely expected to win presidential and parliamentary elections this year, pitting the ruling Kenya African National Union against opposition parties divided along ethnic and personal lines.</p>
<p>Speaking on Friday at a fund-raising event in western Kenya, Moi warned that non-governmental organisations (NGOs) &quot;meddling&quot; in Kenya's political affairs risked being deregistered, which would mean they could no longer operate.</p>
<p>He singled out the National Council of NGOs as involving itself in politics and added that it was bent on fomenting trouble in the country and was also subverting law and order.</p>
<p>Opposition groups and other bodies, including the National Council of NGOs, demanding constitutional reforms before the poll have called nationwide rallies for Monday. No date has yet been set for the general elections.</p>
</text>
<copyright>(c) Reuters Limited 1997</copyright>
<metadata>
<codes class="bip:countries:1.0">
  <code code="KENYA">
    <editdetail attribution="Reuters BIP Coding Group" action="confirmed" date="1997-07-04"/>
  </code>
</codes>
<codes class="bip:topics:1.0">
  <code code="GCAT">
    <editdetail attribution="Reuters BIP Coding Group" action="confirmed" date="1997-07-04"/>
  </code>
  <code code="GVIO">
    <editdetail attribution="Reuters BIP Coding Group" action="confirmed" date="1997-07-04"/>
  </code>
</codes>
<dc element="dc.date.created" value="1997-07-04"/>
<dc element="dc.publisher" value="Reuters Holdings Plc"/>
<dc element="dc.date.published" value="1997-07-04"/>
<dc element="dc.source" value="Reuters"/>
<dc element="dc.creator.location" value="NAIROBI"/>
<dc element="dc.creator.location.country.name" value="KENYA"/>
<dc element="dc.source" value="Reuters"/>
</metadata>
</newsitem>
