<?xml version="1.0" encoding="iso-8859-1" ?>
<newsitem itemid="707019" id="root" date="1997-07-04" xml:lang="en">
<title>PAPUA NEW GUINEA: GOVERNMENT LIST.</title>
<headline>GOVERNMENT LIST.</headline>
<text>
<p>PAPUA NEW GUINEA GOVERNMENT LIST (970612)</p>
<p> *************************************************************</p>
<p> * 14 Jun 97 - General elections.				    *</p>
<p> *************************************************************</p>
<p> Governor-General (elected 11 Nov 91)..........Sir Wiwa KOROWI</p>
<p>			    - - - - - -</p>
<p>Prime Minister..Sir Julius CHAN</p>
<p>				- - - - - -</p>
<p>PEOPLE'S PROGRESSIVE PARTY-LED COALITION CARETAKER GOVERNMENT</p>
<p>(Formed 7 September 1994, reshuffled 3 June 96)</p>
<p>MINISTERS:</p>
<p> Agriculture &amp; Livestock..............David MAI</p>
<p> Civil Aviation, Culture &amp; Tourism.Michael NALI</p>
<p> Communications....Joseph EGILIO</p>
<p> Correctional Services..............Paul WANJIK</p>
<p> Defence, Mining &amp; Petroleum........John GIHENO</p>
<p> Education............John WAIKO</p>
<p> Environment.........Paul MAMBEI</p>
<p> Finance, Commerce &amp; Industry.....Nakikus KONGA</p>
<p> Fisheries &amp; Marine Resources....Titus PHILEMON</p>
<p> Foreign Affairs &amp; Trade...........Kilroy GENIA</p>
<p> Forests............Andrew BAING</p>
<p> Health...........Philemon EMBEL</p>
<p> Home Affairs........David UNAGI</p>
<p> Housing............Robert NAGLE</p>
<p> Industrial Relations...............Samson NAPO</p>
<p> Justice.........Arnold MARSIPAL</p>
<p> Lands &amp; Physical Planning.......Albert KIPALAN</p>
<p> Minister of State assisting the PM....Pita LUS</p>
<p> National Planning......Moi AVEI</p>
<p> Police...........Ludwig SCHULTZ</p>
<p> Provincial &amp; Local-level governments.............Peter BARTER</p>
<p> Public Service......Paul TOHIAN</p>
<p> Science &amp; Technology............Castan MAIBAWA</p>
<p> Transport &amp; Works....Peter YAMA</p>
<p>			    - - - - - - -</p>
<p> Speaker of the National Parliament.........Sir RABBIE Namaliu</p>
<p>			    - - - - - - -</p>
<p> Central Bank Governor............Koiari TARATA</p>
<p>(Bank of Papua New Guinea)</p>
<p>			    - - - - - - -</p>
<p>	  NOTE: Any comments/queries on the content of this</p>
<p>		 government list, please contact the Reuter</p>
<p>		 Editorial Reference Unit, London, on (171) 542</p>
<p>		 7968.</p>
<p>			    (End Government List)</p>
</text>
<copyright>(c) Reuters Limited 1997</copyright>
<metadata>
<codes class="bip:countries:1.0">
  <code code="PAPNG">
    <editdetail attribution="Reuters BIP Coding Group" action="confirmed" date="1997-07-04"/>
  </code>
</codes>
<codes class="bip:topics:1.0">
  <code code="GCAT">
    <editdetail attribution="Reuters BIP Coding Group" action="confirmed" date="1997-07-04"/>
  </code>
  <code code="GPOL">
    <editdetail attribution="Reuters BIP Coding Group" action="confirmed" date="1997-07-04"/>
  </code>
</codes>
<dc element="dc.publisher" value="Reuters Holdings Plc"/>
<dc element="dc.date.published" value="1997-07-04"/>
<dc element="dc.source" value="Reuters"/>
<dc element="dc.creator.location.country.name" value="PAPUA NEW GUINEA"/>
<dc element="dc.source" value="Reuters"/>
</metadata>
</newsitem>
