<?xml version="1.0" encoding="iso-8859-1" ?>
<newsitem itemid="707046" id="root" date="1997-07-04" xml:lang="en">
<title>INDIA: GOVERNMENT LIST.</title>
<headline>GOVERNMENT LIST.</headline>
<text>
<p>INDIA GOVERNMENT LIST (970620-2)</p>
<p>  ***********************************************************</p>
<p>  * 14 Jul 97 - Presidential election due. Current vice-    *</p>
<p>  *		 president Kocheril Raman Narayanan won the  *</p>
<p>  *		 support of the three main political parties *</p>
<p>  *		 on June 20, assuring his victory in the poll*</p>
<p>  *		 which is voted by parliament and state	*</p>
<p>  *		 assemblies.					   *</p>
<p>  ***********************************************************</p>
<p>				- - - - - - -</p>
<p> President (Sworn in 25 Jul 92)...........Shankar Dayal SHARMA</p>
<p> Vice President........Kocheril Raman NARAYANAN</p>
<p>				- - - - - - -</p>
<p>UNITED FRONT ALLIANCE GOVERNMENT:</p>
<p> Prime Minister (Sworn in 21 Apr 97)........Inder Kumar GUJRAL</p>
<p>(Also in charge of ministries/departments of Atomic</p>
<p>Energy, Personnel, Public Grievances &amp; Pensions, Health</p>
<p>&amp; Family Welfare, Planning &amp; Programme Implementation,</p>
<p>External Affairs, Electronics, Jammu &amp; Kashmir Affairs,</p>
<p>Labour, Ocean Development &amp; Space.)</p>
<p>				- - - - - - -</p>
<p>CABINET:</p>
<p>Agriculture, Animal Husbandry &amp;</p>
<p>Dairying...Chaturanan MISHRA</p>
<p> Chemicals &amp; Fertilisers.........M. ARUNACHALAM</p>
<p>Civil Aviation.....C.M. IBRAHIM</p>
<p> Communications...............Beni Prasad VARMA</p>
<p>Defence.....Mulayam Singh YADAV</p>
<p> Environment &amp; Forests............Saifuddin SOZ</p>
<p> External Affairs............See prime minister</p>
<p> Finance................Palaniappan CHIDAMBARAM</p>
<p>Home Affairs.....Indrajit GUPTA</p>
<p> Human Resource Development.........S.R. BOMMAI</p>
<p> Industry.........Murasoli MARAN</p>
<p> Information &amp; Broadcasting........Jaipal REDDY</p>
<p> Parliamentary Affairs &amp; Tourism...........Srikanta Kumar JENA</p>
<p> Petroleum &amp; Natural Gas...... Janeshwar MISHRA</p>
<p> Railways.......Ram Vilas PASWAN</p>
<p> Rural Areas &amp; Employment..........Yerran NAIDU</p>
<p> Steel &amp; Mines..........Birendra Prasad BAISHYA</p>
<p> Surface Transport.............T.G. VENKATRAMAN</p>
<p> Textiles...........R.L. JALAPPA</p>
<p> Welfare...............Balwant Singh RAMOOWALIA</p>
<p>				 - - - - - - -</p>
<p>MINISTERS OF STATE WITH INDEPENDENT CHARGE:</p>
<p> Coal................Kanti SINGH</p>
<p>Commerce.....Bolla Buli RAMAIAH</p>
<p>Food &amp; Consumer Affairs.Raghubans Prasad SINGH</p>
<p> Food Processing................Dilip Kumar RAY</p>
<p> Labour..........Veerendra KUMAR</p>
<p> Law &amp; Justice...............Ramakant D. KHALAP</p>
<p> Non-conventional Energy Sources............Jai Narayan NISHAD</p>
<p> Power.........Yoginder K. ALAGH</p>
<p>Urban Affairs &amp; Employment....U. VENKATESWARLU</p>
<p>Water Resources...Shees Ram OLA</p>
<p>				 - - - - - - -</p>
<p>MINISTERS OF STATE:</p>
<p>Agriculture..S. VENUGOPALACHARI</p>
<p> Civil Aviation &amp; Parliamentary Affairs......Jayanti NATARAJAN</p>
<p> Defence.............N.V.N. SOMU</p>
<p> External Affairs.........Saleem Iqbal SHERVANI</p>
<p>								   Kamla SINHA</p>
<p> Finance..........Satpal MAHARAJ</p>
<p> Health &amp; Family Welfare.......Renuka CHOWDHURY</p>
<p> Home Affairs..............Mohammed Maqbool DAR</p>
<p>Human Resource Development, Department of</p>
<p>Education....Muhi Ram SAIKIA</p>
<p>Personnel, Public Grievances, Pensions &amp;</p>
<p>Parliamentary Affairs.S.R. BALASUBRAMONIYAN</p>
<p>Planning &amp; Programme Implementation.....Ratnamala D. SAVANOOR</p>
<p> Petroleum &amp; Natural Gas.............T.R. BAALU</p>
<p> Rural Areas &amp; Employment............Chandradeo Prasad VARMA**</p>
<p>						    (**Resigned 20 Jun 97)</p>
<p> Urban Affairs &amp; Employment.............Umareddy VENKATESWARLU</p>
<p>Youth Affairs &amp; Sports....Dhanushkodi ATHITHAN</p>
<p>				- - - - - - -</p>
<p> Speaker of the Lok Sabha...........P.A. SANGMA</p>
<p>				- - - - - - -</p>
<p>Governor of the Reserve Bank of</p>
<p>    India................Chakravarty RANGARAJAN</p>
<p>				- - - - - - -</p>
<p>	 NOTE: Any comments/queries on the content of this</p>
<p>		 government list, please contact the Reuter</p>
<p>		 Editorial Reference Unit, London, on (171) 542</p>
<p>		 7968.</p>
<p>			  (End Government List)</p>
</text>
<copyright>(c) Reuters Limited 1997</copyright>
<metadata>
<codes class="bip:countries:1.0">
  <code code="INDIA">
    <editdetail attribution="Reuters BIP Coding Group" action="confirmed" date="1997-07-04"/>
  </code>
</codes>
<codes class="bip:topics:1.0">
  <code code="GCAT">
    <editdetail attribution="Reuters BIP Coding Group" action="confirmed" date="1997-07-04"/>
  </code>
  <code code="GPOL">
    <editdetail attribution="Reuters BIP Coding Group" action="confirmed" date="1997-07-04"/>
  </code>
</codes>
<dc element="dc.publisher" value="Reuters Holdings Plc"/>
<dc element="dc.date.published" value="1997-07-04"/>
<dc element="dc.source" value="Reuters"/>
<dc element="dc.creator.location.country.name" value="INDIA"/>
<dc element="dc.source" value="Reuters"/>
</metadata>
</newsitem>
