<?xml version="1.0" encoding="iso-8859-1" ?>
<newsitem itemid="707031" id="root" date="1997-07-04" xml:lang="en">
<title>BOSNIA-HERZEGOVINA: GOVERNMENT LIST.</title>
<headline>GOVERNMENT LIST.</headline>
<text>
<p>BOSNIA-HERZEGOVINA GOVERNMENT LIST (970616)</p>
<p>THREE-MAN PRESIDENCY:</p>
<p>				Alija IZETBEGOVIC (Moslem) (Chairman)</p>
<p>				Kresimir ZUBAK (Croat)</p>
<p>				Momcilo KRAJISNIK (Serb)</p>
<p>				 - - - - - - -</p>
<p>CENTRAL GOVERNMENT (Apptd 3 Jan 97):</p>
<p> Co-chairmen...........Haris SILAJDZIC (Moslem)</p>
<p>							   Boro BOSIC (Serb)</p>
<p>				 - - - - - - -</p>
<p>COUNCIL OF MINISTERS:</p>
<p> Civil Affairs &amp; Communication........Spasoje ALBIJANIC (Serb)</p>
<p>    Deputies...........Nudzeim REDZICA (Moslem)</p>
<p>						  Milan KRIZANOVIC (Croat)</p>
<p> Foreign Affairs.........Jadranko PRLIC (Croat)</p>
<p>    Deputies.............Husein ZIVALJ (Moslem)</p>
<p>						     Dragan BOZANIC (Serb)</p>
<p> Foreign Trade &amp; Economy..............Hasan MURATOVIC (Moslem)</p>
<p>    Deputies............Nikola GRABOVAC (Croat)</p>
<p>							  Gavro BOGIC (Serb)</p>
<p>				 - - - -.- - -</p>
<p> National Bank Governor............Serge ROBERT</p>
<p>				 - - - - - - -</p>
<p>MOSLEM-CROAT FEDERATION GOVERNMENT:</p>
<p> President..............Vladimir SOLJIC (Croat)</p>
<p> Vice-president.............Ejup GANIC (Moslem)</p>
<p>				 - - - - - - -</p>
<p> Prime Minister.........Edhem BICAKCIC (Moslem)</p>
<p> Deputy Prime Minister.Drago BILANDZIJA (Croat)</p>
<p> (Also minister of Finance)</p>
<p>				 - - - - - - -</p>
<p>MINISTERS:</p>
<p> Defence....Ante JELAVIC (Croat)</p>
<p> Deputy.............Sakib MAHMULJIN (Moslem)</p>
<p> Energy, Mining &amp; Industry.........Izudin KAPETANOVIC (Moslem)</p>
<p> Deputy..Perica JUKIC (Croat)</p>
<p> Environment..........Ibrahim MORANKIC (Moslem)</p>
<p> Finance...........See Deputy PM</p>
<p> Deputy.............Mehmed ALIJAGIC (Moslem)</p>
<p> Interior..Mehmed ZILIC (Moslem)</p>
<p> Deputy...Jozo LEUTAR (Croat)</p>
<p> Justice......Mato TADIC (Croat)</p>
<p> Deputy..Safet PASIC (Moslem)</p>
<p> Science, Culture &amp; Sports.....Fahrudin RIZVANBEGOVIC (Moslem)</p>
<p> Deputy...Jakov PEHAR (Croat)</p>
<p> Social Affairs &amp; Refugees.Rasim KADIC (Moslem)</p>
<p> Deputy..Damir LJUBIC (Croat)</p>
<p> Trade.........Ige KREZO (Croat)</p>
<p> Deputy...Amir ZUKIC (Moslem)</p>
<p> Traffic &amp; Communications.............Rasim GACANOVIC (Moslem)</p>
<p> Deputy....Pavo BOBAN (Croat)</p>
<p> Waterpower, Agriculture &amp; Forestry......Ahmed SMAJIC (Moslem)</p>
<p> Without Portfolio.....Nikola ANTUNOVIC (Croat)</p>
<p>			 Nedeljko DESPOTOVIC (Serb)</p>
<p>				 - - - - - - -</p>
<p>BOSNIAN SERB REPUBLIC GOVERNMENT:</p>
<p> President.......Biljana PLAVSIC</p>
<p> Vice-president..............Dragoljub MIRJANIC</p>
<p>				 - - - - - - -</p>
<p>Prime Minister..Gojko KLICKOVIC</p>
<p> Deputy Prime Ministers.........Velibor OSTOJIC</p>
<p>						  Miroslav VJESTICA</p>
<p>					    Milomir DRAGANIC</p>
<p>				 - - - - - - -</p>
<p>MINISTERS</p>
<p> Agriculture.....Djojo ARSENOVIC</p>
<p> City Planning &amp; Civil Construction............Ratko MISANOVIC</p>
<p> Communications...Nedeljko LAJIC</p>
<p> Defense..........Milan NINKOVIC</p>
<p> Education, Science &amp; Sports....Nedeljko RASULA</p>
<p> Finance............Novak KONDIC</p>
<p> Industry &amp; Power..Milorad SKOKO</p>
<p> Information......Dragan BOZANIC</p>
<p> Interior...........Dragan KIJAC</p>
<p> Justice...........Marko ARSOVIC</p>
<p> Refugee &amp; Displaced Persons...Ljubisa VLADUSIC</p>
<p> Religion.......Dragan DAVIDOVIC</p>
<p> Trade.........Spasoje ALBIJANIC</p>
<p> War Casualties &amp; Soldier Issues...........Vojislav RADISKOVIC</p>
<p> Without Portfolio..............Miroslav TOHOLJ</p>
<p>							   Ljubomir ZUKOVIC</p>
<p>				 - - - - - - -</p>
<p>NOTE: Any comments/queries on the content of this</p>
<p>	    government list, please contact the Reuter</p>
<p>	    Editorial Reference Unit, London, on (171) 542</p>
<p>	    7968.</p>
<p>			   (End Government List)</p>
</text>
<copyright>(c) Reuters Limited 1997</copyright>
<metadata>
<codes class="bip:countries:1.0">
  <code code="BSHZG">
    <editdetail attribution="Reuters BIP Coding Group" action="confirmed" date="1997-07-04"/>
  </code>
</codes>
<codes class="bip:topics:1.0">
  <code code="GCAT">
    <editdetail attribution="Reuters BIP Coding Group" action="confirmed" date="1997-07-04"/>
  </code>
  <code code="GPOL">
    <editdetail attribution="Reuters BIP Coding Group" action="confirmed" date="1997-07-04"/>
  </code>
</codes>
<dc element="dc.publisher" value="Reuters Holdings Plc"/>
<dc element="dc.date.published" value="1997-07-04"/>
<dc element="dc.source" value="Reuters"/>
<dc element="dc.creator.location.country.name" value="BOSNIA-HERZEGOVINA"/>
<dc element="dc.source" value="Reuters"/>
</metadata>
</newsitem>
