<?xml version="1.0" encoding="iso-8859-1" ?>
<newsitem itemid="707023" id="root" date="1997-07-04" xml:lang="en">
<title>MALI: GOVERNMENT LIST.</title>
<headline>GOVERNMENT LIST.</headline>
<text>
<p>MALI GOVERNMENT LIST (970614)</p>
<p>  ***********************************************************</p>
<p>  * 20 July 97 - Parliamentary Election			   *</p>
<p>  *  3 August 97 - 2nd round Parliamentary Election	   *</p>
<p>  ***********************************************************</p>
<p>President (Sworn in for second and final five-year term</p>
<p>     8 June 97)..............Alpha Oumar KONARE</p>
<p>			    - - - - - - -</p>
<p>GOVERNMENT (Formed 7 Nov 93, reshuffled 23 July 96)</p>
<p> Prime Minister (Appointed 4 Feb 94).............Ibrahim KEITA</p>
<p>			    - - - - - - - - -</p>
<p>MINISTERS:</p>
<p> Arid &amp; Semi-Arid Zones...........Tiebite DRAME</p>
<p> Armed forces.........Mamadou BA</p>
<p> Basic Education...............Adama SAMASSEKOU</p>
<p> Commissioner for the Advancement of Youth........Adama DIARRA</p>
<p> Cottage Industry, Tourism........Fatou HAIDARA</p>
<p>Culture &amp; Communication...Bakary Koniba TRAORE</p>
<p> Economy, Commerce, Finance &amp; Planning..........Soumaila CISSE</p>
<p>Employment, Civil Service &amp; Labour...Boubacar Gaoussou DIARRA</p>
<p> Health &amp; the Elderly.............Modibo SIDIBE</p>
<p> Justice..............Cheickna Deteba KAMISSOKO</p>
<p>Mines, Energy &amp; Hydraulics.....Cheikna Seydou Tidiani DIAWARA</p>
<p>Public Works &amp; Transport.Bakary Konimba TRAORE</p>
<p>Rural Development &amp; Environment..Modibo TRAORE</p>
<p>Secondary &amp; Higer Education Scientific</p>
<p>Research....Moustapha DICKO</p>
<p>Secretary-General to the Presidency....Ahmed al-Madani DIALLO</p>
<p> Territorial Administration, Security.......Lt-Col Sada SAMAKE</p>
<p> Urban Planning &amp; Housing.......Sy Kadiatou SOW</p>
<p>Youth &amp; Sports.....Boubacar Karamoko COULIBALI</p>
<p>			    - - - - - - - - -</p>
<p>MINISTER OF STATE:</p>
<p> African Integration...............Yoro DIAKITE</p>
<p> Foreign Affairs..............Dioncounda TRAORE</p>
<p>			    - - - - - - - - -</p>
<p> Central Bank Governor......Charles KONAN BANNY</p>
<p>(Central Bank of West African States)</p>
<p>			    - - - - - - - - -</p>
<p>	 NOTE: Any comments/queries on the content of this</p>
<p>		 government list, please contact the Reuter</p>
<p>		 Editorial Reference Unit, London, on (171) 542</p>
<p>		 7968.</p>
<p>			  (End Government List)</p>
</text>
<copyright>(c) Reuters Limited 1997</copyright>
<metadata>
<codes class="bip:countries:1.0">
  <code code="MALI">
    <editdetail attribution="Reuters BIP Coding Group" action="confirmed" date="1997-07-04"/>
  </code>
</codes>
<codes class="bip:topics:1.0">
  <code code="GCAT">
    <editdetail attribution="Reuters BIP Coding Group" action="confirmed" date="1997-07-04"/>
  </code>
  <code code="GPOL">
    <editdetail attribution="Reuters BIP Coding Group" action="confirmed" date="1997-07-04"/>
  </code>
</codes>
<dc element="dc.publisher" value="Reuters Holdings Plc"/>
<dc element="dc.date.published" value="1997-07-04"/>
<dc element="dc.source" value="Reuters"/>
<dc element="dc.creator.location.country.name" value="MALI"/>
<dc element="dc.source" value="Reuters"/>
</metadata>
</newsitem>
