<?xml version="1.0" encoding="iso-8859-1" ?>
<newsitem itemid="707007" id="root" date="1997-07-04" xml:lang="en">
<title>UK: IATA says 270 aircraft due for 1997 delivery..</title>
<headline>IATA says 270 aircraft due for 1997 delivery..</headline>
<dateline>LONDON 1997-07-04</dateline>
<text>
<p>The International Air Transport Association (IATA) said its 255 member airlines had 270 aircraft due for delivery in 1997 out of a total of 849 aircraft on order.</p>
<p>Over 47 percent of the outstanding aircraft are widebodies, IATA said in its latest World Air Transport Statistics (WATS) report.</p>
<p>It added that the average age of the total IATA fleet was 11.4 years in 1996 compared to 10.9 years the previous year with 15.7 percent (16 percent)of aircraft over 20 years old.</p>
<p>- Reuters Air Cargo Service Tel+ 44 171 542 7706 Fax +5017 - www.racs.com</p>
</text>
<copyright>(c) Reuters Limited 1997</copyright>
<metadata>
<codes class="bip:countries:1.0">
  <code code="UK">
    <editdetail attribution="Reuters BIP Coding Group" action="confirmed" date="1997-07-04"/>
  </code>
</codes>
<codes class="bip:industries:1.0">
  <code code="I36400">
    <editdetail attribution="Reuters BIP Coding Group" action="confirmed" date="1997-07-04"/>
  </code>
  <code code="I3640010">
    <editdetail attribution="Reuters BIP Coding Group" action="confirmed" date="1997-07-04"/>
  </code>
  <code code="I75000">
    <editdetail attribution="Reuters BIP Coding Group" action="confirmed" date="1997-07-04"/>
  </code>
</codes>
<codes class="bip:topics:1.0">
  <code code="C33">
    <editdetail attribution="Reuters BIP Coding Group" action="confirmed" date="1997-07-04"/>
  </code>
  <code code="CCAT">
    <editdetail attribution="Reuters BIP Coding Group" action="confirmed" date="1997-07-04"/>
  </code>
</codes>
<dc element="dc.date.created" value="1997-07-04"/>
<dc element="dc.publisher" value="Reuters Holdings Plc"/>
<dc element="dc.date.published" value="1997-07-04"/>
<dc element="dc.source" value="Reuters"/>
<dc element="dc.creator.location" value="LONDON"/>
<dc element="dc.creator.location.country.name" value="UK"/>
<dc element="dc.source" value="Reuters"/>
</metadata>
</newsitem>
