<?xml version="1.0" encoding="iso-8859-1" ?>
<newsitem itemid="707087" id="root" date="1997-07-04" xml:lang="en">
<title>RUSSIA: GOVERNMENT LIST.</title>
<headline>GOVERNMENT LIST.</headline>
<text>
<p>RUSSIA GOVERNMENT LIST (970702)</p>
<p>President..........Boris YELTSIN</p>
<p>(Re-elected 3 July 96 for four-year term, sworn in 9 Aug 96)</p>
<p>				- - - - - - -</p>
<p>CABINET OF MINISTERS (app. 15 Aug 96, reshuffled 17 Mar 97)</p>
<p>Ministers appointed or elevated to higher positions during</p>
<p>reshuffle are marked with * )</p>
<p>Prime Minister (Re-apptd Aug 10 96)........Viktor CHERNOMYRDIN</p>
<p>*First Deputy Prime Minister.....Antoly CHUBAIS</p>
<p>(Also Finance Minister)</p>
<p>*First Deputy Prime Minister......Boris NEMTSOV</p>
<p>(Also Fuel &amp; Energy Minister)</p>
<p>*Deputy Prime Minister..........Vladimir BULGAK</p>
<p>*Deputy Prime Minister.............Oleg SYSUYEV</p>
<p>(Also Labour &amp; Social Development Minister)</p>
<p>*Deputy Prime Minister..............Alfred KOKH</p>
<p>(Also head of the State Privatisation Committee)</p>
<p>Deputy Prime Minister...........Anatloy KULIKOV</p>
<p>(Also Interior Minister)</p>
<p>*Deputy Prime Minister............Yakov URINSON</p>
<p>(Also Economy Minister)</p>
<p>Deputy Prime Minister..............Valery SEROV</p>
<p>Deputy Prime Minister...........Viktor KHLYSTUN</p>
<p>(Also Agriculture Minister)</p>
<p>			 - - - - - - -</p>
<p>MINISTERS:</p>
<p>Agriculture.......See Deputy Pms</p>
<p>Civil Defence &amp; Emergencies.......Sergei SHOIGU</p>
<p>Commonwealth of Independent States..............Aman TULEYEV**</p>
<p>							(**Sacked 1 July 97)</p>
<p>Culture..........Yevgeny SIDOROV</p>
<p>Defence........Gen Igor SERGEYEV</p>
<p>Economy............Yakov URINSON</p>
<p>Education......Vladimir KINELYOV</p>
<p>Finance...........See Deputy PMs</p>
<p>Foreign Affairs................Yevgeny PRIMAKOV</p>
<p>Foreign Trade &amp; Economic Relations.............Mikhail FRADKOV</p>
<p>Fuel &amp; Energy..............See First Deputy PMs</p>
<p>Health.........Tatyana DMITRIEVA</p>
<p>Interior..........See Deputy PMs</p>
<p>Justice.........Sergei STEPASHIN</p>
<p>Labour &amp; Social Development......See Deputy PMs</p>
<p>Nationalities..............Vyacheslav MIKHAILOV</p>
<p>Natural Resources...Viktor ORLOV</p>
<p>Nuclear Energy..Viktor MIKHAILOV</p>
<p>Privatisation (Chairman of State Property</p>
<p>     Committee)......Alfred KOKH</p>
<p>Railway Communications........Nikolai AKSENENKO</p>
<p>Science &amp; Technology....(Vacant)</p>
<p>Transport..........Nikolai TSAKH</p>
<p>Without Portfolio..Yevgeny YASIN</p>
<p>			- - - - - - -</p>
<p>Speaker of the Lower House (State Duma)......Gennady SELEZNYOV</p>
<p>Speaker of the Upper House</p>
<p>     (Federation Council).........Yegor STROYEV</p>
<p>			- - - - - - -</p>
<p>Central Bank Governor............Sergei DUBININ</p>
<p>			- - - - - - -</p>
<p>	 NOTE: Any comments/queries on the content of this</p>
<p>		 government list, please contact the Reuter</p>
<p>		 Editorial Reference Unit, London, on (171) 542</p>
<p>		 7968.</p>
<p>			  (End government list)</p>
</text>
<copyright>(c) Reuters Limited 1997</copyright>
<metadata>
<codes class="bip:countries:1.0">
  <code code="RUSS">
    <editdetail attribution="Reuters BIP Coding Group" action="confirmed" date="1997-07-04"/>
  </code>
</codes>
<codes class="bip:topics:1.0">
  <code code="GCAT">
    <editdetail attribution="Reuters BIP Coding Group" action="confirmed" date="1997-07-04"/>
  </code>
  <code code="GPOL">
    <editdetail attribution="Reuters BIP Coding Group" action="confirmed" date="1997-07-04"/>
  </code>
</codes>
<dc element="dc.publisher" value="Reuters Holdings Plc"/>
<dc element="dc.date.published" value="1997-07-04"/>
<dc element="dc.source" value="Reuters"/>
<dc element="dc.creator.location.country.name" value="RUSSIA"/>
<dc element="dc.source" value="Reuters"/>
</metadata>
</newsitem>
