<?xml version="1.0" encoding="iso-8859-1" ?>
<newsitem itemid="707138" id="root" date="1997-07-04" xml:lang="en">
<title>ZAMBIA: PRESS DIGEST - Zambia - July 4.</title>
<headline>PRESS DIGEST - Zambia - July 4.</headline>
<dateline>LUSAKA 1997-07-04</dateline>
<text>
<p>These are the leading stories in the Zambian press on Friday.</p>
<p>Reuters has not verified these stories and does not vouch for their accuracy.</p>
<p>- - - -</p>
<p>TIMES OF ZAMBIA</p>
<p>- President Frederick Chiluba says the sale of Zambia Consolidated Copper Mines houses to miners will start next week.</p>
<p>- Finance Minister Ronald Penza says the collapse of talks between the government and opposition will not affect the outcome of a Consultative Group meeting on Zambia on July 9.</p>
<p>- - - -</p>
<p>ZAMBIA DAILY MAIL</p>
<p>- Police in Lusaka have smashed a car racket in which motor vehicles were being cleared by a fake Interpol office.</p>
<p>- - - -</p>
<p>THE POST</p>
<p>- Opposition parties say they will hold a rally in the Zambian capital on Saturday in defiance of a police ban.</p>
<p>- Namibian President Sam Nujoma arrives in Zambia to officially open the 1997 international trade fair.</p>
<p>-- Lusaka newsroom +2601 222 689</p>
</text>
<copyright>(c) Reuters Limited 1997</copyright>
<metadata>
<codes class="bip:countries:1.0">
  <code code="ZAMBIA">
    <editdetail attribution="Reuters BIP Coding Group" action="confirmed" date="1997-07-04"/>
  </code>
</codes>
<codes class="bip:topics:1.0">
  <code code="GCAT">
    <editdetail attribution="Reuters BIP Coding Group" action="confirmed" date="1997-07-04"/>
  </code>
</codes>
<dc element="dc.date.created" value="1997-07-04"/>
<dc element="dc.publisher" value="Reuters Holdings Plc"/>
<dc element="dc.date.published" value="1997-07-04"/>
<dc element="dc.source" value="Reuters"/>
<dc element="dc.creator.location" value="LUSAKA"/>
<dc element="dc.creator.location.country.name" value="ZAMBIA"/>
<dc element="dc.source" value="Reuters"/>
</metadata>
</newsitem>
