<?xml version="1.0" encoding="iso-8859-1" ?>
<newsitem itemid="707135" id="root" date="1997-07-04" xml:lang="en">
<title>SOUTH AFRICA: TABLE - S.African economic indicators consensus.</title>
<headline>TABLE - S.African economic indicators consensus.</headline>
<dateline>JOHANNESBURG 1997-07-04</dateline>
<text>
<p>South African economic</p>
<p>indicators scheduled for release next week include:</p>
<p>DAY    GMT   INDICATOR    PERIOD  FORECAST   RANGE     PREVIOUS</p>
<p>THU    0900  PPI Y/Y	MAY     8.4 PCT    8.1/8.9   8.8</p>
<p>THU    0900  PPI M/M	MAY     0.8 PCT    0.6/1.3   0.4</p>
<p>Individual forecasts:</p>
<p>ABN		    - 8.9	    Citadel	     - 8.3</p>
<p>Equisec		- 8.1	    EW Balderson	- 8.3</p>
<p>FBC Merchant Bank  - 8.1	    Nedcor		- 8.5</p>
<p>RMB		    - 8.2	    Unattributable    - 8.5</p>
<p>-- Johannesburg newsroom +27 11 482 1003</p>
</text>
<copyright>(c) Reuters Limited 1997</copyright>
<metadata>
<codes class="bip:countries:1.0">
  <code code="SAFR">
    <editdetail attribution="Reuters BIP Coding Group" action="confirmed" date="1997-07-04"/>
  </code>
</codes>
<codes class="bip:topics:1.0">
  <code code="E71">
    <editdetail attribution="Reuters BIP Coding Group" action="confirmed" date="1997-07-04"/>
  </code>
  <code code="ECAT">
    <editdetail attribution="Reuters BIP Coding Group" action="confirmed" date="1997-07-04"/>
  </code>
</codes>
<dc element="dc.date.created" value="1997-07-04"/>
<dc element="dc.publisher" value="Reuters Holdings Plc"/>
<dc element="dc.date.published" value="1997-07-04"/>
<dc element="dc.source" value="Reuters"/>
<dc element="dc.creator.location" value="JOHANNESBURG"/>
<dc element="dc.creator.location.country.name" value="SOUTH AFRICA"/>
<dc element="dc.source" value="Reuters"/>
</metadata>
</newsitem>
