<?xml version="1.0" encoding="iso-8859-1" ?>
<newsitem itemid="707106" id="root" date="1997-07-04" xml:lang="en">
<title>COTE D'IVOIRE: Abidjan bourse ends modestly higher on week.</title>
<headline>Abidjan bourse ends modestly higher on week.</headline>
<dateline>ABIDJAN 1997-07-04</dateline>
<text>
<p>The Abidjan bourse edged higher again this week though volume remained low, according to the bourse report.</p>
<p>The BVA index added 0.28 percent to 492.79, leaving it 37.7 percent higher than at the start of the year.</p>
<p>As last week, volume was exaggerated by a block trade in the shares of SIEM, Ivory Coast's main producer of cans and metal packaging. The government's 10 percent stake was floated on the bourse last month.</p>
<p>A bourse official said the block trades involved shares that were sold to SIEM employees at the flotation price of 29,500 CFA francs, which is still the market price. For technical reasons, the transfer to employees had not been possible before the flotation, she said.</p>
<p>Elsewhere, shares in electricity company CIE were 870 CFA francs lower at 20,410, adjusted for a dividend payment of 860 CFA francs.</p>
<p>Among the gainers were rubber company SOGB, up 750 CFA francs at 17,600, and civil engineering firm SETAO, which rose 980 to 17,600.</p>
<p>((--Alan Raybould, Abidjan newsroom +225 21 90 90))</p>
</text>
<copyright>(c) Reuters Limited 1997</copyright>
<metadata>
<codes class="bip:countries:1.0">
  <code code="ICST">
    <editdetail attribution="Reuters BIP Coding Group" action="confirmed" date="1997-07-04"/>
  </code>
</codes>
<codes class="bip:topics:1.0">
  <code code="M11">
    <editdetail attribution="Reuters BIP Coding Group" action="confirmed" date="1997-07-04"/>
  </code>
  <code code="MCAT">
    <editdetail attribution="Reuters BIP Coding Group" action="confirmed" date="1997-07-04"/>
  </code>
</codes>
<dc element="dc.date.created" value="1997-07-04"/>
<dc element="dc.publisher" value="Reuters Holdings Plc"/>
<dc element="dc.date.published" value="1997-07-04"/>
<dc element="dc.source" value="Reuters"/>
<dc element="dc.creator.location" value="ABIDJAN"/>
<dc element="dc.creator.location.country.name" value="COTE D'IVOIRE"/>
<dc element="dc.source" value="Reuters"/>
</metadata>
</newsitem>
