<?xml version="1.0" encoding="iso-8859-1" ?>
<newsitem itemid="707111" id="root" date="1997-07-04" xml:lang="en">
<title>BURUNDI: Trial into killing of Burundi president reopens.</title>
<headline>Trial into killing of Burundi president reopens.</headline>
<dateline>BUJUMBURA 1997-07-04</dateline>
<text>
<p>The Supreme Court restarted a trial on Friday of 79 people charged with killing Burundi's first freely-elected Hutu president but one defendant laughed off the charges.</p>
<p>Supreme Court Chief Justice Salvator Scromba said in the capital Bujumbura that the 79 accused, many of whom were military officers, were charged with mutiny. All have pleaded not guilty.</p>
<p>Ethnic Tutsi troops murdered president Melchior Ndadaye during an attempted coup in Bujumbura in October 1993, sparking a wave of revenge killings by Hutus and army repression.</p>
<p>Since then more than 150,000 people have been killed in massacres and civil war pitting the Tutsi-dominated army against rebels of the Hutu majority.</p>
<p>Tutsi-dominated Uprona party member of parliament Francois Ngeze, named president for two days after Ndadaye's death, said he had no prior knowledge of the coup and would have been killed had he declined the post.</p>
<p>&quot;I was not informed about the coup. That night I was woken by the sound of gunfire. Then the army surrounded my house and took me away,&quot; said Ngeze, producing from a briefcase a pair of red pyjamas he said he was wearing at the time.</p>
<p>&quot;Was I going to be president in pyjamas,&quot; he asked the packed courtroom to laughter.</p>
<p>Former army chief of staff Colonel Jean Bikomagu, singled out by a 1996 U.N. report into Ndadaye's murder, also hotly denied the charges. Bikomagu handed over Ndadaye to the soldiers who killed him, the U.N. report said.</p>
<p>&quot;I categorically deny these allegations. I did what I could to protect Ndadaye. When I asked soldiers not to kill the president, they threatened to kill me,&quot; he said.</p>
<p>Military leader Pierre Buyoya began the trial earlier this year to balance parallel proceedings against leading members of the pro-Hutu Frodebu party over killings after the 1993 coup bid, a foreign expert on Burundi said.</p>
<p>Buyoya, who himself seized power in an army coup a year ago and deposed Burundi's Hutu president Sylvestre Ntibantunganya, called in May for a U.N. tribunal in May into the events of October 1993.</p>
<p>Only about half the defendants appeared in court on Friday. The trial was adjourned, but no date was set for it to reopen.</p>
<p>Buyoya said this week he would soon open direct talks with armed groups, a move opposed by many fellow ethnic Tutsis who hold Hutu political groups responsible for genocide after the coup attempt.</p>
</text>
<copyright>(c) Reuters Limited 1997</copyright>
<metadata>
<codes class="bip:countries:1.0">
  <code code="BURUN">
    <editdetail attribution="Reuters BIP Coding Group" action="confirmed" date="1997-07-04"/>
  </code>
</codes>
<codes class="bip:topics:1.0">
  <code code="GCAT">
    <editdetail attribution="Reuters BIP Coding Group" action="confirmed" date="1997-07-04"/>
  </code>
  <code code="GCRIM">
    <editdetail attribution="Reuters BIP Coding Group" action="confirmed" date="1997-07-04"/>
  </code>
  <code code="GVIO">
    <editdetail attribution="Reuters BIP Coding Group" action="confirmed" date="1997-07-04"/>
  </code>
</codes>
<dc element="dc.date.created" value="1997-07-04"/>
<dc element="dc.publisher" value="Reuters Holdings Plc"/>
<dc element="dc.date.published" value="1997-07-04"/>
<dc element="dc.source" value="Reuters"/>
<dc element="dc.creator.location" value="BUJUMBURA"/>
<dc element="dc.creator.location.country.name" value="BURUNDI"/>
<dc element="dc.source" value="Reuters"/>
</metadata>
</newsitem>
