<?xml version="1.0" encoding="iso-8859-1" ?>
<newsitem itemid="707128" id="root" date="1997-07-04" xml:lang="en">
<title>SOUTH AFRICA: S.Africans gingerly test offshore investment waters.</title>
<headline>S.Africans gingerly test offshore investment waters.</headline>
<byline>Paul Richardson</byline>
<dateline>JOHANNESBURG 1997-07-04</dateline>
<text>
<p>South Africans were forbidden to invest any money outside the country for over 30 years.</p>
<p>Now the rules have been relaxed, but most people with savings to salt away offshore have been very cautious in testing the waters.</p>
<p>Institutions and investment advisers say they have received plenty of interest in their new investment products, but very little business has been done since the exchange control regulations were eased on Tuesday.</p>
<p>&quot;We are seeing a fair amount of interest... there are a lot of enquiries,&quot; said Stephen Grundling, national sales manager at Templeton Asset Management.</p>
<p>&quot;But people are tending to be cautious and are not leaping in.&quot;</p>
<p>On Tuesday, South African residents were allowed to invest up to 200,000 rand ($44,250) in offshore assets for the first time since 1961, when the country took independence from Britain and left the Commonwealth and introduced exchange controls.</p>
<p>The latest step, part of the government's phased removal of the tight controls, has generated a welter of advertisements from competing institutions.</p>
<p>But it has also resulted in words of caution from the authorities, which analysts say has left people confused.</p>
<p>&quot;It's new products, a new concept ...there are a lot of warnings in the press that investors should be aware about where they should invest, what they should invest in and the tax implications,&quot; said Charl le Roux, managing director of Sanlam Unit Trusts.</p>
<p>&quot;People are still evaluating and seeing what's out there,&quot; Grundling said. &quot;They are more confused than anything else.&quot;</p>
<p>He added that the business of investing offshore should pick up over the next month or so.</p>
<p>The financial markets have taken heart from the slow pace of offshore investment. The rand has firmed two cents against the dollar since Tuesday as institutions which had accumulated dollars, anticipating increased demand, sold them back into the market. Bond yields posted 17-month lows later in the week.</p>
<p>Charles Jonker, head of financial economics and strategy at Absa Bank, said that once demand did pick up, however, there was unlikely to be a rush of capital from the country which had been feared by some.</p>
<p>The Reserve Bank has estimated that between three and five billion rand could leave the country, while some economists have predicted amounts of up to 15 billion leaving the country.</p>
<p>Jonker noted, however, that of those who could afford to take 200,000 rand offshore, most of them were highly indebted.</p>
<p>He said a study done by Absa bank showed that individuals who earned around 200,000 rand were high up on the credit facility list.</p>
<p>&quot;Furthermore, if one looks at the savings rate in South Africa there is no savings from the personal side. There is only contractual savings,&quot; he said.</p>
<p>As a result, he said he expected most demand to centre on unit trusts bought by monthly subscription rather than lump sum payments. This was borne out by the fact that most overseas investment products on offer were linked to unit trusts.</p>
<p>Economists estimate there are around 100,000 &quot;high-net-worth individuals&quot; in South Africa -- the kind of people who would be expected to have some money to invest outside the country's borders.</p>
<p>Jonker added that he also expected the flood of portfolio investment into South Africa to double from current levels by year-end -- more than compensating for an outflow of three to five billion rand.</p>
<p>-- Johannesburg newsroom, +27 11 482-1003</p>
</text>
<copyright>(c) Reuters Limited 1997</copyright>
<metadata>
<codes class="bip:countries:1.0">
  <code code="SAFR">
    <editdetail attribution="Reuters BIP Coding Group" action="confirmed" date="1997-07-04"/>
  </code>
</codes>
<codes class="bip:industries:1.0">
  <code code="I81502">
    <editdetail attribution="Reuters BIP Coding Group" action="confirmed" date="1997-07-04"/>
  </code>
</codes>
<codes class="bip:topics:1.0">
  <code code="C13">
    <editdetail attribution="Reuters BIP Coding Group" action="confirmed" date="1997-07-04"/>
  </code>
  <code code="CCAT">
    <editdetail attribution="Reuters BIP Coding Group" action="confirmed" date="1997-07-04"/>
  </code>
  <code code="E51">
    <editdetail attribution="Reuters BIP Coding Group" action="confirmed" date="1997-07-04"/>
  </code>
  <code code="ECAT">
    <editdetail attribution="Reuters BIP Coding Group" action="confirmed" date="1997-07-04"/>
  </code>
</codes>
<dc element="dc.date.created" value="1997-07-04"/>
<dc element="dc.publisher" value="Reuters Holdings Plc"/>
<dc element="dc.date.published" value="1997-07-04"/>
<dc element="dc.source" value="Reuters"/>
<dc element="dc.creator.location" value="JOHANNESBURG"/>
<dc element="dc.creator.location.country.name" value="SOUTH AFRICA"/>
<dc element="dc.source" value="Reuters"/>
</metadata>
</newsitem>
