<?xml version="1.0" encoding="iso-8859-1" ?>
<newsitem itemid="707102" id="root" date="1997-07-04" xml:lang="en">
<title>SOUTH AFRICA: Foreign buying helps S.Africa bonds retrace losses.</title>
<headline>Foreign buying helps S.Africa bonds retrace losses.</headline>
<text>
<p>1021 GMT - Healthy foreign buying sees noon bonds retrace morning losses after market initially hit by profit-taking in wake of sharp gains on Thursday.</p>
<p>Rand drifts steady on U.S. unit as local importer dollar demand matched by offshore dollar selling which prompted by keen interest in local bonds, forex traders say.</p>
<p>* R150 last at 14.08 percent, off morning best of 14.06 percent and from 14.10 pct close on Thursday.</p>
<p>* Debt traders say morning session quiet, marked by local profit-taking, but activity more hectic just before noon as foreigners take control of market.</p>
<p>* Local institutions still long on stock, holding back. Sentiment bullish, aided by sturdy rand in wake of forex easing, strong U.S. Treasuries and enthousiastic foreign buying.</p>
<p>* Next target on the downside seen at 13.90 percent.</p>
<p>* Rand last at 4.5255/5285 vs dollar from 4.5245/5265 late Thursday. Dealers say trade muted by U.S. Independence Day holiday.</p>
<p>* Concerns about falling rand gold price, which at 17-month low, not having much effect as cancelled out by good foreign interest in local bonds, which prompting dollar sales to buy rand.</p>
<p>-- Johannesburg newsroom 27 11 482 1003</p>
</text>
<copyright>(c) Reuters Limited 1997</copyright>
<metadata>
<codes class="bip:countries:1.0">
  <code code="SAFR">
    <editdetail attribution="Reuters BIP Coding Group" action="confirmed" date="1997-07-04"/>
  </code>
</codes>
<codes class="bip:topics:1.0">
  <code code="M12">
    <editdetail attribution="Reuters BIP Coding Group" action="confirmed" date="1997-07-04"/>
  </code>
  <code code="MCAT">
    <editdetail attribution="Reuters BIP Coding Group" action="confirmed" date="1997-07-04"/>
  </code>
</codes>
<dc element="dc.publisher" value="Reuters Holdings Plc"/>
<dc element="dc.date.published" value="1997-07-04"/>
<dc element="dc.source" value="Reuters"/>
<dc element="dc.creator.location.country.name" value="SOUTH AFRICA"/>
<dc element="dc.source" value="Reuters"/>
</metadata>
</newsitem>
