<?xml version="1.0" encoding="iso-8859-1" ?>
<newsitem itemid="707199" id="root" date="1997-07-04" xml:lang="en">
<title>ROMANIA: Romania airline Tarom gets new management.</title>
<headline>Romania airline Tarom gets new management.</headline>
<dateline>BUCHAREST 1997-07-04</dateline>
<text>
<p>Romania's state-owned airline Tarom got a new general manager on Friday in a move intended to pave the way to company restructuring, the country's main privatisation agency said.</p>
<p>The move to replace the carrier's manager is aimed at ensuring the success of the restructuring programme and at making the company profitable, said a statement by the State Ownership Fund (FPS), Tarom's majority shareholder.</p>
<p>The statement offered no more details and FPS officials were unavailable for immediate comment.</p>
<p>The FPS had previously announced plans to rapidly restructure the airline including layoffs and the sale of its outdated Soviet-made aircraft.</p>
<p>Romania's national carrier Tarom has laboured under huge debts in recent years, compounded by high fees to air traffic control and airport authorities. Local media reports put the airline's internal debt at the equivalent of some $11.1 million and external debts at $15.5 million.</p>
<p>A restructuring plan to make Tarom competitive in east European markets was initiated in 1995 but stalled under leftists who held power after the collapse of Communism in 1989 until their election defeat last year.</p>
<p>-- Diana Voicu, Bucharest Newsroom 40-1 3120264</p>
</text>
<copyright>(c) Reuters Limited 1997</copyright>
<metadata>
<codes class="bip:countries:1.0">
  <code code="ROM">
    <editdetail attribution="Reuters BIP Coding Group" action="confirmed" date="1997-07-04"/>
  </code>
</codes>
<codes class="bip:industries:1.0">
  <code code="I75000">
    <editdetail attribution="Reuters BIP Coding Group" action="confirmed" date="1997-07-04"/>
  </code>
</codes>
<codes class="bip:topics:1.0">
  <code code="C11">
    <editdetail attribution="Reuters BIP Coding Group" action="confirmed" date="1997-07-04"/>
  </code>
  <code code="C41">
    <editdetail attribution="Reuters BIP Coding Group" action="confirmed" date="1997-07-04"/>
  </code>
  <code code="C411">
    <editdetail attribution="Reuters BIP Coding Group" action="confirmed" date="1997-07-04"/>
  </code>
  <code code="CCAT">
    <editdetail attribution="Reuters BIP Coding Group" action="confirmed" date="1997-07-04"/>
  </code>
</codes>
<dc element="dc.date.created" value="1997-07-04"/>
<dc element="dc.publisher" value="Reuters Holdings Plc"/>
<dc element="dc.date.published" value="1997-07-04"/>
<dc element="dc.source" value="Reuters"/>
<dc element="dc.creator.location" value="BUCHAREST"/>
<dc element="dc.creator.location.country.name" value="ROMANIA"/>
<dc element="dc.source" value="Reuters"/>
</metadata>
</newsitem>
