<?xml version="1.0" encoding="iso-8859-1" ?>
<newsitem itemid="707185" id="root" date="1997-07-04" xml:lang="en">
<title>RUSSIA: Yeltsin may look abroad to try to pay wage debt.</title>
<headline>Yeltsin may look abroad to try to pay wage debt.</headline>
<dateline>MOSCOW 1997-07-04</dateline>
<text>
<p>President Boris Yeltsin said on Friday Russia may seek foreign assistance to pay wage arrears to public sector workers, such as teachers and doctors, in the next three months, Itar-Tass news agency said.</p>
<p>Tass quoted Yeltsin as saying at a meeting with Russian regional leaders that additional ways must be sought to wipe out the wage debts on time, including looking abroad.</p>
<p>&quot;Let's turn to leaders of foreign countries,&quot; Yeltsin added. He gave no details.</p>
<p>Yeltsin, 66, has made paying the backlog of wages to public sector workers and the military one of the government's main tasks in the coming months.</p>
<p>Tass said First Deputy Prime Minister Anatoly Chubais, who was also present at the meeting in the Kremlin with regional leaders, had expressed coubt that it would be possible to pay the wage debts in all regions in such a short time.</p>
<p>&quot;It is not a realistic task for all the regions at the same time,&quot; Tass quoted Chubais as saying.</p>
<p>Yeltsin responded by saying the government had recently managed to pay off pension arrears rapidly and that it was necessary now to &quot;continue pursuing this line and under no circumstances permit any delays or let the debt accumulate.&quot;</p>
<p>&quot;It is possible if we all pull together,&quot; Tass quoted him as saying. Yeltsin gave no more details of how Russia might try to raise the money.</p>
<p>Tass did not say how much public sector workers were owed. But wage arrears just to the armed forces, which Yeltsin has said must be paid in the next two months, total about five trillion roubles ($860 million).</p>
<p>The World Bank approved an $800 million loan in June to help pay pensions and cushion the social effects of reform measures, but only $300 million will be available immediately. The rest will depend on government steps towards pension reform.</p>
<p>Russia is also in the second year of a three-year $10 billion loan programme from the International Monetary Fund.</p>
<p>It received its first $700 million quarterly disbursal for 1997 in May and further disbursements will be contingent on Russia meeting agreed budget targets.</p>
</text>
<copyright>(c) Reuters Limited 1997</copyright>
<metadata>
<codes class="bip:countries:1.0">
  <code code="RUSS">
    <editdetail attribution="Reuters BIP Coding Group" action="confirmed" date="1997-07-04"/>
  </code>
</codes>
<codes class="bip:topics:1.0">
  <code code="E21">
    <editdetail attribution="Reuters BIP Coding Group" action="confirmed" date="1997-07-04"/>
  </code>
  <code code="E41">
    <editdetail attribution="Reuters BIP Coding Group" action="confirmed" date="1997-07-04"/>
  </code>
  <code code="ECAT">
    <editdetail attribution="Reuters BIP Coding Group" action="confirmed" date="1997-07-04"/>
  </code>
  <code code="GCAT">
    <editdetail attribution="Reuters BIP Coding Group" action="confirmed" date="1997-07-04"/>
  </code>
  <code code="GJOB">
    <editdetail attribution="Reuters BIP Coding Group" action="confirmed" date="1997-07-04"/>
  </code>
</codes>
<dc element="dc.date.created" value="1997-07-04"/>
<dc element="dc.publisher" value="Reuters Holdings Plc"/>
<dc element="dc.date.published" value="1997-07-04"/>
<dc element="dc.source" value="Reuters"/>
<dc element="dc.creator.location" value="MOSCOW"/>
<dc element="dc.creator.location.country.name" value="RUSSIA"/>
<dc element="dc.source" value="Reuters"/>
</metadata>
</newsitem>
