<?xml version="1.0" encoding="iso-8859-1" ?>
<newsitem itemid="707180" id="root" date="1997-07-04" xml:lang="en">
<title>RUSSIA: Yeltsin may seek foreign help despite breakthrough.</title>
<headline>Yeltsin may seek foreign help despite breakthrough.</headline>
<byline>Timothy Heritage</byline>
<dateline>MOSCOW 1997-07-04</dateline>
<text>
<p>President Boris Yeltsin told the Russian people on Friday the economy had finally turned the corner after years of industrial decline, but that he might need foreign help to pay huge wage arrears.</p>
<p>&quot;The breakthrough has already happened,&quot; Yeltsin declared in a radio address marking the first anniversary of his re-election for a second and final presidential term.</p>
<p>&quot;That is it. We have reached the point when it is possible for production to go up. The decline has been stopped.&quot;</p>
<p>The 66-year-old president did not say when or by how much the economy would grow and made clear the Russian people would not feel the benefit immediately.</p>
<p>He later told a group of regional leaders that he wanted all wage arrears to public sector workers, such as teachers and doctors, paid within three months.</p>
<p>This would build on the recent success of paying off a huge backlog of unpaid pensions and go hand-in-hand with promises to pay all owed wages to the military in the next two months.</p>
<p>Finance Minister Anatoly Chubais, sitting beside Yeltsin, remonstrated with the president, telling him it was impossible to pay all backlogged wages in three months.</p>
<p>But Yeltsin, looking flustered, said: &quot;It is possible if we all pull together.&quot;</p>
<p>The exchange appeared to be the first public disagreement between Yeltsin and Chubais, who was brought into the government last March to take charge of reforms.</p>
<p>Chubais sat tapping his fingers on the table and Itar-Tass news agency quoted the president as later saying: &quot;Let's turn to leaders of foreign countries.&quot;</p>
<p>Yeltsin gave no more details of how Russia might try to raise the money and did not say how much was needed.</p>
<p>Financial analysts said the suggestion that Russia might look abroad for help was a surprise but that the government would face big problems paying the arrears without extra cash.</p>
<p>&quot;That (foreign assistance) might have some merit. It is an option,&quot; one analyst said.</p>
<p>Russia has funds set aside from the World Bank to help pay pensions and cushion the social effects of reforms, but only $300 million of the $800 million loan approved in June will be available immediately.</p>
<p>Russia's assessments of the economy are increasingly rosy. Prime Minister Viktor Chernomyrdin said on Wednesday that gross domestic product, the broadest measure of economic health, had risen one percent in the first six months of this year.</p>
<p>That, he said, was the first rise in GDP, the value of goods and services produced, since the Soviet Union collapsed in 1991.</p>
<p>Yeltsin, first elected in 1991, spent most of the first eight months of his four-year new term out of the Kremlin because of health problems, but has reaffirmed his grip on power since undergoing heart surgery last November.</p>
<p>&quot;This year, I think, was the most difficult of my life, but it was also a special, unique one. I could never have imagined that a man of my age could change so much. But that is how it turned out,&quot; he said. &quot;I can feel how I have changed.&quot;</p>
<p>Yeltsin said he had reshuffled the government in the spring to promote liberal reformers partly because his ill health made him realise how little time his presidency gave him to act.</p>
<p>&quot;It was precisely then that I felt with particular acuteness how quickly time goes by, how much I still need to do,&quot; he said.</p>
<p>Yeltsin said he had a new ability to seek compromise with opponents, including the communist-led State Duma, the lower house of parliament. The Duma has blocked reforms and refused to interrupt its summer vacation to consider urgent laws.</p>
<p>Yeltsin discussed the impasse on Friday with the Duma's communist speaker, Gennady Seleznyov. There was no word of any breakthrough but Seleznyov said the meeting had been &quot;calm&quot;.</p>
<p>&quot;In the old days, I would not have been able to put up with it (resistance) and would lash out,&quot; Yeltsin, who sent tanks to end a rebellion by hardliners in the Soviet-era parliament in 1993, said in the radio address.</p>
<p>&quot;But now I have started to discuss things with them calmly, seek a solution. We have only one country and we must work together&quot;.</p>
</text>
<copyright>(c) Reuters Limited 1997</copyright>
<metadata>
<codes class="bip:countries:1.0">
  <code code="RUSS">
    <editdetail attribution="Reuters BIP Coding Group" action="confirmed" date="1997-07-04"/>
  </code>
</codes>
<codes class="bip:topics:1.0">
  <code code="E21">
    <editdetail attribution="Reuters BIP Coding Group" action="confirmed" date="1997-07-04"/>
  </code>
  <code code="E211">
    <editdetail attribution="Reuters BIP Coding Group" action="confirmed" date="1997-07-04"/>
  </code>
  <code code="E41">
    <editdetail attribution="Reuters BIP Coding Group" action="confirmed" date="1997-07-04"/>
  </code>
  <code code="ECAT">
    <editdetail attribution="Reuters BIP Coding Group" action="confirmed" date="1997-07-04"/>
  </code>
  <code code="GCAT">
    <editdetail attribution="Reuters BIP Coding Group" action="confirmed" date="1997-07-04"/>
  </code>
  <code code="GJOB">
    <editdetail attribution="Reuters BIP Coding Group" action="confirmed" date="1997-07-04"/>
  </code>
  <code code="GPOL">
    <editdetail attribution="Reuters BIP Coding Group" action="confirmed" date="1997-07-04"/>
  </code>
</codes>
<dc element="dc.date.created" value="1997-07-04"/>
<dc element="dc.publisher" value="Reuters Holdings Plc"/>
<dc element="dc.date.published" value="1997-07-04"/>
<dc element="dc.source" value="Reuters"/>
<dc element="dc.creator.location" value="MOSCOW"/>
<dc element="dc.creator.location.country.name" value="RUSSIA"/>
<dc element="dc.source" value="Reuters"/>
</metadata>
</newsitem>
