<?xml version="1.0" encoding="iso-8859-1" ?>
<newsitem itemid="707121" id="root" date="1997-07-04" xml:lang="en">
<title>SOUTH AFRICA: &quot;Broker, beware&quot; says S.Africa insurance ombudsman.</title>
<headline>&quot;Broker, beware&quot; says S.Africa insurance ombudsman.</headline>
<dateline>CAPE TOWN 1997-07-04</dateline>
<text>
<p>South Africa's Life Assurance Ombudsman Jan Steyn on Friday warned the insurance industry that sharp and sometimes dishonest selling practicesby insurance brokers were coming under increasing public and legal scrutiny.</p>
<p>&quot;Broker, beware,&quot; he told a media briefing on his latest annual report, which showed that the number of complaints received by his office in the first four months of 1997 totalled 160 a month compared to 117 a month in the same period in 1996.</p>
<p>He said although the industry had, under public pressure, introduced measures to explain policies more clearly to the public and give them a &quot;cooling off&quot; period before they signed up, it was still to early too say if this was enough.</p>
<p>&quot;There are bound to be changes in the emerging markets for life assurance policies, which will put additional pressures on the industry,&quot; he said.</p>
<p>To cope with these changes, his office had decided to adjust its charter to play a more active role through conciliation and mediation to resolve disputes.</p>
<p>It had also recommended that an independent panel be established to advise him on particularly tricky cases, such as evaluating disability claims.</p>
<p>-- Cape Town newsroom +27 21 25-2238</p>
</text>
<copyright>(c) Reuters Limited 1997</copyright>
<metadata>
<codes class="bip:countries:1.0">
  <code code="SAFR">
    <editdetail attribution="Reuters BIP Coding Group" action="confirmed" date="1997-07-04"/>
  </code>
</codes>
<codes class="bip:industries:1.0">
  <code code="I82000">
    <editdetail attribution="Reuters BIP Coding Group" action="confirmed" date="1997-07-04"/>
  </code>
</codes>
<codes class="bip:topics:1.0">
  <code code="C13">
    <editdetail attribution="Reuters BIP Coding Group" action="confirmed" date="1997-07-04"/>
  </code>
  <code code="CCAT">
    <editdetail attribution="Reuters BIP Coding Group" action="confirmed" date="1997-07-04"/>
  </code>
</codes>
<dc element="dc.date.created" value="1997-07-04"/>
<dc element="dc.publisher" value="Reuters Holdings Plc"/>
<dc element="dc.date.published" value="1997-07-04"/>
<dc element="dc.source" value="Reuters"/>
<dc element="dc.creator.location" value="CAPE TOWN"/>
<dc element="dc.creator.location.country.name" value="SOUTH AFRICA"/>
<dc element="dc.source" value="Reuters"/>
</metadata>
</newsitem>
