<?xml version="1.0" encoding="iso-8859-1" ?>
<newsitem itemid="707115" id="root" date="1997-07-04" xml:lang="en">
<title>BURKINA FASO: Burkina Faso says most debt arrears paid off.</title>
<headline>Burkina Faso says most debt arrears paid off.</headline>
<dateline>OUAGADOUGOU 1997-07-04</dateline>
<text>
<p>Burkina Faso has paid off the bulk of its debt arrears and is now able to fund investments from the state budget, President Blaise Compaore told state television.</p>
<p>&quot;In 1990 we had debt arrears of 115 billion CFA francs (current value $200 million). By the end of 1995, helped by adjustment measures, we had eliminated all the external debt arrears of 42 billion, and in 1996 we paid off at least 60 billion of the internal debt,&quot; he said in an interview late on Thursday.</p>
<p>The West African state, amongst the world's poorest countries, has been following an IMF structural adjustment programme since 1991.</p>
<p>The CFA franc, which it shares with other African states that are part of the Franc Zone, was devalued by 50 percent in 1994, which doubled the size of its external debt.</p>
<p>Campaore said that since 1995 part of government revenue had gone towards investment. Until then, revenue had not even been sufficient to cover government expenditure.</p>
<p>&quot;By being successful with its adjustment, Burkina Faso has, in the eyes of donors, acquired the reputation of a good manager, a serious country,&quot; Campaore added.</p>
<p>($1= 585 CFA)</p>
<p>-- Abidjan newsroom +225 21 90 90</p>
</text>
<copyright>(c) Reuters Limited 1997</copyright>
<metadata>
<codes class="bip:countries:1.0">
  <code code="UPVOLA">
    <editdetail attribution="Reuters BIP Coding Group" action="confirmed" date="1997-07-04"/>
  </code>
</codes>
<codes class="bip:topics:1.0">
  <code code="E21">
    <editdetail attribution="Reuters BIP Coding Group" action="confirmed" date="1997-07-04"/>
  </code>
  <code code="E212">
    <editdetail attribution="Reuters BIP Coding Group" action="confirmed" date="1997-07-04"/>
  </code>
  <code code="ECAT">
    <editdetail attribution="Reuters BIP Coding Group" action="confirmed" date="1997-07-04"/>
  </code>
</codes>
<dc element="dc.date.created" value="1997-07-04"/>
<dc element="dc.publisher" value="Reuters Holdings Plc"/>
<dc element="dc.date.published" value="1997-07-04"/>
<dc element="dc.source" value="Reuters"/>
<dc element="dc.creator.location" value="OUAGADOUGOU"/>
<dc element="dc.creator.location.country.name" value="BURKINA FASO"/>
<dc element="dc.source" value="Reuters"/>
</metadata>
</newsitem>
