<?xml version="1.0" encoding="iso-8859-1" ?>
<newsitem itemid="707279" id="root" date="1997-07-04" xml:lang="en">
<title>UKRAINE: Kuchma says NATO deal to boost Ukraine's security.</title>
<headline>Kuchma says NATO deal to boost Ukraine's security.</headline>
<byline>Rostislav Khotin</byline>
<text>
<p>IZMAIL, Ukraine, July 4 - Ukrainian President Leonid Kuchma believes a special charter to be signed with NATO next week will enhance his country's security and reinforce its identity in Europe.</p>
<p>In an interview with Reuters late on Thursday, Kuchma also said the NATO deal would boost the former Soviet republic's strategy of integrating with European institutions.</p>
<p>&quot;I am sure Ukraine's security will be increased,&quot; said Kuchma, attending a two-day summit with presidents Emil Constantinescu of Romania and Petru Lucinschi of Moldova in the Danube port of Izmail.</p>
<p>&quot;First, because this document consists of security guarantees. Second -- and this is one of the most important things -- it recognises us as a country of Central and Eastern Europe,&quot; he said. &quot;In this way, we are invited into Europe&quot;.</p>
<p>The pact, initialled in May and due to be signed at a NATO summit in Madrid on July 8-9, is called the &quot;Charter on a Distinctive Partnership between NATO and the Ukraine&quot;.</p>
<p>It sets up a series of mechanisms including an exchange of military missions, with NATO establishing an office in Kiev, ambassadorial meetings once a month and a bi-annual NATO-Ukraine Commission which will provide a vehicle for consultations at times of regional crises.</p>
<p>Kuchma sees it as a continuation of Ukraine's campaign to join Europe, signalled last year when he said its strategic goal was to join the European Union.</p>
<p>In the last two months he has attended a string of regional summits in a bid to show Kiev's desire to boost ties with Europe and cut its umbilical cord to Russia.</p>
<p>Russia signed a &quot;Founding Act&quot; with the North Atlantic Treaty Organisation in May, but Ukrainian officials see it as a &quot;document with a spirit of confrontation&quot;.</p>
<p>They point out that Moscow is still opposed to NATO enlargement and see the pact between the two as a reconciliation of opponents rather than a deal between friends.</p>
<p>Kiev, third in line after Israel and Egypt for aid from Washington, which has a strategic interest in strengthening its independence, stresses its NATO charter will be in a spirit of partnership.</p>
<p>Unlike Moscow, which dominated Ukraine for more than three centuries, Kiev does not oppose NATO enlargement and has recently shifted its position to open support for Central and Eastern European countries becoming members.</p>
<p>Ukraine was the first member of the Commonwealth of Independent States (CIS) grouping former Soviet republics to join NATO's Partnership for Peace programme.</p>
<p>It has boosted its profile in security structures by fulfilling a peacekeeping mission in Bosnia over the last five years, the last two years of it under NATO command.</p>
<p>In addition, Ukraine, which became the  world's third biggest nuclear power after the Soviet Union collapsed in 1991, last year completed the removal of all nuclear warheads from its SS-19 and SS-24 long-range missiles.</p>
<p>Although officially a member of the CIS, Ukraine has never joined its Moscow-led Collective Security Pact, nor has its parliament ratified the CIS membership charter.</p>
<p>Ukrainian diplomacy has been anxious to get a formal deal with NATO and pressed for Kuchma to be invited to the Madrid summit, where he is due to meet U.S. President Bill Clinton and German Chancellor Helmut Kohl.</p>
<p>Foreign ministry sources say the charter would not legally oblige the alliance to defend Ukraine if it was threatened, a pledge usually offered to fully-fledged members of NATO.</p>
<p>Kiev has not applied for membership of NATO but senior officials have suggested Ukraine might try to join after 2000.</p>
<p>Asked whether a time would come for Ukraine to abandon its official non-bloc status and neutrality to become a NATO member, Kuchma said: &quot;There is nothing eternal in the world.&quot;</p>
</text>
<copyright>(c) Reuters Limited 1997</copyright>
<metadata>
<codes class="bip:countries:1.0">
  <code code="NATO">
    <editdetail attribution="Reuters BIP Coding Group" action="confirmed" date="1997-07-04"/>
  </code>
  <code code="UKRN">
    <editdetail attribution="Reuters BIP Coding Group" action="confirmed" date="1997-07-04"/>
  </code>
</codes>
<codes class="bip:topics:1.0">
  <code code="GCAT">
    <editdetail attribution="Reuters BIP Coding Group" action="confirmed" date="1997-07-04"/>
  </code>
  <code code="GDEF">
    <editdetail attribution="Reuters BIP Coding Group" action="confirmed" date="1997-07-04"/>
  </code>
  <code code="GDIP">
    <editdetail attribution="Reuters BIP Coding Group" action="confirmed" date="1997-07-04"/>
  </code>
</codes>
<dc element="dc.publisher" value="Reuters Holdings Plc"/>
<dc element="dc.date.published" value="1997-07-04"/>
<dc element="dc.source" value="Reuters"/>
<dc element="dc.creator.location.country.name" value="UKRAINE"/>
<dc element="dc.source" value="Reuters"/>
</metadata>
</newsitem>
