<?xml version="1.0" encoding="iso-8859-1" ?>
<newsitem itemid="707207" id="root" date="1997-07-04" xml:lang="en">
<title>POLAND: Poland plans $500 mln intl bond issue cap in 1998.</title>
<headline>Poland plans $500 mln intl bond issue cap in 1998.</headline>
<dateline>WARSAW 1997-07-04</dateline>
<text>
<p>Finance Minister Marek Belka, working on the next year's budget draft, said on Friday his ministry planned to set next year's limit for international bond issues at $500 million.</p>
<p>&quot;The level (for the 1998 international bond issue) is $500 million,&quot; Belka told a news conference.</p>
<p>This year's budget limit for international borrowings was also set at $500 million and the government used up $400 million of for last week's yankee bond issue.</p>
<p>-- Warsaw Newsroom +48 22 653 9700</p>
</text>
<copyright>(c) Reuters Limited 1997</copyright>
<metadata>
<codes class="bip:countries:1.0">
  <code code="POL">
    <editdetail attribution="Reuters BIP Coding Group" action="confirmed" date="1997-07-04"/>
  </code>
</codes>
<codes class="bip:topics:1.0">
  <code code="E21">
    <editdetail attribution="Reuters BIP Coding Group" action="confirmed" date="1997-07-04"/>
  </code>
  <code code="E212">
    <editdetail attribution="Reuters BIP Coding Group" action="confirmed" date="1997-07-04"/>
  </code>
  <code code="ECAT">
    <editdetail attribution="Reuters BIP Coding Group" action="confirmed" date="1997-07-04"/>
  </code>
</codes>
<dc element="dc.date.created" value="1997-07-04"/>
<dc element="dc.publisher" value="Reuters Holdings Plc"/>
<dc element="dc.date.published" value="1997-07-04"/>
<dc element="dc.source" value="Reuters"/>
<dc element="dc.creator.location" value="WARSAW"/>
<dc element="dc.creator.location.country.name" value="POLAND"/>
<dc element="dc.source" value="Reuters"/>
</metadata>
</newsitem>
