<?xml version="1.0" encoding="iso-8859-1" ?>
<newsitem itemid="707275" id="root" date="1997-07-04" xml:lang="en">
<title>BOSNIA: IMF says Bosnia deal &quot;almost agreed&quot;.</title>
<headline>IMF says Bosnia deal &quot;almost agreed&quot;.</headline>
<dateline>SARAJEVO 1997-07-04</dateline>
<text>
<p>The International Monetary Fund (IMF) said on Friday that questions surrounding budgets and the design of an interim currency must be solved before signing a stand-by agreement with Bosnia.</p>
<p>Since late last year the IMF has sought to forge an agreement with Bosnian authorities on an economic programme that would be supported by a stand-by agreement and $100 million in assistance over a one year period.</p>
<p>With the recent adoption of economic laws the country removed a major obstacle to a deal with the IMF, but the agreement is still held up by two outstanding issues, Scott Brown, chief of the IMF mission in Bosnia, said.</p>
<p>Bosnia's Moslem-Croat federation budget needs to be fine-tuned to IMF requests, Brown said.</p>
<p>The federation government adjusted the budget on Thursday to clearly account for external debt service, Sarajevo newspapers reported.</p>
<p>The country's two entities-- the Serb republic and the federation -- must also agree on the design of an interim currency before an economic programme could be submitted to the IMF for review, he said.</p>
<p>Designing a &quot;convertible mark&quot; is a sensitive political issue among former wartime foes who pay special tribute to nationalist symbols offensive to their counterparts.</p>
<p>The French governor of the central bank, Serge Robert, began discussions this week with Moslem, Croat and Serb members of the governing board to try to reconcile different design proposals for the currency, officials said.</p>
<p>Forging an agreement with the IMF is a precondition for a fund-raising conference for Bosnia's reconstruction, which is set for the second half of July.</p>
<p>The conference, which has been repeatedly postponed because of economic disputes among rival political leaders, is expected to raise $1.4 billion for 1997.</p>
<p>Brown said the IMF was confident the design issue could be resolved next week, clearing the way for the donors' conference in Brussels and the IMF accord. -- Sabina Cosic, Sarajevo newsroom, +387-71-663-864.</p>
</text>
<copyright>(c) Reuters Limited 1997</copyright>
<metadata>
<codes class="bip:countries:1.0">
  <code code="BSHZG">
    <editdetail attribution="Reuters BIP Coding Group" action="confirmed" date="1997-07-04"/>
  </code>
</codes>
<codes class="bip:topics:1.0">
  <code code="E12">
    <editdetail attribution="Reuters BIP Coding Group" action="confirmed" date="1997-07-04"/>
  </code>
  <code code="E21">
    <editdetail attribution="Reuters BIP Coding Group" action="confirmed" date="1997-07-04"/>
  </code>
  <code code="E211">
    <editdetail attribution="Reuters BIP Coding Group" action="confirmed" date="1997-07-04"/>
  </code>
  <code code="E212">
    <editdetail attribution="Reuters BIP Coding Group" action="confirmed" date="1997-07-04"/>
  </code>
  <code code="ECAT">
    <editdetail attribution="Reuters BIP Coding Group" action="confirmed" date="1997-07-04"/>
  </code>
</codes>
<dc element="dc.date.created" value="1997-07-04"/>
<dc element="dc.publisher" value="Reuters Holdings Plc"/>
<dc element="dc.date.published" value="1997-07-04"/>
<dc element="dc.source" value="Reuters"/>
<dc element="dc.creator.location" value="SARAJEVO"/>
<dc element="dc.creator.location.country.name" value="BOSNIA"/>
<dc element="dc.source" value="Reuters"/>
</metadata>
</newsitem>
