<?xml version="1.0" encoding="iso-8859-1" ?>
<newsitem itemid="707237" id="root" date="1997-07-04" xml:lang="en">
<title>BULGARIA: Sofia Commodity Exchange wheat fetches $135/tonne.</title>
<headline>Sofia Commodity Exchange wheat fetches $135/tonne.</headline>
<dateline>SOFIA 1997-07-04</dateline>
<text>
<p>Bulgaria's Sofia Commodity Exchange (SCE) said on Friday wheat demand topped supply at this week's session and one 500 tonne deal was struck at $135 per tonne of wheat ex-works.</p>
<p>&quot;Buyers bid for 3,000 tonnes of wheat at $135 per tonne ex-works, which is may be the highest ex-works price in Europe, but sellers supplied only 500 tonnes,&quot; deputy SCE chairman Hristo Milenkov told a news conference.</p>
<p>Bulgaria's cabinet said last month that it would set the minimum farm gate price at 230 marks per tonne of wheat from this year's crop.</p>
<p>&quot;Producers should take advantage of this price immediately as this year's wheat yield is seen at 2.5-3 tonnes per hectare, up from the cabinet's forecasts of two tonnes per hectare,&quot; Milenkov said.</p>
<p>Agriculture Minister Ventsislav Varbanov said in May Bulgaria needed imports of 1.072 million tonnes of bread and feed wheat to cover a consumption gap before the 1998 crop.</p>
<p>Excessive wheat exports two years ago and a bad harvest last year created acute grain shortages earlier this year.</p>
<p>-- Sofia Newsroom +359-2 981 4145</p>
</text>
<copyright>(c) Reuters Limited 1997</copyright>
<metadata>
<codes class="bip:countries:1.0">
  <code code="BUL">
    <editdetail attribution="Reuters BIP Coding Group" action="confirmed" date="1997-07-04"/>
  </code>
</codes>
<codes class="bip:topics:1.0">
  <code code="M14">
    <editdetail attribution="Reuters BIP Coding Group" action="confirmed" date="1997-07-04"/>
  </code>
  <code code="M141">
    <editdetail attribution="Reuters BIP Coding Group" action="confirmed" date="1997-07-04"/>
  </code>
  <code code="MCAT">
    <editdetail attribution="Reuters BIP Coding Group" action="confirmed" date="1997-07-04"/>
  </code>
</codes>
<dc element="dc.date.created" value="1997-07-04"/>
<dc element="dc.publisher" value="Reuters Holdings Plc"/>
<dc element="dc.date.published" value="1997-07-04"/>
<dc element="dc.source" value="Reuters"/>
<dc element="dc.creator.location" value="SOFIA"/>
<dc element="dc.creator.location.country.name" value="BULGARIA"/>
<dc element="dc.source" value="Reuters"/>
</metadata>
</newsitem>
