<?xml version="1.0" encoding="iso-8859-1" ?>
<newsitem itemid="707244" id="root" date="1997-07-04" xml:lang="en">
<title>ROMANIA: Bucharest stocks up in extended strong rally.</title>
<headline>Bucharest stocks up in extended strong rally.</headline>
<dateline>BUCHAREST 1997-07-04</dateline>
<text>
<p>Most Bucharest stocks climbed to new average price and closing highs on Friday in a bullish phase that has been a market feature throughout the week.</p>
<p>Higher average price gains were on the second tier, showing a reorientation of investors to cheaper stocks, traders said.</p>
<p>&quot;The first tier had stellar performance, taking the bulk of volume and turnover mostly on the back of foreign buying, but pressure was real high in the lower section, with gains of up to 49 percent,&quot; said a trader.</p>
<p>Twenty-eight stocks saw higher average prices, seven drifted lower and three marked time. Six companies had no trade and two were suspended. Operators said they expected the market to keep on growing next week.</p>
<p>Three independent market indices, the VAB, the BIG and the CAS-SE, based on average prices and market capitalisation, hit all-time highs, jumping by 13.54, 13.43 and 13.62 percent respectively from Thursday.</p>
<p>Volume thickened to 4.2 million shares from 3.9 million previously, with turnover adding 4.7 billion lei to rise to 22.2 billion.</p>
<p>There were three special trades in Antibiotice pharmaceuticals and chemical plants Oltchim and Sinteza, involving a total 1.09 million shares worth an overall 5.98 billion lei.</p>
<p>The first tier took 85 percent of total volume and 90 percent of turnover. The leading gainer in this section was Oltchim, with a 21 percent rise in its average price and a close 850 lei stronger at 5,950.</p>
<p>On the bottom tier, Sidertrans transport company and Mobila Alfa furniture maker had average price gains of 49 and 46 percent respectively. But the section's star was Armatura fittings maker, with 760 million lei in turnover. It firmed 600 lei to a 6,450 lei close.</p>
<p>		JULY 4   JULY 3   Week's change  1997 high 1997 low</p>
<p> VAB-Index  1,629.6  1,435.2     +34.4 pct    1,629.6    262.0</p>
<p> BIG-Index  1,738.86 1,532.92    +34.72 pct   1,738.86   266.4</p>
<p> CAS-SE     2,232.0  1,964.0     +34.76 pct   2,232.0   333.33</p>
<p>($=7,102 lei)</p>
<p>-- Luli Popescu, Bucharest Newsroom 40-1 3120264</p>
</text>
<copyright>(c) Reuters Limited 1997</copyright>
<metadata>
<codes class="bip:countries:1.0">
  <code code="ROM">
    <editdetail attribution="Reuters BIP Coding Group" action="confirmed" date="1997-07-04"/>
  </code>
</codes>
<codes class="bip:topics:1.0">
  <code code="M11">
    <editdetail attribution="Reuters BIP Coding Group" action="confirmed" date="1997-07-04"/>
  </code>
  <code code="MCAT">
    <editdetail attribution="Reuters BIP Coding Group" action="confirmed" date="1997-07-04"/>
  </code>
</codes>
<dc element="dc.date.created" value="1997-07-04"/>
<dc element="dc.publisher" value="Reuters Holdings Plc"/>
<dc element="dc.date.published" value="1997-07-04"/>
<dc element="dc.source" value="Reuters"/>
<dc element="dc.creator.location" value="BUCHAREST"/>
<dc element="dc.creator.location.country.name" value="ROMANIA"/>
<dc element="dc.source" value="Reuters"/>
</metadata>
</newsitem>
