<?xml version="1.0" encoding="iso-8859-1" ?>
<newsitem itemid="558862" id="root" date="1997-05-05" xml:lang="en">
<title>USA: Many Americans haphazard in approach to saving - study.</title>
<headline>Many Americans haphazard in approach to saving - study.</headline>
<byline>Joanne Kelley</byline>
<dateline>WASHINGTON 1997-05-05</dateline>
<text>
<p>Two out of every three Americans who manage to save money lack any formal strategy for doing so, increasing the chances that they will fall far short of their financial goals, a new survey showed Monday.</p>
<p>The research, released by the Consumer Federation of America and NationsBank, found that the bulk of Americans are trying to save, with 84 percent setting aside some money for retirement, an emergency fund or another major expenditure.</p>
<p>But most still put aside too little, the survey found, largely because of a haphazard approach.</p>
<p>&quot;All of us were a little surprised with the 84 percent who said they were making some effort to save for the future,&quot; said Barbara Roper, director of investor protection for the Washington-based Consumer Federation. &quot;That was good news. They're nonetheless falling way behind.&quot;</p>
<p>The survey showed that planning itself encourages better savings patterns.</p>
<p>For the one-third of savers who have established a comprehensive financial plan, the survey revealed clear benefits. In households with annual income of less than $100,000, for example, savers who said they had comprehensive financial plans reported saving about twice as much as those without plans.</p>
<p>For households with incomes between $20,000 and $39,999, the median total savings reported by planners was $28,500, twice that of so-called &quot;non-planners.&quot;</p>
<p>For those with incomes between $40,000 and $99,999, those with plans said they had saved $89,650, more than twice set aside by others. Households with incomes of $100,000 or more had amassed $325,000 compared with $201,100 by non-planners.</p>
<p>The survey did not specify over what period of time the savings were accumulated. It defined a financial plan as a comprehensive document that includes investment funds, real estate and retirement plans, rather than a simple household budget.</p>
<p>&quot;In the past, we've simply stressed the importance of savings,&quot; said Stephen Brobeck, executive director of the Consumer Federation of America. &quot;Now, as a result of our research, we will emphasise that developing a financial plan is the most effective way to achieve savings goals.&quot;</p>
<p>The survey was designed to look at links between investment knowledge, attitudes and behaviour rather than to find any correlation between planning and savings levels.</p>
<p>&quot;You can't tell what it is about planning that is so powerful&quot; from the survey results, Roper said.</p>
<p>She speculated that if people take the step of developing a plan, they are likely to make savings a priority and a part of their non-discretionary spending &quot;instead of waiting until the end of the month to see what they have left&quot; to save.</p>
<p>Americans who have a financial plan are also more likely to have saved money for a whole range of goals -- retirement, emergencies, sending children to college, making a down payment on a house, funding a major purchase or helping with the medical expenses of an older relative, the survey showed.</p>
</text>
<copyright>(c) Reuters Limited 1997</copyright>
<metadata>
<codes class="bip:countries:1.0">
  <code code="USA">
    <editdetail attribution="Reuters BIP Coding Group" action="confirmed" date="1997-05-05"/>
  </code>
</codes>
<codes class="bip:topics:1.0">
  <code code="E14">
    <editdetail attribution="Reuters BIP Coding Group" action="confirmed" date="1997-05-05"/>
  </code>
  <code code="ECAT">
    <editdetail attribution="Reuters BIP Coding Group" action="confirmed" date="1997-05-05"/>
  </code>
</codes>
<dc element="dc.date.created" value="1997-05-05"/>
<dc element="dc.publisher" value="Reuters Holdings Plc"/>
<dc element="dc.date.published" value="1997-05-05"/>
<dc element="dc.source" value="Reuters"/>
<dc element="dc.creator.location" value="WASHINGTON"/>
<dc element="dc.creator.location.country.name" value="USA"/>
<dc element="dc.source" value="Reuters"/>
</metadata>
</newsitem>
