<?xml version="1.0" encoding="iso-8859-1" ?>
<newsitem itemid="558889" id="root" date="1997-05-05" xml:lang="en">
<title>TURKEY: Turkish shares slump 2.73 pct in thin trade.</title>
<headline>Turkish shares slump 2.73 pct in thin trade.</headline>
<dateline>ISTANBUL 1997-05-05</dateline>
<text>
<p>Istanbul shares extended early losses in afternoon selling on Monday amid liquidity shortage as political uneasiness, first quarter profits and April inflation figures irritated the market, brokers said.</p>
<p>The IMKB National-100 closed at 1,392, down 39 points, or 2.73 percent from Friday after rebounding slightly from a late low of 1,388. Daily volume dropped to 9.81 trillion lira ($72 million) from Friday's 10.67 trillion ($78.8 million).</p>
<p>&quot;I expect the general direction to be downward until prices bottom out or there is a positive political development. Reaction buys at the current levels will be short-lived,&quot; said Cem Baycan from Delta securities.</p>
<p>Brokers who await major support at the index's 1,380 level after the shattering of 1,420 and 1,400 supports today, said fresh liquidity influx was necessary for a lasting recovery.</p>
<p>They said sentiment soured as many companies released poor first quarter results on Monday and April consumer inflation, released on Sunday, came out above market expectations.</p>
<p>The market index had dived 6.6 percent in the past seven days amid political worries over the fate of the Islamist-led coalition government after the market opened on April 24 following a 6-1/2 day holiday.</p>
</text>
<copyright>(c) Reuters Limited 1997</copyright>
<metadata>
<codes class="bip:countries:1.0">
  <code code="TURK">
    <editdetail attribution="Reuters BIP Coding Group" action="confirmed" date="1997-05-05"/>
  </code>
</codes>
<codes class="bip:topics:1.0">
  <code code="M11">
    <editdetail attribution="Reuters BIP Coding Group" action="confirmed" date="1997-05-05"/>
  </code>
</codes>
<dc element="dc.date.created" value="1997-05-05"/>
<dc element="dc.publisher" value="Reuters Holdings Plc"/>
<dc element="dc.date.published" value="1997-05-05"/>
<dc element="dc.source" value="Reuters"/>
<dc element="dc.creator.location" value="ISTANBUL"/>
<dc element="dc.creator.location.country.name" value="TURKEY"/>
<dc element="dc.source" value="Reuters"/>
</metadata>
</newsitem>
