<?xml version="1.0" encoding="iso-8859-1" ?>
<newsitem itemid="558875" id="root" date="1997-05-05" xml:lang="en">
<title>CZECH REPUBLIC: Czech mkt could revive soon if govt acts-analysts.</title>
<headline>Czech mkt could revive soon if govt acts-analysts.</headline>
<byline>Alan Crosby</byline>
<dateline>PRAGUE 1997-05-05</dateline>
<text>
<p>The Czech capital market, hit hard by investor fears over a lack of transparency, would take only six months to revive if the government moves to tighten regulation and oversight, analysts said on Monday.</p>
<p>Speaking before a seminar on market regulation, Stephen Ross, Professor of Finance at Yale University and Director of Roll and Ross Asset Management said the appetite of emerging market investors was so great, the Czech market could return to favour quickly if tightening moves were made.</p>
<p>&quot;There is no country in the world better poised for economic prosperity than (here)...(but) what is done with the capital markets here in the next year or two will determine how rapidly that prosperity will be achieved,&quot; he said.</p>
<p>&quot;I believe that with the proper measures in place within six months you would see a very significant recovery in terms of international investments in the Czech Republic,&quot; he added.</p>
<p>Despite being eastern Europe's most-capitalised bourse, the Czech market has long been plagued by inadequate legislation that investors complain fails to provide protection for minority shareholders.</p>
<p>The problems have restrained the PSE which sees on average $4-$6 million of stock changing hands each day, compared with $15 million turnover in Warsaw, a much smaller market.</p>
<p>But a panel of analysts who will speak at the conference on Tuesday told journalists the government signalled its intention to tackle the issue last month when, as part of a package of measures to kick-start the economy, it said it would set up an inter-ministerial team to fight crime in the markets.</p>
<p>It also proposed a law to create a special body to fight crime in the banking sector, in particular, and promised an investigation into delays in prosecuting economic crime.</p>
<p>&quot;The country's economic and capital market have converged in recent months, and this has helped push the issue,&quot; said Howard Goldman, head of the Foundation for the Development of the Czech Capital Market.</p>
<p>&quot;The government now doesn't have the luxury to not act,&quot; he added.</p>
<p>The analysts said that in addition to the administrative measures already announced, forcing the country's closed-ended investment funds to open would help make them more accountable to shareholders and bring further transparency to the market.</p>
<p>They added that companies must also be forced to reveal more information to help bring back investor confidence.</p>
<p>&quot;There is an opinion that regulation hinders the capital market, but in fact, it helps them work properly,&quot; said Joseph Stiglitz, Vice-president and Chief Economist at the World bank.</p>
<p>He said that this would in turn help the Czech economy, which has shown signs of recession in recent months.</p>
<p>Stiglitz said that countries with tight regulations and strong banking systems tend to have almost double the GDP growth than those without.</p>
<p>Real Czech GDP grew at 4.4 percent, year-on-year in 1996, slightly below expectations. Klaus said in releasing the economic reform package that if real GDP growth hit 2.7 percent this year -- only half of the original government estimate -- it would be &quot; a success&quot;.</p>
<p>-- Prague Newsroom, 420-2-2423-0003</p>
</text>
<copyright>(c) Reuters Limited 1997</copyright>
<metadata>
<codes class="bip:countries:1.0">
  <code code="CZREP">
    <editdetail attribution="Reuters BIP Coding Group" action="confirmed" date="1997-05-05"/>
  </code>
</codes>
<dc element="dc.date.created" value="1997-05-05"/>
<dc element="dc.publisher" value="Reuters Holdings Plc"/>
<dc element="dc.date.published" value="1997-05-05"/>
<dc element="dc.source" value="Reuters"/>
<dc element="dc.creator.location" value="PRAGUE"/>
<dc element="dc.creator.location.country.name" value="CZECH REPUBLIC"/>
<dc element="dc.source" value="Reuters"/>
</metadata>
</newsitem>
