<?xml version="1.0" encoding="iso-8859-1" ?>
<newsitem itemid="558881" id="root" date="1997-05-05" xml:lang="en">
<title>EU:  OFFICIAL JOURNAL CONTENTS - OJ L 113 OF APRIL 30, 1997.</title>
<headline>OFFICIAL JOURNAL CONTENTS - OJ L 113 OF APRIL 30, 1997.</headline>
<text>
<p>*</p>
<p>(Note - contents are displayed in reverse order to that in the printed Journal)</p>
<p>*</p>
<p>COMMISSION DECISION of 21 April 1997 on harmonized measurement methods to determine the mass concentration of dioxins and furans in atmospheric emissions in accordance with Article 7 (2) of Directive 94/67/EC on the incineration of hazardous waste</p>
<p>COUNCIL DIRECTIVE 97/22/EC of 22 April 1997 amending Directive 92/117/EEC concerning measures for protection against specified zoonoses and specified zoonotic agents in animals and products of animal origin in order to prevent outbreaks of food-borne infections and intoxications</p>
<p>COMMISSION REGULATION (EC) No 781/97 of 29 April 1997 establishing the standard import values for determining the entry price of certain fruit and vegetables</p>
<p>COMMISSION REGULATION (EC) No 780/97 of 29 April 1997 providing for the grant of compensation to producers' organizations in respect of tuna delivered to the processing industry during the period 1 July to 30 September 1996</p>
<p>COUNCIL REGULATION (EC) No 779/97 of 24 April 1997 introducing arrangements for the management of fishing effort in the Baltic Sea END OF DOCUMENT.</p>
</text>
<copyright>(c) Reuters Limited 1997</copyright>
<metadata>
<codes class="bip:countries:1.0">
  <code code="EEC">
    <editdetail attribution="Reuters BIP Coding Group" action="confirmed" date="1997-05-05"/>
  </code>
</codes>
<codes class="bip:topics:1.0">
  <code code="G15">
    <editdetail attribution="Reuters BIP Coding Group" action="confirmed" date="1997-05-05"/>
  </code>
  <code code="GCAT">
    <editdetail attribution="Reuters BIP Coding Group" action="confirmed" date="1997-05-05"/>
  </code>
</codes>
<dc element="dc.publisher" value="Reuters Holdings Plc"/>
<dc element="dc.date.published" value="1997-05-05"/>
<dc element="dc.source" value="Reuters"/>
<dc element="dc.creator.location.country.name" value="EU"/>
<dc element="dc.source" value="Reuters"/>
</metadata>
</newsitem>
