<?xml version="1.0" encoding="iso-8859-1" ?>
<newsitem itemid="558886" id="root" date="1997-05-05" xml:lang="en">
<title>BRAZIL: Lucent plans cellular plant in Brazil.</title>
<headline>Lucent plans cellular plant in Brazil.</headline>
<dateline>SAO PAULO, Brazil</dateline>
<text>
<p>Lucent Technologies Inc. said Monday it plans to build a cellular equipment manufacturing plant and global provisioning centre in Brazil, boosting its investment in the country to over $100 million.</p>
<p>The facility will be the first Lucent factory in Brazil and the sixth in the Caribbean &amp; Latin America region.</p>
<p>Construction is slated to begin June 1. The centre will initially employ over 300 people in manufacturing and distribution operations.</p>
<p>Lucent expects to use the centre to locally develop the software and systems needed by its Brazilian customers and eventually to export to Argentina, Brazil, Chile, Paraguay and Uruguay.</p>
<p>&quot;Our goal is to reach wireless market leadership with a 30 percent market share, and local manufacturing will help us get there,&quot; said Virgilio Freire, president of Lucent Technologies Network Systems do Brasil.</p>
<p>Lucent, spun off by AT&amp;T Corp. in a restructuring in September of last year, has more than 10,000 employees in 16 countries in the Caribbean and Latin America.</p>
<p>Its stock rose $1.25 to $61.50 on the New York Stock Exchange in afternoon trading.</p>
</text>
<copyright>(c) Reuters Limited 1997</copyright>
<metadata>
<codes class="bip:countries:1.0">
  <code code="BRAZ">
    <editdetail attribution="Reuters BIP Coding Group" action="confirmed" date="1997-05-05"/>
  </code>
  <code code="USA">
    <editdetail attribution="Reuters BIP Coding Group" action="confirmed" date="1997-05-05"/>
  </code>
</codes>
<codes class="bip:industries:1.0">
  <code code="I34400">
    <editdetail attribution="Reuters BIP Coding Group" action="confirmed" date="1997-05-05"/>
  </code>
</codes>
<codes class="bip:topics:1.0">
  <code code="C24">
    <editdetail attribution="Reuters BIP Coding Group" action="confirmed" date="1997-05-05"/>
  </code>
  <code code="CCAT">
    <editdetail attribution="Reuters BIP Coding Group" action="confirmed" date="1997-05-05"/>
  </code>
</codes>
<dc element="dc.publisher" value="Reuters Holdings Plc"/>
<dc element="dc.date.published" value="1997-05-05"/>
<dc element="dc.source" value="Reuters"/>
<dc element="dc.creator.location" value="SAO PAULO, Brazil"/>
<dc element="dc.creator.location.country.name" value="BRAZIL"/>
<dc element="dc.source" value="Reuters"/>
</metadata>
</newsitem>
