<?xml version="1.0" encoding="iso-8859-1" ?>
<newsitem itemid="558935" id="root" date="1997-05-05" xml:lang="en">
<title>USA: TENNIS-RANKINGS OF LEADING WTA PLAYERS.</title>
<headline>TENNIS-RANKINGS OF LEADING WTA PLAYERS.</headline>
<dateline>ST PETERSBURG, Florida 1997-05-05</dateline>
<text>
<p>Rankings of WTA</p>
<p>players as released on Monday:</p>
<p>1. Martina Hingis (Switzerland)</p>
<p>2. Steffi Graf (Germany)</p>
<p>3. Monica Seles (U.S.)</p>
<p>4. Jana Novotna (Czech Republic)</p>
<p>5. Lindsay Davenport (U.S.)</p>
<p>6. Conchita Martinez (Spain)</p>
<p>7. Arantxa Sanchez Vicario (Spain)</p>
<p>8. Anke Huber (Germany)</p>
<p>9. Iva Majoli (Croatia)</p>
<p>10. Amanda Coetzer (South Africa)</p>
<p>11. Irina Spirlea (Romania)</p>
<p>12. Karina Habsudova (Slovakia)</p>
<p>13. Mary Joe Fernandez (U.S.)</p>
<p>14. Brenda Schultz-McCarthy (Netherlands)</p>
<p>15. Mary Pierce (France)</p>
<p>16. Kimberly Po (U.S.)</p>
<p>17. Barbara Paulus (Austria)</p>
<p>18. Judith Wiesner (Austria)</p>
<p>19. Ruxandra Dragomir (ROmania)</p>
<p>20. Elena Likhovtseva (Russia)</p>
</text>
<copyright>(c) Reuters Limited 1997</copyright>
<metadata>
<codes class="bip:countries:1.0">
  <code code="SWITZ">
    <editdetail attribution="Reuters BIP Coding Group" action="confirmed" date="1997-05-05"/>
  </code>
  <code code="USA">
    <editdetail attribution="Reuters BIP Coding Group" action="confirmed" date="1997-05-05"/>
  </code>
</codes>
<codes class="bip:topics:1.0">
  <code code="GCAT">
    <editdetail attribution="Reuters BIP Coding Group" action="confirmed" date="1997-05-05"/>
  </code>
  <code code="GSPO">
    <editdetail attribution="Reuters BIP Coding Group" action="confirmed" date="1997-05-05"/>
  </code>
</codes>
<dc element="dc.date.created" value="1997-05-05"/>
<dc element="dc.publisher" value="Reuters Holdings Plc"/>
<dc element="dc.date.published" value="1997-05-05"/>
<dc element="dc.source" value="Reuters"/>
<dc element="dc.creator.location" value="ST PETERSBURG, Florida"/>
<dc element="dc.creator.location.country.name" value="USA"/>
<dc element="dc.source" value="Reuters"/>
</metadata>
</newsitem>
