<?xml version="1.0" encoding="iso-8859-1" ?>
<newsitem itemid="558997" id="root" date="1997-05-05" xml:lang="en">
<title>USA: BASEBALL-TIGERS' PITCHER BLAIR SUFFERS BROKEN JAW.</title>
<headline>BASEBALL-TIGERS' PITCHER BLAIR SUFFERS BROKEN JAW.</headline>
<dateline>CLEVELAND 1997-05-04</dateline>
<text>
<p>Detroit Tigers pitcher Willie Blair suffered a fractured jaw after being hit by a line drive in the sixth inning of Sunday's game against the Cleveland Indians.</p>
<p>Blair was working on a shutout with two outs in the sixth inning when Julio Franco hit a line drive back to the mound that caromed off the right side of Blair's head.</p>
<p>Blair collapsed to the ground and lay motionless for five frightening minutes. He was conscious when he was carried off the field on a stretcher and taken to the hospital.</p>
<p>X-rays revealed a fractured jaw and Blair will be kept overnight at the hospital.</p>
<p>&quot;I wish he would have caught the ball,&quot; Franco said. &quot;It would have made me feel better to make an out. I was feeling really bad. I will keep him in my prayers. You don't want to see anyone get hurt.&quot;</p>
<p>Tigers reliever Doug Brocail, who worked the ninth for his first save, was clearly worried about his comrade.</p>
<p>&quot;When he turned and his knees collapsed and I didn't see him move, I was concerned. You are thinking major head injury, massive concussion, anything.&quot;</p>
<p>Added Tigers reliever John Cummings, who replaced Blair and pitched 2 1/3 hitless innings: &quot;It was hit pretty hard, thank God they don't use aluminum bats.&quot;</p>
</text>
<copyright>(c) Reuters Limited 1997</copyright>
<metadata>
<codes class="bip:countries:1.0">
  <code code="USA">
    <editdetail attribution="Reuters BIP Coding Group" action="confirmed" date="1997-05-05"/>
  </code>
</codes>
<codes class="bip:topics:1.0">
  <code code="GCAT">
    <editdetail attribution="Reuters BIP Coding Group" action="confirmed" date="1997-05-05"/>
  </code>
  <code code="GSPO">
    <editdetail attribution="Reuters BIP Coding Group" action="confirmed" date="1997-05-05"/>
  </code>
</codes>
<dc element="dc.date.created" value="1997-05-04"/>
<dc element="dc.publisher" value="Reuters Holdings Plc"/>
<dc element="dc.date.published" value="1997-05-05"/>
<dc element="dc.source" value="Reuters"/>
<dc element="dc.creator.location" value="CLEVELAND"/>
<dc element="dc.creator.location.country.name" value="USA"/>
<dc element="dc.source" value="Reuters"/>
</metadata>
</newsitem>
