<?xml version="1.0" encoding="iso-8859-1" ?>
<newsitem itemid="558962" id="root" date="1997-05-05" xml:lang="en">
<title>UK: SOCCER-SHOCK DEFEAT PUTS RANGERS TITLE BID ON HOLD.</title>
<headline>SOCCER-SHOCK DEFEAT PUTS RANGERS TITLE BID ON HOLD.</headline>
<dateline>GLASGOW 1997-05-05</dateline>
<text>
<p>Rangers blew a golden chance to seal a record-equalling ninth consecutive Scottish championship on Monday when relegation-threatened Motherwell shocked the Glasgow giants 2-0 at Ibrox.</p>
<p>Walter Smith's side needed just one point to take the title and equal arch-rival Celtic's title-winning run from 1966 to 1974.</p>
<p>A double strike by Owen Coyle secured the win for Motherwell and Rangers must now gain the point they need from a visit to Dundee United on Wednesday or at Hearts on Saturday.</p>
<p>Rangers started apprehensively and after just seven minutes Coyle had silenced the partisan Ibrox crowd.</p>
<p>Ian Ross knocked the ball square and Coyle swept his left foot shot beyond goalkeeper Andy Dibble.</p>
<p>The underdogs almost extended their lead just 60 seconds later when Shaun McSkimming attempted a chip from 20 metres out which Dibble did well to tip over the bar.</p>
<p>The home side looked nervous and unimaginative and shortly before halftime the crowd was shouting for substitute Paul Gascoigne to come on.</p>
<p>The appearance of the England midfielder for the second half was greeted by roars of approval but Gascoigne's contribution proved a disappointment.</p>
<p>Wave after wave of Rangers attacks were soaked up by the Motherwell defence. Gascoigne missed Rangers' best chance on the hour when, clear through on goal, he poked his shot past goalkeeper Scott Howie but wide of the post.</p>
<p>The Ibrox faithful were stunned when Motherwell made sure of the win through a Coyle penalty seven minutes from time after a clumsy Ian Durrant challenge on Micky Weir in the box.</p>
<p>The dejected Rangers players were booed off at the end and it was a sad Ibrox farewell for captain Richard Gough who leaves for Kansas City Wizards in the U.S. Major Soccer League at the end of this season.</p>
</text>
<copyright>(c) Reuters Limited 1997</copyright>
<metadata>
<codes class="bip:countries:1.0">
  <code code="UK">
    <editdetail attribution="Reuters BIP Coding Group" action="confirmed" date="1997-05-05"/>
  </code>
</codes>
<codes class="bip:topics:1.0">
  <code code="GCAT">
    <editdetail attribution="Reuters BIP Coding Group" action="confirmed" date="1997-05-05"/>
  </code>
  <code code="GSPO">
    <editdetail attribution="Reuters BIP Coding Group" action="confirmed" date="1997-05-05"/>
  </code>
</codes>
<dc element="dc.date.created" value="1997-05-05"/>
<dc element="dc.publisher" value="Reuters Holdings Plc"/>
<dc element="dc.date.published" value="1997-05-05"/>
<dc element="dc.source" value="Reuters"/>
<dc element="dc.creator.location" value="GLASGOW"/>
<dc element="dc.creator.location.country.name" value="UK"/>
<dc element="dc.source" value="Reuters"/>
</metadata>
</newsitem>
