<?xml version="1.0" encoding="iso-8859-1" ?>
<newsitem itemid="558948" id="root" date="1997-05-05" xml:lang="en">
<title>UK: TABLE TENNIS-KONG LINGHUI AND LIU GUOLIANG WIN DOUBLES GOLD.</title>
<headline>TABLE TENNIS-KONG LINGHUI AND LIU GUOLIANG WIN DOUBLES GOLD.</headline>
<dateline>MANCHESTER, England 1997-05-05</dateline>
<text>
<p>Kong Linghui and Liu Guoliang of China won the men's doubles gold medal at the world table tennis championships on Monday while Jan-Ove Waldner and Jorgen Persson of Sweden collected the silver.</p>
</text>
<copyright>(c) Reuters Limited 1997</copyright>
<metadata>
<codes class="bip:countries:1.0">
  <code code="UK">
    <editdetail attribution="Reuters BIP Coding Group" action="confirmed" date="1997-05-05"/>
  </code>
</codes>
<codes class="bip:topics:1.0">
  <code code="GCAT">
    <editdetail attribution="Reuters BIP Coding Group" action="confirmed" date="1997-05-05"/>
  </code>
  <code code="GSPO">
    <editdetail attribution="Reuters BIP Coding Group" action="confirmed" date="1997-05-05"/>
  </code>
</codes>
<dc element="dc.date.created" value="1997-05-05"/>
<dc element="dc.publisher" value="Reuters Holdings Plc"/>
<dc element="dc.date.published" value="1997-05-05"/>
<dc element="dc.source" value="Reuters"/>
<dc element="dc.creator.location" value="MANCHESTER, England"/>
<dc element="dc.creator.location.country.name" value="UK"/>
<dc element="dc.source" value="Reuters"/>
</metadata>
</newsitem>
