<?xml version="1.0" encoding="iso-8859-1" ?>
<newsitem itemid="558950" id="root" date="1997-05-05" xml:lang="en">
<title>UK: TABLE TENNIS-DENG YAPING TAKES GOLD AT WORLD CHAMPIONSHIPS.</title>
<headline>TABLE TENNIS-DENG YAPING TAKES GOLD AT WORLD CHAMPIONSHIPS.</headline>
<dateline>MANCHESTER, England 1997-05-05</dateline>
<text>
<p>Deng Yaping of China won the women's singles gold at the world table tennis championships on Monday with compatriot Wang Nan taking the silver.</p>
</text>
<copyright>(c) Reuters Limited 1997</copyright>
<metadata>
<codes class="bip:countries:1.0">
  <code code="CHINA">
    <editdetail attribution="Reuters BIP Coding Group" action="confirmed" date="1997-05-05"/>
  </code>
  <code code="UK">
    <editdetail attribution="Reuters BIP Coding Group" action="confirmed" date="1997-05-05"/>
  </code>
</codes>
<codes class="bip:topics:1.0">
  <code code="GCAT">
    <editdetail attribution="Reuters BIP Coding Group" action="confirmed" date="1997-05-05"/>
  </code>
  <code code="GSPO">
    <editdetail attribution="Reuters BIP Coding Group" action="confirmed" date="1997-05-05"/>
  </code>
</codes>
<dc element="dc.date.created" value="1997-05-05"/>
<dc element="dc.publisher" value="Reuters Holdings Plc"/>
<dc element="dc.date.published" value="1997-05-05"/>
<dc element="dc.source" value="Reuters"/>
<dc element="dc.creator.location" value="MANCHESTER, England"/>
<dc element="dc.creator.location.country.name" value="UK"/>
<dc element="dc.source" value="Reuters"/>
</metadata>
</newsitem>
