<?xml version="1.0" encoding="iso-8859-1" ?>
<newsitem itemid="558913" id="root" date="1997-05-05" xml:lang="en">
<title>BELGIUM: EU lawyers study British govt's Social Chapter move.</title>
<headline>EU lawyers study British govt's Social Chapter move.</headline>
<byline>Suzanne Perry</byline>
<dateline>BRUSSELS 1997-05-05</dateline>
<text>
<p>An announcement by Britain's new Labour government that it is ready to sign the European Union's Social Chapter has sent lawyers scurrying to find out exactly how it should be done.</p>
<p>The government said on Sunday it would take the first steps toward adopting the text, officially known as the Social Protocol, at a meeting on Monday of the inter-governmental conference (IGC) which is preparing a new EU treaty.</p>
<p>But questions remain about whether it must wait for a new treaty to be signed and ratified by all 15 EU national parliaments or whether it can take the protocol's provisions on board more quickly.</p>
<p>Spokeswomen for the British government and the European Commission said lawyers were studying the question.</p>
<p>&quot;We are in the process of consulting the Legal Service of the Commission at the moment to see how this will be dealt with formally and if there's any way of accelerating the process,&quot; Commission spokeswoman Barbara Nolan told a news briefing.</p>
<p>The Social Protocol, attached as an annex to the Maastricht Treaty signed by EU countries in 1992, allows EU governments to bypass Britain and adopt labour laws in areas ranging from worker consultation to social security.</p>
<p>The Commission, the EU executive, has asked the IGC to integrate the protocol into the treaty proper, but had no chance of succeeding while Britain's Conservatives were in power.</p>
<p>Former prime minister John Major, defeated in last week's election, argued that laws adopted under the text would overburden industry and kill jobs.</p>
<p>The EU has adopted two laws under the Social Protocol so far -- the &quot;works council&quot; directive requiring big multinational companies to set up procedures for consulting their workers and the &quot;parental leave&quot; directive guaranteeing three months of unpaid leave to new parents, both male or female.</p>
<p>Nolan said nothing should prevent Britain from turning those directives into national law, whether or not it has officially signed on to the Social Protocol.</p>
<p>The works council directive is already in force, but governments have until June 3, 1998 to implement the parental leave directive.</p>
<p>Another question for the lawyers is whether Britain can take part immediately in negotiations on other legislation which has been proposed under the Social Protocol.</p>
<p>EU ministers are now debating a draft law, for example, which would require employers to share the burden of proof with plaintiffs in sex discrimination suits, with final agreement expected in the second half of the year.</p>
<p>&quot;These are the sort of technical issues we have to look at,&quot; Nolan said.</p>
</text>
<copyright>(c) Reuters Limited 1997</copyright>
<metadata>
<codes class="bip:countries:1.0">
  <code code="EEC">
    <editdetail attribution="Reuters BIP Coding Group" action="confirmed" date="1997-05-05"/>
  </code>
  <code code="UK">
    <editdetail attribution="Reuters BIP Coding Group" action="confirmed" date="1997-05-05"/>
  </code>
</codes>
<codes class="bip:topics:1.0">
  <code code="G15">
    <editdetail attribution="Reuters BIP Coding Group" action="confirmed" date="1997-05-05"/>
  </code>
  <code code="G151">
    <editdetail attribution="Reuters BIP Coding Group" action="confirmed" date="1997-05-05"/>
  </code>
  <code code="GCAT">
    <editdetail attribution="Reuters BIP Coding Group" action="confirmed" date="1997-05-05"/>
  </code>
  <code code="GPOL">
    <editdetail attribution="Reuters BIP Coding Group" action="confirmed" date="1997-05-05"/>
  </code>
</codes>
<dc element="dc.date.created" value="1997-05-05"/>
<dc element="dc.publisher" value="Reuters Holdings Plc"/>
<dc element="dc.date.published" value="1997-05-05"/>
<dc element="dc.source" value="Reuters"/>
<dc element="dc.creator.location" value="BRUSSELS"/>
<dc element="dc.creator.location.country.name" value="BELGIUM"/>
<dc element="dc.source" value="Reuters"/>
</metadata>
</newsitem>
