<?xml version="1.0" encoding="iso-8859-1" ?>
<newsitem itemid="558969" id="root" date="1997-05-05" xml:lang="en">
<title>UK: SOCCER-ENGLISH PREMIER LEAGUE SUMMARY.</title>
<headline>SOCCER-ENGLISH PREMIER LEAGUE SUMMARY.</headline>
<dateline>LONDON 1997-05-05</dateline>
<text>
<p>Summary of Monday's English premier</p>
<p>league soccer match:</p>
<p> Manchester United   3 - Keane 34, Neville 42,</p>
<p>				 Solskjaer 67</p>
<p> Middlesbrough	 3 - Juninho 15, Emerson 37,</p>
<p>				 Hignett 40</p>
<p>    HT: 2-3   Att: 54,489</p>
</text>
<copyright>(c) Reuters Limited 1997</copyright>
<metadata>
<codes class="bip:countries:1.0">
  <code code="UK">
    <editdetail attribution="Reuters BIP Coding Group" action="confirmed" date="1997-05-05"/>
  </code>
</codes>
<codes class="bip:topics:1.0">
  <code code="GCAT">
    <editdetail attribution="Reuters BIP Coding Group" action="confirmed" date="1997-05-05"/>
  </code>
  <code code="GSPO">
    <editdetail attribution="Reuters BIP Coding Group" action="confirmed" date="1997-05-05"/>
  </code>
</codes>
<dc element="dc.date.created" value="1997-05-05"/>
<dc element="dc.publisher" value="Reuters Holdings Plc"/>
<dc element="dc.date.published" value="1997-05-05"/>
<dc element="dc.source" value="Reuters"/>
<dc element="dc.creator.location" value="LONDON"/>
<dc element="dc.creator.location.country.name" value="UK"/>
<dc element="dc.source" value="Reuters"/>
</metadata>
</newsitem>
