<?xml version="1.0" encoding="iso-8859-1" ?>
<newsitem itemid="558912" id="root" date="1997-05-05" xml:lang="en">
<title>BELGIUM: UK pledges fresh start with Europe.</title>
<headline>UK pledges fresh start with Europe.</headline>
<dateline>BRUSSELS 1997-05-05</dateline>
<text>
<p>- Britain told its European Union partners on Monday it wanted a fresh start in relations and pledged to work with the EU not against it.</p>
<p>&quot;We want to work with you as colleagues in a shared enterprise. Not using the language of opponents. Europe, for the new Britsh government, is an opportunity, not a threat,&quot; Doug Henderson, Britain's new minister for Europe, told representatives of EU states meeting to negotiate a new EU treaty.  </p>
<p>In the first meeting between a new British minister and EU counterparts, Henderson said Britain wanted to make the European Union more democratic, more open and more relevant to ordinary people.</p>
<p>In direct contrast to the former ruling Conservatives he said the Labour government would end the British opt-out from the EU's Social chap;tger, agree to move to more qualified majority voting in certain areas and would support an employment chapter in the new EU treaty to be adopted in mid-June in Amsterdam.</p>
<p>He also indicated that Britain would work to find compromises with its partners in areas such as foreign policy and justice and home affairs.</p>
<p>But Henderson also made it clear in his presentation that Britain would maintain its border controls and said he hoped that the country's EU partners would show understanding in a number of areas in which Britain has concerns.</p>
</text>
<copyright>(c) Reuters Limited 1997</copyright>
<metadata>
<codes class="bip:countries:1.0">
  <code code="EEC">
    <editdetail attribution="Reuters BIP Coding Group" action="confirmed" date="1997-05-05"/>
  </code>
  <code code="UK">
    <editdetail attribution="Reuters BIP Coding Group" action="confirmed" date="1997-05-05"/>
  </code>
</codes>
<codes class="bip:topics:1.0">
  <code code="G15">
    <editdetail attribution="Reuters BIP Coding Group" action="confirmed" date="1997-05-05"/>
  </code>
  <code code="G155">
    <editdetail attribution="Reuters BIP Coding Group" action="confirmed" date="1997-05-05"/>
  </code>
  <code code="GCAT">
    <editdetail attribution="Reuters BIP Coding Group" action="confirmed" date="1997-05-05"/>
  </code>
  <code code="GDIP">
    <editdetail attribution="Reuters BIP Coding Group" action="confirmed" date="1997-05-05"/>
  </code>
  <code code="GPOL">
    <editdetail attribution="Reuters BIP Coding Group" action="confirmed" date="1997-05-05"/>
  </code>
</codes>
<dc element="dc.date.created" value="1997-05-05"/>
<dc element="dc.publisher" value="Reuters Holdings Plc"/>
<dc element="dc.date.published" value="1997-05-05"/>
<dc element="dc.source" value="Reuters"/>
<dc element="dc.creator.location" value="BRUSSELS"/>
<dc element="dc.creator.location.country.name" value="BELGIUM"/>
<dc element="dc.source" value="Reuters"/>
</metadata>
</newsitem>
