<?xml version="1.0" encoding="iso-8859-1" ?>
<newsitem itemid="559034" id="root" date="1997-05-05" xml:lang="en">
<title>ZIMBABWE: ZIMBABWE DOLLAR ENDS QUIET MONDAY MIXED.</title>
<headline>ZIMBABWE DOLLAR ENDS QUIET MONDAY MIXED.</headline>
<dateline>HARARE 1997-05-05</dateline>
<text>
<p>Zimbabwe's interbank market registered very thin trade on Monday with the local unit closing firmer on the U.S. dollar and the rand but softer against European currencies.</p>
<p>&quot;There were about two banks that ended up quite long -- I don't know where they got the money from -- and they were selling in the market,&quot; one dealer said.</p>
<p>&quot;But no-one really wanted the money so everyone was quoting low (exchange rates),&quot; he added.</p>
<p>The Zimbabwe dollar finished the day at 11.3085/3185 against the U.S. unit from 11.3150/3250 in the morning and late Friday and firmed to 2.5390/5585 from 2.5400/5600 on the rand.</p>
<p>Against sterling however it weakened to 18.3360/3590 from 18.2300/2500, tracking a softer U.S. dollar overseas and was at 6.5515/5590 from 6.5500/5700 versus the mark.</p>
<p>--Stella Mapenzauswa, Harare Newsroom: +263-4 72 52 27/8/9</p>
</text>
<copyright>(c) Reuters Limited 1997</copyright>
<metadata>
<codes class="bip:countries:1.0">
  <code code="ZIMBAB">
    <editdetail attribution="Reuters BIP Coding Group" action="confirmed" date="1997-05-05"/>
  </code>
</codes>
<codes class="bip:topics:1.0">
  <code code="M13">
    <editdetail attribution="Reuters BIP Coding Group" action="confirmed" date="1997-05-05"/>
  </code>
  <code code="M132">
    <editdetail attribution="Reuters BIP Coding Group" action="confirmed" date="1997-05-05"/>
  </code>
  <code code="MCAT">
    <editdetail attribution="Reuters BIP Coding Group" action="confirmed" date="1997-05-05"/>
  </code>
</codes>
<dc element="dc.date.created" value="1997-05-05"/>
<dc element="dc.publisher" value="Reuters Holdings Plc"/>
<dc element="dc.date.published" value="1997-05-05"/>
<dc element="dc.source" value="Reuters"/>
<dc element="dc.creator.location" value="HARARE"/>
<dc element="dc.creator.location.country.name" value="ZIMBABWE"/>
<dc element="dc.source" value="Reuters"/>
</metadata>
</newsitem>
