<?xml version="1.0" encoding="iso-8859-1" ?>
<newsitem itemid="559050" id="root" date="1997-05-05" xml:lang="en">
<title>HUNGARY: HUNGARY NOON RADIO HEADLINES - MAY 5.</title>
<headline>HUNGARY NOON RADIO HEADLINES - MAY 5.</headline>
<dateline>BUDAPEST 1997-05-05</dateline>
<text>
<p>These are the main headlines on Hungary's Kossuth Radio midday news. Reuters cannot vouch for their accuracy:</p>
<p>- A task group of the Socialists, the senior party of the ruling coalition, said the Constitutional Court should lose its right for vetoing laws before they take affect.</p>
<p>- Unknown fraudsters sent letters to many people, saying that the Finance Ministry would regard their past as tax-payers clear if they paid 76,000 forints to a banking account.</p>
<p>- Representatives of handicapped people demand that the parliament should pass a law within one year to guarantee their equality with other people.</p>
<p>- Metesz, an organisation of farmers, plans to resume demonstrations in protest over the government's agricultural and tax policies, a daily paper said.</p>
<p>-- Budapest newsroom +36 1 327 4040</p>
</text>
<copyright>(c) Reuters Limited 1997</copyright>
<metadata>
<codes class="bip:countries:1.0">
  <code code="HUNG">
    <editdetail attribution="Reuters BIP Coding Group" action="confirmed" date="1997-05-05"/>
  </code>
</codes>
<codes class="bip:topics:1.0">
  <code code="GCAT">
    <editdetail attribution="Reuters BIP Coding Group" action="confirmed" date="1997-05-05"/>
  </code>
</codes>
<dc element="dc.date.created" value="1997-05-05"/>
<dc element="dc.publisher" value="Reuters Holdings Plc"/>
<dc element="dc.date.published" value="1997-05-05"/>
<dc element="dc.source" value="Reuters"/>
<dc element="dc.creator.location" value="BUDAPEST"/>
<dc element="dc.creator.location.country.name" value="HUNGARY"/>
<dc element="dc.source" value="Reuters"/>
</metadata>
</newsitem>
