<?xml version="1.0" encoding="iso-8859-1" ?>
<newsitem itemid="559096" id="root" date="1997-05-05" xml:lang="en">
<title>LATVIA: C.BANK KEEPS 31-DAY DEPOSIT RATE AT 1.5 PCT.</title>
<headline>C.BANK KEEPS 31-DAY DEPOSIT RATE AT 1.5 PCT.</headline>
<dateline>RIGA 1997-05-05</dateline>
<text>
<p>The central bank on Monday said it would accept deposits for 31 days on May 12 at an unchanged 1.5 percent.</p>
<p>The previous rate cut was at the start of April, when the 31-day rate was reduced by 0.5 percent to the present level.</p>
<p>The bank said in a statement that the payment date for the new round of 31-day deposits is June 12.</p>
<p>-- Riga newsroom, +371 721 5240</p>
</text>
<copyright>(c) Reuters Limited 1997</copyright>
<metadata>
<codes class="bip:countries:1.0">
  <code code="LATV">
    <editdetail attribution="Reuters BIP Coding Group" action="confirmed" date="1997-05-05"/>
  </code>
</codes>
<codes class="bip:topics:1.0">
  <code code="M13">
    <editdetail attribution="Reuters BIP Coding Group" action="confirmed" date="1997-05-05"/>
  </code>
  <code code="M131">
    <editdetail attribution="Reuters BIP Coding Group" action="confirmed" date="1997-05-05"/>
  </code>
  <code code="MCAT">
    <editdetail attribution="Reuters BIP Coding Group" action="confirmed" date="1997-05-05"/>
  </code>
</codes>
<dc element="dc.date.created" value="1997-05-05"/>
<dc element="dc.publisher" value="Reuters Holdings Plc"/>
<dc element="dc.date.published" value="1997-05-05"/>
<dc element="dc.source" value="Reuters"/>
<dc element="dc.creator.location" value="RIGA"/>
<dc element="dc.creator.location.country.name" value="LATVIA"/>
<dc element="dc.source" value="Reuters"/>
</metadata>
</newsitem>
